
Root grid = 2 x 2 x 2 MeshBlocks
Total number of MeshBlocks = 456
Number of logical  levels of refinement = 9 (10 levels total)
Number of physical levels of refinement = 8 (9 levels total)
  Physical level = 1 (logical level = 2): 56 MeshBlocks, cost = 56
  Physical level = 2 (logical level = 3): 56 MeshBlocks, cost = 56
  Physical level = 3 (logical level = 4): 56 MeshBlocks, cost = 56
  Physical level = 4 (logical level = 5): 56 MeshBlocks, cost = 56
  Physical level = 5 (logical level = 6): 56 MeshBlocks, cost = 56
  Physical level = 6 (logical level = 7): 56 MeshBlocks, cost = 56
  Physical level = 7 (logical level = 8): 56 MeshBlocks, cost = 56
  Physical level = 8 (logical level = 9): 64 MeshBlocks, cost = 64
Number of parallel ranks = 1
Research qualification execution backend: Cuda

Setup complete, executing task list(s)...

elapsed=6.586741e-01 cycle=3034 time=2.047274e+00 dt=6.721204e-04
elapsed=1.214612e+00 cycle=3035 time=2.047946e+00 dt=6.721183e-04
elapsed=1.756923e+00 cycle=3036 time=2.048618e+00 dt=6.721161e-04
elapsed=2.296348e+00 cycle=3037 time=2.049290e+00 dt=6.721140e-04
elapsed=2.835282e+00 cycle=3038 time=2.049962e+00 dt=6.721118e-04
elapsed=3.364337e+00 cycle=3039 time=2.050634e+00 dt=6.721097e-04
elapsed=3.896845e+00 cycle=3040 time=2.051307e+00 dt=6.721075e-04
elapsed=4.424388e+00 cycle=3041 time=2.051979e+00 dt=6.721054e-04
elapsed=4.974884e+00 cycle=3042 time=2.052651e+00 dt=6.721032e-04
elapsed=5.520744e+00 cycle=3043 time=2.053323e+00 dt=6.721011e-04
elapsed=6.069486e+00 cycle=3044 time=2.053995e+00 dt=6.720989e-04
elapsed=6.639342e+00 cycle=3045 time=2.054667e+00 dt=6.720967e-04
elapsed=7.172730e+00 cycle=3046 time=2.055339e+00 dt=6.720946e-04
elapsed=7.705757e+00 cycle=3047 time=2.056011e+00 dt=6.720924e-04
elapsed=8.226704e+00 cycle=3048 time=2.056683e+00 dt=6.720903e-04
elapsed=8.756436e+00 cycle=3049 time=2.057355e+00 dt=6.720881e-04
elapsed=9.302057e+00 cycle=3050 time=2.058027e+00 dt=6.720860e-04
elapsed=9.836638e+00 cycle=3051 time=2.058700e+00 dt=6.720838e-04
elapsed=1.037540e+01 cycle=3052 time=2.059372e+00 dt=6.720817e-04
elapsed=1.090682e+01 cycle=3053 time=2.060044e+00 dt=6.720795e-04
elapsed=1.143724e+01 cycle=3054 time=2.060716e+00 dt=6.720773e-04
elapsed=1.196321e+01 cycle=3055 time=2.061388e+00 dt=6.720752e-04
elapsed=1.248244e+01 cycle=3056 time=2.062060e+00 dt=6.720730e-04
elapsed=1.301753e+01 cycle=3057 time=2.062732e+00 dt=6.720709e-04
elapsed=1.355348e+01 cycle=3058 time=2.063404e+00 dt=6.720687e-04
elapsed=1.409375e+01 cycle=3059 time=2.064076e+00 dt=6.720666e-04
elapsed=1.463149e+01 cycle=3060 time=2.064748e+00 dt=6.720644e-04
elapsed=1.515018e+01 cycle=3061 time=2.065420e+00 dt=6.720622e-04
elapsed=1.567112e+01 cycle=3062 time=2.066092e+00 dt=6.720601e-04
elapsed=1.619368e+01 cycle=3063 time=2.066764e+00 dt=6.720579e-04
elapsed=1.673418e+01 cycle=3064 time=2.067437e+00 dt=6.720557e-04
elapsed=1.727146e+01 cycle=3065 time=2.068109e+00 dt=6.720536e-04
elapsed=1.781180e+01 cycle=3066 time=2.068781e+00 dt=6.720514e-04
elapsed=1.836659e+01 cycle=3067 time=2.069453e+00 dt=6.720493e-04
elapsed=1.890096e+01 cycle=3068 time=2.070125e+00 dt=6.720471e-04
elapsed=1.942349e+01 cycle=3069 time=2.070797e+00 dt=6.720449e-04
elapsed=1.994537e+01 cycle=3070 time=2.071469e+00 dt=6.720428e-04
elapsed=2.046379e+01 cycle=3071 time=2.072141e+00 dt=6.720406e-04
elapsed=2.100177e+01 cycle=3072 time=2.072813e+00 dt=6.720384e-04
elapsed=2.153793e+01 cycle=3073 time=2.073485e+00 dt=6.720363e-04
elapsed=2.207757e+01 cycle=3074 time=2.074157e+00 dt=6.720341e-04
elapsed=2.261738e+01 cycle=3075 time=2.074829e+00 dt=6.720319e-04
elapsed=2.313929e+01 cycle=3076 time=2.075501e+00 dt=6.720298e-04
elapsed=2.365720e+01 cycle=3077 time=2.076173e+00 dt=6.720276e-04
elapsed=2.417570e+01 cycle=3078 time=2.076845e+00 dt=6.720254e-04
elapsed=2.471743e+01 cycle=3079 time=2.077517e+00 dt=6.720233e-04
elapsed=2.527436e+01 cycle=3080 time=2.078189e+00 dt=6.720211e-04
elapsed=2.583582e+01 cycle=3081 time=2.078861e+00 dt=6.720189e-04
elapsed=2.637695e+01 cycle=3082 time=2.079533e+00 dt=6.720167e-04
elapsed=2.691094e+01 cycle=3083 time=2.080205e+00 dt=6.720146e-04
elapsed=2.743250e+01 cycle=3084 time=2.080877e+00 dt=6.720124e-04
elapsed=2.795152e+01 cycle=3085 time=2.081549e+00 dt=6.720102e-04
elapsed=2.846996e+01 cycle=3086 time=2.082221e+00 dt=6.720081e-04
elapsed=2.901170e+01 cycle=3087 time=2.082893e+00 dt=6.720059e-04
elapsed=2.954729e+01 cycle=3088 time=2.083565e+00 dt=6.720037e-04
elapsed=3.008974e+01 cycle=3089 time=2.084237e+00 dt=6.720015e-04
elapsed=3.063337e+01 cycle=3090 time=2.084909e+00 dt=6.719994e-04
elapsed=3.115879e+01 cycle=3091 time=2.085581e+00 dt=6.719972e-04
elapsed=3.168192e+01 cycle=3092 time=2.086253e+00 dt=6.719950e-04
elapsed=3.220060e+01 cycle=3093 time=2.086925e+00 dt=6.719928e-04
elapsed=3.272862e+01 cycle=3094 time=2.087597e+00 dt=6.719906e-04
elapsed=3.326692e+01 cycle=3095 time=2.088269e+00 dt=6.719885e-04
elapsed=3.383385e+01 cycle=3096 time=2.088941e+00 dt=6.719863e-04
elapsed=3.439898e+01 cycle=3097 time=2.089613e+00 dt=6.719841e-04
elapsed=3.493345e+01 cycle=3098 time=2.090285e+00 dt=6.719819e-04
elapsed=3.545564e+01 cycle=3099 time=2.090957e+00 dt=6.719798e-04
elapsed=3.597813e+01 cycle=3100 time=2.091629e+00 dt=6.719776e-04
elapsed=3.659927e+01 cycle=3101 time=2.092301e+00 dt=6.719754e-04
elapsed=3.716076e+01 cycle=3102 time=2.092973e+00 dt=6.719732e-04
elapsed=3.771888e+01 cycle=3103 time=2.093645e+00 dt=6.719710e-04
elapsed=3.827869e+01 cycle=3104 time=2.094317e+00 dt=6.719688e-04
elapsed=3.882671e+01 cycle=3105 time=2.094989e+00 dt=6.719667e-04
elapsed=3.935169e+01 cycle=3106 time=2.095661e+00 dt=6.719645e-04
elapsed=3.987687e+01 cycle=3107 time=2.096333e+00 dt=6.719623e-04
elapsed=4.040463e+01 cycle=3108 time=2.097005e+00 dt=6.719601e-04
elapsed=4.093672e+01 cycle=3109 time=2.097677e+00 dt=6.719579e-04
elapsed=4.147159e+01 cycle=3110 time=2.098349e+00 dt=6.719557e-04
elapsed=4.201121e+01 cycle=3111 time=2.099021e+00 dt=6.719536e-04
elapsed=4.254315e+01 cycle=3112 time=2.099693e+00 dt=6.719514e-04
elapsed=4.307337e+01 cycle=3113 time=2.100365e+00 dt=6.719492e-04
elapsed=4.360048e+01 cycle=3114 time=2.101037e+00 dt=6.719470e-04
elapsed=4.412480e+01 cycle=3115 time=2.101709e+00 dt=6.719448e-04
elapsed=4.464821e+01 cycle=3116 time=2.102381e+00 dt=6.719426e-04
elapsed=4.518898e+01 cycle=3117 time=2.103052e+00 dt=6.719404e-04
elapsed=4.572834e+01 cycle=3118 time=2.103724e+00 dt=6.719382e-04
elapsed=4.627229e+01 cycle=3119 time=2.104396e+00 dt=6.719360e-04
elapsed=4.681754e+01 cycle=3120 time=2.105068e+00 dt=6.719339e-04
elapsed=4.734494e+01 cycle=3121 time=2.105740e+00 dt=6.719317e-04
elapsed=4.787180e+01 cycle=3122 time=2.106412e+00 dt=6.719295e-04
elapsed=4.839997e+01 cycle=3123 time=2.107084e+00 dt=6.719273e-04
elapsed=4.893230e+01 cycle=3124 time=2.107756e+00 dt=6.719251e-04
elapsed=4.957643e+01 cycle=3125 time=2.108428e+00 dt=6.719229e-04
elapsed=5.012529e+01 cycle=3126 time=2.109100e+00 dt=6.719207e-04
elapsed=5.067685e+01 cycle=3127 time=2.109772e+00 dt=6.719185e-04
elapsed=5.121114e+01 cycle=3128 time=2.110444e+00 dt=6.719163e-04
elapsed=5.173811e+01 cycle=3129 time=2.111116e+00 dt=6.719141e-04
elapsed=5.226246e+01 cycle=3130 time=2.111788e+00 dt=6.719119e-04
elapsed=5.278545e+01 cycle=3131 time=2.112459e+00 dt=6.719097e-04
elapsed=5.332888e+01 cycle=3132 time=2.113131e+00 dt=6.719075e-04
elapsed=5.387858e+01 cycle=3133 time=2.113803e+00 dt=6.719053e-04
elapsed=5.443106e+01 cycle=3134 time=2.114475e+00 dt=6.719031e-04
elapsed=5.496522e+01 cycle=3135 time=2.115147e+00 dt=6.719009e-04
elapsed=5.548726e+01 cycle=3136 time=2.115819e+00 dt=6.718987e-04
elapsed=5.600685e+01 cycle=3137 time=2.116491e+00 dt=6.718965e-04
elapsed=5.652712e+01 cycle=3138 time=2.117163e+00 dt=6.718943e-04
elapsed=5.706862e+01 cycle=3139 time=2.117835e+00 dt=6.718921e-04
elapsed=5.762711e+01 cycle=3140 time=2.118507e+00 dt=6.718899e-04
elapsed=5.818343e+01 cycle=3141 time=2.119178e+00 dt=6.718877e-04
elapsed=5.873375e+01 cycle=3142 time=2.119850e+00 dt=6.718855e-04
elapsed=5.927604e+01 cycle=3143 time=2.120522e+00 dt=6.718833e-04
elapsed=5.981372e+01 cycle=3144 time=2.121194e+00 dt=6.718811e-04
elapsed=6.034280e+01 cycle=3145 time=2.121866e+00 dt=6.718789e-04
elapsed=6.088424e+01 cycle=3146 time=2.122538e+00 dt=6.718767e-04
elapsed=6.143153e+01 cycle=3147 time=2.123210e+00 dt=6.718745e-04
elapsed=6.197750e+01 cycle=3148 time=2.123882e+00 dt=6.718723e-04
elapsed=6.251865e+01 cycle=3149 time=2.124553e+00 dt=6.718701e-04
elapsed=6.305901e+01 cycle=3150 time=2.125225e+00 dt=6.718679e-04
elapsed=6.358799e+01 cycle=3151 time=2.125897e+00 dt=6.718657e-04
elapsed=6.410853e+01 cycle=3152 time=2.126569e+00 dt=6.718635e-04
elapsed=6.462864e+01 cycle=3153 time=2.127241e+00 dt=6.718613e-04
elapsed=6.515926e+01 cycle=3154 time=2.127913e+00 dt=6.718591e-04
elapsed=6.569546e+01 cycle=3155 time=2.128585e+00 dt=6.718569e-04
elapsed=6.623861e+01 cycle=3156 time=2.129257e+00 dt=6.718546e-04
elapsed=6.679158e+01 cycle=3157 time=2.129928e+00 dt=6.718524e-04
elapsed=6.732145e+01 cycle=3158 time=2.130600e+00 dt=6.718502e-04
elapsed=6.784431e+01 cycle=3159 time=2.131272e+00 dt=6.718480e-04
elapsed=6.836638e+01 cycle=3160 time=2.131944e+00 dt=6.718458e-04
elapsed=6.889063e+01 cycle=3161 time=2.132616e+00 dt=6.718436e-04
elapsed=6.943674e+01 cycle=3162 time=2.133288e+00 dt=6.718414e-04
elapsed=6.997745e+01 cycle=3163 time=2.133959e+00 dt=6.718392e-04
elapsed=7.052200e+01 cycle=3164 time=2.134631e+00 dt=6.718370e-04
elapsed=7.106049e+01 cycle=3165 time=2.135303e+00 dt=6.718347e-04
elapsed=7.158060e+01 cycle=3166 time=2.135975e+00 dt=6.718325e-04
elapsed=7.209878e+01 cycle=3167 time=2.136647e+00 dt=6.718303e-04
elapsed=7.261786e+01 cycle=3168 time=2.137319e+00 dt=6.718281e-04
elapsed=7.316167e+01 cycle=3169 time=2.137990e+00 dt=6.718259e-04
elapsed=7.371646e+01 cycle=3170 time=2.138662e+00 dt=6.718237e-04
elapsed=7.426331e+01 cycle=3171 time=2.139334e+00 dt=6.718214e-04
elapsed=7.480607e+01 cycle=3172 time=2.140006e+00 dt=6.718192e-04
elapsed=7.533056e+01 cycle=3173 time=2.140678e+00 dt=6.718170e-04
elapsed=7.586072e+01 cycle=3174 time=2.141350e+00 dt=6.718148e-04
elapsed=7.638430e+01 cycle=3175 time=2.142021e+00 dt=6.718126e-04
elapsed=7.691401e+01 cycle=3176 time=2.142693e+00 dt=6.718104e-04
elapsed=7.745499e+01 cycle=3177 time=2.143365e+00 dt=6.718081e-04
elapsed=7.799959e+01 cycle=3178 time=2.144037e+00 dt=6.718059e-04
elapsed=7.854226e+01 cycle=3179 time=2.144709e+00 dt=6.718037e-04
elapsed=7.908557e+01 cycle=3180 time=2.145380e+00 dt=6.718015e-04
elapsed=7.961220e+01 cycle=3181 time=2.146052e+00 dt=6.717992e-04
elapsed=8.013876e+01 cycle=3182 time=2.146724e+00 dt=6.717970e-04
elapsed=8.068024e+01 cycle=3183 time=2.147396e+00 dt=6.717948e-04
elapsed=8.122686e+01 cycle=3184 time=2.148068e+00 dt=6.717926e-04
elapsed=8.178153e+01 cycle=3185 time=2.148739e+00 dt=6.717904e-04
elapsed=8.233789e+01 cycle=3186 time=2.149411e+00 dt=6.717881e-04
elapsed=8.288728e+01 cycle=3187 time=2.150083e+00 dt=6.717859e-04
elapsed=8.341573e+01 cycle=3188 time=2.150755e+00 dt=6.717837e-04
elapsed=8.393773e+01 cycle=3189 time=2.151427e+00 dt=6.717815e-04
elapsed=8.446066e+01 cycle=3190 time=2.152098e+00 dt=6.717792e-04
elapsed=8.499543e+01 cycle=3191 time=2.152770e+00 dt=6.717770e-04
elapsed=8.556073e+01 cycle=3192 time=2.153442e+00 dt=6.717748e-04
elapsed=8.611583e+01 cycle=3193 time=2.154114e+00 dt=6.717725e-04
elapsed=8.665611e+01 cycle=3194 time=2.154785e+00 dt=6.717703e-04
elapsed=8.718818e+01 cycle=3195 time=2.155457e+00 dt=6.717681e-04
elapsed=8.770119e+01 cycle=3196 time=2.156129e+00 dt=6.717659e-04
elapsed=8.822411e+01 cycle=3197 time=2.156801e+00 dt=6.717636e-04
elapsed=8.875238e+01 cycle=3198 time=2.157473e+00 dt=6.717614e-04
elapsed=8.930782e+01 cycle=3199 time=2.158144e+00 dt=6.717592e-04
elapsed=8.988332e+01 cycle=3200 time=2.158816e+00 dt=6.717569e-04
elapsed=9.042752e+01 cycle=3201 time=2.159488e+00 dt=6.717547e-04
elapsed=9.097290e+01 cycle=3202 time=2.160160e+00 dt=6.717525e-04
elapsed=9.150721e+01 cycle=3203 time=2.160831e+00 dt=6.717502e-04
elapsed=9.203455e+01 cycle=3204 time=2.161503e+00 dt=6.717480e-04
elapsed=9.256844e+01 cycle=3205 time=2.162175e+00 dt=6.717458e-04
elapsed=9.310235e+01 cycle=3206 time=2.162847e+00 dt=6.717435e-04
elapsed=9.364217e+01 cycle=3207 time=2.163518e+00 dt=6.717413e-04
elapsed=9.419326e+01 cycle=3208 time=2.164190e+00 dt=6.717390e-04
elapsed=9.475092e+01 cycle=3209 time=2.164862e+00 dt=6.717368e-04
elapsed=9.548810e+01 cycle=3210 time=2.165533e+00 dt=6.717346e-04
elapsed=9.601678e+01 cycle=3211 time=2.166205e+00 dt=6.717323e-04
elapsed=9.654045e+01 cycle=3212 time=2.166877e+00 dt=6.717301e-04
elapsed=9.706546e+01 cycle=3213 time=2.167549e+00 dt=6.717279e-04
elapsed=9.761662e+01 cycle=3214 time=2.168220e+00 dt=6.717256e-04
elapsed=9.815718e+01 cycle=3215 time=2.168892e+00 dt=6.717234e-04
elapsed=9.870281e+01 cycle=3216 time=2.169564e+00 dt=6.717211e-04
elapsed=9.925252e+01 cycle=3217 time=2.170236e+00 dt=6.717189e-04
elapsed=9.978419e+01 cycle=3218 time=2.170907e+00 dt=6.717167e-04
elapsed=1.003127e+02 cycle=3219 time=2.171579e+00 dt=6.717144e-04
elapsed=1.008349e+02 cycle=3220 time=2.172251e+00 dt=6.717122e-04
elapsed=1.013755e+02 cycle=3221 time=2.172922e+00 dt=6.717099e-04
elapsed=1.019313e+02 cycle=3222 time=2.173594e+00 dt=6.717077e-04
elapsed=1.024922e+02 cycle=3223 time=2.174266e+00 dt=6.717054e-04
elapsed=1.030392e+02 cycle=3224 time=2.174938e+00 dt=6.717032e-04
elapsed=1.035762e+02 cycle=3225 time=2.175609e+00 dt=6.717009e-04
elapsed=1.041080e+02 cycle=3226 time=2.176281e+00 dt=6.716987e-04
elapsed=1.046356e+02 cycle=3227 time=2.176953e+00 dt=6.716965e-04
elapsed=1.051570e+02 cycle=3228 time=2.177624e+00 dt=6.716942e-04
elapsed=1.057074e+02 cycle=3229 time=2.178296e+00 dt=6.716920e-04
elapsed=1.062589e+02 cycle=3230 time=2.178968e+00 dt=6.716897e-04
elapsed=1.068018e+02 cycle=3231 time=2.179639e+00 dt=6.716875e-04
elapsed=1.073606e+02 cycle=3232 time=2.180311e+00 dt=6.716852e-04
elapsed=1.078854e+02 cycle=3233 time=2.180983e+00 dt=6.716830e-04
elapsed=1.084061e+02 cycle=3234 time=2.181655e+00 dt=6.716807e-04
elapsed=1.089356e+02 cycle=3235 time=2.182326e+00 dt=6.716785e-04
elapsed=1.094640e+02 cycle=3236 time=2.182998e+00 dt=6.716762e-04
elapsed=1.100005e+02 cycle=3237 time=2.183670e+00 dt=6.716740e-04
elapsed=1.105471e+02 cycle=3238 time=2.184341e+00 dt=6.716717e-04
elapsed=1.110932e+02 cycle=3239 time=2.185013e+00 dt=6.716695e-04
elapsed=1.116306e+02 cycle=3240 time=2.185685e+00 dt=6.716672e-04
elapsed=1.121578e+02 cycle=3241 time=2.186356e+00 dt=6.716649e-04
elapsed=1.126795e+02 cycle=3242 time=2.187028e+00 dt=6.716627e-04
elapsed=1.132069e+02 cycle=3243 time=2.187700e+00 dt=6.716604e-04
elapsed=1.137811e+02 cycle=3244 time=2.188371e+00 dt=6.716582e-04
elapsed=1.143695e+02 cycle=3245 time=2.189043e+00 dt=6.716559e-04
elapsed=1.149145e+02 cycle=3246 time=2.189715e+00 dt=6.716537e-04
elapsed=1.154577e+02 cycle=3247 time=2.190386e+00 dt=6.716514e-04
elapsed=1.159797e+02 cycle=3248 time=2.191058e+00 dt=6.716492e-04
elapsed=1.164994e+02 cycle=3249 time=2.191729e+00 dt=6.716469e-04
elapsed=1.170173e+02 cycle=3250 time=2.192401e+00 dt=6.716446e-04
elapsed=1.175638e+02 cycle=3251 time=2.193073e+00 dt=6.716424e-04
elapsed=1.181168e+02 cycle=3252 time=2.193744e+00 dt=6.716401e-04
elapsed=1.186646e+02 cycle=3253 time=2.194416e+00 dt=6.716379e-04
elapsed=1.192109e+02 cycle=3254 time=2.195088e+00 dt=6.716356e-04
elapsed=1.197505e+02 cycle=3255 time=2.195759e+00 dt=6.716333e-04
elapsed=1.202706e+02 cycle=3256 time=2.196431e+00 dt=6.716311e-04
elapsed=1.207906e+02 cycle=3257 time=2.197103e+00 dt=6.716288e-04
elapsed=1.213079e+02 cycle=3258 time=2.197774e+00 dt=6.716265e-04
elapsed=1.218415e+02 cycle=3259 time=2.198446e+00 dt=6.716243e-04
elapsed=1.223779e+02 cycle=3260 time=2.199117e+00 dt=6.716220e-04
elapsed=1.229251e+02 cycle=3261 time=2.199789e+00 dt=6.716198e-04
elapsed=1.235039e+02 cycle=3262 time=2.200461e+00 dt=6.716175e-04
elapsed=1.240309e+02 cycle=3263 time=2.201132e+00 dt=6.716152e-04
elapsed=1.245570e+02 cycle=3264 time=2.201804e+00 dt=6.716130e-04
elapsed=1.250814e+02 cycle=3265 time=2.202476e+00 dt=6.716107e-04
elapsed=1.256256e+02 cycle=3266 time=2.203147e+00 dt=6.716084e-04
elapsed=1.261793e+02 cycle=3267 time=2.203819e+00 dt=6.716062e-04
elapsed=1.267249e+02 cycle=3268 time=2.204490e+00 dt=6.716039e-04
elapsed=1.272657e+02 cycle=3269 time=2.205162e+00 dt=6.716016e-04
elapsed=1.278077e+02 cycle=3270 time=2.205834e+00 dt=6.715993e-04
elapsed=1.283378e+02 cycle=3271 time=2.206505e+00 dt=6.715971e-04
elapsed=1.288709e+02 cycle=3272 time=2.207177e+00 dt=6.715948e-04
elapsed=1.293923e+02 cycle=3273 time=2.207848e+00 dt=6.715925e-04
elapsed=1.299464e+02 cycle=3274 time=2.208520e+00 dt=6.715903e-04
elapsed=1.305060e+02 cycle=3275 time=2.209192e+00 dt=6.715880e-04
elapsed=1.310465e+02 cycle=3276 time=2.209863e+00 dt=6.715857e-04
elapsed=1.315882e+02 cycle=3277 time=2.210535e+00 dt=6.715834e-04
elapsed=1.321113e+02 cycle=3278 time=2.211206e+00 dt=6.715812e-04
elapsed=1.326355e+02 cycle=3279 time=2.211878e+00 dt=6.715789e-04
elapsed=1.331597e+02 cycle=3280 time=2.212549e+00 dt=6.715766e-04
elapsed=1.336938e+02 cycle=3281 time=2.213221e+00 dt=6.715743e-04
elapsed=1.342378e+02 cycle=3282 time=2.213893e+00 dt=6.715721e-04
elapsed=1.347849e+02 cycle=3283 time=2.214564e+00 dt=6.715698e-04
elapsed=1.353297e+02 cycle=3284 time=2.215236e+00 dt=6.715675e-04
elapsed=1.358650e+02 cycle=3285 time=2.215907e+00 dt=6.715652e-04
elapsed=1.363916e+02 cycle=3286 time=2.216579e+00 dt=6.715630e-04
elapsed=1.369197e+02 cycle=3287 time=2.217250e+00 dt=6.715607e-04
elapsed=1.374461e+02 cycle=3288 time=2.217922e+00 dt=6.715584e-04
elapsed=1.380013e+02 cycle=3289 time=2.218594e+00 dt=6.715561e-04
elapsed=1.385663e+02 cycle=3290 time=2.219265e+00 dt=6.715538e-04
elapsed=1.391130e+02 cycle=3291 time=2.219937e+00 dt=6.715516e-04
elapsed=1.396599e+02 cycle=3292 time=2.220608e+00 dt=6.715493e-04
elapsed=1.401880e+02 cycle=3293 time=2.221280e+00 dt=6.715470e-04
elapsed=1.407128e+02 cycle=3294 time=2.221951e+00 dt=6.715447e-04
elapsed=1.412413e+02 cycle=3295 time=2.222623e+00 dt=6.715424e-04
elapsed=1.417847e+02 cycle=3296 time=2.223294e+00 dt=6.715402e-04
elapsed=1.423380e+02 cycle=3297 time=2.223966e+00 dt=6.715379e-04
elapsed=1.429113e+02 cycle=3298 time=2.224638e+00 dt=6.715356e-04
elapsed=1.434586e+02 cycle=3299 time=2.225309e+00 dt=6.715333e-04
elapsed=1.439929e+02 cycle=3300 time=2.225981e+00 dt=6.715310e-04
elapsed=1.445187e+02 cycle=3301 time=2.226652e+00 dt=6.715287e-04
elapsed=1.450427e+02 cycle=3302 time=2.227324e+00 dt=6.715264e-04
elapsed=1.455676e+02 cycle=3303 time=2.227995e+00 dt=6.715242e-04
elapsed=1.461248e+02 cycle=3304 time=2.228667e+00 dt=6.715219e-04
elapsed=1.466876e+02 cycle=3305 time=2.229338e+00 dt=6.715196e-04
elapsed=1.472253e+02 cycle=3306 time=2.230010e+00 dt=6.715173e-04
elapsed=1.477667e+02 cycle=3307 time=2.230681e+00 dt=6.715150e-04
elapsed=1.482867e+02 cycle=3308 time=2.231353e+00 dt=6.715127e-04
elapsed=1.488084e+02 cycle=3309 time=2.232024e+00 dt=6.715104e-04
elapsed=1.493250e+02 cycle=3310 time=2.232696e+00 dt=6.715081e-04
elapsed=1.498628e+02 cycle=3311 time=2.233367e+00 dt=6.715058e-04
elapsed=1.504217e+02 cycle=3312 time=2.234039e+00 dt=6.715035e-04
elapsed=1.509677e+02 cycle=3313 time=2.234710e+00 dt=6.715012e-04
elapsed=1.515152e+02 cycle=3314 time=2.235382e+00 dt=6.714990e-04
elapsed=1.520495e+02 cycle=3315 time=2.236053e+00 dt=6.714967e-04
elapsed=1.525720e+02 cycle=3316 time=2.236725e+00 dt=6.714944e-04
elapsed=1.530933e+02 cycle=3317 time=2.237396e+00 dt=6.714921e-04
elapsed=1.536165e+02 cycle=3318 time=2.238068e+00 dt=6.714898e-04
elapsed=1.542025e+02 cycle=3319 time=2.238739e+00 dt=6.714875e-04
elapsed=1.547859e+02 cycle=3320 time=2.239411e+00 dt=6.714852e-04
elapsed=1.553287e+02 cycle=3321 time=2.240082e+00 dt=6.714829e-04
elapsed=1.558694e+02 cycle=3322 time=2.240754e+00 dt=6.714806e-04
elapsed=1.563918e+02 cycle=3323 time=2.241425e+00 dt=6.714783e-04
elapsed=1.569126e+02 cycle=3324 time=2.242097e+00 dt=6.714760e-04
elapsed=1.574313e+02 cycle=3325 time=2.242768e+00 dt=6.714737e-04
elapsed=1.579662e+02 cycle=3326 time=2.243440e+00 dt=6.714714e-04
elapsed=1.585218e+02 cycle=3327 time=2.244111e+00 dt=6.714691e-04
elapsed=1.590754e+02 cycle=3328 time=2.244783e+00 dt=6.714668e-04
elapsed=1.596191e+02 cycle=3329 time=2.245454e+00 dt=6.714645e-04
elapsed=1.601443e+02 cycle=3330 time=2.246126e+00 dt=6.714622e-04
elapsed=1.606642e+02 cycle=3331 time=2.246797e+00 dt=6.714599e-04
elapsed=1.611868e+02 cycle=3332 time=2.247468e+00 dt=6.714576e-04
elapsed=1.617169e+02 cycle=3333 time=2.248140e+00 dt=6.714553e-04
elapsed=1.622644e+02 cycle=3334 time=2.248811e+00 dt=6.714530e-04
elapsed=1.628260e+02 cycle=3335 time=2.249483e+00 dt=6.714507e-04
elapsed=1.633805e+02 cycle=3336 time=2.250154e+00 dt=6.714484e-04
elapsed=1.639240e+02 cycle=3337 time=2.250826e+00 dt=6.714461e-04
elapsed=1.644519e+02 cycle=3338 time=2.251497e+00 dt=6.714437e-04
elapsed=1.649811e+02 cycle=3339 time=2.252169e+00 dt=6.714414e-04
elapsed=1.655013e+02 cycle=3340 time=2.252840e+00 dt=6.714391e-04
elapsed=1.660414e+02 cycle=3341 time=2.253511e+00 dt=6.714368e-04
elapsed=1.665779e+02 cycle=3342 time=2.254183e+00 dt=6.714345e-04
elapsed=1.671232e+02 cycle=3343 time=2.254854e+00 dt=6.714322e-04
elapsed=1.676699e+02 cycle=3344 time=2.255526e+00 dt=6.714299e-04
elapsed=1.681989e+02 cycle=3345 time=2.256197e+00 dt=6.714276e-04
elapsed=1.687200e+02 cycle=3346 time=2.256869e+00 dt=6.714253e-04
elapsed=1.692410e+02 cycle=3347 time=2.257540e+00 dt=6.714230e-04
elapsed=1.697731e+02 cycle=3348 time=2.258211e+00 dt=6.714207e-04
elapsed=1.703132e+02 cycle=3349 time=2.258883e+00 dt=6.714183e-04
elapsed=1.708525e+02 cycle=3350 time=2.259554e+00 dt=6.714160e-04
elapsed=1.713988e+02 cycle=3351 time=2.260226e+00 dt=6.714137e-04
elapsed=1.719355e+02 cycle=3352 time=2.260897e+00 dt=6.714114e-04
elapsed=1.724621e+02 cycle=3353 time=2.261569e+00 dt=6.714091e-04
elapsed=1.729881e+02 cycle=3354 time=2.262240e+00 dt=6.714068e-04
elapsed=1.735089e+02 cycle=3355 time=2.262911e+00 dt=6.714045e-04
elapsed=1.740614e+02 cycle=3356 time=2.263583e+00 dt=6.714021e-04
elapsed=1.746067e+02 cycle=3357 time=2.264254e+00 dt=6.713998e-04
elapsed=1.751558e+02 cycle=3358 time=2.264926e+00 dt=6.713975e-04
elapsed=1.757049e+02 cycle=3359 time=2.265597e+00 dt=6.713952e-04
elapsed=1.762329e+02 cycle=3360 time=2.266268e+00 dt=6.713929e-04
elapsed=1.767588e+02 cycle=3361 time=2.266940e+00 dt=6.713905e-04
elapsed=1.772876e+02 cycle=3362 time=2.267611e+00 dt=6.713882e-04
elapsed=1.778208e+02 cycle=3363 time=2.268283e+00 dt=6.713859e-04
elapsed=1.783697e+02 cycle=3364 time=2.268954e+00 dt=6.713836e-04
elapsed=1.789072e+02 cycle=3365 time=2.269625e+00 dt=6.713813e-04
elapsed=1.794510e+02 cycle=3366 time=2.270297e+00 dt=6.713789e-04
elapsed=1.799884e+02 cycle=3367 time=2.270968e+00 dt=6.713766e-04
elapsed=1.805172e+02 cycle=3368 time=2.271639e+00 dt=6.713743e-04
elapsed=1.810400e+02 cycle=3369 time=2.272311e+00 dt=6.713720e-04
elapsed=1.815683e+02 cycle=3370 time=2.272982e+00 dt=6.713696e-04
elapsed=1.821100e+02 cycle=3371 time=2.273654e+00 dt=6.713673e-04
elapsed=1.826771e+02 cycle=3372 time=2.274325e+00 dt=6.713650e-04
elapsed=1.832410e+02 cycle=3373 time=2.274996e+00 dt=6.713627e-04
elapsed=1.837976e+02 cycle=3374 time=2.275668e+00 dt=6.713603e-04
elapsed=1.843316e+02 cycle=3375 time=2.276339e+00 dt=6.713580e-04
elapsed=1.848633e+02 cycle=3376 time=2.277010e+00 dt=6.713557e-04
elapsed=1.853994e+02 cycle=3377 time=2.277682e+00 dt=6.713534e-04
elapsed=1.859546e+02 cycle=3378 time=2.278353e+00 dt=6.713510e-04
elapsed=1.864981e+02 cycle=3379 time=2.279024e+00 dt=6.713487e-04
elapsed=1.870422e+02 cycle=3380 time=2.279696e+00 dt=6.713464e-04
elapsed=1.875938e+02 cycle=3381 time=2.280367e+00 dt=6.713440e-04
elapsed=1.881433e+02 cycle=3382 time=2.281038e+00 dt=6.713417e-04
elapsed=1.886687e+02 cycle=3383 time=2.281710e+00 dt=6.713394e-04
elapsed=1.892887e+02 cycle=3384 time=2.282381e+00 dt=6.713370e-04
elapsed=1.898138e+02 cycle=3385 time=2.283053e+00 dt=6.713347e-04
elapsed=1.903647e+02 cycle=3386 time=2.283724e+00 dt=6.713324e-04
elapsed=1.909040e+02 cycle=3387 time=2.284395e+00 dt=6.713300e-04
elapsed=1.914488e+02 cycle=3388 time=2.285066e+00 dt=6.713277e-04
elapsed=1.919952e+02 cycle=3389 time=2.285738e+00 dt=6.713254e-04
elapsed=1.925274e+02 cycle=3390 time=2.286409e+00 dt=6.713230e-04
elapsed=1.930487e+02 cycle=3391 time=2.287080e+00 dt=6.713207e-04
elapsed=1.935742e+02 cycle=3392 time=2.287752e+00 dt=6.713184e-04
elapsed=1.941086e+02 cycle=3393 time=2.288423e+00 dt=6.713160e-04
elapsed=1.946777e+02 cycle=3394 time=2.289094e+00 dt=6.713137e-04
elapsed=1.952257e+02 cycle=3395 time=2.289766e+00 dt=6.713114e-04
elapsed=1.957731e+02 cycle=3396 time=2.290437e+00 dt=6.713090e-04
elapsed=1.963132e+02 cycle=3397 time=2.291108e+00 dt=6.713067e-04
elapsed=1.968360e+02 cycle=3398 time=2.291780e+00 dt=6.713043e-04
elapsed=1.973565e+02 cycle=3399 time=2.292451e+00 dt=6.713020e-04
elapsed=1.978787e+02 cycle=3400 time=2.293122e+00 dt=6.712997e-04
elapsed=1.984197e+02 cycle=3401 time=2.293794e+00 dt=6.712973e-04
elapsed=1.989815e+02 cycle=3402 time=2.294465e+00 dt=6.712950e-04
elapsed=1.995353e+02 cycle=3403 time=2.295136e+00 dt=6.712926e-04
elapsed=2.000715e+02 cycle=3404 time=2.295807e+00 dt=6.712903e-04
elapsed=2.005997e+02 cycle=3405 time=2.296479e+00 dt=6.712879e-04
elapsed=2.011254e+02 cycle=3406 time=2.297150e+00 dt=6.712856e-04
elapsed=2.016469e+02 cycle=3407 time=2.297821e+00 dt=6.712833e-04
elapsed=2.021765e+02 cycle=3408 time=2.298493e+00 dt=6.712809e-04
elapsed=2.027299e+02 cycle=3409 time=2.299164e+00 dt=6.712786e-04
elapsed=2.032867e+02 cycle=3410 time=2.299835e+00 dt=6.712762e-04
elapsed=2.039255e+02 cycle=3411 time=2.300506e+00 dt=6.712739e-04
elapsed=2.044638e+02 cycle=3412 time=2.301178e+00 dt=6.712715e-04
elapsed=2.049836e+02 cycle=3413 time=2.301849e+00 dt=6.712692e-04
elapsed=2.055047e+02 cycle=3414 time=2.302520e+00 dt=6.712668e-04
elapsed=2.060230e+02 cycle=3415 time=2.303192e+00 dt=6.712645e-04
elapsed=2.065617e+02 cycle=3416 time=2.303863e+00 dt=6.712621e-04
elapsed=2.071011e+02 cycle=3417 time=2.304534e+00 dt=6.712598e-04
elapsed=2.076434e+02 cycle=3418 time=2.305205e+00 dt=6.712574e-04
elapsed=2.081876e+02 cycle=3419 time=2.305877e+00 dt=6.712551e-04
elapsed=2.088006e+02 cycle=3420 time=2.306548e+00 dt=6.712527e-04
elapsed=2.093258e+02 cycle=3421 time=2.307219e+00 dt=6.712504e-04
elapsed=2.098520e+02 cycle=3422 time=2.307890e+00 dt=6.712480e-04
elapsed=2.103791e+02 cycle=3423 time=2.308562e+00 dt=6.712457e-04
elapsed=2.109156e+02 cycle=3424 time=2.309233e+00 dt=6.712433e-04
elapsed=2.114735e+02 cycle=3425 time=2.309904e+00 dt=6.712409e-04
elapsed=2.120119e+02 cycle=3426 time=2.310575e+00 dt=6.712386e-04
elapsed=2.125470e+02 cycle=3427 time=2.311247e+00 dt=6.712362e-04
elapsed=2.130678e+02 cycle=3428 time=2.311918e+00 dt=6.712339e-04
elapsed=2.136001e+02 cycle=3429 time=2.312589e+00 dt=6.712315e-04
elapsed=2.141223e+02 cycle=3430 time=2.313260e+00 dt=6.712292e-04
elapsed=2.146684e+02 cycle=3431 time=2.313931e+00 dt=6.712268e-04
elapsed=2.152390e+02 cycle=3432 time=2.314603e+00 dt=6.712244e-04
elapsed=2.157990e+02 cycle=3433 time=2.315274e+00 dt=6.712221e-04
elapsed=2.163559e+02 cycle=3434 time=2.315945e+00 dt=6.712197e-04
elapsed=2.168842e+02 cycle=3435 time=2.316616e+00 dt=6.712174e-04
elapsed=2.174162e+02 cycle=3436 time=2.317288e+00 dt=6.712150e-04
elapsed=2.179369e+02 cycle=3437 time=2.317959e+00 dt=6.712126e-04
elapsed=2.184638e+02 cycle=3438 time=2.318630e+00 dt=6.712103e-04
elapsed=2.190149e+02 cycle=3439 time=2.319301e+00 dt=6.712079e-04
elapsed=2.195718e+02 cycle=3440 time=2.319972e+00 dt=6.712056e-04
elapsed=2.201105e+02 cycle=3441 time=2.320644e+00 dt=6.712032e-04
elapsed=2.206414e+02 cycle=3442 time=2.321315e+00 dt=6.712008e-04
elapsed=2.211656e+02 cycle=3443 time=2.321986e+00 dt=6.711985e-04
elapsed=2.216849e+02 cycle=3444 time=2.322657e+00 dt=6.711961e-04
elapsed=2.222057e+02 cycle=3445 time=2.323328e+00 dt=6.711937e-04
elapsed=2.227427e+02 cycle=3446 time=2.324000e+00 dt=6.711914e-04
elapsed=2.232990e+02 cycle=3447 time=2.324671e+00 dt=6.711890e-04
elapsed=2.238510e+02 cycle=3448 time=2.325342e+00 dt=6.711866e-04
elapsed=2.244026e+02 cycle=3449 time=2.326013e+00 dt=6.711843e-04
elapsed=2.249302e+02 cycle=3450 time=2.326684e+00 dt=6.711819e-04
elapsed=2.254573e+02 cycle=3451 time=2.327356e+00 dt=6.711795e-04
elapsed=2.259826e+02 cycle=3452 time=2.328027e+00 dt=6.711771e-04
elapsed=2.265176e+02 cycle=3453 time=2.328698e+00 dt=6.711748e-04
elapsed=2.270606e+02 cycle=3454 time=2.329369e+00 dt=6.711724e-04
elapsed=2.276038e+02 cycle=3455 time=2.330040e+00 dt=6.711700e-04
elapsed=2.281485e+02 cycle=3456 time=2.330711e+00 dt=6.711677e-04
elapsed=2.286806e+02 cycle=3457 time=2.331383e+00 dt=6.711653e-04
elapsed=2.292103e+02 cycle=3458 time=2.332054e+00 dt=6.711629e-04
elapsed=2.297335e+02 cycle=3459 time=2.332725e+00 dt=6.711605e-04
elapsed=2.302552e+02 cycle=3460 time=2.333396e+00 dt=6.711582e-04
elapsed=2.308043e+02 cycle=3461 time=2.334067e+00 dt=6.711558e-04
elapsed=2.313559e+02 cycle=3462 time=2.334738e+00 dt=6.711534e-04
elapsed=2.319056e+02 cycle=3463 time=2.335410e+00 dt=6.711510e-04
elapsed=2.324498e+02 cycle=3464 time=2.336081e+00 dt=6.711487e-04
elapsed=2.329801e+02 cycle=3465 time=2.336752e+00 dt=6.711463e-04
elapsed=2.335060e+02 cycle=3466 time=2.337423e+00 dt=6.711439e-04
elapsed=2.342972e+02 cycle=3467 time=2.338094e+00 dt=6.711415e-04
elapsed=2.348914e+02 cycle=3468 time=2.338765e+00 dt=6.711391e-04
elapsed=2.354471e+02 cycle=3469 time=2.339436e+00 dt=6.711368e-04
elapsed=2.359962e+02 cycle=3470 time=2.340108e+00 dt=6.711344e-04
elapsed=2.365415e+02 cycle=3471 time=2.340779e+00 dt=6.711320e-04
elapsed=2.370768e+02 cycle=3472 time=2.341450e+00 dt=6.711296e-04
elapsed=2.376046e+02 cycle=3473 time=2.342121e+00 dt=6.711272e-04
elapsed=2.381295e+02 cycle=3474 time=2.342792e+00 dt=6.711248e-04
elapsed=2.386563e+02 cycle=3475 time=2.343463e+00 dt=6.711225e-04
elapsed=2.392072e+02 cycle=3476 time=2.344134e+00 dt=6.711201e-04
elapsed=2.397779e+02 cycle=3477 time=2.344805e+00 dt=6.711177e-04
elapsed=2.403279e+02 cycle=3478 time=2.345477e+00 dt=6.711153e-04
elapsed=2.408888e+02 cycle=3479 time=2.346148e+00 dt=6.711129e-04
elapsed=2.414293e+02 cycle=3480 time=2.346819e+00 dt=6.711105e-04
elapsed=2.419514e+02 cycle=3481 time=2.347490e+00 dt=6.711082e-04
elapsed=2.424757e+02 cycle=3482 time=2.348161e+00 dt=6.711058e-04
elapsed=2.430056e+02 cycle=3483 time=2.348832e+00 dt=6.711034e-04
elapsed=2.435447e+02 cycle=3484 time=2.349503e+00 dt=6.711010e-04
elapsed=2.440970e+02 cycle=3485 time=2.350174e+00 dt=6.710986e-04
elapsed=2.447291e+02 cycle=3486 time=2.350845e+00 dt=6.710962e-04
elapsed=2.452588e+02 cycle=3487 time=2.351517e+00 dt=6.710938e-04
elapsed=2.459977e+02 cycle=3488 time=2.352188e+00 dt=6.710914e-04
elapsed=2.467353e+02 cycle=3489 time=2.352859e+00 dt=6.710890e-04
elapsed=2.472552e+02 cycle=3490 time=2.353530e+00 dt=6.710866e-04
elapsed=2.478120e+02 cycle=3491 time=2.354201e+00 dt=6.710842e-04
elapsed=2.483687e+02 cycle=3492 time=2.354872e+00 dt=6.710819e-04
elapsed=2.489274e+02 cycle=3493 time=2.355543e+00 dt=6.710795e-04
elapsed=2.494731e+02 cycle=3494 time=2.356214e+00 dt=6.710771e-04
elapsed=2.499933e+02 cycle=3495 time=2.356885e+00 dt=6.710747e-04
elapsed=2.505173e+02 cycle=3496 time=2.357556e+00 dt=6.710723e-04
elapsed=2.510399e+02 cycle=3497 time=2.358227e+00 dt=6.710699e-04
elapsed=2.515855e+02 cycle=3498 time=2.358898e+00 dt=6.710675e-04
elapsed=2.521195e+02 cycle=3499 time=2.359569e+00 dt=6.710651e-04
elapsed=2.526550e+02 cycle=3500 time=2.360241e+00 dt=6.710627e-04
elapsed=2.531941e+02 cycle=3501 time=2.360912e+00 dt=6.710603e-04
elapsed=2.537217e+02 cycle=3502 time=2.361583e+00 dt=6.710579e-04
elapsed=2.542455e+02 cycle=3503 time=2.362254e+00 dt=6.710555e-04
elapsed=2.547655e+02 cycle=3504 time=2.362925e+00 dt=6.710531e-04
elapsed=2.552853e+02 cycle=3505 time=2.363596e+00 dt=6.710507e-04
elapsed=2.558313e+02 cycle=3506 time=2.364267e+00 dt=6.710483e-04
elapsed=2.563772e+02 cycle=3507 time=2.364938e+00 dt=6.710459e-04
elapsed=2.569212e+02 cycle=3508 time=2.365609e+00 dt=6.710435e-04
elapsed=2.574659e+02 cycle=3509 time=2.366280e+00 dt=6.710411e-04
elapsed=2.579883e+02 cycle=3510 time=2.366951e+00 dt=6.710387e-04
elapsed=2.585087e+02 cycle=3511 time=2.367622e+00 dt=6.710363e-04
elapsed=2.590269e+02 cycle=3512 time=2.368293e+00 dt=6.710339e-04
elapsed=2.595726e+02 cycle=3513 time=2.368964e+00 dt=6.710315e-04
elapsed=2.601256e+02 cycle=3514 time=2.369635e+00 dt=6.710291e-04
elapsed=2.606890e+02 cycle=3515 time=2.370306e+00 dt=6.710266e-04
elapsed=2.612388e+02 cycle=3516 time=2.370977e+00 dt=6.710242e-04
elapsed=2.617660e+02 cycle=3517 time=2.371648e+00 dt=6.710218e-04
elapsed=2.622903e+02 cycle=3518 time=2.372319e+00 dt=6.710194e-04
elapsed=2.628104e+02 cycle=3519 time=2.372990e+00 dt=6.710170e-04
elapsed=2.633382e+02 cycle=3520 time=2.373661e+00 dt=6.710146e-04
elapsed=2.638747e+02 cycle=3521 time=2.374332e+00 dt=6.710122e-04
elapsed=2.644126e+02 cycle=3522 time=2.375003e+00 dt=6.710098e-04
elapsed=2.649495e+02 cycle=3523 time=2.375674e+00 dt=6.710074e-04
elapsed=2.654887e+02 cycle=3524 time=2.376345e+00 dt=6.710050e-04
elapsed=2.660141e+02 cycle=3525 time=2.377016e+00 dt=6.710025e-04
elapsed=2.665337e+02 cycle=3526 time=2.377687e+00 dt=6.710001e-04
elapsed=2.670543e+02 cycle=3527 time=2.378358e+00 dt=6.709977e-04
elapsed=2.675890e+02 cycle=3528 time=2.379029e+00 dt=6.709953e-04
elapsed=2.681281e+02 cycle=3529 time=2.379700e+00 dt=6.709929e-04
elapsed=2.686703e+02 cycle=3530 time=2.380371e+00 dt=6.709905e-04
elapsed=2.692202e+02 cycle=3531 time=2.381042e+00 dt=6.709881e-04
elapsed=2.697563e+02 cycle=3532 time=2.381713e+00 dt=6.709856e-04
elapsed=2.702782e+02 cycle=3533 time=2.382384e+00 dt=6.709832e-04
elapsed=2.708013e+02 cycle=3534 time=2.383055e+00 dt=6.709808e-04
elapsed=2.713254e+02 cycle=3535 time=2.383726e+00 dt=6.709784e-04
elapsed=2.718874e+02 cycle=3536 time=2.384397e+00 dt=6.709760e-04
elapsed=2.724489e+02 cycle=3537 time=2.385068e+00 dt=6.709735e-04
elapsed=2.730148e+02 cycle=3538 time=2.385739e+00 dt=6.709711e-04
elapsed=2.735662e+02 cycle=3539 time=2.386410e+00 dt=6.709687e-04
elapsed=2.740961e+02 cycle=3540 time=2.387081e+00 dt=6.709663e-04
elapsed=2.746263e+02 cycle=3541 time=2.387752e+00 dt=6.709639e-04
elapsed=2.751553e+02 cycle=3542 time=2.388423e+00 dt=6.709614e-04
elapsed=2.756928e+02 cycle=3543 time=2.389094e+00 dt=6.709590e-04
elapsed=2.762336e+02 cycle=3544 time=2.389765e+00 dt=6.709566e-04
elapsed=2.767756e+02 cycle=3545 time=2.390436e+00 dt=6.709542e-04
elapsed=2.773220e+02 cycle=3546 time=2.391107e+00 dt=6.709517e-04
elapsed=2.778560e+02 cycle=3547 time=2.391778e+00 dt=6.709493e-04
elapsed=2.783826e+02 cycle=3548 time=2.392449e+00 dt=6.709469e-04
elapsed=2.789057e+02 cycle=3549 time=2.393120e+00 dt=6.709445e-04
elapsed=2.794294e+02 cycle=3550 time=2.393791e+00 dt=6.709420e-04
elapsed=2.799677e+02 cycle=3551 time=2.394462e+00 dt=6.709396e-04
elapsed=2.805082e+02 cycle=3552 time=2.395133e+00 dt=6.709372e-04
elapsed=2.810513e+02 cycle=3553 time=2.395804e+00 dt=6.709347e-04
elapsed=2.815946e+02 cycle=3554 time=2.396474e+00 dt=6.709323e-04
elapsed=2.821175e+02 cycle=3555 time=2.397145e+00 dt=6.709299e-04
elapsed=2.826439e+02 cycle=3556 time=2.397816e+00 dt=6.709275e-04
elapsed=2.831679e+02 cycle=3557 time=2.398487e+00 dt=6.709250e-04
elapsed=2.837036e+02 cycle=3558 time=2.399158e+00 dt=6.709226e-04
elapsed=2.842439e+02 cycle=3559 time=2.399829e+00 dt=6.709202e-04
elapsed=2.847887e+02 cycle=3560 time=2.400500e+00 dt=6.709177e-04
elapsed=2.853389e+02 cycle=3561 time=2.401171e+00 dt=6.709153e-04
elapsed=2.858793e+02 cycle=3562 time=2.401842e+00 dt=6.709129e-04
elapsed=2.864058e+02 cycle=3563 time=2.402513e+00 dt=6.709104e-04
elapsed=2.869270e+02 cycle=3564 time=2.403184e+00 dt=6.709080e-04
elapsed=2.874474e+02 cycle=3565 time=2.403855e+00 dt=6.709056e-04
elapsed=2.879897e+02 cycle=3566 time=2.404526e+00 dt=6.709031e-04
elapsed=2.885309e+02 cycle=3567 time=2.405196e+00 dt=6.709007e-04
elapsed=2.890684e+02 cycle=3568 time=2.405867e+00 dt=6.708982e-04
elapsed=2.896173e+02 cycle=3569 time=2.406538e+00 dt=6.708958e-04
elapsed=2.901409e+02 cycle=3570 time=2.407209e+00 dt=6.708934e-04
elapsed=2.906618e+02 cycle=3571 time=2.407880e+00 dt=6.708909e-04
elapsed=2.911798e+02 cycle=3572 time=2.408551e+00 dt=6.708885e-04
elapsed=2.917191e+02 cycle=3573 time=2.409222e+00 dt=6.708860e-04
elapsed=2.922788e+02 cycle=3574 time=2.409893e+00 dt=6.708836e-04
elapsed=2.928237e+02 cycle=3575 time=2.410564e+00 dt=6.708812e-04
elapsed=2.933750e+02 cycle=3576 time=2.411234e+00 dt=6.708787e-04
elapsed=2.940046e+02 cycle=3577 time=2.411905e+00 dt=6.708763e-04
elapsed=2.945239e+02 cycle=3578 time=2.412576e+00 dt=6.708738e-04
elapsed=2.950444e+02 cycle=3579 time=2.413247e+00 dt=6.708714e-04
elapsed=2.955726e+02 cycle=3580 time=2.413918e+00 dt=6.708689e-04
elapsed=2.961275e+02 cycle=3581 time=2.414589e+00 dt=6.708665e-04
elapsed=2.966684e+02 cycle=3582 time=2.415260e+00 dt=6.708640e-04
elapsed=2.972075e+02 cycle=3583 time=2.415931e+00 dt=6.708616e-04
elapsed=2.977436e+02 cycle=3584 time=2.416601e+00 dt=6.708592e-04
elapsed=2.983529e+02 cycle=3585 time=2.417272e+00 dt=6.708567e-04
elapsed=2.988737e+02 cycle=3586 time=2.417943e+00 dt=6.708543e-04
elapsed=2.993999e+02 cycle=3587 time=2.418614e+00 dt=6.708518e-04
elapsed=2.999465e+02 cycle=3588 time=2.419285e+00 dt=6.708494e-04
elapsed=3.005021e+02 cycle=3589 time=2.419956e+00 dt=6.708469e-04
elapsed=3.010600e+02 cycle=3590 time=2.420627e+00 dt=6.708445e-04
elapsed=3.016135e+02 cycle=3591 time=2.421297e+00 dt=6.708420e-04
elapsed=3.021464e+02 cycle=3592 time=2.421968e+00 dt=6.708395e-04
elapsed=3.026660e+02 cycle=3593 time=2.422639e+00 dt=6.708371e-04
elapsed=3.031841e+02 cycle=3594 time=2.423310e+00 dt=6.708346e-04
elapsed=3.037081e+02 cycle=3595 time=2.423981e+00 dt=6.708322e-04
elapsed=3.042435e+02 cycle=3596 time=2.424652e+00 dt=6.708297e-04
elapsed=3.047891e+02 cycle=3597 time=2.425322e+00 dt=6.708273e-04
elapsed=3.053411e+02 cycle=3598 time=2.425993e+00 dt=6.708248e-04
elapsed=3.058805e+02 cycle=3599 time=2.426664e+00 dt=6.708224e-04
elapsed=3.064038e+02 cycle=3600 time=2.427335e+00 dt=6.708199e-04
elapsed=3.069261e+02 cycle=3601 time=2.428006e+00 dt=6.708174e-04
elapsed=3.074444e+02 cycle=3602 time=2.428676e+00 dt=6.708150e-04
elapsed=3.079852e+02 cycle=3603 time=2.429347e+00 dt=6.708125e-04
elapsed=3.085402e+02 cycle=3604 time=2.430018e+00 dt=6.708101e-04
elapsed=3.090812e+02 cycle=3605 time=2.430689e+00 dt=6.708076e-04
elapsed=3.096294e+02 cycle=3606 time=2.431360e+00 dt=6.708052e-04
elapsed=3.103522e+02 cycle=3607 time=2.432031e+00 dt=6.708027e-04
elapsed=3.108758e+02 cycle=3608 time=2.432701e+00 dt=6.708002e-04
elapsed=3.113987e+02 cycle=3609 time=2.433372e+00 dt=6.707978e-04
elapsed=3.119237e+02 cycle=3610 time=2.434043e+00 dt=6.707953e-04
elapsed=3.124542e+02 cycle=3611 time=2.434714e+00 dt=6.707928e-04
elapsed=3.129847e+02 cycle=3612 time=2.435385e+00 dt=6.707904e-04
elapsed=3.135295e+02 cycle=3613 time=2.436055e+00 dt=6.707879e-04
elapsed=3.140773e+02 cycle=3614 time=2.436726e+00 dt=6.707854e-04
elapsed=3.146076e+02 cycle=3615 time=2.437397e+00 dt=6.707830e-04
elapsed=3.151331e+02 cycle=3616 time=2.438068e+00 dt=6.707805e-04
elapsed=3.156599e+02 cycle=3617 time=2.438738e+00 dt=6.707780e-04
elapsed=3.163015e+02 cycle=3618 time=2.439409e+00 dt=6.707756e-04
elapsed=3.168594e+02 cycle=3619 time=2.440080e+00 dt=6.707731e-04
elapsed=3.174090e+02 cycle=3620 time=2.440751e+00 dt=6.707706e-04
elapsed=3.179563e+02 cycle=3621 time=2.441422e+00 dt=6.707682e-04
elapsed=3.184831e+02 cycle=3622 time=2.442092e+00 dt=6.707657e-04
elapsed=3.190081e+02 cycle=3623 time=2.442763e+00 dt=6.707632e-04
elapsed=3.195323e+02 cycle=3624 time=2.443434e+00 dt=6.707608e-04
elapsed=3.200623e+02 cycle=3625 time=2.444105e+00 dt=6.707583e-04
elapsed=3.206002e+02 cycle=3626 time=2.444775e+00 dt=6.707558e-04
elapsed=3.211406e+02 cycle=3627 time=2.445446e+00 dt=6.707533e-04
elapsed=3.216993e+02 cycle=3628 time=2.446117e+00 dt=6.707509e-04
elapsed=3.222375e+02 cycle=3629 time=2.446788e+00 dt=6.707484e-04
elapsed=3.227634e+02 cycle=3630 time=2.447458e+00 dt=6.707459e-04
elapsed=3.232897e+02 cycle=3631 time=2.448129e+00 dt=6.707434e-04
elapsed=3.238127e+02 cycle=3632 time=2.448800e+00 dt=6.707410e-04
elapsed=3.243574e+02 cycle=3633 time=2.449471e+00 dt=6.707385e-04
elapsed=3.249083e+02 cycle=3634 time=2.450141e+00 dt=6.707360e-04
elapsed=3.254427e+02 cycle=3635 time=2.450812e+00 dt=6.707335e-04
elapsed=3.259881e+02 cycle=3636 time=2.451483e+00 dt=6.707310e-04
elapsed=3.265142e+02 cycle=3637 time=2.452154e+00 dt=6.707286e-04
elapsed=3.270389e+02 cycle=3638 time=2.452824e+00 dt=6.707261e-04
elapsed=3.275632e+02 cycle=3639 time=2.453495e+00 dt=6.707236e-04
elapsed=3.280983e+02 cycle=3640 time=2.454166e+00 dt=6.707211e-04
elapsed=3.286371e+02 cycle=3641 time=2.454836e+00 dt=6.707186e-04
elapsed=3.291774e+02 cycle=3642 time=2.455507e+00 dt=6.707162e-04
elapsed=3.297239e+02 cycle=3643 time=2.456178e+00 dt=6.707137e-04
elapsed=3.302626e+02 cycle=3644 time=2.456849e+00 dt=6.707112e-04
elapsed=3.307901e+02 cycle=3645 time=2.457519e+00 dt=6.707087e-04
elapsed=3.313159e+02 cycle=3646 time=2.458190e+00 dt=6.707062e-04
elapsed=3.318416e+02 cycle=3647 time=2.458861e+00 dt=6.707037e-04
elapsed=3.323825e+02 cycle=3648 time=2.459531e+00 dt=6.707012e-04
elapsed=3.329261e+02 cycle=3649 time=2.460202e+00 dt=6.706988e-04
elapsed=3.334671e+02 cycle=3650 time=2.460873e+00 dt=6.706963e-04
elapsed=3.340133e+02 cycle=3651 time=2.461544e+00 dt=6.706938e-04
elapsed=3.345362e+02 cycle=3652 time=2.462214e+00 dt=6.706913e-04
elapsed=3.350590e+02 cycle=3653 time=2.462885e+00 dt=6.706888e-04
elapsed=3.355831e+02 cycle=3654 time=2.463556e+00 dt=6.706863e-04
elapsed=3.361230e+02 cycle=3655 time=2.464226e+00 dt=6.706838e-04
elapsed=3.366893e+02 cycle=3656 time=2.464897e+00 dt=6.706813e-04
elapsed=3.394886e+02 cycle=3657 time=2.465568e+00 dt=6.706788e-04
elapsed=3.400583e+02 cycle=3658 time=2.466238e+00 dt=6.706764e-04
elapsed=3.406241e+02 cycle=3659 time=2.466909e+00 dt=6.706739e-04
elapsed=3.412494e+02 cycle=3660 time=2.467580e+00 dt=6.706714e-04
elapsed=3.417799e+02 cycle=3661 time=2.468250e+00 dt=6.706689e-04
elapsed=3.423064e+02 cycle=3662 time=2.468921e+00 dt=6.706664e-04
elapsed=3.428687e+02 cycle=3663 time=2.469592e+00 dt=6.706639e-04
elapsed=3.434187e+02 cycle=3664 time=2.470262e+00 dt=6.706614e-04
elapsed=3.439678e+02 cycle=3665 time=2.470933e+00 dt=6.706589e-04
elapsed=3.446189e+02 cycle=3666 time=2.471604e+00 dt=6.706564e-04
elapsed=3.451602e+02 cycle=3667 time=2.472274e+00 dt=6.706539e-04
elapsed=3.456879e+02 cycle=3668 time=2.472945e+00 dt=6.706514e-04
elapsed=3.462170e+02 cycle=3669 time=2.473616e+00 dt=6.706489e-04
elapsed=3.467540e+02 cycle=3670 time=2.474286e+00 dt=6.706464e-04
elapsed=3.472968e+02 cycle=3671 time=2.474957e+00 dt=6.706439e-04
elapsed=3.478407e+02 cycle=3672 time=2.475628e+00 dt=6.706414e-04
elapsed=3.483951e+02 cycle=3673 time=2.476298e+00 dt=6.706389e-04
elapsed=3.489331e+02 cycle=3674 time=2.476969e+00 dt=6.706364e-04
elapsed=3.494546e+02 cycle=3675 time=2.477639e+00 dt=6.706339e-04
elapsed=3.499752e+02 cycle=3676 time=2.478310e+00 dt=6.706314e-04
elapsed=3.505932e+02 cycle=3677 time=2.478981e+00 dt=6.706289e-04
elapsed=3.511391e+02 cycle=3678 time=2.479651e+00 dt=6.706264e-04
elapsed=3.516844e+02 cycle=3679 time=2.480322e+00 dt=6.706239e-04
elapsed=3.522318e+02 cycle=3680 time=2.480993e+00 dt=6.706214e-04
elapsed=3.527841e+02 cycle=3681 time=2.481663e+00 dt=6.706189e-04
elapsed=3.533098e+02 cycle=3682 time=2.482334e+00 dt=6.706163e-04
elapsed=3.538328e+02 cycle=3683 time=2.483004e+00 dt=6.706138e-04
elapsed=3.543534e+02 cycle=3684 time=2.483675e+00 dt=6.706113e-04
elapsed=3.548863e+02 cycle=3685 time=2.484346e+00 dt=6.706088e-04
elapsed=3.554328e+02 cycle=3686 time=2.485016e+00 dt=6.706063e-04
elapsed=3.560967e+02 cycle=3687 time=2.485687e+00 dt=6.706038e-04
elapsed=3.566567e+02 cycle=3688 time=2.486358e+00 dt=6.706013e-04
elapsed=3.571958e+02 cycle=3689 time=2.487028e+00 dt=6.705988e-04
elapsed=3.577203e+02 cycle=3690 time=2.487699e+00 dt=6.705963e-04
elapsed=3.582417e+02 cycle=3691 time=2.488369e+00 dt=6.705937e-04
elapsed=3.587645e+02 cycle=3692 time=2.489040e+00 dt=6.705912e-04
elapsed=3.593065e+02 cycle=3693 time=2.489711e+00 dt=6.705887e-04
elapsed=3.598528e+02 cycle=3694 time=2.490381e+00 dt=6.705862e-04
elapsed=3.603976e+02 cycle=3695 time=2.491052e+00 dt=6.705837e-04
elapsed=3.609558e+02 cycle=3696 time=2.491722e+00 dt=6.705812e-04
elapsed=3.614875e+02 cycle=3697 time=2.492393e+00 dt=6.705787e-04
elapsed=3.620157e+02 cycle=3698 time=2.493063e+00 dt=6.705761e-04
elapsed=3.625431e+02 cycle=3699 time=2.493734e+00 dt=6.705736e-04
elapsed=3.630843e+02 cycle=3700 time=2.494405e+00 dt=6.705711e-04
elapsed=3.636317e+02 cycle=3701 time=2.495075e+00 dt=6.705686e-04
elapsed=3.641933e+02 cycle=3702 time=2.495746e+00 dt=6.705661e-04
elapsed=3.647566e+02 cycle=3703 time=2.496416e+00 dt=6.705635e-04
elapsed=3.653093e+02 cycle=3704 time=2.497087e+00 dt=6.705610e-04
elapsed=3.658428e+02 cycle=3705 time=2.497757e+00 dt=6.705585e-04
elapsed=3.663695e+02 cycle=3706 time=2.498428e+00 dt=6.705560e-04
elapsed=3.670972e+02 cycle=3707 time=2.499099e+00 dt=6.705535e-04
elapsed=3.676413e+02 cycle=3708 time=2.499769e+00 dt=6.705509e-04
elapsed=3.684711e+02 cycle=3709 time=2.500440e+00 dt=6.705484e-04
elapsed=3.690372e+02 cycle=3710 time=2.501110e+00 dt=6.705459e-04
elapsed=3.695831e+02 cycle=3711 time=2.501781e+00 dt=6.705434e-04
elapsed=3.701083e+02 cycle=3712 time=2.502451e+00 dt=6.705408e-04
elapsed=3.706388e+02 cycle=3713 time=2.503122e+00 dt=6.705383e-04
elapsed=3.711635e+02 cycle=3714 time=2.503792e+00 dt=6.705358e-04
elapsed=3.716958e+02 cycle=3715 time=2.504463e+00 dt=6.705332e-04
elapsed=3.722440e+02 cycle=3716 time=2.505133e+00 dt=6.705307e-04
elapsed=3.728039e+02 cycle=3717 time=2.505804e+00 dt=6.705282e-04
elapsed=3.733632e+02 cycle=3718 time=2.506474e+00 dt=6.705257e-04
elapsed=3.739044e+02 cycle=3719 time=2.507145e+00 dt=6.705231e-04
elapsed=3.744373e+02 cycle=3720 time=2.507816e+00 dt=6.705206e-04
elapsed=3.749639e+02 cycle=3721 time=2.508486e+00 dt=6.705181e-04
elapsed=3.754929e+02 cycle=3722 time=2.509157e+00 dt=6.705155e-04
elapsed=3.760651e+02 cycle=3723 time=2.509827e+00 dt=6.705130e-04
elapsed=3.766381e+02 cycle=3724 time=2.510498e+00 dt=6.705105e-04
elapsed=3.771895e+02 cycle=3725 time=2.511168e+00 dt=6.705079e-04
elapsed=3.777418e+02 cycle=3726 time=2.511839e+00 dt=6.705054e-04
elapsed=3.782725e+02 cycle=3727 time=2.512509e+00 dt=6.705029e-04
elapsed=3.788191e+02 cycle=3728 time=2.513180e+00 dt=6.705003e-04
elapsed=3.793460e+02 cycle=3729 time=2.513850e+00 dt=6.704978e-04
elapsed=3.798807e+02 cycle=3730 time=2.514521e+00 dt=6.704953e-04
elapsed=3.804299e+02 cycle=3731 time=2.515191e+00 dt=6.704927e-04
elapsed=3.809832e+02 cycle=3732 time=2.515862e+00 dt=6.704902e-04
elapsed=3.815581e+02 cycle=3733 time=2.516532e+00 dt=6.704876e-04
elapsed=3.821096e+02 cycle=3734 time=2.517203e+00 dt=6.704851e-04
elapsed=3.826422e+02 cycle=3735 time=2.517873e+00 dt=6.704826e-04
elapsed=3.831705e+02 cycle=3736 time=2.518544e+00 dt=6.704800e-04
elapsed=3.836949e+02 cycle=3737 time=2.519214e+00 dt=6.704775e-04
elapsed=3.842390e+02 cycle=3738 time=2.519885e+00 dt=6.704749e-04
elapsed=3.847966e+02 cycle=3739 time=2.520555e+00 dt=6.704724e-04
elapsed=3.853445e+02 cycle=3740 time=2.521225e+00 dt=6.704698e-04
elapsed=3.858889e+02 cycle=3741 time=2.521896e+00 dt=6.704673e-04
elapsed=3.864116e+02 cycle=3742 time=2.522566e+00 dt=6.704648e-04
elapsed=3.869376e+02 cycle=3743 time=2.523237e+00 dt=6.704622e-04
elapsed=3.874596e+02 cycle=3744 time=2.523907e+00 dt=6.704597e-04
elapsed=3.880033e+02 cycle=3745 time=2.524578e+00 dt=6.704571e-04
elapsed=3.885734e+02 cycle=3746 time=2.525248e+00 dt=6.704546e-04
elapsed=3.891148e+02 cycle=3747 time=2.525919e+00 dt=6.704520e-04
elapsed=3.896686e+02 cycle=3748 time=2.526589e+00 dt=6.704495e-04
elapsed=3.902009e+02 cycle=3749 time=2.527260e+00 dt=6.704469e-04
elapsed=3.907209e+02 cycle=3750 time=2.527930e+00 dt=6.704444e-04
elapsed=3.912463e+02 cycle=3751 time=2.528600e+00 dt=6.704418e-04
elapsed=3.917666e+02 cycle=3752 time=2.529271e+00 dt=6.704393e-04
elapsed=3.923203e+02 cycle=3753 time=2.529941e+00 dt=6.704367e-04
elapsed=3.928679e+02 cycle=3754 time=2.530612e+00 dt=6.704342e-04
elapsed=3.934067e+02 cycle=3755 time=2.531282e+00 dt=6.704316e-04
elapsed=3.939535e+02 cycle=3756 time=2.531953e+00 dt=6.704291e-04
elapsed=3.944767e+02 cycle=3757 time=2.532623e+00 dt=6.704265e-04
elapsed=3.952050e+02 cycle=3758 time=2.533294e+00 dt=6.704239e-04
elapsed=3.957273e+02 cycle=3759 time=2.533964e+00 dt=6.704214e-04
elapsed=3.962573e+02 cycle=3760 time=2.534634e+00 dt=6.704188e-04
elapsed=3.967936e+02 cycle=3761 time=2.535305e+00 dt=6.704163e-04
elapsed=3.973311e+02 cycle=3762 time=2.535975e+00 dt=6.704137e-04
elapsed=3.978711e+02 cycle=3763 time=2.536646e+00 dt=6.704112e-04
elapsed=3.984025e+02 cycle=3764 time=2.537316e+00 dt=6.704086e-04
elapsed=3.989269e+02 cycle=3765 time=2.537986e+00 dt=6.704060e-04
elapsed=3.994454e+02 cycle=3766 time=2.538657e+00 dt=6.704035e-04
elapsed=3.999748e+02 cycle=3767 time=2.539327e+00 dt=6.704009e-04
elapsed=4.005441e+02 cycle=3768 time=2.539998e+00 dt=6.703984e-04
elapsed=4.011091e+02 cycle=3769 time=2.540668e+00 dt=6.703958e-04
elapsed=4.018747e+02 cycle=3770 time=2.541338e+00 dt=6.703932e-04
elapsed=4.024307e+02 cycle=3771 time=2.542009e+00 dt=6.703907e-04
elapsed=4.029621e+02 cycle=3772 time=2.542679e+00 dt=6.703881e-04
elapsed=4.034855e+02 cycle=3773 time=2.543350e+00 dt=6.703855e-04
elapsed=4.040040e+02 cycle=3774 time=2.544020e+00 dt=6.703830e-04
elapsed=4.045315e+02 cycle=3775 time=2.544690e+00 dt=6.703804e-04
elapsed=4.050682e+02 cycle=3776 time=2.545361e+00 dt=6.703778e-04
elapsed=4.056108e+02 cycle=3777 time=2.546031e+00 dt=6.703753e-04
elapsed=4.061538e+02 cycle=3778 time=2.546702e+00 dt=6.703727e-04
elapsed=4.066903e+02 cycle=3779 time=2.547372e+00 dt=6.703701e-04
elapsed=4.072297e+02 cycle=3780 time=2.548042e+00 dt=6.703676e-04
elapsed=4.078595e+02 cycle=3781 time=2.548713e+00 dt=6.703650e-04
elapsed=4.083866e+02 cycle=3782 time=2.549383e+00 dt=6.703624e-04
elapsed=4.089712e+02 cycle=3783 time=2.550053e+00 dt=6.703598e-04
elapsed=4.095144e+02 cycle=3784 time=2.550724e+00 dt=6.703573e-04
elapsed=4.100644e+02 cycle=3785 time=2.551394e+00 dt=6.703547e-04
elapsed=4.106095e+02 cycle=3786 time=2.552064e+00 dt=6.703521e-04
elapsed=4.111352e+02 cycle=3787 time=2.552735e+00 dt=6.703496e-04
elapsed=4.116608e+02 cycle=3788 time=2.553405e+00 dt=6.703470e-04
elapsed=4.121875e+02 cycle=3789 time=2.554075e+00 dt=6.703444e-04
elapsed=4.127349e+02 cycle=3790 time=2.554746e+00 dt=6.703418e-04
elapsed=4.132905e+02 cycle=3791 time=2.555416e+00 dt=6.703392e-04
elapsed=4.139596e+02 cycle=3792 time=2.556087e+00 dt=6.703367e-04
elapsed=4.145079e+02 cycle=3793 time=2.556757e+00 dt=6.703341e-04
elapsed=4.150429e+02 cycle=3794 time=2.557427e+00 dt=6.703315e-04
elapsed=4.155660e+02 cycle=3795 time=2.558098e+00 dt=6.703289e-04
elapsed=4.160890e+02 cycle=3796 time=2.558768e+00 dt=6.703264e-04
elapsed=4.166124e+02 cycle=3797 time=2.559438e+00 dt=6.703238e-04
elapsed=4.173397e+02 cycle=3798 time=2.560108e+00 dt=6.703212e-04
elapsed=4.181316e+02 cycle=3799 time=2.560779e+00 dt=6.703186e-04
elapsed=4.186831e+02 cycle=3800 time=2.561449e+00 dt=6.703160e-04
elapsed=4.192354e+02 cycle=3801 time=2.562119e+00 dt=6.703134e-04
elapsed=4.197710e+02 cycle=3802 time=2.562790e+00 dt=6.703109e-04
elapsed=4.202983e+02 cycle=3803 time=2.563460e+00 dt=6.703083e-04
elapsed=4.208256e+02 cycle=3804 time=2.564130e+00 dt=6.703057e-04
elapsed=4.213653e+02 cycle=3805 time=2.564801e+00 dt=6.703031e-04
elapsed=4.219065e+02 cycle=3806 time=2.565471e+00 dt=6.703005e-04
elapsed=4.224548e+02 cycle=3807 time=2.566141e+00 dt=6.702979e-04
elapsed=4.230346e+02 cycle=3808 time=2.566812e+00 dt=6.702953e-04
elapsed=4.237192e+02 cycle=3809 time=2.567482e+00 dt=6.702928e-04
elapsed=4.242538e+02 cycle=3810 time=2.568152e+00 dt=6.702902e-04
elapsed=4.247798e+02 cycle=3811 time=2.568822e+00 dt=6.702876e-04
elapsed=4.253138e+02 cycle=3812 time=2.569493e+00 dt=6.702850e-04
elapsed=4.259671e+02 cycle=3813 time=2.570163e+00 dt=6.702824e-04
elapsed=4.265109e+02 cycle=3814 time=2.570833e+00 dt=6.702798e-04
elapsed=4.270618e+02 cycle=3815 time=2.571504e+00 dt=6.702772e-04
elapsed=4.276114e+02 cycle=3816 time=2.572174e+00 dt=6.702746e-04
elapsed=4.281430e+02 cycle=3817 time=2.572844e+00 dt=6.702720e-04
elapsed=4.286671e+02 cycle=3818 time=2.573514e+00 dt=6.702694e-04
elapsed=4.291946e+02 cycle=3819 time=2.574185e+00 dt=6.702668e-04
elapsed=4.297343e+02 cycle=3820 time=2.574855e+00 dt=6.702642e-04
elapsed=4.302796e+02 cycle=3821 time=2.575525e+00 dt=6.702616e-04
elapsed=4.308316e+02 cycle=3822 time=2.576195e+00 dt=6.702590e-04
elapsed=4.313838e+02 cycle=3823 time=2.576866e+00 dt=6.702564e-04
elapsed=4.320139e+02 cycle=3824 time=2.577536e+00 dt=6.702538e-04
elapsed=4.325361e+02 cycle=3825 time=2.578206e+00 dt=6.702512e-04
elapsed=4.330572e+02 cycle=3826 time=2.578876e+00 dt=6.702486e-04
elapsed=4.335840e+02 cycle=3827 time=2.579547e+00 dt=6.702460e-04
elapsed=4.341384e+02 cycle=3828 time=2.580217e+00 dt=6.702434e-04
elapsed=4.346829e+02 cycle=3829 time=2.580887e+00 dt=6.702408e-04
elapsed=4.352288e+02 cycle=3830 time=2.581557e+00 dt=6.702382e-04
elapsed=4.357719e+02 cycle=3831 time=2.582228e+00 dt=6.702356e-04
elapsed=4.362937e+02 cycle=3832 time=2.582898e+00 dt=6.702330e-04
elapsed=4.368152e+02 cycle=3833 time=2.583568e+00 dt=6.702304e-04
elapsed=4.373372e+02 cycle=3834 time=2.584238e+00 dt=6.702278e-04
elapsed=4.378809e+02 cycle=3835 time=2.584909e+00 dt=6.702252e-04
elapsed=4.384202e+02 cycle=3836 time=2.585579e+00 dt=6.702226e-04
elapsed=4.389651e+02 cycle=3837 time=2.586249e+00 dt=6.702200e-04
elapsed=4.395141e+02 cycle=3838 time=2.586919e+00 dt=6.702174e-04
elapsed=4.400453e+02 cycle=3839 time=2.587590e+00 dt=6.702148e-04
elapsed=4.405722e+02 cycle=3840 time=2.588260e+00 dt=6.702122e-04
elapsed=4.410972e+02 cycle=3841 time=2.588930e+00 dt=6.702096e-04
elapsed=4.416237e+02 cycle=3842 time=2.589600e+00 dt=6.702070e-04
elapsed=4.421725e+02 cycle=3843 time=2.590270e+00 dt=6.702043e-04
elapsed=4.427278e+02 cycle=3844 time=2.590941e+00 dt=6.702017e-04
elapsed=4.432775e+02 cycle=3845 time=2.591611e+00 dt=6.701991e-04
elapsed=4.438125e+02 cycle=3846 time=2.592281e+00 dt=6.701965e-04
elapsed=4.443328e+02 cycle=3847 time=2.592951e+00 dt=6.701939e-04
elapsed=4.448522e+02 cycle=3848 time=2.593621e+00 dt=6.701913e-04
elapsed=4.453707e+02 cycle=3849 time=2.594292e+00 dt=6.701887e-04
elapsed=4.459182e+02 cycle=3850 time=2.594962e+00 dt=6.701860e-04
elapsed=4.464674e+02 cycle=3851 time=2.595632e+00 dt=6.701834e-04
elapsed=4.470161e+02 cycle=3852 time=2.596302e+00 dt=6.701808e-04
elapsed=4.475565e+02 cycle=3853 time=2.596972e+00 dt=6.701782e-04
elapsed=4.480805e+02 cycle=3854 time=2.597642e+00 dt=6.701756e-04
elapsed=4.485998e+02 cycle=3855 time=2.598313e+00 dt=6.701730e-04
elapsed=4.492195e+02 cycle=3856 time=2.598983e+00 dt=6.701703e-04
elapsed=4.497420e+02 cycle=3857 time=2.599653e+00 dt=6.701677e-04
elapsed=4.502811e+02 cycle=3858 time=2.600323e+00 dt=6.701651e-04
elapsed=4.508178e+02 cycle=3859 time=2.600993e+00 dt=6.701625e-04
elapsed=4.513594e+02 cycle=3860 time=2.601663e+00 dt=6.701599e-04
elapsed=4.519005e+02 cycle=3861 time=2.602334e+00 dt=6.701572e-04
elapsed=4.524268e+02 cycle=3862 time=2.603004e+00 dt=6.701546e-04
elapsed=4.529451e+02 cycle=3863 time=2.603674e+00 dt=6.701520e-04
elapsed=4.534654e+02 cycle=3864 time=2.604344e+00 dt=6.701494e-04
elapsed=4.540071e+02 cycle=3865 time=2.605014e+00 dt=6.701467e-04
elapsed=4.545443e+02 cycle=3866 time=2.605684e+00 dt=6.701441e-04
elapsed=4.550911e+02 cycle=3867 time=2.606355e+00 dt=6.701415e-04
elapsed=4.556460e+02 cycle=3868 time=2.607025e+00 dt=6.701388e-04
elapsed=4.561759e+02 cycle=3869 time=2.607695e+00 dt=6.701362e-04
elapsed=4.567010e+02 cycle=3870 time=2.608365e+00 dt=6.701336e-04
elapsed=4.572220e+02 cycle=3871 time=2.609035e+00 dt=6.701310e-04
elapsed=4.577479e+02 cycle=3872 time=2.609705e+00 dt=6.701283e-04
elapsed=4.582843e+02 cycle=3873 time=2.610375e+00 dt=6.701257e-04
elapsed=4.588257e+02 cycle=3874 time=2.611045e+00 dt=6.701231e-04
elapsed=4.593714e+02 cycle=3875 time=2.611716e+00 dt=6.701204e-04
elapsed=4.599130e+02 cycle=3876 time=2.612386e+00 dt=6.701178e-04
elapsed=4.604398e+02 cycle=3877 time=2.613056e+00 dt=6.701152e-04
elapsed=4.609677e+02 cycle=3878 time=2.613726e+00 dt=6.701125e-04
elapsed=4.614980e+02 cycle=3879 time=2.614396e+00 dt=6.701099e-04
elapsed=4.620347e+02 cycle=3880 time=2.615066e+00 dt=6.701073e-04
elapsed=4.625803e+02 cycle=3881 time=2.615736e+00 dt=6.701046e-04
elapsed=4.631289e+02 cycle=3882 time=2.616406e+00 dt=6.701020e-04
elapsed=4.636899e+02 cycle=3883 time=2.617077e+00 dt=6.700993e-04
elapsed=4.642213e+02 cycle=3884 time=2.617747e+00 dt=6.700967e-04
elapsed=4.647431e+02 cycle=3885 time=2.618417e+00 dt=6.700941e-04
elapsed=4.652672e+02 cycle=3886 time=2.619087e+00 dt=6.700914e-04
elapsed=4.657976e+02 cycle=3887 time=2.619757e+00 dt=6.700888e-04
elapsed=4.663543e+02 cycle=3888 time=2.620427e+00 dt=6.700861e-04
elapsed=4.669050e+02 cycle=3889 time=2.621097e+00 dt=6.700835e-04
elapsed=4.674498e+02 cycle=3890 time=2.621767e+00 dt=6.700809e-04
elapsed=4.679877e+02 cycle=3891 time=2.622437e+00 dt=6.700782e-04
elapsed=4.685158e+02 cycle=3892 time=2.623107e+00 dt=6.700756e-04
elapsed=4.690478e+02 cycle=3893 time=2.623777e+00 dt=6.700729e-04
elapsed=4.695733e+02 cycle=3894 time=2.624447e+00 dt=6.700703e-04
elapsed=4.701144e+02 cycle=3895 time=2.625118e+00 dt=6.700676e-04
elapsed=4.706606e+02 cycle=3896 time=2.625788e+00 dt=6.700650e-04
elapsed=4.712073e+02 cycle=3897 time=2.626458e+00 dt=6.700623e-04
elapsed=4.717522e+02 cycle=3898 time=2.627128e+00 dt=6.700597e-04
elapsed=4.722823e+02 cycle=3899 time=2.627798e+00 dt=6.700570e-04
elapsed=4.728073e+02 cycle=3900 time=2.628468e+00 dt=6.700544e-04
elapsed=4.733346e+02 cycle=3901 time=2.629138e+00 dt=6.700517e-04
elapsed=4.738701e+02 cycle=3902 time=2.629808e+00 dt=6.700491e-04
elapsed=4.744010e+02 cycle=3903 time=2.630478e+00 dt=6.700464e-04
elapsed=4.751822e+02 cycle=3904 time=2.631148e+00 dt=6.700438e-04
elapsed=4.778878e+02 cycle=3905 time=2.631818e+00 dt=6.700411e-04
elapsed=4.795442e+02 cycle=3906 time=2.632488e+00 dt=6.700385e-04
elapsed=4.800845e+02 cycle=3907 time=2.633158e+00 dt=6.700358e-04
elapsed=4.806182e+02 cycle=3908 time=2.633828e+00 dt=6.700332e-04
elapsed=4.811414e+02 cycle=3909 time=2.634498e+00 dt=6.700305e-04
elapsed=4.816914e+02 cycle=3910 time=2.635168e+00 dt=6.700278e-04
elapsed=4.822531e+02 cycle=3911 time=2.635838e+00 dt=6.700252e-04
elapsed=4.828201e+02 cycle=3912 time=2.636508e+00 dt=6.700225e-04
elapsed=4.833719e+02 cycle=3913 time=2.637178e+00 dt=6.700199e-04
elapsed=4.838968e+02 cycle=3914 time=2.637848e+00 dt=6.700172e-04
elapsed=4.844204e+02 cycle=3915 time=2.638518e+00 dt=6.700146e-04
elapsed=4.849390e+02 cycle=3916 time=2.639188e+00 dt=6.700119e-04
elapsed=4.854670e+02 cycle=3917 time=2.639858e+00 dt=6.700092e-04
elapsed=4.860081e+02 cycle=3918 time=2.640528e+00 dt=6.700066e-04
elapsed=4.865474e+02 cycle=3919 time=2.641198e+00 dt=6.700039e-04
elapsed=4.870830e+02 cycle=3920 time=2.641868e+00 dt=6.700012e-04
elapsed=4.876149e+02 cycle=3921 time=2.642538e+00 dt=6.699986e-04
elapsed=4.881368e+02 cycle=3922 time=2.643208e+00 dt=6.699959e-04
elapsed=4.886583e+02 cycle=3923 time=2.643878e+00 dt=6.699932e-04
elapsed=4.891769e+02 cycle=3924 time=2.644548e+00 dt=6.699906e-04
elapsed=4.897149e+02 cycle=3925 time=2.645218e+00 dt=6.699879e-04
elapsed=4.902539e+02 cycle=3926 time=2.645888e+00 dt=6.699852e-04
elapsed=4.907997e+02 cycle=3927 time=2.646558e+00 dt=6.699826e-04
elapsed=4.913390e+02 cycle=3928 time=2.647228e+00 dt=6.699799e-04
elapsed=4.918556e+02 cycle=3929 time=2.647898e+00 dt=6.699772e-04
elapsed=4.923720e+02 cycle=3930 time=2.648568e+00 dt=6.699746e-04
elapsed=4.929011e+02 cycle=3931 time=2.649238e+00 dt=6.699719e-04
elapsed=4.934430e+02 cycle=3932 time=2.649908e+00 dt=6.699692e-04
elapsed=4.939834e+02 cycle=3933 time=2.650578e+00 dt=6.699665e-04
elapsed=4.945393e+02 cycle=3934 time=2.651248e+00 dt=6.699639e-04
elapsed=4.950937e+02 cycle=3935 time=2.651918e+00 dt=6.699612e-04
elapsed=4.956326e+02 cycle=3936 time=2.652588e+00 dt=6.699585e-04
elapsed=4.961523e+02 cycle=3937 time=2.653258e+00 dt=6.699559e-04
elapsed=4.966784e+02 cycle=3938 time=2.653928e+00 dt=6.699532e-04
elapsed=4.972010e+02 cycle=3939 time=2.654598e+00 dt=6.699505e-04
elapsed=4.977391e+02 cycle=3940 time=2.655268e+00 dt=6.699478e-04
elapsed=4.982918e+02 cycle=3941 time=2.655938e+00 dt=6.699451e-04
elapsed=4.988299e+02 cycle=3942 time=2.656608e+00 dt=6.699425e-04
elapsed=4.993812e+02 cycle=3943 time=2.657278e+00 dt=6.699398e-04
elapsed=4.999224e+02 cycle=3944 time=2.657948e+00 dt=6.699371e-04
elapsed=5.004463e+02 cycle=3945 time=2.658618e+00 dt=6.699344e-04
elapsed=5.009652e+02 cycle=3946 time=2.659288e+00 dt=6.699317e-04
elapsed=5.014943e+02 cycle=3947 time=2.659958e+00 dt=6.699291e-04
elapsed=5.020273e+02 cycle=3948 time=2.660627e+00 dt=6.699264e-04
elapsed=5.025701e+02 cycle=3949 time=2.661297e+00 dt=6.699237e-04
elapsed=5.031140e+02 cycle=3950 time=2.661967e+00 dt=6.699210e-04
elapsed=5.036590e+02 cycle=3951 time=2.662637e+00 dt=6.699183e-04
elapsed=5.041835e+02 cycle=3952 time=2.663307e+00 dt=6.699156e-04
elapsed=5.047080e+02 cycle=3953 time=2.663977e+00 dt=6.699129e-04
elapsed=5.052336e+02 cycle=3954 time=2.664647e+00 dt=6.699103e-04
elapsed=5.057727e+02 cycle=3955 time=2.665317e+00 dt=6.699076e-04
elapsed=5.063329e+02 cycle=3956 time=2.665987e+00 dt=6.699049e-04
elapsed=5.068768e+02 cycle=3957 time=2.666657e+00 dt=6.699022e-04
elapsed=5.074281e+02 cycle=3958 time=2.667327e+00 dt=6.698995e-04
elapsed=5.079548e+02 cycle=3959 time=2.667996e+00 dt=6.698968e-04
elapsed=5.084812e+02 cycle=3960 time=2.668666e+00 dt=6.698941e-04
elapsed=5.090049e+02 cycle=3961 time=2.669336e+00 dt=6.698914e-04
elapsed=5.095538e+02 cycle=3962 time=2.670006e+00 dt=6.698887e-04
elapsed=5.101196e+02 cycle=3963 time=2.670676e+00 dt=6.698860e-04
elapsed=5.106702e+02 cycle=3964 time=2.671346e+00 dt=6.698833e-04
elapsed=5.112363e+02 cycle=3965 time=2.672016e+00 dt=6.698806e-04
elapsed=5.117764e+02 cycle=3966 time=2.672686e+00 dt=6.698779e-04
elapsed=5.123149e+02 cycle=3967 time=2.673356e+00 dt=6.698753e-04
elapsed=5.128381e+02 cycle=3968 time=2.674025e+00 dt=6.698726e-04
elapsed=5.133646e+02 cycle=3969 time=2.674695e+00 dt=6.698699e-04
elapsed=5.139127e+02 cycle=3970 time=2.675365e+00 dt=6.698672e-04
elapsed=5.144573e+02 cycle=3971 time=2.676035e+00 dt=6.698645e-04
elapsed=5.149999e+02 cycle=3972 time=2.676705e+00 dt=6.698618e-04
elapsed=5.155393e+02 cycle=3973 time=2.677375e+00 dt=6.698591e-04
elapsed=5.160639e+02 cycle=3974 time=2.678045e+00 dt=6.698564e-04
elapsed=5.165847e+02 cycle=3975 time=2.678715e+00 dt=6.698537e-04
elapsed=5.171019e+02 cycle=3976 time=2.679384e+00 dt=6.698509e-04
elapsed=5.176367e+02 cycle=3977 time=2.680054e+00 dt=6.698482e-04
elapsed=5.181681e+02 cycle=3978 time=2.680724e+00 dt=6.698455e-04
elapsed=5.187048e+02 cycle=3979 time=2.681394e+00 dt=6.698428e-04
elapsed=5.192457e+02 cycle=3980 time=2.682064e+00 dt=6.698401e-04
elapsed=5.197762e+02 cycle=3981 time=2.682734e+00 dt=6.698374e-04
elapsed=5.204027e+02 cycle=3982 time=2.683403e+00 dt=6.698347e-04
elapsed=5.209346e+02 cycle=3983 time=2.684073e+00 dt=6.698320e-04
elapsed=5.214636e+02 cycle=3984 time=2.684743e+00 dt=6.698293e-04
elapsed=5.220313e+02 cycle=3985 time=2.685413e+00 dt=6.698266e-04
elapsed=5.225818e+02 cycle=3986 time=2.686083e+00 dt=6.698239e-04
elapsed=5.231300e+02 cycle=3987 time=2.686753e+00 dt=6.698212e-04
elapsed=5.236728e+02 cycle=3988 time=2.687422e+00 dt=6.698185e-04
elapsed=5.242031e+02 cycle=3989 time=2.688092e+00 dt=6.698157e-04
elapsed=5.247260e+02 cycle=3990 time=2.688762e+00 dt=6.698130e-04
elapsed=5.252505e+02 cycle=3991 time=2.689432e+00 dt=6.698103e-04
elapsed=5.257900e+02 cycle=3992 time=2.690102e+00 dt=6.698076e-04
elapsed=5.263344e+02 cycle=3993 time=2.690771e+00 dt=6.698049e-04
elapsed=5.268853e+02 cycle=3994 time=2.691441e+00 dt=6.698022e-04
elapsed=5.274340e+02 cycle=3995 time=2.692111e+00 dt=6.697994e-04
elapsed=5.279619e+02 cycle=3996 time=2.692781e+00 dt=6.697967e-04
elapsed=5.284850e+02 cycle=3997 time=2.693451e+00 dt=6.697940e-04
elapsed=5.290025e+02 cycle=3998 time=2.694120e+00 dt=6.697913e-04
elapsed=5.295279e+02 cycle=3999 time=2.694790e+00 dt=6.697886e-04
elapsed=5.300647e+02 cycle=4000 time=2.695460e+00 dt=6.697859e-04
elapsed=5.306107e+02 cycle=4001 time=2.696130e+00 dt=6.697831e-04
elapsed=5.311585e+02 cycle=4002 time=2.696800e+00 dt=6.697804e-04
elapsed=5.317026e+02 cycle=4003 time=2.697469e+00 dt=6.697777e-04
elapsed=5.322245e+02 cycle=4004 time=2.698139e+00 dt=6.697750e-04
elapsed=5.327460e+02 cycle=4005 time=2.698809e+00 dt=6.697722e-04
elapsed=5.332682e+02 cycle=4006 time=2.699479e+00 dt=6.697695e-04
elapsed=5.338022e+02 cycle=4007 time=2.700148e+00 dt=6.697668e-04
elapsed=5.343493e+02 cycle=4008 time=2.700818e+00 dt=6.697641e-04
elapsed=5.349031e+02 cycle=4009 time=2.701488e+00 dt=6.697613e-04
elapsed=5.354500e+02 cycle=4010 time=2.702158e+00 dt=6.697586e-04
elapsed=5.359779e+02 cycle=4011 time=2.702828e+00 dt=6.697559e-04
elapsed=5.365019e+02 cycle=4012 time=2.703497e+00 dt=6.697532e-04
elapsed=5.370216e+02 cycle=4013 time=2.704167e+00 dt=6.697504e-04
elapsed=5.375531e+02 cycle=4014 time=2.704837e+00 dt=6.697477e-04
elapsed=5.380904e+02 cycle=4015 time=2.705507e+00 dt=6.697450e-04
elapsed=5.386299e+02 cycle=4016 time=2.706176e+00 dt=6.697422e-04
elapsed=5.391873e+02 cycle=4017 time=2.706846e+00 dt=6.697395e-04
elapsed=5.397390e+02 cycle=4018 time=2.707516e+00 dt=6.697368e-04
elapsed=5.403617e+02 cycle=4019 time=2.708186e+00 dt=6.697340e-04
elapsed=5.408867e+02 cycle=4020 time=2.708855e+00 dt=6.697313e-04
elapsed=5.414053e+02 cycle=4021 time=2.709525e+00 dt=6.697286e-04
elapsed=5.419470e+02 cycle=4022 time=2.710195e+00 dt=6.697258e-04
elapsed=5.425098e+02 cycle=4023 time=2.710864e+00 dt=6.697231e-04
elapsed=5.430651e+02 cycle=4024 time=2.711534e+00 dt=6.697203e-04
elapsed=5.436323e+02 cycle=4025 time=2.712204e+00 dt=6.697176e-04
elapsed=5.441637e+02 cycle=4026 time=2.712874e+00 dt=6.697149e-04
elapsed=5.446893e+02 cycle=4027 time=2.713543e+00 dt=6.697121e-04
elapsed=5.452101e+02 cycle=4028 time=2.714213e+00 dt=6.697094e-04
elapsed=5.457396e+02 cycle=4029 time=2.714883e+00 dt=6.697066e-04
elapsed=5.463924e+02 cycle=4030 time=2.715552e+00 dt=6.697039e-04
elapsed=5.469373e+02 cycle=4031 time=2.716222e+00 dt=6.697012e-04
elapsed=5.474958e+02 cycle=4032 time=2.716892e+00 dt=6.696984e-04
elapsed=5.480287e+02 cycle=4033 time=2.717562e+00 dt=6.696957e-04
elapsed=5.485492e+02 cycle=4034 time=2.718231e+00 dt=6.696929e-04
elapsed=5.490664e+02 cycle=4035 time=2.718901e+00 dt=6.696902e-04
elapsed=5.495861e+02 cycle=4036 time=2.719571e+00 dt=6.696874e-04
elapsed=5.501230e+02 cycle=4037 time=2.720240e+00 dt=6.696847e-04
elapsed=5.506675e+02 cycle=4038 time=2.720910e+00 dt=6.696819e-04
elapsed=5.512189e+02 cycle=4039 time=2.721580e+00 dt=6.696792e-04
elapsed=5.517678e+02 cycle=4040 time=2.722249e+00 dt=6.696764e-04
elapsed=5.522961e+02 cycle=4041 time=2.722919e+00 dt=6.696737e-04
elapsed=5.528201e+02 cycle=4042 time=2.723589e+00 dt=6.696709e-04
elapsed=5.533432e+02 cycle=4043 time=2.724258e+00 dt=6.696682e-04
elapsed=5.538720e+02 cycle=4044 time=2.724928e+00 dt=6.696654e-04
elapsed=5.544136e+02 cycle=4045 time=2.725598e+00 dt=6.696627e-04
elapsed=5.549550e+02 cycle=4046 time=2.726267e+00 dt=6.696599e-04
elapsed=5.555001e+02 cycle=4047 time=2.726937e+00 dt=6.696572e-04
elapsed=5.560371e+02 cycle=4048 time=2.727607e+00 dt=6.696544e-04
elapsed=5.565601e+02 cycle=4049 time=2.728276e+00 dt=6.696517e-04
elapsed=5.570837e+02 cycle=4050 time=2.728946e+00 dt=6.696489e-04
elapsed=5.576086e+02 cycle=4051 time=2.729616e+00 dt=6.696461e-04
elapsed=5.581558e+02 cycle=4052 time=2.730285e+00 dt=6.696434e-04
elapsed=5.586994e+02 cycle=4053 time=2.730955e+00 dt=6.696406e-04
elapsed=5.592427e+02 cycle=4054 time=2.731625e+00 dt=6.696379e-04
elapsed=5.598130e+02 cycle=4055 time=2.732294e+00 dt=6.696351e-04
elapsed=5.603462e+02 cycle=4056 time=2.732964e+00 dt=6.696323e-04
elapsed=5.608710e+02 cycle=4057 time=2.733633e+00 dt=6.696296e-04
elapsed=5.613979e+02 cycle=4058 time=2.734303e+00 dt=6.696268e-04
elapsed=5.619308e+02 cycle=4059 time=2.734973e+00 dt=6.696240e-04
elapsed=5.624718e+02 cycle=4060 time=2.735642e+00 dt=6.696213e-04
elapsed=5.630878e+02 cycle=4061 time=2.736312e+00 dt=6.696185e-04
elapsed=5.636375e+02 cycle=4062 time=2.736982e+00 dt=6.696158e-04
elapsed=5.641761e+02 cycle=4063 time=2.737651e+00 dt=6.696130e-04
elapsed=5.647585e+02 cycle=4064 time=2.738321e+00 dt=6.696102e-04
elapsed=5.652813e+02 cycle=4065 time=2.738990e+00 dt=6.696074e-04
elapsed=5.658057e+02 cycle=4066 time=2.739660e+00 dt=6.696047e-04
elapsed=5.663474e+02 cycle=4067 time=2.740330e+00 dt=6.696019e-04
elapsed=5.668931e+02 cycle=4068 time=2.740999e+00 dt=6.695991e-04
elapsed=5.674352e+02 cycle=4069 time=2.741669e+00 dt=6.695964e-04
elapsed=5.679862e+02 cycle=4070 time=2.742338e+00 dt=6.695936e-04
elapsed=5.686054e+02 cycle=4071 time=2.743008e+00 dt=6.695908e-04
elapsed=5.692235e+02 cycle=4072 time=2.743678e+00 dt=6.695880e-04
elapsed=5.697504e+02 cycle=4073 time=2.744347e+00 dt=6.695853e-04
elapsed=5.702864e+02 cycle=4074 time=2.745017e+00 dt=6.695825e-04
elapsed=5.708380e+02 cycle=4075 time=2.745686e+00 dt=6.695797e-04
elapsed=5.713895e+02 cycle=4076 time=2.746356e+00 dt=6.695769e-04
elapsed=5.719538e+02 cycle=4077 time=2.747026e+00 dt=6.695742e-04
elapsed=5.724923e+02 cycle=4078 time=2.747695e+00 dt=6.695714e-04
elapsed=5.732463e+02 cycle=4079 time=2.748365e+00 dt=6.695686e-04
elapsed=5.740338e+02 cycle=4080 time=2.749034e+00 dt=6.695658e-04
elapsed=5.745570e+02 cycle=4081 time=2.749704e+00 dt=6.695631e-04
elapsed=5.753777e+02 cycle=4082 time=2.750373e+00 dt=6.695603e-04
elapsed=5.759381e+02 cycle=4083 time=2.751043e+00 dt=6.695575e-04
elapsed=5.764868e+02 cycle=4084 time=2.751712e+00 dt=6.695547e-04
elapsed=5.770307e+02 cycle=4085 time=2.752382e+00 dt=6.695519e-04
elapsed=5.775505e+02 cycle=4086 time=2.753052e+00 dt=6.695491e-04
elapsed=5.780739e+02 cycle=4087 time=2.753721e+00 dt=6.695464e-04
elapsed=5.785961e+02 cycle=4088 time=2.754391e+00 dt=6.695436e-04
elapsed=5.791245e+02 cycle=4089 time=2.755060e+00 dt=6.695408e-04
elapsed=5.796585e+02 cycle=4090 time=2.755730e+00 dt=6.695380e-04
elapsed=5.801981e+02 cycle=4091 time=2.756399e+00 dt=6.695352e-04
elapsed=5.807356e+02 cycle=4092 time=2.757069e+00 dt=6.695324e-04
elapsed=5.812664e+02 cycle=4093 time=2.757738e+00 dt=6.695296e-04
elapsed=5.817864e+02 cycle=4094 time=2.758408e+00 dt=6.695268e-04
elapsed=5.823143e+02 cycle=4095 time=2.759077e+00 dt=6.695240e-04
elapsed=5.828365e+02 cycle=4096 time=2.759747e+00 dt=6.695213e-04
elapsed=5.833874e+02 cycle=4097 time=2.760416e+00 dt=6.695185e-04
elapsed=5.839397e+02 cycle=4098 time=2.761086e+00 dt=6.695157e-04
elapsed=5.844869e+02 cycle=4099 time=2.761756e+00 dt=6.695129e-04
elapsed=5.850446e+02 cycle=4100 time=2.762425e+00 dt=6.695101e-04
elapsed=5.860972e+02 cycle=4101 time=2.763095e+00 dt=6.695073e-04
elapsed=5.866238e+02 cycle=4102 time=2.763764e+00 dt=6.695045e-04
elapsed=5.871443e+02 cycle=4103 time=2.764434e+00 dt=6.695017e-04
elapsed=5.876869e+02 cycle=4104 time=2.765103e+00 dt=6.694989e-04
elapsed=5.882225e+02 cycle=4105 time=2.765773e+00 dt=6.694961e-04
elapsed=5.887717e+02 cycle=4106 time=2.766442e+00 dt=6.694933e-04
elapsed=5.893226e+02 cycle=4107 time=2.767112e+00 dt=6.694905e-04
elapsed=5.898538e+02 cycle=4108 time=2.767781e+00 dt=6.694877e-04
elapsed=5.903780e+02 cycle=4109 time=2.768451e+00 dt=6.694849e-04
elapsed=5.909043e+02 cycle=4110 time=2.769120e+00 dt=6.694821e-04
elapsed=5.914241e+02 cycle=4111 time=2.769789e+00 dt=6.694793e-04
elapsed=5.920537e+02 cycle=4112 time=2.770459e+00 dt=6.694765e-04
elapsed=5.926040e+02 cycle=4113 time=2.771128e+00 dt=6.694737e-04
elapsed=5.931559e+02 cycle=4114 time=2.771798e+00 dt=6.694709e-04
elapsed=5.936958e+02 cycle=4115 time=2.772467e+00 dt=6.694681e-04
elapsed=5.942195e+02 cycle=4116 time=2.773137e+00 dt=6.694653e-04
elapsed=5.947452e+02 cycle=4117 time=2.773806e+00 dt=6.694625e-04
elapsed=5.952700e+02 cycle=4118 time=2.774476e+00 dt=6.694597e-04
elapsed=5.958032e+02 cycle=4119 time=2.775145e+00 dt=6.694568e-04
elapsed=5.963419e+02 cycle=4120 time=2.775815e+00 dt=6.694540e-04
elapsed=5.968820e+02 cycle=4121 time=2.776484e+00 dt=6.694512e-04
elapsed=5.974267e+02 cycle=4122 time=2.777154e+00 dt=6.694484e-04
elapsed=5.979596e+02 cycle=4123 time=2.777823e+00 dt=6.694456e-04
elapsed=5.984830e+02 cycle=4124 time=2.778493e+00 dt=6.694428e-04
elapsed=5.990083e+02 cycle=4125 time=2.779162e+00 dt=6.694400e-04
elapsed=5.995379e+02 cycle=4126 time=2.779831e+00 dt=6.694372e-04
elapsed=6.000916e+02 cycle=4127 time=2.780501e+00 dt=6.694343e-04
elapsed=6.007405e+02 cycle=4128 time=2.781170e+00 dt=6.694315e-04
elapsed=6.012995e+02 cycle=4129 time=2.781840e+00 dt=6.694287e-04
elapsed=6.018367e+02 cycle=4130 time=2.782509e+00 dt=6.694259e-04
elapsed=6.023627e+02 cycle=4131 time=2.783179e+00 dt=6.694231e-04
elapsed=6.028891e+02 cycle=4132 time=2.783848e+00 dt=6.694203e-04
elapsed=6.034099e+02 cycle=4133 time=2.784517e+00 dt=6.694174e-04
elapsed=6.039472e+02 cycle=4134 time=2.785187e+00 dt=6.694146e-04
elapsed=6.044913e+02 cycle=4135 time=2.785856e+00 dt=6.694118e-04
elapsed=6.050384e+02 cycle=4136 time=2.786526e+00 dt=6.694090e-04
elapsed=6.055877e+02 cycle=4137 time=2.787195e+00 dt=6.694061e-04
elapsed=6.061169e+02 cycle=4138 time=2.787864e+00 dt=6.694033e-04
elapsed=6.066431e+02 cycle=4139 time=2.788534e+00 dt=6.694005e-04
elapsed=6.071683e+02 cycle=4140 time=2.789203e+00 dt=6.693977e-04
elapsed=6.077020e+02 cycle=4141 time=2.789873e+00 dt=6.693948e-04
elapsed=6.082646e+02 cycle=4142 time=2.790542e+00 dt=6.693920e-04
elapsed=6.088070e+02 cycle=4143 time=2.791211e+00 dt=6.693892e-04
elapsed=6.093538e+02 cycle=4144 time=2.791881e+00 dt=6.693864e-04
elapsed=6.098936e+02 cycle=4145 time=2.792550e+00 dt=6.693835e-04
elapsed=6.104240e+02 cycle=4146 time=2.793220e+00 dt=6.693807e-04
elapsed=6.109517e+02 cycle=4147 time=2.793889e+00 dt=6.693779e-04
elapsed=6.114777e+02 cycle=4148 time=2.794558e+00 dt=6.693750e-04
elapsed=6.122119e+02 cycle=4149 time=2.795228e+00 dt=6.693722e-04
elapsed=6.127565e+02 cycle=4150 time=2.795897e+00 dt=6.693694e-04
elapsed=6.133067e+02 cycle=4151 time=2.796566e+00 dt=6.693665e-04
elapsed=6.138521e+02 cycle=4152 time=2.797236e+00 dt=6.693637e-04
elapsed=6.143793e+02 cycle=4153 time=2.797905e+00 dt=6.693609e-04
elapsed=6.149132e+02 cycle=4154 time=2.798575e+00 dt=6.693580e-04
elapsed=6.154394e+02 cycle=4155 time=2.799244e+00 dt=6.693552e-04
elapsed=6.159681e+02 cycle=4156 time=2.799913e+00 dt=6.693524e-04
elapsed=6.165124e+02 cycle=4157 time=2.800583e+00 dt=6.693495e-04
elapsed=6.170678e+02 cycle=4158 time=2.801252e+00 dt=6.693467e-04
elapsed=6.176287e+02 cycle=4159 time=2.801921e+00 dt=6.693438e-04
elapsed=6.181824e+02 cycle=4160 time=2.802591e+00 dt=6.693410e-04
elapsed=6.187069e+02 cycle=4161 time=2.803260e+00 dt=6.693382e-04
elapsed=6.192300e+02 cycle=4162 time=2.803929e+00 dt=6.693353e-04
elapsed=6.197495e+02 cycle=4163 time=2.804599e+00 dt=6.693325e-04
elapsed=6.202992e+02 cycle=4164 time=2.805268e+00 dt=6.693296e-04
elapsed=6.208442e+02 cycle=4165 time=2.805937e+00 dt=6.693268e-04
elapsed=6.213878e+02 cycle=4166 time=2.806607e+00 dt=6.693239e-04
elapsed=6.219272e+02 cycle=4167 time=2.807276e+00 dt=6.693211e-04
elapsed=6.224471e+02 cycle=4168 time=2.807945e+00 dt=6.693183e-04
elapsed=6.229682e+02 cycle=4169 time=2.808615e+00 dt=6.693154e-04
elapsed=6.234878e+02 cycle=4170 time=2.809284e+00 dt=6.693126e-04
elapsed=6.240168e+02 cycle=4171 time=2.809953e+00 dt=6.693097e-04
elapsed=6.245754e+02 cycle=4172 time=2.810623e+00 dt=6.693069e-04
elapsed=6.251372e+02 cycle=4173 time=2.811292e+00 dt=6.693040e-04
elapsed=6.256806e+02 cycle=4174 time=2.811961e+00 dt=6.693012e-04
elapsed=6.262147e+02 cycle=4175 time=2.812630e+00 dt=6.692983e-04
elapsed=6.267368e+02 cycle=4176 time=2.813300e+00 dt=6.692954e-04
elapsed=6.272596e+02 cycle=4177 time=2.813969e+00 dt=6.692926e-04
elapsed=6.277838e+02 cycle=4178 time=2.814638e+00 dt=6.692897e-04
elapsed=6.283195e+02 cycle=4179 time=2.815308e+00 dt=6.692869e-04
elapsed=6.288716e+02 cycle=4180 time=2.815977e+00 dt=6.692840e-04
elapsed=6.294333e+02 cycle=4181 time=2.816646e+00 dt=6.692812e-04
elapsed=6.299804e+02 cycle=4182 time=2.817316e+00 dt=6.692783e-04
elapsed=6.305027e+02 cycle=4183 time=2.817985e+00 dt=6.692755e-04
elapsed=6.310221e+02 cycle=4184 time=2.818654e+00 dt=6.692726e-04
elapsed=6.315418e+02 cycle=4185 time=2.819323e+00 dt=6.692697e-04
elapsed=6.320708e+02 cycle=4186 time=2.819993e+00 dt=6.692669e-04
elapsed=6.326164e+02 cycle=4187 time=2.820662e+00 dt=6.692640e-04
elapsed=6.331569e+02 cycle=4188 time=2.821331e+00 dt=6.692611e-04
elapsed=6.336984e+02 cycle=4189 time=2.822000e+00 dt=6.692583e-04
elapsed=6.342338e+02 cycle=4190 time=2.822670e+00 dt=6.692554e-04
elapsed=6.348525e+02 cycle=4191 time=2.823339e+00 dt=6.692526e-04
elapsed=6.353780e+02 cycle=4192 time=2.824008e+00 dt=6.692497e-04
elapsed=6.359016e+02 cycle=4193 time=2.824677e+00 dt=6.692468e-04
elapsed=6.364376e+02 cycle=4194 time=2.825347e+00 dt=6.692440e-04
elapsed=6.369738e+02 cycle=4195 time=2.826016e+00 dt=6.692411e-04
elapsed=6.375187e+02 cycle=4196 time=2.826685e+00 dt=6.692382e-04
elapsed=6.380610e+02 cycle=4197 time=2.827354e+00 dt=6.692353e-04
elapsed=6.385828e+02 cycle=4198 time=2.828024e+00 dt=6.692325e-04
elapsed=6.391061e+02 cycle=4199 time=2.828693e+00 dt=6.692296e-04
elapsed=6.396237e+02 cycle=4200 time=2.829362e+00 dt=6.692267e-04
elapsed=6.401475e+02 cycle=4201 time=2.830031e+00 dt=6.692239e-04
elapsed=6.407860e+02 cycle=4202 time=2.830701e+00 dt=6.692210e-04
elapsed=6.413258e+02 cycle=4203 time=2.831370e+00 dt=6.692181e-04
elapsed=6.418787e+02 cycle=4204 time=2.832039e+00 dt=6.692152e-04
elapsed=6.424072e+02 cycle=4205 time=2.832708e+00 dt=6.692124e-04
elapsed=6.429268e+02 cycle=4206 time=2.833377e+00 dt=6.692095e-04
elapsed=6.434495e+02 cycle=4207 time=2.834047e+00 dt=6.692066e-04
elapsed=6.439716e+02 cycle=4208 time=2.834716e+00 dt=6.692037e-04
elapsed=6.445244e+02 cycle=4209 time=2.835385e+00 dt=6.692008e-04
elapsed=6.450652e+02 cycle=4210 time=2.836054e+00 dt=6.691980e-04
elapsed=6.456045e+02 cycle=4211 time=2.836723e+00 dt=6.691951e-04
elapsed=6.462451e+02 cycle=4212 time=2.837393e+00 dt=6.691922e-04
elapsed=6.467710e+02 cycle=4213 time=2.838062e+00 dt=6.691893e-04
elapsed=6.472936e+02 cycle=4214 time=2.838731e+00 dt=6.691864e-04
elapsed=6.478155e+02 cycle=4215 time=2.839400e+00 dt=6.691836e-04
elapsed=6.483501e+02 cycle=4216 time=2.840069e+00 dt=6.691807e-04
elapsed=6.489064e+02 cycle=4217 time=2.840739e+00 dt=6.691778e-04
elapsed=6.494689e+02 cycle=4218 time=2.841408e+00 dt=6.691749e-04
elapsed=6.500267e+02 cycle=4219 time=2.842077e+00 dt=6.691720e-04
elapsed=6.505561e+02 cycle=4220 time=2.842746e+00 dt=6.691691e-04
elapsed=6.510835e+02 cycle=4221 time=2.843415e+00 dt=6.691662e-04
elapsed=6.516057e+02 cycle=4222 time=2.844084e+00 dt=6.691633e-04
elapsed=6.521307e+02 cycle=4223 time=2.844754e+00 dt=6.691605e-04
elapsed=6.526736e+02 cycle=4224 time=2.845423e+00 dt=6.691576e-04
elapsed=6.532168e+02 cycle=4225 time=2.846092e+00 dt=6.691547e-04
elapsed=6.537624e+02 cycle=4226 time=2.846761e+00 dt=6.691518e-04
elapsed=6.543145e+02 cycle=4227 time=2.847430e+00 dt=6.691489e-04
elapsed=6.548422e+02 cycle=4228 time=2.848099e+00 dt=6.691460e-04
elapsed=6.553711e+02 cycle=4229 time=2.848768e+00 dt=6.691431e-04
elapsed=6.558986e+02 cycle=4230 time=2.849438e+00 dt=6.691402e-04
elapsed=6.564348e+02 cycle=4231 time=2.850107e+00 dt=6.691373e-04
elapsed=6.569734e+02 cycle=4232 time=2.850776e+00 dt=6.691344e-04
elapsed=6.575190e+02 cycle=4233 time=2.851445e+00 dt=6.691315e-04
elapsed=6.580722e+02 cycle=4234 time=2.852114e+00 dt=6.691286e-04
elapsed=6.586101e+02 cycle=4235 time=2.852783e+00 dt=6.691257e-04
elapsed=6.591344e+02 cycle=4236 time=2.853452e+00 dt=6.691228e-04
elapsed=6.596565e+02 cycle=4237 time=2.854122e+00 dt=6.691199e-04
elapsed=6.601782e+02 cycle=4238 time=2.854791e+00 dt=6.691170e-04
elapsed=6.607261e+02 cycle=4239 time=2.855460e+00 dt=6.691141e-04
elapsed=6.612838e+02 cycle=4240 time=2.856129e+00 dt=6.691112e-04
elapsed=6.619275e+02 cycle=4241 time=2.856798e+00 dt=6.691083e-04
elapsed=6.624698e+02 cycle=4242 time=2.857467e+00 dt=6.691054e-04
elapsed=6.629998e+02 cycle=4243 time=2.858136e+00 dt=6.691025e-04
elapsed=6.635284e+02 cycle=4244 time=2.858805e+00 dt=6.690996e-04
elapsed=6.640577e+02 cycle=4245 time=2.859474e+00 dt=6.690967e-04
elapsed=6.646116e+02 cycle=4246 time=2.860144e+00 dt=6.690938e-04
elapsed=6.651658e+02 cycle=4247 time=2.860813e+00 dt=6.690908e-04
elapsed=6.657093e+02 cycle=4248 time=2.861482e+00 dt=6.690879e-04
elapsed=6.662526e+02 cycle=4249 time=2.862151e+00 dt=6.690850e-04
elapsed=6.667856e+02 cycle=4250 time=2.862820e+00 dt=6.690821e-04
elapsed=6.673199e+02 cycle=4251 time=2.863489e+00 dt=6.690792e-04
elapsed=6.678415e+02 cycle=4252 time=2.864158e+00 dt=6.690763e-04
elapsed=6.683599e+02 cycle=4253 time=2.864827e+00 dt=6.690734e-04
elapsed=6.688981e+02 cycle=4254 time=2.865496e+00 dt=6.690705e-04
elapsed=6.694342e+02 cycle=4255 time=2.866165e+00 dt=6.690675e-04
elapsed=6.699726e+02 cycle=4256 time=2.866834e+00 dt=6.690646e-04
elapsed=6.705106e+02 cycle=4257 time=2.867503e+00 dt=6.690617e-04
elapsed=6.710314e+02 cycle=4258 time=2.868172e+00 dt=6.690588e-04
elapsed=6.715507e+02 cycle=4259 time=2.868842e+00 dt=6.690559e-04
elapsed=6.720711e+02 cycle=4260 time=2.869511e+00 dt=6.690530e-04
elapsed=6.726190e+02 cycle=4261 time=2.870180e+00 dt=6.690500e-04
elapsed=6.731671e+02 cycle=4262 time=2.870849e+00 dt=6.690471e-04
elapsed=6.737120e+02 cycle=4263 time=2.871518e+00 dt=6.690442e-04
elapsed=6.742576e+02 cycle=4264 time=2.872187e+00 dt=6.690413e-04
elapsed=6.747833e+02 cycle=4265 time=2.872856e+00 dt=6.690383e-04
elapsed=6.753034e+02 cycle=4266 time=2.873525e+00 dt=6.690354e-04
elapsed=6.758244e+02 cycle=4267 time=2.874194e+00 dt=6.690325e-04
elapsed=6.763527e+02 cycle=4268 time=2.874863e+00 dt=6.690296e-04
elapsed=6.768996e+02 cycle=4269 time=2.875532e+00 dt=6.690266e-04
elapsed=6.774503e+02 cycle=4270 time=2.876201e+00 dt=6.690237e-04
elapsed=6.779895e+02 cycle=4271 time=2.876870e+00 dt=6.690208e-04
elapsed=6.785299e+02 cycle=4272 time=2.877539e+00 dt=6.690178e-04
elapsed=6.790518e+02 cycle=4273 time=2.878208e+00 dt=6.690149e-04
elapsed=6.795755e+02 cycle=4274 time=2.878877e+00 dt=6.690120e-04
elapsed=6.800947e+02 cycle=4275 time=2.879546e+00 dt=6.690091e-04
elapsed=6.806330e+02 cycle=4276 time=2.880215e+00 dt=6.690061e-04
elapsed=6.811712e+02 cycle=4277 time=2.880884e+00 dt=6.690032e-04
elapsed=6.817120e+02 cycle=4278 time=2.881553e+00 dt=6.690003e-04
elapsed=6.822535e+02 cycle=4279 time=2.882222e+00 dt=6.689973e-04
elapsed=6.827832e+02 cycle=4280 time=2.882891e+00 dt=6.689944e-04
elapsed=6.833185e+02 cycle=4281 time=2.883560e+00 dt=6.689914e-04
elapsed=6.838379e+02 cycle=4282 time=2.884229e+00 dt=6.689885e-04
elapsed=6.843663e+02 cycle=4283 time=2.884898e+00 dt=6.689856e-04
elapsed=6.849065e+02 cycle=4284 time=2.885567e+00 dt=6.689826e-04
elapsed=6.854464e+02 cycle=4285 time=2.886236e+00 dt=6.689797e-04
elapsed=6.859889e+02 cycle=4286 time=2.886905e+00 dt=6.689767e-04
elapsed=6.865302e+02 cycle=4287 time=2.887574e+00 dt=6.689738e-04
elapsed=6.870536e+02 cycle=4288 time=2.888243e+00 dt=6.689709e-04
elapsed=6.875736e+02 cycle=4289 time=2.888912e+00 dt=6.689679e-04
elapsed=6.880919e+02 cycle=4290 time=2.889581e+00 dt=6.689650e-04
elapsed=6.886250e+02 cycle=4291 time=2.890250e+00 dt=6.689620e-04
elapsed=6.891617e+02 cycle=4292 time=2.890919e+00 dt=6.689591e-04
elapsed=6.897003e+02 cycle=4293 time=2.891588e+00 dt=6.689561e-04
elapsed=6.902453e+02 cycle=4294 time=2.892257e+00 dt=6.689532e-04
elapsed=6.907725e+02 cycle=4295 time=2.892926e+00 dt=6.689502e-04
elapsed=6.912986e+02 cycle=4296 time=2.893595e+00 dt=6.689473e-04
elapsed=6.918201e+02 cycle=4297 time=2.894264e+00 dt=6.689443e-04
elapsed=6.923460e+02 cycle=4298 time=2.894933e+00 dt=6.689414e-04
elapsed=6.928911e+02 cycle=4299 time=2.895601e+00 dt=6.689384e-04
elapsed=6.934398e+02 cycle=4300 time=2.896270e+00 dt=6.689355e-04
elapsed=6.939805e+02 cycle=4301 time=2.896939e+00 dt=6.689325e-04
elapsed=6.945239e+02 cycle=4302 time=2.897608e+00 dt=6.689296e-04
elapsed=6.950487e+02 cycle=4303 time=2.898277e+00 dt=6.689266e-04
elapsed=6.955737e+02 cycle=4304 time=2.898946e+00 dt=6.689237e-04
elapsed=6.960978e+02 cycle=4305 time=2.899615e+00 dt=6.689207e-04
elapsed=6.966353e+02 cycle=4306 time=2.900284e+00 dt=6.689178e-04
elapsed=6.971881e+02 cycle=4307 time=2.900953e+00 dt=6.689148e-04
elapsed=6.977325e+02 cycle=4308 time=2.901622e+00 dt=6.689118e-04
elapsed=6.982801e+02 cycle=4309 time=2.902291e+00 dt=6.689089e-04
elapsed=6.988109e+02 cycle=4310 time=2.902960e+00 dt=6.689059e-04
elapsed=6.993488e+02 cycle=4311 time=2.903629e+00 dt=6.689030e-04
elapsed=6.998884e+02 cycle=4312 time=2.904297e+00 dt=6.689000e-04
elapsed=7.004321e+02 cycle=4313 time=2.904966e+00 dt=6.688970e-04
elapsed=7.009842e+02 cycle=4314 time=2.905635e+00 dt=6.688941e-04
elapsed=7.015441e+02 cycle=4315 time=2.906304e+00 dt=6.688911e-04
elapsed=7.020933e+02 cycle=4316 time=2.906973e+00 dt=6.688881e-04
elapsed=7.026400e+02 cycle=4317 time=2.907642e+00 dt=6.688852e-04
elapsed=7.031703e+02 cycle=4318 time=2.908311e+00 dt=6.688822e-04
elapsed=7.036959e+02 cycle=4319 time=2.908980e+00 dt=6.688792e-04
elapsed=7.042183e+02 cycle=4320 time=2.909649e+00 dt=6.688763e-04
elapsed=7.047596e+02 cycle=4321 time=2.910317e+00 dt=6.688733e-04
elapsed=7.053023e+02 cycle=4322 time=2.910986e+00 dt=6.688703e-04
elapsed=7.058454e+02 cycle=4323 time=2.911655e+00 dt=6.688674e-04
elapsed=7.063948e+02 cycle=4324 time=2.912324e+00 dt=6.688644e-04
elapsed=7.069255e+02 cycle=4325 time=2.912993e+00 dt=6.688614e-04
elapsed=7.074507e+02 cycle=4326 time=2.913662e+00 dt=6.688584e-04
elapsed=7.079729e+02 cycle=4327 time=2.914331e+00 dt=6.688555e-04
elapsed=7.085128e+02 cycle=4328 time=2.914999e+00 dt=6.688525e-04
elapsed=7.090723e+02 cycle=4329 time=2.915668e+00 dt=6.688495e-04
elapsed=7.096244e+02 cycle=4330 time=2.916337e+00 dt=6.688465e-04
elapsed=7.101681e+02 cycle=4331 time=2.917006e+00 dt=6.688436e-04
elapsed=7.107091e+02 cycle=4332 time=2.917675e+00 dt=6.688406e-04
elapsed=7.112392e+02 cycle=4333 time=2.918344e+00 dt=6.688376e-04
elapsed=7.117616e+02 cycle=4334 time=2.919013e+00 dt=6.688346e-04
elapsed=7.122899e+02 cycle=4335 time=2.919681e+00 dt=6.688316e-04
elapsed=7.128337e+02 cycle=4336 time=2.920350e+00 dt=6.688287e-04
elapsed=7.133904e+02 cycle=4337 time=2.921019e+00 dt=6.688257e-04
elapsed=7.139308e+02 cycle=4338 time=2.921688e+00 dt=6.688227e-04
elapsed=7.144687e+02 cycle=4339 time=2.922357e+00 dt=6.688197e-04
elapsed=7.149886e+02 cycle=4340 time=2.923026e+00 dt=6.688167e-04
elapsed=7.155091e+02 cycle=4341 time=2.923694e+00 dt=6.688137e-04
elapsed=7.160291e+02 cycle=4342 time=2.924363e+00 dt=6.688107e-04
elapsed=7.165609e+02 cycle=4343 time=2.925032e+00 dt=6.688078e-04
elapsed=7.170964e+02 cycle=4344 time=2.925701e+00 dt=6.688048e-04
elapsed=7.176387e+02 cycle=4345 time=2.926370e+00 dt=6.688018e-04
elapsed=7.183756e+02 cycle=4346 time=2.927038e+00 dt=6.687988e-04
elapsed=7.189043e+02 cycle=4347 time=2.927707e+00 dt=6.687958e-04
elapsed=7.194244e+02 cycle=4348 time=2.928376e+00 dt=6.687928e-04
elapsed=7.199498e+02 cycle=4349 time=2.929045e+00 dt=6.687898e-04
elapsed=7.204739e+02 cycle=4350 time=2.929714e+00 dt=6.687868e-04
elapsed=7.210339e+02 cycle=4351 time=2.930382e+00 dt=6.687838e-04
elapsed=7.215930e+02 cycle=4352 time=2.931051e+00 dt=6.687808e-04
elapsed=7.221393e+02 cycle=4353 time=2.931720e+00 dt=6.687778e-04
elapsed=7.226819e+02 cycle=4354 time=2.932389e+00 dt=6.687748e-04
elapsed=7.232052e+02 cycle=4355 time=2.933057e+00 dt=6.687718e-04
elapsed=7.237367e+02 cycle=4356 time=2.933726e+00 dt=6.687688e-04
elapsed=7.242591e+02 cycle=4357 time=2.934395e+00 dt=6.687658e-04
elapsed=7.247910e+02 cycle=4358 time=2.935064e+00 dt=6.687628e-04
elapsed=7.253363e+02 cycle=4359 time=2.935733e+00 dt=6.687598e-04
elapsed=7.258806e+02 cycle=4360 time=2.936401e+00 dt=6.687568e-04
elapsed=7.264332e+02 cycle=4361 time=2.937070e+00 dt=6.687538e-04
elapsed=7.269633e+02 cycle=4362 time=2.937739e+00 dt=6.687508e-04
elapsed=7.274843e+02 cycle=4363 time=2.938408e+00 dt=6.687478e-04
elapsed=7.280025e+02 cycle=4364 time=2.939076e+00 dt=6.687448e-04
elapsed=7.285190e+02 cycle=4365 time=2.939745e+00 dt=6.687418e-04
elapsed=7.290523e+02 cycle=4366 time=2.940414e+00 dt=6.687388e-04
elapsed=7.295887e+02 cycle=4367 time=2.941083e+00 dt=6.687358e-04
elapsed=7.301414e+02 cycle=4368 time=2.941751e+00 dt=6.687328e-04
elapsed=7.306916e+02 cycle=4369 time=2.942420e+00 dt=6.687298e-04
elapsed=7.312179e+02 cycle=4370 time=2.943089e+00 dt=6.687268e-04
elapsed=7.317371e+02 cycle=4371 time=2.943757e+00 dt=6.687238e-04
elapsed=7.322549e+02 cycle=4372 time=2.944426e+00 dt=6.687208e-04
elapsed=7.327858e+02 cycle=4373 time=2.945095e+00 dt=6.687177e-04
elapsed=7.333391e+02 cycle=4374 time=2.945764e+00 dt=6.687147e-04
elapsed=7.338868e+02 cycle=4375 time=2.946432e+00 dt=6.687117e-04
elapsed=7.344316e+02 cycle=4376 time=2.947101e+00 dt=6.687087e-04
elapsed=7.349623e+02 cycle=4377 time=2.947770e+00 dt=6.687057e-04
elapsed=7.354815e+02 cycle=4378 time=2.948438e+00 dt=6.687027e-04
elapsed=7.360009e+02 cycle=4379 time=2.949107e+00 dt=6.686996e-04
elapsed=7.365266e+02 cycle=4380 time=2.949776e+00 dt=6.686966e-04
elapsed=7.370807e+02 cycle=4381 time=2.950445e+00 dt=6.686936e-04
elapsed=7.376165e+02 cycle=4382 time=2.951113e+00 dt=6.686906e-04
elapsed=7.395909e+02 cycle=4383 time=2.951782e+00 dt=6.686876e-04
elapsed=7.401298e+02 cycle=4384 time=2.952451e+00 dt=6.686845e-04
elapsed=7.406569e+02 cycle=4385 time=2.953119e+00 dt=6.686815e-04
elapsed=7.411816e+02 cycle=4386 time=2.953788e+00 dt=6.686785e-04
elapsed=7.417031e+02 cycle=4387 time=2.954457e+00 dt=6.686755e-04
elapsed=7.422388e+02 cycle=4388 time=2.955125e+00 dt=6.686725e-04
elapsed=7.427871e+02 cycle=4389 time=2.955794e+00 dt=6.686694e-04
elapsed=7.433428e+02 cycle=4390 time=2.956463e+00 dt=6.686664e-04
elapsed=7.438847e+02 cycle=4391 time=2.957131e+00 dt=6.686634e-04
elapsed=7.444135e+02 cycle=4392 time=2.957800e+00 dt=6.686603e-04
elapsed=7.449354e+02 cycle=4393 time=2.958469e+00 dt=6.686573e-04
elapsed=7.454586e+02 cycle=4394 time=2.959137e+00 dt=6.686543e-04
elapsed=7.459900e+02 cycle=4395 time=2.959806e+00 dt=6.686513e-04
elapsed=7.465448e+02 cycle=4396 time=2.960475e+00 dt=6.686482e-04
elapsed=7.471076e+02 cycle=4397 time=2.961143e+00 dt=6.686452e-04
elapsed=7.476756e+02 cycle=4398 time=2.961812e+00 dt=6.686422e-04
elapsed=7.482442e+02 cycle=4399 time=2.962481e+00 dt=6.686391e-04
elapsed=7.487852e+02 cycle=4400 time=2.963149e+00 dt=6.686361e-04
elapsed=7.493068e+02 cycle=4401 time=2.963818e+00 dt=6.686331e-04
elapsed=7.498290e+02 cycle=4402 time=2.964486e+00 dt=6.686300e-04
elapsed=7.503702e+02 cycle=4403 time=2.965155e+00 dt=6.686270e-04
elapsed=7.509218e+02 cycle=4404 time=2.965824e+00 dt=6.686239e-04
elapsed=7.514870e+02 cycle=4405 time=2.966492e+00 dt=6.686209e-04
elapsed=7.520368e+02 cycle=4406 time=2.967161e+00 dt=6.686179e-04
elapsed=7.525651e+02 cycle=4407 time=2.967830e+00 dt=6.686148e-04
elapsed=7.530901e+02 cycle=4408 time=2.968498e+00 dt=6.686118e-04
elapsed=7.536180e+02 cycle=4409 time=2.969167e+00 dt=6.686087e-04
elapsed=7.541608e+02 cycle=4410 time=2.969835e+00 dt=6.686057e-04
elapsed=7.547376e+02 cycle=4411 time=2.970504e+00 dt=6.686026e-04
elapsed=7.552836e+02 cycle=4412 time=2.971173e+00 dt=6.685996e-04
elapsed=7.558320e+02 cycle=4413 time=2.971841e+00 dt=6.685966e-04
elapsed=7.563672e+02 cycle=4414 time=2.972510e+00 dt=6.685935e-04
elapsed=7.568935e+02 cycle=4415 time=2.973178e+00 dt=6.685905e-04
elapsed=7.574169e+02 cycle=4416 time=2.973847e+00 dt=6.685874e-04
elapsed=7.579403e+02 cycle=4417 time=2.974516e+00 dt=6.685844e-04
elapsed=7.585845e+02 cycle=4418 time=2.975184e+00 dt=6.685813e-04
elapsed=7.591266e+02 cycle=4419 time=2.975853e+00 dt=6.685783e-04
elapsed=7.596682e+02 cycle=4420 time=2.976521e+00 dt=6.685752e-04
elapsed=7.602124e+02 cycle=4421 time=2.977190e+00 dt=6.685722e-04
elapsed=7.607369e+02 cycle=4422 time=2.977858e+00 dt=6.685691e-04
elapsed=7.612622e+02 cycle=4423 time=2.978527e+00 dt=6.685661e-04
elapsed=7.618727e+02 cycle=4424 time=2.979196e+00 dt=6.685630e-04
elapsed=7.624073e+02 cycle=4425 time=2.979864e+00 dt=6.685599e-04
elapsed=7.629734e+02 cycle=4426 time=2.980533e+00 dt=6.685569e-04
elapsed=7.635281e+02 cycle=4427 time=2.981201e+00 dt=6.685538e-04
elapsed=7.640705e+02 cycle=4428 time=2.981870e+00 dt=6.685508e-04
elapsed=7.646015e+02 cycle=4429 time=2.982538e+00 dt=6.685477e-04
elapsed=7.651143e+02 cycle=4430 time=2.983207e+00 dt=6.685447e-04
elapsed=7.656289e+02 cycle=4431 time=2.983876e+00 dt=6.685416e-04
elapsed=7.661478e+02 cycle=4432 time=2.984544e+00 dt=6.685385e-04
elapsed=7.666985e+02 cycle=4433 time=2.985213e+00 dt=6.685355e-04
elapsed=7.672574e+02 cycle=4434 time=2.985881e+00 dt=6.685324e-04
elapsed=7.677987e+02 cycle=4435 time=2.986550e+00 dt=6.685293e-04
elapsed=7.683704e+02 cycle=4436 time=2.987218e+00 dt=6.685263e-04
elapsed=7.689044e+02 cycle=4437 time=2.987887e+00 dt=6.685232e-04
elapsed=7.694212e+02 cycle=4438 time=2.988555e+00 dt=6.685201e-04
elapsed=7.699423e+02 cycle=4439 time=2.989224e+00 dt=6.685171e-04
elapsed=7.704692e+02 cycle=4440 time=2.989892e+00 dt=6.685140e-04
elapsed=7.710103e+02 cycle=4441 time=2.990561e+00 dt=6.685109e-04
elapsed=7.715708e+02 cycle=4442 time=2.991229e+00 dt=6.685079e-04
elapsed=7.721206e+02 cycle=4443 time=2.991898e+00 dt=6.685048e-04
elapsed=7.726488e+02 cycle=4444 time=2.992566e+00 dt=6.685017e-04
elapsed=7.731656e+02 cycle=4445 time=2.993235e+00 dt=6.684987e-04
elapsed=7.736858e+02 cycle=4446 time=2.993903e+00 dt=6.684956e-04
elapsed=7.742050e+02 cycle=4447 time=2.994572e+00 dt=6.684925e-04
elapsed=7.747398e+02 cycle=4448 time=2.995240e+00 dt=6.684894e-04
elapsed=7.752805e+02 cycle=4449 time=2.995909e+00 dt=6.684864e-04
elapsed=7.758275e+02 cycle=4450 time=2.996577e+00 dt=6.684833e-04
elapsed=7.763731e+02 cycle=4451 time=2.997246e+00 dt=6.684802e-04
elapsed=7.768928e+02 cycle=4452 time=2.997914e+00 dt=6.684771e-04
elapsed=7.774113e+02 cycle=4453 time=2.998583e+00 dt=6.684740e-04
elapsed=7.779297e+02 cycle=4454 time=2.999251e+00 dt=6.684710e-04
elapsed=7.784632e+02 cycle=4455 time=2.999920e+00 dt=6.684679e-04
elapsed=7.793918e+02 cycle=4456 time=3.000588e+00 dt=6.684648e-04
elapsed=7.799364e+02 cycle=4457 time=3.001257e+00 dt=6.684617e-04
elapsed=7.804774e+02 cycle=4458 time=3.001925e+00 dt=6.684586e-04
elapsed=7.810056e+02 cycle=4459 time=3.002594e+00 dt=6.684555e-04
elapsed=7.815274e+02 cycle=4460 time=3.003262e+00 dt=6.684525e-04
elapsed=7.820510e+02 cycle=4461 time=3.003930e+00 dt=6.684494e-04
elapsed=7.825698e+02 cycle=4462 time=3.004599e+00 dt=6.684463e-04
elapsed=7.831208e+02 cycle=4463 time=3.005267e+00 dt=6.684432e-04
elapsed=7.836555e+02 cycle=4464 time=3.005936e+00 dt=6.684401e-04
elapsed=7.841951e+02 cycle=4465 time=3.006604e+00 dt=6.684370e-04
elapsed=7.847302e+02 cycle=4466 time=3.007273e+00 dt=6.684339e-04
elapsed=7.852607e+02 cycle=4467 time=3.007941e+00 dt=6.684308e-04
elapsed=7.857818e+02 cycle=4468 time=3.008609e+00 dt=6.684278e-04
elapsed=7.863003e+02 cycle=4469 time=3.009278e+00 dt=6.684247e-04
elapsed=7.868298e+02 cycle=4470 time=3.009946e+00 dt=6.684216e-04
elapsed=7.873660e+02 cycle=4471 time=3.010615e+00 dt=6.684185e-04
elapsed=7.879297e+02 cycle=4472 time=3.011283e+00 dt=6.684154e-04
elapsed=7.884752e+02 cycle=4473 time=3.011952e+00 dt=6.684123e-04
elapsed=7.890047e+02 cycle=4474 time=3.012620e+00 dt=6.684092e-04
elapsed=7.895262e+02 cycle=4475 time=3.013288e+00 dt=6.684061e-04
elapsed=7.900514e+02 cycle=4476 time=3.013957e+00 dt=6.684030e-04
elapsed=7.905796e+02 cycle=4477 time=3.014625e+00 dt=6.683999e-04
elapsed=7.911398e+02 cycle=4478 time=3.015294e+00 dt=6.683968e-04
elapsed=7.917073e+02 cycle=4479 time=3.015962e+00 dt=6.683937e-04
elapsed=7.922639e+02 cycle=4480 time=3.016630e+00 dt=6.683906e-04
elapsed=7.928041e+02 cycle=4481 time=3.017299e+00 dt=6.683875e-04
elapsed=7.934228e+02 cycle=4482 time=3.017967e+00 dt=6.683844e-04
elapsed=7.939518e+02 cycle=4483 time=3.018636e+00 dt=6.683813e-04
elapsed=7.944739e+02 cycle=4484 time=3.019304e+00 dt=6.683782e-04
elapsed=7.950143e+02 cycle=4485 time=3.019972e+00 dt=6.683751e-04
elapsed=7.955540e+02 cycle=4486 time=3.020641e+00 dt=6.683720e-04
elapsed=7.960965e+02 cycle=4487 time=3.021309e+00 dt=6.683688e-04
elapsed=7.966435e+02 cycle=4488 time=3.021977e+00 dt=6.683657e-04
elapsed=7.971744e+02 cycle=4489 time=3.022646e+00 dt=6.683626e-04
elapsed=7.976985e+02 cycle=4490 time=3.023314e+00 dt=6.683595e-04
elapsed=7.982228e+02 cycle=4491 time=3.023983e+00 dt=6.683564e-04
elapsed=7.987492e+02 cycle=4492 time=3.024651e+00 dt=6.683533e-04
elapsed=7.992874e+02 cycle=4493 time=3.025319e+00 dt=6.683502e-04
elapsed=7.998308e+02 cycle=4494 time=3.025988e+00 dt=6.683471e-04
elapsed=8.003761e+02 cycle=4495 time=3.026656e+00 dt=6.683440e-04
elapsed=8.009122e+02 cycle=4496 time=3.027324e+00 dt=6.683408e-04
elapsed=8.014404e+02 cycle=4497 time=3.027993e+00 dt=6.683377e-04
elapsed=8.019634e+02 cycle=4498 time=3.028661e+00 dt=6.683346e-04
elapsed=8.024858e+02 cycle=4499 time=3.029329e+00 dt=6.683315e-04
elapsed=8.030373e+02 cycle=4500 time=3.029998e+00 dt=6.683284e-04
elapsed=8.035960e+02 cycle=4501 time=3.030666e+00 dt=6.683252e-04
elapsed=8.041616e+02 cycle=4502 time=3.031334e+00 dt=6.683221e-04
elapsed=8.047206e+02 cycle=4503 time=3.032003e+00 dt=6.683190e-04
elapsed=8.052490e+02 cycle=4504 time=3.032671e+00 dt=6.683159e-04
elapsed=8.057745e+02 cycle=4505 time=3.033339e+00 dt=6.683128e-04
elapsed=8.064012e+02 cycle=4506 time=3.034008e+00 dt=6.683096e-04
elapsed=8.069334e+02 cycle=4507 time=3.034676e+00 dt=6.683065e-04
elapsed=8.074984e+02 cycle=4508 time=3.035344e+00 dt=6.683034e-04
elapsed=8.080422e+02 cycle=4509 time=3.036012e+00 dt=6.683003e-04
elapsed=8.085890e+02 cycle=4510 time=3.036681e+00 dt=6.682971e-04
elapsed=8.091264e+02 cycle=4511 time=3.037349e+00 dt=6.682940e-04
elapsed=8.096479e+02 cycle=4512 time=3.038017e+00 dt=6.682909e-04
elapsed=8.101669e+02 cycle=4513 time=3.038686e+00 dt=6.682877e-04
elapsed=8.106857e+02 cycle=4514 time=3.039354e+00 dt=6.682846e-04
elapsed=8.112199e+02 cycle=4515 time=3.040022e+00 dt=6.682815e-04
elapsed=8.117740e+02 cycle=4516 time=3.040691e+00 dt=6.682784e-04
elapsed=8.123320e+02 cycle=4517 time=3.041359e+00 dt=6.682752e-04
elapsed=8.128812e+02 cycle=4518 time=3.042027e+00 dt=6.682721e-04
elapsed=8.134061e+02 cycle=4519 time=3.042695e+00 dt=6.682690e-04
elapsed=8.139350e+02 cycle=4520 time=3.043364e+00 dt=6.682658e-04
elapsed=8.144623e+02 cycle=4521 time=3.044032e+00 dt=6.682627e-04
elapsed=8.149865e+02 cycle=4522 time=3.044700e+00 dt=6.682595e-04
elapsed=8.155249e+02 cycle=4523 time=3.045368e+00 dt=6.682564e-04
elapsed=8.160658e+02 cycle=4524 time=3.046037e+00 dt=6.682533e-04
elapsed=8.166031e+02 cycle=4525 time=3.046705e+00 dt=6.682501e-04
elapsed=8.171354e+02 cycle=4526 time=3.047373e+00 dt=6.682470e-04
elapsed=8.176545e+02 cycle=4527 time=3.048041e+00 dt=6.682438e-04
elapsed=8.181739e+02 cycle=4528 time=3.048710e+00 dt=6.682407e-04
elapsed=8.186989e+02 cycle=4529 time=3.049378e+00 dt=6.682376e-04
elapsed=8.192355e+02 cycle=4530 time=3.050046e+00 dt=6.682344e-04
elapsed=8.197739e+02 cycle=4531 time=3.050714e+00 dt=6.682313e-04
elapsed=8.203266e+02 cycle=4532 time=3.051383e+00 dt=6.682281e-04
elapsed=8.208859e+02 cycle=4533 time=3.052051e+00 dt=6.682250e-04
elapsed=8.214173e+02 cycle=4534 time=3.052719e+00 dt=6.682218e-04
elapsed=8.219361e+02 cycle=4535 time=3.053387e+00 dt=6.682187e-04
elapsed=8.224585e+02 cycle=4536 time=3.054055e+00 dt=6.682155e-04
elapsed=8.229923e+02 cycle=4537 time=3.054724e+00 dt=6.682124e-04
elapsed=8.235386e+02 cycle=4538 time=3.055392e+00 dt=6.682092e-04
elapsed=8.240749e+02 cycle=4539 time=3.056060e+00 dt=6.682061e-04
elapsed=8.246145e+02 cycle=4540 time=3.056728e+00 dt=6.682029e-04
elapsed=8.251490e+02 cycle=4541 time=3.057397e+00 dt=6.681998e-04
elapsed=8.256695e+02 cycle=4542 time=3.058065e+00 dt=6.681966e-04
elapsed=8.261878e+02 cycle=4543 time=3.058733e+00 dt=6.681935e-04
elapsed=8.267057e+02 cycle=4544 time=3.059401e+00 dt=6.681903e-04
elapsed=8.272620e+02 cycle=4545 time=3.060069e+00 dt=6.681872e-04
elapsed=8.278148e+02 cycle=4546 time=3.060738e+00 dt=6.681840e-04
elapsed=8.283605e+02 cycle=4547 time=3.061406e+00 dt=6.681808e-04
elapsed=8.289057e+02 cycle=4548 time=3.062074e+00 dt=6.681777e-04
elapsed=8.294297e+02 cycle=4549 time=3.062742e+00 dt=6.681745e-04
elapsed=8.299472e+02 cycle=4550 time=3.063410e+00 dt=6.681714e-04
elapsed=8.304656e+02 cycle=4551 time=3.064078e+00 dt=6.681682e-04
elapsed=8.309937e+02 cycle=4552 time=3.064747e+00 dt=6.681650e-04
elapsed=8.315279e+02 cycle=4553 time=3.065415e+00 dt=6.681619e-04
elapsed=8.320736e+02 cycle=4554 time=3.066083e+00 dt=6.681587e-04
elapsed=8.326118e+02 cycle=4555 time=3.066751e+00 dt=6.681555e-04
elapsed=8.331507e+02 cycle=4556 time=3.067419e+00 dt=6.681524e-04
elapsed=8.336769e+02 cycle=4557 time=3.068087e+00 dt=6.681492e-04
elapsed=8.342024e+02 cycle=4558 time=3.068756e+00 dt=6.681460e-04
elapsed=8.347248e+02 cycle=4559 time=3.069424e+00 dt=6.681429e-04
elapsed=8.352684e+02 cycle=4560 time=3.070092e+00 dt=6.681397e-04
elapsed=8.358059e+02 cycle=4561 time=3.070760e+00 dt=6.681365e-04
elapsed=8.363465e+02 cycle=4562 time=3.071428e+00 dt=6.681334e-04
elapsed=8.368939e+02 cycle=4563 time=3.072096e+00 dt=6.681302e-04
elapsed=8.374180e+02 cycle=4564 time=3.072764e+00 dt=6.681270e-04
elapsed=8.379397e+02 cycle=4565 time=3.073432e+00 dt=6.681238e-04
elapsed=8.384595e+02 cycle=4566 time=3.074101e+00 dt=6.681207e-04
elapsed=8.389928e+02 cycle=4567 time=3.074769e+00 dt=6.681175e-04
elapsed=8.395302e+02 cycle=4568 time=3.075437e+00 dt=6.681143e-04
elapsed=8.400680e+02 cycle=4569 time=3.076105e+00 dt=6.681111e-04
elapsed=8.406094e+02 cycle=4570 time=3.076773e+00 dt=6.681080e-04
elapsed=8.411390e+02 cycle=4571 time=3.077441e+00 dt=6.681048e-04
elapsed=8.416611e+02 cycle=4572 time=3.078109e+00 dt=6.681015e-04
elapsed=8.421846e+02 cycle=4573 time=3.078777e+00 dt=6.680982e-04
elapsed=8.427062e+02 cycle=4574 time=3.079445e+00 dt=6.680949e-04
elapsed=8.432786e+02 cycle=4575 time=3.080114e+00 dt=6.680917e-04
elapsed=8.438499e+02 cycle=4576 time=3.080782e+00 dt=6.680884e-04
elapsed=8.443977e+02 cycle=4577 time=3.081450e+00 dt=6.680851e-04
elapsed=8.449425e+02 cycle=4578 time=3.082118e+00 dt=6.680819e-04
elapsed=8.454721e+02 cycle=4579 time=3.082786e+00 dt=6.680786e-04
elapsed=8.459994e+02 cycle=4580 time=3.083454e+00 dt=6.680753e-04
elapsed=8.466219e+02 cycle=4581 time=3.084122e+00 dt=6.680720e-04
elapsed=8.471653e+02 cycle=4582 time=3.084790e+00 dt=6.680688e-04
elapsed=8.482176e+02 cycle=4583 time=3.085458e+00 dt=6.680655e-04
elapsed=8.488559e+02 cycle=4584 time=3.086126e+00 dt=6.680622e-04
elapsed=8.495856e+02 cycle=4585 time=3.086794e+00 dt=6.680589e-04
elapsed=8.501157e+02 cycle=4586 time=3.087462e+00 dt=6.680556e-04
elapsed=8.508256e+02 cycle=4587 time=3.088130e+00 dt=6.680524e-04
elapsed=8.515292e+02 cycle=4588 time=3.088798e+00 dt=6.680491e-04
elapsed=8.522482e+02 cycle=4589 time=3.089467e+00 dt=6.680458e-04
elapsed=8.532946e+02 cycle=4590 time=3.090135e+00 dt=6.680425e-04
elapsed=8.541383e+02 cycle=4591 time=3.090803e+00 dt=6.680392e-04
elapsed=8.549829e+02 cycle=4592 time=3.091471e+00 dt=6.680359e-04
elapsed=8.564904e+02 cycle=4593 time=3.092139e+00 dt=6.680326e-04
elapsed=8.572267e+02 cycle=4594 time=3.092807e+00 dt=6.680293e-04
elapsed=8.577584e+02 cycle=4595 time=3.093475e+00 dt=6.680261e-04
elapsed=8.584737e+02 cycle=4596 time=3.094143e+00 dt=6.680228e-04
elapsed=8.592183e+02 cycle=4597 time=3.094811e+00 dt=6.680195e-04
elapsed=8.598837e+02 cycle=4598 time=3.095479e+00 dt=6.680162e-04
elapsed=8.604363e+02 cycle=4599 time=3.096147e+00 dt=6.680129e-04
elapsed=8.609844e+02 cycle=4600 time=3.096815e+00 dt=6.680096e-04
elapsed=8.615177e+02 cycle=4601 time=3.097483e+00 dt=6.680063e-04
elapsed=8.620395e+02 cycle=4602 time=3.098151e+00 dt=6.680030e-04
elapsed=8.625598e+02 cycle=4603 time=3.098819e+00 dt=6.679997e-04
elapsed=8.630889e+02 cycle=4604 time=3.099487e+00 dt=6.679964e-04
elapsed=8.636428e+02 cycle=4605 time=3.100155e+00 dt=6.679931e-04
elapsed=8.641842e+02 cycle=4606 time=3.100823e+00 dt=6.679898e-04
elapsed=8.647297e+02 cycle=4607 time=3.101491e+00 dt=6.679865e-04
elapsed=8.652665e+02 cycle=4608 time=3.102159e+00 dt=6.679832e-04
elapsed=8.657860e+02 cycle=4609 time=3.102827e+00 dt=6.679799e-04
elapsed=8.663073e+02 cycle=4610 time=3.103495e+00 dt=6.679766e-04
elapsed=8.668274e+02 cycle=4611 time=3.104163e+00 dt=6.679733e-04
elapsed=8.674634e+02 cycle=4612 time=3.104831e+00 dt=6.679700e-04
elapsed=8.680042e+02 cycle=4613 time=3.105499e+00 dt=6.679667e-04
elapsed=8.685451e+02 cycle=4614 time=3.106167e+00 dt=6.679634e-04
elapsed=8.690813e+02 cycle=4615 time=3.106835e+00 dt=6.679601e-04
elapsed=8.696110e+02 cycle=4616 time=3.107503e+00 dt=6.679568e-04
elapsed=8.702232e+02 cycle=4617 time=3.108171e+00 dt=6.679534e-04
elapsed=8.708414e+02 cycle=4618 time=3.108839e+00 dt=6.679501e-04
elapsed=8.713668e+02 cycle=4619 time=3.109506e+00 dt=6.679468e-04
elapsed=8.719174e+02 cycle=4620 time=3.110174e+00 dt=6.679435e-04
elapsed=8.724686e+02 cycle=4621 time=3.110842e+00 dt=6.679402e-04
elapsed=8.730091e+02 cycle=4622 time=3.111510e+00 dt=6.679369e-04
elapsed=8.735464e+02 cycle=4623 time=3.112178e+00 dt=6.679336e-04
elapsed=8.740775e+02 cycle=4624 time=3.112846e+00 dt=6.679302e-04
elapsed=8.759905e+02 cycle=4625 time=3.113514e+00 dt=6.679269e-04
elapsed=8.765074e+02 cycle=4626 time=3.114182e+00 dt=6.679236e-04
elapsed=8.770379e+02 cycle=4627 time=3.114850e+00 dt=6.679203e-04
elapsed=8.775747e+02 cycle=4628 time=3.115518e+00 dt=6.679170e-04
elapsed=8.781144e+02 cycle=4629 time=3.116186e+00 dt=6.679136e-04
elapsed=8.786578e+02 cycle=4630 time=3.116854e+00 dt=6.679103e-04
elapsed=8.791820e+02 cycle=4631 time=3.117522e+00 dt=6.679070e-04
elapsed=8.797010e+02 cycle=4632 time=3.118190e+00 dt=6.679037e-04
elapsed=8.802201e+02 cycle=4633 time=3.118857e+00 dt=6.679004e-04
elapsed=8.807412e+02 cycle=4634 time=3.119525e+00 dt=6.678970e-04
elapsed=8.812765e+02 cycle=4635 time=3.120193e+00 dt=6.678937e-04
elapsed=8.818161e+02 cycle=4636 time=3.120861e+00 dt=6.678904e-04
elapsed=8.823588e+02 cycle=4637 time=3.121529e+00 dt=6.678870e-04
elapsed=8.828952e+02 cycle=4638 time=3.122197e+00 dt=6.678837e-04
elapsed=8.834130e+02 cycle=4639 time=3.122865e+00 dt=6.678804e-04
elapsed=8.839387e+02 cycle=4640 time=3.123533e+00 dt=6.678770e-04
elapsed=8.844595e+02 cycle=4641 time=3.124201e+00 dt=6.678737e-04
elapsed=8.850048e+02 cycle=4642 time=3.124868e+00 dt=6.678704e-04
elapsed=8.855563e+02 cycle=4643 time=3.125536e+00 dt=6.678670e-04
elapsed=8.860978e+02 cycle=4644 time=3.126204e+00 dt=6.678637e-04
elapsed=8.866388e+02 cycle=4645 time=3.126872e+00 dt=6.678604e-04
elapsed=8.871660e+02 cycle=4646 time=3.127540e+00 dt=6.678570e-04
elapsed=8.876958e+02 cycle=4647 time=3.128208e+00 dt=6.678537e-04
elapsed=8.882213e+02 cycle=4648 time=3.128876e+00 dt=6.678504e-04
elapsed=8.887489e+02 cycle=4649 time=3.129543e+00 dt=6.678470e-04
elapsed=8.893019e+02 cycle=4650 time=3.130211e+00 dt=6.678437e-04
elapsed=8.898401e+02 cycle=4651 time=3.130879e+00 dt=6.678403e-04
elapsed=8.903823e+02 cycle=4652 time=3.131547e+00 dt=6.678370e-04
elapsed=8.910002e+02 cycle=4653 time=3.132215e+00 dt=6.678336e-04
elapsed=8.915245e+02 cycle=4654 time=3.132883e+00 dt=6.678303e-04
elapsed=8.920522e+02 cycle=4655 time=3.133550e+00 dt=6.678270e-04
elapsed=8.925756e+02 cycle=4656 time=3.134218e+00 dt=6.678236e-04
elapsed=8.931120e+02 cycle=4657 time=3.134886e+00 dt=6.678203e-04
elapsed=8.936654e+02 cycle=4658 time=3.135554e+00 dt=6.678169e-04
elapsed=8.942323e+02 cycle=4659 time=3.136222e+00 dt=6.678136e-04
elapsed=8.947840e+02 cycle=4660 time=3.136890e+00 dt=6.678102e-04
elapsed=8.953129e+02 cycle=4661 time=3.137557e+00 dt=6.678069e-04
elapsed=8.958344e+02 cycle=4662 time=3.138225e+00 dt=6.678035e-04
elapsed=8.963556e+02 cycle=4663 time=3.138893e+00 dt=6.678002e-04
elapsed=8.968902e+02 cycle=4664 time=3.139561e+00 dt=6.677968e-04
elapsed=8.974470e+02 cycle=4665 time=3.140229e+00 dt=6.677934e-04
elapsed=8.979843e+02 cycle=4666 time=3.140896e+00 dt=6.677901e-04
elapsed=8.985325e+02 cycle=4667 time=3.141564e+00 dt=6.677867e-04
elapsed=8.990792e+02 cycle=4668 time=3.142232e+00 dt=6.677834e-04
elapsed=8.996037e+02 cycle=4669 time=3.142900e+00 dt=6.677800e-04
PC-GH one puncture: t=3.143568e+00 max(GH,ADM,red,alg)=(4.547546e-02,1.837577e-02,2.527436e+00,6.008946e-08) min(A,chi,SPD)=(8.647185e-05,4.045188e-09,9.487305e-01)
elapsed=9.013240e+02 cycle=4670 time=3.143568e+00 dt=6.677767e-04

Terminating on wall clock limit
time=3.143568e+00 cycle=4670
tlim=6.000000e+00 nlim=-1

MeshBlock-cycles = 746016
cpu time used  = 9.006653e+02
zone-cycles/cpu_second = 4.240867e+05
particle-updates/cpu_second = 0.000000e+00
