
Root grid = 2 x 2 x 2 MeshBlocks
Total number of MeshBlocks = 456
Number of logical  levels of refinement = 9 (10 levels total)
Number of physical levels of refinement = 8 (9 levels total)
  Physical level = 1 (logical level = 2): 56 MeshBlocks, cost = 56
  Physical level = 2 (logical level = 3): 56 MeshBlocks, cost = 56
  Physical level = 3 (logical level = 4): 56 MeshBlocks, cost = 56
  Physical level = 4 (logical level = 5): 56 MeshBlocks, cost = 56
  Physical level = 5 (logical level = 6): 56 MeshBlocks, cost = 56
  Physical level = 6 (logical level = 7): 56 MeshBlocks, cost = 56
  Physical level = 7 (logical level = 8): 56 MeshBlocks, cost = 56
  Physical level = 8 (logical level = 9): 64 MeshBlocks, cost = 64
Number of parallel ranks = 1
Research qualification execution backend: Cuda

Setup complete, executing task list(s)...

elapsed=6.608348e-01 cycle=4670 time=3.143568e+00 dt=6.677767e-04
elapsed=1.204192e+00 cycle=4671 time=3.144235e+00 dt=6.677733e-04
elapsed=1.743096e+00 cycle=4672 time=3.144903e+00 dt=6.677699e-04
elapsed=2.292545e+00 cycle=4673 time=3.145571e+00 dt=6.677666e-04
elapsed=2.845249e+00 cycle=4674 time=3.146239e+00 dt=6.677632e-04
elapsed=3.384814e+00 cycle=4675 time=3.146906e+00 dt=6.677598e-04
elapsed=3.909725e+00 cycle=4676 time=3.147574e+00 dt=6.677565e-04
elapsed=4.429081e+00 cycle=4677 time=3.148242e+00 dt=6.677531e-04
elapsed=4.948384e+00 cycle=4678 time=3.148910e+00 dt=6.677497e-04
elapsed=5.504567e+00 cycle=4679 time=3.149577e+00 dt=6.677464e-04
elapsed=6.062313e+00 cycle=4680 time=3.150245e+00 dt=6.677430e-04
elapsed=6.629984e+00 cycle=4681 time=3.150913e+00 dt=6.677396e-04
elapsed=7.180489e+00 cycle=4682 time=3.151581e+00 dt=6.677363e-04
elapsed=7.705016e+00 cycle=4683 time=3.152248e+00 dt=6.677329e-04
elapsed=8.224556e+00 cycle=4684 time=3.152916e+00 dt=6.677295e-04
elapsed=8.742558e+00 cycle=4685 time=3.153584e+00 dt=6.677262e-04
elapsed=9.269596e+00 cycle=4686 time=3.154252e+00 dt=6.677228e-04
elapsed=9.826995e+00 cycle=4687 time=3.154919e+00 dt=6.677194e-04
elapsed=1.036629e+01 cycle=4688 time=3.155587e+00 dt=6.677160e-04
elapsed=1.090288e+01 cycle=4689 time=3.156255e+00 dt=6.677126e-04
elapsed=1.144084e+01 cycle=4690 time=3.156922e+00 dt=6.677093e-04
elapsed=1.195757e+01 cycle=4691 time=3.157590e+00 dt=6.677059e-04
elapsed=1.247362e+01 cycle=4692 time=3.158258e+00 dt=6.677025e-04
elapsed=1.299443e+01 cycle=4693 time=3.158926e+00 dt=6.676991e-04
elapsed=1.352815e+01 cycle=4694 time=3.159593e+00 dt=6.676957e-04
elapsed=1.406224e+01 cycle=4695 time=3.160261e+00 dt=6.676924e-04
elapsed=1.461141e+01 cycle=4696 time=3.160929e+00 dt=6.676890e-04
elapsed=1.516235e+01 cycle=4697 time=3.161596e+00 dt=6.676856e-04
elapsed=1.568540e+01 cycle=4698 time=3.162264e+00 dt=6.676822e-04
elapsed=1.620665e+01 cycle=4699 time=3.162932e+00 dt=6.676788e-04
elapsed=1.672121e+01 cycle=4700 time=3.163599e+00 dt=6.676754e-04
elapsed=1.724862e+01 cycle=4701 time=3.164267e+00 dt=6.676720e-04
elapsed=1.778480e+01 cycle=4702 time=3.164935e+00 dt=6.676687e-04
elapsed=1.831546e+01 cycle=4703 time=3.165602e+00 dt=6.676653e-04
elapsed=1.884845e+01 cycle=4704 time=3.166270e+00 dt=6.676619e-04
elapsed=1.938646e+01 cycle=4705 time=3.166938e+00 dt=6.676585e-04
elapsed=1.991437e+01 cycle=4706 time=3.167605e+00 dt=6.676550e-04
elapsed=2.043284e+01 cycle=4707 time=3.168273e+00 dt=6.676516e-04
elapsed=2.094869e+01 cycle=4708 time=3.168941e+00 dt=6.676481e-04
elapsed=2.167265e+01 cycle=4709 time=3.169608e+00 dt=6.676446e-04
elapsed=2.220707e+01 cycle=4710 time=3.170276e+00 dt=6.676412e-04
elapsed=2.274729e+01 cycle=4711 time=3.170944e+00 dt=6.676377e-04
elapsed=2.328974e+01 cycle=4712 time=3.171611e+00 dt=6.676342e-04
elapsed=2.380809e+01 cycle=4713 time=3.172279e+00 dt=6.676308e-04
elapsed=2.432385e+01 cycle=4714 time=3.172947e+00 dt=6.676273e-04
elapsed=2.484007e+01 cycle=4715 time=3.173614e+00 dt=6.676238e-04
elapsed=2.536992e+01 cycle=4716 time=3.174282e+00 dt=6.676204e-04
elapsed=2.590470e+01 cycle=4717 time=3.174949e+00 dt=6.676169e-04
elapsed=2.644041e+01 cycle=4718 time=3.175617e+00 dt=6.676134e-04
elapsed=2.698195e+01 cycle=4719 time=3.176285e+00 dt=6.676099e-04
elapsed=2.751345e+01 cycle=4720 time=3.176952e+00 dt=6.676065e-04
elapsed=2.803664e+01 cycle=4721 time=3.177620e+00 dt=6.676030e-04
elapsed=2.855159e+01 cycle=4722 time=3.178287e+00 dt=6.675995e-04
elapsed=2.906764e+01 cycle=4723 time=3.178955e+00 dt=6.675960e-04
elapsed=2.960794e+01 cycle=4724 time=3.179623e+00 dt=6.675925e-04
elapsed=3.014542e+01 cycle=4725 time=3.180290e+00 dt=6.675891e-04
elapsed=3.068952e+01 cycle=4726 time=3.180958e+00 dt=6.675856e-04
elapsed=3.124399e+01 cycle=4727 time=3.181625e+00 dt=6.675821e-04
elapsed=3.176512e+01 cycle=4728 time=3.182293e+00 dt=6.675786e-04
elapsed=3.230199e+01 cycle=4729 time=3.182961e+00 dt=6.675751e-04
elapsed=3.281951e+01 cycle=4730 time=3.183628e+00 dt=6.675716e-04
elapsed=3.335370e+01 cycle=4731 time=3.184296e+00 dt=6.675681e-04
elapsed=3.388550e+01 cycle=4732 time=3.184963e+00 dt=6.675647e-04
elapsed=3.442127e+01 cycle=4733 time=3.185631e+00 dt=6.675612e-04
elapsed=3.495877e+01 cycle=4734 time=3.186298e+00 dt=6.675577e-04
elapsed=3.549894e+01 cycle=4735 time=3.186966e+00 dt=6.675542e-04
elapsed=3.601777e+01 cycle=4736 time=3.187634e+00 dt=6.675507e-04
elapsed=3.653906e+01 cycle=4737 time=3.188301e+00 dt=6.675472e-04
elapsed=3.705759e+01 cycle=4738 time=3.188969e+00 dt=6.675437e-04
elapsed=3.759813e+01 cycle=4739 time=3.189636e+00 dt=6.675402e-04
elapsed=3.813673e+01 cycle=4740 time=3.190304e+00 dt=6.675367e-04
elapsed=3.867547e+01 cycle=4741 time=3.190971e+00 dt=6.675332e-04
elapsed=3.921707e+01 cycle=4742 time=3.191639e+00 dt=6.675297e-04
elapsed=3.974587e+01 cycle=4743 time=3.192306e+00 dt=6.675262e-04
elapsed=4.026877e+01 cycle=4744 time=3.192974e+00 dt=6.675227e-04
elapsed=4.078868e+01 cycle=4745 time=3.193641e+00 dt=6.675192e-04
elapsed=4.131470e+01 cycle=4746 time=3.194309e+00 dt=6.675157e-04
elapsed=4.185683e+01 cycle=4747 time=3.194976e+00 dt=6.675122e-04
elapsed=4.240412e+01 cycle=4748 time=3.195644e+00 dt=6.675087e-04
elapsed=4.294780e+01 cycle=4749 time=3.196311e+00 dt=6.675052e-04
elapsed=4.348101e+01 cycle=4750 time=3.196979e+00 dt=6.675016e-04
elapsed=4.400637e+01 cycle=4751 time=3.197646e+00 dt=6.674981e-04
elapsed=4.452804e+01 cycle=4752 time=3.198314e+00 dt=6.674946e-04
elapsed=4.505049e+01 cycle=4753 time=3.198981e+00 dt=6.674911e-04
elapsed=4.558721e+01 cycle=4754 time=3.199649e+00 dt=6.674876e-04
elapsed=4.612843e+01 cycle=4755 time=3.200316e+00 dt=6.674841e-04
elapsed=4.667580e+01 cycle=4756 time=3.200984e+00 dt=6.674806e-04
elapsed=4.721551e+01 cycle=4757 time=3.201651e+00 dt=6.674770e-04
elapsed=4.774228e+01 cycle=4758 time=3.202319e+00 dt=6.674735e-04
elapsed=4.826277e+01 cycle=4759 time=3.202986e+00 dt=6.674700e-04
elapsed=4.878321e+01 cycle=4760 time=3.203654e+00 dt=6.674665e-04
elapsed=4.931292e+01 cycle=4761 time=3.204321e+00 dt=6.674629e-04
elapsed=4.986001e+01 cycle=4762 time=3.204989e+00 dt=6.674594e-04
elapsed=5.041697e+01 cycle=4763 time=3.205656e+00 dt=6.674559e-04
elapsed=5.096014e+01 cycle=4764 time=3.206324e+00 dt=6.674524e-04
elapsed=5.148894e+01 cycle=4765 time=3.206991e+00 dt=6.674488e-04
elapsed=5.201357e+01 cycle=4766 time=3.207659e+00 dt=6.674453e-04
elapsed=5.253989e+01 cycle=4767 time=3.208326e+00 dt=6.674418e-04
elapsed=5.305965e+01 cycle=4768 time=3.208993e+00 dt=6.674382e-04
elapsed=5.359954e+01 cycle=4769 time=3.209661e+00 dt=6.674347e-04
elapsed=5.413229e+01 cycle=4770 time=3.210328e+00 dt=6.674312e-04
elapsed=5.467469e+01 cycle=4771 time=3.210996e+00 dt=6.674276e-04
elapsed=5.521088e+01 cycle=4772 time=3.211663e+00 dt=6.674241e-04
elapsed=5.572772e+01 cycle=4773 time=3.212331e+00 dt=6.674206e-04
elapsed=5.624644e+01 cycle=4774 time=3.212998e+00 dt=6.674170e-04
elapsed=5.676192e+01 cycle=4775 time=3.213665e+00 dt=6.674135e-04
elapsed=5.729938e+01 cycle=4776 time=3.214333e+00 dt=6.674099e-04
elapsed=5.784369e+01 cycle=4777 time=3.215000e+00 dt=6.674064e-04
elapsed=5.838182e+01 cycle=4778 time=3.215668e+00 dt=6.674029e-04
elapsed=5.891910e+01 cycle=4779 time=3.216335e+00 dt=6.673993e-04
elapsed=5.944023e+01 cycle=4780 time=3.217002e+00 dt=6.673958e-04
elapsed=5.995730e+01 cycle=4781 time=3.217670e+00 dt=6.673922e-04
elapsed=6.047711e+01 cycle=4782 time=3.218337e+00 dt=6.673887e-04
elapsed=6.099038e+01 cycle=4783 time=3.219005e+00 dt=6.673851e-04
elapsed=6.154403e+01 cycle=4784 time=3.219672e+00 dt=6.673816e-04
elapsed=6.208170e+01 cycle=4785 time=3.220339e+00 dt=6.673780e-04
elapsed=6.262653e+01 cycle=4786 time=3.221007e+00 dt=6.673745e-04
elapsed=6.316248e+01 cycle=4787 time=3.221674e+00 dt=6.673709e-04
elapsed=6.367830e+01 cycle=4788 time=3.222341e+00 dt=6.673674e-04
elapsed=6.419273e+01 cycle=4789 time=3.223009e+00 dt=6.673638e-04
elapsed=6.471011e+01 cycle=4790 time=3.223676e+00 dt=6.673602e-04
elapsed=6.523620e+01 cycle=4791 time=3.224344e+00 dt=6.673567e-04
elapsed=6.577013e+01 cycle=4792 time=3.225011e+00 dt=6.673531e-04
elapsed=6.632850e+01 cycle=4793 time=3.225678e+00 dt=6.673496e-04
elapsed=6.688337e+01 cycle=4794 time=3.226346e+00 dt=6.673460e-04
elapsed=6.740887e+01 cycle=4795 time=3.227013e+00 dt=6.673424e-04
elapsed=6.792851e+01 cycle=4796 time=3.227680e+00 dt=6.673389e-04
elapsed=6.844906e+01 cycle=4797 time=3.228348e+00 dt=6.673353e-04
elapsed=6.896701e+01 cycle=4798 time=3.229015e+00 dt=6.673317e-04
elapsed=6.950552e+01 cycle=4799 time=3.229682e+00 dt=6.673282e-04
elapsed=7.005000e+01 cycle=4800 time=3.230350e+00 dt=6.673246e-04
elapsed=7.060729e+01 cycle=4801 time=3.231017e+00 dt=6.673210e-04
elapsed=7.114525e+01 cycle=4802 time=3.231684e+00 dt=6.673175e-04
elapsed=7.166342e+01 cycle=4803 time=3.232352e+00 dt=6.673139e-04
elapsed=7.218198e+01 cycle=4804 time=3.233019e+00 dt=6.673103e-04
elapsed=7.270223e+01 cycle=4805 time=3.233686e+00 dt=6.673067e-04
elapsed=7.322946e+01 cycle=4806 time=3.234354e+00 dt=6.673032e-04
elapsed=7.376234e+01 cycle=4807 time=3.235021e+00 dt=6.672996e-04
elapsed=7.429920e+01 cycle=4808 time=3.235688e+00 dt=6.672960e-04
elapsed=7.485225e+01 cycle=4809 time=3.236355e+00 dt=6.672924e-04
elapsed=7.537559e+01 cycle=4810 time=3.237023e+00 dt=6.672888e-04
elapsed=7.589223e+01 cycle=4811 time=3.237690e+00 dt=6.672853e-04
elapsed=7.641607e+01 cycle=4812 time=3.238357e+00 dt=6.672817e-04
elapsed=7.702849e+01 cycle=4813 time=3.239025e+00 dt=6.672781e-04
elapsed=7.756524e+01 cycle=4814 time=3.239692e+00 dt=6.672745e-04
elapsed=7.811006e+01 cycle=4815 time=3.240359e+00 dt=6.672709e-04
elapsed=7.864888e+01 cycle=4816 time=3.241026e+00 dt=6.672673e-04
elapsed=7.918394e+01 cycle=4817 time=3.241694e+00 dt=6.672637e-04
elapsed=7.970202e+01 cycle=4818 time=3.242361e+00 dt=6.672601e-04
elapsed=8.022213e+01 cycle=4819 time=3.243028e+00 dt=6.672566e-04
elapsed=8.074227e+01 cycle=4820 time=3.243695e+00 dt=6.672530e-04
elapsed=8.128769e+01 cycle=4821 time=3.244363e+00 dt=6.672494e-04
elapsed=8.184451e+01 cycle=4822 time=3.245030e+00 dt=6.672458e-04
elapsed=8.240085e+01 cycle=4823 time=3.245697e+00 dt=6.672422e-04
elapsed=8.304567e+01 cycle=4824 time=3.246364e+00 dt=6.672386e-04
elapsed=8.357054e+01 cycle=4825 time=3.247032e+00 dt=6.672350e-04
elapsed=8.409382e+01 cycle=4826 time=3.247699e+00 dt=6.672314e-04
elapsed=8.461637e+01 cycle=4827 time=3.248366e+00 dt=6.672278e-04
elapsed=8.514406e+01 cycle=4828 time=3.249033e+00 dt=6.672242e-04
elapsed=8.568004e+01 cycle=4829 time=3.249701e+00 dt=6.672206e-04
elapsed=8.623308e+01 cycle=4830 time=3.250368e+00 dt=6.672170e-04
elapsed=8.679788e+01 cycle=4831 time=3.251035e+00 dt=6.672133e-04
elapsed=8.733836e+01 cycle=4832 time=3.251702e+00 dt=6.672097e-04
elapsed=8.786457e+01 cycle=4833 time=3.252369e+00 dt=6.672061e-04
elapsed=8.838875e+01 cycle=4834 time=3.253037e+00 dt=6.672025e-04
elapsed=8.890965e+01 cycle=4835 time=3.253704e+00 dt=6.671989e-04
elapsed=8.945219e+01 cycle=4836 time=3.254371e+00 dt=6.671953e-04
elapsed=8.998787e+01 cycle=4837 time=3.255038e+00 dt=6.671917e-04
elapsed=9.053142e+01 cycle=4838 time=3.255705e+00 dt=6.671881e-04
elapsed=9.106780e+01 cycle=4839 time=3.256373e+00 dt=6.671844e-04
elapsed=9.159012e+01 cycle=4840 time=3.257040e+00 dt=6.671808e-04
elapsed=9.211309e+01 cycle=4841 time=3.257707e+00 dt=6.671772e-04
elapsed=9.263202e+01 cycle=4842 time=3.258374e+00 dt=6.671736e-04
elapsed=9.315771e+01 cycle=4843 time=3.259041e+00 dt=6.671700e-04
elapsed=9.369215e+01 cycle=4844 time=3.259709e+00 dt=6.671663e-04
elapsed=9.423810e+01 cycle=4845 time=3.260376e+00 dt=6.671627e-04
elapsed=9.477647e+01 cycle=4846 time=3.261043e+00 dt=6.671591e-04
elapsed=9.531480e+01 cycle=4847 time=3.261710e+00 dt=6.671555e-04
elapsed=9.583467e+01 cycle=4848 time=3.262377e+00 dt=6.671518e-04
elapsed=9.635298e+01 cycle=4849 time=3.263044e+00 dt=6.671482e-04
elapsed=9.687155e+01 cycle=4850 time=3.263711e+00 dt=6.671446e-04
elapsed=9.741182e+01 cycle=4851 time=3.264379e+00 dt=6.671409e-04
elapsed=9.795141e+01 cycle=4852 time=3.265046e+00 dt=6.671373e-04
elapsed=9.849583e+01 cycle=4853 time=3.265713e+00 dt=6.671337e-04
elapsed=9.904547e+01 cycle=4854 time=3.266380e+00 dt=6.671300e-04
elapsed=9.956837e+01 cycle=4855 time=3.267047e+00 dt=6.671264e-04
elapsed=1.000858e+02 cycle=4856 time=3.267714e+00 dt=6.671228e-04
elapsed=1.006079e+02 cycle=4857 time=3.268381e+00 dt=6.671191e-04
elapsed=1.011433e+02 cycle=4858 time=3.269049e+00 dt=6.671155e-04
elapsed=1.016957e+02 cycle=4859 time=3.269716e+00 dt=6.671118e-04
elapsed=1.022343e+02 cycle=4860 time=3.270383e+00 dt=6.671082e-04
elapsed=1.027761e+02 cycle=4861 time=3.271050e+00 dt=6.671046e-04
elapsed=1.033098e+02 cycle=4862 time=3.271717e+00 dt=6.671009e-04
elapsed=1.038280e+02 cycle=4863 time=3.272384e+00 dt=6.670973e-04
elapsed=1.043441e+02 cycle=4864 time=3.273051e+00 dt=6.670936e-04
elapsed=1.048592e+02 cycle=4865 time=3.273718e+00 dt=6.670900e-04
elapsed=1.054053e+02 cycle=4866 time=3.274385e+00 dt=6.670863e-04
elapsed=1.059540e+02 cycle=4867 time=3.275052e+00 dt=6.670827e-04
elapsed=1.064872e+02 cycle=4868 time=3.275720e+00 dt=6.670790e-04
elapsed=1.070224e+02 cycle=4869 time=3.276387e+00 dt=6.670754e-04
elapsed=1.075387e+02 cycle=4870 time=3.277054e+00 dt=6.670717e-04
elapsed=1.080547e+02 cycle=4871 time=3.277721e+00 dt=6.670681e-04
elapsed=1.085705e+02 cycle=4872 time=3.278388e+00 dt=6.670644e-04
elapsed=1.090975e+02 cycle=4873 time=3.279055e+00 dt=6.670607e-04
elapsed=1.096278e+02 cycle=4874 time=3.279722e+00 dt=6.670571e-04
elapsed=1.101586e+02 cycle=4875 time=3.280389e+00 dt=6.670534e-04
elapsed=1.106936e+02 cycle=4876 time=3.281056e+00 dt=6.670498e-04
elapsed=1.112217e+02 cycle=4877 time=3.281723e+00 dt=6.670461e-04
elapsed=1.117474e+02 cycle=4878 time=3.282390e+00 dt=6.670424e-04
elapsed=1.122644e+02 cycle=4879 time=3.283057e+00 dt=6.670388e-04
elapsed=1.127779e+02 cycle=4880 time=3.283724e+00 dt=6.670351e-04
elapsed=1.133117e+02 cycle=4881 time=3.284391e+00 dt=6.670314e-04
elapsed=1.138489e+02 cycle=4882 time=3.285058e+00 dt=6.670277e-04
elapsed=1.143852e+02 cycle=4883 time=3.285725e+00 dt=6.670241e-04
elapsed=1.149235e+02 cycle=4884 time=3.286392e+00 dt=6.670204e-04
elapsed=1.154428e+02 cycle=4885 time=3.287059e+00 dt=6.670167e-04
elapsed=1.159587e+02 cycle=4886 time=3.287726e+00 dt=6.670131e-04
elapsed=1.164772e+02 cycle=4887 time=3.288393e+00 dt=6.670094e-04
elapsed=1.170085e+02 cycle=4888 time=3.289060e+00 dt=6.670057e-04
elapsed=1.175500e+02 cycle=4889 time=3.289727e+00 dt=6.670020e-04
elapsed=1.180867e+02 cycle=4890 time=3.290394e+00 dt=6.669983e-04
elapsed=1.186272e+02 cycle=4891 time=3.291061e+00 dt=6.669947e-04
elapsed=1.191555e+02 cycle=4892 time=3.291728e+00 dt=6.669910e-04
elapsed=1.196768e+02 cycle=4893 time=3.292395e+00 dt=6.669873e-04
elapsed=1.201928e+02 cycle=4894 time=3.293062e+00 dt=6.669836e-04
elapsed=1.207093e+02 cycle=4895 time=3.293729e+00 dt=6.669799e-04
elapsed=1.212438e+02 cycle=4896 time=3.294396e+00 dt=6.669762e-04
elapsed=1.217886e+02 cycle=4897 time=3.295063e+00 dt=6.669725e-04
elapsed=1.223376e+02 cycle=4898 time=3.295730e+00 dt=6.669689e-04
elapsed=1.228794e+02 cycle=4899 time=3.296397e+00 dt=6.669652e-04
elapsed=1.233977e+02 cycle=4900 time=3.297064e+00 dt=6.669615e-04
elapsed=1.239197e+02 cycle=4901 time=3.297731e+00 dt=6.669578e-04
elapsed=1.244366e+02 cycle=4902 time=3.298398e+00 dt=6.669541e-04
elapsed=1.249741e+02 cycle=4903 time=3.299065e+00 dt=6.669504e-04
elapsed=1.255263e+02 cycle=4904 time=3.299732e+00 dt=6.669467e-04
elapsed=1.260665e+02 cycle=4905 time=3.300399e+00 dt=6.669430e-04
elapsed=1.266164e+02 cycle=4906 time=3.301066e+00 dt=6.669393e-04
elapsed=1.271432e+02 cycle=4907 time=3.301733e+00 dt=6.669356e-04
elapsed=1.276636e+02 cycle=4908 time=3.302400e+00 dt=6.669319e-04
elapsed=1.281860e+02 cycle=4909 time=3.303067e+00 dt=6.669282e-04
elapsed=1.287070e+02 cycle=4910 time=3.303734e+00 dt=6.669245e-04
elapsed=1.292513e+02 cycle=4911 time=3.304401e+00 dt=6.669208e-04
elapsed=1.298040e+02 cycle=4912 time=3.305068e+00 dt=6.669171e-04
elapsed=1.303665e+02 cycle=4913 time=3.305734e+00 dt=6.669133e-04
elapsed=1.309021e+02 cycle=4914 time=3.306401e+00 dt=6.669096e-04
elapsed=1.314275e+02 cycle=4915 time=3.307068e+00 dt=6.669059e-04
elapsed=1.319507e+02 cycle=4916 time=3.307735e+00 dt=6.669022e-04
elapsed=1.324709e+02 cycle=4917 time=3.308402e+00 dt=6.668985e-04
elapsed=1.329966e+02 cycle=4918 time=3.309069e+00 dt=6.668948e-04
elapsed=1.335288e+02 cycle=4919 time=3.309736e+00 dt=6.668911e-04
elapsed=1.340666e+02 cycle=4920 time=3.310403e+00 dt=6.668873e-04
elapsed=1.346109e+02 cycle=4921 time=3.311070e+00 dt=6.668836e-04
elapsed=1.351359e+02 cycle=4922 time=3.311737e+00 dt=6.668799e-04
elapsed=1.356568e+02 cycle=4923 time=3.312403e+00 dt=6.668762e-04
elapsed=1.361776e+02 cycle=4924 time=3.313070e+00 dt=6.668725e-04
elapsed=1.367022e+02 cycle=4925 time=3.313737e+00 dt=6.668687e-04
elapsed=1.372366e+02 cycle=4926 time=3.314404e+00 dt=6.668650e-04
elapsed=1.377752e+02 cycle=4927 time=3.315071e+00 dt=6.668613e-04
elapsed=1.383175e+02 cycle=4928 time=3.315738e+00 dt=6.668575e-04
elapsed=1.388535e+02 cycle=4929 time=3.316405e+00 dt=6.668538e-04
elapsed=1.393756e+02 cycle=4930 time=3.317071e+00 dt=6.668501e-04
elapsed=1.398985e+02 cycle=4931 time=3.317738e+00 dt=6.668463e-04
elapsed=1.404212e+02 cycle=4932 time=3.318405e+00 dt=6.668426e-04
elapsed=1.409603e+02 cycle=4933 time=3.319072e+00 dt=6.668389e-04
elapsed=1.415156e+02 cycle=4934 time=3.319739e+00 dt=6.668351e-04
elapsed=1.420593e+02 cycle=4935 time=3.320406e+00 dt=6.668314e-04
elapsed=1.426061e+02 cycle=4936 time=3.321073e+00 dt=6.668277e-04
elapsed=1.431360e+02 cycle=4937 time=3.321739e+00 dt=6.668239e-04
elapsed=1.436571e+02 cycle=4938 time=3.322406e+00 dt=6.668202e-04
elapsed=1.441768e+02 cycle=4939 time=3.323073e+00 dt=6.668164e-04
elapsed=1.447039e+02 cycle=4940 time=3.323740e+00 dt=6.668127e-04
elapsed=1.452563e+02 cycle=4941 time=3.324407e+00 dt=6.668089e-04
elapsed=1.458072e+02 cycle=4942 time=3.325073e+00 dt=6.668052e-04
elapsed=1.463465e+02 cycle=4943 time=3.325740e+00 dt=6.668015e-04
elapsed=1.468836e+02 cycle=4944 time=3.326407e+00 dt=6.667977e-04
elapsed=1.474001e+02 cycle=4945 time=3.327074e+00 dt=6.667939e-04
elapsed=1.479214e+02 cycle=4946 time=3.327741e+00 dt=6.667902e-04
elapsed=1.484374e+02 cycle=4947 time=3.328407e+00 dt=6.667864e-04
elapsed=1.489668e+02 cycle=4948 time=3.329074e+00 dt=6.667827e-04
elapsed=1.495049e+02 cycle=4949 time=3.329741e+00 dt=6.667789e-04
elapsed=1.500417e+02 cycle=4950 time=3.330408e+00 dt=6.667752e-04
elapsed=1.505844e+02 cycle=4951 time=3.331075e+00 dt=6.667714e-04
elapsed=1.511046e+02 cycle=4952 time=3.331741e+00 dt=6.667677e-04
elapsed=1.516284e+02 cycle=4953 time=3.332408e+00 dt=6.667639e-04
elapsed=1.521533e+02 cycle=4954 time=3.333075e+00 dt=6.667601e-04
elapsed=1.526747e+02 cycle=4955 time=3.333742e+00 dt=6.667564e-04
elapsed=1.532142e+02 cycle=4956 time=3.334408e+00 dt=6.667526e-04
elapsed=1.537652e+02 cycle=4957 time=3.335075e+00 dt=6.667488e-04
elapsed=1.543016e+02 cycle=4958 time=3.335742e+00 dt=6.667451e-04
elapsed=1.548383e+02 cycle=4959 time=3.336409e+00 dt=6.667413e-04
elapsed=1.553645e+02 cycle=4960 time=3.337075e+00 dt=6.667375e-04
elapsed=1.558944e+02 cycle=4961 time=3.337742e+00 dt=6.667337e-04
elapsed=1.564272e+02 cycle=4962 time=3.338409e+00 dt=6.667300e-04
elapsed=1.569892e+02 cycle=4963 time=3.339076e+00 dt=6.667262e-04
elapsed=1.575579e+02 cycle=4964 time=3.339742e+00 dt=6.667224e-04
elapsed=1.581062e+02 cycle=4965 time=3.340409e+00 dt=6.667186e-04
elapsed=1.586503e+02 cycle=4966 time=3.341076e+00 dt=6.667149e-04
elapsed=1.591691e+02 cycle=4967 time=3.341742e+00 dt=6.667111e-04
elapsed=1.596854e+02 cycle=4968 time=3.342409e+00 dt=6.667073e-04
elapsed=1.602014e+02 cycle=4969 time=3.343076e+00 dt=6.667035e-04
elapsed=1.607286e+02 cycle=4970 time=3.343743e+00 dt=6.666997e-04
elapsed=1.612765e+02 cycle=4971 time=3.344409e+00 dt=6.666959e-04
elapsed=1.618349e+02 cycle=4972 time=3.345076e+00 dt=6.666922e-04
elapsed=1.623741e+02 cycle=4973 time=3.345743e+00 dt=6.666884e-04
elapsed=1.629018e+02 cycle=4974 time=3.346409e+00 dt=6.666846e-04
elapsed=1.634207e+02 cycle=4975 time=3.347076e+00 dt=6.666808e-04
elapsed=1.639356e+02 cycle=4976 time=3.347743e+00 dt=6.666770e-04
elapsed=1.644497e+02 cycle=4977 time=3.348409e+00 dt=6.666732e-04
elapsed=1.649985e+02 cycle=4978 time=3.349076e+00 dt=6.666694e-04
elapsed=1.655455e+02 cycle=4979 time=3.349743e+00 dt=6.666656e-04
elapsed=1.660924e+02 cycle=4980 time=3.350409e+00 dt=6.666618e-04
elapsed=1.666292e+02 cycle=4981 time=3.351076e+00 dt=6.666580e-04
elapsed=1.671450e+02 cycle=4982 time=3.351743e+00 dt=6.666541e-04
elapsed=1.676601e+02 cycle=4983 time=3.352409e+00 dt=6.666503e-04
elapsed=1.681748e+02 cycle=4984 time=3.353076e+00 dt=6.666465e-04
elapsed=1.687058e+02 cycle=4985 time=3.353743e+00 dt=6.666427e-04
elapsed=1.693301e+02 cycle=4986 time=3.354409e+00 dt=6.666389e-04
elapsed=1.698726e+02 cycle=4987 time=3.355076e+00 dt=6.666351e-04
elapsed=1.704093e+02 cycle=4988 time=3.355743e+00 dt=6.666313e-04
elapsed=1.709371e+02 cycle=4989 time=3.356409e+00 dt=6.666274e-04
elapsed=1.714557e+02 cycle=4990 time=3.357076e+00 dt=6.666236e-04
elapsed=1.719740e+02 cycle=4991 time=3.357742e+00 dt=6.666198e-04
elapsed=1.724902e+02 cycle=4992 time=3.358409e+00 dt=6.666160e-04
elapsed=1.730271e+02 cycle=4993 time=3.359076e+00 dt=6.666121e-04
elapsed=1.735832e+02 cycle=4994 time=3.359742e+00 dt=6.666083e-04
elapsed=1.741492e+02 cycle=4995 time=3.360409e+00 dt=6.666045e-04
elapsed=1.746885e+02 cycle=4996 time=3.361076e+00 dt=6.666006e-04
elapsed=1.752084e+02 cycle=4997 time=3.361742e+00 dt=6.665968e-04
elapsed=1.757266e+02 cycle=4998 time=3.362409e+00 dt=6.665930e-04
elapsed=1.762473e+02 cycle=4999 time=3.363075e+00 dt=6.665891e-04
elapsed=1.767849e+02 cycle=5000 time=3.363742e+00 dt=6.665853e-04
elapsed=1.773451e+02 cycle=5001 time=3.364408e+00 dt=6.665815e-04
elapsed=1.779063e+02 cycle=5002 time=3.365075e+00 dt=6.665776e-04
elapsed=1.784563e+02 cycle=5003 time=3.365742e+00 dt=6.665738e-04
elapsed=1.789970e+02 cycle=5004 time=3.366408e+00 dt=6.665700e-04
elapsed=1.795245e+02 cycle=5005 time=3.367075e+00 dt=6.665661e-04
elapsed=1.800438e+02 cycle=5006 time=3.367741e+00 dt=6.665623e-04
elapsed=1.805692e+02 cycle=5007 time=3.368408e+00 dt=6.665584e-04
elapsed=1.811296e+02 cycle=5008 time=3.369074e+00 dt=6.665546e-04
elapsed=1.816669e+02 cycle=5009 time=3.369741e+00 dt=6.665507e-04
elapsed=1.822135e+02 cycle=5010 time=3.370408e+00 dt=6.665469e-04
elapsed=1.827548e+02 cycle=5011 time=3.371074e+00 dt=6.665430e-04
elapsed=1.832808e+02 cycle=5012 time=3.371741e+00 dt=6.665392e-04
elapsed=1.838005e+02 cycle=5013 time=3.372407e+00 dt=6.665353e-04
elapsed=1.843196e+02 cycle=5014 time=3.373074e+00 dt=6.665315e-04
elapsed=1.848503e+02 cycle=5015 time=3.373740e+00 dt=6.665276e-04
elapsed=1.853874e+02 cycle=5016 time=3.374407e+00 dt=6.665238e-04
elapsed=1.859341e+02 cycle=5017 time=3.375073e+00 dt=6.665199e-04
elapsed=1.864957e+02 cycle=5018 time=3.375740e+00 dt=6.665160e-04
elapsed=1.870343e+02 cycle=5019 time=3.376406e+00 dt=6.665122e-04
elapsed=1.875578e+02 cycle=5020 time=3.377073e+00 dt=6.665083e-04
elapsed=1.880793e+02 cycle=5021 time=3.377739e+00 dt=6.665045e-04
elapsed=1.886002e+02 cycle=5022 time=3.378406e+00 dt=6.665006e-04
elapsed=1.891419e+02 cycle=5023 time=3.379072e+00 dt=6.664967e-04
elapsed=1.897040e+02 cycle=5024 time=3.379739e+00 dt=6.664928e-04
elapsed=1.903356e+02 cycle=5025 time=3.380405e+00 dt=6.664890e-04
elapsed=1.908790e+02 cycle=5026 time=3.381072e+00 dt=6.664851e-04
elapsed=1.914011e+02 cycle=5027 time=3.381738e+00 dt=6.664812e-04
elapsed=1.919195e+02 cycle=5028 time=3.382405e+00 dt=6.664774e-04
elapsed=1.924360e+02 cycle=5029 time=3.383071e+00 dt=6.664735e-04
elapsed=1.929801e+02 cycle=5030 time=3.383738e+00 dt=6.664696e-04
elapsed=1.935305e+02 cycle=5031 time=3.384404e+00 dt=6.664657e-04
elapsed=1.940843e+02 cycle=5032 time=3.385071e+00 dt=6.664619e-04
elapsed=1.946282e+02 cycle=5033 time=3.385737e+00 dt=6.664580e-04
elapsed=1.951500e+02 cycle=5034 time=3.386404e+00 dt=6.664541e-04
elapsed=1.956699e+02 cycle=5035 time=3.387070e+00 dt=6.664502e-04
elapsed=1.961903e+02 cycle=5036 time=3.387737e+00 dt=6.664463e-04
elapsed=1.967111e+02 cycle=5037 time=3.388403e+00 dt=6.664424e-04
elapsed=1.972480e+02 cycle=5038 time=3.389069e+00 dt=6.664385e-04
elapsed=1.977857e+02 cycle=5039 time=3.389736e+00 dt=6.664347e-04
elapsed=1.983276e+02 cycle=5040 time=3.390402e+00 dt=6.664308e-04
elapsed=1.988614e+02 cycle=5041 time=3.391069e+00 dt=6.664269e-04
elapsed=1.993836e+02 cycle=5042 time=3.391735e+00 dt=6.664230e-04
elapsed=1.999004e+02 cycle=5043 time=3.392402e+00 dt=6.664191e-04
elapsed=2.004173e+02 cycle=5044 time=3.393068e+00 dt=6.664152e-04
elapsed=2.010360e+02 cycle=5045 time=3.393734e+00 dt=6.664113e-04
elapsed=2.015759e+02 cycle=5046 time=3.394401e+00 dt=6.664074e-04
elapsed=2.022221e+02 cycle=5047 time=3.395067e+00 dt=6.664035e-04
elapsed=2.027624e+02 cycle=5048 time=3.395734e+00 dt=6.663996e-04
elapsed=2.032847e+02 cycle=5049 time=3.396400e+00 dt=6.663957e-04
elapsed=2.037995e+02 cycle=5050 time=3.397066e+00 dt=6.663918e-04
elapsed=2.043127e+02 cycle=5051 time=3.397733e+00 dt=6.663879e-04
elapsed=2.048306e+02 cycle=5052 time=3.398399e+00 dt=6.663840e-04
elapsed=2.053599e+02 cycle=5053 time=3.399066e+00 dt=6.663801e-04
elapsed=2.058915e+02 cycle=5054 time=3.399732e+00 dt=6.663761e-04
elapsed=2.064478e+02 cycle=5055 time=3.400398e+00 dt=6.663722e-04
elapsed=2.069814e+02 cycle=5056 time=3.401065e+00 dt=6.663683e-04
elapsed=2.075014e+02 cycle=5057 time=3.401731e+00 dt=6.663644e-04
elapsed=2.080195e+02 cycle=5058 time=3.402397e+00 dt=6.663605e-04
elapsed=2.085406e+02 cycle=5059 time=3.403064e+00 dt=6.663566e-04
elapsed=2.090698e+02 cycle=5060 time=3.403730e+00 dt=6.663527e-04
elapsed=2.096115e+02 cycle=5061 time=3.404397e+00 dt=6.663487e-04
elapsed=2.101615e+02 cycle=5062 time=3.405063e+00 dt=6.663448e-04
elapsed=2.107086e+02 cycle=5063 time=3.405729e+00 dt=6.663409e-04
elapsed=2.112293e+02 cycle=5064 time=3.406396e+00 dt=6.663370e-04
elapsed=2.117444e+02 cycle=5065 time=3.407062e+00 dt=6.663330e-04
elapsed=2.122587e+02 cycle=5066 time=3.407728e+00 dt=6.663291e-04
elapsed=2.127800e+02 cycle=5067 time=3.408395e+00 dt=6.663252e-04
elapsed=2.133157e+02 cycle=5068 time=3.409061e+00 dt=6.663212e-04
elapsed=2.138483e+02 cycle=5069 time=3.409727e+00 dt=6.663173e-04
elapsed=2.143887e+02 cycle=5070 time=3.410394e+00 dt=6.663134e-04
elapsed=2.149188e+02 cycle=5071 time=3.411060e+00 dt=6.663094e-04
elapsed=2.154373e+02 cycle=5072 time=3.411726e+00 dt=6.663055e-04
elapsed=2.159580e+02 cycle=5073 time=3.412392e+00 dt=6.663016e-04
elapsed=2.164748e+02 cycle=5074 time=3.413059e+00 dt=6.662976e-04
elapsed=2.170234e+02 cycle=5075 time=3.413725e+00 dt=6.662937e-04
elapsed=2.175812e+02 cycle=5076 time=3.414391e+00 dt=6.662897e-04
elapsed=2.181203e+02 cycle=5077 time=3.415058e+00 dt=6.662858e-04
elapsed=2.186630e+02 cycle=5078 time=3.415724e+00 dt=6.662819e-04
elapsed=2.191841e+02 cycle=5079 time=3.416390e+00 dt=6.662779e-04
elapsed=2.197103e+02 cycle=5080 time=3.417056e+00 dt=6.662740e-04
elapsed=2.202266e+02 cycle=5081 time=3.417723e+00 dt=6.662700e-04
elapsed=2.207584e+02 cycle=5082 time=3.418389e+00 dt=6.662661e-04
elapsed=2.213122e+02 cycle=5083 time=3.419055e+00 dt=6.662621e-04
elapsed=2.218672e+02 cycle=5084 time=3.419722e+00 dt=6.662582e-04
elapsed=2.224286e+02 cycle=5085 time=3.420388e+00 dt=6.662542e-04
elapsed=2.229606e+02 cycle=5086 time=3.421054e+00 dt=6.662502e-04
elapsed=2.234819e+02 cycle=5087 time=3.421720e+00 dt=6.662463e-04
elapsed=2.240005e+02 cycle=5088 time=3.422387e+00 dt=6.662423e-04
elapsed=2.245190e+02 cycle=5089 time=3.423053e+00 dt=6.662384e-04
elapsed=2.250710e+02 cycle=5090 time=3.423719e+00 dt=6.662344e-04
elapsed=2.256241e+02 cycle=5091 time=3.424385e+00 dt=6.662304e-04
elapsed=2.261615e+02 cycle=5092 time=3.425052e+00 dt=6.662265e-04
elapsed=2.267012e+02 cycle=5093 time=3.425718e+00 dt=6.662225e-04
elapsed=2.272252e+02 cycle=5094 time=3.426384e+00 dt=6.662185e-04
elapsed=2.277457e+02 cycle=5095 time=3.427050e+00 dt=6.662146e-04
elapsed=2.282691e+02 cycle=5096 time=3.427716e+00 dt=6.662106e-04
elapsed=2.287945e+02 cycle=5097 time=3.428383e+00 dt=6.662066e-04
elapsed=2.293311e+02 cycle=5098 time=3.429049e+00 dt=6.662026e-04
elapsed=2.298792e+02 cycle=5099 time=3.429715e+00 dt=6.661987e-04
elapsed=2.304319e+02 cycle=5100 time=3.430381e+00 dt=6.661947e-04
elapsed=2.309639e+02 cycle=5101 time=3.431047e+00 dt=6.661907e-04
elapsed=2.314850e+02 cycle=5102 time=3.431714e+00 dt=6.661867e-04
elapsed=2.321055e+02 cycle=5103 time=3.432380e+00 dt=6.661827e-04
elapsed=2.326285e+02 cycle=5104 time=3.433046e+00 dt=6.661788e-04
elapsed=2.331738e+02 cycle=5105 time=3.433712e+00 dt=6.661748e-04
elapsed=2.337132e+02 cycle=5106 time=3.434378e+00 dt=6.661708e-04
elapsed=2.342541e+02 cycle=5107 time=3.435044e+00 dt=6.661668e-04
elapsed=2.347963e+02 cycle=5108 time=3.435711e+00 dt=6.661628e-04
elapsed=2.353164e+02 cycle=5109 time=3.436377e+00 dt=6.661588e-04
elapsed=2.358356e+02 cycle=5110 time=3.437043e+00 dt=6.661548e-04
elapsed=2.363532e+02 cycle=5111 time=3.437709e+00 dt=6.661508e-04
elapsed=2.368807e+02 cycle=5112 time=3.438375e+00 dt=6.661468e-04
elapsed=2.374158e+02 cycle=5113 time=3.439041e+00 dt=6.661428e-04
elapsed=2.379666e+02 cycle=5114 time=3.439708e+00 dt=6.661388e-04
elapsed=2.385089e+02 cycle=5115 time=3.440374e+00 dt=6.661348e-04
elapsed=2.390343e+02 cycle=5116 time=3.441040e+00 dt=6.661308e-04
elapsed=2.395512e+02 cycle=5117 time=3.441706e+00 dt=6.661267e-04
elapsed=2.400668e+02 cycle=5118 time=3.442372e+00 dt=6.661227e-04
elapsed=2.405831e+02 cycle=5119 time=3.443038e+00 dt=6.661187e-04
elapsed=2.411294e+02 cycle=5120 time=3.443704e+00 dt=6.661146e-04
elapsed=2.416947e+02 cycle=5121 time=3.444370e+00 dt=6.661106e-04
elapsed=2.422347e+02 cycle=5122 time=3.445037e+00 dt=6.661066e-04
elapsed=2.427762e+02 cycle=5123 time=3.445703e+00 dt=6.661025e-04
elapsed=2.433074e+02 cycle=5124 time=3.446369e+00 dt=6.660985e-04
elapsed=2.438271e+02 cycle=5125 time=3.447035e+00 dt=6.660944e-04
elapsed=2.443498e+02 cycle=5126 time=3.447701e+00 dt=6.660904e-04
elapsed=2.448812e+02 cycle=5127 time=3.448367e+00 dt=6.660864e-04
elapsed=2.454186e+02 cycle=5128 time=3.449033e+00 dt=6.660823e-04
elapsed=2.459665e+02 cycle=5129 time=3.449699e+00 dt=6.660783e-04
elapsed=2.465109e+02 cycle=5130 time=3.450365e+00 dt=6.660742e-04
elapsed=2.470386e+02 cycle=5131 time=3.451031e+00 dt=6.660702e-04
elapsed=2.475576e+02 cycle=5132 time=3.451697e+00 dt=6.660661e-04
elapsed=2.480740e+02 cycle=5133 time=3.452364e+00 dt=6.660621e-04
elapsed=2.485887e+02 cycle=5134 time=3.453030e+00 dt=6.660580e-04
elapsed=2.491259e+02 cycle=5135 time=3.453696e+00 dt=6.660539e-04
elapsed=2.496612e+02 cycle=5136 time=3.454362e+00 dt=6.660499e-04
elapsed=2.502006e+02 cycle=5137 time=3.455028e+00 dt=6.660458e-04
elapsed=2.507353e+02 cycle=5138 time=3.455694e+00 dt=6.660418e-04
elapsed=2.512571e+02 cycle=5139 time=3.456360e+00 dt=6.660377e-04
elapsed=2.517732e+02 cycle=5140 time=3.457026e+00 dt=6.660336e-04
elapsed=2.522893e+02 cycle=5141 time=3.457692e+00 dt=6.660296e-04
elapsed=2.528217e+02 cycle=5142 time=3.458358e+00 dt=6.660255e-04
elapsed=2.533590e+02 cycle=5143 time=3.459024e+00 dt=6.660214e-04
elapsed=2.538936e+02 cycle=5144 time=3.459690e+00 dt=6.660174e-04
elapsed=2.544341e+02 cycle=5145 time=3.460356e+00 dt=6.660133e-04
elapsed=2.549551e+02 cycle=5146 time=3.461022e+00 dt=6.660092e-04
elapsed=2.554708e+02 cycle=5147 time=3.461688e+00 dt=6.660051e-04
elapsed=2.559886e+02 cycle=5148 time=3.462354e+00 dt=6.660011e-04
elapsed=2.565166e+02 cycle=5149 time=3.463020e+00 dt=6.659970e-04
elapsed=2.570544e+02 cycle=5150 time=3.463686e+00 dt=6.659929e-04
elapsed=2.576107e+02 cycle=5151 time=3.464352e+00 dt=6.659888e-04
elapsed=2.581603e+02 cycle=5152 time=3.465018e+00 dt=6.659847e-04
elapsed=2.586911e+02 cycle=5153 time=3.465684e+00 dt=6.659807e-04
elapsed=2.592069e+02 cycle=5154 time=3.466350e+00 dt=6.659766e-04
elapsed=2.597226e+02 cycle=5155 time=3.467016e+00 dt=6.659725e-04
elapsed=2.602466e+02 cycle=5156 time=3.467682e+00 dt=6.659684e-04
elapsed=2.607882e+02 cycle=5157 time=3.468348e+00 dt=6.659643e-04
elapsed=2.613267e+02 cycle=5158 time=3.469014e+00 dt=6.659602e-04
elapsed=2.618655e+02 cycle=5159 time=3.469680e+00 dt=6.659561e-04
elapsed=2.624061e+02 cycle=5160 time=3.470346e+00 dt=6.659520e-04
elapsed=2.629286e+02 cycle=5161 time=3.471012e+00 dt=6.659479e-04
elapsed=2.634485e+02 cycle=5162 time=3.471678e+00 dt=6.659438e-04
elapsed=2.639664e+02 cycle=5163 time=3.472344e+00 dt=6.659397e-04
elapsed=2.644941e+02 cycle=5164 time=3.473010e+00 dt=6.659356e-04
elapsed=2.650284e+02 cycle=5165 time=3.473675e+00 dt=6.659315e-04
elapsed=2.655704e+02 cycle=5166 time=3.474341e+00 dt=6.659274e-04
elapsed=2.661123e+02 cycle=5167 time=3.475007e+00 dt=6.659233e-04
elapsed=2.666473e+02 cycle=5168 time=3.475673e+00 dt=6.659192e-04
elapsed=2.671705e+02 cycle=5169 time=3.476339e+00 dt=6.659151e-04
elapsed=2.676900e+02 cycle=5170 time=3.477005e+00 dt=6.659110e-04
elapsed=2.682146e+02 cycle=5171 time=3.477671e+00 dt=6.659068e-04
elapsed=2.687642e+02 cycle=5172 time=3.478337e+00 dt=6.659027e-04
elapsed=2.693212e+02 cycle=5173 time=3.479003e+00 dt=6.658986e-04
elapsed=2.698794e+02 cycle=5174 time=3.479669e+00 dt=6.658945e-04
elapsed=2.704325e+02 cycle=5175 time=3.480335e+00 dt=6.658904e-04
elapsed=2.709607e+02 cycle=5176 time=3.481001e+00 dt=6.658862e-04
elapsed=2.714937e+02 cycle=5177 time=3.481666e+00 dt=6.658821e-04
elapsed=2.720197e+02 cycle=5178 time=3.482332e+00 dt=6.658780e-04
elapsed=2.725517e+02 cycle=5179 time=3.482998e+00 dt=6.658739e-04
elapsed=2.730895e+02 cycle=5180 time=3.483664e+00 dt=6.658697e-04
elapsed=2.736304e+02 cycle=5181 time=3.484330e+00 dt=6.658656e-04
elapsed=2.741731e+02 cycle=5182 time=3.484996e+00 dt=6.658615e-04
elapsed=2.747054e+02 cycle=5183 time=3.485662e+00 dt=6.658573e-04
elapsed=2.752282e+02 cycle=5184 time=3.486327e+00 dt=6.658532e-04
elapsed=2.757503e+02 cycle=5185 time=3.486993e+00 dt=6.658491e-04
elapsed=2.762736e+02 cycle=5186 time=3.487659e+00 dt=6.658449e-04
elapsed=2.768144e+02 cycle=5187 time=3.488325e+00 dt=6.658408e-04
elapsed=2.773521e+02 cycle=5188 time=3.488991e+00 dt=6.658366e-04
elapsed=2.778915e+02 cycle=5189 time=3.489657e+00 dt=6.658325e-04
elapsed=2.784412e+02 cycle=5190 time=3.490323e+00 dt=6.658283e-04
elapsed=2.789661e+02 cycle=5191 time=3.490988e+00 dt=6.658242e-04
elapsed=2.794870e+02 cycle=5192 time=3.491654e+00 dt=6.658200e-04
elapsed=2.800079e+02 cycle=5193 time=3.492320e+00 dt=6.658159e-04
elapsed=2.805396e+02 cycle=5194 time=3.492986e+00 dt=6.658117e-04
elapsed=2.810809e+02 cycle=5195 time=3.493652e+00 dt=6.658076e-04
elapsed=2.816213e+02 cycle=5196 time=3.494317e+00 dt=6.658034e-04
elapsed=2.821620e+02 cycle=5197 time=3.494983e+00 dt=6.657993e-04
elapsed=2.826908e+02 cycle=5198 time=3.495649e+00 dt=6.657951e-04
elapsed=2.832092e+02 cycle=5199 time=3.496315e+00 dt=6.657909e-04
elapsed=2.837291e+02 cycle=5200 time=3.496981e+00 dt=6.657868e-04
elapsed=2.842446e+02 cycle=5201 time=3.497646e+00 dt=6.657826e-04
elapsed=2.847934e+02 cycle=5202 time=3.498312e+00 dt=6.657785e-04
elapsed=2.853294e+02 cycle=5203 time=3.498978e+00 dt=6.657743e-04
elapsed=2.858705e+02 cycle=5204 time=3.499644e+00 dt=6.657701e-04
elapsed=2.866745e+02 cycle=5205 time=3.500310e+00 dt=6.657659e-04
elapsed=2.871927e+02 cycle=5206 time=3.500975e+00 dt=6.657618e-04
elapsed=2.877099e+02 cycle=5207 time=3.501641e+00 dt=6.657576e-04
elapsed=2.882276e+02 cycle=5208 time=3.502307e+00 dt=6.657534e-04
elapsed=2.887557e+02 cycle=5209 time=3.502973e+00 dt=6.657492e-04
elapsed=2.892982e+02 cycle=5210 time=3.503638e+00 dt=6.657451e-04
elapsed=2.898397e+02 cycle=5211 time=3.504304e+00 dt=6.657409e-04
elapsed=2.903808e+02 cycle=5212 time=3.504970e+00 dt=6.657367e-04
elapsed=2.910892e+02 cycle=5213 time=3.505636e+00 dt=6.657325e-04
elapsed=2.916081e+02 cycle=5214 time=3.506301e+00 dt=6.657283e-04
elapsed=2.921281e+02 cycle=5215 time=3.506967e+00 dt=6.657241e-04
elapsed=2.926564e+02 cycle=5216 time=3.507633e+00 dt=6.657199e-04
elapsed=2.931986e+02 cycle=5217 time=3.508298e+00 dt=6.657157e-04
elapsed=2.937340e+02 cycle=5218 time=3.508964e+00 dt=6.657115e-04
elapsed=2.942718e+02 cycle=5219 time=3.509630e+00 dt=6.657074e-04
elapsed=2.948101e+02 cycle=5220 time=3.510296e+00 dt=6.657032e-04
elapsed=2.953303e+02 cycle=5221 time=3.510961e+00 dt=6.656990e-04
elapsed=2.958468e+02 cycle=5222 time=3.511627e+00 dt=6.656948e-04
elapsed=2.963605e+02 cycle=5223 time=3.512293e+00 dt=6.656906e-04
elapsed=2.968863e+02 cycle=5224 time=3.512958e+00 dt=6.656863e-04
elapsed=2.975205e+02 cycle=5225 time=3.513624e+00 dt=6.656821e-04
elapsed=2.980668e+02 cycle=5226 time=3.514290e+00 dt=6.656779e-04
elapsed=2.986189e+02 cycle=5227 time=3.514955e+00 dt=6.656737e-04
elapsed=2.991457e+02 cycle=5228 time=3.515621e+00 dt=6.656695e-04
elapsed=2.996642e+02 cycle=5229 time=3.516287e+00 dt=6.656653e-04
elapsed=3.001812e+02 cycle=5230 time=3.516952e+00 dt=6.656611e-04
elapsed=3.007016e+02 cycle=5231 time=3.517618e+00 dt=6.656569e-04
elapsed=3.012469e+02 cycle=5232 time=3.518284e+00 dt=6.656526e-04
elapsed=3.017953e+02 cycle=5233 time=3.518949e+00 dt=6.656484e-04
elapsed=3.023458e+02 cycle=5234 time=3.519615e+00 dt=6.656442e-04
elapsed=3.028764e+02 cycle=5235 time=3.520281e+00 dt=6.656400e-04
elapsed=3.033921e+02 cycle=5236 time=3.520946e+00 dt=6.656357e-04
elapsed=3.039111e+02 cycle=5237 time=3.521612e+00 dt=6.656315e-04
elapsed=3.044272e+02 cycle=5238 time=3.522278e+00 dt=6.656273e-04
elapsed=3.049536e+02 cycle=5239 time=3.522943e+00 dt=6.656231e-04
elapsed=3.054886e+02 cycle=5240 time=3.523609e+00 dt=6.656188e-04
elapsed=3.060289e+02 cycle=5241 time=3.524274e+00 dt=6.656146e-04
elapsed=3.065653e+02 cycle=5242 time=3.524940e+00 dt=6.656103e-04
elapsed=3.070893e+02 cycle=5243 time=3.525606e+00 dt=6.656061e-04
elapsed=3.076134e+02 cycle=5244 time=3.526271e+00 dt=6.656019e-04
elapsed=3.081388e+02 cycle=5245 time=3.526937e+00 dt=6.655976e-04
elapsed=3.086651e+02 cycle=5246 time=3.527602e+00 dt=6.655934e-04
elapsed=3.092087e+02 cycle=5247 time=3.528268e+00 dt=6.655891e-04
elapsed=3.097503e+02 cycle=5248 time=3.528934e+00 dt=6.655849e-04
elapsed=3.102942e+02 cycle=5249 time=3.529599e+00 dt=6.655806e-04
elapsed=3.108322e+02 cycle=5250 time=3.530265e+00 dt=6.655764e-04
elapsed=3.113543e+02 cycle=5251 time=3.530930e+00 dt=6.655721e-04
elapsed=3.118780e+02 cycle=5252 time=3.531596e+00 dt=6.655679e-04
elapsed=3.123962e+02 cycle=5253 time=3.532262e+00 dt=6.655636e-04
elapsed=3.129366e+02 cycle=5254 time=3.532927e+00 dt=6.655594e-04
elapsed=3.136658e+02 cycle=5255 time=3.533593e+00 dt=6.655551e-04
elapsed=3.142098e+02 cycle=5256 time=3.534258e+00 dt=6.655508e-04
elapsed=3.147522e+02 cycle=5257 time=3.534924e+00 dt=6.655466e-04
elapsed=3.152730e+02 cycle=5258 time=3.535589e+00 dt=6.655423e-04
elapsed=3.157928e+02 cycle=5259 time=3.536255e+00 dt=6.655380e-04
elapsed=3.163145e+02 cycle=5260 time=3.536920e+00 dt=6.655338e-04
elapsed=3.168466e+02 cycle=5261 time=3.537586e+00 dt=6.655295e-04
elapsed=3.173999e+02 cycle=5262 time=3.538251e+00 dt=6.655252e-04
elapsed=3.179497e+02 cycle=5263 time=3.538917e+00 dt=6.655209e-04
elapsed=3.185119e+02 cycle=5264 time=3.539583e+00 dt=6.655167e-04
elapsed=3.190521e+02 cycle=5265 time=3.540248e+00 dt=6.655124e-04
elapsed=3.195756e+02 cycle=5266 time=3.540914e+00 dt=6.655081e-04
elapsed=3.201073e+02 cycle=5267 time=3.541579e+00 dt=6.655038e-04
elapsed=3.206298e+02 cycle=5268 time=3.542245e+00 dt=6.654995e-04
elapsed=3.211705e+02 cycle=5269 time=3.542910e+00 dt=6.654952e-04
elapsed=3.217134e+02 cycle=5270 time=3.543576e+00 dt=6.654910e-04
elapsed=3.222850e+02 cycle=5271 time=3.544241e+00 dt=6.654867e-04
elapsed=3.228402e+02 cycle=5272 time=3.544907e+00 dt=6.654824e-04
elapsed=3.233621e+02 cycle=5273 time=3.545572e+00 dt=6.654781e-04
elapsed=3.238850e+02 cycle=5274 time=3.546237e+00 dt=6.654738e-04
elapsed=3.244066e+02 cycle=5275 time=3.546903e+00 dt=6.654695e-04
elapsed=3.249372e+02 cycle=5276 time=3.547568e+00 dt=6.654652e-04
elapsed=3.254726e+02 cycle=5277 time=3.548234e+00 dt=6.654609e-04
elapsed=3.260245e+02 cycle=5278 time=3.548899e+00 dt=6.654566e-04
elapsed=3.265636e+02 cycle=5279 time=3.549565e+00 dt=6.654523e-04
elapsed=3.270977e+02 cycle=5280 time=3.550230e+00 dt=6.654480e-04
elapsed=3.276229e+02 cycle=5281 time=3.550896e+00 dt=6.654436e-04
elapsed=3.281445e+02 cycle=5282 time=3.551561e+00 dt=6.654393e-04
elapsed=3.286657e+02 cycle=5283 time=3.552227e+00 dt=6.654350e-04
elapsed=3.292202e+02 cycle=5284 time=3.552892e+00 dt=6.654307e-04
elapsed=3.297576e+02 cycle=5285 time=3.553557e+00 dt=6.654264e-04
elapsed=3.302968e+02 cycle=5286 time=3.554223e+00 dt=6.654221e-04
elapsed=3.308404e+02 cycle=5287 time=3.554888e+00 dt=6.654177e-04
elapsed=3.313570e+02 cycle=5288 time=3.555554e+00 dt=6.654134e-04
elapsed=3.319819e+02 cycle=5289 time=3.556219e+00 dt=6.654091e-04
elapsed=3.325000e+02 cycle=5290 time=3.556885e+00 dt=6.654048e-04
elapsed=3.330328e+02 cycle=5291 time=3.557550e+00 dt=6.654004e-04
elapsed=3.335697e+02 cycle=5292 time=3.558215e+00 dt=6.653961e-04
elapsed=3.341066e+02 cycle=5293 time=3.558881e+00 dt=6.653918e-04
elapsed=3.346509e+02 cycle=5294 time=3.559546e+00 dt=6.653874e-04
elapsed=3.351785e+02 cycle=5295 time=3.560212e+00 dt=6.653831e-04
elapsed=3.356956e+02 cycle=5296 time=3.560877e+00 dt=6.653788e-04
elapsed=3.362119e+02 cycle=5297 time=3.561542e+00 dt=6.653744e-04
elapsed=3.367283e+02 cycle=5298 time=3.562208e+00 dt=6.653701e-04
elapsed=3.372745e+02 cycle=5299 time=3.562873e+00 dt=6.653657e-04
elapsed=3.378137e+02 cycle=5300 time=3.563538e+00 dt=6.653614e-04
elapsed=3.383559e+02 cycle=5301 time=3.564204e+00 dt=6.653570e-04
elapsed=3.388935e+02 cycle=5302 time=3.564869e+00 dt=6.653527e-04
elapsed=3.394162e+02 cycle=5303 time=3.565534e+00 dt=6.653483e-04
elapsed=3.399331e+02 cycle=5304 time=3.566200e+00 dt=6.653440e-04
elapsed=3.404519e+02 cycle=5305 time=3.566865e+00 dt=6.653396e-04
elapsed=3.409871e+02 cycle=5306 time=3.567531e+00 dt=6.653353e-04
elapsed=3.415346e+02 cycle=5307 time=3.568196e+00 dt=6.653309e-04
elapsed=3.420806e+02 cycle=5308 time=3.568861e+00 dt=6.653265e-04
elapsed=3.426220e+02 cycle=5309 time=3.569526e+00 dt=6.653222e-04
elapsed=3.431451e+02 cycle=5310 time=3.570192e+00 dt=6.653178e-04
elapsed=3.436607e+02 cycle=5311 time=3.570857e+00 dt=6.653134e-04
elapsed=3.441804e+02 cycle=5312 time=3.571522e+00 dt=6.653091e-04
elapsed=3.447085e+02 cycle=5313 time=3.572188e+00 dt=6.653047e-04
elapsed=3.452480e+02 cycle=5314 time=3.572853e+00 dt=6.653003e-04
elapsed=3.457852e+02 cycle=5315 time=3.573518e+00 dt=6.652959e-04
elapsed=3.463202e+02 cycle=5316 time=3.574184e+00 dt=6.652916e-04
elapsed=3.468547e+02 cycle=5317 time=3.574849e+00 dt=6.652872e-04
elapsed=3.473764e+02 cycle=5318 time=3.575514e+00 dt=6.652828e-04
elapsed=3.478992e+02 cycle=5319 time=3.576180e+00 dt=6.652784e-04
elapsed=3.484171e+02 cycle=5320 time=3.576845e+00 dt=6.652740e-04
elapsed=3.489617e+02 cycle=5321 time=3.577510e+00 dt=6.652696e-04
elapsed=3.494941e+02 cycle=5322 time=3.578175e+00 dt=6.652652e-04
elapsed=3.500296e+02 cycle=5323 time=3.578841e+00 dt=6.652608e-04
elapsed=3.505696e+02 cycle=5324 time=3.579506e+00 dt=6.652564e-04
elapsed=3.510979e+02 cycle=5325 time=3.580171e+00 dt=6.652521e-04
elapsed=3.516229e+02 cycle=5326 time=3.580836e+00 dt=6.652477e-04
elapsed=3.523393e+02 cycle=5327 time=3.581502e+00 dt=6.652432e-04
elapsed=3.528714e+02 cycle=5328 time=3.582167e+00 dt=6.652388e-04
elapsed=3.534246e+02 cycle=5329 time=3.582832e+00 dt=6.652344e-04
elapsed=3.539742e+02 cycle=5330 time=3.583497e+00 dt=6.652300e-04
elapsed=3.545104e+02 cycle=5331 time=3.584163e+00 dt=6.652256e-04
elapsed=3.550398e+02 cycle=5332 time=3.584828e+00 dt=6.652212e-04
elapsed=3.555613e+02 cycle=5333 time=3.585493e+00 dt=6.652168e-04
elapsed=3.560881e+02 cycle=5334 time=3.586158e+00 dt=6.652124e-04
elapsed=3.566087e+02 cycle=5335 time=3.586823e+00 dt=6.652080e-04
elapsed=3.571459e+02 cycle=5336 time=3.587489e+00 dt=6.652035e-04
elapsed=3.576817e+02 cycle=5337 time=3.588154e+00 dt=6.651991e-04
elapsed=3.582176e+02 cycle=5338 time=3.588819e+00 dt=6.651947e-04
elapsed=3.587630e+02 cycle=5339 time=3.589484e+00 dt=6.651903e-04
elapsed=3.592924e+02 cycle=5340 time=3.590149e+00 dt=6.651858e-04
elapsed=3.598117e+02 cycle=5341 time=3.590815e+00 dt=6.651814e-04
elapsed=3.603321e+02 cycle=5342 time=3.591480e+00 dt=6.651770e-04
elapsed=3.608670e+02 cycle=5343 time=3.592145e+00 dt=6.651725e-04
elapsed=3.614117e+02 cycle=5344 time=3.592810e+00 dt=6.651681e-04
elapsed=3.619569e+02 cycle=5345 time=3.593475e+00 dt=6.651637e-04
elapsed=3.625096e+02 cycle=5346 time=3.594140e+00 dt=6.651592e-04
elapsed=3.630406e+02 cycle=5347 time=3.594806e+00 dt=6.651548e-04
elapsed=3.635613e+02 cycle=5348 time=3.595471e+00 dt=6.651503e-04
elapsed=3.640844e+02 cycle=5349 time=3.596136e+00 dt=6.651459e-04
elapsed=3.646041e+02 cycle=5350 time=3.596801e+00 dt=6.651414e-04
elapsed=3.651412e+02 cycle=5351 time=3.597466e+00 dt=6.651370e-04
elapsed=3.657029e+02 cycle=5352 time=3.598131e+00 dt=6.651325e-04
elapsed=3.662603e+02 cycle=5353 time=3.598797e+00 dt=6.651281e-04
elapsed=3.668022e+02 cycle=5354 time=3.599462e+00 dt=6.651236e-04
elapsed=3.673376e+02 cycle=5355 time=3.600127e+00 dt=6.651192e-04
elapsed=3.678628e+02 cycle=5356 time=3.600792e+00 dt=6.651147e-04
elapsed=3.683840e+02 cycle=5357 time=3.601457e+00 dt=6.651102e-04
elapsed=3.689263e+02 cycle=5358 time=3.602122e+00 dt=6.651058e-04
elapsed=3.694722e+02 cycle=5359 time=3.602787e+00 dt=6.651013e-04
elapsed=3.700119e+02 cycle=5360 time=3.603452e+00 dt=6.650968e-04
elapsed=3.705557e+02 cycle=5361 time=3.604117e+00 dt=6.650923e-04
elapsed=3.710895e+02 cycle=5362 time=3.604783e+00 dt=6.650879e-04
elapsed=3.716131e+02 cycle=5363 time=3.605448e+00 dt=6.650834e-04
elapsed=3.721354e+02 cycle=5364 time=3.606113e+00 dt=6.650789e-04
elapsed=3.726540e+02 cycle=5365 time=3.606778e+00 dt=6.650744e-04
elapsed=3.732018e+02 cycle=5366 time=3.607443e+00 dt=6.650699e-04
elapsed=3.737560e+02 cycle=5367 time=3.608108e+00 dt=6.650655e-04
elapsed=3.743113e+02 cycle=5368 time=3.608773e+00 dt=6.650610e-04
elapsed=3.748446e+02 cycle=5369 time=3.609438e+00 dt=6.650565e-04
elapsed=3.753653e+02 cycle=5370 time=3.610103e+00 dt=6.650520e-04
elapsed=3.758831e+02 cycle=5371 time=3.610768e+00 dt=6.650475e-04
elapsed=3.763970e+02 cycle=5372 time=3.611433e+00 dt=6.650430e-04
elapsed=3.769240e+02 cycle=5373 time=3.612098e+00 dt=6.650385e-04
elapsed=3.774564e+02 cycle=5374 time=3.612763e+00 dt=6.650340e-04
elapsed=3.779924e+02 cycle=5375 time=3.613428e+00 dt=6.650295e-04
elapsed=3.785378e+02 cycle=5376 time=3.614093e+00 dt=6.650250e-04
elapsed=3.791739e+02 cycle=5377 time=3.614758e+00 dt=6.650205e-04
elapsed=3.796916e+02 cycle=5378 time=3.615423e+00 dt=6.650160e-04
elapsed=3.802088e+02 cycle=5379 time=3.616088e+00 dt=6.650115e-04
elapsed=3.807282e+02 cycle=5380 time=3.616753e+00 dt=6.650069e-04
elapsed=3.812812e+02 cycle=5381 time=3.617418e+00 dt=6.650024e-04
elapsed=3.818339e+02 cycle=5382 time=3.618083e+00 dt=6.649979e-04
elapsed=3.823879e+02 cycle=5383 time=3.618748e+00 dt=6.649934e-04
elapsed=3.829291e+02 cycle=5384 time=3.619413e+00 dt=6.649889e-04
elapsed=3.834464e+02 cycle=5385 time=3.620078e+00 dt=6.649843e-04
elapsed=3.839647e+02 cycle=5386 time=3.620743e+00 dt=6.649798e-04
elapsed=3.844802e+02 cycle=5387 time=3.621408e+00 dt=6.649753e-04
elapsed=3.850084e+02 cycle=5388 time=3.622073e+00 dt=6.649707e-04
elapsed=3.855410e+02 cycle=5389 time=3.622738e+00 dt=6.649662e-04
elapsed=3.860752e+02 cycle=5390 time=3.623403e+00 dt=6.649617e-04
elapsed=3.866121e+02 cycle=5391 time=3.624068e+00 dt=6.649571e-04
elapsed=3.871336e+02 cycle=5392 time=3.624733e+00 dt=6.649526e-04
elapsed=3.876535e+02 cycle=5393 time=3.625398e+00 dt=6.649480e-04
elapsed=3.881702e+02 cycle=5394 time=3.626063e+00 dt=6.649435e-04
elapsed=3.886906e+02 cycle=5395 time=3.626728e+00 dt=6.649389e-04
elapsed=3.892333e+02 cycle=5396 time=3.627393e+00 dt=6.649344e-04
elapsed=3.897679e+02 cycle=5397 time=3.628058e+00 dt=6.649298e-04
elapsed=3.903064e+02 cycle=5398 time=3.628723e+00 dt=6.649253e-04
elapsed=3.908504e+02 cycle=5399 time=3.629388e+00 dt=6.649207e-04
elapsed=3.913701e+02 cycle=5400 time=3.630053e+00 dt=6.649162e-04
elapsed=3.918906e+02 cycle=5401 time=3.630718e+00 dt=6.649116e-04
elapsed=3.924062e+02 cycle=5402 time=3.631383e+00 dt=6.649070e-04
elapsed=3.930308e+02 cycle=5403 time=3.632047e+00 dt=6.649025e-04
elapsed=3.936716e+02 cycle=5404 time=3.632712e+00 dt=6.648979e-04
elapsed=3.946889e+02 cycle=5405 time=3.633377e+00 dt=6.648933e-04
elapsed=3.952335e+02 cycle=5406 time=3.634042e+00 dt=6.648888e-04
elapsed=3.959469e+02 cycle=5407 time=3.634707e+00 dt=6.648842e-04
elapsed=3.966455e+02 cycle=5408 time=3.635372e+00 dt=6.648796e-04
elapsed=3.973607e+02 cycle=5409 time=3.636037e+00 dt=6.648750e-04
elapsed=3.978935e+02 cycle=5410 time=3.636702e+00 dt=6.648704e-04
elapsed=3.991059e+02 cycle=5411 time=3.637367e+00 dt=6.648658e-04
elapsed=4.000489e+02 cycle=5412 time=3.638031e+00 dt=6.648613e-04
elapsed=4.009909e+02 cycle=5413 time=3.638696e+00 dt=6.648567e-04
elapsed=4.017236e+02 cycle=5414 time=3.639361e+00 dt=6.648521e-04
elapsed=4.027120e+02 cycle=5415 time=3.640026e+00 dt=6.648475e-04
elapsed=4.037106e+02 cycle=5416 time=3.640691e+00 dt=6.648429e-04
elapsed=4.042341e+02 cycle=5417 time=3.641356e+00 dt=6.648383e-04
elapsed=4.047846e+02 cycle=5418 time=3.642020e+00 dt=6.648337e-04
elapsed=4.053368e+02 cycle=5419 time=3.642685e+00 dt=6.648291e-04
elapsed=4.058819e+02 cycle=5420 time=3.643350e+00 dt=6.648245e-04
elapsed=4.064278e+02 cycle=5421 time=3.644015e+00 dt=6.648199e-04
elapsed=4.069555e+02 cycle=5422 time=3.644680e+00 dt=6.648153e-04
elapsed=4.074774e+02 cycle=5423 time=3.645345e+00 dt=6.648106e-04
elapsed=4.079972e+02 cycle=5424 time=3.646009e+00 dt=6.648060e-04
elapsed=4.085302e+02 cycle=5425 time=3.646674e+00 dt=6.648014e-04
elapsed=4.090703e+02 cycle=5426 time=3.647339e+00 dt=6.647968e-04
elapsed=4.097027e+02 cycle=5427 time=3.648004e+00 dt=6.647922e-04
elapsed=4.102550e+02 cycle=5428 time=3.648669e+00 dt=6.647875e-04
elapsed=4.107932e+02 cycle=5429 time=3.649333e+00 dt=6.647829e-04
elapsed=4.113442e+02 cycle=5430 time=3.649998e+00 dt=6.647783e-04
elapsed=4.118731e+02 cycle=5431 time=3.650663e+00 dt=6.647736e-04
elapsed=4.123983e+02 cycle=5432 time=3.651328e+00 dt=6.647690e-04
elapsed=4.129446e+02 cycle=5433 time=3.651992e+00 dt=6.647644e-04
elapsed=4.134844e+02 cycle=5434 time=3.652657e+00 dt=6.647597e-04
elapsed=4.140260e+02 cycle=5435 time=3.653322e+00 dt=6.647551e-04
elapsed=4.145680e+02 cycle=5436 time=3.653987e+00 dt=6.647504e-04
elapsed=4.150919e+02 cycle=5437 time=3.654652e+00 dt=6.647458e-04
elapsed=4.172140e+02 cycle=5438 time=3.655316e+00 dt=6.647411e-04
elapsed=4.177355e+02 cycle=5439 time=3.655981e+00 dt=6.647365e-04
elapsed=4.182688e+02 cycle=5440 time=3.656646e+00 dt=6.647318e-04
elapsed=4.188065e+02 cycle=5441 time=3.657310e+00 dt=6.647272e-04
elapsed=4.193475e+02 cycle=5442 time=3.657975e+00 dt=6.647225e-04
elapsed=4.198983e+02 cycle=5443 time=3.658640e+00 dt=6.647179e-04
elapsed=4.204266e+02 cycle=5444 time=3.659305e+00 dt=6.647132e-04
elapsed=4.209477e+02 cycle=5445 time=3.659969e+00 dt=6.647085e-04
elapsed=4.214671e+02 cycle=5446 time=3.660634e+00 dt=6.647039e-04
elapsed=4.219868e+02 cycle=5447 time=3.661299e+00 dt=6.646992e-04
elapsed=4.225494e+02 cycle=5448 time=3.661963e+00 dt=6.646945e-04
elapsed=4.231076e+02 cycle=5449 time=3.662628e+00 dt=6.646898e-04
elapsed=4.236458e+02 cycle=5450 time=3.663293e+00 dt=6.646852e-04
elapsed=4.241859e+02 cycle=5451 time=3.663958e+00 dt=6.646805e-04
elapsed=4.247080e+02 cycle=5452 time=3.664622e+00 dt=6.646758e-04
elapsed=4.252284e+02 cycle=5453 time=3.665287e+00 dt=6.646711e-04
elapsed=4.257444e+02 cycle=5454 time=3.665952e+00 dt=6.646664e-04
elapsed=4.262828e+02 cycle=5455 time=3.666616e+00 dt=6.646617e-04
elapsed=4.268338e+02 cycle=5456 time=3.667281e+00 dt=6.646570e-04
elapsed=4.273731e+02 cycle=5457 time=3.667946e+00 dt=6.646523e-04
elapsed=4.280078e+02 cycle=5458 time=3.668610e+00 dt=6.646476e-04
elapsed=4.285285e+02 cycle=5459 time=3.669275e+00 dt=6.646429e-04
elapsed=4.290491e+02 cycle=5460 time=3.669939e+00 dt=6.646382e-04
elapsed=4.295694e+02 cycle=5461 time=3.670604e+00 dt=6.646335e-04
elapsed=4.300923e+02 cycle=5462 time=3.671269e+00 dt=6.646288e-04
elapsed=4.306231e+02 cycle=5463 time=3.671933e+00 dt=6.646241e-04
elapsed=4.311589e+02 cycle=5464 time=3.672598e+00 dt=6.646194e-04
elapsed=4.317050e+02 cycle=5465 time=3.673263e+00 dt=6.646147e-04
elapsed=4.322403e+02 cycle=5466 time=3.673927e+00 dt=6.646100e-04
elapsed=4.327597e+02 cycle=5467 time=3.674592e+00 dt=6.646052e-04
elapsed=4.332793e+02 cycle=5468 time=3.675256e+00 dt=6.646005e-04
elapsed=4.338107e+02 cycle=5469 time=3.675921e+00 dt=6.645958e-04
elapsed=4.343443e+02 cycle=5470 time=3.676586e+00 dt=6.645910e-04
elapsed=4.348791e+02 cycle=5471 time=3.677250e+00 dt=6.645863e-04
elapsed=4.354275e+02 cycle=5472 time=3.677915e+00 dt=6.645816e-04
elapsed=4.359665e+02 cycle=5473 time=3.678579e+00 dt=6.645768e-04
elapsed=4.364857e+02 cycle=5474 time=3.679244e+00 dt=6.645721e-04
elapsed=4.370053e+02 cycle=5475 time=3.679909e+00 dt=6.645674e-04
elapsed=4.375200e+02 cycle=5476 time=3.680573e+00 dt=6.645626e-04
elapsed=4.380440e+02 cycle=5477 time=3.681238e+00 dt=6.645579e-04
elapsed=4.385927e+02 cycle=5478 time=3.681902e+00 dt=6.645531e-04
elapsed=4.391452e+02 cycle=5479 time=3.682567e+00 dt=6.645484e-04
elapsed=4.396913e+02 cycle=5480 time=3.683231e+00 dt=6.645436e-04
elapsed=4.402228e+02 cycle=5481 time=3.683896e+00 dt=6.645389e-04
elapsed=4.407398e+02 cycle=5482 time=3.684560e+00 dt=6.645341e-04
elapsed=4.412542e+02 cycle=5483 time=3.685225e+00 dt=6.645293e-04
elapsed=4.417691e+02 cycle=5484 time=3.685890e+00 dt=6.645246e-04
elapsed=4.423819e+02 cycle=5485 time=3.686554e+00 dt=6.645198e-04
elapsed=4.429178e+02 cycle=5486 time=3.687219e+00 dt=6.645150e-04
elapsed=4.434620e+02 cycle=5487 time=3.687883e+00 dt=6.645103e-04
elapsed=4.440128e+02 cycle=5488 time=3.688548e+00 dt=6.645055e-04
elapsed=4.445315e+02 cycle=5489 time=3.689212e+00 dt=6.645007e-04
elapsed=4.450528e+02 cycle=5490 time=3.689877e+00 dt=6.644959e-04
elapsed=4.455689e+02 cycle=5491 time=3.690541e+00 dt=6.644911e-04
elapsed=4.461010e+02 cycle=5492 time=3.691206e+00 dt=6.644864e-04
elapsed=4.466437e+02 cycle=5493 time=3.691870e+00 dt=6.644816e-04
elapsed=4.471798e+02 cycle=5494 time=3.692535e+00 dt=6.644768e-04
elapsed=4.477198e+02 cycle=5495 time=3.693199e+00 dt=6.644720e-04
elapsed=4.482517e+02 cycle=5496 time=3.693863e+00 dt=6.644672e-04
elapsed=4.487720e+02 cycle=5497 time=3.694528e+00 dt=6.644624e-04
elapsed=4.492909e+02 cycle=5498 time=3.695192e+00 dt=6.644576e-04
elapsed=4.498135e+02 cycle=5499 time=3.695857e+00 dt=6.644528e-04
elapsed=4.503485e+02 cycle=5500 time=3.696521e+00 dt=6.644480e-04
elapsed=4.508994e+02 cycle=5501 time=3.697186e+00 dt=6.644432e-04
elapsed=4.514391e+02 cycle=5502 time=3.697850e+00 dt=6.644383e-04
elapsed=4.519808e+02 cycle=5503 time=3.698515e+00 dt=6.644335e-04
elapsed=4.525050e+02 cycle=5504 time=3.699179e+00 dt=6.644287e-04
elapsed=4.530276e+02 cycle=5505 time=3.699844e+00 dt=6.644239e-04
elapsed=4.535494e+02 cycle=5506 time=3.700508e+00 dt=6.644191e-04
elapsed=4.540800e+02 cycle=5507 time=3.701172e+00 dt=6.644142e-04
elapsed=4.546151e+02 cycle=5508 time=3.701837e+00 dt=6.644094e-04
elapsed=4.551597e+02 cycle=5509 time=3.702501e+00 dt=6.644046e-04
elapsed=4.557251e+02 cycle=5510 time=3.703166e+00 dt=6.643998e-04
elapsed=4.562748e+02 cycle=5511 time=3.703830e+00 dt=6.643949e-04
elapsed=4.568146e+02 cycle=5512 time=3.704494e+00 dt=6.643901e-04
elapsed=4.573486e+02 cycle=5513 time=3.705159e+00 dt=6.643852e-04
elapsed=4.578734e+02 cycle=5514 time=3.705823e+00 dt=6.643804e-04
elapsed=4.584385e+02 cycle=5515 time=3.706488e+00 dt=6.643755e-04
elapsed=4.589804e+02 cycle=5516 time=3.707152e+00 dt=6.643707e-04
elapsed=4.595212e+02 cycle=5517 time=3.707816e+00 dt=6.643658e-04
elapsed=4.600811e+02 cycle=5518 time=3.708481e+00 dt=6.643610e-04
elapsed=4.606049e+02 cycle=5519 time=3.709145e+00 dt=6.643561e-04
elapsed=4.611277e+02 cycle=5520 time=3.709809e+00 dt=6.643513e-04
elapsed=4.616517e+02 cycle=5521 time=3.710474e+00 dt=6.643464e-04
elapsed=4.622016e+02 cycle=5522 time=3.711138e+00 dt=6.643415e-04
elapsed=4.627635e+02 cycle=5523 time=3.711802e+00 dt=6.643367e-04
elapsed=4.633321e+02 cycle=5524 time=3.712467e+00 dt=6.643318e-04
elapsed=4.638790e+02 cycle=5525 time=3.713131e+00 dt=6.643269e-04
elapsed=4.644075e+02 cycle=5526 time=3.713795e+00 dt=6.643220e-04
elapsed=4.649305e+02 cycle=5527 time=3.714460e+00 dt=6.643172e-04
elapsed=4.654547e+02 cycle=5528 time=3.715124e+00 dt=6.643123e-04
elapsed=4.659796e+02 cycle=5529 time=3.715788e+00 dt=6.643074e-04
elapsed=4.665144e+02 cycle=5530 time=3.716453e+00 dt=6.643025e-04
elapsed=4.670543e+02 cycle=5531 time=3.717117e+00 dt=6.642976e-04
elapsed=4.675899e+02 cycle=5532 time=3.717781e+00 dt=6.642927e-04
elapsed=4.681216e+02 cycle=5533 time=3.718446e+00 dt=6.642878e-04
elapsed=4.686422e+02 cycle=5534 time=3.719110e+00 dt=6.642829e-04
elapsed=4.691605e+02 cycle=5535 time=3.719774e+00 dt=6.642780e-04
elapsed=4.696824e+02 cycle=5536 time=3.720438e+00 dt=6.642731e-04
elapsed=4.702135e+02 cycle=5537 time=3.721103e+00 dt=6.642682e-04
elapsed=4.707510e+02 cycle=5538 time=3.721767e+00 dt=6.642633e-04
elapsed=4.712850e+02 cycle=5539 time=3.722431e+00 dt=6.642584e-04
elapsed=4.718215e+02 cycle=5540 time=3.723095e+00 dt=6.642535e-04
elapsed=4.723393e+02 cycle=5541 time=3.723760e+00 dt=6.642485e-04
elapsed=4.728560e+02 cycle=5542 time=3.724424e+00 dt=6.642436e-04
elapsed=4.733712e+02 cycle=5543 time=3.725088e+00 dt=6.642387e-04
elapsed=4.738951e+02 cycle=5544 time=3.725752e+00 dt=6.642338e-04
elapsed=4.744395e+02 cycle=5545 time=3.726417e+00 dt=6.642288e-04
elapsed=4.749871e+02 cycle=5546 time=3.727081e+00 dt=6.642239e-04
elapsed=4.755297e+02 cycle=5547 time=3.727745e+00 dt=6.642190e-04
elapsed=4.760603e+02 cycle=5548 time=3.728409e+00 dt=6.642140e-04
elapsed=4.765791e+02 cycle=5549 time=3.729074e+00 dt=6.642091e-04
elapsed=4.770962e+02 cycle=5550 time=3.729738e+00 dt=6.642041e-04
elapsed=4.776119e+02 cycle=5551 time=3.730402e+00 dt=6.641992e-04
elapsed=4.781573e+02 cycle=5552 time=3.731066e+00 dt=6.641942e-04
elapsed=4.787080e+02 cycle=5553 time=3.731730e+00 dt=6.641893e-04
elapsed=4.792472e+02 cycle=5554 time=3.732395e+00 dt=6.641843e-04
elapsed=4.797860e+02 cycle=5555 time=3.733059e+00 dt=6.641794e-04
elapsed=4.803033e+02 cycle=5556 time=3.733723e+00 dt=6.641744e-04
elapsed=4.808196e+02 cycle=5557 time=3.734387e+00 dt=6.641695e-04
elapsed=4.813358e+02 cycle=5558 time=3.735051e+00 dt=6.641645e-04
elapsed=4.818602e+02 cycle=5559 time=3.735715e+00 dt=6.641595e-04
elapsed=4.823991e+02 cycle=5560 time=3.736380e+00 dt=6.641545e-04
elapsed=4.829314e+02 cycle=5561 time=3.737044e+00 dt=6.641496e-04
elapsed=4.834670e+02 cycle=5562 time=3.737708e+00 dt=6.641446e-04
elapsed=4.845474e+02 cycle=5563 time=3.738372e+00 dt=6.641396e-04
elapsed=4.850673e+02 cycle=5564 time=3.739036e+00 dt=6.641346e-04
elapsed=4.858762e+02 cycle=5565 time=3.739700e+00 dt=6.641296e-04
elapsed=4.863927e+02 cycle=5566 time=3.740364e+00 dt=6.641246e-04
elapsed=4.872972e+02 cycle=5567 time=3.741029e+00 dt=6.641196e-04
elapsed=4.883134e+02 cycle=5568 time=3.741693e+00 dt=6.641147e-04
elapsed=4.892394e+02 cycle=5569 time=3.742357e+00 dt=6.641097e-04
elapsed=4.899724e+02 cycle=5570 time=3.743021e+00 dt=6.641046e-04
elapsed=4.907870e+02 cycle=5571 time=3.743685e+00 dt=6.640996e-04
elapsed=4.913986e+02 cycle=5572 time=3.744349e+00 dt=6.640946e-04
elapsed=4.924940e+02 cycle=5573 time=3.745013e+00 dt=6.640896e-04
elapsed=4.931234e+02 cycle=5574 time=3.745677e+00 dt=6.640846e-04
elapsed=4.936576e+02 cycle=5575 time=3.746341e+00 dt=6.640796e-04
elapsed=4.941962e+02 cycle=5576 time=3.747005e+00 dt=6.640746e-04
elapsed=4.947366e+02 cycle=5577 time=3.747670e+00 dt=6.640695e-04
elapsed=4.952640e+02 cycle=5578 time=3.748334e+00 dt=6.640645e-04
elapsed=4.957833e+02 cycle=5579 time=3.748998e+00 dt=6.640595e-04
elapsed=4.962996e+02 cycle=5580 time=3.749662e+00 dt=6.640545e-04
elapsed=4.970966e+02 cycle=5581 time=3.750326e+00 dt=6.640494e-04
elapsed=4.976409e+02 cycle=5582 time=3.750990e+00 dt=6.640444e-04
elapsed=4.981782e+02 cycle=5583 time=3.751654e+00 dt=6.640393e-04
elapsed=4.987256e+02 cycle=5584 time=3.752318e+00 dt=6.640343e-04
elapsed=4.993688e+02 cycle=5585 time=3.752982e+00 dt=6.640293e-04
elapsed=4.999896e+02 cycle=5586 time=3.753646e+00 dt=6.640242e-04
elapsed=5.006018e+02 cycle=5587 time=3.754310e+00 dt=6.640192e-04
elapsed=5.012236e+02 cycle=5588 time=3.754974e+00 dt=6.640141e-04
elapsed=5.018481e+02 cycle=5589 time=3.755638e+00 dt=6.640090e-04
elapsed=5.023815e+02 cycle=5590 time=3.756302e+00 dt=6.640040e-04
elapsed=5.029214e+02 cycle=5591 time=3.756966e+00 dt=6.639989e-04
elapsed=5.034656e+02 cycle=5592 time=3.757630e+00 dt=6.639938e-04
elapsed=5.039915e+02 cycle=5593 time=3.758294e+00 dt=6.639888e-04
elapsed=5.053141e+02 cycle=5594 time=3.758958e+00 dt=6.639837e-04
elapsed=5.058407e+02 cycle=5595 time=3.759622e+00 dt=6.639786e-04
elapsed=5.063723e+02 cycle=5596 time=3.760286e+00 dt=6.639735e-04
elapsed=5.069302e+02 cycle=5597 time=3.760950e+00 dt=6.639685e-04
elapsed=5.074730e+02 cycle=5598 time=3.761614e+00 dt=6.639634e-04
elapsed=5.080160e+02 cycle=5599 time=3.762278e+00 dt=6.639583e-04
elapsed=5.085571e+02 cycle=5600 time=3.762942e+00 dt=6.639532e-04
elapsed=5.090779e+02 cycle=5601 time=3.763606e+00 dt=6.639481e-04
elapsed=5.096053e+02 cycle=5602 time=3.764270e+00 dt=6.639430e-04
elapsed=5.101242e+02 cycle=5603 time=3.764934e+00 dt=6.639379e-04
elapsed=5.106676e+02 cycle=5604 time=3.765598e+00 dt=6.639328e-04
elapsed=5.112031e+02 cycle=5605 time=3.766262e+00 dt=6.639277e-04
elapsed=5.117391e+02 cycle=5606 time=3.766926e+00 dt=6.639226e-04
elapsed=5.122783e+02 cycle=5607 time=3.767589e+00 dt=6.639175e-04
elapsed=5.128000e+02 cycle=5608 time=3.768253e+00 dt=6.639123e-04
elapsed=5.133202e+02 cycle=5609 time=3.768917e+00 dt=6.639072e-04
elapsed=5.138405e+02 cycle=5610 time=3.769581e+00 dt=6.639021e-04
elapsed=5.143795e+02 cycle=5611 time=3.770245e+00 dt=6.638970e-04
elapsed=5.149144e+02 cycle=5612 time=3.770909e+00 dt=6.638918e-04
elapsed=5.154518e+02 cycle=5613 time=3.771573e+00 dt=6.638867e-04
elapsed=5.159892e+02 cycle=5614 time=3.772237e+00 dt=6.638816e-04
elapsed=5.165200e+02 cycle=5615 time=3.772901e+00 dt=6.638764e-04
elapsed=5.170394e+02 cycle=5616 time=3.773565e+00 dt=6.638713e-04
elapsed=5.175627e+02 cycle=5617 time=3.774228e+00 dt=6.638662e-04
elapsed=5.180828e+02 cycle=5618 time=3.774892e+00 dt=6.638610e-04
elapsed=5.186346e+02 cycle=5619 time=3.775556e+00 dt=6.638559e-04
elapsed=5.191934e+02 cycle=5620 time=3.776220e+00 dt=6.638507e-04
elapsed=5.197348e+02 cycle=5621 time=3.776884e+00 dt=6.638455e-04
elapsed=5.202941e+02 cycle=5622 time=3.777548e+00 dt=6.638404e-04
elapsed=5.208179e+02 cycle=5623 time=3.778211e+00 dt=6.638352e-04
elapsed=5.213353e+02 cycle=5624 time=3.778875e+00 dt=6.638301e-04
elapsed=5.218592e+02 cycle=5625 time=3.779539e+00 dt=6.638249e-04
elapsed=5.223852e+02 cycle=5626 time=3.780203e+00 dt=6.638197e-04
elapsed=5.229172e+02 cycle=5627 time=3.780867e+00 dt=6.638145e-04
elapsed=5.234527e+02 cycle=5628 time=3.781531e+00 dt=6.638094e-04
elapsed=5.239913e+02 cycle=5629 time=3.782194e+00 dt=6.638042e-04
elapsed=5.245216e+02 cycle=5630 time=3.782858e+00 dt=6.637990e-04
elapsed=5.250441e+02 cycle=5631 time=3.783522e+00 dt=6.637938e-04
elapsed=5.255603e+02 cycle=5632 time=3.784186e+00 dt=6.637886e-04
elapsed=5.260765e+02 cycle=5633 time=3.784850e+00 dt=6.637834e-04
elapsed=5.266195e+02 cycle=5634 time=3.785513e+00 dt=6.637782e-04
elapsed=5.271540e+02 cycle=5635 time=3.786177e+00 dt=6.637730e-04
elapsed=5.276968e+02 cycle=5636 time=3.786841e+00 dt=6.637678e-04
elapsed=5.282355e+02 cycle=5637 time=3.787505e+00 dt=6.637626e-04
elapsed=5.287577e+02 cycle=5638 time=3.788168e+00 dt=6.637574e-04
elapsed=5.292756e+02 cycle=5639 time=3.788832e+00 dt=6.637522e-04
elapsed=5.297911e+02 cycle=5640 time=3.789496e+00 dt=6.637470e-04
elapsed=5.303198e+02 cycle=5641 time=3.790160e+00 dt=6.637417e-04
elapsed=5.308725e+02 cycle=5642 time=3.790823e+00 dt=6.637365e-04
elapsed=5.314207e+02 cycle=5643 time=3.791487e+00 dt=6.637313e-04
elapsed=5.319673e+02 cycle=5644 time=3.792151e+00 dt=6.637261e-04
elapsed=5.324937e+02 cycle=5645 time=3.792815e+00 dt=6.637208e-04
elapsed=5.330143e+02 cycle=5646 time=3.793478e+00 dt=6.637156e-04
elapsed=5.335289e+02 cycle=5647 time=3.794142e+00 dt=6.637103e-04
elapsed=5.340467e+02 cycle=5648 time=3.794806e+00 dt=6.637051e-04
elapsed=5.345771e+02 cycle=5649 time=3.795470e+00 dt=6.636999e-04
elapsed=5.351200e+02 cycle=5650 time=3.796133e+00 dt=6.636946e-04
elapsed=5.356573e+02 cycle=5651 time=3.796797e+00 dt=6.636894e-04
elapsed=5.361991e+02 cycle=5652 time=3.797461e+00 dt=6.636841e-04
elapsed=5.367170e+02 cycle=5653 time=3.798124e+00 dt=6.636788e-04
elapsed=5.372347e+02 cycle=5654 time=3.798788e+00 dt=6.636736e-04
elapsed=5.377502e+02 cycle=5655 time=3.799452e+00 dt=6.636683e-04
elapsed=5.382911e+02 cycle=5656 time=3.800115e+00 dt=6.636630e-04
elapsed=5.388496e+02 cycle=5657 time=3.800779e+00 dt=6.636578e-04
elapsed=5.394103e+02 cycle=5658 time=3.801443e+00 dt=6.636525e-04
elapsed=5.399538e+02 cycle=5659 time=3.802106e+00 dt=6.636472e-04
elapsed=5.404757e+02 cycle=5660 time=3.802770e+00 dt=6.636419e-04
elapsed=5.409945e+02 cycle=5661 time=3.803434e+00 dt=6.636366e-04
elapsed=5.415164e+02 cycle=5662 time=3.804097e+00 dt=6.636313e-04
elapsed=5.420482e+02 cycle=5663 time=3.804761e+00 dt=6.636261e-04
elapsed=5.425990e+02 cycle=5664 time=3.805424e+00 dt=6.636208e-04
elapsed=5.431505e+02 cycle=5665 time=3.806088e+00 dt=6.636155e-04
elapsed=5.436975e+02 cycle=5666 time=3.806752e+00 dt=6.636102e-04
elapsed=5.442278e+02 cycle=5667 time=3.807415e+00 dt=6.636049e-04
elapsed=5.447467e+02 cycle=5668 time=3.808079e+00 dt=6.635995e-04
elapsed=5.452667e+02 cycle=5669 time=3.808743e+00 dt=6.635942e-04
elapsed=5.457880e+02 cycle=5670 time=3.809406e+00 dt=6.635889e-04
elapsed=5.463386e+02 cycle=5671 time=3.810070e+00 dt=6.635836e-04
elapsed=5.468836e+02 cycle=5672 time=3.810733e+00 dt=6.635783e-04
elapsed=5.474376e+02 cycle=5673 time=3.811397e+00 dt=6.635729e-04
elapsed=5.479771e+02 cycle=5674 time=3.812060e+00 dt=6.635676e-04
elapsed=5.484963e+02 cycle=5675 time=3.812724e+00 dt=6.635623e-04
elapsed=5.490222e+02 cycle=5676 time=3.813388e+00 dt=6.635569e-04
elapsed=5.495441e+02 cycle=5677 time=3.814051e+00 dt=6.635516e-04
elapsed=5.500816e+02 cycle=5678 time=3.814715e+00 dt=6.635463e-04
elapsed=5.506160e+02 cycle=5679 time=3.815378e+00 dt=6.635409e-04
elapsed=5.511684e+02 cycle=5680 time=3.816042e+00 dt=6.635356e-04
elapsed=5.517120e+02 cycle=5681 time=3.816705e+00 dt=6.635302e-04
elapsed=5.522404e+02 cycle=5682 time=3.817369e+00 dt=6.635249e-04
elapsed=5.527582e+02 cycle=5683 time=3.818032e+00 dt=6.635195e-04
elapsed=5.532801e+02 cycle=5684 time=3.818696e+00 dt=6.635141e-04
elapsed=5.538077e+02 cycle=5685 time=3.819359e+00 dt=6.635088e-04
elapsed=5.547168e+02 cycle=5686 time=3.820023e+00 dt=6.635034e-04
elapsed=5.552704e+02 cycle=5687 time=3.820686e+00 dt=6.634980e-04
elapsed=5.561029e+02 cycle=5688 time=3.821350e+00 dt=6.634926e-04
elapsed=5.566414e+02 cycle=5689 time=3.822013e+00 dt=6.634873e-04
elapsed=5.572449e+02 cycle=5690 time=3.822677e+00 dt=6.634819e-04
elapsed=5.577738e+02 cycle=5691 time=3.823340e+00 dt=6.634765e-04
elapsed=5.584939e+02 cycle=5692 time=3.824004e+00 dt=6.634711e-04
elapsed=5.598006e+02 cycle=5693 time=3.824667e+00 dt=6.634657e-04
elapsed=5.608386e+02 cycle=5694 time=3.825331e+00 dt=6.634603e-04
elapsed=5.616757e+02 cycle=5695 time=3.825994e+00 dt=6.634549e-04
elapsed=5.622216e+02 cycle=5696 time=3.826658e+00 dt=6.634495e-04
elapsed=5.630267e+02 cycle=5697 time=3.827321e+00 dt=6.634441e-04
elapsed=5.636551e+02 cycle=5698 time=3.827985e+00 dt=6.634387e-04
elapsed=5.642828e+02 cycle=5699 time=3.828648e+00 dt=6.634333e-04
elapsed=5.648117e+02 cycle=5700 time=3.829311e+00 dt=6.634279e-04
elapsed=5.653686e+02 cycle=5701 time=3.829975e+00 dt=6.634224e-04
elapsed=5.659326e+02 cycle=5702 time=3.830638e+00 dt=6.634170e-04
elapsed=5.664785e+02 cycle=5703 time=3.831302e+00 dt=6.634116e-04
elapsed=5.670170e+02 cycle=5704 time=3.831965e+00 dt=6.634062e-04
elapsed=5.675394e+02 cycle=5705 time=3.832629e+00 dt=6.634007e-04
elapsed=5.680656e+02 cycle=5706 time=3.833292e+00 dt=6.633953e-04
elapsed=5.686842e+02 cycle=5707 time=3.833955e+00 dt=6.633898e-04
elapsed=5.692198e+02 cycle=5708 time=3.834619e+00 dt=6.633844e-04
elapsed=5.699515e+02 cycle=5709 time=3.835282e+00 dt=6.633789e-04
elapsed=5.705122e+02 cycle=5710 time=3.835945e+00 dt=6.633735e-04
elapsed=5.710610e+02 cycle=5711 time=3.836609e+00 dt=6.633680e-04
elapsed=5.715846e+02 cycle=5712 time=3.837272e+00 dt=6.633626e-04
elapsed=5.721088e+02 cycle=5713 time=3.837936e+00 dt=6.633571e-04
elapsed=5.726306e+02 cycle=5714 time=3.838599e+00 dt=6.633516e-04
elapsed=5.731619e+02 cycle=5715 time=3.839262e+00 dt=6.633462e-04
elapsed=5.737256e+02 cycle=5716 time=3.839926e+00 dt=6.633407e-04
elapsed=5.742992e+02 cycle=5717 time=3.840589e+00 dt=6.633352e-04
elapsed=5.748425e+02 cycle=5718 time=3.841252e+00 dt=6.633297e-04
elapsed=5.753764e+02 cycle=5719 time=3.841916e+00 dt=6.633242e-04
elapsed=5.758990e+02 cycle=5720 time=3.842579e+00 dt=6.633188e-04
elapsed=5.764260e+02 cycle=5721 time=3.843242e+00 dt=6.633133e-04
elapsed=5.769477e+02 cycle=5722 time=3.843906e+00 dt=6.633078e-04
elapsed=5.774866e+02 cycle=5723 time=3.844569e+00 dt=6.633023e-04
elapsed=5.780360e+02 cycle=5724 time=3.845232e+00 dt=6.632968e-04
elapsed=5.785830e+02 cycle=5725 time=3.845896e+00 dt=6.632913e-04
elapsed=5.791361e+02 cycle=5726 time=3.846559e+00 dt=6.632858e-04
elapsed=5.796606e+02 cycle=5727 time=3.847222e+00 dt=6.632802e-04
elapsed=5.801874e+02 cycle=5728 time=3.847885e+00 dt=6.632747e-04
elapsed=5.807121e+02 cycle=5729 time=3.848549e+00 dt=6.632692e-04
elapsed=5.812443e+02 cycle=5730 time=3.849212e+00 dt=6.632637e-04
elapsed=5.818821e+02 cycle=5731 time=3.849875e+00 dt=6.632582e-04
elapsed=5.824277e+02 cycle=5732 time=3.850538e+00 dt=6.632526e-04
elapsed=5.829682e+02 cycle=5733 time=3.851202e+00 dt=6.632471e-04
elapsed=5.834935e+02 cycle=5734 time=3.851865e+00 dt=6.632415e-04
elapsed=5.849254e+02 cycle=5735 time=3.852528e+00 dt=6.632360e-04
elapsed=5.854417e+02 cycle=5736 time=3.853191e+00 dt=6.632305e-04
elapsed=5.859610e+02 cycle=5737 time=3.853855e+00 dt=6.632249e-04
elapsed=5.864917e+02 cycle=5738 time=3.854518e+00 dt=6.632194e-04
elapsed=5.871120e+02 cycle=5739 time=3.855181e+00 dt=6.632138e-04
elapsed=5.876542e+02 cycle=5740 time=3.855844e+00 dt=6.632082e-04
elapsed=5.881863e+02 cycle=5741 time=3.856508e+00 dt=6.632027e-04
elapsed=5.887062e+02 cycle=5742 time=3.857171e+00 dt=6.631971e-04
elapsed=5.892254e+02 cycle=5743 time=3.857834e+00 dt=6.631915e-04
elapsed=5.897434e+02 cycle=5744 time=3.858497e+00 dt=6.631860e-04
elapsed=5.902868e+02 cycle=5745 time=3.859160e+00 dt=6.631804e-04
elapsed=5.908448e+02 cycle=5746 time=3.859823e+00 dt=6.631748e-04
elapsed=5.913803e+02 cycle=5747 time=3.860487e+00 dt=6.631692e-04
elapsed=5.919163e+02 cycle=5748 time=3.861150e+00 dt=6.631636e-04
elapsed=5.924357e+02 cycle=5749 time=3.861813e+00 dt=6.631580e-04
elapsed=5.929559e+02 cycle=5750 time=3.862476e+00 dt=6.631524e-04
elapsed=5.936670e+02 cycle=5751 time=3.863139e+00 dt=6.631468e-04
elapsed=5.943035e+02 cycle=5752 time=3.863802e+00 dt=6.631412e-04
elapsed=5.950230e+02 cycle=5753 time=3.864466e+00 dt=6.631356e-04
elapsed=5.955593e+02 cycle=5754 time=3.865129e+00 dt=6.631300e-04
elapsed=5.961908e+02 cycle=5755 time=3.865792e+00 dt=6.631244e-04
elapsed=5.968148e+02 cycle=5756 time=3.866455e+00 dt=6.631188e-04
elapsed=5.974344e+02 cycle=5757 time=3.867118e+00 dt=6.631131e-04
elapsed=5.979660e+02 cycle=5758 time=3.867781e+00 dt=6.631075e-04
elapsed=5.988651e+02 cycle=5759 time=3.868444e+00 dt=6.631019e-04
elapsed=5.997028e+02 cycle=5760 time=3.869107e+00 dt=6.630963e-04
elapsed=6.005482e+02 cycle=5761 time=3.869771e+00 dt=6.630906e-04
elapsed=6.014816e+02 cycle=5762 time=3.870434e+00 dt=6.630850e-04
elapsed=6.024226e+02 cycle=5763 time=3.871097e+00 dt=6.630793e-04
elapsed=6.031405e+02 cycle=5764 time=3.871760e+00 dt=6.630737e-04
elapsed=6.036714e+02 cycle=5765 time=3.872423e+00 dt=6.630680e-04
elapsed=6.041950e+02 cycle=5766 time=3.873086e+00 dt=6.630624e-04
elapsed=6.047286e+02 cycle=5767 time=3.873749e+00 dt=6.630567e-04
elapsed=6.052767e+02 cycle=5768 time=3.874412e+00 dt=6.630510e-04
elapsed=6.058421e+02 cycle=5769 time=3.875075e+00 dt=6.630454e-04
elapsed=6.063968e+02 cycle=5770 time=3.875738e+00 dt=6.630397e-04
elapsed=6.069274e+02 cycle=5771 time=3.876401e+00 dt=6.630340e-04
elapsed=6.074514e+02 cycle=5772 time=3.877064e+00 dt=6.630284e-04
elapsed=6.079769e+02 cycle=5773 time=3.877727e+00 dt=6.630227e-04
elapsed=6.084980e+02 cycle=5774 time=3.878390e+00 dt=6.630170e-04
elapsed=6.090480e+02 cycle=5775 time=3.879053e+00 dt=6.630113e-04
elapsed=6.095891e+02 cycle=5776 time=3.879716e+00 dt=6.630056e-04
elapsed=6.101381e+02 cycle=5777 time=3.880379e+00 dt=6.629999e-04
elapsed=6.106863e+02 cycle=5778 time=3.881042e+00 dt=6.629942e-04
elapsed=6.112197e+02 cycle=5779 time=3.881705e+00 dt=6.629885e-04
elapsed=6.117467e+02 cycle=5780 time=3.882368e+00 dt=6.629828e-04
elapsed=6.122690e+02 cycle=5781 time=3.883031e+00 dt=6.629771e-04
elapsed=6.127997e+02 cycle=5782 time=3.883694e+00 dt=6.629714e-04
elapsed=6.133484e+02 cycle=5783 time=3.884357e+00 dt=6.629656e-04
elapsed=6.138934e+02 cycle=5784 time=3.885020e+00 dt=6.629599e-04
elapsed=6.144390e+02 cycle=5785 time=3.885683e+00 dt=6.629542e-04
elapsed=6.158672e+02 cycle=5786 time=3.886346e+00 dt=6.629484e-04
elapsed=6.163896e+02 cycle=5787 time=3.887009e+00 dt=6.629427e-04
elapsed=6.169109e+02 cycle=5788 time=3.887672e+00 dt=6.629370e-04
elapsed=6.174356e+02 cycle=5789 time=3.888335e+00 dt=6.629312e-04
elapsed=6.179730e+02 cycle=5790 time=3.888998e+00 dt=6.629255e-04
elapsed=6.185165e+02 cycle=5791 time=3.889661e+00 dt=6.629197e-04
elapsed=6.190594e+02 cycle=5792 time=3.890324e+00 dt=6.629140e-04
elapsed=6.195954e+02 cycle=5793 time=3.890987e+00 dt=6.629082e-04
elapsed=6.201145e+02 cycle=5794 time=3.891649e+00 dt=6.629024e-04
elapsed=6.206332e+02 cycle=5795 time=3.892312e+00 dt=6.628967e-04
elapsed=6.211507e+02 cycle=5796 time=3.892975e+00 dt=6.628909e-04
elapsed=6.216849e+02 cycle=5797 time=3.893638e+00 dt=6.628851e-04
elapsed=6.222243e+02 cycle=5798 time=3.894301e+00 dt=6.628794e-04
elapsed=6.227625e+02 cycle=5799 time=3.894964e+00 dt=6.628736e-04
elapsed=6.233016e+02 cycle=5800 time=3.895627e+00 dt=6.628678e-04
elapsed=6.238229e+02 cycle=5801 time=3.896290e+00 dt=6.628620e-04
elapsed=6.247274e+02 cycle=5802 time=3.896953e+00 dt=6.628562e-04
elapsed=6.254352e+02 cycle=5803 time=3.897615e+00 dt=6.628504e-04
elapsed=6.260498e+02 cycle=5804 time=3.898278e+00 dt=6.628446e-04
elapsed=6.266760e+02 cycle=5805 time=3.898941e+00 dt=6.628388e-04
elapsed=6.273156e+02 cycle=5806 time=3.899604e+00 dt=6.628330e-04
elapsed=6.280561e+02 cycle=5807 time=3.900267e+00 dt=6.628272e-04
elapsed=6.294518e+02 cycle=5808 time=3.900930e+00 dt=6.628214e-04
elapsed=6.300016e+02 cycle=5809 time=3.901592e+00 dt=6.628155e-04
elapsed=6.309892e+02 cycle=5810 time=3.902255e+00 dt=6.628097e-04
elapsed=6.315139e+02 cycle=5811 time=3.902918e+00 dt=6.628039e-04
elapsed=6.323715e+02 cycle=5812 time=3.903581e+00 dt=6.627980e-04
elapsed=6.330101e+02 cycle=5813 time=3.904244e+00 dt=6.627922e-04
elapsed=6.335522e+02 cycle=5814 time=3.904906e+00 dt=6.627864e-04
elapsed=6.340930e+02 cycle=5815 time=3.905569e+00 dt=6.627805e-04
elapsed=6.347054e+02 cycle=5816 time=3.906232e+00 dt=6.627747e-04
elapsed=6.352314e+02 cycle=5817 time=3.906895e+00 dt=6.627688e-04
elapsed=6.357476e+02 cycle=5818 time=3.907558e+00 dt=6.627630e-04
elapsed=6.362752e+02 cycle=5819 time=3.908220e+00 dt=6.627571e-04
elapsed=6.368104e+02 cycle=5820 time=3.908883e+00 dt=6.627512e-04
elapsed=6.373501e+02 cycle=5821 time=3.909546e+00 dt=6.627454e-04
elapsed=6.378882e+02 cycle=5822 time=3.910209e+00 dt=6.627395e-04
elapsed=6.384212e+02 cycle=5823 time=3.910871e+00 dt=6.627336e-04
elapsed=6.389387e+02 cycle=5824 time=3.911534e+00 dt=6.627277e-04
elapsed=6.394641e+02 cycle=5825 time=3.912197e+00 dt=6.627218e-04
elapsed=6.401948e+02 cycle=5826 time=3.912859e+00 dt=6.627160e-04
elapsed=6.407549e+02 cycle=5827 time=3.913522e+00 dt=6.627101e-04
elapsed=6.413939e+02 cycle=5828 time=3.914185e+00 dt=6.627042e-04
elapsed=6.419462e+02 cycle=5829 time=3.914848e+00 dt=6.626983e-04
elapsed=6.424875e+02 cycle=5830 time=3.915510e+00 dt=6.626924e-04
elapsed=6.430170e+02 cycle=5831 time=3.916173e+00 dt=6.626864e-04
elapsed=6.435415e+02 cycle=5832 time=3.916836e+00 dt=6.626805e-04
elapsed=6.440665e+02 cycle=5833 time=3.917498e+00 dt=6.626746e-04
elapsed=6.446199e+02 cycle=5834 time=3.918161e+00 dt=6.626687e-04
elapsed=6.451827e+02 cycle=5835 time=3.918824e+00 dt=6.626628e-04
elapsed=6.458169e+02 cycle=5836 time=3.919486e+00 dt=6.626568e-04
elapsed=6.464747e+02 cycle=5837 time=3.920149e+00 dt=6.626509e-04
elapsed=6.470064e+02 cycle=5838 time=3.920812e+00 dt=6.626450e-04
elapsed=6.475376e+02 cycle=5839 time=3.921474e+00 dt=6.626390e-04
elapsed=6.480645e+02 cycle=5840 time=3.922137e+00 dt=6.626331e-04
elapsed=6.485996e+02 cycle=5841 time=3.922800e+00 dt=6.626271e-04
elapsed=6.492444e+02 cycle=5842 time=3.923462e+00 dt=6.626212e-04
elapsed=6.498247e+02 cycle=5843 time=3.924125e+00 dt=6.626152e-04
elapsed=6.503920e+02 cycle=5844 time=3.924787e+00 dt=6.626093e-04
elapsed=6.509331e+02 cycle=5845 time=3.925450e+00 dt=6.626033e-04
elapsed=6.528337e+02 cycle=5846 time=3.926113e+00 dt=6.625973e-04
elapsed=6.533529e+02 cycle=5847 time=3.926775e+00 dt=6.625913e-04
elapsed=6.538728e+02 cycle=5848 time=3.927438e+00 dt=6.625854e-04
elapsed=6.544065e+02 cycle=5849 time=3.928100e+00 dt=6.625794e-04
elapsed=6.549593e+02 cycle=5850 time=3.928763e+00 dt=6.625734e-04
elapsed=6.555185e+02 cycle=5851 time=3.929426e+00 dt=6.625674e-04
elapsed=6.560574e+02 cycle=5852 time=3.930088e+00 dt=6.625614e-04
elapsed=6.565782e+02 cycle=5853 time=3.930751e+00 dt=6.625554e-04
elapsed=6.570962e+02 cycle=5854 time=3.931413e+00 dt=6.625494e-04
elapsed=6.576133e+02 cycle=5855 time=3.932076e+00 dt=6.625434e-04
elapsed=6.581523e+02 cycle=5856 time=3.932738e+00 dt=6.625374e-04
elapsed=6.586993e+02 cycle=5857 time=3.933401e+00 dt=6.625314e-04
elapsed=6.592379e+02 cycle=5858 time=3.934063e+00 dt=6.625253e-04
elapsed=6.597794e+02 cycle=5859 time=3.934726e+00 dt=6.625193e-04
elapsed=6.603095e+02 cycle=5860 time=3.935389e+00 dt=6.625133e-04
elapsed=6.608303e+02 cycle=5861 time=3.936051e+00 dt=6.625073e-04
elapsed=6.614496e+02 cycle=5862 time=3.936714e+00 dt=6.625012e-04
elapsed=6.624439e+02 cycle=5863 time=3.937376e+00 dt=6.624952e-04
elapsed=6.631814e+02 cycle=5864 time=3.938039e+00 dt=6.624891e-04
elapsed=6.638086e+02 cycle=5865 time=3.938701e+00 dt=6.624831e-04
elapsed=6.643537e+02 cycle=5866 time=3.939363e+00 dt=6.624770e-04
elapsed=6.654367e+02 cycle=5867 time=3.940026e+00 dt=6.624710e-04
elapsed=6.665167e+02 cycle=5868 time=3.940688e+00 dt=6.624649e-04
elapsed=6.673218e+02 cycle=5869 time=3.941351e+00 dt=6.624589e-04
elapsed=6.682193e+02 cycle=5870 time=3.942013e+00 dt=6.624528e-04
elapsed=6.694372e+02 cycle=5871 time=3.942676e+00 dt=6.624467e-04
elapsed=6.701676e+02 cycle=5872 time=3.943338e+00 dt=6.624406e-04
elapsed=6.708115e+02 cycle=5873 time=3.944001e+00 dt=6.624346e-04
elapsed=6.719954e+02 cycle=5874 time=3.944663e+00 dt=6.624285e-04
elapsed=6.725266e+02 cycle=5875 time=3.945326e+00 dt=6.624224e-04
elapsed=6.730542e+02 cycle=5876 time=3.945988e+00 dt=6.624163e-04
elapsed=6.735752e+02 cycle=5877 time=3.946650e+00 dt=6.624102e-04
elapsed=6.741022e+02 cycle=5878 time=3.947313e+00 dt=6.624041e-04
elapsed=6.746385e+02 cycle=5879 time=3.947975e+00 dt=6.623980e-04
elapsed=6.751783e+02 cycle=5880 time=3.948638e+00 dt=6.623919e-04
elapsed=6.757242e+02 cycle=5881 time=3.949300e+00 dt=6.623857e-04
elapsed=6.762568e+02 cycle=5882 time=3.949962e+00 dt=6.623796e-04
elapsed=6.767797e+02 cycle=5883 time=3.950625e+00 dt=6.623735e-04
elapsed=6.772962e+02 cycle=5884 time=3.951287e+00 dt=6.623674e-04
elapsed=6.778134e+02 cycle=5885 time=3.951950e+00 dt=6.623612e-04
elapsed=6.783512e+02 cycle=5886 time=3.952612e+00 dt=6.623551e-04
elapsed=6.789002e+02 cycle=5887 time=3.953274e+00 dt=6.623490e-04
elapsed=6.795536e+02 cycle=5888 time=3.953937e+00 dt=6.623428e-04
elapsed=6.802152e+02 cycle=5889 time=3.954599e+00 dt=6.623367e-04
elapsed=6.807438e+02 cycle=5890 time=3.955261e+00 dt=6.623305e-04
elapsed=6.812696e+02 cycle=5891 time=3.955924e+00 dt=6.623243e-04
elapsed=6.817963e+02 cycle=5892 time=3.956586e+00 dt=6.623182e-04
elapsed=6.823452e+02 cycle=5893 time=3.957248e+00 dt=6.623120e-04
elapsed=6.829071e+02 cycle=5894 time=3.957911e+00 dt=6.623058e-04
elapsed=6.834673e+02 cycle=5895 time=3.958573e+00 dt=6.622997e-04
elapsed=6.840135e+02 cycle=5896 time=3.959235e+00 dt=6.622935e-04
elapsed=6.845475e+02 cycle=5897 time=3.959897e+00 dt=6.622873e-04
elapsed=6.850739e+02 cycle=5898 time=3.960560e+00 dt=6.622811e-04
elapsed=6.856168e+02 cycle=5899 time=3.961222e+00 dt=6.622749e-04
elapsed=6.861450e+02 cycle=5900 time=3.961884e+00 dt=6.622687e-04
elapsed=6.866925e+02 cycle=5901 time=3.962547e+00 dt=6.622625e-04
elapsed=6.872390e+02 cycle=5902 time=3.963209e+00 dt=6.622563e-04
elapsed=6.879827e+02 cycle=5903 time=3.963871e+00 dt=6.622501e-04
elapsed=6.885370e+02 cycle=5904 time=3.964533e+00 dt=6.622439e-04
elapsed=6.890718e+02 cycle=5905 time=3.965196e+00 dt=6.622377e-04
elapsed=6.896144e+02 cycle=5906 time=3.965858e+00 dt=6.622315e-04
elapsed=6.901417e+02 cycle=5907 time=3.966520e+00 dt=6.622252e-04
elapsed=6.906824e+02 cycle=5908 time=3.967182e+00 dt=6.622190e-04
elapsed=6.912340e+02 cycle=5909 time=3.967844e+00 dt=6.622128e-04
elapsed=6.917752e+02 cycle=5910 time=3.968507e+00 dt=6.622065e-04
elapsed=6.923227e+02 cycle=5911 time=3.969169e+00 dt=6.622003e-04
elapsed=6.928535e+02 cycle=5912 time=3.969831e+00 dt=6.621940e-04
elapsed=6.933792e+02 cycle=5913 time=3.970493e+00 dt=6.621878e-04
elapsed=6.939050e+02 cycle=5914 time=3.971155e+00 dt=6.621815e-04
elapsed=6.944388e+02 cycle=5915 time=3.971818e+00 dt=6.621752e-04
elapsed=6.949783e+02 cycle=5916 time=3.972480e+00 dt=6.621690e-04
elapsed=6.955242e+02 cycle=5917 time=3.973142e+00 dt=6.621627e-04
elapsed=6.960771e+02 cycle=5918 time=3.973804e+00 dt=6.621564e-04
elapsed=6.966277e+02 cycle=5919 time=3.974466e+00 dt=6.621502e-04
elapsed=6.971631e+02 cycle=5920 time=3.975128e+00 dt=6.621439e-04
elapsed=6.976941e+02 cycle=5921 time=3.975791e+00 dt=6.621376e-04
elapsed=6.982225e+02 cycle=5922 time=3.976453e+00 dt=6.621313e-04
elapsed=6.987872e+02 cycle=5923 time=3.977115e+00 dt=6.621250e-04
elapsed=6.993467e+02 cycle=5924 time=3.977777e+00 dt=6.621187e-04
elapsed=6.999199e+02 cycle=5925 time=3.978439e+00 dt=6.621124e-04
elapsed=7.004784e+02 cycle=5926 time=3.979101e+00 dt=6.621061e-04
elapsed=7.010122e+02 cycle=5927 time=3.979763e+00 dt=6.620998e-04
elapsed=7.015431e+02 cycle=5928 time=3.980425e+00 dt=6.620934e-04
elapsed=7.020740e+02 cycle=5929 time=3.981088e+00 dt=6.620871e-04
elapsed=7.026126e+02 cycle=5930 time=3.981750e+00 dt=6.620808e-04
elapsed=7.031592e+02 cycle=5931 time=3.982412e+00 dt=6.620745e-04
elapsed=7.037103e+02 cycle=5932 time=3.983074e+00 dt=6.620681e-04
elapsed=7.042614e+02 cycle=5933 time=3.983736e+00 dt=6.620618e-04
elapsed=7.048999e+02 cycle=5934 time=3.984398e+00 dt=6.620554e-04
elapsed=7.054359e+02 cycle=5935 time=3.985060e+00 dt=6.620491e-04
elapsed=7.059661e+02 cycle=5936 time=3.985722e+00 dt=6.620427e-04
elapsed=7.064950e+02 cycle=5937 time=3.986384e+00 dt=6.620364e-04
elapsed=7.070580e+02 cycle=5938 time=3.987046e+00 dt=6.620300e-04
elapsed=7.076220e+02 cycle=5939 time=3.987708e+00 dt=6.620236e-04
elapsed=7.081804e+02 cycle=5940 time=3.988370e+00 dt=6.620173e-04
elapsed=7.087265e+02 cycle=5941 time=3.989032e+00 dt=6.620109e-04
elapsed=7.092601e+02 cycle=5942 time=3.989694e+00 dt=6.620045e-04
elapsed=7.097882e+02 cycle=5943 time=3.990356e+00 dt=6.619981e-04
elapsed=7.104053e+02 cycle=5944 time=3.991018e+00 dt=6.619917e-04
elapsed=7.118340e+02 cycle=5945 time=3.991680e+00 dt=6.619853e-04
elapsed=7.123691e+02 cycle=5946 time=3.992342e+00 dt=6.619789e-04
elapsed=7.129095e+02 cycle=5947 time=3.993004e+00 dt=6.619725e-04
elapsed=7.134494e+02 cycle=5948 time=3.993666e+00 dt=6.619661e-04
elapsed=7.139810e+02 cycle=5949 time=3.994328e+00 dt=6.619597e-04
elapsed=7.145048e+02 cycle=5950 time=3.994990e+00 dt=6.619533e-04
elapsed=7.150253e+02 cycle=5951 time=3.995652e+00 dt=6.619469e-04
elapsed=7.155497e+02 cycle=5952 time=3.996314e+00 dt=6.619404e-04
elapsed=7.160852e+02 cycle=5953 time=3.996976e+00 dt=6.619340e-04
elapsed=7.166301e+02 cycle=5954 time=3.997638e+00 dt=6.619276e-04
elapsed=7.171756e+02 cycle=5955 time=3.998300e+00 dt=6.619211e-04
elapsed=7.177142e+02 cycle=5956 time=3.998962e+00 dt=6.619147e-04
elapsed=7.182342e+02 cycle=5957 time=3.999624e+00 dt=6.619082e-04
elapsed=7.191179e+02 cycle=5958 time=4.000285e+00 dt=6.619018e-04
elapsed=7.196400e+02 cycle=5959 time=4.000947e+00 dt=6.618953e-04
elapsed=7.201765e+02 cycle=5960 time=4.001609e+00 dt=6.618889e-04
elapsed=7.207163e+02 cycle=5961 time=4.002271e+00 dt=6.618824e-04
elapsed=7.212552e+02 cycle=5962 time=4.002933e+00 dt=6.618759e-04
elapsed=7.219960e+02 cycle=5963 time=4.003595e+00 dt=6.618694e-04
elapsed=7.230059e+02 cycle=5964 time=4.004257e+00 dt=6.618630e-04
elapsed=7.235217e+02 cycle=5965 time=4.004919e+00 dt=6.618565e-04
elapsed=7.241380e+02 cycle=5966 time=4.005581e+00 dt=6.618500e-04
elapsed=7.249613e+02 cycle=5967 time=4.006242e+00 dt=6.618435e-04
elapsed=7.257166e+02 cycle=5968 time=4.006904e+00 dt=6.618370e-04
elapsed=7.267311e+02 cycle=5969 time=4.007566e+00 dt=6.618305e-04
elapsed=7.279293e+02 cycle=5970 time=4.008228e+00 dt=6.618240e-04
elapsed=7.285553e+02 cycle=5971 time=4.008890e+00 dt=6.618175e-04
elapsed=7.294479e+02 cycle=5972 time=4.009552e+00 dt=6.618110e-04
elapsed=7.301447e+02 cycle=5973 time=4.010213e+00 dt=6.618044e-04
elapsed=7.312284e+02 cycle=5974 time=4.010875e+00 dt=6.617979e-04
elapsed=7.317733e+02 cycle=5975 time=4.011537e+00 dt=6.617914e-04
elapsed=7.324143e+02 cycle=5976 time=4.012199e+00 dt=6.617848e-04
elapsed=7.329605e+02 cycle=5977 time=4.012861e+00 dt=6.617783e-04
elapsed=7.335083e+02 cycle=5978 time=4.013522e+00 dt=6.617717e-04
elapsed=7.340335e+02 cycle=5979 time=4.014184e+00 dt=6.617652e-04
elapsed=7.345532e+02 cycle=5980 time=4.014846e+00 dt=6.617586e-04
elapsed=7.350736e+02 cycle=5981 time=4.015508e+00 dt=6.617521e-04
elapsed=7.356018e+02 cycle=5982 time=4.016169e+00 dt=6.617455e-04
elapsed=7.361378e+02 cycle=5983 time=4.016831e+00 dt=6.617390e-04
elapsed=7.366739e+02 cycle=5984 time=4.017493e+00 dt=6.617324e-04
elapsed=7.372146e+02 cycle=5985 time=4.018155e+00 dt=6.617258e-04
elapsed=7.377439e+02 cycle=5986 time=4.018816e+00 dt=6.617192e-04
elapsed=7.382720e+02 cycle=5987 time=4.019478e+00 dt=6.617126e-04
elapsed=7.387963e+02 cycle=5988 time=4.020140e+00 dt=6.617060e-04
elapsed=7.393167e+02 cycle=5989 time=4.020801e+00 dt=6.616994e-04
elapsed=7.398571e+02 cycle=5990 time=4.021463e+00 dt=6.616928e-04
elapsed=7.404019e+02 cycle=5991 time=4.022125e+00 dt=6.616862e-04
elapsed=7.409515e+02 cycle=5992 time=4.022787e+00 dt=6.616796e-04
elapsed=7.414973e+02 cycle=5993 time=4.023448e+00 dt=6.616730e-04
elapsed=7.421217e+02 cycle=5994 time=4.024110e+00 dt=6.616664e-04
elapsed=7.426485e+02 cycle=5995 time=4.024772e+00 dt=6.616598e-04
elapsed=7.431731e+02 cycle=5996 time=4.025433e+00 dt=6.616531e-04
elapsed=7.437112e+02 cycle=5997 time=4.026095e+00 dt=6.616465e-04
elapsed=7.442555e+02 cycle=5998 time=4.026756e+00 dt=6.616399e-04
elapsed=7.448218e+02 cycle=5999 time=4.027418e+00 dt=6.616332e-04
elapsed=7.453877e+02 cycle=6000 time=4.028080e+00 dt=6.616266e-04
elapsed=7.459255e+02 cycle=6001 time=4.028741e+00 dt=6.616199e-04
elapsed=7.464562e+02 cycle=6002 time=4.029403e+00 dt=6.616133e-04
elapsed=7.469836e+02 cycle=6003 time=4.030065e+00 dt=6.616066e-04
elapsed=7.475278e+02 cycle=6004 time=4.030726e+00 dt=6.615999e-04
elapsed=7.480743e+02 cycle=6005 time=4.031388e+00 dt=6.615933e-04
elapsed=7.487204e+02 cycle=6006 time=4.032049e+00 dt=6.615866e-04
elapsed=7.492886e+02 cycle=6007 time=4.032711e+00 dt=6.615799e-04
elapsed=7.498274e+02 cycle=6008 time=4.033373e+00 dt=6.615732e-04
elapsed=7.514477e+02 cycle=6009 time=4.034034e+00 dt=6.615665e-04
elapsed=7.519704e+02 cycle=6010 time=4.034696e+00 dt=6.615599e-04
elapsed=7.524943e+02 cycle=6011 time=4.035357e+00 dt=6.615532e-04
elapsed=7.530282e+02 cycle=6012 time=4.036019e+00 dt=6.615464e-04
elapsed=7.535621e+02 cycle=6013 time=4.036680e+00 dt=6.615397e-04
elapsed=7.540939e+02 cycle=6014 time=4.037342e+00 dt=6.615330e-04
elapsed=7.546319e+02 cycle=6015 time=4.038003e+00 dt=6.615263e-04
elapsed=7.551540e+02 cycle=6016 time=4.038665e+00 dt=6.615196e-04
elapsed=7.556804e+02 cycle=6017 time=4.039327e+00 dt=6.615129e-04
elapsed=7.561967e+02 cycle=6018 time=4.039988e+00 dt=6.615061e-04
elapsed=7.567256e+02 cycle=6019 time=4.040650e+00 dt=6.614994e-04
elapsed=7.572551e+02 cycle=6020 time=4.041311e+00 dt=6.614926e-04
elapsed=7.578003e+02 cycle=6021 time=4.041973e+00 dt=6.614859e-04
elapsed=7.583578e+02 cycle=6022 time=4.042634e+00 dt=6.614791e-04
elapsed=7.589131e+02 cycle=6023 time=4.043295e+00 dt=6.614724e-04
elapsed=7.594601e+02 cycle=6024 time=4.043957e+00 dt=6.614656e-04
elapsed=7.599953e+02 cycle=6025 time=4.044618e+00 dt=6.614589e-04
elapsed=7.605274e+02 cycle=6026 time=4.045280e+00 dt=6.614521e-04
elapsed=7.610706e+02 cycle=6027 time=4.045941e+00 dt=6.614453e-04
elapsed=7.617027e+02 cycle=6028 time=4.046603e+00 dt=6.614385e-04
elapsed=7.625303e+02 cycle=6029 time=4.047264e+00 dt=6.614318e-04
elapsed=7.633685e+02 cycle=6030 time=4.047926e+00 dt=6.614250e-04
elapsed=7.638957e+02 cycle=6031 time=4.048587e+00 dt=6.614182e-04
elapsed=7.646083e+02 cycle=6032 time=4.049248e+00 dt=6.614114e-04
elapsed=7.653905e+02 cycle=6033 time=4.049910e+00 dt=6.614046e-04
elapsed=7.662333e+02 cycle=6034 time=4.050571e+00 dt=6.613978e-04
elapsed=7.671725e+02 cycle=6035 time=4.051233e+00 dt=6.613909e-04
elapsed=7.678355e+02 cycle=6036 time=4.051894e+00 dt=6.613841e-04
elapsed=7.686705e+02 cycle=6037 time=4.052555e+00 dt=6.613773e-04
elapsed=7.692061e+02 cycle=6038 time=4.053217e+00 dt=6.613705e-04
elapsed=7.701029e+02 cycle=6039 time=4.053878e+00 dt=6.613636e-04
elapsed=7.710048e+02 cycle=6040 time=4.054540e+00 dt=6.613568e-04
elapsed=7.715387e+02 cycle=6041 time=4.055201e+00 dt=6.613500e-04
elapsed=7.721040e+02 cycle=6042 time=4.055862e+00 dt=6.613431e-04
elapsed=7.726557e+02 cycle=6043 time=4.056524e+00 dt=6.613363e-04
elapsed=7.731964e+02 cycle=6044 time=4.057185e+00 dt=6.613294e-04
elapsed=7.737449e+02 cycle=6045 time=4.057846e+00 dt=6.613225e-04
elapsed=7.742667e+02 cycle=6046 time=4.058508e+00 dt=6.613157e-04
elapsed=7.747869e+02 cycle=6047 time=4.059169e+00 dt=6.613088e-04
elapsed=7.753038e+02 cycle=6048 time=4.059830e+00 dt=6.613019e-04
elapsed=7.758400e+02 cycle=6049 time=4.060492e+00 dt=6.612951e-04
elapsed=7.763885e+02 cycle=6050 time=4.061153e+00 dt=6.612882e-04
elapsed=7.769467e+02 cycle=6051 time=4.061814e+00 dt=6.612813e-04
elapsed=7.774867e+02 cycle=6052 time=4.062475e+00 dt=6.612744e-04
elapsed=7.780078e+02 cycle=6053 time=4.063137e+00 dt=6.612675e-04
elapsed=7.787043e+02 cycle=6054 time=4.063798e+00 dt=6.612606e-04
elapsed=7.792279e+02 cycle=6055 time=4.064459e+00 dt=6.612537e-04
elapsed=7.797656e+02 cycle=6056 time=4.065120e+00 dt=6.612468e-04
elapsed=7.803278e+02 cycle=6057 time=4.065782e+00 dt=6.612398e-04
elapsed=7.808880e+02 cycle=6058 time=4.066443e+00 dt=6.612329e-04
elapsed=7.815328e+02 cycle=6059 time=4.067104e+00 dt=6.612260e-04
elapsed=7.820757e+02 cycle=6060 time=4.067765e+00 dt=6.612190e-04
elapsed=7.826059e+02 cycle=6061 time=4.068427e+00 dt=6.612121e-04
elapsed=7.831299e+02 cycle=6062 time=4.069088e+00 dt=6.612052e-04
elapsed=7.836537e+02 cycle=6063 time=4.069749e+00 dt=6.611982e-04
elapsed=7.842060e+02 cycle=6064 time=4.070410e+00 dt=6.611913e-04
elapsed=7.849489e+02 cycle=6065 time=4.071071e+00 dt=6.611843e-04
elapsed=7.854954e+02 cycle=6066 time=4.071733e+00 dt=6.611773e-04
elapsed=7.860453e+02 cycle=6067 time=4.072394e+00 dt=6.611704e-04
elapsed=7.865726e+02 cycle=6068 time=4.073055e+00 dt=6.611634e-04
elapsed=7.870963e+02 cycle=6069 time=4.073716e+00 dt=6.611564e-04
elapsed=7.876195e+02 cycle=6070 time=4.074377e+00 dt=6.611494e-04
elapsed=7.881549e+02 cycle=6071 time=4.075038e+00 dt=6.611424e-04
elapsed=7.886934e+02 cycle=6072 time=4.075700e+00 dt=6.611354e-04
elapsed=7.892456e+02 cycle=6073 time=4.076361e+00 dt=6.611284e-04
elapsed=7.897972e+02 cycle=6074 time=4.077022e+00 dt=6.611214e-04
elapsed=7.903367e+02 cycle=6075 time=4.077683e+00 dt=6.611143e-04
elapsed=7.908631e+02 cycle=6076 time=4.078344e+00 dt=6.611072e-04
elapsed=7.913937e+02 cycle=6077 time=4.079005e+00 dt=6.611002e-04
elapsed=7.919214e+02 cycle=6078 time=4.079666e+00 dt=6.610931e-04
elapsed=7.924805e+02 cycle=6079 time=4.080327e+00 dt=6.610860e-04
elapsed=7.930317e+02 cycle=6080 time=4.080988e+00 dt=6.610789e-04
elapsed=7.935780e+02 cycle=6081 time=4.081650e+00 dt=6.610718e-04
elapsed=7.941241e+02 cycle=6082 time=4.082311e+00 dt=6.610647e-04
elapsed=7.946518e+02 cycle=6083 time=4.082972e+00 dt=6.610576e-04
elapsed=7.951798e+02 cycle=6084 time=4.083633e+00 dt=6.610505e-04
elapsed=7.957081e+02 cycle=6085 time=4.084294e+00 dt=6.610434e-04
elapsed=7.973224e+02 cycle=6086 time=4.084955e+00 dt=6.610362e-04
elapsed=7.978541e+02 cycle=6087 time=4.085616e+00 dt=6.610291e-04
elapsed=7.983934e+02 cycle=6088 time=4.086277e+00 dt=6.610220e-04
elapsed=7.989398e+02 cycle=6089 time=4.086938e+00 dt=6.610148e-04
elapsed=7.994641e+02 cycle=6090 time=4.087599e+00 dt=6.610077e-04
elapsed=7.999853e+02 cycle=6091 time=4.088260e+00 dt=6.610005e-04
elapsed=8.005081e+02 cycle=6092 time=4.088921e+00 dt=6.609934e-04
elapsed=8.010362e+02 cycle=6093 time=4.089582e+00 dt=6.609862e-04
elapsed=8.015731e+02 cycle=6094 time=4.090243e+00 dt=6.609790e-04
elapsed=8.021119e+02 cycle=6095 time=4.090904e+00 dt=6.609719e-04
elapsed=8.026512e+02 cycle=6096 time=4.091565e+00 dt=6.609647e-04
elapsed=8.031848e+02 cycle=6097 time=4.092226e+00 dt=6.609575e-04
elapsed=8.037070e+02 cycle=6098 time=4.092887e+00 dt=6.609503e-04
elapsed=8.042245e+02 cycle=6099 time=4.093548e+00 dt=6.609431e-04
elapsed=8.047424e+02 cycle=6100 time=4.094209e+00 dt=6.609359e-04
elapsed=8.052746e+02 cycle=6101 time=4.094870e+00 dt=6.609286e-04
elapsed=8.059053e+02 cycle=6102 time=4.095531e+00 dt=6.609213e-04
elapsed=8.066448e+02 cycle=6103 time=4.096191e+00 dt=6.609140e-04
elapsed=8.073777e+02 cycle=6104 time=4.096852e+00 dt=6.609067e-04
elapsed=8.079881e+02 cycle=6105 time=4.097513e+00 dt=6.608994e-04
elapsed=8.085071e+02 cycle=6106 time=4.098174e+00 dt=6.608921e-04
elapsed=8.092107e+02 cycle=6107 time=4.098835e+00 dt=6.608848e-04
elapsed=8.101202e+02 cycle=6108 time=4.099496e+00 dt=6.608775e-04
elapsed=8.107521e+02 cycle=6109 time=4.100157e+00 dt=6.608702e-04
elapsed=8.117906e+02 cycle=6110 time=4.100818e+00 dt=6.608628e-04
elapsed=8.127440e+02 cycle=6111 time=4.101479e+00 dt=6.608555e-04
elapsed=8.135759e+02 cycle=6112 time=4.102139e+00 dt=6.608482e-04
elapsed=8.141107e+02 cycle=6113 time=4.102800e+00 dt=6.608408e-04
elapsed=8.151019e+02 cycle=6114 time=4.103461e+00 dt=6.608335e-04
elapsed=8.161020e+02 cycle=6115 time=4.104122e+00 dt=6.608261e-04
elapsed=8.169169e+02 cycle=6116 time=4.104783e+00 dt=6.608187e-04
elapsed=8.174572e+02 cycle=6117 time=4.105444e+00 dt=6.608114e-04
elapsed=8.180032e+02 cycle=6118 time=4.106104e+00 dt=6.608040e-04
elapsed=8.186416e+02 cycle=6119 time=4.106765e+00 dt=6.607966e-04
elapsed=8.191631e+02 cycle=6120 time=4.107426e+00 dt=6.607892e-04
elapsed=8.196838e+02 cycle=6121 time=4.108087e+00 dt=6.607818e-04
elapsed=8.202052e+02 cycle=6122 time=4.108748e+00 dt=6.607744e-04
elapsed=8.208260e+02 cycle=6123 time=4.109408e+00 dt=6.607670e-04
elapsed=8.214553e+02 cycle=6124 time=4.110069e+00 dt=6.607596e-04
elapsed=8.220059e+02 cycle=6125 time=4.110730e+00 dt=6.607522e-04
elapsed=8.226485e+02 cycle=6126 time=4.111391e+00 dt=6.607448e-04
elapsed=8.231912e+02 cycle=6127 time=4.112051e+00 dt=6.607374e-04
elapsed=8.237252e+02 cycle=6128 time=4.112712e+00 dt=6.607299e-04
elapsed=8.243426e+02 cycle=6129 time=4.113373e+00 dt=6.607225e-04
elapsed=8.248767e+02 cycle=6130 time=4.114034e+00 dt=6.607150e-04
elapsed=8.254446e+02 cycle=6131 time=4.114694e+00 dt=6.607076e-04
elapsed=8.260043e+02 cycle=6132 time=4.115355e+00 dt=6.607001e-04
elapsed=8.265679e+02 cycle=6133 time=4.116016e+00 dt=6.606927e-04
elapsed=8.271106e+02 cycle=6134 time=4.116676e+00 dt=6.606852e-04
elapsed=8.276376e+02 cycle=6135 time=4.117337e+00 dt=6.606777e-04
elapsed=8.281574e+02 cycle=6136 time=4.117998e+00 dt=6.606702e-04
elapsed=8.286771e+02 cycle=6137 time=4.118658e+00 dt=6.606628e-04
elapsed=8.292158e+02 cycle=6138 time=4.119319e+00 dt=6.606553e-04
elapsed=8.297562e+02 cycle=6139 time=4.119980e+00 dt=6.606478e-04
elapsed=8.303007e+02 cycle=6140 time=4.120640e+00 dt=6.606403e-04
elapsed=8.308454e+02 cycle=6141 time=4.121301e+00 dt=6.606328e-04
elapsed=8.313708e+02 cycle=6142 time=4.121962e+00 dt=6.606253e-04
elapsed=8.318942e+02 cycle=6143 time=4.122622e+00 dt=6.606177e-04
elapsed=8.324193e+02 cycle=6144 time=4.123283e+00 dt=6.606102e-04
elapsed=8.329546e+02 cycle=6145 time=4.123944e+00 dt=6.606027e-04
elapsed=8.335147e+02 cycle=6146 time=4.124604e+00 dt=6.605951e-04
elapsed=8.340733e+02 cycle=6147 time=4.125265e+00 dt=6.605876e-04
elapsed=8.347365e+02 cycle=6148 time=4.125925e+00 dt=6.605800e-04
elapsed=8.352716e+02 cycle=6149 time=4.126586e+00 dt=6.605725e-04
elapsed=8.357946e+02 cycle=6150 time=4.127246e+00 dt=6.605649e-04
elapsed=8.363203e+02 cycle=6151 time=4.127907e+00 dt=6.605574e-04
elapsed=8.368418e+02 cycle=6152 time=4.128568e+00 dt=6.605498e-04
elapsed=8.373944e+02 cycle=6153 time=4.129228e+00 dt=6.605422e-04
elapsed=8.379409e+02 cycle=6154 time=4.129889e+00 dt=6.605346e-04
elapsed=8.384804e+02 cycle=6155 time=4.130549e+00 dt=6.605270e-04
elapsed=8.390245e+02 cycle=6156 time=4.131210e+00 dt=6.605194e-04
elapsed=8.395486e+02 cycle=6157 time=4.131870e+00 dt=6.605118e-04
elapsed=8.400725e+02 cycle=6158 time=4.132531e+00 dt=6.605042e-04
elapsed=8.406884e+02 cycle=6159 time=4.133191e+00 dt=6.604966e-04
elapsed=8.412217e+02 cycle=6160 time=4.133852e+00 dt=6.604890e-04
elapsed=8.417680e+02 cycle=6161 time=4.134512e+00 dt=6.604814e-04
elapsed=8.423151e+02 cycle=6162 time=4.135173e+00 dt=6.604737e-04
elapsed=8.428606e+02 cycle=6163 time=4.135833e+00 dt=6.604661e-04
elapsed=8.433960e+02 cycle=6164 time=4.136494e+00 dt=6.604584e-04
elapsed=8.439259e+02 cycle=6165 time=4.137154e+00 dt=6.604508e-04
elapsed=8.444509e+02 cycle=6166 time=4.137815e+00 dt=6.604431e-04
elapsed=8.449733e+02 cycle=6167 time=4.138475e+00 dt=6.604355e-04
elapsed=8.455189e+02 cycle=6168 time=4.139135e+00 dt=6.604278e-04
elapsed=8.460630e+02 cycle=6169 time=4.139796e+00 dt=6.604201e-04
elapsed=8.466017e+02 cycle=6170 time=4.140456e+00 dt=6.604125e-04
elapsed=8.471480e+02 cycle=6171 time=4.141117e+00 dt=6.604048e-04
elapsed=8.476690e+02 cycle=6172 time=4.141777e+00 dt=6.603971e-04
elapsed=8.481944e+02 cycle=6173 time=4.142438e+00 dt=6.603894e-04
elapsed=8.487171e+02 cycle=6174 time=4.143098e+00 dt=6.603817e-04
elapsed=8.492606e+02 cycle=6175 time=4.143758e+00 dt=6.603740e-04
elapsed=8.497980e+02 cycle=6176 time=4.144419e+00 dt=6.603662e-04
elapsed=8.503442e+02 cycle=6177 time=4.145079e+00 dt=6.603585e-04
elapsed=8.508906e+02 cycle=6178 time=4.145739e+00 dt=6.603508e-04
elapsed=8.514277e+02 cycle=6179 time=4.146400e+00 dt=6.603431e-04
elapsed=8.519555e+02 cycle=6180 time=4.147060e+00 dt=6.603353e-04
elapsed=8.526656e+02 cycle=6181 time=4.147720e+00 dt=6.603276e-04
elapsed=8.541877e+02 cycle=6182 time=4.148381e+00 dt=6.603198e-04
elapsed=8.547285e+02 cycle=6183 time=4.149041e+00 dt=6.603121e-04
elapsed=8.552650e+02 cycle=6184 time=4.149701e+00 dt=6.603043e-04
elapsed=8.558050e+02 cycle=6185 time=4.150362e+00 dt=6.602965e-04
elapsed=8.563378e+02 cycle=6186 time=4.151022e+00 dt=6.602888e-04
elapsed=8.568653e+02 cycle=6187 time=4.151682e+00 dt=6.602810e-04
elapsed=8.573850e+02 cycle=6188 time=4.152343e+00 dt=6.602732e-04
elapsed=8.579097e+02 cycle=6189 time=4.153003e+00 dt=6.602654e-04
elapsed=8.584478e+02 cycle=6190 time=4.153663e+00 dt=6.602576e-04
elapsed=8.589861e+02 cycle=6191 time=4.154323e+00 dt=6.602498e-04
elapsed=8.595271e+02 cycle=6192 time=4.154984e+00 dt=6.602420e-04
elapsed=8.600781e+02 cycle=6193 time=4.155644e+00 dt=6.602341e-04
elapsed=8.606018e+02 cycle=6194 time=4.156304e+00 dt=6.602263e-04
elapsed=8.611241e+02 cycle=6195 time=4.156964e+00 dt=6.602185e-04
elapsed=8.616558e+02 cycle=6196 time=4.157625e+00 dt=6.602107e-04
elapsed=8.621970e+02 cycle=6197 time=4.158285e+00 dt=6.602028e-04
elapsed=8.628463e+02 cycle=6198 time=4.158945e+00 dt=6.601950e-04
elapsed=8.637014e+02 cycle=6199 time=4.159605e+00 dt=6.601871e-04
elapsed=8.644515e+02 cycle=6200 time=4.160265e+00 dt=6.601792e-04
elapsed=8.650830e+02 cycle=6201 time=4.160925e+00 dt=6.601714e-04
elapsed=8.657024e+02 cycle=6202 time=4.161586e+00 dt=6.601635e-04
elapsed=8.663311e+02 cycle=6203 time=4.162246e+00 dt=6.601556e-04
elapsed=8.670588e+02 cycle=6204 time=4.162906e+00 dt=6.601477e-04
elapsed=8.678140e+02 cycle=6205 time=4.163566e+00 dt=6.601398e-04
elapsed=8.687504e+02 cycle=6206 time=4.164226e+00 dt=6.601319e-04
elapsed=8.694216e+02 cycle=6207 time=4.164886e+00 dt=6.601240e-04
elapsed=8.699772e+02 cycle=6208 time=4.165547e+00 dt=6.601161e-04
elapsed=8.705276e+02 cycle=6209 time=4.166207e+00 dt=6.601082e-04
elapsed=8.713477e+02 cycle=6210 time=4.166867e+00 dt=6.601003e-04
elapsed=8.721727e+02 cycle=6211 time=4.167527e+00 dt=6.600924e-04
elapsed=8.727405e+02 cycle=6212 time=4.168187e+00 dt=6.600844e-04
elapsed=8.733166e+02 cycle=6213 time=4.168847e+00 dt=6.600765e-04
elapsed=8.738818e+02 cycle=6214 time=4.169507e+00 dt=6.600685e-04
elapsed=8.744408e+02 cycle=6215 time=4.170167e+00 dt=6.600606e-04
elapsed=8.749760e+02 cycle=6216 time=4.170827e+00 dt=6.600526e-04
elapsed=8.754974e+02 cycle=6217 time=4.171487e+00 dt=6.600446e-04
elapsed=8.761196e+02 cycle=6218 time=4.172147e+00 dt=6.600367e-04
elapsed=8.766446e+02 cycle=6219 time=4.172807e+00 dt=6.600287e-04
elapsed=8.771868e+02 cycle=6220 time=4.173467e+00 dt=6.600207e-04
elapsed=8.777366e+02 cycle=6221 time=4.174127e+00 dt=6.600127e-04
elapsed=8.782805e+02 cycle=6222 time=4.174787e+00 dt=6.600047e-04
elapsed=8.788247e+02 cycle=6223 time=4.175447e+00 dt=6.599967e-04
elapsed=8.794352e+02 cycle=6224 time=4.176107e+00 dt=6.599887e-04
elapsed=8.799549e+02 cycle=6225 time=4.176767e+00 dt=6.599807e-04
elapsed=8.804766e+02 cycle=6226 time=4.177427e+00 dt=6.599727e-04
elapsed=8.810168e+02 cycle=6227 time=4.178087e+00 dt=6.599646e-04
elapsed=8.815587e+02 cycle=6228 time=4.178747e+00 dt=6.599566e-04
elapsed=8.821236e+02 cycle=6229 time=4.179407e+00 dt=6.599486e-04
elapsed=8.826767e+02 cycle=6230 time=4.180067e+00 dt=6.599405e-04
elapsed=8.832068e+02 cycle=6231 time=4.180727e+00 dt=6.599325e-04
elapsed=8.837323e+02 cycle=6232 time=4.181387e+00 dt=6.599244e-04
elapsed=8.842561e+02 cycle=6233 time=4.182047e+00 dt=6.599163e-04
elapsed=8.847933e+02 cycle=6234 time=4.182707e+00 dt=6.599083e-04
elapsed=8.853572e+02 cycle=6235 time=4.183367e+00 dt=6.599002e-04
elapsed=8.859330e+02 cycle=6236 time=4.184027e+00 dt=6.598921e-04
elapsed=8.864829e+02 cycle=6237 time=4.184687e+00 dt=6.598840e-04
elapsed=8.870334e+02 cycle=6238 time=4.185347e+00 dt=6.598759e-04
elapsed=8.875608e+02 cycle=6239 time=4.186006e+00 dt=6.598678e-04
elapsed=8.880929e+02 cycle=6240 time=4.186666e+00 dt=6.598597e-04
elapsed=8.886182e+02 cycle=6241 time=4.187326e+00 dt=6.598516e-04
elapsed=8.891545e+02 cycle=6242 time=4.187986e+00 dt=6.598434e-04
elapsed=8.896945e+02 cycle=6243 time=4.188646e+00 dt=6.598353e-04
elapsed=8.902436e+02 cycle=6244 time=4.189306e+00 dt=6.598272e-04
elapsed=8.907927e+02 cycle=6245 time=4.189966e+00 dt=6.598190e-04
elapsed=8.913233e+02 cycle=6246 time=4.190625e+00 dt=6.598109e-04
elapsed=8.918540e+02 cycle=6247 time=4.191285e+00 dt=6.598027e-04
elapsed=8.923808e+02 cycle=6248 time=4.191945e+00 dt=6.597946e-04
elapsed=8.929164e+02 cycle=6249 time=4.192605e+00 dt=6.597864e-04
elapsed=8.934701e+02 cycle=6250 time=4.193265e+00 dt=6.597782e-04
elapsed=8.940364e+02 cycle=6251 time=4.193924e+00 dt=6.597701e-04
elapsed=8.945837e+02 cycle=6252 time=4.194584e+00 dt=6.597619e-04
elapsed=8.951214e+02 cycle=6253 time=4.195244e+00 dt=6.597537e-04
elapsed=8.956586e+02 cycle=6254 time=4.195904e+00 dt=6.597455e-04
elapsed=8.961842e+02 cycle=6255 time=4.196563e+00 dt=6.597373e-04
elapsed=8.967150e+02 cycle=6256 time=4.197223e+00 dt=6.597291e-04
elapsed=8.972720e+02 cycle=6257 time=4.197883e+00 dt=6.597208e-04
elapsed=8.978304e+02 cycle=6258 time=4.198543e+00 dt=6.597126e-04
elapsed=8.992707e+02 cycle=6259 time=4.199202e+00 dt=6.597044e-04
elapsed=8.998277e+02 cycle=6260 time=4.199862e+00 dt=6.596961e-04
PC-GH one puncture: t=4.200522e+00 max(GH,ADM,red,alg)=(7.263504e-01,2.351615e-01,3.448888e+01,8.669164e-06) min(A,chi,SPD)=(1.754447e-04,8.139462e-09,9.222868e-01)
elapsed=9.015723e+02 cycle=6261 time=4.200522e+00 dt=6.596879e-04

Terminating on wall clock limit
time=4.200522e+00 cycle=6261
tlim=6.000000e+00 nlim=-1

MeshBlock-cycles = 725496
cpu time used  = 9.009115e+02
zone-cycles/cpu_second = 4.123090e+05
particle-updates/cpu_second = 0.000000e+00
