axisTau,field,n128,n256,n512,E_128_256,E_256_512,Q,p
0.0,C-norm2,0.1305083885462906,0.0006854074319407438,2.9331766164378906e-06,0.12982298111434987,0.0006824742553243058,190.22399761095622,7.5715554499080895
0.003849448801730892,C-norm2,0.12141288899760835,0.0007488093846135564,3.2497583489763934e-06,0.1206640796129948,0.00074555962626458,161.8436344488619,7.338456813093461
0.007698897603461784,C-norm2,0.11231738944892611,0.000812211337286369,3.5383461087708923e-06,0.11150517811163974,0.0008086729911775982,137.88661093931765,7.107338564906204
0.011548346405192676,C-norm2,0.10322188990024385,0.0008756132899591816,4.75913735426201e-06,0.10234627661028467,0.0008708541526049196,117.5240151340429,6.876811780392009
0.015397795206923567,C-norm2,0.0941263903515616,0.0008868711583555075,4.381210544470694e-06,0.0932395191932061,0.0008824899478110369,105.65504958382937,6.723217909583875
0.01924724400865446,C-norm2,0.09043760502234148,0.000854626341351399,3.7709506156183964e-06,0.08958297868099008,0.0008508553907357806,105.285786111695,6.718166871244597
0.02309669281038535,C-norm2,0.08924143946123805,0.000806966533693025,3.0742711712607626e-06,0.08843447292754503,0.0008038922625217643,110.00786678818268,6.781462885983621
0.026946141612116243,C-norm2,0.08804527390013461,0.0007547058647588854,2.4089256349501753e-06,0.08729056803537573,0.0007522969391239353,116.03206592469634,6.858379744762896
0.030795590413847135,C-norm2,0.08665225790630196,0.0006918579357042602,1.8836348301645855e-06,0.0859603999705977,0.0006899743008740956,124.58492999188313,6.960985757808682
0.03464503921557803,C-norm2,0.08469551548578788,0.0006273783034702336,1.5805083211424298e-06,0.08406813718231765,0.0006257977951490912,134.337541349581,7.069718719785139
0.03849448801730892,C-norm2,0.0827387730652738,0.0005605649252525772,1.575294653899394e-06,0.08217820814002122,0.0005589896305986778,147.0120439479501,7.199790542334377
0.04234393681903981,C-norm2,0.08078203064475972,0.0004966876114892278,1.8298741345771962e-06,0.08028534303327049,0.0004948577373546507,162.2392396296559,7.341978985732713
0.0461933856207707,C-norm2,0.07839676673338528,0.0004342203887872791,2.2891958454096193e-06,0.077962546344598,0.0004319311929418695,180.4976061432322,7.495835893212993
0.0500428344225016,C-norm2,0.0759407498354553,0.000382565121452313,2.872096294361515e-06,0.075558184714003,0.0003796930251579515,198.9980845251791,7.636610733813373
0.053892283224232486,C-norm2,0.07348473293752536,0.00033625477385156884,3.482433415373239e-06,0.07314847816367379,0.0003327723404361956,219.81537909007486,7.780148515828987
0.057741732025963374,C-norm2,0.07093478585796976,0.0003005634087177018,4.01434287016221e-06,0.07063422244925206,0.00029654906584753956,238.18730383580504,7.895952704650624
0.06159118082769427,C-norm2,0.06828413164612337,0.0002770026069344795,4.3775303423830674e-06,0.0680071290391889,0.0002726250765920964,249.45294794338253,7.962623908462288
0.06544062962942516,C-norm2,0.06563347743427698,0.00025981975016310557,4.535779005696156e-06,0.06537365768411388,0.0002552839711574094,256.08210882854115,8.000462652370478
0.06929007843115606,C-norm2,0.06299498193141395,0.0002609260622230792,4.4815352447804745e-06,0.06273405586919087,0.0002564445269782987,244.63012179823068,7.9344582465156295
0.07313952723288694,C-norm2,0.060436256015620804,0.0002675590229536258,4.240681587657045e-06,0.06016869699266718,0.00026331834136596877,228.50173170824695,7.8360612886135765
0.07698897603461784,C-norm2,0.057877530099827657,0.00028549735503515623,3.862556343615435e-06,0.0575920327447925,0.0002816347986915408,204.49189167092203,7.675899829626033
0.08083842483634873,C-norm2,0.0553188041840345,0.0003116547510874443,3.42972723067078e-06,0.05500714943294706,0.00030822502385677357,178.4642555774701,7.479491337053976
0.08468787363807961,C-norm2,0.05301513416281479,0.0003421762678647931,3.0259462673544828e-06,0.052672957894949995,0.0003391503215974386,155.30858896684532,7.278993806475041
0.08853732243981051,C-norm2,0.050773688203763274,0.000380215035364711,2.7143347447113063e-06,0.05039347316839856,0.0003775007006199997,133.492396399883,7.060613759488401
0.0923867712415414,C-norm2,0.04853224224471177,0.00041902463606103164,2.5390056810759923e-06,0.048113217608650734,0.00041648563037995567,115.5219150412405,6.852022753296662
0.0962362200432723,C-norm2,0.046524923197223386,0.00045924842457915015,2.535114225274423e-06,0.046065674772644234,0.0004567133103538757,100.86343824083234,6.656259499723082
0.1000856688450032,C-norm2,0.04475463040709681,0.0004974909012169253,2.68486695483956e-06,0.04425713950587989,0.0004948060342620857,89.44341103657206,6.482903303100998
0.10393511764673408,C-norm2,0.04298433761697024,0.0005344901930671016,2.9472714013925164e-06,0.04244984742390314,0.000531542921665709,79.86156092696525,6.319429365200225
0.10778456644846497,C-norm2,0.041330070081343144,0.0005649651101276018,3.276220183237862e-06,0.04076510497121554,0.0005616888899443639,72.5759503187848,6.181419652696542
0.11163401525019587,C-norm2,0.040119210876921246,0.0005913586903563892,3.6198348135801405e-06,0.039527852186564856,0.0005877388555428091,67.25410752375511,6.07155047739955
0.11548346405192675,C-norm2,0.038908351672499356,0.0006120650112879071,3.919146655351992e-06,0.038296286661211446,0.0006081458646325552,62.972205992636745,5.976643302478254
0.11933291285365764,C-norm2,0.03769749246807746,0.0006239317606530308,4.13994501101154e-06,0.03707356070742443,0.0006197918156420193,59.81615079737913,5.902463170102146
0.12318236165538854,C-norm2,0.03703322154424136,0.0006316099718032579,4.263892489011672e-06,0.0364016115724381,0.0006273460793142462,58.024769378058124,5.858596978415016
0.12703181045711942,C-norm2,0.03640903248844928,0.0006295108574929887,4.289049089102118e-06,0.035779521630956296,0.0006252218084038866,57.226925148847506,5.838622186630369
0.13088125925885033,C-norm2,0.0357848434326572,0.0006219060809533177,4.221824700617126e-06,0.03516293735170388,0.0006176842562527006,56.927041600552606,5.831042222209749
0.1347307080605812,C-norm2,0.03553106146037269,0.0006092506496741617,4.095980473652358e-06,0.03492181081069853,0.0006051546692005094,57.70724839128306,5.850680636659074
0.13858015686231212,C-norm2,0.03546092111466325,0.0005888661758335195,3.946877264040795e-06,0.03487205493882973,0.0005849192985694786,59.618574774529364,5.897689981952514
0.142429605664043,C-norm2,0.035390780768953814,0.0005659353404304369,3.8049261736922908e-06,0.03482484542852338,0.0005621304142567447,61.95154103975888,5.953068264626381
0.14627905446577388,C-norm2,0.035513837346349976,0.0005385736556258699,3.698450111258477e-06,0.03497526369072411,0.0005348752055146114,65.38957747550457,6.030988796013099
0.1501285032675048,C-norm2,0.03591014093147883,0.0005091311536471725,3.6494804387398718e-06,0.03540100977783166,0.0005054816732084326,70.03421024768636,6.129987915491961
0.15397795206923567,C-norm2,0.036306444516607674,0.0004785384066905769,3.6587666272989706e-06,0.035827906109917096,0.0004748796400632779,75.44628804288811,6.2373780167943425
0.15782740087096656,C-norm2,0.03675883800150113,0.00044748201623166333,3.7222516682572455e-06,0.03631135598526947,0.0004437597645634061,81.8266072882801,6.354498130734327
0.16167684967269746,C-norm2,0.03749562295954939,0.00041717510710536623,3.829055714955e-06,0.037078447852444026,0.0004133460513904112,89.70316210284274,6.487086936996035
0.16552629847442835,C-norm2,0.03823240791759765,0.0003879792580721069,3.965095854015595e-06,0.03784442865952554,0.00038401416221809135,98.54956504972004,6.622777598809632
0.16937574727615923,C-norm2,0.0389691928756459,0.00036161440745579833,4.107441015251018e-06,0.0386075784681901,0.00035750696644054733,107.99112211037281,6.75476890388757
0.17322519607789014,C-norm2,0.03989204262467923,0.0003368088794536968,4.241032151886431e-06,0.03955523374522553,0.00033256784730181034,118.93883929593638,6.894076091652704
0.17707464487962102,C-norm2,0.04083157713768431,0.00031601314072866925,4.354281633191645e-06,0.04051556399695564,0.0003116588590954776,129.99971864924134,7.022364690691658
0.18092409368135193,C-norm2,0.041771111650689405,0.0002755368585901392,4.4363616162415044e-06,0.04149557479209927,0.0002711004969738977,153.0634405148087,7.257985923386398
0.1847735424830828,C-norm2,0.04091569827819961,0.00021830058206969078,3.742469365961056e-06,0.04069739769612992,0.00021455811270372973,189.68006934478626,7.567424285139595
0.1886229912848137,C-norm2,0.041613232843595416,0.00019795131036464398,4.042740654103851e-06,0.04141528153323077,0.00019390856971054012,213.58149149908147,7.738642821447057
0.1924724400865446,C-norm2,0.044344052787683844,0.00019459602417519972,4.10348739872333e-06,0.04414945676350864,0.00019049253677647638,231.76475840265354,7.856517400023112
0.19632188888827548,C-norm2,0.04533410388030424,0.00018469955771597697,4.115578454396126e-06,0.045149404322588266,0.00018058397926158084,250.01888045222503,7.965893235487236
0.2001713376900064,C-norm2,0.04627402472931317,0.0001766432252185832,4.130886966843342e-06,0.046097381504094585,0.00017251233825173987,267.21208448769994,8.061841443979821
0.20402078649173727,C-norm2,0.04717588410058497,0.000171027235828255,4.162476297836982e-06,0.047004856864756715,0.00016686475953041802,281.69433136772136,8.137986721929309
0.20787023529346815,C-norm2,0.048033724141510165,0.0001684898654869357,4.209633377986338e-06,0.04786523427602323,0.00016428023210894935,291.36332266854475,8.186675469598116
0.21171968409519906,C-norm2,0.04883731835967269,0.00016914909839012946,4.263361851864846e-06,0.04866816926128256,0.00016488573653826463,295.1630036839982,8.205368092248529
0.21556913289692994,C-norm2,0.04959976995515289,0.000173130570551281,4.315457257139886e-06,0.04942663938460161,0.0001688151132941411,292.7856305050207,8.193700939749627
0.21941858169866083,C-norm2,0.0503229364223821,0.00018007381161246297,4.364516348638879e-06,0.05014286261076964,0.0001757092952638241,285.37398966560704,8.156710036534825
0.22326803050039173,C-norm2,0.0510079318201041,0.00018932693423898996,4.416348685063246e-06,0.050818604885865114,0.0001849105855539267,274.8279917757577,8.102385142764168
0.22711747930212262,C-norm2,0.051654878777325955,0.00020018511652033724,4.479598407620213e-06,0.051454693660805614,0.00019570551811271702,262.9189721220337,8.038474439752022
0.2309669281038535,C-norm2,0.05225735630278978,0.00021164882351233687,4.559090769681194e-06,0.05204570747927744,0.00020708973274265568,251.3195936369917,7.973379342254641
0.2348163769055844,C-norm2,0.05281718653270737,0.00022282380798364974,4.6516689255386694e-06,0.052594362724723724,0.00021817213905811107,241.06819024547858,7.91329748483481
0.2386658257073153,C-norm2,0.05333045697449827,0.0002328303582257244,4.747484146093142e-06,0.05309762661627255,0.00022808287407963127,232.79970857318474,7.862945442005954
0.2425152745090462,C-norm2,0.05379158350189255,0.0002410577252454715,4.8344622881939185e-06,0.05355052577664708,0.0002362232629572776,226.69454780299102,7.824605883225826
0.24636472331077708,C-norm2,0.054193682741400226,0.0002469574550901453,4.90419258512992e-06,0.05394672528631008,0.00024205326250501541,222.87130001064244,7.800067036977294
0.25021417211250796,C-norm2,0.05452267679801152,0.00025032195778972895,4.956035356037098e-06,0.05427235484022179,0.00024536592243369187,221.1894557398795,7.789138802678416
0.25406362091423884,C-norm2,0.054770637308467984,0.000251209643946217,4.996086172446335e-06,0.054519427664521766,0.00024621355777377065,221.43146038536213,7.790716400681497
0.2579130697159698,C-norm2,0.05493296538869742,0.00024965445692304213,5.033503412275383e-06,0.05468331093177438,0.00024462095351076673,223.54303728673656,7.804408800614653
0.26176251851770066,C-norm2,0.0550079466070007,0.00024612462909827696,5.076028101234469e-06,0.05476182197790243,0.0002410486009970425,227.1816627493072,7.827702580390709
0.26561196731943154,C-norm2,0.05497223753103944,0.00024094137890123704,5.127015548856428e-06,0.054731296152138204,0.00023581436335238062,232.0948366930155,7.858570617841702
0.2694614161211624,C-norm2,0.05482450914864437,0.00023453982198499689,5.186008976572614e-06,0.05458996932665937,0.00022935381300842427,238.01640186664022,7.894917183796732
0.2733108649228933,C-norm2,0.054574002670212333,0.0002273355517145797,5.251159605832291e-06,0.054346667118497755,0.0002220843921087474,244.71178096966844,7.934939747413482
0.27716031372462424,C-norm2,0.05420429417006014,0.00021963870414670495,5.32184434269713e-06,0.05398465546591343,0.00021431685980400782,251.89178077395428,7.976660237491521
0.2810097625263551,C-norm2,0.05371583931065198,0.00021175591809217232,5.399091618534224e-06,0.053504083392559805,0.0002063568264736381,259.27944476988216,8.018364026108546
0.284859211328086,C-norm2,0.05311851028933053,0.00020390282309483147,5.484061086416583e-06,0.0529146074662357,0.00019841876200841487,266.6814717047353,8.058973783661465
0.2887086601298169,C-norm2,0.0524163814934884,0.00019626202087487358,5.575736006582286e-06,0.05222011947261353,0.0001906862848682913,273.85356796207145,8.097260866736589
0.29255810893154777,C-norm2,0.05161524404857033,0.00018897769484958271,5.6701051066178985e-06,0.05142626635372075,0.00018330758974296482,280.54630157884367,8.132095083765996
0.29640755773327865,C-norm2,0.05071279757697865,0.00018217287770318008,5.760916306640965e-06,0.05053062469927547,0.0001764119613965391,286.4353658292628,8.162065821191648
0.3002570065350096,C-norm2,0.04972808418077379,0.00017607316036159215,5.842349148048716e-06,0.0495520110204122,0.00017023081121354344,291.0872048788655,8.185307615070144
0.30410645533674047,C-norm2,0.048673993171106086,0.00017080166793972728,5.911346170770229e-06,0.04850319150316636,0.00016489032176895705,294.1542655919407,8.200429146997282
0.30795590413847135,C-norm2,0.0475623357018346,0.00016656389455365709,5.968818371834629e-06,0.04739577180728095,0.00016059507618182246,295.12593370932757,8.205186890585052
0.31180535294020223,C-norm2,0.04640564144935193,0.00016346174183446617,6.0190570395259924e-06,0.04624217970751746,0.00015744268479494017,293.70802313073597,8.198238865627578
0.3156548017419331,C-norm2,0.04521679001889425,0.00016164248061027007,6.068168854704217e-06,0.04505514753828398,0.00015557431175556585,289.60531484833695,8.177944268835965
0.31950425054366405,C-norm2,0.044008211731974986,0.00016119430192907641,6.121878780999792e-06,0.04384701743004591,0.00015507242314807663,282.75186870702964,8.143392748792493
0.32335369934539493,C-norm2,0.04279491149314704,0.0001620501781291436,6.1842730083067646e-06,0.0426328613150179,0.00015586590512083683,273.5226878640732,8.095516694863685
0.3272031481471258,C-norm2,0.04158980520809564,0.00016414385395611375,6.2573284374695535e-06,0.041425661354139526,0.0001578865255186442,262.37616679485245,8.035492867015469
0.3310525969488567,C-norm2,0.040404307284337485,0.00016728745287326795,6.340824985289256e-06,0.040237019831464216,0.0001609466278879787,250.00225453291134,7.965797295017225
0.3349020457505876,C-norm2,0.03924909895261609,0.0001711897830851916,6.433070799495979e-06,0.039077909169530904,0.00016475671228569563,237.18553634262884,7.889872226290271
0.33875149455231846,C-norm2,0.03813402989099055,0.00017555887216652526,6.531017662369153e-06,0.037958471018824026,0.0001690278545041561,224.56932397429617,7.81101705975411
0.3426009433540494,C-norm2,0.03707209046404151,0.0001800506695394777,6.6305262327383355e-06,0.03689203979450203,0.00017342014330673936,212.73214916705902,7.732894266980259
0.3464503921557803,C-norm2,0.036071101210114906,0.00018433626279125531,6.7270889981148835e-06,0.03588676494732365,0.00017760917379314043,202.05468096552602,7.658601964347446
0.35029984095751115,C-norm2,0.035134918723510274,0.00018811830845204679,6.816590915296911e-06,0.034946800415058224,0.00018130171753674988,192.75493299160004,7.590623971894026
0.35414928975924204,C-norm2,0.03426871007593263,0.00019114056706768815,6.89662721611702e-06,0.03407756950886494,0.00018424393985157114,184.95897089650921,7.53106146565722
0.3579987385609729,C-norm2,0.033476353387367236,0.00019327100737344784,6.9669372532872124e-06,0.033283082379993785,0.00018630407012016064,178.64924989844386,7.480986046210827
0.36184818736270385,C-norm2,0.032760417724557275,0.0001944243369498876,7.0299829819098434e-06,0.032565993387607385,0.00018739435396797775,173.7832154386696,7.4411449383669686
0.36569763616443474,C-norm2,0.03212311609414657,0.00019454652597966271,7.090080061788399e-06,0.03192856956816691,0.0001874564459178743,170.32526895423482,7.412148674648032
0.3695470849661656,C-norm2,0.03157139155777689,0.00019374880359616963,7.152466084100749e-06,0.03137764275418072,0.00018659633751206888,168.1578704734826,7.393672494225517
0.3733965337678965,C-norm2,0.03109600472623415,0.0001921386665888437,7.221843326468901e-06,0.030903866059645305,0.0001849168232623748,167.12306384258193,7.384767036251104
0.3772459825696274,C-norm2,0.03069480558992579,0.00018984024424287913,7.3015041818867225e-06,0.03050496534568291,0.0001825387400609924,167.11502081963621,7.384697602934841
0.3810954313713583,C-norm2,0.030364918813977907,0.00018704279517404348,7.3921064418713e-06,0.030177876018803864,0.00017965068873217218,167.98085346499178,7.39215299310456
0.3849448801730892,C-norm2,0.030102918496324158,0.00018392950410387867,7.491943365075158e-06,0.02991898899222028,0.0001764375607388035,169.57267413434755,7.4057598946575345
0.3887943289748201,C-norm2,0.029904958358986024,0.0001806639980088234,7.597219440212185e-06,0.0297242943609772,0.00017306677856861123,171.75043417817588,7.424169935897631
0.39264377777655096,C-norm2,0.029766854106871334,0.00017739790676863415,7.703241225748234e-06,0.0295894562001027,0.0001696946655428859,174.36880591054722,7.445998158883695
0.39649322657828184,C-norm2,0.02968886920402546,0.00017425351230538784,7.805637047635595e-06,0.02951461569172007,0.00016644787525775225,177.3204713248236,7.470215292136095
0.4003426753800128,C-norm2,0.029661150641934766,0.0001713157126752288,7.901500876088726e-06,0.029489834929259537,0.00016341421179914007,180.46065029831587,7.495540479472331
0.40419212418174366,C-norm2,0.02967831971128963,0.00016863979375445712,7.98968480347847e-06,0.029509679917535173,0.00016065010895097867,183.68913728243945,7.521122502929884
0.40804157298347454,C-norm2,0.029734904280333502,0.0001662555833750912,8.071072872130103e-06,0.02956864869695841,0.0001581845105029611,186.9250573456426,7.546316165413296
0.4118910217852054,C-norm2,0.029827352499747578,0.00016414784040013087,8.147923549165751e-06,0.029663204659347447,0.0001559999168509651,190.14884916692782,7.570985397182932
0.4157404705869363,C-norm2,0.029949653395611713,0.000162290254666498,8.223604938666052e-06,0.029787363140945215,0.00015406664972783196,193.34075994750577,7.595002007226475
0.4195899193886672,C-norm2,0.030097707409823555,0.00016065588172740585,8.301870322788078e-06,0.02993705152809615,0.00015235401140461778,196.49664129019953,7.618360842536543
0.4234393681903981,C-norm2,0.03026774026704592,0.00015921485801446487,8.3859782133666e-06,0.030108525409031455,0.00015082887980109828,199.62042712732668,7.6411155487635565
0.427288816992129,C-norm2,0.030456179840974297,0.00015794463858088682,8.47818686115225e-06,0.03029823520239341,0.00014946645171973457,202.7092692292302,7.663268249794605
0.4311382657938599,C-norm2,0.030658526057627238,0.0001568468329896882,8.578583655125434e-06,0.03050167922463755,0.00014826824933456277,205.71956141339095,7.6845351728077524
0.43498771459559077,C-norm2,0.03087220243275592,0.0001559429421745364,8.685542687821002e-06,0.030716259490581384,0.00014725739948671539,208.58890349583015,7.704518601240509
0.43883716339732165,C-norm2,0.031095252880017358,0.0001552814362614532,8.795870477188823e-06,0.030939971443755904,0.0001464855657842644,211.21515473628665,7.722569541888262
0.4426866121990526,C-norm2,0.03132635728993576,0.00015490389128002753,8.906022477782091e-06,0.031171453398655735,0.00014599786880224543,213.50622207285483,7.7381343037556265
0.44653606100078347,C-norm2,0.031564825946450145,0.00015485382523200116,9.013031011832466e-06,0.03140997212121814,0.0001458407942201687,215.3716474815685,7.750684529118229
0.45038550980251435,C-norm2,0.03180148078531024,0.00015513979205294362,9.115263460958453e-06,0.0316463409932573,0.00014602452859198517,216.7193504981756,7.759684164717132
0.45423495860424523,C-norm2,0.0320548269530843,0.00015582211228631817,9.212511529219006e-06,0.03189900484079798,0.00014660960075709917,217.57787127220834,7.765388024721179
0.4580844074059761,C-norm2,0.032316887994493414,0.00015685480261072238,9.305757932622854e-06,0.03216003319188269,0.0001475490446780995,217.9616497148094,7.767930505357534
0.461933856207707,C-norm2,0.032588746752683015,0.00015817489684606447,9.396717602801508e-06,0.03243057185583695,0.00014877817924326296,217.97935705887787,7.76804770606631
0.46578330500943793,C-norm2,0.032871558346703765,0.00015970129750715955,9.487628521199934e-06,0.0327118570491966,0.00015021366898595963,217.76884400749282,7.766653753512243
0.4696327538111688,C-norm2,0.03316639066673043,0.00016133556779152463,9.58076746346551e-06,0.033005055098938904,0.00015175480032805913,217.48936460388424,7.764801043571099
0.4734822026128997,C-norm2,0.03347405687019709,0.00016297237323159884,9.678130118217809e-06,0.033311084496965494,0.00015329424311338102,217.3016012892775,7.763554995511536
0.4773316514146306,C-norm2,0.03379494057330665,0.00016450472478514712,9.780778673742659e-06,0.0336304358485215,0.00015472394611140447,217.35766630659023,7.763927170817221
0.48118110021636146,C-norm2,0.03412884572312499,0.00016584235963639383,9.888658383460053e-06,0.03396300336348859,0.00015595370125293378,217.77619313058582,7.766702439836449
0.4850305490180924,C-norm2,0.03447487157986514,0.0001669152721265474,1.0000694844707353e-05,0.03430795630773859,0.00015691457728184006,218.640975886624,7.7724199941175405
0.4888799978198233,C-norm2,0.03483130919748354,0.00016767090441540465,1.0115059120803297e-05,0.034663638293068136,0.00015755584529460136,220.00858316778607,7.781415998306708
0.49272944662155416,C-norm2,0.03519565660461196,0.00016807273115339115,1.0229892353343907e-05,0.03502758387345857,0.00015784283880004724,221.914305012158,7.793858859134396
0.49657889542328504,C-norm2,0.035564171912632475,0.00016809653147488812,1.0343742145842579e-05,0.035396075381157584,0.00015775278932904553,224.3768590825192,7.809780082261477
0.5004283442250159,C-norm2,0.03593201475137664,0.00016772642022359704,1.0455728345644241e-05,0.03576428833115304,0.0001572706918779528,227.40593243467956,7.829126080691141
0.5042777930267468,C-norm2,0.036293856937530275,0.0001669441783149241,1.0565572036054589e-05,0.03612691275921535,0.00015637860627886951,231.0220919528489,7.851887008631903
0.5081272418284777,C-norm2,0.0366436768580044,0.00016576380746853884,1.067344806993505e-05,0.03647791305053586,0.0001550903593986038,235.2042589364472,7.877770373634641
0.5119766906302086,C-norm2,0.03697492582847046,0.00016420299910974024,1.0779971242818736e-05,0.036810722829360716,0.0001534230278669215,239.92958124441517,7.906467230205896
0.5158261394319396,C-norm2,0.037280744891905596,0.000162301292193846,1.0886216443285028e-05,0.037118443599711747,0.00015141507575056097,245.1436451470667,7.93748355293353
0.5196755882336704,C-norm2,0.037554199289639774,0.00016012674082836804,1.0993554587399021e-05,0.037394072548811406,0.00014913318624096901,250.74279904668677,7.97006445919121
0.5235250370354013,C-norm2,0.03778852730916777,0.00015778005457727266,1.110334822177491e-05,0.0376307472545905,0.00014667670635549774,256.555714875309,8.003128352238136
0.5273744858371322,C-norm2,0.03797739638253063,0.0001553942748881098,1.1216598475097358e-05,0.03782200210764252,0.00014417767641301243,262.32911396974754,8.03523412032429
0.5312239346388631,C-norm2,0.0381151542458684,0.00015312880739650872,1.133370084379114e-05,0.037962025438471894,0.00014179510655271758,267.7245101145864,8.064605413184076
0.535073383440594,C-norm2,0.03819706215995483,0.00015116280354854402,1.1454303801181466e-05,0.03804589935640629,0.00013970849974736255,272.3234407727904,8.089177360298729
0.5389228322423248,C-norm2,0.03821950153794911,0.00014967287722743148,1.1577613295079646e-05,0.03806982866072168,0.00013809526393235183,275.6780180337741,8.106840424340808
0.5427722810440557,C-norm2,0.03818014115636322,0.00014880398935742715,1.1702602498534017e-05,0.038031337167005796,0.00013710138685889313,277.39571450249616,8.115801689354933
0.5466217298457866,C-norm2,0.038078062704106456,0.000148664146946836,1.1828213193061384e-05,0.03792939855715962,0.00013683593375377463,277.1888751489105,8.114725546493833
0.5504711786475175,C-norm2,0.037913832259581504,0.00014930657755568997,1.1953483101814e-05,0.03776452568202581,0.00013735309445387598,274.9448480369503,8.10299844316335
0.5543206274492485,C-norm2,0.03768952144533014,0.0001507215203799515,1.2077699073719929e-05,0.037538799924950184,0.00013864382130623155,270.7571067450299,8.08085539549846
0.5581700762509794,C-norm2,0.03740867383851482,0.00015283548530026364,1.2200558151088228e-05,0.037255838353214554,0.0001406349271491754,264.9117051391952,8.049367780455416
0.5620195250527102,C-norm2,0.03707621893869474,0.00015551796250179849,1.2322299049917647e-05,0.03692070097619294,0.00014319566345188085,257.8339321609393,8.010298331437436
0.5658689738544411,C-norm2,0.03669813641857041,0.00015859432368459263,1.2443704033943985e-05,0.036539542094885816,0.00014615061965064864,250.01291258448418,7.965858798424175
0.569718422656172,C-norm2,0.03628118603192069,0.00016186280135513915,1.2565896933971828e-05,0.03611932323056555,0.00014929690442116731,241.929485213389,7.918442798608295
0.5735678714579029,C-norm2,0.03583472171379808,0.00016511298123607425,1.2689996195878701e-05,0.03566960873256201,0.00015242298504019556,234.01725614516442,7.870471106066971
0.5774173202596338,C-norm2,0.0353674502076537,0.00016814329425561024,1.2816779494229417e-05,0.03519930691339809,0.00015532651476138083,226.6149277055032,7.8240990880795165
0.5812667690613647,C-norm2,0.03488839421646763,0.0001707755514116145,1.2946459504750418e-05,0.034717618665056016,0.00015782909190686407,219.96970422628485,7.781161029105491
0.5851162178630955,C-norm2,0.034406630431721784,0.0001728636993081325,1.3078766621558868e-05,0.03423376673241365,0.00015978493268657362,214.24902934724733,7.743144858014087
0.5889656666648264,C-norm2,0.03393103712771672,0.00017429920448274204,1.3213106639493826e-05,0.033756737923233984,0.00016108609784324822,209.55711495403182,7.711199694944715
0.5928151154665573,C-norm2,0.03347006162793162,0.00017502897316983034,1.334875762196905e-05,0.03329503265476179,0.00016168021554786128,205.93139699832753,7.686019994687084
0.5966645642682883,C-norm2,0.03303151661974571,0.0001750386561173348,1.3485033374444156e-05,0.032856477963628374,0.00016155362274289066,203.37815646461112,7.668020926726015
0.6005140130700192,C-norm2,0.03262241047522623,0.00017435694866899717,1.3621414735034475e-05,0.03244805352655723,0.0001607355339339627,201.87230995162733,7.657299225084423
0.60436346187175,C-norm2,0.03224881835416422,0.00017305363114709398,1.3757659384724169e-05,0.032075764723017125,0.00015929597176236982,201.3595470629115,7.653630066199393
0.6082129106734809,C-norm2,0.03191579507191819,0.00017123674505074214,1.3893862153423639e-05,0.03174455832686745,0.0001573428828973185,201.75401481351943,7.656453572541342
0.6120623594752118,C-norm2,0.0316273323151274,0.0001690485166908621,1.4030413887048426e-05,0.031458283798436536,0.00015501810280381368,202.9329686626936,7.664859455373692
0.6159118082769427,C-norm2,0.03138635714883383,0.00016665939039682613,1.4167840543508013e-05,0.031219697758437005,0.0001524915498533181,204.73067385351703,7.677583460680629
0.6197612570786736,C-norm2,0.03119476981877221,0.00016425956235499345,1.4306581751619428e-05,0.031030510256417218,0.00014995298060337402,206.9349347479327,7.693033411256257
0.6236107058804045,C-norm2,0.03105351403448343,0.00016204774540893566,1.4446821031339434e-05,0.030891466289074496,0.00014760092437759623,209.29046629848472,7.709362784516162
0.6274601546821353,C-norm2,0.030962670411607572,0.0001602174874643568,1.4588453754621515e-05,0.030802452924143214,0.00014562903370973526,211.5131312725594,7.72460342207376
0.6313096034838662,C-norm2,0.03092156881916015,0.00015894205439140663,1.4731215393889035e-05,0.030762626764768743,0.0001442108389975176,213.31702234461227,7.73685528471849
0.6351590522855971,C-norm2,0.030928906395013618,0.0001583594770664055,1.4874853540056476e-05,0.030770546917947214,0.00014348462352634903,214.4518775720704,7.7445101369072376
0.6390085010873281,C-norm2,0.030982868021389047,0.0001585596312889554,1.5019255933025669e-05,0.030824308390100093,0.0001435403753559297,214.74312237004142,7.7464681163350875
0.642857949889059,C-norm2,0.03108123723952199,0.00015957512833326092,1.5164482428582733e-05,0.03092166211118873,0.0001444106459046782,214.12314803715606,7.742296958189474
0.6467073986907899,C-norm2,0.031221496325785525,0.00016137738351963563,1.5310723220499094e-05,0.031060118942265888,0.00014606666029913653,212.64345250761852,7.732292623481812
0.6505568474925207,C-norm2,0.03140090722224057,0.00016387853949773764,1.5458232357505026e-05,0.031237028682742835,0.00014842030714023262,210.4633071081642,7.71742492060845
0.6544062962942516,C-norm2,0.031616573525033144,0.00016693909948773333,1.560726352596594e-05,0.03144963442554541,0.00015133183596176738,207.8190238403694,7.699183914969354
0.6582557450959825,C-norm2,0.03186548156244343,0.0001703803648748285,1.575800449619402e-05,0.031695101197568604,0.00015462236037863447,204.9839435897539,7.679367097502268
0.6621051938977134,C-norm2,0.03214452272108076,0.0001740001750901952,1.59105065019951e-05,0.031970522545990566,0.00015808966858820009,202.23030911190654,7.65985542602909
0.6659546426994443,C-norm2,0.03245050134587722,0.0001775900646219475,1.606463277986988e-05,0.03227291128125528,0.00016152543184207762,199.8008048219199,7.6424185842676895
0.6698040915011751,C-norm2,0.03278013112291873,0.00018095192267689864,1.6220069230876884e-05,0.03259917920024183,0.00016473185344602174,197.89238400649523,7.628572280343631
0.673653540302906,C-norm2,0.033130027046680985,0.00018391253768487983,1.6376416709787777e-05,0.03294611450899611,0.00016753612097509206,196.6508136707682,7.619492345424242
0.6775029891046369,C-norm2,0.03349669529158514,0.000186334907984537,1.6533330133038778e-05,0.0333103603836006,0.00016980157785149823,196.17226650704347,7.61597728739273
0.6813524379063679,C-norm2,0.03387652857877338,0.00018812573565227185,1.6690632934396186e-05,0.03368840284312111,0.00017143510271787566,196.50819644889677,7.618445678999371
0.6852018867080988,C-norm2,0.03426578681186861,0.0001892389937154308,1.6848348988250643e-05,0.034076547818153176,0.00017239064472718014,197.67051670397555,7.626953893532978
0.6890513355098297,C-norm2,0.03466072768164386,0.00018967288435118,1.700665218810585e-05,0.034471054797292684,0.00017266623216307417,199.6398158774704,7.641255668167847
0.6929007843115605,C-norm2,0.03505738677631675,0.0001894787914381485,1.7165790058054656e-05,0.0348679079848786,0.00017231300138009385,202.35215976515775,7.660724437180154
0.6967502331132914,C-norm2,0.03545193170581792,0.0001887382458466495,1.7326013141884326e-05,0.03526319345997127,0.00017141223270476517,205.7215690125654,7.684549251873547
0.7005996819150223,C-norm2,0.035840533838585195,0.00018756718291852785,1.7487559668587408e-05,0.03565296665566667,0.00017007962324994044,209.6251507052839,7.711668010757847
0.7044491307167532,C-norm2,0.036219486774199804,0.00018610465377847329,1.7650651160015338e-05,0.03603338212042133,0.00016845400261845795,213.90635758317717,7.740835551741999
0.7082985795184841,C-norm2,0.03658528326739492,0.0001845033673746048,1.78154764412289e-05,0.036400779900020316,0.0001666878909333759,218.37687006652138,7.770676247463501
0.712148028320215,C-norm2,0.03693469535551762,0.00018291976324084967,1.798215374104758e-05,0.03675177559227677,0.0001649376094998021,222.82228840185093,7.799749739142761
0.7159974771219458,C-norm2,0.037264853905223834,0.000181504015554269,1.8150688647797655e-05,0.03708334988966956,0.00016335332690647135,227.01312909838558,7.826631926662702
0.7198469259236768,C-norm2,0.037573325373596304,0.00018039041135854944,1.8320953173267275e-05,0.03739293496223776,0.00016206945818528215,230.72166329752983,7.850009660048831
0.7236963747254077,C-norm2,0.03785818135606875,0.00017969354116732788,1.8492698057396854e-05,0.03767848781490142,0.00016120084310993103,233.73629497214569,7.868737965447187
0.7275458235271386,C-norm2,0.03811805779681979,0.0001794899199049665,1.8665592877678265e-05,0.03793856787691482,0.00016082432702728823,235.90067857381743,7.882035758304085
0.7313952723288695,C-norm2,0.03835219691421431,0.00017981804684868158,1.883928471260991e-05,0.038172378867365624,0.00016097876213607166,237.12680083289115,7.889514919838745
0.7352447211306004,C-norm2,0.038560469956693905,0.0001806792263983034,1.901346288871055e-05,0.0383797907302956,0.00016166576350959283,237.4020936598505,7.891188848003763
0.7390941699323312,C-norm2,0.03874306708739447,0.00018203704953455958,1.918794042401394e-05,0.03856103003785991,0.00016284910911054564,236.78993547139282,7.887463951678723
0.7429436187340621,C-norm2,0.03890095743762115,0.0001838214861714636,1.9362727454244346e-05,0.03871713595144968,0.00016445875871721926,235.4215503840836,7.879102579858779
0.746793067535793,C-norm2,0.03903636353723004,0.00018593565009887342,1.953805902589761e-05,0.03885042788713117,0.00016639759107297581,233.4795091480189,7.867152130083429
0.7506425163375239,C-norm2,0.039151480279436164,0.00018826455896368794,1.9714358604331832e-05,0.038963215720472476,0.00016855020035935612,231.16683123129644,7.852790598638456
0.7544919651392548,C-norm2,0.03924889828337211,0.00019068506991400306,1.9892127246993414e-05,0.03905821321345811,0.00017079294266700965,228.68751251396168,7.837233779284504
0.7583414139409856,C-norm2,0.0393315018053907,0.00019307603108287158,2.0071788802031446e-05,0.03913842577430783,0.00017300424228084012,226.22812746275838,7.821634503842811
0.7621908627427166,C-norm2,0.03940235849898663,0.000195327644219462,2.0253564546211378e-05,0.039207030854767164,0.00017507407967325063,223.94537745359665,7.807003077028393
0.7660403115444475,C-norm2,0.03946460252192097,0.0001973491703449896,2.043735414126257e-05,0.039267253351575986,0.00017691181620372703,221.95947220595397,7.794152467317937
0.7698897603461784,C-norm2,0.039521317143446234,0.00019907438584934007,2.0622805644585167e-05,0.039322242757596895,0.0001784515802047549,220.3524491768504,7.7836691217686065
0.7737392091479093,C-norm2,0.039575422228111785,0.00020046448833423858,2.0809439862237522e-05,0.03937495773977755,0.00017965504847200104,219.16978161576168,7.775905087898099
0.7775886579496402,C-norm2,0.03962957427147249,0.00020150812818928488,2.0996810856192087e-05,0.03942806614328321,0.0001805113173330928,218.42434438904255,7.7709898499337955
0.781438106751371,C-norm2,0.03968608452602838,0.00020221367140637936,2.1184659729701074e-05,0.039483870854621995,0.0001810290116766783,218.10797335148158,7.768898701176497
0.7852875555531019,C-norm2,0.03974685786599211,0.00020262658669273066,2.1373015023171516e-05,0.039544231279299374,0.00018125357166955914,218.17076990566514,7.769314014914934
0.7891370043548328,C-norm2,0.03981335181082024,0.00020280062068880585,2.156219528109141e-05,0.03961055119013143,0.00018123842540771444,218.55492896179953,7.771852104656755
0.7929864531565637,C-norm2,0.03988654589984431,0.00020279936449902266,2.1752704508342206e-05,0.03968374653534529,0.00018104665999068046,219.19071325252864,7.776042864768678
0.7968359019582946,C-norm2,0.03996696771236726,0.00020269016862898052,2.1945059406384198e-05,0.039764277543738284,0.0001807451092225963,220.00195587459388,7.781372539515724
0.8006853507600256,C-norm2,0.04005463937112776,0.00020253853047959134,2.213960662625895e-05,0.03985210084064817,0.0001803989238533324,220.9109677009418,7.787321236602652
0.8045347995617564,C-norm2,0.04014915271097717,0.00020240373876073329,2.2336384477860933e-05,0.03994674897221644,0.00018006735428287236,221.8433715056594,7.7933976370560165
0.8083842483634873,C-norm2,0.0402496858732923,0.00020233486980417303,2.253500317946549e-05,0.04004735100348813,0.00017979986662470753,222.7329294246815,7.799171055514821
0.8122336971652182,C-norm2,0.040355060755024576,0.00020236877834667178,2.273483252255507e-05,0.0401526919766779,0.0001796339458241167,223.5250792519596,7.804292898957736
0.8160831459669491,C-norm2,0.0404638098908377,0.00020252907210922046,2.2935197726341935e-05,0.04026128081872848,0.00017959387438287852,224.17958829093985,7.808511115500486
0.81993259476868,C-norm2,0.04057425088752001,0.0002028264174635826,2.313562325286717e-05,0.04037142447005643,0.00017969079421071543,224.67163466768724,7.81167418208322
0.8237820435704108,C-norm2,0.04068457474070184,0.0002032620272611072,2.3336030998381435e-05,0.040481312713440736,0.00017992599626272577,224.98868175964085,7.81370861708394
0.8276314923721417,C-norm2,0.04079494759783241,0.00020381636752118325,2.353680959884419e-05,0.040591131230311224,0.00018027955792233907,225.15659400383652,7.814784919274739
0.8314809411738726,C-norm2,0.04092435371281042,0.00020452071221125235,2.3738915858145303e-05,0.040719833000599163,0.00018078179635310705,225.24299360907042,7.815338420152461
0.8353303899756035,C-norm2,0.04102280937182937,0.00020525201482064632,2.394289094310157e-05,0.040817557357008726,0.00018130912387754475,225.12687990581597,7.814594513077733
0.8391798387773344,C-norm2,0.04111337297245147,0.0002060212659619268,2.414966866792915e-05,0.04090735170648954,0.00018187159729399764,224.924354957758,7.813296075320838
0.8430292875790654,C-norm2,0.0411980819420162,0.00020682289126343096,2.43596877591544e-05,0.040991259050752765,0.00018246320350427656,224.6549346032501,7.811566941150656
0.8468787363807962,C-norm2,0.041269475015712646,0.0002076008879544713,2.457265139976648e-05,0.04106187412775818,0.00018302823655470482,224.34720948363235,7.809589429108071
0.8507281851825271,C-norm2,0.041329737142749394,0.00020834868643722818,2.4787951626725227e-05,0.04112138845631216,0.00018356073481050296,224.02061366099568,7.807487680353125
0.854577633984258,C-norm2,0.041378764987223274,0.00020905394413341818,2.500456372145061e-05,0.041169711043089856,0.00018404938041196756,223.68839792308722,7.805346619650069
0.8584270827859889,C-norm2,0.04141650563605837,0.0002097146174105497,2.522143830806993e-05,0.04120679101864782,0.00018449317910247977,223.35129796727514,7.803170828411909
0.8622765315877198,C-norm2,0.041443244603537814,0.0002103365101257838,2.5437828066203738e-05,0.041232908093412034,0.00018489868205958006,223.0027149686525,7.8009174642609675
0.8661259803894507,C-norm2,0.04145961703587832,0.00021093097490852317,2.56535296774825e-05,0.0412486860609698,0.00018527744523104067,222.6319885268968,7.79851708871465
0.8699754291911815,C-norm2,0.041466619712435114,0.00021151427986611322,2.5868944820330663e-05,0.041255105432569,0.00018564533504578256,222.22538165257401,7.795879794499219
0.8738248779929124,C-norm2,0.041465598919162655,0.00021210399425570484,2.608498101993425e-05,0.04125349492490695,0.0001860190132357706,221.7703137292747,7.792922448412611
0.8776743267946433,C-norm2,0.04145820065017158,0.0002127172881572554,2.6302761424488263e-05,0.04124548336201432,0.00018641452673276714,221.25680913881465,7.7895780443359675
0.8815237755963742,C-norm2,0.041446286319930935,0.00021336699295305804,2.6523322091652527e-05,0.041232919326977875,0.0001868436708614055,220.681381054449,7.785821103970705
0.8853732243981052,C-norm2,0.04143177536498697,0.00021405819803868863,2.6747304836674776e-05,0.04121771716694828,0.00018731089320201386,220.04976038684083,7.781685990551016
0.8892226731998361,C-norm2,0.041416774018738,0.00021478839917558637,2.697469585691692e-05,0.04120198561956241,0.00018781370331866944,219.37688726393782,7.777267726517791
0.8930721220015669,C-norm2,0.04140346098813336,0.00021554632223092385,2.7204958859864764e-05,0.041187914665902436,0.0001883413633710591,218.68756776893682,7.7727273963156716
0.8969215708032978,C-norm2,0.04139353256809123,0.0002163140071040898,2.743714111524555e-05,0.04117721856098714,0.00018887686598884426,218.01091597643946,7.7682565634503264
0.9007710196050287,C-norm2,0.041388680706401705,0.00021706645366823723,2.767017297097524e-05,0.04117161425273347,0.00018939628069726197,217.38343594267144,7.764098204685567
0.9046204684067596,C-norm2,0.04139039458990242,0.0002177767665016904,2.7903179584266363e-05,0.04117261782340073,0.00018987358691742402,216.84226064211182,7.760502142394702
0.9084699172084905,C-norm2,0.04139995349368178,0.00021841827381677547,2.8135775904615217e-05,0.041181535219865006,0.00019028249791216024,216.42313755454043,7.757710934091014
0.9123193660102213,C-norm2,0.04141924029631808,0.00021896793022598663,2.8368137422956366e-05,0.04120027236609209,0.00019059979280303027,216.16116030445687,7.755963513634015
0.9161688148119522,C-norm2,0.04144847589563506,0.00021940860216875674,2.8600944579203053e-05,0.0412290672934663,0.0001908076575895537,216.07658630847058,7.75539894245942
0.9200182636136831,C-norm2,0.04148811131443818,0.00021972952039964847,2.883513107687095e-05,0.04126838179403853,0.0001908943893227775,216.18436215146733,7.756118358256729
0.923867712415414,C-norm2,0.04153835112026356,0.00021992700119166674,2.9071627601313943e-05,0.04131842411907189,0.0001908553735903528,216.49075602008838,7.758161614132287
0.927717161217145,C-norm2,0.04159910425747281,0.0002200140071196217,2.9311076814752924e-05,0.04137909025035319,0.00019070293030486876,216.98193197242526,7.761431104614838
0.9315666100188759,C-norm2,0.041670015178783826,0.00022000750719495846,2.9553595194528527e-05,0.041450007671588865,0.00019045391200042994,217.63799565059756,7.765786636764916
0.9354160588206067,C-norm2,0.04175050132350576,0.00021993146646956662,2.9798878340065578e-05,0.041530569857036195,0.00019013258812950105,218.42951945065485,7.771024030864046
0.9392655076223376,C-norm2,0.041839790846513375,0.0002198153616872334,3.004627786046522e-05,0.04161997548482614,0.00018976908382676818,219.31905158386695,7.776887329792317
0.9431149564240685,C-norm2,0.04193696099278164,0.00021969234037168313,3.029495994308061e-05,0.041717268652409954,0.00018939738042860252,220.26317659729295,7.7830845164934255
0.9469644052257994,C-norm2,0.042040978894107676,0.000219599909007423,3.0544274095828084e-05,0.04182137898510025,0.0001890556349115949,221.2120204968052,7.789285972453801
0.9508138540275303,C-norm2,0.042150742249702604,0.00021957238369480923,3.079388646405362e-05,0.0419311698660078,0.0001887784972307556,222.11835818754687,7.795184827016185
0.9546633028292612,C-norm2,0.04226511498728968,0.00021963915147222847,3.1043871316743434e-05,0.04204547583581745,0.00018859528015548503,222.94023371716185,7.800513191057278
0.958512751630992,C-norm2,0.04238302955846072,0.0002198239687073773,3.1294673399227495e-05,0.04216320558975334,0.00018852929530814978,223.6427262979893,7.805052027015221
0.9623622004327229,C-norm2,0.04250326635893124,0.0002201431053823928,3.1546986507162444e-05,0.04228312325354885,0.00018859611887523035,224.19932873338777,7.808638148406636
0.9662116492344539,C-norm2,0.042624515934262294,0.0002206039611803587,3.18014398132289e-05,0.04240391197308194,0.00018880252136712982,224.59399199773813,7.8111755252113655
0.9700610980361848,C-norm2,0.0427457603644914,0.00022120999433139222,3.205849945242159e-05,0.04252455037016001,0.00018915149487897063,224.81741631156297,7.812609993363108
0.9739105468379157,C-norm2,0.04286606005526384,0.00022194036597147812,3.231834562877852e-05,0.04264411968929236,0.0001896220203426996,224.8901241122872,7.813076497368596
0.9777599956396466,C-norm2,0.04298456279248943,0.00022277059314950324,3.2580708805689404e-05,0.042761792199339926,0.00019018988434381384,224.83736370562028,7.812737993810487
0.9816094444413774,C-norm2,0.04310050572419492,0.00022366908367842578,3.284514057774697e-05,0.04287683664051649,0.0001908239431006788,224.69316975540457,7.811812459776411
0.9854588932431083,C-norm2,0.04321321304282045,0.00022459857961159514,3.311106776507506e-05,0.042988614463208855,0.0001914875118465201,224.4982664857269,7.810560494687246
0.9893083420448392,C-norm2,0.04332210892030197,0.00022551797889646842,3.337796557606794e-05,0.043096590941405506,0.0001921400133204005,224.29784507998534,7.8092719497113805
0.9931577908465701,C-norm2,0.04342646424883996,0.00022638304890686812,3.364556590298229e-05,0.04320008119993309,0.0001927374830038858,224.13949028825974,7.8082530439950135
0.997007239648301,C-norm2,0.04352618308203196,0.00022715779509011112,3.39138952455008e-05,0.04329902528694185,0.00019324389984461032,224.06412477578388,7.8077678651679205
1.0008566884500318,C-norm2,0.04362074163246044,0.00022780654584536242,3.418323461746755e-05,0.043392935086615084,0.00019362331122789488,224.11007647494233,7.8080637067783645
1.0047061372517627,C-norm2,0.043709500873420425,0.0002283101902860598,3.44540697646907e-05,0.043481190683134364,0.0001938561205213691,224.2961974385604,7.809261351959794
1.0085555860534936,C-norm2,0.0437920838367475,0.000228656218762341,3.4726923759038154e-05,0.04356342761798516,0.00019392929500330284,224.6356210248855,7.811442907367187
1.0124050348552245,C-norm2,0.04386858102423069,0.00022884190973616357,3.500215790127433e-05,0.04363973911449453,0.00019383975183488923,225.1330735899127,7.814634203915269
1.0162544836569554,C-norm2,0.04393878887141187,0.000228873595983937,3.5280013007651537e-05,0.04370991527542793,0.00019359358297628545,225.78183947751123,7.818785638908691
1.0201039324586862,C-norm2,0.04400254719666431,0.0002287627353742575,3.556038280562055e-05,0.04377378446129006,0.00019320235256863695,226.5696244342522,7.823810645745465
1.0239533812604171,C-norm2,0.04405974438131645,0.0002285428890165221,3.584298860672259e-05,0.04383120149229992,0.00019269990040979951,227.45835051854,7.829458590025495
1.0278028300621482,C-norm2,0.044110319048015954,0.00022824503274179568,3.6127467461336494e-05,0.04388207401527416,0.0001921175652804592,228.4126074115802,7.835498473348456
1.0316522788638791,C-norm2,0.044154259264899576,0.00022790417119378215,3.641336857998408e-05,0.04392635509370579,0.00019149080261379807,229.39146159566326,7.84166788216226
1.03550172766561,C-norm2,0.04419160005331464,0.0002275575924592018,3.670040916151244e-05,0.04396404246085544,0.00019085718329768934,230.35047306698726,7.847686750559027
1.0393511764673409,C-norm2,0.04422242184716859,0.00022724703329203832,3.698844608545744e-05,0.043995174813876554,0.0001902585872065809,231.238838991835,7.853239923750858
1.0432006252690718,C-norm2,0.044246787034857564,0.00022700834955576284,3.727752471370333e-05,0.044019778685301804,0.0001897308248420595,232.01173937838436,7.8580539947590236
1.0470500740708026,C-norm2,0.04426426228123945,0.00022687178838076303,3.756790689735603e-05,0.04403739049285869,0.000189303881483407,232.62803777596437,7.861881179632301
1.0508995228725335,C-norm2,0.04427583065756124,0.00022686219341129226,3.7859883841011404e-05,0.04404896846414994,0.00018900230957028086,233.06047722009583,7.8645605603804505
1.0547489716742644,C-norm2,0.04428180345504428,0.00022699774580548063,3.815383531334059e-05,0.0440548057092388,0.00018884391049214002,233.28687482921208,7.865961330566731
1.0585984204759953,C-norm2,0.04428254311876686,0.00022729813768811296,3.845004940428948e-05,0.044055244981078746,0.00018884808828382348,233.28403999974444,7.865943799279268
1.0624478692777262,C-norm2,0.04427845388858613,0.000227755481131662,3.874867017908572e-05,0.044050698407454465,0.00018900681095257628,233.06407946593646,7.864582858893309
1.066297318079457,C-norm2,0.04426996760775008,0.0002283600150340548,3.904977851872146e-05,0.044041607592716026,0.00018931023651533335,232.6425047234508,7.86197089686774
1.070146766881188,C-norm2,0.04425752586704135,0.00022909486446906428,3.93531798324049e-05,0.04402843100257228,0.00018974168463665937,232.0440607812844,7.858254961658857
1.0739962156829188,C-norm2,0.04424156160253198,0.000229936512851652,3.965868933300161e-05,0.04401162508968033,0.0001902778235186504,231.3019156715678,7.8536334043801554
1.0778456644846497,C-norm2,0.04422248216663624,0.0002308565528269901,3.99659953626099e-05,0.04399162561380925,0.0001908905574643802,230.45469717389244,7.84833936304885
1.0816951132863806,C-norm2,0.04420054451808827,0.00023181333716120302,4.0274837681798114e-05,0.04396873118092706,0.0001915384994794049,229.55557916780475,7.842699685819387
1.0855445620881115,C-norm2,0.04417601871893824,0.00023277009277463128,4.0585052290797863e-05,0.04394324862616361,0.0001921850404838334,228.6507238832677,7.837001676342069
1.0893940108898423,C-norm2,0.044149372300841025,0.00023369025899468832,4.089655559285362e-05,0.043915682041846336,0.00019279370340183469,227.7858730184464,7.831534465537974
1.0932434596915732,C-norm2,0.044120775432860714,0.00023453658188841007,4.120947756162988e-05,0.0438862388509723,0.0001933271043267802,227.00510103741857,7.826580906492244
1.097092908493304,C-norm2,0.044090346310575845,0.00023527296365303066,4.152397585284961e-05,0.04385507334692281,0.00019374898780018105,226.3499481718677,7.82241116602163
1.100942357295035,C-norm2,0.044058162471235736,0.00023587769899145617,4.184035442186409e-05,0.04382228477224428,0.00019403734456959208,225.84459125355266,7.819186552896555
1.1047918060967659,C-norm2,0.04402427160857623,0.00023633241621908227,4.2158870015084585e-05,0.04378793919235715,0.00019417354620399768,225.50929335324483,7.8170430786805305
1.108641254898497,C-norm2,0.043988699937872744,0.00023662601974982128,4.247973016908958e-05,0.04375207391812292,0.0001941462895807317,225.35621985157502,7.816063458888075
1.1124907037002278,C-norm2,0.0439514573178695,0.00023674668648003555,4.280305892352857e-05,0.043714710631389465,0.00019394362755650697,225.39905632451288,7.816337665183726
1.1163401525019587,C-norm2,0.043912509546731746,0.0002367070593745496,4.3128776598131754e-05,0.043675802487357196,0.00019357828277641786,225.62346282306146,7.817773292699295
1.1201896013036896,C-norm2,0.043871664385536274,0.00023652484723912643,4.345680131825673e-05,0.043635139538297146,0.00019306804592086972,226.00912196615545,7.820237192281347
1.1240390501054205,C-norm2,0.04382913399874825,0.0002362225189538588,4.378684613715596e-05,0.04359291147979439,0.00019243567281670285,226.53238270077466,7.82357348738608
1.1278884989071514,C-norm2,0.04378495730244893,0.00023582840390106894,4.411874693093548e-05,0.04354912889854787,0.00019170965697013346,227.16189464223186,7.8275770394884585
1.1317379477088823,C-norm2,0.043739224610685246,0.0002353803015900192,4.4452290688890867e-05,0.04350384430909523,0.00019092801090112832,227.85469823819412,7.83197030821853
1.1355873965106131,C-norm2,0.0436920915781629,0.00023492312661110233,4.4787439117401956e-05,0.0434571684515518,0.00019013568749370036,228.55871522273605,7.836421021488052
1.139436845312344,C-norm2,0.043643789357225696,0.00023449844864234057,4.512421971173204e-05,0.04340929090858336,0.00018937422893060854,229.22491171958572,7.84062003169367
1.143286294114075,C-norm2,0.04359462993343157,0.00023414746918086073,4.5462775635881924e-05,0.04336048246425071,0.0001886846935449788,229.80392129112693,7.844259605595983
1.1471357429158058,C-norm2,0.04354500593027612,0.00023391961211376578,4.5803298193556654e-05,0.04331108631816235,0.00018811631392020914,230.23567395931994,7.84696757952955
1.1509851917175367,C-norm2,0.04349542027682144,0.000233844444616342,4.614594678260622e-05,0.0432615758322051,0.0001876984978337358,230.4844009488366,7.8485253029660385
1.1548346405192675,C-norm2,0.04344657950098312,0.00023394656672499274,4.64908754698888e-05,0.04321263293425813,0.00018745569125510394,230.52185103012476,7.848759699122023
1.1586840893209984,C-norm2,0.0433990836399686,0.0002342427271946737,4.683808087199964e-05,0.04316484091277392,0.00018740464632267407,230.32961967470393,7.847556138943168
1.1625335381227293,C-norm2,0.043353567016244175,0.00023474950980561696,4.7187575951327796e-05,0.04311881750643856,0.00018756193385428916,229.89109048073786,7.8448067447028125
1.1663829869244602,C-norm2,0.043310687451282914,0.00023545656731934175,4.7539204200434157e-05,0.043075230883963575,0.0001879173631189076,229.22432589002997,7.840616344596711
1.170232435726191,C-norm2,0.04327111558992771,0.00023634051759342654,4.789292384642442e-05,0.04303477507233428,0.00018844759374700212,228.3646833406112,7.835195744551821
1.174081884527922,C-norm2,0.043235520668319566,0.00023737387996641213,4.824858164411753e-05,0.042998146788353155,0.0001891252983222946,227.35269776060633,7.82878831293682
1.1779313333296528,C-norm2,0.043204553630088925,0.00023852283236906237,4.860622213988901e-05,0.042966030797719865,0.00018991661022917336,226.23629784605217,7.821686606818435
1.1817807821313837,C-norm2,0.043178828836305694,0.00023973732649421845,4.896579472803275e-05,0.042939091509811476,0.0001907715317661857,225.08123257320534,7.814301958684387
1.1856302309331146,C-norm2,0.04315995149543027,0.00024096340833070434,4.932744179758461e-05,0.04291898808709956,0.0001916359665331197,223.96102810733097,7.807103897736729
1.1894796797348455,C-norm2,0.04314751613971154,0.00024215066872112882,4.969116259290238e-05,0.04290536547099041,0.00019245950612822643,222.93191089456835,7.800459331245544
1.1933291285365766,C-norm2,0.043141854630443684,0.00024324505352418235,5.005709298809662e-05,0.0428986095769195,0.00019318796053608572,222.05633031105185,7.794781889556149
1.1971785773383075,C-norm2,0.04314320301722758,0.00024419389102279154,5.042517537115517e-05,0.042899009126204785,0.00019376871565163637,221.39285478534111,7.7904648512252725
1.2010280261400383,C-norm2,0.04315169223450097,0.0002449652532877779,5.079546883042028e-05,0.04290672698121319,0.0001941697844573576,220.9753031406187,7.787741328497583
1.2048774749417692,C-norm2,0.04316735425352623,0.00024553235060378783,5.116785154468312e-05,0.042921821902922444,0.0001943644990591047,220.83159275846077,7.78680277246824
1.2087269237435,C-norm2,0.043190120123590484,0.00024587177631009996,5.154235257142052e-05,0.04294424834728038,0.00019432942373867943,220.98685583007128,7.787816751279592
1.212576372545231,C-norm2,0.04321982403190425,0.0002459789893683039,5.191887523841032e-05,0.042973845042535944,0.0001940601141298936,221.4460464233857,7.79081143013956
1.2164258213469619,C-norm2,0.043257230072638764,0.0002458787575463008,5.2297510736547094e-05,0.04301135131509246,0.0001935812468097537,222.1875931885222,7.79563444959298
1.2202752701486927,C-norm2,0.04330082581442836,0.00024559728984342076,5.267824227593277e-05,0.04305522852458494,0.00019291904756748798,223.17769586501367,7.8020490427805225
1.2241247189504236,C-norm2,0.04335016008200512,0.00024516886422846037,5.306122917403552e-05,0.04310499121777665,0.00019210763505442485,224.3793756847032,7.809796263382582
1.2279741677521545,C-norm2,0.043404751365922555,0.00024464650430340443,5.344647470260473e-05,0.04316010486161915,0.00019120002960079972,225.73273106563695,7.818471813100275
1.2318236165538854,C-norm2,0.04346407581263621,0.00024409232070222078,5.3834114848573434e-05,0.04321998349193399,0.00019025820585364734,227.16488520437417,7.827596032289956
1.2356730653556163,C-norm2,0.04352756982205454,0.00024356384066140634,5.422408206153342e-05,0.043284005981393134,0.00018933975859987293,228.60494964960932,7.836712830237177
1.2395225141573472,C-norm2,0.04359463262564978,0.00024312279445501156,5.4616425369795546e-05,0.04335150983119477,0.00018850636908521602,229.97371410616543,7.845325160962366
1.243371962959078,C-norm2,0.04366463016330336,0.000242831278445506,5.50110094138537e-05,0.04342179888485785,0.00018782026903165232,231.1880347564629,7.8529229221971715
1.247221411760809,C-norm2,0.04373712571125078,0.00024272825110393422,5.5407846991154554e-05,0.04349439746014685,0.00018732040411277966,232.1925241735025,7.8591777127472024
1.2510708605625398,C-norm2,0.04381096919653319,0.00024284609994479326,5.580682867135268e-05,0.0435681230965884,0.00018703927127344057,232.9356974070666,7.8637879393523615
1.2549203093642707,C-norm2,0.043885509583182734,0.00024321190740853347,5.620802184547528e-05,0.043642297675774204,0.0001870038855630582,233.37642180198392,7.866515001601341
1.2587697581660016,C-norm2,0.043960119718298454,0.00024383556917732092,5.661139340308253e-05,0.04371628414912113,0.0001872241757742384,233.49700415738934,7.867260229581163
1.2626192069677324,C-norm2,0.04403419699774602,0.0002446911232334129,5.7017065393253854e-05,0.04378950587451261,0.00018767405784015905,233.32743149726045,7.866212119722666
1.2664686557694633,C-norm2,0.04410716457598005,0.00024575210610952797,5.742502365187466e-05,0.04386141246987053,0.0001883270824576533,232.90018566359453,7.863567979412986
1.2703181045711942,C-norm2,0.04417847167888537,0.0002469830599985404,5.7835362721535605e-05,0.04393148861888683,0.00018914769727700482,232.26023499799535,7.859598362940245
1.2741675533729253,C-norm2,0.04424759358695594,0.00024833183868257957,5.8248014806122984e-05,0.04399926174827336,0.00019008382387645658,231.4729409950755,7.854699743200294
1.2780170021746562,C-norm2,0.04431350922719334,0.00024973244844019005,5.8663010660972e-05,0.04406377677875315,0.00019106943777921805,230.61656165895627,7.849352313194917
1.281866450976387,C-norm2,0.04437607873849634,0.0002511262798752027,5.908025904308124e-05,0.044124952458621136,0.00019204602083212148,229.76238855369624,7.843998842031704
1.285715899778118,C-norm2,0.04443489714911108,0.0002524532974680524,5.94998038647097e-05,0.04418244385164303,0.00019295349360334268,228.97975582898502,7.8390762446202835
1.2895653485798488,C-norm2,0.04448956952416068,0.00025365047471310814,5.9921627008658736e-05,0.04423591904944757,0.0001937288477044494,228.3393494237544,7.8350356885259
1.2934147973815797,C-norm2,0.0445397339439286,0.0002546799732987698,6.034585723080218e-05,0.04428505397062983,0.00019433411606796763,227.88100651941784,7.832136873297815
1.2972642461833106,C-norm2,0.044585062349485324,0.0002555115446979518,6.07725550078512e-05,0.04432955080478737,0.00019473898969010062,227.63572346416885,7.830583171058882
1.3011136949850415,C-norm2,0.04462526014225628,0.0002561246697762128,6.120186770920054e-05,0.04436913547248007,0.00019492280206701224,227.62414146512458,7.830509765543151
1.3049631437867724,C-norm2,0.04466006534285901,0.00025650654644232573,6.163380790587493e-05,0.044403558796416685,0.0001948727385364508,227.8592641017924,7.831999217355907
1.3088125925885032,C-norm2,0.04468843066242397,0.0002566868925894959,6.206839273172132e-05,0.04443174376983448,0.0001946184998577746,228.30174830401418,7.834798097343794
1.3126620413902341,C-norm2,0.04471079053042644,0.0002566936756776481,6.250548196428478e-05,0.04445409685474879,0.00019418819371336333,228.92275789107163,7.838717082395446
1.316511490191965,C-norm2,0.04472714723629758,0.00025656501090285424,6.294493436534894e-05,0.044470582225394725,0.00019362007653750532,229.67960255289188,7.843478928935296
1.3203609389936959,C-norm2,0.044737411753129494,0.00025634822195038504,6.33865451620776e-05,0.04448106353117911,0.00019296167678830743,230.5176046950399,7.848733123667393
1.3242103877954268,C-norm2,0.04474154046679166,0.0002561067686608151,6.383019334269619e-05,0.04448543369813084,0.0001922765753181189,231.3616914828565,7.8540061947429916
1.3280598365971577,C-norm2,0.044739538994805574,0.00025589437207387085,6.42758319361193e-05,0.0444836446227317,0.00019161854013775154,232.14687154360487,7.858894028771315
1.3319092853988885,C-norm2,0.04473146616085117,0.00025576204213973493,6.472355796322687e-05,0.044475704118711434,0.00019103848417650806,232.8101812073559,7.863010341045764
1.3357587342006194,C-norm2,0.04471743812805478,0.0002557684366291926,6.517358082665849e-05,0.044461669691425586,0.00019059485580253413,233.27843505645353,7.8659091362948965
1.3396081830023503,C-norm2,0.04469703321202327,0.000255941116432655,6.56261753514058e-05,0.04444109209559061,0.0001903149410812492,233.5134164617051,7.867361631815505
1.3434576318040812,C-norm2,0.04467092633420072,0.0002563016615323007,6.608163180030742e-05,0.04441462467266842,0.00019022002973199327,233.49078819536263,7.867221822848749
1.347307080605812,C-norm2,0.044639752868900553,0.000256859361073976,6.654012531424472e-05,0.04438289350782658,0.00019031923575973128,233.20235251395087,7.865438532099976
1.351156529407543,C-norm2,0.04460391538189672,0.00025762221752460124,6.700174072952034e-05,0.044346293164372115,0.00019062047679508092,232.641812201765,7.8619666022996
1.3550059782092738,C-norm2,0.044563873177280215,0.0002585589830768041,6.746633708044562e-05,0.04430531419420341,0.00019109264599635848,231.8525339538587,7.857063684020865
1.358855427011005,C-norm2,0.04452014080609157,0.0002596371152450077,6.793371805447356e-05,0.04426050369084656,0.00019170339719053414,230.88012178968333,7.851000155740927
1.3627048758127358,C-norm2,0.04447328694421959,0.0002608181435780048,6.840353053658431e-05,0.044212468800641586,0.0001924146130414205,229.77708450409693,7.844091116040857
1.3665543246144667,C-norm2,0.044423933570047855,0.0002620579910658135,6.887553023819932e-05,0.04416187557898204,0.0001931824608276142,228.60188958038876,7.836693518423308
1.3704037734161976,C-norm2,0.04437269463747277,0.0002633024719449522,6.93494728488601e-05,0.04410939216552782,0.00019395299909609207,227.4230992616632,7.829234985331975
1.3742532222179284,C-norm2,0.04432049530400038,0.0002645052135976418,6.982536862689793e-05,0.04405599009040274,0.00019467984497074388,226.29969782965148,7.822090847998822
1.3781026710196593,C-norm2,0.044268293802567714,0.00026562589543559163,7.030327542273137e-05,0.04400266790713212,0.00019532262001286028,225.28198681870504,7.8155881524103945
1.3819521198213902,C-norm2,0.04421691931550995,0.000266625445229006,7.078351909346148e-05,0.043950293870280946,0.0001958419261355445,224.41718552064498,7.810039349304598
1.385801568623121,C-norm2,0.04416721747040225,0.0002674793317403795,7.126632525077715e-05,0.04389973813866187,0.00019621300648960235,223.73510769780793,7.805647846383796
1.389651017424852,C-norm2,0.04412003893795781,0.000268182546548274,7.175209582345127e-05,0.04385185639140954,0.00019643045072482271,223.24367851113433,7.802475513565749
1.3935004662265829,C-norm2,0.04407622995520816,0.00026873727289029295,7.22409386229302e-05,0.043807492682317865,0.00019649633426736276,222.94305308877261,7.800531435712602
1.3973499150283137,C-norm2,0.044036624806857244,0.00026915405625987915,7.273303885174251e-05,0.043767470750597365,0.00019642101740813663,222.8247838654374,7.799765896291164
1.4011993638300446,C-norm2,0.04400213114763813,0.0002694578070752737,7.322825875678072e-05,0.043732673340562855,0.000196229548318493,222.8648728762396,7.800025432120005
1.4050488126317755,C-norm2,0.04397444349625948,0.0002696894400757977,7.372651587262113e-05,0.04370475405618368,0.00019596292420317655,223.0256270868366,7.801065684435305
1.4088982614335064,C-norm2,0.043953581155941585,0.00026988763964088086,7.422753982385975e-05,0.043683693516300706,0.0001956600998170211,223.26316687537803,7.802601450118606
1.4127477102352373,C-norm2,0.04394022414642212,0.00027009377660298554,7.473116110200904e-05,0.043670130369819135,0.0001953626155009765,223.53371067352882,7.804348607555244
1.4165971590369681,C-norm2,0.04393499116867729,0.0002703549247394627,7.523718733287294e-05,0.04366463624393782,0.00019511773740658975,223.78609358793807,7.805976577585595
1.420446607838699,C-norm2,0.043938430140959835,0.00027070574387859126,7.574554851089204e-05,0.04366772439708124,0.00019496019536769922,223.98276896841918,7.807243939557627
1.42429605664043,C-norm2,0.04395100977756973,0.0002711742666351671,7.625623757004741e-05,0.043679835510934566,0.00019491802906511965,224.09335719448345,7.807956073408317
1.4281455054421608,C-norm2,0.04397311266115249,0.00027177982683582603,7.676931568859581e-05,0.04370133283431666,0.00019501051114723022,224.09731956100953,7.807981582580346
1.4319949542438917,C-norm2,0.04400503036126531,0.00027254138253018196,7.72849146136104e-05,0.04373248897873513,0.00019525646791657158,223.97459835963525,7.807191310903051
1.4358444030456226,C-norm2,0.04404799045764495,0.0002734472007871954,7.780313281420724e-05,0.043774543256857756,0.00019564406797298819,223.74582429405189,7.805716947787472
1.4396938518473537,C-norm2,0.04410157085822281,0.0002744815867164511,7.832414507808053e-05,0.04382708927150636,0.0001961574416383706,223.4281243956298,7.803666988721633
1.4435433006490845,C-norm2,0.04416518687830611,0.0002756216275683888,7.884799776505894e-05,0.04388956525073772,0.00019677362980332984,223.04597061407165,7.801197275444586
1.4473927494508154,C-norm2,0.044238672722944475,0.0002768388462174849,7.937485773580647e-05,0.04396183387672699,0.0001974639884816784,222.63215796841848,7.79851818672555
1.4512421982525463,C-norm2,0.0443217569510743,0.0002780923225891556,7.990468680547321e-05,0.04404366462848514,0.00019818763578368238,222.23215113458375,7.795923741546598
1.4550916470542772,C-norm2,0.04441406149554799,0.00027934235441876546,8.04376259969149e-05,0.04413471914112922,0.00019890472842185058,221.88873784601705,7.7936926339386225
1.458941095856008,C-norm2,0.044515102504008544,0.00028055264677674804,8.097356177789737e-05,0.0442345498572318,0.00019957908499885067,221.63920561859743,7.792069291146683
1.462790544657739,C-norm2,0.044624494699138685,0.00028168800466829574,8.151254890402449e-05,0.04434280669447039,0.00020017545576427124,221.51969893196573,7.791291187822726
1.4666399934594698,C-norm2,0.04474416912316343,0.00028270890473281997,8.205453369646807e-05,0.04446146021843061,0.0002006543710363519,221.58231584387298,7.791698936403745
1.4704894422612007,C-norm2,0.04490259018457175,0.0002836375639431767,8.259975228567584e-05,0.04461895262062857,0.00020103781165750086,221.94308748567104,7.794045965770724
1.4743388910629316,C-norm2,0.045029686719300285,0.0002844009623382474,8.314698184008147e-05,0.04474528575696204,0.00020125398049816595,222.33242615228573,7.796574563859521
1.4781883398646625,C-norm2,0.0451611276200603,0.00028503577997414245,8.369690891243417e-05,0.04487609184008615,0.0002013388710617083,222.8883652890459,7.800177500056181
1.4820377886663934,C-norm2,0.04529626592023149,0.0002855570748021524,8.424934955336871e-05,0.04501070884542934,0.00020130772524878368,223.59156256821942,7.804721937568271
1.4858872374681242,C-norm2,0.045433605173989734,0.0002859817024019261,8.480445485298887e-05,0.04514762347158781,0.00020117724754893722,224.41714469030828,7.810039086821448
1.4897366862698551,C-norm2,0.04557208109643186,0.0002863428296176317,8.536206507121286e-05,0.04528573826681423,0.0002009807645464188,225.3237436379389,7.815855536298936
1.493586135071586,C-norm2,0.04571067684006853,0.0002866748561861781,8.592235476057558e-05,0.04542400198388235,0.00020075250142560254,226.26867242656084,7.821893042768972
1.4974355838733169,C-norm2,0.04584832454792742,0.00028701637757045647,8.648546588329838e-05,0.045561308170356966,0.0002005309116871581,227.2034161069178,7.827840716357896
1.5012850326750478,C-norm2,0.04598391605502125,0.0002874055169549841,8.705168873992001e-05,0.04569651053806627,0.0002003538282150641,228.07904867689703,7.833390116660662
1.5051344814767786,C-norm2,0.04611633415503822,0.0002878735282040508,8.762109387764457e-05,0.04582846062683417,0.00020025243432640627,228.85345080067776,7.838280235768316
1.5089839302785095,C-norm2,0.04624449693133182,0.0002884425721262051,8.819386259381048e-05,0.04595605435920561,0.00020024870953239463,229.49488396963284,7.8423181823945995
1.5128333790802404,C-norm2,0.04636728252022837,0.0002891312931850729,8.876994464539331e-05,0.0460781512270433,0.00020036134853967957,229.97525003141,7.8453347962563065
1.5166828278819713,C-norm2,0.046482963932824306,0.00028995232349108494,8.934926656736244e-05,0.04619301160933322,0.0002006030569237225,230.2707262676346,7.847187206407483
1.5205322766837024,C-norm2,0.04659149865770503,0.0002909130935547384,8.993169429970955e-05,0.046300585564150294,0.00020098139925502886,230.37249086617544,7.8478246424038485
1.5243817254854333,C-norm2,0.04669225184555646,0.0002919959000683067,9.051705022883834e-05,0.046400255945488154,0.00020147884983946835,230.2983959976858,7.847360552732479
1.5282311742871642,C-norm2,0.04678467954341,0.0002931843741103022,9.110521144726206e-05,0.0464914951692997,0.00020207916266304013,230.06575520516495,7.845902447250672
1.532080623088895,C-norm2,0.04686834171914133,0.0002944563348121869,9.169606165878128e-05,0.04657388538432915,0.00020276027315340562,229.69926337143957,7.8436024198816146
1.535930071890626,C-norm2,0.04694291756109234,0.0002957848602928359,9.22896170717108e-05,0.0466471327007995,0.0002034952432211251,229.2295975199336,7.840649522867989
1.5397795206923568,C-norm2,0.047009148195382565,0.0002971332063867364,9.288585247891878e-05,0.046712014988995826,0.00020424735390781761,228.70315867141284,7.8373324810517
0.0,H-norm2,0.1297873911159934,0.0006818808093213485,2.918561975175879e-06,0.12910551030667206,0.0006789622473461726,190.15123567076168,7.571003503922234
0.003849448801730892,H-norm2,0.11569762855033357,0.0007168228178927919,3.0338406368023783e-06,0.11498080573244078,0.0007137889772559895,161.0851517691687,7.331679707678724
0.007698897603461784,H-norm2,0.10160786598467372,0.0007517648264642354,3.1653230027683523e-06,0.10085610115820949,0.000748599503461467,134.72637998269911,7.073888553893368
0.011548346405192676,H-norm2,0.08751810341901389,0.0007867068350356788,4.292897676414534e-06,0.08673139658397822,0.0007824139373592642,110.85103733799338,6.792478460705036
0.015397795206923567,H-norm2,0.07342834085335405,0.0007815922383518681,3.8033880315499643e-06,0.07264674861500219,0.0007777888503203181,93.40163282757776,6.545375865932131
0.01924724400865446,H-norm2,0.06805729994018368,0.0007430592794356522,3.0396067473866283e-06,0.06731424066074804,0.0007400196726882655,90.96277186282893,6.50720431230824
0.02309669281038535,H-norm2,0.06670579049503014,0.0006859633437683356,2.1719471025894255e-06,0.06601982715126181,0.0006837913966657461,96.54966042740942,6.593199280002657
0.026946141612116243,H-norm2,0.06535428104987662,0.0006233265215373774,1.3443027959528797e-06,0.06473095452833924,0.0006219822187414246,104.07203385865554,6.701438630804971
0.030795590413847135,H-norm2,0.0637768326090085,0.0005479368958096769,6.894949410486092e-07,0.06322889571319883,0.0005472474008686283,115.53987394519851,6.852247015575993
0.03464503921557803,H-norm2,0.06155235596029602,0.0004705689137470238,3.0798874411442424e-07,0.06108178704654899,0.00047026092500290935,129.88913983480788,7.021137000379976
0.03849448801730892,H-norm2,0.05932787931158354,0.00039037138449149337,2.9282034107694084e-07,0.05893750792709204,0.0003900785641504164,151.0913783623481,7.239277528975281
0.04234393681903981,H-norm2,0.05710340266287105,0.0003136913860605545,5.97308974242064e-07,0.05678971127681049,0.00031309407708631247,181.38225994340652,7.50288955003358
0.0461933856207707,H-norm2,0.05438300311018399,0.00023870318480244138,1.1540651006690024e-06,0.05414429992538155,0.00023754911970177238,227.92885948538236,7.832439794502868
0.0500428344225016,H-norm2,0.05158072195457655,0.0001767846541176069,1.8635742355158622e-06,0.051403937300458946,0.00017492107988209104,293.86931143524134,8.199030897005303
0.053892283224232486,H-norm2,0.04877844079896912,0.00012135867855983586,2.6077710313471525e-06,0.048657082120409284,0.0001187509075284887,409.74071805502876,8.67856745778731
0.057741732025963374,H-norm2,0.045863120802390245,7.883174218091172e-05,3.256472608534519e-06,0.045784289060209336,7.55752695723772e-05,605.810463121967,9.242722685312794
0.06159118082769427,H-norm2,0.04282660634717527,5.109411585227596e-05,3.6983051802661004e-06,0.042775512231323,4.7395810672009864e-05,902.5167335429619,9.817809870999623
0.06544062962942516,H-norm2,0.0397900918919603,3.1132336657640024e-05,3.8881608965069246e-06,0.039758959555302655,2.72441757611331e-05,1459.3563007335795,10.511116443823218
0.06929007843115606,H-norm2,0.03676641443175705,3.35472303648337e-05,3.816075188661335e-06,0.03673286720139222,2.973115517617236e-05,1235.5008402374922,10.270880276474921
0.07313952723288694,H-norm2,0.03382695658670417,4.2758780608644266e-05,3.513067133769261e-06,0.033784197806095526,3.924571347487501e-05,860.8379059721789,9.749597796426269
0.07698897603461784,H-norm2,0.030887498741651285,6.587820532449301e-05,3.0387774825407343e-06,0.030821620536326793,6.283942784195228e-05,490.48219557069143,8.938056957558548
0.08083842483634873,H-norm2,0.027948040896598397,9.922363738774927e-05,2.493927752343308e-06,0.027848817259210647,9.672970963540595e-05,287.9034514233376,8.169441273992106
0.08468787363807961,H-norm2,0.02530581668099382,0.0001379988277249674,1.9815125991133187e-06,0.02516781785326885,0.0001360173151258541,185.03392623197695,7.531646004944791
0.08853732243981051,H-norm2,0.022736106311298215,0.00018638474686338998,1.5793769814854546e-06,0.022549721564434827,0.00018480536988190453,122.01875724089993,6.930959131811709
0.0923867712415414,H-norm2,0.020166395941602612,0.00023589103973371486,1.3423236654454904e-06,0.019930504901868897,0.00023454871606826938,84.9738392772433,6.408946844912303
0.0962362200432723,H-norm2,0.01787667133694337,0.0002874608716734833,1.3142684821646794e-06,0.017589210465269886,0.0002861466031913186,61.469226854703145,5.941792434197139
0.1000856688450032,H-norm2,0.015870399743123757,0.0003369580408280127,1.4744446706857296e-06,0.015533441702295744,0.00033548359615732693,46.301643001976316,5.532991482946249
0.10393511764673408,H-norm2,0.013864128149304149,0.00038510862293987357,1.7734063153159689e-06,0.013479019526364275,0.0003833352166245576,35.162486883029494,5.1359652042462685
0.10778456644846497,H-norm2,0.01199791604866763,0.00042566148238559846,2.155188298655149e-06,0.01157225456628203,0.0004235062940869433,27.32487032154076,4.772142744053929
0.11163401525019587,H-norm2,0.010666962813953655,0.00046133313177998484,2.5564699793338784e-06,0.01020562968217367,0.00045877666180065094,22.245311350663805,4.475429385844991
0.11548346405192675,H-norm2,0.009336009579239683,0.0004902029149253776,2.9049821775051766e-06,0.008845806664314306,0.0004872979327478724,18.15276870647247,4.182117703409439
0.11933291285365764,H-norm2,0.00800505634452571,0.0005083577537628817,3.1580585888179166e-06,0.007496698590762828,0.0005051996951740638,14.839079798296158,3.891329725148196
0.12318236165538854,H-norm2,0.0073336021787729425,0.0005214157869276882,3.2925101945137858e-06,0.006812186391845255,0.0005181232767331744,13.147809986065203,3.7167506065443017
0.12703181045711942,H-norm2,0.006710509742673308,0.0005225115335186032,3.305178217782331e-06,0.006187998209154705,0.0005192063553008209,11.918186566821712,3.5750928315194934
0.13088125925885033,H-norm2,0.0060874173065736704,0.0005168056534742028,3.2030050743248063e-06,0.005570611653099467,0.000513602648399878,10.84615056105071,3.439111197291493
0.1347307080605812,H-norm2,0.005910226608570046,0.0005048602573878608,3.026912081968581e-06,0.005405366351182186,0.0005018333453058922,10.771237905459127,3.429112158830567
0.13858015686231212,H-norm2,0.00595410652212488,0.000483226037090093,2.8202343045946184e-06,0.005470880485034787,0.0004804058027854984,11.388039972276395,3.5094475569811023
0.142429605664043,H-norm2,0.005997986435679713,0.00045834396451622334,2.6204941331852393e-06,0.005539642471163489,0.00045572347038303813,12.155710274275295,3.6035622893018444
0.14627905446577388,H-norm2,0.006276089426861179,0.0004277564230676827,2.46292511209382e-06,0.005848333003793496,0.0004252934979555889,13.751287127376223,3.781494756824664
0.1501285032675048,H-norm2,0.006885464542228786,0.0003943113075339485,2.375419271072447e-06,0.006491153234694838,0.00039193588826287606,16.56177305799857,4.049785226966846
0.15397795206923567,H-norm2,0.0074948396575963885,0.0003592760725972282,2.359872515393345e-06,0.00713556358499916,0.00035691620008183487,19.99226592506335,4.321370091411541
0.15782740087096656,H-norm2,0.00817411370172607,0.0003231797420828416,2.4120735443096773e-06,0.007850933959643229,0.00032076766853853195,24.475452889043716,4.613263650313161
0.16167684967269746,H-norm2,0.009207794856690616,0.00028782113985733384,2.5192303312984482e-06,0.008919973716833281,0.0002853019095260354,31.265033352394315,4.966478151151545
0.16552629847442835,H-norm2,0.010241476011655152,0.00025355617455860156,2.664552028482596e-06,0.00998791983709655,0.000250891622530119,39.809698452157456,5.315048038328062
0.16937574727615923,H-norm2,0.01127515716661969,0.0002225133265719229,2.8193315917212653e-06,0.011052643840047767,0.00021969399498020164,50.30926694670834,5.652752263241577
0.17322519607789014,H-norm2,0.012555819918544245,0.00019329008458411224,2.9645078033995876e-06,0.012362529833960132,0.00019032557678071266,64.95464268685161,6.0213607420681345
0.17707464487962102,H-norm2,0.01385862995383623,0.00016886425334841626,3.0850761332460385e-06,0.013689765700487813,0.00016577917721517023,82.57831852259356,6.367691137235148
0.18092409368135193,H-norm2,0.015161439989128223,0.00013717823783599323,3.1667218723805603e-06,0.015024261751292229,0.00013401151596361267,112.11172146856151,6.808793311990535
0.1847735424830828,H-norm2,0.015884285907972723,9.93094333053488e-05,2.5579554150656163e-06,0.015784976474667374,9.675147789028318e-05,163.14971945511408,7.350052696413428
0.1886229912848137,H-norm2,0.017742394678405167,8.267287058567977e-05,2.781944732825438e-06,0.017659721807819488,7.989092585285433e-05,221.04790524452966,7.788215252464585
0.1924724400865446,H-norm2,0.020368246239674186,7.465194095674229e-05,2.814368984997937e-06,0.020293594298717445,7.183757197174435e-05,282.4927644645265,8.142070105781034
0.19632188888827548,H-norm2,0.021785024029848804,6.300964406946202e-05,2.7954978738273182e-06,0.02172201438577934,6.02141461956347e-05,360.74603325279907,8.494839720768457
0.2001713376900064,H-norm2,0.02313983884025596,5.3749670269407946e-05,2.778590578408825e-06,0.023086089169986553,5.097107969099912e-05,452.92525310314903,8.823129169681636
0.20402078649173727,H-norm2,0.02444385214627014,4.7633691217571024e-05,2.780524136277679e-06,0.02439621845505257,4.4853167081293346e-05,543.9129506916661,9.087231966885557
0.20787023529346815,H-norm2,0.02569137637371839,4.5440457895403084e-05,2.8012647006329844e-06,0.02564593591582299,4.26391931947701e-05,601.46391135207,9.232334366119797
0.21171968409519906,H-norm2,0.026871649700328154,4.739715357809491e-05,2.8303115334365574e-06,0.026824252546750058,4.456684204465835e-05,601.8881149324138,9.23335151889583
0.21556913289692994,H-norm2,0.027997684635058494,5.36272261791659e-05,2.8576441839402475e-06,0.027944057408879328,5.076958199522565e-05,550.4094442122288,9.10436141454085
0.21941858169866083,H-norm2,0.02907142100145108,6.367049468598507e-05,2.8815476466367304e-06,0.029007750506765094,6.078894703934834e-05,477.1879086503759,8.898413677168417
0.22326803050039173,H-norm2,0.030094061139397225,7.669779030962998e-05,2.9092064081025566e-06,0.030017363349087594,7.378858390152742e-05,406.8022688868303,8.66818391543683
0.22711747930212262,H-norm2,0.031065724716882487,9.181717849055951e-05,2.951209101938943e-06,0.030973907538391927,8.886596938862056e-05,348.54633051871247,8.445206628843987
0.2309669281038535,H-norm2,0.03197809468617705,0.00010775352363745665,3.013281150881009e-06,0.031870341162539596,0.00010474024248657564,304.27981075778354,8.249254802674548
0.2348163769055844,H-norm2,0.03283415743569628,0.00012336467473324746,3.0911309017813812e-06,0.03271079276096303,0.00012027354383146607,271.9699754319969,8.087303581374378
0.2386658257073153,H-norm2,0.03362949414212798,0.00013752284500541802,3.1721178609383012e-06,0.03349197129712256,0.0001343507271444797,249.28760721261716,7.96166735396274
0.2425152745090462,H-norm2,0.03435775275017313,0.00014943645029565143,3.2409390961405555e-06,0.03420831629987748,0.00014619551119951087,233.99019586308566,7.870304272249962
0.24636472331077708,H-norm2,0.03501112733298289,0.00015839220570462007,3.287014109174962e-06,0.03485273512727827,0.0001551051915954451,224.703859160197,7.811881091967079
0.25021417211250796,H-norm2,0.035573008455509425,0.00016410712393337773,3.309555216660171e-06,0.035408901331576044,0.00016079756871671756,220.20793979762894,7.7827226772971585
0.25406362091423884,H-norm2,0.036034615266640445,0.00016663680303138903,3.3162226767042874e-06,0.035867978463609056,0.00016332058035468475,219.6170157227843,7.778846027122645
0.2579130697159698,H-norm2,0.03639113440146324,0.00016600259191951023,3.318543320976983e-06,0.03622513180954373,0.00016268404859853325,222.67168859891734,7.798774329335471
0.26176251851770066,H-norm2,0.036641068887118024,0.00016278918256657608,3.3263690537305984e-06,0.03647827970455145,0.00015946281351284547,228.757281406006,7.837673855274783
0.26561196731943154,H-norm2,0.036756574696202096,0.00015739292065612663,3.344224411261987e-06,0.03659918177554597,0.00015404869624486463,237.58189889105302,7.892281112719378
0.2694614161211624,H-norm2,0.036736572642973975,0.00015036395939179006,3.3719485516031217e-06,0.036586208683582186,0.00014699201084018693,248.89930054334414,7.959418365838685
0.2733108649228933,H-norm2,0.03659259877840956,0.000142235824569942,3.4075721411130385e-06,0.03645036295383962,0.00013882825242882897,262.5572411676513,8.036488174633797
0.27716031372462424,H-norm2,0.03630524934855575,0.00013340787740645483,3.450441776565551e-06,0.036171841471149296,0.00012995743562988927,278.33606669621014,8.12068405450746
0.2810097625263551,H-norm2,0.0358755425973278,0.0001242887139009123,3.501721959700374e-06,0.03575125388342689,0.00012078699194121193,295.9859609785409,8.209384938240543
0.284859211328086,H-norm2,0.03531578459907386,0.00011516777105722624,3.562574106794654e-06,0.03520061682801664,0.00011160519695043158,315.4030259330188,8.301052690986278
0.2887086601298169,H-norm2,0.03463132974648991,0.00010629665251619489,3.6314085792787915e-06,0.034525033093973714,0.0001026652439369161,336.287450066237,8.393551129611437
0.29255810893154777,H-norm2,0.03382959414553912,9.787689564829438e-05,3.7029465018233217e-06,0.033731717249890825,9.417394914647105e-05,358.185225910268,8.484562021387923
0.29640755773327865,H-norm2,0.03291120958657511,9.010311036482327e-05,3.769236183820351e-06,0.03282110647621029,8.633387418100291e-05,380.16487488328556,8.570481430933576
0.3002570065350096,H-norm2,0.031894093833177456,8.323159610572652e-05,3.822664451888273e-06,0.03181086223707173,7.940893165383825e-05,400.59551960404883,8.646002475425679
0.30410645533674047,H-norm2,0.030796446322849006,7.744620758423751e-05,3.8593550003729665e-06,0.03071900011526477,7.358685258386455e-05,417.45228986734173,8.705467512858533
0.30795590413847135,H-norm2,0.02963270847433547,7.30117074876054e-05,3.88040484495132e-06,0.029559696766847866,6.913130264265409e-05,427.58772997009174,8.740076643943315
0.31180535294020223,H-norm2,0.028418152394653534,7.005303935290863e-05,3.891269194014503e-06,0.028348099355300624,6.616177015889413e-05,428.4664586092515,8.743038460875415
0.3156548017419331,H-norm2,0.02716845738391106,6.87516535415201e-05,3.899835268275384e-06,0.027099705730369537,6.485181827324471e-05,417.87117851019144,8.70691444603175
0.31950425054366405,H-norm2,0.025899057253086274,6.921179567370994e-05,3.913598198863193e-06,0.025829845457412563,6.529819747484675e-05,395.56751114550093,8.62778012893027
0.32335369934539493,H-norm2,0.02462810483011248,7.134062591212547e-05,3.937981850633119e-06,0.024556764204200356,6.740264406149235e-05,364.3293901318899,8.50909957049159
0.3272031481471258,H-norm2,0.023371086716710655,7.504957878698971e-05,3.975676331741573e-06,0.023296037137923664,7.107390245524813e-05,327.7720278915608,8.356548929678723
0.3310525969488567,H-norm2,0.02214183381756303,8.009733228445599e-05,4.026458041130576e-06,0.022061736485278576,7.60708742433254e-05,290.01555069171974,8.17998644968505
0.3349020457505876,H-norm2,0.020953241335342005,8.611257476505659e-05,4.088090210453706e-06,0.020867128760576947,8.202448455460288e-05,254.40121780571397,7.99096176652144
0.33875149455231846,H-norm2,0.01981714046449473,9.272410079799117e-05,4.156492783287464e-06,0.01972441636369674,8.856760801470371e-05,222.704629896092,7.798987740979456
0.3426009433540494,H-norm2,0.018749349591273258,9.949487317069916e-05,4.226147134191571e-06,0.01864985471810256,9.526872603650759e-05,195.76051338144077,7.612945979773645
0.3464503921557803,H-norm2,0.017758973683236125,0.00010600657376184515,4.291055665305671e-06,0.01765296710947428,0.00010171551809653948,173.55234913830577,7.439227082842449
0.35029984095751115,H-norm2,0.01685015240284967,0.00011187973643636147,4.345767709711115e-06,0.01673827266641331,0.00010753396872665036,155.65567666308058,7.282214381707656
0.35414928975924204,H-norm2,0.016028712593906303,0.00011678484403355611,4.3871128973197714e-06,0.015911927749872747,0.00011239773113623634,141.56805114318576,7.1453519067639
0.3579987385609729,H-norm2,0.01529883320195136,0.00012054877415809825,4.414726242686355e-06,0.015178284427793261,0.0001161340479154119,130.6962488627677,7.030073924444844
0.36184818736270385,H-norm2,0.01466302456778112,0.0001230572163155391,4.431842904055519e-06,0.01453996735146558,0.00011862537341148356,122.57046644675121,6.9374675909598436
0.36569763616443474,H-norm2,0.014123283925500388,0.00012423489072828578,4.444133710161212e-06,0.013999049034772103,0.00011979075701812457,116.86251413081914,6.868668422036551
0.3695470849661656,H-norm2,0.01368717095299808,0.00012421965873032364,4.458473495392626e-06,0.013562951294267756,0.00011976118523493101,113.24997550468314,6.823366927999648
0.3733965337678965,H-norm2,0.01334258223884305,0.00012314520758797674,4.481061908767638e-06,0.013219437031255074,0.00011866414567920911,111.40211692074081,6.799632837551745
0.3772459825696274,H-norm2,0.013086003249968045,0.00012116639754856077,4.516217047140651e-06,0.012964836852419484,0.00011665018050142013,111.14287861956328,6.796271701707947
0.3810954313713583,H-norm2,0.01291297088967411,0.0001185231047644401,4.56483036598135e-06,0.012794447784909669,0.00011395827439845876,112.27309164206429,6.8108683899422795
0.3849448801730892,H-norm2,0.012818286573287228,0.00011544750721209187,4.624685068241174e-06,0.012702839066075137,0.0001108228221438507,114.62295238779018,6.840752151674738
0.3887943289748201,H-norm2,0.012796191770105313,0.00011214587496414749,4.690830112676532e-06,0.012684045895141166,0.00010745504485147096,118.0404876539171,6.883137975793123
0.39264377777655096,H-norm2,0.012840502164960736,0.00010880668564939924,4.757117437782197e-06,0.012731695479311337,0.00010404956821161705,122.36182906033294,6.935009767299574
0.39649322657828184,H-norm2,0.012949683001644997,0.00010558323817727908,4.817765871747789e-06,0.012844099763467717,0.00010076547230553129,127.46528616988053,6.993960587529246
0.4003426753800128,H-norm2,0.013111319620502342,0.0001025787838867976,4.8688894354300395e-06,0.013008740836615544,9.770989445136757e-05,133.13637180408878,7.056760947749341
0.40419212418174366,H-norm2,0.013318088378238249,9.985841950263186e-05,4.9088835815545425e-06,0.013218229958735617,9.49495359210773e-05,139.21321289787764,7.121152335426938
0.40804157298347454,H-norm2,0.013562784038393878,9.745481564588036e-05,4.938880592036234e-06,0.013465329222747997,9.251593505384413e-05,145.5460533897344,7.185331909810784
0.4118910217852054,H-norm2,0.013840129389859677,9.534850160804125e-05,4.9618589823125056e-06,0.013744780888251635,9.038664262572874e-05,152.06650550309473,7.24855860670312
0.4157404705869363,H-norm2,0.014142794373982817,9.350696874731576e-05,4.982322654754765e-06,0.014049287405235502,8.8524646092561e-05,158.70481301383148,7.3102020709780335
0.4195899193886672,H-norm2,0.014465404198221739,9.189788631473629e-05,5.0052468116878785e-06,0.014373506311907003,8.689263950304841e-05,165.41684536355632,7.369962349827918
0.4234393681903981,H-norm2,0.014802970178348997,9.048862425763929e-05,5.034959037695291e-06,0.014712481554091357,8.5453665219944e-05,172.16911078329753,7.427682518821043
0.427288816992129,H-norm2,0.015150835566031584,8.925873616183932e-05,5.074407632448214e-06,0.015061576829869744,8.418432852939112e-05,178.91188411167673,7.48310541047668
0.4311382657938599,H-norm2,0.015504483276488547,8.821751377834121e-05,5.12372301127698e-06,0.015416265762710206,8.309379076706423e-05,185.52849280792145,7.535496957623701
0.43498771459559077,H-norm2,0.015861118394337435,8.739913704283207e-05,5.18076926617404e-06,0.015773719257294604,8.221836777665804e-05,191.85152519864053,7.583846424028793
0.43883716339732165,H-norm2,0.016218800186291137,8.687078572435098e-05,5.241372417321893e-06,0.016131929400566788,8.162941330702909e-05,197.62397825757338,7.626614193451135
0.4426866121990526,H-norm2,0.016576444285409147,8.669113694381551e-05,5.300865559853102e-06,0.016489753148465333,8.139027138396241e-05,202.60103410485206,7.6624977276558015
0.44653606100078347,H-norm2,0.01693379938521894,8.691962665938903e-05,5.355279245110143e-06,0.01684687975855955,8.156434741427888e-05,206.5471041286145,7.6903270229604095
0.45038550980251435,H-norm2,0.01728232820866858,8.758610368390792e-05,5.40242776526382e-06,0.01719474210498467,8.21836759186441e-05,209.22332705105842,7.708899901515979
0.45423495860424523,H-norm2,0.01764092853639508,8.873830925880062e-05,5.441857334981706e-06,0.01755219022713628,8.329645192381891e-05,210.71954233043596,7.719180307042499
0.4580844074059761,H-norm2,0.01800302450044435,9.033594191279661e-05,5.474857156267645e-06,0.01791268855853155,8.486108475652897e-05,211.082483919738,7.721663055477342
0.461933856207707,H-norm2,0.01837066514050871,9.230117700770188e-05,5.503678189713207e-06,0.018278363963501007,8.679749881798868e-05,210.58629813550385,7.718267759780146
0.46578330500943793,H-norm2,0.01874597633529922,9.453248456339609e-05,5.531319066393733e-06,0.018651443850735822,8.900116549700236e-05,209.56404049971707,7.711247373045839
0.4696327538111688,H-norm2,0.01913095166662265,9.690494860355723e-05,5.560824262826522e-06,0.01903404671801909,9.13441243407307e-05,208.37735164024923,7.703054670596885
0.4734822026128997,H-norm2,0.019527238368362572,9.928275898845691e-05,5.5948215066193955e-06,0.019427955609374114,9.368793748183752e-05,207.36880468886878,7.696055069915918
0.4773316514146306,H-norm2,0.019935921450551952,0.00010152500371091196,5.634715761947975e-06,0.01983439644684104,9.5890287948964e-05,206.84468543255983,7.692404079914419
0.48118110021636146,H-norm2,0.02035732984615733,0.0001035088673907368,5.680430008482804e-06,0.02025382097876659,9.7828437382254e-05,207.03408457427346,7.69372449179043
0.4850305490180924,H-norm2,0.020790875015427316,0.00010513460730079124,5.730533899370597e-06,0.020685740408126523,9.940407340142064e-05,208.0975125092901,7.701115909716017
0.4888799978198233,H-norm2,0.02123492297478295,0.00010632246922883362,5.782615965600452e-06,0.021128600505554113,0.00010053985326323318,210.15149535016,7.715285911915742
0.49272944662155416,H-norm2,0.02168678008157954,0.00010701204285578515,5.8341949464437005e-06,0.021579768038723756,0.00010117784790934145,213.28550156611269,7.736642089210446
0.49657889542328504,H-norm2,0.022142194816599285,0.00010715904363738783,5.883279974091836e-06,0.022035035772961897,0.00010127576366329599,217.57461978978645,7.765366464933922
0.5004283442250159,H-norm2,0.022595595308071755,0.00010673178116112739,5.928620020671425e-06,0.022488863526910628,0.00010080316114045596,223.09680839845242,7.801526064447496
0.5042777930267468,H-norm2,0.02304068804944509,0.00010569694245953267,5.969807633564369e-06,0.022934991106985558,9.97271348259683e-05,229.97743941013567,7.845348530737712
0.5081272418284777,H-norm2,0.02347029185603301,0.00010407123200525339,6.007070269386968e-06,0.023366220624027757,9.806416173586641e-05,238.2748214068677,7.8964826992105
0.5119766906302086,H-norm2,0.023876548187786693,0.00010187840742824497,6.041248545101766e-06,0.02377466978035845,9.58371588831432e-05,248.07360795563167,7.954624447790826
0.5158261394319396,H-norm2,0.02425118829469792,9.91740345229567e-05,6.073810616363943e-06,0.02415201426017496,9.310022390659276e-05,259.4195077812769,8.019143160964587
0.5196755882336704,H-norm2,0.024585823250332012,9.605309879815134e-05,6.106608807480478e-06,0.02448977015153386,8.994648999067086e-05,272.27043716851995,8.088896534382872
0.5235250370354013,H-norm2,0.024872249384187937,9.265419457979727e-05,6.141454551265281e-06,0.02477959518960814,8.651274002853199e-05,286.4271225421343,8.162024301456274
0.5273744858371322,H-norm2,0.025102760415706585,8.915799930901987e-05,6.179669665882948e-06,0.025013602416397565,8.297832964313692e-05,301.44740830495164,8.235762515628538
0.5312239346388631,H-norm2,0.025270452374138004,8.577866385364883e-05,6.2217658478425544e-06,0.025184673710284357,7.955689800580627e-05,316.56178586106154,8.30634329908359
0.535073383440594,H-norm2,0.02536950620983166,8.275449028381412e-05,6.267285128270035e-06,0.025286751719547845,7.648720515554408e-05,330.6010680887712,8.368947575396737
0.5389228322423248,H-norm2,0.025395438475836495,8.03198420055687e-05,6.315155886737685e-06,0.025315118633830926,7.400468611883101e-05,342.07453556632703,8.418166901949718
0.5427722810440557,H-norm2,0.025345304956748284,7.86675287556728e-05,6.363979849714298e-06,0.02526663742799261,7.23035489059585e-05,349.4522441886722,8.448951501513731
0.5466217298457866,H-norm2,0.025217854197210565,7.79419306807507e-05,6.412311530193519e-06,0.025139912266529816,7.152961915055718e-05,351.46157025685756,8.457223139582197
0.5504711786475175,H-norm2,0.025013615792191638,7.821669560314541e-05,6.458837064685906e-06,0.02493539909658849,7.17578585384595e-05,347.4936349058418,8.440842741786758
0.5543206274492485,H-norm2,0.024734926870340738,7.9484252821762e-05,6.502629963247006e-06,0.024655442617518977,7.2981622858515e-05,337.8308353777906,8.400157205351375
0.5581700762509794,H-norm2,0.02438588990599784,8.1654619346794e-05,6.543323973240447e-06,0.024304235286651047,7.511129537355356e-05,323.5763032148223,8.337962147090625
0.5620195250527102,H-norm2,0.023972266545605313,8.456347833587656e-05,6.581276433579919e-06,0.023887703067269436,7.798220190229664e-05,306.32250032126785,8.258907530951552
0.5658689738544411,H-norm2,0.023501054183216723,8.798803270595444e-05,6.617550179150774e-06,0.02341306615051077,8.137048252680366e-05,287.73414416952045,8.168592619406715
0.569718422656172,H-norm2,0.022980118918381365,9.166811635039365e-05,6.65363827288009e-06,0.02288845080203097,8.501447807751357e-05,269.23003374980425,8.072695547438464
0.5735678714579029,H-norm2,0.022420562964727685,9.532948863981895e-05,6.691010202905596e-06,0.022325233476087867,8.863847843691335e-05,251.86841955976718,7.976526431335899
0.5774173202596338,H-norm2,0.021832609842083208,9.8706258942369e-05,6.730677380002357e-06,0.02173390358314084,9.197558156236664e-05,236.30080086423322,7.884480708637478
0.5812667690613647,H-norm2,0.02122683488300563,0.00010156002090464425,6.772916424205719e-06,0.021125274862100987,9.478710448043853e-05,222.87076895001755,7.80006359930074
0.5851162178630955,H-norm2,0.0206138508670674,0.00010369193642053535,6.817353056126679e-06,0.020510158930646866,9.687458336440867e-05,211.71868015674187,7.726004755202214
0.5889656666648264,H-norm2,0.020004005917083432,0.00010495073508835834,6.863174378060503e-06,0.019899055181995074,9.808756071029784e-05,202.8703235955377,7.664414029078913
0.5928151154665573,H-norm2,0.019407106802587722,0.00010525801208327427,6.909395308915238e-06,0.019301848790504447,9.834861677435903e-05,196.2594841042719,7.616618562706848
0.5966645642682883,H-norm2,0.018832177787897534,0.00010458710722412325,6.955088361909524e-06,0.018727590680673412,9.763201886221373e-05,191.8181237971051,7.583595228571442
0.6005140130700192,H-norm2,0.018287261359660675,0.0001029696738853687,6.9995668989816645e-06,0.018184291685775306,9.597010698638704e-05,189.4787059928429,7.565891914241315
0.60436346187175,H-norm2,0.017779267940680958,0.000100493543231209,7.042526801356629e-06,0.017678774397449748,9.345101642985238e-05,189.17690863983336,7.563592190587893
0.6082129106734809,H-norm2,0.017313876202771604,9.729902906047591e-05,7.084111880114844e-06,0.01721657717371113,9.021491718036107e-05,190.83958298483054,7.576216628692423
0.6120623594752118,H-norm2,0.016895487022672784,9.357322684031016e-05,7.124845264563977e-06,0.016801913795832474,8.644838157574619e-05,194.35775996697654,7.602570899933848
0.6159118082769427,H-norm2,0.016527227720299194,8.954160750524686e-05,7.165412350068073e-06,0.016437686112793948,8.237619515517879e-05,199.54412900266797,7.6405640222027715
0.6197612570786736,H-norm2,0.016211003688083883,8.545629980314617e-05,7.20637370562819e-06,0.016125547388280738,7.824992609751797e-05,206.07747754527563,7.687043029395824
0.6236107058804045,H-norm2,0.015947589294767407,8.158089269115517e-05,7.247949927808618e-06,0.01586600840207625,7.433294276334655e-05,213.44518072678477,7.737721778829899
0.6274601546821353,H-norm2,0.015736746937426372,7.817228518833381e-05,7.289988522752744e-06,0.01565857465223804,7.088229666558107e-05,220.9095273268919,7.787311829974747
0.6313096034838662,H-norm2,0.015577368202941727,7.546091114155768e-05,7.33212350539618e-06,0.01550190729180017,6.81287876361615e-05,227.53828197541628,7.829965480447961
0.6351590522855971,H-norm2,0.01546762168831164,7.363135657756211e-05,7.3740029025897134e-06,0.015393990331734077,6.62573536749724e-05,232.3363291454379,7.860070947796055
0.6390085010873281,H-norm2,0.015405102908275334,7.28057021186295e-05,7.41546055444226e-06,0.015332297206156704,6.539024156418724e-05,234.47378139911717,7.873282800958047
0.642857949889059,H-norm2,0.015386973041176408,7.303178786014682e-05,7.45656597528544e-06,0.015313941253316261,6.557522188486138e-05,233.53243516590555,7.867479128588696
0.6467073986907899,H-norm2,0.01541008448830978,7.427807023622612e-05,7.497574738927554e-06,0.015335806418073555,6.678049549729857e-05,229.64499295597358,7.8432615180044465
0.6505568474925207,H-norm2,0.015471084197704729,7.64358955218974e-05,7.538837951684546e-06,0.015394648302182831,6.889705757021285e-05,223.44420567589808,7.803770823225329
0.6544062962942516,H-norm2,0.01556649439622533,7.932902416469234e-05,7.580707110950402e-06,0.015487165372060638,7.174831705374194e-05,215.85405773992196,7.75391240338131
0.6582557450959825,H-norm2,0.015692768550255358,8.272930590260727e-05,7.623436739698833e-06,0.01561003924435275,7.510586916290844e-05,207.84047130183373,7.6993327971514445
0.6621051938977134,H-norm2,0.01584632459227208,8.637665698707598e-05,7.667087327681481e-06,0.015759947935285006,7.87095696593945e-05,200.2291208487627,7.645508001355468
0.6659546426994443,H-norm2,0.01602355962314287,9.000099748246978e-05,7.711462041969649e-06,0.0159335586256604,8.228953544050014e-05,193.62800555826735,7.597143822955373
0.6698040915011751,H-norm2,0.0162208494967203,9.334374422181887e-05,7.756128531763474e-06,0.01612750575249848,8.55876156900554e-05,188.43270282119062,7.557905558672425
0.673653540302906,H-norm2,0.016434540742150738,9.617679671680293e-05,7.800545019030908e-06,0.016338363945433934,8.837625169777202e-05,184.8727868806618,7.530389066643869
0.6775029891046369,H-norm2,0.016660938297595046,9.831755791307754e-05,7.844242803359991e-06,0.01656262073968197,9.047331510971755e-05,183.06636293360506,7.516222920904868
0.6813524379063679,H-norm2,0.016896297001829926,9.963919097599177e-05,7.886975746512585e-06,0.016796657810853936,9.175221522947919e-05,183.06541993394092,7.516215489367904
0.6852018867080988,H-norm2,0.017136817249694736,0.0001000758956270967,7.928772318394502e-06,0.017036741354067637,9.21471233087022e-05,184.88630726965647,7.530494572084956
0.6890513355098297,H-norm2,0.017378647087782337,9.961956398815647e-05,7.969867931633695e-06,0.01727902752379418,9.164969605652277e-05,188.53338600422364,7.558676212249086
0.6929007843115605,H-norm2,0.017617960999592036,9.833208526941393e-05,8.010595269819032e-06,0.017519628914322623,9.03214899995949e-05,193.96966230739994,7.599687216098247
0.6967502331132914,H-norm2,0.017850959526663043,9.631559722721687e-05,8.051306315025502e-06,0.017754643929435827,8.826429091219137e-05,201.1531928251575,7.652150827248406
0.7005996819150223,H-norm2,0.01807394256408473,9.37182710098483e-05,8.092328631017769e-06,0.01798022429307488,8.562594237883052e-05,209.98570986262416,7.71414734141941
0.7044491307167532,H-norm2,0.018283385353667213,9.071966823431589e-05,8.133955090359776e-06,0.018192665685432898,8.258571314395612e-05,220.28829191946375,7.783249009195753
0.7082985795184841,H-norm2,0.018476019386411874,8.751838515422726e-05,8.176421402705551e-06,0.01838850100125765,7.934196375152171e-05,231.76261503742995,7.856504057888187
0.712148028320215,H-norm2,0.01864891730037245,8.431900352604144e-05,8.219861620827875e-06,0.01856459829684641,7.609914190521356e-05,243.95279410600747,7.930458196997656
0.7159974771219458,H-norm2,0.018799577404677723,8.131891548686958e-05,8.2642608775972e-06,0.018718258489190853,7.305465460927238e-05,256.2226676630548,8.001254304324158
0.7198469259236768,H-norm2,0.01892600471318179,7.869564467883209e-05,8.309434017589745e-06,0.01884730906850296,7.038621066124234e-05,267.7699067962625,8.064850022896579
0.7236963747254077,H-norm2,0.019026782858452558,7.660166846745121e-05,8.35504417665369e-06,0.018950181189985107,6.824662429079752e-05,277.67206637560207,8.117238240073773
0.7275458235271386,H-norm2,0.01910113355371603,7.514071770480486e-05,8.400655249375e-06,0.019025992836011228,6.674006245542987e-05,285.0760418259588,8.155202988113185
0.7313952723288695,H-norm2,0.019148956079998006,7.436742717587825e-05,8.445803225847413e-06,0.01907458865282213,6.592162395003084e-05,289.35252971438985,8.17668444694822
0.7352447211306004,H-norm2,0.019170844354620676,7.42883329179985e-05,8.490085777895856e-06,0.01909655602170268,6.579824714010265e-05,290.2289476046502,8.181047611601484
0.7390941699323312,H-norm2,0.01916778739539458,7.48611073817828e-05,8.533272739040406e-06,0.019092926288012797,6.63278346427424e-05,287.8569214697249,8.169208091798138
0.7429436187340621,H-norm2,0.0191416309704792,7.599968434334821e-05,8.575380860901805e-06,0.01906563128613585,6.74243034824464e-05,282.77090457596637,8.143489872922666
0.746793067535793,H-norm2,0.019095435101041443,7.758281413536793e-05,8.616711537102279e-06,0.019017852286906077,6.896610259826565e-05,275.7565176284782,8.10725117473612
0.7506425163375239,H-norm2,0.019032248191448085,7.94651896320338e-05,8.657800791838541e-06,0.01895278300181605,7.080738884019526e-05,267.6667408904241,8.06429407685431
0.7544919651392548,H-norm2,0.018955491778690884,8.149008567328622e-05,8.699277096982434e-06,0.018874001693017596,7.279080857630378e-05,259.29100201205637,8.018428332032947
0.7583414139409856,H-norm2,0.018868833202502332,8.350229073020859e-05,8.741665978575315e-06,0.018785330911772122,7.476062475163328e-05,251.2730595039834,7.973112189272219
0.7621908627427166,H-norm2,0.01877604986882562,8.536007852720951e-05,8.785221587114029e-06,0.01869068979029841,7.657485694009548e-05,244.08390086735832,7.9312333316583326
0.7660403115444475,H-norm2,0.01868088845178399,8.694514518653966e-05,8.82980921545982e-06,0.018593943306597447,7.811533597107983e-05,238.0319187704879,7.895011233746153
0.7698897603461784,H-norm2,0.018586925832433092,8.816975484124458e-05,8.874972564462636e-06,0.018498756077591848,7.929478227678194e-05,233.2909624875584,7.865986609283179
0.7737392091479093,H-norm2,0.018497438625895965,8.898068187073658e-05,8.920093226193915e-06,0.01840845794402523,8.006058864454267e-05,229.93158376284362,7.8450608402953375
0.7775886579496402,H-norm2,0.01841528928478924,8.935951186467129e-05,8.964599030456368e-06,0.018325929772924566,8.039491283421492e-05,227.94887296805817,7.832566465977126
0.781438106751371,H-norm2,0.018342834556657417,8.931304830939688e-05,9.00816006580579e-06,0.01825352150834802,8.030488824359109e-05,227.3027446720192,7.828471294523553
0.7852875555531019,H-norm2,0.01828185913400298,8.889546415225326e-05,9.050804453569644e-06,0.018192963669850726,7.984465969868362e-05,227.85448317404087,7.831968946508036
0.7891370043548328,H-norm2,0.018233534126213116,8.817220171546139e-05,9.092944234941884e-06,0.018145361924497654,7.907925748051951e-05,229.45791984665013,7.8420857926735215
0.7929864531565637,H-norm2,0.0181983868812566,8.722192677190534e-05,9.135227568735804e-06,0.018111164954484695,7.808669920316954e-05,231.93661839082532,7.8575868019115855
0.7968359019582946,H-norm2,0.018176355689724227,8.612890748095509e-05,9.178306048406748e-06,0.01809022678224327,7.695060143254834e-05,235.088829008054,7.87706217616002
0.8006853507600256,H-norm2,0.01816670339106946,8.497590785436767e-05,9.222598192384142e-06,0.018081727483215092,7.575330966198353e-05,238.69224412632266,7.899007879184447
0.8045347995617564,H-norm2,0.0181681595950642,8.383867966473863e-05,9.26810596828919e-06,0.018084320915399462,7.457057369644944e-05,242.512830718111,7.92191726830625
0.8083842483634873,H-norm2,0.018178931433596803,8.278075347381172e-05,9.314319913910227e-06,0.01809615068012299,7.34664335599015e-05,246.3186220325795,7.944381891499044
0.8122336971652182,H-norm2,0.018196790569170646,8.185077495102765e-05,9.360413814832016e-06,0.018114939794219617,7.249036113619563e-05,249.89446197108995,7.965175119309082
0.8160831459669491,H-norm2,0.01821916669669571,8.10810623615653e-05,9.405511938222297e-06,0.018138085634334146,7.1675550423343e-05,253.0581980494566,7.98332540229056
0.81993259476868,H-norm2,0.018243250266055618,8.048787747683721e-05,9.449004747422675e-06,0.01816276238857878,7.103887272941453e-05,255.67357266155298,7.998159235921341
0.8237820435704108,H-norm2,0.018266108314608356,8.00759850394066e-05,9.490778782287416e-06,0.01818603232956895,7.058520625711919e-05,257.64651396389047,8.009249262292714
0.8276314923721417,H-norm2,0.018284878222547846,7.98240581975858e-05,9.531384599696771e-06,0.01820505416435026,7.029267359788903e-05,258.98935454486656,8.016748988609473
0.8314809411738726,H-norm2,0.018302462977867612,7.974448720230983e-05,9.571908164079485e-06,0.018222718490665302,7.017257903823035e-05,259.68432029179775,8.020615096666749
0.8353303899756035,H-norm2,0.018303548552296565,7.974192703330591e-05,9.61333776745175e-06,0.01822380662526326,7.012858926585416e-05,259.8627295378447,8.021605921827712
0.8391798387773344,H-norm2,0.018291589131623917,7.980787678978718e-05,9.656751332060496e-06,0.01821178125483413,7.015112545772669e-05,259.6078271874428,8.020190071086642
0.8430292875790654,H-norm2,0.018265799615791042,7.99233930228147e-05,9.702648321086374e-06,0.018185876222768228,7.022074470172833e-05,258.98153458803495,8.016705427038048
0.8468787363807962,H-norm2,0.018222444287109306,8.004287833652155e-05,9.75071032395043e-06,0.018142401408772785,7.029216801257112e-05,258.0998982066989,8.011785762215055
0.8507281851825271,H-norm2,0.01816169536166184,8.01497467667054e-05,9.800080940070472e-06,0.018081545614895136,7.034966582663493e-05,257.0239019962668,8.005758719186256
0.854577633984258,H-norm2,0.018083103819712353,8.023013255672362e-05,9.849391207466434e-06,0.01800287368715563,7.038074134925718e-05,255.79261232583815,7.998830787400109
0.8584270827859889,H-norm2,0.017986616101414693,8.028184483638622e-05,9.897286796937897e-06,0.017906334256578307,7.038455803944832e-05,254.40714206861074,7.990995362292958
0.8622765315877198,H-norm2,0.017872679038809968,8.031180455770667e-05,9.942793956108112e-06,0.01779236723425226,7.036901060159855e-05,252.8437885106214,7.982102526693566
0.8661259803894507,H-norm2,0.01774224246366806,8.033378569621099e-05,9.985637909609762e-06,0.01766190867797185,7.034814778660123e-05,251.06430280934563,7.971913105596433
0.8699754291911815,H-norm2,0.017596754255565977,8.036563753780312e-05,1.0026317511411465e-05,0.017516388618028175,7.033932002639165e-05,249.02698251072005,7.960158259077708
0.8738248779929124,H-norm2,0.017438130560409364,8.042665835949511e-05,1.006603937927362e-05,0.01735770390204987,7.036061898022149e-05,246.69629337583225,7.946592229010335
0.8776743267946433,H-norm2,0.017268693048928863,8.053492167560943e-05,1.010626018708163e-05,0.01718815812725325,7.042866148852781e-05,244.05061467841537,7.931036575156741
0.8815237755963742,H-norm2,0.01709107247841409,8.070277017628146e-05,1.014831157107317e-05,0.017010369708237806,7.05544586052083e-05,241.09560252485744,7.913461526847731
0.8853732243981052,H-norm2,0.016908103151827246,8.09330095472841e-05,1.0193014228695522e-05,0.01682717014227996,7.073999531858858e-05,237.87349810381215,7.894050737351174
0.8892226731998361,H-norm2,0.016722619049103115,8.121916416188763e-05,1.0240362552666669e-05,0.01664139988494123,7.097880160922096e-05,234.45591511338395,7.873172867200255
0.8930721220015669,H-norm2,0.016537934046063112,8.15434004042031e-05,1.0289640519569676e-05,0.01645639064565891,7.125375988463342e-05,230.95469870366648,7.851466087455598
0.8969215708032978,H-norm2,0.01635661700823673,8.188048200763634e-05,1.033959504934329e-05,0.016274736526229096,7.154088695829305e-05,227.4886043238037,7.82965046740558
0.9007710196050287,H-norm2,0.016181297573073385,8.219695121187275e-05,1.0388790045476381e-05,0.016099100621861512,7.180816116639636e-05,224.1959738330594,7.808616559875093
0.9046204684067596,H-norm2,0.016014388668293814,8.245795582173121e-05,1.0436104062331194e-05,0.01593193071247208,7.202185175940001e-05,221.20967905261764,7.78927070200065
0.9084699172084905,H-norm2,0.01585806438238882,8.262974591673742e-05,1.0481020365292174e-05,0.01577543463647208,7.214872555144525e-05,218.65160494378372,7.772490127884857
0.9123193660102213,H-norm2,0.015715427315373422,8.268386317864459e-05,1.0523721016347688e-05,0.01563274345219478,7.21601421622969e-05,216.63958778011892,7.75915308865559
0.9161688148119522,H-norm2,0.01558729064575844,8.260005453340842e-05,1.0565094180110562e-05,0.015504690591225032,7.203496035329786e-05,215.23841361446944,7.749791768531137
0.9200182636136831,H-norm2,0.015474797797195631,8.236678989549453e-05,1.060635498956151e-05,0.015392431007300136,7.176043490593302e-05,214.49745988130178,7.744816752938484
0.923867712415414,H-norm2,0.01537880298873349,8.198230563797278e-05,1.0648689354320053e-05,0.015296820683095517,7.133361628365272e-05,214.44056084678041,7.744434003210318
0.927717161217145,H-norm2,0.015299793141987728,8.146611325446789e-05,1.0692921059281439e-05,0.01521832702873326,7.077319219518645e-05,215.02954094203363,7.748391061882266
0.9315666100188759,H-norm2,0.01523791267548531,8.084310814076919e-05,1.073922453867951e-05,0.01515706956734454,7.010388360208968e-05,216.20870041061082,7.756280769214941
0.9354160588206067,H-norm2,0.015192998005843379,8.014698995007809e-05,1.0787190907076599e-05,0.0151128510158933,6.93597990430015e-05,217.89064017506274,7.767460414392632
0.9392655076223376,H-norm2,0.015164617483730793,7.941809941719814e-05,1.0835943835055439e-05,0.015085199384313595,6.85821555821427e-05,219.9580817527038,7.781084799844524
0.9431149564240685,H-norm2,0.015152114974643019,7.870086707513239e-05,1.0884424798088486e-05,0.015073414107567885,6.78164422770439e-05,222.2678395010746,7.796155406026008
0.9469644052257994,H-norm2,0.015154656257675385,7.804554968959026e-05,1.093176808084739e-05,0.015076610707985796,6.711378160874288e-05,224.64254504207187,7.811487375342767
0.9508138540275303,H-norm2,0.015171273805148613,7.749557194457265e-05,1.0977487069332985e-05,0.015093778233204042,6.651808487523967e-05,226.9123992597458,7.82599163466773
0.9546633028292612,H-norm2,0.015200905840723568,7.708775293780813e-05,1.1021703098492259e-05,0.01512381808778576,6.606604983931588e-05,228.919666372812,7.838697599194127
0.958512751630992,H-norm2,0.015242790446943337,7.685096832722256e-05,1.1064972133925538e-05,0.015165939478616115,6.578599619329702e-05,230.5344656339092,7.848838644039029
0.9623622004327229,H-norm2,0.01529594582153643,7.680380591964125e-05,1.1108145478074414e-05,0.015219142015616787,6.569566044156683e-05,231.66129868126512,7.855873237584781
0.9662116492344539,H-norm2,0.015358406824130368,7.695295086411172e-05,1.1152078212105665e-05,0.015281453873266257,6.580087265200606e-05,232.23786034090497,7.859459375042664
0.9700610980361848,H-norm2,0.01542902321098001,7.730012028635821e-05,1.1197362830491226e-05,0.015351723090693652,6.610275745586698e-05,232.2402828799255,7.859474424125521
0.9739105468379157,H-norm2,0.015506684533726488,7.78148505805198e-05,1.1244199626099833e-05,0.015428869683145968,6.657065095441997e-05,231.76684412639898,7.8565303832298135
0.9777599956396466,H-norm2,0.015590331348797266,7.846292748530908e-05,1.1292277968440098e-05,0.015511868421311957,6.717064951686898e-05,230.93223800696413,7.8513257763396185
0.9816094444413774,H-norm2,0.015678960000885922,7.920149643771646e-05,1.13409902293748e-05,0.015599758504448205,6.786050620834166e-05,229.87978392844093,7.8447357880248685
0.9854588932431083,H-norm2,0.01577162303643401,7.99809616885648e-05,1.138956239203568e-05,0.015691642074745445,6.859139929652912e-05,228.76982006021677,7.837752930171967
0.9893083420448392,H-norm2,0.015867403383218685,8.074739681440965e-05,1.14373334408098e-05,0.015786655986404274,6.931006337359985e-05,227.76859835360358,7.831425051297176
0.9931577908465701,H-norm2,0.01596552559310672,8.144368327859515e-05,1.1483914399515118e-05,0.015884081909828127,6.995976887908003e-05,227.0459460391088,7.826840467094172
0.997007239648301,H-norm2,0.016065095408991502,8.202344130920914e-05,1.1529302146055616e-05,0.015983071967682293,7.049413916315353e-05,226.7290892181922,7.824825689713374
1.0008566884500318,H-norm2,0.016165362813005024,8.244158886593356e-05,1.1573891115159043e-05,0.01608292122413909,7.086769775077451e-05,226.94290536570054,7.826185577571539
1.0047061372517627,H-norm2,0.016265505625498156,8.26744933923613e-05,1.1618277909851352e-05,0.016182831132105793,7.105621548250995e-05,227.74687650074887,7.831287457686657
1.0085555860534936,H-norm2,0.016364602025125328,8.270724880148275e-05,1.1663132296234214e-05,0.016281894776323844,7.104411650524853e-05,229.18005849394982,7.840337706978172
1.0124050348552245,H-norm2,0.016461888369343494,8.253768700630079e-05,1.170895797128041e-05,0.016379350682337195,7.082872903502039e-05,231.2529238557793,7.85332779629261
1.0162544836569554,H-norm2,0.01655660224937388,8.21753230933701e-05,1.1756020978221488e-05,0.016474426926280508,7.04193021151486e-05,233.94760287941747,7.87004163611905
1.0201039324586862,H-norm2,0.016648000428789344,8.163650892202939e-05,1.1804214602443959e-05,0.016566363919867315,6.983229431958543e-05,237.2306979354257,7.890146898198423
1.0239533812604171,H-norm2,0.016735369179383834,8.096515871829856e-05,1.1853172993231661e-05,0.016654404020665536,6.91119857250669e-05,240.97707287587002,7.912752081367975
1.0278028300621482,H-norm2,0.016818032861467446,8.020186878555942e-05,1.1902364320497358e-05,0.016737830992681887,6.829950446506205e-05,245.06518932716358,7.937021758631554
1.0316522788638791,H-norm2,0.016895361011717406,7.939201975307891e-05,1.1951235774226248e-05,0.016815968991964327,6.744078397885267e-05,249.34420983654775,7.961994891526147
1.03550172766561,H-norm2,0.016966774006201325,7.858343724027929e-05,1.1999357390305613e-05,0.016888190568961046,6.658407984997368e-05,253.63706470095076,7.986621775760636
1.0393511764673409,H-norm2,0.01703174877048237,7.782957448009785e-05,1.2046530173370125e-05,0.016953919196002275,6.578304430672772e-05,257.72475832755543,8.009687326121155
1.0432006252690718,H-norm2,0.017089749275857265,7.717507296500484e-05,1.2092820087899494e-05,0.01701257420289226,6.508225287710535e-05,261.40112627964896,8.030121546954604
1.0470500740708026,H-norm2,0.017139575103662725,7.665757313389293e-05,1.2138493256224561e-05,0.017062917530528833,6.451907987766837e-05,264.4631256812874,8.046922769938906
1.0508995228725335,H-norm2,0.01718174362185476,7.630763333438288e-05,1.2183991030433829e-05,0.01710543598852038,6.412364230394905e-05,266.7570863713545,8.059382786361509
1.0547489716742644,H-norm2,0.017216078618028974,7.614713319463445e-05,1.2229769390791572e-05,0.01713993148483434,6.391736380384288e-05,268.157672106681,8.066937719854204
1.0585984204759953,H-norm2,0.017242495789022306,7.61999143055009e-05,1.2276215353211059e-05,0.017166295874716804,6.392369895228985e-05,268.5435316803093,8.069012161965897
1.0624478692777262,H-norm2,0.017260996322805287,7.645448542613494e-05,1.232354153355679e-05,0.017184541837379153,6.413094389257815e-05,267.9602200485921,8.065875031508725
1.066297318079457,H-norm2,0.0172716551622442,7.689747033598166e-05,1.2371791219015686e-05,0.01719475769190822,6.452567911696597e-05,266.47929827657,8.057879649836861
1.070146766881188,H-norm2,0.0172746052378082,7.750668422463679e-05,1.2420762876488668e-05,0.017197098553583562,6.508592134814812e-05,264.2214813491746,8.045603953013885
1.0739962156829188,H-norm2,0.017270021220867775,7.825173542407492e-05,1.2470143641861266e-05,0.0171917694854437,6.578159178221365e-05,261.34620673761344,8.029818409487497
1.0778456644846497,H-norm2,0.01725810411945598,7.909627930442508e-05,1.2519531243982222e-05,0.017179007840151556,6.657674806044285e-05,258.0331473167674,8.011412598050306
1.0816951132863806,H-norm2,0.017238747546092885,7.998743886146525e-05,1.2568560872533556e-05,0.01715876010723142,6.741887798893169e-05,254.50972515514738,7.991576974425553
1.0855445620881115,H-norm2,0.017211928545172023,8.087865811672262e-05,1.261696680834526e-05,0.0171310498870553,6.826169130837737e-05,250.9614039544447,7.971321694966429
1.0893940108898423,H-norm2,0.017178474392106614,8.172367834625732e-05,1.2664679282236343e-05,0.017096750713760357,6.905899906402097e-05,247.567311219076,7.951677023488884
1.0932434596915732,H-norm2,0.017138586077477275,8.247536438275945e-05,1.2711781594146577e-05,0.017056110713094517,6.976358278861288e-05,244.48444347784402,7.933598859322844
1.097092908493304,H-norm2,0.01709246592891943,8.308799496309419e-05,1.2758552823758813e-05,0.017009377933956335,7.032944213933537e-05,241.8528772097705,7.917985890724002
1.100942357295035,H-norm2,0.017040329681465818,8.35339267912662e-05,1.2805342058085482e-05,0.016956795754674552,7.072858473318072e-05,239.74459292014726,7.905354467561381
1.1047918060967659,H-norm2,0.016982416966972967,8.378956721395283e-05,1.2852509665291688e-05,0.016898627399759013,7.093705754866114e-05,238.2200218576441,7.896150863349634
1.108641254898497,H-norm2,0.01691899881510635,8.384037318607033e-05,1.2900325666789085e-05,0.01683515844192028,7.094004751928124e-05,237.31529693921541,7.89066128696513
1.1124907037002278,H-norm2,0.01685038104280727,8.367064884052008e-05,1.2948919868806972e-05,0.01676671039396675,7.072172897171311e-05,237.0800408552371,7.8892304010078815
1.1163401525019587,H-norm2,0.01677682508744977,8.329572522395707e-05,1.2998222917631037e-05,0.01669352936222581,7.029750230632603e-05,237.46973668399554,7.891599856827235
1.1201896013036896,H-norm2,0.016698327103114474,8.273739907579332e-05,1.3048039350017464e-05,0.01661558970403868,6.968935972577585e-05,238.42362405710423,7.897383381201736
1.1240390501054205,H-norm2,0.016615956698146816,8.202351930105128e-05,1.3098054327540807e-05,0.016533933178845765,6.892546497351047e-05,239.8813440750833,7.906177151253777
1.1278884989071514,H-norm2,0.016530254018302798,8.118933540194095e-05,1.3147959550899041e-05,0.016449064682900857,6.804137585104191e-05,241.75091225244492,7.917377523528941
1.1317379477088823,H-norm2,0.01644184402673949,8.028213558354893e-05,1.319752442835651e-05,0.01636156189115594,6.708461115519242e-05,243.89441347890318,7.930112902650164
1.1355873965106131,H-norm2,0.016351444781806647,7.935887322667435e-05,1.3246642700929674e-05,0.016272085908579974,6.611223052574469e-05,246.12822437209223,7.94326629587172
1.139436845312344,H-norm2,0.01625987076610259,7.847234965344172e-05,1.329536919937633e-05,0.01618139841644915,6.517698045406539e-05,248.26861115257205,7.955758061450222
1.143286294114075,H-norm2,0.016168030398294835,7.767522775455987e-05,1.3343875927814497e-05,0.016090355170540274,6.433135182674538e-05,250.116851482838,7.96645845133885
1.1471357429158058,H-norm2,0.016076917263134177,7.703079151969556e-05,1.3392401826898419e-05,0.01599988647161448,6.363838969279713e-05,251.41878273242068,7.973948622916984
1.1509851917175367,H-norm2,0.01598776415576431,7.657793905648118e-05,1.3441171268796272e-05,0.01591118621670783,6.313676778768491e-05,252.01141544359155,7.9773452752096485
1.1548346405192675,H-norm2,0.015902111949959177,7.634924796484757e-05,1.34903419647653e-05,0.01582576270199433,6.285890600008228e-05,251.76643548288314,7.9759421511872635
1.1586840893209984,H-norm2,0.015820921669985034,7.636743240952454e-05,1.3539947973024562e-05,0.01574455423757551,6.282748443649997e-05,250.59978731901325,7.969241380037311
1.1625335381227293,H-norm2,0.01574533144438002,7.665519471751315e-05,1.3589931947130862e-05,0.015668676249662505,6.30652627703823e-05,248.45177140879332,7.9568220178111515
1.1663829869244602,H-norm2,0.01567645964902487,7.720082069966428e-05,1.3640147334936862e-05,0.015599258828325205,6.356067336472742e-05,245.4231209731317,7.9391273594845595
1.170232435726191,H-norm2,0.015615389686078972,7.797552256548884e-05,1.3690441690002411e-05,0.015537414163513483,6.428508087548643e-05,241.69549064747778,7.9170467465306436
1.174081884527922,H-norm2,0.015563151764732852,7.894496522904716e-05,1.374069238626848e-05,0.015484206799503806,6.520427284277868e-05,237.4722717457414,7.891615257953875
1.1779313333296528,H-norm2,0.015520702383243743,8.006646868985918e-05,1.3790844125356038e-05,0.015440635914553883,6.627562456450314e-05,232.9760906217669,7.8640380943910495
1.1817807821313837,H-norm2,0.015488902586246772,8.12759066405391e-05,1.3840921665915727e-05,0.015407626679606233,6.743498497462338e-05,228.48120579257656,7.835931687990283
1.1856302309331146,H-norm2,0.015470471226804719,8.250338237359621e-05,1.3890997940025818e-05,0.015387967844431123,6.86123844335704e-05,224.27391164826153,7.809118000459007
1.1894796797348455,H-norm2,0.015464209355187702,8.368320124348419e-05,1.3941160252347277e-05,0.015380526153944217,6.974204099113691e-05,220.53450021485367,7.784860557101431
1.1933291285365766,H-norm2,0.015470447396014296,8.474449903081342e-05,1.3991477215192322e-05,0.015385702896983483,7.075302181562109e-05,217.456477506754,7.764582873640796
1.1971785773383075,H-norm2,0.015489358971246158,8.561756886622976e-05,1.4041958854378006e-05,0.015403741402379928,7.157561001185176e-05,215.20936251649576,7.749597032363979
1.2010280261400383,H-norm2,0.015520948806228703,8.625932018109168e-05,1.4092573732502816e-05,0.015434689486047612,7.216674644858887e-05,213.87536844332018,7.740626529823805
1.2048774749417692,H-norm2,0.01556506714391692,8.663321987032473e-05,1.414324806880967e-05,0.015478433924046596,7.248997180151506e-05,213.52517512943896,7.738262366848601
1.2087269237435,H-norm2,0.01562140824194165,8.670675899062288e-05,1.4193910598630583e-05,0.015534701482951028,7.251284839199229e-05,214.23377825365566,7.743042157617657
1.212576372545231,H-norm2,0.015689518617411174,8.64717799011954e-05,1.4244521183738026e-05,0.015603046837509979,7.222725871745738e-05,216.0271220945384,7.755068643158278
1.2164258213469619,H-norm2,0.015770482438840074,8.595891133219973e-05,1.4295089613061276e-05,0.015684523527507873,7.166382171913846e-05,218.86250483511657,7.773881005317681
1.2202752701486927,H-norm2,0.015861601173310143,8.520068933973384e-05,1.4345679800628472e-05,0.01577640048397041,7.085500953910537e-05,222.65751690095115,7.798682507653303
1.2241247189504236,H-norm2,0.01596198694594803,8.424006750530776e-05,1.4396389830705433e-05,0.015877746878442723,6.984367767460232e-05,227.3326291953902,7.828660959719914
1.2279741677521545,H-norm2,0.016070708680861637,8.314495585188999e-05,1.4447308152456952e-05,0.015987563725009746,6.869764769943304e-05,232.7235976835593,7.862473694179271
1.2318236165538854,H-norm2,0.01618677567031456,8.19964199062118e-05,1.4498502034226285e-05,0.01610477925040835,6.749791787198552e-05,238.59668206287753,7.898430170759605
1.2356730653556163,H-norm2,0.01630914671177243,8.086945254671699e-05,1.4549965987357012e-05,0.016228277259225713,6.631948655935998e-05,244.69847553328714,7.934861303258159
1.2395225141573472,H-norm2,0.016436738880516794,7.984457666659177e-05,1.4601655641270316e-05,0.016356894303850202,6.524292102532146e-05,250.70757174562922,7.969861758164017
1.243371962959078,H-norm2,0.01656843668769023,7.900347281186273e-05,1.4653476693600919e-05,0.016489433214878366,6.434999611826181e-05,256.2460638626029,8.00138603365323
1.247221411760809,H-norm2,0.01670333460341246,7.839871916918824e-05,1.470534140188258e-05,0.01662493588424327,6.369337776730565e-05,261.01513951701565,8.027989678840656
1.2510708605625398,H-norm2,0.01683962828324896,7.807399993913458e-05,1.475718845482504e-05,0.01676155428330983,6.331681148430955e-05,264.72517946459584,8.04835161377711
1.2549203093642707,H-norm2,0.016976220190038832,7.806613472608415e-05,1.4809005763258995e-05,0.01689815405531275,6.325712896282515e-05,267.1343820432228,8.06142186253174
1.2587697581660016,H-norm2,0.017112054120091046,7.838986177098359e-05,1.4860829124238587e-05,0.017033664258320064,6.3529032646745e-05,268.12409301171385,8.066757052164192
1.2626192069677324,H-norm2,0.017246117265875723,7.90132941991432e-05,1.4912721523580944e-05,0.01716710397167658,6.410057267556224e-05,267.81514197331626,8.065093721132422
1.2664686557694633,H-norm2,0.01737744282473922,7.990338258352417e-05,1.4964738096180244e-05,0.017297539442155698,6.493864448734393e-05,266.3674238769623,8.05727384468811
1.2703181045711942,H-norm2,0.01750511133073484,8.101513603253248e-05,1.5016908695676603e-05,0.017424096194702306,6.599822733685588e-05,264.00854837766286,8.044440833382689
1.2741675533729253,H-norm2,0.017628251525614834,8.228155559386626e-05,1.5069211854470025e-05,0.017545969970020968,6.721234373939623e-05,261.052791702255,8.028197776744278
1.2780170021746562,H-norm2,0.017745038561905027,8.361700381991515e-05,1.5121598873247117e-05,0.017661421558085113,6.849540494666804e-05,257.84826838875784,8.010378546751296
1.281866450976387,H-norm2,0.01785539856002898,8.494506703305944e-05,1.517401226696194e-05,0.01777045349299592,6.97710547660975e-05,254.69664393880964,7.992636139552771
1.285715899778118,H-norm2,0.017958699423338942,8.618705716031838e-05,1.522642852331454e-05,0.017872512366178622,7.096062863700385e-05,251.8651921420358,7.976507944661801
1.2895653485798488,H-norm2,0.018054327817352098,8.725982956594191e-05,1.527888093356469e-05,0.017967067987786155,7.198094863237723e-05,249.6086579734866,7.963524166437952
1.2934147973815797,H-norm2,0.01814173263442956,8.811270504936873e-05,1.5331466013944233e-05,0.018053619929380194,7.278123903542449e-05,248.05320943482477,7.954505813426406
1.2972642461833106,H-norm2,0.01822042600445414,8.870470763399544e-05,1.5384311982234897e-05,0.018131721296820145,7.332039565176054e-05,247.29437335469117,7.950085604489912
1.3011136949850415,H-norm2,0.018289982940960535,8.900726025667477e-05,1.5437546747652186e-05,0.01820097568070386,7.356971350902259e-05,247.39766967383517,7.9506881008980805
1.3049631437867724,H-norm2,0.018350040747042617,8.900127798272837e-05,1.5491223974037963e-05,0.018261039469059888,7.351005400869042e-05,248.41553601499263,7.956611592926067
1.3088125925885032,H-norm2,0.01839889342947331,8.872396732441525e-05,1.5545307207151303e-05,0.018310169462148897,7.317866011726395e-05,250.211870958119,7.9670064275843675
1.3126620413902341,H-norm2,0.01843742296511682,8.821010286905342e-05,1.5599636963608944e-05,0.01834921286224777,7.261046590544447e-05,252.7075488834167,7.981324950907448
1.316511490191965,H-norm2,0.018465735379572683,8.750783751851732e-05,1.5653978412420436e-05,0.018378227542054166,7.185385910609688e-05,255.77231022369335,7.9987162770386355
1.3203609389936959,H-norm2,0.018483773599817246,8.667684099927881e-05,1.570807635362439e-05,0.01839709675881797,7.096876464565441e-05,259.22808225103387,8.018078204022613
1.3242103877954268,H-norm2,0.018491553078260857,8.580013419969058e-05,1.5761736262883774e-05,0.018405752944061167,7.003839793680681e-05,262.7951735941766,8.037794969637073
1.3280598365971577,H-norm2,0.01848916536663057,8.494762912216113e-05,1.581490051814758e-05,0.01840421773750841,6.913272860401355e-05,266.21569998959853,8.056451846032889
1.3319092853988885,H-norm2,0.018476781279326237,8.418614160643461e-05,1.5867677714263763e-05,0.018392595137719802,6.831846389217084e-05,269.21851121754446,8.07263380151935
1.3357587342006194,H-norm2,0.01845465383754719,8.359198551316973e-05,1.5920336019432283e-05,0.01837106185203402,6.767164949373745e-05,271.4735341826438,8.084667747050883
1.3396081830023503,H-norm2,0.018422149563061804,8.320330912865317e-05,1.5973233645590432e-05,0.01833894625393315,6.723007548306274e-05,272.7789032239489,8.091588260122409
1.3434576318040812,H-norm2,0.01838039882143895,8.304969683644922e-05,1.6026729063252863e-05,0.018297349124602503,6.702296777319635e-05,273.00117754439293,8.092763363754257
1.347307080605812,H-norm2,0.018330438924411434,8.314488536196106e-05,1.608106269522534e-05,0.018247294039049473,6.706382266673572e-05,272.0884869585625,8.087932102043343
1.351156529407543,H-norm2,0.018272912096411967,8.350074765536038e-05,1.613630222796689e-05,0.018189411348756606,6.736444542739348e-05,270.01500915436844,8.07689579346098
1.3550059782092738,H-norm2,0.01820853691571583,8.407879429468215e-05,1.619228531474258e-05,0.018124458121421147,6.788650897993957e-05,266.98173751690365,8.060597249684195
1.358855427011005,H-norm2,0.018138105916023346,8.483822936047782e-05,1.6248687796480998e-05,0.018053267686662867,6.858954156399683e-05,263.20729480045344,8.040055663751367
1.3627048758127358,H-norm2,0.01806248351186584,8.573023988224096e-05,1.630508538362576e-05,0.017976753271983597,6.94251544986152e-05,258.93717344686894,8.016458285556064
1.3665543246144667,H-norm2,0.017982604084829674,8.669844581628337e-05,1.636107192343093e-05,0.01789590563901339,7.033737389285244e-05,254.4295393552067,7.991122367501119
1.3704037734161976,H-norm2,0.01789934078088653,8.767295500404043e-05,1.6416390755532894e-05,0.017811667825882487,7.125656424850753e-05,249.96529111008257,7.965583973383167
1.3742532222179284,H-norm2,0.017814036484082703,8.859354257717124e-05,1.6470955095622182e-05,0.01772544294150553,7.212258748154907e-05,245.76826151779682,7.941154808059172
1.3781026710196593,H-norm2,0.017728131261100722,8.940748671377881e-05,1.652493350678911e-05,0.017638723774386942,7.28825532069897e-05,242.01572253227985,7.918956964888399
1.3819521198213902,H-norm2,0.017642815304964938,9.006330138917486e-05,1.6578635447241216e-05,0.017552752003575763,7.348466594193364e-05,238.86278557006239,7.90003829155709
1.385801568623121,H-norm2,0.01755929738861202,9.052804893968694e-05,1.6632469225557717e-05,0.01746876933967233,7.389557971412922e-05,236.3980282345929,7.885074192007437
1.389651017424852,H-norm2,0.017478790771853034,9.079408264767082e-05,1.668683050966691e-05,0.017387996689205362,7.410725213800392e-05,234.63286233883167,7.87426127907038
1.3935004662265829,H-norm2,0.01740250089048844,9.086294110060527e-05,1.674196541311181e-05,0.017311637949387837,7.412097568749346e-05,233.5592292035742,7.86764464481714
1.3973499150283137,H-norm2,0.017331614730945466,9.074675611981852e-05,1.67979947024452e-05,0.017240867974825647,7.394876141737332e-05,233.14613584285303,7.865090708465823
1.4011993638300446,H-norm2,0.01726741225980462,9.047612320805432e-05,1.6854811520405483e-05,0.017176936136596568,7.362131168764884e-05,233.31472562554566,7.866133555461646
1.4050488126317755,H-norm2,0.01721222159574586,9.010313744231781e-05,1.691220858225891e-05,0.01712211845830354,7.31909288600589e-05,233.93771229548184,7.869980642127853
1.4088982614335064,H-norm2,0.01716613890359228,8.967682727544696e-05,1.696988005734326e-05,0.017076462076316832,7.27069472181037e-05,234.86699317867757,7.875700169521975
1.4127477102352373,H-norm2,0.017130115160005985,8.924978619378572e-05,1.702753775013289e-05,0.0170408653738122,7.222224844365283e-05,235.9503579718559,7.8823395500345175
1.4165971590369681,H-norm2,0.017105012280115694,8.88816064398399e-05,1.7084957202974426e-05,0.017016130673675856,7.179664923686548e-05,237.0045239512176,7.888770787377988
1.420446607838699,H-norm2,0.017091591256086253,8.861764187247772e-05,1.714201757211061e-05,0.017002973614213775,7.147562430036712e-05,237.88492623388592,7.894120046924032
1.42429605664043,H-norm2,0.017090501797037947,8.849421381465622e-05,1.719871076421058e-05,0.017002007583223292,7.129550305044563e-05,238.47237000618964,7.897678311501547
1.4281455054421608,H-norm2,0.01710227374971967,8.853668073548584e-05,1.7255119157561954e-05,0.017013737068984184,7.128156157792389e-05,238.68356265434832,7.89895540599084
1.4319949542438917,H-norm2,0.017127310748033323,8.87695428846683e-05,1.7311380001871015e-05,0.017038541205148656,7.145816288279728e-05,238.44079553366865,7.897487281610646
1.4358444030456226,H-norm2,0.01716727815088814,8.917919540637742e-05,1.7367651136455015e-05,0.017078098955481763,7.18115442699224e-05,237.8182941072716,7.893715888048714
1.4396938518473537,H-norm2,0.017221603840505806,8.974649149856767e-05,1.7424084923518553e-05,0.017131857349007237,7.232240657504912e-05,236.8817377672502,7.8880231690696565
1.4435433006490845,H-norm2,0.017289488371532324,9.04429256131122e-05,1.74808015174362e-05,0.01719904544591921,7.296212409567599e-05,235.72566806533652,7.880965051351104
1.4473927494508154,H-norm2,0.017370693334996336,9.123258819354905e-05,1.7537905519105704e-05,0.017279460746802786,7.369468267444335e-05,234.47364341247308,7.873281951939003
1.4512421982525463,H-norm2,0.01746483291804598,9.206387425079656e-05,1.7595445732400906e-05,0.017372769043795182,7.446842851839565e-05,233.29039419038708,7.865983094871387
1.4550916470542772,H-norm2,0.01757137343743915,9.288656933781445e-05,1.7653466304824145e-05,0.017478486868101335,7.52331030329903e-05,232.3244178887169,7.859996982817883
1.458941095856008,H-norm2,0.017689635287757507,9.365448756145607e-05,1.771193877061277e-05,0.017595980800196052,7.594254879084331e-05,231.7012146729222,7.856121797197173
1.462790544657739,H-norm2,0.01781901353575146,9.432261153826742e-05,1.777082075210524e-05,0.01772469092421319,7.655179078616219e-05,231.53855373187662,7.85510862795462
1.4666399934594698,H-norm2,0.017960917500466057,9.487312738072408e-05,1.78301993517422e-05,0.017866044373085335,7.704292802898188e-05,231.89726598091542,7.857342000793456
1.4704894422612007,H-norm2,0.01813049718685217,9.528063661034918e-05,1.789011849431046e-05,0.018035216550241824,7.739051811603872e-05,233.04168248621835,7.864444212198791
1.4743388910629316,H-norm2,0.018284981850747815,9.546800027419961e-05,1.7949233824191306e-05,0.018189513850473616,7.75187664500083e-05,234.64658538141208,7.874345655940402
1.4781883398646625,H-norm2,0.01844507770315696,9.548598297241035e-05,1.8008235112572343e-05,0.01834959172018455,7.7477747859838e-05,236.83692707976084,7.887750230038076
1.4820377886663934,H-norm2,0.0186098545378373,9.535410553228164e-05,1.806691304529149e-05,0.018514500432305018,7.728719248699015e-05,239.5545734879888,7.904210546912135
1.4858872374681242,H-norm2,0.018777282921464918,9.509394413538553e-05,1.8125443389468143e-05,0.018682188977329532,7.696850074591739e-05,242.72512516518628,7.923179643443364
1.4897366862698551,H-norm2,0.018945884495620118,9.474934623156501e-05,1.81837210807325e-05,0.01885113514938855,7.65656251508325e-05,246.2088582474479,7.943738858663556
1.493586135071586,H-norm2,0.01911423141171475,9.436475387182584e-05,1.8241848773410656e-05,0.019019866657842926,7.612290509841519e-05,249.85734100995185,7.9649607960136946
1.4974355838733169,H-norm2,0.01928082843798235,9.39894968239288e-05,1.83000359430817e-05,0.019186838941158423,7.568946088084709e-05,253.4941948042541,7.985808898648266
1.5012850326750478,H-norm2,0.019444129903378658,9.367289063388967e-05,1.83585086524606e-05,0.01935045701274477,7.531438198142906e-05,256.9291084074245,8.00522653729681
1.5051344814767786,H-norm2,0.019602579680081583,9.345555794492834e-05,1.8417484420307246e-05,0.019509124122136654,7.503807352462109e-05,259.9896719861208,8.022310503527091
1.5089839302785095,H-norm2,0.019754665806776765,9.336511544780958e-05,1.847711093168948e-05,0.019661300691328955,7.48880045161201e-05,262.54272387638184,8.036408403064492
1.5128333790802404,H-norm2,0.019898799607318707,9.342377630325333e-05,1.8537402508928473e-05,0.019805375831015454,7.488637379432487e-05,264.47235762023735,8.046973130986567
1.5166828278819713,H-norm2,0.02003248614321817,9.36460455253403e-05,1.859818278026885e-05,0.01993884009769283,7.504786274507144e-05,265.6816512606451,8.053554784372597
1.5205322766837024,H-norm2,0.02015569225918609,9.404009389536948e-05,1.8659309370946262e-05,0.020061652165290718,7.538078452442322e-05,266.13748174497687,8.05602789787852
1.5243817254854333,H-norm2,0.02026750815301549,9.458309660096221e-05,1.8720544462731824e-05,0.020172925056414527,7.586255213823039e-05,265.91413665674094,8.054816666264943
1.5282311742871642,H-norm2,0.020367155120526576,9.52533455600103e-05,1.878167083515544e-05,0.020271901774966565,7.647167472485487e-05,265.09033374651307,8.050340254509432
1.532080623088895,H-norm2,0.02045399696086051,9.602151429343073e-05,1.8842559034776407e-05,0.02035797544656708,7.717895525865432e-05,263.77625064164465,8.043170865721526
1.535930071890626,H-norm2,0.02052755404579461,9.685219242641198e-05,1.8903141791817408e-05,0.020430701853368198,7.794905063459456e-05,262.103280117447,8.033991598303945
1.5397795206923568,H-norm2,0.020588887372106738,9.769954363355565e-05,1.8963446755492055e-05,0.020491187828473183,7.87360968780636e-05,260.2515065003453,8.02376270455508
0.0,M-norm2,0.0,0.0,0.0,0.0,0.0,nan,nan
0.003849448801730892,M-norm2,4.286934103212821e-05,9.170903463247676e-07,9.769938998247548e-09,4.195225068580344e-05,9.0732040732652e-07,46.23752573737269,5.530992293289774
0.007698897603461784,M-norm2,8.573868206425642e-05,1.8341806926495351e-06,2.2973054489136348e-08,8.390450137160688e-05,1.8112076381603987e-06,46.32516979490365,5.533724359036644
0.011548346405192676,M-norm2,0.0001286080230963846,2.7512710389743026e-06,6.954699944811627e-08,0.0001258567520574103,2.6817240395261863e-06,46.931283831742434,5.552478021529998
0.015397795206923567,M-norm2,0.00017147736412851284,6.725957691191962e-06,1.8060734013827094e-07,0.00016475140643732087,6.545350351053691e-06,25.17075444415266,4.653676553997525
0.01924724400865446,M-norm2,0.0003377965032547132,1.32515310263841e-05,3.3500490915255015e-07,0.0003245449722283291,1.291652611723155e-05,25.126335771919617,4.651128390096282
0.02309669281038535,M-norm2,0.000561028842267019,2.3028526779068348e-05,5.069729976954633e-07,0.0005380003154879507,2.2521553781372884e-05,23.888241491265127,4.578228750054236
0.026946141612116243,M-norm2,0.0007842611812793247,3.377700043778662e-05,6.70243326083709e-07,0.0007504841808415381,3.310675711170291e-05,22.668610468533306,4.502624054929641
0.030795590413847135,M-norm2,0.001047097881282796,4.6766455361224346e-05,8.006203087814119e-07,0.0010003314259215716,4.5965835052442936e-05,21.762498707578843,4.443772307085639
0.03464503921557803,M-norm2,0.0014233507653048344,6.011658773549698e-05,8.796662435227064e-07,0.0013632341775693373,5.923692149197427e-05,23.01325158759365,4.524392934072006
0.03849448801730892,M-norm2,0.001799603649326872,7.398257958893083e-05,8.899708914614983e-07,0.0017256210697379412,7.309260869746933e-05,23.60869451082661,4.561246362001177
0.04234393681903981,M-norm2,0.0021758565333489096,8.726661268899526e-05,8.400852309067835e-07,0.0020885899206599143,8.642652745808847e-05,24.166074723674992,4.594911251210564
0.0461933856207707,M-norm2,0.0026445972069309527,0.0001002684610021186,7.424084736875739e-07,0.002544328745928834,9.952605252843102e-05,25.564449521415618,4.676067055734273
0.0500428344225016,M-norm2,0.00312860849697181,0.00011099925490632584,6.154223225013388e-07,0.003017609242065484,0.00011038383258382449,27.337420448542034,4.772805211947255
0.053892283224232486,M-norm2,0.0036126197870126656,0.0001205736294778479,4.811781161857484e-07,0.0034920461575348176,0.00012009245136166215,29.077982154085706,4.861855252820949
0.057741732025963374,M-norm2,0.004122493552410232,0.00012785049590541853,3.640657730941302e-07,0.003994643056504813,0.0001274864301323244,31.3338686506366,4.969650998606106
0.06159118082769427,M-norm2,0.004660095739940489,0.0001324328644516526,2.851993776144329e-07,0.004527662875488836,0.00013214766507403818,34.26214812764288,5.098543701532389
0.06544062962942516,M-norm2,0.005197697927470745,0.00013559853380387996,2.535241460230139e-07,0.005062099393666865,0.00013534500965785694,37.40144839077193,5.2250222352067786
0.06929007843115606,M-norm2,0.005735084270586574,0.00013458866043020314,2.715214508200912e-07,0.00560049561015637,0.00013431713897938305,41.6960609250024,5.38183919192923
0.07313952723288694,M-norm2,0.006271054524228265,0.00013227411757793666,3.340645351227751e-07,0.006138780406650328,0.0001319400530428139,46.52704213070404,5.539997568270833
0.07698897603461784,M-norm2,0.006807024777869958,0.00012728511242453912,4.3075807273123726e-07,0.006679739665445419,0.00012685435435180788,52.65676294343318,5.718546929811045
0.08083842483634873,M-norm2,0.007342995031511651,0.00012023676856730824,5.43275267100413e-07,0.007222758262944343,0.00011969349330020783,60.343783641009345,5.915133253237819
0.08468787363807961,M-norm2,0.007837715453096574,0.00011209496653171376,6.522610965695022e-07,0.00772562048656486,0.00011144270543514425,69.32369827526217,6.115276716221272
0.08853732243981051,M-norm2,0.008322372464390115,0.00010183322327736831,7.429473368682206e-07,0.008220539241112747,0.00010109027594050009,81.31879317404582,6.3455168996575795
0.0923867712415414,M-norm2,0.008807029475683655,9.122892543100531e-05,8.046152706404273e-07,0.00871580055025265,9.042431016036488e-05,96.38780251456087,6.590778685687643
0.0962362200432723,M-norm2,0.009246515325147843,7.99886737320618e-05,8.284317430756183e-07,0.009166526651415782,7.916024198898619e-05,115.79710244810961,6.855455343481465
0.1000856688450032,M-norm2,0.009640270628910924,6.886663390420655e-05,8.17352746597225e-07,0.009571403995006719,6.804928115760933e-05,140.6540059231241,7.136006831962531
0.10393511764673408,M-norm2,0.010034025932674006,5.786160988873212e-05,7.798808727020573e-07,0.009976164322785273,5.708172901603006e-05,174.769834319204,7.449312383573822
0.10778456644846497,M-norm2,0.010403320684844565,4.796406291231588e-05,7.259453070419574e-07,0.01035535662193225,4.723811760527392e-05,219.21611501251104,7.776210047352684
0.11163401525019587,M-norm2,0.010679135682036022,3.8882261505346414e-05,6.670464770507386e-07,0.010640253420530677,3.821521502829568e-05,278.42976711376133,8.121169648704509
0.11548346405192675,M-norm2,0.010954950679227478,3.093718484454205e-05,6.164985570075979e-07,0.010924013494382935,3.0320686287534452e-05,360.2825276047282,8.492984877761373
0.11933291285365764,M-norm2,0.011230765676418935,2.491368017992746e-05,5.827869088565222e-07,0.011205851996239007,2.4330893271070938e-05,460.56064902321503,8.847247340192693
0.12318236165538854,M-norm2,0.011383893677074909,1.9825212081104385e-05,5.707948669481876e-07,0.011364068464993805,1.9254417214156197e-05,590.2057869941,9.205074256303302
0.12703181045711942,M-norm2,0.011528024916950387,1.7000282573878498e-05,5.817748520902499e-07,0.011511024634376508,1.6418507721788248e-05,701.1005402824006,9.453477536387322
0.13088125925885033,M-norm2,0.011672156156825864,1.553226798220957e-05,6.151880330354295e-07,0.011656623888843655,1.491707994917414e-05,781.4279958651696,9.609969133000853
0.1347307080605812,M-norm2,0.011727480320913192,1.530902803594791e-05,6.638178264302123e-07,0.011712171292877244,1.4645210209517698e-05,799.7270865573294,9.643363942218924
0.13858015686231212,M-norm2,0.01173877542460924,1.7149604753926188e-05,7.196271094090405e-07,0.011721625819855313,1.642997764451715e-05,713.4292007857321,9.478626456555906
0.142429605664043,M-norm2,0.01175007052830529,1.9729205126227256e-05,7.754562151483209e-07,0.011730341323179062,1.8953748911078937e-05,618.89293660118,9.273546046396962
0.14627905446577388,M-norm2,0.011710304909470932,2.3651884773409988e-05,8.243526803946369e-07,0.011686653024697522,2.282753209301535e-05,511.95429173324186,8.999871199153407
0.1501285032675048,M-norm2,0.011598321837999009,2.8392146589622763e-05,8.604196197619007e-07,0.011569929691409386,2.7531726969860863e-05,420.23988193966375,8.715069274075674
0.15397795206923567,M-norm2,0.011486338766527087,3.359548818592251e-05,8.825212212402897e-07,0.011452743278341164,3.271296696468222e-05,350.0979685121758,8.451614880144648
0.15782740087096656,M-norm2,0.011356981626586972,3.943116757741959e-05,8.908082194522964e-07,0.011317550459009552,3.854035935796729e-05,293.65451302336965,8.197975999809632
0.16167684967269746,M-norm2,0.01113953310215342,4.5284824373591745e-05,8.872009875569224e-07,0.011094248277779828,4.4397623386034825e-05,249.8838323239955,7.965113750740952
0.16552629847442835,M-norm2,0.01092208457771987,5.1165131569235564e-05,8.743924860610281e-07,0.010870919446150635,5.029073908317454e-05,216.16145724507064,7.755965495463017
0.16937574727615923,M-norm2,0.010704636053286322,5.6655194441755305e-05,8.58214162522216e-07,0.010647980858844566,5.579698027923309e-05,190.83435708451066,7.576177121774687
0.17322519607789014,M-norm2,0.01041194968808879,6.188365849647782e-05,8.426819538845456e-07,0.010350066029592311,6.104097654259327e-05,169.55931270808264,7.405646213470448
0.17707464487962102,M-norm2,0.010112516610586118,6.631637838103216e-05,8.312245229491463e-07,0.010046200232205087,6.548515385808301e-05,153.41187491101934,7.2612663493572365
0.18092409368135193,M-norm2,0.009813083533083444,5.839842257952854e-05,8.273176748291138e-07,0.009754685110503916,5.7571104904699424e-05,169.4371703765522,7.404606591218303
0.1847735424830828,M-norm2,0.008433089895797836,3.9962603995373527e-05,7.578957967056392e-07,0.008393127291802463,3.920470819866789e-05,214.0846770053921,7.742037729078527
0.1886229912848137,M-norm2,0.0073914203783456076,3.6733056576318014e-05,8.080991925084118e-07,0.0073546873217692895,3.5924957383809603e-05,204.7236199390412,7.677533752336677
0.1924724400865446,M-norm2,0.007466861754247441,4.1936258104994456e-05,8.308371339239039e-07,0.007424925496142447,4.110542097107055e-05,180.6312968152792,7.496904070679855
0.19632188888827548,M-norm2,0.007099858659971245,4.440431829492175e-05,8.566644613491274e-07,0.007055454341676323,4.354765383357262e-05,162.01686475786653,7.340000184589395
0.2001713376900064,M-norm2,0.0067429289762586326,4.6313735265077225e-05,8.834878805343505e-07,0.006696615240993555,4.5430247384542874e-05,147.4043313986444,7.203635107664514
0.20402078649173727,M-norm2,0.006397980838472423,4.75035465882888e-05,9.074775826940717e-07,0.006350477291884134,4.659606900559473e-05,136.28783344624287,7.09051296680987
0.20787023529346815,M-norm2,0.006064923631968571,4.783276924030107e-05,9.279348147320857e-07,0.00601709086272827,4.690483442556898e-05,128.28295710704407,7.003185705250149
0.21171968409519906,M-norm2,0.005744448495847961,4.719565961491734e-05,9.463486994429958e-07,0.005697252836233044,4.624931091547434e-05,123.18568046657808,6.944690751647393
0.21556913289692994,M-norm2,0.00543742378047229,4.559658531973689e-05,9.645179663595263e-07,0.005391827195152553,4.463206735337736e-05,120.80612695939901,6.91654981587632
0.21941858169866083,M-norm2,0.005144290880508908,4.313999777512459e-05,9.82742121161729e-07,0.005101150882733783,4.215725565396286e-05,121.00291642808266,6.918898009717789
0.22326803050039173,M-norm2,0.004865532344915367,4.000816293741295e-05,9.996395081074098e-07,0.004825524181977954,3.9008523429305545e-05,123.70435376061249,6.95075246646986
0.22711747930212262,M-norm2,0.00460174842559793,3.6393421874104256e-05,1.0132637565661032e-06,0.004565355003723826,3.538015811753815e-05,129.0371566050394,7.011642743261536
0.2309669281038535,M-norm2,0.0043558660069606915,3.2576279727888925e-05,1.0227122745736548e-06,0.004323289727232803,3.155356745331527e-05,137.01429271442217,7.098182586264804
0.2348163769055844,M-norm2,0.004127083506518954,2.8809781668775983e-05,1.0291224961986996e-06,0.004098273724850178,2.7780659172577282e-05,147.52255154894405,7.204791703713004
0.2386658257073153,M-norm2,0.003916514126386494,2.53473238566318e-05,1.0352881139367069e-06,0.0038911668025298626,2.4312035742695093e-05,160.05104811920248,7.322388314402202
0.2425152745090462,M-norm2,0.0037255430021260884,2.237228129495334e-05,1.044439027963183e-06,0.0037031707208311352,2.1327842266990156e-05,173.63081902395075,7.439879234946517
0.24636472331077708,M-norm2,0.0035556766964283857,2.0052742450345917e-05,1.058743567556778e-06,0.0035356239539780397,1.8993998882789138e-05,186.14426460674076,7.540277354979003
0.25021417211250796,M-norm2,0.0034104857502611215,1.8465477744420728e-05,1.0783415587471145e-06,0.0033920202725167005,1.7387136185673613e-05,195.08792226011352,7.6079806543705795
0.25406362091423884,M-norm2,0.003291179635279142,1.7613945875978097e-05,1.1016527635140853e-06,0.0032735656894031643,1.6512293112464012e-05,198.25021679951715,7.6311786333857805
0.2579130697159698,M-norm2,0.0031980192800403653,1.7513496119632613e-05,1.1262878987255878e-06,0.0031805057839207327,1.6387208220907026e-05,194.08466293013836,7.600542306853281
0.26176251851770066,M-norm2,0.0031306554829864442,1.804578774986381e-05,1.1501111737076793e-06,0.0031126096952365802,1.6895676576156133e-05,184.2252176884838,7.525326748185333
0.26561196731943154,M-norm2,0.0030950290126079533,1.9135156110496646e-05,1.1719328869265736e-06,0.003075893856497457,1.796322322357007e-05,171.2328471463566,7.419815666453434
0.2694614161211624,M-norm2,0.0030907451424223623,2.066304341146683e-05,1.1914351439352303e-06,0.0030700820990108954,1.94716082675316e-05,157.66967252161587,7.300761376787534
0.2733108649228933,M-norm2,0.0031147497469183787,2.2506603438721078e-05,1.2087301189175552e-06,0.0030922431434796576,2.1297873319803524e-05,145.19023082949693,7.181800574182871
0.27716031372462424,M-norm2,0.0031711276847742067,2.4572428887014385e-05,1.223842758221991e-06,0.003146555255887192,2.3348586128792393e-05,134.76427388496154,7.0742942773902655
0.2810097625263551,M-norm2,0.003259378780328419,2.675188005837784e-05,1.2366352026090946e-06,0.003232626900270041,2.5515244855768743e-05,126.69393997758074,6.985203708938684
0.284859211328086,M-norm2,0.003376571338922886,2.896518237043119e-05,1.2471085030759165e-06,0.003347606156552455,2.7718073867355274e-05,120.77340483947081,6.916158987728878
0.2887086601298169,M-norm2,0.003521398040658605,3.113688006436049e-05,1.2558473744744875e-06,0.0034902611605942446,2.9881032689886006e-05,116.80523885560395,6.867961172053468
0.29255810893154777,M-norm2,0.003692147320748719,3.320400928241031e-05,1.2641278885101108e-06,0.003658943311466309,3.19398813939002e-05,114.55719782870217,6.839924298312869
0.29640755773327865,M-norm2,0.0038857948280663504,3.508939377167731e-05,1.2736534944600573e-06,0.003850705434294673,3.381574027721725e-05,113.87316683671764,6.831284019065594
0.3002570065350096,M-norm2,0.004103999506491583,3.675770031411346e-05,1.2862095500383123e-06,0.0040672418061774695,3.547149076407515e-05,114.66227436645246,6.841246990570146
0.30410645533674047,M-norm2,0.004340284130054154,3.8144753074973664e-05,1.3026083267063365e-06,0.0043021393769791805,3.6842144748267325e-05,116.77222936869083,6.867553404782498
0.30795590413847135,M-norm2,0.0045916541275042395,3.918709532832065e-05,1.3226452274631848e-06,0.004552467032175919,3.7864450100857466e-05,120.23063903079965,6.909660782538433
0.31180535294020223,M-norm2,0.004854936558794497,3.9860749411714984e-05,1.3451294492160527e-06,0.0048150758093827815,3.851561996249893e-05,125.01618341003005,6.965971054375225
0.3156548017419331,M-norm2,0.005126836974901651,4.01296482664813e-05,1.3682569019738047e-06,0.00508670732663517,3.8761391364507496e-05,131.2312883405134,7.035967920036776
0.31950425054366405,M-norm2,0.005404136179134192,3.997724364129133e-05,1.3902391481708353e-06,0.005364158935492901,3.85870044931205e-05,139.0146502937084,7.119093121589119
0.32335369934539493,M-norm2,0.005682845792109159,3.943180255107231e-05,1.4097190066376732e-06,0.005643413989558087,3.802208354443464e-05,148.42463809125275,7.213586785114141
0.3272031481471258,M-norm2,0.005959471909419124,3.8517201705055115e-05,1.4259684280784651e-06,0.005920954707714069,3.709123327697665e-05,159.63218757110826,7.318607769701116
0.3310525969488567,M-norm2,0.006230893552781907,3.729000496002536e-05,1.4389917374675595e-06,0.006193603547821882,3.58510132225578e-05,172.75951196617248,7.432621335923052
0.3349020457505876,M-norm2,0.006494163830067156,3.5834843578510366e-05,1.4493316003001678e-06,0.006458328986488646,3.43855119782102e-05,187.82122513055015,7.553216296750994
0.33875149455231846,M-norm2,0.006746549666691253,3.423475724341199e-05,1.4580177578676368e-06,0.00671231490944784,3.277673948554435e-05,204.78897580426502,7.677994244074573
0.3426009433540494,M-norm2,0.006984455441711664,3.2587392581191695e-05,1.4664386583827417e-06,0.006951868049130472,3.1120953922808956e-05,223.38222878301158,7.803370606274428
0.3464503921557803,M-norm2,0.0072057039110550265,3.098692044275171e-05,1.4760804410157466e-06,0.007174716990612275,2.9510840001735965e-05,243.12140861426596,7.925533128561854
0.35029984095751115,M-norm2,0.007409220708222791,2.9519307371445783e-05,1.4882712438179191e-06,0.007379701400851346,2.8031036127627863e-05,263.2689482918467,8.040393560049102
0.35414928975924204,M-norm2,0.0075935880130616066,2.826120920909348e-05,1.5037719939641501e-06,0.007565326803852513,2.675743721512933e-05,282.7373467431659,8.143318650950546
0.3579987385609729,M-norm2,0.007757753894033451,2.7256209967891362e-05,1.5226639188837237e-06,0.00773049768406556,2.573354604900764e-05,300.40545789310954,8.230767214357245
0.36184818736270385,M-norm2,0.007901038130136324,2.6535190085490926e-05,1.5441598561221524e-06,0.007874502940050834,2.4991030229368774e-05,315.0931701405784,8.299634673069859
0.36569763616443474,M-norm2,0.00802288005744498,2.6120856602454785e-05,1.5668881329007356e-06,0.007996759200842526,2.455396846955405e-05,325.6809265173648,8.347315420639745
0.3695470849661656,M-norm2,0.00812146751739637,2.5986316036341308e-05,1.5891871045383767e-06,0.00809548120136003,2.439712893180293e-05,331.82106074814186,8.37426164711321
0.3733965337678965,M-norm2,0.008199420764423239,2.6104353098091577e-05,1.6095571838996274e-06,0.008173316411325147,2.449479591419195e-05,333.67562807860094,8.382302504601189
0.3772459825696274,M-norm2,0.008257468774334746,2.6442231222377046e-05,1.6269525188598506e-06,0.008231026543112368,2.4815278703517196e-05,331.69188391769876,8.373699901403407
0.3810954313713583,M-norm2,0.008296591127732136,2.6946104162879378e-05,1.6411412997756232e-06,0.008269645023569257,2.5304962863103756e-05,326.79933451421596,8.35226123539413
0.3849448801730892,M-norm2,0.008317980061228764,2.7563189313753584e-05,1.6526264050967335e-06,0.00829041687191501,2.5910562908656852e-05,319.9628237001806,8.321760478702602
0.3887943289748201,M-norm2,0.008322996923596771,2.8246470844230016e-05,1.6625613135482594e-06,0.00829475045275254,2.6583909530681757e-05,312.0214670900521,8.285501479756324
0.39264377777655096,M-norm2,0.008313124503727065,2.8953468781604838e-05,1.6723998016707003e-06,0.00828417103494546,2.728106897993414e-05,303.6600596933595,8.24631335355953
0.39649322657828184,M-norm2,0.008288821141295902,2.9648552118342966e-05,1.683540330782383e-06,0.00825917258917756,2.7965011787560583e-05,295.33949965475824,8.206230509826423
0.4003426753800128,M-norm2,0.008252941550809573,3.030845397615205e-05,1.696961556021249e-06,0.008222633096833422,2.86114924201308e-05,287.38917131942577,8.16686189256481
0.40419212418174366,M-norm2,0.00820716198508269,3.091848458685499e-05,1.7131017753524673e-06,0.008176243500495835,2.920538281150252e-05,279.95673103369245,8.12906005713475
0.40804157298347454,M-norm2,0.008153086077006997,3.1470562196777544e-05,1.7317102313193948e-06,0.00812161551481022,2.973885196545815e-05,273.09781575440513,8.093273965200188
0.4118910217852054,M-norm2,0.008091850940088295,3.1966243188865406e-05,1.7520467429527641e-06,0.008059884696899429,3.0214196445912643e-05,266.7582012756048,8.059388816055016
0.4157404705869363,M-norm2,0.008024997340255437,3.240926536126823e-05,1.7729768403068109e-06,0.007992588074894169,3.063628852096142e-05,260.8863038166527,8.027277396350723
0.4195899193886672,M-norm2,0.007953590639647467,3.2801906680748655e-05,1.793258103636734e-06,0.007920788732966718,3.1008648577111924e-05,255.43805023522387,7.996829635711479
0.4234393681903981,M-norm2,0.007878558694458082,3.314558797142408e-05,1.8118315063436884e-06,0.007845413106486659,3.1333756465080395e-05,250.3821434633892,7.96798786683993
0.427288816992129,M-norm2,0.007800699159078052,3.343937805254144e-05,1.8279863978442875e-06,0.007767259781025511,3.161139165469715e-05,245.71078255175047,7.940817358800046
0.4311382657938599,M-norm2,0.0077208122968386176,3.3676575723283345e-05,1.8416919205361755e-06,0.0076871357211153344,3.183488380274717e-05,241.46894233212117,7.91569383173506
0.43498771459559077,M-norm2,0.007639279037153381,3.384628155976348e-05,1.8534437686395197e-06,0.007605432755593618,3.199283779112396e-05,237.7229805385897,7.893137564264682
0.43883716339732165,M-norm2,0.007556283212082993,3.3931018989406216e-05,1.8642220163169247e-06,0.007522352193093587,3.206679697308929e-05,234.58383446923008,7.873959788245018
0.4426866121990526,M-norm2,0.007471822705828887,3.391805251146963e-05,1.8751431257785286e-06,0.007437904653317417,3.20429093856911e-05,232.12326208552227,7.858747298470759
0.44653606100078347,M-norm2,0.007385727310656852,3.379510644726829e-05,1.8871902709836305e-06,0.0073519322042095835,3.1907916176284657e-05,230.4109163253305,7.848065259659723
0.45038550980251435,M-norm2,0.007298243290371811,3.3544739036415096e-05,1.9009182025789716e-06,0.007264698551335396,3.1643820833836125e-05,229.57716103509833,7.842835315671994
0.45423495860424523,M-norm2,0.00720769726739179,3.3182239363169675e-05,1.9165489538259874e-06,0.0071745150280286205,3.126569040934369e-05,229.46926596204418,7.842157128540831
0.4580844074059761,M-norm2,0.0071141424711917475,3.27054313293721e-05,1.9337788649303857e-06,0.007081437039862375,3.0771652464441715e-05,230.12859150301898,7.8462964269530024
0.461933856207707,M-norm2,0.007017039133276663,3.213245533141126e-05,1.952054558169423e-06,0.006984906677945252,3.0180400773241836e-05,231.43849978752175,7.854485066460624
0.46578330500943793,M-norm2,0.006915885451421679,3.14860325302008e-05,1.9706178396708796e-06,0.006884399418891478,2.951541469052992e-05,233.2475925232503,7.86571838007923
0.4696327538111688,M-norm2,0.0068102658263601,3.079428365787952e-05,1.9887050291925997e-06,0.006779471542702221,2.8805578628686916e-05,235.35272907000999,7.878680771898735
0.4734822026128997,M-norm2,0.006699894025300847,3.0088597365631872e-05,2.005671757618406e-06,0.006669805427935215,2.8082925608013467e-05,237.5039381948149,7.8918076256057805
0.4773316514146306,M-norm2,0.006584648529783948,2.9402741295599744e-05,2.021183442245364e-06,0.006555245788488348,2.738155785335438e-05,239.40368271213237,7.9033015349954265
0.48118110021636146,M-norm2,0.006464609086827933,2.8768842963036288e-05,2.0352616591923046e-06,0.006435840243864897,2.6733581303843982e-05,240.7399207280731,7.911331586514165
0.4850305490180924,M-norm2,0.006340084988628944,2.8215381975176343e-05,2.0482454519420547e-06,0.0063118696066537675,2.616713652323429e-05,241.21361544658663,7.914167533094318
0.4888799978198233,M-norm2,0.006211631500708693,2.7767565186709686e-05,2.0607122884571895e-06,0.006183863935521983,2.5706852898252496e-05,240.5531303266745,7.910211763160294
0.49272944662155416,M-norm2,0.006080020863902854,2.7446714978968786e-05,2.0732755893866045e-06,0.006052574148923885,2.5373439389582182e-05,238.5397602584752,7.89808594718733
0.49657889542328504,M-norm2,0.005946380996688846,2.7269901765648054e-05,2.086455581888048e-06,0.005919111094923198,2.5183446183760006e-05,235.03975793194826,7.876761004946984
0.5004283442250159,M-norm2,0.0058121886146404005,2.724967712473091e-05,2.1006041132943853e-06,0.005784938937515669,2.5149073011436523e-05,230.02593116990724,7.845652697298567
0.5042777930267468,M-norm2,0.005679004187701331,2.7397119364503598e-05,2.1158497501986605e-06,0.005651607068336827,2.5281269614304936e-05,223.54917907837074,7.804448437772309
0.5081272418284777,M-norm2,0.0055485628720095955,2.770720139764342e-05,2.132134333353167e-06,0.005520855670611952,2.5575067064290253e-05,215.86866836883362,7.754010052546427
0.5119766906302086,M-norm2,0.005422725899907182,2.8171167604737623e-05,2.149224433267848e-06,0.005394554732302445,2.6021943171469775e-05,207.30791304690058,7.695631375665562
0.5158261394319396,M-norm2,0.0053034243372434365,2.877071367289345e-05,2.1667277911669807e-06,0.005274653623570543,2.660398588172647e-05,198.2655398713602,7.631290137251129
0.5196755882336704,M-norm2,0.005192596522319275,2.947712923760581e-05,2.1841714291307393e-06,0.0051631193930816695,2.729295780847507e-05,189.174051024928,7.563570397769625
0.5235250370354013,M-norm2,0.005092123871275925,3.025133342172399e-05,2.20110699280085e-06,0.0050618725378542015,2.8050226428923138e-05,180.45745729292244,7.495514952722912
0.5273744858371322,M-norm2,0.005003767627723165,3.1045144561598964e-05,2.217210092177666e-06,0.004972722483161566,2.8827934469421297e-05,172.49666251448886,7.430424638503932
0.5312239346388631,M-norm2,0.004929109197184215,3.1803959309473974e-05,2.2323508198730902e-06,0.004897305237874741,2.9571608489600885e-05,165.60834827760286,7.371631590360299
0.535073383440594,M-norm2,0.004869496183386636,3.2469063904417115e-05,2.246636346883292e-06,0.004837027119482219,3.022242755753382e-05,160.04760406072836,7.3223572694349865
0.5389228322423248,M-norm2,0.0048259950181429095,3.298431600611665e-05,2.2603331851204695e-06,0.004793010702136793,3.072398282099618e-05,156.0022582378656,7.285423102996795
0.5427722810440557,M-norm2,0.0047993522725343195,3.330450508338034e-05,2.2738013947730395e-06,0.004766047767450939,3.1030703688607295e-05,153.59135310878432,7.262953187225568
0.5466217298457866,M-norm2,0.004789964566113569,3.339600071030685e-05,2.2874183693059876e-06,0.0047565685654032625,3.110858234100086e-05,152.90213206321985,7.256464713514572
0.5504711786475175,M-norm2,0.00479786004352101,3.3241518547530845e-05,2.3015196981283475e-06,0.004764618524973479,3.09399988494025e-05,153.99543316613574,7.266743757277619
0.5543206274492485,M-norm2,0.0048226915255508715,3.284222953927364e-05,2.3163237660681614e-06,0.004789849296011598,3.052590577320547e-05,156.91096380884306,7.2938023507488685
0.5581700762509794,M-norm2,0.0048637439607331304,3.2218047991021756e-05,2.331893858419219e-06,0.004831525912742109,2.9886154132602536e-05,161.66435772582196,7.33685783147935
0.5620195250527102,M-norm2,0.004919954074534599,3.1406107230764914e-05,2.348112819587993e-06,0.004888547967303834,2.905799441117692e-05,168.23418361672938,7.394327067327746
0.5658689738544411,M-norm2,0.004990006402348151,3.0457652860257934e-05,2.3647022288168053e-06,0.004959548749487893,2.8092950631441128e-05,176.54068504777334,7.46385689085007
0.569718422656172,M-norm2,0.005072430783187898,2.9433755839441173e-05,2.381294204727924e-06,0.005042997027348457,2.705246163471325e-05,186.41545806232182,7.542377686811917
0.5735678714579029,M-norm2,0.005164976237555667,2.8400371478888638e-05,2.397535753952814e-06,0.005136575866076778,2.6002835724935825e-05,197.53906537012725,7.625994178976163
0.5774173202596338,M-norm2,0.005265608884246841,2.7423310019123683e-05,2.4131859328222926e-06,0.005238185574227718,2.501012408630139e-05,209.4426063682263,7.7104111456231434
0.5812667690613647,M-norm2,0.005372199836040696,2.6563596393237726e-05,2.428181410716136e-06,0.005345636239647458,2.413541498252159e-05,221.48515960958892,7.791066225462838
0.5851162178630955,M-norm2,0.005482584340540996,2.587412734752238e-05,2.442620096551462e-06,0.005456710213193473,2.3431507250970916e-05,232.87918078626237,7.863437859297906
0.5889656666648264,M-norm2,0.0055946192505647715,2.5397076781682467e-05,2.4567132300020884e-06,0.005569222173783089,2.294036355168038e-05,242.7695690714171,7.923443782285897
0.5928151154665573,M-norm2,0.00570623591624619,2.515674365284875e-05,2.4707168329985125e-06,0.005681079172593341,2.2686026819850237e-05,250.4219543469113,7.968217237823925
0.5966645642682883,M-norm2,0.005815487020570152,2.5163880568103802e-05,2.484866442954645e-06,0.005790323140002048,2.2679014125149158e-05,255.3163514096963,7.996142126040185
0.6005140130700192,M-norm2,0.005920586235022712,2.541361619891122e-05,2.4993258373013e-06,0.0058951726188238,2.291429036160992e-05,257.270573331847,8.00714264048789
0.60436346187175,M-norm2,0.006019940058661837,2.588577387644034e-05,2.514155150645644e-06,0.005994054284785397,2.3371618725794697e-05,256.46722869776676,8.00263068026306
0.6082129106734809,M-norm2,0.0061121713779688225,2.6545897325425394e-05,2.5293050505099612e-06,0.006085625480643397,2.4016592274915434e-05,253.39254674359609,7.985230279627594
0.6120623594752118,M-norm2,0.006196133854341442,2.7347030906145825e-05,2.544643200434476e-06,0.0061687868234352955,2.4802387705711347e-05,248.71745803791237,7.958363966894265
0.6159118082769427,M-norm2,0.006270917481974701,2.8232307990976266e-05,2.5600095354675457e-06,0.0062426851739837246,2.567229845550872e-05,243.16814424709912,7.925810433577074
0.6197612570786736,M-norm2,0.006335845887922666,2.9138337431372812e-05,2.57528072779443e-06,0.006306707550491293,2.6563056703578383e-05,237.42401414373742,7.891322052867187
0.6236107058804045,M-norm2,0.006390466206900861,2.9999278036272484e-05,2.5904153838306884e-06,0.006360466928864589,2.7408862652441795e-05,232.05876907475215,7.858346405109264
0.6274601546821353,M-norm2,0.006434533471100045,3.075138825745209e-05,2.6054591286199394e-06,0.006403782082842593,2.8145929128832153e-05,227.52072079520306,7.829854130370436
0.6313096034838662,M-norm2,0.0064679905380271106,3.1337732069855326e-05,2.620507850214371e-06,0.006436652805957255,2.8717224219640955e-05,224.13910051776344,7.808250535198146
0.6351590522855971,M-norm2,0.00649094642857213,3.171262587557647e-05,2.6356549746697582e-06,0.006459233802696553,2.907697090090671e-05,222.14259610154696,7.795342247640377
0.6390085010873281,M-norm2,0.006503653513457548,3.1845364211509494e-05,2.6509483856734657e-06,0.006471808149246038,2.919441582583603e-05,221.6796591462781,7.792332587426503
0.642857949889059,M-norm2,0.006506485717699908,3.172280038983628e-05,2.666373235060027e-06,0.006474762917310072,2.9056427154776256e-05,222.83410423520564,7.799826240431513
0.6467073986907899,M-norm2,0.006499917513902337,3.135047506855559e-05,2.68186028088635e-06,0.006468567038833781,2.866861478766924e-05,225.6323539432397,7.817830143711578
0.6505568474925207,M-norm2,0.006484505167167074,3.075214711487415e-05,2.6973099669501214e-06,0.0064537530200522,2.8054837147924027e-05,230.04065167171208,7.845745019565615
0.6544062962942516,M-norm2,0.006460870087109,2.99677575749172e-05,2.7126228366941565e-06,0.006430902329534083,2.7255134738223043e-05,235.9519551563721,7.882349315827636
0.6582557450959825,M-norm2,0.0064296847543195805,2.9050033892238508e-05,2.7277305448363557e-06,0.006400634720427342,2.6322303347402153e-05,243.1639296892703,7.925785428762442
0.6621051938977134,M-norm2,0.006391661305683483,2.8060092748372658e-05,2.742621608147775e-06,0.0063636012129351105,2.531747114022488e-05,251.35216616577867,7.9735663120809726
0.6659546426994443,M-norm2,0.00634754256784944,2.7062507329212128e-05,2.757352866054471e-06,0.006320480060520228,2.4305154463157656e-05,260.04689952088,8.022628026891624
0.6698040915011751,M-norm2,0.00629809566243994,2.6120335286815317e-05,2.7720381940683722e-06,0.006271975327153125,2.3348297092746946e-05,268.62667124025455,8.06945874307237
0.673653540302906,M-norm2,0.006244107021943141,2.5290558816815504e-05,2.7868146909976886e-06,0.006218816463126326,2.2503744125817816e-05,276.3458573096589,8.110331175101871
0.6775029891046369,M-norm2,0.0061863785126150045,2.462028515974866e-05,2.8017988995587926e-06,0.006161758227455256,2.1818486260189866e-05,282.4099781247444,8.141647252664178
0.6813524379063679,M-norm2,0.006125723272009555,2.414393276337226e-05,2.817051836936585e-06,0.0061015793392461826,2.1326880926435675e-05,286.0980637671675,8.160365923706502
0.6852018867080988,M-norm2,0.006062963221080746,2.3881515308530958e-05,2.8325653409778765e-06,0.006039081705772215,2.104894996755308e-05,286.9065542500433,8.164437115971323
0.6890513355098297,M-norm2,0.005998900260769639,2.38389842778741e-05,2.8482761516647056e-06,0.005975061276491765,2.0990708126209397e-05,284.6526777737045,8.15305886123283
0.6929007843115605,M-norm2,0.005934379306835621,2.400492884089297e-05,2.8640923277624208e-06,0.005910374377994728,2.1140836513130548e-05,279.5714528289267,8.127073243747123
0.6967502331132914,M-norm2,0.0058701733726219925,2.43574234335441e-05,2.8799148446807614e-06,0.005845815949188448,2.147750858886334e-05,272.1831503408016,8.088433948489595
0.7005996819150223,M-norm2,0.0058070416926600055,2.4862609137594373e-05,2.895654870111706e-06,0.005782179083522411,2.1966954267482667e-05,263.221701703166,8.040134628881484
0.7044491307167532,M-norm2,0.005745697377425744,2.5478192712787055e-05,2.9112409157619867e-06,0.005720219184712956,2.256695179702507e-05,253.47770652246595,7.985715056909445
0.7082985795184841,M-norm2,0.005686792574351595,2.61564913268281e-05,2.926624181109861e-06,0.005660636083024767,2.322986714571824e-05,243.67922758732362,7.928839463675372
0.712148028320215,M-norm2,0.005630903531232701,2.6847700848957413e-05,2.9417845554015672e-06,0.005604055830383743,2.3905916293555847e-05,234.4212939411316,7.8729598144323045
0.7159974771219458,M-norm2,0.005578516115468935,2.7503213992639974e-05,2.9567359531193883e-06,0.005551012901476295,2.4546478039520585e-05,226.1429477800845,7.82109119630634
0.7198469259236768,M-norm2,0.0055300125673328334,2.8078798203880638e-05,2.971527510088672e-06,0.005501933769128953,2.5107270693791965e-05,219.13707133803928,7.77568975494026
0.7236963747254077,M-norm2,0.0054856607136891345,2.8535999206691038e-05,2.9862384871469452e-06,0.0054571247144824435,2.554976071954409e-05,213.58809479213863,7.738687424520186
0.7275458235271386,M-norm2,0.005445605889471399,2.8847676938406426e-05,3.0009672430529307e-06,0.005416758212532993,2.5846709695353496e-05,209.57244757179953,7.711305248423185
0.7313952723288695,M-norm2,0.005409866499375648,2.89983316259754e-05,3.015816305683797e-06,0.005380868167749672,2.5982515320291602e-05,207.09573732252812,7.694154048466227
0.7352447211306004,M-norm2,0.00537833362960519,2.898388155748902e-05,3.0308729874353737e-06,0.005349349748047701,2.5953008570053643e-05,206.116748800374,7.687317931087939
0.7390941699323312,M-norm2,0.005350821482623798,2.881187212426428e-05,3.0461857042563016e-06,0.005322009610499534,2.576568642000798e-05,206.55415593224026,7.6903762777224
0.7429436187340621,M-norm2,0.005326994382420433,2.8500354410734777e-05,3.0617491926054714e-06,0.005298494028009698,2.5438605218129305e-05,208.285555854046,7.702418984888892
0.746793067535793,M-norm2,0.00530631624441432,2.8075982931567416e-05,3.077497972318924e-06,0.005278240261482752,2.4998484959248493e-05,211.14240603329054,7.72207254974781
0.7506425163375239,M-norm2,0.005288251291610108,2.7571521686387016e-05,3.0933184201059816e-06,0.005260679769923721,2.4478203266281033e-05,214.91282316338794,7.7476077561248875
0.7544919651392548,M-norm2,0.005272206590463818,2.70230040817606e-05,3.109079286865742e-06,0.005245183586382058,2.3913924794894858e-05,219.33595724537025,7.776998532051655
0.7583414139409856,M-norm2,0.005257556824817265,2.6466816084585685e-05,3.1246721630429965e-06,0.005231090008732679,2.3342143921542687e-05,224.1049505270532,7.808030708421976
0.7621908627427166,M-norm2,0.005243670391922406,2.593696117570804e-05,3.1400460006350316e-06,0.005217733430746697,2.279691517507301e-05,228.87892465608508,7.8384408143372655
0.7660403115444475,M-norm2,0.005229935948336873,2.5462724888289735e-05,3.155230638546431e-06,0.005204473223448584,2.2307494249743304e-05,233.30604348395036,7.866079868684484
0.7698897603461784,M-norm2,0.005215788092160017,2.5066908735349526e-05,3.1703230842860577e-06,0.0051907211834246675,2.1896585651063468e-05,237.05619068389166,7.889085259077506
0.7737392091479093,M-norm2,0.005200731110419675,2.476474358475487e-05,3.185454087801421e-06,0.005175966366834921,2.157928949695345e-05,239.85805313773932,7.9060370680334895
0.7775886579496402,M-norm2,0.00518435962272127,2.4563609496816114e-05,3.2007438161135044e-06,0.005159796013224454,2.1362865680702608e-05,241.53107969430215,7.916065033642633
0.781438106751371,M-norm2,0.005166375761290188,2.4465186317544492e-05,3.216259721846651e-06,0.005141910574972644,2.124892659569784e-05,241.9844857487389,7.918770745328988
0.7852875555531019,M-norm2,0.005146601967988317,2.4459747054697255e-05,3.2319919015441953e-06,0.00512214222093362,2.122775515315306e-05,241.29457797014413,7.914651687493867
0.7891370043548328,M-norm2,0.005124989027554279,2.4534543095966144e-05,3.2478483779305573e-06,0.005100454484458313,2.1286694718035587e-05,239.60763058892599,7.9045300429661545
0.7929864531565637,M-norm2,0.005101619482474398,2.4673191909253197e-05,3.263689299069061e-06,0.005076946290565145,2.1409502610184135e-05,237.1351816529417,7.889565908397699
0.7968359019582946,M-norm2,0.005076703041096853,2.4857325447582067e-05,3.279379026902428e-06,0.005051845715649271,2.157794642067964e-05,234.12078319036596,7.871109199725657
0.8006853507600256,M-norm2,0.005050581604840873,2.5068286209896838e-05,3.2948376299682148e-06,0.005025513318630976,2.1773448579928624e-05,230.80924917257414,7.850557227744433
0.8045347995617564,M-norm2,0.00502370221786718,2.5288252146741108e-05,3.3100791497946833e-06,0.004998413965720439,2.1978172996946424e-05,227.4262727122451,7.829255116486151
0.8083842483634873,M-norm2,0.00499661260144397,2.5501645053126506e-05,3.32522689286813e-06,0.004971110956390844,2.2176418160258375e-05,224.16203195967,7.808398128300867
0.8122336971652182,M-norm2,0.00496994011426761,2.5695829735977778e-05,3.3404687456114155e-06,0.004944244284531632,2.235536099036636e-05,221.16593360591514,7.788985372803384
0.8160831459669491,M-norm2,0.004944370457403918,2.586159335759368e-05,3.355996522111764e-06,0.004918508864046324,2.2505596835481914e-05,218.54603101624448,7.771793367554331
0.81993259476868,M-norm2,0.004920624299662844,2.5993233121222992e-05,3.3719362764778305e-06,0.004894631066541621,2.262129684474516e-05,216.3726995907675,7.75737467114996
0.8237820435704108,M-norm2,0.004899419027938213,2.6087643592161538e-05,3.3882991254381857e-06,0.004873331384346051,2.269934446672335e-05,214.69040180830896,7.746113883658484
0.8276314923721417,M-norm2,0.004882069239822037,2.6146855834851342e-05,3.4049423881006934e-06,0.004855922383987186,2.2741913446750647e-05,213.52303513761714,7.738247907799179
0.8314809411738726,M-norm2,0.004874575845182593,2.6191225570255973e-05,3.421705330315847e-06,0.004848384619612337,2.2769520239940125e-05,212.93310392670296,7.734256447494701
0.8353303899756035,M-norm2,0.004865503336295435,2.619300113911437e-05,3.438166852272821e-06,0.0048393103351563205,2.275483428684155e-05,212.6717458871916,7.732484569213422
0.8391798387773344,M-norm2,0.00486172632557437,2.6173978495351126e-05,3.4541799469479313e-06,0.004835552347079019,2.2719798548403194e-05,212.83429678204052,7.733586839723271
0.8430292875790654,M-norm2,0.004865444253235161,2.6148745698949486e-05,3.469662899103827e-06,0.004839295507536211,2.267908279984566e-05,213.38144713546993,7.737290933466423
0.8468787363807962,M-norm2,0.00487340685647862,2.610858417973004e-05,3.4846438628898616e-06,0.00484729827229889,2.2623940316840177e-05,214.25526254110534,7.743186830045821
0.8507281851825271,M-norm2,0.004887151473917988,2.6064541462708037e-05,3.4993596398855663e-06,0.00486108693245528,2.2565181822822472e-05,215.4242305966605,7.75103672097342
0.854577633984258,M-norm2,0.004906838611666417,2.6019149171365547e-05,3.5141294785767976e-06,0.004880819462495052,2.250501969278875e-05,216.8769247537697,7.760732751248431
0.8584270827859889,M-norm2,0.004932344080786013,2.5973274336645018e-05,3.529269920449174e-06,0.004906370806449368,2.2444004416195844e-05,218.6049652934873,7.7721823598739155
0.8622765315877198,M-norm2,0.004963417994520535,2.5926209262097886e-05,3.5450001957182364e-06,0.004937491785258437,2.238120906637965e-05,220.60880494054192,7.785346562710157
0.8661259803894507,M-norm2,0.004999691972852172,2.5875910546727568e-05,3.5613813593725697e-06,0.0049738160623054445,2.2314529187354998e-05,222.89585500750619,7.80022597812781
0.8699754291911815,M-norm2,0.005040687582322216,2.5819961220571998e-05,3.578293272562833e-06,0.005014867621101644,2.2241667948009165e-05,225.47174217437777,7.816802825120455
0.8738248779929124,M-norm2,0.005085827022797214,2.5756012902093346e-05,3.5954521210115794e-06,0.0050600710098951205,2.2160560781081766e-05,228.33677630643936,7.835019430949115
0.8776743267946433,M-norm2,0.005134446489839025,2.5682402146457074e-05,3.6125192440880453e-06,0.0051087640876925685,2.2069882902369028e-05,231.48125027632943,7.85475153129979
0.8815237755963742,M-norm2,0.005185813244702527,2.559870439722684e-05,3.6291832533407555e-06,0.0051602145403053,2.1969521143886088e-05,234.88061057449764,7.875783813373558
0.8853732243981052,M-norm2,0.005239099860830143,2.5506221036448127e-05,3.6452531376897175e-06,0.0052135936397936945,2.186096789875841e-05,238.4886919892417,7.897777051821847
0.8892226731998361,M-norm2,0.0052935662388420785,2.540819428415024e-05,3.660728845913909e-06,0.005268158044557928,2.174746543823633e-05,242.24239185571795,7.92030754518024
0.8930721220015669,M-norm2,0.005348314058760401,2.5310016428866944e-05,3.6757795476745746e-06,0.005323004042331534,2.163423688119237e-05,246.04538036463236,7.942780619115761
0.8969215708032978,M-norm2,0.005402551461755796,2.5218764235736403e-05,3.690698071885567e-06,0.005377332697520059,2.1528066163850834e-05,249.78243083205894,7.964528194171093
0.9007710196050287,M-norm2,0.005455490910893666,2.5142019712663604e-05,3.705820720958537e-06,0.005430348891181003,2.1436198991705068e-05,253.32610941344245,7.9848519678913785
0.9046204684067596,M-norm2,0.005506384663374232,2.508751921589942e-05,3.7214110539821426e-06,0.005481297144158332,2.1366108161917277e-05,256.5416735055258,8.003049390953134
0.9084699172084905,M-norm2,0.005554539237969557,2.506236390101001e-05,3.737593442306303e-06,0.005529476874068547,2.1324770458703707e-05,259.2983068575864,8.01846897561831
0.9123193660102213,M-norm2,0.005599000011037082,2.5072150544505095e-05,3.7543327996812697e-06,0.005573927860492577,2.1317817744823824e-05,261.4680323855373,8.030490760193127
0.9161688148119522,M-norm2,0.0056394283375515025,2.512030715008785e-05,3.771427411909081e-06,0.005614308030401415,2.134887973817877e-05,262.9790461726757,8.038804041812913
0.9200182636136831,M-norm2,0.005675399160593859,2.520808015420936e-05,3.7885989355698805e-06,0.0056501910804396495,2.141948121863948e-05,263.7874849892624,8.043232309435352
0.923867712415414,M-norm2,0.005706552063765497,2.5334220082357972e-05,3.8055728526804586e-06,0.0056812178436831395,2.1528647229677515e-05,263.89107420792834,8.043798743873037
0.927717161217145,M-norm2,0.005732615527893133,2.5492203929877307e-05,3.8221552170070525e-06,0.005707123323963255,2.1670048712870256e-05,263.3645821282204,8.04091753148284
0.9315666100188759,M-norm2,0.005753408165679183,2.567440073669546e-05,3.838299821343547e-06,0.005727733764942487,2.1836100915351913e-05,262.3057013313028,8.035105355337997
0.9354160588206067,M-norm2,0.005768837307780489,2.5871251336607996e-05,3.854095128859425e-06,0.005742966056443881,2.2017156207748572e-05,260.84050102813643,8.027024085785088
0.9392655076223376,M-norm2,0.005778894294324083,2.6071920454702785e-05,3.869740055531238e-06,0.00575282237386938,2.2202180399171548e-05,259.11069410480246,8.017424749922524
0.9431149564240685,M-norm2,0.005783647431233821,2.626496199455196e-05,3.885476175545946e-06,0.005757382469239269,2.2379485819006017e-05,257.26160626754665,8.007092355045263
0.9469644052257994,M-norm2,0.005783233606639529,2.6437705052273926e-05,3.901504581909141e-06,0.005756795901587255,2.2536200470364785e-05,255.44660508134325,7.996877952034722
0.9508138540275303,M-norm2,0.005777849842496495,2.658007664598834e-05,3.917942070042831e-06,0.005751269765850507,2.2662134575945508e-05,253.78323240367365,7.98745294245575
0.9546633028292612,M-norm2,0.005767745254402536,2.6683934371280765e-05,3.934765600731847e-06,0.005741061320031255,2.2749168770548916e-05,252.36356448608512,7.979359823036274
0.958512751630992,M-norm2,0.005753075128343672,2.67434667186446e-05,3.951853091849233e-06,0.005726331661625028,2.2791613626795364e-05,251.24731207678795,7.972964351740991
0.9623622004327229,M-norm2,0.005734090890651099,2.675567900663817e-05,3.9690128945182664e-06,0.005707335211644461,2.2786666112119905e-05,250.46819853163205,7.968483628591533
0.9662116492344539,M-norm2,0.005711461020443223,2.672066133518505e-05,3.986047496063035e-06,0.005684740359108037,2.273461383912201e-05,250.04780812795968,7.966060148482349
0.9700610980361848,M-norm2,0.005685579808023855,2.6639930600326776e-05,4.002817702264967e-06,0.005658939877423528,2.263711289806181e-05,249.9850534344442,7.965698028739579
0.9739105468379157,M-norm2,0.005656856781059948,2.6522399908949025e-05,4.0192726632518104e-06,0.005630334381150999,2.2503127245697216e-05,250.20230831372848,7.966951289340036
0.9777599956396466,M-norm2,0.005625711237842999,2.6377539313669215e-05,4.035477142411495e-06,0.00559933369852933,2.234206217125772e-05,250.61848166068916,7.969348998756381
0.9816094444413774,M-norm2,0.005592567108042683,2.621655882326977e-05,4.051566992082638e-06,0.005566350549219413,2.2164991831187133e-05,251.13253330359046,7.972305126370805
0.9854588932431083,M-norm2,0.005557848270454831,2.6051928914325392e-05,4.067719043695723e-06,0.005531796341540505,2.198420987062967e-05,251.62588849421607,7.9751365511048915
0.9893083420448392,M-norm2,0.005521975280175744,2.589686842177129e-05,4.084086166101566e-06,0.005496078411753973,2.1812782255669726e-05,251.96595039247663,7.97708497699627
0.9931577908465701,M-norm2,0.005485340382140781,2.576488998807569e-05,4.100761645177007e-06,0.005459575492152705,2.1664128342898685e-05,252.00993115157146,7.9773367780269355
0.997007239648301,M-norm2,0.005448400310713253,2.5666534334578833e-05,4.117751212769847e-06,0.005422733776378674,2.1548783121808985e-05,251.64918806438126,7.975270132821619
1.0008566884500318,M-norm2,0.005411527647618004,2.5611933709179055e-05,4.1349665450215836e-06,0.005385915713908824,2.1476967164157473e-05,250.77636300982397,7.9702575627330345
1.0047061372517627,M-norm2,0.005375159864357473,2.560567067454344e-05,4.152271770433573e-06,0.005349554193682929,2.1453398904109867e-05,249.3569535342069,7.962068624137056
1.0085555860534936,M-norm2,0.005339751397769642,2.5650262882478105e-05,4.169511218567323e-06,0.005314101134887164,2.1480751663910782e-05,247.38897493122823,7.9506373967726605
1.0124050348552245,M-norm2,0.005305633419122129,2.5745096662162024e-05,4.186564371093272e-06,0.005279888322459967,2.1558532291068752e-05,244.90945168133334,7.936104642037834
1.0162544836569554,M-norm2,0.005273147407410004,2.5886783805996116e-05,4.2033656956465115e-06,0.005247260623604008,2.1683418110349605e-05,241.99416332333064,7.918828441216606
1.0201039324586862,M-norm2,0.005242613969560924,2.607030477949878e-05,4.2199349938600605e-06,0.005216543664781425,2.185036978563872e-05,238.73937676835234,7.8992927284745456
1.0239533812604171,M-norm2,0.005214330418077634,2.6284184426886436e-05,4.236354809369869e-06,0.005188046233650747,2.2047829617516565e-05,235.3087049225447,7.878410881846882
1.0278028300621482,M-norm2,0.005188567958211756,2.6517903633281466e-05,4.25275032759699e-06,0.005162050054578475,2.2265153305684477e-05,231.8443526396273,7.857012775154266
1.0316522788638791,M-norm2,0.005165568344108814,2.6760025031653502e-05,4.269253322655469e-06,0.0051388083190771604,2.2490771708998035e-05,228.48519319687207,7.835956865370572
1.03550172766561,M-norm2,0.0051455408652512245,2.6998843556905376e-05,4.285970660299094e-06,0.005118542021694319,2.2712872896606283e-05,225.35863450629896,7.8160789170446545
1.0393511764673409,M-norm2,0.005128660147465145,2.7221492343902903e-05,4.30295538390547e-06,0.005101438655121243,2.2918536959997435e-05,222.59006602495685,7.798245397834961
1.0432006252690718,M-norm2,0.005115100683053393,2.7417822343567934e-05,4.320197041177605e-06,0.005087682860709825,2.309762530239033e-05,220.26865507179693,7.783120399339707
1.0470500740708026,M-norm2,0.005105332354590734,2.7579435230903592e-05,4.33763781610291e-06,0.005077752919359831,2.324179741480068e-05,218.4750528858087,7.771324741204419
1.0508995228725335,M-norm2,0.005099035606914661,2.7699837894920402e-05,4.355172050577812e-06,0.005071335769019741,2.334466584434259e-05,217.23745385067238,7.763129049023464
1.0547489716742644,M-norm2,0.005096231140477861,2.777480340758319e-05,4.372689867068946e-06,0.005068456337070278,2.3402113540514244e-05,216.5811360711355,7.75876378137387
1.0585984204759953,M-norm2,0.0050969070766069945,2.7799862602302974e-05,4.390094264432959e-06,0.005069107214004691,2.3409768337870014e-05,216.53811950818795,7.758477210036091
1.0624478692777262,M-norm2,0.0051010215978897835,2.7778830211675012e-05,4.4073290167516676e-06,0.005073242767678109,2.3371501194923343e-05,217.0696150566527,7.762013984474944
1.066297318079457,M-norm2,0.005108506428615291,2.7715790294187457e-05,4.424381161460848e-06,0.005080790638321104,2.329140913272661e-05,218.14011378049761,7.769111281306955
1.070146766881188,M-norm2,0.005119270929089416,2.761675997001799e-05,4.4412971614228595e-06,0.005091654169119398,2.3175462808595132e-05,219.70021531699663,7.779392473448572
1.0739962156829188,M-norm2,0.0051332058900117085,2.7489515240014046e-05,4.458155180354737e-06,0.005105716374771694,2.303136005965931e-05,221.68540466329804,7.792369978865699
1.0778456644846497,M-norm2,0.0051501871061996,2.7343217980982767e-05,4.475055978807202e-06,0.005122843888218617,2.2868162002175565e-05,224.01642457016243,7.807460702313118
1.0816951132863806,M-norm2,0.005170206137512626,2.719013714977971e-05,4.492092878425362e-06,0.005143016000362846,2.269804427135435e-05,226.58410296844366,7.823902835694356
1.0855445620881115,M-norm2,0.005193197118581313,2.7041077075423362e-05,4.509335575857102e-06,0.00516615604150589,2.253174149956626e-05,229.28347733819592,7.840988584723501
1.0893940108898423,M-norm2,0.005218748111809223,2.690662304209043e-05,4.5268029126437205e-06,0.005191841488767133,2.237982012944671e-05,231.98763255187473,7.857904085939347
1.0932434596915732,M-norm2,0.005246691874493438,2.67975107351377e-05,4.544477409761747e-06,0.0052198943637583005,2.2253033325375952e-05,234.57001512714507,7.873874796525064
1.097092908493304,M-norm2,0.005276852361715767,2.672396299892257e-05,4.562287693200917e-06,0.005250128398716844,2.2161675305721655e-05,236.90124172884063,7.888141950325624
1.100942357295035,M-norm2,0.005309044212485023,2.6691732427167587e-05,4.580146531974887e-06,0.005282352480057856,2.21115858951927e-05,238.89523370670113,7.900234260076709
1.1047918060967659,M-norm2,0.005343072745144563,2.670574868951626e-05,4.597961791913471e-06,0.005316366996455047,2.210778689760279e-05,240.4748616891868,7.909742277899431
1.108641254898497,M-norm2,0.0053787341105262934,2.676882022605715e-05,4.615664445358104e-06,0.005351965290300236,2.2153155780699046e-05,241.58929514517024,7.916412719838666
1.1124907037002278,M-norm2,0.005415815662475321,2.688401702673571e-05,4.6332215247594655e-06,0.005388931645448586,2.2250795501976245e-05,242.19051606356987,7.91999856142981
1.1163401525019587,M-norm2,0.005454113031541158,2.704710155852277e-05,4.650648992308294e-06,0.005427065929982635,2.2396452566214478e-05,242.31810434878776,7.920758386881244
1.1201896013036896,M-norm2,0.005493449256560995,2.7252456060955554e-05,4.667997033321188e-06,0.005466196800500039,2.2584459027634367e-05,242.03355031934106,7.9190632353093555
1.1240390501054205,M-norm2,0.005533430735675511,2.7493174590914113e-05,4.685342971595664e-06,0.005505937561084597,2.280783161931845e-05,241.40556862148244,7.915315145610561
1.1278884989071514,M-norm2,0.005573802632232032,2.776076100358837e-05,4.7027654124322456e-06,0.005546041871228443,2.3057995591156127e-05,240.52575816067997,7.910047591798273
1.1317379477088823,M-norm2,0.005614300161211995,2.8044066235849655e-05,4.720320615998134e-06,0.005586256094976145,2.332374561985152e-05,239.509390388031,7.90393841024835
1.1355873965106131,M-norm2,0.005654648649486652,2.832994321669834e-05,4.738035783823288e-06,0.005626318706269954,2.359190743287505e-05,238.48511284126795,7.897755400238552
1.139436845312344,M-norm2,0.005694564473099048,2.8606230339824668e-05,4.755896658142457e-06,0.005665958242759223,2.385033368168221e-05,237.56305963596867,7.892166708475323
1.143286294114075,M-norm2,0.005733756993335218,2.8860843670864417e-05,4.773860626669536e-06,0.005704896149664354,2.408698304419488e-05,236.8456082356595,7.8878031104363675
1.1471357429158058,M-norm2,0.005771931495246647,2.9079231790696805e-05,4.79186835574408e-06,0.00574285226345595,2.4287363434952726e-05,236.45433061668714,7.885417754501315
1.1509851917175367,M-norm2,0.005808704037816524,2.925261098875591e-05,4.809863553937236e-06,0.005779451426827768,2.4442747434818676e-05,236.4485188189174,7.885382294144789
1.1548346405192675,M-norm2,0.005843637788153207,2.9373585402019443e-05,4.827807514760409e-06,0.005814264202751188,2.4545777887259035e-05,236.87431009343547,7.8879779311535305
1.1586840893209984,M-norm2,0.005876590761966678,2.943701432156084e-05,4.845690598751665e-06,0.005847153747645118,2.4591323722809175e-05,237.77303790367782,7.893441320804541
1.1625335381227293,M-norm2,0.005907305802157299,2.9437729378825813e-05,4.863527885278e-06,0.005877868072778473,2.457420149354781e-05,239.18856831713384,7.902004629368058
1.1663829869244602,M-norm2,0.00593554483821854,2.937855942803468e-05,4.881354274329357e-06,0.0059061662787905055,2.4497205153705323e-05,241.09551443655886,7.913460999734945
1.170232435726191,M-norm2,0.0059610912656149605,2.926630622464491e-05,4.899209247132563e-06,0.005931824959390316,2.4367096977512347e-05,243.43584977991497,7.92739783313942
1.174081884527922,M-norm2,0.005983752535755173,2.9109073212971478e-05,4.917122137332895e-06,0.0059546434625422015,2.4191951075638583e-05,246.1415139243795,7.943344191259934
1.1779313333296528,M-norm2,0.006003363041369101,2.891694297639477e-05,4.935109807585731e-06,0.005974446098392707,2.3981833168809036e-05,249.123828705602,7.960719211800054
1.1817807821313837,M-norm2,0.006019787315859912,2.8705015887799787e-05,4.953166093033821e-06,0.005991082299972112,2.3751849794765965e-05,252.23645112863278,7.978632966878401
1.1856302309331146,M-norm2,0.0060323775916362316,2.8489735246168593e-05,4.971277188066204e-06,0.006003887856390063,2.3518458058102388e-05,255.28407693894934,7.995959743823599
1.1894796797348455,M-norm2,0.00604160408197741,2.8286631783096836e-05,4.989421593902189e-06,0.006013317450194313,2.3297210189194646e-05,258.11319902085603,8.01186010755318
1.1933291285365766,M-norm2,0.006047468088026988,2.8112521863809586e-05,5.0075859571456404e-06,0.0060193555661631785,2.3104935906663947e-05,260.5224957333498,8.02526414224667
1.1971785773383075,M-norm2,0.006050004817363886,2.798394035204815e-05,5.025766440087852e-06,0.006022020877011838,2.29581739119603e-05,262.30400118515536,8.035096004415191
1.2010280261400383,M-norm2,0.0060492854152160444,2.7911054809255266e-05,5.043972736632052e-06,0.006021374360406789,2.2867082072623213e-05,263.32062574855854,8.0406767210323
1.2048774749417692,M-norm2,0.006045412478906154,2.790251691789818e-05,5.062220236024282e-06,0.006017509961988256,2.2840296681873897e-05,263.46023634464274,8.041441424284963
1.2087269237435,M-norm2,0.0060385200654316275,2.7966056840300664e-05,5.080527489749076e-06,0.006010554008591327,2.2885529350551587e-05,262.6355683770304,8.036918501459763
1.212576372545231,M-norm2,0.006028771357410071,2.810361731903608e-05,5.098901556019391e-06,0.006000667740091035,2.300471576301669e-05,260.84511549314385,8.027049607921684
1.2164258213469619,M-norm2,0.0060159661197285675,2.8307887343914755e-05,5.117341791256105e-06,0.005987658232384653,2.319054555265865e-05,258.19393592050295,8.012311306918068
1.2202752701486927,M-norm2,0.006000797689140012,2.857113568631367e-05,5.135831373087627e-06,0.005972226553453698,2.3435304313226045e-05,254.83887359137844,7.9934415555157345
1.2241247189504236,M-norm2,0.005983518428344746,2.888317230541796e-05,5.154350162782295e-06,0.005954635256039328,2.372882214263567e-05,250.94525215982424,7.971228840593112
1.2279741677521545,M-norm2,0.005964391461824099,2.9227856486545254e-05,5.172877197027554e-06,0.005935163605337554,2.40549792895177e-05,246.7332660695279,7.946808431387844
1.2318236165538854,M-norm2,0.005943693898378151,2.9585881718227895e-05,5.19140122276287e-06,0.005914108016659923,2.4394480495465025e-05,242.43631741858022,7.921462023218656
1.2356730653556163,M-norm2,0.00592171313095798,2.993942772967292e-05,5.2099240319912305e-06,0.0058917737032283075,2.472950369768169e-05,238.24876452254242,7.896324922601138
1.2395225141573472,M-norm2,0.005898743081673761,3.0269403795145644e-05,5.2284602818095715e-06,0.005868473677878615,2.504094351333607e-05,234.35513421262417,7.872552591256712
1.243371962959078,M-norm2,0.005875080888853687,3.055645670339314e-05,5.2470309234253956e-06,0.005844524432150294,2.5309425779967742e-05,230.922838114178,7.851267051517005
1.247221411760809,M-norm2,0.0058510273796440635,3.078808714394368e-05,5.2656584781119004e-06,0.00582023929250012,2.5522428665831785e-05,228.04410068905315,7.833169039134033
1.2510708605625398,M-norm2,0.005826991484528462,3.095392076753488e-05,5.284353844772521e-06,0.005796037563760927,2.5669566922762364e-05,225.79413128397266,7.818864178642326
1.2549203093642707,M-norm2,0.005803262146210843,3.1045207936923314e-05,5.303119606054906e-06,0.00577221693827392,2.574208833086841e-05,224.23265991796845,7.808852614528621
1.2587697581660016,M-norm2,0.005780120466645395,3.105841057574841e-05,5.321942946596461e-06,0.005749062056069646,2.5736467629151946e-05,223.38193954626578,7.803368738262406
1.2626192069677324,M-norm2,0.005757838630175304,3.100101065949018e-05,5.3408088950987305e-06,0.005726837619515814,2.566020176439145e-05,223.17975798081687,7.802062372923068
1.2664686557694633,M-norm2,0.0057366790287159165,3.0880796199757325e-05,5.359702151561668e-06,0.005705798232516159,2.552109404819566e-05,223.57185086740273,7.804594744814215
1.2703181045711942,M-norm2,0.005716893702943432,3.070839037534785e-05,5.378618229400278e-06,0.005686185312568085,2.532977214594757e-05,224.48624013689755,7.8104832075935295
1.2741675533729253,M-norm2,0.005698723851742086,3.0499624705745806e-05,5.397562701350545e-06,0.00566822422703634,2.510206200439526e-05,225.8071160067989,7.8189471411910185
1.2780170021746562,M-norm2,0.00568273390084302,3.027472624152324e-05,5.416551293164155e-06,0.005652459174601497,2.4858174948359085e-05,227.38834151517716,7.829014477120924
1.281866450976387,M-norm2,0.005668891458337186,3.0051765182710933e-05,5.435598197863464e-06,0.0056388396931544744,2.4616166984847468e-05,229.07058181013616,7.839648383459798
1.285715899778118,M-norm2,0.0056573687506217656,2.984937595873507e-05,5.454711448808599e-06,0.005627519374663031,2.439466450992647e-05,230.68648361091945,7.849789665842612
1.2895653485798488,M-norm2,0.0056483345102560124,2.9687283597359957e-05,5.473880852382785e-06,0.005618647226658653,2.4213402744977173e-05,232.046990083795,7.858273173991103
1.2934147973815797,M-norm2,0.0056419393784381,2.957753357242657e-05,5.493082547159063e-06,0.005612361844865673,2.4084451025267507e-05,233.02843145470186,7.86436217648404
1.2972642461833106,M-norm2,0.005638315223757117,2.9529911066077843e-05,5.512281839478625e-06,0.005608785312691039,2.4017629226599218e-05,233.52784988783907,7.867450801804597
1.3011136949850415,M-norm2,0.005637574363461703,2.9551305468958866e-05,5.531446687318682e-06,0.005608023057992744,2.4019858781640183e-05,233.47443917027903,7.867120801804616
1.3049631437867724,M-norm2,0.00563980843941164,2.9646441355221352e-05,5.550562025606376e-06,0.005610161998056419,2.4095879329614977e-05,232.82661409916943,7.863112169989592
1.3088125925885032,M-norm2,0.005645518520250675,2.9806667222894525e-05,5.569638067773845e-06,0.005615711853027781,2.423702915512068e-05,231.69967808704482,7.856112229564224
1.3126620413902341,M-norm2,0.005654396921875231,3.0023940465221267e-05,5.588714858961316e-06,0.0056243729814100096,2.443522560625995e-05,230.17479240990215,7.84658603516271
1.316511490191965,M-norm2,0.00566637942174417,3.0287043194603747e-05,5.607853436605904e-06,0.005636092378549566,2.4679189757997844e-05,228.37428756035496,7.835256417982733
1.3203609389936959,M-norm2,0.005681450033901725,3.058208474278035e-05,5.62711906880087e-06,0.005650867949158945,2.4954965673979483e-05,226.44262560741967,7.823001746725834
1.3242103877954268,M-norm2,0.0056995682145575,3.088939580406761e-05,5.646563013937417e-06,0.005668678818753432,2.524283279013019e-05,224.56587443584598,7.810994898801091
1.3280598365971577,M-norm2,0.005720668540280872,3.119244647099391e-05,5.666201102616962e-06,0.005689476093809878,2.552624536837695e-05,222.88730722843613,7.800170651504819
1.3319092853988885,M-norm2,0.005744660993922064,3.147538961233308e-05,5.686007377509321e-06,0.005713185604309731,2.5789382234823755e-05,221.53247225112426,7.7913743744332855
1.3357587342006194,M-norm2,0.005771431743954637,3.1720185001450826e-05,5.705914820071107e-06,0.0057397115589531865,2.601427018137972e-05,220.63703955306462,7.7855311941850225
1.3396081830023503,M-norm2,0.005801111361133275,3.191757933409068e-05,5.725833032446697e-06,0.005769193781799184,2.6191746301643985e-05,220.2676261199532,7.7831136599913915
1.3434576318040812,M-norm2,0.005833334759276032,3.206042687387549e-05,5.745671565856067e-06,0.0058012743324021565,2.6314755308019423e-05,220.45708821902736,7.7843540535464415
1.347307080605812,M-norm2,0.00586777640108729,3.214529932011291e-05,5.765368788859632e-06,0.005835631101767177,2.6379930531253278e-05,221.2148017165356,7.789304110829285
1.351156529407543,M-norm2,0.0059042244524500215,3.216920963657461e-05,5.784907950333564e-06,0.005872055242813447,2.6384301686241046e-05,222.55867570964068,7.79804193032818
1.3550059782092738,M-norm2,0.00594244886688917,3.214099341456115e-05,5.804329390348372e-06,0.005910307873474609,2.633666402421278e-05,224.41368686789374,7.810016857585402
1.358855427011005,M-norm2,0.005982202480107357,3.20700990798506e-05,5.823717027447353e-06,0.005950132381027507,2.624638205240325e-05,226.70295544534616,7.824659388875266
1.3627048758127358,M-norm2,0.006023222185108482,3.1967896941509286e-05,5.843178324249771e-06,0.005991254288166973,2.6124718617259516e-05,229.33277773980691,7.841298758837063
1.3665543246144667,M-norm2,0.0060652302310522125,3.184755750450486e-05,5.862819143277248e-06,0.0060333826735477075,2.5984738361227608e-05,232.1894717458556,7.859158746799911
1.3704037734161976,M-norm2,0.006107957132162453,3.172549659730284e-05,5.8827036453283456e-06,0.00607623163556515,2.5842792951974496e-05,235.12286953105433,7.877271061196102
1.3742532222179284,M-norm2,0.006151022152467119,3.161591169399802e-05,5.902855952318192e-06,0.006119406240773121,2.571305574167983e-05,237.98829288320678,7.894746796019056
1.3781026710196593,M-norm2,0.00619405158100212,3.15312699924697e-05,5.923230299728896e-06,0.00616252031100965,2.5608039692740803e-05,240.6478740641971,7.910779868051175
1.3819521198213902,M-norm2,0.006236729239253664,3.148377525082872e-05,5.9437497323524715e-06,0.006205245464002835,2.5540025518476248e-05,242.96159999972656,7.924584504150351
1.385801568623121,M-norm2,0.006278738970866719,3.148129272860798e-05,5.964307470134772e-06,0.006247257678138112,2.5516985258473207e-05,244.82742043610494,7.9356213373142825
1.389651017424852,M-norm2,0.006319767367962215,3.1525740736588136e-05,5.984806487625101e-06,0.0062882416272256264,2.5540934248963035e-05,246.20249071276356,7.943701546726161
1.3935004662265829,M-norm2,0.006359506587810085,3.161689489118464e-05,6.0051838828319095e-06,0.006327889692918901,2.5611711008352728e-05,247.07016609921885,7.9487770044914745
1.3973499150283137,M-norm2,0.006397657316440899,3.175208425973939e-05,6.0254150510145025e-06,0.0063659052321811595,2.5726669208724884e-05,247.4438171740569,7.950957184116371
1.4011993638300446,M-norm2,0.006433898291800217,3.192435970632575e-05,6.045529021650455e-06,0.006401973932093892,2.5878830684675294e-05,247.38265844001052,7.9506005605033945
1.4050488126317755,M-norm2,0.006467630332300037,3.212168514897108e-05,6.0655840524170775e-06,0.006435508647151066,2.6056101096554003e-05,246.98663177977082,7.948289147426953
1.4088982614335064,M-norm2,0.006498880209003049,3.2332792982994374e-05,6.085657904794355e-06,0.006466547416020054,2.624713507820002e-05,246.37155242862863,7.94469187300119
1.4127477102352373,M-norm2,0.006527432787863677,3.254560408124834e-05,6.105824213126296e-06,0.006494887183782428,2.6439779868122048e-05,245.64830782169986,7.940450490717308
1.4165971590369681,M-norm2,0.006553099247536484,3.274650197912531e-05,6.126135222052313e-06,0.006520352745557359,2.6620366757072994e-05,244.93850160140678,7.936275757076271
1.420446607838699,M-norm2,0.0065757187958495516,3.2924943270969606e-05,6.146616477891022e-06,0.006542793852578582,2.6778326793078583e-05,244.33169044264946,7.932697186737849
1.42429605664043,M-norm2,0.006595159872718289,3.3072558668595615e-05,6.167263835403771e-06,0.006562087314049694,2.6905294833191844e-05,243.8957593564202,7.930120863822519
1.4281455054421608,M-norm2,0.0066113210276390446,3.318348389483294e-05,6.188051680191311e-06,0.0065781375437442115,2.699543221464163e-05,243.67594826566247,7.9288200484261555
1.4319949542438917,M-norm2,0.006624131597415631,3.32521244723978e-05,6.208944057783233e-06,0.006590879472943233,2.7043180414614568e-05,243.7168769314358,7.929062348190237
1.4358444030456226,M-norm2,0.006633207640651832,3.3281467263321286e-05,6.229902120616107e-06,0.006599926173388511,2.7051565142705178e-05,243.97576031449222,7.930594008828357
1.4396938518473537,M-norm2,0.006638727247178508,3.327584174828258e-05,6.250893945213517e-06,0.006605451405430226,2.7024947803069065e-05,244.42050558484644,7.933221514475527
1.4435433006490845,M-norm2,0.006640918195271685,3.324174322487076e-05,6.2718947789598556e-06,0.006607676452046815,2.6969848445910905e-05,245.0023575512028,7.936651821496712
1.4473927494508154,M-norm2,0.006639867369050552,3.318742160866288e-05,6.292887931470314e-06,0.0066066799474418895,2.6894533677192563e-05,245.65140361755252,7.940468672243656
1.4512421982525463,M-norm2,0.006635697565214049,3.312466644333945e-05,6.313863156848248e-06,0.006602572898770709,2.68108032864912e-05,246.26538892616688,7.944070070013884
1.4550916470542772,M-norm2,0.0066285671450146445,3.306494989329369e-05,6.334813937996151e-06,0.006595502195121351,2.6730135955297537e-05,246.74405720013613,7.9468715277445865
1.458941095856008,M-norm2,0.006618669101221935,3.3018868137133905e-05,6.355741086038157e-06,0.006585650233084802,2.6663127051095747e-05,246.99466872225543,7.9483360919451185
1.462790544657739,M-norm2,0.006606280381993632,3.299677204937995e-05,6.37665196410817e-06,0.006573283609944252,2.6620120085271783e-05,246.92914941360758,7.947953343113205
1.4666399934594698,M-norm2,0.006592266498272469,3.30122683678194e-05,6.397643443952697e-06,0.00655925422990465,2.66146249238667e-05,246.45300276325253,7.945168748569474
1.4704894422612007,M-norm2,0.006586857496120775,3.308050962109712e-05,6.41870954522771e-06,0.006553776986499678,2.666180007586941e-05,245.8114968925618,7.9414085836056945
1.4743388910629316,M-norm2,0.006568065496930005,3.317323135254296e-05,6.4397427240089395e-06,0.0065348922655774615,2.673348862853402e-05,244.44592160719483,7.933371525060809
1.4781883398646625,M-norm2,0.006548223455392432,3.3306038071002476e-05,6.460924454055088e-06,0.006514917417321429,2.6845113616947388e-05,242.6854104729341,7.922943570323874
1.4820377886663934,M-norm2,0.006527619179563523,3.3474215239420944e-05,6.482270826729781e-06,0.006494144964324102,2.6991944412691164e-05,240.59567050940808,7.910466871395924
1.4858872374681242,M-norm2,0.006506730464579546,3.367177309886246e-05,6.503730394315681e-06,0.006473058691480684,2.7168042704546776e-05,238.26003079704262,7.896393142950954
1.4897366862698551,M-norm2,0.0064859193115063,3.3886722817668784e-05,6.525276294919951e-06,0.006452032588688631,2.7361446522748834e-05,235.80743742200497,7.88146541175071
1.493586135071586,M-norm2,0.00646553458996045,3.410813123343871e-05,6.546916458674626e-06,0.006431426458727011,2.756121477476408e-05,233.35061648356037,7.866355468504253
1.4974355838733169,M-norm2,0.00644592921565357,3.432491493612288e-05,6.568649215769605e-06,0.006411604300717447,2.7756265720353276e-05,230.9966464983043,7.8517280971936145
1.5012850326750478,M-norm2,0.006427458281206309,3.4525610292104056e-05,6.590439873424004e-06,0.006392932670914205,2.7935170418680052e-05,228.84888744545822,7.838251468032627
1.5051344814767786,M-norm2,0.006410475447690418,3.4700548248537175e-05,6.612223631358418e-06,0.006375774899441881,2.808832461717876e-05,226.99021697942322,7.826486310112882
1.5089839302785095,M-norm2,0.006395327768147904,3.484370387256356e-05,6.633937779133839e-06,0.006360484064275341,2.820976609342972e-05,225.47099622200514,7.816798052089658
1.5128333790802404,M-norm2,0.0063823977043130364,3.495076406381631e-05,6.655574231978166e-06,0.00634744694024922,2.829518983183814e-05,224.32954074430646,7.8094758034182865
1.5166828278819713,M-norm2,0.006372330800352408,3.501946964257764e-05,6.677173692760719e-06,0.006337311330709831,2.834229594981692e-05,223.59908110234687,7.804770449101573
1.5205322766837024,M-norm2,0.006365115258038243,3.5049150621934666e-05,6.6987646220314714e-06,0.006330066107416308,2.8350385999903195e-05,223.27971504296,7.802708378076855
1.5243817254854333,M-norm2,0.006360987792494729,3.5046078667515735e-05,6.720388145861824e-06,0.006325941713827213,2.8325690521653912e-05,223.32877318529168,7.8030253265487595
1.5282311742871642,M-norm2,0.006360151367745733,3.501615213066215e-05,6.742116261816278e-06,0.006325135215615071,2.827403586884587e-05,223.70825463175234,7.805474681292797
1.532080623088895,M-norm2,0.006362773595764049,3.4966824373035584e-05,6.763987504392806e-06,0.006327806771391013,2.820283686864278e-05,224.36774005619844,7.809721447688146
1.535930071890626,M-norm2,0.006368985102067535,3.490659824802051e-05,6.78602210594854e-06,0.006334078503819514,2.8120576142071966e-05,225.247109867814,7.815364784798569
1.5397795206923568,M-norm2,0.006378504279619237,3.4845397868105537e-05,6.808236622741527e-06,0.006343658881751132,2.8037161245364008e-05,226.25895775379422,7.821831100428696
0.0,Z-norm2,0.00018024935757430345,8.816556548488162e-07,3.653660315503079e-09,0.00017936770191945463,8.780019945333132e-07,204.2907681716537,7.67448020043469
0.003849448801730892,Z-norm2,0.0014174217471053174,7.76412391135629e-06,5.152528884016962e-08,0.001409657623193961,7.712598622516122e-06,182.7733676012406,7.51391205651207
0.007698897603461784,Z-norm2,0.0026545941366363313,1.4646592167863766e-05,8.748909695295124e-08,0.0026399475444684674,1.4559103070910814e-05,181.32624871260788,7.502443973910489
0.011548346405192676,Z-norm2,0.0038917665261673454,2.1529060424371243e-05,9.91348876325159e-08,0.003870237465742974,2.1429925536738725e-05,180.59966933193363,7.496651441100604
0.015397795206923567,Z-norm2,0.005128938915698359,2.462310188476531e-05,9.924218299093565e-08,0.005104315813813594,2.4523859701774375e-05,208.13672382264858,7.701387727661579
0.01924724400865446,Z-norm2,0.005506418403643885,2.4556540539287243e-05,9.89929588452194e-08,0.0054818618631045975,2.4457547580442025e-05,224.13783904843672,7.808242415594476
0.02309669281038535,Z-norm2,0.005487559665816725,2.4461547392477722e-05,9.871153246198764e-08,0.005463098118424247,2.4362835860015735e-05,224.23900689616676,7.808893449901954
0.026946141612116243,Z-norm2,0.0054687009279895645,2.435787984079202e-05,9.843255698711632e-08,0.005444343048148772,2.4259447283804903e-05,224.42156181288192,7.810067482593649
0.030795590413847135,Z-norm2,0.005446925945884747,2.4233257218784663e-05,9.818236135612155e-08,0.005422692688665963,2.413507485742854e-05,224.6809972912477,7.811734301506681
0.03464503921557803,Z-norm2,0.005416799628488558,2.410452485518512e-05,9.798340908999877e-08,0.005392695103633373,2.400654144609512e-05,224.63440290815166,7.811435084138939
0.03849448801730892,Z-norm2,0.005386673311092368,2.3969914527348202e-05,9.78679113817488e-08,0.0053627033965650195,2.3872046615966452e-05,224.64363792663917,7.811494394027985
0.04234393681903981,Z-norm2,0.005356546993696178,2.383506118865185e-05,9.783776451643817e-08,0.005332711932507526,2.373722342413541e-05,224.65609550126905,7.811574396217203
0.0461933856207707,Z-norm2,0.005319373971518058,2.3700187451694758e-05,9.787649141159524e-08,0.005295673784066364,2.3602310960283163e-05,224.37098608596716,7.809742319660085
0.0500428344225016,Z-norm2,0.005281037471149625,2.3569002174745763e-05,9.794937805852039e-08,0.005257468468974879,2.3471052796687242e-05,223.99798230256337,7.807341926811193
0.053892283224232486,Z-norm2,0.005242700970781192,2.344036309852738e-05,9.802198993820743e-08,0.0052192606076826645,2.334234110858917e-05,223.59627868526684,7.804752367370019
0.057741732025963374,Z-norm2,0.005202367452074773,2.331678266907264e-05,9.807366524126027e-08,0.0051790506694057,2.321870900383138e-05,223.05506600522412,7.801256104609441
0.06159118082769427,Z-norm2,0.005159892832537182,2.320309925700503e-05,9.809357428073711e-08,0.005136689733280177,2.3105005682724294e-05,222.3193451590839,7.796489679978493
0.06544062962942516,Z-norm2,0.0051174182129995905,2.309461944767638e-05,9.806763475691993e-08,0.005094323593551914,2.299655181291946e-05,221.52554152444384,7.791329238470492
0.06929007843115606,Z-norm2,0.005074781441675074,2.300969941824672e-05,9.797831016157243e-08,0.005051771742256827,2.2911721108085148e-05,220.48853154354018,7.784559807391757
0.07313952723288694,Z-norm2,0.005031080841854991,2.293391279756134e-05,9.782410141927118e-08,0.00500814692905743,2.283608869614207e-05,219.30843743409991,7.776817507532571
0.07698897603461784,Z-norm2,0.004987380242034909,2.287707327536292e-05,9.762967159971085e-08,0.004964503168759546,2.277944360376321e-05,217.93785902388765,7.767773025428522
0.08083842483634873,Z-norm2,0.004943679642214828,2.2833962358773566e-05,9.744055469594093e-08,0.004920845679856054,2.2736521804077625e-05,216.42913204840053,7.7577508933435
0.08468787363807961,Z-norm2,0.004899686983848116,2.279814099394799e-05,9.728715008562134e-08,0.004876888842854168,2.270085384386237e-05,214.83283740768775,7.747070717290012
0.08853732243981051,Z-norm2,0.004855623074161404,2.2769285636330213e-05,9.718213714286992e-08,0.004832853788525074,2.2672103499187342e-05,213.16300839480124,7.735813289055088
0.0923867712415414,Z-norm2,0.0048115591644746925,2.2738562968360116e-05,9.71337162656683e-08,0.004788820601506333,2.2641429252094446e-05,211.50699225683124,7.72456154828547
0.0962362200432723,Z-norm2,0.004767404521566285,2.2704259898606263e-05,9.716046614555668e-08,0.004744700261667679,2.2607099432460708e-05,209.87656005329623,7.713397238809759
0.1000856688450032,Z-norm2,0.004723158021827693,2.2662503054776726e-05,9.726602992233602e-08,0.004700495518772917,2.256523702485439e-05,208.30694193885822,7.702567108528626
0.10393511764673408,Z-norm2,0.004678911522089102,2.261693019812297e-05,9.743689801421618e-08,0.004656294591890979,2.2519493300108755e-05,206.76728955835307,7.691864160125061
0.10778456644846497,Z-norm2,0.004634842779393023,2.256124423448662e-05,9.765380175649037e-08,0.004612281535158537,2.246359043273013e-05,205.3225440060687,7.6817482309579646
0.11163401525019587,Z-norm2,0.0045914533625378605,2.250069676421553e-05,9.790064896424605e-08,0.004568952665773645,2.2402796115251285e-05,203.94564331472944,7.672040878393918
0.11548346405192675,Z-norm2,0.004548063945682698,2.243337488400298e-05,9.817210202005266e-08,0.004525630570798695,2.233520278198293e-05,202.62321390022802,7.662655658386681
0.11933291285365764,Z-norm2,0.004504674528827535,2.235262400712678e-05,9.846031131533661e-08,0.004482321904820408,2.225416369581144e-05,201.41497861202694,7.654027165898728
0.12318236165538854,Z-norm2,0.004464152927272002,2.2264290917996435e-05,9.875706305878862e-08,0.004441888636354006,2.2165533854937645e-05,200.39619462467945,7.646711302857603
0.12703181045711942,Z-norm2,0.00442384162549511,2.2154237714698523e-05,9.905417666147082e-08,0.0044016873877804116,2.205518353803705e-05,199.57609421790235,7.640795110756621
0.13088125925885033,Z-norm2,0.004383530323718217,2.2027757063960042e-05,9.935358714695917e-08,0.004361502566654257,2.1928403476813084e-05,198.89740588119307,7.635880649723435
0.1347307080605812,Z-norm2,0.004346878733513171,2.1886206588409157e-05,9.967080339941744e-08,0.004324992526924762,2.178653578500974e-05,198.5167614348574,7.633117013858574
0.13858015686231212,Z-norm2,0.004312041566994319,2.171690368187869e-05,1.0002289106220313e-07,0.00429032466331244,2.1616880790816487e-05,198.47103311663267,7.632784650903702
0.142429605664043,Z-norm2,0.004277204400475467,2.1537607866885266e-05,1.0042295517544172e-07,0.004255666792608581,2.1437184911709823e-05,198.51798685955126,7.6331259194475
0.14627905446577388,Z-norm2,0.004245071095317296,2.1340102185855903e-05,1.0088222984607779e-07,0.00422373099313144,2.1239219956009825e-05,198.8646947430053,7.635643361168906
0.1501285032675048,Z-norm2,0.004216761981633059,2.113174945864579e-05,1.0141019690665711e-07,0.004195630232174413,2.103033926173913e-05,199.50368750387196,7.640271602359608
0.15397795206923567,Z-norm2,0.004188452867948823,2.091723312216557e-05,1.0200407525679461e-07,0.004167535634826657,2.0815229046908776e-05,200.2156990650828,7.645411291198167
0.15782740087096656,Z-norm2,0.004161099405399749,2.0693525713801996e-05,1.0266434058555236e-07,0.004140405879685947,2.0590861373216445e-05,201.0797802306405,7.6516242071336
0.16167684967269746,Z-norm2,0.004138591361282369,2.0468254924603614e-05,1.0338831367953166e-07,0.004118123106357765,2.036486661092408e-05,202.21704296107345,7.659760783253325
0.16552629847442835,Z-norm2,0.004116083317164988,2.0240666519234976e-05,1.0417872250110003e-07,0.004095842650645753,2.0136487796733875e-05,203.40402417695185,7.668204411756282
0.16937574727615923,Z-norm2,0.004093575273047608,2.001314073061398e-05,1.0502120493782742e-07,0.004073562132316994,1.9908119525676154e-05,204.6181271447154,7.6767901490483395
0.17322519607789014,Z-norm2,0.004074894574324133,1.978612304398252e-05,1.0591187719567744e-07,0.00405510845128015,1.9680211166786844e-05,206.0500477821967,7.686850987948489
0.17707464487962102,Z-norm2,0.004056557080535872,1.956166111355538e-05,1.0684759260024764e-07,0.004036995419422316,1.9454813520955133e-05,207.50625109174112,7.69701098784014
0.18092409368135193,Z-norm2,0.0040382195867476114,1.9323046134318026e-05,1.0783086258942556e-07,0.004018896540613294,1.92152152717286e-05,209.15178330197048,7.708406488736549
0.1847735424830828,Z-norm2,0.00399248496047541,1.907237838735154e-05,1.0380064335774101e-07,0.003973412582088059,1.89685777439938e-05,209.47340574051202,7.710623284096989
0.1886229912848137,Z-norm2,0.003967521140212501,1.8933020103533502e-05,1.1022374019626257e-07,0.003948588120108967,1.882279636333724e-05,209.77691326459697,7.712712102430632
0.1924724400865446,Z-norm2,0.003972817374576773,1.8776842432665918e-05,1.1151367342107639e-07,0.003954040532144107,1.8665328759244842e-05,211.83878318701946,7.726822930140997
0.19632188888827548,Z-norm2,0.003955192074524727,1.8573792273452417e-05,1.1268951164143981e-07,0.003936618282251275,1.8461102761810978e-05,213.2385228034506,7.736324282829931
0.2001713376900064,Z-norm2,0.003937992024383912,1.8375202445203734e-05,1.1392905017665343e-07,0.003919616821938708,1.826127339502708e-05,214.64093643141558,7.745781443662149
0.20402078649173727,Z-norm2,0.003920957446112292,1.8180868272685442e-05,1.1523642971754443e-07,0.0039027765778396066,1.8065631842967897e-05,216.03321775644255,7.7551093512742035
0.20787023529346815,Z-norm2,0.003904031857409501,1.799084411971481e-05,1.16616533005785e-07,0.003886041013289786,1.7874227586709026e-05,217.41029056715047,7.764276418083083
0.21171968409519906,Z-norm2,0.003887158315885839,1.7804167373561392e-05,1.1807313187873334e-07,0.0038693541485122778,1.7686094241682657e-05,218.77946004567636,7.773333487863006
0.21556913289692994,Z-norm2,0.003870135805035455,1.7620184203178925e-05,1.1961047605187235e-07,0.003852515620832276,1.7500573727127054e-05,220.13653271610292,7.782254777052076
0.21941858169866083,Z-norm2,0.003852822975126403,1.7437592007403866e-05,1.212315707684e-07,0.003835385383118999,1.7316360436635465e-05,221.48911702049364,7.791092002747833
0.22326803050039173,Z-norm2,0.0038350669619956995,1.7255035270766315e-05,1.2293802606333305e-07,0.0038178119267249333,1.7132097244702984e-05,222.84556713599966,7.799900452791626
0.22711747930212262,Z-norm2,0.0038167086017469893,1.7071074073917484e-05,1.2473022565835972e-07,0.0037996375276730717,1.6946343848259124e-05,224.2157695899345,7.808743939412814
0.2309669281038535,Z-norm2,0.0037974665770036196,1.6884401154953653e-05,1.2660869763634028e-07,0.0037805821758486657,1.6757792457317312e-05,225.60144395378697,7.817632491457801
0.2348163769055844,Z-norm2,0.0037772525144024382,1.6693643685256007e-05,1.2857273978530974e-07,0.003760558870717182,1.6565070945470698e-05,227.01737186011945,7.826658889658802
0.2386658257073153,Z-norm2,0.0037559071089259427,1.649738877655583e-05,1.3062184541799264e-07,0.0037394097201493867,1.6366766931137838e-05,228.47577263626485,7.835897381094721
0.2425152745090462,Z-norm2,0.0037332685237545823,1.6294995296458945e-05,1.3275574532915055e-07,0.0037169735284581233,1.6162239551129796e-05,229.97886627650524,7.845357481731578
0.24636472331077708,Z-norm2,0.0037091840850908974,1.6085613704024895e-05,1.3497486550529294e-07,0.0036930984713868724,1.5950638838519602e-05,231.53295042129068,7.855073713828734
0.25021417211250796,Z-norm2,0.003683376485244405,1.5868929208734298e-05,1.37281417662199e-07,0.0036675075560356706,1.5731647791072098e-05,233.12926940285465,7.864986336118151
0.25406362091423884,Z-norm2,0.003655755080921917,1.564484137870073e-05,1.3967952161872247e-07,0.003640110239543216,1.550516185708201e-05,234.767638873798,7.875089746204373
0.2579130697159698,Z-norm2,0.0036263126140370066,1.5412699033752447e-05,1.4217465939448947e-07,0.003610899915003254,1.5270524374357956e-05,236.46207729884017,7.885465019090741
0.26176251851770066,Z-norm2,0.003595089008751085,1.5173097526183427e-05,1.4477334090062338e-07,0.0035799159112249014,1.5028324185282803e-05,238.21125144017745,7.896097747450254
0.26561196731943154,Z-norm2,0.00356169820744024,1.4926266462630605e-05,1.474809327828654e-07,0.0035467719409776094,1.477878552984774e-05,239.99075795601928,7.90683503849289
0.2694614161211624,Z-norm2,0.003526184830269681,1.4673214016602293e-05,1.5030310418607471e-07,0.0035115116162530787,1.4522910912416219e-05,241.79116965118519,7.9176177472936535
0.2733108649228933,Z-norm2,0.0034887585819337067,1.4415301939646771e-05,1.5324201563036114e-07,0.00347434327999406,1.426205992401641e-05,243.60739602162832,7.928414124503978
0.27716031372462424,Z-norm2,0.0034491276390982255,1.415371528277443e-05,1.5629895364825835e-07,0.0034349739238154512,1.3997416329126173e-05,245.40056843689587,7.938994780585408
0.2810097625263551,Z-norm2,0.003407282671722019,1.389025032800268e-05,1.5947420528152187e-07,0.0033933924213940163,1.3730776122721157e-05,247.13769935981708,7.949171291622766
0.284859211328086,Z-norm2,0.003363364445931264,1.3626534266796597e-05,1.6276684068270145e-07,0.003349737911664467,1.3463767426113895e-05,248.79647766103136,7.958822250416334
0.2887086601298169,Z-norm2,0.0033173875478416763,1.3364292518857589e-05,1.6617367534423583e-07,0.0033040232553228186,1.3198118843513353e-05,250.34046855447804,7.967747717171785
0.29255810893154777,Z-norm2,0.0032693825429262724,1.3105007172375084e-05,1.6969242130097836e-07,0.0032562775357538975,1.2935314751074106e-05,251.73546979083034,7.975764697835247
0.29640755773327865,Z-norm2,0.003219377207167948,1.2850181470018278e-05,1.73322043121171e-07,0.0032065270256979297,1.2676859426897108e-05,252.94332907837455,7.982670380956061
0.3002570065350096,Z-norm2,0.003167249844576424,1.2601000219272409e-05,1.7706447297671774e-07,0.0031546488443571514,1.242393574629569e-05,253.9170282893437,7.988213338619237
0.30410645533674047,Z-norm2,0.003113311720992381,1.2358351435696007e-05,1.8092155856114302e-07,0.0031009533695566848,1.2177429877134864e-05,254.64760633762606,7.992358345882872
0.30795590413847135,Z-norm2,0.0030576670787138293,1.2123309138996361e-05,1.8489825082640666e-07,0.003045543769574833,1.1938410888169954e-05,255.1046197105456,7.994945214834855
0.31180535294020223,Z-norm2,0.0030004374290255238,1.1896048745027587e-05,1.890016241594701e-07,0.0029885413802804963,1.1707047120868117e-05,255.2771291877132,7.995920479241277
0.3156548017419331,Z-norm2,0.0029417609343367285,1.1677012982478506e-05,1.9323789498525746e-07,0.00293008392135425,1.1483775087493248e-05,255.14988747431548,7.995201195242886
0.31950425054366405,Z-norm2,0.0028817059378717915,1.1466269448433436e-05,1.9761186443105485e-07,0.002870239668423358,1.1268657584002382e-05,254.70999070005564,7.992711738514216
0.32335369934539493,Z-norm2,0.0028205008801647476,1.1263104077479598e-05,2.0212853067025978e-07,0.002809237776087268,1.1060975546809339e-05,253.97739685787693,7.988556297433298
0.3272031481471258,Z-norm2,0.0027583932687056194,1.1067049481192716e-05,2.0679160537207517e-07,0.002747326219224427,1.086025787582064e-05,252.9706246976966,7.982826056656951
0.3310525969488567,Z-norm2,0.002695575009419243,1.0877231273164354e-05,2.1160077080493216e-07,0.0026846977781460786,1.0665630502359422e-05,251.71486838515332,7.975646626424551
0.3349020457505876,Z-norm2,0.0026322451371335993,1.069241909970566e-05,2.165564337378651e-07,0.0026215527180338937,1.0475862665967795e-05,250.2469535564216,7.967208695935713
0.33875149455231846,Z-norm2,0.0025686072552375816,1.0511578007537014e-05,2.2165895337098635e-07,0.0025580956772300444,1.0289919054166027e-05,248.6021186137865,7.95769478101862
0.3426009433540494,Z-norm2,0.0025048751923125606,1.0333462969460079e-05,2.269059028837365e-07,0.0024945417293431005,1.0106557066576342e-05,246.82408785805646,7.947339385467856
0.3464503921557803,Z-norm2,0.0024412879227378374,1.0156819212829851e-05,2.3229823054198914e-07,0.0024311311035250076,9.924520982287862e-06,244.96205991843934,7.936414509589946
0.35029984095751115,Z-norm2,0.00237805393426135,9.980641292214758e-06,2.3783786743576357e-07,0.002368073292969135,9.742803424778996e-06,243.0587162362718,7.925161060767587
0.35414928975924204,Z-norm2,0.0023153766757601584,9.80405950266104e-06,2.435261186776726e-07,0.0023055726162574974,9.560533383983367e-06,241.15522886202064,7.913818281531275
0.3579987385609729,Z-norm2,0.0022534571225537167,9.626454040159078e-06,2.493689766203758e-07,0.0022438306685135575,9.377085063538702e-06,239.28871854200563,7.902608571243022
0.36184818736270385,Z-norm2,0.002192492361337025,9.447380721208941e-06,2.553701493217768e-07,0.002183044980615816,9.192010571887164e-06,237.49374128141653,7.891745684097305
0.36569763616443474,Z-norm2,0.002132689894637853,9.26651926514225e-06,2.615339602253946e-07,0.002123423375372711,9.004985304916855e-06,235.80531266533998,7.881452412204353
0.3695470849661656,Z-norm2,0.0020743751966287626,9.084001178186122e-06,2.678666727260388e-07,0.0020652911954505766,8.816134505460084e-06,234.26266853931082,7.871983258340679
0.3733965337678965,Z-norm2,0.002017601741805436,8.900161257809287e-06,2.7436888120369894e-07,0.002008701580547627,8.625792376605588e-06,232.8715430243278,7.8633905423074895
0.3772459825696274,Z-norm2,0.001962536235557086,8.715603565129676e-06,2.8104564264589456e-07,0.0019538206319919564,8.43455792248378e-06,231.64469909960638,7.855769858244713
0.3810954313713583,Z-norm2,0.0019093373616421226,8.531237480030617e-06,2.8789641945514295e-07,0.001900806124162092,8.243341060575475e-06,230.58685916234492,7.8491664878402565
0.3849448801730892,Z-norm2,0.0018581556549406872,8.348110560130214e-06,2.9492294041966594e-07,0.0018498075443805569,8.053187619710548e-06,229.69880148490114,7.843599518861913
0.3887943289748201,Z-norm2,0.001809133021655992,8.167421495526932e-06,3.021256535705749e-07,0.001800965600160465,7.865295841956357e-06,228.97620589850638,7.839053877984514
0.39264377777655096,Z-norm2,0.0017624016875346525,7.990710440507938e-06,3.0950473342909337e-07,0.0017544109770941446,7.681205707078844e-06,228.40307160076637,7.83543824219788
0.39649322657828184,Z-norm2,0.0017183177130731914,7.819191060068173e-06,3.1706296158767114e-07,0.0017104985220131232,7.502128098480502e-06,228.0017749043197,7.832901245023045
0.4003426753800128,Z-norm2,0.0016767903428058638,7.654165491516282e-06,3.2480069926008463e-07,0.0016691361773143476,7.329364792256197e-06,227.73271963183834,7.831197776195975
0.40419212418174366,Z-norm2,0.001637883601276837,7.496919022950721e-06,3.3272262804012097e-07,0.0016303866822538864,7.1641963949106e-06,227.5742584907503,7.830193569703932
0.40804157298347454,Z-norm2,0.001601624138861103,7.348826066649977e-06,3.408294451922719e-07,0.0015942753127944531,7.007996621457705e-06,227.49373307529282,7.829682992731208
0.4118910217852054,Z-norm2,0.001568163259091641,7.2105427510539446e-06,3.4912627966607135e-07,0.001560952716340587,6.8614164713878735e-06,227.49715351775606,7.829704683958549
0.4157404705869363,Z-norm2,0.001537434004640949,7.082671906185885e-06,3.576128309196756e-07,0.001530351332734763,6.72505907526621e-06,227.5595374861721,7.830100243651255
0.4195899193886672,Z-norm2,0.0015094858187942716,6.96599036100725e-06,3.662942896382652e-07,0.0015025198284332644,6.599696071368985e-06,227.6650033857687,7.830768727528516
0.4234393681903981,Z-norm2,0.0014843887175640643,6.860797146711298e-06,3.751681273575216e-07,0.001477527920417353,6.485629019353776e-06,227.8156700002821,7.831723174108644
0.427288816992129,Z-norm2,0.0014622123912818366,6.766720085247791e-06,3.8423954111465023e-07,0.0014554456711965888,6.382480544133141e-06,228.0376197205103,7.833128037441752
0.4311382657938599,Z-norm2,0.0014427411721692261,6.6834463657929675e-06,3.935054526865172e-07,0.0014360577258034331,6.28994091310645e-06,228.310209212156,7.834851562917868
0.43498771459559077,Z-norm2,0.0014259257353331902,6.610456015903657e-06,4.0296946533665566e-07,0.0014193152793172865,6.207486550567001e-06,228.64572766374243,7.83697015184146
0.43883716339732165,Z-norm2,0.001411707135186856,6.5473805966872475e-06,4.1263168377298175e-07,0.0014051597545901688,6.134748912914266e-06,229.04926909594712,7.839514148948764
0.4426866121990526,Z-norm2,0.0014000174696477848,6.493030098657402e-06,4.22493600692636e-07,0.0013935244395491273,6.070536497964766e-06,229.55540091330087,7.842698565537364
0.44653606100078347,Z-norm2,0.0013907799370446378,6.446419897200329e-06,4.325599212427127e-07,0.0013843335171474375,6.013859975957616e-06,230.190513693662,7.846684570034148
0.45038550980251435,Z-norm2,0.0013837483215495734,6.406508347547359e-06,4.428302240887377e-07,0.001377341813202026,5.9636781234586215e-06,230.95508924000072,7.851468527000493
0.45423495860424523,Z-norm2,0.001379266937498191,6.372608163175844e-06,4.533104837355581e-07,0.0013728943293350151,5.919297679440286e-06,231.93534160370737,7.857578860002601
0.4580844074059761,Z-norm2,0.001376941777376266,6.343794064214883e-06,4.639999731608227e-07,0.0013705979833120512,5.87979409105406e-06,233.1030580471138,7.864824120884433
0.461933856207707,Z-norm2,0.0013766563449094159,6.3192244723852935e-06,4.749030529634996e-07,0.0013703371204370307,5.844321419421794e-06,234.47326423271988,7.873279618878519
0.46578330500943793,Z-norm2,0.0013782836485290014,6.298329973461594e-06,4.860190542073266e-07,0.0013719853185555398,5.812310919254267e-06,236.04816356444482,7.882937448709961
0.4696327538111688,Z-norm2,0.0013816866267152379,6.2807202458615286e-06,4.973468832375451e-07,0.0013754059064693765,5.783373362623984e-06,237.82070086606666,7.893730488277102
0.4734822026128997,Z-norm2,0.0013867190735971518,6.266203128823832e-06,5.088895489651782e-07,0.001380452870468328,5.7573135798586535e-06,239.77378534629324,7.905530126182168
0.4773316514146306,Z-norm2,0.001393227157721592,6.2548786270721804e-06,5.206448878268632e-07,0.0013869722790945198,5.7342337392453174e-06,241.8757836120331,7.91812252498056
0.48118110021636146,Z-norm2,0.0014010513090464108,6.246908802338038e-06,5.326130097338965e-07,0.0013948044002440728,5.714295792604142e-06,244.09033953918353,7.931271387906057
0.4850305490180924,Z-norm2,0.0014100283422277386,6.242672687875586e-06,5.447981597190832e-07,0.001403785669539863,5.697874528156502e-06,246.37005651896055,7.9446831132722755
0.4888799978198233,Z-norm2,0.0014199935594778532,6.2427377098631705e-06,5.572016603184636e-07,0.00141375082176799,5.685536049544707e-06,248.65743695024184,7.958015770285133
0.49272944662155416,Z-norm2,0.0014307957635349344,6.247813313182433e-06,5.698258604616195e-07,0.001424547950221752,5.6779874527208135e-06,250.8895910890272,7.97090880721074
0.49657889542328504,Z-norm2,0.0014422748306271997,6.258711714502498e-06,5.826754482613105e-07,0.0014360161189126972,5.676036266241187e-06,252.99629029038303,7.982972420469387
0.5004283442250159,Z-norm2,0.0014542390362661632,6.276303077791124e-06,5.957552749912199e-07,0.0014479627331883721,5.6805478027999045e-06,254.89843294244983,7.993778693801352
0.5042777930267468,Z-norm2,0.0014665360168708266,6.301657429299668e-06,6.090653187142234e-07,0.001460234359441527,5.6925921105854445e-06,256.5148408799927,8.002898486346174
0.5081272418284777,Z-norm2,0.0014790192323238499,6.3353633969861904e-06,6.226068922126683e-07,0.0014726838689268636,5.712756504773522e-06,257.7886643157824,8.010045015557436
0.5119766906302086,Z-norm2,0.0014915491233903886,6.378106546825812e-06,6.363817626050865e-07,0.0014851710168435628,5.7417247842207255e-06,258.6628709416855,8.014929170922985
0.5158261394319396,Z-norm2,0.0015039945715795316,6.4304527368620044e-06,6.50389492256689e-07,0.0014975641188426695,5.780063244605315e-06,259.0913032379681,8.017316780028247
0.5196755882336704,Z-norm2,0.0015162346227107697,6.492826651970529e-06,6.646277845981507e-07,0.0015097417960587992,5.828198867372378e-06,259.0408856002988,8.017036012773731
0.5235250370354013,Z-norm2,0.0015281603555769138,6.5654918827244e-06,6.790963758350614e-07,0.0015215948636941893,5.8863955068893385e-06,258.4934807580191,8.01398408580168
0.5273744858371322,Z-norm2,0.0015396766488825987,6.648536003681607e-06,6.937961323035581e-07,0.001533028112878917,5.954739871378049e-06,257.4466972516371,8.00812995189204
0.5312239346388631,Z-norm2,0.001550703622378872,6.741863865700552e-06,7.087305057256838e-07,0.0015439617585131715,6.0331333599748675e-06,255.91374604051572,7.9995138315321865
0.535073383440594,Z-norm2,0.0015611777435097934,6.845304654779422e-06,7.238993714108692e-07,0.001554332438855014,6.121405283368553e-06,253.91758377411,7.9882164947456555
0.5389228322423248,Z-norm2,0.0015710526192548686,6.958382003755996e-06,7.393055839367098e-07,0.0015640942372511127,6.219076419819286e-06,251.4994400561751,7.974411377761477
0.5427722810440557,Z-norm2,0.0015802995279149748,7.080356564072244e-06,7.549520610694614e-07,0.0015732191713509025,6.325404503002782e-06,248.7143977280927,7.958346215341971
0.5466217298457866,Z-norm2,0.0015889079077209603,7.210472770151061e-06,7.708412925405155e-07,0.0015816974349508093,6.4396314776105455e-06,245.61924707183792,7.940279806537815
0.5504711786475175,Z-norm2,0.0015968857423848265,7.347883235429685e-06,7.869772479346167e-07,0.0015895378591493968,6.560905987495069e-06,242.27414051946764,7.9204966146412445
0.5543206274492485,Z-norm2,0.0016042598927204998,7.491693940303938e-06,8.033585511657564e-07,0.0015967681987801958,6.688335389138181e-06,238.7392536225588,7.899291984307941
0.5581700762509794,Z-norm2,0.0016110763302834097,7.641007940980964e-06,8.199850637691732e-07,0.0016034353223424286,6.821022877211791e-06,235.07256187328022,7.876962344420826
0.5620195250527102,Z-norm2,0.0016174001978653421,7.794965953138849e-06,8.368562622315199e-07,0.0016096052319122033,6.958109690907329e-06,231.32794730379032,7.8537957618488745
0.5658689738544411,Z-norm2,0.0016233140073302248,7.952785744996743e-06,8.539714583897996e-07,0.001615361221585228,7.098814286606943e-06,227.5536669036218,7.83006302451434
0.569718422656172,Z-norm2,0.0016289183869644915,8.11380080603777e-06,8.713301919672944e-07,0.0016208045861584538,7.2424706140704766e-06,223.7916689657806,7.806012520255842
0.5735678714579029,Z-norm2,0.0016343455435978568,8.277494160349463e-06,8.889328749048828e-07,0.0016260680494375073,7.38856128544458e-06,220.07911778993446,7.781878451359745
0.5774173202596338,Z-norm2,0.0016397330068179882,8.443520895743563e-06,9.067812889790045e-07,0.0016312894859222447,7.536739606764559e-06,216.444984308346,7.757856559059958
0.5812667690613647,Z-norm2,0.00164523308289599,8.611715959628358e-06,9.248752992571541e-07,0.0016366213669363617,7.686840660371204e-06,212.91209734238564,7.734114113637445
0.5851162178630955,Z-norm2,0.0016510110637216013,8.78209573845368e-06,9.432166393207295e-07,0.0016422289679831475,7.838879099132951e-06,209.49793295890893,7.710792199214182
0.5889656666648264,Z-norm2,0.001657243180377011,8.954850249422778e-06,9.618072017026924e-07,0.0016482883301275882,7.993043047720085e-06,206.2153700770749,7.688008056465137
0.5928151154665573,Z-norm2,0.0016641143118183974,9.13027493193435e-06,9.806487553530096e-07,0.001654984036886463,8.14962617658134e-06,203.0748406156596,7.665867701848949
0.5966645642682883,Z-norm2,0.0016718155394270645,9.308800162933587e-06,9.99742672444854e-07,0.001662506739264131,8.309057490488733e-06,200.08367268696603,7.644459634406659
0.6005140130700192,Z-norm2,0.0016805415242269691,9.490937055235713e-06,1.019089759264375e-06,0.0016710505871717334,8.471847295971338e-06,197.2474867395659,7.623863107800711
0.60436346187175,Z-norm2,0.001690487795852288,9.677239037546483e-06,1.03869027848052e-06,0.0016808105568147415,8.638548759065963e-06,194.5709405240977,7.604152447209659
0.6082129106734809,Z-norm2,0.0017018479023434324,9.868261132850597e-06,1.0585441539142417e-06,0.0016919796412105817,8.809716978936355e-06,192.058342538816,7.5854008221049005
0.6120623594752118,Z-norm2,0.0017148105394010993,1.0064519658148962e-05,1.0786512518598573e-06,0.0017047460197429504,8.985868406289105e-06,189.7141091616497,7.567683166682305
0.6159118082769427,Z-norm2,0.0017295566433580135,1.0266454374929034e-05,1.0990116219663002e-06,0.0017192901889830844,9.167442752962733e-06,187.54305156990966,7.551078002220478
0.6197612570786736,Z-norm2,0.001746256531704403,1.04743949896098e-05,1.1196258034492211e-06,0.0017357821367147933,9.354769186160578e-06,185.55050393789566,7.535668109040913
0.6236107058804045,Z-norm2,0.0017650672095239645,1.0688534313575033e-05,1.140494859859655e-06,0.0017543786752103896,9.548039453715378e-06,183.7422942913917,7.521539937842354
0.6274601546821353,Z-norm2,0.001786129805656371,1.0908910117318135e-05,1.1616193558840716e-06,0.001775220895539053,9.747290761434063e-06,182.12454506465087,7.508781558309993
0.6313096034838662,Z-norm2,0.0018095673400038304,1.1135396199861018e-05,1.1830006814146832e-06,0.0017984319438039693,9.952395518446335e-06,180.70342366022868,7.497480029960871
0.6351590522855971,Z-norm2,0.0018354826447882658,1.1367701723548915e-05,1.2046403413523915e-06,0.001824114943064717,1.0163061382196524e-05,179.4847905041851,7.487717785389245
0.6390085010873281,Z-norm2,0.0018639566881713378,1.1605378093945941e-05,1.2265397751083681e-06,0.0018523513100773918,1.0378838318837572e-05,178.47385739841206,7.479568955548366
0.642857949889059,Z-norm2,0.001895047051593104,1.1847834088122264e-05,1.2487001843061237e-06,0.0018831992175049818,1.059913390381614e-05,177.67482084804587,7.473095434385599
0.6467073986907899,Z-norm2,0.0019287868211111774,1.2094360156318146e-05,1.2711224180778635e-06,0.0019166924609548591,1.0823237738240282e-05,177.09048875299752,7.468342919101337
0.6505568474925207,Z-norm2,0.0019651837019650556,1.2344161144547612e-05,1.293806976561477e-06,0.001952839540820508,1.1050354167986135e-05,176.72189607081182,7.465336992514926
0.6544062962942516,Z-norm2,0.0020042195414696627,1.2596394897020985e-05,1.316754149597592e-06,0.0019916231465726417,1.1279640747423393e-05,176.56795913713722,7.4640797581981015
0.6582557450959825,Z-norm2,0.0020458501926115787,1.2850213484352767e-05,1.3399642253863739e-06,0.002032999979127226,1.1510249258966393e-05,176.62519146086566,7.464547314209335
0.6621051938977134,Z-norm2,0.002090005726388926,1.3104804023217659e-05,1.3634376683597527e-06,0.002076900922365708,1.1741366354857907e-05,176.88749840485175,7.466688278353356
0.6659546426994443,Z-norm2,0.002136591076022628,1.3359426772744899e-05,1.387175214726777e-06,0.002123231649249883,1.1972251558018123e-05,177.34606051005508,7.470423472989851
0.6698040915011751,Z-norm2,0.0021854869495026154,1.3613448896063489e-05,1.41117790953568e-06,0.002171873500606552,1.220227098652781e-05,177.98928601114147,7.475646591169772
0.673653540302906,Z-norm2,0.0022365512179834323,1.3866372303543943e-05,1.4354471079626137e-06,0.0022226848456798885,1.2430925195581329e-05,178.80284940254967,7.482225917270076
0.6775029891046369,Z-norm2,0.002289620556555581,1.4117853484672907e-05,1.4599845650810145e-06,0.0022755027030709083,1.2657868919591892e-05,179.76981097891428,7.490006956968506
0.6813524379063679,Z-norm2,0.0023445126018158575,1.436771313063425e-05,1.4847924106556467e-06,0.002330144888685223,1.2882920719978603e-05,180.8708552457112,7.498816146766855
0.6852018867080988,Z-norm2,0.0024010229230727624,1.4615934356456987e-05,1.509871523364939e-06,0.002386406988716305,1.3106062833092048e-05,182.08420172462215,7.508461944147272
0.6890513355098297,Z-norm2,0.002458964683186878,1.486264926096224e-05,1.5352223035432355e-06,0.0024441020339259155,1.3327426957419004e-05,183.38888982357938,7.518762429133305
0.6929007843115605,Z-norm2,0.0025180780059836853,1.5108121206678336e-05,1.5608463711498057e-06,0.002502969884777007,1.354727483552853e-05,184.75818311538353,7.52949445389465
0.6967502331132914,Z-norm2,0.00257814795123345,1.5352709031538687e-05,1.586743016959897e-06,0.0025627952422019114,1.376596601457879e-05,186.16893572799714,7.5404685537026035
0.7005996819150223,Z-norm2,0.002638939421796351,1.559683633311327e-05,1.6129119778568602e-06,0.002623342585463238,1.3983924355256408e-05,187.5970234691059,7.55149312711401
0.7044491307167532,Z-norm2,0.002700216108960781,1.5840953115194923e-05,1.6393531423199699e-06,0.002684375155845586,1.4201599972874954e-05,189.01920635511075,7.562389024779086
0.7082985795184841,Z-norm2,0.002761743349687441,1.6085497801006328e-05,1.6660668619289266e-06,0.0027456578518864345,1.44194309390774e-05,190.41374541664888,7.572993816155171
0.712148028320215,Z-norm2,0.002823290802665082,1.6330860436557275e-05,1.6930541215836824e-06,0.0028069599422285247,1.4637806314973593e-05,191.7609703140541,7.5831653039564495
0.7159974771219458,Z-norm2,0.002884634947222724,1.6577348826303892e-05,1.7203165185560897e-06,0.00286805759839642,1.4857032307747803e-05,193.04377475848625,7.5927842210300485
0.7198469259236768,Z-norm2,0.0029455614384829238,1.6825160201842642e-05,1.7478560634509186e-06,0.0029287362782810813,1.5077304138391724e-05,194.24800689823357,7.601755985561963
0.7236963747254077,Z-norm2,0.003005867304404744,1.7074373958947924e-05,1.7756748658343124e-06,0.0029887929304457965,1.529869909311361e-05,195.36255417894577,7.61001015719676
0.7275458235271386,Z-norm2,0.003065362981061928,1.7324902677282953e-05,1.8037747783106453e-06,0.003048038078384645,1.5521127898972306e-05,196.37993438521073,7.617503715955617
0.7313952723288695,Z-norm2,0.003123874088442594,1.7576517945114995e-05,1.8321579354337723e-06,0.003106297570497479,1.5744360009681223e-05,197.2958931698344,7.6242171156021445
0.7352447211306004,Z-norm2,0.003181242988405038,1.7828864708942887e-05,1.8608253843407055e-06,0.003163414123696095,1.5968039324602182e-05,198.1091140489727,7.630151442999571
0.7390941699323312,Z-norm2,0.003237312119219689,1.80814747182325e-05,1.8897757524589498e-06,0.003219230644501456,1.619169896577355e-05,198.81981818624178,7.635317760427289
0.7429436187340621,Z-norm2,0.0032919437011956756,1.8333792177837124e-05,1.9190086001387517e-06,0.0032736099090178387,1.6414783577698372e-05,199.4305860642272,7.639742878243254
0.746793067535793,Z-norm2,0.003345064478800969,1.8585204434614866e-05,1.9485235946791767e-06,0.003326479274366354,1.663668083993569e-05,199.94849371524114,7.643484602617005
0.7506425163375239,Z-norm2,0.0033965961414885743,1.88350757647195e-05,1.9783208902791668e-06,0.0033777610657238547,1.6856754874440333e-05,200.38026837807956,7.646596641847674
0.7544919651392548,Z-norm2,0.0034464814866776326,1.9082782325382154e-05,2.0084013551128604e-06,0.0034273987043522505,1.7074380970269294e-05,200.73340932946246,7.649136943309539
0.7583414139409856,Z-norm2,0.00349468444025939,1.9327746306641672e-05,2.038766614183428e-06,0.0034753566939527488,1.7288979692458243e-05,201.0157195955734,7.65116451553621
0.7621908627427166,Z-norm2,0.003541189799675832,1.9569466564284374e-05,2.069421169688312e-06,0.003521620333111548,1.7500045394596063e-05,201.23492560762207,7.652736905594956
0.7660403115444475,Z-norm2,0.0035860024463555172,1.9807542888411196e-05,2.1003661706237137e-06,0.003566194903467106,1.7707176717787483e-05,201.3982782407507,7.653907539533781
0.7698897603461784,Z-norm2,0.003629146209609262,2.0041692616068265e-05,2.131603478870827e-06,0.0036091045169931936,1.7910089137197436e-05,201.51237044920396,7.654724595465532
0.7737392091479093,Z-norm2,0.00367066227381708,2.0271759969564167e-05,2.1631352287829536e-06,0.0036503905138475156,1.8108624740781213e-05,201.58297861387106,7.655230014594233
0.7775886579496402,Z-norm2,0.0037106073545544235,2.049771485951756e-05,2.194962940730363e-06,0.003690109639694906,1.8302751918787195e-05,201.6150170241408,7.655459289819861
0.781438106751371,Z-norm2,0.003749051672841556,2.071957216245283e-05,2.22708748527419e-06,0.003728332100679103,1.849248467717864e-05,201.61336703878385,7.655447482983903
0.7852875555531019,Z-norm2,0.003786076916440196,2.0937635737754777e-05,2.2595113768273414e-06,0.003765139280702441,1.8678124360927436e-05,201.580159118048,7.655209835801773
0.7891370043548328,Z-norm2,0.0038217742308383107,2.115220256761393e-05,2.2922341634508123e-06,0.0038006220282706966,1.8859968404163117e-05,201.51794249197965,7.654764487047989
0.7929864531565637,Z-norm2,0.0038562431611879103,2.136362204621461e-05,2.3252546911281684e-06,0.0038348795391416955,1.903836735508644e-05,201.42901266778733,7.6541276855197005
0.7968359019582946,Z-norm2,0.0038895853285315996,2.157226608994931e-05,2.358573066905976e-06,0.0038680130624416504,1.9213693023043334e-05,201.31543986898674,7.653314013639576
0.8006853507600256,Z-norm2,0.003921911618659392,2.1778476964843778e-05,2.3921912400321277e-06,0.0039001331416945485,1.938628572481165e-05,201.18000926309162,7.652343145167376
0.8045347995617564,Z-norm2,0.003953331791995816,2.198257523757506e-05,2.426114729918501e-06,0.003931349216758241,1.9556460507656558e-05,201.02560047709437,7.651235429136683
0.8083842483634873,Z-norm2,0.003983957102338395,2.2184809249437846e-05,2.460342673979995e-06,0.003961772293088957,1.972446657545785e-05,200.8557381226415,7.65001586720405
0.8122336971652182,Z-norm2,0.004013898076330978,2.238534635561036e-05,2.4948771467338083e-06,0.0039915127299753675,1.9890469208876553e-05,200.67463909770757,7.648714492774017
0.8160831459669491,Z-norm2,0.00404326312531838,2.2584260429439552e-05,2.5297204786250693e-06,0.004020678864888941,2.0054539950814483e-05,200.48721510191749,7.647366429960401
0.81993259476868,Z-norm2,0.004072157274346484,2.2781521544384517e-05,2.5648746859000087e-06,0.004049375752802099,2.021664685848451e-05,200.29907932544512,7.6460119795940065
0.8237820435704108,Z-norm2,0.004100684296416695,2.2976949878741833e-05,2.6003457922267808e-06,0.004077707346537954,2.0376604086515052e-05,200.11712104847356,7.644700792276111
0.8276314923721417,Z-norm2,0.004129254947557278,2.317044402701867e-05,2.6361289976138512e-06,0.0041060845035302595,2.053431502940482e-05,199.9620877370592,7.643582684682245
0.8314809411738726,Z-norm2,0.004160343414902698,2.3361662439228233e-05,2.67223205270431e-06,0.00413698175246347,2.0689430386523923e-05,199.95629049111454,7.643540857857418
0.8353303899756035,Z-norm2,0.0041882971884650835,2.355040780027797e-05,2.708648493281711e-06,0.004164746780664806,2.084175930699626e-05,199.8270260834825,7.642607906838095
0.8391798387773344,Z-norm2,0.004216209493782589,2.373617156798235e-05,2.7453789588730505e-06,0.004192473322214607,2.09907926091093e-05,199.72915745902867,7.641901149752121
0.8430292875790654,Z-norm2,0.004244228152966731,2.391861015112799e-05,2.78242859882738e-06,0.0042203095428156034,2.113618155230061e-05,199.6722791376778,7.641490244506507
0.8468787363807962,Z-norm2,0.004272245297497311,2.4097382921362245e-05,2.8197958398476144e-06,0.004248147914575949,2.127758708151463e-05,199.65364955627982,7.641355633639618
0.8507281851825271,Z-norm2,0.004300371845897062,2.427221117327203e-05,2.8574835813715707e-06,0.00427609963472379,2.1414727591900458e-05,199.68031890076946,7.641548333154988
0.854577633984258,Z-norm2,0.004328650621834218,2.4442873622874604e-05,2.895498077300704e-06,0.004304207748211343,2.15473755455739e-05,199.7555451292759,7.6420917420867704
0.8584270827859889,Z-norm2,0.004357109473543073,2.460923135672334e-05,2.9338365159471973e-06,0.00433250024218635,2.1675394840776145e-05,199.88102980417096,7.642997745868624
0.8622765315877198,Z-norm2,0.004385766778545241,2.4771227575783848e-05,2.9725007306254176e-06,0.004360995550969457,2.179872684515843e-05,200.05735114470912,7.644269831530794
0.8661259803894507,Z-norm2,0.004414631892107031,2.492881298407587e-05,3.0114933243163725e-06,0.004389703079122956,2.1917319659759495e-05,200.2846674350656,7.645908171274485
0.8699754291911815,Z-norm2,0.004443707371636252,2.5082258876080936e-05,3.0508199880968114e-06,0.004418625112760171,2.2031438887984125e-05,200.55998771692003,7.647890002702916
0.8738248779929124,Z-norm2,0.004472990787978949,2.523176563673178e-05,3.090476907524956e-06,0.004447759022342217,2.2141288729206824e-05,200.88076519571007,7.650195619026214
0.8776743267946433,Z-norm2,0.004502474675571306,2.5377561089223885e-05,3.1304653193150285e-06,0.004477097114482082,2.2247095769908855e-05,201.24411567184188,7.652802789572593
0.8815237755963742,Z-norm2,0.004532145360553844,2.5519901110961782e-05,3.170789106225671e-06,0.004506625459442882,2.2349112004736112e-05,201.6467347108852,7.655686233978448
0.8853732243981052,Z-norm2,0.004561977911542849,2.5659046762712957e-05,3.2114512506919616e-06,0.0045363188647801365,2.2447595512020996e-05,202.0848452276715,7.658817324779523
0.8892226731998361,Z-norm2,0.004591962923450079,2.5795178841126898e-05,3.2524497327064254e-06,0.004566167744608952,2.254272910842047e-05,202.55612009742575,7.662177865521448
0.8930721220015669,Z-norm2,0.004622047613371496,2.5928586893946585e-05,3.293787206151419e-06,0.004596119026477549,2.2634799687795164e-05,203.0554318956844,7.665729810802776
0.8969215708032978,Z-norm2,0.004652203780272554,2.6059285644790284e-05,3.3354655935505656e-06,0.004626144494627764,2.272382005123972e-05,203.58128537351183,7.669461134588231
0.9007710196050287,Z-norm2,0.004682390154308935,2.6187468264211462e-05,3.3774924503621597e-06,0.0046562026860447235,2.28099758138493e-05,204.13010184858084,7.673345133465755
0.9046204684067596,Z-norm2,0.00471255925032573,2.6313150332881994e-05,3.4198636537149994e-06,0.004686246099992848,2.2893286679166994e-05,204.69957702741544,7.677364311085337
0.9084699172084905,Z-norm2,0.004742657510421409,2.6436283174488062e-05,3.4625810843205983e-06,0.004716221227246921,2.2973702090167462e-05,205.28782034069388,7.681504225134892
0.9123193660102213,Z-norm2,0.004772609405018235,2.655677800567824e-05,3.505651857931927e-06,0.004746052627012556,2.3051126147746315e-05,205.89244085485052,7.6857470535408545
0.9161688148119522,Z-norm2,0.004802354066343151,2.6674518393544866e-05,3.5490744903604045e-06,0.0047756795479496055,2.312544390318446e-05,206.51190817971613,7.690081164525925
0.9200182636136831,Z-norm2,0.004831822697535604,2.6789345831042308e-05,3.5928481967665556e-06,0.004805033351704562,2.3196497634275753e-05,207.1447779515007,7.694495640705241
0.923867712415414,Z-norm2,0.004860940780741212,2.6901057228678314e-05,3.636977732839812e-06,0.004834039723512534,2.32640794958385e-05,207.78985578936192,7.69898141398984
0.927717161217145,Z-norm2,0.00488962969302436,2.7009651329831878e-05,3.6814662527175138e-06,0.004862620041694528,2.3328185077114364e-05,208.4439927761419,7.703515984962757
0.9315666100188759,Z-norm2,0.004917807963745332,2.7115057112097597e-05,3.7263108370325253e-06,0.004890692906633235,2.338874627506507e-05,209.10453468158923,7.708080538606583
0.9354160588206067,Z-norm2,0.00494539235147434,2.7217246068271943e-05,3.7715154916902376e-06,0.004918175105406068,2.3445730576581704e-05,209.76847317005715,7.7126540563506
0.9392655076223376,Z-norm2,0.00497229844738002,2.731623794765853e-05,3.817087488336622e-06,0.004944982209432362,2.349915045932191e-05,210.43238214046715,7.71721291892368
0.9431149564240685,Z-norm2,0.004998441122474832,2.741211035095535e-05,3.863022737297852e-06,0.004971029012123877,2.35490876136575e-05,211.09221272933243,7.721729547881883
0.9469644052257994,Z-norm2,0.005023735219700716,2.7504875424759376e-05,3.909324844750156e-06,0.004996230344275957,2.359555058000922e-05,211.7445968185585,7.726181345908228
0.9508138540275303,Z-norm2,0.0050480966479219255,2.75948390248966e-05,3.956002823978642e-06,0.0050205018088970285,2.363883620091796e-05,212.3836286281331,7.730528751550969
0.9546633028292612,Z-norm2,0.0050714435541068525,2.768223055645317e-05,4.003050753492787e-06,0.005043761323550399,2.3679179802960384e-05,213.00405527221113,7.734737087199621
0.958512751630992,Z-norm2,0.005093656603425374,2.7767270506759167e-05,4.050471337842806e-06,0.005065889332918615,2.371679916891636e-05,213.59920016348815,7.738762434542094
0.9623622004327229,Z-norm2,0.005114609546465079,2.785016990476804e-05,4.0982730318550835e-06,0.005086759376560311,2.3751896872912956e-05,214.16223739003067,7.742560306030046
0.9662116492344539,Z-norm2,0.005134305126424994,2.7931118468932046e-05,4.1464487398430355e-06,0.005106374007956062,2.378466972908901e-05,214.69181897913384,7.746123406853541
0.9700610980361848,Z-norm2,0.005152677753948737,2.8010191989338813e-05,4.195001608787834e-06,0.005124667561959399,2.381519038055098e-05,215.18482447843596,7.749432527791519
0.9739105468379157,Z-norm2,0.00516966797228408,2.808758303932275e-05,4.243939258617856e-06,0.005141580389244757,2.3843643780704895e-05,215.6373596474169,7.7524633396126585
0.9777599956396466,Z-norm2,0.0051852233162127,2.8163354825908176e-05,4.293255831617824e-06,0.005157059961386792,2.3870098994290352e-05,216.04686108006268,7.755200460104712
0.9816094444413774,Z-norm2,0.00519929891927972,2.823750669332831e-05,4.3429571900445545e-06,0.0051710614125863915,2.3894549503283755e-05,216.4117558222116,7.757635060500217
0.9854588932431083,Z-norm2,0.005211858016535836,2.830998184718108e-05,4.3930493856683e-06,0.005183548034688654,2.391693246151278e-05,216.73130712017687,7.759763757441094
0.9893083420448392,Z-norm2,0.005222883235378747,2.8380647747246346e-05,4.44352837999075e-06,0.005194502587631501,2.3937119367255597e-05,217.00616970382987,7.761592250299713
0.9931577908465701,Z-norm2,0.005232286377836324,2.8449305048443653e-05,4.4944011105888875e-06,0.00520383707278788,2.3954903937854766e-05,217.23472931838856,7.763110955026347
0.997007239648301,Z-norm2,0.00524016021614313,2.8515880883693297e-05,4.545673574714267e-06,0.005211644335259437,2.397020730897903e-05,217.4217464238284,7.76435243505615
1.0008566884500318,Z-norm2,0.005246469200143283,2.858014800361039e-05,4.597339547978363e-06,0.005217889052139673,2.3982808455632025e-05,217.56789084117148,7.765321845892753
1.0047061372517627,Z-norm2,0.00525114891534308,2.8642066204690663e-05,4.649405223555e-06,0.005222506849138389,2.3992660981135663e-05,217.6710142007428,7.7660054960008384
1.0085555860534936,Z-norm2,0.0052542257966497015,2.8701581355826802e-05,4.701872779249868e-06,0.005225524215293874,2.3999708576576935e-05,217.73281948906015,7.766415075231225
1.0124050348552245,Z-norm2,0.005255839550698969,2.875869453559209e-05,4.754736722499342e-06,0.005227080856163377,2.400395781309275e-05,217.75912526026482,7.766589366426126
1.0162544836569554,Z-norm2,0.005256049026052991,2.881345255023612e-05,4.8080070359661204e-06,0.005227235573502755,2.4005445514269998e-05,217.75207506127865,7.766542656779586
1.0201039324586862,Z-norm2,0.005254924691539242,2.8865881095702016e-05,4.861678920796778e-06,0.00522605881044354,2.4004202174905238e-05,217.7143306977738,7.7662925635211115
1.0239533812604171,Z-norm2,0.005252547951909568,2.8916301004273284e-05,4.915753584963286e-06,0.005223631650905295,2.4000547419309996e-05,217.6463544620047,7.765842045215797
1.0278028300621482,Z-norm2,0.005249010115680395,2.8964968969122505e-05,4.970241992439153e-06,0.005220045146711273,2.399472697668335e-05,217.5496788016718,7.7652010766068456
1.0316522788638791,Z-norm2,0.0052444112412642335,2.90121903676285e-05,5.025136868610726e-06,0.0052153990508966045,2.3987053499017776e-05,217.42558130827388,7.764377881084763
1.03550172766561,Z-norm2,0.0052388588151840365,2.9058303041234984e-05,5.080448349696636e-06,0.005209800512142802,2.397785469153835e-05,217.2755060518951,7.763381735259343
1.0393511764673409,Z-norm2,0.0052324664406979485,2.910363941632009e-05,5.136177225276283e-06,0.005203362801281628,2.3967462191043805e-05,217.10111649726636,7.762223335170101
1.0432006252690718,Z-norm2,0.005225346457336214,2.9148600398518086e-05,5.192321006355849e-06,0.005196197856937696,2.3956279392162237e-05,216.90337518094455,7.76090869238807
1.0470500740708026,Z-norm2,0.005217578867845885,2.9193483678621175e-05,5.2488930010608485e-06,0.005188385384167264,2.3944590677560327e-05,216.68298506474616,7.759442060666062
1.0508995228725335,Z-norm2,0.005209369631911874,2.9238523357764875e-05,5.305882090518657e-06,0.0051801311085541086,2.3932641267246217e-05,216.4462773126317,7.757865177440767
1.0547489716742644,Z-norm2,0.005200841932438231,2.928388244996277e-05,5.363296586367083e-06,0.0051715580499882684,2.392058586359569e-05,216.19696438366796,7.75620245614343
1.0585984204759953,Z-norm2,0.005192116652916575,2.9329665137228003e-05,5.421135962997893e-06,0.005162786987779347,2.390852917423011e-05,215.9391299295849,7.7544808849194045
1.0624478692777262,Z-norm2,0.00518331088527827,2.9375823371793197e-05,5.479397148960484e-06,0.005153935061906477,2.3896426222832713e-05,215.67806892320831,7.752735674273496
1.066297318079457,Z-norm2,0.005174536354240671,2.942223430661442e-05,5.538092761907611e-06,0.005145114119934057,2.388414154470681e-05,215.41967963568337,7.751006242887611
1.070146766881188,Z-norm2,0.005165897788918193,2.946870516162342e-05,5.5972130577643394e-06,0.00513642908375657,2.387149210385908e-05,215.17000535237645,7.749333170339469
1.0739962156829188,Z-norm2,0.005157491363420301,2.95149853843038e-05,5.656770562570186e-06,0.005127976378035997,2.385821482173361e-05,214.93546002296338,7.747759707808114
1.0778456644846497,Z-norm2,0.005149403365000083,2.956073215878995e-05,5.716762856345477e-06,0.005119842632841294,2.3843969302444473e-05,214.72274888042276,7.746331235924195
1.0816951132863806,Z-norm2,0.005141731140582968,2.9605647019888024e-05,5.7771928147414375e-06,0.00511212549356308,2.3828454205146587e-05,214.5386960291758,7.74509407775322
1.0855445620881115,Z-norm2,0.005134568164269686,2.9649436454560637e-05,5.83806844325564e-06,0.005104918727815126,2.3811368011304996e-05,214.38998067609757,7.744093674084083
1.0893940108898423,Z-norm2,0.005127926070335813,2.969184270398252e-05,5.89938159830946e-06,0.005098234227631831,2.379246110567306e-05,214.2793973682786,7.7433493335666315
1.0932434596915732,Z-norm2,0.005121839290033824,2.9732616410837008e-05,5.961148204478513e-06,0.005092106673622987,2.3771468206358497e-05,214.21086108013,7.742887820326008
1.097092908493304,Z-norm2,0.005116330395378216,2.9771578878033063e-05,6.023355745728501e-06,0.005086558816500183,2.374822313230456e-05,214.18692203464136,7.742726583533441
1.100942357295035,Z-norm2,0.00511141006417156,2.9808772216702424e-05,6.086014651469219e-06,0.005081601291954858,2.3722757565233205e-05,214.20786677018435,7.7428676537187675
1.1047918060967659,Z-norm2,0.005107077198268456,2.9844268549420417e-05,6.149122041857441e-06,0.005077232929719035,2.3695146507562974e-05,214.2731182564536,7.743307057098001
1.108641254898497,Z-norm2,0.005103319142340379,2.987823803868517e-05,6.212679560495734e-06,0.0050734409043016945,2.3665558478189436e-05,214.3807807864522,7.744031763914999
1.1124907037002278,Z-norm2,0.005100112072400509,2.991089548847079e-05,6.276694027046225e-06,0.005070201176912038,2.3634201461424567e-05,214.52813564221975,7.745023061227263
1.1163401525019587,Z-norm2,0.005097429925832755,2.9942670427158192e-05,6.341158968596308e-06,0.005067487255405597,2.3601511458561883e-05,214.7102851570666,7.746247491309987
1.1201896013036896,Z-norm2,0.005095266625348587,2.9973989370359096e-05,6.406090244158132e-06,0.005065292635978228,2.3567899126200963e-05,214.92338408505105,7.747678649125787
1.1240390501054205,Z-norm2,0.005093499038100726,3.000527990461526e-05,6.4714756055407095e-06,0.005063493758196111,2.3533804299074553e-05,215.15831838523567,7.7492548081745305
1.1278884989071514,Z-norm2,0.005092060612882897,3.0036985548723223e-05,6.537331411653496e-06,0.005062023627334174,2.3499654137069727e-05,215.40843102660997,7.7509309074481205
1.1317379477088823,Z-norm2,0.00509087870920978,3.00695758953565e-05,6.603648031634871e-06,0.005060809133314424,2.346592786372163e-05,215.66626995127027,7.752656747454374
1.1355873965106131,Z-norm2,0.005089876073683573,3.0103370881885583e-05,6.6704355919071636e-06,0.005059772702801688,2.343293528997842e-05,215.92568921425755,7.754391084349895
1.139436845312344,Z-norm2,0.005088972390497195,3.0138638939916775e-05,6.73769079902216e-06,0.005058833751557279,2.3400948140894613e-05,216.18071717003005,7.756094033458566
1.143286294114075,Z-norm2,0.00508808583470032,3.0175562822185296e-05,6.8054170469816395e-06,0.005057910271878135,2.3370145775203657e-05,216.42613274773458,7.7577309001654156
1.1471357429158058,Z-norm2,0.005087134565889393,3.0214344723490475e-05,6.873617226740982e-06,0.005056920221165902,2.334072749674949e-05,216.65649546999535,7.759265679751115
1.1509851917175367,Z-norm2,0.005086025291691316,3.0254840551542237e-05,6.942289177368455e-06,0.005055770451139774,2.3312551374173783e-05,216.86903205029205,7.760680246947288
1.1548346405192675,Z-norm2,0.0050846512505753234,3.029689424264942e-05,7.01144165100389e-06,0.005054354356332674,2.3285452591645532e-05,217.0606019548059,7.761954080064562
1.1586840893209984,Z-norm2,0.0050829561432856945,3.0340279964185194e-05,7.081067764572892e-06,0.00505261586332151,2.32592121996123e-05,217.230739371548,7.7630844568259825
1.1625335381227293,Z-norm2,0.005080874631793187,3.0384735622911143e-05,7.1511813159123454e-06,0.005050489896170276,2.32335543069988e-05,217.37913318965937,7.764069648591397
1.1663829869244602,Z-norm2,0.005078347993533286,3.042985199115425e-05,7.2217711765146e-06,0.0050479181415421315,2.3208080814639647e-05,217.5069184677221,7.764917480760595
1.170232435726191,Z-norm2,0.00507532471423844,3.0475235282763096e-05,7.292855105454479e-06,0.005044849478955677,2.3182380177308616e-05,217.6156822712138,7.765638716582073
1.174081884527922,Z-norm2,0.005071760876390964,3.0520531079407704e-05,7.364418185193779e-06,0.005041240345311556,2.3156112894213925e-05,217.70667505128733,7.766241832099907
1.1779313333296528,Z-norm2,0.005067620373470184,3.056538942303444e-05,7.436481081237533e-06,0.005037054984047149,2.3128908341796907e-05,217.7817867410778,7.766739495174616
1.1817807821313837,Z-norm2,0.005062874988685294,3.060951394079706e-05,7.509026547851301e-06,0.005032265474744497,2.310048739294576e-05,217.84239393499593,7.7671409315619915
1.1856302309331146,Z-norm2,0.005057400839869831,3.0652754134129266e-05,7.5820753052098e-06,0.005026748085735702,2.3070678828919465e-05,217.8847065147729,7.7674211259733115
1.1894796797348455,Z-norm2,0.005051288214055821,3.069503075696881e-05,7.65561076344404e-06,0.005020593183298852,2.3039419993524768e-05,217.91317597013685,7.767609620428102
1.1933291285365766,Z-norm2,0.005044539401340699,3.073633002844404e-05,7.729652990841412e-06,0.005013803071312255,2.3006677037602627e-05,217.92817203099708,7.767708898492212
1.1971785773383075,Z-norm2,0.005037164064305166,3.077678088604437e-05,7.804186100687619e-06,0.005006387283419121,2.2972594785356753e-05,217.9286811174811,7.767712268665426
1.2010280261400383,Z-norm2,0.005029179426950765,3.0816656558693166e-05,7.87923023308227e-06,0.0049983627703920714,2.2937426325610896e-05,217.91297329688314,7.767608278628402
1.2048774749417692,Z-norm2,0.005020609249850425,3.0856257531363657e-05,7.954769609817041e-06,0.004989752992319061,2.2901487921546614e-05,217.87898713884468,7.767383255377807
1.2087269237435,Z-norm2,0.005011483693677764,3.0895962904505345e-05,8.030824618804282e-06,0.004980587730773259,2.2865138285701065e-05,217.82451820498795,7.767022541910032
1.212576372545231,Z-norm2,0.005001838805872022,3.0936240586096194e-05,8.10737944550877e-06,0.004970902565285926,2.2828861140587426e-05,217.74641033004312,7.7665051251695525
1.2164258213469619,Z-norm2,0.004991647908442196,3.097750304198495e-05,8.184454544411164e-06,0.004960670405400211,2.2793048497573785e-05,217.63961963790194,7.765797401933389
1.2202752701486927,Z-norm2,0.004981044179464869,3.102014932915346e-05,8.262034014623722e-06,0.004950024030135715,2.2758115314529736e-05,217.5058857784859,7.764910631051229
1.2241247189504236,Z-norm2,0.0049700796575124955,3.1064610465331076e-05,8.340138122126846e-06,0.0049390150470471645,2.272447234320423e-05,217.34344245507555,7.763832757991321
1.2279741677521545,Z-norm2,0.004958806919273849,3.1111248528153455e-05,8.418750856839381e-06,0.004927695670745696,2.2692497671314074e-05,217.15087259763698,7.762553939894434
1.2318236165538854,Z-norm2,0.004947279351446954,3.116017505124761e-05,8.497892108686928e-06,0.004916119176395706,2.2662282942560685e-05,216.92956481286515,7.761082877649987
1.2356730653556163,Z-norm2,0.004935550368136898,3.1211499690953874e-05,8.577545940208942e-06,0.004904338868445944,2.263395375074493e-05,216.6806083662927,7.759426236304605
1.2395225141573472,Z-norm2,0.004923672730773832,3.126531524045388e-05,8.657731928420137e-06,0.004892407415533378,2.260758331203374e-05,216.4055904608437,7.757593958930015
1.243371962959078,Z-norm2,0.004911697986650334,3.132156498836709e-05,8.738434611644287e-06,0.004880376421661967,2.2583130376722805e-05,216.10717116048428,7.755603136224861
1.247221411760809,Z-norm2,0.004899678956287608,3.1379939431086686e-05,8.819673417782199e-06,0.004868299016856522,2.2560266013304487e-05,215.7908516675085,7.753489893647549
1.2510708605625398,Z-norm2,0.0048876777739533,3.144018146808897e-05,8.901433672621966e-06,0.004856237592485211,2.2538747795467008e-05,215.46173001953096,7.751287832573671
1.2549203093642707,Z-norm2,0.004875737835128275,3.1502012769471215e-05,8.983734567462118e-06,0.004844235822358804,2.2518278202009095e-05,215.12461027888884,7.749028768447066
1.2587697581660016,Z-norm2,0.0048638996683270045,3.1565062044302306e-05,9.066562180587523e-06,0.004832334606282703,2.2498499863714786e-05,214.7847472300237,7.746747734881461
1.2626192069677324,Z-norm2,0.00485220080212633,3.162888429765831e-05,9.149934992672932e-06,0.004820571917828672,2.2478949304985376e-05,214.448275692297,7.744485905560862
1.2664686557694633,Z-norm2,0.004840675614435486,3.16931322268222e-05,9.233839570871847e-06,0.0048089824822086635,2.2459292655950353e-05,214.11994384135576,7.742275369155213
1.2703181045711942,Z-norm2,0.004829355206140386,3.175748724946318e-05,9.31829313175075e-06,0.004797597718890922,2.2439194117712433e-05,213.80436809466016,7.7401475178758306
1.2741675533729253,Z-norm2,0.0048182672981379755,3.182165943455607e-05,9.40328270142732e-06,0.004786445638703419,2.241837673312875e-05,213.5054511609777,7.738129094573715
1.2780170021746562,Z-norm2,0.004807480666719648,3.1885474789825786e-05,9.488824084011764e-06,0.0047755951919298215,2.239665070581402e-05,213.22809623003627,7.736253738664972
1.281866450976387,Z-norm2,0.0047969792875780255,3.1948847827553246e-05,9.574905268127618e-06,0.004765030439750472,2.2373942559425628e-05,212.97231934400736,7.734522120975901
1.285715899778118,Z-norm2,0.004786775958724825,3.2011772780466445e-05,9.661540990349067e-06,0.004754764185944359,2.2350231790117378e-05,212.73892058903735,7.732940188301839
1.2895653485798488,Z-norm2,0.004776882108580336,3.2074349574608774e-05,9.748720973433785e-06,0.004744807759005727,2.232562860117499e-05,212.52739816499545,7.7315050293724354
1.2934147973815797,Z-norm2,0.004767305973922918,3.2136803413535954e-05,9.836459213454618e-06,0.004735169170509383,2.2300344200081336e-05,212.33614728207255,7.730206180732905
1.2972642461833106,Z-norm2,0.0047580527692332765,3.219939909447414e-05,9.924747546911136e-06,0.004725853370138803,2.2274651547563003e-05,212.16284169688134,7.729028193841552
1.3011136949850415,Z-norm2,0.00474912491384216,3.2262466740296345e-05,1.0013598882914974e-05,0.004716862447101864,2.2248867857381372e-05,212.00460523823818,7.727951793630211
1.3049631437867724,Z-norm2,0.004740522293459933,3.232644655996684e-05,1.0103006814256314e-05,0.004708195846899966,2.222343974571053e-05,211.85720575991039,7.72694838874934
1.3088125925885032,Z-norm2,0.004732286681726017,3.2391678878609045e-05,1.0192982186049302e-05,0.004699895002847408,2.2198696692559742e-05,211.71941163656942,7.726009739649009
1.3126620413902341,Z-norm2,0.00472437507042207,3.245851973265711e-05,1.028351981068244e-05,0.004691916550689413,2.2174999921974673e-05,211.58586548809333,7.7250994444888015
1.316511490191965,Z-norm2,0.004716773666211176,3.252730965946834e-05,1.0374627734099751e-05,0.004684246356551708,2.2152681925368584e-05,211.45278807923702,7.724191772707392
1.3203609389936959,Z-norm2,0.004709475454607753,3.259848964628102e-05,1.046630215811226e-05,0.004676876964961472,2.2132187488168763e-05,211.31562198547238,7.723255615485211
1.3242103877954268,Z-norm2,0.004702472790695086,3.267210156654916e-05,1.0558548512015745e-05,0.004669800689128536,2.2113553054533414e-05,211.17369414189181,7.72228631947708
1.3280598365971577,Z-norm2,0.004695757579923929,3.274824664148123e-05,1.0651365415084044e-05,0.004663009333282448,2.2096881226397185e-05,211.02567758349372,7.721274746377639
1.3319092853988885,Z-norm2,0.004689321446354305,3.282694050058094e-05,1.0744756406414947e-05,0.004656494505853724,2.2082184094165994e-05,210.87110251399216,7.720217593506542
1.3357587342006194,Z-norm2,0.0046831558687988545,3.290829100807496e-05,1.0838723561495072e-05,0.004650247577790779,2.206956744657989e-05,210.70859630787308,7.71910536296058
1.3396081830023503,Z-norm2,0.0046772799045962455,3.299192367629805e-05,1.0933268703271632e-05,0.004644287980919947,2.2058654973026415e-05,210.5426639384422,7.717968797487792
1.3434576318040812,Z-norm2,0.004671667121651403,3.307759339878413e-05,1.1028397481492267e-05,0.004638589528252619,2.2049195917291866e-05,210.3745436183843,7.716816331584457
1.347307080605812,Z-norm2,0.004666295595345936,3.3165007786157114e-05,1.1124109097344508e-05,0.004633130587559779,2.2040898688812606e-05,210.2060652323327,7.715660486831085
1.351156529407543,Z-norm2,0.004661156549825328,3.325390726298173e-05,1.1220412070474691e-05,0.004627902642562347,2.203349519250704e-05,210.03942416435882,7.714516335324212
1.3550059782092738,Z-norm2,0.004656241100422795,3.334383621232509e-05,1.1317301694255824e-05,0.00462289726421047,2.2026534518069264e-05,209.8785562666755,7.7134109607492
1.358855427011005,Z-norm2,0.004651540210072881,3.34344498715858e-05,1.1414788859916759e-05,0.004618105760201295,2.201966101166904e-05,209.72646934727962,7.712365143656404
1.3627048758127358,Z-norm2,0.004647044633842648,3.352545038662321e-05,1.1512864426916955e-05,0.004613519183456025,2.201258595970625e-05,209.58551584539003,7.711395207508559
1.3665543246144667,Z-norm2,0.004642744864361142,3.3616581240275804e-05,1.1611542212076325e-05,0.004609128283120867,2.200503902819948e-05,209.45785541276544,7.710516181176702
1.3704037734161976,Z-norm2,0.004638643041250282,3.3707639022065787e-05,1.1710809201629069e-05,0.004604935402228216,2.1996829820436718e-05,209.34541203523258,7.709741490434513
1.3742532222179284,Z-norm2,0.004634729570280131,3.3798525308034583e-05,1.1810683474456055e-05,0.004600931044972096,2.198784183357853e-05,209.24886943409913,7.709076017729675
1.3781026710196593,Z-norm2,0.00463097712668157,3.388922084579015e-05,1.1911148852737416e-05,0.00459708790583578,2.1978071993052733e-05,209.16702371749986,7.708511610818301
1.3819521198213902,Z-norm2,0.004627374645870806,3.39797831731528e-05,1.2012228618691304e-05,0.004593394862697653,2.1967554554461496e-05,209.0990533930304,7.708042720529228
1.385801568623121,Z-norm2,0.004623910686299795,3.407037023081112e-05,1.2113903955920528e-05,0.004589840316068984,2.1956466274890593e-05,209.0427602786849,7.707654269555239
1.389651017424852,Z-norm2,0.004620573401250473,3.4161194684358126e-05,1.2216200665351993e-05,0.004586412206566115,2.1944994019006133e-05,208.99582850621476,7.707330336609795
1.3935004662265829,Z-norm2,0.004617350522251166,3.425250909229836e-05,1.231910003059787e-05,0.004583098013158868,2.193340906170049e-05,208.95511501500908,7.707049264618185
1.3973499150283137,Z-norm2,0.004614229373133991,3.434462585806126e-05,1.2422624229745037e-05,0.00457988474727593,2.1922001628316224e-05,208.91727064558657,7.706787950943895
1.4011993638300446,Z-norm2,0.004611198037244671,3.443790837681106e-05,1.2526758291529284e-05,0.00457676012886786,2.191115008528178e-05,208.87813332729507,7.706517659721726
1.4050488126317755,Z-norm2,0.004608249679638434,3.453260703541099e-05,1.263151869555307e-05,0.004573717072603023,2.1901088339857923e-05,208.8351501819792,7.706220749983607
1.4088982614335064,Z-norm2,0.004605358473845173,3.462898629835144e-05,1.2736894801989695e-05,0.004570729487546821,2.189209149636175e-05,208.78450504861226,7.705870835978379
1.4127477102352373,Z-norm2,0.004602511288375448,3.4727289144552934e-05,1.2842897733835709e-05,0.004567783999230895,2.1884391410717225e-05,208.72337336253085,7.705448355898162
1.4165971590369681,Z-norm2,0.004599695317178569,3.482782184388437e-05,1.2949522426353474e-05,0.004564867495334685,2.18782994175309e-05,208.64818641602898,7.704928570428885
1.420446607838699,Z-norm2,0.004596898232394922,3.4930541056777566e-05,1.3056775182338199e-05,0.004561967691338145,2.1873765874439367e-05,208.55886076155917,7.704310797159864
1.42429605664043,Z-norm2,0.004594108354882663,3.503546388441023e-05,1.316465734733039e-05,0.0045590728909982526,2.1870806537079838e-05,208.4547217437448,7.703590241024572
1.4281455054421608,Z-norm2,0.004591314837519802,3.5142537842347004e-05,1.3273170103930666e-05,0.0045561722996774546,2.1869367738416338e-05,208.33580349348446,7.702766984428326
1.4319949542438917,Z-norm2,0.004588507855565863,3.525176407504137e-05,1.3382321112815674e-05,0.004553256091490822,2.1869442962225694e-05,208.20174063671848,7.701838319879223
1.4358444030456226,Z-norm2,0.004585675645644156,3.5362821937170464e-05,1.349210531114847e-05,0.004550312823706985,2.187071662602199e-05,208.05504005721417,7.700821427340171
1.4396938518473537,Z-norm2,0.00458281099801571,3.547545568370947e-05,1.3602536225668577e-05,0.004547335542332,2.1872919458040893e-05,207.8979694985488,7.699731857501169
1.4435433006490845,Z-norm2,0.004579910262589866,3.558940257231708e-05,1.3713601592816792e-05,0.004544320860017549,2.1875800979500292e-05,207.73277578617623,7.69858505031773
1.4473927494508154,Z-norm2,0.004576970034767282,3.57044201385938e-05,1.3825320975016689e-05,0.004541265614628687,2.1879099163577108e-05,207.56181873286124,7.697397272243037
1.4512421982525463,Z-norm2,0.004573988321090671,3.582019257526608e-05,1.3937675175652723e-05,0.0045381681285154045,2.188251739961336e-05,207.387845083838,7.696187530641661
1.4550916470542772,Z-norm2,0.004570964512284671,3.5936449373512044e-05,1.405068985025434e-05,0.004535028062911159,2.1885759523257704e-05,207.21364767312943,7.694975215877998
1.458941095856008,Z-norm2,0.0045678993559883285,3.6052990929518054e-05,1.41643435993658e-05,0.00453184636505881,2.1888647330152255e-05,207.04095126134445,7.693772340776861
1.462790544657739,Z-norm2,0.0045647809113071435,3.616966737919916e-05,1.4278658781754974e-05,0.004528611243927945,2.1891008597444186e-05,206.87083574836603,7.692586460942203
1.4666399934594698,Z-norm2,0.004561538555207701,3.627774151659121e-05,1.4393576092262666e-05,0.00452526081369111,2.1884165424328545e-05,206.78242582924338,7.691969767853217
1.4704894422612007,Z-norm2,0.004558896809898238,3.6385236442170596e-05,1.450914519301278e-05,0.004522511573456067,2.1876091249157815e-05,206.73307319607082,7.691625399626929
1.4743388910629316,Z-norm2,0.004555553117351582,3.650009894192649e-05,1.462542306656251e-05,0.004519053018409655,2.1874675875363977e-05,206.58834188712117,7.6906150326698945
1.4781883398646625,Z-norm2,0.004552167897472584,3.66150830703657e-05,1.4742363885735304e-05,0.004515552814402218,2.1872719184630394e-05,206.44679686534926,7.68962622426205
1.4820377886663934,Z-norm2,0.004548742935352608,3.6730281512911556e-05,1.4859969881572459e-05,0.004512012653839696,2.1870311631339097e-05,206.30765257931674,7.688653525945646
1.4858872374681242,Z-norm2,0.004545291952122772,3.6846046998893234e-05,1.4978247625181857e-05,0.0045084459051238784,2.1867799373711375e-05,206.1682489434103,7.687678356530323
1.4897366862698551,Z-norm2,0.004541828774904771,3.696274115746261e-05,1.5097190105378525e-05,0.0045048660337473085,2.1865551052084085e-05,206.0257261761502,7.686680685966727
1.493586135071586,Z-norm2,0.004538370128541585,3.708061658538056e-05,1.521681315246527e-05,0.004501289511956204,2.1863803432915294e-05,205.8786123726144,7.685650153661195
1.4974355838733169,Z-norm2,0.004534935799386788,3.7199787462462785e-05,1.5337100310238735e-05,0.004497736011924325,2.186268715222405e-05,205.72658706625543,7.684584442315244
1.5012850326750478,Z-norm2,0.004531547499436911,3.73203500169473e-05,1.545807617752206e-05,0.004494227149419963,2.1862273839425238e-05,205.5699778728102,7.6834857736808795
1.5051344814767786,Z-norm2,0.004528227552077499,3.7442396278218564e-05,1.557972036205469e-05,0.00449078515579928,2.1862675916163875e-05,205.40876025514694,7.682353900676954
1.5089839302785095,Z-norm2,0.0045249975841971535,3.7566072836841063e-05,1.570205690407991e-05,0.004487431511360313,2.1864015932761152e-05,205.2427845442759,7.681187693701464
1.5128333790802404,Z-norm2,0.004521879853259131,3.76915673740262e-05,1.5825071818669757e-05,0.004484188285885105,2.1866495555356445e-05,205.07119097036343,7.679981021604792
1.5166828278819713,Z-norm2,0.004518908117559619,3.7818973032968e-05,1.5948780626122398e-05,0.004481089144526651,2.18701924068456e-05,204.89482036399565,7.678739703993926
1.5205322766837024,Z-norm2,0.004516080399249992,3.794826616340977e-05,1.6073178314286273e-05,0.004478132133086583,2.1875087849123497e-05,204.71378967586705,7.677464476439548
1.5243817254854333,Z-norm2,0.004513406396781834,3.80791327588962e-05,1.6198269603668248e-05,0.004475327264022938,2.1880863155227954e-05,204.53156862569458,7.676179724309952
1.5282311742871642,Z-norm2,0.0045108940282578515,3.8211411736811126e-05,1.632405999610918e-05,0.00447268261652104,2.1887351740701946e-05,204.35010454935914,7.6748991712434185
1.532080623088895,Z-norm2,0.0045085502326367944,3.8345001781281035e-05,1.6450543086842933e-05,0.004470205230855513,2.1894458694438102e-05,204.1706211257504,7.673631476139846
1.535930071890626,Z-norm2,0.00450638168349526,3.847987320555251e-05,1.6577734498093298e-05,0.0044679018102897075,2.1902138707459213e-05,203.9938596849482,7.6723819167979785
1.5397795206923568,Z-norm2,0.004504376129868908,3.861578685110999e-05,1.6705616884819448e-05,0.004465760343017798,2.191016996629054e-05,203.8213464290102,7.671161344195762
