128
0.517071533228328 1.0039699947340985 0.10556379329344423 -0.11895644824849998 -0.0056706181405653229 0.11215166794415266 0.12936370670632732 0.18514317500340327 -0.021434950138746151 0.062813908658605894 -0.17505422248157124 -0.0062134663460461309 -0.077571622487101879 -0.11289221402908962 -0.062107100098505709 0.046514311980954452 0.13286506230725936 0.29811674810738553 -0.10160063659750279 0.047889793036575437 0.097115332032690849 0.11634629060002769 0.24493971769446052 0.10126932984088305 0.24743061712893341 0.0967003877045155 -0.0041186398607663856 -0.018376138226121188 0.013531559134929021 -0.1261192510857653 0.010810734066471922 -0.10510377791685216 -0.12483961061495825 -0.11385442529859575 0.023223755019365456 -0.021818621284654609 -0.065923200746209581 -0.10405847715305835 0.14423080561864871 0.022971325706558795 -0.065238719791671465 -0.036992546299326433 0.13173581375127433 0.029395853728571789 0.33517114151932031 -0.047114934967614833 -0.15241968582174673 0.16391120258416148 0.13299873410351887 0.16610212579687902 0.097115332032690849 0.0072880640477226092 -0.0041186398607663856 -0.018376138226121188 0.013531559134929021 -0.1261192510857653 0.010810734066471922 -0.036992546299326433 0.13173581375127433 0.029395853728571789 0.20556405513001386 -0.0098182071957666813 0.044594015206916499 0.010213099581962181 -0.02392024725496306 -0.11225620222242277 0.13559135563591587 -0.092993406310863044 0.11184075733389068 0.18820386289839269 0.020333330770931891 0.00014262740400847879 0.035213838233364672 0.021668665062751776 0.022209660854370313 -0.094182102807077533 0.015710891676572546 -0.062369652586778949 0.032677329557169642 0.090272860327551871 -0.072853743934438039 -0.067534350958764686 -0.048694149671727326 0.094379561657498404 0.062219749250479767 0.12345402560756899 -0.02708316157901533 -0.052805251374348584 0.18313227615269215 0.044205489931843589 0.11460127066317609 -0.017509588056362775 0.22954967345107158 0.079903256715085649 -0.08061801824976618 0.071821146317510326 0.078921607167142929 -0.0092680292233423903 0.004277055353276233 0.025853579239697343 0.11634629060002769 0.2526196550646535 -0.10510377791685216 -0.12483961061495825 -0.11385442529859575 0.023223755019365456 -0.021818621284654609 0.33517114151932031 -0.047114934967614833 -0.15241968582174673 -0.085338987431522795 -0.032543711835128247 0.15649750039724597 0.048220935412773856 -0.098636604487472163 0.034022356109640731 0.021912210523477881 0.14216076236789357 0.05720582564139879 -0.035034273680101105 0.00014262740400847879 -0.12491495986846302 0.0139373153553782 0.022209660854370313 0.12755189232341899 -0.0011865355671733658 -0.067534350958764686 -0.048694149671727326 0.094379561657498404 0.062219749250479767 0.12345402560756899 -0.084782024830044433 -0.11746594914867624 -0.016502840095628257 -0.029223831433887126 -0.090200613551988496 -0.080220703638404597 0.095792315374109885 -0.060661519861825476 0.05223922153339166 -0.10184493427942126 -0.08061801824976618 0.071821146317510326 0.078921607167142929 -0.018014426173790475 -0.024534483084177054 0.079945220372970374 -0.028987849569380539 0.072240515217870629 -0.059567436464695686 0.24493971769446052 -0.28857078719410922 -0.065923200746209581 -0.10405847715305835 0.14423080561864871 0.022971325706558795 -0.065238719791671465 0.16391120258416148 0.13299873410351887 0.16610212579687902 -0.14488761445294362 -0.024170319211172506 -0.12611743355430957 0.065047248220686388 -0.048381836037589714 -0.056266753803851322 0.058806811085940283 -0.14079283684694729 -0.017956707696475224 -0.12217756801969931 0.035213838233364672 0.0139373153553782 -0.11431198876702851 -0.094182102807077533 -0.0011865355671733658 -0.10026985998948504 -0.02708316157901533 -0.052805251374348584 0.18313227615269215 0.044205489931843589 0.11460127066317609 -0.080220703638404597 0.095792315374109885 -0.060661519861825476 0.05223922153339166 -0.10184493427942126 -0.053465107644566835 0.00056509141196135477 0.078904788769074419 0.029704860860295841 -0.0052722259261719778 -0.0092680292233423903 0.004277055353276233 0.025853579239697343 -0.028987849569380539 0.072240515217870629 -0.059567436464695686 0.0045759545550129593 -0.017608598840788959 0.08102457069913889 1 2 1
0.62315024007785524 0.89377335747497311 0.1230922543386866 -0.12706381261158675 -0.06698674017324191 -0.1936185662982744 -0.011470024017967049 0.048899369957157483 0.31584420308741634 -0.084642154145747966 -0.25250800573774734 -0.0018141840556478415 0.045022858525204136 -0.018676195677087001 0.065073303081885261 -0.16920910395283376 -0.13843714939932705 0.010628885897105872 0.080569664326919477 -0.013302992929673449 0.032762007118875121 -0.12030885426723756 0.064191474830319242 -0.081957915684782764 -0.0079169162599387281 0.08092277915574117 0.012986050818062554 -0.14669355425794017 0.016037556822788783 -0.12494329685917691 -0.19664678040112507 -0.019009659924826419 -0.10836695824614279 0.099903555990687953 0.046338002561344425 -0.30240523002003011 -0.13761456272101513 -0.0080866203908705851 0.095738991615368613 -0.050551247600636236 0.049946287803084771 0.20687754846505521 -0.11183897886833735 -0.10508750737258497 0.015366966958855878 0.059031288536923507 0.19398306812077895 0.10092634248033386 0.065878563223107103 0.070120373129293243 0.032762007118875121 -0.17851188626861583 0.012986050818062554 -0.14669355425794017 0.016037556822788783 -0.12494329685917691 -0.19664678040112507 0.20687754846505521 -0.11183897886833735 -0.10508750737258497 -0.031142246199680059 0.17729870644406154 -0.033543636462774688 -0.010015071221026479 -0.081172699421215369 -0.031058764227888377 0.12038260127957497 -0.009777942312844623 -0.23011601587155817 -0.075499035959225649 -0.12008869647963522 0.0012942251640767725 -0.14703922474238409 0.037070266071582925 0.063189779947235028 -0.083585043969160638 -0.17005164075444637 0.013404864830687705 -0.13912456515239688 -0.15156274529903604 0.03467133239787451 -0.055469081187547113 0.071476978872267782 0.065329711828439468 0.014816545487649293 -0.022988125284731924 -0.013288940483994292 -0.16002683399210466 0.050513248239065639 -0.084849779621125984 0.099031185873393587 -0.0255164411549136 0.13914883560350122 0.062791172348897237 -0.1496646621546199 0.014025382686915059 -0.033707906766126339 0.078882225613307322 0.10416975987064434 0.03595974669939888 -0.12030885426723756 0.15985219285161809 -0.019009659924826419 -0.10836695824614279 0.099903555990687953 0.046338002561344425 -0.30240523002003011 0.015366966958855878 0.059031288536923507 0.19398306812077895 -0.13212091262290279 0.10220411917821437 0.04545700524071699 0.041494161930811672 -0.24020733330485503 0.00018221151958101219 -0.10629626458198267 0.061094701333054696 -0.045033952986074655 -0.021193522443753516 0.0012942251640767725 -0.0027006490795789158 0.090629820569029435 0.063189779947235028 -0.062075580486512849 0.012510267067836478 -0.055469081187547113 0.071476978872267782 0.065329711828439468 0.014816545487649293 -0.022988125284731924 -0.013421655391645812 0.12429916208662928 -0.11979913229407287 -0.15959289884037786 -0.041582839421291588 -0.047419218592084249 -0.059169145392577574 -0.0431937696540396 -0.036616833283133129 -0.04165792746168516 -0.1496646621546199 0.014025382686915059 -0.033707906766126339 0.073457568678368043 -0.012440975579073957 0.012694087352949935 -0.031246925012135954 0.049245228978854333 -0.13178574812237795 0.064191474830319242 0.037792088746422051 -0.13761456272101513 -0.0080866203908705851 0.095738991615368613 -0.050551247600636236 0.049946287803084771 0.10092634248033386 0.065878563223107103 0.070120373129293243 -0.032392864354567875 0.10893364214125366 0.12034309887551882 0.027763518264488918 0.056570633280526306 -0.10454056924364874 0.11459451349207912 0.013705807730463097 0.048349710710333116 0.039983600394353391 -0.14703922474238409 0.090629820569029435 -0.03944302092657221 -0.083585043969160638 0.012510267067836478 0.063921842899942127 -0.013288940483994292 -0.16002683399210466 0.050513248239065639 -0.084849779621125984 0.099031185873393587 -0.047419218592084249 -0.059169145392577574 -0.0431937696540396 -0.036616833283133129 -0.04165792746168516 -0.069177896526304836 -0.013948361307561663 -0.20843727650300556 0.080043662851457878 0.045375767174917252 0.078882225613307322 0.10416975987064434 0.03595974669939888 -0.031246925012135954 0.049245228978854333 -0.13178574812237795 0.057020102828118639 0.025484032233702693 -0.081226573407073344 1 2 1
1.1758180565772822 0.54674514662922735 -0.15194934236338797 -0.0068266676400178077 -0.0111423347932581 0.066661190493939759 0.26031428876478663 0.11263181114410242 0.014406329285879224 0.075783663757909833 0.22388288861264971 0.21628059064081859 -0.20471145148860836 -0.011567022076426835 -0.079147764091496292 0.029395883226645356 0.013763244123254121 -0.12880507984614417 0.11197779124836342 0.12350274232828781 0.05974680437230883 0.038798120323087451 -0.0047192267438154762 -0.14992682968672519 0.11911176869939609 -0.044459979960660423 -0.055150800329775373 0.053122354804612061 -0.069908189530221349 0.070909696476647369 -0.025256521629171264 0.12093983194205228 0.10010116215185148 0.056961774170172778 -0.12271783822708154 0.18201036806149304 0.024791559283351635 0.16405830228395932 0.074375074330292626 -0.1297164194624304 0.025898441524693623 0.0010455874552265829 -0.29764278667254268 -0.010778443139476965 0.19265565713503563 -0.017789395604009973 0.28412110145415487 0.26517222259305545 -0.16905207282823093 -0.061862307883897003 0.05974680437230883 -0.15529027129878045 -0.055150800329775373 0.053122354804612061 -0.069908189530221349 0.070909696476647369 -0.025256521629171264 0.0010455874552265829 -0.29764278667254268 -0.010778443139476965 0.1667296323026882 -0.19287206711598906 -0.12375403273666803 0.11312183818781647 0.029266471621119436 -0.079066441564203116 0.099423007621040588 0.060560999081468614 -0.11776201562608964 -0.0078277493750664364 -0.1283900063834553 0.031893140874663453 -0.11290252990280261 0.17821690757301856 0.010073291390406296 0.072472424348277914 -0.25726168254609927 0.007647806406704147 -0.00054896698483172248 -0.040837287292412372 0.043822077204921317 -0.02158363387505343 -0.051166493938060956 -0.043082727921873697 0.052236529344274231 -0.037716466655915507 0.023026769555304406 -0.046836994356428976 -0.02332638898015954 0.0045809668277486011 -0.0085363538801675794 0.084706528480452348 -0.07840024468944834 0.051117064784336357 0.052984889798767948 0.030494353817931363 0.037915607815938786 0.082995757042600982 0.11314591739608819 -0.05175748685814853 0.038798120323087451 0.083260402548492998 0.12093983194205228 0.10010116215185148 0.056961774170172778 -0.12271783822708154 0.18201036806149304 0.19265565713503563 -0.017789395604009973 0.28412110145415487 -0.12115002321538781 -0.00073441383226850211 -0.021436530884621767 -0.036505474114796446 0.1326642660576752 -0.053359243612749546 0.13881852058013211 -0.046085193777048568 0.28568914908801973 -0.058800898135506034 0.031893140874663453 -0.078171977169033652 -0.028288110741051697 0.010073291390406296 -0.17235501023692076 -0.024801339771521085 -0.02158363387505343 -0.051166493938060956 -0.043082727921873697 0.052236529344274231 -0.037716466655915507 0.018482927441322468 0.034284197470934051 -0.026725111830099652 0.12174377883840543 0.25928929779321547 -0.013915169019953981 -0.070869469971121674 0.00066164932399647922 0.11239521209225434 -0.11386583198720475 0.052984889798767948 0.030494353817931363 0.037915607815938786 -0.097248517823816438 0.1441271994266265 -0.094013446114760729 0.0089281309831239358 -0.14887274957076313 0.10082023822557715 -0.0047192267438154762 -0.035617556141759973 0.024791559283351635 0.16405830228395932 0.074375074330292626 -0.1297164194624304 0.025898441524693623 0.26517222259305545 -0.16905207282823093 -0.061862307883897003 0.17607910162641877 -0.006445588134970673 -0.087152570077533978 -0.0081644688721316042 -0.15246095568985674 -0.04580124828967292 0.14175161229308295 0.0014639445445805263 -0.075436294377900143 -0.29119816594703812 -0.11290252990280261 -0.028288110741051697 -0.047438433505973793 0.072472424348277914 -0.024801339771521085 -0.075619331419537902 0.023026769555304406 -0.046836994356428976 -0.02332638898015954 0.0045809668277486011 -0.0085363538801675794 -0.013915169019953981 -0.070869469971121674 0.00066164932399647922 0.11239521209225434 -0.11386583198720475 0.085972758046562209 0.013634117425322667 0.12484516037256221 -0.055002128587318511 -0.18100291630373472 0.082995757042600982 0.11314591739608819 -0.05175748685814853 0.0089281309831239358 -0.14887274957076313 0.10082023822557715 -0.03345214545420741 0.045891069437090093 0.28855960576499562 1 2 1
1.0647560701049725 0.8353413848850374 0.077468961908316827 0.026387868817841813 -0.10967061512311517 0.13274304710597201 0.13349462430965958 -0.07405777790961969 -0.12972486290958135 -0.016797543307368417 -0.44821380912205394 -0.020588389366097224 0.19905612376748344 0.044884815662041423 -0.26126171405260934 0.3359701260970826 0.011183857103478649 0.21820219083984896 0.18162264607779932 0.25311353781916873 0.10043822890297786 -0.24963111266649846 -0.074403560676930172 0.25556441500934646 -0.064998334290433946 0.01535846162647168 0.2844944271151183 0.037074042821383081 -0.0040570918221775965 0.044263779966605653 0.12480949657325768 0.055032741353072512 0.0789389882752497 -0.25874387596743098 -0.10073810407882312 0.0059936950945068514 -0.071547455119764625 0.008907127447996422 0.20758669984556263 -0.014533220729671899 -0.010422181506898658 -0.16023397570979472 -0.18346633185753722 0.12322226787231548 0.19137027973917442 0.10863767726354502 -0.0026523784071893976 -0.088636701603515194 -0.10855273737337003 0.33179337963899763 0.10043822890297786 0.1612239747693652 0.2844944271151183 0.037074042821383081 -0.0040570918221775965 0.044263779966605653 0.12480949657325768 -0.16023397570979472 -0.18346633185753722 0.12322226787231548 0.0096439608038122373 -0.054811943212817349 -0.089734514930260925 -0.043486546133795809 0.11130423333079908 0.065683423802841243 -0.1119700173663047 0.055501077619706955 0.0049700380788824054 0.013522886926512557 -0.076160235949353214 -0.0067955861510168563 0.070857675702221068 0.035521758245005856 0.11356459944221144 0.071756859485735569 0.13186929903136321 0.11409353115740717 0.02628409181805565 0.034270566005229396 0.14734747491923458 0.00030100794427030154 0.06514404490449785 0.12637062541562424 0.081564224702805124 0.017433164291123997 0.10214624671301603 0.028633746119988292 0.041111979864300312 -0.077510256705193431 0.0017414161585612986 0.056442167452631212 -0.084150196969160873 -0.31547912611070883 -0.11374751859077058 0.038632743149367405 0.05071291590353115 -0.064446407508451847 -0.026641932838807926 -0.048416577990140416 -0.24963111266649846 0.13479976222219744 0.055032741353072512 0.0789389882752497 -0.25874387596743098 -0.10073810407882312 0.0059936950945068514 0.19137027973917442 0.10863767726354502 -0.0026523784071893976 0.25075043533831609 -0.0070626651901622081 0.077723052296482048 0.041324077623926557 0.0917589707496657 0.15405449008252384 -0.031527391672158192 -0.060372688550866117 -0.0036844071111985506 -0.085530058183112032 -0.0067955861510168563 0.08128769468597899 -0.03269717960588598 0.11356459944221144 -0.057525199369610439 0.048845593113059999 0.00030100794427030154 0.06514404490449785 0.12637062541562424 0.081564224702805124 0.017433164291123997 -0.036930661532688133 -0.083594421295971555 -0.19029185825246231 0.035433529707666715 0.049089397319176616 0.076972960574612906 0.0017472113632291328 0.046175155021911114 -0.06512255448007942 -0.14322156534647945 -0.11374751859077058 0.038632743149367405 0.05071291590353115 0.31657613542740037 0.16564676946114582 0.08980143159679492 -0.048532296115851727 -0.053450192939605533 0.0095871223585683729 -0.074403560676930172 0.072796800336695694 -0.071547455119764625 0.008907127447996422 0.20758669984556263 -0.014533220729671899 -0.010422181506898658 -0.088636701603515194 -0.10855273737337003 0.33179337963899763 0.022597725966140444 0.0029252195016668124 -0.063082870952368489 0.07170478789960745 0.11121330556846838 -0.10063314313346428 0.0053115720376927895 -0.17157628032228645 0.018399914235728142 -0.030926364162298589 0.070857675702221068 -0.03269717960588598 -0.068322381060303417 0.071756859485735569 0.048845593113059999 0.10025158506686074 0.10214624671301603 0.028633746119988292 0.041111979864300312 -0.077510256705193431 0.0017414161585612986 0.076972960574612906 0.0017472113632291328 0.046175155021911114 -0.06512255448007942 -0.14322156534647945 -0.021012059782207007 0.088378522183517744 -0.2497224623764403 0.11673674500860032 0.1780570353534916 -0.064446407508451847 -0.026641932838807926 -0.048416577990140416 -0.048532296115851727 -0.053450192939605533 0.0095871223585683729 -0.17270210678458536 0.087962516353561407 -0.12655485882534659 1 2 1
0.77167570537129881 1.2520233309031652 -0.084004699486451048 0.026089666993635619 -0.019797864890993305 0.063846334442196381 -0.11425840676585934 -0.024489755042527494 -0.0013371999619171447 -0.079410906432483261 -0.12125475755462674 0.031493630556152806 0.018861203954270756 -0.049914157025954357 -0.10066226830995967 0.07784368294292679 -0.12840234030014608 0.06413657602556451 -0.030630101655043117 -0.15775426014566502 -0.054674742658589258 0.047069767516746526 0.099631627431824035 0.0089789959429946269 0.059075006610448177 0.16584742148019005 0.076781523889999773 0.031872252967473633 -0.16236118217079118 -0.15718406945761698 -0.014473365162457759 -0.07933854183758203 -0.053371161930759553 -0.04684280579166774 0.12671904154029251 0.13354116010091935 -0.18487025391669279 -0.1015964820311564 -0.17487579907751391 -0.026278686343120038 -0.045070032103092877 -0.0035950452575081769 0.22770897422299863 0.089042106571883883 -0.023350325296737823 0.090699006530613913 0.055148944465527316 -0.050645344295480191 -0.15119380484191394 -0.026574962596674669 -0.054674742658589258 0.10034402900557471 0.076781523889999773 0.031872252967473633 -0.16236118217079118 -0.15718406945761698 -0.014473365162457759 -0.0035950452575081769 0.22770897422299863 0.089042106571883883 0.10113985933775552 -0.1339911746565271 0.10087242032814264 0.014481811730972176 -0.18872869739731046 -0.13008232278085888 -0.0020560588748163773 -0.0011322492492935074 0.091886005018085595 -0.026639787303164311 -0.040577829089186473 -0.077328329623771896 -0.071346568757905779 0.09731724360714776 0.0021289309071741008 0.1168360624064763 0.068808231250451768 -0.040878892895809815 0.10359460416690365 -0.02519882289070996 0.02177185237674352 -0.039021725632408737 0.0017290449141481555 -0.12580132712636596 -0.033093959237687126 -0.030696460656675306 -0.044789946557795619 0.011713391377453452 0.11421660060931138 0.010919295554427918 -0.13046950866755641 -0.13588706448707052 0.078081309685771413 0.00091895127352592358 0.043994691741757491 0.0071050164408659779 -0.017542657376263524 -0.095256536166841654 0.04136494958842727 8.0326220717297225e-05 0.047069767516746526 0.00018474016779495769 -0.07933854183758203 -0.053371161930759553 -0.04684280579166774 0.12671904154029251 0.13354116010091935 -0.023350325296737823 0.090699006530613913 0.055148944465527316 0.020766091765699282 0.041515281376198088 0.0043399462564023402 -0.092397562487163784 0.024254538052132034 -0.017058674785434991 -0.024771132591789476 0.02985927654044428 0.033683356527264695 0.095686914782695434 -0.077328329623771896 0.061323517843001975 0.10172502668811555 0.0021289309071741008 0.0079699794756730256 0.045428896789422163 -0.039021725632408737 0.0017290449141481555 -0.12580132712636596 -0.033093959237687126 -0.030696460656675306 -0.051802708503231744 0.0065195288492051395 -0.0015424110030935979 -0.030207224874434259 0.013171886359986163 0.078775091562320154 -0.05251942385481146 -0.011432792156334196 -0.017559075353924272 -0.055259099549794431 0.043994691741757491 0.0071050164408659779 -0.017542657376263524 -0.016609447556142697 -0.0058681343059298818 0.17594143286136921 -0.071126759968139081 0.081652178364699846 0.086377278073799774 0.099631627431824035 0.053268878563328473 -0.18487025391669279 -0.1015964820311564 -0.17487579907751391 -0.026278686343120038 -0.045070032103092877 -0.050645344295480191 -0.15119380484191394 -0.026574962596674669 -0.044090527582561136 -0.069872285684714527 -0.13436490929135902 0.0028013918906478002 -0.042158627599490621 -0.087992360647230469 -0.13853964243929173 0.080846504273146907 -0.018115600206439011 -0.044820279291800519 -0.071346568757905779 0.10172502668811555 0.066997548543305613 0.1168360624064763 0.045428896789422163 -0.14702101748179927 -0.044789946557795619 0.011713391377453452 0.11421660060931138 0.010919295554427918 -0.13046950866755641 0.078775091562320154 -0.05251942385481146 -0.011432792156334196 -0.017559075353924272 -0.055259099549794431 0.063771166982183353 -0.13222183744095434 -0.045563421970255806 0.037359328669090634 -0.057225685341882229 -0.095256536166841654 0.04136494958842727 8.0326220717297225e-05 -0.071126759968139081 0.081652178364699846 0.086377278073799774 0.18215094700914441 0.08251894987976599 -0.11928532578982787 1 2 1
0.99514639861167709 0.59175025750473154 0.006099776205184761 -0.11664156771023239 -0.11851607054719354 -0.05446970359023387 -0.079470907260284149 -0.1287832757646743 -0.089202030118549477 0.079272339285779411 0.034685451034803215 0.12885905537513215 -0.030280884204183806 0.12020685299338531 0.010991655295946456 -0.089089097341778084 0.055504481222468711 0.10346882737181459 0.04759970933180447 -0.033511611928958088 0.038002890321656491 0.034924039671680625 0.022145580731130696 -0.077003791930894433 -0.06775520752960644 0.21391989801565084 -0.15405914566455844 0.042714901933460808 -0.039963197496900166 -0.20194237604751639 0.09100498669063746 -0.061253831678661136 0.050939990617032374 -0.03593328088299106 0.10290672699107503 -0.035239446578440907 -0.041761863458191238 0.071346041872708821 -0.24847851255490561 0.11634636529897274 -0.24257420840670599 0.041726037964190853 0.12205960369788106 0.0031690192534843875 -0.19577057353089794 -0.04538693524272587 -0.10980361992103874 0.016492601499341484 0.12067581238631987 0.080785445904208497 0.038002890321656491 -0.099977261841533521 -0.15405914566455844 0.042714901933460808 -0.039963197496900166 -0.20194237604751639 0.09100498669063746 0.041726037964190853 0.12205960369788106 0.0031690192534843875 -0.083676991153823529 0.079382622562715069 0.10239414755080607 0.088015800867726979 0.016656271555744662 0.11772473451480599 -0.10996674687514696 -0.19748040524617352 0.065405904755177352 -0.073255995384664374 0.046173267213950597 -0.12858637907336032 -0.03118205711393424 -0.085889556658010235 -0.10704765141521114 -0.0037764911752757035 0.20612371333904267 0.099595931877702298 -0.083639614217657587 0.0061771473059647891 -0.042117319008848325 -0.027434087606567167 0.015519617832221444 -0.06024190957151012 -0.014995541141303985 -0.07159241222600414 -0.16945318318153524 0.097620033724128766 0.091683119473417229 -0.10958984982714381 -0.11870916252494862 0.075824189212025689 -0.064121987691395418 0.17008821069465926 0.035427689292884035 0.0089617462851185221 -0.067932130546570546 -0.089688298879319284 -0.11984321463819797 0.040453442159679512 0.034924039671680625 -0.088852772940529415 -0.061253831678661136 0.050939990617032374 -0.03593328088299106 0.10290672699107503 -0.035239446578440907 -0.19577057353089794 -0.04538693524272587 -0.10980361992103874 0.10973293724476701 0.021368255806950259 -0.14315442164305434 -0.064048306106419858 -0.054017791906082469 0.030927188878823481 0.096729428156723862 -0.17117514516402818 -0.090633932198530776 0.12064121251000143 -0.12858637907336032 0.19084823265834508 -0.070496195089162078 -0.10704765141521114 6.4897214400403219e-05 -0.012562907203974516 -0.027434087606567167 0.015519617832221444 -0.06024190957151012 -0.014995541141303985 -0.07159241222600414 -0.047255872830373226 0.15687131360410578 0.15164469157952265 -0.012058709262905566 0.16789600639163968 -0.07945163019662764 -0.016065902938180457 -0.084020374533524012 -0.03852566579767705 0.00526648286717879 0.035427689292884035 0.0089617462851185221 -0.067932130546570546 0.022014507430784189 0.0033311219114246105 0.063650814087101604 -0.039754610413325564 -0.041244686573359834 -0.15289552591504724 0.022145580731130696 0.20179467583419744 -0.041761863458191238 0.071346041872708821 -0.24847851255490561 0.11634636529897274 -0.24257420840670599 0.016492601499341484 0.12067581238631987 0.080785445904208497 -0.091465229943295145 -0.036909632513329446 0.072601522911401623 0.096292611119073168 0.0063596652630293947 0.098659783780421006 0.1542856110047203 -0.0053540115171124654 0.062421268307549072 -0.01558357062579949 -0.03118205711393424 -0.070496195089162078 -0.059808419060310494 -0.0037764911752757035 -0.012562907203974516 0.099154629321077756 -0.16945318318153524 0.097620033724128766 0.091683119473417229 -0.10958984982714381 -0.11870916252494862 -0.07945163019662764 -0.016065902938180457 -0.084020374533524012 -0.03852566579767705 0.00526648286717879 -0.017030338911384658 -0.060331934399967084 -0.008410662497084935 0.0026868023063069345 0.15767096290387661 -0.089688298879319284 -0.11984321463819797 0.040453442159679512 -0.039754610413325564 -0.041244686573359834 -0.15289552591504724 -0.024316723957605636 0.035438442081103839 -0.036413062131068603 1 2 1
0.29518288609112359 1.0735378307506274 -0.048664825345189788 -0.16122821057305931 0.19050388297669654 -0.015910520659329002 0.095462101575707059 0.25329771006233781 0.0023120046991256357 -0.050360001602215217 0.037075317946417087 0.082266654939980338 0.03547677783837648 -0.049406789787163091 -0.017470483446896768 -0.27165476227616481 -0.13911517449330582 0.11300787332255652 0.002930363608206546 -0.097347369040959669 0.12978439045733839 0.095094010715066568 0.14471301284802113 -0.080378668719795862 0.19366852492231723 -0.12273334371893241 0.044823252149642501 0.23061273642860372 -0.058728845156393719 -0.04995581366575854 -0.032286179967705379 -0.041370376973469264 0.083443633556245581 -0.211835275223242 0.21075681414203115 0.12266353927071594 0.071812049791550009 -0.054550361168323701 -0.012446010131377923 0.036037871301582272 -0.13338162647451782 -0.016477533265059807 0.077588269075828664 -0.049457572578321882 0.047524115471021054 0.12317562728485607 0.2657976080418234 -0.03663661071026772 -0.077032411118300378 -0.19570770787828487 0.12978439045733839 -0.74430846796733086 0.044823252149642501 0.23061273642860372 -0.058728845156393719 -0.04995581366575854 -0.032286179967705379 -0.016477533265059807 0.077588269075828664 -0.049457572578321882 -0.012533600426534086 -0.033696180565423388 -0.12429881323372072 0.071679782879627729 -0.10485506960062108 0.12085454041197799 -0.14540472770553087 -0.12370488609109578 0.025029038098440998 0.0032327843744286823 0.27552666780441171 0.0017015204405453985 0.024241400783843459 -0.05816479637566057 -0.043693622269884394 -0.068275911065006065 -0.082889400600042476 -0.1792656094796784 0.11299882673501019 0.10140876508047547 -0.076344546455454423 0.024995198380100853 -0.053215760708422148 -0.071031066394901116 -0.073998624121965659 -0.10396658331483002 0.037527257561405937 0.074845286751994256 -0.095308021861330139 0.04984093565586252 -0.061824797613391533 0.11703991742699399 -0.10610895811124486 0.13068878387104088 0.050265150312816996 -0.059979160716003024 -0.0011151410236800094 0.050562585536687285 0.057212381554524565 -0.137936364965841 0.095094010715066568 0.31025344373662755 -0.041370376973469264 0.083443633556245581 -0.211835275223242 0.21075681414203115 0.12266353927071594 0.047524115471021054 0.12317562728485607 0.2657976080418234 -0.10969866244401359 0.084743054592812089 -0.13516740898814814 0.067150790194035151 0.0026788501044746828 0.070960692495838681 -0.1043903672890254 0.06672692494339659 0.1399409485035078 -0.10452480722586453 0.0017015204405453985 0.054808160886547344 -0.089532245856834392 -0.043693622269884394 -0.12939789516520117 -0.075288097351150773 0.024995198380100853 -0.053215760708422148 -0.071031066394901116 -0.073998624121965659 -0.10396658331483002 0.037969827556647594 -0.09255051070038238 0.10407934499024232 0.036822217655156447 0.11332956171643796 -0.020830795588996975 -0.043098139384595127 0.038838140084186012 0.095909229046698172 -0.01337307503837154 0.050265150312816996 -0.059979160716003024 -0.0011151410236800094 -0.078059865621782173 0.0047811785327139776 0.11897437409956411 0.048605125811098784 -0.045407869887044074 0.10184706686454376 0.14471301284802113 -0.94208794180343591 0.071812049791550009 -0.054550361168323701 -0.012446010131377923 0.036037871301582272 -0.13338162647451782 -0.03663661071026772 -0.077032411118300378 -0.19570770787828487 0.059001214925980483 0.0011247133781617663 -0.1039196086495261 0.1014856123345711 0.043466734012237579 0.059732938754698983 -0.069980631971373081 0.0684372390663298 -0.014125724250582179 -0.097908058546337995 0.024241400783843459 -0.089532245856834392 -0.081149899779281387 -0.068275911065006065 -0.075288097351150773 0.0014589226505240787 0.037527257561405937 0.074845286751994256 -0.095308021861330139 0.04984093565586252 -0.061824797613391533 -0.020830795588996975 -0.043098139384595127 0.038838140084186012 0.095909229046698172 -0.01337307503837154 0.057893422139437239 0.01685795122992257 -0.026986456712940934 -0.00041482758843631871 0.10522755538551135 0.050562585536687285 0.057212381554524565 -0.137936364965841 0.048605125811098784 -0.045407869887044074 0.10184706686454376 0.068125262024099451 -0.037991407865662262 0.0909310739394842 1 2 1
1.193979647304471 0.24834843379001573 0.097549687804654478 -0.025872756414500809 0.12902671295481863 0.0066943552529673093 -0.13804062416956944 0.17418679478551566 -0.1764361295247128 0.27795820084707534 -0.12237466703242092 0.14281785950142312 -0.0048100329777190634 0.17291604624172183 0.00037009648565683825 0.13512259468368004 -0.22554564065442412 0.058622706000942125 -0.047587770944592774 0.014698307977147333 0.066213238134528327 -0.11418793765389711 -0.085588530101414012 0.11686526218906737 0.22284746417560342 -0.0023635144779064589 0.13689928360468981 -0.092681723628344606 -0.25139155345669023 0.10981693202231821 0.050227210637636681 0.11885345267772264 0.20543921095282211 0.043034147733054508 -0.15533902679933992 -0.12853976042930304 0.0050619261816450744 -0.14460582845336847 0.1252932118531179 -0.31154218930506195 0.079827995839393762 -0.1027607733475016 0.091838688708404212 0.14832641480658554 -0.31010339384173924 -0.29943482396822318 0.046041375548004193 -0.025123064631826175 0.015358960506777986 -0.0033561961246628448 0.066213238134528327 0.084106381904334046 0.13689928360468981 -0.092681723628344606 -0.25139155345669023 0.10981693202231821 0.050227210637636681 -0.1027607733475016 0.091838688708404212 0.14832641480658554 0.13058228681991577 -0.0028179710175458791 0.16899813099357677 0.0032846899249544697 -0.053446867777382945 -0.022603828246038814 0.0021323879485239316 -0.20462637185707636 0.017504424820784518 0.022760793507417599 -0.06890740865639601 0.024726263382168011 -0.00017656562969538617 0.024314069105444924 -0.040071235674613147 -0.13797924705391756 0.20013095779247714 -0.042221379959806876 -0.071212532321426353 -0.049671619082931634 -0.094626650930720257 -0.051509556615372612 -0.010311368609215499 -0.064249183779941779 -0.045718122647541021 -0.04904685418699109 -0.00041376822145099221 0.032292408628686653 -0.045245739888215661 0.021521768556722068 -0.073299041757936029 0.30746253523860712 -0.1026598894345028 -0.086001875383183546 -0.0040041571757131363 0.13413805694187461 0.016738433744695625 -0.16255821558549316 -0.015379519257001335 0.084072917839145347 -0.11418793765389711 0.21039375354243534 0.11885345267772264 0.20543921095282211 0.043034147733054508 -0.15533902679933992 -0.12853976042930304 -0.31010339384173924 -0.29943482396822318 0.046041375548004193 0.084872427857273003 0.10993015258476202 -0.011580969463209856 -0.03870910210394031 -0.0076331003554629094 -0.015186747390244774 0.057741967598049532 0.078280806186763724 0.07769304735552697 0.18773624666389299 0.024726263382168011 -0.073713428730215275 0.0309028504208138 -0.040071235674613147 -0.022160095199635309 -0.032518798045360321 -0.051509556615372612 -0.010311368609215499 -0.064249183779941779 -0.045718122647541021 -0.04904685418699109 0.004688294930797538 0.10104893970716773 -0.015840340273813838 0.23448974190189154 -0.058664816975386072 -0.064429888510923877 0.072915428193649101 -0.079442358130556737 0.060575818829439319 0.0005550223942535383 -0.0040041571757131363 0.13413805694187461 0.016738433744695625 -0.041157302718757754 -0.092766525945547074 -0.038449530927298727 0.079741367582150863 -0.063181665845820537 -0.11082198011183761 -0.085588530101414012 0.015822935479528909 0.0050619261816450744 -0.14460582845336847 0.1252932118531179 -0.31154218930506195 0.079827995839393762 -0.025123064631826175 0.015358960506777986 -0.0033561961246628448 0.077797026514680401 -0.04587756483147265 0.032043522187484373 -0.057615310304101233 -0.044846536145439431 0.15555504133987663 0.051497545750577668 0.025939169890654076 -0.01094437743799042 -0.104105091212532 -0.00017656562969538617 0.0309028504208138 -0.05664589464264537 -0.13797924705391756 -0.032518798045360321 -0.072121235773761505 -0.00041376822145099221 0.032292408628686653 -0.045245739888215661 0.021521768556722068 -0.073299041757936029 -0.064429888510923877 0.072915428193649101 -0.079442358130556737 0.060575818829439319 0.0005550223942535383 -0.026605879175223036 -0.099448777116909692 -0.07061367827385491 0.069927960653893978 -0.12580030007765458 -0.16255821558549316 -0.015379519257001335 0.084072917839145347 0.079741367582150863 -0.063181665845820537 -0.11082198011183761 -0.041682487881808991 -0.016963804311172063 -0.059914925748548592 1 2 1
0.48959783937482965 1.9766226492872367 0.33031590674625433 0.12065001766396108 0.1830934555053968 -0.0040918650310914541 -0.16626861056328299 0.2161260633181106 0.038588623059695994 0.069499638241678457 -0.3967135996627778 0.2096448580122251 -0.035044516925741037 -0.089289388132646016 -0.087941296281481965 0.073812602986948431 0.11157689668815793 0.15406971177403653 -0.026315125882815846 0.057646903178514106 0.14323591302973676 -0.091574983327269502 0.013688002032447267 0.2589749283813203 0.1193080962977881 0.057633247499203899 0.12142576414480974 -0.085809498623584363 -0.0016046345678163096 -0.13486154718784052 0.03745109779563402 -0.074276089069386625 0.04720258139205806 0.053633549346269842 -0.13453249288941527 -0.13736289106760954 0.0032772307901891835 -0.11826380694267041 -0.092536602650287861 0.025585287090746228 0.16849427019964991 0.020651093886149535 -0.062237670172545854 0.21527759134929644 -0.098511720243995932 -0.076647859465627702 0.17854316003516274 -0.003583469848493052 0.072781511984985933 0.079194190910769804 0.14323591302973676 -0.049322974005419414 0.12142576414480974 -0.085809498623584363 -0.0016046345678163096 -0.13486154718784052 0.03745109779563402 0.020651093886149535 -0.062237670172545854 0.21527759134929644 0.1426064283481818 0.10037898446628585 0.11278822789961152 -0.023781903929927319 -0.059754010936739092 -0.049163008687128029 -0.0058788430627244419 0.19527837080989516 0.079889706274729994 0.042873103137648701 -0.12725169863443461 -0.082442758519145343 -0.078811050627154128 0.02134609406504329 0.095570293138633189 0.07782703241182197 -0.021109831487810121 0.038707393862625929 0.038088023359324638 -0.061038877728224528 -0.027311278594900918 0.059045462779740515 0.038388414837174423 -0.010171343720404943 0.053377517229293861 0.020576790087452147 -0.10239628009051358 -0.021836444054218529 -0.0012880655925807775 0.002279756386421028 -0.048940909438415559 0.00092971361364880341 -0.086106607517599396 -0.00043264253570729174 -0.12705847312251384 -0.039891195096365947 -0.076266902453352575 -0.11797106977895498 0.11578240777253521 -0.046572795378606383 -0.091574983327269502 0.61339584920155488 -0.074276089069386625 0.04720258139205806 0.053633549346269842 -0.13453249288941527 -0.13736289106760954 -0.098511720243995932 -0.076647859465627702 0.17854316003516274 -0.13097820874491073 -0.02979176119599164 -0.023312603868964214 0.1061457106749631 0.15285414084310237 0.10230878150941343 -0.12742338436725303 -0.16744805596482684 0.048236353298497833 0.17011304496165211 -0.082442758519145343 0.18345413202798588 -0.0098187915316822749 0.095570293138633189 -0.096004911657610131 0.0038893994311182539 0.059045462779740515 0.038388414837174423 -0.010171343720404943 0.053377517229293861 0.020576790087452147 0.099026850493568963 0.0055083034534932568 0.02567871083395969 0.049838299367004409 0.17182722465803993 0.067524591895831571 -0.044795823377711597 0.049578582435198658 0.019857944782272756 0.043311622032493162 -0.12705847312251384 -0.039891195096365947 -0.076266902453352575 0.078638687549518402 -0.040499058869572904 0.13342380941853196 0.01229063953514176 -0.054909250219237676 0.0080402787344015063 0.013688002032447267 0.06245377368785604 0.0032772307901891835 -0.11826380694267041 -0.092536602650287861 0.025585287090746228 0.16849427019964991 -0.003583469848493052 0.072781511984985933 0.079194190910769804 0.14496503210489373 -0.016616450651743435 0.095768056615417957 -0.084048333395452951 -0.15193215265869553 -0.1626465401280929 0.061194064062382675 -0.018536600411645426 0.054564984537217857 0.091284926299640898 -0.078811050627154128 -0.0098187915316822749 -0.081894694993427386 0.07782703241182197 0.0038893994311182539 0.087891211873703218 -0.10239628009051358 -0.021836444054218529 -0.0012880655925807775 0.002279756386421028 -0.048940909438415559 0.067524591895831571 -0.044795823377711597 0.049578582435198658 0.019857944782272756 0.043311622032493162 0.0058973775333245266 -0.058550813739881073 -0.00056174883990113805 0.14539390968288388 0.044563072139282428 -0.11797106977895498 0.11578240777253521 -0.046572795378606383 0.01229063953514176 -0.054909250219237676 0.0080402787344015063 -0.020628776871125735 -0.019670463362134655 -0.059573306542278728 1 2 1
0.37767781978862108 1.5674253662563424 -0.11221155818706958 0.12827364012900366 -0.33125398835792236 -0.065915645574062501 -0.13449032678288719 -0.22612911795791502 0.0053312932116188665 0.16670444265145801 0.0013690378135790388 -0.15024130004358657 0.14167465087450526 -0.017357399022580249 0.18132823182977045 0.1855658079122286 -0.061317896280485354 -0.16922624464134733 -0.086241879399991089 -0.084304643399659027 -0.19941362252663752 -0.067373364889705259 -0.12279169264850145 0.31907584575533154 -0.009621492395988647 0.26145499477776152 -0.056048832652935782 0.11091466906672183 -0.020761932610662129 0.22727796402371378 0.043282361274529071 -0.2540325336792974 0.072471781723644838 -0.23275107460675212 -0.084570211899727937 -0.022495140142329888 0.048078700567255286 0.050078921690582742 -0.25232919532469206 0.0063248283085379576 0.041347605907968113 -0.12096124599698825 -0.084147639106019592 0.011223866401625983 0.23890724506497524 0.040743707631931921 -0.21478043899863164 0.17867737361958766 -0.11298031279429696 -0.066852480653986773 -0.19941362252663752 1.6724355601135592 -0.056048832652935782 0.11091466906672183 -0.020761932610662129 0.22727796402371378 0.043282361274529071 -0.12096124599698825 -0.084147639106019592 0.011223866401625983 0.1819458652151219 -0.0091860145951478574 -0.036221853247338003 0.05867020915428476 0.050726183175388379 0.17709048852265741 -0.21505651759251837 -0.044575984564757837 -0.0031993715029400615 0.12810840849057148 0.10784110031175763 -0.039708655221256897 -0.022725548581489473 -0.058653332419054328 -0.083272287631555697 -0.050776252231726493 -0.064778708646776262 0.023466487683858769 0.19524207821550674 -0.14637364288908192 -0.021057588750957288 0.070465694813441671 -0.0088222275209994417 -0.10238347468452706 0.022074907628539614 0.069431640650795004 -0.076503950555216249 -0.078684593380782514 -0.029018110768177792 -0.02415916633108664 0.10623168545407893 -0.028233173302077315 0.16315201217146816 -0.065377794226369634 -0.11069518707739143 -0.010415472991275987 0.098190241597930383 -0.063531234170011233 0.069097341315900368 0.078958396958116656 -0.067373364889705259 0.25413520125671835 -0.2540325336792974 0.072471781723644838 -0.23275107460675212 -0.084570211899727937 -0.022495140142329888 0.23890724506497524 0.040743707631931921 -0.21478043899863164 0.078465326619595946 -0.012495092961111367 0.050678114172553593 0.059004227826268685 0.13305931724465658 -0.015249718887367501 0.062689935362366542 0.23234674465493477 -0.036268450814315518 0.12882778559041305 -0.039708655221256897 -0.16827350772714755 -0.073638512613241072 -0.083272287631555697 -0.016144429473708959 -0.027211837802630062 0.070465694813441671 -0.0088222275209994417 -0.10238347468452706 0.022074907628539614 0.069431640650795004 -0.14203880304037189 -0.26874751620927445 -0.00025056021963323189 0.0075961669275084118 0.051030147243019901 -0.011272848726268518 0.03836978344613131 0.044457061051237534 -0.12527412336010532 0.11827987828079727 -0.11069518707739143 -0.010415472991275987 0.098190241597930383 -0.11872423153774099 0.026122176726912794 -0.092462531438389103 0.064626060646929787 -0.014173082159970415 0.08489669943383682 -0.12279169264850145 1.2018757385716385 0.048078700567255286 0.050078921690582742 -0.25232919532469206 0.0063248283085379576 0.041347605907968113 0.17867737361958766 -0.11298031279429696 -0.066852480653986773 0.033628909194636923 -0.16730258728325376 -0.1468203311423934 -0.073882124954163395 0.13465817217468637 0.014201352394178638 -0.048566943169650892 -0.10674371387795363 0.052092658451118629 0.27714335934150192 -0.022725548581489473 -0.073638512613241072 0.011689847675448827 -0.050776252231726493 -0.027211837802630062 0.11537779926081769 -0.076503950555216249 -0.078684593380782514 -0.029018110768177792 -0.02415916633108664 0.10623168545407893 -0.011272848726268518 0.03836978344613131 0.044457061051237534 -0.12527412336010532 0.11827987828079727 -0.18793660134724588 0.025721515697485615 0.041042499016599253 0.046881574237021231 -0.14209456323253003 -0.063531234170011233 0.069097341315900368 0.078958396958116656 0.064626060646929787 -0.014173082159970415 0.08489669943383682 0.10740797617073737 0.10648502707307722 0.13091375859879736 1 2 1
0.42896837182150288 1.6158910254368062 0.11575375044919321 -0.083678890531182312 0.069565911992256951 -0.10098492892291989 0.090323455622570659 -0.10805971307670019 0.0079373941609203347 -0.23418195404596939 0.075917485969459866 -0.092533303492729382 0.030927405594187756 0.12112590804041148 0.19488397456781775 0.057200804964270352 0.089438978111257256 0.23750864603526003 0.01107459243379713 -0.17663189606624255 -0.10652767266049573 -0.086994309504736897 -0.14375659047724471 -0.21155013606342116 -0.068084500463000158 0.11824872694336426 -0.12140098747891097 0.0059895145011636293 -0.23220647808032815 -0.12226182391391557 0.087852756025093029 0.0053766673592769033 0.027846372663040998 -0.090181476639772107 -0.16488549465248251 -0.018244229395740656 0.19298163616218972 -0.016371176246959048 0.0018389988488557469 -0.11462799952271277 -0.19143155199391709 0.00099830649562615711 0.015867293832333745 0.06908538692284677 -0.047556750257197793 -0.099514409202412099 0.14239560483434033 -0.16494223376885023 -0.10822635172801728 0.17227902436715839 -0.10652767266049573 -0.091878628914526028 -0.12140098747891097 0.0059895145011636293 -0.23220647808032815 -0.12226182391391557 0.087852756025093029 0.00099830649562615711 0.015867293832333745 0.06908538692284677 -0.1068382090862615 -0.016087983814501459 -0.012868022340313612 0.046778037183891098 -0.067718908333902525 -0.060721641624759008 -0.15718349322366479 0.012753633425970176 -0.031743878024300738 0.062662842316597897 -0.022376063352755462 0.1214526912519667 -0.065765012798784356 -0.15057312273973489 -0.07453338950027312 0.011171755872646837 -0.012497839875980136 -0.090625479375127105 0.15697586251560039 -0.015456169015121098 -0.13824481519984938 0.038062056034304223 -0.14107154845150949 0.041241499363147888 0.090795177497546398 0.0045124476788022116 -0.0060447023500391347 0.047577327148185099 -0.083975305878519813 -0.093082589669768429 0.068904081533015193 -0.076412424078305036 0.15935511484751472 0.079119616797739295 0.12919454679613662 0.11982487319519189 -0.13755685469271417 0.080754202481125539 0.061468486928201331 -0.049221302656265543 -0.086994309504736897 0.16898407503091908 0.0053766673592769033 0.027846372663040998 -0.090181476639772107 -0.16488549465248251 -0.018244229395740656 -0.047556750257197793 -0.099514409202412099 0.14239560483434033 0.055873203240962836 -0.10903052727312242 -0.04254841504773272 0.10651761916284022 0.17283822795300399 -0.11021444537259291 0.070338427365634199 -0.050906969967350439 -0.24404192254280052 -0.1172645240235001 0.1214526912519667 0.13220286477151455 0.06381791637146933 -0.07453338950027312 0.0019092980316958758 -0.053408340549966023 0.038062056034304223 -0.14107154845150949 0.041241499363147888 0.090795177497546398 0.0045124476788022116 -0.0060140645931452477 -0.023022913190840502 -0.061572925052984943 0.092370155758392344 -0.059966982682862414 -0.010928877910633471 -0.013075927021901256 -0.051801143233447609 0.042879735592391888 0.10714414065446984 0.12919454679613662 0.11982487319519189 -0.13755685469271417 0.15246997902972026 0.041966697020995397 0.036799162536575405 -0.047618767022626206 0.022394305077300718 0.19957962236300905 -0.14375659047724471 0.81717845503258268 0.19298163616218972 -0.016371176246959048 0.0018389988488557469 -0.11462799952271277 -0.19143155199391709 -0.16494223376885023 -0.10822635172801728 0.17227902436715839 0.12190071106648195 -0.011824119182163044 0.14330402702928696 0.0010232123613620795 0.027355281381582931 -0.061947114084831251 -0.12268468271535367 -0.1612772335087764 -0.18224755364090769 -0.11644406684900946 -0.065765012798784356 0.06381791637146933 -0.11341882133323827 0.011171755872646837 -0.053408340549966023 0.01800119165973418 -0.0060447023500391347 0.047577327148185099 -0.083975305878519813 -0.093082589669768429 0.068904081533015193 -0.010928877910633471 -0.013075927021901256 -0.051801143233447609 0.042879735592391888 0.10714414065446984 0.079973607627342666 -0.1639285234491385 -0.017456676732966268 0.039798596132486062 -0.0068670224793789016 0.080754202481125539 0.061468486928201331 -0.049221302656265543 -0.047618767022626206 0.022394305077300718 0.19957962236300905 0.012134607276307259 0.071173613375478256 0.062929445809758774 1 2 1
0.55913483625606442 1.1476204158760002 0.177271787015708 -0.14492003431589232 0.0072288998741797603 0.062506645917566814 0.1767100483251603 -0.18589019070324281 -0.10299668795561655 -0.07010533452866323 0.11443850616433549 -0.051747594627358312 -0.0051628019814294645 0.058664871900260179 -0.20520662106779386 0.11586923431626681 0.0014882935797371152 -0.067950972181879482 -0.14939211832922991 -0.20674166413815839 0.074278259446934461 -0.0029531879342237864 -0.0007845022798319603 -0.12512929214144067 -0.15365367989853018 0.014262336401865668 -0.15819701168608113 0.06190382325183235 0.048520383328743033 -0.065429149886975208 -0.096623884249444417 -0.21977142710730363 -0.0576316537438731 -0.11542753462669299 0.13873310386905879 0.23423916297518105 0.085351913551709041 0.021943327391669619 -0.053915405827034135 -0.090343293303603897 -0.059727552820477765 -0.30015676337824121 0.364917692839198 -0.054572326779708455 -0.074830742126179475 0.10506139237983095 -0.12712167303961 -0.073339667091126853 -0.016383446900359078 -0.044770837845855442 0.074278259446934461 -0.3762465249833471 -0.15819701168608113 0.06190382325183235 0.048520383328743033 -0.065429149886975208 -0.096623884249444417 -0.30015676337824121 0.364917692839198 -0.054572326779708455 0.057704201032586347 -0.026461604168692827 -0.064414228446137506 0.032983175218935817 0.26786337412280936 0.099618039710236639 0.042088171312845001 0.0882147130005842 0.008181663831021849 -0.12711974202407544 -0.008949194091490963 0.0049970065904427503 0.038359871553658401 -0.00013520471640252253 -0.087390051759279552 0.080258762608167999 -0.18584135108032124 0.063176464391621723 0.0021983802498821816 -0.075970691563791645 -0.088533745724578769 -0.037191035522388061 -0.050475951912916803 0.037755334121879987 0.11253235576255355 0.055579384830873324 -0.011206807737967431 0.081545766327967187 0.022036755318002761 -0.062210733225783597 0.087907688752464241 -0.035166562789198497 0.10001836223320273 -0.01046294482592967 0.036739734818032978 0.13828167739449043 0.068728098559437317 0.1256735821984018 -0.029838728508201545 -0.12026776951050627 -0.0029531879342237864 -0.26874473094801116 -0.21977142710730363 -0.0576316537438731 -0.11542753462669299 0.13873310386905879 0.23423916297518105 -0.074830742126179475 0.10506139237983095 -0.12712167303961 0.081614950667052905 -0.056743463070718404 0.13458772336175884 0.096935969146689116 -0.15659684808450819 0.12386854180678419 0.096214345080064462 0.052824115319752778 -0.0060491218857519806 -0.017783218735044092 0.0049970065904427503 0.21137102901791871 -0.030746958815499721 -0.087390051759279552 -0.09869487237705786 -0.055232045442392061 -0.037191035522388061 -0.050475951912916803 0.037755334121879987 0.11253235576255355 0.055579384830873324 -0.0042731794204948275 0.028358605860133335 0.17332092212179415 -0.026365250303763195 -0.025630952807784976 0.053156733803047654 0.021010109190954775 0.075800367836187849 0.12650508875220176 0.082214767966874422 0.036739734818032978 0.13828167739449043 0.068728098559437317 0.034944358519660955 0.0051826091867869031 0.0036508094688046189 -0.0081897151588524245 0.068272222519206158 0.044274297825905695 -0.0007845022798319603 0.027118051409621213 0.085351913551709041 0.021943327391669619 -0.053915405827034135 -0.090343293303603897 -0.059727552820477765 -0.073339667091126853 -0.016383446900359078 -0.044770837845855442 -0.17326762110945229 -0.027731823624493768 -0.040693775470631598 0.1284143378773393 -0.068836822810695156 -0.08527866620137875 -0.015535178215790049 0.07770397866992082 -0.14734505962504479 0.034357375400256747 0.038359871553658401 -0.030746958815499721 -0.06885479003222518 0.080258762608167999 -0.055232045442392061 -0.12921140367614201 -0.011206807737967431 0.081545766327967187 0.022036755318002761 -0.062210733225783597 0.087907688752464241 0.053156733803047654 0.021010109190954775 0.075800367836187849 0.12650508875220176 0.082214767966874422 0.074657035107802402 -0.018074674000280285 0.057678332780494106 0.090133163494378693 -0.071525432037482434 0.1256735821984018 -0.029838728508201545 -0.12026776951050627 -0.0081897151588524245 0.068272222519206158 0.044274297825905695 0.12656789458563497 0.18870822532264933 -0.019712034728396582 1 2 1
0.54767515633178765 0.91293922569163044 -0.15946276406376156 0.045738688734835171 -0.050224891685813643 -0.16519413626915089 0.21163405958002202 0.012958687997712114 -0.33130531575189864 0.091492808941281714 -0.22501245690564731 0.0080351911351685141 -0.06963034414990274 -0.18674800548616308 0.051696642523862857 0.045188694587225957 0.0075997832506175377 -0.085782342025730929 0.064629179390087554 -0.16132120245596859 0.062506071470035798 0.0080863768366402442 0.043777448143015756 -0.0018158264411702559 -0.28394149517726308 -0.03537656264944624 0.0073832489436622796 -0.20730342581869093 -0.076960934346192139 0.096098535028888266 -0.0066423184826841838 0.11132844297691893 -0.055228093038116641 0.19254881268738663 -0.16742974057242557 0.21192184954149823 0.10878197622271309 0.060293495097734594 -0.025332762675719392 0.0019060628732898988 0.12147897129251302 0.11261347061972422 -0.021818013662463769 0.11641524240512906 -0.050177056608634522 0.28538553679434409 0.0096178598527703989 -0.19483838693621014 0.10352430790912036 0.015170928839518601 0.062506071470035798 -0.10750911420634214 0.0073832489436622796 -0.20730342581869093 -0.076960934346192139 0.096098535028888266 -0.0066423184826841838 0.11261347061972422 -0.021818013662463769 0.11641524240512906 0.04341005673357292 0.03284468085572078 -0.14149541893295711 -0.011644106541191183 -0.15748683887640175 0.077414997020419457 -0.15521123840328499 -0.077768486530473135 0.087511080371431293 -0.13664018262371241 0.21349005298785251 0.08105474020859034 0.0081380446052512628 0.19521612308310143 -0.057299117751118567 -0.10489743099968868 0.17927876921954689 -0.20812592010913719 0.08933806602808797 0.045734318706045274 -0.10969248080255262 -0.027316600244700021 0.050974204570261077 -0.10194890413258306 -0.049883495498168499 -0.085090071148202689 -0.049284380489563254 -0.010088683587270848 -0.037219069186796711 -0.065130183767539832 -0.041386415041928713 0.10256339513172025 -0.056077114009956089 -0.047895949383668847 0.081532381308993096 -0.076302469170839576 0.09064242863095355 0.012476354974095539 0.017487723152979764 -0.040557029192527669 0.0080863768366402442 -0.53192821039461025 0.11132844297691893 -0.055228093038116641 0.19254881268738663 -0.16742974057242557 0.21192184954149823 -0.050177056608634522 0.28538553679434409 0.0096178598527703989 -0.043403112382202964 0.13922801786002256 0.14041413702718203 0.0292908286158035 -0.14060161658564996 -0.10097206982934002 0.083268295071371345 0.028702218765049081 0.018372489264471964 0.06159794462040788 0.08105474020859034 0.08912987697193954 0.031223714553776309 -0.057299117751118567 -0.022075435088572945 0.045832660523057359 -0.027316600244700021 0.050974204570261077 -0.10194890413258306 -0.049883495498168499 -0.085090071148202689 0.18651576066860998 -0.048022355814038555 0.0040622285642757643 -0.13850654688717198 0.067261343905970758 -0.050649548595896141 -0.0039075597869371922 0.05772495008046713 -0.024202735128540993 -0.012445529185707911 0.081532381308993096 -0.076302469170839576 0.09064242863095355 -0.019496852486152377 0.029656804728954985 -0.01096200722150348 0.08722607778067458 0.12463120176381215 -0.078321235075943019 0.043777448143015756 -0.13756824896808556 0.10878197622271309 0.060293495097734594 -0.025332762675719392 0.0019060628732898988 0.12147897129251302 -0.19483838693621014 0.10352430790912036 0.015170928839518601 -0.057501633342759186 0.041338305792728132 0.089313918365525352 0.054555701331294754 -0.062681404458568402 0.2438740851877671 0.14422135075667705 0.071206168025576597 -0.078918644658851456 0.071502165100059051 0.0081380446052512628 0.031223714553776309 0.083059381114645836 -0.10489743099968868 0.045832660523057359 -0.16117422273887316 -0.049284380489563254 -0.010088683587270848 -0.037219069186796711 -0.065130183767539832 -0.041386415041928713 -0.050649548595896141 -0.0039075597869371922 0.05772495008046713 -0.024202735128540993 -0.012445529185707911 -0.15000601427540072 0.07653039697622685 -0.033815860546921393 0.0030665400609171992 0.026206802969232546 0.012476354974095539 0.017487723152979764 -0.040557029192527669 0.08722607778067458 0.12463120176381215 -0.078321235075943019 0.094646759438236638 0.10467542557380456 -0.050795146505673773 1 2 1
0.95780687296369438 0.59553765349585464 -0.097270208780097983 -0.077338869780113048 0.031952591357248115 0.25809914791976346 -0.14934704832959553 0.18362224310810266 0.089169115223457454 0.010977835009879587 -0.098831926785161547 0.14066853686719988 0.026999353725817032 -0.051622241377301155 -0.19716935038691688 0.096859231791618317 -0.08436786009290663 -0.0020059178424120757 0.041370555833933606 -0.15112819950173792 -0.038842360334230032 -0.097749207134994326 -0.10925047021492032 -0.052771586810723831 -0.01648930862789148 -0.14223708846366023 -0.11919398688029859 0.073664997821736453 0.075450372159626314 0.030157266712599256 -0.0081617096651323724 0.13320047407328944 0.11066231437064669 0.0048533594391171391 -0.15593240737401345 0.023937455233559047 -0.14296613626878543 -0.16146777165478776 -0.021130680544811421 0.11175004412456117 0.17335123333235389 0.16480462336372861 -0.037774699263069048 0.22573557853832832 -0.089129483949978772 -0.018529426095596744 -0.066809142302125174 -0.19216880482197218 -0.06081458642680089 0.071242439152367859 -0.038842360334230032 -0.030945172265598786 -0.11919398688029859 0.073664997821736453 0.075450372159626314 0.030157266712599256 -0.0081617096651323724 0.16480462336372861 -0.037774699263069048 0.22573557853832832 -0.06074710610113189 -0.0247811676101201 -0.10109298329954111 -0.13324569648001036 0.014026451393964088 0.18349190426744252 -0.0051561450609277889 0.033684139364440084 -0.061943852027941809 -0.13141915766322004 0.121012039402079 -0.11090294054310709 0.006693616380083027 -0.12743000334417179 0.033268249947696581 -0.10692302304751786 -0.13124195397483354 -0.080272710581596629 -0.089674266396588473 0.060230071798569679 0.20295439589407516 0.087257044293187355 -0.012463865953934037 -0.080745339769639934 -0.012707780381376842 0.048443356082261281 0.095137238678050781 -0.037692174080018015 -0.0016030023391692336 -0.04802031283486824 0.15908277021080539 -0.032727541889833109 0.026224631419765533 0.040652705492689158 0.012242014677057489 -0.10885842113975082 0.030132308355979399 -0.0088243342894828297 -0.062195037006571953 0.10717988676188438 -0.097749207134994326 0.043562043662579604 0.13320047407328944 0.11066231437064669 0.0048533594391171391 -0.15593240737401345 0.023937455233559047 -0.089129483949978772 -0.018529426095596744 -0.066809142302125174 0.042106173948739223 0.13614270151438498 -0.064004972663291568 0.024834166089232935 0.069031286082034404 0.03173215807082138 0.035964519863457112 -0.17743714801779617 -0.070433873054745605 -0.091491105063932585 -0.11090294054310709 -0.014452122592655324 -0.03667583609959324 0.033268249947696581 -0.02381547094437381 -0.20033111666904385 0.087257044293187355 -0.012463865953934037 -0.080745339769639934 -0.012707780381376842 0.048443356082261281 0.14444785700271978 0.034161298302561253 -0.080278608672630952 -0.093767573639698884 -0.092990891554044608 -0.036236882897025591 0.048431802415446028 -0.080980400272382028 -0.044089819867290776 0.022531148465306263 0.012242014677057489 -0.10885842113975082 0.030132308355979399 0.018004382048644577 0.067901316410315424 -0.12023897211196022 -0.13504703621870751 -0.020502545580478725 0.014159478417031048 -0.10925047021492032 -0.080573988313271505 -0.14296613626878543 -0.16146777165478776 -0.021130680544811421 0.11175004412456117 0.17335123333235389 -0.19216880482197218 -0.06081458642680089 0.071242439152367859 -0.057797859545093935 -0.08008929652604739 0.072866244096356989 -0.071840091038552087 -0.033267294421632183 0.16176998860386196 0.067746518630717761 -0.16612035560941699 0.19680866743447201 0.10903678853692854 0.006693616380083027 -0.03667583609959324 -0.013660018948505326 -0.10692302304751786 -0.20033111666904385 0.030285233561806742 0.095137238678050781 -0.037692174080018015 -0.0016030023391692336 -0.04802031283486824 0.15908277021080539 -0.036236882897025591 0.048431802415446028 -0.080980400272382028 -0.044089819867290776 0.022531148465306263 0.015283488910009491 -0.0066897938824964746 0.024195184414026853 0.068261699621902511 0.11154247148326285 -0.0088243342894828297 -0.062195037006571953 0.10717988676188438 -0.13504703621870751 -0.020502545580478725 0.014159478417031048 0.14089103700512137 0.091694473867532225 0.074329065001974795 1 2 1
0.73357774131963804 0.48912875542456735 0.089495518121750745 0.061793027120328192 0.27817662914125485 0.19157080100083682 -0.02917623037980617 -0.20406400105419936 -0.028438341955820436 0.28469935717673989 0.0082394987564375043 0.0094575622493306925 -0.10453526175453616 0.11614308914419909 0.35526984629498976 -0.11284772353018487 -0.10538712994274675 -0.27315341011459937 -0.18307040411052056 -0.024717131300126961 -0.073724698525163307 -0.084492043708640011 0.086358916263122254 0.04400781016704252 0.13628232639084009 -0.10146052546991216 -0.30826955967358338 -0.05020004941669063 0.079722876626312916 -0.069137206686228206 0.15732178657981716 0.01848375949892124 -0.15248813265780201 0.10644424894621994 0.14078100317537098 -0.24958743870301808 0.049249208725707483 0.19056587028764543 -0.069503713091934927 -0.030125640156764465 0.13679085638066968 0.17731811039554429 0.018372953702994507 0.0088796253192742012 0.0028053385252450368 -0.039800590889813074 0.096866220207723577 -0.061418433828097543 0.022938779809093961 0.20601195710900891 -0.073724698525163307 0.10914818660755844 -0.30826955967358338 -0.05020004941669063 0.079722876626312916 -0.069137206686228206 0.15732178657981716 0.17731811039554429 0.018372953702994507 0.0088796253192742012 -0.016144743703564907 0.091541580866811467 -0.18849034135732951 -0.25708240436977747 -0.064029314673919993 0.0079789519002606123 0.020711703838637865 0.0067191052174700094 -0.1296834251610588 -0.11042156676235536 0.10106737719997319 0.042928741525148563 0.0040420753292992675 -0.037059429478338436 0.063667418485815711 0.069673805221485779 0.067283812838398613 -0.12302619901177535 0.024266295737454858 0.065032720134987398 -0.1114252432774025 0.00024306631416018214 0.039936002691993655 0.092817159772532992 0.0060491861078382086 -0.11477084842243723 -0.031556483219751706 0.055012831876480844 -0.090682349167858209 -0.10251334439399559 -0.036823474784140442 -0.07064482325868475 -0.058057575903059856 0.11517197322533788 0.081070623509438416 0.084983716285975064 0.0046233130694949718 -0.10231490349547449 -0.043279388189286061 -0.038853522062268268 -0.084492043708640011 0.24211450889148003 0.01848375949892124 -0.15248813265780201 0.10644424894621994 0.14078100317537098 -0.24958743870301808 0.0028053385252450368 -0.039800590889813074 0.096866220207723577 0.054660759883944005 0.1085287927630338 -0.0022307754334597763 -0.036412363008126954 -0.15342310284278149 -0.01774972541794596 0.085986048476324531 0.05635049724574781 0.078838183470517367 -0.083549529112113802 0.042928741525148563 -0.10110726984616536 -0.043043973795404609 0.063667418485815711 0.047314579697468565 0.016425284994784354 0.00024306631416018214 0.039936002691993655 0.092817159772532992 0.0060491861078382086 -0.11477084842243723 0.099882616602307808 -0.050325304325229303 -0.08687903344633055 0.081287285144659743 0.10655639791904561 0.097555264949522061 0.069885922010621507 0.10009174383242238 -0.026522681988459567 -0.071932908262367937 0.081070623509438416 0.084983716285975064 0.0046233130694949718 0.13977226534408349 0.11965273682464082 -0.051266241611210565 0.1192347576588742 0.044462986371470122 -0.0021221567682999098 0.086358916263122254 -0.19589083284206876 0.049249208725707483 0.19056587028764543 -0.069503713091934927 -0.030125640156764465 0.13679085638066968 -0.061418433828097543 0.022938779809093961 0.20601195710900891 0.085362799586259031 0.076719078573162611 -0.014165651921260595 0.04569821499214468 0.20199430748482672 0.052388615588218716 -0.067626417849479814 -0.27374723198938106 0.01048182923264666 -0.14246102181367304 0.0040420753292992675 -0.043043973795404609 0.037666278271388125 0.069673805221485779 0.016425284994784354 -0.11405703684907249 -0.031556483219751706 0.055012831876480844 -0.090682349167858209 -0.10251334439399559 -0.036823474784140442 0.097555264949522061 0.069885922010621507 0.10009174383242238 -0.026522681988459567 -0.071932908262367937 0.04835397995084198 0.0441589910338928 0.035666683669306198 0.039346600758218296 -0.10948316912347465 -0.10231490349547449 -0.043279388189286061 -0.038853522062268268 0.1192347576588742 0.044462986371470122 -0.0021221567682999098 -0.10660282213915107 -0.018495775271071154 -0.028111816030092714 1 2 1
0.77163067855520495 1.1666368868018908 -0.039867803717600084 0.0060583264809656468 0.11491571194019942 0.15954797896170272 -0.035037224018956641 0.049865998769099126 0.095907051480969632 -0.079952926447978787 0.014043921125183793 -0.13429021738266805 0.15938768748161297 0.10686220799114943 0.051918612573184759 -0.10886918883967084 0.042578846512499893 -0.2372252036101308 0.071592639766632035 -0.16138913295119445 0.095326595418791418 0.091350803156146382 0.12796109709212292 0.11312535791658453 0.021296934949932962 0.03570590987365499 -0.038853330810290965 0.095718892041643119 -0.19022296458489463 0.16997812094610679 0.060433583633938269 -0.097695122502189272 -0.039148964670683579 -0.18016204551108733 -0.042081852871313892 -0.09763663364550372 0.0058822029419009231 0.042235174913605511 0.15919976528735807 0.10046632083890251 -0.0061552538011615454 -0.21682914005209108 -0.11929345039894407 0.015677951169696943 0.1188119595941067 0.035696691487834373 -0.07598439778360247 -0.08771539136212983 0.0060785164464944863 -0.23345497696915343 0.095326595418791418 0.0024802479488837516 -0.038853330810290965 0.095718892041643119 -0.19022296458489463 0.16997812094610679 0.060433583633938269 -0.21682914005209108 -0.11929345039894407 0.015677951169696943 0.036589413126107431 0.055650294345287746 0.13517402294539188 -0.016099674937130035 -0.087001857299878818 0.0051180796676163617 -0.22027717280072265 -0.16431334153950866 0.061818673015996708 0.16294167620734634 0.14116663250413694 0.036779089375980775 0.033542947538825155 -0.05053342357948868 -0.087186174429713909 0.040144671039197798 -0.09390601659532595 -0.05917468560198888 0.024680852771851058 0.011596709897145759 0.0091913659737643347 0.012423819691174721 0.051979273717878256 0.027872369768006382 0.081194800325331648 0.14308961677184559 0.010397580824859981 -0.093831590802351206 -0.034122776960210252 0.01337220825733007 -0.098091877989001694 -0.047810832397875917 -0.11708120698739509 0.019745921251721275 0.020575837760172036 0.16094987226294155 -0.082890675195364638 0.0045100789474134696 -0.032521321637546993 -0.023296181107867076 0.091350803156146382 -0.11051437432565098 -0.097695122502189272 -0.039148964670683579 -0.18016204551108733 -0.042081852871313892 -0.09763663364550372 0.1188119595941067 0.035696691487834373 -0.07598439778360247 -0.0050007953704143604 0.14500110597081589 0.18016215280558923 0.14910861303080802 0.081020840792692339 -0.066816755915390477 0.014190469967403238 -0.074192285717601975 -0.029429977700560789 -0.018627999477094686 0.036779089375980775 -0.01330664361630751 -0.059991888246552119 -0.087186174429713909 -0.090603119129789675 0.0023456282270867823 0.012423819691174721 0.051979273717878256 0.027872369768006382 0.081194800325331648 0.14308961677184559 -0.12550318682264178 0.056284106729886596 -0.057352592219181132 0.039602756768716385 -0.11319774902043707 0.074536017154048187 0.020478828579663839 0.020133181389246271 0.13676126504891431 0.055817167283413328 0.020575837760172036 0.16094987226294155 -0.082890675195364638 0.18480570668721119 0.0047335950336449585 -0.13054715400347122 -0.077037456312056454 0.034906281925497981 -0.074558202163852033 0.12796109709212292 -0.14719247073265246 0.0058822029419009231 0.042235174913605511 0.15919976528735807 0.10046632083890251 -0.0061552538011615454 -0.08771539136212983 0.0060785164464944863 -0.23345497696915343 0.017970367359076294 -0.10589414438574325 0.059555818011168243 0.13202553637394501 -0.033026932536828091 0.13721571281278092 -0.095937497236845193 0.054200572512772598 0.067265938290422836 0.06180506842590075 0.033542947538825155 -0.059991888246552119 0.043533855534489942 0.040144671039197798 0.0023456282270867823 0.15897408003307656 0.010397580824859981 -0.093831590802351206 -0.034122776960210252 0.01337220825733007 -0.098091877989001694 0.074536017154048187 0.020478828579663839 0.020133181389246271 0.13676126504891431 0.055817167283413328 0.045656100327908455 -0.10324736247819483 0.118513005845991 0.068691025725480151 -0.12211195426891447 0.0045100789474134696 -0.032521321637546993 -0.023296181107867076 -0.077037456312056454 0.034906281925497981 -0.074558202163852033 -0.061918094947741115 0.01681849979460644 -0.17015718726036852 1 2 1
1.0105417285002427 0.65400874488629279 0.12431515499183325 0.040419286294888744 -0.029863980268787907 -0.051292975869777796 -0.0053578127874944143 -0.024510740410737551 0.018415910457506231 0.13993452090375927 0.038729019226825215 -0.052748175126609169 0.10073223080435673 0.11563560015794601 -0.16610711346770118 -0.13661124528533025 0.12688126099185723 -0.18505816790401622 -0.17072940264837735 0.010064248698621677 0.05662011214426909 -0.078867392580573098 -0.10408343498227338 0.20757835811648664 -0.0073409612508710965 -0.0127678722593527 -0.014258524766743502 -0.20943756551631315 0.13191722788228538 -0.05645841850554343 -0.17819322030721191 0.02603830798685855 -0.096099753847147237 0.17378403202030362 -0.19537239973922191 -0.051157759743391568 -0.036292045803734296 -0.0096982257531334909 -0.27919598198252876 0.16445881984394131 -0.18178488328887735 -0.011701616874335252 -0.0042420551689560234 -0.007332389271825176 -0.26703621155128404 -0.0093500941880511473 0.15136731698569442 -0.055854006935474938 0.076481814506106333 -0.069756172619639831 0.05662011214426909 0.16876919065064724 -0.014258524766743502 -0.20943756551631315 0.13191722788228538 -0.05645841850554343 -0.17819322030721191 -0.011701616874335252 -0.0042420551689560234 -0.007332389271825176 -0.21184488416713165 0.025257740788052065 -0.14465146363174716 0.17407687624269597 0.09909263934468121 -0.16727047129527783 0.037373862489000098 -2.7910956302993799e-05 0.10349577937675739 0.024698847571368886 -0.14608630273814077 -0.086644502537038273 -0.014847739108652443 0.029413224108106817 0.078602856041346453 -0.06719408539834533 0.088054918449203781 -0.20395452007502582 0.031368020888469579 0.19013501887818945 -0.086548176347269579 0.00076881379580380493 0.0081967144122285299 -0.0028122859085070728 0.091893392145141306 -0.020893076786531878 -0.09087936554362322 -0.065069486654450781 0.11234651565447418 -0.046945467482336814 -0.089352959770053308 0.010266689754644023 -0.14690562894657047 -0.12419313379373319 -0.049264792209462518 -0.021568499341497765 -0.072465144366066075 -0.017787923718902851 -0.025955488289228907 -0.093261860884668674 -0.078867392580573098 0.043777512531679101 0.02603830798685855 -0.096099753847147237 0.17378403202030362 -0.19537239973922191 -0.051157759743391568 -0.26703621155128404 -0.0093500941880511473 0.15136731698569442 -0.052855568720333569 0.034719798170677454 0.058303515281133415 -0.036266376201130969 0.021257824485496599 0.059624995338213055 0.11764085810519445 -0.10493036692982938 0.16767687978886492 0.064859193354380368 -0.086644502537038273 0.041414979389491388 0.01510936552954845 0.078602856041346453 0.0073433427207016053 0.1046292589627216 0.00076881379580380493 0.0081967144122285299 -0.0028122859085070728 0.091893392145141306 -0.020893076786531878 0.039743824004733745 0.068733951852586142 0.015083592613099864 0.016460004068435893 0.077984272499381377 -0.066559884753047333 -0.033173486339540301 -0.058117549186438217 -0.022504270775928981 -0.082558584088890441 -0.049264792209462518 -0.021568499341497765 -0.072465144366066075 -0.038554593794858955 0.14496865420541835 -0.26500847729941296 0.067817184625784926 -0.010238119422189357 0.047182303760338086 -0.10408343498227338 0.054726690503849582 -0.036292045803734296 -0.0096982257531334909 -0.27919598198252876 0.16445881984394131 -0.18178488328887735 -0.055854006935474938 0.076481814506106333 -0.069756172619639831 0.10992361493950793 -0.049979647629947707 -0.089222444813489676 -0.050968220402395042 0.031389445884838788 0.1194859201191812 0.1247946645642468 0.060938353632533665 -0.073104178003179338 -0.14473368344035462 -0.014847739108652443 0.01510936552954845 -0.047335834278602745 -0.06719408539834533 0.1046292589627216 0.10158327619586038 -0.09087936554362322 -0.065069486654450781 0.11234651565447418 -0.046945467482336814 -0.089352959770053308 -0.066559884753047333 -0.033173486339540301 -0.058117549186438217 -0.022504270775928981 -0.082558584088890441 -0.10728256416935167 0.22381951327152483 0.093999883665256995 -0.029092787521579917 0.054029272256839761 -0.017787923718902851 -0.025955488289228907 -0.093261860884668674 0.067817184625784926 -0.010238119422189357 0.047182303760338086 -0.1768554126856407 0.18041678160219538 -0.023406148860261919 1 2 1
0.71610057708303065 1.1111780665158479 -0.058959203808079959 0.11202724663401017 0.049799780984182578 0.059222488670950139 0.070368537387360597 0.0077052968089031714 0.08160885022431931 -0.18646288171975078 0.045046207648489968 0.094235598051164812 -0.033767825432170689 0.092124915121144721 0.07018812461309086 -0.10472779078490294 -0.234535773269923 -0.29018165751418395 0.093530883235469542 -0.18856256112557285 0.1094218601167106 -0.21555992479738231 -0.019317853663621511 0.10286027533994968 0.042259352340039844 0.12207435619053834 -0.077747956720848346 0.18228015705318285 -0.10326334482799349 -0.17689474556799042 0.061407628369677995 0.025475145577213823 0.13437213909323981 0.10895715565759506 0.061104548949317057 0.11467440328901077 -0.19665023605237425 0.086090145230823575 0.25650055546955047 -0.023143646483102378 -0.061557962564558373 -0.051131540791443733 0.15769126379757517 0.050334786526248454 -7.3351412283162333e-06 0.11713721710987977 0.030690432851377829 -0.17217061416511159 0.028383546981869741 0.034079242065358457 0.1094218601167106 -0.026151208668741262 -0.077747956720848346 0.18228015705318285 -0.10326334482799349 -0.17689474556799042 0.061407628369677995 -0.051131540791443733 0.15769126379757517 0.050334786526248454 -0.096570819015873499 0.17638692952759435 -0.03310605514960209 -0.042017089582396652 -0.048608858418001374 -0.013315363680704108 0.020885297193172465 0.12119309778705192 -0.11122870881674758 0.059583370681422602 0.024565498023612544 -0.089830981345846939 -0.064249550276445064 -0.0092069633886666495 -0.036931857056498298 -0.017579223463677802 -0.19840963116123164 0.10835449646890134 -0.0026122884374709318 -0.026049668622371999 0.10534843485953756 -0.036321003501501775 -0.056474685757960441 -0.056532700498110322 0.010516226089242148 0.04144918162114964 -0.084702224623580735 0.084584423320012092 -0.059860617703671029 -0.10557869667310971 0.10352438116589439 -0.17485922199608836 0.10557869381879539 -0.039543576801866043 -0.10006740738274462 0.19512469497572027 -0.12459613635106753 -0.05419827936965417 -0.15545081937620672 0.11433797967999758 -0.21555992479738231 0.39349893270931441 0.025475145577213823 0.13437213909323981 0.10895715565759506 0.061104548949317057 0.11467440328901077 -7.3351412283162333e-06 0.11713721710987977 0.030690432851377829 0.095693594044835587 -0.21241675219346987 -0.1055488758468129 -0.1105826540802502 -0.096193413196153252 0.064458583716609716 -0.080266353656396394 0.057440796665122765 -0.13723746638502712 0.12540620081305476 -0.089830981345846939 -0.14688081955590027 0.043974054332891893 -0.036931857056498298 -0.066600597832335212 0.031538410431157342 -0.036321003501501775 -0.056474685757960441 -0.056532700498110322 0.010516226089242148 0.04144918162114964 -0.029699114375472371 -0.20236271358724514 -0.012797074115374334 -0.017702316771664253 0.010033634319510563 -0.0091305110076390708 0.041819591617072091 -0.0041579599851935892 -0.011047912928869717 0.025083053218248753 -0.10006740738274462 0.19512469497572027 -0.12459613635106753 0.061068886405637152 -0.02581651002028559 0.017513271079279479 0.15858725760623815 0.080587847750585834 0.049213026438916022 -0.019317853663621511 0.20044660773548598 -0.19665023605237425 0.086090145230823575 0.25650055546955047 -0.023143646483102378 -0.061557962564558373 -0.17217061416511159 0.028383546981869741 0.034079242065358457 -0.11291131594610285 -0.085897762678729742 0.12355512153355037 0.037926465341015743 0.0027726392649051667 0.079123753448058567 -0.097911105032434845 -0.0013421541741142947 -0.087664172836297918 -0.16141390919708526 -0.064249550276445064 0.043974054332891893 -0.12321792520635129 -0.017579223463677802 0.031538410431157342 0.098186670739696266 -0.084702224623580735 0.084584423320012092 -0.059860617703671029 -0.10557869667310971 0.10352438116589439 -0.0091305110076390708 0.041819591617072091 -0.0041579599851935892 -0.011047912928869717 0.025083053218248753 -0.0086338369080291837 0.022932108470409471 0.11905363246051182 -0.057103083788507772 -0.14857835800671587 -0.05419827936965417 -0.15545081937620672 0.11433797967999758 0.15858725760623815 0.080587847750585834 0.049213026438916022 0.025082000443660712 0.028914325542528641 -0.14806635136931737 1 2 1
0.7458154514057147 0.97117702916768767 -0.14432740292319077 0.14266710123712026 -0.11800215270824073 0.16610175330130694 0.082371727803932607 -0.091997910896911159 0.052987355926524621 -0.050948569195196983 0.017588442256529665 -0.068086016581218753 0.0036634711227262473 -0.086077528055239216 -0.1703367883333094 -0.026314211786882792 0.084193646693055346 -0.1369468340328894 0.042782729777280711 -0.028131121162410313 0.0094179394292457919 -0.033266809935772017 -0.035207905031069985 -0.27410038162209249 0.1057705819503478 0.26719230240183223 0.076292726918207113 -0.009540965601537367 0.040565138957452583 -0.076390719570689256 -0.1373385254097903 0.016562062310696308 -0.11410701787212868 -0.25041629286855543 -0.40529677577607426 0.11699872909994223 -0.13342074828537218 -0.085792343201234855 0.027430123630502932 -0.018631826615868964 -0.23748298019372957 0.01058141780096938 -0.063688864068429676 0.037849025301011772 0.15115676485271098 -0.083649875151310032 -0.081869794283337113 -0.078726672626410199 -0.038527554475378846 0.17041605900550297 0.0094179394292457919 -0.37978144261292024 0.076292726918207113 -0.009540965601537367 0.040565138957452583 -0.076390719570689256 -0.1373385254097903 0.01058141780096938 -0.063688864068429676 0.037849025301011772 -0.023842681367275118 -0.071572504966290279 0.032347651560646555 0.083703776971524382 -0.036321746558989912 -0.080093831811793414 0.048680335629674581 0.036746302576912096 0.075958167774932833 0.14374122805639447 0.011237144372495723 0.034987427829965057 0.025387054322141295 -0.1002807873699379 -0.053703477640475734 -0.0064614530236056286 -0.23700339736338716 -0.01233088004268802 0.11484859844869971 0.068277260528744707 -0.057094066136828207 0.05335284436512866 -0.10595167351368361 0.033741221656407291 0.014910441559067115 0.0064377011165988457 0.075885621718982332 -0.035812660542772538 0.0034047400708744589 0.034978535415361695 0.031463282659688951 0.059793593473262532 -0.13102172997752207 -0.14287999821382108 0.09692725065415625 -0.12072764678848556 0.069147694374775831 -0.056710797439320199 0.18259624517314821 -0.00064517006261074344 -0.033266809935772017 0.18513768162540239 0.016562062310696308 -0.11410701787212868 -0.25041629286855543 -0.40529677577607426 0.11699872909994223 0.15115676485271098 -0.083649875151310032 -0.081869794283337113 -0.095723794077785848 -0.012064173576673286 0.083687545446330835 -0.071365444655650478 0.048379033077652539 0.10245794213585893 0.12069393978768768 -0.052094594113508842 -0.069140634468394954 -0.019935840879571998 0.034987427829965057 -0.045836128198746551 0.10263432431438473 -0.053703477640475734 -0.19496773610702298 0.10400905867213427 0.05335284436512866 -0.10595167351368361 0.033741221656407291 0.014910441559067115 0.0064377011165988457 -0.10375541844730518 -0.064250419639290221 -0.23175117795368494 0.095150619157236493 -0.063577547219772587 -0.049761675435861526 -0.0071305391416711175 0.064023664919047804 0.049954867446007141 0.055723627916845542 0.09692725065415625 -0.12072764678848556 0.069147694374775831 0.0049954111982881489 -0.022456032753584855 0.018283669431056495 0.097388549189471013 -0.0015804542252471077 0.0086616710418113748 -0.035207905031069985 0.40410185984357516 -0.13342074828537218 -0.085792343201234855 0.027430123630502932 -0.018631826615868964 -0.23748298019372957 -0.078726672626410199 -0.038527554475378846 0.17041605900550297 0.10051646034760937 -0.11266867986084395 -0.087036173828874644 -0.01291856043542562 -0.036603309282499219 -0.098175769829286982 -0.059946882405619684 -0.09510374948428571 0.0075678871017689003 -0.18764622605875747 0.025387054322141295 0.10263432431438473 0.20519150905343753 -0.0064614530236056286 0.10400905867213427 0.22490914893504979 0.075885621718982332 -0.035812660542772538 0.0034047400708744589 0.034978535415361695 0.031463282659688951 -0.049761675435861526 -0.0071305391416711175 0.064023664919047804 0.049954867446007141 0.055723627916845542 0.034516124864867812 0.16122298919893246 0.050089869636715939 -0.11085342930728917 -0.16050794741389518 -0.056710797439320199 0.18259624517314821 -0.00064517006261074344 0.097388549189471013 -0.0015804542252471077 0.0086616710418113748 -0.12710017926930067 0.11867458264514892 -0.076060625732060655 1 2 1
0.95336905876233691 0.87823460809852949 0.042400433262641805 -0.014537462911472919 0.20258557813175931 0.077044174937408075 0.0080038183174567269 0.074635503236801667 -0.026797086862034091 -0.20636656663214548 0.11781451022610187 -0.0030052323554173618 -0.10173139626368376 -0.0085271928278623996 0.073989515731779004 -0.017398074922918352 -0.016752858006091619 0.093024625973212247 0.05564071296031254 0.022120543681753781 0.03925838807307095 -0.06179371505035456 0.076466650094146438 0.18519928291040683 -0.065281183246601357 -0.12080691397404482 -0.20885998712933496 -0.059356309228682347 -0.059668897321090576 0.13444651547825681 -0.13490342374024644 0.03485329000761643 -0.069460576727158066 0.11273924144965677 0.16074950362404494 -0.064751244689901732 -0.041201342097074108 -0.12214924521721805 0.28406813144841558 -0.10741023647960699 -0.011180617110459309 -0.021281638734222685 0.0013774364099766853 0.05443097337727533 -0.05304522721303246 -0.0047558993935970075 -0.15475226914225981 -0.21771521034258623 0.18797282959892847 0.20754601046551419 0.03925838807307095 0.15809324464771232 -0.20885998712933496 -0.059356309228682347 -0.059668897321090576 0.13444651547825681 -0.13490342374024644 -0.021281638734222685 0.0013774364099766853 0.05443097337727533 -0.066056093182221554 -0.066360515717616822 -0.035996846935194483 -0.090048524201991373 0.0080913455641780357 0.091653179207611291 0.10717962882746122 -0.070903508401557028 0.086777255777196263 0.057320070376912141 -0.054178016716378001 -0.04826550927640047 -0.12762526135220353 -0.092963959901544907 0.084497992602051125 0.034430779985527252 0.075893111378009984 0.12369567617528801 0.040312140776206318 -0.087566924161627258 -0.087243394785509631 -0.054528747563259955 -0.070690832922382929 0.075308872159013066 -0.044879984337928377 -0.055858271627441079 0.11694884061516136 0.13078107712403342 0.067520400622151783 -0.010282324967315688 -0.050157011256797154 0.01871161860070629 -0.054689355664734686 0.089827205758829909 -0.059074800967268963 0.03224260012477996 0.019928029280704307 0.00073745720581792212 -0.091407842358383617 -0.11531028474980048 -0.06179371505035456 -0.011550410646530245 0.03485329000761643 -0.069460576727158066 0.11273924144965677 0.16074950362404494 -0.064751244689901732 -0.05304522721303246 -0.0047558993935970075 -0.15475226914225981 0.055213426305828275 0.0068784483592484458 0.0054083492030084258 0.12991384610544832 0.032879617531369372 0.12323179486714574 0.12552088132647313 -0.11880301698504057 0.017742914449776739 0.16658564090429523 -0.04826550927640047 -0.16465808246231786 -0.056662611431883489 0.084497992602051125 -0.033760725361494152 0.1135760781993596 -0.054528747563259955 -0.070690832922382929 0.075308872159013066 -0.044879984337928377 -0.055858271627441079 -0.09187917691028874 -0.1980610598834488 -0.11271763561566794 -0.043449942277002482 -0.11960154114905136 -0.012120837126183025 -0.10631554049081357 0.10459321838496353 0.056260277825506036 -0.030907164708318335 -0.059074800967268963 0.03224260012477996 0.019928029280704307 0.10849836225735499 0.047106047916232907 -0.10253982534163822 0.12037982999456724 0.049631110626393381 0.033150568047765248 0.076466650094146438 -0.19715614926301239 -0.041201342097074108 -0.12214924521721805 0.28406813144841558 -0.10741023647960699 -0.011180617110459309 -0.21771521034258623 0.18797282959892847 0.20754601046551419 0.15229831233176608 0.03058287020762368 0.024838815984169559 -0.087322835555184108 0.21297424891057926 -0.032185092839397272 0.10323034768829942 -0.064070692506203827 -0.29286714662333591 0.0026401234543215624 -0.12762526135220353 -0.056662611431883489 0.080723543968398703 0.034430779985527252 0.1135760781993596 0.0083021304308196053 0.11694884061516136 0.13078107712403342 0.067520400622151783 -0.010282324967315688 -0.050157011256797154 -0.012120837126183025 -0.10631554049081357 0.10459321838496353 0.056260277825506036 -0.030907164708318335 -0.12678782880333114 -0.11232908000510203 0.1162354503765269 0.0056006163695556978 0.10408759878953003 0.00073745720581792212 -0.091407842358383617 -0.11531028474980048 0.12037982999456724 0.049631110626393381 0.033150568047765248 0.12479248455928756 0.094421922604347064 0.19663615770151832 1 2 1
0.98256025195648244 0.78476635232643055 0.058344848598553212 -0.21191934635847254 -0.030876799156102454 0.022301645434993463 0.14085179060744693 0.27942774730935133 0.070208403629321278 -0.052413434703275391 -0.011443900781246583 -0.072938419619088882 0.0082068978916149688 0.23287283447959961 0.052376931921117177 0.14315892174778913 -0.011701245333696339 0.15962303253788254 0.097734805220978632 0.085418083630729266 -0.010676866942762913 -0.22842817780091698 -0.029813681653292946 -0.05599730949887885 -0.063757571848443301 -0.13560809806581064 -0.072072951328595175 -0.10640298148019063 0.013010362640686958 0.10574010399382673 -0.27303580024387919 -0.35166539436291167 0.16543667414763558 0.14372756352206958 -0.14507411776384951 0.14940622510207602 -0.27847057238628203 0.23121115589187705 0.073934918096126553 0.15941516653525228 -0.14840583228333601 -0.1695115898622995 0.048172923107826386 -0.01702645570273896 -0.025941372830169271 0.033235615713390919 0.21532513586799404 0.018341899630796205 0.041325861187162284 0.084175176139208344 -0.010676866942762913 -0.048463657550886934 -0.072072951328595175 -0.10640298148019063 0.013010362640686958 0.10574010399382673 -0.27303580024387919 -0.1695115898622995 0.048172923107826386 -0.01702645570273896 0.038556546632087664 -0.012010982216765274 0.11850012656966501 0.038643297354709283 -0.023062651288330724 -0.077328245956200109 0.042078555245925464 0.11247767660391415 -0.0079588477327390376 0.070677197330111768 0.16083571629658733 -0.0041166977997633518 -0.0042126477595952339 -0.26706414227406383 -0.056882568118748339 -0.12322439874535368 0.13639942317649298 0.12019585890234988 0.039549510845047389 -0.11744162387028301 0.023528683586014652 -0.026574918006633294 -0.089225762479989146 -0.075665052497313853 -0.018402240998680729 0.1605344368254582 0.002242212924154878 -0.081185162171162381 -0.090786374299265657 0.055592180792578737 0.07104977861934747 -0.099663260919955046 -0.11814722138297683 -0.027231495474824147 0.00096040743122427497 0.073053720109555825 0.070524240041953595 -0.046265883931361079 -0.022042953406005247 -0.12237774120119588 -0.22842817780091698 0.11755531101829197 -0.35166539436291167 0.16543667414763558 0.14372756352206958 -0.14507411776384951 0.14940622510207602 -0.025941372830169271 0.033235615713390919 0.21532513586799404 -0.044690474663172976 -0.13995045083755303 -0.24696086469868722 -0.14696518392713581 0.028677209352862477 -0.067754033490788276 0.045894250653387425 0.049115580741092416 -0.045871766584198045 -0.051313860828740079 -0.0041166977997633518 0.089402428950720217 -0.013407959735379969 -0.056882568118748339 0.0080049188438277002 -0.037078363745427785 -0.026574918006633294 -0.089225762479989146 -0.075665052497313853 -0.018402240998680729 0.1605344368254582 0.051175724551644042 -0.12820195271755874 0.10534613765476533 0.02923539910303698 0.14050149894868633 0.035331012927367421 0.09351820327093717 0.063729490790650781 -0.014592804287631593 -0.02403148574322643 0.00096040743122427497 0.073053720109555825 0.070524240041953595 -0.079134000406600416 -0.03324062415649328 0.035102860244895 0.12732329839451137 -0.018972637609483201 0.02264599438169658 -0.029813681653292946 -0.11420299532969949 -0.27847057238628203 0.23121115589187705 0.073934918096126553 0.15941516653525228 -0.14840583228333601 0.018341899630796205 0.041325861187162284 0.084175176139208344 -0.10254743418219237 0.067284971910334293 0.060241297148754147 0.020889053912806058 -0.056301049637646039 0.0028883721123217961 0.074066786167784102 -0.10902990339917105 0.24392407140977698 0.027611339480094262 -0.0042126477595952339 -0.013407959735379969 0.029127153249265875 -0.12322439874535368 -0.037078363745427785 0.12773157746365357 0.002242212924154878 -0.081185162171162381 -0.090786374299265657 0.055592180792578737 0.07104977861934747 0.035331012927367421 0.09351820327093717 0.063729490790650781 -0.014592804287631593 -0.02403148574322643 0.063837820182572488 -0.12198299221893794 -0.1332499688201795 0.21242053677155989 -0.11540643604373685 -0.046265883931361079 -0.022042953406005247 -0.12237774120119588 0.12732329839451137 -0.018972637609483201 0.02264599438169658 0.041563589196850118 0.055690184043070447 0.10915283144567678 1 2 1
0.90744325548872107 1.0034699258156059 -0.30985045659639504 -0.092168913271367253 0.22830420579413729 -0.092988720382892853 -0.14959493126901435 0.074749019252908416 0.018722554485959206 -0.027877253171878804 0.10916506227280007 0.3008477382361156 -0.21305166469871423 0.28126626443754205 -0.10881682869929145 0.025266406519904083 0.11247012075192578 -0.065308144111792824 0.2059270887768489 0.026719156673379863 0.16383174569650105 0.180199928134502 0.16983715048362072 0.057295714337974202 -0.065702439624789374 -0.13650791358035058 -0.035611971510795815 0.019098376732371969 -0.070201244217029529 0.098451209865737729 -0.1434290598709273 -0.21383409807030276 -0.040412657842061377 -0.022166548525126308 0.056144565427172902 0.088574259644807127 0.14681348811536313 0.0013366179354028071 -0.015251514602357854 0.092121884492845821 -0.050917697310925832 0.23527191678927215 0.13128105960293962 0.15038625518558782 -0.045044589922181598 0.13844734041126588 -0.26765694742464508 0.25807134094493334 0.2004841710554213 0.092781212279398922 0.16383174569650105 -0.11802888468728738 -0.035611971510795815 0.019098376732371969 -0.070201244217029529 0.098451209865737729 -0.1434290598709273 0.23527191678927215 0.13128105960293962 0.15038625518558782 -0.14907667778886041 0.064709608447462499 -0.11769073329365408 -0.1037100517338532 0.087516512407818992 -0.084880022779261224 -0.00041103387826374964 0.0093212877497703822 -0.058295528932359064 0.1109529700441661 -0.033553197775225925 0.017857897236745031 -0.14832696102987061 -0.010087031025392056 -0.07403178799988315 -0.1035437910850098 -0.1916147064661283 -0.074963497442604374 0.06431858428341343 0.0291127771717445 0.030974385274254099 0.019951035762784664 0.071477811012301218 0.13717759193340981 -0.033752406423875142 -0.04531733084591124 -0.029704505960297452 -0.077041961318180724 -0.032478932837085847 0.0056841384512384269 -0.012708945188623089 0.1311612672733333 0.0930057173859552 0.13190118306703599 -0.068282707036130805 -0.16054421061679353 0.12227546818809336 0.069109338364837694 0.095983149720346356 -0.0077508314894113063 0.180199928134502 -0.27167279788654486 -0.21383409807030276 -0.040412657842061377 -0.022166548525126308 0.056144565427172902 0.088574259644807127 -0.045044589922181598 0.13844734041126588 -0.26765694742464508 -0.11392103139770676 0.076721466704187224 -0.050241970000092499 0.0020348499721454549 -0.070570599502244091 -0.0354940625610176 -0.019087365294858438 0.075714253946003868 -0.11091582030358793 0.017202228861525014 0.017857897236745031 -0.058966179835951885 0.086292487326655787 -0.07403178799988315 0.055641298540927635 0.034393645672220474 0.019951035762784664 0.071477811012301218 0.13717759193340981 -0.033752406423875142 -0.04531733084591124 -0.016980431903152033 0.081050571343435684 -0.077077621774139404 -0.021696814391677484 -0.027832447888699114 -0.0061807306583393229 -0.12588032022522216 0.020811940419797698 0.02983082424557499 0.088088887476420935 -0.068282707036130805 -0.16054421061679353 0.12227546818809336 0.08910145274847725 -0.053158585578189158 -0.040371916366593492 -0.013273799791632197 0.07356113233879373 -0.046453679119746391 0.16983715048362072 -0.33824085916157692 0.14681348811536313 0.0013366179354028071 -0.015251514602357854 0.092121884492845821 -0.050917697310925832 0.25807134094493334 0.2004841710554213 0.092781212279398922 -0.25544924289799537 -0.085179172438160325 0.074514972396939425 0.11333884341298424 0.13455712918924653 0.30408266440754261 0.00026273372648674117 0.024630746096919866 0.18879286744883916 -0.080817030740012105 -0.14832696102987061 0.086292487326655787 -0.018739840065143742 -0.1035437910850098 0.034393645672220474 -0.011585989948197862 -0.029704505960297452 -0.077041961318180724 -0.032478932837085847 0.0056841384512384269 -0.012708945188623089 -0.0061807306583393229 -0.12588032022522216 0.020811940419797698 0.02983082424557499 0.088088887476420935 0.080390432179306068 -0.050062569868619726 -0.088888079972817141 -0.010224988589026419 0.010242580005254021 0.069109338364837694 0.095983149720346356 -0.0077508314894113063 -0.013273799791632197 0.07356113233879373 -0.046453679119746391 -0.040820770256813473 0.012446521714546237 -0.13167019793276022 1 2 1
0.69948959457917059 1.2186907587583649 -0.051193584612115789 -0.073580056648602538 0.14444978004875703 0.012976498663986796 0.30884679625636735 -0.18567250631815641 0.040616001989535418 -0.056032491430044892 -0.10986748867431621 0.10828330058966902 -0.077071315424457859 0.12876435696947683 0.10692842483936499 0.038846171901501587 -0.11939855314086491 0.14534336922875515 0.18176806316545038 -0.12862637523921827 0.0016974953698509667 0.28707508802170695 0.086530649434195445 -0.20215313908787383 -0.071954039653134391 0.064685414819941625 0.11740455595173892 -0.094946821555543487 -0.16224347663566163 0.12454881341429433 -0.08874561466287835 0.14924053935175183 0.020768797575118268 -0.13999878365339885 0.0292669770459567 0.26438702790027474 -0.058109166883575654 0.0065649982546051242 0.068532262813965003 -0.078465761940447215 0.041010285269786492 -0.10730291606621591 0.11533615316295392 0.018743041001655556 -0.0017490660963589771 0.10285166473284037 0.0062655221975363795 0.0055337517072304027 0.24681842300719345 0.11849358804450501 0.0016974953698509667 -0.29195839736688434 0.11740455595173892 -0.094946821555543487 -0.16224347663566163 0.12454881341429433 -0.08874561466287835 -0.10730291606621591 0.11533615316295392 0.018743041001655556 0.028347150869559669 -0.11513324995449513 0.17236436912507522 -0.16846933958841814 -0.029053661109724817 0.10494350427522281 0.088371170692202697 -0.052998372600219279 0.12366118602766632 -0.098681998035439797 -0.061374509793966442 -0.09760795565761661 -0.008248436495011946 -0.00066077303850007067 -0.12467276507002428 -0.022164189373417575 0.0031408436434611602 0.022962071374718965 -0.083080267078828235 0.040005132101190707 0.060522965437709186 -0.0076762763823486693 -0.0092044862496873624 -0.0013041935034028285 0.081436661153768963 -0.038002967037922934 -0.023077123882555214 -0.019900194049041486 0.084519700013214016 -0.058438468736142446 0.057636481030630765 -0.061361874268597995 -0.055380638838659658 -0.17606759979502179 0.0018208402003390307 -0.0095768979059995193 1.8459709547162528e-05 0.0056242409144807298 0.031619589307440556 -0.029140940784755116 0.28707508802170695 -0.60302511969274331 0.14924053935175183 0.020768797575118268 -0.13999878365339885 0.0292669770459567 0.26438702790027474 -0.0017490660963589771 0.10285166473284037 0.0062655221975363795 0.0035981261472526529 -0.041659420451953338 0.13964555718467134 0.22610934578187614 0.050087247486078713 0.022177959006886357 0.051761184438613474 -0.01603739007646347 -0.12111702743415043 -0.013969090112040079 -0.09760795565761661 0.022320622194242912 0.10418263145604198 -0.12467276507002428 -0.040606329813008352 0.0672715886567367 -0.0076762763823486693 -0.0092044862496873624 -0.0013041935034028285 0.081436661153768963 -0.038002967037922934 0.038348935694108133 0.11863781815217048 -0.0158244204021116 -0.21287551321177195 0.10490147842841922 -0.020955009618758964 0.078959036352268253 0.047849253334148634 0.097688059241283084 0.16619352196051129 0.0018208402003390307 -0.0095768979059995193 1.8459709547162528e-05 0.12289337990118368 -0.15178485745449219 0.024607089115128954 -0.059866408306995973 0.027646083385694364 0.050444403956124095 0.086530649434195445 -0.058283480284505876 -0.058109166883575654 0.0065649982546051242 0.068532262813965003 -0.078465761940447215 0.041010285269786492 0.0055337517072304027 0.24681842300719345 0.11849358804450501 7.3706947094184588e-05 -0.072224033714368516 -0.040801848410355286 -0.12912394141203007 -0.030632383616417541 -0.032363046929555751 0.16980174239189896 0.10994279257325577 -0.078029219098121438 -0.032002443070101368 -0.008248436495011946 0.10418263145604198 -0.14327162094506316 -0.022164189373417575 0.0672715886567367 0.16320988359100319 -0.023077123882555214 -0.019900194049041486 0.084519700013214016 -0.058438468736142446 0.057636481030630765 -0.020955009618758964 0.078959036352268253 0.047849253334148634 0.097688059241283084 0.16619352196051129 0.0020002794523894399 0.0061880675007248134 0.11147466073390917 0.20741423428287256 -0.035247662903589896 0.0056242409144807298 0.031619589307440556 -0.029140940784755116 -0.059866408306995973 0.027646083385694364 0.050444403956124095 -0.10559968044032589 0.065697165877366279 0.040577786574648354 1 2 1
1.1247041661223793 0.49827080231464832 0.13135858528719638 -0.065558599461901665 -0.11688965889444269 0.1675136363188397 0.17758824732263628 0.051205569831894941 -0.11615538072391524 -0.034954297180064334 -0.11958817206376222 0.023612079607125934 0.1801052464846768 0.081192976670807035 -0.19630511947495546 0.10084945829736283 -0.010544466033290172 0.17288328799971397 -0.24192294303385994 -0.11688994623747297 0.10807234143583759 0.11800008425321461 -0.11806603605419815 0.07245570249050523 0.17262191785236755 0.063352932918229868 0.37303137579983997 -0.058117446369854268 0.18904956652091853 -0.091335270818134709 -0.12246206703786257 0.20081329611600085 -0.028396595435331424 -0.22155281194816046 0.096167963916022267 0.057760050300991607 0.041893079555441429 0.04548994985386412 0.031707885919630412 0.13754491399981703 -0.035252797829771025 -0.083130283796478049 0.15172065660025658 0.17721094676735744 0.058851839632263099 0.087859403272874517 0.042572580276816006 -0.11498937694087874 0.019504845881413473 0.044189808021032985 0.10807234143583759 0.016543381607091207 0.37303137579983997 -0.058117446369854268 0.18904956652091853 -0.091335270818134709 -0.12246206703786257 -0.083130283796478049 0.15172065660025658 0.17721094676735744 0.08008906249764261 -0.0048019370356292505 -0.15273395603992873 0.099542860532581656 0.043229819502555666 0.11764672171742563 0.14742527319201834 0.072382821492202196 0.028010007963894523 -0.1221079575555977 -0.096476587027331237 0.042183472760543649 0.08899405105373219 0.032935593835130776 0.00094043265529455218 -0.025070045706199015 0.13122554305591391 -0.020874468178742688 0.0066256436449941107 -0.14016784327777695 -0.086935122470645179 0.017538043554996434 -0.012586924576197634 0.049517158768702899 0.0095115137039364674 -0.096398007021362225 -0.20563269021505759 -0.11697620111143808 0.019181046388105139 -0.0020170100313338588 -0.069641991627335864 0.11254546291614181 -0.086690055143935185 -0.027421576500694607 -0.020324438523034859 -0.078432941913321813 -0.1122800678697376 -0.052833616196394574 -0.037504177095723734 0.091264663881315863 0.11800008425321461 0.10120520989155542 0.20081329611600085 -0.028396595435331424 -0.22155281194816046 0.096167963916022267 0.057760050300991607 0.058851839632263099 0.087859403272874517 0.042572580276816006 -0.21019244708606799 0.061296454605264242 0.033234829687236275 0.073742343363430607 -0.026371273331080126 0.047873829063179878 -0.017655964039413913 0.099554928666485035 0.041445825956166873 0.15333487851611358 0.042183472760543649 0.048226629258145047 0.037175030292915613 0.00094043265529455218 0.078380619554361236 -0.026211146153458077 0.017538043554996434 -0.012586924576197634 0.049517158768702899 0.0095115137039364674 -0.096398007021362225 0.043691454515054552 -0.076462210186926269 -0.097955320698193238 0.06447902743078282 -0.06376026009615568 0.052457627285020486 -0.036402407048171846 0.032757931330219474 -0.036171425253457581 0.15376497889272975 -0.020324438523034859 -0.078432941913321813 -0.1122800678697376 0.04971018931082101 0.04082455353491557 0.081636750811503997 -0.043495200999539768 0.12547177894624645 -0.0083216299493763246 -0.11806603605419815 0.1086346037556784 0.041893079555441429 0.04548994985386412 0.031707885919630412 0.13754491399981703 -0.035252797829771025 -0.11498937694087874 0.019504845881413473 0.044189808021032985 -0.10936975161560865 0.067125786670943682 0.14111983399472519 -0.12093809639485453 -0.06021867925450515 -0.066807158334960468 0.039728299357311814 -0.039392452578003639 -0.010100501754916993 0.036346763185758746 0.08899405105373219 0.037175030292915613 0.099652776797741788 -0.025070045706199015 -0.026211146153458077 0.23903087998098879 -0.20563269021505759 -0.11697620111143808 0.019181046388105139 -0.0020170100313338588 -0.069641991627335864 0.052457627285020486 -0.036402407048171846 0.032757931330219474 -0.036171425253457581 0.15376497889272975 -0.27203934000062363 -0.073980651262409491 -0.21051669831753445 0.038591936623352655 -0.052942272069983011 -0.052833616196394574 -0.037504177095723734 0.091264663881315863 -0.043495200999539768 0.12547177894624645 -0.0083216299493763246 0.12321581305675595 0.0091626843274612898 -0.00029718266704750849 1 2 1
0.61479095025877561 0.85666763113723865 0.11553461533120912 0.088387297406943552 0.14318490329755371 0.15772650667019325 0.011626749502040491 -0.14992996649900101 0.20406988751291427 -0.12444314258354569 -0.086629871884846776 0.070640213512338859 -0.011733150597519247 -0.16627961892706491 0.12625902991290791 0.11763951864333466 0.19581720650671425 -0.10127886749939891 0.041813833647557398 0.39294988740768644 -0.0078554244348099378 -0.12401656619196341 0.014309123436762645 0.12194663093729695 0.04368455252591541 -0.13106794277975828 -0.20030065126128921 -0.11321397693608834 0.17049562102036431 -0.10261705081859 0.11118728329367068 -0.051956544013620001 -0.13765927141255396 -0.024751484967125943 0.072291518889745471 0.039437600417386212 -0.028634842337902124 0.014372592775907708 0.27667498066603663 0.083657053886125224 0.049830969139455693 -0.046787605766642426 -0.0079705737610012567 -0.04984422504043004 0.18105317020486547 0.077751440599349478 0.092742657425064476 -0.27582433021647401 0.22812251663181354 -0.21868105595602377 -0.0078554244348099378 0.20930060653183211 -0.20030065126128921 -0.11321397693608834 0.17049562102036431 -0.10261705081859 0.11118728329367068 -0.046787605766642426 -0.0079705737610012567 -0.04984422504043004 0.058464575569017622 0.047345099379067286 0.098737490894115126 0.049318396476409183 -0.011972964508003819 0.040619128871833769 0.093739574597957065 0.016896199149433227 0.046493563480584303 -0.14609303999569531 -0.1380500508713057 -0.044952269923968988 -0.057909451021080388 -0.10344791902014611 -0.058368568490772259 0.063461647727347276 0.072411366631547333 0.021372857123337641 0.0058325479307100546 0.062214984960745123 -0.023799506341390393 0.017169289621024687 -0.08845094700760972 -0.071363756653316346 -0.066604529084828834 -0.046901142623443082 0.032141635190353103 -0.023272121160665734 0.077383551509234011 0.037202759337219032 0.0076930528993669825 -0.049359140900516352 -0.13150764181166602 0.008559598258452393 -0.032465733603030858 0.037751988212322424 -0.11945009159884896 -0.003109261597048496 0.085733578711035791 0.078833653219243099 -0.12401656619196341 0.24386424433257053 -0.051956544013620001 -0.13765927141255396 -0.024751484967125943 0.072291518889745471 0.039437600417386212 0.18105317020486547 0.077751440599349478 0.092742657425064476 -0.09915565498236778 -0.040342621791346803 0.10248682291654068 -0.018197738035867782 0.00085057427792117543 -0.00083447382716749256 -0.097680268077288981 0.2369835874190851 -0.05852538032068693 0.023219282939851704 -0.044952269923968988 0.021269754346180558 0.0021248211126310519 -0.058368568490772259 0.11068789686161729 0.054066068037855054 0.017169289621024687 -0.08845094700760972 -0.071363756653316346 -0.066604529084828834 -0.046901142623443082 0.057579243871863063 -0.00257292463551291 0.061193532012219221 -0.060857381906148755 0.049856887218730897 0.05521919949696226 -0.032159693864929714 -0.0042766146905957921 -0.10486295680039112 -0.022262910657299559 -0.032465733603030858 0.037751988212322424 -0.11945009159884896 0.097218493041544257 -0.12755760699366903 0.056272946916656547 0.014055780226819432 0.062938048572166005 0.10296451885771864 0.014309123436762645 -0.23312982339387356 -0.028634842337902124 0.014372592775907708 0.27667498066603663 0.083657053886125224 0.049830969139455693 -0.27582433021647401 0.22812251663181354 -0.21868105595602377 0.0082358341088058958 -0.056010214770897751 -0.048497206557257602 -0.081607463748920986 -0.054496621668928429 -0.20060932614430704 -0.028057834831914003 -0.11325496171504437 -0.0056409140098480099 0.077935672877093923 -0.057909451021080388 0.0021248211126310519 0.24419118933671743 0.063461647727347276 0.054066068037855054 -0.025785206568982855 0.032141635190353103 -0.023272121160665734 0.077383551509234011 0.037202759337219032 0.0076930528993669825 0.05521919949696226 -0.032159693864929714 -0.0042766146905957921 -0.10486295680039112 -0.022262910657299559 0.012828028635586 -0.15711673991976893 0.015127431096502011 -0.048083309577071215 -0.014559928117711783 -0.003109261597048496 0.085733578711035791 0.078833653219243099 0.014055780226819432 0.062938048572166005 0.10296451885771864 0.029145005489114556 0.0015401653608008107 0.11349176424336971 1 2 1
0.54464304065902436 0.64604982220793072 -0.070164317777969998 -0.087779404899836003 -0.15802325951382187 0.15458080598156893 -0.0057604801550602408 0.054907468140328104 -0.068036164096865415 -0.17039152133106836 0.016786019442539563 -0.076761922308712982 0.049504340480708953 0.039768237818544418 -0.053357976780634461 -0.1870149042250604 0.095258413596362668 -0.14067279836736418 0.27297863615137952 -0.054076412425125835 -0.041765852418699005 0.032649263606341489 0.11314652440697125 -0.048851458422225318 -0.055085012767707428 -0.24173982964791405 0.0055568109399816781 0.16392758821668199 -0.037883192274996424 -0.039208877820889262 -0.10991289119775489 -0.2242460769047597 -0.078790081816188504 -0.14629559544256976 0.094752418947973316 0.12758657431465512 0.061841112722481356 -0.29912764140820131 -0.017415654981543117 -0.045376206129259224 0.025864474303363603 -0.011902665555730751 -0.011959295652283508 -0.018416546919748915 -0.025393751456654678 0.034321548906055703 -0.18650847592425551 0.24547517750672962 0.025537930505152157 0.038550590159741736 -0.041765852418699005 -0.040152237814883029 0.0055568109399816781 0.16392758821668199 -0.037883192274996424 -0.039208877820889262 -0.10991289119775489 -0.011902665555730751 -0.011959295652283508 -0.018416546919748915 0.095923887048052214 0.017453100038992281 0.08239111529193642 -0.011642425855098049 -0.13914286086966818 -0.063767748630629936 0.046138670589592923 -0.018398120893096559 0.067445941392814956 -0.08348657934198507 0.083313564636163517 -0.010212133053179473 0.10393668713380619 0.018609255819529789 -0.04709954438088497 -0.035660540418306741 -0.035994686257525103 0.15139987014471279 -0.074014115485951895 0.16599578806195775 0.0045475666198969309 -0.03754583098037468 0.015836354985050559 0.064206693746130056 -0.0071047787449180066 -0.044503468597278106 0.052140595591474097 -0.047724051915216822 -0.004680215011200051 0.033006613693239685 0.073981696848553935 -0.048487084361892058 0.057705917137833324 -0.041215120183112339 0.005914728129718716 0.018782300187930041 0.056430290377500199 0.040917184372415163 -0.010429842806399175 -0.10275015317434127 0.032649263606341489 -0.13986787313692262 -0.2242460769047597 -0.078790081816188504 -0.14629559544256976 0.094752418947973316 0.12758657431465512 -0.025393751456654678 0.034321548906055703 -0.18650847592425551 -0.081182841198303324 0.19658603059377244 0.090539910631970574 -0.18007589002983607 -0.076787672418494851 -0.051890538716072902 3.4233061276720435e-05 0.15587800770602311 0.015076724812741082 0.077634606609817108 -0.010212133053179473 -0.0096361382869963961 0.084666112429133411 -0.04709954438088497 -0.15399599120527507 0.033827229425528377 -0.03754583098037468 0.015836354985050559 0.064206693746130056 -0.0071047787449180066 -0.044503468597278106 0.055525765281411801 -0.018408883675601551 -0.016758592593895685 0.11992067065018941 -0.065348651191485516 -0.022767140116167144 0.068420211149689672 -0.040958883227108306 0.11034286910294638 0.040358392438277352 0.005914728129718716 0.018782300187930041 0.056430290377500199 -0.096863664922113013 -0.14678490408805259 -0.051481232903657526 0.038933182906200126 -0.040061772247583345 -0.011966331544857014 0.11314652440697125 -0.57806324164819101 0.061841112722481356 -0.29912764140820131 -0.017415654981543117 -0.045376206129259224 0.025864474303363603 0.24547517750672962 0.025537930505152157 0.038550590159741736 0.15667538997781794 0.073451673937470097 0.026869752657866831 0.045969829869624855 0.18569979972805284 -0.22087974234127353 -0.049474860526474679 -0.13132615398517239 0.25443259926369594 -0.094031242325421011 0.10393668713380619 0.084666112429133411 0.056634317129646221 -0.035660540418306741 0.033827229425528377 -0.054112559696642193 0.052140595591474097 -0.047724051915216822 -0.004680215011200051 0.033006613693239685 0.073981696848553935 -0.022767140116167144 0.068420211149689672 -0.040958883227108306 0.11034286910294638 0.040358392438277352 -0.15249912662402934 0.11946350484089983 0.2273753635181649 -0.16695846434338049 -0.071571268615562927 0.040917184372415163 -0.010429842806399175 -0.10275015317434127 0.038933182906200126 -0.040061772247583345 -0.011966331544857014 -0.02496310190434934 0.17739311193740648 -0.094273791120934355 1 2 1
0.2561280027696517 2.4178023358602871 -0.10792012050411511 0.043098243511970065 0.22194726235750173 0.062934867006969292 0.067569255827727159 0.011536851926419147 0.1786299680667881 0.08581678719821044 0.14338099030080656 0.031045095864836655 -0.071917512306342066 -0.1766546894534709 0.119034627109648 -0.18499243864859832 0.15238326681295655 0.10129329930262723 -0.048178776861247309 0.1471393655177837 0.037608567028883808 -0.19809266402736822 -0.053442664079239671 -0.070529686846423217 0.010213847363807559 -0.081555172879638774 -0.0085556657235370294 0.071591864956667056 0.096034815243590158 -0.03123484961989538 -0.031974817359601455 0.27850969888194133 -0.28264240879418079 -0.032413042373402985 -0.0352349261036011 0.1101933219305806 0.096592627505603823 0.029170267763264056 -0.19293802437160093 -0.28411087586805056 0.14457745843986824 0.1024155051101001 -0.12483847548150671 0.049768948466293553 -0.017757613203935044 0.14564199335499581 -0.094597559347783966 0.21491894462998912 0.17306116499524421 0.041076429798080127 0.037608567028883808 -0.63038701864405378 -0.0085556657235370294 0.071591864956667056 0.096034815243590158 -0.03123484961989538 -0.031974817359601455 0.1024155051101001 -0.12483847548150671 0.049768948466293553 -0.074692330244576041 0.22482384788894777 0.0015638890105016186 0.13732779198863773 0.056263317624150544 0.056125738220773484 0.064647179502789517 0.087616634504396065 -0.093264759307835884 -0.0072088070076552395 -0.13453297748630647 -0.073078548361853249 -0.099365605493787507 -0.042003540321585514 0.05840030367319074 -0.056869431892334225 -0.041306497729602702 -0.075223854136342305 0.066103342552515085 -0.11155151913575739 0.094173811534154606 -0.14751467387855305 -0.025808682997356891 0.028934111381976293 0.077027790002108187 0.066288539105920793 -0.065324705587139584 0.045769260123518903 0.024828984648743144 0.054359033943568669 -0.017991952870218632 0.022362480139984625 -0.029905090713017918 0.12863903272036298 0.13253417135808962 0.072662959662335741 0.09821104431295842 0.040827235140706311 -0.042921121368155776 0.042330070885427465 -0.19809266402736822 1.9098370653594376 0.27850969888194133 -0.28264240879418079 -0.032413042373402985 -0.0352349261036011 0.1101933219305806 -0.017757613203935044 0.14564199335499581 -0.094597559347783966 -0.093493339262172404 -0.19949823688430063 -0.26194412239206599 0.0017834500412101753 0.030695617904241898 -0.02556273616236179 0.18954111056821837 -0.061492496508426975 -0.16532210077991583 -0.062211517706486696 -0.073078548361853249 0.044918186914449307 0.052956311877968273 0.05840030367319074 -0.11099179951039667 0.021226233239523259 -0.14751467387855305 -0.025808682997356891 0.028934111381976293 0.077027790002108187 0.066288539105920793 -0.049027369750540714 -0.048633919897373902 0.22197875898073682 -0.053496181471320542 -0.060946252347662704 -0.028516282341844484 -0.062456952059718823 0.055460846650893209 -0.051832861016331722 -0.024051804509774614 0.13253417135808962 0.072662959662335741 0.09821104431295842 -0.15629647507434261 0.073308735059106719 0.13866327453456914 0.034693739903908449 -0.055349511961000797 -0.029207240942136517 -0.053442664079239671 0.18607346580766204 0.096592627505603823 0.029170267763264056 -0.19293802437160093 -0.28411087586805056 0.14457745843986824 0.21491894462998912 0.17306116499524421 0.041076429798080127 -0.15615807076767874 -0.12660427575763397 -0.0094046451650935635 -0.130662588361384 0.041558208157304904 -0.097960758068253509 0.012005981054510265 0.1120611836255975 -0.0090850272697368065 -0.00091400403295610231 -0.099365605493787507 0.052956311877968273 0.27691330557772076 -0.056869431892334225 0.021226233239523259 0.066023583127840263 -0.065324705587139584 0.045769260123518903 0.024828984648743144 0.054359033943568669 -0.017991952870218632 -0.028516282341844484 -0.062456952059718823 0.055460846650893209 -0.051832861016331722 -0.024051804509774614 -0.090282096697707315 0.26426909289533679 0.21581477426536361 0.0008419984177347004 0.11217535448300109 0.040827235140706311 -0.042921121368155776 0.042330070885427465 0.034693739903908449 -0.055349511961000797 -0.029207240942136517 0.10043095204884794 0.21291507628007969 -0.0630327512436228 1 2 1
0.7355930966377342 1.0929070569994705 0.069692115548711159 0.13459822708627731 -0.15517988893963888 0.2705153157108483 0.036961963151397194 -0.15826044934165376 -0.25993961104913982 -0.05244187131670227 0.22464892255593019 0.013262841249058788 -0.14938088202159608 0.12196355951155885 0.048518021569820401 -0.091190403813027524 -0.035252748165940366 -0.15656240276056085 -0.10376011267706485 -0.093549459401472482 0.13994697614262369 0.17529548796298253 0.026684157979826907 -0.10791873682643507 0.20576005652629761 -0.20524258554000024 -0.087279701282978531 0.12436225615415068 -0.021978759227993378 0.087758113169715282 -0.03764230656504973 0.17351142363211233 0.03647774495444038 -0.15891211691006407 -0.17410028892316542 -0.24363293210272888 0.12602830879187144 0.070146102276612665 0.07243051578173007 -0.19154547351207207 -0.075022530712701985 0.015835950118955593 -0.018733463294888945 0.1381466229646458 0.14708290438043475 -0.28016577010936594 -0.27934601686200666 -0.084874769734021416 -0.15985255987324687 -0.32832533989120566 0.13994697614262369 -0.35463597449571704 -0.087279701282978531 0.12436225615415068 -0.021978759227993378 0.087758113169715282 -0.03764230656504973 0.015835950118955593 -0.018733463294888945 0.1381466229646458 -0.0023638168482244823 0.1768068675753863 0.20239632045729283 0.003623040870990319 -0.042470833707986676 -0.011169106094580411 -0.020050432029950657 -0.067654522194894734 0.052579223111299561 -0.082445066658238642 0.17626333389122928 -0.053766212196192091 -0.001112642488278498 0.1142537783788305 0.092864251143645715 0.018672411941258907 -0.02547023471462553 0.080396946409763859 0.15515763797090162 -0.031369067752197437 0.12081830969418535 0.027643356283206702 -0.028736731244502274 -0.015334302676863306 -0.024798183470008395 0.037169001096945459 -0.023446397515422608 -0.16270256058578794 -0.041953694647465532 0.059323367046254051 0.0039347386170511985 0.09368707247247432 0.018442607610463634 -0.21189146897081634 0.075718297040920424 -0.12767761883059475 -0.072240809424025346 -0.041249036761424815 0.049700935766328933 -0.15227094283020615 0.17529548796298253 0.019274760375260637 0.17351142363211233 0.03647774495444038 -0.15891211691006407 -0.17410028892316542 -0.24363293210272888 0.14708290438043475 -0.28016577010936594 -0.27934601686200666 -0.10373048023905401 -0.0033675716573257895 -0.045601169491512293 0.087731554530192726 -0.065882346287127289 0.15552897491452183 0.092353091397092996 0.13045051908070757 0.03813348268570161 0.15508921729437861 -0.053766212196192091 -0.11578647030428264 0.16610759361825456 0.092864251143645715 -0.043096523567544544 0.084292409543554631 0.027643356283206702 -0.028736731244502274 -0.015334302676863306 -0.024798183470008395 0.037169001096945459 -0.086125861081444363 0.16137992128553508 0.14191464770981863 0.019078991442854257 0.0062596663063067548 0.031618364959038393 -0.13006006342944676 -0.020223453736353723 0.063233594822039524 0.060332465202116575 0.075718297040920424 -0.12767761883059475 -0.072240809424025346 0.17180487199285621 0.038977629991778326 -0.075646510290010335 -0.16302607944293354 0.093512240414090023 -0.025562094587567356 0.026684157979826907 -0.31866243875543371 0.12602830879187144 0.070146102276612665 0.07243051578173007 -0.19154547351207207 -0.075022530712701985 -0.084874769734021416 -0.15985255987324687 -0.32832533989120566 0.113846321700194 0.021590319844209945 -0.060088894302917785 0.10776579118319157 0.033029538941323017 -0.11113105563288628 0.045751553248133341 0.081737971228583339 -0.025476386421430054 -0.11159744020511193 -0.001112642488278498 0.16610759361825456 -0.0047717556344167422 0.018672411941258907 0.084292409543554631 -0.0106586480053916 -0.023446397515422608 -0.16270256058578794 -0.041953694647465532 0.059323367046254051 0.0039347386170511985 0.031618364959038393 -0.13006006342944676 -0.020223453736353723 0.063233594822039524 0.060332465202116575 0.19167082930516049 -0.054505636074803701 -0.1250771182805506 -0.12112421687224764 0.21856699657366552 -0.041249036761424815 0.049700935766328933 -0.15227094283020615 -0.16302607944293354 0.093512240414090023 -0.025562094587567356 -0.088734791312676128 -0.093410333093212727 -0.060312890047125506 1 2 1
0.8964881554798223 0.6128015277111406 -0.068208155699928025 -0.011850348506652016 -0.084008161428674191 -0.15308944040870279 -0.1240259606030842 -0.05511719433575913 -0.19391612622284266 0.082845507705838678 0.27228230492586253 -0.25348387044316673 0.020430517039256059 0.18624753784453379 0.017177977004022321 0.049907185722770073 -0.04355365158853837 0.19720217222914874 0.032238294431329764 -0.044652303936200323 -0.075023400334123816 0.082461133563481642 0.05890484561188436 0.11317087241034303 -0.017750309713131161 -0.074843286745200188 0.12422050733217818 0.12747116517558024 -0.078125646487564093 0.056821313985307147 0.091920187475507009 -0.036853579151563419 -0.2814429176772496 0.13479933397768529 0.10674651532721161 0.058995568495337963 0.020195641693534775 0.090821973110823906 -0.12181885962064526 0.27624458955326708 0.056531502359643833 0.26285395342473955 0.068415192218290732 0.042452788384355004 0.2150203137563273 0.038931280726276989 -0.1117167232424562 -0.12504417139895183 -0.068461978927425449 0.025528228831940235 -0.075023400334123816 0.17752083591556225 0.12422050733217818 0.12747116517558024 -0.078125646487564093 0.056821313985307147 0.091920187475507009 0.26285395342473955 0.068415192218290732 0.042452788384355004 0.32604356826203851 -0.032222939647356938 0.029272260634221642 -0.049685952018325999 0.11614464068367299 -0.028218492166032158 -0.0060347129355407293 0.20701917762893382 0.061238373203682306 -0.063246703618196218 0.028821843444364656 -0.021664299768684434 -0.019734229248530327 0.06443020090270081 0.0031916752338745427 -0.048698081546872239 0.12533447142442888 0.047316965770487746 0.049946125460463453 0.13620520043024828 -0.02444628542589693 0.046094279183208769 0.044707001178532053 0.061392724701856506 0.050969082626331763 -0.1342938661516852 0.066365423905717619 -0.087109510711789434 -0.0093940445344003927 -0.017158306715059787 0.0081948176606214951 0.16150012416664647 0.013696813708554988 0.0078561100562503563 0.094277915784752142 0.11403729601609505 -0.022595500222265755 -0.029612339919927871 0.021744393447047351 0.089499802701601905 0.082461133563481642 -0.076166782483677767 -0.036853579151563419 -0.2814429176772496 0.13479933397768529 0.10674651532721161 0.058995568495337963 0.2150203137563273 0.038931280726276989 -0.1117167232424562 0.10082833392430512 -0.13345499165155303 -0.1132935266468484 0.15540726160507579 -0.034245687713531967 -0.083408161954048543 0.063219089028956788 0.040630451952987721 -0.11520536372577744 0.13050118553741455 -0.021664299768684434 -0.16222276684298198 -0.05198121735849854 0.0031916752338745427 -0.038639630802134423 0.0014416208353108667 0.046094279183208769 0.044707001178532053 0.061392724701856506 0.050969082626331763 -0.1342938661516852 -0.07681222612064742 0.15912589982740266 0.21649514130534309 -0.0071051411427876261 0.16060394549295109 -0.025728091557857082 0.050409453939926963 -0.060132763926435163 -0.043988166315609693 0.010754440988884043 0.094277915784752142 0.11403729601609505 -0.022595500222265755 -0.017675886569091834 0.075368184298144777 0.10198110773604324 0.075641580597676714 0.076735401223208363 0.093901735971357453 0.05890484561188436 -0.12374984036054985 0.020195641693534775 0.090821973110823906 -0.12181885962064526 0.27624458955326708 0.056531502359643833 -0.12504417139895183 -0.068461978927425449 0.025528228831940235 -0.061385160128107769 -0.085895184397312557 0.029445000211161421 0.050551337691329405 0.027433765206205985 0.15086965487834272 -0.049088106643177698 0.13327207640466118 0.12537004338690383 -0.091788136924015634 -0.019734229248530327 -0.05198121735849854 -0.0739686412900495 -0.048698081546872239 0.0014416208353108667 0.12394223743611384 0.066365423905717619 -0.087109510711789434 -0.0093940445344003927 -0.017158306715059787 0.0081948176606214951 -0.025728091557857082 0.050409453939926963 -0.060132763926435163 -0.043988166315609693 0.010754440988884043 0.027388479427430099 0.30017430892342445 -0.049838264365457546 0.051164755344696923 0.021280369022573912 -0.029612339919927871 0.021744393447047351 0.089499802701601905 0.075641580597676714 0.076735401223208363 0.093901735971357453 0.28628479988686351 0.047654833020675469 -0.07861461122053344 1 2 1
0.86965890989220984 0.38782638454425866 -0.024845147606974725 0.039507238748885891 -0.032963096993752661 -0.050690649786731538 0.014920074463495079 0.011680929164293054 -0.10272182010321453 0.015736126861983508 -0.030448251312479087 0.11989187259062561 0.051844218445749282 0.10783951643202611 0.13154542482836418 -0.15173000082446139 0.048961623114480268 0.073492492119577466 0.00087913087949526058 0.38638943816480087 -0.0030787646994003331 0.058735164717425202 -0.17630734874030685 0.070047688126058827 0.081937199786914383 -0.090508704003430834 0.11804761620605378 0.033767409449209876 -0.069444723649180654 -0.33349193421707274 -0.051296166808305906 0.19050962990388681 0.13093017090156811 0.036598138254485706 -0.074675977025298199 -0.19928152300089011 -0.11517500441099371 -0.076299279955302141 0.074455197448371799 -0.05857515136554349 0.013389732572691162 -0.32317471239678369 -0.15258735851846317 -0.0091391771254409719 0.03706892599137477 0.16557709588421948 -0.11292913585392333 -0.075144078092171648 0.10205112355538257 -0.18632478570207112 -0.0030787646994003331 0.081919144963534987 0.11804761620605378 0.033767409449209876 -0.069444723649180654 -0.33349193421707274 -0.051296166808305906 -0.32317471239678369 -0.15258735851846317 -0.0091391771254409719 0.026090999373151059 0.054481708225659169 0.093702242212341524 0.055250805449104129 0.056777543942742384 0.002755530566624388 -0.23798233222276088 -0.10425690330759425 -0.066976809321168174 -0.081226394480931691 -0.065188697821014788 0.049128007480087402 0.078487194386504644 -0.041022876588275352 -0.05332572190734907 -0.011410059691554619 0.052588869773995309 0.15484731176461783 0.040808810472451322 0.029534015515276197 -0.2183499240213434 0.11932774016866118 0.18553371147179332 0.05458625605644328 0.14757032197612041 0.10507393551949457 -0.0078047871201648543 -0.07664438827121059 -0.0033309744234425315 -0.056637776109493713 0.07690536337325958 0.022794945812396942 0.071259536519924435 0.097534223656404087 -0.026784757479358635 0.038254664431105014 -0.015413836106835402 0.027443129236842841 0.038789978912151191 0.062775013938398946 0.058735164717425202 0.06802454679188677 0.19050962990388681 0.13093017090156811 0.036598138254485706 -0.074675977025298199 -0.19928152300089011 0.03706892599137477 0.16557709588421948 -0.11292913585392333 0.0011307359060474121 0.024713710931634193 -0.050243813210252834 0.076170517123962361 0.15217926277544613 0.12590702819295482 -0.005610153179722928 0.061261693583278869 -0.069811403347630571 -0.21239773950077256 0.049128007480087402 -0.029259705533873859 -0.043306292778148743 -0.05332572190734907 0.057972854234207061 0.0049975424694353246 0.11932774016866118 0.18553371147179332 0.05458625605644328 0.14757032197612041 0.10507393551949457 0.011753783235484259 0.1529552329145705 0.13062103172759459 0.076932348893964428 0.084367969354349315 0.013889121978715941 0.172679632828702 -0.0082105485937587694 -0.12034242827872527 -0.10208396775191386 -0.026784757479358635 0.038254664431105014 -0.015413836106835402 -0.073652847088991835 0.14634428980892875 0.19735315566976791 0.065792674972958959 0.064723019902010959 -0.020303144661985489 -0.17630734874030685 -0.02544912967733182 -0.11517500441099371 -0.076299279955302141 0.074455197448371799 -0.05857515136554349 0.013389732572691162 -0.075144078092171648 0.10205112355538257 -0.18632478570207112 -0.061808989519266715 -0.073314342056543913 -0.09046296528930324 0.037625316177839437 -0.18599450979114038 0.092463078384224989 0.056798208117594784 -0.044315550766765244 0.054062842660014578 -0.19948009736587408 0.078487194386504644 -0.043306292778148743 -0.11317667728364314 -0.011410059691554619 0.0049975424694353246 -0.07224234025282926 -0.0078047871201648543 -0.07664438827121059 -0.0033309744234425315 -0.056637776109493713 0.07690536337325958 0.013889121978715941 0.172679632828702 -0.0082105485937587694 -0.12034242827872527 -0.10208396775191386 -0.2051470997986071 -0.1095364968470378 -0.059326995767613494 -0.048349469462115317 0.067134015691362001 0.027443129236842841 0.038789978912151191 0.062775013938398946 0.065792674972958959 0.064723019902010959 -0.020303144661985489 0.037274546825501596 -0.094112768339457212 -0.01860486676558322 1 2 1
0.97061010333370779 0.50633669916903545 0.16844073338479568 0.1412199345437973 -0.18375773237428975 -0.0048860049761571241 -0.068982033550936864 0.17419648862934303 -0.018457493015504887 0.074547860016192097 0.020134082702587694 0.14357466184543979 -0.15798062148071451 0.085325861352938723 0.056739446825297968 0.1046552120102596 -0.051583520898057539 0.24832649905239584 -0.074845889046487743 -0.12294677490272178 0.062760652549989013 -0.042529266683095313 0.22624928351968618 -0.077393837255716511 0.030600652897367527 0.073587114928381048 0.013176686043436071 -0.071826538917256683 0.045553646933628546 -0.036096191958158164 -0.045869672294347484 -0.034250005735535646 0.10184933727804454 -0.090158827012807682 0.22661955214431995 -0.042245992103177338 0.26009197636898812 0.18461575533505992 0.041235327882867288 -0.21657425634676744 -0.20676125005920296 0.16645038030899542 0.034461995564740854 0.080009942597333114 -0.25642555311532017 0.071622557135172016 -0.04083658192090886 0.059764394098661591 -0.0084380539639493275 0.017801861021570518 0.062760652549989013 -0.11247756285516226 0.013176686043436071 -0.071826538917256683 0.045553646933628546 -0.036096191958158164 -0.045869672294347484 0.16645038030899542 0.034461995564740854 0.080009942597333114 -0.03126989972008215 -0.048038245676426006 0.033323124962057991 -0.088360411510199841 0.040439996324426866 0.24748005685171709 0.07133450132643078 -0.035730453999172067 0.08516640085573611 0.023649458651752955 -0.12510741213925622 -0.070047430203223598 0.010014033429239058 -0.0027946099275048945 -0.049943386429845943 0.12535611656692658 0.15297416014263238 -0.089875238869921686 0.061880235021543918 0.026546517563676889 -0.10347051779264622 0.054884421761775742 -0.14613519914048817 -0.032258905151512945 -0.067759946814570579 -0.036702856542464767 0.16070232902487303 0.051808218635942233 0.032332444405753204 0.060878741394432438 0.0062943439326842571 -0.08053270469494879 0.1348774913396544 -0.051674681240389202 -0.012716423566141305 -0.014967762926225656 -0.0081495134712012036 0.23889845610479882 0.046932812834773269 0.06031521243612073 -0.042529266683095313 0.05371341306741071 -0.034250005735535646 0.10184933727804454 -0.090158827012807682 0.22661955214431995 -0.042245992103177338 -0.25642555311532017 0.071622557135172016 -0.04083658192090886 0.11181139254588408 -0.088969597688389093 0.067025583385708021 -0.064379283682146141 0.1587205235347928 0.11529178679372996 0.060920594606377124 -0.08676222842175163 -0.1165708792485656 -0.018784158780714343 -0.070047430203223598 -0.025187610815843961 -0.13588319639234187 -0.049943386429845943 0.03438827696229433 0.069380435360050743 0.054884421761775742 -0.14613519914048817 -0.032258905151512945 -0.067759946814570579 -0.036702856542464767 -0.14887277153143172 0.081666332979492218 0.017470956724401573 -0.039661083688831145 -0.045308938690555071 0.077334430395717871 0.02449728443603183 0.11727383024131131 -0.097233012790347614 -0.06948913490095035 -0.012716423566141305 -0.014967762926225656 -0.0081495134712012036 -0.19670370955743022 -0.12225362681807102 0.049157451275677 0.13620450581255736 -0.010456759976729285 0.07420809824972846 0.22624928351968618 -0.04221180094624432 0.26009197636898812 0.18461575533505992 0.041235327882867288 -0.21657425634676744 -0.20676125005920296 0.059764394098661591 -0.0084380539639493275 0.017801861021570518 -0.10742452805482681 -0.092242574196793159 0.0884194841570001 0.18061543155186965 0.054145481438702493 0.0050503603647257663 -0.15022226748188694 0.11773967430595851 0.12605595614765117 0.016463501654692177 0.010014033429239058 -0.13588319639234187 0.090853449158850852 0.12535611656692658 0.069380435360050743 0.15481127499388869 0.16070232902487303 0.051808218635942233 0.032332444405753204 0.060878741394432438 0.0062943439326842571 0.077334430395717871 0.02449728443603183 0.11727383024131131 -0.097233012790347614 -0.06948913490095035 -0.10748118608073512 -0.091856737893197302 0.05535644862044331 0.1071622101276057 0.037471948222842902 0.23889845610479882 0.046932812834773269 0.06031521243612073 0.13620450581255736 -0.010456759976729285 0.07420809824972846 0.083527957643232731 0.12239634316752701 -0.060862619621007009 1 2 1
0.37388479667643332 2.1820595381830201 0.20962148775441086 -0.0083151677131142292 -0.045088825825450797 0.0067837192953547438 -0.15956503779085845 0.014438578068814382 0.019930147564553018 -0.18638503894188568 0.20789071020774094 0.10783565344053522 0.019368034626507914 -0.040247323146192733 -0.33773412094171146 -0.20391583365343682 0.064899315750069728 0.050341656013191613 0.028617271464981657 -0.067516798198374126 0.25840361083000568 0.016556823988822338 0.078385794876084922 -0.20386057263530344 0.064227002079144821 -0.08220545593080715 0.22005961042577704 0.21834485242430679 0.088396513496112814 -0.015765546189285457 0.094409961682956678 0.071683990327640557 -0.044664444322626957 0.052150122058623093 -0.10080100814666175 -0.067167589006775413 0.031847384026889754 -0.083728683781273655 -0.054928973257789955 -0.0032413184066317426 0.051934088113927364 -0.03141327772895669 0.13774916763738912 -0.014790620160363465 -0.035143085951515801 -0.10039189855807575 -0.024545583064334943 0.33093086657182064 -0.032933744218337828 -0.060086438063250661 0.25840361083000568 -2.0533400747296042 0.22005961042577704 0.21834485242430679 0.088396513496112814 -0.015765546189285457 0.094409961682956678 -0.03141327772895669 0.13774916763738912 -0.014790620160363465 0.091673351358166455 0.002905907224114239 -0.17549730632256458 -0.10956494121208199 -0.12417238393314473 0.063385452527949512 -0.061505949632060991 0.027786959889178748 -0.10000074372434482 -0.036521778733069415 0.0080501303330011535 0.19068204468248656 0.023795332629123866 0.06594414355375737 -0.03182309900452622 -0.024019390535116265 -0.11990760287476415 0.081316530226375 0.17136610835850663 0.031283559450992295 -0.044078640617309289 -0.073785203521718537 -0.082749769758914848 -0.074048301261157121 0.026742784315560382 0.053431831336136965 -0.025181237693479672 -0.051436843312991545 0.05871389029417709 0.07287593779488355 -0.028329596769921379 0.13044811092450945 -0.02631260382178879 0.14714040998550643 0.051467021451750673 0.069454736937659189 -0.083333478471103034 -0.036354230551204056 0.014706428768849214 0.014626643852214807 0.016556823988822338 0.075154236337229313 0.071683990327640557 -0.044664444322626957 0.052150122058623093 -0.10080100814666175 -0.067167589006775413 -0.035143085951515801 -0.10039189855807575 -0.024545583064334943 -0.093600642114279264 -0.10916479228024056 -0.14408471841439818 -0.070764837414039508 0.091780205762722583 0.058550529192532098 0.049984308585325987 -0.1187866948186302 -0.023915684531585102 -0.11568274470721095 0.19068204468248656 -0.039318730790977585 -0.061728270876877218 -0.03182309900452622 0.22716514550715836 -0.061002776619928777 -0.073785203521718537 -0.082749769758914848 -0.074048301261157121 0.026742784315560382 0.053431831336136965 0.10598792884572161 0.057855181507347864 -0.019691090108812887 0.11808747451618806 -0.17221709928254678 0.05048171959891682 0.028891231199079246 -0.097272621676993326 0.067414133774584717 -0.14363701852748786 0.051467021451750673 0.069454736937659189 -0.083333478471103034 0.010114838523688809 -0.10016128351482106 -0.017745235324548723 -0.072351072809260814 0.08064994605065777 0.044000397740322557 0.078385794876084922 -0.67734213733593274 0.031847384026889754 -0.083728683781273655 -0.054928973257789955 -0.0032413184066317426 0.051934088113927364 0.33093086657182064 -0.032933744218337828 -0.060086438063250661 -0.0058733831497242081 -0.044885344987037668 0.084246182385481247 -0.13664111294418538 0.042807447920789769 0.018568512767190733 0.013974240866836572 0.048216650899173472 -0.020443786798053615 0.099741227126074361 0.023795332629123866 -0.061728270876877218 -0.010118556327958045 -0.024019390535116265 -0.061002776619928777 -0.071296766601864972 -0.025181237693479672 -0.051436843312991545 0.05871389029417709 0.07287593779488355 -0.028329596769921379 0.05048171959891682 0.028891231199079246 -0.097272621676993326 0.067414133774584717 -0.14363701852748786 -0.23822045365304276 -0.038211887317640372 0.029978669118174303 -0.045062467731194197 -0.16807446392124492 -0.036354230551204056 0.014706428768849214 0.014626643852214807 -0.072351072809260814 0.08064994605065777 0.044000397740322557 -0.12521508986321242 0.048377017495076974 -0.10065675267776492 1 2 1
0.98713447052118086 0.87365081237048725 -0.2536135405537141 0.15701107333274233 -0.10341895416633448 0.075030097810308755 0.026522186253557227 -0.12647520445496727 -0.16468943189412558 0.091496362118508964 0.061692699032188353 0.077080425891321649 -0.24670356008979455 0.0057626876989730503 0.075146398026313191 -0.04056772318050203 0.076628470940108454 -0.13982489036163176 0.11194034355374374 0.11786696022133795 -0.057976397284685281 0.1388620798817938 0.26336826404247865 -0.13917434319655159 -0.13016826064002135 -0.14408586713563781 0.14293929716798071 0.044839552777852315 0.01944117800979861 0.014244641566592324 -0.13657771231478286 -0.050460218648406573 -0.094919907972945 -0.11694786696505503 0.23118330159245248 0.022193404291882355 -0.080062289798879083 -0.0042618057012444796 0.13197910810620667 -0.076758131463295742 0.10212575746932978 -0.17436767826015406 0.19444104084768005 -0.17039833662421788 0.33942983300922991 -0.053083560238687759 -0.043854001450267292 0.028852876686042406 -0.071542960244685552 0.038930755796050917 -0.057976397284685281 -0.089676958159240733 0.14293929716798071 0.044839552777852315 0.01944117800979861 0.014244641566592324 -0.13657771231478286 -0.17436767826015406 0.19444104084768005 -0.17039833662421788 0.0085584200098225947 0.17390981575393538 0.087587431698568974 0.065394178965899927 -0.031821492814697004 -0.046669406828460769 0.07478476715565871 -0.13510528111647283 -0.056491066820358093 -0.16745180094496062 0.086116831419897399 0.0030355002317512918 0.027987273198895671 -0.047186337230420788 0.073466786703591885 -0.0012001517416521668 0.11299209933992754 0.19103092491026658 -0.018687119754560624 0.093531590754632798 -0.0097302419051623311 0.085866017994786575 0.041841034518668246 0.078989811466105689 -0.015699762343211018 0.040001217906159736 0.022102359942629608 0.055246612988401514 0.0553508869970714 -0.011036985147435337 0.037202783853214322 0.082244120041233798 0.024477764220120393 -0.082814705235759734 0.023997949088826086 0.080270053385126619 0.027578096335690722 -0.022112214828284824 0.05015051952205777 0.071329319447550041 0.1388620798817938 -0.25476288899467614 -0.050460218648406573 -0.094919907972945 -0.11694786696505503 0.23118330159245248 0.022193404291882355 0.33942983300922991 -0.053083560238687759 -0.043854001450267292 -0.004630467487959606 -0.021307129172141375 -0.039976125856904875 0.21388144769195822 0.16226482599510658 -0.034180116195901548 0.00063717111780166574 -0.076287411645943076 -0.078576340347404947 0.027300215866138341 0.0030355002317512918 -0.039529371001939727 0.054556792188929865 0.073466786703591885 0.052684523087537898 -0.019176122518816768 0.085866017994786575 0.041841034518668246 0.078989811466105689 -0.015699762343211018 0.040001217906159736 -0.0028175312352915882 -0.041845556743643236 -0.19055574867166014 -0.032251244363124362 -0.080128596952038486 0.095406429549785843 -0.069734810767383068 -0.16147708880568015 0.021404969352576929 0.0099804742838753707 0.023997949088826086 0.080270053385126619 0.027578096335690722 -0.025591109671433979 0.13105378895660086 0.085656352838503175 0.071687410958177822 -0.0022206684012328337 0.024995881891156854 0.26336826404247865 -0.37905450183640971 -0.080062289798879083 -0.0042618057012444796 0.13197910810620667 -0.076758131463295742 0.10212575746932978 0.028852876686042406 -0.071542960244685552 0.038930755796050917 -0.045403358901481894 -0.098650497810431448 0.040699112106563441 0.094618795411320067 0.05158644264199902 -0.029315402089882248 -0.066174179305022743 0.21167071898097128 0.06756191228808188 -0.076665976337907268 0.027987273198895671 0.054556792188929865 -0.035285842810838956 -0.0012001517416521668 -0.019176122518816768 -0.014823536003430901 0.022102359942629608 0.055246612988401514 0.0553508869970714 -0.011036985147435337 0.037202783853214322 0.095406429549785843 -0.069734810767383068 -0.16147708880568015 0.021404969352576929 0.0099804742838753707 0.0018820083117067001 0.010359736901324489 -0.13182841418578203 -0.050282976417303428 0.052529994392906579 -0.022112214828284824 0.05015051952205777 0.071329319447550041 0.071687410958177822 -0.0022206684012328337 0.024995881891156854 -0.042496807259294458 -0.0021613831195716913 -0.00017796344507727739 1 2 1
0.47399211376059819 1.3858348902320181 -0.06227817945920408 0.057055375614685308 -0.042336472379354818 -0.10567550108781489 0.1266154999969975 -0.00022782709414027928 0.1137289173540222 0.035443613498404587 0.10649578646802114 0.1230304718421882 0.058944981849945316 -0.092883160744422544 0.07604244350608827 -0.14104251270866078 -0.067257965397487379 -0.12342084514094666 0.0093348468402225573 -0.12296598765538649 -0.12211744076231611 0.00099779149499344775 -0.034204156775444153 -0.040675453375150557 0.0077864022101738119 -0.060000496573523535 0.019096979128255278 0.021643729967508518 0.015580492315056049 0.10845257294596254 -0.061156137802942399 0.066888612207977385 -0.1084087620240836 -0.069904885394258001 -0.35796708144037248 -0.081218012967432779 0.019914417342592333 0.010545916417421126 -0.042208602811017508 -0.015175297264506209 0.14099805205512558 -0.14762873690607106 0.047411973116191393 0.12036142365275647 -0.075626684366846678 0.055880899383178348 -0.079706923403113722 0.063946123039390637 0.18119800345823536 -0.071339924949137198 -0.12211744076231611 0.2712263622260197 0.019096979128255278 0.021643729967508518 0.015580492315056049 0.10845257294596254 -0.061156137802942399 -0.14762873690607106 0.047411973116191393 0.12036142365275647 0.1532467494316142 -0.039820126425473473 -0.10568639678946229 -0.14849835219973406 0.098566753042049232 0.05896220789178426 0.090952775648194817 -0.11572222007166955 0.070714869976571657 -0.017963664032120723 -0.081996600437634362 -0.041746655361426681 0.052632601072966669 -0.019331576092321601 0.031263652476186871 -0.10598984195900411 0.053813050981135924 -0.12938003993576003 -0.022147037439364737 -0.0045744529179481226 -0.068633469654526283 0.0066756629109588767 -1.0617938271360872e-05 -0.082899939084223107 -0.022731911086930609 0.023798043523645895 -0.0034021191381318622 0.01540582456578482 -0.082435624831667262 0.11800090672510176 0.0030241048820333349 0.068592617482720844 -0.10619547328881057 -0.061941042516152955 0.045530880829746462 -0.11155454056759569 -0.018097511906938365 0.052995239038800809 -0.074296234202195888 0.027624426300945571 0.00099779149499344775 0.013509988367590101 0.066888612207977385 -0.1084087620240836 -0.069904885394258001 -0.35796708144037248 -0.081218012967432779 -0.075626684366846678 0.055880899383178348 -0.079706923403113722 0.10716723237164104 -0.058645501705805785 -0.020321815179047364 0.072738488604682572 -0.058740440821825737 -0.21762401822966565 -0.052645009249324227 -0.051508783430060878 0.012018265630026035 0.21823036632235501 -0.041746655361426681 0.18664372790371375 -0.062591447371220757 0.031263652476186871 -0.11254465598308142 0.046913199482690772 0.0066756629109588767 -1.0617938271360872e-05 -0.082899939084223107 -0.022731911086930609 0.023798043523645895 0.056496473869035328 0.15406987402613093 0.047416309412930811 -0.15405227391701282 0.14559040876867607 0.0041291977183134793 0.043524250284092472 -0.007733629890173707 -0.037277373336465386 0.0033085511357463064 0.045530880829746462 -0.11155454056759569 -0.018097511906938365 -0.012720902417907704 -0.055207996471057647 0.0013795180794606578 0.042416554215898371 -0.0074978563879369176 0.02026324850659611 -0.034204156775444153 -0.026580996513183942 0.019914417342592333 0.010545916417421126 -0.042208602811017508 -0.015175297264506209 0.14099805205512558 0.063946123039390637 0.18119800345823536 -0.071339924949137198 -0.077230433072920018 0.060867384715588585 0.043328940132186126 -0.0093469945868038789 -0.087435477303286019 -0.04840894667088172 0.12588556402440096 -0.019158695201937553 -0.07244042355672746 -0.17835252536611412 0.052632601072966669 -0.062591447371220757 0.19872002141896739 -0.10598984195900411 0.046913199482690772 -0.052861689118382571 -0.0034021191381318622 0.01540582456578482 -0.082435624831667262 0.11800090672510176 0.0030241048820333349 0.0041291977183134793 0.043524250284092472 -0.007733629890173707 -0.037277373336465386 0.0033085511357463064 0.11605166803540579 -0.21024527840912 -0.14554253762473779 -0.052461205555998369 0.18767417310422699 0.052995239038800809 -0.074296234202195888 0.027624426300945571 0.042416554215898371 -0.0074978563879369176 0.02026324850659611 0.077995105376058915 -0.10120379123578452 0.054969091435721221 1 2 1
0.3531014203780603 2.2288783122137055 0.028867189132618164 -0.19691308924059697 -0.13525197210428974 0.0043525573723056914 0.18066825846192466 -0.010975970334511236 -0.23517193467050987 0.014889895601321167 -0.0056792658513260793 -0.12101468755666357 -0.038357900617643173 -0.15377513333754006 -0.087237028936019367 0.10902728097948244 0.1202743838847937 0.032366500749738597 -0.19684946543303822 -0.091668725332361381 -0.066291178645183274 0.10997460554017512 -0.25372309397816495 -0.068781264806229314 -0.19302714691564821 0.19125743257634045 0.12108767552276606 0.19282462957206553 0.0043426544393204087 0.18592431907375481 -0.11412524037913201 0.018660065555640034 0.16444410553988875 -0.023182724358810126 -0.013892167255970282 0.086145923640810071 -0.01369000492531702 0.018425589561674036 0.18597024474442689 -0.24274422423911349 -0.0010959196745516067 -0.27162232024581945 -0.052870684438585454 -0.23902930009598192 0.19914595322092149 -0.13455561978707403 -0.074785375326247072 0.092163885318879007 -0.093457291771046391 0.063819573968264973 -0.066291178645183274 0.22365728657377834 0.12108767552276606 0.19282462957206553 0.0043426544393204087 0.18592431907375481 -0.11412524037913201 -0.27162232024581945 -0.052870684438585454 -0.23902930009598192 0.059658620050686485 0.034133037707491674 0.043304940787872323 -0.20334623199493965 0.0087277958079540752 -0.092302951355654542 0.087621023325788652 0.033136283886736839 -0.010343255552719841 0.022360488807283033 -0.044150111202199513 0.064083235362778865 -0.020254449152161312 -0.10227491914913732 -0.035175153636979678 -0.06926421702293685 -0.047776756416619721 0.089164509165957931 -0.057719523539594988 0.15103222095835456 -0.11851938552689832 -0.020760371492439995 0.067773496795620614 0.068829944769244158 -0.016737220600393642 -0.081755026265267289 -0.016022818476119392 -0.12623301857005642 -0.00049529514582652163 0.0043684722367798752 -0.11694925640703649 0.18151253595717273 -0.014833168407926024 -0.12539356787202688 0.044486420449794201 0.14776648319940355 -0.047496271854395103 -0.04616079289728043 0.11178446991807206 0.059946069312380681 0.10997460554017512 -1.2408535758063057 0.018660065555640034 0.16444410553988875 -0.023182724358810126 -0.013892167255970282 0.086145923640810071 0.19914595322092149 -0.13455561978707403 -0.074785375326247072 -0.0037853124122003419 -0.029144938479701395 0.10269951819428424 0.056867841935318159 0.03856723990062097 -0.025899431245723123 0.065971148252213604 -0.069540865251412329 0.080163355199018183 -0.10397266941684963 0.064083235362778865 0.014478750094916483 0.056434787791104661 -0.035175153636979678 0.094837107994566711 0.073969340087921456 -0.020760371492439995 0.067773496795620614 0.068829944769244158 -0.016737220600393642 -0.081755026265267289 0.041069185780320455 -0.030391187469117554 0.093291998407901366 -0.034209815064294935 -0.10202897666307001 0.082958229294609082 -0.09826459886832116 0.11766237229911758 0.12672983872106772 -0.012159760076069566 0.044486420449794201 0.14776648319940355 -0.047496271854395103 -0.069654206261852369 -0.22263498262275722 0.18430309441899481 0.031917784807937381 0.0083316796531410289 -0.038040820788035251 -0.25372309397816495 2.1432237039481867 -0.01369000492531702 0.018425589561674036 0.18597024474442689 -0.24274422423911349 -0.0010959196745516067 0.092163885318879007 -0.093457291771046391 0.063819573968264973 0.13644747784909261 0.065077229612075391 -0.17649454038957405 0.11225225968919605 0.0172573903721094 0.034776988690560916 0.13934507162919527 -0.12522845565014115 -0.092080313246635501 0.11333991700894708 -0.020254449152161312 0.056434787791104661 -0.043780593480043546 -0.06926421702293685 0.073969340087921456 -0.088024732803423336 -0.016022818476119392 -0.12623301857005642 -0.00049529514582652163 0.0043684722367798752 -0.11694925640703649 0.082958229294609082 -0.09826459886832116 0.11766237229911758 0.12672983872106772 -0.012159760076069566 0.069729666688588141 -0.058394212297995511 0.087871732963024168 -0.15640331332556684 0.14253580951137473 -0.04616079289728043 0.11178446991807206 0.059946069312380681 0.031917784807937381 0.0083316796531410289 -0.038040820788035251 -0.23601805492001998 -0.057195419786374116 -0.16215614604899264 1 2 1
0.75153364473890161 0.68955638651492279 -0.027746139078698284 -0.026478994182555247 0.0580575783452923 0.039226096340853174 0.0079023897674720071 0.12421098392130447 -0.050600719887574648 0.15469586146333736 -0.12489662991270398 -0.20204656097292117 0.0035265819307810529 0.11409763710028874 -0.32064034183105972 -0.080802836270492423 0.0017716386959768604 0.052435117014019046 -0.036899309704299832 0.12965777373852003 0.14577418902546027 0.24473648904941067 -0.19962596590292109 -0.13613987297778915 0.051624587898578697 -0.072028245229517743 -0.10989598331991664 0.013553765505351811 0.22672219627407075 0.14084849649516695 -0.054579050069006319 -0.2691096483925341 0.024014477770474656 0.12332553424615053 0.055790427152032036 -0.021782242444322503 -0.26148738383369374 0.16821831420412278 0.024845233990918186 0.0033635596779074631 0.013159395012074413 -0.045885160267188127 0.20676944928853372 -0.11917331329142139 0.049861623818025586 0.15351495888007982 0.25675822699233658 0.14315015594537778 0.053139949297287846 0.048143179042149105 0.14577418902546027 -0.31490193109258496 -0.10989598331991664 0.013553765505351811 0.22672219627407075 0.14084849649516695 -0.054579050069006319 -0.045885160267188127 0.20676944928853372 -0.11917331329142139 -0.062846547114469228 -0.051055949495307097 -0.061846536313091283 0.080100958054592053 0.018577687558862004 -0.18723551374111055 0.031195830289822653 0.17894193588199178 -0.023432358052646287 0.23911159553592951 -0.0030178057316701161 0.16513665294485486 0.0058044976762866851 -0.017563691362130974 -0.066439977546582624 0.043266506241715214 -0.02102726979174899 0.036787473403334242 0.072281803467244679 0.15120308093914564 0.026681389141039791 -0.0065918783013839931 0.0068983592550250303 -0.023682564253227428 0.071555528617935182 0.029110739374985255 0.0018708152204274416 0.092935009769514187 -0.022099577083415395 0.024534461890780655 0.091711390284498401 -0.110792476523702 -0.058368618417822551 -0.01943272433583039 -0.065563286983473093 -0.042785925742209852 -0.013669934015501053 -0.027960777785174605 0.010391172443947327 -0.12798232137939919 0.24473648904941067 -0.1558613136732914 -0.2691096483925341 0.024014477770474656 0.12332553424615053 0.055790427152032036 -0.021782242444322503 0.049861623818025586 0.15351495888007982 0.25675822699233658 0.0909453219332719 0.086311353455027079 -0.010749931359023621 -0.12251174438806758 0.071696051419685242 -0.15314662010691793 -0.11689577445657895 0.033777486114711812 -0.13585883738426244 0.035510511350282714 0.16513665294485486 -0.11020939856544364 -0.068916471442373256 -0.066439977546582624 0.10299850444482841 0.046914918824501363 -0.0065918783013839931 0.0068983592550250303 -0.023682564253227428 0.071555528617935182 0.029110739374985255 -0.11432709525129446 0.074335544208988497 -0.064080104598025517 -0.1299731424937304 0.10906448739415875 -0.079138441742419047 -0.043265784992631132 0.062336255436836539 0.076483753996185344 0.063127614843985144 -0.065563286983473093 -0.042785925742209852 -0.013669934015501053 -0.037246216843610902 -0.074096097597314267 0.037336581358550044 0.075253371594826091 0.096555210629529806 0.05692258945781635 -0.19962596590292109 0.087321592230047443 -0.26148738383369374 0.16821831420412278 0.024845233990918186 0.0033635596779074631 0.013159395012074413 0.14315015594537778 0.053139949297287846 0.048143179042149105 -0.021424380700902558 -0.032176471405634538 -0.12028671871054691 0.066525008164068103 0.11621208077252952 -0.055692328549445419 0.11857745492891368 0.1352541614930991 -0.050223950697161117 -0.062429298060602212 0.0058044976762866851 -0.068916471442373256 -0.060606548867449456 0.043266506241715214 0.046914918824501363 -0.040048927374910115 0.0018708152204274416 0.092935009769514187 -0.022099577083415395 0.024534461890780655 0.091711390284498401 -0.079138441742419047 -0.043265784992631132 0.062336255436836539 0.076483753996185344 0.063127614843985144 0.081926477050421664 -0.0072652635839466576 0.037772390441794174 0.0022232742278960015 0.045840923742936662 -0.027960777785174605 0.010391172443947327 -0.12798232137939919 0.075253371594826091 0.096555210629529806 0.05692258945781635 0.02915928264235082 -0.14537611903682887 0.23665281708836838 1 2 1
1.141083886905345 0.70680084120846176 0.18646534758442801 -0.036174780162481122 -0.037897955515181346 0.052982809386598509 0.037663104290962778 -0.039412454365616141 0.069947975955484132 0.24340943912499588 -0.19926723969418866 0.036613559867255764 -0.14939698446473113 0.12182720597079025 0.00013742054164904305 -0.11043222782228961 -0.15416253616256401 0.14719096471031692 -0.073713654790658154 0.11019341434768729 0.08734095848605089 0.16761588587395351 -0.095278118592132463 -0.075401854058012002 -0.014674910639531321 0.17078281984438129 0.021321026985875811 0.12959607524085448 -0.12221152929835599 -0.12757455141603238 0.037048315605780417 -0.021085460099544723 0.15685471836696682 0.14798639171957401 -0.16030540319551509 0.077614976770227079 0.18749241146355849 -0.07136798667766063 -0.090288327779793037 0.0054649041007444445 0.14523317994079699 -0.0099239970758762935 0.15754185781395391 0.221348117020192 0.20059880978947414 0.14321279934185291 0.009600408372031655 -0.077184581500909302 0.021573163609044998 0.13002394410731744 0.08734095848605089 -0.12017917224282185 0.021321026985875811 0.12959607524085448 -0.12221152929835599 -0.12757455141603238 0.037048315605780417 -0.0099239970758762935 0.15754185781395391 0.221348117020192 0.10415093757731497 -0.10409358710391109 -0.078436058465695652 -0.023402266977743509 0.10058108436967184 0.075284119041426248 0.034453435843631114 -0.12524220123395158 -0.033033197590611123 -0.075693669538590427 0.033895867297580408 0.081925251724848824 0.01025309755065478 0.071632383491494478 -0.034718823346599259 -0.089031058088836726 -0.11618069022247585 0.027767755065858792 0.21826617714385688 0.06476172251690579 -0.012525354141113276 -0.033564893400699819 -0.032843128253865927 0.07256974376367506 -0.0030344025445147166 -0.023091804122347091 0.018675278225089867 -0.058569638485800629 -0.01770635289976499 -0.0020168541037260436 0.082002924702253288 -0.021975884321750579 0.082812533277044936 0.0034678528329568289 -0.010050444610963036 0.004492408120122221 0.096794352583670418 0.067587294378914198 0.029175478413432675 0.021416433137186996 0.16761588587395351 -0.11668376120553167 -0.021085460099544723 0.15685471836696682 0.14798639171957401 -0.16030540319551509 0.077614976770227079 0.20059880978947414 0.14321279934185291 0.009600408372031655 -0.035687946401167847 0.0094206934621144101 0.063384796210586444 -0.0014794243154521371 -0.0175705611945433 -0.15096345062934341 0.023844482045172338 -0.12630149442590227 -0.02879386401120726 0.017762625841655871 0.081925251724848824 0.18045650086506271 0.11970560253690826 -0.034718823346599259 0.10295509539822063 -0.054573614562360907 -0.033564893400699819 -0.032843128253865927 0.07256974376367506 -0.0030344025445147166 -0.023091804122347091 -0.074005944256107334 -0.025402798909176516 0.0381742682526445 0.040361565977083146 0.0066928494093562128 0.037621780916749836 -0.067413887289257957 0.026347701364761767 0.065057040632219579 -0.085224238077503844 -0.010050444610963036 0.004492408120122221 0.096794352583670418 0.13713992311511333 -0.031853500792928223 0.089539422646803604 -0.094237804289191943 0.015730954347642538 0.032199295274680878 -0.095278118592132463 0.20868358316746002 0.18749241146355849 -0.07136798667766063 -0.090288327779793037 0.0054649041007444445 0.14523317994079699 -0.077184581500909302 0.021573163609044998 0.13002394410731744 0.064476295891523747 -0.032921508838545797 -0.15820914798574207 -0.0038412695568014465 -0.0098981186065542296 0.097129727731175175 -0.10064377138844716 -0.00046533910299299212 -0.082432699650181102 0.21262210100102177 0.01025309755065478 0.11970560253690826 0.027864360888823998 -0.089031058088836726 -0.054573614562360907 -0.092174132979595924 0.018675278225089867 -0.058569638485800629 -0.01770635289976499 -0.0020168541037260436 0.082002924702253288 0.037621780916749836 -0.067413887289257957 0.026347701364761767 0.065057040632219579 -0.085224238077503844 0.019070296086721141 -0.034307735676241478 0.068150133404583535 0.082379055880963101 0.075127300541887682 0.067587294378914198 0.029175478413432675 0.021416433137186996 -0.094237804289191943 0.015730954347642538 0.032199295274680878 0.24935490138423544 0.057009281068846666 -0.13111160193954119 1 2 1
0.2250705275174904 2.3245949400827781 -0.075651834753706709 0.2119645379255187 -0.12195897646430609 0.060602885658933632 -0.31116159523840398 -0.18254820770780864 0.10167012231074207 0.064130016470522647 -0.051035773703463364 -0.034229968380380088 -0.16507644752949233 0.00033307855586385988 -0.18421389167763924 -0.066805727643181059 0.027049112271270798 0.05690623989459058 -0.26292660595610035 -0.15376294951638333 0.044772910197625825 -0.0201339065399209 -0.17418563350332458 -0.017851625386624732 0.031785927884700076 0.16187858763423352 0.14676118664685114 -0.076110320251091268 0.13381074036846294 0.0090031516296231358 0.027145776269093983 -0.064399340345361572 0.21052894538262812 0.15267587040032288 0.026122461150186366 -0.017707787465526623 0.14825175297721391 0.050407750592751273 0.061480636221811366 0.14831567263823903 -0.0057636855182459212 -0.091629225966034691 0.16150970014140151 0.071393859975461799 -0.18724569860355908 -0.10399467388634857 0.049991967614902696 -0.084365247237060362 0.17726012367855434 -0.11068290122517239 0.044772910197625825 -0.54174354692144677 0.14676118664685114 -0.076110320251091268 0.13381074036846294 0.0090031516296231358 0.027145776269093983 -0.091629225966034691 0.16150970014140151 0.071393859975461799 0.14109099323844618 -0.1363221740820463 -0.059354561060996486 -0.059100550865806872 -0.089317728865243806 -0.039284219010586534 0.13375225188809314 0.023418261967565968 -0.0064170823440255365 0.025543238058642448 -0.015217959957296854 -0.028591064967662137 0.030013872477178453 0.0003112574359501576 -0.060467930336755245 -0.049927446740182783 -0.047641314932282353 -0.1433157396941597 -0.039335775238793488 -0.08614683931438466 0.0051456342755671581 -0.013261506770008306 -0.029988499166197082 0.078823875002730054 0.090658919067573132 -0.024839862919644295 -0.053431985139110343 -0.030701672119240679 -0.0057335354890132965 0.07955795847540649 -0.071076063301513642 0.060318103564061802 0.12356709103819007 0.083601700907452003 0.16053022884188256 0.060660721478846664 0.0093925012791719401 0.047037293161427525 0.10594752813768885 -0.05467077170517462 -0.0201339065399209 0.34917546076925832 -0.064399340345361572 0.21052894538262812 0.15267587040032288 0.026122461150186366 -0.017707787465526623 -0.18724569860355908 -0.10399467388634857 0.049991967614902696 -0.076716659176246149 -0.071480471059248582 0.0064450795645523487 -0.12120697786981752 0.070551797541489464 0.0079212115391357179 -0.054674031602387499 0.080342294425553851 -0.21237623832503158 -0.037704014445311351 -0.028591064967662137 -0.095351359875481101 -0.010353030601267969 -0.060467930336755245 0.0014646273101249869 0.059439594883243033 -0.013261506770008306 -0.029988499166197082 0.078823875002730054 0.090658919067573132 -0.024839862919644295 0.027465289601850757 -0.16894691908565906 0.0092767087508252213 -0.093208249538600865 -0.096123988265922861 -0.060522861531478116 -0.06127686264234234 0.11876240059149115 0.056614573896270316 -0.0061211912897455797 0.16053022884188256 0.060660721478846664 0.0093925012791719401 -0.063030285124775418 -0.0062630302908672792 -0.18976639286745942 0.080426867370835153 -0.027486232821952682 0.048935161331100555 -0.17418563350332458 2.5182756541374767 0.14825175297721391 0.050407750592751273 0.061480636221811366 0.14831567263823903 -0.0057636855182459212 -0.084365247237060362 0.17726012367855434 -0.11068290122517239 0.054075235269978476 0.12010164787224482 -0.0075449738151872961 -0.059721287945746243 -0.10985999606949948 -0.076892725772505666 0.099137111584557958 0.27700741813736818 -0.028905740584058343 -0.060559775577753897 0.030013872477178453 -0.010353030601267969 -0.068628740482830269 -0.049927446740182783 0.059439594883243033 0.031416975030688452 -0.053431985139110343 -0.030701672119240679 -0.0057335354890132965 0.07955795847540649 -0.071076063301513642 -0.060522861531478116 -0.06127686264234234 0.11876240059149115 0.056614573896270316 -0.0061211912897455797 0.077150130941608455 0.060556800576150732 0.071602263638688698 0.084357629824987623 0.16622684885730324 0.047037293161427525 0.10594752813768885 -0.05467077170517462 0.080426867370835153 -0.027486232821952682 0.048935161331100555 -0.029400268048937674 -0.013522732963887502 -0.18881730654911785 1 2 1
0.91098170357488795 1.077368556494172 0.04360079966703994 0.13080832562862457 -0.081850594363632428 -0.083886984225743533 -0.013820097655745297 0.0090058023995403247 0.11546750579268278 0.085356381890462907 0.062181252709255737 0.0049724911966563977 -0.15748425988167691 0.13856990928731805 -0.20094700212613409 0.0066868836388059147 -0.13156317212990964 -0.23025296104774265 -0.060552167417733144 0.023243284100961322 0.0060458355771569371 0.21216980420962042 -0.030756637011681423 0.022884696648169622 0.038081462981523574 0.16388348922097132 -0.059146582810921708 -0.10719851671550248 -0.035969527140722553 0.2322275616130178 -0.092308226737811222 0.12448727480909887 0.18436693200631518 0.12308819350108283 -0.056477527016138909 -0.087913727317353474 0.045688612980603019 -0.032519452484930461 -0.071890179902622336 0.078743193590104885 -0.053002780958989436 0.20347351438382116 -0.14626963958883299 -0.075301215085296733 0.01858794869186161 -0.10237214810128049 0.050117769897182765 -0.018608027695449579 0.14405518852092206 -0.011720026238728551 0.0060458355771569371 0.017970836774617114 -0.059146582810921708 -0.10719851671550248 -0.035969527140722553 0.2322275616130178 -0.092308226737811222 0.20347351438382116 -0.14626963958883299 -0.075301215085296733 0.038860203419888904 0.014314684307789583 0.043455872609148967 0.043952530991386352 0.10943081594027795 0.038959872257275485 -0.08165596160344421 -0.079614800861035839 -0.14338188628880219 -0.036872501652229724 -0.047680051756861928 -0.01186419055522759 0.073219620337289432 0.0078405019600108813 0.087367808801318003 0.041194957605292501 -0.059156625285385615 -0.022125685500827774 -0.03375818046824678 -0.1832958089718226 0.050064292014939483 0.13233924532846764 -0.0054526969587997964 -0.0097354884229372187 -0.073535891962968086 0.095562795191156541 0.093331021835781208 -0.024578107310516059 0.0052856186047234282 0.00098317617407855072 -0.073783448362709406 0.073683039105134004 0.086690980913336005 0.051496215426779006 0.017467459914010462 -0.011466050690074593 -0.041280319455851713 0.011250129594765429 -0.012157823281302924 -0.057422060139585326 0.21216980420962042 -0.20911903275759455 0.12448727480909887 0.18436693200631518 0.12308819350108283 -0.056477527016138909 -0.087913727317353474 0.01858794869186161 -0.10237214810128049 0.050117769897182765 -0.022642246953943193 0.021162539835244559 0.17455741042556158 0.14093350831857063 0.02248488830216254 -0.15468872190760702 -0.19162018403867875 -0.00013547840594427908 -0.15433717165149599 0.16469907615235824 -0.01186419055522759 0.096793224940692021 -0.043269262748936339 0.087367808801318003 -0.066414995828173382 -0.025327284871871296 0.13233924532846764 -0.0054526969587997964 -0.0097354884229372187 -0.073535891962968086 0.095562795191156541 -0.15936021247383703 0.10113420282467596 -0.087793575678618951 -0.014859095939430456 0.12469264031270072 0.01816243960629093 -0.059611026890545239 -0.092863634582835877 0.0237382370623841 -0.050727936965573081 0.017467459914010462 -0.011466050690074593 -0.041280319455851713 -0.16407675264473878 0.14051584236576165 -0.027947567283402964 0.0078378219341131497 0.016841160098034311 -0.017381363560640125 -0.030756637011681423 0.21627187688590674 0.045688612980603019 -0.032519452484930461 -0.071890179902622336 0.078743193590104885 -0.053002780958989436 -0.018608027695449579 0.14405518852092206 -0.011720026238728551 -0.02597290550443191 0.2488980083685402 0.034214544389882466 -0.015116928396758843 0.1856323606689895 -0.006249307802284821 -0.085930566841472822 0.0060723518710989145 0.23783800014809794 0.054686754938646991 0.073219620337289432 -0.043269262748936339 0.11315382178476702 0.041194957605292501 -0.025327284871871296 -0.14269292810954445 0.093331021835781208 -0.024578107310516059 0.0052856186047234282 0.00098317617407855072 -0.073783448362709406 0.01816243960629093 -0.059611026890545239 -0.092863634582835877 0.0237382370623841 -0.050727936965573081 0.017457053472814846 -0.049672866350366995 0.032074287071666527 0.08290155268964039 -0.013965604614395808 0.011250129594765429 -0.012157823281302924 -0.057422060139585326 0.0078378219341131497 0.016841160098034311 -0.017381363560640125 0.032200618921443373 -0.070077990850225577 0.063194115558445882 1 2 1
0.54824365737077918 0.72183906885154037 0.029637338424645669 -0.12989374910908558 -0.12360565656827829 -0.12542771168674444 -0.014020908833404046 0.0039591977337724528 -0.023599912768690955 -0.018977905316452513 0.090364973511805821 0.012362796491157454 -0.051867349153475885 -0.030662348057672192 0.17547181752159322 -0.02324823712075812 0.1142657187096716 0.11213270437796083 -0.047006202561925343 0.20060631016766017 0.23209600899260746 0.14008207909738332 0.036054791629646858 0.18484059727330204 -0.081083504463399153 -0.23221912351597745 -0.23113560356220095 -0.1417362974342041 -0.094417595079671082 -0.15558394668217326 0.16288349866157892 -0.033879737672699438 0.10695949394748508 -0.0250097858848982 -0.016290934109903846 0.17696487257846163 0.11276572443725824 -0.15539379906097026 -0.1118352856218347 -0.045899086657918343 -0.10577177447512223 -0.007062896550112531 -0.035791974477227359 -0.033846497329651434 -0.18771128038288629 0.027601710291041057 -0.04922738255535946 -0.11443964610473986 0.037346498389887538 -0.29653931218143442 0.23209600899260746 0.031563758240100076 -0.23113560356220095 -0.1417362974342041 -0.094417595079671082 -0.15558394668217326 0.16288349866157892 -0.007062896550112531 -0.035791974477227359 -0.033846497329651434 0.14034748172482781 0.046026985483759331 -0.17288582900807706 0.11314440897131479 0.036083625685241108 0.1371916416986726 -0.085329916895178382 0.046850996514741172 -0.077527807915728122 0.21884747954498748 0.18048957910827401 -0.084904218645905985 -0.039782783820311259 -0.034890890458073399 -0.052874083078902172 -0.089697283361368646 -0.018682015785735615 -0.087692312808112308 0.0039163334693402855 -0.037350074030766282 0.14498462142200294 0.024215799730609694 -0.010095184728787905 -0.08412033920294662 0.017746101362395263 -0.093898215602851845 -0.083902984358383184 0.014742674080146324 -0.044560413115969297 0.045977673243231883 0.070804717591525929 0.05737547358314881 0.039831571046659513 -0.064251739981351974 0.10718500914470262 0.033119845159034794 -0.055526779421984453 -0.034645002475966219 -0.031111893358100374 0.1702865879744733 0.14008207909738332 -0.33233439101807882 -0.033879737672699438 0.10695949394748508 -0.0250097858848982 -0.016290934109903846 0.17696487257846163 -0.18771128038288629 0.027601710291041057 -0.04922738255535946 -0.048695805065514762 0.019332752779477318 0.04593945580321257 0.062042069175792129 -0.096955052055503657 -0.0014675339559859504 0.033060786054963008 -0.041343161774745063 0.14950917322193644 -0.014286670834115717 -0.084904218645905985 -0.02675314359378312 0.0048704422231895389 -0.052874083078902172 -0.10551895629441128 -0.020696343769701159 0.024215799730609694 -0.010095184728787905 -0.08412033920294662 0.017746101362395263 -0.093898215602851845 -0.0059998187496731236 -0.084811063859516422 0.067712407543996544 0.024157124965991872 0.13376551239548082 0.070529076301679552 0.043751406835260444 -0.099559605366403431 -0.056099972464073222 0.0078239023869018827 0.10718500914470262 0.033119845159034794 -0.055526779421984453 -0.058600048138517082 0.052655576912193851 0.016437144011616094 -0.023180919774931648 0.034844876778093094 0.074386017989395606 0.036054791629646858 -0.47104034358012847 0.11276572443725824 -0.15539379906097026 -0.1118352856218347 -0.045899086657918343 -0.10577177447512223 -0.11443964610473986 0.037346498389887538 -0.29653931218143442 0.016732466912160345 0.11741118102594179 0.10934901057824194 0.029646529432464847 -0.012261021647030215 0.099559876588934934 0.031851385672380154 0.11848729979667334 0.064881996245285192 0.043069006162196381 -0.039782783820311259 0.0048704422231895389 -0.074045392016476072 -0.089697283361368646 -0.020696343769701159 -0.018503586105728886 -0.083902984358383184 0.014742674080146324 -0.044560413115969297 0.045977673243231883 0.070804717591525929 0.070529076301679552 0.043751406835260444 -0.099559605366403431 -0.056099972464073222 0.0078239023869018827 -0.084179380484452615 0.084091344137398896 -0.10067293796576203 0.046436011880535519 -0.030303563568217513 -0.034645002475966219 -0.031111893358100374 0.1702865879744733 -0.023180919774931648 0.034844876778093094 0.074386017989395606 -0.057861372408356274 0.017145871192902999 -0.047357400816962901 1 2 1
0.21153899279699034 1.2942010189056412 -0.028631409967779992 -0.25451595139983907 -0.13308630628496412 0.013423835575493277 -0.21841689127754449 -0.076928917378125919 -0.13362203530065342 0.15225982791495751 -0.064945391281235346 0.013485005688789414 -0.15091851065950435 0.062747590226960498 0.043536122170846243 -0.10243996326107635 0.24837431790149106 0.088009822444887184 0.0038654562753100649 -0.075244821921861743 0.23649659736863923 0.04053983365817921 0.024709947942254899 -0.22797613566352717 0.19940128186600314 -0.092836449013154951 0.063907142114066104 0.18810566521763894 0.10399932021407306 0.072572492746471512 -0.01728094683963749 -0.01478475174029586 0.22615090572174187 -0.08806326463036207 -0.12109825410034991 -0.14023299616636142 0.031449070622345268 0.050395792493185737 0.19463518326573231 0.033495022523492499 -0.042494397679078082 0.088227194438423376 0.19862390151390308 0.023120914098038799 -0.090962603207800793 0.0094671952265549253 0.098366046865199758 0.017273860676244129 -0.16951656926931127 -0.016137947770584641 0.23649659736863923 -2.524594950011199 0.063907142114066104 0.18810566521763894 0.10399932021407306 0.072572492746471512 -0.01728094683963749 0.088227194438423376 0.19862390151390308 0.023120914098038799 -0.10243624533932177 0.090352654718361944 0.10032002603593759 0.026274844051348351 -0.10634974696340541 -0.091681939580063723 -0.10872688483167824 -0.00065513045592898258 -0.039976894022409087 -0.15195843852507654 -0.0049328807021152459 0.047707570856655016 -0.018012432665461681 0.19805160581536818 0.088106118018188559 -0.0096579619432704614 -0.0030735960218559988 0.091173387069891254 -0.044111796255583584 -0.033058887334996137 0.0054674218673347909 -0.022154144560403793 0.010075785026891281 0.058539890113713355 -0.069960550624374035 0.074023200432250566 0.0044560871881372168 0.020996533807445813 -0.065385101763227441 0.066645103968231922 0.1095774343275098 0.041216773167430054 0.16344059135097549 0.0015748193566131664 -0.020676586753916051 -0.028202172188994915 -0.1560012275332181 -0.063840574394725527 0.0089829290121845422 0.039149466231180166 0.04053983365817921 0.6945981253694089 -0.01478475174029586 0.22615090572174187 -0.08806326463036207 -0.12109825410034991 -0.14023299616636142 -0.090962603207800793 0.0094671952265549253 0.098366046865199758 -0.080926540101077041 0.029382878911068368 -0.079849720032217741 0.15538032720330175 -0.020813153094939373 -0.07646768080304267 -0.052674749048441688 -0.12399184051990222 0.13824077708407898 0.060193406473959425 0.047707570856655016 0.14504300825887681 -0.045350220942686127 0.088106118018188559 0.11202655867045958 0.16866199708843455 -0.022154144560403793 0.010075785026891281 0.058539890113713355 -0.069960550624374035 0.074023200432250566 -0.068238904616752624 -0.12196296459241551 -0.20023590644337827 0.040211714727390963 -0.0028755120293806318 -0.055388110552879267 -0.0097384406549042984 -0.016989682402157195 -0.054645876777460078 -0.051934472322280593 -0.020676586753916051 -0.028202172188994915 -0.1560012275332181 0.11774014663658616 0.0067428740536579924 0.017422961292211572 0.025879131295544242 -0.0076415754578778652 -0.08556873125360949 0.024709947942254899 -0.59003821076575724 0.031449070622345268 0.050395792493185737 0.19463518326573231 0.033495022523492499 -0.042494397679078082 0.017273860676244129 -0.16951656926931127 -0.016137947770584641 -0.12454067023775264 -0.019804720885706048 -0.0086958142677913373 -0.033478885013126611 0.067703168219210644 0.030866787134284021 -0.15425822902841307 -0.055093934394958424 -0.27058821133127892 -0.128264437446446 -0.018012432665461681 -0.045350220942686127 -0.010748376566012914 -0.0096579619432704614 0.16866199708843455 0.021296595785508105 0.0044560871881372168 0.020996533807445813 -0.065385101763227441 0.066645103968231922 0.1095774343275098 -0.055388110552879267 -0.0097384406549042984 -0.016989682402157195 -0.054645876777460078 -0.051934472322280593 0.13588568156073241 0.086568811986519556 0.22314088639919924 -0.069621586227382126 -0.28551015877139108 -0.063840574394725527 0.0089829290121845422 0.039149466231180166 0.025879131295544242 -0.0076415754578778652 -0.08556873125360949 0.12567793922212989 0.090319280805967475 0.098009426311795655 1 2 1
0.5364674798945821 0.57337757248078181 0.097779850427092557 0.03367882643237459 -0.13887480170417038 0.079419320079668898 -0.052335564832474459 -0.16816872284608697 -0.011405187090772439 0.12765743539562771 0.018577621877298899 0.087919967893092851 0.00013997874999727747 -0.28006364760905134 0.10171044064801782 0.23692506521954365 0.049350690830911481 0.1337280866392761 -0.028273838956764535 0.21371327152707381 0.11119750487833716 0.18327765578829169 0.059684774692358285 0.11603144501985922 -0.0029364256611240274 0.23819551672758255 -0.0037051244240871874 0.032192640235490469 -0.10410973980993725 0.16575813128311731 -0.018246833844456644 -0.087751762194580446 -0.035542943503617586 0.031253250231760413 0.0031374916347689744 -0.25045817217918642 0.0012598021036486586 -0.075686415436434479 0.036501929449472566 0.16889255549075574 0.16587501005921929 -0.027082869070359165 -0.10961867954482588 -0.094573916253303567 0.021089690359087955 -0.10654295568529004 -0.14273164281812067 -0.079697389577786742 0.11611827716154012 -0.020661499548758708 0.11119750487833716 0.09743981054931844 -0.0037051244240871874 0.032192640235490469 -0.10410973980993725 0.16575813128311731 -0.018246833844456644 -0.027082869070359165 -0.10961867954482588 -0.094573916253303567 0.027678063277371469 0.1156010913583633 0.16578065403042128 -0.049477263237439985 -0.0062269009808084835 -0.011621667123219555 0.098566215889138442 -0.09242738329248229 0.023509891152137592 -0.12189216233614138 0.082065478351403875 0.056111967958194196 0.036320011352978569 -0.0021970814782298217 -0.064857922493213885 0.047862537424172479 0.044981940637885909 0.027984092493949033 -0.035583056934292451 0.05162770369495541 -0.19481261348499573 -0.099961867254384773 -0.043793882408015711 -0.0029526219416217761 0.10722179527571779 0.046653329155157096 -0.089283590275694033 0.033620438441920211 0.092026183613890825 0.0096617583226671182 0.010951799614789516 -0.026154451731842873 0.087453806745508969 0.076451920928772343 -0.038235752925491889 0.13651235130141226 -0.063268946728157069 0.040341268689097196 -0.032219758228950124 0.043576006123967122 0.18327765578829169 -0.20136117672633222 -0.087751762194580446 -0.035542943503617586 0.031253250231760413 0.0031374916347689744 -0.25045817217918642 0.021089690359087955 -0.10654295568529004 -0.14273164281812067 -0.016416971899686997 0.10026048414219038 0.12645593225359827 -0.066727047116838967 -0.1367397550966154 -0.047175327853832716 -0.11235294736890165 -0.18118564018538583 -0.075726097326721392 0.093845549593198213 0.056111967958194196 0.024728375231240805 0.031126301087683293 -0.064857922493213885 0.15616768778106369 -0.058829997856100956 -0.099961867254384773 -0.043793882408015711 -0.0029526219416217761 0.10722179527571779 0.046653329155157096 -0.045129743726285504 0.10100186733997207 0.084206507885897522 -0.0068351099084074558 -0.0053797256539377478 -0.057525563006322777 -0.015493324888722605 0.097999454824588786 0.019427672320432285 -0.00017073056984552755 -0.038235752925491889 0.13651235130141226 -0.063268946728157069 -0.012820795366530186 0.17948735812640224 -0.032711889055995202 -0.080185178172324303 -0.0094961823595486987 -0.10658840389017411 0.059684774692358285 0.38021616061517344 0.0012598021036486586 -0.075686415436434479 0.036501929449472566 0.16889255549075574 0.16587501005921929 -0.079697389577786742 0.11611827716154012 -0.020661499548758708 -0.13033053689727447 0.15786959643740794 -0.15892109864450929 -0.0065488726199235655 0.10039028891104583 -0.058509528848378262 0.15294588795517958 -0.036645863816048486 0.16668081244028463 0.17122575858722411 0.036320011352978569 0.031126301087683293 -0.16687963315332749 0.047862537424172479 -0.058829997856100956 0.13853490324567239 -0.089283590275694033 0.033620438441920211 0.092026183613890825 0.0096617583226671182 0.010951799614789516 -0.057525563006322777 -0.015493324888722605 0.097999454824588786 0.019427672320432285 -0.00017073056984552755 -0.08513556402634409 0.10273116198591131 0.12859085573603421 0.13578188468829963 -0.14811095270061791 0.040341268689097196 -0.032219758228950124 0.043576006123967122 -0.080185178172324303 -0.0094961823595486987 -0.10658840389017411 -0.0042846690279434206 0.071835571603387535 0.088209953490755721 1 2 1
1.0148318494174917 0.38259375673920526 -0.010496117903988121 -0.038797510126717318 -0.048571764167365909 -0.052498227226098607 0.18149283323110163 0.071597861476834668 0.040575855635311367 -0.02443263986763692 0.12441095617085342 0.17636444818907263 -0.22155498049020872 -0.052423370414732988 -0.14029552010700783 -0.038742034814949977 0.10615712816770342 -0.17818375567304429 0.0018451827504166408 0.16053921825461093 0.12914012536846128 -0.10149359436944912 0.052582905409437219 0.11942828632602684 0.014303734880260351 -0.059080786455700821 0.0039466091822909508 -0.096468437606679988 0.029284936775246781 -0.11511779714928493 0.093220494110937899 0.099769850820840209 0.056139536631645934 -0.056196274207104401 -0.073231259905662122 -0.096469340739789966 0.044565536267394866 0.13548510445386483 0.04895326231644094 0.15632133293833317 0.079131733231918813 -0.040315752436552527 0.05606898628699087 0.018643006652772621 0.061475709413311611 0.054135091130857162 -0.010606910249099061 0.16100997162312713 -0.20548824930266599 -0.09985916296812844 0.12914012536846128 0.068996731483867466 0.0039466091822909508 -0.096468437606679988 0.029284936775246781 -0.11511779714928493 0.093220494110937899 -0.040315752436552527 0.05606898628699087 0.018643006652772621 0.063305399941998269 0.11445601006683018 -0.16813190751498136 -0.051266413268186255 -0.17890091279717521 0.0031986619354887227 0.030598285883707912 0.047524826489223022 -0.081423619830410868 0.121073856546172 -0.056656166263020107 -0.03281071167987943 -0.042442250500836588 0.12018183112178063 0.015450531720319294 0.043307281524602198 -0.018035086590870948 0.043140279225085273 0.12700475894189689 -0.013759637639854766 0.077869444729109366 0.14254870874365427 -0.059000958873455356 -0.028146422922238238 0.046202256717345805 0.0086570873148642188 0.089736103584226054 -0.069658302864157057 -0.016863913784009345 -0.010551839831701104 0.0026317239291604178 0.00079617268500347608 -0.091386409246962258 -0.00034889505330099589 0.011919342158949487 0.029227487079533605 0.12898879057737336 0.042075275716062732 0.030251002555808933 -0.1399063512954789 -0.10149359436944912 0.052357984690303026 0.099769850820840209 0.056139536631645934 -0.056196274207104401 -0.073231259905662122 -0.096469340739789966 0.061475709413311611 0.054135091130857162 -0.010606910249099061 -0.045059308381521522 0.051461268094868097 0.069883990616066413 0.061500487889856216 -0.072297398769163634 -0.090014922516437001 -0.032210321597879121 -0.25256157940540913 -0.12918011382918831 0.086364538311056116 -0.03281071167987943 -0.11905229447556043 0.097780732792978109 0.015450531720319294 -0.015422974197682675 -0.010384913498541697 0.14254870874365427 -0.059000958873455356 -0.028146422922238238 0.046202256717345805 0.0086570873148642188 0.17194675789557332 -0.14219221672194104 -0.01242407885930949 -0.098660277437212673 0.086576685541649018 0.017457834283962526 -0.028862733226030318 0.033085134575523117 0.03849786460042081 -0.088519280462774991 0.011919342158949487 0.029227487079533605 0.12898879057737336 0.0059428910640401374 -0.063699441602874121 0.075000448558851379 -0.0053308654247248384 0.09550101706748422 -0.017614240986776403 0.052582905409437219 -0.078041182706296938 0.044565536267394866 0.13548510445386483 0.04895326231644094 0.15632133293833317 0.079131733231918813 0.16100997162312713 -0.20548824930266599 -0.09985916296812844 -0.09181538686864707 0.083659716678549059 0.039174569153122424 -0.042208111988443674 -0.13043611913862421 0.071866561596328177 0.02612479043349112 0.07532760141840486 0.074472385229822399 -0.017361935057700645 -0.042442250500836588 0.097780732792978109 -0.051499235647158748 0.043307281524602198 -0.010384913498541697 0.041259997064894638 0.089736103584226054 -0.069658302864157057 -0.016863913784009345 -0.010551839831701104 0.0026317239291604178 0.017457834283962526 -0.028862733226030318 0.033085134575523117 0.03849786460042081 -0.088519280462774991 -0.032015339587855948 -0.059359558783190693 0.15559282636857968 0.18435247950843917 -0.13673274722489578 0.042075275716062732 0.030251002555808933 -0.1399063512954789 -0.0053308654247248384 0.09550101706748422 -0.017614240986776403 -0.011257082290582199 0.098821974162748835 -0.065257380620799707 1 2 1
0.35182372340599105 1.9729766611165418 -0.19347944361168767 0.17680627367001212 -0.24980249507524355 -0.031431002821481951 0.16663842711199381 -0.05661098777913634 -0.079398956845926461 0.1064629246239021 -0.02721373734791644 -0.14507592114278012 -0.14465777654627127 -0.022151352930305665 -0.15705820660190692 0.082919930507606265 0.013598423470861607 -0.0065909222585073561 0.11627406836351238 -0.0079415794280166298 0.1400331609492878 0.17966525661484178 0.11727573342242813 0.235174848954458 0.040571154380793444 -0.10230103313607558 -0.017877404706929393 -0.093522410686606924 -0.053698010519705096 -0.21289083793321031 -0.092493009992301423 -0.098571752274986393 -0.0015906071302792743 -0.045777890404998543 -0.12674825191737321 -0.013521362439560052 0.10786660946542735 -0.18455120252226756 -0.068592433275077649 0.12273238642519599 0.0051078253881282586 0.025416904993705615 -0.18508113429398712 -0.19696123008984617 -0.028389109355102023 0.0041586833639557438 -0.064022107704339207 0.043734382633474476 -0.033147356904627688 -0.053885841515822867 0.1400331609492878 -0.11684064105428985 -0.017877404706929393 -0.093522410686606924 -0.053698010519705096 -0.21289083793321031 -0.092493009992301423 0.025416904993705615 -0.18508113429398712 -0.19696123008984617 0.068596848642410821 0.01811296260274442 0.045770139591426673 0.12495486740422593 0.041595253905689009 0.040721438195946591 0.092530563310004199 -0.04233920972662019 0.10052239812546665 -0.071136670727055498 -0.010671741759392721 0.065450660457888207 -0.01163022424309279 -0.17811684707628456 0.061926084657622317 -0.010094486056769637 0.071914057879217549 0.040107444502232061 0.030196062863115658 0.066833466978382702 -0.08933973707134632 -0.0081811793469247912 -0.0017149847936405432 -0.075556597781674284 0.091088877354401784 -0.050341302698693344 0.02333846137257245 -0.058245446329430864 -0.029534170570879051 0.0053884762139186221 0.070472397696361336 0.089147203574198253 0.096030300503043953 -0.22067462340916763 0.017553612044213605 -0.067275350566378511 0.07665139779249136 0.015032826886115187 -0.11792138922552729 -0.079746512694673685 0.17966525661484178 -0.89222011720787342 -0.098571752274986393 -0.0015906071302792743 -0.045777890404998543 -0.12674825191737321 -0.013521362439560052 -0.028389109355102023 0.0041586833639557438 -0.064022107704339207 0.095659804960808184 -0.11664745088620505 -0.072695247425258111 0.12385843326923428 -0.16597261377417927 -0.092684567912501736 0.004449759436712916 0.0096094359195414217 0.09391187562925947 0.10877848448556984 0.065450660457888207 0.047839148609364751 -0.012476934250339085 0.061926084657622317 -0.018246245543026 -0.044921727275073986 -0.0081811793469247912 -0.0017149847936405432 -0.075556597781674284 0.091088877354401784 -0.050341302698693344 -0.18542676032991381 0.089496936128903637 -0.3186255541972447 -0.022989892684194331 0.16764956513459528 0.017438619374490299 0.013916906375567681 0.15463582114797139 0.12187900121148934 -0.033257073898577086 0.017553612044213605 -0.067275350566378511 0.07665139779249136 -0.080253022876242572 -0.018953377613245295 0.06881121697112462 0.070583186899146902 0.060625595931690569 -0.020503421655859541 0.11727573342242813 -0.94843893658868961 0.10786660946542735 -0.18455120252226756 -0.068592433275077649 0.12273238642519599 0.0051078253881282586 0.043734382633474476 -0.033147356904627688 -0.053885841515822867 0.055904722209403318 0.23950143599368978 0.039054030753247995 -0.016127451175454516 0.032922484984765327 0.12111839478715969 -0.082119990889058941 -0.07101327234092164 -0.00845415366962852 -0.129493040522762 -0.01163022424309279 -0.012476934250339085 -0.0096753138313744463 -0.010094486056769637 -0.044921727275073986 -0.0071001036428613292 0.02333846137257245 -0.058245446329430864 -0.029534170570879051 0.0053884762139186221 0.070472397696361336 0.017438619374490299 0.013916906375567681 0.15463582114797139 0.12187900121148934 -0.033257073898577086 -0.065800881834507149 0.084881344365006856 0.0032224023179413656 -0.020314741961921109 0.09979722956657161 0.015032826886115187 -0.11792138922552729 -0.079746512694673685 0.070583186899146902 0.060625595931690569 -0.020503421655859541 -0.069286614178144398 -0.0093844444101619327 -0.07567737164176136 1 2 1
0.45772551088477104 2.0171813829088991 -0.11806308723571471 0.060087733545226972 0.22286728316753782 0.076244863209704972 -0.0024787090564658801 -0.064391513257659488 -0.019850910635889937 0.0069172428300569092 -0.18716777615539898 0.011669110741421018 0.13198139244619558 0.24687330959700957 0.012440320591069672 -0.018142132284440594 -0.10382298116199244 0.078835269797136676 -0.035009004810543566 -0.093812729460928349 0.1093525187069969 0.025308909085489297 0.026036433523037569 -0.058929165598878314 0.041025985453872649 0.013968521396549402 0.17184283645395279 0.022920399349952204 -0.066265671879340113 0.2136731365130739 -0.033767878647979366 -0.006982188039488327 -0.214957392732601 -0.053274987021238118 0.10821701615205932 -0.042162749347077942 -0.16524786776912284 0.029493392505489879 0.11042157507542405 0.066071357052366345 -0.26042667070915515 0.16526644714566557 0.20081485215139316 -0.079449541845196189 0.071145627038259898 0.16485631895102551 -0.012037362885881368 0.067560021520993344 0.039545807973579282 0.0073795320319451838 0.1093525187069969 -0.61065643898357003 0.17184283645395279 0.022920399349952204 -0.066265671879340113 0.2136731365130739 -0.033767878647979366 0.16526644714566557 0.20081485215139316 -0.079449541845196189 0.073671441500456791 0.11689749523066234 -0.10850539213860173 0.006619100104996104 0.023137570710494632 0.091266607558036464 -0.0025558493896691795 0.090481958725718514 0.0073625826351440965 0.035145342429359287 0.072145432582763083 0.068574801076909359 -0.037037722158440638 0.080058358959011311 -0.0710940946255776 -0.14992712996410335 -0.0019113051850651692 0.0004067881818964256 0.096547088387100216 0.064303087815930263 0.065135328044293603 -0.1281437931317479 0.007515815482465665 -0.10271352168832688 -0.087522931335457396 0.044769663228083956 -0.062942041921169159 0.12504332644395433 0.021673808019021641 0.10691050300795278 0.023817867159576605 0.024788070081953176 -0.11833328757134486 0.00058087630434262209 -0.0031694472063051905 0.03973934632140954 0.083746747549511585 -0.10285689558968175 0.040705351624778598 0.0083579411355208591 0.025308909085489297 -0.021905431392121803 -0.006982188039488327 -0.214957392732601 -0.053274987021238118 0.10821701615205932 -0.042162749347077942 0.071145627038259898 0.16485631895102551 -0.012037362885881368 -0.072242001231813166 0.063690014278908205 -0.088833033763810187 0.01447563409612317 0.060770257103997576 0.073658357171636463 0.069412101044128302 0.15143194579727806 -0.064593248263092373 0.10576567171207525 0.068574801076909359 -0.084772028477414621 -0.085342137624635162 -0.0710940946255776 -0.017467755858320864 -0.1077747262795464 -0.1281437931317479 0.007515815482465665 -0.10271352168832688 -0.087522931335457396 0.044769663228083956 0.026381276642890902 -0.11630373086349693 0.11666043552189785 -0.10432511880720914 0.1595197069008725 -0.060614037112176986 -0.099586551288002992 0.012817524245315463 -0.0048834076543574634 0.046454966046958097 -0.0031694472063051905 0.03973934632140954 0.083746747549511585 0.020828275024167037 -0.001891573941098435 0.035712994139828147 0.065872931033293891 0.0028629454124485532 -0.031125860247698898 0.026036433523037569 -0.084224467867101777 -0.16524786776912284 0.029493392505489879 0.11042157507542405 0.066071357052366345 -0.26042667070915515 0.067560021520993344 0.039545807973579282 0.0073795320319451838 -0.099631038001184849 0.22177901262329797 0.22357576239760646 0.28793156957288446 -0.21874964028216215 -0.11272175601042196 0.047476239211813015 -0.14600745559183112 -0.1091438919831713 -0.13745747968430644 -0.037037722158440638 -0.085342137624635162 0.010208763686274996 -0.14992712996410335 -0.1077747262795464 0.046307974205283126 -0.062942041921169159 0.12504332644395433 0.021673808019021641 0.10691050300795278 0.023817867159576605 -0.060614037112176986 -0.099586551288002992 0.012817524245315463 -0.0048834076543574634 0.046454966046958097 -0.084837990540247862 -0.0052371644892302161 -0.057034848941523809 -0.11891965120316213 -0.04857953652767754 -0.10285689558968175 0.040705351624778598 0.0083579411355208591 0.065872931033293891 0.0028629454124485532 -0.031125860247698898 -0.041879166083646384 -0.0026471875303325284 0.029918231685160057 1 2 1
1.0393754410628269 0.75151949591631129 -0.0032731423123310141 -0.32904070101974564 0.035310537134855359 -0.019844699448664824 0.20549982458735389 0.029054788103010515 -0.13137199736899266 -0.12857595076087505 0.077161297664742542 -0.09253771555157364 -0.092046630797273918 0.19241790423238922 -0.21524129231561268 -0.018700886323553073 -0.17714034071378598 -0.16514420541573976 0.0071414169960895167 0.018556643290104619 0.21342412472977956 -0.031467070410621058 0.15535399843968781 0.078675235199949831 0.094478555976587247 -0.0062710927050850396 0.062709148046303273 0.020914070622357939 -0.19585401469256342 -0.094938907240909809 0.3522867185591318 -0.28721878426835767 -0.047982041746649128 -0.028647522622968255 0.14480931027294602 0.31901997583326708 0.088861026537734825 0.025437933173435703 0.047177029279877485 -0.027220588042462961 0.10349793326132561 -0.17207895547496965 -0.076711842591732235 -0.09321027954747417 -0.11859328025172691 0.090349228435912241 -0.36444627799777707 -0.16512389142775624 -0.21942032118243912 0.23836762687937002 0.21342412472977956 -0.078621403012748795 0.062709148046303273 0.020914070622357939 -0.19585401469256342 -0.094938907240909809 0.3522867185591318 -0.17207895547496965 -0.076711842591732235 -0.09321027954747417 0.089243845666472477 -0.054907918342462753 -0.027656948858607366 0.06775627152048351 0.059903461637620448 0.1677262063042057 -0.029146634427219337 -0.16202706777964515 0.020336057363481829 0.12144822527087842 -0.001464470354198474 0.045211110296103113 -0.035467299400394212 0.070858892737315493 -0.080457616193074261 0.056820947825704543 0.023751020272861873 -0.090529887364626888 0.082603924880526217 -0.13764837665134147 -0.2747609693610189 -0.0065410873648017939 -0.11292763894766733 0.058295561611927324 -0.056698996935701296 0.073997684629792976 0.069244744339257619 0.041278898828561492 -0.067424308044111245 0.010296772234499596 -0.056268458948318556 -0.0017584973991668464 0.062167276231495795 -0.085180099902354589 0.030469429762579096 -0.081326919114098242 0.012782990712727253 0.074022022510223995 0.029478250396845346 0.037360353924246442 -0.031467070410621058 0.11365159133329944 -0.28721878426835767 -0.047982041746649128 -0.028647522622968255 0.14480931027294602 0.31901997583326708 -0.11859328025172691 0.090349228435912241 -0.36444627799777707 -0.051036786960106245 -0.0094694950068629994 0.058176779692299209 0.19596190359971305 0.13018925287153199 -0.079668696536618122 0.084559825815923584 0.079486499506558228 -0.16697449298229705 -0.051794588722133911 0.045211110296103113 -0.091286958330572932 0.069027253843439856 -0.080457616193074261 0.038608442479874994 -0.038280101370913241 -0.0065410873648017939 -0.11292763894766733 0.058295561611927324 -0.056698996935701296 0.073997684629792976 -0.22004546679106829 0.0072773745857111676 0.047702346537036991 -0.25471343599855595 -0.17200096305544843 -0.11444995922549345 0.013313812075563139 -0.026626959782134502 -0.0015291620820128554 0.024767989494280371 0.030469429762579096 -0.081326919114098242 0.012782990712727253 -0.026548047902460771 -0.09080634502660323 -0.035861679248293699 -0.068469838862590726 -0.087924750089488315 -0.10997977247645489 0.15535399843968781 -0.11836209173392073 0.088861026537734825 0.025437933173435703 0.047177029279877485 -0.027220588042462961 0.10349793326132561 -0.16512389142775624 -0.21942032118243912 0.23836762687937002 -0.073354188393247768 0.15372023073975205 -0.013708024772430173 0.092255492567141897 0.011499278613217831 -0.085640774696192426 -0.038982675025062134 0.15501658999081766 -0.069234280029132525 -0.070638734112224821 -0.035467299400394212 0.069027253843439856 -0.067300866406874993 0.056820947825704543 -0.038280101370913241 -0.36817843508701203 0.069244744339257619 0.041278898828561492 -0.067424308044111245 0.010296772234499596 -0.056268458948318556 -0.11444995922549345 0.013313812075563139 -0.026626959782134502 -0.0015291620820128554 0.024767989494280371 0.086103500022454871 0.028219395850741846 -0.066200188620253411 -0.0094005747157762196 -0.048855863568369476 0.074022022510223995 0.029478250396845346 0.037360353924246442 -0.068469838862590726 -0.087924750089488315 -0.10997977247645489 -0.051607645911011517 0.21357456044003037 0.040757822922697501 1 2 1
0.53930029569521643 1.6981940177302299 -0.017507687647001852 -0.088376859160812116 0.064994529254256306 0.14249282694523996 -0.014660658258024217 0.28479847956855159 -0.29921969352782929 0.10919609117829002 -0.26361459787523767 0.050599958021559518 -0.29114638900433604 -0.15087265846400275 0.084484449010079232 0.02726842052010656 0.019739094385906857 0.034580018394504662 0.049217766141367657 -0.27944349444861588 0.030971734467807769 -0.11349068738501621 0.13997062481250441 -0.0048146442571605835 -0.19980970614072649 0.17097369891986516 0.14915957520245396 0.015882793884289589 -0.21022555055985764 0.026289380126825978 -0.023921712659301465 -0.1192943165085789 0.045550347396443702 0.035008563175567053 0.17016505060501183 -0.056349558511977142 -0.17065835931779466 0.069589398852180254 0.23616375092976827 0.097339239609658679 -0.19875846207882428 0.078928708195283151 0.045963358799904035 0.12293059009963771 0.040942312863310931 -0.039275173813411932 0.12731141383507188 -0.13625204081082845 0.11129384239396735 0.038731210907838237 0.030971734467807769 -0.10645397176189632 0.14915957520245396 0.015882793884289589 -0.21022555055985764 0.026289380126825978 -0.023921712659301465 0.078928708195283151 0.045963358799904035 0.12293059009963771 -0.033231662491420184 0.016898019923724843 -0.027435776085912297 0.054331883251519358 0.15534819292750543 0.058652227021694738 0.090384381128674085 -0.044506796092206077 0.040905343962767918 0.01252932233470652 -0.1661712454449866 0.074050012399396195 -0.1321155937775671 0.018569135353044997 -0.027192053546306924 0.06244061461235758 0.051502574335051787 -0.010483396678829346 -0.064694972652153349 0.062927153212356535 -0.11890671401834557 0.081382583321580257 -0.0061332553388670852 0.029853695873028021 -0.023646613050201198 0.063601354331483631 0.013230675590029953 -0.1831264172159606 -0.083008454348846447 0.051390100092031307 0.05582675479969669 0.0023925038674714682 -0.053078997208303128 -0.11016989402709883 -0.066593924795273929 0.06875900005523336 -0.013845634984262709 -0.082387486610655369 -0.039288642312562516 0.0039924456649953893 -0.11349068738501621 -0.013129048531806863 -0.1192943165085789 0.045550347396443702 0.035008563175567053 0.17016505060501183 -0.056349558511977142 0.040942312863310931 -0.039275173813411932 0.12731141383507188 0.076418410703003925 -0.061985094382678886 -0.16696662938317938 0.12329088931442195 -0.085134822590435685 -0.023730908439830042 0.073480974350122061 0.047113306819836359 0.012220850221755354 -0.13849445233189775 0.074050012399396195 -0.063078521197518375 -0.069543806073990536 -0.027192053546306924 -0.11973223626387315 -0.041089342594679688 0.081382583321580257 -0.0061332553388670852 0.029853695873028021 -0.023646613050201198 0.063601354331483631 0.039559207769154878 0.0064081111891783451 -0.027710227181077147 -0.19561617677311435 -0.10546656479904089 -0.082557280873301261 -0.058634692402164623 0.083391328548718099 0.10723029673671909 0.075005692383575726 -0.066593924795273929 0.06875900005523336 -0.013845634984262709 0.06160676904673467 0.018194970276452459 -0.04090085538178722 -0.084465528864402173 -0.013014987844452769 0.013638970903429672 0.13997062481250441 -0.12372249621832379 -0.17065835931779466 0.069589398852180254 0.23616375092976827 0.097339239609658679 -0.19875846207882428 -0.13625204081082845 0.11129384239396735 0.038731210907838237 -0.019772267453416523 -0.12620743833675752 -0.015844380510993693 0.23834457268685738 0.04805660588201207 -0.17588417350927343 0.092278542874399475 -0.14726551433925203 -0.0037216738673034864 0.0033074769021826317 -0.1321155937775671 -0.069543806073990536 0.058001971266197098 0.06244061461235758 -0.041089342594679688 0.054100304247279879 0.013230675590029953 -0.1831264172159606 -0.083008454348846447 0.051390100092031307 0.05582675479969669 -0.082557280873301261 -0.058634692402164623 0.083391328548718099 0.10723029673671909 0.075005692383575726 0.0018451200363159865 -0.080382211651179342 -0.20194723540055326 -0.092327068758081249 -0.061037277589056353 -0.082387486610655369 -0.039288642312562516 0.0039924456649953893 -0.084465528864402173 -0.013014987844452769 0.013638970903429672 0.0045756458402016892 0.062084121530401354 0.11685498655032454 1 2 1
0.65248534400883429 1.1262771020230402 0.20666542826528433 -0.062863607130480559 -0.015756131728276987 -0.037522460450521718 -0.18331540690082088 0.14939715809951359 0.20264768278152176 -0.045695831140524446 -0.050283756701764132 0.11734635593202343 0.039956563533403683 0.13102320012820662 -0.15406990239825122 -0.09953230746051954 -0.18337724097961786 0.10868408990541198 0.0521140476707707 0.094674142064685843 0.1057863701645967 -0.24854313378303447 0.013750978821946586 0.26071627232997702 0.042487126926208083 -0.25196478019180257 -0.16554071949958687 -0.15851642342458844 0.064832191929277694 0.064143454377011563 -0.080705554929790146 0.10685661452094353 -0.0023687772445270205 0.069969613652534138 0.099075580091285725 -0.03965743122585505 -0.043526050802402419 0.1406628475874066 0.096479099999969758 -0.043331669061375144 0.17418980683790031 0.1078618271814873 0.043064013750818773 0.20381675048001002 0.047657858277981476 0.0080011900299645257 0.047589941063732495 0.052931208465989761 0.166162981029015 -0.20548877398968071 0.1057863701645967 0.21697269863205024 -0.16554071949958687 -0.15851642342458844 0.064832191929277694 0.064143454377011563 -0.080705554929790146 0.1078618271814873 0.043064013750818773 0.20381675048001002 0.057257254859143229 -0.0057831810090236283 0.071918058270781612 0.065282743243549324 -0.042657247264743743 0.10649354772770547 -0.013349745770523903 0.13639531123109103 0.07941135056823051 0.1247405767297471 0.057408806709167537 -0.001559479357617341 0.065399073671450592 0.043532579043029138 0.0056054774077166428 -0.017440097753347622 -0.067413734917761842 0.0010907996575077212 -0.045546658528885897 0.018417204502338132 0.016866940292014094 0.013443174257941601 0.084953583648212996 -0.00070317938889923092 0.0060582869179630731 0.0018999905718503911 -0.10593283711038279 -0.13598524970099898 0.15553914500276142 -0.025493841937928665 -0.084539863993423919 -0.098610067669695725 0.23616419779516115 -0.19270951237779027 0.050242940424784589 0.041425680505468208 -0.16827730647592912 -0.011725709373546223 -0.016717823120782245 -0.015808304911596321 -0.24854313378303447 0.49413457379775816 0.10685661452094353 -0.0023687772445270205 0.069969613652534138 0.099075580091285725 -0.03965743122585505 0.047657858277981476 0.0080011900299645257 0.047589941063732495 -0.14867597268210822 -0.023071893704173552 0.077394540505723433 0.023288433980120881 -0.013461825188782028 0.11390928838834424 -0.10449378252226278 -0.043137268016429059 -0.008965649841230652 0.013935753703443602 -0.001559479357617341 0.22806331893135545 -0.060306065083101892 0.0056054774077166428 -0.038078506188424954 -0.064003180586039571 0.013443174257941601 0.084953583648212996 -0.00070317938889923092 0.0060582869179630731 0.0018999905718503911 -0.0228476569839333 -0.11111940697336309 -0.24403687805334429 0.16614554647109814 -0.077929543157273629 0.054524140891590175 0.093772671378856504 -0.0076365920639267504 -0.10965179257245686 0.018239957283726998 0.050242940424784589 0.041425680505468208 -0.16827730647592912 -0.015903373200994966 0.10613455539824002 0.077958374753356915 -0.0069489077285786061 0.015889845665407597 0.030100917414073822 0.013750978821946586 -0.40989762486641174 -0.043526050802402419 0.1406628475874066 0.096479099999969758 -0.043331669061375144 0.17418980683790031 0.052931208465989761 0.166162981029015 -0.20548877398968071 0.066701348973499192 -0.072562972219697333 0.0088032881166254656 -0.13450155682305451 -0.00093968473635930305 -0.052450640813960531 -0.037445859847555683 0.059724942824912357 -0.074045002473405272 -0.033280091496892754 0.065399073671450592 -0.060306065083101892 -0.053070920523010469 -0.017440097753347622 -0.064003180586039571 -0.078841501201007247 -0.10593283711038279 -0.13598524970099898 0.15553914500276142 -0.025493841937928665 -0.084539863993423919 0.054524140891590175 0.093772671378856504 -0.0076365920639267504 -0.10965179257245686 0.018239957283726998 -0.099747321341145251 -0.018740687140580414 0.011379295985808998 -0.11661131866513622 0.035329808016767703 -0.011725709373546223 -0.016717823120782245 -0.015808304911596321 -0.0069489077285786061 0.015889845665407597 0.030100917414073822 -0.043646620313880356 0.0618215011635775 -0.16754601603228914 1 2 1
0.4341349356396848 2.1940481629758013 -0.19296997955322645 -0.034763095993657067 0.011232371692114388 -0.2508402786984289 -0.08493962694075502 -0.0082584090191407146 -0.065626325136738675 -0.0026054394630430073 0.056266645611514933 -0.016845496945080824 0.014871782591251544 0.027554631606035596 0.099177352409368313 -0.011633074456176824 0.12727310520905796 -0.11949443497624918 0.013447206960031653 -0.11017316439178591 0.11938502883400233 -0.0099668714873585446 -0.17995912982461715 0.037312981502947463 0.02888150642752713 -0.012363348503541568 0.0062512528176727105 0.0086398109416430651 0.0045996249785238081 -0.016769572144434662 -0.0731119833635719 0.046144314169743975 0.087181037224525054 0.39119478919442868 0.051799789624005346 0.16347152707146931 0.085701351866681361 -0.0089150144865007743 0.15722686894261587 0.0022597665998069375 -0.0070514964172842844 0.28670528967738529 -0.10649847808080802 0.010991610506429583 0.048191778533774668 -0.10609085795780367 0.02854689213599651 -0.25655915509357147 -0.053716335223503026 0.094234310750978462 0.11938502883400233 -0.51740485101972367 0.0062512528176727105 0.0086398109416430651 0.0045996249785238081 -0.016769572144434662 -0.0731119833635719 0.28670528967738529 -0.10649847808080802 0.010991610506429583 -0.13854260023143425 -0.16431224242615317 -0.059643345277719098 0.051784908255470989 0.014880849444461511 -0.044712785945961515 0.10947771202171644 -0.0079239614584903587 -0.005058894161050282 -0.016085024194757876 0.096761667016984979 -0.11740204754626385 0.032422556557999777 0.0995862409287116 0.032922803697042362 0.10956401454409753 -0.065773052244187821 -0.080038733505458703 0.1050288340323097 -0.016215459766808587 -0.12610278500832062 -0.081766123014304748 0.032208660258506897 -0.044036204548442995 -0.023696182188668952 -0.11338887035293931 0.045777499296529869 -0.04541915979985698 0.15797132975237138 -0.00038559144728606085 -0.062462281807955329 -0.20510769307974669 -0.1341792703698533 -0.032992171178554054 0.001745148357180145 -0.037987441622279204 -0.056930210958246359 0.080644100045252506 0.053403556603848774 0.041933471878541753 -0.0099668714873585446 0.11689753193947514 0.046144314169743975 0.087181037224525054 0.39119478919442868 0.051799789624005346 0.16347152707146931 0.048191778533774668 -0.10609085795780367 0.02854689213599651 0.056334686414957459 -0.077444413077416951 0.16125762107507316 0.088679670361000107 -0.050078713326618521 0.097661164788896776 -0.069707839426237012 -0.16174166047289615 0.032791721808104336 0.11280079429927968 -0.11740204754626385 0.021638777768796583 0.077311583035267223 0.032922803697042362 -0.15473831532405058 0.095593285777305748 -0.081766123014304748 0.032208660258506897 -0.044036204548442995 -0.023696182188668952 -0.11338887035293931 0.076352792664214506 -0.075126487210774889 0.11270552639340517 0.12809760190040656 -0.06991855042660032 0.10175598061277928 0.078357610622006524 -0.0010069476340041107 -0.026673899827084444 0.014627821874249342 0.001745148357180145 -0.037987441622279204 -0.056930210958246359 -0.065487581602622483 -0.029596551545908713 -0.017878760550123746 -0.064141211540869603 -0.0072921193328585529 -0.12685551408772597 -0.17995912982461715 0.88100638373024964 0.085701351866681361 -0.0089150144865007743 0.15722686894261587 0.0022597665998069375 -0.0070514964172842844 -0.25655915509357147 -0.053716335223503026 0.094234310750978462 0.17543526948384711 0.024523135866758347 -0.029344733323657536 0.027690998254541688 0.09853664773801582 0.0095409826781063592 -0.050041280525052551 0.19003791965307421 -0.16362327566232071 -0.24435082680645601 0.032422556557999777 0.077311583035267223 -0.046752832189424637 0.10956401454409753 0.095593285777305748 0.099732727218028228 0.045777499296529869 -0.04541915979985698 0.15797132975237138 -0.00038559144728606085 -0.062462281807955329 0.10175598061277928 0.078357610622006524 -0.0010069476340041107 -0.026673899827084444 0.014627821874249342 -0.12136881380777956 0.074732311164095067 -0.081512559773187498 -0.026886741217548304 0.047768377926525746 0.080644100045252506 0.053403556603848774 0.041933471878541753 -0.064141211540869603 -0.0072921193328585529 -0.12685551408772597 -0.02698422079893268 0.091914205345300981 0.11808825679201243 1 2 1
1.1788153558108532 0.2209676752407079 -0.18585340732705719 0.010395778509859213 0.1261588037843126 0.12934825084814863 0.014901371250140865 -0.187211067744531 0.041703255306314836 0.2445333375484586 -0.022051553527754376 0.005779671388021235 -0.076836071732383618 0.094945930491909566 -0.056044763102328816 0.080439986100204294 0.11786411197577482 0.075042716290793288 0.028967495605691011 -0.16154869183230042 0.1249546154780391 0.28112938617331856 -0.015394850964535516 0.10291657277210556 0.17051203040760041 0.10931358182259093 0.050791134218899366 0.096993021855359435 0.11009888339322532 -0.060961641403813022 -0.19102819983539884 0.059025052845536517 -0.07163972454724403 -0.24237140728439427 0.13017460852333007 0.21337671727304722 -0.084073642028444848 -0.20177269968482464 0.23848885147375268 0.34970619258836955 -0.1264743406516953 0.46787433413638002 -0.15814952651024272 0.10126535845361359 -0.078788074056175966 0.13158839085753288 0.11973997737484925 0.25562489685668782 -0.050941579571171694 -0.25753227749093427 0.1249546154780391 0.06388247447584984 0.050791134218899366 0.096993021855359435 0.11009888339322532 -0.060961641403813022 -0.19102819983539884 0.46787433413638002 -0.15814952651024272 0.10126535845361359 0.028851214040146286 -0.034743442447620322 0.0036673141456198734 -0.12433699112621509 -0.02054078768149159 -0.027499155737776851 -0.039158712563978328 0.24157034181578343 0.069349037673167399 -0.10290160039717472 0.12255084157834768 0.039560339389490114 0.077501283446148705 0.036870648112485381 0.0046018291694877554 0.034690417404373397 0.085873421007650941 0.14894573305105419 0.088352313245956007 -0.035732067800930051 0.045606868451427411 0.07596132509115365 0.045784441255925151 0.011518230180957621 -0.0081672576471195427 0.061019672536972686 -0.073969273663526236 0.028948728950039991 -0.098386444137965351 0.070338533018632299 -0.037262608387624782 -0.080552173167868252 0.10136203174397483 0.11088669223440695 -0.0044711931333578578 0.038777565816486143 0.0079670570654946059 0.02066068141753178 0.10865718451852568 -0.036845555856595609 0.28112938617331856 0.091949534733094335 0.059025052845536517 -0.07163972454724403 -0.24237140728439427 0.13017460852333007 0.21337671727304722 -0.078788074056175966 0.13158839085753288 0.11973997737484925 0.047940580904365884 0.036494502228521672 0.10362839971034613 -0.13836409289157064 0.008646414763297668 -0.017490740534437863 -0.1139946720328367 0.18741282135766502 0.11603753437216187 0.21049287212074388 0.039560339389490114 0.020475613099712419 0.011577232301182135 0.0046018291694877554 0.1899109511001669 0.096082510978250005 0.07596132509115365 0.045784441255925151 0.011518230180957621 -0.0081672576471195427 0.061019672536972686 -0.028417047838990062 -0.086123207629701035 -0.033168226918346526 -0.073486793929637903 0.042137679405332716 0.003562482112479671 -0.1206880044701005 0.015223980141644684 0.036004282614386256 -0.01377731856359608 -0.0044711931333578578 0.038777565816486143 0.0079670570654946059 -0.044590678556863696 -0.042262769412652862 0.031740543886752119 0.17732667557080406 0.02154349869439285 -0.019446398881896462 -0.015394850964535516 0.095617473674127512 -0.084073642028444848 -0.20177269968482464 0.23848885147375268 0.34970619258836955 -0.1264743406516953 0.25562489685668782 -0.050941579571171694 -0.25753227749093427 0.0033181358169755955 0.088945780451461648 -0.10390629483282472 -0.10058470181550752 0.00035468774358636844 -0.052888072252111708 0.021601709479424653 0.10997875904342713 0.23591936543143679 0.15095364413803869 0.077501283446148705 0.011577232301182135 -0.018325734946241123 0.034690417404373397 0.096082510978250005 -0.11521100563910421 -0.073969273663526236 0.028948728950039991 -0.098386444137965351 0.070338533018632299 -0.037262608387624782 0.003562482112479671 -0.1206880044701005 0.015223980141644684 0.036004282614386256 -0.01377731856359608 -0.23866851868889355 0.080687366707442976 -0.012197485030379197 0.10202886970321644 -0.095681981188790718 0.02066068141753178 0.10865718451852568 -0.036845555856595609 0.17732667557080406 0.02154349869439285 -0.019446398881896462 -0.086934366187900361 -0.15767258363590742 0.14676778620597683 1 2 1
1.1429834188461454 0.64253661512699467 -0.113210718733171 -0.010298318548868382 -0.091910277243052646 0.040053694158749244 -0.01283828075357015 -0.0035600640555082789 -0.16355310913051027 -0.042667444711499372 -0.12017926028725374 -0.075843106273676672 -0.066053102051501833 -0.11220675776066723 -0.11867441129441374 0.13923232829058818 0.10160373548172033 -0.061862473703775053 0.32032698031532553 0.02097342649663092 -0.11419610596424708 -0.075100925212185976 0.062621149765929515 0.16266210364500397 -0.10412045303351559 0.09354895784920228 0.16826416683968948 0.057129819212605681 -0.0054563305317549297 -0.093688675209883859 -0.10026710282024773 0.10944595843213299 0.075157240677666423 -0.11006243990037545 0.049296469158965982 -0.055784925920042173 0.24165656504315117 0.070646278537148555 0.28111696700065308 0.21279930704052244 -0.0063501219342213602 -0.023247224811150134 -0.047457794017370158 -0.0054821506900542159 -0.23193273798832065 0.021227869536922208 -0.026038974777135564 -0.12069658301152297 0.12527765013195466 0.0075244931011299284 -0.11419610596424708 0.2065098050768201 0.16826416683968948 0.057129819212605681 -0.0054563305317549297 -0.093688675209883859 -0.10026710282024773 -0.023247224811150134 -0.047457794017370158 -0.0054821506900542159 0.010558631390884039 -0.033334710151501523 -0.0087966840403755284 0.039563123767823394 -0.040479659233605712 0.069362533895658648 0.09375490627968032 -0.14496755456701313 0.064282161073992442 -0.0069703100139506579 0.048393070431427196 -0.13200065111679649 0.0072069550642416547 -0.0098588858061915922 -0.11855212297879597 -0.03088830005948286 0.10855257478643149 -0.030919561503617313 -0.052763203213864351 -0.23302498138890818 0.022040135728262016 0.03881962083596871 -0.11717891348777329 -0.04333086441793392 -0.012554717815018747 -0.068428569057036454 -0.033353353534708724 0.065988562029202447 0.02614060525465399 0.12058411396163143 0.06843322956376989 0.031850567587372883 0.063558079719034863 -0.00053319394480203983 -0.039346251772540475 -0.15510881294609169 -0.0089013549972869199 0.098620343460588261 -0.0043645416931753491 0.0073086094232228116 -0.075100925212185976 -0.04887678844122581 0.10944595843213299 0.075157240677666423 -0.11006243990037545 0.049296469158965982 -0.055784925920042173 -0.23193273798832065 0.021227869536922208 -0.026038974777135564 -0.048436278662355836 -0.03749164665369055 -0.054340672701780258 -0.12463095477535298 -0.0074984668539969978 -0.052882247495791582 0.089568817253997512 -0.21856377338749608 0.0099380395343309329 -0.023757929182183141 -0.13200065111679649 0.089585709180847642 -0.01192126902490652 -0.11855212297879597 0.18154044569510855 -0.058032440975023719 0.03881962083596871 -0.11717891348777329 -0.04333086441793392 -0.012554717815018747 -0.068428569057036454 -0.076160411710206377 -0.030220582009404341 -0.2068362034128437 0.14305630542033362 0.031080208098551051 -0.0085060569020789026 -0.039489107585489382 0.058724189685404694 0.10429365593067202 -0.034685056957844351 -0.039346251772540475 -0.15510881294609169 -0.0089013549972869199 0.028089446749895743 -0.15493310107560304 -0.088934668207167236 -0.014005494206405809 -0.095563787188780183 -0.10628331906595925 0.062621149765929515 0.046643350519521079 0.24165656504315117 0.070646278537148555 0.28111696700065308 0.21279930704052244 -0.0063501219342213602 -0.12069658301152297 0.12527765013195466 0.0075244931011299284 0.080916736631282044 0.07408341997897426 -0.02741553916069522 -0.13758906337255186 -0.13750745057648905 -0.14319127763463618 0.0066489492976363725 -0.087109041542523732 0.19097873068547638 -0.035362623521721093 0.0072069550642416547 -0.01192126902490652 0.095639958315209522 -0.03088830005948286 -0.058032440975023719 0.077575737901112385 -0.033353353534708724 0.065988562029202447 0.02614060525465399 0.12058411396163143 0.06843322956376989 -0.0085060569020789026 -0.039489107585489382 0.058724189685404694 0.10429365593067202 -0.034685056957844351 0.0085803148688082965 -0.13053548582724916 0.12256652035974953 0.2787148188037944 0.13298867165815437 0.098620343460588261 -0.0043645416931753491 0.0073086094232228116 -0.014005494206405809 -0.095563787188780183 -0.10628331906595925 0.10681729452657673 0.24617952586026598 0.12099942528730895 1 2 1
0.28871673315153051 1.4991436707243226 -0.0054577279870839804 -0.13985053927389096 -0.093486426070451115 0.28763718421922879 0.13403816126772988 -0.13966467212080777 -0.090009448157082894 -0.12677705761062974 -0.08801563336080917 0.061820575736341213 -0.16822245895551052 -0.043829894516518773 -0.063523131396872948 -0.11058519211963201 -0.26234791698523496 -0.14138040366061874 -0.13941259954097154 0.13238429712341085 -0.034129175942980636 -0.025942834489506784 0.10517551751064408 0.064352534908176537 -0.039278257969761761 0.14694900879478984 0.18224370458223316 -0.026381196815788481 -0.010261947003112922 -0.087787650977725576 0.10738239657834329 -0.13184334274466902 -0.06276308619355464 -0.18437602990937352 -0.055668378588260348 0.15219948877759545 -0.074073674711893786 -0.12365869369344235 0.17066418647365941 -0.016568220121527266 0.13762392970448342 -0.1508615956341241 -0.070956042879974368 0.0046154015055916179 0.081469836499435261 0.057708647429667935 -0.016738353429265253 0.075638216217656304 -0.047987743322902454 0.16235622129548491 -0.034129175942980636 0.40010522337652188 0.18224370458223316 -0.026381196815788481 -0.010261947003112922 -0.087787650977725576 0.10738239657834329 -0.1508615956341241 -0.070956042879974368 0.0046154015055916179 -0.023882497518134177 -0.093860601378910613 -0.13081543652479036 0.073482325076603933 -0.014597478924921806 -0.13019176118443107 -0.0089582713681132936 -0.032776049307739079 0.035998234548699493 -0.11676164247205273 -0.05883423102531489 0.049406262611253769 -0.051532586858732195 0.0039941660476576603 -0.010319193696972016 -0.0047183024694901869 0.12968209140412137 0.0069289627946265532 0.14871070446929754 -0.14031040837570613 0.031580618302654094 0.0096091374369522385 -0.0022985557907755222 0.051034893318938991 0.0087060534547595408 0.082508594296127585 -0.065168059492967903 0.13482011611015893 0.034843647395674672 -0.038773932890253937 0.040586064352496634 -0.041189779419591836 0.016899166606184828 -0.10878825790245364 -0.093436223100793594 -0.079209184237339039 -0.0076136803182515131 0.05453602311106065 -0.0089375019615002063 0.035808967256312128 -0.025942834489506784 -0.0013377189467099553 -0.13184334274466902 -0.06276308619355464 -0.18437602990937352 -0.055668378588260348 0.15219948877759545 0.081469836499435261 0.057708647429667935 -0.016738353429265253 0.0053470893194103161 0.021608226252305979 -0.14746152124362477 -0.026388873098014118 0.047155284214315973 -0.075319616795736552 0.00090867312660617555 -0.0093415218534126914 -0.08592036858386666 -0.046292781016470295 0.049406262611253769 0.015156271012633983 0.0775558542331517 -0.010319193696972016 0.16604038106544475 0.07627866083238867 0.0096091374369522385 -0.0022985557907755222 0.051034893318938991 0.0087060534547595408 0.082508594296127585 -0.10168859973862968 -0.0056486517399601584 -0.12247396292166311 0.069112245001623648 -0.024241627386804031 0.10151497919144055 0.027200133876635259 -0.034956251421799221 -0.029503348051526768 -0.17403197397046266 -0.093436223100793594 -0.079209184237339039 -0.0076136803182515131 -0.023019773347925061 0.18066160482596375 0.020069942096072241 -0.0048269804956720865 0.056849082481696664 -0.015173028980205477 0.10517551751064408 -0.03714437497053176 -0.074073674711893786 -0.12365869369344235 0.17066418647365941 -0.016568220121527266 0.13762392970448342 0.075638216217656304 -0.047987743322902454 0.16235622129548491 -0.038993644896812146 0.23977931976036826 -0.067292596110124378 0.0020872089359957042 -0.15076046813594862 0.015970322905971671 0.025209668505135025 0.048233072809628033 0.030847353946418639 -0.0030745631147936522 -0.051532586858732195 0.0775558542331517 0.0033094950514432463 -0.0047183024694901869 0.07627866083238867 -0.21295189361643094 -0.065168059492967903 0.13482011611015893 0.034843647395674672 -0.038773932890253937 0.040586064352496634 0.10151497919144055 0.027200133876635259 -0.034956251421799221 -0.029503348051526768 -0.17403197397046266 -0.1273085324682868 -0.05825526368020937 -0.025390265005574564 0.060032239675143345 0.05192562155266716 0.05453602311106065 -0.0089375019615002063 0.035808967256312128 -0.0048269804956720865 0.056849082481696664 -0.015173028980205477 -0.058747190754874272 -0.034236819436006934 0.079531493495649003 1 2 1
0.44460441092545328 1.1388925975614088 0.03444995005900342 -0.033236532459963677 0.016695764376985747 -0.016675511533869983 -0.15940625840160313 -0.098753350252415273 -0.17942730339623528 -0.19282475505476024 0.15286715951575114 -0.30517259863056201 0.095770584389578528 0.10891723691118999 -0.029391578457331514 -0.2509861125043813 0.13053522830950559 -0.059491125603762865 -0.089883833441797387 0.18370646525816237 -0.13639702127281145 0.23598612486575715 0.26362916188250668 0.07338460950591702 0.12494054692207468 -0.059415322676272676 0.17015193842333415 -0.023622468110245331 0.32217746139274905 0.01132479419353662 -0.047896163568800054 0.15101810101692362 -0.01116054465287627 0.024488768171261961 -0.035390652363728736 0.0070973949849196466 -0.036047916907671132 0.13730833867787298 0.11884282873040435 0.018640512134887374 -0.16551517686166503 0.024902958937890539 -0.0034709368499180773 -0.1653338012719546 0.049600144842061052 -0.1605891303550899 -0.10400366001244338 -0.22654211272689212 0.13589283245458667 -0.021177188230069418 -0.13639702127281145 0.51444871382820911 0.17015193842333415 -0.023622468110245331 0.32217746139274905 0.01132479419353662 -0.047896163568800054 0.024902958937890539 -0.0034709368499180773 -0.1653338012719546 0.0177867743812513 -0.15338706456387172 0.017797364410572888 0.011794952615932157 0.13887696886203271 0.00068037135215289369 -0.069895278642589098 -0.086593784161122511 -0.081569736022575834 -0.05023749226850599 0.097411921837537052 0.01694812614221439 -0.098976308868653939 -0.16588120579575757 0.06911798297483901 0.00024204146697132112 0.08511507211923186 0.12324934439536457 0.046377676892900122 0.013994903155525297 -0.11017608571083713 -0.03627143553426769 -0.0031399373259831942 -0.0073551840439131039 -0.024611397484921492 -0.065853364365254463 -0.028042997459563925 0.11958722289198485 -0.019925645497683823 -0.099716654086895659 -0.039658641641870114 -0.27841002753312533 0.15539160236166524 0.13115141310454756 0.089659092003278318 -0.02422178585630165 -0.0059714339993801879 0.08188037797418142 -0.061544430507237735 0.025329813689789649 0.23598612486575715 -0.32348375382819378 0.15101810101692362 -0.01116054465287627 0.024488768171261961 -0.035390652363728736 0.0070973949849196466 0.049600144842061052 -0.1605891303550899 -0.10400366001244338 -0.009195666572377548 0.0096271738023184159 0.080357781793001903 0.054781307321224187 -0.080196314680609559 0.059014911092483094 -0.05375731584011563 -0.017510788342761156 -0.065419474331971164 -0.080208422384951933 0.01694812614221439 -0.0018361751960845917 -0.0018603714542794539 0.06911798297483901 0.073524249536400396 -0.026686282917706611 -0.03627143553426769 -0.0031399373259831942 -0.0073551840439131039 -0.024611397484921492 -0.065853364365254463 0.066898174086593751 -0.017675958214694837 -0.25373020642174121 0.056490680523254205 -0.050401436682629433 -0.065839353168916218 0.047892408502503689 0.023910882363009454 0.097403521385561048 -0.0062745462110996436 0.089659092003278318 -0.02422178585630165 -0.0059714339993801879 0.075862994659004437 -0.12926430470822106 -0.10478218498040302 0.075249961856798067 0.021865506442273534 -0.089213721997665724 0.26362916188250668 -0.80894524392355183 -0.036047916907671132 0.13730833867787298 0.11884282873040435 0.018640512134887374 -0.16551517686166503 -0.22654211272689212 0.13589283245458667 -0.021177188230069418 0.080322626890269019 0.034422763513726293 -0.047162127203159182 0.24429749792350736 0.093262171655683693 0.15261021498911331 -0.15911701031765793 0.044649563520001719 0.094163967207589933 -0.057652520765254116 -0.098976308868653939 -0.0018603714542794539 -0.022287821115198649 0.00024204146697132112 -0.026686282917706611 0.08597592142957336 -0.028042997459563925 0.11958722289198485 -0.019925645497683823 -0.099716654086895659 -0.039658641641870114 -0.065839353168916218 0.047892408502503689 0.023910882363009454 0.097403521385561048 -0.0062745462110996436 -0.15128673935259498 0.10168087857608002 0.085284177316478957 0.039648048984928706 -0.022262580401124141 0.08188037797418142 -0.061544430507237735 0.025329813689789649 0.075249961856798067 0.021865506442273534 -0.089213721997665724 -0.0048517252252163988 -0.12342957909142216 0.032687062920389663 1 2 1
0.31174371619450231 3.0271359483418929 0.14925607785934586 0.10273582320149016 0.027623381845650035 -0.23927070416375909 0.1608491400188414 -0.0057027889931640452 -0.12082951689871298 0.22203529012738671 0.17634294155493149 0.028265568760193024 -0.12322992278902893 -0.10894058101708733 -0.14172029451257578 0.11285023877575287 -0.12543897965807549 0.13241354021262439 -0.051421808763901421 -0.043627714213747962 -0.11998297564031751 0.087030407432247797 0.18247754673154465 0.021481012227180293 -0.050991725304915303 0.16465932374864461 0.097731532380318953 -0.014912880834071808 0.13890013219318553 0.24816748565215715 0.20315054749593811 0.17823474319814048 -0.03370802565107818 -0.024441390007597864 -0.0031204297717994781 0.21463072202099634 0.11332069743615741 0.044086003917455902 -0.10826672674211342 -0.056443412952889183 0.059788033860501133 -0.0028063304290800949 0.1645011791949125 0.11393481271436891 -0.13923267371451531 0.00013290523550047047 -0.049742948630003989 -0.13821623602827793 0.071294129866766628 -0.060653264818454587 -0.11998297564031751 1.2339808983896341 0.097731532380318953 -0.014912880834071808 0.13890013219318553 0.24816748565215715 0.20315054749593811 -0.0028063304290800949 0.1645011791949125 0.11393481271436891 -0.05411358587033871 0.095142910223586938 0.083170227134822916 -0.013960301490307372 0.094942449275255414 0.059611696038443698 -0.1289176074686704 0.0018965726974485286 0.081678101740664921 -0.072014477165877416 0.011615072244497213 0.012192159283120632 0.0013343783810242163 0.0034030763547714012 -0.0010078706569109711 0.03031786013138095 0.10316158178657019 -0.041431729075750531 0.070812737635686074 -0.12843471478132409 0.054654424995416631 0.074196566167904848 -0.0081589190136280194 -0.09181633106445268 -0.1102036837745366 -0.026170398545159033 0.052295080709946914 -0.031699853640195695 -0.03858799795270202 -0.07059633035746421 -0.055719715547229265 0.061099898807961017 0.11630456083556576 -0.13970950028646778 0.065782841118769725 0.15971153122098425 0.014371449797218883 0.034099441798068085 0.095288310112931804 0.12279695602697087 0.087030407432247797 -1.0086637962759339 0.17823474319814048 -0.03370802565107818 -0.024441390007597864 -0.0031204297717994781 0.21463072202099634 -0.13923267371451531 0.00013290523550047047 -0.049742948630003989 0.1140363598931738 -0.11884139724561321 -0.16011609168066268 -0.077359319557838063 0.082420553465171395 -0.020776878506127545 -0.20606383120772406 -0.11524781942644612 -0.19067874767674112 0.087462683593727775 0.012192159283120632 0.062023296833699615 0.0081309922097359839 -0.0010078706569109711 0.012214222128300672 -0.003379796804659406 0.074196566167904848 -0.0081589190136280194 -0.09181633106445268 -0.1102036837745366 -0.026170398545159033 0.00081793861918731453 0.11063395992216887 -0.028893827599342298 0.17644888520728563 -0.11091277912887937 -0.019819047007316952 0.042787935530182307 0.1173103352237134 -0.075331772763280166 -0.057751762935767628 0.065782841118769725 0.15971153122098425 0.014371449797218883 -0.13174331998400013 0.15912627203100849 -0.21724414093567612 0.11429204990281527 -0.029090342014513465 -0.17290388444182286 0.18247754673154465 -1.2437300179155608 0.11332069743615741 0.044086003917455902 -0.10826672674211342 -0.056443412952889183 0.059788033860501133 -0.13821623602827793 0.071294129866766628 -0.060653264818454587 0.065870972329990785 0.075036750801503072 -0.17249382600307556 0.020374197182627271 -0.087481541797861315 -0.024011810756120522 0.04813563455453515 0.0084418114805121965 -0.017440904660880704 -0.040605553771500505 0.0013343783810242163 0.0081309922097359839 -0.04585221630873814 0.03031786013138095 -0.003379796804659406 -0.15790528940153123 0.052295080709946914 -0.031699853640195695 -0.03858799795270202 -0.07059633035746421 -0.055719715547229265 -0.019819047007316952 0.042787935530182307 0.1173103352237134 -0.075331772763280166 -0.057751762935767628 -0.050554342585974223 0.070299275849612541 0.08168234180592035 -0.0042598345849123318 -0.1092955182966367 0.034099441798068085 0.095288310112931804 0.12279695602697087 0.11429204990281527 -0.029090342014513465 -0.17290388444182286 0.05255336176233099 0.055907768091321447 -0.038758502949511123 1 2 1
1.1978624055220706 0.755110501065553 0.070502431354290573 0.13875234513981594 -0.035925325663643953 0.14375257132409114 0.14096328697619231 -0.19420761284827456 0.17861637521731896 -0.109879493146984 0.021488517095695894 0.01589065851078093 0.027176081922419763 -0.17226940236568342 -0.020315557272379707 -0.29969077141658446 0.20056194657018081 0.068961585877720111 0.18590289592132264 0.0083525281284789529 -0.080597269867472912 -0.094553196057090227 0.21742632230276307 -0.10544512907759701 -0.0068964377177094952 0.079008305429229181 0.2750603526740576 -0.018761079210224511 -0.28621933600203636 0.11858565853460767 -0.069168381681014163 0.099152837554403767 0.0081792914774687954 0.15519939289491866 -0.018062694702047417 -0.10786102032232363 0.1265007022838531 0.26958464307880625 0.15908400680906734 -0.30419020660155188 0.25985397015936751 0.045832616384883201 0.1378766851707611 -0.10767295233053217 0.028940213150231712 -0.048183483231420847 0.022229820740452544 0.15952170911239574 -0.079194420691818077 -0.041728004862724731 -0.080597269867472912 -0.037220705848951083 0.2750603526740576 -0.018761079210224511 -0.28621933600203636 0.11858565853460767 -0.069168381681014163 0.045832616384883201 0.1378766851707611 -0.10767295233053217 -0.07709652805118794 -0.093813231537326069 -0.045639745996935946 -0.019864705324349113 -0.010246637706964826 0.026016319167258325 -0.039113870320689928 -0.093328085145114481 -0.021711917823355003 0.018775376482338284 0.012091593641116373 -0.036081971827084613 -0.057270930170951612 0.02776481668637857 -0.065274255068594841 0.081233426368595971 -0.086452876012409585 -0.024775981695419155 0.092148471982749836 0.092102088940627477 0.17951396025878796 0.04320279529587838 -0.087576479810109881 -0.036307969556439591 0.06134558887001014 -0.11645010072191653 0.12428907170852031 0.084749376287171052 -0.12954267250421181 -0.039510520156592635 0.03715617127881117 -0.21046603763509802 -0.028648779317482179 0.17190353181231091 0.10649957169342868 -0.0054313198463811635 0.0018232289967296395 0.0080669358829455976 -0.024470065022925605 -0.042395698177717919 -0.094553196057090227 0.053847314380149766 0.099152837554403767 0.0081792914774687954 0.15519939289491866 -0.018062694702047417 -0.10786102032232363 0.028940213150231712 -0.048183483231420847 0.022229820740452544 -0.1717135826721907 -0.14861432745274292 0.16539608174231285 -0.028028124781288744 -0.22334881309090063 -0.097706474296963372 0.030280105498626232 -0.1492654736520713 -0.13232174308293071 -0.082260059396533053 -0.036081971827084613 0.074702923458706313 0.0049886286520631762 -0.065274255068594841 0.022838010393669929 -0.12459365479042585 0.04320279529587838 -0.087576479810109881 -0.036307969556439591 0.06134558887001014 -0.11645010072191653 0.02318233311841629 -0.13608478828018081 0.11451091714249717 0.026274029560514917 -0.0030534508579755809 -0.13483080374051243 0.010115095758196069 0.064453911546477102 -0.038895637019254789 -0.061364902229421855 0.10649957169342868 -0.0054313198463811635 0.0018232289967296395 0.074697655350984132 0.076977443891086225 0.0010760618399615052 -0.0016842353021863515 0.012685205681124299 0.15039787340638161 0.21742632230276307 -0.071103820736847859 0.1265007022838531 0.26958464307880625 0.15908400680906734 -0.30419020660155188 0.25985397015936751 0.15952170911239574 -0.079194420691818077 -0.041728004862724731 0.086515828329520011 0.14191660880869342 -0.12722636424552808 0.033929923992479107 0.2057173120019915 0.030759462396792447 -0.068985677407460574 -0.081275570621408486 0.11396087272695908 0.090411073742739795 -0.057270930170951612 0.0049886286520631762 0.093107589598666329 0.081233426368595971 -0.12459365479042585 0.13150801930123759 0.12428907170852031 0.084749376287171052 -0.12954267250421181 -0.039510520156592635 0.03715617127881117 -0.13483080374051243 0.010115095758196069 0.064453911546477102 -0.038895637019254789 -0.061364902229421855 -0.0090741321514041292 0.15333494287741856 -0.040766327552602587 0.18820893841953643 0.053099355285595486 0.0080669358829455976 -0.024470065022925605 -0.042395698177717919 -0.0016842353021863515 0.012685205681124299 0.15039787340638161 -0.049737766711994265 -0.13948975203667779 0.026657287465346038 1 2 1
0.26167477349970708 3.4203293523817271 0.11392364473933353 -0.16704117621540873 0.23536655496370454 0.036072447912967501 -0.11439160292558202 -0.072750560612998602 0.1413210636676534 -0.10073539269232404 -0.0073460956807550023 0.20648742861013147 -0.10674825412825847 0.092742282014977279 0.2824094343401784 -0.11674714522775814 0.031237850662432298 -0.1634348478747677 0.10003994701268995 -0.030457845932862184 -0.11623719026095004 -0.091042765801679609 -0.036354552306991521 0.082324767563853762 0.052340767324278489 0.13181985020601253 0.17366665177836807 0.083357950799436101 0.15661647702935491 0.27295043019128734 -0.063357490571739811 0.021821290723665229 -0.082422023264159039 0.15777370170406796 0.14005776263869441 0.030575915951917589 0.014855317848295087 -0.0058137568715923718 0.14818901643917193 -0.0037707072769221895 0.12836406616605511 0.11338346833121792 0.062680297104601726 -0.018412415969190438 -0.084404702152121272 -0.072342452439480356 -0.21008178648800363 0.12514461695248638 -0.12360250772988068 -0.20599572820933562 -0.11623719026095004 1.8339339128244161 0.17366665177836807 0.083357950799436101 0.15661647702935491 0.27295043019128734 -0.063357490571739811 0.11338346833121792 0.062680297104601726 -0.018412415969190438 -0.075095143263654462 -0.22354835975283471 -0.13564286977460321 0.085249516015822605 0.092311109345139489 0.043911388602490664 0.13341974742300183 0.13732569041392936 0.30105076471993952 0.051103791054303238 -0.17635514256410417 0.058550712471144954 -0.085046762844856516 -0.0030484890812604287 0.034899327770717942 -0.021738129728643502 -0.13073804752840065 0.1288176958491826 -0.043940512904572487 0.017233833473695018 0.034276073524239628 0.14924570770528151 -0.038098875518598474 -0.046708504436620932 -0.0047226898698852562 -0.05429181872347684 0.010336097330108776 0.016939959707717629 -0.01752989872927057 -0.019408679685901868 0.018626937050355709 -0.10332259618222817 0.1101851904056711 0.074604771423387339 0.13113269295246657 0.051838097198376606 0.05228012667853732 -0.092183356651431944 0.016124440073701143 0.086296452409471647 -0.091042765801679609 1.3900346856254593 0.021821290723665229 -0.082422023264159039 0.15777370170406796 0.14005776263869441 0.030575915951917589 -0.084404702152121272 -0.072342452439480356 -0.21008178648800363 -0.18234431240965016 -0.034584611766962529 0.018503013147355193 0.14074497169163813 -0.14740816280167712 0.099243842916791614 -0.13976306839016542 -0.18689138608585765 0.1069987752380101 0.0083516929464738463 0.058550712471144954 -0.0086208716135024975 -0.057066187988628649 0.034899327770717942 -0.1016417302485802 0.081814868728930928 0.14924570770528151 -0.038098875518598474 -0.046708504436620932 -0.0047226898698852562 -0.05429181872347684 0.12476769297922573 0.14632068006214161 -0.074286059636955989 -0.074635146065734445 -0.087254249445859466 0.034526501275076074 -0.065972430918596878 0.022934684263284419 0.060082058243386034 0.055391309096568184 0.13113269295246657 0.051838097198376606 0.05228012667853732 -0.021565721466242738 0.04645479330572766 0.14192102022822478 -0.064255444220135974 -0.05919877415801901 -0.024599691617502008 -0.036354552306991521 0.97894187172994418 0.014855317848295087 -0.0058137568715923718 0.14818901643917193 -0.0037707072769221895 0.12836406616605511 0.12514461695248638 -0.12360250772988068 -0.20599572820933562 -0.011789393875593123 0.033714285476722755 -0.10408987519384055 -0.06959585400790945 -0.091815106049514816 -0.033009827625894661 -0.13248573363667807 -0.024483359955442915 0.098884840344386341 0.13908038788687047 -0.085046762844856516 -0.057066187988628649 0.034186622243625855 -0.021738129728643502 0.081814868728930928 -0.062014728832266323 0.010336097330108776 0.016939959707717629 -0.01752989872927057 -0.019408679685901868 0.018626937050355709 0.034526501275076074 -0.065972430918596878 0.022934684263284419 0.060082058243386034 0.055391309096568184 0.079079340085232541 0.0058814709866108787 0.0013741496394023235 -0.020741817127658754 -0.050831402191588639 -0.092183356651431944 0.016124440073701143 0.086296452409471647 -0.064255444220135974 -0.05919877415801901 -0.024599691617502008 0.070192392042184276 -0.044207697152776677 -0.0089582805473634019 1 2 1
0.69295621621927039 0.60293160253383893 0.067677381488483124 0.053748481269442483 -0.12788293769798281 -0.070774652318942935 0.073952573664062188 -0.0075557741994627696 -0.12722253404272346 0.04485599303352563 -0.14639408312499602 0.078671591952322206 -0.19510949120069795 0.080299284763732728 -0.054852587306009046 0.055880605305217469 0.17437158701570427 0.01357645048641677 -0.23052250313375017 0.27887510620481903 -0.10178550373481736 0.01306877590532988 0.092396186638528596 -0.027867371073094498 -0.12616739268698585 -0.24817680397500641 0.2294506939624178 0.094850457102269276 -0.024198532729501964 0.041262649162631337 0.023718790360371611 -0.15351960645170332 0.12568217180570859 -0.20619859786100123 -0.25422128401604499 0.2136334583308373 0.047935849988447472 0.1605222542748152 0.18742801348779473 -0.06050196266943432 0.061113513675460772 0.12458564481080088 -0.08903837724465867 0.027159848248882634 0.010298711790928733 0.13432808797671314 0.20490119349611413 -0.12763227133238106 0.060090421944440316 0.12796165365496154 -0.10178550373481736 0.048346959049216355 0.2294506939624178 0.094850457102269276 -0.024198532729501964 0.041262649162631337 0.023718790360371611 0.12458564481080088 -0.08903837724465867 0.027159848248882634 -0.00094433938650180277 -0.050639859718470973 0.014623140554768675 -0.09335503268425753 -0.037004540119897567 0.0058398381476386044 -0.055238481166202669 0.021388693778172513 0.12751153165206192 -0.06247037065849248 -0.039671437131637927 0.013101887040024074 0.079956785684241388 0.028027314391570426 -0.11511406402291047 0.058553704757109332 -0.0066460936989356338 -0.070624597204609882 -0.12496909550418378 -0.12733128068914973 -0.030847814438377127 -0.057145197382596463 0.057080572715600991 0.017642546745870864 -0.051887964116895988 -0.05448530127520633 -0.10400989459449883 0.017447773429538287 0.050825888038792302 -0.0069685969974008569 -0.051205745818569723 -0.055562729721133033 0.031992325010939168 0.11407631463621698 0.046530294520122244 -0.0023258220465512611 0.028089222060742682 0.042485210667647405 0.0089499334175298408 -0.02078393287635534 0.01306877590532988 -0.19344219382011557 -0.15351960645170332 0.12568217180570859 -0.20619859786100123 -0.25422128401604499 0.2136334583308373 0.010298711790928733 0.13432808797671314 0.20490119349611413 0.025826598487920838 0.15765380272341373 0.23896694642807315 0.1266053042128783 -0.26575152216531567 0.021770369087854624 -0.0077864058500128541 -0.0027166708782565669 -0.044713141358699263 0.096136617167626962 0.013101887040024074 -0.030928113876347148 -0.026438972788203917 -0.11511406402291047 -0.084038221715862838 -0.057908315387537906 -0.057145197382596463 0.057080572715600991 0.017642546745870864 -0.051887964116895988 -0.05448530127520633 0.17126744993870099 -0.021399238221673413 -0.023813110977888036 0.048635364187219338 0.0012474768833494365 -0.0026405564210618092 0.031066201781274765 -0.0097921753719893839 0.043553337902498171 -0.13879195599310959 0.046530294520122244 -0.0023258220465512611 0.028089222060742682 0.050302341671371313 0.032161711453959851 0.099409672913024147 0.042877824560510536 -0.036507550989785253 0.038350163388809602 0.092396186638528596 -0.43853475550154009 0.047935849988447472 0.1605222542748152 0.18742801348779473 -0.06050196266943432 0.061113513675460772 -0.12763227133238106 0.060090421944440316 0.12796165365496154 -0.02791135781715421 0.049927988724115469 -0.17871890179037964 -0.019502186443412485 -0.056752851744650015 -0.17780583617463652 0.13503733177118057 -0.058087155077076937 0.0080212187332509011 -0.1308390288312703 0.079956785684241388 -0.026438972788203917 -0.10527497385704326 0.058553704757109332 -0.057908315387537906 -0.097381311965016912 -0.10400989459449883 0.017447773429538287 0.050825888038792302 -0.0069685969974008569 -0.051205745818569723 -0.0026405564210618092 0.031066201781274765 -0.0097921753719893839 0.043553337902498171 -0.13879195599310959 -0.0023035337778976135 0.017969071419938851 -0.12701244931233016 0.017938454008765096 0.029931938262487114 0.042485210667647405 0.0089499334175298408 -0.02078393287635534 0.042877824560510536 -0.036507550989785253 0.038350163388809602 0.023782585635810337 -0.044829770067391791 -0.12143020121314929 1 2 1
0.94251500574281866 0.89360960442847415 0.17568379298417564 -0.014411175691460252 -0.029320997013206451 -0.050363785026622268 -0.085340134107645987 0.12131397572301079 0.3403072109210315 -0.022876000208091274 0.026901868686358986 -0.062478536330491816 0.023150927672471483 0.026309649862863133 -3.5511489638333258e-07 -0.081822696610497181 0.1555833041903687 -0.27110202495354341 -0.22084604655245571 -0.10407849251005036 -0.029784534894918016 0.042861137209575503 -0.25558902190127075 0.049887921501565458 -0.10763947056459545 0.015260589395094625 -0.2021532919522451 0.050515411154487724 -0.066760449993576637 -0.047834752065613745 -0.17791662571178182 -0.090265214498573138 0.0046739825743167783 -0.14600344619602543 -0.059068488226377315 0.21355260205940202 -0.042436475411305609 -0.18238840526055253 -0.13187570313410255 0.03946792589445864 0.10913583350163109 -0.00030037865502438783 -0.2150513708743893 0.22337618792903471 0.24950569175787232 -0.049387745934153272 0.32187562338657189 0.056433577216203241 0.097023308291925459 -0.076602393657212817 -0.029784534894918016 0.081169708154200534 -0.2021532919522451 0.050515411154487724 -0.066760449993576637 -0.047834752065613745 -0.17791662571178182 -0.00030037865502438783 -0.2150513708743893 0.22337618792903471 -0.11312785907621831 -0.011359255668592881 0.10110615703157366 0.068986835612473679 -0.026263234463724236 -0.0026847152011809832 -0.19804206980300576 0.016789589163508447 0.1161370253021194 -0.081658037141024722 -0.027873698899725692 -0.049863185372835447 0.05258382848658244 -0.029386795343719199 0.047652185705348342 -0.031812791511896331 0.0071352532529355157 0.019165466161397679 -0.11484273084507253 0.058118227540519075 -0.0098196782533124752 -0.038937516287285506 0.064139538501084906 0.020560893749446037 0.047379710185296492 -0.026370583202494996 0.11701050733215629 0.017605475066732726 0.13359955531743395 -0.14544909602469874 -0.045671835827618162 0.007155952199909975 -0.10175730728027457 0.1524759050237712 0.0061107932771013087 0.021503166902226548 0.1091973113041482 -0.029794772211300259 -0.098680877809726716 -0.0075008008583392974 0.042861137209575503 -0.15484166675604225 -0.090265214498573138 0.0046739825743167783 -0.14600344619602543 -0.059068488226377315 0.21355260205940202 0.24950569175787232 -0.049387745934153272 0.32187562338657189 -0.13233328717982618 0.063347754324082975 -0.093900724179593761 0.048315480562604096 0.014999268325127489 -0.021672259653294158 0.052909708858824345 0.013955796960861667 0.003040531091940048 -0.11765901548810326 -0.049863185372835447 0.12582086359601366 -0.05807482410173085 0.047652185705348342 0.023522839855161598 0.05078309484810252 -0.038937516287285506 0.064139538501084906 0.020560893749446037 0.047379710185296492 -0.026370583202494996 0.031152256358206721 6.6667745074602754e-05 0.13067510050287653 0.071418109601491878 0.094778118782769344 -0.1306214789606269 -0.045764950354882095 0.00081088226858448947 -0.12641882701333118 0.027521818425115474 0.0061107932771013087 0.021503166902226548 0.1091973113041482 0.10999789332470573 -0.11300530437170198 0.11093358315680778 -0.22013689623746202 -0.0045947118881403196 -0.031778112518159748 -0.25558902190127075 0.25851831818902188 -0.042436475411305609 -0.18238840526055253 -0.13187570313410255 0.03946792589445864 0.10913583350163109 0.056433577216203241 0.097023308291925459 -0.076602393657212817 0.12125112991632268 -0.084929044876893428 -0.053706414900635858 -0.023164312152080816 -0.046060698045837491 -0.079091016972255984 -0.12992059665841857 -0.039856008149116086 0.065162708375544109 -0.14914029248224367 0.05258382848658244 -0.05807482410173085 0.13109668746057276 -0.031812791511896331 0.05078309484810252 0.16279837024816193 0.11701050733215629 0.017605475066732726 0.13359955531743395 -0.14544909602469874 -0.045671835827618162 -0.1306214789606269 -0.045764950354882095 0.00081088226858448947 -0.12641882701333118 0.027521818425115474 -0.011819327280757377 0.081492495614230553 0.15791243917100861 0.21528860427701069 -0.10862560678345153 -0.029794772211300259 -0.098680877809726716 -0.0075008008583392974 -0.22013689623746202 -0.0045947118881403196 -0.031778112518159748 -0.10388846015305522 -0.091374842775385018 -0.18569938360270752 1 2 1
1.1358813283057381 0.76752984229194499 0.2064048211271256 -0.08707927098088937 -0.033140347533987174 -0.046455271661866054 -0.17181001495670176 0.053230601328692458 -0.062433921177554572 -0.1277825795301358 -0.070504214467954768 -0.10164652830552584 -0.018383824265422871 0.31831314438861891 -0.25018252793206364 0.15424876776040003 0.14396305310408031 -0.084816362430431086 -0.15284327361929811 -0.16750002582899975 -0.056071976938600818 0.1067319615962701 0.011885407358964883 0.019499264726665411 0.044648900817091892 -0.028358539186337448 -0.04452063358223738 -0.1760033637374068 0.25194815721426728 0.25246152834044983 -0.15101595734432197 -0.18380920281986607 0.14060785049729799 -0.033289730517707797 -0.0023986703606632279 0.01114458630367283 -0.074123231935256675 0.013135766813817978 0.043284064716913262 0.18275905914825011 -0.075066859553618109 -0.22052866809399885 0.15995645286876667 -0.033173728767792794 -0.16472708199816097 -0.2145788580019948 0.084205437158269544 -0.05844976905923293 -0.097331973064514535 0.074242309080737007 -0.056071976938600818 0.055055205843224139 -0.04452063358223738 -0.1760033637374068 0.25194815721426728 0.25246152834044983 -0.15101595734432197 -0.22052866809399885 0.15995645286876667 -0.033173728767792794 -0.13889433426089048 -0.092748577026161308 0.0076783855354728677 -0.038657398626455217 0.11342168607711406 -0.014301704875084226 -0.043815469450461671 0.058542747801982722 -0.0013236212644766911 0.13090827572730249 -0.022929532919839714 -0.0023639093040326385 0.0097887361069734277 -0.011076375315542664 -0.067627569507768062 0.072016074166997429 -0.012905850083446217 0.029561223701234277 -0.23299797795110636 0.013760909541399566 -0.09063890947020857 0.066639230943709923 0.059680826916707841 0.021932841172944334 0.073774713482152074 -0.014911030297520285 -0.10065270209652234 0.1375639060678949 -0.092286371426759217 -0.1002800681579096 -0.0021484322723148699 -0.058756655885125124 -0.088356025088361212 0.1814646701188608 -0.067094285126870934 0.034734633217218744 -0.034678887275423911 0.010935785415305571 0.12823387846526788 0.054483711603977435 0.1067319615962701 -0.032812463684033025 -0.18380920281986607 0.14060785049729799 -0.033289730517707797 -0.0023986703606632279 0.01114458630367283 -0.16472708199816097 -0.2145788580019948 0.084205437158269544 0.008238683362223425 -0.086319300928758808 0.14165571261229423 0.066311354857864643 -0.0012908700460091201 0.066128875994026393 0.038716489301342576 -0.015559273982583997 -0.063693285313425316 -0.20306909351973579 -0.0023639093040326385 -0.017091228271515147 -0.0095134298644546852 -0.067627569507768062 0.049357751167469995 0.067494111990587108 0.066639230943709923 0.059680826916707841 0.021932841172944334 0.073774713482152074 -0.014911030297520285 -0.15269222251548153 -0.061059310774359998 -0.16968730797689843 0.015795543610826301 -0.0087700445092932944 0.051412043540245388 -0.066958111990449654 -0.057200986632551569 -0.043149299828888363 0.026604163887857683 -0.067094285126870934 0.034734633217218744 -0.034678887275423911 0.041654940751265836 0.044699328822154619 0.10855762898641007 0.00069268766009977778 0.10634180063183267 -0.057882537638784835 0.011885407358964883 -0.032997235792268237 -0.074123231935256675 0.013135766813817978 0.043284064716913262 0.18275905914825011 -0.075066859553618109 -0.05844976905923293 -0.097331973064514535 0.074242309080737007 -0.12068196789219883 -0.16221164359094983 -0.07310156291251968 -0.043177717192846354 -0.059864966339977004 -0.12550186823363912 0.0018725687255972249 0.09649385939886404 -0.038147785681315743 -0.03991513645819935 0.0097887361069734277 -0.0095134298644546852 -0.19703643725647854 0.072016074166997429 0.067494111990587108 0.00053938203563168665 -0.10065270209652234 0.1375639060678949 -0.092286371426759217 -0.1002800681579096 -0.0021484322723148699 0.051412043540245388 -0.066958111990449654 -0.057200986632551569 -0.043149299828888363 0.026604163887857683 -0.051802690422032151 -0.076815751315429726 -0.018518115523356606 -0.048300644393663175 0.11603078203220048 0.010935785415305571 0.12823387846526788 0.054483711603977435 0.00069268766009977778 0.10634180063183267 -0.057882537638784835 -0.016901642670241208 -0.23032361409377811 -0.16398808111789123 1 2 1
0.72762792973729451 0.93714528576702638 -0.15992041051067682 -0.15222262116877802 0.13503456753755566 0.099017344615181385 0.038108125628838939 -0.01182541751416106 -0.053651716795398943 -0.3366525940933533 0.13124748191696284 -0.0803224309997118 0.07802703897250049 0.19887203273671861 0.10384071699358294 0.28682285712572181 -0.05065937639610181 -0.090552533260274709 -0.0071419200886789266 0.19056108151897869 0.20078414565312577 -0.19592035939499769 -0.055013034604643254 -0.1211805836797791 -0.23709709919641003 0.031272921228343201 0.067242969335605765 -0.12021521687474611 -0.16654141271365805 0.088495267213486384 0.045500910739901416 0.10415087518904986 0.1283912708127096 0.001290982968653182 -0.081386219162268264 0.21634011776345699 -0.083181016890287215 0.039101276551504631 -0.14426412157061885 -0.0095735119454363037 -0.066211937543029287 0.20731816737643394 0.099645686989645307 0.019800011564602531 -0.11214281588902006 -0.03665976313729593 -0.037865190614117653 0.25884397680022447 -0.0075556475749562054 -0.12821388657438459 0.20078414565312577 -0.42514104612099313 0.067242969335605765 -0.12021521687474611 -0.16654141271365805 0.088495267213486384 0.045500910739901416 0.20731816737643394 0.099645686989645307 0.019800011564602531 -0.0023474376233020879 -0.033474330428591846 0.13572092757445556 0.077123002080677017 -0.17275376939801584 0.14191228559340946 -0.11937328070498004 0.13819782896702651 0.052795743918149229 0.022806361123349023 -0.20703996451246065 -0.0069401410661892385 0.016677250241628937 0.078811041805676482 0.12734051119501952 -0.019006794561312015 -0.021736173179863545 -0.045933168279638989 -0.014971610483338661 0.042290287209464879 -0.11024028632777623 0.071297756853808028 0.1033717616608264 -0.078045923073765178 0.073952185004200879 -0.08257335279205974 0.023481985401784089 -0.055087664063436279 0.035865945034035888 0.00040905642182768962 0.14626340201248253 0.20131595679469072 -0.022624733151903536 0.068415827788339045 0.076201523977543123 -0.075395054586333984 0.046925259939734815 -0.056141594392505906 -0.063051967329816522 0.053799055901235397 -0.19592035939499769 -0.073514574987410236 0.10415087518904986 0.1283912708127096 0.001290982968653182 -0.081386219162268264 0.21634011776345699 -0.11214281588902006 -0.03665976313729593 -0.037865190614117653 -0.087471963578932166 -0.036289122995373638 -0.0098779805596773459 -0.004920846967638056 -0.160751538469359 0.038658007123805738 -0.0095247724344105621 0.14181341615567872 0.096259705219279693 -0.17205485181814051 -0.0069401410661892385 -0.023695155967068948 -0.14403666894040867 0.12734051119501952 0.091860871335124897 -0.0051367250262044431 0.071297756853808028 0.1033717616608264 -0.078045923073765178 0.073952185004200879 -0.08257335279205974 0.036306230436038221 -0.084779986469823793 -0.031252968306490568 -0.016067681920016941 0.10614214111702527 -0.17505164468548767 0.098572703336732209 -0.016541427642328618 -0.035898543177302435 -0.0070362929587025405 0.076201523977543123 -0.075395054586333984 0.046925259939734815 0.15729871972454729 -0.063955258240590215 -0.016421301120105654 -0.17000580456916364 -0.081946898090488871 0.0027552121788547964 -0.055013034604643254 0.11383307852644893 -0.083181016890287215 0.039101276551504631 -0.14426412157061885 -0.0095735119454363037 -0.066211937543029287 0.25884397680022447 -0.0075556475749562054 -0.12821388657438459 0.1157923904772773 0.032627389506371583 -0.18514955311371115 0.12866724239883448 -0.10539380052055687 -0.11023434474390233 0.013104702535677391 -0.07468415463377219 -0.021828163339811055 -0.0028987703331497592 0.016677250241628937 -0.14403666894040867 0.088343643791064533 -0.019006794561312015 -0.0051367250262044431 0.011797130168019114 0.023481985401784089 -0.055087664063436279 0.035865945034035888 0.00040905642182768962 0.14626340201248253 -0.17505164468548767 0.098572703336732209 -0.016541427642328618 -0.035898543177302435 -0.0070362929587025405 -0.032968143412797732 -0.14104360680489716 -0.0915911928781694 0.029307098302965157 0.0049066924135701614 -0.056141594392505906 -0.063051967329816522 0.053799055901235397 -0.17000580456916364 -0.081946898090488871 0.0027552121788547964 0.13770715519706198 -0.10698271958236608 0.044168747352297553 1 2 1
1.0766240785259187 0.41750571571015505 -0.016315348537796023 -0.26612141895805663 0.11577622495148839 -0.10126572432947839 0.10111546310524989 0.12362912760757146 0.01112207831683343 -0.10105164349941836 0.12386292663618008 -0.0093580480786107541 0.17358324113801482 0.30674793915604859 -0.035084557389299678 0.090342699876667751 -0.036438482217410695 0.36845028597695845 -0.029107603438241703 0.16066824099574642 -0.057740348145865351 -0.047235743208427126 -0.16300097809042849 0.16352763045414223 0.061135509930150399 -0.022875957362634668 0.11566387326573145 -0.079981368689103924 0.073576757072909435 0.028306552513962517 0.011926950845769287 0.031724363848611659 0.19286426544547444 0.075699486938804753 0.18703050540407096 -0.14016792148022547 0.28581156233401045 0.051114352299622939 -0.07829632728088054 0.15267182371124988 -0.18770703413388168 0.21081097671313595 0.12924006383579623 0.19459039985564 -0.01705319319947474 0.24227037246867708 -0.095471181775647451 -0.21492914045814615 0.046066350228665676 0.24788681492938902 -0.057740348145865351 0.17428047502805144 0.11566387326573145 -0.079981368689103924 0.073576757072909435 0.028306552513962517 0.011926950845769287 0.21081097671313595 0.12924006383579623 0.19459039985564 -0.049185963417101429 -0.022120621187039648 0.088638178834397771 -0.086866700886460493 0.0023825123587338133 0.026717919562235955 0.043484796008830727 -0.27981595516117203 -0.026048931161429936 -0.085349867613898525 0.006418246209766232 0.1366362063643049 -0.23983195344781549 0.14139241444803108 -0.070223352070437228 0.00032302457730892797 0.058754285793705931 -0.018922770351669258 -0.065993171818640048 -0.15067164978439879 -0.065935262252006285 0.022079118360229494 -0.1123350680609983 -0.069098899154119875 -0.047393023247564572 0.066379130946565765 -0.038097956016560165 0.015538981509932548 -0.045901214120011816 -0.041904137567549272 0.088861288897750412 0.082057969828819452 -0.12387813389359831 0.081495925787917312 0.012036966721221469 0.026090207561249967 -0.16327709123598583 0.0023670062108159815 0.039352575235280157 0.024361694252199591 -0.047235743208427126 0.075102075383816816 0.031724363848611659 0.19286426544547444 0.075699486938804753 0.18703050540407096 -0.14016792148022547 -0.01705319319947474 0.24227037246867708 -0.095471181775647451 0.060813784608679734 0.14717542226636982 -0.085183772386005857 0.092657548014156113 -0.16545885678728622 -0.0043579013767470224 0.1504692146009366 0.074762629401235001 0.026202127996331523 -0.013223677673707241 0.1366362063643049 0.0092579825232846497 0.034701358523856141 -0.070223352070437228 -0.038309054147287788 -0.01824600231948802 0.022079118360229494 -0.1123350680609983 -0.069098899154119875 -0.047393023247564572 0.066379130946565765 -0.030571648839186279 -0.17984296665969812 0.01192256513533926 0.0032556069312169953 0.069776346547399892 0.018555232931938219 0.022838922139021292 -0.093657242110986694 -0.0088041118755144594 -0.037777561107037748 0.012036966721221469 0.026090207561249967 -0.16327709123598583 -0.067759074969519703 -0.10822424851606977 -0.16599180235193167 -0.015953714766931748 -0.11968974047500602 -0.02153348856824927 -0.16300097809042849 0.041962541575627003 0.28581156233401045 0.051114352299622939 -0.07829632728088054 0.15267182371124988 -0.18770703413388168 -0.21492914045814615 0.046066350228665676 0.24788681492938902 -0.044097785983768248 0.19859200848321307 -0.043728105893269358 -0.0093087536864396095 0.1960240921133114 -0.0094021009525177626 -0.072343330686362797 -0.062038954651333703 0.14384161012613567 -0.11757461501438329 -0.23983195344781549 0.034701358523856141 -0.13738108499499119 0.00032302457730892797 -0.01824600231948802 -0.0073196126411502931 -0.038097956016560165 0.015538981509932548 -0.045901214120011816 -0.041904137567549272 0.088861288897750412 0.018555232931938219 0.022838922139021292 -0.093657242110986694 -0.0088041118755144594 -0.037777561107037748 -0.047220996850986546 -0.12552864304600939 -0.060168426681812805 0.10559825615530555 -0.1052106256739328 0.0023670062108159815 0.039352575235280157 0.024361694252199591 -0.015953714766931748 -0.11968974047500602 -0.02153348856824927 0.055876396981596535 -0.05324313046135766 -0.31407205297247331 1 2 1
1.0679654428179715 0.53021674266791785 -0.0084767963492212578 -0.05610942501870228 0.067040754395304866 -0.025839369567717655 0.19558799363886847 0.049301423378926873 -0.090228905497132139 -0.042064058650117225 0.034977446177497311 -0.15821728318574474 0.040838153260057776 0.075337963213707296 0.022528569550284799 0.012095273128458569 0.085554002894302122 -0.056862745626845741 0.046159067520953674 -0.024649078245595264 0.046418293428214269 -0.042567100867700422 0.073945042487760321 0.048394517766903365 -0.26525036599212642 0.26888488255744042 -0.10931383036381745 -0.036168926091877322 -0.028657905040042266 -0.0091960390383147919 -0.063366244472370631 0.016889025337550774 -0.036787405978637361 0.17789368873605416 0.074287022160579072 0.12379676346655806 -0.1322884633757502 0.055784130304503486 -0.082682081224007914 0.15323337078589327 -0.10039487329430574 -0.013019595697871131 -0.062721539423126832 0.13187508608426574 -0.10178001981659902 -0.090280549006531943 0.20934925642884805 0.054608514642357872 -0.10897532952622878 0.13884269288634463 0.046418293428214269 0.022269223770422703 -0.10931383036381745 -0.036168926091877322 -0.028657905040042266 -0.0091960390383147919 -0.063366244472370631 -0.013019595697871131 -0.062721539423126832 0.13187508608426574 0.18061749785738804 -0.063715905690516231 0.018747933240166107 0.0026669477649312085 0.055939180773035738 -0.068422774352740592 -0.051120453725071006 0.201175671357429 -0.046650108534290656 0.18645064281108956 -0.0025789152220820379 0.062522938812136622 -0.21061757339981185 0.0091425658837851857 0.096582152596311824 0.17204417328612279 0.028720238684925955 -0.070920008240542107 -0.0042864581948294051 0.044339719752238722 0.057484913270008368 -0.0014520759877868841 -0.044479513327072201 0.025111596284410023 0.021511429041337141 -0.0020718111932225038 0.034062538467592648 -0.11238427661374036 -0.045904303765568852 0.084776391370543949 0.022341084961728139 -0.11268474802288185 -0.027931264590389304 0.25323446518133447 -0.094925048765279116 0.10441243076876669 -0.047148836985464793 -0.0077832307597172478 0.020313868083531587 0.047932701769275277 -0.042567100867700422 -0.22723635681028409 0.016889025337550774 -0.036787405978637361 0.17789368873605416 0.074287022160579072 0.12379676346655806 -0.10178001981659902 -0.090280549006531943 0.20934925642884805 0.094960112146578055 0.051239619411143494 -0.059797039929164499 -0.032461081510643024 0.11132939016780954 -0.023232329128138635 0.097251935023031991 0.17801404197217205 -0.048434580721307331 0.19324694137933413 0.062522938812136622 -0.039155328400309219 0.039876398965359591 0.096582152596311824 -0.087331257647628432 -0.025472699812327984 -0.0014520759877868841 -0.044479513327072201 0.025111596284410023 0.021511429041337141 -0.0020718111932225038 -0.069891748205875709 0.0043836318391351041 -0.075073485929525147 0.0040979965005916016 0.10707873162913628 -0.045544118594594458 0.13765933437190786 -0.027961975966146382 -0.080831221365039091 0.062277493234697626 -0.094925048765279116 0.10441243076876669 -0.047148836985464793 0.048783126756396372 -0.019146233381932738 -0.019009795169485155 0.12497887561680729 -0.021932333038771089 -0.099359251431424239 0.073945042487760321 0.21506124991001851 -0.1322884633757502 0.055784130304503486 -0.082682081224007914 0.15323337078589327 -0.10039487329430574 0.054608514642357872 -0.10897532952622878 0.13884269288634463 -0.0059959245770879821 -0.062673901582671512 -0.019155903508081218 -0.06731653401674674 -0.040499781966472206 -0.037424693449291849 0.022333783874740398 0.22065307812253218 -0.051028506412805652 -0.010486132414551597 -0.21061757339981185 0.039876398965359591 0.041694269879112657 0.17204417328612279 -0.025472699812327984 -0.00071112334160317351 0.034062538467592648 -0.11238427661374036 -0.045904303765568852 0.084776391370543949 0.022341084961728139 -0.045544118594594458 0.13765933437190786 -0.027961975966146382 -0.080831221365039091 0.062277493234697626 0.05192470862302373 0.079261475156675698 0.058492134338372484 0.10069683015030095 0.030565658112711103 -0.0077832307597172478 0.020313868083531587 0.047932701769275277 0.12497887561680729 -0.021932333038771089 -0.099359251431424239 0.0051957349856179176 -0.13833845507067469 0.058018541784069982 1 2 1
0.38346481476209976 1.8139622037665317 0.19874125286859001 -0.14042582600115402 0.22008088517768962 -0.060983679780550908 -0.18514235238875279 -0.2243353169156079 0.18116101881699592 -0.019291433963810698 -0.022303663436887635 -0.047505327042988994 0.061835706314363297 -0.0066839990057265724 0.093419908778626964 0.13820166839002659 0.10457652976144416 -0.14778531093439701 0.028177587180288042 -0.035456255543198596 -0.023044864000339602 0.3355558586472836 -0.0080226914479091405 0.22911754532886969 0.046450245914102246 0.07990274985343318 -0.020156619354910355 -0.024085833795498963 -0.047246574301061883 -0.10766449377430949 -0.12304281861492457 -0.014371023437400097 -0.067825627634239993 -0.086329059550804776 -0.036489969608285933 -0.29945092115864907 0.035511788953120661 0.084102976769621626 -0.077348558010425436 0.15914207229418131 0.20580532103764293 0.1278241056285957 0.018214967449461644 0.026059396576142337 0.19896253175247752 0.26147638165127274 0.11212119888292522 0.061489743891145816 -0.19853083695103757 -0.097623209911483474 -0.023044864000339602 0.70650564846348052 -0.020156619354910355 -0.024085833795498963 -0.047246574301061883 -0.10766449377430949 -0.12304281861492457 0.1278241056285957 0.018214967449461644 0.026059396576142337 0.002288271119037366 -0.19881323018696184 0.045529851312233416 -0.023756012616074129 0.15486881632694877 -0.10846671751744799 0.039950837681899769 0.074309758152221322 0.017193541590581021 -0.025933903659093434 -0.060881532809329765 0.013040975582187175 0.0079085301685727812 0.092292923471746641 0.051882582600159044 0.074158167490726873 0.21267199748849955 -0.13869728105473689 0.11941778611846626 -0.07211699206629188 0.17622999857639629 0.015651592699842225 -0.14088873667089891 -0.0015586866425048446 0.047558969490680642 -0.0074486938729145949 -0.054382118830270262 -0.14696863634959278 0.11709156804214957 0.10782384742001175 0.087172501581992717 -0.17676527124477634 0.01179098262903765 -0.017834201454853937 -0.069388305607776174 -0.12731195649738303 -0.002533210695690756 0.038037932740653563 0.023721588317461503 -0.059664481497704008 0.3355558586472836 -1.4661981419946024 -0.014371023437400097 -0.067825627634239993 -0.086329059550804776 -0.036489969608285933 -0.29945092115864907 0.19896253175247752 0.26147638165127274 0.11212119888292522 0.11712680310054142 0.16073735163390154 0.019893848532043734 0.21408502920204941 0.23528289282257592 0.012624649975497887 0.039385594108099942 -0.010521963106864995 0.043195501767903766 0.081920927058172041 0.013040975582187175 0.020579168001751039 0.066298067115686282 0.051882582600159044 -0.053854295964290116 0.054525791733526209 0.015651592699842225 -0.14088873667089891 -0.0015586866425048446 0.047558969490680642 -0.0074486938729145949 -0.058527813552686915 -0.16709488438223502 -0.072017102157005672 0.084239851436156379 -0.027518742697955612 0.041011042154791386 0.01309564687109124 -0.0043800968133017176 0.019588288335077017 -0.068253354386702311 -0.069388305607776174 -0.12731195649738303 -0.002533210695690756 0.24681929071075759 -0.061895762773924279 -0.00026758851898161606 0.10338521625026785 0.069777486315657736 -0.018151819653655921 -0.0080226914479091405 0.24632144926000912 0.035511788953120661 0.084102976769621626 -0.077348558010425436 0.15914207229418131 0.20580532103764293 0.061489743891145816 -0.19853083695103757 -0.097623209911483474 -0.015196891173273001 -0.11597378482549459 0.016775701362347666 0.081782534593943079 0.043529118820151529 0.1692682301702611 0.018311627649005239 -0.038539038711870692 -0.0024790836364153267 0.13306744685964933 0.0079085301685727812 0.066298067115686282 -0.11904790997796413 0.074158167490726873 0.054525791733526209 -0.15310264548649344 -0.054382118830270262 -0.14696863634959278 0.11709156804214957 0.10782384742001175 0.087172501581992717 0.041011042154791386 0.01309564687109124 -0.0043800968133017176 0.019588288335077017 -0.068253354386702311 -0.033142140353276943 0.011316628226162735 -0.11472331108535441 0.031144565173526456 0.039130454792066387 0.038037932740653563 0.023721588317461503 -0.059664481497704008 0.10338521625026785 0.069777486315657736 -0.018151819653655921 0.14991661535353384 -0.1166019275831342 0.080079761499795801 1 2 1
0.27694925589555403 1.7460232289828468 0.22532183387416607 0.079830036232049331 -0.1640322371423508 0.18636918890939161 -0.041619526376391089 -0.13533848190411582 -0.31915043565190276 0.13875352748544484 0.079131761051471114 -0.11966672847996286 0.040985625706404537 -0.24745824998486676 -0.074431864108675319 -0.019998665135483616 -0.20685052506493537 0.0068352638371000337 -0.28523186032007891 0.02734638464764242 0.10301230674147754 0.081882007146577174 -0.056914181735074301 0.023187202698199624 -0.12246069455141642 0.034269115683385039 0.059503664694568761 0.17425026931197815 0.035247757284713799 -0.075919312455053511 0.022780333451854928 -0.062271407401903928 -0.094760089997306896 0.26127945778937306 -0.1102168400412486 -0.16459896321306688 0.034333324963326972 0.054762980686513821 -0.04558382991019666 -6.1803815923282298e-05 -0.18121773696806598 -0.083836035309664769 0.060298841211599688 -0.12416088677173238 -0.035411896435798736 -0.0019859405183450022 0.057273490205543044 0.027332242463006352 -0.026129007974167097 -0.14447585459442275 0.10301230674147754 -0.56571618954850433 0.059503664694568761 0.17425026931197815 0.035247757284713799 -0.075919312455053511 0.022780333451854928 -0.083836035309664769 0.060298841211599688 -0.12416088677173238 0.039384141602839359 -0.00108274947413713 -0.093589045977395091 0.043559459060164209 -0.051611587883109426 -0.09218032621203523 -0.011279941679669232 0.031544431986115749 0.077136137598393273 -0.13666738170822315 0.028243361946157106 -0.0086492959813877952 0.045969879654470136 -0.049432322046812263 -0.023370404769898441 -0.029491317424184621 0.0398824066912844 -0.04165382798129131 0.095851371999704227 -0.21810833846842922 -0.0027522665729371992 0.018606410384688479 -0.024341420792105242 0.037014259828150417 0.0089224406728011518 -0.11628595784791461 0.098728724401519211 -0.10576378061679959 0.069400613859118429 -0.073181274110844019 0.010529135906003739 0.087014898069160476 0.1062935304634179 -0.060082722807926085 0.0021594533476586228 -0.024054456206604333 0.050059080738188613 -0.070682592970948227 -0.0055155282194203278 0.076987351553885489 0.081882007146577174 -0.95840149563420662 -0.062271407401903928 -0.094760089997306896 0.26127945778937306 -0.1102168400412486 -0.16459896321306688 -0.035411896435798736 -0.0019859405183450022 0.057273490205543044 -0.24830103226648603 -0.089524847212761494 -0.084326536600420027 0.1220533838568751 0.16049982500754201 0.063309677776034315 -0.065605575494352003 0.16616586971262642 -0.031465907857379773 -0.097543095294927051 -0.0086492959813877952 0.077846429965923752 0.0131112042083847 -0.023370404769898441 -0.044987919612619852 -0.058134848293608307 0.018606410384688479 -0.024341420792105242 0.037014259828150417 0.0089224406728011518 -0.11628595784791461 0.028386685945015817 0.092254999698200585 -0.058789361254385233 -0.058402290503147006 0.027717021135034711 0.028153859359802084 0.017406937521743077 0.05084419828439652 -0.028802102970874953 -0.068580342186364357 0.0021594533476586228 -0.024054456206604333 0.050059080738188613 0.083508278983519091 -0.14694200271458055 -0.07857896223938203 -0.088855565724456298 0.089307953650113944 -0.05414449421877026 -0.056914181735074301 0.48255265615075971 0.034333324963326972 0.054762980686513821 -0.04558382991019666 -6.1803815923282298e-05 -0.18121773696806598 0.027332242463006352 -0.026129007974167097 -0.14447585459442275 -0.011158851252720751 0.0062876582733734131 -0.079978230446252824 -0.053094387210405464 0.0069585714936593393 -0.12890840912959786 -0.14309982433879151 -0.030706484528838392 0.12552319973094186 0.14132691309917553 0.045969879654470136 0.0131112042083847 0.13572255548880216 -0.029491317424184621 -0.058134848293608307 0.051243486597087586 0.098728724401519211 -0.10576378061679959 0.069400613859118429 -0.073181274110844019 0.010529135906003739 0.028153859359802084 0.017406937521743077 0.05084419828439652 -0.028802102970874953 -0.068580342186364357 -0.074404612507658494 0.016002937549794621 0.0091757310636351626 0.096455146136576103 0.041464324315205997 -0.070682592970948227 -0.0055155282194203278 0.076987351553885489 -0.088855565724456298 0.089307953650113944 -0.05414449421877026 -0.073198211025044299 0.085071700635904621 -0.13697608697530197 1 2 1
0.40453092537544272 1.3462595333303569 -0.098659056936305056 -0.14066746713914671 0.11888123912763093 0.085471539628249785 0.093157806795122589 0.29150645224736943 0.029220881657162679 0.12278667300452939 0.0012617244621735912 0.12839551687398518 -0.065983107777359759 0.010285815932648924 0.11026445957556896 0.25204175485683378 -0.034970300994368 0.12790912806660501 -0.063145925246129123 0.0013623889019236022 0.1813371964202905 0.05120423911585871 -0.021187078261307762 -0.22075838397256634 0.079808581797171291 0.085673921995559718 -0.12090439363613122 -0.23294696216365246 -0.026274770826743923 -0.041854046559676297 0.14577024311736508 0.0045047727805550934 -0.1219221102990096 0.36009017314272768 -0.1932936984530281 -0.094126977048503591 0.084524355910072416 0.26378307942219609 0.025941808464809993 -0.019992087653575661 -0.10391828528247526 0.060955989521198496 0.1273924372194446 -0.026168916336577232 -0.032721026709331233 0.094272080615392509 0.19640232672384306 0.078428069982873133 -0.13927443785798788 0.045444974335019823 0.1813371964202905 -1.1491959804292455 -0.12090439363613122 -0.23294696216365246 -0.026274770826743923 -0.041854046559676297 0.14577024311736508 0.060955989521198496 0.1273924372194446 -0.026168916336577232 -0.090931830762688334 0.098606966841538385 -0.032313943062748839 0.12306333663485257 -0.10542300119060984 0.10201443800295087 0.044079598665882624 -0.05508723091834658 -0.085118092676076923 -0.047072566320900684 -0.0016624432526860444 -0.1114477269899551 0.10289059218873492 -0.051786672184203721 -0.11057179445819573 0.060120346768640531 -0.05891417526140718 -0.044956791457443454 -0.1479602708094388 0.012225681997558526 0.084359156433775659 -0.016303459511696195 0.022681547612009457 0.057104890051323888 -0.0001014107493143776 0.0013268387044503976 -0.055649438115345173 0.080094452319830575 -0.084183000120337803 0.044016149272773787 -0.022732975681485759 0.15968360083470401 -0.0093538708600108562 -0.15359677207003941 0.054177928700034239 -0.038668714764416592 -0.086373692950885567 0.016856154204959478 -0.034879170290853072 -0.062889362894095052 0.05120423911585871 0.026881471992349873 0.0045047727805550934 -0.1219221102990096 0.36009017314272768 -0.1932936984530281 -0.094126977048503591 -0.032721026709331233 0.094272080615392509 0.19640232672384306 -0.10957067246610655 0.012995334376225357 -0.018519524155825209 -0.143050673798679 0.0090305029524297142 0.10848263804261891 0.090782764710831743 -0.038556177839634796 0.030021362831342997 -0.064292750056228171 -0.1114477269899551 0.12988796605774311 -0.005396486639968022 -0.11057179445819573 0.048148815969662043 -0.098299066045032774 -0.016303459511696195 0.022681547612009457 0.057104890051323888 -0.0001014107493143776 0.0013268387044503976 0.11216700750053749 0.10473588774207042 -0.021413547236439064 -0.043542725775019206 0.035815982600877969 0.15460825204230999 0.084384731213588249 0.042392605339765708 0.10282837296414196 0.031190065340014311 0.054177928700034239 -0.038668714764416592 -0.086373692950885567 0.017095161717504772 -0.0079145426983962142 -0.013037122304949869 0.06924187613079523 0.045241051812999297 -0.017901334291005471 -0.021187078261307762 0.28229542149905079 0.084524355910072416 0.26378307942219609 0.025941808464809993 -0.019992087653575661 -0.10391828528247526 0.078428069982873133 -0.13927443785798788 0.045444974335019823 -0.24602700147630474 -0.049282950282339533 -0.0019752699516882417 -0.058175915035881702 0.12441430528488964 0.16498075381354499 0.25135132298504498 0.028585079536981212 0.1990141281717438 0.046246541503949357 0.10289059218873492 -0.005396486639968022 -0.018073538332318274 0.060120346768640531 -0.098299066045032774 0.11847112958207776 -0.055649438115345173 0.080094452319830575 -0.084183000120337803 0.044016149272773787 -0.022732975681485759 0.15460825204230999 0.084384731213588249 0.042392605339765708 0.10282837296414196 0.031190065340014311 0.076984144420269754 -0.057726359697937747 -0.072619698154817336 -0.050108315202947298 -0.18650246494196909 0.016856154204959478 -0.034879170290853072 -0.062889362894095052 0.06924187613079523 0.045241051812999297 -0.017901334291005471 0.11490861199484251 -0.16033594375865282 0.00020155380579665053 1 2 1
0.48138584707990034 1.8948140667119777 -0.21056518500418861 0.084439890199696929 0.13884574615594442 0.0049470862400448614 0.10694409922844807 -0.011008662627934783 0.053211831429156829 0.072253019948202865 -0.033090362543306245 -0.048526250112346195 0.066415642404547323 -0.13381195044086336 -0.044339066986221587 -0.052939006058802189 0.39719834767030693 0.045782495040664499 0.043179145139195567 -0.035183336281428335 0.096813402407180268 0.14590810447564725 -0.08397256631086035 0.0015320072132350639 -0.079543102724641504 -0.10014653528095069 0.028083979344689092 -0.01490171203534092 -0.053008307122681578 -0.031194465587094822 -0.14863250750451021 0.17688729854002994 0.051290465381915992 0.20235314226956061 0.12222909908720289 0.016931117995581096 -0.14775903188598535 -0.028478840249492036 0.25153007045489445 0.084464809560043291 -0.088134510021275411 0.2377954235568224 0.18462493267506067 0.40686358373695986 0.0075335603563383303 -0.015407546102781014 -0.050463440545776159 -0.0031756312164983509 -0.057266032378239018 -0.24137851206014574 0.096813402407180268 -0.37789102155291188 0.028083979344689092 -0.01490171203534092 -0.053008307122681578 -0.031194465587094822 -0.14863250750451021 0.2377954235568224 0.18462493267506067 0.40686358373695986 -0.0053099905053026484 0.035167162409746926 0.21316763599167629 0.011737889640838016 0.031005410221671931 0.16883166196188226 0.069208415238304385 0.0091423945807945495 -0.0074055206711265949 -0.0022848115563641009 0.052261695212276353 0.0029151125539229397 -0.042259591084606626 -0.050668133744989553 -0.073601608893807777 0.015280972561795843 0.029447136855133872 0.01547595743868882 -0.13722763702179372 -0.065044959788943035 -0.075581430904677865 -0.024820134215934306 -0.0053197272577282378 -0.00603944047960549 0.055554265349372682 0.068972786191623864 0.018199914700935252 0.14198586112151762 -0.10116023312867575 0.0082963201092425987 0.058621817524991626 -0.16297880011595833 -0.026346876603415489 0.018607421841204133 0.036676284715745106 0.015012858490767797 0.014082059120406627 0.045549641411991262 0.0027045139997873141 0.052167644130923438 0.14590810447564725 -0.73955608311286314 0.17688729854002994 0.051290465381915992 0.20235314226956061 0.12222909908720289 0.016931117995581096 0.0075335603563383303 -0.015407546102781014 -0.050463440545776159 -0.0097081484171785779 0.016571321431294694 -0.0070663462021954213 -0.040181010408920727 -0.069396223050823991 -0.0069937750362468925 -0.046813296893214326 0.036205551040585926 0.12058165157973764 -0.21242127365693159 0.0029151125539229397 0.011298040764482908 -0.038815857973353296 -0.073601608893807777 0.081865212881601812 0.11148393425934583 -0.024820134215934306 -0.0053197272577282378 -0.00603944047960549 0.055554265349372682 0.068972786191623864 0.1054753753601099 -0.010780040007907471 -0.0057289858073599521 -0.010975791237922075 -0.048248932528219539 0.013026352551716015 0.026737606490593431 0.070393477488341932 0.041242272497707774 -0.095129503693249018 0.036676284715745106 0.015012858490767797 0.014082059120406627 0.026742799244477162 0.010218988010542803 -0.13309994621950266 0.0637084477436069 -0.071303524947876867 0.10609390054233564 -0.08397256631086035 0.12249189489151037 -0.14775903188598535 -0.028478840249492036 0.25153007045489445 0.084464809560043291 -0.088134510021275411 -0.0031756312164983509 -0.057266032378239018 -0.24137851206014574 -0.15976795554364653 0.23416829561459376 -0.0509590813448072 -0.040709376867674459 -0.02067713074894427 -0.19744874316128014 0.16644970235975831 -0.12154153479326193 0.055918032508426009 0.076695047292571802 -0.042259591084606626 -0.038815857973353296 0.035245255553097196 0.015280972561795843 0.11148393425934583 0.049150698197995508 0.018199914700935252 0.14198586112151762 -0.10116023312867575 0.0082963201092425987 0.058621817524991626 0.013026352551716015 0.026737606490593431 0.070393477488341932 0.041242272497707774 -0.095129503693249018 0.041238280291096524 -0.052957619531103499 0.13260649633804605 -0.076643608543014122 0.18755754363541288 0.045549641411991262 0.0027045139997873141 0.052167644130923438 0.0637084477436069 -0.071303524947876867 0.10609390054233564 -0.14504729920070566 -0.016119784348474629 -0.16590230167511075 1 2 1
0.87626434266660747 0.50620974629178239 0.032700107723992386 0.11433309358064694 0.10273960325820412 0.0031402587717150139 -0.19180705487033617 -0.053656272896659439 0.077693213573981443 -0.030468306030265988 -0.19837036472617844 -0.027284282869466416 -0.08241021914686962 -0.14294573856115397 -0.032202418661018681 0.021163039437581948 -0.055614965830236653 0.06789957958728525 0.13440000473591493 -0.17946328713514964 0.12190310378702478 -0.059983294984603835 -0.18849843032500371 0.10418021082454508 0.17696584411243771 -0.094161047061000841 -0.066593085474189753 0.027227378720979693 -0.0057153553406658142 -0.017928029492033145 0.067873810820683597 0.045235134131351919 -0.02801132519205737 -0.063099842154339891 -0.067671504623741038 -0.19360998279276148 -0.066051279824390588 0.029716143059170086 0.028255061473343498 0.25434650884710119 0.026771380551538222 0.10129399019336253 0.061731201520026091 0.021769025973000202 -0.31285092424474564 0.16954203338775098 0.16379167400705433 -0.17425046517163009 -0.056045916765236375 -0.023840252055382531 0.12190310378702478 0.048469017300289324 -0.066593085474189753 0.027227378720979693 -0.0057153553406658142 -0.017928029492033145 0.067873810820683597 0.10129399019336253 0.061731201520026091 0.021769025973000202 -0.050963568048184964 -0.020509335526726753 -0.023781695047659552 -0.015962702386160398 -0.082015338519866934 0.04164876291863609 -0.0047015843023130929 0.017904942344820037 -0.056030814355552565 -0.04658385280485472 -0.1269559700320847 -0.010380879686969824 0.0010966199943523089 0.012997353201113974 0.02085795852979045 0.06416875492197624 -0.016519536486740989 -0.0070439836413777662 -0.13852684438852733 -0.008773608620845405 -0.040293940175968636 0.019749521977527294 -0.016214892433809226 0.058425984069592915 0.007457095155804748 0.053930949420901146 -0.094213751924297096 -0.031492578444213812 0.016152989738207595 -0.16432792666966875 0.07015323509964265 0.049226648283160805 -0.01686609790314678 0.16713609788411285 0.036084697108343382 -0.048963299974161489 0.039186387621131705 -0.057340882283708719 0.054102286383747936 -0.010376442566547767 -0.059983294984603835 0.2366066523001519 0.045235134131351919 -0.02801132519205737 -0.063099842154339891 -0.067671504623741038 -0.19360998279276148 -0.31285092424474564 0.16954203338775098 0.16379167400705433 0.18335986760439379 0.008457762069973427 -0.069788563743375706 0.12563887237020679 0.10318389076368339 -0.037618417901083855 -0.0061439892185171201 -0.093200275901148114 -0.057871629811883374 -0.056647104505253343 -0.010380879686969824 0.22184230187546261 -0.074310221373731306 0.02085795852979045 -0.0013836258404460841 -0.00079711741705769737 0.019749521977527294 -0.016214892433809226 0.058425984069592915 0.007457095155804748 0.053930949420901146 -0.040716985580192946 -0.135323356590586 0.054433129180751265 0.12457104132596182 -0.048365110121288808 -0.044157107513484423 -0.075760644559539972 -0.06050606453885083 0.079081620330186286 0.075605380298178856 0.036084697108343382 -0.048963299974161489 0.039186387621131705 0.023479015812205226 -0.19999837324164355 0.02579924956058309 -0.018757582664857633 0.1379145442420163 -0.030804460474130744 -0.18849843032500371 0.001436433583943525 -0.066051279824390588 0.029716143059170086 0.028255061473343498 0.25434650884710119 0.026771380551538222 -0.17425046517163009 -0.056045916765236375 -0.023840252055382531 0.17315932848117482 -0.089791012945658027 -0.14717556410534927 0.082033188309646246 0.10130271260219377 -0.052659733947535273 0.062417132375693324 0.081433684215076907 0.047041459566835531 0.014433893693123071 0.0010966199943523089 -0.074310221373731306 -0.019560468102340491 0.06416875492197624 -0.00079711741705769737 -0.0050674701105599615 -0.094213751924297096 -0.031492578444213812 0.016152989738207595 -0.16432792666966875 0.07015323509964265 -0.044157107513484423 -0.075760644559539972 -0.06050606453885083 0.079081620330186286 0.075605380298178856 -0.21247181178257449 0.030772693621347727 0.043966626240376783 0.046140826638707874 -0.15984193701408675 -0.057340882283708719 0.054102286383747936 -0.010376442566547767 -0.018757582664857633 0.1379145442420163 -0.030804460474130744 -0.062199999459940258 0.030696327376049465 0.10628336918771591 1 2 1
0.3328274424457856 1.7285822342786914 -0.27752805367104477 -0.045195367789437633 0.0066783650805689885 -0.083278111407861025 0.15732608452037863 -0.18667409151034131 0.052637673203060148 0.0089133288276781308 -0.0012035495330801715 0.079610527127318864 -0.045887368278782363 -0.21779503287386154 0.10349864929821297 -0.016277772471038173 -0.08264274371517856 0.095462520287170116 -0.066570825303679582 -0.13763358150273872 0.023679895953510596 -0.071905395833611996 -0.18191921819841397 -0.021311446069599962 0.22079540215876428 0.01903972503922103 -0.17919089674098881 0.10839102851483827 -0.16020170286097699 -0.12852741169061888 -0.099220658146549845 -0.051652930548089976 0.097627899646333366 -0.099114397733928467 0.017904872374859482 -0.01857021060729034 0.23868536924419756 0.056818099581014074 -0.069664726292909471 0.074476329841301495 0.15253924013524384 -0.01069645445934663 0.039735941283105786 0.078489033287966858 0.10274532065875587 -0.17997699587946192 0.077570791401606998 -0.026063428095202922 0.073886376360737568 -0.053035050990107413 0.023679895953510596 -0.18701610981055211 -0.17919089674098881 0.10839102851483827 -0.16020170286097699 -0.12852741169061888 -0.099220658146549845 -0.01069645445934663 0.039735941283105786 0.078489033287966858 0.079997758995507637 -0.046898412824855053 1.3666729172506014e-05 0.1097997731852374 0.11307009146315483 0.013176260274668884 -0.15460541391964511 -0.10772683859249724 -0.039149812176214688 -0.067472475816178046 -0.047201551385712574 0.10377478066704923 0.02381340728741068 -0.11013467913861144 -0.071979777731783129 0.017106401668623941 0.093203736970599291 -0.09767488476908863 0.0021130603397745175 0.010705280874868085 0.17526891730898755 -0.0079895848391837374 -0.055122251621481363 0.086096917019861025 -0.087281476066252056 0.071059370809637201 -0.017888159380706304 -0.073467770196200849 -0.027801301052690287 -0.022096238958596987 -0.017816975883539584 0.1085624544698548 0.047407003623364016 0.077495796704597941 -0.17287747673661522 0.12506870156796956 0.016178675615626886 0.063465738526097812 0.017337523282600468 -0.082867972477241869 -0.071905395833611996 1.0368429640585748 -0.051652930548089976 0.097627899646333366 -0.099114397733928467 0.017904872374859482 -0.01857021060729034 0.10274532065875587 -0.17997699587946192 0.077570791401606998 0.064656624375494895 -0.0064656564879433318 -0.10750124865050928 0.061362904691028092 -0.034718485234904416 0.070872123093267889 0.28320121031626438 0.047334948125767176 0.13173227631419795 0.023552668044474191 0.10377478066704923 -0.011048580414404688 -0.084515905514199685 -0.071979777731783129 -0.25860648790620844 -0.042153343924035233 -0.0079895848391837374 -0.055122251621481363 0.086096917019861025 -0.087281476066252056 0.071059370809637201 0.058803629039305798 0.10717186539402426 0.10559959335376577 -0.057466684382813084 -0.14333437763203835 3.5907442751694635e-05 -0.032748996938882807 -0.067333437556711964 -0.14929830674505029 -0.017398652020497084 -0.17287747673661522 0.12506870156796956 0.016178675615626886 -0.050621809629487674 0.060138645190734634 -0.077062034434842275 0.043720996832421886 -0.088779197837806065 0.078122702487758808 -0.18191921819841397 1.0020269099210246 0.23868536924419756 0.056818099581014074 -0.069664726292909471 0.074476329841301495 0.15253924013524384 -0.026063428095202922 0.073886376360737568 -0.053035050990107413 -0.02955900214147282 -0.120419959439875 -0.021911317100091244 -0.068817145868676544 0.11762005266230027 -0.033380068597635794 0.10027813977927108 0.20293185414235398 0.1443761481515739 -0.2921696038604677 0.02381340728741068 -0.084515905514199685 -0.038696845998680951 0.017106401668623941 -0.042153343924035233 -0.12299312819712836 -0.017888159380706304 -0.073467770196200849 -0.027801301052690287 -0.022096238958596987 -0.017816975883539584 3.5907442751694635e-05 -0.032748996938882807 -0.067333437556711964 -0.14929830674505029 -0.017398652020497084 -0.11400124106827575 -0.033624506961623252 -0.049080236317891858 -0.024200376960941437 0.10109505164671678 0.063465738526097812 0.017337523282600468 -0.082867972477241869 0.043720996832421886 -0.088779197837806065 0.078122702487758808 -0.037916885889542402 -0.17350258949097994 0.036814401347706027 1 2 1
0.44994277154069257 2.1385973601735708 0.032383187883143115 -0.14941854451372547 -0.069998817576627403 -0.10331339909208805 -0.0058670604404577331 0.27705952441936932 0.074366173032316393 -0.047020747295018511 0.06761594499404909 0.083636659575059377 0.25213327183445722 -0.10632712581493459 0.11123158592301301 0.028831739330950786 0.12393709294284423 0.046538210770584204 0.095541610298621252 -0.18217662881179911 -0.27028088496649538 -0.046909213323657557 0.16255841564175535 -0.038272130833540328 0.05015632140258014 -0.055909020256632566 0.051310784505337187 -0.076057306356966878 -0.044183103380069283 0.09552121365732931 -3.594680747163867e-05 -0.075730171904549337 0.17095752474398529 -0.011348186795879307 0.28297618870572061 0.21366285798634302 0.066257023006796992 -0.063140886760632522 -0.20442177864949176 0.10131251712810688 0.053707261489589257 0.073392158601716342 -0.31121224164863354 -0.12652675183752071 0.030194120831438544 0.068824851956569261 0.15179518360318975 -0.095997255125669492 0.15935589371578254 0.01790349423275658 -0.27028088496649538 1.1995966829580873 0.051310784505337187 -0.076057306356966878 -0.044183103380069283 0.09552121365732931 -3.594680747163867e-05 0.073392158601716342 -0.31121224164863354 -0.12652675183752071 0.16514077893662832 -0.091727601488808222 0.04652564064340093 -0.031528259691777548 -0.045190856179412056 0.11275888373924595 0.085376634484413641 0.06155865312926953 0.19199692453786268 0.10600839734807191 0.037471183589161627 -0.019899767381260085 0.046120180211933315 -0.067522963520004517 0.044474007287390566 -0.076378826370113423 -0.20124491947942824 0.11835409414566414 0.20339905978431122 0.24907947339085426 -0.014859022098829104 0.096091470295405823 0.036573140315914576 -0.049426545685690312 -0.028439422196860666 -0.040043208592255776 -0.037390061334051025 -0.15476272804139071 0.065134462739979734 -0.088936606134185123 -0.0039140582686403996 0.062705112138832869 -0.012921241125781949 0.047731937036479641 0.0086633876080726823 0.046540121586454639 -0.10558440298928469 -0.062709070648126364 0.042702167626967935 -0.027072075653037875 -0.046909213323657557 0.33443417852699986 -0.075730171904549337 0.17095752474398529 -0.011348186795879307 0.28297618870572061 0.21366285798634302 0.030194120831438544 0.068824851956569261 0.15179518360318975 0.0081113791815896775 0.0041712872915450651 -0.033595568714360924 -0.044647678806720437 0.056137218309573668 0.17839694097873349 -0.057187311651207523 0.12945816559551845 -0.13654239550526459 0.0030666395974372459 -0.019899767381260085 -0.024367791366647837 -0.1384054283724786 0.044474007287390566 -0.06623029990704947 0.019008900626888189 0.096091470295405823 0.036573140315914576 -0.049426545685690312 -0.028439422196860666 -0.040043208592255776 -0.049693440856125815 -0.1791126384477662 -0.09057745743941123 -0.095549500936130558 0.032172784427834528 -0.0074847355432618168 -0.11627972545428214 0.028695040320531429 0.004782289046687347 0.0062034469332453712 0.0086633876080726823 0.046540121586454639 -0.10558440298928469 0.033469290815440651 0.20663231959781056 -0.1948280312225294 0.060491155168110447 0.15369343273690556 0.026364914105977959 0.16255841564175535 -0.89690521627946929 0.066257023006796992 -0.063140886760632522 -0.20442177864949176 0.10131251712810688 0.053707261489589257 -0.095997255125669492 0.15935589371578254 0.01790349423275658 0.00946426519474379 -0.036914532038832458 0.015511517442066344 -0.0055724436871920652 0.00069772860546635739 -0.065283801736657973 0.095012417605210564 0.043118644375272748 -0.037875418062117472 0.059635192826864414 0.046120180211933315 -0.1384054283724786 0.11684294182530351 -0.076378826370113423 0.019008900626888189 0.04969827522107239 -0.037390061334051025 -0.15476272804139071 0.065134462739979734 -0.088936606134185123 -0.0039140582686403996 -0.0074847355432618168 -0.11627972545428214 0.028695040320531429 0.004782289046687347 0.0062034469332453712 -0.080267961581360833 -0.14503589785191923 -0.074475876456484624 0.062768142850423342 -0.19258371571273269 -0.062709070648126364 0.042702167626967935 -0.027072075653037875 0.060491155168110447 0.15369343273690556 0.026364914105977959 -0.039291973840795691 0.0089887945399533802 -0.2353224522755189 1 2 1
0.74074482947103082 0.82217748692517989 -0.098381101663117115 -0.16619832390428277 0.017257144340368562 0.040006694982201961 -0.12193129251557544 -0.082510397507401717 -0.11869968714429879 0.048933933397923568 0.021285032654683726 -0.1729800506164384 -0.070952586598817841 -0.074454313084203902 -0.11001692534930747 0.044424754226865072 -0.050306127922958813 -0.25293777446385624 0.029041575884674861 -0.1305433722484613 0.1943090116326682 0.10215688215323049 -0.053980663439554551 -0.00040410653523219488 0.2390454301092399 -0.066924978956430098 0.052172350440322576 -0.019920116154334637 -0.062789300072526338 -0.096995400542695023 0.0095297373145414466 0.28501972325113134 0.17966838793985015 -0.029708003893334355 -0.032504912771414221 -0.18628563006882531 0.16234441635487046 0.20706810258455 0.1703234123217118 -0.0074811425852254728 0.14985426946467731 0.20930741579159659 0.17322971860397127 0.066253802960495364 0.033626079789287708 -0.11611772767918524 -0.013307809502384044 -0.11786737511097173 -0.097730320461086054 0.013949076921421145 0.1943090116326682 -0.21621561843457793 0.052172350440322576 -0.019920116154334637 -0.062789300072526338 -0.096995400542695023 0.0095297373145414466 0.20930741579159659 0.17322971860397127 0.066253802960495364 0.17441604815298162 0.090382788401040193 -0.034344455339015117 -0.039074859343493279 -0.042856851622061071 -0.15877137659105511 0.1336400499854675 0.024212468989672095 0.037239263316417026 -0.03625606209003962 -0.14326019288465283 -0.11027936702297647 0.0025744427830009659 -0.10646150586220345 0.10525475416979428 -0.073485119772172716 0.058939417671916676 0.14044518009401424 0.21542019806921087 0.17326255508803595 -0.017172068249033605 -0.0070018398032581919 -0.0040563783925594635 -0.19078374812135329 -0.012377892222047666 0.027328895916719172 -0.080408383113742904 -0.035284897937407009 -0.14486746425702113 -0.06954337870575128 0.04102959044885307 0.1973360760235362 0.094644569513386456 0.05542094269381849 -0.013710634363591299 -0.013154569051280937 -0.079354673462753073 0.028126531759317876 0.012260544932440106 -0.010055882517664675 0.10215688215323049 0.20932220556856279 0.28501972325113134 0.17966838793985015 -0.029708003893334355 -0.032504912771414221 -0.18628563006882531 0.033626079789287708 -0.11611772767918524 -0.013307809502384044 0.016659223605888517 -0.040462186880973541 0.17335814117535128 0.012846685727107864 -0.019263240263630937 -0.12689629754461151 0.059633205554213337 -0.093956384205372195 0.059497359275475392 0.0088509792338188221 -0.11027936702297647 0.13553660183152777 0.057016342867913683 0.10525475416979428 0.013243572617359884 0.063678182448271198 -0.0070018398032581919 -0.0040563783925594635 -0.19078374812135329 -0.012377892222047666 0.027328895916719172 0.093243223223819782 -0.01568813513467061 0.072254925835284353 0.14006830550350649 -0.0092289977529299138 0.056092919594200021 -0.030876161587718783 -0.10394981529440951 0.019976723814624245 -0.044765693857886771 -0.013710634363591299 -0.013154569051280937 -0.079354673462753073 0.047151451040174958 -0.010057360459735376 0.045715334581725338 0.025093638043561385 0.018033662407707769 0.048635497725567724 -0.053980663439554551 -0.030433277223469068 0.16234441635487046 0.20706810258455 0.1703234123217118 -0.0074811425852254728 0.14985426946467731 -0.11786737511097173 -0.097730320461086054 0.013949076921421145 0.028150163430504319 0.16038982220511735 -0.14290162287004712 0.17701381667711458 -0.012526034356439118 -0.11598848676668985 0.18337024835483132 -0.06200575598577223 -0.066365745516972566 -0.21627119912695877 0.0025744427830009659 0.057016342867913683 0.043511913675718716 -0.073485119772172716 0.063678182448271198 0.017307202256781156 -0.080408383113742904 -0.035284897937407009 -0.14486746425702113 -0.06954337870575128 0.04102959044885307 0.056092919594200021 -0.030876161587718783 -0.10394981529440951 0.019976723814624245 -0.044765693857886771 0.20889612348562181 -0.17702426716600608 0.030155682952166054 0.079420583416413545 0.011859683557216991 0.028126531759317876 0.012260544932440106 -0.010055882517664675 0.025093638043561385 0.018033662407707769 0.048635497725567724 -0.031589299513928214 0.068240127627088351 0.20677700810103136 1 2 1
0.99121589126330889 0.38278050016704723 -0.065504371690286251 0.003531126242372389 0.1104888246068987 -0.15786396786160758 -0.065716873764644107 -0.1623100249388113 -0.096547364806083336 0.27636468046508778 -0.1338055712691765 0.12486580496108038 -0.032338234971063598 -0.12429723228332155 0.091632747538365381 -0.034677349007131486 -0.023500734732576065 -0.16919588881655589 0.078061381740507085 0.099293497794839036 -0.19409915242048045 0.036282338190513019 0.0067796378394440159 -0.11858243898511532 0.021932618101462437 0.0992280496531108 -0.13477577288248935 -0.062458027856418429 -0.10953441778632012 -0.26483400021103309 -0.11732945260188378 0.05221345072218276 0.066107335978779852 -0.021034707448748448 0.096190896302084133 -0.0088457214097987669 -0.30848122139519013 0.1373295865261232 -0.057668072577298085 0.05560707960123807 -0.18759734421288299 0.036609868800526003 -0.17525201766802084 0.2607410374204962 -0.070687827848950988 -0.17033010198137449 -0.16297803369935082 -0.16121970196409277 -0.015045220963439838 -0.10623870398530316 -0.19409915242048045 -0.044677520538096274 -0.13477577288248935 -0.062458027856418429 -0.10953441778632012 -0.26483400021103309 -0.11732945260188378 0.036609868800526003 -0.17525201766802084 0.2607410374204962 0.043680007887184541 -0.21302459489918746 -0.068285050274533465 0.11248704426201291 0.079249017297131907 -0.017993387099548262 -0.03836949965270578 -0.12899444269145754 0.014637735846675616 -0.045955676993255527 -0.082700646561418498 0.014155053834389222 0.012133105770656408 0.13148431876593958 0.074881665869377501 -0.10173112211714469 0.05619602695343448 0.16621781546938416 -0.086522441794529711 -0.16109029420383916 -0.19063163713721376 -0.16908538410659729 -0.044627476231366821 -0.054768889383763078 -0.080214271318966857 -0.18002116903583082 0.0024915193426004317 0.025910820670782708 0.053309805362571724 -0.12792469623768501 -0.02016596700405849 0.0079185577803037293 0.011275442043595041 0.079861392838986994 0.015147733302595083 -0.083047485380245367 -0.077760703428245814 -0.0036814753599097375 -0.024749317969432826 0.066945533856457906 0.036282338190513019 0.0081157360496059254 0.05221345072218276 0.066107335978779852 -0.021034707448748448 0.096190896302084133 -0.0088457214097987669 -0.070687827848950988 -0.17033010198137449 -0.16297803369935082 0.017077289905577844 0.017255069251412413 0.021178993715055605 -0.076448162280284143 0.056085753640712402 0.022506558415319941 -0.064812167202413493 0.10684645806122926 0.018143585271406724 0.017222019871607649 0.014155053834389222 0.010007295907600369 0.075452839010088715 0.074881665869377501 0.074100738458117862 -0.13064061492091572 -0.16908538410659729 -0.044627476231366821 -0.054768889383763078 -0.080214271318966857 -0.18002116903583082 -0.042447990128280801 0.14494901047766018 0.11699232625113708 -0.12614725137926686 0.060493071860627329 -0.1096161096798377 0.00050193287084558669 0.095338334922208945 0.055141845503712497 0.058356104570007616 0.015147733302595083 -0.083047485380245367 -0.077760703428245814 -0.13420303892427454 0.031300378392231328 -0.13877446363954377 0.031122282767685798 -0.12061935476468133 0.018588708948125081 0.0067796378394440159 0.097489293040709718 -0.30848122139519013 0.1373295865261232 -0.057668072577298085 0.05560707960123807 -0.18759734421288299 -0.16121970196409277 -0.015045220963439838 -0.10623870398530316 0.093989530234400917 -0.031893975617273564 -0.071266967342696289 0.092388981013028629 -0.10255311611006485 -0.12515142397122944 0.09031909695360868 0.057876490802367175 -0.097939851327236788 0.074171825323764443 0.012133105770656408 0.075452839010088715 0.15115330015834583 -0.10173112211714469 -0.13064061492091572 -0.0012188406260910929 0.0024915193426004317 0.025910820670782708 0.053309805362571724 -0.12792469623768501 -0.02016596700405849 -0.1096161096798377 0.00050193287084558669 0.095338334922208945 0.055141845503712497 0.058356104570007616 0.11055037938850487 0.10879342256505349 -0.032094778719991432 0.011003358434402373 0.081452774983774207 -0.0036814753599097375 -0.024749317969432826 0.066945533856457906 0.031122282767685798 -0.12061935476468133 0.018588708948125081 -0.063372735198633665 0.037071891080511933 -0.10640039676489373 1 2 1
0.77103683130374434 0.78985617221051452 0.042672511649038007 0.13272909179980691 -0.083279909473683009 -0.012824110523218151 0.12996691574841954 -0.12394374559793851 0.068582113989606577 0.12711671166546207 0.052991337774601015 0.11260630217698211 -0.27039578603868852 -0.0074433262800273105 0.17199638502224626 0.086962710524703266 0.29627128875606962 0.0089816707760730936 0.0097822223032464871 -0.02677326864299848 0.1915159034368096 0.2750816070997899 -0.2052711632667592 -0.087790951704992945 -0.090944564103209627 -0.087901923817132216 0.10198895573185883 0.033993884461119062 -0.11863673322233514 0.052685467317252918 -0.0050865167556553214 0.344667500878792 -0.18625577332053267 -0.12755780280669007 -0.0057267787139912551 0.015673346003010062 -0.24638045917387569 -0.067124853870160262 0.13161732271716992 -0.038945907873508268 -0.026384312511014217 0.001261215313977028 -0.11483940233058985 0.065246855140562429 -0.29304847636226788 -0.24425830762777512 0.14952151279619769 0.15843160033629358 0.096362905443321253 0.070505908223499197 0.1915159034368096 -0.31005129768807838 0.10198895573185883 0.033993884461119062 -0.11863673322233514 0.052685467317252918 -0.0050865167556553214 0.001261215313977028 -0.11483940233058985 0.065246855140562429 0.033648303871430876 0.11616937251691271 0.0083643801905068076 -0.13352199575862994 0.02659334771406649 0.12919519569737237 0.1490951455441861 -0.081983963336572485 0.15535379458670648 0.018262384539836307 0.20161404513966283 0.025168966789048744 0.014760609201397025 -0.064629086825343324 0.12870958276435437 -0.16368659703645139 -0.0079044703993892389 0.0054457185035939664 0.16807638711749412 0.022490335771311657 -0.19196988602198337 -0.063959333784523703 0.070967161118006383 -0.036846838476243662 0.017871311956225284 -0.043816367609807637 0.01433764210412645 0.022663974632745078 -0.10105761746703196 -0.0053950184605914275 -0.071103421045951437 0.01961208563641538 -0.023624807090524627 -0.04072659811427079 -0.0094297121100235387 0.12717459397261682 -0.012547814432576215 0.11418291403303896 0.018063681996696508 0.095370887366718032 0.2750816070997899 -0.39974675244942426 0.344667500878792 -0.18625577332053267 -0.12755780280669007 -0.0057267787139912551 0.015673346003010062 -0.29304847636226788 -0.24425830762777512 0.14952151279619769 -0.062169155558806116 0.1559126566348881 0.038082573545998907 -0.11068079814052156 0.027005908694445264 0.048701412665305865 -0.24075306611843306 -0.013764905793771679 -0.036583054850239952 -0.15557247118016718 0.025168966789048744 0.049044730011835548 -0.057096079246987314 0.12870958276435437 0.033661609912767364 -0.03055667424474421 -0.063959333784523703 0.070967161118006383 -0.036846838476243662 0.017871311956225284 -0.043816367609807637 0.1738934309946979 -0.040423747568191393 0.0029472745573683686 0.0085678485541736803 -0.056653618502673676 0.11570385194710442 -0.051695503989329046 0.040584948144880492 -0.05159244426497403 0.1418302562040625 -0.0094297121100235387 0.12717459397261682 -0.012547814432576215 0.10064811498196805 0.0082181356950895706 -0.040924248299524561 -0.11323000985884885 -0.062598311572953161 0.049941444591066288 -0.2052711632667592 0.096276557036101329 -0.24638045917387569 -0.067124853870160262 0.13161732271716992 -0.038945907873508268 -0.026384312511014217 0.15843160033629358 0.096362905443321253 0.070505908223499197 -0.035414502721023956 0.063055416355322261 0.0011629124909602376 -0.08228684084723728 -0.082655610822987904 -0.10560283149806148 0.38099732455490681 -0.17417008764506597 -0.014446615315108222 -0.06719255905532219 0.014760609201397025 -0.057096079246987314 0.15268080932402539 -0.16368659703645139 -0.03055667424474421 0.01898947955134446 0.01433764210412645 0.022663974632745078 -0.10105761746703196 -0.0053950184605914275 -0.071103421045951437 0.11570385194710442 -0.051695503989329046 0.040584948144880492 -0.05159244426497403 0.1418302562040625 -0.016142338524696886 -0.037206164920365214 -0.040766979689315135 -0.031141848381780874 0.0036324386448760224 0.11418291403303896 0.018063681996696508 0.095370887366718032 -0.11323000985884885 -0.062598311572953161 0.049941444591066288 -0.030682914802364732 0.043729589251800233 -0.033481442563778212 1 2 1
1.0331608183189798 0.50742852054890664 -0.21856527142959573 -0.093344468782420559 -0.056016344207603583 -0.21175411165875113 -0.11923859682016891 0.065308329350557512 -0.056362663645346145 0.073743035928700781 -0.14919804585771343 -0.010476108978105768 -0.2086809520510681 0.23365257367908782 0.034494729726735285 0.0043908531946219116 0.22029837924293408 0.12742654510222218 0.01215967119685348 0.22077375505151486 -0.11139934830451846 -0.11181139681013748 0.0032053356051302494 -0.093327853571595495 0.16157264275409883 0.0080178379725473498 0.055161923134793962 -0.0034932502092892117 -0.18888394576971332 0.09411708089999099 -0.17469101078763066 0.22528378552961356 -0.053446072513537307 -0.048242405261340209 0.080850582585564046 -0.083796847705139219 -0.36774401313389021 -0.037855904567697614 0.10826213411449995 0.027062803413988989 -0.038564860297580369 -0.15073250266314447 0.12963825266965587 0.11726355585054188 -0.15743679383769696 0.22175956690209295 0.030568266978651861 0.16118455131703269 -0.07110740881991115 -0.057690031425650094 -0.11139934830451846 -0.03561947609588835 0.055161923134793962 -0.0034932502092892117 -0.18888394576971332 0.09411708089999099 -0.17469101078763066 -0.15073250266314447 0.12963825266965587 0.11726355585054188 -0.15348500819873487 0.15640128234225081 -0.097410450317662073 0.050743214532975922 -0.035316197828805247 0.012562944884554323 0.034999733355184172 -0.055479225592944451 -0.0064592615197338115 -0.17039293380143505 -0.11703643568324512 0.063043131621754969 -0.051691380571682377 0.0747542704620906 -0.078500583858491776 0.0053789933900495693 0.21569746091089967 -0.076557113106422311 0.26770527250535198 -0.11730623739622277 0.07526757449987366 -0.02501729676884222 0.22801991550852369 -0.0050217506315236044 0.0020705103686954988 -0.025117049701185445 -0.099935122799321402 -0.017266937923585308 0.052641881406525648 0.11350589612704971 0.057915716406795791 0.015677842040107103 0.070869952545109235 0.066754421287746765 -0.12589832692302716 -0.020359683612617432 0.043312308097195128 -0.15609004045744035 -0.0065522450435087851 0.0044720979631712038 -0.11181139681013748 0.21130198759683563 0.22528378552961356 -0.053446072513537307 -0.048242405261340209 0.080850582585564046 -0.083796847705139219 -0.15743679383769696 0.22175956690209295 0.030568266978651861 -0.18396644130004447 0.080720829338769215 0.091253175719438806 -0.043087771145541638 0.08642299584238386 -0.069789548287336675 0.0626585450004499 0.025887602871010024 -0.011988358584078646 -0.032107166681163223 0.063043131621754969 0.099758736022409478 0.11690353965182138 -0.078500583858491776 0.20612593121684455 -0.0058046912302045228 -0.02501729676884222 0.22801991550852369 -0.0050217506315236044 0.0020705103686954988 -0.025117049701185445 -0.019144852992580935 -0.16904564630696084 -0.049854714233668995 0.072143810354526813 0.017905384101956426 0.0040689318339218253 -0.09944447437106535 0.087816791790622017 -0.0053154409760510953 0.044420161138149422 -0.12589832692302716 -0.020359683612617432 0.043312308097195128 -0.11005098608568045 -0.071100554528848614 -0.030717350872520088 0.084437671742944753 0.099756896481949339 -0.0019447027154001241 0.0032053356051302494 0.0061862191783197242 -0.36774401313389021 -0.037855904567697614 0.10826213411449995 0.027062803413988989 -0.038564860297580369 0.16118455131703269 -0.07110740881991115 -0.057690031425650094 0.27475007023621606 0.047218111279099008 -0.14615173862405348 -0.10651246656818565 -0.010263307646275852 -0.049427365372135434 0.067121681543902689 -0.025913076092425349 0.011186878533218836 0.040072615202062865 -0.051691380571682377 0.11690353965182138 0.020765919483090235 0.0053789933900495693 -0.0058046912302045228 -0.12012604273671626 -0.099935122799321402 -0.017266937923585308 0.052641881406525648 0.11350589612704971 0.057915716406795791 0.0040689318339218253 -0.09944447437106535 0.087816791790622017 -0.0053154409760510953 0.044420161138149422 0.073914027048329015 0.056614542239934375 -0.12205615198315641 -0.016221319523476156 -0.14488265502265718 -0.15609004045744035 -0.0065522450435087851 0.0044720979631712038 0.084437671742944753 0.099756896481949339 -0.0019447027154001241 -0.069640440647466259 0.035215589561286544 -0.11935482344626608 1 2 1
0.73012711784731787 0.61060704119221698 0.034512168009786258 -0.28676331686818379 0.09661431123489507 -0.16653489506645028 0.098502322908713275 -0.022112909381002847 0.10755396746599478 -0.047346921689642538 -0.0061270182626778887 0.24793798938310249 -0.17935316872157023 0.072373478286316295 -0.10577309584827781 -0.18593548011673416 -0.12675947285177619 0.16736829674407272 -0.18410552851085604 0.041531485241223534 -0.073320387684679245 -0.29910293794932435 -0.11483559611603884 0.094019157628340955 -0.015267846304888468 -0.09894764971144146 0.19826960681511185 0.060725765065559344 0.0066773947791382727 -0.16572889012885095 -0.18715418507809214 -0.13693221289222432 0.055472804018036427 -0.062005198645757778 -0.12428453166257521 -0.076713740026738517 -0.071099644003971826 -0.047581766028796817 0.056088752201529549 0.054713332849967933 0.17075457619044751 -0.2133267434624033 0.17505979874049243 -0.14123962986897748 -0.069543511460039009 -0.039513833420913351 -0.093902146382662532 0.050795830208146951 -0.10643137401750241 -0.049298710156659327 -0.073320387684679245 0.19008895741436135 0.19826960681511185 0.060725765065559344 0.0066773947791382727 -0.16572889012885095 -0.18715418507809214 -0.2133267434624033 0.17505979874049243 -0.14123962986897748 0.21100749063538027 0.16286668833643181 0.032690803585257555 -0.04339485333623188 0.0018627511197032457 0.023547538353216227 -0.062194244780197694 0.14084912405589484 0.13431300991030623 -0.10617742850320191 -0.056988902854148094 -0.055600586807275511 -0.036246089912567753 -0.01168879144806468 -0.04752000669113228 0.11031926653786979 -0.076060283308668264 0.078149125508399822 -0.0051660888590146208 -0.12607009046534862 0.003674881389959259 -0.082722231122221518 0.025305707263351743 -0.095731714596446665 0.059633760022989708 0.0065019116363591242 -0.069640262008868151 -0.01330926006445577 -0.074889592952560619 -0.003085661853534827 -0.11115429079782942 -0.026010042302127574 -0.060893199728237771 -0.079914046433678804 0.035456442238364826 0.091972919121094038 0.027646792169584621 -0.065026228424056837 -0.075647459036088868 -0.006051481822345349 -0.29910293794932435 0.22922928015837229 -0.13693221289222432 0.055472804018036427 -0.062005198645757778 -0.12428453166257521 -0.076713740026738517 -0.069543511460039009 -0.039513833420913351 -0.093902146382662532 0.089807564793912442 -0.21168422870554832 0.20450311986396483 -0.15339669627997643 0.012145386876379557 -0.078928117973448078 0.0089867917231810403 0.0042448024345555927 0.25129276960781222 -0.028570043508864454 -0.055600586807275511 -0.26355565769786765 0.023566564508558735 -0.04752000669113228 -0.081189485477807993 0.086801260211935294 -0.082722231122221518 0.025305707263351743 -0.095731714596446665 0.059633760022989708 0.0065019116363591242 0.055836895452769902 0.021970920101926927 0.0086738279780672421 0.01153579444259664 -0.051446738147600757 -0.16202790486821361 0.034803095889943306 0.039740225827225785 -0.10269950052883961 -0.040017983337546172 0.035456442238364826 0.091972919121094038 0.027646792169584621 0.18530512705017677 -0.012842294420740242 -0.065936620292781467 0.027846820731670861 0.030420767107234251 0.1838388593819929 -0.11483559611603884 -0.039483845263108032 -0.071099644003971826 -0.047581766028796817 0.056088752201529549 0.054713332849967933 0.17075457619044751 0.050795830208146951 -0.10643137401750241 -0.049298710156659327 0.14990366180768022 -0.11279758078943214 -0.036965845778497555 0.088075468316455185 -0.07630539936760905 -0.049711856837704751 0.075821400728686053 0.0042937412350685673 0.035217101309664392 0.016391981153463634 -0.036246089912567753 0.023566564508558735 -0.17154352230500164 0.11031926653786979 0.086801260211935294 -0.073075315950238473 -0.069640262008868151 -0.01330926006445577 -0.074889592952560619 -0.003085661853534827 -0.11115429079782942 -0.16202790486821361 0.034803095889943306 0.039740225827225785 -0.10269950052883961 -0.040017983337546172 -0.081297952587946851 -0.04924017884863479 0.15546255736007816 -0.14175671997090009 -0.10036058309428773 -0.065026228424056837 -0.075647459036088868 -0.006051481822345349 0.027846820731670861 0.030420767107234251 0.1838388593819929 -0.11334062383105697 -0.0067897731634104274 -0.11403439676732903 1 2 1
0.52231700196038489 0.9960583219859368 -0.20394353812290403 0.25148424460784724 0.0059163164160485233 -0.093084120223927869 0.12262430217733519 0.074389744026509261 -0.10152580291810981 0.012105352628198151 0.21297614647403912 0.02882245555782938 -0.067978756965043297 -0.062215737235491064 -0.043189482247695421 0.030216614673320354 0.038693411000141301 -0.0018956639837857004 -0.12975944639683307 -0.044232251820954104 -0.083832895535922894 0.010371095125783903 0.042423160231223105 -0.071819857537609236 0.19285590238392356 0.098727117606421 -0.068524846999614669 -0.16395551914012943 -0.043904687569367218 0.018455932069594151 0.064571500129081083 0.0093285427023931961 -0.0061622711787268645 -0.14955067528526636 -0.036074472121486546 0.055604369177638113 -0.1713305156917129 0.034404740028670881 0.06940875144716116 0.048628270243673 0.10858315389942499 -0.17479657205148347 0.13246730241611304 0.0079273295833605286 -0.12316972901226592 0.09211380642148366 -0.027727344014758633 0.11577331789337883 -0.0755241731048968 0.11168893796351984 -0.083832895535922894 0.022366868536304152 -0.068524846999614669 -0.16395551914012943 -0.043904687569367218 0.018455932069594151 0.064571500129081083 -0.17479657205148347 0.13246730241611304 0.0079273295833605286 -0.035542627739308386 -0.0073416286648724854 0.069394726721960745 -0.11029024090493354 -0.1532268722005462 -0.049229146931748402 -0.0020452501667930657 -0.093354502193478447 0.0053372450166202009 0.12636484338079329 -0.015743029005930519 0.17146790998694206 0.073839890063701286 -0.025543479517042042 0.014804110937968726 -0.036328707010867753 0.02995762722181855 -0.079612517029162444 0.14232281662753449 -0.076845252849071247 -0.10351550108260801 -0.017039630757584051 -0.15572581223364126 0.049585560205289481 0.0031848576900612852 -0.046997632956403676 0.0057577814112793335 -0.050919617748509886 -0.16167619187168686 0.0053793407087446669 0.065495510153979503 -0.1142164829930452 -0.038423090634790567 0.015737412182864671 0.055448114385585862 -0.0091844334059824097 -0.0047285865053880577 0.13746060223637288 -0.041499701144111945 -0.085411993428939709 0.010371095125783903 0.34945384908152455 0.0093285427023931961 -0.0061622711787268645 -0.14955067528526636 -0.036074472121486546 0.055604369177638113 -0.12316972901226592 0.09211380642148366 -0.027727344014758633 -0.16755914320132295 -0.11781812966619894 -0.048884054635492516 -0.14491392713346729 0.052582545520568805 0.12692610304940583 -0.039618763340202492 -0.16194722409754114 0.036208671073855232 0.049576222175341668 0.17146790998694206 0.16756493054335964 -0.054092120255609936 0.014804110937968726 0.12256073696796821 -0.03206161541150486 -0.017039630757584051 -0.15572581223364126 0.049585560205289481 0.0031848576900612852 -0.046997632956403676 0.12416720455824462 -0.017677067951359249 -0.14268517053046667 -0.24353247246943099 -0.17650944098445853 0.043973955393050115 0.011441293883562716 -0.0069293185608726021 0.074639362118986724 0.032423424050947766 0.055448114385585862 -0.0091844334059824097 -0.0047285865053880577 0.12171703776141377 0.041308297336314644 0.044265658543278269 0.072871507418006687 0.17576968212184588 0.075999293289029213 0.042423160231223105 0.10811667167872785 -0.1713305156917129 0.034404740028670881 0.06940875144716116 0.048628270243673 0.10858315389942499 0.11577331789337883 -0.0755241731048968 0.11168893796351984 0.025266683479869236 0.092654250225442325 0.044112181404726954 0.10075526527697597 0.15853998968498773 -0.23153923280348876 -0.067920053243040318 0.19095017142907691 0.010427070325149484 0.13062647779650879 0.073839890063701286 -0.054092120255609936 0.12382003474304465 -0.036328707010867753 -0.03206161541150486 -0.17236798643772824 0.0057577814112793335 -0.050919617748509886 -0.16167619187168686 0.0053793407087446669 0.065495510153979503 0.043973955393050115 0.011441293883562716 -0.0069293185608726021 0.074639362118986724 0.032423424050947766 -0.15727509550138113 0.18120944899562721 -0.086858609717369958 -0.046216816776925851 -0.036421727045371617 0.13746060223637288 -0.041499701144111945 -0.085411993428939709 0.072871507418006687 0.17576968212184588 0.075999293289029213 0.057184561791731786 -0.20189099204069852 -0.10206367554048711 1 2 1
1.0310484232617039 0.55385635407180434 0.20429149700398325 0.061362851584047327 0.40127440117113572 0.04696421600382869 -0.051650160075728396 -0.020842050917626791 0.028710555510619847 -0.039216681850716292 0.13134008806165398 0.093049664998778869 -0.12661072323480235 -0.15788967611690927 -0.039102248524958298 -0.172973804143529 -0.2118950257889986 -0.010675688495115696 -0.25313265136001878 -0.049294009087593391 -0.13440158666205362 -0.061275562152089874 0.0075251152607015695 0.094064193716499184 -0.018224823424627903 0.04425120435371134 -0.027913301483988327 0.050242621480484084 -0.12700590393227135 0.1269929685415889 0.030522634278925893 -0.034347090243032244 -0.060097375445071974 0.058483061628350361 0.10933679431236024 -0.048191539853018973 0.030036784004256821 -0.0060741149197556799 -0.0024932526684239048 -0.14759351029433473 0.17421660584639689 0.31420587156315949 -0.049792859645283606 -0.058385546796412856 0.16683409674289784 0.31720319229306759 -0.2068953856689357 -0.12923925102630057 0.18583102622981659 0.2129397476377328 -0.13440158666205362 0.16342914909229225 -0.027913301483988327 0.050242621480484084 -0.12700590393227135 0.1269929685415889 0.030522634278925893 0.31420587156315949 -0.049792859645283606 -0.058385546796412856 -0.12059659615159123 0.014702004763408438 0.0094080813826697973 0.062762427768396176 0.10526855899802244 -0.07172218851951126 0.10926761824999034 -0.22842114816602491 0.034255581316847812 -0.053503332836452457 0.17326355725020709 0.093461359415505318 0.099120763502359988 0.15936314908568455 0.015644528427794686 -0.078574287358209191 -0.1167286216264156 -0.16001847465491684 -0.010271082919094045 0.0012897828335356031 -0.028514661600241742 -0.054125551766386649 -0.048546197529681229 0.16361617941683126 -0.064667031176479761 0.098893872611406697 0.0067278594612171921 0.12718860904500512 -0.011321058255771654 -0.00013965157228227471 -0.045779690255492021 -0.11740160383180787 0.054400888363126787 -0.14616478692186177 0.12409015552819344 0.02237781745192808 -0.0075549010140298217 0.041856105227157027 0.0027742374434941101 0.0074836653465748222 -0.061275562152089874 0.015239862326660584 -0.034347090243032244 -0.060097375445071974 0.058483061628350361 0.10933679431236024 -0.048191539853018973 0.16683409674289784 0.31720319229306759 -0.2068953856689357 0.090572673397146919 0.075719917628514183 -0.044656740025590391 0.033014434038289402 -0.095754570448033316 -0.03262370522825743 -0.028134501805412687 0.034660732391427522 -0.043186592483983065 0.10552253356979276 0.093461359415505318 -0.16248523287959193 0.083630621739068323 0.015644528427794686 -0.1624315031399215 -0.081907998413255897 -0.054125551766386649 -0.048546197529681229 0.16361617941683126 -0.064667031176479761 0.098893872611406697 0.017294510058821391 -0.20351052776038953 -0.018915434485020189 0.10876055403775078 -0.24229092092131635 -0.048638985104998811 -0.042819722480197636 -0.099462700506891294 0.0073856549840982813 0.032409793449569388 0.12409015552819344 0.02237781745192808 -0.0075549010140298217 0.014267342157439017 0.13348720195879432 0.16030789910357668 0.026185552816679156 0.051374301199626209 -0.052504895744452315 0.0075251152607015695 0.038876322922492837 0.030036784004256821 -0.0060741149197556799 -0.0024932526684239048 -0.14759351029433473 0.17421660584639689 -0.12923925102630057 0.18583102622981659 0.2129397476377328 -0.062828204717506428 -0.091268061445043513 0.030532860715857164 0.04439114053769188 0.10293577126647258 0.062770179912847612 0.020648501811360669 0.2555181083299447 0.013817750664100873 -0.091475507470705153 0.099120763502359988 0.083630621739068323 0.016957328435990147 -0.078574287358209191 -0.081907998413255897 -0.020417556571068654 0.0067278594612171921 0.12718860904500512 -0.011321058255771654 -0.00013965157228227471 -0.045779690255492021 -0.048638985104998811 -0.042819722480197636 -0.099462700506891294 0.0073856549840982813 0.032409793449569388 -0.0045544896688984194 -0.016259340520731563 -0.073990309906842799 0.0052848779379507244 0.32111308144779055 0.041856105227157027 0.0027742374434941101 0.0074836653465748222 0.026185552816679156 0.051374301199626209 -0.052504895744452315 -0.053227837113771749 0.013331016614276315 -0.15892980079608204 1 2 1
0.59343210993719087 1.3529438836924252 0.12888148440388258 -0.10075674919957543 0.27543560235694226 -0.10046914613844386 0.10666861384265142 0.049798565871830472 -0.27064131721747081 -0.036085460127988182 0.20707587822807724 -0.049919135791119278 0.11565792773114182 -0.047899493585778628 -0.020913807614325774 -0.0060330703436439872 0.0096432896487793681 0.24318434344334139 0.14059042362761109 -0.060780545872104658 -0.064771323381596552 -0.14586008515065185 0.17787757369761195 0.13598484481619269 -0.092156352795455379 0.17267169216076261 0.11572364792695077 -0.018964852274029557 0.37383381165658269 -0.20771963210239736 0.10419401426945954 0.29780922607315602 0.10619366281688676 -0.13216509135973403 -0.20511971463822823 0.25370725141871209 -0.0011505470512996857 -0.060527529570252779 -0.24222531206361717 0.067044469806085444 -0.18457663026213811 0.086018486085907064 -0.077242258532214725 -0.22113651121975933 -0.058707159414862875 -0.066516200274220158 -0.0047984023701435133 0.1288918896849387 0.046180175576096473 0.047053293425850115 -0.064771323381596552 0.37681953315208311 0.11572364792695077 -0.018964852274029557 0.37383381165658269 -0.20771963210239736 0.10419401426945954 0.086018486085907064 -0.077242258532214725 -0.22113651121975933 0.1444076526040583 0.058305399655119598 0.03622461810269028 -0.017137861749140625 0.11224233209981019 -0.0030924021942615458 -0.0071548136315918763 0.2070978068119872 0.15180442924797702 0.0067203092996730067 -0.065961793040090741 -0.066534643689358186 0.003039473481973743 0.031234173845644045 0.07028676154138816 -0.0032327634354036572 0.0059511990000855825 0.16850757473084679 0.085270179114288969 -0.21287046711005525 -0.042698996656915719 0.14513634258917824 0.0081843169228753739 -0.0022387081315792048 -0.028514174836601975 -0.020987295397317092 -0.040154207352428167 -0.012333738394610973 0.10586748330340486 -0.084429333966467929 -0.13018376052302918 -0.27194085538763807 -0.13808715066086694 0.034367814384562122 0.068811555835274249 -0.12919519113579137 0.015028743332735524 -0.0010879840622244411 0.02559515640598431 0.022418416009983417 -0.14586008515065185 0.17724716192911794 0.29780922607315602 0.10619366281688676 -0.13216509135973403 -0.20511971463822823 0.25370725141871209 -0.058707159414862875 -0.066516200274220158 -0.0047984023701435133 0.027781330412369295 -0.067706474097254846 0.024520439108649875 -0.093327687636940854 -0.0063166116007254067 0.0042642005412966647 0.02285837495310529 0.010181276042923973 0.0047966335280507644 -0.051234723151944543 -0.066534643689358186 0.041633524038856201 -0.057975184032202955 0.07028676154138816 -0.088626418305598281 0.08300394134114375 0.14513634258917824 0.0081843169228753739 -0.0022387081315792048 -0.028514174836601975 -0.020987295397317092 -0.1571437811112664 -0.058925226075469718 0.0597578606196595 0.054571805081009617 0.030058732540859029 6.4959007354645389e-06 0.056991645860518234 -0.11011736010607645 -0.032713276301594263 -0.0085524245297886672 0.068811555835274249 -0.12919519113579137 0.015028743332735524 0.17215245384523173 -0.11890754176836052 0.12325007140301732 0.040962063857028289 0.063078329089922017 0.075910638735177588 0.17787757369761195 -0.114565225037563 -0.0011505470512996857 -0.060527529570252779 -0.24222531206361717 0.067044469806085444 -0.18457663026213811 0.1288918896849387 0.046180175576096473 0.047053293425850115 0.19336952222841486 0.014107238080525561 0.026385376778087628 -0.12344173625365554 0.014282391807953519 0.032276809039564897 -0.12787867475223702 -0.0035660141159892991 -0.029376264024965279 -0.089129093871662138 0.003039473481973743 -0.057975184032202955 0.024939736424556984 -0.0032327634354036572 0.08300394134114375 -0.039202518476442572 -0.040154207352428167 -0.012333738394610973 0.10586748330340486 -0.084429333966467929 -0.13018376052302918 6.4959007354645389e-06 0.056991645860518234 -0.11011736010607645 -0.032713276301594263 -0.0085524245297886672 0.14830874215125786 0.081442561441879766 -0.1040715893220068 0.10181118616074869 -0.01418286968160163 -0.0010879840622244411 0.02559515640598431 0.022418416009983417 0.040962063857028289 0.063078329089922017 0.075910638735177588 -0.016348105986395269 0.15301400466411233 0.073372861820005242 1 2 1
0.95800239756223626 0.48690318671932159 0.11871643718898446 -0.028552819517525013 -0.10400948984804875 -0.088077968076806748 -0.091083137908496856 -0.35804567974783408 -0.15748829629449163 -0.032620215042369206 0.044402279464686653 0.033193420534425602 -0.071962379344459926 -0.18595879724025258 0.16287651565695818 -0.079308594038450309 0.19291550339949609 -0.019539243484066882 -0.13738628614346093 0.10236175205666377 0.0055146170544099846 0.25156618767941857 0.037021102765541949 0.0322380767403046 -0.12122060612552558 0.10837649323048155 -0.036702297453726503 -0.21131440797634793 -0.042093996381585404 0.0030075949356555476 -0.0030111645042309623 0.15411060058944423 -0.10279090457314141 -0.21824561243283019 0.057834682841179236 -0.026419560829396057 -0.17499238796032757 0.046916397551823669 -0.087171185521264349 -0.073659579181614282 -0.31120160180095668 0.26670494861884153 -0.077568351803175062 0.22978267430477275 0.12501175581295657 -0.083482208109913969 -0.14072222454850675 -0.03964476970940848 0.026615818946890954 -0.0072009609819893234 0.0055146170544099846 0.030848557579998919 -0.036702297453726503 -0.21131440797634793 -0.042093996381585404 0.0030075949356555476 -0.0030111645042309623 0.26670494861884153 -0.077568351803175062 0.22978267430477275 -0.080720467785702257 0.10627835411812306 -0.066582140172498402 0.049029906594137536 0.079143697963122525 0.0011508187637743537 -0.05733185466734806 -0.17664747777277856 0.13885479758420946 0.09099256639378947 0.075412461539431985 0.028357829516769101 0.11093379770151458 -0.07006116580905658 0.079390535805070134 -0.035431977693825015 -0.011635354718537659 -0.047397209123440302 0.056385259437115282 0.046504446012896494 -0.0055981568099030855 -0.029708617062723722 -0.046061284173011058 0.19150933252972324 0.043266704224713577 0.050642798816363938 0.047489874713451737 -0.0023949437840284984 0.031779187193395959 -0.082335971425561066 0.052200598387620395 0.064860268355465531 -0.11431614282333091 0.17313919847228679 0.0010808639622969934 -0.077104731363775894 -0.14733916619559803 -0.035588100458128304 0.069852095879690212 0.069036604221796777 0.25156618767941857 -0.25439287542245737 0.15411060058944423 -0.10279090457314141 -0.21824561243283019 0.057834682841179236 -0.026419560829396057 0.12501175581295657 -0.083482208109913969 -0.14072222454850675 -0.11298866735533411 -0.15032071124523561 0.043734556866666101 0.12386426714015826 0.1091989744261751 0.052508223412280536 -0.031195320919334329 -0.10640935492598934 -0.23952845452483792 -0.14522199525501542 0.028357829516769101 -0.082577136756409486 -0.075538357311578569 0.079390535805070134 0.0019207698034580272 0.057833118487061831 -0.029708617062723722 -0.046061284173011058 0.19150933252972324 0.043266704224713577 0.050642798816363938 -0.10419113504673866 0.0083607337183329369 0.16434524431389011 -0.081342209612029273 0.086959357492914349 0.08198624575584601 -0.040157765945827387 0.044640231718657247 0.037530418513205127 0.038285803674674775 0.0010808639622969934 -0.077104731363775894 -0.14733916619559803 -0.10304494662769292 0.068723570222952321 -0.16778862226237701 0.083638480501893986 -0.025318043845544549 0.036381346631959903 0.037021102765541949 0.094311664091849087 -0.17499238796032757 0.046916397551823669 -0.087171185521264349 -0.073659579181614282 -0.31120160180095668 -0.03964476970940848 0.026615818946890954 -0.0072009609819893234 0.048389879918437184 0.29350267834144861 -0.16006113729504301 -0.12886921066815601 0.14140730413760175 0.12455022530004056 -0.045049178871449512 -0.085068535894570099 -0.02872141075622562 -0.053942938310104806 0.11093379770151458 -0.075538357311578569 -0.047156967177930026 -0.035431977693825015 0.057833118487061831 -0.047099138542184192 0.047489874713451737 -0.0023949437840284984 0.031779187193395959 -0.082335971425561066 0.052200598387620395 0.08198624575584601 -0.040157765945827387 0.044640231718657247 0.037530418513205127 0.038285803674674775 0.1865125025654904 0.025055040862033858 -0.108533630358523 0.047811606540058144 -0.00024273729918572134 -0.035588100458128304 0.069852095879690212 0.069036604221796777 0.083638480501893986 -0.025318043845544549 0.036381346631959903 0.15613407936873175 0.0023086609895995491 0.18059319071610769 1 2 1
0.47382137105743399 0.97915422958000597 -0.25873357372036937 0.17433877125167979 -0.11105363340360583 -0.055823475400201696 0.18372908666091506 -0.020678490994634841 -0.12743611237593203 -0.11438349710064341 -0.054215822662026278 -0.2198211930388376 0.23101432381261994 0.047028750726208463 0.23811748708470157 0.1808800730711741 -0.03985851308268485 -0.061463329409042922 0.0080138530698902009 0.1374953860877306 0.031742394647332771 0.12052424633325701 0.040595051846991061 0.065794054822649314 -0.10839943319358009 -0.0077682295062568053 -0.051167214624513319 0.09473528434359299 -0.21972161550210981 0.068000375788870027 -0.083067893287808545 -0.02195519187170069 0.082253378049068682 0.006070543808050566 0.1290903727328411 0.022664509517717531 0.07387902392815604 -0.042819546589762038 0.078208279396020819 -0.27797624774206164 0.1165281226024021 0.0047196754677279427 -0.070837778505808122 -0.064147227236587764 -0.16666588700450771 -0.13870963238572415 0.090632460524750325 -0.070718841968235371 -0.16838893097619637 -0.1909241258139934 0.031742394647332771 0.073262535139023782 -0.051167214624513319 0.09473528434359299 -0.21972161550210981 0.068000375788870027 -0.083067893287808545 0.0047196754677279427 -0.070837778505808122 -0.064147227236587764 0.061587547040838408 -0.09832206097208368 0.02625746327653455 -0.047038377226842523 -0.18926432525177542 0.10600445615925823 -0.053412438426616332 0.071397666167706542 0.061520900447299659 0.13372972197267205 0.022641667614666669 0.033000228439951845 -0.03597293336026211 -0.10709962215328531 0.1722156119686441 0.015669742095440677 0.022919397811705211 0.15547558312176812 0.056417353207404222 0.084453570414402587 0.17609949879019962 -0.073795086728306286 0.0042158722434042341 0.033116038390352966 0.09832703627949281 0.10709256384100881 0.012642271248021789 -0.026592980354652546 -0.024519177624705991 -0.046673872146954072 0.015393666274758421 0.11473031538919631 0.0060809933100708933 -0.090432064299505358 0.084497462260380407 -0.040273663383682115 0.028935119908202425 0.10566522025757735 0.09781534019761097 0.056947522099405526 0.12052424633325701 -0.47784095987997743 -0.02195519187170069 0.082253378049068682 0.006070543808050566 0.1290903727328411 0.022664509517717531 -0.16666588700450771 -0.13870963238572415 0.090632460524750325 -0.11174572964593897 0.008043119154532789 -0.1398832727345842 -0.030592262641025766 0.13946849180936469 -0.11347999559788789 0.0053804868200415081 0.36638620409541223 -0.1001413692020644 0.063777760615294721 0.033000228439951845 -0.032080637650373466 0.013327029715883065 0.1722156119686441 -0.13368298223361563 -0.0072129170609461857 -0.073795086728306286 0.0042158722434042341 0.033116038390352966 0.09832703627949281 0.10709256384100881 -0.021480651251599356 0.020424727094492261 -0.15056017694355389 -0.099784053842126089 0.041875414380667553 -0.081474590828846241 -0.065028658960057495 0.060117733795544748 -0.12628102082944875 0.087283508794293016 0.084497462260380407 -0.040273663383682115 0.028935119908202425 -0.11010489752934721 -0.031856668487275586 -0.079061991484289718 0.034080403314127712 -0.004858192812893937 -0.19369733389355248 0.040595051846991061 -0.10028472568937373 0.07387902392815604 -0.042819546589762038 0.078208279396020819 -0.27797624774206164 0.1165281226024021 -0.070718841968235371 -0.16838893097619637 -0.1909241258139934 0.013386470096867926 0.11702300624244769 -0.079600620050017487 0.079264490162692949 0.10714621163873175 0.23854182536053586 0.052369507442184771 0.1557377391080455 0.024653368448570079 0.059804570350786727 -0.03597293336026211 0.013327029715883065 0.020807561125844788 0.015669742095440677 -0.0072129170609461857 -0.16796508151946671 0.012642271248021789 -0.026592980354652546 -0.024519177624705991 -0.046673872146954072 0.015393666274758421 -0.081474590828846241 -0.065028658960057495 0.060117733795544748 -0.12628102082944875 0.087283508794293016 0.023783151102430612 0.018051145764737448 -0.0063275384770453665 0.13814312844439317 0.14187351146224336 0.10566522025757735 0.09781534019761097 0.056947522099405526 0.034080403314127712 -0.004858192812893937 -0.19369733389355248 0.13160799450217422 0.08906098310120758 0.022076765881070982 1 2 1
1.1763293540819715 0.39848583461409914 0.12799251238075038 0.10573874961149045 0.1948060256698563 -0.010803722069653394 -0.061239284130604039 -0.02754174410807704 0.059996553639871726 0.17510931474313107 0.2552861769221963 -0.049042502586472442 0.069072684583605021 0.14357462499740495 -0.36271002853583972 -0.10595474398607788 0.029356850639647082 -0.10297686213872265 0.087246078736911564 -0.061202258829047292 -0.055832481427488728 0.039687778775233877 -0.31865427362894672 -0.046920452780617919 -0.08904581191075904 0.058471476227525125 -0.075254439956745758 0.064438788111893991 0.20653060521153724 0.27895651576748992 -0.29241211735192074 -0.0159721749262744 -0.11552818314954762 0.085364298511119346 -0.08439176210408128 0.1477644271170383 0.0024041306410949215 0.15109237012679977 -0.10464897663303253 -0.19754977948742158 -0.081744174769714045 -0.14060642196452638 0.019114604388631183 0.043510160125468891 0.10982918272389366 -0.028020575733100257 0.16242377023457344 0.29467074500316093 -0.050745612154714931 -0.020106721428287136 -0.055832481427488728 -0.020973717721822351 -0.075254439956745758 0.064438788111893991 0.20653060521153724 0.27895651576748992 -0.29241211735192074 -0.14060642196452638 0.019114604388631183 0.043510160125468891 -0.021160018135238115 -0.073929794946430233 -0.05590208580133043 -0.15873560595211078 0.035946946473912195 0.11420972847290596 0.13007425739114106 -0.16791235209993946 -0.065263559352096739 0.095180720830916957 -0.0050347069473999006 -0.016009355554026869 -0.014925252975285004 -0.014167128279485226 -0.0073429251967193875 -0.030519184545156067 0.14748231924074348 0.25787394163139071 -0.16827890427889403 -0.055251146561280433 -0.074466450252295577 0.014869758136839738 -0.14647848541706698 -0.017534471844340541 0.11143204705047027 0.00045658560365379602 -0.20810973796161369 -0.078951690253400028 -0.1408435844208637 -0.0088323250859503946 -0.047188397798294812 0.1754456502769691 -0.04063601174316115 0.10057139375771143 0.068991998282772277 0.06841086769763538 -0.13641520097137333 0.0605984988568119 0.015849626897327541 -0.0031437005813517299 0.039687778775233877 -0.08914240658546102 -0.0159721749262744 -0.11552818314954762 0.085364298511119346 -0.08439176210408128 0.1477644271170383 0.10982918272389366 -0.028020575733100257 0.16242377023457344 0.0068297582405415017 0.060149785910977964 0.045253380339473605 -0.044377837825650773 -0.067396987442636905 0.18587780139434912 -0.050179709978489119 -0.066446218756660722 -0.098665428133758407 0.13370607886774663 -0.016009355554026869 -0.026939319064150487 -0.11615676531279286 -0.0073429251967193875 -0.029282138126647528 -0.017599939068437175 0.014869758136839738 -0.14647848541706698 -0.017534471844340541 0.11143204705047027 0.00045658560365379602 -0.11569740573669621 -0.027792409625321923 0.0071110269958913688 -0.051839450899787948 -0.20406686713428979 0.038128109901740974 0.051019923231441631 -0.065564292636469942 -0.076653326619963907 -0.048022582189104109 0.068991998282772277 0.06841086769763538 -0.13641520097137333 0.080837283163612828 0.1499512834553211 0.050044244658887495 0.14620913672961672 -0.020710506613448663 0.0052899738653803263 -0.31865427362894672 0.15765201281798713 0.0024041306410949215 0.15109237012679977 -0.10464897663303253 -0.19754977948742158 -0.081744174769714045 0.29467074500316093 -0.050745612154714931 -0.020106721428287136 -0.017430018162853746 -0.0036434090785966199 -0.044465784586842 0.20315620974325738 0.14394499357139032 -0.17515693646725988 0.061612036820155404 0.15078042322503718 0.11643343134911133 0.063065934070737004 -0.014925252975285004 -0.11615676531279286 0.012733988345134062 -0.030519184545156067 -0.017599939068437175 0.12229296697279753 -0.20810973796161369 -0.078951690253400028 -0.1408435844208637 -0.0088323250859503946 -0.047188397798294812 0.038128109901740974 0.051019923231441631 -0.065564292636469942 -0.076653326619963907 -0.048022582189104109 -0.090750750877045816 -0.14216430026592441 -0.049612789263899303 -0.098813787586072122 -0.006642333524806106 0.0605984988568119 0.015849626897327541 -0.0031437005813517299 0.14620913672961672 -0.020710506613448663 0.0052899738653803263 0.061781189955366279 0.041237487678280019 -0.011331663492312773 1 2 1
0.32365157248723647 2.3082365061308785 -0.045754308563781564 0.027128528682287857 0.014233569855481673 -0.029918300990695815 -0.07812978428275455 0.05296313159781911 0.075721743747365663 0.11906841556898878 -0.13481050446407042 0.15990087410988674 0.092641174245751259 -0.015113808985533078 -0.16998684067275738 -0.044686986748371946 -0.016016837834575744 -0.044733390482549873 -0.13044823029648583 -0.024131372894541821 -0.13988340121824436 -0.1172707384868797 0.099039419521560049 0.19249197231764822 -0.021138853367321839 -0.055886831805555794 -0.02286325077485938 0.028312555201731534 -0.082393668686584529 -0.15398365791275861 -0.10327869703371222 -0.04955950530911632 0.046173079698345734 -0.15029583231056268 -0.090673668697741974 -0.04392137940233666 0.10706543631173059 0.042593345296782714 -0.11267695141291345 0.11274849714744761 0.13795373454855644 0.089719274509395541 0.100679837164268 0.071171666996201338 -0.086734181947255587 0.14623434326471857 0.052075754736525995 0.0089704596875469066 0.089612145252209632 0.07420465482182044 -0.13988340121824436 1.5923789328466089 -0.02286325077485938 0.028312555201731534 -0.082393668686584529 -0.15398365791275861 -0.10327869703371222 0.089719274509395541 0.100679837164268 0.071171666996201338 0.096779239815783888 0.026061840427995288 0.094249591782037373 0.12918452240354503 0.023529527584293823 -0.12110806153642767 0.055564098851523108 0.012279331785741643 -0.01460712670596662 0.14133403853377677 0.024019077695828842 -0.074005495122628717 -0.13345662698853811 -0.068943346804331729 0.037705541990710259 0.033213690691894601 -0.054076727535888082 0.21486223475883726 -0.093093436098433638 -0.010937324664633591 0.046527670696918495 0.036831258754852096 -0.0069713452432147108 0.039583048717639138 0.027002617146853255 -0.045990198042218364 0.028855358358186634 -0.062774965471555394 0.044848403531683907 -0.011108253635970195 -0.11495896500376707 -0.13248093896785065 0.13612984829592875 0.15841110697680191 0.0036769066605840672 0.062839546154389928 -0.0091686206507509034 -0.028184396820546388 0.048004669202827401 0.022357027651800324 -0.1172707384868797 0.7710444426123173 -0.04955950530911632 0.046173079698345734 -0.15029583231056268 -0.090673668697741974 -0.04392137940233666 -0.086734181947255587 0.14623434326471857 0.052075754736525995 0.02058858815435962 0.12633685430986186 -0.051148118457925475 -0.090410413095307257 0.10040764631125831 -0.07817781345266904 0.034453808549948284 0.18594177008279181 -0.021880975087226889 0.17723885500347608 -0.074005495122628717 0.075867995994977164 -0.045344155732673391 0.037705541990710259 -0.13220061757450044 -0.028290839307585511 0.036831258754852096 -0.0069713452432147108 0.039583048717639138 0.027002617146853255 -0.045990198042218364 0.15417366077199948 0.20330383051007278 0.032111177498598285 0.09856825887470054 -0.021690202627366283 -0.016147045620881012 0.04330731982490274 -0.06019156412982736 0.14145475071860641 -0.023763723522627126 0.0036769066605840672 0.062839546154389928 -0.0091686206507509034 -0.081085368642253963 -0.01129429067741594 -0.076081541983972226 -0.062558308275047034 -0.035763161093050541 -0.046868434511615188 0.099039419521560049 -0.87901082421730292 0.10706543631173059 0.042593345296782714 -0.11267695141291345 0.11274849714744761 0.13795373454855644 0.0089704596875469066 0.089612145252209632 0.07420465482182044 0.069338064144465986 -0.059595326383125161 0.08550361364469225 -0.054444121033473604 0.052943321001008514 0.034959801899769577 -0.1031543694594721 0.029937674141876449 0.089143524016491171 0.15623853408568172 -0.13345662698853811 -0.045344155732673391 -0.016569218334717788 0.033213690691894601 -0.028290839307585511 0.088834734320558384 0.028855358358186634 -0.062774965471555394 0.044848403531683907 -0.011108253635970195 -0.11495896500376707 -0.016147045620881012 0.04330731982490274 -0.06019156412982736 0.14145475071860641 -0.023763723522627126 0.17609657643041648 0.0089056439570592612 0.18405099536702907 0.035184316728961433 -0.067160813597362715 -0.028184396820546388 0.048004669202827401 0.022357027651800324 -0.062558308275047034 -0.035763161093050541 -0.046868434511615188 -0.12729461230600478 -0.060610104682560832 -0.072680050762966089 1 2 1
0.47134027162603448 1.5772482342373697 -0.015409252433134634 -0.18957434132628379 0.27873960665547143 -0.2533434456949698 0.12096844274363769 -0.021736310688349914 -0.021505113687131313 -0.12802242825527077 0.067204562781552665 0.0089885536808583348 -0.16148635217092761 0.02780866264654756 0.22014606310138077 0.28413488450955415 -0.16514913396226091 -0.20291055359093152 -0.12390943931773084 0.15888704147686794 -0.21273349193663763 -0.19413424632565549 0.044534447568791741 0.0054950930632873462 0.064454494913156413 -0.097586079823379412 -0.022194257108813852 -0.089243389759149375 0.033500870713807598 -0.012870041272874496 -0.10733598157990726 0.12465526209465856 -0.22092450566446931 -0.25303045910836625 0.20695875381723908 0.15312567658338891 0.082668154228563495 -0.14418213314061207 0.074132581021934249 -0.097271052495825933 -0.0030757489830770691 0.37129437412149491 -0.25236139839958172 -0.24216694881347936 -0.010112937404613274 0.039565708499356506 0.064308025937410085 -0.0067850236399918601 -0.080755006323052145 0.1561499414993934 -0.21273349193663763 0.72352955627367621 -0.022194257108813852 -0.089243389759149375 0.033500870713807598 -0.012870041272874496 -0.10733598157990726 0.37129437412149491 -0.25236139839958172 -0.24216694881347936 -0.185284775683383 -0.012615692252080941 0.14312442612989396 -0.0066064563108909589 0.069334548903429896 -0.010372978845137227 0.12344446007939124 0.048268727909983593 0.10055323430499455 -0.14622927701470323 -0.080393209091735793 -0.040765656739107162 -0.026170080218736132 0.14472079132389576 0.020772717680703431 0.10290075164429234 0.15806214301859411 -0.062451927414942633 -0.088229177872600539 0.085030349051422552 0.078352997873470553 0.004455471695183566 -0.011409782506473178 -0.035448330344553441 0.028272880176546489 0.046276060074652667 -0.10682054403700816 0.058764827980635065 -0.1054162985353557 0.18511966436307928 -0.025237648218244434 -0.089479182994146478 -0.0070851850595171021 0.072760028529144025 0.094045695513435709 -0.12744094233934913 0.04669758099872106 0.074587572886023523 -0.015825835868463558 -0.021245265908721049 -0.19413424632565549 0.7863796379134308 0.12465526209465856 -0.22092450566446931 -0.25303045910836625 0.20695875381723908 0.15312567658338891 -0.010112937404613274 0.039565708499356506 0.064308025937410085 -0.010635396312127829 0.21173251835634765 0.10099007054752968 0.014913485547105377 0.0042568350860511354 -0.00029372309971928379 0.098358764570000798 0.07954133145196858 -0.036351780164950082 0.11128633463209946 -0.040765656739107162 0.0249658842704234 0.028968867129311515 0.020772717680703431 0.093467956670285457 -0.028291700574331446 0.004455471695183566 -0.011409782506473178 -0.035448330344553441 0.028272880176546489 0.046276060074652667 -0.09344827782343329 0.18059353047631024 -0.046261223820871292 0.075975885880794292 -0.0071400223487189099 0.011892891882628695 -0.043094418914550334 0.12023719987572865 -0.036979250377114352 -0.1239114608628229 0.094045695513435709 -0.12744094233934913 0.04669758099872106 0.023088981813736923 -0.097029414152623672 -0.089512418497497637 0.037894185771520296 0.10722094179751654 -0.0043954769434307803 0.044534447568791741 -0.35606539206806648 0.082668154228563495 -0.14418213314061207 0.074132581021934249 -0.097271052495825933 -0.0030757489830770691 -0.0067850236399918601 -0.080755006323052145 0.1561499414993934 0.042143791737395755 -0.064196391015431051 -0.064709389830752959 0.13319999506128904 0.049534762644243918 -0.012360920563897893 0.24212651313582098 -0.19744691239820322 -0.13934498267969983 -0.096908389719070523 -0.026170080218736132 0.028968867129311515 -0.032402672386433976 0.10290075164429234 -0.028291700574331446 -0.042743758407022645 -0.10682054403700816 0.058764827980635065 -0.1054162985353557 0.18511966436307928 -0.025237648218244434 0.011892891882628695 -0.043094418914550334 0.12023719987572865 -0.036979250377114352 -0.1239114608628229 0.041034394076077119 -0.060802218950090518 0.013037429827680505 0.10670922571204011 0.07174080865232986 0.074587572886023523 -0.015825835868463558 -0.021245265908721049 0.037894185771520296 0.10722094179751654 -0.0043954769434307803 -0.23788240973021552 -0.062485061587400331 -0.079195518097081197 1 2 1
0.49834881333260789 1.4652401292843016 -0.24692841016036293 0.0034554857583084836 0.11339482736078636 -0.041315569934656557 -0.090651341908207186 -0.1815462032628303 0.088406554299202161 0.01790134881989304 0.07726100228057188 0.20581406026204455 0.0086346096440218182 0.11260674293646072 -0.19940292886037825 -0.018775720561296828 -0.029221312151173521 0.025844369817116495 -0.045327188726905158 0.0048081696536946116 0.10496128371390918 0.026278475249530361 0.12138827378797305 0.04878687662548456 -0.26640837536802736 0.095774635383615733 -0.22814319321684684 -0.13523759588227036 0.16634890688621881 -0.13459920663985586 0.031960367266487918 -0.06273816366267225 -0.07766992916109676 0.083400675783042472 0.15199222842546675 0.090894681503896735 -0.13212347176775441 0.078192417832504316 -0.039746881014081532 0.21220056164418119 0.09318278731565599 -0.26687758930151678 0.25824708557261411 0.14680447586572593 0.016498819298314701 0.24246595255248984 0.036347034290406054 0.20753179927748119 0.0022142448461689983 0.32932647422422368 0.10496128371390918 -0.21070905655642949 -0.22814319321684684 -0.13523759588227036 0.16634890688621881 -0.13459920663985586 0.031960367266487918 -0.26687758930151678 0.25824708557261411 0.14680447586572593 -0.01955720181024867 -0.045024567091796017 0.20323996686559012 -0.015202175182887146 0.069437773662354971 0.057747081466682795 0.043174521074183222 0.083251755278590661 -0.083070050359678863 0.074482852353697906 0.11587000479063592 -0.14267569047649009 0.11476054083709213 -0.20824510085592923 0.044992420436382449 0.031638150118466206 -0.0092990771285616208 -0.064204364924681831 0.0049321334813461296 0.02314452094960328 -0.042717056155026266 0.061229360067228407 -0.0040282603836406302 0.0043310605790895275 -0.072262858441531436 -0.014448789179808852 -0.036279224917163677 -0.0050063035681483948 0.038047377146023666 0.026561137333689928 -0.0019299005169910507 0.022556506393978343 -0.074604118647320181 -0.020973450748309891 -0.14247723360667269 -0.043475459051781934 0.023843505357049159 -0.1153533360970114 -0.061569805521443255 0.0011927547566723713 0.026278475249530361 -0.61184584709051737 -0.06273816366267225 -0.07766992916109676 0.083400675783042472 0.15199222842546675 0.090894681503896735 0.016498819298314701 0.24246595255248984 0.036347034290406054 -0.056624424976424108 -0.026033387894125778 -0.06563295232292711 -0.018773748741969257 -0.079969136075021638 0.012893640154725206 0.13546047996262489 0.13836826748663741 0.10355099722509241 -0.068668682051440638 -0.14267569047649009 -0.082911643363098475 -0.020278785396629476 0.044992420436382449 0.11027649365613293 0.0047375910975607644 0.061229360067228407 -0.0040282603836406302 0.0043310605790895275 -0.072262858441531436 -0.014448789179808852 0.073681250370979209 -0.04528605812096366 -0.17783874129321828 0.013284255262756573 0.01410618432231372 -0.0063313297573237056 -0.063840452629965669 -0.031425117232755581 -0.062950048975839223 0.01889782482808779 -0.14247723360667269 -0.043475459051781934 0.023843505357049159 -0.011412018069907692 -0.011464644139426322 0.0056233937919838014 0.040845539236140815 -0.025722790473384417 0.031199480989470112 0.12138827378797305 -0.16472063823353528 -0.13212347176775441 0.078192417832504316 -0.039746881014081532 0.21220056164418119 0.09318278731565599 0.20753179927748119 0.0022142448461689983 0.32932647422422368 -0.044606609288393904 0.1668387481586654 -0.016058869426119213 -0.039722485446576444 0.16293673040423037 -0.079880223667236933 0.12802513675079691 0.083118746403219534 0.11206766429696523 0.087736301392090377 0.11476054083709213 -0.020278785396629476 -0.12868180067395601 0.031638150118466206 0.0047375910975607644 -0.0782856239346649 -0.036279224917163677 -0.0050063035681483948 0.038047377146023666 0.026561137333689928 -0.0019299005169910507 -0.0063313297573237056 -0.063840452629965669 -0.031425117232755581 -0.062950048975839223 0.01889782482808779 0.01054103639409194 -0.033130209886915826 -0.085455213918455952 -0.0016938201934255149 0.062025111988881776 -0.1153533360970114 -0.061569805521443255 0.0011927547566723713 0.040845539236140815 -0.025722790473384417 0.031199480989470112 -0.1092040933271409 -0.083356576694186973 0.1097578548153214 1 2 1
0.62402150892830499 0.42621674943138543 0.014255482384649073 -0.096704079736035203 0.0040328449540498867 0.22057549183020186 -0.068535173828532608 -0.11449378122316864 -0.17163668262917228 -0.03612959557555713 -0.087486476351974513 0.14412885924467295 0.24273880111531398 -0.10784220251056344 -0.19756550380702154 0.092501413974178534 0.060312296864877837 0.078356811150417469 -0.25573552694020957 -0.091628032154378397 0.15726559544518814 -0.0025810632897219844 -0.036671271687590046 0.26431010660611981 -0.053230004499544896 -0.041273221238398751 -0.17459078287908619 -0.17252405683159383 -0.10482983489593974 -0.32235903732681814 0.40291718813062671 0.0046310261292812375 -0.19812340404701514 0.23752487631594732 -0.14917593826262637 0.092095654370444605 0.033051895777895191 -0.016837786446631475 -0.083069294626094317 0.061098684584897874 0.050587028613709388 -0.20518633671787387 -0.11479901379479325 0.083954237971545109 0.035430163277305096 0.021005486782508079 0.027250823288115737 0.062787419016618717 -0.066924698545941699 -0.11617183702801316 0.15726559544518814 0.31614435223056775 -0.17459078287908619 -0.17252405683159383 -0.10482983489593974 -0.32235903732681814 0.40291718813062671 -0.20518633671787387 -0.11479901379479325 0.083954237971545109 0.2035321454528865 0.10178958161714971 0.06515649079325482 -0.18166277091940231 0.019940823795241605 -0.058337652057147749 0.10357962214491996 -0.061937091245168219 -0.071689117691739065 0.018942403952570262 0.039001152515618365 0.0500513741704324 -0.0035468619011206036 0.0087717614102590432 0.14590631717241015 -0.10479423781103188 -0.30895118847043573 0.087049185043469202 -0.01000019580896324 -0.17377078987850733 0.042245890829746904 0.02008833725631275 -0.0248427547722238 0.080445494522258923 -0.027346848364146116 -0.010492391676577506 -0.0062726862210394571 -0.033617303708380002 0.014559178276391728 0.01047210941034718 -0.0073751385987841644 -0.0099558911304251999 -0.13215235958219726 -0.072302132544552686 0.046481027039128237 0.096053363451260532 -0.047363947871840333 0.081630953250235283 -0.078848307176540344 -0.026481923010778188 -0.0025810632897219844 -0.083538646261810526 0.0046310261292812375 -0.19812340404701514 0.23752487631594732 -0.14917593826262637 0.092095654370444605 0.035430163277305096 0.021005486782508079 0.027250823288115737 0.073295685745180333 -0.064190750581075359 -0.072780085332352085 0.052257616601490212 0.1247149022851155 -0.17752485717563893 0.022484776539984666 0.03681660911859555 0.042928080535108021 0.16360985123375588 0.0500513741704324 0.21002936766000879 -0.050389508450693996 0.14590631717241015 0.22748506048829614 0.092602841763609459 0.02008833725631275 -0.0248427547722238 0.080445494522258923 -0.027346848364146116 -0.010492391676577506 -0.06520797473675867 -0.18581329278464545 -0.0095932897327300082 0.080056746752047561 -0.063648108940372233 -0.020511664359008183 0.083468861674347944 -0.021229920664411189 -0.026972336908711942 -0.070715622377475862 0.046481027039128237 0.096053363451260532 -0.047363947871840333 -0.018425769558674733 0.0019089089205690233 0.029015853535582142 -0.055745025784930624 0.045422611369612405 0.1727415691215691 -0.036671271687590046 -0.041093633240685511 0.033051895777895191 -0.016837786446631475 -0.083069294626094317 0.061098684584897874 0.050587028613709388 0.062787419016618717 -0.066924698545941699 -0.11617183702801316 0.046375686318236936 0.11397116222140796 -0.0021994167385479854 0.026069069885698154 0.11710943654008535 -0.11239029963501507 -0.069578145753124057 0.023465234636128315 0.10946761456599328 -0.14109332142488415 -0.0035468619011206036 -0.050389508450693996 -0.052207035364272417 -0.10479423781103188 0.092602841763609459 -0.081824579632798461 -0.0062726862210394571 -0.033617303708380002 0.014559178276391728 0.01047210941034718 -0.0073751385987841644 -0.020511664359008183 0.083468861674347944 -0.021229920664411189 -0.026972336908711942 -0.070715622377475862 -0.12999612463147489 0.03630170172824624 -0.19904447635904213 -0.044574622220127084 0.066713559951309759 0.081630953250235283 -0.078848307176540344 -0.026481923010778188 -0.055745025784930624 0.045422611369612405 0.1727415691215691 -0.10940498656366138 -0.028195389581572073 -0.11737593781326233 1 2 1
0.42172806373123611 0.90401986106954846 0.0893844325520841 0.030497634305746479 -0.14518780750167579 -0.02517030548840675 0.034036792114711362 0.072717600593262363 0.10275275102624194 -0.046780506891755703 0.12323113379524672 -0.0043941599743268648 -0.11739676897365446 0.010908885561878769 0.12531601695222497 0.032923772444891169 -0.10519161394982084 -0.022171231047472848 0.068739855120037316 -0.076809903623383538 -0.064252943890527436 -0.088511143064638115 -0.089208900921802503 0.21320422116813431 0.232532682117157 0.092446857153271791 -0.090143126771518839 -0.0051920962234155467 -0.047403063595125486 -0.08917470774718636 0.011923060618270614 -0.14196500832763384 0.051210299191993422 0.067269517318406399 -0.019005020007322571 -0.20949369609338878 -0.011415643173709331 0.15828086090730703 0.076877701731854278 0.37757610026938854 -0.046340723247923321 -0.18257907974711873 0.14187395496422922 0.026897684378722586 0.038674300121349633 -0.15363242960114784 0.10905600139273272 -0.072631788349417872 0.18861890268779613 0.14465387024164866 -0.064252943890527436 0.64328220459677399 -0.090143126771518839 -0.0051920962234155467 -0.047403063595125486 -0.08917470774718636 0.011923060618270614 -0.18257907974711873 0.14187395496422922 0.026897684378722586 -0.099643770132254533 -0.072064223280907641 0.034741101332942323 -0.15133745910408469 -0.044334620114060974 0.02755982050048892 -0.01016092588370442 -0.031599775935732384 -0.01437456913513141 -0.088205951283407247 -0.12246521591896237 0.052670062502771689 -0.09163660931121588 -0.092701712068934433 -0.052265380097134252 0.0080902087007289278 0.068200529396182735 -0.042089642977407998 -0.028210445460917721 0.041002391101014564 -0.022394788435014197 -0.073735189768819681 -0.099864724574091346 -0.047835648258907529 -0.07725426868459305 0.10357926740965127 -0.08498471551630836 0.025170207160368149 -0.12334121083026732 0.040605926954421195 0.088133826084942107 0.099511882356225156 -0.00094117014244127781 -0.054370141732476611 0.057950679221410631 0.043037073693790139 0.041680506495650915 0.10496895212369922 0.0047472097762959308 -0.052574315086351485 -0.088511143064638115 0.74111386045378924 -0.14196500832763384 0.051210299191993422 0.067269517318406399 -0.019005020007322571 -0.20949369609338878 0.038674300121349633 -0.15363242960114784 0.10905600139273272 0.022178725094830307 0.011363048882994867 0.021996468043291813 -0.083640506866168446 -0.0040541104906058638 -0.131876984061398 -0.015680673783515977 -0.018062510343116286 -0.1165117129074333 -0.11632145385952478 0.052670062502771689 0.023141830676967106 0.010487621471103742 -0.052265380097134252 -0.21538100685749995 -0.036203893967258351 -0.073735189768819681 -0.099864724574091346 -0.047835648258907529 -0.07725426868459305 0.10357926740965127 -0.11089071008849588 -0.043328223432877955 0.17402004919733735 -0.053567765087666711 -0.19651006131252402 -0.054481171580661437 0.06574444063698219 -0.08634380212211526 -0.0070594161717991936 0.060870021470187045 0.057950679221410631 0.043037073693790139 0.041680506495650915 0.091981541784306647 -0.063770114683873932 -0.13734304537193584 0.037632106390541917 0.099045911950523119 -0.020915078713207684 -0.089208900921802503 0.41043859836910895 -0.011415643173709331 0.15828086090730703 0.076877701731854278 0.37757610026938854 -0.046340723247923321 -0.072631788349417872 0.18861890268779613 0.14465387024164866 0.10916591287386912 0.084875116139518578 -0.13635432744374956 -0.10342119940417363 -0.0047824876937364105 0.14402931261379051 0.031352505018189085 0.12077055408946742 -0.04250117432220394 0.067109178803010483 -0.09163660931121588 0.010487621471103742 0.14728473134561376 0.0080902087007289278 -0.036203893967258351 0.075093126671464505 -0.08498471551630836 0.025170207160368149 -0.12334121083026732 0.040605926954421195 0.088133826084942107 -0.054481171580661437 0.06574444063698219 -0.08634380212211526 -0.0070594161717991936 0.060870021470187045 -0.043813179634181354 0.050935493729765226 -0.26769811106686719 -0.019580288238301425 -0.040052039268757236 0.10496895212369922 0.0047472097762959308 -0.052574315086351485 0.037632106390541917 0.099045911950523119 -0.020915078713207684 -0.05454023477032062 0.063675295257456119 0.070716747653080766 1 2 1
0.30810359944300075 2.9480650185701012 0.11501928617342021 0.1655425366355982 0.056940385950550974 0.046125366540177445 0.019514782418344572 -0.047248427192059107 -0.15111921346805587 -0.18918071097939154 -0.0081215861091960342 -0.046346864347493751 0.017796997843688152 0.027736301927039776 -0.1643759581481333 -0.084076344974644793 0.0084847024514317932 0.15151445468637054 -0.22796055473803825 -0.022500484192314579 -0.13445731075678885 0.28453588329700996 -0.052464569376253045 0.035528686029884106 0.023157633151749152 -0.22895874671519004 0.0088807777841757845 0.0071348174143810372 -0.0020101165614540705 0.043701824879676679 0.062942995858237843 -0.10039933780102593 -0.22797588114237413 -0.14395628343650491 -0.20859930906635007 0.060599730124039936 -0.025202595677203687 0.31911969895748954 -0.039174789030979505 -0.17305691639270546 0.12620481369572184 -0.27456370400551411 0.0020829624469912941 0.024770091584341753 -0.17785964965138262 0.093017124781354127 -0.20529738609466613 -0.0035203469376321414 0.11323336056073036 0.061228629283364713 -0.13445731075678885 1.4018582747615307 0.0088807777841757845 0.0071348174143810372 -0.0020101165614540705 0.043701824879676679 0.062942995858237843 -0.27456370400551411 0.0020829624469912941 0.024770091584341753 -0.010299142346171075 -0.10180933589635817 0.20698661590826242 -0.08435762363515166 0.01117840756965046 0.043488451447032478 -0.093857069654628783 -0.11194532272752858 0.20392574506206793 0.015188249712009178 -0.05987640980421069 -0.050905094067769219 0.029152957567348585 -0.015405542480189747 0.1081893860516438 0.060430222456622405 0.0088991495037193686 0.084217482122953047 -0.1507020772342369 0.087723006172135937 0.049389784835732475 0.056630144541888965 -0.039209992877915704 0.083496525135574401 -0.11539400025153485 -0.033428265532709389 -0.01162232955356958 0.025921491298402662 0.0031566259338708033 0.090242646611114724 0.015325009949889709 0.11955694401514752 -0.12697649660998414 0.23927712604135329 -0.066981646780702161 0.11147089457002603 0.16201334026611375 -0.035175269209123616 -0.0094721715524359699 -0.035246789289491917 0.28453588329700996 -2.6473973442657242 -0.10039933780102593 -0.22797588114237413 -0.14395628343650491 -0.20859930906635007 0.060599730124039936 -0.17785964965138262 0.093017124781354127 -0.20529738609466613 -0.032635213464358243 0.033675690936753634 -0.031032647450656533 0.17760635046681658 -0.13727105430606146 0.071842727901561529 0.14754830078493844 -6.0552386278361354e-05 -0.098251239284841155 -0.01349575238060724 -0.050905094067769219 0.045027208231610522 0.047045531285442269 0.1081893860516438 0.13385240815637334 0.1001884660981141 0.056630144541888965 -0.039209992877915704 0.083496525135574401 -0.11539400025153485 -0.033428265532709389 0.12518641920429882 -0.16576477517683744 0.024673675301244521 0.1507638317500416 0.14979575043743934 -0.075996414904619281 0.047891216277052673 -0.058507491518257494 0.065849418642399321 0.067192238174706972 -0.066981646780702161 0.11147089457002603 0.16201334026611375 -0.16777908476515965 0.059732747525036281 -0.054454360695693621 -0.059162846455174112 -0.035167965184586057 -0.024927079119817744 -0.052464569376253045 -0.24111949732822863 -0.025202595677203687 0.31911969895748954 -0.039174789030979505 -0.17305691639270546 0.12620481369572184 -0.0035203469376321414 0.11323336056073036 0.061228629283364713 -0.22654050315528709 -0.052315184060837329 -0.10971965106292357 -0.11811104788560299 0.055064231838306381 -0.015115620780411699 0.09884260536186279 -0.020530650568189923 0.050176741112568285 0.024099482585316773 0.029152957567348585 0.047045531285442269 0.032241703971727174 0.060430222456622405 0.1001884660981141 -0.053037941433908053 -0.01162232955356958 0.025921491298402662 0.0031566259338708033 0.090242646611114724 0.015325009949889709 -0.075996414904619281 0.047891216277052673 -0.058507491518257494 0.065849418642399321 0.067192238174706972 0.022217066703785277 0.15855419648672889 -0.14653755541337618 -0.15405339853666367 0.15146983933550809 -0.035175269209123616 -0.0094721715524359699 -0.035246789289491917 -0.059162846455174112 -0.035167965184586057 -0.024927079119817744 -0.047185573222605533 -0.049882342353204427 -0.040049343900877651 1 2 1
0.52095804415679026 1.1708510837107746 0.171150342186214 -0.098608431069407365 0.23043218143399938 -0.14379406649527368 -0.091668846309824803 0.14570481510308531 0.025905454506167897 -0.18191905016896373 0.26862697803294255 -0.05014927091352693 -0.084642544812457102 -0.026585916953901171 0.073592724455050856 -0.043705873214218732 0.1391521712514924 0.13650695967491672 0.18614007425083637 -0.028624029740082508 -0.10891685891826106 -0.0069254853887082864 0.11130908708762803 0.059098798981432915 0.014496617745795937 -0.057710802796527155 -0.12201911987042978 0.13971589716548541 0.021210552635072214 -0.091915456703561424 0.038664117970714014 -0.039478432939367467 -0.19523941461235494 0.020840995748910712 0.087218192395302777 0.040964837196092369 0.17272717855996356 0.019755242281749009 -0.0064937700413075193 -0.094930626456793454 -0.036971695057078278 -0.1305424542282996 0.058014748756597123 -0.22816991542229964 0.090216412100887544 -0.012154506010157802 0.12046780217450288 -0.10860126998657359 -0.060899542615649706 -0.072684765240783294 -0.10891685891826106 0.35823272790099198 -0.12201911987042978 0.13971589716548541 0.021210552635072214 -0.091915456703561424 0.038664117970714014 -0.1305424542282996 0.058014748756597123 -0.22816991542229964 0.061906217331106919 0.023332486691461179 -0.13800317449505081 -0.089007716063875766 -0.25486786308522119 -0.0013103526327506753 0.1595879805044966 -0.10840629865476613 -0.0057774789682406812 -0.19191397243614897 0.05629647889148981 -0.062075309150879478 -0.14231707486507494 0.083946222775085996 -0.056174927252072772 0.033973247383538463 0.022835836238528959 0.035048679680209548 -0.015081946757255228 0.019892155291251094 -0.2371844637019912 -0.10764003066236144 -0.026711508821910826 -0.059641895504680562 -0.05758344614049124 0.031612634998737371 0.012578263221855127 0.036106692117594708 -0.021218921365597217 0.05650590970560429 -0.014154300316016128 -0.0047440487794259438 -0.034486985567617527 -0.02823349536041684 -0.036377599479065457 -0.10807024436304094 0.10414619026464178 0.0082738873751595082 0.016605637320228052 -0.067247290834071188 -0.0069254853887082864 0.043391843300887301 -0.039478432939367467 -0.19523941461235494 0.020840995748910712 0.087218192395302777 0.040964837196092369 0.090216412100887544 -0.012154506010157802 0.12046780217450288 0.055146499354438321 -0.10631359756598927 0.050444305376439791 -0.074568592456916993 0.18624382910122539 -0.026071996133564063 0.050612195797193338 0.020136072683474799 -0.089452144906009848 -0.023395898526112464 -0.062075309150879478 -0.086913029890656801 0.11045634906662556 -0.056174927252072772 0.05032343350398924 -0.090849378326615715 -0.10764003066236144 -0.026711508821910826 -0.059641895504680562 -0.05758344614049124 0.031612634998737371 -0.10209220531911903 0.085572934330436903 0.02201291353780287 0.077382050384036061 0.039900763971593145 0.051589617536716148 -0.027539144122176597 -0.10329202620343553 0.022336537774719487 0.030976861112994931 -0.036377599479065457 -0.10807024436304094 0.10414619026464178 0.027517044808753856 0.14209260720212041 -0.031437279223933308 -0.038994471680448645 0.093326978002498479 0.011521417095562989 0.11130908708762803 -0.36094493625544399 0.17272717855996356 0.019755242281749009 -0.0064937700413075193 -0.094930626456793454 -0.036971695057078278 -0.10860126998657359 -0.060899542615649706 -0.072684765240783294 -0.011347368962675242 0.1172393923766359 0.11913153152084827 -0.049777915485535326 -0.12585422321352724 -0.0021012315945895055 -0.060029331685100176 0.022132528609989439 0.045564602248267513 -0.05060172006921293 -0.14231707486507494 0.11045634906662556 -0.081078641094319615 0.033973247383538463 -0.090849378326615715 -0.059563790536307906 0.012578263221855127 0.036106692117594708 -0.021218921365597217 0.05650590970560429 -0.014154300316016128 0.051589617536716148 -0.027539144122176597 -0.10329202620343553 0.022336537774719487 0.030976861112994931 0.13359323480888893 0.081625267227062134 -0.043058447145494783 -0.14910855314037921 -0.050364689119178352 0.0082738873751595082 0.016605637320228052 -0.067247290834071188 -0.038994471680448645 0.093326978002498479 0.011521417095562989 -0.089429992391654556 0.078688925342359162 0.046858455437612412 1 2 1
0.52509248283990284 0.9135614707912757 -0.25053325133315202 -0.082478759878160918 -0.12259369538766678 -0.11506005082229601 0.05713353729500846 -0.039218425060349692 0.18232118578843223 -0.41197956445715972 -0.057897268584482513 -0.06238456569350067 -0.040655265036268276 0.34343038945740306 0.086582807040330181 -0.042889446316691629 0.010856116082868433 0.15157105712756314 0.14840003044854852 0.15410279704451052 -0.20666896396871426 -0.11571993112652115 -0.076750177354805618 -0.23772962588781343 -0.22802158384950746 -0.20074947524387657 0.16298193195199473 -0.054003573743153559 -0.099043403527000543 -0.019196678581572545 0.13006276092758073 -0.0084585037256486757 0.039731251911333594 0.14843085286326443 0.14322332590549877 0.09124364534537123 -0.13356630488637902 -0.17875897594302273 -0.056727182203708738 -0.18822976953126092 -0.065667448256046021 0.098243470332596283 0.080058132849108454 0.11853071755882887 0.18975175360647292 -0.22851652260366415 -0.18378242542896533 -0.031317878411418032 -0.14909816303597517 -0.22004344082999935 -0.20666896396871426 -0.093173726146375882 0.16298193195199473 -0.054003573743153559 -0.099043403527000543 -0.019196678581572545 0.13006276092758073 0.098243470332596283 0.080058132849108454 0.11853071755882887 0.11114851784832752 0.091260370647318623 0.24236938796591165 0.091441747402060791 0.034715478218810256 0.061138152727451538 -0.028565774267961343 -0.12117295019857049 -0.11157102542452385 -0.051548591943429173 0.03903969834088647 -0.11528688762709351 -0.038557838879549 -0.019116556620341198 -0.0078948920950619676 -0.018464284046407223 -0.040290799973268634 0.048736898400999859 -0.0078989371875226033 0.05756718612546971 -0.026672891260042093 0.15193659830554584 -0.06234422731954329 -0.062668371143551088 0.098727211103343579 -0.09131928839242287 0.11881460465519436 -0.1326215350131511 0.070607659373022783 0.15606190218927507 0.07921790588732551 0.016806966601786863 -0.32349338494745683 -0.19618963732365538 0.028028383884219507 0.013113240972689601 0.048370979619975364 -0.032359924108206428 0.020237575484113278 -0.18553224131028234 -0.11571993112652115 -0.23291956629854751 -0.0084585037256486757 0.039731251911333594 0.14843085286326443 0.14322332590549877 0.09124364534537123 0.18975175360647292 -0.22851652260366415 -0.18378242542896533 -0.018255604758928481 0.2223271935278712 0.070663719900773206 0.022619956447315522 0.071820698197915631 0.14089565928235268 -0.12662098298966307 6.1601237957910906e-08 0.037688702080020661 -0.080596524619294202 -0.11528688762709351 0.056386870738265885 -0.031858430079764972 -0.0078948920950619676 0.27847426174175011 0.036925964359664283 0.15193659830554584 -0.06234422731954329 -0.062668371143551088 0.098727211103343579 -0.09131928839242287 -0.073826068770908818 0.014723891226311271 -0.091171679816141743 -0.026221236811846772 0.048193075028468445 0.050955582711573084 0.092307899193963983 0.06180878926508887 0.10084451973687665 -0.03574859922436148 0.028028383884219507 0.013113240972689601 0.048370979619975364 -0.078650189801756171 -0.1819497190278806 0.0093796614760009375 0.064470583433227993 -0.015457085251472182 0.15835921106088069 -0.076750177354805618 -0.24878183292515038 -0.13356630488637902 -0.17875897594302273 -0.056727182203708738 -0.18822976953126092 -0.065667448256046021 -0.031317878411418032 -0.14909816303597517 -0.22004344082999935 -0.083408054021726796 0.082974341166749399 0.096326168983448757 0.09508360773238296 0.13204414685950774 0.042651698765430623 0.10399894267880523 -0.062374442975126843 -0.080594961800212278 -0.19296998083166872 -0.038557838879549 -0.031858430079764972 -0.21187153158767327 -0.018464284046407223 0.036925964359664283 -0.11207477177110195 0.11881460465519436 -0.1326215350131511 0.070607659373022783 0.15606190218927507 0.07921790588732551 0.050955582711573084 0.092307899193963983 0.06180878926508887 0.10084451973687665 -0.03574859922436148 -0.084968537270398881 0.020473698560613509 0.14261528773106344 0.0059060398108132213 -0.077336518791630532 -0.032359924108206428 0.020237575484113278 -0.18553224131028234 0.064470583433227993 -0.015457085251472182 0.15835921106088069 -0.05319005789465911 -0.047003159174407151 0.15996262298111597 1 2 1
0.28716060389605763 1.1674448304744613 -0.057908281288033138 -0.048937039328302762 -0.20501869011220711 0.020211719980953911 -0.051299680100083095 -0.35714579454636641 -0.026514425590799161 0.092211490213568614 -0.17440085253059523 -0.03201628888436104 0.041784945636758178 0.0075366058795698814 -0.11330355975274836 0.37200030862348565 -0.021938886362854338 -0.08006684961098734 -0.19509509552232002 0.094246830153827107 -0.098520569762207869 -0.048593591679029477 0.020716611150810256 -0.16679753188712657 0.10221951515214892 0.044445773588771685 0.22904054241804506 0.1656986605766903 -0.0062393080217183995 -0.090665082062132377 -0.094414034178405021 -0.00076975200426027883 -0.018964218731690182 -0.00013658129505373149 -0.0015767664475528731 0.030862372624668635 0.021225069083133298 0.32043026862290813 -0.045537240840805668 0.026484070029600626 -0.13627683608366919 -0.039968065581332514 -0.030333118398424321 0.029157468151147711 -0.13610720830447703 0.0060077119125290452 -0.18290494334646834 -0.039087890496829342 -0.11015454046220313 0.11117732280301949 -0.098520569762207869 -0.18031791729195945 0.22904054241804506 0.1656986605766903 -0.0062393080217183995 -0.090665082062132377 -0.094414034178405021 -0.039968065581332514 -0.030333118398424321 0.029157468151147711 -0.24957363252434472 -0.063127408241737334 0.02765372280710959 -0.064235514754488326 -0.044135714522843442 -0.13695604228157676 -0.027372103858331318 -0.058396569845608065 0.024175274700545996 0.027071515513394026 -0.006523758752644152 -0.091604596908134245 0.012235466014273923 -0.072855551026465917 0.098075689957759893 -0.003799719465702997 -0.079782317827345572 0.11881378063629532 -0.14699290115843328 0.08468654508303064 -0.011918289743870778 -0.034376220705011055 0.022448503351534418 0.13644887136702746 -0.015009186402916876 -0.039656216486724433 -0.11006354327971866 0.13353154714131554 0.058332566045823681 0.026073051218805769 -0.013535002325970689 0.021924041881748492 -0.084347165626861995 0.26110881195137597 0.082859695264170405 0.016074634591949168 0.024149247971748066 0.022884693583981007 -0.0062905724915551277 -0.07213930033086223 -0.048593591679029477 0.55352249018654776 -0.00076975200426027883 -0.018964218731690182 -0.00013658129505373149 -0.0015767664475528731 0.030862372624668635 -0.13610720830447703 0.0060077119125290452 -0.18290494334646834 -0.12737846199485786 0.029767063289595254 0.1520362704520839 0.0029567429840156251 0.050446786971191752 0.0017740976904374373 0.10074824674465661 -0.0029953078206053849 -0.093680427876726674 -0.053095850877339937 -0.091604596908134245 -0.015819403461817618 0.13512475030187365 0.098075689957759893 0.033648870502823024 -0.017937210157381533 -0.034376220705011055 0.022448503351534418 0.13644887136702746 -0.015009186402916876 -0.039656216486724433 0.27001300961378605 0.033777375313055392 0.020250080701549059 -0.032571523537210975 -0.026557354930065852 -0.055363366751990474 0.014922101776648759 0.10956916643698471 -0.061610847687828596 0.018705403696342202 0.082859695264170405 0.016074634591949168 0.024149247971748066 -0.017246588416969359 0.17631962509161414 0.015809298329889292 -0.045306628623951593 0.010868673610463422 0.0099513566709996878 0.020716611150810256 0.070553804111451859 0.021225069083133298 0.32043026862290813 -0.045537240840805668 0.026484070029600626 -0.13627683608366919 -0.039087890496829342 -0.11015454046220313 0.11117732280301949 -0.086064623686497477 -0.15014524118464767 -0.032876406899677531 0.01561520523895161 -0.14885949297303275 0.18227501497542309 -0.067471463532815912 0.09101155923963053 0.01387942733197378 0.10123980742699604 0.012235466014273923 0.13512475030187365 0.0047652528486582081 -0.003799719465702997 -0.017937210157381533 0.11512889257084767 -0.11006354327971866 0.13353154714131554 0.058332566045823681 0.026073051218805769 -0.013535002325970689 -0.055363366751990474 0.014922101776648759 0.10956916643698471 -0.061610847687828596 0.018705403696342202 -0.1472582115309484 0.00083393085114781811 0.013625880420104281 -0.00048155048597976795 -0.053634576306403683 0.022884693583981007 -0.0062905724915551277 -0.07213930033086223 -0.045306628623951593 0.010868673610463422 0.0099513566709996878 -0.043652259486257346 0.068509982604200145 0.013547133718891921 1 2 1
0.81368885169923066 0.46235416171367644 0.19453243162895223 -0.0058412295720581134 0.13116928450289728 -0.070497399153671814 -0.12909355202296502 -0.010818835144348398 0.049342113734864926 -0.071109525484461478 -0.099055533585023614 0.043134213010090947 -0.18336949088854537 -0.048981527984520726 0.0073713238625455983 -0.014256391329713453 -0.055989906486848519 0.27990195357226955 0.10112871338512053 -0.17576348278899459 0.15278438252068408 -0.00058306077437386705 -0.14872063752162021 -0.15577668474854553 -0.0030537161356326463 0.063159988944372969 -0.030464148449624012 -0.031170784172945065 0.20579548408749299 -0.018559482094320217 -0.048084016923754108 -0.017379040195157059 -0.073439163813440317 -0.020973411640098402 -0.07720249217797559 -0.26715544336704922 0.19163467850126917 -0.21763734408262117 -0.035802906777673199 -0.136494804071879 -0.0030236892616571863 0.1455060641173008 -0.033606230789990699 0.14266817837163279 0.20460000330405601 0.11728332872073226 0.19191431521421193 0.049963841231532559 -0.17839927768340991 -0.15997547268050064 0.15278438252068408 -0.2782601474494949 -0.030464148449624012 -0.031170784172945065 0.20579548408749299 -0.018559482094320217 -0.048084016923754108 0.1455060641173008 -0.033606230789990699 0.14266817837163279 0.024417318569562002 0.067303345521349131 -0.11077200965033887 -0.011608765670102657 -0.088881497952524868 -0.0094272023605141593 -0.035714811206092524 -0.074757135499621027 0.032703334819082275 0.032344816329323588 -0.14657912788123836 -0.010541083282505356 0.077211448134972535 0.02269954790702338 0.023984035105093574 0.030829533747698028 -0.0067565549171811276 0.068051975966861855 0.084590589701821067 -0.05318222352097135 0.064493787652748852 -0.014755437534421646 0.090469550633300228 -0.069396728680534731 -0.12262608410634931 -0.018339851919395623 -0.0063692331759719594 0.17002721717743177 -0.035497056338817515 -0.10856488848015937 -0.071425529092717308 0.072544724232422392 0.21161968830336716 -0.18160250064497019 0.049644290586946402 0.1526267220168426 -0.10979291013769735 -0.031070562826036659 0.020052199515543507 0.08030901808759644 -0.00058306077437386705 -0.0034216218573657055 -0.017379040195157059 -0.073439163813440317 -0.020973411640098402 -0.07720249217797559 -0.26715544336704922 0.20460000330405601 0.11728332872073226 0.19191431521421193 -0.13258698191943499 -0.068131984237176091 -0.067309581821404452 0.19364477330880242 0.27755311066763677 0.037309903845410296 -0.084542371078752954 -0.043790468650426323 0.040832972651027935 0.072090136338902835 -0.010541083282505356 -0.09379577840216749 0.058670741482172252 0.023984035105093574 0.0020055103591368867 -0.10850215317117359 -0.014755437534421646 0.090469550633300228 -0.069396728680534731 -0.12262608410634931 -0.018339851919395623 -0.14856888591922035 0.024405408618009987 0.08950363348519752 0.023764762005104422 0.058361792223536428 0.010639420119780195 -0.030237381558756465 0.030157202556805804 0.015077082894587122 -0.031303379169965131 0.049644290586946402 0.1526267220168426 -0.10979291013769735 -0.095524672017094289 0.1168015580053629 -0.01225971894939178 0.050631397225307087 -0.021651254370685505 0.058704947647531772 -0.14872063752162021 0.16212781379480945 0.19163467850126917 -0.21763734408262117 -0.035802906777673199 -0.136494804071879 -0.0030236892616571863 0.049963841231532559 -0.17839927768340991 -0.15997547268050064 -0.0033939040695251132 -0.070566480199731357 -0.14545044187848966 -0.12000464253028482 -0.24846033629922282 -0.044404403608753661 0.11967592050162497 0.16428478460067442 -0.014308357874644829 0.04358968467180932 0.077211448134972535 0.058670741482172252 0.036508691647750273 0.030829533747698028 -0.10850215317117359 -0.16593395585318127 -0.0063692331759719594 0.17002721717743177 -0.035497056338817515 -0.10856488848015937 -0.071425529092717308 0.010639420119780195 -0.030237381558756465 0.030157202556805804 0.015077082894587122 -0.031303379169965131 -0.19565237528472523 -0.018223759550425541 -0.22200700610154273 -0.11222550107301565 -0.15375447615156501 -0.031070562826036659 0.020052199515543507 0.08030901808759644 0.050631397225307087 -0.021651254370685505 0.058704947647531772 -0.1205056096045069 -0.040297574581006787 0.020285705708589157 1 2 1
0.34159938047920274 2.4012706872560843 -0.18458221171397007 0.036648847850015015 -0.089461486446040822 0.063564329320576457 -0.055795010936668499 -0.089073732836643604 0.06235160289067096 -0.07980036486228391 0.11904546326001182 0.19662696668972829 0.035156148316525034 -0.06890247042439808 0.13559141832447494 -0.071249495887208178 0.069087043015213428 -0.11736204773466662 -0.27520852784523797 -0.19843239017034361 0.077287141542034199 0.11914654185515598 -0.020446558642446128 -0.16445262375687297 -0.048357512801999576 -0.029667463854703497 0.17034411349776296 -0.030638797924112206 0.0032443467880913027 0.20281600653324736 0.05383190081918196 -0.22874171516088038 -0.02069948833694181 -0.21454242521274372 -0.25994514483439651 0.11632631324162805 0.11609105454656483 -0.01930521313468176 -0.19956780873421182 -0.29696327123600974 0.2174687464979202 0.0044524448204186886 0.12784026732320811 -0.19045884872856014 -0.028709275535662538 -0.13308228715582671 0.019129385088548216 0.037926256326780379 0.060754937682270971 -0.090277314439568407 0.077287141542034199 -1.0247090341689973 0.17034411349776296 -0.030638797924112206 0.0032443467880913027 0.20281600653324736 0.05383190081918196 0.0044524448204186886 0.12784026732320811 -0.19045884872856014 0.082190253383626163 -0.020904485840611709 0.028970233055679757 -0.055977180937834374 -0.14608395728978871 0.14556164129735319 -0.18530328019011599 -0.11219099938452858 -0.10572746689303417 -0.030271330579431384 -0.046479243432186297 -0.098113762587755116 -0.0092080714294109495 0.058126429679412485 -0.011679534512016782 0.11749499785454634 0.027170196785184893 0.13643190665761007 0.28398439272654546 -0.074308148608671007 -0.06322262725368788 0.065878510418833816 -0.017280032232314779 -0.080704555148687102 0.08293588015929268 -0.10195587458247701 0.061604174237606585 -0.0078492696715702602 -0.058500087458294103 -0.057302266226524123 0.067250397190601843 0.10561085716411103 0.066084975569492596 0.069684691440597774 0.10604607759667356 -0.085211177867328763 -0.21210701192705211 0.022262737186084201 -0.11010640488366194 -0.05486831231105338 0.11914654185515598 -0.9791019257046879 -0.22874171516088038 -0.02069948833694181 -0.21454242521274372 -0.25994514483439651 0.11632631324162805 -0.028709275535662538 -0.13308228715582671 0.019129385088548216 -0.20473398902217679 -0.1188494931909525 -0.049202498405250795 -0.010539111310044744 -0.21123625471649757 0.037874479368645741 -0.014184412282690691 -0.026050651132664235 0.18995706918068495 0.036022434982116186 -0.098113762587755116 0.12440844407037588 -0.021822644405545398 -0.011679534512016782 0.06573480121168998 0.12311585176631758 0.065878510418833816 -0.017280032232314779 -0.080704555148687102 0.08293588015929268 -0.10195587458247701 0.066186385345222962 0.11551250085318646 0.19588887567808988 0.067598824893373793 -0.061666827975983732 0.033556672264262316 -0.018969517954758493 -0.049254086295605376 -0.035539272494292354 -0.018537697283161729 0.10604607759667356 -0.085211177867328763 -0.21210701192705211 -0.018782753896365197 0.15143357737900165 0.081818930299449061 0.013538330572251542 0.12252919217480895 0.058415656135368185 -0.020446558642446128 0.056880249728227764 0.11609105454656483 -0.01930521313468176 -0.19956780873421182 -0.29696327123600974 0.2174687464979202 0.037926256326780379 0.060754937682270971 -0.090277314439568407 -0.13394452774816681 -0.028847181680694008 0.06937797280344056 0.15067915377378943 -0.11488048248579319 -0.093129415362657564 -0.12795647786573164 0.051135379432129514 -0.066791170087389495 0.030499176073588791 -0.0092080714294109495 -0.021822644405545398 0.090501048556814678 0.11749499785454634 0.12311585176631758 0.065331632897506722 0.061604174237606585 -0.0078492696715702602 -0.058500087458294103 -0.057302266226524123 0.067250397190601843 0.033556672264262316 -0.018969517954758493 -0.049254086295605376 -0.035539272494292354 -0.018537697283161729 0.057721081706496681 -0.081181557000802831 0.015889603126461337 0.13322322032582581 0.027777839514355331 0.022262737186084201 -0.11010640488366194 -0.05486831231105338 0.013538330572251542 0.12252919217480895 0.058415656135368185 0.059361224083181785 0.097305343144441697 -0.083451025819048091 1 2 1
0.69321748660930371 1.0009909323103239 -0.004497128894758699 0.06730568791720859 -0.20625441583861992 -0.042694665376754835 -0.1905546205828603 -0.095925767984805052 -0.023663669416074038 -0.028140857597783182 -0.03988906378164158 -0.13187310774438415 -0.051126366652680541 -0.090312613842401829 -0.09817717249413159 0.10360602894100489 0.080114962335242762 -0.20019039907793082 0.043487620420925285 -0.2875891898541213 -0.13573541479991058 0.21014246859258245 -0.0034465425950749727 -0.0015365293123052778 -0.086745071599368367 -0.14878846614105404 0.10258783840810835 0.1763838560465151 0.065233825694499439 -0.28532987360194345 -0.089383984312492601 0.050552428567036942 -0.030590695472431685 -0.040471567379600518 -0.23058740845860914 -0.011769303421653117 -0.16814041427239812 0.05723919743849052 -0.17893091272457728 -0.10804838119556451 0.056728129243505329 0.12021587287622156 0.11975715710445234 -0.043773026599806822 -0.12561707279026271 0.31108413183033928 -0.25682633202984034 0.14407192602721774 0.06148501566903259 -0.10704013745328474 -0.13573541479991058 0.19378246032546473 0.10258783840810835 0.1763838560465151 0.065233825694499439 -0.28532987360194345 -0.089383984312492601 0.12021587287622156 0.11975715710445234 -0.043773026599806822 0.038667764675584103 -0.036099927657502986 0.061075706940232767 0.038520208061127104 0.035197834371779299 -0.084902415804775741 -0.093445433308234446 -0.17963113718797924 -0.082653168931087498 0.027996841453190709 0.079177571652219628 0.015897127974914764 -0.0018021112738774818 0.039714993092508269 -0.099509518159533711 0.14630468754308368 0.057005265087893886 -0.17439077774636433 -0.027646556001051426 -0.064582337446654411 -0.02842085209513498 0.021707359935551715 0.065924551343889332 -0.10926829047201859 -0.10716516197306396 0.031089527803564387 -0.068486086403168681 -0.045824511540982361 -0.0036883823374676931 0.097920231562489385 0.089888534665774178 -0.073809873392413655 0.10780002179022197 -0.070559789511168911 -0.046821075592053639 0.057964455857467588 -0.030249512138088519 0.064942781705351671 -0.090309013474263969 0.042036129542045192 0.21014246859258245 -0.42857513391218471 0.050552428567036942 -0.030590695472431685 -0.040471567379600518 -0.23058740845860914 -0.011769303421653117 -0.12561707279026271 0.31108413183033928 -0.25682633202984034 0.0040674060494647864 0.063596424508610611 0.098688083850082486 -0.08220120999404848 0.12878020223083678 0.015552301090940411 0.044945200829123726 -0.21095534469541155 0.10892158537407114 0.023344633623824357 0.015897127974914764 0.086445064305760114 -0.02730106378512568 -0.099509518159533711 -0.16198384612554501 0.084876915724949459 0.021707359935551715 0.065924551343889332 -0.10926829047201859 -0.10716516197306396 0.031089527803564387 0.08659340493799085 -0.0051889876253023923 0.0070003531396519774 0.10577048028233534 -0.018830619808476015 -0.062967411235630558 -0.057774537524724522 -0.094271957391022843 0.063465386756233533 -0.038780442589264622 -0.046821075592053639 0.057964455857467588 -0.030249512138088519 -0.10480627530464069 0.088269981357820312 -0.14806352858111541 0.049134790458050401 -0.070412381271761332 0.10502658023395559 -0.0034465425950749727 -0.20965787947221134 -0.16814041427239812 0.05723919743849052 -0.17893091272457728 -0.10804838119556451 0.056728129243505329 0.14407192602721774 0.06148501566903259 -0.10704013745328474 0.012462958850328719 0.082964239822315836 -0.023817031847625535 0.015908077208000488 0.14753077292625166 0.011050392147661535 -0.044952634219566454 0.11317680135574011 0.047811145996960236 -0.12169822114451208 -0.0018021112738774818 -0.02730106378512568 0.027188917983330826 0.14630468754308368 0.084876915724949459 -0.049321862102149928 -0.068486086403168681 -0.045824511540982361 -0.0036883823374676931 0.097920231562489385 0.089888534665774178 -0.062967411235630558 -0.057774537524724522 -0.094271957391022843 0.063465386756233533 -0.038780442589264622 0.00579408324217906 -0.11251226716840584 0.070200029883537421 0.046429588322375308 -0.0050611706299704459 0.064942781705351671 -0.090309013474263969 0.042036129542045192 0.049134790458050401 -0.070412381271761332 0.10502658023395559 0.15484585450028965 0.10435552941676676 0.0062855953945068418 1 2 1
1.0609383403274342 0.85495704506510284 -0.07342444815249817 0.072844835099021094 0.066996587078739137 -0.067740187555585391 -0.15497184953921725 0.01993931305076594 0.058201295460541369 0.22124106859545575 0.088549286402014579 -0.022226063978067572 -0.170941012421197 -0.028873255933988186 0.10423725075899395 0.089416609166615466 -0.027553476199379447 -0.10179351428313142 0.064071033136736205 -0.0221705159670679 -0.078711156724134687 0.036195633961722748 -0.17167983080530422 0.20108725960000415 0.13359317012770436 0.049445777811459458 -0.16228928409703644 0.075547599805468282 0.036583961387324879 0.045764579786311717 -0.12406273249884209 -0.093145059934603189 0.020116675374164405 0.070516085637698331 -0.13578638234516888 0.062216687799265188 -0.013564667283141669 0.012598964345916413 -0.10834321280403235 0.24549386372796486 0.25457175149916622 -0.14550154424807471 -0.060292978145048061 -0.013130586780283875 0.13895224706284137 0.12157191301339235 -0.024781573554744928 0.050920230053646043 0.2851661793563724 -0.18665000938905529 -0.078711156724134687 0.25296655551508923 -0.16228928409703644 0.075547599805468282 0.036583961387324879 0.045764579786311717 -0.12406273249884209 -0.14550154424807471 -0.060292978145048061 -0.013130586780283875 0.0043288224711648428 0.04288525627457071 0.021668445079926685 -0.049235777627574341 -0.009901832021642791 0.0059562351810486785 0.036919103880170105 0.029064752761424385 0.051550031173859284 -0.032381085143092646 0.031295787568685576 0.020259896152508294 -0.028799457552158122 0.05169676635340157 0.00010670334315801121 -0.016241848034485439 0.13680438265985564 -0.12733972233382704 -0.13897821050321307 0.035902629106775517 0.039996783722829964 0.060192209664677324 0.0049507229856798826 -0.063295808110906293 0.10479087057537183 0.051621428840943367 0.011033856642007189 -0.046592087498704277 -0.082801724174585506 0.0096003448162430248 0.04832358581971357 -0.073932880660018074 0.03146821379154071 0.080905523019442788 0.045766836686258874 -0.039472968006732126 0.08680218525288394 -0.0055409619937585638 0.061389236894775885 -0.0013347592889739086 0.036195633961722748 0.096751577325268512 -0.093145059934603189 0.020116675374164405 0.070516085637698331 -0.13578638234516888 0.062216687799265188 0.13895224706284137 0.12157191301339235 -0.024781573554744928 0.012360292246773577 -0.031165480352540638 -0.10734103266729594 0.06048641072818816 -0.11693459421104464 0.055583953910452025 -0.075946174283012327 0.096107601287517039 -0.050123796762341147 -0.11697742583728055 0.020259896152508294 0.14488163621379938 -0.012125783799306259 0.00010670334315801121 0.02258434393832881 -0.076554940727737969 0.060192209664677324 0.0049507229856798826 -0.063295808110906293 0.10479087057537183 0.051621428840943367 -0.04160794474199847 0.19245483336801136 -0.015311748558933302 -0.12558810442652624 -0.059840717174138414 -0.0019191099579360937 0.034882345210166678 0.012607478551283271 5.2666933936794044e-05 -0.03220942767384518 0.045766836686258874 -0.039472968006732126 0.08680218525288394 -0.23572894289231208 -0.11728823482868722 -0.16606200452824907 -0.030471746702483267 0.052050889214265351 -0.042306826321962782 -0.17167983080530422 0.18495387638972396 -0.013564667283141669 0.012598964345916413 -0.10834321280403235 0.24549386372796486 0.25457175149916622 0.050920230053646043 0.2851661793563724 -0.18665000938905529 0.064597441326450469 -0.17010495482253957 -0.070121418708155733 -0.17752799714194523 0.018385426316946871 -0.080284461286514716 -0.11279742479733422 -0.1071704493358111 0.060074521016393136 -0.11077980216866193 -0.028799457552158122 -0.012125783799306259 0.0055043544471237073 -0.016241848034485439 -0.076554940727737969 0.079186515724583614 0.011033856642007189 -0.046592087498704277 -0.082801724174585506 0.0096003448162430248 0.04832358581971357 -0.0019191099579360937 0.034882345210166678 0.012607478551283271 5.2666933936794044e-05 -0.03220942767384518 0.064588103689883214 -0.083811997642369351 0.10295044386920726 -0.053610551718990644 0.044125768691373489 -0.0055409619937585638 0.061389236894775885 -0.0013347592889739086 -0.030471746702483267 0.052050889214265351 -0.042306826321962782 0.049320260974730031 0.030405068245622925 -0.030458106123459918 1 2 1
1.1977487808476899 0.33276504349126262 0.18450263316266377 0.010357509551876903 0.020115724383176169 -0.1272413968689281 -0.065948624375473844 -0.21136058023884244 -0.067172330806817296 0.12717617210401375 -0.079907764659496505 0.15798763965881873 0.22100438875019274 0.075455397246146957 -0.17468346692870068 -0.091065465794305481 -0.1483040322113463 -0.13108139935572727 -0.099001726300301532 -0.16072349614767492 -0.075363487168479695 -0.26614301920626049 0.17723973490327513 -0.3320034188321454 0.017097668612440102 0.15886837400080939 -0.078992339876064632 -0.11795016076631268 0.014360066481389506 -0.042433199097430985 0.24047522930452433 -0.15548645102194653 0.054396853836611858 0.15595715399590787 0.095411240852725385 0.080580026285121828 0.17060623850091228 -0.11496955921167037 0.053405238028348026 -0.32631239071496987 -0.014152124450656554 0.035667917097597701 0.00024661467164800727 0.099123343426536836 -0.091622189427179701 0.21398291197576735 -0.050021924461870253 0.11067467387919468 -0.23190010989921028 -0.12339963450366882 -0.075363487168479695 -0.25625163611492147 -0.078992339876064632 -0.11795016076631268 0.014360066481389506 -0.042433199097430985 0.24047522930452433 0.035667917097597701 0.00024661467164800727 0.099123343426536836 -0.22444042852607315 0.2705222504992873 0.1281828004743398 0.078623899687204554 0.17322740392529767 -0.042746186833045131 0.017571100481590603 -0.17825159703635182 0.017100739705126863 -0.033970853019105712 -0.032904536618617371 -0.04991609258552443 0.0097631597037129165 0.080370189002117731 -0.05479426166160737 0.018944689602264822 0.019238479096597493 0.015241749381084527 0.066125882771078975 -0.09295599076274369 -0.053209192884369094 -0.10321310395259514 -0.014771247680888437 -0.025016608387745852 0.1009361576860911 0.019855458466473366 0.087169027113171982 0.082473478899234523 0.089057393388364547 -0.086909711025133313 -0.081374943779404366 0.16702864691338087 0.061134482473226615 0.10056564506951321 -0.047803685649164943 0.026352676406541646 -0.025261756366696114 0.022429664183374817 -0.042054207866649956 -0.01931474675177083 -0.26614301920626049 0.088216129845465091 -0.15548645102194653 0.054396853836611858 0.15595715399590787 0.095411240852725385 0.080580026285121828 -0.091622189427179701 0.21398291197576735 -0.050021924461870253 -0.14340783996937775 0.15101114266075111 -0.09362056936619402 -0.038827480222901167 0.04566299010978897 -0.024937966903861408 0.0041718850660743458 -0.064893505028277884 -0.090350272419505884 0.14645264119611964 -0.04991609258552443 0.10282467166053876 -0.016004586099260962 -0.05479426166160737 -0.049146176086671982 -0.069105784337286022 -0.10321310395259514 -0.014771247680888437 -0.025016608387745852 0.1009361576860911 0.019855458466473366 0.10772455632039953 0.0069910979264477847 0.1487408549728291 0.094906042584215727 0.067415836737254098 -0.10754586151489685 -0.0057766156478365818 0.010824187248265702 0.11549951591057589 -0.038814067361542845 -0.047803685649164943 0.026352676406541646 -0.025261756366696114 -0.019321051181162386 0.0039590747607100626 -0.010799593384606093 -0.026060409484989753 0.094533276625327262 0.021215023329280616 0.17723973490327513 0.083397443190587936 0.17060623850091228 -0.11496955921167037 0.053405238028348026 -0.32631239071496987 -0.014152124450656554 0.11067467387919468 -0.23190010989921028 -0.12339963450366882 0.065363562969427483 0.05242313197467429 -0.10046689667526137 0.091320563499342852 -0.22586534271859326 0.12507431538320166 -0.16317934093999265 0.047612478618437599 0.099651671492573313 -0.051596681883897967 0.0097631597037129165 -0.016004586099260962 -0.069313600097366479 0.018944689602264822 -0.069105784337286022 0.025699724500121174 0.087169027113171982 0.082473478899234523 0.089057393388364547 -0.086909711025133313 -0.081374943779404366 -0.10754586151489685 -0.0057766156478365818 0.010824187248265702 0.11549951591057589 -0.038814067361542845 -0.097545687241399351 -0.044512716695549383 0.046052704647002278 0.099705670793847762 -0.037682460515309962 0.022429664183374817 -0.042054207866649956 -0.01931474675177083 -0.026060409484989753 0.094533276625327262 0.021215023329280616 0.11795354189928192 -0.031117634799671796 0.05036533916700825 1 2 1
0.94619595400735501 0.76096672443474089 -0.0086518340063913152 -0.064461616685832668 0.03560748357667487 0.041619435036089315 -0.064297213681399415 0.087193042538581969 0.062706984255975234 0.01957452272533226 -0.17696903301590533 0.071710212398507167 -0.0087421832073883432 0.18969377906211765 0.065250706541949796 -0.1179113975250233 -0.16766560902812047 0.014896367880512344 0.029890033938961013 0.065053628659968138 0.071026160310011535 0.026995843045983278 0.3296266553971432 -0.041667984702712019 0.075808177222163167 0.040528911654160116 -0.14624907667267634 -0.010718698495608915 0.0089164176990583852 0.0026886194478452329 -0.20524375918769641 0.11008758142286262 0.0052420271778354718 -0.0097399371117855849 0.079629710482051919 -0.18474757120825777 0.087076774964440759 0.0049736108202335363 -0.13749724334752339 0.092317371737271198 -0.087536586172186334 -0.00030389768438547865 0.057548636161367822 0.10505505597764801 -0.22939986187376007 0.081664335136986649 0.16230094379442783 -0.11290497984038335 -0.052565152830491735 -0.027204615048450238 0.071026160310011535 -0.10115930939845709 -0.14624907667267634 -0.010718698495608915 0.0089164176990583852 0.0026886194478452329 -0.20524375918769641 -0.00030389768438547865 0.057548636161367822 0.10505505597764801 -0.18845582924094051 -0.13847115322089634 -0.062663727624150664 -0.12073655604150889 -0.094502104197191877 0.035633912229274312 0.0058653004803965753 0.064927150181288876 0.019150842390338374 0.1404202128546069 0.19701937001020473 -0.02569393292498514 0.044511207522661835 0.029992374537693087 0.013567618640092653 0.03380876778115334 -0.01507084127148719 0.1091895230475038 0.012596199409947835 0.14182717388788466 0.012372921946183394 0.0098940850140797135 0.026670695640010372 -0.0064118944171179578 0.037513666418117542 -0.18189608450399883 0.090331363670948656 0.014497140051292684 0.049434377116015962 -0.015021151008011952 0.027379190344650028 -0.13054993168867507 -0.10568732113962892 -0.016854321778535356 -0.046062966882643407 0.072479740456796449 0.025092258102395626 -0.0049064351395273287 -0.0066784096937849936 0.06039922244370273 0.026995843045983278 0.058407815772246796 0.11008758142286262 0.0052420271778354718 -0.0097399371117855849 0.079629710482051919 -0.18474757120825777 -0.22939986187376007 0.081664335136986649 0.16230094379442783 0.13486206177943777 -0.033087339410880844 -0.047095257713763966 -0.14542766371630308 -0.008087845412579401 0.16169066075711355 -0.041698698572575743 0.13385845655933512 -0.1476194106759024 0.011068095717755322 -0.02569393292498514 0.16543032544006747 -0.07718293881947097 0.013567618640092653 0.076413187625570284 0.07758158039761362 0.0098940850140797135 0.026670695640010372 -0.0064118944171179578 0.037513666418117542 -0.18189608450399883 -0.10192366886692572 -0.088274149573322414 0.17964391930851201 0.18203094734695269 0.074610067459117579 0.031039429132408196 -0.070121956142773112 -0.087850013532162402 -0.12646732373015052 0.035584424089688288 -0.046062966882643407 0.072479740456796449 0.025092258102395626 0.046350512061963223 -0.078404985948030637 -0.041183976419113477 0.032513367533170731 0.043658131137151807 -0.017674020753905062 0.3296266553971432 -0.22226474727469431 0.087076774964440759 0.0049736108202335363 -0.13749724334752339 0.092317371737271198 -0.087536586172186334 -0.11290497984038335 -0.052565152830491735 -0.027204615048450238 -0.072985938174765841 0.07812803847086934 0.015611524808714262 0.099477076995578007 0.05881834191978455 0.050866638388841291 -0.11378926005056955 -0.029292048454815891 -0.11103278079889406 -0.14895459390528504 0.044511207522661835 -0.07718293881947097 -0.071906482289220905 0.03380876778115334 0.07758158039761362 -0.039558066310156459 0.090331363670948656 0.014497140051292684 0.049434377116015962 -0.015021151008011952 0.027379190344650028 0.031039429132408196 -0.070121956142773112 -0.087850013532162402 -0.12646732373015052 0.035584424089688288 0.056689819267691934 -0.042123553866356939 0.21163946315414639 -0.097665027404817736 0.24939576837659283 -0.0049064351395273287 -0.0066784096937849936 0.06039922244370273 0.032513367533170731 0.043658131137151807 -0.017674020753905062 0.13907340759250228 0.13072876147783563 -0.086498603815129776 1 2 1
0.3998437235586782 0.74925209982783991 0.11380825402025566 -0.043398010385310423 0.1195977976473007 -0.030303435419826396 0.047898870903614985 -0.12949234272970589 0.25067025884614896 -0.022019860186000211 0.11417136742854231 -0.33073084899124372 0.19999803479189665 -0.33285260932307087 0.12566211778961889 0.050342321306527549 0.0090795263998941621 0.17432480714220772 0.063145074709609061 -0.20712742441440565 0.13104545320754227 -0.09927787463458182 -0.010894603961407063 0.080585043063268746 0.074978976948436277 0.06050290946346009 -0.010008684717480308 -0.15553853726925698 0.1012368017825552 -0.27493284573463078 0.079451179349112139 0.16716630607149019 -0.20175508075665249 0.10745694515039778 0.043787111535646045 0.0020415090693850393 -0.23416315709550919 -0.21058996575250466 0.022790813398640277 0.043168086219875779 -0.13011600977825116 0.040530779037270127 -0.085785910807439927 -0.093992707561590852 -0.06904292836999916 -0.24600895679841481 -0.03138555172924383 0.12125719465367296 -0.033260855878692507 -0.13092598845785877 0.13104545320754227 -0.044019792954909882 -0.010008684717480308 -0.15553853726925698 0.1012368017825552 -0.27493284573463078 0.079451179349112139 0.040530779037270127 -0.085785910807439927 -0.093992707561590852 0.18388072446897669 0.12063618211845409 -0.021549390106278991 0.036191109415623528 0.24734935589613652 0.038587810428776001 -0.1596892922143098 0.020883592635674863 0.073495310682983733 0.13673964626345991 -0.064868845320583179 -0.025585054629298998 0.0042970005317264203 0.16666335777025995 -0.11626345105235883 0.032197153275563842 0.12136863511649197 0.090689263401159265 0.012191008094112832 0.081953878079268239 -0.13718170622482687 0.038338083546682382 0.0041405382976228214 0.11246504201398032 0.050082808760804967 0.04047562449077844 0.06706339094486144 -0.05746274360455178 -0.026631964258382282 0.034902050731166027 -0.060544018183439817 -0.0064961989585999372 -0.026352425262734083 0.08631810231812323 -0.056635465272972835 0.031536150882332671 0.003365375317725898 -0.08863290624573808 0.0040296926473716056 0.10286898474626936 -0.09927787463458182 0.3735537765992275 0.16716630607149019 -0.20175508075665249 0.10745694515039778 0.043787111535646045 0.0020415090693850393 -0.06904292836999916 -0.24600895679841481 -0.03138555172924383 0.14484394577046125 0.1727508707873556 0.08370428911400718 0.009200922861410334 0.1105296245449775 0.076559714390639952 -0.10124247593720626 -0.06343202715092236 0.074550175906890184 0.066560944604805619 -0.025585054629298998 -0.033018469671596024 -0.046314124475029507 -0.11626345105235883 -0.02247925453651177 -0.015783134996833259 0.038338083546682382 0.0041405382976228214 0.11246504201398032 0.050082808760804967 0.04047562449077844 0.08011171145495953 0.15150141462708838 -0.070362780078258275 0.087185265084537417 0.046895418938099953 0.065077727321305595 -0.013989934204798868 0.028676818712027562 0.092513784636104754 0.021878062115490308 -0.056635465272972835 0.031536150882332671 0.003365375317725898 0.23365765770335348 -0.11040663951518054 -0.026640537882330874 0.0052250829482634389 -0.1146615130750995 -0.021028070481902198 -0.010894603961407063 0.17173137981809572 -0.23416315709550919 -0.21058996575250466 0.022790813398640277 0.043168086219875779 -0.13011600977825116 0.12125719465367296 -0.033260855878692507 -0.13092598845785877 0.067801927790103605 -0.15412052623070815 0.088948789669871436 -0.083950244108431479 0.11029897597003119 0.092378390705727897 0.0056355133334890515 0.11553423052487731 0.054729411718144452 0.06769803297162473 0.0042970005317264203 -0.046314124475029507 0.042812696283420507 0.032197153275563842 -0.015783134996833259 0.013646516337739082 0.06706339094486144 -0.05746274360455178 -0.026631964258382282 0.034902050731166027 -0.060544018183439817 0.065077727321305595 -0.013989934204798868 0.028676818712027562 0.092513784636104754 0.021878062115490308 -0.10397945969783005 0.14032631434798118 -0.029233348028775297 -0.10021083705413697 -0.10420674800916836 -0.08863290624573808 0.0040296926473716056 0.10286898474626936 0.0052250829482634389 -0.1146615130750995 -0.021028070481902198 -0.097636811490587422 -0.0092256032303511589 0.041572901835023074 1 2 1
0.37076120885146108 2.4517446099567461 0.33667040449649854 -0.056035048717119319 0.087168981280285759 -0.067740417012799828 0.013745310538903825 -0.085740863822224525 -0.035333487872101541 0.01743519787010844 0.0074541066902358774 -0.13891663679578281 0.12274436827762171 0.11171374264696793 0.041077245904787028 -0.20612777281663777 0.092515401265936908 0.19012294610412639 -0.23464379092228604 0.012837520147372921 0.34515843292181436 0.256197569788775 0.0026778799119716286 -0.01183315771712908 -0.065669855006183789 0.18984440091206728 0.035979819741754834 0.081748921005244016 0.048037264087039525 -0.24501951471588404 0.090359406778619408 -0.0035502966109638738 0.26649933870684134 -0.041240238413690275 -0.072594084276038626 0.20343042397481745 -0.11426595432009187 0.24940540120758878 -0.063095027091948239 0.32268735652600772 -0.0070197204499211682 0.052727034272302714 0.066400359117414515 0.0062916338403667792 -0.27162015182009402 -0.092618340705069788 0.078380873602361206 0.086814378687024504 -0.13188274340435815 0.0077339195113235093 0.34515843292181436 -2.314356153580448 0.035979819741754834 0.081748921005244016 0.048037264087039525 -0.24501951471588404 0.090359406778619408 0.052727034272302714 0.066400359117414515 0.0062916338403667792 0.0020051591425217538 -0.065947763203876672 0.002838589663931709 -0.043405525081581298 -0.039920835153510484 0.04371985637671677 0.11903590203632373 -0.13407555391688178 0.055789343351778889 -0.13405394189004299 -0.079890808481026698 0.014579842525543635 -0.0066257664721217566 0.11950256185163638 0.051168323265141175 0.025090084437922294 0.036790952846149402 -0.059759438875722451 -0.052258590622785074 -0.027050038537431015 0.047322760242598169 0.023158187478677379 -0.022746426883115491 0.064985549133286816 0.0083125445469190568 -0.012934913877734787 0.02341082549164036 0.035438314882326676 -0.003649282045734341 -0.024212682953573393 -0.041460743125567009 0.12608793931379306 0.14094098727406262 0.022776368848160571 0.010567148034460426 -0.011523759974290015 -0.01839087141029102 0.0299719964419373 0.14578878967786424 -0.031426652225475735 0.256197569788775 -1.8712876354273331 -0.0035502966109638738 0.26649933870684134 -0.041240238413690275 -0.072594084276038626 0.20343042397481745 -0.27162015182009402 -0.092618340705069788 0.078380873602361206 0.006296661300393293 -0.12301517695152085 0.32275653698497997 -0.17735519494632418 -0.095054826346901669 -0.10091647537771031 0.027924492797243003 -0.058310665088843909 0.12561124671371202 -0.12718196878149374 0.014579842525543635 -0.07949281287764573 0.00055654778445233914 0.051168323265141175 0.086588908691983185 -0.0078636986289164091 0.023158187478677379 -0.022746426883115491 0.064985549133286816 0.0083125445469190568 -0.012934913877734787 0.0040564328719993664 0.1494895960908296 -0.059201099061309451 0.040630841026568006 0.10313362700400402 0.036058828162683028 0.020128334750867567 -0.068324368482673217 -0.021852877349442159 -0.06973619261794789 0.010567148034460426 -0.011523759974290015 -0.01839087141029102 0.014613995709947392 0.052192045869796228 0.0080591233094666429 0.090964930127526794 -0.0470470561058218 0.14201950061912808 0.0026778799119716286 0.49433144270820101 -0.11426595432009187 0.24940540120758878 -0.063095027091948239 0.32268735652600772 -0.0070197204499211682 0.086814378687024504 -0.13188274340435815 0.0077339195113235093 -0.1101917951801146 0.13129585218936832 0.2545377911613867 -0.015425575510999455 -0.19385090023232621 0.088339290067612555 -0.15871202354084943 0.035109692315116688 0.019868206999354699 0.061149000201752506 -0.0066257664721217566 0.00055654778445233914 -0.027827696813682051 0.025090084437922294 -0.0078636986289164091 -0.13216865979699305 0.02341082549164036 0.035438314882326676 -0.003649282045734341 -0.024212682953573393 -0.041460743125567009 0.036058828162683028 0.020128334750867567 -0.068324368482673217 -0.021852877349442159 -0.06973619261794789 -0.058225330178624891 0.14576266455203865 0.2159269528161909 0.23166355059002008 0.1654024203690776 0.0299719964419373 0.14578878967786424 -0.031426652225475735 0.090964930127526794 -0.0470470561058218 0.14201950061912808 -0.026241298298531612 -0.074398092415861053 0.15501133680795481 1 2 1
0.24163162948256317 1.8407175225817911 -0.0084448709558444992 0.090793529299604436 -0.19397153076445317 -0.018324979991346611 0.15588333643836352 0.13164844876327986 0.095898265855415471 0.12037310364678301 0.063342905680471046 0.0070659593780281523 0.0090121794095862004 -0.1452363851136815 -0.041115044500163817 0.033930300874808604 -0.076029089007025666 -0.049410006641878487 -0.073823734662990761 -0.18595576237198264 0.081808241414155339 0.17782981736407366 0.062306396135155241 -0.094951437368483174 0.079852063487318173 0.16139083266756993 0.16391153178589216 0.1569940851435046 0.10391317365160499 0.061141662547348125 -0.097635905377300727 0.13176974523518561 -0.1332035994805712 0.10687518375078819 -0.026600641592016198 -0.10425905805606193 0.025440740090934163 -0.11989999153655602 -0.12420512797991341 0.079049587563916821 0.12100957958954527 -0.02071781899925855 0.1190401207606072 0.017645768642686764 0.19207356969794795 -0.028110220886515474 -0.27090167021000189 0.087441935581014554 -0.30789401338257683 0.0054067332892264886 0.081808241414155339 -1.0161637421264793 0.16391153178589216 0.1569940851435046 0.10391317365160499 0.061141662547348125 -0.097635905377300727 -0.02071781899925855 0.1190401207606072 0.017645768642686764 0.18620565338221862 -0.15812410234338825 -0.099817697758376164 -0.016408765390574911 -0.036109733576963163 -0.0013320808972541753 0.085015440906905645 0.04028672146577808 0.060536566528850394 -0.046706538072765175 -0.068300809405298743 -0.05739636751145244 -0.10546181292613299 -0.0040072276590947002 0.0016941318707161118 0.1020305151617229 0.24930060407639548 -0.034757879313373236 0.018828600869143078 -0.11193099723569551 -0.20277785518458621 0.024893595681539881 -0.016071360218215879 -0.043907383145293806 0.047047199862767071 0.044371084358896515 -0.0057172623144789159 -0.071590405173170502 -0.08804334905315811 0.014543801895415284 -0.11914589096094805 -0.024109804413807084 0.073027245083095771 0.18498196182756421 -0.0065056730506219025 -0.078667919059475663 0.015770485456564648 0.030158397397672947 0.075324438871397698 -0.045749312988124811 0.17782981736407366 -1.0242135845469309 0.13176974523518561 -0.1332035994805712 0.10687518375078819 -0.026600641592016198 -0.10425905805606193 0.19207356969794795 -0.028110220886515474 -0.27090167021000189 -0.12260653216547863 -0.068524159733801104 0.087169825946768531 0.16274911939172876 0.17015095153170862 -0.12408996690010375 0.050725771614986787 0.10932517682676877 -0.026404906708875978 -0.074204149383107723 -0.05739636751145244 0.0040824442404318135 0.10320960843029059 0.0016941318707161118 0.039314587202735424 -0.22552188946381418 0.024893595681539881 -0.016071360218215879 -0.043907383145293806 0.047047199862767071 0.044371084358896515 -0.043944856936538094 -0.093426172657757087 -0.064794227535924537 0.088445112910051429 0.048404942643073323 0.067859778007643826 0.006346622875772423 -0.032550649690115625 -0.042312166376236582 0.04851055029364669 -0.0065056730506219025 -0.078667919059475663 0.015770485456564648 0.0039025699535633822 0.034940108236082339 -0.1260566872605812 0.039295054349691605 -0.077776876721471849 -0.096024322056960543 0.062306396135155241 0.193279156510582 0.025440740090934163 -0.11989999153655602 -0.12420512797991341 0.079049587563916821 0.12100957958954527 0.087441935581014554 -0.30789401338257683 0.0054067332892264886 -0.0029459667297920991 0.11439308822981659 0.11830978677982129 0.047121378082979531 0.11723837967415358 -0.084546790940945193 -0.059834184923832683 0.036772981559822865 0.012411691973128337 0.029949528477775478 -0.10546181292613299 0.10320960843029059 -0.045715603734221705 0.1020305151617229 -0.22552188946381418 -0.13525518115256668 -0.0057172623144789159 -0.071590405173170502 -0.08804334905315811 0.014543801895415284 -0.11914589096094805 0.067859778007643826 0.006346622875772423 -0.032550649690115625 -0.042312166376236582 0.04851055029364669 -0.036143202424532755 0.0029009965583576625 -0.072560670386741244 -0.1070277835498582 0.090957835965291875 0.030158397397672947 0.075324438871397698 -0.045749312988124811 0.039295054349691605 -0.077776876721471849 -0.096024322056960543 0.056984578245096312 -0.16136513700532198 -0.25343959312290887 1 2 1
0.25660012359598344 1.6773961438127842 0.17592917736633129 -0.20116530053443313 0.040260078157066982 0.017124823746339918 0.2855157040810315 -0.18021167150579809 0.18599385552068848 0.24365983481247366 0.37698018280385404 -0.033884841269214962 -0.072130064342216527 0.24249075814936569 -0.036583549095265094 0.10871988599954886 0.084964513638948844 0.2568118025981907 -0.052126329861116379 -0.087604641716420975 -0.037334580390793709 -0.068137896224156211 -0.015601189493220542 0.057469524894770377 -0.00014343194147934743 -0.055370538400685586 0.014255974831797188 -0.053587378769935114 -0.012118163573488883 0.146306960123395 -0.083672111020269085 -0.12187777547251365 -0.058699289463552948 0.21424250884334414 -0.050906350718540674 -0.060827745713252515 -0.010896383743330063 -0.032108034773035414 0.077699228652419905 -0.16620163167418933 0.11330875233214133 -0.24357917895860021 -0.054620441475788116 0.14273932085479471 -0.10428517881450358 0.060717448628693764 -0.056106085051411368 0.22453476533624162 -0.056677828815601503 -0.056825112774121514 -0.037334580390793709 0.46802162208715309 0.014255974831797188 -0.053587378769935114 -0.012118163573488883 0.146306960123395 -0.083672111020269085 -0.24357917895860021 -0.054620441475788116 0.14273932085479471 0.18721527428080131 0.11357776033185372 0.12911483313778324 0.093242586899745072 -0.082333138183792454 0.068627628186151327 0.084220711512627916 -0.019434004385093715 0.059055602702386016 0.02028780158847715 -0.055516449420379491 -0.02083077636015214 -0.085846638313084728 -0.1423448094672741 0.012808897419186413 -0.03416802563727047 0.024354936754570098 -0.1457101479615994 0.10012968353135894 0.063530976898974759 0.25336455752719894 -0.0076599027049753243 -0.024233699260623597 0.048968599173109008 0.068770897173270076 0.1097258239190243 -0.038898345301206935 -0.055490184080394842 -0.075053683222188361 -0.084684313051217 0.062679572832869984 -0.087453851434308741 -0.10350810070802541 0.11082393929112022 0.030896535675170263 0.034764037069438668 0.1529485401860512 -0.083642391003693251 0.029641311891041938 -0.03974763310856122 -0.068137896224156211 0.4448587585724092 -0.12187777547251365 -0.058699289463552948 0.21424250884334414 -0.050906350718540674 -0.060827745713252515 -0.10428517881450358 0.060717448628693764 -0.056106085051411368 0.082633791135878168 0.059514270429353727 -0.011529778313872995 -0.21808156896262348 -0.18871289746713357 0.23421552540677776 -0.1321574105274313 0.0014151500477020396 0.058206039039833873 -0.14827475330068404 -0.02083077636015214 0.030206151554205359 0.099561265359500453 0.012808897419186413 0.056980580425397775 -0.029901308609795035 -0.0076599027049753243 -0.024233699260623597 0.048968599173109008 0.068770897173270076 0.1097258239190243 0.03811312066783587 0.017306272968699219 0.085084992642527113 0.053539680316023158 0.020684601660547551 0.019083769164599387 -0.037151212909647381 -0.063372556633821228 -0.077187221818574209 -0.030019002919418739 0.030896535675170263 0.034764037069438668 0.1529485401860512 0.13047139917458864 0.10010404293085783 -0.079369594463952267 0.063722546479384495 0.004746676215051919 0.11026238806648075 -0.015601189493220542 -0.11380026983869312 -0.010896383743330063 -0.032108034773035414 0.077699228652419905 -0.16620163167418933 0.11330875233214133 0.22453476533624162 -0.056677828815601503 -0.056825112774121514 0.17876021884330784 -0.051902096861506888 -0.20816301167833318 0.11828620877657854 0.010975517812062578 -0.064553872553708147 0.084012070925095023 0.1005725488286307 -0.058152189514781197 -0.077338558546495628 -0.085846638313084728 0.099561265359500453 0.054634661466456874 -0.03416802563727047 -0.029901308609795035 0.16779619629145429 -0.038898345301206935 -0.055490184080394842 -0.075053683222188361 -0.084684313051217 0.062679572832869984 0.019083769164599387 -0.037151212909647381 -0.063372556633821228 -0.077187221818574209 -0.030019002919418739 -0.0087307008280095143 0.052633061542137372 0.040648602488876709 -0.070950335524799402 0.11504181284474718 -0.083642391003693251 0.029641311891041938 -0.03974763310856122 0.063722546479384495 0.004746676215051919 0.11026238806648075 -0.13465741743507978 -0.076182779191209304 -0.12726785852373521 1 2 1
0.32481218397651107 1.8821685947118239 0.16185156854788788 -0.013337923973880405 -0.10989268847327094 0.095462343932818619 -0.12395908203867122 -0.066718526397209446 -0.039492352996620898 0.082080334206243291 0.30221820981563929 0.15963235610703458 -0.092648183677696463 0.086792240236913745 0.15652113340676177 -0.0097642349457199868 -0.0607959228260345 0.090703368545213839 0.094572740325281249 0.073404953266887146 -0.034638637081936097 -0.062203926999636651 0.17280476446409115 0.13591974861711156 0.090711939143851159 -0.18268444522251723 -0.13848539247114905 -0.17285479952786115 0.091307583105298129 -0.1075577763350444 -0.20667217091951401 -0.13642824310268739 -0.1919653271853338 -0.11686668861149592 0.26906019515236751 -0.07230232013934848 0.0054030706317068971 0.05831449765707146 0.16790140396050507 -0.068792745334701713 0.079610496767890879 -0.13915443285984747 0.032299474643631532 0.027614661216859432 0.12480017081713941 0.17652563895407128 -0.26234623039651217 0.051326996153516172 -0.071509217316913176 0.11177935714111779 -0.034638637081936097 0.61917475211119499 -0.13848539247114905 -0.17285479952786115 0.091307583105298129 -0.1075577763350444 -0.20667217091951401 -0.13915443285984747 0.032299474643631532 0.027614661216859432 0.020975940067417289 0.041545894725482903 0.16655115328563702 0.21277039039490864 0.12250624817833858 -0.048117011235703146 -0.11456245316155984 0.10222926791645121 0.019850851045433007 -0.019308274174501223 -0.033998049613691038 -0.033229626711042168 0.0019708888986582616 0.10278969571132027 0.04164826553384629 -0.11660685648179146 -0.021475561680505212 -0.10025073512244048 -0.018949204956055662 -0.012005350907017176 -0.051944527073799387 0.020389852105516307 0.054380267939932558 0.047837230384868937 -0.037437184868770942 0.025531976549842891 -0.076235880160433506 -0.023097409109536095 -0.090975848603258275 0.032150590426704546 -0.11151835970773889 0.085958702228563721 0.10901248271247299 0.16652158834152994 0.11523386368279898 0.093668516941225466 0.066878378169637626 0.034692994564033894 -0.072331940285625562 0.056135417045415588 -0.062203926999636651 0.63972420759111848 -0.13642824310268739 -0.1919653271853338 -0.11686668861149592 0.26906019515236751 -0.07230232013934848 0.12480017081713941 0.17652563895407128 -0.26234623039651217 0.070776841657236564 0.21305700446578357 -0.029221822636746692 0.10116807298134521 -0.0075805063659791566 0.065463274863070742 0.11811574436353954 -0.0085834762322749801 -0.085470841435464295 -0.16243541520156501 -0.033229626711042168 0.047438297860176754 0.06300401189312782 0.04164826553384629 0.097521815866682238 0.013609763134874671 0.020389852105516307 0.054380267939932558 0.047837230384868937 -0.037437184868770942 0.025531976549842891 0.069558206540286882 -0.059368794878105438 -0.18390207057622404 -0.10761931513428319 0.052742911415951527 0.0076314851420046757 -0.032659495980260883 0.021412289664333756 -0.13241185186261362 -0.073640842432539266 0.11523386368279898 0.093668516941225466 0.066878378169637626 0.068319880480569944 -0.21559436134290555 -0.093400953421989147 0.0023115255065142663 -0.079578441134152328 0.11512687460821339 0.17280476446409115 -1.5637718379127512 0.0054030706317068971 0.05831449765707146 0.16790140396050507 -0.068792745334701713 0.079610496767890879 0.051326996153516172 -0.071509217316913176 0.11177935714111779 -0.018961888233624487 -0.015072046276041435 -0.13771892307528982 0.10685384646205272 -0.059519970434033877 0.056620677884677 0.066852062042928442 -0.015716036020120908 -0.16897427518025715 -0.053939784735619625 0.0019708888986582616 0.06300401189312782 -0.020149113800236474 -0.11660685648179146 0.013609763134874671 0.16676249618955308 -0.076235880160433506 -0.023097409109536095 -0.090975848603258275 0.032150590426704546 -0.11151835970773889 0.0076314851420046757 -0.032659495980260883 0.021412289664333756 -0.13241185186261362 -0.073640842432539266 0.041281027506277296 -0.071573509984363196 -0.0032605807987017726 -0.10302909208487598 -0.010627114329886013 0.034692994564033894 -0.072331940285625562 0.056135417045415588 0.0023115255065142663 -0.079578441134152328 0.11512687460821339 -0.038900618852448547 0.061785898046686674 -0.0033113447288079505 1 2 1
0.28883401824161609 2.8054850185330436 -0.12767617473405457 0.13852584174727134 -0.17861965480830247 -0.23574896494393269 -0.21188324777815629 -0.093614225407441062 -0.0035061529945461254 -0.071704778718754331 0.22842056574159258 0.051371048725016702 -0.064039489221608459 -0.20487500616501539 0.12319051040140623 0.037902925857590558 0.028028788907652421 0.078941521382401222 -0.037178398326028879 0.15377908292994952 -0.005073683000492539 -0.18051087132526916 -0.27684619967527507 0.18375290497118293 -0.10773384191867598 -0.11870401092355476 -0.17974290264825504 -0.019494540865657307 0.040763795604596524 -0.20953113953689553 -0.026684772886210593 -0.12568518211205795 0.14177244082421561 0.073756459579851968 0.087368099224096996 -0.19569254978057349 -0.079842659942365224 -0.077759925575068209 0.1084773061508618 -0.079156425087263699 0.14771069418514421 0.0033290475621415121 0.24289792746159736 0.085158354255600185 0.085572948394258927 0.10854164318895163 0.02130327707754957 0.009377002971184786 -0.22910987152074036 0.11114092811535234 -0.005073683000492539 0.68546997276556931 -0.17974290264825504 -0.019494540865657307 0.040763795604596524 -0.20953113953689553 -0.026684772886210593 0.0033290475621415121 0.24289792746159736 0.085158354255600185 0.00015433572085426177 -0.070669993739904152 -0.20955091046147656 0.10919368658398464 0.067088230571745122 -0.20787588119539799 0.057744590053904393 -0.081295954304741791 -0.1048661082707463 0.0063965298340851271 -0.052791775147393527 -0.060629448646535106 0.040275798327927478 0.0038802229057834925 -0.0031535329154114989 0.13388954515627224 -0.10417025142801693 -0.018817226945944506 -0.10924243905027625 -0.23562011833144811 -0.075417571890942336 0.012917930960946764 0.10498634977088667 0.086433133926310204 -0.059106704450765754 -0.037810503501937619 0.10867126421470349 0.020882751198371186 0.017585338627225312 0.013695399149625191 0.054529681675817163 -0.027582439934598375 0.023798015801592253 0.095274760099629097 0.0017117821101798117 0.11027356189714238 -0.03244530228037093 -0.091741176009666026 -0.058346761563279559 -0.16116171208640409 -0.18051087132526916 1.3803315332932922 -0.12568518211205795 0.14177244082421561 0.073756459579851968 0.087368099224096996 -0.19569254978057349 0.085572948394258927 0.10854164318895163 0.02130327707754957 0.11458003717968857 0.15107181944448345 -0.11167702943022995 0.1811128063696201 -0.028067755026658966 -0.17020223266535889 0.10333309949932411 0.020495834832702134 -0.053859199809718816 0.07623341599980904 -0.060629448646535106 0.15509546341808841 0.07558532243837722 -0.0031535329154114989 -0.064271393515070926 0.030667133742723292 0.012917930960946764 0.10498634977088667 0.086433133926310204 -0.059106704450765754 -0.037810503501937619 -0.18599932032021979 -0.20127667316800896 -0.088190639136240742 0.12996198975499584 0.11862837580074877 -0.1112754561327591 0.001537514639294163 0.010742328462861793 -0.10291636115190757 0.016940033806656631 0.0017117821101798117 0.11027356189714238 -0.03244530228037093 -0.073406826958790222 0.056505961050147657 0.055284962981276456 -0.035532141242072622 -0.051137629809345504 0.01139582602999145 -0.27684619967527507 2.2780691094108554 -0.079842659942365224 -0.077759925575068209 0.1084773061508618 -0.079156425087263699 0.14771069418514421 0.009377002971184786 -0.22910987152074036 0.11114092811535234 -0.17191568807283364 0.097215013011815704 -0.056631658366873873 -0.041645476066279857 -0.0011447564564027613 0.1047491520217691 -0.042951775822552912 0.27661457508121701 -0.017532740012394188 -0.084323123199405325 0.040275798327927478 0.07558532243837722 -0.0059211409428770474 0.13388954515627224 0.030667133742723292 -0.05506162379648899 0.10867126421470349 0.020882751198371186 0.017585338627225312 0.013695399149625191 0.054529681675817163 -0.1112754561327591 0.001537514639294163 0.010742328462861793 -0.10291636115190757 0.016940033806656631 -0.14364684307946887 -0.053211130846550707 0.15069639914610014 -0.025052556172967668 0.040791091231322282 -0.091741176009666026 -0.058346761563279559 -0.16116171208640409 -0.035532141242072622 -0.051137629809345504 0.01139582602999145 0.025660749471402566 0.022104642445120493 -0.14202237243045876 1 2 1
0.69359977892289781 0.72373671326738742 -0.047122724795040836 -0.071712188897804549 -0.16921057441066531 -0.097468679525229973 0.11452538045743371 -0.23179058275557532 0.0098416721792535713 0.018171790545339815 0.2040046888883025 0.19151899469447453 0.12349611286005556 0.015949676344359925 0.0015694825421805969 0.079422967210281026 0.032173098395294093 0.070619596207545404 -0.090629235494887356 -0.31258157604132836 -0.087384775408403309 -0.033388358944658102 -0.056677488442565038 -0.18337533903403852 -0.036656483737137181 -0.015501057020430378 -0.041231603455524013 -0.11249677809218823 0.036171024429113741 -0.093695633935472825 0.1016444281207967 -0.0019967059689883862 0.0040015751465569127 0.047517470829174707 0.054949968768285416 0.10601414934432307 -0.017549729826292458 0.15373574018582906 -0.059366326451382859 0.071580736193508313 -0.048031339325922497 -0.027474360227557639 -0.33513511510053179 0.10056982321209358 -0.19331397864486041 0.046496174640717383 -0.037518598305881383 -0.012261750693447903 0.066866188469114962 -0.1294801499208269 -0.087384775408403309 -0.17320041404411407 -0.041231603455524013 -0.11249677809218823 0.036171024429113741 -0.093695633935472825 0.1016444281207967 -0.027474360227557639 -0.33513511510053179 0.10056982321209358 -0.099720018661261747 0.042330321919915342 0.010681537365732784 0.025824332249440946 -0.097785799383107982 -0.0065652253987437473 0.00086434454500653336 -0.032043964656466382 0.1880127085926307 -0.25039481514425083 -0.0082698698929900248 -0.033136434072343887 0.034382461981630114 -0.041327889400324419 0.19495163749201935 0.12042657908156794 -0.027918462926844984 -0.25973034747257273 0.072416383406255058 -0.15828941889650142 0.11775673398745264 0.065847891125000252 0.10759690202270542 0.02441138359012281 0.0059850083004157929 0.0487139163750369 0.11750973221292237 -0.018266512277297434 -0.10449276633439347 -0.0012046602720382424 -0.0098410231314889421 0.079511479630828691 -0.074893242997991147 0.061169792241239598 -0.072644324888770651 -0.039141750885498303 0.040638577335545017 0.037490129176594514 -0.082061061504453831 -0.012169035403976342 -0.033388358944658102 -0.018010534248637935 -0.0019967059689883862 0.0040015751465569127 0.047517470829174707 0.054949968768285416 0.10601414934432307 -0.19331397864486041 0.046496174640717383 -0.037518598305881383 0.1749549443042808 -0.064378781082486111 0.0064389321369047823 0.10568326564004969 0.030024502589951818 -0.16536302067932304 0.019089840998980829 0.02258083903413511 -0.18685930143038135 -0.21229137892666439 -0.033136434072343887 0.080234382892217848 -0.16807467775197588 0.19495163749201935 -0.012906715501165825 -0.0037440338190530935 0.065847891125000252 0.10759690202270542 0.02441138359012281 0.0059850083004157929 0.0487139163750369 -0.1232968133219588 -0.084071003469820618 -0.0052243328778618925 0.089479875497961658 -0.045012777226482691 -0.042685933180760388 -0.057721230846387327 -0.015122364054472721 0.017475157074185069 -0.021302041426425992 -0.072644324888770651 -0.039141750885498303 0.040638577335545017 -0.12246029216274124 0.041156177216378022 0.020000424416244639 0.027481614877593825 0.0027522220667183482 0.0045289602985505648 -0.056677488442565038 0.036791422022755114 -0.017549729826292458 0.15373574018582906 -0.059366326451382859 0.071580736193508313 -0.048031339325922497 -0.012261750693447903 0.066866188469114962 -0.1294801499208269 0.018423501448145009 0.12350026766894051 -0.067782882181453744 0.069295106941848025 0.0848424841522082 0.1459137887772099 -0.13150761259520627 0.17464391023761333 0.14474617909754739 0.085817755457539474 0.034382461981630114 -0.16807467775197588 -0.060041619759659839 0.12042657908156794 -0.0037440338190530935 -0.070112470380484043 0.11750973221292237 -0.018266512277297434 -0.10449276633439347 -0.0012046602720382424 -0.0098410231314889421 -0.042685933180760388 -0.057721230846387327 -0.015122364054472721 0.017475157074185069 -0.021302041426425992 0.080535207852972135 0.072889745089118871 0.049164355714768376 -0.14638046139819991 0.13437036986560599 0.037490129176594514 -0.082061061504453831 -0.012169035403976342 0.027481614877593825 0.0027522220667183482 0.0045289602985505648 -0.059182485385573247 0.07675128787651922 -0.014316583792142224 1 2 1
1.1840344489762473 0.5802847906105586 0.026279854192713597 -0.035646760116625993 0.047644768929780285 -0.07399665751238417 0.18714142067648026 -0.17828746162645123 -0.13573437007863121 -0.028513730023628121 -0.036546322933208072 -0.079042859963567885 0.023931856326315375 0.020052970597618888 -0.11959368408946291 -0.25134884561421256 -0.15455549317877657 0.090713723439843935 0.42702624271272088 0.070410462398269591 -0.06157755968345309 0.072531772145141185 -0.070130690234211771 0.065426671021142191 -0.22214008526230453 0.20085339565896401 -0.10052558508766675 0.045593814118720787 0.099132816207656946 0.14742788042881791 0.22450263274995766 -0.13824931231613669 -0.1459555049602661 -0.095469612867695702 -0.15620133472706865 0.032627271216174397 0.097098783830999222 0.015396655871169755 -0.060154684046746051 -0.0035161584433788598 0.04413751501282779 0.0028228455240520748 -0.1146117702146168 0.27033481507220819 0.0026106904284570807 -0.016085240826176024 -0.098917142219486956 0.16852800962120298 -0.016047793696546513 0.12669124041752389 -0.06157755968345309 0.08543602125413606 -0.10052558508766675 0.045593814118720787 0.099132816207656946 0.14742788042881791 0.22450263274995766 0.0028228455240520748 -0.1146117702146168 0.27033481507220819 -0.019038357611454646 -0.17931003460594519 -0.12995250634090191 0.11888298594390517 0.018836183541316966 -0.016241698864712269 0.066625232959814276 -0.062779272892781166 0.16772315091286008 0.018306670525554524 0.12534648259891135 0.01890334785739119 0.019557417736208171 -0.011651141428556021 0.057602920656420767 -0.11422668949382683 -0.015660149506878097 0.057033978556178401 -0.052514656999216161 -0.041198952925838611 0.098936877826521011 -0.042466687170702878 -0.087695162834487389 -0.091471346162303693 0.00096805479716894662 0.0025156213505450886 -0.044428882640182771 0.054665468715459319 0.028232632849530936 0.075529200513835937 -0.10001735539242673 -0.086464353927010851 0.092628136242589004 -0.19373322752091507 0.076787946143619557 0.047293981324522977 -0.0061430131715978636 -0.010626880895424564 0.10192316799428609 -0.11792890943770765 0.072531772145141185 -0.22316003533733433 -0.13824931231613669 -0.1459555049602661 -0.095469612867695702 -0.15620133472706865 0.032627271216174397 0.0026106904284570807 -0.016085240826176024 -0.098917142219486956 0.10065848561141036 0.0055767778178832392 -0.095087398804282491 -0.014445183381990721 0.001955820475644732 -0.14262651472207721 0.14908340958143404 -0.014743709787891647 -0.028240927446850913 0.036912572940148082 0.01890334785739119 0.024332468920739179 0.13378085577070958 0.057602920656420767 0.020312668326468372 -0.059349631516495513 -0.042466687170702878 -0.087695162834487389 -0.091471346162303693 0.00096805479716894662 0.0025156213505450886 -0.1344135733949289 -0.092967065426181772 0.058418225665375946 0.16179183320595092 0.0031775756816250266 0.027556867476508439 0.014282313111185354 0.0077225376697728776 -0.11106419439280163 0.099291327965256693 0.076787946143619557 0.047293981324522977 -0.0061430131715978636 0.12732313699948106 -0.12187399823130461 -0.036847344979675373 0.038502495801719341 -0.10636259811326385 0.079802049340777573 -0.070130690234211771 0.20400518647556951 0.097098783830999222 0.015396655871169755 -0.060154684046746051 -0.0035161584433788598 0.04413751501282779 0.16852800962120298 -0.016047793696546513 0.12669124041752389 0.1435052557754968 -0.062611725064548582 -0.096738426476757566 0.26081059848443094 -0.11714875429216712 -0.11862832239959512 0.10489654372884992 -0.055469524838432011 0.016358458454292048 -0.042573648592372171 0.019557417736208171 0.13378085577070958 0.087452340871645565 -0.11422668949382683 -0.059349631516495513 0.041463101268411573 -0.044428882640182771 0.054665468715459319 0.028232632849530936 0.075529200513835937 -0.10001735539242673 0.027556867476508439 0.014282313111185354 0.0077225376697728776 -0.11106419439280163 0.099291327965256693 -0.18290042539376697 0.052956064731881448 -0.20169438803945236 0.032207231846839719 -0.075175492172822864 -0.010626880895424564 0.10192316799428609 -0.11792890943770765 0.038502495801719341 -0.10636259811326385 0.079802049340777573 0.024556664360219339 -0.028539410332603141 -0.010336361467213499 1 2 1
1.0896727865941822 0.26403394953452547 -0.036531423105723798 -0.0031920971358456326 0.018020821882403112 0.067162301531804053 0.14096210069389298 -0.089055389880748306 -0.23710504274378211 0.16997113391189522 -0.033914811983719768 0.0052335961310702155 -0.14769655767520928 -0.058882482850641862 0.043328875794730284 -0.1623734217642071 0.20201356503251153 -0.029168023674770182 0.026680840356552424 -0.0049235301537244695 -0.028850332516820273 -0.033973854160288683 0.17938851250586868 -0.039094150054532581 -0.066323762797118227 0.08724564331126948 0.065042241193806347 0.084406529834764141 0.057662016472026283 -0.097468308460352551 0.0926891587449169 -0.22261074204341455 -0.098531961677915739 0.096298345025479931 -0.14202787837240391 -0.24127395447241085 -0.043986050612810537 -0.14674279485251002 0.029614347612107354 0.026403860742668272 -0.16554958682748372 -0.021815913812474733 0.064271649027017402 -0.247031792872629 -0.094487197758793509 -0.033732599162871607 0.13200792451105425 0.12477516153203774 0.0159341083815429 0.01826714124553841 -0.028850332516820273 -0.028886362219904437 0.065042241193806347 0.084406529834764141 0.057662016472026283 -0.097468308460352551 0.0926891587449169 -0.021815913812474733 0.064271649027017402 -0.247031792872629 -0.03312089322436048 -0.30070405282658969 -0.08362711800838335 0.10229170992635667 -0.0010633036550903292 -0.095892116096664801 0.039298381037787988 0.060521072475042376 0.06191053740770508 0.017915305606700144 0.096455352656047433 0.052662174815506023 -6.159368237688978e-05 -0.042600314654194282 -0.014360669415967961 0.094893995528531574 0.116576551232893 -0.015709737845890744 0.077721636001237035 0.077672050006488219 -0.0034548356329734036 0.023443544636692088 0.034064435428505874 0.18326039331155503 -0.038536448663522724 0.06801020141726527 -0.16190112874564602 -0.1399096086740603 -0.021330783168927121 0.05805709096729747 0.035350872554721073 0.13768797258456686 0.24663516474291161 -0.084760156879040274 0.10128364834938786 0.0075977081007131443 -0.024800783640338539 -0.081846379194600236 0.020534070926793831 0.081380763364732628 -0.033973854160288683 -0.052633701243038317 -0.22261074204341455 -0.098531961677915739 0.096298345025479931 -0.14202787837240391 -0.24127395447241085 -0.094487197758793509 -0.033732599162871607 0.13200792451105425 -0.039807622025277531 0.0097595946537296641 0.061197437286820547 0.0012904387036382866 -0.090381000977283465 0.13819672850568981 -0.064608237774297333 -0.020990539802881417 0.12826471616132001 -0.029195883480456486 0.052662174815506023 -0.10005675975252143 0.027706318311699622 -0.014360669415967961 -0.061859908443268975 0.056655564761988755 0.023443544636692088 0.034064435428505874 0.18326039331155503 -0.038536448663522724 0.06801020141726527 -0.13271409334412612 0.16526634139022575 -0.10301994534958779 -0.16526461983978802 0.085275828086260996 0.0024731116575414051 -0.06462013966156066 0.03667419170934267 0.04570611383795592 -0.030174717618279934 0.10128364834938786 0.0075977081007131443 -0.024800783640338539 0.003437847426184137 0.088987957989555694 0.062734169975175808 0.028473111198387455 -0.11824885840734667 0.12934210016520548 0.17938851250586868 0.03659904729553818 -0.043986050612810537 -0.14674279485251002 0.029614347612107354 0.026403860742668272 -0.16554958682748372 0.12477516153203774 0.0159341083815429 0.01826714124553841 0.10193780165453872 -0.043465051351356296 -0.12584377870002789 -0.078517044349310727 0.11007329024762741 -0.094683642688202674 0.13705893744039266 -0.15607885224602777 0.10322578526969564 -0.17670341513905735 -6.159368237688978e-05 0.027706318311699622 -0.019447837414267262 0.094893995528531574 0.056655564761988755 0.058893654919818843 -0.16190112874564602 -0.1399096086740603 -0.021330783168927121 0.05805709096729747 0.035350872554721073 0.0024731116575414051 -0.06462013966156066 0.03667419170934267 0.04570611383795592 -0.030174717618279934 0.077835955832556467 0.14627972233340789 0.0057935540077260579 0.10720902268169077 0.068178951201264201 -0.081846379194600236 0.020534070926793831 0.081380763364732628 0.028473111198387455 -0.11824885840734667 0.12934210016520548 0.050925315807716545 0.010137276724290767 0.23111598450105597 1 2 1
0.4489969566135627 0.72638354135621386 -0.0091569257368867302 0.099901569509110902 -0.0054794292209460471 0.018792136268689402 0.094081854150008123 0.13768261333023274 -0.063137279384165398 -0.12712810611198758 0.063370348212607189 -0.16394961565348773 0.28201393660167795 -0.04686604939525589 0.068919457412241786 0.0079006361984482274 0.11524048308185446 0.031174374350522647 -0.17697152585829798 -0.043927664997522708 0.0255302541977485 -0.070634571609247701 -0.22373833627647341 -0.1853002040501005 -0.021701107412471676 -0.0021489532382111443 0.10673066775149705 0.15505408793665623 -0.028190082441442922 -0.11730504411476689 -0.20264527479337888 -0.13084906104530528 -0.020849687575741942 0.050836014707786974 -0.0027171503016396319 -0.19128014261618359 0.091909794311941601 0.1066416443109971 -0.051479708983867188 0.059634882936746507 -0.080303559775777689 -0.041749999723845084 -0.112782028933989 0.29077003332317397 -0.2193600092576421 -0.13435973986285921 -0.052523186724723087 -0.2941086141551118 0.12633963584661076 0.11375039769558101 0.0255302541977485 -0.4540007621508852 0.10673066775149705 0.15505408793665623 -0.028190082441442922 -0.11730504411476689 -0.20264527479337888 -0.041749999723845084 -0.112782028933989 0.29077003332317397 -0.010342730045126022 -0.01521604542626271 -0.14837869509155119 0.0018800134352896913 0.10748615876981056 0.062431722306725092 0.082508301215054314 -0.050929978030926595 -0.072121084236281163 -0.0056053040508050947 0.091691861447722095 -0.13687941997598432 -0.093989157572376553 -0.13495810226179172 0.13652169703311198 -0.0053090525587519309 -0.0090293126245687104 -0.03561906301748894 -0.055871062592285241 -0.055605232451571097 0.082360693828593567 0.086501108359847922 0.017421459901744183 0.04151541179214837 0.047773331674484415 -0.069320462483228318 -0.13944695613431779 -0.087191575897478349 -0.06041200790922336 -0.076435042708823536 -0.094420494491485707 0.17555473316963957 0.095050654456797001 -0.13553640825418883 0.094385389605867481 -0.074314801413641551 -0.10060420130868533 0.046751561035639128 0.093885657370030615 0.025374651323414817 -0.070634571609247701 0.065939606982045262 -0.13084906104530528 -0.020849687575741942 0.050836014707786974 -0.0027171503016396319 -0.19128014261618359 -0.2193600092576421 -0.13435973986285921 -0.052523186724723087 0.17975699528628283 -0.032149805761984562 -0.18778943497477987 0.029492962837310316 0.042592989905815198 -0.10610202302430774 0.10030946213480532 -0.036016114092298816 -0.13487942649907803 0.15402091656915037 -0.13687941997598432 0.13550534572219555 -0.024455975770675174 0.13652169703311198 0.090670437100039289 -0.10585314067902463 0.086501108359847922 0.017421459901744183 0.04151541179214837 0.047773331674484415 -0.069320462483228318 0.080563159620523017 -0.049881856603722761 0.006743010550331021 -0.022853389594016546 0.096827723874519767 -0.0070196029415010236 0.030721893792111765 -0.11043221639102718 -0.00088576451425272096 0.037152626262038017 0.094385389605867481 -0.074314801413641551 -0.10060420130868533 0.030175853439447505 0.12961180133900221 -0.10856043410982137 0.01188815738414465 -0.052520676354444823 0.041169084552325694 -0.22373833627647341 0.35717589939360578 0.091909794311941601 0.1066416443109971 -0.051479708983867188 0.059634882936746507 -0.080303559775777689 -0.2941086141551118 0.12633963584661076 0.11375039769558101 0.0095644604607910896 -0.0053867461050860002 -0.0035726452470239687 0.046845285749707741 -0.050293322606629935 0.051058531852834078 -0.001138569977014415 0.0755255973987079 0.016350031828384775 -0.0084951614066074155 -0.093989157572376553 -0.024455975770675174 0.074768792642720919 -0.0053090525587519309 -0.10585314067902463 -0.10902308588856646 -0.13944695613431779 -0.087191575897478349 -0.06041200790922336 -0.076435042708823536 -0.094420494491485707 -0.0070196029415010236 0.030721893792111765 -0.11043221639102718 -0.00088576451425272096 0.037152626262038017 -0.052159092132720013 -0.0083206297880349406 -0.027910315107128103 -0.061735308659351222 0.081349788041310475 0.046751561035639128 0.093885657370030615 0.025374651323414817 0.01188815738414465 -0.052520676354444823 0.041169084552325694 -0.03097326543769189 0.035401324393685936 -0.034928707729469731 1 2 1
0.3888184325372413 0.73651228148977166 0.069171405613136144 -0.083806914135005753 0.016009068048486834 -0.17173910508975529 -0.1438479364248178 0.023646753806327626 0.31094790211951773 -0.21873413723711763 0.21349346205679692 -0.067853528748380687 -0.24944151645408322 -0.060264387931249525 -0.071031540267912585 -0.23583278659256066 0.041878950276491224 0.21103362852776186 0.093878784171076923 -0.24410253984415467 -0.025638358824301898 -0.013266244111768799 0.13899312539198799 -0.16805460830577382 0.12907386725754391 0.0048378352305766103 0.055755816407458615 0.045664028733192391 0.16325253807247975 -0.020819082719117921 0.27403719705478236 -0.10418413855405705 -0.183219392016542 -0.13578796927359044 -0.17284684775441089 -0.0099941145315630489 -0.036904244275333835 0.070669529953692092 -0.11157809188449379 -0.092602260523623747 -0.10976731871800925 -0.0048552520616050258 -0.12464219666735632 -0.046408400018407694 0.37412256287671958 -0.016276900917079964 -0.068592944837618505 -0.23781804253318103 -0.17775782624381267 0.14193761930041018 -0.025638358824301898 -0.38365373056264773 0.055755816407458615 0.045664028733192391 0.16325253807247975 -0.020819082719117921 0.27403719705478236 -0.0048552520616050258 -0.12464219666735632 -0.046408400018407694 0.025374699114110996 -0.020878597985189654 -0.065893921811894074 -0.06112974461600186 0.025309929701685514 -0.0094563499904996712 -0.048641146797238292 0.082777343678651069 0.037367963936295573 0.035194877579003157 -0.067852920553306953 -0.067561931417972967 -0.040048922518844822 0.034443396463048101 -0.081578681911548379 0.00048261519756755827 0.053520987738724518 0.10120883377205013 0.051678384442869985 0.0013232523036505535 0.18505046569527547 0.0059013567048138722 -0.13414317649287219 -0.023805551730311614 -0.038913363381017085 -0.079967327663522977 -0.083463827406173238 -0.14771770964956088 0.064309707023480739 -0.039089833386429115 -0.038628570424525853 0.056033968143492319 -0.044055937417716816 -0.091923643066488772 -0.11856768166518591 0.047691872612422234 -0.02269720138734263 -0.013320308350835452 -0.019950098246719561 0.0455388737497084 -0.013266244111768799 0.35709371613138319 -0.10418413855405705 -0.183219392016542 -0.13578796927359044 -0.17284684775441089 -0.0099941145315630489 0.37412256287671958 -0.016276900917079964 -0.068592944837618505 0.11222922028049341 0.067819523414112945 0.0033355017879549073 0.051859362428025857 0.035147749549857839 0.057249246599238315 0.15625261450990821 -0.03497301606723241 0.25046811844774258 -0.036133821362836722 -0.067561931417972967 0.089375580746605149 -0.055687683646023015 -0.081578681911548379 0.039323152246774053 0.051506373387157939 0.0059013567048138722 -0.13414317649287219 -0.023805551730311614 -0.038913363381017085 -0.079967327663522977 -0.079095415523298046 -0.22939049969305164 0.080448262516696623 -0.02197092198283675 0.017627338434183359 -0.11698008353185241 0.10287503753769911 0.066330748205611453 0.037755176794811357 0.015990404284695819 -0.11856768166518591 0.047691872612422234 -0.02269720138734263 0.12920826584965286 -0.052413986465251861 -0.010220962382731409 -0.058668327251175142 0.035055520000124747 0.051839536113210009 0.13899312539198799 -0.25084281119807422 -0.036904244275333835 0.070669529953692092 -0.11157809188449379 -0.092602260523623747 -0.10976731871800925 -0.23781804253318103 -0.17775782624381267 0.14193761930041018 0.053017067342958836 -0.14210248880733431 0.00095846563424456174 -0.039661892822576456 0.01156280435329071 0.023299529374877448 -0.11033260030843335 0.011027802173519972 -0.13090991010103267 -0.12476545372560469 -0.040048922518844822 -0.055687683646023015 -0.030320974612323706 0.00048261519756755827 0.051506373387157939 0.10222395921437875 -0.083463827406173238 -0.14771770964956088 0.064309707023480739 -0.039089833386429115 -0.038628570424525853 -0.11698008353185241 0.10287503753769911 0.066330748205611453 0.037755176794811357 0.015990404284695819 -0.1244042917345126 -0.19701056117212365 -0.023724469626884168 -0.21837386800142311 0.0082753540293388772 -0.013320308350835452 -0.019950098246719561 0.0455388737497084 -0.058668327251175142 0.035055520000124747 0.051839536113210009 -0.12096565038897089 0.031363007214031999 0.068118714574277678 1 2 1
0.89083399084792236 0.56322121773987632 -0.11128063110867142 0.018330356760341331 -0.1289437501884392 0.017829560768994109 0.13220539764556327 -0.26509007287818354 -0.04242307636625791 0.028696373548842087 -0.27410786782084262 -0.0046783747672058777 -0.11637756732686159 0.093330137879129499 0.1474885502234437 -0.030590293036826553 -0.10107721320946245 0.19034551021380441 0.090596022578838864 0.23624664123531194 -0.047315327318815679 0.13514726867194454 0.15494519106196383 0.20867110683680043 0.15376289688190067 -0.10529756224121471 -0.04521328373568699 -0.020877665363477411 -0.10861217537152633 -0.14364505423235638 -0.034670136997641557 -0.20466611250818412 0.0073672581401053646 -0.10458040521769402 0.12055766209595542 -0.41692348908622157 -0.012778771668379905 0.075380398981292812 -0.079328811851995112 -0.021094528835918364 -0.041561055079429865 0.14054438001316097 0.023225630465277848 -0.22109193523519255 -0.16980722936520101 -0.22184485349760955 -0.31412980431509113 -0.020556026631222444 0.30220767033817325 0.06186894057022399 -0.047315327318815679 0.26415707699150537 -0.04521328373568699 -0.020877665363477411 -0.10861217537152633 -0.14364505423235638 -0.034670136997641557 0.14054438001316097 0.023225630465277848 -0.22109193523519255 0.10256656546523446 0.14666929210152579 0.020342329851952237 -0.026629556902825161 0.018381357228426664 -0.020046454092009849 -0.21428930707434352 0.0035601776556032044 -0.086158822923424569 -0.0053813633761374061 0.030082042866238598 -0.083618703126291161 -0.020671299665724265 -0.024562882228786616 0.13073317819616886 0.026287793499099491 0.039739409192596491 0.044115136591747872 0.080678400199288056 0.073857182523338546 0.1817698176226713 -0.069463217516496159 -0.040803076318816425 -0.069014212517064397 0.10070958856603671 -0.055456690024004614 0.052908599151710541 0.0061115232096718847 0.11672040605331749 -0.045059032185719487 0.11216782027200928 -0.10506103234271294 -0.06864746458498458 0.1799982584898171 0.016467631818536867 0.066740382408363053 -0.024611785114390567 0.013425400793179124 0.0038983126394997831 0.03454325003295923 0.13514726867194454 0.087159996636819975 -0.20466611250818412 0.0073672581401053646 -0.10458040521769402 0.12055766209595542 -0.41692348908622157 -0.16980722936520101 -0.22184485349760955 -0.31412980431509113 -0.089090726095975334 -0.15970661949922979 0.030919131506862707 0.0067476347263334159 -0.043332170077979244 -0.050832357933004571 -0.02274570664000574 0.019967673894330178 0.031076684404678125 -0.090587252887626327 -0.083618703126291161 0.18370960106032963 0.011198080972998722 0.13073317819616886 -0.014275403678599835 -0.070520043754953105 -0.069463217516496159 -0.040803076318816425 -0.069014212517064397 0.10070958856603671 -0.055456690024004614 -0.098859718566482513 -0.18296389501066579 -0.033978229871870977 0.022700037188730662 0.028941762966279757 0.079464925346543425 -0.036065605874825636 -0.076562463546189424 -0.0027934221102369869 0.013817629549625758 0.016467631818536867 0.066740382408363053 -0.024611785114390567 0.12098389014326345 -0.020590232565997311 -0.17969151524925583 0.0038620150786097761 0.13724386664943072 -0.067430467022577129 0.15494519106196383 -0.21616371109816065 -0.012778771668379905 0.075380398981292812 -0.079328811851995112 -0.021094528835918364 -0.041561055079429865 -0.020556026631222444 0.30220767033817325 0.06186894057022399 -0.026147200102886344 -0.042634128689179485 0.1646057971613164 -0.0015361169168684327 0.038152807657848717 0.11339664865954527 -0.14929743089609887 0.046686155477849031 -0.07367706914073284 -0.052610811828582064 -0.020671299665724265 0.011198080972998722 -0.068066147820799935 0.026287793499099491 -0.070520043754953105 -0.07105468041001646 0.052908599151710541 0.0061115232096718847 0.11672040605331749 -0.045059032185719487 0.11216782027200928 0.079464925346543425 -0.036065605874825636 -0.076562463546189424 -0.0027934221102369869 0.013817629549625758 0.076343976719799339 0.11928022497620548 -0.06699814539505855 -0.1160916607318076 0.034656310869922761 0.013425400793179124 0.0038983126394997831 0.03454325003295923 0.0038620150786097761 0.13724386664943072 -0.067430467022577129 -0.036757930730651603 -0.024026609900076309 0.076936144476031587 1 2 1
0.89755660589568564 0.8952026204090594 0.057948267133695962 -0.092927048503552726 -0.16203009794250414 0.05309776369830109 0.068459813573020431 0.14524758956588582 0.20635260336646954 0.17396643650852772 -0.097225039182330122 0.19054674226502458 0.11894395160823143 0.14210358474303733 0.060990568544313624 0.077270207710992009 0.096262284370395843 0.16683261022540646 0.20134130121852889 -0.12945962317618984 -0.09525005114303739 -0.057324221441311454 -0.15928865383637106 -0.3594198757974929 -0.09402402821222039 0.066821546650567124 0.060182879812171054 0.077165188301301438 0.050543934567691094 -0.1068963928608872 0.023830806422433983 0.063164824762864183 -0.10224774514980536 -0.031528060081676655 0.023243014754993963 0.017429897464750852 0.28306168822621625 -0.13131719899802041 0.068411160137752211 0.036925693768599756 -0.028125537705918861 -0.20301426260523014 -0.18753616655977823 0.078195638868936587 -0.036327051834333941 0.0724707116978002 -0.041815936137452728 -0.0084600837829728829 0.088499277683271649 0.20080141019638376 -0.09525005114303739 -0.30544232934096521 0.060182879812171054 0.077165188301301438 0.050543934567691094 -0.1068963928608872 0.023830806422433983 -0.20301426260523014 -0.18753616655977823 0.078195638868936587 -0.21123424104160687 0.1352597573832614 -0.084001045579351633 -0.15961486469731373 0.012079132731759925 0.049712270872443863 -0.21963431968225069 -0.13196121093172028 0.056671651107921897 0.13681250401994424 -0.14838120062892687 -0.1065849514801642 0.075712349025426895 0.071600568787266061 0.062282127746297683 0.024084027410215009 -0.03348510066568134 0.1793319384988048 -0.043357475983093509 0.12776182995539867 -0.1313338878464074 -0.042748154207201322 0.1267796874841183 -0.046161631118542365 0.052636706157197219 -0.0061281534373199458 -0.0032540260999744993 0.0094592371024773813 -0.091727237860320082 0.084899531317682173 0.013700627617003566 -0.17909331062129438 -0.14743021973283865 0.017919513347085799 -0.0018817887400725264 -0.014907788140197581 -0.090095650358638965 -0.14027763292196904 -0.055366784828640318 -0.068434462606538349 -0.057324221441311454 -0.047581661908031953 0.063164824762864183 -0.10224774514980536 -0.031528060081676655 0.023243014754993963 0.017429897464750852 -0.036327051834333941 0.0724707116978002 -0.041815936137452728 -0.086343527242488838 -0.072993557023256467 -0.020010163274969999 -0.080016526309397235 0.045107322938251225 0.062618401384314445 -0.11058572708532273 0.08937835579671348 -0.075416417403500302 -0.0067273552335897144 -0.1065849514801642 -0.14356290750894726 -0.013027887702582938 0.062282127746297683 0.07069043646645877 -0.010361276086917313 -0.042748154207201322 0.1267796874841183 -0.046161631118542365 0.052636706157197219 -0.0061281534373199458 -0.0086879544285585874 -0.021027208123147553 -0.024966131836953016 -0.041515736505623596 -0.083603868299647305 0.21805620828318156 -0.0332482963511498 0.14920484584598104 0.010449861544049942 -0.070098985525522003 -0.0018817887400725264 -0.014907788140197581 -0.090095650358638965 0.06039647831764277 0.01798738605714895 0.045380945199944386 -0.013100083130437562 0.12227808006349226 0.13373110935149529 -0.15928865383637106 0.23331917518153347 0.28306168822621625 -0.13131719899802041 0.068411160137752211 0.036925693768599756 -0.028125537705918861 -0.0084600837829728829 0.088499277683271649 0.20080141019638376 -0.0607250780151284 0.11193520477793409 0.11449217449394333 -0.094348971913397028 -0.054766967330748706 -0.077191915792429941 0.0033441981863380865 -0.062554319251128546 0.031635313798578472 -0.090726620650689122 0.075712349025426895 -0.013027887702582938 0.074431547811239659 0.024084027410215009 -0.010361276086917313 -0.067939293688561483 -0.0032540260999744993 0.0094592371024773813 -0.091727237860320082 0.084899531317682173 0.013700627617003566 0.21805620828318156 -0.0332482963511498 0.14920484584598104 0.010449861544049942 -0.070098985525522003 0.079220474322727691 -0.11446912913521726 0.14881348958094032 0.036424851391672161 -0.025796086223834454 -0.14027763292196904 -0.055366784828640318 -0.068434462606538349 -0.013100083130437562 0.12227808006349226 0.13373110935149529 0.061282197538403575 0.0806476807739199 0.023949389078066041 1 2 1
0.45620953359512456 1.4200495559127526 0.11638724815685708 0.016518221072561949 0.0098831555437283586 -0.1883446247449593 -0.15633246173477935 0.058862088933974023 0.16238388692940731 -0.12430297131533527 0.098325135041996678 -0.10500105892764783 0.044972909893368225 0.14087006059940416 0.026139776992138142 -0.096412544933618047 -0.0015107649226262137 -0.15985670729041232 -0.10561127721641984 0.0075718147728239269 0.13792972624249936 -0.080754416676071167 0.07410846931953316 0.033990988952729888 -0.039179374717066576 0.028837376158193369 0.16361532574127333 0.15287754053657318 0.081501706378841923 -0.13101950731707199 -0.16141399757159725 -0.1758985024308885 0.076044313177260639 0.10750345106406765 0.046625183052379233 -0.095703094337108718 -0.1554073729711698 0.17509323861976972 0.019573417448052004 -0.058096352910670307 0.16666104396184345 -0.19727161883488409 -0.058326512046612135 -0.062153088113553405 -0.24330561286468674 -0.20486379741961605 0.021845217921272603 -0.017274507224498043 -0.069788736287904024 0.17772461800830694 0.13792972624249936 -0.35482830941617305 0.16361532574127333 0.15287754053657318 0.081501706378841923 -0.13101950731707199 -0.16141399757159725 -0.19727161883488409 -0.058326512046612135 -0.062153088113553405 -0.082453339133498282 0.21997931408323207 -0.015033043707345246 -0.019114562832918205 -0.019949259634246062 -0.10560198868219131 -0.10896454864050067 -0.04540217647478495 0.088290184402981267 0.14836117973432117 0.02870803456850033 0.014808610374080589 -0.094396809183355135 -0.00035530566628598026 -0.023711003826396022 0.1219724370985026 -0.085438465307659209 0.055840720628506868 0.059031950107888267 -0.017918765548483772 -0.22159513636579611 0.0035001733296023511 -0.010952710140175775 -0.039622931411837176 0.032025549446955716 -0.011614694680275317 -0.035846683109589293 -0.056280318670324812 -0.07641600145374608 -0.048149338453842699 -0.037135084240087567 -0.050643748272496542 0.050911688024795454 -0.15300881786968534 -0.11720571649616257 0.047132288747865236 -0.073055961431986699 -0.065326101992863039 0.028901235087096078 0.08306261925566133 -0.080754416676071167 0.16548514062571637 -0.1758985024308885 0.076044313177260639 0.10750345106406765 0.046625183052379233 -0.095703094337108718 -0.24330561286468674 -0.20486379741961605 0.021845217921272603 -0.13595107737457821 0.075558920374755353 0.061796924102072416 -0.32047785751239827 -0.079365190233034191 0.048840269983475279 0.11894039512128221 -0.034082869971245142 0.17060367378896929 -0.039555865013048551 0.014808610374080589 0.096288057911305042 -0.060697379882973149 -0.023711003826396022 0.017665301642968336 -0.0031140669402619642 0.0035001733296023511 -0.010952710140175775 -0.039622931411837176 0.032025549446955716 -0.011614694680275317 0.078739693352008297 -0.18877527466728275 0.08354273857180787 -0.02735216841543452 -0.014479964216871028 0.14748880453630087 -0.054246323194745732 0.030359313242321058 -0.1007405144648231 0.061209785469841807 -0.11720571649616257 0.047132288747865236 -0.073055961431986699 -0.24321290288770553 0.034948429083727216 -0.10075998680348919 0.1123796889890939 -0.075253048355268956 0.0062411119576848695 0.07410846931953316 -0.16746761556321851 -0.1554073729711698 0.17509323861976972 0.019573417448052004 -0.058096352910670307 0.16666104396184345 -0.017274507224498043 -0.069788736287904024 0.17772461800830694 0.11355310971864122 0.026271955270545551 -0.0074368366074399122 0.054709736198154502 0.031628746646470161 -0.15790797153844988 -0.23552551388831677 -0.1036549768943828 -0.031395735235063345 -0.056649349798634174 -0.094396809183355135 -0.060697379882973149 -0.10257348819253796 0.1219724370985026 -0.0031140669402619642 -0.041406741048853127 -0.035846683109589293 -0.056280318670324812 -0.07641600145374608 -0.048149338453842699 -0.037135084240087567 0.14748880453630087 -0.054246323194745732 0.030359313242321058 -0.1007405144648231 0.061209785469841807 0.058171452221291935 0.14147522087840902 0.018132386179789278 -0.063108629921473564 -0.097289779489879435 -0.065326101992863039 0.028901235087096078 0.08306261925566133 0.1123796889890939 -0.075253048355268956 0.0062411119576848695 0.050742818848447308 0.066121499555514857 0.0031956204405466817 1 2 1
0.73984699459925563 0.60515549744407793 0.25144122146712594 -0.052777079721681781 -0.044352780690577215 0.010754334886937805 0.0075722107784310612 -0.03140604298632807 0.075670407279823909 0.11631057692795949 0.14360335657547163 -0.0013852171580803982 0.10348438115917748 -0.14041337800489781 -0.0889729682672043 0.12045103780860882 0.015401469902017144 -0.0009472474709725186 -0.10398704029258023 -0.047643290761306051 -0.32132024008417231 -0.025516253298745649 0.12780027090532084 -0.11393595188470981 -0.069085152117757384 -0.086918640808971964 0.058701186303518352 -0.054910738955991627 0.14564798226592013 -0.20252924587908386 -0.06725358981376961 -0.13367250703856645 -0.17699614159997448 0.15575998419112116 -0.14394541071518765 0.16448774703052196 -0.2141321872307472 -0.11384585205939471 -0.19625767905501684 -0.013886937715889891 0.18282480971442638 0.21233458071373279 -0.22401299578901046 0.012389233159892285 -0.043323683129583429 -0.037318019458294972 0.13522113572366276 0.20596133574185763 0.066745545878422921 -0.10167414696719058 -0.32132024008417231 0.10882352490448172 0.058701186303518352 -0.054910738955991627 0.14564798226592013 -0.20252924587908386 -0.06725358981376961 0.21233458071373279 -0.22401299578901046 0.012389233159892285 -0.20972448718143344 0.050632252401339409 0.055940326703631527 0.0030904924639345252 -0.12886880560833228 -0.11852341145359246 -0.013409154560310244 0.12587038537462392 0.088734055192741232 -0.069951966316473421 -0.11899109645834859 -0.038797152395197841 0.013896547803825862 0.10193559782926789 -0.094114680375719989 0.021970644020307614 0.073200066411037878 0.053565201711054389 -0.1079306418385314 -0.1428322320076382 -0.018012576724508855 -0.016333623716190581 0.018946750191572576 0.0024415030568212433 0.075298578053496823 0.05953670764258108 -0.17800499869507014 -0.10471244107859214 0.00768501792069823 0.13206120332945001 -0.10601142603613162 0.070643031209728577 -0.052189056298731988 0.057336153057058407 0.013313706491970969 -0.11163962764471529 0.081441566414610228 0.090586500874493048 -0.044632007368300655 -0.075497577950833103 -0.025516253298745649 -0.072506682532247776 -0.13367250703856645 -0.17699614159997448 0.15575998419112116 -0.14394541071518765 0.16448774703052196 -0.043323683129583429 -0.037318019458294972 0.13522113572366276 0.26107725705733054 0.06285404491238572 -0.10130126859222016 -0.016502354723532599 0.15059673762015996 0.029280041277493368 0.098204028042512312 -0.083836309594076383 0.15914700370967899 0.030845398804765646 -0.038797152395197841 -0.12812106206087479 0.055190060492133014 -0.094114680375719989 0.077983831261644002 -0.10675202676700726 -0.016333623716190581 0.018946750191572576 0.0024415030568212433 0.075298578053496823 0.05953670764258108 -0.039470030351088856 -0.059607961916332365 -0.12322278929752128 0.039510696420858804 -0.13212081957234623 0.21319950188776288 -0.069633621841831361 -0.097589589802600712 0.057940353009507208 -0.12297736095633972 0.013313706491970969 -0.11163962764471529 0.081441566414610228 -0.023750627203095405 -0.02101202001828632 0.044101777467473645 0.086511821410352421 0.063958917040008639 0.047245904668263901 0.12780027090532084 -0.22201573909364986 -0.2141321872307472 -0.11384585205939471 -0.19625767905501684 -0.013886937715889891 0.18282480971442638 0.20596133574185763 0.066745545878422921 -0.10167414696719058 0.012998471864186324 0.10477131533855653 0.046728946263227128 0.053303541660639712 -0.031495605811102653 -0.24422700817000736 -0.073008590427798059 0.062261087910305317 -0.05349025361850062 0.040859736646295684 0.013896547803825862 0.055190060492133014 0.048308118877962936 0.021970644020307614 -0.10675202676700726 0.0058075532074558563 -0.17800499869507014 -0.10471244107859214 0.00768501792069823 0.13206120332945001 -0.10601142603613162 0.21319950188776288 -0.069633621841831361 -0.097589589802600712 0.057940353009507208 -0.12297736095633972 0.18616989433199257 0.0056712058492052776 0.079970880854765974 -0.047100103870881802 -0.073883051044519116 0.090586500874493048 -0.044632007368300655 -0.075497577950833103 0.086511821410352421 0.063958917040008639 0.047245904668263901 0.0065657692058370522 0.079225647527580045 -0.11640473398827787 1 2 1
0.38873277625331276 2.3850276718422299 -0.11288433253898091 0.1624955660142226 -0.036756676508791782 0.15652768633915068 -0.084919802405322833 -0.081168189524839229 0.064747184049417469 -0.18970154837634343 -0.024107073551215295 0.15773988724341742 0.079847968265386537 0.2059079465329168 0.050615993530125365 -0.1055790490533708 -0.12610681457821676 -0.011910542670914849 -0.1297432444061063 0.0022398300746134941 0.070990743147305815 0.018241155950413111 0.16039514648040351 0.099708679308676329 -0.00058288870426240029 0.14974476897960462 -0.14893874789564293 0.1316143679163006 0.13456077411559253 -0.0084711023633418821 -0.0080279296232192224 0.17113572453649817 -0.096297955471009819 0.045226047491862077 0.11301419273923571 0.25798933319922995 -0.28320550583828275 0.087198842505630855 0.11127099757049654 -0.064457661282035131 -0.019139181990359216 0.010508165161086479 -0.1847605889703671 -0.013715143454828698 -0.099968288464007363 0.10873003171549606 -0.14071439325942031 0.1128848469790146 -0.014044810169867019 -0.020661846902207039 0.070990743147305815 -0.17905927103233041 -0.14893874789564293 0.1316143679163006 0.13456077411559253 -0.0084711023633418821 -0.0080279296232192224 0.010508165161086479 -0.1847605889703671 -0.013715143454828698 -0.12569648705490441 0.0084011771741051358 -0.12366910220410664 -0.040877094771006123 -0.1100803355182642 -0.12903369636647419 -0.017547263991760074 -0.14401887999283777 -0.0045656030742079372 -0.081689536603308757 0.065950619921023843 -0.0015781513440165651 0.054027229633223511 -0.14482517419887861 -0.049506038336925268 -0.0029690445290568683 0.1385294759699886 -0.10047222143726853 -0.092698741304265003 -0.15684945785085724 -0.044788672051021522 0.019996081080867763 -0.1532400587262609 0.032184911537908062 0.1145054009703784 -0.015537196271044759 0.18154258745483756 -0.011181575491425101 0.061138704563149598 -0.041398628525027958 0.090953570493740421 0.054918014714137479 0.12123055656957876 -0.10465068178052656 -0.10990421187218274 0.032928746703148229 -0.086877388818458079 0.031362163719565676 -0.048138097818703963 -0.087246334912232132 0.018241155950413111 -0.11341608710570236 0.17113572453649817 -0.096297955471009819 0.045226047491862077 0.11301419273923571 0.25798933319922995 -0.099968288464007363 0.10873003171549606 -0.14071439325942031 -0.042043339703167398 -0.046118962276959809 0.08466836817206716 0.077741492170293053 0.041770820175002561 -0.16388127468590277 -0.066637603281194183 0.054455821362161073 0.17516825198560212 -0.024241915885460857 -0.0015781513440165651 -0.19915863334403783 0.027308630201776429 -0.049506038336925268 0.072063542534638245 -0.025050987317810084 0.019996081080867763 -0.1532400587262609 0.032184911537908062 0.1145054009703784 -0.015537196271044759 0.045240710680355331 0.22351778745820036 -0.053317679704701228 -0.05921425800156882 -0.13518433850965958 0.051363917381784904 0.0043018353711411356 0.023110596309041859 -0.026065486665425082 -0.030194917259635114 -0.10990421187218274 0.032928746703148229 -0.086877388818458079 0.024331174875374589 0.096070694692623318 0.00033330596989087063 -0.026137508936843863 0.096027840472746692 -0.00019729330197042899 0.16039514648040351 -0.5988743631271346 -0.28320550583828275 0.087198842505630855 0.11127099757049654 -0.064457661282035131 -0.019139181990359216 0.1128848469790146 -0.014044810169867019 -0.020661846902207039 -0.14453884155152341 -0.0060627614017317154 -0.12380265430811735 0.021109262531583628 -0.082358219146418596 0.064651727382898816 -0.03658430077100968 -0.034969917910391092 -0.12875215925963254 -0.1498389701562792 0.054027229633223511 0.027308630201776429 -0.17745778760097591 -0.0029690445290568683 -0.025050987317810084 -0.16908400386581346 0.18154258745483756 -0.011181575491425101 0.061138704563149598 -0.041398628525027958 0.090953570493740421 0.051363917381784904 0.0043018353711411356 0.023110596309041859 -0.026065486665425082 -0.030194917259635114 0.0034202974344670714 0.015859262048936461 -0.12574596201356958 0.031040201766395145 0.0030274071441594337 0.031362163719565676 -0.048138097818703963 -0.087246334912232132 -0.026137508936843863 0.096027840472746692 -0.00019729330197042899 0.099837393404171637 0.017020283945576514 -0.1707190936702476 1 2 1
0.3001000624200188 2.9174369182008237 0.058940465367624775 -0.066311626616292238 0.092435111663354913 -0.17928654501673574 -0.10337874752729789 -0.17798320242275167 -0.10355155893677732 0.018720309588148926 0.070127434553139453 -0.04984673582348894 0.21685672096306935 -0.29695227118147677 -0.00021260936267728027 -0.088177938098251293 0.15758870462067537 -0.21314062472528553 -0.0086616640741714046 0.078778796006690563 0.11556634046891597 0.025824512127589603 0.016888013834414389 -0.060692942323821227 -0.25174892517349073 -0.26473578171548967 -0.14106965176785688 0.067761841565110476 -0.19809705309297837 -0.035396064307500426 0.19392606959502168 0.21601234488144988 0.037014648488459895 0.021221680794033703 -0.17269119669350252 0.24444850390638165 -0.11621134935865282 -0.011192418008472345 -0.08585658896994651 -0.053398009811930235 -0.010878357566067635 -0.092332519734323201 0.058238953848927508 0.11088484564546257 -0.087483369043629786 0.15433504464720438 0.094340614821461971 0.056600738358839719 0.15793209168018424 0.14352862350175133 0.11556634046891597 -1.3257259838632514 -0.14106965176785688 0.067761841565110476 -0.19809705309297837 -0.035396064307500426 0.19392606959502168 -0.092332519734323201 0.058238953848927508 0.11088484564546257 0.081465382869794267 -0.024002678510046185 0.098327657015051723 0.1493037280832841 0.13353093883612807 0.036143134142314327 0.13774442240084331 -0.13038248767875515 0.021229225999298655 0.18155778940054468 -0.11745895688233786 0.1222698369132256 -0.021075449736691357 0.17777406998556519 0.027702863089049998 -0.041537710078156834 0.0051838723204916583 0.13376358655796258 -0.17521422265986955 0.062354066155461886 -0.020272113293911737 -0.052592537841154849 -0.094880706192839087 -0.0081331807826348773 0.13533976485130139 0.12716563387311366 0.016106399636928236 -0.019260271262573157 -0.055317897891739277 -0.076095573224175331 -0.15795666907836012 0.078635866610918259 -0.032707498949561535 0.05113327820022795 -8.7465149862672731e-05 0.0053035638589081138 -0.13555757818527814 0.02309611002681539 0.064812157784854524 0.068384504727368511 0.025824512127589603 -1.0899374948854603 0.21601234488144988 0.037014648488459895 0.021221680794033703 -0.17269119669350252 0.24444850390638165 -0.087483369043629786 0.15433504464720438 0.094340614821461971 -0.015461618533860168 0.046927344974851681 0.097131728506652082 0.053743193147438743 0.032984908136866768 -0.10253738037678413 -0.11267374409694864 0.034114085228027717 0.049557895076435342 0.058911805760279712 0.1222698369132256 0.057174394865376468 -0.13248084425518608 0.027702863089049998 0.062824825185653521 -0.0039044235177387657 -0.052592537841154849 -0.094880706192839087 -0.0081331807826348773 0.13533976485130139 0.12716563387311366 -0.16234226477390756 -0.053371023150203402 0.14851830517062536 0.14645524047079353 -0.029685966990329417 0.034040896975384441 0.10575332476681371 0.0006152441142919067 -0.020889977364738788 -0.11375088453892766 -8.7465149862672731e-05 0.0053035638589081138 -0.13555757818527814 0.10934142648700274 0.20028115808996377 0.18615402875851872 0.0401889379572965 -0.036270621738406367 0.037009372340072823 0.016888013834414389 -1.0463359927983475 -0.11621134935865282 -0.011192418008472345 -0.08585658896994651 -0.053398009811930235 -0.010878357566067635 0.056600738358839719 0.15793209168018424 0.14352862350175133 -0.082881848067150321 0.089527546999780008 0.018051220786428124 0.017798599137090709 -0.039160717490257818 -0.0059096290088257106 0.059192730141318539 0.027087550458802526 0.052001054922255242 0.13107594090674665 -0.021075449736691357 -0.13248084425518608 -0.028328264516656723 -0.041537710078156834 -0.0039044235177387657 0.062860021081699788 0.016106399636928236 -0.019260271262573157 -0.055317897891739277 -0.076095573224175331 -0.15795666907836012 0.034040896975384441 0.10575332476681371 0.0006152441142919067 -0.020889977364738788 -0.11375088453892766 -0.20232958552244248 -0.0094952693870829288 -0.048197849300329818 0.22333743359967781 -0.054167441010865826 0.02309611002681539 0.064812157784854524 0.068384504727368511 0.0401889379572965 -0.036270621738406367 0.037009372340072823 -0.076427594970144522 -0.02332691644012112 0.21444201798278778 1 2 1
0.51377086367466251 0.76493599242056132 -0.039263234429205159 0.15473149991664256 -0.019369564572611381 0.063297904553930376 -0.14721359502923284 -0.036030484211947211 0.008602391696058205 0.051228840338312841 0.050433148749062726 -0.41312242472630273 0.039740870892734891 0.009406995445784265 -0.074177625588898746 0.059304078409154318 -0.092509253223382215 0.030532145659023305 0.077482336330350982 -0.12944284562401054 -0.22273969311165104 -0.14462948436095627 -0.11429773561885298 -0.038483748334329548 0.00054350677923149337 0.16120620506959324 0.14037035757097338 -0.031101259250218369 -0.15648948707862617 0.03794659165932944 -0.0022487197244571429 -0.070221406429725519 -0.014959524316484273 -0.20058576154775742 -0.15273710749812849 0.069146468846752726 0.18495442953472474 -0.22340204130399668 0.12162576624623017 -0.057871434308101655 -0.054505524164119336 -0.19997971355633393 -0.21877678032976489 0.022115406355079137 -0.13813116981927526 -0.15724851470294648 -0.067429420610925037 0.042132907870133463 0.014670246718518284 -0.13728756824664048 -0.22273969311165104 0.25672506791082805 0.14037035757097338 -0.031101259250218369 -0.15648948707862617 0.03794659165932944 -0.0022487197244571429 -0.19997971355633393 -0.21877678032976489 0.022115406355079137 0.05341046993918256 0.03826826157922527 -0.17761563425195218 -0.050463300557287219 0.02302460951547939 -0.04049880734257786 -0.018163091396846538 0.015580108924410696 0.067769513634577436 -0.21425404362641456 0.15595312448716303 -0.059805531451553887 -0.0008699652573697543 -0.001671467817287769 0.0030015920011746446 0.030753022902142046 -0.0029837408405471878 0.015634813642921592 0.063932034469863466 -0.067850512084020403 -0.026567864423753369 0.12460581563292578 -0.0020419302321728512 -0.029934273097522328 0.041217312685648405 0.099170043278089759 -0.028423402367455389 0.052460462504485418 -0.013558561273470035 0.060569582456143967 -0.023522343580263089 -0.11486989852211034 -0.061534799998781642 0.057489790660101431 0.010596649110877156 0.03972175425454133 -0.046037099696433277 0.0086723302710959363 -0.0900231992106581 -0.053725647819318559 -0.14462948436095627 0.21639180574972036 -0.070221406429725519 -0.014959524316484273 -0.20058576154775742 -0.15273710749812849 0.069146468846752726 -0.13813116981927526 -0.15724851470294648 -0.067429420610925037 0.15552965977854705 -0.056380160022869455 0.07594305706070531 -0.070551556929674089 0.12566213696314629 -0.004517105758287978 0.051025790888491122 -0.12268222895910481 -0.0063714675123470628 -0.034711247830341692 -0.059805531451553887 0.094236253847146678 -0.060082092631981741 0.0030015920011746446 0.085071675692383386 -0.087067964135100817 0.12460581563292578 -0.0020419302321728512 -0.029934273097522328 0.041217312685648405 0.099170043278089759 0.099114207868773285 0.021810067795287533 0.13097087571964827 0.0362714677321457 -0.094383543554176372 0.022799061683292286 -0.084035652440040895 0.02433753425415746 -0.002867345708919028 -0.047859581560453238 0.010596649110877156 0.03972175425454133 -0.046037099696433277 -0.034522639976285657 -0.0090380369651629072 -0.091548418222207703 -0.034455002897068529 0.1362732013207486 0.081019276601346377 -0.11429773561885298 0.48394464240009688 0.18495442953472474 -0.22340204130399668 0.12162576624623017 -0.057871434308101655 -0.054505524164119336 0.042132907870133463 0.014670246718518284 -0.13728756824664048 -0.11665935679501871 -0.087599844006833516 -0.12816832071276538 0.068272244566876084 -0.067439821569677649 -0.0083604563894241254 0.046786922138472971 0.13859012707813864 -0.15064984279901711 0.069594938687255303 -0.0008699652573697543 -0.060082092631981741 0.045356261410388912 0.030753022902142046 -0.087067964135100817 -0.089635366040812556 -0.028423402367455389 0.052460462504485418 -0.013558561273470035 0.060569582456143967 -0.023522343580263089 0.022799061683292286 -0.084035652440040895 0.02433753425415746 -0.002867345708919028 -0.047859581560453238 -0.046766097868184954 -0.019548051505679294 0.15633892542966615 0.039777053073679514 -0.049899881967108498 0.0086723302710959363 -0.0900231992106581 -0.053725647819318559 -0.034455002897068529 0.1362732013207486 0.081019276601346377 0.047364365401889354 0.10565877261186463 -0.087044533222479681 1 2 1
0.63365599137534767 0.74947039986776898 0.15741149582153199 -0.022374653807311306 0.12296047206249576 -0.086056721048861612 -0.10171068435313045 -0.032644156442590971 0.0030868796928860001 0.035060781381861424 0.037211053270723847 -0.35797129619315704 0.054830456452173867 0.28356572171771771 -0.037033332914693684 0.022507807253751004 -0.044526217975572727 0.083924301187333947 -0.12117082121221524 -0.15710000200860905 -0.10108321022371464 0.08885730357768154 0.18862769466903942 -0.17001420057079969 0.1224745931248379 -0.11026120860706563 -0.19466164542306999 0.010070204133355434 -0.070472403989729218 -0.060478679912813672 0.0099828888423933552 -0.066683491324460539 -0.012210456246750483 0.018809245946153172 -0.061573603946674313 -0.12481096433409773 0.075476706848657441 0.15275656369280949 -0.092538907984946933 0.091700443687373775 0.042270230231853868 0.057373934176272748 0.010421778832078295 0.055318117021562571 0.15808502901913848 0.10664271394851235 -0.09387592228522601 0.02623283807819483 -0.1432344792073843 -0.064186583129278024 -0.10108321022371464 -0.14874841849113385 -0.19466164542306999 0.010070204133355434 -0.070472403989729218 -0.060478679912813672 0.0099828888423933552 0.057373934176272748 0.010421778832078295 0.055318117021562571 0.2827984589130248 0.14652831005690534 -0.0021675779399517006 0.060229177846145655 -0.018702096282654564 -0.042723126295125723 0.045927180985278412 0.043865578140087028 -0.091680033930968005 0.072149072070307352 0.16479758514118525 0.051856167944062101 0.056524181388974859 0.081780092626575387 0.0083846576765716635 -0.0017408006297840936 -0.14434720140877469 -0.0046751340787711459 -0.0075406199157687787 -0.037035519792414269 0.15354824674384276 -0.064197208936474875 -0.099734127876930131 0.09551122797972289 -0.10251441729557051 0.10488071845238942 0.016351231316217175 0.035135975360585589 -0.032709389203797748 0.021778904982087281 -0.095263122296203498 -0.11341997585962059 -0.10223912125339735 0.0053677946216662848 -0.11908223620885625 0.021905315360848884 -0.064438777756875329 0.010910320028785968 -0.13892508877862619 -0.050009699702576071 0.08885730357768154 0.088184559195939663 -0.066683491324460539 -0.012210456246750483 0.018809245946153172 -0.061573603946674313 -0.12481096433409773 0.15808502901913848 0.10664271394851235 -0.09387592228522601 -0.051278996257222834 -0.0089762171866337257 0.038374483374773387 0.054883408743485795 0.019722336685698918 -0.050599983742317903 -0.056029638780278473 -0.015606795046127209 -0.066810025791014013 -0.08797914215492425 0.051856167944062101 0.20368462143492599 -0.055667525205942148 0.0083846576765716635 -0.089063886394358124 0.080814140546277807 -0.064197208936474875 -0.099734127876930131 0.09551122797972289 -0.10251441729557051 0.10488071845238942 -0.078644417644399014 0.070235891962641309 -0.0070420267624203741 0.088102977193383183 -0.022117423915727092 -0.046985868957266211 -0.048474855032528352 0.047392458424667397 -0.12238092764535963 -0.12793115529250587 -0.11908223620885625 0.021905315360848884 -0.064438777756875329 -0.10306552065062638 0.18793001646004937 0.10160926840563496 -0.084790663226598117 0.032579212255698993 -0.068527683218317981 0.18862769466903942 -0.39711150179554 0.075476706848657441 0.15275656369280949 -0.092538907984946933 0.091700443687373775 0.042270230231853868 0.02623283807819483 -0.1432344792073843 -0.064186583129278024 0.069990151533413023 0.079341102274213177 0.052843190224120644 0.00020690966998153585 0.094127209083428476 -0.06569838720916843 -0.10906977250647142 -0.10641846107753097 0.069710484916577359 -0.04109707213440366 0.056524181388974859 -0.055667525205942148 -0.1372305940631928 -0.0017408006297840936 0.080814140546277807 -0.013302061967468803 0.016351231316217175 0.035135975360585589 -0.032709389203797748 0.021778904982087281 -0.095263122296203498 -0.046985868957266211 -0.048474855032528352 0.047392458424667397 -0.12238092764535963 -0.12793115529250587 0.088445362967515789 0.062835609233167874 0.041420291652917003 0.038599332343588394 -0.037436570037716353 0.010910320028785968 -0.13892508877862619 -0.050009699702576071 -0.084790663226598117 0.032579212255698993 -0.068527683218317981 0.13136651566584828 -0.0081183627278538645 -0.090339073339517781 1 2 1
1.0005280884532151 0.89638193398610966 0.0051972275689182923 0.072165001181176164 -0.12073868920729627 -0.072143774501959607 0.035231008621459371 -0.22864305486326894 -0.094934263169535044 -0.092165316982104978 0.15399909490550867 -0.033588282006365919 -0.024738684469265325 0.27199774405965982 -0.1172040716926941 -0.068181635997247844 0.056708372748915034 -0.23693754784171683 -0.12773203097864769 -0.024440278164085092 -0.15664231544617685 0.041773387063679147 -0.11983896223229967 0.21599463215285652 -0.10691064359392582 0.12645285186875244 0.052513663228945413 -0.144734895163491 -0.089739937463902852 0.11592544893811139 -0.062300043184909171 -0.04005488102232789 0.042064182080599283 0.082381656791926411 0.088995575711005095 0.037142022603184617 0.1090527718943089 -0.11818285182389249 0.27669668037296791 0.11328597125402953 0.047249147320716292 0.13908525812108635 -0.016265649961542009 0.1320724602652722 0.056301030854815665 -0.046386749747453736 -0.0014704237322003557 0.34257732141913627 -0.040652476752178375 0.28333558610178317 -0.15664231544617685 0.35621785927824895 0.052513663228945413 -0.144734895163491 -0.089739937463902852 0.11592544893811139 -0.062300043184909171 0.13908525812108635 -0.016265649961542009 0.1320724602652722 -0.012047368545194725 0.027042631764697636 0.015894501949554194 -0.17919610526790752 -0.098187416732883059 -0.070657695029233969 0.13101073489507875 -0.091918260630462156 0.012007343710974731 -0.044669509424206784 0.059144252304814605 -0.052713610344721037 0.038152690542449338 0.038717246739507501 0.11984764051079591 -0.035573893707741874 0.1160704834620437 0.036067730842859573 0.10864910007185849 0.019070686293272823 -0.030805776684217231 0.096800237021651012 -0.016421097638953205 0.0029514227863207676 0.044385562342772203 0.07284065552655361 0.067474901983697183 0.070963261033561986 -0.079491419582771256 0.095486950460102277 0.045472801140340281 0.040376610276370767 0.17316592862898439 0.037090161976368032 0.0081049463063484553 0.019912916602330792 -0.020517420916722824 -0.0055829885015737588 -0.011327415833203309 -0.046896325419996616 0.041773387063679147 -0.14427936081473336 -0.04005488102232789 0.042064182080599283 0.082381656791926411 0.088995575711005095 0.037142022603184617 0.056301030854815665 -0.046386749747453736 -0.0014704237322003557 0.06134060558847601 0.087577751834920836 0.032484048122772072 -0.19430624934473431 -0.12299206678178204 0.021577143838507704 0.040758991465678691 0.054166993368910232 0.10711631248475439 -0.20564232846226391 -0.052713610344721037 0.065434031779361732 0.15313464535737198 0.11984764051079591 -0.048009774221869625 -0.038209235292901669 0.096800237021651012 -0.016421097638953205 0.0029514227863207676 0.044385562342772203 0.07284065552655361 -0.17870118921272854 0.091327549329009536 0.10460652067005075 0.10124104593486088 0.19265134922299587 0.039517857379845624 -0.12546135430481861 0.10191369748264435 0.10798068406173279 -0.0084127862999048009 0.0081049463063484553 0.019912916602330792 -0.020517420916722824 0.09191938716864935 0.069915529587908642 0.070337981937157165 -0.10404920030058559 -0.023221218530852898 -0.056738472774979301 -0.11983896223229967 0.23375089145472361 0.1090527718943089 -0.11818285182389249 0.27669668037296791 0.11328597125402953 0.047249147320716292 0.34257732141913627 -0.040652476752178375 0.28333558610178317 0.083453125661360233 0.0096450126258264806 -0.10299981235640066 0.089302050925653645 -0.055719213226817332 -0.044949595087617415 0.086819883332679537 -0.014119042783504059 0.044680924065047534 -0.13212298927779015 0.038152690542449338 0.15313464535737198 -0.064736135406862003 -0.035573893707741874 -0.038209235292901669 -0.096758875243347725 0.067474901983697183 0.070963261033561986 -0.079491419582771256 0.095486950460102277 0.045472801140340281 0.039517857379845624 -0.12546135430481861 0.10191369748264435 0.10798068406173279 -0.0084127862999048009 -0.011487681280174371 0.057090178327801756 -0.079000457587802178 -0.13309179287493056 0.17465874530811876 -0.0055829885015737588 -0.011327415833203309 -0.046896325419996616 -0.10404920030058559 -0.023221218530852898 -0.056738472774979301 -0.072766663816202934 0.050751317491523729 0.24059260829570503 1 2 1
0.55682527851815466 0.71023268358616753 -0.19397082990794645 0.00074630348616372432 0.0093682729560283558 0.025157086698474128 0.017036452432634241 0.11222343320517017 -0.14425094121043802 0.050785425986778161 0.080806580546790838 -0.060939421312820208 0.15124070997285682 -0.1752321132878992 0.078780796647264784 -0.0079957060094194114 0.080926759216557967 -0.30153971739982721 0.22114981883528043 -0.094460053710786876 0.057276085052410143 -0.0095754670117876861 0.14647107277512214 0.078748006795433326 7.0087061493815121e-05 -0.12901374718863801 0.06798440178211132 0.034368584182916044 0.10201955683258106 0.097457522562279117 0.043135097977370793 0.072711042505472084 -0.1211097503178188 0.17123949779312195 0.22974890816891927 -0.11864796441705112 -0.095841245396942595 -0.02117748897363796 0.28227560668017559 0.0083709795040945931 0.064686622584057302 -0.014128269867297876 0.15471339699563982 -0.14120094776999609 -0.065708651742204013 0.02822236102580862 0.020300485751562517 -0.019910383574227829 -0.087436558592231553 -0.23554965952208787 0.057276085052410143 0.068367332935495143 0.06798440178211132 0.034368584182916044 0.10201955683258106 0.097457522562279117 0.043135097977370793 -0.014128269867297876 0.15471339699563982 -0.14120094776999609 0.13895765128984899 -0.023827151454662757 -0.030262553389992803 0.085199028452204006 -0.11847712109681263 0.016228189689775258 -0.057926503750162797 0.12185624802031413 0.083188580407161525 -0.04338543400066918 0.10368335954050481 0.052042574156470817 -0.064104170244960734 -0.0098194058228859224 -0.044163690607043365 0.025033638223877462 -0.033200472387219085 0.083367335752963845 -0.1308067144922189 -0.28045086045385931 -0.012519160994030923 0.030605999652615824 0.030795882830295218 0.10164553301989299 -0.11915898523548585 -0.10179127427463502 0.023647703420260815 -0.031129992755194211 0.022443347977157066 0.0027641769285960197 -0.035960331365285127 -0.094987048428008758 -0.078139834869361796 -0.13050448918044497 0.073442689084698615 0.043038038582347379 0.0081762863594582284 -0.051674688118939917 -0.086165391334692837 -0.029270210341952256 -0.0095754670117876861 0.012339412305690764 0.072711042505472084 -0.1211097503178188 0.17123949779312195 0.22974890816891927 -0.11864796441705112 -0.065708651742204013 0.02822236102580862 0.020300485751562517 0.10500545826588781 -0.042425889071734196 0.10016417365652536 0.016419481213261127 -0.087826665652712743 -0.11482116660274813 -0.063362296234052956 -0.01984090931590328 0.065350891588624879 0.00070385648134803466 0.052042574156470817 0.052215206878515434 0.045250438965406731 -0.044163690607043365 0.14426056167145643 0.053103904791480812 0.030605999652615824 0.030795882830295218 0.10164553301989299 -0.11915898523548585 -0.10179127427463502 -0.020083223878667521 -0.041624186717202534 0.026782368559214648 0.16892052961786963 0.081653548539621049 0.022314281214764267 0.091195339507583198 -0.0053423085512424306 0.11376791835012651 -0.031930343597600941 0.073442689084698615 0.043038038582347379 0.0081762863594582284 0.17936135736887732 -0.052771308014178855 -0.18596657617110474 0.019623273302090037 0.022623279346766632 -0.07052019791852307 0.14647107277512214 -0.41851959539918726 -0.095841245396942595 -0.02117748897363796 0.28227560668017559 0.0083709795040945931 0.064686622584057302 -0.019910383574227829 -0.087436558592231553 -0.23554965952208787 0.036458427787285044 0.084842096543524356 0.14560168956417441 0.13786547836581031 0.061662134965232221 -0.001817896211894917 0.057517037206019632 -0.022537268298815041 0.022299295008920108 0.07346443201250745 -0.064104170244960734 0.045250438965406731 -0.16881689546236053 0.025033638223877462 0.053103904791480812 -0.10405040772987129 0.023647703420260815 -0.031129992755194211 0.022443347977157066 0.0027641769285960197 -0.035960331365285127 0.022314281214764267 0.091195339507583198 -0.0053423085512424306 0.11376791835012651 -0.031930343597600941 0.20594348457480283 -0.1063364926145644 0.11498865596128982 0.0031033059092668569 0.029603880533156463 -0.051674688118939917 -0.086165391334692837 -0.029270210341952256 0.019623273302090037 0.022623279346766632 -0.07052019791852307 -0.084451021880903296 0.080768791995095665 -0.15040336667978782 1 2 1
0.2020089184799197 4.5731727539021811 0.14939777423938175 -0.029046929817640055 0.086788580450601574 0.056118029340781528 0.22507321569936026 -0.038516715612548651 0.19738718481622425 0.098138782508310818 0.070869547707703845 -0.16528201849620966 -0.0098371747615726614 -0.015845995402371409 0.015674682943028744 0.11798013891953739 0.11389169500950598 0.16758240131562033 0.11306551287181654 0.061116860690014457 -0.015287688476277001 -0.014352210288149444 0.15121009938879515 0.034513637472211818 0.14149314053214618 0.068445704730578732 -0.16254809636953696 0.29862595628691574 0.044345239281959284 0.070422584302373248 -0.04798227071716489 0.087146873037259459 -0.13762641292293021 0.072170221292879144 0.071380811092917093 0.010118754188014327 0.21817635097783467 -0.12714518674501954 0.056422327938551085 -0.12299887776944206 0.075452888132679669 0.21043819253235463 -0.065537020623881656 0.028320740841313134 -0.1889327483891855 0.33460996356373029 0.10996515405180719 0.057593627930922819 0.11025785351790894 -0.072474949980565792 -0.015287688476277001 0.51694191854428695 -0.16254809636953696 0.29862595628691574 0.044345239281959284 0.070422584302373248 -0.04798227071716489 0.21043819253235463 -0.065537020623881656 0.028320740841313134 0.038022563381072787 0.26979227537691752 0.053012672771890867 -0.16250903105745995 0.095431396814134845 0.020270292325190484 -0.22656622237410687 0.0049515967075705741 0.037809047853816349 0.14569913336201643 0.0010400557263783804 -0.014753990416046841 -0.10955251115527712 0.045086705486819791 -0.010037448841773558 -0.0977622625084551 -0.10360918684359471 -0.017869901302422723 0.097879844660920853 0.10429269760259668 -0.099528165928323198 -0.027264593151441474 0.025252029840022693 0.040695974715381694 -0.025051881565773676 -0.010162395140998979 -0.011613009059406976 0.064285457210591077 -0.0061716597601448528 0.16571485983960982 0.11863287551901949 0.021834027078011638 0.039015738702846192 -0.052512156187535186 -0.0044211201967451763 -0.0010077458824147047 0.026928733735283351 -0.029169186112565661 0.014695263511919691 0.0023248682568203253 -0.014352210288149444 1.0253422429999048 0.087146873037259459 -0.13762641292293021 0.072170221292879144 0.071380811092917093 0.010118754188014327 -0.1889327483891855 0.33460996356373029 0.10996515405180719 0.028975842639230823 0.2009516812158256 -0.083372239379495283 -0.004949192267696541 -0.097477290269138039 0.003529822073637267 -0.15050344029356244 0.14292875937812319 0.081890057777097958 -0.0098746778619804142 -0.014753990416046841 0.02272948564675234 -0.065996483499189088 -0.010037448841773558 -0.061481915328624986 -0.028970648950797019 -0.027264593151441474 0.025252029840022693 0.040695974715381694 -0.025051881565773676 -0.010162395140998979 0.21168551256187218 0.2009790644032084 -0.021409509122672352 0.062176920578684014 0.081473574230569348 -0.091022189857555363 0.029693352765736838 -0.013034231770445902 0.032735949240807402 0.034062781311954012 -0.0044211201967451763 -0.0010077458824147047 0.026928733735283351 -0.098503397417728067 0.18091917062785412 -0.06552484263866995 0.07335503145611004 0.068686790717465446 -0.016339715031841888 0.15121009938879515 -3.0843400707134352 0.21817635097783467 -0.12714518674501954 0.056422327938551085 -0.12299887776944206 0.075452888132679669 0.057593627930922819 0.11025785351790894 -0.072474949980565792 -0.21351586614606585 -0.055684328476814329 -0.12023906321388789 -0.16486944090993289 -0.14855674010564077 0.064281978815630622 0.011782344326779562 0.03522004678671934 -0.026738490539375964 0.066006360714573595 -0.10955251115527712 -0.065996483499189088 -0.071234868654135128 -0.0977622625084551 -0.028970648950797019 -0.038777205993038411 -0.011613009059406976 0.064285457210591077 -0.0061716597601448528 0.16571485983960982 0.11863287551901949 -0.091022189857555363 0.029693352765736838 -0.013034231770445902 0.032735949240807402 0.034062781311954012 0.067019059611740664 -0.12556147441715815 -0.083947773495349182 -0.11300622592428365 -0.0094044380424620558 -0.029169186112565661 0.014695263511919691 0.0023248682568203253 0.07335503145611004 0.068686790717465446 -0.016339715031841888 -0.057096817477909283 0.11173005182528489 0.045848191284504167 1 2 1
0.84359122939450648 0.91311882714242032 0.023733103872563568 -0.00025280315544430365 0.040274094502696645 -0.058067594709290606 -0.2809574440146595 0.32320807923834222 0.13414277653531612 0.2547368379261028 0.33629050552595763 -0.21788746098953443 0.10753685271833299 -0.16789558511187677 0.16913641226799783 -0.015736538979349891 -0.0556831896245647 -0.06591047034620201 -0.07362267930902977 0.17093706414057336 -0.027446604237520256 0.15081353670683495 -0.02170749376096363 0.015854574654956356 0.046124106777447403 0.041433504305430968 -0.16420199844502126 0.13796639765014554 -0.12012141976659745 0.13426950143415356 0.040114949178276349 -0.0007232851990956582 -0.037084584395113668 -0.087333042312409556 -0.018322949329788635 -0.017603725463727581 0.33609573352500477 0.024557752990040316 0.059089727119385843 -0.054671966103598868 -0.066145912039899626 -0.2906722826588492 0.15272456477763055 0.096086074454063669 -0.070593457736656443 -0.13540044258641118 -0.029790341830351952 0.065028003521610589 0.059198332496511442 0.27436508662604442 -0.027446604237520256 0.048502858137502457 -0.16420199844502126 0.13796639765014554 -0.12012141976659745 0.13426950143415356 0.040114949178276349 -0.2906722826588492 0.15272456477763055 0.096086074454063669 -0.027518404455107975 -0.085804391877298783 0.098930367853419868 -0.2203530391216445 -0.17651535041653935 0.065608281637814334 -0.014971283523421006 0.18665157404701552 -0.10236157131636768 -0.10932001093036006 0.0080731793853456267 0.1187537790427141 0.050738524899410949 -0.1297255220319615 -0.065991292012709174 0.099501207958442389 0.13683288458640896 0.071567657809675694 -0.046558797584646594 0.093510748639709776 0.046278332548475132 0.011390597512891683 0.046478501079370793 0.091914038400082387 0.022317584699404217 -0.027771093180488482 0.071566277486274754 0.049961403231252727 0.097219956664378299 -0.030957614311720633 0.0017240053700930159 -0.011970828768218466 0.11822483024689651 -0.028457945461374725 0.045480715608696154 0.094553553749346084 -0.1209669523218924 0.08222066142881887 0.064706140488211383 0.05642178756422888 0.15081353670683495 -0.10856747887627399 -0.0007232851990956582 -0.037084584395113668 -0.087333042312409556 -0.018322949329788635 -0.017603725463727581 -0.070593457736656443 -0.13540044258641118 -0.029790341830351952 -0.15321351606810374 0.042130550966276138 0.097052402469947008 -0.066289563240329294 0.11153536400643325 -0.044848055116419636 0.21668263027227003 0.09758155271337024 0.018214520668060442 0.0028053065566467804 0.1187537790427141 0.018519863498797914 -0.13648992490173251 -0.065991292012709174 0.018406108443474092 0.00031092878163107305 0.011390597512891683 0.046478501079370793 0.091914038400082387 0.022317584699404217 -0.027771093180488482 0.15021724561400146 -0.058880752495653992 -0.12070904955588201 0.13238375269650068 -0.01029085651147299 -0.0140245560692231 -0.021710382886349203 -0.15737434691082947 -0.020507580208603004 0.0038581976565467517 0.045480715608696154 0.094553553749346084 -0.1209669523218924 -0.072699648662217856 -0.012401362228268584 0.085708740549485712 -0.025379859946393087 0.082374124077046099 0.156903971507418 -0.02170749376096363 0.072612212424979464 0.33609573352500477 0.024557752990040316 0.059089727119385843 -0.054671966103598868 -0.066145912039899626 0.065028003521610589 0.059198332496511442 0.27436508662604442 0.12076039814309057 -0.014251650573825454 -0.018109476249950587 -0.026838741102463266 -0.16207796661464213 -0.084147225803394649 -0.11786540581748702 -0.13821259344115253 -0.14082374695213479 -0.046497943055915127 0.050738524899410949 -0.13648992490173251 -0.041316524672976057 0.099501207958442389 0.00031092878163107305 0.06763945955225012 0.071566277486274754 0.049961403231252727 0.097219956664378299 -0.030957614311720633 0.0017240053700930159 -0.0140245560692231 -0.021710382886349203 -0.15737434691082947 -0.020507580208603004 0.0038581976565467517 0.17155305188396766 -0.042120772009421957 0.048520434618550032 0.068287684760829775 0.060203085589532461 0.08222066142881887 0.064706140488211383 0.05642178756422888 -0.025379859946393087 0.082374124077046099 0.156903971507418 -0.070347928196527867 -0.01951547061352582 0.22143954373447908 1 2 1
0.2188745318644994 2.1065748443993639 -0.13090715205820314 0.049500929052842375 0.13480592208550823 -0.076461362653074488 0.021988834542309359 -0.051321422233602983 0.035530788896998844 0.039848207596021756 -0.25662504681987131 -0.048932735228354542 -0.0083854905003032006 0.016110570059488186 0.031242023752901256 -0.11462355658522594 -0.147292696422758 0.10459450433738325 -0.17375557940851993 0.021943630402323173 0.081034881059703287 0.046985881118129909 0.022856435447277123 0.072401447465053698 -0.21120848785526355 -0.013400730792524315 0.021249218660382679 -0.064208326581073186 -0.080888042470938948 0.1082342508124861 0.064439490016281298 0.011726715086596472 0.047016112642824397 0.14368546536579974 0.0048568517292321119 -0.051565340236592191 -0.054334985572876228 0.022943328610599684 -0.096629619719871038 -0.090611383451935701 -0.048586159081325943 0.059804431263838227 -0.12079467267481485 0.084975851568070401 -0.23564077198664923 -0.060612374267021818 -0.015005270758964807 -0.082500739180160404 -0.012013364345092179 0.045244710141021785 0.081034881059703287 -0.44913674357997035 0.021249218660382679 -0.064208326581073186 -0.080888042470938948 0.1082342508124861 0.064439490016281298 0.059804431263838227 -0.12079467267481485 0.084975851568070401 0.18486520505264795 0.13982175546361228 0.16302629762199305 -0.10404434571864932 0.01605036333242963 0.028270060973608381 -0.016861930541792306 -0.092539434289200029 0.044488563787443675 0.17855322451742928 -0.049930898505380454 -0.13278021094642672 0.067471130903715079 -0.121351443193479 0.054469936764969078 0.016143150189595522 -0.040695979196160914 0.1116922516891829 -0.17813194031593862 -0.054479887885070924 -0.015424690299588704 0.040347112596380415 0.051081552772360532 0.012573446798238547 0.12151748388298271 -0.05151013497378059 0.09398753588430106 -0.071681984310410576 -0.033604742703784357 0.04557197247166999 -0.065837798533433758 0.2267537384978271 -0.076356768128509916 0.067647886343630309 0.048017054122958702 -0.00063092559172737983 -0.069157499513958318 -0.072363872871172519 0.074030737202672336 -0.023662324735082112 0.046985881118129909 -1.4171944100498901 0.011726715086596472 0.047016112642824397 0.14368546536579974 0.0048568517292321119 -0.051565340236592191 -0.23564077198664923 -0.060612374267021818 -0.015005270758964807 -0.14097152421634843 0.14739231674674078 -0.09834785812630048 -0.054026119757725782 0.15253474699516542 0.10054981811828807 -0.17958936990186589 0.025038066117871557 -0.16203328866512506 -0.11911284399621445 -0.13278021094642672 0.075193813258851827 0.072879653151976462 0.054469936764969078 0.10046609747296485 0.0021649387675475762 0.040347112596380415 0.051081552772360532 0.012573446798238547 0.12151748388298271 -0.05151013497378059 0.0017113149306301448 -0.096556703440669633 -0.0243821068239208 0.065284306957400839 0.096067778765167977 -0.0033537571781647704 0.076799425097682741 -0.0065979513441382781 -0.088889510525425902 0.11204913560348526 0.048017054122958702 -0.00063092559172737983 -0.069157499513958318 -0.028567274937709053 -0.029287922705085456 -0.069706666918934762 0.1133019281027341 0.07754359170577009 0.1278176769944509 0.022856435447277123 -0.28120915765796012 -0.054334985572876228 0.022943328610599684 -0.096629619719871038 -0.090611383451935701 -0.048586159081325943 -0.082500739180160404 -0.012013364345092179 0.045244710141021785 0.0085317662411877725 0.077584984346078023 0.079304982650518926 0.077477773205783002 -0.030523771197612622 0.0060377660063585664 0.037195156505217555 -0.10331231091531129 0.22810770075717018 0.024368825467101923 0.067471130903715079 0.072879653151976462 -0.10342078856437918 0.016143150189595522 0.0021649387675475762 0.10158573231961446 0.09398753588430106 -0.071681984310410576 -0.033604742703784357 0.04557197247166999 -0.065837798533433758 -0.0033537571781647704 0.076799425097682741 -0.0065979513441382781 -0.088889510525425902 0.11204913560348526 0.14957587474427778 -0.066914044079351878 0.026542938495369997 -0.030289877267987667 -0.099020345474310059 -0.072363872871172519 0.074030737202672336 -0.023662324735082112 0.1133019281027341 0.07754359170577009 0.1278176769944509 -0.018435382896875418 -0.11708191647619369 -0.063632689233361767 1 2 1
0.43486293862690933 1.7991555043907863 0.11020633202522637 0.14592834132138097 -0.11151793706084068 0.12391502348079422 0.16646216337293446 0.22914264360163533 -0.030625808148825519 0.19783072795732864 -0.14260085887523299 0.04718551224009071 0.060893995705479355 0.11013071119191195 -0.016570860325635182 0.062570495620721533 0.14989393468106552 0.040425922460036554 -0.15958958111482052 -0.10573202260749211 0.14326801366713873 0.014630547581303556 0.081205419000070306 -0.03570264140625725 0.19538848938824116 0.1143393279032575 0.041252124697531985 0.022375317851429138 0.021325538612655296 -0.020086172560714686 0.034699940240758051 -0.010712663700192681 -0.18483004692195493 -0.024089753212665831 0.13189016402195006 -0.033199648397502217 -0.080485747961767135 0.13531121938107135 -0.1439305030527302 -0.11331615782662147 0.15343367404804592 0.20906922323871677 -0.010666784816794752 0.022141338740361463 0.003347607371342961 0.25467244081016022 0.10782484114954249 0.01247485391230348 0.008264640078701202 0.036452254772309532 0.14326801366713873 -0.67484269348232917 0.041252124697531985 0.022375317851429138 0.021325538612655296 -0.020086172560714686 0.034699940240758051 0.20906922323871677 -0.010666784816794752 0.022141338740361463 -0.018559532544904219 -0.066897120114060002 -0.06854095264238956 0.048171661861033804 -0.030418421716883748 0.018896331385919868 0.012654837941402569 0.094387436854589585 -0.022598870323615679 0.002194638822238588 0.13796569707576831 -0.032475971480371658 0.080029489581507601 -0.087716705132599895 -0.0072028769436306012 -0.060108334892284038 -0.12271538349072825 0.086167827566645427 -0.061359198197375092 0.1462900759086079 -0.082513364018372407 0.1508740007378479 0.050318172436577213 0.085847054686412849 -0.039168719609154579 0.0022693285881501407 -0.0065206937446862651 0.093999544222262088 -0.045860019840354364 -0.098559109791723748 -0.035711157075484376 0.11620713584754488 -0.080962536971356497 -0.098071984029404841 -0.013595164613354086 -0.054290084220750115 0.050111750158934508 0.032662526045715672 0.025744211182728606 -0.0084822935489162476 0.014630547581303556 0.38877964562562461 -0.010712663700192681 -0.18483004692195493 -0.024089753212665831 0.13189016402195006 -0.033199648397502217 0.003347607371342961 0.25467244081016022 0.10782484114954249 0.092951177291371367 -0.074214019598160527 -0.0054139862040680454 0.1123601792647469 0.15244708228455273 -0.0027163440816764632 0.033438682059438243 -0.0066713258276815002 -0.094053416097922615 0.0059997171999411824 -0.032475971480371658 0.025218260430236502 -0.13815511559042817 -0.0072028769436306012 0.068512060398857544 0.03570750184843248 0.1508740007378479 0.050318172436577213 0.085847054686412849 -0.039168719609154579 0.0022693285881501407 0.27132249374686457 -0.10222482702477419 -0.059451846379803934 -0.060565558718123448 -0.0048859657189964283 -0.03459023757395379 -0.028772433731411463 0.034063824605225702 0.034060080663583583 -0.0088712364085808178 -0.013595164613354086 -0.054290084220750115 0.050111750158934508 0.11076273543553124 0.049060003936576863 0.11572279216386737 0.052307686621501696 -0.098863002607710027 -0.042183687517208086 0.081205419000070306 -0.07303875740105141 -0.080485747961767135 0.13531121938107135 -0.1439305030527302 -0.11331615782662147 0.15343367404804592 0.01247485391230348 0.008264640078701202 0.036452254772309532 -0.021196939434588086 0.02379288240088482 0.094158906998758424 0.13542020382233799 -0.042835761247458581 -0.034679241774580559 -0.064253391469778945 0.095615948004714887 0.03247603145737557 -0.02455851361792348 0.080029489581507601 -0.13815511559042817 0.09041532353851528 -0.060108334892284038 0.03570750184843248 -0.045198262375064122 -0.0065206937446862651 0.093999544222262088 -0.045860019840354364 -0.098559109791723748 -0.035711157075484376 -0.03459023757395379 -0.028772433731411463 0.034063824605225702 0.034060080663583583 -0.0088712364085808178 -0.14868716742048946 -0.13604618473358279 0.054248359331539688 -0.1207090727240669 0.08188518533498261 0.032662526045715672 0.025744211182728606 -0.0084822935489162476 0.052307686621501696 -0.098863002607710027 -0.042183687517208086 -0.01904119433715221 -0.08511081663695573 0.00040444301151047139 1 2 1
0.53061238822426771 1.8012407741078302 0.018091435170458681 0.012787079543122141 0.00068231109641316164 0.11772499222223569 0.031300371486742522 -0.087356759050999003 -0.2917743849887543 -0.049750166598116263 -0.031800949499920829 -0.13730409335918381 0.21476839002177844 -0.1706470039947714 -0.10842884344054646 -0.16823687046902933 0.16416259285967516 0.014448061014483938 -0.18066100806063756 0.16255640099322233 0.020178345113110542 -0.045425662057564938 0.051099302898751107 0.11795551866217258 -0.059712747511500568 0.10708595060790276 0.098790848958547187 -0.11684732214311173 0.13772498592448651 0.11933630922746208 -0.034062544154518586 0.0896365530448133 0.10874257926983752 0.17939311989880569 0.2295118054015472 -0.0058253887882496018 0.028829275020610577 0.22966089765083489 0.096602737739066857 -0.060473696678175377 0.16435024352672839 -0.13693157078335988 0.016472251345734785 0.047980304294381972 0.056835486918455871 0.24387936547863434 0.035541290556968363 0.0026813330476393579 -0.074533292749390176 0.035064306579852961 0.020178345113110542 0.15380240360299594 0.098790848958547187 -0.11684732214311173 0.13772498592448651 0.11933630922746208 -0.034062544154518586 -0.13693157078335988 0.016472251345734785 0.047980304294381972 -0.14768955349543311 -0.062784499257849777 -0.083357244733944832 -0.052514649761298493 0.14678628223002718 -0.098032109199440304 0.078508868269090648 0.16592746337376449 -0.036304291891101993 -0.14470353723587323 0.053423611854248515 0.057170281439292536 0.057624801835582246 -0.18711630831994699 0.077168485722476143 0.055219012607286323 -0.17306698277237209 0.028428622035156999 0.021679101240093562 -0.10213339539420166 0.016678114398799085 0.0064179489967110953 -0.0180112710102674 0.038352445280755161 -0.063418109281983895 -0.035120612417426589 -0.045701560866646319 -0.03676339731139925 -0.091952104106870575 -0.076770620910453544 0.075263233217070652 0.00072454191237405162 -0.086437821203605103 0.030512270670813902 -0.0089371725292119973 -0.0032443555539234184 -0.16014623493464997 -0.065253714166521662 0.00078151982286405255 0.003001655835520263 -0.045425662057564938 0.041668471502183439 0.0896365530448133 0.10874257926983752 0.17939311989880569 0.2295118054015472 -0.0058253887882496018 0.056835486918455871 0.24387936547863434 0.035541290556968363 0.045822795302258967 -0.030652372879140612 0.039382073696821174 0.061497260008138571 -0.071928091388929916 -0.10895138674441562 -0.049378170527075133 -0.14688966906960332 -0.069352636791102026 0.047444895950341182 0.057170281439292536 -0.019616791190346441 0.013792223430157294 0.077168485722476143 -0.11412065017860845 -0.0098353667986836417 0.0064179489967110953 -0.0180112710102674 0.038352445280755161 -0.063418109281983895 -0.035120612417426589 -0.17358408064161868 -0.11335044324228312 0.065989754108069995 -0.084732292339436854 -0.13243594388279281 0.085666169684036009 0.005230105555182666 0.03068219146041604 0.022354200830095955 -0.067317750394618042 -0.0089371725292119973 -0.0032443555539234184 -0.16014623493464997 -0.012454900287465834 -0.0048802477954270696 0.067918871528497321 -0.022191495806655512 -0.094147768802765472 0.089418787384817733 0.051099302898751107 0.028351774349880871 0.028829275020610577 0.22966089765083489 0.096602737739066857 -0.060473696678175377 0.16435024352672839 0.0026813330476393579 -0.074533292749390176 0.035064306579852961 -0.031583240961167339 -0.059435542282030934 -0.047702273551282953 -0.01806733794491841 -0.010763689491337602 0.014599660180663016 0.16699710504936557 0.17924391542375476 -0.12561864607669862 0.10192703043101335 0.057624801835582246 0.013792223430157294 0.11524912532171637 0.055219012607286323 -0.0098353667986836417 0.01905664936434226 -0.045701560866646319 -0.03676339731139925 -0.091952104106870575 -0.076770620910453544 0.075263233217070652 0.085666169684036009 0.005230105555182666 0.03068219146041604 0.022354200830095955 -0.067317750394618042 -0.082645202766957304 0.14696633002173123 -0.021341456871116601 -0.076342516721415246 -0.17902181516657567 -0.065253714166521662 0.00078151982286405255 0.003001655835520263 -0.022191495806655512 -0.094147768802765472 0.089418787384817733 0.00015598023806073823 -0.0048944333911997671 0.019022725150546663 1 2 1
0.79032339838249754 0.92621919933627128 0.016045734862764612 -0.12760973762753053 0.10555016095994872 0.14683612129194681 0.091559878106350565 -0.15728443155832347 -0.17348942577931842 -0.15873060622263135 -0.099224752445836631 0.023303568382121397 0.068293848871199103 -0.2233431972957626 0.065348955690967339 -0.048849861824866746 -0.10904026178537134 -0.37008661562371048 -0.0046635478585831218 -0.0050453910897548145 -0.071129030587353537 0.045867454926485085 0.061363113291339789 0.14797393639514622 -0.14344788150344864 0.065610644319013034 -0.10358913749554903 0.16626558975783842 0.017202443891629775 -0.039541266943299458 -0.054414912567322171 -0.074917854381216481 0.10918634609097214 0.069979028853432781 -0.099155464712715816 0.081160321987557849 0.094651348079267519 -0.099732574239558031 0.047260979522747125 -0.17144733569135681 -0.00029691840165460651 -0.036828482992216451 -0.16745650983691521 -0.10791616570289594 -0.13080532069169706 -0.20985790003176491 0.05830670384264134 0.052382885852121058 0.1648164039901657 0.02137286116384637 -0.071129030587353537 0.27059177368785087 -0.10358913749554903 0.16626558975783842 0.017202443891629775 -0.039541266943299458 -0.054414912567322171 -0.036828482992216451 -0.16745650983691521 -0.10791616570289594 -0.03251560963315684 -0.076371518748460307 -0.038600650259706125 0.025372086050309134 0.075724801878639003 0.0518614102673991 0.10266969581174666 0.052015791481605761 -0.087928006571761849 0.10892749746049385 -0.063444145194741924 0.0027159220812218998 -0.059856045501919634 0.040814860862044763 -0.13204479162199548 0.029492464645102766 -0.12539948792124689 0.010816493924250017 -0.007245702162937526 0.033698634830469566 0.14316618612031173 0.021919211314772844 0.062596589608932163 0.0439714914406895 0.019979892907864852 -0.0012602294821068092 0.059440401588015765 -0.049387311099500418 -0.024874050784358611 0.14689493688604666 -0.06262573603194363 -0.041218413292925415 -0.066392273843951286 -0.059420423893342712 -0.043211024135980283 -0.097199783998817485 -0.048358315147294044 -0.025331034756605593 -0.0056645953444408453 0.015327296815591737 0.045867454926485085 -0.23525964087813067 -0.074917854381216481 0.10918634609097214 0.069979028853432781 -0.099155464712715816 0.081160321987557849 -0.13080532069169706 -0.20985790003176491 0.05830670384264134 0.014493769994616901 -0.14906310294386654 -0.11813852660922966 -0.0064563198911709229 -0.04899245486976004 0.17352027733654876 -0.1392144899356989 -0.012100217527549374 -0.034827978897502478 -0.13214358457816772 0.0027159220812218998 -0.13134983140044595 -0.049099647196906099 -0.13204479162199548 -0.049284764247422168 -0.095079106857849177 0.021919211314772844 0.062596589608932163 0.0439714914406895 0.019979892907864852 -0.0012602294821068092 0.050283456774148028 -0.11659148432114406 -0.080225866715279065 -0.030134612312574152 -0.0074872321844764965 -0.079933174137271551 0.049687690035698284 0.026068238067358921 -0.02890992306612631 -0.025710261196373603 -0.043211024135980283 -0.097199783998817485 -0.048358315147294044 0.028827219079854968 -0.033555274719636215 -0.027374728435746593 -0.0054087371380673287 0.061687982992163437 0.13067743381412569 0.061363113291339789 0.011102987303028734 0.094651348079267519 -0.099732574239558031 0.047260979522747125 -0.17144733569135681 -0.00029691840165460651 0.052382885852121058 0.1648164039901657 0.02137286116384637 -0.18899661552523125 0.018048787529454713 -0.0053354304564269053 -0.16524164356131943 -0.09966167505900328 -0.13963473648988403 -0.077775751421685912 0.15729775141318394 0.020833293702931632 -0.03327276448308724 -0.059856045501919634 -0.049099647196906099 0.066984101514258529 0.029492464645102766 -0.095079106857849177 -0.076804768284150574 0.059440401588015765 -0.049387311099500418 -0.024874050784358611 0.14689493688604666 -0.06262573603194363 -0.079933174137271551 0.049687690035698284 0.026068238067358921 -0.02890992306612631 -0.025710261196373603 -0.16173180138401946 -0.028526929567274192 -0.053279660267647605 -0.11119277908266263 -0.024770153864642416 -0.025331034756605593 -0.0056645953444408453 0.015327296815591737 -0.0054087371380673287 0.061687982992163437 0.13067743381412569 0.0016458451770438327 -0.0045381022240927145 -0.23059990734807731 1 2 1
0.22496458763998267 4.2926876914497445 -0.044081137380617606 -0.032646928825272134 -0.16538185472790737 -0.19105178792929839 -0.045776713209933949 -0.097457563786473467 0.1115853283006164 -0.14226461032100921 0.011414063946717548 0.0093513180542395703 -0.11645963517274356 -0.10356525298653348 0.19720060932725578 0.035862066434120939 -0.35848167252424457 -0.045587237874364632 -0.20139382605914413 0.13349146201904138 0.14044899399048 0.22436220349077418 -0.077845838712449517 -0.13979930559203965 0.11825197715617529 -0.039926754255193118 -0.089628360074457861 0.17974220978780625 -0.18374506793269785 -0.12605251693908662 -0.091475235344102651 0.19393904802600589 -0.30416929784455382 -0.016184022969582431 -0.070631670117756382 -0.085665463669284306 -0.10974478143070847 -0.021805753222380708 0.13101739553451144 -0.047919343669365261 -0.13505811562587433 0.013879599614629059 -0.061095033646085976 0.22556435881005316 0.19280734010768025 -0.041359584470774112 0.10896323444253711 -0.14011905372404598 0.11338401050487504 0.064132531692661268 0.14044899399048 -3.3014217089137659 -0.089628360074457861 0.17974220978780625 -0.18374506793269785 -0.12605251693908662 -0.091475235344102651 0.013879599614629059 -0.061095033646085976 0.22556435881005316 0.10882130301766507 -0.055510793572619122 0.016270998734764612 0.027323370465715785 0.039054442377747002 -0.052025789340620215 0.0066151077801315464 0.14136213958576216 0.0076410399725321786 -0.25864723167316844 0.0019613149218192755 0.093971217517140604 0.10339988165957384 -0.12237319783182597 0.089440709792042883 0.0048976425704774784 -0.14651266980642166 -0.08109395849051354 -0.018427866596118961 0.038781444253866641 -0.026004414794351949 -0.046128325418634902 0.13222078968098608 -0.047020802324351296 0.035698036993228759 0.087958223826809581 -0.066294941238032937 0.085107466945985727 -0.018598833012937074 0.090631188136249763 -0.0094850614498664734 -0.10675372673831525 0.13047043445344436 -0.049140053488770208 -0.037414486351127478 -0.12392100834871725 0.025383850635792231 -0.046472177252132069 0.018545194180052377 0.095692494655839733 0.22436220349077418 -3.755546155323235 0.19393904802600589 -0.30416929784455382 -0.016184022969582431 -0.070631670117756382 -0.085665463669284306 0.19280734010768025 -0.041359584470774112 0.10896323444253711 0.11270122134534738 -0.029259106154523318 -0.013212501260547245 -0.14655510613985909 -0.059603585741931059 -0.015150604558106082 0.053261114806138654 -0.035692148002567092 -0.016869682363630262 -0.053287144942421677 0.093971217517140604 -0.0084142046915675808 -0.027743074941090799 0.089440709792042883 -0.12355115972534934 0.079741955549805774 -0.046128325418634902 0.13222078968098608 -0.047020802324351296 0.035698036993228759 0.087958223826809581 -0.065565378292779655 -0.065608931212815386 0.048300120852604198 -0.046550263328652093 -0.12202896042489991 0.0025404155507872256 0.14739303140170751 0.053534631195464782 -0.078301094315749137 0.11065091329792967 -0.037414486351127478 -0.12392100834871725 0.025383850635792231 0.05303968617317531 0.05946896382300311 -0.17005890449966266 0.042743850964058541 0.036319123467752235 -0.026763202675783825 -0.077845838712449517 1.3079441635818858 -0.10974478143070847 -0.021805753222380708 0.13101739553451144 -0.047919343669365261 -0.13505811562587433 -0.14011905372404598 0.11338401050487504 0.064132531692661268 -0.13403188881202521 0.078659820372116857 -0.069186989012787123 -0.041617165431102533 0.12902162280091636 -0.020670308778716048 0.097865000774067928 0.06122559372452005 0.04390304275852891 0.11713055317505011 0.10339988165957384 -0.027743074941090799 0.068982870257633874 0.0048976425704774784 0.079741955549805774 0.04123336257771737 -0.066294941238032937 0.085107466945985727 -0.018598833012937074 0.090631188136249763 -0.0094850614498664734 0.0025404155507872256 0.14739303140170751 0.053534631195464782 -0.078301094315749137 0.11065091329792967 -0.010590748234595972 0.11384505449177565 0.057125765341699192 0.031375712194113822 -0.13199536410740378 -0.046472177252132069 0.018545194180052377 0.095692494655839733 0.042743850964058541 0.036319123467752235 -0.026763202675783825 -0.0047403518492368443 0.0032415403046380771 -0.11569560507075707 1 2 1
0.38169291575905911 1.3722270794609992 0.038927328387078484 0.042294716506265276 0.085270638453554731 -0.11726352240393179 -0.13246804233759724 -0.08313314976646434 -0.0060241911307141365 0.01588427146148574 -0.016019206940733787 -0.18662257133596508 0.10244119374490833 0.060507141636231561 0.084215266785950676 -0.029719024668844764 -0.059077595049943872 -0.11652764076297273 -0.18961703936918595 -0.090903172683159214 0.36280709778261977 -0.17510890433185675 0.046834205693669501 -0.11519539035097642 -0.1324843491695562 0.01263397711626071 0.035716363741233707 0.16708788897844723 -0.059763253829339981 -0.067785694726767529 -0.12628830668522603 0.040719977343639732 0.10726049939950213 0.10965427186126521 0.067114340710332149 0.035257046336110855 -0.015866805667570046 0.24755731843881168 0.011752364016909085 -0.04069489299397825 0.13475692400976866 0.13314894412429809 0.00049371185881614426 0.07709372454531345 -0.17479477513840755 -0.1907088930609292 -0.19094709582485969 -0.15854813212763821 0.18551656235278829 0.1858675280460837 0.36280709778261977 -1.6061317599510405 0.035716363741233707 0.16708788897844723 -0.059763253829339981 -0.067785694726767529 -0.12628830668522603 0.13314894412429809 0.00049371185881614426 0.07709372454531345 -0.07789964716898895 -0.094495671514107357 -0.053544511524268368 0.0581104995450085 0.088518136104855011 -0.047925002106818576 0.17551408948412534 -0.011397223502580447 0.1747812900212245 0.12381552888711483 -0.081464888652950609 -0.080630438369346497 -0.040240162063139281 -0.025235743071268135 -0.08440811204466897 0.0035121286092198653 0.086423391995338605 -0.00023116907811727649 0.12755083687464483 0.26245076400807721 0.092192515658057805 0.025959143913204932 0.013927697286968944 -0.031003268789332388 0.11003284350575966 0.15154571234480951 0.057776466440761953 -0.042856342596450478 0.060027149210614826 0.13200948240668631 0.038764388597624891 0.13363386883771267 -0.056963183293378933 0.048089715715584395 -0.045319181817226641 -0.046778551718909663 -0.013167308327862684 -0.031589665742784406 -0.052903392437019511 0.10364026955372799 -0.17510890433185675 0.28243864834372279 0.040719977343639732 0.10726049939950213 0.10965427186126521 0.067114340710332149 0.035257046336110855 -0.17479477513840755 -0.1907088930609292 -0.19094709582485969 -0.12123912635547066 -0.05853912549918542 0.020075771692098954 0.061387014421103649 -0.077386332785377654 -0.058391345917836582 -0.046077281111407492 -0.10813678842739893 0.0022861448322831794 -0.090516246619072746 -0.080630438369346497 -0.14230370339707824 -0.13267439192296865 -0.08440811204466897 0.079163776227799881 0.024858275658473313 0.025959143913204932 0.013927697286968944 -0.031003268789332388 0.11003284350575966 0.15154571234480951 0.054447315634132812 0.095168513712885885 -0.14280369977748883 -0.09563569935793903 0.066446317986910905 0.064032290481481888 -0.050677805538007742 -0.050521436071685188 -0.035147231492842573 -0.12128919833184748 -0.045319181817226641 -0.046778551718909663 -0.013167308327862684 -0.095321028074557834 0.053704179380074379 -0.08512121354696417 0.0278452747976882 0.12411438059438022 0.016031430572412134 0.046834205693669501 -0.13527415901591469 -0.015866805667570046 0.24755731843881168 0.011752364016909085 -0.04069489299397825 0.13475692400976866 -0.15854813212763821 0.18551656235278829 0.1858675280460837 0.021766048050465794 0.083272436167850974 -0.10400204439047658 0.10968942459404274 -0.14505219585516574 0.072868967189499631 -0.029770534524670784 -0.18295231900512685 0.099655453491301935 -0.086532117243396878 -0.040240162063139281 -0.13267439192296865 -0.099523453329923739 0.0035121286092198653 0.024858275658473313 0.032870719354861799 0.057776466440761953 -0.042856342596450478 0.060027149210614826 0.13200948240668631 0.038764388597624891 0.064032290481481888 -0.050677805538007742 -0.050521436071685188 -0.035147231492842573 -0.12128919833184748 -0.03684402203986948 -0.051999987305172558 -0.085468761298476151 -0.11020047144580614 0.02182085992868418 -0.031589665742784406 -0.052903392437019511 0.10364026955372799 0.0278452747976882 0.12411438059438022 0.016031430572412134 -0.086667557562821976 -0.030197832942367428 -0.047202320061064319 1 2 1
1.0036466710528809 0.56061985246500667 -0.051414736496649863 -0.10023178352366074 0.22381226643008814 -0.052458530228099882 -0.027695083892279631 -0.11935892747697376 -0.13378178014680214 0.11510951286518421 0.044719437948615985 -0.0060203516041683119 0.051501977485153415 0.09979810664890075 0.046017455497344102 0.14674694808860184 -0.13086345777672739 0.0033692294264789265 -0.042002278150719281 -0.033115865100055007 -0.045127753895693762 0.014625567393271156 0.14245623918058473 0.032633676974922997 0.045833308780331997 0.066576171503516496 -0.069103891116871291 0.064315424481779154 0.26246969704923118 0.17772115366436636 0.098962779449982441 -0.13986220338791383 -0.0573154525114365 -0.10124759078616738 -0.04114941263755259 -0.0017631902690199669 0.20707569656675237 -0.064425226604578945 -0.037208689340360292 -0.045635887573704056 0.11926893865304211 0.053921284822573828 0.24717923108177733 0.025073047467553438 -0.11811423636993822 -0.18977455822958303 -0.28233795020959962 -0.039313235593837752 -0.029360747060852413 -0.24672598476601759 -0.045127753895693762 0.057722696021328741 -0.069103891116871291 0.064315424481779154 0.26246969704923118 0.17772115366436636 0.098962779449982441 0.053921284822573828 0.24717923108177733 0.025073047467553438 -0.089505064637219953 -0.014831840023924387 0.03210425051581417 -0.0051726046868415271 0.1083314882189246 -0.010839967333299365 -0.056997069121953431 -0.12157104785141903 0.068814530067233357 0.016826746961251453 -0.024647023638340641 0.091929467377043106 0.13885898805141389 0.066111048869452516 0.059523514501345749 -0.024437328062997667 -0.20852595240628502 -0.07874116933110685 0.13822923447237545 -0.012295042244479694 -0.05598511566004355 0.034113179061376182 -0.048719845794642586 -0.0088990703850844594 0.14091960878522636 -0.055739660109328681 0.023942223176978486 -0.0045188663089005196 -0.11138799055272987 0.20934498501302951 -0.014434970350133101 0.041255894113353897 0.0080454948291013052 -0.028422420015197215 -0.039089818146630574 0.0098473992160112156 -0.161624195536412 -0.0073821423994054544 0.020295773990139723 -0.05796299389825818 0.014625567393271156 0.037497185445371166 -0.13986220338791383 -0.0573154525114365 -0.10124759078616738 -0.04114941263755259 -0.0017631902690199669 -0.11811423636993822 -0.18977455822958303 -0.28233795020959962 -0.010264845749412516 -0.073765531847769086 0.1649395513602008 -0.00047628173840932311 -0.077701959885062108 0.048125572924777454 0.086078570448985953 0.055037669698329378 0.029741572564944092 -0.0024995461484687391 0.091929467377043106 0.048024472690965027 0.036285503006943269 0.059523514501345749 0.063419491669364211 0.095518128567320337 0.034113179061376182 -0.048719845794642586 -0.0088990703850844594 0.14091960878522636 -0.055739660109328681 -0.0065468812821706836 0.061666046069919302 -0.00049899913698292226 0.086423598618258449 -0.12203597306793663 -0.10939539864159882 -0.0079860911963625884 -0.062113348112247592 -0.059602176138006065 0.029691587073588807 -0.039089818146630574 0.0098473992160112156 -0.161624195536412 0.009689004638875065 0.10845289539825294 0.062753920920882139 -0.0070109357077739153 -0.041607203840429 0.06060022378472775 0.14245623918058473 -0.013239344753351453 0.20707569656675237 -0.064425226604578945 -0.037208689340360292 -0.045635887573704056 0.11926893865304211 -0.039313235593837752 -0.029360747060852413 -0.24672598476601759 0.051569197161178928 -0.0725627708491728 0.094469767716123088 0.29732811104644402 -0.19984416083772874 0.19056787105941977 0.081365494710607167 -0.073608028836754061 0.078359117266808734 -0.12267110387362551 0.13885898805141389 0.036285503006943269 -0.11562066417116312 -0.024437328062997667 0.095518128567320337 0.0010646983127769714 0.023942223176978486 -0.0045188663089005196 -0.11138799055272987 0.20934498501302951 -0.014434970350133101 -0.10939539864159882 -0.0079860911963625884 -0.062113348112247592 -0.059602176138006065 0.029691587073588807 0.017415598983538085 0.17653182562717948 -0.079824176654027024 -0.048641366885611409 -0.017234975201821892 -0.0073821423994054544 0.020295773990139723 -0.05796299389825818 -0.0070109357077739153 -0.041607203840429 0.06060022378472775 0.11311970673849409 0.091809635018167468 -0.046304962940480809 1 2 1
0.29101940361261275 1.2807686226927559 -0.018860491851181122 -0.11238674469771223 0.07966730427918961 0.078858516591471278 -0.14959689892934827 -0.31372224633831425 -0.032994799022796006 0.13248709631450811 0.01446367102894671 0.31066112359291442 -0.018021690665617252 0.19708400172597579 0.090509225572839802 -0.0095352680696917484 -0.12418483903578355 0.05210185576209736 -0.0093246688482885032 -0.0095908550252261256 -0.011261759971407267 -0.018731417787205707 0.11772722314322126 -0.00091155206236941534 0.27261854410966774 0.14239258308587902 -0.13289324883726969 -0.095745996682799872 0.18520904762778315 0.020451273501422156 -0.060061502285792857 -0.08610603916852487 -0.053443746568367194 0.13700236793152304 0.15914549365922184 0.12931438285747376 0.30650443495592639 0.12692974429247805 0.085071196642986194 0.1095779290401553 -0.046390155792234627 -0.0050508761095513707 0.00018908987144880039 -0.074904931868174388 -0.10341921378662722 -0.20630743694677103 -0.11127991448170657 0.081108626768600298 -0.021526261139682198 -0.24395860659844373 -0.011261759971407267 0.046430432395816595 -0.13289324883726969 -0.095745996682799872 0.18520904762778315 0.020451273501422156 -0.060061502285792857 -0.0050508761095513707 0.00018908987144880039 -0.074904931868174388 -0.0015610770684102318 0.065241153948839101 0.019108892859619451 0.15488912646674866 -0.10274309137770316 -0.091806829286623926 -0.043833971345528008 0.15962602902197953 -0.27657541629308613 0.03123117564450455 -0.21078635673399992 -0.10029844227917808 0.103263957430061 -0.18537104291990292 0.0036710303349124715 -0.050396887049917294 0.030616211267604301 0.010676072816836324 -0.070913406692778333 0.0203209403532113 -0.031297380580545972 -0.0070623016585666006 -0.058449221169564629 -0.036886592721511416 -0.10160436724748853 0.092180281418519139 0.010404354874677023 -0.063839443492823875 -0.028985745622659487 0.095976060762234569 0.045192803514826657 -0.10818357795380716 -0.033628596705481441 -0.050853447804034196 -0.09890061505092497 -0.00059606996467330073 0.011960353821977493 -0.0069888215931365391 -0.028183072284493488 -0.1015885150889866 -0.018731417787205707 1.0192074912808831 -0.08610603916852487 -0.053443746568367194 0.13700236793152304 0.15914549365922184 0.12931438285747376 -0.10341921378662722 -0.20630743694677103 -0.11127991448170657 0.059692565091917976 0.010643922611369155 0.03138243943543071 -0.1177687498565347 -0.029748759398698584 0.11589728328189937 -0.026120709296791389 0.11402244251899846 -0.039996989065533436 0.043287529534989704 -0.10029844227917808 -0.0089016099419785642 0.0096545607345208256 0.0036710303349124715 0.038009425088723042 0.057110813032289855 -0.0070623016585666006 -0.058449221169564629 -0.036886592721511416 -0.10160436724748853 0.092180281418519139 0.12743810009693596 0.16628792097432085 0.081458990128602748 0.021471553693923014 0.0057996147100266284 0.017962453894355059 0.041002471848029971 -0.080197604683969345 -0.018436299807869979 -0.062457117825170758 -0.09890061505092497 -0.00059606996467330073 0.011960353821977493 -0.087141329804168374 0.017798373627167841 0.13216397013331613 -0.067041870818118743 -0.061480974044445955 -0.086784713400028052 0.11772722314322126 -0.028825398748579038 0.30650443495592639 0.12692974429247805 0.085071196642986194 0.1095779290401553 -0.046390155792234627 0.081108626768600298 -0.021526261139682198 -0.24395860659844373 0.056783658768485262 -0.051105539120341985 0.032105060909349135 0.078690403727927558 -0.044092804972705867 -0.034072275839677223 0.086313428055642807 0.012332715787364577 -0.044814629547418022 0.12580330621327737 0.103263957430061 0.0096545607345208256 -0.065028971326224039 -0.050396887049917294 0.057110813032289855 0.14411811221616613 0.010404354874677023 -0.063839443492823875 -0.028985745622659487 0.095976060762234569 0.045192803514826657 0.017962453894355059 0.041002471848029971 -0.080197604683969345 -0.018436299807869979 -0.062457117825170758 -0.17179326739560213 0.17807213223567106 -0.062257694368657558 0.024729087440592684 -0.064897358507516864 -0.0069888215931365391 -0.028183072284493488 -0.1015885150889866 -0.067041870818118743 -0.061480974044445955 -0.086784713400028052 0.050895766116484067 0.0085192244065434262 0.001081377832912591 1 2 1
0.36727502790295924 1.7149719528174066 0.15111559218473031 -0.041324854376101533 -0.12115657095748662 -0.0065448610544794035 0.067863378550438613 0.095349126549723287 0.18525579305122156 0.19214428827774316 0.18154665860324296 0.059254725788685292 0.13792545907115633 0.033527797237731562 -0.16487823094616508 0.20016303373327568 0.18872657047068633 -0.18914825514092082 -0.28558668835448264 -0.046467993909416958 0.059396378524992258 0.14741975549309488 -0.15122270965005905 -0.024788679700426874 -0.027140050175698861 -0.039546097986581097 -0.10452377134229875 0.014199233081146831 -0.073749517296055292 0.096163929162229059 -0.16275586447413223 -0.023459654764546554 0.048254947943425837 -0.056349751835872271 0.064926414933648743 -0.0047162009106519491 -0.097109276698565422 0.10340833319959589 -0.0023856423105167411 -0.13180083678680432 0.011204713775026237 -0.2836820399553831 0.086333081669769288 0.10542941726352513 -0.0095936812231461905 0.012716210773812167 0.044871705053319492 0.26626820030925519 0.092107453300522737 0.091699857253125544 0.059396378524992258 -0.34484185786564947 -0.10452377134229875 0.014199233081146831 -0.073749517296055292 0.096163929162229059 -0.16275586447413223 -0.2836820399553831 0.086333081669769288 0.10542941726352513 -0.0082206930829332812 0.079544040600313323 -0.10080257581680377 0.076425751533386432 0.15488014445473383 0.085944597501726838 0.063965516264785138 -0.072308832655439928 0.022193750241659812 -0.10508095799933281 0.02602063138263367 -0.039823929389482454 -0.027268926732616619 0.22506553310630803 -0.046378427194508978 0.089620784202551707 -0.031835444619114375 0.016621195037812835 0.0042339330212398038 0.06041524296680733 -0.11768588678281872 0.025476342530550096 0.087768905706679973 0.11773665784302623 -0.010589644589644429 0.098145390972481941 0.013374325841492112 0.0010987392544880292 0.083485462560157236 -0.012085635520962899 -0.062481349831827022 0.034480329421109936 0.0027314632849860803 0.0034049166324733957 0.15577536402712394 -0.058500755781619805 -0.049268131583436583 0.035515501389313441 -0.079616716281898051 -0.075970785850374367 0.14741975549309488 -0.76226471953744479 -0.023459654764546554 0.048254947943425837 -0.056349751835872271 0.064926414933648743 -0.0047162009106519491 -0.0095936812231461905 0.012716210773812167 0.044871705053319492 -0.085059498999211267 0.10740063420818834 -0.0086028028262985345 0.0054416074820160818 0.1136779038991642 9.023639863483469e-05 0.092606661169044535 -0.021614800106826329 -0.0038799711405655413 -0.091373001231128334 -0.039823929389482454 -0.0034349862927600585 -0.14530014221680107 -0.046378427194508978 0.1505626884291256 0.062078442631823515 0.025476342530550096 0.087768905706679973 0.11773665784302623 -0.010589644589644429 0.098145390972481941 -0.035961163866492493 -0.033096109840291731 -0.09908692667915947 -0.052811810897189275 -0.029457849648446083 0.10612950040362443 -0.02749396589945477 -0.040069289194227115 0.11694998306802794 -0.027491643902179404 0.15577536402712394 -0.058500755781619805 -0.049268131583436583 -0.0091037433876897233 -0.13634913153842226 -0.022462155141237464 0.00096328123085267711 -0.088845260676626278 0.027242988093669214 -0.15122270965005905 0.59845236129256962 -0.097109276698565422 0.10340833319959589 -0.0023856423105167411 -0.13180083678680432 0.011204713775026237 0.26626820030925519 0.092107453300522737 0.091699857253125544 0.13268542058158128 0.18574752276518997 0.02531553558551888 -0.040819860685512063 -0.0091911535199272094 -0.11455116349456114 -0.015896919672040523 -0.090336224568574514 -0.026677611767923992 -0.0061609489084630542 -0.027268926732616619 -0.14530014221680107 -0.094936619380371498 0.089620784202551707 0.062078442631823515 0.033948996450610107 0.013374325841492112 0.0010987392544880292 0.083485462560157236 -0.012085635520962899 -0.062481349831827022 0.10612950040362443 -0.02749396589945477 -0.040069289194227115 0.11694998306802794 -0.027491643902179404 0.022038755478095081 -0.062667458194024611 0.0960645632483242 -0.032101042106217774 0.079437938915392789 0.035515501389313441 -0.079616716281898051 -0.075970785850374367 0.00096328123085267711 -0.088845260676626278 0.027242988093669214 -0.18876052549008937 -0.069736968256241177 -0.0070553351341403336 1 2 1
0.97464286175256842 0.5665305214518439 0.11301780110613315 -0.14487091160378351 -0.23822519726854349 0.079631218256870001 -0.26474966707788566 0.17509271833533233 -0.15406512499055292 -0.19712632423625218 0.092050205054281659 0.1346983434556705 0.043609639309839084 0.27486612764640994 -0.05495710528798968 0.11543687527811415 -0.11787212394445885 0.019765953562399324 -0.10616939524235963 0.02233220767235362 -0.098404121684798493 -0.065110677068390022 0.21468081011454934 0.10327005130806981 -0.17679110119234481 -0.095494964179362415 0.23374313085728629 0.24530378961381499 0.10935279253485791 0.042188068990797134 -0.028055998633561577 -0.046114323867274744 0.15968107367264078 0.064825912215922946 -0.090749661944734161 -0.027084637591239649 0.0044472006255656992 0.0275417759951566 0.19772145361244631 0.0043317999598417112 0.099229784687965783 0.23441400441598853 -0.014475937268314965 0.086593832916455976 -0.14509344520993536 0.097880142950200436 0.11908280220434557 -0.038633788840993201 -0.034411362555592191 0.045464727908288351 -0.098404121684798493 0.16315616306184919 0.23374313085728629 0.24530378961381499 0.10935279253485791 0.042188068990797134 -0.028055998633561577 0.23441400441598853 -0.014475937268314965 0.086593832916455976 0.16336662682795802 -0.1276035741392374 0.19356752679452963 -0.091398214582961462 0.013317333076866994 -0.12581344876719258 0.089027385529227579 0.036394884450299161 -0.038615546499305625 0.047287182809876455 -0.012528808390619428 -0.072613188607238532 -0.085900675432191112 -0.2070996907034317 -0.096473643731041739 0.053577828926418956 -0.15662517015871552 -0.060957648133451274 -0.022119312358965776 -0.25681535740935929 0.17019480188722225 -0.11807485038016355 0.14386239939196196 0.069903128687025778 0.025287115659990519 -0.020482068659209599 -0.010505119469990694 -0.020627584682447901 -0.036879531084937606 -0.03427183437013509 -0.01868310322146002 -0.047157527422620776 0.12643078316846454 0.14671516114371633 -0.022793928223745315 -0.032028816580836908 -0.12223552511866195 -0.050774161216908975 0.04895399222220341 0.054090040224913108 -0.065110677068390022 -0.14354377470034194 -0.046114323867274744 0.15968107367264078 0.064825912215922946 -0.090749661944734161 -0.027084637591239649 -0.14509344520993536 0.097880142950200436 0.11908280220434557 0.095043418738633589 -0.095214030595659083 0.044462651480316577 0.082651941774428528 -0.018052324356901451 0.16419784865216369 -0.055377997056531125 -0.16239380634231729 -0.10020925407114578 0.0043779425626760274 -0.072613188607238532 -0.014926331823310546 -0.076901049633663038 -0.096473643731041739 0.086401030494881612 0.002160498314908884 -0.11807485038016355 0.14386239939196196 0.069903128687025778 0.025287115659990519 -0.020482068659209599 0.10093334604349891 0.061168234114558184 -0.010300939249850358 0.0016145512348277964 0.012545846394717409 -0.12000808524113254 0.036816681427713938 0.09592582758570084 0.051366066556580998 0.03519229709681615 -0.022793928223745315 -0.032028816580836908 -0.12223552511866195 -0.095331866563973161 -0.14603597616398853 0.0074044119381355446 0.046298759577301535 0.019439668392740986 -0.017960786051376479 0.21468081011454934 -0.22276692725050903 0.0044472006255656992 0.0275417759951566 0.19772145361244631 0.0043317999598417112 0.099229784687965783 -0.038633788840993201 -0.034411362555592191 0.045464727908288351 0.009509975608368311 -0.026477621297916882 0.01436470870792696 0.012063346894974895 -0.085440867366541356 -0.036890438306488312 0.10440976536565368 -0.041455871190372057 0.084975515279505059 0.12780960886226031 -0.085900675432191112 -0.076901049633663038 0.024841341352691983 0.053577828926418956 0.002160498314908884 0.0042181034563567891 -0.010505119469990694 -0.020627584682447901 -0.036879531084937606 -0.03427183437013509 -0.01868310322146002 -0.12000808524113254 0.036816681427713938 0.09592582758570084 0.051366066556580998 0.03519229709681615 0.13734865466683324 -0.0010513621767907534 -0.061354567558635692 -0.021547656243608333 -0.053513411196287414 -0.050774161216908975 0.04895399222220341 0.054090040224913108 0.046298759577301535 0.019439668392740986 -0.017960786051376479 0.090931963120542636 0.15438532581861708 0.031462304495143298 1 2 1
