cycle,time,dt_spatial,dt_source,dt_final,max_source_rate,max_coordinate_speed,negative_real_stability_radius,limiter
1051,6.5,0.043716353057878764,1.3957170865364181,0.0065574529586818146,2,1.4296709498446134,3.489292716341045,z4c_spatial_or_other
1052,6.506557452958682,0.043711577729886542,1.3957170865364181,0.0065567366594829809,2,1.4298271361014592,3.489292716341045,z4c_spatial_or_other
1053,6.5131141896181655,0.04370692091539119,1.3957170865364181,0.0065560381373086785,2,1.4299794790163523,3.489292716341045,z4c_spatial_or_other
1054,6.5196702277554746,0.043702407352182018,1.3957170865364181,0.0065553611028273022,2,1.4301271665959938,3.489292716341045,z4c_spatial_or_other
1055,6.5262255888583018,0.043698050092062936,1.3957170865364181,0.0065547075138094402,2,1.4302697687499824,3.489292716341045,z4c_spatial_or_other
1056,6.5327802963721116,0.043693849310183927,1.3957170865364181,0.0065540773965275887,2,1.4304072766926679,3.489292716341045,z4c_spatial_or_other
1057,6.5393343737686394,0.043689805182879828,1.3957170865364181,0.0065534707774319743,2,1.4305396817033893,3.489292716341045,z4c_spatial_or_other
1058,6.5458878445460718,0.043685917887744244,1.3957170865364181,0.0065528876831616361,2,1.4306669751245837,3.489292716341045,z4c_spatial_or_other
1059,6.5524407322292335,0.043682187603705007,1.3957170865364181,0.0065523281405557507,2,1.4307891483598436,3.489292716341045,z4c_spatial_or_other
1060,6.5589930603697892,0.043678614511101367,1.3957170865364181,0.0065517921766652049,2,1.4309061928719142,3.489292716341045,z4c_spatial_or_other
1061,6.5655448525464548,0.043675198791762515,1.3957170865364181,0.0065512798187643767,2,1.431018100180645,3.489292716341045,z4c_spatial_or_other
1062,6.5720961323652194,0.043671940629087559,1.3957170865364181,0.0065507910943631339,2,1.4311248618608918,3.489292716341045,z4c_spatial_or_other
1063,6.5786469234595826,0.043668840208126856,1.3957170865364181,0.0065503260312190286,2,1.4312264695403709,3.489292716341045,z4c_spatial_or_other
1064,6.5851972494908013,0.043665897715664474,1.3957170865364181,0.006549884657349671,2,1.431322914897478,3.489292716341045,z4c_spatial_or_other
1065,6.5917471341481511,0.043663113340301665,1.3957170865364181,0.0065494670010452496,2,1.4314141896590691,3.489292716341045,z4c_spatial_or_other
1066,6.5982966011491966,0.043660487272541147,1.3957170865364181,0.0065490730908811723,2,1.4315002855982177,3.489292716341045,z4c_spatial_or_other
1067,6.6048456742400781,0.04365801970487207,1.3957170865364181,0.0065487029557308105,2,1.4315811945319461,3.489292716341045,z4c_spatial_or_other
1068,6.6113943771958086,0.043655710831855016,1.3957170865364181,0.0065483566247782525,2,1.4316569083189581,3.489292716341045,z4c_spatial_or_other
1069,6.6179427338205867,0.043653560850207183,1.3957170865364181,0.0065480341275310772,2,1.4317274188573639,3.489292716341045,z4c_spatial_or_other
1070,6.6244907679481182,0.043651569958887082,1.3957170865364181,0.006547735493833062,2,1.4317927180824235,3.489292716341045,z4c_spatial_or_other
1071,6.6310385034419514,0.043649738359178201,1.3957170865364181,0.0065474607538767299,2,1.4318527979643243,3.489292716341045,z4c_spatial_or_other
1072,6.6375859641958286,0.043648066254771599,1.3957170865364181,0.0065472099382157395,2,1.4319076505059949,3.489292716341045,z4c_spatial_or_other
1073,6.6441331741340441,0.043646522375641691,1.3957170865364181,0.0065469783563462539,2,1.4319583004138741,3.489292716341045,z4c_spatial_or_other
1074,6.6506801524903905,0.04364104010487338,1.3957170865364181,0.0065461560157310068,2,1.4321381857491671,3.489292716341045,z4c_spatial_or_other
1075,6.6572263085061216,0.04363571077120873,1.3957170865364181,0.0065453566156813093,2,1.4323130962092203,3.489292716341045,z4c_spatial_or_other
1076,6.6637716651218026,0.043630534573059314,1.3957170865364181,0.0065445801859588971,2,1.4324830216174358,3.489292716341045,z4c_spatial_or_other
1077,6.6703162453077613,0.043625511710837603,1.3957170865364181,0.0065438267566256406,2,1.4326479518284603,3.489292716341045,z4c_spatial_or_other
1078,6.6768600720643869,0.043620642387005082,1.3957170865364181,0.0065430963580507618,2,1.4328078767271712,3.489292716341045,z4c_spatial_or_other
1079,6.683403168422438,0.043615926806113495,1.3957170865364181,0.0065423890209170242,2,1.4329627862278875,3.489292716341045,z4c_spatial_or_other
1080,6.6899455574433553,0.043611365174838893,1.3957170865364181,0.0065417047762258334,2,1.4331126702738191,3.489292716341045,z4c_spatial_or_other
1081,6.6964872622195815,0.043606957702007829,1.3957170865364181,0.0065410436553011743,2,1.4332575188367764,3.489292716341045,z4c_spatial_or_other
1082,6.7030283058748825,0.04360270459861558,1.3957170865364181,0.006540405689792337,2,1.4333973219171461,3.489292716341045,z4c_spatial_or_other
1083,6.7095687115646747,0.043598606077835896,1.3957170865364181,0.0065397909116753838,2,1.4335320695441442,3.489292716341045,z4c_spatial_or_other
1084,6.7161085024763505,0.043594662355022254,1.3957170865364181,0.0065391993532533379,2,1.4336617517763568,3.489292716341045,z4c_spatial_or_other
1085,6.7226477018296036,0.043590873647700361,1.3957170865364181,0.0065386310471550538,2,1.4337863587025674,3.489292716341045,z4c_spatial_or_other
1086,6.7291863328767585,0.043587240175552176,1.3957170865364181,0.0065380860263328259,2,1.4339058804428706,3.489292716341045,z4c_spatial_or_other
1087,6.7357244189030911,0.043583762160391067,1.3957170865364181,0.0065375643240586602,2,1.4340203071500792,3.489292716341045,z4c_spatial_or_other
1088,6.7422619832271495,0.043580439826129025,1.3957170865364181,0.0065370659739193539,2,1.4341296290113987,3.489292716341045,z4c_spatial_or_other
1089,6.748799049201069,0.043577273398735482,1.3957170865364181,0.0065365910098103223,2,1.4342338362503795,3.489292716341045,z4c_spatial_or_other
1090,6.7553356402108795,0.043574263106188817,1.3957170865364181,0.0065361394659283227,2,1.4343329191291172,3.489292716341045,z4c_spatial_or_other
1091,6.7618717796768077,0.043571409178420499,1.3957170865364181,0.0065357113767630743,2,1.4344268679506977,3.489292716341045,z4c_spatial_or_other
1092,6.768407491053571,0.043568711847252931,1.3957170865364181,0.0065353067770879394,2,1.4345156730618538,3.489292716341045,z4c_spatial_or_other
1093,6.7749427978306587,0.043566171346331423,1.3957170865364181,0.0065349257019497132,2,1.4345993248558193,3.489292716341045,z4c_spatial_or_other
1094,6.7814777235326087,0.043563787911051241,1.3957170865364181,0.006534568186657686,2,1.4346778137753495,3.489292716341045,z4c_spatial_or_other
1095,6.7880122917192667,0.043561561778480543,1.3957170865364181,0.0065342342667720809,2,1.4347511303158802,3.489292716341045,z4c_spatial_or_other
1096,6.7945465259860391,0.043559493187280217,1.3957170865364181,0.0065339239780920324,2,1.4348192650287903,3.489292716341045,z4c_spatial_or_other
1097,6.8010804499641315,0.043557582377621765,1.3957170865364181,0.0065336373566432645,2,1.434882208524735,3.489292716341045,z4c_spatial_or_other
1098,6.8076140873207747,0.043555829591104017,1.3957170865364181,0.0065333744386656028,2,1.4349399514770165,3.489292716341045,z4c_spatial_or_other
1099,6.8141474617594406,0.04355260281360615,1.3957170865364181,0.0065328904220409226,2,1.4350462650299869,3.489292716341045,z4c_spatial_or_other
1100,6.8206803521814816,0.043547089339699252,1.3957170865364181,0.0065320634009548876,2,1.4352279554772107,3.489292716341045,z4c_spatial_or_other
1101,6.8272124155824363,0.043541727640010304,1.3957170865364181,0.0065312591460015453,2,1.4354046885031961,3.489292716341045,z4c_spatial_or_other
1102,6.8337436747284377,0.043536517924600671,1.3957170865364181,0.0065304776886901004,2,1.4355764535014377,3.489292716341045,z4c_spatial_or_other
1103,6.8402741524171278,0.043531460402548093,1.3957170865364181,0.0065297190603822138,2,1.4357432399934276,3.489292716341045,z4c_spatial_or_other
1104,6.8468038714775101,0.04352655528190217,1.3957170865364181,0.0065289832922853256,2,1.4359050376308269,3.489292716341045,z4c_spatial_or_other
1105,6.8533328547697954,0.043521802769652791,1.3957170865364181,0.0065282704154479183,2,1.4360618361972006,3.489292716341045,z4c_spatial_or_other
1106,6.859861125185243,0.043517203071713084,1.3957170865364181,0.0065275804607569628,2,1.4362136256092721,3.489292716341045,z4c_spatial_or_other
1107,6.866388705646,0.043512756392917538,1.3957170865364181,0.0065269134589376306,2,1.4363603959176663,3.489292716341045,z4c_spatial_or_other
1108,6.8729156191049379,0.04350846293703603,1.3957170865364181,0.0065262694405554041,2,1.436502137307123,3.489292716341045,z4c_spatial_or_other
1109,6.8794418885454931,0.043504322906804407,1.3957170865364181,0.0065256484360206608,2,1.4366388400961534,3.489292716341045,z4c_spatial_or_other
1110,6.8859675369815134,0.043500336503971927,1.3957170865364181,0.0065250504755957886,2,1.4367704947361328,3.489292716341045,z4c_spatial_or_other
1111,6.8924925874571095,0.043496503929365646,1.3957170865364181,0.006524475589404847,2,1.4368970918098223,3.489292716341045,z4c_spatial_or_other
1112,6.8990170630465144,0.043492825382971556,1.3957170865364181,0.0065239238074457336,2,1.4370186220293288,3.489292716341045,z4c_spatial_or_other
1113,6.9055409868539606,0.043489301064032017,1.3957170865364181,0.006523395159604802,2,1.4371350762335164,3.489292716341045,z4c_spatial_or_other
1114,6.9120643820135657,0.043485931171158974,1.3957170865364181,0.0065228896756738463,2,1.437246445384885,3.489292716341045,z4c_spatial_or_other
1115,6.9185872716892396,0.043482715902461742,1.3957170865364181,0.0065224073853692608,2,1.4373527205659573,3.489292716341045,z4c_spatial_or_other
1116,6.9251096790746089,0.043479655455688548,1.3957170865364181,0.0065219483183532817,2,1.4374538929752023,3.489292716341045,z4c_spatial_or_other
1117,6.9316316273929619,0.043476750028380133,1.3957170865364181,0.00652151250425702,2,1.437549953922548,3.489292716341045,z4c_spatial_or_other
1118,6.9381531398972189,0.043473999818033945,1.3957170865364181,0.0065210999727050916,2,1.4376408948245352,3.489292716341045,z4c_spatial_or_other
1119,6.9446742398699239,0.043471405022277317,1.3957170865364181,0.0065207107533415973,2,1.4377267071991648,3.489292716341045,z4c_spatial_or_other
1120,6.9511949506232655,0.043468965839047483,1.3957170865364181,0.006520344875857122,2,1.4378073826605104,3.489292716341045,z4c_spatial_or_other
1121,6.9577152954991224,0.043466682466776686,1.3957170865364181,0.0065200023700165031,2,1.4378829129131545,3.489292716341045,z4c_spatial_or_other
1122,6.9642352978691386,0.043464555104580048,1.3957170865364181,0.0065196832656870072,2,1.437953289746525,3.489292716341045,z4c_spatial_or_other
1123,6.9707549811348253,0.043462583952444407,1.3957170865364181,0.0065193875928666609,2,1.4380185050291954,3.489292716341045,z4c_spatial_or_other
1124,6.9772743687276924,0.043460769211415826,1.3957170865364181,0.0065191153817123733,2,1.4380785507032201,3.489292716341045,z4c_spatial_or_other
1125,6.9837934841094045,0.043456106298342345,1.3957170865364181,0.0065184159447513514,2,1.4382328589430962,3.489292716341045,z4c_spatial_or_other
1126,6.9903119000541558,0.043450574324148623,1.3957170865364181,0.006517586148622293,2,1.4384159696886729,3.489292716341045,z4c_spatial_or_other
1127,6.9968294862027784,0.043445191873060958,1.3957170865364181,0.0065167787809591437,2,1.4385941759128091,3.489292716341045,z4c_spatial_or_other
1128,7.0033462649837377,0.043439959114023097,1.3957170865364181,0.006515993867103464,2,1.438767468356664,3.489292716341045,z4c_spatial_or_other
1129,7.0098622588508412,0.04343487621780405,1.3957170865364181,0.0065152314326706075,2,1.4389358377952766,3.489292716341045,z4c_spatial_or_other
1130,7.0163774902835119,0.043429943357129609,1.3957170865364181,0.0065144915035694412,2,1.4390992750337028,3.489292716341045,z4c_spatial_or_other
1131,7.0228919817870814,0.043425160706795599,1.3957170865364181,0.00651377410601934,2,1.439257770903756,3.489292716341045,z4c_spatial_or_other
1132,7.0294057558931007,0.043420528443762214,1.3957170865364181,0.006513079266564332,2,1.4394113162613695,3.489292716341045,z4c_spatial_or_other
1133,7.0359188351596647,0.043416046747228973,1.3957170865364181,0.0065124070120843461,2,1.4395599019846057,3.489292716341045,z4c_spatial_or_other
1134,7.042431242171749,0.043411715798690347,1.3957170865364181,0.0065117573698035515,2,1.4397035189723026,3.489292716341045,z4c_spatial_or_other
1135,7.0489429995415529,0.043407535781972102,1.3957170865364181,0.0065111303672958148,2,1.4398421581433638,3.489292716341045,z4c_spatial_or_other
1136,7.0554541299088491,0.043403506883249281,1.3957170865364181,0.0065105260324873921,2,1.4399758104366591,3.489292716341045,z4c_spatial_or_other
1137,7.0619646559413365,0.043399629291046515,1.3957170865364181,0.006509944393656977,2,1.4401044668115162,3.489292716341045,z4c_spatial_or_other
1138,7.0684746003349934,0.043395903196222239,1.3957170865364181,0.0065093854794333354,2,1.4402281182487484,3.489292716341045,z4c_spatial_or_other
1139,7.074983985814427,0.043392328791938016,1.3957170865364181,0.0065088493187907019,2,1.4403467557521838,3.489292716341045,z4c_spatial_or_other
1140,7.0814928351332176,0.043388906273615198,1.3957170865364181,0.0065083359410422793,2,1.440460370350618,3.489292716341045,z4c_spatial_or_other
1141,7.0880011710742599,0.04338563583888095,1.3957170865364181,0.0065078453758321423,2,1.4405689531001251,3.489292716341045,z4c_spatial_or_other
1142,7.0945090164500924,0.043382517687505825,1.3957170865364181,0.0065073776531258736,2,1.4406724950866558,3.489292716341045,z4c_spatial_or_other
1143,7.1010163941032181,0.043379552021335484,1.3957170865364181,0.0065069328032003222,2,1.4407709874288341,3.489292716341045,z4c_spatial_or_other
1144,7.107523326906418,0.043376739044219126,1.3957170865364181,0.0065065108566328689,2,1.4408644212808674,3.489292716341045,z4c_spatial_or_other
1145,7.1140298377630504,0.043374078961937255,1.3957170865364181,0.0065061118442905881,2,1.4409527878354862,3.489292716341045,z4c_spatial_or_other
1146,7.1205359496073406,0.043371571982131103,1.3957170865364181,0.0065057357973196655,2,1.4410360783268295,3.489292716341045,z4c_spatial_or_other
1147,7.1270416854046603,0.04336921831423677,1.3957170865364181,0.0065053827471355154,2,1.4411142840331801,3.489292716341045,z4c_spatial_or_other
1148,7.1335470681517954,0.043367018169425758,1.3957170865364181,0.0065050527254138634,2,1.441187396279489,3.489292716341045,z4c_spatial_or_other
1149,7.1400521208772094,0.043364971760554614,1.3957170865364181,0.0065047457640831918,2,1.4412554064396019,3.489292716341045,z4c_spatial_or_other
1150,7.1465568666412924,0.043362605717884729,1.3957170865364181,0.0065043908576827092,2,1.4413340472807918,3.489292716341045,z4c_spatial_or_other
1151,7.1530612574989751,0.043356882549037565,1.3957170865364181,0.0065035323823556344,2,1.4415243053813003,3.489292716341045,z4c_spatial_or_other
1152,7.1595647898813306,0.043351306287282051,1.3957170865364181,0.0065026959430923075,2,1.4417097280949891,3.489292716341045,z4c_spatial_or_other
1153,7.1660674858244233,0.043345877118197075,1.3957170865364181,0.0065018815677295614,2,1.4418903054971706,3.489292716341045,z4c_spatial_or_other
1154,7.1725693673921525,0.043340595227939732,1.3957170865364181,0.0065010892841909597,2,1.4420660277344106,3.489292716341045,z4c_spatial_or_other
1155,7.1790704566763432,0.043335460803270484,1.3957170865364181,0.0065003191204905724,2,1.4422368850242659,3.489292716341045,z4c_spatial_or_other
1156,7.1855707757968341,0.043330474031593173,1.3957170865364181,0.0064995711047389762,2,1.4424028676545269,3.489292716341045,z4c_spatial_or_other
1157,7.1920703469015734,0.043325635101009341,1.3957170865364181,0.0064988452651514013,2,1.4425639659819773,3.489292716341045,z4c_spatial_or_other
1158,7.1985691921667252,0.043320944200386374,1.3957170865364181,0.0064981416300579561,2,1.4427201704306936,3.489292716341045,z4c_spatial_or_other
1159,7.2050673337967828,0.043316401519438733,1.3957170865364181,0.0064974602279158095,2,1.4428714714899022,3.489292716341045,z4c_spatial_or_other
1160,7.2115647940246985,0.043312007248820616,1.3957170865364181,0.0064968010873230923,2,1.4430178597114516,3.489292716341045,z4c_spatial_or_other
1161,7.2180615951120215,0.043307761580229052,1.3957170865364181,0.0064961642370343579,2,1.4431593257069335,3.489292716341045,z4c_spatial_or_other
1162,7.2245577593490555,0.043303664706515373,1.3957170865364181,0.0064955497059773059,2,1.44329586014452,3.489292716341045,z4c_spatial_or_other
1163,7.2310533090550324,0.043299716821802996,1.3957170865364181,0.0064949575232704495,2,1.4434274537455856,3.489292716341045,z4c_spatial_or_other
1164,7.2375482665783029,0.043295918121609683,1.3957170865364181,0.0064943877182414523,2,1.4435540972811767,3.489292716341045,z4c_spatial_or_other
1165,7.2440426542965444,0.043292268802971774,1.3957170865364181,0.0064938403204457661,2,1.4436757815684107,3.489292716341045,z4c_spatial_or_other
1166,7.2505364946169903,0.043288769064568383,1.3957170865364181,0.0064933153596852576,2,1.4437924974668754,3.489292716341045,z4c_spatial_or_other
1167,7.2570298099766752,0.043285419106842929,1.3957170865364181,0.0064928128660264395,2,1.4439042358751117,3.489292716341045,z4c_spatial_or_other
1168,7.2635226228427019,0.043282219132120166,1.3957170865364181,0.0064923328698180249,2,1.4440109877272473,3.489292716341045,z4c_spatial_or_other
1169,7.2700149557125195,0.043279169344716609,1.3957170865364181,0.0064918754017074913,2,1.4441127439898478,3.489292716341045,z4c_spatial_or_other
1170,7.2765068311142267,0.043276269951042168,1.3957170865364181,0.0064914404926563248,2,1.4442094956590614,3.489292716341045,z4c_spatial_or_other
1171,7.2829982716068828,0.043273521159691845,1.3957170865364181,0.006491028173953777,2,1.4443012337580958,3.489292716341045,z4c_spatial_or_other
1172,7.2894892997808363,0.043270923181525846,1.3957170865364181,0.006490638477228877,2,1.4443879493350824,3.489292716341045,z4c_spatial_or_other
1173,7.295979938258065,0.043268476229737021,1.3957170865364181,0.0064902714344605532,2,1.4444696334613645,3.489292716341045,z4c_spatial_or_other
1174,7.3024702096925251,0.043266180519905294,1.3957170865364181,0.0064899270779857935,2,1.4445462772302233,3.489292716341045,z4c_spatial_or_other
1175,7.3089601367705113,0.043264036270038393,1.3957170865364181,0.0064896054405057585,2,1.4446178717560634,3.489292716341045,z4c_spatial_or_other
1176,7.3154497422110172,0.04325998489703551,1.3957170865364181,0.0064889977345553261,2,1.4447531627382273,3.489292716341045,z4c_spatial_or_other
1177,7.3219387399455726,0.043254198132741964,1.3957170865364181,0.0064881297199112942,2,1.4449464490867445,3.489292716341045,z4c_spatial_or_other
1178,7.328426869665484,0.043248555964301806,1.3957170865364181,0.0064872833946452704,2,1.4451349555251904,3.489292716341045,z4c_spatial_or_other
1179,7.3349141530601294,0.043243058580251501,1.3957170865364181,0.0064864587870377246,2,1.4453186719901185,3.489292716341045,z4c_spatial_or_other
1180,7.3414006118471669,0.043237706170674711,1.3957170865364181,0.0064856559256012067,2,1.4454975884541634,3.489292716341045,z4c_spatial_or_other
1181,7.3478862677727683,0.043232498927210379,1.3957170865364181,0.0064848748390815567,2,1.4456716949263075,3.489292716341045,z4c_spatial_or_other
1182,7.3543711426118499,0.043227437043050453,1.3957170865364181,0.0064841155564575679,2,1.4458409814524948,3.489292716341045,z4c_spatial_or_other
1183,7.3608552581683071,0.043222520712928418,1.3957170865364181,0.0064833781069392627,2,1.4460054381165566,3.489292716341045,z4c_spatial_or_other
1184,7.367338636275246,0.043217750133100322,1.3957170865364181,0.0064826625199650477,2,1.4461650550413885,3.489292716341045,z4c_spatial_or_other
1185,7.3738212987952112,0.043213125501319991,1.3957170865364181,0.0064819688251979988,2,1.4463198223903262,3.489292716341045,z4c_spatial_or_other
1186,7.380303267620409,0.043208647016810389,1.3957170865364181,0.0064812970525215579,2,1.4464697303686525,3.489292716341045,z4c_spatial_or_other
1187,7.3867845646729302,0.043204314880233345,1.3957170865364181,0.0064806472320350014,2,1.4466147692251621,3.489292716341045,z4c_spatial_or_other
1188,7.3932652119049651,0.043200129293659566,1.3957170865364181,0.006480019394048935,2,1.4467549292537201,3.489292716341045,z4c_spatial_or_other
1189,7.399745231299014,0.043196090460541202,1.3957170865364181,0.0064794135690811805,2,1.4468902007947351,3.489292716341045,z4c_spatial_or_other
1190,7.4062246448680948,0.04319219858568913,1.3957170865364181,0.0064788297878533695,2,1.4470205742364808,3.489292716341045,z4c_spatial_or_other
1191,7.4127034746559479,0.043188453875256487,1.3957170865364181,0.006478268081288473,2,1.4471460400162062,3.489292716341045,z4c_spatial_or_other
1192,7.4191817427372362,0.043184856536730619,1.3957170865364181,0.0064777284805095925,2,1.4472665886209672,3.489292716341045,z4c_spatial_or_other
1193,7.4256594712177462,0.04318140677893452,1.3957170865364181,0.0064772110168401778,2,1.4473822105881413,3.489292716341045,z4c_spatial_or_other
1194,7.432136682234586,0.043178104812039174,1.3957170865364181,0.0064767157218058756,2,1.4474928965055776,3.489292716341045,z4c_spatial_or_other
1195,7.4386133979563915,0.043174950847587337,1.3957170865364181,0.0064762426271381002,2,1.4475986370113625,3.489292716341045,z4c_spatial_or_other
1196,7.4450896405835296,0.043171945098529591,1.3957170865364181,0.0064757917647794384,2,1.4476994227931768,3.489292716341045,z4c_spatial_or_other
1197,7.4515654323483087,0.043169087779272343,1.3957170865364181,0.0064753631668908514,2,1.4477952445872484,3.489292716341045,z4c_spatial_or_other
1198,7.4580407955151999,0.043166379105737902,1.3957170865364181,0.0064749568658606848,2,1.4478860931769042,3.489292716341045,z4c_spatial_or_other
1199,7.464515752381061,0.043163819295435592,1.3957170865364181,0.0064745728943153384,2,1.447971959390747,3.489292716341045,z4c_spatial_or_other
1200,7.470990325275376,0.04316140856754324,1.3957170865364181,0.0064742112851314858,2,1.4480528341004864,3.489292716341045,z4c_spatial_or_other
1201,7.4774645365605075,0.043159147142997831,1.3957170865364181,0.0064738720714496746,2,1.4481287082184626,3.489292716341045,z4c_spatial_or_other
1202,7.4839384086319569,0.043153341295679569,1.3957170865364181,0.0064730011943519355,2,1.4483235393468219,3.489292716341045,z4c_spatial_or_other
1203,7.4904114098263088,0.043147470680168561,1.3957170865364181,0.0064721206020252843,2,1.448520597262408,3.489292716341045,z4c_spatial_or_other
1204,7.4968835304283337,0.043141742443311336,1.3957170865364181,0.0064712613664967,2,1.4487129276738324,3.489292716341045,z4c_spatial_or_other
1205,7.5033547917948304,0.043136156772584006,1.3957170865364181,0.0064704235158876003,2,1.4489005204961385,3.489292716341045,z4c_spatial_or_other
1206,7.5098252153107179,0.043130713856473067,1.3957170865364181,0.0064696070784709602,2,1.4490833656957891,3.489292716341045,z4c_spatial_or_other
1207,7.516294822389189,0.043125413884588321,1.3957170865364181,0.0064688120826882477,2,1.4492614532874211,3.489292716341045,z4c_spatial_or_other
1208,7.5227636344718771,0.043120257047779859,1.3957170865364181,0.006468038557166979,2,1.4494347733304607,3.489292716341045,z4c_spatial_or_other
1209,7.5292316730290443,0.043115243538257179,1.3957170865364181,0.0064672865307385764,2,1.4496033159256603,3.489292716341045,z4c_spatial_or_other
1210,7.5356989595597828,0.043110373549708009,1.3957170865364181,0.006466556032456201,2,1.4497670712116415,3.489292716341045,z4c_spatial_or_other
1211,7.5421655155922389,0.043105647277414755,1.3957170865364181,0.0064658470916122129,2,1.4499260293615155,3.489292716341045,z4c_spatial_or_other
1212,7.5486313626838513,0.043101064918366343,1.3957170865364181,0.0064651597377549516,2,1.4500801805796526,3.489292716341045,z4c_spatial_or_other
1213,7.5550965224216062,0.043096626671363748,1.3957170865364181,0.0064644940007045617,2,1.4502295150986639,3.489292716341045,z4c_spatial_or_other
1214,7.5615610164223108,0.04309233273711726,1.3957170865364181,0.006463849910567589,2,1.4503740231766586,3.489292716341045,z4c_spatial_or_other
1215,7.5680248663328786,0.04308818331833441,1.3957170865364181,0.0064632274977501616,2,1.4505136950948148,3.489292716341045,z4c_spatial_or_other
1216,7.5744880938306292,0.043084178619797062,1.3957170865364181,0.0064626267929695589,2,1.450648521155314,3.489292716341045,z4c_spatial_or_other
1217,7.5809507206235986,0.043080318848427251,1.3957170865364181,0.0064620478272640874,2,1.4507784916796573,3.489292716341045,z4c_spatial_or_other
1218,7.5874127684508625,0.043076604213341092,1.3957170865364181,0.0064614906320011635,2,1.4509035970073834,3.489292716341045,z4c_spatial_or_other
1219,7.5938742590828641,0.043073034925890728,1.3957170865364181,0.0064609552388836091,2,1.4510238274951908,3.489292716341045,z4c_spatial_or_other
1220,7.6003352143217473,0.043069611199694671,1.3957170865364181,0.0064604416799542005,2,1.4511391735164554,3.489292716341045,z4c_spatial_or_other
1221,7.6067956560017018,0.043066333250656945,1.3957170865364181,0.0064599499875985416,2,1.4512496254611276,3.489292716341045,z4c_spatial_or_other
1222,7.6132556059893002,0.043063201296976078,1.3957170865364181,0.0064594801945464112,2,1.4513551737359756,3.489292716341045,z4c_spatial_or_other
1223,7.619715086183847,0.043060215559144868,1.3957170865364181,0.0064590323338717297,2,1.4514558087651428,3.489292716341045,z4c_spatial_or_other
1224,7.626174118517719,0.043057376259942493,1.3957170865364181,0.0064586064389913741,2,1.4515515209909697,3.489292716341045,z4c_spatial_or_other
1225,7.6326327249567107,0.043054683624420199,1.3957170865364181,0.0064582025436630301,2,1.4516423008750343,3.489292716341045,z4c_spatial_or_other
1226,7.6390909275003738,0.043052137879882484,1.3957170865364181,0.006457820681982372,2,1.4517281388993499,3.489292716341045,z4c_spatial_or_other
1227,7.6455487481823559,0.043048237858091427,1.3957170865364181,0.0064572356787137141,2,1.4518596604588399,3.489292716341045,z4c_spatial_or_other
1228,7.6520059838610699,0.043042122092258148,1.3957170865364181,0.0064563183138387223,2,1.4520659521859793,3.489292716341045,z4c_spatial_or_other
1229,7.6584623021749083,0.043036146250973427,1.3957170865364181,0.006455421937646014,2,1.4522675807336332,3.489292716341045,z4c_spatial_or_other
1230,7.6649177241125539,0.043030310526487064,1.3957170865364181,0.0064545465789730598,2,1.4524645357027688,3.489292716341045,z4c_spatial_or_other
1231,7.6713722706915268,0.043024615112481068,1.3957170865364181,0.0064536922668721602,2,1.4526568067280465,3.489292716341045,z4c_spatial_or_other
1232,7.6778259629583987,0.043019060204051593,1.3957170865364181,0.0064528590306077386,2,1.4528443834789693,3.489292716341045,z4c_spatial_or_other
1233,7.6842788219890066,0.043013645997692584,1.3957170865364181,0.0064520468996538873,2,1.4530272556609765,3.489292716341045,z4c_spatial_or_other
1234,7.6907308688886609,0.043008372691281722,1.3957170865364181,0.0064512559036922585,2,1.4532054130164624,3.489292716341045,z4c_spatial_or_other
1235,7.6971821247923531,0.043003240484070837,1.3957170865364181,0.006450486072610625,2,1.4533788453256473,3.489292716341045,z4c_spatial_or_other
1236,7.7036326108649638,0.042998249576681094,1.3957170865364181,0.0064497374365021639,2,1.4535475424072877,3.489292716341045,z4c_spatial_or_other
1237,7.7100823483014658,0.042993400171104271,1.3957170865364181,0.0064490100256656404,2,1.4537114941191847,3.489292716341045,z4c_spatial_or_other
1238,7.7165313583271313,0.042988692470710237,1.3957170865364181,0.0064483038706065355,2,1.4538706903584828,3.489292716341045,z4c_spatial_or_other
1239,7.722979662197738,0.042984126680261379,1.3957170865364181,0.0064476190020392064,2,1.454025121061735,3.489292716341045,z4c_spatial_or_other
1240,7.7294272811997775,0.04297970300593381,1.3957170865364181,0.0064469554508900717,2,1.4541747762047403,3.489292716341045,z4c_spatial_or_other
1241,7.7358742366506679,0.042975421655345451,1.3957170865364181,0.0064463132483018179,2,1.454319645802149,3.489292716341045,z4c_spatial_or_other
1242,7.7423205498989693,0.042971282837590524,1.3929691373999127,0.0064456924256385785,2.0039454558794243,1.4544597199068512,3.489292716341045,z4c_spatial_or_other
1243,7.7487662423246082,0.042967286763280148,1.3894625238273854,0.006445093014492022,2.0090028519686935,1.45459498860916,3.489292716341045,z4c_spatial_or_other
1244,7.7552113353391006,0.042963433644588378,1.3859735660235959,0.0064445150466882562,2.0140601823175843,1.4547254420358096,3.489292716341045,z4c_spatial_or_other
1245,7.7616558503857886,0.042959723695302966,1.3825022305675438,0.0064439585542954451,2.019117301479433,1.4548510703487947,3.489292716341045,z4c_spatial_or_other
1246,7.7680998089400841,0.042956157130880253,1.3790484831188967,0.0064434235696320379,2.0241740643952171,1.4549718637440709,3.489292716341045,z4c_spatial_or_other
1247,7.7745432325097159,0.042952734168503051,1.3756122887209257,0.0064429101252754572,2.0292303259869628,1.4550878124501518,3.489292716341045,z4c_spatial_or_other
1248,7.7809861426349913,0.042949455027141224,1.3721936121026497,0.0064424182540711835,2.0342859407394016,1.4551989067266191,3.489292716341045,z4c_spatial_or_other
1249,7.7874285608890625,0.04294631992761351,1.368792417981203,0.0064419479891420261,2.0393407622682855,1.4553051368625864,3.489292716341045,z4c_spatial_or_other
1250,7.7938705088782045,0.042943329092650494,1.3654086713653235,0.0064414993638975742,2.0443946428738995,1.4554064931751303,3.489292716341045,z4c_spatial_or_other
1251,7.800312008242102,0.042940482746957616,1.3620423378607538,0.0064410724120436422,2.0494474330784085,1.4555029660077168,3.489292716341045,z4c_spatial_or_other
1252,7.8067530806541461,0.042937781117277814,1.3586933839780166,0.0064406671675916721,2.05449898114614,1.4555945457286452,3.489292716341045,z4c_spatial_or_other
1253,7.8131937478217379,0.042931978144868641,1.3553617774426572,0.0064397967217302956,2.059549132586437,1.4557912935924242,3.489292716341045,z4c_spatial_or_other
1254,7.8196335445434686,0.042925737169591326,1.3520477374468105,0.0064388605754386987,2.064597347978367,1.4560029511683057,3.489292716341045,z4c_spatial_or_other
1255,7.8260724051189072,0.042919633884391586,1.3487512758754685,0.006437945082658738,2.069643397564854,1.4562099986302337,3.489292716341045,z4c_spatial_or_other
1256,7.8325103502015656,0.042913668479517199,1.3454723619991742,0.00643705027192758,2.074687115033099,1.4564124255615996,3.489292716341045,z4c_spatial_or_other
1257,7.8389474004734936,0.042907841146574872,1.342210967552864,0.0064361761719862309,2.0797283292672049,1.4566102215792573,3.489292716341045,z4c_spatial_or_other
1258,7.8453835766454798,0.042902152078585949,1.3389670670426939,0.0064353228117878924,2.0847668637871206,1.4568033763321644,3.489292716341045,z4c_spatial_or_other
1259,7.8518188994572675,0.042896601470039798,1.3357406380468986,0.0064344902205059696,2.089802536182797,1.4569918795000991,3.489292716341045,z4c_spatial_or_other
1260,7.8582533896777731,0.042891189516944823,1.3325316615081333,0.0064336784275417233,2.0948351575478106,1.4571757207924583,3.489292716341045,z4c_spatial_or_other
1261,7.8646870681053151,0.042885916416877036,1.329340122014584,0.0064328874625315556,2.0998645319171461,1.4573548899471382,3.489292716341045,z4c_spatial_or_other
1262,7.8711199555678464,0.042880782369026302,1.3261660080669218,0.0064321173553539453,2.1048904557143295,1.4575293767294943,3.489292716341045,z4c_spatial_or_other
1263,7.8775520729232005,0.042875787574240411,1.3230093123280924,0.0064313681361360614,2.1099127172134295,1.4576991709313751,3.489292716341045,z4c_spatial_or_other
1264,7.8839834410593364,0.042870932235067154,1.319870031852818,0.0064306398352600731,2.1149310960218211,1.4578642623702232,3.489292716341045,z4c_spatial_or_other
1265,7.8904140808945966,0.042866216555794638,1.3167481682937026,0.0064299324833691955,2.119945362589791,1.4580246408882398,3.489292716341045,z4c_spatial_or_other
1266,7.896844013377966,0.042861640742490208,1.3136437280807776,0.0064292461113735306,2.1249552777533509,1.4581802963515957,3.489292716341045,z4c_spatial_or_other
1267,7.9032732594893398,0.042857205003038322,1.3105567225714307,0.0064285807504557485,2.1299605923166682,1.4583312186496791,3.489292716341045,z4c_spatial_or_other
1268,7.9097018402397952,0.04285290954717752,1.3074871681677291,0.0064279364320766275,2.1349610466806057,1.4584773976943772,3.489292716341045,z4c_spatial_or_other
1269,7.9161297766718715,0.042848754586536919,1.3044350863983358,0.0064273131879805379,2.1399563705237648,1.4586188234193742,3.489292716341045,z4c_spatial_or_other
1270,7.9225570898598523,0.042844740334672574,1.3014005039624363,0.0064267110502008859,2.1449462825422483,1.4587554857794574,3.489292716341045,z4c_spatial_or_other
1271,7.9289838009100535,0.042840867007103718,1.2983834527334257,0.0064261300510655575,2.1499304902539853,1.4588873747498265,3.489292716341045,z4c_spatial_or_other
1272,7.9354099309611188,0.042837134821349411,1.2953839697204712,0.0064255702232024117,2.1549086898730074,1.4590144803253953,3.489292716341045,z4c_spatial_or_other
1273,7.9418355011843209,0.042833543996965581,1.2924020969865611,0.0064250315995448368,2.1598805662583684,1.459136792520078,3.489292716341045,z4c_spatial_or_other
1274,7.9482605327838654,0.042830094755582547,1.2894378815221901,0.0064245142133373817,2.1648457929415952,1.4592543013660657,3.489292716341045,z4c_spatial_or_other
1275,7.954685046997203,0.042826787320943277,1.2864913750744831,0.0064240180981414916,2.1698040322355232,1.4593669969130763,3.489292716341045,z4c_spatial_or_other
1276,7.9611090650953447,0.042823621918942442,1.2835626339322053,0.0064235432878413665,2.1747549354262934,1.4594748692275834,3.489292716341045,z4c_spatial_or_other
1277,7.9675326083831859,0.042820598777666009,1.2806517186679003,0.0064230898166499012,2.1796981430489248,1.4595779083920284,3.489292716341045,z4c_spatial_or_other
1278,7.9739556981998359,0.042816485068032574,1.2777586938390824,0.0064224727602048863,2.1846332852456274,1.4597181412881421,3.489292716341045,z4c_spatial_or_other
1279,7.9803781709600408,0.042809959767580105,1.274883710188887,0.0064214939651370158,2.1895598404494923,1.459940638564466,3.489292716341045,z4c_spatial_or_other
1280,7.9867996649251776,0.042803569694815989,1.2720270075651896,0.0064205354542223982,2.194477127035197,1.4601585906413193,3.489292716341045,z4c_spatial_or_other
1281,7.9932202003794002,0.042797315039907378,1.2691886560568608,0.0064195972559861064,2.1993847484780682,1.4603719869276934,3.489292716341045,z4c_spatial_or_other
1282,7.9996397976353864,0.042791195994419412,1.2663687281407885,0.006418679399162912,2.2042823002831593,1.4605808168612744,3.489292716341045,z4c_spatial_or_other
1283,8.00605847703455,0.042785212751352761,1.2635672982309862,0.0064177819127029141,2.2091693707022073,1.4607850699076845,3.489292716341045,z4c_spatial_or_other
1284,8.0124762589472525,0.042779365505182375,1.2607844422130221,0.0064169048257773564,2.2140455414988343,1.4609847355596854,3.489292716341045,z4c_spatial_or_other
1285,8.0188931637730292,0.042773654451897541,1.2580202369695566,0.0064160481677846314,2.2189103887526631,1.461179803336335,3.489292716341045,z4c_spatial_or_other
1286,8.0253092119408134,0.04276807978904338,1.2552747599028826,0.0064152119683565066,2.2237634836924487,1.4613702627820966,3.489292716341045,z4c_spatial_or_other
1287,8.0317244239091696,0.042762641715763605,1.2525480884602744,0.0064143962573645404,2.2286043935480957,1.4615561034659046,3.489292716341045,z4c_spatial_or_other
1288,8.0381388201665338,0.042757340432844501,1.249840299667839,0.0064136010649266748,2.2334326824112614,1.4617373149801891,3.489292716341045,z4c_spatial_or_other
1289,8.0445524212314599,0.042752176142760376,1.2471514696782071,0.0064128264214140564,2.2382479120945016,1.4619138869398514,3.489292716341045,z4c_spatial_or_other
1290,8.0509652476528739,0.042747149049720032,1.2444816733370685,0.0064120723574580046,2.243049642979174,1.4620858089812037,3.489292716341045,z4c_spatial_or_other
1291,8.0573773200103318,0.042742259359714478,1.2418309837730421,0.0064113389039571712,2.2478374348429049,1.4622530707608692,3.489292716341045,z4c_spatial_or_other
1292,8.0637886589142891,0.04273750728056569,1.2391994720148523,0.0064106260920848536,2.2526108476580919,1.4624156619546467,3.489292716341045,z4c_spatial_or_other
1293,8.0701992850063746,0.042732893021976234,1.2365872066392007,0.0064099339532964353,2.2573694423536872,1.4625735722563447,3.489292716341045,z4c_spatial_or_other
1294,8.0766092189596712,0.042728416795579767,1.2339942534521189,0.0064092625193369647,2.2621127815334261,1.4627267913765902,3.489292716341045,z4c_spatial_or_other
1295,8.0830184814790087,0.042724078814992052,1.2314206752059869,0.0064086118222488079,2.2668404301445539,1.4628753090416193,3.489292716341045,z4c_spatial_or_other
1296,8.0894270933012571,0.042719879295862302,1.2288665313537865,0.006407981894379345,2.2715519560921233,1.4630191149920579,3.489292716341045,z4c_spatial_or_other
1297,8.0958350751956356,0.042715818455924738,1.2263318778416032,0.0064073727683887109,2.2762469307948514,1.4631581989816977,3.489292716341045,z4c_spatial_or_other
1298,8.1022424479640236,0.042711896515049946,1.2238167669398248,0.0064067844772574918,2.2809249296795193,1.4632925507762815,3.489292716341045,z4c_spatial_or_other
1299,8.1086492324412802,0.042708113695295875,1.2213212471129749,0.0064062170542943811,2.2855855326118162,1.4634221601523019,3.489292716341045,z4c_spatial_or_other
1300,8.1150554494955749,0.042704470220957962,1.218845362927675,0.0064056705331436937,2.290228324262392,1.463547016895834,3.489292716341045,z4c_spatial_or_other
1301,8.1214611200287194,0.042700966318618257,1.2163891549978461,0.0064051449477927382,2.2948528944076121,1.4636671108014028,3.489292716341045,z4c_spatial_or_other
1302,8.1278662649765128,0.042697602217193313,1.2139526599660733,0.006404640332578997,2.299458838164949,1.4637824316708992,3.489292716341045,z4c_spatial_or_other
1303,8.1342709053090925,0.042694378147980099,1.2115359105204371,0.0064041567221970143,2.3040457561622962,1.4638929693125633,3.489292716341045,z4c_spatial_or_other
1304,8.1406750620312902,0.042688235395728122,1.2091389354411544,0.0064032353093592181,2.3086132546499973,1.4641036206020939,3.489292716341045,z4c_spatial_or_other
1305,8.1470782973406486,0.042681538606529269,1.2067619293004674,0.0064022307909793906,2.3131606204141422,1.4643333403739802,3.489292716341045,z4c_spatial_or_other
1306,8.1534805281316274,0.042674974767060322,1.2044049472825475,0.006401246215059048,2.3176874018751263,1.4645585695399657,3.489292716341045,z4c_spatial_or_other
1307,8.1598817743466867,0.042668544067944687,1.2020680022295431,0.0064002816101917026,2.3221932269184493,1.4647792973783222,3.489292716341045,z4c_spatial_or_other
1308,8.1662820559568789,0.042662246701450413,1.1997511035102804,0.0063993370052175614,2.3266777291602776,1.4649955131846151,3.489292716341045,z4c_spatial_or_other
1309,8.1726813929620974,0.042656082861539733,1.1974542571931912,0.0063984124292309598,2.3311405477950382,1.4652072062705097,3.489292716341045,z4c_spatial_or_other
1310,8.1790798053913285,0.042650052743916117,1.1951774662364998,0.0063975079115874177,2.3355813274013584,1.4654143659626637,3.489292716341045,z4c_spatial_or_other
1311,8.1854773133029166,0.042644156546068596,1.1929207306931238,0.0063966234819102892,2.3399997177104357,1.4656169816017133,3.489292716341045,z4c_spatial_or_other
1312,8.1918739367848268,0.042638394467313136,1.1906840479276961,0.0063957591700969704,2.344395373341178,1.4658150425413625,3.489292716341045,z4c_spatial_or_other
1313,8.1982696959549237,0.042632766708830809,1.1884674128430981,0.0063949150063246215,2.3487679535066581,1.4660085381475831,3.489292716341045,z4c_spatial_or_other
1314,8.2046646109612489,0.042627273473702952,1.1862708181139481,0.0063940910210554423,2.3531171216964921,1.4661974577979204,3.489292716341045,z4c_spatial_or_other
1315,8.2110587019823047,0.042621914966943182,1.1840942544245439,0.0063932872450414768,2.3574425453398056,1.4663817908809098,3.489292716341045,z4c_spatial_or_other
1316,8.2174519892273459,0.042616691395526353,1.1819377107089197,0.0063925037093289531,2.361743895453297,1.4665615267955991,3.489292716341045,z4c_spatial_or_other
1317,8.2238444929366743,0.042611602968414972,1.1798011743908225,0.0063917404452622454,2.3660208462787491,1.4667366549511625,3.489292716341045,z4c_spatial_or_other
1318,8.2302362333819357,0.04260664989658286,1.1776846316217071,0.0063909974844874292,2.3702730749139076,1.4669071647666114,3.489292716341045,z4c_spatial_or_other
1319,8.2366272308664232,0.042601832393036963,1.1755880675151098,0.0063902748589555443,2.374500260940219,1.4670730456705727,3.489292716341045,z4c_spatial_or_other
1320,8.2430175057253781,0.042597150672837272,1.1735114663760953,0.006389572600925591,2.3787020860503612,1.4672342871011343,3.489292716341045,z4c_spatial_or_other
1321,8.2494070783263034,0.042592604953115669,1.1714548119248402,0.0063888907429673503,2.3828782336778116,1.4673908785057321,3.489292716341045,z4c_spatial_or_other
1322,8.2557959690692702,0.042588195453093849,1.1694180875137565,0.0063882293179640774,2.3870283886300836,1.4675428093410716,3.489292716341045,z4c_spatial_or_other
1323,8.2621841983872351,0.042583922394101199,1.1674012763379003,0.0063875883591151799,2.3911522367265814,1.467690069073055,3.489292716341045,z4c_spatial_or_other
1324,8.2685717867463495,0.042579785999592827,1.1654043616387164,0.0063869678999389241,2.3952494644414251,1.4678326471767065,3.489292716341045,z4c_spatial_or_other
1325,8.2749587546462884,0.042575786495168411,1.1634273269014126,0.0063863679742752616,2.3993197585510893,1.4679705331360733,3.489292716341045,z4c_spatial_or_other
1326,8.2813451226205643,0.042571924108592347,1.1614701560464276,0.0063857886162888523,2.4033628057863363,1.4681037164440858,3.489292716341045,z4c_spatial_or_other
1327,8.2877309112368529,0.042568199069815509,1.1595328336155744,0.0063852298604723263,2.4073782924876572,1.4682321866023653,3.489292716341045,z4c_spatial_or_other
1328,8.2941161410973248,0.042564611610999128,1.1576153449534166,0.0063846917416498688,2.4113659042634459,1.468355933120963,3.489292716341045,z4c_spatial_or_other
1329,8.3005008328389742,0.042559986468433578,1.1557176763844004,0.0063839979702650365,2.4153253256501932,1.4685155044951854,3.489292716341045,z4c_spatial_or_other
1330,8.3068848308092385,0.042552962664920237,1.1538398669785872,0.006382944399738035,2.4192561316003127,1.4687578980610834,3.489292716341045,z4c_spatial_or_other
1331,8.3132677752089759,0.042546069358799107,1.1519820140729933,0.0063819104038198658,2.4231577741420902,1.4689958659382985,3.489292716341045,z4c_spatial_or_other
1332,8.3196496856127951,0.042539306741006942,1.1501441031497663,0.0063808960111510415,2.4270299394904162,1.469229397190702,3.489292716341045,z4c_spatial_or_other
1333,8.3260305816239466,0.042532675003982313,1.1483261213280833,0.006379901250597347,2.4308723116429984,1.4694584809008169,3.489292716341045,z4c_spatial_or_other
1334,8.3324104828745433,0.042526174341690801,1.1465280575191206,0.0063789261512536199,2.4346845720574821,1.4696831061694571,3.489292716341045,z4c_spatial_or_other
1335,8.3387894090257966,0.042519804949652289,1.1447499025749683,0.006377970742447843,2.4384663993365385,1.4699032621152959,3.489292716341045,z4c_spatial_or_other
1336,8.3451673797682453,0.04251356702497075,1.1429916494303449,0.0063770350537456126,2.4422174689238174,1.4701189378743502,3.489292716341045,z4c_spatial_or_other
1337,8.3515444148219906,0.042507460766366238,1.1412532932357204,0.0063761191149549357,2.4459374528142357,1.4703301225993892,3.489292716341045,z4c_spatial_or_other
1338,8.3579205339369462,0.042501486374209398,1.139534831480371,0.0063752229561314091,2.4496260192823422,1.4705368054592565,3.489292716341045,z4c_spatial_or_other
1339,8.3642957568930782,0.042495644050558341,1.1378362641038073,0.006374346607583751,2.4532828326327341,1.470738975638112,3.489292716341045,z4c_spatial_or_other
1340,8.3706701035006628,0.042489933999197677,1.1361575935940353,0.0063734900998796513,2.4569075529765407,1.4709366223346021,3.489292716341045,z4c_spatial_or_other
1341,8.3770435936005416,0.042484356425679777,1.1344988250711769,0.0063726534638519662,2.4604998360379136,1.4711297347609511,3.489292716341045,z4c_spatial_or_other
1342,8.3834162470643943,0.04247891153736779,1.1328599663551366,0.006371836730605168,2.4640593329941702,1.4713183021419955,3.489292716341045,z4c_spatial_or_other
1343,8.3897880837949987,0.042473599543480463,1.131241028016154,0.0063710399315220689,2.4675856903529625,1.4715023137141554,3.489292716341045,z4c_spatial_or_other
1344,8.3961591237265214,0.04246842065513827,1.1296420234073559,0.0063702630982707406,2.4710785498692696,1.471681758724364,3.489292716341045,z4c_spatial_or_other
1345,8.4025293868247921,0.042463375085410836,1.1280629686786423,0.0063695062628116254,2.4745375485045709,1.4718566264289519,3.489292716341045,z4c_spatial_or_other
1346,8.4088988930876045,0.042458463049365167,1.126503882771531,0.0063687694574047745,2.477962318429908,1.4720269060925062,3.489292716341045,z4c_spatial_or_other
1347,8.4152676625450091,0.042453684764114714,1.1249647873948718,0.0063680527146172073,2.481352487073909,1.4721925869867025,3.489292716341045,z4c_spatial_or_other
1348,8.421635715259626,0.042449040448868727,1.1234457069815948,0.0063673560673303091,2.4847076772162766,1.4723536583891295,3.489292716341045,z4c_spatial_or_other
1349,8.4280030713269571,0.04244453032498189,1.1219466686269337,0.0063666795487472829,2.4880275071265756,1.4725101095821036,3.489292716341045,z4c_spatial_or_other
1350,8.434369750875705,0.042440154616003999,1.1204677020087854,0.0063660231924006,2.4913115907476189,1.4726619298514882,3.489292716341045,z4c_spatial_or_other
1351,8.4407357740681057,0.042435913547729492,1.1190088392911006,0.0063653870321594237,2.4945595379221741,1.4728091084855182,3.489292716341045,z4c_spatial_or_other
1352,8.4471011611002655,0.0424318073482466,1.1175701150113999,0.0063647711022369897,2.4977709546611866,1.4729516347736404,3.489292716341045,z4c_spatial_or_other
1353,8.4534659322025032,0.042427836247986246,1.1161515659536552,0.0063641754371979364,2.5009454434513083,1.4730894980053677,3.489292716341045,z4c_spatial_or_other
1354,8.4598301076397018,0.042424000479770095,1.1147532310079695,0.0063636000719655139,2.5040826035990023,1.4732226874691638,3.489292716341045,z4c_spatial_or_other
1355,8.4661937077116676,0.042417277502709134,1.1133751510185845,0.0063625916254063698,2.5071820316081777,1.4734561876586305,3.489292716341045,z4c_spatial_or_other
1356,8.4725562993370733,0.042410034528647673,1.1120174646541117,0.0063615051792971508,2.5102431048069018,1.4737078310507317,3.489292716341045,z4c_spatial_or_other
1357,8.4789178045163709,0.042402919776455564,1.1106802323646698,0.0063604379664683342,2.5132653771372104,1.4739551033158675,3.489292716341045,z4c_spatial_or_other
1358,8.4852782424828384,0.042395933435909749,1.1093634948009414,0.0063593900153864624,2.5162484489123353,1.4741979934108944,3.489292716341045,z4c_spatial_or_other
1359,8.4916376324982252,0.042389075698414443,1.1080672938362026,0.0063583613547621666,2.5191919196610395,1.4744364903039819,3.489292716341045,z4c_spatial_or_other
1360,8.497995993852987,0.042382346757043998,1.1067916723820728,0.0063573520135565996,2.522095388615476,1.4746705829736155,3.489292716341045,z4c_spatial_or_other
1361,8.5043533458665443,0.042375746806585672,1.1055366742041219,0.0063563620209878503,2.5249584552067397,1.4749002604076062,3.489292716341045,z4c_spatial_or_other
1362,8.510709707887532,0.042369276043582128,1.104302343739394,0.0063553914065373187,2.5277807195631481,1.4751255116021074,3.489292716341045,z4c_spatial_or_other
1363,8.5170650992940686,0.042362934666374003,1.103088725917879,0.0063544401999561006,2.5305617830062461,1.4753463255606318,3.489292716341045,z4c_spatial_or_other
1364,8.5234195394940251,0.042356722875142326,1.1018958659899365,0.0063535084312713484,2.533301248539515,1.4755626912930759,3.489292716341045,z4c_spatial_or_other
1365,8.5297730479252962,0.042350640871950743,1.1007238093615759,0.0063525961307926114,2.5359987213249062,1.4757745978147496,3.489292716341045,z4c_spatial_or_other
1366,8.5361256440560886,0.042344688860787717,1.0995726014393985,0.0063517033291181574,2.5386538091424811,1.4759820341454115,3.489292716341045,z4c_spatial_or_other
1367,8.5424773473852067,0.042338867047608517,1.0984422874868438,0.006350830057141277,2.5412661228287514,1.4761849893083114,3.489292716341045,z4c_spatial_or_other
1368,8.5488281774423474,0.04233317564037696,1.0973329124931783,0.0063499763460565439,2.5438352766897343,1.4763834523292443,3.489292716341045,z4c_spatial_or_other
1369,8.555178153788404,0.042327614849106958,1.0962445210564671,0.0063491422273660439,2.5463608888851637,1.4765774122356117,3.489292716341045,z4c_spatial_or_other
1370,8.56152729601577,0.042322184885903676,1.0951771572814923,0.0063483277328855508,2.5488425817809097,1.4767668580555013,3.489292716341045,z4c_spatial_or_other
1371,8.5678756237486553,0.042316885965004464,1.0941308646933141,0.0063475328947506697,2.5512799822672747,1.4769517788167759,3.489292716341045,z4c_spatial_or_other
1372,8.5742231566434057,0.042311718302819191,1.093105686166884,0.0063467577454228786,2.5536727220415072,1.4771321635461843,3.489292716341045,z4c_spatial_or_other
1373,8.5805699143888283,0.042306682117970118,1.0921016638728167,0.0063460023176955174,2.5560204378535949,1.4773080012684947,3.489292716341045,z4c_spatial_or_other
1374,8.5869159167065234,0.042301777631331298,1.0911188392391284,0.0063452666446996943,2.5583227717151242,1.4774792810056439,3.489292716341045,z4c_spatial_or_other
1375,8.5932611833512222,0.042297005066067296,1.0901572529284917,0.0063445507599100941,2.5605793710716509,1.477645991775917,3.489292716341045,z4c_spatial_or_other
1376,8.5996057341111332,0.042292364647671235,1.0892169448302575,0.0063438546971506847,2.562789888939756,1.4778081225931516,3.489292716341045,z4c_spatial_or_other
1377,8.6059495888082846,0.042287856604002173,1.0882979540663016,0.0063431784906003257,2.5649539840104998,1.4779656624659696,3.489292716341045,z4c_spatial_or_other
1378,8.6122927672988858,0.042283481165321886,1.0874003190095305,0.0063425221747982824,2.5670713207215554,1.4781186003970355,3.489292716341045,z4c_spatial_or_other
1379,8.6186352894736835,0.042279238564330773,1.0865240773137415,0.0063418857846496155,2.5691415693007142,1.4782669253823468,3.489292716341045,z4c_spatial_or_other
1380,8.6249771752583335,0.0422739342485818,1.0856692659533993,0.0063410901372872698,2.5711644057838274,1.478452410709721,3.489292716341045,z4c_spatial_or_other
1381,8.6313182653956204,0.04226632116102768,1.0848359445222715,0.0063399481741541518,2.5731394568623904,1.4787187122788699,3.489292716341045,z4c_spatial_or_other
1382,8.6376582135697753,0.042258833816515934,1.0835210346876269,0.0063388250724773897,2.5762620970967962,1.4789807090126859,3.489292716341045,z4c_spatial_or_other
1383,8.6439970386422527,0.042251472402996662,1.0797430338707601,0.0063377208604494988,2.5852763903146951,1.4792383897032479,3.489292716341045,z4c_spatial_or_other
1384,8.6503347595027016,0.042244237110110487,1.0759803786364619,0.0063366355665165726,2.5943169861612962,1.4794917431481232,3.489292716341045,z4c_spatial_or_other
1385,8.6566713950692176,0.042237128129227273,1.0722331122336795,0.0063355692193840909,2.6033836683682634,1.4797407581494919,3.489292716341045,z4c_spatial_or_other
1386,8.6630069642886021,0.04223014565348316,1.0685012764578359,0.0063345218480224735,2.6124762174610177,1.4799854235133327,3.489292716341045,z4c_spatial_or_other
1387,8.6693414861366254,0.042223289877816775,1.0647849115207479,0.006333493481672516,2.6215944111060439,1.4802257280486375,3.489292716341045,z4c_spatial_or_other
1388,8.6756749796182984,0.042216560999004803,1.0610840559437349,0.0063324841498507206,2.6307380244160932,1.4804616605666518,3.489292716341045,z4c_spatial_or_other
1389,8.6820074637681497,0.042209959215696896,1.0573987464744434,0.0063314938823545346,2.6399068302094904,1.4806932098801393,3.489292716341045,z4c_spatial_or_other
1390,8.6883389576505046,0.042203484728449821,1.0537290180275392,0.0063305227092674728,2.6491005992205503,1.4809203648026743,3.489292716341045,z4c_spatial_or_other
1391,8.6946694803597726,0.042197137739761158,1.0500749036490873,0.0063295706609641737,2.6583191002588462,1.4811431141479541,3.489292716341045,z4c_spatial_or_other
1392,8.7009990510207373,0.042190918454102208,1.0464364345041111,0.0063286377681153307,2.6675621003158696,1.4813614467291396,3.489292716341045,z4c_spatial_or_other
1393,8.7073276887888529,0.042184827077950585,1.0428136398865071,0.0063277240616925875,2.6768293646184351,1.4815753513582108,3.489292716341045,z4c_spatial_or_other
1394,8.7136554128505459,0.042178863819822214,1.039206547250211,0.0063268295729733319,2.6861206566289457,1.4817848168453447,3.489292716341045,z4c_spatial_or_other
1395,8.7199822424235194,0.042173028890303124,1.0356151822602346,0.0063259543335454681,2.6954357379934497,1.4819898319983051,3.489292716341045,z4c_spatial_or_other
1396,8.7263081967570653,0.042167322502080766,1.0320395688619668,0.0063250983753121151,2.7047743684391472,1.4821903856218499,3.489292716341045,z4c_spatial_or_other
1397,8.7326332951323771,0.042161744869975447,1.0284797293669272,0.0063242617304963165,2.7141363056237209,1.4823864665171387,3.489292716341045,z4c_spatial_or_other
1398,8.7389575568628732,0.04215629621097141,1.0249356845529762,0.0063234444316457115,2.7235213049395535,1.4825780634811563,3.489292716341045,z4c_spatial_or_other
1399,8.7452810012945186,0.042150976744248267,1.0214074537768798,0.0063226465116372399,2.7329291192764371,1.4827651653061271,3.489292716341045,z4c_spatial_or_other
1400,8.7516036478061565,0.042145786691212314,1.0178950550969961,0.0063218680036818469,2.7423594987469881,1.4829477607789363,3.489292716341045,z4c_spatial_or_other
1401,8.7579255158098377,0.042140726275528242,1.01439850540384,0.0063211089413292365,2.7518121903793071,1.4831258386805426,3.489292716341045,z4c_spatial_or_other
1402,8.7642466247511663,0.042135708115754483,1.0109178205562397,0.0063203562173631727,2.7612869377818452,1.483302471820364,3.489292716341045,z4c_spatial_or_other
1403,8.77056698096853,0.042130817895193656,1.0074530227084821,0.0063196226842790479,2.7707834610175857,1.4834746421367264,3.489292716341045,z4c_spatial_or_other
1404,8.7768866036528088,0.042126057706423956,1.004004126154842,0.0063189086559635932,2.7803014951378087,1.4836422728080048,3.489292716341045,z4c_spatial_or_other
1405,8.783205512308772,0.04212142778261193,1.000571144423182,0.0063182141673917896,2.7898407710748714,1.4838053525289214,3.489292716341045,z4c_spatial_or_other
1406,8.7895237264761636,0.04211439525921605,0.99715409056626103,0.0063171592888824077,2.7994010148297588,1.4840531275662303,3.489292716341045,z4c_spatial_or_other
1407,8.7958408857650454,0.0421065145479501,0.99375318137789392,0.0063159771821925149,2.8089813702053843,1.4843308849234287,3.489292716341045,z4c_spatial_or_other
1408,8.8021568629472373,0.042098757262025291,0.99036850504148255,0.0063148135893037931,2.8185813248937217,1.4846043936878255,3.489292716341045,z4c_spatial_or_other
1409,8.8084716765365414,0.04209112358866568,0.98700007064192907,0.0063136685382998515,2.8282005808341353,1.4848736424995324,3.489292716341045,z4c_spatial_or_other
1410,8.8147853450748421,0.042083613716785463,0.983647887260099,0.0063125420575178195,2.8378388336178242,1.4851386200009544,3.489292716341045,z4c_spatial_or_other
1411,8.8210978871323604,0.042076227837018775,0.9803119640747856,0.0063114341755528157,2.8474957721314564,1.485399314836211,3.489292716341045,z4c_spatial_or_other
1412,8.827409321307913,0.042068966141749917,0.9769923104548166,0.0063103449212624872,2.8571710782179518,1.4856557156505446,3.489292716341045,z4c_spatial_or_other
1413,8.8337196662291753,0.042061828825143914,0.97368893604094586,0.0063092743237715869,2.866864426356643,1.4859078110897181,3.489292716341045,z4c_spatial_or_other
1414,8.840028940552946,0.04205481608317773,0.97040185081735864,0.0063082224124766592,2.87657548336459,1.486155589799393,3.489292716341045,z4c_spatial_or_other
1415,8.8463371629654226,0.042047928113672133,0.9671310651728322,0.0063071892170508195,2.8863039081202402,1.4863990404244853,3.489292716341045,z4c_spatial_or_other
1416,8.8526443521824731,0.042041165116324164,0.96387658995173497,0.0063061747674486241,2.8960493513102277,1.4866381516085023,3.489292716341045,z4c_spatial_or_other
1417,8.858950526949922,0.042034527292740521,0.96063843649521474,0.0063051790939110779,2.9058114551996082,1.4868729119928492,3.489292716341045,z4c_spatial_or_other
1418,8.8652557060438326,0.042028014846471673,0.95741661667305034,0.0063042022269707504,2.9155898534254159,1.4871033102161137,3.489292716341045,z4c_spatial_or_other
1419,8.8715599082708039,0.042021627983046914,0.95421114290672904,0.0063032441974570372,2.925384170813115,1.4873293349133172,3.489292716341045,z4c_spatial_or_other
1420,8.8778631524682616,0.04201530178183447,0.95102202818442738,0.0063022952672751702,2.9351940232151028,1.4875532805769871,3.489292716341045,z4c_spatial_or_other
1421,8.884165447735537,0.042009081922936238,0.94784929097418713,0.0063013622884404352,2.94501900212832,1.4877735275113468,3.489292716341045,z4c_spatial_or_other
1422,8.8904668100239768,0.042002987989666285,0.94469294681282012,0.0063004481984499424,2.9548587003750821,1.4879893786455491,3.489292716341045,z4c_spatial_or_other
1423,8.8967672582224271,0.04199702019597476,0.94155301033306849,0.006299553029396214,2.9647127059637182,1.48820082254289,3.489292716341045,z4c_spatial_or_other
1424,8.9030668112518239,0.041991178757961177,0.93842949672758602,0.0062986768136941767,2.9745805974843025,1.4884078477589897,3.489292716341045,z4c_spatial_or_other
1425,8.909365488065518,0.041985463893914818,0.93532242173500713,0.0062978195840872227,2.9844619440371947,1.4886104428408724,3.489292716341045,z4c_spatial_or_other
1426,8.9156633076496057,0.041979875824355924,0.93223180162269093,0.0062969813736533887,2.9943563051742297,1.4888085963260209,3.489292716341045,z4c_spatial_or_other
1427,8.921960289023259,0.041974414772077251,0.92915765316692511,0.0062961622158115875,3.0042632308506092,1.4890022967414196,3.489292716341045,z4c_spatial_or_other
1428,8.9282564512390703,0.041969080962186343,0.92609999363133266,0.0062953621443279512,3.0141822613855527,1.4891915326025791,3.489292716341045,z4c_spatial_or_other
1429,8.9345518133833988,0.041963874622147762,0.92305884074419475,0.0062945811933221643,3.0241129274297478,1.4893762924125611,3.489292716341045,z4c_spatial_or_other
1430,8.9408463945767203,0.04195879598182603,0.9200342126753206,0.0062938193972739047,3.0340547499377952,1.489556564660987,3.489292716341045,z4c_spatial_or_other
1431,8.9471402139739933,0.041953715330260904,0.91702612801303218,0.0062930572995391352,3.0440072401439431,1.4897369519719084,3.489292716341045,z4c_spatial_or_other
1432,8.9534332712735321,0.041945420010177349,0.91403461498189797,0.006291813001526602,3.0539698686664281,1.4900315692353403,3.489292716341045,z4c_spatial_or_other
1433,8.9597250842750586,0.041937245577032878,0.91105992920066481,0.0062905868365549312,3.0639413320723614,1.4903220070854726,3.489292716341045,z4c_spatial_or_other
1434,8.966015671111613,0.041929192213518873,0.90810208686682847,0.0062893788320278312,3.0739211080374877,1.4906082540709824,3.489292716341045,z4c_spatial_or_other
1435,8.9723050499436408,0.041921260103982255,0.90516110449045872,0.0062881890155973381,3.0839086646837472,1.4908902987403971,3.489292716341045,z4c_spatial_or_other
1436,8.9785932389592382,0.041913449434465615,0.90223699887701692,0.0062870174151698419,3.0939034605621778,1.4911681296411259,3.489292716341045,z4c_spatial_or_other
1437,8.9848802563744083,0.041905760392747592,0.89932978711187483,0.0062858640589121386,3.1039049446336056,1.4914417353184826,3.489292716341045,z4c_spatial_or_other
1438,8.99116612043332,0.041898130821194382,0.89643948654649241,0.006284719623179157,3.1139125562471115,1.4917133240794613,3.489292716341045,z4c_spatial_or_other
1439,8.9974508400564996,0.041890605755967918,0.89356611904951833,0.0062835908633951873,3.123925710211652,1.4919812896497917,3.489292716341045,z4c_spatial_or_other
1440,9.003734430919895,0.041883202610409231,0.89070970358566348,0.0062824803915613849,3.133943822364984,1.4922450076553333,3.489292716341045,z4c_spatial_or_other
1441,9.0100169113114568,0.041875921579870794,0.8878702581610497,0.0062813882369806189,3.1439663029758806,1.4925044665773501,3.489292716341045,z4c_spatial_or_other
1442,9.0162982995484366,0.041868762861635989,0.88504780100548008,0.0062803144292453983,3.1539925526073955,1.4927596548898332,3.489292716341045,z4c_spatial_or_other
1443,9.0225786139776822,0.041861726654959859,0.8822423505644178,0.006279258998243979,3.1640219620912622,1.4930105610585196,3.489292716341045,z4c_spatial_or_other
1444,9.0288578729759266,0.041854813161109457,0.87945392549146906,0.0062782219741664182,3.174053912503588,1.493257173539926,3.489292716341045,z4c_spatial_or_other
1445,9.0351360949500936,0.04184802258340372,0.87668254464113726,0.0062772033875105578,3.1840877751426961,1.4934994807804021,3.489292716341045,z4c_spatial_or_other
1446,9.0414132983376039,0.041841355127253031,0.87392822706166728,0.0062762032690879543,3.1941229115098295,1.4937374712151978,3.489292716341045,z4c_spatial_or_other
1447,9.0476895016066923,0.041834811000198049,0.87119099198782068,0.0062752216500297072,3.2041586732933767,1.4939711332675585,3.489292716341045,z4c_spatial_or_other
1448,9.0539647232567226,0.041828390411948128,0.86847085883347852,0.0062742585617922191,3.2141944023571072,1.4942004553478372,3.489292716341045,z4c_spatial_or_other
1449,9.0602389818185145,0.041822093574419052,0.86576784718397737,0.0062733140361628578,3.2242294307328914,1.4944254258526364,3.489292716341045,z4c_spatial_or_other
1450,9.0665122958546771,0.041815920701770176,0.86308197678816378,0.0062723881052655266,3.2342630806180885,1.4946460331639717,3.489292716341045,z4c_spatial_or_other
1451,9.0727846839599433,0.041809872010441021,0.86041326755015524,0.0062714808015661531,3.244294664377799,1.49486226564846,3.489292716341045,z4c_spatial_or_other
1452,9.0790561647615089,0.041803947719187121,0.85776173952083923,0.0062705921578780676,3.2543234845519926,1.4950741116565369,3.489292716341045,z4c_spatial_or_other
1453,9.0853267569193878,0.041798148049115538,0.85512741289942906,0.0062697222073673309,3.2643488338282696,1.4952815595216908,3.489292716341045,z4c_spatial_or_other
1454,9.0915964791267552,0.041792473223719651,0.85251030806200323,0.0062688709835579471,3.2743699949136742,1.4954845975597257,3.489292716341045,z4c_spatial_or_other
1455,9.0978653501103128,0.041786923468913537,0.84991044587331077,0.0062680385203370305,3.284386239310833,1.4956832140680445,3.489292716341045,z4c_spatial_or_other
1456,9.1041333886306504,0.041781499013065986,0.84732784766837943,0.0062672248519598977,3.2943968273368092,1.4958773973249473,3.489292716341045,z4c_spatial_or_other
1457,9.1104006134826108,0.041774849759345485,0.84476253515561051,0.0062662274639018224,3.3044010084545672,1.4961154943715405,3.489292716341045,z4c_spatial_or_other
1458,9.1166668409465128,0.041766160226481754,0.84221461234844464,0.0062649240339722632,3.3143976988111814,1.4964267641814963,3.489292716341045,z4c_spatial_or_other
1459,9.1229317649804855,0.041757588865987849,0.83968423035663398,0.0062636383298981775,3.3243856108709431,1.4967339278275988,3.489292716341045,z4c_spatial_or_other
1460,9.1291954033103835,0.041749135858144402,0.83717140717194816,0.0062623703787216605,3.334363965561832,1.4970369737079847,3.489292716341045,z4c_spatial_or_other
1461,9.1354577736891045,0.04174080138496547,0.83467616042153969,0.0062611202077448207,3.3443319762038821,1.4973358902139273,3.489292716341045,z4c_spatial_or_other
1462,9.141718893896849,0.041732585630231855,0.83219850718885802,0.0062598878445347785,3.3542888493061813,1.4976306657290808,3.489292716341045,z4c_spatial_or_other
1463,9.1479787817413829,0.041724488779524081,0.82973846386339101,0.006258673316928612,3.3642337852767312,1.4979212886287372,3.489292716341045,z4c_spatial_or_other
1464,9.1542374550583112,0.041716511020255032,0.82729604603192086,0.0062574766530382542,3.3741659789887719,1.4982077472790991,3.489292716341045,z4c_spatial_or_other
1465,9.1604949317113498,0.041708652541702453,0.82487126842130665,0.0062562978812553674,3.3840846201556616,1.4984900300365565,3.489292716341045,z4c_spatial_or_other
1466,9.1667512295926059,0.041700913535041073,0.82246414489935538,0.0062551370302561604,3.3939888934786611,1.4987681252469818,3.489292716341045,z4c_spatial_or_other
1467,9.1730063666228627,0.041693294193374877,0.82007468853647125,0.0062539941290062316,3.4038779785466975,1.4990420212450217,3.489292716341045,z4c_spatial_or_other
1468,9.1792603607518686,0.041685794711768948,0.81770291172674148,0.0062528692067653421,3.4137510494834498,1.4993117063534038,3.489292716341045,z4c_spatial_or_other
1469,9.1855132299586337,0.041678415287281452,0.81534882636320172,0.0062517622930922173,3.4236072743537331,1.499577168882245,3.489292716341045,z4c_spatial_or_other
1470,9.1917649922517253,0.041671156118995488,0.81301244405858941,0.0062506734178493228,3.4334458143566531,1.4998383971283638,3.489292716341045,z4c_spatial_or_other
1471,9.1980156656695744,0.041664017408051132,0.81069377640009221,0.0062496026112076695,3.4432658228465449,1.5000953793745904,3.489292716341045,z4c_spatial_or_other
1472,9.204265268280782,0.041656999357677339,0.80839283522463357,0.0062485499036516005,3.4530664442333432,1.5003481038890842,3.489292716341045,z4c_spatial_or_other
1473,9.2105138181844328,0.041650102173224235,0.80610963290025706,0.0062475153259836354,3.4628468128208447,1.5005965589246411,3.489292716341045,z4c_spatial_or_other
1474,9.2167613335104157,0.041643326062195424,0.80384418259913371,0.0062464989093293137,3.4726060516443233,1.5008407327180009,3.489292716341045,z4c_spatial_or_other
1475,9.2230078324197446,0.041636671234280595,0.80159649854858606,0.0062455006851420891,3.4823432713680234,1.501080613489151,3.489292716341045,z4c_spatial_or_other
1476,9.2292533331048876,0.041630137901388357,0.79936659624826079,0.0062445206852082538,3.4920575692981486,1.5013161894406224,3.489292716341045,z4c_spatial_or_other
1477,9.2354978537900951,0.041623726277679594,0.79715449264390426,0.0062435589416519393,3.5017480285591187,1.5015474487567719,3.489292716341045,z4c_spatial_or_other
1478,9.2417414127317468,0.041617436579600861,0.7949602062509693,0.0062426154869401288,3.5114137174705058,1.5017743796030654,3.489292716341045,z4c_spatial_or_other
1479,9.2479840282186867,0.041611269025918489,0.79278375722429584,0.0062416903538877735,3.5210536891500395,1.5019969701253406,3.489292716341045,z4c_spatial_or_other
1480,9.2542257185725738,0.04160522383775294,0.79062516737307209,0.0062407835756629407,3.5306669813555822,1.5022152084490641,3.489292716341045,z4c_spatial_or_other
1481,9.2604665021482369,0.041599301238613745,0.78848446012306839,0.0062398951857920619,3.5402526165666512,1.5024290826785711,3.489292716341045,z4c_spatial_or_other
1482,9.2667063973340298,0.041593501454434821,0.78636166043052047,0.0062390252181652233,3.5498096022949168,1.5026385808962968,3.489292716341045,z4c_spatial_or_other
1483,9.2729454225521959,0.041584821659442758,0.78425679465392306,0.0062377232489164132,3.5593369316036854,1.5029522192457927,3.489292716341045,z4c_spatial_or_other
1484,9.2791831458011131,0.041575786367229785,0.78217004044060945,0.0062363679550844677,3.5688328991741676,1.5032788423519217,3.489292716341045,z4c_spatial_or_other
1485,9.2854195137561977,0.041566866745546445,0.78010144631577172,0.0062350300118319667,3.5782963693454191,1.5036014232825565,3.489292716341045,z4c_spatial_or_other
1486,9.2916545437680291,0.041558062971049525,0.77805103768422357,0.006233709445657429,3.5877263031242892,1.5039199503484846,3.489292716341045,z4c_spatial_or_other
1487,9.2978882532136868,0.041549375222126546,0.77601884054676162,0.0062324062833189814,3.597121651203814,1.5042344118502289,3.489292716341045,z4c_spatial_or_other
1488,9.3041206594970056,0.041540803678927145,0.77400488128019707,0.0062311205518390715,3.6064813550734067,1.5045447960773339,3.489292716341045,z4c_spatial_or_other
1489,9.310351780048844,0.041532348523394692,0.77200918642084471,0.0062298522785092037,3.61580434815078,1.504851091307646,3.489292716341045,z4c_spatial_or_other
1490,9.3165816323273525,0.041524009939298327,0.77003178245623538,0.0062286014908947487,3.625089556912525,1.5051532858065808,3.489292716341045,z4c_spatial_or_other
1491,9.322810233818247,0.041515788112265167,0.76807269562849489,0.0062273682168397749,3.6343359020055708,1.5054513678263857,3.489292716341045,z4c_spatial_or_other
1492,9.3290376020350863,0.041507683229813068,0.7661319517516576,0.0062261524844719604,3.6435422993266338,1.5057453256053837,3.489292716341045,z4c_spatial_or_other
1493,9.3352637545195574,0.041499695481383728,0.76420957604413009,0.0062249543222075588,3.6527076610613447,1.506035147367208,3.489292716341045,z4c_spatial_or_other
1494,9.3414887088417657,0.04149182505837639,0.76230559297676048,0.006223773758756458,3.6618308966781195,1.5063208213200174,3.489292716341045,z4c_spatial_or_other
1495,9.3477124826005227,0.041484072154181845,0.76042002613644688,0.0062226108231272764,3.6709109138742644,1.5066023356557012,3.489292716341045,z4c_spatial_or_other
1496,9.3539350934236491,0.041476436964217094,0.75855289810500237,0.0062214655446325637,3.6799466194728496,1.5068796785490648,3.489292716341045,z4c_spatial_or_other
1497,9.3601565589682814,0.041468919685960476,0.75670423035301015,0.0062203379528940712,3.6889369202688402,1.5071528381569994,3.489292716341045,z4c_spatial_or_other
1498,9.3663768969211763,0.041461520518987327,0.75487404314860718,0.0062192280778480989,3.6978807238220335,1.5074218026176365,3.489292716341045,z4c_spatial_or_other
1499,9.3725961249990242,0.041454239665006047,0.75306235548150979,0.0062181359497509069,3.7067769391924879,1.5076865600494878,3.489292716341045,z4c_spatial_or_other
1500,9.3788142609487757,0.041447077327894745,0.75126918500298645,0.0062170615991842112,3.7156244776121619,1.5079470985505703,3.489292716341045,z4c_spatial_or_other
1501,9.3850313225479596,0.04144003371373816,0.7494945479828834,0.0062160050570607235,3.7244222530843354,1.5082034061975209,3.489292716341045,z4c_spatial_or_other
1502,9.3912473276050203,0.041433109030865188,0.74773845928512206,0.0062149663546297784,3.7331691829006584,1.508455471044696,3.489292716341045,z4c_spatial_or_other
1503,9.3974622939596504,0.041426303489886643,0.7460009323632526,0.0062139455234829959,3.7418641880645724,1.5087032811232615,3.489292716341045,z4c_spatial_or_other
1504,9.4036762394831328,0.041419617303733315,0.74428197927764228,0.0062129425955599971,3.7505061936096364,1.5089468244402786,3.489292716341045,z4c_spatial_or_other
1505,9.4098891820786932,0.041413050687694339,0.74258161073566709,0.0062119576031541505,3.759094128802078,1.5091860889777804,3.489292716341045,z4c_spatial_or_other
1506,9.4161011396818477,0.041406603859455764,0.74089983615586918,0.0062109905789183642,3.7676269272187817,1.5094210626918456,3.489292716341045,z4c_spatial_or_other
1507,9.4223121302607655,0.041400277039139219,0.73923666375646369,0.0062100415558708827,3.7761035266947403,1.5096517335116721,3.489292716341045,z4c_spatial_or_other
1508,9.4285221718166365,0.041392887197858282,0.73759210066784042,0.0062089330796787417,3.7845228691378052,1.5099212505097694,3.489292716341045,z4c_spatial_or_other
1509,9.4347311048963149,0.04138336148983944,0.73596619928117402,0.0062075042234759157,3.7928836620476041,1.5102688073163215,3.489292716341045,z4c_spatial_or_other
1510,9.4409386091197902,0.041373948688669213,0.73435905052188666,0.0062060923033003821,3.8011844084839002,1.5106124017869349,3.489292716341045,z4c_spatial_or_other
1511,9.44714470142309,0.041364648965054422,0.73277065485711623,0.0062046973447581633,3.8094240736443536,1.5109520221675541,3.489292716341045,z4c_spatial_or_other
1512,9.4533493987678483,0.041355462491423939,0.73120101230195944,0.006203319373713591,3.8176016254201732,1.5112876566901143,3.489292716341045,z4c_spatial_or_other
1513,9.4595527181415626,0.041346389441964199,0.7296501226187958,0.0062019584162946294,3.8257160336711342,1.5116192935716439,3.489292716341045,z4c_spatial_or_other
1514,9.4657546765578573,0.041337429992654849,0.72811798552138107,0.0062006144988982275,3.8337662694514862,1.5119469210133643,3.489292716341045,z4c_spatial_or_other
1515,9.471955291056755,0.041328584321304422,0.7266046008771101,0.0061992876481956633,3.8417513042213018,1.5122705271997896,3.489292716341045,z4c_spatial_or_other
1516,9.4781545787049506,0.04131985260758634,0.72510996890329049,0.0061979778911379511,3.8496701090660856,1.5125901002978162,3.489292716341045,z4c_spatial_or_other
1517,9.4843525565960878,0.041311235033074746,0.7236340903527787,0.0061966852549612114,3.8575216539508039,1.5129056284558191,3.489292716341045,z4c_spatial_or_other
1518,9.4905492418510491,0.041302731781280452,0.72217696668466669,0.0061954097671920675,3.8653049070335355,1.5132170998027481,3.489292716341045,z4c_spatial_or_other
1519,9.4967446516182417,0.041294343037686893,0.7207386002162538,0.0061941514556530337,3.8730188340617264,1.513524502447223,3.489292716341045,z4c_spatial_or_other
1520,9.5029388030738939,0.041286068989785804,0.71931899425317891,0.0061929103484678703,3.8806623978711929,1.5138278244766421,3.489292716341045,z4c_spatial_or_other
1521,9.5091317134223612,0.041277909827113102,0.71791815319530772,0.0061916864740669654,3.8882345580046005,1.5141270539562863,3.489292716341045,z4c_spatial_or_other
1522,9.5153233998964275,0.041269865741284335,0.71653608261671253,0.0061904798611926498,3.8957342704624445,1.51442217892844,3.489292716341045,z4c_spatial_or_other
1523,9.5215138797576202,0.041261936926030057,0.71517278931879269,0.0061892905389045088,3.9031604875958683,1.5147131874115181,3.489292716341045,z4c_spatial_or_other
1524,9.5277031702965242,0.04125412357723119,0.71382828135631771,0.006188118536584678,3.9105121581466893,1.5150000673991957,3.489292716341045,z4c_spatial_or_other
1525,9.5338912888331091,0.041246425892953908,0.71250256803678991,0.0061869638839430864,3.9177882274365379,1.5152828068595592,3.489292716341045,z4c_spatial_or_other
1526,9.540078252717052,0.041238844073484465,0.71119565989413092,0.0061858266110226693,3.9249876377034854,1.5155613937342614,3.489292716341045,z4c_spatial_or_other
1527,9.5462640793280755,0.041231378321363872,0.70990756863820814,0.0061847067482045806,3.9321093285813964,1.5158358159376855,3.489292716341045,z4c_spatial_or_other
1528,9.5524487860762797,0.041224028841422199,0.70863830708215292,0.0061836043262133294,3.9391522377144415,1.5161060613561272,3.489292716341045,z4c_spatial_or_other
1529,9.5586323904024937,0.041216795840812837,0.70738788904978833,0.0061825193761219253,3.9461153014967234,1.5163721178469811,3.489292716341045,z4c_spatial_or_other
1530,9.5648149097786153,0.041209679529046438,0.70615632926580851,0.0061814519293569656,3.9529974559246579,1.5166339732379426,3.489292716341045,z4c_spatial_or_other
1531,9.570996361707973,0.041202680118024887,0.70494364323156955,0.0061804020177037332,3.9597976375479815,1.5168916153262126,3.489292716341045,z4c_spatial_or_other
1532,9.5771767637256762,0.041195797822074977,0.7037498470895609,0.0061793696733112467,3.9665147845035218,1.5171450318777189,3.489292716341045,z4c_spatial_or_other
1533,9.5833561333989881,0.041189032857982033,0.70257495747975041,0.0061783549286973044,3.9731478376145946,1.5173942106263394,3.489292716341045,z4c_spatial_or_other
1534,9.5895344883276845,0.041179528570826816,0.7014189913910801,0.0061769292856240221,3.9796957415378227,1.5177444271248273,3.489292716341045,z4c_spatial_or_other
1535,9.5957114176133089,0.041169593872577397,0.70028204423627083,0.0061754390808866095,3.9861570006656115,1.5181106763754244,3.489292716341045,z4c_spatial_or_other
1536,9.6018868566941951,0.041159769411730857,0.69916414410310612,0.0061739654117596281,3.9925305046266528,1.5184730355215987,3.489292716341045,z4c_spatial_or_other
1537,9.6080608221059549,0.041150055354689068,0.69806530367044883,0.0061725083032033601,3.9988152374790573,1.5188314927230857,3.489292716341045,z4c_spatial_or_other
1538,9.6142333304091583,0.041140451869601719,0.69698553536463503,0.0061710677804402573,4.0050101923743213,1.5191860361208294,3.489292716341045,z4c_spatial_or_other
1539,9.6204043981895992,0.041130959126398976,0.69592485123566439,0.0061696438689598466,4.0111143726459044,1.5195366538361559,3.489292716341045,z4c_spatial_or_other
1540,9.626574042058559,0.041121577296823905,0.69488326284718749,0.0061682365945235854,4.0171267928303855,1.5198833339699567,3.489292716341045,z4c_spatial_or_other
1541,9.6327422786530832,0.041112306554464774,0.69386078118261818,0.0061668459831697156,4.0230464796051857,1.5202260646018786,3.489292716341045,z4c_spatial_or_other
1542,9.6389091246362533,0.041103147074787218,0.69285741656931288,0.0061654720612180827,4.0288724726288381,1.5205648337895195,3.489292716341045,z4c_spatial_or_other
1543,9.6450745966974711,0.041094099035166393,0.69187317862234643,0.0061641148552749585,4.0346038252720282,1.5208996295676285,3.489292716341045,z4c_spatial_or_other
1544,9.6512387115527467,0.041085162614918909,0.69090807620894068,0.0061627743922378362,4.0402396052302993,1.5212304399473133,3.489292716341045,z4c_spatial_or_other
1545,9.6574014859449839,0.041076337995334805,0.68996211743412073,0.0061614506993002208,4.0457788950121154,1.5215572529152517,3.489292716341045,z4c_spatial_or_other
1546,9.6635629366442846,0.041067625359709543,0.68903530964765325,0.0061601438039564317,4.0512207922991212,1.5218800564329011,3.489292716341045,z4c_spatial_or_other
1547,9.6697230804482412,0.041059024893375907,0.68812765947182597,0.0061588537340063858,4.0565644101784955,1.5221988384357172,3.489292716341045,z4c_spatial_or_other
1548,9.6758819341822484,0.041050536783736047,0.68723917284913072,0.006157580517560407,4.0618088772504217,1.5225135868323674,3.489292716341045,z4c_spatial_or_other
1549,9.6820395146998095,0.041042161220293583,0.68636985510846649,0.0061563241830440369,4.0669533376166527,1.5228242895039465,3.489292716341045,z4c_spatial_or_other
1550,9.6881958388828533,0.04103389839468579,0.68551971104806342,0.006155084759202868,4.0719969507588996,1.5231309343031916,3.489292716341045,z4c_spatial_or_other
1551,9.6943509236420553,0.041025748500715963,0.68468874503298238,0.0061538622751073939,4.0769388913182283,1.523433509053693,3.489292716341045,z4c_spatial_or_other
1552,9.7005047859171629,0.041017711734385939,0.68387696110477092,0.0061526567601578909,4.0817783487886565,1.5237320015491027,3.489292716341045,z4c_spatial_or_other
1553,9.7066574426773204,0.041009788293928935,0.68308436310064902,0.0061514682440893401,4.0865145271397942,1.5240263995523349,3.489292716341045,z4c_spatial_or_other
1554,9.7128089109214102,0.041001978379842367,0.68231095477947978,0.0061502967569763553,4.0911466443844757,1.5243166907947694,3.489292716341045,z4c_spatial_or_other
1555,9.7189592076783864,0.040994282194921162,0.68155673995174415,0.0061491423292381739,4.0956739321079514,1.5246028629754422,3.489292716341045,z4c_spatial_or_other
1556,9.7251083500076252,0.040986699944291161,0.68082172261076734,0.0061480049916436737,4.1000956349753945,1.5248849037602337,3.489292716341045,z4c_spatial_or_other
1557,9.7312563549992692,0.040979231835442928,0.68010590706253626,0.0061468847753164387,4.1044110102342657,1.5251628007810474,3.489292716341045,z4c_spatial_or_other
1558,9.7374032397745864,0.040971878078265682,0.67940929805161909,0.0061457817117398523,4.1086193272273306,1.5254365416349884,3.489292716341045,z4c_spatial_or_other
1559,9.7435490214863272,0.040963383293974268,0.67873190088089663,0.0061445074940961403,4.112719866931192,1.5257528791376413,3.489292716341045,z4c_spatial_or_other
1560,9.7496935289804227,0.04095289569305148,0.67807374140527443,0.0061429343539577217,4.1167118008252706,1.5261436082187576,3.489292716341045,z4c_spatial_or_other
1561,9.755836463334381,0.040942515410750599,0.67743485700089212,0.0061413773116125898,4.1205942449299746,1.5265305361181809,3.489292716341045,z4c_spatial_or_other
1562,9.7619778406459936,0.040932242607329958,0.67681525067350323,0.0061398363910994931,4.124366539162736,1.5269136509224097,3.489292716341045,z4c_spatial_or_other
1563,9.7681176770370932,0.040922077444761833,0.67621492634594593,0.0061383116167142747,4.1280280341590121,1.5272929406960061,3.489292716341045,z4c_spatial_or_other
1564,9.7742559886538078,0.040912020086760328,0.67563388892116316,0.0061368030130140487,4.1315780911021722,1.5276683934809132,3.489292716341045,z4c_spatial_or_other
1565,9.7803927916668219,0.040902070698809682,0.67507214433107721,0.0061353106048214522,4.1350160816350119,1.5280399972957568,3.489292716341045,z4c_spatial_or_other
1566,9.7865281022716442,0.040892229448192798,0.67452969957104458,0.0061338344172289193,4.1383413878558652,1.5284077401351406,3.489292716341045,z4c_spatial_or_other
1567,9.792661936688873,0.040882496504020392,0.67400656271986481,0.006132374475603059,4.1415534024006693,1.5287716099689199,3.489292716341045,z4c_spatial_or_other
1568,9.7987943111644764,0.040872872037260373,0.67350274294557311,0.0061309308055890561,4.1446515286106518,1.5291315947414703,3.489292716341045,z4c_spatial_or_other
1569,9.8049252419700661,0.040863356220767838,0.67301825049745134,0.0061295034331151754,4.1476351807838636,1.5294876823709318,3.489292716341045,z4c_spatial_or_other
1570,9.8110547454031813,0.040853949229315505,0.67255309668490448,0.0061280923843973255,4.1505037845073538,1.5298398607484431,3.489292716341045,z4c_spatial_or_other
1571,9.8171828377875787,0.040844651239624621,0.67210729384402079,0.0061266976859436929,4.1532567770655051,1.5301881177373569,3.489292716341045,z4c_spatial_or_other
1572,9.8233095354735216,0.040835462430396416,0.67168085529279753,0.0061253193645594622,4.1558936079188991,1.5305324411724379,3.489292716341045,z4c_spatial_or_other
1573,9.8294348548380803,0.04082638298234402,0.67127379527614761,0.006123957447351603,4.1584137392470391,1.5308728188590466,3.489292716341045,z4c_spatial_or_other
1574,9.8355588122854325,0.040817413078224944,0.67088612890192945,0.0061226119617337413,4.1608166465473158,1.5312092385723035,3.489292716341045,z4c_spatial_or_other
1575,9.8416814242471666,0.04080855290287385,0.67051787206933722,0.0061212829354310777,4.1631018192818257,1.5315416880562451,3.489292716341045,z4c_spatial_or_other
1576,9.8478027071825984,0.040799802643236072,0.67016904139108213,0.0061199703964854102,4.1652687615629116,1.5318701550229548,3.489292716341045,z4c_spatial_or_other
1577,9.8539226775790834,0.04079116248840127,0.6698396541108409,0.0061186743732601903,4.1673169928678586,1.5321946271516904,3.489292716341045,z4c_spatial_or_other
1578,9.8600413519523435,0.040782632629637605,0.66952972801751187,0.0061173948944456408,4.1692460487726466,1.5325150920879964,3.489292716341045,z4c_spatial_or_other
1579,9.8661587468467893,0.040774213260426323,0.66923928135781163,0.0061161319890639483,4.1710554816945722,1.532831537442803,3.489292716341045,z4c_spatial_or_other
1580,9.872274878835853,0.040765904576496433,0.66896833274876666,0.0061148856864744645,4.1727448616333369,1.5331439507915239,3.489292716341045,z4c_spatial_or_other
1581,9.8783897645223266,0.040757706775859888,0.66871690109160564,0.0061136560163789827,4.1743137769004068,1.53345231967314,3.489292716341045,z4c_spatial_or_other
1582,9.8845034205387048,0.040749620058846803,0.66848500548850887,0.0061124430088270202,4.175761834826706,1.5337566315892841,3.489292716341045,z4c_spatial_or_other
1583,9.8906158635475325,0.040741644628140825,0.66827266516358819,0.0061112466942211232,4.1770886624391768,1.5340568740033234,3.489292716341045,z4c_spatial_or_other
1584,9.8967271102417538,0.040733780688814725,0.6680798993893643,0.0061100671033222087,4.1782939070974168,1.5343530343394363,3.489292716341045,z4c_spatial_or_other
1585,9.9028371773450754,0.040722774532234288,0.66790672741987311,0.0061084161798351426,4.1793772370824289,1.5347677243977533,3.489292716341045,z4c_spatial_or_other
1586,9.9089455935249102,0.040711805152990166,0.66775317992695782,0.0061067707729485247,4.1803382701646994,1.5351812518539123,3.489292716341045,z4c_spatial_or_other
1587,9.9150523642978587,0.040700940269529452,0.66761927148557909,0.0061051410404294173,4.1811767459339029,1.5355910597178586,3.489292716341045,z4c_spatial_or_other
1588,9.9211575053382877,0.040690180036425355,0.66750501616938462,0.0061035270054638031,4.1818924284525343,1.535997136017849,3.489292716341045,z4c_spatial_or_other
1589,9.9272610323437522,0.040679524609967113,0.66741042782203486,0.0061019286914950665,4.1824851046786051,1.5363994687559976,3.489292716341045,z4c_spatial_or_other
1590,9.9333629610352467,0.040668974148191553,0.66733552003453134,0.0061003461222287328,4.1829545847168355,1.5367980459074162,3.489292716341045,z4c_spatial_or_other
1591,9.9394633071574763,0.040658528810914668,0.66728030613219469,0.0060987793216371999,4.1833007019988777,1.5371928554193541,3.489292716341045,z4c_spatial_or_other
1592,9.9455620864791143,0.040648188759762706,0.66724479917106427,0.0060972283139644054,4.1835233133936871,1.5375838852103594,3.489292716341045,z4c_spatial_or_other
1593,9.9516593147930781,0.040637954158203191,0.66722901194331719,0.0060956931237304782,4.1836222992503442,1.5379711231694406,3.489292716341045,z4c_spatial_or_other
1594,9.9577550079168091,0.040627825171575711,0.66723295699112295,0.0060941737757363567,4.1835975633769156,1.5383545571552433,3.489292716341045,z4c_spatial_or_other
1595,9.9638491816925452,0.040617801967122398,0.66725664662819761,0.0060926702950683592,4.1834490329599561,1.538734174995237,3.489292716341045,z4c_spatial_or_other
1596,9.9699418519876133,0.040607884714018383,0.66730009296818715,0.0060911827071027571,4.1831766584302201,1.5391099644849062,3.489292716341045,z4c_spatial_or_other
1597,9.9760330346947157,0.040598073583401895,0.66736330795891585,0.0060897110375102842,4.1827804132808009,1.5394819133869564,3.489292716341045,z4c_spatial_or_other
1598,9.9821227457322266,0.040588368748404498,0.66744630342143896,0.0060882553122606747,4.1822602938445952,1.5398500094305179,3.489292716341045,z4c_spatial_or_other
1599,9.9882110010444869,0.04057877038418102,0.66754909109279914,0.0060868155576271525,4.1816163190383042,1.5402142403103622,3.489292716341045,z4c_spatial_or_other
1600,9.9942978166021135,0.040569278667939634,0.6676716826713549,0.0060853918001909446,4.1808485300803921,1.5405745936861182,3.489292716341045,z4c_spatial_or_other
1601,10.000383208402305,0.040559893778971783,0.66781408986354918,0.0060839840668457674,4.1799569901904805,1.5409310571814918,3.489292716341045,z4c_spatial_or_other
1602,10.006467192469151,0.040550615898682307,0.66797632443099941,0.0060825923848023458,4.1789417842775443,1.5412836183834864,3.489292716341045,z4c_spatial_or_other
1603,10.012549784853952,0.040541445210619649,0.66815839823684109,0.006081216781592947,4.177803018623977,1.5416322648416196,3.489292716341045,z4c_spatial_or_other
1604,10.018631001635546,0.040532381900506148,0.66836032329029904,0.0060798572850759222,4.1765408205723045,1.54197698406714,3.489292716341045,z4c_spatial_or_other
1605,10.024710858920622,0.040523426156268486,0.66858211178853622,0.0060785139234402728,4.1751553382207902,1.5423177635322427,3.489292716341045,z4c_spatial_or_other
1606,10.030789372844062,0.040514578168068499,0.66882377615490918,0.0060771867252102747,4.1736467401336821,1.5426545906692737,3.489292716341045,z4c_spatial_or_other
1607,10.036866559569273,0.040505838128334123,0.66908532907241236,0.0060758757192501183,4.1720152150739072,1.542987452869931,3.489292716341045,z4c_spatial_or_other
1608,10.042942435288523,0.040497206231790622,0.6693667827879044,0.0060745809347685928,4.170260976271555,1.5433163374844612,3.489292716341045,z4c_spatial_or_other
1609,10.049017016223292,0.040488682675492153,0.66966814619004955,0.0060733024013238232,4.1683842795184063,1.5436412318208448,3.489292716341045,z4c_spatial_or_other
1610,10.055090318624616,0.040477965224304059,0.66998942997070077,0.0060716947836456083,4.166385390878343,1.544049945536129,3.489292716341045,z4c_spatial_or_other
1611,10.061162013408262,0.040466371110646583,0.67033062973606328,0.006069955666596987,4.1642646915477197,1.5444923348601534,3.489292716341045,z4c_spatial_or_other
1612,10.067231969074859,0.040454878448921795,0.67069175403059844,0.0060682317673382688,4.1620225033294282,1.5449311033998607,3.489292716341045,z4c_spatial_or_other
1613,10.073300200842198,0.040443487386513911,0.67107282455149975,0.0060665231079770864,4.1596590875788246,1.5453662391349798,3.489292716341045,z4c_spatial_or_other
1614,10.079366723950175,0.040432198072458063,0.67147386859335734,0.0060648297108687093,4.1571746923234638,1.5457977300169161,3.489292716341045,z4c_spatial_or_other
1615,10.085431553661044,0.04042101065746987,0.67189491873897711,0.0060631515986204806,4.1545695542866188,1.5462255639679285,3.489292716341045,z4c_spatial_or_other
1616,10.091494705259665,0.040409925293975128,0.67233601230524176,0.0060614887940962691,4.1518439024288352,1.5466497288803047,3.489292716341045,z4c_spatial_or_other
1617,10.097556194053761,0.040398942136139135,0.67279719057567189,0.0060598413204208702,4.1489979627952591,1.5470702126155482,3.489292716341045,z4c_spatial_or_other
1618,10.103616035374181,0.040388061339896114,0.6732784978573676,0.0060582092009844168,4.1460319644192687,1.5474870030035655,3.489292716341045,z4c_spatial_or_other
1619,10.109674244575166,0.040377283062978594,0.67377998040372433,0.0060565924594467892,4.1429461460107913,1.5479000878418547,3.489292716341045,z4c_spatial_or_other
1620,10.115730837034612,0.040366607464946511,0.67430168524580414,0.0060549911197419768,4.1397407631500593,1.5483094548947085,3.489292716341045,z4c_spatial_or_other
1621,10.121785828154353,0.040356034707216284,0.6748436589746275,0.0060534052060824423,4.1364160957134928,1.548715091892416,3.489292716341045,z4c_spatial_or_other
1622,10.127839233360435,0.040345564953089906,0.67540594651430386,0.0060518347429634857,4.1329724552754126,1.5491169865304706,3.489292716341045,z4c_spatial_or_other
1623,10.133891068103399,0.040335198367783834,0.67598858992222899,0.0060502797551675747,4.1294101922548494,1.5495151264687825,3.489292716341045,z4c_spatial_or_other
1624,10.139941347858565,0.040324935118457882,0.67659162724798927,0.0060487402677686817,4.1257297026078916,1.5499094993308979,3.489292716341045,z4c_spatial_or_other
1625,10.145990088126334,0.040314775374244119,0.67721509147764669,0.006047216306136618,4.1219314338994986,1.5503000927032164,3.489292716341045,z4c_spatial_or_other
1626,10.15203730443247,0.040304719306275799,0.67785900958512446,0.0060457078959413697,4.1180158906220043,1.5506868941342111,3.489292716341045,z4c_spatial_or_other
1627,10.158083012328412,0.040294767087716392,0.67852340170788927,0.0060442150631574588,4.1139836386580146,1.5510698911336489,3.489292716341045,z4c_spatial_or_other
1628,10.164127227391569,0.040284918893788581,0.67920828046029558,0.0060427378340682869,4.109835308811455,1.5514490711718103,3.489292716341045,z4c_spatial_or_other
1629,10.170169965225638,0.040275174901803532,0.67991365039497997,0.0060412762352705296,4.1055715993512081,1.551824421678706,3.489292716341045,z4c_spatial_or_other
1630,10.176211241460908,0.040265535291190334,0.68063950762062531,0.0060398302936785497,4.1011932775267654,1.5521959300432877,3.489292716341045,z4c_spatial_or_other
1631,10.182251071754587,0.040256000243525616,0.68138583958314913,0.0060384000365288426,4.0967011800253283,1.5525635836126539,3.489292716341045,z4c_spatial_or_other
1632,10.188289471791116,0.040246569942563454,0.68215262501675133,0.0060369854913845181,4.0920962123458633,1.5529273696912504,3.489292716341045,z4c_spatial_or_other
1633,10.1943264572825,0.040237244574265578,0.68293983407098457,0.0060355866861398367,4.0873793470695334,1.5532872755400591,3.489292716341045,z4c_spatial_or_other
1634,10.20036204396864,0.040228024326831896,0.68374742861980731,0.0060342036490247846,4.0825516210094479,1.5536432883757805,3.489292716341045,z4c_spatial_or_other
1635,10.206396247617665,0.040216965674762906,0.6845753627580683,0.0060325448512144357,4.0776141312280041,1.5540705011273446,3.489292716341045,z4c_spatial_or_other
1636,10.212428792468879,0.040204709196165492,0.68542354201494116,0.0060307063794248234,4.0725682763490303,1.5545442623413108,3.489292716341045,z4c_spatial_or_other
1637,10.218459498848304,0.040192551070831188,0.68629187575874451,0.0060288826606246784,4.067415441843468,1.5550145072865984,3.489292716341045,z4c_spatial_or_other
1638,10.224488381508928,0.040180491438096246,0.68718029457358654,0.0060270737157144365,4.0621568969829012,1.5554812239240559,3.489292716341045,z4c_spatial_or_other
1639,10.230515455224642,0.040168530438878407,0.68808872519196718,0.0060252795658317605,4.0567939436793781,1.555944400184164,3.489292716341045,z4c_spatial_or_other
1640,10.236540734790474,0.040156668215704169,0.68901709194076433,0.0060235002323556254,4.0513279071353132,1.5564040239662604,3.489292716341045,z4c_spatial_or_other
1641,10.242564235022829,0.04014490491273625,0.68996531834909136,0.0060217357369104375,4.0457601256712676,1.5568600831377593,3.489292716341045,z4c_spatial_or_other
1642,10.24858597075974,0.040133240675801422,0.69093332889563697,0.0060199861013702132,4.0400919398902992,1.5573125655333573,3.489292716341045,z4c_spatial_or_other
1643,10.254605956861109,0.04012167565241842,0.6919210508663135,0.0060182513478627625,4.0343246813749145,1.5577614589542368,3.489292716341045,z4c_spatial_or_other
1644,10.260624208208972,0.040110209991826462,0.69136052883049415,0.0060165314987739695,4.0375955187879002,1.5582067511672479,3.489292716341045,z4c_spatial_or_other
1645,10.266640739707746,0.04009884384501456,0.68873493592495849,0.0060148265767521842,4.0529876262542004,1.5586484299040593,3.489292716341045,z4c_spatial_or_other
1646,10.272655566284499,0.040087577364759097,0.6861155301259938,0.0060131366047138646,4.0684608502597737,1.5590864828599897,3.489292716341045,z4c_spatial_or_other
1647,10.278668702889213,0.025328965613384481,0.63080932575028559,0.003799344842007672,4.4251631342841993,1.5595208976931825,3.489292716341045,z4c_spatial_or_other
1648,10.282468047731221,0.025324801366020951,0.63147254399636898,0.0037987202049031424,4.4205155071459243,1.5597935594068586,3.489292716341045,z4c_spatial_or_other
1649,10.286266767936125,0.025322473318514335,0.631584529701954,0.0037983709977771501,4.4197317093724884,1.5600647628491933,3.489292716341045,z4c_spatial_or_other
1650,10.290065138933903,0.025322022658543546,0.63117943412408672,0.0037983033987815315,4.4225683255136827,1.5603345240753208,3.489292716341045,z4c_spatial_or_other
1651,10.293863442332684,0.025323446659397338,0.63031908050610852,0.0037985169989096005,4.4286049072661449,1.5606028591618752,3.489292716341045,z4c_spatial_or_other
1652,10.297661959331593,0.025326694963453647,0.62908343949874423,0.0037990042445180468,4.4373035400471839,1.5608697837307131,3.489292716341045,z4c_spatial_or_other
1653,10.301460963576112,0.0253316660939517,0.62755939827600316,0.0037997499140927549,4.448079625197729,1.5611353124484952,3.489292716341045,z4c_spatial_or_other
1654,10.305260713490204,0.02533820480370232,0.62582921874218267,0.0038007307205553476,4.4603768719574575,1.5613994585061304,3.489292716341045,z4c_spatial_or_other
1655,10.30906144421076,0.025346100968246309,0.62395999068331121,0.0038019151452369461,4.4737390453767398,1.561662233088307,3.489292716341045,z4c_spatial_or_other
1656,10.312863359355998,0.025355090737314932,0.6219951510405255,0.0038032636105972397,4.4878712774578577,1.5619236448502554,3.489292716341045,z4c_spatial_or_other
1657,10.316666622966595,0.025364860566485507,0.61994884313680931,0.0038047290849728258,4.5026847037067981,1.5621836994255112,3.489292716341045,z4c_spatial_or_other
1658,10.320471352051568,0.02537505456418402,0.61780359133469287,0.003806258184627603,4.5183197576470331,1.5624423989937364,3.489292716341045,z4c_spatial_or_other
1659,10.324277610236196,0.025335893148793028,0.61551149328774457,0.0038003839723189541,4.5351454903992714,1.5626997419407411,3.489292716341045,z4c_spatial_or_other
1660,10.328077994208515,0.02529375529624206,0.61300403136340564,0.003794063294436309,4.5536962731946495,1.5629552260075288,3.489292716341045,z4c_spatial_or_other
1661,10.331872057502951,0.025250622444869131,0.61019193854220488,0.0037875933667303697,4.5746821561454674,1.5632088240048203,3.489292716341045,z4c_spatial_or_other
1662,10.335659650869681,0.025207669708909839,0.60697922415861938,0.0037811504563364756,4.5988957479430335,1.563460529149604,3.489292716341045,z4c_spatial_or_other
1663,10.339440801326019,0.025166043069398771,0.60327472432986329,0.0037749064604098155,4.6271359639236502,1.5637103465254456,3.489292716341045,z4c_spatial_or_other
1664,10.343215707786429,0.025126778082424642,0.59900342855273159,0.0037690167123636963,4.6601305435217562,1.56395829245603,3.489292716341045,z4c_spatial_or_other
1665,10.346984724498792,0.025090731537592562,0.59411636989869032,0.0037636097306388843,4.698463658809529,1.5642043930938025,3.489292716341045,z4c_spatial_or_other
1666,10.350748334229431,0.025058531083864362,0.58859793466027743,0.0037587796625796542,4.7425143866397956,1.5644486823824713,3.489292716341045,z4c_spatial_or_other
1667,10.35450711389201,0.025030545742246234,0.58246978013306672,0.0037545818613369348,4.7924102988400978,1.5647395827294897,3.489292716341045,z4c_spatial_or_other
1668,10.358261695753347,0.025006878243980062,0.57579102720282505,0.0037510317365970092,4.8479987377252769,1.5650590400026811,3.489292716341045,z4c_spatial_or_other
1669,10.362012727489944,0.024987378425685762,0.56865492795356209,0.003748106763852864,4.908836687863527,1.5653769281512171,3.489292716341045,z4c_spatial_or_other
1670,10.365760834253797,0.024971675517218572,0.56118259005104043,0.0037457513275827858,4.9741995253611684,1.5656932994174533,3.489292716341045,z4c_spatial_or_other
1671,10.36950658558138,0.024959226036689219,0.55351508917196535,0.0037438839055033827,5.0431040231418098,1.5660082005422249,3.489292716341045,z4c_spatial_or_other
1672,10.373250469486884,0.024949373101991554,0.54580475455163779,0.0037424059652987332,5.1143456516166035,1.566321670689617,3.489292716341045,z4c_spatial_or_other
1673,10.376992875452183,0.024941412261955485,0.53820654458408757,0.0037412118392933227,5.1865481777632159,1.5666337401656691,3.489292716341045,z4c_spatial_or_other
1674,10.380734087291476,0.024934658463301115,0.53087061139139535,0.0037401987694951669,5.2582194477795143,1.5669444299913315,3.489292716341045,z4c_spatial_or_other
1675,10.384474286060971,0.024928508591256861,0.52393644746033052,0.003739276288688529,5.3278106278036468,1.5672537523204351,3.489292716341045,z4c_spatial_or_other
1676,10.388213562349661,0.024922494257911466,0.51752880635781806,0.0037383741386867197,5.393775455163448,1.5675617116241165,3.489292716341045,z4c_spatial_or_other
1677,10.391951936488347,0.024916320246920632,0.51175533516582428,0.0037374480370380948,5.4546264225429653,1.5678683064992858,3.489292716341045,z4c_spatial_or_other
1678,10.395689384525385,0.024909885270273938,0.50670568028124585,0.0037364827905410907,5.5089853571869511,1.5681735319063561,3.489292716341045,z4c_spatial_or_other
1679,10.399425867315927,0.024903283365223107,0.50245174140168425,0.0037354925047834659,5.5556264274965041,1.5684773816065047,3.489292716341045,z4c_spatial_or_other
1680,10.403161359820711,0.024896786168557557,0.49904871154615987,0.0037345179252836333,5.593510429922512,1.5687798505556865,3.489292716341045,z4c_spatial_or_other
1681,10.406895877745994,0.024890808196774965,0.49653657630063674,0.0037336212295162445,5.6218097644889582,1.5690809370235212,3.489292716341045,z4c_spatial_or_other
1682,10.41062949897551,0.024885858869224446,0.4949417939783215,0.0037328788303836666,5.6399241426661604,1.569380644238803,3.489292716341045,z4c_spatial_or_other
1683,10.414362377805894,0.024882486128947688,0.49427894221466895,0.003732372919342153,5.6474875513925822,1.5696789814152996,3.489292716341045,z4c_spatial_or_other
1684,10.418094750725237,0.024881226416735337,0.49273848387616331,0.0037321839625103002,5.6651434065263491,1.5699759640750641,3.489292716341045,z4c_spatial_or_other
1685,10.421826934687747,0.024882551266549979,0.49097015563881791,0.0037323826899824967,5.6855475653928629,1.5702716137651287,3.489292716341045,z4c_spatial_or_other
1686,10.425559317377729,0.024886791353167046,0.48897480423032585,0.0037330187029750569,5.7087484854494956,1.5705659571461479,3.489292716341045,z4c_spatial_or_other
1687,10.429292336080705,0.024894085711613372,0.48675202904471304,0.0037341128567420058,5.7348177439572936,1.5708590242080496,3.489292716341045,z4c_spatial_or_other
1688,10.433026448937447,0.024904345677945087,0.48429939678074535,0.0037356518516917627,5.7638605202240001,1.5711508459356833,3.489292716341045,z4c_spatial_or_other
1689,10.436762100789139,0.024917240284654529,0.48161203452178597,0.0037375860426981794,5.7960224682603201,1.5714414516154074,3.489292716341045,z4c_spatial_or_other
1690,10.440499686831837,0.024930687848344103,0.47868273056895472,0.0037396031772516155,5.8314912880917635,1.5717308660455169,3.489292716341045,z4c_spatial_or_other
1691,10.444239290009088,0.024940943925594389,0.47550278129437534,0.0037411415888391583,5.8704896856212265,1.5720190894275496,3.489292716341045,z4c_spatial_or_other
1692,10.447980431597928,0.024952660289976083,0.4720634087987281,0.0037428990434964123,5.913261059941652,1.5723060788388052,3.489292716341045,z4c_spatial_or_other
1693,10.451723330641425,0.024965063737534696,0.4683560794455201,0.003744759560630204,5.9600681950740864,1.5725918451791863,3.489292716341045,z4c_spatial_or_other
1694,10.455468090202055,0.024977348204604947,0.46437470751794907,0.003746602230690742,6.0111675504311171,1.5728763902208363,3.489292716341045,z4c_spatial_or_other
1695,10.459214692432747,0.024988751041209081,0.46011722122323723,0.003748312656181362,6.0667891665774079,1.5731597064456657,3.489292716341045,z4c_spatial_or_other
1696,10.462963005088929,0.024998631420451625,0.45558693601143074,0.0037497947130677436,6.1271163688565444,1.5734417777548229,3.489292716341045,z4c_spatial_or_other
1697,10.466712799801996,0.025006543311278984,0.45079362985302213,0.0037509814966918474,6.1922662349575841,1.5737225810446722,3.489292716341045,z4c_spatial_or_other
1698,10.470463781298688,0.025012295174407666,0.44575426301602611,0.0037518442761611498,6.2622714008064939,1.5740020885580117,3.489292716341045,z4c_spatial_or_other
1699,10.47421562557485,0.0250159892375433,0.44049331807989528,0.0037523983856314947,6.3370636023280946,1.5742802708342651,3.489292716341045,z4c_spatial_or_other
1700,10.47796802396048,0.025018034928217033,0.43504275187553332,0.0037527052392325546,6.4164594422928616,1.5745571000091183,3.489292716341045,z4c_spatial_or_other
1701,10.481720729199713,0.025019133632718165,0.42944155700002146,0.0037528700449077244,6.500149153177313,1.5748325531634046,3.489292716341045,z4c_spatial_or_other
1702,10.485473599244621,0.025020235034911378,0.42373493829346537,0.0037530352552367064,6.5876894275344782,1.575106615401614,3.489292716341045,z4c_spatial_or_other
1703,10.489226634499857,0.012537303075589585,0.40560109639697411,0.0018805954613384376,6.8822155508691596,1.5753792823560346,3.489292716341045,z4c_spatial_or_other
1704,10.491107229961196,0.01253468567579853,0.40312437645632221,0.0018802028513697795,6.9244985818298268,1.5755153814776994,3.489292716341045,z4c_spatial_or_other
1705,10.492987432812566,0.012532015784023824,0.40051178096431694,0.0018798023676035735,6.9696680740623087,1.5756510973308726,3.489292716341045,z4c_spatial_or_other
1706,10.49486723518017,0.012529291140580837,0.39777165935911396,0.0018793936710871254,7.0176798859183913,1.5757864290403316,3.489292716341045,z4c_spatial_or_other
1707,10.496746628851257,0.012526519897641751,0.39491427664793427,0.0018789779846462625,7.0684559615488336,1.5759213757127346,3.489292716341045,z4c_spatial_or_other
1708,10.498625606835903,0.012523720725099446,0.39195176981174579,0.0018785581087649168,7.1218817927868026,1.5760590930112768,3.489292716341045,z4c_spatial_or_other
1709,10.500504164944667,0.012520922558013335,0.38889808507783341,0.0018781383837020002,7.1778038519119045,1.5762328805733894,3.489292716341045,z4c_spatial_or_other
1710,10.502382303328369,0.012518163918052778,0.3857688843655413,0.0018777245877079167,7.2360272852586256,1.5764063228986631,3.489292716341045,z4c_spatial_or_other
1711,10.504260027916077,0.012515491768085632,0.3825814110967185,0.0018773237652128447,7.2963141755132153,1.5765794202215382,3.489292716341045,z4c_spatial_or_other
1712,10.506137351681289,0.012512959890417645,0.37935430866387138,0.0018769439835626465,7.3583826763549416,1.5767521734205081,3.489292716341045,z4c_spatial_or_other
1713,10.508014295664852,0.012510626819261236,0.37555198661186812,0.0018765940228891852,7.4328835223491314,1.5769245841062078,3.489292716341045,z4c_spatial_or_other
1714,10.509890889687741,0.012508553401678604,0.37182503604389355,0.0018762830102517906,7.5073862770857378,1.5770966546800496,3.489292716341045,z4c_spatial_or_other
1715,10.511767172697992,0.012506800102683286,0.36824991599162665,0.0018760200154024928,7.5802710383681617,1.5772683883586724,3.489292716341045,z4c_spatial_or_other
1716,10.513643192713394,0.012505424203772974,0.36484364206747472,0.0018758136305659459,7.651042395187428,1.5774397891611218,3.489292716341045,z4c_spatial_or_other
1717,10.515519006343959,0.012504477065295875,0.36161570010083899,0.0018756715597943812,7.7193389896910611,1.5776108618577622,3.489292716341045,z4c_spatial_or_other
1718,10.517394677903754,0.012504001628743594,0.35856849659312551,0.0018756002443115392,7.7849398360289577,1.5777816118822754,3.489292716341045,z4c_spatial_or_other
1719,10.519270278148065,0.012504030324294193,0.35569804400325322,0.0018756045486441289,7.8477636302304372,1.5779520452104958,3.489292716341045,z4c_spatial_or_other
1720,10.521145882696709,0.012494442905135475,0.3529948103390228,0.0018741664357703211,7.9078617909195064,1.5781221682120201,3.489292716341045,z4c_spatial_or_other
1721,10.52302004913248,0.012482057156741838,0.35044668294974157,0.0018723085735112756,7.9653605209702123,1.5782918498933172,3.489292716341045,z4c_spatial_or_other
1722,10.524892357705991,0.012470040139118803,0.34803627510872814,0.0018705060208678204,8.020526516096,1.5784610525539595,3.489292716341045,z4c_spatial_or_other
1723,10.526762863726859,0.012458544360849163,0.34574305696441976,0.0018687816541273744,8.073724451855302,1.5786297815872614,3.489292716341045,z4c_spatial_or_other
1724,10.528631645380987,0.012447739025506719,0.34354505034184146,0.0018671608538260078,8.1253802675813382,1.5787980444093959,3.489292716341045,z4c_spatial_or_other
1725,10.530498806234812,0.012437801329841156,0.34141978861942884,0.0018656701994761733,8.1759589400495187,1.5789658506651447,3.489292716341045,z4c_spatial_or_other
1726,10.532364476434289,0.0124289062433741,0.33934519930726281,0.001864335936506115,8.2259427237257299,1.5791332123141162,3.489292716341045,z4c_spatial_or_other
1727,10.534228812370795,0.012421215525195839,0.33730039597742323,0.0018631823287793758,8.2758105426584709,1.579300143578555,3.489292716341045,z4c_spatial_or_other
1728,10.536091994699575,0.012414866799090176,0.33526637087054989,0.0018622300198635263,8.3260189974455869,1.5794666607443224,3.489292716341045,z4c_spatial_or_other
1729,10.537954224719439,0.012409963501947698,0.3332265832724971,0.0018614945252921546,8.3769852502737816,1.5796327818177154,3.489292716341045,z4c_spatial_or_other
1730,10.53981571924473,0.01240656645159881,0.3311674415993468,0.0018609849677398214,8.4290718906177098,1.5797985260517149,3.489292716341045,z4c_spatial_or_other
1731,10.54167670421247,0.012404687661859891,0.32907867903259114,0.0018607031492789835,8.4825737762134974,1.5799639133649839,3.489292716341045,z4c_spatial_or_other
1732,10.543537407361748,0.012404286878973202,0.32695362356395408,0.0018606430318459802,8.5377067935349409,1.5801289636849967,3.489292716341045,z4c_spatial_or_other
1733,10.545398050393594,0.012405271137535893,0.32478936360924221,0.0018607906706303839,8.5945984870096996,1.5802936962525114,3.489292716341045,z4c_spatial_or_other
1734,10.547258841064224,0.01240749744556084,0.32258681022187125,0.0018611246168341259,8.6532805577293193,1.5804581289280317,3.489292716341045,z4c_spatial_or_other
1735,10.549119965681058,0.012410778515005973,0.3203506567580966,0.0018616167772508958,8.7136833160317373,1.5806222775417325,3.489292716341045,z4c_spatial_or_other
1736,10.550981582458309,0.012414891262108652,0.31808923702300995,0.0018622336893162976,8.7756322697297335,1.5807861553266158,3.489292716341045,z4c_spatial_or_other
1737,10.552843816147625,0.01241958761778035,0.31581428381036591,0.0018629381426670524,8.838847120508909,1.5809497724704018,3.489292716341045,z4c_spatial_or_other
1738,10.554706754290292,0.012424607020918252,0.31354059155749209,0.0018636910531377377,8.9029435047199854,1.5811131358150603,3.489292716341045,z4c_spatial_or_other
1739,10.55657044534343,0.012429689828578368,0.31128558959160252,0.0018644534742867551,8.9674378333257092,1.5812762487241694,3.489292716341045,z4c_spatial_or_other
1740,10.558434898817717,0.012434590780942499,0.30906883594906182,0.0018651886171413747,9.0317555456574645,1.5814391111279165,3.489292716341045,z4c_spatial_or_other
1741,10.560300087434859,0.012439091620996429,0.30691144560789718,0.0018658637431494642,9.0952429862752879,1.5816017197440693,3.489292716341045,z4c_spatial_or_other
1742,10.562165951178009,0.012443012001425193,0.30483547065365268,0.0018664518002137788,9.1571829455647631,1.5817640684614733,3.489292716341045,z4c_spatial_or_other
1743,10.564032402978222,0.012446217924239505,0.30245471696978476,0.0018669326886359256,9.2292631473547182,1.5819261488615111,3.489292716341045,z4c_spatial_or_other
1744,10.565899335666858,0.0124486272271593,0.29998229229648465,0.001867294084073895,9.30532983031528,1.5820879508434662,3.489292716341045,z4c_spatial_or_other
1745,10.567766629750931,0.012450211741769388,0.2974440458972501,0.0018675317612654081,9.3847371012332079,1.5822494633139503,3.489292716341045,z4c_spatial_or_other
1746,10.569634161512196,0.012450995920499218,0.29486597575296059,0.0018676493880748826,9.4667896692547071,1.5824106748962969,3.489292716341045,z4c_spatial_or_other
1747,10.571501810900271,0.0124510521026016,0.29227337283373656,0.0018676578153902399,9.5507645667769374,1.5825715746138893,3.489292716341045,z4c_spatial_or_other
1748,10.573369468715661,0.012450492872861187,0.2896900748542951,0.0018675739309291779,9.6359330725322181,1.5827321525043194,3.489292716341045,z4c_spatial_or_other
1749,10.57523704264659,0.01244946120879213,0.28713786045127832,0.0018674191813188193,9.7215817123025765,1.5828924001278011,3.489292716341045,z4c_spatial_or_other
1750,10.577104461827908,0.01244811928379597,0.28463600141665374,0.0018672178925693954,9.807031293229489,1.5830523109428274,3.489292716341045,z4c_spatial_or_other
1751,10.578971679720476,0.012446636877187828,0.28220097737316407,0.001866995531578174,9.8916531014760682,1.5832118805336139,3.489292716341045,z4c_spatial_or_other
1752,10.580838675252055,0.012445180332305848,0.27984634559722954,0.001866777049845877,9.974881634117974,1.5833711066863354,3.489292716341045,z4c_spatial_or_other
1753,10.582705452301902,0.012443902908063463,0.27758274962107787,0.0018665854362095193,10.056223511307392,1.5835299893232493,3.489292716341045,z4c_spatial_or_other
1754,10.584572037738111,0.01244293720336275,0.27541804423519117,0.0018664405805044124,10.135262490968501,1.5836885303144614,3.489292716341045,z4c_spatial_or_other
1755,10.586438478318616,0.01244239011910425,0.27335751150000337,0.0018663585178656373,10.211660757940438,1.5838467331954293,3.489292716341045,z4c_spatial_or_other
1756,10.588304836836482,0.012442340581922406,0.2714041413915545,0.0018663510872883608,10.285156883607154,1.5840046028237753,3.489292716341045,z4c_spatial_or_other
1757,10.590171187923771,0.012442840008658749,0.26955895190829759,0.0018664260012988122,10.355561012948536,1.5841621450112731,3.489292716341045,z4c_spatial_or_other
1758,10.592037613925068,0.012443915259416597,0.26782132562306871,0.0018665872889124895,10.4227479517501,1.5843193661660468,3.489292716341045,z4c_spatial_or_other
1759,10.593904201213981,0.012445573624987485,0.26618934202160588,0.0018668360437481227,10.486648908904336,1.5844762729762667,3.489292716341045,z4c_spatial_or_other
1760,10.595771037257729,0.012447809233773782,0.26466008787725231,0.0018671713850660673,10.547242674412947,1.5846328721603813,3.489292716341045,z4c_spatial_or_other
1761,10.597638208642795,0.012450610153938738,0.26322993119731286,0.0018675915230908105,10.604546984364109,1.5847891703007986,3.489292716341045,z4c_spatial_or_other
1762,10.599505800165886,0.012453965416009627,0.2618947481268617,0.0018680948124014439,10.65861073212765,1.5849451737685374,3.489292716341045,z4c_spatial_or_other
1763,10.601373894978288,0.012457871194364928,0.26065009672702011,0.0018686806791547391,10.7095075280034,1.5851008887365585,3.489292716341045,z4c_spatial_or_other
1764,10.603242575657442,0.012462335463937086,0.25949133669481228,0.0018693503195905629,10.757330894463893,1.5852563212699808,3.489292716341045,z4c_spatial_or_other
1765,10.605111925977033,0.012467195643384971,0.25841369954095139,0.0018700793465077454,10.802191130081598,1.5854114774730719,3.489292716341045,z4c_spatial_or_other
1766,10.606982005323541,0.012471623679597477,0.2574123332270033,0.0018707435519396214,10.844213010614236,1.5855663613713007,3.489292716341045,z4c_spatial_or_other
1767,10.608852748875481,0.012474025421921371,0.25648235020157173,0.0018711038132882055,10.883533197816629,1.5857209666921528,3.489292716341045,z4c_spatial_or_other
1768,10.610723852688769,0.012464742955722094,0.25561885239676346,0.0018697114433583141,10.920298510455954,1.5858752675098133,3.489292716341045,z4c_spatial_or_other
1769,10.612593564132128,0.012456640150288571,0.25481739816515681,0.0018684960225432857,10.954645142650746,1.5860291190373608,3.489292716341045,z4c_spatial_or_other
1770,10.614462060154672,0.012449532605150988,0.25407252752266274,0.001867429890772648,10.986761143720452,1.586182536002847,3.489292716341045,z4c_spatial_or_other
1771,10.616329490045445,0.012443237426988865,0.2533788145411664,0.0018664856140483297,11.016841238789963,1.586335530745201,3.489292716341045,z4c_spatial_or_other
1772,10.618195975659493,0.012437589044300021,0.25273094112425459,0.001865638356645003,11.045082808837538,1.5864881132572033,3.489292716341045,z4c_spatial_or_other
1773,10.620061614016137,0.012432451465114468,0.25212379627392223,0.0018648677197671702,11.07168071529455,1.5866402914215556,3.489292716341045,z4c_spatial_or_other
1774,10.621926481735905,0.012427726210194149,0.25155259043955003,0.0018641589315291222,11.09682141692609,1.5867920713936983,3.489292716341045,z4c_spatial_or_other
1775,10.623790640667433,0.01242335558862844,0.25101297052897031,0.0018635033382942659,11.120677019957688,1.5869434580764294,3.489292716341045,z4c_spatial_or_other
1776,10.625654144005727,0.012419321436638962,0.25050111996415086,0.0018628982154958442,11.14339997151437,1.5870944556282665,3.489292716341045,z4c_spatial_or_other
1777,10.627517042221223,0.01241563986654394,0.25001382990028503,0.0018623459799815909,11.165119042359239,1.5872450679499381,3.489292716341045,z4c_spatial_or_other
1778,10.629379388201205,0.012412352924449012,0.24954853187313325,0.0018618529386673517,11.185937068513629,1.5873952991010114,3.489292716341045,z4c_spatial_or_other
1779,10.631241241139872,0.012409518294514017,0.24910328767579587,0.0018614277441771025,11.205930676859815,1.5875451536103327,3.489292716341045,z4c_spatial_or_other
1780,10.63310266888405,0.012407198292500235,0.24867673796145254,0.0018610797438750352,11.225151962165183,1.5876946366583458,3.489292716341045,z4c_spatial_or_other
1781,10.634963748627925,0.012405449358563365,0.24826801580736438,0.0018608174037845048,11.243631862908835,1.5878437541246975,3.489292716341045,z4c_spatial_or_other
1782,10.636824566031709,0.012404313103733858,0.24787663452281694,0.0018606469655600786,11.26138483543065,1.5879925125091945,3.489292716341045,z4c_spatial_or_other
1783,10.63868521299727,0.01240380971464068,0.24750236011190985,0.0018605714571961018,11.278414362637474,1.5881409187466828,3.489292716341045,z4c_spatial_or_other
1784,10.640545784454467,0.012403934212689059,0.24714507825719789,0.0018605901319033588,11.294718845939785,1.5882889799456872,3.489292716341045,z4c_spatial_or_other
1785,10.64240637458637,0.012404655734391591,0.2468046640338869,0.0018606983601587386,11.310297493768454,1.5884678010352251,3.489292716341045,z4c_spatial_or_other
1786,10.644267072946528,0.012405919682880334,0.24648086046119136,0.00186088795243205,11.325155908048082,1.5886548004731231,3.489292716341045,z4c_spatial_or_other
1787,10.64612796089896,0.012407652324774634,0.24617317002013772,0.001861147848716195,11.339311155819654,1.588841529509057,3.489292716341045,z4c_spatial_or_other
1788,10.647989108747677,0.012409767192499732,0.24588076177214904,0.0018614650788749596,11.352796180368035,1.5890279945791526,3.489292716341045,z4c_spatial_or_other
1789,10.649850573826551,0.01241217251381207,0.2456023958062824,0.0018618258770718105,11.365663449287219,1.5892142007784948,3.489292716341045,z4c_spatial_or_other
1790,10.651712399703623,0.0124147788350013,0.24533636632437827,0.0018622168252501949,11.377987759801025,1.5894001517916598,3.489292716341045,z4c_spatial_or_other
1791,10.653574616528873,0.012417506032797846,0.24508046452558882,0.0018626259049196769,11.389868133620185,1.5895858499379882,3.489292716341045,z4c_spatial_or_other
1792,10.655437242433793,0.01242028901655429,0.24483196234082724,0.0018630433524831434,11.401428744776872,1.5897712963212292,3.489292716341045,z4c_spatial_or_other
1793,10.657300285786276,0.012423081594177526,0.24458761782024752,0.0018634622391266288,11.4128188415667,1.5899564910628792,3.489292716341045,z4c_spatial_or_other
1794,10.659163748025403,0.012425858193641212,0.24434370251779533,0.0018638787290461817,11.424211650674888,1.5901414335909445,3.489292716341045,z4c_spatial_or_other
1795,10.66102762675445,0.01242804333387649,0.2440960505655653,0.0018642065000814734,11.435802286047412,1.5903261229516299,3.489292716341045,z4c_spatial_or_other
1796,10.662891833254532,0.012429611816039479,0.24384014036584489,0.0018644417724059219,11.447804159252515,1.5905105496584977,3.489292716341045,z4c_spatial_or_other
1797,10.664756275026939,0.012431194419003243,0.24357117476292711,0.0018646791628504863,11.460445497254744,1.5906947039072994,3.489292716341045,z4c_spatial_or_other
1798,10.666620954189789,0.012432822394349218,0.24328417305634725,0.0018649233591523826,11.473965355018429,1.5908785852745972,3.489292716341045,z4c_spatial_or_other
1799,10.668485877548941,0.012434533306614776,0.24297410074454762,0.0018651799959922164,11.488607899027183,1.5910621937959628,3.489292716341045,z4c_spatial_or_other
1800,10.670351057544933,0.012436365218565296,0.24263599631480831,0.0018654547827847943,11.504616855988207,1.591245530055228,3.489292716341045,z4c_spatial_or_other
1801,10.672216512327717,0.012438351249945068,0.24226510302825693,0.0018657526874917602,11.522229731730093,1.5914285951872804,3.489292716341045,z4c_spatial_or_other
1802,10.674082265015208,0.012440515064047192,0.24185700129157592,0.0018660772596070787,11.54167197214011,1.5916113908008647,3.489292716341045,z4c_spatial_or_other
1803,10.675948342274815,0.012442867704666632,0.24140773705144974,0.0018664301556999946,11.563151236026521,1.5917939188359014,3.489292716341045,z4c_spatial_or_other
1804,10.677814772430514,0.012445406038000354,0.24091394165155325,0.0018668109057000529,11.586851943629885,1.5919761813758557,3.489292716341045,z4c_spatial_or_other
1805,10.679681583336214,0.012448112869865394,0.24037293879187496,0.001867216930479809,11.612930253724517,1.5921581804391609,3.489292716341045,z4c_spatial_or_other
1806,10.681548800266693,0.012450958628075647,0.23978283464756364,0.0018676437942113469,11.641509606706116,1.5923399177743953,3.489292716341045,z4c_spatial_or_other
1807,10.683416444060905,0.012453904340778987,0.23914258783159162,0.001868085651116848,11.672676951370171,1.5925213946820158,3.489292716341045,z4c_spatial_or_other
1808,10.685284529712021,0.012456905518512369,0.23845205668234476,0.0018685358277768553,11.706479750734383,1.5927026118812075,3.489292716341045,z4c_spatial_or_other
1809,10.687153065539798,0.012459916471013185,0.2377120222601157,0.0018689874706519776,11.742923839242415,1.5928835694344763,3.489292716341045,z4c_spatial_or_other
1810,10.689022053010451,0.012462894565045421,0.23692418637508195,0.001869434184756813,11.781972181825418,1.593064266735629,3.489292716341045,z4c_spatial_or_other
1811,10.690891487195207,0.012465803957248001,0.23588360376349493,0.0018698705935872,11.833947457711494,1.5932447025595533,3.489292716341045,z4c_spatial_or_other
1812,10.692761357788795,0.012468618411803373,0.23458284930854831,0.001870292761770506,11.899566320815062,1.5934248751654865,3.489292716341045,z4c_spatial_or_other
1813,10.694631650550566,0.01247132292731243,0.23323844080797979,0.0018706984390968644,11.968156550021547,1.5936047824399278,3.489292716341045,z4c_spatial_or_other
1814,10.696502348989663,0.012473914037456008,0.23185752982457242,0.0018710871056184012,12.039437214676123,1.5937844220615804,3.489292716341045,z4c_spatial_or_other
1815,10.698373436095281,0.012476398800026024,0.23044782584413687,0.0018714598200039036,12.113085306176069,1.5939637916689704,3.489292716341045,z4c_spatial_or_other
1816,10.700244895915285,0.012478792632110285,0.22901739974962387,0.0018718188948165426,12.188742759827884,1.5941428890118643,3.489292716341045,z4c_spatial_or_other
1817,10.702116714810101,0.012481116270175899,0.22757448415357096,0.0018721674405263848,12.266024389575815,1.5943217120701352,3.489292716341045,z4c_spatial_or_other
1818,10.703988882250627,0.01248339222011678,0.22612727836797888,0.0018725088330175169,12.344526468541806,1.5945002591279258,3.489292716341045,z4c_spatial_or_other
1819,10.705861391083644,0.012485641106058815,0.22468376517822025,0.0018728461659088221,12.423835655676578,1.5946785287963601,3.489292716341045,z4c_spatial_or_other
1820,10.707734237249554,0.012487878325067607,0.22325154552906842,0.0018731817487601409,12.503537955168952,1.5948565199839693,3.489292716341045,z4c_spatial_or_other
1821,10.709607418998313,0.012490111370221,0.22183769580889051,0.0018735167055331499,12.583227403685306,1.5950342318198194,3.489292716341045,z4c_spatial_or_other
1822,10.711480935703847,0.012492338103566453,0.2204486507661953,0.0018738507155349679,12.662514210773699,1.5952116635394149,3.489292716341045,z4c_spatial_or_other
1823,10.713354786419382,0.012492505863855483,0.21909011337917658,0.0018738758795783224,12.741032126090214,1.5953888143473076,3.489292716341045,z4c_spatial_or_other
1824,10.71522866229896,0.012489953601893672,0.21776720431918081,0.0018734930402840508,12.818432333738549,1.5955656544165224,3.489292716341045,z4c_spatial_or_other
1825,10.717102155339244,0.012487384606956736,0.21648424813119879,0.0018731076910435103,12.894398540170492,1.5957421447932825,3.489292716341045,z4c_spatial_or_other
1826,10.718975263030288,0.012484846830784825,0.21524441269331246,0.0018727270246177237,12.968671930407627,1.5959182848941753,3.489292716341045,z4c_spatial_or_other
1827,10.720847990054905,0.012482402997178786,0.21405000898882473,0.0018723604495768178,13.041037401771721,1.5960940748121959,3.489292716341045,z4c_spatial_or_other
1828,10.722720350504481,0.012480122836821823,0.21290251385204442,0.0018720184255232733,13.11132556665221,1.5962695155181339,3.489292716341045,z4c_spatial_or_other
1829,10.724592368930004,0.012478075038040244,0.21180260687593414,0.0018717112557060365,13.179413673165749,1.5964446089508557,3.489292716341045,z4c_spatial_or_other
1830,10.726464080185711,0.012476319660327792,0.21075021833379207,0.0018714479490491687,13.245225533535082,1.5966193579938552,3.489292716341045,z4c_spatial_or_other
1831,10.72833552813476,0.01247490167096392,0.20974458544417088,0.0018712352506445879,13.308730555124871,1.5967937663459666,3.489292716341045,z4c_spatial_or_other
1832,10.730206763385405,0.012473846125246152,0.20878431489431806,0.0018710769187869228,13.369941963723653,1.5969678383032462,3.489292716341045,z4c_spatial_or_other
1833,10.732077840304193,0.01247315533570878,0.20786745013777164,0.0018709733003563168,13.42891429717694,1.5971415784760465,3.489292716341045,z4c_spatial_or_other
1834,10.733948813604549,0.012472808183939824,0.20699154250885307,0.0018709212275909734,13.485740234789766,1.5973149914697877,3.489292716341045,z4c_spatial_or_other
1835,10.735819734832139,0.012472761537589229,0.20615372558128173,0.0018709142306383843,13.54054681865178,1.5974880815596464,3.489292716341045,z4c_spatial_or_other
1836,10.737690649062777,0.012472953559667117,0.20535079242416465,0.0018709430339500675,13.593491118879921,1.5976608523884503,3.489292716341045,z4c_spatial_or_other
1837,10.739561592096727,0.012473308549088848,0.20457927545407778,0.0018709962823633272,13.644755398009188,1.5978333067136758,3.489292716341045,z4c_spatial_or_other
1838,10.741432588379091,0.01247374283961793,0.20383552845902325,0.0018710614259426894,13.694541840550599,1.5980054462240909,3.489292716341045,z4c_spatial_or_other
1839,10.743303649805034,0.01247417121524998,0.20311581010696675,0.0018711256822874969,13.743066931140344,1.5981772714397602,3.489292716341045,z4c_spatial_or_other
1840,10.745174775487321,0.012474513277451039,0.20241636789237133,0.0018711769916176558,13.790555586676149,1.5983487817014508,3.489292716341045,z4c_spatial_or_other
1841,10.747045952478938,0.012474699224446115,0.20173352107490639,0.0018712048836669172,13.837235171423687,1.5985199752476336,3.489292716341045,z4c_spatial_or_other
1842,10.748917157362605,0.012474674572574205,0.20106374078896447,0.0018712011858861306,13.883329545741974,1.5986908493698828,3.489292716341045,z4c_spatial_or_other
1843,10.750788358548492,0.012474403458488059,0.20040372521481761,0.0018711605187732086,13.929053315154848,1.5988614006311717,3.489292716341045,z4c_spatial_or_other
1844,10.752659519067265,0.012473870298806975,0.19975046755797637,0.0018710805448210461,13.974606453737783,1.5990316251268479,3.489292716341045,z4c_spatial_or_other
1845,10.754530599612087,0.01247307973763595,0.19910131462139943,0.0018709619606453924,14.020169471913736,1.5992015187653297,3.489292716341045,z4c_spatial_or_other
1846,10.756401561572732,0.012472054967065875,0.19845401399015486,0.0018708082450598811,14.065899282900455,1.5993710775449439,3.489292716341045,z4c_spatial_or_other
1847,10.758272369817792,0.012469707615761213,0.19780674826696507,0.0018704561423641818,14.111925894992446,1.5995402978048479,3.489292716341045,z4c_spatial_or_other
1848,10.760142825960157,0.012465345264403764,0.19715821407123155,0.0018698017896605645,14.158345804777454,1.5997091611839449,3.489292716341045,z4c_spatial_or_other
1849,10.762012627749819,0.012461022948378371,0.1965076090894472,0.0018691534422567557,14.205221802898324,1.5998776401095758,3.489292716341045,z4c_spatial_or_other
1850,10.763881781192076,0.012456796910586107,0.19585448116718882,0.0018685195365879159,14.252592825231106,1.6000457349148138,3.489292716341045,z4c_spatial_or_other
1851,10.765750300728664,0.012452719657137535,0.19519881000902592,0.0018679079485706301,14.300467164445118,1.6002134466855586,3.489292716341045,z4c_spatial_or_other
1852,10.767618208677234,0.012448836265611284,0.1945409737699777,0.0018673254398416926,14.348823895440072,1.6003807772029799,3.489292716341045,z4c_spatial_or_other
1853,10.769485534117075,0.012445181384347493,0.19388170613028494,0.0018667772076521238,14.397615065327741,1.6005477288370613,3.489292716341045,z4c_spatial_or_other
1854,10.771352311324728,0.012441777135467142,0.19322204595283168,0.0018662665703200712,14.446768531548756,1.6007143044011645,3.489292716341045,z4c_spatial_or_other
1855,10.773218577895047,0.012438632046335186,0.19256328169714118,0.0018657948069502777,14.496191321994271,1.6008805069802268,3.489292716341045,z4c_spatial_or_other
1856,10.775084372701997,0.012435741042255928,0.1919068927170014,0.0018653611563383891,14.545773388083928,1.6010463397466959,3.489292716341045,z4c_spatial_or_other
1857,10.776949733858336,0.012433086445261475,0.19125448942885917,0.0018649629667892211,14.595391624054736,1.6012118057785028,3.489292716341045,z4c_spatial_or_other
1858,10.778814696825124,0.012430639846638447,0.19060775413520392,0.001864595976995767,14.644914031633711,1.6013769078924374,3.489292716341045,z4c_spatial_or_other
1859,10.78067929280212,0.01242836465951031,0.1899683840485196,0.0018642546989265465,14.694203917425963,1.6015810066889831,3.489292716341045,z4c_spatial_or_other
1860,10.782543547501046,0.012426219115884972,0.18933803780901726,0.0018639328673827457,14.743124019741446,1.6017854074814999,3.489292716341045,z4c_spatial_or_other
1861,10.784407480368429,0.012424159451974996,0.1887182865394314,0.0018636239177962494,14.791540471567313,1.6019894964091133,3.489292716341045,z4c_spatial_or_other
1862,10.786271104286225,0.01242214302657471,0.18811057024380701,0.0018633214539862063,14.839326516606189,1.6021932744973029,3.489292716341045,z4c_spatial_or_other
1863,10.788134425740211,0.012420131138557573,0.18751616014179204,0.0018630196707836357,14.886365905541517,1.6023967420659662,3.489292716341045,z4c_spatial_or_other
1864,10.789997445410995,0.012418091348406624,0.18693612734036219,0.0018627137022609935,14.932555909807412,1.6025998987985659,3.489292716341045,z4c_spatial_or_other
1865,10.791860159113256,0.012415999161095339,0.18637131808404292,0.0018623998741643007,14.977809899987172,1.6028027438486629,3.489292716341045,z4c_spatial_or_other
1866,10.793722558987421,0.012413838988578183,0.18582233569360018,0.0018620758482867272,15.022059445402691,1.6030052759730582,3.489292716341045,z4c_spatial_or_other
1867,10.795584634835707,0.01241160437401799,0.18528952920052413,0.0018617406561026984,15.065255900412422,1.6032074936795555,3.489292716341045,z4c_spatial_or_other
1868,10.797446375491811,0.012409297520974949,0.18477298860637364,0.0018613946281462422,15.107371451459802,1.6034093953771695,3.489292716341045,z4c_spatial_or_other
1869,10.799307770119958,0.012406928223890844,0.18427254663526405,0.0018610392335836265,15.148399607229623,1.6036109795174704,3.489292716341045,z4c_spatial_or_other
1870,10.801168809353541,0.012404512337107673,0.18378778679524815,0.0018606768505661508,15.188355122762754,1.6038122447174137,3.489292716341045,z4c_spatial_or_other
1871,10.803029486204107,0.012402069945561556,0.18331805750969207,0.0018603104918342333,15.227273357537364,1.604013189856355,3.489292716341045,z4c_spatial_or_other
1872,10.804889796695941,0.012399623410033093,0.18286249201307866,0.0018599435115049638,15.26520907783094,1.6042138141426625,3.489292716341045,z4c_spatial_or_other
1873,10.806749740207445,0.012397195453912361,0.18242003361935638,0.001859579318086854,15.302234725477215,1.6044141171481887,3.489292716341045,z4c_spatial_or_other
1874,10.808609319525532,0.012394807438810785,0.18198946586112283,0.0018592211158216178,15.33843818852128,1.6046140988115776,3.489292716341045,z4c_spatial_or_other
1875,10.810468540641354,0.012392477946098426,0.18156944686550941,0.0018588716919147638,15.373920124020007,1.6048137594137517,3.489292716341045,z4c_spatial_or_other
1876,10.81232741233327,0.012390221744309201,0.1811585471835758,0.00185853326164638,15.408790898748791,1.6050130995307741,3.489292716341045,z4c_spatial_or_other
1877,10.814185945594916,0.012388049182299068,0.18075529013478414,0.0018582073773448602,15.443167228972065,1.6052121199705045,3.489292716341045,z4c_spatial_or_other
1878,10.81604415297226,0.012385966008824412,0.18035819358049685,0.0018578949013236617,15.477168614615632,1.6054108217000398,3.489292716341045,z4c_spatial_or_other
1879,10.817902047873584,0.012383973584071435,0.17996581191589034,0.0018575960376107151,15.510913674967632,1.6056092057708735,3.489292716341045,z4c_spatial_or_other
1880,10.819759643911196,0.012382069420113637,0.17957677698345778,0.0018573104130170455,15.544516501317856,1.6058072732480571,3.489292716341045,z4c_spatial_or_other
1881,10.821616954324213,0.01238024796695867,0.17918983657661147,0.0018570371950438003,15.578083145800383,1.6060050251485951,3.489292716341045,z4c_spatial_or_other
1882,10.823473991519258,0.012378501549554602,0.17880388922837426,0.0018567752324331901,15.611708364506121,1.6062024623928994,3.489292716341045,z4c_spatial_or_other
1883,10.825330766751691,0.012376821358829776,0.17841801407254756,0.0018565232038244663,15.645472726413125,1.6063995857715743,3.489292716341045,z4c_spatial_or_other
1884,10.827187289955516,0.012375198405797568,0.17803149472237476,0.0018562797608696351,15.679440187961376,1.6065963959282552,3.489292716341045,z4c_spatial_or_other
1885,10.829043569716385,0.01237362436064678,0.17764383632838734,0.0018560436540970169,15.713656216659668,1.6067928933577433,3.489292716341045,z4c_spatial_or_other
1886,10.830899613370482,0.012372092216819394,0.17725477524162059,0.0018558138325229089,15.748146526759349,1.6069890784174636,3.489292716341045,z4c_spatial_or_other
1887,10.832755427203004,0.012370596741360151,0.17686428100555357,0.0018555895112040226,15.782916466808722,1.6071849513493484,3.489292716341045,z4c_spatial_or_other
1888,10.834611016714208,0.012369134695240241,0.17647255071227677,0.0018553702042860361,15.817951074011663,1.6073805123086473,3.489292716341045,z4c_spatial_or_other
1889,10.836466386918493,0.012367704828937344,0.17607999606694311,0.0018551557243406016,15.85321578500929,1.6075757613959716,3.489292716341045,z4c_spatial_or_other
1890,10.838321542642834,0.012366307677566362,0.17568722379176177,0.0018549461516349543,15.8886577682021,1.6077706986889921,3.489292716341045,z4c_spatial_or_other
1891,10.840176488794469,0.012364945194939563,0.17529501025115765,0.0018547417792409344,15.924207820139031,1.6079653242706389,3.489292716341045,z4c_spatial_or_other
1892,10.84203123057371,0.01236362027618374,0.17490427138116146,0.0018545430414275608,15.959782748756215,1.6081596382512973,3.489292716341045,z4c_spatial_or_other
1893,10.843885773615137,0.012362336223544254,0.17451602915057857,0.0018543504335316379,15.995288150089001,1.6083536407833265,3.489292716341045,z4c_spatial_or_other
1894,10.845740124048667,0.012361096209836209,0.1741313758651612,0.0018541644314754313,16.030621473033015,1.6085473320670747,3.489292716341045,z4c_spatial_or_other
1895,10.847594288480144,0.012359902789174575,0.17375143764890486,0.0018539854183761862,16.065675259121694,1.6087407123484494,3.489292716341045,z4c_spatial_or_other
1896,10.849448273898521,0.012358757495989135,0.17337733840202124,0.0018538136243983702,16.100340441264343,1.6089337819088669,3.489292716341045,z4c_spatial_or_other
1897,10.851302087522919,0.012357660562008226,0.17301016544890893,0.0018536490843012337,16.134509586936183,1.6091265410490387,3.489292716341045,z4c_spatial_or_other
1898,10.853155736607221,0.012356610768096712,0.17265093795908032,0.0018534916152145066,16.168079977268523,1.6093189900684961,3.489292716341045,z4c_spatial_or_other
1899,10.855009228222436,0.012355605434778807,0.17230057905811583,0.0018533408152168209,16.200956423549247,1.6095111292429989,3.489292716341045,z4c_spatial_or_other
1900,10.856862569037652,0.012354640543082317,0.17195989235354109,0.0018531960814623474,16.233053736354897,1.6097029588020046,3.489292716341045,z4c_spatial_or_other
1901,10.858715765119115,0.012353710966940176,0.1716295433916751,0.0018530566450410263,16.264298779275521,1.6098944789082168,3.489292716341045,z4c_spatial_or_other
1902,10.860568821764156,0.012352810790468093,0.17131004634492675,0.0018529216185702137,16.294632058252915,1.6100856896409239,3.489292716341045,z4c_spatial_or_other
1903,10.862421743382725,0.012351933678424508,0.17100175601482093,0.0018527900517636762,16.324008817961492,1.610276590984397,3.489292716341045,z4c_spatial_or_other
1904,10.864274533434489,0.012351073266196333,0.17070486503301788,0.0018526609899294499,16.352399637426355,1.61046718282212,3.489292716341045,z4c_spatial_or_other
1905,10.866127194424418,0.012350223536628162,0.17041940595931121,0.0018525335304942242,16.379790537113539,1.6106574649370811,3.489292716341045,z4c_spatial_or_other
1906,10.867979727954912,0.012349379154590461,0.1701452578194784,0.001852406873188569,16.406182627990177,1.6108474370178698,3.489292716341045,z4c_spatial_or_other
1907,10.869832134828101,0.012348535735852859,0.16988215650293337,0.0018522803603779287,16.431591348586608,1.6110370986698608,3.489292716341045,z4c_spatial_or_other
1908,10.871684415188479,0.012347690033962574,0.16962970835446006,0.0018521535050943861,16.456045348140464,1.6112264494304187,3.489292716341045,z4c_spatial_or_other
1909,10.873536568693574,0.012346840036733447,0.16938740624767912,0.001852026005510017,16.479585081969951,1.6114154887868337,3.489292716341045,z4c_spatial_or_other
1910,10.875388594699084,0.012345984971930681,0.16915464741962555,0.0018518977457896021,16.502261189123974,1.6116042161955613,3.489292716341045,z4c_spatial_or_other
1911,10.877240492444873,0.012345125229141928,0.16893075237272387,0.001851768784371289,16.524132722228678,1.6117926311013737,3.489292716341045,z4c_spatial_or_other
1912,10.879092261229244,0.012344262211099485,0.16871498420717387,0.0018516393316649227,16.545265295731465,1.6119807329551465,3.489292716341045,z4c_spatial_or_other
1913,10.88094390056091,0.012343398132433441,0.16850656782618095,0.001851509719865016,16.565729212123504,1.612168521229207,3.489292716341045,z4c_spatial_or_other
1914,10.882795410280774,0.012342535786713685,0.1683047085503997,0.0018513803680070527,16.585597617056134,1.6123559954294877,3.489292716341045,z4c_spatial_or_other
1915,10.884646790648782,0.012341678303565948,0.16810860977787631,0.0018512517455348922,16.604944724492029,1.6125431551040241,3.489292716341045,z4c_spatial_or_other
1916,10.886498042394317,0.012340828916671074,0.16791748942288207,0.0018511243375006611,16.623844143136935,1.6127299998477,3.489292716341045,z4c_spatial_or_other
1917,10.888349166731818,0.012339990760776264,0.16773059495271406,0.0018509986141164395,16.642367326365154,1.6129165293034282,3.489292716341045,z4c_spatial_or_other
1918,10.890200165345934,0.012339166711785785,0.1675472169157021,0.0018508750067678676,16.660582159817601,1.6131027431602587,3.489292716341045,z4c_spatial_or_other
1919,10.892051040352703,0.012338359278968968,0.16736670093583297,0.0018507538918453451,16.678551691970373,1.6132886411490925,3.489292716341045,z4c_spatial_or_other
1920,10.893901794244549,0.01233757055279696,0.16718845815197739,0.001850635582919544,16.696333012027488,1.61347422303681,3.489292716341045,z4c_spatial_or_other
1921,10.895752429827468,0.012336802206435769,0.16701197411253843,0.0018505203309653652,16.713976275688303,1.6136594886196687,3.489292716341045,z4c_spatial_or_other
1922,10.897602950158433,0.012336055543926725,0.16683681614082735,0.0018504083315890086,16.731523878498017,1.6138444377167844,3.489292716341045,z4c_spatial_or_other
1923,10.899453358490021,0.012335331584003972,0.16666263918003371,0.0018502997376005957,16.749009776914967,1.6140290701643967,3.489292716341045,z4c_spatial_or_other
1924,10.901303658227622,0.012334631165651585,0.16648919011368879,0.0018501946748477377,16.766458958486602,1.6142133858114331,3.489292716341045,z4c_spatial_or_other
1925,10.90315385290247,0.012333955060099797,0.16631631054322094,0.0018500932590149695,16.783887064085761,1.6143973845166963,3.489292716341045,z4c_spatial_or_other
1926,10.905003946161486,0.012333304074077315,0.16614393799322497,0.0018499956111115972,16.801300166525881,1.6145810661477353,3.489292716341045,z4c_spatial_or_other
1927,10.906853941772598,0.012332679130717897,0.16597210551125982,0.0018499018696076846,16.818694710620882,1.6147644305812685,3.489292716341045,z4c_spatial_or_other
1928,10.908703843642206,0.012332081317380087,0.16580093963500506,0.0018498121976070129,16.836057619564233,1.6149474777047941,3.489292716341045,z4c_spatial_or_other
1929,10.910553655839813,0.01233151189348719,0.16563065671668811,0.0018497267840230786,16.853366571187333,1.6151302074188945,3.489292716341045,z4c_spatial_or_other
1930,10.912403382623836,0.012330972255956203,0.16546155762260117,0.0018496458383934304,16.870590445182302,1.6153349230245888,3.489292716341045,z4c_spatial_or_other
1931,10.91425302846223,0.012330463864436633,0.16529402086264391,0.001849569579665495,16.887689938842151,1.6155569877927363,3.489292716341045,z4c_spatial_or_other
1932,10.916102598041896,0.012329988132990001,0.1651284942484266,0.0018494982199485002,16.904618344507394,1.6157787875181673,3.489292716341045,z4c_spatial_or_other
1933,10.917952096261844,0.012329546298602155,0.1649654852250092,0.0018494319447903231,16.921322477034412,1.6160003222966555,3.489292716341045,z4c_spatial_or_other
1934,10.919801528206635,0.012329139279689223,0.16480555006696396,0.0018493708919533833,16.937743734592786,1.6162215922430421,3.489292716341045,z4c_spatial_or_other
1935,10.921650899098589,0.012328767539282498,0.16464928217028443,0.0018493151308923747,16.953819271351968,1.616442597485388,3.489292716341045,z4c_spatial_or_other
1936,10.923500214229481,0.012328430967718809,0.16449729970434387,0.0018492646451578212,16.969483256503104,1.6166633381567119,3.489292716341045,z4c_spatial_or_other
1937,10.925349478874638,0.012328128798406538,0.16435023291000936,0.0018492193197609805,16.984668190895096,1.6168838143846895,3.489292716341045,z4c_spatial_or_other
1938,10.927198698194399,0.012327859567692645,0.16420871133948189,0.0018491789351538965,16.999306250579359,1.617104026279921,3.489292716341045,z4c_spatial_or_other
1939,10.929047877129554,0.012327621126246458,0.16407335132988546,0.0018491431689369687,17.013330625888088,1.6173239739235652,3.489292716341045,z4c_spatial_or_other
1940,10.93089702029849,0.012327410705017975,0.16394474398653908,0.0018491116057526961,17.026676825345685,1.6175436573552675,3.489292716341045,z4c_spatial_or_other
1941,10.932746131904242,0.012327225034104067,0.1638234439246356,0.0018490837551156101,17.039283915658565,1.6177630765623459,3.489292716341045,z4c_spatial_or_other
1942,10.934595215659357,0.012327060508179392,0.16370995898191371,0.0018490590762269086,17.05109567207959,1.6179822314711718,3.489292716341045,z4c_spatial_or_other
1943,10.936444274735583,0.012326913387931246,0.16360474107258538,0.0018490370081896868,17.062061617360953,1.6182011219415504,3.489292716341045,z4c_spatial_or_other
1944,10.938293311743774,0.012326780023550548,0.16350817830728201,0.0018490170035325821,17.072137932005305,1.6184197477647178,3.489292716341045,z4c_spatial_or_other
1945,10.940142328747307,0.012326657084078735,0.16342058845829707,0.0018489985626118101,17.08128822327167,1.6186381086653119,3.489292716341045,z4c_spatial_or_other
1946,10.941991327309918,0.012326541775499066,0.16334221380563343,0.0018489812663248597,17.08948414519752,1.6188562043073935,3.489292716341045,z4c_spatial_or_other
1947,10.943840308576242,0.012326432030952395,0.16327321736592468,0.0018489648046428591,17.096705865829357,1.6190740343042755,3.489292716341045,z4c_spatial_or_other
1948,10.945689273380884,0.012326326658384439,0.16321368047492077,0.0018489489987576658,17.102942381731076,1.6192915982316454,3.489292716341045,z4c_spatial_or_other
1949,10.947538222379642,0.012326225434061375,0.16316360167066787,0.0018489338151092061,17.108191683014656,1.6195088956431933,3.489292716341045,z4c_spatial_or_other
1950,10.949387156194751,0.012326129134530663,0.16312289681385439,0.0018489193701795993,17.112460774027607,1.6197259260877732,3.489292716341045,z4c_spatial_or_other
1951,10.95123607556493,0.012326039504367448,0.16309140037931369,0.0018489059256551171,17.115765555882113,1.6199426891270086,3.489292716341045,z4c_spatial_or_other
1952,10.953084981490585,0.012325959162035159,0.16306886785808125,0.0018488938743052737,17.118130577212444,1.6201591843521916,3.489292716341045,z4c_spatial_or_other
1953,10.95493387536489,0.012325891450980956,0.1630549792210052,0.0018488837176471433,17.119588659045597,1.6203754113994127,3.489292716341045,z4c_spatial_or_other
1954,10.956782759082538,0.012325840247277169,0.16304934341022964,0.0018488760370915752,17.120180398700722,1.620591369961967,3.489292716341045,z4c_spatial_or_other
1955,10.958631635119628,0.012325104321635087,0.16305150384105416,0.0018487656482452629,17.119953556478581,1.6208070597992981,3.489292716341045,z4c_spatial_or_other
1956,10.960480400767874,0.012323044082670327,0.16306094417741041,0.0018484566124005489,17.118962404852471,1.6210224684209693,3.489292716341045,z4c_spatial_or_other
1957,10.962328857380275,0.012321005689238541,0.16307709411370172,0.0018481508533857811,17.11726707079152,1.6212375722384538,3.489292716341045,z4c_spatial_or_other
1958,10.96417700823366,0.012318992398199417,0.16309934079368113,0.0018478488597299125,17.114932282920567,1.6214523712323341,3.489292716341045,z4c_spatial_or_other
1959,10.966024857093391,0.012317006538585135,0.16312703861240119,0.0018475509807877701,17.112026288330025,1.6216668654378994,3.489292716341045,z4c_spatial_or_other
1960,10.967872408074179,0.012315049419525492,0.16315951979936597,0.0018472574129288237,17.108619690137651,1.6218810549286509,3.489292716341045,z4c_spatial_or_other
1961,10.969719665487107,0.012313121333650458,0.16319610591981004,0.0018469682000475686,17.104784194081617,1.6220949397983349,3.489292716341045,z4c_spatial_or_other
1962,10.971566633687154,0.012311221646202058,0.16271918276424269,0.0018466832469303087,17.154917604995802,1.6223085201431633,3.489292716341045,z4c_spatial_or_other
1963,10.973413316934083,0.012309348952708596,0.16222142177172522,0.0018464023429062893,17.207555836866522,1.6225217960457026,3.489292716341045,z4c_spatial_or_other
1964,10.975259719276989,0.012307501282862489,0.16171802963813189,0.0018461251924293733,17.261119117757524,1.6227347675616126,3.489292716341045,z4c_spatial_or_other
1965,10.977105844469419,0.012305676325557296,0.16120916969748164,0.0018458514488335943,17.315604182510985,1.6229474347100155,3.489292716341045,z4c_spatial_or_other
1966,10.978951695918253,0.012303871649971579,0.16069520316800792,0.0018455807474957368,17.370986302275451,1.6231597974678273,3.489292716341045,z4c_spatial_or_other
1967,10.980797276665749,0.012302084899971043,0.16017667923051879,0.0018453127349956563,17.427219658209637,1.6233718557679409,3.489292716341045,z4c_spatial_or_other
1968,10.982642589400745,0.012300313943549751,0.15965431970119276,0.0018450470915324624,17.484238311229245,1.6235836095007727,3.489292716341045,z4c_spatial_or_other
1969,10.984487636492277,0.012298556964979947,0.15912899883813425,0.0018447835447469919,17.541957741544508,1.6237950585183658,3.489292716341045,z4c_spatial_or_other
1970,10.986332420037025,0.012296812494116046,0.15860171897001152,0.0018445218741174067,17.600276915035465,1.6240062026400446,3.489292716341045,z4c_spatial_or_other
1971,10.988176941911142,0.012295079374189742,0.15807358275518008,0.0018442619061284611,17.659080818052509,1.6242170416585378,3.489292716341045,z4c_spatial_or_other
1972,10.990021203817271,0.012293356675765301,0.15754576296713022,0.001844003501364795,17.718243388463776,1.624427575345494,3.489292716341045,z4c_spatial_or_other
1973,10.991865207318636,0.01229164356971809,0.15701947075498679,0.0018437465354577134,17.777630759108789,1.6246378034554936,3.489292716341045,z4c_spatial_or_other
1974,10.993708953854094,0.01228993917572749,0.15649592334607379,0.0018434908763591234,17.837104720612317,1.6248477257278597,3.489292716341045,z4c_spatial_or_other
1975,10.995552444730453,0.012288242404588184,0.1559763121429065,0.0018432363606882274,17.896526304041004,1.6250573418858747,3.489292716341045,z4c_spatial_or_other
1976,10.997395681091142,0.012286551812587667,0.15546177212264292,0.0018429827718881499,17.955759380323347,1.625266651633319,3.489292716341045,z4c_spatial_or_other
1977,10.99923866386303,0.012284865484404701,0.15495335337538327,0.0018427298226607052,18.014674173010178,1.6254756546485629,3.489292716341045,z4c_spatial_or_other
1978,11.001081393685691,0.012283180957716879,0.15445199552070785,0.0018424771436575318,18.073150584179924,1.6256843505767213,3.489292716341045,z4c_spatial_or_other
1979,11.002923870829349,0.01228149519839312,0.15395850563789862,0.0018422242797589679,18.131081238461263,1.6258927390205959,3.489292716341045,z4c_spatial_or_other
1980,11.004766095109108,0.012279804630258481,0.15347354022097556,0.001841970694538772,18.188374159178515,1.6261008195312692,3.489292716341045,z4c_spatial_or_other
1981,11.006608065803647,0.012278105218431101,0.15299759153938636,0.001841715782764665,18.244955002146121,1.626308591599285,3.489292716341045,z4c_spatial_or_other
1982,11.008449781586412,0.012276392600611084,0.15253097865080459,0.0018414588900916625,18.30076878653864,1.6265160546473114,3.489292716341045,z4c_spatial_or_other
1983,11.010291240476503,0.012274662256834922,0.15207384317771025,0.0018411993385252382,18.3557810780834,1.6267232080250842,3.489292716341045,z4c_spatial_or_other
1984,11.012132439815028,0.012272909705383276,0.15162614982737879,0.0018409364558074914,18.409978597034804,1.626930051007254,3.489292716341045,z4c_spatial_or_other
1985,11.013973376270835,0.01227113071091041,0.15118769150838332,0.0018406696066365614,18.463369241391266,1.6271365827945525,3.489292716341045,z4c_spatial_or_other
1986,11.015814045877471,0.012269321490492412,0.15075809877830232,0.0018403982235738617,18.515981533952523,1.6273428025184542,3.489292716341045,z4c_spatial_or_other
1987,11.017654444101046,0.012267478904093283,0.15033685324932647,0.0018401218356139924,18.567863519421792,1.6275487092492582,3.489292716341045,z4c_spatial_or_other
1988,11.019494565936659,0.012265600617749067,0.14992330448305197,0.0018398400926623599,18.619081154180357,1.627754302007306,3.489292716341045,z4c_spatial_or_other
1989,11.021334406029322,0.012263685230323087,0.1495166898249079,0.001839552784548463,18.669716246004082,1.6279595797768347,3.489292716341045,z4c_spatial_or_other
1990,11.023173958813871,0.012261732357701036,0.14911615656413113,0.0018392598536551555,18.71986401334258,1.6281645415218393,3.489292716341045,z4c_spatial_or_other
1991,11.025013218667526,0.012259742671472305,0.14872078575851283,0.0018389614007208457,18.769630343437406,1.6283691862032139,3.489292716341045,z4c_spatial_or_other
1992,11.026852180068246,0.012257717892202979,0.14832961703540509,0.0018386576838304467,18.819128835251718,1.628573512796391,3.489292716341045,z4c_spatial_or_other
1993,11.028690837752077,0.012255660740108993,0.14794167367237679,0.0018383491110163489,18.868477716796605,1.6287775203087254,3.489292716341045,z4c_spatial_or_other
1994,11.030529186863093,0.012253574848109829,0.14755598727263258,0.0018380362272164743,18.917796726982203,1.6289812077959087,3.489292716341045,z4c_spatial_or_other
1995,11.03236722309031,0.01225146464378067,0.14717162138142159,0.0018377196965671003,18.967204049742275,1.6291845743768028,3.489292716341045,z4c_spatial_or_other
1996,11.034204942786877,0.012249335207593666,0.1467876934391267,0.0018374002811390499,19.016813383135911,1.6293876192461885,3.489292716341045,z4c_spatial_or_other
1997,11.036042343068017,0.012247192115083386,0.14640339453286028,0.0018370788172625079,19.066731218764865,1.6295903416850503,3.489292716341045,z4c_spatial_or_other
1998,11.037879421885279,0.012245041270278822,0.14601800648891122,0.0018367561905418231,19.117054397567202,1.6297959985060619,3.489292716341045,z4c_spatial_or_other
1999,11.039716178075821,0.012242888737042337,0.14563091594048844,0.0018364333105563505,19.167867997297677,1.6300379547499424,3.489292716341045,z4c_spatial_or_other
2000,11.041552611386377,0.012240740573991762,0.14524162510564537,0.0018361110860987643,19.219243595232513,1.6302796349621831,3.489292716341045,z4c_spatial_or_other
2001,11.043388722472477,0.012238602677602713,0.14484975911551473,0.0018357904016404068,19.271237937280411,1.6305210388317386,3.489292716341045,z4c_spatial_or_other
2002,11.045224512874118,0.012236480637024701,0.14445506983936571,0.001835472095553705,19.323892032151701,1.6307621661633014,3.489292716341045,z4c_spatial_or_other
2003,11.047059984969671,0.012234379603199367,0.14405743625687334,0.001835156940479905,19.377230676904052,1.6310030168706886,3.489292716341045,z4c_spatial_or_other
2004,11.048895141910151,0.012232304174108199,0.14365686152592924,0.0018348456261162299,19.431262408367445,1.6312435909676848,3.489292716341045,z4c_spatial_or_other
2005,11.050729987536267,0.012230258297427434,0.14325346698322955,0.0018345387446141151,19.485979863926261,1.6314838885566822,3.489292716341045,z4c_spatial_or_other
2006,11.05256452628088,0.012228245191519899,0.1428474833921598,0.0018342367787279848,19.541360525123849,1.6317239098154708,3.489292716341045,z4c_spatial_or_other
2007,11.054398763059609,0.012226267285507547,0.1424392398161442,0.001833940092826132,19.597367808729715,1.6319636549825489,3.489292716341045,z4c_spatial_or_other
2008,11.056232703152435,0.012224326179082501,0.14202915054427551,0.0018336489268623751,19.65395246240417,1.6322031243413557,3.489292716341045,z4c_spatial_or_other
2009,11.058066352079297,0.012222422622656496,0.14161770053025677,0.0018333633933984743,19.711054215828362,1.6324423182037915,3.489292716341045,z4c_spatial_or_other
2010,11.059899715472696,0.012220556518350779,0.14120542982366155,0.0018330834777526169,19.768603633435351,1.6326812368934573,3.489292716341045,z4c_spatial_or_other
2011,11.061732798950448,0.012218726942106239,0.14079291750116771,0.0018328090413159358,19.826524108001987,1.6329198807290102,3.489292716341045,z4c_spatial_or_other
2012,11.063565607991764,0.012216932186976351,0.14038076548737058,0.0018325398280464526,19.884733947571821,1.6331582500080437,3.489292716341045,z4c_spatial_or_other
2013,11.06539814781981,0.012215169827016653,0.13996958273923202,0.0018322754740524977,19.943148493007733,1.6333963449919155,3.489292716341045,z4c_spatial_or_other
2014,11.067230423293863,0.012213436800572613,0.13955997020487146,0.0018320155200858919,20.001682208552083,1.633634165891908,3.489292716341045,z4c_spatial_or_other
2015,11.069062438813948,0.012211729511015731,0.13915250692399569,0.0018317594266523596,20.060250690255273,1.6338717128570908,3.489292716341045,z4c_spatial_or_other
2016,11.0708941982406,0.01221004394218583,0.1387477375840073,0.0018315065913278744,20.118772541301531,1.6341089859642244,3.489292716341045,z4c_spatial_or_other
2017,11.072725704831928,0.012208375785030329,0.13834616178807277,0.0018312563677545493,20.17717106853263,1.6343459852099609,3.489292716341045,z4c_spatial_or_other
2018,11.074556961199683,0.012206720571266608,0.13794822522974462,0.001831008085689991,20.235375760897739,1.6345827105055555,3.489292716341045,z4c_spatial_or_other
2019,11.076387969285372,0.012205073809401947,0.13755431290508915,0.0018307610714102919,20.293323517953905,1.6348191616741994,3.489292716341045,z4c_spatial_or_other
2020,11.078218730356783,0.012203431118186191,0.1371647444295454,0.0018305146677279286,20.350959604686572,1.63505533845101,3.489292716341045,z4c_spatial_or_other
2021,11.08004924502451,0.01220178826193412,0.13677977234489333,0.001830268239290118,20.408238186229546,1.6352912404856019,3.489292716341045,z4c_spatial_or_other
2022,11.0818795132638,0.012200141182632337,0.13639959076287256,0.0018300211773948506,20.4651213208233,1.635526867345328,3.489292716341045,z4c_spatial_or_other
2023,11.083709534441194,0.012198486153561424,0.13602435114892186,0.0018297729230342134,20.521576831612485,1.6357622185191285,3.489292716341045,z4c_spatial_or_other
2024,11.085539307364229,0.012196819850908387,0.13565415370540693,0.0018295229776362578,20.577579799987909,1.6359972934243159,3.489292716341045,z4c_spatial_or_other
2025,11.087368830341866,0.012195139539201922,0.13528903071104678,0.0018292709308802882,20.633115326510406,1.6362320914147039,3.489292716341045,z4c_spatial_or_other
2026,11.089198101272746,0.012193443288964994,0.13492892995189645,0.0018290164933447491,20.688181356422312,1.6364666117922531,3.489292716341045,z4c_spatial_or_other
2027,11.091027117766091,0.012191730173897313,0.13457370012640332,0.0018287595260845968,20.742791276831049,1.636700853822824,3.489292716341045,z4c_spatial_or_other
2028,11.092855877292175,0.012190000392722408,0.13422308174086184,0.0018285000589083611,20.796975727782247,1.6369348167556206,3.489292716341045,z4c_spatial_or_other
2029,11.094684377351083,0.012188255271232505,0.13387670667773385,0.0018282382906848757,20.850783099948355,1.6371684998448417,3.489292716341045,z4c_spatial_or_other
2030,11.096512615641767,0.012186497120712906,0.13353410880785377,0.0018279745681069358,20.904278300082225,1.6374019023712416,3.489292716341045,z4c_spatial_or_other
2031,11.098340590209874,0.012184728955586015,0.13319474682171972,0.0018277093433379022,20.957539540272954,1.6376350236608417,3.489292716341045,z4c_spatial_or_other
2032,11.100168299553212,0.012182954100524548,0.13285803901956456,0.001827443115078682,21.010653127747673,1.63786786309813,3.489292716341045,z4c_spatial_or_other
2033,11.101995742668292,0.012181175740182466,0.13252340830191298,0.0018271763610273699,21.063706471489397,1.6381004201316758,3.489292716341045,z4c_spatial_or_other
2034,11.103822919029319,0.0060896982393878109,0.13219033422927565,0.0009134547359081716,21.116779750562344,1.6383326942711238,3.489292716341045,z4c_spatial_or_other
2035,11.104736373765228,0.006087437921189584,0.13237528303013635,0.00091311568817843756,21.087276334188026,1.6384487208804128,3.489292716341045,z4c_spatial_or_other
2036,11.105649489453405,0.0060852201939322137,0.1323373420361085,0.00091278302908983202,21.093322036883499,1.638564642044894,3.489292716341045,z4c_spatial_or_other
2037,11.106562272482496,0.0060828632234564035,0.13209300401080154,0.00091242948351846049,21.132339248220706,1.6386804585778985,3.489292716341045,z4c_spatial_or_other
2038,11.107474701966014,0.006080133462184876,0.13166960937085112,0.0009120200193277314,21.20029205228888,1.6387961678331453,3.489292716341045,z4c_spatial_or_other
2039,11.108386721985342,0.006076765681883982,0.13110154521585654,0.00091151485228259724,21.292153105264976,1.6389117627311727,3.489292716341045,z4c_spatial_or_other
2040,11.109298236837624,0.0060724886067799752,0.13042587636828909,0.00091087329101699629,21.402456711814956,1.6390272311695246,3.489292716341045,z4c_spatial_or_other
2041,11.110209110128642,0.006067053850746078,0.12967802187808025,0.00091005807761191163,21.525884900505858,1.6391425559215864,3.489292716341045,z4c_spatial_or_other
2042,11.111119168206253,0.0060602650284155386,0.12888800914499374,0.0009090397542623307,21.657826756658075,1.6392577150849146,3.489292716341045,z4c_spatial_or_other
2043,11.112028207960515,0.0060520034570947599,0.12807769011690967,0.00090780051856421398,21.79485100429909,1.6393726830802586,3.489292716341045,z4c_spatial_or_other
2044,11.11293600847908,0.0060422469723801237,0.12725913917438461,0.00090633704585701849,21.935038938521366,1.6394874321345456,3.489292716341045,z4c_spatial_or_other
2045,11.113842345524937,0.0060310791147561377,0.1264342967946904,0.00090466186721342061,22.078140534966476,1.639601934115497,3.489292716341045,z4c_spatial_or_other
2046,11.11474700739215,0.0060186872218046354,0.12559580507752544,0.00090280308327069523,22.225536683727547,1.6397161625342052,3.489292716341045,z4c_spatial_or_other
2047,11.115649810475421,0.0060052911355112709,0.12472888476218856,0.00090079367032669063,22.380013886880008,1.6398300945050588,3.489292716341045,z4c_spatial_or_other
2048,11.116550604145749,0.0029681880952757934,0.12381403154389793,0.00044522821429136898,22.545378244008965,1.6399437113508133,3.489292716341045,z4c_spatial_or_other
2049,11.11699583236004,0.0029629374209047127,0.12349442608201645,0.00044444061313570686,22.603726027431868,1.6399998451367346,3.489292716341045,z4c_spatial_or_other
2050,11.117440272973175,0.0029577979168726965,0.12314061065506349,0.00044366968753090444,22.668672489306466,1.6400558646218613,3.489292716341045,z4c_spatial_or_other
2051,11.117883942660706,0.0029527968505390747,0.12274006359416129,0.00044291952758086117,22.74264890641318,1.6401117719791785,3.489292716341045,z4c_spatial_or_other
2052,11.118326862188287,0.0029479631977663142,0.12227611581863078,0.00044219447966494711,22.828940503910864,1.6401675698945586,3.489292716341045,z4c_spatial_or_other
2053,11.118769056667952,0.0029433259249360528,0.12172865400999662,0.00044149888874040789,22.931611260924626,1.6402232615983507,3.489292716341045,z4c_spatial_or_other
2054,11.119210555556693,0.0029389119962268599,0.12107516996518113,0.00044083679943402896,23.055380999057022,1.6402788508644814,3.489292716341045,z4c_spatial_or_other
2055,11.119651392356127,0.0029347442998871134,0.1202921463618466,0.00044021164498306699,23.205456528109664,1.6403343419719332,3.489292716341045,z4c_spatial_or_other
2056,11.120091604001111,0.0029308396875027736,0.11935672341410668,0.00043962595312541601,23.387322416584695,1.6403897396271498,3.489292716341045,z4c_spatial_or_other
2057,11.120531229954237,0.0029272073050876355,0.11824853835359361,0.00043908109576314532,23.606500443377392,1.640445048849565,3.489292716341045,z4c_spatial_or_other
2058,11.12097031105,0.0029238473672108787,0.11695157961261958,0.00043857710508163182,23.868289614547699,1.6405002748258319,3.489292716341045,z4c_spatial_or_other
2059,11.121408888155081,0.0029207504884660759,0.11545586235232629,0.00043811257326991135,24.177500528768885,1.6405554227411689,3.489292716341045,z4c_spatial_or_other
2060,11.121847000728351,0.0029178976433749614,0.11375872400971491,0.00043768464650624419,24.538198695288195,1.6406104975983637,3.489292716341045,z4c_spatial_or_other
2061,11.122284685374858,0.0029152607790785177,0.11186556611718544,0.00043728911686177763,24.953471116828325,1.6406655040363121,3.489292716341045,z4c_spatial_or_other
2062,11.12272197449172,0.0029128040575143025,0.10812327525298757,0.00043692060862714536,25.817144056554149,1.6407204461603921,3.489292716341045,z4c_spatial_or_other
2063,11.123158895100346,0.0029104856577644202,0.10585910560593736,0.00043657284866466299,26.36933457065097,1.6407753273965031,3.489292716341045,z4c_spatial_or_other
2064,11.123595467949011,0.0029082600261460447,0.10357245206213472,0.00043623900392190669,26.951511888491464,1.6408301503792875,3.489292716341045,z4c_spatial_or_other
2065,11.124031706952932,0.0029060804273298513,0.10127143453091747,0.00043591206409947768,27.563884979042442,1.6408849168828963,3.489292716341045,z4c_spatial_or_other
2066,11.124467619017032,0.0029039016289708745,0.098963961621030327,0.00043558524434563118,28.206572648761494,1.6409396277998871,3.489292716341045,z4c_spatial_or_other
2067,11.124903204261377,0.0014473556965831124,0.096657697686260924,0.00021710335448746684,28.879584760372531,1.6409942831706799,3.489292716341045,z4c_spatial_or_other
2068,11.125120307615864,0.0014462169545763543,0.093213088183071877,0.00021693254318645315,29.946804976468741,1.6410215189446795,3.489292716341045,z4c_spatial_or_other
2069,11.12533724015905,0.0014450782654477927,0.092031374401620195,0.00021676173981716889,30.331332018265432,1.6410487296842668,3.489292716341045,z4c_spatial_or_other
2070,11.125554001898868,0.0014439406362303567,0.090845046856703637,0.00021659109543455349,30.727422899301974,1.6410759153980432,3.489292716341045,z4c_spatial_or_other
2071,11.125770592994302,0.0014428050034992112,0.089654469831343259,0.00021642075052488168,31.135471308056847,1.6411030761135486,3.489292716341045,z4c_spatial_or_other
2072,11.125987013744826,0.0014416723161691303,0.088460206472950845,0.00021625084742536954,31.555817970268862,1.6411302118759226,3.489292716341045,z4c_spatial_or_other
2073,11.126203264592251,0.0014405436219240792,0.08726302574279296,0.00021608154328861187,31.988739208981421,1.6411573227481258,3.489292716341045,z4c_spatial_or_other
2074,11.12641934613554,0.0014394201489968672,0.086063899989138576,0.00021591302234953008,32.434437359045084,1.6411844088127845,3.489292716341045,z4c_spatial_or_other
2075,11.12663525915789,0.0014383033760612786,0.084863993999309495,0.00021574550640919178,32.893033211417659,1.6412114701755722,3.489292716341045,z4c_spatial_or_other
2076,11.126851004664299,0.0014371950845931908,0.08366464673388764,0.00021557926268897862,33.364560564649942,1.6412385069699018,3.489292716341045,z4c_spatial_or_other
2077,11.127066583926988,0.0014360973900127418,0.082467347199610019,0.00021541460850191127,33.848962866675514,1.6412655193625976,3.489292716341045,z4c_spatial_or_other
2078,11.127281998535489,0.001434804804883187,0.081273706066098531,0.00021522072073247806,34.346091844299679,1.6412925075601494,3.489292716341045,z4c_spatial_or_other
2079,11.127497219256222,0.0014335553983776479,0.080085596455251831,0.00021503330975664717,34.855633180338017,1.6413194679080321,3.489292716341045,z4c_spatial_or_other
2080,11.12771225256598,0.0014323652233001821,0.078904752810435963,0.00021485478349502729,35.377262758545015,1.6413464012261461,3.489292716341045,z4c_spatial_or_other
2081,11.127927107349475,0.0014312364944437629,0.077732925164444355,0.00021468547416656443,35.9105767236669,1.6413733086354967,3.489292716341045,z4c_spatial_or_other
2082,11.128141792823641,0.0014301713370918638,0.076571861400794097,0.00021452570056377956,36.455090969538418,1.641400191298096,3.489292716341045,z4c_spatial_or_other
2083,11.128356318524204,0.0014291718629448394,0.075423280630635581,0.00021437577944172592,37.010246037203082,1.6414270504152559,3.489292716341045,z4c_spatial_or_other
2084,11.128570694303646,0.0014282402342402647,0.07428884970181919,0.00021423603513603969,37.575412518528729,1.6414538872273075,3.489292716341045,z4c_spatial_or_other
2085,11.128784930338782,0.0014273787126875201,0.073170163218350875,0.00021410680690312801,38.149896765198854,1.6414807030145238,3.489292716341045,z4c_spatial_or_other
2086,11.128999037145684,0.0014265896913367379,0.07206872720502415,0.00021398845370051067,38.732946748617422,1.6415074990989629,3.489292716341045,z4c_spatial_or_other
2087,11.129213025599384,0.0014258757089679738,0.070985946343287129,0.00021388135634519607,39.323757967154464,1.6415342768469026,3.489292716341045,z4c_spatial_or_other
2088,11.129426906955729,0.0014252394478998889,0.069923114539411357,0.00021378591718498332,39.921479348570443,1.6415610376715513,3.489292716341045,z4c_spatial_or_other
2089,11.129640692872913,0.0014246837171861958,0.068881408468871155,0.00021370255757792935,40.525219142903261,1.6415877830357044,3.489292716341045,z4c_spatial_or_other
2090,11.129854395430492,0.0014242111820294233,0.06786188367102669,0.0002136316773044135,41.134050840746497,1.6416145144540941,3.489292716341045,z4c_spatial_or_other
2091,11.130068027107797,0.0014235994514085228,0.066865472908756232,0.00021353991771127842,41.747019076377306,1.6416412334906549,3.489292716341045,z4c_spatial_or_other
2092,11.130281567025508,0.001423046800727835,0.065893137840038279,0.00021345702010917524,42.363048180362917,1.6416679375371364,3.489292716341045,z4c_spatial_or_other
2093,11.130495024045617,0.0014225559404183129,0.064945574104717907,0.00021338339106274692,42.981130147097353,1.641694627705204,3.489292716341045,z4c_spatial_or_other
2094,11.13070840743668,0.001422129526229681,0.064023354792626871,0.00021331942893445215,43.600248411136157,1.6417213051567643,3.489292716341045,z4c_spatial_or_other
2095,11.130921726865616,0.0014217701906887165,0.063126933115313755,0.00021326552860330747,44.219385218251183,1.6417479711029079,3.489292716341045,z4c_spatial_or_other
2096,11.13113499239422,0.001421480571233764,0.062256645482794276,0.00021322208568506459,44.837529414338562,1.6417746268034428,3.489292716341045,z4c_spatial_or_other
2097,11.131348214479905,0.0014212633324010827,0.061412714852778827,0.0002131894998601624,45.45368462808689,1.6418012735669523,3.489292716341045,z4c_spatial_or_other
2098,11.131561403979765,0.0014211211800522242,0.060584892453044034,0.00021316817700783362,46.074756594415362,1.6418279127512707,3.489292716341045,z4c_spatial_or_other
2099,11.131774572156772,0.0014210568663305353,0.05978122391505393,0.00021315852994958028,46.694162318244302,1.6418545457642255,3.489292716341045,z4c_spatial_or_other
2100,11.131987730686721,0.0014210731847572398,0.059003611338175131,0.00021316097771358595,47.30954783553711,1.6418811740644701,3.489292716341045,z4c_spatial_or_other
2101,11.132200891664434,0.0014211729555667937,0.058251870188802415,0.00021317594333501906,47.920078171317243,1.6419077991622255,3.489292716341045,z4c_spatial_or_other
2102,11.132414067607769,0.0014213590019897969,0.057525727582480278,0.00021320385029846952,48.52496944207239,1.6419344226197443,3.489292716341045,z4c_spatial_or_other
2103,11.132627271458068,0.0014216341186839398,0.056824826515131453,0.00021324511780259096,49.123496616914906,1.6419610460513339,3.489292716341045,z4c_spatial_or_other
2104,11.13284051657587,0.001422001033866708,0.056148730149556819,0.00021330015508000619,49.715000956167998,1.6419876711227819,3.489292716341045,z4c_spatial_or_other
2105,11.13305381673095,0.0014224623669088323,0.055496927150895541,0.00021336935503632484,50.298896107940486,1.6420142995500817,3.489292716341045,z4c_spatial_or_other
2106,11.133267186085986,0.0014230205832081832,0.054868837689573333,0.00021345308748122748,50.874672958550562,1.6420409330973558,3.489292716341045,z4c_spatial_or_other
2107,11.133480639173467,0.0014236779480943376,0.05426381996520345,0.00021355169221415064,51.44190318453137,1.6420675735739412,3.489292716341045,z4c_spatial_or_other
2108,11.133694190865681,0.0014244364813369053,0.053681177219324409,0.00021366547220053579,52.000241381963626,1.6420942228306132,3.489292716341045,z4c_spatial_or_other
2109,11.133907856337881,0.0014252979135740752,0.053120165193591092,0.00021379468703611128,52.54942568231359,1.6421208827549587,3.489292716341045,z4c_spatial_or_other
2110,11.134121651024918,0.0014262636456723867,0.052579999973778914,0.00021393954685085801,53.08927680610298,1.6421475552659401,3.489292716341045,z4c_spatial_or_other
2111,11.134335590571769,0.0014273347117049785,0.052059866147933107,0.00021410020675574677,53.619695547059379,1.6421742423077024,3.489292716341045,z4c_spatial_or_other
2112,11.134549690778526,0.0014285117459216198,0.051558925194407378,0.00021427676188824296,54.140658722956168,1.6422009458426889,3.489292716341045,z4c_spatial_or_other
2113,11.134763967540414,0.0014297949538033122,0.051076324005594441,0.00021446924307049682,54.652213670801515,1.6422276678441512,3.489292716341045,z4c_spatial_or_other
2114,11.134978436783484,0.0014311840870654369,0.050611203445933145,0.00021467761305981554,55.154471401867873,1.6422544102881156,3.489292716341045,z4c_spatial_or_other
2115,11.135193114396545,0.001432678422308323,0.050162706838425025,0.00021490176334624844,55.647598564887964,1.6422811751448949,3.489292716341045,z4c_spatial_or_other
2116,11.135408016159891,0.0014339146097780882,0.049729988265548891,0.00021508719146671321,56.131808400337775,1.6423079643702037,3.489292716341045,z4c_spatial_or_other
2117,11.135623103351358,0.0014348726855601378,0.049312324169272365,0.00021523090283402066,56.607231966816173,1.6423347731258839,3.489292716341045,z4c_spatial_or_other
2118,11.135838334254192,0.0014359248555760465,0.04890900799408765,0.00021538872833640698,57.074029663621019,1.6423615962031695,3.489292716341045,z4c_spatial_or_other
2119,11.136053722982528,0.0014370727768888438,0.048519253525762723,0.00021556091653332656,57.532504526077304,1.6423884353525788,3.489292716341045,z4c_spatial_or_other
2120,11.136269283899061,0.0014383178617706853,0.048142315138413889,0.0002157476792656028,57.982964987188268,1.642415292354642,3.489292716341045,z4c_spatial_or_other
2121,11.136485031578326,0.0014396612251814519,0.047777493298482195,0.00021594918377721778,58.425714292581254,1.6424421690153059,3.489292716341045,z4c_spatial_or_other
2122,11.136700980762104,0.0014411036312677358,0.047424139153626935,0.00021616554469016037,58.861040450944088,1.6424690671603595,3.489292716341045,z4c_spatial_or_other
2123,11.136917146306795,0.001442645440245032,0.047081658123056563,0.00021639681603675479,59.28920697263699,1.6424959886288628,3.489292716341045,z4c_spatial_or_other
2124,11.137133543122831,0.0014442865569752824,0.046749512422529824,0.00021664298354629236,59.710444631879639,1.6425229352655906,3.489292716341045,z4c_spatial_or_other
2125,11.137350186106376,0.0014460263824687583,0.046427222477188709,0.00021690395737031373,60.124944464303546,1.6425499089125206,3.489292716341045,z4c_spatial_or_other
2126,11.137567090063747,0.0014478637694333952,0.046114367198103953,0.00021717956541500929,60.532852182076766,1.6425769113994233,3.489292716341045,z4c_spatial_or_other
2127,11.137784269629162,0.0014497969828754487,0.045810583123242508,0.00021746954743131729,60.934264153834164,1.64260394453363,3.489292716341045,z4c_spatial_or_other
2128,11.138001739176593,0.0014518236666312295,0.045515562449592692,0.00021777354999468442,61.329225057128042,1.6426310100890715,3.489292716341045,z4c_spatial_or_other
2129,11.138219512726588,0.0014539408165879569,0.045229050009341784,0.00021809112248819353,61.717727268122644,1.6426581097947026,3.489292716341045,z4c_spatial_or_other
2130,11.138437603849075,0.0014556085252239298,0.044950839268141293,0.00021834127878358946,62.099712008074846,1.6426852453224379,3.489292716341045,z4c_spatial_or_other
2131,11.138655945127859,0.001457090912131603,0.044680865343947593,0.00021856363681974043,62.474935334952278,1.6427124082687734,3.489292716341045,z4c_spatial_or_other
2132,11.138874508764678,0.0014586688199412768,0.044419041683298743,0.0002188003229911915,62.843187680079922,1.6427395951624582,3.489292716341045,z4c_spatial_or_other
2133,11.139093309087668,0.0014603417989375717,0.044165258800860079,0.00021905126984063576,63.204297877192005,1.6427668077730937,3.489292716341045,z4c_spatial_or_other
2134,11.139312360357509,0.0014621088816275344,0.043919432108402705,0.00021931633224413016,63.558066192271568,1.6427940478609002,3.489292716341045,z4c_spatial_or_other
2135,11.139531676689753,0.001463968543305302,0.043681494932085264,0.00021959528149579529,63.904272905789469,1.6428213171670594,3.489292716341045,z4c_spatial_or_other
2136,11.139751271971249,0.0014659186653705328,0.043451391441879671,0.00021988779980557991,64.242687758495435,1.6428486174033354,3.489292716341045,z4c_spatial_or_other
2137,11.139971159771054,0.0014679565024819669,0.04322906964069019,0.00022019347537229503,64.573080019407712,1.6428759502410186,3.489292716341045,z4c_spatial_or_other
2138,11.140191353246427,0.0014700786546790008,0.043014474551183034,0.00022051179820185011,64.89522892465655,1.6429033172992631,3.489292716341045,z4c_spatial_or_other
2139,11.14041186504463,0.0014721495104249391,0.042807541726901308,0.00022082242656374087,65.208934231292957,1.6429307201329193,3.489292716341045,z4c_spatial_or_other
2140,11.140632687471193,0.001473543528326236,0.042608208662688579,0.00022103152924893537,65.513999782799047,1.6429581577686101,3.489292716341045,z4c_spatial_or_other
2141,11.140853719000441,0.0014750296664107325,0.042416468224172381,0.00022125444996160985,65.810150866876,1.6429856175771642,3.489292716341045,z4c_spatial_or_other
2142,11.141074973450403,0.0014765960579183242,0.042232177249473583,0.00022148940868774861,66.097330397703587,1.6430131012631095,3.489292716341045,z4c_spatial_or_other
2143,11.14129646285909,0.0014782454194547153,0.042055164320301208,0.0002217368129182073,66.375538371760271,1.6430406103089383,3.489292716341045,z4c_spatial_or_other
2144,11.141518199672008,0.001479982141055362,0.041885224707669477,0.00022199732115830428,66.644841768312276,1.6430681462468935,3.489292716341045,z4c_spatial_or_other
2145,11.141740196993167,0.0014818037069938804,0.041722118013401192,0.00022227055604908205,66.905380311139155,1.6430957106900921,3.489292716341045,z4c_spatial_or_other
2146,11.141962467549217,0.0014836773649381367,0.041565567645555378,0.00022255160474072048,67.157369216665217,1.6431233052038769,3.489292716341045,z4c_spatial_or_other
2147,11.142185019153958,0.0014847295628164455,0.041415263361144039,0.00022270943442246683,67.401096758249054,1.6431509307428878,3.489292716341045,z4c_spatial_or_other
2148,11.142407728588381,0.0014858744489433084,0.041270941261519881,0.00022288116734149626,67.636794503533849,1.6431785719993903,3.489292716341045,z4c_spatial_or_other
2149,11.142630609755722,0.0014871123688430655,0.04113220564525135,0.00022306685532645981,67.864927962964785,1.6432062306893589,3.489292716341045,z4c_spatial_or_other
2150,11.142853676611049,0.001488443173555022,0.040998630334069884,0.0002232664760332533,68.08603483402598,1.6432339085342189,3.489292716341045,z4c_spatial_or_other
2151,11.143076943087081,0.0014898661723748788,0.040869762394036689,0.0002234799258562318,68.300719396404773,1.6432616072516371,3.489292716341045,z4c_spatial_or_other
2152,11.143300423012937,0.0014913800882825907,0.040745126766400352,0.0002237070132423886,68.509645069376404,1.6432893285454417,3.489292716341045,z4c_spatial_or_other
2153,11.143524130026179,0.0014923536200950789,0.040624231758868118,0.00022385304301426182,68.71352520933462,1.6433170740947229,3.489292716341045,z4c_spatial_or_other
2154,11.143747983069193,0.0014931362332527274,0.040506624288491215,0.00022397043498790909,68.913028970077406,1.6433448338353953,3.489292716341045,z4c_spatial_or_other
2155,11.143971953504181,0.0014940146531718253,0.040391816729226676,0.0002241021979757738,69.108903711503842,1.6433726042081824,3.489292716341045,z4c_spatial_or_other
2156,11.144196055702157,0.0014949894869995737,0.04027930368219778,0.00022424842304993604,69.301947101597108,1.6434003869873897,3.489292716341045,z4c_spatial_or_other
2157,11.144420304125207,0.0014960608689683463,0.040168593357793492,0.00022440913034525194,69.492953069297442,1.6434281839575982,3.489292716341045,z4c_spatial_or_other
2158,11.144644713255552,0.0014972284239637278,0.040059215620855307,0.00022458426359455916,69.682696723087659,1.6434559969048577,3.489292716341045,z4c_spatial_or_other
2159,11.144869297519147,0.0014979453664988635,0.03995073002126788,0.0002246918049748295,69.87191902593041,1.6434838276072181,3.489292716341045,z4c_spatial_or_other
2160,11.145093989324122,0.0014984107610708662,0.039842772882032224,0.00022476161416062993,70.061242507839637,1.6435116676801405,3.489292716341045,z4c_spatial_or_other
2161,11.145318750938284,0.0014989701065226807,0.039735010867770329,0.00022484551597840209,70.251249769683866,1.6435395124427625,3.489292716341045,z4c_spatial_or_other
2162,11.145543596454262,0.0014996248946687408,0.039627137952825971,0.00022494373420031111,70.442487579998641,1.6435673636358694,3.489292716341045,z4c_spatial_or_other
2163,11.145768540188461,0.001499339291499803,0.039518905864226607,0.00022490089372497043,70.635411381662379,1.6435952230269579,3.489292716341045,z4c_spatial_or_other
2164,11.145993441082187,0.0014986849167251135,0.03941020376568221,0.00022480273750876702,70.83023954074487,1.643623073143341,3.489292716341045,z4c_spatial_or_other
2165,11.146218243819696,0.001498038558357231,0.039300945900976138,0.00022470578375358464,71.027149832633015,1.643650907137816,3.489292716341045,z4c_spatial_or_other
2166,11.146442949603451,0.0014973354148301106,0.039191086294543688,0.00022460031222451657,71.226251604601956,1.6436787251633977,3.489292716341045,z4c_spatial_or_other
2167,11.146667549915675,0.0014964441075908646,0.039080650014296898,0.00022446661613862969,71.427526718507607,1.6437065261699357,3.489292716341045,z4c_spatial_or_other
2168,11.146892016531813,0.0014955852762285637,0.038969735915142349,0.00022433779143428455,71.630820879855577,1.6437343066690953,3.489292716341045,z4c_spatial_or_other
2169,11.147116354323249,0.0014947589692767434,0.038858486591362422,0.0002242138453915115,71.835895268585276,1.6437620672696882,3.489292716341045,z4c_spatial_or_other
2170,11.147340568168641,0.0014939649575810771,0.038747099064929902,0.00022409474363716155,72.04240421702616,1.6437898085810811,3.489292716341045,z4c_spatial_or_other
2171,11.147564662912279,0.001493202734563716,0.038635818074339981,0.00022398041018455739,72.249904679170498,1.6438175312080452,3.489292716341045,z4c_spatial_or_other
2172,11.147788643322464,0.0014924715241159321,0.038524928276760274,0.00022387072861738979,72.45786813720656,1.6438452357456124,3.489292716341045,z4c_spatial_or_other
2173,11.148012514051082,0.0014917702967554389,0.038414745603376578,0.00022376554451331582,72.665694623979888,1.6438729227740807,3.489292716341045,z4c_spatial_or_other
2174,11.148236279595595,0.0014910977941946263,0.038305608032754193,0.00022366466912919394,72.872728470618426,1.643900592854328,3.489292716341045,z4c_spatial_or_other
2175,11.148459944264724,0.0014904525619254898,0.038197866059760201,0.00022356788428882346,73.078275333644655,1.6439282465235812,3.489292716341045,z4c_spatial_or_other
2176,11.148683512149013,0.001489832988876439,0.038091873137940331,0.00022347494833146585,73.281620018116342,1.6439558842917932,3.489292716341045,z4c_spatial_or_other
2177,11.148906987097345,0.0014892373526784331,0.037987976361969135,0.00022338560290176496,73.482044594179072,1.6439835066387634,3.489292716341045,z4c_spatial_or_other
2178,11.149130372700247,0.0014886638686353103,0.037886507635424553,0.00022329958029529653,73.678846304186564,1.6440111140120925,3.489292716341045,z4c_spatial_or_other
2179,11.149353672280542,0.001488110740163833,0.037787775539774048,0.00022321661102457494,73.87135477542661,1.6440387068260525,3.489292716341045,z4c_spatial_or_other
2180,11.149576888891566,0.0014875762082836648,0.037692058085515852,0.00022313643124254973,74.058948087674651,1.6440662854613877,3.489292716341045,z4c_spatial_or_other
2181,11.14980002532281,0.0014870585977165441,0.037599596488356674,0.00022305878965748159,74.241067292763347,1.6440938502660383,3.489292716341045,z4c_spatial_or_other
2182,11.150023084112467,0.0014865563573051856,0.037510590074412209,0.00022298345359577783,74.417229042126124,1.6441214015567114,3.489292716341045,z4c_spatial_or_other
2183,11.150246067566062,0.0014860680927801428,0.037425192380618089,0.0002229102139170214,74.587036044695807,1.6441489396212035,3.489292716341045,z4c_spatial_or_other
2184,11.15046897777998,0.0014855925903672856,0.037343508481294037,0.00022283888855509284,74.750185148540893,1.6441764647213277,3.489292716341045,z4c_spatial_or_other
2185,11.150691816668536,0.0014851288303075146,0.03726559354007089,0.00022276932454612719,74.906472912373374,1.6442039770962724,3.489292716341045,z4c_spatial_or_other
2186,11.150914585993082,0.0014846759900113287,0.037191452558645817,0.00022270139850169931,75.055798605099582,1.6442314769662116,3.489292716341045,z4c_spatial_or_other
2187,11.151137287391583,0.0014842334372445504,0.037121041270139037,0.00022263501558668255,75.198164640880535,1.6442589645359664,3.489292716341045,z4c_spatial_or_other
2188,11.151359922407169,0.0014838007143858595,0.037038017587195098,0.0002225701071578789,75.366727349843359,1.6442864399985417,3.489292716341045,z4c_spatial_or_other
2189,11.151582492514327,0.0014833775153614301,0.036902123267868917,0.00022250662730421451,75.644269919378019,1.6443139035383656,3.489292716341045,z4c_spatial_or_other
2190,11.151804999141632,0.0014829636573028054,0.036764124871838708,0.0002224445485954208,75.928209437975028,1.6443413553340978,3.489292716341045,z4c_spatial_or_other
2191,11.152027443690228,0.0014825590492569725,0.036624214307111179,0.00022238385738854586,76.218267774029343,1.6443687955609154,3.489292716341045,z4c_spatial_or_other
2192,11.152249827547617,0.0014821636603812832,0.036482613223912275,0.00022232454905719246,76.514096069280754,1.6443962243922159,3.489292716341045,z4c_spatial_or_other
2193,11.152472152096674,0.0014817774899739695,0.036339565665902566,0.0002222666234960954,76.815287192384929,1.6444236420007283,3.489292716341045,z4c_spatial_or_other
2194,11.15269441872017,0.0014814005414323607,0.036195330432834183,0.0002222100812148541,77.121389408303855,1.6444510485590729,3.489292716341045,z4c_spatial_or_other
2195,11.152916628801385,0.0014810328018186496,0.036050173390301532,0.00022215492027279743,77.431920863487647,1.6444784442398368,3.489292716341045,z4c_spatial_or_other
2196,11.153138783721658,0.0014806742281825412,0.035904359948911418,0.00022210113422738116,77.746384479344258,1.6445058292152697,3.489292716341045,z4c_spatial_or_other
2197,11.153360884855886,0.0014803247411858192,0.035758147914841637,0.00022204871117787286,78.064282851580089,1.6445332036567315,3.489292716341045,z4c_spatial_or_other
2198,11.153582933567064,0.0014799842259455196,0.035611780888054681,0.00022199763389182793,78.385132769621521,1.6445605677340209,3.489292716341045,z4c_spatial_or_other
2199,11.153804931200956,0.0014796525394108835,0.035465482355182466,0.00022194788091163252,78.708478997041823,1.6445879216147157,3.489292716341045,z4c_spatial_or_other
2200,11.154026879081867,0.0014793295230624162,0.03531945059308679,0.00022189942845936243,79.033906988893378,1.6446152654636592,3.489292716341045,z4c_spatial_or_other
2201,11.154248778510325,0.0014790150193101244,0.035173854467936257,0.00022185225289651864,79.36105426311606,1.6446425994426721,3.489292716341045,z4c_spatial_or_other
2202,11.154470630763223,0.0014787088897031541,0.03502883018466172,0.0002218063334554731,79.689620188776331,1.6446699237105731,3.489292716341045,z4c_spatial_or_other
2203,11.154692437096678,0.0014784110329630225,0.03488447901384667,0.00022176165494445336,80.019374001969027,1.6446972384235345,3.489292716341045,z4c_spatial_or_other
2204,11.154914198751623,0.0014781214009219248,0.034740865998087331,0.00022171821013828869,80.35016090924502,1.6447245437357709,3.489292716341045,z4c_spatial_or_other
2205,11.155135916961761,0.0014778400106769524,0.0345980196178787,0.00022167600160154284,80.681906187206991,1.6447518398005199,3.489292716341045,z4c_spatial_or_other
2206,11.155357592963362,0.0014775669516380531,0.034455932378109198,0.00022163504274570796,81.014617234572682,1.6447791267712504,3.489292716341045,z4c_spatial_or_other
2207,11.155579228006108,0.0014773023866190295,0.034314562260025536,0.00022159535799285443,81.348383578965084,1.644806404802994,3.489292716341045,z4c_spatial_or_other
2208,11.1558008233641,0.0014770465466554857,0.034173834969690384,0.00022155698199832286,81.683374884575528,1.6448336740536997,3.489292716341045,z4c_spatial_or_other
2209,11.156022380346098,0.0014767997197858132,0.034033646902100763,0.00022151995796787196,82.019837048392603,1.6448609346854932,3.489292716341045,z4c_spatial_or_other
2210,11.156243900304066,0.0014765622345548097,0.033893868729914699,0.00022148433518322144,82.35808651165037,1.6448881868657221,3.489292716341045,z4c_spatial_or_other
2211,11.156465384639249,0.0014763344394515482,0.033754349516906798,0.00022145016591773223,82.698502949217527,1.6449199695354992,3.489292716341045,z4c_spatial_or_other
2212,11.156686834805168,0.0014761166798376996,0.03361492124873617,0.00022141750197565493,83.041520532426858,1.6449519743603438,3.489292716341045,z4c_spatial_or_other
2213,11.156908252307144,0.0014759092741333383,0.033475403667400226,0.00022138639112000074,83.387617989839327,1.6449839713622725,3.489292716341045,z4c_spatial_or_other
2214,11.157129638698263,0.0014756865498980159,0.033335609291039597,0.00022135298248470239,83.737307715061206,1.6450159607661274,3.489292716341045,z4c_spatial_or_other
2215,11.157350991680747,0.0014754629852008275,0.033195350968745506,0.00022131944778012411,84.091117930973567,1.6450479422403108,3.489292716341045,z4c_spatial_or_other
2216,11.157572311128527,0.0014752510416830499,0.033054443121603987,0.00022128765625245748,84.449590114207325,1.645079915767081,3.489292716341045,z4c_spatial_or_other
2217,11.15779359878478,0.0014750507853066629,0.032912706761380008,0.00022125761779599943,84.813266599765768,1.6451118815987114,3.489292716341045,z4c_spatial_or_other
2218,11.158014856402575,0.0014748621702459894,0.032769975202376726,0.00022122932553689839,85.182675782750678,1.6451438399888059,3.489292716341045,z4c_spatial_or_other
2219,11.158236085728111,0.0014746850411837948,0.032626098206140285,0.0002212027561775692,85.558320686581027,1.6451757911898797,3.489292716341045,z4c_spatial_or_other
2220,11.158457288484289,0.0014745191423070683,0.032471691001664166,0.00022117787134606025,85.965161867602646,1.6452077354509849,3.489292716341045,z4c_spatial_or_other
2221,11.158678466355635,0.0014743641322541566,0.032313210326482884,0.00022115461983812347,86.386779427640633,1.6452396730155363,3.489292716341045,z4c_spatial_or_other
2222,11.158899620975474,0.0014742196038295451,0.032153399282929755,0.00022113294057443176,86.816144959043541,1.6452716041194644,3.489292716341045,z4c_spatial_or_other
2223,11.159120753916048,0.0014740851069678525,0.031992194751564659,0.00022111276604517787,87.253600284372936,1.6453035289897884,3.489292716341045,z4c_spatial_or_other
2224,11.159341866682093,0.0014739601732186762,0.031829561163254319,0.00022109402598280144,87.699423776392223,1.6453354478436959,3.489292716341045,z4c_spatial_or_other
2225,11.159562960708076,0.0014738443399524982,0.031665490998643506,0.00022107665099287471,88.153825664424929,1.6453673608881478,3.489292716341045,z4c_spatial_or_other
2226,11.159784037359069,0.0014737371725572867,0.031500004544392696,0.00022106057588359301,88.616945090877408,1.6453992683200107,3.489292716341045,z4c_spatial_or_other
2227,11.160005097934953,0.0014736382830967797,0.031333148934276418,0.00022104574246451696,89.0888489672096,1.6454311703266662,3.489292716341045,z4c_spatial_or_other
2228,11.160226143677416,0.0014735473442154894,0.03116499652412983,0.0002210321016323234,89.569532629709698,1.6454630670870265,3.489292716341045,z4c_spatial_or_other
2229,11.16044717577905,0.001473464097474499,0.030995642668557383,0.00022101961462117484,90.058922246659023,1.6454949587728518,3.489292716341045,z4c_spatial_or_other
2230,11.16066819539367,0.0014733883557522121,0.030825202983528827,0.00022100825336283182,90.556878881362579,1.6455268455502394,3.489292716341045,z4c_spatial_or_other
2231,11.160889203647033,0.0014733199998083592,0.030653810191877771,0.00022099799997125387,91.063204071527537,1.6455587275811769,3.489292716341045,z4c_spatial_or_other
2232,11.161110201647004,0.001473258969550543,0.030481610657845055,0.00022098884543258145,91.577646745986655,1.6455906050250064,3.489292716341045,z4c_spatial_or_other
2233,11.161331190492437,0.0014732052509262483,0.030308760721924517,0.00022098078763893724,92.099911266038347,1.6456224780397086,3.489292716341045,z4c_spatial_or_other
2234,11.161552171280075,0.001473158859660913,0.030135422948313086,0.00022097382894913694,92.629666351807231,1.645654346782899,3.489292716341045,z4c_spatial_or_other
2235,11.161773145109024,0.0014731198232537223,0.029961762394373748,0.00022096797348805834,93.166554634884051,1.6456862114124711,3.489292716341045,z4c_spatial_or_other
2236,11.161994113082512,0.001473088162715735,0.02978794300499072,0.00022096322440736023,93.710202567701799,1.6457180720868514,3.489292716341045,z4c_spatial_or_other
2237,11.16221507630692,0.0014730638754882766,0.029614124224988107,0.00022095958132324148,94.260230417938601,1.6457499289648583,3.489292716341045,z4c_spatial_or_other
2238,11.162436035888243,0.0014730469208213254,0.029440457910469117,0.0002209570381231988,94.816262082669368,1.6457817822051932,3.489292716341045,z4c_spatial_or_other
2239,11.162656992926367,0.0014730372086386541,0.02926708560566944,0.00022095558129579809,95.377934471620122,1.645813631965614,3.489292716341045,z4c_spatial_or_other
2240,11.162877948507663,0.0014730345925924066,0.029094136236411175,0.00022095518888886099,95.944906230945932,1.6458454784018695,3.489292716341045,z4c_spatial_or_other
2241,11.163098903696552,0.0014730388676431501,0.028921724255202595,0.00022095583014647251,96.516865607371187,1.6458773216664833,3.489292716341045,z4c_spatial_or_other
2242,11.163319859526698,0.0014730497721229107,0.028749948257127757,0.00022095746581843659,97.093537285959357,1.6459091619074866,3.489292716341045,z4c_spatial_or_other
2243,11.163540816992517,0.0014730669938789204,0.02857889007052454,0.00022096004908183807,97.674688071663169,1.6459409992671985,3.489292716341045,z4c_spatial_or_other
2244,11.1637617770416,0.00147309017978264,0.0284086143125655,0.00022096352696739598,98.2601313235524,1.6459728338811348,3.489292716341045,z4c_spatial_or_other
2245,11.163982740568567,0.0014731189476452928,0.028239168387636803,0.0002209678421467939,98.84973008960614,1.6460046658771275,3.489292716341045,z4c_spatial_or_other
2246,11.164203708410714,0.0014731528994244678,0.028070582896120719,0.00022097293491367016,99.443398927729604,1.6460364953747015,3.489292716341045,z4c_spatial_or_other
2247,11.164424681345627,0.0014731916345456753,0.027902872412972263,0.00022097874518185129,100.04110443393192,1.6460683224847341,3.489292716341045,z4c_spatial_or_other
2248,11.164645660090809,0.0014732347621995079,0.027736036589359997,0.00022098521432992616,100.64286453038775,1.6461001473094055,3.489292716341045,z4c_spatial_or_other
2249,11.164866645305139,0.0014732819116029167,0.027570061526539413,0.00022099228674043751,101.24874659368294,1.6461319699424131,3.489292716341045,z4c_spatial_or_other
2250,11.165087637591879,0.0014733327394186684,0.027404921368881476,0.00022099991091280026,101.85886452652018,1.6461637904694106,3.489292716341045,z4c_spatial_or_other
2251,11.165308637502791,0.00147338693379125,0.027240580062377569,0.00022100804006868749,102.47337489439639,1.6461956089686018,3.489292716341045,z4c_spatial_or_other
2252,11.165529645542859,0.001473444214757176,0.027076993225734713,0.0002210166322135764,103.09247226238477,1.6462274255114246,3.489292716341045,z4c_spatial_or_other
2253,11.165750662175073,0.0014735043310976376,0.026914110083099324,0.00022102564966464564,103.71638387648987,1.6462592401632448,3.489292716341045,z4c_spatial_or_other
2254,11.165971687824738,0.0014735670539965918,0.026751875410007633,0.00022103505809948875,104.34536384049494,1.6462910529839763,3.489292716341045,z4c_spatial_or_other
2255,11.166192722882839,0.001473632168124501,0.026590231448308774,0.00022104482521867512,104.97968693876791,1.6463228640285714,3.489292716341045,z4c_spatial_or_other
2256,11.166413767708057,0.0014736994609677379,0.026429119749953559,0.00022105491914516069,105.61964225379627,1.6463546733473098,3.489292716341045,z4c_spatial_or_other
2257,11.166634822627202,0.0014737687113519598,0.026268482913085776,0.00022106530670279397,106.26552672679355,1.6463864809858659,3.489292716341045,z4c_spatial_or_other
2258,11.166855887933904,0.0014738396781566509,0.026108266178695279,0.00022107595172349761,106.91763880324947,1.6464182869851209,3.489292716341045,z4c_spatial_or_other
2259,11.167076963885627,0.0014739120901860238,0.025948418860790877,0.00022108681352790355,107.57627229807083,1.6464500913807372,3.489292716341045,z4c_spatial_or_other
2260,11.167298050699156,0.0014739856380536871,0.025788895587797397,0.00022109784570805305,108.24171060639243,1.646481894202509,3.489292716341045,z4c_spatial_or_other
2261,11.167519148544864,0.0014740599687656807,0.025629657337658374,0.0002211089953148521,108.91422137631562,1.6465136954735453,3.489292716341045,z4c_spatial_or_other
2262,11.16774025754018,0.001474118645255804,0.025470672253906659,0.00022111779678837058,109.59405174885754,1.6465454952093292,3.489292716341045,z4c_spatial_or_other
2263,11.167961375336969,0.001473940929176343,0.025311917960762428,0.00022109113937645144,110.28141673815517,1.6465772930707938,3.489292716341045,z4c_spatial_or_other
2264,11.168182466476345,0.0014737588396796994,0.02515340386242209,0.00022106382595195491,110.97639859562297,1.6466090839582173,3.489292716341045,z4c_spatial_or_other
2265,11.168403530302298,0.0014735720969143017,0.024995122516359877,0.00022103581453714524,111.67915545306006,1.6466408677774871,3.489292716341045,z4c_spatial_or_other
2266,11.168624566116835,0.0014733805022566959,0.024837074598375995,0.00022100707533850438,112.3898131406892,1.6466726444284929,3.489292716341045,z4c_spatial_or_other
2267,11.168845573192174,0.0014731839308955348,0.024679268573154507,0.00022097758963433021,113.10846449109471,1.6467044138068823,3.489292716341045,z4c_spatial_or_other
2268,11.169066550781809,0.0014729823208868092,0.024521720170387031,0.00022094734813302136,113.83516954262586,1.6467361758056545,3.489292716341045,z4c_spatial_or_other
2269,11.169287498129941,0.0014727756596373438,0.024364451686163392,0.00022091634894560156,114.56995663309328,1.6467679303165157,3.489292716341045,z4c_spatial_or_other
2270,11.169508414478887,0.0014725639689015528,0.024207491132559853,0.0002208845953352329,115.31282435618731,1.6467996772309443,3.489292716341045,z4c_spatial_or_other
2271,11.169729299074222,0.0014723472894170426,0.02405087126106294,0.00022085209341255637,116.06374433478496,1.6468314164409315,3.489292716341045,z4c_spatial_or_other
2272,11.169950151167635,0.001472125666259318,0.02389462848758666,0.0002208188499388977,116.82266474756014,1.6468631478393889,3.489292716341045,z4c_spatial_or_other
2273,11.170170970017574,0.0014718991358724633,0.023738801748315753,0.00022078487038086947,117.58951452850336,1.6468948713202438,3.489292716341045,z4c_spatial_or_other
2274,11.170391754887955,0.0014716677155448116,0.023583431316390888,0.00022075015733172173,118.36420814356822,1.6469265867782505,3.489292716341045,z4c_spatial_or_other
2275,11.170612505045288,0.0014714313958640239,0.023428557609496591,0.00022071470937960356,119.14665083527589,1.6469582941085781,3.489292716341045,z4c_spatial_or_other
2276,11.170833219754668,0.0014711901364250501,0.023274220017533001,0.00022067852046375752,119.93674421613207,1.6469899932062366,3.489292716341045,z4c_spatial_or_other
2277,11.171053898275131,0.001470943864798488,0.023120455778569013,0.00022064157971977318,120.73439208150444,1.6470216839654068,3.489292716341045,z4c_spatial_or_other
2278,11.171274539854851,0.0014706924785164012,0.022967298929481794,0.00022060387177746016,121.53950630605647,1.647053366278753,3.489292716341045,z4c_spatial_or_other
2279,11.171495143726629,0.0014704358496159052,0.022814779354749709,0.00022056537744238576,122.35201268741176,1.6470850400367751,3.489292716341045,z4c_spatial_or_other
2280,11.171715709104072,0.0014701738311125832,0.022662921953631052,0.00022052607466688747,123.17185660278872,1.6471167051272633,3.489292716341045,z4c_spatial_or_other
2281,11.171936235178739,0.0014699062646661328,0.022511745942310334,0.0002204859396999199,123.99900834996529,1.647148361434887,3.489292716341045,z4c_spatial_or_other
2282,11.172156721118439,0.0014696329886548145,0.02236126430361348,0.00022044494829822215,124.83346805313477,1.6471800088409543,3.489292716341045,z4c_spatial_or_other
2283,11.172377166066736,0.0014693538458932362,0.022211483392701511,0.00022040307688398541,125.67527002676803,1.6472116472233425,3.489292716341045,z4c_spatial_or_other
2284,11.172597569143621,0.0014690686903049285,0.022062402702878611,0.00022036030354573926,126.52448650611484,1.647243276456593,3.489292716341045,z4c_spatial_or_other
2285,11.172817929447167,0.0014687773919878726,0.021914014791424782,0.00022031660879818089,127.38123067093841,1.6472748964121564,3.489292716341045,z4c_spatial_or_other
2286,11.173038246055965,0.0014684798402751864,0.021766305361311935,0.00022027197604127796,128.24565890885702,1.6473065069587376,3.489292716341045,z4c_spatial_or_other
2287,11.173258518032005,0.0014681759445798381,0.021619253490903396,0.0002202263916869757,129.11797228555423,1.647338107962715,3.489292716341045,z4c_spatial_or_other
2288,11.173478744423692,0.0014678656330058618,0.021472832000373365,0.00022017984495087926,129.99841721037538,1.6473696992885711,3.489292716341045,z4c_spatial_or_other
2289,11.173698924268642,0.0014675488488936901,0.021327007940701137,0.0002201323273340535,130.88728530670141,1.6474012807992968,3.489292716341045,z4c_spatial_or_other
2290,11.173919056595976,0.0014672255456299531,0.02118174318875712,0.00022008383184449296,131.78491251628799,1.6474328523567197,3.489292716341045,z4c_spatial_or_other
2291,11.174139140427821,0.0014668956801808628,0.021036995130244929,0.0002200343520271294,132.69167748485077,1.6474644138217207,3.489292716341045,z4c_spatial_or_other
2292,11.174359174779848,0.0014665592058948644,0.020892717411111161,0.00021998388088422964,133.60799929205459,1.6474959650543108,3.489292716341045,z4c_spatial_or_other
2293,11.174579158660732,0.0014662160651599,0.020748860737472851,0.000219932409773985,134.53433460235487,1.6475275059135559,3.489292716341045,z4c_spatial_or_other
2294,11.174799091070506,0.0014658661824926362,0.020605373704114874,0.00021987992737389542,135.47117432358868,1.6475590362573405,3.489292716341045,z4c_spatial_or_other
2295,11.175018970997879,0.0014655094585842015,0.020462203632126457,0.0002198264187876302,136.41903986773818,1.647590555941981,3.489292716341045,z4c_spatial_or_other
2296,11.175238797416666,0.0014651457657355862,0.020319297397218685,0.00021977186486033792,137.37847911291112,1.647622064821721,3.489292716341045,z4c_spatial_or_other
2297,11.175458569281526,0.0014647749449945638,0.02017660223162087,0.00021971624174918456,138.35006216745884,1.6476535627481153,3.489292716341045,z4c_spatial_or_other
2298,11.175678285523276,0.0014643968051654976,0.020034066484119775,0.00021965952077482464,139.33437703650915,1.6476850495693633,3.489292716341045,z4c_spatial_or_other
2299,11.175897945044051,0.0014640111237151391,0.019891640324704397,0.00021960166855727086,140.33202528833272,1.6477165251296173,3.489292716341045,z4c_spatial_or_other
2300,11.176117546712609,0.001463617649453069,0.019749276382336454,0.00021954264741796034,141.34361781323116,1.6477479892683102,3.489292716341045,z4c_spatial_or_other
2301,11.176337089360027,0.0014632161067354814,0.019606930307745622,0.0002194824160103222,142.36977075244124,1.6477794418195422,3.489292716341045,z4c_spatial_or_other
2302,11.176556571776038,0.0014628062008346021,0.019464561255172694,0.00021942093012519031,143.41110166719091,1.6478108826115578,3.489292716341045,z4c_spatial_or_other
2303,11.176775992706164,0.0014623876240401289,0.019322132372057151,0.00021935814360601934,144.46822531397675,1.6478423114663399,3.489292716341045,z4c_spatial_or_other
2304,11.17699535084977,0.001461960062018323,0.019179611183013277,0.00021929400930274844,145.54174985283922,1.6478737281993343,3.489292716341045,z4c_spatial_or_other
2305,11.177214644859074,0.0014615231999494211,0.019036969787122129,0.00021922847999241316,146.63227416377725,1.6479051326193077,3.489292716341045,z4c_spatial_or_other
2306,11.177433873339066,0.0014610767279937568,0.01889418494812534,0.00021916150919906353,147.74038577143278,1.6479365245283446,3.489292716341045,z4c_spatial_or_other
2307,11.177653034848264,0.0014606203456980782,0.018751238090929205,0.00021909305185471173,148.86665933931985,1.647967903721955,3.489292716341045,z4c_spatial_or_other
2308,11.17787212790012,0.0014601537650407602,0.018608115212906323,0.00021902306475611401,150.01165572839625,1.64799926998928,3.489292716341045,z4c_spatial_or_other
2309,11.178091150964876,0.0014596767119209953,0.01846480671011811,0.00021895150678814929,151.1759216814992,1.648030623113363,3.489292716341045,z4c_spatial_or_other
2310,11.178310102471665,0.0014591889260138751,0.018321307127269877,0.00021887833890208127,152.35999012963427,1.6480619628714483,3.489292716341045,z4c_spatial_or_other
2311,11.178528980810567,0.0014586901590308374,0.018177614840599831,0.00021880352385462561,153.56438111110972,1.6480932890352851,3.489292716341045,z4c_spatial_or_other
2312,11.178747784334421,0.0014581801715351313,0.018033731684040294,0.00021872702573026969,154.7896032823441,1.6481246013713831,3.489292716341045,z4c_spatial_or_other
2313,11.178966511360152,0.001457658728557128,0.017889662529627242,0.00021864880928356919,156.03615598952274,1.6481558996412089,3.489292716341045,z4c_spatial_or_other
2314,11.179185160169435,0.0014571255943284392,0.017745414833495479,0.00021856883914926587,157.30453186159647,1.6481871836012831,3.489292716341045,z4c_spatial_or_other
2315,11.179403729008584,0.0014565805265026027,0.017600998158889831,0.00021848707897539039,158.5952198775131,1.6482184530031649,3.489292716341045,z4c_spatial_or_other
2316,11.179622216087559,0.0014560232702513522,0.017456423687466128,0.00021840349053770281,159.90870885410004,1.6482497075933149,3.489292716341045,z4c_spatial_or_other
2317,11.179840619578096,0.0014554535526190165,0.017311703729772008,0.00021831803289285248,161.24549129570846,1.6482809471128299,3.489292716341045,z4c_spatial_or_other
2318,11.180058937610989,0.0014548710774850114,0.017166851228023999,0.00021823066162275171,162.60606770541378,1.6483121712970537,3.489292716341045,z4c_spatial_or_other
2319,11.180277168272612,0.0014542755214297328,0.01702187918053855,0.00021814132821445991,163.99095208385324,1.6483433798750888,3.489292716341045,z4c_spatial_or_other
2320,11.180495309600827,0.0014536665307221311,0.016876799079493847,0.00021804997960831967,165.40068764962476,1.6483745725692083,3.489292716341045,z4c_spatial_or_other
2321,11.180713359580436,0.0014530437195821762,0.01673162009672614,0.00021795655793732641,166.83585671533586,1.6484057490942121,3.489292716341045,z4c_spatial_or_other
2322,11.180931316138373,0.0014524066697608061,0.016586348868345514,0.00021786100046412092,168.29708546648226,1.6484369091567437,3.489292716341045,z4c_spatial_or_other
2323,11.181149177138838,0.0014517549313794828,0.01644098944070415,0.00021776323970692241,169.78504749610022,1.6484680524545958,3.489292716341045,z4c_spatial_or_other
2324,11.181366940378545,0.0014510880248992367,0.016295543288243987,0.00021766320373488548,171.30046686363914,1.6484991786760408,3.489292716341045,z4c_spatial_or_other
2325,11.18158460358228,0.0014504054440333614,0.016150009271270627,0.00021756081660500421,172.84412201784551,1.6485302874991945,3.489292716341045,z4c_spatial_or_other
2326,11.181802164398885,0.0014497066593806992,0.016004383721378732,0.00021745599890710487,174.41684863779074,1.6485613785914517,3.489292716341045,z4c_spatial_or_other
2327,11.182019620397792,0.0014489911225150491,0.015858661831537932,0.00021734866837725734,176.01952817491474,1.6485924516089949,3.489292716341045,z4c_spatial_or_other
2328,11.182236969066169,0.0014482582702765848,0.015712842621193386,0.00021723874054148772,177.65303455071631,1.6486235061963914,3.489292716341045,z4c_spatial_or_other
2329,11.18245420780671,0.0014475075288239367,0.015566925229071455,0.00021712612932359049,179.31827461082636,1.6486545419862846,3.489292716341045,z4c_spatial_or_other
2330,11.182671333936034,0.0014467383169908499,0.015420905710965221,0.00021701074754862748,181.01622728215978,1.6486855585991702,3.489292716341045,z4c_spatial_or_other
2331,11.182888344683581,0.0014459103531989969,0.015274962151763393,0.00021688655297984953,182.74573418504895,1.6487165556432466,3.489292716341045,z4c_spatial_or_other
2332,11.183105231236562,0.0014450578595194428,0.015129230247008841,0.00021675867892791641,184.5060275703533,1.6487475318639455,3.489292716341045,z4c_spatial_or_other
2333,11.183321989915489,0.0014437190249704658,0.014978080205485101,0.00021655785374556985,186.36795468958627,1.6487784867402426,3.489292716341045,z4c_spatial_or_other
2334,11.183538547769235,0.0014418516287462036,0.014824878068249328,0.00021627774431193055,188.29390435603611,1.6488094098602519,3.489292716341045,z4c_spatial_or_other
2335,11.183754825513546,0.0014399632133507473,0.014672010587485677,0.00021599448200261209,190.25573601028873,1.6488402899120349,3.489292716341045,z4c_spatial_or_other
2336,11.183970819995549,0.0014380543321191592,0.014519485369352374,0.00021570814981787388,192.25434662890845,1.6488711264565343,3.489292716341045,z4c_spatial_or_other
2337,11.184186528145368,0.0014361254807913029,0.014367312915097359,0.00021541882211869543,194.2906227189888,1.6489019190667105,3.489292716341045,z4c_spatial_or_other
2338,11.184401946967487,0.0014341770812005129,0.014215506733691761,0.00021512656218007693,196.36543567292884,1.6489326673263032,3.489292716341045,z4c_spatial_or_other
2339,11.184617073529667,0.0014322094723538308,0.014064083309222196,0.0002148314208530746,198.47963864395044,1.6489633708282414,3.489292716341045,z4c_spatial_or_other
2340,11.184831904950521,0.0014302229078607669,0.013913061929627461,0.00021453343617911503,200.63406511032329,1.6489940291728666,3.489292716341045,z4c_spatial_or_other
2341,11.185046438386699,0.0014282175583104346,0.013762464392239255,0.0002142326337465652,202.82952918279261,1.6490246419661019,3.489292716341045,z4c_spatial_or_other
2342,11.185260671020446,0.0014261935170369977,0.013612314608196995,0.00021392902755554966,205.06682760563766,1.64905520881767,3.489292716341045,z4c_spatial_or_other
2343,11.185474600048002,0.0014241508077336472,0.013462638131877437,0.00021362262116004707,207.34674331497877,1.6490857293394401,3.489292716341045,z4c_spatial_or_other
2344,11.185688222669162,0.0014220893925432406,0.013313461643015849,0.00021331340888148609,209.67005035367367,1.6491162031439339,3.489292716341045,z4c_spatial_or_other
2345,11.185901536078044,0.0014200091795265228,0.013164812408445383,0.00021300137692897842,212.0375199028357,1.6491466298430109,3.489292716341045,z4c_spatial_or_other
2346,11.186114537454973,0.0014179100287403364,0.013016717747776454,0.00021268650431105046,214.44992717535689,1.6491770090467084,3.489292716341045,z4c_spatial_or_other
2347,11.186327223959283,0.0014157917565041063,0.012869204523758468,0.00021236876347561595,216.90805891843846,1.6492073403622172,3.489292716341045,z4c_spatial_or_other
2348,11.18653959272276,0.0014136541377554085,0.012722298674671778,0.00021204812066331127,219.41272127419631,1.649237623392946,3.489292716341045,z4c_spatial_or_other
2349,11.186751640843422,0.0014114969066635721,0.012576024796799222,0.00021172453599953579,221.96474785762956,1.649267857737639,3.489292716341045,z4c_spatial_or_other
2350,11.186963365379421,0.0014093197558657324,0.012430405782277967,0.00021139796337985985,224.56500793019845,1.6492980429895043,3.489292716341045,z4c_spatial_or_other
2351,11.187174763342801,0.0014071223348163771,0.012285462517466017,0.00021106835022245655,227.21441452483418,1.64932817873533,3.489292716341045,z4c_spatial_or_other
2352,11.187385831693023,0.0014049042477850251,0.012141213640958954,0.00021073563716775376,229.91393246353908,1.6493582645545617,3.489292716341045,z4c_spatial_or_other
2353,11.187596567330191,0.0014026650520162273,0.011997675358995831,0.00021039975780243409,232.66458622584958,1.6493883000183411,3.489292716341045,z4c_spatial_or_other
2354,11.187806967087994,0.00069693123894880044,0.011771544952436581,0.00010453968584232007,237.1340537161216,1.649418284688503,3.489292716341045,z4c_spatial_or_other
2355,11.187911506773837,0.00034685854658401467,0.011755685748619524,5.2028781987602199e-05,237.45396336412239,1.6494331818516701,3.489292716341045,z4c_spatial_or_other
2356,11.187963535555824,0.000346574745352477,0.011753312550280689,5.1986211802871547e-05,237.50190945157601,1.6494405958127525,3.489292716341045,z4c_spatial_or_other
2357,11.188015521767626,0.00034633253010922559,0.011736160850215407,5.1949879516383836e-05,237.84900434639167,1.6494480035293027,3.489292716341045,z4c_spatial_or_other
2358,11.188067471647143,0.00034613190381951089,0.01170328535872105,5.1919785572926631e-05,238.51714176931662,1.6494554058905779,3.489292716341045,z4c_spatial_or_other
2359,11.188119391432716,0.00034597203460843005,0.011653902920966346,5.1895805191264504e-05,239.52783818464908,1.6494628037858114,3.489292716341045,z4c_spatial_or_other
2360,11.188171287237907,0.00034585258471899572,0.011587426760921478,5.1877887707849359e-05,240.90199063755293,1.6494701980863715,3.489292716341045,z4c_spatial_or_other
2361,11.188223165125615,0.00034577270153176627,0.011503496166243268,5.1865905229764939e-05,242.65963431745496,1.6494775896563258,3.489292716341045,z4c_spatial_or_other
2362,11.188275031030845,0.00034573093086885063,0.011401999711329798,5.1859639630327591e-05,244.81970213515078,1.6494849793414357,3.489292716341045,z4c_spatial_or_other
2363,11.188326890670474,0.00034572538032265554,0.011283090110324237,5.1858807048398329e-05,247.39979436294868,1.6494923679563043,3.489292716341045,z4c_spatial_or_other
2364,11.188378749477522,0.00034575369312643317,0.011147189185301391,5.1863053968964973e-05,250.41596824727824,1.6494997562750173,3.489292716341045,z4c_spatial_or_other
2365,11.188430612531491,0.0003458130320614197,0.010994982200939593,5.1871954809212955e-05,253.88255497442185,1.6495071450212198,3.489292716341045,z4c_spatial_or_other
2366,11.1884824844863,0.00034590007707319993,0.010827401571426259,5.1885011560979986e-05,257.81201100359016,1.6495145348578601,3.489292716341045,z4c_spatial_or_other
2367,11.188534369497862,0.00034601103919450188,0.01064560074847969,5.1901655879175281e-05,262.21480957488325,1.6495219263768774,3.489292716341045,z4c_spatial_or_other
2368,11.188586271153742,0.00034585449862286266,0.010450919830580517,5.1878174793429399e-05,267.09937673665809,1.6495293200891896,3.489292716341045,z4c_spatial_or_other
2369,11.188638149328536,0.00069099479629550296,0.010245020238722466,0.00010364921944432545,272.46741421966414,1.649536710278708,3.489292716341045,z4c_spatial_or_other
2370,11.18874179854798,0.00068942504717537387,0.0098989246433950524,0.00010341375707630607,281.99367846843745,1.6495514748644431,3.489292716341045,z4c_spatial_or_other
2371,11.188845212305056,0.0006875606671990416,0.0095499713564147892,0.00010313410007985623,292.29764874611988,1.6495662052019471,3.489292716341045,z4c_spatial_or_other
2372,11.188948346405136,0.00068540947191913137,0.0092017791497167652,0.00010281142078786971,303.35809278347631,1.6495808950012834,3.489292716341045,z4c_spatial_or_other
2373,11.189051157825924,0.00033905526206241972,0.0088573770394478283,5.0858289309362959e-05,315.15359012501233,1.6495955381406733,3.489292716341045,z4c_spatial_or_other
2374,11.189102016115234,0.0003379618051209042,0.0086744292868728735,5.0694270768135628e-05,321.80032607991279,1.6496027814845291,3.489292716341045,z4c_spatial_or_other
2375,11.189152710386002,0.0001684334311465667,0.0084800134136388781,2.5265014671985004e-05,329.17803745253718,1.6496100012984223,3.489292716341045,z4c_spatial_or_other
2376,11.189177975400675,0.00016816254230683919,0.0083854141534427939,2.5224381346025878e-05,332.89162848644264,1.6496135994464278,3.489292716341045,z4c_spatial_or_other
2377,11.189203199782021,0.00016789577865334587,0.008289514701447764,2.5184366798001879e-05,336.7427736855708,1.6496171917655043,3.489292716341045,z4c_spatial_or_other
2378,11.189228384148819,0.00016763359101789038,0.0081924119144228674,2.5145038652683556e-05,340.73410885974533,1.6496207783439754,3.489292716341045,z4c_spatial_or_other
2379,11.189253529187472,0.00016737641923281164,0.0080942052609235329,2.5106462884921744e-05,344.86822153486372,1.6496243592797897,3.489292716341045,z4c_spatial_or_other
2380,11.189278635650357,0.00016712468486754215,0.0079949972372952705,2.5068702730131323e-05,349.14760946398849,1.6496279346802873,3.489292716341045,z4c_spatial_or_other
2381,11.189303704353087,0.0001668787887958074,0.0078948936502119971,2.5031818319371109e-05,353.57463909572482,1.649631504661808,3.489292716341045,z4c_spatial_or_other
2382,11.189328736171406,0.00016663911297875496,0.0077940037080191883,2.4995866946813245e-05,358.15150693356122,1.6496350693492488,3.489292716341045,z4c_spatial_or_other
2383,11.189353732038352,8.3197636506746856e-05,0.0076924398813088884,1.2479645476012028e-05,362.88020655910105,1.6496386288756599,3.489292716341045,z4c_spatial_or_other
2384,11.189366211683828,8.3137261425016712e-05,0.0076418444273911061,1.2470589213752507e-05,365.28277951685811,1.6496404060191123,3.489292716341045,z4c_spatial_or_other
2385,11.189378682273041,8.3077548050038271e-05,0.0075909777265443148,1.246163220750574e-05,367.73051820606474,1.649642181862639,3.489292716341045,z4c_spatial_or_other
2386,11.189391143905249,8.3018524159444456e-05,0.0075398475604848006,1.2452778623916668e-05,370.22421881608324,1.6496439564203955,3.489292716341045,z4c_spatial_or_other
2387,11.189403596683873,8.2960217393303763e-05,0.0074884629540988932,1.2444032608995565e-05,372.7646367730128,1.6496457297071312,3.489292716341045,z4c_spatial_or_other
2388,11.189416040716482,8.2902655788854698e-05,0.0074368342270654557,1.2435398368328204e-05,375.35248034892999,1.6496475017381862,3.489292716341045,z4c_spatial_or_other
2389,11.18942847611485,8.2845868319674081e-05,0.0073849730289624379,1.2426880247951113e-05,377.98840457850969,1.6496492725294978,3.489292716341045,z4c_spatial_or_other
2390,11.189440902995099,8.2789885398354686e-05,0.0073328923571987469,1.2418482809753203e-05,380.67300556136865,1.6496510420976231,3.489292716341045,z4c_spatial_or_other
2391,11.189453321477908,8.2734739305570591e-05,0.0072806065570397722,1.2410210895835588e-05,383.40681524312555,1.6496528104597672,3.489292716341045,z4c_spatial_or_other
2392,11.189465731688804,8.2680464514542433e-05,0.0072281313030274161,1.2402069677181365e-05,386.19029677887528,1.6496545776338245,3.489292716341045,z4c_spatial_or_other
2393,11.189478133758481,8.2627097887848902e-05,0.0071754835612475318,1.2394064683177334e-05,389.02384058803648,1.6496563436384266,3.489292716341045,z4c_spatial_or_other
2394,11.189490527823164,8.2574678732623909e-05,0.0071226815321730206,1.2386201809893586e-05,391.90776120818822,1.6496581084929902,3.489292716341045,z4c_spatial_or_other
2395,11.189502914024974,8.2523248709752116e-05,0.0070697445741958621,1.2378487306462817e-05,394.84229504717911,1.6496598722177722,3.489292716341045,z4c_spatial_or_other
2396,11.189515292512281,8.2472851602049776e-05,0.0070166931084336814,1.2370927740307466e-05,397.82759911755085,1.649661634833919,3.489292716341045,z4c_spatial_or_other
2397,11.189527663440021,8.2423532954958642e-05,0.0069635485059247075,1.2363529943243797e-05,400.86375081581406,1.6496633963635103,3.489292716341045,z4c_spatial_or_other
2398,11.189540026969965,8.237533961045671e-05,0.0069103329588698133,1.2356300941568506e-05,403.95074878264273,1.6496651568296001,3.489292716341045,z4c_spatial_or_other
2399,11.189552383270907,8.2328319160285293e-05,0.006857069338105125,1.2349247874042794e-05,407.08851485002162,1.6496669162562403,3.489292716341045,z4c_spatial_or_other
2400,11.189564732518781,8.2282519347946521e-05,0.0068037810394543175,1.2342377902191978e-05,410.27689704969066,1.6496686746685003,3.489292716341045,z4c_spatial_or_other
2401,11.189577074896683,8.2237987450135228e-05,0.0067504918219843816,1.2335698117520284e-05,413.51567362572752,1.649670432092468,3.489292716341045,z4c_spatial_or_other
2402,11.189589410594801,8.219476966738929e-05,0.0066972256414487589,1.2329215450108394e-05,416.80455796454049,1.6496721885552399,3.489292716341045,z4c_spatial_or_other
2403,11.18960173981025,8.2152910550974364e-05,0.0066440064823287473,1.2322936582646155e-05,420.14320432969066,1.6496739440848995,3.489292716341045,z4c_spatial_or_other
2404,11.189614062746832,8.2112452488681523e-05,0.0065908581918745577,1.2316867873302228e-05,423.53121426800152,1.6496756987104815,3.489292716341045,z4c_spatial_or_other
2405,11.189626379614706,8.207343526672842e-05,0.0065378043194032369,1.2311015290009262e-05,426.96814353838522,1.649677452461924,3.489292716341045,z4c_spatial_or_other
2406,11.189638690629996,8.2035895718781166e-05,0.0064848679638447454,1.2305384357817175e-05,430.4535094062042,1.6496792053700149,3.489292716341045,z4c_spatial_or_other
2407,11.189650996014354,8.1999844457712807e-05,0.0064320716321590744,1.2299976668656921e-05,433.98679814388612,1.6496809574663276,3.489292716341045,z4c_spatial_or_other
2408,11.189663295991023,8.1965333542315761e-05,0.0063794371255485984,1.2294800031347364e-05,437.56747157105769,1.6496827087826613,3.489292716341045,z4c_spatial_or_other
2409,11.189675590791055,8.1932390742457448e-05,0.0063269853967724823,1.2289858611368617e-05,441.19497644119753,1.6496844593519284,3.489292716341045,z4c_spatial_or_other
2410,11.189687880649666,8.1901039352182863e-05,0.006274736465682009,1.2285155902827428e-05,444.86875079771687,1.6496862092076308,3.489292716341045,z4c_spatial_or_other
2411,11.189700165805569,8.187129922946559e-05,0.0062227093384899651,1.2280694884419837e-05,448.58823082201366,1.6496879583837685,3.489292716341045,z4c_spatial_or_other
2412,11.189712446500453,8.1843186882382327e-05,0.0061709219431079617,1.2276478032357348e-05,452.35285728909105,1.6496897069147651,3.489292716341045,z4c_spatial_or_other
2413,11.189724722978484,8.1816715580318027e-05,0.0061193910809278764,1.2272507337047704e-05,456.16208151376628,1.6496914548353947,3.489292716341045,z4c_spatial_or_other
2414,11.189736995485822,8.1791895474548303e-05,0.006068132394412752,1.2268784321182245e-05,460.01537073302097,1.6496932021807156,3.489292716341045,z4c_spatial_or_other
2415,11.189749264270143,8.1768733714582181e-05,0.0060171603495669844,1.2265310057187326e-05,463.91221288854592,1.6496949489860004,3.489292716341045,z4c_spatial_or_other
2416,11.189761529580199,8.1747234549558434e-05,0.0059664882321345458,1.2262085182433764e-05,467.8521207900186,1.6496966952866763,3.489292716341045,z4c_spatial_or_other
2417,11.189773791665381,8.1727399407473768e-05,0.005916128156228587,1.2259109911121065e-05,471.83463565338309,1.6496984411182567,3.489292716341045,z4c_spatial_or_other
2418,11.189786050775291,8.1709226948766569e-05,0.0058660910840167757,1.2256384042314986e-05,475.85933001937229,1.6497001865162877,3.489292716341045,z4c_spatial_or_other
2419,11.189798307159334,8.1692713094477893e-05,0.0058163868550664931,1.2253906964171684e-05,479.92581006562443,1.6497019315162844,3.489292716341045,z4c_spatial_or_other
2420,11.189810561066299,8.1677851032573091e-05,0.0057670242239801694,1.2251677654885963e-05,484.03371733131024,1.6497036761536745,3.489292716341045,z4c_spatial_or_other
2421,11.189822812743953,8.1664631208801965e-05,0.0057180109050096852,1.2249694681320295e-05,488.18272987678188,1.6497054204637394,3.489292716341045,z4c_spatial_or_other
2422,11.189835062438634,8.1653041310521856e-05,0.0056693536224184972,1.2247956196578278e-05,492.37256290286484,1.6497071644815562,3.489292716341045,z4c_spatial_or_other
2423,11.18984731039483,8.1643066253101235e-05,0.0056210581654476989,1.2246459937965185e-05,496.60296885586627,1.6497089082419369,3.489292716341045,z4c_spatial_or_other
2424,11.189859556854769,8.1634688178826152e-05,0.0055731294468284428,1.2245203226823923e-05,500.8737370457788,1.6497106517793725,3.489292716341045,z4c_spatial_or_other
2425,11.189871802057995,8.1627886477679995e-05,0.005525571563859852,1.2244182971651998e-05,505.18469280721757,1.6497123951279693,3.489292716341045,z4c_spatial_or_other
2426,11.189884046240968,8.1622637838056297e-05,0.0054783878611337437,1.2243395675708445e-05,509.53569623585457,1.6497141383213951,3.489292716341045,z4c_spatial_or_other
2427,11.189896289636643,8.1618916333538199e-05,0.0054315809940332603,1.224283745003073e-05,513.92664053786598,1.6497158813928179,3.489292716341045,z4c_spatial_or_other
2428,11.189908532474092,8.1616693549520724e-05,0.0053851529921625065,1.2242504032428109e-05,518.35745003632383,1.649717624374851,3.489292716341045,z4c_spatial_or_other
2429,11.189920774978125,8.1615938750861344e-05,0.0053391053218810368,1.2242390812629201e-05,522.82807788653577,1.6497193672995014,3.489292716341045,z4c_spatial_or_other
2430,11.189933017368938,8.1616619089129231e-05,0.0052934389471264746,1.2242492863369384e-05,527.33850356168875,1.6497211101981184,3.489292716341045,z4c_spatial_or_other
2431,11.189945259861801,8.1618699845574034e-05,0.0052481543877157099,1.2242804976836105e-05,531.88873018040624,1.6497228531013481,3.489292716341045,z4c_spatial_or_other
2432,11.189957502666777,8.1622144703824876e-05,0.0052032517743285118,1.2243321705573731e-05,536.47878175817766,1.6497245960390967,3.489292716341045,z4c_spatial_or_other
2433,11.189969745988483,8.1626916044686782e-05,0.005158730899402995,1.2244037406703017e-05,541.10870047435128,1.6497263390404919,3.489292716341045,z4c_spatial_or_other
2434,11.18998199002589,8.1632975254321372e-05,0.0051145912632167166,1.2244946288148206e-05,545.77854405460766,1.6497280821338587,3.489292716341045,z4c_spatial_or_other
2435,11.189994234972179,8.1639877043577827e-05,0.0050708321144963637,1.2245981556536673e-05,550.4883833745464,1.6497298253466968,3.489292716341045,z4c_spatial_or_other
2436,11.190006480953736,8.164322113406072e-05,0.0050274526997678096,1.2246483170109107e-05,555.23827667274861,1.6497315686969962,3.489292716341045,z4c_spatial_or_other
2437,11.190018727436906,8.1647938577044101e-05,0.0049844543554443312,1.2247190786556615e-05,560.02803396601644,1.6497333121087834,3.489292716341045,z4c_spatial_or_other
2438,11.190030974627692,8.1654006224065521e-05,0.0049418355782817934,1.2248100933609829e-05,564.857759602633,1.6497350556113832,3.489292716341045,z4c_spatial_or_other
2439,11.190043222728626,8.1661399441624121e-05,0.0048995947078023664,1.2249209916243617e-05,569.72756718583537,1.6497367992336256,3.489292716341045,z4c_spatial_or_other
2440,11.190055471938543,8.1670092144394771e-05,0.0048577299354735136,1.2250513821659216e-05,574.63757972389988,1.6497385430038141,3.489292716341045,z4c_spatial_or_other
2441,11.190067722452364,8.1680056846483145e-05,0.0048162393074447736,1.2252008526972472e-05,579.58793051622979,1.6497402869496942,3.489292716341045,z4c_spatial_or_other
2442,11.190079974460891,8.1691264733660287e-05,0.0047751207213240056,1.2253689710049043e-05,584.57876480635878,1.6497420310984239,3.489292716341045,z4c_spatial_or_other
2443,11.190092228150602,8.170368575836825e-05,0.0047343719176750074,1.2255552863755236e-05,589.61024220582897,1.649743775476546,3.489292716341045,z4c_spatial_or_other
2444,11.190104483703466,8.1717288758017731e-05,0.0046939904671019009,1.2257593313702659e-05,594.68253986384536,1.6497455201099598,3.489292716341045,z4c_spatial_or_other
2445,11.19011674129678,8.1732041595799595e-05,0.0046539737539428904,1.2259806239369939e-05,599.7958563277042,1.6497472650238998,3.489292716341045,z4c_spatial_or_other
2446,11.190129001103019,8.1747911321999311e-05,0.0046143189577188132,1.2262186698299897e-05,604.95041600956893,1.6497490102429131,3.489292716341045,z4c_spatial_or_other
2447,11.190141263289718,8.1764864352724484e-05,0.0045750230335626337,1.2264729652908672e-05,610.14647414771764,1.6497507557908426,3.489292716341045,z4c_spatial_or_other
2448,11.190153528019371,8.1782866662093948e-05,0.0045360767402678123,1.2267429999314092e-05,615.38512968544455,1.6497525016908139,3.489292716341045,z4c_spatial_or_other
2449,11.190165795449371,8.1801883983347064e-05,0.0044974710543406278,1.227028259750206e-05,620.66751277448463,1.6497542479652254,3.489292716341045,z4c_spatial_or_other
2450,11.190178065731969,8.1821882014034618e-05,0.004459213750795229,1.2273282302105192e-05,625.99245720728879,1.6497559946357434,3.489292716341045,z4c_spatial_or_other
2451,11.19019033901427,8.1842826620455116e-05,0.0044213007142037191,1.2276423993068267e-05,631.36039675047903,1.6497577417233009,3.489292716341045,z4c_spatial_or_other
2452,11.190202615438263,8.1864684036783136e-05,0.0043837275344712403,1.227970260551747e-05,636.77182286593359,1.6497594892481022,3.489292716341045,z4c_spatial_or_other
2453,11.190214895140869,8.1887421054861696e-05,0.0043464895054320116,1.2283113158229254e-05,642.22728930651976,1.6497612372296295,3.489292716341045,z4c_spatial_or_other
2454,11.190227178254027,8.1911005201348069e-05,0.0043095816293525742,1.2286650780202211e-05,647.72741605829424,1.6497629856866556,3.489292716341045,z4c_spatial_or_other
2455,11.190239464904806,8.1935404899748476e-05,0.0042729986276347177,1.2290310734962271e-05,653.27289248815202,1.6497647346372604,3.489292716341045,z4c_spatial_or_other
2456,11.190251755215542,8.1960589615786284e-05,0.0042367349577756728,1.2294088442367943e-05,658.86447957989958,1.6497664840988477,3.489292716341045,z4c_spatial_or_other
2457,11.190264049303984,8.1986529985452345e-05,0.0042007848364108789,1.2297979497817852e-05,664.50301117012646,1.6497682340881707,3.489292716341045,z4c_spatial_or_other
2458,11.190276347283481,8.2013197925925407e-05,0.0041651422680451401,1.230197968888881e-05,670.18939412673717,1.6497699846213534,3.489292716341045,z4c_spatial_or_other
2459,11.19028864926317,8.2040566730271972e-05,0.0041298010788782006,1.2306085009540796e-05,675.9246074464894,1.6497717357139208,3.489292716341045,z4c_spatial_or_other
2460,11.19030095534818,8.2068611147399182e-05,0.0040947549549583484,1.2310291672109876e-05,681.70970028198678,1.6497734873808274,3.489292716341045,z4c_spatial_or_other
2461,11.190313265639851,8.2097307449117106e-05,0.00405999748375711,1.2314596117367565e-05,687.54578894212796,1.6497752396364886,3.489292716341045,z4c_spatial_or_other
2462,11.190325580235969,8.2126633486357764e-05,0.0040255221981537253,1.2318995022953664e-05,693.43405294177876,1.6497769924948111,3.489292716341045,z4c_spatial_or_other
2463,11.190337899230991,8.2156568736602116e-05,0.003991322621751627,1.2323485310490317e-05,699.37573020539014,1.6497787459692306,3.489292716341045,z4c_spatial_or_other
2464,11.190350222716303,8.218709434440351e-05,0.0039573923144216976,1.2328064151660525e-05,705.37211155441253,1.6497805000727428,3.489292716341045,z4c_spatial_or_other
2465,11.190362550780454,8.2218193156594375e-05,0.0039237249169780638,1.2332728973489155e-05,711.42453462887397,1.6497822548179413,3.489292716341045,z4c_spatial_or_other
2466,11.190374883509428,8.2249849753360482e-05,0.0038903141939399498,1.2337477463004073e-05,717.53437740867582,1.6497840102170527,3.489292716341045,z4c_spatial_or_other
2467,11.19038722098689,8.2282050475907263e-05,0.0038571540734152611,1.2342307571386089e-05,723.70305150947763,1.6497857662819744,3.489292716341045,z4c_spatial_or_other
2468,11.190399563294461,8.2314783450965925e-05,0.003824238683254239,1.2347217517644888e-05,729.93199543116987,1.6497875230243113,3.489292716341045,z4c_spatial_or_other
2469,11.190411910511978,8.2348038611938996e-05,0.0037915623827609012,1.235220579179085e-05,736.22266793358108,1.6497892804554157,3.489292716341045,z4c_spatial_or_other
2470,11.190424262717769,8.2381807716094688e-05,0.003759119789410739,1.2357271157414202e-05,742.57654170430351,1.6497910385864236,3.489292716341045,z4c_spatial_or_other
2471,11.190436619988926,8.2416084356923023e-05,0.0037269058001995312,1.2362412653538453e-05,748.99509746755291,1.6497927974282955,3.489292716341045,z4c_spatial_or_other
2472,11.190448982401579,8.2450863970577235e-05,0.0036949156074341412,1.2367629595586585e-05,755.47981866121449,1.6497945569918544,3.489292716341045,z4c_spatial_or_other
2473,11.190461350031175,8.2486143835253721e-05,0.0036631447089648084,1.2372921575288058e-05,762.03218678240137,1.6497963172878256,3.489292716341045,z4c_spatial_or_other
2474,11.190473722952749,8.2521923062413009e-05,0.0036315889130428408,1.2378288459361951e-05,768.65367747087475,1.6497980783268764,3.489292716341045,z4c_spatial_or_other
2475,11.190486101241209,8.2558202578900748e-05,0.0036002443381604405,1.2383730386835112e-05,775.34575736577119,1.6497998401196547,3.489292716341045,z4c_spatial_or_other
2476,11.190498484971595,8.2594985099278574e-05,0.0035691074083841145,1.2389247764891785e-05,782.10988173556711,1.6498016026768272,3.489292716341045,z4c_spatial_or_other
2477,11.19051087421936,8.2632275087991751e-05,0.0035381748448231241,1.2394841263198762e-05,788.94749284567422,1.6498033660091203,3.489292716341045,z4c_spatial_or_other
2478,11.190523269060623,8.2670078711362982e-05,0.0035074436539745076,1.2400511806704448e-05,795.86001899408552,1.6498051301273531,3.489292716341045,z4c_spatial_or_other
2479,11.19053566957243,8.2708403779775357e-05,0.0034769111137520447,1.2406260566966303e-05,802.84887411473437,1.6498068950424778,3.489292716341045,z4c_spatial_or_other
2480,11.190548075832996,8.2747259680771094e-05,0.0034465747580356685,1.2412088952115663e-05,809.91545782218247,1.6498086607656122,3.489292716341045,z4c_spatial_or_other
2481,11.190560487921948,8.2786657304116087e-05,0.0034164323605691419,1.2417998595617412e-05,817.06115575132083,1.6498104273080743,3.489292716341045,z4c_spatial_or_other
2482,11.190572905920543,8.2826608960147387e-05,0.0033864819189885608,1.2423991344022108e-05,824.28734003297222,1.6498121946814153,3.489292716341045,z4c_spatial_or_other
2483,11.190585329911887,8.2867128292914396e-05,0.003356721639684809,1.2430069243937159e-05,831.59536974145635,1.6498139628974471,3.489292716341045,z4c_spatial_or_other
2484,11.190597759981131,8.2908230189736833e-05,0.0033271499240943945,1.2436234528460525e-05,838.98659115357634,1.649815731968274,3.489292716341045,z4c_spatial_or_other
2485,11.19061019621566,8.2949930688831525e-05,0.0032977653568806754,1.2442489603324729e-05,846.46233767014496,1.6498175019063177,3.489292716341045,z4c_spatial_or_other
2486,11.190622638705264,8.2992246886608563e-05,0.0032685666963184153,1.2448837032991284e-05,854.02392927058747,1.6498192727243415,3.489292716341045,z4c_spatial_or_other
2487,11.190635087542297,8.3035196846115804e-05,0.0032395528670366809,1.245527952691737e-05,861.67267139747196,1.6498210444354739,3.489292716341045,z4c_spatial_or_other
2488,11.190647542821825,8.3078799507929906e-05,0.0032107229551158081,1.2461819926189486e-05,869.40985319991637,1.6498228170532281,3.489292716341045,z4c_spatial_or_other
2489,11.190660004641751,8.3123074604571283e-05,0.0031820762053811676,1.2468461190685693e-05,877.23674510128899,1.6498245905915214,3.489292716341045,z4c_spatial_or_other
2490,11.190672473102943,8.316804257927298e-05,0.0031536120205966,1.2475206386890947e-05,885.1545956958754,1.6498263650646929,3.489292716341045,z4c_spatial_or_other
2491,11.190684948309329,8.3213724509681515e-05,0.0031253299621391718,1.2482058676452227e-05,893.16462801969351,1.6498281404875168,3.489292716341045,z4c_spatial_or_other
2492,11.190697430368006,8.3260142036822908e-05,0.0030972297516391116,1.2489021305523437e-05,901.26803528073992,1.6498299168752169,3.489292716341045,z4c_spatial_or_other
2493,11.190709919389311,8.3307317299446978e-05,0.0030693112729971543,1.2496097594917047e-05,909.46597617224609,1.6498316942434792,3.489292716341045,z4c_spatial_or_other
2494,11.190722415486906,8.3355272873675415e-05,0.0030415745741478048,1.2503290931051311e-05,917.75956992767362,1.6498334726084616,3.489292716341045,z4c_spatial_or_other
2495,11.190734918777837,8.3404031717732746e-05,0.0030140198679216306,1.2510604757659912e-05,926.14989130702645,1.6498352519868034,3.489292716341045,z4c_spatial_or_other
2496,11.190747429382595,8.3453617121436393e-05,0.002986647531371216,1.2518042568215459e-05,934.63796572983813,1.6498370323956333,3.489292716341045,z4c_spatial_or_other
2497,11.190759947425164,8.3504052660060115e-05,0.0029594581029625542,1.2525607899009017e-05,943.22476479004104,1.6498388138525779,3.489292716341045,z4c_spatial_or_other
2498,11.190772473033062,8.3555362152162963e-05,0.0029324522770933009,1.2533304322824444e-05,951.91120240147802,1.6498405963757654,3.489292716341045,z4c_spatial_or_other
2499,11.190785006337386,8.3607569620982301e-05,0.002905630895478861,1.2541135443147345e-05,960.69813182957478,1.6498423799838335,3.489292716341045,z4c_spatial_or_other
2500,11.19079754747283,8.3660699259017153e-05,0.0028789949350430566,1.2549104888852572e-05,969.58634386450876,1.649844164695931,3.489292716341045,z4c_spatial_or_other
2501,11.190810096577719,8.3714775395465722e-05,0.002852545492059118,1.2557216309319859e-05,978.57656638381309,1.6498459505317216,3.489292716341045,z4c_spatial_or_other
2502,11.190822653794028,8.3769822466217409e-05,0.0028262837624055226,1.2565473369932612e-05,987.66946553766252,1.6498477375113905,3.489292716341045,z4c_spatial_or_other
2503,11.190835219267397,8.3825760580417689e-05,0.002800211017926834,1.2573864087062652e-05,996.86564876796479,1.6498495256556418,3.489292716341045,z4c_spatial_or_other
2504,11.190847793131484,8.3877144864579652e-05,0.0027743286111257871,1.2581571729686948e-05,1006.1656581986905,1.6498513149834757,3.489292716341045,z4c_spatial_or_other
2505,11.190860374703213,8.3929223646463384e-05,0.0027486395793439862,1.2589383546969507e-05,1015.5693725908814,1.6498531053976668,3.489292716341045,z4c_spatial_or_other
2506,11.190872964086759,8.3982017224046892e-05,0.0027231453071134932,1.2597302583607033e-05,1025.0772023736511,1.6498548969130189,3.489292716341045,z4c_spatial_or_other
2507,11.190885561389344,8.4035546553977157e-05,0.0026978471229929407,1.2605331983096574e-05,1034.6895305083381,1.6498566895447706,3.489292716341045,z4c_spatial_or_other
2508,11.190898166721327,8.4089833235722215e-05,0.002672746260582181,1.2613474985358331e-05,1044.4067266096567,1.6498584833086065,3.489292716341045,z4c_spatial_or_other
2509,11.190910780196312,8.4144899498417251e-05,0.0026478438182940636,1.2621734924762587e-05,1054.2291632862562,1.6498602782206724,3.489292716341045,z4c_spatial_or_other
2510,11.190923401931236,8.4200768189684959e-05,0.0026231407187028775,1.2630115228452744e-05,1064.157234558571,1.6498620742975876,3.489292716341045,z4c_spatial_or_other
2511,11.190936032046466,8.4257462765580457e-05,0.0025986376683607565,1.2638619414837068e-05,1074.1913761427531,1.6498638715564591,3.489292716341045,z4c_spatial_or_other
2512,11.190948670665881,8.4315007280704531e-05,0.002574335119024166,1.2647251092105679e-05,1084.3320873200705,1.6498656700148937,3.489292716341045,z4c_spatial_or_other
2513,11.190961317916972,8.4373426377447387e-05,0.0025502332312593292,1.2656013956617107e-05,1094.5799540438111,1.6498674696910114,3.489292716341045,z4c_spatial_or_other
2514,11.190973973930928,8.4432745273267708e-05,0.0025263318413956534,1.2664911790990156e-05,1104.9356728729385,1.6498692706034581,3.489292716341045,z4c_spatial_or_other
2515,11.19098663884272,8.4492989744875687e-05,0.0025026304327681373,1.2673948461731353e-05,1115.4000752661093,1.6498710727714172,3.489292716341045,z4c_spatial_or_other
2516,11.190999312791181,8.4554186108172226e-05,0.0024791281121321019,1.2683127916225833e-05,1125.9741517239077,1.6498728762146222,3.489292716341045,z4c_spatial_or_other
2517,11.191011995919098,8.4616361192794469e-05,0.0024558235920466133,1.2692454178919169e-05,1136.659075233712,1.6498746809533664,3.489292716341045,z4c_spatial_or_other
2518,11.191024688373277,8.4679542310125768e-05,0.0024327151799077825,1.2701931346518866e-05,1147.4562234526163,1.6498764870085172,3.489292716341045,z4c_spatial_or_other
2519,11.191037390304624,8.4736699004404512e-05,0.0024098007741718414,1.2710504850660677e-05,1158.367199061154,1.6498782944015233,3.489292716341045,z4c_spatial_or_other
2520,11.191050100809475,8.4792880447083591e-05,0.0023870797520900364,1.2718932067062538e-05,1169.3929248190232,1.6498801030037762,3.489292716341045,z4c_spatial_or_other
2521,11.191062819741543,8.4849816707516489e-05,0.0023645497011552416,1.2727472506127473e-05,1180.5352079125396,1.6498819127944393,3.489292716341045,z4c_spatial_or_other
2522,11.191075547214048,8.4907538153689883e-05,0.0023422073709568692,1.2736130723053482e-05,1191.796340360949,1.649883723789602,3.489292716341045,z4c_spatial_or_other
2523,11.19108828334477,8.4966075757642644e-05,0.0023200491626909838,1.2744911363646397e-05,1203.1788886038523,1.6498855360060001,3.489292716341045,z4c_spatial_or_other
2524,11.191101028256135,8.5025461026816773e-05,0.0022980711635656684,1.2753819154022516e-05,1214.6856970006402,1.6498873494610313,3.489292716341045,z4c_spatial_or_other
2525,11.19111378207529,8.508572593613594e-05,0.0022762691877272613,1.276285889042039e-05,1226.3198869989278,1.6498891641727655,3.489292716341045,z4c_spatial_or_other
2526,11.19112654493418,8.514690286045899e-05,0.0022546388229201936,1.2772035429068849e-05,1238.0848518599485,1.6498909801599531,3.489292716341045,z4c_spatial_or_other
2527,11.191139316969609,8.520902450686834e-05,0.0022331754819389514,1.278135367603025e-05,1249.9842469384348,1.6498927974420365,3.489292716341045,z4c_spatial_or_other
2528,11.191152098323286,8.5272123846060028e-05,0.0022118744578032003,1.2790818576909004e-05,1262.0219756257079,1.6498946160391557,3.489292716341045,z4c_spatial_or_other
2529,11.191164889141863,8.5332793279960454e-05,0.0021907309814904628,1.2799918991994068e-05,1274.2021711737902,1.6498964359721522,3.489292716341045,z4c_spatial_or_other
2530,11.191177689060854,8.5388204152364992e-05,0.0021697411240063371,1.2808230622854749e-05,1286.5286748672434,1.6498982571891425,3.489292716341045,z4c_spatial_or_other
2531,11.191190497291478,8.5444372740035211e-05,0.0021489016822169686,1.2816655911005281e-05,1299.0050667152825,1.6499000795778724,3.489292716341045,z4c_spatial_or_other
2532,11.191203313947389,8.550133239925567e-05,0.0021282080782713164,1.282519985988835e-05,1311.6359258161635,1.6499019031544926,3.489292716341045,z4c_spatial_or_other
2533,11.191216139147249,8.5559116909851305e-05,0.0021076559046393235,1.2833867536477696e-05,1324.4259496668294,1.6499037279358642,3.489292716341045,z4c_spatial_or_other
2534,11.191228973014786,8.5617760421076886e-05,0.0020872409759235826,1.2842664063161532e-05,1337.3799217589888,1.6499055539395695,3.489292716341045,z4c_spatial_or_other
2535,11.191241815678849,8.5677297397138626e-05,0.0020669593760543384,1.2851594609570794e-05,1350.5026781907359,1.6499073811839182,3.489292716341045,z4c_spatial_or_other
2536,11.191254667273459,8.5737762561412069e-05,0.0020468074999886064,1.2860664384211811e-05,1363.7990739668362,1.6499092096879566,3.489292716341045,z4c_spatial_or_other
2537,11.191267527937843,8.579919083832558e-05,0.0020267820891890576,1.2869878625748837e-05,1377.2739496576694,1.6499110394714702,3.489292716341045,z4c_spatial_or_other
2538,11.191280397816469,8.5854313019258742e-05,0.0020068802603270823,1.2878146952888812e-05,1390.9320990669803,1.6499128705549893,3.489292716341045,z4c_spatial_or_other
2539,11.191293275963421,8.5907955424110882e-05,0.0019871012038721091,1.2886193313616632e-05,1404.7770529419367,1.6499147028039109,3.489292716341045,z4c_spatial_or_other
2540,11.191306162156735,8.5962344569325995e-05,0.0019674433834658469,1.2894351685398899e-05,1418.8129612936805,1.6499165361866324,3.489292716341045,z4c_spatial_or_other
2541,11.191319056508421,8.6017514192063101e-05,0.0019479051694710591,1.2902627128809465e-05,1433.0441834757448,1.6499183707190699,3.489292716341045,z4c_spatial_or_other
2542,11.19133195913555,8.6073498346545739e-05,0.0019284853484815355,1.2911024751981861e-05,1447.4749187339046,1.6499202064178586,3.489292716341045,z4c_spatial_or_other
2543,11.191344870160302,8.6130331341719365e-05,0.0019091831154140666,1.2919549701257904e-05,1462.1091871889018,1.6499220433003592,3.489292716341045,z4c_spatial_or_other
2544,11.191357789710004,8.6188047679940043e-05,0.0018899980591055908,1.2928207151991006e-05,1476.950814644664,1.6499238813846651,3.489292716341045,z4c_spatial_or_other
2545,11.191370717917156,8.6242275779071636e-05,0.0018709301419859766,1.2936341366860744e-05,1492.0034214156988,1.6499257206896047,3.489292716341045,z4c_spatial_or_other
2546,11.191383654258523,8.6292539622642326e-05,0.001851980639299687,1.2943880943396349e-05,1507.2696300585501,1.6499275611407158,3.489292716341045,z4c_spatial_or_other
2547,11.191396598139466,8.6343445138200981e-05,0.0018331512283797664,1.2951516770730148e-05,1522.7517129288071,1.6499294026533784,3.489292716341045,z4c_spatial_or_other
2548,11.191409549656237,8.6395023063977542e-05,0.0018144428531510685,1.2959253459596631e-05,1538.4525162779676,1.6499312452412667,3.489292716341045,z4c_spatial_or_other
2549,11.191422508909696,8.6447304619642195e-05,0.0017958567027114437,1.2967095692946329e-05,1554.3746719090877,1.6499330889187098,3.489292716341045,z4c_spatial_or_other
2550,11.191435476005388,8.6500321454341974e-05,0.0017773941721285923,1.2975048218151296e-05,1570.5206064279137,1.6499349337007032,3.489292716341045,z4c_spatial_or_other
2551,11.191448451053606,8.654626910616073e-05,0.0017590568220421726,1.298194036592411e-05,1586.892554063221,1.6499367796029172,3.489292716341045,z4c_spatial_or_other
2552,11.191461432993972,8.6592048337788552e-05,0.0017408479802994048,1.2988807250668282e-05,1603.4910599102072,1.6499386264744773,3.489292716341045,z4c_spatial_or_other
2553,11.191474421801223,8.663830301664241e-05,0.0017227695796928422,1.2995745452496361e-05,1620.3177755034017,1.6499404743117709,3.489292716341045,z4c_spatial_or_other
2554,11.191487417546675,8.6678462665973051e-05,0.0017048234644760391,1.3001769399895957e-05,1637.3743271598837,1.6499423231249264,3.489292716341045,z4c_spatial_or_other
2555,11.191500419316075,8.6705761525140193e-05,0.0016870128339575526,1.3005864228771029e-05,1654.6608993628274,1.6499441727838624,3.489292716341045,z4c_spatial_or_other
2556,11.191513425180304,8.6728908965690653e-05,0.001669342190897119,1.3009336344853597e-05,1672.1761351833416,1.6499460230141245,3.489292716341045,z4c_spatial_or_other
2557,11.191526434516648,8.6752571135121061e-05,0.0016518141351903398,1.3012885670268158e-05,1689.9202601575855,1.649947873727116,3.489292716341045,z4c_spatial_or_other
2558,11.191539447402318,8.6776710877283427e-05,0.0016344302135833635,1.3016506631592514e-05,1707.894378036998,1.6499497249338104,3.489292716341045,z4c_spatial_or_other
2559,11.19155246390895,8.6796197581397817e-05,0.0016171918636780384,1.3019429637209673e-05,1726.0995654060339,1.6499515766443895,3.489292716341045,z4c_spatial_or_other
2560,11.191565483338588,8.6812706730568119e-05,0.0016001013898004515,1.3021906009585217e-05,1744.5358093345296,1.6499534287595541,3.489292716341045,z4c_spatial_or_other
2561,11.191578505244598,8.6829994685721896e-05,0.0015831605772027994,1.3024499202858285e-05,1763.2034382796912,1.6499552812157605,3.489292716341045,z4c_spatial_or_other
2562,11.191591529743802,8.6848022080066771e-05,0.0015663702915593928,1.3027203312010015e-05,1782.1036239737646,1.6499571340296202,3.489292716341045,z4c_spatial_or_other
2563,11.191604556947114,8.6810029164736046e-05,0.0015497312257789842,1.3021504374710406e-05,1801.2376124574121,1.6499589872169043,3.489292716341045,z4c_spatial_or_other
2564,11.191617578451488,8.6741261923212464e-05,0.0015332546081113887,1.301118928848187e-05,1820.594021570384,1.64996083958224,3.489292716341045,z4c_spatial_or_other
2565,11.191630589640777,8.6646104388281991e-05,0.0015169463466925134,1.2996915658242299e-05,1840.1667133179515,1.6499626904689806,3.489292716341045,z4c_spatial_or_other
2566,11.191643586556435,8.6550946058777125e-05,0.0015008111230085561,1.2982641908816568e-05,1859.9503496996151,1.6499645393140414,3.489292716341045,z4c_spatial_or_other
2567,11.191656569198344,8.6456216624378754e-05,0.0014848483987739401,1.2968432493656812e-05,1879.9455724757909,1.6499663861174407,3.489292716341045,z4c_spatial_or_other
2568,11.191669537630837,8.636198343203849e-05,0.0014690573799454067,1.2954297514805774e-05,1900.1532623433484,1.6499682308883687,3.489292716341045,z4c_spatial_or_other
2569,11.191682491928352,8.6268310611970221e-05,0.0014534370980545373,1.2940246591795533e-05,1920.574462293031,1.6499700736374492,3.489292716341045,z4c_spatial_or_other
2570,11.191695432174944,8.6175258556607393e-05,0.0014379864257723807,1.2926288783491108e-05,1941.2103779585282,1.6499719143766758,3.489292716341045,z4c_spatial_or_other
2571,11.191708358463728,8.6082883499570751e-05,0.0014227040942277982,1.2912432524935612e-05,1962.062374318213,1.6499737531193293,3.489292716341045,z4c_spatial_or_other
2572,11.191721270896252,8.5991237190950715e-05,0.0014075887116437342,1.2898685578642607e-05,1983.1319688640401,1.6499755898798907,3.489292716341045,z4c_spatial_or_other
2573,11.191734169581832,8.5900366663691814e-05,0.0013926387828631539,1.2885054999553771e-05,2004.4208214091746,1.6499774246739456,3.489292716341045,z4c_spatial_or_other
2574,11.191747054636831,8.5810314084700922e-05,0.0013778527293499775,1.2871547112705137e-05,2025.9307207597844,1.6499792575180807,3.489292716341045,z4c_spatial_or_other
2575,11.191759926183945,8.5721116683463958e-05,0.0013632289092693744,1.2858167502519594e-05,2047.6635685263686,1.649981088429783,3.489292716341045,z4c_spatial_or_other
2576,11.191772784351448,8.563280675041686e-05,0.0013487656372760085,1.2844921012562529e-05,2069.621360394729,1.6499829174273337,3.489292716341045,z4c_spatial_or_other
2577,11.191785629272461,8.5545411697036605e-05,0.0013344612036673875,1.2831811754555491e-05,2091.8061652158731,1.6499847445297027,3.489292716341045,z4c_spatial_or_other
2578,11.191798461084216,8.5458954169559574e-05,0.0013203138925921389,1.2818843125433935e-05,2114.2201023064931,1.6499865697564438,3.489292716341045,z4c_spatial_or_other
2579,11.191811279927341,8.5373452208357644e-05,0.001306321999038967,1.2806017831253646e-05,2136.8653173769058,1.6499883931275923,3.489292716341045,z4c_spatial_or_other
2580,11.191824085945173,8.5288919445269053e-05,0.0012924838443707574,1.2793337916790357e-05,2159.7439575206754,1.6499902146635701,3.489292716341045,z4c_spatial_or_other
2581,11.191836879283089,8.5205365331557928e-05,0.0012787977902089971,1.278080479973369e-05,2182.8581457093583,1.6499920343850885,3.489292716341045,z4c_spatial_or_other
2582,11.19184966008789,8.5122795389631019e-05,0.0012652622505157046,1.2768419308444652e-05,2206.209955236619,1.6499938523130595,3.489292716341045,z4c_spatial_or_other
2583,11.191862428507198,8.5040307082386333e-05,0.001251875701762693,1.2756046062357949e-05,2229.8013845483069,1.6499956684685124,3.489292716341045,z4c_spatial_or_other
2584,11.191875184553261,8.4946825598707112e-05,0.001238636831204361,1.2742023839806066e-05,2253.6340780038386,1.6499974828532209,3.489292716341045,z4c_spatial_or_other
2585,11.191887926577101,8.4854573488849275e-05,0.0012255460951187407,1.272818602332739e-05,2277.7063908007312,1.6499992952326721,3.489292716341045,z4c_spatial_or_other
2586,11.191900654763124,8.4763523712024202e-05,0.0012126021006292778,1.271452855680363e-05,2302.0199054778368,1.6500011056331305,3.489292716341045,z4c_spatial_or_other
2587,11.191913369291681,8.4673648719212728e-05,0.0011998035433810272,1.2701047307881908e-05,2326.576036945698,1.6500029140802823,3.489292716341045,z4c_spatial_or_other
2588,11.191926070338988,8.4584920573371657e-05,0.0011871492073423687,1.2687738086005748e-05,2351.3760155911041,1.650004720599227,3.489292716341045,z4c_spatial_or_other
2589,11.191938758077075,8.449731105078783e-05,0.0011746379629172716,1.2674596657618174e-05,2376.420872811033,1.6500065252144651,3.489292716341045,z4c_spatial_or_other
2590,11.191951432673733,8.4410791724196348e-05,0.0011622687635130613,1.2661618758629452e-05,2401.7114291495513,1.6500083279498967,3.489292716341045,z4c_spatial_or_other
2591,11.191964094292491,8.4325334028421679e-05,0.0011500406407292804,1.2648800104263252e-05,2427.2482851585937,1.6500101288288131,3.489292716341045,z4c_spatial_or_other
2592,11.191976743092596,8.4240909309468508e-05,0.0011379526983491875,1.2636136396420275e-05,2453.0318150502494,1.6500119278738963,3.489292716341045,z4c_spatial_or_other
2593,11.191989379228993,8.4157488858181963e-05,0.0011260041053266095,1.2623623328727293e-05,2479.0621631553918,1.6500137251072167,3.489292716341045,z4c_spatial_or_other
2594,11.192002002852321,8.4075043929811554e-05,0.0011141940879672266,1.2611256589471733e-05,2505.3392431525313,1.6500155205502305,3.489292716341045,z4c_spatial_or_other
2595,11.192014614108912,8.3993545751040449e-05,0.0011025219215050916,1.2599031862656067e-05,2531.8627399826669,1.6500173142237817,3.489292716341045,z4c_spatial_or_other
2596,11.192027213140774,8.3912965516272123e-05,0.0010909869212725174,1.2586944827440818e-05,2558.6321143217119,1.6500191061480984,3.489292716341045,z4c_spatial_or_other
2597,11.192039800085601,8.3833274375185544e-05,0.0010795884336547322,1.2574991156277831e-05,2585.6466094426287,1.6500208963427947,3.489292716341045,z4c_spatial_or_other
2598,11.192052375076758,8.3754443413764458e-05,0.0010683258270103965,1.2563166512064668e-05,2612.9052602653883,1.6500226848268686,3.489292716341045,z4c_spatial_or_other
2599,11.19206493824327,8.3676443631161283e-05,0.0010571984827256597,1.2551466544674191e-05,2640.4069043648133,1.6500244716187005,3.489292716341045,z4c_spatial_or_other
2600,11.192077489709815,8.3599245914857281e-05,0.0010462057865534831,1.2539886887228593e-05,2668.1501946846051,1.650026256736052,3.489292716341045,z4c_spatial_or_other
2601,11.192090029596702,8.3522821016616215e-05,0.0010353471203720871,1.2528423152492432e-05,2696.1336136904883,1.6500280401960621,3.489292716341045,z4c_spatial_or_other
2602,11.192102558019855,8.34471395316902e-05,0.0010246218544771102,1.251707092975353e-05,2724.3554886864813,1.6500298220152472,3.489292716341045,z4c_spatial_or_other
2603,11.192115075090785,8.3372171883617339e-05,0.0010140293405020615,1.2505825782542601e-05,2752.8140080155417,1.6500316022094943,3.489292716341045,z4c_spatial_or_other
2604,11.192127580916567,8.3297888316748406e-05,0.0010035689050413563,1.2494683247512261e-05,2781.5072378690365,1.6500333807940604,3.489292716341045,z4c_spatial_or_other
2605,11.192140075599815,8.3224258898361355e-05,0.00099323984403021674,1.2483638834754203e-05,2810.4331394380852,1.6500351577835666,3.489292716341045,z4c_spatial_or_other
2606,11.19215255923865,8.3151253531867867e-05,0.00098304141791635716,1.247268802978018e-05,2839.5895861534773,1.6500369331919951,3.489292716341045,z4c_spatial_or_other
2607,11.192165031926679,8.3078841982203489e-05,0.00097297284764010211,1.2461826297330522e-05,2868.9743807787881,1.6500387070326858,3.489292716341045,z4c_spatial_or_other
2608,11.192177493752977,8.3006993914032319e-05,0.00096303331142260523,1.2451049087104847e-05,2898.5852721431761,1.6500404793183332,3.489292716341045,z4c_spatial_or_other
2609,11.192189944802065,8.2935678942905929e-05,0.00095322194234645063,1.2440351841435889e-05,2928.4199713252965,1.650042250060985,3.489292716341045,z4c_spatial_or_other
2610,11.192202385153907,8.2864241649324965e-05,0.00094353782669923559,1.2429636247398744e-05,2958.4761671273627,1.6500440192720394,3.489292716341045,z4c_spatial_or_other
2611,11.192214814790155,8.2771737681096516e-05,0.00093398007470197556,1.2415760652164477e-05,2988.7513113848358,1.6500457869489136,3.489292716341045,z4c_spatial_or_other
2612,11.192227230550808,8.26798495217098e-05,0.00092455011342349011,1.240197742825647e-05,3019.235120459306,1.6500475526422389,3.489292716341045,z4c_spatial_or_other
2613,11.192239632528237,8.2588696285370862e-05,0.00091524677335861498,1.2388304442805629e-05,3049.9251724530118,1.6500493163651866,3.489292716341045,z4c_spatial_or_other
2614,11.192252020832679,8.2498267523916616e-05,0.00090606882420678995,1.2374740128587492e-05,3080.8191370192799,1.6500510781334665,3.489292716341045,z4c_spatial_or_other
2615,11.192264395572808,8.2408550556340631e-05,0.00089701499155274487,1.2361282583451094e-05,3111.9147387278631,1.6500528379625674,3.489292716341045,z4c_spatial_or_other
2616,11.192276756855392,8.231953404754399e-05,0.00088808395914260888,1.2347930107131598e-05,3143.2097656259848,1.6500545958677064,3.489292716341045,z4c_spatial_or_other
2617,11.1922891047855,8.2231207925445137e-05,0.00087927437107681737,1.233468118881677e-05,3174.7020780945336,1.6500563518638574,3.489292716341045,z4c_spatial_or_other
2618,11.192301439466689,8.2143563275146038e-05,0.00087058483426093809,1.2321534491271905e-05,3206.3896167483285,1.6500581059657802,3.489292716341045,z4c_spatial_or_other
2619,11.192313761001181,8.2056592212059179e-05,0.00086201392103961493,1.2308488831808876e-05,3238.2704094920905,1.6500598581880441,3.489292716341045,z4c_spatial_or_other
2620,11.192326069490013,8.1970287736206433e-05,0.00085356017194113825,1.2295543160430965e-05,3270.342577869641,1.6500616085450492,3.489292716341045,z4c_spatial_or_other
2621,11.192338365033173,8.1884643570122166e-05,0.00084522209846352408,1.2282696535518325e-05,3302.6043428670505,1.6500633570510459,3.489292716341045,z4c_spatial_or_other
2622,11.192350647729709,8.179965398293479e-05,0.00083699818583735303,1.2269948097440218e-05,3335.0540303503985,1.650065103720151,3.489292716341045,z4c_spatial_or_other
2623,11.192362917677807,8.1715313603274723e-05,0.00082888689570589913,1.2257297040491208e-05,3367.6900763349463,1.6500668485663585,3.489292716341045,z4c_spatial_or_other
2624,11.192375174974847,8.1631617223667391e-05,0.00082088666866909606,1.2244742583550108e-05,3400.5110322946161,1.6500685916035471,3.489292716341045,z4c_spatial_or_other
2625,11.192387419717431,8.1548559599032246e-05,0.00081299592664463944,1.2232283939854836e-05,3433.5155707280342,1.6500703328454844,3.489292716341045,z4c_spatial_or_other
2626,11.19239965200137,8.1466135241832689e-05,0.00080521307500678002,1.2219920286274903e-05,3466.7024912000243,1.6500720723058255,3.489292716341045,z4c_spatial_or_other
2627,11.192411871921657,8.1384338216318605e-05,0.00079753650447108367,1.220765073244779e-05,3500.0707270748453,1.6500738099981087,3.489292716341045,z4c_spatial_or_other
2628,11.192424079572389,8.1303161934181251e-05,0.00078996459270144705,1.2195474290127188e-05,3533.6193531496783,1.6500755459357448,3.489292716341045,z4c_spatial_or_other
2629,11.192436275046679,8.122259895380954e-05,0.00078249570562382003,1.2183389843071431e-05,3567.3475943838612,1.6500772801320036,3.489292716341045,z4c_spatial_or_other
2630,11.192448458436523,8.1142640785198723e-05,0.0007751281984392811,1.2171396117779808e-05,3601.2548359011876,1.6500790125999971,3.489292716341045,z4c_spatial_or_other
2631,11.192460629832642,8.1063277702425135e-05,0.00076786041633714009,1.215949165536377e-05,3635.3406344197033,1.650080743352653,3.489292716341045,z4c_spatial_or_other
2632,11.192472789324297,8.0984498565460735e-05,0.00076067193804282417,1.214767478481911e-05,3669.6952174350945,1.6500824724026948,3.489292716341045,z4c_spatial_or_other
2633,11.192484936999081,4.1154870332078223e-05,0.00075339704062985576,6.1732305498117331e-06,3705.130260054033,1.6500841997626059,3.489292716341045,z4c_spatial_or_other
2634,11.19249111022963,4.1143057518051773e-05,0.00075210117566314497,6.1714586277077656e-06,3711.5141730918904,1.6500850775721914,3.489292716341045,z4c_spatial_or_other
2635,11.192497281688258,4.1133671725399649e-05,0.00075064868332648104,6.1700507588099472e-06,3718.6958894041682,1.6500859551272884,3.489292716341045,z4c_spatial_or_other
2636,11.192503451739016,4.1103052313099303e-05,0.00074903806211424121,6.1654578469648953e-06,3726.6920257612951,1.6500868324796643,3.489292716341045,z4c_spatial_or_other
2637,11.192509617196864,4.1073998552551943e-05,0.00074727325909211193,6.1610997828827909e-06,3735.4931935664954,1.650087709176425,3.489292716341045,z4c_spatial_or_other
2638,11.192515778296647,4.1047099711770018e-05,0.00074535758507482278,6.1570649567655029e-06,3745.0939374188001,1.6500885852509712,3.489292716341045,z4c_spatial_or_other
2639,11.192521935361604,4.1022875856543238e-05,0.00074328985199224352,6.1534313784814852e-06,3755.5122884981429,1.6500894607492693,3.489292716341045,z4c_spatial_or_other
2640,11.192528088792983,4.1001756136707036e-05,0.00073486564766429212,6.1502634205060548e-06,3798.5639714486206,1.6500903357283796,3.489292716341045,z4c_spatial_or_other
2641,11.192534239056403,4.0984066288624213e-05,0.00072547638082431183,6.147609943293632e-06,3847.7257797160955,1.6500912102545147,3.489292716341045,z4c_spatial_or_other
2642,11.192540386666346,4.0970024172472986e-05,0.00071608871290996916,6.1455036258709479e-06,3898.1680939073699,1.6500920844008333,3.489292716341045,z4c_spatial_or_other
2643,11.192546532169972,4.0959741588025931e-05,0.00070682116593523197,6.1439612382038895e-06,3949.2792627104536,1.6500929582451407,3.489292716341045,z4c_spatial_or_other
2644,11.192552676131211,4.0953230335904835e-05,0.00069779005751729052,6.1429845503857248e-06,4000.3925865677261,1.6500938318676257,3.489292716341045,z4c_spatial_or_other
2645,11.192558819115762,4.0950410499703151e-05,0.00068910745454055309,6.1425615749554727e-06,4050.7966568638594,1.6500947053487283,3.489292716341045,z4c_spatial_or_other
2646,11.192564961677338,4.0951119175391081e-05,0.0006808795994121123,6.1426678763086618e-06,4099.7471145897562,1.6500955787671823,3.489292716341045,z4c_spatial_or_other
2647,11.192571104345214,4.0955118305233248e-05,0.00067320579282401549,6.1432677457849873e-06,4146.4797285286468,1.650096452198246,3.489292716341045,z4c_spatial_or_other
2648,11.192577247612959,3.9760400581976409e-05,0.00066617767396824981,5.9640600872964615e-06,4190.2247435657482,1.650097325712101,3.489292716341045,z4c_spatial_or_other
2649,11.192583211673046,3.9710283816245649e-05,0.00066008095412794967,5.9565425724368474e-06,4228.9270060225772,1.6500981737419451,3.489292716341045,z4c_spatial_or_other
2650,11.192589168215619,3.9674711027495514e-05,0.00065480269246871844,5.9512066541243272e-06,4263.0157224134964,1.6500990207005166,3.489292716341045,z4c_spatial_or_other
2651,11.192595119422274,3.965286003639529e-05,0.00065038131640247757,5.9479290054592929e-06,4291.9962530802532,1.6500998668980236,3.489292716341045,z4c_spatial_or_other
2652,11.19260106735128,3.9643817250193964e-05,0.00064682696346754509,5.9465725875290946e-06,4315.581029752323,1.6501007126271345,3.489292716341045,z4c_spatial_or_other
2653,11.192607013923867,1.9823319110089715e-05,0.00064412784147644731,2.9734978665134571e-06,4333.6648306870393,1.6501015581610299,3.489292716341045,z4c_spatial_or_other
2654,11.192609987421733,1.9825062806368437e-05,0.00060776554429843132,2.9737594209552655e-06,4592.9457489978358,1.65010198095718,3.489292716341045,z4c_spatial_or_other
2655,11.192612961181155,1.9828429332442672e-05,0.00060394367938438297,2.9742643998664005e-06,4622.0107409986058,1.6501024037899332,3.489292716341045,z4c_spatial_or_other
2656,11.192615935445554,1.98333895736523e-05,0.00059986528996740934,2.9750084360478451e-06,4653.4350624362596,1.6501028266939006,3.489292716341045,z4c_spatial_or_other
2657,11.192618910453991,1.9839914166489345e-05,0.00059552832314460917,2.9759871249734016e-06,4687.323951836639,1.6501032497030739,3.489292716341045,z4c_spatial_or_other
2658,11.192621886441115,1.9847972168650945e-05,0.00059092862495452921,2.9771958252976415e-06,4723.8093657886884,1.6501036728508161,3.489292716341045,z4c_spatial_or_other
2659,11.19262486363694,1.9857529926697287e-05,0.00058606465984428215,2.9786294890045929e-06,4763.0139886177794,1.6501040961698323,3.489292716341045,z4c_spatial_or_other
2660,11.192627842266429,1.0134328429133866e-05,0.00057841091783398212,1.52014926437008e-06,4826.0399086623829,1.6501045196921076,3.489292716341045,z4c_spatial_or_other
2661,11.192629362415694,1.0127733000951918e-05,0.00057410826463146446,1.5191599501427875e-06,4862.2086547817471,1.6501047358372851,3.489292716341045,z4c_spatial_or_other
2662,11.192630881575644,1.0121200616566299e-05,0.00056972918451368324,1.5181800924849449e-06,4899.5807989994128,1.6501049518416415,3.489292716341045,z4c_spatial_or_other
2663,11.192632399755736,9.9440658738859528e-06,0.00056527546818733901,1.491609881082893e-06,4938.1838239400149,1.6501051677065226,3.489292716341045,z4c_spatial_or_other
2664,11.192633891365617,9.9476079945538421e-06,0.00056082215725918364,1.4921411991830764e-06,4977.3963759116896,1.6501053797933261,3.489292716341045,z4c_spatial_or_other
2665,11.192635383506817,9.9513220444027284e-06,0.00055628951204829121,1.4926983066604093e-06,5017.9521860741343,1.6501055919555279,3.489292716341045,z4c_spatial_or_other
2666,11.192636876205123,9.9552052120373354e-06,0.00055167893055487068,1.4932807818056003e-06,5059.8890377510925,1.6501058041967955,3.489292716341045,z4c_spatial_or_other
2667,11.192638369485906,9.959254244315475e-06,0.00054699201046840159,1.4938881366473212e-06,5103.2448731426048,1.6501060165207351,3.489292716341045,z4c_spatial_or_other
2668,11.192639863374042,9.9634654454453516e-06,0.00054223059406054304,1.4945198168168027e-06,5148.0573092877848,1.6501062289308834,3.489292716341045,z4c_spatial_or_other
2669,11.192641357893859,9.9678346984308399e-06,0.00053739681186129053,1.4951752047646259e-06,5194.3631064810697,1.6501064414307003,3.489292716341045,z4c_spatial_or_other
2670,11.192642853069064,9.972357507764375e-06,0.00053217423340747483,1.4958536261646563e-06,5245.3388342375692,1.6501066540235554,3.489292716341045,z4c_spatial_or_other
2671,11.192644348922689,9.9765960698865161e-06,0.00052615151979058643,1.4964894104829775e-06,5305.3808039628111,1.6501068667127239,3.489292716341045,z4c_spatial_or_other
2672,11.1926458454121,9.9803446052292544e-06,0.00052016446466627284,1.4970516907843882e-06,5366.4453508252718,1.6501070794921433,3.489292716341045,z4c_spatial_or_other
2673,11.192647342463792,9.9842129803968562e-06,0.00051421861841480883,1.4976319470595284e-06,5428.4968943326894,1.6501072923513622,3.489292716341045,z4c_spatial_or_other
2674,11.192648840095739,9.9877819424956856e-06,0.00050831831189505168,1.4981672913743527e-06,5491.5081903426708,1.6501075052929364,3.489292716341045,z4c_spatial_or_other
2675,11.19265033826303,9.9905831622148129e-06,0.00050246733259200031,1.4985874743322218e-06,5555.4540405106491,1.6501077183104793,3.489292716341045,z4c_spatial_or_other
2676,11.192651836850505,9.9928251160701889e-06,0.00049666901172306516,1.4989237674105284e-06,5620.3107244172024,1.650107931387617,3.489292716341045,z4c_spatial_or_other
2677,11.192653335774272,9.994527606451783e-06,0.00049092589961097243,1.4991791409677674e-06,5686.060106596271,1.6501081445124217,3.489292716341045,z4c_spatial_or_other
2678,11.192654834953414,9.9951471525517269e-06,0.00048523995851413801,1.499272072882759e-06,5752.6881784850057,1.6501083576733879,3.489292716341045,z4c_spatial_or_other
2679,11.192656334225488,9.995628646672238e-06,0.00047961133232327547,1.4993442970008357e-06,5820.2006185944501,1.6501085708474181,3.489292716341045,z4c_spatial_or_other
2680,11.192657833569784,9.9961778733645975e-06,0.00047404160470417028,1.4994266810046895e-06,5888.5847684505552,1.6501087840315682,3.489292716341045,z4c_spatial_or_other
2681,11.192659332996465,9.9958255449897228e-06,0.00046853195141926271,1.4993738317484585e-06,5957.8309752773721,1.6501089972272827,3.489292716341045,z4c_spatial_or_other
2682,11.192660832370297,9.9951433215796748e-06,0.00046308304582617666,1.4992714982369513e-06,6027.9342943611719,1.6501092104153334,3.489292716341045,z4c_spatial_or_other
2683,11.192662331641795,9.9928434537113275e-06,0.00045769508960435051,1.4989265180566991e-06,6098.8947368560603,1.6501094235886848,3.489292716341045,z4c_spatial_or_other
2684,11.192663830568314,9.9865394486281291e-06,0.00045236889365494153,1.4979809172942192e-06,6170.7031854451288,1.6501096367128358,3.489292716341045,z4c_spatial_or_other
2685,11.192665328549232,9.9802359422894836e-06,0.0004471064847564095,1.4970353913434225e-06,6243.3318867957205,1.6501098497023885,3.489292716341045,z4c_spatial_or_other
2686,11.192666825584624,9.9739359610125469e-06,0.00044190778333661596,1.496090394151882e-06,6316.7798312945924,1.650110062557353,3.489292716341045,z4c_spatial_or_other
2687,11.192668321675018,9.9676400001614584e-06,0.00043677282063014162,1.4951460000242187e-06,6391.0436758532123,1.6501102752778054,3.489292716341045,z4c_spatial_or_other
2688,11.192669816821018,9.9613489077655707e-06,0.00043170177510714231,1.4942023361648356e-06,6466.1169678536571,1.6501104878638311,3.489292716341045,z4c_spatial_or_other
2689,11.192671311023355,9.955063718472517e-06,0.00042669239799817559,1.4932595577708776e-06,6542.0293076905755,1.6501107003155346,3.489292716341045,z4c_spatial_or_other
2690,11.192672804282912,9.9487854934660224e-06,0.00042174774172032843,1.4923178240199033e-06,6618.7293894839795,1.6501109126330415,3.489292716341045,z4c_spatial_or_other
2691,11.192674296600737,4.9711528957107943e-06,0.00041292189173154772,7.4567293435661917e-07,6760.1990327207623,1.650111124816501,3.489292716341045,z4c_spatial_or_other
2692,11.192675042273672,4.9694216377160713e-06,0.00041031305764342539,7.4541324565741072e-07,6803.1814271401472,1.6501112308390775,3.489292716341045,z4c_spatial_or_other
2693,11.192675787686918,4.9676927224416874e-06,0.00040771750195342011,7.4515390836625309e-07,6846.4909151526808,1.6501113368246929,3.489292716341045,z4c_spatial_or_other
2694,11.192676532840826,4.9659661140721156e-06,0.00040513563752787418,7.4489491711081736e-07,6890.1225034314084,1.6501114427733987,3.489292716341045,z4c_spatial_or_other
2695,11.192677277735744,4.9642417932217136e-06,0.00040256787572197876,7.4463626898325701e-07,6934.0708521925262,1.6501115486852429,3.489292716341045,z4c_spatial_or_other
2696,11.192678022372013,4.9625197555083664e-06,0.00040001463198023818,7.4437796332625498e-07,6978.3301657093898,1.650111654560275,3.489292716341045,z4c_spatial_or_other
2697,11.192678766749976,4.9608000087950082e-06,0.00039747633003290868,7.4412000131925119e-07,7022.8940999875949,1.6501117603985433,3.489292716341045,z4c_spatial_or_other
2698,11.192679510869977,4.9590825694122859e-06,0.00039495340457442352,7.4386238541184289e-07,7067.7556915370988,1.6501118662000973,3.489292716341045,z4c_spatial_or_other
2699,11.192680254732362,4.9573674577453146e-06,0.00039244630237803349,7.4360511866179722e-07,7112.9073102692128,1.6501119719649857,3.489292716341045,z4c_spatial_or_other
2700,11.192680998337481,4.9556546936007646e-06,0.00038995548186285852,7.4334820404011463e-07,7158.3406386233128,1.6501120776932581,3.489292716341045,z4c_spatial_or_other
2701,11.192681741685686,4.9539442917666427e-06,0.00038748141118370559,7.4309164376499643e-07,7204.0466781241612,1.6501121833849652,3.489292716341045,z4c_spatial_or_other
2702,11.192682484777329,4.9522362581396823e-06,0.00038502456495926511,7.4283543872095233e-07,7250.0157837154229,1.6501122890401565,3.489292716341045,z4c_spatial_or_other
2703,11.192683227612768,4.9505305867296749e-06,0.00038258541979024657,7.4257958800945126e-07,7296.2377254293879,1.6501123946588834,3.489292716341045,z4c_spatial_or_other
2704,11.192683970192356,4.9488271962230576e-06,0.00038016395631662619,7.4232407943345859e-07,7342.7112873055794,1.6501125002411958,3.489292716341045,z4c_spatial_or_other
2705,11.192684712516435,4.9471254893692251e-06,0.00037776110370218617,7.4206882340538377e-07,7389.4166067280094,1.6501126057871427,3.489292716341045,z4c_spatial_or_other
2706,11.192685454585259,4.9454260552685843e-06,0.00037537733234332932,7.418139082902876e-07,7436.3418687192388,1.6501127112967602,3.489292716341045,z4c_spatial_or_other
2707,11.192686196399167,4.9437288343369209e-06,0.00037301306506151325,7.4155932515053815e-07,7483.4756059080755,1.6501128167700965,3.489292716341045,z4c_spatial_or_other
2708,11.192686937958493,4.9420337577104114e-06,0.00037066869283289224,7.4130506365656165e-07,7530.8064237604567,1.6501129222071984,3.489292716341045,z4c_spatial_or_other
2709,11.192687679263557,4.9403407508818212e-06,0.00036834456714315129,7.4105111263227314e-07,7578.3231845197533,1.6501130276081126,3.489292716341045,z4c_spatial_or_other
2710,11.192688420314669,4.9386497379183666e-06,0.00036604099251420368,7.4079746068775493e-07,7626.0152009191124,1.6501131329728824,3.489292716341045,z4c_spatial_or_other
2711,11.19268916111213,4.9369197663550457e-06,0.00036375821937949552,7.4053796495325682e-07,7673.872436022225,1.6501132383015511,3.489292716341045,z4c_spatial_or_other
2712,11.192689901650095,4.9350770440682909e-06,0.00036149645611518967,7.4026155661024364e-07,7721.8853071781014,1.6501133435932873,3.489292716341045,z4c_spatial_or_other
2713,11.192690641911652,4.9332396350656615e-06,0.00035925587708879038,7.3998594525984923e-07,7770.0445590286918,1.650113448845687,3.489292716341045,z4c_spatial_or_other
2714,11.192691381897596,4.9314078038356348e-06,0.00035703652962931867,7.3971117057534518e-07,7818.3433386240622,1.6501135540588634,3.489292716341045,z4c_spatial_or_other
2715,11.192692121608767,4.9295818410197459e-06,0.00035483787106426433,7.3943727615296184e-07,7866.7876252906572,1.6501136592329351,3.489292716341045,z4c_spatial_or_other
2716,11.192692861046043,4.9277620646413311e-06,0.00035266031304127181,7.3916430969619964e-07,7915.3623751991481,1.650113764368027,3.489292716341045,z4c_spatial_or_other
2717,11.192693600210353,4.9259488213902472e-06,0.0003505036669503792,7.3889232320853711e-07,7964.0655327809154,1.6501138694642721,3.489292716341045,z4c_spatial_or_other
2718,11.192694339102676,4.9241424878776672e-06,0.00034836766182396367,7.3862137318165006e-07,8012.8969447324798,1.6501139745218085,3.489292716341045,z4c_spatial_or_other
2719,11.19269507772405,4.9223434717808849e-06,0.00034625194470606089,7.3835152076713275e-07,8061.8584696832004,1.6501140795407845,3.489292716341045,z4c_spatial_or_other
2720,11.19269581607557,4.9205521999504293e-06,0.00034415608232332836,7.3808282999256437e-07,8110.9540596476654,1.6501141845213563,3.489292716341045,z4c_spatial_or_other
2721,11.192696554158401,4.9187688914120851e-06,0.00034207956408941717,7.378153337118127e-07,8160.1898099448445,1.6501142894636884,3.489292716341045,z4c_spatial_or_other
2722,11.192697291973735,4.916994345309e-06,0.00034002180653779724,7.3754915179635002e-07,8209.5739726108914,1.6501143943679515,3.489292716341045,z4c_spatial_or_other
2723,11.192698029522887,4.9152291012451114e-06,0.00033798215874140247,7.3728436518676669e-07,8259.1169411655937,1.6501144992343322,3.489292716341045,z4c_spatial_or_other
2724,11.192698766807252,4.913473732240319e-06,0.00033595990936352826,7.3702105983604782e-07,8308.831188700975,1.6501146040630286,3.489292716341045,z4c_spatial_or_other
2725,11.192699503828312,4.9117288444728493e-06,0.0003339542947911196,7.3675932667092742e-07,8358.7311695416629,1.6501147088542516,3.489292716341045,z4c_spatial_or_other
2726,11.192700240587639,4.9099950768381797e-06,0.00033196431629666336,7.3649926152572691e-07,8408.8380468527284,1.6501148136082249,3.489292716341045,z4c_spatial_or_other
2727,11.192700977086901,4.9082731003714904e-06,0.00032998905772401479,7.3624096505572353e-07,8459.1719262626048,1.6501149183251853,3.489292716341045,z4c_spatial_or_other
2728,11.192701713327866,4.9065636175815392e-06,0.00032802792959909274,7.359845426372309e-07,8509.7454246790967,1.6501150230053847,3.489292716341045,z4c_spatial_or_other
2729,11.192702449312408,4.9048673617396799e-06,0.00032608006011539185,7.3573010426095194e-07,8560.5791782699471,1.6501151276490895,3.489292716341045,z4c_spatial_or_other
2730,11.192703185042513,4.903185096159116e-06,0.00032414457962317531,7.3547776442386736e-07,8611.6947453446101,1.6501152322565822,3.489292716341045,z4c_spatial_or_other
2731,11.192703920520277,4.9015176134876189e-06,0.00032222063305797709,7.3522764202314282e-07,8663.1142971237787,1.6501153368281603,3.489292716341045,z4c_spatial_or_other
2732,11.192704655747919,4.8998657350234046e-06,0.00032030739236108344,7.3497986025351066e-07,8714.8602862279386,1.6501154413641399,3.489292716341045,z4c_spatial_or_other
2733,11.192705390727779,4.8982303100500342e-06,0.00031840406864184969,7.3473454650750507e-07,8766.9550988455612,1.6501155458648535,3.489292716341045,z4c_spatial_or_other
2734,11.192706125462326,4.8966122151737694e-06,0.00031650992382771309,7.3449183227606544e-07,8819.4206971921267,1.650115650330652,3.489292716341045,z4c_spatial_or_other
2735,11.192706859954159,4.8950123536368612e-06,0.00031462428155077098,7.3425185304552913e-07,8872.2782593700795,1.6501157547619052,3.489292716341045,z4c_spatial_or_other
2736,11.192707594206011,4.8934316545739269e-06,0.00031274653703014526,7.3401474818608902e-07,8925.5478240635912,1.6501158591590022,3.489292716341045,z4c_spatial_or_other
2737,11.192708328220759,4.8918710721764622e-06,0.00031087616572703059,7.3378066082646933e-07,8979.2479476342232,1.650115963522351,3.489292716341045,z4c_spatial_or_other
2738,11.19270906200142,4.890331584732729e-06,0.00030901266067309328,7.3354973770990938e-07,9033.3974245343779,1.6501160678523819,3.489292716341045,z4c_spatial_or_other
2739,11.192709795551158,4.8888141935167551e-06,0.00030715534826890138,7.3332212902751327e-07,9088.020732196579,1.6501161721495439,3.489292716341045,z4c_spatial_or_other
2740,11.192710528873286,4.8873199215101471e-06,0.00030530437803202046,7.3309798822652205e-07,9143.1187166928521,1.6501162764143078,3.489292716341045,z4c_spatial_or_other
2741,11.192711261971274,4.8858496834057523e-06,0.00030345960208380112,7.3287745251086278e-07,9198.7010920220437,1.6501163806471677,3.489292716341045,z4c_spatial_or_other
2742,11.192711994848727,4.8844044699583545e-06,0.00030162097205723001,7.3266067049375313e-07,9254.7748057226781,1.6501164848486358,3.489292716341045,z4c_spatial_or_other
2743,11.192712727509397,4.8829855312605929e-06,0.00029978853746206118,7.3244782968908887e-07,9311.3439116267,1.6501165890192462,3.489292716341045,z4c_spatial_or_other
2744,11.192713459957227,4.8815939614949675e-06,0.00029796244217061043,7.3223909422424508e-07,9368.4094973100255,1.6501166931595588,3.489292716341045,z4c_spatial_or_other
2745,11.192714192196322,4.8802308680631125e-06,0.00029614291933998689,7.3203463020946689e-07,9425.9696611828494,1.6501167972701576,3.489292716341045,z4c_spatial_or_other
2746,11.192714924230952,4.8788973697154244e-06,0.00029433028468312184,7.318346054573136e-07,9484.0195465380493,1.6501169013516497,3.489292716341045,z4c_spatial_or_other
2747,11.192715656065557,4.8775945947591552e-06,0.00029252492832237541,7.3163918921387325e-07,9542.5514299983079,1.6501170054046668,3.489292716341045,z4c_spatial_or_other
2748,11.192716387704746,4.8763236794100718e-06,0.00029072730542564128,7.3144855191151072e-07,9601.554862506011,1.6501171094298634,3.489292716341045,z4c_spatial_or_other
2749,11.192717119153297,4.87508576634936e-06,0.00028893792584901395,7.3126286495240402e-07,9661.0168598341606,1.6501172134279201,3.489292716341045,z4c_spatial_or_other
2750,11.192717850416162,4.8738820035401225e-06,0.00028715703242122409,7.3108230053101833e-07,9720.9326532464838,1.6501173173995398,3.489292716341045,z4c_spatial_or_other
2751,11.192718581498463,4.8727135433468359e-06,0.00028538533678204629,7.3090703150202536e-07,9781.2810025509571,1.6501174213454508,3.489292716341045,z4c_spatial_or_other
2752,11.192719312405494,4.8715815419875201e-06,0.00028362362988013643,7.3073723129812797e-07,9842.0366957877868,1.6501175252664069,3.489292716341045,z4c_spatial_or_other
2753,11.192720043142725,4.8703686317926952e-06,0.00028187252601570708,7.305552947689043e-07,9903.1793290747537,1.6501176291631849,3.489292716341045,z4c_spatial_or_other
2754,11.192720773698019,4.8690531470335866e-06,0.00028013267827079228,7.3035797205503802e-07,9964.6859848834774,1.65011773303406,3.489292716341045,z4c_spatial_or_other
2755,11.19272150405599,4.8677626583894362e-06,0.00027840473203675034,7.3016439875841545e-07,10026.532784307552,1.6501178368768441,3.489292716341045,z4c_spatial_or_other
2756,11.192722234220389,4.8664982603892692e-06,0.00027668926162935375,7.2997473905839038e-07,10088.69717832481,1.6501179406920701,3.489292716341045,z4c_spatial_or_other
2757,11.192722964195127,4.8652610646789588e-06,0.00027498680614744552,7.2978915970184382e-07,10151.15674886632,1.6501180444802948,3.489292716341045,z4c_spatial_or_other
2758,11.192723693984286,4.8640521996350287e-06,0.00027329786069247593,7.2960782994525425e-07,10213.889585523881,1.6501181482420983,3.489292716341045,z4c_spatial_or_other
2759,11.192724423592116,4.862872809890282e-06,0.00027162286866410035,7.294309214835423e-07,10276.874649037136,1.6501182519780848,3.489292716341045,z4c_spatial_or_other
2760,11.192725153023037,4.8617240557735724e-06,0.00026996221521368075,7.292586083660358e-07,10340.092115718333,1.6501183556888834,3.489292716341045,z4c_spatial_or_other
2761,11.192725882281646,4.8606071126743154e-06,0.00026831614081555436,7.2909106690114726e-07,10403.526841837373,1.6501184593751475,3.489292716341045,z4c_spatial_or_other
2762,11.192726611372713,4.8595231703492111e-06,0.00026668459868854622,7.2892847555238161e-07,10467.174283029659,1.6501185630375546,3.489292716341045,z4c_spatial_or_other
2763,11.192727340301188,4.858473432193749e-06,0.00026506815808512299,7.287710148290623e-07,10531.005282710743,1.6501186666768095,3.489292716341045,z4c_spatial_or_other
2764,11.192728069072203,4.8574591145039763e-06,0.00026346692997570892,7.2861886717559643e-07,10595.007780787519,1.6501187702936406,3.489292716341045,z4c_spatial_or_other
2765,11.192728797691069,4.8564814457547626e-06,0.00026188095259823991,7.2847221686321435e-07,10659.172213090527,1.6501188738888044,3.489292716341045,z4c_spatial_or_other
2766,11.192729526163287,4.8555416070057871e-06,0.0002603101921209811,7.2833124105086805e-07,10723.491655584106,1.6501189774630824,3.489292716341045,z4c_spatial_or_other
2767,11.192730254494528,4.8546401226682901e-06,0.00025875454438075189,7.2819601840024353e-07,10787.96192643983,1.650119081017281,3.489292716341045,z4c_spatial_or_other
2768,11.192730982690547,4.8537790185342244e-06,0.00025708340279043639,7.2806685278013365e-07,10858.087853101495,1.6501191845522185,3.489292716341045,z4c_spatial_or_other
2769,11.1927317107574,4.8529595663836441e-06,0.0002553278195844536,7.2794393495754658e-07,10932.745901390219,1.6501192880687559,3.489292716341045,z4c_spatial_or_other
2770,11.192732438701334,4.8521830475333173e-06,0.00025358164974746331,7.2782745712999755e-07,11008.029074078378,1.6501193915677814,3.489292716341045,z4c_spatial_or_other
2771,11.192733166528791,4.8514507525612162e-06,0.00025184533165876002,7.2771761288418241e-07,11083.922638896138,1.6501194950502112,3.489292716341045,z4c_spatial_or_other
2772,11.192733894246404,4.8507639811051607e-06,0.00025011930848190905,7.2761459716577413e-07,11160.410565723032,1.6501195985169883,3.489292716341045,z4c_spatial_or_other
2773,11.192734621861002,4.8501240417166125e-06,0.00024840402045481848,7.2751860625749184e-07,11237.475818474373,1.6501197019690834,3.489292716341045,z4c_spatial_or_other
2774,11.192735349379609,4.8493610557602811e-06,0.00024669989726997475,7.2740415836404212e-07,11315.100670747523,1.650119805407495,3.489292716341045,z4c_spatial_or_other
2775,11.192736076783767,4.8484044529949042e-06,0.00024500741021690341,7.2726066794923557e-07,11393.264271483047,1.6501199088295997,3.489292716341045,z4c_spatial_or_other
2776,11.192736804044435,4.84748411678764e-06,0.00024332702871291298,7.2712261751814602e-07,11471.944517788374,1.650120012231268,3.489292716341045,z4c_spatial_or_other
2777,11.192737531167053,4.8466012768762618e-06,0.00024165910965074912,7.2699019153143925e-07,11551.123303843486,1.6501201156132732,3.489292716341045,z4c_spatial_or_other
2778,11.192738258157243,4.8457571685849032e-06,0.00024000397194308903,7.2686357528773549e-07,11630.783234432285,1.6501202189764148,3.489292716341045,z4c_spatial_or_other
2779,11.192738985020819,4.8449530328838205e-06,0.00023836189109569976,7.2674295493257303e-07,11710.907982149316,1.6501203223215188,3.489292716341045,z4c_spatial_or_other
2780,11.192739711763775,4.8441893989144204e-06,0.00023673309447864795,7.2662840983716299e-07,11791.482636681407,1.6501204256494386,3.489292716341045,z4c_spatial_or_other
2781,11.192740438392184,4.8434678900261823e-06,0.00023511775758693803,7.2652018350392732e-07,11872.494029042724,1.650120528961037,3.489292716341045,z4c_spatial_or_other
2782,11.192741164912366,4.84279009316292e-06,0.00023351600048479568,7.26418513974438e-07,11953.931068010852,1.6501206322572131,3.489292716341045,z4c_spatial_or_other
2783,11.192741891330881,4.842157273712095e-06,0.00023192788545310465,7.2632359105681427e-07,12035.785035591412,1.6501207355388985,3.489292716341045,z4c_spatial_or_other
2784,11.192742617654472,4.8415707033198876e-06,0.00023035341555734741,7.2623560549798307e-07,12118.049851003392,1.650120838807053,3.489292716341045,z4c_spatial_or_other
2785,11.192743343890077,4.8410316600028968e-06,0.00022879253393428192,7.2615474900043452e-07,12200.722309735178,1.650120942062663,3.489292716341045,z4c_spatial_or_other
2786,11.192744070044826,4.8405414282258558e-06,0.00022724512389732163,7.2608121423387835e-07,12283.802288906832,1.6501210453067416,3.489292716341045,z4c_spatial_or_other
2787,11.192744796126041,4.8401012989280685e-06,0.00022571100983954324,7.2601519483921025e-07,12367.292916093247,1.6501211485403302,3.489292716341045,z4c_spatial_or_other
2788,11.192745522141236,4.8397125694794331e-06,0.00022418995890364178,7.2595688542191495e-07,12451.200699281148,1.6501212517644968,3.489292716341045,z4c_spatial_or_other
2789,11.192746248098121,4.8393761431123921e-06,0.0002226816833793499,7.2590642146685884e-07,12535.535616180348,1.6501213549803382,3.489292716341045,z4c_spatial_or_other
2790,11.192746974004542,4.8390929375669573e-06,0.00022118584390409758,7.2586394063504354e-07,12620.311154646744,1.65012145818897,3.489292716341045,z4c_spatial_or_other
2791,11.192747699868484,4.8387524622490826e-06,0.00021970205315811257,7.2581286933736241e-07,12705.54431762151,1.650121561391527,3.489292716341045,z4c_spatial_or_other
2792,11.192748425681353,4.838080153183778e-06,0.00021822991389348982,7.2571202297756663e-07,12791.253606209253,1.6501216645867873,3.489292716341045,z4c_spatial_or_other
2793,11.192749151393377,4.8374504333563399e-06,0.00021676907180376225,7.2561756500345099e-07,12877.45594814319,1.6501217677676747,3.489292716341045,z4c_spatial_or_other
2794,11.192749877010941,4.8368645220672545e-06,0.00021531902402908415,7.2552967831008813e-07,12964.178087189288,1.6501218709350973,3.489292716341045,z4c_spatial_or_other
2795,11.19275060254062,4.8363236472307933e-06,0.00021387923962441299,7.2544854708461901e-07,13051.449864768509,1.6501219740899888,3.489292716341045,z4c_spatial_or_other
2796,11.192751327989168,4.83582904560893e-06,0.00021244916539364463,7.2537435684133952e-07,13139.304020802434,1.6501220772333105,3.489292716341045,z4c_spatial_or_other
2797,11.192752053363524,4.8353812822400906e-06,0.00021102823189774462,7.2530719233601353e-07,13227.775961395761,1.6501221803660493,3.489292716341045,z4c_spatial_or_other
2798,11.192752778670716,4.8349816794652977e-06,0.00020961585974888891,7.2524725191979461e-07,13316.903484387385,1.6501222834892035,3.489292716341045,z4c_spatial_or_other
2799,11.192753503917968,4.8346321013287586e-06,0.00020821146548507743,7.2519481519931373e-07,13406.726505524255,1.6501223866038006,3.489292716341045,z4c_spatial_or_other
2800,11.192754229112783,4.8343338216311524e-06,0.00020681446742897225,7.2515007324467288e-07,13497.286760325498,1.6501224897109075,3.489292716341045,z4c_spatial_or_other
2801,11.192754954262856,4.8340881229769042e-06,0.00020542429170518676,7.2511321844653559e-07,13588.627469038294,1.6501225928116183,3.489292716341045,z4c_spatial_or_other
2802,11.192755679376075,4.8338962964099552e-06,0.00020404037782864687,7.2508444446149325e-07,13680.793001751266,1.6501226959070541,3.489292716341045,z4c_spatial_or_other
2803,11.192756404460519,4.833759640892491e-06,0.00020266218396300931,7.2506394613387359e-07,13773.82853814671,1.6501227989983636,3.489292716341045,z4c_spatial_or_other
2804,11.192757129524466,4.8336794626097073e-06,0.00020128919177699904,7.2505191939145609e-07,13867.779727415094,1.6501229020867241,3.489292716341045,z4c_spatial_or_other
2805,11.192757854576385,4.8336558629615206e-06,0.0001999209108333289,7.2504837944422812e-07,13962.692353877947,1.6501230051733395,3.489292716341045,z4c_spatial_or_other
2806,11.192758579624764,4.8336912155596982e-06,0.00019855688279414948,7.2505368233395466e-07,14058.611989627218,1.6501231082594168,3.489292716341045,z4c_spatial_or_other
2807,11.192759304678447,4.8333613527306046e-06,0.00019719668407064913,7.2500420290959071e-07,14155.583732192761,1.650123211346213,3.489292716341045,z4c_spatial_or_other
2808,11.192760029682649,4.832938955040206e-06,0.00019584004808809527,7.2494084325603092e-07,14253.643217127672,1.6501233144259395,3.489292716341045,z4c_spatial_or_other
2809,11.192760754623492,4.8325640094627734e-06,0.00019448667108500173,7.2488460141941596e-07,14352.830235100382,1.6501234174966226,3.489292716341045,z4c_spatial_or_other
2810,11.192761479508095,4.8322367442374915e-06,0.00019313625154429473,7.2483551163562368e-07,14453.186031896432,1.6501235205592746,3.489292716341045,z4c_spatial_or_other
2811,11.192762204343607,4.8319591506313046e-06,0.00019178853026018271,7.2479387259469562e-07,14554.750324672397,1.6501236236149124,3.489292716341045,z4c_spatial_or_other
2812,11.19276292913748,4.8317328776945251e-06,0.00019044328988177453,7.2475993165417874e-07,14657.5611816291,1.6501237266645954,3.489292716341045,z4c_spatial_or_other
2813,11.192763653897412,4.8315592377396739e-06,0.00018910035441637785,7.2473388566095105e-07,14761.654898469465,1.6501238297094167,3.489292716341045,z4c_spatial_or_other
2814,11.192764378631297,4.8314395512366602e-06,0.00018775958813286531,7.2471593268549901e-07,14867.065915683192,1.6501239327505006,3.489292716341045,z4c_spatial_or_other
2815,11.192765103347231,4.8313751459144889e-06,0.0001864208938150614,7.2470627188717332e-07,14973.826784899309,1.6501240357889975,3.489292716341045,z4c_spatial_or_other
2816,11.192765828053503,4.8313673556992133e-06,0.00018508421051496973,7.2470510335488193e-07,15081.968177112889,1.6501241388260859,3.489292716341045,z4c_spatial_or_other
2817,11.192766552758606,4.8314162360991588e-06,0.0001837495108671623,7.247124354148738e-07,15191.518931937961,1.6501242418629731,3.489292716341045,z4c_spatial_or_other
2818,11.192767277471042,4.8315242433663436e-06,0.00018241679838609863,7.2472863650495153e-07,15302.50611659437,1.6501243449008676,3.489292716341045,z4c_spatial_or_other
2819,11.192768002199678,4.8316928861203148e-06,0.00018108610344950537,7.2475393291804723e-07,15414.955205832284,1.6501244479410311,3.489292716341045,z4c_spatial_or_other
2820,11.192768726953611,4.8319235095515928e-06,0.00017975747998611106,7.2478852643273888e-07,15528.890220804809,1.6501245509847562,3.489292716341045,z4c_spatial_or_other
2821,11.192769451742137,4.832001531024687e-06,0.00017843100180206167,7.2480022965370299e-07,15644.333915523546,1.6501246540333645,3.489292716341045,z4c_spatial_or_other
2822,11.192770176542368,4.8317334130179484e-06,0.0001771068179164517,7.2476001195269229e-07,15761.302731946018,1.6501247570836022,3.489292716341045,z4c_spatial_or_other
2823,11.19277090130238,4.8315156823770332e-06,0.00017578514247681737,7.2472735235655495e-07,15879.807210902207,1.6501248601280873,3.489292716341045,z4c_spatial_or_other
2824,11.192771626029732,4.8313496569741636e-06,0.00017446608954535702,7.247024485461245e-07,15999.866680952518,1.6501249631678934,3.489292716341045,z4c_spatial_or_other
2825,11.192772350732181,4.8312366627879175e-06,0.00017314977813067791,7.2468549941818762e-07,16121.500144032021,1.6501250662041245,3.489292716341045,z4c_spatial_or_other
2826,11.19277307541768,4.8311780331413391e-06,0.00017183632884780009,7.2467670497120089e-07,16244.726547581695,1.6501251692379104,3.489292716341045,z4c_spatial_or_other
2827,11.192773800094384,4.8311740803682632e-06,0.00017052586084802298,7.2467611205523945e-07,16369.565057118429,1.6501252722704112,3.489292716341045,z4c_spatial_or_other
2828,11.192774524770497,4.831226720408551e-06,0.00016921848934112321,7.2468400806128266e-07,16496.035296980201,1.6501253753027929,3.489292716341045,z4c_spatial_or_other
2829,11.192775249454506,4.8313377537303676e-06,0.00016791432275583296,7.2470066305955509e-07,16624.157649326364,1.6501254783362622,3.489292716341045,z4c_spatial_or_other
2830,11.19277597415517,4.8315085324040621e-06,0.00016661346074526084,7.2472627986060925e-07,16753.953495634571,1.6501255813720648,3.489292716341045,z4c_spatial_or_other
2831,11.192776698881449,4.831740409152666e-06,0.00016531599267429471,7.2476106137289993e-07,16885.445430391694,1.650125684411474,3.489292716341045,z4c_spatial_or_other
2832,11.192777423642511,4.8320347353592885e-06,0.00016402199638528502,7.2480521030389327e-07,17018.657464184271,1.6501257874557944,3.489292716341045,z4c_spatial_or_other
2833,11.19277814844772,4.8323925331478433e-06,0.00016273153736258642,7.2485887997217651e-07,17153.615201539997,1.6501258905063567,3.489292716341045,z4c_spatial_or_other
2834,11.192778873306601,4.8328143080080353e-06,0.00016144466837210157,7.2492214620120528e-07,17290.345981813851,1.6501259935645138,3.489292716341045,z4c_spatial_or_other
2835,11.192779598228746,4.8328238477786151e-06,0.00016016142951832444,7.2492357716679224e-07,17428.878984583873,1.6501260966316318,3.489292716341045,z4c_spatial_or_other
2836,11.192780323152324,4.8327061829703704e-06,0.00015888197452578007,7.2490592744555558e-07,17569.231383261165,1.6501261996989181,3.489292716341045,z4c_spatial_or_other
2837,11.192781048058251,4.8326411907154987e-06,0.00015760636879356125,7.2489617860732479e-07,17711.430029386451,1.6501263027636601,3.489292716341045,z4c_spatial_or_other
2838,11.192781772954429,4.8326310045247906e-06,0.00015633461899144341,7.2489465067871861e-07,17855.508850701957,1.6501264058269816,3.489292716341045,z4c_spatial_or_other
2839,11.19278249784908,4.8326769683649075e-06,0.0001550667214277933,7.2490154525473609e-07,18001.50378734012,1.6501265088900501,3.489292716341045,z4c_spatial_or_other
2840,11.192783222750625,4.8327804293511364e-06,0.00015380266354797465,7.2491706440267046e-07,18149.452738197364,1.6501266119540643,3.489292716341045,z4c_spatial_or_other
2841,11.19278394766769,4.8329427363232006e-06,0.00015254242536588445,7.2494141044848003e-07,18299.395505069308,1.6501267150202501,3.489292716341045,z4c_spatial_or_other
2842,11.1927846726091,4.833164994895598e-06,0.00015128598099314002,7.2497474923433964e-07,18451.37371452423,1.6501268180898625,3.489292716341045,z4c_spatial_or_other
2843,11.192785397583849,4.8334475459916665e-06,0.00015003330028366975,7.2501713189874996e-07,18605.430713015299,1.6501269211641802,3.489292716341045,z4c_spatial_or_other
2844,11.192786122600982,4.8337929800599248e-06,0.00014878435062021047,7.2506894700898867e-07,18761.611429136792,1.6501270242444888,3.489292716341045,z4c_spatial_or_other
2845,11.192786847669929,4.834202635273405e-06,0.00014753909788960953,7.2513039529101075e-07,18919.962321861422,1.650127127332129,3.489292716341045,z4c_spatial_or_other
2846,11.192787572800324,4.8346778413596401e-06,0.00014629750829707282,7.2520167620394595e-07,19080.531210446381,1.6501272304284713,3.489292716341045,z4c_spatial_or_other
2847,11.192788298002,4.8352199168934187e-06,0.00014505954975370069,7.2528298753401274e-07,19243.367139995018,1.6501273335349123,3.489292716341045,z4c_spatial_or_other
2848,11.192789023284988,4.8352458206137597e-06,0.00014382519313334123,7.252868730920639e-07,19408.520247804434,1.6501274366528793,3.489292716341045,z4c_spatial_or_other
2849,11.19278974857186,4.8352157424579039e-06,0.0001425945618733249,7.2528236136868552e-07,19576.02124793953,1.6501275397713639,3.489292716341045,z4c_spatial_or_other
2850,11.192790473854222,4.8352407842250783e-06,0.0001413676663388455,7.252861176337617e-07,19745.916767006827,1.6501276428891725,3.489292716341045,z4c_spatial_or_other
2851,11.192791199140339,4.835321428102388e-06,0.00014014449450248733,7.2529821421535818e-07,19918.257816565838,1.6501277460074799,3.489292716341045,z4c_spatial_or_other
2852,11.192791924438554,4.8354592610173507e-06,0.00013892504076028707,7.253188891526026e-07,20093.095944376299,1.6501278491274722,3.489292716341045,z4c_spatial_or_other
2853,11.192792649757443,4.835656253065101e-06,0.00013770930599150594,7.2534843795976511e-07,20270.483196284607,1.6501279522503687,3.489292716341045,z4c_spatial_or_other
2854,11.192793375105881,4.8359137545777869e-06,0.00013649729761044634,7.2538706318666801e-07,20450.472074834714,1.6501280553774318,3.489292716341045,z4c_spatial_or_other
2855,11.192794100492943,4.8362331137687024e-06,0.00013528902968420477,7.2543496706530536e-07,20633.115483115489,1.6501281585099512,3.489292716341045,z4c_spatial_or_other
2856,11.19279482592791,4.8366156745750408e-06,0.00013408452271948927,7.2549235118625606e-07,20818.466713810358,1.6501282616492465,3.489292716341045,z4c_spatial_or_other
2857,11.192795551420261,4.8370622557813055e-06,0.00013288380329067449,7.2555933836719585e-07,21006.579462259666,1.6501283647966658,3.489292716341045,z4c_spatial_or_other
2858,11.1927962769796,4.8375737365052734e-06,0.00013168690365534638,7.2563606047579104e-07,21197.507843138555,1.6501284679535739,3.489292716341045,z4c_spatial_or_other
2859,11.192797002615659,4.8381523990442349e-06,0.00013049386110245391,7.2572285985663524e-07,21391.306452961901,1.6501285711213551,3.489292716341045,z4c_spatial_or_other
2860,11.192797728338519,4.8383698102632567e-06,0.00012930471687290545,7.2575547153948846e-07,21588.030511033539,1.6501286743014421,3.489292716341045,z4c_spatial_or_other
2861,11.192798454093991,4.838357127543974e-06,0.00012811944809305913,7.2575356913159612e-07,21787.747407757233,1.6501287774861306,3.489292716341045,z4c_spatial_or_other
2862,11.19279917984756,4.8383999157515248e-06,0.00012693829342903991,7.2575998736272874e-07,21990.48134070971,1.6501288806705141,3.489292716341045,z4c_spatial_or_other
2863,11.192799905607547,4.8384995337263335e-06,0.00012576134385740452,7.2577493005895001e-07,22196.281364788258,1.6501289838557749,3.489292716341045,z4c_spatial_or_other
2864,11.192800631382477,4.8386573426161263e-06,0.00012458865044598629,7.2579860139241894e-07,22405.204351122051,1.6501290870431251,3.489292716341045,z4c_spatial_or_other
2865,11.192801357181079,4.8388746000861853e-06,0.00012342026404093016,7.258311900129278e-07,22617.308387438763,1.6501291902338056,3.489292716341045,z4c_spatial_or_other
2866,11.192802083012269,4.8391514043667124e-06,0.00012225623446713907,7.2587271065500688e-07,22832.652954178287,1.6501292934290848,3.489292716341045,z4c_spatial_or_other
2867,11.192802808884981,4.8394904764361607e-06,0.00012109661004677748,7.2592357146542413e-07,23051.299057789929,1.6501293966302322,3.489292716341045,z4c_spatial_or_other
2868,11.192803534808553,4.8398931686738484e-06,0.00011994143629487021,7.2598397530107724e-07,23273.309535915767,1.6501294998385754,3.489292716341045,z4c_spatial_or_other
2869,11.192804260792528,4.8403608253618228e-06,0.00011879075567773113,7.2605412380427339e-07,23498.749184202108,1.6501296030554715,3.489292716341045,z4c_spatial_or_other
2870,11.192804986846651,4.8408947799205651e-06,0.00011764460715704308,7.2613421698808474e-07,23727.684936263737,1.6501297062823064,3.489292716341045,z4c_spatial_or_other
2871,11.192805712980869,4.8414963519031016e-06,0.00011650302586050645,7.262244527854652e-07,23960.186033409362,1.6501298095204928,3.489292716341045,z4c_spatial_or_other
2872,11.192806439205322,4.8415363565514798e-06,0.00011536604288740965,7.2623045348272192e-07,24196.324180045845,1.6501299127714741,3.489292716341045,z4c_spatial_or_other
2873,11.192807165435775,4.8415285320887401e-06,0.00011423383238267409,7.2622927981331102e-07,24436.142208043566,1.6501300160232735,3.489292716341045,z4c_spatial_or_other
2874,11.192807891665055,4.8415756610116578e-06,0.00011310644290493141,7.2623634915174867e-07,24679.709673295107,1.6501301192748707,3.489292716341045,z4c_spatial_or_other
2875,11.192808617901404,4.8416797699436425e-06,0.00011198389526245122,7.2625196549154631e-07,24927.103728002025,1.6501302225274379,3.489292716341045,z4c_spatial_or_other
2876,11.192809344153369,4.8418426350995998e-06,0.00011086602105371035,7.262763952649399e-07,25178.446439603827,1.6501303257821907,3.489292716341045,z4c_spatial_or_other
2877,11.192810070429765,4.8420656399499773e-06,0.00010975276688156846,7.2630984599249653e-07,25433.838730325631,1.6501304290403815,3.489292716341045,z4c_spatial_or_other
2878,11.192810796739611,4.8423501659913123e-06,0.00010864438044660888,7.2635252489869686e-07,25693.313925653347,1.6501305323032933,3.489292716341045,z4c_spatial_or_other
2879,11.192811523092136,4.842697590490035e-06,0.00010754087116071331,7.2640463857350519e-07,25956.96076239895,1.650130635572238,3.489292716341045,z4c_spatial_or_other
2880,11.192812249496773,4.8431086636549598e-06,0.0001064422475504204,7.2646629954824397e-07,26224.870644060458,1.6501307388485569,3.489292716341045,z4c_spatial_or_other
2881,11.192812975963072,4.8435845517352374e-06,0.00010534851830822614,7.265376827602856e-07,26497.137481380858,1.6501308421336072,3.489292716341045,z4c_spatial_or_other
2882,11.192813702500755,4.844127417688314e-06,0.00010425969317140449,7.2661911265324709e-07,26773.857548992368,1.6501309454287714,3.489292716341045,z4c_spatial_or_other
2883,11.192814429119869,4.844390481954963e-06,0.00010317578372114643,7.2665857229324443e-07,27055.129337493145,1.6501310487354779,3.489292716341045,z4c_spatial_or_other
2884,11.19281515577844,4.8443221514836092e-06,0.00010209688196813979,7.2664832272254135e-07,27341.032549298885,1.6501311520477593,3.489292716341045,z4c_spatial_or_other
2885,11.192815882426762,4.8443093047073507e-06,0.00010102308891103152,7.2664639570610256e-07,27631.645430394448,1.6501312553585485,3.489292716341045,z4c_spatial_or_other
2886,11.192816609073159,4.8443533455233709e-06,9.9953825766567155e-05,7.2665300182850563e-07,27927.236918294358,1.6501313586690285,3.489292716341045,z4c_spatial_or_other
2887,11.192817335726161,4.8444556795231892e-06,9.888970899468945e-05,7.2666835192847838e-07,28227.751921312065,1.6501314619804126,3.489292716341045,z4c_spatial_or_other
2888,11.192818062394513,4.8446177121898913e-06,9.7830775754116262e-05,7.2669265682848367e-07,28533.292837099736,1.6501315652939443,3.489292716341045,z4c_spatial_or_other
2889,11.19281878908717,4.8448398400251987e-06,9.6777071129316045e-05,7.2672597600377974e-07,28843.962113121292,1.6501316686108962,3.489292716341045,z4c_spatial_or_other
2890,11.192819515813145,4.8451240726940119e-06,9.5728649177668167e-05,7.2676861090410172e-07,29159.861724279188,1.6501317719325503,3.489292716341045,z4c_spatial_or_other
2891,11.192820242581757,4.8454721959359151e-06,9.468557331739282e-05,7.2682082939038725e-07,29481.092792412517,1.6501318752602308,3.489292716341045,z4c_spatial_or_other
2892,11.192820969402586,4.8458855932104549e-06,9.3647849038704393e-05,7.2688283898156823e-07,29807.776705251868,1.6501319785953004,3.489292716341045,z4c_spatial_or_other
2893,11.192821696285424,4.8463656356823535e-06,9.2614892952043611e-05,7.2695484535235298e-07,30140.229979191932,1.6501320819391507,3.489292716341045,z4c_spatial_or_other
2894,11.192822423240269,4.8466944015769303e-06,9.1587504234909715e-05,7.270041602365395e-07,30478.329946770689,1.650132185293204,3.489292716341045,z4c_spatial_or_other
2895,11.192823150244429,4.8465650619350554e-06,9.0565834462263595e-05,7.2698475929025825e-07,30822.154840697167,1.6501322886542336,3.489292716341045,z4c_spatial_or_other
2896,11.192823877229188,4.8464908629004487e-06,8.9550110126235396e-05,7.2697362943506729e-07,31171.755893296584,1.6501323920124693,3.489292716341045,z4c_spatial_or_other
2897,11.192824604202817,4.8464732148960191e-06,8.8540460388824045e-05,7.2697098223440289e-07,31527.215476566271,1.6501324953690875,3.489292716341045,z4c_spatial_or_other
2898,11.1928253311738,4.8465128197342803e-06,8.7536400859106918e-05,7.2697692296014204e-07,31888.838765095596,1.6501325987252944,3.489292716341045,z4c_spatial_or_other
2899,11.192826058150724,4.8466111445760282e-06,8.6538323243132704e-05,7.2699167168640421e-07,32256.624215264674,1.6501327020823104,3.489292716341045,z4c_spatial_or_other
2900,11.192826785142396,4.8467702510020495e-06,8.5546737471114718e-05,7.2701553765030745e-07,32630.5158512372,1.6501328054413891,3.489292716341045,z4c_spatial_or_other
2901,11.192827512157933,4.8469915464895706e-06,8.4561816202821671e-05,7.2704873197343561e-07,33010.574966573287,1.650132908803825,3.489292716341045,z4c_spatial_or_other
2902,11.192828239206666,4.8472764324534144e-06,8.3583582557643254e-05,7.270914648680121e-07,33396.919438667624,1.6501330121709454,3.489292716341045,z4c_spatial_or_other
2903,11.19282896629813,4.8476263017379084e-06,8.2611377396164327e-05,7.271439452606862e-07,33789.948322571407,1.6501331155441066,3.489292716341045,z4c_spatial_or_other
2904,11.192829693442075,4.8480425358805355e-06,8.1646372649072133e-05,7.2720638038208032e-07,34189.322593311306,1.6501332189246933,3.489292716341045,z4c_spatial_or_other
2905,11.192830420648455,4.8483582604557323e-06,8.0688779264080453e-05,7.2725373906835981e-07,34595.07255571377,1.6501333223141217,3.489292716341045,z4c_spatial_or_other
2906,11.192831147902195,4.8481686669050776e-06,7.9738459843745399e-05,7.272253000357616e-07,35007.375092808412,1.6501334257102485,3.489292716341045,z4c_spatial_or_other
2907,11.192831875127496,4.8480338538812995e-06,7.8795179369957452e-05,7.2720507808219491e-07,35426.458768074554,1.6501335291022967,3.489292716341045,z4c_spatial_or_other
2908,11.192832602332574,4.8479542160058826e-06,7.7860088755870224e-05,7.2719313240088234e-07,35851.926419264164,1.6501336324914349,3.489292716341045,z4c_spatial_or_other
2909,11.192833329525707,4.8479318858818097e-06,7.69334296278972e-05,7.2718978288227142e-07,36283.760994071439,1.6501337358788393,3.489292716341045,z4c_spatial_or_other
2910,11.192834056715489,4.8479685906845117e-06,7.60140608260944e-05,7.2719528860267671e-07,36722.602933411261,1.6501338392657323,3.489292716341045,z4c_spatial_or_other
2911,11.192834783910778,4.8480657527097362e-06,7.5103463988009176e-05,7.2720986290646045e-07,37167.848523185421,1.6501339426533732,3.489292716341045,z4c_spatial_or_other
2912,11.19283551112064,4.848224791873846e-06,7.4202011602903675e-05,7.2723371878107684e-07,37619.386762873175,1.6501340460430511,3.489292716341045,z4c_spatial_or_other
2913,11.192836238354358,4.848447123515843e-06,7.3308450836712563e-05,7.2726706852737646e-07,38077.931551036105,1.6501341494360855,3.489292716341045,z4c_spatial_or_other
2914,11.192836965621426,4.8487340003209123e-06,7.2424379558835476e-05,7.2731010004813679e-07,38542.741961705804,1.6501342528338263,3.489292716341045,z4c_spatial_or_other
2915,11.192837692931526,4.8490857936646857e-06,7.1549880414219436e-05,7.2736286904970284e-07,39013.82024557628,1.6501343562376496,3.489292716341045,z4c_spatial_or_other
2916,11.192838420294395,4.8493699073576892e-06,7.0684082454357188e-05,7.2740548610365334e-07,39491.694256275427,1.6501344596489402,3.489292716341045,z4c_spatial_or_other
2917,11.192839147699882,4.8491231880167523e-06,6.9828738131602237e-05,7.2736847820251279e-07,39975.434867689859,1.6501345630662545,3.489292716341045,z4c_spatial_or_other
2918,11.19283987506836,4.8489303647352999e-06,6.8982891066269068e-05,7.2733955471029496e-07,40465.60139660164,1.6501346664782721,3.489292716341045,z4c_spatial_or_other
2919,11.192840602407914,4.8487927738470982e-06,6.8147549372181356e-05,7.2731891607706466e-07,40961.622226907741,1.650134769886143,3.489292716341045,z4c_spatial_or_other
2920,11.19284132972683,4.8487125437864016e-06,6.7322803223351211e-05,7.2730688156796024e-07,41463.427537500618,1.6501348732910439,3.489292716341045,z4c_spatial_or_other
2921,11.192842057033712,4.8486911124123176e-06,6.6508462210472134e-05,7.2730366686184762e-07,41971.112852362858,1.6501349766941988,3.489292716341045,z4c_spatial_or_other
2922,11.192842784337378,4.8487299178774396e-06,6.5705566199831901e-05,7.2730948768161589e-07,42483.983237937267,1.6501350800968617,3.489292716341045,z4c_spatial_or_other
2923,11.192843511646865,4.8488303966563732e-06,6.49132808242119e-05,7.2732455949845596e-07,43002.512546425838,1.6501351835003171,3.489292716341045,z4c_spatial_or_other
2924,11.192844238971425,4.8489939813677509e-06,6.413303963459265e-05,7.2734909720516262e-07,43525.680195066998,1.6501352869058799,3.489292716341045,z4c_spatial_or_other
2925,11.192844966320521,4.8492211149618205e-06,6.3363934186555786e-05,7.2738316724427302e-07,44053.99079000223,1.6501353903148965,3.489292716341045,z4c_spatial_or_other
2926,11.192845693703688,4.8495138588247001e-06,6.2607208074565057e-05,7.2742707882370501e-07,44586.466301903187,1.6501354937287218,3.489292716341045,z4c_spatial_or_other
2927,11.192846421130767,4.846179360893485e-06,6.1862490717171594e-05,7.2692690413402269e-07,45123.210215297702,1.650135597148755,3.489292716341045,z4c_spatial_or_other
2928,11.192847148057671,4.8367828834307263e-06,6.1130750309173508e-05,7.2551743251460894e-07,45663.338973510741,1.6501357004976418,3.489292716341045,z4c_spatial_or_other
2929,11.192847873575104,4.8273988205390798e-06,6.0413702806201717e-05,7.2410982308086193e-07,46205.315076073835,1.650135803646106,3.489292716341045,z4c_spatial_or_other
2930,11.192848597684927,4.8180325550730438e-06,5.971019599368036e-05,7.2270488326095657e-07,46749.707091369746,1.6501359065944119,3.489292716341045,z4c_spatial_or_other
2931,11.19284932038981,4.8086896401944439e-06,5.9021958359520217e-05,7.2130344602916661e-07,47294.841626050162,1.6501360093429394,3.489292716341045,z4c_spatial_or_other
2932,11.192850041693255,4.7993758758656279e-06,5.8348460417146911e-05,7.1990638137984414e-07,47840.751120358873,1.6501361118921878,3.489292716341045,z4c_spatial_or_other
2933,11.192850761599637,4.7900972506065841e-06,5.7689667891570604e-05,7.1851458759098755e-07,48387.073025267149,1.6501362142427773,3.489292716341045,z4c_spatial_or_other
2934,11.192851480114225,4.7808599162793558e-06,5.7046613843417403e-05,7.1712898744190333e-07,48932.512992529519,1.6501363163954583,3.489292716341045,z4c_spatial_or_other
2935,11.192852197243212,4.7716681675036769e-06,5.6419229962523013e-05,7.1575022512555152e-07,49476.644309521274,1.6501364183511122,3.489292716341045,z4c_spatial_or_other
2936,11.192852912993438,4.7625261032212925e-06,5.5806960812498011e-05,7.1437891548319381e-07,50019.462311369811,1.6501365201107103,3.489292716341045,z4c_spatial_or_other
2937,11.192853627372353,4.753444835671428e-06,5.5211038713962548e-05,7.130167253507142e-07,50559.348965244135,1.6501366216753124,3.489292716341045,z4c_spatial_or_other
2938,11.192854340389077,4.7444312240440419e-06,5.4631543663930043e-05,7.1166468360660625e-07,51095.648884544593,1.6501367230462156,3.489292716341045,z4c_spatial_or_other
2939,11.19285505205376,4.7354923084417059e-06,5.406861550754097e-05,7.1032384626625591e-07,51627.624396698557,1.6501368242248629,3.489292716341045,z4c_spatial_or_other
2940,11.192855762377606,2.3633176076225831e-06,5.3521859783835366e-05,3.5449764114338745e-07,52155.029446788831,1.6501369252128477,3.489292716341045,z4c_spatial_or_other
2941,11.192856116875248,2.3514205546743118e-06,5.3319880401567644e-05,3.5271308320114677e-07,52352.596293347386,1.6501369756123851,3.489292716341045,z4c_spatial_or_other
2942,11.192856469588332,2.35104825149459e-06,5.3082785628187482e-05,3.5265723772418847e-07,52586.429669029225,1.6501370257582009,3.489292716341045,z4c_spatial_or_other
2943,11.19285682224557,2.3507496783269316e-06,5.2808208220370281e-05,3.5261245174903973e-07,52859.853934526531,1.6501370758960687,3.489292716341045,z4c_spatial_or_other
2944,11.192857174858021,2.3505374288788187e-06,5.2494377013357669e-05,3.5258061433182278e-07,53175.870100573447,1.6501371260275612,3.489292716341045,z4c_spatial_or_other
2945,11.192857527438635,2.3504227755627586e-06,5.2140303230459438e-05,3.5256341633441377e-07,53536.976199289347,1.6501371761545187,3.489292716341045,z4c_spatial_or_other
2946,11.192857880002052,2.3504149550057765e-06,5.1745430942949742e-05,3.5256224325086645e-07,53945.519869192743,1.6501372262790226,3.489292716341045,z4c_spatial_or_other
2947,11.192858232564294,2.3495639902267888e-06,5.1309710899379572e-05,3.5243459853401832e-07,54403.623098694748,1.6501372764033522,3.489292716341045,z4c_spatial_or_other
2948,11.192858584998893,2.3480012038808554e-06,5.0833990329956027e-05,3.5220018058212832e-07,54912.749421283741,1.650137326509526,3.489292716341045,z4c_spatial_or_other
2949,11.192858937199073,2.3466091204292239e-06,5.0319958837674261e-05,3.5199136806438356e-07,55473.697466201142,1.6501373765823635,3.489292716341045,z4c_spatial_or_other
2950,11.192859289190441,2.3454086622812729e-06,4.9769668919085396e-05,3.5181129934219091e-07,56087.055302921508,1.6501374266255058,3.489292716341045,z4c_spatial_or_other
2951,11.192859641001741,2.3444176966773136e-06,4.918652803334326e-05,3.5166265450159704e-07,56752.006793009241,1.6501374766430397,3.489292716341045,z4c_spatial_or_other
2952,11.192859992664395,2.3436502777367129e-06,4.8475236861294337e-05,3.5154754166050694e-07,57584.745404342561,1.6501375266394318,3.489292716341045,z4c_spatial_or_other
2953,11.192860344211937,2.3395363821720555e-06,4.7875792938590946e-05,3.5093045732580831e-07,58305.753319915508,1.6501375766194497,3.489292716341045,z4c_spatial_or_other
2954,11.192860695142395,2.3378429508376186e-06,4.7101792044206245e-05,3.5067644262564281e-07,59263.863473665791,1.6501376265117278,3.489292716341045,z4c_spatial_or_other
2955,11.192861045818837,2.3368247750422263e-06,4.6315085830124312e-05,3.5052371625633395e-07,60270.517112098889,1.6501376763678843,3.489292716341045,z4c_spatial_or_other
2956,11.192861396342554,2.3362416840377054e-06,4.5525390856900341e-05,3.5043625260565578e-07,61315.984784120425,1.6501377262023191,3.489292716341045,z4c_spatial_or_other
2957,11.192861746778807,2.3358076647249509e-06,4.4733020389115391e-05,3.5037114970874261e-07,62402.094667232857,1.6501377760243112,3.489292716341045,z4c_spatial_or_other
2958,11.192862097149956,2.3357249916655359e-06,4.3938127131323127e-05,3.5035874874983039e-07,63531.023175606548,1.6501378258370394,3.489292716341045,z4c_spatial_or_other
2959,11.192862447508704,2.3359719923283877e-06,4.3115530319340311e-05,3.5039579884925812e-07,64743.125096635631,1.6501378756479963,3.489292716341045,z4c_spatial_or_other
2960,11.192862797904503,2.3365253327999764e-06,4.2279070657982631e-05,3.5047879991999645e-07,66024.01920454207,1.6501379254642126,3.489292716341045,z4c_spatial_or_other
2961,11.192863148383303,2.3373603607020591e-06,4.1436664244582597e-05,3.5060405410530887e-07,67366.285968296463,1.6501379752922205,3.489292716341045,z4c_spatial_or_other
2962,11.192863498987357,2.3384512419019874e-06,4.0590671772441374e-05,3.5076768628529809e-07,68770.336907014484,1.6501380251380291,3.489292716341045,z4c_spatial_or_other
2963,11.192863849755044,2.3377856435089482e-06,3.9743563839767148e-05,3.5066784652634222e-07,70236.131423114741,1.650138075007092,3.489292716341045,z4c_spatial_or_other
2964,11.192864200422891,2.3347529705975237e-06,3.8898632520118015e-05,3.5021294558962853e-07,71761.755933942724,1.6501381248619531,3.489292716341045,z4c_spatial_or_other
2965,11.192864550635836,2.3320479315477717e-06,3.8059456140188286e-05,3.4980718973216575e-07,73344.037360672242,1.6501381746521324,3.489292716341045,z4c_spatial_or_other
2966,11.192864900443025,1.1655516949178864e-06,3.6374467649370415e-05,1.7483275423768295e-07,76741.581484592578,1.6501382243846163,3.489292716341045,z4c_spatial_or_other
2967,11.19286507527578,1.1648916659899433e-06,3.6000438679124589e-05,1.7473374989849149e-07,77538.893288305742,1.6501382492407837,3.489292716341045,z4c_spatial_or_other
2968,11.192865250009529,1.1642748536732868e-06,3.5632961663717863e-05,1.7464122805099301e-07,78338.53945166523,1.6501382740828734,3.489292716341045,z4c_spatial_or_other
2969,11.192865424650757,1.1637026779238612e-06,3.5272825386723558e-05,1.7455540168857917e-07,79138.377560293549,1.6501382989118076,3.489292716341045,z4c_spatial_or_other
2970,11.192865599206158,1.163176516274638e-06,3.4920814929153765e-05,1.7447647744119571e-07,79936.111993262719,1.6501383237285372,3.489292716341045,z4c_spatial_or_other
2971,11.192865773682636,1.1626908323450553e-06,3.457290410205528e-05,1.744036248517583e-07,80740.517627123263,1.650138348534044,3.489292716341045,z4c_spatial_or_other
2972,11.19286594808626,1.1622732548401547e-06,3.4182430417502115e-05,1.7434098822602319e-07,81662.834941179724,1.6501383733291912,3.489292716341045,z4c_spatial_or_other
2973,11.192866122427247,1.1619111081814432e-06,3.3784665606137048e-05,1.7428666622721649e-07,82624.294868431884,1.6501383981154321,3.489292716341045,z4c_spatial_or_other
2974,11.192866296713914,1.1616138165583408e-06,3.338084504680038e-05,1.7424207248375111e-07,83623.831846054498,1.6501384228939473,3.489292716341045,z4c_spatial_or_other
2975,11.192866470955988,1.161383370781969e-06,3.2972316362292105e-05,1.7420750561729535e-07,84659.935395536362,1.6501384476661205,3.489292716341045,z4c_spatial_or_other
2976,11.192866645163493,1.1608185788775401e-06,3.2560509908422371e-05,1.7412278683163102e-07,85730.665180731114,1.6501384724333774,3.489292716341045,z4c_spatial_or_other
2977,11.19286681928628,1.159983419948092e-06,3.2147053561499429e-05,1.7399751299221381e-07,86833.282177249581,1.6501384971885884,3.489292716341045,z4c_spatial_or_other
2978,11.192866993283793,1.1592266662286837e-06,3.1733580497542311e-05,1.7388399993430253e-07,87964.677458600243,1.6501385219259861,3.489292716341045,z4c_spatial_or_other
2979,11.192867167167794,1.1580345780884752e-06,3.1321600789843961e-05,1.7370518671327127e-07,89121.695656690688,1.6501385466472442,3.489292716341045,z4c_spatial_or_other
2980,11.192867340872981,1.1572312536027045e-06,3.0912785552932394e-05,1.7358468804040568e-07,90300.311768831845,1.6501385713430781,3.489292716341045,z4c_spatial_or_other
2981,11.192867514457669,1.1565048388100651e-06,3.049712817539932e-05,1.7347572582150975e-07,91531.05030146944,1.6501385960217785,3.489292716341045,z4c_spatial_or_other
2982,11.192867687933395,1.1558539074742501e-06,3.0080881766376661e-05,1.7337808612113752e-07,92797.617927310959,1.6501641085251006,3.489292716341045,z4c_spatial_or_other
2983,11.192867861311482,1.1552783118688324e-06,2.9668754754191604e-05,1.7329174678032486e-07,94086.664445479037,1.6509862716344803,3.489292716341045,z4c_spatial_or_other
2984,11.192868034603229,1.154779172546843e-06,2.9261852453744441e-05,1.7321687588202645e-07,95394.991738318175,1.6516998904698634,3.489292716341045,z4c_spatial_or_other
2985,11.192868207820105,1.1543587386923634e-06,2.886123362973847e-05,1.7315381080385451e-07,96719.156529627915,1.652301463038353,3.489292716341045,z4c_spatial_or_other
2986,11.192868380973916,1.1539383482380542e-06,2.8467736408203236e-05,1.7309075223570812e-07,98056.063645034286,1.6529034118025683,3.489292716341045,z4c_spatial_or_other
2987,11.192868554064669,5.9235514815712924e-07,2.8081895222155006e-05,8.8853272223569386e-08,99403.339802740753,1.6535825787911267,3.489292716341045,z4c_spatial_or_other
2988,11.19286864291794,5.9224424856879694e-07,2.7880697825594331e-05,8.8836637285319538e-08,100120.67095789527,1.653892635676101,3.489292716341045,z4c_spatial_or_other
2989,11.192868731754578,5.9214282076573813e-07,2.76823500495278e-05,8.8821423114860722e-08,100838.0490846532,1.6541753839088296,3.489292716341045,z4c_spatial_or_other
2990,11.192868820576001,5.9205065729061919e-07,2.7486960532403013e-05,8.8807598593592875e-08,101554.8507002858,1.6544299809568386,3.489292716341045,z4c_spatial_or_other
2991,11.192868909383598,5.9196749836901419e-07,2.7294631685416316e-05,8.8795124755352121e-08,102270.44663014509,1.6546555716228426,3.489292716341045,z4c_spatial_or_other
2992,11.192868998178723,5.9189304188068722e-07,2.710545974033215e-05,8.8783956282103074e-08,102984.203175837,1.6548513047247342,3.489292716341045,z4c_spatial_or_other
2993,11.192869086962679,5.9182695758530045e-07,2.6919534804136327e-05,8.8774043637795065e-08,103695.48335002869,1.6550163490706193,3.489292716341045,z4c_spatial_or_other
2994,11.192869175736723,5.8924611111615393e-07,2.673694091879876e-05,8.8386916667423087e-08,104403.64817914442,1.6551499084776724,3.489292716341045,z4c_spatial_or_other
2995,11.19286926412364,5.8923412823365079e-07,2.6558512713132847e-05,8.8385119235047621e-08,105105.06379720983,1.6552508730385784,3.489292716341045,z4c_spatial_or_other
2996,11.19286935250876,5.8922560633751715e-07,2.6383524634279557e-05,8.8383840950627573e-08,105802.17055025259,1.6553192054896375,3.489292716341045,z4c_spatial_or_other
2997,11.192869440892601,5.8922068429101498e-07,2.6212043915090893e-05,8.8383102643652241e-08,106494.33451718513,1.655354292940024,3.489292716341045,z4c_spatial_or_other
2998,11.192869529275704,5.892194987653902e-07,2.6044131925700338e-05,8.8382924814808525e-08,107180.92586216131,1.6553556035128121,3.489292716341045,z4c_spatial_or_other
2999,11.192869617658628,5.7608930329731961e-07,2.5879844282744178e-05,8.6413395494597941e-08,107861.32028368006,1.6554279188101133,3.489292716341045,z4c_spatial_or_other
3000,11.192869704072024,5.7609398317612628e-07,2.572277043823844e-05,8.6414097476418939e-08,108519.96598792492,1.6554144710007985,3.489292716341045,z4c_spatial_or_other
3001,11.192869790486121,5.7610965206415094e-07,2.5569251039926896e-05,8.6416447809622643e-08,109171.52671832101,1.6553694474468836,3.489292716341045,z4c_spatial_or_other
3002,11.192869876902568,5.7613624874304119e-07,2.5419320962816202e-05,8.6420437311456171e-08,109815.45011199126,1.655293029186907,3.489292716341045,z4c_spatial_or_other
3003,11.192869963323005,5.7617371686619086e-07,2.5273010551794935e-05,8.6426057529928631e-08,110451.19327402741,1.6551853867845363,3.489292716341045,z4c_spatial_or_other
3004,11.192870049749063,5.7622200858015922e-07,2.513034576692264e-05,8.6433301287023874e-08,111078.2238717547,1.6550466698697481,3.489292716341045,z4c_spatial_or_other
3005,11.192870136182364,5.7628108517883935e-07,2.4991348335522158e-05,8.64421627768259e-08,111696.02118286482,1.6548770052209727,3.489292716341045,z4c_spatial_or_other
3006,11.192870222624528,5.7635091507710957e-07,2.4856035911073581e-05,8.6452637261566428e-08,112304.07708854444,1.6546765025586168,3.489292716341045,z4c_spatial_or_other
3007,11.192870309077165,5.7643146959730669e-07,2.4724422238514358e-05,8.6464720439595995e-08,112901.89700467468,1.6544452666203044,3.489292716341045,z4c_spatial_or_other
3008,11.192870395541885,5.7652271720751369e-07,2.4596517325143169e-05,8.6478407581127053e-08,113489.00074643345,1.6541834136658735,3.489292716341045,z4c_spatial_or_other
3009,11.192870482020293,5.7662461692989294e-07,2.4472327615941969e-05,8.6493692539483941e-08,114064.92332402483,1.6538910903316488,3.489292716341045,z4c_spatial_or_other
3010,11.192870568513985,5.7673711165028802e-07,2.4351856171801049e-05,8.6510566747543197e-08,114629.21566961535,1.6535684927182608,3.489292716341045,z4c_spatial_or_other
3011,11.192870655024553,5.7686012201224154e-07,2.4176262118090434e-05,8.6529018301836226e-08,115461.77649125017,1.653215883738991,3.489292716341045,z4c_spatial_or_other
3012,11.192870741553572,5.7699354147882477e-07,2.3964751539853339e-05,8.6549031221823711e-08,116480.83095836343,1.6528336070487006,3.489292716341045,z4c_spatial_or_other
3013,11.192870828102603,5.771187533226394e-07,2.3755074139061069e-05,8.6567812998395913e-08,117508.96489448586,1.6524750078136803,3.489292716341045,z4c_spatial_or_other
3014,11.192870914670415,5.772519371601122e-07,2.354734317397921e-05,8.6587790574016825e-08,118545.61053654183,1.6520937480054392,3.489292716341045,z4c_spatial_or_other
3015,11.192871001258206,5.7739386170515804e-07,2.3341663394058358e-05,8.6609079255773709e-08,119590.19911937375,1.6516876601179331,3.489292716341045,z4c_spatial_or_other
3016,11.192871087867285,5.7754433066916466e-07,2.313813632721232e-05,8.6631649600374692e-08,120642.13528683742,1.6512573421009724,3.489292716341045,z4c_spatial_or_other
3017,11.192871174498935,5.7770312779982389e-07,2.293686024774199e-05,8.6655469169973583e-08,121700.7970106823,1.6508034499281807,3.489292716341045,z4c_spatial_or_other
3018,11.192871261154403,5.7787002291664381e-07,2.2737929820966207e-05,8.6680503437496571e-08,122765.5373665068,1.6503266800254406,3.489292716341045,z4c_spatial_or_other
3019,11.192871347834906,5.7804477898237762e-07,2.2541435770880213e-05,8.6706716847356645e-08,123835.68648625768,1.650139141016161,3.489292716341045,z4c_spatial_or_other
3020,11.192871434541622,5.7822715969769159e-07,2.2347464573580257e-05,8.6734073954653739e-08,124910.55367296303,1.650139153343315,3.489292716341045,z4c_spatial_or_other
3021,11.192871521275697,5.7841693709084404e-07,2.2156098178900634e-05,8.6762540563626609e-08,125989.42966100112,1.6501391656743576,3.489292716341045,z4c_spatial_or_other
3022,11.192871608038237,5.7861389859711362e-07,2.1967413762367726e-05,8.6792084789567043e-08,127071.58900310918,1.6501391780094468,3.489292716341045,z4c_spatial_or_other
3023,11.192871694830322,5.7881785317948145e-07,2.178148350918388e-05,8.6822677976922209e-08,128156.29256362929,1.6501391903487359,3.489292716341045,z4c_spatial_or_other
3024,11.192871781653,5.7902863612597941e-07,2.1598374431515431e-05,8.6854295418896904e-08,129242.7900962627,1.6501392026923738,3.489292716341045,z4c_spatial_or_other
3025,11.192871868507297,5.7924059363120988e-07,2.1418148219881559e-05,8.6886089044681484e-08,130330.32288392076,1.6501392150405065,3.489292716341045,z4c_spatial_or_other
3026,11.192871955393386,5.7944306946933521e-07,2.1240862803516475e-05,8.6916460420400276e-08,131418.11605744695,1.6501392273931585,3.489292716341045,z4c_spatial_or_other
3027,11.192872042309846,5.7965099456563805e-07,2.1066573624155501e-05,8.69476491848457e-08,132505.37191639474,1.650139239750128,3.489292716341045,z4c_spatial_or_other
3028,11.192872129257495,5.798643767926169e-07,2.0895325819802435e-05,8.6979656518892527e-08,133591.32071668404,1.6501392521115312,3.489292716341045,z4c_spatial_or_other
3029,11.192872216237152,5.8008325614606903e-07,2.0727158905210167e-05,8.7012488421910349e-08,134675.19527585403,1.6501392644774844,3.489292716341045,z4c_spatial_or_other
3030,11.19287230324964,5.8030770008097366e-07,2.0562106788915012e-05,8.7046155012146046e-08,135756.23362571449,1.6501392768481051,3.489292716341045,z4c_spatial_or_other
3031,11.192872390295795,5.8053779789591679e-07,2.0400197818992362e-05,8.7080669684387521e-08,136833.68160646176,1.6501392892235112,3.489292716341045,z4c_spatial_or_other
3032,11.192872477376465,5.8077365448674468e-07,2.0241454855023074e-05,8.7116048173011693e-08,137906.79538927117,1.6501393016038242,3.489292716341045,z4c_spatial_or_other
3033,11.192872564492513,5.8101538379750802e-07,2.0085895363490223e-05,8.7152307569626203e-08,138974.84391692973,1.6501393139891665,3.489292716341045,z4c_spatial_or_other
3034,11.192872651644819,5.8122010042646415e-07,1.9933531533638796e-05,8.7183015063969618e-08,140037.11125457907,1.6501393263796629,3.489292716341045,z4c_spatial_or_other
3035,11.192872738827834,5.8142787428110075e-07,1.9784381324839623e-05,8.7214181142165107e-08,141092.82101069007,1.6501393387745249,3.489292716341045,z4c_spatial_or_other
3036,11.192872826042015,5.8164136680878654e-07,1.9638446816491393e-05,8.7246205021317981e-08,142141.29045728446,1.6501393511738172,3.489292716341045,z4c_spatial_or_other
3037,11.19287291328822,5.8186057539961481e-07,1.9493269838877952e-05,8.7279086309942224e-08,143199.89391956796,1.6501393635776618,3.489292716341045,z4c_spatial_or_other
3038,11.192873000567307,5.8208549440016918e-07,1.9349083639920118e-05,8.7312824160025375e-08,144266.99605110398,1.6501393759861807,3.489292716341045,z4c_spatial_or_other
3039,11.19287308788013,5.8231611674737807e-07,1.9208169388831178e-05,8.7347417512106708e-08,145325.36217094949,1.6501393883994957,3.489292716341045,z4c_spatial_or_other
3040,11.192873175227549,5.8255243532123415e-07,1.9070524375059862e-05,8.738286529818512e-08,146374.27467508081,1.6501394008177281,3.489292716341045,z4c_spatial_or_other
3041,11.192873262610414,5.8279444390600742e-07,1.8936140973621407e-05,8.741916658590111e-08,147413.04350033012,1.6501394132409999,3.489292716341045,z4c_spatial_or_other
3042,11.192873350029581,5.8304213768700516e-07,1.8805006797668104e-05,8.7456320653050777e-08,148441.00845626844,1.6501394256694319,3.489292716341045,z4c_spatial_or_other
3043,11.192873437485902,5.8327801869664593e-07,1.8677104857777589e-05,8.7491702804496889e-08,149457.54142995118,1.6501394381031458,3.489292716341045,z4c_spatial_or_other
3044,11.192873524977605,5.8351593482505752e-07,1.8552417417447556e-05,8.7527390223758628e-08,150462.01852097409,1.6501394505418889,3.489292716341045,z4c_spatial_or_other
3045,11.192873612504995,5.8375860107326453e-07,1.8430919237539255e-05,8.7563790160989671e-08,151453.87688463039,1.6501394629857056,3.489292716341045,z4c_spatial_or_other
3046,11.192873700068786,5.8400606976463637e-07,1.8312580361892957e-05,8.7600910464695453e-08,152432.59649424348,1.650139475434697,3.489292716341045,z4c_spatial_or_other
3047,11.192873787669695,5.84258399366922e-07,1.8197366883566827e-05,8.76387599050383e-08,153397.69709175051,1.650139487888965,3.489292716341045,z4c_spatial_or_other
3048,11.192873875308456,5.8451565229294761e-07,1.8085241118121024e-05,8.7677347843942137e-08,154348.7396624134,1.6501395003486139,3.489292716341045,z4c_spatial_or_other
3049,11.192873962985804,5.8477789243037623e-07,1.7976161776458768e-05,8.7716683864556436e-08,155285.32774601775,1.6501395128137477,3.489292716341045,z4c_spatial_or_other
3050,11.192874050702487,5.8502976837697762e-07,1.787008413651876e-05,8.7754465256546638e-08,156207.10858145019,1.6501395252844739,3.489292716341045,z4c_spatial_or_other
3051,11.192874138456952,5.8524200485196917e-07,1.7766962891167e-05,8.7786300727795371e-08,157113.75040134866,1.650139537760571,3.489292716341045,z4c_spatial_or_other
3052,11.192874226243253,5.8545920296204114e-07,1.7666754280030176e-05,8.7818880444306171e-08,158004.92432433765,1.6501395502411931,3.489292716341045,z4c_spatial_or_other
3053,11.192874314062134,5.8568140777631973e-07,1.756940344720623e-05,8.7852211166447952e-08,158880.41853331745,1.650139562726447,3.489292716341045,z4c_spatial_or_other
3054,11.192874401914345,5.8590866603748043e-07,1.7474852803882764e-05,8.7886299905622067e-08,159740.06787929015,1.6501395752164394,3.489292716341045,z4c_spatial_or_other
3055,11.192874489800644,5.8614102637695385e-07,1.7383042190121374e-05,8.792115395654308e-08,160583.75412902024,1.6501395877112774,3.489292716341045,z4c_spatial_or_other
3056,11.192874577721799,5.8637853945879569e-07,1.7293909034375489e-05,8.7956780918819354e-08,161411.40603458942,1.65013960021107,3.489292716341045,z4c_spatial_or_other
3057,11.19287466567858,5.8662125801011681e-07,1.7207388511192818e-05,8.7993188701517524e-08,162222.99922252024,1.6501396127159274,3.489292716341045,z4c_spatial_or_other
3058,11.192874753671768,5.8686923670167462e-07,1.7123413697650618e-05,8.8030385505251191e-08,163018.55590020752,1.6501396252259601,3.489292716341045,z4c_spatial_or_other
3059,11.192874841702153,5.8712253184944683e-07,1.7041915729146457e-05,8.806837977741702e-08,163798.14437755378,1.6501396377412811,3.489292716341045,z4c_spatial_or_other
3060,11.192874929770532,5.8738120091615927e-07,1.6962823955218359e-05,8.8107180137423883e-08,164561.87840197995,1.6501396502620029,3.489292716341045,z4c_spatial_or_other
3061,11.192875017877713,5.8761663104548606e-07,1.6855600731285951e-05,8.8142494656822912e-08,165608.70286228426,1.6501396627882405,3.489292716341045,z4c_spatial_or_other
3062,11.192875106020207,5.875440819263504e-07,1.6709439964358113e-05,8.8131612288952551e-08,167057.31484879649,1.6501396753194977,3.489292716341045,z4c_spatial_or_other
3063,11.192875194151819,5.8747042397488765e-07,1.6566339013021367e-05,8.812056359623315e-08,168500.36516086812,1.6501396878492081,3.489292716341045,z4c_spatial_or_other
3064,11.192875282272382,5.8740807963175313e-07,1.6426344026347054e-05,8.8111211944762972e-08,169936.42459913855,1.6501397003773466,3.489292716341045,z4c_spatial_or_other
3065,11.192875370383595,5.8735745298759289e-07,1.6288788093459985e-05,8.8103617948138935e-08,171371.50763190346,1.6501397129041553,3.489292716341045,z4c_spatial_or_other
3066,11.192875458487213,5.8731887310648552e-07,1.6151003996654229e-05,8.8097830965972829e-08,172833.47670838897,1.6501397254298842,3.489292716341045,z4c_spatial_or_other
3067,11.192875546585045,5.8729258678402775e-07,1.6016860738395882e-05,8.8093888017604162e-08,174280.97919220614,1.6501397379547895,3.489292716341045,z4c_spatial_or_other
3068,11.192875634678932,5.8722593140610847e-07,1.5886360084704828e-05,8.8083889710916266e-08,175712.63386887417,1.650139750479134,3.489292716341045,z4c_spatial_or_other
3069,11.192875722762823,5.8716388217027853e-07,1.575951791776419e-05,8.8074582325541779e-08,177126.87581174806,1.650139763002056,3.489292716341045,z4c_spatial_or_other
3070,11.192875810837405,5.8711619634263652e-07,1.5636342195301149e-05,8.8067429451395476e-08,178522.19772420212,1.6501397755236544,3.489292716341045,z4c_spatial_or_other
3071,11.192875898904834,5.8708317600348196e-07,1.5516841040018135e-05,8.8062476400522286e-08,179897.06576703925,1.6501397880442354,3.489292716341045,z4c_spatial_or_other
3072,11.19287598696731,5.8706501918090963e-07,1.5401026340409265e-05,8.8059752877136441e-08,181249.87980500117,1.6501398005641112,3.489292716341045,z4c_spatial_or_other
3073,11.192876075027064,5.8706181752687561e-07,1.5288913028734411e-05,8.8059272629031338e-08,182578.98176453335,1.6501398130835998,3.489292716341045,z4c_spatial_or_other
3074,11.192876163086336,5.8707355534736425e-07,1.5180518005644745e-05,8.8061033302104635e-08,183882.66935521341,1.65013982560302,3.489292716341045,z4c_spatial_or_other
3075,11.19287625114737,5.8710010990486161e-07,1.5075859445661151e-05,8.8065016485729237e-08,185159.20655364124,1.6501398381226895,3.489292716341045,z4c_spatial_or_other
3076,11.192876339212386,5.8710057728014094e-07,1.4974956557736213e-05,8.8065086592021141e-08,186406.82944958218,1.6501398506429241,3.489292716341045,z4c_spatial_or_other
3077,11.192876427277472,5.8709753686008288e-07,1.4877836404445244e-05,8.8064630529012425e-08,187623.66362885959,1.6501398631631692,3.489292716341045,z4c_spatial_or_other
3078,11.192876515342103,5.8711051731536063e-07,1.4784523307878641e-05,8.8066577597304094e-08,188807.85771329448,1.6501398756833487,3.489292716341045,z4c_spatial_or_other
3079,11.192876603408681,5.8713940656570098e-07,1.4695040948926215e-05,8.8070910984855147e-08,189957.56342392566,1.6501398882038041,3.489292716341045,z4c_spatial_or_other
3080,11.192876691479592,5.8718398315621087e-07,1.4609416886488347e-05,8.8077597473431632e-08,191070.8822098519,1.6501399007248756,3.489292716341045,z4c_spatial_or_other
3081,11.192876779557189,5.8724391815020799e-07,1.4527683658085132e-05,8.8086587722531198e-08,192145.8533080951,1.650139913246897,3.489292716341045,z4c_spatial_or_other
3082,11.192876867643776,5.8731877784523121e-07,1.4449879726312154e-05,8.8097816676784678e-08,193180.44343233132,1.6501399257701956,3.489292716341045,z4c_spatial_or_other
3083,11.192876955741593,5.8740802729346598e-07,1.4376050135500898e-05,8.8111204094019889e-08,194172.54021530828,1.6501399382950905,3.489292716341045,z4c_spatial_or_other
3084,11.192877043852796,5.8747508420825906e-07,1.4211710181423329e-05,8.8121262631238859e-08,196417.89323297815,1.6501399508218884,3.489292716341045,z4c_spatial_or_other
3085,11.192877131974059,5.8753884703397585e-07,1.4042747766528428e-05,8.8130827055096374e-08,198781.19435616123,1.6501399633501157,3.489292716341045,z4c_spatial_or_other
3086,11.192877220104887,5.8761709445616246e-07,1.3876581856267516e-05,8.8142564168424366e-08,201161.51095322176,1.650139975879702,3.489292716341045,z4c_spatial_or_other
3087,11.19287730824745,5.8770933564980088e-07,1.3713205264637318e-05,8.8156400347470127e-08,203558.11199524571,1.6501399884109567,3.489292716341045,z4c_spatial_or_other
3088,11.192877396403849,5.8781498442304959e-07,1.3552608612279682e-05,8.8172247663457442e-08,205970.24919199594,1.6501400009441778,3.489292716341045,z4c_spatial_or_other
3089,11.192877484576098,5.8793336316104364e-07,1.339478030332995e-05,8.8190004474156549e-08,208397.15992795225,1.6501400134796511,3.489292716341045,z4c_spatial_or_other
3090,11.192877572766102,5.8806370767438877e-07,1.3239706351414013e-05,8.8209556151158308e-08,210838.07291350601,1.6501400260176489,3.489292716341045,z4c_spatial_or_other
3091,11.192877660975659,5.8820517295271646e-07,1.3087370048273186e-05,8.8230775942907464e-08,213292.21705938943,1.6501400385584257,3.489292716341045,z4c_spatial_or_other
3092,11.192877749206435,5.8835683981146389e-07,1.2937751493062633e-05,8.8253525971719587e-08,215758.83371771628,1.6501400511022188,3.489292716341045,z4c_spatial_or_other
3093,11.19287783745996,5.884879930291477e-07,1.2790827023382606e-05,8.8273198954372155e-08,218237.19201032756,1.6501400636492458,3.489292716341045,z4c_spatial_or_other
3094,11.192877925733159,5.8861558083137813e-07,1.2646575827253002e-05,8.8292337124706714e-08,220726.48052743077,1.6501400761990697,3.489292716341045,z4c_spatial_or_other
3095,11.192878014025496,5.8875236960707454e-07,1.2496914190482464e-05,8.8312855441061181e-08,223369.87599696949,1.650140088751614,3.489292716341045,z4c_spatial_or_other
3096,11.192878102338351,5.8889757656232419e-07,1.2328108449848534e-05,8.8334636484348626e-08,226428.42447635447,1.650140101307074,3.489292716341045,z4c_spatial_or_other
3097,11.192878190672987,5.8905036442065344e-07,1.2164769184754158e-05,8.8357554663098009e-08,229468.73308301487,1.6501401138656306,3.489292716341045,z4c_spatial_or_other
3098,11.192878279030541,5.8920984756507457e-07,1.2007263865837629e-05,8.8381477134761181e-08,232478.78986109924,1.6501401264274451,3.489292716341045,z4c_spatial_or_other
3099,11.192878367412018,5.8937509884021677e-07,1.1855904162255875e-05,8.8406264826032508e-08,235446.75588383788,1.6501401389926602,3.489292716341045,z4c_spatial_or_other
3100,11.192878455818283,5.8941027602549805e-07,1.1710948500612601e-05,8.8411541403824705e-08,238361.06639242894,1.6501401515613989,3.489292716341045,z4c_spatial_or_other
3101,11.192878544229824,5.8941149688862894e-07,1.1572635478079433e-05,8.8411724533294342e-08,241209.89366340052,1.6501401641308868,3.489292716341045,z4c_spatial_or_other
3102,11.192878632641548,5.8942320075743476e-07,1.1441128106350675e-05,8.8413480113615209e-08,243982.42438377935,1.6501401767004003,3.489292716341045,z4c_spatial_or_other
3103,11.192878721055029,5.8944430153401796e-07,1.1316532447598137e-05,8.8416645230102694e-08,246668.68459916805,1.6501401892701628,3.489292716341045,z4c_spatial_or_other
3104,11.192878809471674,5.8947370030766452e-07,1.1187951566898811e-05,8.8421055046149673e-08,249503.59825758473,1.6501402018403748,3.489292716341045,z4c_spatial_or_other
3105,11.192878897892729,5.895103224167545e-07,1.1042127689977309e-05,8.8426548362513177e-08,252798.57754285511,1.6501402144112132,3.489292716341045,z4c_spatial_or_other
3106,11.192878986319277,5.8955314484327784e-07,1.0902821208173017e-05,8.8432971726491671e-08,256028.61129010445,1.6501402269828322,3.489292716341045,z4c_spatial_or_other
3107,11.192879074752248,5.8957588391759715e-07,1.0770000468218854e-05,8.8436382587639571e-08,259186.0772253508,1.6501402395553642,3.489292716341045,z4c_spatial_or_other
3108,11.19287916318863,5.8955842116466065e-07,1.0643958682861415e-05,8.84337631746991e-08,262255.26199829398,1.6501402521283801,3.489292716341045,z4c_spatial_or_other
3109,11.192879251622394,5.8950421815074177e-07,1.0524367208486254e-05,8.8425632722611261e-08,265235.34553431219,1.650140264701023,3.489292716341045,z4c_spatial_or_other
3110,11.192879340048027,5.893196148897914e-07,1.0402114743484474e-05,8.8397942233468707e-08,268352.5650225397,1.6501402772725098,3.489292716341045,z4c_spatial_or_other
3111,11.192879428445968,5.89141503193309e-07,1.025949495648818e-05,8.8371225478996351e-08,272083.00066539948,1.6501402898400592,3.489292716341045,z4c_spatial_or_other
3112,11.192879516817193,5.889696705580166e-07,1.0122952269455936e-05,8.8345450583702493e-08,275752.97193640366,1.6501403024038097,3.489292716341045,z4c_spatial_or_other
3113,11.192879605162643,5.8880391584235118e-07,9.9924509838011274e-06,8.8320587376352671e-08,279354.30232262943,1.6501403149638956,3.489292716341045,z4c_spatial_or_other
3114,11.192879693483231,5.8864405245020541e-07,9.8679213901248339e-06,8.8296607867530804e-08,282879.65243281325,1.6501403275204463,3.489292716341045,z4c_spatial_or_other
3115,11.192879781779839,5.8848991078417314e-07,9.74926334604051e-06,8.8273486617625973e-08,286322.57371594413,1.6501403400735866,3.489292716341045,z4c_spatial_or_other
3116,11.192879870053325,5.8834133991232889e-07,9.6363494618561294e-06,8.8251200986849326e-08,289677.557266085,1.6501403526234399,3.489292716341045,z4c_spatial_or_other
3117,11.192879958304525,5.8819820841570354e-07,9.5290279151661043e-06,8.8229731262355532e-08,292940.07719613001,1.6501403651701236,3.489292716341045,z4c_spatial_or_other
3118,11.192880046534256,5.8805772737393635e-07,9.4260049703556506e-06,8.8208659106090453e-08,296141.81000877544,1.6501403777137549,3.489292716341045,z4c_spatial_or_other
3119,11.192880134742916,5.8791306646337909e-07,9.3259749626327571e-06,8.8186959969506862e-08,299318.21436981473,1.6501403902543901,3.489292716341045,z4c_spatial_or_other
3120,11.192880222929876,5.8777282874671906e-07,9.2297214754852669e-06,8.8165924312007854e-08,302439.69771862181,1.6501404027919395,3.489292716341045,z4c_spatial_or_other
3121,11.1928803110958,5.8763699664502887e-07,9.1319512874940489e-06,8.8145549496754323e-08,305677.73361818376,1.6501404153264976,3.489292716341045,z4c_spatial_or_other
3122,11.19288039924135,5.8750557288228908e-07,9.0278393998669074e-06,8.8125835932343354e-08,309202.90552731685,1.6501404278581586,3.489292716341045,z4c_spatial_or_other
3123,11.192880487367185,5.8737857848158904e-07,8.9274634274972381e-06,8.8106786772238351e-08,312679.42968828249,1.6501404403870163,3.489292716341045,z4c_spatial_or_other
3124,11.192880575473973,5.8725605046530939e-07,8.8306530508850636e-06,8.8088407569796412e-08,316107.33169876505,1.6501404529131654,3.489292716341045,z4c_spatial_or_other
3125,11.192880663562381,5.8713803932844198e-07,8.7371667973079546e-06,8.807070589926629e-08,319489.62836933788,1.6501404654367009,3.489292716341045,z4c_spatial_or_other
3126,11.192880751633087,5.8702460635259266e-07,8.6460237584136747e-06,8.8053690952888894e-08,322857.56447944266,1.6501404779577196,3.489292716341045,z4c_spatial_or_other
3127,11.192880839686778,5.8691582082517192e-07,8.5579001758579683e-06,8.8037373123775786e-08,326182.13764020475,1.6501404904763184,3.489292716341045,z4c_spatial_or_other
3128,11.192880927724151,5.868117572240577e-07,8.4726007672587702e-06,8.8021763583608658e-08,329466.03407302743,1.6501405029925966,3.489292716341045,z4c_spatial_or_other
3129,11.192881015745915,5.8671249242293099e-07,8.3899290249709379e-06,8.8006873863439649e-08,332712.48955321236,1.6501405155066553,3.489292716341045,z4c_spatial_or_other
3130,11.192881103752789,5.8661810296655336e-07,8.3096898879829983e-06,8.7992715444982999e-08,335925.19223968271,1.6501405280185968,3.489292716341045,z4c_spatial_or_other
3131,11.192881191745505,5.8646507336028658e-07,8.2316925909508545e-06,8.7969761004042987e-08,339108.16545086674,1.650140540528525,3.489292716341045,z4c_spatial_or_other
3132,11.192881279715266,5.8631392615318582e-07,8.1557617343479978e-06,8.794708892297787e-08,342265.29219419305,1.6501405530351887,3.489292716341045,z4c_spatial_or_other
3133,11.192881367662356,5.8617634702821642e-07,8.0817237736366518e-06,8.7926452054232463e-08,345400.8391351804,1.6501405655386292,3.489292716341045,z4c_spatial_or_other
3134,11.192881455588807,5.8605285003629203e-07,8.0094168106339649e-06,8.7907927505443799e-08,348519.02942130534,1.6501405780391352,3.489292716341045,z4c_spatial_or_other
3135,11.192881543496735,5.8594384523073526e-07,7.9382451704627356e-06,8.7891576784610286e-08,351643.73399040761,1.6501405905370068,3.489292716341045,z4c_spatial_or_other
3136,11.192881631388312,5.8584961804887514e-07,7.8684192118362361e-06,8.7877442707331263e-08,354764.29228297377,1.6501406030325527,3.489292716341045,z4c_spatial_or_other
3137,11.192881719265754,5.8577031471490064e-07,7.7999496131515773e-06,8.7865547207235093e-08,357878.48787717416,1.6501406155260894,3.489292716341045,z4c_spatial_or_other
3138,11.192881807131302,5.8570593281130953e-07,7.7327486701488417e-06,8.7855889921696424e-08,360988.60730451054,1.6501406280179343,3.489292716341045,z4c_spatial_or_other
3139,11.192881894987192,5.8565631606193716e-07,7.6667507880510589e-06,8.7848447409290569e-08,364096.11453960382,1.6501406405084058,3.489292716341045,z4c_spatial_or_other
3140,11.192881982835639,5.8557684085795576e-07,7.6014617868137616e-06,8.7836526128693364e-08,367223.3382683224,1.6501406529978186,3.489292716341045,z4c_spatial_or_other
3141,11.192882070672164,5.8547830320173764e-07,7.537191300808763e-06,8.7821745480260645e-08,370354.69336877612,1.6501406654855357,3.489292716341045,z4c_spatial_or_other
3142,11.19288215849391,5.8538691682831565e-07,7.4719694726609898e-06,8.7808037524247342e-08,373587.47024949017,1.6501406779711512,3.489292716341045,z4c_spatial_or_other
3143,11.192882246301949,5.8530246376663932e-07,7.4064116559302992e-06,8.7795369564995899e-08,376894.27792441705,1.6501406904548173,3.489292716341045,z4c_spatial_or_other
3144,11.192882334097318,5.8522470935795832e-07,7.3414428614015699e-06,8.7783706403693751e-08,380229.63956432918,1.6501407029366815,3.489292716341045,z4c_spatial_or_other
3145,11.192882421881023,5.8515340333983309e-07,7.2769762296743085e-06,8.7773010500974961e-08,383598.08867999708,1.6501407154168877,3.489292716341045,z4c_spatial_or_other
3146,11.192882509654034,5.8508828157053976e-07,7.2131124545318377e-06,8.7763242235580966e-08,386994.40646028478,1.6501407278955724,3.489292716341045,z4c_spatial_or_other
3147,11.192882597417276,5.8502906829606406e-07,7.1499090703169733e-06,8.7754360244409612e-08,390415.33893928037,1.6501407403728678,3.489292716341045,z4c_spatial_or_other
3148,11.192882685171636,5.8497547883881577e-07,7.0874204662712755e-06,8.7746321825822366e-08,393857.56586012495,1.6501407528489003,3.489292716341045,z4c_spatial_or_other
3149,11.192882772917958,5.8481859665685479e-07,7.0256887167044778e-06,8.7722789498528216e-08,397318.22539131896,1.6501407653237894,3.489292716341045,z4c_spatial_or_other
3150,11.192882860640747,5.8460670931531889e-07,6.9647705022445381e-06,8.7691006397297835e-08,400793.41769743024,1.6501407777953321,3.489292716341045,z4c_spatial_or_other
3151,11.192882948331754,5.8443575385783162e-07,6.9047314099801485e-06,8.7665363078674741e-08,404278.45883158862,1.6501407902623555,3.489292716341045,z4c_spatial_or_other
3152,11.192883035997117,5.8430556589202514e-07,6.8456073506101948e-06,8.7645834883803769e-08,407770.12617061904,1.6501408027257334,3.489292716341045,z4c_spatial_or_other
3153,11.192883123642952,5.842155326671481e-07,6.7874286458211561e-06,8.7632329900072207e-08,411265.34343627316,1.6501408151863342,3.489292716341045,z4c_spatial_or_other
3154,11.192883211275282,5.841645903101727e-07,6.7302194048083346e-06,8.7624688546525906e-08,414761.24405075493,1.6501408276450138,3.489292716341045,z4c_spatial_or_other
3155,11.19288329889997,5.8415122647042722e-07,6.6739758264870178e-06,8.7622683970564078e-08,418256.56035409466,1.6501408401026072,3.489292716341045,z4c_spatial_or_other
3156,11.192883386522654,5.84173488929302e-07,6.6187195021662807e-06,8.76260233393953e-08,421748.37174459663,1.6501408525599151,3.489292716341045,z4c_spatial_or_other
3157,11.192883474148678,5.841494356483293e-07,6.5644675207092092e-06,8.7622415347249387e-08,425233.90728441847,1.6501408650176972,3.489292716341045,z4c_spatial_or_other
3158,11.192883561771094,5.8404597389696696e-07,6.5112332925398663e-06,8.7606896084545037e-08,428710.51422333065,1.6501408774749655,3.489292716341045,z4c_spatial_or_other
3159,11.19288364937799,5.8395184093348477e-07,6.4585102722923399e-06,8.7592776140022716e-08,432210.22424449341,1.6501408899300276,3.489292716341045,z4c_spatial_or_other
3160,11.192883736970765,5.8386665355075224e-07,6.4057636624599281e-06,8.7579998032612833e-08,435769.14793651248,1.6501409023830811,3.489292716341045,z4c_spatial_or_other
3161,11.192883824550764,5.8378994433178987e-07,6.3549347447121063e-06,8.7568491649768478e-08,439254.57698768156,1.6501409148343178,3.489292716341045,z4c_spatial_or_other
3162,11.192883912119255,5.83721176161314e-07,6.3060730318146311e-06,8.7558176424197103e-08,442658.07880591182,1.6501409272839185,3.489292716341045,z4c_spatial_or_other
3163,11.192883999677431,5.8365975983614047e-07,6.2592256115447497e-06,8.7548963975421063e-08,445971.17060682568,1.6501409397320519,3.489292716341045,z4c_spatial_or_other
3164,11.192884087226394,5.8360507339837727e-07,6.2144365777591128e-06,8.7540761009756585e-08,449185.39889249462,1.6501409521788748,3.489292716341045,z4c_spatial_or_other
3165,11.192884174767155,5.8355648177732331e-07,6.1717464870126753e-06,8.7533472266598497e-08,452292.42305187113,1.6501409646245309,3.489292716341045,z4c_spatial_or_other
3166,11.192884262300627,5.833782153139362e-07,6.131191851424732e-06,8.7506732297090425e-08,455284.10147925455,1.6501409770691504,3.489292716341045,z4c_spatial_or_other
3167,11.192884349807359,5.8300582645996687e-07,6.0928133253490846e-06,8.7450873968995034e-08,458151.92818383331,1.6501409895099679,3.489292716341045,z4c_spatial_or_other
3168,11.192884437258233,5.826482424617738e-07,6.0523577258444424e-06,8.7397236369266072e-08,461214.33985189092,1.6501410019428435,3.489292716341045,z4c_spatial_or_other
3169,11.192884524655469,5.8230579911290397e-07,6.0085599854727938e-06,8.7345869866935596e-08,464576.23454235808,1.650141014368093,3.489292716341045,z4c_spatial_or_other
3170,11.192884612001338,5.8197882778803674e-07,5.965611991421377e-06,8.7296824168205511e-08,467920.83982112026,1.6501410267860392,3.489292716341045,z4c_spatial_or_other
3171,11.192884699298162,5.8166765864099247e-07,5.9235118871810378e-06,8.725014879614887e-08,471246.48793458613,1.6501410391970119,3.489292716341045,z4c_spatial_or_other
3172,11.19288478654831,5.8137262322980984e-07,5.882269671456717e-06,8.7205893484471468e-08,474550.52708958014,1.6501410516013486,3.489292716341045,z4c_spatial_or_other
3173,11.192884873754204,5.810940564441616e-07,5.8418008439800776e-06,8.7164108466624237e-08,477837.95573061751,1.6501410639993928,3.489292716341045,z4c_spatial_or_other
3174,11.192884960918313,5.8083229767286356e-07,5.8021697189279514e-06,8.7124844650929531e-08,481101.77886844036,1.6501410763914957,3.489292716341045,z4c_spatial_or_other
3175,11.192885048043157,2.9094386196969117e-07,5.7633901719997629e-06,4.3641579295453671e-08,484338.92028244783,1.6501410887780166,3.489292716341045,z4c_spatial_or_other
3176,11.192885091684737,1.4530139610693623e-07,5.7427694588580777e-06,2.1795209416040433e-08,486078.04876567336,1.6501410949825299,3.489292716341045,z4c_spatial_or_other
3177,11.192885113479946,1.4506228600153658e-07,5.7408024016809898e-06,2.1759342900230487e-08,486244.60097345698,1.6501410980811502,3.489292716341045,z4c_spatial_or_other
3178,11.192885135239289,1.4499864770379851e-07,5.7421228757913724e-06,2.1749797155569778e-08,486132.78284960496,1.6501411011746716,3.489292716341045,z4c_spatial_or_other
3179,11.192885156989085,1.4494250809094216e-07,5.7401359395139859e-06,2.1741376213641323e-08,486301.0567149017,1.6501411042668355,3.489292716341045,z4c_spatial_or_other
3180,11.192885178730462,1.4488896059715244e-07,5.733101602863212e-06,2.1733344089572865e-08,486897.73292675382,1.6501411073578021,3.489292716341045,z4c_spatial_or_other
3181,11.192885200463806,1.4484364861584006e-07,5.7168223973949366e-06,2.1726547292376008e-08,488284.22137879388,1.6501411104476265,3.489292716341045,z4c_spatial_or_other
3182,11.192885222190354,1.4480725568632539e-07,5.6962157264754534e-06,2.1721088352948807e-08,490050.64188466797,1.6501411135364847,3.489292716341045,z4c_spatial_or_other
3183,11.192885243911443,1.4477965176457732e-07,5.6711878706055229e-06,2.1716947764686596e-08,492213.31346492493,1.650141116624567,3.489292716341045,z4c_spatial_or_other
3184,11.192885265628391,1.4476048459019031e-07,5.6416983426025825e-06,2.1714072688528547e-08,494786.14480211906,1.6501411197120603,3.489292716341045,z4c_spatial_or_other
3185,11.192885287342463,1.4474796714493208e-07,5.6077611401558693e-06,2.1712195071739812e-08,497780.50514384918,1.6501411227991452,3.489292716341045,z4c_spatial_or_other
3186,11.192885309054658,1.4474340313296956e-07,5.5694448367478733e-06,2.1711510469945432e-08,501205.10300319601,1.6501411258859631,3.489292716341045,z4c_spatial_or_other
3187,11.192885330766169,1.4474649278541474e-07,5.5268700293394408e-06,2.1711973917812212e-08,505066.00630275038,1.6501411289726833,3.489292716341045,z4c_spatial_or_other
3188,11.192885352478143,1.4475692680707605e-07,5.4802064452502627e-06,2.1713539021061405e-08,509366.60889704141,1.6501411320594694,3.489292716341045,z4c_spatial_or_other
3189,11.192885374191683,1.4477440055900823e-07,5.4296685546905131e-06,2.1716160083851235e-08,514107.65591969836,1.6501411351464781,3.489292716341045,z4c_spatial_or_other
3190,11.192885395907842,1.4479862595928436e-07,5.3755102090153522e-06,2.1719793893892655e-08,519287.29823473841,1.6501411382338596,3.489292716341045,z4c_spatial_or_other
3191,11.192885417627636,1.4482934045510754e-07,5.3180185569179073e-06,2.1724401068266129e-08,524901.17196782224,1.6501411413217573,3.489292716341045,z4c_spatial_or_other
3192,11.192885439352038,1.4484896071723816e-07,5.2575075022642137e-06,2.1727344107585725e-08,530942.49924905843,1.65014114441031,3.489292716341045,z4c_spatial_or_other
3193,11.192885461079381,1.4482665729187258e-07,5.19431867777089e-06,2.1723998593780885e-08,537401.40839236358,1.6501411474992813,3.489292716341045,z4c_spatial_or_other
3194,11.19288548280338,1.4480625886055905e-07,5.1343026494360169e-06,2.1720938829083856e-08,543683.21535923961,1.6501411505877772,3.489292716341045,z4c_spatial_or_other
3195,11.19288550452432,1.4476425739841568e-07,5.0815757384574923e-06,2.1714638609762349e-08,549324.52387695271,1.6501411536758379,3.489292716341045,z4c_spatial_or_other
3196,11.192885526238959,1.4471433959308812e-07,5.028716373149341e-06,2.1707150938963218e-08,555098.75004635449,1.6501411567630027,3.489292716341045,z4c_spatial_or_other
3197,11.19288554794611,1.4466592292574532e-07,4.9748832315150598e-06,2.1699888438861799e-08,561105.46583074832,1.6501411598491025,3.489292716341045,z4c_spatial_or_other
3198,11.192885569645998,1.4461925460627551e-07,4.9210381539645907e-06,2.1692888190941325e-08,567244.9767177566,1.65014116293417,3.489292716341045,z4c_spatial_or_other
3199,11.192885591338886,1.4457459808296657e-07,4.8673088770641398e-06,2.1686189712444984e-08,573506.68379126408,1.6501411660182423,3.489292716341045,z4c_spatial_or_other
3200,11.192885613025075,1.4453222380115582e-07,4.8137999277999513e-06,2.1679833570173372e-08,579881.63507838268,1.6501411691013628,3.489292716341045,z4c_spatial_or_other
3201,11.192885634704908,1.4449239990994824e-07,4.7606112454348936e-06,2.1673859986492234e-08,586360.45439535403,1.650141172183579,3.489292716341045,z4c_spatial_or_other
3202,11.192885656378767,1.4445538342603761e-07,4.7074604101577806e-06,2.166830751390564e-08,592980.91324346908,1.6504651709545657,3.489292716341045,z4c_spatial_or_other
3203,11.192885678047075,1.4442141229505586e-07,4.6442219368684141e-06,2.166321184425838e-08,601055.2921497745,1.6508533971020067,3.489292716341045,z4c_spatial_or_other
3204,11.192885699710287,1.4439069870094229e-07,4.560703168615797e-06,2.1658604805141343e-08,612062.23467510927,1.6512045529703263,3.489292716341045,z4c_spatial_or_other
3205,11.192885721368892,1.4436336618499627e-07,4.4761817721246824e-06,2.1654504927749438e-08,623619.48535165121,1.6515171778139197,3.489292716341045,z4c_spatial_or_other
3206,11.192885743023398,7.2374299686228741e-08,4.2695163571048308e-06,1.0856144952934311e-08,653805.70996704523,1.6501411875831906,3.489292716341045,z4c_spatial_or_other
3207,11.192885753879542,7.2325242462910241e-08,4.2303448920461859e-06,1.0848786369436536e-08,659859.71458763035,1.6501411891266062,3.489292716341045,z4c_spatial_or_other
3208,11.192885764728329,7.2276748626418999e-08,4.1908881081534955e-06,1.0841512293962849e-08,666072.22646723001,1.6501411906689754,3.489292716341045,z4c_spatial_or_other
3209,11.192885775569842,7.2228898401233278e-08,4.1511584258038085e-06,1.0834334760184992e-08,672447.03447624203,1.6504375975467709,3.489292716341045,z4c_spatial_or_other
3210,11.192885786404176,7.2181787057623187e-08,4.111177316151945e-06,1.0827268058643478e-08,678986.56720688811,1.6515147990948977,3.489292716341045,z4c_spatial_or_other
3211,11.192885797231444,7.2135524413057786e-08,4.0709746034940912e-06,1.0820328661958668e-08,685691.86618775909,1.652573964364253,3.489292716341045,z4c_spatial_or_other
3212,11.192885808051773,7.2090367347433883e-08,4.0305875789742476e-06,1.0813555102115082e-08,692562.59003885335,1.6536091288904302,3.489292716341045,z4c_spatial_or_other
3213,11.192885818865328,7.2046854971202336e-08,3.9900596180772468e-06,1.0807028245680351e-08,699597.1088817938,1.6546078187372659,3.489292716341045,z4c_spatial_or_other
3214,11.192885829672356,7.2004594430513017e-08,3.9494388836629282e-06,1.0800689164576952e-08,706792.59897393466,1.6555789320613761,3.489292716341045,z4c_spatial_or_other
3215,11.192885840473044,7.1963622019476927e-08,3.9087778307456228e-06,1.0794543302921539e-08,714145.00745373743,1.6565215341512034,3.489292716341045,z4c_spatial_or_other
3216,11.192885851267588,7.1923988323425607e-08,3.8681322643711228e-06,1.0788598248513841e-08,721649.101501617,1.6574343599346095,3.489292716341045,z4c_spatial_or_other
3217,11.192885862056187,7.1885758496535261e-08,3.827560378347566e-06,1.078286377448029e-08,729298.53409078135,1.6583158061346308,3.489292716341045,z4c_spatial_or_other
3218,11.192885872839051,7.1849010802944201e-08,3.7871218455227033e-06,1.077735162044163e-08,737085.9156203249,1.6591639636866975,3.489292716341045,z4c_spatial_or_other
3219,11.192885883616404,7.1813833595117196e-08,3.7468769638633219e-06,1.0772075039267578e-08,745002.89174017881,1.6599766867046435,3.489292716341045,z4c_spatial_or_other
3220,11.192885894388478,7.177334082238088e-08,3.7068858581176861e-06,1.0766001123357131e-08,753040.22835229523,1.6609132051661242,3.489292716341045,z4c_spatial_or_other
3221,11.19288590515448,7.1728388517022873e-08,3.6672115767538435e-06,1.075925827755343e-08,761187.10760172957,1.6619541023494486,3.489292716341045,z4c_spatial_or_other
3222,11.192885915913738,7.1685013244151983e-08,3.6279149913849717e-06,1.0752751986622798e-08,769432.07867370523,1.6629597199733555,3.489292716341045,z4c_spatial_or_other
3223,11.19288592666649,7.1643272860010348e-08,3.5890513247216133e-06,1.0746490929001551e-08,777763.79341394769,1.6639285838282964,3.489292716341045,z4c_spatial_or_other
3224,11.192885937412981,7.1603228910824152e-08,3.5506728899930525e-06,1.0740484336623623e-08,786170.46952987497,1.6648591322501178,3.489292716341045,z4c_spatial_or_other
3225,11.192885948153465,7.1564946130071433e-08,3.5128285393361979e-06,1.0734741919510714e-08,794640.02920003608,1.665749728003914,3.489292716341045,z4c_spatial_or_other
3226,11.192885958888207,7.1528491451892062e-08,3.4755631691101358e-06,1.0729273717783808e-08,803160.24691547756,1.6665986816030907,3.489292716341045,z4c_spatial_or_other
3227,11.19288596961748,7.149393268244081e-08,3.4389172898910106e-06,1.0724089902366122e-08,811718.90387666319,1.6674042828260798,3.489292716341045,z4c_spatial_or_other
3228,11.19288598034157,7.1461336978062878e-08,3.4029266697071342e-06,1.0719200546709431e-08,820303.94540152559,1.6681648369855715,3.489292716341045,z4c_spatial_or_other
3229,11.19288599106077,7.1425612768464251e-08,3.367622058886328e-06,1.0713841915269637e-08,828903.63712487475,1.6689991857292736,3.489292716341045,z4c_spatial_or_other
3230,11.192886001774612,7.1391239307550596e-08,3.3330314752661772e-06,1.0708685896132589e-08,837506.09431310918,1.6698027756211433,3.489292716341045,z4c_spatial_or_other
3231,11.192886012483298,7.1358683166927138e-08,3.2991753578776642e-06,1.070380247503907e-08,846100.57674186374,1.6705645936867792,3.489292716341045,z4c_spatial_or_other
3232,11.1928860231871,7.132802905463319e-08,3.2660686293034347e-06,1.0699204358194978e-08,854677.13324449479,1.6712825397078299,3.489292716341045,z4c_spatial_or_other
3233,11.192886033886305,7.1299361070455229e-08,3.2337209898106455e-06,1.0694904160568284e-08,863226.66113389458,1.6719545275164991,3.489292716341045,z4c_spatial_or_other
3234,11.19288604458121,7.1272761570948275e-08,3.2021371150510806e-06,1.069091423564224e-08,871740.9882144623,1.6725785127901167,3.489292716341045,z4c_spatial_or_other
3235,11.192886055272124,7.1248310075025483e-08,3.1695320796378445e-06,1.0687246511253823e-08,880708.60396269907,1.6731525200422603,3.489292716341045,z4c_spatial_or_other
3236,11.192886065959371,7.1226082229706704e-08,3.1357546071174342e-06,1.0683912334456005e-08,890195.35098088649,1.6736746683093837,3.489292716341045,z4c_spatial_or_other
3237,11.192886076643283,7.1206148845947981e-08,3.0999431839950331e-06,1.0680922326892197e-08,900479.14022585156,1.6741431952553198,3.489292716341045,z4c_spatial_or_other
3238,11.192886087324206,7.1185000748406229e-08,3.0611604878322352e-06,1.0677750112260934e-08,911887.56165136374,1.6746405604758001,3.489292716341045,z4c_spatial_or_other
3239,11.192886098001956,7.1163897343748692e-08,3.0228924001636894e-06,1.0674584601562304e-08,923431.53627356375,1.6751371692721528,3.489292716341045,z4c_spatial_or_other
3240,11.192886108676541,7.1144915514907638e-08,2.9851656662150337e-06,1.0671737327236146e-08,935101.92907054489,1.6755841044719808,3.489292716341045,z4c_spatial_or_other
3241,11.192886119348278,7.1128130000320504e-08,2.9480039495037201e-06,1.0669219500048076e-08,946889.563544431,1.6759795252629881,3.489292716341045,z4c_spatial_or_other
3242,11.192886130017499,7.1113613813523447e-08,2.9114286332218352e-06,1.0667042072028516e-08,958785.02437608747,1.6763216374205918,3.489292716341045,z4c_spatial_or_other
3243,11.192886140684541,7.1101437423780886e-08,2.8754585575295558e-06,1.0665215613567133e-08,970778.78787830321,1.6766087138332595,3.489292716341045,z4c_spatial_or_other
3244,11.192886151349757,7.1091667859689468e-08,2.8401097987034879e-06,1.066375017895342e-08,982861.35780635243,1.6768391168717471,3.489292716341045,z4c_spatial_or_other
3245,11.192886162013508,7.1084367755475526e-08,2.8053954976885132e-06,1.0662655163321328e-08,995023.40235906828,1.6770113221074365,3.489292716341045,z4c_spatial_or_other
3246,11.192886172676163,7.1079594364080842e-08,2.7713257435815935e-06,1.0661939154612125e-08,1007255.8881025856,1.6771239427756517,3.489292716341045,z4c_spatial_or_other
3247,11.192886183338102,7.107739856466649e-08,2.7379075153800445e-06,1.0661609784699974e-08,1019550.206642156,1.6771757542916288,3.489292716341045,z4c_spatial_or_other
3248,11.192886193999712,7.1077823894690888e-08,2.7051446823836405e-06,1.0661673584203633e-08,1031898.2904134953,1.6771657180642177,3.489292716341045,z4c_spatial_or_other
3249,11.192886204661386,7.108007448038595e-08,2.673038063314044e-06,1.0662011172057892e-08,1044292.7137416084,1.6771126145017787,3.489292716341045,z4c_spatial_or_other
3250,11.192886215323398,7.1079753760921185e-08,2.6415859043498576e-06,1.0661963064138178e-08,1056726.6309515908,1.6771201818135886,3.489292716341045,z4c_spatial_or_other
3251,11.192886225985362,7.1081774156250608e-08,2.6107855453597946e-06,1.066226612343759e-08,1069193.2081645359,1.6770725121286034,3.489292716341045,z4c_spatial_or_other
3252,11.192886236647627,7.1086189450431107e-08,2.5806295169719646e-06,1.0662928417564665e-08,1081687.2994416587,1.6769683460654015,3.489292716341045,z4c_spatial_or_other
3253,11.192886247310556,7.109304983771031e-08,2.5503081509469668e-06,1.0663957475656546e-08,1094547.7988753382,1.6768065207908462,3.489292716341045,z4c_spatial_or_other
3254,11.192886257974513,7.1102401043113271e-08,2.5183328810955045e-06,1.066536015646699e-08,1108445.2710868507,1.6765859914983483,3.489292716341045,z4c_spatial_or_other
3255,11.192886268639873,7.1114283453055389e-08,2.4869943065373606e-06,1.0667142517958307e-08,1122412.7718086122,1.6763058525292569,3.489292716341045,z4c_spatial_or_other
3256,11.192886279307015,7.1128731276601102e-08,2.4562961795391148e-06,1.0669309691490165e-08,1136440.3838288772,1.675965357616283,3.489292716341045,z4c_spatial_or_other
3257,11.192886289976324,7.1145771757657111e-08,2.4262402682458773e-06,1.0671865763648567e-08,1150518.4418899233,1.6755639387375296,3.489292716341045,z4c_spatial_or_other
3258,11.192886300648189,7.1165424457476425e-08,2.3968265450027767e-06,1.0674813668621464e-08,1164637.5407902545,1.6751012230948268,3.489292716341045,z4c_spatial_or_other
3259,11.192886311323003,7.1187700625312027e-08,2.3680533861246027e-06,1.0678155093796803e-08,1178788.531301277,1.6745770477715685,3.489292716341045,z4c_spatial_or_other
3260,11.192886322001158,7.1212602672893259e-08,2.3399177754536675e-06,1.0681890400933989e-08,1192962.5059289222,1.6739914716831112,3.489292716341045,z4c_spatial_or_other
3261,11.192886332683049,7.1236110819472261e-08,2.3124155045152662e-06,1.0685416622920839e-08,1207150.7770217892,1.6734390490924387,3.489292716341045,z4c_spatial_or_other
3262,11.192886343368466,7.1260361652434344e-08,2.2855428587385863e-06,1.0689054247865152e-08,1221344.0506705074,1.6728695559000004,3.489292716341045,z4c_spatial_or_other
3263,11.192886354057521,7.1286941177261529e-08,2.2592943709148602e-06,1.0693041176589229e-08,1235533.6289987285,1.6722458220553522,3.489292716341045,z4c_spatial_or_other
3264,11.192886364750562,7.1305981057989795e-08,2.2336632664199135e-06,1.0695897158698469e-08,1249711.2770032301,1.6717993046590853,3.489292716341045,z4c_spatial_or_other
3265,11.192886375446459,7.1322517659517605e-08,2.2086456332985052e-06,1.0698377648927641e-08,1263866.9286679388,1.6714116868373534,3.489292716341045,z4c_spatial_or_other
3266,11.192886386144837,7.1341288806749823e-08,2.1842350697653364e-06,1.0701193321012473e-08,1277991.6464635532,1.6709719090398951,3.489292716341045,z4c_spatial_or_other
3267,11.192886396846029,7.1362300354619042e-08,2.1604230897280027e-06,1.0704345053192855e-08,1292077.5501544366,1.6704799166842612,3.489292716341045,z4c_spatial_or_other
3268,11.192886407550375,7.1385552158617776e-08,2.137106824587411e-06,1.0707832823792666e-08,1306174.3760103099,1.6699358055800948,3.489292716341045,z4c_spatial_or_other
3269,11.192886418258208,7.1411038118552421e-08,2.1126782185284517e-06,1.0711655717782862e-08,1321277.4896771361,1.6693398204473231,3.489292716341045,z4c_spatial_or_other
3270,11.192886428969864,7.1433622813380429e-08,2.0888040400634763e-06,1.0715043422007063e-08,1336379.1526312865,1.6688120363461647,3.489292716341045,z4c_spatial_or_other
3271,11.192886439684907,7.1456696730630872e-08,2.0654880141842321e-06,1.0718504509594631e-08,1351464.7162817442,1.6682731640977269,3.489292716341045,z4c_spatial_or_other
3272,11.192886450403412,7.1470717827415185e-08,2.0427324925810765e-06,1.0720607674112277e-08,1366519.6902731715,1.6679458829368885,3.489292716341045,z4c_spatial_or_other
3273,11.19288646112402,7.1452943127794736e-08,2.0205424763565804e-06,1.071794146916921e-08,1381527.0927173574,1.668360802683432,3.489292716341045,z4c_spatial_or_other
3274,11.192886471841963,7.143558115797422e-08,1.9989290931625533e-06,1.0715337173696133e-08,1396464.8284029134,1.6687662873093898,3.489292716341045,z4c_spatial_or_other
3275,11.1928864825573,7.1416539830432404e-08,1.9778926399241776e-06,1.0712480974564861e-08,1411317.3368094671,1.6692112196113866,3.489292716341045,z4c_spatial_or_other
3276,11.192886493269782,7.1397833376429189e-08,1.9574334793657129e-06,1.0709675006464379e-08,1426068.4730790304,1.6696485581330851,3.489292716341045,z4c_spatial_or_other
3277,11.192886503979457,7.1380101836255515e-08,1.9375507549284936e-06,1.0707015275438327e-08,1440702.477585345,1.6700633157437195,3.489292716341045,z4c_spatial_or_other
3278,11.192886514686473,7.1363338726494955e-08,1.9182427716353966e-06,1.0704500808974243e-08,1455203.8012857991,1.6704556103752275,3.489292716341045,z4c_spatial_or_other
3279,11.192886525390973,7.1347539422974604e-08,1.8995071337662501e-06,1.0702130913446191e-08,1469557.0884949069,1.6708255185096781,3.489292716341045,z4c_spatial_or_other
3280,11.192886536093104,7.1332701183766175e-08,1.8813407020731476e-06,1.0699905177564926e-08,1483747.2925540861,1.6711730745156581,3.489292716341045,z4c_spatial_or_other
3281,11.192886546793009,7.1318823123426952e-08,1.8637395656064861e-06,1.0697823468514043e-08,1497759.7860699308,1.671498271143276,3.489292716341045,z4c_spatial_or_other
3282,11.192886557490832,7.1305906142910055e-08,1.8466990291037539e-06,1.0695885921436508e-08,1511580.4628042635,1.6718010610771017,3.489292716341045,z4c_spatial_or_other
3283,11.192886568186717,7.129395281919521e-08,1.8302136162882653e-06,1.0694092922879281e-08,1525195.8286344511,1.6720813594541681,3.489292716341045,z4c_spatial_or_other
3284,11.19288657888081,7.1282967258600975e-08,1.8142770888530088e-06,1.0692445088790146e-08,1538593.0794273487,1.6723390472553246,3.489292716341045,z4c_spatial_or_other
3285,11.192886589573254,7.1272369874314005e-08,1.7981638577818682e-06,1.0690855481147101e-08,1552380.313391584,1.6725877048988562,3.489292716341045,z4c_spatial_or_other
3286,11.19288660026411,7.1260387437483801e-08,1.782100848056954e-06,1.0689058115622569e-08,1566372.7314401823,1.6728689505843994,3.489292716341045,z4c_spatial_or_other
3287,11.192886610953169,7.1248964501021676e-08,1.7665559569112701e-06,1.068734467515325e-08,1580156.1010009055,1.6731371520363898,3.489292716341045,z4c_spatial_or_other
3288,11.192886621640513,7.1238110777658018e-08,1.7515294992728184e-06,1.0685716616648702e-08,1593712.3378348779,1.6733920685073551,3.489292716341045,z4c_spatial_or_other
3289,11.19288663232623,7.1227837659334548e-08,1.7370213698363171e-06,1.0684175648900181e-08,1607023.506760817,1.6736334201373673,3.489292716341045,z4c_spatial_or_other
3290,11.192886643010405,7.1218196403025085e-08,1.7230310364505029e-06,1.0682729460453762e-08,1620071.9046960853,1.6738599904464539,3.489292716341045,z4c_spatial_or_other
3291,11.192886653693135,7.1209212021099075e-08,1.7095575319595364e-06,1.0681381803164862e-08,1632840.1477505274,1.6740711793785881,3.489292716341045,z4c_spatial_or_other
3292,11.192886664374516,7.1200909549525427e-08,1.6965994646498788e-06,1.0680136432428814e-08,1645311.2424203756,1.6742663865531451,3.489292716341045,z4c_spatial_or_other
3293,11.192886675054652,7.1193313884705642e-08,1.684155027779986e-06,1.0678997082705845e-08,1657468.6575929057,1.6744450152135819,3.489292716341045,z4c_spatial_or_other
3294,11.192886685733649,7.1186449636353169e-08,1.6722220135106946e-06,1.0677967445452975e-08,1669296.3915792776,1.674606475807497,3.489292716341045,z4c_spatial_or_other
3295,11.192886696411616,7.1180340993737805e-08,1.6607978309159461e-06,1.0677051149060671e-08,1680779.033492194,1.6747501892589818,3.489292716341045,z4c_spatial_or_other
3296,11.192886707088666,7.1175011602400621e-08,1.6498795277990212e-06,1.0676251740360093e-08,1691901.8183083199,1.674875589999349,3.489292716341045,z4c_spatial_or_other
3297,11.192886717764917,7.1170484448593735e-08,1.6394638160943164e-06,1.067557266728906e-08,1702650.674976683,1.6749821288189464,3.489292716341045,z4c_spatial_or_other
3298,11.19288672844049,7.1166781749151611e-08,1.6295471006989032e-06,1.0675017262372742e-08,1713012.2669517233,1.6750692755922234,3.489292716341045,z4c_spatial_or_other
3299,11.192886739115506,7.1163924845172218e-08,1.6201255116508555e-06,1.0674588726775832e-08,1722974.0245423671,1.6751365219124568,3.489292716341045,z4c_spatial_or_other
3300,11.192886749790095,7.1161927108478185e-08,1.6111949396512668e-06,1.0674289066271727e-08,1732524.168476488,1.6751835482063377,3.489292716341045,z4c_spatial_or_other
3301,11.192886760464384,7.116077802392962e-08,1.6027510758168182e-06,1.0674116703589442e-08,1741651.7232098712,1.6752105986066383,3.489292716341045,z4c_spatial_or_other
3302,11.192886771138502,7.1160531775903928e-08,1.5944905510426327e-06,1.0674079766385589e-08,1750674.6410303439,1.67521639560242,3.489292716341045,z4c_spatial_or_other
3303,11.192886781812582,7.1161205205240477e-08,1.5847029826565961e-06,1.0674180780786072e-08,1761487.2967508878,1.6752005423033842,3.489292716341045,z4c_spatial_or_other
3304,11.192886792486764,7.1162813801524021e-08,1.5671490453325252e-06,1.0674422070228602e-08,1781218.0541389007,1.6751626753160829,3.489292716341045,z4c_spatial_or_other
3305,11.192886803161185,7.1165371628383037e-08,1.549944902499601e-06,1.0674805744257456e-08,1800989.2923103792,1.675102466593974,3.489292716341045,z4c_spatial_or_other
3306,11.19288681383599,7.1168891260277841e-08,1.5330897165311667e-06,1.0675333689041675e-08,1820789.8356978435,1.675019625004565,3.489292716341045,z4c_spatial_or_other
3307,11.192886824511325,7.1173383732737337e-08,1.5165827453539389e-06,1.0676007559910601e-08,1840607.8940462782,1.6749138975663036,3.489292716341045,z4c_spatial_or_other
3308,11.192886835187332,7.1178858507598635e-08,1.5004233135123838e-06,1.0676828776139795e-08,1860431.0849704728,1.6747850703176868,3.489292716341045,z4c_spatial_or_other
3309,11.192886845864161,7.1182806670650202e-08,1.4846107837109626e-06,1.0677421000597529e-08,1880246.4616990804,1.674692178159549,3.489292716341045,z4c_spatial_or_other
3310,11.192886856541582,7.1178318775249095e-08,1.4691450705400426e-06,1.0676747816287364e-08,1900039.8456544075,1.6747977699107164,3.489292716341045,z4c_spatial_or_other
3311,11.192886867218331,7.1175449494686076e-08,1.4540274783267105e-06,1.067631742420291e-08,1919794.6494692168,1.6748652856724333,3.489292716341045,z4c_spatial_or_other
3312,11.192886877894647,7.117418222527418e-08,1.4392128511494027e-06,1.0676127333791127e-08,1939556.1753381407,1.6748951069570512,3.489292716341045,z4c_spatial_or_other
3313,11.192886888570774,7.1174493575045256e-08,1.4239725745504248e-06,1.0676174036256789e-08,1960314.5615035072,1.6748877802002042,3.489292716341045,z4c_spatial_or_other
3314,11.192886899246949,7.1176353719490721e-08,1.4088306215717457e-06,1.0676453057923608e-08,1981383.8018076329,1.674844008174267,3.489292716341045,z4c_spatial_or_other
3315,11.192886909923402,7.1179727005737426e-08,1.3939602119789106e-06,1.0676959050860613e-08,2002520.6954149911,1.6747646354582453,3.489292716341045,z4c_spatial_or_other
3316,11.192886920600362,7.11845727679135e-08,1.3793496642069738e-06,1.0677685915187025e-08,2023732.0858578009,1.674650628858096,3.489292716341045,z4c_spatial_or_other
3317,11.192886931278048,7.1190846302549358e-08,1.3649803572351923e-06,1.0678626945382403e-08,2045036.1488915253,1.6745030540044632,3.489292716341045,z4c_spatial_or_other
3318,11.192886941956676,7.1197876157787415e-08,1.3508182305902965e-06,1.0679681423668112e-08,2066476.5324147292,1.6743377188189128,3.489292716341045,z4c_spatial_or_other
3319,11.192886952636357,7.1202120460321977e-08,1.3368326032857907e-06,1.0680318069048297e-08,2088095.5223651724,1.6742379128612006,3.489292716341045,z4c_spatial_or_other
3320,11.192886963316676,7.1207690235465338e-08,1.3230307728790092e-06,1.0681153535319801e-08,2109878.4928475069,1.6741069560968358,3.489292716341045,z4c_spatial_or_other
3321,11.19288697399783,7.1214548544374557e-08,1.3094183253339775e-06,1.0682182281656183e-08,2131812.3620737162,1.6739457314189201,3.489292716341045,z4c_spatial_or_other
3322,11.192886984680012,7.1222656669171339e-08,1.296012077222394e-06,1.0683398500375701e-08,2153864.32127656,1.6737551662037466,3.489292716341045,z4c_spatial_or_other
3323,11.192886995363411,7.1230967315792528e-08,1.2828086027231742e-06,1.068464509736888e-08,2176033.2501256373,1.6735598861417049,3.489292716341045,z4c_spatial_or_other
3324,11.192887006048055,7.1217720087531259e-08,1.2698040163854761e-06,1.0682658013129688e-08,2198318.9035885339,1.6738711854895831,3.489292716341045,z4c_spatial_or_other
3325,11.192887016730714,7.120556439626777e-08,1.256998654449773e-06,1.0680834659440165e-08,2220713.7320244252,1.6741569364911824,3.489292716341045,z4c_spatial_or_other
3326,11.192887027411548,7.1184957800621988e-08,1.2443889313809885e-06,1.0677743670093297e-08,2243216.8132313583,1.6746415708311293,3.489292716341045,z4c_spatial_or_other
3327,11.192887038089291,7.116581849397968e-08,1.2316822474324731e-06,1.0674872774096952e-08,2266359.0214860807,1.6750919482625755,3.489292716341045,z4c_spatial_or_other
3328,11.192887048764163,7.1148211918061776e-08,1.2188647845283663e-06,1.0672231787709266e-08,2290191.8313711621,1.6755064721523751,3.489292716341045,z4c_spatial_or_other
3329,11.192887059436394,7.1132171791074168e-08,1.2063598558835515e-06,1.0669825768661126e-08,2313931.5847246582,1.6758842946749435,3.489292716341045,z4c_spatial_or_other
3330,11.19288707010622,7.1117728155742407e-08,1.1941643698830174e-06,1.0667659223361361e-08,2337562.7706479724,1.6762246579322948,3.489292716341045,z4c_spatial_or_other
3331,11.192887080773879,7.1104907050447675e-08,1.1822237872888974e-06,1.0665736057567151e-08,2361172.3965343456,1.6765269022319986,3.489292716341045,z4c_spatial_or_other
3332,11.192887091439616,7.109373040946441e-08,1.1703204006029743e-06,1.0664059561419661e-08,2385187.9977778983,1.6767904689231419,3.489292716341045,z4c_spatial_or_other
3333,11.192887102103676,7.1084216154763593e-08,1.1587160741074077e-06,1.0662632423214539e-08,2409075.2130310768,1.6770148986554259,3.489292716341045,z4c_spatial_or_other
3334,11.192887112766307,7.1074403879420891e-08,1.147411364377964e-06,1.0661160581913134e-08,2432810.2890859302,1.6772464212717439,3.489292716341045,z4c_spatial_or_other
3335,11.192887123427468,7.1065932750671052e-08,1.1364071211854584e-06,1.0659889912600658e-08,2456368.0753433807,1.6774463506870048,3.489292716341045,z4c_spatial_or_other
3336,11.192887134087359,7.1059214868545728e-08,1.1257038794895781e-06,1.0658882230281858e-08,2479723.3303828901,1.6776049351419036,3.489292716341045,z4c_spatial_or_other
3337,11.192887144746241,7.1054257590581932e-08,1.1153020411183727e-06,1.0658138638587289e-08,2502850.4119599001,1.677721977445334,3.489292716341045,z4c_spatial_or_other
3338,11.19288715540438,7.1051066086396441e-08,1.1052019140004476e-06,1.0657659912959466e-08,2525723.2526577995,1.6777973381261519,3.489292716341045,z4c_spatial_or_other
3339,11.192887166062039,7.104964378933025e-08,1.0954036913063926e-06,1.0657446568399538e-08,2548315.4705675091,1.6778309248706365,3.489292716341045,z4c_spatial_or_other
3340,11.192887176719486,7.104999273280603e-08,1.0859074362248361e-06,1.0657498909920904e-08,2570600.4765721783,1.6778226846424229,3.489292716341045,z4c_spatial_or_other
3341,11.192887187376986,7.105211375917728e-08,1.076713073046044e-06,1.0657817063876592e-08,2592551.574743873,1.6777725987832961,3.489292716341045,z4c_spatial_or_other
3342,11.192887198034803,7.1056006601597282e-08,1.0678203849277014e-06,1.0658400990239592e-08,2614142.0527964868,1.6776806810882827,3.489292716341045,z4c_spatial_or_other
3343,11.192887208693204,7.1060420217766312e-08,1.0592290184166889e-06,1.0659063032664947e-08,2635345.2601264715,1.6775764790788121,3.489292716341045,z4c_spatial_or_other
3344,11.192887219352267,7.1064528559948193e-08,1.0509386376599658e-06,1.0659679283992228e-08,2656134.3098853817,1.6774794959797612,3.489292716341045,z4c_spatial_or_other
3345,11.192887230011946,7.1070491202777472e-08,1.0427653123325879e-06,1.066057368041662e-08,2676953.4238040647,1.6773387594951994,3.489292716341045,z4c_spatial_or_other
3346,11.192887240672519,7.1078317168817963e-08,1.0345551218802756e-06,1.0661747575322695e-08,2698197.6252744091,1.6771540787557973,3.489292716341045,z4c_spatial_or_other
3347,11.192887251334266,7.108801249844903e-08,1.0266818702344171e-06,1.0663201874767354e-08,2718889.1262251297,1.6769253403080036,3.489292716341045,z4c_spatial_or_other
3348,11.192887261997468,7.1099579850445686e-08,1.0191461828669038e-06,1.0664936977566853e-08,2738992.913872676,1.6766525175188358,3.489292716341045,z4c_spatial_or_other
3349,11.192887272662405,7.1113018146738024e-08,1.0119483314184627e-06,1.0666952722010704e-08,2758474.9995684484,1.6763356788597985,3.489292716341045,z4c_spatial_or_other
3350,11.192887283329359,7.1128322280704459e-08,1.0050882497783506e-06,1.0669248342105668e-08,2777302.5639175703,1.6759749946066151,3.489292716341045,z4c_spatial_or_other
3351,11.192887293998607,7.1145482902247962e-08,9.9856555594686546e-07,1.0671822435337195e-08,2795444.0812109993,1.6755707416389556,3.489292716341045,z4c_spatial_or_other
3352,11.19288730467043,7.1164486286528645e-08,9.9237957908029762e-07,1.0674672942979297e-08,2812869.4220611015,1.6751233061784561,3.489292716341045,z4c_spatial_or_other
3353,11.192887315345104,7.1182980346617744e-08,9.8652939108868456e-07,1.0677447051992661e-08,2829549.93362372,1.6746880921577691,3.489292716341045,z4c_spatial_or_other
3354,11.19288732602255,7.1202336868843244e-08,9.8080838753363291e-07,1.0680350530326486e-08,2846054.5490360777,1.6742328242732847,3.489292716341045,z4c_spatial_or_other
3355,11.192887336702901,7.1223515293799126e-08,9.752831013117022e-07,1.0683527294069869e-08,2862178.3452604795,1.6737349884941704,3.489292716341045,z4c_spatial_or_other
3356,11.192887347386428,7.124649974611486e-08,9.7010797713235574e-07,1.0686974961917229e-08,2877446.8810413564,1.6731950337992829,3.489292716341045,z4c_spatial_or_other
3357,11.192887358073403,7.1271270559162676e-08,9.6528475982128037e-07,1.06906905838744e-08,2891824.5571282636,1.6726135035269922,3.489292716341045,z4c_spatial_or_other
3358,11.192887368764094,7.1297804307823894e-08,9.6081472615184699e-07,1.0694670646173584e-08,2905278.2988170795,1.671991034059092,3.489292716341045,z4c_spatial_or_other
3359,11.192887379458764,7.132607385621898e-08,9.5669871466621606e-07,1.0698911078432847e-08,2917777.6977015631,1.6713283530940808,3.489292716341045,z4c_spatial_or_other
3360,11.192887390157674,7.132240667195019e-08,9.5293716150864173e-07,1.0698361000792529e-08,2929295.1160111958,1.6714142877860023,3.489292716341045,z4c_spatial_or_other
3361,11.192887400856035,7.1294811406198826e-08,9.4953166542475246e-07,1.0694221710929823e-08,2939801.0353073888,1.6720612229632243,3.489292716341045,z4c_spatial_or_other
3362,11.192887411550258,7.1268635794640823e-08,9.46482516496614e-07,1.0690295369196123e-08,2949271.7767310417,1.6726753391811859,3.489292716341045,z4c_spatial_or_other
3363,11.192887422240553,7.1243917564843169e-08,9.4378833776477611e-07,1.0686587634726476e-08,2957690.8946384499,1.673255677472846,3.489292716341045,z4c_spatial_or_other
3364,11.19288743292714,7.122069468700893e-08,9.4144754222232061e-07,1.0683104203051339e-08,2965044.8356193653,1.6738012746809914,3.489292716341045,z4c_spatial_or_other
3365,11.192887443610244,7.1199005233967764e-08,9.3945839376714198e-07,1.0679850785095164e-08,2971322.8298269189,1.6743111671159789,3.489292716341045,z4c_spatial_or_other
3366,11.192887454290096,7.1178887245485082e-08,9.3218301446455009e-07,1.0676833086822761e-08,2994513.0191803034,1.6747843941370797,3.489292716341045,z4c_spatial_or_other
3367,11.19288746496693,7.1160378597431745e-08,9.2369587954807746e-07,1.0674056789614761e-08,3022027.3088568486,1.6752200016412455,3.489292716341045,z4c_spatial_or_other
3368,11.192887475640987,7.1143516875108036e-08,9.1546224164058094e-07,1.0671527531266206e-08,3049207.3251108257,1.6756170454723562,3.489292716341045,z4c_spatial_or_other
3369,11.192887486312515,7.1128339249098796e-08,9.0749007024363809e-07,1.0669250887364819e-08,3075994.1784524508,1.6759745947856028,3.489292716341045,z4c_spatial_or_other
3370,11.192887496981765,7.1114882351486083e-08,8.9977982528115472e-07,1.0667232352722912e-08,3102352.4807311557,1.6762917354146498,3.489292716341045,z4c_spatial_or_other
3371,11.192887507648997,7.1103182150062617e-08,8.9233203498319992e-07,1.0665477322509393e-08,3128246.060476122,1.6765675732935712,3.489292716341045,z4c_spatial_or_other
3372,11.192887518314475,7.1093273818337838e-08,8.8514728226088646e-07,1.0663991072750675e-08,3153638.0769794816,1.6768012379819868,3.489292716341045,z4c_spatial_or_other
3373,11.192887528978465,7.1081289828074089e-08,8.7822619008313675e-07,1.0662193474211113e-08,3178491.1502224579,1.6770839392351409,3.489292716341045,z4c_spatial_or_other
3374,11.192887539640658,7.1070838563251522e-08,8.7114299777195038e-07,1.0660625784487728e-08,3204335.2012382057,1.6773305614606973,3.489292716341045,z4c_spatial_or_other
3375,11.192887550301284,7.1062301326294798e-08,8.6429096265504304e-07,1.0659345198944219e-08,3229738.9347885121,1.6775320715186419,3.489292716341045,z4c_spatial_or_other
3376,11.19288756096063,7.1055713153369399e-08,8.5769798161396468e-07,1.0658356973005409e-08,3254565.3982070503,1.6776876096292963,3.489292716341045,z4c_spatial_or_other
3377,11.192887571618988,7.1051107706180695e-08,8.5136465514066191e-07,1.0657666155927104e-08,3278776.2050230256,1.6777963553186279,3.489292716341045,z4c_spatial_or_other
3378,11.192887582276654,7.1048517078667905e-08,8.4525059754270801e-07,1.0657277561800185e-08,3302492.9898754591,1.6778575324631717,3.489292716341045,z4c_spatial_or_other
3379,11.192887592933932,7.1041175898434182e-08,8.393851502500835e-07,1.0656176384765128e-08,3325570.117890656,1.6780309171854337,3.489292716341045,z4c_spatial_or_other
3380,11.192887603590108,7.1030969863579977e-08,8.3366057023828981e-07,1.0654645479536996e-08,3348406.1412127782,1.6782720238753766,3.489292716341045,z4c_spatial_or_other
3381,11.192887614244754,7.102229794346445e-08,8.2784337919583503e-07,1.0653344691519667e-08,3371935.1307543563,1.678476943194303,3.489292716341045,z4c_spatial_or_other
3382,11.192887624898098,7.1015204620180692e-08,8.2212111634819108e-07,1.0652280693027104e-08,3395405.0292154113,1.6786445971445534,3.489292716341045,z4c_spatial_or_other
3383,11.192887635550379,7.1009733393225791e-08,8.165046365560835e-07,1.0651460008983868e-08,3418760.957496535,1.6787739349849977,3.489292716341045,z4c_spatial_or_other
3384,11.192887646201839,7.1005926649815596e-08,8.1099498392996113e-07,1.0650888997472339e-08,3441986.9769674297,1.6788639367907021,3.489292716341045,z4c_spatial_or_other
3385,11.192887656852728,7.1003825536012023e-08,8.0558683221337146e-07,1.0650573830401803e-08,3465094.0922200726,1.6789136169898364,3.489292716341045,z4c_spatial_or_other
3386,11.192887667503301,7.1003469827784002e-08,8.0028363066830243e-07,1.0650520474167599e-08,3488056.0667494349,1.6789220278941084,3.489292716341045,z4c_spatial_or_other
3387,11.192887678153822,7.1004897801238617e-08,7.9508484020182337e-07,1.0650734670185792e-08,3510863.2839286206,1.6788882632361419,3.489292716341045,z4c_spatial_or_other
3388,11.192887688804557,7.1008146101441073e-08,7.8999011834378622e-07,1.0651221915216161e-08,3533505.1771597806,1.6788114617227272,3.489292716341045,z4c_spatial_or_other
3389,11.192887699455779,7.1013249609471948e-08,7.8499775471153267e-07,1.0651987441420792e-08,3555977.2704045754,1.6786908106072755,3.489292716341045,z4c_spatial_or_other
3390,11.192887710107767,7.1020217942515057e-08,7.8010832207771555e-07,1.0653032691377258e-08,3578264.8307586564,1.6785261015007196,3.489292716341045,z4c_spatial_or_other
3391,11.192887720760799,7.1025378695284557e-08,7.7532286418748846e-07,1.0653806804292684e-08,3600350.6435969262,1.6784041386420046,3.489292716341045,z4c_spatial_or_other
3392,11.192887731414606,7.1032468896490394e-08,7.7064206224377607e-07,1.0654870334473559e-08,3622218.8092684541,1.6782366064805498,3.489292716341045,z4c_spatial_or_other
3393,11.192887742069477,7.1041520786958658e-08,7.6606666280624613e-07,1.0656228118043798e-08,3643852.8245665831,1.6780227707718909,3.489292716341045,z4c_spatial_or_other
3394,11.192887752725705,7.105256426949203e-08,7.6159772178316839e-07,1.0657884640423804e-08,3665234.405556133,1.6777619608299816,3.489292716341045,z4c_spatial_or_other
3395,11.19288776338359,7.1065626763066984e-08,7.5723448618085941e-07,1.0659844014460048e-08,3686353.730601388,1.6774535732756624,3.489292716341045,z4c_spatial_or_other
3396,11.192887774043434,7.1080733060472512e-08,7.529780779716439e-07,1.0662109959070877e-08,3707191.8223600099,1.6770970756500638,3.489292716341045,z4c_spatial_or_other
3397,11.192887784705544,7.1097905189642463e-08,7.4883035922355629e-07,1.0664685778446369e-08,3727725.6974025536,1.676692009881434,3.489292716341045,z4c_spatial_or_other
3398,11.192887795370229,7.1117162278748848e-08,7.4479245757871303e-07,1.0667574341812327e-08,3747935.6089985981,1.6762379955984723,3.489292716341045,z4c_spatial_or_other
3399,11.192887806037803,7.1138520424933578e-08,7.4085815302921258e-07,1.0670778063740037e-08,3767838.9063537349,1.6757347332880315,3.489292716341045,z4c_spatial_or_other
3400,11.192887816708581,7.1161992566376809e-08,7.3703298447180773e-07,1.0674298884956521e-08,3787393.8234573156,1.6751820072995849,3.489292716341045,z4c_spatial_or_other
3401,11.192887827382879,7.1187588357246326e-08,7.3331266523737847e-07,1.0678138253586948e-08,3806608.4296651678,1.6745796887028088,3.489292716341045,z4c_spatial_or_other
3402,11.192887838061017,7.1215314044962197e-08,7.2969489462284067e-07,1.0682297106744329e-08,3825481.2986126924,1.6739277380075552,3.489292716341045,z4c_spatial_or_other
3403,11.192887848743315,7.1245172349152701e-08,7.261805247400799e-07,1.0686775852372905e-08,3843994.8166772551,1.6732262077572049,3.489292716341045,z4c_spatial_or_other
3404,11.19288785943009,7.1275422238214322e-08,7.2275832088448831e-07,1.0691313335732148e-08,3862195.8300760472,1.6725160764725318,3.489292716341045,z4c_spatial_or_other
3405,11.192887870121403,7.130609120234597e-08,7.1943104248342912e-07,1.0695913680351895e-08,3880058.0017189519,1.6717967222814096,3.489292716341045,z4c_spatial_or_other
3406,11.192887880817317,7.1338856361818668e-08,7.161936867331015e-07,1.07008284542728e-08,3897596.7322553331,1.6710288842614998,3.489292716341045,z4c_spatial_or_other
3407,11.192887891518145,7.1373712488734082e-08,7.1303693116951503e-07,1.0706056873310113e-08,3914852.1641008942,1.6702128191748149,3.489292716341045,z4c_spatial_or_other
3408,11.192887902224202,7.1403151082766024e-08,7.0995930496062573e-07,1.0710472662414903e-08,3931822.7869802322,1.6695242120701559,3.489292716341045,z4c_spatial_or_other
3409,11.192887912934674,7.1422146525469504e-08,7.0696104782629082e-07,1.0713321978820426e-08,3948497.8439133558,1.669080185209368,3.489292716341045,z4c_spatial_or_other
3410,11.192887923647996,7.1443044801767679e-08,7.0396006817285025e-07,1.0716456720265152e-08,3965330.2783467369,1.668591951554558,3.489292716341045,z4c_spatial_or_other
3411,11.192887934364453,7.1465866925659684e-08,7.0090505913587188e-07,1.0719880038848952e-08,3982613.8172184476,1.6680590984054708,3.489292716341045,z4c_spatial_or_other
3412,11.192887945084333,7.1490630808728565e-08,6.980598779139158e-07,1.0723594621309285e-08,3998846.318763895,1.6674812937337593,3.489292716341045,z4c_spatial_or_other
