AthenaK Kokkos default execution space: Cuda

Root grid = 4 x 8 x 1 MeshBlocks
Total number of MeshBlocks = 32
Number of logical  levels of refinement = 23 (24 levels total)
Number of physical levels of refinement = 20 (21 levels total)
  Physical level = 0 (logical level = 3): 32 MeshBlocks, cost = 32
Number of parallel ranks = 4
  Rank = 0: 8 MeshBlocks, cost = 8
  Rank = 1: 8 MeshBlocks, cost = 8
  Rank = 2: 8 MeshBlocks, cost = 8
  Rank = 3: 8 MeshBlocks, cost = 8
Load Balancing:
  Maximum normalized cost = 1, Average = 1
AssembleZ4cTasks
Direct global Brill coefficient import: radial_points=48 angular_points=32 adm_mass=2.660301967997158 min_psi4=1.2477936329860992 lapse=psi^-2 min_lapse=0.31395613241915094 max_lapse=0.89521761138867129
Converted imported ADM data to Z4c proper_box_C_rms=0.00030709396365211214 proper_box_H_rms=0.00030709262705616271 proper_box_M_rms=0 proper_box_Z_rms=4.5302298764591355e-07 coordinate_support_H_rms=0.00012714549457354789 coordinate_support_M_rms=0
Initialized Z4c from IrisK data mode=direct_global_coefficients path=/pscratch/sd/h/hzhu/axisymmetric-cartoon-r4-brill-amr-jump-b74903d5-v4-20260815/bundle/brill_global_48x32.coefficients bytes=35988

Setup complete, executing task list(s)...

elapsed=6.672794e-01 cycle=0 time=0.000000e+00 dt=1.875000e-02
CARTOON_AMR_TRANSACTION cycle=1 requested_refine=10 requested_derefine_leaves=0 accepted_derefine_parents=0 created_leaves=30 deleted_leaves=0 mirror_mismatches=0
AMR_Z4C_CHI_PROLONGATION cycle=1 local_fallback_groups=0,0,0,0 global_fallback_groups=0 global_high_order_groups=10240
elapsed=5.607255e+00 cycle=1 time=1.875000e-02 dt=9.375000e-03
CARTOON_AMR_TRANSACTION cycle=2 requested_refine=2 requested_derefine_leaves=18 accepted_derefine_parents=0 created_leaves=6 deleted_leaves=0 mirror_mismatches=0
AMR_Z4C_CHI_PROLONGATION cycle=2 local_fallback_groups=0,0,0,0 global_fallback_groups=0 global_high_order_groups=2048
elapsed=1.057290e+01 cycle=2 time=2.812500e-02 dt=4.687500e-03
CARTOON_AMR_TRANSACTION cycle=3 requested_refine=2 requested_derefine_leaves=20 accepted_derefine_parents=0 created_leaves=12 deleted_leaves=0 mirror_mismatches=0
AMR_Z4C_CHI_PROLONGATION cycle=3 local_fallback_groups=0,0,0,0 global_fallback_groups=0 global_high_order_groups=4096
elapsed=1.561881e+01 cycle=3 time=3.281250e-02 dt=2.343750e-03
CARTOON_AMR_TRANSACTION cycle=4 requested_refine=0 requested_derefine_leaves=34 accepted_derefine_parents=2 created_leaves=0 deleted_leaves=0 mirror_mismatches=0
elapsed=1.641891e+01 cycle=4 time=3.515625e-02 dt=2.343750e-03
CARTOON_AMR_TRANSACTION cycle=5 requested_refine=0 requested_derefine_leaves=34 accepted_derefine_parents=2 created_leaves=0 deleted_leaves=0 mirror_mismatches=0
elapsed=1.721854e+01 cycle=5 time=3.750000e-02 dt=2.343750e-03
CARTOON_AMR_TRANSACTION cycle=6 requested_refine=0 requested_derefine_leaves=34 accepted_derefine_parents=2 created_leaves=0 deleted_leaves=0 mirror_mismatches=0
elapsed=1.801680e+01 cycle=6 time=3.984375e-02 dt=2.343750e-03
CARTOON_AMR_TRANSACTION cycle=7 requested_refine=0 requested_derefine_leaves=34 accepted_derefine_parents=2 created_leaves=0 deleted_leaves=0 mirror_mismatches=0
elapsed=1.881318e+01 cycle=7 time=4.218750e-02 dt=2.343750e-03
CARTOON_AMR_TRANSACTION cycle=8 requested_refine=0 requested_derefine_leaves=34 accepted_derefine_parents=2 created_leaves=0 deleted_leaves=0 mirror_mismatches=0
elapsed=1.961283e+01 cycle=8 time=4.453125e-02 dt=2.343750e-03
CARTOON_AMR_TRANSACTION cycle=9 requested_refine=0 requested_derefine_leaves=34 accepted_derefine_parents=2 created_leaves=0 deleted_leaves=0 mirror_mismatches=0
elapsed=2.041645e+01 cycle=9 time=4.687500e-02 dt=2.343750e-03
CARTOON_AMR_TRANSACTION cycle=10 requested_refine=0 requested_derefine_leaves=34 accepted_derefine_parents=2 created_leaves=0 deleted_leaves=0 mirror_mismatches=0
elapsed=2.121901e+01 cycle=10 time=4.921875e-02 dt=2.343750e-03
CARTOON_AMR_TRANSACTION cycle=11 requested_refine=0 requested_derefine_leaves=36 accepted_derefine_parents=2 created_leaves=0 deleted_leaves=0 mirror_mismatches=0
elapsed=2.202170e+01 cycle=11 time=5.156250e-02 dt=2.343750e-03
CARTOON_AMR_TRANSACTION cycle=12 requested_refine=0 requested_derefine_leaves=36 accepted_derefine_parents=2 created_leaves=0 deleted_leaves=0 mirror_mismatches=0
elapsed=2.282426e+01 cycle=12 time=5.390625e-02 dt=2.343750e-03
CARTOON_AMR_TRANSACTION cycle=13 requested_refine=0 requested_derefine_leaves=36 accepted_derefine_parents=2 created_leaves=0 deleted_leaves=0 mirror_mismatches=0
elapsed=2.362316e+01 cycle=13 time=5.625000e-02 dt=2.343750e-03
CARTOON_AMR_TRANSACTION cycle=14 requested_refine=0 requested_derefine_leaves=36 accepted_derefine_parents=2 created_leaves=0 deleted_leaves=0 mirror_mismatches=0
elapsed=2.441917e+01 cycle=14 time=5.859375e-02 dt=2.343750e-03
CARTOON_AMR_TRANSACTION cycle=15 requested_refine=0 requested_derefine_leaves=36 accepted_derefine_parents=2 created_leaves=0 deleted_leaves=0 mirror_mismatches=0
elapsed=2.521631e+01 cycle=15 time=6.093750e-02 dt=2.343750e-03
CARTOON_AMR_TRANSACTION cycle=16 requested_refine=0 requested_derefine_leaves=36 accepted_derefine_parents=2 created_leaves=0 deleted_leaves=0 mirror_mismatches=0
elapsed=2.601304e+01 cycle=16 time=6.328125e-02 dt=2.343750e-03
CARTOON_AMR_TRANSACTION cycle=17 requested_refine=0 requested_derefine_leaves=36 accepted_derefine_parents=2 created_leaves=0 deleted_leaves=0 mirror_mismatches=0
elapsed=2.681136e+01 cycle=17 time=6.562500e-02 dt=2.343750e-03
CARTOON_AMR_TRANSACTION cycle=18 requested_refine=0 requested_derefine_leaves=36 accepted_derefine_parents=2 created_leaves=0 deleted_leaves=0 mirror_mismatches=0
elapsed=2.761310e+01 cycle=18 time=6.796875e-02 dt=2.343750e-03
CARTOON_AMR_TRANSACTION cycle=19 requested_refine=0 requested_derefine_leaves=36 accepted_derefine_parents=2 created_leaves=0 deleted_leaves=0 mirror_mismatches=0
elapsed=2.842176e+01 cycle=19 time=7.031250e-02 dt=2.343750e-03
CARTOON_AMR_TRANSACTION cycle=20 requested_refine=0 requested_derefine_leaves=36 accepted_derefine_parents=2 created_leaves=0 deleted_leaves=0 mirror_mismatches=0
elapsed=2.922893e+01 cycle=20 time=7.265625e-02 dt=2.343750e-03
CARTOON_AMR_TRANSACTION cycle=21 requested_refine=0 requested_derefine_leaves=36 accepted_derefine_parents=2 created_leaves=0 deleted_leaves=0 mirror_mismatches=0
elapsed=3.002712e+01 cycle=21 time=7.500000e-02 dt=2.343750e-03
CARTOON_AMR_TRANSACTION cycle=22 requested_refine=0 requested_derefine_leaves=36 accepted_derefine_parents=2 created_leaves=0 deleted_leaves=0 mirror_mismatches=0
elapsed=3.082637e+01 cycle=22 time=7.734375e-02 dt=2.343750e-03
CARTOON_AMR_TRANSACTION cycle=23 requested_refine=0 requested_derefine_leaves=36 accepted_derefine_parents=2 created_leaves=0 deleted_leaves=0 mirror_mismatches=0
elapsed=3.162297e+01 cycle=23 time=7.968750e-02 dt=2.343750e-03
CARTOON_AMR_TRANSACTION cycle=24 requested_refine=0 requested_derefine_leaves=36 accepted_derefine_parents=2 created_leaves=0 deleted_leaves=0 mirror_mismatches=0
elapsed=3.242405e+01 cycle=24 time=8.203125e-02 dt=2.343750e-03
CARTOON_AMR_TRANSACTION cycle=25 requested_refine=0 requested_derefine_leaves=36 accepted_derefine_parents=2 created_leaves=0 deleted_leaves=0 mirror_mismatches=0
elapsed=3.322259e+01 cycle=25 time=8.437500e-02 dt=2.343750e-03
CARTOON_AMR_TRANSACTION cycle=26 requested_refine=0 requested_derefine_leaves=36 accepted_derefine_parents=2 created_leaves=0 deleted_leaves=0 mirror_mismatches=0
elapsed=3.402071e+01 cycle=26 time=8.671875e-02 dt=2.343750e-03
CARTOON_AMR_TRANSACTION cycle=27 requested_refine=0 requested_derefine_leaves=36 accepted_derefine_parents=2 created_leaves=0 deleted_leaves=0 mirror_mismatches=0
elapsed=3.483061e+01 cycle=27 time=8.906250e-02 dt=2.343750e-03
CARTOON_AMR_TRANSACTION cycle=28 requested_refine=0 requested_derefine_leaves=36 accepted_derefine_parents=2 created_leaves=0 deleted_leaves=0 mirror_mismatches=0
elapsed=3.563391e+01 cycle=28 time=9.140625e-02 dt=2.343750e-03
CARTOON_AMR_TRANSACTION cycle=29 requested_refine=0 requested_derefine_leaves=36 accepted_derefine_parents=2 created_leaves=0 deleted_leaves=0 mirror_mismatches=0
elapsed=3.643102e+01 cycle=29 time=9.375000e-02 dt=2.343750e-03
CARTOON_AMR_TRANSACTION cycle=30 requested_refine=0 requested_derefine_leaves=36 accepted_derefine_parents=2 created_leaves=0 deleted_leaves=0 mirror_mismatches=0
elapsed=3.722669e+01 cycle=30 time=9.609375e-02 dt=2.343750e-03
CARTOON_AMR_TRANSACTION cycle=31 requested_refine=0 requested_derefine_leaves=36 accepted_derefine_parents=2 created_leaves=0 deleted_leaves=0 mirror_mismatches=0
elapsed=3.802555e+01 cycle=31 time=9.843750e-02 dt=2.343750e-03
CARTOON_AMR_TRANSACTION cycle=32 requested_refine=0 requested_derefine_leaves=36 accepted_derefine_parents=2 created_leaves=0 deleted_leaves=0 mirror_mismatches=0
elapsed=3.882501e+01 cycle=32 time=1.007813e-01 dt=2.343750e-03
CARTOON_AMR_TRANSACTION cycle=33 requested_refine=0 requested_derefine_leaves=36 accepted_derefine_parents=2 created_leaves=0 deleted_leaves=0 mirror_mismatches=0
elapsed=3.963399e+01 cycle=33 time=1.031250e-01 dt=2.343750e-03
CARTOON_AMR_TRANSACTION cycle=34 requested_refine=0 requested_derefine_leaves=36 accepted_derefine_parents=2 created_leaves=0 deleted_leaves=0 mirror_mismatches=0
elapsed=4.043208e+01 cycle=34 time=1.054688e-01 dt=2.343750e-03
CARTOON_AMR_TRANSACTION cycle=35 requested_refine=0 requested_derefine_leaves=36 accepted_derefine_parents=2 created_leaves=0 deleted_leaves=0 mirror_mismatches=0
elapsed=4.122963e+01 cycle=35 time=1.078125e-01 dt=2.343750e-03
CARTOON_AMR_TRANSACTION cycle=36 requested_refine=0 requested_derefine_leaves=36 accepted_derefine_parents=2 created_leaves=0 deleted_leaves=0 mirror_mismatches=0
elapsed=4.203209e+01 cycle=36 time=1.101563e-01 dt=2.343750e-03
CARTOON_AMR_TRANSACTION cycle=37 requested_refine=0 requested_derefine_leaves=36 accepted_derefine_parents=2 created_leaves=0 deleted_leaves=0 mirror_mismatches=0
elapsed=4.282824e+01 cycle=37 time=1.125000e-01 dt=2.343750e-03
CARTOON_AMR_TRANSACTION cycle=38 requested_refine=0 requested_derefine_leaves=36 accepted_derefine_parents=2 created_leaves=0 deleted_leaves=0 mirror_mismatches=0
elapsed=4.362350e+01 cycle=38 time=1.148438e-01 dt=2.343750e-03
CARTOON_AMR_TRANSACTION cycle=39 requested_refine=0 requested_derefine_leaves=38 accepted_derefine_parents=4 created_leaves=0 deleted_leaves=12 mirror_mismatches=0
elapsed=4.861973e+01 cycle=39 time=1.171875e-01 dt=4.687500e-03
CARTOON_AMR_TRANSACTION cycle=40 requested_refine=0 requested_derefine_leaves=22 accepted_derefine_parents=0 created_leaves=0 deleted_leaves=0 mirror_mismatches=0
elapsed=4.940527e+01 cycle=40 time=1.218750e-01 dt=4.687500e-03
CARTOON_AMR_TRANSACTION cycle=41 requested_refine=0 requested_derefine_leaves=22 accepted_derefine_parents=0 created_leaves=0 deleted_leaves=0 mirror_mismatches=0
elapsed=5.019577e+01 cycle=41 time=1.265625e-01 dt=4.687500e-03
CARTOON_AMR_TRANSACTION cycle=42 requested_refine=0 requested_derefine_leaves=22 accepted_derefine_parents=0 created_leaves=0 deleted_leaves=0 mirror_mismatches=0
elapsed=5.098275e+01 cycle=42 time=1.312500e-01 dt=4.687500e-03
CARTOON_AMR_TRANSACTION cycle=43 requested_refine=0 requested_derefine_leaves=22 accepted_derefine_parents=0 created_leaves=0 deleted_leaves=0 mirror_mismatches=0
elapsed=5.177156e+01 cycle=43 time=1.359375e-01 dt=4.687500e-03
CARTOON_AMR_TRANSACTION cycle=44 requested_refine=0 requested_derefine_leaves=22 accepted_derefine_parents=0 created_leaves=0 deleted_leaves=0 mirror_mismatches=0
elapsed=5.256597e+01 cycle=44 time=1.406250e-01 dt=4.687500e-03
CARTOON_AMR_TRANSACTION cycle=45 requested_refine=0 requested_derefine_leaves=22 accepted_derefine_parents=0 created_leaves=0 deleted_leaves=0 mirror_mismatches=0
elapsed=5.335598e+01 cycle=45 time=1.453125e-01 dt=4.687500e-03
CARTOON_AMR_TRANSACTION cycle=46 requested_refine=0 requested_derefine_leaves=22 accepted_derefine_parents=0 created_leaves=0 deleted_leaves=0 mirror_mismatches=0
elapsed=5.414029e+01 cycle=46 time=1.500000e-01 dt=4.687500e-03
CARTOON_AMR_TRANSACTION cycle=47 requested_refine=0 requested_derefine_leaves=22 accepted_derefine_parents=0 created_leaves=0 deleted_leaves=0 mirror_mismatches=0
elapsed=5.492505e+01 cycle=47 time=1.546875e-01 dt=4.687500e-03
CARTOON_AMR_TRANSACTION cycle=48 requested_refine=0 requested_derefine_leaves=22 accepted_derefine_parents=0 created_leaves=0 deleted_leaves=0 mirror_mismatches=0
elapsed=5.571297e+01 cycle=48 time=1.593750e-01 dt=4.687500e-03
CARTOON_AMR_TRANSACTION cycle=49 requested_refine=0 requested_derefine_leaves=22 accepted_derefine_parents=0 created_leaves=0 deleted_leaves=0 mirror_mismatches=0
elapsed=5.650050e+01 cycle=49 time=1.640625e-01 dt=4.687500e-03
CARTOON_AMR_TRANSACTION cycle=50 requested_refine=0 requested_derefine_leaves=22 accepted_derefine_parents=0 created_leaves=0 deleted_leaves=0 mirror_mismatches=0
elapsed=5.728679e+01 cycle=50 time=1.687500e-01 dt=4.687500e-03
CARTOON_AMR_TRANSACTION cycle=51 requested_refine=0 requested_derefine_leaves=22 accepted_derefine_parents=0 created_leaves=0 deleted_leaves=0 mirror_mismatches=0
elapsed=5.808022e+01 cycle=51 time=1.734375e-01 dt=4.687500e-03
CARTOON_AMR_TRANSACTION cycle=52 requested_refine=0 requested_derefine_leaves=22 accepted_derefine_parents=0 created_leaves=0 deleted_leaves=0 mirror_mismatches=0
elapsed=5.887389e+01 cycle=52 time=1.781250e-01 dt=4.687500e-03
CARTOON_AMR_TRANSACTION cycle=53 requested_refine=0 requested_derefine_leaves=22 accepted_derefine_parents=0 created_leaves=0 deleted_leaves=0 mirror_mismatches=0
elapsed=5.966130e+01 cycle=53 time=1.828125e-01 dt=4.687500e-03
CARTOON_AMR_TRANSACTION cycle=54 requested_refine=0 requested_derefine_leaves=22 accepted_derefine_parents=0 created_leaves=0 deleted_leaves=0 mirror_mismatches=0
elapsed=6.045365e+01 cycle=54 time=1.875000e-01 dt=4.687500e-03
CARTOON_AMR_TRANSACTION cycle=55 requested_refine=0 requested_derefine_leaves=22 accepted_derefine_parents=0 created_leaves=0 deleted_leaves=0 mirror_mismatches=0
elapsed=6.123809e+01 cycle=55 time=1.921875e-01 dt=4.687500e-03
CARTOON_AMR_TRANSACTION cycle=56 requested_refine=0 requested_derefine_leaves=22 accepted_derefine_parents=0 created_leaves=0 deleted_leaves=0 mirror_mismatches=0
elapsed=6.202778e+01 cycle=56 time=1.968750e-01 dt=4.687500e-03
CARTOON_AMR_TRANSACTION cycle=57 requested_refine=0 requested_derefine_leaves=22 accepted_derefine_parents=0 created_leaves=0 deleted_leaves=0 mirror_mismatches=0
elapsed=6.282366e+01 cycle=57 time=2.015625e-01 dt=4.687500e-03
CARTOON_AMR_TRANSACTION cycle=58 requested_refine=0 requested_derefine_leaves=22 accepted_derefine_parents=0 created_leaves=0 deleted_leaves=0 mirror_mismatches=0
elapsed=6.360643e+01 cycle=58 time=2.062500e-01 dt=4.687500e-03
CARTOON_AMR_TRANSACTION cycle=59 requested_refine=0 requested_derefine_leaves=22 accepted_derefine_parents=0 created_leaves=0 deleted_leaves=0 mirror_mismatches=0
elapsed=6.439902e+01 cycle=59 time=2.109375e-01 dt=4.687500e-03
CARTOON_AMR_TRANSACTION cycle=60 requested_refine=0 requested_derefine_leaves=22 accepted_derefine_parents=0 created_leaves=0 deleted_leaves=0 mirror_mismatches=0
elapsed=6.518678e+01 cycle=60 time=2.156250e-01 dt=4.687500e-03
CARTOON_AMR_TRANSACTION cycle=61 requested_refine=0 requested_derefine_leaves=22 accepted_derefine_parents=0 created_leaves=0 deleted_leaves=0 mirror_mismatches=0
elapsed=6.597018e+01 cycle=61 time=2.203125e-01 dt=4.687500e-03
CARTOON_AMR_TRANSACTION cycle=62 requested_refine=0 requested_derefine_leaves=22 accepted_derefine_parents=0 created_leaves=0 deleted_leaves=0 mirror_mismatches=0
elapsed=6.675445e+01 cycle=62 time=2.250000e-01 dt=4.687500e-03
CARTOON_AMR_TRANSACTION cycle=63 requested_refine=0 requested_derefine_leaves=22 accepted_derefine_parents=0 created_leaves=0 deleted_leaves=0 mirror_mismatches=0
elapsed=6.754533e+01 cycle=63 time=2.296875e-01 dt=4.687500e-03
CARTOON_AMR_TRANSACTION cycle=64 requested_refine=0 requested_derefine_leaves=22 accepted_derefine_parents=0 created_leaves=0 deleted_leaves=0 mirror_mismatches=0
elapsed=6.840659e+01 cycle=64 time=2.343750e-01 dt=4.687500e-03
CARTOON_AMR_TRANSACTION cycle=65 requested_refine=0 requested_derefine_leaves=22 accepted_derefine_parents=0 created_leaves=0 deleted_leaves=0 mirror_mismatches=0
elapsed=6.919192e+01 cycle=65 time=2.390625e-01 dt=4.687500e-03
CARTOON_AMR_TRANSACTION cycle=66 requested_refine=0 requested_derefine_leaves=22 accepted_derefine_parents=0 created_leaves=0 deleted_leaves=0 mirror_mismatches=0
elapsed=6.997993e+01 cycle=66 time=2.437500e-01 dt=4.687500e-03
CARTOON_AMR_TRANSACTION cycle=67 requested_refine=0 requested_derefine_leaves=22 accepted_derefine_parents=0 created_leaves=0 deleted_leaves=0 mirror_mismatches=0
elapsed=7.077938e+01 cycle=67 time=2.484375e-01 dt=4.687500e-03
CARTOON_AMR_TRANSACTION cycle=68 requested_refine=0 requested_derefine_leaves=22 accepted_derefine_parents=0 created_leaves=0 deleted_leaves=0 mirror_mismatches=0
elapsed=7.157226e+01 cycle=68 time=2.531250e-01 dt=4.687500e-03
CARTOON_AMR_TRANSACTION cycle=69 requested_refine=0 requested_derefine_leaves=22 accepted_derefine_parents=0 created_leaves=0 deleted_leaves=0 mirror_mismatches=0
elapsed=7.236527e+01 cycle=69 time=2.578125e-01 dt=4.687500e-03
CARTOON_AMR_TRANSACTION cycle=70 requested_refine=0 requested_derefine_leaves=24 accepted_derefine_parents=0 created_leaves=0 deleted_leaves=0 mirror_mismatches=0
elapsed=7.314521e+01 cycle=70 time=2.625000e-01 dt=4.687500e-03
CARTOON_AMR_TRANSACTION cycle=71 requested_refine=0 requested_derefine_leaves=24 accepted_derefine_parents=0 created_leaves=0 deleted_leaves=0 mirror_mismatches=0
elapsed=7.392906e+01 cycle=71 time=2.671875e-01 dt=4.687500e-03
CARTOON_AMR_TRANSACTION cycle=72 requested_refine=0 requested_derefine_leaves=24 accepted_derefine_parents=0 created_leaves=0 deleted_leaves=0 mirror_mismatches=0
elapsed=7.472254e+01 cycle=72 time=2.718750e-01 dt=4.687500e-03
CARTOON_AMR_TRANSACTION cycle=73 requested_refine=0 requested_derefine_leaves=24 accepted_derefine_parents=0 created_leaves=0 deleted_leaves=0 mirror_mismatches=0
elapsed=7.551065e+01 cycle=73 time=2.765625e-01 dt=4.687500e-03
CARTOON_AMR_TRANSACTION cycle=74 requested_refine=0 requested_derefine_leaves=24 accepted_derefine_parents=0 created_leaves=0 deleted_leaves=0 mirror_mismatches=0
elapsed=7.630129e+01 cycle=74 time=2.812500e-01 dt=4.687500e-03
CARTOON_AMR_TRANSACTION cycle=75 requested_refine=0 requested_derefine_leaves=24 accepted_derefine_parents=0 created_leaves=0 deleted_leaves=0 mirror_mismatches=0
elapsed=7.709020e+01 cycle=75 time=2.859375e-01 dt=4.687500e-03
CARTOON_AMR_TRANSACTION cycle=76 requested_refine=0 requested_derefine_leaves=24 accepted_derefine_parents=0 created_leaves=0 deleted_leaves=0 mirror_mismatches=0
elapsed=7.788091e+01 cycle=76 time=2.906250e-01 dt=4.687500e-03
CARTOON_AMR_TRANSACTION cycle=77 requested_refine=0 requested_derefine_leaves=24 accepted_derefine_parents=0 created_leaves=0 deleted_leaves=0 mirror_mismatches=0
elapsed=7.866669e+01 cycle=77 time=2.953125e-01 dt=4.687500e-03
CARTOON_AMR_TRANSACTION cycle=78 requested_refine=0 requested_derefine_leaves=26 accepted_derefine_parents=2 created_leaves=0 deleted_leaves=6 mirror_mismatches=0
elapsed=8.363619e+01 cycle=78 time=3.000000e-01 dt=9.375000e-03
CARTOON_AMR_TRANSACTION cycle=79 requested_refine=0 requested_derefine_leaves=18 accepted_derefine_parents=0 created_leaves=0 deleted_leaves=0 mirror_mismatches=0
elapsed=8.441627e+01 cycle=79 time=3.093750e-01 dt=9.375000e-03
CARTOON_AMR_TRANSACTION cycle=80 requested_refine=0 requested_derefine_leaves=18 accepted_derefine_parents=0 created_leaves=0 deleted_leaves=0 mirror_mismatches=0
elapsed=8.519689e+01 cycle=80 time=3.187500e-01 dt=9.375000e-03
CARTOON_AMR_TRANSACTION cycle=81 requested_refine=0 requested_derefine_leaves=18 accepted_derefine_parents=0 created_leaves=0 deleted_leaves=0 mirror_mismatches=0
elapsed=8.597633e+01 cycle=81 time=3.281250e-01 dt=9.375000e-03
CARTOON_AMR_TRANSACTION cycle=82 requested_refine=0 requested_derefine_leaves=18 accepted_derefine_parents=0 created_leaves=0 deleted_leaves=0 mirror_mismatches=0
elapsed=8.676357e+01 cycle=82 time=3.375000e-01 dt=9.375000e-03
CARTOON_AMR_TRANSACTION cycle=83 requested_refine=0 requested_derefine_leaves=18 accepted_derefine_parents=0 created_leaves=0 deleted_leaves=0 mirror_mismatches=0
elapsed=8.754523e+01 cycle=83 time=3.468750e-01 dt=9.375000e-03
CARTOON_AMR_TRANSACTION cycle=84 requested_refine=0 requested_derefine_leaves=18 accepted_derefine_parents=0 created_leaves=0 deleted_leaves=0 mirror_mismatches=0
elapsed=8.833159e+01 cycle=84 time=3.562500e-01 dt=9.375000e-03
CARTOON_AMR_TRANSACTION cycle=85 requested_refine=0 requested_derefine_leaves=18 accepted_derefine_parents=0 created_leaves=0 deleted_leaves=0 mirror_mismatches=0
elapsed=8.911721e+01 cycle=85 time=3.656250e-01 dt=9.375000e-03
CARTOON_AMR_TRANSACTION cycle=86 requested_refine=0 requested_derefine_leaves=18 accepted_derefine_parents=0 created_leaves=0 deleted_leaves=0 mirror_mismatches=0
elapsed=8.989842e+01 cycle=86 time=3.750000e-01 dt=9.375000e-03
CARTOON_AMR_TRANSACTION cycle=87 requested_refine=0 requested_derefine_leaves=18 accepted_derefine_parents=0 created_leaves=0 deleted_leaves=0 mirror_mismatches=0
elapsed=9.068781e+01 cycle=87 time=3.843750e-01 dt=9.375000e-03
CARTOON_AMR_TRANSACTION cycle=88 requested_refine=0 requested_derefine_leaves=18 accepted_derefine_parents=0 created_leaves=0 deleted_leaves=0 mirror_mismatches=0
elapsed=9.147403e+01 cycle=88 time=3.937500e-01 dt=9.375000e-03
CARTOON_AMR_TRANSACTION cycle=89 requested_refine=0 requested_derefine_leaves=18 accepted_derefine_parents=0 created_leaves=0 deleted_leaves=0 mirror_mismatches=0
elapsed=9.225377e+01 cycle=89 time=4.031250e-01 dt=9.375000e-03
CARTOON_AMR_TRANSACTION cycle=90 requested_refine=0 requested_derefine_leaves=18 accepted_derefine_parents=0 created_leaves=0 deleted_leaves=0 mirror_mismatches=0
elapsed=9.303989e+01 cycle=90 time=4.125000e-01 dt=9.375000e-03
CARTOON_AMR_TRANSACTION cycle=91 requested_refine=0 requested_derefine_leaves=18 accepted_derefine_parents=0 created_leaves=0 deleted_leaves=0 mirror_mismatches=0
elapsed=9.381611e+01 cycle=91 time=4.218750e-01 dt=9.375000e-03
CARTOON_AMR_TRANSACTION cycle=92 requested_refine=0 requested_derefine_leaves=18 accepted_derefine_parents=0 created_leaves=0 deleted_leaves=0 mirror_mismatches=0
elapsed=9.460193e+01 cycle=92 time=4.312500e-01 dt=9.375000e-03
CARTOON_AMR_TRANSACTION cycle=93 requested_refine=0 requested_derefine_leaves=18 accepted_derefine_parents=0 created_leaves=0 deleted_leaves=0 mirror_mismatches=0
elapsed=9.538601e+01 cycle=93 time=4.406250e-01 dt=9.375000e-03
CARTOON_AMR_TRANSACTION cycle=94 requested_refine=0 requested_derefine_leaves=18 accepted_derefine_parents=0 created_leaves=0 deleted_leaves=0 mirror_mismatches=0
elapsed=9.617177e+01 cycle=94 time=4.500000e-01 dt=9.375000e-03
CARTOON_AMR_TRANSACTION cycle=95 requested_refine=2 requested_derefine_leaves=18 accepted_derefine_parents=0 created_leaves=6 deleted_leaves=0 mirror_mismatches=0
AMR_Z4C_CHI_PROLONGATION cycle=95 local_fallback_groups=0,0,0,0 global_fallback_groups=0 global_high_order_groups=2048
elapsed=1.011635e+02 cycle=95 time=4.593750e-01 dt=4.687500e-03
CARTOON_AMR_TRANSACTION cycle=96 requested_refine=0 requested_derefine_leaves=24 accepted_derefine_parents=0 created_leaves=0 deleted_leaves=0 mirror_mismatches=0
elapsed=1.019512e+02 cycle=96 time=4.640625e-01 dt=4.687500e-03
CARTOON_AMR_TRANSACTION cycle=97 requested_refine=0 requested_derefine_leaves=24 accepted_derefine_parents=0 created_leaves=0 deleted_leaves=0 mirror_mismatches=0
elapsed=1.027361e+02 cycle=97 time=4.687500e-01 dt=4.687500e-03
CARTOON_AMR_TRANSACTION cycle=98 requested_refine=0 requested_derefine_leaves=24 accepted_derefine_parents=0 created_leaves=0 deleted_leaves=0 mirror_mismatches=0
elapsed=1.035203e+02 cycle=98 time=4.734375e-01 dt=4.687500e-03
CARTOON_AMR_TRANSACTION cycle=99 requested_refine=0 requested_derefine_leaves=24 accepted_derefine_parents=0 created_leaves=0 deleted_leaves=0 mirror_mismatches=0
elapsed=1.043071e+02 cycle=99 time=4.781250e-01 dt=4.687500e-03
CARTOON_AMR_TRANSACTION cycle=100 requested_refine=0 requested_derefine_leaves=24 accepted_derefine_parents=0 created_leaves=0 deleted_leaves=0 mirror_mismatches=0
elapsed=1.050907e+02 cycle=100 time=4.828125e-01 dt=4.687500e-03
CARTOON_AMR_TRANSACTION cycle=101 requested_refine=0 requested_derefine_leaves=24 accepted_derefine_parents=0 created_leaves=0 deleted_leaves=0 mirror_mismatches=0
elapsed=1.058780e+02 cycle=101 time=4.875000e-01 dt=4.687500e-03
CARTOON_AMR_TRANSACTION cycle=102 requested_refine=0 requested_derefine_leaves=24 accepted_derefine_parents=0 created_leaves=0 deleted_leaves=0 mirror_mismatches=0
elapsed=1.066629e+02 cycle=102 time=4.921875e-01 dt=4.687500e-03
CARTOON_AMR_TRANSACTION cycle=103 requested_refine=0 requested_derefine_leaves=24 accepted_derefine_parents=0 created_leaves=0 deleted_leaves=0 mirror_mismatches=0
elapsed=1.074571e+02 cycle=103 time=4.968750e-01 dt=4.687500e-03
CARTOON_AMR_TRANSACTION cycle=104 requested_refine=0 requested_derefine_leaves=24 accepted_derefine_parents=0 created_leaves=0 deleted_leaves=0 mirror_mismatches=0
elapsed=1.082463e+02 cycle=104 time=5.015625e-01 dt=4.687500e-03
CARTOON_AMR_TRANSACTION cycle=105 requested_refine=0 requested_derefine_leaves=24 accepted_derefine_parents=0 created_leaves=0 deleted_leaves=0 mirror_mismatches=0
elapsed=1.090282e+02 cycle=105 time=5.062500e-01 dt=4.687500e-03
CARTOON_AMR_TRANSACTION cycle=106 requested_refine=0 requested_derefine_leaves=24 accepted_derefine_parents=0 created_leaves=0 deleted_leaves=0 mirror_mismatches=0
elapsed=1.098192e+02 cycle=106 time=5.109375e-01 dt=4.687500e-03
CARTOON_AMR_TRANSACTION cycle=107 requested_refine=0 requested_derefine_leaves=24 accepted_derefine_parents=0 created_leaves=0 deleted_leaves=0 mirror_mismatches=0
elapsed=1.106059e+02 cycle=107 time=5.156250e-01 dt=4.687500e-03
CARTOON_AMR_TRANSACTION cycle=108 requested_refine=0 requested_derefine_leaves=24 accepted_derefine_parents=0 created_leaves=0 deleted_leaves=0 mirror_mismatches=0
elapsed=1.113994e+02 cycle=108 time=5.203125e-01 dt=4.687500e-03
CARTOON_AMR_TRANSACTION cycle=109 requested_refine=0 requested_derefine_leaves=24 accepted_derefine_parents=0 created_leaves=0 deleted_leaves=0 mirror_mismatches=0
elapsed=1.121820e+02 cycle=109 time=5.250000e-01 dt=4.687500e-03
CARTOON_AMR_TRANSACTION cycle=110 requested_refine=0 requested_derefine_leaves=24 accepted_derefine_parents=0 created_leaves=0 deleted_leaves=0 mirror_mismatches=0
elapsed=1.129681e+02 cycle=110 time=5.296875e-01 dt=4.687500e-03
CARTOON_AMR_TRANSACTION cycle=111 requested_refine=0 requested_derefine_leaves=24 accepted_derefine_parents=0 created_leaves=0 deleted_leaves=0 mirror_mismatches=0
elapsed=1.137603e+02 cycle=111 time=5.343750e-01 dt=4.687500e-03
CARTOON_AMR_TRANSACTION cycle=112 requested_refine=0 requested_derefine_leaves=24 accepted_derefine_parents=0 created_leaves=0 deleted_leaves=0 mirror_mismatches=0
elapsed=1.145523e+02 cycle=112 time=5.390625e-01 dt=4.687500e-03
CARTOON_AMR_TRANSACTION cycle=113 requested_refine=0 requested_derefine_leaves=24 accepted_derefine_parents=0 created_leaves=0 deleted_leaves=0 mirror_mismatches=0
elapsed=1.153399e+02 cycle=113 time=5.437500e-01 dt=4.687500e-03
CARTOON_AMR_TRANSACTION cycle=114 requested_refine=0 requested_derefine_leaves=24 accepted_derefine_parents=0 created_leaves=0 deleted_leaves=0 mirror_mismatches=0
elapsed=1.161274e+02 cycle=114 time=5.484375e-01 dt=4.687500e-03
CARTOON_AMR_TRANSACTION cycle=115 requested_refine=0 requested_derefine_leaves=24 accepted_derefine_parents=0 created_leaves=0 deleted_leaves=0 mirror_mismatches=0
elapsed=1.169150e+02 cycle=115 time=5.531250e-01 dt=4.687500e-03
CARTOON_AMR_TRANSACTION cycle=116 requested_refine=2 requested_derefine_leaves=24 accepted_derefine_parents=0 created_leaves=6 deleted_leaves=0 mirror_mismatches=0
AMR_Z4C_CHI_PROLONGATION cycle=116 local_fallback_groups=0,0,0,0 global_fallback_groups=0 global_high_order_groups=2048
elapsed=1.177129e+02 cycle=116 time=5.578125e-01 dt=4.687500e-03
CARTOON_AMR_TRANSACTION cycle=117 requested_refine=0 requested_derefine_leaves=30 accepted_derefine_parents=0 created_leaves=0 deleted_leaves=0 mirror_mismatches=0
elapsed=1.185061e+02 cycle=117 time=5.625000e-01 dt=4.687500e-03
CARTOON_AMR_TRANSACTION cycle=118 requested_refine=0 requested_derefine_leaves=30 accepted_derefine_parents=0 created_leaves=0 deleted_leaves=0 mirror_mismatches=0
elapsed=1.193041e+02 cycle=118 time=5.671875e-01 dt=4.687500e-03
CARTOON_AMR_TRANSACTION cycle=119 requested_refine=0 requested_derefine_leaves=30 accepted_derefine_parents=0 created_leaves=0 deleted_leaves=0 mirror_mismatches=0
elapsed=1.201004e+02 cycle=119 time=5.718750e-01 dt=4.687500e-03
CARTOON_AMR_TRANSACTION cycle=120 requested_refine=0 requested_derefine_leaves=30 accepted_derefine_parents=0 created_leaves=0 deleted_leaves=0 mirror_mismatches=0
elapsed=1.208994e+02 cycle=120 time=5.765625e-01 dt=4.687500e-03
CARTOON_AMR_TRANSACTION cycle=121 requested_refine=0 requested_derefine_leaves=30 accepted_derefine_parents=0 created_leaves=0 deleted_leaves=0 mirror_mismatches=0
elapsed=1.216916e+02 cycle=121 time=5.812500e-01 dt=4.687500e-03
CARTOON_AMR_TRANSACTION cycle=122 requested_refine=0 requested_derefine_leaves=30 accepted_derefine_parents=0 created_leaves=0 deleted_leaves=0 mirror_mismatches=0
elapsed=1.224841e+02 cycle=122 time=5.859375e-01 dt=4.687500e-03
CARTOON_AMR_TRANSACTION cycle=123 requested_refine=0 requested_derefine_leaves=30 accepted_derefine_parents=0 created_leaves=0 deleted_leaves=0 mirror_mismatches=0
elapsed=1.232741e+02 cycle=123 time=5.906250e-01 dt=4.687500e-03
CARTOON_AMR_TRANSACTION cycle=124 requested_refine=0 requested_derefine_leaves=30 accepted_derefine_parents=0 created_leaves=0 deleted_leaves=0 mirror_mismatches=0
elapsed=1.240647e+02 cycle=124 time=5.953125e-01 dt=4.687500e-03
CARTOON_AMR_TRANSACTION cycle=125 requested_refine=0 requested_derefine_leaves=30 accepted_derefine_parents=0 created_leaves=0 deleted_leaves=0 mirror_mismatches=0
elapsed=1.248576e+02 cycle=125 time=6.000000e-01 dt=4.687500e-03
CARTOON_AMR_TRANSACTION cycle=126 requested_refine=0 requested_derefine_leaves=30 accepted_derefine_parents=0 created_leaves=0 deleted_leaves=0 mirror_mismatches=0
elapsed=1.256493e+02 cycle=126 time=6.046875e-01 dt=4.687500e-03
CARTOON_AMR_TRANSACTION cycle=127 requested_refine=0 requested_derefine_leaves=30 accepted_derefine_parents=0 created_leaves=0 deleted_leaves=0 mirror_mismatches=0
elapsed=1.264440e+02 cycle=127 time=6.093750e-01 dt=4.687500e-03
CARTOON_AMR_TRANSACTION cycle=128 requested_refine=0 requested_derefine_leaves=30 accepted_derefine_parents=0 created_leaves=0 deleted_leaves=0 mirror_mismatches=0
elapsed=1.273780e+02 cycle=128 time=6.140625e-01 dt=4.687500e-03
CARTOON_AMR_TRANSACTION cycle=129 requested_refine=0 requested_derefine_leaves=30 accepted_derefine_parents=0 created_leaves=0 deleted_leaves=0 mirror_mismatches=0
elapsed=1.281681e+02 cycle=129 time=6.187500e-01 dt=4.687500e-03
CARTOON_AMR_TRANSACTION cycle=130 requested_refine=0 requested_derefine_leaves=30 accepted_derefine_parents=0 created_leaves=0 deleted_leaves=0 mirror_mismatches=0
elapsed=1.289615e+02 cycle=130 time=6.234375e-01 dt=4.687500e-03
CARTOON_AMR_TRANSACTION cycle=131 requested_refine=0 requested_derefine_leaves=30 accepted_derefine_parents=0 created_leaves=0 deleted_leaves=0 mirror_mismatches=0
elapsed=1.297532e+02 cycle=131 time=6.281250e-01 dt=4.687500e-03
CARTOON_AMR_TRANSACTION cycle=132 requested_refine=0 requested_derefine_leaves=30 accepted_derefine_parents=0 created_leaves=0 deleted_leaves=0 mirror_mismatches=0
elapsed=1.305514e+02 cycle=132 time=6.328125e-01 dt=4.687500e-03
CARTOON_AMR_TRANSACTION cycle=133 requested_refine=0 requested_derefine_leaves=30 accepted_derefine_parents=0 created_leaves=0 deleted_leaves=0 mirror_mismatches=0
elapsed=1.313454e+02 cycle=133 time=6.375000e-01 dt=4.687500e-03
CARTOON_AMR_TRANSACTION cycle=134 requested_refine=0 requested_derefine_leaves=30 accepted_derefine_parents=0 created_leaves=0 deleted_leaves=0 mirror_mismatches=0
elapsed=1.321502e+02 cycle=134 time=6.421875e-01 dt=4.687500e-03
CARTOON_AMR_TRANSACTION cycle=135 requested_refine=0 requested_derefine_leaves=32 accepted_derefine_parents=0 created_leaves=0 deleted_leaves=0 mirror_mismatches=0
elapsed=1.329454e+02 cycle=135 time=6.468750e-01 dt=4.687500e-03
CARTOON_AMR_TRANSACTION cycle=136 requested_refine=0 requested_derefine_leaves=32 accepted_derefine_parents=0 created_leaves=0 deleted_leaves=0 mirror_mismatches=0
elapsed=1.337451e+02 cycle=136 time=6.515625e-01 dt=4.687500e-03
CARTOON_AMR_TRANSACTION cycle=137 requested_refine=0 requested_derefine_leaves=32 accepted_derefine_parents=0 created_leaves=0 deleted_leaves=0 mirror_mismatches=0
elapsed=1.345320e+02 cycle=137 time=6.562500e-01 dt=4.687500e-03
CARTOON_AMR_TRANSACTION cycle=138 requested_refine=0 requested_derefine_leaves=32 accepted_derefine_parents=0 created_leaves=0 deleted_leaves=0 mirror_mismatches=0
elapsed=1.353255e+02 cycle=138 time=6.609375e-01 dt=4.687500e-03
CARTOON_AMR_TRANSACTION cycle=139 requested_refine=0 requested_derefine_leaves=32 accepted_derefine_parents=0 created_leaves=0 deleted_leaves=0 mirror_mismatches=0
elapsed=1.361185e+02 cycle=139 time=6.656250e-01 dt=4.687500e-03
CARTOON_AMR_TRANSACTION cycle=140 requested_refine=0 requested_derefine_leaves=32 accepted_derefine_parents=0 created_leaves=0 deleted_leaves=0 mirror_mismatches=0
elapsed=1.369202e+02 cycle=140 time=6.703125e-01 dt=4.687500e-03
CARTOON_AMR_TRANSACTION cycle=141 requested_refine=0 requested_derefine_leaves=32 accepted_derefine_parents=0 created_leaves=0 deleted_leaves=0 mirror_mismatches=0
elapsed=1.377258e+02 cycle=141 time=6.750000e-01 dt=4.687500e-03
CARTOON_AMR_TRANSACTION cycle=142 requested_refine=0 requested_derefine_leaves=32 accepted_derefine_parents=0 created_leaves=0 deleted_leaves=0 mirror_mismatches=0
elapsed=1.385242e+02 cycle=142 time=6.796875e-01 dt=4.687500e-03
CARTOON_AMR_TRANSACTION cycle=143 requested_refine=0 requested_derefine_leaves=32 accepted_derefine_parents=0 created_leaves=0 deleted_leaves=0 mirror_mismatches=0
elapsed=1.393220e+02 cycle=143 time=6.843750e-01 dt=4.687500e-03
CARTOON_AMR_TRANSACTION cycle=144 requested_refine=0 requested_derefine_leaves=32 accepted_derefine_parents=0 created_leaves=0 deleted_leaves=0 mirror_mismatches=0
elapsed=1.401237e+02 cycle=144 time=6.890625e-01 dt=4.687500e-03
CARTOON_AMR_TRANSACTION cycle=145 requested_refine=0 requested_derefine_leaves=32 accepted_derefine_parents=0 created_leaves=0 deleted_leaves=0 mirror_mismatches=0
elapsed=1.409176e+02 cycle=145 time=6.937500e-01 dt=4.687500e-03
CARTOON_AMR_TRANSACTION cycle=146 requested_refine=0 requested_derefine_leaves=32 accepted_derefine_parents=0 created_leaves=0 deleted_leaves=0 mirror_mismatches=0
elapsed=1.417189e+02 cycle=146 time=6.984375e-01 dt=4.687500e-03
CARTOON_AMR_TRANSACTION cycle=147 requested_refine=0 requested_derefine_leaves=32 accepted_derefine_parents=0 created_leaves=0 deleted_leaves=0 mirror_mismatches=0
elapsed=1.425103e+02 cycle=147 time=7.031250e-01 dt=4.687500e-03
CARTOON_AMR_TRANSACTION cycle=148 requested_refine=0 requested_derefine_leaves=32 accepted_derefine_parents=0 created_leaves=0 deleted_leaves=0 mirror_mismatches=0
elapsed=1.433088e+02 cycle=148 time=7.078125e-01 dt=4.687500e-03
CARTOON_AMR_TRANSACTION cycle=149 requested_refine=0 requested_derefine_leaves=32 accepted_derefine_parents=0 created_leaves=0 deleted_leaves=0 mirror_mismatches=0
elapsed=1.441084e+02 cycle=149 time=7.125000e-01 dt=4.687500e-03
CARTOON_AMR_TRANSACTION cycle=150 requested_refine=0 requested_derefine_leaves=32 accepted_derefine_parents=0 created_leaves=0 deleted_leaves=0 mirror_mismatches=0
elapsed=1.449012e+02 cycle=150 time=7.171875e-01 dt=4.687500e-03
CARTOON_AMR_TRANSACTION cycle=151 requested_refine=0 requested_derefine_leaves=32 accepted_derefine_parents=0 created_leaves=0 deleted_leaves=0 mirror_mismatches=0
elapsed=1.456947e+02 cycle=151 time=7.218750e-01 dt=4.687500e-03
CARTOON_AMR_TRANSACTION cycle=152 requested_refine=0 requested_derefine_leaves=32 accepted_derefine_parents=0 created_leaves=0 deleted_leaves=0 mirror_mismatches=0
elapsed=1.464922e+02 cycle=152 time=7.265625e-01 dt=4.687500e-03
CARTOON_AMR_TRANSACTION cycle=153 requested_refine=0 requested_derefine_leaves=32 accepted_derefine_parents=0 created_leaves=0 deleted_leaves=0 mirror_mismatches=0
elapsed=1.472803e+02 cycle=153 time=7.312500e-01 dt=4.687500e-03
CARTOON_AMR_TRANSACTION cycle=154 requested_refine=0 requested_derefine_leaves=32 accepted_derefine_parents=0 created_leaves=0 deleted_leaves=0 mirror_mismatches=0
elapsed=1.480768e+02 cycle=154 time=7.359375e-01 dt=4.687500e-03
CARTOON_AMR_TRANSACTION cycle=155 requested_refine=0 requested_derefine_leaves=32 accepted_derefine_parents=0 created_leaves=0 deleted_leaves=0 mirror_mismatches=0
elapsed=1.488689e+02 cycle=155 time=7.406250e-01 dt=4.687500e-03
CARTOON_AMR_TRANSACTION cycle=156 requested_refine=0 requested_derefine_leaves=32 accepted_derefine_parents=0 created_leaves=0 deleted_leaves=0 mirror_mismatches=0
elapsed=1.496630e+02 cycle=156 time=7.453125e-01 dt=4.687500e-03
CARTOON_AMR_TRANSACTION cycle=157 requested_refine=0 requested_derefine_leaves=30 accepted_derefine_parents=0 created_leaves=0 deleted_leaves=0 mirror_mismatches=0
elapsed=1.504588e+02 cycle=157 time=7.500000e-01 dt=4.687500e-03
CARTOON_AMR_TRANSACTION cycle=158 requested_refine=0 requested_derefine_leaves=30 accepted_derefine_parents=0 created_leaves=0 deleted_leaves=0 mirror_mismatches=0
elapsed=1.512633e+02 cycle=158 time=7.546875e-01 dt=4.687500e-03
CARTOON_AMR_TRANSACTION cycle=159 requested_refine=0 requested_derefine_leaves=30 accepted_derefine_parents=0 created_leaves=0 deleted_leaves=0 mirror_mismatches=0
elapsed=1.520623e+02 cycle=159 time=7.593750e-01 dt=4.687500e-03
CARTOON_AMR_TRANSACTION cycle=160 requested_refine=0 requested_derefine_leaves=30 accepted_derefine_parents=0 created_leaves=0 deleted_leaves=0 mirror_mismatches=0
elapsed=1.528624e+02 cycle=160 time=7.640625e-01 dt=4.687500e-03
CARTOON_AMR_TRANSACTION cycle=161 requested_refine=0 requested_derefine_leaves=30 accepted_derefine_parents=0 created_leaves=0 deleted_leaves=0 mirror_mismatches=0
elapsed=1.536524e+02 cycle=161 time=7.687500e-01 dt=4.687500e-03
CARTOON_AMR_TRANSACTION cycle=162 requested_refine=0 requested_derefine_leaves=30 accepted_derefine_parents=0 created_leaves=0 deleted_leaves=0 mirror_mismatches=0
elapsed=1.544427e+02 cycle=162 time=7.734375e-01 dt=4.687500e-03
CARTOON_AMR_TRANSACTION cycle=163 requested_refine=0 requested_derefine_leaves=30 accepted_derefine_parents=0 created_leaves=0 deleted_leaves=0 mirror_mismatches=0
elapsed=1.552346e+02 cycle=163 time=7.781250e-01 dt=4.687500e-03
CARTOON_AMR_TRANSACTION cycle=164 requested_refine=0 requested_derefine_leaves=30 accepted_derefine_parents=0 created_leaves=0 deleted_leaves=0 mirror_mismatches=0
elapsed=1.560366e+02 cycle=164 time=7.828125e-01 dt=4.687500e-03
CARTOON_AMR_TRANSACTION cycle=165 requested_refine=0 requested_derefine_leaves=30 accepted_derefine_parents=0 created_leaves=0 deleted_leaves=0 mirror_mismatches=0
elapsed=1.568342e+02 cycle=165 time=7.875000e-01 dt=4.687500e-03
CARTOON_AMR_TRANSACTION cycle=166 requested_refine=0 requested_derefine_leaves=30 accepted_derefine_parents=0 created_leaves=0 deleted_leaves=0 mirror_mismatches=0
elapsed=1.576294e+02 cycle=166 time=7.921875e-01 dt=4.687500e-03
CARTOON_AMR_TRANSACTION cycle=167 requested_refine=0 requested_derefine_leaves=30 accepted_derefine_parents=0 created_leaves=0 deleted_leaves=0 mirror_mismatches=0
elapsed=1.584240e+02 cycle=167 time=7.968750e-01 dt=4.687500e-03
CARTOON_AMR_TRANSACTION cycle=168 requested_refine=0 requested_derefine_leaves=30 accepted_derefine_parents=0 created_leaves=0 deleted_leaves=0 mirror_mismatches=0
elapsed=1.592305e+02 cycle=168 time=8.015625e-01 dt=4.687500e-03
CARTOON_AMR_TRANSACTION cycle=169 requested_refine=0 requested_derefine_leaves=28 accepted_derefine_parents=0 created_leaves=0 deleted_leaves=0 mirror_mismatches=0
elapsed=1.600220e+02 cycle=169 time=8.062500e-01 dt=4.687500e-03
CARTOON_AMR_TRANSACTION cycle=170 requested_refine=0 requested_derefine_leaves=28 accepted_derefine_parents=0 created_leaves=0 deleted_leaves=0 mirror_mismatches=0
elapsed=1.608121e+02 cycle=170 time=8.109375e-01 dt=4.687500e-03
CARTOON_AMR_TRANSACTION cycle=171 requested_refine=0 requested_derefine_leaves=28 accepted_derefine_parents=0 created_leaves=0 deleted_leaves=0 mirror_mismatches=0
elapsed=1.616017e+02 cycle=171 time=8.156250e-01 dt=4.687500e-03
CARTOON_AMR_TRANSACTION cycle=172 requested_refine=0 requested_derefine_leaves=28 accepted_derefine_parents=0 created_leaves=0 deleted_leaves=0 mirror_mismatches=0
elapsed=1.623992e+02 cycle=172 time=8.203125e-01 dt=4.687500e-03
CARTOON_AMR_TRANSACTION cycle=173 requested_refine=0 requested_derefine_leaves=28 accepted_derefine_parents=0 created_leaves=0 deleted_leaves=0 mirror_mismatches=0
elapsed=1.631956e+02 cycle=173 time=8.250000e-01 dt=4.687500e-03
CARTOON_AMR_TRANSACTION cycle=174 requested_refine=0 requested_derefine_leaves=28 accepted_derefine_parents=0 created_leaves=0 deleted_leaves=0 mirror_mismatches=0
elapsed=1.639983e+02 cycle=174 time=8.296875e-01 dt=4.687500e-03
CARTOON_AMR_TRANSACTION cycle=175 requested_refine=0 requested_derefine_leaves=28 accepted_derefine_parents=0 created_leaves=0 deleted_leaves=0 mirror_mismatches=0
elapsed=1.647934e+02 cycle=175 time=8.343750e-01 dt=4.687500e-03
CARTOON_AMR_TRANSACTION cycle=176 requested_refine=0 requested_derefine_leaves=28 accepted_derefine_parents=0 created_leaves=0 deleted_leaves=0 mirror_mismatches=0
elapsed=1.655865e+02 cycle=176 time=8.390625e-01 dt=4.687500e-03
CARTOON_AMR_TRANSACTION cycle=177 requested_refine=0 requested_derefine_leaves=28 accepted_derefine_parents=0 created_leaves=0 deleted_leaves=0 mirror_mismatches=0
elapsed=1.663804e+02 cycle=177 time=8.437500e-01 dt=4.687500e-03
CARTOON_AMR_TRANSACTION cycle=178 requested_refine=0 requested_derefine_leaves=28 accepted_derefine_parents=0 created_leaves=0 deleted_leaves=0 mirror_mismatches=0
elapsed=1.671733e+02 cycle=178 time=8.484375e-01 dt=4.687500e-03
CARTOON_AMR_TRANSACTION cycle=179 requested_refine=0 requested_derefine_leaves=28 accepted_derefine_parents=0 created_leaves=0 deleted_leaves=0 mirror_mismatches=0
elapsed=1.679676e+02 cycle=179 time=8.531250e-01 dt=4.687500e-03
CARTOON_AMR_TRANSACTION cycle=180 requested_refine=0 requested_derefine_leaves=28 accepted_derefine_parents=0 created_leaves=0 deleted_leaves=0 mirror_mismatches=0
elapsed=1.687672e+02 cycle=180 time=8.578125e-01 dt=4.687500e-03
CARTOON_AMR_TRANSACTION cycle=181 requested_refine=0 requested_derefine_leaves=28 accepted_derefine_parents=0 created_leaves=0 deleted_leaves=0 mirror_mismatches=0
elapsed=1.695620e+02 cycle=181 time=8.625000e-01 dt=4.687500e-03
CARTOON_AMR_TRANSACTION cycle=182 requested_refine=0 requested_derefine_leaves=28 accepted_derefine_parents=0 created_leaves=0 deleted_leaves=0 mirror_mismatches=0
elapsed=1.703567e+02 cycle=182 time=8.671875e-01 dt=4.687500e-03
CARTOON_AMR_TRANSACTION cycle=183 requested_refine=0 requested_derefine_leaves=26 accepted_derefine_parents=0 created_leaves=0 deleted_leaves=0 mirror_mismatches=0
elapsed=1.711516e+02 cycle=183 time=8.718750e-01 dt=4.687500e-03
CARTOON_AMR_TRANSACTION cycle=184 requested_refine=0 requested_derefine_leaves=26 accepted_derefine_parents=0 created_leaves=0 deleted_leaves=0 mirror_mismatches=0
elapsed=1.719530e+02 cycle=184 time=8.765625e-01 dt=4.687500e-03
CARTOON_AMR_TRANSACTION cycle=185 requested_refine=0 requested_derefine_leaves=26 accepted_derefine_parents=0 created_leaves=0 deleted_leaves=0 mirror_mismatches=0
elapsed=1.727462e+02 cycle=185 time=8.812500e-01 dt=4.687500e-03
CARTOON_AMR_TRANSACTION cycle=186 requested_refine=0 requested_derefine_leaves=26 accepted_derefine_parents=0 created_leaves=0 deleted_leaves=0 mirror_mismatches=0
elapsed=1.735366e+02 cycle=186 time=8.859375e-01 dt=4.687500e-03
CARTOON_AMR_TRANSACTION cycle=187 requested_refine=0 requested_derefine_leaves=26 accepted_derefine_parents=0 created_leaves=0 deleted_leaves=0 mirror_mismatches=0
elapsed=1.743282e+02 cycle=187 time=8.906250e-01 dt=4.687500e-03
CARTOON_AMR_TRANSACTION cycle=188 requested_refine=0 requested_derefine_leaves=26 accepted_derefine_parents=0 created_leaves=0 deleted_leaves=0 mirror_mismatches=0
elapsed=1.751219e+02 cycle=188 time=8.953125e-01 dt=4.687500e-03
CARTOON_AMR_TRANSACTION cycle=189 requested_refine=0 requested_derefine_leaves=26 accepted_derefine_parents=0 created_leaves=0 deleted_leaves=0 mirror_mismatches=0
elapsed=1.759182e+02 cycle=189 time=9.000000e-01 dt=4.687500e-03
CARTOON_AMR_TRANSACTION cycle=190 requested_refine=0 requested_derefine_leaves=26 accepted_derefine_parents=0 created_leaves=0 deleted_leaves=0 mirror_mismatches=0
elapsed=1.767126e+02 cycle=190 time=9.046875e-01 dt=4.687500e-03
CARTOON_AMR_TRANSACTION cycle=191 requested_refine=0 requested_derefine_leaves=24 accepted_derefine_parents=0 created_leaves=0 deleted_leaves=0 mirror_mismatches=0
elapsed=1.775129e+02 cycle=191 time=9.093750e-01 dt=4.687500e-03
CARTOON_AMR_TRANSACTION cycle=192 requested_refine=0 requested_derefine_leaves=24 accepted_derefine_parents=0 created_leaves=0 deleted_leaves=0 mirror_mismatches=0
elapsed=1.783910e+02 cycle=192 time=9.140625e-01 dt=4.687500e-03
CARTOON_AMR_TRANSACTION cycle=193 requested_refine=0 requested_derefine_leaves=24 accepted_derefine_parents=0 created_leaves=0 deleted_leaves=0 mirror_mismatches=0
elapsed=1.791816e+02 cycle=193 time=9.187500e-01 dt=4.687500e-03
CARTOON_AMR_TRANSACTION cycle=194 requested_refine=0 requested_derefine_leaves=24 accepted_derefine_parents=0 created_leaves=0 deleted_leaves=0 mirror_mismatches=0
elapsed=1.799772e+02 cycle=194 time=9.234375e-01 dt=4.687500e-03
CARTOON_AMR_TRANSACTION cycle=195 requested_refine=0 requested_derefine_leaves=24 accepted_derefine_parents=0 created_leaves=0 deleted_leaves=0 mirror_mismatches=0
elapsed=1.807641e+02 cycle=195 time=9.281250e-01 dt=4.687500e-03
CARTOON_AMR_TRANSACTION cycle=196 requested_refine=0 requested_derefine_leaves=24 accepted_derefine_parents=0 created_leaves=0 deleted_leaves=0 mirror_mismatches=0
elapsed=1.815584e+02 cycle=196 time=9.328125e-01 dt=4.687500e-03
CARTOON_AMR_TRANSACTION cycle=197 requested_refine=0 requested_derefine_leaves=24 accepted_derefine_parents=0 created_leaves=0 deleted_leaves=0 mirror_mismatches=0
elapsed=1.823546e+02 cycle=197 time=9.375000e-01 dt=4.687500e-03
CARTOON_AMR_TRANSACTION cycle=198 requested_refine=0 requested_derefine_leaves=24 accepted_derefine_parents=0 created_leaves=0 deleted_leaves=0 mirror_mismatches=0
elapsed=1.831543e+02 cycle=198 time=9.421875e-01 dt=4.687500e-03
CARTOON_AMR_TRANSACTION cycle=199 requested_refine=0 requested_derefine_leaves=24 accepted_derefine_parents=0 created_leaves=0 deleted_leaves=0 mirror_mismatches=0
elapsed=1.839512e+02 cycle=199 time=9.468750e-01 dt=4.687500e-03
CARTOON_AMR_TRANSACTION cycle=200 requested_refine=0 requested_derefine_leaves=24 accepted_derefine_parents=0 created_leaves=0 deleted_leaves=0 mirror_mismatches=0
elapsed=1.847447e+02 cycle=200 time=9.515625e-01 dt=4.687500e-03
CARTOON_AMR_TRANSACTION cycle=201 requested_refine=0 requested_derefine_leaves=24 accepted_derefine_parents=0 created_leaves=0 deleted_leaves=0 mirror_mismatches=0
elapsed=1.855392e+02 cycle=201 time=9.562500e-01 dt=4.687500e-03
CARTOON_AMR_TRANSACTION cycle=202 requested_refine=0 requested_derefine_leaves=24 accepted_derefine_parents=0 created_leaves=0 deleted_leaves=0 mirror_mismatches=0
elapsed=1.863277e+02 cycle=202 time=9.609375e-01 dt=4.687500e-03
CARTOON_AMR_TRANSACTION cycle=203 requested_refine=0 requested_derefine_leaves=24 accepted_derefine_parents=0 created_leaves=0 deleted_leaves=0 mirror_mismatches=0
elapsed=1.871157e+02 cycle=203 time=9.656250e-01 dt=4.687500e-03
CARTOON_AMR_TRANSACTION cycle=204 requested_refine=0 requested_derefine_leaves=24 accepted_derefine_parents=0 created_leaves=0 deleted_leaves=0 mirror_mismatches=0
elapsed=1.879070e+02 cycle=204 time=9.703125e-01 dt=4.687500e-03
CARTOON_AMR_TRANSACTION cycle=205 requested_refine=0 requested_derefine_leaves=24 accepted_derefine_parents=0 created_leaves=0 deleted_leaves=0 mirror_mismatches=0
elapsed=1.886971e+02 cycle=205 time=9.750000e-01 dt=4.687500e-03
CARTOON_AMR_TRANSACTION cycle=206 requested_refine=0 requested_derefine_leaves=24 accepted_derefine_parents=0 created_leaves=0 deleted_leaves=0 mirror_mismatches=0
elapsed=1.894912e+02 cycle=206 time=9.796875e-01 dt=4.687500e-03
CARTOON_AMR_TRANSACTION cycle=207 requested_refine=0 requested_derefine_leaves=24 accepted_derefine_parents=0 created_leaves=0 deleted_leaves=0 mirror_mismatches=0
elapsed=1.902846e+02 cycle=207 time=9.843750e-01 dt=4.687500e-03
CARTOON_AMR_TRANSACTION cycle=208 requested_refine=0 requested_derefine_leaves=24 accepted_derefine_parents=0 created_leaves=0 deleted_leaves=0 mirror_mismatches=0
elapsed=1.910836e+02 cycle=208 time=9.890625e-01 dt=4.687500e-03
CARTOON_AMR_TRANSACTION cycle=209 requested_refine=0 requested_derefine_leaves=24 accepted_derefine_parents=0 created_leaves=0 deleted_leaves=0 mirror_mismatches=0
elapsed=1.918752e+02 cycle=209 time=9.937500e-01 dt=4.687500e-03
CARTOON_AMR_TRANSACTION cycle=210 requested_refine=0 requested_derefine_leaves=24 accepted_derefine_parents=0 created_leaves=0 deleted_leaves=0 mirror_mismatches=0
elapsed=1.926708e+02 cycle=210 time=9.984375e-01 dt=4.687500e-03
CARTOON_AMR_TRANSACTION cycle=211 requested_refine=0 requested_derefine_leaves=24 accepted_derefine_parents=0 created_leaves=0 deleted_leaves=0 mirror_mismatches=0
elapsed=1.934684e+02 cycle=211 time=1.003125e+00 dt=4.687500e-03
CARTOON_AMR_TRANSACTION cycle=212 requested_refine=0 requested_derefine_leaves=24 accepted_derefine_parents=0 created_leaves=0 deleted_leaves=0 mirror_mismatches=0
elapsed=1.942631e+02 cycle=212 time=1.007812e+00 dt=4.687500e-03
CARTOON_AMR_TRANSACTION cycle=213 requested_refine=0 requested_derefine_leaves=24 accepted_derefine_parents=0 created_leaves=0 deleted_leaves=0 mirror_mismatches=0
elapsed=1.950586e+02 cycle=213 time=1.012500e+00 dt=4.687500e-03
CARTOON_AMR_TRANSACTION cycle=214 requested_refine=0 requested_derefine_leaves=24 accepted_derefine_parents=0 created_leaves=0 deleted_leaves=0 mirror_mismatches=0
elapsed=1.958546e+02 cycle=214 time=1.017187e+00 dt=4.687500e-03
CARTOON_AMR_TRANSACTION cycle=215 requested_refine=0 requested_derefine_leaves=24 accepted_derefine_parents=0 created_leaves=0 deleted_leaves=0 mirror_mismatches=0
elapsed=1.966508e+02 cycle=215 time=1.021875e+00 dt=4.687500e-03
CARTOON_AMR_TRANSACTION cycle=216 requested_refine=0 requested_derefine_leaves=24 accepted_derefine_parents=0 created_leaves=0 deleted_leaves=0 mirror_mismatches=0
elapsed=1.974563e+02 cycle=216 time=1.026562e+00 dt=4.687500e-03
CARTOON_AMR_TRANSACTION cycle=217 requested_refine=0 requested_derefine_leaves=24 accepted_derefine_parents=0 created_leaves=0 deleted_leaves=0 mirror_mismatches=0
elapsed=1.982613e+02 cycle=217 time=1.031250e+00 dt=4.687500e-03
CARTOON_AMR_TRANSACTION cycle=218 requested_refine=0 requested_derefine_leaves=22 accepted_derefine_parents=0 created_leaves=0 deleted_leaves=0 mirror_mismatches=0
elapsed=1.990608e+02 cycle=218 time=1.035937e+00 dt=4.687500e-03
CARTOON_AMR_TRANSACTION cycle=219 requested_refine=0 requested_derefine_leaves=22 accepted_derefine_parents=0 created_leaves=0 deleted_leaves=0 mirror_mismatches=0
elapsed=1.998555e+02 cycle=219 time=1.040625e+00 dt=4.687500e-03
CARTOON_AMR_TRANSACTION cycle=220 requested_refine=0 requested_derefine_leaves=22 accepted_derefine_parents=0 created_leaves=0 deleted_leaves=0 mirror_mismatches=0
elapsed=2.006550e+02 cycle=220 time=1.045312e+00 dt=4.687500e-03
CARTOON_AMR_TRANSACTION cycle=221 requested_refine=0 requested_derefine_leaves=22 accepted_derefine_parents=0 created_leaves=0 deleted_leaves=0 mirror_mismatches=0
elapsed=2.014514e+02 cycle=221 time=1.050000e+00 dt=4.687500e-03
CARTOON_AMR_TRANSACTION cycle=222 requested_refine=0 requested_derefine_leaves=22 accepted_derefine_parents=0 created_leaves=0 deleted_leaves=0 mirror_mismatches=0
elapsed=2.022551e+02 cycle=222 time=1.054687e+00 dt=4.687500e-03
CARTOON_AMR_TRANSACTION cycle=223 requested_refine=0 requested_derefine_leaves=22 accepted_derefine_parents=0 created_leaves=0 deleted_leaves=0 mirror_mismatches=0
elapsed=2.030548e+02 cycle=223 time=1.059375e+00 dt=4.687500e-03
CARTOON_AMR_TRANSACTION cycle=224 requested_refine=0 requested_derefine_leaves=22 accepted_derefine_parents=0 created_leaves=0 deleted_leaves=0 mirror_mismatches=0
elapsed=2.038563e+02 cycle=224 time=1.064062e+00 dt=4.687500e-03
CARTOON_AMR_TRANSACTION cycle=225 requested_refine=0 requested_derefine_leaves=22 accepted_derefine_parents=0 created_leaves=0 deleted_leaves=0 mirror_mismatches=0
elapsed=2.046510e+02 cycle=225 time=1.068750e+00 dt=4.687500e-03
CARTOON_AMR_TRANSACTION cycle=226 requested_refine=0 requested_derefine_leaves=22 accepted_derefine_parents=0 created_leaves=0 deleted_leaves=0 mirror_mismatches=0
elapsed=2.054400e+02 cycle=226 time=1.073437e+00 dt=4.687500e-03
CARTOON_AMR_TRANSACTION cycle=227 requested_refine=0 requested_derefine_leaves=24 accepted_derefine_parents=0 created_leaves=0 deleted_leaves=0 mirror_mismatches=0
elapsed=2.062305e+02 cycle=227 time=1.078125e+00 dt=4.687500e-03
CARTOON_AMR_TRANSACTION cycle=228 requested_refine=0 requested_derefine_leaves=24 accepted_derefine_parents=0 created_leaves=0 deleted_leaves=0 mirror_mismatches=0
elapsed=2.070246e+02 cycle=228 time=1.082812e+00 dt=4.687500e-03
CARTOON_AMR_TRANSACTION cycle=229 requested_refine=0 requested_derefine_leaves=24 accepted_derefine_parents=0 created_leaves=0 deleted_leaves=0 mirror_mismatches=0
elapsed=2.078240e+02 cycle=229 time=1.087500e+00 dt=4.687500e-03
CARTOON_AMR_TRANSACTION cycle=230 requested_refine=0 requested_derefine_leaves=24 accepted_derefine_parents=0 created_leaves=0 deleted_leaves=0 mirror_mismatches=0
elapsed=2.086179e+02 cycle=230 time=1.092187e+00 dt=4.687500e-03
CARTOON_AMR_TRANSACTION cycle=231 requested_refine=0 requested_derefine_leaves=24 accepted_derefine_parents=0 created_leaves=0 deleted_leaves=0 mirror_mismatches=0
elapsed=2.094117e+02 cycle=231 time=1.096875e+00 dt=4.687500e-03
CARTOON_AMR_TRANSACTION cycle=232 requested_refine=0 requested_derefine_leaves=24 accepted_derefine_parents=0 created_leaves=0 deleted_leaves=0 mirror_mismatches=0
elapsed=2.102063e+02 cycle=232 time=1.101562e+00 dt=4.687500e-03
CARTOON_AMR_TRANSACTION cycle=233 requested_refine=0 requested_derefine_leaves=24 accepted_derefine_parents=0 created_leaves=0 deleted_leaves=0 mirror_mismatches=0
elapsed=2.109989e+02 cycle=233 time=1.106250e+00 dt=4.687500e-03
CARTOON_AMR_TRANSACTION cycle=234 requested_refine=0 requested_derefine_leaves=24 accepted_derefine_parents=0 created_leaves=0 deleted_leaves=0 mirror_mismatches=0
elapsed=2.117967e+02 cycle=234 time=1.110937e+00 dt=4.687500e-03
CARTOON_AMR_TRANSACTION cycle=235 requested_refine=0 requested_derefine_leaves=24 accepted_derefine_parents=0 created_leaves=0 deleted_leaves=0 mirror_mismatches=0
elapsed=2.125891e+02 cycle=235 time=1.115625e+00 dt=4.687500e-03
CARTOON_AMR_TRANSACTION cycle=236 requested_refine=0 requested_derefine_leaves=24 accepted_derefine_parents=0 created_leaves=0 deleted_leaves=0 mirror_mismatches=0
elapsed=2.133940e+02 cycle=236 time=1.120312e+00 dt=4.687500e-03
CARTOON_AMR_TRANSACTION cycle=237 requested_refine=0 requested_derefine_leaves=24 accepted_derefine_parents=0 created_leaves=0 deleted_leaves=0 mirror_mismatches=0
elapsed=2.141870e+02 cycle=237 time=1.125000e+00 dt=4.687500e-03
CARTOON_AMR_TRANSACTION cycle=238 requested_refine=0 requested_derefine_leaves=24 accepted_derefine_parents=0 created_leaves=0 deleted_leaves=0 mirror_mismatches=0
elapsed=2.149847e+02 cycle=238 time=1.129687e+00 dt=4.687500e-03
CARTOON_AMR_TRANSACTION cycle=239 requested_refine=0 requested_derefine_leaves=24 accepted_derefine_parents=0 created_leaves=0 deleted_leaves=0 mirror_mismatches=0
elapsed=2.157775e+02 cycle=239 time=1.134375e+00 dt=4.687500e-03
CARTOON_AMR_TRANSACTION cycle=240 requested_refine=0 requested_derefine_leaves=24 accepted_derefine_parents=0 created_leaves=0 deleted_leaves=0 mirror_mismatches=0
elapsed=2.165704e+02 cycle=240 time=1.139062e+00 dt=4.687500e-03
CARTOON_AMR_TRANSACTION cycle=241 requested_refine=0 requested_derefine_leaves=24 accepted_derefine_parents=0 created_leaves=0 deleted_leaves=0 mirror_mismatches=0
elapsed=2.173567e+02 cycle=241 time=1.143750e+00 dt=4.687500e-03
CARTOON_AMR_TRANSACTION cycle=242 requested_refine=0 requested_derefine_leaves=24 accepted_derefine_parents=0 created_leaves=0 deleted_leaves=0 mirror_mismatches=0
elapsed=2.181549e+02 cycle=242 time=1.148437e+00 dt=4.687500e-03
CARTOON_AMR_TRANSACTION cycle=243 requested_refine=0 requested_derefine_leaves=24 accepted_derefine_parents=0 created_leaves=0 deleted_leaves=0 mirror_mismatches=0
elapsed=2.189480e+02 cycle=243 time=1.153125e+00 dt=4.687500e-03
CARTOON_AMR_TRANSACTION cycle=244 requested_refine=0 requested_derefine_leaves=24 accepted_derefine_parents=0 created_leaves=0 deleted_leaves=0 mirror_mismatches=0
elapsed=2.197511e+02 cycle=244 time=1.157812e+00 dt=4.687500e-03
CARTOON_AMR_TRANSACTION cycle=245 requested_refine=0 requested_derefine_leaves=24 accepted_derefine_parents=0 created_leaves=0 deleted_leaves=0 mirror_mismatches=0
elapsed=2.205404e+02 cycle=245 time=1.162500e+00 dt=4.687500e-03
CARTOON_AMR_TRANSACTION cycle=246 requested_refine=0 requested_derefine_leaves=24 accepted_derefine_parents=0 created_leaves=0 deleted_leaves=0 mirror_mismatches=0
elapsed=2.213389e+02 cycle=246 time=1.167187e+00 dt=4.687500e-03
CARTOON_AMR_TRANSACTION cycle=247 requested_refine=0 requested_derefine_leaves=24 accepted_derefine_parents=0 created_leaves=0 deleted_leaves=0 mirror_mismatches=0
elapsed=2.221348e+02 cycle=247 time=1.171875e+00 dt=4.687500e-03
CARTOON_AMR_TRANSACTION cycle=248 requested_refine=0 requested_derefine_leaves=24 accepted_derefine_parents=0 created_leaves=0 deleted_leaves=0 mirror_mismatches=0
elapsed=2.229322e+02 cycle=248 time=1.176562e+00 dt=4.687500e-03
CARTOON_AMR_TRANSACTION cycle=249 requested_refine=0 requested_derefine_leaves=24 accepted_derefine_parents=0 created_leaves=0 deleted_leaves=0 mirror_mismatches=0
elapsed=2.237258e+02 cycle=249 time=1.181250e+00 dt=4.687500e-03
CARTOON_AMR_TRANSACTION cycle=250 requested_refine=0 requested_derefine_leaves=24 accepted_derefine_parents=0 created_leaves=0 deleted_leaves=0 mirror_mismatches=0
elapsed=2.245163e+02 cycle=250 time=1.185937e+00 dt=4.687500e-03
CARTOON_AMR_TRANSACTION cycle=251 requested_refine=0 requested_derefine_leaves=24 accepted_derefine_parents=0 created_leaves=0 deleted_leaves=0 mirror_mismatches=0
elapsed=2.253072e+02 cycle=251 time=1.190625e+00 dt=4.687500e-03
CARTOON_AMR_TRANSACTION cycle=252 requested_refine=0 requested_derefine_leaves=24 accepted_derefine_parents=0 created_leaves=0 deleted_leaves=0 mirror_mismatches=0
elapsed=2.261012e+02 cycle=252 time=1.195312e+00 dt=4.687500e-03
CARTOON_AMR_TRANSACTION cycle=253 requested_refine=0 requested_derefine_leaves=24 accepted_derefine_parents=0 created_leaves=0 deleted_leaves=0 mirror_mismatches=0
elapsed=2.268968e+02 cycle=253 time=1.200000e+00 dt=4.687500e-03
CARTOON_AMR_TRANSACTION cycle=254 requested_refine=0 requested_derefine_leaves=24 accepted_derefine_parents=0 created_leaves=0 deleted_leaves=0 mirror_mismatches=0
elapsed=2.276912e+02 cycle=254 time=1.204687e+00 dt=4.687500e-03
CARTOON_AMR_TRANSACTION cycle=255 requested_refine=0 requested_derefine_leaves=24 accepted_derefine_parents=0 created_leaves=0 deleted_leaves=0 mirror_mismatches=0
elapsed=2.284859e+02 cycle=255 time=1.209375e+00 dt=4.687500e-03
CARTOON_AMR_TRANSACTION cycle=256 requested_refine=0 requested_derefine_leaves=24 accepted_derefine_parents=0 created_leaves=0 deleted_leaves=0 mirror_mismatches=0
elapsed=2.294083e+02 cycle=256 time=1.214062e+00 dt=4.687500e-03
CARTOON_AMR_TRANSACTION cycle=257 requested_refine=0 requested_derefine_leaves=24 accepted_derefine_parents=0 created_leaves=0 deleted_leaves=0 mirror_mismatches=0
elapsed=2.301973e+02 cycle=257 time=1.218750e+00 dt=4.687500e-03
CARTOON_AMR_TRANSACTION cycle=258 requested_refine=0 requested_derefine_leaves=24 accepted_derefine_parents=0 created_leaves=0 deleted_leaves=0 mirror_mismatches=0
elapsed=2.309886e+02 cycle=258 time=1.223437e+00 dt=4.687500e-03
CARTOON_AMR_TRANSACTION cycle=259 requested_refine=0 requested_derefine_leaves=24 accepted_derefine_parents=0 created_leaves=0 deleted_leaves=0 mirror_mismatches=0
elapsed=2.317841e+02 cycle=259 time=1.228125e+00 dt=4.687500e-03
CARTOON_AMR_TRANSACTION cycle=260 requested_refine=0 requested_derefine_leaves=24 accepted_derefine_parents=0 created_leaves=0 deleted_leaves=0 mirror_mismatches=0
elapsed=2.325812e+02 cycle=260 time=1.232812e+00 dt=4.687500e-03
CARTOON_AMR_TRANSACTION cycle=261 requested_refine=0 requested_derefine_leaves=24 accepted_derefine_parents=0 created_leaves=0 deleted_leaves=0 mirror_mismatches=0
elapsed=2.333825e+02 cycle=261 time=1.237500e+00 dt=4.687500e-03
CARTOON_AMR_TRANSACTION cycle=262 requested_refine=0 requested_derefine_leaves=26 accepted_derefine_parents=0 created_leaves=0 deleted_leaves=0 mirror_mismatches=0
elapsed=2.341781e+02 cycle=262 time=1.242187e+00 dt=4.687500e-03
CARTOON_AMR_TRANSACTION cycle=263 requested_refine=0 requested_derefine_leaves=26 accepted_derefine_parents=0 created_leaves=0 deleted_leaves=0 mirror_mismatches=0
elapsed=2.349747e+02 cycle=263 time=1.246875e+00 dt=4.687500e-03
CARTOON_AMR_TRANSACTION cycle=264 requested_refine=0 requested_derefine_leaves=26 accepted_derefine_parents=0 created_leaves=0 deleted_leaves=0 mirror_mismatches=0
elapsed=2.357731e+02 cycle=264 time=1.251562e+00 dt=4.687500e-03
CARTOON_AMR_TRANSACTION cycle=265 requested_refine=0 requested_derefine_leaves=26 accepted_derefine_parents=0 created_leaves=0 deleted_leaves=0 mirror_mismatches=0
elapsed=2.365659e+02 cycle=265 time=1.256250e+00 dt=4.687500e-03
CARTOON_AMR_TRANSACTION cycle=266 requested_refine=0 requested_derefine_leaves=26 accepted_derefine_parents=0 created_leaves=0 deleted_leaves=0 mirror_mismatches=0
elapsed=2.373649e+02 cycle=266 time=1.260937e+00 dt=4.687500e-03
CARTOON_AMR_TRANSACTION cycle=267 requested_refine=0 requested_derefine_leaves=26 accepted_derefine_parents=0 created_leaves=0 deleted_leaves=0 mirror_mismatches=0
elapsed=2.381564e+02 cycle=267 time=1.265625e+00 dt=4.687500e-03
CARTOON_AMR_TRANSACTION cycle=268 requested_refine=0 requested_derefine_leaves=26 accepted_derefine_parents=0 created_leaves=0 deleted_leaves=0 mirror_mismatches=0
elapsed=2.389474e+02 cycle=268 time=1.270312e+00 dt=4.687500e-03
CARTOON_AMR_TRANSACTION cycle=269 requested_refine=0 requested_derefine_leaves=26 accepted_derefine_parents=0 created_leaves=0 deleted_leaves=0 mirror_mismatches=0
elapsed=2.397405e+02 cycle=269 time=1.275000e+00 dt=4.687500e-03
CARTOON_AMR_TRANSACTION cycle=270 requested_refine=0 requested_derefine_leaves=26 accepted_derefine_parents=0 created_leaves=0 deleted_leaves=0 mirror_mismatches=0
elapsed=2.405355e+02 cycle=270 time=1.279687e+00 dt=4.687500e-03
CARTOON_AMR_TRANSACTION cycle=271 requested_refine=0 requested_derefine_leaves=26 accepted_derefine_parents=0 created_leaves=0 deleted_leaves=0 mirror_mismatches=0
elapsed=2.413284e+02 cycle=271 time=1.284375e+00 dt=4.687500e-03
CARTOON_AMR_TRANSACTION cycle=272 requested_refine=0 requested_derefine_leaves=26 accepted_derefine_parents=0 created_leaves=0 deleted_leaves=0 mirror_mismatches=0
elapsed=2.421267e+02 cycle=272 time=1.289062e+00 dt=4.687500e-03
CARTOON_AMR_TRANSACTION cycle=273 requested_refine=0 requested_derefine_leaves=26 accepted_derefine_parents=0 created_leaves=0 deleted_leaves=0 mirror_mismatches=0
elapsed=2.429225e+02 cycle=273 time=1.293750e+00 dt=4.687500e-03
CARTOON_AMR_TRANSACTION cycle=274 requested_refine=0 requested_derefine_leaves=26 accepted_derefine_parents=0 created_leaves=0 deleted_leaves=0 mirror_mismatches=0
elapsed=2.437173e+02 cycle=274 time=1.298437e+00 dt=4.687500e-03
CARTOON_AMR_TRANSACTION cycle=275 requested_refine=0 requested_derefine_leaves=26 accepted_derefine_parents=0 created_leaves=0 deleted_leaves=0 mirror_mismatches=0
elapsed=2.445088e+02 cycle=275 time=1.303125e+00 dt=4.687500e-03
CARTOON_AMR_TRANSACTION cycle=276 requested_refine=0 requested_derefine_leaves=26 accepted_derefine_parents=0 created_leaves=0 deleted_leaves=0 mirror_mismatches=0
elapsed=2.453019e+02 cycle=276 time=1.307812e+00 dt=4.687500e-03
CARTOON_AMR_TRANSACTION cycle=277 requested_refine=0 requested_derefine_leaves=26 accepted_derefine_parents=0 created_leaves=0 deleted_leaves=0 mirror_mismatches=0
elapsed=2.461024e+02 cycle=277 time=1.312500e+00 dt=4.687500e-03
CARTOON_AMR_TRANSACTION cycle=278 requested_refine=0 requested_derefine_leaves=26 accepted_derefine_parents=0 created_leaves=0 deleted_leaves=0 mirror_mismatches=0
elapsed=2.468944e+02 cycle=278 time=1.317187e+00 dt=4.687500e-03
CARTOON_AMR_TRANSACTION cycle=279 requested_refine=0 requested_derefine_leaves=26 accepted_derefine_parents=0 created_leaves=0 deleted_leaves=0 mirror_mismatches=0
elapsed=2.476892e+02 cycle=279 time=1.321875e+00 dt=4.687500e-03
CARTOON_AMR_TRANSACTION cycle=280 requested_refine=0 requested_derefine_leaves=26 accepted_derefine_parents=0 created_leaves=0 deleted_leaves=0 mirror_mismatches=0
elapsed=2.484856e+02 cycle=280 time=1.326562e+00 dt=4.687500e-03
CARTOON_AMR_TRANSACTION cycle=281 requested_refine=0 requested_derefine_leaves=26 accepted_derefine_parents=0 created_leaves=0 deleted_leaves=0 mirror_mismatches=0
elapsed=2.492801e+02 cycle=281 time=1.331250e+00 dt=4.687500e-03
CARTOON_AMR_TRANSACTION cycle=282 requested_refine=0 requested_derefine_leaves=26 accepted_derefine_parents=0 created_leaves=0 deleted_leaves=0 mirror_mismatches=0
elapsed=2.500784e+02 cycle=282 time=1.335937e+00 dt=4.687500e-03
CARTOON_AMR_TRANSACTION cycle=283 requested_refine=0 requested_derefine_leaves=26 accepted_derefine_parents=0 created_leaves=0 deleted_leaves=0 mirror_mismatches=0
elapsed=2.508675e+02 cycle=283 time=1.340625e+00 dt=4.687500e-03
CARTOON_AMR_TRANSACTION cycle=284 requested_refine=0 requested_derefine_leaves=26 accepted_derefine_parents=0 created_leaves=0 deleted_leaves=0 mirror_mismatches=0
elapsed=2.516617e+02 cycle=284 time=1.345312e+00 dt=4.687500e-03
CARTOON_AMR_TRANSACTION cycle=285 requested_refine=0 requested_derefine_leaves=26 accepted_derefine_parents=0 created_leaves=0 deleted_leaves=0 mirror_mismatches=0
elapsed=2.524573e+02 cycle=285 time=1.350000e+00 dt=4.687500e-03
CARTOON_AMR_TRANSACTION cycle=286 requested_refine=0 requested_derefine_leaves=26 accepted_derefine_parents=0 created_leaves=0 deleted_leaves=0 mirror_mismatches=0
elapsed=2.532530e+02 cycle=286 time=1.354687e+00 dt=4.687500e-03
CARTOON_AMR_TRANSACTION cycle=287 requested_refine=0 requested_derefine_leaves=26 accepted_derefine_parents=0 created_leaves=0 deleted_leaves=0 mirror_mismatches=0
elapsed=2.540507e+02 cycle=287 time=1.359375e+00 dt=4.687500e-03
CARTOON_AMR_TRANSACTION cycle=288 requested_refine=0 requested_derefine_leaves=26 accepted_derefine_parents=0 created_leaves=0 deleted_leaves=0 mirror_mismatches=0
elapsed=2.548637e+02 cycle=288 time=1.364062e+00 dt=4.687500e-03
CARTOON_AMR_TRANSACTION cycle=289 requested_refine=0 requested_derefine_leaves=26 accepted_derefine_parents=0 created_leaves=0 deleted_leaves=0 mirror_mismatches=0
elapsed=2.556556e+02 cycle=289 time=1.368750e+00 dt=4.687500e-03
CARTOON_AMR_TRANSACTION cycle=290 requested_refine=0 requested_derefine_leaves=26 accepted_derefine_parents=0 created_leaves=0 deleted_leaves=0 mirror_mismatches=0
elapsed=2.564477e+02 cycle=290 time=1.373437e+00 dt=4.687500e-03
CARTOON_AMR_TRANSACTION cycle=291 requested_refine=0 requested_derefine_leaves=26 accepted_derefine_parents=0 created_leaves=0 deleted_leaves=0 mirror_mismatches=0
elapsed=2.572459e+02 cycle=291 time=1.378125e+00 dt=4.687500e-03
CARTOON_AMR_TRANSACTION cycle=292 requested_refine=0 requested_derefine_leaves=26 accepted_derefine_parents=0 created_leaves=0 deleted_leaves=0 mirror_mismatches=0
elapsed=2.589571e+02 cycle=292 time=1.382812e+00 dt=4.687500e-03
CARTOON_AMR_TRANSACTION cycle=293 requested_refine=0 requested_derefine_leaves=24 accepted_derefine_parents=0 created_leaves=0 deleted_leaves=0 mirror_mismatches=0
elapsed=2.597536e+02 cycle=293 time=1.387500e+00 dt=4.687500e-03
CARTOON_AMR_TRANSACTION cycle=294 requested_refine=0 requested_derefine_leaves=24 accepted_derefine_parents=0 created_leaves=0 deleted_leaves=0 mirror_mismatches=0
elapsed=2.605482e+02 cycle=294 time=1.392187e+00 dt=4.687500e-03
CARTOON_AMR_TRANSACTION cycle=295 requested_refine=0 requested_derefine_leaves=24 accepted_derefine_parents=0 created_leaves=0 deleted_leaves=0 mirror_mismatches=0
elapsed=2.613444e+02 cycle=295 time=1.396875e+00 dt=4.687500e-03
CARTOON_AMR_TRANSACTION cycle=296 requested_refine=0 requested_derefine_leaves=24 accepted_derefine_parents=0 created_leaves=0 deleted_leaves=0 mirror_mismatches=0
elapsed=2.621422e+02 cycle=296 time=1.401562e+00 dt=4.687500e-03
CARTOON_AMR_TRANSACTION cycle=297 requested_refine=0 requested_derefine_leaves=24 accepted_derefine_parents=0 created_leaves=0 deleted_leaves=0 mirror_mismatches=0
elapsed=2.629360e+02 cycle=297 time=1.406250e+00 dt=4.687500e-03
CARTOON_AMR_TRANSACTION cycle=298 requested_refine=0 requested_derefine_leaves=24 accepted_derefine_parents=0 created_leaves=0 deleted_leaves=0 mirror_mismatches=0
elapsed=2.637287e+02 cycle=298 time=1.410937e+00 dt=4.687500e-03
CARTOON_AMR_TRANSACTION cycle=299 requested_refine=0 requested_derefine_leaves=24 accepted_derefine_parents=0 created_leaves=0 deleted_leaves=0 mirror_mismatches=0
elapsed=2.645222e+02 cycle=299 time=1.415625e+00 dt=4.687500e-03
CARTOON_AMR_TRANSACTION cycle=300 requested_refine=0 requested_derefine_leaves=24 accepted_derefine_parents=0 created_leaves=0 deleted_leaves=0 mirror_mismatches=0
elapsed=2.653192e+02 cycle=300 time=1.420312e+00 dt=4.687500e-03
CARTOON_AMR_TRANSACTION cycle=301 requested_refine=0 requested_derefine_leaves=24 accepted_derefine_parents=0 created_leaves=0 deleted_leaves=0 mirror_mismatches=0
elapsed=2.661143e+02 cycle=301 time=1.425000e+00 dt=4.687500e-03
CARTOON_AMR_TRANSACTION cycle=302 requested_refine=0 requested_derefine_leaves=24 accepted_derefine_parents=0 created_leaves=0 deleted_leaves=0 mirror_mismatches=0
elapsed=2.669041e+02 cycle=302 time=1.429687e+00 dt=4.687500e-03
CARTOON_AMR_TRANSACTION cycle=303 requested_refine=0 requested_derefine_leaves=24 accepted_derefine_parents=0 created_leaves=0 deleted_leaves=0 mirror_mismatches=0
elapsed=2.677093e+02 cycle=303 time=1.434375e+00 dt=4.687500e-03
CARTOON_AMR_TRANSACTION cycle=304 requested_refine=0 requested_derefine_leaves=24 accepted_derefine_parents=0 created_leaves=0 deleted_leaves=0 mirror_mismatches=0
elapsed=2.685112e+02 cycle=304 time=1.439062e+00 dt=4.687500e-03
CARTOON_AMR_TRANSACTION cycle=305 requested_refine=0 requested_derefine_leaves=26 accepted_derefine_parents=0 created_leaves=0 deleted_leaves=0 mirror_mismatches=0
elapsed=2.693057e+02 cycle=305 time=1.443750e+00 dt=4.687500e-03
CARTOON_AMR_TRANSACTION cycle=306 requested_refine=0 requested_derefine_leaves=26 accepted_derefine_parents=0 created_leaves=0 deleted_leaves=0 mirror_mismatches=0
elapsed=2.701048e+02 cycle=306 time=1.448437e+00 dt=4.687500e-03
CARTOON_AMR_TRANSACTION cycle=307 requested_refine=0 requested_derefine_leaves=26 accepted_derefine_parents=0 created_leaves=0 deleted_leaves=0 mirror_mismatches=0
elapsed=2.709018e+02 cycle=307 time=1.453125e+00 dt=4.687500e-03
CARTOON_AMR_TRANSACTION cycle=308 requested_refine=0 requested_derefine_leaves=26 accepted_derefine_parents=0 created_leaves=0 deleted_leaves=0 mirror_mismatches=0
elapsed=2.716973e+02 cycle=308 time=1.457812e+00 dt=4.687500e-03
CARTOON_AMR_TRANSACTION cycle=309 requested_refine=0 requested_derefine_leaves=26 accepted_derefine_parents=0 created_leaves=0 deleted_leaves=0 mirror_mismatches=0
elapsed=2.724994e+02 cycle=309 time=1.462500e+00 dt=4.687500e-03
CARTOON_AMR_TRANSACTION cycle=310 requested_refine=0 requested_derefine_leaves=26 accepted_derefine_parents=0 created_leaves=0 deleted_leaves=0 mirror_mismatches=0
elapsed=2.732995e+02 cycle=310 time=1.467187e+00 dt=4.687500e-03
CARTOON_AMR_TRANSACTION cycle=311 requested_refine=0 requested_derefine_leaves=26 accepted_derefine_parents=0 created_leaves=0 deleted_leaves=0 mirror_mismatches=0
elapsed=2.740933e+02 cycle=311 time=1.471875e+00 dt=4.687500e-03
CARTOON_AMR_TRANSACTION cycle=312 requested_refine=0 requested_derefine_leaves=26 accepted_derefine_parents=0 created_leaves=0 deleted_leaves=0 mirror_mismatches=0
elapsed=2.748931e+02 cycle=312 time=1.476562e+00 dt=4.687500e-03
CARTOON_AMR_TRANSACTION cycle=313 requested_refine=0 requested_derefine_leaves=28 accepted_derefine_parents=2 created_leaves=0 deleted_leaves=0 mirror_mismatches=0
elapsed=2.756815e+02 cycle=313 time=1.481250e+00 dt=4.687500e-03
CARTOON_AMR_TRANSACTION cycle=314 requested_refine=0 requested_derefine_leaves=28 accepted_derefine_parents=2 created_leaves=0 deleted_leaves=0 mirror_mismatches=0
elapsed=2.764848e+02 cycle=314 time=1.485937e+00 dt=4.687500e-03
CARTOON_AMR_TRANSACTION cycle=315 requested_refine=0 requested_derefine_leaves=28 accepted_derefine_parents=2 created_leaves=0 deleted_leaves=0 mirror_mismatches=0
elapsed=2.772848e+02 cycle=315 time=1.490625e+00 dt=4.687500e-03
CARTOON_AMR_TRANSACTION cycle=316 requested_refine=0 requested_derefine_leaves=28 accepted_derefine_parents=2 created_leaves=0 deleted_leaves=0 mirror_mismatches=0
elapsed=2.780798e+02 cycle=316 time=1.495312e+00 dt=4.687500e-03
CARTOON_AMR_TRANSACTION cycle=317 requested_refine=0 requested_derefine_leaves=28 accepted_derefine_parents=2 created_leaves=0 deleted_leaves=0 mirror_mismatches=0
elapsed=2.788783e+02 cycle=317 time=1.500000e+00 dt=4.687500e-03
CARTOON_AMR_TRANSACTION cycle=318 requested_refine=0 requested_derefine_leaves=28 accepted_derefine_parents=2 created_leaves=0 deleted_leaves=0 mirror_mismatches=0
elapsed=2.796735e+02 cycle=318 time=1.504687e+00 dt=4.687500e-03
CARTOON_AMR_TRANSACTION cycle=319 requested_refine=0 requested_derefine_leaves=28 accepted_derefine_parents=2 created_leaves=0 deleted_leaves=0 mirror_mismatches=0
elapsed=2.804649e+02 cycle=319 time=1.509375e+00 dt=4.687500e-03
CARTOON_AMR_TRANSACTION cycle=320 requested_refine=0 requested_derefine_leaves=28 accepted_derefine_parents=2 created_leaves=0 deleted_leaves=0 mirror_mismatches=0
elapsed=2.813482e+02 cycle=320 time=1.514062e+00 dt=4.687500e-03
CARTOON_AMR_TRANSACTION cycle=321 requested_refine=0 requested_derefine_leaves=28 accepted_derefine_parents=2 created_leaves=0 deleted_leaves=0 mirror_mismatches=0
elapsed=2.821412e+02 cycle=321 time=1.518750e+00 dt=4.687500e-03
CARTOON_AMR_TRANSACTION cycle=322 requested_refine=0 requested_derefine_leaves=28 accepted_derefine_parents=2 created_leaves=0 deleted_leaves=0 mirror_mismatches=0
elapsed=2.829346e+02 cycle=322 time=1.523437e+00 dt=4.687500e-03
CARTOON_AMR_TRANSACTION cycle=323 requested_refine=0 requested_derefine_leaves=28 accepted_derefine_parents=2 created_leaves=0 deleted_leaves=0 mirror_mismatches=0
elapsed=2.837234e+02 cycle=323 time=1.528125e+00 dt=4.687500e-03
CARTOON_AMR_TRANSACTION cycle=324 requested_refine=0 requested_derefine_leaves=28 accepted_derefine_parents=2 created_leaves=0 deleted_leaves=0 mirror_mismatches=0
elapsed=2.845178e+02 cycle=324 time=1.532812e+00 dt=4.687500e-03
CARTOON_AMR_TRANSACTION cycle=325 requested_refine=0 requested_derefine_leaves=28 accepted_derefine_parents=2 created_leaves=0 deleted_leaves=0 mirror_mismatches=0
elapsed=2.853091e+02 cycle=325 time=1.537500e+00 dt=4.687500e-03
CARTOON_AMR_TRANSACTION cycle=326 requested_refine=0 requested_derefine_leaves=28 accepted_derefine_parents=2 created_leaves=0 deleted_leaves=0 mirror_mismatches=0
elapsed=2.861016e+02 cycle=326 time=1.542187e+00 dt=4.687500e-03
CARTOON_AMR_TRANSACTION cycle=327 requested_refine=0 requested_derefine_leaves=28 accepted_derefine_parents=2 created_leaves=0 deleted_leaves=0 mirror_mismatches=0
elapsed=2.868960e+02 cycle=327 time=1.546875e+00 dt=4.687500e-03
CARTOON_AMR_TRANSACTION cycle=328 requested_refine=0 requested_derefine_leaves=28 accepted_derefine_parents=2 created_leaves=0 deleted_leaves=0 mirror_mismatches=0
elapsed=2.876975e+02 cycle=328 time=1.551562e+00 dt=4.687500e-03
CARTOON_AMR_TRANSACTION cycle=329 requested_refine=0 requested_derefine_leaves=28 accepted_derefine_parents=2 created_leaves=0 deleted_leaves=0 mirror_mismatches=0
elapsed=2.884881e+02 cycle=329 time=1.556250e+00 dt=4.687500e-03
CARTOON_AMR_TRANSACTION cycle=330 requested_refine=0 requested_derefine_leaves=28 accepted_derefine_parents=2 created_leaves=0 deleted_leaves=0 mirror_mismatches=0
elapsed=2.892761e+02 cycle=330 time=1.560937e+00 dt=4.687500e-03
CARTOON_AMR_TRANSACTION cycle=331 requested_refine=0 requested_derefine_leaves=28 accepted_derefine_parents=2 created_leaves=0 deleted_leaves=0 mirror_mismatches=0
elapsed=2.900659e+02 cycle=331 time=1.565625e+00 dt=4.687500e-03
CARTOON_AMR_TRANSACTION cycle=332 requested_refine=0 requested_derefine_leaves=28 accepted_derefine_parents=2 created_leaves=0 deleted_leaves=0 mirror_mismatches=0
elapsed=2.908614e+02 cycle=332 time=1.570312e+00 dt=4.687500e-03
CARTOON_AMR_TRANSACTION cycle=333 requested_refine=0 requested_derefine_leaves=28 accepted_derefine_parents=2 created_leaves=0 deleted_leaves=0 mirror_mismatches=0
elapsed=2.916620e+02 cycle=333 time=1.575000e+00 dt=4.687500e-03
CARTOON_AMR_TRANSACTION cycle=334 requested_refine=0 requested_derefine_leaves=28 accepted_derefine_parents=2 created_leaves=0 deleted_leaves=0 mirror_mismatches=0
elapsed=2.924609e+02 cycle=334 time=1.579687e+00 dt=4.687500e-03
CARTOON_AMR_TRANSACTION cycle=335 requested_refine=0 requested_derefine_leaves=28 accepted_derefine_parents=2 created_leaves=0 deleted_leaves=0 mirror_mismatches=0
elapsed=2.932519e+02 cycle=335 time=1.584375e+00 dt=4.687500e-03
CARTOON_AMR_TRANSACTION cycle=336 requested_refine=0 requested_derefine_leaves=28 accepted_derefine_parents=2 created_leaves=0 deleted_leaves=0 mirror_mismatches=0
elapsed=2.940494e+02 cycle=336 time=1.589062e+00 dt=4.687500e-03
CARTOON_AMR_TRANSACTION cycle=337 requested_refine=0 requested_derefine_leaves=28 accepted_derefine_parents=2 created_leaves=0 deleted_leaves=0 mirror_mismatches=0
elapsed=2.948372e+02 cycle=337 time=1.593750e+00 dt=4.687500e-03
CARTOON_AMR_TRANSACTION cycle=338 requested_refine=0 requested_derefine_leaves=30 accepted_derefine_parents=4 created_leaves=0 deleted_leaves=6 mirror_mismatches=0
elapsed=2.961058e+02 cycle=338 time=1.598437e+00 dt=4.687500e-03
CARTOON_AMR_TRANSACTION cycle=339 requested_refine=0 requested_derefine_leaves=22 accepted_derefine_parents=2 created_leaves=0 deleted_leaves=0 mirror_mismatches=0
elapsed=2.968861e+02 cycle=339 time=1.603125e+00 dt=4.687500e-03
CARTOON_AMR_TRANSACTION cycle=340 requested_refine=0 requested_derefine_leaves=22 accepted_derefine_parents=2 created_leaves=0 deleted_leaves=0 mirror_mismatches=0
elapsed=2.976797e+02 cycle=340 time=1.607812e+00 dt=4.687500e-03
CARTOON_AMR_TRANSACTION cycle=341 requested_refine=0 requested_derefine_leaves=22 accepted_derefine_parents=2 created_leaves=0 deleted_leaves=0 mirror_mismatches=0
elapsed=2.984692e+02 cycle=341 time=1.612500e+00 dt=4.687500e-03
CARTOON_AMR_TRANSACTION cycle=342 requested_refine=0 requested_derefine_leaves=22 accepted_derefine_parents=2 created_leaves=0 deleted_leaves=0 mirror_mismatches=0
elapsed=2.992556e+02 cycle=342 time=1.617187e+00 dt=4.687500e-03
CARTOON_AMR_TRANSACTION cycle=343 requested_refine=0 requested_derefine_leaves=22 accepted_derefine_parents=2 created_leaves=0 deleted_leaves=0 mirror_mismatches=0
elapsed=3.000394e+02 cycle=343 time=1.621875e+00 dt=4.687500e-03
CARTOON_AMR_TRANSACTION cycle=344 requested_refine=0 requested_derefine_leaves=22 accepted_derefine_parents=2 created_leaves=0 deleted_leaves=0 mirror_mismatches=0
elapsed=3.008290e+02 cycle=344 time=1.626562e+00 dt=4.687500e-03
CARTOON_AMR_TRANSACTION cycle=345 requested_refine=0 requested_derefine_leaves=22 accepted_derefine_parents=2 created_leaves=0 deleted_leaves=0 mirror_mismatches=0
elapsed=3.016122e+02 cycle=345 time=1.631250e+00 dt=4.687500e-03
CARTOON_AMR_TRANSACTION cycle=346 requested_refine=0 requested_derefine_leaves=22 accepted_derefine_parents=2 created_leaves=0 deleted_leaves=0 mirror_mismatches=0
elapsed=3.023975e+02 cycle=346 time=1.635937e+00 dt=4.687500e-03
CARTOON_AMR_TRANSACTION cycle=347 requested_refine=0 requested_derefine_leaves=22 accepted_derefine_parents=2 created_leaves=0 deleted_leaves=0 mirror_mismatches=0
elapsed=3.031813e+02 cycle=347 time=1.640625e+00 dt=4.687500e-03
CARTOON_AMR_TRANSACTION cycle=348 requested_refine=0 requested_derefine_leaves=22 accepted_derefine_parents=2 created_leaves=0 deleted_leaves=0 mirror_mismatches=0
elapsed=3.039681e+02 cycle=348 time=1.645312e+00 dt=4.687500e-03
CARTOON_AMR_TRANSACTION cycle=349 requested_refine=0 requested_derefine_leaves=22 accepted_derefine_parents=2 created_leaves=0 deleted_leaves=0 mirror_mismatches=0
elapsed=3.047563e+02 cycle=349 time=1.650000e+00 dt=4.687500e-03
CARTOON_AMR_TRANSACTION cycle=350 requested_refine=0 requested_derefine_leaves=22 accepted_derefine_parents=2 created_leaves=0 deleted_leaves=0 mirror_mismatches=0
elapsed=3.055530e+02 cycle=350 time=1.654687e+00 dt=4.687500e-03
CARTOON_AMR_TRANSACTION cycle=351 requested_refine=0 requested_derefine_leaves=22 accepted_derefine_parents=2 created_leaves=0 deleted_leaves=0 mirror_mismatches=0
elapsed=3.063392e+02 cycle=351 time=1.659375e+00 dt=4.687500e-03
CARTOON_AMR_TRANSACTION cycle=352 requested_refine=0 requested_derefine_leaves=22 accepted_derefine_parents=2 created_leaves=0 deleted_leaves=0 mirror_mismatches=0
elapsed=3.071268e+02 cycle=352 time=1.664062e+00 dt=4.687500e-03
CARTOON_AMR_TRANSACTION cycle=353 requested_refine=0 requested_derefine_leaves=22 accepted_derefine_parents=2 created_leaves=0 deleted_leaves=0 mirror_mismatches=0
elapsed=3.079075e+02 cycle=353 time=1.668750e+00 dt=4.687500e-03
CARTOON_AMR_TRANSACTION cycle=354 requested_refine=0 requested_derefine_leaves=24 accepted_derefine_parents=2 created_leaves=0 deleted_leaves=0 mirror_mismatches=0
elapsed=3.086870e+02 cycle=354 time=1.673437e+00 dt=4.687500e-03
CARTOON_AMR_TRANSACTION cycle=355 requested_refine=0 requested_derefine_leaves=24 accepted_derefine_parents=2 created_leaves=0 deleted_leaves=0 mirror_mismatches=0
elapsed=3.094699e+02 cycle=355 time=1.678125e+00 dt=4.687500e-03
CARTOON_AMR_TRANSACTION cycle=356 requested_refine=0 requested_derefine_leaves=26 accepted_derefine_parents=2 created_leaves=0 deleted_leaves=0 mirror_mismatches=0
elapsed=3.102531e+02 cycle=356 time=1.682812e+00 dt=4.687500e-03
CARTOON_AMR_TRANSACTION cycle=357 requested_refine=0 requested_derefine_leaves=26 accepted_derefine_parents=2 created_leaves=0 deleted_leaves=0 mirror_mismatches=0
elapsed=3.110388e+02 cycle=357 time=1.687500e+00 dt=4.687500e-03
CARTOON_AMR_TRANSACTION cycle=358 requested_refine=0 requested_derefine_leaves=26 accepted_derefine_parents=2 created_leaves=0 deleted_leaves=0 mirror_mismatches=0
elapsed=3.118296e+02 cycle=358 time=1.692187e+00 dt=4.687500e-03
CARTOON_AMR_TRANSACTION cycle=359 requested_refine=0 requested_derefine_leaves=26 accepted_derefine_parents=2 created_leaves=0 deleted_leaves=0 mirror_mismatches=0
elapsed=3.126184e+02 cycle=359 time=1.696875e+00 dt=4.687500e-03
CARTOON_AMR_TRANSACTION cycle=360 requested_refine=0 requested_derefine_leaves=26 accepted_derefine_parents=2 created_leaves=0 deleted_leaves=0 mirror_mismatches=0
elapsed=3.134094e+02 cycle=360 time=1.701562e+00 dt=4.687500e-03
CARTOON_AMR_TRANSACTION cycle=361 requested_refine=0 requested_derefine_leaves=26 accepted_derefine_parents=2 created_leaves=0 deleted_leaves=0 mirror_mismatches=0
elapsed=3.141897e+02 cycle=361 time=1.706250e+00 dt=4.687500e-03
CARTOON_AMR_TRANSACTION cycle=362 requested_refine=0 requested_derefine_leaves=26 accepted_derefine_parents=2 created_leaves=0 deleted_leaves=0 mirror_mismatches=0
elapsed=3.149743e+02 cycle=362 time=1.710937e+00 dt=4.687500e-03
CARTOON_AMR_TRANSACTION cycle=363 requested_refine=0 requested_derefine_leaves=26 accepted_derefine_parents=2 created_leaves=0 deleted_leaves=0 mirror_mismatches=0
elapsed=3.157561e+02 cycle=363 time=1.715625e+00 dt=4.687500e-03
CARTOON_AMR_TRANSACTION cycle=364 requested_refine=0 requested_derefine_leaves=28 accepted_derefine_parents=2 created_leaves=0 deleted_leaves=0 mirror_mismatches=0
elapsed=3.165513e+02 cycle=364 time=1.720312e+00 dt=4.687500e-03
CARTOON_AMR_TRANSACTION cycle=365 requested_refine=0 requested_derefine_leaves=28 accepted_derefine_parents=2 created_leaves=0 deleted_leaves=0 mirror_mismatches=0
elapsed=3.173449e+02 cycle=365 time=1.725000e+00 dt=4.687500e-03
CARTOON_AMR_TRANSACTION cycle=366 requested_refine=0 requested_derefine_leaves=28 accepted_derefine_parents=2 created_leaves=0 deleted_leaves=0 mirror_mismatches=0
elapsed=3.181350e+02 cycle=366 time=1.729687e+00 dt=4.687500e-03
CARTOON_AMR_TRANSACTION cycle=367 requested_refine=0 requested_derefine_leaves=28 accepted_derefine_parents=2 created_leaves=0 deleted_leaves=0 mirror_mismatches=0
elapsed=3.189229e+02 cycle=367 time=1.734375e+00 dt=4.687500e-03
CARTOON_AMR_TRANSACTION cycle=368 requested_refine=0 requested_derefine_leaves=28 accepted_derefine_parents=2 created_leaves=0 deleted_leaves=0 mirror_mismatches=0
elapsed=3.197125e+02 cycle=368 time=1.739062e+00 dt=4.687500e-03
CARTOON_AMR_TRANSACTION cycle=369 requested_refine=0 requested_derefine_leaves=28 accepted_derefine_parents=2 created_leaves=0 deleted_leaves=0 mirror_mismatches=0
elapsed=3.204946e+02 cycle=369 time=1.743750e+00 dt=4.687500e-03
CARTOON_AMR_TRANSACTION cycle=370 requested_refine=0 requested_derefine_leaves=28 accepted_derefine_parents=2 created_leaves=0 deleted_leaves=0 mirror_mismatches=0
elapsed=3.213033e+02 cycle=370 time=1.748437e+00 dt=4.687500e-03
CARTOON_AMR_TRANSACTION cycle=371 requested_refine=0 requested_derefine_leaves=28 accepted_derefine_parents=2 created_leaves=0 deleted_leaves=0 mirror_mismatches=0
elapsed=3.220872e+02 cycle=371 time=1.753125e+00 dt=4.687500e-03
CARTOON_AMR_TRANSACTION cycle=372 requested_refine=0 requested_derefine_leaves=28 accepted_derefine_parents=2 created_leaves=0 deleted_leaves=0 mirror_mismatches=0
elapsed=3.228803e+02 cycle=372 time=1.757812e+00 dt=4.687500e-03
CARTOON_AMR_TRANSACTION cycle=373 requested_refine=0 requested_derefine_leaves=28 accepted_derefine_parents=2 created_leaves=0 deleted_leaves=0 mirror_mismatches=0
elapsed=3.236660e+02 cycle=373 time=1.762500e+00 dt=4.687500e-03
CARTOON_AMR_TRANSACTION cycle=374 requested_refine=0 requested_derefine_leaves=28 accepted_derefine_parents=2 created_leaves=0 deleted_leaves=0 mirror_mismatches=0
elapsed=3.244552e+02 cycle=374 time=1.767187e+00 dt=4.687500e-03
CARTOON_AMR_TRANSACTION cycle=375 requested_refine=0 requested_derefine_leaves=28 accepted_derefine_parents=2 created_leaves=0 deleted_leaves=0 mirror_mismatches=0
elapsed=3.252416e+02 cycle=375 time=1.771875e+00 dt=4.687500e-03
CARTOON_AMR_TRANSACTION cycle=376 requested_refine=0 requested_derefine_leaves=28 accepted_derefine_parents=2 created_leaves=0 deleted_leaves=0 mirror_mismatches=0
elapsed=3.260394e+02 cycle=376 time=1.776562e+00 dt=4.687500e-03
CARTOON_AMR_TRANSACTION cycle=377 requested_refine=0 requested_derefine_leaves=28 accepted_derefine_parents=2 created_leaves=0 deleted_leaves=0 mirror_mismatches=0
elapsed=3.268241e+02 cycle=377 time=1.781250e+00 dt=4.687500e-03
CARTOON_AMR_TRANSACTION cycle=378 requested_refine=0 requested_derefine_leaves=28 accepted_derefine_parents=2 created_leaves=0 deleted_leaves=0 mirror_mismatches=0
elapsed=3.276114e+02 cycle=378 time=1.785937e+00 dt=4.687500e-03
CARTOON_AMR_TRANSACTION cycle=379 requested_refine=0 requested_derefine_leaves=28 accepted_derefine_parents=2 created_leaves=0 deleted_leaves=0 mirror_mismatches=0
elapsed=3.283967e+02 cycle=379 time=1.790625e+00 dt=4.687500e-03
CARTOON_AMR_TRANSACTION cycle=380 requested_refine=0 requested_derefine_leaves=28 accepted_derefine_parents=2 created_leaves=0 deleted_leaves=0 mirror_mismatches=0
elapsed=3.291819e+02 cycle=380 time=1.795312e+00 dt=4.687500e-03
CARTOON_AMR_TRANSACTION cycle=381 requested_refine=0 requested_derefine_leaves=28 accepted_derefine_parents=2 created_leaves=0 deleted_leaves=0 mirror_mismatches=0
elapsed=3.299678e+02 cycle=381 time=1.800000e+00 dt=4.687500e-03
CARTOON_AMR_TRANSACTION cycle=382 requested_refine=0 requested_derefine_leaves=28 accepted_derefine_parents=2 created_leaves=0 deleted_leaves=0 mirror_mismatches=0
elapsed=3.307533e+02 cycle=382 time=1.804687e+00 dt=4.687500e-03
CARTOON_AMR_TRANSACTION cycle=383 requested_refine=0 requested_derefine_leaves=32 accepted_derefine_parents=4 created_leaves=0 deleted_leaves=6 mirror_mismatches=0
elapsed=3.315445e+02 cycle=383 time=1.809375e+00 dt=4.687500e-03
CARTOON_AMR_TRANSACTION cycle=384 requested_refine=0 requested_derefine_leaves=24 accepted_derefine_parents=2 created_leaves=0 deleted_leaves=0 mirror_mismatches=0
elapsed=3.324480e+02 cycle=384 time=1.814062e+00 dt=4.687500e-03
CARTOON_AMR_TRANSACTION cycle=385 requested_refine=0 requested_derefine_leaves=24 accepted_derefine_parents=2 created_leaves=0 deleted_leaves=0 mirror_mismatches=0
elapsed=3.332316e+02 cycle=385 time=1.818750e+00 dt=4.687500e-03
CARTOON_AMR_TRANSACTION cycle=386 requested_refine=0 requested_derefine_leaves=24 accepted_derefine_parents=2 created_leaves=0 deleted_leaves=0 mirror_mismatches=0
elapsed=3.340094e+02 cycle=386 time=1.823437e+00 dt=4.687500e-03
CARTOON_AMR_TRANSACTION cycle=387 requested_refine=0 requested_derefine_leaves=24 accepted_derefine_parents=2 created_leaves=0 deleted_leaves=0 mirror_mismatches=0
elapsed=3.347937e+02 cycle=387 time=1.828125e+00 dt=4.687500e-03
CARTOON_AMR_TRANSACTION cycle=388 requested_refine=0 requested_derefine_leaves=24 accepted_derefine_parents=2 created_leaves=0 deleted_leaves=0 mirror_mismatches=0
elapsed=3.355731e+02 cycle=388 time=1.832812e+00 dt=4.687500e-03
CARTOON_AMR_TRANSACTION cycle=389 requested_refine=0 requested_derefine_leaves=24 accepted_derefine_parents=2 created_leaves=0 deleted_leaves=0 mirror_mismatches=0
elapsed=3.363526e+02 cycle=389 time=1.837500e+00 dt=4.687500e-03
CARTOON_AMR_TRANSACTION cycle=390 requested_refine=0 requested_derefine_leaves=24 accepted_derefine_parents=2 created_leaves=0 deleted_leaves=0 mirror_mismatches=0
elapsed=3.371365e+02 cycle=390 time=1.842187e+00 dt=4.687500e-03
CARTOON_AMR_TRANSACTION cycle=391 requested_refine=0 requested_derefine_leaves=22 accepted_derefine_parents=2 created_leaves=0 deleted_leaves=0 mirror_mismatches=0
elapsed=3.379158e+02 cycle=391 time=1.846875e+00 dt=4.687500e-03
CARTOON_AMR_TRANSACTION cycle=392 requested_refine=0 requested_derefine_leaves=22 accepted_derefine_parents=2 created_leaves=0 deleted_leaves=0 mirror_mismatches=0
elapsed=3.386990e+02 cycle=392 time=1.851562e+00 dt=4.687500e-03
CARTOON_AMR_TRANSACTION cycle=393 requested_refine=0 requested_derefine_leaves=22 accepted_derefine_parents=2 created_leaves=0 deleted_leaves=0 mirror_mismatches=0
elapsed=3.394843e+02 cycle=393 time=1.856250e+00 dt=4.687500e-03
CARTOON_AMR_TRANSACTION cycle=394 requested_refine=0 requested_derefine_leaves=22 accepted_derefine_parents=2 created_leaves=0 deleted_leaves=0 mirror_mismatches=0
elapsed=3.402672e+02 cycle=394 time=1.860937e+00 dt=4.687500e-03
CARTOON_AMR_TRANSACTION cycle=395 requested_refine=0 requested_derefine_leaves=24 accepted_derefine_parents=2 created_leaves=0 deleted_leaves=0 mirror_mismatches=0
elapsed=3.410482e+02 cycle=395 time=1.865625e+00 dt=4.687500e-03
CARTOON_AMR_TRANSACTION cycle=396 requested_refine=0 requested_derefine_leaves=24 accepted_derefine_parents=2 created_leaves=0 deleted_leaves=0 mirror_mismatches=0
elapsed=3.418309e+02 cycle=396 time=1.870312e+00 dt=4.687500e-03
CARTOON_AMR_TRANSACTION cycle=397 requested_refine=0 requested_derefine_leaves=24 accepted_derefine_parents=2 created_leaves=0 deleted_leaves=0 mirror_mismatches=0
elapsed=3.426074e+02 cycle=397 time=1.875000e+00 dt=4.687500e-03
CARTOON_AMR_TRANSACTION cycle=398 requested_refine=0 requested_derefine_leaves=24 accepted_derefine_parents=2 created_leaves=0 deleted_leaves=0 mirror_mismatches=0
elapsed=3.433907e+02 cycle=398 time=1.879687e+00 dt=4.687500e-03
CARTOON_AMR_TRANSACTION cycle=399 requested_refine=0 requested_derefine_leaves=24 accepted_derefine_parents=2 created_leaves=0 deleted_leaves=0 mirror_mismatches=0
elapsed=3.441693e+02 cycle=399 time=1.884375e+00 dt=4.687500e-03
CARTOON_AMR_TRANSACTION cycle=400 requested_refine=0 requested_derefine_leaves=24 accepted_derefine_parents=2 created_leaves=0 deleted_leaves=0 mirror_mismatches=0
elapsed=3.449538e+02 cycle=400 time=1.889062e+00 dt=4.687500e-03
CARTOON_AMR_TRANSACTION cycle=401 requested_refine=0 requested_derefine_leaves=24 accepted_derefine_parents=2 created_leaves=0 deleted_leaves=0 mirror_mismatches=0
elapsed=3.457391e+02 cycle=401 time=1.893750e+00 dt=4.687500e-03
CARTOON_AMR_TRANSACTION cycle=402 requested_refine=0 requested_derefine_leaves=24 accepted_derefine_parents=2 created_leaves=0 deleted_leaves=0 mirror_mismatches=0
elapsed=3.465156e+02 cycle=402 time=1.898437e+00 dt=4.687500e-03
CARTOON_AMR_TRANSACTION cycle=403 requested_refine=0 requested_derefine_leaves=24 accepted_derefine_parents=2 created_leaves=0 deleted_leaves=0 mirror_mismatches=0
elapsed=3.472977e+02 cycle=403 time=1.903125e+00 dt=4.687500e-03
CARTOON_AMR_TRANSACTION cycle=404 requested_refine=0 requested_derefine_leaves=24 accepted_derefine_parents=2 created_leaves=0 deleted_leaves=0 mirror_mismatches=0
elapsed=3.480791e+02 cycle=404 time=1.907812e+00 dt=4.687500e-03
CARTOON_AMR_TRANSACTION cycle=405 requested_refine=0 requested_derefine_leaves=24 accepted_derefine_parents=2 created_leaves=0 deleted_leaves=0 mirror_mismatches=0
elapsed=3.488580e+02 cycle=405 time=1.912500e+00 dt=4.687500e-03
CARTOON_AMR_TRANSACTION cycle=406 requested_refine=0 requested_derefine_leaves=24 accepted_derefine_parents=2 created_leaves=0 deleted_leaves=0 mirror_mismatches=0
elapsed=3.496364e+02 cycle=406 time=1.917187e+00 dt=4.687500e-03
CARTOON_AMR_TRANSACTION cycle=407 requested_refine=0 requested_derefine_leaves=24 accepted_derefine_parents=2 created_leaves=0 deleted_leaves=0 mirror_mismatches=0
elapsed=3.504168e+02 cycle=407 time=1.921875e+00 dt=4.687500e-03
CARTOON_AMR_TRANSACTION cycle=408 requested_refine=0 requested_derefine_leaves=24 accepted_derefine_parents=2 created_leaves=0 deleted_leaves=0 mirror_mismatches=0
elapsed=3.512203e+02 cycle=408 time=1.926562e+00 dt=4.687500e-03
CARTOON_AMR_TRANSACTION cycle=409 requested_refine=0 requested_derefine_leaves=24 accepted_derefine_parents=2 created_leaves=0 deleted_leaves=0 mirror_mismatches=0
elapsed=3.520001e+02 cycle=409 time=1.931250e+00 dt=4.687500e-03
CARTOON_AMR_TRANSACTION cycle=410 requested_refine=0 requested_derefine_leaves=24 accepted_derefine_parents=2 created_leaves=0 deleted_leaves=0 mirror_mismatches=0
elapsed=3.527782e+02 cycle=410 time=1.935937e+00 dt=4.687500e-03
CARTOON_AMR_TRANSACTION cycle=411 requested_refine=0 requested_derefine_leaves=24 accepted_derefine_parents=2 created_leaves=0 deleted_leaves=0 mirror_mismatches=0
elapsed=3.535629e+02 cycle=411 time=1.940625e+00 dt=4.687500e-03
CARTOON_AMR_TRANSACTION cycle=412 requested_refine=0 requested_derefine_leaves=24 accepted_derefine_parents=2 created_leaves=0 deleted_leaves=0 mirror_mismatches=0
elapsed=3.543498e+02 cycle=412 time=1.945312e+00 dt=4.687500e-03
CARTOON_AMR_TRANSACTION cycle=413 requested_refine=0 requested_derefine_leaves=24 accepted_derefine_parents=2 created_leaves=0 deleted_leaves=0 mirror_mismatches=0
elapsed=3.551281e+02 cycle=413 time=1.950000e+00 dt=4.687500e-03
CARTOON_AMR_TRANSACTION cycle=414 requested_refine=0 requested_derefine_leaves=24 accepted_derefine_parents=2 created_leaves=0 deleted_leaves=0 mirror_mismatches=0
elapsed=3.559163e+02 cycle=414 time=1.954687e+00 dt=4.687500e-03
CARTOON_AMR_TRANSACTION cycle=415 requested_refine=0 requested_derefine_leaves=24 accepted_derefine_parents=2 created_leaves=0 deleted_leaves=0 mirror_mismatches=0
elapsed=3.566984e+02 cycle=415 time=1.959375e+00 dt=4.687500e-03
CARTOON_AMR_TRANSACTION cycle=416 requested_refine=0 requested_derefine_leaves=24 accepted_derefine_parents=2 created_leaves=0 deleted_leaves=0 mirror_mismatches=0
elapsed=3.574914e+02 cycle=416 time=1.964062e+00 dt=4.687500e-03
CARTOON_AMR_TRANSACTION cycle=417 requested_refine=0 requested_derefine_leaves=24 accepted_derefine_parents=2 created_leaves=0 deleted_leaves=0 mirror_mismatches=0
elapsed=3.616331e+02 cycle=417 time=1.968750e+00 dt=4.687500e-03
CARTOON_AMR_TRANSACTION cycle=418 requested_refine=0 requested_derefine_leaves=24 accepted_derefine_parents=2 created_leaves=0 deleted_leaves=0 mirror_mismatches=0
elapsed=3.624140e+02 cycle=418 time=1.973437e+00 dt=4.687500e-03
CARTOON_AMR_TRANSACTION cycle=419 requested_refine=0 requested_derefine_leaves=24 accepted_derefine_parents=2 created_leaves=0 deleted_leaves=0 mirror_mismatches=0
elapsed=3.632017e+02 cycle=419 time=1.978125e+00 dt=4.687500e-03
CARTOON_AMR_TRANSACTION cycle=420 requested_refine=0 requested_derefine_leaves=24 accepted_derefine_parents=2 created_leaves=0 deleted_leaves=0 mirror_mismatches=0
elapsed=3.639820e+02 cycle=420 time=1.982812e+00 dt=4.687500e-03
CARTOON_AMR_TRANSACTION cycle=421 requested_refine=0 requested_derefine_leaves=24 accepted_derefine_parents=2 created_leaves=0 deleted_leaves=0 mirror_mismatches=0
elapsed=3.647623e+02 cycle=421 time=1.987500e+00 dt=4.687500e-03
CARTOON_AMR_TRANSACTION cycle=422 requested_refine=0 requested_derefine_leaves=24 accepted_derefine_parents=2 created_leaves=0 deleted_leaves=0 mirror_mismatches=0
elapsed=3.655450e+02 cycle=422 time=1.992187e+00 dt=4.687500e-03
CARTOON_AMR_TRANSACTION cycle=423 requested_refine=0 requested_derefine_leaves=24 accepted_derefine_parents=2 created_leaves=0 deleted_leaves=0 mirror_mismatches=0
elapsed=3.663218e+02 cycle=423 time=1.996875e+00 dt=4.687500e-03
CARTOON_AMR_TRANSACTION cycle=424 requested_refine=0 requested_derefine_leaves=24 accepted_derefine_parents=2 created_leaves=0 deleted_leaves=0 mirror_mismatches=0
elapsed=3.671204e+02 cycle=424 time=2.001562e+00 dt=4.687500e-03
CARTOON_AMR_TRANSACTION cycle=425 requested_refine=0 requested_derefine_leaves=24 accepted_derefine_parents=2 created_leaves=0 deleted_leaves=0 mirror_mismatches=0
elapsed=3.679050e+02 cycle=425 time=2.006250e+00 dt=4.687500e-03
CARTOON_AMR_TRANSACTION cycle=426 requested_refine=0 requested_derefine_leaves=24 accepted_derefine_parents=2 created_leaves=0 deleted_leaves=0 mirror_mismatches=0
elapsed=3.686901e+02 cycle=426 time=2.010937e+00 dt=4.687500e-03
CARTOON_AMR_TRANSACTION cycle=427 requested_refine=0 requested_derefine_leaves=24 accepted_derefine_parents=2 created_leaves=0 deleted_leaves=0 mirror_mismatches=0
elapsed=3.694786e+02 cycle=427 time=2.015625e+00 dt=4.687500e-03
CARTOON_AMR_TRANSACTION cycle=428 requested_refine=0 requested_derefine_leaves=24 accepted_derefine_parents=2 created_leaves=0 deleted_leaves=0 mirror_mismatches=0
elapsed=3.702626e+02 cycle=428 time=2.020312e+00 dt=4.687500e-03
CARTOON_AMR_TRANSACTION cycle=429 requested_refine=0 requested_derefine_leaves=24 accepted_derefine_parents=2 created_leaves=0 deleted_leaves=0 mirror_mismatches=0
elapsed=3.710408e+02 cycle=429 time=2.025000e+00 dt=4.687500e-03
CARTOON_AMR_TRANSACTION cycle=430 requested_refine=0 requested_derefine_leaves=24 accepted_derefine_parents=2 created_leaves=0 deleted_leaves=0 mirror_mismatches=0
elapsed=3.718289e+02 cycle=430 time=2.029687e+00 dt=4.687500e-03
CARTOON_AMR_TRANSACTION cycle=431 requested_refine=0 requested_derefine_leaves=24 accepted_derefine_parents=2 created_leaves=0 deleted_leaves=0 mirror_mismatches=0
elapsed=3.726109e+02 cycle=431 time=2.034375e+00 dt=4.687500e-03
CARTOON_AMR_TRANSACTION cycle=432 requested_refine=0 requested_derefine_leaves=24 accepted_derefine_parents=2 created_leaves=0 deleted_leaves=0 mirror_mismatches=0
elapsed=3.734013e+02 cycle=432 time=2.039062e+00 dt=4.687500e-03
CARTOON_AMR_TRANSACTION cycle=433 requested_refine=0 requested_derefine_leaves=24 accepted_derefine_parents=2 created_leaves=0 deleted_leaves=0 mirror_mismatches=0
elapsed=3.741824e+02 cycle=433 time=2.043750e+00 dt=4.687500e-03
CARTOON_AMR_TRANSACTION cycle=434 requested_refine=0 requested_derefine_leaves=24 accepted_derefine_parents=2 created_leaves=0 deleted_leaves=0 mirror_mismatches=0
elapsed=3.749638e+02 cycle=434 time=2.048437e+00 dt=4.687500e-03
CARTOON_AMR_TRANSACTION cycle=435 requested_refine=0 requested_derefine_leaves=24 accepted_derefine_parents=2 created_leaves=0 deleted_leaves=0 mirror_mismatches=0
elapsed=3.757501e+02 cycle=435 time=2.053125e+00 dt=4.687500e-03
CARTOON_AMR_TRANSACTION cycle=436 requested_refine=0 requested_derefine_leaves=24 accepted_derefine_parents=2 created_leaves=0 deleted_leaves=0 mirror_mismatches=0
elapsed=3.765316e+02 cycle=436 time=2.057812e+00 dt=4.687500e-03
CARTOON_AMR_TRANSACTION cycle=437 requested_refine=0 requested_derefine_leaves=24 accepted_derefine_parents=2 created_leaves=0 deleted_leaves=0 mirror_mismatches=0
elapsed=3.773165e+02 cycle=437 time=2.062500e+00 dt=4.687500e-03
CARTOON_AMR_TRANSACTION cycle=438 requested_refine=0 requested_derefine_leaves=24 accepted_derefine_parents=2 created_leaves=0 deleted_leaves=0 mirror_mismatches=0
elapsed=3.781053e+02 cycle=438 time=2.067187e+00 dt=4.687500e-03
CARTOON_AMR_TRANSACTION cycle=439 requested_refine=0 requested_derefine_leaves=24 accepted_derefine_parents=2 created_leaves=0 deleted_leaves=0 mirror_mismatches=0
elapsed=3.788890e+02 cycle=439 time=2.071875e+00 dt=4.687500e-03
CARTOON_AMR_TRANSACTION cycle=440 requested_refine=0 requested_derefine_leaves=24 accepted_derefine_parents=2 created_leaves=0 deleted_leaves=0 mirror_mismatches=0
elapsed=3.796738e+02 cycle=440 time=2.076562e+00 dt=4.687500e-03
CARTOON_AMR_TRANSACTION cycle=441 requested_refine=0 requested_derefine_leaves=24 accepted_derefine_parents=2 created_leaves=0 deleted_leaves=0 mirror_mismatches=0
elapsed=3.804676e+02 cycle=441 time=2.081250e+00 dt=4.687500e-03
CARTOON_AMR_TRANSACTION cycle=442 requested_refine=0 requested_derefine_leaves=22 accepted_derefine_parents=0 created_leaves=0 deleted_leaves=0 mirror_mismatches=0
elapsed=3.812463e+02 cycle=442 time=2.085937e+00 dt=4.687500e-03
CARTOON_AMR_TRANSACTION cycle=443 requested_refine=0 requested_derefine_leaves=22 accepted_derefine_parents=0 created_leaves=0 deleted_leaves=0 mirror_mismatches=0
elapsed=3.820289e+02 cycle=443 time=2.090625e+00 dt=4.687500e-03
CARTOON_AMR_TRANSACTION cycle=444 requested_refine=0 requested_derefine_leaves=22 accepted_derefine_parents=0 created_leaves=0 deleted_leaves=0 mirror_mismatches=0
elapsed=3.828121e+02 cycle=444 time=2.095312e+00 dt=4.687500e-03
CARTOON_AMR_TRANSACTION cycle=445 requested_refine=0 requested_derefine_leaves=22 accepted_derefine_parents=0 created_leaves=0 deleted_leaves=0 mirror_mismatches=0
elapsed=3.835924e+02 cycle=445 time=2.100000e+00 dt=4.687500e-03
CARTOON_AMR_TRANSACTION cycle=446 requested_refine=0 requested_derefine_leaves=22 accepted_derefine_parents=0 created_leaves=0 deleted_leaves=0 mirror_mismatches=0
elapsed=3.860534e+02 cycle=446 time=2.104687e+00 dt=4.687500e-03
CARTOON_AMR_TRANSACTION cycle=447 requested_refine=0 requested_derefine_leaves=22 accepted_derefine_parents=0 created_leaves=0 deleted_leaves=0 mirror_mismatches=0
elapsed=3.868306e+02 cycle=447 time=2.109375e+00 dt=4.687500e-03
CARTOON_AMR_TRANSACTION cycle=448 requested_refine=0 requested_derefine_leaves=22 accepted_derefine_parents=0 created_leaves=0 deleted_leaves=0 mirror_mismatches=0
elapsed=3.876806e+02 cycle=448 time=2.114062e+00 dt=4.687500e-03
CARTOON_AMR_TRANSACTION cycle=449 requested_refine=0 requested_derefine_leaves=22 accepted_derefine_parents=0 created_leaves=0 deleted_leaves=0 mirror_mismatches=0
elapsed=3.884698e+02 cycle=449 time=2.118750e+00 dt=4.687500e-03
CARTOON_AMR_TRANSACTION cycle=450 requested_refine=0 requested_derefine_leaves=22 accepted_derefine_parents=0 created_leaves=0 deleted_leaves=0 mirror_mismatches=0
elapsed=3.892552e+02 cycle=450 time=2.123437e+00 dt=4.687500e-03
CARTOON_AMR_TRANSACTION cycle=451 requested_refine=0 requested_derefine_leaves=22 accepted_derefine_parents=0 created_leaves=0 deleted_leaves=0 mirror_mismatches=0
elapsed=3.900398e+02 cycle=451 time=2.128125e+00 dt=4.687500e-03
CARTOON_AMR_TRANSACTION cycle=452 requested_refine=0 requested_derefine_leaves=22 accepted_derefine_parents=0 created_leaves=0 deleted_leaves=0 mirror_mismatches=0
elapsed=3.908196e+02 cycle=452 time=2.132812e+00 dt=4.687500e-03
CARTOON_AMR_TRANSACTION cycle=453 requested_refine=0 requested_derefine_leaves=22 accepted_derefine_parents=0 created_leaves=0 deleted_leaves=0 mirror_mismatches=0
elapsed=3.916000e+02 cycle=453 time=2.137500e+00 dt=4.687500e-03
CARTOON_AMR_TRANSACTION cycle=454 requested_refine=0 requested_derefine_leaves=22 accepted_derefine_parents=0 created_leaves=0 deleted_leaves=0 mirror_mismatches=0
elapsed=3.923819e+02 cycle=454 time=2.142187e+00 dt=4.687500e-03
CARTOON_AMR_TRANSACTION cycle=455 requested_refine=0 requested_derefine_leaves=22 accepted_derefine_parents=0 created_leaves=0 deleted_leaves=0 mirror_mismatches=0
elapsed=3.931610e+02 cycle=455 time=2.146875e+00 dt=4.687500e-03
CARTOON_AMR_TRANSACTION cycle=456 requested_refine=0 requested_derefine_leaves=22 accepted_derefine_parents=0 created_leaves=0 deleted_leaves=0 mirror_mismatches=0
elapsed=3.939557e+02 cycle=456 time=2.151562e+00 dt=4.687500e-03
CARTOON_AMR_TRANSACTION cycle=457 requested_refine=0 requested_derefine_leaves=22 accepted_derefine_parents=0 created_leaves=0 deleted_leaves=0 mirror_mismatches=0
elapsed=3.947384e+02 cycle=457 time=2.156250e+00 dt=4.687500e-03
CARTOON_AMR_TRANSACTION cycle=458 requested_refine=0 requested_derefine_leaves=22 accepted_derefine_parents=0 created_leaves=0 deleted_leaves=0 mirror_mismatches=0
elapsed=3.955166e+02 cycle=458 time=2.160937e+00 dt=4.687500e-03
CARTOON_AMR_TRANSACTION cycle=459 requested_refine=0 requested_derefine_leaves=22 accepted_derefine_parents=0 created_leaves=0 deleted_leaves=0 mirror_mismatches=0
elapsed=3.962972e+02 cycle=459 time=2.165625e+00 dt=4.687500e-03
CARTOON_AMR_TRANSACTION cycle=460 requested_refine=0 requested_derefine_leaves=24 accepted_derefine_parents=2 created_leaves=0 deleted_leaves=6 mirror_mismatches=0
elapsed=3.970814e+02 cycle=460 time=2.170312e+00 dt=4.687500e-03
CARTOON_AMR_TRANSACTION cycle=461 requested_refine=0 requested_derefine_leaves=16 accepted_derefine_parents=0 created_leaves=0 deleted_leaves=0 mirror_mismatches=0
elapsed=3.978506e+02 cycle=461 time=2.175000e+00 dt=4.687500e-03
CARTOON_AMR_TRANSACTION cycle=462 requested_refine=0 requested_derefine_leaves=16 accepted_derefine_parents=0 created_leaves=0 deleted_leaves=0 mirror_mismatches=0
elapsed=3.986279e+02 cycle=462 time=2.179687e+00 dt=4.687500e-03
CARTOON_AMR_TRANSACTION cycle=463 requested_refine=0 requested_derefine_leaves=16 accepted_derefine_parents=0 created_leaves=0 deleted_leaves=0 mirror_mismatches=0
elapsed=3.994022e+02 cycle=463 time=2.184375e+00 dt=4.687500e-03
CARTOON_AMR_TRANSACTION cycle=464 requested_refine=0 requested_derefine_leaves=16 accepted_derefine_parents=0 created_leaves=0 deleted_leaves=0 mirror_mismatches=0
elapsed=4.001814e+02 cycle=464 time=2.189062e+00 dt=4.687500e-03
CARTOON_AMR_TRANSACTION cycle=465 requested_refine=0 requested_derefine_leaves=16 accepted_derefine_parents=0 created_leaves=0 deleted_leaves=0 mirror_mismatches=0
elapsed=4.009589e+02 cycle=465 time=2.193750e+00 dt=4.687500e-03
CARTOON_AMR_TRANSACTION cycle=466 requested_refine=0 requested_derefine_leaves=16 accepted_derefine_parents=0 created_leaves=0 deleted_leaves=0 mirror_mismatches=0
elapsed=4.017315e+02 cycle=466 time=2.198437e+00 dt=4.687500e-03
CARTOON_AMR_TRANSACTION cycle=467 requested_refine=0 requested_derefine_leaves=16 accepted_derefine_parents=0 created_leaves=0 deleted_leaves=0 mirror_mismatches=0
elapsed=4.025108e+02 cycle=467 time=2.203125e+00 dt=4.687500e-03
CARTOON_AMR_TRANSACTION cycle=468 requested_refine=0 requested_derefine_leaves=16 accepted_derefine_parents=0 created_leaves=0 deleted_leaves=0 mirror_mismatches=0
elapsed=4.032884e+02 cycle=468 time=2.207812e+00 dt=4.687500e-03
CARTOON_AMR_TRANSACTION cycle=469 requested_refine=0 requested_derefine_leaves=16 accepted_derefine_parents=0 created_leaves=0 deleted_leaves=0 mirror_mismatches=0
elapsed=4.040576e+02 cycle=469 time=2.212500e+00 dt=4.687500e-03
CARTOON_AMR_TRANSACTION cycle=470 requested_refine=0 requested_derefine_leaves=16 accepted_derefine_parents=0 created_leaves=0 deleted_leaves=0 mirror_mismatches=0
elapsed=4.048333e+02 cycle=470 time=2.217187e+00 dt=4.687500e-03
CARTOON_AMR_TRANSACTION cycle=471 requested_refine=0 requested_derefine_leaves=16 accepted_derefine_parents=0 created_leaves=0 deleted_leaves=0 mirror_mismatches=0
elapsed=4.056087e+02 cycle=471 time=2.221875e+00 dt=4.687500e-03
CARTOON_AMR_TRANSACTION cycle=472 requested_refine=0 requested_derefine_leaves=16 accepted_derefine_parents=0 created_leaves=0 deleted_leaves=0 mirror_mismatches=0
elapsed=4.063951e+02 cycle=472 time=2.226562e+00 dt=4.687500e-03
CARTOON_AMR_TRANSACTION cycle=473 requested_refine=0 requested_derefine_leaves=16 accepted_derefine_parents=0 created_leaves=0 deleted_leaves=0 mirror_mismatches=0
elapsed=4.071762e+02 cycle=473 time=2.231250e+00 dt=4.687500e-03
CARTOON_AMR_TRANSACTION cycle=474 requested_refine=0 requested_derefine_leaves=16 accepted_derefine_parents=0 created_leaves=0 deleted_leaves=0 mirror_mismatches=0
elapsed=4.079536e+02 cycle=474 time=2.235937e+00 dt=4.687500e-03
CARTOON_AMR_TRANSACTION cycle=475 requested_refine=0 requested_derefine_leaves=16 accepted_derefine_parents=0 created_leaves=0 deleted_leaves=0 mirror_mismatches=0
elapsed=4.087410e+02 cycle=475 time=2.240625e+00 dt=4.687500e-03
CARTOON_AMR_TRANSACTION cycle=476 requested_refine=0 requested_derefine_leaves=16 accepted_derefine_parents=0 created_leaves=0 deleted_leaves=0 mirror_mismatches=0
elapsed=4.095176e+02 cycle=476 time=2.245312e+00 dt=4.687500e-03
CARTOON_AMR_TRANSACTION cycle=477 requested_refine=0 requested_derefine_leaves=16 accepted_derefine_parents=0 created_leaves=0 deleted_leaves=0 mirror_mismatches=0
elapsed=4.102944e+02 cycle=477 time=2.250000e+00 dt=4.687500e-03
CARTOON_AMR_TRANSACTION cycle=478 requested_refine=0 requested_derefine_leaves=16 accepted_derefine_parents=0 created_leaves=0 deleted_leaves=0 mirror_mismatches=0
elapsed=4.110723e+02 cycle=478 time=2.254687e+00 dt=4.687500e-03
CARTOON_AMR_TRANSACTION cycle=479 requested_refine=0 requested_derefine_leaves=16 accepted_derefine_parents=0 created_leaves=0 deleted_leaves=0 mirror_mismatches=0
elapsed=4.118456e+02 cycle=479 time=2.259375e+00 dt=4.687500e-03
CARTOON_AMR_TRANSACTION cycle=480 requested_refine=0 requested_derefine_leaves=16 accepted_derefine_parents=0 created_leaves=0 deleted_leaves=0 mirror_mismatches=0
elapsed=4.126249e+02 cycle=480 time=2.264062e+00 dt=4.687500e-03
CARTOON_AMR_TRANSACTION cycle=481 requested_refine=0 requested_derefine_leaves=16 accepted_derefine_parents=0 created_leaves=0 deleted_leaves=0 mirror_mismatches=0
elapsed=4.133997e+02 cycle=481 time=2.268750e+00 dt=4.687500e-03
CARTOON_AMR_TRANSACTION cycle=482 requested_refine=0 requested_derefine_leaves=16 accepted_derefine_parents=0 created_leaves=0 deleted_leaves=0 mirror_mismatches=0
elapsed=4.141728e+02 cycle=482 time=2.273437e+00 dt=4.687500e-03
CARTOON_AMR_TRANSACTION cycle=483 requested_refine=0 requested_derefine_leaves=16 accepted_derefine_parents=0 created_leaves=0 deleted_leaves=0 mirror_mismatches=0
elapsed=4.149484e+02 cycle=483 time=2.278125e+00 dt=4.687500e-03
CARTOON_AMR_TRANSACTION cycle=484 requested_refine=0 requested_derefine_leaves=16 accepted_derefine_parents=0 created_leaves=0 deleted_leaves=0 mirror_mismatches=0
elapsed=4.157216e+02 cycle=484 time=2.282812e+00 dt=4.687500e-03
CARTOON_AMR_TRANSACTION cycle=485 requested_refine=0 requested_derefine_leaves=16 accepted_derefine_parents=0 created_leaves=0 deleted_leaves=0 mirror_mismatches=0
elapsed=4.164966e+02 cycle=485 time=2.287500e+00 dt=4.687500e-03
CARTOON_AMR_TRANSACTION cycle=486 requested_refine=0 requested_derefine_leaves=16 accepted_derefine_parents=0 created_leaves=0 deleted_leaves=0 mirror_mismatches=0
elapsed=4.172719e+02 cycle=486 time=2.292187e+00 dt=4.687500e-03
CARTOON_AMR_TRANSACTION cycle=487 requested_refine=0 requested_derefine_leaves=16 accepted_derefine_parents=0 created_leaves=0 deleted_leaves=0 mirror_mismatches=0
elapsed=4.180447e+02 cycle=487 time=2.296875e+00 dt=4.687500e-03
CARTOON_AMR_TRANSACTION cycle=488 requested_refine=0 requested_derefine_leaves=16 accepted_derefine_parents=0 created_leaves=0 deleted_leaves=0 mirror_mismatches=0
elapsed=4.188315e+02 cycle=488 time=2.301562e+00 dt=4.687500e-03
CARTOON_AMR_TRANSACTION cycle=489 requested_refine=0 requested_derefine_leaves=16 accepted_derefine_parents=0 created_leaves=0 deleted_leaves=0 mirror_mismatches=0
elapsed=4.196038e+02 cycle=489 time=2.306250e+00 dt=4.687500e-03
CARTOON_AMR_TRANSACTION cycle=490 requested_refine=0 requested_derefine_leaves=16 accepted_derefine_parents=0 created_leaves=0 deleted_leaves=0 mirror_mismatches=0
elapsed=4.203785e+02 cycle=490 time=2.310937e+00 dt=4.687500e-03
CARTOON_AMR_TRANSACTION cycle=491 requested_refine=0 requested_derefine_leaves=16 accepted_derefine_parents=0 created_leaves=0 deleted_leaves=0 mirror_mismatches=0
elapsed=4.211504e+02 cycle=491 time=2.315625e+00 dt=4.687500e-03
CARTOON_AMR_TRANSACTION cycle=492 requested_refine=0 requested_derefine_leaves=16 accepted_derefine_parents=0 created_leaves=0 deleted_leaves=0 mirror_mismatches=0
elapsed=4.219276e+02 cycle=492 time=2.320312e+00 dt=4.687500e-03
CARTOON_AMR_TRANSACTION cycle=493 requested_refine=0 requested_derefine_leaves=16 accepted_derefine_parents=0 created_leaves=0 deleted_leaves=0 mirror_mismatches=0
elapsed=4.227070e+02 cycle=493 time=2.325000e+00 dt=4.687500e-03
CARTOON_AMR_TRANSACTION cycle=494 requested_refine=0 requested_derefine_leaves=16 accepted_derefine_parents=0 created_leaves=0 deleted_leaves=0 mirror_mismatches=0
elapsed=4.234871e+02 cycle=494 time=2.329687e+00 dt=4.687500e-03
CARTOON_AMR_TRANSACTION cycle=495 requested_refine=0 requested_derefine_leaves=18 accepted_derefine_parents=2 created_leaves=0 deleted_leaves=6 mirror_mismatches=0
elapsed=4.283401e+02 cycle=495 time=2.334375e+00 dt=9.375000e-03
CARTOON_AMR_TRANSACTION cycle=496 requested_refine=0 requested_derefine_leaves=10 accepted_derefine_parents=0 created_leaves=0 deleted_leaves=0 mirror_mismatches=0
elapsed=4.291152e+02 cycle=496 time=2.343750e+00 dt=9.375000e-03
CARTOON_AMR_TRANSACTION cycle=497 requested_refine=0 requested_derefine_leaves=10 accepted_derefine_parents=0 created_leaves=0 deleted_leaves=0 mirror_mismatches=0
elapsed=4.298880e+02 cycle=497 time=2.353125e+00 dt=9.375000e-03
CARTOON_AMR_TRANSACTION cycle=498 requested_refine=0 requested_derefine_leaves=10 accepted_derefine_parents=0 created_leaves=0 deleted_leaves=0 mirror_mismatches=0
elapsed=4.306639e+02 cycle=498 time=2.362500e+00 dt=9.375000e-03
CARTOON_AMR_TRANSACTION cycle=499 requested_refine=0 requested_derefine_leaves=10 accepted_derefine_parents=0 created_leaves=0 deleted_leaves=0 mirror_mismatches=0
elapsed=4.314407e+02 cycle=499 time=2.371875e+00 dt=9.375000e-03
CARTOON_AMR_TRANSACTION cycle=500 requested_refine=0 requested_derefine_leaves=10 accepted_derefine_parents=0 created_leaves=0 deleted_leaves=0 mirror_mismatches=0
elapsed=4.322143e+02 cycle=500 time=2.381250e+00 dt=9.375000e-03
CARTOON_AMR_TRANSACTION cycle=501 requested_refine=0 requested_derefine_leaves=10 accepted_derefine_parents=0 created_leaves=0 deleted_leaves=0 mirror_mismatches=0
elapsed=4.329901e+02 cycle=501 time=2.390625e+00 dt=9.375000e-03
CARTOON_AMR_TRANSACTION cycle=502 requested_refine=0 requested_derefine_leaves=10 accepted_derefine_parents=0 created_leaves=0 deleted_leaves=0 mirror_mismatches=0
elapsed=4.337642e+02 cycle=502 time=2.400000e+00 dt=9.375000e-03
CARTOON_AMR_TRANSACTION cycle=503 requested_refine=0 requested_derefine_leaves=10 accepted_derefine_parents=0 created_leaves=0 deleted_leaves=0 mirror_mismatches=0
elapsed=4.345378e+02 cycle=503 time=2.409375e+00 dt=9.375000e-03
CARTOON_AMR_TRANSACTION cycle=504 requested_refine=0 requested_derefine_leaves=10 accepted_derefine_parents=0 created_leaves=0 deleted_leaves=0 mirror_mismatches=0
elapsed=4.353131e+02 cycle=504 time=2.418750e+00 dt=9.375000e-03
CARTOON_AMR_TRANSACTION cycle=505 requested_refine=0 requested_derefine_leaves=10 accepted_derefine_parents=0 created_leaves=0 deleted_leaves=0 mirror_mismatches=0
elapsed=4.360863e+02 cycle=505 time=2.428125e+00 dt=9.375000e-03
CARTOON_AMR_TRANSACTION cycle=506 requested_refine=0 requested_derefine_leaves=10 accepted_derefine_parents=0 created_leaves=0 deleted_leaves=0 mirror_mismatches=0
elapsed=4.368572e+02 cycle=506 time=2.437500e+00 dt=9.375000e-03
CARTOON_AMR_TRANSACTION cycle=507 requested_refine=0 requested_derefine_leaves=10 accepted_derefine_parents=0 created_leaves=0 deleted_leaves=0 mirror_mismatches=0
elapsed=4.376308e+02 cycle=507 time=2.446875e+00 dt=9.375000e-03
CARTOON_AMR_TRANSACTION cycle=508 requested_refine=0 requested_derefine_leaves=10 accepted_derefine_parents=0 created_leaves=0 deleted_leaves=0 mirror_mismatches=0
elapsed=4.384083e+02 cycle=508 time=2.456250e+00 dt=9.375000e-03
CARTOON_AMR_TRANSACTION cycle=509 requested_refine=0 requested_derefine_leaves=10 accepted_derefine_parents=0 created_leaves=0 deleted_leaves=0 mirror_mismatches=0
elapsed=4.391870e+02 cycle=509 time=2.465625e+00 dt=9.375000e-03
CARTOON_AMR_TRANSACTION cycle=510 requested_refine=0 requested_derefine_leaves=10 accepted_derefine_parents=0 created_leaves=0 deleted_leaves=0 mirror_mismatches=0
elapsed=4.399621e+02 cycle=510 time=2.475000e+00 dt=9.375000e-03
CARTOON_AMR_TRANSACTION cycle=511 requested_refine=0 requested_derefine_leaves=10 accepted_derefine_parents=0 created_leaves=0 deleted_leaves=0 mirror_mismatches=0
elapsed=4.407371e+02 cycle=511 time=2.484375e+00 dt=9.375000e-03
CARTOON_AMR_TRANSACTION cycle=512 requested_refine=0 requested_derefine_leaves=10 accepted_derefine_parents=0 created_leaves=0 deleted_leaves=0 mirror_mismatches=0
elapsed=4.416042e+02 cycle=512 time=2.493750e+00 dt=9.375000e-03
CARTOON_AMR_TRANSACTION cycle=513 requested_refine=0 requested_derefine_leaves=10 accepted_derefine_parents=0 created_leaves=0 deleted_leaves=0 mirror_mismatches=0
elapsed=4.423826e+02 cycle=513 time=2.503125e+00 dt=9.375000e-03
CARTOON_AMR_TRANSACTION cycle=514 requested_refine=0 requested_derefine_leaves=10 accepted_derefine_parents=0 created_leaves=0 deleted_leaves=0 mirror_mismatches=0
elapsed=4.431551e+02 cycle=514 time=2.512500e+00 dt=9.375000e-03
CARTOON_AMR_TRANSACTION cycle=515 requested_refine=0 requested_derefine_leaves=10 accepted_derefine_parents=0 created_leaves=0 deleted_leaves=0 mirror_mismatches=0
elapsed=4.439281e+02 cycle=515 time=2.521875e+00 dt=9.375000e-03
CARTOON_AMR_TRANSACTION cycle=516 requested_refine=0 requested_derefine_leaves=10 accepted_derefine_parents=0 created_leaves=0 deleted_leaves=0 mirror_mismatches=0
elapsed=4.447033e+02 cycle=516 time=2.531250e+00 dt=9.375000e-03
CARTOON_AMR_TRANSACTION cycle=517 requested_refine=0 requested_derefine_leaves=10 accepted_derefine_parents=0 created_leaves=0 deleted_leaves=0 mirror_mismatches=0
elapsed=4.454741e+02 cycle=517 time=2.540625e+00 dt=9.375000e-03
CARTOON_AMR_TRANSACTION cycle=518 requested_refine=0 requested_derefine_leaves=10 accepted_derefine_parents=0 created_leaves=0 deleted_leaves=0 mirror_mismatches=0
elapsed=4.462458e+02 cycle=518 time=2.550000e+00 dt=9.375000e-03
CARTOON_AMR_TRANSACTION cycle=519 requested_refine=0 requested_derefine_leaves=10 accepted_derefine_parents=0 created_leaves=0 deleted_leaves=0 mirror_mismatches=0
elapsed=4.470159e+02 cycle=519 time=2.559375e+00 dt=9.375000e-03
CARTOON_AMR_TRANSACTION cycle=520 requested_refine=0 requested_derefine_leaves=10 accepted_derefine_parents=0 created_leaves=0 deleted_leaves=0 mirror_mismatches=0
elapsed=4.477948e+02 cycle=520 time=2.568750e+00 dt=9.375000e-03
CARTOON_AMR_TRANSACTION cycle=521 requested_refine=0 requested_derefine_leaves=10 accepted_derefine_parents=0 created_leaves=0 deleted_leaves=0 mirror_mismatches=0
elapsed=4.485712e+02 cycle=521 time=2.578125e+00 dt=9.375000e-03
CARTOON_AMR_TRANSACTION cycle=522 requested_refine=0 requested_derefine_leaves=10 accepted_derefine_parents=0 created_leaves=0 deleted_leaves=0 mirror_mismatches=0
elapsed=4.493481e+02 cycle=522 time=2.587500e+00 dt=9.375000e-03
CARTOON_AMR_TRANSACTION cycle=523 requested_refine=0 requested_derefine_leaves=10 accepted_derefine_parents=0 created_leaves=0 deleted_leaves=0 mirror_mismatches=0
elapsed=4.501225e+02 cycle=523 time=2.596875e+00 dt=9.375000e-03
CARTOON_AMR_TRANSACTION cycle=524 requested_refine=0 requested_derefine_leaves=10 accepted_derefine_parents=0 created_leaves=0 deleted_leaves=0 mirror_mismatches=0
elapsed=4.508965e+02 cycle=524 time=2.606250e+00 dt=9.375000e-03
CARTOON_AMR_TRANSACTION cycle=525 requested_refine=0 requested_derefine_leaves=10 accepted_derefine_parents=0 created_leaves=0 deleted_leaves=0 mirror_mismatches=0
elapsed=4.516688e+02 cycle=525 time=2.615625e+00 dt=9.375000e-03
CARTOON_AMR_TRANSACTION cycle=526 requested_refine=0 requested_derefine_leaves=10 accepted_derefine_parents=0 created_leaves=0 deleted_leaves=0 mirror_mismatches=0
elapsed=4.524430e+02 cycle=526 time=2.625000e+00 dt=9.375000e-03
CARTOON_AMR_TRANSACTION cycle=527 requested_refine=0 requested_derefine_leaves=10 accepted_derefine_parents=0 created_leaves=0 deleted_leaves=0 mirror_mismatches=0
elapsed=4.532107e+02 cycle=527 time=2.634375e+00 dt=9.375000e-03
CARTOON_AMR_TRANSACTION cycle=528 requested_refine=0 requested_derefine_leaves=10 accepted_derefine_parents=0 created_leaves=0 deleted_leaves=0 mirror_mismatches=0
elapsed=4.539902e+02 cycle=528 time=2.643750e+00 dt=9.375000e-03
CARTOON_AMR_TRANSACTION cycle=529 requested_refine=0 requested_derefine_leaves=10 accepted_derefine_parents=0 created_leaves=0 deleted_leaves=0 mirror_mismatches=0
elapsed=4.547639e+02 cycle=529 time=2.653125e+00 dt=9.375000e-03
CARTOON_AMR_TRANSACTION cycle=530 requested_refine=0 requested_derefine_leaves=10 accepted_derefine_parents=0 created_leaves=0 deleted_leaves=0 mirror_mismatches=0
elapsed=4.555313e+02 cycle=530 time=2.662500e+00 dt=9.375000e-03
CARTOON_AMR_TRANSACTION cycle=531 requested_refine=0 requested_derefine_leaves=10 accepted_derefine_parents=0 created_leaves=0 deleted_leaves=0 mirror_mismatches=0
elapsed=4.563013e+02 cycle=531 time=2.671875e+00 dt=9.375000e-03
CARTOON_AMR_TRANSACTION cycle=532 requested_refine=0 requested_derefine_leaves=10 accepted_derefine_parents=0 created_leaves=0 deleted_leaves=0 mirror_mismatches=0
elapsed=4.570687e+02 cycle=532 time=2.681250e+00 dt=9.375000e-03
CARTOON_AMR_TRANSACTION cycle=533 requested_refine=0 requested_derefine_leaves=10 accepted_derefine_parents=0 created_leaves=0 deleted_leaves=0 mirror_mismatches=0
elapsed=4.578366e+02 cycle=533 time=2.690625e+00 dt=9.375000e-03
CARTOON_AMR_TRANSACTION cycle=534 requested_refine=0 requested_derefine_leaves=10 accepted_derefine_parents=0 created_leaves=0 deleted_leaves=0 mirror_mismatches=0
elapsed=4.586128e+02 cycle=534 time=2.700000e+00 dt=9.375000e-03
CARTOON_AMR_TRANSACTION cycle=535 requested_refine=0 requested_derefine_leaves=10 accepted_derefine_parents=0 created_leaves=0 deleted_leaves=0 mirror_mismatches=0
elapsed=4.593945e+02 cycle=535 time=2.709375e+00 dt=9.375000e-03
CARTOON_AMR_TRANSACTION cycle=536 requested_refine=0 requested_derefine_leaves=10 accepted_derefine_parents=0 created_leaves=0 deleted_leaves=0 mirror_mismatches=0
elapsed=4.601690e+02 cycle=536 time=2.718750e+00 dt=9.375000e-03
CARTOON_AMR_TRANSACTION cycle=537 requested_refine=0 requested_derefine_leaves=10 accepted_derefine_parents=0 created_leaves=0 deleted_leaves=0 mirror_mismatches=0
elapsed=4.609438e+02 cycle=537 time=2.728125e+00 dt=9.375000e-03
CARTOON_AMR_TRANSACTION cycle=538 requested_refine=0 requested_derefine_leaves=10 accepted_derefine_parents=0 created_leaves=0 deleted_leaves=0 mirror_mismatches=0
elapsed=4.617120e+02 cycle=538 time=2.737500e+00 dt=9.375000e-03
CARTOON_AMR_TRANSACTION cycle=539 requested_refine=0 requested_derefine_leaves=10 accepted_derefine_parents=0 created_leaves=0 deleted_leaves=0 mirror_mismatches=0
elapsed=4.624838e+02 cycle=539 time=2.746875e+00 dt=9.375000e-03
CARTOON_AMR_TRANSACTION cycle=540 requested_refine=0 requested_derefine_leaves=10 accepted_derefine_parents=0 created_leaves=0 deleted_leaves=0 mirror_mismatches=0
elapsed=4.632545e+02 cycle=540 time=2.756250e+00 dt=9.375000e-03
CARTOON_AMR_TRANSACTION cycle=541 requested_refine=0 requested_derefine_leaves=10 accepted_derefine_parents=0 created_leaves=0 deleted_leaves=0 mirror_mismatches=0
elapsed=4.640274e+02 cycle=541 time=2.765625e+00 dt=9.375000e-03
CARTOON_AMR_TRANSACTION cycle=542 requested_refine=0 requested_derefine_leaves=10 accepted_derefine_parents=0 created_leaves=0 deleted_leaves=0 mirror_mismatches=0
elapsed=4.648079e+02 cycle=542 time=2.775000e+00 dt=9.375000e-03
CARTOON_AMR_TRANSACTION cycle=543 requested_refine=0 requested_derefine_leaves=10 accepted_derefine_parents=0 created_leaves=0 deleted_leaves=0 mirror_mismatches=0
elapsed=4.655774e+02 cycle=543 time=2.784375e+00 dt=9.375000e-03
CARTOON_AMR_TRANSACTION cycle=544 requested_refine=0 requested_derefine_leaves=10 accepted_derefine_parents=0 created_leaves=0 deleted_leaves=0 mirror_mismatches=0
elapsed=4.663504e+02 cycle=544 time=2.793750e+00 dt=9.375000e-03
CARTOON_AMR_TRANSACTION cycle=545 requested_refine=0 requested_derefine_leaves=10 accepted_derefine_parents=0 created_leaves=0 deleted_leaves=0 mirror_mismatches=0
elapsed=4.671246e+02 cycle=545 time=2.803125e+00 dt=9.375000e-03
CARTOON_AMR_TRANSACTION cycle=546 requested_refine=0 requested_derefine_leaves=10 accepted_derefine_parents=0 created_leaves=0 deleted_leaves=0 mirror_mismatches=0
elapsed=4.678920e+02 cycle=546 time=2.812500e+00 dt=9.375000e-03
CARTOON_AMR_TRANSACTION cycle=547 requested_refine=0 requested_derefine_leaves=10 accepted_derefine_parents=0 created_leaves=0 deleted_leaves=0 mirror_mismatches=0
elapsed=4.686636e+02 cycle=547 time=2.821875e+00 dt=9.375000e-03
CARTOON_AMR_TRANSACTION cycle=548 requested_refine=0 requested_derefine_leaves=10 accepted_derefine_parents=0 created_leaves=0 deleted_leaves=0 mirror_mismatches=0
elapsed=4.694375e+02 cycle=548 time=2.831250e+00 dt=9.375000e-03
CARTOON_AMR_TRANSACTION cycle=549 requested_refine=0 requested_derefine_leaves=8 accepted_derefine_parents=0 created_leaves=0 deleted_leaves=0 mirror_mismatches=0
elapsed=4.702101e+02 cycle=549 time=2.840625e+00 dt=9.375000e-03
CARTOON_AMR_TRANSACTION cycle=550 requested_refine=0 requested_derefine_leaves=8 accepted_derefine_parents=0 created_leaves=0 deleted_leaves=0 mirror_mismatches=0
elapsed=4.709857e+02 cycle=550 time=2.850000e+00 dt=9.375000e-03
CARTOON_AMR_TRANSACTION cycle=551 requested_refine=0 requested_derefine_leaves=8 accepted_derefine_parents=0 created_leaves=0 deleted_leaves=0 mirror_mismatches=0
elapsed=4.717615e+02 cycle=551 time=2.859375e+00 dt=9.375000e-03
CARTOON_AMR_TRANSACTION cycle=552 requested_refine=0 requested_derefine_leaves=8 accepted_derefine_parents=0 created_leaves=0 deleted_leaves=0 mirror_mismatches=0
elapsed=4.725396e+02 cycle=552 time=2.868750e+00 dt=9.375000e-03
CARTOON_AMR_TRANSACTION cycle=553 requested_refine=0 requested_derefine_leaves=8 accepted_derefine_parents=0 created_leaves=0 deleted_leaves=0 mirror_mismatches=0
elapsed=4.733101e+02 cycle=553 time=2.878125e+00 dt=9.375000e-03
CARTOON_AMR_TRANSACTION cycle=554 requested_refine=0 requested_derefine_leaves=8 accepted_derefine_parents=0 created_leaves=0 deleted_leaves=0 mirror_mismatches=0
elapsed=4.740818e+02 cycle=554 time=2.887500e+00 dt=9.375000e-03
CARTOON_AMR_TRANSACTION cycle=555 requested_refine=0 requested_derefine_leaves=8 accepted_derefine_parents=0 created_leaves=0 deleted_leaves=0 mirror_mismatches=0
elapsed=4.748569e+02 cycle=555 time=2.896875e+00 dt=9.375000e-03
CARTOON_AMR_TRANSACTION cycle=556 requested_refine=0 requested_derefine_leaves=8 accepted_derefine_parents=0 created_leaves=0 deleted_leaves=0 mirror_mismatches=0
elapsed=4.756326e+02 cycle=556 time=2.906250e+00 dt=9.375000e-03
CARTOON_AMR_TRANSACTION cycle=557 requested_refine=0 requested_derefine_leaves=8 accepted_derefine_parents=0 created_leaves=0 deleted_leaves=0 mirror_mismatches=0
elapsed=4.764041e+02 cycle=557 time=2.915625e+00 dt=9.375000e-03
CARTOON_AMR_TRANSACTION cycle=558 requested_refine=0 requested_derefine_leaves=8 accepted_derefine_parents=0 created_leaves=0 deleted_leaves=0 mirror_mismatches=0
elapsed=4.771783e+02 cycle=558 time=2.925000e+00 dt=9.375000e-03
CARTOON_AMR_TRANSACTION cycle=559 requested_refine=0 requested_derefine_leaves=8 accepted_derefine_parents=0 created_leaves=0 deleted_leaves=0 mirror_mismatches=0
elapsed=4.779492e+02 cycle=559 time=2.934375e+00 dt=9.375000e-03
CARTOON_AMR_TRANSACTION cycle=560 requested_refine=0 requested_derefine_leaves=8 accepted_derefine_parents=0 created_leaves=0 deleted_leaves=0 mirror_mismatches=0
elapsed=4.787247e+02 cycle=560 time=2.943750e+00 dt=9.375000e-03
CARTOON_AMR_TRANSACTION cycle=561 requested_refine=0 requested_derefine_leaves=8 accepted_derefine_parents=0 created_leaves=0 deleted_leaves=0 mirror_mismatches=0
elapsed=4.794964e+02 cycle=561 time=2.953125e+00 dt=9.375000e-03
CARTOON_AMR_TRANSACTION cycle=562 requested_refine=0 requested_derefine_leaves=8 accepted_derefine_parents=0 created_leaves=0 deleted_leaves=0 mirror_mismatches=0
elapsed=4.802643e+02 cycle=562 time=2.962500e+00 dt=9.375000e-03
CARTOON_AMR_TRANSACTION cycle=563 requested_refine=0 requested_derefine_leaves=8 accepted_derefine_parents=0 created_leaves=0 deleted_leaves=0 mirror_mismatches=0
elapsed=4.810441e+02 cycle=563 time=2.971875e+00 dt=9.375000e-03
CARTOON_AMR_TRANSACTION cycle=564 requested_refine=0 requested_derefine_leaves=8 accepted_derefine_parents=0 created_leaves=0 deleted_leaves=0 mirror_mismatches=0
elapsed=4.818174e+02 cycle=564 time=2.981250e+00 dt=9.375000e-03
CARTOON_AMR_TRANSACTION cycle=565 requested_refine=0 requested_derefine_leaves=8 accepted_derefine_parents=0 created_leaves=0 deleted_leaves=0 mirror_mismatches=0
elapsed=4.825864e+02 cycle=565 time=2.990625e+00 dt=9.375000e-03
CARTOON_AMR_TRANSACTION cycle=566 requested_refine=0 requested_derefine_leaves=8 accepted_derefine_parents=0 created_leaves=0 deleted_leaves=0 mirror_mismatches=0
elapsed=4.833615e+02 cycle=566 time=3.000000e+00 dt=9.375000e-03
CARTOON_AMR_TRANSACTION cycle=567 requested_refine=0 requested_derefine_leaves=8 accepted_derefine_parents=0 created_leaves=0 deleted_leaves=0 mirror_mismatches=0
elapsed=4.841369e+02 cycle=567 time=3.009375e+00 dt=9.375000e-03
CARTOON_AMR_TRANSACTION cycle=568 requested_refine=0 requested_derefine_leaves=8 accepted_derefine_parents=0 created_leaves=0 deleted_leaves=0 mirror_mismatches=0
elapsed=4.849151e+02 cycle=568 time=3.018750e+00 dt=9.375000e-03
CARTOON_AMR_TRANSACTION cycle=569 requested_refine=0 requested_derefine_leaves=8 accepted_derefine_parents=0 created_leaves=0 deleted_leaves=0 mirror_mismatches=0
elapsed=4.856881e+02 cycle=569 time=3.028125e+00 dt=9.375000e-03
CARTOON_AMR_TRANSACTION cycle=570 requested_refine=0 requested_derefine_leaves=8 accepted_derefine_parents=0 created_leaves=0 deleted_leaves=0 mirror_mismatches=0
elapsed=4.864579e+02 cycle=570 time=3.037500e+00 dt=9.375000e-03
CARTOON_AMR_TRANSACTION cycle=571 requested_refine=0 requested_derefine_leaves=8 accepted_derefine_parents=0 created_leaves=0 deleted_leaves=0 mirror_mismatches=0
elapsed=4.872266e+02 cycle=571 time=3.046875e+00 dt=9.375000e-03
CARTOON_AMR_TRANSACTION cycle=572 requested_refine=0 requested_derefine_leaves=8 accepted_derefine_parents=0 created_leaves=0 deleted_leaves=0 mirror_mismatches=0
elapsed=4.879961e+02 cycle=572 time=3.056250e+00 dt=9.375000e-03
CARTOON_AMR_TRANSACTION cycle=573 requested_refine=0 requested_derefine_leaves=8 accepted_derefine_parents=0 created_leaves=0 deleted_leaves=0 mirror_mismatches=0
elapsed=4.887622e+02 cycle=573 time=3.065625e+00 dt=9.375000e-03
CARTOON_AMR_TRANSACTION cycle=574 requested_refine=0 requested_derefine_leaves=8 accepted_derefine_parents=0 created_leaves=0 deleted_leaves=0 mirror_mismatches=0
elapsed=4.895417e+02 cycle=574 time=3.075000e+00 dt=9.375000e-03
CARTOON_AMR_TRANSACTION cycle=575 requested_refine=0 requested_derefine_leaves=8 accepted_derefine_parents=0 created_leaves=0 deleted_leaves=0 mirror_mismatches=0
elapsed=4.903185e+02 cycle=575 time=3.084375e+00 dt=9.375000e-03
CARTOON_AMR_TRANSACTION cycle=576 requested_refine=0 requested_derefine_leaves=8 accepted_derefine_parents=0 created_leaves=0 deleted_leaves=0 mirror_mismatches=0
elapsed=4.911512e+02 cycle=576 time=3.093750e+00 dt=9.375000e-03
CARTOON_AMR_TRANSACTION cycle=577 requested_refine=0 requested_derefine_leaves=8 accepted_derefine_parents=0 created_leaves=0 deleted_leaves=0 mirror_mismatches=0
elapsed=4.919227e+02 cycle=577 time=3.103125e+00 dt=9.375000e-03
CARTOON_AMR_TRANSACTION cycle=578 requested_refine=0 requested_derefine_leaves=8 accepted_derefine_parents=0 created_leaves=0 deleted_leaves=0 mirror_mismatches=0
elapsed=4.926939e+02 cycle=578 time=3.112500e+00 dt=9.375000e-03
CARTOON_AMR_TRANSACTION cycle=579 requested_refine=0 requested_derefine_leaves=8 accepted_derefine_parents=0 created_leaves=0 deleted_leaves=0 mirror_mismatches=0
elapsed=4.934698e+02 cycle=579 time=3.121875e+00 dt=9.375000e-03
CARTOON_AMR_TRANSACTION cycle=580 requested_refine=0 requested_derefine_leaves=8 accepted_derefine_parents=0 created_leaves=0 deleted_leaves=0 mirror_mismatches=0
elapsed=4.942418e+02 cycle=580 time=3.131250e+00 dt=9.375000e-03
CARTOON_AMR_TRANSACTION cycle=581 requested_refine=0 requested_derefine_leaves=8 accepted_derefine_parents=0 created_leaves=0 deleted_leaves=0 mirror_mismatches=0
elapsed=4.950131e+02 cycle=581 time=3.140625e+00 dt=9.375000e-03
CARTOON_AMR_TRANSACTION cycle=582 requested_refine=0 requested_derefine_leaves=8 accepted_derefine_parents=0 created_leaves=0 deleted_leaves=0 mirror_mismatches=0
elapsed=4.957856e+02 cycle=582 time=3.150000e+00 dt=9.375000e-03
CARTOON_AMR_TRANSACTION cycle=583 requested_refine=0 requested_derefine_leaves=8 accepted_derefine_parents=0 created_leaves=0 deleted_leaves=0 mirror_mismatches=0
elapsed=4.965544e+02 cycle=583 time=3.159375e+00 dt=9.375000e-03
CARTOON_AMR_TRANSACTION cycle=584 requested_refine=0 requested_derefine_leaves=8 accepted_derefine_parents=0 created_leaves=0 deleted_leaves=0 mirror_mismatches=0
elapsed=4.973318e+02 cycle=584 time=3.168750e+00 dt=9.375000e-03
CARTOON_AMR_TRANSACTION cycle=585 requested_refine=0 requested_derefine_leaves=8 accepted_derefine_parents=0 created_leaves=0 deleted_leaves=0 mirror_mismatches=0
elapsed=4.981091e+02 cycle=585 time=3.178125e+00 dt=9.375000e-03
CARTOON_AMR_TRANSACTION cycle=586 requested_refine=0 requested_derefine_leaves=8 accepted_derefine_parents=0 created_leaves=0 deleted_leaves=0 mirror_mismatches=0
elapsed=4.988817e+02 cycle=586 time=3.187500e+00 dt=9.375000e-03
CARTOON_AMR_TRANSACTION cycle=587 requested_refine=0 requested_derefine_leaves=8 accepted_derefine_parents=0 created_leaves=0 deleted_leaves=0 mirror_mismatches=0
elapsed=4.996629e+02 cycle=587 time=3.196875e+00 dt=9.375000e-03
CARTOON_AMR_TRANSACTION cycle=588 requested_refine=0 requested_derefine_leaves=8 accepted_derefine_parents=0 created_leaves=0 deleted_leaves=0 mirror_mismatches=0
elapsed=5.004372e+02 cycle=588 time=3.206250e+00 dt=9.375000e-03
CARTOON_AMR_TRANSACTION cycle=589 requested_refine=0 requested_derefine_leaves=8 accepted_derefine_parents=0 created_leaves=0 deleted_leaves=0 mirror_mismatches=0
elapsed=5.012094e+02 cycle=589 time=3.215625e+00 dt=9.375000e-03
CARTOON_AMR_TRANSACTION cycle=590 requested_refine=0 requested_derefine_leaves=8 accepted_derefine_parents=0 created_leaves=0 deleted_leaves=0 mirror_mismatches=0
elapsed=5.019899e+02 cycle=590 time=3.225000e+00 dt=9.375000e-03
CARTOON_AMR_TRANSACTION cycle=591 requested_refine=0 requested_derefine_leaves=8 accepted_derefine_parents=0 created_leaves=0 deleted_leaves=0 mirror_mismatches=0
elapsed=5.027618e+02 cycle=591 time=3.234375e+00 dt=9.375000e-03
CARTOON_AMR_TRANSACTION cycle=592 requested_refine=0 requested_derefine_leaves=8 accepted_derefine_parents=0 created_leaves=0 deleted_leaves=0 mirror_mismatches=0
elapsed=5.035360e+02 cycle=592 time=3.243750e+00 dt=9.375000e-03
CARTOON_AMR_TRANSACTION cycle=593 requested_refine=0 requested_derefine_leaves=8 accepted_derefine_parents=0 created_leaves=0 deleted_leaves=0 mirror_mismatches=0
elapsed=5.043068e+02 cycle=593 time=3.253125e+00 dt=9.375000e-03
CARTOON_AMR_TRANSACTION cycle=594 requested_refine=0 requested_derefine_leaves=8 accepted_derefine_parents=0 created_leaves=0 deleted_leaves=0 mirror_mismatches=0
elapsed=5.050842e+02 cycle=594 time=3.262500e+00 dt=9.375000e-03
CARTOON_AMR_TRANSACTION cycle=595 requested_refine=0 requested_derefine_leaves=8 accepted_derefine_parents=0 created_leaves=0 deleted_leaves=0 mirror_mismatches=0
elapsed=5.058555e+02 cycle=595 time=3.271875e+00 dt=9.375000e-03
CARTOON_AMR_TRANSACTION cycle=596 requested_refine=0 requested_derefine_leaves=8 accepted_derefine_parents=0 created_leaves=0 deleted_leaves=0 mirror_mismatches=0
elapsed=5.066289e+02 cycle=596 time=3.281250e+00 dt=9.375000e-03
CARTOON_AMR_TRANSACTION cycle=597 requested_refine=0 requested_derefine_leaves=8 accepted_derefine_parents=0 created_leaves=0 deleted_leaves=0 mirror_mismatches=0
elapsed=5.074038e+02 cycle=597 time=3.290625e+00 dt=9.375000e-03
CARTOON_AMR_TRANSACTION cycle=598 requested_refine=0 requested_derefine_leaves=8 accepted_derefine_parents=0 created_leaves=0 deleted_leaves=0 mirror_mismatches=0
elapsed=5.081766e+02 cycle=598 time=3.300000e+00 dt=9.375000e-03
CARTOON_AMR_TRANSACTION cycle=599 requested_refine=0 requested_derefine_leaves=8 accepted_derefine_parents=0 created_leaves=0 deleted_leaves=0 mirror_mismatches=0
elapsed=5.089477e+02 cycle=599 time=3.309375e+00 dt=9.375000e-03
CARTOON_AMR_TRANSACTION cycle=600 requested_refine=0 requested_derefine_leaves=8 accepted_derefine_parents=0 created_leaves=0 deleted_leaves=0 mirror_mismatches=0
elapsed=5.097282e+02 cycle=600 time=3.318750e+00 dt=9.375000e-03
CARTOON_AMR_TRANSACTION cycle=601 requested_refine=0 requested_derefine_leaves=8 accepted_derefine_parents=0 created_leaves=0 deleted_leaves=0 mirror_mismatches=0
elapsed=5.105028e+02 cycle=601 time=3.328125e+00 dt=9.375000e-03
CARTOON_AMR_TRANSACTION cycle=602 requested_refine=0 requested_derefine_leaves=8 accepted_derefine_parents=0 created_leaves=0 deleted_leaves=0 mirror_mismatches=0
elapsed=5.112767e+02 cycle=602 time=3.337500e+00 dt=9.375000e-03
CARTOON_AMR_TRANSACTION cycle=603 requested_refine=0 requested_derefine_leaves=8 accepted_derefine_parents=0 created_leaves=0 deleted_leaves=0 mirror_mismatches=0
elapsed=5.120517e+02 cycle=603 time=3.346875e+00 dt=9.375000e-03
CARTOON_AMR_TRANSACTION cycle=604 requested_refine=0 requested_derefine_leaves=8 accepted_derefine_parents=0 created_leaves=0 deleted_leaves=0 mirror_mismatches=0
elapsed=5.128329e+02 cycle=604 time=3.356250e+00 dt=9.375000e-03
CARTOON_AMR_TRANSACTION cycle=605 requested_refine=0 requested_derefine_leaves=8 accepted_derefine_parents=0 created_leaves=0 deleted_leaves=0 mirror_mismatches=0
elapsed=5.136022e+02 cycle=605 time=3.365625e+00 dt=9.375000e-03
CARTOON_AMR_TRANSACTION cycle=606 requested_refine=0 requested_derefine_leaves=8 accepted_derefine_parents=0 created_leaves=0 deleted_leaves=0 mirror_mismatches=0
elapsed=5.143738e+02 cycle=606 time=3.375000e+00 dt=9.375000e-03
CARTOON_AMR_TRANSACTION cycle=607 requested_refine=0 requested_derefine_leaves=8 accepted_derefine_parents=0 created_leaves=0 deleted_leaves=0 mirror_mismatches=0
elapsed=5.151460e+02 cycle=607 time=3.384375e+00 dt=9.375000e-03
CARTOON_AMR_TRANSACTION cycle=608 requested_refine=0 requested_derefine_leaves=8 accepted_derefine_parents=0 created_leaves=0 deleted_leaves=0 mirror_mismatches=0
elapsed=5.159209e+02 cycle=608 time=3.393750e+00 dt=9.375000e-03
CARTOON_AMR_TRANSACTION cycle=609 requested_refine=0 requested_derefine_leaves=8 accepted_derefine_parents=0 created_leaves=0 deleted_leaves=0 mirror_mismatches=0
elapsed=5.166953e+02 cycle=609 time=3.403125e+00 dt=9.375000e-03
CARTOON_AMR_TRANSACTION cycle=610 requested_refine=0 requested_derefine_leaves=8 accepted_derefine_parents=0 created_leaves=0 deleted_leaves=0 mirror_mismatches=0
elapsed=5.174638e+02 cycle=610 time=3.412500e+00 dt=9.375000e-03
CARTOON_AMR_TRANSACTION cycle=611 requested_refine=0 requested_derefine_leaves=8 accepted_derefine_parents=0 created_leaves=0 deleted_leaves=0 mirror_mismatches=0
elapsed=5.182376e+02 cycle=611 time=3.421875e+00 dt=9.375000e-03
CARTOON_AMR_TRANSACTION cycle=612 requested_refine=0 requested_derefine_leaves=8 accepted_derefine_parents=0 created_leaves=0 deleted_leaves=0 mirror_mismatches=0
elapsed=5.190075e+02 cycle=612 time=3.431250e+00 dt=9.375000e-03
CARTOON_AMR_TRANSACTION cycle=613 requested_refine=0 requested_derefine_leaves=8 accepted_derefine_parents=0 created_leaves=0 deleted_leaves=0 mirror_mismatches=0
elapsed=5.197744e+02 cycle=613 time=3.440625e+00 dt=9.375000e-03
CARTOON_AMR_TRANSACTION cycle=614 requested_refine=0 requested_derefine_leaves=8 accepted_derefine_parents=0 created_leaves=0 deleted_leaves=0 mirror_mismatches=0
elapsed=5.205486e+02 cycle=614 time=3.450000e+00 dt=9.375000e-03
CARTOON_AMR_TRANSACTION cycle=615 requested_refine=0 requested_derefine_leaves=8 accepted_derefine_parents=0 created_leaves=0 deleted_leaves=0 mirror_mismatches=0
elapsed=5.213233e+02 cycle=615 time=3.459375e+00 dt=9.375000e-03
CARTOON_AMR_TRANSACTION cycle=616 requested_refine=0 requested_derefine_leaves=8 accepted_derefine_parents=0 created_leaves=0 deleted_leaves=0 mirror_mismatches=0
elapsed=5.221032e+02 cycle=616 time=3.468750e+00 dt=9.375000e-03
CARTOON_AMR_TRANSACTION cycle=617 requested_refine=0 requested_derefine_leaves=8 accepted_derefine_parents=0 created_leaves=0 deleted_leaves=0 mirror_mismatches=0
elapsed=5.228780e+02 cycle=617 time=3.478125e+00 dt=9.375000e-03
CARTOON_AMR_TRANSACTION cycle=618 requested_refine=0 requested_derefine_leaves=8 accepted_derefine_parents=0 created_leaves=0 deleted_leaves=0 mirror_mismatches=0
elapsed=5.236524e+02 cycle=618 time=3.487500e+00 dt=9.375000e-03
CARTOON_AMR_TRANSACTION cycle=619 requested_refine=0 requested_derefine_leaves=8 accepted_derefine_parents=0 created_leaves=0 deleted_leaves=0 mirror_mismatches=0
elapsed=5.244312e+02 cycle=619 time=3.496875e+00 dt=9.375000e-03
CARTOON_AMR_TRANSACTION cycle=620 requested_refine=0 requested_derefine_leaves=8 accepted_derefine_parents=0 created_leaves=0 deleted_leaves=0 mirror_mismatches=0
elapsed=5.252051e+02 cycle=620 time=3.506250e+00 dt=9.375000e-03
CARTOON_AMR_TRANSACTION cycle=621 requested_refine=0 requested_derefine_leaves=8 accepted_derefine_parents=0 created_leaves=0 deleted_leaves=0 mirror_mismatches=0
elapsed=5.259781e+02 cycle=621 time=3.515625e+00 dt=9.375000e-03
CARTOON_AMR_TRANSACTION cycle=622 requested_refine=0 requested_derefine_leaves=8 accepted_derefine_parents=0 created_leaves=0 deleted_leaves=0 mirror_mismatches=0
elapsed=5.267496e+02 cycle=622 time=3.525000e+00 dt=9.375000e-03
CARTOON_AMR_TRANSACTION cycle=623 requested_refine=0 requested_derefine_leaves=8 accepted_derefine_parents=0 created_leaves=0 deleted_leaves=0 mirror_mismatches=0
elapsed=5.275176e+02 cycle=623 time=3.534375e+00 dt=9.375000e-03
CARTOON_AMR_TRANSACTION cycle=624 requested_refine=0 requested_derefine_leaves=8 accepted_derefine_parents=0 created_leaves=0 deleted_leaves=0 mirror_mismatches=0
elapsed=5.282951e+02 cycle=624 time=3.543750e+00 dt=9.375000e-03
CARTOON_AMR_TRANSACTION cycle=625 requested_refine=0 requested_derefine_leaves=8 accepted_derefine_parents=0 created_leaves=0 deleted_leaves=0 mirror_mismatches=0
elapsed=5.290668e+02 cycle=625 time=3.553125e+00 dt=9.375000e-03
CARTOON_AMR_TRANSACTION cycle=626 requested_refine=0 requested_derefine_leaves=8 accepted_derefine_parents=0 created_leaves=0 deleted_leaves=0 mirror_mismatches=0
elapsed=5.298398e+02 cycle=626 time=3.562500e+00 dt=9.375000e-03
CARTOON_AMR_TRANSACTION cycle=627 requested_refine=0 requested_derefine_leaves=8 accepted_derefine_parents=0 created_leaves=0 deleted_leaves=0 mirror_mismatches=0
elapsed=5.306150e+02 cycle=627 time=3.571875e+00 dt=9.375000e-03
CARTOON_AMR_TRANSACTION cycle=628 requested_refine=0 requested_derefine_leaves=8 accepted_derefine_parents=0 created_leaves=0 deleted_leaves=0 mirror_mismatches=0
elapsed=5.313851e+02 cycle=628 time=3.581250e+00 dt=9.375000e-03
CARTOON_AMR_TRANSACTION cycle=629 requested_refine=0 requested_derefine_leaves=8 accepted_derefine_parents=0 created_leaves=0 deleted_leaves=0 mirror_mismatches=0
elapsed=5.321579e+02 cycle=629 time=3.590625e+00 dt=9.375000e-03
CARTOON_AMR_TRANSACTION cycle=630 requested_refine=0 requested_derefine_leaves=8 accepted_derefine_parents=0 created_leaves=0 deleted_leaves=0 mirror_mismatches=0
elapsed=5.329288e+02 cycle=630 time=3.600000e+00 dt=9.375000e-03
CARTOON_AMR_TRANSACTION cycle=631 requested_refine=0 requested_derefine_leaves=8 accepted_derefine_parents=0 created_leaves=0 deleted_leaves=0 mirror_mismatches=0
elapsed=5.337038e+02 cycle=631 time=3.609375e+00 dt=9.375000e-03
CARTOON_AMR_TRANSACTION cycle=632 requested_refine=0 requested_derefine_leaves=8 accepted_derefine_parents=0 created_leaves=0 deleted_leaves=0 mirror_mismatches=0
elapsed=5.344809e+02 cycle=632 time=3.618750e+00 dt=9.375000e-03
CARTOON_AMR_TRANSACTION cycle=633 requested_refine=0 requested_derefine_leaves=8 accepted_derefine_parents=0 created_leaves=0 deleted_leaves=0 mirror_mismatches=0
elapsed=5.352560e+02 cycle=633 time=3.628125e+00 dt=9.375000e-03
CARTOON_AMR_TRANSACTION cycle=634 requested_refine=0 requested_derefine_leaves=8 accepted_derefine_parents=0 created_leaves=0 deleted_leaves=0 mirror_mismatches=0
elapsed=5.360231e+02 cycle=634 time=3.637500e+00 dt=9.375000e-03
CARTOON_AMR_TRANSACTION cycle=635 requested_refine=0 requested_derefine_leaves=8 accepted_derefine_parents=0 created_leaves=0 deleted_leaves=0 mirror_mismatches=0
elapsed=5.367970e+02 cycle=635 time=3.646875e+00 dt=9.375000e-03
CARTOON_AMR_TRANSACTION cycle=636 requested_refine=0 requested_derefine_leaves=8 accepted_derefine_parents=0 created_leaves=0 deleted_leaves=0 mirror_mismatches=0
elapsed=5.375682e+02 cycle=636 time=3.656250e+00 dt=9.375000e-03
CARTOON_AMR_TRANSACTION cycle=637 requested_refine=0 requested_derefine_leaves=8 accepted_derefine_parents=0 created_leaves=0 deleted_leaves=0 mirror_mismatches=0
elapsed=5.383407e+02 cycle=637 time=3.665625e+00 dt=9.375000e-03
CARTOON_AMR_TRANSACTION cycle=638 requested_refine=0 requested_derefine_leaves=8 accepted_derefine_parents=0 created_leaves=0 deleted_leaves=0 mirror_mismatches=0
elapsed=5.391142e+02 cycle=638 time=3.675000e+00 dt=9.375000e-03
CARTOON_AMR_TRANSACTION cycle=639 requested_refine=0 requested_derefine_leaves=8 accepted_derefine_parents=0 created_leaves=0 deleted_leaves=0 mirror_mismatches=0
elapsed=5.398829e+02 cycle=639 time=3.684375e+00 dt=9.375000e-03
CARTOON_AMR_TRANSACTION cycle=640 requested_refine=0 requested_derefine_leaves=8 accepted_derefine_parents=0 created_leaves=0 deleted_leaves=0 mirror_mismatches=0
elapsed=5.407491e+02 cycle=640 time=3.693750e+00 dt=9.375000e-03
CARTOON_AMR_TRANSACTION cycle=641 requested_refine=0 requested_derefine_leaves=8 accepted_derefine_parents=0 created_leaves=0 deleted_leaves=0 mirror_mismatches=0
elapsed=5.415210e+02 cycle=641 time=3.703125e+00 dt=9.375000e-03
CARTOON_AMR_TRANSACTION cycle=642 requested_refine=0 requested_derefine_leaves=8 accepted_derefine_parents=0 created_leaves=0 deleted_leaves=0 mirror_mismatches=0
elapsed=5.422930e+02 cycle=642 time=3.712500e+00 dt=9.375000e-03
CARTOON_AMR_TRANSACTION cycle=643 requested_refine=0 requested_derefine_leaves=8 accepted_derefine_parents=0 created_leaves=0 deleted_leaves=0 mirror_mismatches=0
elapsed=5.430670e+02 cycle=643 time=3.721875e+00 dt=9.375000e-03
CARTOON_AMR_TRANSACTION cycle=644 requested_refine=0 requested_derefine_leaves=8 accepted_derefine_parents=0 created_leaves=0 deleted_leaves=0 mirror_mismatches=0
elapsed=5.438383e+02 cycle=644 time=3.731250e+00 dt=9.375000e-03
CARTOON_AMR_TRANSACTION cycle=645 requested_refine=0 requested_derefine_leaves=8 accepted_derefine_parents=0 created_leaves=0 deleted_leaves=0 mirror_mismatches=0
elapsed=5.446098e+02 cycle=645 time=3.740625e+00 dt=9.375000e-03
CARTOON_AMR_TRANSACTION cycle=646 requested_refine=0 requested_derefine_leaves=8 accepted_derefine_parents=0 created_leaves=0 deleted_leaves=0 mirror_mismatches=0
elapsed=5.453870e+02 cycle=646 time=3.750000e+00 dt=9.375000e-03
CARTOON_AMR_TRANSACTION cycle=647 requested_refine=0 requested_derefine_leaves=8 accepted_derefine_parents=0 created_leaves=0 deleted_leaves=0 mirror_mismatches=0
elapsed=5.461561e+02 cycle=647 time=3.759375e+00 dt=9.375000e-03
CARTOON_AMR_TRANSACTION cycle=648 requested_refine=0 requested_derefine_leaves=8 accepted_derefine_parents=0 created_leaves=0 deleted_leaves=0 mirror_mismatches=0
elapsed=5.469326e+02 cycle=648 time=3.768750e+00 dt=9.375000e-03
CARTOON_AMR_TRANSACTION cycle=649 requested_refine=0 requested_derefine_leaves=8 accepted_derefine_parents=0 created_leaves=0 deleted_leaves=0 mirror_mismatches=0
elapsed=5.477070e+02 cycle=649 time=3.778125e+00 dt=9.375000e-03
CARTOON_AMR_TRANSACTION cycle=650 requested_refine=0 requested_derefine_leaves=8 accepted_derefine_parents=0 created_leaves=0 deleted_leaves=0 mirror_mismatches=0
elapsed=5.484753e+02 cycle=650 time=3.787500e+00 dt=9.375000e-03
CARTOON_AMR_TRANSACTION cycle=651 requested_refine=0 requested_derefine_leaves=8 accepted_derefine_parents=0 created_leaves=0 deleted_leaves=0 mirror_mismatches=0
elapsed=5.492448e+02 cycle=651 time=3.796875e+00 dt=9.375000e-03
CARTOON_AMR_TRANSACTION cycle=652 requested_refine=0 requested_derefine_leaves=8 accepted_derefine_parents=0 created_leaves=0 deleted_leaves=0 mirror_mismatches=0
elapsed=5.500173e+02 cycle=652 time=3.806250e+00 dt=9.375000e-03
CARTOON_AMR_TRANSACTION cycle=653 requested_refine=0 requested_derefine_leaves=8 accepted_derefine_parents=0 created_leaves=0 deleted_leaves=0 mirror_mismatches=0
elapsed=5.507911e+02 cycle=653 time=3.815625e+00 dt=9.375000e-03
CARTOON_AMR_TRANSACTION cycle=654 requested_refine=0 requested_derefine_leaves=8 accepted_derefine_parents=0 created_leaves=0 deleted_leaves=0 mirror_mismatches=0
elapsed=5.515641e+02 cycle=654 time=3.825000e+00 dt=9.375000e-03
CARTOON_AMR_TRANSACTION cycle=655 requested_refine=0 requested_derefine_leaves=8 accepted_derefine_parents=0 created_leaves=0 deleted_leaves=0 mirror_mismatches=0
elapsed=5.523334e+02 cycle=655 time=3.834375e+00 dt=9.375000e-03
CARTOON_AMR_TRANSACTION cycle=656 requested_refine=0 requested_derefine_leaves=8 accepted_derefine_parents=0 created_leaves=0 deleted_leaves=0 mirror_mismatches=0
elapsed=5.531069e+02 cycle=656 time=3.843750e+00 dt=9.375000e-03
CARTOON_AMR_TRANSACTION cycle=657 requested_refine=0 requested_derefine_leaves=8 accepted_derefine_parents=0 created_leaves=0 deleted_leaves=0 mirror_mismatches=0
elapsed=5.538837e+02 cycle=657 time=3.853125e+00 dt=9.375000e-03
CARTOON_AMR_TRANSACTION cycle=658 requested_refine=0 requested_derefine_leaves=8 accepted_derefine_parents=0 created_leaves=0 deleted_leaves=0 mirror_mismatches=0
elapsed=5.546524e+02 cycle=658 time=3.862500e+00 dt=9.375000e-03
CARTOON_AMR_TRANSACTION cycle=659 requested_refine=0 requested_derefine_leaves=8 accepted_derefine_parents=0 created_leaves=0 deleted_leaves=0 mirror_mismatches=0
elapsed=5.554314e+02 cycle=659 time=3.871875e+00 dt=9.375000e-03
CARTOON_AMR_TRANSACTION cycle=660 requested_refine=0 requested_derefine_leaves=8 accepted_derefine_parents=0 created_leaves=0 deleted_leaves=0 mirror_mismatches=0
elapsed=5.562060e+02 cycle=660 time=3.881250e+00 dt=9.375000e-03
CARTOON_AMR_TRANSACTION cycle=661 requested_refine=0 requested_derefine_leaves=8 accepted_derefine_parents=0 created_leaves=0 deleted_leaves=0 mirror_mismatches=0
elapsed=5.569852e+02 cycle=661 time=3.890625e+00 dt=9.375000e-03
CARTOON_AMR_TRANSACTION cycle=662 requested_refine=0 requested_derefine_leaves=8 accepted_derefine_parents=0 created_leaves=0 deleted_leaves=0 mirror_mismatches=0
elapsed=5.577572e+02 cycle=662 time=3.900000e+00 dt=9.375000e-03
CARTOON_AMR_TRANSACTION cycle=663 requested_refine=0 requested_derefine_leaves=8 accepted_derefine_parents=0 created_leaves=0 deleted_leaves=0 mirror_mismatches=0
elapsed=5.585272e+02 cycle=663 time=3.909375e+00 dt=9.375000e-03
CARTOON_AMR_TRANSACTION cycle=664 requested_refine=0 requested_derefine_leaves=8 accepted_derefine_parents=0 created_leaves=0 deleted_leaves=0 mirror_mismatches=0
elapsed=5.593019e+02 cycle=664 time=3.918750e+00 dt=9.375000e-03
CARTOON_AMR_TRANSACTION cycle=665 requested_refine=0 requested_derefine_leaves=8 accepted_derefine_parents=0 created_leaves=0 deleted_leaves=0 mirror_mismatches=0
elapsed=5.600783e+02 cycle=665 time=3.928125e+00 dt=9.375000e-03
CARTOON_AMR_TRANSACTION cycle=666 requested_refine=0 requested_derefine_leaves=8 accepted_derefine_parents=0 created_leaves=0 deleted_leaves=0 mirror_mismatches=0
elapsed=5.608482e+02 cycle=666 time=3.937500e+00 dt=9.375000e-03
CARTOON_AMR_TRANSACTION cycle=667 requested_refine=0 requested_derefine_leaves=8 accepted_derefine_parents=0 created_leaves=0 deleted_leaves=0 mirror_mismatches=0
elapsed=5.616247e+02 cycle=667 time=3.946875e+00 dt=9.375000e-03
CARTOON_AMR_TRANSACTION cycle=668 requested_refine=0 requested_derefine_leaves=8 accepted_derefine_parents=0 created_leaves=0 deleted_leaves=0 mirror_mismatches=0
elapsed=5.624012e+02 cycle=668 time=3.956250e+00 dt=9.375000e-03
CARTOON_AMR_TRANSACTION cycle=669 requested_refine=0 requested_derefine_leaves=8 accepted_derefine_parents=0 created_leaves=0 deleted_leaves=0 mirror_mismatches=0
elapsed=5.631755e+02 cycle=669 time=3.965625e+00 dt=9.375000e-03
CARTOON_AMR_TRANSACTION cycle=670 requested_refine=0 requested_derefine_leaves=8 accepted_derefine_parents=0 created_leaves=0 deleted_leaves=0 mirror_mismatches=0
elapsed=5.639511e+02 cycle=670 time=3.975000e+00 dt=9.375000e-03
CARTOON_AMR_TRANSACTION cycle=671 requested_refine=0 requested_derefine_leaves=8 accepted_derefine_parents=0 created_leaves=0 deleted_leaves=0 mirror_mismatches=0
elapsed=5.647249e+02 cycle=671 time=3.984375e+00 dt=9.375000e-03
CARTOON_AMR_TRANSACTION cycle=672 requested_refine=0 requested_derefine_leaves=8 accepted_derefine_parents=0 created_leaves=0 deleted_leaves=0 mirror_mismatches=0
elapsed=5.655046e+02 cycle=672 time=3.993750e+00 dt=9.375000e-03
CARTOON_AMR_TRANSACTION cycle=673 requested_refine=0 requested_derefine_leaves=8 accepted_derefine_parents=0 created_leaves=0 deleted_leaves=0 mirror_mismatches=0
elapsed=5.662791e+02 cycle=673 time=4.003125e+00 dt=9.375000e-03
CARTOON_AMR_TRANSACTION cycle=674 requested_refine=0 requested_derefine_leaves=8 accepted_derefine_parents=0 created_leaves=0 deleted_leaves=0 mirror_mismatches=0
elapsed=5.670487e+02 cycle=674 time=4.012500e+00 dt=9.375000e-03
CARTOON_AMR_TRANSACTION cycle=675 requested_refine=0 requested_derefine_leaves=8 accepted_derefine_parents=0 created_leaves=0 deleted_leaves=0 mirror_mismatches=0
elapsed=5.678242e+02 cycle=675 time=4.021875e+00 dt=9.375000e-03
CARTOON_AMR_TRANSACTION cycle=676 requested_refine=0 requested_derefine_leaves=10 accepted_derefine_parents=0 created_leaves=0 deleted_leaves=0 mirror_mismatches=0
elapsed=5.685982e+02 cycle=676 time=4.031250e+00 dt=9.375000e-03
CARTOON_AMR_TRANSACTION cycle=677 requested_refine=0 requested_derefine_leaves=10 accepted_derefine_parents=0 created_leaves=0 deleted_leaves=0 mirror_mismatches=0
elapsed=5.693695e+02 cycle=677 time=4.040625e+00 dt=9.375000e-03
CARTOON_AMR_TRANSACTION cycle=678 requested_refine=0 requested_derefine_leaves=10 accepted_derefine_parents=0 created_leaves=0 deleted_leaves=0 mirror_mismatches=0
elapsed=5.701456e+02 cycle=678 time=4.050000e+00 dt=9.375000e-03
CARTOON_AMR_TRANSACTION cycle=679 requested_refine=0 requested_derefine_leaves=10 accepted_derefine_parents=0 created_leaves=0 deleted_leaves=0 mirror_mismatches=0
elapsed=5.709197e+02 cycle=679 time=4.059375e+00 dt=9.375000e-03
CARTOON_AMR_TRANSACTION cycle=680 requested_refine=0 requested_derefine_leaves=10 accepted_derefine_parents=0 created_leaves=0 deleted_leaves=0 mirror_mismatches=0
elapsed=5.716968e+02 cycle=680 time=4.068750e+00 dt=9.375000e-03
CARTOON_AMR_TRANSACTION cycle=681 requested_refine=0 requested_derefine_leaves=10 accepted_derefine_parents=0 created_leaves=0 deleted_leaves=0 mirror_mismatches=0
elapsed=5.724704e+02 cycle=681 time=4.078125e+00 dt=9.375000e-03
CARTOON_AMR_TRANSACTION cycle=682 requested_refine=0 requested_derefine_leaves=10 accepted_derefine_parents=0 created_leaves=0 deleted_leaves=0 mirror_mismatches=0
elapsed=5.732405e+02 cycle=682 time=4.087500e+00 dt=9.375000e-03
CARTOON_AMR_TRANSACTION cycle=683 requested_refine=0 requested_derefine_leaves=10 accepted_derefine_parents=0 created_leaves=0 deleted_leaves=0 mirror_mismatches=0
elapsed=5.740119e+02 cycle=683 time=4.096875e+00 dt=9.375000e-03
CARTOON_AMR_TRANSACTION cycle=684 requested_refine=0 requested_derefine_leaves=10 accepted_derefine_parents=0 created_leaves=0 deleted_leaves=0 mirror_mismatches=0
elapsed=5.747844e+02 cycle=684 time=4.106250e+00 dt=9.375000e-03
CARTOON_AMR_TRANSACTION cycle=685 requested_refine=0 requested_derefine_leaves=10 accepted_derefine_parents=0 created_leaves=0 deleted_leaves=0 mirror_mismatches=0
elapsed=5.755546e+02 cycle=685 time=4.115625e+00 dt=9.375000e-03
CARTOON_AMR_TRANSACTION cycle=686 requested_refine=0 requested_derefine_leaves=10 accepted_derefine_parents=0 created_leaves=0 deleted_leaves=0 mirror_mismatches=0
elapsed=5.763273e+02 cycle=686 time=4.125000e+00 dt=9.375000e-03
CARTOON_AMR_TRANSACTION cycle=687 requested_refine=0 requested_derefine_leaves=10 accepted_derefine_parents=0 created_leaves=0 deleted_leaves=0 mirror_mismatches=0
elapsed=5.771013e+02 cycle=687 time=4.134375e+00 dt=9.375000e-03
CARTOON_AMR_TRANSACTION cycle=688 requested_refine=0 requested_derefine_leaves=10 accepted_derefine_parents=0 created_leaves=0 deleted_leaves=0 mirror_mismatches=0
elapsed=5.778759e+02 cycle=688 time=4.143750e+00 dt=9.375000e-03
CARTOON_AMR_TRANSACTION cycle=689 requested_refine=0 requested_derefine_leaves=10 accepted_derefine_parents=0 created_leaves=0 deleted_leaves=0 mirror_mismatches=0
elapsed=5.786469e+02 cycle=689 time=4.153125e+00 dt=9.375000e-03
CARTOON_AMR_TRANSACTION cycle=690 requested_refine=0 requested_derefine_leaves=10 accepted_derefine_parents=0 created_leaves=0 deleted_leaves=0 mirror_mismatches=0
elapsed=5.794179e+02 cycle=690 time=4.162500e+00 dt=9.375000e-03
CARTOON_AMR_TRANSACTION cycle=691 requested_refine=0 requested_derefine_leaves=10 accepted_derefine_parents=0 created_leaves=0 deleted_leaves=0 mirror_mismatches=0
elapsed=5.801909e+02 cycle=691 time=4.171875e+00 dt=9.375000e-03
CARTOON_AMR_TRANSACTION cycle=692 requested_refine=0 requested_derefine_leaves=10 accepted_derefine_parents=0 created_leaves=0 deleted_leaves=0 mirror_mismatches=0
elapsed=5.809647e+02 cycle=692 time=4.181250e+00 dt=9.375000e-03
CARTOON_AMR_TRANSACTION cycle=693 requested_refine=0 requested_derefine_leaves=10 accepted_derefine_parents=0 created_leaves=0 deleted_leaves=0 mirror_mismatches=0
elapsed=5.817366e+02 cycle=693 time=4.190625e+00 dt=9.375000e-03
CARTOON_AMR_TRANSACTION cycle=694 requested_refine=0 requested_derefine_leaves=10 accepted_derefine_parents=0 created_leaves=0 deleted_leaves=0 mirror_mismatches=0
elapsed=5.825094e+02 cycle=694 time=4.200000e+00 dt=9.375000e-03
CARTOON_AMR_TRANSACTION cycle=695 requested_refine=0 requested_derefine_leaves=10 accepted_derefine_parents=0 created_leaves=0 deleted_leaves=0 mirror_mismatches=0
elapsed=5.832812e+02 cycle=695 time=4.209375e+00 dt=9.375000e-03
CARTOON_AMR_TRANSACTION cycle=696 requested_refine=0 requested_derefine_leaves=10 accepted_derefine_parents=0 created_leaves=0 deleted_leaves=0 mirror_mismatches=0
elapsed=5.840565e+02 cycle=696 time=4.218750e+00 dt=9.375000e-03
CARTOON_AMR_TRANSACTION cycle=697 requested_refine=0 requested_derefine_leaves=10 accepted_derefine_parents=0 created_leaves=0 deleted_leaves=0 mirror_mismatches=0
elapsed=5.848368e+02 cycle=697 time=4.228125e+00 dt=9.375000e-03
CARTOON_AMR_TRANSACTION cycle=698 requested_refine=0 requested_derefine_leaves=10 accepted_derefine_parents=0 created_leaves=0 deleted_leaves=0 mirror_mismatches=0
elapsed=5.856106e+02 cycle=698 time=4.237500e+00 dt=9.375000e-03
CARTOON_AMR_TRANSACTION cycle=699 requested_refine=0 requested_derefine_leaves=10 accepted_derefine_parents=0 created_leaves=0 deleted_leaves=0 mirror_mismatches=0
elapsed=5.863899e+02 cycle=699 time=4.246875e+00 dt=9.375000e-03
CARTOON_AMR_TRANSACTION cycle=700 requested_refine=0 requested_derefine_leaves=10 accepted_derefine_parents=0 created_leaves=0 deleted_leaves=0 mirror_mismatches=0
elapsed=5.871639e+02 cycle=700 time=4.256250e+00 dt=9.375000e-03
CARTOON_AMR_TRANSACTION cycle=701 requested_refine=0 requested_derefine_leaves=10 accepted_derefine_parents=0 created_leaves=0 deleted_leaves=0 mirror_mismatches=0
elapsed=5.879394e+02 cycle=701 time=4.265625e+00 dt=9.375000e-03
CARTOON_AMR_TRANSACTION cycle=702 requested_refine=0 requested_derefine_leaves=10 accepted_derefine_parents=0 created_leaves=0 deleted_leaves=0 mirror_mismatches=0
elapsed=5.887180e+02 cycle=702 time=4.275000e+00 dt=9.375000e-03
CARTOON_AMR_TRANSACTION cycle=703 requested_refine=0 requested_derefine_leaves=10 accepted_derefine_parents=0 created_leaves=0 deleted_leaves=0 mirror_mismatches=0
elapsed=5.894886e+02 cycle=703 time=4.284375e+00 dt=9.375000e-03
CARTOON_AMR_TRANSACTION cycle=704 requested_refine=0 requested_derefine_leaves=10 accepted_derefine_parents=0 created_leaves=0 deleted_leaves=0 mirror_mismatches=0
elapsed=5.903266e+02 cycle=704 time=4.293750e+00 dt=9.375000e-03
CARTOON_AMR_TRANSACTION cycle=705 requested_refine=0 requested_derefine_leaves=10 accepted_derefine_parents=0 created_leaves=0 deleted_leaves=0 mirror_mismatches=0
elapsed=5.911037e+02 cycle=705 time=4.303125e+00 dt=9.375000e-03
CARTOON_AMR_TRANSACTION cycle=706 requested_refine=2 requested_derefine_leaves=10 accepted_derefine_parents=0 created_leaves=6 deleted_leaves=0 mirror_mismatches=0
AMR_Z4C_CHI_PROLONGATION cycle=706 local_fallback_groups=0,0,0,0 global_fallback_groups=0 global_high_order_groups=2048
elapsed=5.918812e+02 cycle=706 time=4.312500e+00 dt=9.375000e-03
CARTOON_AMR_TRANSACTION cycle=707 requested_refine=0 requested_derefine_leaves=16 accepted_derefine_parents=0 created_leaves=0 deleted_leaves=0 mirror_mismatches=0
elapsed=5.926588e+02 cycle=707 time=4.321875e+00 dt=9.375000e-03
CARTOON_AMR_TRANSACTION cycle=708 requested_refine=0 requested_derefine_leaves=16 accepted_derefine_parents=0 created_leaves=0 deleted_leaves=0 mirror_mismatches=0
elapsed=5.934379e+02 cycle=708 time=4.331250e+00 dt=9.375000e-03
CARTOON_AMR_TRANSACTION cycle=709 requested_refine=0 requested_derefine_leaves=16 accepted_derefine_parents=0 created_leaves=0 deleted_leaves=0 mirror_mismatches=0
elapsed=5.942091e+02 cycle=709 time=4.340625e+00 dt=9.375000e-03
CARTOON_AMR_TRANSACTION cycle=710 requested_refine=0 requested_derefine_leaves=16 accepted_derefine_parents=0 created_leaves=0 deleted_leaves=0 mirror_mismatches=0
elapsed=5.949865e+02 cycle=710 time=4.350000e+00 dt=9.375000e-03
CARTOON_AMR_TRANSACTION cycle=711 requested_refine=2 requested_derefine_leaves=16 accepted_derefine_parents=0 created_leaves=6 deleted_leaves=0 mirror_mismatches=0
AMR_Z4C_CHI_PROLONGATION cycle=711 local_fallback_groups=0,0,0,0 global_fallback_groups=0 global_high_order_groups=2048
elapsed=5.999176e+02 cycle=711 time=4.359375e+00 dt=4.687500e-03
CARTOON_AMR_TRANSACTION cycle=712 requested_refine=0 requested_derefine_leaves=22 accepted_derefine_parents=0 created_leaves=0 deleted_leaves=0 mirror_mismatches=0
elapsed=6.007019e+02 cycle=712 time=4.364062e+00 dt=4.687500e-03
CARTOON_AMR_TRANSACTION cycle=713 requested_refine=0 requested_derefine_leaves=22 accepted_derefine_parents=0 created_leaves=0 deleted_leaves=0 mirror_mismatches=0
elapsed=6.014871e+02 cycle=713 time=4.368750e+00 dt=4.687500e-03
CARTOON_AMR_TRANSACTION cycle=714 requested_refine=0 requested_derefine_leaves=20 accepted_derefine_parents=0 created_leaves=0 deleted_leaves=0 mirror_mismatches=0
elapsed=6.022650e+02 cycle=714 time=4.373437e+00 dt=4.687500e-03
CARTOON_AMR_TRANSACTION cycle=715 requested_refine=0 requested_derefine_leaves=20 accepted_derefine_parents=0 created_leaves=0 deleted_leaves=0 mirror_mismatches=0
elapsed=6.030530e+02 cycle=715 time=4.378125e+00 dt=4.687500e-03
CARTOON_AMR_TRANSACTION cycle=716 requested_refine=0 requested_derefine_leaves=20 accepted_derefine_parents=0 created_leaves=0 deleted_leaves=0 mirror_mismatches=0
elapsed=6.038381e+02 cycle=716 time=4.382812e+00 dt=4.687500e-03
CARTOON_AMR_TRANSACTION cycle=717 requested_refine=0 requested_derefine_leaves=20 accepted_derefine_parents=0 created_leaves=0 deleted_leaves=0 mirror_mismatches=0
elapsed=6.046233e+02 cycle=717 time=4.387500e+00 dt=4.687500e-03
CARTOON_AMR_TRANSACTION cycle=718 requested_refine=0 requested_derefine_leaves=20 accepted_derefine_parents=0 created_leaves=0 deleted_leaves=0 mirror_mismatches=0
elapsed=6.054070e+02 cycle=718 time=4.392187e+00 dt=4.687500e-03
CARTOON_AMR_TRANSACTION cycle=719 requested_refine=0 requested_derefine_leaves=20 accepted_derefine_parents=0 created_leaves=0 deleted_leaves=0 mirror_mismatches=0
elapsed=6.061994e+02 cycle=719 time=4.396875e+00 dt=4.687500e-03
CARTOON_AMR_TRANSACTION cycle=720 requested_refine=0 requested_derefine_leaves=20 accepted_derefine_parents=0 created_leaves=0 deleted_leaves=0 mirror_mismatches=0
elapsed=6.070057e+02 cycle=720 time=4.401562e+00 dt=4.687500e-03
CARTOON_AMR_TRANSACTION cycle=721 requested_refine=0 requested_derefine_leaves=20 accepted_derefine_parents=0 created_leaves=0 deleted_leaves=0 mirror_mismatches=0
elapsed=6.077936e+02 cycle=721 time=4.406250e+00 dt=4.687500e-03
CARTOON_AMR_TRANSACTION cycle=722 requested_refine=0 requested_derefine_leaves=20 accepted_derefine_parents=0 created_leaves=0 deleted_leaves=0 mirror_mismatches=0
elapsed=6.085824e+02 cycle=722 time=4.410937e+00 dt=4.687500e-03
CARTOON_AMR_TRANSACTION cycle=723 requested_refine=0 requested_derefine_leaves=20 accepted_derefine_parents=0 created_leaves=0 deleted_leaves=0 mirror_mismatches=0
elapsed=6.093763e+02 cycle=723 time=4.415625e+00 dt=4.687500e-03
CARTOON_AMR_TRANSACTION cycle=724 requested_refine=0 requested_derefine_leaves=20 accepted_derefine_parents=0 created_leaves=0 deleted_leaves=0 mirror_mismatches=0
elapsed=6.101667e+02 cycle=724 time=4.420312e+00 dt=4.687500e-03
CARTOON_AMR_TRANSACTION cycle=725 requested_refine=0 requested_derefine_leaves=20 accepted_derefine_parents=0 created_leaves=0 deleted_leaves=0 mirror_mismatches=0
elapsed=6.109541e+02 cycle=725 time=4.425000e+00 dt=4.687500e-03
CARTOON_AMR_TRANSACTION cycle=726 requested_refine=0 requested_derefine_leaves=20 accepted_derefine_parents=0 created_leaves=0 deleted_leaves=0 mirror_mismatches=0
elapsed=6.117613e+02 cycle=726 time=4.429688e+00 dt=4.687500e-03
CARTOON_AMR_TRANSACTION cycle=727 requested_refine=0 requested_derefine_leaves=20 accepted_derefine_parents=0 created_leaves=0 deleted_leaves=0 mirror_mismatches=0
elapsed=6.125544e+02 cycle=727 time=4.434375e+00 dt=4.687500e-03
CARTOON_AMR_TRANSACTION cycle=728 requested_refine=0 requested_derefine_leaves=20 accepted_derefine_parents=0 created_leaves=0 deleted_leaves=0 mirror_mismatches=0
elapsed=6.133611e+02 cycle=728 time=4.439063e+00 dt=4.687500e-03
CARTOON_AMR_TRANSACTION cycle=729 requested_refine=0 requested_derefine_leaves=20 accepted_derefine_parents=0 created_leaves=0 deleted_leaves=0 mirror_mismatches=0
elapsed=6.141546e+02 cycle=729 time=4.443750e+00 dt=4.687500e-03
CARTOON_AMR_TRANSACTION cycle=730 requested_refine=0 requested_derefine_leaves=20 accepted_derefine_parents=0 created_leaves=0 deleted_leaves=0 mirror_mismatches=0
elapsed=6.149456e+02 cycle=730 time=4.448438e+00 dt=4.687500e-03
CARTOON_AMR_TRANSACTION cycle=731 requested_refine=0 requested_derefine_leaves=20 accepted_derefine_parents=0 created_leaves=0 deleted_leaves=0 mirror_mismatches=0
elapsed=6.183965e+02 cycle=731 time=4.453125e+00 dt=4.687500e-03
CARTOON_AMR_TRANSACTION cycle=732 requested_refine=0 requested_derefine_leaves=20 accepted_derefine_parents=0 created_leaves=0 deleted_leaves=0 mirror_mismatches=0
elapsed=6.207709e+02 cycle=732 time=4.457813e+00 dt=4.687500e-03
CARTOON_AMR_TRANSACTION cycle=733 requested_refine=0 requested_derefine_leaves=20 accepted_derefine_parents=0 created_leaves=0 deleted_leaves=0 mirror_mismatches=0
elapsed=6.215535e+02 cycle=733 time=4.462500e+00 dt=4.687500e-03
CARTOON_AMR_TRANSACTION cycle=734 requested_refine=0 requested_derefine_leaves=20 accepted_derefine_parents=0 created_leaves=0 deleted_leaves=0 mirror_mismatches=0
elapsed=6.223453e+02 cycle=734 time=4.467188e+00 dt=4.687500e-03
CARTOON_AMR_TRANSACTION cycle=735 requested_refine=0 requested_derefine_leaves=20 accepted_derefine_parents=0 created_leaves=0 deleted_leaves=0 mirror_mismatches=0
elapsed=6.231310e+02 cycle=735 time=4.471875e+00 dt=4.687500e-03
CARTOON_AMR_TRANSACTION cycle=736 requested_refine=0 requested_derefine_leaves=20 accepted_derefine_parents=0 created_leaves=0 deleted_leaves=0 mirror_mismatches=0
elapsed=6.239165e+02 cycle=736 time=4.476563e+00 dt=4.687500e-03
CARTOON_AMR_TRANSACTION cycle=737 requested_refine=0 requested_derefine_leaves=20 accepted_derefine_parents=0 created_leaves=0 deleted_leaves=0 mirror_mismatches=0
elapsed=6.247081e+02 cycle=737 time=4.481250e+00 dt=4.687500e-03
CARTOON_AMR_TRANSACTION cycle=738 requested_refine=0 requested_derefine_leaves=20 accepted_derefine_parents=0 created_leaves=0 deleted_leaves=0 mirror_mismatches=0
elapsed=6.254903e+02 cycle=738 time=4.485938e+00 dt=4.687500e-03
CARTOON_AMR_TRANSACTION cycle=739 requested_refine=0 requested_derefine_leaves=20 accepted_derefine_parents=0 created_leaves=0 deleted_leaves=0 mirror_mismatches=0
elapsed=6.262741e+02 cycle=739 time=4.490625e+00 dt=4.687500e-03
CARTOON_AMR_TRANSACTION cycle=740 requested_refine=0 requested_derefine_leaves=20 accepted_derefine_parents=0 created_leaves=0 deleted_leaves=0 mirror_mismatches=0
elapsed=6.270588e+02 cycle=740 time=4.495313e+00 dt=4.687500e-03
CARTOON_AMR_TRANSACTION cycle=741 requested_refine=0 requested_derefine_leaves=20 accepted_derefine_parents=0 created_leaves=0 deleted_leaves=0 mirror_mismatches=0
elapsed=6.278435e+02 cycle=741 time=4.500000e+00 dt=4.687500e-03
CARTOON_AMR_TRANSACTION cycle=742 requested_refine=0 requested_derefine_leaves=20 accepted_derefine_parents=0 created_leaves=0 deleted_leaves=0 mirror_mismatches=0
elapsed=6.286419e+02 cycle=742 time=4.504688e+00 dt=4.687500e-03
CARTOON_AMR_TRANSACTION cycle=743 requested_refine=0 requested_derefine_leaves=20 accepted_derefine_parents=0 created_leaves=0 deleted_leaves=0 mirror_mismatches=0
elapsed=6.294241e+02 cycle=743 time=4.509375e+00 dt=4.687500e-03
CARTOON_AMR_TRANSACTION cycle=744 requested_refine=0 requested_derefine_leaves=20 accepted_derefine_parents=0 created_leaves=0 deleted_leaves=0 mirror_mismatches=0
elapsed=6.302096e+02 cycle=744 time=4.514063e+00 dt=4.687500e-03
CARTOON_AMR_TRANSACTION cycle=745 requested_refine=0 requested_derefine_leaves=20 accepted_derefine_parents=0 created_leaves=0 deleted_leaves=0 mirror_mismatches=0
elapsed=6.309954e+02 cycle=745 time=4.518750e+00 dt=4.687500e-03
CARTOON_AMR_TRANSACTION cycle=746 requested_refine=0 requested_derefine_leaves=20 accepted_derefine_parents=0 created_leaves=0 deleted_leaves=0 mirror_mismatches=0
elapsed=6.317829e+02 cycle=746 time=4.523438e+00 dt=4.687500e-03
CARTOON_AMR_TRANSACTION cycle=747 requested_refine=0 requested_derefine_leaves=20 accepted_derefine_parents=0 created_leaves=0 deleted_leaves=0 mirror_mismatches=0
elapsed=6.325721e+02 cycle=747 time=4.528125e+00 dt=4.687500e-03
CARTOON_AMR_TRANSACTION cycle=748 requested_refine=0 requested_derefine_leaves=20 accepted_derefine_parents=0 created_leaves=0 deleted_leaves=0 mirror_mismatches=0
elapsed=6.333608e+02 cycle=748 time=4.532813e+00 dt=4.687500e-03
CARTOON_AMR_TRANSACTION cycle=749 requested_refine=0 requested_derefine_leaves=20 accepted_derefine_parents=0 created_leaves=0 deleted_leaves=0 mirror_mismatches=0
elapsed=6.341400e+02 cycle=749 time=4.537500e+00 dt=4.687500e-03
CARTOON_AMR_TRANSACTION cycle=750 requested_refine=0 requested_derefine_leaves=20 accepted_derefine_parents=0 created_leaves=0 deleted_leaves=0 mirror_mismatches=0
elapsed=6.349279e+02 cycle=750 time=4.542188e+00 dt=4.687500e-03
CARTOON_AMR_TRANSACTION cycle=751 requested_refine=0 requested_derefine_leaves=20 accepted_derefine_parents=0 created_leaves=0 deleted_leaves=0 mirror_mismatches=0
elapsed=6.357122e+02 cycle=751 time=4.546875e+00 dt=4.687500e-03
CARTOON_AMR_TRANSACTION cycle=752 requested_refine=0 requested_derefine_leaves=20 accepted_derefine_parents=0 created_leaves=0 deleted_leaves=0 mirror_mismatches=0
elapsed=6.365011e+02 cycle=752 time=4.551563e+00 dt=4.687500e-03
CARTOON_AMR_TRANSACTION cycle=753 requested_refine=0 requested_derefine_leaves=20 accepted_derefine_parents=0 created_leaves=0 deleted_leaves=0 mirror_mismatches=0
elapsed=6.372864e+02 cycle=753 time=4.556250e+00 dt=4.687500e-03
CARTOON_AMR_TRANSACTION cycle=754 requested_refine=0 requested_derefine_leaves=20 accepted_derefine_parents=0 created_leaves=0 deleted_leaves=0 mirror_mismatches=0
elapsed=6.380696e+02 cycle=754 time=4.560938e+00 dt=4.687500e-03
CARTOON_AMR_TRANSACTION cycle=755 requested_refine=0 requested_derefine_leaves=20 accepted_derefine_parents=0 created_leaves=0 deleted_leaves=0 mirror_mismatches=0
elapsed=6.388526e+02 cycle=755 time=4.565625e+00 dt=4.687500e-03
CARTOON_AMR_TRANSACTION cycle=756 requested_refine=0 requested_derefine_leaves=20 accepted_derefine_parents=0 created_leaves=0 deleted_leaves=0 mirror_mismatches=0
elapsed=6.396413e+02 cycle=756 time=4.570313e+00 dt=4.687500e-03
CARTOON_AMR_TRANSACTION cycle=757 requested_refine=0 requested_derefine_leaves=20 accepted_derefine_parents=0 created_leaves=0 deleted_leaves=0 mirror_mismatches=0
elapsed=6.404248e+02 cycle=757 time=4.575000e+00 dt=4.687500e-03
CARTOON_AMR_TRANSACTION cycle=758 requested_refine=0 requested_derefine_leaves=20 accepted_derefine_parents=0 created_leaves=0 deleted_leaves=0 mirror_mismatches=0
elapsed=6.412092e+02 cycle=758 time=4.579688e+00 dt=4.687500e-03
CARTOON_AMR_TRANSACTION cycle=759 requested_refine=0 requested_derefine_leaves=20 accepted_derefine_parents=0 created_leaves=0 deleted_leaves=0 mirror_mismatches=0
elapsed=6.419887e+02 cycle=759 time=4.584375e+00 dt=4.687500e-03
CARTOON_AMR_TRANSACTION cycle=760 requested_refine=0 requested_derefine_leaves=20 accepted_derefine_parents=0 created_leaves=0 deleted_leaves=0 mirror_mismatches=0
elapsed=6.427773e+02 cycle=760 time=4.589063e+00 dt=4.687500e-03
CARTOON_AMR_TRANSACTION cycle=761 requested_refine=0 requested_derefine_leaves=20 accepted_derefine_parents=0 created_leaves=0 deleted_leaves=0 mirror_mismatches=0
elapsed=6.435626e+02 cycle=761 time=4.593750e+00 dt=4.687500e-03
CARTOON_AMR_TRANSACTION cycle=762 requested_refine=0 requested_derefine_leaves=20 accepted_derefine_parents=0 created_leaves=0 deleted_leaves=0 mirror_mismatches=0
elapsed=6.443516e+02 cycle=762 time=4.598438e+00 dt=4.687500e-03
CARTOON_AMR_TRANSACTION cycle=763 requested_refine=0 requested_derefine_leaves=20 accepted_derefine_parents=0 created_leaves=0 deleted_leaves=0 mirror_mismatches=0
elapsed=6.451318e+02 cycle=763 time=4.603125e+00 dt=4.687500e-03
CARTOON_AMR_TRANSACTION cycle=764 requested_refine=0 requested_derefine_leaves=20 accepted_derefine_parents=0 created_leaves=0 deleted_leaves=0 mirror_mismatches=0
elapsed=6.459114e+02 cycle=764 time=4.607813e+00 dt=4.687500e-03
CARTOON_AMR_TRANSACTION cycle=765 requested_refine=0 requested_derefine_leaves=20 accepted_derefine_parents=0 created_leaves=0 deleted_leaves=0 mirror_mismatches=0
elapsed=6.466889e+02 cycle=765 time=4.612500e+00 dt=4.687500e-03
CARTOON_AMR_TRANSACTION cycle=766 requested_refine=0 requested_derefine_leaves=20 accepted_derefine_parents=0 created_leaves=0 deleted_leaves=0 mirror_mismatches=0
elapsed=6.474762e+02 cycle=766 time=4.617188e+00 dt=4.687500e-03
CARTOON_AMR_TRANSACTION cycle=767 requested_refine=0 requested_derefine_leaves=20 accepted_derefine_parents=0 created_leaves=0 deleted_leaves=0 mirror_mismatches=0
elapsed=6.482550e+02 cycle=767 time=4.621875e+00 dt=4.687500e-03
CARTOON_AMR_TRANSACTION cycle=768 requested_refine=0 requested_derefine_leaves=20 accepted_derefine_parents=0 created_leaves=0 deleted_leaves=0 mirror_mismatches=0
elapsed=6.491437e+02 cycle=768 time=4.626563e+00 dt=4.687500e-03
CARTOON_AMR_TRANSACTION cycle=769 requested_refine=0 requested_derefine_leaves=20 accepted_derefine_parents=0 created_leaves=0 deleted_leaves=0 mirror_mismatches=0
elapsed=6.499263e+02 cycle=769 time=4.631250e+00 dt=4.687500e-03
CARTOON_AMR_TRANSACTION cycle=770 requested_refine=0 requested_derefine_leaves=20 accepted_derefine_parents=0 created_leaves=0 deleted_leaves=0 mirror_mismatches=0
elapsed=6.507073e+02 cycle=770 time=4.635938e+00 dt=4.687500e-03
CARTOON_AMR_TRANSACTION cycle=771 requested_refine=0 requested_derefine_leaves=20 accepted_derefine_parents=0 created_leaves=0 deleted_leaves=0 mirror_mismatches=0
elapsed=6.514866e+02 cycle=771 time=4.640625e+00 dt=4.687500e-03
CARTOON_AMR_TRANSACTION cycle=772 requested_refine=0 requested_derefine_leaves=20 accepted_derefine_parents=0 created_leaves=0 deleted_leaves=0 mirror_mismatches=0
elapsed=6.522781e+02 cycle=772 time=4.645313e+00 dt=4.687500e-03
CARTOON_AMR_TRANSACTION cycle=773 requested_refine=0 requested_derefine_leaves=20 accepted_derefine_parents=0 created_leaves=0 deleted_leaves=0 mirror_mismatches=0
elapsed=6.530599e+02 cycle=773 time=4.650000e+00 dt=4.687500e-03
CARTOON_AMR_TRANSACTION cycle=774 requested_refine=0 requested_derefine_leaves=20 accepted_derefine_parents=0 created_leaves=0 deleted_leaves=0 mirror_mismatches=0
elapsed=6.538400e+02 cycle=774 time=4.654688e+00 dt=4.687500e-03
CARTOON_AMR_TRANSACTION cycle=775 requested_refine=0 requested_derefine_leaves=20 accepted_derefine_parents=0 created_leaves=0 deleted_leaves=0 mirror_mismatches=0
elapsed=6.546230e+02 cycle=775 time=4.659375e+00 dt=4.687500e-03
CARTOON_AMR_TRANSACTION cycle=776 requested_refine=0 requested_derefine_leaves=20 accepted_derefine_parents=0 created_leaves=0 deleted_leaves=0 mirror_mismatches=0
elapsed=6.554064e+02 cycle=776 time=4.664063e+00 dt=4.687500e-03
CARTOON_AMR_TRANSACTION cycle=777 requested_refine=0 requested_derefine_leaves=20 accepted_derefine_parents=0 created_leaves=0 deleted_leaves=0 mirror_mismatches=0
elapsed=6.561853e+02 cycle=777 time=4.668750e+00 dt=4.687500e-03
CARTOON_AMR_TRANSACTION cycle=778 requested_refine=0 requested_derefine_leaves=20 accepted_derefine_parents=0 created_leaves=0 deleted_leaves=0 mirror_mismatches=0
elapsed=6.569693e+02 cycle=778 time=4.673438e+00 dt=4.687500e-03
CARTOON_AMR_TRANSACTION cycle=779 requested_refine=0 requested_derefine_leaves=20 accepted_derefine_parents=0 created_leaves=0 deleted_leaves=0 mirror_mismatches=0
elapsed=6.577559e+02 cycle=779 time=4.678125e+00 dt=4.687500e-03
CARTOON_AMR_TRANSACTION cycle=780 requested_refine=0 requested_derefine_leaves=20 accepted_derefine_parents=0 created_leaves=0 deleted_leaves=0 mirror_mismatches=0
elapsed=6.585469e+02 cycle=780 time=4.682813e+00 dt=4.687500e-03
CARTOON_AMR_TRANSACTION cycle=781 requested_refine=0 requested_derefine_leaves=20 accepted_derefine_parents=0 created_leaves=0 deleted_leaves=0 mirror_mismatches=0
elapsed=6.593320e+02 cycle=781 time=4.687500e+00 dt=4.687500e-03
CARTOON_AMR_TRANSACTION cycle=782 requested_refine=0 requested_derefine_leaves=20 accepted_derefine_parents=0 created_leaves=0 deleted_leaves=0 mirror_mismatches=0
elapsed=6.601143e+02 cycle=782 time=4.692188e+00 dt=4.687500e-03
CARTOON_AMR_TRANSACTION cycle=783 requested_refine=0 requested_derefine_leaves=20 accepted_derefine_parents=0 created_leaves=0 deleted_leaves=0 mirror_mismatches=0
elapsed=6.609062e+02 cycle=783 time=4.696875e+00 dt=4.687500e-03
CARTOON_AMR_TRANSACTION cycle=784 requested_refine=0 requested_derefine_leaves=20 accepted_derefine_parents=0 created_leaves=0 deleted_leaves=0 mirror_mismatches=0
elapsed=6.616910e+02 cycle=784 time=4.701563e+00 dt=4.687500e-03
CARTOON_AMR_TRANSACTION cycle=785 requested_refine=0 requested_derefine_leaves=20 accepted_derefine_parents=0 created_leaves=0 deleted_leaves=0 mirror_mismatches=0
elapsed=6.624759e+02 cycle=785 time=4.706250e+00 dt=4.687500e-03
CARTOON_AMR_TRANSACTION cycle=786 requested_refine=0 requested_derefine_leaves=20 accepted_derefine_parents=0 created_leaves=0 deleted_leaves=0 mirror_mismatches=0
elapsed=6.632593e+02 cycle=786 time=4.710938e+00 dt=4.687500e-03
CARTOON_AMR_TRANSACTION cycle=787 requested_refine=0 requested_derefine_leaves=20 accepted_derefine_parents=0 created_leaves=0 deleted_leaves=0 mirror_mismatches=0
elapsed=6.640403e+02 cycle=787 time=4.715625e+00 dt=4.687500e-03
CARTOON_AMR_TRANSACTION cycle=788 requested_refine=0 requested_derefine_leaves=20 accepted_derefine_parents=0 created_leaves=0 deleted_leaves=0 mirror_mismatches=0
elapsed=6.648258e+02 cycle=788 time=4.720313e+00 dt=4.687500e-03
CARTOON_AMR_TRANSACTION cycle=789 requested_refine=0 requested_derefine_leaves=20 accepted_derefine_parents=0 created_leaves=0 deleted_leaves=0 mirror_mismatches=0
elapsed=6.656069e+02 cycle=789 time=4.725000e+00 dt=4.687500e-03
CARTOON_AMR_TRANSACTION cycle=790 requested_refine=0 requested_derefine_leaves=20 accepted_derefine_parents=0 created_leaves=0 deleted_leaves=0 mirror_mismatches=0
elapsed=6.663846e+02 cycle=790 time=4.729688e+00 dt=4.687500e-03
CARTOON_AMR_TRANSACTION cycle=791 requested_refine=0 requested_derefine_leaves=20 accepted_derefine_parents=0 created_leaves=0 deleted_leaves=0 mirror_mismatches=0
elapsed=6.671683e+02 cycle=791 time=4.734375e+00 dt=4.687500e-03
CARTOON_AMR_TRANSACTION cycle=792 requested_refine=0 requested_derefine_leaves=20 accepted_derefine_parents=0 created_leaves=0 deleted_leaves=0 mirror_mismatches=0
elapsed=6.679540e+02 cycle=792 time=4.739063e+00 dt=4.687500e-03
CARTOON_AMR_TRANSACTION cycle=793 requested_refine=0 requested_derefine_leaves=20 accepted_derefine_parents=0 created_leaves=0 deleted_leaves=0 mirror_mismatches=0
elapsed=6.687397e+02 cycle=793 time=4.743750e+00 dt=4.687500e-03
CARTOON_AMR_TRANSACTION cycle=794 requested_refine=0 requested_derefine_leaves=20 accepted_derefine_parents=0 created_leaves=0 deleted_leaves=0 mirror_mismatches=0
elapsed=6.695226e+02 cycle=794 time=4.748438e+00 dt=4.687500e-03
CARTOON_AMR_TRANSACTION cycle=795 requested_refine=0 requested_derefine_leaves=20 accepted_derefine_parents=0 created_leaves=0 deleted_leaves=0 mirror_mismatches=0
elapsed=6.703003e+02 cycle=795 time=4.753125e+00 dt=4.687500e-03
CARTOON_AMR_TRANSACTION cycle=796 requested_refine=0 requested_derefine_leaves=20 accepted_derefine_parents=0 created_leaves=0 deleted_leaves=0 mirror_mismatches=0
elapsed=6.710854e+02 cycle=796 time=4.757813e+00 dt=4.687500e-03
CARTOON_AMR_TRANSACTION cycle=797 requested_refine=0 requested_derefine_leaves=20 accepted_derefine_parents=0 created_leaves=0 deleted_leaves=0 mirror_mismatches=0
elapsed=6.718709e+02 cycle=797 time=4.762500e+00 dt=4.687500e-03
CARTOON_AMR_TRANSACTION cycle=798 requested_refine=0 requested_derefine_leaves=20 accepted_derefine_parents=0 created_leaves=0 deleted_leaves=0 mirror_mismatches=0
elapsed=6.726558e+02 cycle=798 time=4.767188e+00 dt=4.687500e-03
CARTOON_AMR_TRANSACTION cycle=799 requested_refine=0 requested_derefine_leaves=20 accepted_derefine_parents=0 created_leaves=0 deleted_leaves=0 mirror_mismatches=0
elapsed=6.734493e+02 cycle=799 time=4.771875e+00 dt=4.687500e-03
CARTOON_AMR_TRANSACTION cycle=800 requested_refine=0 requested_derefine_leaves=20 accepted_derefine_parents=0 created_leaves=0 deleted_leaves=0 mirror_mismatches=0
elapsed=6.742347e+02 cycle=800 time=4.776563e+00 dt=4.687500e-03
CARTOON_AMR_TRANSACTION cycle=801 requested_refine=0 requested_derefine_leaves=20 accepted_derefine_parents=0 created_leaves=0 deleted_leaves=0 mirror_mismatches=0
elapsed=6.750147e+02 cycle=801 time=4.781250e+00 dt=4.687500e-03
CARTOON_AMR_TRANSACTION cycle=802 requested_refine=0 requested_derefine_leaves=20 accepted_derefine_parents=0 created_leaves=0 deleted_leaves=0 mirror_mismatches=0
elapsed=6.758010e+02 cycle=802 time=4.785938e+00 dt=4.687500e-03
CARTOON_AMR_TRANSACTION cycle=803 requested_refine=0 requested_derefine_leaves=20 accepted_derefine_parents=0 created_leaves=0 deleted_leaves=0 mirror_mismatches=0
elapsed=6.765842e+02 cycle=803 time=4.790625e+00 dt=4.687500e-03
CARTOON_AMR_TRANSACTION cycle=804 requested_refine=0 requested_derefine_leaves=20 accepted_derefine_parents=0 created_leaves=0 deleted_leaves=0 mirror_mismatches=0
elapsed=6.793233e+02 cycle=804 time=4.795313e+00 dt=4.687500e-03
CARTOON_AMR_TRANSACTION cycle=805 requested_refine=0 requested_derefine_leaves=20 accepted_derefine_parents=0 created_leaves=0 deleted_leaves=0 mirror_mismatches=0
elapsed=6.801071e+02 cycle=805 time=4.800000e+00 dt=4.687500e-03
CARTOON_AMR_TRANSACTION cycle=806 requested_refine=0 requested_derefine_leaves=20 accepted_derefine_parents=0 created_leaves=0 deleted_leaves=0 mirror_mismatches=0
elapsed=6.808963e+02 cycle=806 time=4.804688e+00 dt=4.687500e-03
CARTOON_AMR_TRANSACTION cycle=807 requested_refine=0 requested_derefine_leaves=20 accepted_derefine_parents=0 created_leaves=0 deleted_leaves=0 mirror_mismatches=0
elapsed=6.816792e+02 cycle=807 time=4.809375e+00 dt=4.687500e-03
CARTOON_AMR_TRANSACTION cycle=808 requested_refine=0 requested_derefine_leaves=20 accepted_derefine_parents=0 created_leaves=0 deleted_leaves=0 mirror_mismatches=0
elapsed=6.824633e+02 cycle=808 time=4.814063e+00 dt=4.687500e-03
CARTOON_AMR_TRANSACTION cycle=809 requested_refine=0 requested_derefine_leaves=20 accepted_derefine_parents=0 created_leaves=0 deleted_leaves=0 mirror_mismatches=0
elapsed=6.832518e+02 cycle=809 time=4.818750e+00 dt=4.687500e-03
CARTOON_AMR_TRANSACTION cycle=810 requested_refine=0 requested_derefine_leaves=20 accepted_derefine_parents=0 created_leaves=0 deleted_leaves=0 mirror_mismatches=0
elapsed=6.840350e+02 cycle=810 time=4.823438e+00 dt=4.687500e-03
CARTOON_AMR_TRANSACTION cycle=811 requested_refine=0 requested_derefine_leaves=20 accepted_derefine_parents=0 created_leaves=0 deleted_leaves=0 mirror_mismatches=0
elapsed=6.848134e+02 cycle=811 time=4.828125e+00 dt=4.687500e-03
CARTOON_AMR_TRANSACTION cycle=812 requested_refine=0 requested_derefine_leaves=20 accepted_derefine_parents=0 created_leaves=0 deleted_leaves=0 mirror_mismatches=0
elapsed=6.856042e+02 cycle=812 time=4.832813e+00 dt=4.687500e-03
CARTOON_AMR_TRANSACTION cycle=813 requested_refine=0 requested_derefine_leaves=20 accepted_derefine_parents=0 created_leaves=0 deleted_leaves=0 mirror_mismatches=0
elapsed=6.863938e+02 cycle=813 time=4.837500e+00 dt=4.687500e-03
CARTOON_AMR_TRANSACTION cycle=814 requested_refine=0 requested_derefine_leaves=20 accepted_derefine_parents=0 created_leaves=0 deleted_leaves=0 mirror_mismatches=0
elapsed=6.871743e+02 cycle=814 time=4.842188e+00 dt=4.687500e-03
CARTOON_AMR_TRANSACTION cycle=815 requested_refine=0 requested_derefine_leaves=20 accepted_derefine_parents=0 created_leaves=0 deleted_leaves=0 mirror_mismatches=0
elapsed=6.879558e+02 cycle=815 time=4.846875e+00 dt=4.687500e-03
CARTOON_AMR_TRANSACTION cycle=816 requested_refine=0 requested_derefine_leaves=20 accepted_derefine_parents=0 created_leaves=0 deleted_leaves=0 mirror_mismatches=0
elapsed=6.887405e+02 cycle=816 time=4.851563e+00 dt=4.687500e-03
CARTOON_AMR_TRANSACTION cycle=817 requested_refine=0 requested_derefine_leaves=20 accepted_derefine_parents=0 created_leaves=0 deleted_leaves=0 mirror_mismatches=0
elapsed=6.895189e+02 cycle=817 time=4.856250e+00 dt=4.687500e-03
CARTOON_AMR_TRANSACTION cycle=818 requested_refine=0 requested_derefine_leaves=20 accepted_derefine_parents=0 created_leaves=0 deleted_leaves=0 mirror_mismatches=0
elapsed=6.903093e+02 cycle=818 time=4.860938e+00 dt=4.687500e-03
CARTOON_AMR_TRANSACTION cycle=819 requested_refine=0 requested_derefine_leaves=20 accepted_derefine_parents=0 created_leaves=0 deleted_leaves=0 mirror_mismatches=0
elapsed=6.910909e+02 cycle=819 time=4.865625e+00 dt=4.687500e-03
CARTOON_AMR_TRANSACTION cycle=820 requested_refine=0 requested_derefine_leaves=20 accepted_derefine_parents=0 created_leaves=0 deleted_leaves=0 mirror_mismatches=0
elapsed=6.918794e+02 cycle=820 time=4.870313e+00 dt=4.687500e-03
CARTOON_AMR_TRANSACTION cycle=821 requested_refine=0 requested_derefine_leaves=20 accepted_derefine_parents=0 created_leaves=0 deleted_leaves=0 mirror_mismatches=0
elapsed=6.926659e+02 cycle=821 time=4.875000e+00 dt=4.687500e-03
CARTOON_AMR_TRANSACTION cycle=822 requested_refine=0 requested_derefine_leaves=20 accepted_derefine_parents=0 created_leaves=0 deleted_leaves=0 mirror_mismatches=0
elapsed=6.934490e+02 cycle=822 time=4.879688e+00 dt=4.687500e-03
CARTOON_AMR_TRANSACTION cycle=823 requested_refine=0 requested_derefine_leaves=20 accepted_derefine_parents=0 created_leaves=0 deleted_leaves=0 mirror_mismatches=0
elapsed=6.942369e+02 cycle=823 time=4.884375e+00 dt=4.687500e-03
CARTOON_AMR_TRANSACTION cycle=824 requested_refine=0 requested_derefine_leaves=20 accepted_derefine_parents=0 created_leaves=0 deleted_leaves=0 mirror_mismatches=0
elapsed=6.950191e+02 cycle=824 time=4.889063e+00 dt=4.687500e-03
CARTOON_AMR_TRANSACTION cycle=825 requested_refine=0 requested_derefine_leaves=20 accepted_derefine_parents=0 created_leaves=0 deleted_leaves=0 mirror_mismatches=0
elapsed=6.958005e+02 cycle=825 time=4.893750e+00 dt=4.687500e-03
CARTOON_AMR_TRANSACTION cycle=826 requested_refine=0 requested_derefine_leaves=20 accepted_derefine_parents=0 created_leaves=0 deleted_leaves=0 mirror_mismatches=0
elapsed=6.965820e+02 cycle=826 time=4.898438e+00 dt=4.687500e-03
CARTOON_AMR_TRANSACTION cycle=827 requested_refine=0 requested_derefine_leaves=20 accepted_derefine_parents=0 created_leaves=0 deleted_leaves=0 mirror_mismatches=0
elapsed=6.973611e+02 cycle=827 time=4.903125e+00 dt=4.687500e-03
CARTOON_AMR_TRANSACTION cycle=828 requested_refine=0 requested_derefine_leaves=20 accepted_derefine_parents=0 created_leaves=0 deleted_leaves=0 mirror_mismatches=0
elapsed=6.981468e+02 cycle=828 time=4.907813e+00 dt=4.687500e-03
CARTOON_AMR_TRANSACTION cycle=829 requested_refine=0 requested_derefine_leaves=20 accepted_derefine_parents=0 created_leaves=0 deleted_leaves=0 mirror_mismatches=0
elapsed=6.989319e+02 cycle=829 time=4.912500e+00 dt=4.687500e-03
CARTOON_AMR_TRANSACTION cycle=830 requested_refine=0 requested_derefine_leaves=20 accepted_derefine_parents=0 created_leaves=0 deleted_leaves=0 mirror_mismatches=0
elapsed=6.997144e+02 cycle=830 time=4.917188e+00 dt=4.687500e-03
CARTOON_AMR_TRANSACTION cycle=831 requested_refine=0 requested_derefine_leaves=20 accepted_derefine_parents=0 created_leaves=0 deleted_leaves=0 mirror_mismatches=0
elapsed=7.004992e+02 cycle=831 time=4.921875e+00 dt=4.687500e-03
CARTOON_AMR_TRANSACTION cycle=832 requested_refine=0 requested_derefine_leaves=20 accepted_derefine_parents=0 created_leaves=0 deleted_leaves=0 mirror_mismatches=0
elapsed=7.013611e+02 cycle=832 time=4.926563e+00 dt=4.687500e-03
CARTOON_AMR_TRANSACTION cycle=833 requested_refine=0 requested_derefine_leaves=20 accepted_derefine_parents=0 created_leaves=0 deleted_leaves=0 mirror_mismatches=0
elapsed=7.021454e+02 cycle=833 time=4.931250e+00 dt=4.687500e-03
CARTOON_AMR_TRANSACTION cycle=834 requested_refine=0 requested_derefine_leaves=20 accepted_derefine_parents=0 created_leaves=0 deleted_leaves=0 mirror_mismatches=0
elapsed=7.029265e+02 cycle=834 time=4.935938e+00 dt=4.687500e-03
CARTOON_AMR_TRANSACTION cycle=835 requested_refine=0 requested_derefine_leaves=20 accepted_derefine_parents=0 created_leaves=0 deleted_leaves=0 mirror_mismatches=0
elapsed=7.037097e+02 cycle=835 time=4.940625e+00 dt=4.687500e-03
CARTOON_AMR_TRANSACTION cycle=836 requested_refine=0 requested_derefine_leaves=20 accepted_derefine_parents=0 created_leaves=0 deleted_leaves=0 mirror_mismatches=0
elapsed=7.044974e+02 cycle=836 time=4.945313e+00 dt=4.687500e-03
CARTOON_AMR_TRANSACTION cycle=837 requested_refine=0 requested_derefine_leaves=20 accepted_derefine_parents=0 created_leaves=0 deleted_leaves=0 mirror_mismatches=0
elapsed=7.052814e+02 cycle=837 time=4.950000e+00 dt=4.687500e-03
CARTOON_AMR_TRANSACTION cycle=838 requested_refine=0 requested_derefine_leaves=20 accepted_derefine_parents=0 created_leaves=0 deleted_leaves=0 mirror_mismatches=0
elapsed=7.060622e+02 cycle=838 time=4.954688e+00 dt=4.687500e-03
CARTOON_AMR_TRANSACTION cycle=839 requested_refine=0 requested_derefine_leaves=20 accepted_derefine_parents=0 created_leaves=0 deleted_leaves=0 mirror_mismatches=0
elapsed=7.068467e+02 cycle=839 time=4.959375e+00 dt=4.687500e-03
CARTOON_AMR_TRANSACTION cycle=840 requested_refine=0 requested_derefine_leaves=20 accepted_derefine_parents=0 created_leaves=0 deleted_leaves=0 mirror_mismatches=0
elapsed=7.076329e+02 cycle=840 time=4.964063e+00 dt=4.687500e-03
CARTOON_AMR_TRANSACTION cycle=841 requested_refine=0 requested_derefine_leaves=20 accepted_derefine_parents=0 created_leaves=0 deleted_leaves=0 mirror_mismatches=0
elapsed=7.084156e+02 cycle=841 time=4.968750e+00 dt=4.687500e-03
CARTOON_AMR_TRANSACTION cycle=842 requested_refine=0 requested_derefine_leaves=20 accepted_derefine_parents=0 created_leaves=0 deleted_leaves=0 mirror_mismatches=0
elapsed=7.092003e+02 cycle=842 time=4.973438e+00 dt=4.687500e-03
CARTOON_AMR_TRANSACTION cycle=843 requested_refine=0 requested_derefine_leaves=20 accepted_derefine_parents=0 created_leaves=0 deleted_leaves=0 mirror_mismatches=0
elapsed=7.099874e+02 cycle=843 time=4.978125e+00 dt=4.687500e-03
CARTOON_AMR_TRANSACTION cycle=844 requested_refine=0 requested_derefine_leaves=20 accepted_derefine_parents=0 created_leaves=0 deleted_leaves=0 mirror_mismatches=0
elapsed=7.107727e+02 cycle=844 time=4.982813e+00 dt=4.687500e-03
CARTOON_AMR_TRANSACTION cycle=845 requested_refine=0 requested_derefine_leaves=20 accepted_derefine_parents=0 created_leaves=0 deleted_leaves=0 mirror_mismatches=0
elapsed=7.115610e+02 cycle=845 time=4.987500e+00 dt=4.687500e-03
CARTOON_AMR_TRANSACTION cycle=846 requested_refine=0 requested_derefine_leaves=20 accepted_derefine_parents=0 created_leaves=0 deleted_leaves=0 mirror_mismatches=0
elapsed=7.123496e+02 cycle=846 time=4.992188e+00 dt=4.687500e-03
CARTOON_AMR_TRANSACTION cycle=847 requested_refine=0 requested_derefine_leaves=20 accepted_derefine_parents=0 created_leaves=0 deleted_leaves=0 mirror_mismatches=0
elapsed=7.131347e+02 cycle=847 time=4.996875e+00 dt=4.687500e-03
CARTOON_AMR_TRANSACTION cycle=848 requested_refine=0 requested_derefine_leaves=20 accepted_derefine_parents=0 created_leaves=0 deleted_leaves=0 mirror_mismatches=0
elapsed=7.139187e+02 cycle=848 time=5.001563e+00 dt=4.687500e-03
CARTOON_AMR_TRANSACTION cycle=849 requested_refine=0 requested_derefine_leaves=20 accepted_derefine_parents=0 created_leaves=0 deleted_leaves=0 mirror_mismatches=0
elapsed=7.147034e+02 cycle=849 time=5.006250e+00 dt=4.687500e-03
CARTOON_AMR_TRANSACTION cycle=850 requested_refine=0 requested_derefine_leaves=20 accepted_derefine_parents=0 created_leaves=0 deleted_leaves=0 mirror_mismatches=0
elapsed=7.154901e+02 cycle=850 time=5.010938e+00 dt=4.687500e-03
CARTOON_AMR_TRANSACTION cycle=851 requested_refine=0 requested_derefine_leaves=20 accepted_derefine_parents=0 created_leaves=0 deleted_leaves=0 mirror_mismatches=0
elapsed=7.162685e+02 cycle=851 time=5.015625e+00 dt=4.687500e-03
CARTOON_AMR_TRANSACTION cycle=852 requested_refine=0 requested_derefine_leaves=20 accepted_derefine_parents=0 created_leaves=0 deleted_leaves=0 mirror_mismatches=0
elapsed=7.170513e+02 cycle=852 time=5.020313e+00 dt=4.687500e-03
CARTOON_AMR_TRANSACTION cycle=853 requested_refine=0 requested_derefine_leaves=20 accepted_derefine_parents=0 created_leaves=0 deleted_leaves=0 mirror_mismatches=0
elapsed=7.178421e+02 cycle=853 time=5.025000e+00 dt=4.687500e-03
CARTOON_AMR_TRANSACTION cycle=854 requested_refine=0 requested_derefine_leaves=20 accepted_derefine_parents=0 created_leaves=0 deleted_leaves=0 mirror_mismatches=0
elapsed=7.186215e+02 cycle=854 time=5.029688e+00 dt=4.687500e-03
CARTOON_AMR_TRANSACTION cycle=855 requested_refine=0 requested_derefine_leaves=20 accepted_derefine_parents=0 created_leaves=0 deleted_leaves=0 mirror_mismatches=0
elapsed=7.194100e+02 cycle=855 time=5.034375e+00 dt=4.687500e-03
CARTOON_AMR_TRANSACTION cycle=856 requested_refine=0 requested_derefine_leaves=20 accepted_derefine_parents=0 created_leaves=0 deleted_leaves=0 mirror_mismatches=0
elapsed=7.201913e+02 cycle=856 time=5.039063e+00 dt=4.687500e-03
CARTOON_AMR_TRANSACTION cycle=857 requested_refine=0 requested_derefine_leaves=20 accepted_derefine_parents=0 created_leaves=0 deleted_leaves=0 mirror_mismatches=0
elapsed=7.209745e+02 cycle=857 time=5.043750e+00 dt=4.687500e-03
CARTOON_AMR_TRANSACTION cycle=858 requested_refine=0 requested_derefine_leaves=20 accepted_derefine_parents=0 created_leaves=0 deleted_leaves=0 mirror_mismatches=0
elapsed=7.217582e+02 cycle=858 time=5.048438e+00 dt=4.687500e-03
CARTOON_AMR_TRANSACTION cycle=859 requested_refine=0 requested_derefine_leaves=20 accepted_derefine_parents=0 created_leaves=0 deleted_leaves=0 mirror_mismatches=0
elapsed=7.225441e+02 cycle=859 time=5.053125e+00 dt=4.687500e-03
CARTOON_AMR_TRANSACTION cycle=860 requested_refine=0 requested_derefine_leaves=20 accepted_derefine_parents=0 created_leaves=0 deleted_leaves=0 mirror_mismatches=0
elapsed=7.233308e+02 cycle=860 time=5.057813e+00 dt=4.687500e-03
CARTOON_AMR_TRANSACTION cycle=861 requested_refine=0 requested_derefine_leaves=20 accepted_derefine_parents=0 created_leaves=0 deleted_leaves=0 mirror_mismatches=0
elapsed=7.241176e+02 cycle=861 time=5.062500e+00 dt=4.687500e-03
CARTOON_AMR_TRANSACTION cycle=862 requested_refine=0 requested_derefine_leaves=20 accepted_derefine_parents=0 created_leaves=0 deleted_leaves=0 mirror_mismatches=0
elapsed=7.249024e+02 cycle=862 time=5.067188e+00 dt=4.687500e-03
CARTOON_AMR_TRANSACTION cycle=863 requested_refine=0 requested_derefine_leaves=20 accepted_derefine_parents=0 created_leaves=0 deleted_leaves=0 mirror_mismatches=0
elapsed=7.256839e+02 cycle=863 time=5.071875e+00 dt=4.687500e-03
CARTOON_AMR_TRANSACTION cycle=864 requested_refine=2 requested_derefine_leaves=20 accepted_derefine_parents=0 created_leaves=6 deleted_leaves=0 mirror_mismatches=0
AMR_Z4C_CHI_PROLONGATION cycle=864 local_fallback_groups=0,0,0,0 global_fallback_groups=0 global_high_order_groups=2048
elapsed=7.264740e+02 cycle=864 time=5.076563e+00 dt=4.687500e-03
CARTOON_AMR_TRANSACTION cycle=865 requested_refine=0 requested_derefine_leaves=26 accepted_derefine_parents=0 created_leaves=0 deleted_leaves=0 mirror_mismatches=0
elapsed=7.272593e+02 cycle=865 time=5.081250e+00 dt=4.687500e-03
CARTOON_AMR_TRANSACTION cycle=866 requested_refine=0 requested_derefine_leaves=26 accepted_derefine_parents=0 created_leaves=0 deleted_leaves=0 mirror_mismatches=0
elapsed=7.280444e+02 cycle=866 time=5.085938e+00 dt=4.687500e-03
CARTOON_AMR_TRANSACTION cycle=867 requested_refine=0 requested_derefine_leaves=26 accepted_derefine_parents=0 created_leaves=0 deleted_leaves=0 mirror_mismatches=0
elapsed=7.288333e+02 cycle=867 time=5.090625e+00 dt=4.687500e-03
CARTOON_AMR_TRANSACTION cycle=868 requested_refine=0 requested_derefine_leaves=26 accepted_derefine_parents=0 created_leaves=0 deleted_leaves=0 mirror_mismatches=0
elapsed=7.296197e+02 cycle=868 time=5.095313e+00 dt=4.687500e-03
CARTOON_AMR_TRANSACTION cycle=869 requested_refine=0 requested_derefine_leaves=28 accepted_derefine_parents=2 created_leaves=0 deleted_leaves=6 mirror_mismatches=0
elapsed=7.345884e+02 cycle=869 time=5.100000e+00 dt=9.375000e-03
CARTOON_AMR_TRANSACTION cycle=870 requested_refine=0 requested_derefine_leaves=20 accepted_derefine_parents=0 created_leaves=0 deleted_leaves=0 mirror_mismatches=0
elapsed=7.353657e+02 cycle=870 time=5.109375e+00 dt=9.375000e-03
CARTOON_AMR_TRANSACTION cycle=871 requested_refine=0 requested_derefine_leaves=20 accepted_derefine_parents=0 created_leaves=0 deleted_leaves=0 mirror_mismatches=0
elapsed=7.361548e+02 cycle=871 time=5.118750e+00 dt=9.375000e-03
CARTOON_AMR_TRANSACTION cycle=872 requested_refine=0 requested_derefine_leaves=20 accepted_derefine_parents=0 created_leaves=0 deleted_leaves=0 mirror_mismatches=0
elapsed=7.369397e+02 cycle=872 time=5.128125e+00 dt=9.375000e-03
CARTOON_AMR_TRANSACTION cycle=873 requested_refine=0 requested_derefine_leaves=20 accepted_derefine_parents=0 created_leaves=0 deleted_leaves=0 mirror_mismatches=0
elapsed=7.377244e+02 cycle=873 time=5.137500e+00 dt=9.375000e-03
CARTOON_AMR_TRANSACTION cycle=874 requested_refine=0 requested_derefine_leaves=20 accepted_derefine_parents=0 created_leaves=0 deleted_leaves=0 mirror_mismatches=0
elapsed=7.385048e+02 cycle=874 time=5.146875e+00 dt=9.375000e-03
CARTOON_AMR_TRANSACTION cycle=875 requested_refine=0 requested_derefine_leaves=20 accepted_derefine_parents=0 created_leaves=0 deleted_leaves=0 mirror_mismatches=0
elapsed=7.392926e+02 cycle=875 time=5.156250e+00 dt=9.375000e-03
CARTOON_AMR_TRANSACTION cycle=876 requested_refine=0 requested_derefine_leaves=20 accepted_derefine_parents=0 created_leaves=0 deleted_leaves=0 mirror_mismatches=0
elapsed=7.400762e+02 cycle=876 time=5.165625e+00 dt=9.375000e-03
CARTOON_AMR_TRANSACTION cycle=877 requested_refine=0 requested_derefine_leaves=20 accepted_derefine_parents=0 created_leaves=0 deleted_leaves=0 mirror_mismatches=0
elapsed=7.408617e+02 cycle=877 time=5.175000e+00 dt=9.375000e-03
CARTOON_AMR_TRANSACTION cycle=878 requested_refine=0 requested_derefine_leaves=20 accepted_derefine_parents=0 created_leaves=0 deleted_leaves=0 mirror_mismatches=0
elapsed=7.416430e+02 cycle=878 time=5.184375e+00 dt=9.375000e-03
CARTOON_AMR_TRANSACTION cycle=879 requested_refine=0 requested_derefine_leaves=20 accepted_derefine_parents=0 created_leaves=0 deleted_leaves=0 mirror_mismatches=0
elapsed=7.424356e+02 cycle=879 time=5.193750e+00 dt=9.375000e-03
CARTOON_AMR_TRANSACTION cycle=880 requested_refine=0 requested_derefine_leaves=20 accepted_derefine_parents=0 created_leaves=0 deleted_leaves=0 mirror_mismatches=0
elapsed=7.432262e+02 cycle=880 time=5.203125e+00 dt=9.375000e-03
CARTOON_AMR_TRANSACTION cycle=881 requested_refine=0 requested_derefine_leaves=20 accepted_derefine_parents=0 created_leaves=0 deleted_leaves=0 mirror_mismatches=0
elapsed=7.440039e+02 cycle=881 time=5.212500e+00 dt=9.375000e-03
CARTOON_AMR_TRANSACTION cycle=882 requested_refine=0 requested_derefine_leaves=20 accepted_derefine_parents=0 created_leaves=0 deleted_leaves=0 mirror_mismatches=0
elapsed=7.447877e+02 cycle=882 time=5.221875e+00 dt=9.375000e-03
CARTOON_AMR_TRANSACTION cycle=883 requested_refine=0 requested_derefine_leaves=20 accepted_derefine_parents=0 created_leaves=0 deleted_leaves=0 mirror_mismatches=0
elapsed=7.455686e+02 cycle=883 time=5.231250e+00 dt=9.375000e-03
CARTOON_AMR_TRANSACTION cycle=884 requested_refine=0 requested_derefine_leaves=20 accepted_derefine_parents=0 created_leaves=0 deleted_leaves=0 mirror_mismatches=0
elapsed=7.463551e+02 cycle=884 time=5.240625e+00 dt=9.375000e-03
CARTOON_AMR_TRANSACTION cycle=885 requested_refine=0 requested_derefine_leaves=20 accepted_derefine_parents=0 created_leaves=0 deleted_leaves=0 mirror_mismatches=0
elapsed=7.471379e+02 cycle=885 time=5.250000e+00 dt=9.375000e-03
CARTOON_AMR_TRANSACTION cycle=886 requested_refine=0 requested_derefine_leaves=20 accepted_derefine_parents=0 created_leaves=0 deleted_leaves=0 mirror_mismatches=0
elapsed=7.479190e+02 cycle=886 time=5.259375e+00 dt=9.375000e-03
CARTOON_AMR_TRANSACTION cycle=887 requested_refine=0 requested_derefine_leaves=20 accepted_derefine_parents=0 created_leaves=0 deleted_leaves=0 mirror_mismatches=0
elapsed=7.487051e+02 cycle=887 time=5.268750e+00 dt=9.375000e-03
CARTOON_AMR_TRANSACTION cycle=888 requested_refine=0 requested_derefine_leaves=20 accepted_derefine_parents=0 created_leaves=0 deleted_leaves=0 mirror_mismatches=0
elapsed=7.494866e+02 cycle=888 time=5.278125e+00 dt=9.375000e-03
CARTOON_AMR_TRANSACTION cycle=889 requested_refine=0 requested_derefine_leaves=20 accepted_derefine_parents=0 created_leaves=0 deleted_leaves=0 mirror_mismatches=0
elapsed=7.502709e+02 cycle=889 time=5.287500e+00 dt=9.375000e-03
CARTOON_AMR_TRANSACTION cycle=890 requested_refine=0 requested_derefine_leaves=20 accepted_derefine_parents=0 created_leaves=0 deleted_leaves=0 mirror_mismatches=0
elapsed=7.510563e+02 cycle=890 time=5.296875e+00 dt=9.375000e-03
CARTOON_AMR_TRANSACTION cycle=891 requested_refine=0 requested_derefine_leaves=20 accepted_derefine_parents=0 created_leaves=0 deleted_leaves=0 mirror_mismatches=0
elapsed=7.518342e+02 cycle=891 time=5.306250e+00 dt=9.375000e-03
CARTOON_AMR_TRANSACTION cycle=892 requested_refine=0 requested_derefine_leaves=20 accepted_derefine_parents=0 created_leaves=0 deleted_leaves=0 mirror_mismatches=0
elapsed=7.526204e+02 cycle=892 time=5.315625e+00 dt=9.375000e-03
CARTOON_AMR_TRANSACTION cycle=893 requested_refine=0 requested_derefine_leaves=20 accepted_derefine_parents=0 created_leaves=0 deleted_leaves=0 mirror_mismatches=0
elapsed=7.534123e+02 cycle=893 time=5.325000e+00 dt=9.375000e-03
CARTOON_AMR_TRANSACTION cycle=894 requested_refine=0 requested_derefine_leaves=20 accepted_derefine_parents=0 created_leaves=0 deleted_leaves=0 mirror_mismatches=0
elapsed=7.541976e+02 cycle=894 time=5.334375e+00 dt=9.375000e-03
CARTOON_AMR_TRANSACTION cycle=895 requested_refine=0 requested_derefine_leaves=20 accepted_derefine_parents=0 created_leaves=0 deleted_leaves=0 mirror_mismatches=0
elapsed=7.549839e+02 cycle=895 time=5.343750e+00 dt=9.375000e-03
CARTOON_AMR_TRANSACTION cycle=896 requested_refine=0 requested_derefine_leaves=20 accepted_derefine_parents=0 created_leaves=0 deleted_leaves=0 mirror_mismatches=0
elapsed=7.558762e+02 cycle=896 time=5.353125e+00 dt=9.375000e-03
CARTOON_AMR_TRANSACTION cycle=897 requested_refine=0 requested_derefine_leaves=20 accepted_derefine_parents=0 created_leaves=0 deleted_leaves=0 mirror_mismatches=0
elapsed=7.566636e+02 cycle=897 time=5.362500e+00 dt=9.375000e-03
CARTOON_AMR_TRANSACTION cycle=898 requested_refine=0 requested_derefine_leaves=20 accepted_derefine_parents=0 created_leaves=0 deleted_leaves=0 mirror_mismatches=0
elapsed=7.574429e+02 cycle=898 time=5.371875e+00 dt=9.375000e-03
CARTOON_AMR_TRANSACTION cycle=899 requested_refine=0 requested_derefine_leaves=20 accepted_derefine_parents=0 created_leaves=0 deleted_leaves=0 mirror_mismatches=0
elapsed=7.582248e+02 cycle=899 time=5.381250e+00 dt=9.375000e-03
CARTOON_AMR_TRANSACTION cycle=900 requested_refine=0 requested_derefine_leaves=20 accepted_derefine_parents=0 created_leaves=0 deleted_leaves=0 mirror_mismatches=0
elapsed=7.590100e+02 cycle=900 time=5.390625e+00 dt=9.375000e-03
CARTOON_AMR_TRANSACTION cycle=901 requested_refine=0 requested_derefine_leaves=20 accepted_derefine_parents=0 created_leaves=0 deleted_leaves=0 mirror_mismatches=0
elapsed=7.597868e+02 cycle=901 time=5.400000e+00 dt=9.375000e-03
CARTOON_AMR_TRANSACTION cycle=902 requested_refine=0 requested_derefine_leaves=20 accepted_derefine_parents=0 created_leaves=0 deleted_leaves=0 mirror_mismatches=0
elapsed=7.605751e+02 cycle=902 time=5.409375e+00 dt=9.375000e-03
CARTOON_AMR_TRANSACTION cycle=903 requested_refine=0 requested_derefine_leaves=20 accepted_derefine_parents=0 created_leaves=0 deleted_leaves=0 mirror_mismatches=0
elapsed=7.613568e+02 cycle=903 time=5.418750e+00 dt=9.375000e-03
CARTOON_AMR_TRANSACTION cycle=904 requested_refine=0 requested_derefine_leaves=20 accepted_derefine_parents=0 created_leaves=0 deleted_leaves=0 mirror_mismatches=0
elapsed=7.621384e+02 cycle=904 time=5.428125e+00 dt=9.375000e-03
CARTOON_AMR_TRANSACTION cycle=905 requested_refine=0 requested_derefine_leaves=20 accepted_derefine_parents=0 created_leaves=0 deleted_leaves=0 mirror_mismatches=0
elapsed=7.629300e+02 cycle=905 time=5.437500e+00 dt=9.375000e-03
CARTOON_AMR_TRANSACTION cycle=906 requested_refine=0 requested_derefine_leaves=20 accepted_derefine_parents=0 created_leaves=0 deleted_leaves=0 mirror_mismatches=0
elapsed=7.637161e+02 cycle=906 time=5.446875e+00 dt=9.375000e-03
CARTOON_AMR_TRANSACTION cycle=907 requested_refine=0 requested_derefine_leaves=20 accepted_derefine_parents=0 created_leaves=0 deleted_leaves=0 mirror_mismatches=0
elapsed=7.645061e+02 cycle=907 time=5.456250e+00 dt=9.375000e-03
CARTOON_AMR_TRANSACTION cycle=908 requested_refine=0 requested_derefine_leaves=20 accepted_derefine_parents=0 created_leaves=0 deleted_leaves=0 mirror_mismatches=0
elapsed=7.652861e+02 cycle=908 time=5.465625e+00 dt=9.375000e-03
CARTOON_AMR_TRANSACTION cycle=909 requested_refine=0 requested_derefine_leaves=20 accepted_derefine_parents=0 created_leaves=0 deleted_leaves=0 mirror_mismatches=0
elapsed=7.660678e+02 cycle=909 time=5.475000e+00 dt=9.375000e-03
CARTOON_AMR_TRANSACTION cycle=910 requested_refine=0 requested_derefine_leaves=20 accepted_derefine_parents=0 created_leaves=0 deleted_leaves=0 mirror_mismatches=0
elapsed=7.668539e+02 cycle=910 time=5.484375e+00 dt=9.375000e-03
CARTOON_AMR_TRANSACTION cycle=911 requested_refine=0 requested_derefine_leaves=20 accepted_derefine_parents=0 created_leaves=0 deleted_leaves=0 mirror_mismatches=0
elapsed=7.676345e+02 cycle=911 time=5.493750e+00 dt=9.375000e-03
CARTOON_AMR_TRANSACTION cycle=912 requested_refine=0 requested_derefine_leaves=20 accepted_derefine_parents=0 created_leaves=0 deleted_leaves=0 mirror_mismatches=0
elapsed=7.684171e+02 cycle=912 time=5.503125e+00 dt=9.375000e-03
CARTOON_AMR_TRANSACTION cycle=913 requested_refine=0 requested_derefine_leaves=20 accepted_derefine_parents=0 created_leaves=0 deleted_leaves=0 mirror_mismatches=0
elapsed=7.691998e+02 cycle=913 time=5.512500e+00 dt=9.375000e-03
CARTOON_AMR_TRANSACTION cycle=914 requested_refine=0 requested_derefine_leaves=20 accepted_derefine_parents=0 created_leaves=0 deleted_leaves=0 mirror_mismatches=0
elapsed=7.699790e+02 cycle=914 time=5.521875e+00 dt=9.375000e-03
CARTOON_AMR_TRANSACTION cycle=915 requested_refine=0 requested_derefine_leaves=20 accepted_derefine_parents=0 created_leaves=0 deleted_leaves=0 mirror_mismatches=0
elapsed=7.707626e+02 cycle=915 time=5.531250e+00 dt=9.375000e-03
CARTOON_AMR_TRANSACTION cycle=916 requested_refine=0 requested_derefine_leaves=20 accepted_derefine_parents=0 created_leaves=0 deleted_leaves=0 mirror_mismatches=0
elapsed=7.715441e+02 cycle=916 time=5.540625e+00 dt=9.375000e-03
CARTOON_AMR_TRANSACTION cycle=917 requested_refine=0 requested_derefine_leaves=20 accepted_derefine_parents=0 created_leaves=0 deleted_leaves=0 mirror_mismatches=0
elapsed=7.723228e+02 cycle=917 time=5.550000e+00 dt=9.375000e-03
CARTOON_AMR_TRANSACTION cycle=918 requested_refine=0 requested_derefine_leaves=20 accepted_derefine_parents=0 created_leaves=0 deleted_leaves=0 mirror_mismatches=0
elapsed=7.731097e+02 cycle=918 time=5.559375e+00 dt=9.375000e-03
CARTOON_AMR_TRANSACTION cycle=919 requested_refine=0 requested_derefine_leaves=20 accepted_derefine_parents=0 created_leaves=0 deleted_leaves=0 mirror_mismatches=0
elapsed=7.738922e+02 cycle=919 time=5.568750e+00 dt=9.375000e-03
CARTOON_AMR_TRANSACTION cycle=920 requested_refine=0 requested_derefine_leaves=20 accepted_derefine_parents=0 created_leaves=0 deleted_leaves=0 mirror_mismatches=0
elapsed=7.746778e+02 cycle=920 time=5.578125e+00 dt=9.375000e-03
CARTOON_AMR_TRANSACTION cycle=921 requested_refine=0 requested_derefine_leaves=20 accepted_derefine_parents=0 created_leaves=0 deleted_leaves=0 mirror_mismatches=0
elapsed=7.754604e+02 cycle=921 time=5.587500e+00 dt=9.375000e-03
CARTOON_AMR_TRANSACTION cycle=922 requested_refine=0 requested_derefine_leaves=20 accepted_derefine_parents=0 created_leaves=0 deleted_leaves=0 mirror_mismatches=0
elapsed=7.762386e+02 cycle=922 time=5.596875e+00 dt=9.375000e-03
CARTOON_AMR_TRANSACTION cycle=923 requested_refine=0 requested_derefine_leaves=20 accepted_derefine_parents=0 created_leaves=0 deleted_leaves=0 mirror_mismatches=0
elapsed=7.770227e+02 cycle=923 time=5.606250e+00 dt=9.375000e-03
CARTOON_AMR_TRANSACTION cycle=924 requested_refine=0 requested_derefine_leaves=18 accepted_derefine_parents=0 created_leaves=0 deleted_leaves=0 mirror_mismatches=0
elapsed=7.778070e+02 cycle=924 time=5.615625e+00 dt=9.375000e-03
CARTOON_AMR_TRANSACTION cycle=925 requested_refine=0 requested_derefine_leaves=18 accepted_derefine_parents=0 created_leaves=0 deleted_leaves=0 mirror_mismatches=0
elapsed=7.785910e+02 cycle=925 time=5.625000e+00 dt=9.375000e-03
CARTOON_AMR_TRANSACTION cycle=926 requested_refine=0 requested_derefine_leaves=18 accepted_derefine_parents=0 created_leaves=0 deleted_leaves=0 mirror_mismatches=0
elapsed=7.793773e+02 cycle=926 time=5.634375e+00 dt=9.375000e-03
CARTOON_AMR_TRANSACTION cycle=927 requested_refine=0 requested_derefine_leaves=18 accepted_derefine_parents=0 created_leaves=0 deleted_leaves=0 mirror_mismatches=0
elapsed=7.801533e+02 cycle=927 time=5.643750e+00 dt=9.375000e-03
CARTOON_AMR_TRANSACTION cycle=928 requested_refine=0 requested_derefine_leaves=18 accepted_derefine_parents=0 created_leaves=0 deleted_leaves=0 mirror_mismatches=0
elapsed=7.809370e+02 cycle=928 time=5.653125e+00 dt=9.375000e-03
CARTOON_AMR_TRANSACTION cycle=929 requested_refine=0 requested_derefine_leaves=18 accepted_derefine_parents=0 created_leaves=0 deleted_leaves=0 mirror_mismatches=0
elapsed=7.817235e+02 cycle=929 time=5.662500e+00 dt=9.375000e-03
CARTOON_AMR_TRANSACTION cycle=930 requested_refine=0 requested_derefine_leaves=18 accepted_derefine_parents=0 created_leaves=0 deleted_leaves=0 mirror_mismatches=0
elapsed=7.825033e+02 cycle=930 time=5.671875e+00 dt=9.375000e-03
CARTOON_AMR_TRANSACTION cycle=931 requested_refine=0 requested_derefine_leaves=18 accepted_derefine_parents=0 created_leaves=0 deleted_leaves=0 mirror_mismatches=0
elapsed=7.832866e+02 cycle=931 time=5.681250e+00 dt=9.375000e-03
CARTOON_AMR_TRANSACTION cycle=932 requested_refine=0 requested_derefine_leaves=18 accepted_derefine_parents=0 created_leaves=0 deleted_leaves=0 mirror_mismatches=0
elapsed=7.840708e+02 cycle=932 time=5.690625e+00 dt=9.375000e-03
CARTOON_AMR_TRANSACTION cycle=933 requested_refine=0 requested_derefine_leaves=18 accepted_derefine_parents=0 created_leaves=0 deleted_leaves=0 mirror_mismatches=0
elapsed=7.848524e+02 cycle=933 time=5.700000e+00 dt=9.375000e-03
CARTOON_AMR_TRANSACTION cycle=934 requested_refine=0 requested_derefine_leaves=18 accepted_derefine_parents=0 created_leaves=0 deleted_leaves=0 mirror_mismatches=0
elapsed=7.856346e+02 cycle=934 time=5.709375e+00 dt=9.375000e-03
CARTOON_AMR_TRANSACTION cycle=935 requested_refine=0 requested_derefine_leaves=18 accepted_derefine_parents=0 created_leaves=0 deleted_leaves=0 mirror_mismatches=0
elapsed=7.864149e+02 cycle=935 time=5.718750e+00 dt=9.375000e-03
CARTOON_AMR_TRANSACTION cycle=936 requested_refine=0 requested_derefine_leaves=18 accepted_derefine_parents=0 created_leaves=0 deleted_leaves=0 mirror_mismatches=0
elapsed=7.872038e+02 cycle=936 time=5.728125e+00 dt=9.375000e-03
CARTOON_AMR_TRANSACTION cycle=937 requested_refine=0 requested_derefine_leaves=18 accepted_derefine_parents=0 created_leaves=0 deleted_leaves=0 mirror_mismatches=0
elapsed=7.879894e+02 cycle=937 time=5.737500e+00 dt=9.375000e-03
CARTOON_AMR_TRANSACTION cycle=938 requested_refine=0 requested_derefine_leaves=18 accepted_derefine_parents=0 created_leaves=0 deleted_leaves=0 mirror_mismatches=0
elapsed=7.887748e+02 cycle=938 time=5.746875e+00 dt=9.375000e-03
CARTOON_AMR_TRANSACTION cycle=939 requested_refine=0 requested_derefine_leaves=18 accepted_derefine_parents=0 created_leaves=0 deleted_leaves=0 mirror_mismatches=0
elapsed=7.895604e+02 cycle=939 time=5.756250e+00 dt=9.375000e-03
CARTOON_AMR_TRANSACTION cycle=940 requested_refine=0 requested_derefine_leaves=18 accepted_derefine_parents=0 created_leaves=0 deleted_leaves=0 mirror_mismatches=0
elapsed=7.903447e+02 cycle=940 time=5.765625e+00 dt=9.375000e-03
CARTOON_AMR_TRANSACTION cycle=941 requested_refine=0 requested_derefine_leaves=18 accepted_derefine_parents=0 created_leaves=0 deleted_leaves=0 mirror_mismatches=0
elapsed=7.911327e+02 cycle=941 time=5.775000e+00 dt=9.375000e-03
CARTOON_AMR_TRANSACTION cycle=942 requested_refine=0 requested_derefine_leaves=18 accepted_derefine_parents=0 created_leaves=0 deleted_leaves=0 mirror_mismatches=0
elapsed=7.919161e+02 cycle=942 time=5.784375e+00 dt=9.375000e-03
CARTOON_AMR_TRANSACTION cycle=943 requested_refine=0 requested_derefine_leaves=18 accepted_derefine_parents=0 created_leaves=0 deleted_leaves=0 mirror_mismatches=0
elapsed=7.926962e+02 cycle=943 time=5.793750e+00 dt=9.375000e-03
CARTOON_AMR_TRANSACTION cycle=944 requested_refine=0 requested_derefine_leaves=18 accepted_derefine_parents=0 created_leaves=0 deleted_leaves=0 mirror_mismatches=0
elapsed=7.934920e+02 cycle=944 time=5.803125e+00 dt=9.375000e-03
CARTOON_AMR_TRANSACTION cycle=945 requested_refine=0 requested_derefine_leaves=18 accepted_derefine_parents=0 created_leaves=0 deleted_leaves=0 mirror_mismatches=0
elapsed=7.942772e+02 cycle=945 time=5.812500e+00 dt=9.375000e-03
CARTOON_AMR_TRANSACTION cycle=946 requested_refine=0 requested_derefine_leaves=18 accepted_derefine_parents=0 created_leaves=0 deleted_leaves=0 mirror_mismatches=0
elapsed=7.950531e+02 cycle=946 time=5.821875e+00 dt=9.375000e-03
CARTOON_AMR_TRANSACTION cycle=947 requested_refine=0 requested_derefine_leaves=18 accepted_derefine_parents=0 created_leaves=0 deleted_leaves=0 mirror_mismatches=0
elapsed=7.958382e+02 cycle=947 time=5.831250e+00 dt=9.375000e-03
CARTOON_AMR_TRANSACTION cycle=948 requested_refine=0 requested_derefine_leaves=18 accepted_derefine_parents=0 created_leaves=0 deleted_leaves=0 mirror_mismatches=0
elapsed=7.966228e+02 cycle=948 time=5.840625e+00 dt=9.375000e-03
CARTOON_AMR_TRANSACTION cycle=949 requested_refine=0 requested_derefine_leaves=18 accepted_derefine_parents=0 created_leaves=0 deleted_leaves=0 mirror_mismatches=0
elapsed=7.974134e+02 cycle=949 time=5.850000e+00 dt=9.375000e-03
CARTOON_AMR_TRANSACTION cycle=950 requested_refine=0 requested_derefine_leaves=18 accepted_derefine_parents=0 created_leaves=0 deleted_leaves=0 mirror_mismatches=0
elapsed=7.982067e+02 cycle=950 time=5.859375e+00 dt=9.375000e-03
CARTOON_AMR_TRANSACTION cycle=951 requested_refine=0 requested_derefine_leaves=18 accepted_derefine_parents=0 created_leaves=0 deleted_leaves=0 mirror_mismatches=0
elapsed=7.989863e+02 cycle=951 time=5.868750e+00 dt=9.375000e-03
CARTOON_AMR_TRANSACTION cycle=952 requested_refine=0 requested_derefine_leaves=18 accepted_derefine_parents=0 created_leaves=0 deleted_leaves=0 mirror_mismatches=0
elapsed=7.997718e+02 cycle=952 time=5.878125e+00 dt=9.375000e-03
CARTOON_AMR_TRANSACTION cycle=953 requested_refine=0 requested_derefine_leaves=18 accepted_derefine_parents=0 created_leaves=0 deleted_leaves=0 mirror_mismatches=0
elapsed=8.005547e+02 cycle=953 time=5.887500e+00 dt=9.375000e-03
CARTOON_AMR_TRANSACTION cycle=954 requested_refine=0 requested_derefine_leaves=18 accepted_derefine_parents=0 created_leaves=0 deleted_leaves=0 mirror_mismatches=0
elapsed=8.013373e+02 cycle=954 time=5.896875e+00 dt=9.375000e-03
CARTOON_AMR_TRANSACTION cycle=955 requested_refine=0 requested_derefine_leaves=18 accepted_derefine_parents=0 created_leaves=0 deleted_leaves=0 mirror_mismatches=0
elapsed=8.021245e+02 cycle=955 time=5.906250e+00 dt=9.375000e-03
CARTOON_AMR_TRANSACTION cycle=956 requested_refine=2 requested_derefine_leaves=18 accepted_derefine_parents=0 created_leaves=6 deleted_leaves=0 mirror_mismatches=0
AMR_Z4C_CHI_PROLONGATION cycle=956 local_fallback_groups=0,0,0,0 global_fallback_groups=0 global_high_order_groups=2048
elapsed=8.071118e+02 cycle=956 time=5.915625e+00 dt=4.687500e-03
CARTOON_AMR_TRANSACTION cycle=957 requested_refine=0 requested_derefine_leaves=24 accepted_derefine_parents=0 created_leaves=0 deleted_leaves=0 mirror_mismatches=0
elapsed=8.078991e+02 cycle=957 time=5.920313e+00 dt=4.687500e-03
CARTOON_AMR_TRANSACTION cycle=958 requested_refine=0 requested_derefine_leaves=24 accepted_derefine_parents=0 created_leaves=0 deleted_leaves=0 mirror_mismatches=0
elapsed=8.086878e+02 cycle=958 time=5.925000e+00 dt=4.687500e-03
CARTOON_AMR_TRANSACTION cycle=959 requested_refine=0 requested_derefine_leaves=24 accepted_derefine_parents=0 created_leaves=0 deleted_leaves=0 mirror_mismatches=0
elapsed=8.094790e+02 cycle=959 time=5.929688e+00 dt=4.687500e-03
CARTOON_AMR_TRANSACTION cycle=960 requested_refine=0 requested_derefine_leaves=24 accepted_derefine_parents=0 created_leaves=0 deleted_leaves=0 mirror_mismatches=0
elapsed=8.103406e+02 cycle=960 time=5.934375e+00 dt=4.687500e-03
CARTOON_AMR_TRANSACTION cycle=961 requested_refine=0 requested_derefine_leaves=24 accepted_derefine_parents=0 created_leaves=0 deleted_leaves=0 mirror_mismatches=0
elapsed=8.111239e+02 cycle=961 time=5.939063e+00 dt=4.687500e-03
CARTOON_AMR_TRANSACTION cycle=962 requested_refine=0 requested_derefine_leaves=24 accepted_derefine_parents=0 created_leaves=0 deleted_leaves=0 mirror_mismatches=0
elapsed=8.119180e+02 cycle=962 time=5.943750e+00 dt=4.687500e-03
CARTOON_AMR_TRANSACTION cycle=963 requested_refine=0 requested_derefine_leaves=24 accepted_derefine_parents=0 created_leaves=0 deleted_leaves=0 mirror_mismatches=0
elapsed=8.127059e+02 cycle=963 time=5.948438e+00 dt=4.687500e-03
CARTOON_AMR_TRANSACTION cycle=964 requested_refine=0 requested_derefine_leaves=24 accepted_derefine_parents=0 created_leaves=0 deleted_leaves=0 mirror_mismatches=0
elapsed=8.134960e+02 cycle=964 time=5.953125e+00 dt=4.687500e-03
CARTOON_AMR_TRANSACTION cycle=965 requested_refine=0 requested_derefine_leaves=24 accepted_derefine_parents=0 created_leaves=0 deleted_leaves=0 mirror_mismatches=0
elapsed=8.142843e+02 cycle=965 time=5.957813e+00 dt=4.687500e-03
CARTOON_AMR_TRANSACTION cycle=966 requested_refine=0 requested_derefine_leaves=24 accepted_derefine_parents=0 created_leaves=0 deleted_leaves=0 mirror_mismatches=0
elapsed=8.150689e+02 cycle=966 time=5.962500e+00 dt=4.687500e-03
CARTOON_AMR_TRANSACTION cycle=967 requested_refine=0 requested_derefine_leaves=24 accepted_derefine_parents=0 created_leaves=0 deleted_leaves=0 mirror_mismatches=0
elapsed=8.158647e+02 cycle=967 time=5.967188e+00 dt=4.687500e-03
CARTOON_AMR_TRANSACTION cycle=968 requested_refine=0 requested_derefine_leaves=24 accepted_derefine_parents=0 created_leaves=0 deleted_leaves=0 mirror_mismatches=0
elapsed=8.166548e+02 cycle=968 time=5.971875e+00 dt=4.687500e-03
CARTOON_AMR_TRANSACTION cycle=969 requested_refine=0 requested_derefine_leaves=24 accepted_derefine_parents=0 created_leaves=0 deleted_leaves=0 mirror_mismatches=0
elapsed=8.174446e+02 cycle=969 time=5.976563e+00 dt=4.687500e-03
CARTOON_AMR_TRANSACTION cycle=970 requested_refine=0 requested_derefine_leaves=24 accepted_derefine_parents=0 created_leaves=0 deleted_leaves=0 mirror_mismatches=0
elapsed=8.182291e+02 cycle=970 time=5.981250e+00 dt=4.687500e-03
CARTOON_AMR_TRANSACTION cycle=971 requested_refine=0 requested_derefine_leaves=24 accepted_derefine_parents=0 created_leaves=0 deleted_leaves=0 mirror_mismatches=0
elapsed=8.190134e+02 cycle=971 time=5.985938e+00 dt=4.687500e-03
CARTOON_AMR_TRANSACTION cycle=972 requested_refine=0 requested_derefine_leaves=24 accepted_derefine_parents=0 created_leaves=0 deleted_leaves=0 mirror_mismatches=0
elapsed=8.197991e+02 cycle=972 time=5.990625e+00 dt=4.687500e-03
CARTOON_AMR_TRANSACTION cycle=973 requested_refine=0 requested_derefine_leaves=24 accepted_derefine_parents=0 created_leaves=0 deleted_leaves=0 mirror_mismatches=0
elapsed=8.205841e+02 cycle=973 time=5.995313e+00 dt=4.687500e-03
CARTOON_AMR_TRANSACTION cycle=974 requested_refine=0 requested_derefine_leaves=24 accepted_derefine_parents=0 created_leaves=0 deleted_leaves=0 mirror_mismatches=0
elapsed=8.213748e+02 cycle=974 time=6.000000e+00 dt=4.687500e-03
CARTOON_AMR_TRANSACTION cycle=975 requested_refine=0 requested_derefine_leaves=24 accepted_derefine_parents=0 created_leaves=0 deleted_leaves=0 mirror_mismatches=0
elapsed=8.221631e+02 cycle=975 time=6.004688e+00 dt=4.687500e-03
CARTOON_AMR_TRANSACTION cycle=976 requested_refine=0 requested_derefine_leaves=24 accepted_derefine_parents=0 created_leaves=0 deleted_leaves=0 mirror_mismatches=0
elapsed=8.229513e+02 cycle=976 time=6.009375e+00 dt=4.687500e-03
CARTOON_AMR_TRANSACTION cycle=977 requested_refine=0 requested_derefine_leaves=24 accepted_derefine_parents=0 created_leaves=0 deleted_leaves=0 mirror_mismatches=0
elapsed=8.237393e+02 cycle=977 time=6.014063e+00 dt=4.687500e-03
CARTOON_AMR_TRANSACTION cycle=978 requested_refine=0 requested_derefine_leaves=24 accepted_derefine_parents=0 created_leaves=0 deleted_leaves=0 mirror_mismatches=0
elapsed=8.245299e+02 cycle=978 time=6.018750e+00 dt=4.687500e-03
CARTOON_AMR_TRANSACTION cycle=979 requested_refine=0 requested_derefine_leaves=24 accepted_derefine_parents=0 created_leaves=0 deleted_leaves=0 mirror_mismatches=0
elapsed=8.253131e+02 cycle=979 time=6.023438e+00 dt=4.687500e-03
CARTOON_AMR_TRANSACTION cycle=980 requested_refine=0 requested_derefine_leaves=24 accepted_derefine_parents=0 created_leaves=0 deleted_leaves=0 mirror_mismatches=0
elapsed=8.260987e+02 cycle=980 time=6.028125e+00 dt=4.687500e-03
CARTOON_AMR_TRANSACTION cycle=981 requested_refine=0 requested_derefine_leaves=24 accepted_derefine_parents=0 created_leaves=0 deleted_leaves=0 mirror_mismatches=0
elapsed=8.268838e+02 cycle=981 time=6.032813e+00 dt=4.687500e-03
CARTOON_AMR_TRANSACTION cycle=982 requested_refine=0 requested_derefine_leaves=24 accepted_derefine_parents=0 created_leaves=0 deleted_leaves=0 mirror_mismatches=0
elapsed=8.276770e+02 cycle=982 time=6.037500e+00 dt=4.687500e-03
CARTOON_AMR_TRANSACTION cycle=983 requested_refine=0 requested_derefine_leaves=24 accepted_derefine_parents=0 created_leaves=0 deleted_leaves=0 mirror_mismatches=0
elapsed=8.284690e+02 cycle=983 time=6.042188e+00 dt=4.687500e-03
CARTOON_AMR_TRANSACTION cycle=984 requested_refine=0 requested_derefine_leaves=24 accepted_derefine_parents=0 created_leaves=0 deleted_leaves=0 mirror_mismatches=0
elapsed=8.292651e+02 cycle=984 time=6.046875e+00 dt=4.687500e-03
CARTOON_AMR_TRANSACTION cycle=985 requested_refine=0 requested_derefine_leaves=24 accepted_derefine_parents=0 created_leaves=0 deleted_leaves=0 mirror_mismatches=0
elapsed=8.300504e+02 cycle=985 time=6.051563e+00 dt=4.687500e-03
CARTOON_AMR_TRANSACTION cycle=986 requested_refine=0 requested_derefine_leaves=24 accepted_derefine_parents=0 created_leaves=0 deleted_leaves=0 mirror_mismatches=0
elapsed=8.308324e+02 cycle=986 time=6.056250e+00 dt=4.687500e-03
CARTOON_AMR_TRANSACTION cycle=987 requested_refine=0 requested_derefine_leaves=24 accepted_derefine_parents=0 created_leaves=0 deleted_leaves=0 mirror_mismatches=0
elapsed=8.316156e+02 cycle=987 time=6.060938e+00 dt=4.687500e-03
CARTOON_AMR_TRANSACTION cycle=988 requested_refine=0 requested_derefine_leaves=24 accepted_derefine_parents=0 created_leaves=0 deleted_leaves=0 mirror_mismatches=0
elapsed=8.324009e+02 cycle=988 time=6.065625e+00 dt=4.687500e-03
CARTOON_AMR_TRANSACTION cycle=989 requested_refine=0 requested_derefine_leaves=24 accepted_derefine_parents=0 created_leaves=0 deleted_leaves=0 mirror_mismatches=0
elapsed=8.331907e+02 cycle=989 time=6.070313e+00 dt=4.687500e-03
CARTOON_AMR_TRANSACTION cycle=990 requested_refine=0 requested_derefine_leaves=24 accepted_derefine_parents=0 created_leaves=0 deleted_leaves=0 mirror_mismatches=0
elapsed=8.339788e+02 cycle=990 time=6.075000e+00 dt=4.687500e-03
CARTOON_AMR_TRANSACTION cycle=991 requested_refine=0 requested_derefine_leaves=24 accepted_derefine_parents=0 created_leaves=0 deleted_leaves=0 mirror_mismatches=0
elapsed=8.347667e+02 cycle=991 time=6.079688e+00 dt=4.687500e-03
CARTOON_AMR_TRANSACTION cycle=992 requested_refine=0 requested_derefine_leaves=24 accepted_derefine_parents=0 created_leaves=0 deleted_leaves=0 mirror_mismatches=0
elapsed=8.355585e+02 cycle=992 time=6.084375e+00 dt=4.687500e-03
CARTOON_AMR_TRANSACTION cycle=993 requested_refine=0 requested_derefine_leaves=24 accepted_derefine_parents=0 created_leaves=0 deleted_leaves=0 mirror_mismatches=0
elapsed=8.363405e+02 cycle=993 time=6.089063e+00 dt=4.687500e-03
CARTOON_AMR_TRANSACTION cycle=994 requested_refine=0 requested_derefine_leaves=24 accepted_derefine_parents=0 created_leaves=0 deleted_leaves=0 mirror_mismatches=0
elapsed=8.371238e+02 cycle=994 time=6.093750e+00 dt=4.687500e-03
CARTOON_AMR_TRANSACTION cycle=995 requested_refine=0 requested_derefine_leaves=24 accepted_derefine_parents=0 created_leaves=0 deleted_leaves=0 mirror_mismatches=0
elapsed=8.379086e+02 cycle=995 time=6.098438e+00 dt=4.687500e-03
CARTOON_AMR_TRANSACTION cycle=996 requested_refine=0 requested_derefine_leaves=24 accepted_derefine_parents=0 created_leaves=0 deleted_leaves=0 mirror_mismatches=0
elapsed=8.387100e+02 cycle=996 time=6.103125e+00 dt=4.687500e-03
CARTOON_AMR_TRANSACTION cycle=997 requested_refine=0 requested_derefine_leaves=24 accepted_derefine_parents=0 created_leaves=0 deleted_leaves=0 mirror_mismatches=0
elapsed=8.395023e+02 cycle=997 time=6.107813e+00 dt=4.687500e-03
CARTOON_AMR_TRANSACTION cycle=998 requested_refine=0 requested_derefine_leaves=24 accepted_derefine_parents=0 created_leaves=0 deleted_leaves=0 mirror_mismatches=0
elapsed=8.402973e+02 cycle=998 time=6.112500e+00 dt=4.687500e-03
CARTOON_AMR_TRANSACTION cycle=999 requested_refine=0 requested_derefine_leaves=24 accepted_derefine_parents=0 created_leaves=0 deleted_leaves=0 mirror_mismatches=0
elapsed=8.410849e+02 cycle=999 time=6.117188e+00 dt=4.687500e-03
CARTOON_AMR_TRANSACTION cycle=1000 requested_refine=0 requested_derefine_leaves=24 accepted_derefine_parents=0 created_leaves=0 deleted_leaves=0 mirror_mismatches=0
elapsed=8.418787e+02 cycle=1000 time=6.121875e+00 dt=4.687500e-03
CARTOON_AMR_TRANSACTION cycle=1001 requested_refine=0 requested_derefine_leaves=24 accepted_derefine_parents=0 created_leaves=0 deleted_leaves=0 mirror_mismatches=0
elapsed=8.426593e+02 cycle=1001 time=6.126563e+00 dt=4.687500e-03
CARTOON_AMR_TRANSACTION cycle=1002 requested_refine=0 requested_derefine_leaves=24 accepted_derefine_parents=0 created_leaves=0 deleted_leaves=0 mirror_mismatches=0
elapsed=8.434421e+02 cycle=1002 time=6.131250e+00 dt=4.687500e-03
CARTOON_AMR_TRANSACTION cycle=1003 requested_refine=0 requested_derefine_leaves=24 accepted_derefine_parents=0 created_leaves=0 deleted_leaves=0 mirror_mismatches=0
elapsed=8.442217e+02 cycle=1003 time=6.135938e+00 dt=4.687500e-03
CARTOON_AMR_TRANSACTION cycle=1004 requested_refine=0 requested_derefine_leaves=24 accepted_derefine_parents=0 created_leaves=0 deleted_leaves=0 mirror_mismatches=0
elapsed=8.450077e+02 cycle=1004 time=6.140625e+00 dt=4.687500e-03
CARTOON_AMR_TRANSACTION cycle=1005 requested_refine=0 requested_derefine_leaves=24 accepted_derefine_parents=0 created_leaves=0 deleted_leaves=0 mirror_mismatches=0
elapsed=8.457955e+02 cycle=1005 time=6.145313e+00 dt=4.687500e-03
CARTOON_AMR_TRANSACTION cycle=1006 requested_refine=0 requested_derefine_leaves=24 accepted_derefine_parents=0 created_leaves=0 deleted_leaves=0 mirror_mismatches=0
elapsed=8.465810e+02 cycle=1006 time=6.150000e+00 dt=4.687500e-03
CARTOON_AMR_TRANSACTION cycle=1007 requested_refine=0 requested_derefine_leaves=24 accepted_derefine_parents=0 created_leaves=0 deleted_leaves=0 mirror_mismatches=0
elapsed=8.473655e+02 cycle=1007 time=6.154688e+00 dt=4.687500e-03
CARTOON_AMR_TRANSACTION cycle=1008 requested_refine=0 requested_derefine_leaves=24 accepted_derefine_parents=0 created_leaves=0 deleted_leaves=0 mirror_mismatches=0
elapsed=8.481539e+02 cycle=1008 time=6.159375e+00 dt=4.687500e-03
CARTOON_AMR_TRANSACTION cycle=1009 requested_refine=0 requested_derefine_leaves=24 accepted_derefine_parents=0 created_leaves=0 deleted_leaves=0 mirror_mismatches=0
elapsed=8.489404e+02 cycle=1009 time=6.164063e+00 dt=4.687500e-03
CARTOON_AMR_TRANSACTION cycle=1010 requested_refine=0 requested_derefine_leaves=24 accepted_derefine_parents=0 created_leaves=0 deleted_leaves=0 mirror_mismatches=0
elapsed=8.497251e+02 cycle=1010 time=6.168750e+00 dt=4.687500e-03
CARTOON_AMR_TRANSACTION cycle=1011 requested_refine=0 requested_derefine_leaves=24 accepted_derefine_parents=0 created_leaves=0 deleted_leaves=0 mirror_mismatches=0
elapsed=8.505101e+02 cycle=1011 time=6.173438e+00 dt=4.687500e-03
CARTOON_AMR_TRANSACTION cycle=1012 requested_refine=0 requested_derefine_leaves=24 accepted_derefine_parents=0 created_leaves=0 deleted_leaves=0 mirror_mismatches=0
elapsed=8.513008e+02 cycle=1012 time=6.178125e+00 dt=4.687500e-03
CARTOON_AMR_TRANSACTION cycle=1013 requested_refine=0 requested_derefine_leaves=24 accepted_derefine_parents=0 created_leaves=0 deleted_leaves=0 mirror_mismatches=0
elapsed=8.520855e+02 cycle=1013 time=6.182813e+00 dt=4.687500e-03
CARTOON_AMR_TRANSACTION cycle=1014 requested_refine=0 requested_derefine_leaves=24 accepted_derefine_parents=0 created_leaves=0 deleted_leaves=0 mirror_mismatches=0
elapsed=8.528733e+02 cycle=1014 time=6.187500e+00 dt=4.687500e-03
CARTOON_AMR_TRANSACTION cycle=1015 requested_refine=0 requested_derefine_leaves=24 accepted_derefine_parents=0 created_leaves=0 deleted_leaves=0 mirror_mismatches=0
elapsed=8.536603e+02 cycle=1015 time=6.192188e+00 dt=4.687500e-03
CARTOON_AMR_TRANSACTION cycle=1016 requested_refine=0 requested_derefine_leaves=24 accepted_derefine_parents=0 created_leaves=0 deleted_leaves=0 mirror_mismatches=0
elapsed=8.544469e+02 cycle=1016 time=6.196875e+00 dt=4.687500e-03
CARTOON_AMR_TRANSACTION cycle=1017 requested_refine=0 requested_derefine_leaves=24 accepted_derefine_parents=0 created_leaves=0 deleted_leaves=0 mirror_mismatches=0
elapsed=8.552334e+02 cycle=1017 time=6.201563e+00 dt=4.687500e-03
CARTOON_AMR_TRANSACTION cycle=1018 requested_refine=0 requested_derefine_leaves=24 accepted_derefine_parents=0 created_leaves=0 deleted_leaves=0 mirror_mismatches=0
elapsed=8.560194e+02 cycle=1018 time=6.206250e+00 dt=4.687500e-03
CARTOON_AMR_TRANSACTION cycle=1019 requested_refine=0 requested_derefine_leaves=24 accepted_derefine_parents=0 created_leaves=0 deleted_leaves=0 mirror_mismatches=0
elapsed=8.568070e+02 cycle=1019 time=6.210938e+00 dt=4.687500e-03
CARTOON_AMR_TRANSACTION cycle=1020 requested_refine=0 requested_derefine_leaves=24 accepted_derefine_parents=0 created_leaves=0 deleted_leaves=0 mirror_mismatches=0
elapsed=8.575961e+02 cycle=1020 time=6.215625e+00 dt=4.687500e-03
CARTOON_AMR_TRANSACTION cycle=1021 requested_refine=0 requested_derefine_leaves=24 accepted_derefine_parents=0 created_leaves=0 deleted_leaves=0 mirror_mismatches=0
elapsed=8.583820e+02 cycle=1021 time=6.220313e+00 dt=4.687500e-03
CARTOON_AMR_TRANSACTION cycle=1022 requested_refine=0 requested_derefine_leaves=24 accepted_derefine_parents=0 created_leaves=0 deleted_leaves=0 mirror_mismatches=0
elapsed=8.591839e+02 cycle=1022 time=6.225000e+00 dt=4.687500e-03
CARTOON_AMR_TRANSACTION cycle=1023 requested_refine=0 requested_derefine_leaves=24 accepted_derefine_parents=0 created_leaves=0 deleted_leaves=0 mirror_mismatches=0
elapsed=8.599753e+02 cycle=1023 time=6.229688e+00 dt=4.687500e-03
CARTOON_AMR_TRANSACTION cycle=1024 requested_refine=0 requested_derefine_leaves=24 accepted_derefine_parents=0 created_leaves=0 deleted_leaves=0 mirror_mismatches=0
elapsed=8.608790e+02 cycle=1024 time=6.234375e+00 dt=4.687500e-03
CARTOON_AMR_TRANSACTION cycle=1025 requested_refine=0 requested_derefine_leaves=24 accepted_derefine_parents=0 created_leaves=0 deleted_leaves=0 mirror_mismatches=0
elapsed=8.616620e+02 cycle=1025 time=6.239063e+00 dt=4.687500e-03
CARTOON_AMR_TRANSACTION cycle=1026 requested_refine=0 requested_derefine_leaves=24 accepted_derefine_parents=0 created_leaves=0 deleted_leaves=0 mirror_mismatches=0
elapsed=8.624457e+02 cycle=1026 time=6.243750e+00 dt=4.687500e-03
CARTOON_AMR_TRANSACTION cycle=1027 requested_refine=0 requested_derefine_leaves=24 accepted_derefine_parents=0 created_leaves=0 deleted_leaves=0 mirror_mismatches=0
elapsed=8.632386e+02 cycle=1027 time=6.248438e+00 dt=4.687500e-03
CARTOON_AMR_TRANSACTION cycle=1028 requested_refine=0 requested_derefine_leaves=24 accepted_derefine_parents=0 created_leaves=0 deleted_leaves=0 mirror_mismatches=0
elapsed=8.640282e+02 cycle=1028 time=6.253125e+00 dt=4.687500e-03
CARTOON_AMR_TRANSACTION cycle=1029 requested_refine=0 requested_derefine_leaves=24 accepted_derefine_parents=0 created_leaves=0 deleted_leaves=0 mirror_mismatches=0
elapsed=8.648142e+02 cycle=1029 time=6.257813e+00 dt=4.687500e-03
CARTOON_AMR_TRANSACTION cycle=1030 requested_refine=0 requested_derefine_leaves=24 accepted_derefine_parents=0 created_leaves=0 deleted_leaves=0 mirror_mismatches=0
elapsed=8.655994e+02 cycle=1030 time=6.262500e+00 dt=4.687500e-03
CARTOON_AMR_TRANSACTION cycle=1031 requested_refine=0 requested_derefine_leaves=24 accepted_derefine_parents=0 created_leaves=0 deleted_leaves=0 mirror_mismatches=0
elapsed=8.663864e+02 cycle=1031 time=6.267188e+00 dt=4.687500e-03
CARTOON_AMR_TRANSACTION cycle=1032 requested_refine=0 requested_derefine_leaves=24 accepted_derefine_parents=0 created_leaves=0 deleted_leaves=0 mirror_mismatches=0
elapsed=8.671858e+02 cycle=1032 time=6.271875e+00 dt=4.687500e-03
CARTOON_AMR_TRANSACTION cycle=1033 requested_refine=0 requested_derefine_leaves=24 accepted_derefine_parents=0 created_leaves=0 deleted_leaves=0 mirror_mismatches=0
elapsed=8.679710e+02 cycle=1033 time=6.276563e+00 dt=4.687500e-03
CARTOON_AMR_TRANSACTION cycle=1034 requested_refine=0 requested_derefine_leaves=24 accepted_derefine_parents=0 created_leaves=0 deleted_leaves=0 mirror_mismatches=0
elapsed=8.687569e+02 cycle=1034 time=6.281250e+00 dt=4.687500e-03
CARTOON_AMR_TRANSACTION cycle=1035 requested_refine=0 requested_derefine_leaves=24 accepted_derefine_parents=0 created_leaves=0 deleted_leaves=0 mirror_mismatches=0
elapsed=8.695469e+02 cycle=1035 time=6.285938e+00 dt=4.687500e-03
CARTOON_AMR_TRANSACTION cycle=1036 requested_refine=0 requested_derefine_leaves=24 accepted_derefine_parents=0 created_leaves=0 deleted_leaves=0 mirror_mismatches=0
elapsed=8.703389e+02 cycle=1036 time=6.290625e+00 dt=4.687500e-03
CARTOON_AMR_TRANSACTION cycle=1037 requested_refine=0 requested_derefine_leaves=24 accepted_derefine_parents=0 created_leaves=0 deleted_leaves=0 mirror_mismatches=0
elapsed=8.711286e+02 cycle=1037 time=6.295313e+00 dt=4.687500e-03
CARTOON_AMR_TRANSACTION cycle=1038 requested_refine=0 requested_derefine_leaves=24 accepted_derefine_parents=0 created_leaves=0 deleted_leaves=0 mirror_mismatches=0
elapsed=8.719132e+02 cycle=1038 time=6.300000e+00 dt=4.687500e-03
CARTOON_AMR_TRANSACTION cycle=1039 requested_refine=0 requested_derefine_leaves=24 accepted_derefine_parents=0 created_leaves=0 deleted_leaves=0 mirror_mismatches=0
elapsed=8.727016e+02 cycle=1039 time=6.304688e+00 dt=4.687500e-03
CARTOON_AMR_TRANSACTION cycle=1040 requested_refine=0 requested_derefine_leaves=24 accepted_derefine_parents=0 created_leaves=0 deleted_leaves=0 mirror_mismatches=0
elapsed=8.734938e+02 cycle=1040 time=6.309375e+00 dt=4.687500e-03
CARTOON_AMR_TRANSACTION cycle=1041 requested_refine=0 requested_derefine_leaves=24 accepted_derefine_parents=0 created_leaves=0 deleted_leaves=0 mirror_mismatches=0
elapsed=8.742739e+02 cycle=1041 time=6.314063e+00 dt=4.687500e-03
CARTOON_AMR_TRANSACTION cycle=1042 requested_refine=0 requested_derefine_leaves=24 accepted_derefine_parents=0 created_leaves=0 deleted_leaves=0 mirror_mismatches=0
elapsed=8.750572e+02 cycle=1042 time=6.318750e+00 dt=4.687500e-03
CARTOON_AMR_TRANSACTION cycle=1043 requested_refine=0 requested_derefine_leaves=24 accepted_derefine_parents=0 created_leaves=0 deleted_leaves=0 mirror_mismatches=0
elapsed=8.758430e+02 cycle=1043 time=6.323438e+00 dt=4.687500e-03
CARTOON_AMR_TRANSACTION cycle=1044 requested_refine=0 requested_derefine_leaves=24 accepted_derefine_parents=0 created_leaves=0 deleted_leaves=0 mirror_mismatches=0
elapsed=8.766310e+02 cycle=1044 time=6.328125e+00 dt=4.687500e-03
CARTOON_AMR_TRANSACTION cycle=1045 requested_refine=0 requested_derefine_leaves=24 accepted_derefine_parents=0 created_leaves=0 deleted_leaves=0 mirror_mismatches=0
elapsed=8.774258e+02 cycle=1045 time=6.332813e+00 dt=4.687500e-03
CARTOON_AMR_TRANSACTION cycle=1046 requested_refine=0 requested_derefine_leaves=24 accepted_derefine_parents=0 created_leaves=0 deleted_leaves=0 mirror_mismatches=0
elapsed=8.782149e+02 cycle=1046 time=6.337500e+00 dt=4.687500e-03
CARTOON_AMR_TRANSACTION cycle=1047 requested_refine=0 requested_derefine_leaves=24 accepted_derefine_parents=0 created_leaves=0 deleted_leaves=0 mirror_mismatches=0
elapsed=8.790017e+02 cycle=1047 time=6.342188e+00 dt=4.687500e-03
CARTOON_AMR_TRANSACTION cycle=1048 requested_refine=0 requested_derefine_leaves=24 accepted_derefine_parents=0 created_leaves=0 deleted_leaves=0 mirror_mismatches=0
elapsed=8.797927e+02 cycle=1048 time=6.346875e+00 dt=4.687500e-03
CARTOON_AMR_TRANSACTION cycle=1049 requested_refine=0 requested_derefine_leaves=24 accepted_derefine_parents=0 created_leaves=0 deleted_leaves=0 mirror_mismatches=0
elapsed=8.805927e+02 cycle=1049 time=6.351563e+00 dt=4.687500e-03
CARTOON_AMR_TRANSACTION cycle=1050 requested_refine=0 requested_derefine_leaves=24 accepted_derefine_parents=0 created_leaves=0 deleted_leaves=0 mirror_mismatches=0
elapsed=8.813781e+02 cycle=1050 time=6.356250e+00 dt=4.687500e-03
CARTOON_AMR_TRANSACTION cycle=1051 requested_refine=0 requested_derefine_leaves=24 accepted_derefine_parents=0 created_leaves=0 deleted_leaves=0 mirror_mismatches=0
elapsed=8.821603e+02 cycle=1051 time=6.360938e+00 dt=4.687500e-03
CARTOON_AMR_TRANSACTION cycle=1052 requested_refine=0 requested_derefine_leaves=24 accepted_derefine_parents=0 created_leaves=0 deleted_leaves=0 mirror_mismatches=0
elapsed=8.829495e+02 cycle=1052 time=6.365625e+00 dt=4.687500e-03
CARTOON_AMR_TRANSACTION cycle=1053 requested_refine=0 requested_derefine_leaves=24 accepted_derefine_parents=0 created_leaves=0 deleted_leaves=0 mirror_mismatches=0
elapsed=8.837359e+02 cycle=1053 time=6.370313e+00 dt=4.687500e-03
CARTOON_AMR_TRANSACTION cycle=1054 requested_refine=0 requested_derefine_leaves=24 accepted_derefine_parents=0 created_leaves=0 deleted_leaves=0 mirror_mismatches=0
elapsed=8.845217e+02 cycle=1054 time=6.375000e+00 dt=4.687500e-03
CARTOON_AMR_TRANSACTION cycle=1055 requested_refine=0 requested_derefine_leaves=24 accepted_derefine_parents=0 created_leaves=0 deleted_leaves=0 mirror_mismatches=0
elapsed=8.853090e+02 cycle=1055 time=6.379688e+00 dt=4.687500e-03
CARTOON_AMR_TRANSACTION cycle=1056 requested_refine=0 requested_derefine_leaves=24 accepted_derefine_parents=0 created_leaves=0 deleted_leaves=0 mirror_mismatches=0
elapsed=8.860963e+02 cycle=1056 time=6.384375e+00 dt=4.687500e-03
CARTOON_AMR_TRANSACTION cycle=1057 requested_refine=0 requested_derefine_leaves=24 accepted_derefine_parents=0 created_leaves=0 deleted_leaves=0 mirror_mismatches=0
elapsed=8.868801e+02 cycle=1057 time=6.389063e+00 dt=4.687500e-03
CARTOON_AMR_TRANSACTION cycle=1058 requested_refine=0 requested_derefine_leaves=24 accepted_derefine_parents=0 created_leaves=0 deleted_leaves=0 mirror_mismatches=0
elapsed=8.876656e+02 cycle=1058 time=6.393750e+00 dt=4.687500e-03
CARTOON_AMR_TRANSACTION cycle=1059 requested_refine=0 requested_derefine_leaves=24 accepted_derefine_parents=0 created_leaves=0 deleted_leaves=0 mirror_mismatches=0
elapsed=8.884549e+02 cycle=1059 time=6.398438e+00 dt=4.687500e-03
CARTOON_AMR_TRANSACTION cycle=1060 requested_refine=0 requested_derefine_leaves=24 accepted_derefine_parents=0 created_leaves=0 deleted_leaves=0 mirror_mismatches=0
elapsed=8.892398e+02 cycle=1060 time=6.403125e+00 dt=4.687500e-03
CARTOON_AMR_TRANSACTION cycle=1061 requested_refine=0 requested_derefine_leaves=24 accepted_derefine_parents=0 created_leaves=0 deleted_leaves=0 mirror_mismatches=0
elapsed=8.900254e+02 cycle=1061 time=6.407813e+00 dt=4.687500e-03
CARTOON_AMR_TRANSACTION cycle=1062 requested_refine=0 requested_derefine_leaves=24 accepted_derefine_parents=0 created_leaves=0 deleted_leaves=0 mirror_mismatches=0
elapsed=8.908148e+02 cycle=1062 time=6.412500e+00 dt=4.687500e-03
CARTOON_AMR_TRANSACTION cycle=1063 requested_refine=0 requested_derefine_leaves=24 accepted_derefine_parents=0 created_leaves=0 deleted_leaves=0 mirror_mismatches=0
elapsed=8.916015e+02 cycle=1063 time=6.417188e+00 dt=4.687500e-03
CARTOON_AMR_TRANSACTION cycle=1064 requested_refine=0 requested_derefine_leaves=24 accepted_derefine_parents=0 created_leaves=0 deleted_leaves=0 mirror_mismatches=0
elapsed=8.923956e+02 cycle=1064 time=6.421875e+00 dt=4.687500e-03
CARTOON_AMR_TRANSACTION cycle=1065 requested_refine=0 requested_derefine_leaves=24 accepted_derefine_parents=0 created_leaves=0 deleted_leaves=0 mirror_mismatches=0
elapsed=8.931832e+02 cycle=1065 time=6.426563e+00 dt=4.687500e-03
CARTOON_AMR_TRANSACTION cycle=1066 requested_refine=0 requested_derefine_leaves=24 accepted_derefine_parents=0 created_leaves=0 deleted_leaves=0 mirror_mismatches=0
elapsed=8.939695e+02 cycle=1066 time=6.431250e+00 dt=4.687500e-03
CARTOON_AMR_TRANSACTION cycle=1067 requested_refine=0 requested_derefine_leaves=24 accepted_derefine_parents=0 created_leaves=0 deleted_leaves=0 mirror_mismatches=0
elapsed=8.947588e+02 cycle=1067 time=6.435938e+00 dt=4.687500e-03
CARTOON_AMR_TRANSACTION cycle=1068 requested_refine=0 requested_derefine_leaves=24 accepted_derefine_parents=0 created_leaves=0 deleted_leaves=0 mirror_mismatches=0
elapsed=8.955453e+02 cycle=1068 time=6.440625e+00 dt=4.687500e-03
CARTOON_AMR_TRANSACTION cycle=1069 requested_refine=0 requested_derefine_leaves=24 accepted_derefine_parents=0 created_leaves=0 deleted_leaves=0 mirror_mismatches=0
elapsed=8.963358e+02 cycle=1069 time=6.445313e+00 dt=4.687500e-03
CARTOON_AMR_TRANSACTION cycle=1070 requested_refine=0 requested_derefine_leaves=24 accepted_derefine_parents=0 created_leaves=0 deleted_leaves=0 mirror_mismatches=0
elapsed=8.971275e+02 cycle=1070 time=6.450000e+00 dt=4.687500e-03
CARTOON_AMR_TRANSACTION cycle=1071 requested_refine=0 requested_derefine_leaves=24 accepted_derefine_parents=0 created_leaves=0 deleted_leaves=0 mirror_mismatches=0
elapsed=8.979161e+02 cycle=1071 time=6.454688e+00 dt=4.687500e-03
CARTOON_AMR_TRANSACTION cycle=1072 requested_refine=0 requested_derefine_leaves=24 accepted_derefine_parents=0 created_leaves=0 deleted_leaves=0 mirror_mismatches=0
elapsed=8.987054e+02 cycle=1072 time=6.459375e+00 dt=4.687500e-03
CARTOON_AMR_TRANSACTION cycle=1073 requested_refine=0 requested_derefine_leaves=24 accepted_derefine_parents=0 created_leaves=0 deleted_leaves=0 mirror_mismatches=0
elapsed=8.994927e+02 cycle=1073 time=6.464063e+00 dt=4.687500e-03
CARTOON_AMR_TRANSACTION cycle=1074 requested_refine=0 requested_derefine_leaves=24 accepted_derefine_parents=0 created_leaves=0 deleted_leaves=0 mirror_mismatches=0
elapsed=9.002735e+02 cycle=1074 time=6.468750e+00 dt=4.687500e-03
CARTOON_AMR_TRANSACTION cycle=1075 requested_refine=0 requested_derefine_leaves=24 accepted_derefine_parents=0 created_leaves=0 deleted_leaves=0 mirror_mismatches=0
elapsed=9.010594e+02 cycle=1075 time=6.473438e+00 dt=4.687500e-03
CARTOON_AMR_TRANSACTION cycle=1076 requested_refine=0 requested_derefine_leaves=24 accepted_derefine_parents=0 created_leaves=0 deleted_leaves=0 mirror_mismatches=0
elapsed=9.018460e+02 cycle=1076 time=6.478125e+00 dt=4.687500e-03
CARTOON_AMR_TRANSACTION cycle=1077 requested_refine=0 requested_derefine_leaves=24 accepted_derefine_parents=0 created_leaves=0 deleted_leaves=0 mirror_mismatches=0
elapsed=9.026360e+02 cycle=1077 time=6.482813e+00 dt=4.687500e-03
CARTOON_AMR_TRANSACTION cycle=1078 requested_refine=0 requested_derefine_leaves=24 accepted_derefine_parents=0 created_leaves=0 deleted_leaves=0 mirror_mismatches=0
elapsed=9.034252e+02 cycle=1078 time=6.487500e+00 dt=4.687500e-03
CARTOON_AMR_TRANSACTION cycle=1079 requested_refine=0 requested_derefine_leaves=24 accepted_derefine_parents=0 created_leaves=0 deleted_leaves=0 mirror_mismatches=0
elapsed=9.042148e+02 cycle=1079 time=6.492188e+00 dt=4.687500e-03
CARTOON_AMR_TRANSACTION cycle=1080 requested_refine=0 requested_derefine_leaves=24 accepted_derefine_parents=0 created_leaves=0 deleted_leaves=0 mirror_mismatches=0
elapsed=9.050085e+02 cycle=1080 time=6.496875e+00 dt=4.687500e-03
CARTOON_AMR_TRANSACTION cycle=1081 requested_refine=0 requested_derefine_leaves=24 accepted_derefine_parents=0 created_leaves=0 deleted_leaves=0 mirror_mismatches=0
elapsed=9.057894e+02 cycle=1081 time=6.501563e+00 dt=4.687500e-03
CARTOON_AMR_TRANSACTION cycle=1082 requested_refine=0 requested_derefine_leaves=24 accepted_derefine_parents=0 created_leaves=0 deleted_leaves=0 mirror_mismatches=0
elapsed=9.065716e+02 cycle=1082 time=6.506250e+00 dt=4.687500e-03
CARTOON_AMR_TRANSACTION cycle=1083 requested_refine=0 requested_derefine_leaves=24 accepted_derefine_parents=0 created_leaves=0 deleted_leaves=0 mirror_mismatches=0
elapsed=9.073583e+02 cycle=1083 time=6.510938e+00 dt=4.687500e-03
CARTOON_AMR_TRANSACTION cycle=1084 requested_refine=0 requested_derefine_leaves=24 accepted_derefine_parents=0 created_leaves=0 deleted_leaves=0 mirror_mismatches=0
elapsed=9.081454e+02 cycle=1084 time=6.515625e+00 dt=4.687500e-03
CARTOON_AMR_TRANSACTION cycle=1085 requested_refine=0 requested_derefine_leaves=24 accepted_derefine_parents=0 created_leaves=0 deleted_leaves=0 mirror_mismatches=0
elapsed=9.089351e+02 cycle=1085 time=6.520313e+00 dt=4.687500e-03
CARTOON_AMR_TRANSACTION cycle=1086 requested_refine=0 requested_derefine_leaves=24 accepted_derefine_parents=0 created_leaves=0 deleted_leaves=0 mirror_mismatches=0
elapsed=9.097190e+02 cycle=1086 time=6.525000e+00 dt=4.687500e-03
CARTOON_AMR_TRANSACTION cycle=1087 requested_refine=0 requested_derefine_leaves=24 accepted_derefine_parents=0 created_leaves=0 deleted_leaves=0 mirror_mismatches=0
elapsed=9.105111e+02 cycle=1087 time=6.529688e+00 dt=4.687500e-03
CARTOON_AMR_TRANSACTION cycle=1088 requested_refine=0 requested_derefine_leaves=24 accepted_derefine_parents=0 created_leaves=0 deleted_leaves=0 mirror_mismatches=0
elapsed=9.113704e+02 cycle=1088 time=6.534375e+00 dt=4.687500e-03
CARTOON_AMR_TRANSACTION cycle=1089 requested_refine=0 requested_derefine_leaves=24 accepted_derefine_parents=0 created_leaves=0 deleted_leaves=0 mirror_mismatches=0
elapsed=9.121580e+02 cycle=1089 time=6.539063e+00 dt=4.687500e-03
CARTOON_AMR_TRANSACTION cycle=1090 requested_refine=0 requested_derefine_leaves=24 accepted_derefine_parents=0 created_leaves=0 deleted_leaves=0 mirror_mismatches=0
elapsed=9.129413e+02 cycle=1090 time=6.543750e+00 dt=4.687500e-03
CARTOON_AMR_TRANSACTION cycle=1091 requested_refine=0 requested_derefine_leaves=24 accepted_derefine_parents=0 created_leaves=0 deleted_leaves=0 mirror_mismatches=0
elapsed=9.137224e+02 cycle=1091 time=6.548438e+00 dt=4.687500e-03
CARTOON_AMR_TRANSACTION cycle=1092 requested_refine=0 requested_derefine_leaves=22 accepted_derefine_parents=0 created_leaves=0 deleted_leaves=0 mirror_mismatches=0
elapsed=9.145080e+02 cycle=1092 time=6.553125e+00 dt=4.687500e-03
CARTOON_AMR_TRANSACTION cycle=1093 requested_refine=0 requested_derefine_leaves=22 accepted_derefine_parents=0 created_leaves=0 deleted_leaves=0 mirror_mismatches=0
elapsed=9.152955e+02 cycle=1093 time=6.557813e+00 dt=4.687500e-03
CARTOON_AMR_TRANSACTION cycle=1094 requested_refine=0 requested_derefine_leaves=22 accepted_derefine_parents=0 created_leaves=0 deleted_leaves=0 mirror_mismatches=0
elapsed=9.160796e+02 cycle=1094 time=6.562500e+00 dt=4.687500e-03
CARTOON_AMR_TRANSACTION cycle=1095 requested_refine=0 requested_derefine_leaves=22 accepted_derefine_parents=0 created_leaves=0 deleted_leaves=0 mirror_mismatches=0
elapsed=9.168666e+02 cycle=1095 time=6.567188e+00 dt=4.687500e-03
CARTOON_AMR_TRANSACTION cycle=1096 requested_refine=0 requested_derefine_leaves=22 accepted_derefine_parents=0 created_leaves=0 deleted_leaves=0 mirror_mismatches=0
elapsed=9.176572e+02 cycle=1096 time=6.571875e+00 dt=4.687500e-03
CARTOON_AMR_TRANSACTION cycle=1097 requested_refine=0 requested_derefine_leaves=22 accepted_derefine_parents=0 created_leaves=0 deleted_leaves=0 mirror_mismatches=0
elapsed=9.184430e+02 cycle=1097 time=6.576563e+00 dt=4.687500e-03
CARTOON_AMR_TRANSACTION cycle=1098 requested_refine=0 requested_derefine_leaves=22 accepted_derefine_parents=0 created_leaves=0 deleted_leaves=0 mirror_mismatches=0
elapsed=9.192344e+02 cycle=1098 time=6.581250e+00 dt=4.687500e-03
CARTOON_AMR_TRANSACTION cycle=1099 requested_refine=0 requested_derefine_leaves=22 accepted_derefine_parents=0 created_leaves=0 deleted_leaves=0 mirror_mismatches=0
elapsed=9.200165e+02 cycle=1099 time=6.585938e+00 dt=4.687500e-03
CARTOON_AMR_TRANSACTION cycle=1100 requested_refine=0 requested_derefine_leaves=22 accepted_derefine_parents=0 created_leaves=0 deleted_leaves=0 mirror_mismatches=0
elapsed=9.208111e+02 cycle=1100 time=6.590625e+00 dt=4.687500e-03
CARTOON_AMR_TRANSACTION cycle=1101 requested_refine=0 requested_derefine_leaves=22 accepted_derefine_parents=0 created_leaves=0 deleted_leaves=0 mirror_mismatches=0
elapsed=9.215984e+02 cycle=1101 time=6.595313e+00 dt=4.687500e-03
CARTOON_AMR_TRANSACTION cycle=1102 requested_refine=0 requested_derefine_leaves=22 accepted_derefine_parents=0 created_leaves=0 deleted_leaves=0 mirror_mismatches=0
elapsed=9.223871e+02 cycle=1102 time=6.600000e+00 dt=4.687500e-03
CARTOON_AMR_TRANSACTION cycle=1103 requested_refine=0 requested_derefine_leaves=22 accepted_derefine_parents=0 created_leaves=0 deleted_leaves=0 mirror_mismatches=0
elapsed=9.231778e+02 cycle=1103 time=6.604688e+00 dt=4.687500e-03
CARTOON_AMR_TRANSACTION cycle=1104 requested_refine=0 requested_derefine_leaves=22 accepted_derefine_parents=0 created_leaves=0 deleted_leaves=0 mirror_mismatches=0
elapsed=9.239750e+02 cycle=1104 time=6.609375e+00 dt=4.687500e-03
CARTOON_AMR_TRANSACTION cycle=1105 requested_refine=0 requested_derefine_leaves=22 accepted_derefine_parents=0 created_leaves=0 deleted_leaves=0 mirror_mismatches=0
elapsed=9.247639e+02 cycle=1105 time=6.614063e+00 dt=4.687500e-03
CARTOON_AMR_TRANSACTION cycle=1106 requested_refine=0 requested_derefine_leaves=22 accepted_derefine_parents=0 created_leaves=0 deleted_leaves=0 mirror_mismatches=0
elapsed=9.255468e+02 cycle=1106 time=6.618750e+00 dt=4.687500e-03
CARTOON_AMR_TRANSACTION cycle=1107 requested_refine=0 requested_derefine_leaves=22 accepted_derefine_parents=0 created_leaves=0 deleted_leaves=0 mirror_mismatches=0
elapsed=9.263286e+02 cycle=1107 time=6.623438e+00 dt=4.687500e-03
CARTOON_AMR_TRANSACTION cycle=1108 requested_refine=0 requested_derefine_leaves=22 accepted_derefine_parents=0 created_leaves=0 deleted_leaves=0 mirror_mismatches=0
elapsed=9.271154e+02 cycle=1108 time=6.628125e+00 dt=4.687500e-03
CARTOON_AMR_TRANSACTION cycle=1109 requested_refine=0 requested_derefine_leaves=22 accepted_derefine_parents=0 created_leaves=0 deleted_leaves=0 mirror_mismatches=0
elapsed=9.279074e+02 cycle=1109 time=6.632813e+00 dt=4.687500e-03
CARTOON_AMR_TRANSACTION cycle=1110 requested_refine=0 requested_derefine_leaves=22 accepted_derefine_parents=0 created_leaves=0 deleted_leaves=0 mirror_mismatches=0
elapsed=9.286953e+02 cycle=1110 time=6.637500e+00 dt=4.687500e-03
CARTOON_AMR_TRANSACTION cycle=1111 requested_refine=0 requested_derefine_leaves=22 accepted_derefine_parents=0 created_leaves=0 deleted_leaves=0 mirror_mismatches=0
elapsed=9.294811e+02 cycle=1111 time=6.642188e+00 dt=4.687500e-03
CARTOON_AMR_TRANSACTION cycle=1112 requested_refine=0 requested_derefine_leaves=22 accepted_derefine_parents=0 created_leaves=0 deleted_leaves=0 mirror_mismatches=0
elapsed=9.302672e+02 cycle=1112 time=6.646875e+00 dt=4.687500e-03
CARTOON_AMR_TRANSACTION cycle=1113 requested_refine=0 requested_derefine_leaves=22 accepted_derefine_parents=0 created_leaves=0 deleted_leaves=0 mirror_mismatches=0
elapsed=9.310497e+02 cycle=1113 time=6.651563e+00 dt=4.687500e-03
CARTOON_AMR_TRANSACTION cycle=1114 requested_refine=0 requested_derefine_leaves=22 accepted_derefine_parents=0 created_leaves=0 deleted_leaves=0 mirror_mismatches=0
elapsed=9.318415e+02 cycle=1114 time=6.656250e+00 dt=4.687500e-03
CARTOON_AMR_TRANSACTION cycle=1115 requested_refine=0 requested_derefine_leaves=22 accepted_derefine_parents=0 created_leaves=0 deleted_leaves=0 mirror_mismatches=0
elapsed=9.326287e+02 cycle=1115 time=6.660938e+00 dt=4.687500e-03
CARTOON_AMR_TRANSACTION cycle=1116 requested_refine=0 requested_derefine_leaves=22 accepted_derefine_parents=0 created_leaves=0 deleted_leaves=0 mirror_mismatches=0
elapsed=9.334134e+02 cycle=1116 time=6.665625e+00 dt=4.687500e-03
CARTOON_AMR_TRANSACTION cycle=1117 requested_refine=0 requested_derefine_leaves=22 accepted_derefine_parents=0 created_leaves=0 deleted_leaves=0 mirror_mismatches=0
elapsed=9.342026e+02 cycle=1117 time=6.670313e+00 dt=4.687500e-03
CARTOON_AMR_TRANSACTION cycle=1118 requested_refine=0 requested_derefine_leaves=22 accepted_derefine_parents=0 created_leaves=0 deleted_leaves=0 mirror_mismatches=0
elapsed=9.349968e+02 cycle=1118 time=6.675000e+00 dt=4.687500e-03
CARTOON_AMR_TRANSACTION cycle=1119 requested_refine=0 requested_derefine_leaves=22 accepted_derefine_parents=0 created_leaves=0 deleted_leaves=0 mirror_mismatches=0
elapsed=9.357805e+02 cycle=1119 time=6.679688e+00 dt=4.687500e-03
CARTOON_AMR_TRANSACTION cycle=1120 requested_refine=0 requested_derefine_leaves=22 accepted_derefine_parents=0 created_leaves=0 deleted_leaves=0 mirror_mismatches=0
elapsed=9.365693e+02 cycle=1120 time=6.684375e+00 dt=4.687500e-03
CARTOON_AMR_TRANSACTION cycle=1121 requested_refine=0 requested_derefine_leaves=22 accepted_derefine_parents=0 created_leaves=0 deleted_leaves=0 mirror_mismatches=0
elapsed=9.373503e+02 cycle=1121 time=6.689063e+00 dt=4.687500e-03
CARTOON_AMR_TRANSACTION cycle=1122 requested_refine=0 requested_derefine_leaves=22 accepted_derefine_parents=0 created_leaves=0 deleted_leaves=0 mirror_mismatches=0
elapsed=9.381322e+02 cycle=1122 time=6.693750e+00 dt=4.687500e-03
CARTOON_AMR_TRANSACTION cycle=1123 requested_refine=0 requested_derefine_leaves=22 accepted_derefine_parents=0 created_leaves=0 deleted_leaves=0 mirror_mismatches=0
elapsed=9.389159e+02 cycle=1123 time=6.698438e+00 dt=4.687500e-03
CARTOON_AMR_TRANSACTION cycle=1124 requested_refine=0 requested_derefine_leaves=22 accepted_derefine_parents=0 created_leaves=0 deleted_leaves=0 mirror_mismatches=0
elapsed=9.397039e+02 cycle=1124 time=6.703125e+00 dt=4.687500e-03
CARTOON_AMR_TRANSACTION cycle=1125 requested_refine=0 requested_derefine_leaves=22 accepted_derefine_parents=0 created_leaves=0 deleted_leaves=0 mirror_mismatches=0
elapsed=9.404903e+02 cycle=1125 time=6.707813e+00 dt=4.687500e-03
CARTOON_AMR_TRANSACTION cycle=1126 requested_refine=0 requested_derefine_leaves=22 accepted_derefine_parents=0 created_leaves=0 deleted_leaves=0 mirror_mismatches=0
elapsed=9.412784e+02 cycle=1126 time=6.712500e+00 dt=4.687500e-03
CARTOON_AMR_TRANSACTION cycle=1127 requested_refine=0 requested_derefine_leaves=22 accepted_derefine_parents=0 created_leaves=0 deleted_leaves=0 mirror_mismatches=0
elapsed=9.420660e+02 cycle=1127 time=6.717188e+00 dt=4.687500e-03
CARTOON_AMR_TRANSACTION cycle=1128 requested_refine=0 requested_derefine_leaves=22 accepted_derefine_parents=0 created_leaves=0 deleted_leaves=0 mirror_mismatches=0
elapsed=9.428564e+02 cycle=1128 time=6.721875e+00 dt=4.687500e-03
CARTOON_AMR_TRANSACTION cycle=1129 requested_refine=0 requested_derefine_leaves=22 accepted_derefine_parents=0 created_leaves=0 deleted_leaves=0 mirror_mismatches=0
elapsed=9.436404e+02 cycle=1129 time=6.726563e+00 dt=4.687500e-03
CARTOON_AMR_TRANSACTION cycle=1130 requested_refine=0 requested_derefine_leaves=22 accepted_derefine_parents=0 created_leaves=0 deleted_leaves=0 mirror_mismatches=0
elapsed=9.444198e+02 cycle=1130 time=6.731250e+00 dt=4.687500e-03
CARTOON_AMR_TRANSACTION cycle=1131 requested_refine=0 requested_derefine_leaves=22 accepted_derefine_parents=0 created_leaves=0 deleted_leaves=0 mirror_mismatches=0
elapsed=9.452034e+02 cycle=1131 time=6.735938e+00 dt=4.687500e-03
CARTOON_AMR_TRANSACTION cycle=1132 requested_refine=0 requested_derefine_leaves=22 accepted_derefine_parents=0 created_leaves=0 deleted_leaves=0 mirror_mismatches=0
elapsed=9.459903e+02 cycle=1132 time=6.740625e+00 dt=4.687500e-03
CARTOON_AMR_TRANSACTION cycle=1133 requested_refine=0 requested_derefine_leaves=22 accepted_derefine_parents=0 created_leaves=0 deleted_leaves=0 mirror_mismatches=0
elapsed=9.467751e+02 cycle=1133 time=6.745313e+00 dt=4.687500e-03
CARTOON_AMR_TRANSACTION cycle=1134 requested_refine=0 requested_derefine_leaves=22 accepted_derefine_parents=0 created_leaves=0 deleted_leaves=0 mirror_mismatches=0
elapsed=9.475630e+02 cycle=1134 time=6.750000e+00 dt=4.687500e-03
CARTOON_AMR_TRANSACTION cycle=1135 requested_refine=0 requested_derefine_leaves=22 accepted_derefine_parents=0 created_leaves=0 deleted_leaves=0 mirror_mismatches=0
elapsed=9.483497e+02 cycle=1135 time=6.754688e+00 dt=4.687500e-03
CARTOON_AMR_TRANSACTION cycle=1136 requested_refine=0 requested_derefine_leaves=22 accepted_derefine_parents=0 created_leaves=0 deleted_leaves=0 mirror_mismatches=0
elapsed=9.491497e+02 cycle=1136 time=6.759375e+00 dt=4.687500e-03
CARTOON_AMR_TRANSACTION cycle=1137 requested_refine=0 requested_derefine_leaves=22 accepted_derefine_parents=0 created_leaves=0 deleted_leaves=0 mirror_mismatches=0
elapsed=9.499344e+02 cycle=1137 time=6.764063e+00 dt=4.687500e-03
CARTOON_AMR_TRANSACTION cycle=1138 requested_refine=0 requested_derefine_leaves=22 accepted_derefine_parents=0 created_leaves=0 deleted_leaves=0 mirror_mismatches=0
elapsed=9.507176e+02 cycle=1138 time=6.768750e+00 dt=4.687500e-03
CARTOON_AMR_TRANSACTION cycle=1139 requested_refine=0 requested_derefine_leaves=22 accepted_derefine_parents=0 created_leaves=0 deleted_leaves=0 mirror_mismatches=0
elapsed=9.515020e+02 cycle=1139 time=6.773438e+00 dt=4.687500e-03
CARTOON_AMR_TRANSACTION cycle=1140 requested_refine=0 requested_derefine_leaves=22 accepted_derefine_parents=0 created_leaves=0 deleted_leaves=0 mirror_mismatches=0
elapsed=9.522927e+02 cycle=1140 time=6.778125e+00 dt=4.687500e-03
CARTOON_AMR_TRANSACTION cycle=1141 requested_refine=0 requested_derefine_leaves=22 accepted_derefine_parents=0 created_leaves=0 deleted_leaves=0 mirror_mismatches=0
elapsed=9.530874e+02 cycle=1141 time=6.782813e+00 dt=4.687500e-03
CARTOON_AMR_TRANSACTION cycle=1142 requested_refine=0 requested_derefine_leaves=22 accepted_derefine_parents=0 created_leaves=0 deleted_leaves=0 mirror_mismatches=0
elapsed=9.538763e+02 cycle=1142 time=6.787500e+00 dt=4.687500e-03
CARTOON_AMR_TRANSACTION cycle=1143 requested_refine=0 requested_derefine_leaves=22 accepted_derefine_parents=0 created_leaves=0 deleted_leaves=0 mirror_mismatches=0
elapsed=9.546653e+02 cycle=1143 time=6.792188e+00 dt=4.687500e-03
CARTOON_AMR_TRANSACTION cycle=1144 requested_refine=0 requested_derefine_leaves=22 accepted_derefine_parents=0 created_leaves=0 deleted_leaves=0 mirror_mismatches=0
elapsed=9.554538e+02 cycle=1144 time=6.796875e+00 dt=4.687500e-03
CARTOON_AMR_TRANSACTION cycle=1145 requested_refine=0 requested_derefine_leaves=22 accepted_derefine_parents=0 created_leaves=0 deleted_leaves=0 mirror_mismatches=0
elapsed=9.562382e+02 cycle=1145 time=6.801563e+00 dt=4.687500e-03
CARTOON_AMR_TRANSACTION cycle=1146 requested_refine=0 requested_derefine_leaves=22 accepted_derefine_parents=0 created_leaves=0 deleted_leaves=0 mirror_mismatches=0
elapsed=9.570213e+02 cycle=1146 time=6.806250e+00 dt=4.687500e-03
CARTOON_AMR_TRANSACTION cycle=1147 requested_refine=0 requested_derefine_leaves=22 accepted_derefine_parents=0 created_leaves=0 deleted_leaves=0 mirror_mismatches=0
elapsed=9.578127e+02 cycle=1147 time=6.810938e+00 dt=4.687500e-03
CARTOON_AMR_TRANSACTION cycle=1148 requested_refine=0 requested_derefine_leaves=22 accepted_derefine_parents=0 created_leaves=0 deleted_leaves=0 mirror_mismatches=0
elapsed=9.585993e+02 cycle=1148 time=6.815625e+00 dt=4.687500e-03
CARTOON_AMR_TRANSACTION cycle=1149 requested_refine=0 requested_derefine_leaves=22 accepted_derefine_parents=0 created_leaves=0 deleted_leaves=0 mirror_mismatches=0
elapsed=9.593907e+02 cycle=1149 time=6.820313e+00 dt=4.687500e-03
CARTOON_AMR_TRANSACTION cycle=1150 requested_refine=0 requested_derefine_leaves=22 accepted_derefine_parents=0 created_leaves=0 deleted_leaves=0 mirror_mismatches=0
elapsed=9.601752e+02 cycle=1150 time=6.825000e+00 dt=4.687500e-03
CARTOON_AMR_TRANSACTION cycle=1151 requested_refine=0 requested_derefine_leaves=22 accepted_derefine_parents=0 created_leaves=0 deleted_leaves=0 mirror_mismatches=0
elapsed=9.609627e+02 cycle=1151 time=6.829688e+00 dt=4.687500e-03
CARTOON_AMR_TRANSACTION cycle=1152 requested_refine=0 requested_derefine_leaves=22 accepted_derefine_parents=0 created_leaves=0 deleted_leaves=0 mirror_mismatches=0
elapsed=9.618602e+02 cycle=1152 time=6.834375e+00 dt=4.687500e-03
CARTOON_AMR_TRANSACTION cycle=1153 requested_refine=0 requested_derefine_leaves=22 accepted_derefine_parents=0 created_leaves=0 deleted_leaves=0 mirror_mismatches=0
elapsed=9.626454e+02 cycle=1153 time=6.839063e+00 dt=4.687500e-03
CARTOON_AMR_TRANSACTION cycle=1154 requested_refine=0 requested_derefine_leaves=22 accepted_derefine_parents=0 created_leaves=0 deleted_leaves=0 mirror_mismatches=0
elapsed=9.634310e+02 cycle=1154 time=6.843750e+00 dt=4.687500e-03
CARTOON_AMR_TRANSACTION cycle=1155 requested_refine=0 requested_derefine_leaves=22 accepted_derefine_parents=0 created_leaves=0 deleted_leaves=0 mirror_mismatches=0
elapsed=9.642143e+02 cycle=1155 time=6.848438e+00 dt=4.687500e-03
CARTOON_AMR_TRANSACTION cycle=1156 requested_refine=0 requested_derefine_leaves=22 accepted_derefine_parents=0 created_leaves=0 deleted_leaves=0 mirror_mismatches=0
elapsed=9.650005e+02 cycle=1156 time=6.853125e+00 dt=4.687500e-03
CARTOON_AMR_TRANSACTION cycle=1157 requested_refine=0 requested_derefine_leaves=22 accepted_derefine_parents=0 created_leaves=0 deleted_leaves=0 mirror_mismatches=0
elapsed=9.657864e+02 cycle=1157 time=6.857813e+00 dt=4.687500e-03
CARTOON_AMR_TRANSACTION cycle=1158 requested_refine=0 requested_derefine_leaves=22 accepted_derefine_parents=0 created_leaves=0 deleted_leaves=0 mirror_mismatches=0
elapsed=9.665737e+02 cycle=1158 time=6.862500e+00 dt=4.687500e-03
CARTOON_AMR_TRANSACTION cycle=1159 requested_refine=0 requested_derefine_leaves=22 accepted_derefine_parents=0 created_leaves=0 deleted_leaves=0 mirror_mismatches=0
elapsed=9.673569e+02 cycle=1159 time=6.867188e+00 dt=4.687500e-03
CARTOON_AMR_TRANSACTION cycle=1160 requested_refine=0 requested_derefine_leaves=22 accepted_derefine_parents=0 created_leaves=0 deleted_leaves=0 mirror_mismatches=0
elapsed=9.681486e+02 cycle=1160 time=6.871875e+00 dt=4.687500e-03
CARTOON_AMR_TRANSACTION cycle=1161 requested_refine=0 requested_derefine_leaves=22 accepted_derefine_parents=0 created_leaves=0 deleted_leaves=0 mirror_mismatches=0
elapsed=9.689366e+02 cycle=1161 time=6.876563e+00 dt=4.687500e-03
CARTOON_AMR_TRANSACTION cycle=1162 requested_refine=0 requested_derefine_leaves=22 accepted_derefine_parents=0 created_leaves=0 deleted_leaves=0 mirror_mismatches=0
elapsed=9.697205e+02 cycle=1162 time=6.881250e+00 dt=4.687500e-03
CARTOON_AMR_TRANSACTION cycle=1163 requested_refine=0 requested_derefine_leaves=22 accepted_derefine_parents=0 created_leaves=0 deleted_leaves=0 mirror_mismatches=0
elapsed=9.705117e+02 cycle=1163 time=6.885938e+00 dt=4.687500e-03
CARTOON_AMR_TRANSACTION cycle=1164 requested_refine=0 requested_derefine_leaves=22 accepted_derefine_parents=0 created_leaves=0 deleted_leaves=0 mirror_mismatches=0
elapsed=9.713042e+02 cycle=1164 time=6.890625e+00 dt=4.687500e-03
CARTOON_AMR_TRANSACTION cycle=1165 requested_refine=0 requested_derefine_leaves=22 accepted_derefine_parents=0 created_leaves=0 deleted_leaves=0 mirror_mismatches=0
elapsed=9.720999e+02 cycle=1165 time=6.895313e+00 dt=4.687500e-03
CARTOON_AMR_TRANSACTION cycle=1166 requested_refine=0 requested_derefine_leaves=22 accepted_derefine_parents=0 created_leaves=0 deleted_leaves=0 mirror_mismatches=0
elapsed=9.728884e+02 cycle=1166 time=6.900000e+00 dt=4.687500e-03
CARTOON_AMR_TRANSACTION cycle=1167 requested_refine=0 requested_derefine_leaves=22 accepted_derefine_parents=0 created_leaves=0 deleted_leaves=0 mirror_mismatches=0
elapsed=9.736746e+02 cycle=1167 time=6.904688e+00 dt=4.687500e-03
CARTOON_AMR_TRANSACTION cycle=1168 requested_refine=0 requested_derefine_leaves=22 accepted_derefine_parents=0 created_leaves=0 deleted_leaves=0 mirror_mismatches=0
elapsed=9.744639e+02 cycle=1168 time=6.909375e+00 dt=4.687500e-03
CARTOON_AMR_TRANSACTION cycle=1169 requested_refine=0 requested_derefine_leaves=22 accepted_derefine_parents=0 created_leaves=0 deleted_leaves=0 mirror_mismatches=0
elapsed=9.752481e+02 cycle=1169 time=6.914063e+00 dt=4.687500e-03
CARTOON_AMR_TRANSACTION cycle=1170 requested_refine=0 requested_derefine_leaves=22 accepted_derefine_parents=0 created_leaves=0 deleted_leaves=0 mirror_mismatches=0
elapsed=9.760319e+02 cycle=1170 time=6.918750e+00 dt=4.687500e-03
CARTOON_AMR_TRANSACTION cycle=1171 requested_refine=0 requested_derefine_leaves=22 accepted_derefine_parents=0 created_leaves=0 deleted_leaves=0 mirror_mismatches=0
elapsed=9.768177e+02 cycle=1171 time=6.923438e+00 dt=4.687500e-03
CARTOON_AMR_TRANSACTION cycle=1172 requested_refine=0 requested_derefine_leaves=22 accepted_derefine_parents=0 created_leaves=0 deleted_leaves=0 mirror_mismatches=0
elapsed=9.776060e+02 cycle=1172 time=6.928125e+00 dt=4.687500e-03
CARTOON_AMR_TRANSACTION cycle=1173 requested_refine=0 requested_derefine_leaves=22 accepted_derefine_parents=0 created_leaves=0 deleted_leaves=0 mirror_mismatches=0
elapsed=9.783976e+02 cycle=1173 time=6.932813e+00 dt=4.687500e-03
CARTOON_AMR_TRANSACTION cycle=1174 requested_refine=0 requested_derefine_leaves=22 accepted_derefine_parents=0 created_leaves=0 deleted_leaves=0 mirror_mismatches=0
elapsed=9.791809e+02 cycle=1174 time=6.937500e+00 dt=4.687500e-03
CARTOON_AMR_TRANSACTION cycle=1175 requested_refine=0 requested_derefine_leaves=22 accepted_derefine_parents=0 created_leaves=0 deleted_leaves=0 mirror_mismatches=0
elapsed=9.799702e+02 cycle=1175 time=6.942188e+00 dt=4.687500e-03
CARTOON_AMR_TRANSACTION cycle=1176 requested_refine=0 requested_derefine_leaves=22 accepted_derefine_parents=0 created_leaves=0 deleted_leaves=0 mirror_mismatches=0
elapsed=9.807636e+02 cycle=1176 time=6.946875e+00 dt=4.687500e-03
CARTOON_AMR_TRANSACTION cycle=1177 requested_refine=0 requested_derefine_leaves=22 accepted_derefine_parents=0 created_leaves=0 deleted_leaves=0 mirror_mismatches=0
elapsed=9.815515e+02 cycle=1177 time=6.951563e+00 dt=4.687500e-03
CARTOON_AMR_TRANSACTION cycle=1178 requested_refine=0 requested_derefine_leaves=22 accepted_derefine_parents=0 created_leaves=0 deleted_leaves=0 mirror_mismatches=0
elapsed=9.823386e+02 cycle=1178 time=6.956250e+00 dt=4.687500e-03
CARTOON_AMR_TRANSACTION cycle=1179 requested_refine=0 requested_derefine_leaves=24 accepted_derefine_parents=2 created_leaves=0 deleted_leaves=6 mirror_mismatches=0
elapsed=9.831301e+02 cycle=1179 time=6.960938e+00 dt=4.687500e-03
CARTOON_AMR_TRANSACTION cycle=1180 requested_refine=0 requested_derefine_leaves=16 accepted_derefine_parents=0 created_leaves=0 deleted_leaves=0 mirror_mismatches=0
elapsed=9.839183e+02 cycle=1180 time=6.965625e+00 dt=4.687500e-03
CARTOON_AMR_TRANSACTION cycle=1181 requested_refine=0 requested_derefine_leaves=16 accepted_derefine_parents=0 created_leaves=0 deleted_leaves=0 mirror_mismatches=0
elapsed=9.847087e+02 cycle=1181 time=6.970313e+00 dt=4.687500e-03
CARTOON_AMR_TRANSACTION cycle=1182 requested_refine=0 requested_derefine_leaves=16 accepted_derefine_parents=0 created_leaves=0 deleted_leaves=0 mirror_mismatches=0
elapsed=9.854908e+02 cycle=1182 time=6.975000e+00 dt=4.687500e-03
CARTOON_AMR_TRANSACTION cycle=1183 requested_refine=0 requested_derefine_leaves=16 accepted_derefine_parents=0 created_leaves=0 deleted_leaves=0 mirror_mismatches=0
elapsed=9.862730e+02 cycle=1183 time=6.979688e+00 dt=4.687500e-03
CARTOON_AMR_TRANSACTION cycle=1184 requested_refine=0 requested_derefine_leaves=16 accepted_derefine_parents=0 created_leaves=0 deleted_leaves=0 mirror_mismatches=0
elapsed=9.870559e+02 cycle=1184 time=6.984375e+00 dt=4.687500e-03
CARTOON_AMR_TRANSACTION cycle=1185 requested_refine=0 requested_derefine_leaves=16 accepted_derefine_parents=0 created_leaves=0 deleted_leaves=0 mirror_mismatches=0
elapsed=9.878403e+02 cycle=1185 time=6.989063e+00 dt=4.687500e-03
CARTOON_AMR_TRANSACTION cycle=1186 requested_refine=0 requested_derefine_leaves=16 accepted_derefine_parents=0 created_leaves=0 deleted_leaves=0 mirror_mismatches=0
elapsed=9.886201e+02 cycle=1186 time=6.993750e+00 dt=4.687500e-03
CARTOON_AMR_TRANSACTION cycle=1187 requested_refine=0 requested_derefine_leaves=16 accepted_derefine_parents=0 created_leaves=0 deleted_leaves=0 mirror_mismatches=0
elapsed=9.894031e+02 cycle=1187 time=6.998438e+00 dt=4.687500e-03
CARTOON_AMR_TRANSACTION cycle=1188 requested_refine=0 requested_derefine_leaves=16 accepted_derefine_parents=0 created_leaves=0 deleted_leaves=0 mirror_mismatches=0
elapsed=9.901880e+02 cycle=1188 time=7.003125e+00 dt=4.687500e-03
CARTOON_AMR_TRANSACTION cycle=1189 requested_refine=0 requested_derefine_leaves=16 accepted_derefine_parents=0 created_leaves=0 deleted_leaves=0 mirror_mismatches=0
elapsed=9.909708e+02 cycle=1189 time=7.007813e+00 dt=4.687500e-03
CARTOON_AMR_TRANSACTION cycle=1190 requested_refine=0 requested_derefine_leaves=16 accepted_derefine_parents=0 created_leaves=0 deleted_leaves=0 mirror_mismatches=0
elapsed=9.917560e+02 cycle=1190 time=7.012500e+00 dt=4.687500e-03
CARTOON_AMR_TRANSACTION cycle=1191 requested_refine=0 requested_derefine_leaves=16 accepted_derefine_parents=0 created_leaves=0 deleted_leaves=0 mirror_mismatches=0
elapsed=9.925372e+02 cycle=1191 time=7.017188e+00 dt=4.687500e-03
CARTOON_AMR_TRANSACTION cycle=1192 requested_refine=0 requested_derefine_leaves=16 accepted_derefine_parents=0 created_leaves=0 deleted_leaves=0 mirror_mismatches=0
elapsed=9.933275e+02 cycle=1192 time=7.021875e+00 dt=4.687500e-03
CARTOON_AMR_TRANSACTION cycle=1193 requested_refine=0 requested_derefine_leaves=16 accepted_derefine_parents=0 created_leaves=0 deleted_leaves=0 mirror_mismatches=0
elapsed=9.941105e+02 cycle=1193 time=7.026563e+00 dt=4.687500e-03
CARTOON_AMR_TRANSACTION cycle=1194 requested_refine=0 requested_derefine_leaves=16 accepted_derefine_parents=0 created_leaves=0 deleted_leaves=0 mirror_mismatches=0
elapsed=9.948969e+02 cycle=1194 time=7.031250e+00 dt=4.687500e-03
CARTOON_AMR_TRANSACTION cycle=1195 requested_refine=0 requested_derefine_leaves=16 accepted_derefine_parents=0 created_leaves=0 deleted_leaves=0 mirror_mismatches=0
elapsed=9.956767e+02 cycle=1195 time=7.035938e+00 dt=4.687500e-03
CARTOON_AMR_TRANSACTION cycle=1196 requested_refine=0 requested_derefine_leaves=16 accepted_derefine_parents=0 created_leaves=0 deleted_leaves=0 mirror_mismatches=0
elapsed=9.964649e+02 cycle=1196 time=7.040625e+00 dt=4.687500e-03
CARTOON_AMR_TRANSACTION cycle=1197 requested_refine=0 requested_derefine_leaves=16 accepted_derefine_parents=0 created_leaves=0 deleted_leaves=0 mirror_mismatches=0
elapsed=9.972458e+02 cycle=1197 time=7.045313e+00 dt=4.687500e-03
CARTOON_AMR_TRANSACTION cycle=1198 requested_refine=0 requested_derefine_leaves=16 accepted_derefine_parents=0 created_leaves=0 deleted_leaves=0 mirror_mismatches=0
elapsed=9.980303e+02 cycle=1198 time=7.050000e+00 dt=4.687500e-03
CARTOON_AMR_TRANSACTION cycle=1199 requested_refine=0 requested_derefine_leaves=16 accepted_derefine_parents=0 created_leaves=0 deleted_leaves=0 mirror_mismatches=0
elapsed=9.988109e+02 cycle=1199 time=7.054688e+00 dt=4.687500e-03
CARTOON_AMR_TRANSACTION cycle=1200 requested_refine=0 requested_derefine_leaves=16 accepted_derefine_parents=0 created_leaves=0 deleted_leaves=0 mirror_mismatches=0
elapsed=9.995999e+02 cycle=1200 time=7.059375e+00 dt=4.687500e-03
CARTOON_AMR_TRANSACTION cycle=1201 requested_refine=0 requested_derefine_leaves=16 accepted_derefine_parents=0 created_leaves=0 deleted_leaves=0 mirror_mismatches=0
elapsed=1.000382e+03 cycle=1201 time=7.064063e+00 dt=4.687500e-03
CARTOON_AMR_TRANSACTION cycle=1202 requested_refine=0 requested_derefine_leaves=16 accepted_derefine_parents=0 created_leaves=0 deleted_leaves=0 mirror_mismatches=0
elapsed=1.001164e+03 cycle=1202 time=7.068750e+00 dt=4.687500e-03
CARTOON_AMR_TRANSACTION cycle=1203 requested_refine=0 requested_derefine_leaves=16 accepted_derefine_parents=0 created_leaves=0 deleted_leaves=0 mirror_mismatches=0
elapsed=1.001952e+03 cycle=1203 time=7.073438e+00 dt=4.687500e-03
CARTOON_AMR_TRANSACTION cycle=1204 requested_refine=0 requested_derefine_leaves=16 accepted_derefine_parents=0 created_leaves=0 deleted_leaves=0 mirror_mismatches=0
elapsed=1.002736e+03 cycle=1204 time=7.078125e+00 dt=4.687500e-03
CARTOON_AMR_TRANSACTION cycle=1205 requested_refine=0 requested_derefine_leaves=16 accepted_derefine_parents=0 created_leaves=0 deleted_leaves=0 mirror_mismatches=0
elapsed=1.003517e+03 cycle=1205 time=7.082813e+00 dt=4.687500e-03
CARTOON_AMR_TRANSACTION cycle=1206 requested_refine=0 requested_derefine_leaves=16 accepted_derefine_parents=0 created_leaves=0 deleted_leaves=0 mirror_mismatches=0
elapsed=1.004303e+03 cycle=1206 time=7.087500e+00 dt=4.687500e-03
CARTOON_AMR_TRANSACTION cycle=1207 requested_refine=0 requested_derefine_leaves=16 accepted_derefine_parents=0 created_leaves=0 deleted_leaves=0 mirror_mismatches=0
elapsed=1.005082e+03 cycle=1207 time=7.092188e+00 dt=4.687500e-03
CARTOON_AMR_TRANSACTION cycle=1208 requested_refine=0 requested_derefine_leaves=16 accepted_derefine_parents=0 created_leaves=0 deleted_leaves=0 mirror_mismatches=0
elapsed=1.005873e+03 cycle=1208 time=7.096875e+00 dt=4.687500e-03
CARTOON_AMR_TRANSACTION cycle=1209 requested_refine=0 requested_derefine_leaves=16 accepted_derefine_parents=0 created_leaves=0 deleted_leaves=0 mirror_mismatches=0
elapsed=1.006657e+03 cycle=1209 time=7.101563e+00 dt=4.687500e-03
CARTOON_AMR_TRANSACTION cycle=1210 requested_refine=0 requested_derefine_leaves=16 accepted_derefine_parents=0 created_leaves=0 deleted_leaves=0 mirror_mismatches=0
elapsed=1.007441e+03 cycle=1210 time=7.106250e+00 dt=4.687500e-03
CARTOON_AMR_TRANSACTION cycle=1211 requested_refine=0 requested_derefine_leaves=16 accepted_derefine_parents=0 created_leaves=0 deleted_leaves=0 mirror_mismatches=0
elapsed=1.008223e+03 cycle=1211 time=7.110938e+00 dt=4.687500e-03
CARTOON_AMR_TRANSACTION cycle=1212 requested_refine=0 requested_derefine_leaves=16 accepted_derefine_parents=0 created_leaves=0 deleted_leaves=0 mirror_mismatches=0
elapsed=1.009008e+03 cycle=1212 time=7.115625e+00 dt=4.687500e-03
CARTOON_AMR_TRANSACTION cycle=1213 requested_refine=0 requested_derefine_leaves=16 accepted_derefine_parents=0 created_leaves=0 deleted_leaves=0 mirror_mismatches=0
elapsed=1.009793e+03 cycle=1213 time=7.120313e+00 dt=4.687500e-03
CARTOON_AMR_TRANSACTION cycle=1214 requested_refine=0 requested_derefine_leaves=16 accepted_derefine_parents=0 created_leaves=0 deleted_leaves=0 mirror_mismatches=0
elapsed=1.010581e+03 cycle=1214 time=7.125000e+00 dt=4.687500e-03
CARTOON_AMR_TRANSACTION cycle=1215 requested_refine=0 requested_derefine_leaves=16 accepted_derefine_parents=0 created_leaves=0 deleted_leaves=0 mirror_mismatches=0
elapsed=1.011364e+03 cycle=1215 time=7.129688e+00 dt=4.687500e-03
CARTOON_AMR_TRANSACTION cycle=1216 requested_refine=0 requested_derefine_leaves=16 accepted_derefine_parents=0 created_leaves=0 deleted_leaves=0 mirror_mismatches=0
elapsed=1.012221e+03 cycle=1216 time=7.134375e+00 dt=4.687500e-03
CARTOON_AMR_TRANSACTION cycle=1217 requested_refine=0 requested_derefine_leaves=16 accepted_derefine_parents=0 created_leaves=0 deleted_leaves=0 mirror_mismatches=0
elapsed=1.013010e+03 cycle=1217 time=7.139063e+00 dt=4.687500e-03
CARTOON_AMR_TRANSACTION cycle=1218 requested_refine=0 requested_derefine_leaves=16 accepted_derefine_parents=0 created_leaves=0 deleted_leaves=0 mirror_mismatches=0
elapsed=1.013791e+03 cycle=1218 time=7.143750e+00 dt=4.687500e-03
CARTOON_AMR_TRANSACTION cycle=1219 requested_refine=0 requested_derefine_leaves=16 accepted_derefine_parents=0 created_leaves=0 deleted_leaves=0 mirror_mismatches=0
elapsed=1.014575e+03 cycle=1219 time=7.148438e+00 dt=4.687500e-03
CARTOON_AMR_TRANSACTION cycle=1220 requested_refine=0 requested_derefine_leaves=16 accepted_derefine_parents=0 created_leaves=0 deleted_leaves=0 mirror_mismatches=0
elapsed=1.015355e+03 cycle=1220 time=7.153125e+00 dt=4.687500e-03
CARTOON_AMR_TRANSACTION cycle=1221 requested_refine=0 requested_derefine_leaves=17 accepted_derefine_parents=0 created_leaves=0 deleted_leaves=0 mirror_mismatches=0
elapsed=1.016138e+03 cycle=1221 time=7.157813e+00 dt=4.687500e-03
CARTOON_AMR_TRANSACTION cycle=1222 requested_refine=0 requested_derefine_leaves=17 accepted_derefine_parents=0 created_leaves=0 deleted_leaves=0 mirror_mismatches=0
elapsed=1.016923e+03 cycle=1222 time=7.162500e+00 dt=4.687500e-03
CARTOON_AMR_TRANSACTION cycle=1223 requested_refine=0 requested_derefine_leaves=18 accepted_derefine_parents=0 created_leaves=0 deleted_leaves=0 mirror_mismatches=0
elapsed=1.017705e+03 cycle=1223 time=7.167188e+00 dt=4.687500e-03
CARTOON_AMR_TRANSACTION cycle=1224 requested_refine=0 requested_derefine_leaves=18 accepted_derefine_parents=0 created_leaves=0 deleted_leaves=0 mirror_mismatches=0
elapsed=1.018491e+03 cycle=1224 time=7.171875e+00 dt=4.687500e-03
CARTOON_AMR_TRANSACTION cycle=1225 requested_refine=0 requested_derefine_leaves=18 accepted_derefine_parents=0 created_leaves=0 deleted_leaves=0 mirror_mismatches=0
elapsed=1.019274e+03 cycle=1225 time=7.176563e+00 dt=4.687500e-03
CARTOON_AMR_TRANSACTION cycle=1226 requested_refine=0 requested_derefine_leaves=18 accepted_derefine_parents=0 created_leaves=0 deleted_leaves=0 mirror_mismatches=0
elapsed=1.020055e+03 cycle=1226 time=7.181250e+00 dt=4.687500e-03
CARTOON_AMR_TRANSACTION cycle=1227 requested_refine=0 requested_derefine_leaves=18 accepted_derefine_parents=0 created_leaves=0 deleted_leaves=0 mirror_mismatches=0
elapsed=1.020840e+03 cycle=1227 time=7.185938e+00 dt=4.687500e-03
CARTOON_AMR_TRANSACTION cycle=1228 requested_refine=0 requested_derefine_leaves=18 accepted_derefine_parents=0 created_leaves=0 deleted_leaves=0 mirror_mismatches=0
elapsed=1.021624e+03 cycle=1228 time=7.190625e+00 dt=4.687500e-03
CARTOON_AMR_TRANSACTION cycle=1229 requested_refine=0 requested_derefine_leaves=18 accepted_derefine_parents=0 created_leaves=0 deleted_leaves=0 mirror_mismatches=0
elapsed=1.022405e+03 cycle=1229 time=7.195313e+00 dt=4.687500e-03
CARTOON_AMR_TRANSACTION cycle=1230 requested_refine=0 requested_derefine_leaves=18 accepted_derefine_parents=0 created_leaves=0 deleted_leaves=0 mirror_mismatches=0
elapsed=1.023187e+03 cycle=1230 time=7.200000e+00 dt=4.687500e-03
CARTOON_AMR_TRANSACTION cycle=1231 requested_refine=0 requested_derefine_leaves=18 accepted_derefine_parents=0 created_leaves=0 deleted_leaves=0 mirror_mismatches=0
elapsed=1.023977e+03 cycle=1231 time=7.204688e+00 dt=4.687500e-03
CARTOON_AMR_TRANSACTION cycle=1232 requested_refine=0 requested_derefine_leaves=18 accepted_derefine_parents=0 created_leaves=0 deleted_leaves=0 mirror_mismatches=0
elapsed=1.024769e+03 cycle=1232 time=7.209375e+00 dt=4.687500e-03
CARTOON_AMR_TRANSACTION cycle=1233 requested_refine=0 requested_derefine_leaves=18 accepted_derefine_parents=0 created_leaves=0 deleted_leaves=0 mirror_mismatches=0
elapsed=1.025553e+03 cycle=1233 time=7.214063e+00 dt=4.687500e-03
CARTOON_AMR_TRANSACTION cycle=1234 requested_refine=0 requested_derefine_leaves=18 accepted_derefine_parents=0 created_leaves=0 deleted_leaves=0 mirror_mismatches=0
elapsed=1.026338e+03 cycle=1234 time=7.218750e+00 dt=4.687500e-03
CARTOON_AMR_TRANSACTION cycle=1235 requested_refine=0 requested_derefine_leaves=18 accepted_derefine_parents=0 created_leaves=0 deleted_leaves=0 mirror_mismatches=0
elapsed=1.027126e+03 cycle=1235 time=7.223438e+00 dt=4.687500e-03
CARTOON_AMR_TRANSACTION cycle=1236 requested_refine=0 requested_derefine_leaves=18 accepted_derefine_parents=0 created_leaves=0 deleted_leaves=0 mirror_mismatches=0
elapsed=1.027912e+03 cycle=1236 time=7.228125e+00 dt=4.687500e-03
CARTOON_AMR_TRANSACTION cycle=1237 requested_refine=0 requested_derefine_leaves=18 accepted_derefine_parents=0 created_leaves=0 deleted_leaves=0 mirror_mismatches=0
elapsed=1.028690e+03 cycle=1237 time=7.232813e+00 dt=4.687500e-03
CARTOON_AMR_TRANSACTION cycle=1238 requested_refine=0 requested_derefine_leaves=18 accepted_derefine_parents=0 created_leaves=0 deleted_leaves=0 mirror_mismatches=0
elapsed=1.029475e+03 cycle=1238 time=7.237500e+00 dt=4.687500e-03
CARTOON_AMR_TRANSACTION cycle=1239 requested_refine=0 requested_derefine_leaves=18 accepted_derefine_parents=0 created_leaves=0 deleted_leaves=0 mirror_mismatches=0
elapsed=1.030257e+03 cycle=1239 time=7.242188e+00 dt=4.687500e-03
CARTOON_AMR_TRANSACTION cycle=1240 requested_refine=0 requested_derefine_leaves=18 accepted_derefine_parents=0 created_leaves=0 deleted_leaves=0 mirror_mismatches=0
elapsed=1.031045e+03 cycle=1240 time=7.246875e+00 dt=4.687500e-03
CARTOON_AMR_TRANSACTION cycle=1241 requested_refine=0 requested_derefine_leaves=18 accepted_derefine_parents=0 created_leaves=0 deleted_leaves=0 mirror_mismatches=0
elapsed=1.031829e+03 cycle=1241 time=7.251563e+00 dt=4.687500e-03
CARTOON_AMR_TRANSACTION cycle=1242 requested_refine=0 requested_derefine_leaves=18 accepted_derefine_parents=0 created_leaves=0 deleted_leaves=0 mirror_mismatches=0
elapsed=1.032614e+03 cycle=1242 time=7.256250e+00 dt=4.687500e-03
CARTOON_AMR_TRANSACTION cycle=1243 requested_refine=0 requested_derefine_leaves=18 accepted_derefine_parents=0 created_leaves=0 deleted_leaves=0 mirror_mismatches=0
elapsed=1.033400e+03 cycle=1243 time=7.260938e+00 dt=4.687500e-03
CARTOON_AMR_TRANSACTION cycle=1244 requested_refine=0 requested_derefine_leaves=18 accepted_derefine_parents=0 created_leaves=0 deleted_leaves=0 mirror_mismatches=0
elapsed=1.034179e+03 cycle=1244 time=7.265625e+00 dt=4.687500e-03
CARTOON_AMR_TRANSACTION cycle=1245 requested_refine=0 requested_derefine_leaves=18 accepted_derefine_parents=0 created_leaves=0 deleted_leaves=0 mirror_mismatches=0
elapsed=1.034959e+03 cycle=1245 time=7.270313e+00 dt=4.687500e-03
CARTOON_AMR_TRANSACTION cycle=1246 requested_refine=0 requested_derefine_leaves=18 accepted_derefine_parents=0 created_leaves=0 deleted_leaves=0 mirror_mismatches=0
elapsed=1.035744e+03 cycle=1246 time=7.275000e+00 dt=4.687500e-03
CARTOON_AMR_TRANSACTION cycle=1247 requested_refine=0 requested_derefine_leaves=18 accepted_derefine_parents=0 created_leaves=0 deleted_leaves=0 mirror_mismatches=0
elapsed=1.036528e+03 cycle=1247 time=7.279688e+00 dt=4.687500e-03
CARTOON_AMR_TRANSACTION cycle=1248 requested_refine=0 requested_derefine_leaves=18 accepted_derefine_parents=0 created_leaves=0 deleted_leaves=0 mirror_mismatches=0
elapsed=1.037320e+03 cycle=1248 time=7.284375e+00 dt=4.687500e-03
CARTOON_AMR_TRANSACTION cycle=1249 requested_refine=0 requested_derefine_leaves=18 accepted_derefine_parents=0 created_leaves=0 deleted_leaves=0 mirror_mismatches=0
elapsed=1.038108e+03 cycle=1249 time=7.289063e+00 dt=4.687500e-03
CARTOON_AMR_TRANSACTION cycle=1250 requested_refine=0 requested_derefine_leaves=18 accepted_derefine_parents=0 created_leaves=0 deleted_leaves=0 mirror_mismatches=0
elapsed=1.038889e+03 cycle=1250 time=7.293750e+00 dt=4.687500e-03
CARTOON_AMR_TRANSACTION cycle=1251 requested_refine=0 requested_derefine_leaves=18 accepted_derefine_parents=0 created_leaves=0 deleted_leaves=0 mirror_mismatches=0
elapsed=1.039674e+03 cycle=1251 time=7.298438e+00 dt=4.687500e-03
CARTOON_AMR_TRANSACTION cycle=1252 requested_refine=0 requested_derefine_leaves=18 accepted_derefine_parents=0 created_leaves=0 deleted_leaves=0 mirror_mismatches=0
elapsed=1.040462e+03 cycle=1252 time=7.303125e+00 dt=4.687500e-03
CARTOON_AMR_TRANSACTION cycle=1253 requested_refine=0 requested_derefine_leaves=18 accepted_derefine_parents=0 created_leaves=0 deleted_leaves=0 mirror_mismatches=0
elapsed=1.041252e+03 cycle=1253 time=7.307813e+00 dt=4.687500e-03
CARTOON_AMR_TRANSACTION cycle=1254 requested_refine=0 requested_derefine_leaves=18 accepted_derefine_parents=0 created_leaves=0 deleted_leaves=0 mirror_mismatches=0
elapsed=1.042040e+03 cycle=1254 time=7.312500e+00 dt=4.687500e-03
CARTOON_AMR_TRANSACTION cycle=1255 requested_refine=0 requested_derefine_leaves=18 accepted_derefine_parents=0 created_leaves=0 deleted_leaves=0 mirror_mismatches=0
elapsed=1.042825e+03 cycle=1255 time=7.317188e+00 dt=4.687500e-03
CARTOON_AMR_TRANSACTION cycle=1256 requested_refine=0 requested_derefine_leaves=19 accepted_derefine_parents=1 created_leaves=0 deleted_leaves=3 mirror_mismatches=0
elapsed=1.043617e+03 cycle=1256 time=7.321875e+00 dt=4.687500e-03
CARTOON_AMR_TRANSACTION cycle=1257 requested_refine=0 requested_derefine_leaves=15 accepted_derefine_parents=0 created_leaves=0 deleted_leaves=0 mirror_mismatches=0
elapsed=1.044396e+03 cycle=1257 time=7.326563e+00 dt=4.687500e-03
CARTOON_AMR_TRANSACTION cycle=1258 requested_refine=0 requested_derefine_leaves=16 accepted_derefine_parents=1 created_leaves=0 deleted_leaves=3 mirror_mismatches=0
elapsed=1.045178e+03 cycle=1258 time=7.331250e+00 dt=4.687500e-03
CARTOON_AMR_TRANSACTION cycle=1259 requested_refine=0 requested_derefine_leaves=12 accepted_derefine_parents=0 created_leaves=0 deleted_leaves=0 mirror_mismatches=0
elapsed=1.045951e+03 cycle=1259 time=7.335938e+00 dt=4.687500e-03
CARTOON_AMR_TRANSACTION cycle=1260 requested_refine=0 requested_derefine_leaves=12 accepted_derefine_parents=0 created_leaves=0 deleted_leaves=0 mirror_mismatches=0
elapsed=1.046728e+03 cycle=1260 time=7.340625e+00 dt=4.687500e-03
CARTOON_AMR_TRANSACTION cycle=1261 requested_refine=0 requested_derefine_leaves=12 accepted_derefine_parents=0 created_leaves=0 deleted_leaves=0 mirror_mismatches=0
elapsed=1.047509e+03 cycle=1261 time=7.345313e+00 dt=4.687500e-03
CARTOON_AMR_TRANSACTION cycle=1262 requested_refine=0 requested_derefine_leaves=12 accepted_derefine_parents=0 created_leaves=0 deleted_leaves=0 mirror_mismatches=0
elapsed=1.048288e+03 cycle=1262 time=7.350000e+00 dt=4.687500e-03
CARTOON_AMR_TRANSACTION cycle=1263 requested_refine=0 requested_derefine_leaves=12 accepted_derefine_parents=0 created_leaves=0 deleted_leaves=0 mirror_mismatches=0
elapsed=1.049065e+03 cycle=1263 time=7.354688e+00 dt=4.687500e-03
CARTOON_AMR_TRANSACTION cycle=1264 requested_refine=0 requested_derefine_leaves=12 accepted_derefine_parents=0 created_leaves=0 deleted_leaves=0 mirror_mismatches=0
elapsed=1.049841e+03 cycle=1264 time=7.359375e+00 dt=4.687500e-03
CARTOON_AMR_TRANSACTION cycle=1265 requested_refine=0 requested_derefine_leaves=12 accepted_derefine_parents=0 created_leaves=0 deleted_leaves=0 mirror_mismatches=0
elapsed=1.050618e+03 cycle=1265 time=7.364063e+00 dt=4.687500e-03
CARTOON_AMR_TRANSACTION cycle=1266 requested_refine=0 requested_derefine_leaves=12 accepted_derefine_parents=0 created_leaves=0 deleted_leaves=0 mirror_mismatches=0
elapsed=1.051399e+03 cycle=1266 time=7.368750e+00 dt=4.687500e-03
CARTOON_AMR_TRANSACTION cycle=1267 requested_refine=0 requested_derefine_leaves=12 accepted_derefine_parents=0 created_leaves=0 deleted_leaves=0 mirror_mismatches=0
elapsed=1.052172e+03 cycle=1267 time=7.373438e+00 dt=4.687500e-03
CARTOON_AMR_TRANSACTION cycle=1268 requested_refine=0 requested_derefine_leaves=12 accepted_derefine_parents=0 created_leaves=0 deleted_leaves=0 mirror_mismatches=0
elapsed=1.052952e+03 cycle=1268 time=7.378125e+00 dt=4.687500e-03
CARTOON_AMR_TRANSACTION cycle=1269 requested_refine=0 requested_derefine_leaves=12 accepted_derefine_parents=0 created_leaves=0 deleted_leaves=0 mirror_mismatches=0
elapsed=1.053731e+03 cycle=1269 time=7.382813e+00 dt=4.687500e-03
CARTOON_AMR_TRANSACTION cycle=1270 requested_refine=0 requested_derefine_leaves=12 accepted_derefine_parents=0 created_leaves=0 deleted_leaves=0 mirror_mismatches=0
elapsed=1.054503e+03 cycle=1270 time=7.387500e+00 dt=4.687500e-03
CARTOON_AMR_TRANSACTION cycle=1271 requested_refine=0 requested_derefine_leaves=12 accepted_derefine_parents=0 created_leaves=0 deleted_leaves=0 mirror_mismatches=0
elapsed=1.055281e+03 cycle=1271 time=7.392188e+00 dt=4.687500e-03
CARTOON_AMR_TRANSACTION cycle=1272 requested_refine=0 requested_derefine_leaves=12 accepted_derefine_parents=0 created_leaves=0 deleted_leaves=0 mirror_mismatches=0
elapsed=1.056058e+03 cycle=1272 time=7.396875e+00 dt=4.687500e-03
CARTOON_AMR_TRANSACTION cycle=1273 requested_refine=0 requested_derefine_leaves=12 accepted_derefine_parents=0 created_leaves=0 deleted_leaves=0 mirror_mismatches=0
elapsed=1.056828e+03 cycle=1273 time=7.401563e+00 dt=4.687500e-03
CARTOON_AMR_TRANSACTION cycle=1274 requested_refine=0 requested_derefine_leaves=12 accepted_derefine_parents=0 created_leaves=0 deleted_leaves=0 mirror_mismatches=0
elapsed=1.057608e+03 cycle=1274 time=7.406250e+00 dt=4.687500e-03
CARTOON_AMR_TRANSACTION cycle=1275 requested_refine=0 requested_derefine_leaves=12 accepted_derefine_parents=0 created_leaves=0 deleted_leaves=0 mirror_mismatches=0
elapsed=1.058387e+03 cycle=1275 time=7.410938e+00 dt=4.687500e-03
CARTOON_AMR_TRANSACTION cycle=1276 requested_refine=0 requested_derefine_leaves=12 accepted_derefine_parents=0 created_leaves=0 deleted_leaves=0 mirror_mismatches=0
elapsed=1.059167e+03 cycle=1276 time=7.415625e+00 dt=4.687500e-03
CARTOON_AMR_TRANSACTION cycle=1277 requested_refine=0 requested_derefine_leaves=12 accepted_derefine_parents=0 created_leaves=0 deleted_leaves=0 mirror_mismatches=0
elapsed=1.059946e+03 cycle=1277 time=7.420313e+00 dt=4.687500e-03
CARTOON_AMR_TRANSACTION cycle=1278 requested_refine=0 requested_derefine_leaves=12 accepted_derefine_parents=0 created_leaves=0 deleted_leaves=0 mirror_mismatches=0
elapsed=1.060720e+03 cycle=1278 time=7.425000e+00 dt=4.687500e-03
CARTOON_AMR_TRANSACTION cycle=1279 requested_refine=0 requested_derefine_leaves=12 accepted_derefine_parents=0 created_leaves=0 deleted_leaves=0 mirror_mismatches=0
elapsed=1.061497e+03 cycle=1279 time=7.429688e+00 dt=4.687500e-03
CARTOON_AMR_TRANSACTION cycle=1280 requested_refine=0 requested_derefine_leaves=12 accepted_derefine_parents=0 created_leaves=0 deleted_leaves=0 mirror_mismatches=0
elapsed=1.062364e+03 cycle=1280 time=7.434375e+00 dt=4.687500e-03
CARTOON_AMR_TRANSACTION cycle=1281 requested_refine=0 requested_derefine_leaves=12 accepted_derefine_parents=0 created_leaves=0 deleted_leaves=0 mirror_mismatches=0
elapsed=1.063139e+03 cycle=1281 time=7.439063e+00 dt=4.687500e-03
CARTOON_AMR_TRANSACTION cycle=1282 requested_refine=0 requested_derefine_leaves=12 accepted_derefine_parents=0 created_leaves=0 deleted_leaves=0 mirror_mismatches=0
elapsed=1.063911e+03 cycle=1282 time=7.443750e+00 dt=4.687500e-03
CARTOON_AMR_TRANSACTION cycle=1283 requested_refine=0 requested_derefine_leaves=12 accepted_derefine_parents=0 created_leaves=0 deleted_leaves=0 mirror_mismatches=0
elapsed=1.064687e+03 cycle=1283 time=7.448438e+00 dt=4.687500e-03
CARTOON_AMR_TRANSACTION cycle=1284 requested_refine=0 requested_derefine_leaves=12 accepted_derefine_parents=0 created_leaves=0 deleted_leaves=0 mirror_mismatches=0
elapsed=1.065469e+03 cycle=1284 time=7.453125e+00 dt=4.687500e-03
CARTOON_AMR_TRANSACTION cycle=1285 requested_refine=0 requested_derefine_leaves=12 accepted_derefine_parents=0 created_leaves=0 deleted_leaves=0 mirror_mismatches=0
elapsed=1.066241e+03 cycle=1285 time=7.457813e+00 dt=4.687500e-03
CARTOON_AMR_TRANSACTION cycle=1286 requested_refine=0 requested_derefine_leaves=12 accepted_derefine_parents=0 created_leaves=0 deleted_leaves=0 mirror_mismatches=0
elapsed=1.067015e+03 cycle=1286 time=7.462500e+00 dt=4.687500e-03
CARTOON_AMR_TRANSACTION cycle=1287 requested_refine=0 requested_derefine_leaves=12 accepted_derefine_parents=0 created_leaves=0 deleted_leaves=0 mirror_mismatches=0
elapsed=1.067790e+03 cycle=1287 time=7.467188e+00 dt=4.687500e-03
CARTOON_AMR_TRANSACTION cycle=1288 requested_refine=0 requested_derefine_leaves=12 accepted_derefine_parents=0 created_leaves=0 deleted_leaves=0 mirror_mismatches=0
elapsed=1.068569e+03 cycle=1288 time=7.471875e+00 dt=4.687500e-03
CARTOON_AMR_TRANSACTION cycle=1289 requested_refine=0 requested_derefine_leaves=12 accepted_derefine_parents=0 created_leaves=0 deleted_leaves=0 mirror_mismatches=0
elapsed=1.069345e+03 cycle=1289 time=7.476563e+00 dt=4.687500e-03
CARTOON_AMR_TRANSACTION cycle=1290 requested_refine=0 requested_derefine_leaves=12 accepted_derefine_parents=0 created_leaves=0 deleted_leaves=0 mirror_mismatches=0
elapsed=1.070124e+03 cycle=1290 time=7.481250e+00 dt=4.687500e-03
CARTOON_AMR_TRANSACTION cycle=1291 requested_refine=0 requested_derefine_leaves=12 accepted_derefine_parents=0 created_leaves=0 deleted_leaves=0 mirror_mismatches=0
elapsed=1.070902e+03 cycle=1291 time=7.485938e+00 dt=4.687500e-03
CARTOON_AMR_TRANSACTION cycle=1292 requested_refine=0 requested_derefine_leaves=12 accepted_derefine_parents=0 created_leaves=0 deleted_leaves=0 mirror_mismatches=0
elapsed=1.071679e+03 cycle=1292 time=7.490625e+00 dt=4.687500e-03
CARTOON_AMR_TRANSACTION cycle=1293 requested_refine=0 requested_derefine_leaves=12 accepted_derefine_parents=0 created_leaves=0 deleted_leaves=0 mirror_mismatches=0
elapsed=1.072454e+03 cycle=1293 time=7.495313e+00 dt=4.687500e-03
CARTOON_AMR_TRANSACTION cycle=1294 requested_refine=0 requested_derefine_leaves=12 accepted_derefine_parents=0 created_leaves=0 deleted_leaves=0 mirror_mismatches=0
elapsed=1.073229e+03 cycle=1294 time=7.500000e+00 dt=4.687500e-03
CARTOON_AMR_TRANSACTION cycle=1295 requested_refine=0 requested_derefine_leaves=12 accepted_derefine_parents=0 created_leaves=0 deleted_leaves=0 mirror_mismatches=0
elapsed=1.074000e+03 cycle=1295 time=7.504688e+00 dt=4.687500e-03
CARTOON_AMR_TRANSACTION cycle=1296 requested_refine=0 requested_derefine_leaves=12 accepted_derefine_parents=0 created_leaves=0 deleted_leaves=0 mirror_mismatches=0
elapsed=1.074779e+03 cycle=1296 time=7.509375e+00 dt=4.687500e-03
CARTOON_AMR_TRANSACTION cycle=1297 requested_refine=0 requested_derefine_leaves=12 accepted_derefine_parents=0 created_leaves=0 deleted_leaves=0 mirror_mismatches=0
elapsed=1.075559e+03 cycle=1297 time=7.514063e+00 dt=4.687500e-03
CARTOON_AMR_TRANSACTION cycle=1298 requested_refine=0 requested_derefine_leaves=12 accepted_derefine_parents=0 created_leaves=0 deleted_leaves=0 mirror_mismatches=0
elapsed=1.076332e+03 cycle=1298 time=7.518750e+00 dt=4.687500e-03
CARTOON_AMR_TRANSACTION cycle=1299 requested_refine=0 requested_derefine_leaves=12 accepted_derefine_parents=0 created_leaves=0 deleted_leaves=0 mirror_mismatches=0
elapsed=1.077110e+03 cycle=1299 time=7.523438e+00 dt=4.687500e-03
CARTOON_AMR_TRANSACTION cycle=1300 requested_refine=0 requested_derefine_leaves=12 accepted_derefine_parents=0 created_leaves=0 deleted_leaves=0 mirror_mismatches=0
elapsed=1.077891e+03 cycle=1300 time=7.528125e+00 dt=4.687500e-03
CARTOON_AMR_TRANSACTION cycle=1301 requested_refine=0 requested_derefine_leaves=12 accepted_derefine_parents=0 created_leaves=0 deleted_leaves=0 mirror_mismatches=0
elapsed=1.078668e+03 cycle=1301 time=7.532813e+00 dt=4.687500e-03
CARTOON_AMR_TRANSACTION cycle=1302 requested_refine=0 requested_derefine_leaves=12 accepted_derefine_parents=0 created_leaves=0 deleted_leaves=0 mirror_mismatches=0
elapsed=1.079445e+03 cycle=1302 time=7.537500e+00 dt=4.687500e-03
CARTOON_AMR_TRANSACTION cycle=1303 requested_refine=0 requested_derefine_leaves=12 accepted_derefine_parents=0 created_leaves=0 deleted_leaves=0 mirror_mismatches=0
elapsed=1.080220e+03 cycle=1303 time=7.542188e+00 dt=4.687500e-03
CARTOON_AMR_TRANSACTION cycle=1304 requested_refine=0 requested_derefine_leaves=12 accepted_derefine_parents=0 created_leaves=0 deleted_leaves=0 mirror_mismatches=0
elapsed=1.081002e+03 cycle=1304 time=7.546875e+00 dt=4.687500e-03
CARTOON_AMR_TRANSACTION cycle=1305 requested_refine=0 requested_derefine_leaves=12 accepted_derefine_parents=0 created_leaves=0 deleted_leaves=0 mirror_mismatches=0
elapsed=1.081779e+03 cycle=1305 time=7.551563e+00 dt=4.687500e-03
CARTOON_AMR_TRANSACTION cycle=1306 requested_refine=0 requested_derefine_leaves=12 accepted_derefine_parents=0 created_leaves=0 deleted_leaves=0 mirror_mismatches=0
elapsed=1.082555e+03 cycle=1306 time=7.556250e+00 dt=4.687500e-03
CARTOON_AMR_TRANSACTION cycle=1307 requested_refine=0 requested_derefine_leaves=12 accepted_derefine_parents=0 created_leaves=0 deleted_leaves=0 mirror_mismatches=0
elapsed=1.083328e+03 cycle=1307 time=7.560938e+00 dt=4.687500e-03
CARTOON_AMR_TRANSACTION cycle=1308 requested_refine=0 requested_derefine_leaves=12 accepted_derefine_parents=0 created_leaves=0 deleted_leaves=0 mirror_mismatches=0
elapsed=1.084101e+03 cycle=1308 time=7.565625e+00 dt=4.687500e-03
CARTOON_AMR_TRANSACTION cycle=1309 requested_refine=0 requested_derefine_leaves=12 accepted_derefine_parents=0 created_leaves=0 deleted_leaves=0 mirror_mismatches=0
elapsed=1.084873e+03 cycle=1309 time=7.570313e+00 dt=4.687500e-03
CARTOON_AMR_TRANSACTION cycle=1310 requested_refine=0 requested_derefine_leaves=12 accepted_derefine_parents=0 created_leaves=0 deleted_leaves=0 mirror_mismatches=0
elapsed=1.085647e+03 cycle=1310 time=7.575000e+00 dt=4.687500e-03
CARTOON_AMR_TRANSACTION cycle=1311 requested_refine=0 requested_derefine_leaves=12 accepted_derefine_parents=0 created_leaves=0 deleted_leaves=0 mirror_mismatches=0
elapsed=1.086426e+03 cycle=1311 time=7.579688e+00 dt=4.687500e-03
CARTOON_AMR_TRANSACTION cycle=1312 requested_refine=0 requested_derefine_leaves=12 accepted_derefine_parents=0 created_leaves=0 deleted_leaves=0 mirror_mismatches=0
elapsed=1.087204e+03 cycle=1312 time=7.584375e+00 dt=4.687500e-03
CARTOON_AMR_TRANSACTION cycle=1313 requested_refine=0 requested_derefine_leaves=12 accepted_derefine_parents=0 created_leaves=0 deleted_leaves=0 mirror_mismatches=0
elapsed=1.087981e+03 cycle=1313 time=7.589063e+00 dt=4.687500e-03
CARTOON_AMR_TRANSACTION cycle=1314 requested_refine=0 requested_derefine_leaves=12 accepted_derefine_parents=0 created_leaves=0 deleted_leaves=0 mirror_mismatches=0
elapsed=1.088754e+03 cycle=1314 time=7.593750e+00 dt=4.687500e-03
CARTOON_AMR_TRANSACTION cycle=1315 requested_refine=0 requested_derefine_leaves=12 accepted_derefine_parents=0 created_leaves=0 deleted_leaves=0 mirror_mismatches=0
elapsed=1.089532e+03 cycle=1315 time=7.598438e+00 dt=4.687500e-03
CARTOON_AMR_TRANSACTION cycle=1316 requested_refine=0 requested_derefine_leaves=12 accepted_derefine_parents=0 created_leaves=0 deleted_leaves=0 mirror_mismatches=0
elapsed=1.090307e+03 cycle=1316 time=7.603125e+00 dt=4.687500e-03
CARTOON_AMR_TRANSACTION cycle=1317 requested_refine=0 requested_derefine_leaves=12 accepted_derefine_parents=0 created_leaves=0 deleted_leaves=0 mirror_mismatches=0
elapsed=1.091080e+03 cycle=1317 time=7.607813e+00 dt=4.687500e-03
CARTOON_AMR_TRANSACTION cycle=1318 requested_refine=0 requested_derefine_leaves=12 accepted_derefine_parents=0 created_leaves=0 deleted_leaves=0 mirror_mismatches=0
elapsed=1.091861e+03 cycle=1318 time=7.612500e+00 dt=4.687500e-03
CARTOON_AMR_TRANSACTION cycle=1319 requested_refine=0 requested_derefine_leaves=12 accepted_derefine_parents=0 created_leaves=0 deleted_leaves=0 mirror_mismatches=0
elapsed=1.092636e+03 cycle=1319 time=7.617188e+00 dt=4.687500e-03
CARTOON_AMR_TRANSACTION cycle=1320 requested_refine=0 requested_derefine_leaves=12 accepted_derefine_parents=0 created_leaves=0 deleted_leaves=0 mirror_mismatches=0
elapsed=1.093422e+03 cycle=1320 time=7.621875e+00 dt=4.687500e-03
CARTOON_AMR_TRANSACTION cycle=1321 requested_refine=0 requested_derefine_leaves=12 accepted_derefine_parents=0 created_leaves=0 deleted_leaves=0 mirror_mismatches=0
elapsed=1.094198e+03 cycle=1321 time=7.626563e+00 dt=4.687500e-03
CARTOON_AMR_TRANSACTION cycle=1322 requested_refine=0 requested_derefine_leaves=12 accepted_derefine_parents=0 created_leaves=0 deleted_leaves=0 mirror_mismatches=0
elapsed=1.094972e+03 cycle=1322 time=7.631250e+00 dt=4.687500e-03
CARTOON_AMR_TRANSACTION cycle=1323 requested_refine=0 requested_derefine_leaves=12 accepted_derefine_parents=0 created_leaves=0 deleted_leaves=0 mirror_mismatches=0
elapsed=1.095750e+03 cycle=1323 time=7.635938e+00 dt=4.687500e-03
CARTOON_AMR_TRANSACTION cycle=1324 requested_refine=0 requested_derefine_leaves=12 accepted_derefine_parents=0 created_leaves=0 deleted_leaves=0 mirror_mismatches=0
elapsed=1.096532e+03 cycle=1324 time=7.640625e+00 dt=4.687500e-03
CARTOON_AMR_TRANSACTION cycle=1325 requested_refine=0 requested_derefine_leaves=12 accepted_derefine_parents=0 created_leaves=0 deleted_leaves=0 mirror_mismatches=0
elapsed=1.097316e+03 cycle=1325 time=7.645313e+00 dt=4.687500e-03
CARTOON_AMR_TRANSACTION cycle=1326 requested_refine=0 requested_derefine_leaves=12 accepted_derefine_parents=0 created_leaves=0 deleted_leaves=0 mirror_mismatches=0
elapsed=1.098097e+03 cycle=1326 time=7.650000e+00 dt=4.687500e-03
CARTOON_AMR_TRANSACTION cycle=1327 requested_refine=0 requested_derefine_leaves=12 accepted_derefine_parents=0 created_leaves=0 deleted_leaves=0 mirror_mismatches=0
elapsed=1.098874e+03 cycle=1327 time=7.654688e+00 dt=4.687500e-03
CARTOON_AMR_TRANSACTION cycle=1328 requested_refine=0 requested_derefine_leaves=12 accepted_derefine_parents=0 created_leaves=0 deleted_leaves=0 mirror_mismatches=0
elapsed=1.099654e+03 cycle=1328 time=7.659375e+00 dt=4.687500e-03
CARTOON_AMR_TRANSACTION cycle=1329 requested_refine=0 requested_derefine_leaves=12 accepted_derefine_parents=0 created_leaves=0 deleted_leaves=0 mirror_mismatches=0
elapsed=1.100434e+03 cycle=1329 time=7.664063e+00 dt=4.687500e-03
CARTOON_AMR_TRANSACTION cycle=1330 requested_refine=0 requested_derefine_leaves=12 accepted_derefine_parents=0 created_leaves=0 deleted_leaves=0 mirror_mismatches=0
elapsed=1.101208e+03 cycle=1330 time=7.668750e+00 dt=4.687500e-03
CARTOON_AMR_TRANSACTION cycle=1331 requested_refine=0 requested_derefine_leaves=12 accepted_derefine_parents=0 created_leaves=0 deleted_leaves=0 mirror_mismatches=0
elapsed=1.101984e+03 cycle=1331 time=7.673438e+00 dt=4.687500e-03
CARTOON_AMR_TRANSACTION cycle=1332 requested_refine=0 requested_derefine_leaves=12 accepted_derefine_parents=0 created_leaves=0 deleted_leaves=0 mirror_mismatches=0
elapsed=1.102763e+03 cycle=1332 time=7.678125e+00 dt=4.687500e-03
CARTOON_AMR_TRANSACTION cycle=1333 requested_refine=0 requested_derefine_leaves=12 accepted_derefine_parents=0 created_leaves=0 deleted_leaves=0 mirror_mismatches=0
elapsed=1.103535e+03 cycle=1333 time=7.682813e+00 dt=4.687500e-03
CARTOON_AMR_TRANSACTION cycle=1334 requested_refine=0 requested_derefine_leaves=12 accepted_derefine_parents=0 created_leaves=0 deleted_leaves=0 mirror_mismatches=0
elapsed=1.104311e+03 cycle=1334 time=7.687500e+00 dt=4.687500e-03
CARTOON_AMR_TRANSACTION cycle=1335 requested_refine=0 requested_derefine_leaves=12 accepted_derefine_parents=0 created_leaves=0 deleted_leaves=0 mirror_mismatches=0
elapsed=1.105084e+03 cycle=1335 time=7.692188e+00 dt=4.687500e-03
CARTOON_AMR_TRANSACTION cycle=1336 requested_refine=0 requested_derefine_leaves=12 accepted_derefine_parents=0 created_leaves=0 deleted_leaves=0 mirror_mismatches=0
elapsed=1.105867e+03 cycle=1336 time=7.696875e+00 dt=4.687500e-03
CARTOON_AMR_TRANSACTION cycle=1337 requested_refine=0 requested_derefine_leaves=12 accepted_derefine_parents=0 created_leaves=0 deleted_leaves=0 mirror_mismatches=0
elapsed=1.106645e+03 cycle=1337 time=7.701563e+00 dt=4.687500e-03
CARTOON_AMR_TRANSACTION cycle=1338 requested_refine=0 requested_derefine_leaves=12 accepted_derefine_parents=0 created_leaves=0 deleted_leaves=0 mirror_mismatches=0
elapsed=1.107416e+03 cycle=1338 time=7.706250e+00 dt=4.687500e-03
CARTOON_AMR_TRANSACTION cycle=1339 requested_refine=0 requested_derefine_leaves=12 accepted_derefine_parents=0 created_leaves=0 deleted_leaves=0 mirror_mismatches=0
elapsed=1.108195e+03 cycle=1339 time=7.710938e+00 dt=4.687500e-03
CARTOON_AMR_TRANSACTION cycle=1340 requested_refine=0 requested_derefine_leaves=12 accepted_derefine_parents=0 created_leaves=0 deleted_leaves=0 mirror_mismatches=0
elapsed=1.108972e+03 cycle=1340 time=7.715625e+00 dt=4.687500e-03
CARTOON_AMR_TRANSACTION cycle=1341 requested_refine=0 requested_derefine_leaves=12 accepted_derefine_parents=0 created_leaves=0 deleted_leaves=0 mirror_mismatches=0
elapsed=1.109748e+03 cycle=1341 time=7.720313e+00 dt=4.687500e-03
CARTOON_AMR_TRANSACTION cycle=1342 requested_refine=0 requested_derefine_leaves=12 accepted_derefine_parents=0 created_leaves=0 deleted_leaves=0 mirror_mismatches=0
elapsed=1.110533e+03 cycle=1342 time=7.725000e+00 dt=4.687500e-03
CARTOON_AMR_TRANSACTION cycle=1343 requested_refine=0 requested_derefine_leaves=12 accepted_derefine_parents=0 created_leaves=0 deleted_leaves=0 mirror_mismatches=0
elapsed=1.111305e+03 cycle=1343 time=7.729688e+00 dt=4.687500e-03
CARTOON_AMR_TRANSACTION cycle=1344 requested_refine=0 requested_derefine_leaves=11 accepted_derefine_parents=0 created_leaves=0 deleted_leaves=0 mirror_mismatches=0
elapsed=1.112145e+03 cycle=1344 time=7.734375e+00 dt=4.687500e-03
CARTOON_AMR_TRANSACTION cycle=1345 requested_refine=0 requested_derefine_leaves=10 accepted_derefine_parents=0 created_leaves=0 deleted_leaves=0 mirror_mismatches=0
elapsed=1.112919e+03 cycle=1345 time=7.739063e+00 dt=4.687500e-03
CARTOON_AMR_TRANSACTION cycle=1346 requested_refine=0 requested_derefine_leaves=10 accepted_derefine_parents=0 created_leaves=0 deleted_leaves=0 mirror_mismatches=0
elapsed=1.113693e+03 cycle=1346 time=7.743750e+00 dt=4.687500e-03
CARTOON_AMR_TRANSACTION cycle=1347 requested_refine=0 requested_derefine_leaves=10 accepted_derefine_parents=0 created_leaves=0 deleted_leaves=0 mirror_mismatches=0
elapsed=1.114472e+03 cycle=1347 time=7.748438e+00 dt=4.687500e-03
CARTOON_AMR_TRANSACTION cycle=1348 requested_refine=0 requested_derefine_leaves=10 accepted_derefine_parents=0 created_leaves=0 deleted_leaves=0 mirror_mismatches=0
elapsed=1.115247e+03 cycle=1348 time=7.753125e+00 dt=4.687500e-03
CARTOON_AMR_TRANSACTION cycle=1349 requested_refine=0 requested_derefine_leaves=10 accepted_derefine_parents=0 created_leaves=0 deleted_leaves=0 mirror_mismatches=0
elapsed=1.116020e+03 cycle=1349 time=7.757813e+00 dt=4.687500e-03
CARTOON_AMR_TRANSACTION cycle=1350 requested_refine=0 requested_derefine_leaves=10 accepted_derefine_parents=0 created_leaves=0 deleted_leaves=0 mirror_mismatches=0
elapsed=1.116793e+03 cycle=1350 time=7.762500e+00 dt=4.687500e-03
CARTOON_AMR_TRANSACTION cycle=1351 requested_refine=0 requested_derefine_leaves=10 accepted_derefine_parents=0 created_leaves=0 deleted_leaves=0 mirror_mismatches=0
elapsed=1.117565e+03 cycle=1351 time=7.767188e+00 dt=4.687500e-03
CARTOON_AMR_TRANSACTION cycle=1352 requested_refine=0 requested_derefine_leaves=10 accepted_derefine_parents=0 created_leaves=0 deleted_leaves=0 mirror_mismatches=0
elapsed=1.118345e+03 cycle=1352 time=7.771875e+00 dt=4.687500e-03
CARTOON_AMR_TRANSACTION cycle=1353 requested_refine=0 requested_derefine_leaves=10 accepted_derefine_parents=0 created_leaves=0 deleted_leaves=0 mirror_mismatches=0
elapsed=1.119123e+03 cycle=1353 time=7.776563e+00 dt=4.687500e-03
CARTOON_AMR_TRANSACTION cycle=1354 requested_refine=0 requested_derefine_leaves=10 accepted_derefine_parents=0 created_leaves=0 deleted_leaves=0 mirror_mismatches=0
elapsed=1.119896e+03 cycle=1354 time=7.781250e+00 dt=4.687500e-03
CARTOON_AMR_TRANSACTION cycle=1355 requested_refine=0 requested_derefine_leaves=11 accepted_derefine_parents=0 created_leaves=0 deleted_leaves=0 mirror_mismatches=0
elapsed=1.120672e+03 cycle=1355 time=7.785938e+00 dt=4.687500e-03
CARTOON_AMR_TRANSACTION cycle=1356 requested_refine=0 requested_derefine_leaves=11 accepted_derefine_parents=0 created_leaves=0 deleted_leaves=0 mirror_mismatches=0
elapsed=1.121451e+03 cycle=1356 time=7.790625e+00 dt=4.687500e-03
CARTOON_AMR_TRANSACTION cycle=1357 requested_refine=0 requested_derefine_leaves=12 accepted_derefine_parents=0 created_leaves=0 deleted_leaves=0 mirror_mismatches=0
elapsed=1.122223e+03 cycle=1357 time=7.795313e+00 dt=4.687500e-03
CARTOON_AMR_TRANSACTION cycle=1358 requested_refine=0 requested_derefine_leaves=12 accepted_derefine_parents=0 created_leaves=0 deleted_leaves=0 mirror_mismatches=0
elapsed=1.123000e+03 cycle=1358 time=7.800000e+00 dt=4.687500e-03
CARTOON_AMR_TRANSACTION cycle=1359 requested_refine=0 requested_derefine_leaves=12 accepted_derefine_parents=0 created_leaves=0 deleted_leaves=0 mirror_mismatches=0
elapsed=1.123776e+03 cycle=1359 time=7.804688e+00 dt=4.687500e-03
CARTOON_AMR_TRANSACTION cycle=1360 requested_refine=0 requested_derefine_leaves=12 accepted_derefine_parents=0 created_leaves=0 deleted_leaves=0 mirror_mismatches=0
elapsed=1.124556e+03 cycle=1360 time=7.809375e+00 dt=4.687500e-03
CARTOON_AMR_TRANSACTION cycle=1361 requested_refine=0 requested_derefine_leaves=12 accepted_derefine_parents=0 created_leaves=0 deleted_leaves=0 mirror_mismatches=0
elapsed=1.125339e+03 cycle=1361 time=7.814063e+00 dt=4.687500e-03
CARTOON_AMR_TRANSACTION cycle=1362 requested_refine=0 requested_derefine_leaves=12 accepted_derefine_parents=0 created_leaves=0 deleted_leaves=0 mirror_mismatches=0
elapsed=1.126111e+03 cycle=1362 time=7.818750e+00 dt=4.687500e-03
CARTOON_AMR_TRANSACTION cycle=1363 requested_refine=0 requested_derefine_leaves=12 accepted_derefine_parents=0 created_leaves=0 deleted_leaves=0 mirror_mismatches=0
elapsed=1.126886e+03 cycle=1363 time=7.823438e+00 dt=4.687500e-03
CARTOON_AMR_TRANSACTION cycle=1364 requested_refine=0 requested_derefine_leaves=12 accepted_derefine_parents=0 created_leaves=0 deleted_leaves=0 mirror_mismatches=0
elapsed=1.127663e+03 cycle=1364 time=7.828125e+00 dt=4.687500e-03
CARTOON_AMR_TRANSACTION cycle=1365 requested_refine=0 requested_derefine_leaves=12 accepted_derefine_parents=0 created_leaves=0 deleted_leaves=0 mirror_mismatches=0
elapsed=1.128438e+03 cycle=1365 time=7.832813e+00 dt=4.687500e-03
CARTOON_AMR_TRANSACTION cycle=1366 requested_refine=0 requested_derefine_leaves=12 accepted_derefine_parents=0 created_leaves=0 deleted_leaves=0 mirror_mismatches=0
elapsed=1.129214e+03 cycle=1366 time=7.837500e+00 dt=4.687500e-03
CARTOON_AMR_TRANSACTION cycle=1367 requested_refine=0 requested_derefine_leaves=12 accepted_derefine_parents=0 created_leaves=0 deleted_leaves=0 mirror_mismatches=0
elapsed=1.129990e+03 cycle=1367 time=7.842188e+00 dt=4.687500e-03
CARTOON_AMR_TRANSACTION cycle=1368 requested_refine=0 requested_derefine_leaves=12 accepted_derefine_parents=0 created_leaves=0 deleted_leaves=0 mirror_mismatches=0
elapsed=1.130766e+03 cycle=1368 time=7.846875e+00 dt=4.687500e-03
CARTOON_AMR_TRANSACTION cycle=1369 requested_refine=0 requested_derefine_leaves=12 accepted_derefine_parents=0 created_leaves=0 deleted_leaves=0 mirror_mismatches=0
elapsed=1.131543e+03 cycle=1369 time=7.851563e+00 dt=4.687500e-03
CARTOON_AMR_TRANSACTION cycle=1370 requested_refine=0 requested_derefine_leaves=12 accepted_derefine_parents=0 created_leaves=0 deleted_leaves=0 mirror_mismatches=0
elapsed=1.132315e+03 cycle=1370 time=7.856250e+00 dt=4.687500e-03
CARTOON_AMR_TRANSACTION cycle=1371 requested_refine=0 requested_derefine_leaves=12 accepted_derefine_parents=0 created_leaves=0 deleted_leaves=0 mirror_mismatches=0
elapsed=1.133094e+03 cycle=1371 time=7.860938e+00 dt=4.687500e-03
CARTOON_AMR_TRANSACTION cycle=1372 requested_refine=0 requested_derefine_leaves=12 accepted_derefine_parents=0 created_leaves=0 deleted_leaves=0 mirror_mismatches=0
elapsed=1.133869e+03 cycle=1372 time=7.865625e+00 dt=4.687500e-03
CARTOON_AMR_TRANSACTION cycle=1373 requested_refine=0 requested_derefine_leaves=12 accepted_derefine_parents=0 created_leaves=0 deleted_leaves=0 mirror_mismatches=0
elapsed=1.138265e+03 cycle=1373 time=7.870313e+00 dt=4.687500e-03
CARTOON_AMR_TRANSACTION cycle=1374 requested_refine=0 requested_derefine_leaves=12 accepted_derefine_parents=0 created_leaves=0 deleted_leaves=0 mirror_mismatches=0
elapsed=1.139036e+03 cycle=1374 time=7.875000e+00 dt=4.687500e-03
CARTOON_AMR_TRANSACTION cycle=1375 requested_refine=0 requested_derefine_leaves=12 accepted_derefine_parents=0 created_leaves=0 deleted_leaves=0 mirror_mismatches=0
elapsed=1.139809e+03 cycle=1375 time=7.879688e+00 dt=4.687500e-03
CARTOON_AMR_TRANSACTION cycle=1376 requested_refine=0 requested_derefine_leaves=12 accepted_derefine_parents=0 created_leaves=0 deleted_leaves=0 mirror_mismatches=0
elapsed=1.140588e+03 cycle=1376 time=7.884375e+00 dt=4.687500e-03
CARTOON_AMR_TRANSACTION cycle=1377 requested_refine=0 requested_derefine_leaves=12 accepted_derefine_parents=0 created_leaves=0 deleted_leaves=0 mirror_mismatches=0
elapsed=1.141365e+03 cycle=1377 time=7.889063e+00 dt=4.687500e-03
CARTOON_AMR_TRANSACTION cycle=1378 requested_refine=0 requested_derefine_leaves=12 accepted_derefine_parents=0 created_leaves=0 deleted_leaves=0 mirror_mismatches=0
elapsed=1.142138e+03 cycle=1378 time=7.893750e+00 dt=4.687500e-03
CARTOON_AMR_TRANSACTION cycle=1379 requested_refine=0 requested_derefine_leaves=12 accepted_derefine_parents=0 created_leaves=0 deleted_leaves=0 mirror_mismatches=0
elapsed=1.142913e+03 cycle=1379 time=7.898438e+00 dt=4.687500e-03
CARTOON_AMR_TRANSACTION cycle=1380 requested_refine=0 requested_derefine_leaves=12 accepted_derefine_parents=0 created_leaves=0 deleted_leaves=0 mirror_mismatches=0
elapsed=1.143688e+03 cycle=1380 time=7.903125e+00 dt=4.687500e-03
CARTOON_AMR_TRANSACTION cycle=1381 requested_refine=0 requested_derefine_leaves=12 accepted_derefine_parents=0 created_leaves=0 deleted_leaves=0 mirror_mismatches=0
elapsed=1.144461e+03 cycle=1381 time=7.907813e+00 dt=4.687500e-03
CARTOON_AMR_TRANSACTION cycle=1382 requested_refine=0 requested_derefine_leaves=12 accepted_derefine_parents=0 created_leaves=0 deleted_leaves=0 mirror_mismatches=0
elapsed=1.145244e+03 cycle=1382 time=7.912500e+00 dt=4.687500e-03
CARTOON_AMR_TRANSACTION cycle=1383 requested_refine=0 requested_derefine_leaves=12 accepted_derefine_parents=0 created_leaves=0 deleted_leaves=0 mirror_mismatches=0
elapsed=1.146017e+03 cycle=1383 time=7.917188e+00 dt=4.687500e-03
CARTOON_AMR_TRANSACTION cycle=1384 requested_refine=0 requested_derefine_leaves=12 accepted_derefine_parents=0 created_leaves=0 deleted_leaves=0 mirror_mismatches=0
elapsed=1.146800e+03 cycle=1384 time=7.921875e+00 dt=4.687500e-03
CARTOON_AMR_TRANSACTION cycle=1385 requested_refine=0 requested_derefine_leaves=12 accepted_derefine_parents=0 created_leaves=0 deleted_leaves=0 mirror_mismatches=0
elapsed=1.147576e+03 cycle=1385 time=7.926563e+00 dt=4.687500e-03
CARTOON_AMR_TRANSACTION cycle=1386 requested_refine=0 requested_derefine_leaves=12 accepted_derefine_parents=0 created_leaves=0 deleted_leaves=0 mirror_mismatches=0
elapsed=1.148346e+03 cycle=1386 time=7.931250e+00 dt=4.687500e-03
CARTOON_AMR_TRANSACTION cycle=1387 requested_refine=0 requested_derefine_leaves=12 accepted_derefine_parents=0 created_leaves=0 deleted_leaves=0 mirror_mismatches=0
elapsed=1.149122e+03 cycle=1387 time=7.935938e+00 dt=4.687500e-03
CARTOON_AMR_TRANSACTION cycle=1388 requested_refine=0 requested_derefine_leaves=12 accepted_derefine_parents=0 created_leaves=0 deleted_leaves=0 mirror_mismatches=0
elapsed=1.149900e+03 cycle=1388 time=7.940625e+00 dt=4.687500e-03
CARTOON_AMR_TRANSACTION cycle=1389 requested_refine=0 requested_derefine_leaves=12 accepted_derefine_parents=0 created_leaves=0 deleted_leaves=0 mirror_mismatches=0
elapsed=1.150675e+03 cycle=1389 time=7.945313e+00 dt=4.687500e-03
CARTOON_AMR_TRANSACTION cycle=1390 requested_refine=0 requested_derefine_leaves=12 accepted_derefine_parents=0 created_leaves=0 deleted_leaves=0 mirror_mismatches=0
elapsed=1.151454e+03 cycle=1390 time=7.950000e+00 dt=4.687500e-03
CARTOON_AMR_TRANSACTION cycle=1391 requested_refine=0 requested_derefine_leaves=12 accepted_derefine_parents=0 created_leaves=0 deleted_leaves=0 mirror_mismatches=0
elapsed=1.152226e+03 cycle=1391 time=7.954688e+00 dt=4.687500e-03
CARTOON_AMR_TRANSACTION cycle=1392 requested_refine=0 requested_derefine_leaves=12 accepted_derefine_parents=0 created_leaves=0 deleted_leaves=0 mirror_mismatches=0
elapsed=1.153002e+03 cycle=1392 time=7.959375e+00 dt=4.687500e-03
CARTOON_AMR_TRANSACTION cycle=1393 requested_refine=0 requested_derefine_leaves=12 accepted_derefine_parents=0 created_leaves=0 deleted_leaves=0 mirror_mismatches=0
elapsed=1.153781e+03 cycle=1393 time=7.964063e+00 dt=4.687500e-03
CARTOON_AMR_TRANSACTION cycle=1394 requested_refine=0 requested_derefine_leaves=12 accepted_derefine_parents=0 created_leaves=0 deleted_leaves=0 mirror_mismatches=0
elapsed=1.154553e+03 cycle=1394 time=7.968750e+00 dt=4.687500e-03
CARTOON_AMR_TRANSACTION cycle=1395 requested_refine=0 requested_derefine_leaves=12 accepted_derefine_parents=0 created_leaves=0 deleted_leaves=0 mirror_mismatches=0
elapsed=1.155327e+03 cycle=1395 time=7.973438e+00 dt=4.687500e-03
CARTOON_AMR_TRANSACTION cycle=1396 requested_refine=0 requested_derefine_leaves=12 accepted_derefine_parents=0 created_leaves=0 deleted_leaves=0 mirror_mismatches=0
elapsed=1.156111e+03 cycle=1396 time=7.978125e+00 dt=4.687500e-03
CARTOON_AMR_TRANSACTION cycle=1397 requested_refine=0 requested_derefine_leaves=12 accepted_derefine_parents=0 created_leaves=0 deleted_leaves=0 mirror_mismatches=0
elapsed=1.156891e+03 cycle=1397 time=7.982813e+00 dt=4.687500e-03
CARTOON_AMR_TRANSACTION cycle=1398 requested_refine=0 requested_derefine_leaves=12 accepted_derefine_parents=0 created_leaves=0 deleted_leaves=0 mirror_mismatches=0
elapsed=1.157673e+03 cycle=1398 time=7.987500e+00 dt=4.687500e-03
CARTOON_AMR_TRANSACTION cycle=1399 requested_refine=0 requested_derefine_leaves=12 accepted_derefine_parents=0 created_leaves=0 deleted_leaves=0 mirror_mismatches=0
elapsed=1.158444e+03 cycle=1399 time=7.992188e+00 dt=4.687500e-03
CARTOON_AMR_TRANSACTION cycle=1400 requested_refine=0 requested_derefine_leaves=12 accepted_derefine_parents=0 created_leaves=0 deleted_leaves=0 mirror_mismatches=0
elapsed=1.159223e+03 cycle=1400 time=7.996875e+00 dt=4.687500e-03
CARTOON_AMR_TRANSACTION cycle=1401 requested_refine=0 requested_derefine_leaves=12 accepted_derefine_parents=0 created_leaves=0 deleted_leaves=0 mirror_mismatches=0
elapsed=1.159999e+03 cycle=1401 time=8.001563e+00 dt=4.687500e-03
CARTOON_AMR_TRANSACTION cycle=1402 requested_refine=0 requested_derefine_leaves=12 accepted_derefine_parents=0 created_leaves=0 deleted_leaves=0 mirror_mismatches=0
elapsed=1.160770e+03 cycle=1402 time=8.006250e+00 dt=4.687500e-03
CARTOON_AMR_TRANSACTION cycle=1403 requested_refine=0 requested_derefine_leaves=12 accepted_derefine_parents=0 created_leaves=0 deleted_leaves=0 mirror_mismatches=0
elapsed=1.161550e+03 cycle=1403 time=8.010938e+00 dt=4.687500e-03
CARTOON_AMR_TRANSACTION cycle=1404 requested_refine=0 requested_derefine_leaves=12 accepted_derefine_parents=0 created_leaves=0 deleted_leaves=0 mirror_mismatches=0
elapsed=1.162325e+03 cycle=1404 time=8.015625e+00 dt=4.687500e-03
CARTOON_AMR_TRANSACTION cycle=1405 requested_refine=0 requested_derefine_leaves=12 accepted_derefine_parents=0 created_leaves=0 deleted_leaves=0 mirror_mismatches=0
elapsed=1.163099e+03 cycle=1405 time=8.020313e+00 dt=4.687500e-03
CARTOON_AMR_TRANSACTION cycle=1406 requested_refine=0 requested_derefine_leaves=12 accepted_derefine_parents=0 created_leaves=0 deleted_leaves=0 mirror_mismatches=0
elapsed=1.163875e+03 cycle=1406 time=8.025000e+00 dt=4.687500e-03
CARTOON_AMR_TRANSACTION cycle=1407 requested_refine=0 requested_derefine_leaves=12 accepted_derefine_parents=0 created_leaves=0 deleted_leaves=0 mirror_mismatches=0
elapsed=1.164654e+03 cycle=1407 time=8.029688e+00 dt=4.687500e-03
CARTOON_AMR_TRANSACTION cycle=1408 requested_refine=0 requested_derefine_leaves=12 accepted_derefine_parents=0 created_leaves=0 deleted_leaves=0 mirror_mismatches=0
elapsed=1.165527e+03 cycle=1408 time=8.034375e+00 dt=4.687500e-03
CARTOON_AMR_TRANSACTION cycle=1409 requested_refine=0 requested_derefine_leaves=12 accepted_derefine_parents=0 created_leaves=0 deleted_leaves=0 mirror_mismatches=0
elapsed=1.167634e+03 cycle=1409 time=8.039063e+00 dt=4.687500e-03
CARTOON_AMR_TRANSACTION cycle=1410 requested_refine=0 requested_derefine_leaves=12 accepted_derefine_parents=0 created_leaves=0 deleted_leaves=0 mirror_mismatches=0
elapsed=1.168411e+03 cycle=1410 time=8.043750e+00 dt=4.687500e-03
CARTOON_AMR_TRANSACTION cycle=1411 requested_refine=0 requested_derefine_leaves=12 accepted_derefine_parents=0 created_leaves=0 deleted_leaves=0 mirror_mismatches=0
elapsed=1.169187e+03 cycle=1411 time=8.048438e+00 dt=4.687500e-03
CARTOON_AMR_TRANSACTION cycle=1412 requested_refine=0 requested_derefine_leaves=12 accepted_derefine_parents=0 created_leaves=0 deleted_leaves=0 mirror_mismatches=0
elapsed=1.169970e+03 cycle=1412 time=8.053125e+00 dt=4.687500e-03
CARTOON_AMR_TRANSACTION cycle=1413 requested_refine=0 requested_derefine_leaves=12 accepted_derefine_parents=0 created_leaves=0 deleted_leaves=0 mirror_mismatches=0
elapsed=1.170750e+03 cycle=1413 time=8.057813e+00 dt=4.687500e-03
CARTOON_AMR_TRANSACTION cycle=1414 requested_refine=0 requested_derefine_leaves=12 accepted_derefine_parents=0 created_leaves=0 deleted_leaves=0 mirror_mismatches=0
elapsed=1.171529e+03 cycle=1414 time=8.062500e+00 dt=4.687500e-03
CARTOON_AMR_TRANSACTION cycle=1415 requested_refine=0 requested_derefine_leaves=12 accepted_derefine_parents=0 created_leaves=0 deleted_leaves=0 mirror_mismatches=0
elapsed=1.172308e+03 cycle=1415 time=8.067188e+00 dt=4.687500e-03
CARTOON_AMR_TRANSACTION cycle=1416 requested_refine=0 requested_derefine_leaves=12 accepted_derefine_parents=0 created_leaves=0 deleted_leaves=0 mirror_mismatches=0
elapsed=1.173090e+03 cycle=1416 time=8.071875e+00 dt=4.687500e-03
CARTOON_AMR_TRANSACTION cycle=1417 requested_refine=0 requested_derefine_leaves=12 accepted_derefine_parents=0 created_leaves=0 deleted_leaves=0 mirror_mismatches=0
elapsed=1.173869e+03 cycle=1417 time=8.076563e+00 dt=4.687500e-03
CARTOON_AMR_TRANSACTION cycle=1418 requested_refine=0 requested_derefine_leaves=12 accepted_derefine_parents=0 created_leaves=0 deleted_leaves=0 mirror_mismatches=0
elapsed=1.174645e+03 cycle=1418 time=8.081250e+00 dt=4.687500e-03
CARTOON_AMR_TRANSACTION cycle=1419 requested_refine=0 requested_derefine_leaves=12 accepted_derefine_parents=0 created_leaves=0 deleted_leaves=0 mirror_mismatches=0
elapsed=1.175422e+03 cycle=1419 time=8.085938e+00 dt=4.687500e-03
CARTOON_AMR_TRANSACTION cycle=1420 requested_refine=0 requested_derefine_leaves=12 accepted_derefine_parents=0 created_leaves=0 deleted_leaves=0 mirror_mismatches=0
elapsed=1.176208e+03 cycle=1420 time=8.090625e+00 dt=4.687500e-03
CARTOON_AMR_TRANSACTION cycle=1421 requested_refine=0 requested_derefine_leaves=12 accepted_derefine_parents=0 created_leaves=0 deleted_leaves=0 mirror_mismatches=0
elapsed=1.176981e+03 cycle=1421 time=8.095313e+00 dt=4.687500e-03
CARTOON_AMR_TRANSACTION cycle=1422 requested_refine=0 requested_derefine_leaves=12 accepted_derefine_parents=0 created_leaves=0 deleted_leaves=0 mirror_mismatches=0
elapsed=1.177755e+03 cycle=1422 time=8.100000e+00 dt=4.687500e-03
CARTOON_AMR_TRANSACTION cycle=1423 requested_refine=0 requested_derefine_leaves=12 accepted_derefine_parents=0 created_leaves=0 deleted_leaves=0 mirror_mismatches=0
elapsed=1.178532e+03 cycle=1423 time=8.104688e+00 dt=4.687500e-03
CARTOON_AMR_TRANSACTION cycle=1424 requested_refine=0 requested_derefine_leaves=12 accepted_derefine_parents=0 created_leaves=0 deleted_leaves=0 mirror_mismatches=0
elapsed=1.179304e+03 cycle=1424 time=8.109375e+00 dt=4.687500e-03
CARTOON_AMR_TRANSACTION cycle=1425 requested_refine=0 requested_derefine_leaves=12 accepted_derefine_parents=0 created_leaves=0 deleted_leaves=0 mirror_mismatches=0
elapsed=1.180073e+03 cycle=1425 time=8.114063e+00 dt=4.687500e-03
CARTOON_AMR_TRANSACTION cycle=1426 requested_refine=0 requested_derefine_leaves=12 accepted_derefine_parents=0 created_leaves=0 deleted_leaves=0 mirror_mismatches=0
elapsed=1.180847e+03 cycle=1426 time=8.118750e+00 dt=4.687500e-03
CARTOON_AMR_TRANSACTION cycle=1427 requested_refine=0 requested_derefine_leaves=12 accepted_derefine_parents=0 created_leaves=0 deleted_leaves=0 mirror_mismatches=0
elapsed=1.181623e+03 cycle=1427 time=8.123438e+00 dt=4.687500e-03
CARTOON_AMR_TRANSACTION cycle=1428 requested_refine=0 requested_derefine_leaves=12 accepted_derefine_parents=0 created_leaves=0 deleted_leaves=0 mirror_mismatches=0
elapsed=1.182410e+03 cycle=1428 time=8.128125e+00 dt=4.687500e-03
CARTOON_AMR_TRANSACTION cycle=1429 requested_refine=0 requested_derefine_leaves=12 accepted_derefine_parents=0 created_leaves=0 deleted_leaves=0 mirror_mismatches=0
elapsed=1.183188e+03 cycle=1429 time=8.132813e+00 dt=4.687500e-03
CARTOON_AMR_TRANSACTION cycle=1430 requested_refine=0 requested_derefine_leaves=12 accepted_derefine_parents=0 created_leaves=0 deleted_leaves=0 mirror_mismatches=0
elapsed=1.183962e+03 cycle=1430 time=8.137500e+00 dt=4.687500e-03
CARTOON_AMR_TRANSACTION cycle=1431 requested_refine=0 requested_derefine_leaves=12 accepted_derefine_parents=0 created_leaves=0 deleted_leaves=0 mirror_mismatches=0
elapsed=1.184741e+03 cycle=1431 time=8.142188e+00 dt=4.687500e-03
CARTOON_AMR_TRANSACTION cycle=1432 requested_refine=0 requested_derefine_leaves=12 accepted_derefine_parents=0 created_leaves=0 deleted_leaves=0 mirror_mismatches=0
elapsed=1.185519e+03 cycle=1432 time=8.146875e+00 dt=4.687500e-03
CARTOON_AMR_TRANSACTION cycle=1433 requested_refine=0 requested_derefine_leaves=12 accepted_derefine_parents=0 created_leaves=0 deleted_leaves=0 mirror_mismatches=0
elapsed=1.186289e+03 cycle=1433 time=8.151563e+00 dt=4.687500e-03
CARTOON_AMR_TRANSACTION cycle=1434 requested_refine=0 requested_derefine_leaves=12 accepted_derefine_parents=0 created_leaves=0 deleted_leaves=0 mirror_mismatches=0
elapsed=1.187063e+03 cycle=1434 time=8.156250e+00 dt=4.687500e-03
CARTOON_AMR_TRANSACTION cycle=1435 requested_refine=0 requested_derefine_leaves=12 accepted_derefine_parents=0 created_leaves=0 deleted_leaves=0 mirror_mismatches=0
elapsed=1.187841e+03 cycle=1435 time=8.160938e+00 dt=4.687500e-03
CARTOON_AMR_TRANSACTION cycle=1436 requested_refine=0 requested_derefine_leaves=12 accepted_derefine_parents=0 created_leaves=0 deleted_leaves=0 mirror_mismatches=0
elapsed=1.188619e+03 cycle=1436 time=8.165625e+00 dt=4.687500e-03
CARTOON_AMR_TRANSACTION cycle=1437 requested_refine=0 requested_derefine_leaves=12 accepted_derefine_parents=0 created_leaves=0 deleted_leaves=0 mirror_mismatches=0
elapsed=1.189393e+03 cycle=1437 time=8.170313e+00 dt=4.687500e-03
CARTOON_AMR_TRANSACTION cycle=1438 requested_refine=0 requested_derefine_leaves=12 accepted_derefine_parents=0 created_leaves=0 deleted_leaves=0 mirror_mismatches=0
elapsed=1.190166e+03 cycle=1438 time=8.175000e+00 dt=4.687500e-03
CARTOON_AMR_TRANSACTION cycle=1439 requested_refine=0 requested_derefine_leaves=12 accepted_derefine_parents=0 created_leaves=0 deleted_leaves=0 mirror_mismatches=0
elapsed=1.190942e+03 cycle=1439 time=8.179688e+00 dt=4.687500e-03
CARTOON_AMR_TRANSACTION cycle=1440 requested_refine=0 requested_derefine_leaves=12 accepted_derefine_parents=0 created_leaves=0 deleted_leaves=0 mirror_mismatches=0
elapsed=1.191719e+03 cycle=1440 time=8.184375e+00 dt=4.687500e-03
CARTOON_AMR_TRANSACTION cycle=1441 requested_refine=0 requested_derefine_leaves=12 accepted_derefine_parents=0 created_leaves=0 deleted_leaves=0 mirror_mismatches=0
elapsed=1.192494e+03 cycle=1441 time=8.189063e+00 dt=4.687500e-03
CARTOON_AMR_TRANSACTION cycle=1442 requested_refine=0 requested_derefine_leaves=12 accepted_derefine_parents=0 created_leaves=0 deleted_leaves=0 mirror_mismatches=0
elapsed=1.193269e+03 cycle=1442 time=8.193750e+00 dt=4.687500e-03
CARTOON_AMR_TRANSACTION cycle=1443 requested_refine=0 requested_derefine_leaves=11 accepted_derefine_parents=0 created_leaves=0 deleted_leaves=0 mirror_mismatches=0
elapsed=1.194042e+03 cycle=1443 time=8.198438e+00 dt=4.687500e-03
CARTOON_AMR_TRANSACTION cycle=1444 requested_refine=1 requested_derefine_leaves=10 accepted_derefine_parents=0 created_leaves=3 deleted_leaves=0 mirror_mismatches=0
AMR_Z4C_CHI_PROLONGATION cycle=1444 local_fallback_groups=0,0,0,0 global_fallback_groups=0 global_high_order_groups=1024
elapsed=1.194827e+03 cycle=1444 time=8.203125e+00 dt=4.687500e-03
CARTOON_AMR_TRANSACTION cycle=1445 requested_refine=0 requested_derefine_leaves=13 accepted_derefine_parents=0 created_leaves=0 deleted_leaves=0 mirror_mismatches=0
elapsed=1.195605e+03 cycle=1445 time=8.207813e+00 dt=4.687500e-03
CARTOON_AMR_TRANSACTION cycle=1446 requested_refine=0 requested_derefine_leaves=13 accepted_derefine_parents=0 created_leaves=0 deleted_leaves=0 mirror_mismatches=0
elapsed=1.196389e+03 cycle=1446 time=8.212500e+00 dt=4.687500e-03
CARTOON_AMR_TRANSACTION cycle=1447 requested_refine=1 requested_derefine_leaves=14 accepted_derefine_parents=0 created_leaves=3 deleted_leaves=0 mirror_mismatches=0
AMR_Z4C_CHI_PROLONGATION cycle=1447 local_fallback_groups=0,0,0,0 global_fallback_groups=0 global_high_order_groups=1024
elapsed=1.197175e+03 cycle=1447 time=8.217188e+00 dt=4.687500e-03
CARTOON_AMR_TRANSACTION cycle=1448 requested_refine=0 requested_derefine_leaves=17 accepted_derefine_parents=0 created_leaves=0 deleted_leaves=0 mirror_mismatches=0
elapsed=1.197969e+03 cycle=1448 time=8.221875e+00 dt=4.687500e-03
CARTOON_AMR_TRANSACTION cycle=1449 requested_refine=0 requested_derefine_leaves=17 accepted_derefine_parents=0 created_leaves=0 deleted_leaves=0 mirror_mismatches=0
elapsed=1.198761e+03 cycle=1449 time=8.226563e+00 dt=4.687500e-03
CARTOON_AMR_TRANSACTION cycle=1450 requested_refine=0 requested_derefine_leaves=17 accepted_derefine_parents=0 created_leaves=0 deleted_leaves=0 mirror_mismatches=0
elapsed=1.199544e+03 cycle=1450 time=8.231250e+00 dt=4.687500e-03
CARTOON_AMR_TRANSACTION cycle=1451 requested_refine=0 requested_derefine_leaves=17 accepted_derefine_parents=0 created_leaves=0 deleted_leaves=0 mirror_mismatches=0
elapsed=1.200333e+03 cycle=1451 time=8.235938e+00 dt=4.687500e-03
CARTOON_AMR_TRANSACTION cycle=1452 requested_refine=0 requested_derefine_leaves=17 accepted_derefine_parents=0 created_leaves=0 deleted_leaves=0 mirror_mismatches=0
elapsed=1.201118e+03 cycle=1452 time=8.240625e+00 dt=4.687500e-03
CARTOON_AMR_TRANSACTION cycle=1453 requested_refine=0 requested_derefine_leaves=17 accepted_derefine_parents=0 created_leaves=0 deleted_leaves=0 mirror_mismatches=0
elapsed=1.201902e+03 cycle=1453 time=8.245313e+00 dt=4.687500e-03
CARTOON_AMR_TRANSACTION cycle=1454 requested_refine=0 requested_derefine_leaves=17 accepted_derefine_parents=0 created_leaves=0 deleted_leaves=0 mirror_mismatches=0
elapsed=1.202686e+03 cycle=1454 time=8.250000e+00 dt=4.687500e-03
CARTOON_AMR_TRANSACTION cycle=1455 requested_refine=0 requested_derefine_leaves=16 accepted_derefine_parents=0 created_leaves=0 deleted_leaves=0 mirror_mismatches=0
elapsed=1.203465e+03 cycle=1455 time=8.254688e+00 dt=4.687500e-03
CARTOON_AMR_TRANSACTION cycle=1456 requested_refine=0 requested_derefine_leaves=16 accepted_derefine_parents=0 created_leaves=0 deleted_leaves=0 mirror_mismatches=0
elapsed=1.204252e+03 cycle=1456 time=8.259375e+00 dt=4.687500e-03
CARTOON_AMR_TRANSACTION cycle=1457 requested_refine=0 requested_derefine_leaves=16 accepted_derefine_parents=0 created_leaves=0 deleted_leaves=0 mirror_mismatches=0
elapsed=1.205039e+03 cycle=1457 time=8.264063e+00 dt=4.687500e-03
CARTOON_AMR_TRANSACTION cycle=1458 requested_refine=0 requested_derefine_leaves=16 accepted_derefine_parents=0 created_leaves=0 deleted_leaves=0 mirror_mismatches=0
elapsed=1.205820e+03 cycle=1458 time=8.268750e+00 dt=4.687500e-03
CARTOON_AMR_TRANSACTION cycle=1459 requested_refine=0 requested_derefine_leaves=16 accepted_derefine_parents=0 created_leaves=0 deleted_leaves=0 mirror_mismatches=0
elapsed=1.206601e+03 cycle=1459 time=8.273438e+00 dt=4.687500e-03
CARTOON_AMR_TRANSACTION cycle=1460 requested_refine=0 requested_derefine_leaves=16 accepted_derefine_parents=0 created_leaves=0 deleted_leaves=0 mirror_mismatches=0
elapsed=1.207385e+03 cycle=1460 time=8.278125e+00 dt=4.687500e-03
CARTOON_AMR_TRANSACTION cycle=1461 requested_refine=0 requested_derefine_leaves=16 accepted_derefine_parents=0 created_leaves=0 deleted_leaves=0 mirror_mismatches=0
elapsed=1.208167e+03 cycle=1461 time=8.282813e+00 dt=4.687500e-03
CARTOON_AMR_TRANSACTION cycle=1462 requested_refine=0 requested_derefine_leaves=16 accepted_derefine_parents=0 created_leaves=0 deleted_leaves=0 mirror_mismatches=0
elapsed=1.208952e+03 cycle=1462 time=8.287500e+00 dt=4.687500e-03
CARTOON_AMR_TRANSACTION cycle=1463 requested_refine=0 requested_derefine_leaves=16 accepted_derefine_parents=0 created_leaves=0 deleted_leaves=0 mirror_mismatches=0
elapsed=1.209731e+03 cycle=1463 time=8.292188e+00 dt=4.687500e-03
CARTOON_AMR_TRANSACTION cycle=1464 requested_refine=0 requested_derefine_leaves=16 accepted_derefine_parents=0 created_leaves=0 deleted_leaves=0 mirror_mismatches=0
elapsed=1.210517e+03 cycle=1464 time=8.296875e+00 dt=4.687500e-03
CARTOON_AMR_TRANSACTION cycle=1465 requested_refine=0 requested_derefine_leaves=16 accepted_derefine_parents=0 created_leaves=0 deleted_leaves=0 mirror_mismatches=0
elapsed=1.211304e+03 cycle=1465 time=8.301563e+00 dt=4.687500e-03
CARTOON_AMR_TRANSACTION cycle=1466 requested_refine=0 requested_derefine_leaves=16 accepted_derefine_parents=0 created_leaves=0 deleted_leaves=0 mirror_mismatches=0
elapsed=1.212085e+03 cycle=1466 time=8.306250e+00 dt=4.687500e-03
CARTOON_AMR_TRANSACTION cycle=1467 requested_refine=0 requested_derefine_leaves=15 accepted_derefine_parents=0 created_leaves=0 deleted_leaves=0 mirror_mismatches=0
elapsed=1.212869e+03 cycle=1467 time=8.310938e+00 dt=4.687500e-03
CARTOON_AMR_TRANSACTION cycle=1468 requested_refine=0 requested_derefine_leaves=15 accepted_derefine_parents=0 created_leaves=0 deleted_leaves=0 mirror_mismatches=0
elapsed=1.213656e+03 cycle=1468 time=8.315625e+00 dt=4.687500e-03
CARTOON_AMR_TRANSACTION cycle=1469 requested_refine=0 requested_derefine_leaves=15 accepted_derefine_parents=0 created_leaves=0 deleted_leaves=0 mirror_mismatches=0
elapsed=1.214438e+03 cycle=1469 time=8.320313e+00 dt=4.687500e-03
CARTOON_AMR_TRANSACTION cycle=1470 requested_refine=0 requested_derefine_leaves=14 accepted_derefine_parents=0 created_leaves=0 deleted_leaves=0 mirror_mismatches=0
elapsed=1.215227e+03 cycle=1470 time=8.325000e+00 dt=4.687500e-03
CARTOON_AMR_TRANSACTION cycle=1471 requested_refine=0 requested_derefine_leaves=14 accepted_derefine_parents=0 created_leaves=0 deleted_leaves=0 mirror_mismatches=0
elapsed=1.216004e+03 cycle=1471 time=8.329688e+00 dt=4.687500e-03
CARTOON_AMR_TRANSACTION cycle=1472 requested_refine=0 requested_derefine_leaves=14 accepted_derefine_parents=0 created_leaves=0 deleted_leaves=0 mirror_mismatches=0
elapsed=1.216859e+03 cycle=1472 time=8.334375e+00 dt=4.687500e-03
CARTOON_AMR_TRANSACTION cycle=1473 requested_refine=0 requested_derefine_leaves=14 accepted_derefine_parents=0 created_leaves=0 deleted_leaves=0 mirror_mismatches=0
elapsed=1.217648e+03 cycle=1473 time=8.339063e+00 dt=4.687500e-03
CARTOON_AMR_TRANSACTION cycle=1474 requested_refine=0 requested_derefine_leaves=14 accepted_derefine_parents=0 created_leaves=0 deleted_leaves=0 mirror_mismatches=0
elapsed=1.218430e+03 cycle=1474 time=8.343750e+00 dt=4.687500e-03
CARTOON_AMR_TRANSACTION cycle=1475 requested_refine=0 requested_derefine_leaves=14 accepted_derefine_parents=0 created_leaves=0 deleted_leaves=0 mirror_mismatches=0
elapsed=1.219217e+03 cycle=1475 time=8.348438e+00 dt=4.687500e-03
CARTOON_AMR_TRANSACTION cycle=1476 requested_refine=0 requested_derefine_leaves=14 accepted_derefine_parents=0 created_leaves=0 deleted_leaves=0 mirror_mismatches=0
elapsed=1.219998e+03 cycle=1476 time=8.353125e+00 dt=4.687500e-03
CARTOON_AMR_TRANSACTION cycle=1477 requested_refine=0 requested_derefine_leaves=14 accepted_derefine_parents=0 created_leaves=0 deleted_leaves=0 mirror_mismatches=0
elapsed=1.220782e+03 cycle=1477 time=8.357813e+00 dt=4.687500e-03
CARTOON_AMR_TRANSACTION cycle=1478 requested_refine=0 requested_derefine_leaves=14 accepted_derefine_parents=0 created_leaves=0 deleted_leaves=0 mirror_mismatches=0
elapsed=1.221570e+03 cycle=1478 time=8.362500e+00 dt=4.687500e-03
CARTOON_AMR_TRANSACTION cycle=1479 requested_refine=0 requested_derefine_leaves=14 accepted_derefine_parents=0 created_leaves=0 deleted_leaves=0 mirror_mismatches=0
elapsed=1.222352e+03 cycle=1479 time=8.367188e+00 dt=4.687500e-03
CARTOON_AMR_TRANSACTION cycle=1480 requested_refine=0 requested_derefine_leaves=14 accepted_derefine_parents=0 created_leaves=0 deleted_leaves=0 mirror_mismatches=0
elapsed=1.223138e+03 cycle=1480 time=8.371875e+00 dt=4.687500e-03
CARTOON_AMR_TRANSACTION cycle=1481 requested_refine=0 requested_derefine_leaves=14 accepted_derefine_parents=0 created_leaves=0 deleted_leaves=0 mirror_mismatches=0
elapsed=1.223922e+03 cycle=1481 time=8.376563e+00 dt=4.687500e-03
CARTOON_AMR_TRANSACTION cycle=1482 requested_refine=0 requested_derefine_leaves=14 accepted_derefine_parents=0 created_leaves=0 deleted_leaves=0 mirror_mismatches=0
elapsed=1.224704e+03 cycle=1482 time=8.381250e+00 dt=4.687500e-03
CARTOON_AMR_TRANSACTION cycle=1483 requested_refine=0 requested_derefine_leaves=14 accepted_derefine_parents=0 created_leaves=0 deleted_leaves=0 mirror_mismatches=0
elapsed=1.225493e+03 cycle=1483 time=8.385938e+00 dt=4.687500e-03
CARTOON_AMR_TRANSACTION cycle=1484 requested_refine=0 requested_derefine_leaves=14 accepted_derefine_parents=0 created_leaves=0 deleted_leaves=0 mirror_mismatches=0
elapsed=1.226276e+03 cycle=1484 time=8.390625e+00 dt=4.687500e-03
CARTOON_AMR_TRANSACTION cycle=1485 requested_refine=0 requested_derefine_leaves=14 accepted_derefine_parents=0 created_leaves=0 deleted_leaves=0 mirror_mismatches=0
elapsed=1.227061e+03 cycle=1485 time=8.395313e+00 dt=4.687500e-03
CARTOON_AMR_TRANSACTION cycle=1486 requested_refine=0 requested_derefine_leaves=14 accepted_derefine_parents=0 created_leaves=0 deleted_leaves=0 mirror_mismatches=0
elapsed=1.227845e+03 cycle=1486 time=8.400000e+00 dt=4.687500e-03
CARTOON_AMR_TRANSACTION cycle=1487 requested_refine=0 requested_derefine_leaves=14 accepted_derefine_parents=0 created_leaves=0 deleted_leaves=0 mirror_mismatches=0
elapsed=1.228627e+03 cycle=1487 time=8.404688e+00 dt=4.687500e-03
CARTOON_AMR_TRANSACTION cycle=1488 requested_refine=0 requested_derefine_leaves=14 accepted_derefine_parents=0 created_leaves=0 deleted_leaves=0 mirror_mismatches=0
elapsed=1.229411e+03 cycle=1488 time=8.409375e+00 dt=4.687500e-03
CARTOON_AMR_TRANSACTION cycle=1489 requested_refine=0 requested_derefine_leaves=14 accepted_derefine_parents=0 created_leaves=0 deleted_leaves=0 mirror_mismatches=0
elapsed=1.230193e+03 cycle=1489 time=8.414063e+00 dt=4.687500e-03
CARTOON_AMR_TRANSACTION cycle=1490 requested_refine=0 requested_derefine_leaves=14 accepted_derefine_parents=0 created_leaves=0 deleted_leaves=0 mirror_mismatches=0
elapsed=1.230973e+03 cycle=1490 time=8.418750e+00 dt=4.687500e-03
CARTOON_AMR_TRANSACTION cycle=1491 requested_refine=0 requested_derefine_leaves=14 accepted_derefine_parents=0 created_leaves=0 deleted_leaves=0 mirror_mismatches=0
elapsed=1.231757e+03 cycle=1491 time=8.423438e+00 dt=4.687500e-03
CARTOON_AMR_TRANSACTION cycle=1492 requested_refine=0 requested_derefine_leaves=14 accepted_derefine_parents=0 created_leaves=0 deleted_leaves=0 mirror_mismatches=0
elapsed=1.232545e+03 cycle=1492 time=8.428125e+00 dt=4.687500e-03
CARTOON_AMR_TRANSACTION cycle=1493 requested_refine=0 requested_derefine_leaves=14 accepted_derefine_parents=0 created_leaves=0 deleted_leaves=0 mirror_mismatches=0
elapsed=1.233324e+03 cycle=1493 time=8.432813e+00 dt=4.687500e-03
CARTOON_AMR_TRANSACTION cycle=1494 requested_refine=0 requested_derefine_leaves=14 accepted_derefine_parents=0 created_leaves=0 deleted_leaves=0 mirror_mismatches=0
elapsed=1.234110e+03 cycle=1494 time=8.437500e+00 dt=4.687500e-03
CARTOON_AMR_TRANSACTION cycle=1495 requested_refine=0 requested_derefine_leaves=14 accepted_derefine_parents=0 created_leaves=0 deleted_leaves=0 mirror_mismatches=0
elapsed=1.234892e+03 cycle=1495 time=8.442188e+00 dt=4.687500e-03
CARTOON_AMR_TRANSACTION cycle=1496 requested_refine=0 requested_derefine_leaves=14 accepted_derefine_parents=0 created_leaves=0 deleted_leaves=0 mirror_mismatches=0
elapsed=1.235683e+03 cycle=1496 time=8.446875e+00 dt=4.687500e-03
CARTOON_AMR_TRANSACTION cycle=1497 requested_refine=0 requested_derefine_leaves=14 accepted_derefine_parents=0 created_leaves=0 deleted_leaves=0 mirror_mismatches=0
elapsed=1.236465e+03 cycle=1497 time=8.451563e+00 dt=4.687500e-03
CARTOON_AMR_TRANSACTION cycle=1498 requested_refine=0 requested_derefine_leaves=14 accepted_derefine_parents=0 created_leaves=0 deleted_leaves=0 mirror_mismatches=0
elapsed=1.237242e+03 cycle=1498 time=8.456250e+00 dt=4.687500e-03
CARTOON_AMR_TRANSACTION cycle=1499 requested_refine=0 requested_derefine_leaves=14 accepted_derefine_parents=0 created_leaves=0 deleted_leaves=0 mirror_mismatches=0
elapsed=1.238024e+03 cycle=1499 time=8.460938e+00 dt=4.687500e-03
CARTOON_AMR_TRANSACTION cycle=1500 requested_refine=0 requested_derefine_leaves=14 accepted_derefine_parents=0 created_leaves=0 deleted_leaves=0 mirror_mismatches=0
elapsed=1.238807e+03 cycle=1500 time=8.465625e+00 dt=4.687500e-03
CARTOON_AMR_TRANSACTION cycle=1501 requested_refine=0 requested_derefine_leaves=14 accepted_derefine_parents=0 created_leaves=0 deleted_leaves=0 mirror_mismatches=0
elapsed=1.239584e+03 cycle=1501 time=8.470313e+00 dt=4.687500e-03
CARTOON_AMR_TRANSACTION cycle=1502 requested_refine=0 requested_derefine_leaves=14 accepted_derefine_parents=0 created_leaves=0 deleted_leaves=0 mirror_mismatches=0
elapsed=1.240370e+03 cycle=1502 time=8.475000e+00 dt=4.687500e-03
CARTOON_AMR_TRANSACTION cycle=1503 requested_refine=0 requested_derefine_leaves=14 accepted_derefine_parents=0 created_leaves=0 deleted_leaves=0 mirror_mismatches=0
elapsed=1.241150e+03 cycle=1503 time=8.479688e+00 dt=4.687500e-03
CARTOON_AMR_TRANSACTION cycle=1504 requested_refine=0 requested_derefine_leaves=14 accepted_derefine_parents=0 created_leaves=0 deleted_leaves=0 mirror_mismatches=0
elapsed=1.241950e+03 cycle=1504 time=8.484375e+00 dt=4.687500e-03
CARTOON_AMR_TRANSACTION cycle=1505 requested_refine=0 requested_derefine_leaves=14 accepted_derefine_parents=0 created_leaves=0 deleted_leaves=0 mirror_mismatches=0
elapsed=1.242748e+03 cycle=1505 time=8.489063e+00 dt=4.687500e-03
CARTOON_AMR_TRANSACTION cycle=1506 requested_refine=0 requested_derefine_leaves=14 accepted_derefine_parents=0 created_leaves=0 deleted_leaves=0 mirror_mismatches=0
elapsed=1.243531e+03 cycle=1506 time=8.493750e+00 dt=4.687500e-03
CARTOON_AMR_TRANSACTION cycle=1507 requested_refine=0 requested_derefine_leaves=14 accepted_derefine_parents=0 created_leaves=0 deleted_leaves=0 mirror_mismatches=0
elapsed=1.244325e+03 cycle=1507 time=8.498438e+00 dt=4.687500e-03
CARTOON_AMR_TRANSACTION cycle=1508 requested_refine=0 requested_derefine_leaves=14 accepted_derefine_parents=0 created_leaves=0 deleted_leaves=0 mirror_mismatches=0
elapsed=1.245122e+03 cycle=1508 time=8.503125e+00 dt=4.687500e-03
CARTOON_AMR_TRANSACTION cycle=1509 requested_refine=0 requested_derefine_leaves=14 accepted_derefine_parents=0 created_leaves=0 deleted_leaves=0 mirror_mismatches=0
elapsed=1.245912e+03 cycle=1509 time=8.507813e+00 dt=4.687500e-03
CARTOON_AMR_TRANSACTION cycle=1510 requested_refine=0 requested_derefine_leaves=14 accepted_derefine_parents=0 created_leaves=0 deleted_leaves=0 mirror_mismatches=0
elapsed=1.246716e+03 cycle=1510 time=8.512500e+00 dt=4.687500e-03
CARTOON_AMR_TRANSACTION cycle=1511 requested_refine=0 requested_derefine_leaves=14 accepted_derefine_parents=0 created_leaves=0 deleted_leaves=0 mirror_mismatches=0
elapsed=1.247513e+03 cycle=1511 time=8.517188e+00 dt=4.687500e-03
CARTOON_AMR_TRANSACTION cycle=1512 requested_refine=0 requested_derefine_leaves=14 accepted_derefine_parents=0 created_leaves=0 deleted_leaves=0 mirror_mismatches=0
elapsed=1.248316e+03 cycle=1512 time=8.521875e+00 dt=4.687500e-03
CARTOON_AMR_TRANSACTION cycle=1513 requested_refine=0 requested_derefine_leaves=14 accepted_derefine_parents=0 created_leaves=0 deleted_leaves=0 mirror_mismatches=0
elapsed=1.249111e+03 cycle=1513 time=8.526563e+00 dt=4.687500e-03
CARTOON_AMR_TRANSACTION cycle=1514 requested_refine=0 requested_derefine_leaves=14 accepted_derefine_parents=0 created_leaves=0 deleted_leaves=0 mirror_mismatches=0
elapsed=1.249896e+03 cycle=1514 time=8.531250e+00 dt=4.687500e-03
CARTOON_AMR_TRANSACTION cycle=1515 requested_refine=0 requested_derefine_leaves=14 accepted_derefine_parents=0 created_leaves=0 deleted_leaves=0 mirror_mismatches=0
elapsed=1.250692e+03 cycle=1515 time=8.535938e+00 dt=4.687500e-03
CARTOON_AMR_TRANSACTION cycle=1516 requested_refine=0 requested_derefine_leaves=14 accepted_derefine_parents=0 created_leaves=0 deleted_leaves=0 mirror_mismatches=0
elapsed=1.251483e+03 cycle=1516 time=8.540625e+00 dt=4.687500e-03
CARTOON_AMR_TRANSACTION cycle=1517 requested_refine=0 requested_derefine_leaves=14 accepted_derefine_parents=0 created_leaves=0 deleted_leaves=0 mirror_mismatches=0
elapsed=1.252264e+03 cycle=1517 time=8.545313e+00 dt=4.687500e-03
CARTOON_AMR_TRANSACTION cycle=1518 requested_refine=0 requested_derefine_leaves=14 accepted_derefine_parents=0 created_leaves=0 deleted_leaves=0 mirror_mismatches=0
elapsed=1.253047e+03 cycle=1518 time=8.550000e+00 dt=4.687500e-03
CARTOON_AMR_TRANSACTION cycle=1519 requested_refine=0 requested_derefine_leaves=14 accepted_derefine_parents=0 created_leaves=0 deleted_leaves=0 mirror_mismatches=0
elapsed=1.253826e+03 cycle=1519 time=8.554688e+00 dt=4.687500e-03
CARTOON_AMR_TRANSACTION cycle=1520 requested_refine=0 requested_derefine_leaves=14 accepted_derefine_parents=0 created_leaves=0 deleted_leaves=0 mirror_mismatches=0
elapsed=1.254611e+03 cycle=1520 time=8.559375e+00 dt=4.687500e-03
CARTOON_AMR_TRANSACTION cycle=1521 requested_refine=0 requested_derefine_leaves=14 accepted_derefine_parents=0 created_leaves=0 deleted_leaves=0 mirror_mismatches=0
elapsed=1.255393e+03 cycle=1521 time=8.564063e+00 dt=4.687500e-03
CARTOON_AMR_TRANSACTION cycle=1522 requested_refine=0 requested_derefine_leaves=14 accepted_derefine_parents=0 created_leaves=0 deleted_leaves=0 mirror_mismatches=0
elapsed=1.256182e+03 cycle=1522 time=8.568750e+00 dt=4.687500e-03
CARTOON_AMR_TRANSACTION cycle=1523 requested_refine=0 requested_derefine_leaves=14 accepted_derefine_parents=0 created_leaves=0 deleted_leaves=0 mirror_mismatches=0
elapsed=1.256974e+03 cycle=1523 time=8.573438e+00 dt=4.687500e-03
CARTOON_AMR_TRANSACTION cycle=1524 requested_refine=0 requested_derefine_leaves=14 accepted_derefine_parents=0 created_leaves=0 deleted_leaves=0 mirror_mismatches=0
elapsed=1.257762e+03 cycle=1524 time=8.578125e+00 dt=4.687500e-03
CARTOON_AMR_TRANSACTION cycle=1525 requested_refine=0 requested_derefine_leaves=14 accepted_derefine_parents=0 created_leaves=0 deleted_leaves=0 mirror_mismatches=0
elapsed=1.258545e+03 cycle=1525 time=8.582813e+00 dt=4.687500e-03
CARTOON_AMR_TRANSACTION cycle=1526 requested_refine=0 requested_derefine_leaves=14 accepted_derefine_parents=0 created_leaves=0 deleted_leaves=0 mirror_mismatches=0
elapsed=1.259332e+03 cycle=1526 time=8.587500e+00 dt=4.687500e-03
CARTOON_AMR_TRANSACTION cycle=1527 requested_refine=0 requested_derefine_leaves=14 accepted_derefine_parents=0 created_leaves=0 deleted_leaves=0 mirror_mismatches=0
elapsed=1.260120e+03 cycle=1527 time=8.592188e+00 dt=4.687500e-03
CARTOON_AMR_TRANSACTION cycle=1528 requested_refine=0 requested_derefine_leaves=14 accepted_derefine_parents=0 created_leaves=0 deleted_leaves=0 mirror_mismatches=0
elapsed=1.260913e+03 cycle=1528 time=8.596875e+00 dt=4.687500e-03
CARTOON_AMR_TRANSACTION cycle=1529 requested_refine=0 requested_derefine_leaves=14 accepted_derefine_parents=0 created_leaves=0 deleted_leaves=0 mirror_mismatches=0
elapsed=1.261696e+03 cycle=1529 time=8.601563e+00 dt=4.687500e-03
CARTOON_AMR_TRANSACTION cycle=1530 requested_refine=0 requested_derefine_leaves=14 accepted_derefine_parents=0 created_leaves=0 deleted_leaves=0 mirror_mismatches=0
elapsed=1.262479e+03 cycle=1530 time=8.606250e+00 dt=4.687500e-03
CARTOON_AMR_TRANSACTION cycle=1531 requested_refine=0 requested_derefine_leaves=14 accepted_derefine_parents=0 created_leaves=0 deleted_leaves=0 mirror_mismatches=0
elapsed=1.263264e+03 cycle=1531 time=8.610938e+00 dt=4.687500e-03
CARTOON_AMR_TRANSACTION cycle=1532 requested_refine=0 requested_derefine_leaves=14 accepted_derefine_parents=0 created_leaves=0 deleted_leaves=0 mirror_mismatches=0
elapsed=1.264049e+03 cycle=1532 time=8.615625e+00 dt=4.687500e-03
CARTOON_AMR_TRANSACTION cycle=1533 requested_refine=0 requested_derefine_leaves=14 accepted_derefine_parents=0 created_leaves=0 deleted_leaves=0 mirror_mismatches=0
elapsed=1.264828e+03 cycle=1533 time=8.620313e+00 dt=4.687500e-03
CARTOON_AMR_TRANSACTION cycle=1534 requested_refine=0 requested_derefine_leaves=14 accepted_derefine_parents=0 created_leaves=0 deleted_leaves=0 mirror_mismatches=0
elapsed=1.265609e+03 cycle=1534 time=8.625000e+00 dt=4.687500e-03
CARTOON_AMR_TRANSACTION cycle=1535 requested_refine=0 requested_derefine_leaves=14 accepted_derefine_parents=0 created_leaves=0 deleted_leaves=0 mirror_mismatches=0
elapsed=1.266394e+03 cycle=1535 time=8.629688e+00 dt=4.687500e-03
CARTOON_AMR_TRANSACTION cycle=1536 requested_refine=0 requested_derefine_leaves=14 accepted_derefine_parents=0 created_leaves=0 deleted_leaves=0 mirror_mismatches=0
elapsed=1.267288e+03 cycle=1536 time=8.634375e+00 dt=4.687500e-03
CARTOON_AMR_TRANSACTION cycle=1537 requested_refine=0 requested_derefine_leaves=14 accepted_derefine_parents=0 created_leaves=0 deleted_leaves=0 mirror_mismatches=0
elapsed=1.268064e+03 cycle=1537 time=8.639063e+00 dt=4.687500e-03
CARTOON_AMR_TRANSACTION cycle=1538 requested_refine=0 requested_derefine_leaves=14 accepted_derefine_parents=0 created_leaves=0 deleted_leaves=0 mirror_mismatches=0
elapsed=1.268852e+03 cycle=1538 time=8.643750e+00 dt=4.687500e-03
CARTOON_AMR_TRANSACTION cycle=1539 requested_refine=0 requested_derefine_leaves=14 accepted_derefine_parents=0 created_leaves=0 deleted_leaves=0 mirror_mismatches=0
elapsed=1.269636e+03 cycle=1539 time=8.648438e+00 dt=4.687500e-03
CARTOON_AMR_TRANSACTION cycle=1540 requested_refine=0 requested_derefine_leaves=14 accepted_derefine_parents=0 created_leaves=0 deleted_leaves=0 mirror_mismatches=0
elapsed=1.270419e+03 cycle=1540 time=8.653125e+00 dt=4.687500e-03
CARTOON_AMR_TRANSACTION cycle=1541 requested_refine=0 requested_derefine_leaves=14 accepted_derefine_parents=0 created_leaves=0 deleted_leaves=0 mirror_mismatches=0
elapsed=1.271205e+03 cycle=1541 time=8.657813e+00 dt=4.687500e-03
CARTOON_AMR_TRANSACTION cycle=1542 requested_refine=0 requested_derefine_leaves=14 accepted_derefine_parents=0 created_leaves=0 deleted_leaves=0 mirror_mismatches=0
elapsed=1.276732e+03 cycle=1542 time=8.662500e+00 dt=4.687500e-03
CARTOON_AMR_TRANSACTION cycle=1543 requested_refine=0 requested_derefine_leaves=14 accepted_derefine_parents=0 created_leaves=0 deleted_leaves=0 mirror_mismatches=0
elapsed=1.277522e+03 cycle=1543 time=8.667188e+00 dt=4.687500e-03
CARTOON_AMR_TRANSACTION cycle=1544 requested_refine=0 requested_derefine_leaves=14 accepted_derefine_parents=0 created_leaves=0 deleted_leaves=0 mirror_mismatches=0
elapsed=1.278306e+03 cycle=1544 time=8.671875e+00 dt=4.687500e-03
CARTOON_AMR_TRANSACTION cycle=1545 requested_refine=0 requested_derefine_leaves=14 accepted_derefine_parents=0 created_leaves=0 deleted_leaves=0 mirror_mismatches=0
elapsed=1.279090e+03 cycle=1545 time=8.676563e+00 dt=4.687500e-03
CARTOON_AMR_TRANSACTION cycle=1546 requested_refine=0 requested_derefine_leaves=14 accepted_derefine_parents=0 created_leaves=0 deleted_leaves=0 mirror_mismatches=0
elapsed=1.279873e+03 cycle=1546 time=8.681250e+00 dt=4.687500e-03
CARTOON_AMR_TRANSACTION cycle=1547 requested_refine=0 requested_derefine_leaves=14 accepted_derefine_parents=0 created_leaves=0 deleted_leaves=0 mirror_mismatches=0
elapsed=1.280654e+03 cycle=1547 time=8.685938e+00 dt=4.687500e-03
CARTOON_AMR_TRANSACTION cycle=1548 requested_refine=0 requested_derefine_leaves=14 accepted_derefine_parents=0 created_leaves=0 deleted_leaves=0 mirror_mismatches=0
elapsed=1.281440e+03 cycle=1548 time=8.690625e+00 dt=4.687500e-03
CARTOON_AMR_TRANSACTION cycle=1549 requested_refine=2 requested_derefine_leaves=14 accepted_derefine_parents=0 created_leaves=6 deleted_leaves=0 mirror_mismatches=0
AMR_Z4C_CHI_PROLONGATION cycle=1549 local_fallback_groups=0,0,0,0 global_fallback_groups=0 global_high_order_groups=2048
elapsed=1.282231e+03 cycle=1549 time=8.695313e+00 dt=4.687500e-03
CARTOON_AMR_TRANSACTION cycle=1550 requested_refine=0 requested_derefine_leaves=20 accepted_derefine_parents=0 created_leaves=0 deleted_leaves=0 mirror_mismatches=0
elapsed=1.283020e+03 cycle=1550 time=8.700000e+00 dt=4.687500e-03
CARTOON_AMR_TRANSACTION cycle=1551 requested_refine=0 requested_derefine_leaves=20 accepted_derefine_parents=0 created_leaves=0 deleted_leaves=0 mirror_mismatches=0
elapsed=1.283810e+03 cycle=1551 time=8.704688e+00 dt=4.687500e-03
CARTOON_AMR_TRANSACTION cycle=1552 requested_refine=0 requested_derefine_leaves=20 accepted_derefine_parents=0 created_leaves=0 deleted_leaves=0 mirror_mismatches=0
elapsed=1.284603e+03 cycle=1552 time=8.709375e+00 dt=4.687500e-03
CARTOON_AMR_TRANSACTION cycle=1553 requested_refine=0 requested_derefine_leaves=20 accepted_derefine_parents=0 created_leaves=0 deleted_leaves=0 mirror_mismatches=0
elapsed=1.285388e+03 cycle=1553 time=8.714063e+00 dt=4.687500e-03
CARTOON_AMR_TRANSACTION cycle=1554 requested_refine=0 requested_derefine_leaves=20 accepted_derefine_parents=0 created_leaves=0 deleted_leaves=0 mirror_mismatches=0
elapsed=1.286173e+03 cycle=1554 time=8.718750e+00 dt=4.687500e-03
CARTOON_AMR_TRANSACTION cycle=1555 requested_refine=0 requested_derefine_leaves=20 accepted_derefine_parents=0 created_leaves=0 deleted_leaves=0 mirror_mismatches=0
elapsed=1.286960e+03 cycle=1555 time=8.723438e+00 dt=4.687500e-03
CARTOON_AMR_TRANSACTION cycle=1556 requested_refine=0 requested_derefine_leaves=20 accepted_derefine_parents=0 created_leaves=0 deleted_leaves=0 mirror_mismatches=0
elapsed=1.287750e+03 cycle=1556 time=8.728125e+00 dt=4.687500e-03
CARTOON_AMR_TRANSACTION cycle=1557 requested_refine=0 requested_derefine_leaves=20 accepted_derefine_parents=0 created_leaves=0 deleted_leaves=0 mirror_mismatches=0
elapsed=1.288537e+03 cycle=1557 time=8.732813e+00 dt=4.687500e-03
CARTOON_AMR_TRANSACTION cycle=1558 requested_refine=0 requested_derefine_leaves=20 accepted_derefine_parents=0 created_leaves=0 deleted_leaves=0 mirror_mismatches=0
elapsed=1.289323e+03 cycle=1558 time=8.737500e+00 dt=4.687500e-03
CARTOON_AMR_TRANSACTION cycle=1559 requested_refine=0 requested_derefine_leaves=20 accepted_derefine_parents=0 created_leaves=0 deleted_leaves=0 mirror_mismatches=0
elapsed=1.290109e+03 cycle=1559 time=8.742188e+00 dt=4.687500e-03
CARTOON_AMR_TRANSACTION cycle=1560 requested_refine=0 requested_derefine_leaves=20 accepted_derefine_parents=0 created_leaves=0 deleted_leaves=0 mirror_mismatches=0
elapsed=1.290899e+03 cycle=1560 time=8.746875e+00 dt=4.687500e-03
CARTOON_AMR_TRANSACTION cycle=1561 requested_refine=0 requested_derefine_leaves=20 accepted_derefine_parents=0 created_leaves=0 deleted_leaves=0 mirror_mismatches=0
elapsed=1.291689e+03 cycle=1561 time=8.751563e+00 dt=4.687500e-03
CARTOON_AMR_TRANSACTION cycle=1562 requested_refine=0 requested_derefine_leaves=20 accepted_derefine_parents=0 created_leaves=0 deleted_leaves=0 mirror_mismatches=0
elapsed=1.292481e+03 cycle=1562 time=8.756250e+00 dt=4.687500e-03
CARTOON_AMR_TRANSACTION cycle=1563 requested_refine=0 requested_derefine_leaves=20 accepted_derefine_parents=0 created_leaves=0 deleted_leaves=0 mirror_mismatches=0
elapsed=1.293266e+03 cycle=1563 time=8.760938e+00 dt=4.687500e-03
CARTOON_AMR_TRANSACTION cycle=1564 requested_refine=0 requested_derefine_leaves=20 accepted_derefine_parents=0 created_leaves=0 deleted_leaves=0 mirror_mismatches=0
elapsed=1.294051e+03 cycle=1564 time=8.765625e+00 dt=4.687500e-03
CARTOON_AMR_TRANSACTION cycle=1565 requested_refine=0 requested_derefine_leaves=20 accepted_derefine_parents=0 created_leaves=0 deleted_leaves=0 mirror_mismatches=0
elapsed=1.294836e+03 cycle=1565 time=8.770313e+00 dt=4.687500e-03
CARTOON_AMR_TRANSACTION cycle=1566 requested_refine=0 requested_derefine_leaves=20 accepted_derefine_parents=0 created_leaves=0 deleted_leaves=0 mirror_mismatches=0
elapsed=1.295624e+03 cycle=1566 time=8.775000e+00 dt=4.687500e-03
CARTOON_AMR_TRANSACTION cycle=1567 requested_refine=0 requested_derefine_leaves=20 accepted_derefine_parents=0 created_leaves=0 deleted_leaves=0 mirror_mismatches=0
elapsed=1.296408e+03 cycle=1567 time=8.779688e+00 dt=4.687500e-03
CARTOON_AMR_TRANSACTION cycle=1568 requested_refine=0 requested_derefine_leaves=20 accepted_derefine_parents=0 created_leaves=0 deleted_leaves=0 mirror_mismatches=0
elapsed=1.297352e+03 cycle=1568 time=8.784375e+00 dt=4.687500e-03
CARTOON_AMR_TRANSACTION cycle=1569 requested_refine=0 requested_derefine_leaves=20 accepted_derefine_parents=0 created_leaves=0 deleted_leaves=0 mirror_mismatches=0
elapsed=1.298135e+03 cycle=1569 time=8.789063e+00 dt=4.687500e-03
CARTOON_AMR_TRANSACTION cycle=1570 requested_refine=0 requested_derefine_leaves=20 accepted_derefine_parents=0 created_leaves=0 deleted_leaves=0 mirror_mismatches=0
elapsed=1.298924e+03 cycle=1570 time=8.793750e+00 dt=4.687500e-03
CARTOON_AMR_TRANSACTION cycle=1571 requested_refine=0 requested_derefine_leaves=20 accepted_derefine_parents=0 created_leaves=0 deleted_leaves=0 mirror_mismatches=0
elapsed=1.299711e+03 cycle=1571 time=8.798438e+00 dt=4.687500e-03
CARTOON_AMR_TRANSACTION cycle=1572 requested_refine=0 requested_derefine_leaves=20 accepted_derefine_parents=0 created_leaves=0 deleted_leaves=0 mirror_mismatches=0
elapsed=1.300503e+03 cycle=1572 time=8.803125e+00 dt=4.687500e-03
CARTOON_AMR_TRANSACTION cycle=1573 requested_refine=0 requested_derefine_leaves=20 accepted_derefine_parents=0 created_leaves=0 deleted_leaves=0 mirror_mismatches=0
elapsed=1.301286e+03 cycle=1573 time=8.807813e+00 dt=4.687500e-03
CARTOON_AMR_TRANSACTION cycle=1574 requested_refine=0 requested_derefine_leaves=20 accepted_derefine_parents=0 created_leaves=0 deleted_leaves=0 mirror_mismatches=0
elapsed=1.302076e+03 cycle=1574 time=8.812500e+00 dt=4.687500e-03
CARTOON_AMR_TRANSACTION cycle=1575 requested_refine=0 requested_derefine_leaves=20 accepted_derefine_parents=0 created_leaves=0 deleted_leaves=0 mirror_mismatches=0
elapsed=1.302862e+03 cycle=1575 time=8.817188e+00 dt=4.687500e-03
CARTOON_AMR_TRANSACTION cycle=1576 requested_refine=0 requested_derefine_leaves=20 accepted_derefine_parents=0 created_leaves=0 deleted_leaves=0 mirror_mismatches=0
elapsed=1.303650e+03 cycle=1576 time=8.821875e+00 dt=4.687500e-03
CARTOON_AMR_TRANSACTION cycle=1577 requested_refine=0 requested_derefine_leaves=20 accepted_derefine_parents=0 created_leaves=0 deleted_leaves=0 mirror_mismatches=0
elapsed=1.304433e+03 cycle=1577 time=8.826563e+00 dt=4.687500e-03
CARTOON_AMR_TRANSACTION cycle=1578 requested_refine=0 requested_derefine_leaves=20 accepted_derefine_parents=0 created_leaves=0 deleted_leaves=0 mirror_mismatches=0
elapsed=1.305222e+03 cycle=1578 time=8.831250e+00 dt=4.687500e-03
CARTOON_AMR_TRANSACTION cycle=1579 requested_refine=0 requested_derefine_leaves=20 accepted_derefine_parents=0 created_leaves=0 deleted_leaves=0 mirror_mismatches=0
elapsed=1.306009e+03 cycle=1579 time=8.835938e+00 dt=4.687500e-03
CARTOON_AMR_TRANSACTION cycle=1580 requested_refine=0 requested_derefine_leaves=20 accepted_derefine_parents=0 created_leaves=0 deleted_leaves=0 mirror_mismatches=0
elapsed=1.306800e+03 cycle=1580 time=8.840625e+00 dt=4.687500e-03
CARTOON_AMR_TRANSACTION cycle=1581 requested_refine=0 requested_derefine_leaves=20 accepted_derefine_parents=0 created_leaves=0 deleted_leaves=0 mirror_mismatches=0
elapsed=1.307589e+03 cycle=1581 time=8.845313e+00 dt=4.687500e-03
CARTOON_AMR_TRANSACTION cycle=1582 requested_refine=0 requested_derefine_leaves=20 accepted_derefine_parents=0 created_leaves=0 deleted_leaves=0 mirror_mismatches=0
elapsed=1.308378e+03 cycle=1582 time=8.850000e+00 dt=4.687500e-03
CARTOON_AMR_TRANSACTION cycle=1583 requested_refine=0 requested_derefine_leaves=20 accepted_derefine_parents=0 created_leaves=0 deleted_leaves=0 mirror_mismatches=0
elapsed=1.309162e+03 cycle=1583 time=8.854688e+00 dt=4.687500e-03
CARTOON_AMR_TRANSACTION cycle=1584 requested_refine=0 requested_derefine_leaves=20 accepted_derefine_parents=0 created_leaves=0 deleted_leaves=0 mirror_mismatches=0
elapsed=1.309949e+03 cycle=1584 time=8.859375e+00 dt=4.687500e-03
CARTOON_AMR_TRANSACTION cycle=1585 requested_refine=0 requested_derefine_leaves=20 accepted_derefine_parents=0 created_leaves=0 deleted_leaves=0 mirror_mismatches=0
elapsed=1.310733e+03 cycle=1585 time=8.864063e+00 dt=4.687500e-03
CARTOON_AMR_TRANSACTION cycle=1586 requested_refine=0 requested_derefine_leaves=20 accepted_derefine_parents=0 created_leaves=0 deleted_leaves=0 mirror_mismatches=0
elapsed=1.311520e+03 cycle=1586 time=8.868750e+00 dt=4.687500e-03
CARTOON_AMR_TRANSACTION cycle=1587 requested_refine=0 requested_derefine_leaves=20 accepted_derefine_parents=0 created_leaves=0 deleted_leaves=0 mirror_mismatches=0
elapsed=1.312305e+03 cycle=1587 time=8.873438e+00 dt=4.687500e-03
CARTOON_AMR_TRANSACTION cycle=1588 requested_refine=0 requested_derefine_leaves=20 accepted_derefine_parents=0 created_leaves=0 deleted_leaves=0 mirror_mismatches=0
elapsed=1.313091e+03 cycle=1588 time=8.878125e+00 dt=4.687500e-03
CARTOON_AMR_TRANSACTION cycle=1589 requested_refine=0 requested_derefine_leaves=20 accepted_derefine_parents=0 created_leaves=0 deleted_leaves=0 mirror_mismatches=0
elapsed=1.313884e+03 cycle=1589 time=8.882813e+00 dt=4.687500e-03
CARTOON_AMR_TRANSACTION cycle=1590 requested_refine=0 requested_derefine_leaves=20 accepted_derefine_parents=0 created_leaves=0 deleted_leaves=0 mirror_mismatches=0
elapsed=1.314672e+03 cycle=1590 time=8.887500e+00 dt=4.687500e-03
CARTOON_AMR_TRANSACTION cycle=1591 requested_refine=0 requested_derefine_leaves=20 accepted_derefine_parents=0 created_leaves=0 deleted_leaves=0 mirror_mismatches=0
elapsed=1.315463e+03 cycle=1591 time=8.892188e+00 dt=4.687500e-03
CARTOON_AMR_TRANSACTION cycle=1592 requested_refine=0 requested_derefine_leaves=20 accepted_derefine_parents=0 created_leaves=0 deleted_leaves=0 mirror_mismatches=0
elapsed=1.316254e+03 cycle=1592 time=8.896875e+00 dt=4.687500e-03
CARTOON_AMR_TRANSACTION cycle=1593 requested_refine=0 requested_derefine_leaves=20 accepted_derefine_parents=0 created_leaves=0 deleted_leaves=0 mirror_mismatches=0
elapsed=1.317042e+03 cycle=1593 time=8.901562e+00 dt=4.687500e-03
CARTOON_AMR_TRANSACTION cycle=1594 requested_refine=0 requested_derefine_leaves=20 accepted_derefine_parents=0 created_leaves=0 deleted_leaves=0 mirror_mismatches=0
elapsed=1.317827e+03 cycle=1594 time=8.906250e+00 dt=4.687500e-03
CARTOON_AMR_TRANSACTION cycle=1595 requested_refine=0 requested_derefine_leaves=20 accepted_derefine_parents=0 created_leaves=0 deleted_leaves=0 mirror_mismatches=0
elapsed=1.318617e+03 cycle=1595 time=8.910937e+00 dt=4.687500e-03
CARTOON_AMR_TRANSACTION cycle=1596 requested_refine=0 requested_derefine_leaves=20 accepted_derefine_parents=0 created_leaves=0 deleted_leaves=0 mirror_mismatches=0
elapsed=1.319405e+03 cycle=1596 time=8.915625e+00 dt=4.687500e-03
CARTOON_AMR_TRANSACTION cycle=1597 requested_refine=0 requested_derefine_leaves=20 accepted_derefine_parents=0 created_leaves=0 deleted_leaves=0 mirror_mismatches=0
elapsed=1.320195e+03 cycle=1597 time=8.920312e+00 dt=4.687500e-03
CARTOON_AMR_TRANSACTION cycle=1598 requested_refine=0 requested_derefine_leaves=20 accepted_derefine_parents=0 created_leaves=0 deleted_leaves=0 mirror_mismatches=0
elapsed=1.320984e+03 cycle=1598 time=8.925000e+00 dt=4.687500e-03
CARTOON_AMR_TRANSACTION cycle=1599 requested_refine=0 requested_derefine_leaves=20 accepted_derefine_parents=0 created_leaves=0 deleted_leaves=0 mirror_mismatches=0
elapsed=1.321775e+03 cycle=1599 time=8.929687e+00 dt=4.687500e-03
CARTOON_AMR_TRANSACTION cycle=1600 requested_refine=0 requested_derefine_leaves=20 accepted_derefine_parents=0 created_leaves=0 deleted_leaves=0 mirror_mismatches=0
elapsed=1.322634e+03 cycle=1600 time=8.934375e+00 dt=4.687500e-03
CARTOON_AMR_TRANSACTION cycle=1601 requested_refine=0 requested_derefine_leaves=20 accepted_derefine_parents=0 created_leaves=0 deleted_leaves=0 mirror_mismatches=0
elapsed=1.323419e+03 cycle=1601 time=8.939062e+00 dt=4.687500e-03
CARTOON_AMR_TRANSACTION cycle=1602 requested_refine=0 requested_derefine_leaves=20 accepted_derefine_parents=0 created_leaves=0 deleted_leaves=0 mirror_mismatches=0
elapsed=1.324205e+03 cycle=1602 time=8.943750e+00 dt=4.687500e-03
CARTOON_AMR_TRANSACTION cycle=1603 requested_refine=0 requested_derefine_leaves=20 accepted_derefine_parents=0 created_leaves=0 deleted_leaves=0 mirror_mismatches=0
elapsed=1.324989e+03 cycle=1603 time=8.948437e+00 dt=4.687500e-03
CARTOON_AMR_TRANSACTION cycle=1604 requested_refine=0 requested_derefine_leaves=20 accepted_derefine_parents=0 created_leaves=0 deleted_leaves=0 mirror_mismatches=0
elapsed=1.325779e+03 cycle=1604 time=8.953125e+00 dt=4.687500e-03
CARTOON_AMR_TRANSACTION cycle=1605 requested_refine=0 requested_derefine_leaves=20 accepted_derefine_parents=0 created_leaves=0 deleted_leaves=0 mirror_mismatches=0
elapsed=1.326568e+03 cycle=1605 time=8.957812e+00 dt=4.687500e-03
CARTOON_AMR_TRANSACTION cycle=1606 requested_refine=0 requested_derefine_leaves=20 accepted_derefine_parents=0 created_leaves=0 deleted_leaves=0 mirror_mismatches=0
elapsed=1.327355e+03 cycle=1606 time=8.962500e+00 dt=4.687500e-03
CARTOON_AMR_TRANSACTION cycle=1607 requested_refine=0 requested_derefine_leaves=20 accepted_derefine_parents=0 created_leaves=0 deleted_leaves=0 mirror_mismatches=0
elapsed=1.331037e+03 cycle=1607 time=8.967187e+00 dt=4.687500e-03
CARTOON_AMR_TRANSACTION cycle=1608 requested_refine=0 requested_derefine_leaves=20 accepted_derefine_parents=0 created_leaves=0 deleted_leaves=0 mirror_mismatches=0
elapsed=1.331825e+03 cycle=1608 time=8.971875e+00 dt=4.687500e-03
CARTOON_AMR_TRANSACTION cycle=1609 requested_refine=0 requested_derefine_leaves=20 accepted_derefine_parents=0 created_leaves=0 deleted_leaves=0 mirror_mismatches=0
elapsed=1.332611e+03 cycle=1609 time=8.976562e+00 dt=4.687500e-03
CARTOON_AMR_TRANSACTION cycle=1610 requested_refine=0 requested_derefine_leaves=20 accepted_derefine_parents=0 created_leaves=0 deleted_leaves=0 mirror_mismatches=0
elapsed=1.333401e+03 cycle=1610 time=8.981250e+00 dt=4.687500e-03
CARTOON_AMR_TRANSACTION cycle=1611 requested_refine=0 requested_derefine_leaves=20 accepted_derefine_parents=0 created_leaves=0 deleted_leaves=0 mirror_mismatches=0
elapsed=1.334183e+03 cycle=1611 time=8.985937e+00 dt=4.687500e-03
CARTOON_AMR_TRANSACTION cycle=1612 requested_refine=0 requested_derefine_leaves=20 accepted_derefine_parents=0 created_leaves=0 deleted_leaves=0 mirror_mismatches=0
elapsed=1.334969e+03 cycle=1612 time=8.990625e+00 dt=4.687500e-03
CARTOON_AMR_TRANSACTION cycle=1613 requested_refine=0 requested_derefine_leaves=20 accepted_derefine_parents=0 created_leaves=0 deleted_leaves=0 mirror_mismatches=0
elapsed=1.335753e+03 cycle=1613 time=8.995312e+00 dt=4.687500e-03
CARTOON_AMR_TRANSACTION cycle=1614 requested_refine=0 requested_derefine_leaves=20 accepted_derefine_parents=0 created_leaves=0 deleted_leaves=0 mirror_mismatches=0
elapsed=1.336542e+03 cycle=1614 time=9.000000e+00 dt=4.687500e-03
CARTOON_AMR_TRANSACTION cycle=1615 requested_refine=0 requested_derefine_leaves=20 accepted_derefine_parents=0 created_leaves=0 deleted_leaves=0 mirror_mismatches=0
elapsed=1.337337e+03 cycle=1615 time=9.004687e+00 dt=4.687500e-03
CARTOON_AMR_TRANSACTION cycle=1616 requested_refine=0 requested_derefine_leaves=20 accepted_derefine_parents=0 created_leaves=0 deleted_leaves=0 mirror_mismatches=0
elapsed=1.338126e+03 cycle=1616 time=9.009375e+00 dt=4.687500e-03
CARTOON_AMR_TRANSACTION cycle=1617 requested_refine=0 requested_derefine_leaves=20 accepted_derefine_parents=0 created_leaves=0 deleted_leaves=0 mirror_mismatches=0
elapsed=1.338912e+03 cycle=1617 time=9.014062e+00 dt=4.687500e-03
CARTOON_AMR_TRANSACTION cycle=1618 requested_refine=0 requested_derefine_leaves=20 accepted_derefine_parents=0 created_leaves=0 deleted_leaves=0 mirror_mismatches=0
elapsed=1.339696e+03 cycle=1618 time=9.018750e+00 dt=4.687500e-03
CARTOON_AMR_TRANSACTION cycle=1619 requested_refine=0 requested_derefine_leaves=20 accepted_derefine_parents=0 created_leaves=0 deleted_leaves=0 mirror_mismatches=0
elapsed=1.340481e+03 cycle=1619 time=9.023437e+00 dt=4.687500e-03
CARTOON_AMR_TRANSACTION cycle=1620 requested_refine=0 requested_derefine_leaves=20 accepted_derefine_parents=0 created_leaves=0 deleted_leaves=0 mirror_mismatches=0
elapsed=1.341279e+03 cycle=1620 time=9.028125e+00 dt=4.687500e-03
CARTOON_AMR_TRANSACTION cycle=1621 requested_refine=0 requested_derefine_leaves=20 accepted_derefine_parents=0 created_leaves=0 deleted_leaves=0 mirror_mismatches=0
elapsed=1.342072e+03 cycle=1621 time=9.032812e+00 dt=4.687500e-03
CARTOON_AMR_TRANSACTION cycle=1622 requested_refine=0 requested_derefine_leaves=20 accepted_derefine_parents=0 created_leaves=0 deleted_leaves=0 mirror_mismatches=0
elapsed=1.342858e+03 cycle=1622 time=9.037500e+00 dt=4.687500e-03
CARTOON_AMR_TRANSACTION cycle=1623 requested_refine=0 requested_derefine_leaves=20 accepted_derefine_parents=0 created_leaves=0 deleted_leaves=0 mirror_mismatches=0
elapsed=1.343646e+03 cycle=1623 time=9.042187e+00 dt=4.687500e-03
CARTOON_AMR_TRANSACTION cycle=1624 requested_refine=0 requested_derefine_leaves=20 accepted_derefine_parents=0 created_leaves=0 deleted_leaves=0 mirror_mismatches=0
elapsed=1.344438e+03 cycle=1624 time=9.046875e+00 dt=4.687500e-03
CARTOON_AMR_TRANSACTION cycle=1625 requested_refine=0 requested_derefine_leaves=20 accepted_derefine_parents=0 created_leaves=0 deleted_leaves=0 mirror_mismatches=0
elapsed=1.345221e+03 cycle=1625 time=9.051562e+00 dt=4.687500e-03
CARTOON_AMR_TRANSACTION cycle=1626 requested_refine=0 requested_derefine_leaves=20 accepted_derefine_parents=0 created_leaves=0 deleted_leaves=0 mirror_mismatches=0
elapsed=1.346005e+03 cycle=1626 time=9.056250e+00 dt=4.687500e-03
CARTOON_AMR_TRANSACTION cycle=1627 requested_refine=0 requested_derefine_leaves=20 accepted_derefine_parents=0 created_leaves=0 deleted_leaves=0 mirror_mismatches=0
elapsed=1.346793e+03 cycle=1627 time=9.060937e+00 dt=4.687500e-03
CARTOON_AMR_TRANSACTION cycle=1628 requested_refine=0 requested_derefine_leaves=20 accepted_derefine_parents=0 created_leaves=0 deleted_leaves=0 mirror_mismatches=0
elapsed=1.347579e+03 cycle=1628 time=9.065625e+00 dt=4.687500e-03
CARTOON_AMR_TRANSACTION cycle=1629 requested_refine=0 requested_derefine_leaves=20 accepted_derefine_parents=0 created_leaves=0 deleted_leaves=0 mirror_mismatches=0
elapsed=1.348370e+03 cycle=1629 time=9.070312e+00 dt=4.687500e-03
CARTOON_AMR_TRANSACTION cycle=1630 requested_refine=0 requested_derefine_leaves=20 accepted_derefine_parents=0 created_leaves=0 deleted_leaves=0 mirror_mismatches=0
elapsed=1.349156e+03 cycle=1630 time=9.075000e+00 dt=4.687500e-03
CARTOON_AMR_TRANSACTION cycle=1631 requested_refine=0 requested_derefine_leaves=20 accepted_derefine_parents=0 created_leaves=0 deleted_leaves=0 mirror_mismatches=0
elapsed=1.349952e+03 cycle=1631 time=9.079687e+00 dt=4.687500e-03
CARTOON_AMR_TRANSACTION cycle=1632 requested_refine=0 requested_derefine_leaves=20 accepted_derefine_parents=0 created_leaves=0 deleted_leaves=0 mirror_mismatches=0
elapsed=1.350745e+03 cycle=1632 time=9.084375e+00 dt=4.687500e-03
CARTOON_AMR_TRANSACTION cycle=1633 requested_refine=0 requested_derefine_leaves=20 accepted_derefine_parents=0 created_leaves=0 deleted_leaves=0 mirror_mismatches=0
elapsed=1.351534e+03 cycle=1633 time=9.089062e+00 dt=4.687500e-03
CARTOON_AMR_TRANSACTION cycle=1634 requested_refine=0 requested_derefine_leaves=18 accepted_derefine_parents=0 created_leaves=0 deleted_leaves=0 mirror_mismatches=0
elapsed=1.352478e+03 cycle=1634 time=9.093750e+00 dt=4.687500e-03
CARTOON_AMR_TRANSACTION cycle=1635 requested_refine=0 requested_derefine_leaves=18 accepted_derefine_parents=0 created_leaves=0 deleted_leaves=0 mirror_mismatches=0
elapsed=1.353258e+03 cycle=1635 time=9.098437e+00 dt=4.687500e-03
CARTOON_AMR_TRANSACTION cycle=1636 requested_refine=0 requested_derefine_leaves=18 accepted_derefine_parents=0 created_leaves=0 deleted_leaves=0 mirror_mismatches=0
elapsed=1.354047e+03 cycle=1636 time=9.103125e+00 dt=4.687500e-03
CARTOON_AMR_TRANSACTION cycle=1637 requested_refine=0 requested_derefine_leaves=18 accepted_derefine_parents=0 created_leaves=0 deleted_leaves=0 mirror_mismatches=0
elapsed=1.354841e+03 cycle=1637 time=9.107812e+00 dt=4.687500e-03
CARTOON_AMR_TRANSACTION cycle=1638 requested_refine=0 requested_derefine_leaves=18 accepted_derefine_parents=0 created_leaves=0 deleted_leaves=0 mirror_mismatches=0
elapsed=1.355627e+03 cycle=1638 time=9.112500e+00 dt=4.687500e-03
CARTOON_AMR_TRANSACTION cycle=1639 requested_refine=0 requested_derefine_leaves=18 accepted_derefine_parents=0 created_leaves=0 deleted_leaves=0 mirror_mismatches=0
elapsed=1.356412e+03 cycle=1639 time=9.117187e+00 dt=4.687500e-03
CARTOON_AMR_TRANSACTION cycle=1640 requested_refine=0 requested_derefine_leaves=18 accepted_derefine_parents=0 created_leaves=0 deleted_leaves=0 mirror_mismatches=0
elapsed=1.357205e+03 cycle=1640 time=9.121875e+00 dt=4.687500e-03
CARTOON_AMR_TRANSACTION cycle=1641 requested_refine=0 requested_derefine_leaves=18 accepted_derefine_parents=0 created_leaves=0 deleted_leaves=0 mirror_mismatches=0
elapsed=1.357992e+03 cycle=1641 time=9.126562e+00 dt=4.687500e-03
CARTOON_AMR_TRANSACTION cycle=1642 requested_refine=0 requested_derefine_leaves=18 accepted_derefine_parents=0 created_leaves=0 deleted_leaves=0 mirror_mismatches=0
elapsed=1.358781e+03 cycle=1642 time=9.131250e+00 dt=4.687500e-03
CARTOON_AMR_TRANSACTION cycle=1643 requested_refine=0 requested_derefine_leaves=18 accepted_derefine_parents=0 created_leaves=0 deleted_leaves=0 mirror_mismatches=0
elapsed=1.359578e+03 cycle=1643 time=9.135937e+00 dt=4.687500e-03
CARTOON_AMR_TRANSACTION cycle=1644 requested_refine=0 requested_derefine_leaves=18 accepted_derefine_parents=0 created_leaves=0 deleted_leaves=0 mirror_mismatches=0
elapsed=1.360382e+03 cycle=1644 time=9.140625e+00 dt=4.687500e-03
CARTOON_AMR_TRANSACTION cycle=1645 requested_refine=0 requested_derefine_leaves=18 accepted_derefine_parents=0 created_leaves=0 deleted_leaves=0 mirror_mismatches=0
elapsed=1.361171e+03 cycle=1645 time=9.145312e+00 dt=4.687500e-03
CARTOON_AMR_TRANSACTION cycle=1646 requested_refine=0 requested_derefine_leaves=18 accepted_derefine_parents=0 created_leaves=0 deleted_leaves=0 mirror_mismatches=0
elapsed=1.361965e+03 cycle=1646 time=9.150000e+00 dt=4.687500e-03
CARTOON_AMR_TRANSACTION cycle=1647 requested_refine=0 requested_derefine_leaves=18 accepted_derefine_parents=0 created_leaves=0 deleted_leaves=0 mirror_mismatches=0
elapsed=1.362762e+03 cycle=1647 time=9.154687e+00 dt=4.687500e-03
CARTOON_AMR_TRANSACTION cycle=1648 requested_refine=0 requested_derefine_leaves=18 accepted_derefine_parents=0 created_leaves=0 deleted_leaves=0 mirror_mismatches=0
elapsed=1.363556e+03 cycle=1648 time=9.159375e+00 dt=4.687500e-03
CARTOON_AMR_TRANSACTION cycle=1649 requested_refine=0 requested_derefine_leaves=18 accepted_derefine_parents=0 created_leaves=0 deleted_leaves=0 mirror_mismatches=0
elapsed=1.369040e+03 cycle=1649 time=9.164062e+00 dt=4.687500e-03
CARTOON_AMR_TRANSACTION cycle=1650 requested_refine=0 requested_derefine_leaves=18 accepted_derefine_parents=0 created_leaves=0 deleted_leaves=0 mirror_mismatches=0
elapsed=1.369825e+03 cycle=1650 time=9.168750e+00 dt=4.687500e-03
CARTOON_AMR_TRANSACTION cycle=1651 requested_refine=0 requested_derefine_leaves=18 accepted_derefine_parents=0 created_leaves=0 deleted_leaves=0 mirror_mismatches=0
elapsed=1.370607e+03 cycle=1651 time=9.173437e+00 dt=4.687500e-03
CARTOON_AMR_TRANSACTION cycle=1652 requested_refine=0 requested_derefine_leaves=18 accepted_derefine_parents=0 created_leaves=0 deleted_leaves=0 mirror_mismatches=0
elapsed=1.371397e+03 cycle=1652 time=9.178125e+00 dt=4.687500e-03
CARTOON_AMR_TRANSACTION cycle=1653 requested_refine=0 requested_derefine_leaves=18 accepted_derefine_parents=0 created_leaves=0 deleted_leaves=0 mirror_mismatches=0
elapsed=1.372186e+03 cycle=1653 time=9.182812e+00 dt=4.687500e-03
CARTOON_AMR_TRANSACTION cycle=1654 requested_refine=0 requested_derefine_leaves=18 accepted_derefine_parents=0 created_leaves=0 deleted_leaves=0 mirror_mismatches=0
elapsed=1.372973e+03 cycle=1654 time=9.187500e+00 dt=4.687500e-03
CARTOON_AMR_TRANSACTION cycle=1655 requested_refine=0 requested_derefine_leaves=18 accepted_derefine_parents=0 created_leaves=0 deleted_leaves=0 mirror_mismatches=0
elapsed=1.373757e+03 cycle=1655 time=9.192187e+00 dt=4.687500e-03
CARTOON_AMR_TRANSACTION cycle=1656 requested_refine=0 requested_derefine_leaves=18 accepted_derefine_parents=0 created_leaves=0 deleted_leaves=0 mirror_mismatches=0
elapsed=1.374550e+03 cycle=1656 time=9.196875e+00 dt=4.687500e-03
CARTOON_AMR_TRANSACTION cycle=1657 requested_refine=0 requested_derefine_leaves=18 accepted_derefine_parents=0 created_leaves=0 deleted_leaves=0 mirror_mismatches=0
elapsed=1.375337e+03 cycle=1657 time=9.201562e+00 dt=4.687500e-03
CARTOON_AMR_TRANSACTION cycle=1658 requested_refine=0 requested_derefine_leaves=18 accepted_derefine_parents=0 created_leaves=0 deleted_leaves=0 mirror_mismatches=0
elapsed=1.376124e+03 cycle=1658 time=9.206250e+00 dt=4.687500e-03
CARTOON_AMR_TRANSACTION cycle=1659 requested_refine=0 requested_derefine_leaves=18 accepted_derefine_parents=0 created_leaves=0 deleted_leaves=0 mirror_mismatches=0
elapsed=1.376907e+03 cycle=1659 time=9.210937e+00 dt=4.687500e-03
CARTOON_AMR_TRANSACTION cycle=1660 requested_refine=0 requested_derefine_leaves=18 accepted_derefine_parents=0 created_leaves=0 deleted_leaves=0 mirror_mismatches=0
elapsed=1.377698e+03 cycle=1660 time=9.215625e+00 dt=4.687500e-03
CARTOON_AMR_TRANSACTION cycle=1661 requested_refine=0 requested_derefine_leaves=18 accepted_derefine_parents=0 created_leaves=0 deleted_leaves=0 mirror_mismatches=0
elapsed=1.378484e+03 cycle=1661 time=9.220312e+00 dt=4.687500e-03
CARTOON_AMR_TRANSACTION cycle=1662 requested_refine=0 requested_derefine_leaves=18 accepted_derefine_parents=0 created_leaves=0 deleted_leaves=0 mirror_mismatches=0
elapsed=1.379272e+03 cycle=1662 time=9.225000e+00 dt=4.687500e-03
CARTOON_AMR_TRANSACTION cycle=1663 requested_refine=0 requested_derefine_leaves=18 accepted_derefine_parents=0 created_leaves=0 deleted_leaves=0 mirror_mismatches=0
elapsed=1.380061e+03 cycle=1663 time=9.229687e+00 dt=4.687500e-03
CARTOON_AMR_TRANSACTION cycle=1664 requested_refine=0 requested_derefine_leaves=18 accepted_derefine_parents=0 created_leaves=0 deleted_leaves=0 mirror_mismatches=0
elapsed=1.380964e+03 cycle=1664 time=9.234375e+00 dt=4.687500e-03
CARTOON_AMR_TRANSACTION cycle=1665 requested_refine=0 requested_derefine_leaves=18 accepted_derefine_parents=0 created_leaves=0 deleted_leaves=0 mirror_mismatches=0
elapsed=1.381746e+03 cycle=1665 time=9.239062e+00 dt=4.687500e-03
CARTOON_AMR_TRANSACTION cycle=1666 requested_refine=0 requested_derefine_leaves=18 accepted_derefine_parents=0 created_leaves=0 deleted_leaves=0 mirror_mismatches=0
elapsed=1.382531e+03 cycle=1666 time=9.243750e+00 dt=4.687500e-03
CARTOON_AMR_TRANSACTION cycle=1667 requested_refine=0 requested_derefine_leaves=18 accepted_derefine_parents=0 created_leaves=0 deleted_leaves=0 mirror_mismatches=0
elapsed=1.383314e+03 cycle=1667 time=9.248437e+00 dt=4.687500e-03
CARTOON_AMR_TRANSACTION cycle=1668 requested_refine=0 requested_derefine_leaves=18 accepted_derefine_parents=0 created_leaves=0 deleted_leaves=0 mirror_mismatches=0
elapsed=1.384104e+03 cycle=1668 time=9.253125e+00 dt=4.687500e-03
CARTOON_AMR_TRANSACTION cycle=1669 requested_refine=0 requested_derefine_leaves=18 accepted_derefine_parents=0 created_leaves=0 deleted_leaves=0 mirror_mismatches=0
elapsed=1.384889e+03 cycle=1669 time=9.257812e+00 dt=4.687500e-03
CARTOON_AMR_TRANSACTION cycle=1670 requested_refine=0 requested_derefine_leaves=18 accepted_derefine_parents=0 created_leaves=0 deleted_leaves=0 mirror_mismatches=0
elapsed=1.385677e+03 cycle=1670 time=9.262500e+00 dt=4.687500e-03
CARTOON_AMR_TRANSACTION cycle=1671 requested_refine=0 requested_derefine_leaves=18 accepted_derefine_parents=0 created_leaves=0 deleted_leaves=0 mirror_mismatches=0
elapsed=1.386465e+03 cycle=1671 time=9.267187e+00 dt=4.687500e-03
CARTOON_AMR_TRANSACTION cycle=1672 requested_refine=0 requested_derefine_leaves=18 accepted_derefine_parents=0 created_leaves=0 deleted_leaves=0 mirror_mismatches=0
elapsed=1.387254e+03 cycle=1672 time=9.271875e+00 dt=4.687500e-03
CARTOON_AMR_TRANSACTION cycle=1673 requested_refine=0 requested_derefine_leaves=18 accepted_derefine_parents=0 created_leaves=0 deleted_leaves=0 mirror_mismatches=0
elapsed=1.388039e+03 cycle=1673 time=9.276562e+00 dt=4.687500e-03
CARTOON_AMR_TRANSACTION cycle=1674 requested_refine=0 requested_derefine_leaves=18 accepted_derefine_parents=0 created_leaves=0 deleted_leaves=0 mirror_mismatches=0
elapsed=1.388827e+03 cycle=1674 time=9.281250e+00 dt=4.687500e-03
CARTOON_AMR_TRANSACTION cycle=1675 requested_refine=0 requested_derefine_leaves=18 accepted_derefine_parents=0 created_leaves=0 deleted_leaves=0 mirror_mismatches=0
elapsed=1.389617e+03 cycle=1675 time=9.285937e+00 dt=4.687500e-03
CARTOON_AMR_TRANSACTION cycle=1676 requested_refine=0 requested_derefine_leaves=18 accepted_derefine_parents=0 created_leaves=0 deleted_leaves=0 mirror_mismatches=0
elapsed=1.390405e+03 cycle=1676 time=9.290625e+00 dt=4.687500e-03
CARTOON_AMR_TRANSACTION cycle=1677 requested_refine=0 requested_derefine_leaves=18 accepted_derefine_parents=0 created_leaves=0 deleted_leaves=0 mirror_mismatches=0
elapsed=1.391196e+03 cycle=1677 time=9.295312e+00 dt=4.687500e-03
CARTOON_AMR_TRANSACTION cycle=1678 requested_refine=0 requested_derefine_leaves=18 accepted_derefine_parents=0 created_leaves=0 deleted_leaves=0 mirror_mismatches=0
elapsed=1.391990e+03 cycle=1678 time=9.300000e+00 dt=4.687500e-03
CARTOON_AMR_TRANSACTION cycle=1679 requested_refine=0 requested_derefine_leaves=18 accepted_derefine_parents=0 created_leaves=0 deleted_leaves=0 mirror_mismatches=0
elapsed=1.392781e+03 cycle=1679 time=9.304687e+00 dt=4.687500e-03
CARTOON_AMR_TRANSACTION cycle=1680 requested_refine=0 requested_derefine_leaves=18 accepted_derefine_parents=0 created_leaves=0 deleted_leaves=0 mirror_mismatches=0
elapsed=1.393579e+03 cycle=1680 time=9.309375e+00 dt=4.687500e-03
CARTOON_AMR_TRANSACTION cycle=1681 requested_refine=0 requested_derefine_leaves=18 accepted_derefine_parents=0 created_leaves=0 deleted_leaves=0 mirror_mismatches=0
elapsed=1.394365e+03 cycle=1681 time=9.314062e+00 dt=4.687500e-03
CARTOON_AMR_TRANSACTION cycle=1682 requested_refine=0 requested_derefine_leaves=18 accepted_derefine_parents=0 created_leaves=0 deleted_leaves=0 mirror_mismatches=0
elapsed=1.395149e+03 cycle=1682 time=9.318750e+00 dt=4.687500e-03
CARTOON_AMR_TRANSACTION cycle=1683 requested_refine=0 requested_derefine_leaves=18 accepted_derefine_parents=0 created_leaves=0 deleted_leaves=0 mirror_mismatches=0
elapsed=1.395935e+03 cycle=1683 time=9.323437e+00 dt=4.687500e-03
CARTOON_AMR_TRANSACTION cycle=1684 requested_refine=0 requested_derefine_leaves=18 accepted_derefine_parents=0 created_leaves=0 deleted_leaves=0 mirror_mismatches=0
elapsed=1.396723e+03 cycle=1684 time=9.328125e+00 dt=4.687500e-03
CARTOON_AMR_TRANSACTION cycle=1685 requested_refine=0 requested_derefine_leaves=18 accepted_derefine_parents=0 created_leaves=0 deleted_leaves=0 mirror_mismatches=0
elapsed=1.397526e+03 cycle=1685 time=9.332812e+00 dt=4.687500e-03
CARTOON_AMR_TRANSACTION cycle=1686 requested_refine=0 requested_derefine_leaves=18 accepted_derefine_parents=0 created_leaves=0 deleted_leaves=0 mirror_mismatches=0
elapsed=1.398317e+03 cycle=1686 time=9.337500e+00 dt=4.687500e-03
CARTOON_AMR_TRANSACTION cycle=1687 requested_refine=0 requested_derefine_leaves=18 accepted_derefine_parents=0 created_leaves=0 deleted_leaves=0 mirror_mismatches=0
elapsed=1.399105e+03 cycle=1687 time=9.342187e+00 dt=4.687500e-03
CARTOON_AMR_TRANSACTION cycle=1688 requested_refine=0 requested_derefine_leaves=18 accepted_derefine_parents=0 created_leaves=0 deleted_leaves=0 mirror_mismatches=0
elapsed=1.399896e+03 cycle=1688 time=9.346875e+00 dt=4.687500e-03
CARTOON_AMR_TRANSACTION cycle=1689 requested_refine=0 requested_derefine_leaves=18 accepted_derefine_parents=0 created_leaves=0 deleted_leaves=0 mirror_mismatches=0
elapsed=1.400683e+03 cycle=1689 time=9.351562e+00 dt=4.687500e-03
CARTOON_AMR_TRANSACTION cycle=1690 requested_refine=2 requested_derefine_leaves=18 accepted_derefine_parents=0 created_leaves=6 deleted_leaves=0 mirror_mismatches=0
AMR_Z4C_CHI_PROLONGATION cycle=1690 local_fallback_groups=0,0,0,0 global_fallback_groups=0 global_high_order_groups=2048
elapsed=1.401478e+03 cycle=1690 time=9.356250e+00 dt=4.687500e-03
CARTOON_AMR_TRANSACTION cycle=1691 requested_refine=0 requested_derefine_leaves=24 accepted_derefine_parents=0 created_leaves=0 deleted_leaves=0 mirror_mismatches=0
elapsed=1.402274e+03 cycle=1691 time=9.360937e+00 dt=4.687500e-03
CARTOON_AMR_TRANSACTION cycle=1692 requested_refine=0 requested_derefine_leaves=24 accepted_derefine_parents=0 created_leaves=0 deleted_leaves=0 mirror_mismatches=0
elapsed=1.403071e+03 cycle=1692 time=9.365625e+00 dt=4.687500e-03
CARTOON_AMR_TRANSACTION cycle=1693 requested_refine=0 requested_derefine_leaves=24 accepted_derefine_parents=0 created_leaves=0 deleted_leaves=0 mirror_mismatches=0
elapsed=1.403863e+03 cycle=1693 time=9.370312e+00 dt=4.687500e-03
CARTOON_AMR_TRANSACTION cycle=1694 requested_refine=0 requested_derefine_leaves=24 accepted_derefine_parents=0 created_leaves=0 deleted_leaves=0 mirror_mismatches=0
elapsed=1.404654e+03 cycle=1694 time=9.375000e+00 dt=4.687500e-03
CARTOON_AMR_TRANSACTION cycle=1695 requested_refine=0 requested_derefine_leaves=24 accepted_derefine_parents=0 created_leaves=0 deleted_leaves=0 mirror_mismatches=0
elapsed=1.405441e+03 cycle=1695 time=9.379687e+00 dt=4.687500e-03
CARTOON_AMR_TRANSACTION cycle=1696 requested_refine=0 requested_derefine_leaves=24 accepted_derefine_parents=0 created_leaves=0 deleted_leaves=0 mirror_mismatches=0
elapsed=1.406234e+03 cycle=1696 time=9.384375e+00 dt=4.687500e-03
CARTOON_AMR_TRANSACTION cycle=1697 requested_refine=0 requested_derefine_leaves=24 accepted_derefine_parents=0 created_leaves=0 deleted_leaves=0 mirror_mismatches=0
elapsed=1.407027e+03 cycle=1697 time=9.389062e+00 dt=4.687500e-03
CARTOON_AMR_TRANSACTION cycle=1698 requested_refine=0 requested_derefine_leaves=24 accepted_derefine_parents=0 created_leaves=0 deleted_leaves=0 mirror_mismatches=0
elapsed=1.407826e+03 cycle=1698 time=9.393750e+00 dt=4.687500e-03
CARTOON_AMR_TRANSACTION cycle=1699 requested_refine=0 requested_derefine_leaves=24 accepted_derefine_parents=0 created_leaves=0 deleted_leaves=0 mirror_mismatches=0
elapsed=1.408626e+03 cycle=1699 time=9.398437e+00 dt=4.687500e-03
CARTOON_AMR_TRANSACTION cycle=1700 requested_refine=0 requested_derefine_leaves=24 accepted_derefine_parents=0 created_leaves=0 deleted_leaves=0 mirror_mismatches=0
elapsed=1.409531e+03 cycle=1700 time=9.403125e+00 dt=4.687500e-03
CARTOON_AMR_TRANSACTION cycle=1701 requested_refine=0 requested_derefine_leaves=24 accepted_derefine_parents=0 created_leaves=0 deleted_leaves=0 mirror_mismatches=0
elapsed=1.410319e+03 cycle=1701 time=9.407812e+00 dt=4.687500e-03
CARTOON_AMR_TRANSACTION cycle=1702 requested_refine=0 requested_derefine_leaves=24 accepted_derefine_parents=0 created_leaves=0 deleted_leaves=0 mirror_mismatches=0
elapsed=1.411116e+03 cycle=1702 time=9.412500e+00 dt=4.687500e-03
CARTOON_AMR_TRANSACTION cycle=1703 requested_refine=0 requested_derefine_leaves=24 accepted_derefine_parents=0 created_leaves=0 deleted_leaves=0 mirror_mismatches=0
elapsed=1.411909e+03 cycle=1703 time=9.417187e+00 dt=4.687500e-03
CARTOON_AMR_TRANSACTION cycle=1704 requested_refine=0 requested_derefine_leaves=24 accepted_derefine_parents=0 created_leaves=0 deleted_leaves=0 mirror_mismatches=0
elapsed=1.412704e+03 cycle=1704 time=9.421875e+00 dt=4.687500e-03
CARTOON_AMR_TRANSACTION cycle=1705 requested_refine=0 requested_derefine_leaves=24 accepted_derefine_parents=0 created_leaves=0 deleted_leaves=0 mirror_mismatches=0
elapsed=1.413494e+03 cycle=1705 time=9.426562e+00 dt=4.687500e-03
CARTOON_AMR_TRANSACTION cycle=1706 requested_refine=0 requested_derefine_leaves=24 accepted_derefine_parents=0 created_leaves=0 deleted_leaves=0 mirror_mismatches=0
elapsed=1.414288e+03 cycle=1706 time=9.431250e+00 dt=4.687500e-03
CARTOON_AMR_TRANSACTION cycle=1707 requested_refine=0 requested_derefine_leaves=24 accepted_derefine_parents=0 created_leaves=0 deleted_leaves=0 mirror_mismatches=0
elapsed=1.415081e+03 cycle=1707 time=9.435937e+00 dt=4.687500e-03
CARTOON_AMR_TRANSACTION cycle=1708 requested_refine=0 requested_derefine_leaves=24 accepted_derefine_parents=0 created_leaves=0 deleted_leaves=0 mirror_mismatches=0
elapsed=1.415877e+03 cycle=1708 time=9.440625e+00 dt=4.687500e-03
CARTOON_AMR_TRANSACTION cycle=1709 requested_refine=0 requested_derefine_leaves=24 accepted_derefine_parents=0 created_leaves=0 deleted_leaves=0 mirror_mismatches=0
elapsed=1.416668e+03 cycle=1709 time=9.445312e+00 dt=4.687500e-03
CARTOON_AMR_TRANSACTION cycle=1710 requested_refine=0 requested_derefine_leaves=24 accepted_derefine_parents=0 created_leaves=0 deleted_leaves=0 mirror_mismatches=0
elapsed=1.417457e+03 cycle=1710 time=9.450000e+00 dt=4.687500e-03
CARTOON_AMR_TRANSACTION cycle=1711 requested_refine=0 requested_derefine_leaves=24 accepted_derefine_parents=0 created_leaves=0 deleted_leaves=0 mirror_mismatches=0
elapsed=1.418249e+03 cycle=1711 time=9.454687e+00 dt=4.687500e-03
CARTOON_AMR_TRANSACTION cycle=1712 requested_refine=0 requested_derefine_leaves=24 accepted_derefine_parents=0 created_leaves=0 deleted_leaves=0 mirror_mismatches=0
elapsed=1.419042e+03 cycle=1712 time=9.459375e+00 dt=4.687500e-03
CARTOON_AMR_TRANSACTION cycle=1713 requested_refine=0 requested_derefine_leaves=24 accepted_derefine_parents=0 created_leaves=0 deleted_leaves=0 mirror_mismatches=0
elapsed=1.419833e+03 cycle=1713 time=9.464062e+00 dt=4.687500e-03
CARTOON_AMR_TRANSACTION cycle=1714 requested_refine=0 requested_derefine_leaves=24 accepted_derefine_parents=0 created_leaves=0 deleted_leaves=0 mirror_mismatches=0
elapsed=1.420626e+03 cycle=1714 time=9.468750e+00 dt=4.687500e-03
CARTOON_AMR_TRANSACTION cycle=1715 requested_refine=0 requested_derefine_leaves=24 accepted_derefine_parents=0 created_leaves=0 deleted_leaves=0 mirror_mismatches=0
elapsed=1.421423e+03 cycle=1715 time=9.473437e+00 dt=4.687500e-03
CARTOON_AMR_TRANSACTION cycle=1716 requested_refine=0 requested_derefine_leaves=24 accepted_derefine_parents=0 created_leaves=0 deleted_leaves=0 mirror_mismatches=0
elapsed=1.422223e+03 cycle=1716 time=9.478125e+00 dt=4.687500e-03
CARTOON_AMR_TRANSACTION cycle=1717 requested_refine=0 requested_derefine_leaves=24 accepted_derefine_parents=0 created_leaves=0 deleted_leaves=0 mirror_mismatches=0
elapsed=1.423016e+03 cycle=1717 time=9.482812e+00 dt=4.687500e-03
CARTOON_AMR_TRANSACTION cycle=1718 requested_refine=0 requested_derefine_leaves=24 accepted_derefine_parents=0 created_leaves=0 deleted_leaves=0 mirror_mismatches=0
elapsed=1.423808e+03 cycle=1718 time=9.487500e+00 dt=4.687500e-03
CARTOON_AMR_TRANSACTION cycle=1719 requested_refine=0 requested_derefine_leaves=24 accepted_derefine_parents=0 created_leaves=0 deleted_leaves=0 mirror_mismatches=0
elapsed=1.424599e+03 cycle=1719 time=9.492187e+00 dt=4.687500e-03
CARTOON_AMR_TRANSACTION cycle=1720 requested_refine=0 requested_derefine_leaves=24 accepted_derefine_parents=0 created_leaves=0 deleted_leaves=0 mirror_mismatches=0
elapsed=1.425394e+03 cycle=1720 time=9.496875e+00 dt=4.687500e-03
CARTOON_AMR_TRANSACTION cycle=1721 requested_refine=0 requested_derefine_leaves=24 accepted_derefine_parents=0 created_leaves=0 deleted_leaves=0 mirror_mismatches=0
elapsed=1.426188e+03 cycle=1721 time=9.501562e+00 dt=4.687500e-03
CARTOON_AMR_TRANSACTION cycle=1722 requested_refine=2 requested_derefine_leaves=24 accepted_derefine_parents=0 created_leaves=12 deleted_leaves=0 mirror_mismatches=0
AMR_Z4C_CHI_PROLONGATION cycle=1722 local_fallback_groups=0,0,0,0 global_fallback_groups=0 global_high_order_groups=4096
elapsed=1.431624e+03 cycle=1722 time=9.506250e+00 dt=2.343750e-03
CARTOON_AMR_TRANSACTION cycle=1723 requested_refine=0 requested_derefine_leaves=36 accepted_derefine_parents=2 created_leaves=0 deleted_leaves=0 mirror_mismatches=0
elapsed=1.432750e+03 cycle=1723 time=9.508594e+00 dt=2.343750e-03
CARTOON_AMR_TRANSACTION cycle=1724 requested_refine=0 requested_derefine_leaves=36 accepted_derefine_parents=2 created_leaves=0 deleted_leaves=0 mirror_mismatches=0
elapsed=1.433882e+03 cycle=1724 time=9.510937e+00 dt=2.343750e-03
CARTOON_AMR_TRANSACTION cycle=1725 requested_refine=0 requested_derefine_leaves=36 accepted_derefine_parents=2 created_leaves=0 deleted_leaves=0 mirror_mismatches=0
elapsed=1.435008e+03 cycle=1725 time=9.513281e+00 dt=2.343750e-03
CARTOON_AMR_TRANSACTION cycle=1726 requested_refine=0 requested_derefine_leaves=36 accepted_derefine_parents=2 created_leaves=0 deleted_leaves=0 mirror_mismatches=0
elapsed=1.436133e+03 cycle=1726 time=9.515625e+00 dt=2.343750e-03
CARTOON_AMR_TRANSACTION cycle=1727 requested_refine=0 requested_derefine_leaves=36 accepted_derefine_parents=2 created_leaves=0 deleted_leaves=0 mirror_mismatches=0
elapsed=1.437259e+03 cycle=1727 time=9.517969e+00 dt=2.343750e-03
CARTOON_AMR_TRANSACTION cycle=1728 requested_refine=0 requested_derefine_leaves=36 accepted_derefine_parents=2 created_leaves=0 deleted_leaves=0 mirror_mismatches=0
elapsed=1.438476e+03 cycle=1728 time=9.520312e+00 dt=2.343750e-03
CARTOON_AMR_TRANSACTION cycle=1729 requested_refine=0 requested_derefine_leaves=36 accepted_derefine_parents=2 created_leaves=0 deleted_leaves=0 mirror_mismatches=0
elapsed=1.439600e+03 cycle=1729 time=9.522656e+00 dt=2.343750e-03
CARTOON_AMR_TRANSACTION cycle=1730 requested_refine=0 requested_derefine_leaves=36 accepted_derefine_parents=2 created_leaves=0 deleted_leaves=0 mirror_mismatches=0
output wall time = 7.745608e+00
elapsed=1.440864e+03 cycle=1730 time=9.525000e+00 dt=2.343750e-03

Terminating on user stopping condition: completed requested Z4c AMR-jump diagnostic window: target cycle 1722 plus 8 accepted cycles
time=9.525000e+00 cycle=1730
tlim=2.000000e+01 nlim=-1 nmb_total_limit=16384

Current number of MeshBlocks = 86
114 MeshBlocks created, 60 deleted by AMR
125 communicated for load balancing, load balancing efficiency = 9.813163e-01

MeshBlock-cycles = 110065
cpu time used  = 1.440197e+03
zone-cycles/cpu_second = 7.825774e+04
particle-updates/cpu_second = 0.000000e+00
AssembleZ4cTasks
AssembleZ4cTasks
AssembleZ4cTasks
