AthenaK Kokkos default execution space: Cuda

Root grid = 2 x 4 x 1 MeshBlocks
Total number of MeshBlocks = 8
Number of logical  levels of refinement = 22 (23 levels total)
Number of physical levels of refinement = 20 (21 levels total)
  Physical level = 0 (logical level = 2): 8 MeshBlocks, cost = 8
Number of parallel ranks = 4
  Rank = 0: 2 MeshBlocks, cost = 2
  Rank = 1: 2 MeshBlocks, cost = 2
  Rank = 2: 2 MeshBlocks, cost = 2
  Rank = 3: 2 MeshBlocks, cost = 2
Load Balancing:
  Maximum normalized cost = 1, Average = 1
AssembleZ4cTasks
Direct global Brill coefficient import: radial_points=48 angular_points=32 adm_mass=2.660301967997158 min_psi4=1.2409203772945547 lapse=psi^-2 min_lapse=0.31558137303598022 max_lapse=0.89769342005909403
Converted imported ADM data to Z4c proper_box_C_rms=0.00062211436294753585 proper_box_H_rms=0.00062063907154699172 proper_box_M_rms=0 proper_box_Z_rms=2.1409247154596191e-05 coordinate_support_H_rms=5.8182969300224891e-06 coordinate_support_M_rms=0
Initialized Z4c from IrisK data mode=direct_global_coefficients path=/pscratch/sd/h/hzhu/axisymmetric-cartoon-r4-brill-fixed-shift-l20-tau1-nocd-ko-pair-mpi4-2a8ad80e-v2-20260815/bundle/brill_global_48x32.coefficients bytes=35988

Setup complete, executing task list(s)...

elapsed=3.552493e-01 cycle=0 time=0.000000e+00 dt=3.750000e-02
CARTOON_AMR_TRANSACTION cycle=1 requested_refine=4 requested_derefine_leaves=0 accepted_derefine_parents=0 created_leaves=12 deleted_leaves=0 mirror_mismatches=0
AMR_Z4C_CHI_PROLONGATION cycle=1 local_fallback_groups=0,0,0,0 global_fallback_groups=0 global_high_order_groups=4096
elapsed=3.700156e-01 cycle=1 time=3.750000e-02 dt=1.875000e-02
CARTOON_AMR_TRANSACTION cycle=2 requested_refine=2 requested_derefine_leaves=6 accepted_derefine_parents=0 created_leaves=6 deleted_leaves=0 mirror_mismatches=0
AMR_Z4C_CHI_PROLONGATION cycle=2 local_fallback_groups=0,0,0,0 global_fallback_groups=0 global_high_order_groups=2048
elapsed=3.832368e-01 cycle=2 time=5.625000e-02 dt=9.375000e-03
CARTOON_AMR_TRANSACTION cycle=3 requested_refine=2 requested_derefine_leaves=12 accepted_derefine_parents=0 created_leaves=12 deleted_leaves=0 mirror_mismatches=0
AMR_Z4C_CHI_PROLONGATION cycle=3 local_fallback_groups=0,0,0,0 global_fallback_groups=0 global_high_order_groups=4096
elapsed=3.976170e-01 cycle=3 time=6.562500e-02 dt=4.687500e-03
CARTOON_AMR_TRANSACTION cycle=4 requested_refine=0 requested_derefine_leaves=26 accepted_derefine_parents=2 created_leaves=0 deleted_leaves=0 mirror_mismatches=0
elapsed=4.113365e-01 cycle=4 time=7.031250e-02 dt=4.687500e-03
CARTOON_AMR_TRANSACTION cycle=5 requested_refine=0 requested_derefine_leaves=26 accepted_derefine_parents=2 created_leaves=0 deleted_leaves=0 mirror_mismatches=0
elapsed=4.219469e-01 cycle=5 time=7.500000e-02 dt=4.687500e-03
CARTOON_AMR_TRANSACTION cycle=6 requested_refine=0 requested_derefine_leaves=26 accepted_derefine_parents=2 created_leaves=0 deleted_leaves=0 mirror_mismatches=0
elapsed=4.325119e-01 cycle=6 time=7.968750e-02 dt=4.687500e-03
CARTOON_AMR_TRANSACTION cycle=7 requested_refine=0 requested_derefine_leaves=26 accepted_derefine_parents=2 created_leaves=0 deleted_leaves=0 mirror_mismatches=0
elapsed=4.430508e-01 cycle=7 time=8.437500e-02 dt=4.687500e-03
CARTOON_AMR_TRANSACTION cycle=8 requested_refine=0 requested_derefine_leaves=26 accepted_derefine_parents=2 created_leaves=0 deleted_leaves=0 mirror_mismatches=0
elapsed=4.562346e-01 cycle=8 time=8.906250e-02 dt=4.687500e-03
CARTOON_AMR_TRANSACTION cycle=9 requested_refine=0 requested_derefine_leaves=26 accepted_derefine_parents=2 created_leaves=0 deleted_leaves=0 mirror_mismatches=0
elapsed=4.667540e-01 cycle=9 time=9.375000e-02 dt=4.687500e-03
CARTOON_AMR_TRANSACTION cycle=10 requested_refine=0 requested_derefine_leaves=26 accepted_derefine_parents=2 created_leaves=0 deleted_leaves=0 mirror_mismatches=0
elapsed=4.777944e-01 cycle=10 time=9.843750e-02 dt=4.687500e-03
CARTOON_AMR_TRANSACTION cycle=11 requested_refine=0 requested_derefine_leaves=26 accepted_derefine_parents=2 created_leaves=0 deleted_leaves=0 mirror_mismatches=0
elapsed=4.882717e-01 cycle=11 time=1.031250e-01 dt=4.687500e-03
CARTOON_AMR_TRANSACTION cycle=12 requested_refine=0 requested_derefine_leaves=26 accepted_derefine_parents=2 created_leaves=0 deleted_leaves=0 mirror_mismatches=0
elapsed=5.015098e-01 cycle=12 time=1.078125e-01 dt=4.687500e-03
CARTOON_AMR_TRANSACTION cycle=13 requested_refine=0 requested_derefine_leaves=26 accepted_derefine_parents=2 created_leaves=0 deleted_leaves=0 mirror_mismatches=0
elapsed=5.120298e-01 cycle=13 time=1.125000e-01 dt=4.687500e-03
CARTOON_AMR_TRANSACTION cycle=14 requested_refine=0 requested_derefine_leaves=26 accepted_derefine_parents=2 created_leaves=0 deleted_leaves=0 mirror_mismatches=0
elapsed=5.223379e-01 cycle=14 time=1.171875e-01 dt=4.687500e-03
CARTOON_AMR_TRANSACTION cycle=15 requested_refine=0 requested_derefine_leaves=28 accepted_derefine_parents=4 created_leaves=0 deleted_leaves=12 mirror_mismatches=0
elapsed=5.363373e-01 cycle=15 time=1.218750e-01 dt=9.375000e-03
CARTOON_AMR_TRANSACTION cycle=16 requested_refine=0 requested_derefine_leaves=12 accepted_derefine_parents=0 created_leaves=0 deleted_leaves=0 mirror_mismatches=0
elapsed=5.483729e-01 cycle=16 time=1.312500e-01 dt=9.375000e-03
CARTOON_AMR_TRANSACTION cycle=17 requested_refine=0 requested_derefine_leaves=12 accepted_derefine_parents=0 created_leaves=0 deleted_leaves=0 mirror_mismatches=0
elapsed=5.575796e-01 cycle=17 time=1.406250e-01 dt=9.375000e-03
CARTOON_AMR_TRANSACTION cycle=18 requested_refine=0 requested_derefine_leaves=12 accepted_derefine_parents=0 created_leaves=0 deleted_leaves=0 mirror_mismatches=0
elapsed=5.667939e-01 cycle=18 time=1.500000e-01 dt=9.375000e-03
CARTOON_AMR_TRANSACTION cycle=19 requested_refine=0 requested_derefine_leaves=12 accepted_derefine_parents=0 created_leaves=0 deleted_leaves=0 mirror_mismatches=0
elapsed=5.758851e-01 cycle=19 time=1.593750e-01 dt=9.375000e-03
CARTOON_AMR_TRANSACTION cycle=20 requested_refine=0 requested_derefine_leaves=12 accepted_derefine_parents=0 created_leaves=0 deleted_leaves=0 mirror_mismatches=0
elapsed=5.878507e-01 cycle=20 time=1.687500e-01 dt=9.375000e-03
CARTOON_AMR_TRANSACTION cycle=21 requested_refine=0 requested_derefine_leaves=12 accepted_derefine_parents=0 created_leaves=0 deleted_leaves=0 mirror_mismatches=0
elapsed=5.971108e-01 cycle=21 time=1.781250e-01 dt=9.375000e-03
CARTOON_AMR_TRANSACTION cycle=22 requested_refine=0 requested_derefine_leaves=12 accepted_derefine_parents=0 created_leaves=0 deleted_leaves=0 mirror_mismatches=0
elapsed=6.062636e-01 cycle=22 time=1.875000e-01 dt=9.375000e-03
CARTOON_AMR_TRANSACTION cycle=23 requested_refine=0 requested_derefine_leaves=12 accepted_derefine_parents=0 created_leaves=0 deleted_leaves=0 mirror_mismatches=0
elapsed=6.152749e-01 cycle=23 time=1.968750e-01 dt=9.375000e-03
CARTOON_AMR_TRANSACTION cycle=24 requested_refine=0 requested_derefine_leaves=12 accepted_derefine_parents=0 created_leaves=0 deleted_leaves=0 mirror_mismatches=0
elapsed=6.272044e-01 cycle=24 time=2.062500e-01 dt=9.375000e-03
CARTOON_AMR_TRANSACTION cycle=25 requested_refine=0 requested_derefine_leaves=12 accepted_derefine_parents=0 created_leaves=0 deleted_leaves=0 mirror_mismatches=0
elapsed=6.363542e-01 cycle=25 time=2.156250e-01 dt=9.375000e-03
CARTOON_AMR_TRANSACTION cycle=26 requested_refine=0 requested_derefine_leaves=12 accepted_derefine_parents=0 created_leaves=0 deleted_leaves=0 mirror_mismatches=0
elapsed=6.454013e-01 cycle=26 time=2.250000e-01 dt=9.375000e-03
CARTOON_AMR_TRANSACTION cycle=27 requested_refine=0 requested_derefine_leaves=12 accepted_derefine_parents=0 created_leaves=0 deleted_leaves=0 mirror_mismatches=0
elapsed=6.543268e-01 cycle=27 time=2.343750e-01 dt=9.375000e-03
CARTOON_AMR_TRANSACTION cycle=28 requested_refine=0 requested_derefine_leaves=12 accepted_derefine_parents=0 created_leaves=0 deleted_leaves=0 mirror_mismatches=0
elapsed=6.663057e-01 cycle=28 time=2.437500e-01 dt=9.375000e-03
CARTOON_AMR_TRANSACTION cycle=29 requested_refine=0 requested_derefine_leaves=12 accepted_derefine_parents=0 created_leaves=0 deleted_leaves=0 mirror_mismatches=0
elapsed=6.754675e-01 cycle=29 time=2.531250e-01 dt=9.375000e-03
CARTOON_AMR_TRANSACTION cycle=30 requested_refine=0 requested_derefine_leaves=12 accepted_derefine_parents=0 created_leaves=0 deleted_leaves=0 mirror_mismatches=0
elapsed=6.845106e-01 cycle=30 time=2.625000e-01 dt=9.375000e-03
CARTOON_AMR_TRANSACTION cycle=31 requested_refine=0 requested_derefine_leaves=12 accepted_derefine_parents=0 created_leaves=0 deleted_leaves=0 mirror_mismatches=0
elapsed=6.935161e-01 cycle=31 time=2.718750e-01 dt=9.375000e-03
CARTOON_AMR_TRANSACTION cycle=32 requested_refine=0 requested_derefine_leaves=12 accepted_derefine_parents=0 created_leaves=0 deleted_leaves=0 mirror_mismatches=0
elapsed=7.055162e-01 cycle=32 time=2.812500e-01 dt=9.375000e-03
CARTOON_AMR_TRANSACTION cycle=33 requested_refine=0 requested_derefine_leaves=12 accepted_derefine_parents=0 created_leaves=0 deleted_leaves=0 mirror_mismatches=0
elapsed=7.146705e-01 cycle=33 time=2.906250e-01 dt=9.375000e-03
CARTOON_AMR_TRANSACTION cycle=34 requested_refine=0 requested_derefine_leaves=14 accepted_derefine_parents=2 created_leaves=0 deleted_leaves=6 mirror_mismatches=0
elapsed=7.273352e-01 cycle=34 time=3.000000e-01 dt=1.875000e-02
CARTOON_AMR_TRANSACTION cycle=35 requested_refine=0 requested_derefine_leaves=6 accepted_derefine_parents=0 created_leaves=0 deleted_leaves=0 mirror_mismatches=0
elapsed=7.354985e-01 cycle=35 time=3.187500e-01 dt=1.875000e-02
CARTOON_AMR_TRANSACTION cycle=36 requested_refine=0 requested_derefine_leaves=6 accepted_derefine_parents=0 created_leaves=0 deleted_leaves=0 mirror_mismatches=0
elapsed=7.461937e-01 cycle=36 time=3.375000e-01 dt=1.875000e-02
CARTOON_AMR_TRANSACTION cycle=37 requested_refine=0 requested_derefine_leaves=6 accepted_derefine_parents=0 created_leaves=0 deleted_leaves=0 mirror_mismatches=0
elapsed=7.541217e-01 cycle=37 time=3.562500e-01 dt=1.875000e-02
CARTOON_AMR_TRANSACTION cycle=38 requested_refine=0 requested_derefine_leaves=6 accepted_derefine_parents=0 created_leaves=0 deleted_leaves=0 mirror_mismatches=0
elapsed=7.620448e-01 cycle=38 time=3.750000e-01 dt=1.875000e-02
CARTOON_AMR_TRANSACTION cycle=39 requested_refine=0 requested_derefine_leaves=6 accepted_derefine_parents=0 created_leaves=0 deleted_leaves=0 mirror_mismatches=0
elapsed=7.698784e-01 cycle=39 time=3.937500e-01 dt=1.875000e-02
CARTOON_AMR_TRANSACTION cycle=40 requested_refine=0 requested_derefine_leaves=6 accepted_derefine_parents=0 created_leaves=0 deleted_leaves=0 mirror_mismatches=0
elapsed=7.804458e-01 cycle=40 time=4.125000e-01 dt=1.875000e-02
CARTOON_AMR_TRANSACTION cycle=41 requested_refine=0 requested_derefine_leaves=6 accepted_derefine_parents=0 created_leaves=0 deleted_leaves=0 mirror_mismatches=0
elapsed=7.884593e-01 cycle=41 time=4.312500e-01 dt=1.875000e-02
CARTOON_AMR_TRANSACTION cycle=42 requested_refine=0 requested_derefine_leaves=6 accepted_derefine_parents=0 created_leaves=0 deleted_leaves=0 mirror_mismatches=0
elapsed=7.963813e-01 cycle=42 time=4.500000e-01 dt=1.875000e-02
CARTOON_AMR_TRANSACTION cycle=43 requested_refine=2 requested_derefine_leaves=6 accepted_derefine_parents=0 created_leaves=6 deleted_leaves=0 mirror_mismatches=0
AMR_Z4C_CHI_PROLONGATION cycle=43 local_fallback_groups=0,0,0,0 global_fallback_groups=0 global_high_order_groups=2048
elapsed=8.087547e-01 cycle=43 time=4.687500e-01 dt=9.375000e-03
CARTOON_AMR_TRANSACTION cycle=44 requested_refine=0 requested_derefine_leaves=12 accepted_derefine_parents=0 created_leaves=0 deleted_leaves=0 mirror_mismatches=0
elapsed=8.212095e-01 cycle=44 time=4.781250e-01 dt=9.375000e-03
CARTOON_AMR_TRANSACTION cycle=45 requested_refine=0 requested_derefine_leaves=12 accepted_derefine_parents=0 created_leaves=0 deleted_leaves=0 mirror_mismatches=0
elapsed=8.304710e-01 cycle=45 time=4.875000e-01 dt=9.375000e-03
CARTOON_AMR_TRANSACTION cycle=46 requested_refine=0 requested_derefine_leaves=12 accepted_derefine_parents=0 created_leaves=0 deleted_leaves=0 mirror_mismatches=0
elapsed=8.395137e-01 cycle=46 time=4.968750e-01 dt=9.375000e-03
CARTOON_AMR_TRANSACTION cycle=47 requested_refine=0 requested_derefine_leaves=12 accepted_derefine_parents=0 created_leaves=0 deleted_leaves=0 mirror_mismatches=0
elapsed=8.485042e-01 cycle=47 time=5.062500e-01 dt=9.375000e-03
CARTOON_AMR_TRANSACTION cycle=48 requested_refine=0 requested_derefine_leaves=12 accepted_derefine_parents=0 created_leaves=0 deleted_leaves=0 mirror_mismatches=0
elapsed=8.604513e-01 cycle=48 time=5.156250e-01 dt=9.375000e-03
CARTOON_AMR_TRANSACTION cycle=49 requested_refine=0 requested_derefine_leaves=12 accepted_derefine_parents=0 created_leaves=0 deleted_leaves=0 mirror_mismatches=0
elapsed=8.695585e-01 cycle=49 time=5.250000e-01 dt=9.375000e-03
CARTOON_AMR_TRANSACTION cycle=50 requested_refine=0 requested_derefine_leaves=12 accepted_derefine_parents=0 created_leaves=0 deleted_leaves=0 mirror_mismatches=0
elapsed=8.786647e-01 cycle=50 time=5.343750e-01 dt=9.375000e-03
CARTOON_AMR_TRANSACTION cycle=51 requested_refine=0 requested_derefine_leaves=12 accepted_derefine_parents=0 created_leaves=0 deleted_leaves=0 mirror_mismatches=0
elapsed=8.876913e-01 cycle=51 time=5.437500e-01 dt=9.375000e-03
CARTOON_AMR_TRANSACTION cycle=52 requested_refine=0 requested_derefine_leaves=12 accepted_derefine_parents=0 created_leaves=0 deleted_leaves=0 mirror_mismatches=0
elapsed=8.994615e-01 cycle=52 time=5.531250e-01 dt=9.375000e-03
CARTOON_AMR_TRANSACTION cycle=53 requested_refine=0 requested_derefine_leaves=10 accepted_derefine_parents=0 created_leaves=0 deleted_leaves=0 mirror_mismatches=0
elapsed=9.087000e-01 cycle=53 time=5.625000e-01 dt=9.375000e-03
CARTOON_AMR_TRANSACTION cycle=54 requested_refine=0 requested_derefine_leaves=10 accepted_derefine_parents=0 created_leaves=0 deleted_leaves=0 mirror_mismatches=0
elapsed=9.176194e-01 cycle=54 time=5.718750e-01 dt=9.375000e-03
CARTOON_AMR_TRANSACTION cycle=55 requested_refine=0 requested_derefine_leaves=10 accepted_derefine_parents=0 created_leaves=0 deleted_leaves=0 mirror_mismatches=0
elapsed=9.267248e-01 cycle=55 time=5.812500e-01 dt=9.375000e-03
CARTOON_AMR_TRANSACTION cycle=56 requested_refine=0 requested_derefine_leaves=10 accepted_derefine_parents=0 created_leaves=0 deleted_leaves=0 mirror_mismatches=0
elapsed=9.386242e-01 cycle=56 time=5.906250e-01 dt=9.375000e-03
CARTOON_AMR_TRANSACTION cycle=57 requested_refine=0 requested_derefine_leaves=10 accepted_derefine_parents=0 created_leaves=0 deleted_leaves=0 mirror_mismatches=0
elapsed=9.479179e-01 cycle=57 time=6.000000e-01 dt=9.375000e-03
CARTOON_AMR_TRANSACTION cycle=58 requested_refine=0 requested_derefine_leaves=10 accepted_derefine_parents=0 created_leaves=0 deleted_leaves=0 mirror_mismatches=0
elapsed=9.569001e-01 cycle=58 time=6.093750e-01 dt=9.375000e-03
CARTOON_AMR_TRANSACTION cycle=59 requested_refine=0 requested_derefine_leaves=10 accepted_derefine_parents=0 created_leaves=0 deleted_leaves=0 mirror_mismatches=0
elapsed=9.658885e-01 cycle=59 time=6.187500e-01 dt=9.375000e-03
CARTOON_AMR_TRANSACTION cycle=60 requested_refine=0 requested_derefine_leaves=10 accepted_derefine_parents=0 created_leaves=0 deleted_leaves=0 mirror_mismatches=0
elapsed=9.778961e-01 cycle=60 time=6.281250e-01 dt=9.375000e-03
CARTOON_AMR_TRANSACTION cycle=61 requested_refine=0 requested_derefine_leaves=10 accepted_derefine_parents=0 created_leaves=0 deleted_leaves=0 mirror_mismatches=0
elapsed=9.869953e-01 cycle=61 time=6.375000e-01 dt=9.375000e-03
CARTOON_AMR_TRANSACTION cycle=62 requested_refine=0 requested_derefine_leaves=10 accepted_derefine_parents=0 created_leaves=0 deleted_leaves=0 mirror_mismatches=0
elapsed=9.958950e-01 cycle=62 time=6.468750e-01 dt=9.375000e-03
CARTOON_AMR_TRANSACTION cycle=63 requested_refine=0 requested_derefine_leaves=10 accepted_derefine_parents=0 created_leaves=0 deleted_leaves=0 mirror_mismatches=0
elapsed=1.004823e+00 cycle=63 time=6.562500e-01 dt=9.375000e-03
CARTOON_AMR_TRANSACTION cycle=64 requested_refine=0 requested_derefine_leaves=10 accepted_derefine_parents=0 created_leaves=0 deleted_leaves=0 mirror_mismatches=0
elapsed=1.050276e+00 cycle=64 time=6.656250e-01 dt=9.375000e-03
CARTOON_AMR_TRANSACTION cycle=65 requested_refine=0 requested_derefine_leaves=10 accepted_derefine_parents=0 created_leaves=0 deleted_leaves=0 mirror_mismatches=0
elapsed=1.059492e+00 cycle=65 time=6.750000e-01 dt=9.375000e-03
CARTOON_AMR_TRANSACTION cycle=66 requested_refine=0 requested_derefine_leaves=10 accepted_derefine_parents=0 created_leaves=0 deleted_leaves=0 mirror_mismatches=0
elapsed=1.068718e+00 cycle=66 time=6.843750e-01 dt=9.375000e-03
CARTOON_AMR_TRANSACTION cycle=67 requested_refine=0 requested_derefine_leaves=10 accepted_derefine_parents=0 created_leaves=0 deleted_leaves=0 mirror_mismatches=0
elapsed=1.077892e+00 cycle=67 time=6.937500e-01 dt=9.375000e-03
CARTOON_AMR_TRANSACTION cycle=68 requested_refine=0 requested_derefine_leaves=10 accepted_derefine_parents=0 created_leaves=0 deleted_leaves=0 mirror_mismatches=0
elapsed=1.089395e+00 cycle=68 time=7.031250e-01 dt=9.375000e-03
CARTOON_AMR_TRANSACTION cycle=69 requested_refine=0 requested_derefine_leaves=10 accepted_derefine_parents=0 created_leaves=0 deleted_leaves=0 mirror_mismatches=0
elapsed=1.098601e+00 cycle=69 time=7.125000e-01 dt=9.375000e-03
CARTOON_AMR_TRANSACTION cycle=70 requested_refine=0 requested_derefine_leaves=10 accepted_derefine_parents=0 created_leaves=0 deleted_leaves=0 mirror_mismatches=0
elapsed=1.107693e+00 cycle=70 time=7.218750e-01 dt=9.375000e-03
CARTOON_AMR_TRANSACTION cycle=71 requested_refine=0 requested_derefine_leaves=10 accepted_derefine_parents=0 created_leaves=0 deleted_leaves=0 mirror_mismatches=0
elapsed=1.116672e+00 cycle=71 time=7.312500e-01 dt=9.375000e-03
CARTOON_AMR_TRANSACTION cycle=72 requested_refine=0 requested_derefine_leaves=10 accepted_derefine_parents=0 created_leaves=0 deleted_leaves=0 mirror_mismatches=0
elapsed=1.128784e+00 cycle=72 time=7.406250e-01 dt=9.375000e-03
CARTOON_AMR_TRANSACTION cycle=73 requested_refine=0 requested_derefine_leaves=10 accepted_derefine_parents=0 created_leaves=0 deleted_leaves=0 mirror_mismatches=0
elapsed=1.138003e+00 cycle=73 time=7.500000e-01 dt=9.375000e-03
CARTOON_AMR_TRANSACTION cycle=74 requested_refine=0 requested_derefine_leaves=10 accepted_derefine_parents=0 created_leaves=0 deleted_leaves=0 mirror_mismatches=0
elapsed=1.147033e+00 cycle=74 time=7.593750e-01 dt=9.375000e-03
CARTOON_AMR_TRANSACTION cycle=75 requested_refine=0 requested_derefine_leaves=10 accepted_derefine_parents=0 created_leaves=0 deleted_leaves=0 mirror_mismatches=0
elapsed=1.156176e+00 cycle=75 time=7.687500e-01 dt=9.375000e-03
CARTOON_AMR_TRANSACTION cycle=76 requested_refine=0 requested_derefine_leaves=10 accepted_derefine_parents=0 created_leaves=0 deleted_leaves=0 mirror_mismatches=0
elapsed=1.167851e+00 cycle=76 time=7.781250e-01 dt=9.375000e-03
CARTOON_AMR_TRANSACTION cycle=77 requested_refine=0 requested_derefine_leaves=10 accepted_derefine_parents=0 created_leaves=0 deleted_leaves=0 mirror_mismatches=0
elapsed=1.177109e+00 cycle=77 time=7.875000e-01 dt=9.375000e-03
CARTOON_AMR_TRANSACTION cycle=78 requested_refine=0 requested_derefine_leaves=10 accepted_derefine_parents=0 created_leaves=0 deleted_leaves=0 mirror_mismatches=0
elapsed=1.186310e+00 cycle=78 time=7.968750e-01 dt=9.375000e-03
CARTOON_AMR_TRANSACTION cycle=79 requested_refine=0 requested_derefine_leaves=10 accepted_derefine_parents=0 created_leaves=0 deleted_leaves=0 mirror_mismatches=0
elapsed=1.195336e+00 cycle=79 time=8.062500e-01 dt=9.375000e-03
CARTOON_AMR_TRANSACTION cycle=80 requested_refine=0 requested_derefine_leaves=10 accepted_derefine_parents=0 created_leaves=0 deleted_leaves=0 mirror_mismatches=0
elapsed=1.207380e+00 cycle=80 time=8.156250e-01 dt=9.375000e-03
CARTOON_AMR_TRANSACTION cycle=81 requested_refine=0 requested_derefine_leaves=10 accepted_derefine_parents=0 created_leaves=0 deleted_leaves=0 mirror_mismatches=0
elapsed=1.216572e+00 cycle=81 time=8.250000e-01 dt=9.375000e-03
CARTOON_AMR_TRANSACTION cycle=82 requested_refine=0 requested_derefine_leaves=10 accepted_derefine_parents=0 created_leaves=0 deleted_leaves=0 mirror_mismatches=0
elapsed=1.225735e+00 cycle=82 time=8.343750e-01 dt=9.375000e-03
CARTOON_AMR_TRANSACTION cycle=83 requested_refine=0 requested_derefine_leaves=10 accepted_derefine_parents=0 created_leaves=0 deleted_leaves=0 mirror_mismatches=0
elapsed=1.234817e+00 cycle=83 time=8.437500e-01 dt=9.375000e-03
CARTOON_AMR_TRANSACTION cycle=84 requested_refine=0 requested_derefine_leaves=10 accepted_derefine_parents=0 created_leaves=0 deleted_leaves=0 mirror_mismatches=0
elapsed=1.246680e+00 cycle=84 time=8.531250e-01 dt=9.375000e-03
CARTOON_AMR_TRANSACTION cycle=85 requested_refine=0 requested_derefine_leaves=10 accepted_derefine_parents=0 created_leaves=0 deleted_leaves=0 mirror_mismatches=0
elapsed=1.255864e+00 cycle=85 time=8.625000e-01 dt=9.375000e-03
CARTOON_AMR_TRANSACTION cycle=86 requested_refine=0 requested_derefine_leaves=10 accepted_derefine_parents=0 created_leaves=0 deleted_leaves=0 mirror_mismatches=0
elapsed=1.264915e+00 cycle=86 time=8.718750e-01 dt=9.375000e-03
CARTOON_AMR_TRANSACTION cycle=87 requested_refine=0 requested_derefine_leaves=10 accepted_derefine_parents=0 created_leaves=0 deleted_leaves=0 mirror_mismatches=0
elapsed=1.273885e+00 cycle=87 time=8.812500e-01 dt=9.375000e-03
CARTOON_AMR_TRANSACTION cycle=88 requested_refine=0 requested_derefine_leaves=10 accepted_derefine_parents=0 created_leaves=0 deleted_leaves=0 mirror_mismatches=0
elapsed=1.285730e+00 cycle=88 time=8.906250e-01 dt=9.375000e-03
CARTOON_AMR_TRANSACTION cycle=89 requested_refine=0 requested_derefine_leaves=10 accepted_derefine_parents=0 created_leaves=0 deleted_leaves=0 mirror_mismatches=0
elapsed=1.294834e+00 cycle=89 time=9.000000e-01 dt=9.375000e-03
CARTOON_AMR_TRANSACTION cycle=90 requested_refine=0 requested_derefine_leaves=10 accepted_derefine_parents=0 created_leaves=0 deleted_leaves=0 mirror_mismatches=0
elapsed=1.303820e+00 cycle=90 time=9.093750e-01 dt=9.375000e-03
CARTOON_AMR_TRANSACTION cycle=91 requested_refine=0 requested_derefine_leaves=10 accepted_derefine_parents=0 created_leaves=0 deleted_leaves=0 mirror_mismatches=0
elapsed=1.312764e+00 cycle=91 time=9.187500e-01 dt=9.375000e-03
CARTOON_AMR_TRANSACTION cycle=92 requested_refine=0 requested_derefine_leaves=10 accepted_derefine_parents=0 created_leaves=0 deleted_leaves=0 mirror_mismatches=0
elapsed=1.325166e+00 cycle=92 time=9.281250e-01 dt=9.375000e-03
CARTOON_AMR_TRANSACTION cycle=93 requested_refine=0 requested_derefine_leaves=10 accepted_derefine_parents=0 created_leaves=0 deleted_leaves=0 mirror_mismatches=0
elapsed=1.334394e+00 cycle=93 time=9.375000e-01 dt=9.375000e-03
CARTOON_AMR_TRANSACTION cycle=94 requested_refine=0 requested_derefine_leaves=10 accepted_derefine_parents=0 created_leaves=0 deleted_leaves=0 mirror_mismatches=0
elapsed=1.343435e+00 cycle=94 time=9.468750e-01 dt=9.375000e-03
CARTOON_AMR_TRANSACTION cycle=95 requested_refine=0 requested_derefine_leaves=10 accepted_derefine_parents=0 created_leaves=0 deleted_leaves=0 mirror_mismatches=0
elapsed=1.352516e+00 cycle=95 time=9.562500e-01 dt=9.375000e-03
CARTOON_AMR_TRANSACTION cycle=96 requested_refine=0 requested_derefine_leaves=10 accepted_derefine_parents=0 created_leaves=0 deleted_leaves=0 mirror_mismatches=0
elapsed=1.364520e+00 cycle=96 time=9.656250e-01 dt=9.375000e-03
CARTOON_AMR_TRANSACTION cycle=97 requested_refine=0 requested_derefine_leaves=10 accepted_derefine_parents=0 created_leaves=0 deleted_leaves=0 mirror_mismatches=0
elapsed=1.373723e+00 cycle=97 time=9.750000e-01 dt=9.375000e-03
CARTOON_AMR_TRANSACTION cycle=98 requested_refine=0 requested_derefine_leaves=10 accepted_derefine_parents=0 created_leaves=0 deleted_leaves=0 mirror_mismatches=0
elapsed=1.382834e+00 cycle=98 time=9.843750e-01 dt=9.375000e-03
CARTOON_AMR_TRANSACTION cycle=99 requested_refine=0 requested_derefine_leaves=10 accepted_derefine_parents=0 created_leaves=0 deleted_leaves=0 mirror_mismatches=0
elapsed=1.391868e+00 cycle=99 time=9.937500e-01 dt=9.375000e-03
CARTOON_AMR_TRANSACTION cycle=100 requested_refine=0 requested_derefine_leaves=10 accepted_derefine_parents=0 created_leaves=0 deleted_leaves=0 mirror_mismatches=0
elapsed=1.403655e+00 cycle=100 time=1.003125e+00 dt=9.375000e-03
CARTOON_AMR_TRANSACTION cycle=101 requested_refine=0 requested_derefine_leaves=10 accepted_derefine_parents=0 created_leaves=0 deleted_leaves=0 mirror_mismatches=0
elapsed=1.412907e+00 cycle=101 time=1.012500e+00 dt=9.375000e-03
CARTOON_AMR_TRANSACTION cycle=102 requested_refine=0 requested_derefine_leaves=10 accepted_derefine_parents=0 created_leaves=0 deleted_leaves=0 mirror_mismatches=0
elapsed=1.421898e+00 cycle=102 time=1.021875e+00 dt=9.375000e-03
CARTOON_AMR_TRANSACTION cycle=103 requested_refine=0 requested_derefine_leaves=10 accepted_derefine_parents=0 created_leaves=0 deleted_leaves=0 mirror_mismatches=0
elapsed=1.430884e+00 cycle=103 time=1.031250e+00 dt=9.375000e-03
CARTOON_AMR_TRANSACTION cycle=104 requested_refine=0 requested_derefine_leaves=10 accepted_derefine_parents=0 created_leaves=0 deleted_leaves=0 mirror_mismatches=0
elapsed=1.442725e+00 cycle=104 time=1.040625e+00 dt=9.375000e-03
CARTOON_AMR_TRANSACTION cycle=105 requested_refine=0 requested_derefine_leaves=10 accepted_derefine_parents=0 created_leaves=0 deleted_leaves=0 mirror_mismatches=0
elapsed=1.451895e+00 cycle=105 time=1.050000e+00 dt=9.375000e-03
CARTOON_AMR_TRANSACTION cycle=106 requested_refine=0 requested_derefine_leaves=10 accepted_derefine_parents=0 created_leaves=0 deleted_leaves=0 mirror_mismatches=0
elapsed=1.460882e+00 cycle=106 time=1.059375e+00 dt=9.375000e-03
CARTOON_AMR_TRANSACTION cycle=107 requested_refine=0 requested_derefine_leaves=10 accepted_derefine_parents=0 created_leaves=0 deleted_leaves=0 mirror_mismatches=0
elapsed=1.469888e+00 cycle=107 time=1.068750e+00 dt=9.375000e-03
CARTOON_AMR_TRANSACTION cycle=108 requested_refine=0 requested_derefine_leaves=10 accepted_derefine_parents=0 created_leaves=0 deleted_leaves=0 mirror_mismatches=0
elapsed=1.481813e+00 cycle=108 time=1.078125e+00 dt=9.375000e-03
CARTOON_AMR_TRANSACTION cycle=109 requested_refine=0 requested_derefine_leaves=10 accepted_derefine_parents=0 created_leaves=0 deleted_leaves=0 mirror_mismatches=0
elapsed=1.490896e+00 cycle=109 time=1.087500e+00 dt=9.375000e-03
CARTOON_AMR_TRANSACTION cycle=110 requested_refine=0 requested_derefine_leaves=10 accepted_derefine_parents=0 created_leaves=0 deleted_leaves=0 mirror_mismatches=0
elapsed=1.499906e+00 cycle=110 time=1.096875e+00 dt=9.375000e-03
CARTOON_AMR_TRANSACTION cycle=111 requested_refine=0 requested_derefine_leaves=10 accepted_derefine_parents=0 created_leaves=0 deleted_leaves=0 mirror_mismatches=0
elapsed=1.508930e+00 cycle=111 time=1.106250e+00 dt=9.375000e-03
CARTOON_AMR_TRANSACTION cycle=112 requested_refine=0 requested_derefine_leaves=10 accepted_derefine_parents=0 created_leaves=0 deleted_leaves=0 mirror_mismatches=0
elapsed=1.520663e+00 cycle=112 time=1.115625e+00 dt=9.375000e-03
CARTOON_AMR_TRANSACTION cycle=113 requested_refine=0 requested_derefine_leaves=10 accepted_derefine_parents=0 created_leaves=0 deleted_leaves=0 mirror_mismatches=0
elapsed=1.529934e+00 cycle=113 time=1.125000e+00 dt=9.375000e-03
CARTOON_AMR_TRANSACTION cycle=114 requested_refine=0 requested_derefine_leaves=10 accepted_derefine_parents=0 created_leaves=0 deleted_leaves=0 mirror_mismatches=0
elapsed=1.538967e+00 cycle=114 time=1.134375e+00 dt=9.375000e-03
CARTOON_AMR_TRANSACTION cycle=115 requested_refine=0 requested_derefine_leaves=10 accepted_derefine_parents=0 created_leaves=0 deleted_leaves=0 mirror_mismatches=0
elapsed=1.547956e+00 cycle=115 time=1.143750e+00 dt=9.375000e-03
CARTOON_AMR_TRANSACTION cycle=116 requested_refine=0 requested_derefine_leaves=10 accepted_derefine_parents=0 created_leaves=0 deleted_leaves=0 mirror_mismatches=0
elapsed=1.559665e+00 cycle=116 time=1.153125e+00 dt=9.375000e-03
CARTOON_AMR_TRANSACTION cycle=117 requested_refine=0 requested_derefine_leaves=10 accepted_derefine_parents=0 created_leaves=0 deleted_leaves=0 mirror_mismatches=0
elapsed=1.568785e+00 cycle=117 time=1.162500e+00 dt=9.375000e-03
CARTOON_AMR_TRANSACTION cycle=118 requested_refine=0 requested_derefine_leaves=10 accepted_derefine_parents=0 created_leaves=0 deleted_leaves=0 mirror_mismatches=0
elapsed=1.577700e+00 cycle=118 time=1.171875e+00 dt=9.375000e-03
CARTOON_AMR_TRANSACTION cycle=119 requested_refine=0 requested_derefine_leaves=10 accepted_derefine_parents=0 created_leaves=0 deleted_leaves=0 mirror_mismatches=0
elapsed=1.586706e+00 cycle=119 time=1.181250e+00 dt=9.375000e-03
CARTOON_AMR_TRANSACTION cycle=120 requested_refine=0 requested_derefine_leaves=10 accepted_derefine_parents=0 created_leaves=0 deleted_leaves=0 mirror_mismatches=0
elapsed=1.598647e+00 cycle=120 time=1.190625e+00 dt=9.375000e-03
CARTOON_AMR_TRANSACTION cycle=121 requested_refine=0 requested_derefine_leaves=10 accepted_derefine_parents=0 created_leaves=0 deleted_leaves=0 mirror_mismatches=0
elapsed=1.607856e+00 cycle=121 time=1.200000e+00 dt=9.375000e-03
CARTOON_AMR_TRANSACTION cycle=122 requested_refine=0 requested_derefine_leaves=10 accepted_derefine_parents=0 created_leaves=0 deleted_leaves=0 mirror_mismatches=0
elapsed=1.616881e+00 cycle=122 time=1.209375e+00 dt=9.375000e-03
CARTOON_AMR_TRANSACTION cycle=123 requested_refine=0 requested_derefine_leaves=10 accepted_derefine_parents=0 created_leaves=0 deleted_leaves=0 mirror_mismatches=0
elapsed=1.625965e+00 cycle=123 time=1.218750e+00 dt=9.375000e-03
CARTOON_AMR_TRANSACTION cycle=124 requested_refine=0 requested_derefine_leaves=10 accepted_derefine_parents=0 created_leaves=0 deleted_leaves=0 mirror_mismatches=0
elapsed=1.637906e+00 cycle=124 time=1.228125e+00 dt=9.375000e-03
CARTOON_AMR_TRANSACTION cycle=125 requested_refine=0 requested_derefine_leaves=10 accepted_derefine_parents=0 created_leaves=0 deleted_leaves=0 mirror_mismatches=0
elapsed=1.647238e+00 cycle=125 time=1.237500e+00 dt=9.375000e-03
CARTOON_AMR_TRANSACTION cycle=126 requested_refine=0 requested_derefine_leaves=10 accepted_derefine_parents=0 created_leaves=0 deleted_leaves=0 mirror_mismatches=0
elapsed=1.656452e+00 cycle=126 time=1.246875e+00 dt=9.375000e-03
CARTOON_AMR_TRANSACTION cycle=127 requested_refine=0 requested_derefine_leaves=10 accepted_derefine_parents=0 created_leaves=0 deleted_leaves=0 mirror_mismatches=0
elapsed=1.665616e+00 cycle=127 time=1.256250e+00 dt=9.375000e-03
CARTOON_AMR_TRANSACTION cycle=128 requested_refine=0 requested_derefine_leaves=10 accepted_derefine_parents=0 created_leaves=0 deleted_leaves=0 mirror_mismatches=0
elapsed=1.734073e+00 cycle=128 time=1.265625e+00 dt=9.375000e-03
CARTOON_AMR_TRANSACTION cycle=129 requested_refine=0 requested_derefine_leaves=10 accepted_derefine_parents=0 created_leaves=0 deleted_leaves=0 mirror_mismatches=0
elapsed=1.743347e+00 cycle=129 time=1.275000e+00 dt=9.375000e-03
CARTOON_AMR_TRANSACTION cycle=130 requested_refine=0 requested_derefine_leaves=10 accepted_derefine_parents=0 created_leaves=0 deleted_leaves=0 mirror_mismatches=0
elapsed=1.752581e+00 cycle=130 time=1.284375e+00 dt=9.375000e-03
CARTOON_AMR_TRANSACTION cycle=131 requested_refine=0 requested_derefine_leaves=10 accepted_derefine_parents=0 created_leaves=0 deleted_leaves=0 mirror_mismatches=0
elapsed=1.761724e+00 cycle=131 time=1.293750e+00 dt=9.375000e-03
CARTOON_AMR_TRANSACTION cycle=132 requested_refine=0 requested_derefine_leaves=10 accepted_derefine_parents=0 created_leaves=0 deleted_leaves=0 mirror_mismatches=0
elapsed=1.773557e+00 cycle=132 time=1.303125e+00 dt=9.375000e-03
CARTOON_AMR_TRANSACTION cycle=133 requested_refine=0 requested_derefine_leaves=10 accepted_derefine_parents=0 created_leaves=0 deleted_leaves=0 mirror_mismatches=0
elapsed=1.782763e+00 cycle=133 time=1.312500e+00 dt=9.375000e-03
CARTOON_AMR_TRANSACTION cycle=134 requested_refine=0 requested_derefine_leaves=10 accepted_derefine_parents=0 created_leaves=0 deleted_leaves=0 mirror_mismatches=0
elapsed=1.792014e+00 cycle=134 time=1.321875e+00 dt=9.375000e-03
CARTOON_AMR_TRANSACTION cycle=135 requested_refine=0 requested_derefine_leaves=10 accepted_derefine_parents=0 created_leaves=0 deleted_leaves=0 mirror_mismatches=0
elapsed=1.801251e+00 cycle=135 time=1.331250e+00 dt=9.375000e-03
CARTOON_AMR_TRANSACTION cycle=136 requested_refine=0 requested_derefine_leaves=10 accepted_derefine_parents=0 created_leaves=0 deleted_leaves=0 mirror_mismatches=0
elapsed=1.813112e+00 cycle=136 time=1.340625e+00 dt=9.375000e-03
CARTOON_AMR_TRANSACTION cycle=137 requested_refine=0 requested_derefine_leaves=10 accepted_derefine_parents=0 created_leaves=0 deleted_leaves=0 mirror_mismatches=0
elapsed=1.822311e+00 cycle=137 time=1.350000e+00 dt=9.375000e-03
CARTOON_AMR_TRANSACTION cycle=138 requested_refine=0 requested_derefine_leaves=10 accepted_derefine_parents=0 created_leaves=0 deleted_leaves=0 mirror_mismatches=0
elapsed=1.831467e+00 cycle=138 time=1.359375e+00 dt=9.375000e-03
CARTOON_AMR_TRANSACTION cycle=139 requested_refine=0 requested_derefine_leaves=10 accepted_derefine_parents=0 created_leaves=0 deleted_leaves=0 mirror_mismatches=0
elapsed=1.840447e+00 cycle=139 time=1.368750e+00 dt=9.375000e-03
CARTOON_AMR_TRANSACTION cycle=140 requested_refine=0 requested_derefine_leaves=10 accepted_derefine_parents=0 created_leaves=0 deleted_leaves=0 mirror_mismatches=0
elapsed=1.852202e+00 cycle=140 time=1.378125e+00 dt=9.375000e-03
CARTOON_AMR_TRANSACTION cycle=141 requested_refine=0 requested_derefine_leaves=10 accepted_derefine_parents=0 created_leaves=0 deleted_leaves=0 mirror_mismatches=0
elapsed=1.861410e+00 cycle=141 time=1.387500e+00 dt=9.375000e-03
CARTOON_AMR_TRANSACTION cycle=142 requested_refine=0 requested_derefine_leaves=10 accepted_derefine_parents=0 created_leaves=0 deleted_leaves=0 mirror_mismatches=0
elapsed=1.870728e+00 cycle=142 time=1.396875e+00 dt=9.375000e-03
CARTOON_AMR_TRANSACTION cycle=143 requested_refine=0 requested_derefine_leaves=10 accepted_derefine_parents=0 created_leaves=0 deleted_leaves=0 mirror_mismatches=0
elapsed=1.879893e+00 cycle=143 time=1.406250e+00 dt=9.375000e-03
CARTOON_AMR_TRANSACTION cycle=144 requested_refine=0 requested_derefine_leaves=10 accepted_derefine_parents=0 created_leaves=0 deleted_leaves=0 mirror_mismatches=0
elapsed=1.891702e+00 cycle=144 time=1.415625e+00 dt=9.375000e-03
CARTOON_AMR_TRANSACTION cycle=145 requested_refine=0 requested_derefine_leaves=10 accepted_derefine_parents=0 created_leaves=0 deleted_leaves=0 mirror_mismatches=0
elapsed=1.900985e+00 cycle=145 time=1.425000e+00 dt=9.375000e-03
CARTOON_AMR_TRANSACTION cycle=146 requested_refine=0 requested_derefine_leaves=10 accepted_derefine_parents=0 created_leaves=0 deleted_leaves=0 mirror_mismatches=0
elapsed=1.910167e+00 cycle=146 time=1.434375e+00 dt=9.375000e-03
CARTOON_AMR_TRANSACTION cycle=147 requested_refine=0 requested_derefine_leaves=10 accepted_derefine_parents=0 created_leaves=0 deleted_leaves=0 mirror_mismatches=0
elapsed=1.919263e+00 cycle=147 time=1.443750e+00 dt=9.375000e-03
CARTOON_AMR_TRANSACTION cycle=148 requested_refine=0 requested_derefine_leaves=10 accepted_derefine_parents=0 created_leaves=0 deleted_leaves=0 mirror_mismatches=0
elapsed=1.931403e+00 cycle=148 time=1.453125e+00 dt=9.375000e-03
CARTOON_AMR_TRANSACTION cycle=149 requested_refine=0 requested_derefine_leaves=12 accepted_derefine_parents=0 created_leaves=0 deleted_leaves=0 mirror_mismatches=0
elapsed=1.940543e+00 cycle=149 time=1.462500e+00 dt=9.375000e-03
CARTOON_AMR_TRANSACTION cycle=150 requested_refine=0 requested_derefine_leaves=14 accepted_derefine_parents=2 created_leaves=0 deleted_leaves=0 mirror_mismatches=0
elapsed=1.949681e+00 cycle=150 time=1.471875e+00 dt=9.375000e-03
CARTOON_AMR_TRANSACTION cycle=151 requested_refine=0 requested_derefine_leaves=14 accepted_derefine_parents=2 created_leaves=0 deleted_leaves=0 mirror_mismatches=0
elapsed=1.958755e+00 cycle=151 time=1.481250e+00 dt=9.375000e-03
CARTOON_AMR_TRANSACTION cycle=152 requested_refine=0 requested_derefine_leaves=14 accepted_derefine_parents=2 created_leaves=0 deleted_leaves=0 mirror_mismatches=0
elapsed=1.970717e+00 cycle=152 time=1.490625e+00 dt=9.375000e-03
CARTOON_AMR_TRANSACTION cycle=153 requested_refine=0 requested_derefine_leaves=14 accepted_derefine_parents=2 created_leaves=0 deleted_leaves=0 mirror_mismatches=0
elapsed=1.979861e+00 cycle=153 time=1.500000e+00 dt=9.375000e-03
CARTOON_AMR_TRANSACTION cycle=154 requested_refine=0 requested_derefine_leaves=14 accepted_derefine_parents=2 created_leaves=0 deleted_leaves=0 mirror_mismatches=0
elapsed=1.988954e+00 cycle=154 time=1.509375e+00 dt=9.375000e-03
CARTOON_AMR_TRANSACTION cycle=155 requested_refine=0 requested_derefine_leaves=14 accepted_derefine_parents=2 created_leaves=0 deleted_leaves=0 mirror_mismatches=0
elapsed=1.998042e+00 cycle=155 time=1.518750e+00 dt=9.375000e-03
CARTOON_AMR_TRANSACTION cycle=156 requested_refine=0 requested_derefine_leaves=14 accepted_derefine_parents=2 created_leaves=0 deleted_leaves=0 mirror_mismatches=0
elapsed=2.009701e+00 cycle=156 time=1.528125e+00 dt=9.375000e-03
CARTOON_AMR_TRANSACTION cycle=157 requested_refine=0 requested_derefine_leaves=14 accepted_derefine_parents=2 created_leaves=0 deleted_leaves=0 mirror_mismatches=0
elapsed=2.018935e+00 cycle=157 time=1.537500e+00 dt=9.375000e-03
CARTOON_AMR_TRANSACTION cycle=158 requested_refine=0 requested_derefine_leaves=14 accepted_derefine_parents=2 created_leaves=0 deleted_leaves=0 mirror_mismatches=0
elapsed=2.028169e+00 cycle=158 time=1.546875e+00 dt=9.375000e-03
CARTOON_AMR_TRANSACTION cycle=159 requested_refine=0 requested_derefine_leaves=14 accepted_derefine_parents=2 created_leaves=0 deleted_leaves=0 mirror_mismatches=0
elapsed=2.037204e+00 cycle=159 time=1.556250e+00 dt=9.375000e-03
CARTOON_AMR_TRANSACTION cycle=160 requested_refine=0 requested_derefine_leaves=14 accepted_derefine_parents=2 created_leaves=0 deleted_leaves=0 mirror_mismatches=0
elapsed=2.048977e+00 cycle=160 time=1.565625e+00 dt=9.375000e-03
CARTOON_AMR_TRANSACTION cycle=161 requested_refine=0 requested_derefine_leaves=14 accepted_derefine_parents=2 created_leaves=0 deleted_leaves=0 mirror_mismatches=0
elapsed=2.058178e+00 cycle=161 time=1.575000e+00 dt=9.375000e-03
CARTOON_AMR_TRANSACTION cycle=162 requested_refine=0 requested_derefine_leaves=14 accepted_derefine_parents=2 created_leaves=0 deleted_leaves=0 mirror_mismatches=0
elapsed=2.067273e+00 cycle=162 time=1.584375e+00 dt=9.375000e-03
CARTOON_AMR_TRANSACTION cycle=163 requested_refine=0 requested_derefine_leaves=14 accepted_derefine_parents=2 created_leaves=0 deleted_leaves=0 mirror_mismatches=0
elapsed=2.076237e+00 cycle=163 time=1.593750e+00 dt=9.375000e-03
CARTOON_AMR_TRANSACTION cycle=164 requested_refine=0 requested_derefine_leaves=14 accepted_derefine_parents=2 created_leaves=0 deleted_leaves=0 mirror_mismatches=0
elapsed=2.088118e+00 cycle=164 time=1.603125e+00 dt=9.375000e-03
CARTOON_AMR_TRANSACTION cycle=165 requested_refine=0 requested_derefine_leaves=14 accepted_derefine_parents=2 created_leaves=0 deleted_leaves=0 mirror_mismatches=0
elapsed=2.097336e+00 cycle=165 time=1.612500e+00 dt=9.375000e-03
CARTOON_AMR_TRANSACTION cycle=166 requested_refine=0 requested_derefine_leaves=14 accepted_derefine_parents=2 created_leaves=0 deleted_leaves=0 mirror_mismatches=0
elapsed=2.106498e+00 cycle=166 time=1.621875e+00 dt=9.375000e-03
CARTOON_AMR_TRANSACTION cycle=167 requested_refine=0 requested_derefine_leaves=14 accepted_derefine_parents=2 created_leaves=0 deleted_leaves=0 mirror_mismatches=0
elapsed=2.115423e+00 cycle=167 time=1.631250e+00 dt=9.375000e-03
CARTOON_AMR_TRANSACTION cycle=168 requested_refine=0 requested_derefine_leaves=14 accepted_derefine_parents=2 created_leaves=0 deleted_leaves=0 mirror_mismatches=0
elapsed=2.127305e+00 cycle=168 time=1.640625e+00 dt=9.375000e-03
CARTOON_AMR_TRANSACTION cycle=169 requested_refine=0 requested_derefine_leaves=14 accepted_derefine_parents=2 created_leaves=0 deleted_leaves=0 mirror_mismatches=0
elapsed=2.136527e+00 cycle=169 time=1.650000e+00 dt=9.375000e-03
CARTOON_AMR_TRANSACTION cycle=170 requested_refine=0 requested_derefine_leaves=14 accepted_derefine_parents=2 created_leaves=0 deleted_leaves=0 mirror_mismatches=0
elapsed=2.145694e+00 cycle=170 time=1.659375e+00 dt=9.375000e-03
CARTOON_AMR_TRANSACTION cycle=171 requested_refine=0 requested_derefine_leaves=14 accepted_derefine_parents=2 created_leaves=0 deleted_leaves=0 mirror_mismatches=0
elapsed=2.154692e+00 cycle=171 time=1.668750e+00 dt=9.375000e-03
CARTOON_AMR_TRANSACTION cycle=172 requested_refine=0 requested_derefine_leaves=14 accepted_derefine_parents=2 created_leaves=0 deleted_leaves=0 mirror_mismatches=0
elapsed=2.166789e+00 cycle=172 time=1.678125e+00 dt=9.375000e-03
CARTOON_AMR_TRANSACTION cycle=173 requested_refine=0 requested_derefine_leaves=14 accepted_derefine_parents=2 created_leaves=0 deleted_leaves=0 mirror_mismatches=0
elapsed=2.176031e+00 cycle=173 time=1.687500e+00 dt=9.375000e-03
CARTOON_AMR_TRANSACTION cycle=174 requested_refine=0 requested_derefine_leaves=14 accepted_derefine_parents=2 created_leaves=0 deleted_leaves=0 mirror_mismatches=0
elapsed=2.185183e+00 cycle=174 time=1.696875e+00 dt=9.375000e-03
CARTOON_AMR_TRANSACTION cycle=175 requested_refine=0 requested_derefine_leaves=14 accepted_derefine_parents=2 created_leaves=0 deleted_leaves=0 mirror_mismatches=0
elapsed=2.194299e+00 cycle=175 time=1.706250e+00 dt=9.375000e-03
CARTOON_AMR_TRANSACTION cycle=176 requested_refine=0 requested_derefine_leaves=14 accepted_derefine_parents=2 created_leaves=0 deleted_leaves=0 mirror_mismatches=0
elapsed=2.206229e+00 cycle=176 time=1.715625e+00 dt=9.375000e-03
CARTOON_AMR_TRANSACTION cycle=177 requested_refine=0 requested_derefine_leaves=14 accepted_derefine_parents=2 created_leaves=0 deleted_leaves=0 mirror_mismatches=0
elapsed=2.215443e+00 cycle=177 time=1.725000e+00 dt=9.375000e-03
CARTOON_AMR_TRANSACTION cycle=178 requested_refine=0 requested_derefine_leaves=14 accepted_derefine_parents=2 created_leaves=0 deleted_leaves=0 mirror_mismatches=0
elapsed=2.224448e+00 cycle=178 time=1.734375e+00 dt=9.375000e-03
CARTOON_AMR_TRANSACTION cycle=179 requested_refine=0 requested_derefine_leaves=14 accepted_derefine_parents=2 created_leaves=0 deleted_leaves=0 mirror_mismatches=0
elapsed=2.233435e+00 cycle=179 time=1.743750e+00 dt=9.375000e-03
CARTOON_AMR_TRANSACTION cycle=180 requested_refine=0 requested_derefine_leaves=14 accepted_derefine_parents=2 created_leaves=0 deleted_leaves=0 mirror_mismatches=0
elapsed=2.244993e+00 cycle=180 time=1.753125e+00 dt=9.375000e-03
CARTOON_AMR_TRANSACTION cycle=181 requested_refine=0 requested_derefine_leaves=14 accepted_derefine_parents=2 created_leaves=0 deleted_leaves=0 mirror_mismatches=0
elapsed=2.254233e+00 cycle=181 time=1.762500e+00 dt=9.375000e-03
CARTOON_AMR_TRANSACTION cycle=182 requested_refine=0 requested_derefine_leaves=14 accepted_derefine_parents=2 created_leaves=0 deleted_leaves=0 mirror_mismatches=0
elapsed=2.263253e+00 cycle=182 time=1.771875e+00 dt=9.375000e-03
CARTOON_AMR_TRANSACTION cycle=183 requested_refine=0 requested_derefine_leaves=14 accepted_derefine_parents=2 created_leaves=0 deleted_leaves=0 mirror_mismatches=0
elapsed=2.272229e+00 cycle=183 time=1.781250e+00 dt=9.375000e-03
CARTOON_AMR_TRANSACTION cycle=184 requested_refine=0 requested_derefine_leaves=14 accepted_derefine_parents=2 created_leaves=0 deleted_leaves=0 mirror_mismatches=0
elapsed=2.284048e+00 cycle=184 time=1.790625e+00 dt=9.375000e-03
CARTOON_AMR_TRANSACTION cycle=185 requested_refine=0 requested_derefine_leaves=16 accepted_derefine_parents=2 created_leaves=0 deleted_leaves=0 mirror_mismatches=0
elapsed=2.293217e+00 cycle=185 time=1.800000e+00 dt=9.375000e-03
CARTOON_AMR_TRANSACTION cycle=186 requested_refine=0 requested_derefine_leaves=16 accepted_derefine_parents=2 created_leaves=0 deleted_leaves=0 mirror_mismatches=0
elapsed=2.302302e+00 cycle=186 time=1.809375e+00 dt=9.375000e-03
CARTOON_AMR_TRANSACTION cycle=187 requested_refine=0 requested_derefine_leaves=16 accepted_derefine_parents=2 created_leaves=0 deleted_leaves=0 mirror_mismatches=0
elapsed=2.311312e+00 cycle=187 time=1.818750e+00 dt=9.375000e-03
CARTOON_AMR_TRANSACTION cycle=188 requested_refine=0 requested_derefine_leaves=16 accepted_derefine_parents=2 created_leaves=0 deleted_leaves=0 mirror_mismatches=0
elapsed=2.323111e+00 cycle=188 time=1.828125e+00 dt=9.375000e-03
CARTOON_AMR_TRANSACTION cycle=189 requested_refine=0 requested_derefine_leaves=16 accepted_derefine_parents=2 created_leaves=0 deleted_leaves=0 mirror_mismatches=0
elapsed=2.332203e+00 cycle=189 time=1.837500e+00 dt=9.375000e-03
CARTOON_AMR_TRANSACTION cycle=190 requested_refine=0 requested_derefine_leaves=16 accepted_derefine_parents=2 created_leaves=0 deleted_leaves=0 mirror_mismatches=0
elapsed=2.341181e+00 cycle=190 time=1.846875e+00 dt=9.375000e-03
CARTOON_AMR_TRANSACTION cycle=191 requested_refine=0 requested_derefine_leaves=16 accepted_derefine_parents=2 created_leaves=0 deleted_leaves=0 mirror_mismatches=0
elapsed=2.350170e+00 cycle=191 time=1.856250e+00 dt=9.375000e-03
CARTOON_AMR_TRANSACTION cycle=192 requested_refine=0 requested_derefine_leaves=16 accepted_derefine_parents=2 created_leaves=0 deleted_leaves=0 mirror_mismatches=0
elapsed=2.400961e+00 cycle=192 time=1.865625e+00 dt=9.375000e-03
CARTOON_AMR_TRANSACTION cycle=193 requested_refine=0 requested_derefine_leaves=16 accepted_derefine_parents=2 created_leaves=0 deleted_leaves=0 mirror_mismatches=0
elapsed=2.410165e+00 cycle=193 time=1.875000e+00 dt=9.375000e-03
CARTOON_AMR_TRANSACTION cycle=194 requested_refine=0 requested_derefine_leaves=16 accepted_derefine_parents=2 created_leaves=0 deleted_leaves=0 mirror_mismatches=0
elapsed=2.419388e+00 cycle=194 time=1.884375e+00 dt=9.375000e-03
CARTOON_AMR_TRANSACTION cycle=195 requested_refine=0 requested_derefine_leaves=16 accepted_derefine_parents=2 created_leaves=0 deleted_leaves=0 mirror_mismatches=0
elapsed=2.428580e+00 cycle=195 time=1.893750e+00 dt=9.375000e-03
CARTOON_AMR_TRANSACTION cycle=196 requested_refine=0 requested_derefine_leaves=16 accepted_derefine_parents=2 created_leaves=0 deleted_leaves=0 mirror_mismatches=0
elapsed=2.440388e+00 cycle=196 time=1.903125e+00 dt=9.375000e-03
CARTOON_AMR_TRANSACTION cycle=197 requested_refine=0 requested_derefine_leaves=16 accepted_derefine_parents=2 created_leaves=0 deleted_leaves=0 mirror_mismatches=0
elapsed=2.449561e+00 cycle=197 time=1.912500e+00 dt=9.375000e-03
CARTOON_AMR_TRANSACTION cycle=198 requested_refine=0 requested_derefine_leaves=16 accepted_derefine_parents=2 created_leaves=0 deleted_leaves=0 mirror_mismatches=0
elapsed=2.458757e+00 cycle=198 time=1.921875e+00 dt=9.375000e-03
CARTOON_AMR_TRANSACTION cycle=199 requested_refine=0 requested_derefine_leaves=16 accepted_derefine_parents=2 created_leaves=0 deleted_leaves=0 mirror_mismatches=0
elapsed=2.468021e+00 cycle=199 time=1.931250e+00 dt=9.375000e-03
CARTOON_AMR_TRANSACTION cycle=200 requested_refine=0 requested_derefine_leaves=16 accepted_derefine_parents=2 created_leaves=0 deleted_leaves=0 mirror_mismatches=0
elapsed=2.479834e+00 cycle=200 time=1.940625e+00 dt=9.375000e-03
CARTOON_AMR_TRANSACTION cycle=201 requested_refine=0 requested_derefine_leaves=16 accepted_derefine_parents=2 created_leaves=0 deleted_leaves=0 mirror_mismatches=0
elapsed=2.489050e+00 cycle=201 time=1.950000e+00 dt=9.375000e-03
CARTOON_AMR_TRANSACTION cycle=202 requested_refine=0 requested_derefine_leaves=16 accepted_derefine_parents=2 created_leaves=0 deleted_leaves=0 mirror_mismatches=0
elapsed=2.498246e+00 cycle=202 time=1.959375e+00 dt=9.375000e-03
CARTOON_AMR_TRANSACTION cycle=203 requested_refine=0 requested_derefine_leaves=16 accepted_derefine_parents=2 created_leaves=0 deleted_leaves=0 mirror_mismatches=0
elapsed=2.507449e+00 cycle=203 time=1.968750e+00 dt=9.375000e-03
CARTOON_AMR_TRANSACTION cycle=204 requested_refine=0 requested_derefine_leaves=16 accepted_derefine_parents=2 created_leaves=0 deleted_leaves=0 mirror_mismatches=0
elapsed=2.519519e+00 cycle=204 time=1.978125e+00 dt=9.375000e-03
CARTOON_AMR_TRANSACTION cycle=205 requested_refine=0 requested_derefine_leaves=16 accepted_derefine_parents=2 created_leaves=0 deleted_leaves=0 mirror_mismatches=0
elapsed=2.528727e+00 cycle=205 time=1.987500e+00 dt=9.375000e-03
CARTOON_AMR_TRANSACTION cycle=206 requested_refine=0 requested_derefine_leaves=16 accepted_derefine_parents=2 created_leaves=0 deleted_leaves=0 mirror_mismatches=0
elapsed=2.537841e+00 cycle=206 time=1.996875e+00 dt=9.375000e-03
CARTOON_AMR_TRANSACTION cycle=207 requested_refine=0 requested_derefine_leaves=16 accepted_derefine_parents=2 created_leaves=0 deleted_leaves=0 mirror_mismatches=0
elapsed=2.546797e+00 cycle=207 time=2.006250e+00 dt=9.375000e-03
CARTOON_AMR_TRANSACTION cycle=208 requested_refine=0 requested_derefine_leaves=16 accepted_derefine_parents=2 created_leaves=0 deleted_leaves=0 mirror_mismatches=0
elapsed=2.558600e+00 cycle=208 time=2.015625e+00 dt=9.375000e-03
CARTOON_AMR_TRANSACTION cycle=209 requested_refine=0 requested_derefine_leaves=16 accepted_derefine_parents=2 created_leaves=0 deleted_leaves=0 mirror_mismatches=0
elapsed=2.567733e+00 cycle=209 time=2.025000e+00 dt=9.375000e-03
CARTOON_AMR_TRANSACTION cycle=210 requested_refine=0 requested_derefine_leaves=16 accepted_derefine_parents=2 created_leaves=0 deleted_leaves=0 mirror_mismatches=0
elapsed=2.576710e+00 cycle=210 time=2.034375e+00 dt=9.375000e-03
CARTOON_AMR_TRANSACTION cycle=211 requested_refine=0 requested_derefine_leaves=16 accepted_derefine_parents=2 created_leaves=0 deleted_leaves=0 mirror_mismatches=0
elapsed=2.585640e+00 cycle=211 time=2.043750e+00 dt=9.375000e-03
CARTOON_AMR_TRANSACTION cycle=212 requested_refine=0 requested_derefine_leaves=16 accepted_derefine_parents=2 created_leaves=0 deleted_leaves=0 mirror_mismatches=0
elapsed=2.597666e+00 cycle=212 time=2.053125e+00 dt=9.375000e-03
CARTOON_AMR_TRANSACTION cycle=213 requested_refine=0 requested_derefine_leaves=16 accepted_derefine_parents=2 created_leaves=0 deleted_leaves=0 mirror_mismatches=0
elapsed=2.606797e+00 cycle=213 time=2.062500e+00 dt=9.375000e-03
CARTOON_AMR_TRANSACTION cycle=214 requested_refine=0 requested_derefine_leaves=16 accepted_derefine_parents=2 created_leaves=0 deleted_leaves=0 mirror_mismatches=0
elapsed=2.615857e+00 cycle=214 time=2.071875e+00 dt=9.375000e-03
CARTOON_AMR_TRANSACTION cycle=215 requested_refine=0 requested_derefine_leaves=16 accepted_derefine_parents=2 created_leaves=0 deleted_leaves=0 mirror_mismatches=0
elapsed=2.624939e+00 cycle=215 time=2.081250e+00 dt=9.375000e-03
CARTOON_AMR_TRANSACTION cycle=216 requested_refine=0 requested_derefine_leaves=16 accepted_derefine_parents=2 created_leaves=0 deleted_leaves=0 mirror_mismatches=0
elapsed=2.636640e+00 cycle=216 time=2.090625e+00 dt=9.375000e-03
CARTOON_AMR_TRANSACTION cycle=217 requested_refine=0 requested_derefine_leaves=16 accepted_derefine_parents=2 created_leaves=0 deleted_leaves=0 mirror_mismatches=0
elapsed=2.645904e+00 cycle=217 time=2.100000e+00 dt=9.375000e-03
CARTOON_AMR_TRANSACTION cycle=218 requested_refine=0 requested_derefine_leaves=16 accepted_derefine_parents=2 created_leaves=0 deleted_leaves=0 mirror_mismatches=0
elapsed=2.655061e+00 cycle=218 time=2.109375e+00 dt=9.375000e-03
CARTOON_AMR_TRANSACTION cycle=219 requested_refine=0 requested_derefine_leaves=14 accepted_derefine_parents=0 created_leaves=0 deleted_leaves=0 mirror_mismatches=0
elapsed=2.664228e+00 cycle=219 time=2.118750e+00 dt=9.375000e-03
CARTOON_AMR_TRANSACTION cycle=220 requested_refine=0 requested_derefine_leaves=14 accepted_derefine_parents=0 created_leaves=0 deleted_leaves=0 mirror_mismatches=0
elapsed=2.676094e+00 cycle=220 time=2.128125e+00 dt=9.375000e-03
CARTOON_AMR_TRANSACTION cycle=221 requested_refine=0 requested_derefine_leaves=14 accepted_derefine_parents=0 created_leaves=0 deleted_leaves=0 mirror_mismatches=0
elapsed=2.685351e+00 cycle=221 time=2.137500e+00 dt=9.375000e-03
CARTOON_AMR_TRANSACTION cycle=222 requested_refine=0 requested_derefine_leaves=16 accepted_derefine_parents=0 created_leaves=0 deleted_leaves=0 mirror_mismatches=0
elapsed=2.694590e+00 cycle=222 time=2.146875e+00 dt=9.375000e-03
CARTOON_AMR_TRANSACTION cycle=223 requested_refine=0 requested_derefine_leaves=16 accepted_derefine_parents=0 created_leaves=0 deleted_leaves=0 mirror_mismatches=0
elapsed=2.703773e+00 cycle=223 time=2.156250e+00 dt=9.375000e-03
CARTOON_AMR_TRANSACTION cycle=224 requested_refine=0 requested_derefine_leaves=16 accepted_derefine_parents=0 created_leaves=0 deleted_leaves=0 mirror_mismatches=0
elapsed=2.715968e+00 cycle=224 time=2.165625e+00 dt=9.375000e-03
CARTOON_AMR_TRANSACTION cycle=225 requested_refine=0 requested_derefine_leaves=16 accepted_derefine_parents=0 created_leaves=0 deleted_leaves=0 mirror_mismatches=0
elapsed=2.725179e+00 cycle=225 time=2.175000e+00 dt=9.375000e-03
CARTOON_AMR_TRANSACTION cycle=226 requested_refine=0 requested_derefine_leaves=16 accepted_derefine_parents=0 created_leaves=0 deleted_leaves=0 mirror_mismatches=0
elapsed=2.734264e+00 cycle=226 time=2.184375e+00 dt=9.375000e-03
CARTOON_AMR_TRANSACTION cycle=227 requested_refine=0 requested_derefine_leaves=16 accepted_derefine_parents=0 created_leaves=0 deleted_leaves=0 mirror_mismatches=0
elapsed=2.743235e+00 cycle=227 time=2.193750e+00 dt=9.375000e-03
CARTOON_AMR_TRANSACTION cycle=228 requested_refine=0 requested_derefine_leaves=16 accepted_derefine_parents=0 created_leaves=0 deleted_leaves=0 mirror_mismatches=0
elapsed=2.754910e+00 cycle=228 time=2.203125e+00 dt=9.375000e-03
CARTOON_AMR_TRANSACTION cycle=229 requested_refine=0 requested_derefine_leaves=16 accepted_derefine_parents=0 created_leaves=0 deleted_leaves=0 mirror_mismatches=0
elapsed=2.764116e+00 cycle=229 time=2.212500e+00 dt=9.375000e-03
CARTOON_AMR_TRANSACTION cycle=230 requested_refine=0 requested_derefine_leaves=16 accepted_derefine_parents=0 created_leaves=0 deleted_leaves=0 mirror_mismatches=0
elapsed=2.773154e+00 cycle=230 time=2.221875e+00 dt=9.375000e-03
CARTOON_AMR_TRANSACTION cycle=231 requested_refine=0 requested_derefine_leaves=16 accepted_derefine_parents=0 created_leaves=0 deleted_leaves=0 mirror_mismatches=0
elapsed=2.782028e+00 cycle=231 time=2.231250e+00 dt=9.375000e-03
CARTOON_AMR_TRANSACTION cycle=232 requested_refine=0 requested_derefine_leaves=16 accepted_derefine_parents=0 created_leaves=0 deleted_leaves=0 mirror_mismatches=0
elapsed=2.793978e+00 cycle=232 time=2.240625e+00 dt=9.375000e-03
CARTOON_AMR_TRANSACTION cycle=233 requested_refine=0 requested_derefine_leaves=16 accepted_derefine_parents=0 created_leaves=0 deleted_leaves=0 mirror_mismatches=0
elapsed=2.803222e+00 cycle=233 time=2.250000e+00 dt=9.375000e-03
CARTOON_AMR_TRANSACTION cycle=234 requested_refine=0 requested_derefine_leaves=16 accepted_derefine_parents=0 created_leaves=0 deleted_leaves=0 mirror_mismatches=0
elapsed=2.812261e+00 cycle=234 time=2.259375e+00 dt=9.375000e-03
CARTOON_AMR_TRANSACTION cycle=235 requested_refine=0 requested_derefine_leaves=16 accepted_derefine_parents=0 created_leaves=0 deleted_leaves=0 mirror_mismatches=0
elapsed=2.821328e+00 cycle=235 time=2.268750e+00 dt=9.375000e-03
CARTOON_AMR_TRANSACTION cycle=236 requested_refine=0 requested_derefine_leaves=16 accepted_derefine_parents=0 created_leaves=0 deleted_leaves=0 mirror_mismatches=0
elapsed=2.833135e+00 cycle=236 time=2.278125e+00 dt=9.375000e-03
CARTOON_AMR_TRANSACTION cycle=237 requested_refine=0 requested_derefine_leaves=16 accepted_derefine_parents=0 created_leaves=0 deleted_leaves=0 mirror_mismatches=0
elapsed=2.842215e+00 cycle=237 time=2.287500e+00 dt=9.375000e-03
CARTOON_AMR_TRANSACTION cycle=238 requested_refine=0 requested_derefine_leaves=16 accepted_derefine_parents=0 created_leaves=0 deleted_leaves=0 mirror_mismatches=0
elapsed=2.851253e+00 cycle=238 time=2.296875e+00 dt=9.375000e-03
CARTOON_AMR_TRANSACTION cycle=239 requested_refine=0 requested_derefine_leaves=16 accepted_derefine_parents=0 created_leaves=0 deleted_leaves=0 mirror_mismatches=0
elapsed=2.860216e+00 cycle=239 time=2.306250e+00 dt=9.375000e-03
CARTOON_AMR_TRANSACTION cycle=240 requested_refine=0 requested_derefine_leaves=18 accepted_derefine_parents=2 created_leaves=0 deleted_leaves=6 mirror_mismatches=0
elapsed=2.875547e+00 cycle=240 time=2.315625e+00 dt=1.875000e-02
CARTOON_AMR_TRANSACTION cycle=241 requested_refine=0 requested_derefine_leaves=10 accepted_derefine_parents=0 created_leaves=0 deleted_leaves=0 mirror_mismatches=0
elapsed=2.883837e+00 cycle=241 time=2.334375e+00 dt=1.875000e-02
CARTOON_AMR_TRANSACTION cycle=242 requested_refine=0 requested_derefine_leaves=10 accepted_derefine_parents=0 created_leaves=0 deleted_leaves=0 mirror_mismatches=0
elapsed=2.892084e+00 cycle=242 time=2.353125e+00 dt=1.875000e-02
CARTOON_AMR_TRANSACTION cycle=243 requested_refine=0 requested_derefine_leaves=10 accepted_derefine_parents=0 created_leaves=0 deleted_leaves=0 mirror_mismatches=0
elapsed=2.900133e+00 cycle=243 time=2.371875e+00 dt=1.875000e-02
CARTOON_AMR_TRANSACTION cycle=244 requested_refine=0 requested_derefine_leaves=10 accepted_derefine_parents=0 created_leaves=0 deleted_leaves=0 mirror_mismatches=0
elapsed=2.911243e+00 cycle=244 time=2.390625e+00 dt=1.875000e-02
CARTOON_AMR_TRANSACTION cycle=245 requested_refine=0 requested_derefine_leaves=10 accepted_derefine_parents=0 created_leaves=0 deleted_leaves=0 mirror_mismatches=0
elapsed=2.919423e+00 cycle=245 time=2.409375e+00 dt=1.875000e-02
CARTOON_AMR_TRANSACTION cycle=246 requested_refine=0 requested_derefine_leaves=10 accepted_derefine_parents=0 created_leaves=0 deleted_leaves=0 mirror_mismatches=0
elapsed=2.927482e+00 cycle=246 time=2.428125e+00 dt=1.875000e-02
CARTOON_AMR_TRANSACTION cycle=247 requested_refine=0 requested_derefine_leaves=10 accepted_derefine_parents=0 created_leaves=0 deleted_leaves=0 mirror_mismatches=0
elapsed=2.935493e+00 cycle=247 time=2.446875e+00 dt=1.875000e-02
CARTOON_AMR_TRANSACTION cycle=248 requested_refine=0 requested_derefine_leaves=10 accepted_derefine_parents=0 created_leaves=0 deleted_leaves=0 mirror_mismatches=0
elapsed=2.946283e+00 cycle=248 time=2.465625e+00 dt=1.875000e-02
CARTOON_AMR_TRANSACTION cycle=249 requested_refine=0 requested_derefine_leaves=10 accepted_derefine_parents=0 created_leaves=0 deleted_leaves=0 mirror_mismatches=0
elapsed=2.954466e+00 cycle=249 time=2.484375e+00 dt=1.875000e-02
CARTOON_AMR_TRANSACTION cycle=250 requested_refine=0 requested_derefine_leaves=10 accepted_derefine_parents=0 created_leaves=0 deleted_leaves=0 mirror_mismatches=0
elapsed=2.962548e+00 cycle=250 time=2.503125e+00 dt=1.875000e-02
CARTOON_AMR_TRANSACTION cycle=251 requested_refine=0 requested_derefine_leaves=10 accepted_derefine_parents=0 created_leaves=0 deleted_leaves=0 mirror_mismatches=0
elapsed=2.970528e+00 cycle=251 time=2.521875e+00 dt=1.875000e-02
CARTOON_AMR_TRANSACTION cycle=252 requested_refine=0 requested_derefine_leaves=10 accepted_derefine_parents=0 created_leaves=0 deleted_leaves=0 mirror_mismatches=0
elapsed=2.981158e+00 cycle=252 time=2.540625e+00 dt=1.875000e-02
CARTOON_AMR_TRANSACTION cycle=253 requested_refine=0 requested_derefine_leaves=10 accepted_derefine_parents=0 created_leaves=0 deleted_leaves=0 mirror_mismatches=0
elapsed=2.989370e+00 cycle=253 time=2.559375e+00 dt=1.875000e-02
CARTOON_AMR_TRANSACTION cycle=254 requested_refine=0 requested_derefine_leaves=10 accepted_derefine_parents=0 created_leaves=0 deleted_leaves=0 mirror_mismatches=0
elapsed=2.997288e+00 cycle=254 time=2.578125e+00 dt=1.875000e-02
CARTOON_AMR_TRANSACTION cycle=255 requested_refine=0 requested_derefine_leaves=10 accepted_derefine_parents=0 created_leaves=0 deleted_leaves=0 mirror_mismatches=0
elapsed=3.005276e+00 cycle=255 time=2.596875e+00 dt=1.875000e-02
CARTOON_AMR_TRANSACTION cycle=256 requested_refine=0 requested_derefine_leaves=10 accepted_derefine_parents=0 created_leaves=0 deleted_leaves=0 mirror_mismatches=0
elapsed=3.055442e+00 cycle=256 time=2.615625e+00 dt=1.875000e-02
CARTOON_AMR_TRANSACTION cycle=257 requested_refine=0 requested_derefine_leaves=10 accepted_derefine_parents=0 created_leaves=0 deleted_leaves=0 mirror_mismatches=0
elapsed=3.063742e+00 cycle=257 time=2.634375e+00 dt=1.875000e-02
CARTOON_AMR_TRANSACTION cycle=258 requested_refine=0 requested_derefine_leaves=10 accepted_derefine_parents=0 created_leaves=0 deleted_leaves=0 mirror_mismatches=0
elapsed=3.072081e+00 cycle=258 time=2.653125e+00 dt=1.875000e-02
CARTOON_AMR_TRANSACTION cycle=259 requested_refine=0 requested_derefine_leaves=10 accepted_derefine_parents=0 created_leaves=0 deleted_leaves=0 mirror_mismatches=0
elapsed=3.080336e+00 cycle=259 time=2.671875e+00 dt=1.875000e-02
CARTOON_AMR_TRANSACTION cycle=260 requested_refine=0 requested_derefine_leaves=10 accepted_derefine_parents=0 created_leaves=0 deleted_leaves=0 mirror_mismatches=0
elapsed=3.091555e+00 cycle=260 time=2.690625e+00 dt=1.875000e-02
CARTOON_AMR_TRANSACTION cycle=261 requested_refine=0 requested_derefine_leaves=10 accepted_derefine_parents=0 created_leaves=0 deleted_leaves=0 mirror_mismatches=0
elapsed=3.099864e+00 cycle=261 time=2.709375e+00 dt=1.875000e-02
CARTOON_AMR_TRANSACTION cycle=262 requested_refine=0 requested_derefine_leaves=10 accepted_derefine_parents=0 created_leaves=0 deleted_leaves=0 mirror_mismatches=0
elapsed=3.108060e+00 cycle=262 time=2.728125e+00 dt=1.875000e-02
CARTOON_AMR_TRANSACTION cycle=263 requested_refine=0 requested_derefine_leaves=10 accepted_derefine_parents=0 created_leaves=0 deleted_leaves=0 mirror_mismatches=0
elapsed=3.116108e+00 cycle=263 time=2.746875e+00 dt=1.875000e-02
CARTOON_AMR_TRANSACTION cycle=264 requested_refine=0 requested_derefine_leaves=10 accepted_derefine_parents=0 created_leaves=0 deleted_leaves=0 mirror_mismatches=0
elapsed=3.126769e+00 cycle=264 time=2.765625e+00 dt=1.875000e-02
CARTOON_AMR_TRANSACTION cycle=265 requested_refine=0 requested_derefine_leaves=10 accepted_derefine_parents=0 created_leaves=0 deleted_leaves=0 mirror_mismatches=0
elapsed=3.134847e+00 cycle=265 time=2.784375e+00 dt=1.875000e-02
CARTOON_AMR_TRANSACTION cycle=266 requested_refine=0 requested_derefine_leaves=10 accepted_derefine_parents=0 created_leaves=0 deleted_leaves=0 mirror_mismatches=0
elapsed=3.142849e+00 cycle=266 time=2.803125e+00 dt=1.875000e-02
CARTOON_AMR_TRANSACTION cycle=267 requested_refine=0 requested_derefine_leaves=10 accepted_derefine_parents=0 created_leaves=0 deleted_leaves=0 mirror_mismatches=0
elapsed=3.150898e+00 cycle=267 time=2.821875e+00 dt=1.875000e-02
CARTOON_AMR_TRANSACTION cycle=268 requested_refine=0 requested_derefine_leaves=10 accepted_derefine_parents=0 created_leaves=0 deleted_leaves=0 mirror_mismatches=0
elapsed=3.161678e+00 cycle=268 time=2.840625e+00 dt=1.875000e-02
CARTOON_AMR_TRANSACTION cycle=269 requested_refine=0 requested_derefine_leaves=10 accepted_derefine_parents=0 created_leaves=0 deleted_leaves=0 mirror_mismatches=0
elapsed=3.169837e+00 cycle=269 time=2.859375e+00 dt=1.875000e-02
CARTOON_AMR_TRANSACTION cycle=270 requested_refine=0 requested_derefine_leaves=10 accepted_derefine_parents=0 created_leaves=0 deleted_leaves=0 mirror_mismatches=0
elapsed=3.177985e+00 cycle=270 time=2.878125e+00 dt=1.875000e-02
CARTOON_AMR_TRANSACTION cycle=271 requested_refine=0 requested_derefine_leaves=10 accepted_derefine_parents=0 created_leaves=0 deleted_leaves=0 mirror_mismatches=0
elapsed=3.186212e+00 cycle=271 time=2.896875e+00 dt=1.875000e-02
CARTOON_AMR_TRANSACTION cycle=272 requested_refine=0 requested_derefine_leaves=10 accepted_derefine_parents=0 created_leaves=0 deleted_leaves=0 mirror_mismatches=0
elapsed=3.197053e+00 cycle=272 time=2.915625e+00 dt=1.875000e-02
CARTOON_AMR_TRANSACTION cycle=273 requested_refine=0 requested_derefine_leaves=10 accepted_derefine_parents=0 created_leaves=0 deleted_leaves=0 mirror_mismatches=0
elapsed=3.205249e+00 cycle=273 time=2.934375e+00 dt=1.875000e-02
CARTOON_AMR_TRANSACTION cycle=274 requested_refine=0 requested_derefine_leaves=10 accepted_derefine_parents=0 created_leaves=0 deleted_leaves=0 mirror_mismatches=0
elapsed=3.213539e+00 cycle=274 time=2.953125e+00 dt=1.875000e-02
CARTOON_AMR_TRANSACTION cycle=275 requested_refine=0 requested_derefine_leaves=10 accepted_derefine_parents=0 created_leaves=0 deleted_leaves=0 mirror_mismatches=0
elapsed=3.221577e+00 cycle=275 time=2.971875e+00 dt=1.875000e-02
CARTOON_AMR_TRANSACTION cycle=276 requested_refine=0 requested_derefine_leaves=10 accepted_derefine_parents=0 created_leaves=0 deleted_leaves=0 mirror_mismatches=0
elapsed=3.232887e+00 cycle=276 time=2.990625e+00 dt=1.875000e-02
CARTOON_AMR_TRANSACTION cycle=277 requested_refine=0 requested_derefine_leaves=10 accepted_derefine_parents=0 created_leaves=0 deleted_leaves=0 mirror_mismatches=0
elapsed=3.240989e+00 cycle=277 time=3.009375e+00 dt=1.875000e-02
CARTOON_AMR_TRANSACTION cycle=278 requested_refine=0 requested_derefine_leaves=10 accepted_derefine_parents=0 created_leaves=0 deleted_leaves=0 mirror_mismatches=0
elapsed=3.249075e+00 cycle=278 time=3.028125e+00 dt=1.875000e-02
CARTOON_AMR_TRANSACTION cycle=279 requested_refine=0 requested_derefine_leaves=10 accepted_derefine_parents=0 created_leaves=0 deleted_leaves=0 mirror_mismatches=0
elapsed=3.257250e+00 cycle=279 time=3.046875e+00 dt=1.875000e-02
CARTOON_AMR_TRANSACTION cycle=280 requested_refine=0 requested_derefine_leaves=10 accepted_derefine_parents=0 created_leaves=0 deleted_leaves=0 mirror_mismatches=0
elapsed=3.267988e+00 cycle=280 time=3.065625e+00 dt=1.875000e-02
CARTOON_AMR_TRANSACTION cycle=281 requested_refine=0 requested_derefine_leaves=10 accepted_derefine_parents=0 created_leaves=0 deleted_leaves=0 mirror_mismatches=0
elapsed=3.276255e+00 cycle=281 time=3.084375e+00 dt=1.875000e-02
CARTOON_AMR_TRANSACTION cycle=282 requested_refine=0 requested_derefine_leaves=10 accepted_derefine_parents=0 created_leaves=0 deleted_leaves=0 mirror_mismatches=0
elapsed=3.284412e+00 cycle=282 time=3.103125e+00 dt=1.875000e-02
CARTOON_AMR_TRANSACTION cycle=283 requested_refine=0 requested_derefine_leaves=10 accepted_derefine_parents=0 created_leaves=0 deleted_leaves=0 mirror_mismatches=0
elapsed=3.292419e+00 cycle=283 time=3.121875e+00 dt=1.875000e-02
CARTOON_AMR_TRANSACTION cycle=284 requested_refine=0 requested_derefine_leaves=10 accepted_derefine_parents=0 created_leaves=0 deleted_leaves=0 mirror_mismatches=0
elapsed=3.302946e+00 cycle=284 time=3.140625e+00 dt=1.875000e-02
CARTOON_AMR_TRANSACTION cycle=285 requested_refine=0 requested_derefine_leaves=10 accepted_derefine_parents=0 created_leaves=0 deleted_leaves=0 mirror_mismatches=0
elapsed=3.311078e+00 cycle=285 time=3.159375e+00 dt=1.875000e-02
CARTOON_AMR_TRANSACTION cycle=286 requested_refine=0 requested_derefine_leaves=10 accepted_derefine_parents=0 created_leaves=0 deleted_leaves=0 mirror_mismatches=0
elapsed=3.319123e+00 cycle=286 time=3.178125e+00 dt=1.875000e-02
CARTOON_AMR_TRANSACTION cycle=287 requested_refine=0 requested_derefine_leaves=10 accepted_derefine_parents=0 created_leaves=0 deleted_leaves=0 mirror_mismatches=0
elapsed=3.327073e+00 cycle=287 time=3.196875e+00 dt=1.875000e-02
CARTOON_AMR_TRANSACTION cycle=288 requested_refine=0 requested_derefine_leaves=10 accepted_derefine_parents=0 created_leaves=0 deleted_leaves=0 mirror_mismatches=0
elapsed=3.338075e+00 cycle=288 time=3.215625e+00 dt=1.875000e-02
CARTOON_AMR_TRANSACTION cycle=289 requested_refine=0 requested_derefine_leaves=10 accepted_derefine_parents=0 created_leaves=0 deleted_leaves=0 mirror_mismatches=0
elapsed=3.346278e+00 cycle=289 time=3.234375e+00 dt=1.875000e-02
CARTOON_AMR_TRANSACTION cycle=290 requested_refine=0 requested_derefine_leaves=10 accepted_derefine_parents=0 created_leaves=0 deleted_leaves=0 mirror_mismatches=0
elapsed=3.354321e+00 cycle=290 time=3.253125e+00 dt=1.875000e-02
CARTOON_AMR_TRANSACTION cycle=291 requested_refine=0 requested_derefine_leaves=10 accepted_derefine_parents=0 created_leaves=0 deleted_leaves=0 mirror_mismatches=0
elapsed=3.362357e+00 cycle=291 time=3.271875e+00 dt=1.875000e-02
CARTOON_AMR_TRANSACTION cycle=292 requested_refine=0 requested_derefine_leaves=10 accepted_derefine_parents=0 created_leaves=0 deleted_leaves=0 mirror_mismatches=0
elapsed=3.373140e+00 cycle=292 time=3.290625e+00 dt=1.875000e-02
CARTOON_AMR_TRANSACTION cycle=293 requested_refine=0 requested_derefine_leaves=10 accepted_derefine_parents=0 created_leaves=0 deleted_leaves=0 mirror_mismatches=0
elapsed=3.381373e+00 cycle=293 time=3.309375e+00 dt=1.875000e-02
CARTOON_AMR_TRANSACTION cycle=294 requested_refine=0 requested_derefine_leaves=10 accepted_derefine_parents=0 created_leaves=0 deleted_leaves=0 mirror_mismatches=0
elapsed=3.389532e+00 cycle=294 time=3.328125e+00 dt=1.875000e-02
CARTOON_AMR_TRANSACTION cycle=295 requested_refine=0 requested_derefine_leaves=10 accepted_derefine_parents=0 created_leaves=0 deleted_leaves=0 mirror_mismatches=0
elapsed=3.397495e+00 cycle=295 time=3.346875e+00 dt=1.875000e-02
CARTOON_AMR_TRANSACTION cycle=296 requested_refine=0 requested_derefine_leaves=10 accepted_derefine_parents=0 created_leaves=0 deleted_leaves=0 mirror_mismatches=0
elapsed=3.408462e+00 cycle=296 time=3.365625e+00 dt=1.875000e-02
CARTOON_AMR_TRANSACTION cycle=297 requested_refine=0 requested_derefine_leaves=10 accepted_derefine_parents=0 created_leaves=0 deleted_leaves=0 mirror_mismatches=0
elapsed=3.416735e+00 cycle=297 time=3.384375e+00 dt=1.875000e-02
CARTOON_AMR_TRANSACTION cycle=298 requested_refine=0 requested_derefine_leaves=10 accepted_derefine_parents=0 created_leaves=0 deleted_leaves=0 mirror_mismatches=0
elapsed=3.424901e+00 cycle=298 time=3.403125e+00 dt=1.875000e-02
CARTOON_AMR_TRANSACTION cycle=299 requested_refine=0 requested_derefine_leaves=10 accepted_derefine_parents=0 created_leaves=0 deleted_leaves=0 mirror_mismatches=0
elapsed=3.432982e+00 cycle=299 time=3.421875e+00 dt=1.875000e-02
CARTOON_AMR_TRANSACTION cycle=300 requested_refine=0 requested_derefine_leaves=10 accepted_derefine_parents=0 created_leaves=0 deleted_leaves=0 mirror_mismatches=0
elapsed=3.443698e+00 cycle=300 time=3.440625e+00 dt=1.875000e-02
CARTOON_AMR_TRANSACTION cycle=301 requested_refine=0 requested_derefine_leaves=10 accepted_derefine_parents=0 created_leaves=0 deleted_leaves=0 mirror_mismatches=0
elapsed=3.451930e+00 cycle=301 time=3.459375e+00 dt=1.875000e-02
CARTOON_AMR_TRANSACTION cycle=302 requested_refine=0 requested_derefine_leaves=10 accepted_derefine_parents=0 created_leaves=0 deleted_leaves=0 mirror_mismatches=0
elapsed=3.459994e+00 cycle=302 time=3.478125e+00 dt=1.875000e-02
CARTOON_AMR_TRANSACTION cycle=303 requested_refine=0 requested_derefine_leaves=10 accepted_derefine_parents=0 created_leaves=0 deleted_leaves=0 mirror_mismatches=0
elapsed=3.467945e+00 cycle=303 time=3.496875e+00 dt=1.875000e-02
CARTOON_AMR_TRANSACTION cycle=304 requested_refine=0 requested_derefine_leaves=10 accepted_derefine_parents=0 created_leaves=0 deleted_leaves=0 mirror_mismatches=0
elapsed=3.478707e+00 cycle=304 time=3.515625e+00 dt=1.875000e-02
CARTOON_AMR_TRANSACTION cycle=305 requested_refine=0 requested_derefine_leaves=10 accepted_derefine_parents=0 created_leaves=0 deleted_leaves=0 mirror_mismatches=0
elapsed=3.486952e+00 cycle=305 time=3.534375e+00 dt=1.875000e-02
CARTOON_AMR_TRANSACTION cycle=306 requested_refine=0 requested_derefine_leaves=10 accepted_derefine_parents=0 created_leaves=0 deleted_leaves=0 mirror_mismatches=0
elapsed=3.494957e+00 cycle=306 time=3.553125e+00 dt=1.875000e-02
CARTOON_AMR_TRANSACTION cycle=307 requested_refine=0 requested_derefine_leaves=10 accepted_derefine_parents=0 created_leaves=0 deleted_leaves=0 mirror_mismatches=0
elapsed=3.504425e+00 cycle=307 time=3.571875e+00 dt=1.875000e-02
CARTOON_AMR_TRANSACTION cycle=308 requested_refine=0 requested_derefine_leaves=10 accepted_derefine_parents=0 created_leaves=0 deleted_leaves=0 mirror_mismatches=0
elapsed=3.515422e+00 cycle=308 time=3.590625e+00 dt=1.875000e-02
CARTOON_AMR_TRANSACTION cycle=309 requested_refine=0 requested_derefine_leaves=10 accepted_derefine_parents=0 created_leaves=0 deleted_leaves=0 mirror_mismatches=0
elapsed=3.523549e+00 cycle=309 time=3.609375e+00 dt=1.875000e-02
CARTOON_AMR_TRANSACTION cycle=310 requested_refine=0 requested_derefine_leaves=10 accepted_derefine_parents=0 created_leaves=0 deleted_leaves=0 mirror_mismatches=0
elapsed=3.531549e+00 cycle=310 time=3.628125e+00 dt=1.875000e-02
CARTOON_AMR_TRANSACTION cycle=311 requested_refine=0 requested_derefine_leaves=10 accepted_derefine_parents=0 created_leaves=0 deleted_leaves=0 mirror_mismatches=0
elapsed=3.539578e+00 cycle=311 time=3.646875e+00 dt=1.875000e-02
CARTOON_AMR_TRANSACTION cycle=312 requested_refine=0 requested_derefine_leaves=10 accepted_derefine_parents=0 created_leaves=0 deleted_leaves=0 mirror_mismatches=0
elapsed=3.550500e+00 cycle=312 time=3.665625e+00 dt=1.875000e-02
CARTOON_AMR_TRANSACTION cycle=313 requested_refine=0 requested_derefine_leaves=10 accepted_derefine_parents=0 created_leaves=0 deleted_leaves=0 mirror_mismatches=0
elapsed=3.558809e+00 cycle=313 time=3.684375e+00 dt=1.875000e-02
CARTOON_AMR_TRANSACTION cycle=314 requested_refine=0 requested_derefine_leaves=10 accepted_derefine_parents=0 created_leaves=0 deleted_leaves=0 mirror_mismatches=0
elapsed=3.566876e+00 cycle=314 time=3.703125e+00 dt=1.875000e-02
CARTOON_AMR_TRANSACTION cycle=315 requested_refine=0 requested_derefine_leaves=10 accepted_derefine_parents=0 created_leaves=0 deleted_leaves=0 mirror_mismatches=0
elapsed=3.574857e+00 cycle=315 time=3.721875e+00 dt=1.875000e-02
CARTOON_AMR_TRANSACTION cycle=316 requested_refine=0 requested_derefine_leaves=10 accepted_derefine_parents=0 created_leaves=0 deleted_leaves=0 mirror_mismatches=0
elapsed=3.585361e+00 cycle=316 time=3.740625e+00 dt=1.875000e-02
CARTOON_AMR_TRANSACTION cycle=317 requested_refine=0 requested_derefine_leaves=10 accepted_derefine_parents=0 created_leaves=0 deleted_leaves=0 mirror_mismatches=0
elapsed=3.593431e+00 cycle=317 time=3.759375e+00 dt=1.875000e-02
CARTOON_AMR_TRANSACTION cycle=318 requested_refine=0 requested_derefine_leaves=10 accepted_derefine_parents=0 created_leaves=0 deleted_leaves=0 mirror_mismatches=0
elapsed=3.601455e+00 cycle=318 time=3.778125e+00 dt=1.875000e-02
CARTOON_AMR_TRANSACTION cycle=319 requested_refine=0 requested_derefine_leaves=10 accepted_derefine_parents=0 created_leaves=0 deleted_leaves=0 mirror_mismatches=0
elapsed=3.609466e+00 cycle=319 time=3.796875e+00 dt=1.875000e-02
CARTOON_AMR_TRANSACTION cycle=320 requested_refine=0 requested_derefine_leaves=10 accepted_derefine_parents=0 created_leaves=0 deleted_leaves=0 mirror_mismatches=0
elapsed=3.653406e+00 cycle=320 time=3.815625e+00 dt=1.875000e-02
CARTOON_AMR_TRANSACTION cycle=321 requested_refine=0 requested_derefine_leaves=10 accepted_derefine_parents=0 created_leaves=0 deleted_leaves=0 mirror_mismatches=0
elapsed=3.661778e+00 cycle=321 time=3.834375e+00 dt=1.875000e-02
CARTOON_AMR_TRANSACTION cycle=322 requested_refine=0 requested_derefine_leaves=10 accepted_derefine_parents=0 created_leaves=0 deleted_leaves=0 mirror_mismatches=0
elapsed=3.670183e+00 cycle=322 time=3.853125e+00 dt=1.875000e-02
CARTOON_AMR_TRANSACTION cycle=323 requested_refine=0 requested_derefine_leaves=10 accepted_derefine_parents=0 created_leaves=0 deleted_leaves=0 mirror_mismatches=0
elapsed=3.678457e+00 cycle=323 time=3.871875e+00 dt=1.875000e-02
CARTOON_AMR_TRANSACTION cycle=324 requested_refine=0 requested_derefine_leaves=10 accepted_derefine_parents=0 created_leaves=0 deleted_leaves=0 mirror_mismatches=0
elapsed=3.689228e+00 cycle=324 time=3.890625e+00 dt=1.875000e-02
CARTOON_AMR_TRANSACTION cycle=325 requested_refine=0 requested_derefine_leaves=10 accepted_derefine_parents=0 created_leaves=0 deleted_leaves=0 mirror_mismatches=0
elapsed=3.697446e+00 cycle=325 time=3.909375e+00 dt=1.875000e-02
CARTOON_AMR_TRANSACTION cycle=326 requested_refine=0 requested_derefine_leaves=10 accepted_derefine_parents=0 created_leaves=0 deleted_leaves=0 mirror_mismatches=0
elapsed=3.705735e+00 cycle=326 time=3.928125e+00 dt=1.875000e-02
CARTOON_AMR_TRANSACTION cycle=327 requested_refine=0 requested_derefine_leaves=10 accepted_derefine_parents=0 created_leaves=0 deleted_leaves=0 mirror_mismatches=0
elapsed=3.713930e+00 cycle=327 time=3.946875e+00 dt=1.875000e-02
CARTOON_AMR_TRANSACTION cycle=328 requested_refine=0 requested_derefine_leaves=10 accepted_derefine_parents=0 created_leaves=0 deleted_leaves=0 mirror_mismatches=0
elapsed=3.724784e+00 cycle=328 time=3.965625e+00 dt=1.875000e-02
CARTOON_AMR_TRANSACTION cycle=329 requested_refine=0 requested_derefine_leaves=10 accepted_derefine_parents=0 created_leaves=0 deleted_leaves=0 mirror_mismatches=0
elapsed=3.732996e+00 cycle=329 time=3.984375e+00 dt=1.875000e-02
CARTOON_AMR_TRANSACTION cycle=330 requested_refine=0 requested_derefine_leaves=10 accepted_derefine_parents=0 created_leaves=0 deleted_leaves=0 mirror_mismatches=0
elapsed=3.741170e+00 cycle=330 time=4.003125e+00 dt=1.875000e-02
CARTOON_AMR_TRANSACTION cycle=331 requested_refine=0 requested_derefine_leaves=10 accepted_derefine_parents=0 created_leaves=0 deleted_leaves=0 mirror_mismatches=0
elapsed=3.750822e+00 cycle=331 time=4.021875e+00 dt=1.875000e-02
CARTOON_AMR_TRANSACTION cycle=332 requested_refine=0 requested_derefine_leaves=10 accepted_derefine_parents=0 created_leaves=0 deleted_leaves=0 mirror_mismatches=0
elapsed=3.761750e+00 cycle=332 time=4.040625e+00 dt=1.875000e-02
CARTOON_AMR_TRANSACTION cycle=333 requested_refine=0 requested_derefine_leaves=10 accepted_derefine_parents=0 created_leaves=0 deleted_leaves=0 mirror_mismatches=0
elapsed=3.769901e+00 cycle=333 time=4.059375e+00 dt=1.875000e-02
CARTOON_AMR_TRANSACTION cycle=334 requested_refine=0 requested_derefine_leaves=10 accepted_derefine_parents=0 created_leaves=0 deleted_leaves=0 mirror_mismatches=0
elapsed=3.778025e+00 cycle=334 time=4.078125e+00 dt=1.875000e-02
CARTOON_AMR_TRANSACTION cycle=335 requested_refine=0 requested_derefine_leaves=10 accepted_derefine_parents=0 created_leaves=0 deleted_leaves=0 mirror_mismatches=0
elapsed=3.786152e+00 cycle=335 time=4.096875e+00 dt=1.875000e-02
CARTOON_AMR_TRANSACTION cycle=336 requested_refine=0 requested_derefine_leaves=10 accepted_derefine_parents=0 created_leaves=0 deleted_leaves=0 mirror_mismatches=0
elapsed=3.796968e+00 cycle=336 time=4.115625e+00 dt=1.875000e-02
CARTOON_AMR_TRANSACTION cycle=337 requested_refine=0 requested_derefine_leaves=10 accepted_derefine_parents=0 created_leaves=0 deleted_leaves=0 mirror_mismatches=0
elapsed=3.805197e+00 cycle=337 time=4.134375e+00 dt=1.875000e-02
CARTOON_AMR_TRANSACTION cycle=338 requested_refine=0 requested_derefine_leaves=10 accepted_derefine_parents=0 created_leaves=0 deleted_leaves=0 mirror_mismatches=0
elapsed=3.813430e+00 cycle=338 time=4.153125e+00 dt=1.875000e-02
CARTOON_AMR_TRANSACTION cycle=339 requested_refine=0 requested_derefine_leaves=10 accepted_derefine_parents=0 created_leaves=0 deleted_leaves=0 mirror_mismatches=0
elapsed=3.821306e+00 cycle=339 time=4.171875e+00 dt=1.875000e-02
CARTOON_AMR_TRANSACTION cycle=340 requested_refine=0 requested_derefine_leaves=10 accepted_derefine_parents=0 created_leaves=0 deleted_leaves=0 mirror_mismatches=0
elapsed=3.832159e+00 cycle=340 time=4.190625e+00 dt=1.875000e-02
CARTOON_AMR_TRANSACTION cycle=341 requested_refine=0 requested_derefine_leaves=10 accepted_derefine_parents=0 created_leaves=0 deleted_leaves=0 mirror_mismatches=0
elapsed=3.840397e+00 cycle=341 time=4.209375e+00 dt=1.875000e-02
CARTOON_AMR_TRANSACTION cycle=342 requested_refine=0 requested_derefine_leaves=10 accepted_derefine_parents=0 created_leaves=0 deleted_leaves=0 mirror_mismatches=0
elapsed=3.848593e+00 cycle=342 time=4.228125e+00 dt=1.875000e-02
CARTOON_AMR_TRANSACTION cycle=343 requested_refine=0 requested_derefine_leaves=10 accepted_derefine_parents=0 created_leaves=0 deleted_leaves=0 mirror_mismatches=0
elapsed=3.858249e+00 cycle=343 time=4.246875e+00 dt=1.875000e-02
CARTOON_AMR_TRANSACTION cycle=344 requested_refine=0 requested_derefine_leaves=10 accepted_derefine_parents=0 created_leaves=0 deleted_leaves=0 mirror_mismatches=0
elapsed=3.869116e+00 cycle=344 time=4.265625e+00 dt=1.875000e-02
CARTOON_AMR_TRANSACTION cycle=345 requested_refine=0 requested_derefine_leaves=10 accepted_derefine_parents=0 created_leaves=0 deleted_leaves=0 mirror_mismatches=0
elapsed=3.877178e+00 cycle=345 time=4.284375e+00 dt=1.875000e-02
CARTOON_AMR_TRANSACTION cycle=346 requested_refine=0 requested_derefine_leaves=10 accepted_derefine_parents=0 created_leaves=0 deleted_leaves=0 mirror_mismatches=0
elapsed=3.885135e+00 cycle=346 time=4.303125e+00 dt=1.875000e-02
CARTOON_AMR_TRANSACTION cycle=347 requested_refine=0 requested_derefine_leaves=8 accepted_derefine_parents=0 created_leaves=0 deleted_leaves=0 mirror_mismatches=0
elapsed=3.893032e+00 cycle=347 time=4.321875e+00 dt=1.875000e-02
CARTOON_AMR_TRANSACTION cycle=348 requested_refine=0 requested_derefine_leaves=8 accepted_derefine_parents=0 created_leaves=0 deleted_leaves=0 mirror_mismatches=0
elapsed=3.904225e+00 cycle=348 time=4.340625e+00 dt=1.875000e-02
CARTOON_AMR_TRANSACTION cycle=349 requested_refine=0 requested_derefine_leaves=8 accepted_derefine_parents=0 created_leaves=0 deleted_leaves=0 mirror_mismatches=0
elapsed=3.912677e+00 cycle=349 time=4.359375e+00 dt=1.875000e-02
CARTOON_AMR_TRANSACTION cycle=350 requested_refine=0 requested_derefine_leaves=8 accepted_derefine_parents=0 created_leaves=0 deleted_leaves=0 mirror_mismatches=0
elapsed=3.920899e+00 cycle=350 time=4.378125e+00 dt=1.875000e-02
CARTOON_AMR_TRANSACTION cycle=351 requested_refine=0 requested_derefine_leaves=8 accepted_derefine_parents=0 created_leaves=0 deleted_leaves=0 mirror_mismatches=0
elapsed=3.929059e+00 cycle=351 time=4.396875e+00 dt=1.875000e-02
CARTOON_AMR_TRANSACTION cycle=352 requested_refine=0 requested_derefine_leaves=8 accepted_derefine_parents=0 created_leaves=0 deleted_leaves=0 mirror_mismatches=0
elapsed=3.940180e+00 cycle=352 time=4.415625e+00 dt=1.875000e-02
CARTOON_AMR_TRANSACTION cycle=353 requested_refine=0 requested_derefine_leaves=8 accepted_derefine_parents=0 created_leaves=0 deleted_leaves=0 mirror_mismatches=0
elapsed=3.948432e+00 cycle=353 time=4.434375e+00 dt=1.875000e-02
CARTOON_AMR_TRANSACTION cycle=354 requested_refine=0 requested_derefine_leaves=8 accepted_derefine_parents=0 created_leaves=0 deleted_leaves=0 mirror_mismatches=0
elapsed=3.956700e+00 cycle=354 time=4.453125e+00 dt=1.875000e-02
CARTOON_AMR_TRANSACTION cycle=355 requested_refine=0 requested_derefine_leaves=8 accepted_derefine_parents=0 created_leaves=0 deleted_leaves=0 mirror_mismatches=0
elapsed=3.964754e+00 cycle=355 time=4.471875e+00 dt=1.875000e-02
CARTOON_AMR_TRANSACTION cycle=356 requested_refine=0 requested_derefine_leaves=8 accepted_derefine_parents=0 created_leaves=0 deleted_leaves=0 mirror_mismatches=0
elapsed=3.975525e+00 cycle=356 time=4.490625e+00 dt=1.875000e-02
CARTOON_AMR_TRANSACTION cycle=357 requested_refine=0 requested_derefine_leaves=8 accepted_derefine_parents=0 created_leaves=0 deleted_leaves=0 mirror_mismatches=0
elapsed=3.983699e+00 cycle=357 time=4.509375e+00 dt=1.875000e-02
CARTOON_AMR_TRANSACTION cycle=358 requested_refine=0 requested_derefine_leaves=8 accepted_derefine_parents=0 created_leaves=0 deleted_leaves=0 mirror_mismatches=0
elapsed=3.991810e+00 cycle=358 time=4.528125e+00 dt=1.875000e-02
CARTOON_AMR_TRANSACTION cycle=359 requested_refine=2 requested_derefine_leaves=8 accepted_derefine_parents=0 created_leaves=6 deleted_leaves=0 mirror_mismatches=0
AMR_Z4C_CHI_PROLONGATION cycle=359 local_fallback_groups=0,0,0,0 global_fallback_groups=0 global_high_order_groups=2048
elapsed=4.004500e+00 cycle=359 time=4.546875e+00 dt=9.375000e-03
CARTOON_AMR_TRANSACTION cycle=360 requested_refine=0 requested_derefine_leaves=14 accepted_derefine_parents=0 created_leaves=0 deleted_leaves=0 mirror_mismatches=0
elapsed=4.016213e+00 cycle=360 time=4.556250e+00 dt=9.375000e-03
CARTOON_AMR_TRANSACTION cycle=361 requested_refine=0 requested_derefine_leaves=14 accepted_derefine_parents=0 created_leaves=0 deleted_leaves=0 mirror_mismatches=0
elapsed=4.026778e+00 cycle=361 time=4.565625e+00 dt=9.375000e-03
CARTOON_AMR_TRANSACTION cycle=362 requested_refine=0 requested_derefine_leaves=14 accepted_derefine_parents=0 created_leaves=0 deleted_leaves=0 mirror_mismatches=0
elapsed=4.035817e+00 cycle=362 time=4.575000e+00 dt=9.375000e-03
CARTOON_AMR_TRANSACTION cycle=363 requested_refine=0 requested_derefine_leaves=14 accepted_derefine_parents=0 created_leaves=0 deleted_leaves=0 mirror_mismatches=0
elapsed=4.044937e+00 cycle=363 time=4.584375e+00 dt=9.375000e-03
CARTOON_AMR_TRANSACTION cycle=364 requested_refine=0 requested_derefine_leaves=14 accepted_derefine_parents=0 created_leaves=0 deleted_leaves=0 mirror_mismatches=0
elapsed=4.057003e+00 cycle=364 time=4.593750e+00 dt=9.375000e-03
CARTOON_AMR_TRANSACTION cycle=365 requested_refine=0 requested_derefine_leaves=14 accepted_derefine_parents=0 created_leaves=0 deleted_leaves=0 mirror_mismatches=0
elapsed=4.066281e+00 cycle=365 time=4.603125e+00 dt=9.375000e-03
CARTOON_AMR_TRANSACTION cycle=366 requested_refine=0 requested_derefine_leaves=14 accepted_derefine_parents=0 created_leaves=0 deleted_leaves=0 mirror_mismatches=0
elapsed=4.075334e+00 cycle=366 time=4.612500e+00 dt=9.375000e-03
CARTOON_AMR_TRANSACTION cycle=367 requested_refine=0 requested_derefine_leaves=14 accepted_derefine_parents=0 created_leaves=0 deleted_leaves=0 mirror_mismatches=0
elapsed=4.084365e+00 cycle=367 time=4.621875e+00 dt=9.375000e-03
CARTOON_AMR_TRANSACTION cycle=368 requested_refine=0 requested_derefine_leaves=14 accepted_derefine_parents=0 created_leaves=0 deleted_leaves=0 mirror_mismatches=0
elapsed=4.096474e+00 cycle=368 time=4.631250e+00 dt=9.375000e-03
CARTOON_AMR_TRANSACTION cycle=369 requested_refine=0 requested_derefine_leaves=14 accepted_derefine_parents=0 created_leaves=0 deleted_leaves=0 mirror_mismatches=0
elapsed=4.105694e+00 cycle=369 time=4.640625e+00 dt=9.375000e-03
CARTOON_AMR_TRANSACTION cycle=370 requested_refine=0 requested_derefine_leaves=14 accepted_derefine_parents=0 created_leaves=0 deleted_leaves=0 mirror_mismatches=0
elapsed=4.114718e+00 cycle=370 time=4.650000e+00 dt=9.375000e-03
CARTOON_AMR_TRANSACTION cycle=371 requested_refine=0 requested_derefine_leaves=14 accepted_derefine_parents=0 created_leaves=0 deleted_leaves=0 mirror_mismatches=0
elapsed=4.123717e+00 cycle=371 time=4.659375e+00 dt=9.375000e-03
CARTOON_AMR_TRANSACTION cycle=372 requested_refine=0 requested_derefine_leaves=14 accepted_derefine_parents=0 created_leaves=0 deleted_leaves=0 mirror_mismatches=0
elapsed=4.135640e+00 cycle=372 time=4.668750e+00 dt=9.375000e-03
CARTOON_AMR_TRANSACTION cycle=373 requested_refine=0 requested_derefine_leaves=14 accepted_derefine_parents=0 created_leaves=0 deleted_leaves=0 mirror_mismatches=0
elapsed=4.144650e+00 cycle=373 time=4.678125e+00 dt=9.375000e-03
CARTOON_AMR_TRANSACTION cycle=374 requested_refine=0 requested_derefine_leaves=14 accepted_derefine_parents=0 created_leaves=0 deleted_leaves=0 mirror_mismatches=0
elapsed=4.153718e+00 cycle=374 time=4.687500e+00 dt=9.375000e-03
CARTOON_AMR_TRANSACTION cycle=375 requested_refine=0 requested_derefine_leaves=14 accepted_derefine_parents=0 created_leaves=0 deleted_leaves=0 mirror_mismatches=0
elapsed=4.162754e+00 cycle=375 time=4.696875e+00 dt=9.375000e-03
CARTOON_AMR_TRANSACTION cycle=376 requested_refine=0 requested_derefine_leaves=14 accepted_derefine_parents=0 created_leaves=0 deleted_leaves=0 mirror_mismatches=0
elapsed=4.174735e+00 cycle=376 time=4.706250e+00 dt=9.375000e-03
CARTOON_AMR_TRANSACTION cycle=377 requested_refine=0 requested_derefine_leaves=14 accepted_derefine_parents=0 created_leaves=0 deleted_leaves=0 mirror_mismatches=0
elapsed=4.183969e+00 cycle=377 time=4.715625e+00 dt=9.375000e-03
CARTOON_AMR_TRANSACTION cycle=378 requested_refine=0 requested_derefine_leaves=14 accepted_derefine_parents=0 created_leaves=0 deleted_leaves=0 mirror_mismatches=0
elapsed=4.193214e+00 cycle=378 time=4.725000e+00 dt=9.375000e-03
CARTOON_AMR_TRANSACTION cycle=379 requested_refine=0 requested_derefine_leaves=14 accepted_derefine_parents=0 created_leaves=0 deleted_leaves=0 mirror_mismatches=0
elapsed=4.202319e+00 cycle=379 time=4.734375e+00 dt=9.375000e-03
CARTOON_AMR_TRANSACTION cycle=380 requested_refine=0 requested_derefine_leaves=14 accepted_derefine_parents=0 created_leaves=0 deleted_leaves=0 mirror_mismatches=0
elapsed=4.214813e+00 cycle=380 time=4.743750e+00 dt=9.375000e-03
CARTOON_AMR_TRANSACTION cycle=381 requested_refine=0 requested_derefine_leaves=14 accepted_derefine_parents=0 created_leaves=0 deleted_leaves=0 mirror_mismatches=0
elapsed=4.223893e+00 cycle=381 time=4.753125e+00 dt=9.375000e-03
CARTOON_AMR_TRANSACTION cycle=382 requested_refine=0 requested_derefine_leaves=14 accepted_derefine_parents=0 created_leaves=0 deleted_leaves=0 mirror_mismatches=0
elapsed=4.232938e+00 cycle=382 time=4.762500e+00 dt=9.375000e-03
CARTOON_AMR_TRANSACTION cycle=383 requested_refine=0 requested_derefine_leaves=14 accepted_derefine_parents=0 created_leaves=0 deleted_leaves=0 mirror_mismatches=0
elapsed=4.242017e+00 cycle=383 time=4.771875e+00 dt=9.375000e-03
CARTOON_AMR_TRANSACTION cycle=384 requested_refine=0 requested_derefine_leaves=14 accepted_derefine_parents=0 created_leaves=0 deleted_leaves=0 mirror_mismatches=0
elapsed=4.305293e+00 cycle=384 time=4.781250e+00 dt=9.375000e-03
CARTOON_AMR_TRANSACTION cycle=385 requested_refine=0 requested_derefine_leaves=14 accepted_derefine_parents=0 created_leaves=0 deleted_leaves=0 mirror_mismatches=0
elapsed=4.314566e+00 cycle=385 time=4.790625e+00 dt=9.375000e-03
CARTOON_AMR_TRANSACTION cycle=386 requested_refine=0 requested_derefine_leaves=14 accepted_derefine_parents=0 created_leaves=0 deleted_leaves=0 mirror_mismatches=0
elapsed=4.323838e+00 cycle=386 time=4.800000e+00 dt=9.375000e-03
CARTOON_AMR_TRANSACTION cycle=387 requested_refine=0 requested_derefine_leaves=14 accepted_derefine_parents=0 created_leaves=0 deleted_leaves=0 mirror_mismatches=0
elapsed=4.333016e+00 cycle=387 time=4.809375e+00 dt=9.375000e-03
CARTOON_AMR_TRANSACTION cycle=388 requested_refine=0 requested_derefine_leaves=14 accepted_derefine_parents=0 created_leaves=0 deleted_leaves=0 mirror_mismatches=0
elapsed=4.345072e+00 cycle=388 time=4.818750e+00 dt=9.375000e-03
CARTOON_AMR_TRANSACTION cycle=389 requested_refine=0 requested_derefine_leaves=14 accepted_derefine_parents=0 created_leaves=0 deleted_leaves=0 mirror_mismatches=0
elapsed=4.354267e+00 cycle=389 time=4.828125e+00 dt=9.375000e-03
CARTOON_AMR_TRANSACTION cycle=390 requested_refine=0 requested_derefine_leaves=14 accepted_derefine_parents=0 created_leaves=0 deleted_leaves=0 mirror_mismatches=0
elapsed=4.363396e+00 cycle=390 time=4.837500e+00 dt=9.375000e-03
CARTOON_AMR_TRANSACTION cycle=391 requested_refine=0 requested_derefine_leaves=14 accepted_derefine_parents=0 created_leaves=0 deleted_leaves=0 mirror_mismatches=0
elapsed=4.372469e+00 cycle=391 time=4.846875e+00 dt=9.375000e-03
CARTOON_AMR_TRANSACTION cycle=392 requested_refine=0 requested_derefine_leaves=14 accepted_derefine_parents=0 created_leaves=0 deleted_leaves=0 mirror_mismatches=0
elapsed=4.384124e+00 cycle=392 time=4.856250e+00 dt=9.375000e-03
CARTOON_AMR_TRANSACTION cycle=393 requested_refine=0 requested_derefine_leaves=14 accepted_derefine_parents=0 created_leaves=0 deleted_leaves=0 mirror_mismatches=0
elapsed=4.393347e+00 cycle=393 time=4.865625e+00 dt=9.375000e-03
CARTOON_AMR_TRANSACTION cycle=394 requested_refine=0 requested_derefine_leaves=14 accepted_derefine_parents=0 created_leaves=0 deleted_leaves=0 mirror_mismatches=0
elapsed=4.402535e+00 cycle=394 time=4.875000e+00 dt=9.375000e-03
CARTOON_AMR_TRANSACTION cycle=395 requested_refine=0 requested_derefine_leaves=14 accepted_derefine_parents=0 created_leaves=0 deleted_leaves=0 mirror_mismatches=0
elapsed=4.411635e+00 cycle=395 time=4.884375e+00 dt=9.375000e-03
CARTOON_AMR_TRANSACTION cycle=396 requested_refine=0 requested_derefine_leaves=14 accepted_derefine_parents=0 created_leaves=0 deleted_leaves=0 mirror_mismatches=0
elapsed=4.423614e+00 cycle=396 time=4.893750e+00 dt=9.375000e-03
CARTOON_AMR_TRANSACTION cycle=397 requested_refine=0 requested_derefine_leaves=14 accepted_derefine_parents=0 created_leaves=0 deleted_leaves=0 mirror_mismatches=0
elapsed=4.432755e+00 cycle=397 time=4.903125e+00 dt=9.375000e-03
CARTOON_AMR_TRANSACTION cycle=398 requested_refine=0 requested_derefine_leaves=14 accepted_derefine_parents=0 created_leaves=0 deleted_leaves=0 mirror_mismatches=0
elapsed=4.441694e+00 cycle=398 time=4.912500e+00 dt=9.375000e-03
CARTOON_AMR_TRANSACTION cycle=399 requested_refine=0 requested_derefine_leaves=14 accepted_derefine_parents=0 created_leaves=0 deleted_leaves=0 mirror_mismatches=0
elapsed=4.450690e+00 cycle=399 time=4.921875e+00 dt=9.375000e-03
CARTOON_AMR_TRANSACTION cycle=400 requested_refine=0 requested_derefine_leaves=14 accepted_derefine_parents=0 created_leaves=0 deleted_leaves=0 mirror_mismatches=0
elapsed=4.462342e+00 cycle=400 time=4.931250e+00 dt=9.375000e-03
CARTOON_AMR_TRANSACTION cycle=401 requested_refine=0 requested_derefine_leaves=14 accepted_derefine_parents=0 created_leaves=0 deleted_leaves=0 mirror_mismatches=0
elapsed=4.471567e+00 cycle=401 time=4.940625e+00 dt=9.375000e-03
CARTOON_AMR_TRANSACTION cycle=402 requested_refine=0 requested_derefine_leaves=14 accepted_derefine_parents=0 created_leaves=0 deleted_leaves=0 mirror_mismatches=0
elapsed=4.480671e+00 cycle=402 time=4.950000e+00 dt=9.375000e-03
CARTOON_AMR_TRANSACTION cycle=403 requested_refine=0 requested_derefine_leaves=14 accepted_derefine_parents=0 created_leaves=0 deleted_leaves=0 mirror_mismatches=0
elapsed=4.489779e+00 cycle=403 time=4.959375e+00 dt=9.375000e-03
CARTOON_AMR_TRANSACTION cycle=404 requested_refine=0 requested_derefine_leaves=14 accepted_derefine_parents=0 created_leaves=0 deleted_leaves=0 mirror_mismatches=0
elapsed=4.501497e+00 cycle=404 time=4.968750e+00 dt=9.375000e-03
CARTOON_AMR_TRANSACTION cycle=405 requested_refine=0 requested_derefine_leaves=14 accepted_derefine_parents=0 created_leaves=0 deleted_leaves=0 mirror_mismatches=0
elapsed=4.510748e+00 cycle=405 time=4.978125e+00 dt=9.375000e-03
CARTOON_AMR_TRANSACTION cycle=406 requested_refine=0 requested_derefine_leaves=14 accepted_derefine_parents=0 created_leaves=0 deleted_leaves=0 mirror_mismatches=0
elapsed=4.519818e+00 cycle=406 time=4.987500e+00 dt=9.375000e-03
CARTOON_AMR_TRANSACTION cycle=407 requested_refine=0 requested_derefine_leaves=14 accepted_derefine_parents=0 created_leaves=0 deleted_leaves=0 mirror_mismatches=0
elapsed=4.528922e+00 cycle=407 time=4.996875e+00 dt=9.375000e-03
CARTOON_AMR_TRANSACTION cycle=408 requested_refine=0 requested_derefine_leaves=14 accepted_derefine_parents=0 created_leaves=0 deleted_leaves=0 mirror_mismatches=0
elapsed=4.540724e+00 cycle=408 time=5.006250e+00 dt=9.375000e-03
CARTOON_AMR_TRANSACTION cycle=409 requested_refine=0 requested_derefine_leaves=14 accepted_derefine_parents=0 created_leaves=0 deleted_leaves=0 mirror_mismatches=0
elapsed=4.549870e+00 cycle=409 time=5.015625e+00 dt=9.375000e-03
CARTOON_AMR_TRANSACTION cycle=410 requested_refine=0 requested_derefine_leaves=14 accepted_derefine_parents=0 created_leaves=0 deleted_leaves=0 mirror_mismatches=0
elapsed=4.559048e+00 cycle=410 time=5.025000e+00 dt=9.375000e-03
CARTOON_AMR_TRANSACTION cycle=411 requested_refine=0 requested_derefine_leaves=14 accepted_derefine_parents=0 created_leaves=0 deleted_leaves=0 mirror_mismatches=0
elapsed=4.568107e+00 cycle=411 time=5.034375e+00 dt=9.375000e-03
CARTOON_AMR_TRANSACTION cycle=412 requested_refine=0 requested_derefine_leaves=14 accepted_derefine_parents=0 created_leaves=0 deleted_leaves=0 mirror_mismatches=0
elapsed=4.580130e+00 cycle=412 time=5.043750e+00 dt=9.375000e-03
CARTOON_AMR_TRANSACTION cycle=413 requested_refine=0 requested_derefine_leaves=14 accepted_derefine_parents=0 created_leaves=0 deleted_leaves=0 mirror_mismatches=0
elapsed=4.589328e+00 cycle=413 time=5.053125e+00 dt=9.375000e-03
CARTOON_AMR_TRANSACTION cycle=414 requested_refine=0 requested_derefine_leaves=12 accepted_derefine_parents=0 created_leaves=0 deleted_leaves=0 mirror_mismatches=0
elapsed=4.598313e+00 cycle=414 time=5.062500e+00 dt=9.375000e-03
CARTOON_AMR_TRANSACTION cycle=415 requested_refine=0 requested_derefine_leaves=12 accepted_derefine_parents=0 created_leaves=0 deleted_leaves=0 mirror_mismatches=0
elapsed=4.607258e+00 cycle=415 time=5.071875e+00 dt=9.375000e-03
CARTOON_AMR_TRANSACTION cycle=416 requested_refine=0 requested_derefine_leaves=12 accepted_derefine_parents=0 created_leaves=0 deleted_leaves=0 mirror_mismatches=0
elapsed=4.619111e+00 cycle=416 time=5.081250e+00 dt=9.375000e-03
CARTOON_AMR_TRANSACTION cycle=417 requested_refine=0 requested_derefine_leaves=12 accepted_derefine_parents=0 created_leaves=0 deleted_leaves=0 mirror_mismatches=0
elapsed=4.628327e+00 cycle=417 time=5.090625e+00 dt=9.375000e-03
CARTOON_AMR_TRANSACTION cycle=418 requested_refine=0 requested_derefine_leaves=12 accepted_derefine_parents=0 created_leaves=0 deleted_leaves=0 mirror_mismatches=0
elapsed=4.637406e+00 cycle=418 time=5.100000e+00 dt=9.375000e-03
CARTOON_AMR_TRANSACTION cycle=419 requested_refine=0 requested_derefine_leaves=12 accepted_derefine_parents=0 created_leaves=0 deleted_leaves=0 mirror_mismatches=0
elapsed=4.646461e+00 cycle=419 time=5.109375e+00 dt=9.375000e-03
CARTOON_AMR_TRANSACTION cycle=420 requested_refine=0 requested_derefine_leaves=12 accepted_derefine_parents=0 created_leaves=0 deleted_leaves=0 mirror_mismatches=0
elapsed=4.658637e+00 cycle=420 time=5.118750e+00 dt=9.375000e-03
CARTOON_AMR_TRANSACTION cycle=421 requested_refine=0 requested_derefine_leaves=12 accepted_derefine_parents=0 created_leaves=0 deleted_leaves=0 mirror_mismatches=0
elapsed=4.667860e+00 cycle=421 time=5.128125e+00 dt=9.375000e-03
CARTOON_AMR_TRANSACTION cycle=422 requested_refine=0 requested_derefine_leaves=12 accepted_derefine_parents=0 created_leaves=0 deleted_leaves=0 mirror_mismatches=0
elapsed=4.676976e+00 cycle=422 time=5.137500e+00 dt=9.375000e-03
CARTOON_AMR_TRANSACTION cycle=423 requested_refine=0 requested_derefine_leaves=12 accepted_derefine_parents=0 created_leaves=0 deleted_leaves=0 mirror_mismatches=0
elapsed=4.685950e+00 cycle=423 time=5.146875e+00 dt=9.375000e-03
CARTOON_AMR_TRANSACTION cycle=424 requested_refine=0 requested_derefine_leaves=12 accepted_derefine_parents=0 created_leaves=0 deleted_leaves=0 mirror_mismatches=0
elapsed=4.697792e+00 cycle=424 time=5.156250e+00 dt=9.375000e-03
CARTOON_AMR_TRANSACTION cycle=425 requested_refine=0 requested_derefine_leaves=12 accepted_derefine_parents=0 created_leaves=0 deleted_leaves=0 mirror_mismatches=0
elapsed=4.706914e+00 cycle=425 time=5.165625e+00 dt=9.375000e-03
CARTOON_AMR_TRANSACTION cycle=426 requested_refine=0 requested_derefine_leaves=12 accepted_derefine_parents=0 created_leaves=0 deleted_leaves=0 mirror_mismatches=0
elapsed=4.715977e+00 cycle=426 time=5.175000e+00 dt=9.375000e-03
CARTOON_AMR_TRANSACTION cycle=427 requested_refine=0 requested_derefine_leaves=12 accepted_derefine_parents=0 created_leaves=0 deleted_leaves=0 mirror_mismatches=0
elapsed=4.725000e+00 cycle=427 time=5.184375e+00 dt=9.375000e-03
CARTOON_AMR_TRANSACTION cycle=428 requested_refine=0 requested_derefine_leaves=12 accepted_derefine_parents=0 created_leaves=0 deleted_leaves=0 mirror_mismatches=0
elapsed=4.736795e+00 cycle=428 time=5.193750e+00 dt=9.375000e-03
CARTOON_AMR_TRANSACTION cycle=429 requested_refine=0 requested_derefine_leaves=12 accepted_derefine_parents=0 created_leaves=0 deleted_leaves=0 mirror_mismatches=0
elapsed=4.745907e+00 cycle=429 time=5.203125e+00 dt=9.375000e-03
CARTOON_AMR_TRANSACTION cycle=430 requested_refine=0 requested_derefine_leaves=12 accepted_derefine_parents=0 created_leaves=0 deleted_leaves=0 mirror_mismatches=0
elapsed=4.754961e+00 cycle=430 time=5.212500e+00 dt=9.375000e-03
CARTOON_AMR_TRANSACTION cycle=431 requested_refine=0 requested_derefine_leaves=12 accepted_derefine_parents=0 created_leaves=0 deleted_leaves=0 mirror_mismatches=0
elapsed=4.764070e+00 cycle=431 time=5.221875e+00 dt=9.375000e-03
CARTOON_AMR_TRANSACTION cycle=432 requested_refine=0 requested_derefine_leaves=12 accepted_derefine_parents=0 created_leaves=0 deleted_leaves=0 mirror_mismatches=0
elapsed=4.776058e+00 cycle=432 time=5.231250e+00 dt=9.375000e-03
CARTOON_AMR_TRANSACTION cycle=433 requested_refine=0 requested_derefine_leaves=12 accepted_derefine_parents=0 created_leaves=0 deleted_leaves=0 mirror_mismatches=0
elapsed=4.785223e+00 cycle=433 time=5.240625e+00 dt=9.375000e-03
CARTOON_AMR_TRANSACTION cycle=434 requested_refine=0 requested_derefine_leaves=12 accepted_derefine_parents=0 created_leaves=0 deleted_leaves=0 mirror_mismatches=0
elapsed=4.794280e+00 cycle=434 time=5.250000e+00 dt=9.375000e-03
CARTOON_AMR_TRANSACTION cycle=435 requested_refine=0 requested_derefine_leaves=12 accepted_derefine_parents=0 created_leaves=0 deleted_leaves=0 mirror_mismatches=0
elapsed=4.803271e+00 cycle=435 time=5.259375e+00 dt=9.375000e-03
CARTOON_AMR_TRANSACTION cycle=436 requested_refine=0 requested_derefine_leaves=12 accepted_derefine_parents=0 created_leaves=0 deleted_leaves=0 mirror_mismatches=0
elapsed=4.815058e+00 cycle=436 time=5.268750e+00 dt=9.375000e-03
CARTOON_AMR_TRANSACTION cycle=437 requested_refine=0 requested_derefine_leaves=12 accepted_derefine_parents=0 created_leaves=0 deleted_leaves=0 mirror_mismatches=0
elapsed=4.824282e+00 cycle=437 time=5.278125e+00 dt=9.375000e-03
CARTOON_AMR_TRANSACTION cycle=438 requested_refine=0 requested_derefine_leaves=12 accepted_derefine_parents=0 created_leaves=0 deleted_leaves=0 mirror_mismatches=0
elapsed=4.833348e+00 cycle=438 time=5.287500e+00 dt=9.375000e-03
CARTOON_AMR_TRANSACTION cycle=439 requested_refine=0 requested_derefine_leaves=12 accepted_derefine_parents=0 created_leaves=0 deleted_leaves=0 mirror_mismatches=0
elapsed=4.842351e+00 cycle=439 time=5.296875e+00 dt=9.375000e-03
CARTOON_AMR_TRANSACTION cycle=440 requested_refine=0 requested_derefine_leaves=12 accepted_derefine_parents=0 created_leaves=0 deleted_leaves=0 mirror_mismatches=0
elapsed=4.853951e+00 cycle=440 time=5.306250e+00 dt=9.375000e-03
CARTOON_AMR_TRANSACTION cycle=441 requested_refine=0 requested_derefine_leaves=12 accepted_derefine_parents=0 created_leaves=0 deleted_leaves=0 mirror_mismatches=0
elapsed=4.863138e+00 cycle=441 time=5.315625e+00 dt=9.375000e-03
CARTOON_AMR_TRANSACTION cycle=442 requested_refine=0 requested_derefine_leaves=12 accepted_derefine_parents=0 created_leaves=0 deleted_leaves=0 mirror_mismatches=0
elapsed=4.872307e+00 cycle=442 time=5.325000e+00 dt=9.375000e-03
CARTOON_AMR_TRANSACTION cycle=443 requested_refine=0 requested_derefine_leaves=12 accepted_derefine_parents=0 created_leaves=0 deleted_leaves=0 mirror_mismatches=0
elapsed=4.881400e+00 cycle=443 time=5.334375e+00 dt=9.375000e-03
CARTOON_AMR_TRANSACTION cycle=444 requested_refine=0 requested_derefine_leaves=12 accepted_derefine_parents=0 created_leaves=0 deleted_leaves=0 mirror_mismatches=0
elapsed=4.893081e+00 cycle=444 time=5.343750e+00 dt=9.375000e-03
CARTOON_AMR_TRANSACTION cycle=445 requested_refine=0 requested_derefine_leaves=12 accepted_derefine_parents=0 created_leaves=0 deleted_leaves=0 mirror_mismatches=0
elapsed=4.902311e+00 cycle=445 time=5.353125e+00 dt=9.375000e-03
CARTOON_AMR_TRANSACTION cycle=446 requested_refine=0 requested_derefine_leaves=12 accepted_derefine_parents=0 created_leaves=0 deleted_leaves=0 mirror_mismatches=0
elapsed=4.911371e+00 cycle=446 time=5.362500e+00 dt=9.375000e-03
CARTOON_AMR_TRANSACTION cycle=447 requested_refine=0 requested_derefine_leaves=12 accepted_derefine_parents=0 created_leaves=0 deleted_leaves=0 mirror_mismatches=0
elapsed=4.920414e+00 cycle=447 time=5.371875e+00 dt=9.375000e-03
CARTOON_AMR_TRANSACTION cycle=448 requested_refine=0 requested_derefine_leaves=12 accepted_derefine_parents=0 created_leaves=0 deleted_leaves=0 mirror_mismatches=0
elapsed=4.971388e+00 cycle=448 time=5.381250e+00 dt=9.375000e-03
CARTOON_AMR_TRANSACTION cycle=449 requested_refine=0 requested_derefine_leaves=12 accepted_derefine_parents=0 created_leaves=0 deleted_leaves=0 mirror_mismatches=0
elapsed=4.980646e+00 cycle=449 time=5.390625e+00 dt=9.375000e-03
CARTOON_AMR_TRANSACTION cycle=450 requested_refine=0 requested_derefine_leaves=12 accepted_derefine_parents=0 created_leaves=0 deleted_leaves=0 mirror_mismatches=0
elapsed=4.989784e+00 cycle=450 time=5.400000e+00 dt=9.375000e-03
CARTOON_AMR_TRANSACTION cycle=451 requested_refine=0 requested_derefine_leaves=12 accepted_derefine_parents=0 created_leaves=0 deleted_leaves=0 mirror_mismatches=0
elapsed=4.998998e+00 cycle=451 time=5.409375e+00 dt=9.375000e-03
CARTOON_AMR_TRANSACTION cycle=452 requested_refine=0 requested_derefine_leaves=12 accepted_derefine_parents=0 created_leaves=0 deleted_leaves=0 mirror_mismatches=0
elapsed=5.010869e+00 cycle=452 time=5.418750e+00 dt=9.375000e-03
CARTOON_AMR_TRANSACTION cycle=453 requested_refine=0 requested_derefine_leaves=12 accepted_derefine_parents=0 created_leaves=0 deleted_leaves=0 mirror_mismatches=0
elapsed=5.020112e+00 cycle=453 time=5.428125e+00 dt=9.375000e-03
CARTOON_AMR_TRANSACTION cycle=454 requested_refine=0 requested_derefine_leaves=12 accepted_derefine_parents=0 created_leaves=0 deleted_leaves=0 mirror_mismatches=0
elapsed=5.029334e+00 cycle=454 time=5.437500e+00 dt=9.375000e-03
CARTOON_AMR_TRANSACTION cycle=455 requested_refine=0 requested_derefine_leaves=12 accepted_derefine_parents=0 created_leaves=0 deleted_leaves=0 mirror_mismatches=0
elapsed=5.038514e+00 cycle=455 time=5.446875e+00 dt=9.375000e-03
CARTOON_AMR_TRANSACTION cycle=456 requested_refine=0 requested_derefine_leaves=12 accepted_derefine_parents=0 created_leaves=0 deleted_leaves=0 mirror_mismatches=0
elapsed=5.050332e+00 cycle=456 time=5.456250e+00 dt=9.375000e-03
CARTOON_AMR_TRANSACTION cycle=457 requested_refine=0 requested_derefine_leaves=12 accepted_derefine_parents=0 created_leaves=0 deleted_leaves=0 mirror_mismatches=0
elapsed=5.059526e+00 cycle=457 time=5.465625e+00 dt=9.375000e-03
CARTOON_AMR_TRANSACTION cycle=458 requested_refine=0 requested_derefine_leaves=12 accepted_derefine_parents=0 created_leaves=0 deleted_leaves=0 mirror_mismatches=0
elapsed=5.068760e+00 cycle=458 time=5.475000e+00 dt=9.375000e-03
CARTOON_AMR_TRANSACTION cycle=459 requested_refine=0 requested_derefine_leaves=12 accepted_derefine_parents=0 created_leaves=0 deleted_leaves=0 mirror_mismatches=0
elapsed=5.077985e+00 cycle=459 time=5.484375e+00 dt=9.375000e-03
CARTOON_AMR_TRANSACTION cycle=460 requested_refine=0 requested_derefine_leaves=12 accepted_derefine_parents=0 created_leaves=0 deleted_leaves=0 mirror_mismatches=0
elapsed=5.089620e+00 cycle=460 time=5.493750e+00 dt=9.375000e-03
CARTOON_AMR_TRANSACTION cycle=461 requested_refine=0 requested_derefine_leaves=12 accepted_derefine_parents=0 created_leaves=0 deleted_leaves=0 mirror_mismatches=0
elapsed=5.098806e+00 cycle=461 time=5.503125e+00 dt=9.375000e-03
CARTOON_AMR_TRANSACTION cycle=462 requested_refine=0 requested_derefine_leaves=12 accepted_derefine_parents=0 created_leaves=0 deleted_leaves=0 mirror_mismatches=0
elapsed=5.108029e+00 cycle=462 time=5.512500e+00 dt=9.375000e-03
CARTOON_AMR_TRANSACTION cycle=463 requested_refine=0 requested_derefine_leaves=12 accepted_derefine_parents=0 created_leaves=0 deleted_leaves=0 mirror_mismatches=0
elapsed=5.117081e+00 cycle=463 time=5.521875e+00 dt=9.375000e-03
CARTOON_AMR_TRANSACTION cycle=464 requested_refine=0 requested_derefine_leaves=12 accepted_derefine_parents=0 created_leaves=0 deleted_leaves=0 mirror_mismatches=0
elapsed=5.128916e+00 cycle=464 time=5.531250e+00 dt=9.375000e-03
CARTOON_AMR_TRANSACTION cycle=465 requested_refine=0 requested_derefine_leaves=12 accepted_derefine_parents=0 created_leaves=0 deleted_leaves=0 mirror_mismatches=0
elapsed=5.138052e+00 cycle=465 time=5.540625e+00 dt=9.375000e-03
CARTOON_AMR_TRANSACTION cycle=466 requested_refine=0 requested_derefine_leaves=12 accepted_derefine_parents=0 created_leaves=0 deleted_leaves=0 mirror_mismatches=0
elapsed=5.147132e+00 cycle=466 time=5.550000e+00 dt=9.375000e-03
CARTOON_AMR_TRANSACTION cycle=467 requested_refine=0 requested_derefine_leaves=12 accepted_derefine_parents=0 created_leaves=0 deleted_leaves=0 mirror_mismatches=0
elapsed=5.156138e+00 cycle=467 time=5.559375e+00 dt=9.375000e-03
CARTOON_AMR_TRANSACTION cycle=468 requested_refine=0 requested_derefine_leaves=12 accepted_derefine_parents=0 created_leaves=0 deleted_leaves=0 mirror_mismatches=0
elapsed=5.167790e+00 cycle=468 time=5.568750e+00 dt=9.375000e-03
CARTOON_AMR_TRANSACTION cycle=469 requested_refine=0 requested_derefine_leaves=12 accepted_derefine_parents=0 created_leaves=0 deleted_leaves=0 mirror_mismatches=0
elapsed=5.177057e+00 cycle=469 time=5.578125e+00 dt=9.375000e-03
CARTOON_AMR_TRANSACTION cycle=470 requested_refine=0 requested_derefine_leaves=12 accepted_derefine_parents=0 created_leaves=0 deleted_leaves=0 mirror_mismatches=0
elapsed=5.186262e+00 cycle=470 time=5.587500e+00 dt=9.375000e-03
CARTOON_AMR_TRANSACTION cycle=471 requested_refine=0 requested_derefine_leaves=12 accepted_derefine_parents=0 created_leaves=0 deleted_leaves=0 mirror_mismatches=0
elapsed=5.195390e+00 cycle=471 time=5.596875e+00 dt=9.375000e-03
CARTOON_AMR_TRANSACTION cycle=472 requested_refine=0 requested_derefine_leaves=12 accepted_derefine_parents=0 created_leaves=0 deleted_leaves=0 mirror_mismatches=0
elapsed=5.207195e+00 cycle=472 time=5.606250e+00 dt=9.375000e-03
CARTOON_AMR_TRANSACTION cycle=473 requested_refine=0 requested_derefine_leaves=12 accepted_derefine_parents=0 created_leaves=0 deleted_leaves=0 mirror_mismatches=0
elapsed=5.216388e+00 cycle=473 time=5.615625e+00 dt=9.375000e-03
CARTOON_AMR_TRANSACTION cycle=474 requested_refine=0 requested_derefine_leaves=12 accepted_derefine_parents=0 created_leaves=0 deleted_leaves=0 mirror_mismatches=0
elapsed=5.225394e+00 cycle=474 time=5.625000e+00 dt=9.375000e-03
CARTOON_AMR_TRANSACTION cycle=475 requested_refine=0 requested_derefine_leaves=12 accepted_derefine_parents=0 created_leaves=0 deleted_leaves=0 mirror_mismatches=0
elapsed=5.234401e+00 cycle=475 time=5.634375e+00 dt=9.375000e-03
CARTOON_AMR_TRANSACTION cycle=476 requested_refine=0 requested_derefine_leaves=12 accepted_derefine_parents=0 created_leaves=0 deleted_leaves=0 mirror_mismatches=0
elapsed=5.246170e+00 cycle=476 time=5.643750e+00 dt=9.375000e-03
CARTOON_AMR_TRANSACTION cycle=477 requested_refine=0 requested_derefine_leaves=12 accepted_derefine_parents=0 created_leaves=0 deleted_leaves=0 mirror_mismatches=0
elapsed=5.255367e+00 cycle=477 time=5.653125e+00 dt=9.375000e-03
CARTOON_AMR_TRANSACTION cycle=478 requested_refine=0 requested_derefine_leaves=12 accepted_derefine_parents=0 created_leaves=0 deleted_leaves=0 mirror_mismatches=0
elapsed=5.264416e+00 cycle=478 time=5.662500e+00 dt=9.375000e-03
CARTOON_AMR_TRANSACTION cycle=479 requested_refine=0 requested_derefine_leaves=12 accepted_derefine_parents=0 created_leaves=0 deleted_leaves=0 mirror_mismatches=0
elapsed=5.273441e+00 cycle=479 time=5.671875e+00 dt=9.375000e-03
CARTOON_AMR_TRANSACTION cycle=480 requested_refine=0 requested_derefine_leaves=12 accepted_derefine_parents=0 created_leaves=0 deleted_leaves=0 mirror_mismatches=0
elapsed=5.285187e+00 cycle=480 time=5.681250e+00 dt=9.375000e-03
CARTOON_AMR_TRANSACTION cycle=481 requested_refine=0 requested_derefine_leaves=12 accepted_derefine_parents=0 created_leaves=0 deleted_leaves=0 mirror_mismatches=0
elapsed=5.294355e+00 cycle=481 time=5.690625e+00 dt=9.375000e-03
CARTOON_AMR_TRANSACTION cycle=482 requested_refine=0 requested_derefine_leaves=12 accepted_derefine_parents=0 created_leaves=0 deleted_leaves=0 mirror_mismatches=0
elapsed=5.303417e+00 cycle=482 time=5.700000e+00 dt=9.375000e-03
CARTOON_AMR_TRANSACTION cycle=483 requested_refine=0 requested_derefine_leaves=12 accepted_derefine_parents=0 created_leaves=0 deleted_leaves=0 mirror_mismatches=0
elapsed=5.312594e+00 cycle=483 time=5.709375e+00 dt=9.375000e-03
CARTOON_AMR_TRANSACTION cycle=484 requested_refine=0 requested_derefine_leaves=12 accepted_derefine_parents=0 created_leaves=0 deleted_leaves=0 mirror_mismatches=0
elapsed=5.324512e+00 cycle=484 time=5.718750e+00 dt=9.375000e-03
CARTOON_AMR_TRANSACTION cycle=485 requested_refine=0 requested_derefine_leaves=12 accepted_derefine_parents=0 created_leaves=0 deleted_leaves=0 mirror_mismatches=0
elapsed=5.333723e+00 cycle=485 time=5.728125e+00 dt=9.375000e-03
CARTOON_AMR_TRANSACTION cycle=486 requested_refine=0 requested_derefine_leaves=12 accepted_derefine_parents=0 created_leaves=0 deleted_leaves=0 mirror_mismatches=0
elapsed=5.342910e+00 cycle=486 time=5.737500e+00 dt=9.375000e-03
CARTOON_AMR_TRANSACTION cycle=487 requested_refine=0 requested_derefine_leaves=12 accepted_derefine_parents=0 created_leaves=0 deleted_leaves=0 mirror_mismatches=0
elapsed=5.351914e+00 cycle=487 time=5.746875e+00 dt=9.375000e-03
CARTOON_AMR_TRANSACTION cycle=488 requested_refine=0 requested_derefine_leaves=12 accepted_derefine_parents=0 created_leaves=0 deleted_leaves=0 mirror_mismatches=0
elapsed=5.363965e+00 cycle=488 time=5.756250e+00 dt=9.375000e-03
CARTOON_AMR_TRANSACTION cycle=489 requested_refine=0 requested_derefine_leaves=12 accepted_derefine_parents=0 created_leaves=0 deleted_leaves=0 mirror_mismatches=0
elapsed=5.373000e+00 cycle=489 time=5.765625e+00 dt=9.375000e-03
CARTOON_AMR_TRANSACTION cycle=490 requested_refine=0 requested_derefine_leaves=12 accepted_derefine_parents=0 created_leaves=0 deleted_leaves=0 mirror_mismatches=0
elapsed=5.382116e+00 cycle=490 time=5.775000e+00 dt=9.375000e-03
CARTOON_AMR_TRANSACTION cycle=491 requested_refine=0 requested_derefine_leaves=12 accepted_derefine_parents=0 created_leaves=0 deleted_leaves=0 mirror_mismatches=0
elapsed=5.391109e+00 cycle=491 time=5.784375e+00 dt=9.375000e-03
CARTOON_AMR_TRANSACTION cycle=492 requested_refine=0 requested_derefine_leaves=12 accepted_derefine_parents=0 created_leaves=0 deleted_leaves=0 mirror_mismatches=0
elapsed=5.403089e+00 cycle=492 time=5.793750e+00 dt=9.375000e-03
CARTOON_AMR_TRANSACTION cycle=493 requested_refine=0 requested_derefine_leaves=12 accepted_derefine_parents=0 created_leaves=0 deleted_leaves=0 mirror_mismatches=0
elapsed=5.412182e+00 cycle=493 time=5.803125e+00 dt=9.375000e-03
CARTOON_AMR_TRANSACTION cycle=494 requested_refine=0 requested_derefine_leaves=12 accepted_derefine_parents=0 created_leaves=0 deleted_leaves=0 mirror_mismatches=0
elapsed=5.421220e+00 cycle=494 time=5.812500e+00 dt=9.375000e-03
CARTOON_AMR_TRANSACTION cycle=495 requested_refine=0 requested_derefine_leaves=12 accepted_derefine_parents=0 created_leaves=0 deleted_leaves=0 mirror_mismatches=0
elapsed=5.430205e+00 cycle=495 time=5.821875e+00 dt=9.375000e-03
CARTOON_AMR_TRANSACTION cycle=496 requested_refine=0 requested_derefine_leaves=12 accepted_derefine_parents=0 created_leaves=0 deleted_leaves=0 mirror_mismatches=0
elapsed=5.442164e+00 cycle=496 time=5.831250e+00 dt=9.375000e-03
CARTOON_AMR_TRANSACTION cycle=497 requested_refine=0 requested_derefine_leaves=12 accepted_derefine_parents=0 created_leaves=0 deleted_leaves=0 mirror_mismatches=0
elapsed=5.451352e+00 cycle=497 time=5.840625e+00 dt=9.375000e-03
CARTOON_AMR_TRANSACTION cycle=498 requested_refine=0 requested_derefine_leaves=12 accepted_derefine_parents=0 created_leaves=0 deleted_leaves=0 mirror_mismatches=0
elapsed=5.460328e+00 cycle=498 time=5.850000e+00 dt=9.375000e-03
CARTOON_AMR_TRANSACTION cycle=499 requested_refine=0 requested_derefine_leaves=12 accepted_derefine_parents=0 created_leaves=0 deleted_leaves=0 mirror_mismatches=0
elapsed=5.469332e+00 cycle=499 time=5.859375e+00 dt=9.375000e-03
CARTOON_AMR_TRANSACTION cycle=500 requested_refine=0 requested_derefine_leaves=12 accepted_derefine_parents=0 created_leaves=0 deleted_leaves=0 mirror_mismatches=0
elapsed=5.481249e+00 cycle=500 time=5.868750e+00 dt=9.375000e-03
CARTOON_AMR_TRANSACTION cycle=501 requested_refine=0 requested_derefine_leaves=12 accepted_derefine_parents=0 created_leaves=0 deleted_leaves=0 mirror_mismatches=0
elapsed=5.490439e+00 cycle=501 time=5.878125e+00 dt=9.375000e-03
CARTOON_AMR_TRANSACTION cycle=502 requested_refine=0 requested_derefine_leaves=12 accepted_derefine_parents=0 created_leaves=0 deleted_leaves=0 mirror_mismatches=0
elapsed=5.499534e+00 cycle=502 time=5.887500e+00 dt=9.375000e-03
CARTOON_AMR_TRANSACTION cycle=503 requested_refine=0 requested_derefine_leaves=12 accepted_derefine_parents=0 created_leaves=0 deleted_leaves=0 mirror_mismatches=0
elapsed=5.508598e+00 cycle=503 time=5.896875e+00 dt=9.375000e-03
CARTOON_AMR_TRANSACTION cycle=504 requested_refine=0 requested_derefine_leaves=12 accepted_derefine_parents=0 created_leaves=0 deleted_leaves=0 mirror_mismatches=0
elapsed=5.520310e+00 cycle=504 time=5.906250e+00 dt=9.375000e-03
CARTOON_AMR_TRANSACTION cycle=505 requested_refine=0 requested_derefine_leaves=12 accepted_derefine_parents=0 created_leaves=0 deleted_leaves=0 mirror_mismatches=0
elapsed=5.529473e+00 cycle=505 time=5.915625e+00 dt=9.375000e-03
CARTOON_AMR_TRANSACTION cycle=506 requested_refine=0 requested_derefine_leaves=12 accepted_derefine_parents=0 created_leaves=0 deleted_leaves=0 mirror_mismatches=0
elapsed=5.538444e+00 cycle=506 time=5.925000e+00 dt=9.375000e-03
CARTOON_AMR_TRANSACTION cycle=507 requested_refine=0 requested_derefine_leaves=12 accepted_derefine_parents=0 created_leaves=0 deleted_leaves=0 mirror_mismatches=0
elapsed=5.547518e+00 cycle=507 time=5.934375e+00 dt=9.375000e-03
CARTOON_AMR_TRANSACTION cycle=508 requested_refine=0 requested_derefine_leaves=12 accepted_derefine_parents=0 created_leaves=0 deleted_leaves=0 mirror_mismatches=0
elapsed=5.559397e+00 cycle=508 time=5.943750e+00 dt=9.375000e-03
CARTOON_AMR_TRANSACTION cycle=509 requested_refine=0 requested_derefine_leaves=12 accepted_derefine_parents=0 created_leaves=0 deleted_leaves=0 mirror_mismatches=0
elapsed=5.568374e+00 cycle=509 time=5.953125e+00 dt=9.375000e-03
CARTOON_AMR_TRANSACTION cycle=510 requested_refine=0 requested_derefine_leaves=12 accepted_derefine_parents=0 created_leaves=0 deleted_leaves=0 mirror_mismatches=0
elapsed=5.577342e+00 cycle=510 time=5.962500e+00 dt=9.375000e-03
CARTOON_AMR_TRANSACTION cycle=511 requested_refine=0 requested_derefine_leaves=12 accepted_derefine_parents=0 created_leaves=0 deleted_leaves=0 mirror_mismatches=0
elapsed=5.586281e+00 cycle=511 time=5.971875e+00 dt=9.375000e-03
CARTOON_AMR_TRANSACTION cycle=512 requested_refine=0 requested_derefine_leaves=12 accepted_derefine_parents=0 created_leaves=0 deleted_leaves=0 mirror_mismatches=0
elapsed=5.663976e+00 cycle=512 time=5.981250e+00 dt=9.375000e-03
CARTOON_AMR_TRANSACTION cycle=513 requested_refine=0 requested_derefine_leaves=12 accepted_derefine_parents=0 created_leaves=0 deleted_leaves=0 mirror_mismatches=0
elapsed=5.673226e+00 cycle=513 time=5.990625e+00 dt=9.375000e-03
CARTOON_AMR_TRANSACTION cycle=514 requested_refine=0 requested_derefine_leaves=12 accepted_derefine_parents=0 created_leaves=0 deleted_leaves=0 mirror_mismatches=0
elapsed=5.682458e+00 cycle=514 time=6.000000e+00 dt=9.375000e-03
CARTOON_AMR_TRANSACTION cycle=515 requested_refine=0 requested_derefine_leaves=12 accepted_derefine_parents=0 created_leaves=0 deleted_leaves=0 mirror_mismatches=0
elapsed=5.691690e+00 cycle=515 time=6.009375e+00 dt=9.375000e-03
CARTOON_AMR_TRANSACTION cycle=516 requested_refine=0 requested_derefine_leaves=12 accepted_derefine_parents=0 created_leaves=0 deleted_leaves=0 mirror_mismatches=0
elapsed=5.703564e+00 cycle=516 time=6.018750e+00 dt=9.375000e-03
CARTOON_AMR_TRANSACTION cycle=517 requested_refine=0 requested_derefine_leaves=12 accepted_derefine_parents=0 created_leaves=0 deleted_leaves=0 mirror_mismatches=0
elapsed=5.712791e+00 cycle=517 time=6.028125e+00 dt=9.375000e-03
CARTOON_AMR_TRANSACTION cycle=518 requested_refine=0 requested_derefine_leaves=12 accepted_derefine_parents=0 created_leaves=0 deleted_leaves=0 mirror_mismatches=0
elapsed=5.721973e+00 cycle=518 time=6.037500e+00 dt=9.375000e-03
CARTOON_AMR_TRANSACTION cycle=519 requested_refine=0 requested_derefine_leaves=12 accepted_derefine_parents=0 created_leaves=0 deleted_leaves=0 mirror_mismatches=0
elapsed=5.731264e+00 cycle=519 time=6.046875e+00 dt=9.375000e-03
CARTOON_AMR_TRANSACTION cycle=520 requested_refine=0 requested_derefine_leaves=12 accepted_derefine_parents=0 created_leaves=0 deleted_leaves=0 mirror_mismatches=0
elapsed=5.743058e+00 cycle=520 time=6.056250e+00 dt=9.375000e-03
CARTOON_AMR_TRANSACTION cycle=521 requested_refine=0 requested_derefine_leaves=12 accepted_derefine_parents=0 created_leaves=0 deleted_leaves=0 mirror_mismatches=0
elapsed=5.752323e+00 cycle=521 time=6.065625e+00 dt=9.375000e-03
CARTOON_AMR_TRANSACTION cycle=522 requested_refine=0 requested_derefine_leaves=12 accepted_derefine_parents=0 created_leaves=0 deleted_leaves=0 mirror_mismatches=0
elapsed=5.761535e+00 cycle=522 time=6.075000e+00 dt=9.375000e-03
CARTOON_AMR_TRANSACTION cycle=523 requested_refine=0 requested_derefine_leaves=12 accepted_derefine_parents=0 created_leaves=0 deleted_leaves=0 mirror_mismatches=0
elapsed=5.770757e+00 cycle=523 time=6.084375e+00 dt=9.375000e-03
CARTOON_AMR_TRANSACTION cycle=524 requested_refine=0 requested_derefine_leaves=12 accepted_derefine_parents=0 created_leaves=0 deleted_leaves=0 mirror_mismatches=0
elapsed=5.782848e+00 cycle=524 time=6.093750e+00 dt=9.375000e-03
CARTOON_AMR_TRANSACTION cycle=525 requested_refine=0 requested_derefine_leaves=12 accepted_derefine_parents=0 created_leaves=0 deleted_leaves=0 mirror_mismatches=0
elapsed=5.792105e+00 cycle=525 time=6.103125e+00 dt=9.375000e-03
CARTOON_AMR_TRANSACTION cycle=526 requested_refine=0 requested_derefine_leaves=12 accepted_derefine_parents=0 created_leaves=0 deleted_leaves=0 mirror_mismatches=0
elapsed=5.801248e+00 cycle=526 time=6.112500e+00 dt=9.375000e-03
CARTOON_AMR_TRANSACTION cycle=527 requested_refine=0 requested_derefine_leaves=12 accepted_derefine_parents=0 created_leaves=0 deleted_leaves=0 mirror_mismatches=0
elapsed=5.810297e+00 cycle=527 time=6.121875e+00 dt=9.375000e-03
CARTOON_AMR_TRANSACTION cycle=528 requested_refine=0 requested_derefine_leaves=12 accepted_derefine_parents=0 created_leaves=0 deleted_leaves=0 mirror_mismatches=0
elapsed=5.822263e+00 cycle=528 time=6.131250e+00 dt=9.375000e-03
CARTOON_AMR_TRANSACTION cycle=529 requested_refine=0 requested_derefine_leaves=12 accepted_derefine_parents=0 created_leaves=0 deleted_leaves=0 mirror_mismatches=0
elapsed=5.831394e+00 cycle=529 time=6.140625e+00 dt=9.375000e-03
CARTOON_AMR_TRANSACTION cycle=530 requested_refine=0 requested_derefine_leaves=12 accepted_derefine_parents=0 created_leaves=0 deleted_leaves=0 mirror_mismatches=0
elapsed=5.840557e+00 cycle=530 time=6.150000e+00 dt=9.375000e-03
CARTOON_AMR_TRANSACTION cycle=531 requested_refine=0 requested_derefine_leaves=12 accepted_derefine_parents=0 created_leaves=0 deleted_leaves=0 mirror_mismatches=0
elapsed=5.849551e+00 cycle=531 time=6.159375e+00 dt=9.375000e-03
CARTOON_AMR_TRANSACTION cycle=532 requested_refine=0 requested_derefine_leaves=12 accepted_derefine_parents=0 created_leaves=0 deleted_leaves=0 mirror_mismatches=0
elapsed=5.861189e+00 cycle=532 time=6.168750e+00 dt=9.375000e-03
CARTOON_AMR_TRANSACTION cycle=533 requested_refine=0 requested_derefine_leaves=12 accepted_derefine_parents=0 created_leaves=0 deleted_leaves=0 mirror_mismatches=0
elapsed=5.870398e+00 cycle=533 time=6.178125e+00 dt=9.375000e-03
CARTOON_AMR_TRANSACTION cycle=534 requested_refine=0 requested_derefine_leaves=12 accepted_derefine_parents=0 created_leaves=0 deleted_leaves=0 mirror_mismatches=0
elapsed=5.879440e+00 cycle=534 time=6.187500e+00 dt=9.375000e-03
CARTOON_AMR_TRANSACTION cycle=535 requested_refine=0 requested_derefine_leaves=12 accepted_derefine_parents=0 created_leaves=0 deleted_leaves=0 mirror_mismatches=0
elapsed=5.888483e+00 cycle=535 time=6.196875e+00 dt=9.375000e-03
CARTOON_AMR_TRANSACTION cycle=536 requested_refine=0 requested_derefine_leaves=12 accepted_derefine_parents=0 created_leaves=0 deleted_leaves=0 mirror_mismatches=0
elapsed=5.900127e+00 cycle=536 time=6.206250e+00 dt=9.375000e-03
CARTOON_AMR_TRANSACTION cycle=537 requested_refine=0 requested_derefine_leaves=12 accepted_derefine_parents=0 created_leaves=0 deleted_leaves=0 mirror_mismatches=0
elapsed=5.909373e+00 cycle=537 time=6.215625e+00 dt=9.375000e-03
CARTOON_AMR_TRANSACTION cycle=538 requested_refine=0 requested_derefine_leaves=12 accepted_derefine_parents=0 created_leaves=0 deleted_leaves=0 mirror_mismatches=0
elapsed=5.918411e+00 cycle=538 time=6.225000e+00 dt=9.375000e-03
CARTOON_AMR_TRANSACTION cycle=539 requested_refine=0 requested_derefine_leaves=12 accepted_derefine_parents=0 created_leaves=0 deleted_leaves=0 mirror_mismatches=0
elapsed=5.927463e+00 cycle=539 time=6.234375e+00 dt=9.375000e-03
CARTOON_AMR_TRANSACTION cycle=540 requested_refine=0 requested_derefine_leaves=12 accepted_derefine_parents=0 created_leaves=0 deleted_leaves=0 mirror_mismatches=0
elapsed=5.939298e+00 cycle=540 time=6.243750e+00 dt=9.375000e-03
CARTOON_AMR_TRANSACTION cycle=541 requested_refine=0 requested_derefine_leaves=12 accepted_derefine_parents=0 created_leaves=0 deleted_leaves=0 mirror_mismatches=0
elapsed=5.948524e+00 cycle=541 time=6.253125e+00 dt=9.375000e-03
CARTOON_AMR_TRANSACTION cycle=542 requested_refine=0 requested_derefine_leaves=12 accepted_derefine_parents=0 created_leaves=0 deleted_leaves=0 mirror_mismatches=0
elapsed=5.957677e+00 cycle=542 time=6.262500e+00 dt=9.375000e-03
CARTOON_AMR_TRANSACTION cycle=543 requested_refine=0 requested_derefine_leaves=12 accepted_derefine_parents=0 created_leaves=0 deleted_leaves=0 mirror_mismatches=0
elapsed=5.967159e+00 cycle=543 time=6.271875e+00 dt=9.375000e-03
CARTOON_AMR_TRANSACTION cycle=544 requested_refine=0 requested_derefine_leaves=12 accepted_derefine_parents=0 created_leaves=0 deleted_leaves=0 mirror_mismatches=0
elapsed=5.979291e+00 cycle=544 time=6.281250e+00 dt=9.375000e-03
CARTOON_AMR_TRANSACTION cycle=545 requested_refine=0 requested_derefine_leaves=12 accepted_derefine_parents=0 created_leaves=0 deleted_leaves=0 mirror_mismatches=0
elapsed=5.988535e+00 cycle=545 time=6.290625e+00 dt=9.375000e-03
CARTOON_AMR_TRANSACTION cycle=546 requested_refine=0 requested_derefine_leaves=12 accepted_derefine_parents=0 created_leaves=0 deleted_leaves=0 mirror_mismatches=0
elapsed=5.997752e+00 cycle=546 time=6.300000e+00 dt=9.375000e-03
CARTOON_AMR_TRANSACTION cycle=547 requested_refine=0 requested_derefine_leaves=12 accepted_derefine_parents=0 created_leaves=0 deleted_leaves=0 mirror_mismatches=0
elapsed=6.006991e+00 cycle=547 time=6.309375e+00 dt=9.375000e-03
CARTOON_AMR_TRANSACTION cycle=548 requested_refine=0 requested_derefine_leaves=12 accepted_derefine_parents=0 created_leaves=0 deleted_leaves=0 mirror_mismatches=0
elapsed=6.018859e+00 cycle=548 time=6.318750e+00 dt=9.375000e-03
CARTOON_AMR_TRANSACTION cycle=549 requested_refine=0 requested_derefine_leaves=12 accepted_derefine_parents=0 created_leaves=0 deleted_leaves=0 mirror_mismatches=0
elapsed=6.028123e+00 cycle=549 time=6.328125e+00 dt=9.375000e-03
CARTOON_AMR_TRANSACTION cycle=550 requested_refine=0 requested_derefine_leaves=12 accepted_derefine_parents=0 created_leaves=0 deleted_leaves=0 mirror_mismatches=0
elapsed=6.037296e+00 cycle=550 time=6.337500e+00 dt=9.375000e-03
CARTOON_AMR_TRANSACTION cycle=551 requested_refine=0 requested_derefine_leaves=12 accepted_derefine_parents=0 created_leaves=0 deleted_leaves=0 mirror_mismatches=0
elapsed=6.046482e+00 cycle=551 time=6.346875e+00 dt=9.375000e-03
CARTOON_AMR_TRANSACTION cycle=552 requested_refine=0 requested_derefine_leaves=12 accepted_derefine_parents=0 created_leaves=0 deleted_leaves=0 mirror_mismatches=0
elapsed=6.058344e+00 cycle=552 time=6.356250e+00 dt=9.375000e-03
CARTOON_AMR_TRANSACTION cycle=553 requested_refine=0 requested_derefine_leaves=12 accepted_derefine_parents=0 created_leaves=0 deleted_leaves=0 mirror_mismatches=0
elapsed=6.067408e+00 cycle=553 time=6.365625e+00 dt=9.375000e-03
CARTOON_AMR_TRANSACTION cycle=554 requested_refine=0 requested_derefine_leaves=12 accepted_derefine_parents=0 created_leaves=0 deleted_leaves=0 mirror_mismatches=0
elapsed=6.076520e+00 cycle=554 time=6.375000e+00 dt=9.375000e-03
CARTOON_AMR_TRANSACTION cycle=555 requested_refine=0 requested_derefine_leaves=12 accepted_derefine_parents=0 created_leaves=0 deleted_leaves=0 mirror_mismatches=0
elapsed=6.085612e+00 cycle=555 time=6.384375e+00 dt=9.375000e-03
CARTOON_AMR_TRANSACTION cycle=556 requested_refine=0 requested_derefine_leaves=12 accepted_derefine_parents=0 created_leaves=0 deleted_leaves=0 mirror_mismatches=0
elapsed=6.097393e+00 cycle=556 time=6.393750e+00 dt=9.375000e-03
CARTOON_AMR_TRANSACTION cycle=557 requested_refine=0 requested_derefine_leaves=12 accepted_derefine_parents=0 created_leaves=0 deleted_leaves=0 mirror_mismatches=0
elapsed=6.106666e+00 cycle=557 time=6.403125e+00 dt=9.375000e-03
CARTOON_AMR_TRANSACTION cycle=558 requested_refine=0 requested_derefine_leaves=12 accepted_derefine_parents=0 created_leaves=0 deleted_leaves=0 mirror_mismatches=0
elapsed=6.115829e+00 cycle=558 time=6.412500e+00 dt=9.375000e-03
CARTOON_AMR_TRANSACTION cycle=559 requested_refine=0 requested_derefine_leaves=12 accepted_derefine_parents=0 created_leaves=0 deleted_leaves=0 mirror_mismatches=0
elapsed=6.124858e+00 cycle=559 time=6.421875e+00 dt=9.375000e-03
CARTOON_AMR_TRANSACTION cycle=560 requested_refine=0 requested_derefine_leaves=12 accepted_derefine_parents=0 created_leaves=0 deleted_leaves=0 mirror_mismatches=0
elapsed=6.137653e+00 cycle=560 time=6.431250e+00 dt=9.375000e-03
CARTOON_AMR_TRANSACTION cycle=561 requested_refine=0 requested_derefine_leaves=12 accepted_derefine_parents=0 created_leaves=0 deleted_leaves=0 mirror_mismatches=0
elapsed=6.146931e+00 cycle=561 time=6.440625e+00 dt=9.375000e-03
CARTOON_AMR_TRANSACTION cycle=562 requested_refine=0 requested_derefine_leaves=12 accepted_derefine_parents=0 created_leaves=0 deleted_leaves=0 mirror_mismatches=0
elapsed=6.156037e+00 cycle=562 time=6.450000e+00 dt=9.375000e-03
CARTOON_AMR_TRANSACTION cycle=563 requested_refine=0 requested_derefine_leaves=12 accepted_derefine_parents=0 created_leaves=0 deleted_leaves=0 mirror_mismatches=0
elapsed=6.165053e+00 cycle=563 time=6.459375e+00 dt=9.375000e-03
CARTOON_AMR_TRANSACTION cycle=564 requested_refine=0 requested_derefine_leaves=12 accepted_derefine_parents=0 created_leaves=0 deleted_leaves=0 mirror_mismatches=0
elapsed=6.177052e+00 cycle=564 time=6.468750e+00 dt=9.375000e-03
CARTOON_AMR_TRANSACTION cycle=565 requested_refine=0 requested_derefine_leaves=12 accepted_derefine_parents=0 created_leaves=0 deleted_leaves=0 mirror_mismatches=0
elapsed=6.186244e+00 cycle=565 time=6.478125e+00 dt=9.375000e-03
CARTOON_AMR_TRANSACTION cycle=566 requested_refine=0 requested_derefine_leaves=12 accepted_derefine_parents=0 created_leaves=0 deleted_leaves=0 mirror_mismatches=0
elapsed=6.195459e+00 cycle=566 time=6.487500e+00 dt=9.375000e-03
CARTOON_AMR_TRANSACTION cycle=567 requested_refine=0 requested_derefine_leaves=12 accepted_derefine_parents=0 created_leaves=0 deleted_leaves=0 mirror_mismatches=0
elapsed=6.204566e+00 cycle=567 time=6.496875e+00 dt=9.375000e-03
CARTOON_AMR_TRANSACTION cycle=568 requested_refine=0 requested_derefine_leaves=12 accepted_derefine_parents=0 created_leaves=0 deleted_leaves=0 mirror_mismatches=0
elapsed=6.216776e+00 cycle=568 time=6.506250e+00 dt=9.375000e-03
CARTOON_AMR_TRANSACTION cycle=569 requested_refine=0 requested_derefine_leaves=12 accepted_derefine_parents=0 created_leaves=0 deleted_leaves=0 mirror_mismatches=0
elapsed=6.226036e+00 cycle=569 time=6.515625e+00 dt=9.375000e-03
CARTOON_AMR_TRANSACTION cycle=570 requested_refine=0 requested_derefine_leaves=12 accepted_derefine_parents=0 created_leaves=0 deleted_leaves=0 mirror_mismatches=0
elapsed=6.235242e+00 cycle=570 time=6.525000e+00 dt=9.375000e-03
CARTOON_AMR_TRANSACTION cycle=571 requested_refine=0 requested_derefine_leaves=12 accepted_derefine_parents=0 created_leaves=0 deleted_leaves=0 mirror_mismatches=0
elapsed=6.244234e+00 cycle=571 time=6.534375e+00 dt=9.375000e-03
CARTOON_AMR_TRANSACTION cycle=572 requested_refine=0 requested_derefine_leaves=12 accepted_derefine_parents=0 created_leaves=0 deleted_leaves=0 mirror_mismatches=0
elapsed=6.256194e+00 cycle=572 time=6.543750e+00 dt=9.375000e-03
CARTOON_AMR_TRANSACTION cycle=573 requested_refine=0 requested_derefine_leaves=12 accepted_derefine_parents=0 created_leaves=0 deleted_leaves=0 mirror_mismatches=0
elapsed=6.265353e+00 cycle=573 time=6.553125e+00 dt=9.375000e-03
CARTOON_AMR_TRANSACTION cycle=574 requested_refine=0 requested_derefine_leaves=12 accepted_derefine_parents=0 created_leaves=0 deleted_leaves=0 mirror_mismatches=0
elapsed=6.274395e+00 cycle=574 time=6.562500e+00 dt=9.375000e-03
CARTOON_AMR_TRANSACTION cycle=575 requested_refine=0 requested_derefine_leaves=12 accepted_derefine_parents=0 created_leaves=0 deleted_leaves=0 mirror_mismatches=0
elapsed=6.283452e+00 cycle=575 time=6.571875e+00 dt=9.375000e-03
CARTOON_AMR_TRANSACTION cycle=576 requested_refine=0 requested_derefine_leaves=12 accepted_derefine_parents=0 created_leaves=0 deleted_leaves=0 mirror_mismatches=0
elapsed=6.336228e+00 cycle=576 time=6.581250e+00 dt=9.375000e-03
CARTOON_AMR_TRANSACTION cycle=577 requested_refine=0 requested_derefine_leaves=12 accepted_derefine_parents=0 created_leaves=0 deleted_leaves=0 mirror_mismatches=0
elapsed=6.345452e+00 cycle=577 time=6.590625e+00 dt=9.375000e-03
CARTOON_AMR_TRANSACTION cycle=578 requested_refine=0 requested_derefine_leaves=12 accepted_derefine_parents=0 created_leaves=0 deleted_leaves=0 mirror_mismatches=0
elapsed=6.354668e+00 cycle=578 time=6.600000e+00 dt=9.375000e-03
CARTOON_AMR_TRANSACTION cycle=579 requested_refine=0 requested_derefine_leaves=12 accepted_derefine_parents=0 created_leaves=0 deleted_leaves=0 mirror_mismatches=0
elapsed=6.363878e+00 cycle=579 time=6.609375e+00 dt=9.375000e-03
CARTOON_AMR_TRANSACTION cycle=580 requested_refine=0 requested_derefine_leaves=12 accepted_derefine_parents=0 created_leaves=0 deleted_leaves=0 mirror_mismatches=0
elapsed=6.375668e+00 cycle=580 time=6.618750e+00 dt=9.375000e-03
CARTOON_AMR_TRANSACTION cycle=581 requested_refine=0 requested_derefine_leaves=12 accepted_derefine_parents=0 created_leaves=0 deleted_leaves=0 mirror_mismatches=0
elapsed=6.385479e+00 cycle=581 time=6.628125e+00 dt=9.375000e-03
CARTOON_AMR_TRANSACTION cycle=582 requested_refine=0 requested_derefine_leaves=12 accepted_derefine_parents=0 created_leaves=0 deleted_leaves=0 mirror_mismatches=0
elapsed=6.394676e+00 cycle=582 time=6.637500e+00 dt=9.375000e-03
CARTOON_AMR_TRANSACTION cycle=583 requested_refine=0 requested_derefine_leaves=12 accepted_derefine_parents=0 created_leaves=0 deleted_leaves=0 mirror_mismatches=0
elapsed=6.403854e+00 cycle=583 time=6.646875e+00 dt=9.375000e-03
CARTOON_AMR_TRANSACTION cycle=584 requested_refine=0 requested_derefine_leaves=12 accepted_derefine_parents=0 created_leaves=0 deleted_leaves=0 mirror_mismatches=0
elapsed=6.415729e+00 cycle=584 time=6.656250e+00 dt=9.375000e-03
CARTOON_AMR_TRANSACTION cycle=585 requested_refine=0 requested_derefine_leaves=12 accepted_derefine_parents=0 created_leaves=0 deleted_leaves=0 mirror_mismatches=0
elapsed=6.425020e+00 cycle=585 time=6.665625e+00 dt=9.375000e-03
CARTOON_AMR_TRANSACTION cycle=586 requested_refine=0 requested_derefine_leaves=12 accepted_derefine_parents=0 created_leaves=0 deleted_leaves=0 mirror_mismatches=0
elapsed=6.434208e+00 cycle=586 time=6.675000e+00 dt=9.375000e-03
CARTOON_AMR_TRANSACTION cycle=587 requested_refine=0 requested_derefine_leaves=12 accepted_derefine_parents=0 created_leaves=0 deleted_leaves=0 mirror_mismatches=0
elapsed=6.443402e+00 cycle=587 time=6.684375e+00 dt=9.375000e-03
CARTOON_AMR_TRANSACTION cycle=588 requested_refine=0 requested_derefine_leaves=12 accepted_derefine_parents=0 created_leaves=0 deleted_leaves=0 mirror_mismatches=0
elapsed=6.455287e+00 cycle=588 time=6.693750e+00 dt=9.375000e-03
CARTOON_AMR_TRANSACTION cycle=589 requested_refine=0 requested_derefine_leaves=12 accepted_derefine_parents=0 created_leaves=0 deleted_leaves=0 mirror_mismatches=0
elapsed=6.464491e+00 cycle=589 time=6.703125e+00 dt=9.375000e-03
CARTOON_AMR_TRANSACTION cycle=590 requested_refine=0 requested_derefine_leaves=12 accepted_derefine_parents=0 created_leaves=0 deleted_leaves=0 mirror_mismatches=0
elapsed=6.473658e+00 cycle=590 time=6.712500e+00 dt=9.375000e-03
CARTOON_AMR_TRANSACTION cycle=591 requested_refine=0 requested_derefine_leaves=12 accepted_derefine_parents=0 created_leaves=0 deleted_leaves=0 mirror_mismatches=0
elapsed=6.482722e+00 cycle=591 time=6.721875e+00 dt=9.375000e-03
CARTOON_AMR_TRANSACTION cycle=592 requested_refine=0 requested_derefine_leaves=12 accepted_derefine_parents=0 created_leaves=0 deleted_leaves=0 mirror_mismatches=0
elapsed=6.494446e+00 cycle=592 time=6.731250e+00 dt=9.375000e-03
CARTOON_AMR_TRANSACTION cycle=593 requested_refine=0 requested_derefine_leaves=12 accepted_derefine_parents=0 created_leaves=0 deleted_leaves=0 mirror_mismatches=0
elapsed=6.503647e+00 cycle=593 time=6.740625e+00 dt=9.375000e-03
CARTOON_AMR_TRANSACTION cycle=594 requested_refine=0 requested_derefine_leaves=12 accepted_derefine_parents=0 created_leaves=0 deleted_leaves=0 mirror_mismatches=0
elapsed=6.512789e+00 cycle=594 time=6.750000e+00 dt=9.375000e-03
CARTOON_AMR_TRANSACTION cycle=595 requested_refine=0 requested_derefine_leaves=12 accepted_derefine_parents=0 created_leaves=0 deleted_leaves=0 mirror_mismatches=0
elapsed=6.521771e+00 cycle=595 time=6.759375e+00 dt=9.375000e-03
CARTOON_AMR_TRANSACTION cycle=596 requested_refine=0 requested_derefine_leaves=12 accepted_derefine_parents=0 created_leaves=0 deleted_leaves=0 mirror_mismatches=0
elapsed=6.533556e+00 cycle=596 time=6.768750e+00 dt=9.375000e-03
CARTOON_AMR_TRANSACTION cycle=597 requested_refine=0 requested_derefine_leaves=12 accepted_derefine_parents=0 created_leaves=0 deleted_leaves=0 mirror_mismatches=0
elapsed=6.542678e+00 cycle=597 time=6.778125e+00 dt=9.375000e-03
CARTOON_AMR_TRANSACTION cycle=598 requested_refine=0 requested_derefine_leaves=12 accepted_derefine_parents=0 created_leaves=0 deleted_leaves=0 mirror_mismatches=0
elapsed=6.551738e+00 cycle=598 time=6.787500e+00 dt=9.375000e-03
CARTOON_AMR_TRANSACTION cycle=599 requested_refine=0 requested_derefine_leaves=12 accepted_derefine_parents=0 created_leaves=0 deleted_leaves=0 mirror_mismatches=0
elapsed=6.561562e+00 cycle=599 time=6.796875e+00 dt=9.375000e-03
CARTOON_AMR_TRANSACTION cycle=600 requested_refine=0 requested_derefine_leaves=12 accepted_derefine_parents=0 created_leaves=0 deleted_leaves=0 mirror_mismatches=0
elapsed=6.573673e+00 cycle=600 time=6.806250e+00 dt=9.375000e-03
CARTOON_AMR_TRANSACTION cycle=601 requested_refine=0 requested_derefine_leaves=12 accepted_derefine_parents=0 created_leaves=0 deleted_leaves=0 mirror_mismatches=0
elapsed=6.582910e+00 cycle=601 time=6.815625e+00 dt=9.375000e-03
CARTOON_AMR_TRANSACTION cycle=602 requested_refine=0 requested_derefine_leaves=12 accepted_derefine_parents=0 created_leaves=0 deleted_leaves=0 mirror_mismatches=0
elapsed=6.592006e+00 cycle=602 time=6.825000e+00 dt=9.375000e-03
CARTOON_AMR_TRANSACTION cycle=603 requested_refine=0 requested_derefine_leaves=12 accepted_derefine_parents=0 created_leaves=0 deleted_leaves=0 mirror_mismatches=0
elapsed=6.601011e+00 cycle=603 time=6.834375e+00 dt=9.375000e-03
CARTOON_AMR_TRANSACTION cycle=604 requested_refine=0 requested_derefine_leaves=12 accepted_derefine_parents=0 created_leaves=0 deleted_leaves=0 mirror_mismatches=0
elapsed=6.612889e+00 cycle=604 time=6.843750e+00 dt=9.375000e-03
CARTOON_AMR_TRANSACTION cycle=605 requested_refine=0 requested_derefine_leaves=12 accepted_derefine_parents=0 created_leaves=0 deleted_leaves=0 mirror_mismatches=0
elapsed=6.622158e+00 cycle=605 time=6.853125e+00 dt=9.375000e-03
CARTOON_AMR_TRANSACTION cycle=606 requested_refine=0 requested_derefine_leaves=12 accepted_derefine_parents=0 created_leaves=0 deleted_leaves=0 mirror_mismatches=0
elapsed=6.631230e+00 cycle=606 time=6.862500e+00 dt=9.375000e-03
CARTOON_AMR_TRANSACTION cycle=607 requested_refine=0 requested_derefine_leaves=12 accepted_derefine_parents=0 created_leaves=0 deleted_leaves=0 mirror_mismatches=0
elapsed=6.640187e+00 cycle=607 time=6.871875e+00 dt=9.375000e-03
CARTOON_AMR_TRANSACTION cycle=608 requested_refine=0 requested_derefine_leaves=12 accepted_derefine_parents=0 created_leaves=0 deleted_leaves=0 mirror_mismatches=0
elapsed=6.651992e+00 cycle=608 time=6.881250e+00 dt=9.375000e-03
CARTOON_AMR_TRANSACTION cycle=609 requested_refine=0 requested_derefine_leaves=12 accepted_derefine_parents=0 created_leaves=0 deleted_leaves=0 mirror_mismatches=0
elapsed=6.661301e+00 cycle=609 time=6.890625e+00 dt=9.375000e-03
CARTOON_AMR_TRANSACTION cycle=610 requested_refine=0 requested_derefine_leaves=12 accepted_derefine_parents=0 created_leaves=0 deleted_leaves=0 mirror_mismatches=0
elapsed=6.671077e+00 cycle=610 time=6.900000e+00 dt=9.375000e-03
CARTOON_AMR_TRANSACTION cycle=611 requested_refine=0 requested_derefine_leaves=14 accepted_derefine_parents=0 created_leaves=0 deleted_leaves=0 mirror_mismatches=0
elapsed=6.680112e+00 cycle=611 time=6.909375e+00 dt=9.375000e-03
CARTOON_AMR_TRANSACTION cycle=612 requested_refine=0 requested_derefine_leaves=14 accepted_derefine_parents=0 created_leaves=0 deleted_leaves=0 mirror_mismatches=0
elapsed=6.691979e+00 cycle=612 time=6.918750e+00 dt=9.375000e-03
CARTOON_AMR_TRANSACTION cycle=613 requested_refine=0 requested_derefine_leaves=14 accepted_derefine_parents=0 created_leaves=0 deleted_leaves=0 mirror_mismatches=0
elapsed=6.701210e+00 cycle=613 time=6.928125e+00 dt=9.375000e-03
CARTOON_AMR_TRANSACTION cycle=614 requested_refine=0 requested_derefine_leaves=14 accepted_derefine_parents=0 created_leaves=0 deleted_leaves=0 mirror_mismatches=0
elapsed=6.710324e+00 cycle=614 time=6.937500e+00 dt=9.375000e-03
CARTOON_AMR_TRANSACTION cycle=615 requested_refine=0 requested_derefine_leaves=14 accepted_derefine_parents=0 created_leaves=0 deleted_leaves=0 mirror_mismatches=0
elapsed=6.719366e+00 cycle=615 time=6.946875e+00 dt=9.375000e-03
CARTOON_AMR_TRANSACTION cycle=616 requested_refine=0 requested_derefine_leaves=14 accepted_derefine_parents=0 created_leaves=0 deleted_leaves=0 mirror_mismatches=0
elapsed=6.731265e+00 cycle=616 time=6.956250e+00 dt=9.375000e-03
CARTOON_AMR_TRANSACTION cycle=617 requested_refine=0 requested_derefine_leaves=14 accepted_derefine_parents=0 created_leaves=0 deleted_leaves=0 mirror_mismatches=0
elapsed=6.740373e+00 cycle=617 time=6.965625e+00 dt=9.375000e-03
CARTOON_AMR_TRANSACTION cycle=618 requested_refine=0 requested_derefine_leaves=14 accepted_derefine_parents=0 created_leaves=0 deleted_leaves=0 mirror_mismatches=0
elapsed=6.749484e+00 cycle=618 time=6.975000e+00 dt=9.375000e-03
CARTOON_AMR_TRANSACTION cycle=619 requested_refine=0 requested_derefine_leaves=14 accepted_derefine_parents=0 created_leaves=0 deleted_leaves=0 mirror_mismatches=0
elapsed=6.758589e+00 cycle=619 time=6.984375e+00 dt=9.375000e-03
CARTOON_AMR_TRANSACTION cycle=620 requested_refine=0 requested_derefine_leaves=14 accepted_derefine_parents=0 created_leaves=0 deleted_leaves=0 mirror_mismatches=0
elapsed=6.770701e+00 cycle=620 time=6.993750e+00 dt=9.375000e-03
CARTOON_AMR_TRANSACTION cycle=621 requested_refine=0 requested_derefine_leaves=14 accepted_derefine_parents=0 created_leaves=0 deleted_leaves=0 mirror_mismatches=0
elapsed=6.779760e+00 cycle=621 time=7.003125e+00 dt=9.375000e-03
CARTOON_AMR_TRANSACTION cycle=622 requested_refine=0 requested_derefine_leaves=14 accepted_derefine_parents=0 created_leaves=0 deleted_leaves=0 mirror_mismatches=0
elapsed=6.788827e+00 cycle=622 time=7.012500e+00 dt=9.375000e-03
CARTOON_AMR_TRANSACTION cycle=623 requested_refine=0 requested_derefine_leaves=14 accepted_derefine_parents=0 created_leaves=0 deleted_leaves=0 mirror_mismatches=0
elapsed=6.797817e+00 cycle=623 time=7.021875e+00 dt=9.375000e-03
CARTOON_AMR_TRANSACTION cycle=624 requested_refine=0 requested_derefine_leaves=14 accepted_derefine_parents=0 created_leaves=0 deleted_leaves=0 mirror_mismatches=0
elapsed=6.809505e+00 cycle=624 time=7.031250e+00 dt=9.375000e-03
CARTOON_AMR_TRANSACTION cycle=625 requested_refine=0 requested_derefine_leaves=14 accepted_derefine_parents=0 created_leaves=0 deleted_leaves=0 mirror_mismatches=0
elapsed=6.818757e+00 cycle=625 time=7.040625e+00 dt=9.375000e-03
CARTOON_AMR_TRANSACTION cycle=626 requested_refine=0 requested_derefine_leaves=14 accepted_derefine_parents=0 created_leaves=0 deleted_leaves=0 mirror_mismatches=0
elapsed=6.828017e+00 cycle=626 time=7.050000e+00 dt=9.375000e-03
CARTOON_AMR_TRANSACTION cycle=627 requested_refine=0 requested_derefine_leaves=14 accepted_derefine_parents=0 created_leaves=0 deleted_leaves=0 mirror_mismatches=0
elapsed=6.837128e+00 cycle=627 time=7.059375e+00 dt=9.375000e-03
CARTOON_AMR_TRANSACTION cycle=628 requested_refine=0 requested_derefine_leaves=14 accepted_derefine_parents=0 created_leaves=0 deleted_leaves=0 mirror_mismatches=0
elapsed=6.848937e+00 cycle=628 time=7.068750e+00 dt=9.375000e-03
CARTOON_AMR_TRANSACTION cycle=629 requested_refine=0 requested_derefine_leaves=14 accepted_derefine_parents=0 created_leaves=0 deleted_leaves=0 mirror_mismatches=0
elapsed=6.858237e+00 cycle=629 time=7.078125e+00 dt=9.375000e-03
CARTOON_AMR_TRANSACTION cycle=630 requested_refine=0 requested_derefine_leaves=14 accepted_derefine_parents=0 created_leaves=0 deleted_leaves=0 mirror_mismatches=0
elapsed=6.867405e+00 cycle=630 time=7.087500e+00 dt=9.375000e-03
CARTOON_AMR_TRANSACTION cycle=631 requested_refine=0 requested_derefine_leaves=14 accepted_derefine_parents=0 created_leaves=0 deleted_leaves=0 mirror_mismatches=0
elapsed=6.876451e+00 cycle=631 time=7.096875e+00 dt=9.375000e-03
CARTOON_AMR_TRANSACTION cycle=632 requested_refine=0 requested_derefine_leaves=14 accepted_derefine_parents=0 created_leaves=0 deleted_leaves=0 mirror_mismatches=0
elapsed=6.888469e+00 cycle=632 time=7.106250e+00 dt=9.375000e-03
CARTOON_AMR_TRANSACTION cycle=633 requested_refine=0 requested_derefine_leaves=14 accepted_derefine_parents=0 created_leaves=0 deleted_leaves=0 mirror_mismatches=0
elapsed=6.897689e+00 cycle=633 time=7.115625e+00 dt=9.375000e-03
CARTOON_AMR_TRANSACTION cycle=634 requested_refine=0 requested_derefine_leaves=14 accepted_derefine_parents=0 created_leaves=0 deleted_leaves=0 mirror_mismatches=0
elapsed=6.906821e+00 cycle=634 time=7.125000e+00 dt=9.375000e-03
CARTOON_AMR_TRANSACTION cycle=635 requested_refine=0 requested_derefine_leaves=14 accepted_derefine_parents=0 created_leaves=0 deleted_leaves=0 mirror_mismatches=0
elapsed=6.915814e+00 cycle=635 time=7.134375e+00 dt=9.375000e-03
CARTOON_AMR_TRANSACTION cycle=636 requested_refine=0 requested_derefine_leaves=14 accepted_derefine_parents=0 created_leaves=0 deleted_leaves=0 mirror_mismatches=0
elapsed=6.927950e+00 cycle=636 time=7.143750e+00 dt=9.375000e-03
CARTOON_AMR_TRANSACTION cycle=637 requested_refine=0 requested_derefine_leaves=14 accepted_derefine_parents=0 created_leaves=0 deleted_leaves=0 mirror_mismatches=0
elapsed=6.937206e+00 cycle=637 time=7.153125e+00 dt=9.375000e-03
CARTOON_AMR_TRANSACTION cycle=638 requested_refine=0 requested_derefine_leaves=14 accepted_derefine_parents=0 created_leaves=0 deleted_leaves=0 mirror_mismatches=0
elapsed=6.946345e+00 cycle=638 time=7.162500e+00 dt=9.375000e-03
CARTOON_AMR_TRANSACTION cycle=639 requested_refine=0 requested_derefine_leaves=14 accepted_derefine_parents=0 created_leaves=0 deleted_leaves=0 mirror_mismatches=0
elapsed=6.955391e+00 cycle=639 time=7.171875e+00 dt=9.375000e-03
CARTOON_AMR_TRANSACTION cycle=640 requested_refine=0 requested_derefine_leaves=14 accepted_derefine_parents=0 created_leaves=0 deleted_leaves=0 mirror_mismatches=0
elapsed=7.024618e+00 cycle=640 time=7.181250e+00 dt=9.375000e-03
CARTOON_AMR_TRANSACTION cycle=641 requested_refine=0 requested_derefine_leaves=14 accepted_derefine_parents=0 created_leaves=0 deleted_leaves=0 mirror_mismatches=0
elapsed=7.033848e+00 cycle=641 time=7.190625e+00 dt=9.375000e-03
CARTOON_AMR_TRANSACTION cycle=642 requested_refine=0 requested_derefine_leaves=16 accepted_derefine_parents=0 created_leaves=0 deleted_leaves=0 mirror_mismatches=0
elapsed=7.043084e+00 cycle=642 time=7.200000e+00 dt=9.375000e-03
CARTOON_AMR_TRANSACTION cycle=643 requested_refine=0 requested_derefine_leaves=16 accepted_derefine_parents=0 created_leaves=0 deleted_leaves=0 mirror_mismatches=0
elapsed=7.052276e+00 cycle=643 time=7.209375e+00 dt=9.375000e-03
CARTOON_AMR_TRANSACTION cycle=644 requested_refine=0 requested_derefine_leaves=16 accepted_derefine_parents=0 created_leaves=0 deleted_leaves=0 mirror_mismatches=0
elapsed=7.064014e+00 cycle=644 time=7.218750e+00 dt=9.375000e-03
CARTOON_AMR_TRANSACTION cycle=645 requested_refine=0 requested_derefine_leaves=16 accepted_derefine_parents=0 created_leaves=0 deleted_leaves=0 mirror_mismatches=0
elapsed=7.073281e+00 cycle=645 time=7.228125e+00 dt=9.375000e-03
CARTOON_AMR_TRANSACTION cycle=646 requested_refine=0 requested_derefine_leaves=16 accepted_derefine_parents=0 created_leaves=0 deleted_leaves=0 mirror_mismatches=0
elapsed=7.082549e+00 cycle=646 time=7.237500e+00 dt=9.375000e-03
CARTOON_AMR_TRANSACTION cycle=647 requested_refine=0 requested_derefine_leaves=16 accepted_derefine_parents=0 created_leaves=0 deleted_leaves=0 mirror_mismatches=0
elapsed=7.091756e+00 cycle=647 time=7.246875e+00 dt=9.375000e-03
CARTOON_AMR_TRANSACTION cycle=648 requested_refine=0 requested_derefine_leaves=16 accepted_derefine_parents=0 created_leaves=0 deleted_leaves=0 mirror_mismatches=0
elapsed=7.103516e+00 cycle=648 time=7.256250e+00 dt=9.375000e-03
CARTOON_AMR_TRANSACTION cycle=649 requested_refine=0 requested_derefine_leaves=16 accepted_derefine_parents=0 created_leaves=0 deleted_leaves=0 mirror_mismatches=0
elapsed=7.112710e+00 cycle=649 time=7.265625e+00 dt=9.375000e-03
CARTOON_AMR_TRANSACTION cycle=650 requested_refine=0 requested_derefine_leaves=16 accepted_derefine_parents=0 created_leaves=0 deleted_leaves=0 mirror_mismatches=0
elapsed=7.121846e+00 cycle=650 time=7.275000e+00 dt=9.375000e-03
CARTOON_AMR_TRANSACTION cycle=651 requested_refine=0 requested_derefine_leaves=16 accepted_derefine_parents=0 created_leaves=0 deleted_leaves=0 mirror_mismatches=0
elapsed=7.131022e+00 cycle=651 time=7.284375e+00 dt=9.375000e-03
CARTOON_AMR_TRANSACTION cycle=652 requested_refine=0 requested_derefine_leaves=16 accepted_derefine_parents=0 created_leaves=0 deleted_leaves=0 mirror_mismatches=0
elapsed=7.143023e+00 cycle=652 time=7.293750e+00 dt=9.375000e-03
CARTOON_AMR_TRANSACTION cycle=653 requested_refine=0 requested_derefine_leaves=16 accepted_derefine_parents=0 created_leaves=0 deleted_leaves=0 mirror_mismatches=0
elapsed=7.152282e+00 cycle=653 time=7.303125e+00 dt=9.375000e-03
CARTOON_AMR_TRANSACTION cycle=654 requested_refine=0 requested_derefine_leaves=16 accepted_derefine_parents=0 created_leaves=0 deleted_leaves=0 mirror_mismatches=0
elapsed=7.161489e+00 cycle=654 time=7.312500e+00 dt=9.375000e-03
CARTOON_AMR_TRANSACTION cycle=655 requested_refine=0 requested_derefine_leaves=16 accepted_derefine_parents=0 created_leaves=0 deleted_leaves=0 mirror_mismatches=0
elapsed=7.170649e+00 cycle=655 time=7.321875e+00 dt=9.375000e-03
CARTOON_AMR_TRANSACTION cycle=656 requested_refine=0 requested_derefine_leaves=16 accepted_derefine_parents=0 created_leaves=0 deleted_leaves=0 mirror_mismatches=0
elapsed=7.182502e+00 cycle=656 time=7.331250e+00 dt=9.375000e-03
CARTOON_AMR_TRANSACTION cycle=657 requested_refine=0 requested_derefine_leaves=16 accepted_derefine_parents=0 created_leaves=0 deleted_leaves=0 mirror_mismatches=0
elapsed=7.191640e+00 cycle=657 time=7.340625e+00 dt=9.375000e-03
CARTOON_AMR_TRANSACTION cycle=658 requested_refine=0 requested_derefine_leaves=16 accepted_derefine_parents=0 created_leaves=0 deleted_leaves=0 mirror_mismatches=0
elapsed=7.200768e+00 cycle=658 time=7.350000e+00 dt=9.375000e-03
CARTOON_AMR_TRANSACTION cycle=659 requested_refine=0 requested_derefine_leaves=16 accepted_derefine_parents=0 created_leaves=0 deleted_leaves=0 mirror_mismatches=0
elapsed=7.209785e+00 cycle=659 time=7.359375e+00 dt=9.375000e-03
CARTOON_AMR_TRANSACTION cycle=660 requested_refine=0 requested_derefine_leaves=16 accepted_derefine_parents=0 created_leaves=0 deleted_leaves=0 mirror_mismatches=0
elapsed=7.221397e+00 cycle=660 time=7.368750e+00 dt=9.375000e-03
CARTOON_AMR_TRANSACTION cycle=661 requested_refine=0 requested_derefine_leaves=16 accepted_derefine_parents=0 created_leaves=0 deleted_leaves=0 mirror_mismatches=0
elapsed=7.230538e+00 cycle=661 time=7.378125e+00 dt=9.375000e-03
CARTOON_AMR_TRANSACTION cycle=662 requested_refine=0 requested_derefine_leaves=16 accepted_derefine_parents=0 created_leaves=0 deleted_leaves=0 mirror_mismatches=0
elapsed=7.239631e+00 cycle=662 time=7.387500e+00 dt=9.375000e-03
CARTOON_AMR_TRANSACTION cycle=663 requested_refine=0 requested_derefine_leaves=16 accepted_derefine_parents=0 created_leaves=0 deleted_leaves=0 mirror_mismatches=0
elapsed=7.248720e+00 cycle=663 time=7.396875e+00 dt=9.375000e-03
CARTOON_AMR_TRANSACTION cycle=664 requested_refine=0 requested_derefine_leaves=16 accepted_derefine_parents=0 created_leaves=0 deleted_leaves=0 mirror_mismatches=0
elapsed=7.260708e+00 cycle=664 time=7.406250e+00 dt=9.375000e-03
CARTOON_AMR_TRANSACTION cycle=665 requested_refine=0 requested_derefine_leaves=16 accepted_derefine_parents=0 created_leaves=0 deleted_leaves=0 mirror_mismatches=0
elapsed=7.269950e+00 cycle=665 time=7.415625e+00 dt=9.375000e-03
CARTOON_AMR_TRANSACTION cycle=666 requested_refine=0 requested_derefine_leaves=16 accepted_derefine_parents=0 created_leaves=0 deleted_leaves=0 mirror_mismatches=0
elapsed=7.279041e+00 cycle=666 time=7.425000e+00 dt=9.375000e-03
CARTOON_AMR_TRANSACTION cycle=667 requested_refine=0 requested_derefine_leaves=16 accepted_derefine_parents=0 created_leaves=0 deleted_leaves=0 mirror_mismatches=0
elapsed=7.288144e+00 cycle=667 time=7.434375e+00 dt=9.375000e-03
CARTOON_AMR_TRANSACTION cycle=668 requested_refine=0 requested_derefine_leaves=16 accepted_derefine_parents=0 created_leaves=0 deleted_leaves=0 mirror_mismatches=0
elapsed=7.299704e+00 cycle=668 time=7.443750e+00 dt=9.375000e-03
CARTOON_AMR_TRANSACTION cycle=669 requested_refine=0 requested_derefine_leaves=16 accepted_derefine_parents=0 created_leaves=0 deleted_leaves=0 mirror_mismatches=0
elapsed=7.308887e+00 cycle=669 time=7.453125e+00 dt=9.375000e-03
CARTOON_AMR_TRANSACTION cycle=670 requested_refine=0 requested_derefine_leaves=16 accepted_derefine_parents=0 created_leaves=0 deleted_leaves=0 mirror_mismatches=0
elapsed=7.317992e+00 cycle=670 time=7.462500e+00 dt=9.375000e-03
CARTOON_AMR_TRANSACTION cycle=671 requested_refine=0 requested_derefine_leaves=16 accepted_derefine_parents=0 created_leaves=0 deleted_leaves=0 mirror_mismatches=0
elapsed=7.326962e+00 cycle=671 time=7.471875e+00 dt=9.375000e-03
CARTOON_AMR_TRANSACTION cycle=672 requested_refine=0 requested_derefine_leaves=16 accepted_derefine_parents=0 created_leaves=0 deleted_leaves=0 mirror_mismatches=0
elapsed=7.338809e+00 cycle=672 time=7.481250e+00 dt=9.375000e-03
CARTOON_AMR_TRANSACTION cycle=673 requested_refine=0 requested_derefine_leaves=16 accepted_derefine_parents=0 created_leaves=0 deleted_leaves=0 mirror_mismatches=0
elapsed=7.347974e+00 cycle=673 time=7.490625e+00 dt=9.375000e-03
CARTOON_AMR_TRANSACTION cycle=674 requested_refine=0 requested_derefine_leaves=16 accepted_derefine_parents=0 created_leaves=0 deleted_leaves=0 mirror_mismatches=0
elapsed=7.357144e+00 cycle=674 time=7.500000e+00 dt=9.375000e-03
CARTOON_AMR_TRANSACTION cycle=675 requested_refine=0 requested_derefine_leaves=16 accepted_derefine_parents=0 created_leaves=0 deleted_leaves=0 mirror_mismatches=0
elapsed=7.366180e+00 cycle=675 time=7.509375e+00 dt=9.375000e-03
CARTOON_AMR_TRANSACTION cycle=676 requested_refine=0 requested_derefine_leaves=16 accepted_derefine_parents=0 created_leaves=0 deleted_leaves=0 mirror_mismatches=0
elapsed=7.378000e+00 cycle=676 time=7.518750e+00 dt=9.375000e-03
CARTOON_AMR_TRANSACTION cycle=677 requested_refine=0 requested_derefine_leaves=16 accepted_derefine_parents=0 created_leaves=0 deleted_leaves=0 mirror_mismatches=0
elapsed=7.387045e+00 cycle=677 time=7.528125e+00 dt=9.375000e-03
CARTOON_AMR_TRANSACTION cycle=678 requested_refine=0 requested_derefine_leaves=16 accepted_derefine_parents=0 created_leaves=0 deleted_leaves=0 mirror_mismatches=0
elapsed=7.396017e+00 cycle=678 time=7.537500e+00 dt=9.375000e-03
CARTOON_AMR_TRANSACTION cycle=679 requested_refine=0 requested_derefine_leaves=16 accepted_derefine_parents=0 created_leaves=0 deleted_leaves=0 mirror_mismatches=0
elapsed=7.404997e+00 cycle=679 time=7.546875e+00 dt=9.375000e-03
CARTOON_AMR_TRANSACTION cycle=680 requested_refine=0 requested_derefine_leaves=16 accepted_derefine_parents=0 created_leaves=0 deleted_leaves=0 mirror_mismatches=0
elapsed=7.416992e+00 cycle=680 time=7.556250e+00 dt=9.375000e-03
CARTOON_AMR_TRANSACTION cycle=681 requested_refine=0 requested_derefine_leaves=16 accepted_derefine_parents=0 created_leaves=0 deleted_leaves=0 mirror_mismatches=0
elapsed=7.426147e+00 cycle=681 time=7.565625e+00 dt=9.375000e-03
CARTOON_AMR_TRANSACTION cycle=682 requested_refine=0 requested_derefine_leaves=16 accepted_derefine_parents=0 created_leaves=0 deleted_leaves=0 mirror_mismatches=0
elapsed=7.435167e+00 cycle=682 time=7.575000e+00 dt=9.375000e-03
CARTOON_AMR_TRANSACTION cycle=683 requested_refine=0 requested_derefine_leaves=16 accepted_derefine_parents=0 created_leaves=0 deleted_leaves=0 mirror_mismatches=0
elapsed=7.444209e+00 cycle=683 time=7.584375e+00 dt=9.375000e-03
CARTOON_AMR_TRANSACTION cycle=684 requested_refine=0 requested_derefine_leaves=16 accepted_derefine_parents=0 created_leaves=0 deleted_leaves=0 mirror_mismatches=0
elapsed=7.456094e+00 cycle=684 time=7.593750e+00 dt=9.375000e-03
CARTOON_AMR_TRANSACTION cycle=685 requested_refine=0 requested_derefine_leaves=16 accepted_derefine_parents=0 created_leaves=0 deleted_leaves=0 mirror_mismatches=0
elapsed=7.465319e+00 cycle=685 time=7.603125e+00 dt=9.375000e-03
CARTOON_AMR_TRANSACTION cycle=686 requested_refine=0 requested_derefine_leaves=16 accepted_derefine_parents=0 created_leaves=0 deleted_leaves=0 mirror_mismatches=0
elapsed=7.474414e+00 cycle=686 time=7.612500e+00 dt=9.375000e-03
CARTOON_AMR_TRANSACTION cycle=687 requested_refine=0 requested_derefine_leaves=16 accepted_derefine_parents=0 created_leaves=0 deleted_leaves=0 mirror_mismatches=0
elapsed=7.483413e+00 cycle=687 time=7.621875e+00 dt=9.375000e-03
CARTOON_AMR_TRANSACTION cycle=688 requested_refine=0 requested_derefine_leaves=16 accepted_derefine_parents=0 created_leaves=0 deleted_leaves=0 mirror_mismatches=0
elapsed=7.495374e+00 cycle=688 time=7.631250e+00 dt=9.375000e-03
CARTOON_AMR_TRANSACTION cycle=689 requested_refine=0 requested_derefine_leaves=16 accepted_derefine_parents=0 created_leaves=0 deleted_leaves=0 mirror_mismatches=0
elapsed=7.504582e+00 cycle=689 time=7.640625e+00 dt=9.375000e-03
CARTOON_AMR_TRANSACTION cycle=690 requested_refine=0 requested_derefine_leaves=16 accepted_derefine_parents=0 created_leaves=0 deleted_leaves=0 mirror_mismatches=0
elapsed=7.513682e+00 cycle=690 time=7.650000e+00 dt=9.375000e-03
CARTOON_AMR_TRANSACTION cycle=691 requested_refine=0 requested_derefine_leaves=16 accepted_derefine_parents=0 created_leaves=0 deleted_leaves=0 mirror_mismatches=0
elapsed=7.522630e+00 cycle=691 time=7.659375e+00 dt=9.375000e-03
CARTOON_AMR_TRANSACTION cycle=692 requested_refine=0 requested_derefine_leaves=16 accepted_derefine_parents=0 created_leaves=0 deleted_leaves=0 mirror_mismatches=0
elapsed=7.534245e+00 cycle=692 time=7.668750e+00 dt=9.375000e-03
CARTOON_AMR_TRANSACTION cycle=693 requested_refine=0 requested_derefine_leaves=16 accepted_derefine_parents=0 created_leaves=0 deleted_leaves=0 mirror_mismatches=0
elapsed=7.543371e+00 cycle=693 time=7.678125e+00 dt=9.375000e-03
CARTOON_AMR_TRANSACTION cycle=694 requested_refine=0 requested_derefine_leaves=16 accepted_derefine_parents=0 created_leaves=0 deleted_leaves=0 mirror_mismatches=0
elapsed=7.552469e+00 cycle=694 time=7.687500e+00 dt=9.375000e-03
CARTOON_AMR_TRANSACTION cycle=695 requested_refine=0 requested_derefine_leaves=16 accepted_derefine_parents=0 created_leaves=0 deleted_leaves=0 mirror_mismatches=0
elapsed=7.561548e+00 cycle=695 time=7.696875e+00 dt=9.375000e-03
CARTOON_AMR_TRANSACTION cycle=696 requested_refine=0 requested_derefine_leaves=16 accepted_derefine_parents=0 created_leaves=0 deleted_leaves=0 mirror_mismatches=0
elapsed=7.573576e+00 cycle=696 time=7.706250e+00 dt=9.375000e-03
CARTOON_AMR_TRANSACTION cycle=697 requested_refine=0 requested_derefine_leaves=16 accepted_derefine_parents=0 created_leaves=0 deleted_leaves=0 mirror_mismatches=0
elapsed=7.582695e+00 cycle=697 time=7.715625e+00 dt=9.375000e-03
CARTOON_AMR_TRANSACTION cycle=698 requested_refine=0 requested_derefine_leaves=16 accepted_derefine_parents=0 created_leaves=0 deleted_leaves=0 mirror_mismatches=0
elapsed=7.591764e+00 cycle=698 time=7.725000e+00 dt=9.375000e-03
CARTOON_AMR_TRANSACTION cycle=699 requested_refine=0 requested_derefine_leaves=16 accepted_derefine_parents=0 created_leaves=0 deleted_leaves=0 mirror_mismatches=0
elapsed=7.600906e+00 cycle=699 time=7.734375e+00 dt=9.375000e-03
CARTOON_AMR_TRANSACTION cycle=700 requested_refine=0 requested_derefine_leaves=16 accepted_derefine_parents=0 created_leaves=0 deleted_leaves=0 mirror_mismatches=0
elapsed=7.612810e+00 cycle=700 time=7.743750e+00 dt=9.375000e-03
CARTOON_AMR_TRANSACTION cycle=701 requested_refine=0 requested_derefine_leaves=16 accepted_derefine_parents=0 created_leaves=0 deleted_leaves=0 mirror_mismatches=0
elapsed=7.621994e+00 cycle=701 time=7.753125e+00 dt=9.375000e-03
CARTOON_AMR_TRANSACTION cycle=702 requested_refine=0 requested_derefine_leaves=16 accepted_derefine_parents=0 created_leaves=0 deleted_leaves=0 mirror_mismatches=0
elapsed=7.631012e+00 cycle=702 time=7.762500e+00 dt=9.375000e-03
CARTOON_AMR_TRANSACTION cycle=703 requested_refine=0 requested_derefine_leaves=16 accepted_derefine_parents=0 created_leaves=0 deleted_leaves=0 mirror_mismatches=0
elapsed=7.640019e+00 cycle=703 time=7.771875e+00 dt=9.375000e-03
CARTOON_AMR_TRANSACTION cycle=704 requested_refine=0 requested_derefine_leaves=16 accepted_derefine_parents=0 created_leaves=0 deleted_leaves=0 mirror_mismatches=0
elapsed=7.690381e+00 cycle=704 time=7.781250e+00 dt=9.375000e-03
CARTOON_AMR_TRANSACTION cycle=705 requested_refine=0 requested_derefine_leaves=16 accepted_derefine_parents=0 created_leaves=0 deleted_leaves=0 mirror_mismatches=0
elapsed=7.699591e+00 cycle=705 time=7.790625e+00 dt=9.375000e-03
CARTOON_AMR_TRANSACTION cycle=706 requested_refine=0 requested_derefine_leaves=16 accepted_derefine_parents=0 created_leaves=0 deleted_leaves=0 mirror_mismatches=0
elapsed=7.708842e+00 cycle=706 time=7.800000e+00 dt=9.375000e-03
CARTOON_AMR_TRANSACTION cycle=707 requested_refine=0 requested_derefine_leaves=16 accepted_derefine_parents=0 created_leaves=0 deleted_leaves=0 mirror_mismatches=0
elapsed=7.718090e+00 cycle=707 time=7.809375e+00 dt=9.375000e-03
CARTOON_AMR_TRANSACTION cycle=708 requested_refine=0 requested_derefine_leaves=16 accepted_derefine_parents=0 created_leaves=0 deleted_leaves=0 mirror_mismatches=0
elapsed=7.729906e+00 cycle=708 time=7.818750e+00 dt=9.375000e-03
CARTOON_AMR_TRANSACTION cycle=709 requested_refine=0 requested_derefine_leaves=16 accepted_derefine_parents=0 created_leaves=0 deleted_leaves=0 mirror_mismatches=0
elapsed=7.739118e+00 cycle=709 time=7.828125e+00 dt=9.375000e-03
CARTOON_AMR_TRANSACTION cycle=710 requested_refine=0 requested_derefine_leaves=16 accepted_derefine_parents=0 created_leaves=0 deleted_leaves=0 mirror_mismatches=0
elapsed=7.748350e+00 cycle=710 time=7.837500e+00 dt=9.375000e-03
CARTOON_AMR_TRANSACTION cycle=711 requested_refine=0 requested_derefine_leaves=16 accepted_derefine_parents=0 created_leaves=0 deleted_leaves=0 mirror_mismatches=0
elapsed=7.757494e+00 cycle=711 time=7.846875e+00 dt=9.375000e-03
CARTOON_AMR_TRANSACTION cycle=712 requested_refine=0 requested_derefine_leaves=16 accepted_derefine_parents=0 created_leaves=0 deleted_leaves=0 mirror_mismatches=0
elapsed=7.769325e+00 cycle=712 time=7.856250e+00 dt=9.375000e-03
CARTOON_AMR_TRANSACTION cycle=713 requested_refine=0 requested_derefine_leaves=16 accepted_derefine_parents=0 created_leaves=0 deleted_leaves=0 mirror_mismatches=0
elapsed=7.778529e+00 cycle=713 time=7.865625e+00 dt=9.375000e-03
CARTOON_AMR_TRANSACTION cycle=714 requested_refine=0 requested_derefine_leaves=16 accepted_derefine_parents=0 created_leaves=0 deleted_leaves=0 mirror_mismatches=0
elapsed=7.787723e+00 cycle=714 time=7.875000e+00 dt=9.375000e-03
CARTOON_AMR_TRANSACTION cycle=715 requested_refine=0 requested_derefine_leaves=16 accepted_derefine_parents=0 created_leaves=0 deleted_leaves=0 mirror_mismatches=0
elapsed=7.796898e+00 cycle=715 time=7.884375e+00 dt=9.375000e-03
CARTOON_AMR_TRANSACTION cycle=716 requested_refine=0 requested_derefine_leaves=16 accepted_derefine_parents=0 created_leaves=0 deleted_leaves=0 mirror_mismatches=0
elapsed=7.808732e+00 cycle=716 time=7.893750e+00 dt=9.375000e-03
CARTOON_AMR_TRANSACTION cycle=717 requested_refine=0 requested_derefine_leaves=16 accepted_derefine_parents=0 created_leaves=0 deleted_leaves=0 mirror_mismatches=0
elapsed=7.817903e+00 cycle=717 time=7.903125e+00 dt=9.375000e-03
CARTOON_AMR_TRANSACTION cycle=718 requested_refine=0 requested_derefine_leaves=16 accepted_derefine_parents=0 created_leaves=0 deleted_leaves=0 mirror_mismatches=0
elapsed=7.826883e+00 cycle=718 time=7.912500e+00 dt=9.375000e-03
CARTOON_AMR_TRANSACTION cycle=719 requested_refine=0 requested_derefine_leaves=16 accepted_derefine_parents=0 created_leaves=0 deleted_leaves=0 mirror_mismatches=0
elapsed=7.835854e+00 cycle=719 time=7.921875e+00 dt=9.375000e-03
CARTOON_AMR_TRANSACTION cycle=720 requested_refine=0 requested_derefine_leaves=16 accepted_derefine_parents=0 created_leaves=0 deleted_leaves=0 mirror_mismatches=0
elapsed=7.847348e+00 cycle=720 time=7.931250e+00 dt=9.375000e-03
CARTOON_AMR_TRANSACTION cycle=721 requested_refine=0 requested_derefine_leaves=16 accepted_derefine_parents=0 created_leaves=0 deleted_leaves=0 mirror_mismatches=0
elapsed=7.856545e+00 cycle=721 time=7.940625e+00 dt=9.375000e-03
CARTOON_AMR_TRANSACTION cycle=722 requested_refine=0 requested_derefine_leaves=16 accepted_derefine_parents=0 created_leaves=0 deleted_leaves=0 mirror_mismatches=0
elapsed=7.865778e+00 cycle=722 time=7.950000e+00 dt=9.375000e-03
CARTOON_AMR_TRANSACTION cycle=723 requested_refine=0 requested_derefine_leaves=16 accepted_derefine_parents=0 created_leaves=0 deleted_leaves=0 mirror_mismatches=0
elapsed=7.874765e+00 cycle=723 time=7.959375e+00 dt=9.375000e-03
CARTOON_AMR_TRANSACTION cycle=724 requested_refine=0 requested_derefine_leaves=16 accepted_derefine_parents=0 created_leaves=0 deleted_leaves=0 mirror_mismatches=0
elapsed=7.886878e+00 cycle=724 time=7.968750e+00 dt=9.375000e-03
CARTOON_AMR_TRANSACTION cycle=725 requested_refine=0 requested_derefine_leaves=16 accepted_derefine_parents=0 created_leaves=0 deleted_leaves=0 mirror_mismatches=0
elapsed=7.896133e+00 cycle=725 time=7.978125e+00 dt=9.375000e-03
CARTOON_AMR_TRANSACTION cycle=726 requested_refine=0 requested_derefine_leaves=16 accepted_derefine_parents=0 created_leaves=0 deleted_leaves=0 mirror_mismatches=0
elapsed=7.905389e+00 cycle=726 time=7.987500e+00 dt=9.375000e-03
CARTOON_AMR_TRANSACTION cycle=727 requested_refine=0 requested_derefine_leaves=16 accepted_derefine_parents=0 created_leaves=0 deleted_leaves=0 mirror_mismatches=0
elapsed=7.914430e+00 cycle=727 time=7.996875e+00 dt=9.375000e-03
CARTOON_AMR_TRANSACTION cycle=728 requested_refine=0 requested_derefine_leaves=16 accepted_derefine_parents=0 created_leaves=0 deleted_leaves=0 mirror_mismatches=0
elapsed=7.925944e+00 cycle=728 time=8.006250e+00 dt=9.375000e-03
CARTOON_AMR_TRANSACTION cycle=729 requested_refine=0 requested_derefine_leaves=16 accepted_derefine_parents=0 created_leaves=0 deleted_leaves=0 mirror_mismatches=0
elapsed=7.935117e+00 cycle=729 time=8.015625e+00 dt=9.375000e-03
CARTOON_AMR_TRANSACTION cycle=730 requested_refine=0 requested_derefine_leaves=16 accepted_derefine_parents=0 created_leaves=0 deleted_leaves=0 mirror_mismatches=0
elapsed=7.944260e+00 cycle=730 time=8.025000e+00 dt=9.375000e-03
CARTOON_AMR_TRANSACTION cycle=731 requested_refine=0 requested_derefine_leaves=16 accepted_derefine_parents=0 created_leaves=0 deleted_leaves=0 mirror_mismatches=0
elapsed=7.953307e+00 cycle=731 time=8.034375e+00 dt=9.375000e-03
CARTOON_AMR_TRANSACTION cycle=732 requested_refine=0 requested_derefine_leaves=16 accepted_derefine_parents=0 created_leaves=0 deleted_leaves=0 mirror_mismatches=0
elapsed=7.965023e+00 cycle=732 time=8.043750e+00 dt=9.375000e-03
CARTOON_AMR_TRANSACTION cycle=733 requested_refine=0 requested_derefine_leaves=16 accepted_derefine_parents=0 created_leaves=0 deleted_leaves=0 mirror_mismatches=0
elapsed=7.974223e+00 cycle=733 time=8.053125e+00 dt=9.375000e-03
CARTOON_AMR_TRANSACTION cycle=734 requested_refine=0 requested_derefine_leaves=16 accepted_derefine_parents=0 created_leaves=0 deleted_leaves=0 mirror_mismatches=0
elapsed=7.983256e+00 cycle=734 time=8.062500e+00 dt=9.375000e-03
CARTOON_AMR_TRANSACTION cycle=735 requested_refine=0 requested_derefine_leaves=16 accepted_derefine_parents=0 created_leaves=0 deleted_leaves=0 mirror_mismatches=0
elapsed=7.992260e+00 cycle=735 time=8.071875e+00 dt=9.375000e-03
CARTOON_AMR_TRANSACTION cycle=736 requested_refine=0 requested_derefine_leaves=16 accepted_derefine_parents=0 created_leaves=0 deleted_leaves=0 mirror_mismatches=0
elapsed=8.004232e+00 cycle=736 time=8.081250e+00 dt=9.375000e-03
CARTOON_AMR_TRANSACTION cycle=737 requested_refine=0 requested_derefine_leaves=16 accepted_derefine_parents=0 created_leaves=0 deleted_leaves=0 mirror_mismatches=0
elapsed=8.013540e+00 cycle=737 time=8.090625e+00 dt=9.375000e-03
CARTOON_AMR_TRANSACTION cycle=738 requested_refine=0 requested_derefine_leaves=16 accepted_derefine_parents=0 created_leaves=0 deleted_leaves=0 mirror_mismatches=0
elapsed=8.022800e+00 cycle=738 time=8.100000e+00 dt=9.375000e-03
CARTOON_AMR_TRANSACTION cycle=739 requested_refine=0 requested_derefine_leaves=16 accepted_derefine_parents=0 created_leaves=0 deleted_leaves=0 mirror_mismatches=0
elapsed=8.031891e+00 cycle=739 time=8.109375e+00 dt=9.375000e-03
CARTOON_AMR_TRANSACTION cycle=740 requested_refine=0 requested_derefine_leaves=16 accepted_derefine_parents=0 created_leaves=0 deleted_leaves=0 mirror_mismatches=0
elapsed=8.043559e+00 cycle=740 time=8.118750e+00 dt=9.375000e-03
CARTOON_AMR_TRANSACTION cycle=741 requested_refine=0 requested_derefine_leaves=16 accepted_derefine_parents=0 created_leaves=0 deleted_leaves=0 mirror_mismatches=0
elapsed=8.052806e+00 cycle=741 time=8.128125e+00 dt=9.375000e-03
CARTOON_AMR_TRANSACTION cycle=742 requested_refine=0 requested_derefine_leaves=16 accepted_derefine_parents=0 created_leaves=0 deleted_leaves=0 mirror_mismatches=0
elapsed=8.061975e+00 cycle=742 time=8.137500e+00 dt=9.375000e-03
CARTOON_AMR_TRANSACTION cycle=743 requested_refine=0 requested_derefine_leaves=16 accepted_derefine_parents=0 created_leaves=0 deleted_leaves=0 mirror_mismatches=0
elapsed=8.071121e+00 cycle=743 time=8.146875e+00 dt=9.375000e-03
CARTOON_AMR_TRANSACTION cycle=744 requested_refine=0 requested_derefine_leaves=16 accepted_derefine_parents=0 created_leaves=0 deleted_leaves=0 mirror_mismatches=0
elapsed=8.083302e+00 cycle=744 time=8.156250e+00 dt=9.375000e-03
CARTOON_AMR_TRANSACTION cycle=745 requested_refine=0 requested_derefine_leaves=16 accepted_derefine_parents=0 created_leaves=0 deleted_leaves=0 mirror_mismatches=0
elapsed=8.092501e+00 cycle=745 time=8.165625e+00 dt=9.375000e-03
CARTOON_AMR_TRANSACTION cycle=746 requested_refine=0 requested_derefine_leaves=16 accepted_derefine_parents=0 created_leaves=0 deleted_leaves=0 mirror_mismatches=0
elapsed=8.101586e+00 cycle=746 time=8.175000e+00 dt=9.375000e-03
CARTOON_AMR_TRANSACTION cycle=747 requested_refine=0 requested_derefine_leaves=16 accepted_derefine_parents=0 created_leaves=0 deleted_leaves=0 mirror_mismatches=0
elapsed=8.110620e+00 cycle=747 time=8.184375e+00 dt=9.375000e-03
CARTOON_AMR_TRANSACTION cycle=748 requested_refine=0 requested_derefine_leaves=16 accepted_derefine_parents=0 created_leaves=0 deleted_leaves=0 mirror_mismatches=0
elapsed=8.122767e+00 cycle=748 time=8.193750e+00 dt=9.375000e-03
CARTOON_AMR_TRANSACTION cycle=749 requested_refine=0 requested_derefine_leaves=16 accepted_derefine_parents=0 created_leaves=0 deleted_leaves=0 mirror_mismatches=0
elapsed=8.131840e+00 cycle=749 time=8.203125e+00 dt=9.375000e-03
CARTOON_AMR_TRANSACTION cycle=750 requested_refine=0 requested_derefine_leaves=16 accepted_derefine_parents=0 created_leaves=0 deleted_leaves=0 mirror_mismatches=0
elapsed=8.140830e+00 cycle=750 time=8.212500e+00 dt=9.375000e-03
CARTOON_AMR_TRANSACTION cycle=751 requested_refine=0 requested_derefine_leaves=16 accepted_derefine_parents=0 created_leaves=0 deleted_leaves=0 mirror_mismatches=0
elapsed=8.149804e+00 cycle=751 time=8.221875e+00 dt=9.375000e-03
CARTOON_AMR_TRANSACTION cycle=752 requested_refine=0 requested_derefine_leaves=16 accepted_derefine_parents=0 created_leaves=0 deleted_leaves=0 mirror_mismatches=0
elapsed=8.161467e+00 cycle=752 time=8.231250e+00 dt=9.375000e-03
CARTOON_AMR_TRANSACTION cycle=753 requested_refine=0 requested_derefine_leaves=16 accepted_derefine_parents=0 created_leaves=0 deleted_leaves=0 mirror_mismatches=0
elapsed=8.170698e+00 cycle=753 time=8.240625e+00 dt=9.375000e-03
CARTOON_AMR_TRANSACTION cycle=754 requested_refine=0 requested_derefine_leaves=16 accepted_derefine_parents=0 created_leaves=0 deleted_leaves=0 mirror_mismatches=0
elapsed=8.179923e+00 cycle=754 time=8.250000e+00 dt=9.375000e-03
CARTOON_AMR_TRANSACTION cycle=755 requested_refine=0 requested_derefine_leaves=16 accepted_derefine_parents=0 created_leaves=0 deleted_leaves=0 mirror_mismatches=0
elapsed=8.189141e+00 cycle=755 time=8.259375e+00 dt=9.375000e-03
CARTOON_AMR_TRANSACTION cycle=756 requested_refine=0 requested_derefine_leaves=16 accepted_derefine_parents=0 created_leaves=0 deleted_leaves=0 mirror_mismatches=0
elapsed=8.206340e+00 cycle=756 time=8.268750e+00 dt=9.375000e-03
CARTOON_AMR_TRANSACTION cycle=757 requested_refine=0 requested_derefine_leaves=18 accepted_derefine_parents=2 created_leaves=0 deleted_leaves=0 mirror_mismatches=0
elapsed=8.215412e+00 cycle=757 time=8.278125e+00 dt=9.375000e-03
CARTOON_AMR_TRANSACTION cycle=758 requested_refine=0 requested_derefine_leaves=18 accepted_derefine_parents=2 created_leaves=0 deleted_leaves=0 mirror_mismatches=0
elapsed=8.224546e+00 cycle=758 time=8.287500e+00 dt=9.375000e-03
CARTOON_AMR_TRANSACTION cycle=759 requested_refine=0 requested_derefine_leaves=18 accepted_derefine_parents=2 created_leaves=0 deleted_leaves=0 mirror_mismatches=0
elapsed=8.233609e+00 cycle=759 time=8.296875e+00 dt=9.375000e-03
CARTOON_AMR_TRANSACTION cycle=760 requested_refine=0 requested_derefine_leaves=18 accepted_derefine_parents=2 created_leaves=0 deleted_leaves=0 mirror_mismatches=0
elapsed=8.245562e+00 cycle=760 time=8.306250e+00 dt=9.375000e-03
CARTOON_AMR_TRANSACTION cycle=761 requested_refine=0 requested_derefine_leaves=18 accepted_derefine_parents=2 created_leaves=0 deleted_leaves=0 mirror_mismatches=0
elapsed=8.254617e+00 cycle=761 time=8.315625e+00 dt=9.375000e-03
CARTOON_AMR_TRANSACTION cycle=762 requested_refine=0 requested_derefine_leaves=18 accepted_derefine_parents=2 created_leaves=0 deleted_leaves=0 mirror_mismatches=0
elapsed=8.263559e+00 cycle=762 time=8.325000e+00 dt=9.375000e-03
CARTOON_AMR_TRANSACTION cycle=763 requested_refine=0 requested_derefine_leaves=18 accepted_derefine_parents=2 created_leaves=0 deleted_leaves=0 mirror_mismatches=0
elapsed=8.272562e+00 cycle=763 time=8.334375e+00 dt=9.375000e-03
CARTOON_AMR_TRANSACTION cycle=764 requested_refine=0 requested_derefine_leaves=18 accepted_derefine_parents=2 created_leaves=0 deleted_leaves=0 mirror_mismatches=0
elapsed=8.284696e+00 cycle=764 time=8.343750e+00 dt=9.375000e-03
CARTOON_AMR_TRANSACTION cycle=765 requested_refine=0 requested_derefine_leaves=18 accepted_derefine_parents=2 created_leaves=0 deleted_leaves=0 mirror_mismatches=0
elapsed=8.293791e+00 cycle=765 time=8.353125e+00 dt=9.375000e-03
CARTOON_AMR_TRANSACTION cycle=766 requested_refine=0 requested_derefine_leaves=18 accepted_derefine_parents=2 created_leaves=0 deleted_leaves=0 mirror_mismatches=0
elapsed=8.302707e+00 cycle=766 time=8.362500e+00 dt=9.375000e-03
CARTOON_AMR_TRANSACTION cycle=767 requested_refine=0 requested_derefine_leaves=18 accepted_derefine_parents=2 created_leaves=0 deleted_leaves=0 mirror_mismatches=0
elapsed=8.311659e+00 cycle=767 time=8.371875e+00 dt=9.375000e-03
CARTOON_AMR_TRANSACTION cycle=768 requested_refine=0 requested_derefine_leaves=18 accepted_derefine_parents=2 created_leaves=0 deleted_leaves=0 mirror_mismatches=0
elapsed=8.382860e+00 cycle=768 time=8.381250e+00 dt=9.375000e-03
CARTOON_AMR_TRANSACTION cycle=769 requested_refine=0 requested_derefine_leaves=18 accepted_derefine_parents=2 created_leaves=0 deleted_leaves=0 mirror_mismatches=0
elapsed=8.392111e+00 cycle=769 time=8.390625e+00 dt=9.375000e-03
CARTOON_AMR_TRANSACTION cycle=770 requested_refine=0 requested_derefine_leaves=18 accepted_derefine_parents=2 created_leaves=0 deleted_leaves=0 mirror_mismatches=0
elapsed=8.401348e+00 cycle=770 time=8.400000e+00 dt=9.375000e-03
CARTOON_AMR_TRANSACTION cycle=771 requested_refine=0 requested_derefine_leaves=18 accepted_derefine_parents=2 created_leaves=0 deleted_leaves=0 mirror_mismatches=0
elapsed=8.410523e+00 cycle=771 time=8.409375e+00 dt=9.375000e-03
CARTOON_AMR_TRANSACTION cycle=772 requested_refine=0 requested_derefine_leaves=18 accepted_derefine_parents=2 created_leaves=0 deleted_leaves=0 mirror_mismatches=0
elapsed=8.422384e+00 cycle=772 time=8.418750e+00 dt=9.375000e-03
CARTOON_AMR_TRANSACTION cycle=773 requested_refine=0 requested_derefine_leaves=18 accepted_derefine_parents=2 created_leaves=0 deleted_leaves=0 mirror_mismatches=0
elapsed=8.431573e+00 cycle=773 time=8.428125e+00 dt=9.375000e-03
CARTOON_AMR_TRANSACTION cycle=774 requested_refine=0 requested_derefine_leaves=18 accepted_derefine_parents=2 created_leaves=0 deleted_leaves=0 mirror_mismatches=0
elapsed=8.440839e+00 cycle=774 time=8.437500e+00 dt=9.375000e-03
CARTOON_AMR_TRANSACTION cycle=775 requested_refine=0 requested_derefine_leaves=18 accepted_derefine_parents=2 created_leaves=0 deleted_leaves=0 mirror_mismatches=0
elapsed=8.450021e+00 cycle=775 time=8.446875e+00 dt=9.375000e-03
CARTOON_AMR_TRANSACTION cycle=776 requested_refine=0 requested_derefine_leaves=18 accepted_derefine_parents=2 created_leaves=0 deleted_leaves=0 mirror_mismatches=0
elapsed=8.461802e+00 cycle=776 time=8.456250e+00 dt=9.375000e-03
CARTOON_AMR_TRANSACTION cycle=777 requested_refine=0 requested_derefine_leaves=18 accepted_derefine_parents=2 created_leaves=0 deleted_leaves=0 mirror_mismatches=0
elapsed=8.471008e+00 cycle=777 time=8.465625e+00 dt=9.375000e-03
CARTOON_AMR_TRANSACTION cycle=778 requested_refine=0 requested_derefine_leaves=18 accepted_derefine_parents=2 created_leaves=0 deleted_leaves=0 mirror_mismatches=0
elapsed=8.480210e+00 cycle=778 time=8.475000e+00 dt=9.375000e-03
CARTOON_AMR_TRANSACTION cycle=779 requested_refine=0 requested_derefine_leaves=18 accepted_derefine_parents=2 created_leaves=0 deleted_leaves=0 mirror_mismatches=0
elapsed=8.489423e+00 cycle=779 time=8.484375e+00 dt=9.375000e-03
CARTOON_AMR_TRANSACTION cycle=780 requested_refine=0 requested_derefine_leaves=18 accepted_derefine_parents=2 created_leaves=0 deleted_leaves=0 mirror_mismatches=0
elapsed=8.501518e+00 cycle=780 time=8.493750e+00 dt=9.375000e-03
CARTOON_AMR_TRANSACTION cycle=781 requested_refine=0 requested_derefine_leaves=18 accepted_derefine_parents=2 created_leaves=0 deleted_leaves=0 mirror_mismatches=0
elapsed=8.510747e+00 cycle=781 time=8.503125e+00 dt=9.375000e-03
CARTOON_AMR_TRANSACTION cycle=782 requested_refine=0 requested_derefine_leaves=18 accepted_derefine_parents=2 created_leaves=0 deleted_leaves=0 mirror_mismatches=0
elapsed=8.519912e+00 cycle=782 time=8.512500e+00 dt=9.375000e-03
CARTOON_AMR_TRANSACTION cycle=783 requested_refine=0 requested_derefine_leaves=18 accepted_derefine_parents=2 created_leaves=0 deleted_leaves=0 mirror_mismatches=0
elapsed=8.528931e+00 cycle=783 time=8.521875e+00 dt=9.375000e-03
CARTOON_AMR_TRANSACTION cycle=784 requested_refine=0 requested_derefine_leaves=18 accepted_derefine_parents=2 created_leaves=0 deleted_leaves=0 mirror_mismatches=0
elapsed=8.540737e+00 cycle=784 time=8.531250e+00 dt=9.375000e-03
CARTOON_AMR_TRANSACTION cycle=785 requested_refine=0 requested_derefine_leaves=18 accepted_derefine_parents=2 created_leaves=0 deleted_leaves=0 mirror_mismatches=0
elapsed=8.549942e+00 cycle=785 time=8.540625e+00 dt=9.375000e-03
CARTOON_AMR_TRANSACTION cycle=786 requested_refine=0 requested_derefine_leaves=18 accepted_derefine_parents=2 created_leaves=0 deleted_leaves=0 mirror_mismatches=0
elapsed=8.559151e+00 cycle=786 time=8.550000e+00 dt=9.375000e-03
CARTOON_AMR_TRANSACTION cycle=787 requested_refine=0 requested_derefine_leaves=18 accepted_derefine_parents=2 created_leaves=0 deleted_leaves=0 mirror_mismatches=0
elapsed=8.568169e+00 cycle=787 time=8.559375e+00 dt=9.375000e-03
CARTOON_AMR_TRANSACTION cycle=788 requested_refine=0 requested_derefine_leaves=18 accepted_derefine_parents=2 created_leaves=0 deleted_leaves=0 mirror_mismatches=0
elapsed=8.580191e+00 cycle=788 time=8.568750e+00 dt=9.375000e-03
CARTOON_AMR_TRANSACTION cycle=789 requested_refine=0 requested_derefine_leaves=18 accepted_derefine_parents=2 created_leaves=0 deleted_leaves=0 mirror_mismatches=0
elapsed=8.589381e+00 cycle=789 time=8.578125e+00 dt=9.375000e-03
CARTOON_AMR_TRANSACTION cycle=790 requested_refine=0 requested_derefine_leaves=18 accepted_derefine_parents=2 created_leaves=0 deleted_leaves=0 mirror_mismatches=0
elapsed=8.598470e+00 cycle=790 time=8.587500e+00 dt=9.375000e-03
CARTOON_AMR_TRANSACTION cycle=791 requested_refine=0 requested_derefine_leaves=18 accepted_derefine_parents=2 created_leaves=0 deleted_leaves=0 mirror_mismatches=0
elapsed=8.607391e+00 cycle=791 time=8.596875e+00 dt=9.375000e-03
CARTOON_AMR_TRANSACTION cycle=792 requested_refine=0 requested_derefine_leaves=18 accepted_derefine_parents=2 created_leaves=0 deleted_leaves=0 mirror_mismatches=0
elapsed=8.619270e+00 cycle=792 time=8.606250e+00 dt=9.375000e-03
CARTOON_AMR_TRANSACTION cycle=793 requested_refine=0 requested_derefine_leaves=16 accepted_derefine_parents=2 created_leaves=0 deleted_leaves=0 mirror_mismatches=0
elapsed=8.628449e+00 cycle=793 time=8.615625e+00 dt=9.375000e-03
CARTOON_AMR_TRANSACTION cycle=794 requested_refine=0 requested_derefine_leaves=16 accepted_derefine_parents=2 created_leaves=0 deleted_leaves=0 mirror_mismatches=0
elapsed=8.637569e+00 cycle=794 time=8.625000e+00 dt=9.375000e-03
CARTOON_AMR_TRANSACTION cycle=795 requested_refine=0 requested_derefine_leaves=16 accepted_derefine_parents=2 created_leaves=0 deleted_leaves=0 mirror_mismatches=0
elapsed=8.646560e+00 cycle=795 time=8.634375e+00 dt=9.375000e-03
CARTOON_AMR_TRANSACTION cycle=796 requested_refine=0 requested_derefine_leaves=16 accepted_derefine_parents=2 created_leaves=0 deleted_leaves=0 mirror_mismatches=0
elapsed=8.658295e+00 cycle=796 time=8.643750e+00 dt=9.375000e-03
CARTOON_AMR_TRANSACTION cycle=797 requested_refine=0 requested_derefine_leaves=16 accepted_derefine_parents=2 created_leaves=0 deleted_leaves=0 mirror_mismatches=0
elapsed=8.667495e+00 cycle=797 time=8.653125e+00 dt=9.375000e-03
CARTOON_AMR_TRANSACTION cycle=798 requested_refine=0 requested_derefine_leaves=16 accepted_derefine_parents=2 created_leaves=0 deleted_leaves=0 mirror_mismatches=0
elapsed=8.676520e+00 cycle=798 time=8.662500e+00 dt=9.375000e-03
CARTOON_AMR_TRANSACTION cycle=799 requested_refine=0 requested_derefine_leaves=16 accepted_derefine_parents=2 created_leaves=0 deleted_leaves=0 mirror_mismatches=0
elapsed=8.685459e+00 cycle=799 time=8.671875e+00 dt=9.375000e-03
CARTOON_AMR_TRANSACTION cycle=800 requested_refine=0 requested_derefine_leaves=16 accepted_derefine_parents=2 created_leaves=0 deleted_leaves=0 mirror_mismatches=0
elapsed=8.697265e+00 cycle=800 time=8.681250e+00 dt=9.375000e-03
CARTOON_AMR_TRANSACTION cycle=801 requested_refine=0 requested_derefine_leaves=16 accepted_derefine_parents=2 created_leaves=0 deleted_leaves=0 mirror_mismatches=0
elapsed=8.706334e+00 cycle=801 time=8.690625e+00 dt=9.375000e-03
CARTOON_AMR_TRANSACTION cycle=802 requested_refine=0 requested_derefine_leaves=16 accepted_derefine_parents=2 created_leaves=0 deleted_leaves=0 mirror_mismatches=0
elapsed=8.715393e+00 cycle=802 time=8.700000e+00 dt=9.375000e-03
CARTOON_AMR_TRANSACTION cycle=803 requested_refine=0 requested_derefine_leaves=16 accepted_derefine_parents=2 created_leaves=0 deleted_leaves=0 mirror_mismatches=0
elapsed=8.724420e+00 cycle=803 time=8.709375e+00 dt=9.375000e-03
CARTOON_AMR_TRANSACTION cycle=804 requested_refine=0 requested_derefine_leaves=16 accepted_derefine_parents=2 created_leaves=0 deleted_leaves=0 mirror_mismatches=0
elapsed=8.736267e+00 cycle=804 time=8.718750e+00 dt=9.375000e-03
CARTOON_AMR_TRANSACTION cycle=805 requested_refine=0 requested_derefine_leaves=16 accepted_derefine_parents=2 created_leaves=0 deleted_leaves=0 mirror_mismatches=0
elapsed=8.745450e+00 cycle=805 time=8.728125e+00 dt=9.375000e-03
CARTOON_AMR_TRANSACTION cycle=806 requested_refine=0 requested_derefine_leaves=16 accepted_derefine_parents=2 created_leaves=0 deleted_leaves=0 mirror_mismatches=0
elapsed=8.754481e+00 cycle=806 time=8.737500e+00 dt=9.375000e-03
CARTOON_AMR_TRANSACTION cycle=807 requested_refine=0 requested_derefine_leaves=16 accepted_derefine_parents=2 created_leaves=0 deleted_leaves=0 mirror_mismatches=0
elapsed=8.763504e+00 cycle=807 time=8.746875e+00 dt=9.375000e-03
CARTOON_AMR_TRANSACTION cycle=808 requested_refine=0 requested_derefine_leaves=16 accepted_derefine_parents=2 created_leaves=0 deleted_leaves=0 mirror_mismatches=0
elapsed=8.775340e+00 cycle=808 time=8.756250e+00 dt=9.375000e-03
CARTOON_AMR_TRANSACTION cycle=809 requested_refine=0 requested_derefine_leaves=16 accepted_derefine_parents=2 created_leaves=0 deleted_leaves=0 mirror_mismatches=0
elapsed=8.785001e+00 cycle=809 time=8.765625e+00 dt=9.375000e-03
CARTOON_AMR_TRANSACTION cycle=810 requested_refine=0 requested_derefine_leaves=16 accepted_derefine_parents=2 created_leaves=0 deleted_leaves=0 mirror_mismatches=0
elapsed=8.794134e+00 cycle=810 time=8.775000e+00 dt=9.375000e-03
CARTOON_AMR_TRANSACTION cycle=811 requested_refine=0 requested_derefine_leaves=16 accepted_derefine_parents=2 created_leaves=0 deleted_leaves=0 mirror_mismatches=0
elapsed=8.803347e+00 cycle=811 time=8.784375e+00 dt=9.375000e-03
CARTOON_AMR_TRANSACTION cycle=812 requested_refine=0 requested_derefine_leaves=16 accepted_derefine_parents=2 created_leaves=0 deleted_leaves=0 mirror_mismatches=0
elapsed=8.815608e+00 cycle=812 time=8.793750e+00 dt=9.375000e-03
CARTOON_AMR_TRANSACTION cycle=813 requested_refine=0 requested_derefine_leaves=16 accepted_derefine_parents=2 created_leaves=0 deleted_leaves=0 mirror_mismatches=0
elapsed=8.824846e+00 cycle=813 time=8.803125e+00 dt=9.375000e-03
CARTOON_AMR_TRANSACTION cycle=814 requested_refine=0 requested_derefine_leaves=16 accepted_derefine_parents=2 created_leaves=0 deleted_leaves=0 mirror_mismatches=0
elapsed=8.833973e+00 cycle=814 time=8.812500e+00 dt=9.375000e-03
CARTOON_AMR_TRANSACTION cycle=815 requested_refine=0 requested_derefine_leaves=16 accepted_derefine_parents=2 created_leaves=0 deleted_leaves=0 mirror_mismatches=0
elapsed=8.843001e+00 cycle=815 time=8.821875e+00 dt=9.375000e-03
CARTOON_AMR_TRANSACTION cycle=816 requested_refine=0 requested_derefine_leaves=16 accepted_derefine_parents=2 created_leaves=0 deleted_leaves=0 mirror_mismatches=0
elapsed=8.854800e+00 cycle=816 time=8.831250e+00 dt=9.375000e-03
CARTOON_AMR_TRANSACTION cycle=817 requested_refine=0 requested_derefine_leaves=16 accepted_derefine_parents=2 created_leaves=0 deleted_leaves=0 mirror_mismatches=0
elapsed=8.863939e+00 cycle=817 time=8.840625e+00 dt=9.375000e-03
CARTOON_AMR_TRANSACTION cycle=818 requested_refine=0 requested_derefine_leaves=16 accepted_derefine_parents=2 created_leaves=0 deleted_leaves=0 mirror_mismatches=0
elapsed=8.872954e+00 cycle=818 time=8.850000e+00 dt=9.375000e-03
CARTOON_AMR_TRANSACTION cycle=819 requested_refine=2 requested_derefine_leaves=16 accepted_derefine_parents=2 created_leaves=6 deleted_leaves=0 mirror_mismatches=0
AMR_Z4C_CHI_PROLONGATION cycle=819 local_fallback_groups=0,0,0,0 global_fallback_groups=0 global_high_order_groups=2048
elapsed=8.886204e+00 cycle=819 time=8.859375e+00 dt=9.375000e-03
CARTOON_AMR_TRANSACTION cycle=820 requested_refine=0 requested_derefine_leaves=22 accepted_derefine_parents=2 created_leaves=0 deleted_leaves=0 mirror_mismatches=0
elapsed=8.898310e+00 cycle=820 time=8.868750e+00 dt=9.375000e-03
CARTOON_AMR_TRANSACTION cycle=821 requested_refine=0 requested_derefine_leaves=22 accepted_derefine_parents=2 created_leaves=0 deleted_leaves=0 mirror_mismatches=0
elapsed=8.907477e+00 cycle=821 time=8.878125e+00 dt=9.375000e-03
CARTOON_AMR_TRANSACTION cycle=822 requested_refine=0 requested_derefine_leaves=22 accepted_derefine_parents=2 created_leaves=0 deleted_leaves=0 mirror_mismatches=0
elapsed=8.916426e+00 cycle=822 time=8.887500e+00 dt=9.375000e-03
CARTOON_AMR_TRANSACTION cycle=823 requested_refine=0 requested_derefine_leaves=22 accepted_derefine_parents=2 created_leaves=0 deleted_leaves=0 mirror_mismatches=0
elapsed=8.925418e+00 cycle=823 time=8.896875e+00 dt=9.375000e-03
CARTOON_AMR_TRANSACTION cycle=824 requested_refine=0 requested_derefine_leaves=22 accepted_derefine_parents=2 created_leaves=0 deleted_leaves=0 mirror_mismatches=0
elapsed=8.936967e+00 cycle=824 time=8.906250e+00 dt=9.375000e-03
CARTOON_AMR_TRANSACTION cycle=825 requested_refine=0 requested_derefine_leaves=22 accepted_derefine_parents=2 created_leaves=0 deleted_leaves=0 mirror_mismatches=0
elapsed=8.945964e+00 cycle=825 time=8.915625e+00 dt=9.375000e-03
CARTOON_AMR_TRANSACTION cycle=826 requested_refine=0 requested_derefine_leaves=22 accepted_derefine_parents=2 created_leaves=0 deleted_leaves=0 mirror_mismatches=0
elapsed=8.954963e+00 cycle=826 time=8.925000e+00 dt=9.375000e-03
CARTOON_AMR_TRANSACTION cycle=827 requested_refine=0 requested_derefine_leaves=22 accepted_derefine_parents=2 created_leaves=0 deleted_leaves=0 mirror_mismatches=0
elapsed=8.963950e+00 cycle=827 time=8.934375e+00 dt=9.375000e-03
CARTOON_AMR_TRANSACTION cycle=828 requested_refine=0 requested_derefine_leaves=22 accepted_derefine_parents=2 created_leaves=0 deleted_leaves=0 mirror_mismatches=0
elapsed=8.976002e+00 cycle=828 time=8.943750e+00 dt=9.375000e-03
CARTOON_AMR_TRANSACTION cycle=829 requested_refine=0 requested_derefine_leaves=22 accepted_derefine_parents=2 created_leaves=0 deleted_leaves=0 mirror_mismatches=0
elapsed=8.985131e+00 cycle=829 time=8.953125e+00 dt=9.375000e-03
CARTOON_AMR_TRANSACTION cycle=830 requested_refine=0 requested_derefine_leaves=22 accepted_derefine_parents=2 created_leaves=0 deleted_leaves=0 mirror_mismatches=0
elapsed=8.994068e+00 cycle=830 time=8.962500e+00 dt=9.375000e-03
CARTOON_AMR_TRANSACTION cycle=831 requested_refine=0 requested_derefine_leaves=22 accepted_derefine_parents=2 created_leaves=0 deleted_leaves=0 mirror_mismatches=0
elapsed=9.003008e+00 cycle=831 time=8.971875e+00 dt=9.375000e-03
CARTOON_AMR_TRANSACTION cycle=832 requested_refine=0 requested_derefine_leaves=22 accepted_derefine_parents=2 created_leaves=0 deleted_leaves=0 mirror_mismatches=0
elapsed=9.051342e+00 cycle=832 time=8.981250e+00 dt=9.375000e-03
CARTOON_AMR_TRANSACTION cycle=833 requested_refine=0 requested_derefine_leaves=22 accepted_derefine_parents=2 created_leaves=0 deleted_leaves=0 mirror_mismatches=0
elapsed=9.060519e+00 cycle=833 time=8.990625e+00 dt=9.375000e-03
CARTOON_AMR_TRANSACTION cycle=834 requested_refine=0 requested_derefine_leaves=22 accepted_derefine_parents=2 created_leaves=0 deleted_leaves=0 mirror_mismatches=0
elapsed=9.069648e+00 cycle=834 time=9.000000e+00 dt=9.375000e-03
CARTOON_AMR_TRANSACTION cycle=835 requested_refine=0 requested_derefine_leaves=22 accepted_derefine_parents=2 created_leaves=0 deleted_leaves=0 mirror_mismatches=0
elapsed=9.078790e+00 cycle=835 time=9.009375e+00 dt=9.375000e-03
CARTOON_AMR_TRANSACTION cycle=836 requested_refine=0 requested_derefine_leaves=22 accepted_derefine_parents=2 created_leaves=0 deleted_leaves=0 mirror_mismatches=0
elapsed=9.090339e+00 cycle=836 time=9.018750e+00 dt=9.375000e-03
CARTOON_AMR_TRANSACTION cycle=837 requested_refine=0 requested_derefine_leaves=22 accepted_derefine_parents=2 created_leaves=0 deleted_leaves=0 mirror_mismatches=0
elapsed=9.099487e+00 cycle=837 time=9.028125e+00 dt=9.375000e-03
CARTOON_AMR_TRANSACTION cycle=838 requested_refine=0 requested_derefine_leaves=22 accepted_derefine_parents=2 created_leaves=0 deleted_leaves=0 mirror_mismatches=0
elapsed=9.108397e+00 cycle=838 time=9.037500e+00 dt=9.375000e-03
CARTOON_AMR_TRANSACTION cycle=839 requested_refine=0 requested_derefine_leaves=22 accepted_derefine_parents=2 created_leaves=0 deleted_leaves=0 mirror_mismatches=0
elapsed=9.117264e+00 cycle=839 time=9.046875e+00 dt=9.375000e-03
CARTOON_AMR_TRANSACTION cycle=840 requested_refine=0 requested_derefine_leaves=22 accepted_derefine_parents=2 created_leaves=0 deleted_leaves=0 mirror_mismatches=0
elapsed=9.128961e+00 cycle=840 time=9.056250e+00 dt=9.375000e-03
CARTOON_AMR_TRANSACTION cycle=841 requested_refine=0 requested_derefine_leaves=22 accepted_derefine_parents=2 created_leaves=0 deleted_leaves=0 mirror_mismatches=0
elapsed=9.138134e+00 cycle=841 time=9.065625e+00 dt=9.375000e-03
CARTOON_AMR_TRANSACTION cycle=842 requested_refine=0 requested_derefine_leaves=22 accepted_derefine_parents=2 created_leaves=0 deleted_leaves=0 mirror_mismatches=0
elapsed=9.146955e+00 cycle=842 time=9.075000e+00 dt=9.375000e-03
CARTOON_AMR_TRANSACTION cycle=843 requested_refine=0 requested_derefine_leaves=22 accepted_derefine_parents=2 created_leaves=0 deleted_leaves=0 mirror_mismatches=0
elapsed=9.155887e+00 cycle=843 time=9.084375e+00 dt=9.375000e-03
CARTOON_AMR_TRANSACTION cycle=844 requested_refine=0 requested_derefine_leaves=22 accepted_derefine_parents=2 created_leaves=0 deleted_leaves=0 mirror_mismatches=0
elapsed=9.167809e+00 cycle=844 time=9.093750e+00 dt=9.375000e-03
CARTOON_AMR_TRANSACTION cycle=845 requested_refine=0 requested_derefine_leaves=22 accepted_derefine_parents=2 created_leaves=0 deleted_leaves=0 mirror_mismatches=0
elapsed=9.176991e+00 cycle=845 time=9.103125e+00 dt=9.375000e-03
CARTOON_AMR_TRANSACTION cycle=846 requested_refine=0 requested_derefine_leaves=22 accepted_derefine_parents=2 created_leaves=0 deleted_leaves=0 mirror_mismatches=0
elapsed=9.186058e+00 cycle=846 time=9.112500e+00 dt=9.375000e-03
CARTOON_AMR_TRANSACTION cycle=847 requested_refine=0 requested_derefine_leaves=22 accepted_derefine_parents=2 created_leaves=0 deleted_leaves=0 mirror_mismatches=0
elapsed=9.195023e+00 cycle=847 time=9.121875e+00 dt=9.375000e-03
CARTOON_AMR_TRANSACTION cycle=848 requested_refine=0 requested_derefine_leaves=22 accepted_derefine_parents=2 created_leaves=0 deleted_leaves=0 mirror_mismatches=0
elapsed=9.207964e+00 cycle=848 time=9.131250e+00 dt=9.375000e-03
CARTOON_AMR_TRANSACTION cycle=849 requested_refine=0 requested_derefine_leaves=22 accepted_derefine_parents=2 created_leaves=0 deleted_leaves=0 mirror_mismatches=0
elapsed=9.217128e+00 cycle=849 time=9.140625e+00 dt=9.375000e-03
CARTOON_AMR_TRANSACTION cycle=850 requested_refine=0 requested_derefine_leaves=22 accepted_derefine_parents=2 created_leaves=0 deleted_leaves=0 mirror_mismatches=0
elapsed=9.226092e+00 cycle=850 time=9.150000e+00 dt=9.375000e-03
CARTOON_AMR_TRANSACTION cycle=851 requested_refine=0 requested_derefine_leaves=22 accepted_derefine_parents=2 created_leaves=0 deleted_leaves=0 mirror_mismatches=0
elapsed=9.234995e+00 cycle=851 time=9.159375e+00 dt=9.375000e-03
CARTOON_AMR_TRANSACTION cycle=852 requested_refine=0 requested_derefine_leaves=22 accepted_derefine_parents=2 created_leaves=0 deleted_leaves=0 mirror_mismatches=0
elapsed=9.246835e+00 cycle=852 time=9.168750e+00 dt=9.375000e-03
CARTOON_AMR_TRANSACTION cycle=853 requested_refine=0 requested_derefine_leaves=22 accepted_derefine_parents=2 created_leaves=0 deleted_leaves=0 mirror_mismatches=0
elapsed=9.256062e+00 cycle=853 time=9.178125e+00 dt=9.375000e-03
CARTOON_AMR_TRANSACTION cycle=854 requested_refine=0 requested_derefine_leaves=22 accepted_derefine_parents=2 created_leaves=0 deleted_leaves=0 mirror_mismatches=0
elapsed=9.264934e+00 cycle=854 time=9.187500e+00 dt=9.375000e-03
CARTOON_AMR_TRANSACTION cycle=855 requested_refine=0 requested_derefine_leaves=22 accepted_derefine_parents=2 created_leaves=0 deleted_leaves=0 mirror_mismatches=0
elapsed=9.273857e+00 cycle=855 time=9.196875e+00 dt=9.375000e-03
CARTOON_AMR_TRANSACTION cycle=856 requested_refine=0 requested_derefine_leaves=22 accepted_derefine_parents=2 created_leaves=0 deleted_leaves=0 mirror_mismatches=0
elapsed=9.285591e+00 cycle=856 time=9.206250e+00 dt=9.375000e-03
CARTOON_AMR_TRANSACTION cycle=857 requested_refine=0 requested_derefine_leaves=22 accepted_derefine_parents=2 created_leaves=0 deleted_leaves=0 mirror_mismatches=0
elapsed=9.294730e+00 cycle=857 time=9.215625e+00 dt=9.375000e-03
CARTOON_AMR_TRANSACTION cycle=858 requested_refine=0 requested_derefine_leaves=22 accepted_derefine_parents=2 created_leaves=0 deleted_leaves=0 mirror_mismatches=0
elapsed=9.303704e+00 cycle=858 time=9.225000e+00 dt=9.375000e-03
CARTOON_AMR_TRANSACTION cycle=859 requested_refine=0 requested_derefine_leaves=22 accepted_derefine_parents=2 created_leaves=0 deleted_leaves=0 mirror_mismatches=0
elapsed=9.312580e+00 cycle=859 time=9.234375e+00 dt=9.375000e-03
CARTOON_AMR_TRANSACTION cycle=860 requested_refine=0 requested_derefine_leaves=22 accepted_derefine_parents=2 created_leaves=0 deleted_leaves=0 mirror_mismatches=0
elapsed=9.324372e+00 cycle=860 time=9.243750e+00 dt=9.375000e-03
CARTOON_AMR_TRANSACTION cycle=861 requested_refine=0 requested_derefine_leaves=22 accepted_derefine_parents=2 created_leaves=0 deleted_leaves=0 mirror_mismatches=0
elapsed=9.333470e+00 cycle=861 time=9.253125e+00 dt=9.375000e-03
CARTOON_AMR_TRANSACTION cycle=862 requested_refine=0 requested_derefine_leaves=22 accepted_derefine_parents=2 created_leaves=0 deleted_leaves=0 mirror_mismatches=0
elapsed=9.342325e+00 cycle=862 time=9.262500e+00 dt=9.375000e-03
CARTOON_AMR_TRANSACTION cycle=863 requested_refine=0 requested_derefine_leaves=22 accepted_derefine_parents=2 created_leaves=0 deleted_leaves=0 mirror_mismatches=0
elapsed=9.351274e+00 cycle=863 time=9.271875e+00 dt=9.375000e-03
CARTOON_AMR_TRANSACTION cycle=864 requested_refine=0 requested_derefine_leaves=22 accepted_derefine_parents=2 created_leaves=0 deleted_leaves=0 mirror_mismatches=0
elapsed=9.363004e+00 cycle=864 time=9.281250e+00 dt=9.375000e-03
CARTOON_AMR_TRANSACTION cycle=865 requested_refine=0 requested_derefine_leaves=22 accepted_derefine_parents=2 created_leaves=0 deleted_leaves=0 mirror_mismatches=0
elapsed=9.372152e+00 cycle=865 time=9.290625e+00 dt=9.375000e-03
CARTOON_AMR_TRANSACTION cycle=866 requested_refine=0 requested_derefine_leaves=22 accepted_derefine_parents=2 created_leaves=0 deleted_leaves=0 mirror_mismatches=0
elapsed=9.381251e+00 cycle=866 time=9.300000e+00 dt=9.375000e-03
CARTOON_AMR_TRANSACTION cycle=867 requested_refine=0 requested_derefine_leaves=22 accepted_derefine_parents=2 created_leaves=0 deleted_leaves=0 mirror_mismatches=0
elapsed=9.390192e+00 cycle=867 time=9.309375e+00 dt=9.375000e-03
CARTOON_AMR_TRANSACTION cycle=868 requested_refine=0 requested_derefine_leaves=22 accepted_derefine_parents=2 created_leaves=0 deleted_leaves=0 mirror_mismatches=0
elapsed=9.401819e+00 cycle=868 time=9.318750e+00 dt=9.375000e-03
CARTOON_AMR_TRANSACTION cycle=869 requested_refine=0 requested_derefine_leaves=22 accepted_derefine_parents=2 created_leaves=0 deleted_leaves=0 mirror_mismatches=0
elapsed=9.410995e+00 cycle=869 time=9.328125e+00 dt=9.375000e-03
CARTOON_AMR_TRANSACTION cycle=870 requested_refine=0 requested_derefine_leaves=22 accepted_derefine_parents=2 created_leaves=0 deleted_leaves=0 mirror_mismatches=0
elapsed=9.420094e+00 cycle=870 time=9.337500e+00 dt=9.375000e-03
CARTOON_AMR_TRANSACTION cycle=871 requested_refine=0 requested_derefine_leaves=22 accepted_derefine_parents=2 created_leaves=0 deleted_leaves=0 mirror_mismatches=0
elapsed=9.429034e+00 cycle=871 time=9.346875e+00 dt=9.375000e-03
CARTOON_AMR_TRANSACTION cycle=872 requested_refine=0 requested_derefine_leaves=22 accepted_derefine_parents=2 created_leaves=0 deleted_leaves=0 mirror_mismatches=0
elapsed=9.440983e+00 cycle=872 time=9.356250e+00 dt=9.375000e-03
CARTOON_AMR_TRANSACTION cycle=873 requested_refine=0 requested_derefine_leaves=22 accepted_derefine_parents=2 created_leaves=0 deleted_leaves=0 mirror_mismatches=0
elapsed=9.449923e+00 cycle=873 time=9.365625e+00 dt=9.375000e-03
CARTOON_AMR_TRANSACTION cycle=874 requested_refine=0 requested_derefine_leaves=22 accepted_derefine_parents=2 created_leaves=0 deleted_leaves=0 mirror_mismatches=0
elapsed=9.458753e+00 cycle=874 time=9.375000e+00 dt=9.375000e-03
CARTOON_AMR_TRANSACTION cycle=875 requested_refine=0 requested_derefine_leaves=22 accepted_derefine_parents=2 created_leaves=0 deleted_leaves=0 mirror_mismatches=0
elapsed=9.467594e+00 cycle=875 time=9.384375e+00 dt=9.375000e-03
CARTOON_AMR_TRANSACTION cycle=876 requested_refine=0 requested_derefine_leaves=22 accepted_derefine_parents=2 created_leaves=0 deleted_leaves=0 mirror_mismatches=0
elapsed=9.479291e+00 cycle=876 time=9.393750e+00 dt=9.375000e-03
CARTOON_AMR_TRANSACTION cycle=877 requested_refine=0 requested_derefine_leaves=22 accepted_derefine_parents=2 created_leaves=0 deleted_leaves=0 mirror_mismatches=0
elapsed=9.488350e+00 cycle=877 time=9.403125e+00 dt=9.375000e-03
CARTOON_AMR_TRANSACTION cycle=878 requested_refine=0 requested_derefine_leaves=22 accepted_derefine_parents=2 created_leaves=0 deleted_leaves=0 mirror_mismatches=0
elapsed=9.497287e+00 cycle=878 time=9.412500e+00 dt=9.375000e-03
CARTOON_AMR_TRANSACTION cycle=879 requested_refine=0 requested_derefine_leaves=22 accepted_derefine_parents=2 created_leaves=0 deleted_leaves=0 mirror_mismatches=0
elapsed=9.506166e+00 cycle=879 time=9.421875e+00 dt=9.375000e-03
CARTOON_AMR_TRANSACTION cycle=880 requested_refine=0 requested_derefine_leaves=22 accepted_derefine_parents=2 created_leaves=0 deleted_leaves=0 mirror_mismatches=0
elapsed=9.518131e+00 cycle=880 time=9.431250e+00 dt=9.375000e-03
CARTOON_AMR_TRANSACTION cycle=881 requested_refine=0 requested_derefine_leaves=22 accepted_derefine_parents=2 created_leaves=0 deleted_leaves=0 mirror_mismatches=0
elapsed=9.527269e+00 cycle=881 time=9.440625e+00 dt=9.375000e-03
CARTOON_AMR_TRANSACTION cycle=882 requested_refine=0 requested_derefine_leaves=22 accepted_derefine_parents=2 created_leaves=0 deleted_leaves=0 mirror_mismatches=0
elapsed=9.536268e+00 cycle=882 time=9.450000e+00 dt=9.375000e-03
CARTOON_AMR_TRANSACTION cycle=883 requested_refine=0 requested_derefine_leaves=22 accepted_derefine_parents=2 created_leaves=0 deleted_leaves=0 mirror_mismatches=0
elapsed=9.545365e+00 cycle=883 time=9.459375e+00 dt=9.375000e-03
CARTOON_AMR_TRANSACTION cycle=884 requested_refine=0 requested_derefine_leaves=22 accepted_derefine_parents=2 created_leaves=0 deleted_leaves=0 mirror_mismatches=0
elapsed=9.557176e+00 cycle=884 time=9.468750e+00 dt=9.375000e-03
CARTOON_AMR_TRANSACTION cycle=885 requested_refine=0 requested_derefine_leaves=20 accepted_derefine_parents=2 created_leaves=0 deleted_leaves=0 mirror_mismatches=0
elapsed=9.566237e+00 cycle=885 time=9.478125e+00 dt=9.375000e-03
CARTOON_AMR_TRANSACTION cycle=886 requested_refine=0 requested_derefine_leaves=20 accepted_derefine_parents=2 created_leaves=0 deleted_leaves=0 mirror_mismatches=0
elapsed=9.575289e+00 cycle=886 time=9.487500e+00 dt=9.375000e-03
CARTOON_AMR_TRANSACTION cycle=887 requested_refine=0 requested_derefine_leaves=20 accepted_derefine_parents=2 created_leaves=0 deleted_leaves=0 mirror_mismatches=0
elapsed=9.584348e+00 cycle=887 time=9.496875e+00 dt=9.375000e-03
CARTOON_AMR_TRANSACTION cycle=888 requested_refine=0 requested_derefine_leaves=20 accepted_derefine_parents=2 created_leaves=0 deleted_leaves=0 mirror_mismatches=0
elapsed=9.596216e+00 cycle=888 time=9.506250e+00 dt=9.375000e-03
CARTOON_AMR_TRANSACTION cycle=889 requested_refine=0 requested_derefine_leaves=20 accepted_derefine_parents=2 created_leaves=0 deleted_leaves=0 mirror_mismatches=0
elapsed=9.605346e+00 cycle=889 time=9.515625e+00 dt=9.375000e-03
CARTOON_AMR_TRANSACTION cycle=890 requested_refine=0 requested_derefine_leaves=20 accepted_derefine_parents=2 created_leaves=0 deleted_leaves=0 mirror_mismatches=0
elapsed=9.614346e+00 cycle=890 time=9.525000e+00 dt=9.375000e-03
CARTOON_AMR_TRANSACTION cycle=891 requested_refine=0 requested_derefine_leaves=20 accepted_derefine_parents=2 created_leaves=0 deleted_leaves=0 mirror_mismatches=0
elapsed=9.623269e+00 cycle=891 time=9.534375e+00 dt=9.375000e-03
CARTOON_AMR_TRANSACTION cycle=892 requested_refine=0 requested_derefine_leaves=20 accepted_derefine_parents=2 created_leaves=0 deleted_leaves=0 mirror_mismatches=0
elapsed=9.635385e+00 cycle=892 time=9.543750e+00 dt=9.375000e-03
CARTOON_AMR_TRANSACTION cycle=893 requested_refine=0 requested_derefine_leaves=20 accepted_derefine_parents=2 created_leaves=0 deleted_leaves=0 mirror_mismatches=0
elapsed=9.644412e+00 cycle=893 time=9.553125e+00 dt=9.375000e-03
CARTOON_AMR_TRANSACTION cycle=894 requested_refine=0 requested_derefine_leaves=20 accepted_derefine_parents=2 created_leaves=0 deleted_leaves=0 mirror_mismatches=0
elapsed=9.653436e+00 cycle=894 time=9.562500e+00 dt=9.375000e-03
CARTOON_AMR_TRANSACTION cycle=895 requested_refine=0 requested_derefine_leaves=20 accepted_derefine_parents=2 created_leaves=0 deleted_leaves=0 mirror_mismatches=0
elapsed=9.662298e+00 cycle=895 time=9.571875e+00 dt=9.375000e-03
CARTOON_AMR_TRANSACTION cycle=896 requested_refine=0 requested_derefine_leaves=20 accepted_derefine_parents=2 created_leaves=0 deleted_leaves=0 mirror_mismatches=0
elapsed=9.737059e+00 cycle=896 time=9.581250e+00 dt=9.375000e-03
CARTOON_AMR_TRANSACTION cycle=897 requested_refine=0 requested_derefine_leaves=20 accepted_derefine_parents=2 created_leaves=0 deleted_leaves=0 mirror_mismatches=0
elapsed=9.746219e+00 cycle=897 time=9.590625e+00 dt=9.375000e-03
CARTOON_AMR_TRANSACTION cycle=898 requested_refine=0 requested_derefine_leaves=20 accepted_derefine_parents=2 created_leaves=0 deleted_leaves=0 mirror_mismatches=0
elapsed=9.755340e+00 cycle=898 time=9.600000e+00 dt=9.375000e-03
CARTOON_AMR_TRANSACTION cycle=899 requested_refine=0 requested_derefine_leaves=20 accepted_derefine_parents=2 created_leaves=0 deleted_leaves=0 mirror_mismatches=0
elapsed=9.764448e+00 cycle=899 time=9.609375e+00 dt=9.375000e-03
CARTOON_AMR_TRANSACTION cycle=900 requested_refine=0 requested_derefine_leaves=20 accepted_derefine_parents=2 created_leaves=0 deleted_leaves=0 mirror_mismatches=0
elapsed=9.776161e+00 cycle=900 time=9.618750e+00 dt=9.375000e-03
CARTOON_AMR_TRANSACTION cycle=901 requested_refine=0 requested_derefine_leaves=20 accepted_derefine_parents=2 created_leaves=0 deleted_leaves=0 mirror_mismatches=0
elapsed=9.785285e+00 cycle=901 time=9.628125e+00 dt=9.375000e-03
CARTOON_AMR_TRANSACTION cycle=902 requested_refine=0 requested_derefine_leaves=20 accepted_derefine_parents=2 created_leaves=0 deleted_leaves=0 mirror_mismatches=0
elapsed=9.794378e+00 cycle=902 time=9.637500e+00 dt=9.375000e-03
CARTOON_AMR_TRANSACTION cycle=903 requested_refine=0 requested_derefine_leaves=20 accepted_derefine_parents=2 created_leaves=0 deleted_leaves=0 mirror_mismatches=0
elapsed=9.803424e+00 cycle=903 time=9.646875e+00 dt=9.375000e-03
CARTOON_AMR_TRANSACTION cycle=904 requested_refine=0 requested_derefine_leaves=20 accepted_derefine_parents=2 created_leaves=0 deleted_leaves=0 mirror_mismatches=0
elapsed=9.815153e+00 cycle=904 time=9.656250e+00 dt=9.375000e-03
CARTOON_AMR_TRANSACTION cycle=905 requested_refine=0 requested_derefine_leaves=20 accepted_derefine_parents=2 created_leaves=0 deleted_leaves=0 mirror_mismatches=0
elapsed=9.824300e+00 cycle=905 time=9.665625e+00 dt=9.375000e-03
CARTOON_AMR_TRANSACTION cycle=906 requested_refine=0 requested_derefine_leaves=20 accepted_derefine_parents=2 created_leaves=0 deleted_leaves=0 mirror_mismatches=0
elapsed=9.833411e+00 cycle=906 time=9.675000e+00 dt=9.375000e-03
CARTOON_AMR_TRANSACTION cycle=907 requested_refine=0 requested_derefine_leaves=20 accepted_derefine_parents=2 created_leaves=0 deleted_leaves=0 mirror_mismatches=0
elapsed=9.842349e+00 cycle=907 time=9.684375e+00 dt=9.375000e-03
CARTOON_AMR_TRANSACTION cycle=908 requested_refine=0 requested_derefine_leaves=20 accepted_derefine_parents=2 created_leaves=0 deleted_leaves=0 mirror_mismatches=0
elapsed=9.854140e+00 cycle=908 time=9.693750e+00 dt=9.375000e-03
CARTOON_AMR_TRANSACTION cycle=909 requested_refine=0 requested_derefine_leaves=20 accepted_derefine_parents=2 created_leaves=0 deleted_leaves=0 mirror_mismatches=0
elapsed=9.863148e+00 cycle=909 time=9.703125e+00 dt=9.375000e-03
CARTOON_AMR_TRANSACTION cycle=910 requested_refine=0 requested_derefine_leaves=20 accepted_derefine_parents=2 created_leaves=0 deleted_leaves=0 mirror_mismatches=0
elapsed=9.872045e+00 cycle=910 time=9.712500e+00 dt=9.375000e-03
CARTOON_AMR_TRANSACTION cycle=911 requested_refine=0 requested_derefine_leaves=20 accepted_derefine_parents=2 created_leaves=0 deleted_leaves=0 mirror_mismatches=0
elapsed=9.880966e+00 cycle=911 time=9.721875e+00 dt=9.375000e-03
CARTOON_AMR_TRANSACTION cycle=912 requested_refine=0 requested_derefine_leaves=20 accepted_derefine_parents=2 created_leaves=0 deleted_leaves=0 mirror_mismatches=0
elapsed=9.892776e+00 cycle=912 time=9.731250e+00 dt=9.375000e-03
CARTOON_AMR_TRANSACTION cycle=913 requested_refine=0 requested_derefine_leaves=20 accepted_derefine_parents=2 created_leaves=0 deleted_leaves=0 mirror_mismatches=0
elapsed=9.901810e+00 cycle=913 time=9.740625e+00 dt=9.375000e-03
CARTOON_AMR_TRANSACTION cycle=914 requested_refine=0 requested_derefine_leaves=20 accepted_derefine_parents=2 created_leaves=0 deleted_leaves=0 mirror_mismatches=0
elapsed=9.910707e+00 cycle=914 time=9.750000e+00 dt=9.375000e-03
CARTOON_AMR_TRANSACTION cycle=915 requested_refine=0 requested_derefine_leaves=20 accepted_derefine_parents=2 created_leaves=0 deleted_leaves=0 mirror_mismatches=0
elapsed=9.919584e+00 cycle=915 time=9.759375e+00 dt=9.375000e-03
CARTOON_AMR_TRANSACTION cycle=916 requested_refine=0 requested_derefine_leaves=20 accepted_derefine_parents=2 created_leaves=0 deleted_leaves=0 mirror_mismatches=0
elapsed=9.931042e+00 cycle=916 time=9.768750e+00 dt=9.375000e-03
CARTOON_AMR_TRANSACTION cycle=917 requested_refine=0 requested_derefine_leaves=20 accepted_derefine_parents=2 created_leaves=0 deleted_leaves=0 mirror_mismatches=0
elapsed=9.940190e+00 cycle=917 time=9.778125e+00 dt=9.375000e-03
CARTOON_AMR_TRANSACTION cycle=918 requested_refine=0 requested_derefine_leaves=20 accepted_derefine_parents=2 created_leaves=0 deleted_leaves=0 mirror_mismatches=0
elapsed=9.949257e+00 cycle=918 time=9.787500e+00 dt=9.375000e-03
CARTOON_AMR_TRANSACTION cycle=919 requested_refine=0 requested_derefine_leaves=20 accepted_derefine_parents=2 created_leaves=0 deleted_leaves=0 mirror_mismatches=0
elapsed=9.958262e+00 cycle=919 time=9.796875e+00 dt=9.375000e-03
CARTOON_AMR_TRANSACTION cycle=920 requested_refine=0 requested_derefine_leaves=20 accepted_derefine_parents=2 created_leaves=0 deleted_leaves=0 mirror_mismatches=0
elapsed=9.969867e+00 cycle=920 time=9.806250e+00 dt=9.375000e-03
CARTOON_AMR_TRANSACTION cycle=921 requested_refine=0 requested_derefine_leaves=20 accepted_derefine_parents=2 created_leaves=0 deleted_leaves=0 mirror_mismatches=0
elapsed=9.978955e+00 cycle=921 time=9.815625e+00 dt=9.375000e-03
CARTOON_AMR_TRANSACTION cycle=922 requested_refine=0 requested_derefine_leaves=20 accepted_derefine_parents=2 created_leaves=0 deleted_leaves=0 mirror_mismatches=0
elapsed=9.987912e+00 cycle=922 time=9.825000e+00 dt=9.375000e-03
CARTOON_AMR_TRANSACTION cycle=923 requested_refine=0 requested_derefine_leaves=20 accepted_derefine_parents=2 created_leaves=0 deleted_leaves=0 mirror_mismatches=0
elapsed=9.996832e+00 cycle=923 time=9.834375e+00 dt=9.375000e-03
CARTOON_AMR_TRANSACTION cycle=924 requested_refine=0 requested_derefine_leaves=20 accepted_derefine_parents=2 created_leaves=0 deleted_leaves=0 mirror_mismatches=0
elapsed=1.000873e+01 cycle=924 time=9.843750e+00 dt=9.375000e-03
CARTOON_AMR_TRANSACTION cycle=925 requested_refine=0 requested_derefine_leaves=20 accepted_derefine_parents=2 created_leaves=0 deleted_leaves=0 mirror_mismatches=0
elapsed=1.001784e+01 cycle=925 time=9.853125e+00 dt=9.375000e-03
CARTOON_AMR_TRANSACTION cycle=926 requested_refine=0 requested_derefine_leaves=20 accepted_derefine_parents=2 created_leaves=0 deleted_leaves=0 mirror_mismatches=0
elapsed=1.002682e+01 cycle=926 time=9.862500e+00 dt=9.375000e-03
CARTOON_AMR_TRANSACTION cycle=927 requested_refine=0 requested_derefine_leaves=20 accepted_derefine_parents=2 created_leaves=0 deleted_leaves=0 mirror_mismatches=0
elapsed=1.003581e+01 cycle=927 time=9.871875e+00 dt=9.375000e-03
CARTOON_AMR_TRANSACTION cycle=928 requested_refine=0 requested_derefine_leaves=20 accepted_derefine_parents=2 created_leaves=0 deleted_leaves=0 mirror_mismatches=0
elapsed=1.004771e+01 cycle=928 time=9.881250e+00 dt=9.375000e-03
CARTOON_AMR_TRANSACTION cycle=929 requested_refine=0 requested_derefine_leaves=20 accepted_derefine_parents=2 created_leaves=0 deleted_leaves=0 mirror_mismatches=0
elapsed=1.005696e+01 cycle=929 time=9.890625e+00 dt=9.375000e-03
CARTOON_AMR_TRANSACTION cycle=930 requested_refine=0 requested_derefine_leaves=20 accepted_derefine_parents=2 created_leaves=0 deleted_leaves=0 mirror_mismatches=0
elapsed=1.006609e+01 cycle=930 time=9.900000e+00 dt=9.375000e-03
CARTOON_AMR_TRANSACTION cycle=931 requested_refine=0 requested_derefine_leaves=20 accepted_derefine_parents=2 created_leaves=0 deleted_leaves=0 mirror_mismatches=0
elapsed=1.007521e+01 cycle=931 time=9.909375e+00 dt=9.375000e-03
CARTOON_AMR_TRANSACTION cycle=932 requested_refine=0 requested_derefine_leaves=20 accepted_derefine_parents=2 created_leaves=0 deleted_leaves=0 mirror_mismatches=0
elapsed=1.008714e+01 cycle=932 time=9.918750e+00 dt=9.375000e-03
CARTOON_AMR_TRANSACTION cycle=933 requested_refine=0 requested_derefine_leaves=20 accepted_derefine_parents=2 created_leaves=0 deleted_leaves=0 mirror_mismatches=0
elapsed=1.009630e+01 cycle=933 time=9.928125e+00 dt=9.375000e-03
CARTOON_AMR_TRANSACTION cycle=934 requested_refine=0 requested_derefine_leaves=20 accepted_derefine_parents=2 created_leaves=0 deleted_leaves=0 mirror_mismatches=0
elapsed=1.010537e+01 cycle=934 time=9.937500e+00 dt=9.375000e-03
CARTOON_AMR_TRANSACTION cycle=935 requested_refine=0 requested_derefine_leaves=20 accepted_derefine_parents=2 created_leaves=0 deleted_leaves=0 mirror_mismatches=0
elapsed=1.011429e+01 cycle=935 time=9.946875e+00 dt=9.375000e-03
CARTOON_AMR_TRANSACTION cycle=936 requested_refine=0 requested_derefine_leaves=20 accepted_derefine_parents=2 created_leaves=0 deleted_leaves=0 mirror_mismatches=0
elapsed=1.012623e+01 cycle=936 time=9.956250e+00 dt=9.375000e-03
CARTOON_AMR_TRANSACTION cycle=937 requested_refine=0 requested_derefine_leaves=20 accepted_derefine_parents=2 created_leaves=0 deleted_leaves=0 mirror_mismatches=0
elapsed=1.013536e+01 cycle=937 time=9.965625e+00 dt=9.375000e-03
CARTOON_AMR_TRANSACTION cycle=938 requested_refine=0 requested_derefine_leaves=20 accepted_derefine_parents=2 created_leaves=0 deleted_leaves=0 mirror_mismatches=0
elapsed=1.014440e+01 cycle=938 time=9.975000e+00 dt=9.375000e-03
CARTOON_AMR_TRANSACTION cycle=939 requested_refine=0 requested_derefine_leaves=20 accepted_derefine_parents=2 created_leaves=0 deleted_leaves=0 mirror_mismatches=0
elapsed=1.015341e+01 cycle=939 time=9.984375e+00 dt=9.375000e-03
CARTOON_AMR_TRANSACTION cycle=940 requested_refine=0 requested_derefine_leaves=20 accepted_derefine_parents=2 created_leaves=0 deleted_leaves=0 mirror_mismatches=0
elapsed=1.016532e+01 cycle=940 time=9.993750e+00 dt=9.375000e-03
CARTOON_AMR_TRANSACTION cycle=941 requested_refine=0 requested_derefine_leaves=20 accepted_derefine_parents=2 created_leaves=0 deleted_leaves=0 mirror_mismatches=0
elapsed=1.017447e+01 cycle=941 time=1.000313e+01 dt=9.375000e-03
CARTOON_AMR_TRANSACTION cycle=942 requested_refine=0 requested_derefine_leaves=20 accepted_derefine_parents=2 created_leaves=0 deleted_leaves=0 mirror_mismatches=0
elapsed=1.018355e+01 cycle=942 time=1.001250e+01 dt=9.375000e-03
CARTOON_AMR_TRANSACTION cycle=943 requested_refine=0 requested_derefine_leaves=20 accepted_derefine_parents=2 created_leaves=0 deleted_leaves=0 mirror_mismatches=0
elapsed=1.019267e+01 cycle=943 time=1.002188e+01 dt=9.375000e-03
CARTOON_AMR_TRANSACTION cycle=944 requested_refine=0 requested_derefine_leaves=20 accepted_derefine_parents=2 created_leaves=0 deleted_leaves=0 mirror_mismatches=0
elapsed=1.020447e+01 cycle=944 time=1.003125e+01 dt=9.375000e-03
CARTOON_AMR_TRANSACTION cycle=945 requested_refine=0 requested_derefine_leaves=20 accepted_derefine_parents=2 created_leaves=0 deleted_leaves=0 mirror_mismatches=0
elapsed=1.021361e+01 cycle=945 time=1.004063e+01 dt=9.375000e-03
CARTOON_AMR_TRANSACTION cycle=946 requested_refine=0 requested_derefine_leaves=20 accepted_derefine_parents=2 created_leaves=0 deleted_leaves=0 mirror_mismatches=0
elapsed=1.022253e+01 cycle=946 time=1.005000e+01 dt=9.375000e-03
CARTOON_AMR_TRANSACTION cycle=947 requested_refine=0 requested_derefine_leaves=20 accepted_derefine_parents=2 created_leaves=0 deleted_leaves=0 mirror_mismatches=0
elapsed=1.023142e+01 cycle=947 time=1.005938e+01 dt=9.375000e-03
CARTOON_AMR_TRANSACTION cycle=948 requested_refine=0 requested_derefine_leaves=20 accepted_derefine_parents=2 created_leaves=0 deleted_leaves=0 mirror_mismatches=0
elapsed=1.024309e+01 cycle=948 time=1.006875e+01 dt=9.375000e-03
CARTOON_AMR_TRANSACTION cycle=949 requested_refine=0 requested_derefine_leaves=20 accepted_derefine_parents=2 created_leaves=0 deleted_leaves=0 mirror_mismatches=0
elapsed=1.025225e+01 cycle=949 time=1.007813e+01 dt=9.375000e-03
CARTOON_AMR_TRANSACTION cycle=950 requested_refine=0 requested_derefine_leaves=20 accepted_derefine_parents=2 created_leaves=0 deleted_leaves=0 mirror_mismatches=0
elapsed=1.026115e+01 cycle=950 time=1.008750e+01 dt=9.375000e-03
CARTOON_AMR_TRANSACTION cycle=951 requested_refine=0 requested_derefine_leaves=20 accepted_derefine_parents=2 created_leaves=0 deleted_leaves=0 mirror_mismatches=0
elapsed=1.027005e+01 cycle=951 time=1.009688e+01 dt=9.375000e-03
CARTOON_AMR_TRANSACTION cycle=952 requested_refine=0 requested_derefine_leaves=20 accepted_derefine_parents=2 created_leaves=0 deleted_leaves=0 mirror_mismatches=0
elapsed=1.028177e+01 cycle=952 time=1.010625e+01 dt=9.375000e-03
CARTOON_AMR_TRANSACTION cycle=953 requested_refine=0 requested_derefine_leaves=20 accepted_derefine_parents=2 created_leaves=0 deleted_leaves=0 mirror_mismatches=0
elapsed=1.029082e+01 cycle=953 time=1.011563e+01 dt=9.375000e-03
CARTOON_AMR_TRANSACTION cycle=954 requested_refine=0 requested_derefine_leaves=20 accepted_derefine_parents=2 created_leaves=0 deleted_leaves=0 mirror_mismatches=0
elapsed=1.029971e+01 cycle=954 time=1.012500e+01 dt=9.375000e-03
CARTOON_AMR_TRANSACTION cycle=955 requested_refine=0 requested_derefine_leaves=20 accepted_derefine_parents=2 created_leaves=0 deleted_leaves=0 mirror_mismatches=0
elapsed=1.030859e+01 cycle=955 time=1.013438e+01 dt=9.375000e-03
CARTOON_AMR_TRANSACTION cycle=956 requested_refine=0 requested_derefine_leaves=20 accepted_derefine_parents=2 created_leaves=0 deleted_leaves=0 mirror_mismatches=0
elapsed=1.032061e+01 cycle=956 time=1.014375e+01 dt=9.375000e-03
CARTOON_AMR_TRANSACTION cycle=957 requested_refine=0 requested_derefine_leaves=20 accepted_derefine_parents=2 created_leaves=0 deleted_leaves=0 mirror_mismatches=0
elapsed=1.032967e+01 cycle=957 time=1.015313e+01 dt=9.375000e-03
CARTOON_AMR_TRANSACTION cycle=958 requested_refine=0 requested_derefine_leaves=20 accepted_derefine_parents=2 created_leaves=0 deleted_leaves=0 mirror_mismatches=0
elapsed=1.033860e+01 cycle=958 time=1.016250e+01 dt=9.375000e-03
CARTOON_AMR_TRANSACTION cycle=959 requested_refine=0 requested_derefine_leaves=20 accepted_derefine_parents=2 created_leaves=0 deleted_leaves=0 mirror_mismatches=0
elapsed=1.034745e+01 cycle=959 time=1.017188e+01 dt=9.375000e-03
CARTOON_AMR_TRANSACTION cycle=960 requested_refine=0 requested_derefine_leaves=20 accepted_derefine_parents=2 created_leaves=0 deleted_leaves=0 mirror_mismatches=0
elapsed=1.040131e+01 cycle=960 time=1.018125e+01 dt=9.375000e-03
CARTOON_AMR_TRANSACTION cycle=961 requested_refine=0 requested_derefine_leaves=20 accepted_derefine_parents=2 created_leaves=0 deleted_leaves=0 mirror_mismatches=0
elapsed=1.041049e+01 cycle=961 time=1.019063e+01 dt=9.375000e-03
CARTOON_AMR_TRANSACTION cycle=962 requested_refine=0 requested_derefine_leaves=20 accepted_derefine_parents=2 created_leaves=0 deleted_leaves=0 mirror_mismatches=0
elapsed=1.041958e+01 cycle=962 time=1.020000e+01 dt=9.375000e-03
CARTOON_AMR_TRANSACTION cycle=963 requested_refine=0 requested_derefine_leaves=20 accepted_derefine_parents=2 created_leaves=0 deleted_leaves=0 mirror_mismatches=0
elapsed=1.042868e+01 cycle=963 time=1.020938e+01 dt=9.375000e-03
CARTOON_AMR_TRANSACTION cycle=964 requested_refine=0 requested_derefine_leaves=20 accepted_derefine_parents=2 created_leaves=0 deleted_leaves=0 mirror_mismatches=0
elapsed=1.044044e+01 cycle=964 time=1.021875e+01 dt=9.375000e-03
CARTOON_AMR_TRANSACTION cycle=965 requested_refine=0 requested_derefine_leaves=20 accepted_derefine_parents=2 created_leaves=0 deleted_leaves=0 mirror_mismatches=0
elapsed=1.044958e+01 cycle=965 time=1.022813e+01 dt=9.375000e-03
CARTOON_AMR_TRANSACTION cycle=966 requested_refine=0 requested_derefine_leaves=20 accepted_derefine_parents=2 created_leaves=0 deleted_leaves=0 mirror_mismatches=0
elapsed=1.045870e+01 cycle=966 time=1.023750e+01 dt=9.375000e-03
CARTOON_AMR_TRANSACTION cycle=967 requested_refine=0 requested_derefine_leaves=20 accepted_derefine_parents=2 created_leaves=0 deleted_leaves=0 mirror_mismatches=0
elapsed=1.046779e+01 cycle=967 time=1.024688e+01 dt=9.375000e-03
CARTOON_AMR_TRANSACTION cycle=968 requested_refine=0 requested_derefine_leaves=20 accepted_derefine_parents=2 created_leaves=0 deleted_leaves=0 mirror_mismatches=0
elapsed=1.047960e+01 cycle=968 time=1.025625e+01 dt=9.375000e-03
CARTOON_AMR_TRANSACTION cycle=969 requested_refine=0 requested_derefine_leaves=20 accepted_derefine_parents=2 created_leaves=0 deleted_leaves=0 mirror_mismatches=0
elapsed=1.048875e+01 cycle=969 time=1.026563e+01 dt=9.375000e-03
CARTOON_AMR_TRANSACTION cycle=970 requested_refine=0 requested_derefine_leaves=20 accepted_derefine_parents=2 created_leaves=0 deleted_leaves=0 mirror_mismatches=0
elapsed=1.049784e+01 cycle=970 time=1.027500e+01 dt=9.375000e-03
CARTOON_AMR_TRANSACTION cycle=971 requested_refine=0 requested_derefine_leaves=20 accepted_derefine_parents=2 created_leaves=0 deleted_leaves=0 mirror_mismatches=0
elapsed=1.050697e+01 cycle=971 time=1.028438e+01 dt=9.375000e-03
CARTOON_AMR_TRANSACTION cycle=972 requested_refine=0 requested_derefine_leaves=20 accepted_derefine_parents=2 created_leaves=0 deleted_leaves=0 mirror_mismatches=0
elapsed=1.051907e+01 cycle=972 time=1.029375e+01 dt=9.375000e-03
CARTOON_AMR_TRANSACTION cycle=973 requested_refine=0 requested_derefine_leaves=20 accepted_derefine_parents=2 created_leaves=0 deleted_leaves=0 mirror_mismatches=0
elapsed=1.052820e+01 cycle=973 time=1.030313e+01 dt=9.375000e-03
CARTOON_AMR_TRANSACTION cycle=974 requested_refine=0 requested_derefine_leaves=20 accepted_derefine_parents=2 created_leaves=0 deleted_leaves=0 mirror_mismatches=0
elapsed=1.053725e+01 cycle=974 time=1.031250e+01 dt=9.375000e-03
CARTOON_AMR_TRANSACTION cycle=975 requested_refine=0 requested_derefine_leaves=20 accepted_derefine_parents=2 created_leaves=0 deleted_leaves=0 mirror_mismatches=0
elapsed=1.054622e+01 cycle=975 time=1.032188e+01 dt=9.375000e-03
CARTOON_AMR_TRANSACTION cycle=976 requested_refine=0 requested_derefine_leaves=20 accepted_derefine_parents=2 created_leaves=0 deleted_leaves=0 mirror_mismatches=0
elapsed=1.055813e+01 cycle=976 time=1.033125e+01 dt=9.375000e-03
CARTOON_AMR_TRANSACTION cycle=977 requested_refine=0 requested_derefine_leaves=20 accepted_derefine_parents=2 created_leaves=0 deleted_leaves=0 mirror_mismatches=0
elapsed=1.056729e+01 cycle=977 time=1.034063e+01 dt=9.375000e-03
CARTOON_AMR_TRANSACTION cycle=978 requested_refine=0 requested_derefine_leaves=20 accepted_derefine_parents=2 created_leaves=0 deleted_leaves=0 mirror_mismatches=0
elapsed=1.057625e+01 cycle=978 time=1.035000e+01 dt=9.375000e-03
CARTOON_AMR_TRANSACTION cycle=979 requested_refine=0 requested_derefine_leaves=20 accepted_derefine_parents=2 created_leaves=0 deleted_leaves=0 mirror_mismatches=0
elapsed=1.058513e+01 cycle=979 time=1.035938e+01 dt=9.375000e-03
CARTOON_AMR_TRANSACTION cycle=980 requested_refine=0 requested_derefine_leaves=20 accepted_derefine_parents=2 created_leaves=0 deleted_leaves=0 mirror_mismatches=0
elapsed=1.059715e+01 cycle=980 time=1.036875e+01 dt=9.375000e-03
CARTOON_AMR_TRANSACTION cycle=981 requested_refine=0 requested_derefine_leaves=20 accepted_derefine_parents=2 created_leaves=0 deleted_leaves=0 mirror_mismatches=0
elapsed=1.060630e+01 cycle=981 time=1.037813e+01 dt=9.375000e-03
CARTOON_AMR_TRANSACTION cycle=982 requested_refine=0 requested_derefine_leaves=20 accepted_derefine_parents=2 created_leaves=0 deleted_leaves=0 mirror_mismatches=0
elapsed=1.061528e+01 cycle=982 time=1.038750e+01 dt=9.375000e-03
CARTOON_AMR_TRANSACTION cycle=983 requested_refine=0 requested_derefine_leaves=20 accepted_derefine_parents=2 created_leaves=0 deleted_leaves=0 mirror_mismatches=0
elapsed=1.062412e+01 cycle=983 time=1.039688e+01 dt=9.375000e-03
CARTOON_AMR_TRANSACTION cycle=984 requested_refine=0 requested_derefine_leaves=20 accepted_derefine_parents=2 created_leaves=0 deleted_leaves=0 mirror_mismatches=0
elapsed=1.063585e+01 cycle=984 time=1.040625e+01 dt=9.375000e-03
CARTOON_AMR_TRANSACTION cycle=985 requested_refine=0 requested_derefine_leaves=20 accepted_derefine_parents=2 created_leaves=0 deleted_leaves=0 mirror_mismatches=0
elapsed=1.064492e+01 cycle=985 time=1.041563e+01 dt=9.375000e-03
CARTOON_AMR_TRANSACTION cycle=986 requested_refine=0 requested_derefine_leaves=20 accepted_derefine_parents=2 created_leaves=0 deleted_leaves=0 mirror_mismatches=0
elapsed=1.065379e+01 cycle=986 time=1.042500e+01 dt=9.375000e-03
CARTOON_AMR_TRANSACTION cycle=987 requested_refine=0 requested_derefine_leaves=20 accepted_derefine_parents=2 created_leaves=0 deleted_leaves=0 mirror_mismatches=0
elapsed=1.066269e+01 cycle=987 time=1.043438e+01 dt=9.375000e-03
CARTOON_AMR_TRANSACTION cycle=988 requested_refine=0 requested_derefine_leaves=20 accepted_derefine_parents=2 created_leaves=0 deleted_leaves=0 mirror_mismatches=0
elapsed=1.067432e+01 cycle=988 time=1.044375e+01 dt=9.375000e-03
CARTOON_AMR_TRANSACTION cycle=989 requested_refine=0 requested_derefine_leaves=20 accepted_derefine_parents=2 created_leaves=0 deleted_leaves=0 mirror_mismatches=0
elapsed=1.068328e+01 cycle=989 time=1.045313e+01 dt=9.375000e-03
CARTOON_AMR_TRANSACTION cycle=990 requested_refine=0 requested_derefine_leaves=20 accepted_derefine_parents=2 created_leaves=0 deleted_leaves=0 mirror_mismatches=0
elapsed=1.069212e+01 cycle=990 time=1.046250e+01 dt=9.375000e-03
CARTOON_AMR_TRANSACTION cycle=991 requested_refine=0 requested_derefine_leaves=20 accepted_derefine_parents=2 created_leaves=0 deleted_leaves=0 mirror_mismatches=0
elapsed=1.070099e+01 cycle=991 time=1.047188e+01 dt=9.375000e-03
CARTOON_AMR_TRANSACTION cycle=992 requested_refine=0 requested_derefine_leaves=20 accepted_derefine_parents=2 created_leaves=0 deleted_leaves=0 mirror_mismatches=0
elapsed=1.071283e+01 cycle=992 time=1.048125e+01 dt=9.375000e-03
CARTOON_AMR_TRANSACTION cycle=993 requested_refine=0 requested_derefine_leaves=20 accepted_derefine_parents=2 created_leaves=0 deleted_leaves=0 mirror_mismatches=0
elapsed=1.072187e+01 cycle=993 time=1.049063e+01 dt=9.375000e-03
CARTOON_AMR_TRANSACTION cycle=994 requested_refine=0 requested_derefine_leaves=20 accepted_derefine_parents=2 created_leaves=0 deleted_leaves=0 mirror_mismatches=0
elapsed=1.073074e+01 cycle=994 time=1.050000e+01 dt=9.375000e-03
CARTOON_AMR_TRANSACTION cycle=995 requested_refine=0 requested_derefine_leaves=20 accepted_derefine_parents=2 created_leaves=0 deleted_leaves=0 mirror_mismatches=0
elapsed=1.073964e+01 cycle=995 time=1.050938e+01 dt=9.375000e-03
CARTOON_AMR_TRANSACTION cycle=996 requested_refine=0 requested_derefine_leaves=20 accepted_derefine_parents=2 created_leaves=0 deleted_leaves=0 mirror_mismatches=0
elapsed=1.075148e+01 cycle=996 time=1.051875e+01 dt=9.375000e-03
CARTOON_AMR_TRANSACTION cycle=997 requested_refine=0 requested_derefine_leaves=20 accepted_derefine_parents=2 created_leaves=0 deleted_leaves=0 mirror_mismatches=0
elapsed=1.076066e+01 cycle=997 time=1.052813e+01 dt=9.375000e-03
CARTOON_AMR_TRANSACTION cycle=998 requested_refine=0 requested_derefine_leaves=20 accepted_derefine_parents=2 created_leaves=0 deleted_leaves=0 mirror_mismatches=0
elapsed=1.076952e+01 cycle=998 time=1.053750e+01 dt=9.375000e-03
CARTOON_AMR_TRANSACTION cycle=999 requested_refine=0 requested_derefine_leaves=20 accepted_derefine_parents=2 created_leaves=0 deleted_leaves=0 mirror_mismatches=0
elapsed=1.077828e+01 cycle=999 time=1.054688e+01 dt=9.375000e-03
CARTOON_AMR_TRANSACTION cycle=1000 requested_refine=0 requested_derefine_leaves=20 accepted_derefine_parents=2 created_leaves=0 deleted_leaves=0 mirror_mismatches=0
elapsed=1.078974e+01 cycle=1000 time=1.055625e+01 dt=9.375000e-03
CARTOON_AMR_TRANSACTION cycle=1001 requested_refine=0 requested_derefine_leaves=20 accepted_derefine_parents=2 created_leaves=0 deleted_leaves=0 mirror_mismatches=0
elapsed=1.079867e+01 cycle=1001 time=1.056563e+01 dt=9.375000e-03
CARTOON_AMR_TRANSACTION cycle=1002 requested_refine=0 requested_derefine_leaves=20 accepted_derefine_parents=2 created_leaves=0 deleted_leaves=0 mirror_mismatches=0
elapsed=1.080760e+01 cycle=1002 time=1.057500e+01 dt=9.375000e-03
CARTOON_AMR_TRANSACTION cycle=1003 requested_refine=0 requested_derefine_leaves=20 accepted_derefine_parents=2 created_leaves=0 deleted_leaves=0 mirror_mismatches=0
elapsed=1.081655e+01 cycle=1003 time=1.058438e+01 dt=9.375000e-03
CARTOON_AMR_TRANSACTION cycle=1004 requested_refine=0 requested_derefine_leaves=20 accepted_derefine_parents=2 created_leaves=0 deleted_leaves=0 mirror_mismatches=0
elapsed=1.082875e+01 cycle=1004 time=1.059375e+01 dt=9.375000e-03
CARTOON_AMR_TRANSACTION cycle=1005 requested_refine=0 requested_derefine_leaves=20 accepted_derefine_parents=2 created_leaves=0 deleted_leaves=0 mirror_mismatches=0
elapsed=1.083776e+01 cycle=1005 time=1.060313e+01 dt=9.375000e-03
CARTOON_AMR_TRANSACTION cycle=1006 requested_refine=0 requested_derefine_leaves=20 accepted_derefine_parents=2 created_leaves=0 deleted_leaves=0 mirror_mismatches=0
elapsed=1.084668e+01 cycle=1006 time=1.061250e+01 dt=9.375000e-03
CARTOON_AMR_TRANSACTION cycle=1007 requested_refine=0 requested_derefine_leaves=20 accepted_derefine_parents=2 created_leaves=0 deleted_leaves=0 mirror_mismatches=0
elapsed=1.085563e+01 cycle=1007 time=1.062188e+01 dt=9.375000e-03
CARTOON_AMR_TRANSACTION cycle=1008 requested_refine=0 requested_derefine_leaves=20 accepted_derefine_parents=2 created_leaves=0 deleted_leaves=0 mirror_mismatches=0
elapsed=1.086792e+01 cycle=1008 time=1.063125e+01 dt=9.375000e-03
CARTOON_AMR_TRANSACTION cycle=1009 requested_refine=0 requested_derefine_leaves=20 accepted_derefine_parents=2 created_leaves=0 deleted_leaves=0 mirror_mismatches=0
elapsed=1.087689e+01 cycle=1009 time=1.064063e+01 dt=9.375000e-03
CARTOON_AMR_TRANSACTION cycle=1010 requested_refine=0 requested_derefine_leaves=20 accepted_derefine_parents=2 created_leaves=0 deleted_leaves=0 mirror_mismatches=0
elapsed=1.088573e+01 cycle=1010 time=1.065000e+01 dt=9.375000e-03
CARTOON_AMR_TRANSACTION cycle=1011 requested_refine=0 requested_derefine_leaves=20 accepted_derefine_parents=2 created_leaves=0 deleted_leaves=0 mirror_mismatches=0
elapsed=1.089460e+01 cycle=1011 time=1.065938e+01 dt=9.375000e-03
CARTOON_AMR_TRANSACTION cycle=1012 requested_refine=0 requested_derefine_leaves=20 accepted_derefine_parents=2 created_leaves=0 deleted_leaves=0 mirror_mismatches=0
elapsed=1.090626e+01 cycle=1012 time=1.066875e+01 dt=9.375000e-03
CARTOON_AMR_TRANSACTION cycle=1013 requested_refine=0 requested_derefine_leaves=20 accepted_derefine_parents=2 created_leaves=0 deleted_leaves=0 mirror_mismatches=0
elapsed=1.091534e+01 cycle=1013 time=1.067813e+01 dt=9.375000e-03
CARTOON_AMR_TRANSACTION cycle=1014 requested_refine=0 requested_derefine_leaves=20 accepted_derefine_parents=2 created_leaves=0 deleted_leaves=0 mirror_mismatches=0
elapsed=1.092435e+01 cycle=1014 time=1.068750e+01 dt=9.375000e-03
CARTOON_AMR_TRANSACTION cycle=1015 requested_refine=0 requested_derefine_leaves=20 accepted_derefine_parents=2 created_leaves=0 deleted_leaves=0 mirror_mismatches=0
elapsed=1.093328e+01 cycle=1015 time=1.069688e+01 dt=9.375000e-03
CARTOON_AMR_TRANSACTION cycle=1016 requested_refine=0 requested_derefine_leaves=20 accepted_derefine_parents=2 created_leaves=0 deleted_leaves=0 mirror_mismatches=0
elapsed=1.094499e+01 cycle=1016 time=1.070625e+01 dt=9.375000e-03
CARTOON_AMR_TRANSACTION cycle=1017 requested_refine=0 requested_derefine_leaves=20 accepted_derefine_parents=2 created_leaves=0 deleted_leaves=0 mirror_mismatches=0
elapsed=1.095397e+01 cycle=1017 time=1.071563e+01 dt=9.375000e-03
CARTOON_AMR_TRANSACTION cycle=1018 requested_refine=0 requested_derefine_leaves=20 accepted_derefine_parents=2 created_leaves=0 deleted_leaves=0 mirror_mismatches=0
elapsed=1.096287e+01 cycle=1018 time=1.072500e+01 dt=9.375000e-03
CARTOON_AMR_TRANSACTION cycle=1019 requested_refine=0 requested_derefine_leaves=20 accepted_derefine_parents=2 created_leaves=0 deleted_leaves=0 mirror_mismatches=0
elapsed=1.097170e+01 cycle=1019 time=1.073438e+01 dt=9.375000e-03
CARTOON_AMR_TRANSACTION cycle=1020 requested_refine=0 requested_derefine_leaves=20 accepted_derefine_parents=2 created_leaves=0 deleted_leaves=0 mirror_mismatches=0
elapsed=1.098340e+01 cycle=1020 time=1.074375e+01 dt=9.375000e-03
CARTOON_AMR_TRANSACTION cycle=1021 requested_refine=0 requested_derefine_leaves=20 accepted_derefine_parents=2 created_leaves=0 deleted_leaves=0 mirror_mismatches=0
elapsed=1.099248e+01 cycle=1021 time=1.075313e+01 dt=9.375000e-03
CARTOON_AMR_TRANSACTION cycle=1022 requested_refine=0 requested_derefine_leaves=20 accepted_derefine_parents=2 created_leaves=0 deleted_leaves=0 mirror_mismatches=0
elapsed=1.100135e+01 cycle=1022 time=1.076250e+01 dt=9.375000e-03
CARTOON_AMR_TRANSACTION cycle=1023 requested_refine=0 requested_derefine_leaves=20 accepted_derefine_parents=2 created_leaves=0 deleted_leaves=0 mirror_mismatches=0
elapsed=1.101017e+01 cycle=1023 time=1.077188e+01 dt=9.375000e-03
CARTOON_AMR_TRANSACTION cycle=1024 requested_refine=0 requested_derefine_leaves=20 accepted_derefine_parents=2 created_leaves=0 deleted_leaves=0 mirror_mismatches=0
elapsed=1.109812e+01 cycle=1024 time=1.078125e+01 dt=9.375000e-03
CARTOON_AMR_TRANSACTION cycle=1025 requested_refine=0 requested_derefine_leaves=20 accepted_derefine_parents=2 created_leaves=0 deleted_leaves=0 mirror_mismatches=0
elapsed=1.110727e+01 cycle=1025 time=1.079063e+01 dt=9.375000e-03
CARTOON_AMR_TRANSACTION cycle=1026 requested_refine=0 requested_derefine_leaves=20 accepted_derefine_parents=2 created_leaves=0 deleted_leaves=0 mirror_mismatches=0
elapsed=1.111635e+01 cycle=1026 time=1.080000e+01 dt=9.375000e-03
CARTOON_AMR_TRANSACTION cycle=1027 requested_refine=0 requested_derefine_leaves=20 accepted_derefine_parents=2 created_leaves=0 deleted_leaves=0 mirror_mismatches=0
elapsed=1.112546e+01 cycle=1027 time=1.080938e+01 dt=9.375000e-03
CARTOON_AMR_TRANSACTION cycle=1028 requested_refine=0 requested_derefine_leaves=20 accepted_derefine_parents=2 created_leaves=0 deleted_leaves=0 mirror_mismatches=0
elapsed=1.113716e+01 cycle=1028 time=1.081875e+01 dt=9.375000e-03
CARTOON_AMR_TRANSACTION cycle=1029 requested_refine=0 requested_derefine_leaves=20 accepted_derefine_parents=2 created_leaves=0 deleted_leaves=0 mirror_mismatches=0
elapsed=1.114627e+01 cycle=1029 time=1.082813e+01 dt=9.375000e-03
CARTOON_AMR_TRANSACTION cycle=1030 requested_refine=0 requested_derefine_leaves=20 accepted_derefine_parents=2 created_leaves=0 deleted_leaves=0 mirror_mismatches=0
elapsed=1.115535e+01 cycle=1030 time=1.083750e+01 dt=9.375000e-03
CARTOON_AMR_TRANSACTION cycle=1031 requested_refine=0 requested_derefine_leaves=20 accepted_derefine_parents=2 created_leaves=0 deleted_leaves=0 mirror_mismatches=0
elapsed=1.116449e+01 cycle=1031 time=1.084688e+01 dt=9.375000e-03
CARTOON_AMR_TRANSACTION cycle=1032 requested_refine=0 requested_derefine_leaves=20 accepted_derefine_parents=2 created_leaves=0 deleted_leaves=0 mirror_mismatches=0
elapsed=1.117616e+01 cycle=1032 time=1.085625e+01 dt=9.375000e-03
CARTOON_AMR_TRANSACTION cycle=1033 requested_refine=0 requested_derefine_leaves=18 accepted_derefine_parents=0 created_leaves=0 deleted_leaves=0 mirror_mismatches=0
elapsed=1.118518e+01 cycle=1033 time=1.086563e+01 dt=9.375000e-03
CARTOON_AMR_TRANSACTION cycle=1034 requested_refine=0 requested_derefine_leaves=18 accepted_derefine_parents=0 created_leaves=0 deleted_leaves=0 mirror_mismatches=0
elapsed=1.119419e+01 cycle=1034 time=1.087500e+01 dt=9.375000e-03
CARTOON_AMR_TRANSACTION cycle=1035 requested_refine=0 requested_derefine_leaves=18 accepted_derefine_parents=0 created_leaves=0 deleted_leaves=0 mirror_mismatches=0
elapsed=1.120314e+01 cycle=1035 time=1.088438e+01 dt=9.375000e-03
CARTOON_AMR_TRANSACTION cycle=1036 requested_refine=0 requested_derefine_leaves=18 accepted_derefine_parents=0 created_leaves=0 deleted_leaves=0 mirror_mismatches=0
elapsed=1.121537e+01 cycle=1036 time=1.089375e+01 dt=9.375000e-03
CARTOON_AMR_TRANSACTION cycle=1037 requested_refine=0 requested_derefine_leaves=18 accepted_derefine_parents=0 created_leaves=0 deleted_leaves=0 mirror_mismatches=0
elapsed=1.122450e+01 cycle=1037 time=1.090313e+01 dt=9.375000e-03
CARTOON_AMR_TRANSACTION cycle=1038 requested_refine=0 requested_derefine_leaves=18 accepted_derefine_parents=0 created_leaves=0 deleted_leaves=0 mirror_mismatches=0
elapsed=1.123353e+01 cycle=1038 time=1.091250e+01 dt=9.375000e-03
CARTOON_AMR_TRANSACTION cycle=1039 requested_refine=0 requested_derefine_leaves=18 accepted_derefine_parents=0 created_leaves=0 deleted_leaves=0 mirror_mismatches=0
elapsed=1.124253e+01 cycle=1039 time=1.092188e+01 dt=9.375000e-03
CARTOON_AMR_TRANSACTION cycle=1040 requested_refine=0 requested_derefine_leaves=18 accepted_derefine_parents=0 created_leaves=0 deleted_leaves=0 mirror_mismatches=0
elapsed=1.125412e+01 cycle=1040 time=1.093125e+01 dt=9.375000e-03
CARTOON_AMR_TRANSACTION cycle=1041 requested_refine=0 requested_derefine_leaves=18 accepted_derefine_parents=0 created_leaves=0 deleted_leaves=0 mirror_mismatches=0
elapsed=1.126324e+01 cycle=1041 time=1.094063e+01 dt=9.375000e-03
CARTOON_AMR_TRANSACTION cycle=1042 requested_refine=0 requested_derefine_leaves=18 accepted_derefine_parents=0 created_leaves=0 deleted_leaves=0 mirror_mismatches=0
elapsed=1.127214e+01 cycle=1042 time=1.095000e+01 dt=9.375000e-03
CARTOON_AMR_TRANSACTION cycle=1043 requested_refine=0 requested_derefine_leaves=18 accepted_derefine_parents=0 created_leaves=0 deleted_leaves=0 mirror_mismatches=0
elapsed=1.128109e+01 cycle=1043 time=1.095938e+01 dt=9.375000e-03
CARTOON_AMR_TRANSACTION cycle=1044 requested_refine=0 requested_derefine_leaves=18 accepted_derefine_parents=0 created_leaves=0 deleted_leaves=0 mirror_mismatches=0
elapsed=1.129301e+01 cycle=1044 time=1.096875e+01 dt=9.375000e-03
CARTOON_AMR_TRANSACTION cycle=1045 requested_refine=0 requested_derefine_leaves=18 accepted_derefine_parents=0 created_leaves=0 deleted_leaves=0 mirror_mismatches=0
elapsed=1.130219e+01 cycle=1045 time=1.097813e+01 dt=9.375000e-03
CARTOON_AMR_TRANSACTION cycle=1046 requested_refine=0 requested_derefine_leaves=18 accepted_derefine_parents=0 created_leaves=0 deleted_leaves=0 mirror_mismatches=0
elapsed=1.131115e+01 cycle=1046 time=1.098750e+01 dt=9.375000e-03
CARTOON_AMR_TRANSACTION cycle=1047 requested_refine=0 requested_derefine_leaves=18 accepted_derefine_parents=0 created_leaves=0 deleted_leaves=0 mirror_mismatches=0
elapsed=1.132012e+01 cycle=1047 time=1.099688e+01 dt=9.375000e-03
CARTOON_AMR_TRANSACTION cycle=1048 requested_refine=0 requested_derefine_leaves=18 accepted_derefine_parents=0 created_leaves=0 deleted_leaves=0 mirror_mismatches=0
elapsed=1.133181e+01 cycle=1048 time=1.100625e+01 dt=9.375000e-03
CARTOON_AMR_TRANSACTION cycle=1049 requested_refine=0 requested_derefine_leaves=18 accepted_derefine_parents=0 created_leaves=0 deleted_leaves=0 mirror_mismatches=0
elapsed=1.134086e+01 cycle=1049 time=1.101563e+01 dt=9.375000e-03
CARTOON_AMR_TRANSACTION cycle=1050 requested_refine=0 requested_derefine_leaves=18 accepted_derefine_parents=0 created_leaves=0 deleted_leaves=0 mirror_mismatches=0
elapsed=1.134981e+01 cycle=1050 time=1.102500e+01 dt=9.375000e-03
CARTOON_AMR_TRANSACTION cycle=1051 requested_refine=0 requested_derefine_leaves=18 accepted_derefine_parents=0 created_leaves=0 deleted_leaves=0 mirror_mismatches=0
elapsed=1.135866e+01 cycle=1051 time=1.103438e+01 dt=9.375000e-03
CARTOON_AMR_TRANSACTION cycle=1052 requested_refine=0 requested_derefine_leaves=18 accepted_derefine_parents=0 created_leaves=0 deleted_leaves=0 mirror_mismatches=0
elapsed=1.137066e+01 cycle=1052 time=1.104375e+01 dt=9.375000e-03
CARTOON_AMR_TRANSACTION cycle=1053 requested_refine=0 requested_derefine_leaves=18 accepted_derefine_parents=0 created_leaves=0 deleted_leaves=0 mirror_mismatches=0
elapsed=1.137972e+01 cycle=1053 time=1.105313e+01 dt=9.375000e-03
CARTOON_AMR_TRANSACTION cycle=1054 requested_refine=0 requested_derefine_leaves=18 accepted_derefine_parents=0 created_leaves=0 deleted_leaves=0 mirror_mismatches=0
elapsed=1.138863e+01 cycle=1054 time=1.106250e+01 dt=9.375000e-03
CARTOON_AMR_TRANSACTION cycle=1055 requested_refine=0 requested_derefine_leaves=18 accepted_derefine_parents=0 created_leaves=0 deleted_leaves=0 mirror_mismatches=0
elapsed=1.139750e+01 cycle=1055 time=1.107188e+01 dt=9.375000e-03
CARTOON_AMR_TRANSACTION cycle=1056 requested_refine=0 requested_derefine_leaves=18 accepted_derefine_parents=0 created_leaves=0 deleted_leaves=0 mirror_mismatches=0
elapsed=1.140929e+01 cycle=1056 time=1.108125e+01 dt=9.375000e-03
CARTOON_AMR_TRANSACTION cycle=1057 requested_refine=0 requested_derefine_leaves=18 accepted_derefine_parents=0 created_leaves=0 deleted_leaves=0 mirror_mismatches=0
elapsed=1.141832e+01 cycle=1057 time=1.109063e+01 dt=9.375000e-03
CARTOON_AMR_TRANSACTION cycle=1058 requested_refine=0 requested_derefine_leaves=18 accepted_derefine_parents=0 created_leaves=0 deleted_leaves=0 mirror_mismatches=0
elapsed=1.142722e+01 cycle=1058 time=1.110000e+01 dt=9.375000e-03
CARTOON_AMR_TRANSACTION cycle=1059 requested_refine=0 requested_derefine_leaves=18 accepted_derefine_parents=0 created_leaves=0 deleted_leaves=0 mirror_mismatches=0
elapsed=1.143618e+01 cycle=1059 time=1.110938e+01 dt=9.375000e-03
CARTOON_AMR_TRANSACTION cycle=1060 requested_refine=0 requested_derefine_leaves=18 accepted_derefine_parents=0 created_leaves=0 deleted_leaves=0 mirror_mismatches=0
elapsed=1.144784e+01 cycle=1060 time=1.111875e+01 dt=9.375000e-03
CARTOON_AMR_TRANSACTION cycle=1061 requested_refine=0 requested_derefine_leaves=18 accepted_derefine_parents=0 created_leaves=0 deleted_leaves=0 mirror_mismatches=0
elapsed=1.145686e+01 cycle=1061 time=1.112813e+01 dt=9.375000e-03
CARTOON_AMR_TRANSACTION cycle=1062 requested_refine=0 requested_derefine_leaves=18 accepted_derefine_parents=0 created_leaves=0 deleted_leaves=0 mirror_mismatches=0
elapsed=1.146570e+01 cycle=1062 time=1.113750e+01 dt=9.375000e-03
CARTOON_AMR_TRANSACTION cycle=1063 requested_refine=0 requested_derefine_leaves=18 accepted_derefine_parents=0 created_leaves=0 deleted_leaves=0 mirror_mismatches=0
elapsed=1.147459e+01 cycle=1063 time=1.114688e+01 dt=9.375000e-03
CARTOON_AMR_TRANSACTION cycle=1064 requested_refine=0 requested_derefine_leaves=18 accepted_derefine_parents=0 created_leaves=0 deleted_leaves=0 mirror_mismatches=0
elapsed=1.148632e+01 cycle=1064 time=1.115625e+01 dt=9.375000e-03
CARTOON_AMR_TRANSACTION cycle=1065 requested_refine=0 requested_derefine_leaves=18 accepted_derefine_parents=0 created_leaves=0 deleted_leaves=0 mirror_mismatches=0
elapsed=1.149538e+01 cycle=1065 time=1.116563e+01 dt=9.375000e-03
CARTOON_AMR_TRANSACTION cycle=1066 requested_refine=0 requested_derefine_leaves=18 accepted_derefine_parents=0 created_leaves=0 deleted_leaves=0 mirror_mismatches=0
elapsed=1.150423e+01 cycle=1066 time=1.117500e+01 dt=9.375000e-03
CARTOON_AMR_TRANSACTION cycle=1067 requested_refine=0 requested_derefine_leaves=18 accepted_derefine_parents=0 created_leaves=0 deleted_leaves=0 mirror_mismatches=0
elapsed=1.151310e+01 cycle=1067 time=1.118438e+01 dt=9.375000e-03
CARTOON_AMR_TRANSACTION cycle=1068 requested_refine=0 requested_derefine_leaves=18 accepted_derefine_parents=0 created_leaves=0 deleted_leaves=0 mirror_mismatches=0
elapsed=1.152503e+01 cycle=1068 time=1.119375e+01 dt=9.375000e-03
CARTOON_AMR_TRANSACTION cycle=1069 requested_refine=0 requested_derefine_leaves=18 accepted_derefine_parents=0 created_leaves=0 deleted_leaves=0 mirror_mismatches=0
elapsed=1.153416e+01 cycle=1069 time=1.120313e+01 dt=9.375000e-03
CARTOON_AMR_TRANSACTION cycle=1070 requested_refine=0 requested_derefine_leaves=18 accepted_derefine_parents=0 created_leaves=0 deleted_leaves=0 mirror_mismatches=0
elapsed=1.154307e+01 cycle=1070 time=1.121250e+01 dt=9.375000e-03
CARTOON_AMR_TRANSACTION cycle=1071 requested_refine=0 requested_derefine_leaves=18 accepted_derefine_parents=0 created_leaves=0 deleted_leaves=0 mirror_mismatches=0
elapsed=1.155191e+01 cycle=1071 time=1.122188e+01 dt=9.375000e-03
CARTOON_AMR_TRANSACTION cycle=1072 requested_refine=0 requested_derefine_leaves=18 accepted_derefine_parents=0 created_leaves=0 deleted_leaves=0 mirror_mismatches=0
elapsed=1.156400e+01 cycle=1072 time=1.123125e+01 dt=9.375000e-03
CARTOON_AMR_TRANSACTION cycle=1073 requested_refine=0 requested_derefine_leaves=18 accepted_derefine_parents=0 created_leaves=0 deleted_leaves=0 mirror_mismatches=0
elapsed=1.157302e+01 cycle=1073 time=1.124063e+01 dt=9.375000e-03
CARTOON_AMR_TRANSACTION cycle=1074 requested_refine=0 requested_derefine_leaves=18 accepted_derefine_parents=0 created_leaves=0 deleted_leaves=0 mirror_mismatches=0
elapsed=1.158185e+01 cycle=1074 time=1.125000e+01 dt=9.375000e-03
CARTOON_AMR_TRANSACTION cycle=1075 requested_refine=0 requested_derefine_leaves=18 accepted_derefine_parents=0 created_leaves=0 deleted_leaves=0 mirror_mismatches=0
elapsed=1.159070e+01 cycle=1075 time=1.125938e+01 dt=9.375000e-03
CARTOON_AMR_TRANSACTION cycle=1076 requested_refine=0 requested_derefine_leaves=18 accepted_derefine_parents=0 created_leaves=0 deleted_leaves=0 mirror_mismatches=0
elapsed=1.160232e+01 cycle=1076 time=1.126875e+01 dt=9.375000e-03
CARTOON_AMR_TRANSACTION cycle=1077 requested_refine=0 requested_derefine_leaves=18 accepted_derefine_parents=0 created_leaves=0 deleted_leaves=0 mirror_mismatches=0
elapsed=1.161137e+01 cycle=1077 time=1.127813e+01 dt=9.375000e-03
CARTOON_AMR_TRANSACTION cycle=1078 requested_refine=0 requested_derefine_leaves=18 accepted_derefine_parents=0 created_leaves=0 deleted_leaves=0 mirror_mismatches=0
elapsed=1.162022e+01 cycle=1078 time=1.128750e+01 dt=9.375000e-03
CARTOON_AMR_TRANSACTION cycle=1079 requested_refine=0 requested_derefine_leaves=18 accepted_derefine_parents=0 created_leaves=0 deleted_leaves=0 mirror_mismatches=0
elapsed=1.162911e+01 cycle=1079 time=1.129688e+01 dt=9.375000e-03
CARTOON_AMR_TRANSACTION cycle=1080 requested_refine=0 requested_derefine_leaves=16 accepted_derefine_parents=0 created_leaves=0 deleted_leaves=0 mirror_mismatches=0
elapsed=1.164080e+01 cycle=1080 time=1.130625e+01 dt=9.375000e-03
CARTOON_AMR_TRANSACTION cycle=1081 requested_refine=0 requested_derefine_leaves=16 accepted_derefine_parents=0 created_leaves=0 deleted_leaves=0 mirror_mismatches=0
elapsed=1.165022e+01 cycle=1081 time=1.131563e+01 dt=9.375000e-03
CARTOON_AMR_TRANSACTION cycle=1082 requested_refine=0 requested_derefine_leaves=16 accepted_derefine_parents=0 created_leaves=0 deleted_leaves=0 mirror_mismatches=0
elapsed=1.165928e+01 cycle=1082 time=1.132500e+01 dt=9.375000e-03
CARTOON_AMR_TRANSACTION cycle=1083 requested_refine=0 requested_derefine_leaves=16 accepted_derefine_parents=0 created_leaves=0 deleted_leaves=0 mirror_mismatches=0
elapsed=1.166820e+01 cycle=1083 time=1.133438e+01 dt=9.375000e-03
CARTOON_AMR_TRANSACTION cycle=1084 requested_refine=0 requested_derefine_leaves=16 accepted_derefine_parents=0 created_leaves=0 deleted_leaves=0 mirror_mismatches=0
elapsed=1.168023e+01 cycle=1084 time=1.134375e+01 dt=9.375000e-03
CARTOON_AMR_TRANSACTION cycle=1085 requested_refine=0 requested_derefine_leaves=16 accepted_derefine_parents=0 created_leaves=0 deleted_leaves=0 mirror_mismatches=0
elapsed=1.168937e+01 cycle=1085 time=1.135313e+01 dt=9.375000e-03
CARTOON_AMR_TRANSACTION cycle=1086 requested_refine=0 requested_derefine_leaves=16 accepted_derefine_parents=0 created_leaves=0 deleted_leaves=0 mirror_mismatches=0
elapsed=1.169849e+01 cycle=1086 time=1.136250e+01 dt=9.375000e-03
CARTOON_AMR_TRANSACTION cycle=1087 requested_refine=0 requested_derefine_leaves=16 accepted_derefine_parents=0 created_leaves=0 deleted_leaves=0 mirror_mismatches=0
elapsed=1.170739e+01 cycle=1087 time=1.137188e+01 dt=9.375000e-03
CARTOON_AMR_TRANSACTION cycle=1088 requested_refine=0 requested_derefine_leaves=16 accepted_derefine_parents=0 created_leaves=0 deleted_leaves=0 mirror_mismatches=0
elapsed=1.176114e+01 cycle=1088 time=1.138125e+01 dt=9.375000e-03
CARTOON_AMR_TRANSACTION cycle=1089 requested_refine=0 requested_derefine_leaves=16 accepted_derefine_parents=0 created_leaves=0 deleted_leaves=0 mirror_mismatches=0
elapsed=1.177030e+01 cycle=1089 time=1.139063e+01 dt=9.375000e-03
CARTOON_AMR_TRANSACTION cycle=1090 requested_refine=0 requested_derefine_leaves=16 accepted_derefine_parents=0 created_leaves=0 deleted_leaves=0 mirror_mismatches=0
elapsed=1.177941e+01 cycle=1090 time=1.140000e+01 dt=9.375000e-03
CARTOON_AMR_TRANSACTION cycle=1091 requested_refine=0 requested_derefine_leaves=16 accepted_derefine_parents=0 created_leaves=0 deleted_leaves=0 mirror_mismatches=0
elapsed=1.178852e+01 cycle=1091 time=1.140938e+01 dt=9.375000e-03
CARTOON_AMR_TRANSACTION cycle=1092 requested_refine=0 requested_derefine_leaves=16 accepted_derefine_parents=0 created_leaves=0 deleted_leaves=0 mirror_mismatches=0
elapsed=1.180029e+01 cycle=1092 time=1.141875e+01 dt=9.375000e-03
CARTOON_AMR_TRANSACTION cycle=1093 requested_refine=0 requested_derefine_leaves=16 accepted_derefine_parents=0 created_leaves=0 deleted_leaves=0 mirror_mismatches=0
elapsed=1.180944e+01 cycle=1093 time=1.142813e+01 dt=9.375000e-03
CARTOON_AMR_TRANSACTION cycle=1094 requested_refine=0 requested_derefine_leaves=16 accepted_derefine_parents=0 created_leaves=0 deleted_leaves=0 mirror_mismatches=0
elapsed=1.181854e+01 cycle=1094 time=1.143750e+01 dt=9.375000e-03
CARTOON_AMR_TRANSACTION cycle=1095 requested_refine=0 requested_derefine_leaves=16 accepted_derefine_parents=0 created_leaves=0 deleted_leaves=0 mirror_mismatches=0
elapsed=1.182762e+01 cycle=1095 time=1.144688e+01 dt=9.375000e-03
CARTOON_AMR_TRANSACTION cycle=1096 requested_refine=0 requested_derefine_leaves=16 accepted_derefine_parents=0 created_leaves=0 deleted_leaves=0 mirror_mismatches=0
elapsed=1.183925e+01 cycle=1096 time=1.145625e+01 dt=9.375000e-03
CARTOON_AMR_TRANSACTION cycle=1097 requested_refine=0 requested_derefine_leaves=16 accepted_derefine_parents=0 created_leaves=0 deleted_leaves=0 mirror_mismatches=0
elapsed=1.184841e+01 cycle=1097 time=1.146563e+01 dt=9.375000e-03
CARTOON_AMR_TRANSACTION cycle=1098 requested_refine=0 requested_derefine_leaves=16 accepted_derefine_parents=0 created_leaves=0 deleted_leaves=0 mirror_mismatches=0
elapsed=1.185751e+01 cycle=1098 time=1.147500e+01 dt=9.375000e-03
CARTOON_AMR_TRANSACTION cycle=1099 requested_refine=0 requested_derefine_leaves=16 accepted_derefine_parents=0 created_leaves=0 deleted_leaves=0 mirror_mismatches=0
elapsed=1.186661e+01 cycle=1099 time=1.148438e+01 dt=9.375000e-03
CARTOON_AMR_TRANSACTION cycle=1100 requested_refine=0 requested_derefine_leaves=16 accepted_derefine_parents=0 created_leaves=0 deleted_leaves=0 mirror_mismatches=0
elapsed=1.187869e+01 cycle=1100 time=1.149375e+01 dt=9.375000e-03
CARTOON_AMR_TRANSACTION cycle=1101 requested_refine=0 requested_derefine_leaves=16 accepted_derefine_parents=0 created_leaves=0 deleted_leaves=0 mirror_mismatches=0
elapsed=1.188782e+01 cycle=1101 time=1.150313e+01 dt=9.375000e-03
CARTOON_AMR_TRANSACTION cycle=1102 requested_refine=0 requested_derefine_leaves=16 accepted_derefine_parents=0 created_leaves=0 deleted_leaves=0 mirror_mismatches=0
elapsed=1.189684e+01 cycle=1102 time=1.151250e+01 dt=9.375000e-03
CARTOON_AMR_TRANSACTION cycle=1103 requested_refine=0 requested_derefine_leaves=16 accepted_derefine_parents=0 created_leaves=0 deleted_leaves=0 mirror_mismatches=0
elapsed=1.190567e+01 cycle=1103 time=1.152188e+01 dt=9.375000e-03
CARTOON_AMR_TRANSACTION cycle=1104 requested_refine=0 requested_derefine_leaves=16 accepted_derefine_parents=0 created_leaves=0 deleted_leaves=0 mirror_mismatches=0
elapsed=1.191745e+01 cycle=1104 time=1.153125e+01 dt=9.375000e-03
CARTOON_AMR_TRANSACTION cycle=1105 requested_refine=0 requested_derefine_leaves=16 accepted_derefine_parents=0 created_leaves=0 deleted_leaves=0 mirror_mismatches=0
elapsed=1.192659e+01 cycle=1105 time=1.154063e+01 dt=9.375000e-03
CARTOON_AMR_TRANSACTION cycle=1106 requested_refine=0 requested_derefine_leaves=16 accepted_derefine_parents=0 created_leaves=0 deleted_leaves=0 mirror_mismatches=0
elapsed=1.193556e+01 cycle=1106 time=1.155000e+01 dt=9.375000e-03
CARTOON_AMR_TRANSACTION cycle=1107 requested_refine=0 requested_derefine_leaves=16 accepted_derefine_parents=0 created_leaves=0 deleted_leaves=0 mirror_mismatches=0
elapsed=1.194493e+01 cycle=1107 time=1.155938e+01 dt=9.375000e-03
CARTOON_AMR_TRANSACTION cycle=1108 requested_refine=0 requested_derefine_leaves=16 accepted_derefine_parents=0 created_leaves=0 deleted_leaves=0 mirror_mismatches=0
elapsed=1.195680e+01 cycle=1108 time=1.156875e+01 dt=9.375000e-03
CARTOON_AMR_TRANSACTION cycle=1109 requested_refine=0 requested_derefine_leaves=16 accepted_derefine_parents=0 created_leaves=0 deleted_leaves=0 mirror_mismatches=0
elapsed=1.196594e+01 cycle=1109 time=1.157813e+01 dt=9.375000e-03
CARTOON_AMR_TRANSACTION cycle=1110 requested_refine=0 requested_derefine_leaves=16 accepted_derefine_parents=0 created_leaves=0 deleted_leaves=0 mirror_mismatches=0
elapsed=1.197591e+01 cycle=1110 time=1.158750e+01 dt=9.375000e-03
CARTOON_AMR_TRANSACTION cycle=1111 requested_refine=0 requested_derefine_leaves=16 accepted_derefine_parents=0 created_leaves=0 deleted_leaves=0 mirror_mismatches=0
elapsed=1.198490e+01 cycle=1111 time=1.159688e+01 dt=9.375000e-03
CARTOON_AMR_TRANSACTION cycle=1112 requested_refine=0 requested_derefine_leaves=16 accepted_derefine_parents=0 created_leaves=0 deleted_leaves=0 mirror_mismatches=0
elapsed=1.199646e+01 cycle=1112 time=1.160625e+01 dt=9.375000e-03
CARTOON_AMR_TRANSACTION cycle=1113 requested_refine=0 requested_derefine_leaves=16 accepted_derefine_parents=0 created_leaves=0 deleted_leaves=0 mirror_mismatches=0
elapsed=1.200560e+01 cycle=1113 time=1.161563e+01 dt=9.375000e-03
CARTOON_AMR_TRANSACTION cycle=1114 requested_refine=0 requested_derefine_leaves=16 accepted_derefine_parents=0 created_leaves=0 deleted_leaves=0 mirror_mismatches=0
elapsed=1.201458e+01 cycle=1114 time=1.162500e+01 dt=9.375000e-03
CARTOON_AMR_TRANSACTION cycle=1115 requested_refine=0 requested_derefine_leaves=16 accepted_derefine_parents=0 created_leaves=0 deleted_leaves=0 mirror_mismatches=0
elapsed=1.202350e+01 cycle=1115 time=1.163438e+01 dt=9.375000e-03
CARTOON_AMR_TRANSACTION cycle=1116 requested_refine=0 requested_derefine_leaves=16 accepted_derefine_parents=0 created_leaves=0 deleted_leaves=0 mirror_mismatches=0
elapsed=1.203534e+01 cycle=1116 time=1.164375e+01 dt=9.375000e-03
CARTOON_AMR_TRANSACTION cycle=1117 requested_refine=0 requested_derefine_leaves=16 accepted_derefine_parents=0 created_leaves=0 deleted_leaves=0 mirror_mismatches=0
elapsed=1.204429e+01 cycle=1117 time=1.165313e+01 dt=9.375000e-03
CARTOON_AMR_TRANSACTION cycle=1118 requested_refine=0 requested_derefine_leaves=16 accepted_derefine_parents=0 created_leaves=0 deleted_leaves=0 mirror_mismatches=0
elapsed=1.205324e+01 cycle=1118 time=1.166250e+01 dt=9.375000e-03
CARTOON_AMR_TRANSACTION cycle=1119 requested_refine=0 requested_derefine_leaves=16 accepted_derefine_parents=0 created_leaves=0 deleted_leaves=0 mirror_mismatches=0
elapsed=1.206222e+01 cycle=1119 time=1.167188e+01 dt=9.375000e-03
CARTOON_AMR_TRANSACTION cycle=1120 requested_refine=0 requested_derefine_leaves=16 accepted_derefine_parents=0 created_leaves=0 deleted_leaves=0 mirror_mismatches=0
elapsed=1.207381e+01 cycle=1120 time=1.168125e+01 dt=9.375000e-03
CARTOON_AMR_TRANSACTION cycle=1121 requested_refine=0 requested_derefine_leaves=16 accepted_derefine_parents=0 created_leaves=0 deleted_leaves=0 mirror_mismatches=0
elapsed=1.208288e+01 cycle=1121 time=1.169063e+01 dt=9.375000e-03
CARTOON_AMR_TRANSACTION cycle=1122 requested_refine=0 requested_derefine_leaves=16 accepted_derefine_parents=0 created_leaves=0 deleted_leaves=0 mirror_mismatches=0
elapsed=1.209184e+01 cycle=1122 time=1.170000e+01 dt=9.375000e-03
CARTOON_AMR_TRANSACTION cycle=1123 requested_refine=0 requested_derefine_leaves=16 accepted_derefine_parents=0 created_leaves=0 deleted_leaves=0 mirror_mismatches=0
elapsed=1.210084e+01 cycle=1123 time=1.170938e+01 dt=9.375000e-03
CARTOON_AMR_TRANSACTION cycle=1124 requested_refine=0 requested_derefine_leaves=16 accepted_derefine_parents=0 created_leaves=0 deleted_leaves=0 mirror_mismatches=0
elapsed=1.211273e+01 cycle=1124 time=1.171875e+01 dt=9.375000e-03
CARTOON_AMR_TRANSACTION cycle=1125 requested_refine=0 requested_derefine_leaves=16 accepted_derefine_parents=0 created_leaves=0 deleted_leaves=0 mirror_mismatches=0
elapsed=1.212186e+01 cycle=1125 time=1.172813e+01 dt=9.375000e-03
CARTOON_AMR_TRANSACTION cycle=1126 requested_refine=0 requested_derefine_leaves=16 accepted_derefine_parents=0 created_leaves=0 deleted_leaves=0 mirror_mismatches=0
elapsed=1.213087e+01 cycle=1126 time=1.173750e+01 dt=9.375000e-03
CARTOON_AMR_TRANSACTION cycle=1127 requested_refine=0 requested_derefine_leaves=16 accepted_derefine_parents=0 created_leaves=0 deleted_leaves=0 mirror_mismatches=0
elapsed=1.213985e+01 cycle=1127 time=1.174688e+01 dt=9.375000e-03
CARTOON_AMR_TRANSACTION cycle=1128 requested_refine=0 requested_derefine_leaves=16 accepted_derefine_parents=0 created_leaves=0 deleted_leaves=0 mirror_mismatches=0
elapsed=1.215265e+01 cycle=1128 time=1.175625e+01 dt=9.375000e-03
CARTOON_AMR_TRANSACTION cycle=1129 requested_refine=0 requested_derefine_leaves=16 accepted_derefine_parents=0 created_leaves=0 deleted_leaves=0 mirror_mismatches=0
elapsed=1.216162e+01 cycle=1129 time=1.176563e+01 dt=9.375000e-03
CARTOON_AMR_TRANSACTION cycle=1130 requested_refine=0 requested_derefine_leaves=16 accepted_derefine_parents=0 created_leaves=0 deleted_leaves=0 mirror_mismatches=0
elapsed=1.217073e+01 cycle=1130 time=1.177500e+01 dt=9.375000e-03
CARTOON_AMR_TRANSACTION cycle=1131 requested_refine=0 requested_derefine_leaves=16 accepted_derefine_parents=0 created_leaves=0 deleted_leaves=0 mirror_mismatches=0
elapsed=1.217987e+01 cycle=1131 time=1.178438e+01 dt=9.375000e-03
CARTOON_AMR_TRANSACTION cycle=1132 requested_refine=0 requested_derefine_leaves=16 accepted_derefine_parents=0 created_leaves=0 deleted_leaves=0 mirror_mismatches=0
elapsed=1.219172e+01 cycle=1132 time=1.179375e+01 dt=9.375000e-03
CARTOON_AMR_TRANSACTION cycle=1133 requested_refine=0 requested_derefine_leaves=16 accepted_derefine_parents=0 created_leaves=0 deleted_leaves=0 mirror_mismatches=0
elapsed=1.220173e+01 cycle=1133 time=1.180313e+01 dt=9.375000e-03
CARTOON_AMR_TRANSACTION cycle=1134 requested_refine=0 requested_derefine_leaves=16 accepted_derefine_parents=0 created_leaves=0 deleted_leaves=0 mirror_mismatches=0
elapsed=1.221076e+01 cycle=1134 time=1.181250e+01 dt=9.375000e-03
CARTOON_AMR_TRANSACTION cycle=1135 requested_refine=0 requested_derefine_leaves=16 accepted_derefine_parents=0 created_leaves=0 deleted_leaves=0 mirror_mismatches=0
elapsed=1.221974e+01 cycle=1135 time=1.182188e+01 dt=9.375000e-03
CARTOON_AMR_TRANSACTION cycle=1136 requested_refine=0 requested_derefine_leaves=16 accepted_derefine_parents=0 created_leaves=0 deleted_leaves=0 mirror_mismatches=0
elapsed=1.223155e+01 cycle=1136 time=1.183125e+01 dt=9.375000e-03
CARTOON_AMR_TRANSACTION cycle=1137 requested_refine=0 requested_derefine_leaves=16 accepted_derefine_parents=0 created_leaves=0 deleted_leaves=0 mirror_mismatches=0
elapsed=1.224052e+01 cycle=1137 time=1.184063e+01 dt=9.375000e-03
CARTOON_AMR_TRANSACTION cycle=1138 requested_refine=0 requested_derefine_leaves=16 accepted_derefine_parents=0 created_leaves=0 deleted_leaves=0 mirror_mismatches=0
elapsed=1.224937e+01 cycle=1138 time=1.185000e+01 dt=9.375000e-03
CARTOON_AMR_TRANSACTION cycle=1139 requested_refine=0 requested_derefine_leaves=16 accepted_derefine_parents=0 created_leaves=0 deleted_leaves=0 mirror_mismatches=0
elapsed=1.225825e+01 cycle=1139 time=1.185938e+01 dt=9.375000e-03
CARTOON_AMR_TRANSACTION cycle=1140 requested_refine=0 requested_derefine_leaves=16 accepted_derefine_parents=0 created_leaves=0 deleted_leaves=0 mirror_mismatches=0
elapsed=1.227010e+01 cycle=1140 time=1.186875e+01 dt=9.375000e-03
CARTOON_AMR_TRANSACTION cycle=1141 requested_refine=0 requested_derefine_leaves=16 accepted_derefine_parents=0 created_leaves=0 deleted_leaves=0 mirror_mismatches=0
elapsed=1.227917e+01 cycle=1141 time=1.187813e+01 dt=9.375000e-03
CARTOON_AMR_TRANSACTION cycle=1142 requested_refine=0 requested_derefine_leaves=16 accepted_derefine_parents=0 created_leaves=0 deleted_leaves=0 mirror_mismatches=0
elapsed=1.228806e+01 cycle=1142 time=1.188750e+01 dt=9.375000e-03
CARTOON_AMR_TRANSACTION cycle=1143 requested_refine=0 requested_derefine_leaves=16 accepted_derefine_parents=0 created_leaves=0 deleted_leaves=0 mirror_mismatches=0
elapsed=1.229708e+01 cycle=1143 time=1.189688e+01 dt=9.375000e-03
CARTOON_AMR_TRANSACTION cycle=1144 requested_refine=0 requested_derefine_leaves=16 accepted_derefine_parents=0 created_leaves=0 deleted_leaves=0 mirror_mismatches=0
elapsed=1.230854e+01 cycle=1144 time=1.190625e+01 dt=9.375000e-03
CARTOON_AMR_TRANSACTION cycle=1145 requested_refine=0 requested_derefine_leaves=16 accepted_derefine_parents=0 created_leaves=0 deleted_leaves=0 mirror_mismatches=0
elapsed=1.231762e+01 cycle=1145 time=1.191563e+01 dt=9.375000e-03
CARTOON_AMR_TRANSACTION cycle=1146 requested_refine=0 requested_derefine_leaves=16 accepted_derefine_parents=0 created_leaves=0 deleted_leaves=0 mirror_mismatches=0
elapsed=1.232655e+01 cycle=1146 time=1.192500e+01 dt=9.375000e-03
CARTOON_AMR_TRANSACTION cycle=1147 requested_refine=0 requested_derefine_leaves=16 accepted_derefine_parents=0 created_leaves=0 deleted_leaves=0 mirror_mismatches=0
elapsed=1.233548e+01 cycle=1147 time=1.193438e+01 dt=9.375000e-03
CARTOON_AMR_TRANSACTION cycle=1148 requested_refine=0 requested_derefine_leaves=16 accepted_derefine_parents=0 created_leaves=0 deleted_leaves=0 mirror_mismatches=0
elapsed=1.234762e+01 cycle=1148 time=1.194375e+01 dt=9.375000e-03
CARTOON_AMR_TRANSACTION cycle=1149 requested_refine=0 requested_derefine_leaves=16 accepted_derefine_parents=0 created_leaves=0 deleted_leaves=0 mirror_mismatches=0
elapsed=1.235675e+01 cycle=1149 time=1.195313e+01 dt=9.375000e-03
CARTOON_AMR_TRANSACTION cycle=1150 requested_refine=0 requested_derefine_leaves=16 accepted_derefine_parents=0 created_leaves=0 deleted_leaves=0 mirror_mismatches=0
elapsed=1.236569e+01 cycle=1150 time=1.196250e+01 dt=9.375000e-03
CARTOON_AMR_TRANSACTION cycle=1151 requested_refine=0 requested_derefine_leaves=16 accepted_derefine_parents=0 created_leaves=0 deleted_leaves=0 mirror_mismatches=0
elapsed=1.237463e+01 cycle=1151 time=1.197188e+01 dt=9.375000e-03
CARTOON_AMR_TRANSACTION cycle=1152 requested_refine=0 requested_derefine_leaves=16 accepted_derefine_parents=0 created_leaves=0 deleted_leaves=0 mirror_mismatches=0
elapsed=1.245229e+01 cycle=1152 time=1.198125e+01 dt=9.375000e-03
CARTOON_AMR_TRANSACTION cycle=1153 requested_refine=0 requested_derefine_leaves=16 accepted_derefine_parents=0 created_leaves=0 deleted_leaves=0 mirror_mismatches=0
elapsed=1.246146e+01 cycle=1153 time=1.199063e+01 dt=9.375000e-03
CARTOON_AMR_TRANSACTION cycle=1154 requested_refine=0 requested_derefine_leaves=16 accepted_derefine_parents=0 created_leaves=0 deleted_leaves=0 mirror_mismatches=0
elapsed=1.247060e+01 cycle=1154 time=1.200000e+01 dt=9.375000e-03
CARTOON_AMR_TRANSACTION cycle=1155 requested_refine=0 requested_derefine_leaves=16 accepted_derefine_parents=0 created_leaves=0 deleted_leaves=0 mirror_mismatches=0
elapsed=1.247972e+01 cycle=1155 time=1.200938e+01 dt=9.375000e-03
CARTOON_AMR_TRANSACTION cycle=1156 requested_refine=0 requested_derefine_leaves=16 accepted_derefine_parents=0 created_leaves=0 deleted_leaves=0 mirror_mismatches=0
elapsed=1.249147e+01 cycle=1156 time=1.201875e+01 dt=9.375000e-03
CARTOON_AMR_TRANSACTION cycle=1157 requested_refine=0 requested_derefine_leaves=16 accepted_derefine_parents=0 created_leaves=0 deleted_leaves=0 mirror_mismatches=0
elapsed=1.250060e+01 cycle=1157 time=1.202813e+01 dt=9.375000e-03
CARTOON_AMR_TRANSACTION cycle=1158 requested_refine=0 requested_derefine_leaves=16 accepted_derefine_parents=0 created_leaves=0 deleted_leaves=0 mirror_mismatches=0
elapsed=1.250969e+01 cycle=1158 time=1.203750e+01 dt=9.375000e-03
CARTOON_AMR_TRANSACTION cycle=1159 requested_refine=0 requested_derefine_leaves=16 accepted_derefine_parents=0 created_leaves=0 deleted_leaves=0 mirror_mismatches=0
elapsed=1.251879e+01 cycle=1159 time=1.204688e+01 dt=9.375000e-03
CARTOON_AMR_TRANSACTION cycle=1160 requested_refine=0 requested_derefine_leaves=16 accepted_derefine_parents=0 created_leaves=0 deleted_leaves=0 mirror_mismatches=0
elapsed=1.253059e+01 cycle=1160 time=1.205625e+01 dt=9.375000e-03
CARTOON_AMR_TRANSACTION cycle=1161 requested_refine=0 requested_derefine_leaves=16 accepted_derefine_parents=0 created_leaves=0 deleted_leaves=0 mirror_mismatches=0
elapsed=1.253972e+01 cycle=1161 time=1.206563e+01 dt=9.375000e-03
CARTOON_AMR_TRANSACTION cycle=1162 requested_refine=0 requested_derefine_leaves=16 accepted_derefine_parents=0 created_leaves=0 deleted_leaves=0 mirror_mismatches=0
elapsed=1.254881e+01 cycle=1162 time=1.207500e+01 dt=9.375000e-03
CARTOON_AMR_TRANSACTION cycle=1163 requested_refine=0 requested_derefine_leaves=16 accepted_derefine_parents=0 created_leaves=0 deleted_leaves=0 mirror_mismatches=0
elapsed=1.255790e+01 cycle=1163 time=1.208438e+01 dt=9.375000e-03
CARTOON_AMR_TRANSACTION cycle=1164 requested_refine=0 requested_derefine_leaves=16 accepted_derefine_parents=0 created_leaves=0 deleted_leaves=0 mirror_mismatches=0
elapsed=1.256997e+01 cycle=1164 time=1.209375e+01 dt=9.375000e-03
CARTOON_AMR_TRANSACTION cycle=1165 requested_refine=0 requested_derefine_leaves=16 accepted_derefine_parents=0 created_leaves=0 deleted_leaves=0 mirror_mismatches=0
elapsed=1.257914e+01 cycle=1165 time=1.210313e+01 dt=9.375000e-03
CARTOON_AMR_TRANSACTION cycle=1166 requested_refine=0 requested_derefine_leaves=16 accepted_derefine_parents=0 created_leaves=0 deleted_leaves=0 mirror_mismatches=0
elapsed=1.258818e+01 cycle=1166 time=1.211250e+01 dt=9.375000e-03
CARTOON_AMR_TRANSACTION cycle=1167 requested_refine=0 requested_derefine_leaves=16 accepted_derefine_parents=0 created_leaves=0 deleted_leaves=0 mirror_mismatches=0
elapsed=1.259705e+01 cycle=1167 time=1.212188e+01 dt=9.375000e-03
CARTOON_AMR_TRANSACTION cycle=1168 requested_refine=0 requested_derefine_leaves=16 accepted_derefine_parents=0 created_leaves=0 deleted_leaves=0 mirror_mismatches=0
elapsed=1.260906e+01 cycle=1168 time=1.213125e+01 dt=9.375000e-03
CARTOON_AMR_TRANSACTION cycle=1169 requested_refine=0 requested_derefine_leaves=16 accepted_derefine_parents=0 created_leaves=0 deleted_leaves=0 mirror_mismatches=0
elapsed=1.261814e+01 cycle=1169 time=1.214063e+01 dt=9.375000e-03
CARTOON_AMR_TRANSACTION cycle=1170 requested_refine=0 requested_derefine_leaves=16 accepted_derefine_parents=0 created_leaves=0 deleted_leaves=0 mirror_mismatches=0
elapsed=1.262704e+01 cycle=1170 time=1.215000e+01 dt=9.375000e-03
CARTOON_AMR_TRANSACTION cycle=1171 requested_refine=0 requested_derefine_leaves=16 accepted_derefine_parents=0 created_leaves=0 deleted_leaves=0 mirror_mismatches=0
elapsed=1.263589e+01 cycle=1171 time=1.215938e+01 dt=9.375000e-03
CARTOON_AMR_TRANSACTION cycle=1172 requested_refine=0 requested_derefine_leaves=16 accepted_derefine_parents=0 created_leaves=0 deleted_leaves=0 mirror_mismatches=0
elapsed=1.264786e+01 cycle=1172 time=1.216875e+01 dt=9.375000e-03
CARTOON_AMR_TRANSACTION cycle=1173 requested_refine=0 requested_derefine_leaves=16 accepted_derefine_parents=0 created_leaves=0 deleted_leaves=0 mirror_mismatches=0
elapsed=1.265698e+01 cycle=1173 time=1.217813e+01 dt=9.375000e-03
CARTOON_AMR_TRANSACTION cycle=1174 requested_refine=0 requested_derefine_leaves=16 accepted_derefine_parents=0 created_leaves=0 deleted_leaves=0 mirror_mismatches=0
elapsed=1.266604e+01 cycle=1174 time=1.218750e+01 dt=9.375000e-03
CARTOON_AMR_TRANSACTION cycle=1175 requested_refine=0 requested_derefine_leaves=16 accepted_derefine_parents=0 created_leaves=0 deleted_leaves=0 mirror_mismatches=0
elapsed=1.267494e+01 cycle=1175 time=1.219688e+01 dt=9.375000e-03
CARTOON_AMR_TRANSACTION cycle=1176 requested_refine=0 requested_derefine_leaves=16 accepted_derefine_parents=0 created_leaves=0 deleted_leaves=0 mirror_mismatches=0
elapsed=1.268671e+01 cycle=1176 time=1.220625e+01 dt=9.375000e-03
CARTOON_AMR_TRANSACTION cycle=1177 requested_refine=0 requested_derefine_leaves=16 accepted_derefine_parents=0 created_leaves=0 deleted_leaves=0 mirror_mismatches=0
elapsed=1.269581e+01 cycle=1177 time=1.221563e+01 dt=9.375000e-03
CARTOON_AMR_TRANSACTION cycle=1178 requested_refine=0 requested_derefine_leaves=16 accepted_derefine_parents=0 created_leaves=0 deleted_leaves=0 mirror_mismatches=0
elapsed=1.270470e+01 cycle=1178 time=1.222500e+01 dt=9.375000e-03
CARTOON_AMR_TRANSACTION cycle=1179 requested_refine=0 requested_derefine_leaves=16 accepted_derefine_parents=0 created_leaves=0 deleted_leaves=0 mirror_mismatches=0
elapsed=1.271354e+01 cycle=1179 time=1.223438e+01 dt=9.375000e-03
CARTOON_AMR_TRANSACTION cycle=1180 requested_refine=0 requested_derefine_leaves=16 accepted_derefine_parents=0 created_leaves=0 deleted_leaves=0 mirror_mismatches=0
elapsed=1.272524e+01 cycle=1180 time=1.224375e+01 dt=9.375000e-03
CARTOON_AMR_TRANSACTION cycle=1181 requested_refine=0 requested_derefine_leaves=16 accepted_derefine_parents=0 created_leaves=0 deleted_leaves=0 mirror_mismatches=0
elapsed=1.273432e+01 cycle=1181 time=1.225313e+01 dt=9.375000e-03
CARTOON_AMR_TRANSACTION cycle=1182 requested_refine=0 requested_derefine_leaves=16 accepted_derefine_parents=0 created_leaves=0 deleted_leaves=0 mirror_mismatches=0
elapsed=1.274318e+01 cycle=1182 time=1.226250e+01 dt=9.375000e-03
CARTOON_AMR_TRANSACTION cycle=1183 requested_refine=0 requested_derefine_leaves=16 accepted_derefine_parents=0 created_leaves=0 deleted_leaves=0 mirror_mismatches=0
elapsed=1.275213e+01 cycle=1183 time=1.227188e+01 dt=9.375000e-03
CARTOON_AMR_TRANSACTION cycle=1184 requested_refine=0 requested_derefine_leaves=16 accepted_derefine_parents=0 created_leaves=0 deleted_leaves=0 mirror_mismatches=0
elapsed=1.276385e+01 cycle=1184 time=1.228125e+01 dt=9.375000e-03
CARTOON_AMR_TRANSACTION cycle=1185 requested_refine=0 requested_derefine_leaves=16 accepted_derefine_parents=0 created_leaves=0 deleted_leaves=0 mirror_mismatches=0
elapsed=1.277294e+01 cycle=1185 time=1.229063e+01 dt=9.375000e-03
CARTOON_AMR_TRANSACTION cycle=1186 requested_refine=0 requested_derefine_leaves=16 accepted_derefine_parents=0 created_leaves=0 deleted_leaves=0 mirror_mismatches=0
elapsed=1.278188e+01 cycle=1186 time=1.230000e+01 dt=9.375000e-03
CARTOON_AMR_TRANSACTION cycle=1187 requested_refine=0 requested_derefine_leaves=16 accepted_derefine_parents=0 created_leaves=0 deleted_leaves=0 mirror_mismatches=0
elapsed=1.279072e+01 cycle=1187 time=1.230938e+01 dt=9.375000e-03
CARTOON_AMR_TRANSACTION cycle=1188 requested_refine=0 requested_derefine_leaves=16 accepted_derefine_parents=0 created_leaves=0 deleted_leaves=0 mirror_mismatches=0
elapsed=1.280242e+01 cycle=1188 time=1.231875e+01 dt=9.375000e-03
CARTOON_AMR_TRANSACTION cycle=1189 requested_refine=0 requested_derefine_leaves=16 accepted_derefine_parents=0 created_leaves=0 deleted_leaves=0 mirror_mismatches=0
elapsed=1.281141e+01 cycle=1189 time=1.232813e+01 dt=9.375000e-03
CARTOON_AMR_TRANSACTION cycle=1190 requested_refine=0 requested_derefine_leaves=16 accepted_derefine_parents=0 created_leaves=0 deleted_leaves=0 mirror_mismatches=0
elapsed=1.282034e+01 cycle=1190 time=1.233750e+01 dt=9.375000e-03
CARTOON_AMR_TRANSACTION cycle=1191 requested_refine=0 requested_derefine_leaves=16 accepted_derefine_parents=0 created_leaves=0 deleted_leaves=0 mirror_mismatches=0
elapsed=1.282924e+01 cycle=1191 time=1.234688e+01 dt=9.375000e-03
CARTOON_AMR_TRANSACTION cycle=1192 requested_refine=0 requested_derefine_leaves=16 accepted_derefine_parents=0 created_leaves=0 deleted_leaves=0 mirror_mismatches=0
elapsed=1.284092e+01 cycle=1192 time=1.235625e+01 dt=9.375000e-03
CARTOON_AMR_TRANSACTION cycle=1193 requested_refine=0 requested_derefine_leaves=16 accepted_derefine_parents=0 created_leaves=0 deleted_leaves=0 mirror_mismatches=0
elapsed=1.284989e+01 cycle=1193 time=1.236563e+01 dt=9.375000e-03
CARTOON_AMR_TRANSACTION cycle=1194 requested_refine=0 requested_derefine_leaves=14 accepted_derefine_parents=0 created_leaves=0 deleted_leaves=0 mirror_mismatches=0
elapsed=1.285877e+01 cycle=1194 time=1.237500e+01 dt=9.375000e-03
CARTOON_AMR_TRANSACTION cycle=1195 requested_refine=0 requested_derefine_leaves=14 accepted_derefine_parents=0 created_leaves=0 deleted_leaves=0 mirror_mismatches=0
elapsed=1.286774e+01 cycle=1195 time=1.238438e+01 dt=9.375000e-03
CARTOON_AMR_TRANSACTION cycle=1196 requested_refine=0 requested_derefine_leaves=14 accepted_derefine_parents=0 created_leaves=0 deleted_leaves=0 mirror_mismatches=0
elapsed=1.287965e+01 cycle=1196 time=1.239375e+01 dt=9.375000e-03
CARTOON_AMR_TRANSACTION cycle=1197 requested_refine=0 requested_derefine_leaves=14 accepted_derefine_parents=0 created_leaves=0 deleted_leaves=0 mirror_mismatches=0
elapsed=1.288868e+01 cycle=1197 time=1.240313e+01 dt=9.375000e-03
CARTOON_AMR_TRANSACTION cycle=1198 requested_refine=0 requested_derefine_leaves=14 accepted_derefine_parents=0 created_leaves=0 deleted_leaves=0 mirror_mismatches=0
elapsed=1.289768e+01 cycle=1198 time=1.241250e+01 dt=9.375000e-03
CARTOON_AMR_TRANSACTION cycle=1199 requested_refine=0 requested_derefine_leaves=14 accepted_derefine_parents=0 created_leaves=0 deleted_leaves=0 mirror_mismatches=0
elapsed=1.290662e+01 cycle=1199 time=1.242188e+01 dt=9.375000e-03
CARTOON_AMR_TRANSACTION cycle=1200 requested_refine=0 requested_derefine_leaves=14 accepted_derefine_parents=0 created_leaves=0 deleted_leaves=0 mirror_mismatches=0
elapsed=1.291837e+01 cycle=1200 time=1.243125e+01 dt=9.375000e-03
CARTOON_AMR_TRANSACTION cycle=1201 requested_refine=0 requested_derefine_leaves=14 accepted_derefine_parents=0 created_leaves=0 deleted_leaves=0 mirror_mismatches=0
elapsed=1.292736e+01 cycle=1201 time=1.244063e+01 dt=9.375000e-03
CARTOON_AMR_TRANSACTION cycle=1202 requested_refine=0 requested_derefine_leaves=14 accepted_derefine_parents=0 created_leaves=0 deleted_leaves=0 mirror_mismatches=0
elapsed=1.293630e+01 cycle=1202 time=1.245000e+01 dt=9.375000e-03
CARTOON_AMR_TRANSACTION cycle=1203 requested_refine=0 requested_derefine_leaves=14 accepted_derefine_parents=0 created_leaves=0 deleted_leaves=0 mirror_mismatches=0
elapsed=1.294515e+01 cycle=1203 time=1.245938e+01 dt=9.375000e-03
CARTOON_AMR_TRANSACTION cycle=1204 requested_refine=0 requested_derefine_leaves=14 accepted_derefine_parents=0 created_leaves=0 deleted_leaves=0 mirror_mismatches=0
elapsed=1.295682e+01 cycle=1204 time=1.246875e+01 dt=9.375000e-03
CARTOON_AMR_TRANSACTION cycle=1205 requested_refine=0 requested_derefine_leaves=14 accepted_derefine_parents=0 created_leaves=0 deleted_leaves=0 mirror_mismatches=0
elapsed=1.296581e+01 cycle=1205 time=1.247813e+01 dt=9.375000e-03
CARTOON_AMR_TRANSACTION cycle=1206 requested_refine=0 requested_derefine_leaves=14 accepted_derefine_parents=0 created_leaves=0 deleted_leaves=0 mirror_mismatches=0
elapsed=1.297471e+01 cycle=1206 time=1.248750e+01 dt=9.375000e-03
CARTOON_AMR_TRANSACTION cycle=1207 requested_refine=0 requested_derefine_leaves=14 accepted_derefine_parents=0 created_leaves=0 deleted_leaves=0 mirror_mismatches=0
elapsed=1.298356e+01 cycle=1207 time=1.249688e+01 dt=9.375000e-03
CARTOON_AMR_TRANSACTION cycle=1208 requested_refine=0 requested_derefine_leaves=14 accepted_derefine_parents=0 created_leaves=0 deleted_leaves=0 mirror_mismatches=0
elapsed=1.299540e+01 cycle=1208 time=1.250625e+01 dt=9.375000e-03
CARTOON_AMR_TRANSACTION cycle=1209 requested_refine=0 requested_derefine_leaves=14 accepted_derefine_parents=0 created_leaves=0 deleted_leaves=0 mirror_mismatches=0
elapsed=1.300454e+01 cycle=1209 time=1.251563e+01 dt=9.375000e-03
CARTOON_AMR_TRANSACTION cycle=1210 requested_refine=0 requested_derefine_leaves=14 accepted_derefine_parents=0 created_leaves=0 deleted_leaves=0 mirror_mismatches=0
elapsed=1.301354e+01 cycle=1210 time=1.252500e+01 dt=9.375000e-03
CARTOON_AMR_TRANSACTION cycle=1211 requested_refine=0 requested_derefine_leaves=14 accepted_derefine_parents=0 created_leaves=0 deleted_leaves=0 mirror_mismatches=0
elapsed=1.302239e+01 cycle=1211 time=1.253438e+01 dt=9.375000e-03
CARTOON_AMR_TRANSACTION cycle=1212 requested_refine=0 requested_derefine_leaves=14 accepted_derefine_parents=0 created_leaves=0 deleted_leaves=0 mirror_mismatches=0
elapsed=1.303416e+01 cycle=1212 time=1.254375e+01 dt=9.375000e-03
CARTOON_AMR_TRANSACTION cycle=1213 requested_refine=0 requested_derefine_leaves=14 accepted_derefine_parents=0 created_leaves=0 deleted_leaves=0 mirror_mismatches=0
elapsed=1.304325e+01 cycle=1213 time=1.255313e+01 dt=9.375000e-03
CARTOON_AMR_TRANSACTION cycle=1214 requested_refine=0 requested_derefine_leaves=14 accepted_derefine_parents=0 created_leaves=0 deleted_leaves=0 mirror_mismatches=0
elapsed=1.305224e+01 cycle=1214 time=1.256250e+01 dt=9.375000e-03
CARTOON_AMR_TRANSACTION cycle=1215 requested_refine=0 requested_derefine_leaves=14 accepted_derefine_parents=0 created_leaves=0 deleted_leaves=0 mirror_mismatches=0
elapsed=1.306114e+01 cycle=1215 time=1.257188e+01 dt=9.375000e-03
CARTOON_AMR_TRANSACTION cycle=1216 requested_refine=0 requested_derefine_leaves=14 accepted_derefine_parents=0 created_leaves=0 deleted_leaves=0 mirror_mismatches=0
elapsed=1.311489e+01 cycle=1216 time=1.258125e+01 dt=9.375000e-03
CARTOON_AMR_TRANSACTION cycle=1217 requested_refine=0 requested_derefine_leaves=14 accepted_derefine_parents=0 created_leaves=0 deleted_leaves=0 mirror_mismatches=0
elapsed=1.312404e+01 cycle=1217 time=1.259063e+01 dt=9.375000e-03
CARTOON_AMR_TRANSACTION cycle=1218 requested_refine=0 requested_derefine_leaves=14 accepted_derefine_parents=0 created_leaves=0 deleted_leaves=0 mirror_mismatches=0
elapsed=1.313318e+01 cycle=1218 time=1.260000e+01 dt=9.375000e-03
CARTOON_AMR_TRANSACTION cycle=1219 requested_refine=0 requested_derefine_leaves=14 accepted_derefine_parents=0 created_leaves=0 deleted_leaves=0 mirror_mismatches=0
elapsed=1.314230e+01 cycle=1219 time=1.260938e+01 dt=9.375000e-03
CARTOON_AMR_TRANSACTION cycle=1220 requested_refine=0 requested_derefine_leaves=14 accepted_derefine_parents=0 created_leaves=0 deleted_leaves=0 mirror_mismatches=0
elapsed=1.315398e+01 cycle=1220 time=1.261875e+01 dt=9.375000e-03
CARTOON_AMR_TRANSACTION cycle=1221 requested_refine=0 requested_derefine_leaves=14 accepted_derefine_parents=0 created_leaves=0 deleted_leaves=0 mirror_mismatches=0
elapsed=1.316311e+01 cycle=1221 time=1.262813e+01 dt=9.375000e-03
CARTOON_AMR_TRANSACTION cycle=1222 requested_refine=0 requested_derefine_leaves=14 accepted_derefine_parents=0 created_leaves=0 deleted_leaves=0 mirror_mismatches=0
elapsed=1.317223e+01 cycle=1222 time=1.263750e+01 dt=9.375000e-03
CARTOON_AMR_TRANSACTION cycle=1223 requested_refine=0 requested_derefine_leaves=14 accepted_derefine_parents=0 created_leaves=0 deleted_leaves=0 mirror_mismatches=0
elapsed=1.318135e+01 cycle=1223 time=1.264688e+01 dt=9.375000e-03
CARTOON_AMR_TRANSACTION cycle=1224 requested_refine=0 requested_derefine_leaves=14 accepted_derefine_parents=0 created_leaves=0 deleted_leaves=0 mirror_mismatches=0
elapsed=1.319309e+01 cycle=1224 time=1.265625e+01 dt=9.375000e-03
CARTOON_AMR_TRANSACTION cycle=1225 requested_refine=0 requested_derefine_leaves=14 accepted_derefine_parents=0 created_leaves=0 deleted_leaves=0 mirror_mismatches=0
elapsed=1.320223e+01 cycle=1225 time=1.266563e+01 dt=9.375000e-03
CARTOON_AMR_TRANSACTION cycle=1226 requested_refine=0 requested_derefine_leaves=14 accepted_derefine_parents=0 created_leaves=0 deleted_leaves=0 mirror_mismatches=0
elapsed=1.321131e+01 cycle=1226 time=1.267500e+01 dt=9.375000e-03
CARTOON_AMR_TRANSACTION cycle=1227 requested_refine=0 requested_derefine_leaves=12 accepted_derefine_parents=0 created_leaves=0 deleted_leaves=0 mirror_mismatches=0
elapsed=1.322045e+01 cycle=1227 time=1.268438e+01 dt=9.375000e-03
CARTOON_AMR_TRANSACTION cycle=1228 requested_refine=0 requested_derefine_leaves=12 accepted_derefine_parents=0 created_leaves=0 deleted_leaves=0 mirror_mismatches=0
elapsed=1.323233e+01 cycle=1228 time=1.269375e+01 dt=9.375000e-03
CARTOON_AMR_TRANSACTION cycle=1229 requested_refine=0 requested_derefine_leaves=12 accepted_derefine_parents=0 created_leaves=0 deleted_leaves=0 mirror_mismatches=0
elapsed=1.324143e+01 cycle=1229 time=1.270313e+01 dt=9.375000e-03
CARTOON_AMR_TRANSACTION cycle=1230 requested_refine=0 requested_derefine_leaves=12 accepted_derefine_parents=0 created_leaves=0 deleted_leaves=0 mirror_mismatches=0
elapsed=1.325036e+01 cycle=1230 time=1.271250e+01 dt=9.375000e-03
CARTOON_AMR_TRANSACTION cycle=1231 requested_refine=0 requested_derefine_leaves=12 accepted_derefine_parents=0 created_leaves=0 deleted_leaves=0 mirror_mismatches=0
elapsed=1.325921e+01 cycle=1231 time=1.272188e+01 dt=9.375000e-03
CARTOON_AMR_TRANSACTION cycle=1232 requested_refine=0 requested_derefine_leaves=12 accepted_derefine_parents=0 created_leaves=0 deleted_leaves=0 mirror_mismatches=0
elapsed=1.327077e+01 cycle=1232 time=1.273125e+01 dt=9.375000e-03
CARTOON_AMR_TRANSACTION cycle=1233 requested_refine=0 requested_derefine_leaves=12 accepted_derefine_parents=0 created_leaves=0 deleted_leaves=0 mirror_mismatches=0
elapsed=1.327982e+01 cycle=1233 time=1.274063e+01 dt=9.375000e-03
CARTOON_AMR_TRANSACTION cycle=1234 requested_refine=0 requested_derefine_leaves=12 accepted_derefine_parents=0 created_leaves=0 deleted_leaves=0 mirror_mismatches=0
elapsed=1.328868e+01 cycle=1234 time=1.275000e+01 dt=9.375000e-03
CARTOON_AMR_TRANSACTION cycle=1235 requested_refine=0 requested_derefine_leaves=12 accepted_derefine_parents=0 created_leaves=0 deleted_leaves=0 mirror_mismatches=0
elapsed=1.329755e+01 cycle=1235 time=1.275938e+01 dt=9.375000e-03
CARTOON_AMR_TRANSACTION cycle=1236 requested_refine=0 requested_derefine_leaves=12 accepted_derefine_parents=0 created_leaves=0 deleted_leaves=0 mirror_mismatches=0
elapsed=1.330940e+01 cycle=1236 time=1.276875e+01 dt=9.375000e-03
CARTOON_AMR_TRANSACTION cycle=1237 requested_refine=0 requested_derefine_leaves=12 accepted_derefine_parents=0 created_leaves=0 deleted_leaves=0 mirror_mismatches=0
elapsed=1.331856e+01 cycle=1237 time=1.277813e+01 dt=9.375000e-03
CARTOON_AMR_TRANSACTION cycle=1238 requested_refine=0 requested_derefine_leaves=12 accepted_derefine_parents=0 created_leaves=0 deleted_leaves=0 mirror_mismatches=0
elapsed=1.332750e+01 cycle=1238 time=1.278750e+01 dt=9.375000e-03
CARTOON_AMR_TRANSACTION cycle=1239 requested_refine=0 requested_derefine_leaves=12 accepted_derefine_parents=0 created_leaves=0 deleted_leaves=0 mirror_mismatches=0
elapsed=1.333643e+01 cycle=1239 time=1.279688e+01 dt=9.375000e-03
CARTOON_AMR_TRANSACTION cycle=1240 requested_refine=0 requested_derefine_leaves=12 accepted_derefine_parents=0 created_leaves=0 deleted_leaves=0 mirror_mismatches=0
elapsed=1.334787e+01 cycle=1240 time=1.280625e+01 dt=9.375000e-03
CARTOON_AMR_TRANSACTION cycle=1241 requested_refine=0 requested_derefine_leaves=12 accepted_derefine_parents=0 created_leaves=0 deleted_leaves=0 mirror_mismatches=0
elapsed=1.335703e+01 cycle=1241 time=1.281563e+01 dt=9.375000e-03
CARTOON_AMR_TRANSACTION cycle=1242 requested_refine=0 requested_derefine_leaves=12 accepted_derefine_parents=0 created_leaves=0 deleted_leaves=0 mirror_mismatches=0
elapsed=1.336593e+01 cycle=1242 time=1.282500e+01 dt=9.375000e-03
CARTOON_AMR_TRANSACTION cycle=1243 requested_refine=0 requested_derefine_leaves=12 accepted_derefine_parents=0 created_leaves=0 deleted_leaves=0 mirror_mismatches=0
elapsed=1.337488e+01 cycle=1243 time=1.283438e+01 dt=9.375000e-03
CARTOON_AMR_TRANSACTION cycle=1244 requested_refine=0 requested_derefine_leaves=12 accepted_derefine_parents=0 created_leaves=0 deleted_leaves=0 mirror_mismatches=0
elapsed=1.338676e+01 cycle=1244 time=1.284375e+01 dt=9.375000e-03
CARTOON_AMR_TRANSACTION cycle=1245 requested_refine=0 requested_derefine_leaves=12 accepted_derefine_parents=0 created_leaves=0 deleted_leaves=0 mirror_mismatches=0
elapsed=1.339589e+01 cycle=1245 time=1.285313e+01 dt=9.375000e-03
CARTOON_AMR_TRANSACTION cycle=1246 requested_refine=0 requested_derefine_leaves=12 accepted_derefine_parents=0 created_leaves=0 deleted_leaves=0 mirror_mismatches=0
elapsed=1.340481e+01 cycle=1246 time=1.286250e+01 dt=9.375000e-03
CARTOON_AMR_TRANSACTION cycle=1247 requested_refine=0 requested_derefine_leaves=12 accepted_derefine_parents=0 created_leaves=0 deleted_leaves=0 mirror_mismatches=0
elapsed=1.341365e+01 cycle=1247 time=1.287188e+01 dt=9.375000e-03
CARTOON_AMR_TRANSACTION cycle=1248 requested_refine=0 requested_derefine_leaves=12 accepted_derefine_parents=0 created_leaves=0 deleted_leaves=0 mirror_mismatches=0
elapsed=1.342569e+01 cycle=1248 time=1.288125e+01 dt=9.375000e-03
CARTOON_AMR_TRANSACTION cycle=1249 requested_refine=0 requested_derefine_leaves=12 accepted_derefine_parents=0 created_leaves=0 deleted_leaves=0 mirror_mismatches=0
elapsed=1.343472e+01 cycle=1249 time=1.289063e+01 dt=9.375000e-03
CARTOON_AMR_TRANSACTION cycle=1250 requested_refine=0 requested_derefine_leaves=12 accepted_derefine_parents=0 created_leaves=0 deleted_leaves=0 mirror_mismatches=0
elapsed=1.344362e+01 cycle=1250 time=1.290000e+01 dt=9.375000e-03
CARTOON_AMR_TRANSACTION cycle=1251 requested_refine=0 requested_derefine_leaves=12 accepted_derefine_parents=0 created_leaves=0 deleted_leaves=0 mirror_mismatches=0
elapsed=1.345254e+01 cycle=1251 time=1.290938e+01 dt=9.375000e-03
CARTOON_AMR_TRANSACTION cycle=1252 requested_refine=0 requested_derefine_leaves=12 accepted_derefine_parents=0 created_leaves=0 deleted_leaves=0 mirror_mismatches=0
elapsed=1.346469e+01 cycle=1252 time=1.291875e+01 dt=9.375000e-03
CARTOON_AMR_TRANSACTION cycle=1253 requested_refine=0 requested_derefine_leaves=12 accepted_derefine_parents=0 created_leaves=0 deleted_leaves=0 mirror_mismatches=0
elapsed=1.347380e+01 cycle=1253 time=1.292813e+01 dt=9.375000e-03
CARTOON_AMR_TRANSACTION cycle=1254 requested_refine=0 requested_derefine_leaves=14 accepted_derefine_parents=0 created_leaves=0 deleted_leaves=0 mirror_mismatches=0
elapsed=1.348290e+01 cycle=1254 time=1.293750e+01 dt=9.375000e-03
CARTOON_AMR_TRANSACTION cycle=1255 requested_refine=0 requested_derefine_leaves=14 accepted_derefine_parents=0 created_leaves=0 deleted_leaves=0 mirror_mismatches=0
elapsed=1.349174e+01 cycle=1255 time=1.294688e+01 dt=9.375000e-03
CARTOON_AMR_TRANSACTION cycle=1256 requested_refine=0 requested_derefine_leaves=14 accepted_derefine_parents=0 created_leaves=0 deleted_leaves=0 mirror_mismatches=0
elapsed=1.350340e+01 cycle=1256 time=1.295625e+01 dt=9.375000e-03
CARTOON_AMR_TRANSACTION cycle=1257 requested_refine=0 requested_derefine_leaves=14 accepted_derefine_parents=0 created_leaves=0 deleted_leaves=0 mirror_mismatches=0
elapsed=1.351252e+01 cycle=1257 time=1.296563e+01 dt=9.375000e-03
CARTOON_AMR_TRANSACTION cycle=1258 requested_refine=0 requested_derefine_leaves=14 accepted_derefine_parents=0 created_leaves=0 deleted_leaves=0 mirror_mismatches=0
elapsed=1.352153e+01 cycle=1258 time=1.297500e+01 dt=9.375000e-03
CARTOON_AMR_TRANSACTION cycle=1259 requested_refine=0 requested_derefine_leaves=14 accepted_derefine_parents=0 created_leaves=0 deleted_leaves=0 mirror_mismatches=0
elapsed=1.353039e+01 cycle=1259 time=1.298438e+01 dt=9.375000e-03
CARTOON_AMR_TRANSACTION cycle=1260 requested_refine=0 requested_derefine_leaves=14 accepted_derefine_parents=0 created_leaves=0 deleted_leaves=0 mirror_mismatches=0
elapsed=1.354221e+01 cycle=1260 time=1.299375e+01 dt=9.375000e-03
CARTOON_AMR_TRANSACTION cycle=1261 requested_refine=0 requested_derefine_leaves=14 accepted_derefine_parents=0 created_leaves=0 deleted_leaves=0 mirror_mismatches=0
elapsed=1.355116e+01 cycle=1261 time=1.300313e+01 dt=9.375000e-03
CARTOON_AMR_TRANSACTION cycle=1262 requested_refine=0 requested_derefine_leaves=14 accepted_derefine_parents=0 created_leaves=0 deleted_leaves=0 mirror_mismatches=0
elapsed=1.356000e+01 cycle=1262 time=1.301250e+01 dt=9.375000e-03
CARTOON_AMR_TRANSACTION cycle=1263 requested_refine=0 requested_derefine_leaves=14 accepted_derefine_parents=0 created_leaves=0 deleted_leaves=0 mirror_mismatches=0
elapsed=1.356885e+01 cycle=1263 time=1.302188e+01 dt=9.375000e-03
CARTOON_AMR_TRANSACTION cycle=1264 requested_refine=0 requested_derefine_leaves=14 accepted_derefine_parents=0 created_leaves=0 deleted_leaves=0 mirror_mismatches=0
elapsed=1.358029e+01 cycle=1264 time=1.303125e+01 dt=9.375000e-03
CARTOON_AMR_TRANSACTION cycle=1265 requested_refine=0 requested_derefine_leaves=14 accepted_derefine_parents=0 created_leaves=0 deleted_leaves=0 mirror_mismatches=0
elapsed=1.358933e+01 cycle=1265 time=1.304063e+01 dt=9.375000e-03
CARTOON_AMR_TRANSACTION cycle=1266 requested_refine=0 requested_derefine_leaves=14 accepted_derefine_parents=0 created_leaves=0 deleted_leaves=0 mirror_mismatches=0
elapsed=1.359819e+01 cycle=1266 time=1.305000e+01 dt=9.375000e-03
CARTOON_AMR_TRANSACTION cycle=1267 requested_refine=0 requested_derefine_leaves=14 accepted_derefine_parents=0 created_leaves=0 deleted_leaves=0 mirror_mismatches=0
elapsed=1.360706e+01 cycle=1267 time=1.305938e+01 dt=9.375000e-03
CARTOON_AMR_TRANSACTION cycle=1268 requested_refine=0 requested_derefine_leaves=14 accepted_derefine_parents=0 created_leaves=0 deleted_leaves=0 mirror_mismatches=0
elapsed=1.361906e+01 cycle=1268 time=1.306875e+01 dt=9.375000e-03
CARTOON_AMR_TRANSACTION cycle=1269 requested_refine=0 requested_derefine_leaves=14 accepted_derefine_parents=0 created_leaves=0 deleted_leaves=0 mirror_mismatches=0
elapsed=1.362808e+01 cycle=1269 time=1.307813e+01 dt=9.375000e-03
CARTOON_AMR_TRANSACTION cycle=1270 requested_refine=0 requested_derefine_leaves=14 accepted_derefine_parents=0 created_leaves=0 deleted_leaves=0 mirror_mismatches=0
elapsed=1.363692e+01 cycle=1270 time=1.308750e+01 dt=9.375000e-03
CARTOON_AMR_TRANSACTION cycle=1271 requested_refine=0 requested_derefine_leaves=14 accepted_derefine_parents=0 created_leaves=0 deleted_leaves=0 mirror_mismatches=0
elapsed=1.364582e+01 cycle=1271 time=1.309688e+01 dt=9.375000e-03
CARTOON_AMR_TRANSACTION cycle=1272 requested_refine=0 requested_derefine_leaves=14 accepted_derefine_parents=0 created_leaves=0 deleted_leaves=0 mirror_mismatches=0
elapsed=1.365752e+01 cycle=1272 time=1.310625e+01 dt=9.375000e-03
CARTOON_AMR_TRANSACTION cycle=1273 requested_refine=0 requested_derefine_leaves=14 accepted_derefine_parents=0 created_leaves=0 deleted_leaves=0 mirror_mismatches=0
elapsed=1.366655e+01 cycle=1273 time=1.311563e+01 dt=9.375000e-03
CARTOON_AMR_TRANSACTION cycle=1274 requested_refine=0 requested_derefine_leaves=14 accepted_derefine_parents=0 created_leaves=0 deleted_leaves=0 mirror_mismatches=0
elapsed=1.367533e+01 cycle=1274 time=1.312500e+01 dt=9.375000e-03
CARTOON_AMR_TRANSACTION cycle=1275 requested_refine=0 requested_derefine_leaves=14 accepted_derefine_parents=0 created_leaves=0 deleted_leaves=0 mirror_mismatches=0
elapsed=1.368419e+01 cycle=1275 time=1.313438e+01 dt=9.375000e-03
CARTOON_AMR_TRANSACTION cycle=1276 requested_refine=0 requested_derefine_leaves=14 accepted_derefine_parents=0 created_leaves=0 deleted_leaves=0 mirror_mismatches=0
elapsed=1.369619e+01 cycle=1276 time=1.314375e+01 dt=9.375000e-03
CARTOON_AMR_TRANSACTION cycle=1277 requested_refine=0 requested_derefine_leaves=14 accepted_derefine_parents=0 created_leaves=0 deleted_leaves=0 mirror_mismatches=0
elapsed=1.370529e+01 cycle=1277 time=1.315313e+01 dt=9.375000e-03
CARTOON_AMR_TRANSACTION cycle=1278 requested_refine=0 requested_derefine_leaves=14 accepted_derefine_parents=0 created_leaves=0 deleted_leaves=0 mirror_mismatches=0
elapsed=1.371414e+01 cycle=1278 time=1.316250e+01 dt=9.375000e-03
CARTOON_AMR_TRANSACTION cycle=1279 requested_refine=0 requested_derefine_leaves=14 accepted_derefine_parents=0 created_leaves=0 deleted_leaves=0 mirror_mismatches=0
elapsed=1.372300e+01 cycle=1279 time=1.317188e+01 dt=9.375000e-03
CARTOON_AMR_TRANSACTION cycle=1280 requested_refine=0 requested_derefine_leaves=14 accepted_derefine_parents=0 created_leaves=0 deleted_leaves=0 mirror_mismatches=0
elapsed=1.379965e+01 cycle=1280 time=1.318125e+01 dt=9.375000e-03
CARTOON_AMR_TRANSACTION cycle=1281 requested_refine=0 requested_derefine_leaves=14 accepted_derefine_parents=0 created_leaves=0 deleted_leaves=0 mirror_mismatches=0
elapsed=1.380884e+01 cycle=1281 time=1.319063e+01 dt=9.375000e-03
CARTOON_AMR_TRANSACTION cycle=1282 requested_refine=0 requested_derefine_leaves=14 accepted_derefine_parents=0 created_leaves=0 deleted_leaves=0 mirror_mismatches=0
elapsed=1.381794e+01 cycle=1282 time=1.320000e+01 dt=9.375000e-03
CARTOON_AMR_TRANSACTION cycle=1283 requested_refine=0 requested_derefine_leaves=14 accepted_derefine_parents=0 created_leaves=0 deleted_leaves=0 mirror_mismatches=0
elapsed=1.382705e+01 cycle=1283 time=1.320938e+01 dt=9.375000e-03
CARTOON_AMR_TRANSACTION cycle=1284 requested_refine=0 requested_derefine_leaves=14 accepted_derefine_parents=0 created_leaves=0 deleted_leaves=0 mirror_mismatches=0
elapsed=1.383871e+01 cycle=1284 time=1.321875e+01 dt=9.375000e-03
CARTOON_AMR_TRANSACTION cycle=1285 requested_refine=0 requested_derefine_leaves=14 accepted_derefine_parents=0 created_leaves=0 deleted_leaves=0 mirror_mismatches=0
elapsed=1.384786e+01 cycle=1285 time=1.322813e+01 dt=9.375000e-03
CARTOON_AMR_TRANSACTION cycle=1286 requested_refine=0 requested_derefine_leaves=14 accepted_derefine_parents=0 created_leaves=0 deleted_leaves=0 mirror_mismatches=0
elapsed=1.385696e+01 cycle=1286 time=1.323750e+01 dt=9.375000e-03
CARTOON_AMR_TRANSACTION cycle=1287 requested_refine=0 requested_derefine_leaves=14 accepted_derefine_parents=0 created_leaves=0 deleted_leaves=0 mirror_mismatches=0
elapsed=1.386607e+01 cycle=1287 time=1.324688e+01 dt=9.375000e-03
CARTOON_AMR_TRANSACTION cycle=1288 requested_refine=0 requested_derefine_leaves=14 accepted_derefine_parents=0 created_leaves=0 deleted_leaves=0 mirror_mismatches=0
elapsed=1.387775e+01 cycle=1288 time=1.325625e+01 dt=9.375000e-03
CARTOON_AMR_TRANSACTION cycle=1289 requested_refine=0 requested_derefine_leaves=14 accepted_derefine_parents=0 created_leaves=0 deleted_leaves=0 mirror_mismatches=0
elapsed=1.388692e+01 cycle=1289 time=1.326563e+01 dt=9.375000e-03
CARTOON_AMR_TRANSACTION cycle=1290 requested_refine=0 requested_derefine_leaves=14 accepted_derefine_parents=0 created_leaves=0 deleted_leaves=0 mirror_mismatches=0
elapsed=1.389599e+01 cycle=1290 time=1.327500e+01 dt=9.375000e-03
CARTOON_AMR_TRANSACTION cycle=1291 requested_refine=0 requested_derefine_leaves=14 accepted_derefine_parents=0 created_leaves=0 deleted_leaves=0 mirror_mismatches=0
elapsed=1.390509e+01 cycle=1291 time=1.328438e+01 dt=9.375000e-03
CARTOON_AMR_TRANSACTION cycle=1292 requested_refine=0 requested_derefine_leaves=14 accepted_derefine_parents=0 created_leaves=0 deleted_leaves=0 mirror_mismatches=0
elapsed=1.391693e+01 cycle=1292 time=1.329375e+01 dt=9.375000e-03
CARTOON_AMR_TRANSACTION cycle=1293 requested_refine=0 requested_derefine_leaves=14 accepted_derefine_parents=0 created_leaves=0 deleted_leaves=0 mirror_mismatches=0
elapsed=1.392607e+01 cycle=1293 time=1.330313e+01 dt=9.375000e-03
CARTOON_AMR_TRANSACTION cycle=1294 requested_refine=0 requested_derefine_leaves=14 accepted_derefine_parents=0 created_leaves=0 deleted_leaves=0 mirror_mismatches=0
elapsed=1.393503e+01 cycle=1294 time=1.331250e+01 dt=9.375000e-03
CARTOON_AMR_TRANSACTION cycle=1295 requested_refine=0 requested_derefine_leaves=14 accepted_derefine_parents=0 created_leaves=0 deleted_leaves=0 mirror_mismatches=0
elapsed=1.394390e+01 cycle=1295 time=1.332188e+01 dt=9.375000e-03
CARTOON_AMR_TRANSACTION cycle=1296 requested_refine=0 requested_derefine_leaves=14 accepted_derefine_parents=0 created_leaves=0 deleted_leaves=0 mirror_mismatches=0
elapsed=1.395569e+01 cycle=1296 time=1.333125e+01 dt=9.375000e-03
CARTOON_AMR_TRANSACTION cycle=1297 requested_refine=0 requested_derefine_leaves=14 accepted_derefine_parents=0 created_leaves=0 deleted_leaves=0 mirror_mismatches=0
elapsed=1.396472e+01 cycle=1297 time=1.334063e+01 dt=9.375000e-03
CARTOON_AMR_TRANSACTION cycle=1298 requested_refine=0 requested_derefine_leaves=14 accepted_derefine_parents=0 created_leaves=0 deleted_leaves=0 mirror_mismatches=0
elapsed=1.397359e+01 cycle=1298 time=1.335000e+01 dt=9.375000e-03
CARTOON_AMR_TRANSACTION cycle=1299 requested_refine=0 requested_derefine_leaves=14 accepted_derefine_parents=0 created_leaves=0 deleted_leaves=0 mirror_mismatches=0
elapsed=1.398248e+01 cycle=1299 time=1.335938e+01 dt=9.375000e-03
CARTOON_AMR_TRANSACTION cycle=1300 requested_refine=0 requested_derefine_leaves=14 accepted_derefine_parents=0 created_leaves=0 deleted_leaves=0 mirror_mismatches=0
elapsed=1.399420e+01 cycle=1300 time=1.336875e+01 dt=9.375000e-03
CARTOON_AMR_TRANSACTION cycle=1301 requested_refine=0 requested_derefine_leaves=14 accepted_derefine_parents=0 created_leaves=0 deleted_leaves=0 mirror_mismatches=0
elapsed=1.400319e+01 cycle=1301 time=1.337813e+01 dt=9.375000e-03
CARTOON_AMR_TRANSACTION cycle=1302 requested_refine=0 requested_derefine_leaves=14 accepted_derefine_parents=0 created_leaves=0 deleted_leaves=0 mirror_mismatches=0
elapsed=1.401210e+01 cycle=1302 time=1.338750e+01 dt=9.375000e-03
CARTOON_AMR_TRANSACTION cycle=1303 requested_refine=0 requested_derefine_leaves=14 accepted_derefine_parents=0 created_leaves=0 deleted_leaves=0 mirror_mismatches=0
elapsed=1.402104e+01 cycle=1303 time=1.339688e+01 dt=9.375000e-03
CARTOON_AMR_TRANSACTION cycle=1304 requested_refine=0 requested_derefine_leaves=14 accepted_derefine_parents=0 created_leaves=0 deleted_leaves=0 mirror_mismatches=0
elapsed=1.403276e+01 cycle=1304 time=1.340625e+01 dt=9.375000e-03
CARTOON_AMR_TRANSACTION cycle=1305 requested_refine=0 requested_derefine_leaves=14 accepted_derefine_parents=0 created_leaves=0 deleted_leaves=0 mirror_mismatches=0
elapsed=1.404187e+01 cycle=1305 time=1.341563e+01 dt=9.375000e-03
CARTOON_AMR_TRANSACTION cycle=1306 requested_refine=0 requested_derefine_leaves=14 accepted_derefine_parents=0 created_leaves=0 deleted_leaves=0 mirror_mismatches=0
elapsed=1.405095e+01 cycle=1306 time=1.342500e+01 dt=9.375000e-03
CARTOON_AMR_TRANSACTION cycle=1307 requested_refine=0 requested_derefine_leaves=14 accepted_derefine_parents=0 created_leaves=0 deleted_leaves=0 mirror_mismatches=0
elapsed=1.405991e+01 cycle=1307 time=1.343438e+01 dt=9.375000e-03
CARTOON_AMR_TRANSACTION cycle=1308 requested_refine=0 requested_derefine_leaves=14 accepted_derefine_parents=0 created_leaves=0 deleted_leaves=0 mirror_mismatches=0
elapsed=1.407180e+01 cycle=1308 time=1.344375e+01 dt=9.375000e-03
CARTOON_AMR_TRANSACTION cycle=1309 requested_refine=0 requested_derefine_leaves=14 accepted_derefine_parents=0 created_leaves=0 deleted_leaves=0 mirror_mismatches=0
elapsed=1.408080e+01 cycle=1309 time=1.345313e+01 dt=9.375000e-03
CARTOON_AMR_TRANSACTION cycle=1310 requested_refine=0 requested_derefine_leaves=14 accepted_derefine_parents=0 created_leaves=0 deleted_leaves=0 mirror_mismatches=0
elapsed=1.408992e+01 cycle=1310 time=1.346250e+01 dt=9.375000e-03
CARTOON_AMR_TRANSACTION cycle=1311 requested_refine=0 requested_derefine_leaves=14 accepted_derefine_parents=0 created_leaves=0 deleted_leaves=0 mirror_mismatches=0
elapsed=1.409893e+01 cycle=1311 time=1.347188e+01 dt=9.375000e-03
CARTOON_AMR_TRANSACTION cycle=1312 requested_refine=0 requested_derefine_leaves=14 accepted_derefine_parents=0 created_leaves=0 deleted_leaves=0 mirror_mismatches=0
elapsed=1.411095e+01 cycle=1312 time=1.348125e+01 dt=9.375000e-03
CARTOON_AMR_TRANSACTION cycle=1313 requested_refine=0 requested_derefine_leaves=14 accepted_derefine_parents=0 created_leaves=0 deleted_leaves=0 mirror_mismatches=0
elapsed=1.412000e+01 cycle=1313 time=1.349063e+01 dt=9.375000e-03
CARTOON_AMR_TRANSACTION cycle=1314 requested_refine=0 requested_derefine_leaves=14 accepted_derefine_parents=0 created_leaves=0 deleted_leaves=0 mirror_mismatches=0
elapsed=1.412893e+01 cycle=1314 time=1.350000e+01 dt=9.375000e-03
CARTOON_AMR_TRANSACTION cycle=1315 requested_refine=0 requested_derefine_leaves=14 accepted_derefine_parents=0 created_leaves=0 deleted_leaves=0 mirror_mismatches=0
elapsed=1.413789e+01 cycle=1315 time=1.350938e+01 dt=9.375000e-03
CARTOON_AMR_TRANSACTION cycle=1316 requested_refine=0 requested_derefine_leaves=14 accepted_derefine_parents=0 created_leaves=0 deleted_leaves=0 mirror_mismatches=0
elapsed=1.414978e+01 cycle=1316 time=1.351875e+01 dt=9.375000e-03
CARTOON_AMR_TRANSACTION cycle=1317 requested_refine=0 requested_derefine_leaves=14 accepted_derefine_parents=0 created_leaves=0 deleted_leaves=0 mirror_mismatches=0
elapsed=1.415902e+01 cycle=1317 time=1.352813e+01 dt=9.375000e-03
CARTOON_AMR_TRANSACTION cycle=1318 requested_refine=0 requested_derefine_leaves=14 accepted_derefine_parents=0 created_leaves=0 deleted_leaves=0 mirror_mismatches=0
elapsed=1.416813e+01 cycle=1318 time=1.353750e+01 dt=9.375000e-03
CARTOON_AMR_TRANSACTION cycle=1319 requested_refine=0 requested_derefine_leaves=14 accepted_derefine_parents=0 created_leaves=0 deleted_leaves=0 mirror_mismatches=0
elapsed=1.417724e+01 cycle=1319 time=1.354688e+01 dt=9.375000e-03
CARTOON_AMR_TRANSACTION cycle=1320 requested_refine=0 requested_derefine_leaves=14 accepted_derefine_parents=0 created_leaves=0 deleted_leaves=0 mirror_mismatches=0
elapsed=1.419004e+01 cycle=1320 time=1.355625e+01 dt=9.375000e-03
CARTOON_AMR_TRANSACTION cycle=1321 requested_refine=0 requested_derefine_leaves=14 accepted_derefine_parents=0 created_leaves=0 deleted_leaves=0 mirror_mismatches=0
elapsed=1.419921e+01 cycle=1321 time=1.356563e+01 dt=9.375000e-03
CARTOON_AMR_TRANSACTION cycle=1322 requested_refine=0 requested_derefine_leaves=14 accepted_derefine_parents=0 created_leaves=0 deleted_leaves=0 mirror_mismatches=0
elapsed=1.420815e+01 cycle=1322 time=1.357500e+01 dt=9.375000e-03
CARTOON_AMR_TRANSACTION cycle=1323 requested_refine=0 requested_derefine_leaves=14 accepted_derefine_parents=0 created_leaves=0 deleted_leaves=0 mirror_mismatches=0
elapsed=1.421705e+01 cycle=1323 time=1.358438e+01 dt=9.375000e-03
CARTOON_AMR_TRANSACTION cycle=1324 requested_refine=0 requested_derefine_leaves=14 accepted_derefine_parents=0 created_leaves=0 deleted_leaves=0 mirror_mismatches=0
elapsed=1.422874e+01 cycle=1324 time=1.359375e+01 dt=9.375000e-03
CARTOON_AMR_TRANSACTION cycle=1325 requested_refine=0 requested_derefine_leaves=14 accepted_derefine_parents=0 created_leaves=0 deleted_leaves=0 mirror_mismatches=0
elapsed=1.423774e+01 cycle=1325 time=1.360313e+01 dt=9.375000e-03
CARTOON_AMR_TRANSACTION cycle=1326 requested_refine=0 requested_derefine_leaves=14 accepted_derefine_parents=0 created_leaves=0 deleted_leaves=0 mirror_mismatches=0
elapsed=1.424674e+01 cycle=1326 time=1.361250e+01 dt=9.375000e-03
CARTOON_AMR_TRANSACTION cycle=1327 requested_refine=0 requested_derefine_leaves=14 accepted_derefine_parents=0 created_leaves=0 deleted_leaves=0 mirror_mismatches=0
elapsed=1.425565e+01 cycle=1327 time=1.362188e+01 dt=9.375000e-03
CARTOON_AMR_TRANSACTION cycle=1328 requested_refine=0 requested_derefine_leaves=14 accepted_derefine_parents=0 created_leaves=0 deleted_leaves=0 mirror_mismatches=0
elapsed=1.426728e+01 cycle=1328 time=1.363125e+01 dt=9.375000e-03
CARTOON_AMR_TRANSACTION cycle=1329 requested_refine=0 requested_derefine_leaves=14 accepted_derefine_parents=0 created_leaves=0 deleted_leaves=0 mirror_mismatches=0
elapsed=1.427628e+01 cycle=1329 time=1.364063e+01 dt=9.375000e-03
CARTOON_AMR_TRANSACTION cycle=1330 requested_refine=0 requested_derefine_leaves=14 accepted_derefine_parents=0 created_leaves=0 deleted_leaves=0 mirror_mismatches=0
elapsed=1.428524e+01 cycle=1330 time=1.365000e+01 dt=9.375000e-03
CARTOON_AMR_TRANSACTION cycle=1331 requested_refine=0 requested_derefine_leaves=14 accepted_derefine_parents=0 created_leaves=0 deleted_leaves=0 mirror_mismatches=0
elapsed=1.429415e+01 cycle=1331 time=1.365938e+01 dt=9.375000e-03
CARTOON_AMR_TRANSACTION cycle=1332 requested_refine=0 requested_derefine_leaves=14 accepted_derefine_parents=0 created_leaves=0 deleted_leaves=0 mirror_mismatches=0
elapsed=1.430592e+01 cycle=1332 time=1.366875e+01 dt=9.375000e-03
CARTOON_AMR_TRANSACTION cycle=1333 requested_refine=0 requested_derefine_leaves=14 accepted_derefine_parents=0 created_leaves=0 deleted_leaves=0 mirror_mismatches=0
elapsed=1.431497e+01 cycle=1333 time=1.367813e+01 dt=9.375000e-03
CARTOON_AMR_TRANSACTION cycle=1334 requested_refine=0 requested_derefine_leaves=14 accepted_derefine_parents=0 created_leaves=0 deleted_leaves=0 mirror_mismatches=0
elapsed=1.432390e+01 cycle=1334 time=1.368750e+01 dt=9.375000e-03
CARTOON_AMR_TRANSACTION cycle=1335 requested_refine=0 requested_derefine_leaves=14 accepted_derefine_parents=0 created_leaves=0 deleted_leaves=0 mirror_mismatches=0
elapsed=1.433278e+01 cycle=1335 time=1.369688e+01 dt=9.375000e-03
CARTOON_AMR_TRANSACTION cycle=1336 requested_refine=0 requested_derefine_leaves=14 accepted_derefine_parents=0 created_leaves=0 deleted_leaves=0 mirror_mismatches=0
elapsed=1.434439e+01 cycle=1336 time=1.370625e+01 dt=9.375000e-03
CARTOON_AMR_TRANSACTION cycle=1337 requested_refine=0 requested_derefine_leaves=14 accepted_derefine_parents=0 created_leaves=0 deleted_leaves=0 mirror_mismatches=0
elapsed=1.435349e+01 cycle=1337 time=1.371563e+01 dt=9.375000e-03
CARTOON_AMR_TRANSACTION cycle=1338 requested_refine=0 requested_derefine_leaves=14 accepted_derefine_parents=0 created_leaves=0 deleted_leaves=0 mirror_mismatches=0
elapsed=1.436236e+01 cycle=1338 time=1.372500e+01 dt=9.375000e-03
CARTOON_AMR_TRANSACTION cycle=1339 requested_refine=0 requested_derefine_leaves=14 accepted_derefine_parents=0 created_leaves=0 deleted_leaves=0 mirror_mismatches=0
elapsed=1.437123e+01 cycle=1339 time=1.373438e+01 dt=9.375000e-03
CARTOON_AMR_TRANSACTION cycle=1340 requested_refine=0 requested_derefine_leaves=14 accepted_derefine_parents=0 created_leaves=0 deleted_leaves=0 mirror_mismatches=0
elapsed=1.438306e+01 cycle=1340 time=1.374375e+01 dt=9.375000e-03
CARTOON_AMR_TRANSACTION cycle=1341 requested_refine=2 requested_derefine_leaves=14 accepted_derefine_parents=0 created_leaves=6 deleted_leaves=0 mirror_mismatches=0
AMR_Z4C_CHI_PROLONGATION cycle=1341 local_fallback_groups=0,0,0,0 global_fallback_groups=0 global_high_order_groups=2048
elapsed=1.439661e+01 cycle=1341 time=1.375313e+01 dt=4.687500e-03
CARTOON_AMR_TRANSACTION cycle=1342 requested_refine=0 requested_derefine_leaves=20 accepted_derefine_parents=0 created_leaves=0 deleted_leaves=0 mirror_mismatches=0
elapsed=1.440745e+01 cycle=1342 time=1.375781e+01 dt=4.687500e-03
CARTOON_AMR_TRANSACTION cycle=1343 requested_refine=0 requested_derefine_leaves=20 accepted_derefine_parents=0 created_leaves=0 deleted_leaves=0 mirror_mismatches=0
elapsed=1.441811e+01 cycle=1343 time=1.376250e+01 dt=4.687500e-03
CARTOON_AMR_TRANSACTION cycle=1344 requested_refine=0 requested_derefine_leaves=20 accepted_derefine_parents=0 created_leaves=0 deleted_leaves=0 mirror_mismatches=0
elapsed=1.447640e+01 cycle=1344 time=1.376719e+01 dt=4.687500e-03
CARTOON_AMR_TRANSACTION cycle=1345 requested_refine=0 requested_derefine_leaves=20 accepted_derefine_parents=0 created_leaves=0 deleted_leaves=0 mirror_mismatches=0
elapsed=1.448737e+01 cycle=1345 time=1.377188e+01 dt=4.687500e-03
CARTOON_AMR_TRANSACTION cycle=1346 requested_refine=0 requested_derefine_leaves=20 accepted_derefine_parents=0 created_leaves=0 deleted_leaves=0 mirror_mismatches=0
elapsed=1.449837e+01 cycle=1346 time=1.377656e+01 dt=4.687500e-03
CARTOON_AMR_TRANSACTION cycle=1347 requested_refine=0 requested_derefine_leaves=20 accepted_derefine_parents=0 created_leaves=0 deleted_leaves=0 mirror_mismatches=0
elapsed=1.450917e+01 cycle=1347 time=1.378125e+01 dt=4.687500e-03
CARTOON_AMR_TRANSACTION cycle=1348 requested_refine=0 requested_derefine_leaves=20 accepted_derefine_parents=0 created_leaves=0 deleted_leaves=0 mirror_mismatches=0
elapsed=1.452293e+01 cycle=1348 time=1.378594e+01 dt=4.687500e-03
CARTOON_AMR_TRANSACTION cycle=1349 requested_refine=0 requested_derefine_leaves=20 accepted_derefine_parents=0 created_leaves=0 deleted_leaves=0 mirror_mismatches=0
elapsed=1.453388e+01 cycle=1349 time=1.379063e+01 dt=4.687500e-03
CARTOON_AMR_TRANSACTION cycle=1350 requested_refine=0 requested_derefine_leaves=20 accepted_derefine_parents=0 created_leaves=0 deleted_leaves=0 mirror_mismatches=0
elapsed=1.454475e+01 cycle=1350 time=1.379531e+01 dt=4.687500e-03
CARTOON_AMR_TRANSACTION cycle=1351 requested_refine=0 requested_derefine_leaves=20 accepted_derefine_parents=0 created_leaves=0 deleted_leaves=0 mirror_mismatches=0
elapsed=1.455542e+01 cycle=1351 time=1.380000e+01 dt=4.687500e-03
CARTOON_AMR_TRANSACTION cycle=1352 requested_refine=0 requested_derefine_leaves=20 accepted_derefine_parents=0 created_leaves=0 deleted_leaves=0 mirror_mismatches=0
elapsed=1.456890e+01 cycle=1352 time=1.380469e+01 dt=4.687500e-03
CARTOON_AMR_TRANSACTION cycle=1353 requested_refine=0 requested_derefine_leaves=20 accepted_derefine_parents=0 created_leaves=0 deleted_leaves=0 mirror_mismatches=0
elapsed=1.457971e+01 cycle=1353 time=1.380938e+01 dt=4.687500e-03
CARTOON_AMR_TRANSACTION cycle=1354 requested_refine=0 requested_derefine_leaves=20 accepted_derefine_parents=0 created_leaves=0 deleted_leaves=0 mirror_mismatches=0
elapsed=1.459037e+01 cycle=1354 time=1.381406e+01 dt=4.687500e-03
CARTOON_AMR_TRANSACTION cycle=1355 requested_refine=0 requested_derefine_leaves=20 accepted_derefine_parents=0 created_leaves=0 deleted_leaves=0 mirror_mismatches=0
elapsed=1.460110e+01 cycle=1355 time=1.381875e+01 dt=4.687500e-03
CARTOON_AMR_TRANSACTION cycle=1356 requested_refine=0 requested_derefine_leaves=20 accepted_derefine_parents=0 created_leaves=0 deleted_leaves=0 mirror_mismatches=0
elapsed=1.461491e+01 cycle=1356 time=1.382344e+01 dt=4.687500e-03
CARTOON_AMR_TRANSACTION cycle=1357 requested_refine=0 requested_derefine_leaves=20 accepted_derefine_parents=0 created_leaves=0 deleted_leaves=0 mirror_mismatches=0
elapsed=1.462567e+01 cycle=1357 time=1.382813e+01 dt=4.687500e-03
CARTOON_AMR_TRANSACTION cycle=1358 requested_refine=0 requested_derefine_leaves=22 accepted_derefine_parents=0 created_leaves=0 deleted_leaves=0 mirror_mismatches=0
elapsed=1.463644e+01 cycle=1358 time=1.383281e+01 dt=4.687500e-03
CARTOON_AMR_TRANSACTION cycle=1359 requested_refine=0 requested_derefine_leaves=22 accepted_derefine_parents=0 created_leaves=0 deleted_leaves=0 mirror_mismatches=0
elapsed=1.464713e+01 cycle=1359 time=1.383750e+01 dt=4.687500e-03
CARTOON_AMR_TRANSACTION cycle=1360 requested_refine=0 requested_derefine_leaves=22 accepted_derefine_parents=0 created_leaves=0 deleted_leaves=0 mirror_mismatches=0
elapsed=1.466067e+01 cycle=1360 time=1.384219e+01 dt=4.687500e-03
CARTOON_AMR_TRANSACTION cycle=1361 requested_refine=0 requested_derefine_leaves=22 accepted_derefine_parents=0 created_leaves=0 deleted_leaves=0 mirror_mismatches=0
elapsed=1.467147e+01 cycle=1361 time=1.384688e+01 dt=4.687500e-03
CARTOON_AMR_TRANSACTION cycle=1362 requested_refine=0 requested_derefine_leaves=22 accepted_derefine_parents=0 created_leaves=0 deleted_leaves=0 mirror_mismatches=0
elapsed=1.468214e+01 cycle=1362 time=1.385156e+01 dt=4.687500e-03
CARTOON_AMR_TRANSACTION cycle=1363 requested_refine=0 requested_derefine_leaves=22 accepted_derefine_parents=0 created_leaves=0 deleted_leaves=0 mirror_mismatches=0
elapsed=1.469277e+01 cycle=1363 time=1.385625e+01 dt=4.687500e-03
CARTOON_AMR_TRANSACTION cycle=1364 requested_refine=0 requested_derefine_leaves=22 accepted_derefine_parents=0 created_leaves=0 deleted_leaves=0 mirror_mismatches=0
elapsed=1.470639e+01 cycle=1364 time=1.386094e+01 dt=4.687500e-03
CARTOON_AMR_TRANSACTION cycle=1365 requested_refine=0 requested_derefine_leaves=22 accepted_derefine_parents=0 created_leaves=0 deleted_leaves=0 mirror_mismatches=0
elapsed=1.471722e+01 cycle=1365 time=1.386563e+01 dt=4.687500e-03
CARTOON_AMR_TRANSACTION cycle=1366 requested_refine=0 requested_derefine_leaves=22 accepted_derefine_parents=0 created_leaves=0 deleted_leaves=0 mirror_mismatches=0
elapsed=1.472787e+01 cycle=1366 time=1.387031e+01 dt=4.687500e-03
CARTOON_AMR_TRANSACTION cycle=1367 requested_refine=0 requested_derefine_leaves=22 accepted_derefine_parents=0 created_leaves=0 deleted_leaves=0 mirror_mismatches=0
elapsed=1.473847e+01 cycle=1367 time=1.387500e+01 dt=4.687500e-03
CARTOON_AMR_TRANSACTION cycle=1368 requested_refine=0 requested_derefine_leaves=22 accepted_derefine_parents=0 created_leaves=0 deleted_leaves=0 mirror_mismatches=0
elapsed=1.475227e+01 cycle=1368 time=1.387969e+01 dt=4.687500e-03
CARTOON_AMR_TRANSACTION cycle=1369 requested_refine=0 requested_derefine_leaves=22 accepted_derefine_parents=0 created_leaves=0 deleted_leaves=0 mirror_mismatches=0
elapsed=1.476306e+01 cycle=1369 time=1.388438e+01 dt=4.687500e-03
CARTOON_AMR_TRANSACTION cycle=1370 requested_refine=0 requested_derefine_leaves=22 accepted_derefine_parents=0 created_leaves=0 deleted_leaves=0 mirror_mismatches=0
elapsed=1.477375e+01 cycle=1370 time=1.388906e+01 dt=4.687500e-03
CARTOON_AMR_TRANSACTION cycle=1371 requested_refine=0 requested_derefine_leaves=22 accepted_derefine_parents=0 created_leaves=0 deleted_leaves=0 mirror_mismatches=0
elapsed=1.478439e+01 cycle=1371 time=1.389375e+01 dt=4.687500e-03
CARTOON_AMR_TRANSACTION cycle=1372 requested_refine=0 requested_derefine_leaves=22 accepted_derefine_parents=0 created_leaves=0 deleted_leaves=0 mirror_mismatches=0
elapsed=1.479792e+01 cycle=1372 time=1.389844e+01 dt=4.687500e-03
CARTOON_AMR_TRANSACTION cycle=1373 requested_refine=0 requested_derefine_leaves=22 accepted_derefine_parents=0 created_leaves=0 deleted_leaves=0 mirror_mismatches=0
elapsed=1.480891e+01 cycle=1373 time=1.390313e+01 dt=4.687500e-03
CARTOON_AMR_TRANSACTION cycle=1374 requested_refine=0 requested_derefine_leaves=22 accepted_derefine_parents=0 created_leaves=0 deleted_leaves=0 mirror_mismatches=0
elapsed=1.481969e+01 cycle=1374 time=1.390781e+01 dt=4.687500e-03
CARTOON_AMR_TRANSACTION cycle=1375 requested_refine=0 requested_derefine_leaves=22 accepted_derefine_parents=0 created_leaves=0 deleted_leaves=0 mirror_mismatches=0
elapsed=1.483033e+01 cycle=1375 time=1.391250e+01 dt=4.687500e-03
CARTOON_AMR_TRANSACTION cycle=1376 requested_refine=0 requested_derefine_leaves=22 accepted_derefine_parents=0 created_leaves=0 deleted_leaves=0 mirror_mismatches=0
elapsed=1.484390e+01 cycle=1376 time=1.391719e+01 dt=4.687500e-03
CARTOON_AMR_TRANSACTION cycle=1377 requested_refine=0 requested_derefine_leaves=22 accepted_derefine_parents=0 created_leaves=0 deleted_leaves=0 mirror_mismatches=0
elapsed=1.485481e+01 cycle=1377 time=1.392188e+01 dt=4.687500e-03
CARTOON_AMR_TRANSACTION cycle=1378 requested_refine=0 requested_derefine_leaves=22 accepted_derefine_parents=0 created_leaves=0 deleted_leaves=0 mirror_mismatches=0
elapsed=1.486549e+01 cycle=1378 time=1.392656e+01 dt=4.687500e-03
CARTOON_AMR_TRANSACTION cycle=1379 requested_refine=0 requested_derefine_leaves=22 accepted_derefine_parents=0 created_leaves=0 deleted_leaves=0 mirror_mismatches=0
elapsed=1.487602e+01 cycle=1379 time=1.393125e+01 dt=4.687500e-03
CARTOON_AMR_TRANSACTION cycle=1380 requested_refine=0 requested_derefine_leaves=22 accepted_derefine_parents=0 created_leaves=0 deleted_leaves=0 mirror_mismatches=0
elapsed=1.488926e+01 cycle=1380 time=1.393594e+01 dt=4.687500e-03
CARTOON_AMR_TRANSACTION cycle=1381 requested_refine=0 requested_derefine_leaves=22 accepted_derefine_parents=0 created_leaves=0 deleted_leaves=0 mirror_mismatches=0
elapsed=1.490030e+01 cycle=1381 time=1.394063e+01 dt=4.687500e-03
CARTOON_AMR_TRANSACTION cycle=1382 requested_refine=0 requested_derefine_leaves=22 accepted_derefine_parents=0 created_leaves=0 deleted_leaves=0 mirror_mismatches=0
elapsed=1.491105e+01 cycle=1382 time=1.394531e+01 dt=4.687500e-03
CARTOON_AMR_TRANSACTION cycle=1383 requested_refine=0 requested_derefine_leaves=22 accepted_derefine_parents=0 created_leaves=0 deleted_leaves=0 mirror_mismatches=0
elapsed=1.492179e+01 cycle=1383 time=1.395000e+01 dt=4.687500e-03
CARTOON_AMR_TRANSACTION cycle=1384 requested_refine=0 requested_derefine_leaves=22 accepted_derefine_parents=0 created_leaves=0 deleted_leaves=0 mirror_mismatches=0
elapsed=1.493554e+01 cycle=1384 time=1.395469e+01 dt=4.687500e-03
CARTOON_AMR_TRANSACTION cycle=1385 requested_refine=0 requested_derefine_leaves=22 accepted_derefine_parents=0 created_leaves=0 deleted_leaves=0 mirror_mismatches=0
elapsed=1.494647e+01 cycle=1385 time=1.395938e+01 dt=4.687500e-03
CARTOON_AMR_TRANSACTION cycle=1386 requested_refine=0 requested_derefine_leaves=22 accepted_derefine_parents=0 created_leaves=0 deleted_leaves=0 mirror_mismatches=0
elapsed=1.495716e+01 cycle=1386 time=1.396406e+01 dt=4.687500e-03
CARTOON_AMR_TRANSACTION cycle=1387 requested_refine=0 requested_derefine_leaves=22 accepted_derefine_parents=0 created_leaves=0 deleted_leaves=0 mirror_mismatches=0
elapsed=1.496780e+01 cycle=1387 time=1.396875e+01 dt=4.687500e-03
CARTOON_AMR_TRANSACTION cycle=1388 requested_refine=0 requested_derefine_leaves=22 accepted_derefine_parents=0 created_leaves=0 deleted_leaves=0 mirror_mismatches=0
elapsed=1.498122e+01 cycle=1388 time=1.397344e+01 dt=4.687500e-03
CARTOON_AMR_TRANSACTION cycle=1389 requested_refine=0 requested_derefine_leaves=22 accepted_derefine_parents=0 created_leaves=0 deleted_leaves=0 mirror_mismatches=0
elapsed=1.499221e+01 cycle=1389 time=1.397813e+01 dt=4.687500e-03
CARTOON_AMR_TRANSACTION cycle=1390 requested_refine=0 requested_derefine_leaves=22 accepted_derefine_parents=0 created_leaves=0 deleted_leaves=0 mirror_mismatches=0
elapsed=1.500286e+01 cycle=1390 time=1.398281e+01 dt=4.687500e-03
CARTOON_AMR_TRANSACTION cycle=1391 requested_refine=0 requested_derefine_leaves=22 accepted_derefine_parents=0 created_leaves=0 deleted_leaves=0 mirror_mismatches=0
elapsed=1.501353e+01 cycle=1391 time=1.398750e+01 dt=4.687500e-03
CARTOON_AMR_TRANSACTION cycle=1392 requested_refine=0 requested_derefine_leaves=22 accepted_derefine_parents=0 created_leaves=0 deleted_leaves=0 mirror_mismatches=0
elapsed=1.502711e+01 cycle=1392 time=1.399219e+01 dt=4.687500e-03
CARTOON_AMR_TRANSACTION cycle=1393 requested_refine=0 requested_derefine_leaves=22 accepted_derefine_parents=0 created_leaves=0 deleted_leaves=0 mirror_mismatches=0
elapsed=1.503801e+01 cycle=1393 time=1.399688e+01 dt=4.687500e-03
CARTOON_AMR_TRANSACTION cycle=1394 requested_refine=0 requested_derefine_leaves=22 accepted_derefine_parents=0 created_leaves=0 deleted_leaves=0 mirror_mismatches=0
elapsed=1.504879e+01 cycle=1394 time=1.400156e+01 dt=4.687500e-03
CARTOON_AMR_TRANSACTION cycle=1395 requested_refine=0 requested_derefine_leaves=22 accepted_derefine_parents=0 created_leaves=0 deleted_leaves=0 mirror_mismatches=0
elapsed=1.505942e+01 cycle=1395 time=1.400625e+01 dt=4.687500e-03
CARTOON_AMR_TRANSACTION cycle=1396 requested_refine=0 requested_derefine_leaves=22 accepted_derefine_parents=0 created_leaves=0 deleted_leaves=0 mirror_mismatches=0
elapsed=1.507285e+01 cycle=1396 time=1.401094e+01 dt=4.687500e-03
CARTOON_AMR_TRANSACTION cycle=1397 requested_refine=0 requested_derefine_leaves=22 accepted_derefine_parents=0 created_leaves=0 deleted_leaves=0 mirror_mismatches=0
elapsed=1.508381e+01 cycle=1397 time=1.401563e+01 dt=4.687500e-03
CARTOON_AMR_TRANSACTION cycle=1398 requested_refine=0 requested_derefine_leaves=22 accepted_derefine_parents=0 created_leaves=0 deleted_leaves=0 mirror_mismatches=0
elapsed=1.509454e+01 cycle=1398 time=1.402031e+01 dt=4.687500e-03
CARTOON_AMR_TRANSACTION cycle=1399 requested_refine=0 requested_derefine_leaves=22 accepted_derefine_parents=0 created_leaves=0 deleted_leaves=0 mirror_mismatches=0
elapsed=1.510534e+01 cycle=1399 time=1.402500e+01 dt=4.687500e-03
CARTOON_AMR_TRANSACTION cycle=1400 requested_refine=0 requested_derefine_leaves=22 accepted_derefine_parents=0 created_leaves=0 deleted_leaves=0 mirror_mismatches=0
elapsed=1.511898e+01 cycle=1400 time=1.402969e+01 dt=4.687500e-03
CARTOON_AMR_TRANSACTION cycle=1401 requested_refine=0 requested_derefine_leaves=22 accepted_derefine_parents=0 created_leaves=0 deleted_leaves=0 mirror_mismatches=0
elapsed=1.512993e+01 cycle=1401 time=1.403438e+01 dt=4.687500e-03
CARTOON_AMR_TRANSACTION cycle=1402 requested_refine=0 requested_derefine_leaves=20 accepted_derefine_parents=0 created_leaves=0 deleted_leaves=0 mirror_mismatches=0
elapsed=1.514066e+01 cycle=1402 time=1.403906e+01 dt=4.687500e-03
CARTOON_AMR_TRANSACTION cycle=1403 requested_refine=0 requested_derefine_leaves=20 accepted_derefine_parents=0 created_leaves=0 deleted_leaves=0 mirror_mismatches=0
elapsed=1.515131e+01 cycle=1403 time=1.404375e+01 dt=4.687500e-03
CARTOON_AMR_TRANSACTION cycle=1404 requested_refine=0 requested_derefine_leaves=20 accepted_derefine_parents=0 created_leaves=0 deleted_leaves=0 mirror_mismatches=0
elapsed=1.516510e+01 cycle=1404 time=1.404844e+01 dt=4.687500e-03
CARTOON_AMR_TRANSACTION cycle=1405 requested_refine=0 requested_derefine_leaves=20 accepted_derefine_parents=0 created_leaves=0 deleted_leaves=0 mirror_mismatches=0
elapsed=1.517611e+01 cycle=1405 time=1.405313e+01 dt=4.687500e-03
CARTOON_AMR_TRANSACTION cycle=1406 requested_refine=0 requested_derefine_leaves=20 accepted_derefine_parents=0 created_leaves=0 deleted_leaves=0 mirror_mismatches=0
elapsed=1.518700e+01 cycle=1406 time=1.405781e+01 dt=4.687500e-03
CARTOON_AMR_TRANSACTION cycle=1407 requested_refine=0 requested_derefine_leaves=20 accepted_derefine_parents=0 created_leaves=0 deleted_leaves=0 mirror_mismatches=0
elapsed=1.519779e+01 cycle=1407 time=1.406250e+01 dt=4.687500e-03
CARTOON_AMR_TRANSACTION cycle=1408 requested_refine=0 requested_derefine_leaves=20 accepted_derefine_parents=0 created_leaves=0 deleted_leaves=0 mirror_mismatches=0
elapsed=1.528676e+01 cycle=1408 time=1.406719e+01 dt=4.687500e-03
CARTOON_AMR_TRANSACTION cycle=1409 requested_refine=0 requested_derefine_leaves=20 accepted_derefine_parents=0 created_leaves=0 deleted_leaves=0 mirror_mismatches=0
elapsed=1.529781e+01 cycle=1409 time=1.407188e+01 dt=4.687500e-03
CARTOON_AMR_TRANSACTION cycle=1410 requested_refine=0 requested_derefine_leaves=20 accepted_derefine_parents=0 created_leaves=0 deleted_leaves=0 mirror_mismatches=0
elapsed=1.530882e+01 cycle=1410 time=1.407656e+01 dt=4.687500e-03
CARTOON_AMR_TRANSACTION cycle=1411 requested_refine=0 requested_derefine_leaves=20 accepted_derefine_parents=0 created_leaves=0 deleted_leaves=0 mirror_mismatches=0
elapsed=1.531980e+01 cycle=1411 time=1.408125e+01 dt=4.687500e-03
CARTOON_AMR_TRANSACTION cycle=1412 requested_refine=0 requested_derefine_leaves=20 accepted_derefine_parents=0 created_leaves=0 deleted_leaves=0 mirror_mismatches=0
elapsed=1.533342e+01 cycle=1412 time=1.408594e+01 dt=4.687500e-03
CARTOON_AMR_TRANSACTION cycle=1413 requested_refine=0 requested_derefine_leaves=20 accepted_derefine_parents=0 created_leaves=0 deleted_leaves=0 mirror_mismatches=0
elapsed=1.534436e+01 cycle=1413 time=1.409063e+01 dt=4.687500e-03
CARTOON_AMR_TRANSACTION cycle=1414 requested_refine=0 requested_derefine_leaves=20 accepted_derefine_parents=0 created_leaves=0 deleted_leaves=0 mirror_mismatches=0
elapsed=1.535529e+01 cycle=1414 time=1.409531e+01 dt=4.687500e-03
CARTOON_AMR_TRANSACTION cycle=1415 requested_refine=0 requested_derefine_leaves=20 accepted_derefine_parents=0 created_leaves=0 deleted_leaves=0 mirror_mismatches=0
elapsed=1.536631e+01 cycle=1415 time=1.410000e+01 dt=4.687500e-03
CARTOON_AMR_TRANSACTION cycle=1416 requested_refine=0 requested_derefine_leaves=20 accepted_derefine_parents=0 created_leaves=0 deleted_leaves=0 mirror_mismatches=0
elapsed=1.538011e+01 cycle=1416 time=1.410469e+01 dt=4.687500e-03
CARTOON_AMR_TRANSACTION cycle=1417 requested_refine=0 requested_derefine_leaves=20 accepted_derefine_parents=0 created_leaves=0 deleted_leaves=0 mirror_mismatches=0
elapsed=1.539108e+01 cycle=1417 time=1.410938e+01 dt=4.687500e-03
CARTOON_AMR_TRANSACTION cycle=1418 requested_refine=0 requested_derefine_leaves=20 accepted_derefine_parents=0 created_leaves=0 deleted_leaves=0 mirror_mismatches=0
elapsed=1.540194e+01 cycle=1418 time=1.411406e+01 dt=4.687500e-03
CARTOON_AMR_TRANSACTION cycle=1419 requested_refine=0 requested_derefine_leaves=20 accepted_derefine_parents=0 created_leaves=0 deleted_leaves=0 mirror_mismatches=0
elapsed=1.541256e+01 cycle=1419 time=1.411875e+01 dt=4.687500e-03
CARTOON_AMR_TRANSACTION cycle=1420 requested_refine=0 requested_derefine_leaves=20 accepted_derefine_parents=0 created_leaves=0 deleted_leaves=0 mirror_mismatches=0
elapsed=1.542618e+01 cycle=1420 time=1.412344e+01 dt=4.687500e-03
CARTOON_AMR_TRANSACTION cycle=1421 requested_refine=0 requested_derefine_leaves=20 accepted_derefine_parents=0 created_leaves=0 deleted_leaves=0 mirror_mismatches=0
elapsed=1.543698e+01 cycle=1421 time=1.412813e+01 dt=4.687500e-03
CARTOON_AMR_TRANSACTION cycle=1422 requested_refine=0 requested_derefine_leaves=20 accepted_derefine_parents=0 created_leaves=0 deleted_leaves=0 mirror_mismatches=0
elapsed=1.544770e+01 cycle=1422 time=1.413281e+01 dt=4.687500e-03
CARTOON_AMR_TRANSACTION cycle=1423 requested_refine=0 requested_derefine_leaves=20 accepted_derefine_parents=0 created_leaves=0 deleted_leaves=0 mirror_mismatches=0
elapsed=1.545849e+01 cycle=1423 time=1.413750e+01 dt=4.687500e-03
CARTOON_AMR_TRANSACTION cycle=1424 requested_refine=0 requested_derefine_leaves=20 accepted_derefine_parents=0 created_leaves=0 deleted_leaves=0 mirror_mismatches=0
elapsed=1.547207e+01 cycle=1424 time=1.414219e+01 dt=4.687500e-03
CARTOON_AMR_TRANSACTION cycle=1425 requested_refine=0 requested_derefine_leaves=20 accepted_derefine_parents=0 created_leaves=0 deleted_leaves=0 mirror_mismatches=0
elapsed=1.548286e+01 cycle=1425 time=1.414688e+01 dt=4.687500e-03
CARTOON_AMR_TRANSACTION cycle=1426 requested_refine=0 requested_derefine_leaves=20 accepted_derefine_parents=0 created_leaves=0 deleted_leaves=0 mirror_mismatches=0
elapsed=1.549366e+01 cycle=1426 time=1.415156e+01 dt=4.687500e-03
CARTOON_AMR_TRANSACTION cycle=1427 requested_refine=0 requested_derefine_leaves=20 accepted_derefine_parents=0 created_leaves=0 deleted_leaves=0 mirror_mismatches=0
elapsed=1.550430e+01 cycle=1427 time=1.415625e+01 dt=4.687500e-03
CARTOON_AMR_TRANSACTION cycle=1428 requested_refine=0 requested_derefine_leaves=20 accepted_derefine_parents=0 created_leaves=0 deleted_leaves=0 mirror_mismatches=0
elapsed=1.551769e+01 cycle=1428 time=1.416094e+01 dt=4.687500e-03
CARTOON_AMR_TRANSACTION cycle=1429 requested_refine=0 requested_derefine_leaves=20 accepted_derefine_parents=0 created_leaves=0 deleted_leaves=0 mirror_mismatches=0
elapsed=1.552846e+01 cycle=1429 time=1.416563e+01 dt=4.687500e-03
CARTOON_AMR_TRANSACTION cycle=1430 requested_refine=0 requested_derefine_leaves=20 accepted_derefine_parents=0 created_leaves=0 deleted_leaves=0 mirror_mismatches=0
elapsed=1.553913e+01 cycle=1430 time=1.417031e+01 dt=4.687500e-03
CARTOON_AMR_TRANSACTION cycle=1431 requested_refine=0 requested_derefine_leaves=18 accepted_derefine_parents=0 created_leaves=0 deleted_leaves=0 mirror_mismatches=0
elapsed=1.554976e+01 cycle=1431 time=1.417500e+01 dt=4.687500e-03
CARTOON_AMR_TRANSACTION cycle=1432 requested_refine=0 requested_derefine_leaves=18 accepted_derefine_parents=0 created_leaves=0 deleted_leaves=0 mirror_mismatches=0
elapsed=1.556323e+01 cycle=1432 time=1.417969e+01 dt=4.687500e-03
CARTOON_AMR_TRANSACTION cycle=1433 requested_refine=0 requested_derefine_leaves=18 accepted_derefine_parents=0 created_leaves=0 deleted_leaves=0 mirror_mismatches=0
elapsed=1.557415e+01 cycle=1433 time=1.418438e+01 dt=4.687500e-03
CARTOON_AMR_TRANSACTION cycle=1434 requested_refine=0 requested_derefine_leaves=18 accepted_derefine_parents=0 created_leaves=0 deleted_leaves=0 mirror_mismatches=0
elapsed=1.558478e+01 cycle=1434 time=1.418906e+01 dt=4.687500e-03
CARTOON_AMR_TRANSACTION cycle=1435 requested_refine=0 requested_derefine_leaves=18 accepted_derefine_parents=0 created_leaves=0 deleted_leaves=0 mirror_mismatches=0
elapsed=1.559543e+01 cycle=1435 time=1.419375e+01 dt=4.687500e-03
CARTOON_AMR_TRANSACTION cycle=1436 requested_refine=0 requested_derefine_leaves=18 accepted_derefine_parents=0 created_leaves=0 deleted_leaves=0 mirror_mismatches=0
elapsed=1.560891e+01 cycle=1436 time=1.419844e+01 dt=4.687500e-03
CARTOON_AMR_TRANSACTION cycle=1437 requested_refine=0 requested_derefine_leaves=18 accepted_derefine_parents=0 created_leaves=0 deleted_leaves=0 mirror_mismatches=0
elapsed=1.561992e+01 cycle=1437 time=1.420313e+01 dt=4.687500e-03
CARTOON_AMR_TRANSACTION cycle=1438 requested_refine=0 requested_derefine_leaves=18 accepted_derefine_parents=0 created_leaves=0 deleted_leaves=0 mirror_mismatches=0
elapsed=1.563061e+01 cycle=1438 time=1.420781e+01 dt=4.687500e-03
CARTOON_AMR_TRANSACTION cycle=1439 requested_refine=0 requested_derefine_leaves=18 accepted_derefine_parents=0 created_leaves=0 deleted_leaves=0 mirror_mismatches=0
elapsed=1.564126e+01 cycle=1439 time=1.421250e+01 dt=4.687500e-03
CARTOON_AMR_TRANSACTION cycle=1440 requested_refine=0 requested_derefine_leaves=18 accepted_derefine_parents=0 created_leaves=0 deleted_leaves=0 mirror_mismatches=0
elapsed=1.565494e+01 cycle=1440 time=1.421719e+01 dt=4.687500e-03
CARTOON_AMR_TRANSACTION cycle=1441 requested_refine=0 requested_derefine_leaves=18 accepted_derefine_parents=0 created_leaves=0 deleted_leaves=0 mirror_mismatches=0
elapsed=1.566575e+01 cycle=1441 time=1.422188e+01 dt=4.687500e-03
CARTOON_AMR_TRANSACTION cycle=1442 requested_refine=0 requested_derefine_leaves=18 accepted_derefine_parents=0 created_leaves=0 deleted_leaves=0 mirror_mismatches=0
elapsed=1.567636e+01 cycle=1442 time=1.422656e+01 dt=4.687500e-03
CARTOON_AMR_TRANSACTION cycle=1443 requested_refine=0 requested_derefine_leaves=18 accepted_derefine_parents=0 created_leaves=0 deleted_leaves=0 mirror_mismatches=0
elapsed=1.568696e+01 cycle=1443 time=1.423125e+01 dt=4.687500e-03
CARTOON_AMR_TRANSACTION cycle=1444 requested_refine=0 requested_derefine_leaves=18 accepted_derefine_parents=0 created_leaves=0 deleted_leaves=0 mirror_mismatches=0
elapsed=1.570062e+01 cycle=1444 time=1.423594e+01 dt=4.687500e-03
CARTOON_AMR_TRANSACTION cycle=1445 requested_refine=0 requested_derefine_leaves=18 accepted_derefine_parents=0 created_leaves=0 deleted_leaves=0 mirror_mismatches=0
elapsed=1.571149e+01 cycle=1445 time=1.424063e+01 dt=4.687500e-03
CARTOON_AMR_TRANSACTION cycle=1446 requested_refine=0 requested_derefine_leaves=18 accepted_derefine_parents=0 created_leaves=0 deleted_leaves=0 mirror_mismatches=0
elapsed=1.572231e+01 cycle=1446 time=1.424531e+01 dt=4.687500e-03
CARTOON_AMR_TRANSACTION cycle=1447 requested_refine=0 requested_derefine_leaves=18 accepted_derefine_parents=0 created_leaves=0 deleted_leaves=0 mirror_mismatches=0
elapsed=1.573307e+01 cycle=1447 time=1.425000e+01 dt=4.687500e-03
CARTOON_AMR_TRANSACTION cycle=1448 requested_refine=0 requested_derefine_leaves=18 accepted_derefine_parents=0 created_leaves=0 deleted_leaves=0 mirror_mismatches=0
elapsed=1.574661e+01 cycle=1448 time=1.425469e+01 dt=4.687500e-03
CARTOON_AMR_TRANSACTION cycle=1449 requested_refine=0 requested_derefine_leaves=18 accepted_derefine_parents=0 created_leaves=0 deleted_leaves=0 mirror_mismatches=0
elapsed=1.575755e+01 cycle=1449 time=1.425938e+01 dt=4.687500e-03
CARTOON_AMR_TRANSACTION cycle=1450 requested_refine=0 requested_derefine_leaves=18 accepted_derefine_parents=0 created_leaves=0 deleted_leaves=0 mirror_mismatches=0
elapsed=1.576833e+01 cycle=1450 time=1.426406e+01 dt=4.687500e-03
CARTOON_AMR_TRANSACTION cycle=1451 requested_refine=0 requested_derefine_leaves=18 accepted_derefine_parents=0 created_leaves=0 deleted_leaves=0 mirror_mismatches=0
elapsed=1.577903e+01 cycle=1451 time=1.426875e+01 dt=4.687500e-03
CARTOON_AMR_TRANSACTION cycle=1452 requested_refine=0 requested_derefine_leaves=18 accepted_derefine_parents=0 created_leaves=0 deleted_leaves=0 mirror_mismatches=0
elapsed=1.579263e+01 cycle=1452 time=1.427344e+01 dt=4.687500e-03
CARTOON_AMR_TRANSACTION cycle=1453 requested_refine=0 requested_derefine_leaves=18 accepted_derefine_parents=0 created_leaves=0 deleted_leaves=0 mirror_mismatches=0
elapsed=1.580362e+01 cycle=1453 time=1.427813e+01 dt=4.687500e-03
CARTOON_AMR_TRANSACTION cycle=1454 requested_refine=0 requested_derefine_leaves=18 accepted_derefine_parents=0 created_leaves=0 deleted_leaves=0 mirror_mismatches=0
elapsed=1.581448e+01 cycle=1454 time=1.428281e+01 dt=4.687500e-03
CARTOON_AMR_TRANSACTION cycle=1455 requested_refine=0 requested_derefine_leaves=18 accepted_derefine_parents=0 created_leaves=0 deleted_leaves=0 mirror_mismatches=0
elapsed=1.582521e+01 cycle=1455 time=1.428750e+01 dt=4.687500e-03
CARTOON_AMR_TRANSACTION cycle=1456 requested_refine=0 requested_derefine_leaves=18 accepted_derefine_parents=0 created_leaves=0 deleted_leaves=0 mirror_mismatches=0
elapsed=1.583885e+01 cycle=1456 time=1.429219e+01 dt=4.687500e-03
CARTOON_AMR_TRANSACTION cycle=1457 requested_refine=0 requested_derefine_leaves=18 accepted_derefine_parents=0 created_leaves=0 deleted_leaves=0 mirror_mismatches=0
elapsed=1.584972e+01 cycle=1457 time=1.429688e+01 dt=4.687500e-03
CARTOON_AMR_TRANSACTION cycle=1458 requested_refine=0 requested_derefine_leaves=18 accepted_derefine_parents=0 created_leaves=0 deleted_leaves=0 mirror_mismatches=0
elapsed=1.586043e+01 cycle=1458 time=1.430156e+01 dt=4.687500e-03
CARTOON_AMR_TRANSACTION cycle=1459 requested_refine=0 requested_derefine_leaves=18 accepted_derefine_parents=0 created_leaves=0 deleted_leaves=0 mirror_mismatches=0
elapsed=1.587108e+01 cycle=1459 time=1.430625e+01 dt=4.687500e-03
CARTOON_AMR_TRANSACTION cycle=1460 requested_refine=0 requested_derefine_leaves=18 accepted_derefine_parents=0 created_leaves=0 deleted_leaves=0 mirror_mismatches=0
elapsed=1.588469e+01 cycle=1460 time=1.431094e+01 dt=4.687500e-03
CARTOON_AMR_TRANSACTION cycle=1461 requested_refine=0 requested_derefine_leaves=18 accepted_derefine_parents=0 created_leaves=0 deleted_leaves=0 mirror_mismatches=0
elapsed=1.589542e+01 cycle=1461 time=1.431563e+01 dt=4.687500e-03
CARTOON_AMR_TRANSACTION cycle=1462 requested_refine=0 requested_derefine_leaves=18 accepted_derefine_parents=0 created_leaves=0 deleted_leaves=0 mirror_mismatches=0
elapsed=1.590612e+01 cycle=1462 time=1.432031e+01 dt=4.687500e-03
CARTOON_AMR_TRANSACTION cycle=1463 requested_refine=0 requested_derefine_leaves=16 accepted_derefine_parents=0 created_leaves=0 deleted_leaves=0 mirror_mismatches=0
elapsed=1.591678e+01 cycle=1463 time=1.432500e+01 dt=4.687500e-03
CARTOON_AMR_TRANSACTION cycle=1464 requested_refine=0 requested_derefine_leaves=16 accepted_derefine_parents=0 created_leaves=0 deleted_leaves=0 mirror_mismatches=0
elapsed=1.593056e+01 cycle=1464 time=1.432969e+01 dt=4.687500e-03
CARTOON_AMR_TRANSACTION cycle=1465 requested_refine=0 requested_derefine_leaves=16 accepted_derefine_parents=0 created_leaves=0 deleted_leaves=0 mirror_mismatches=0
elapsed=1.594133e+01 cycle=1465 time=1.433438e+01 dt=4.687500e-03
CARTOON_AMR_TRANSACTION cycle=1466 requested_refine=0 requested_derefine_leaves=16 accepted_derefine_parents=0 created_leaves=0 deleted_leaves=0 mirror_mismatches=0
elapsed=1.595200e+01 cycle=1466 time=1.433906e+01 dt=4.687500e-03
CARTOON_AMR_TRANSACTION cycle=1467 requested_refine=0 requested_derefine_leaves=16 accepted_derefine_parents=0 created_leaves=0 deleted_leaves=0 mirror_mismatches=0
elapsed=1.596266e+01 cycle=1467 time=1.434375e+01 dt=4.687500e-03
CARTOON_AMR_TRANSACTION cycle=1468 requested_refine=0 requested_derefine_leaves=16 accepted_derefine_parents=0 created_leaves=0 deleted_leaves=0 mirror_mismatches=0
elapsed=1.597623e+01 cycle=1468 time=1.434844e+01 dt=4.687500e-03
CARTOON_AMR_TRANSACTION cycle=1469 requested_refine=0 requested_derefine_leaves=16 accepted_derefine_parents=0 created_leaves=0 deleted_leaves=0 mirror_mismatches=0
elapsed=1.598714e+01 cycle=1469 time=1.435313e+01 dt=4.687500e-03
CARTOON_AMR_TRANSACTION cycle=1470 requested_refine=0 requested_derefine_leaves=16 accepted_derefine_parents=0 created_leaves=0 deleted_leaves=0 mirror_mismatches=0
elapsed=1.599788e+01 cycle=1470 time=1.435781e+01 dt=4.687500e-03
CARTOON_AMR_TRANSACTION cycle=1471 requested_refine=0 requested_derefine_leaves=16 accepted_derefine_parents=0 created_leaves=0 deleted_leaves=0 mirror_mismatches=0
elapsed=1.600854e+01 cycle=1471 time=1.436250e+01 dt=4.687500e-03
CARTOON_AMR_TRANSACTION cycle=1472 requested_refine=0 requested_derefine_leaves=16 accepted_derefine_parents=0 created_leaves=0 deleted_leaves=0 mirror_mismatches=0
elapsed=1.607158e+01 cycle=1472 time=1.436719e+01 dt=4.687500e-03
CARTOON_AMR_TRANSACTION cycle=1473 requested_refine=0 requested_derefine_leaves=16 accepted_derefine_parents=0 created_leaves=0 deleted_leaves=0 mirror_mismatches=0
elapsed=1.608257e+01 cycle=1473 time=1.437188e+01 dt=4.687500e-03
CARTOON_AMR_TRANSACTION cycle=1474 requested_refine=0 requested_derefine_leaves=16 accepted_derefine_parents=0 created_leaves=0 deleted_leaves=0 mirror_mismatches=0
elapsed=1.609356e+01 cycle=1474 time=1.437656e+01 dt=4.687500e-03
CARTOON_AMR_TRANSACTION cycle=1475 requested_refine=0 requested_derefine_leaves=16 accepted_derefine_parents=0 created_leaves=0 deleted_leaves=0 mirror_mismatches=0
elapsed=1.610451e+01 cycle=1475 time=1.438125e+01 dt=4.687500e-03
CARTOON_AMR_TRANSACTION cycle=1476 requested_refine=0 requested_derefine_leaves=16 accepted_derefine_parents=0 created_leaves=0 deleted_leaves=0 mirror_mismatches=0
elapsed=1.611806e+01 cycle=1476 time=1.438594e+01 dt=4.687500e-03
CARTOON_AMR_TRANSACTION cycle=1477 requested_refine=0 requested_derefine_leaves=16 accepted_derefine_parents=0 created_leaves=0 deleted_leaves=0 mirror_mismatches=0
elapsed=1.612904e+01 cycle=1477 time=1.439063e+01 dt=4.687500e-03
CARTOON_AMR_TRANSACTION cycle=1478 requested_refine=0 requested_derefine_leaves=16 accepted_derefine_parents=0 created_leaves=0 deleted_leaves=0 mirror_mismatches=0
elapsed=1.614003e+01 cycle=1478 time=1.439531e+01 dt=4.687500e-03
CARTOON_AMR_TRANSACTION cycle=1479 requested_refine=0 requested_derefine_leaves=16 accepted_derefine_parents=0 created_leaves=0 deleted_leaves=0 mirror_mismatches=0
elapsed=1.615102e+01 cycle=1479 time=1.440000e+01 dt=4.687500e-03
CARTOON_AMR_TRANSACTION cycle=1480 requested_refine=0 requested_derefine_leaves=16 accepted_derefine_parents=0 created_leaves=0 deleted_leaves=0 mirror_mismatches=0
elapsed=1.616464e+01 cycle=1480 time=1.440469e+01 dt=4.687500e-03
CARTOON_AMR_TRANSACTION cycle=1481 requested_refine=0 requested_derefine_leaves=16 accepted_derefine_parents=0 created_leaves=0 deleted_leaves=0 mirror_mismatches=0
elapsed=1.617564e+01 cycle=1481 time=1.440938e+01 dt=4.687500e-03
CARTOON_AMR_TRANSACTION cycle=1482 requested_refine=0 requested_derefine_leaves=16 accepted_derefine_parents=0 created_leaves=0 deleted_leaves=0 mirror_mismatches=0
elapsed=1.618661e+01 cycle=1482 time=1.441406e+01 dt=4.687500e-03
CARTOON_AMR_TRANSACTION cycle=1483 requested_refine=0 requested_derefine_leaves=16 accepted_derefine_parents=0 created_leaves=0 deleted_leaves=0 mirror_mismatches=0
elapsed=1.619726e+01 cycle=1483 time=1.441875e+01 dt=4.687500e-03
CARTOON_AMR_TRANSACTION cycle=1484 requested_refine=0 requested_derefine_leaves=16 accepted_derefine_parents=0 created_leaves=0 deleted_leaves=0 mirror_mismatches=0
elapsed=1.621115e+01 cycle=1484 time=1.442344e+01 dt=4.687500e-03
CARTOON_AMR_TRANSACTION cycle=1485 requested_refine=0 requested_derefine_leaves=16 accepted_derefine_parents=0 created_leaves=0 deleted_leaves=0 mirror_mismatches=0
elapsed=1.622215e+01 cycle=1485 time=1.442813e+01 dt=4.687500e-03
CARTOON_AMR_TRANSACTION cycle=1486 requested_refine=0 requested_derefine_leaves=16 accepted_derefine_parents=0 created_leaves=0 deleted_leaves=0 mirror_mismatches=0
elapsed=1.623284e+01 cycle=1486 time=1.443281e+01 dt=4.687500e-03
CARTOON_AMR_TRANSACTION cycle=1487 requested_refine=0 requested_derefine_leaves=16 accepted_derefine_parents=0 created_leaves=0 deleted_leaves=0 mirror_mismatches=0
elapsed=1.624354e+01 cycle=1487 time=1.443750e+01 dt=4.687500e-03
CARTOON_AMR_TRANSACTION cycle=1488 requested_refine=0 requested_derefine_leaves=16 accepted_derefine_parents=0 created_leaves=0 deleted_leaves=0 mirror_mismatches=0
elapsed=1.625718e+01 cycle=1488 time=1.444219e+01 dt=4.687500e-03
CARTOON_AMR_TRANSACTION cycle=1489 requested_refine=0 requested_derefine_leaves=16 accepted_derefine_parents=0 created_leaves=0 deleted_leaves=0 mirror_mismatches=0
elapsed=1.626809e+01 cycle=1489 time=1.444688e+01 dt=4.687500e-03
CARTOON_AMR_TRANSACTION cycle=1490 requested_refine=0 requested_derefine_leaves=16 accepted_derefine_parents=0 created_leaves=0 deleted_leaves=0 mirror_mismatches=0
elapsed=1.627873e+01 cycle=1490 time=1.445156e+01 dt=4.687500e-03
CARTOON_AMR_TRANSACTION cycle=1491 requested_refine=0 requested_derefine_leaves=16 accepted_derefine_parents=0 created_leaves=0 deleted_leaves=0 mirror_mismatches=0
elapsed=1.628942e+01 cycle=1491 time=1.445625e+01 dt=4.687500e-03
CARTOON_AMR_TRANSACTION cycle=1492 requested_refine=0 requested_derefine_leaves=16 accepted_derefine_parents=0 created_leaves=0 deleted_leaves=0 mirror_mismatches=0
elapsed=1.630324e+01 cycle=1492 time=1.446094e+01 dt=4.687500e-03
CARTOON_AMR_TRANSACTION cycle=1493 requested_refine=0 requested_derefine_leaves=16 accepted_derefine_parents=0 created_leaves=0 deleted_leaves=0 mirror_mismatches=0
elapsed=1.631410e+01 cycle=1493 time=1.446563e+01 dt=4.687500e-03
CARTOON_AMR_TRANSACTION cycle=1494 requested_refine=0 requested_derefine_leaves=16 accepted_derefine_parents=0 created_leaves=0 deleted_leaves=0 mirror_mismatches=0
elapsed=1.632484e+01 cycle=1494 time=1.447031e+01 dt=4.687500e-03
CARTOON_AMR_TRANSACTION cycle=1495 requested_refine=0 requested_derefine_leaves=16 accepted_derefine_parents=0 created_leaves=0 deleted_leaves=0 mirror_mismatches=0
elapsed=1.633547e+01 cycle=1495 time=1.447500e+01 dt=4.687500e-03
CARTOON_AMR_TRANSACTION cycle=1496 requested_refine=0 requested_derefine_leaves=16 accepted_derefine_parents=0 created_leaves=0 deleted_leaves=0 mirror_mismatches=0
elapsed=1.634896e+01 cycle=1496 time=1.447969e+01 dt=4.687500e-03
CARTOON_AMR_TRANSACTION cycle=1497 requested_refine=0 requested_derefine_leaves=16 accepted_derefine_parents=0 created_leaves=0 deleted_leaves=0 mirror_mismatches=0
elapsed=1.635977e+01 cycle=1497 time=1.448438e+01 dt=4.687500e-03
CARTOON_AMR_TRANSACTION cycle=1498 requested_refine=0 requested_derefine_leaves=16 accepted_derefine_parents=0 created_leaves=0 deleted_leaves=0 mirror_mismatches=0
elapsed=1.637049e+01 cycle=1498 time=1.448906e+01 dt=4.687500e-03
CARTOON_AMR_TRANSACTION cycle=1499 requested_refine=0 requested_derefine_leaves=16 accepted_derefine_parents=0 created_leaves=0 deleted_leaves=0 mirror_mismatches=0
elapsed=1.638100e+01 cycle=1499 time=1.449375e+01 dt=4.687500e-03
CARTOON_AMR_TRANSACTION cycle=1500 requested_refine=0 requested_derefine_leaves=16 accepted_derefine_parents=0 created_leaves=0 deleted_leaves=0 mirror_mismatches=0
elapsed=1.639436e+01 cycle=1500 time=1.449844e+01 dt=4.687500e-03
CARTOON_AMR_TRANSACTION cycle=1501 requested_refine=0 requested_derefine_leaves=16 accepted_derefine_parents=0 created_leaves=0 deleted_leaves=0 mirror_mismatches=0
elapsed=1.640531e+01 cycle=1501 time=1.450313e+01 dt=4.687500e-03
CARTOON_AMR_TRANSACTION cycle=1502 requested_refine=0 requested_derefine_leaves=16 accepted_derefine_parents=0 created_leaves=0 deleted_leaves=0 mirror_mismatches=0
elapsed=1.641606e+01 cycle=1502 time=1.450781e+01 dt=4.687500e-03
CARTOON_AMR_TRANSACTION cycle=1503 requested_refine=0 requested_derefine_leaves=16 accepted_derefine_parents=0 created_leaves=0 deleted_leaves=0 mirror_mismatches=0
elapsed=1.642675e+01 cycle=1503 time=1.451250e+01 dt=4.687500e-03
CARTOON_AMR_TRANSACTION cycle=1504 requested_refine=0 requested_derefine_leaves=16 accepted_derefine_parents=0 created_leaves=0 deleted_leaves=0 mirror_mismatches=0
elapsed=1.644057e+01 cycle=1504 time=1.451719e+01 dt=4.687500e-03
CARTOON_AMR_TRANSACTION cycle=1505 requested_refine=0 requested_derefine_leaves=16 accepted_derefine_parents=0 created_leaves=0 deleted_leaves=0 mirror_mismatches=0
elapsed=1.645147e+01 cycle=1505 time=1.452188e+01 dt=4.687500e-03
CARTOON_AMR_TRANSACTION cycle=1506 requested_refine=0 requested_derefine_leaves=16 accepted_derefine_parents=0 created_leaves=0 deleted_leaves=0 mirror_mismatches=0
elapsed=1.646216e+01 cycle=1506 time=1.452656e+01 dt=4.687500e-03
CARTOON_AMR_TRANSACTION cycle=1507 requested_refine=0 requested_derefine_leaves=16 accepted_derefine_parents=0 created_leaves=0 deleted_leaves=0 mirror_mismatches=0
elapsed=1.647296e+01 cycle=1507 time=1.453125e+01 dt=4.687500e-03
CARTOON_AMR_TRANSACTION cycle=1508 requested_refine=0 requested_derefine_leaves=16 accepted_derefine_parents=0 created_leaves=0 deleted_leaves=0 mirror_mismatches=0
elapsed=1.648666e+01 cycle=1508 time=1.453594e+01 dt=4.687500e-03
CARTOON_AMR_TRANSACTION cycle=1509 requested_refine=0 requested_derefine_leaves=16 accepted_derefine_parents=0 created_leaves=0 deleted_leaves=0 mirror_mismatches=0
elapsed=1.649756e+01 cycle=1509 time=1.454063e+01 dt=4.687500e-03
CARTOON_AMR_TRANSACTION cycle=1510 requested_refine=0 requested_derefine_leaves=16 accepted_derefine_parents=0 created_leaves=0 deleted_leaves=0 mirror_mismatches=0
elapsed=1.650829e+01 cycle=1510 time=1.454531e+01 dt=4.687500e-03
CARTOON_AMR_TRANSACTION cycle=1511 requested_refine=0 requested_derefine_leaves=16 accepted_derefine_parents=0 created_leaves=0 deleted_leaves=0 mirror_mismatches=0
elapsed=1.651878e+01 cycle=1511 time=1.455000e+01 dt=4.687500e-03
CARTOON_AMR_TRANSACTION cycle=1512 requested_refine=0 requested_derefine_leaves=16 accepted_derefine_parents=0 created_leaves=0 deleted_leaves=0 mirror_mismatches=0
elapsed=1.653261e+01 cycle=1512 time=1.455469e+01 dt=4.687500e-03
CARTOON_AMR_TRANSACTION cycle=1513 requested_refine=0 requested_derefine_leaves=16 accepted_derefine_parents=0 created_leaves=0 deleted_leaves=0 mirror_mismatches=0
elapsed=1.654348e+01 cycle=1513 time=1.455938e+01 dt=4.687500e-03
CARTOON_AMR_TRANSACTION cycle=1514 requested_refine=0 requested_derefine_leaves=16 accepted_derefine_parents=0 created_leaves=0 deleted_leaves=0 mirror_mismatches=0
elapsed=1.655431e+01 cycle=1514 time=1.456406e+01 dt=4.687500e-03
CARTOON_AMR_TRANSACTION cycle=1515 requested_refine=0 requested_derefine_leaves=16 accepted_derefine_parents=0 created_leaves=0 deleted_leaves=0 mirror_mismatches=0
elapsed=1.656502e+01 cycle=1515 time=1.456875e+01 dt=4.687500e-03
CARTOON_AMR_TRANSACTION cycle=1516 requested_refine=0 requested_derefine_leaves=16 accepted_derefine_parents=0 created_leaves=0 deleted_leaves=0 mirror_mismatches=0
elapsed=1.657875e+01 cycle=1516 time=1.457344e+01 dt=4.687500e-03
CARTOON_AMR_TRANSACTION cycle=1517 requested_refine=0 requested_derefine_leaves=16 accepted_derefine_parents=0 created_leaves=0 deleted_leaves=0 mirror_mismatches=0
elapsed=1.658972e+01 cycle=1517 time=1.457813e+01 dt=4.687500e-03
CARTOON_AMR_TRANSACTION cycle=1518 requested_refine=0 requested_derefine_leaves=16 accepted_derefine_parents=0 created_leaves=0 deleted_leaves=0 mirror_mismatches=0
elapsed=1.660036e+01 cycle=1518 time=1.458281e+01 dt=4.687500e-03
CARTOON_AMR_TRANSACTION cycle=1519 requested_refine=0 requested_derefine_leaves=16 accepted_derefine_parents=0 created_leaves=0 deleted_leaves=0 mirror_mismatches=0
elapsed=1.661102e+01 cycle=1519 time=1.458750e+01 dt=4.687500e-03
CARTOON_AMR_TRANSACTION cycle=1520 requested_refine=0 requested_derefine_leaves=16 accepted_derefine_parents=0 created_leaves=0 deleted_leaves=0 mirror_mismatches=0
elapsed=1.662458e+01 cycle=1520 time=1.459219e+01 dt=4.687500e-03
CARTOON_AMR_TRANSACTION cycle=1521 requested_refine=0 requested_derefine_leaves=16 accepted_derefine_parents=0 created_leaves=0 deleted_leaves=0 mirror_mismatches=0
elapsed=1.663542e+01 cycle=1521 time=1.459688e+01 dt=4.687500e-03
CARTOON_AMR_TRANSACTION cycle=1522 requested_refine=0 requested_derefine_leaves=16 accepted_derefine_parents=0 created_leaves=0 deleted_leaves=0 mirror_mismatches=0
elapsed=1.664675e+01 cycle=1522 time=1.460156e+01 dt=4.687500e-03
CARTOON_AMR_TRANSACTION cycle=1523 requested_refine=0 requested_derefine_leaves=16 accepted_derefine_parents=0 created_leaves=0 deleted_leaves=0 mirror_mismatches=0
elapsed=1.665742e+01 cycle=1523 time=1.460625e+01 dt=4.687500e-03
CARTOON_AMR_TRANSACTION cycle=1524 requested_refine=0 requested_derefine_leaves=16 accepted_derefine_parents=0 created_leaves=0 deleted_leaves=0 mirror_mismatches=0
elapsed=1.667093e+01 cycle=1524 time=1.461094e+01 dt=4.687500e-03
CARTOON_AMR_TRANSACTION cycle=1525 requested_refine=0 requested_derefine_leaves=16 accepted_derefine_parents=0 created_leaves=0 deleted_leaves=0 mirror_mismatches=0
elapsed=1.668193e+01 cycle=1525 time=1.461563e+01 dt=4.687500e-03
CARTOON_AMR_TRANSACTION cycle=1526 requested_refine=0 requested_derefine_leaves=16 accepted_derefine_parents=0 created_leaves=0 deleted_leaves=0 mirror_mismatches=0
elapsed=1.669268e+01 cycle=1526 time=1.462031e+01 dt=4.687500e-03
CARTOON_AMR_TRANSACTION cycle=1527 requested_refine=0 requested_derefine_leaves=16 accepted_derefine_parents=0 created_leaves=0 deleted_leaves=0 mirror_mismatches=0
elapsed=1.670338e+01 cycle=1527 time=1.462500e+01 dt=4.687500e-03
CARTOON_AMR_TRANSACTION cycle=1528 requested_refine=0 requested_derefine_leaves=16 accepted_derefine_parents=0 created_leaves=0 deleted_leaves=0 mirror_mismatches=0
elapsed=1.671711e+01 cycle=1528 time=1.462969e+01 dt=4.687500e-03
CARTOON_AMR_TRANSACTION cycle=1529 requested_refine=0 requested_derefine_leaves=16 accepted_derefine_parents=0 created_leaves=0 deleted_leaves=0 mirror_mismatches=0
elapsed=1.672786e+01 cycle=1529 time=1.463438e+01 dt=4.687500e-03
CARTOON_AMR_TRANSACTION cycle=1530 requested_refine=0 requested_derefine_leaves=16 accepted_derefine_parents=0 created_leaves=0 deleted_leaves=0 mirror_mismatches=0
elapsed=1.673849e+01 cycle=1530 time=1.463906e+01 dt=4.687500e-03
CARTOON_AMR_TRANSACTION cycle=1531 requested_refine=0 requested_derefine_leaves=16 accepted_derefine_parents=0 created_leaves=0 deleted_leaves=0 mirror_mismatches=0
elapsed=1.674924e+01 cycle=1531 time=1.464375e+01 dt=4.687500e-03
CARTOON_AMR_TRANSACTION cycle=1532 requested_refine=0 requested_derefine_leaves=16 accepted_derefine_parents=0 created_leaves=0 deleted_leaves=0 mirror_mismatches=0
elapsed=1.676268e+01 cycle=1532 time=1.464844e+01 dt=4.687500e-03
CARTOON_AMR_TRANSACTION cycle=1533 requested_refine=0 requested_derefine_leaves=16 accepted_derefine_parents=0 created_leaves=0 deleted_leaves=0 mirror_mismatches=0
elapsed=1.677365e+01 cycle=1533 time=1.465313e+01 dt=4.687500e-03
CARTOON_AMR_TRANSACTION cycle=1534 requested_refine=0 requested_derefine_leaves=16 accepted_derefine_parents=0 created_leaves=0 deleted_leaves=0 mirror_mismatches=0
elapsed=1.678426e+01 cycle=1534 time=1.465781e+01 dt=4.687500e-03
CARTOON_AMR_TRANSACTION cycle=1535 requested_refine=0 requested_derefine_leaves=16 accepted_derefine_parents=0 created_leaves=0 deleted_leaves=0 mirror_mismatches=0
elapsed=1.679500e+01 cycle=1535 time=1.466250e+01 dt=4.687500e-03
CARTOON_AMR_TRANSACTION cycle=1536 requested_refine=0 requested_derefine_leaves=16 accepted_derefine_parents=0 created_leaves=0 deleted_leaves=0 mirror_mismatches=0
elapsed=1.688397e+01 cycle=1536 time=1.466719e+01 dt=4.687500e-03
CARTOON_AMR_TRANSACTION cycle=1537 requested_refine=0 requested_derefine_leaves=16 accepted_derefine_parents=0 created_leaves=0 deleted_leaves=0 mirror_mismatches=0
elapsed=1.689496e+01 cycle=1537 time=1.467188e+01 dt=4.687500e-03
CARTOON_AMR_TRANSACTION cycle=1538 requested_refine=0 requested_derefine_leaves=16 accepted_derefine_parents=0 created_leaves=0 deleted_leaves=0 mirror_mismatches=0
elapsed=1.690593e+01 cycle=1538 time=1.467656e+01 dt=4.687500e-03
CARTOON_AMR_TRANSACTION cycle=1539 requested_refine=0 requested_derefine_leaves=16 accepted_derefine_parents=0 created_leaves=0 deleted_leaves=0 mirror_mismatches=0
elapsed=1.691688e+01 cycle=1539 time=1.468125e+01 dt=4.687500e-03
CARTOON_AMR_TRANSACTION cycle=1540 requested_refine=0 requested_derefine_leaves=16 accepted_derefine_parents=0 created_leaves=0 deleted_leaves=0 mirror_mismatches=0
elapsed=1.693052e+01 cycle=1540 time=1.468594e+01 dt=4.687500e-03
CARTOON_AMR_TRANSACTION cycle=1541 requested_refine=0 requested_derefine_leaves=16 accepted_derefine_parents=0 created_leaves=0 deleted_leaves=0 mirror_mismatches=0
elapsed=1.694151e+01 cycle=1541 time=1.469063e+01 dt=4.687500e-03
CARTOON_AMR_TRANSACTION cycle=1542 requested_refine=0 requested_derefine_leaves=16 accepted_derefine_parents=0 created_leaves=0 deleted_leaves=0 mirror_mismatches=0
elapsed=1.695244e+01 cycle=1542 time=1.469531e+01 dt=4.687500e-03
CARTOON_AMR_TRANSACTION cycle=1543 requested_refine=0 requested_derefine_leaves=16 accepted_derefine_parents=0 created_leaves=0 deleted_leaves=0 mirror_mismatches=0
elapsed=1.696341e+01 cycle=1543 time=1.470000e+01 dt=4.687500e-03
CARTOON_AMR_TRANSACTION cycle=1544 requested_refine=0 requested_derefine_leaves=16 accepted_derefine_parents=0 created_leaves=0 deleted_leaves=0 mirror_mismatches=0
elapsed=1.697696e+01 cycle=1544 time=1.470469e+01 dt=4.687500e-03
CARTOON_AMR_TRANSACTION cycle=1545 requested_refine=0 requested_derefine_leaves=16 accepted_derefine_parents=0 created_leaves=0 deleted_leaves=0 mirror_mismatches=0
elapsed=1.698796e+01 cycle=1545 time=1.470938e+01 dt=4.687500e-03
CARTOON_AMR_TRANSACTION cycle=1546 requested_refine=0 requested_derefine_leaves=16 accepted_derefine_parents=0 created_leaves=0 deleted_leaves=0 mirror_mismatches=0
elapsed=1.699879e+01 cycle=1546 time=1.471406e+01 dt=4.687500e-03
CARTOON_AMR_TRANSACTION cycle=1547 requested_refine=0 requested_derefine_leaves=16 accepted_derefine_parents=0 created_leaves=0 deleted_leaves=0 mirror_mismatches=0
elapsed=1.700943e+01 cycle=1547 time=1.471875e+01 dt=4.687500e-03
CARTOON_AMR_TRANSACTION cycle=1548 requested_refine=0 requested_derefine_leaves=16 accepted_derefine_parents=0 created_leaves=0 deleted_leaves=0 mirror_mismatches=0
elapsed=1.702304e+01 cycle=1548 time=1.472344e+01 dt=4.687500e-03
CARTOON_AMR_TRANSACTION cycle=1549 requested_refine=0 requested_derefine_leaves=16 accepted_derefine_parents=0 created_leaves=0 deleted_leaves=0 mirror_mismatches=0
elapsed=1.703401e+01 cycle=1549 time=1.472813e+01 dt=4.687500e-03
CARTOON_AMR_TRANSACTION cycle=1550 requested_refine=0 requested_derefine_leaves=16 accepted_derefine_parents=0 created_leaves=0 deleted_leaves=0 mirror_mismatches=0
elapsed=1.704486e+01 cycle=1550 time=1.473281e+01 dt=4.687500e-03
CARTOON_AMR_TRANSACTION cycle=1551 requested_refine=0 requested_derefine_leaves=16 accepted_derefine_parents=0 created_leaves=0 deleted_leaves=0 mirror_mismatches=0
elapsed=1.705550e+01 cycle=1551 time=1.473750e+01 dt=4.687500e-03
CARTOON_AMR_TRANSACTION cycle=1552 requested_refine=0 requested_derefine_leaves=16 accepted_derefine_parents=0 created_leaves=0 deleted_leaves=0 mirror_mismatches=0
elapsed=1.706883e+01 cycle=1552 time=1.474219e+01 dt=4.687500e-03
CARTOON_AMR_TRANSACTION cycle=1553 requested_refine=0 requested_derefine_leaves=16 accepted_derefine_parents=0 created_leaves=0 deleted_leaves=0 mirror_mismatches=0
elapsed=1.707957e+01 cycle=1553 time=1.474688e+01 dt=4.687500e-03
CARTOON_AMR_TRANSACTION cycle=1554 requested_refine=0 requested_derefine_leaves=16 accepted_derefine_parents=0 created_leaves=0 deleted_leaves=0 mirror_mismatches=0
elapsed=1.709023e+01 cycle=1554 time=1.475156e+01 dt=4.687500e-03
CARTOON_AMR_TRANSACTION cycle=1555 requested_refine=0 requested_derefine_leaves=16 accepted_derefine_parents=0 created_leaves=0 deleted_leaves=0 mirror_mismatches=0
elapsed=1.710084e+01 cycle=1555 time=1.475625e+01 dt=4.687500e-03
CARTOON_AMR_TRANSACTION cycle=1556 requested_refine=0 requested_derefine_leaves=16 accepted_derefine_parents=0 created_leaves=0 deleted_leaves=0 mirror_mismatches=0
elapsed=1.711440e+01 cycle=1556 time=1.476094e+01 dt=4.687500e-03
CARTOON_AMR_TRANSACTION cycle=1557 requested_refine=0 requested_derefine_leaves=18 accepted_derefine_parents=0 created_leaves=0 deleted_leaves=0 mirror_mismatches=0
elapsed=1.712542e+01 cycle=1557 time=1.476563e+01 dt=4.687500e-03
CARTOON_AMR_TRANSACTION cycle=1558 requested_refine=0 requested_derefine_leaves=18 accepted_derefine_parents=0 created_leaves=0 deleted_leaves=0 mirror_mismatches=0
elapsed=1.713615e+01 cycle=1558 time=1.477031e+01 dt=4.687500e-03
CARTOON_AMR_TRANSACTION cycle=1559 requested_refine=0 requested_derefine_leaves=18 accepted_derefine_parents=0 created_leaves=0 deleted_leaves=0 mirror_mismatches=0
elapsed=1.714681e+01 cycle=1559 time=1.477500e+01 dt=4.687500e-03
CARTOON_AMR_TRANSACTION cycle=1560 requested_refine=0 requested_derefine_leaves=18 accepted_derefine_parents=0 created_leaves=0 deleted_leaves=0 mirror_mismatches=0
elapsed=1.716082e+01 cycle=1560 time=1.477969e+01 dt=4.687500e-03
CARTOON_AMR_TRANSACTION cycle=1561 requested_refine=0 requested_derefine_leaves=18 accepted_derefine_parents=0 created_leaves=0 deleted_leaves=0 mirror_mismatches=0
elapsed=1.717183e+01 cycle=1561 time=1.478438e+01 dt=4.687500e-03
CARTOON_AMR_TRANSACTION cycle=1562 requested_refine=0 requested_derefine_leaves=20 accepted_derefine_parents=0 created_leaves=0 deleted_leaves=0 mirror_mismatches=0
elapsed=1.718263e+01 cycle=1562 time=1.478906e+01 dt=4.687500e-03
CARTOON_AMR_TRANSACTION cycle=1563 requested_refine=0 requested_derefine_leaves=20 accepted_derefine_parents=0 created_leaves=0 deleted_leaves=0 mirror_mismatches=0
elapsed=1.719334e+01 cycle=1563 time=1.479375e+01 dt=4.687500e-03
CARTOON_AMR_TRANSACTION cycle=1564 requested_refine=0 requested_derefine_leaves=20 accepted_derefine_parents=0 created_leaves=0 deleted_leaves=0 mirror_mismatches=0
elapsed=1.720722e+01 cycle=1564 time=1.479844e+01 dt=4.687500e-03
CARTOON_AMR_TRANSACTION cycle=1565 requested_refine=0 requested_derefine_leaves=20 accepted_derefine_parents=0 created_leaves=0 deleted_leaves=0 mirror_mismatches=0
elapsed=1.721820e+01 cycle=1565 time=1.480313e+01 dt=4.687500e-03
CARTOON_AMR_TRANSACTION cycle=1566 requested_refine=0 requested_derefine_leaves=20 accepted_derefine_parents=0 created_leaves=0 deleted_leaves=0 mirror_mismatches=0
elapsed=1.722905e+01 cycle=1566 time=1.480781e+01 dt=4.687500e-03
CARTOON_AMR_TRANSACTION cycle=1567 requested_refine=0 requested_derefine_leaves=20 accepted_derefine_parents=0 created_leaves=0 deleted_leaves=0 mirror_mismatches=0
elapsed=1.723981e+01 cycle=1567 time=1.481250e+01 dt=4.687500e-03
CARTOON_AMR_TRANSACTION cycle=1568 requested_refine=0 requested_derefine_leaves=20 accepted_derefine_parents=0 created_leaves=0 deleted_leaves=0 mirror_mismatches=0
elapsed=1.725351e+01 cycle=1568 time=1.481719e+01 dt=4.687500e-03
CARTOON_AMR_TRANSACTION cycle=1569 requested_refine=0 requested_derefine_leaves=20 accepted_derefine_parents=0 created_leaves=0 deleted_leaves=0 mirror_mismatches=0
elapsed=1.726438e+01 cycle=1569 time=1.482188e+01 dt=4.687500e-03
CARTOON_AMR_TRANSACTION cycle=1570 requested_refine=0 requested_derefine_leaves=20 accepted_derefine_parents=0 created_leaves=0 deleted_leaves=0 mirror_mismatches=0
elapsed=1.727522e+01 cycle=1570 time=1.482656e+01 dt=4.687500e-03
CARTOON_AMR_TRANSACTION cycle=1571 requested_refine=0 requested_derefine_leaves=20 accepted_derefine_parents=0 created_leaves=0 deleted_leaves=0 mirror_mismatches=0
elapsed=1.728594e+01 cycle=1571 time=1.483125e+01 dt=4.687500e-03
CARTOON_AMR_TRANSACTION cycle=1572 requested_refine=0 requested_derefine_leaves=20 accepted_derefine_parents=0 created_leaves=0 deleted_leaves=0 mirror_mismatches=0
elapsed=1.729947e+01 cycle=1572 time=1.483594e+01 dt=4.687500e-03
CARTOON_AMR_TRANSACTION cycle=1573 requested_refine=0 requested_derefine_leaves=20 accepted_derefine_parents=0 created_leaves=0 deleted_leaves=0 mirror_mismatches=0
elapsed=1.731046e+01 cycle=1573 time=1.484063e+01 dt=4.687500e-03
CARTOON_AMR_TRANSACTION cycle=1574 requested_refine=0 requested_derefine_leaves=20 accepted_derefine_parents=0 created_leaves=0 deleted_leaves=0 mirror_mismatches=0
elapsed=1.732124e+01 cycle=1574 time=1.484531e+01 dt=4.687500e-03
CARTOON_AMR_TRANSACTION cycle=1575 requested_refine=0 requested_derefine_leaves=20 accepted_derefine_parents=0 created_leaves=0 deleted_leaves=0 mirror_mismatches=0
elapsed=1.733192e+01 cycle=1575 time=1.485000e+01 dt=4.687500e-03
CARTOON_AMR_TRANSACTION cycle=1576 requested_refine=0 requested_derefine_leaves=20 accepted_derefine_parents=0 created_leaves=0 deleted_leaves=0 mirror_mismatches=0
elapsed=1.734541e+01 cycle=1576 time=1.485469e+01 dt=4.687500e-03
CARTOON_AMR_TRANSACTION cycle=1577 requested_refine=0 requested_derefine_leaves=20 accepted_derefine_parents=0 created_leaves=0 deleted_leaves=0 mirror_mismatches=0
elapsed=1.735622e+01 cycle=1577 time=1.485938e+01 dt=4.687500e-03
CARTOON_AMR_TRANSACTION cycle=1578 requested_refine=0 requested_derefine_leaves=20 accepted_derefine_parents=0 created_leaves=0 deleted_leaves=0 mirror_mismatches=0
elapsed=1.736698e+01 cycle=1578 time=1.486406e+01 dt=4.687500e-03
CARTOON_AMR_TRANSACTION cycle=1579 requested_refine=0 requested_derefine_leaves=20 accepted_derefine_parents=0 created_leaves=0 deleted_leaves=0 mirror_mismatches=0
elapsed=1.737782e+01 cycle=1579 time=1.486875e+01 dt=4.687500e-03
CARTOON_AMR_TRANSACTION cycle=1580 requested_refine=0 requested_derefine_leaves=20 accepted_derefine_parents=0 created_leaves=0 deleted_leaves=0 mirror_mismatches=0
elapsed=1.739162e+01 cycle=1580 time=1.487344e+01 dt=4.687500e-03
CARTOON_AMR_TRANSACTION cycle=1581 requested_refine=0 requested_derefine_leaves=20 accepted_derefine_parents=0 created_leaves=0 deleted_leaves=0 mirror_mismatches=0
elapsed=1.740258e+01 cycle=1581 time=1.487813e+01 dt=4.687500e-03
CARTOON_AMR_TRANSACTION cycle=1582 requested_refine=0 requested_derefine_leaves=20 accepted_derefine_parents=0 created_leaves=0 deleted_leaves=0 mirror_mismatches=0
elapsed=1.741327e+01 cycle=1582 time=1.488281e+01 dt=4.687500e-03
CARTOON_AMR_TRANSACTION cycle=1583 requested_refine=0 requested_derefine_leaves=20 accepted_derefine_parents=0 created_leaves=0 deleted_leaves=0 mirror_mismatches=0
elapsed=1.742391e+01 cycle=1583 time=1.488750e+01 dt=4.687500e-03
CARTOON_AMR_TRANSACTION cycle=1584 requested_refine=0 requested_derefine_leaves=20 accepted_derefine_parents=0 created_leaves=0 deleted_leaves=0 mirror_mismatches=0
elapsed=1.743744e+01 cycle=1584 time=1.489219e+01 dt=4.687500e-03
CARTOON_AMR_TRANSACTION cycle=1585 requested_refine=0 requested_derefine_leaves=20 accepted_derefine_parents=0 created_leaves=0 deleted_leaves=0 mirror_mismatches=0
elapsed=1.744833e+01 cycle=1585 time=1.489688e+01 dt=4.687500e-03
CARTOON_AMR_TRANSACTION cycle=1586 requested_refine=0 requested_derefine_leaves=20 accepted_derefine_parents=0 created_leaves=0 deleted_leaves=0 mirror_mismatches=0
elapsed=1.745903e+01 cycle=1586 time=1.490156e+01 dt=4.687500e-03
CARTOON_AMR_TRANSACTION cycle=1587 requested_refine=0 requested_derefine_leaves=20 accepted_derefine_parents=0 created_leaves=0 deleted_leaves=0 mirror_mismatches=0
elapsed=1.746961e+01 cycle=1587 time=1.490625e+01 dt=4.687500e-03
CARTOON_AMR_TRANSACTION cycle=1588 requested_refine=0 requested_derefine_leaves=20 accepted_derefine_parents=0 created_leaves=0 deleted_leaves=0 mirror_mismatches=0
elapsed=1.748356e+01 cycle=1588 time=1.491094e+01 dt=4.687500e-03
CARTOON_AMR_TRANSACTION cycle=1589 requested_refine=0 requested_derefine_leaves=20 accepted_derefine_parents=0 created_leaves=0 deleted_leaves=0 mirror_mismatches=0
elapsed=1.749441e+01 cycle=1589 time=1.491563e+01 dt=4.687500e-03
CARTOON_AMR_TRANSACTION cycle=1590 requested_refine=0 requested_derefine_leaves=20 accepted_derefine_parents=0 created_leaves=0 deleted_leaves=0 mirror_mismatches=0
elapsed=1.750508e+01 cycle=1590 time=1.492031e+01 dt=4.687500e-03
CARTOON_AMR_TRANSACTION cycle=1591 requested_refine=0 requested_derefine_leaves=20 accepted_derefine_parents=0 created_leaves=0 deleted_leaves=0 mirror_mismatches=0
elapsed=1.751566e+01 cycle=1591 time=1.492500e+01 dt=4.687500e-03
CARTOON_AMR_TRANSACTION cycle=1592 requested_refine=0 requested_derefine_leaves=20 accepted_derefine_parents=0 created_leaves=0 deleted_leaves=0 mirror_mismatches=0
elapsed=1.752897e+01 cycle=1592 time=1.492969e+01 dt=4.687500e-03
CARTOON_AMR_TRANSACTION cycle=1593 requested_refine=0 requested_derefine_leaves=20 accepted_derefine_parents=0 created_leaves=0 deleted_leaves=0 mirror_mismatches=0
elapsed=1.753998e+01 cycle=1593 time=1.493438e+01 dt=4.687500e-03
CARTOON_AMR_TRANSACTION cycle=1594 requested_refine=0 requested_derefine_leaves=20 accepted_derefine_parents=0 created_leaves=0 deleted_leaves=0 mirror_mismatches=0
elapsed=1.755079e+01 cycle=1594 time=1.493906e+01 dt=4.687500e-03
CARTOON_AMR_TRANSACTION cycle=1595 requested_refine=0 requested_derefine_leaves=20 accepted_derefine_parents=0 created_leaves=0 deleted_leaves=0 mirror_mismatches=0
elapsed=1.756156e+01 cycle=1595 time=1.494375e+01 dt=4.687500e-03
CARTOON_AMR_TRANSACTION cycle=1596 requested_refine=0 requested_derefine_leaves=20 accepted_derefine_parents=0 created_leaves=0 deleted_leaves=0 mirror_mismatches=0
elapsed=1.757524e+01 cycle=1596 time=1.494844e+01 dt=4.687500e-03
CARTOON_AMR_TRANSACTION cycle=1597 requested_refine=0 requested_derefine_leaves=20 accepted_derefine_parents=0 created_leaves=0 deleted_leaves=0 mirror_mismatches=0
elapsed=1.758621e+01 cycle=1597 time=1.495313e+01 dt=4.687500e-03
CARTOON_AMR_TRANSACTION cycle=1598 requested_refine=0 requested_derefine_leaves=20 accepted_derefine_parents=0 created_leaves=0 deleted_leaves=0 mirror_mismatches=0
elapsed=1.759714e+01 cycle=1598 time=1.495781e+01 dt=4.687500e-03
CARTOON_AMR_TRANSACTION cycle=1599 requested_refine=0 requested_derefine_leaves=20 accepted_derefine_parents=0 created_leaves=0 deleted_leaves=0 mirror_mismatches=0
elapsed=1.760794e+01 cycle=1599 time=1.496250e+01 dt=4.687500e-03
CARTOON_AMR_TRANSACTION cycle=1600 requested_refine=0 requested_derefine_leaves=20 accepted_derefine_parents=0 created_leaves=0 deleted_leaves=0 mirror_mismatches=0
elapsed=1.767116e+01 cycle=1600 time=1.496719e+01 dt=4.687500e-03
CARTOON_AMR_TRANSACTION cycle=1601 requested_refine=0 requested_derefine_leaves=20 accepted_derefine_parents=0 created_leaves=0 deleted_leaves=0 mirror_mismatches=0
elapsed=1.768214e+01 cycle=1601 time=1.497188e+01 dt=4.687500e-03
CARTOON_AMR_TRANSACTION cycle=1602 requested_refine=0 requested_derefine_leaves=20 accepted_derefine_parents=0 created_leaves=0 deleted_leaves=0 mirror_mismatches=0
elapsed=1.769314e+01 cycle=1602 time=1.497656e+01 dt=4.687500e-03
CARTOON_AMR_TRANSACTION cycle=1603 requested_refine=0 requested_derefine_leaves=20 accepted_derefine_parents=0 created_leaves=0 deleted_leaves=0 mirror_mismatches=0
elapsed=1.770417e+01 cycle=1603 time=1.498125e+01 dt=4.687500e-03
CARTOON_AMR_TRANSACTION cycle=1604 requested_refine=0 requested_derefine_leaves=20 accepted_derefine_parents=0 created_leaves=0 deleted_leaves=0 mirror_mismatches=0
elapsed=1.771772e+01 cycle=1604 time=1.498594e+01 dt=4.687500e-03
CARTOON_AMR_TRANSACTION cycle=1605 requested_refine=0 requested_derefine_leaves=20 accepted_derefine_parents=0 created_leaves=0 deleted_leaves=0 mirror_mismatches=0
elapsed=1.772869e+01 cycle=1605 time=1.499063e+01 dt=4.687500e-03
CARTOON_AMR_TRANSACTION cycle=1606 requested_refine=0 requested_derefine_leaves=20 accepted_derefine_parents=0 created_leaves=0 deleted_leaves=0 mirror_mismatches=0
elapsed=1.773961e+01 cycle=1606 time=1.499531e+01 dt=4.687500e-03
CARTOON_AMR_TRANSACTION cycle=1607 requested_refine=0 requested_derefine_leaves=20 accepted_derefine_parents=0 created_leaves=0 deleted_leaves=0 mirror_mismatches=0
elapsed=1.775055e+01 cycle=1607 time=1.500000e+01 dt=4.687500e-03
CARTOON_AMR_TRANSACTION cycle=1608 requested_refine=0 requested_derefine_leaves=20 accepted_derefine_parents=0 created_leaves=0 deleted_leaves=0 mirror_mismatches=0
elapsed=1.776409e+01 cycle=1608 time=1.500469e+01 dt=4.687500e-03
CARTOON_AMR_TRANSACTION cycle=1609 requested_refine=0 requested_derefine_leaves=20 accepted_derefine_parents=0 created_leaves=0 deleted_leaves=0 mirror_mismatches=0
elapsed=1.777507e+01 cycle=1609 time=1.500938e+01 dt=4.687500e-03
CARTOON_AMR_TRANSACTION cycle=1610 requested_refine=0 requested_derefine_leaves=20 accepted_derefine_parents=0 created_leaves=0 deleted_leaves=0 mirror_mismatches=0
elapsed=1.778596e+01 cycle=1610 time=1.501406e+01 dt=4.687500e-03
CARTOON_AMR_TRANSACTION cycle=1611 requested_refine=0 requested_derefine_leaves=20 accepted_derefine_parents=0 created_leaves=0 deleted_leaves=0 mirror_mismatches=0
elapsed=1.779671e+01 cycle=1611 time=1.501875e+01 dt=4.687500e-03
CARTOON_AMR_TRANSACTION cycle=1612 requested_refine=0 requested_derefine_leaves=20 accepted_derefine_parents=0 created_leaves=0 deleted_leaves=0 mirror_mismatches=0
elapsed=1.781013e+01 cycle=1612 time=1.502344e+01 dt=4.687500e-03
CARTOON_AMR_TRANSACTION cycle=1613 requested_refine=0 requested_derefine_leaves=20 accepted_derefine_parents=0 created_leaves=0 deleted_leaves=0 mirror_mismatches=0
elapsed=1.782102e+01 cycle=1613 time=1.502813e+01 dt=4.687500e-03
CARTOON_AMR_TRANSACTION cycle=1614 requested_refine=0 requested_derefine_leaves=20 accepted_derefine_parents=0 created_leaves=0 deleted_leaves=0 mirror_mismatches=0
elapsed=1.783166e+01 cycle=1614 time=1.503281e+01 dt=4.687500e-03
CARTOON_AMR_TRANSACTION cycle=1615 requested_refine=0 requested_derefine_leaves=20 accepted_derefine_parents=0 created_leaves=0 deleted_leaves=0 mirror_mismatches=0
elapsed=1.784228e+01 cycle=1615 time=1.503750e+01 dt=4.687500e-03
CARTOON_AMR_TRANSACTION cycle=1616 requested_refine=0 requested_derefine_leaves=20 accepted_derefine_parents=0 created_leaves=0 deleted_leaves=0 mirror_mismatches=0
elapsed=1.785581e+01 cycle=1616 time=1.504219e+01 dt=4.687500e-03
CARTOON_AMR_TRANSACTION cycle=1617 requested_refine=0 requested_derefine_leaves=20 accepted_derefine_parents=0 created_leaves=0 deleted_leaves=0 mirror_mismatches=0
elapsed=1.786678e+01 cycle=1617 time=1.504688e+01 dt=4.687500e-03
CARTOON_AMR_TRANSACTION cycle=1618 requested_refine=0 requested_derefine_leaves=20 accepted_derefine_parents=0 created_leaves=0 deleted_leaves=0 mirror_mismatches=0
elapsed=1.787760e+01 cycle=1618 time=1.505156e+01 dt=4.687500e-03
CARTOON_AMR_TRANSACTION cycle=1619 requested_refine=0 requested_derefine_leaves=20 accepted_derefine_parents=0 created_leaves=0 deleted_leaves=0 mirror_mismatches=0
elapsed=1.788828e+01 cycle=1619 time=1.505625e+01 dt=4.687500e-03
CARTOON_AMR_TRANSACTION cycle=1620 requested_refine=0 requested_derefine_leaves=20 accepted_derefine_parents=0 created_leaves=0 deleted_leaves=0 mirror_mismatches=0
elapsed=1.790178e+01 cycle=1620 time=1.506094e+01 dt=4.687500e-03
CARTOON_AMR_TRANSACTION cycle=1621 requested_refine=0 requested_derefine_leaves=20 accepted_derefine_parents=0 created_leaves=0 deleted_leaves=0 mirror_mismatches=0
elapsed=1.791271e+01 cycle=1621 time=1.506563e+01 dt=4.687500e-03
CARTOON_AMR_TRANSACTION cycle=1622 requested_refine=0 requested_derefine_leaves=20 accepted_derefine_parents=0 created_leaves=0 deleted_leaves=0 mirror_mismatches=0
elapsed=1.792340e+01 cycle=1622 time=1.507031e+01 dt=4.687500e-03
CARTOON_AMR_TRANSACTION cycle=1623 requested_refine=0 requested_derefine_leaves=20 accepted_derefine_parents=0 created_leaves=0 deleted_leaves=0 mirror_mismatches=0
elapsed=1.793399e+01 cycle=1623 time=1.507500e+01 dt=4.687500e-03
CARTOON_AMR_TRANSACTION cycle=1624 requested_refine=0 requested_derefine_leaves=20 accepted_derefine_parents=0 created_leaves=0 deleted_leaves=0 mirror_mismatches=0
elapsed=1.794731e+01 cycle=1624 time=1.507969e+01 dt=4.687500e-03
CARTOON_AMR_TRANSACTION cycle=1625 requested_refine=0 requested_derefine_leaves=20 accepted_derefine_parents=0 created_leaves=0 deleted_leaves=0 mirror_mismatches=0
elapsed=1.795828e+01 cycle=1625 time=1.508438e+01 dt=4.687500e-03
CARTOON_AMR_TRANSACTION cycle=1626 requested_refine=0 requested_derefine_leaves=20 accepted_derefine_parents=0 created_leaves=0 deleted_leaves=0 mirror_mismatches=0
elapsed=1.796912e+01 cycle=1626 time=1.508906e+01 dt=4.687500e-03
CARTOON_AMR_TRANSACTION cycle=1627 requested_refine=0 requested_derefine_leaves=20 accepted_derefine_parents=0 created_leaves=0 deleted_leaves=0 mirror_mismatches=0
elapsed=1.797985e+01 cycle=1627 time=1.509375e+01 dt=4.687500e-03
CARTOON_AMR_TRANSACTION cycle=1628 requested_refine=0 requested_derefine_leaves=20 accepted_derefine_parents=0 created_leaves=0 deleted_leaves=0 mirror_mismatches=0
elapsed=1.799318e+01 cycle=1628 time=1.509844e+01 dt=4.687500e-03
CARTOON_AMR_TRANSACTION cycle=1629 requested_refine=0 requested_derefine_leaves=20 accepted_derefine_parents=0 created_leaves=0 deleted_leaves=0 mirror_mismatches=0
elapsed=1.800416e+01 cycle=1629 time=1.510313e+01 dt=4.687500e-03
CARTOON_AMR_TRANSACTION cycle=1630 requested_refine=0 requested_derefine_leaves=20 accepted_derefine_parents=0 created_leaves=0 deleted_leaves=0 mirror_mismatches=0
elapsed=1.801490e+01 cycle=1630 time=1.510781e+01 dt=4.687500e-03
CARTOON_AMR_TRANSACTION cycle=1631 requested_refine=0 requested_derefine_leaves=20 accepted_derefine_parents=0 created_leaves=0 deleted_leaves=0 mirror_mismatches=0
elapsed=1.802574e+01 cycle=1631 time=1.511250e+01 dt=4.687500e-03
CARTOON_AMR_TRANSACTION cycle=1632 requested_refine=0 requested_derefine_leaves=20 accepted_derefine_parents=0 created_leaves=0 deleted_leaves=0 mirror_mismatches=0
elapsed=1.803939e+01 cycle=1632 time=1.511719e+01 dt=4.687500e-03
CARTOON_AMR_TRANSACTION cycle=1633 requested_refine=0 requested_derefine_leaves=20 accepted_derefine_parents=0 created_leaves=0 deleted_leaves=0 mirror_mismatches=0
elapsed=1.805022e+01 cycle=1633 time=1.512188e+01 dt=4.687500e-03
CARTOON_AMR_TRANSACTION cycle=1634 requested_refine=0 requested_derefine_leaves=20 accepted_derefine_parents=0 created_leaves=0 deleted_leaves=0 mirror_mismatches=0
elapsed=1.806097e+01 cycle=1634 time=1.512656e+01 dt=4.687500e-03
CARTOON_AMR_TRANSACTION cycle=1635 requested_refine=0 requested_derefine_leaves=20 accepted_derefine_parents=0 created_leaves=0 deleted_leaves=0 mirror_mismatches=0
elapsed=1.807161e+01 cycle=1635 time=1.513125e+01 dt=4.687500e-03
CARTOON_AMR_TRANSACTION cycle=1636 requested_refine=0 requested_derefine_leaves=20 accepted_derefine_parents=0 created_leaves=0 deleted_leaves=0 mirror_mismatches=0
elapsed=1.808524e+01 cycle=1636 time=1.513594e+01 dt=4.687500e-03
CARTOON_AMR_TRANSACTION cycle=1637 requested_refine=0 requested_derefine_leaves=20 accepted_derefine_parents=0 created_leaves=0 deleted_leaves=0 mirror_mismatches=0
elapsed=1.809619e+01 cycle=1637 time=1.514063e+01 dt=4.687500e-03
CARTOON_AMR_TRANSACTION cycle=1638 requested_refine=0 requested_derefine_leaves=20 accepted_derefine_parents=0 created_leaves=0 deleted_leaves=0 mirror_mismatches=0
elapsed=1.810683e+01 cycle=1638 time=1.514531e+01 dt=4.687500e-03
CARTOON_AMR_TRANSACTION cycle=1639 requested_refine=0 requested_derefine_leaves=20 accepted_derefine_parents=0 created_leaves=0 deleted_leaves=0 mirror_mismatches=0
elapsed=1.811756e+01 cycle=1639 time=1.515000e+01 dt=4.687500e-03
CARTOON_AMR_TRANSACTION cycle=1640 requested_refine=0 requested_derefine_leaves=20 accepted_derefine_parents=0 created_leaves=0 deleted_leaves=0 mirror_mismatches=0
elapsed=1.813106e+01 cycle=1640 time=1.515469e+01 dt=4.687500e-03
CARTOON_AMR_TRANSACTION cycle=1641 requested_refine=0 requested_derefine_leaves=20 accepted_derefine_parents=0 created_leaves=0 deleted_leaves=0 mirror_mismatches=0
elapsed=1.814201e+01 cycle=1641 time=1.515938e+01 dt=4.687500e-03
CARTOON_AMR_TRANSACTION cycle=1642 requested_refine=0 requested_derefine_leaves=20 accepted_derefine_parents=0 created_leaves=0 deleted_leaves=0 mirror_mismatches=0
elapsed=1.815270e+01 cycle=1642 time=1.516406e+01 dt=4.687500e-03
CARTOON_AMR_TRANSACTION cycle=1643 requested_refine=0 requested_derefine_leaves=20 accepted_derefine_parents=0 created_leaves=0 deleted_leaves=0 mirror_mismatches=0
elapsed=1.816332e+01 cycle=1643 time=1.516875e+01 dt=4.687500e-03
CARTOON_AMR_TRANSACTION cycle=1644 requested_refine=0 requested_derefine_leaves=20 accepted_derefine_parents=0 created_leaves=0 deleted_leaves=0 mirror_mismatches=0
elapsed=1.817685e+01 cycle=1644 time=1.517344e+01 dt=4.687500e-03
CARTOON_AMR_TRANSACTION cycle=1645 requested_refine=0 requested_derefine_leaves=20 accepted_derefine_parents=0 created_leaves=0 deleted_leaves=0 mirror_mismatches=0
elapsed=1.818788e+01 cycle=1645 time=1.517813e+01 dt=4.687500e-03
CARTOON_AMR_TRANSACTION cycle=1646 requested_refine=0 requested_derefine_leaves=20 accepted_derefine_parents=0 created_leaves=0 deleted_leaves=0 mirror_mismatches=0
elapsed=1.819865e+01 cycle=1646 time=1.518281e+01 dt=4.687500e-03
CARTOON_AMR_TRANSACTION cycle=1647 requested_refine=0 requested_derefine_leaves=20 accepted_derefine_parents=0 created_leaves=0 deleted_leaves=0 mirror_mismatches=0
elapsed=1.820930e+01 cycle=1647 time=1.518750e+01 dt=4.687500e-03
CARTOON_AMR_TRANSACTION cycle=1648 requested_refine=0 requested_derefine_leaves=20 accepted_derefine_parents=0 created_leaves=0 deleted_leaves=0 mirror_mismatches=0
elapsed=1.822308e+01 cycle=1648 time=1.519219e+01 dt=4.687500e-03
CARTOON_AMR_TRANSACTION cycle=1649 requested_refine=0 requested_derefine_leaves=20 accepted_derefine_parents=0 created_leaves=0 deleted_leaves=0 mirror_mismatches=0
elapsed=1.823396e+01 cycle=1649 time=1.519688e+01 dt=4.687500e-03
CARTOON_AMR_TRANSACTION cycle=1650 requested_refine=0 requested_derefine_leaves=20 accepted_derefine_parents=0 created_leaves=0 deleted_leaves=0 mirror_mismatches=0
elapsed=1.824462e+01 cycle=1650 time=1.520156e+01 dt=4.687500e-03
CARTOON_AMR_TRANSACTION cycle=1651 requested_refine=0 requested_derefine_leaves=20 accepted_derefine_parents=0 created_leaves=0 deleted_leaves=0 mirror_mismatches=0
elapsed=1.825543e+01 cycle=1651 time=1.520625e+01 dt=4.687500e-03
CARTOON_AMR_TRANSACTION cycle=1652 requested_refine=0 requested_derefine_leaves=20 accepted_derefine_parents=0 created_leaves=0 deleted_leaves=0 mirror_mismatches=0
elapsed=1.826905e+01 cycle=1652 time=1.521094e+01 dt=4.687500e-03
CARTOON_AMR_TRANSACTION cycle=1653 requested_refine=0 requested_derefine_leaves=20 accepted_derefine_parents=0 created_leaves=0 deleted_leaves=0 mirror_mismatches=0
elapsed=1.827984e+01 cycle=1653 time=1.521563e+01 dt=4.687500e-03
CARTOON_AMR_TRANSACTION cycle=1654 requested_refine=0 requested_derefine_leaves=20 accepted_derefine_parents=0 created_leaves=0 deleted_leaves=0 mirror_mismatches=0
elapsed=1.829062e+01 cycle=1654 time=1.522031e+01 dt=4.687500e-03
CARTOON_AMR_TRANSACTION cycle=1655 requested_refine=0 requested_derefine_leaves=20 accepted_derefine_parents=0 created_leaves=0 deleted_leaves=0 mirror_mismatches=0
elapsed=1.830132e+01 cycle=1655 time=1.522500e+01 dt=4.687500e-03
CARTOON_AMR_TRANSACTION cycle=1656 requested_refine=0 requested_derefine_leaves=20 accepted_derefine_parents=0 created_leaves=0 deleted_leaves=0 mirror_mismatches=0
elapsed=1.831510e+01 cycle=1656 time=1.522969e+01 dt=4.687500e-03
CARTOON_AMR_TRANSACTION cycle=1657 requested_refine=0 requested_derefine_leaves=20 accepted_derefine_parents=0 created_leaves=0 deleted_leaves=0 mirror_mismatches=0
elapsed=1.832600e+01 cycle=1657 time=1.523438e+01 dt=4.687500e-03
CARTOON_AMR_TRANSACTION cycle=1658 requested_refine=0 requested_derefine_leaves=20 accepted_derefine_parents=0 created_leaves=0 deleted_leaves=0 mirror_mismatches=0
elapsed=1.833674e+01 cycle=1658 time=1.523906e+01 dt=4.687500e-03
CARTOON_AMR_TRANSACTION cycle=1659 requested_refine=0 requested_derefine_leaves=20 accepted_derefine_parents=0 created_leaves=0 deleted_leaves=0 mirror_mismatches=0
elapsed=1.834741e+01 cycle=1659 time=1.524375e+01 dt=4.687500e-03
CARTOON_AMR_TRANSACTION cycle=1660 requested_refine=0 requested_derefine_leaves=20 accepted_derefine_parents=0 created_leaves=0 deleted_leaves=0 mirror_mismatches=0
elapsed=1.836119e+01 cycle=1660 time=1.524844e+01 dt=4.687500e-03
CARTOON_AMR_TRANSACTION cycle=1661 requested_refine=0 requested_derefine_leaves=20 accepted_derefine_parents=0 created_leaves=0 deleted_leaves=0 mirror_mismatches=0
elapsed=1.837221e+01 cycle=1661 time=1.525313e+01 dt=4.687500e-03
CARTOON_AMR_TRANSACTION cycle=1662 requested_refine=0 requested_derefine_leaves=20 accepted_derefine_parents=0 created_leaves=0 deleted_leaves=0 mirror_mismatches=0
elapsed=1.838304e+01 cycle=1662 time=1.525781e+01 dt=4.687500e-03
CARTOON_AMR_TRANSACTION cycle=1663 requested_refine=0 requested_derefine_leaves=20 accepted_derefine_parents=0 created_leaves=0 deleted_leaves=0 mirror_mismatches=0
elapsed=1.839378e+01 cycle=1663 time=1.526250e+01 dt=4.687500e-03
CARTOON_AMR_TRANSACTION cycle=1664 requested_refine=0 requested_derefine_leaves=20 accepted_derefine_parents=0 created_leaves=0 deleted_leaves=0 mirror_mismatches=0
elapsed=1.848138e+01 cycle=1664 time=1.526719e+01 dt=4.687500e-03
CARTOON_AMR_TRANSACTION cycle=1665 requested_refine=0 requested_derefine_leaves=20 accepted_derefine_parents=0 created_leaves=0 deleted_leaves=0 mirror_mismatches=0
elapsed=1.849246e+01 cycle=1665 time=1.527188e+01 dt=4.687500e-03
CARTOON_AMR_TRANSACTION cycle=1666 requested_refine=0 requested_derefine_leaves=20 accepted_derefine_parents=0 created_leaves=0 deleted_leaves=0 mirror_mismatches=0
elapsed=1.850344e+01 cycle=1666 time=1.527656e+01 dt=4.687500e-03
CARTOON_AMR_TRANSACTION cycle=1667 requested_refine=0 requested_derefine_leaves=20 accepted_derefine_parents=0 created_leaves=0 deleted_leaves=0 mirror_mismatches=0
elapsed=1.851441e+01 cycle=1667 time=1.528125e+01 dt=4.687500e-03
CARTOON_AMR_TRANSACTION cycle=1668 requested_refine=0 requested_derefine_leaves=20 accepted_derefine_parents=0 created_leaves=0 deleted_leaves=0 mirror_mismatches=0
elapsed=1.852808e+01 cycle=1668 time=1.528594e+01 dt=4.687500e-03
CARTOON_AMR_TRANSACTION cycle=1669 requested_refine=0 requested_derefine_leaves=20 accepted_derefine_parents=0 created_leaves=0 deleted_leaves=0 mirror_mismatches=0
elapsed=1.853908e+01 cycle=1669 time=1.529063e+01 dt=4.687500e-03
CARTOON_AMR_TRANSACTION cycle=1670 requested_refine=0 requested_derefine_leaves=20 accepted_derefine_parents=0 created_leaves=0 deleted_leaves=0 mirror_mismatches=0
elapsed=1.855003e+01 cycle=1670 time=1.529531e+01 dt=4.687500e-03
CARTOON_AMR_TRANSACTION cycle=1671 requested_refine=0 requested_derefine_leaves=20 accepted_derefine_parents=0 created_leaves=0 deleted_leaves=0 mirror_mismatches=0
elapsed=1.856099e+01 cycle=1671 time=1.530000e+01 dt=4.687500e-03
CARTOON_AMR_TRANSACTION cycle=1672 requested_refine=0 requested_derefine_leaves=20 accepted_derefine_parents=0 created_leaves=0 deleted_leaves=0 mirror_mismatches=0
elapsed=1.857460e+01 cycle=1672 time=1.530469e+01 dt=4.687500e-03
CARTOON_AMR_TRANSACTION cycle=1673 requested_refine=0 requested_derefine_leaves=20 accepted_derefine_parents=0 created_leaves=0 deleted_leaves=0 mirror_mismatches=0
elapsed=1.858560e+01 cycle=1673 time=1.530938e+01 dt=4.687500e-03
CARTOON_AMR_TRANSACTION cycle=1674 requested_refine=0 requested_derefine_leaves=20 accepted_derefine_parents=0 created_leaves=0 deleted_leaves=0 mirror_mismatches=0
elapsed=1.859645e+01 cycle=1674 time=1.531406e+01 dt=4.687500e-03
CARTOON_AMR_TRANSACTION cycle=1675 requested_refine=0 requested_derefine_leaves=20 accepted_derefine_parents=0 created_leaves=0 deleted_leaves=0 mirror_mismatches=0
elapsed=1.860709e+01 cycle=1675 time=1.531875e+01 dt=4.687500e-03
CARTOON_AMR_TRANSACTION cycle=1676 requested_refine=0 requested_derefine_leaves=20 accepted_derefine_parents=0 created_leaves=0 deleted_leaves=0 mirror_mismatches=0
elapsed=1.862085e+01 cycle=1676 time=1.532344e+01 dt=4.687500e-03
CARTOON_AMR_TRANSACTION cycle=1677 requested_refine=0 requested_derefine_leaves=20 accepted_derefine_parents=0 created_leaves=0 deleted_leaves=0 mirror_mismatches=0
elapsed=1.863154e+01 cycle=1677 time=1.532813e+01 dt=4.687500e-03
CARTOON_AMR_TRANSACTION cycle=1678 requested_refine=0 requested_derefine_leaves=20 accepted_derefine_parents=0 created_leaves=0 deleted_leaves=0 mirror_mismatches=0
elapsed=1.864217e+01 cycle=1678 time=1.533281e+01 dt=4.687500e-03
CARTOON_AMR_TRANSACTION cycle=1679 requested_refine=0 requested_derefine_leaves=20 accepted_derefine_parents=0 created_leaves=0 deleted_leaves=0 mirror_mismatches=0
elapsed=1.865281e+01 cycle=1679 time=1.533750e+01 dt=4.687500e-03
CARTOON_AMR_TRANSACTION cycle=1680 requested_refine=0 requested_derefine_leaves=20 accepted_derefine_parents=0 created_leaves=0 deleted_leaves=0 mirror_mismatches=0
elapsed=1.866620e+01 cycle=1680 time=1.534219e+01 dt=4.687500e-03
CARTOON_AMR_TRANSACTION cycle=1681 requested_refine=0 requested_derefine_leaves=20 accepted_derefine_parents=0 created_leaves=0 deleted_leaves=0 mirror_mismatches=0
elapsed=1.867701e+01 cycle=1681 time=1.534688e+01 dt=4.687500e-03
CARTOON_AMR_TRANSACTION cycle=1682 requested_refine=0 requested_derefine_leaves=20 accepted_derefine_parents=0 created_leaves=0 deleted_leaves=0 mirror_mismatches=0
elapsed=1.868765e+01 cycle=1682 time=1.535156e+01 dt=4.687500e-03
CARTOON_AMR_TRANSACTION cycle=1683 requested_refine=0 requested_derefine_leaves=20 accepted_derefine_parents=0 created_leaves=0 deleted_leaves=0 mirror_mismatches=0
elapsed=1.869830e+01 cycle=1683 time=1.535625e+01 dt=4.687500e-03
CARTOON_AMR_TRANSACTION cycle=1684 requested_refine=0 requested_derefine_leaves=20 accepted_derefine_parents=0 created_leaves=0 deleted_leaves=0 mirror_mismatches=0
elapsed=1.871188e+01 cycle=1684 time=1.536094e+01 dt=4.687500e-03
CARTOON_AMR_TRANSACTION cycle=1685 requested_refine=0 requested_derefine_leaves=20 accepted_derefine_parents=0 created_leaves=0 deleted_leaves=0 mirror_mismatches=0
elapsed=1.872285e+01 cycle=1685 time=1.536563e+01 dt=4.687500e-03
CARTOON_AMR_TRANSACTION cycle=1686 requested_refine=0 requested_derefine_leaves=20 accepted_derefine_parents=0 created_leaves=0 deleted_leaves=0 mirror_mismatches=0
elapsed=1.873369e+01 cycle=1686 time=1.537031e+01 dt=4.687500e-03
CARTOON_AMR_TRANSACTION cycle=1687 requested_refine=0 requested_derefine_leaves=20 accepted_derefine_parents=0 created_leaves=0 deleted_leaves=0 mirror_mismatches=0
elapsed=1.874430e+01 cycle=1687 time=1.537500e+01 dt=4.687500e-03
CARTOON_AMR_TRANSACTION cycle=1688 requested_refine=0 requested_derefine_leaves=20 accepted_derefine_parents=0 created_leaves=0 deleted_leaves=0 mirror_mismatches=0
elapsed=1.875792e+01 cycle=1688 time=1.537969e+01 dt=4.687500e-03
CARTOON_AMR_TRANSACTION cycle=1689 requested_refine=0 requested_derefine_leaves=20 accepted_derefine_parents=0 created_leaves=0 deleted_leaves=0 mirror_mismatches=0
elapsed=1.876887e+01 cycle=1689 time=1.538438e+01 dt=4.687500e-03
CARTOON_AMR_TRANSACTION cycle=1690 requested_refine=0 requested_derefine_leaves=20 accepted_derefine_parents=0 created_leaves=0 deleted_leaves=0 mirror_mismatches=0
elapsed=1.878043e+01 cycle=1690 time=1.538906e+01 dt=4.687500e-03
CARTOON_AMR_TRANSACTION cycle=1691 requested_refine=0 requested_derefine_leaves=20 accepted_derefine_parents=0 created_leaves=0 deleted_leaves=0 mirror_mismatches=0
elapsed=1.879122e+01 cycle=1691 time=1.539375e+01 dt=4.687500e-03
CARTOON_AMR_TRANSACTION cycle=1692 requested_refine=0 requested_derefine_leaves=20 accepted_derefine_parents=0 created_leaves=0 deleted_leaves=0 mirror_mismatches=0
elapsed=1.880501e+01 cycle=1692 time=1.539844e+01 dt=4.687500e-03
CARTOON_AMR_TRANSACTION cycle=1693 requested_refine=0 requested_derefine_leaves=20 accepted_derefine_parents=0 created_leaves=0 deleted_leaves=0 mirror_mismatches=0
elapsed=1.881603e+01 cycle=1693 time=1.540313e+01 dt=4.687500e-03
CARTOON_AMR_TRANSACTION cycle=1694 requested_refine=0 requested_derefine_leaves=20 accepted_derefine_parents=0 created_leaves=0 deleted_leaves=0 mirror_mismatches=0
elapsed=1.882685e+01 cycle=1694 time=1.540781e+01 dt=4.687500e-03
CARTOON_AMR_TRANSACTION cycle=1695 requested_refine=0 requested_derefine_leaves=20 accepted_derefine_parents=0 created_leaves=0 deleted_leaves=0 mirror_mismatches=0
elapsed=1.883753e+01 cycle=1695 time=1.541250e+01 dt=4.687500e-03
CARTOON_AMR_TRANSACTION cycle=1696 requested_refine=0 requested_derefine_leaves=20 accepted_derefine_parents=0 created_leaves=0 deleted_leaves=0 mirror_mismatches=0
elapsed=1.885127e+01 cycle=1696 time=1.541719e+01 dt=4.687500e-03
CARTOON_AMR_TRANSACTION cycle=1697 requested_refine=0 requested_derefine_leaves=20 accepted_derefine_parents=0 created_leaves=0 deleted_leaves=0 mirror_mismatches=0
elapsed=1.886215e+01 cycle=1697 time=1.542188e+01 dt=4.687500e-03
CARTOON_AMR_TRANSACTION cycle=1698 requested_refine=0 requested_derefine_leaves=20 accepted_derefine_parents=0 created_leaves=0 deleted_leaves=0 mirror_mismatches=0
elapsed=1.887294e+01 cycle=1698 time=1.542656e+01 dt=4.687500e-03
CARTOON_AMR_TRANSACTION cycle=1699 requested_refine=0 requested_derefine_leaves=20 accepted_derefine_parents=0 created_leaves=0 deleted_leaves=0 mirror_mismatches=0
elapsed=1.888363e+01 cycle=1699 time=1.543125e+01 dt=4.687500e-03
CARTOON_AMR_TRANSACTION cycle=1700 requested_refine=0 requested_derefine_leaves=20 accepted_derefine_parents=0 created_leaves=0 deleted_leaves=0 mirror_mismatches=0
elapsed=1.889723e+01 cycle=1700 time=1.543594e+01 dt=4.687500e-03
CARTOON_AMR_TRANSACTION cycle=1701 requested_refine=2 requested_derefine_leaves=20 accepted_derefine_parents=0 created_leaves=18 deleted_leaves=0 mirror_mismatches=0
AMR_Z4C_CHI_PROLONGATION cycle=1701 local_fallback_groups=0,0,0,0 global_fallback_groups=0 global_high_order_groups=6144
elapsed=1.891416e+01 cycle=1701 time=1.544063e+01 dt=4.687500e-03
CARTOON_AMR_TRANSACTION cycle=1702 requested_refine=0 requested_derefine_leaves=42 accepted_derefine_parents=4 created_leaves=0 deleted_leaves=0 mirror_mismatches=0
elapsed=1.892521e+01 cycle=1702 time=1.544531e+01 dt=4.687500e-03
CARTOON_AMR_TRANSACTION cycle=1703 requested_refine=0 requested_derefine_leaves=42 accepted_derefine_parents=4 created_leaves=0 deleted_leaves=0 mirror_mismatches=0
elapsed=1.893606e+01 cycle=1703 time=1.545000e+01 dt=4.687500e-03
CARTOON_AMR_TRANSACTION cycle=1704 requested_refine=0 requested_derefine_leaves=42 accepted_derefine_parents=4 created_leaves=0 deleted_leaves=0 mirror_mismatches=0
elapsed=1.894989e+01 cycle=1704 time=1.545469e+01 dt=4.687500e-03
CARTOON_AMR_TRANSACTION cycle=1705 requested_refine=0 requested_derefine_leaves=42 accepted_derefine_parents=4 created_leaves=0 deleted_leaves=0 mirror_mismatches=0
elapsed=1.896150e+01 cycle=1705 time=1.545938e+01 dt=4.687500e-03
CARTOON_AMR_TRANSACTION cycle=1706 requested_refine=0 requested_derefine_leaves=42 accepted_derefine_parents=4 created_leaves=0 deleted_leaves=0 mirror_mismatches=0
elapsed=1.897240e+01 cycle=1706 time=1.546406e+01 dt=4.687500e-03
CARTOON_AMR_TRANSACTION cycle=1707 requested_refine=0 requested_derefine_leaves=42 accepted_derefine_parents=4 created_leaves=0 deleted_leaves=0 mirror_mismatches=0
elapsed=1.898335e+01 cycle=1707 time=1.546875e+01 dt=4.687500e-03
CARTOON_AMR_TRANSACTION cycle=1708 requested_refine=0 requested_derefine_leaves=42 accepted_derefine_parents=4 created_leaves=0 deleted_leaves=0 mirror_mismatches=0
elapsed=1.899752e+01 cycle=1708 time=1.547344e+01 dt=4.687500e-03
CARTOON_AMR_TRANSACTION cycle=1709 requested_refine=0 requested_derefine_leaves=42 accepted_derefine_parents=4 created_leaves=0 deleted_leaves=0 mirror_mismatches=0
elapsed=1.900862e+01 cycle=1709 time=1.547813e+01 dt=4.687500e-03
CARTOON_AMR_TRANSACTION cycle=1710 requested_refine=0 requested_derefine_leaves=42 accepted_derefine_parents=4 created_leaves=0 deleted_leaves=0 mirror_mismatches=0
elapsed=1.901965e+01 cycle=1710 time=1.548281e+01 dt=4.687500e-03
CARTOON_AMR_TRANSACTION cycle=1711 requested_refine=0 requested_derefine_leaves=42 accepted_derefine_parents=4 created_leaves=0 deleted_leaves=0 mirror_mismatches=0
elapsed=1.903054e+01 cycle=1711 time=1.548750e+01 dt=4.687500e-03
CARTOON_AMR_TRANSACTION cycle=1712 requested_refine=0 requested_derefine_leaves=42 accepted_derefine_parents=4 created_leaves=0 deleted_leaves=0 mirror_mismatches=0
elapsed=1.904455e+01 cycle=1712 time=1.549219e+01 dt=4.687500e-03
CARTOON_AMR_TRANSACTION cycle=1713 requested_refine=0 requested_derefine_leaves=42 accepted_derefine_parents=4 created_leaves=0 deleted_leaves=0 mirror_mismatches=0
elapsed=1.905571e+01 cycle=1713 time=1.549688e+01 dt=4.687500e-03
CARTOON_AMR_TRANSACTION cycle=1714 requested_refine=0 requested_derefine_leaves=42 accepted_derefine_parents=4 created_leaves=0 deleted_leaves=0 mirror_mismatches=0
elapsed=1.906665e+01 cycle=1714 time=1.550156e+01 dt=4.687500e-03
CARTOON_AMR_TRANSACTION cycle=1715 requested_refine=0 requested_derefine_leaves=42 accepted_derefine_parents=4 created_leaves=0 deleted_leaves=0 mirror_mismatches=0
elapsed=1.907754e+01 cycle=1715 time=1.550625e+01 dt=4.687500e-03
CARTOON_AMR_TRANSACTION cycle=1716 requested_refine=0 requested_derefine_leaves=42 accepted_derefine_parents=4 created_leaves=0 deleted_leaves=0 mirror_mismatches=0
elapsed=1.909137e+01 cycle=1716 time=1.551094e+01 dt=4.687500e-03
CARTOON_AMR_TRANSACTION cycle=1717 requested_refine=0 requested_derefine_leaves=42 accepted_derefine_parents=4 created_leaves=0 deleted_leaves=0 mirror_mismatches=0
elapsed=1.910243e+01 cycle=1717 time=1.551563e+01 dt=4.687500e-03
CARTOON_AMR_TRANSACTION cycle=1718 requested_refine=0 requested_derefine_leaves=42 accepted_derefine_parents=4 created_leaves=0 deleted_leaves=0 mirror_mismatches=0
elapsed=1.911331e+01 cycle=1718 time=1.552031e+01 dt=4.687500e-03
CARTOON_AMR_TRANSACTION cycle=1719 requested_refine=0 requested_derefine_leaves=42 accepted_derefine_parents=4 created_leaves=0 deleted_leaves=0 mirror_mismatches=0
elapsed=1.912418e+01 cycle=1719 time=1.552500e+01 dt=4.687500e-03
CARTOON_AMR_TRANSACTION cycle=1720 requested_refine=0 requested_derefine_leaves=42 accepted_derefine_parents=4 created_leaves=0 deleted_leaves=0 mirror_mismatches=0
elapsed=1.913791e+01 cycle=1720 time=1.552969e+01 dt=4.687500e-03
CARTOON_AMR_TRANSACTION cycle=1721 requested_refine=0 requested_derefine_leaves=42 accepted_derefine_parents=4 created_leaves=0 deleted_leaves=0 mirror_mismatches=0
elapsed=1.914897e+01 cycle=1721 time=1.553438e+01 dt=4.687500e-03
CARTOON_AMR_TRANSACTION cycle=1722 requested_refine=0 requested_derefine_leaves=42 accepted_derefine_parents=4 created_leaves=0 deleted_leaves=0 mirror_mismatches=0
elapsed=1.916009e+01 cycle=1722 time=1.553906e+01 dt=4.687500e-03
CARTOON_AMR_TRANSACTION cycle=1723 requested_refine=0 requested_derefine_leaves=42 accepted_derefine_parents=4 created_leaves=0 deleted_leaves=0 mirror_mismatches=0
elapsed=1.917108e+01 cycle=1723 time=1.554375e+01 dt=4.687500e-03
CARTOON_AMR_TRANSACTION cycle=1724 requested_refine=0 requested_derefine_leaves=42 accepted_derefine_parents=4 created_leaves=0 deleted_leaves=0 mirror_mismatches=0
elapsed=1.918585e+01 cycle=1724 time=1.554844e+01 dt=4.687500e-03
CARTOON_AMR_TRANSACTION cycle=1725 requested_refine=0 requested_derefine_leaves=42 accepted_derefine_parents=4 created_leaves=0 deleted_leaves=0 mirror_mismatches=0
elapsed=1.919707e+01 cycle=1725 time=1.555313e+01 dt=4.687500e-03
CARTOON_AMR_TRANSACTION cycle=1726 requested_refine=0 requested_derefine_leaves=42 accepted_derefine_parents=4 created_leaves=0 deleted_leaves=0 mirror_mismatches=0
elapsed=1.920819e+01 cycle=1726 time=1.555781e+01 dt=4.687500e-03
CARTOON_AMR_TRANSACTION cycle=1727 requested_refine=0 requested_derefine_leaves=42 accepted_derefine_parents=4 created_leaves=0 deleted_leaves=0 mirror_mismatches=0
elapsed=1.921915e+01 cycle=1727 time=1.556250e+01 dt=4.687500e-03
CARTOON_AMR_TRANSACTION cycle=1728 requested_refine=0 requested_derefine_leaves=42 accepted_derefine_parents=4 created_leaves=0 deleted_leaves=0 mirror_mismatches=0
elapsed=1.929264e+01 cycle=1728 time=1.556719e+01 dt=4.687500e-03
CARTOON_AMR_TRANSACTION cycle=1729 requested_refine=0 requested_derefine_leaves=42 accepted_derefine_parents=4 created_leaves=0 deleted_leaves=0 mirror_mismatches=0
elapsed=1.930395e+01 cycle=1729 time=1.557188e+01 dt=4.687500e-03
CARTOON_AMR_TRANSACTION cycle=1730 requested_refine=0 requested_derefine_leaves=42 accepted_derefine_parents=4 created_leaves=0 deleted_leaves=0 mirror_mismatches=0
elapsed=1.931521e+01 cycle=1730 time=1.557656e+01 dt=4.687500e-03
CARTOON_AMR_TRANSACTION cycle=1731 requested_refine=0 requested_derefine_leaves=42 accepted_derefine_parents=4 created_leaves=0 deleted_leaves=0 mirror_mismatches=0
elapsed=1.932638e+01 cycle=1731 time=1.558125e+01 dt=4.687500e-03
CARTOON_AMR_TRANSACTION cycle=1732 requested_refine=0 requested_derefine_leaves=42 accepted_derefine_parents=4 created_leaves=0 deleted_leaves=0 mirror_mismatches=0
elapsed=1.934053e+01 cycle=1732 time=1.558594e+01 dt=4.687500e-03
CARTOON_AMR_TRANSACTION cycle=1733 requested_refine=0 requested_derefine_leaves=42 accepted_derefine_parents=4 created_leaves=0 deleted_leaves=0 mirror_mismatches=0
elapsed=1.935155e+01 cycle=1733 time=1.559063e+01 dt=4.687500e-03
CARTOON_AMR_TRANSACTION cycle=1734 requested_refine=0 requested_derefine_leaves=42 accepted_derefine_parents=4 created_leaves=0 deleted_leaves=0 mirror_mismatches=0
elapsed=1.936254e+01 cycle=1734 time=1.559531e+01 dt=4.687500e-03
CARTOON_AMR_TRANSACTION cycle=1735 requested_refine=0 requested_derefine_leaves=42 accepted_derefine_parents=4 created_leaves=0 deleted_leaves=0 mirror_mismatches=0
elapsed=1.937354e+01 cycle=1735 time=1.560000e+01 dt=4.687500e-03
CARTOON_AMR_TRANSACTION cycle=1736 requested_refine=0 requested_derefine_leaves=42 accepted_derefine_parents=4 created_leaves=0 deleted_leaves=0 mirror_mismatches=0
elapsed=1.938748e+01 cycle=1736 time=1.560469e+01 dt=4.687500e-03
CARTOON_AMR_TRANSACTION cycle=1737 requested_refine=0 requested_derefine_leaves=42 accepted_derefine_parents=4 created_leaves=0 deleted_leaves=0 mirror_mismatches=0
elapsed=1.939863e+01 cycle=1737 time=1.560938e+01 dt=4.687500e-03
CARTOON_AMR_TRANSACTION cycle=1738 requested_refine=0 requested_derefine_leaves=42 accepted_derefine_parents=4 created_leaves=0 deleted_leaves=0 mirror_mismatches=0
elapsed=1.940967e+01 cycle=1738 time=1.561406e+01 dt=4.687500e-03
CARTOON_AMR_TRANSACTION cycle=1739 requested_refine=0 requested_derefine_leaves=42 accepted_derefine_parents=4 created_leaves=0 deleted_leaves=0 mirror_mismatches=0
elapsed=1.942055e+01 cycle=1739 time=1.561875e+01 dt=4.687500e-03
CARTOON_AMR_TRANSACTION cycle=1740 requested_refine=0 requested_derefine_leaves=42 accepted_derefine_parents=4 created_leaves=0 deleted_leaves=0 mirror_mismatches=0
elapsed=1.943428e+01 cycle=1740 time=1.562344e+01 dt=4.687500e-03
CARTOON_AMR_TRANSACTION cycle=1741 requested_refine=0 requested_derefine_leaves=42 accepted_derefine_parents=4 created_leaves=0 deleted_leaves=0 mirror_mismatches=0
elapsed=1.944547e+01 cycle=1741 time=1.562813e+01 dt=4.687500e-03
CARTOON_AMR_TRANSACTION cycle=1742 requested_refine=0 requested_derefine_leaves=42 accepted_derefine_parents=4 created_leaves=0 deleted_leaves=0 mirror_mismatches=0
elapsed=1.945640e+01 cycle=1742 time=1.563281e+01 dt=4.687500e-03
CARTOON_AMR_TRANSACTION cycle=1743 requested_refine=0 requested_derefine_leaves=42 accepted_derefine_parents=4 created_leaves=0 deleted_leaves=0 mirror_mismatches=0
elapsed=1.946730e+01 cycle=1743 time=1.563750e+01 dt=4.687500e-03
CARTOON_AMR_TRANSACTION cycle=1744 requested_refine=0 requested_derefine_leaves=42 accepted_derefine_parents=4 created_leaves=0 deleted_leaves=0 mirror_mismatches=0
elapsed=1.948139e+01 cycle=1744 time=1.564219e+01 dt=4.687500e-03
CARTOON_AMR_TRANSACTION cycle=1745 requested_refine=0 requested_derefine_leaves=42 accepted_derefine_parents=4 created_leaves=0 deleted_leaves=0 mirror_mismatches=0
elapsed=1.949263e+01 cycle=1745 time=1.564688e+01 dt=4.687500e-03
CARTOON_AMR_TRANSACTION cycle=1746 requested_refine=0 requested_derefine_leaves=42 accepted_derefine_parents=4 created_leaves=0 deleted_leaves=0 mirror_mismatches=0
elapsed=1.950363e+01 cycle=1746 time=1.565156e+01 dt=4.687500e-03
CARTOON_AMR_TRANSACTION cycle=1747 requested_refine=0 requested_derefine_leaves=42 accepted_derefine_parents=4 created_leaves=0 deleted_leaves=0 mirror_mismatches=0
elapsed=1.951454e+01 cycle=1747 time=1.565625e+01 dt=4.687500e-03
CARTOON_AMR_TRANSACTION cycle=1748 requested_refine=0 requested_derefine_leaves=42 accepted_derefine_parents=4 created_leaves=0 deleted_leaves=0 mirror_mismatches=0
elapsed=1.952847e+01 cycle=1748 time=1.566094e+01 dt=4.687500e-03
CARTOON_AMR_TRANSACTION cycle=1749 requested_refine=0 requested_derefine_leaves=42 accepted_derefine_parents=4 created_leaves=0 deleted_leaves=0 mirror_mismatches=0
elapsed=1.953954e+01 cycle=1749 time=1.566563e+01 dt=4.687500e-03
CARTOON_AMR_TRANSACTION cycle=1750 requested_refine=0 requested_derefine_leaves=42 accepted_derefine_parents=4 created_leaves=0 deleted_leaves=0 mirror_mismatches=0
elapsed=1.955032e+01 cycle=1750 time=1.567031e+01 dt=4.687500e-03
CARTOON_AMR_TRANSACTION cycle=1751 requested_refine=0 requested_derefine_leaves=42 accepted_derefine_parents=4 created_leaves=0 deleted_leaves=0 mirror_mismatches=0
elapsed=1.956128e+01 cycle=1751 time=1.567500e+01 dt=4.687500e-03
CARTOON_AMR_TRANSACTION cycle=1752 requested_refine=0 requested_derefine_leaves=42 accepted_derefine_parents=4 created_leaves=0 deleted_leaves=0 mirror_mismatches=0
elapsed=1.957517e+01 cycle=1752 time=1.567969e+01 dt=4.687500e-03
CARTOON_AMR_TRANSACTION cycle=1753 requested_refine=0 requested_derefine_leaves=42 accepted_derefine_parents=4 created_leaves=0 deleted_leaves=0 mirror_mismatches=0
elapsed=1.958637e+01 cycle=1753 time=1.568438e+01 dt=4.687500e-03
CARTOON_AMR_TRANSACTION cycle=1754 requested_refine=0 requested_derefine_leaves=42 accepted_derefine_parents=4 created_leaves=0 deleted_leaves=0 mirror_mismatches=0
elapsed=1.959742e+01 cycle=1754 time=1.568906e+01 dt=4.687500e-03
CARTOON_AMR_TRANSACTION cycle=1755 requested_refine=0 requested_derefine_leaves=42 accepted_derefine_parents=4 created_leaves=0 deleted_leaves=0 mirror_mismatches=0
elapsed=1.960842e+01 cycle=1755 time=1.569375e+01 dt=4.687500e-03
CARTOON_AMR_TRANSACTION cycle=1756 requested_refine=0 requested_derefine_leaves=42 accepted_derefine_parents=4 created_leaves=0 deleted_leaves=0 mirror_mismatches=0
elapsed=1.962267e+01 cycle=1756 time=1.569844e+01 dt=4.687500e-03
CARTOON_AMR_TRANSACTION cycle=1757 requested_refine=0 requested_derefine_leaves=42 accepted_derefine_parents=4 created_leaves=0 deleted_leaves=0 mirror_mismatches=0
elapsed=1.963374e+01 cycle=1757 time=1.570313e+01 dt=4.687500e-03
CARTOON_AMR_TRANSACTION cycle=1758 requested_refine=0 requested_derefine_leaves=42 accepted_derefine_parents=4 created_leaves=0 deleted_leaves=0 mirror_mismatches=0
elapsed=1.964467e+01 cycle=1758 time=1.570781e+01 dt=4.687500e-03
CARTOON_AMR_TRANSACTION cycle=1759 requested_refine=0 requested_derefine_leaves=42 accepted_derefine_parents=4 created_leaves=0 deleted_leaves=0 mirror_mismatches=0
elapsed=1.965559e+01 cycle=1759 time=1.571250e+01 dt=4.687500e-03
CARTOON_AMR_TRANSACTION cycle=1760 requested_refine=0 requested_derefine_leaves=42 accepted_derefine_parents=4 created_leaves=0 deleted_leaves=0 mirror_mismatches=0
elapsed=1.966933e+01 cycle=1760 time=1.571719e+01 dt=4.687500e-03
CARTOON_AMR_TRANSACTION cycle=1761 requested_refine=0 requested_derefine_leaves=42 accepted_derefine_parents=4 created_leaves=0 deleted_leaves=0 mirror_mismatches=0
elapsed=1.968057e+01 cycle=1761 time=1.572188e+01 dt=4.687500e-03
CARTOON_AMR_TRANSACTION cycle=1762 requested_refine=0 requested_derefine_leaves=42 accepted_derefine_parents=4 created_leaves=0 deleted_leaves=0 mirror_mismatches=0
elapsed=1.969157e+01 cycle=1762 time=1.572656e+01 dt=4.687500e-03
CARTOON_AMR_TRANSACTION cycle=1763 requested_refine=0 requested_derefine_leaves=42 accepted_derefine_parents=4 created_leaves=0 deleted_leaves=0 mirror_mismatches=0
elapsed=1.970245e+01 cycle=1763 time=1.573125e+01 dt=4.687500e-03
CARTOON_AMR_TRANSACTION cycle=1764 requested_refine=0 requested_derefine_leaves=42 accepted_derefine_parents=4 created_leaves=0 deleted_leaves=0 mirror_mismatches=0
elapsed=1.971632e+01 cycle=1764 time=1.573594e+01 dt=4.687500e-03
CARTOON_AMR_TRANSACTION cycle=1765 requested_refine=0 requested_derefine_leaves=42 accepted_derefine_parents=4 created_leaves=0 deleted_leaves=0 mirror_mismatches=0
elapsed=1.972755e+01 cycle=1765 time=1.574063e+01 dt=4.687500e-03
CARTOON_AMR_TRANSACTION cycle=1766 requested_refine=0 requested_derefine_leaves=42 accepted_derefine_parents=4 created_leaves=0 deleted_leaves=0 mirror_mismatches=0
elapsed=1.973860e+01 cycle=1766 time=1.574531e+01 dt=4.687500e-03
CARTOON_AMR_TRANSACTION cycle=1767 requested_refine=0 requested_derefine_leaves=42 accepted_derefine_parents=4 created_leaves=0 deleted_leaves=0 mirror_mismatches=0
elapsed=1.974960e+01 cycle=1767 time=1.575000e+01 dt=4.687500e-03
CARTOON_AMR_TRANSACTION cycle=1768 requested_refine=0 requested_derefine_leaves=42 accepted_derefine_parents=4 created_leaves=0 deleted_leaves=0 mirror_mismatches=0
elapsed=1.976339e+01 cycle=1768 time=1.575469e+01 dt=4.687500e-03
CARTOON_AMR_TRANSACTION cycle=1769 requested_refine=0 requested_derefine_leaves=42 accepted_derefine_parents=4 created_leaves=0 deleted_leaves=0 mirror_mismatches=0
elapsed=1.977454e+01 cycle=1769 time=1.575938e+01 dt=4.687500e-03
CARTOON_AMR_TRANSACTION cycle=1770 requested_refine=0 requested_derefine_leaves=42 accepted_derefine_parents=4 created_leaves=0 deleted_leaves=0 mirror_mismatches=0
elapsed=1.978567e+01 cycle=1770 time=1.576406e+01 dt=4.687500e-03
CARTOON_AMR_TRANSACTION cycle=1771 requested_refine=0 requested_derefine_leaves=42 accepted_derefine_parents=4 created_leaves=0 deleted_leaves=0 mirror_mismatches=0
elapsed=1.979654e+01 cycle=1771 time=1.576875e+01 dt=4.687500e-03
CARTOON_AMR_TRANSACTION cycle=1772 requested_refine=0 requested_derefine_leaves=42 accepted_derefine_parents=4 created_leaves=0 deleted_leaves=0 mirror_mismatches=0
elapsed=1.981031e+01 cycle=1772 time=1.577344e+01 dt=4.687500e-03
CARTOON_AMR_TRANSACTION cycle=1773 requested_refine=0 requested_derefine_leaves=42 accepted_derefine_parents=4 created_leaves=0 deleted_leaves=0 mirror_mismatches=0
elapsed=1.982147e+01 cycle=1773 time=1.577813e+01 dt=4.687500e-03
CARTOON_AMR_TRANSACTION cycle=1774 requested_refine=0 requested_derefine_leaves=42 accepted_derefine_parents=4 created_leaves=0 deleted_leaves=0 mirror_mismatches=0
elapsed=1.983238e+01 cycle=1774 time=1.578281e+01 dt=4.687500e-03
CARTOON_AMR_TRANSACTION cycle=1775 requested_refine=0 requested_derefine_leaves=42 accepted_derefine_parents=4 created_leaves=0 deleted_leaves=0 mirror_mismatches=0
elapsed=1.984324e+01 cycle=1775 time=1.578750e+01 dt=4.687500e-03
CARTOON_AMR_TRANSACTION cycle=1776 requested_refine=0 requested_derefine_leaves=42 accepted_derefine_parents=4 created_leaves=0 deleted_leaves=0 mirror_mismatches=0
elapsed=1.985737e+01 cycle=1776 time=1.579219e+01 dt=4.687500e-03
CARTOON_AMR_TRANSACTION cycle=1777 requested_refine=0 requested_derefine_leaves=42 accepted_derefine_parents=4 created_leaves=0 deleted_leaves=0 mirror_mismatches=0
elapsed=1.986852e+01 cycle=1777 time=1.579688e+01 dt=4.687500e-03
CARTOON_AMR_TRANSACTION cycle=1778 requested_refine=0 requested_derefine_leaves=42 accepted_derefine_parents=4 created_leaves=0 deleted_leaves=0 mirror_mismatches=0
elapsed=1.987941e+01 cycle=1778 time=1.580156e+01 dt=4.687500e-03
CARTOON_AMR_TRANSACTION cycle=1779 requested_refine=0 requested_derefine_leaves=42 accepted_derefine_parents=4 created_leaves=0 deleted_leaves=0 mirror_mismatches=0
elapsed=1.989030e+01 cycle=1779 time=1.580625e+01 dt=4.687500e-03
CARTOON_AMR_TRANSACTION cycle=1780 requested_refine=0 requested_derefine_leaves=42 accepted_derefine_parents=4 created_leaves=0 deleted_leaves=0 mirror_mismatches=0
elapsed=1.990425e+01 cycle=1780 time=1.581094e+01 dt=4.687500e-03
CARTOON_AMR_TRANSACTION cycle=1781 requested_refine=0 requested_derefine_leaves=42 accepted_derefine_parents=4 created_leaves=0 deleted_leaves=0 mirror_mismatches=0
elapsed=1.991535e+01 cycle=1781 time=1.581563e+01 dt=4.687500e-03
CARTOON_AMR_TRANSACTION cycle=1782 requested_refine=0 requested_derefine_leaves=42 accepted_derefine_parents=4 created_leaves=0 deleted_leaves=0 mirror_mismatches=0
elapsed=1.992631e+01 cycle=1782 time=1.582031e+01 dt=4.687500e-03
CARTOON_AMR_TRANSACTION cycle=1783 requested_refine=0 requested_derefine_leaves=42 accepted_derefine_parents=4 created_leaves=0 deleted_leaves=0 mirror_mismatches=0
elapsed=1.993721e+01 cycle=1783 time=1.582500e+01 dt=4.687500e-03
CARTOON_AMR_TRANSACTION cycle=1784 requested_refine=0 requested_derefine_leaves=42 accepted_derefine_parents=4 created_leaves=0 deleted_leaves=0 mirror_mismatches=0
elapsed=1.995130e+01 cycle=1784 time=1.582969e+01 dt=4.687500e-03
CARTOON_AMR_TRANSACTION cycle=1785 requested_refine=0 requested_derefine_leaves=42 accepted_derefine_parents=4 created_leaves=0 deleted_leaves=0 mirror_mismatches=0
elapsed=1.996244e+01 cycle=1785 time=1.583438e+01 dt=4.687500e-03
CARTOON_AMR_TRANSACTION cycle=1786 requested_refine=0 requested_derefine_leaves=42 accepted_derefine_parents=4 created_leaves=0 deleted_leaves=0 mirror_mismatches=0
elapsed=1.997334e+01 cycle=1786 time=1.583906e+01 dt=4.687500e-03
CARTOON_AMR_TRANSACTION cycle=1787 requested_refine=0 requested_derefine_leaves=42 accepted_derefine_parents=4 created_leaves=0 deleted_leaves=0 mirror_mismatches=0
elapsed=1.998431e+01 cycle=1787 time=1.584375e+01 dt=4.687500e-03
CARTOON_AMR_TRANSACTION cycle=1788 requested_refine=0 requested_derefine_leaves=42 accepted_derefine_parents=4 created_leaves=0 deleted_leaves=0 mirror_mismatches=0
elapsed=1.999829e+01 cycle=1788 time=1.584844e+01 dt=4.687500e-03
CARTOON_AMR_TRANSACTION cycle=1789 requested_refine=0 requested_derefine_leaves=40 accepted_derefine_parents=2 created_leaves=0 deleted_leaves=0 mirror_mismatches=0
elapsed=2.000943e+01 cycle=1789 time=1.585312e+01 dt=4.687500e-03
CARTOON_AMR_TRANSACTION cycle=1790 requested_refine=0 requested_derefine_leaves=40 accepted_derefine_parents=2 created_leaves=0 deleted_leaves=0 mirror_mismatches=0
elapsed=2.002052e+01 cycle=1790 time=1.585781e+01 dt=4.687500e-03
CARTOON_AMR_TRANSACTION cycle=1791 requested_refine=0 requested_derefine_leaves=40 accepted_derefine_parents=2 created_leaves=0 deleted_leaves=0 mirror_mismatches=0
elapsed=2.003146e+01 cycle=1791 time=1.586250e+01 dt=4.687500e-03
CARTOON_AMR_TRANSACTION cycle=1792 requested_refine=0 requested_derefine_leaves=40 accepted_derefine_parents=2 created_leaves=0 deleted_leaves=0 mirror_mismatches=0
elapsed=2.014545e+01 cycle=1792 time=1.586719e+01 dt=4.687500e-03
CARTOON_AMR_TRANSACTION cycle=1793 requested_refine=0 requested_derefine_leaves=40 accepted_derefine_parents=2 created_leaves=0 deleted_leaves=0 mirror_mismatches=0
elapsed=2.015676e+01 cycle=1793 time=1.587187e+01 dt=4.687500e-03
CARTOON_AMR_TRANSACTION cycle=1794 requested_refine=0 requested_derefine_leaves=40 accepted_derefine_parents=2 created_leaves=0 deleted_leaves=0 mirror_mismatches=0
elapsed=2.016806e+01 cycle=1794 time=1.587656e+01 dt=4.687500e-03
CARTOON_AMR_TRANSACTION cycle=1795 requested_refine=0 requested_derefine_leaves=40 accepted_derefine_parents=2 created_leaves=0 deleted_leaves=0 mirror_mismatches=0
elapsed=2.017931e+01 cycle=1795 time=1.588125e+01 dt=4.687500e-03
CARTOON_AMR_TRANSACTION cycle=1796 requested_refine=0 requested_derefine_leaves=40 accepted_derefine_parents=2 created_leaves=0 deleted_leaves=0 mirror_mismatches=0
elapsed=2.019328e+01 cycle=1796 time=1.588594e+01 dt=4.687500e-03
CARTOON_AMR_TRANSACTION cycle=1797 requested_refine=0 requested_derefine_leaves=40 accepted_derefine_parents=2 created_leaves=0 deleted_leaves=0 mirror_mismatches=0
elapsed=2.020450e+01 cycle=1797 time=1.589062e+01 dt=4.687500e-03
CARTOON_AMR_TRANSACTION cycle=1798 requested_refine=0 requested_derefine_leaves=40 accepted_derefine_parents=2 created_leaves=0 deleted_leaves=0 mirror_mismatches=0
elapsed=2.021571e+01 cycle=1798 time=1.589531e+01 dt=4.687500e-03
CARTOON_AMR_TRANSACTION cycle=1799 requested_refine=0 requested_derefine_leaves=40 accepted_derefine_parents=2 created_leaves=0 deleted_leaves=0 mirror_mismatches=0
elapsed=2.022693e+01 cycle=1799 time=1.590000e+01 dt=4.687500e-03
CARTOON_AMR_TRANSACTION cycle=1800 requested_refine=0 requested_derefine_leaves=40 accepted_derefine_parents=2 created_leaves=0 deleted_leaves=0 mirror_mismatches=0
elapsed=2.024087e+01 cycle=1800 time=1.590469e+01 dt=4.687500e-03
CARTOON_AMR_TRANSACTION cycle=1801 requested_refine=0 requested_derefine_leaves=40 accepted_derefine_parents=2 created_leaves=0 deleted_leaves=0 mirror_mismatches=0
elapsed=2.025200e+01 cycle=1801 time=1.590937e+01 dt=4.687500e-03
CARTOON_AMR_TRANSACTION cycle=1802 requested_refine=0 requested_derefine_leaves=40 accepted_derefine_parents=2 created_leaves=0 deleted_leaves=0 mirror_mismatches=0
elapsed=2.026304e+01 cycle=1802 time=1.591406e+01 dt=4.687500e-03
CARTOON_AMR_TRANSACTION cycle=1803 requested_refine=0 requested_derefine_leaves=40 accepted_derefine_parents=2 created_leaves=0 deleted_leaves=0 mirror_mismatches=0
elapsed=2.027393e+01 cycle=1803 time=1.591875e+01 dt=4.687500e-03
CARTOON_AMR_TRANSACTION cycle=1804 requested_refine=0 requested_derefine_leaves=40 accepted_derefine_parents=2 created_leaves=0 deleted_leaves=0 mirror_mismatches=0
elapsed=2.028801e+01 cycle=1804 time=1.592344e+01 dt=4.687500e-03
CARTOON_AMR_TRANSACTION cycle=1805 requested_refine=0 requested_derefine_leaves=40 accepted_derefine_parents=2 created_leaves=0 deleted_leaves=0 mirror_mismatches=0
elapsed=2.029911e+01 cycle=1805 time=1.592812e+01 dt=4.687500e-03
CARTOON_AMR_TRANSACTION cycle=1806 requested_refine=0 requested_derefine_leaves=40 accepted_derefine_parents=2 created_leaves=0 deleted_leaves=0 mirror_mismatches=0
elapsed=2.031022e+01 cycle=1806 time=1.593281e+01 dt=4.687500e-03
CARTOON_AMR_TRANSACTION cycle=1807 requested_refine=0 requested_derefine_leaves=40 accepted_derefine_parents=2 created_leaves=0 deleted_leaves=0 mirror_mismatches=0
elapsed=2.032128e+01 cycle=1807 time=1.593750e+01 dt=4.687500e-03
CARTOON_AMR_TRANSACTION cycle=1808 requested_refine=0 requested_derefine_leaves=40 accepted_derefine_parents=2 created_leaves=0 deleted_leaves=0 mirror_mismatches=0
elapsed=2.033496e+01 cycle=1808 time=1.594219e+01 dt=4.687500e-03
CARTOON_AMR_TRANSACTION cycle=1809 requested_refine=0 requested_derefine_leaves=40 accepted_derefine_parents=2 created_leaves=0 deleted_leaves=0 mirror_mismatches=0
elapsed=2.034616e+01 cycle=1809 time=1.594687e+01 dt=4.687500e-03
CARTOON_AMR_TRANSACTION cycle=1810 requested_refine=0 requested_derefine_leaves=40 accepted_derefine_parents=2 created_leaves=0 deleted_leaves=0 mirror_mismatches=0
elapsed=2.035724e+01 cycle=1810 time=1.595156e+01 dt=4.687500e-03
CARTOON_AMR_TRANSACTION cycle=1811 requested_refine=0 requested_derefine_leaves=40 accepted_derefine_parents=2 created_leaves=0 deleted_leaves=0 mirror_mismatches=0
elapsed=2.036821e+01 cycle=1811 time=1.595625e+01 dt=4.687500e-03
CARTOON_AMR_TRANSACTION cycle=1812 requested_refine=0 requested_derefine_leaves=40 accepted_derefine_parents=2 created_leaves=0 deleted_leaves=0 mirror_mismatches=0
elapsed=2.038174e+01 cycle=1812 time=1.596094e+01 dt=4.687500e-03
CARTOON_AMR_TRANSACTION cycle=1813 requested_refine=0 requested_derefine_leaves=40 accepted_derefine_parents=2 created_leaves=0 deleted_leaves=0 mirror_mismatches=0
elapsed=2.039298e+01 cycle=1813 time=1.596562e+01 dt=4.687500e-03
CARTOON_AMR_TRANSACTION cycle=1814 requested_refine=0 requested_derefine_leaves=40 accepted_derefine_parents=2 created_leaves=0 deleted_leaves=0 mirror_mismatches=0
elapsed=2.040401e+01 cycle=1814 time=1.597031e+01 dt=4.687500e-03
CARTOON_AMR_TRANSACTION cycle=1815 requested_refine=0 requested_derefine_leaves=40 accepted_derefine_parents=2 created_leaves=0 deleted_leaves=0 mirror_mismatches=0
elapsed=2.041497e+01 cycle=1815 time=1.597500e+01 dt=4.687500e-03
CARTOON_AMR_TRANSACTION cycle=1816 requested_refine=0 requested_derefine_leaves=40 accepted_derefine_parents=2 created_leaves=0 deleted_leaves=0 mirror_mismatches=0
elapsed=2.042926e+01 cycle=1816 time=1.597969e+01 dt=4.687500e-03
CARTOON_AMR_TRANSACTION cycle=1817 requested_refine=0 requested_derefine_leaves=40 accepted_derefine_parents=2 created_leaves=0 deleted_leaves=0 mirror_mismatches=0
elapsed=2.044033e+01 cycle=1817 time=1.598437e+01 dt=4.687500e-03
CARTOON_AMR_TRANSACTION cycle=1818 requested_refine=0 requested_derefine_leaves=40 accepted_derefine_parents=2 created_leaves=0 deleted_leaves=0 mirror_mismatches=0
elapsed=2.045133e+01 cycle=1818 time=1.598906e+01 dt=4.687500e-03
CARTOON_AMR_TRANSACTION cycle=1819 requested_refine=0 requested_derefine_leaves=40 accepted_derefine_parents=2 created_leaves=0 deleted_leaves=0 mirror_mismatches=0
elapsed=2.046233e+01 cycle=1819 time=1.599375e+01 dt=4.687500e-03
CARTOON_AMR_TRANSACTION cycle=1820 requested_refine=0 requested_derefine_leaves=40 accepted_derefine_parents=2 created_leaves=0 deleted_leaves=0 mirror_mismatches=0
elapsed=2.047663e+01 cycle=1820 time=1.599844e+01 dt=4.687500e-03
CARTOON_AMR_TRANSACTION cycle=1821 requested_refine=0 requested_derefine_leaves=40 accepted_derefine_parents=2 created_leaves=0 deleted_leaves=0 mirror_mismatches=0
elapsed=2.048772e+01 cycle=1821 time=1.600312e+01 dt=4.687500e-03
CARTOON_AMR_TRANSACTION cycle=1822 requested_refine=0 requested_derefine_leaves=40 accepted_derefine_parents=2 created_leaves=0 deleted_leaves=0 mirror_mismatches=0
elapsed=2.049869e+01 cycle=1822 time=1.600781e+01 dt=4.687500e-03
CARTOON_AMR_TRANSACTION cycle=1823 requested_refine=0 requested_derefine_leaves=40 accepted_derefine_parents=2 created_leaves=0 deleted_leaves=0 mirror_mismatches=0
elapsed=2.050964e+01 cycle=1823 time=1.601250e+01 dt=4.687500e-03
CARTOON_AMR_TRANSACTION cycle=1824 requested_refine=0 requested_derefine_leaves=40 accepted_derefine_parents=2 created_leaves=0 deleted_leaves=0 mirror_mismatches=0
elapsed=2.052359e+01 cycle=1824 time=1.601719e+01 dt=4.687500e-03
CARTOON_AMR_TRANSACTION cycle=1825 requested_refine=0 requested_derefine_leaves=40 accepted_derefine_parents=2 created_leaves=0 deleted_leaves=0 mirror_mismatches=0
elapsed=2.053478e+01 cycle=1825 time=1.602187e+01 dt=4.687500e-03
CARTOON_AMR_TRANSACTION cycle=1826 requested_refine=0 requested_derefine_leaves=40 accepted_derefine_parents=2 created_leaves=0 deleted_leaves=0 mirror_mismatches=0
elapsed=2.054582e+01 cycle=1826 time=1.602656e+01 dt=4.687500e-03
CARTOON_AMR_TRANSACTION cycle=1827 requested_refine=0 requested_derefine_leaves=40 accepted_derefine_parents=2 created_leaves=0 deleted_leaves=0 mirror_mismatches=0
elapsed=2.055680e+01 cycle=1827 time=1.603125e+01 dt=4.687500e-03
CARTOON_AMR_TRANSACTION cycle=1828 requested_refine=0 requested_derefine_leaves=40 accepted_derefine_parents=2 created_leaves=0 deleted_leaves=0 mirror_mismatches=0
elapsed=2.057053e+01 cycle=1828 time=1.603594e+01 dt=4.687500e-03
CARTOON_AMR_TRANSACTION cycle=1829 requested_refine=0 requested_derefine_leaves=40 accepted_derefine_parents=2 created_leaves=0 deleted_leaves=0 mirror_mismatches=0
elapsed=2.058167e+01 cycle=1829 time=1.604062e+01 dt=4.687500e-03
CARTOON_AMR_TRANSACTION cycle=1830 requested_refine=0 requested_derefine_leaves=40 accepted_derefine_parents=2 created_leaves=0 deleted_leaves=0 mirror_mismatches=0
elapsed=2.059264e+01 cycle=1830 time=1.604531e+01 dt=4.687500e-03
CARTOON_AMR_TRANSACTION cycle=1831 requested_refine=0 requested_derefine_leaves=40 accepted_derefine_parents=2 created_leaves=0 deleted_leaves=0 mirror_mismatches=0
elapsed=2.060351e+01 cycle=1831 time=1.605000e+01 dt=4.687500e-03
CARTOON_AMR_TRANSACTION cycle=1832 requested_refine=0 requested_derefine_leaves=40 accepted_derefine_parents=2 created_leaves=0 deleted_leaves=0 mirror_mismatches=0
elapsed=2.061752e+01 cycle=1832 time=1.605469e+01 dt=4.687500e-03
CARTOON_AMR_TRANSACTION cycle=1833 requested_refine=0 requested_derefine_leaves=40 accepted_derefine_parents=2 created_leaves=0 deleted_leaves=0 mirror_mismatches=0
elapsed=2.062849e+01 cycle=1833 time=1.605937e+01 dt=4.687500e-03
CARTOON_AMR_TRANSACTION cycle=1834 requested_refine=0 requested_derefine_leaves=40 accepted_derefine_parents=2 created_leaves=0 deleted_leaves=0 mirror_mismatches=0
elapsed=2.063941e+01 cycle=1834 time=1.606406e+01 dt=4.687500e-03
CARTOON_AMR_TRANSACTION cycle=1835 requested_refine=0 requested_derefine_leaves=40 accepted_derefine_parents=2 created_leaves=0 deleted_leaves=0 mirror_mismatches=0
elapsed=2.065027e+01 cycle=1835 time=1.606875e+01 dt=4.687500e-03
CARTOON_AMR_TRANSACTION cycle=1836 requested_refine=0 requested_derefine_leaves=40 accepted_derefine_parents=2 created_leaves=0 deleted_leaves=0 mirror_mismatches=0
elapsed=2.066410e+01 cycle=1836 time=1.607344e+01 dt=4.687500e-03
CARTOON_AMR_TRANSACTION cycle=1837 requested_refine=0 requested_derefine_leaves=40 accepted_derefine_parents=2 created_leaves=0 deleted_leaves=0 mirror_mismatches=0
elapsed=2.067533e+01 cycle=1837 time=1.607812e+01 dt=4.687500e-03
CARTOON_AMR_TRANSACTION cycle=1838 requested_refine=0 requested_derefine_leaves=40 accepted_derefine_parents=2 created_leaves=0 deleted_leaves=0 mirror_mismatches=0
elapsed=2.068638e+01 cycle=1838 time=1.608281e+01 dt=4.687500e-03
CARTOON_AMR_TRANSACTION cycle=1839 requested_refine=0 requested_derefine_leaves=40 accepted_derefine_parents=2 created_leaves=0 deleted_leaves=0 mirror_mismatches=0
elapsed=2.069729e+01 cycle=1839 time=1.608750e+01 dt=4.687500e-03
CARTOON_AMR_TRANSACTION cycle=1840 requested_refine=0 requested_derefine_leaves=40 accepted_derefine_parents=2 created_leaves=0 deleted_leaves=0 mirror_mismatches=0
elapsed=2.071119e+01 cycle=1840 time=1.609219e+01 dt=4.687500e-03
CARTOON_AMR_TRANSACTION cycle=1841 requested_refine=0 requested_derefine_leaves=40 accepted_derefine_parents=2 created_leaves=0 deleted_leaves=0 mirror_mismatches=0
elapsed=2.072214e+01 cycle=1841 time=1.609687e+01 dt=4.687500e-03
CARTOON_AMR_TRANSACTION cycle=1842 requested_refine=0 requested_derefine_leaves=40 accepted_derefine_parents=2 created_leaves=0 deleted_leaves=0 mirror_mismatches=0
elapsed=2.073304e+01 cycle=1842 time=1.610156e+01 dt=4.687500e-03
CARTOON_AMR_TRANSACTION cycle=1843 requested_refine=0 requested_derefine_leaves=40 accepted_derefine_parents=2 created_leaves=0 deleted_leaves=0 mirror_mismatches=0
elapsed=2.074402e+01 cycle=1843 time=1.610625e+01 dt=4.687500e-03
CARTOON_AMR_TRANSACTION cycle=1844 requested_refine=0 requested_derefine_leaves=40 accepted_derefine_parents=2 created_leaves=0 deleted_leaves=0 mirror_mismatches=0
elapsed=2.075784e+01 cycle=1844 time=1.611094e+01 dt=4.687500e-03
CARTOON_AMR_TRANSACTION cycle=1845 requested_refine=0 requested_derefine_leaves=40 accepted_derefine_parents=2 created_leaves=0 deleted_leaves=0 mirror_mismatches=0
elapsed=2.076905e+01 cycle=1845 time=1.611562e+01 dt=4.687500e-03
CARTOON_AMR_TRANSACTION cycle=1846 requested_refine=0 requested_derefine_leaves=40 accepted_derefine_parents=2 created_leaves=0 deleted_leaves=0 mirror_mismatches=0
elapsed=2.077985e+01 cycle=1846 time=1.612031e+01 dt=4.687500e-03
CARTOON_AMR_TRANSACTION cycle=1847 requested_refine=0 requested_derefine_leaves=40 accepted_derefine_parents=2 created_leaves=0 deleted_leaves=0 mirror_mismatches=0
elapsed=2.079077e+01 cycle=1847 time=1.612500e+01 dt=4.687500e-03
CARTOON_AMR_TRANSACTION cycle=1848 requested_refine=0 requested_derefine_leaves=40 accepted_derefine_parents=2 created_leaves=0 deleted_leaves=0 mirror_mismatches=0
elapsed=2.080445e+01 cycle=1848 time=1.612969e+01 dt=4.687500e-03
CARTOON_AMR_TRANSACTION cycle=1849 requested_refine=0 requested_derefine_leaves=40 accepted_derefine_parents=2 created_leaves=0 deleted_leaves=0 mirror_mismatches=0
elapsed=2.081551e+01 cycle=1849 time=1.613437e+01 dt=4.687500e-03
CARTOON_AMR_TRANSACTION cycle=1850 requested_refine=0 requested_derefine_leaves=40 accepted_derefine_parents=2 created_leaves=0 deleted_leaves=0 mirror_mismatches=0
elapsed=2.082652e+01 cycle=1850 time=1.613906e+01 dt=4.687500e-03
CARTOON_AMR_TRANSACTION cycle=1851 requested_refine=0 requested_derefine_leaves=40 accepted_derefine_parents=2 created_leaves=0 deleted_leaves=0 mirror_mismatches=0
elapsed=2.083744e+01 cycle=1851 time=1.614375e+01 dt=4.687500e-03
CARTOON_AMR_TRANSACTION cycle=1852 requested_refine=0 requested_derefine_leaves=40 accepted_derefine_parents=2 created_leaves=0 deleted_leaves=0 mirror_mismatches=0
elapsed=2.085146e+01 cycle=1852 time=1.614844e+01 dt=4.687500e-03
CARTOON_AMR_TRANSACTION cycle=1853 requested_refine=0 requested_derefine_leaves=40 accepted_derefine_parents=2 created_leaves=0 deleted_leaves=0 mirror_mismatches=0
elapsed=2.086247e+01 cycle=1853 time=1.615312e+01 dt=4.687500e-03
CARTOON_AMR_TRANSACTION cycle=1854 requested_refine=0 requested_derefine_leaves=40 accepted_derefine_parents=2 created_leaves=0 deleted_leaves=0 mirror_mismatches=0
elapsed=2.087349e+01 cycle=1854 time=1.615781e+01 dt=4.687500e-03
CARTOON_AMR_TRANSACTION cycle=1855 requested_refine=0 requested_derefine_leaves=40 accepted_derefine_parents=2 created_leaves=0 deleted_leaves=0 mirror_mismatches=0
elapsed=2.088448e+01 cycle=1855 time=1.616250e+01 dt=4.687500e-03
CARTOON_AMR_TRANSACTION cycle=1856 requested_refine=0 requested_derefine_leaves=40 accepted_derefine_parents=2 created_leaves=0 deleted_leaves=0 mirror_mismatches=0
elapsed=2.096291e+01 cycle=1856 time=1.616719e+01 dt=4.687500e-03
CARTOON_AMR_TRANSACTION cycle=1857 requested_refine=0 requested_derefine_leaves=40 accepted_derefine_parents=2 created_leaves=0 deleted_leaves=0 mirror_mismatches=0
elapsed=2.097414e+01 cycle=1857 time=1.617187e+01 dt=4.687500e-03
CARTOON_AMR_TRANSACTION cycle=1858 requested_refine=0 requested_derefine_leaves=40 accepted_derefine_parents=2 created_leaves=0 deleted_leaves=0 mirror_mismatches=0
elapsed=2.098536e+01 cycle=1858 time=1.617656e+01 dt=4.687500e-03
CARTOON_AMR_TRANSACTION cycle=1859 requested_refine=0 requested_derefine_leaves=40 accepted_derefine_parents=2 created_leaves=0 deleted_leaves=0 mirror_mismatches=0
elapsed=2.099655e+01 cycle=1859 time=1.618125e+01 dt=4.687500e-03
CARTOON_AMR_TRANSACTION cycle=1860 requested_refine=0 requested_derefine_leaves=40 accepted_derefine_parents=2 created_leaves=0 deleted_leaves=0 mirror_mismatches=0
elapsed=2.101057e+01 cycle=1860 time=1.618594e+01 dt=4.687500e-03
CARTOON_AMR_TRANSACTION cycle=1861 requested_refine=0 requested_derefine_leaves=40 accepted_derefine_parents=2 created_leaves=0 deleted_leaves=0 mirror_mismatches=0
elapsed=2.102177e+01 cycle=1861 time=1.619062e+01 dt=4.687500e-03
CARTOON_AMR_TRANSACTION cycle=1862 requested_refine=0 requested_derefine_leaves=40 accepted_derefine_parents=2 created_leaves=0 deleted_leaves=0 mirror_mismatches=0
elapsed=2.103297e+01 cycle=1862 time=1.619531e+01 dt=4.687500e-03
CARTOON_AMR_TRANSACTION cycle=1863 requested_refine=0 requested_derefine_leaves=40 accepted_derefine_parents=2 created_leaves=0 deleted_leaves=0 mirror_mismatches=0
elapsed=2.104418e+01 cycle=1863 time=1.620000e+01 dt=4.687500e-03
CARTOON_AMR_TRANSACTION cycle=1864 requested_refine=0 requested_derefine_leaves=40 accepted_derefine_parents=2 created_leaves=0 deleted_leaves=0 mirror_mismatches=0
elapsed=2.105800e+01 cycle=1864 time=1.620469e+01 dt=4.687500e-03
CARTOON_AMR_TRANSACTION cycle=1865 requested_refine=0 requested_derefine_leaves=40 accepted_derefine_parents=2 created_leaves=0 deleted_leaves=0 mirror_mismatches=0
elapsed=2.106919e+01 cycle=1865 time=1.620937e+01 dt=4.687500e-03
CARTOON_AMR_TRANSACTION cycle=1866 requested_refine=0 requested_derefine_leaves=40 accepted_derefine_parents=2 created_leaves=0 deleted_leaves=0 mirror_mismatches=0
elapsed=2.108029e+01 cycle=1866 time=1.621406e+01 dt=4.687500e-03
CARTOON_AMR_TRANSACTION cycle=1867 requested_refine=0 requested_derefine_leaves=40 accepted_derefine_parents=2 created_leaves=0 deleted_leaves=0 mirror_mismatches=0
elapsed=2.109119e+01 cycle=1867 time=1.621875e+01 dt=4.687500e-03
CARTOON_AMR_TRANSACTION cycle=1868 requested_refine=0 requested_derefine_leaves=40 accepted_derefine_parents=2 created_leaves=0 deleted_leaves=0 mirror_mismatches=0
elapsed=2.110522e+01 cycle=1868 time=1.622344e+01 dt=4.687500e-03
CARTOON_AMR_TRANSACTION cycle=1869 requested_refine=0 requested_derefine_leaves=40 accepted_derefine_parents=2 created_leaves=0 deleted_leaves=0 mirror_mismatches=0
elapsed=2.111625e+01 cycle=1869 time=1.622812e+01 dt=4.687500e-03
CARTOON_AMR_TRANSACTION cycle=1870 requested_refine=0 requested_derefine_leaves=40 accepted_derefine_parents=2 created_leaves=0 deleted_leaves=0 mirror_mismatches=0
elapsed=2.112717e+01 cycle=1870 time=1.623281e+01 dt=4.687500e-03
CARTOON_AMR_TRANSACTION cycle=1871 requested_refine=0 requested_derefine_leaves=40 accepted_derefine_parents=2 created_leaves=0 deleted_leaves=0 mirror_mismatches=0
elapsed=2.113806e+01 cycle=1871 time=1.623750e+01 dt=4.687500e-03
CARTOON_AMR_TRANSACTION cycle=1872 requested_refine=0 requested_derefine_leaves=40 accepted_derefine_parents=2 created_leaves=0 deleted_leaves=0 mirror_mismatches=0
elapsed=2.115182e+01 cycle=1872 time=1.624219e+01 dt=4.687500e-03
CARTOON_AMR_TRANSACTION cycle=1873 requested_refine=0 requested_derefine_leaves=40 accepted_derefine_parents=2 created_leaves=0 deleted_leaves=0 mirror_mismatches=0
elapsed=2.116312e+01 cycle=1873 time=1.624687e+01 dt=4.687500e-03
CARTOON_AMR_TRANSACTION cycle=1874 requested_refine=0 requested_derefine_leaves=40 accepted_derefine_parents=2 created_leaves=0 deleted_leaves=0 mirror_mismatches=0
elapsed=2.117428e+01 cycle=1874 time=1.625156e+01 dt=4.687500e-03
CARTOON_AMR_TRANSACTION cycle=1875 requested_refine=0 requested_derefine_leaves=40 accepted_derefine_parents=2 created_leaves=0 deleted_leaves=0 mirror_mismatches=0
elapsed=2.118526e+01 cycle=1875 time=1.625625e+01 dt=4.687500e-03
CARTOON_AMR_TRANSACTION cycle=1876 requested_refine=0 requested_derefine_leaves=40 accepted_derefine_parents=2 created_leaves=0 deleted_leaves=0 mirror_mismatches=0
elapsed=2.119968e+01 cycle=1876 time=1.626094e+01 dt=4.687500e-03
CARTOON_AMR_TRANSACTION cycle=1877 requested_refine=0 requested_derefine_leaves=40 accepted_derefine_parents=2 created_leaves=0 deleted_leaves=0 mirror_mismatches=0
elapsed=2.121081e+01 cycle=1877 time=1.626562e+01 dt=4.687500e-03
CARTOON_AMR_TRANSACTION cycle=1878 requested_refine=0 requested_derefine_leaves=40 accepted_derefine_parents=2 created_leaves=0 deleted_leaves=0 mirror_mismatches=0
elapsed=2.122186e+01 cycle=1878 time=1.627031e+01 dt=4.687500e-03
CARTOON_AMR_TRANSACTION cycle=1879 requested_refine=0 requested_derefine_leaves=40 accepted_derefine_parents=2 created_leaves=0 deleted_leaves=0 mirror_mismatches=0
elapsed=2.123289e+01 cycle=1879 time=1.627500e+01 dt=4.687500e-03
CARTOON_AMR_TRANSACTION cycle=1880 requested_refine=0 requested_derefine_leaves=40 accepted_derefine_parents=2 created_leaves=0 deleted_leaves=0 mirror_mismatches=0
elapsed=2.124706e+01 cycle=1880 time=1.627969e+01 dt=4.687500e-03
CARTOON_AMR_TRANSACTION cycle=1881 requested_refine=0 requested_derefine_leaves=40 accepted_derefine_parents=2 created_leaves=0 deleted_leaves=0 mirror_mismatches=0
elapsed=2.125813e+01 cycle=1881 time=1.628437e+01 dt=4.687500e-03
CARTOON_AMR_TRANSACTION cycle=1882 requested_refine=0 requested_derefine_leaves=40 accepted_derefine_parents=2 created_leaves=0 deleted_leaves=0 mirror_mismatches=0
elapsed=2.126922e+01 cycle=1882 time=1.628906e+01 dt=4.687500e-03
CARTOON_AMR_TRANSACTION cycle=1883 requested_refine=0 requested_derefine_leaves=40 accepted_derefine_parents=2 created_leaves=0 deleted_leaves=0 mirror_mismatches=0
elapsed=2.128027e+01 cycle=1883 time=1.629375e+01 dt=4.687500e-03
CARTOON_AMR_TRANSACTION cycle=1884 requested_refine=0 requested_derefine_leaves=40 accepted_derefine_parents=2 created_leaves=0 deleted_leaves=0 mirror_mismatches=0
elapsed=2.129417e+01 cycle=1884 time=1.629844e+01 dt=4.687500e-03
CARTOON_AMR_TRANSACTION cycle=1885 requested_refine=0 requested_derefine_leaves=40 accepted_derefine_parents=2 created_leaves=0 deleted_leaves=0 mirror_mismatches=0
elapsed=2.130536e+01 cycle=1885 time=1.630312e+01 dt=4.687500e-03
CARTOON_AMR_TRANSACTION cycle=1886 requested_refine=0 requested_derefine_leaves=40 accepted_derefine_parents=2 created_leaves=0 deleted_leaves=0 mirror_mismatches=0
elapsed=2.131635e+01 cycle=1886 time=1.630781e+01 dt=4.687500e-03
CARTOON_AMR_TRANSACTION cycle=1887 requested_refine=0 requested_derefine_leaves=40 accepted_derefine_parents=2 created_leaves=0 deleted_leaves=0 mirror_mismatches=0
elapsed=2.132739e+01 cycle=1887 time=1.631250e+01 dt=4.687500e-03
CARTOON_AMR_TRANSACTION cycle=1888 requested_refine=0 requested_derefine_leaves=40 accepted_derefine_parents=2 created_leaves=0 deleted_leaves=0 mirror_mismatches=0
elapsed=2.134147e+01 cycle=1888 time=1.631719e+01 dt=4.687500e-03
CARTOON_AMR_TRANSACTION cycle=1889 requested_refine=0 requested_derefine_leaves=40 accepted_derefine_parents=2 created_leaves=0 deleted_leaves=0 mirror_mismatches=0
elapsed=2.135260e+01 cycle=1889 time=1.632187e+01 dt=4.687500e-03
CARTOON_AMR_TRANSACTION cycle=1890 requested_refine=0 requested_derefine_leaves=40 accepted_derefine_parents=2 created_leaves=0 deleted_leaves=0 mirror_mismatches=0
elapsed=2.136361e+01 cycle=1890 time=1.632656e+01 dt=4.687500e-03
CARTOON_AMR_TRANSACTION cycle=1891 requested_refine=0 requested_derefine_leaves=40 accepted_derefine_parents=2 created_leaves=0 deleted_leaves=0 mirror_mismatches=0
elapsed=2.137449e+01 cycle=1891 time=1.633125e+01 dt=4.687500e-03
CARTOON_AMR_TRANSACTION cycle=1892 requested_refine=0 requested_derefine_leaves=40 accepted_derefine_parents=2 created_leaves=0 deleted_leaves=0 mirror_mismatches=0
elapsed=2.138830e+01 cycle=1892 time=1.633594e+01 dt=4.687500e-03
CARTOON_AMR_TRANSACTION cycle=1893 requested_refine=0 requested_derefine_leaves=40 accepted_derefine_parents=2 created_leaves=0 deleted_leaves=0 mirror_mismatches=0
elapsed=2.139950e+01 cycle=1893 time=1.634062e+01 dt=4.687500e-03
CARTOON_AMR_TRANSACTION cycle=1894 requested_refine=0 requested_derefine_leaves=40 accepted_derefine_parents=2 created_leaves=0 deleted_leaves=0 mirror_mismatches=0
elapsed=2.141049e+01 cycle=1894 time=1.634531e+01 dt=4.687500e-03
CARTOON_AMR_TRANSACTION cycle=1895 requested_refine=0 requested_derefine_leaves=40 accepted_derefine_parents=2 created_leaves=0 deleted_leaves=0 mirror_mismatches=0
elapsed=2.142149e+01 cycle=1895 time=1.635000e+01 dt=4.687500e-03
CARTOON_AMR_TRANSACTION cycle=1896 requested_refine=0 requested_derefine_leaves=40 accepted_derefine_parents=2 created_leaves=0 deleted_leaves=0 mirror_mismatches=0
elapsed=2.143511e+01 cycle=1896 time=1.635469e+01 dt=4.687500e-03
CARTOON_AMR_TRANSACTION cycle=1897 requested_refine=0 requested_derefine_leaves=40 accepted_derefine_parents=2 created_leaves=0 deleted_leaves=0 mirror_mismatches=0
elapsed=2.144628e+01 cycle=1897 time=1.635937e+01 dt=4.687500e-03
CARTOON_AMR_TRANSACTION cycle=1898 requested_refine=0 requested_derefine_leaves=40 accepted_derefine_parents=2 created_leaves=0 deleted_leaves=0 mirror_mismatches=0
elapsed=2.145726e+01 cycle=1898 time=1.636406e+01 dt=4.687500e-03
CARTOON_AMR_TRANSACTION cycle=1899 requested_refine=0 requested_derefine_leaves=40 accepted_derefine_parents=2 created_leaves=0 deleted_leaves=0 mirror_mismatches=0
elapsed=2.146814e+01 cycle=1899 time=1.636875e+01 dt=4.687500e-03
CARTOON_AMR_TRANSACTION cycle=1900 requested_refine=0 requested_derefine_leaves=40 accepted_derefine_parents=2 created_leaves=0 deleted_leaves=0 mirror_mismatches=0
elapsed=2.148198e+01 cycle=1900 time=1.637344e+01 dt=4.687500e-03
CARTOON_AMR_TRANSACTION cycle=1901 requested_refine=0 requested_derefine_leaves=40 accepted_derefine_parents=2 created_leaves=0 deleted_leaves=0 mirror_mismatches=0
elapsed=2.149312e+01 cycle=1901 time=1.637812e+01 dt=4.687500e-03
CARTOON_AMR_TRANSACTION cycle=1902 requested_refine=0 requested_derefine_leaves=40 accepted_derefine_parents=2 created_leaves=0 deleted_leaves=0 mirror_mismatches=0
elapsed=2.150403e+01 cycle=1902 time=1.638281e+01 dt=4.687500e-03
CARTOON_AMR_TRANSACTION cycle=1903 requested_refine=0 requested_derefine_leaves=40 accepted_derefine_parents=2 created_leaves=0 deleted_leaves=0 mirror_mismatches=0
elapsed=2.151492e+01 cycle=1903 time=1.638750e+01 dt=4.687500e-03
CARTOON_AMR_TRANSACTION cycle=1904 requested_refine=0 requested_derefine_leaves=40 accepted_derefine_parents=2 created_leaves=0 deleted_leaves=0 mirror_mismatches=0
elapsed=2.152848e+01 cycle=1904 time=1.639219e+01 dt=4.687500e-03
CARTOON_AMR_TRANSACTION cycle=1905 requested_refine=0 requested_derefine_leaves=40 accepted_derefine_parents=2 created_leaves=0 deleted_leaves=0 mirror_mismatches=0
elapsed=2.153967e+01 cycle=1905 time=1.639687e+01 dt=4.687500e-03
CARTOON_AMR_TRANSACTION cycle=1906 requested_refine=0 requested_derefine_leaves=40 accepted_derefine_parents=2 created_leaves=0 deleted_leaves=0 mirror_mismatches=0
elapsed=2.155066e+01 cycle=1906 time=1.640156e+01 dt=4.687500e-03
CARTOON_AMR_TRANSACTION cycle=1907 requested_refine=0 requested_derefine_leaves=40 accepted_derefine_parents=2 created_leaves=0 deleted_leaves=0 mirror_mismatches=0
elapsed=2.156158e+01 cycle=1907 time=1.640625e+01 dt=4.687500e-03
CARTOON_AMR_TRANSACTION cycle=1908 requested_refine=0 requested_derefine_leaves=40 accepted_derefine_parents=2 created_leaves=0 deleted_leaves=0 mirror_mismatches=0
elapsed=2.157538e+01 cycle=1908 time=1.641094e+01 dt=4.687500e-03
CARTOON_AMR_TRANSACTION cycle=1909 requested_refine=0 requested_derefine_leaves=40 accepted_derefine_parents=2 created_leaves=0 deleted_leaves=0 mirror_mismatches=0
elapsed=2.158641e+01 cycle=1909 time=1.641562e+01 dt=4.687500e-03
CARTOON_AMR_TRANSACTION cycle=1910 requested_refine=0 requested_derefine_leaves=40 accepted_derefine_parents=2 created_leaves=0 deleted_leaves=0 mirror_mismatches=0
elapsed=2.159723e+01 cycle=1910 time=1.642031e+01 dt=4.687500e-03
CARTOON_AMR_TRANSACTION cycle=1911 requested_refine=0 requested_derefine_leaves=40 accepted_derefine_parents=2 created_leaves=0 deleted_leaves=0 mirror_mismatches=0
elapsed=2.160823e+01 cycle=1911 time=1.642500e+01 dt=4.687500e-03
CARTOON_AMR_TRANSACTION cycle=1912 requested_refine=0 requested_derefine_leaves=40 accepted_derefine_parents=2 created_leaves=0 deleted_leaves=0 mirror_mismatches=0
elapsed=2.162257e+01 cycle=1912 time=1.642969e+01 dt=4.687500e-03
CARTOON_AMR_TRANSACTION cycle=1913 requested_refine=0 requested_derefine_leaves=40 accepted_derefine_parents=2 created_leaves=0 deleted_leaves=0 mirror_mismatches=0
elapsed=2.163368e+01 cycle=1913 time=1.643437e+01 dt=4.687500e-03
CARTOON_AMR_TRANSACTION cycle=1914 requested_refine=0 requested_derefine_leaves=40 accepted_derefine_parents=2 created_leaves=0 deleted_leaves=0 mirror_mismatches=0
elapsed=2.164468e+01 cycle=1914 time=1.643906e+01 dt=4.687500e-03
CARTOON_AMR_TRANSACTION cycle=1915 requested_refine=0 requested_derefine_leaves=40 accepted_derefine_parents=2 created_leaves=0 deleted_leaves=0 mirror_mismatches=0
elapsed=2.165555e+01 cycle=1915 time=1.644375e+01 dt=4.687500e-03
CARTOON_AMR_TRANSACTION cycle=1916 requested_refine=0 requested_derefine_leaves=40 accepted_derefine_parents=2 created_leaves=0 deleted_leaves=0 mirror_mismatches=0
elapsed=2.166964e+01 cycle=1916 time=1.644844e+01 dt=4.687500e-03
CARTOON_AMR_TRANSACTION cycle=1917 requested_refine=0 requested_derefine_leaves=40 accepted_derefine_parents=2 created_leaves=0 deleted_leaves=0 mirror_mismatches=0
elapsed=2.168066e+01 cycle=1917 time=1.645312e+01 dt=4.687500e-03
CARTOON_AMR_TRANSACTION cycle=1918 requested_refine=0 requested_derefine_leaves=40 accepted_derefine_parents=2 created_leaves=0 deleted_leaves=0 mirror_mismatches=0
elapsed=2.169154e+01 cycle=1918 time=1.645781e+01 dt=4.687500e-03
CARTOON_AMR_TRANSACTION cycle=1919 requested_refine=0 requested_derefine_leaves=40 accepted_derefine_parents=2 created_leaves=0 deleted_leaves=0 mirror_mismatches=0
elapsed=2.170248e+01 cycle=1919 time=1.646250e+01 dt=4.687500e-03
CARTOON_AMR_TRANSACTION cycle=1920 requested_refine=0 requested_derefine_leaves=40 accepted_derefine_parents=2 created_leaves=0 deleted_leaves=0 mirror_mismatches=0
elapsed=2.181500e+01 cycle=1920 time=1.646719e+01 dt=4.687500e-03
CARTOON_AMR_TRANSACTION cycle=1921 requested_refine=0 requested_derefine_leaves=40 accepted_derefine_parents=2 created_leaves=0 deleted_leaves=0 mirror_mismatches=0
elapsed=2.182645e+01 cycle=1921 time=1.647187e+01 dt=4.687500e-03
CARTOON_AMR_TRANSACTION cycle=1922 requested_refine=0 requested_derefine_leaves=40 accepted_derefine_parents=2 created_leaves=0 deleted_leaves=0 mirror_mismatches=0
elapsed=2.183766e+01 cycle=1922 time=1.647656e+01 dt=4.687500e-03
CARTOON_AMR_TRANSACTION cycle=1923 requested_refine=0 requested_derefine_leaves=40 accepted_derefine_parents=2 created_leaves=0 deleted_leaves=0 mirror_mismatches=0
elapsed=2.184884e+01 cycle=1923 time=1.648125e+01 dt=4.687500e-03
CARTOON_AMR_TRANSACTION cycle=1924 requested_refine=0 requested_derefine_leaves=40 accepted_derefine_parents=2 created_leaves=0 deleted_leaves=0 mirror_mismatches=0
elapsed=2.186290e+01 cycle=1924 time=1.648594e+01 dt=4.687500e-03
CARTOON_AMR_TRANSACTION cycle=1925 requested_refine=0 requested_derefine_leaves=40 accepted_derefine_parents=2 created_leaves=0 deleted_leaves=0 mirror_mismatches=0
elapsed=2.187416e+01 cycle=1925 time=1.649062e+01 dt=4.687500e-03
CARTOON_AMR_TRANSACTION cycle=1926 requested_refine=0 requested_derefine_leaves=40 accepted_derefine_parents=2 created_leaves=0 deleted_leaves=0 mirror_mismatches=0
elapsed=2.188536e+01 cycle=1926 time=1.649531e+01 dt=4.687500e-03
CARTOON_AMR_TRANSACTION cycle=1927 requested_refine=0 requested_derefine_leaves=40 accepted_derefine_parents=2 created_leaves=0 deleted_leaves=0 mirror_mismatches=0
elapsed=2.189657e+01 cycle=1927 time=1.650000e+01 dt=4.687500e-03
CARTOON_AMR_TRANSACTION cycle=1928 requested_refine=0 requested_derefine_leaves=40 accepted_derefine_parents=2 created_leaves=0 deleted_leaves=0 mirror_mismatches=0
elapsed=2.191049e+01 cycle=1928 time=1.650469e+01 dt=4.687500e-03
CARTOON_AMR_TRANSACTION cycle=1929 requested_refine=0 requested_derefine_leaves=40 accepted_derefine_parents=2 created_leaves=0 deleted_leaves=0 mirror_mismatches=0
elapsed=2.192174e+01 cycle=1929 time=1.650937e+01 dt=4.687500e-03
CARTOON_AMR_TRANSACTION cycle=1930 requested_refine=0 requested_derefine_leaves=40 accepted_derefine_parents=2 created_leaves=0 deleted_leaves=0 mirror_mismatches=0
elapsed=2.193283e+01 cycle=1930 time=1.651406e+01 dt=4.687500e-03
CARTOON_AMR_TRANSACTION cycle=1931 requested_refine=0 requested_derefine_leaves=40 accepted_derefine_parents=2 created_leaves=0 deleted_leaves=0 mirror_mismatches=0
elapsed=2.194373e+01 cycle=1931 time=1.651875e+01 dt=4.687500e-03
CARTOON_AMR_TRANSACTION cycle=1932 requested_refine=0 requested_derefine_leaves=40 accepted_derefine_parents=2 created_leaves=0 deleted_leaves=0 mirror_mismatches=0
elapsed=2.195730e+01 cycle=1932 time=1.652344e+01 dt=4.687500e-03
CARTOON_AMR_TRANSACTION cycle=1933 requested_refine=0 requested_derefine_leaves=42 accepted_derefine_parents=2 created_leaves=0 deleted_leaves=0 mirror_mismatches=0
elapsed=2.196854e+01 cycle=1933 time=1.652812e+01 dt=4.687500e-03
CARTOON_AMR_TRANSACTION cycle=1934 requested_refine=0 requested_derefine_leaves=42 accepted_derefine_parents=2 created_leaves=0 deleted_leaves=0 mirror_mismatches=0
elapsed=2.197960e+01 cycle=1934 time=1.653281e+01 dt=4.687500e-03
CARTOON_AMR_TRANSACTION cycle=1935 requested_refine=0 requested_derefine_leaves=40 accepted_derefine_parents=2 created_leaves=0 deleted_leaves=0 mirror_mismatches=0
elapsed=2.199040e+01 cycle=1935 time=1.653750e+01 dt=4.687500e-03
CARTOON_AMR_TRANSACTION cycle=1936 requested_refine=0 requested_derefine_leaves=40 accepted_derefine_parents=2 created_leaves=0 deleted_leaves=0 mirror_mismatches=0
elapsed=2.200421e+01 cycle=1936 time=1.654219e+01 dt=4.687500e-03
CARTOON_AMR_TRANSACTION cycle=1937 requested_refine=0 requested_derefine_leaves=40 accepted_derefine_parents=2 created_leaves=0 deleted_leaves=0 mirror_mismatches=0
elapsed=2.201539e+01 cycle=1937 time=1.654687e+01 dt=4.687500e-03
CARTOON_AMR_TRANSACTION cycle=1938 requested_refine=0 requested_derefine_leaves=40 accepted_derefine_parents=2 created_leaves=0 deleted_leaves=0 mirror_mismatches=0
elapsed=2.202651e+01 cycle=1938 time=1.655156e+01 dt=4.687500e-03
CARTOON_AMR_TRANSACTION cycle=1939 requested_refine=0 requested_derefine_leaves=40 accepted_derefine_parents=2 created_leaves=0 deleted_leaves=0 mirror_mismatches=0
elapsed=2.203759e+01 cycle=1939 time=1.655625e+01 dt=4.687500e-03
CARTOON_AMR_TRANSACTION cycle=1940 requested_refine=2 requested_derefine_leaves=40 accepted_derefine_parents=2 created_leaves=6 deleted_leaves=0 mirror_mismatches=0
AMR_Z4C_CHI_PROLONGATION cycle=1940 local_fallback_groups=0,0,0,0 global_fallback_groups=0 global_high_order_groups=2048
elapsed=2.205636e+01 cycle=1940 time=1.656094e+01 dt=2.343750e-03
CARTOON_AMR_TRANSACTION cycle=1941 requested_refine=0 requested_derefine_leaves=46 accepted_derefine_parents=2 created_leaves=0 deleted_leaves=0 mirror_mismatches=0
elapsed=2.206863e+01 cycle=1941 time=1.656328e+01 dt=2.343750e-03
CARTOON_AMR_TRANSACTION cycle=1942 requested_refine=0 requested_derefine_leaves=46 accepted_derefine_parents=2 created_leaves=0 deleted_leaves=0 mirror_mismatches=0
elapsed=2.208063e+01 cycle=1942 time=1.656562e+01 dt=2.343750e-03
CARTOON_AMR_TRANSACTION cycle=1943 requested_refine=0 requested_derefine_leaves=46 accepted_derefine_parents=2 created_leaves=0 deleted_leaves=0 mirror_mismatches=0
elapsed=2.209265e+01 cycle=1943 time=1.656797e+01 dt=2.343750e-03
CARTOON_AMR_TRANSACTION cycle=1944 requested_refine=0 requested_derefine_leaves=46 accepted_derefine_parents=2 created_leaves=0 deleted_leaves=0 mirror_mismatches=0
elapsed=2.210757e+01 cycle=1944 time=1.657031e+01 dt=2.343750e-03
CARTOON_AMR_TRANSACTION cycle=1945 requested_refine=0 requested_derefine_leaves=46 accepted_derefine_parents=2 created_leaves=0 deleted_leaves=0 mirror_mismatches=0
elapsed=2.211963e+01 cycle=1945 time=1.657266e+01 dt=2.343750e-03
CARTOON_AMR_TRANSACTION cycle=1946 requested_refine=0 requested_derefine_leaves=46 accepted_derefine_parents=2 created_leaves=0 deleted_leaves=0 mirror_mismatches=0
elapsed=2.213162e+01 cycle=1946 time=1.657500e+01 dt=2.343750e-03
CARTOON_AMR_TRANSACTION cycle=1947 requested_refine=0 requested_derefine_leaves=46 accepted_derefine_parents=2 created_leaves=0 deleted_leaves=0 mirror_mismatches=0
elapsed=2.214348e+01 cycle=1947 time=1.657734e+01 dt=2.343750e-03
CARTOON_AMR_TRANSACTION cycle=1948 requested_refine=0 requested_derefine_leaves=46 accepted_derefine_parents=2 created_leaves=0 deleted_leaves=0 mirror_mismatches=0
elapsed=2.215856e+01 cycle=1948 time=1.657969e+01 dt=2.343750e-03
CARTOON_AMR_TRANSACTION cycle=1949 requested_refine=0 requested_derefine_leaves=46 accepted_derefine_parents=2 created_leaves=0 deleted_leaves=0 mirror_mismatches=0
elapsed=2.217077e+01 cycle=1949 time=1.658203e+01 dt=2.343750e-03
CARTOON_AMR_TRANSACTION cycle=1950 requested_refine=0 requested_derefine_leaves=46 accepted_derefine_parents=2 created_leaves=0 deleted_leaves=0 mirror_mismatches=0
elapsed=2.218299e+01 cycle=1950 time=1.658437e+01 dt=2.343750e-03
CARTOON_AMR_TRANSACTION cycle=1951 requested_refine=2 requested_derefine_leaves=46 accepted_derefine_parents=2 created_leaves=6 deleted_leaves=0 mirror_mismatches=0
AMR_Z4C_CHI_PROLONGATION cycle=1951 local_fallback_groups=0,0,0,0 global_fallback_groups=0 global_high_order_groups=2048
elapsed=2.220082e+01 cycle=1951 time=1.658672e+01 dt=1.171875e-03
CARTOON_AMR_TRANSACTION cycle=1952 requested_refine=0 requested_derefine_leaves=52 accepted_derefine_parents=2 created_leaves=0 deleted_leaves=0 mirror_mismatches=0
elapsed=2.221635e+01 cycle=1952 time=1.658789e+01 dt=1.171875e-03
CARTOON_AMR_TRANSACTION cycle=1953 requested_refine=0 requested_derefine_leaves=52 accepted_derefine_parents=2 created_leaves=0 deleted_leaves=0 mirror_mismatches=0
elapsed=2.222884e+01 cycle=1953 time=1.658906e+01 dt=1.171875e-03
CARTOON_AMR_TRANSACTION cycle=1954 requested_refine=0 requested_derefine_leaves=52 accepted_derefine_parents=2 created_leaves=0 deleted_leaves=0 mirror_mismatches=0
elapsed=2.224111e+01 cycle=1954 time=1.659023e+01 dt=1.171875e-03
CARTOON_AMR_TRANSACTION cycle=1955 requested_refine=0 requested_derefine_leaves=50 accepted_derefine_parents=2 created_leaves=0 deleted_leaves=0 mirror_mismatches=0
elapsed=2.225330e+01 cycle=1955 time=1.659141e+01 dt=1.171875e-03
CARTOON_AMR_TRANSACTION cycle=1956 requested_refine=0 requested_derefine_leaves=50 accepted_derefine_parents=2 created_leaves=0 deleted_leaves=0 mirror_mismatches=0
elapsed=2.226881e+01 cycle=1956 time=1.659258e+01 dt=1.171875e-03
CARTOON_AMR_TRANSACTION cycle=1957 requested_refine=0 requested_derefine_leaves=50 accepted_derefine_parents=2 created_leaves=0 deleted_leaves=0 mirror_mismatches=0
elapsed=2.228116e+01 cycle=1957 time=1.659375e+01 dt=1.171875e-03
CARTOON_AMR_TRANSACTION cycle=1958 requested_refine=0 requested_derefine_leaves=48 accepted_derefine_parents=2 created_leaves=0 deleted_leaves=0 mirror_mismatches=0
elapsed=2.229349e+01 cycle=1958 time=1.659492e+01 dt=1.171875e-03
CARTOON_AMR_TRANSACTION cycle=1959 requested_refine=0 requested_derefine_leaves=48 accepted_derefine_parents=2 created_leaves=0 deleted_leaves=0 mirror_mismatches=0
elapsed=2.230565e+01 cycle=1959 time=1.659609e+01 dt=1.171875e-03
CARTOON_AMR_TRANSACTION cycle=1960 requested_refine=0 requested_derefine_leaves=48 accepted_derefine_parents=2 created_leaves=0 deleted_leaves=0 mirror_mismatches=0
elapsed=2.232094e+01 cycle=1960 time=1.659727e+01 dt=1.171875e-03
CARTOON_AMR_TRANSACTION cycle=1961 requested_refine=0 requested_derefine_leaves=48 accepted_derefine_parents=2 created_leaves=0 deleted_leaves=0 mirror_mismatches=0
elapsed=2.233333e+01 cycle=1961 time=1.659844e+01 dt=1.171875e-03
CARTOON_AMR_TRANSACTION cycle=1962 requested_refine=0 requested_derefine_leaves=48 accepted_derefine_parents=2 created_leaves=0 deleted_leaves=0 mirror_mismatches=0
elapsed=2.234569e+01 cycle=1962 time=1.659961e+01 dt=1.171875e-03
CARTOON_AMR_TRANSACTION cycle=1963 requested_refine=0 requested_derefine_leaves=48 accepted_derefine_parents=2 created_leaves=0 deleted_leaves=0 mirror_mismatches=0
elapsed=2.235805e+01 cycle=1963 time=1.660078e+01 dt=1.171875e-03
CARTOON_AMR_TRANSACTION cycle=1964 requested_refine=0 requested_derefine_leaves=48 accepted_derefine_parents=2 created_leaves=0 deleted_leaves=0 mirror_mismatches=0
elapsed=2.237310e+01 cycle=1964 time=1.660195e+01 dt=1.171875e-03
CARTOON_AMR_TRANSACTION cycle=1965 requested_refine=0 requested_derefine_leaves=48 accepted_derefine_parents=2 created_leaves=0 deleted_leaves=0 mirror_mismatches=0
elapsed=2.238565e+01 cycle=1965 time=1.660312e+01 dt=1.171875e-03
CARTOON_AMR_TRANSACTION cycle=1966 requested_refine=0 requested_derefine_leaves=48 accepted_derefine_parents=2 created_leaves=0 deleted_leaves=0 mirror_mismatches=0
elapsed=2.239798e+01 cycle=1966 time=1.660430e+01 dt=1.171875e-03
CARTOON_AMR_TRANSACTION cycle=1967 requested_refine=0 requested_derefine_leaves=48 accepted_derefine_parents=2 created_leaves=0 deleted_leaves=0 mirror_mismatches=0
elapsed=2.241032e+01 cycle=1967 time=1.660547e+01 dt=1.171875e-03
CARTOON_AMR_TRANSACTION cycle=1968 requested_refine=0 requested_derefine_leaves=48 accepted_derefine_parents=2 created_leaves=0 deleted_leaves=0 mirror_mismatches=0
elapsed=2.242561e+01 cycle=1968 time=1.660664e+01 dt=1.171875e-03
CARTOON_AMR_TRANSACTION cycle=1969 requested_refine=0 requested_derefine_leaves=48 accepted_derefine_parents=2 created_leaves=0 deleted_leaves=0 mirror_mismatches=0
elapsed=2.243814e+01 cycle=1969 time=1.660781e+01 dt=1.171875e-03
CARTOON_AMR_TRANSACTION cycle=1970 requested_refine=0 requested_derefine_leaves=48 accepted_derefine_parents=2 created_leaves=0 deleted_leaves=0 mirror_mismatches=0
elapsed=2.245035e+01 cycle=1970 time=1.660898e+01 dt=1.171875e-03
CARTOON_AMR_TRANSACTION cycle=1971 requested_refine=0 requested_derefine_leaves=48 accepted_derefine_parents=2 created_leaves=0 deleted_leaves=0 mirror_mismatches=0
elapsed=2.246250e+01 cycle=1971 time=1.661016e+01 dt=1.171875e-03
CARTOON_AMR_TRANSACTION cycle=1972 requested_refine=0 requested_derefine_leaves=48 accepted_derefine_parents=2 created_leaves=0 deleted_leaves=0 mirror_mismatches=0
elapsed=2.247770e+01 cycle=1972 time=1.661133e+01 dt=1.171875e-03
CARTOON_AMR_TRANSACTION cycle=1973 requested_refine=0 requested_derefine_leaves=48 accepted_derefine_parents=2 created_leaves=0 deleted_leaves=0 mirror_mismatches=0
elapsed=2.249018e+01 cycle=1973 time=1.661250e+01 dt=1.171875e-03
CARTOON_AMR_TRANSACTION cycle=1974 requested_refine=0 requested_derefine_leaves=48 accepted_derefine_parents=2 created_leaves=0 deleted_leaves=0 mirror_mismatches=0
elapsed=2.250239e+01 cycle=1974 time=1.661367e+01 dt=1.171875e-03
CARTOON_AMR_TRANSACTION cycle=1975 requested_refine=0 requested_derefine_leaves=48 accepted_derefine_parents=2 created_leaves=0 deleted_leaves=0 mirror_mismatches=0
elapsed=2.251460e+01 cycle=1975 time=1.661484e+01 dt=1.171875e-03
CARTOON_AMR_TRANSACTION cycle=1976 requested_refine=0 requested_derefine_leaves=48 accepted_derefine_parents=2 created_leaves=0 deleted_leaves=0 mirror_mismatches=0
elapsed=2.252976e+01 cycle=1976 time=1.661602e+01 dt=1.171875e-03
CARTOON_AMR_TRANSACTION cycle=1977 requested_refine=0 requested_derefine_leaves=48 accepted_derefine_parents=2 created_leaves=0 deleted_leaves=0 mirror_mismatches=0
elapsed=2.254217e+01 cycle=1977 time=1.661719e+01 dt=1.171875e-03
CARTOON_AMR_TRANSACTION cycle=1978 requested_refine=0 requested_derefine_leaves=48 accepted_derefine_parents=2 created_leaves=0 deleted_leaves=0 mirror_mismatches=0
elapsed=2.255430e+01 cycle=1978 time=1.661836e+01 dt=1.171875e-03
CARTOON_AMR_TRANSACTION cycle=1979 requested_refine=0 requested_derefine_leaves=48 accepted_derefine_parents=2 created_leaves=0 deleted_leaves=0 mirror_mismatches=0
elapsed=2.256656e+01 cycle=1979 time=1.661953e+01 dt=1.171875e-03
CARTOON_AMR_TRANSACTION cycle=1980 requested_refine=0 requested_derefine_leaves=48 accepted_derefine_parents=2 created_leaves=0 deleted_leaves=0 mirror_mismatches=0
elapsed=2.258159e+01 cycle=1980 time=1.662070e+01 dt=1.171875e-03
CARTOON_AMR_TRANSACTION cycle=1981 requested_refine=0 requested_derefine_leaves=48 accepted_derefine_parents=2 created_leaves=0 deleted_leaves=0 mirror_mismatches=0
elapsed=2.259413e+01 cycle=1981 time=1.662187e+01 dt=1.171875e-03
CARTOON_AMR_TRANSACTION cycle=1982 requested_refine=2 requested_derefine_leaves=48 accepted_derefine_parents=2 created_leaves=6 deleted_leaves=0 mirror_mismatches=0
AMR_Z4C_CHI_PROLONGATION cycle=1982 local_fallback_groups=0,0,0,0 global_fallback_groups=0 global_high_order_groups=2048
elapsed=2.261126e+01 cycle=1982 time=1.662305e+01 dt=5.859375e-04
CARTOON_AMR_TRANSACTION cycle=1983 requested_refine=0 requested_derefine_leaves=54 accepted_derefine_parents=2 created_leaves=0 deleted_leaves=0 mirror_mismatches=0
elapsed=2.262483e+01 cycle=1983 time=1.662363e+01 dt=5.859375e-04
CARTOON_AMR_TRANSACTION cycle=1984 requested_refine=2 requested_derefine_leaves=54 accepted_derefine_parents=2 created_leaves=12 deleted_leaves=0 mirror_mismatches=0
AMR_Z4C_CHI_PROLONGATION cycle=1984 local_fallback_groups=0,0,0,0 global_fallback_groups=0 global_high_order_groups=4096
elapsed=2.273821e+01 cycle=1984 time=1.662422e+01 dt=5.859375e-04
CARTOON_AMR_TRANSACTION cycle=1985 requested_refine=0 requested_derefine_leaves=66 accepted_derefine_parents=4 created_leaves=0 deleted_leaves=0 mirror_mismatches=0
elapsed=2.275277e+01 cycle=1985 time=1.662480e+01 dt=5.859375e-04
CARTOON_AMR_TRANSACTION cycle=1986 requested_refine=0 requested_derefine_leaves=66 accepted_derefine_parents=4 created_leaves=0 deleted_leaves=0 mirror_mismatches=0
elapsed=2.276719e+01 cycle=1986 time=1.662539e+01 dt=5.859375e-04
CARTOON_AMR_TRANSACTION cycle=1987 requested_refine=0 requested_derefine_leaves=66 accepted_derefine_parents=4 created_leaves=0 deleted_leaves=0 mirror_mismatches=0
elapsed=2.278141e+01 cycle=1987 time=1.662598e+01 dt=5.859375e-04
CARTOON_AMR_TRANSACTION cycle=1988 requested_refine=0 requested_derefine_leaves=66 accepted_derefine_parents=4 created_leaves=0 deleted_leaves=0 mirror_mismatches=0
elapsed=2.279881e+01 cycle=1988 time=1.662656e+01 dt=5.859375e-04
CARTOON_AMR_TRANSACTION cycle=1989 requested_refine=0 requested_derefine_leaves=66 accepted_derefine_parents=4 created_leaves=0 deleted_leaves=0 mirror_mismatches=0
elapsed=2.281301e+01 cycle=1989 time=1.662715e+01 dt=5.859375e-04
CARTOON_AMR_TRANSACTION cycle=1990 requested_refine=0 requested_derefine_leaves=66 accepted_derefine_parents=4 created_leaves=0 deleted_leaves=0 mirror_mismatches=0
elapsed=2.282723e+01 cycle=1990 time=1.662773e+01 dt=5.859375e-04
CARTOON_AMR_TRANSACTION cycle=1991 requested_refine=0 requested_derefine_leaves=66 accepted_derefine_parents=4 created_leaves=0 deleted_leaves=0 mirror_mismatches=0
elapsed=2.284129e+01 cycle=1991 time=1.662832e+01 dt=5.859375e-04
CARTOON_AMR_TRANSACTION cycle=1992 requested_refine=0 requested_derefine_leaves=66 accepted_derefine_parents=4 created_leaves=0 deleted_leaves=0 mirror_mismatches=0
elapsed=2.285799e+01 cycle=1992 time=1.662891e+01 dt=5.859375e-04
CARTOON_AMR_TRANSACTION cycle=1993 requested_refine=0 requested_derefine_leaves=66 accepted_derefine_parents=4 created_leaves=0 deleted_leaves=0 mirror_mismatches=0
elapsed=2.287234e+01 cycle=1993 time=1.662949e+01 dt=5.859375e-04
CARTOON_AMR_TRANSACTION cycle=1994 requested_refine=0 requested_derefine_leaves=66 accepted_derefine_parents=4 created_leaves=0 deleted_leaves=0 mirror_mismatches=0
elapsed=2.288657e+01 cycle=1994 time=1.663008e+01 dt=5.859375e-04
CARTOON_AMR_TRANSACTION cycle=1995 requested_refine=0 requested_derefine_leaves=66 accepted_derefine_parents=4 created_leaves=0 deleted_leaves=0 mirror_mismatches=0
elapsed=2.290062e+01 cycle=1995 time=1.663066e+01 dt=5.859375e-04
CARTOON_AMR_TRANSACTION cycle=1996 requested_refine=0 requested_derefine_leaves=66 accepted_derefine_parents=4 created_leaves=0 deleted_leaves=0 mirror_mismatches=0
elapsed=2.291803e+01 cycle=1996 time=1.663125e+01 dt=5.859375e-04
CARTOON_AMR_TRANSACTION cycle=1997 requested_refine=0 requested_derefine_leaves=66 accepted_derefine_parents=4 created_leaves=0 deleted_leaves=0 mirror_mismatches=0
elapsed=2.293226e+01 cycle=1997 time=1.663184e+01 dt=5.859375e-04
CARTOON_AMR_TRANSACTION cycle=1998 requested_refine=2 requested_derefine_leaves=66 accepted_derefine_parents=4 created_leaves=6 deleted_leaves=0 mirror_mismatches=0
AMR_Z4C_CHI_PROLONGATION cycle=1998 local_fallback_groups=0,0,0,0 global_fallback_groups=0 global_high_order_groups=2048
elapsed=2.295247e+01 cycle=1998 time=1.663242e+01 dt=5.859375e-04
CARTOON_AMR_TRANSACTION cycle=1999 requested_refine=0 requested_derefine_leaves=72 accepted_derefine_parents=4 created_leaves=0 deleted_leaves=0 mirror_mismatches=0
elapsed=2.296666e+01 cycle=1999 time=1.663301e+01 dt=5.859375e-04
CARTOON_AMR_TRANSACTION cycle=2000 requested_refine=0 requested_derefine_leaves=72 accepted_derefine_parents=4 created_leaves=0 deleted_leaves=0 mirror_mismatches=0
elapsed=2.298390e+01 cycle=2000 time=1.663359e+01 dt=5.859375e-04
CARTOON_AMR_TRANSACTION cycle=2001 requested_refine=0 requested_derefine_leaves=72 accepted_derefine_parents=4 created_leaves=0 deleted_leaves=0 mirror_mismatches=0
elapsed=2.299822e+01 cycle=2001 time=1.663418e+01 dt=5.859375e-04
CARTOON_AMR_TRANSACTION cycle=2002 requested_refine=0 requested_derefine_leaves=72 accepted_derefine_parents=4 created_leaves=0 deleted_leaves=0 mirror_mismatches=0
elapsed=2.301236e+01 cycle=2002 time=1.663477e+01 dt=5.859375e-04
CARTOON_AMR_TRANSACTION cycle=2003 requested_refine=0 requested_derefine_leaves=72 accepted_derefine_parents=4 created_leaves=0 deleted_leaves=0 mirror_mismatches=0
elapsed=2.302642e+01 cycle=2003 time=1.663535e+01 dt=5.859375e-04
CARTOON_AMR_TRANSACTION cycle=2004 requested_refine=0 requested_derefine_leaves=72 accepted_derefine_parents=4 created_leaves=0 deleted_leaves=0 mirror_mismatches=0
elapsed=2.304336e+01 cycle=2004 time=1.663594e+01 dt=5.859375e-04
CARTOON_AMR_TRANSACTION cycle=2005 requested_refine=0 requested_derefine_leaves=72 accepted_derefine_parents=4 created_leaves=0 deleted_leaves=0 mirror_mismatches=0
elapsed=2.305773e+01 cycle=2005 time=1.663652e+01 dt=5.859375e-04
CARTOON_AMR_TRANSACTION cycle=2006 requested_refine=0 requested_derefine_leaves=72 accepted_derefine_parents=4 created_leaves=0 deleted_leaves=0 mirror_mismatches=0
elapsed=2.307193e+01 cycle=2006 time=1.663711e+01 dt=5.859375e-04
CARTOON_AMR_TRANSACTION cycle=2007 requested_refine=0 requested_derefine_leaves=72 accepted_derefine_parents=4 created_leaves=0 deleted_leaves=0 mirror_mismatches=0
elapsed=2.308606e+01 cycle=2007 time=1.663770e+01 dt=5.859375e-04
CARTOON_AMR_TRANSACTION cycle=2008 requested_refine=0 requested_derefine_leaves=72 accepted_derefine_parents=4 created_leaves=0 deleted_leaves=0 mirror_mismatches=0
elapsed=2.310286e+01 cycle=2008 time=1.663828e+01 dt=5.859375e-04
CARTOON_AMR_TRANSACTION cycle=2009 requested_refine=0 requested_derefine_leaves=72 accepted_derefine_parents=4 created_leaves=0 deleted_leaves=0 mirror_mismatches=0
elapsed=2.311726e+01 cycle=2009 time=1.663887e+01 dt=5.859375e-04
CARTOON_AMR_TRANSACTION cycle=2010 requested_refine=0 requested_derefine_leaves=72 accepted_derefine_parents=4 created_leaves=0 deleted_leaves=0 mirror_mismatches=0
elapsed=2.313125e+01 cycle=2010 time=1.663945e+01 dt=5.859375e-04
CARTOON_AMR_TRANSACTION cycle=2011 requested_refine=0 requested_derefine_leaves=72 accepted_derefine_parents=4 created_leaves=0 deleted_leaves=0 mirror_mismatches=0
elapsed=2.314535e+01 cycle=2011 time=1.664004e+01 dt=5.859375e-04
CARTOON_AMR_TRANSACTION cycle=2012 requested_refine=0 requested_derefine_leaves=72 accepted_derefine_parents=4 created_leaves=0 deleted_leaves=0 mirror_mismatches=0
elapsed=2.316256e+01 cycle=2012 time=1.664062e+01 dt=5.859375e-04
CARTOON_AMR_TRANSACTION cycle=2013 requested_refine=0 requested_derefine_leaves=72 accepted_derefine_parents=4 created_leaves=0 deleted_leaves=0 mirror_mismatches=0
elapsed=2.317703e+01 cycle=2013 time=1.664121e+01 dt=5.859375e-04
CARTOON_AMR_TRANSACTION cycle=2014 requested_refine=0 requested_derefine_leaves=72 accepted_derefine_parents=4 created_leaves=0 deleted_leaves=0 mirror_mismatches=0
elapsed=2.319149e+01 cycle=2014 time=1.664180e+01 dt=5.859375e-04
CARTOON_AMR_TRANSACTION cycle=2015 requested_refine=0 requested_derefine_leaves=72 accepted_derefine_parents=4 created_leaves=0 deleted_leaves=0 mirror_mismatches=0
elapsed=2.320575e+01 cycle=2015 time=1.664238e+01 dt=5.859375e-04
CARTOON_AMR_TRANSACTION cycle=2016 requested_refine=0 requested_derefine_leaves=72 accepted_derefine_parents=4 created_leaves=0 deleted_leaves=0 mirror_mismatches=0
elapsed=2.322312e+01 cycle=2016 time=1.664297e+01 dt=5.859375e-04
CARTOON_AMR_TRANSACTION cycle=2017 requested_refine=0 requested_derefine_leaves=70 accepted_derefine_parents=4 created_leaves=0 deleted_leaves=0 mirror_mismatches=0
elapsed=2.323726e+01 cycle=2017 time=1.664355e+01 dt=5.859375e-04
CARTOON_AMR_TRANSACTION cycle=2018 requested_refine=0 requested_derefine_leaves=70 accepted_derefine_parents=4 created_leaves=0 deleted_leaves=0 mirror_mismatches=0
elapsed=2.325141e+01 cycle=2018 time=1.664414e+01 dt=5.859375e-04
CARTOON_AMR_TRANSACTION cycle=2019 requested_refine=0 requested_derefine_leaves=70 accepted_derefine_parents=4 created_leaves=0 deleted_leaves=0 mirror_mismatches=0
elapsed=2.326547e+01 cycle=2019 time=1.664473e+01 dt=5.859375e-04
CARTOON_AMR_TRANSACTION cycle=2020 requested_refine=0 requested_derefine_leaves=70 accepted_derefine_parents=4 created_leaves=0 deleted_leaves=0 mirror_mismatches=0
elapsed=2.328279e+01 cycle=2020 time=1.664531e+01 dt=5.859375e-04
CARTOON_AMR_TRANSACTION cycle=2021 requested_refine=0 requested_derefine_leaves=70 accepted_derefine_parents=4 created_leaves=0 deleted_leaves=0 mirror_mismatches=0
elapsed=2.329704e+01 cycle=2021 time=1.664590e+01 dt=5.859375e-04
CARTOON_AMR_TRANSACTION cycle=2022 requested_refine=0 requested_derefine_leaves=70 accepted_derefine_parents=4 created_leaves=0 deleted_leaves=0 mirror_mismatches=0
elapsed=2.331118e+01 cycle=2022 time=1.664648e+01 dt=5.859375e-04
CARTOON_AMR_TRANSACTION cycle=2023 requested_refine=0 requested_derefine_leaves=70 accepted_derefine_parents=4 created_leaves=0 deleted_leaves=0 mirror_mismatches=0
elapsed=2.332523e+01 cycle=2023 time=1.664707e+01 dt=5.859375e-04
CARTOON_AMR_TRANSACTION cycle=2024 requested_refine=0 requested_derefine_leaves=70 accepted_derefine_parents=4 created_leaves=0 deleted_leaves=0 mirror_mismatches=0
elapsed=2.334209e+01 cycle=2024 time=1.664766e+01 dt=5.859375e-04
CARTOON_AMR_TRANSACTION cycle=2025 requested_refine=0 requested_derefine_leaves=70 accepted_derefine_parents=4 created_leaves=0 deleted_leaves=0 mirror_mismatches=0
elapsed=2.335655e+01 cycle=2025 time=1.664824e+01 dt=5.859375e-04
CARTOON_AMR_TRANSACTION cycle=2026 requested_refine=0 requested_derefine_leaves=70 accepted_derefine_parents=4 created_leaves=0 deleted_leaves=0 mirror_mismatches=0
elapsed=2.337075e+01 cycle=2026 time=1.664883e+01 dt=5.859375e-04
CARTOON_AMR_TRANSACTION cycle=2027 requested_refine=0 requested_derefine_leaves=70 accepted_derefine_parents=4 created_leaves=0 deleted_leaves=0 mirror_mismatches=0
elapsed=2.338482e+01 cycle=2027 time=1.664941e+01 dt=5.859375e-04
CARTOON_AMR_TRANSACTION cycle=2028 requested_refine=0 requested_derefine_leaves=70 accepted_derefine_parents=4 created_leaves=0 deleted_leaves=0 mirror_mismatches=0
elapsed=2.340145e+01 cycle=2028 time=1.665000e+01 dt=5.859375e-04
CARTOON_AMR_TRANSACTION cycle=2029 requested_refine=0 requested_derefine_leaves=70 accepted_derefine_parents=4 created_leaves=0 deleted_leaves=0 mirror_mismatches=0
elapsed=2.341559e+01 cycle=2029 time=1.665059e+01 dt=5.859375e-04
CARTOON_AMR_TRANSACTION cycle=2030 requested_refine=0 requested_derefine_leaves=70 accepted_derefine_parents=4 created_leaves=0 deleted_leaves=0 mirror_mismatches=0
elapsed=2.342970e+01 cycle=2030 time=1.665117e+01 dt=5.859375e-04
CARTOON_AMR_TRANSACTION cycle=2031 requested_refine=0 requested_derefine_leaves=70 accepted_derefine_parents=4 created_leaves=0 deleted_leaves=0 mirror_mismatches=0
elapsed=2.344372e+01 cycle=2031 time=1.665176e+01 dt=5.859375e-04
CARTOON_AMR_TRANSACTION cycle=2032 requested_refine=0 requested_derefine_leaves=70 accepted_derefine_parents=4 created_leaves=0 deleted_leaves=0 mirror_mismatches=0
elapsed=2.346076e+01 cycle=2032 time=1.665234e+01 dt=5.859375e-04
CARTOON_AMR_TRANSACTION cycle=2033 requested_refine=0 requested_derefine_leaves=70 accepted_derefine_parents=4 created_leaves=0 deleted_leaves=0 mirror_mismatches=0
elapsed=2.347493e+01 cycle=2033 time=1.665293e+01 dt=5.859375e-04
CARTOON_AMR_TRANSACTION cycle=2034 requested_refine=0 requested_derefine_leaves=70 accepted_derefine_parents=4 created_leaves=0 deleted_leaves=0 mirror_mismatches=0
elapsed=2.348897e+01 cycle=2034 time=1.665352e+01 dt=5.859375e-04
CARTOON_AMR_TRANSACTION cycle=2035 requested_refine=0 requested_derefine_leaves=70 accepted_derefine_parents=4 created_leaves=0 deleted_leaves=0 mirror_mismatches=0
elapsed=2.350304e+01 cycle=2035 time=1.665410e+01 dt=5.859375e-04
CARTOON_AMR_TRANSACTION cycle=2036 requested_refine=0 requested_derefine_leaves=70 accepted_derefine_parents=4 created_leaves=0 deleted_leaves=0 mirror_mismatches=0
elapsed=2.352023e+01 cycle=2036 time=1.665469e+01 dt=5.859375e-04
CARTOON_AMR_TRANSACTION cycle=2037 requested_refine=0 requested_derefine_leaves=70 accepted_derefine_parents=4 created_leaves=0 deleted_leaves=0 mirror_mismatches=0
elapsed=2.353448e+01 cycle=2037 time=1.665527e+01 dt=5.859375e-04
CARTOON_AMR_TRANSACTION cycle=2038 requested_refine=0 requested_derefine_leaves=70 accepted_derefine_parents=4 created_leaves=0 deleted_leaves=0 mirror_mismatches=0
elapsed=2.354829e+01 cycle=2038 time=1.665586e+01 dt=5.859375e-04
CARTOON_AMR_TRANSACTION cycle=2039 requested_refine=0 requested_derefine_leaves=70 accepted_derefine_parents=4 created_leaves=0 deleted_leaves=0 mirror_mismatches=0
elapsed=2.356237e+01 cycle=2039 time=1.665645e+01 dt=5.859375e-04
CARTOON_AMR_TRANSACTION cycle=2040 requested_refine=0 requested_derefine_leaves=70 accepted_derefine_parents=4 created_leaves=0 deleted_leaves=0 mirror_mismatches=0
elapsed=2.357971e+01 cycle=2040 time=1.665703e+01 dt=5.859375e-04
CARTOON_AMR_TRANSACTION cycle=2041 requested_refine=0 requested_derefine_leaves=70 accepted_derefine_parents=4 created_leaves=0 deleted_leaves=0 mirror_mismatches=0
elapsed=2.359413e+01 cycle=2041 time=1.665762e+01 dt=5.859375e-04
CARTOON_AMR_TRANSACTION cycle=2042 requested_refine=0 requested_derefine_leaves=70 accepted_derefine_parents=4 created_leaves=0 deleted_leaves=0 mirror_mismatches=0
elapsed=2.360835e+01 cycle=2042 time=1.665820e+01 dt=5.859375e-04
CARTOON_AMR_TRANSACTION cycle=2043 requested_refine=0 requested_derefine_leaves=70 accepted_derefine_parents=4 created_leaves=0 deleted_leaves=0 mirror_mismatches=0
elapsed=2.362242e+01 cycle=2043 time=1.665879e+01 dt=5.859375e-04
CARTOON_AMR_TRANSACTION cycle=2044 requested_refine=0 requested_derefine_leaves=70 accepted_derefine_parents=4 created_leaves=0 deleted_leaves=0 mirror_mismatches=0
elapsed=2.363944e+01 cycle=2044 time=1.665937e+01 dt=5.859375e-04
CARTOON_AMR_TRANSACTION cycle=2045 requested_refine=0 requested_derefine_leaves=70 accepted_derefine_parents=4 created_leaves=0 deleted_leaves=0 mirror_mismatches=0
elapsed=2.365376e+01 cycle=2045 time=1.665996e+01 dt=5.859375e-04
CARTOON_AMR_TRANSACTION cycle=2046 requested_refine=0 requested_derefine_leaves=70 accepted_derefine_parents=4 created_leaves=0 deleted_leaves=0 mirror_mismatches=0
elapsed=2.366779e+01 cycle=2046 time=1.666055e+01 dt=5.859375e-04
CARTOON_AMR_TRANSACTION cycle=2047 requested_refine=0 requested_derefine_leaves=70 accepted_derefine_parents=4 created_leaves=0 deleted_leaves=0 mirror_mismatches=0
elapsed=2.368183e+01 cycle=2047 time=1.666113e+01 dt=5.859375e-04
CARTOON_AMR_TRANSACTION cycle=2048 requested_refine=2 requested_derefine_leaves=70 accepted_derefine_parents=4 created_leaves=6 deleted_leaves=0 mirror_mismatches=0
AMR_Z4C_CHI_PROLONGATION cycle=2048 local_fallback_groups=0,0,0,0 global_fallback_groups=0 global_high_order_groups=2048
elapsed=2.386483e+01 cycle=2048 time=1.666172e+01 dt=5.859375e-04
CARTOON_AMR_TRANSACTION cycle=2049 requested_refine=0 requested_derefine_leaves=76 accepted_derefine_parents=4 created_leaves=0 deleted_leaves=0 mirror_mismatches=0
elapsed=2.387999e+01 cycle=2049 time=1.666230e+01 dt=5.859375e-04
CARTOON_AMR_TRANSACTION cycle=2050 requested_refine=0 requested_derefine_leaves=76 accepted_derefine_parents=4 created_leaves=0 deleted_leaves=0 mirror_mismatches=0
elapsed=2.389474e+01 cycle=2050 time=1.666289e+01 dt=5.859375e-04
CARTOON_AMR_TRANSACTION cycle=2051 requested_refine=0 requested_derefine_leaves=76 accepted_derefine_parents=4 created_leaves=0 deleted_leaves=0 mirror_mismatches=0
elapsed=2.390921e+01 cycle=2051 time=1.666348e+01 dt=5.859375e-04
CARTOON_AMR_TRANSACTION cycle=2052 requested_refine=0 requested_derefine_leaves=76 accepted_derefine_parents=4 created_leaves=0 deleted_leaves=0 mirror_mismatches=0
elapsed=2.392702e+01 cycle=2052 time=1.666406e+01 dt=5.859375e-04
CARTOON_AMR_TRANSACTION cycle=2053 requested_refine=2 requested_derefine_leaves=76 accepted_derefine_parents=4 created_leaves=6 deleted_leaves=0 mirror_mismatches=0
AMR_Z4C_CHI_PROLONGATION cycle=2053 local_fallback_groups=0,0,0,0 global_fallback_groups=0 global_high_order_groups=2048
elapsed=2.394795e+01 cycle=2053 time=1.666465e+01 dt=2.929687e-04
CARTOON_AMR_TRANSACTION cycle=2054 requested_refine=0 requested_derefine_leaves=82 accepted_derefine_parents=4 created_leaves=0 deleted_leaves=0 mirror_mismatches=0
elapsed=2.396326e+01 cycle=2054 time=1.666494e+01 dt=2.929687e-04
CARTOON_AMR_TRANSACTION cycle=2055 requested_refine=0 requested_derefine_leaves=80 accepted_derefine_parents=4 created_leaves=0 deleted_leaves=0 mirror_mismatches=0
elapsed=2.397852e+01 cycle=2055 time=1.666523e+01 dt=2.929687e-04
CARTOON_AMR_TRANSACTION cycle=2056 requested_refine=0 requested_derefine_leaves=80 accepted_derefine_parents=4 created_leaves=0 deleted_leaves=0 mirror_mismatches=0
elapsed=2.399675e+01 cycle=2056 time=1.666553e+01 dt=2.929687e-04
CARTOON_AMR_TRANSACTION cycle=2057 requested_refine=0 requested_derefine_leaves=80 accepted_derefine_parents=4 created_leaves=0 deleted_leaves=0 mirror_mismatches=0
elapsed=2.401220e+01 cycle=2057 time=1.666582e+01 dt=2.929687e-04
CARTOON_AMR_TRANSACTION cycle=2058 requested_refine=0 requested_derefine_leaves=80 accepted_derefine_parents=4 created_leaves=0 deleted_leaves=0 mirror_mismatches=0
elapsed=2.402726e+01 cycle=2058 time=1.666611e+01 dt=2.929687e-04
CARTOON_AMR_TRANSACTION cycle=2059 requested_refine=0 requested_derefine_leaves=80 accepted_derefine_parents=4 created_leaves=0 deleted_leaves=0 mirror_mismatches=0
elapsed=2.404227e+01 cycle=2059 time=1.666641e+01 dt=2.929687e-04
CARTOON_AMR_TRANSACTION cycle=2060 requested_refine=0 requested_derefine_leaves=80 accepted_derefine_parents=4 created_leaves=0 deleted_leaves=0 mirror_mismatches=0
elapsed=2.406033e+01 cycle=2060 time=1.666670e+01 dt=2.929687e-04
CARTOON_AMR_TRANSACTION cycle=2061 requested_refine=0 requested_derefine_leaves=80 accepted_derefine_parents=4 created_leaves=0 deleted_leaves=0 mirror_mismatches=0
elapsed=2.407579e+01 cycle=2061 time=1.666699e+01 dt=2.929687e-04
CARTOON_AMR_TRANSACTION cycle=2062 requested_refine=0 requested_derefine_leaves=80 accepted_derefine_parents=4 created_leaves=0 deleted_leaves=0 mirror_mismatches=0
elapsed=2.409099e+01 cycle=2062 time=1.666729e+01 dt=2.929687e-04
CARTOON_AMR_TRANSACTION cycle=2063 requested_refine=2 requested_derefine_leaves=78 accepted_derefine_parents=4 created_leaves=6 deleted_leaves=0 mirror_mismatches=0
AMR_Z4C_CHI_PROLONGATION cycle=2063 local_fallback_groups=0,0,0,0 global_fallback_groups=0 global_high_order_groups=2048
elapsed=2.411140e+01 cycle=2063 time=1.666758e+01 dt=2.929687e-04
CARTOON_AMR_TRANSACTION cycle=2064 requested_refine=0 requested_derefine_leaves=84 accepted_derefine_parents=4 created_leaves=0 deleted_leaves=0 mirror_mismatches=0
elapsed=2.413044e+01 cycle=2064 time=1.666787e+01 dt=2.929687e-04
CARTOON_AMR_TRANSACTION cycle=2065 requested_refine=0 requested_derefine_leaves=84 accepted_derefine_parents=4 created_leaves=0 deleted_leaves=0 mirror_mismatches=0
elapsed=2.414623e+01 cycle=2065 time=1.666816e+01 dt=2.929687e-04
CARTOON_AMR_TRANSACTION cycle=2066 requested_refine=0 requested_derefine_leaves=84 accepted_derefine_parents=4 created_leaves=0 deleted_leaves=0 mirror_mismatches=0
elapsed=2.416183e+01 cycle=2066 time=1.666846e+01 dt=2.929687e-04
CARTOON_AMR_TRANSACTION cycle=2067 requested_refine=0 requested_derefine_leaves=84 accepted_derefine_parents=4 created_leaves=0 deleted_leaves=0 mirror_mismatches=0
elapsed=2.417777e+01 cycle=2067 time=1.666875e+01 dt=2.929687e-04
CARTOON_AMR_TRANSACTION cycle=2068 requested_refine=0 requested_derefine_leaves=84 accepted_derefine_parents=4 created_leaves=0 deleted_leaves=0 mirror_mismatches=0
elapsed=2.419756e+01 cycle=2068 time=1.666904e+01 dt=2.929687e-04
CARTOON_AMR_TRANSACTION cycle=2069 requested_refine=0 requested_derefine_leaves=84 accepted_derefine_parents=4 created_leaves=0 deleted_leaves=0 mirror_mismatches=0
elapsed=2.421338e+01 cycle=2069 time=1.666934e+01 dt=2.929687e-04
CARTOON_AMR_TRANSACTION cycle=2070 requested_refine=0 requested_derefine_leaves=84 accepted_derefine_parents=4 created_leaves=0 deleted_leaves=0 mirror_mismatches=0
elapsed=2.422891e+01 cycle=2070 time=1.666963e+01 dt=2.929687e-04
CARTOON_AMR_TRANSACTION cycle=2071 requested_refine=0 requested_derefine_leaves=84 accepted_derefine_parents=4 created_leaves=0 deleted_leaves=0 mirror_mismatches=0
elapsed=2.424442e+01 cycle=2071 time=1.666992e+01 dt=2.929687e-04
CARTOON_AMR_TRANSACTION cycle=2072 requested_refine=0 requested_derefine_leaves=84 accepted_derefine_parents=4 created_leaves=0 deleted_leaves=0 mirror_mismatches=0
elapsed=2.426298e+01 cycle=2072 time=1.667021e+01 dt=2.929687e-04
CARTOON_AMR_TRANSACTION cycle=2073 requested_refine=0 requested_derefine_leaves=82 accepted_derefine_parents=4 created_leaves=0 deleted_leaves=0 mirror_mismatches=0
elapsed=2.427874e+01 cycle=2073 time=1.667051e+01 dt=2.929687e-04
CARTOON_AMR_TRANSACTION cycle=2074 requested_refine=0 requested_derefine_leaves=82 accepted_derefine_parents=4 created_leaves=0 deleted_leaves=0 mirror_mismatches=0
elapsed=2.429440e+01 cycle=2074 time=1.667080e+01 dt=2.929687e-04
CARTOON_AMR_TRANSACTION cycle=2075 requested_refine=0 requested_derefine_leaves=82 accepted_derefine_parents=4 created_leaves=0 deleted_leaves=0 mirror_mismatches=0
elapsed=2.430979e+01 cycle=2075 time=1.667109e+01 dt=2.929687e-04
CARTOON_AMR_TRANSACTION cycle=2076 requested_refine=0 requested_derefine_leaves=82 accepted_derefine_parents=4 created_leaves=0 deleted_leaves=0 mirror_mismatches=0
elapsed=2.432841e+01 cycle=2076 time=1.667139e+01 dt=2.929687e-04
CARTOON_AMR_TRANSACTION cycle=2077 requested_refine=0 requested_derefine_leaves=82 accepted_derefine_parents=4 created_leaves=0 deleted_leaves=0 mirror_mismatches=0
elapsed=2.434412e+01 cycle=2077 time=1.667168e+01 dt=2.929687e-04
CARTOON_AMR_TRANSACTION cycle=2078 requested_refine=0 requested_derefine_leaves=82 accepted_derefine_parents=4 created_leaves=0 deleted_leaves=0 mirror_mismatches=0
elapsed=2.435960e+01 cycle=2078 time=1.667197e+01 dt=2.929687e-04
CARTOON_AMR_TRANSACTION cycle=2079 requested_refine=0 requested_derefine_leaves=82 accepted_derefine_parents=4 created_leaves=0 deleted_leaves=0 mirror_mismatches=0
elapsed=2.437507e+01 cycle=2079 time=1.667227e+01 dt=2.929687e-04
CARTOON_AMR_TRANSACTION cycle=2080 requested_refine=0 requested_derefine_leaves=82 accepted_derefine_parents=4 created_leaves=0 deleted_leaves=0 mirror_mismatches=0
elapsed=2.439345e+01 cycle=2080 time=1.667256e+01 dt=2.929687e-04
CARTOON_AMR_TRANSACTION cycle=2081 requested_refine=0 requested_derefine_leaves=82 accepted_derefine_parents=4 created_leaves=0 deleted_leaves=0 mirror_mismatches=0
elapsed=2.440943e+01 cycle=2081 time=1.667285e+01 dt=2.929687e-04
CARTOON_AMR_TRANSACTION cycle=2082 requested_refine=0 requested_derefine_leaves=82 accepted_derefine_parents=4 created_leaves=0 deleted_leaves=0 mirror_mismatches=0
elapsed=2.442517e+01 cycle=2082 time=1.667314e+01 dt=2.929687e-04
CARTOON_AMR_TRANSACTION cycle=2083 requested_refine=0 requested_derefine_leaves=82 accepted_derefine_parents=4 created_leaves=0 deleted_leaves=0 mirror_mismatches=0
elapsed=2.444082e+01 cycle=2083 time=1.667344e+01 dt=2.929687e-04
CARTOON_AMR_TRANSACTION cycle=2084 requested_refine=0 requested_derefine_leaves=82 accepted_derefine_parents=4 created_leaves=0 deleted_leaves=0 mirror_mismatches=0
elapsed=2.445933e+01 cycle=2084 time=1.667373e+01 dt=2.929687e-04
CARTOON_AMR_TRANSACTION cycle=2085 requested_refine=0 requested_derefine_leaves=82 accepted_derefine_parents=4 created_leaves=0 deleted_leaves=0 mirror_mismatches=0
elapsed=2.447497e+01 cycle=2085 time=1.667402e+01 dt=2.929687e-04
CARTOON_AMR_TRANSACTION cycle=2086 requested_refine=0 requested_derefine_leaves=82 accepted_derefine_parents=4 created_leaves=0 deleted_leaves=0 mirror_mismatches=0
elapsed=2.449061e+01 cycle=2086 time=1.667432e+01 dt=2.929687e-04
CARTOON_AMR_TRANSACTION cycle=2087 requested_refine=0 requested_derefine_leaves=82 accepted_derefine_parents=4 created_leaves=0 deleted_leaves=0 mirror_mismatches=0
elapsed=2.450603e+01 cycle=2087 time=1.667461e+01 dt=2.929687e-04
CARTOON_AMR_TRANSACTION cycle=2088 requested_refine=0 requested_derefine_leaves=82 accepted_derefine_parents=4 created_leaves=0 deleted_leaves=0 mirror_mismatches=0
elapsed=2.452449e+01 cycle=2088 time=1.667490e+01 dt=2.929687e-04
CARTOON_AMR_TRANSACTION cycle=2089 requested_refine=0 requested_derefine_leaves=82 accepted_derefine_parents=4 created_leaves=0 deleted_leaves=0 mirror_mismatches=0
elapsed=2.454009e+01 cycle=2089 time=1.667520e+01 dt=2.929687e-04
CARTOON_AMR_TRANSACTION cycle=2090 requested_refine=0 requested_derefine_leaves=82 accepted_derefine_parents=4 created_leaves=0 deleted_leaves=0 mirror_mismatches=0
elapsed=2.455552e+01 cycle=2090 time=1.667549e+01 dt=2.929687e-04
CARTOON_AMR_TRANSACTION cycle=2091 requested_refine=0 requested_derefine_leaves=82 accepted_derefine_parents=4 created_leaves=0 deleted_leaves=0 mirror_mismatches=0
elapsed=2.457099e+01 cycle=2091 time=1.667578e+01 dt=2.929687e-04
CARTOON_AMR_TRANSACTION cycle=2092 requested_refine=2 requested_derefine_leaves=82 accepted_derefine_parents=4 created_leaves=6 deleted_leaves=0 mirror_mismatches=0
AMR_Z4C_CHI_PROLONGATION cycle=2092 local_fallback_groups=0,0,0,0 global_fallback_groups=0 global_high_order_groups=2048
elapsed=2.459529e+01 cycle=2092 time=1.667607e+01 dt=2.929687e-04
CARTOON_AMR_TRANSACTION cycle=2093 requested_refine=0 requested_derefine_leaves=88 accepted_derefine_parents=4 created_leaves=0 deleted_leaves=0 mirror_mismatches=0
elapsed=2.461130e+01 cycle=2093 time=1.667637e+01 dt=2.929687e-04
CARTOON_AMR_TRANSACTION cycle=2094 requested_refine=0 requested_derefine_leaves=88 accepted_derefine_parents=4 created_leaves=0 deleted_leaves=0 mirror_mismatches=0
elapsed=2.462706e+01 cycle=2094 time=1.667666e+01 dt=2.929687e-04
CARTOON_AMR_TRANSACTION cycle=2095 requested_refine=0 requested_derefine_leaves=88 accepted_derefine_parents=4 created_leaves=0 deleted_leaves=0 mirror_mismatches=0
elapsed=2.464291e+01 cycle=2095 time=1.667695e+01 dt=2.929687e-04
CARTOON_AMR_TRANSACTION cycle=2096 requested_refine=0 requested_derefine_leaves=88 accepted_derefine_parents=4 created_leaves=0 deleted_leaves=0 mirror_mismatches=0
elapsed=2.466192e+01 cycle=2096 time=1.667725e+01 dt=2.929687e-04
CARTOON_AMR_TRANSACTION cycle=2097 requested_refine=0 requested_derefine_leaves=88 accepted_derefine_parents=4 created_leaves=0 deleted_leaves=0 mirror_mismatches=0
elapsed=2.467808e+01 cycle=2097 time=1.667754e+01 dt=2.929687e-04
CARTOON_AMR_TRANSACTION cycle=2098 requested_refine=0 requested_derefine_leaves=88 accepted_derefine_parents=4 created_leaves=0 deleted_leaves=0 mirror_mismatches=0
elapsed=2.469385e+01 cycle=2098 time=1.667783e+01 dt=2.929687e-04
CARTOON_AMR_TRANSACTION cycle=2099 requested_refine=0 requested_derefine_leaves=88 accepted_derefine_parents=4 created_leaves=0 deleted_leaves=0 mirror_mismatches=0
elapsed=2.470970e+01 cycle=2099 time=1.667812e+01 dt=2.929687e-04
CARTOON_AMR_TRANSACTION cycle=2100 requested_refine=0 requested_derefine_leaves=88 accepted_derefine_parents=4 created_leaves=0 deleted_leaves=0 mirror_mismatches=0
elapsed=2.472859e+01 cycle=2100 time=1.667842e+01 dt=2.929687e-04
CARTOON_AMR_TRANSACTION cycle=2101 requested_refine=0 requested_derefine_leaves=88 accepted_derefine_parents=4 created_leaves=0 deleted_leaves=0 mirror_mismatches=0
elapsed=2.474442e+01 cycle=2101 time=1.667871e+01 dt=2.929687e-04
CARTOON_AMR_TRANSACTION cycle=2102 requested_refine=0 requested_derefine_leaves=88 accepted_derefine_parents=4 created_leaves=0 deleted_leaves=0 mirror_mismatches=0
elapsed=2.476021e+01 cycle=2102 time=1.667900e+01 dt=2.929687e-04
CARTOON_AMR_TRANSACTION cycle=2103 requested_refine=0 requested_derefine_leaves=88 accepted_derefine_parents=4 created_leaves=0 deleted_leaves=0 mirror_mismatches=0
elapsed=2.477601e+01 cycle=2103 time=1.667930e+01 dt=2.929687e-04
CARTOON_AMR_TRANSACTION cycle=2104 requested_refine=0 requested_derefine_leaves=88 accepted_derefine_parents=4 created_leaves=0 deleted_leaves=0 mirror_mismatches=0
elapsed=2.479510e+01 cycle=2104 time=1.667959e+01 dt=2.929687e-04
CARTOON_AMR_TRANSACTION cycle=2105 requested_refine=0 requested_derefine_leaves=88 accepted_derefine_parents=4 created_leaves=0 deleted_leaves=0 mirror_mismatches=0
elapsed=2.481102e+01 cycle=2105 time=1.667988e+01 dt=2.929687e-04
CARTOON_AMR_TRANSACTION cycle=2106 requested_refine=0 requested_derefine_leaves=88 accepted_derefine_parents=4 created_leaves=0 deleted_leaves=0 mirror_mismatches=0
elapsed=2.482686e+01 cycle=2106 time=1.668018e+01 dt=2.929687e-04
CARTOON_AMR_TRANSACTION cycle=2107 requested_refine=0 requested_derefine_leaves=88 accepted_derefine_parents=4 created_leaves=0 deleted_leaves=0 mirror_mismatches=0
elapsed=2.484263e+01 cycle=2107 time=1.668047e+01 dt=2.929687e-04
CARTOON_AMR_TRANSACTION cycle=2108 requested_refine=0 requested_derefine_leaves=88 accepted_derefine_parents=4 created_leaves=0 deleted_leaves=0 mirror_mismatches=0
elapsed=2.486192e+01 cycle=2108 time=1.668076e+01 dt=2.929687e-04
CARTOON_AMR_TRANSACTION cycle=2109 requested_refine=0 requested_derefine_leaves=88 accepted_derefine_parents=4 created_leaves=0 deleted_leaves=0 mirror_mismatches=0
elapsed=2.487796e+01 cycle=2109 time=1.668105e+01 dt=2.929687e-04
CARTOON_AMR_TRANSACTION cycle=2110 requested_refine=0 requested_derefine_leaves=88 accepted_derefine_parents=4 created_leaves=0 deleted_leaves=0 mirror_mismatches=0
elapsed=2.489366e+01 cycle=2110 time=1.668135e+01 dt=2.929687e-04
CARTOON_AMR_TRANSACTION cycle=2111 requested_refine=0 requested_derefine_leaves=86 accepted_derefine_parents=4 created_leaves=0 deleted_leaves=0 mirror_mismatches=0
elapsed=2.490957e+01 cycle=2111 time=1.668164e+01 dt=2.929687e-04
CARTOON_AMR_TRANSACTION cycle=2112 requested_refine=0 requested_derefine_leaves=86 accepted_derefine_parents=4 created_leaves=0 deleted_leaves=0 mirror_mismatches=0
elapsed=2.504129e+01 cycle=2112 time=1.668193e+01 dt=2.929687e-04
CARTOON_AMR_TRANSACTION cycle=2113 requested_refine=0 requested_derefine_leaves=84 accepted_derefine_parents=4 created_leaves=0 deleted_leaves=0 mirror_mismatches=0
elapsed=2.505756e+01 cycle=2113 time=1.668223e+01 dt=2.929687e-04
CARTOON_AMR_TRANSACTION cycle=2114 requested_refine=0 requested_derefine_leaves=84 accepted_derefine_parents=4 created_leaves=0 deleted_leaves=0 mirror_mismatches=0
elapsed=2.507371e+01 cycle=2114 time=1.668252e+01 dt=2.929687e-04
CARTOON_AMR_TRANSACTION cycle=2115 requested_refine=0 requested_derefine_leaves=84 accepted_derefine_parents=4 created_leaves=0 deleted_leaves=0 mirror_mismatches=0
elapsed=2.508960e+01 cycle=2115 time=1.668281e+01 dt=2.929687e-04
CARTOON_AMR_TRANSACTION cycle=2116 requested_refine=0 requested_derefine_leaves=84 accepted_derefine_parents=4 created_leaves=0 deleted_leaves=0 mirror_mismatches=0
elapsed=2.510857e+01 cycle=2116 time=1.668311e+01 dt=2.929687e-04
CARTOON_AMR_TRANSACTION cycle=2117 requested_refine=0 requested_derefine_leaves=84 accepted_derefine_parents=4 created_leaves=0 deleted_leaves=0 mirror_mismatches=0
elapsed=2.512475e+01 cycle=2117 time=1.668340e+01 dt=2.929687e-04
CARTOON_AMR_TRANSACTION cycle=2118 requested_refine=0 requested_derefine_leaves=84 accepted_derefine_parents=4 created_leaves=0 deleted_leaves=0 mirror_mismatches=0
elapsed=2.514049e+01 cycle=2118 time=1.668369e+01 dt=2.929687e-04
CARTOON_AMR_TRANSACTION cycle=2119 requested_refine=0 requested_derefine_leaves=84 accepted_derefine_parents=4 created_leaves=0 deleted_leaves=0 mirror_mismatches=0
elapsed=2.515635e+01 cycle=2119 time=1.668398e+01 dt=2.929687e-04
CARTOON_AMR_TRANSACTION cycle=2120 requested_refine=0 requested_derefine_leaves=84 accepted_derefine_parents=4 created_leaves=0 deleted_leaves=0 mirror_mismatches=0
elapsed=2.517540e+01 cycle=2120 time=1.668428e+01 dt=2.929687e-04
CARTOON_AMR_TRANSACTION cycle=2121 requested_refine=0 requested_derefine_leaves=84 accepted_derefine_parents=4 created_leaves=0 deleted_leaves=0 mirror_mismatches=0
elapsed=2.519150e+01 cycle=2121 time=1.668457e+01 dt=2.929687e-04
CARTOON_AMR_TRANSACTION cycle=2122 requested_refine=0 requested_derefine_leaves=84 accepted_derefine_parents=4 created_leaves=0 deleted_leaves=0 mirror_mismatches=0
elapsed=2.520741e+01 cycle=2122 time=1.668486e+01 dt=2.929687e-04
CARTOON_AMR_TRANSACTION cycle=2123 requested_refine=0 requested_derefine_leaves=84 accepted_derefine_parents=4 created_leaves=0 deleted_leaves=0 mirror_mismatches=0
elapsed=2.522324e+01 cycle=2123 time=1.668516e+01 dt=2.929687e-04
CARTOON_AMR_TRANSACTION cycle=2124 requested_refine=0 requested_derefine_leaves=84 accepted_derefine_parents=4 created_leaves=0 deleted_leaves=0 mirror_mismatches=0
elapsed=2.524210e+01 cycle=2124 time=1.668545e+01 dt=2.929687e-04
CARTOON_AMR_TRANSACTION cycle=2125 requested_refine=0 requested_derefine_leaves=84 accepted_derefine_parents=4 created_leaves=0 deleted_leaves=0 mirror_mismatches=0
elapsed=2.525830e+01 cycle=2125 time=1.668574e+01 dt=2.929687e-04
CARTOON_AMR_TRANSACTION cycle=2126 requested_refine=0 requested_derefine_leaves=84 accepted_derefine_parents=4 created_leaves=0 deleted_leaves=0 mirror_mismatches=0
elapsed=2.527426e+01 cycle=2126 time=1.668604e+01 dt=2.929687e-04
CARTOON_AMR_TRANSACTION cycle=2127 requested_refine=0 requested_derefine_leaves=84 accepted_derefine_parents=4 created_leaves=0 deleted_leaves=0 mirror_mismatches=0
elapsed=2.529000e+01 cycle=2127 time=1.668633e+01 dt=2.929687e-04
CARTOON_AMR_TRANSACTION cycle=2128 requested_refine=0 requested_derefine_leaves=84 accepted_derefine_parents=4 created_leaves=0 deleted_leaves=0 mirror_mismatches=0
elapsed=2.530895e+01 cycle=2128 time=1.668662e+01 dt=2.929687e-04
CARTOON_AMR_TRANSACTION cycle=2129 requested_refine=0 requested_derefine_leaves=84 accepted_derefine_parents=4 created_leaves=0 deleted_leaves=0 mirror_mismatches=0
elapsed=2.532493e+01 cycle=2129 time=1.668691e+01 dt=2.929687e-04
CARTOON_AMR_TRANSACTION cycle=2130 requested_refine=0 requested_derefine_leaves=84 accepted_derefine_parents=4 created_leaves=0 deleted_leaves=0 mirror_mismatches=0
elapsed=2.534077e+01 cycle=2130 time=1.668721e+01 dt=2.929687e-04
CARTOON_AMR_TRANSACTION cycle=2131 requested_refine=0 requested_derefine_leaves=84 accepted_derefine_parents=4 created_leaves=0 deleted_leaves=0 mirror_mismatches=0
elapsed=2.535656e+01 cycle=2131 time=1.668750e+01 dt=2.929687e-04
CARTOON_AMR_TRANSACTION cycle=2132 requested_refine=0 requested_derefine_leaves=84 accepted_derefine_parents=4 created_leaves=0 deleted_leaves=0 mirror_mismatches=0
elapsed=2.537539e+01 cycle=2132 time=1.668779e+01 dt=2.929687e-04
CARTOON_AMR_TRANSACTION cycle=2133 requested_refine=0 requested_derefine_leaves=84 accepted_derefine_parents=4 created_leaves=0 deleted_leaves=0 mirror_mismatches=0
elapsed=2.539156e+01 cycle=2133 time=1.668809e+01 dt=2.929687e-04
CARTOON_AMR_TRANSACTION cycle=2134 requested_refine=0 requested_derefine_leaves=84 accepted_derefine_parents=4 created_leaves=0 deleted_leaves=0 mirror_mismatches=0
elapsed=2.540733e+01 cycle=2134 time=1.668838e+01 dt=2.929687e-04
CARTOON_AMR_TRANSACTION cycle=2135 requested_refine=0 requested_derefine_leaves=84 accepted_derefine_parents=4 created_leaves=0 deleted_leaves=0 mirror_mismatches=0
elapsed=2.542320e+01 cycle=2135 time=1.668867e+01 dt=2.929687e-04
CARTOON_AMR_TRANSACTION cycle=2136 requested_refine=0 requested_derefine_leaves=84 accepted_derefine_parents=4 created_leaves=0 deleted_leaves=0 mirror_mismatches=0
elapsed=2.544197e+01 cycle=2136 time=1.668896e+01 dt=2.929687e-04
CARTOON_AMR_TRANSACTION cycle=2137 requested_refine=0 requested_derefine_leaves=84 accepted_derefine_parents=4 created_leaves=0 deleted_leaves=0 mirror_mismatches=0
elapsed=2.545798e+01 cycle=2137 time=1.668926e+01 dt=2.929687e-04
CARTOON_AMR_TRANSACTION cycle=2138 requested_refine=0 requested_derefine_leaves=84 accepted_derefine_parents=4 created_leaves=0 deleted_leaves=0 mirror_mismatches=0
elapsed=2.547372e+01 cycle=2138 time=1.668955e+01 dt=2.929687e-04
CARTOON_AMR_TRANSACTION cycle=2139 requested_refine=2 requested_derefine_leaves=84 accepted_derefine_parents=4 created_leaves=6 deleted_leaves=0 mirror_mismatches=0
AMR_Z4C_CHI_PROLONGATION cycle=2139 local_fallback_groups=0,0,0,0 global_fallback_groups=0 global_high_order_groups=2048
elapsed=2.549606e+01 cycle=2139 time=1.668984e+01 dt=2.929687e-04
CARTOON_AMR_TRANSACTION cycle=2140 requested_refine=0 requested_derefine_leaves=90 accepted_derefine_parents=4 created_leaves=0 deleted_leaves=0 mirror_mismatches=0
elapsed=2.551565e+01 cycle=2140 time=1.669014e+01 dt=2.929687e-04
CARTOON_AMR_TRANSACTION cycle=2141 requested_refine=0 requested_derefine_leaves=90 accepted_derefine_parents=4 created_leaves=0 deleted_leaves=0 mirror_mismatches=0
elapsed=2.553194e+01 cycle=2141 time=1.669043e+01 dt=2.929687e-04
CARTOON_AMR_TRANSACTION cycle=2142 requested_refine=0 requested_derefine_leaves=90 accepted_derefine_parents=4 created_leaves=0 deleted_leaves=0 mirror_mismatches=0
elapsed=2.554801e+01 cycle=2142 time=1.669072e+01 dt=2.929687e-04
CARTOON_AMR_TRANSACTION cycle=2143 requested_refine=0 requested_derefine_leaves=90 accepted_derefine_parents=4 created_leaves=0 deleted_leaves=0 mirror_mismatches=0
elapsed=2.556418e+01 cycle=2143 time=1.669102e+01 dt=2.929687e-04
CARTOON_AMR_TRANSACTION cycle=2144 requested_refine=0 requested_derefine_leaves=90 accepted_derefine_parents=4 created_leaves=0 deleted_leaves=0 mirror_mismatches=0
elapsed=2.558334e+01 cycle=2144 time=1.669131e+01 dt=2.929687e-04
CARTOON_AMR_TRANSACTION cycle=2145 requested_refine=0 requested_derefine_leaves=90 accepted_derefine_parents=4 created_leaves=0 deleted_leaves=0 mirror_mismatches=0
elapsed=2.559989e+01 cycle=2145 time=1.669160e+01 dt=2.929687e-04
CARTOON_AMR_TRANSACTION cycle=2146 requested_refine=0 requested_derefine_leaves=90 accepted_derefine_parents=4 created_leaves=0 deleted_leaves=0 mirror_mismatches=0
elapsed=2.561619e+01 cycle=2146 time=1.669189e+01 dt=2.929687e-04
CARTOON_AMR_TRANSACTION cycle=2147 requested_refine=0 requested_derefine_leaves=90 accepted_derefine_parents=4 created_leaves=0 deleted_leaves=0 mirror_mismatches=0
elapsed=2.563255e+01 cycle=2147 time=1.669219e+01 dt=2.929687e-04
CARTOON_AMR_TRANSACTION cycle=2148 requested_refine=0 requested_derefine_leaves=90 accepted_derefine_parents=4 created_leaves=0 deleted_leaves=0 mirror_mismatches=0
elapsed=2.565204e+01 cycle=2148 time=1.669248e+01 dt=2.929687e-04
CARTOON_AMR_TRANSACTION cycle=2149 requested_refine=0 requested_derefine_leaves=90 accepted_derefine_parents=4 created_leaves=0 deleted_leaves=0 mirror_mismatches=0
elapsed=2.566847e+01 cycle=2149 time=1.669277e+01 dt=2.929687e-04
CARTOON_AMR_TRANSACTION cycle=2150 requested_refine=0 requested_derefine_leaves=90 accepted_derefine_parents=4 created_leaves=0 deleted_leaves=0 mirror_mismatches=0
elapsed=2.568465e+01 cycle=2150 time=1.669307e+01 dt=2.929687e-04
CARTOON_AMR_TRANSACTION cycle=2151 requested_refine=0 requested_derefine_leaves=90 accepted_derefine_parents=4 created_leaves=0 deleted_leaves=0 mirror_mismatches=0
elapsed=2.570088e+01 cycle=2151 time=1.669336e+01 dt=2.929687e-04
CARTOON_AMR_TRANSACTION cycle=2152 requested_refine=0 requested_derefine_leaves=88 accepted_derefine_parents=2 created_leaves=0 deleted_leaves=0 mirror_mismatches=0
elapsed=2.572049e+01 cycle=2152 time=1.669365e+01 dt=2.929687e-04
CARTOON_AMR_TRANSACTION cycle=2153 requested_refine=0 requested_derefine_leaves=88 accepted_derefine_parents=2 created_leaves=0 deleted_leaves=0 mirror_mismatches=0
elapsed=2.573683e+01 cycle=2153 time=1.669395e+01 dt=2.929687e-04
CARTOON_AMR_TRANSACTION cycle=2154 requested_refine=0 requested_derefine_leaves=88 accepted_derefine_parents=2 created_leaves=0 deleted_leaves=0 mirror_mismatches=0
elapsed=2.575317e+01 cycle=2154 time=1.669424e+01 dt=2.929687e-04
CARTOON_AMR_TRANSACTION cycle=2155 requested_refine=0 requested_derefine_leaves=88 accepted_derefine_parents=2 created_leaves=0 deleted_leaves=0 mirror_mismatches=0
elapsed=2.576931e+01 cycle=2155 time=1.669453e+01 dt=2.929687e-04
CARTOON_AMR_TRANSACTION cycle=2156 requested_refine=0 requested_derefine_leaves=88 accepted_derefine_parents=2 created_leaves=0 deleted_leaves=0 mirror_mismatches=0
elapsed=2.578847e+01 cycle=2156 time=1.669482e+01 dt=2.929687e-04
CARTOON_AMR_TRANSACTION cycle=2157 requested_refine=0 requested_derefine_leaves=88 accepted_derefine_parents=2 created_leaves=0 deleted_leaves=0 mirror_mismatches=0
elapsed=2.580486e+01 cycle=2157 time=1.669512e+01 dt=2.929687e-04
CARTOON_AMR_TRANSACTION cycle=2158 requested_refine=0 requested_derefine_leaves=88 accepted_derefine_parents=2 created_leaves=0 deleted_leaves=0 mirror_mismatches=0
elapsed=2.582106e+01 cycle=2158 time=1.669541e+01 dt=2.929687e-04
CARTOON_AMR_TRANSACTION cycle=2159 requested_refine=0 requested_derefine_leaves=88 accepted_derefine_parents=2 created_leaves=0 deleted_leaves=0 mirror_mismatches=0
elapsed=2.583720e+01 cycle=2159 time=1.669570e+01 dt=2.929687e-04
CARTOON_AMR_TRANSACTION cycle=2160 requested_refine=0 requested_derefine_leaves=88 accepted_derefine_parents=2 created_leaves=0 deleted_leaves=0 mirror_mismatches=0
elapsed=2.585678e+01 cycle=2160 time=1.669600e+01 dt=2.929687e-04
CARTOON_AMR_TRANSACTION cycle=2161 requested_refine=0 requested_derefine_leaves=88 accepted_derefine_parents=2 created_leaves=0 deleted_leaves=0 mirror_mismatches=0
elapsed=2.587315e+01 cycle=2161 time=1.669629e+01 dt=2.929687e-04
CARTOON_AMR_TRANSACTION cycle=2162 requested_refine=0 requested_derefine_leaves=88 accepted_derefine_parents=2 created_leaves=0 deleted_leaves=0 mirror_mismatches=0
elapsed=2.588938e+01 cycle=2162 time=1.669658e+01 dt=2.929687e-04
CARTOON_AMR_TRANSACTION cycle=2163 requested_refine=0 requested_derefine_leaves=88 accepted_derefine_parents=2 created_leaves=0 deleted_leaves=0 mirror_mismatches=0
elapsed=2.590565e+01 cycle=2163 time=1.669687e+01 dt=2.929687e-04
CARTOON_AMR_TRANSACTION cycle=2164 requested_refine=0 requested_derefine_leaves=88 accepted_derefine_parents=2 created_leaves=0 deleted_leaves=0 mirror_mismatches=0
elapsed=2.592509e+01 cycle=2164 time=1.669717e+01 dt=2.929687e-04
CARTOON_AMR_TRANSACTION cycle=2165 requested_refine=0 requested_derefine_leaves=88 accepted_derefine_parents=2 created_leaves=0 deleted_leaves=0 mirror_mismatches=0
elapsed=2.594121e+01 cycle=2165 time=1.669746e+01 dt=2.929687e-04
CARTOON_AMR_TRANSACTION cycle=2166 requested_refine=0 requested_derefine_leaves=86 accepted_derefine_parents=2 created_leaves=0 deleted_leaves=0 mirror_mismatches=0
elapsed=2.595737e+01 cycle=2166 time=1.669775e+01 dt=2.929687e-04
CARTOON_AMR_TRANSACTION cycle=2167 requested_refine=0 requested_derefine_leaves=86 accepted_derefine_parents=2 created_leaves=0 deleted_leaves=0 mirror_mismatches=0
elapsed=2.597357e+01 cycle=2167 time=1.669805e+01 dt=2.929687e-04
CARTOON_AMR_TRANSACTION cycle=2168 requested_refine=0 requested_derefine_leaves=84 accepted_derefine_parents=2 created_leaves=0 deleted_leaves=0 mirror_mismatches=0
elapsed=2.599300e+01 cycle=2168 time=1.669834e+01 dt=2.929687e-04
CARTOON_AMR_TRANSACTION cycle=2169 requested_refine=0 requested_derefine_leaves=82 accepted_derefine_parents=2 created_leaves=0 deleted_leaves=0 mirror_mismatches=0
elapsed=2.600952e+01 cycle=2169 time=1.669863e+01 dt=2.929687e-04
CARTOON_AMR_TRANSACTION cycle=2170 requested_refine=0 requested_derefine_leaves=82 accepted_derefine_parents=2 created_leaves=0 deleted_leaves=0 mirror_mismatches=0
elapsed=2.602600e+01 cycle=2170 time=1.669893e+01 dt=2.929687e-04
CARTOON_AMR_TRANSACTION cycle=2171 requested_refine=0 requested_derefine_leaves=82 accepted_derefine_parents=2 created_leaves=0 deleted_leaves=0 mirror_mismatches=0
elapsed=2.604234e+01 cycle=2171 time=1.669922e+01 dt=2.929687e-04
CARTOON_AMR_TRANSACTION cycle=2172 requested_refine=0 requested_derefine_leaves=82 accepted_derefine_parents=2 created_leaves=0 deleted_leaves=0 mirror_mismatches=0
elapsed=2.606199e+01 cycle=2172 time=1.669951e+01 dt=2.929687e-04
CARTOON_AMR_TRANSACTION cycle=2173 requested_refine=0 requested_derefine_leaves=82 accepted_derefine_parents=2 created_leaves=0 deleted_leaves=0 mirror_mismatches=0
elapsed=2.607837e+01 cycle=2173 time=1.669980e+01 dt=2.929687e-04
CARTOON_AMR_TRANSACTION cycle=2174 requested_refine=0 requested_derefine_leaves=82 accepted_derefine_parents=2 created_leaves=0 deleted_leaves=0 mirror_mismatches=0
elapsed=2.609483e+01 cycle=2174 time=1.670010e+01 dt=2.929687e-04
CARTOON_AMR_TRANSACTION cycle=2175 requested_refine=0 requested_derefine_leaves=80 accepted_derefine_parents=2 created_leaves=0 deleted_leaves=0 mirror_mismatches=0
elapsed=2.611096e+01 cycle=2175 time=1.670039e+01 dt=2.929687e-04
CARTOON_AMR_TRANSACTION cycle=2176 requested_refine=0 requested_derefine_leaves=80 accepted_derefine_parents=2 created_leaves=0 deleted_leaves=0 mirror_mismatches=0
elapsed=2.633134e+01 cycle=2176 time=1.670068e+01 dt=2.929687e-04
CARTOON_AMR_TRANSACTION cycle=2177 requested_refine=0 requested_derefine_leaves=80 accepted_derefine_parents=2 created_leaves=0 deleted_leaves=0 mirror_mismatches=0
elapsed=2.634791e+01 cycle=2177 time=1.670098e+01 dt=2.929687e-04
CARTOON_AMR_TRANSACTION cycle=2178 requested_refine=0 requested_derefine_leaves=80 accepted_derefine_parents=2 created_leaves=0 deleted_leaves=0 mirror_mismatches=0
elapsed=2.636422e+01 cycle=2178 time=1.670127e+01 dt=2.929687e-04
CARTOON_AMR_TRANSACTION cycle=2179 requested_refine=0 requested_derefine_leaves=80 accepted_derefine_parents=2 created_leaves=0 deleted_leaves=0 mirror_mismatches=0
elapsed=2.638054e+01 cycle=2179 time=1.670156e+01 dt=2.929687e-04
CARTOON_AMR_TRANSACTION cycle=2180 requested_refine=0 requested_derefine_leaves=80 accepted_derefine_parents=2 created_leaves=0 deleted_leaves=0 mirror_mismatches=0
elapsed=2.640022e+01 cycle=2180 time=1.670186e+01 dt=2.929687e-04
CARTOON_AMR_TRANSACTION cycle=2181 requested_refine=0 requested_derefine_leaves=80 accepted_derefine_parents=2 created_leaves=0 deleted_leaves=0 mirror_mismatches=0
elapsed=2.641668e+01 cycle=2181 time=1.670215e+01 dt=2.929687e-04
CARTOON_AMR_TRANSACTION cycle=2182 requested_refine=0 requested_derefine_leaves=80 accepted_derefine_parents=2 created_leaves=0 deleted_leaves=0 mirror_mismatches=0
elapsed=2.643294e+01 cycle=2182 time=1.670244e+01 dt=2.929687e-04
CARTOON_AMR_TRANSACTION cycle=2183 requested_refine=0 requested_derefine_leaves=80 accepted_derefine_parents=2 created_leaves=0 deleted_leaves=0 mirror_mismatches=0
elapsed=2.644930e+01 cycle=2183 time=1.670273e+01 dt=2.929687e-04
CARTOON_AMR_TRANSACTION cycle=2184 requested_refine=0 requested_derefine_leaves=80 accepted_derefine_parents=2 created_leaves=0 deleted_leaves=0 mirror_mismatches=0
elapsed=2.646877e+01 cycle=2184 time=1.670303e+01 dt=2.929687e-04
CARTOON_AMR_TRANSACTION cycle=2185 requested_refine=0 requested_derefine_leaves=78 accepted_derefine_parents=2 created_leaves=0 deleted_leaves=0 mirror_mismatches=0
elapsed=2.648536e+01 cycle=2185 time=1.670332e+01 dt=2.929687e-04
CARTOON_AMR_TRANSACTION cycle=2186 requested_refine=0 requested_derefine_leaves=78 accepted_derefine_parents=2 created_leaves=0 deleted_leaves=0 mirror_mismatches=0
elapsed=2.650148e+01 cycle=2186 time=1.670361e+01 dt=2.929687e-04
CARTOON_AMR_TRANSACTION cycle=2187 requested_refine=0 requested_derefine_leaves=78 accepted_derefine_parents=2 created_leaves=0 deleted_leaves=0 mirror_mismatches=0
elapsed=2.651768e+01 cycle=2187 time=1.670391e+01 dt=2.929687e-04
CARTOON_AMR_TRANSACTION cycle=2188 requested_refine=0 requested_derefine_leaves=78 accepted_derefine_parents=2 created_leaves=0 deleted_leaves=0 mirror_mismatches=0
elapsed=2.653707e+01 cycle=2188 time=1.670420e+01 dt=2.929687e-04
CARTOON_AMR_TRANSACTION cycle=2189 requested_refine=0 requested_derefine_leaves=78 accepted_derefine_parents=2 created_leaves=0 deleted_leaves=0 mirror_mismatches=0
elapsed=2.655376e+01 cycle=2189 time=1.670449e+01 dt=2.929687e-04
CARTOON_AMR_TRANSACTION cycle=2190 requested_refine=0 requested_derefine_leaves=78 accepted_derefine_parents=2 created_leaves=0 deleted_leaves=0 mirror_mismatches=0
elapsed=2.657022e+01 cycle=2190 time=1.670479e+01 dt=2.929687e-04
CARTOON_AMR_TRANSACTION cycle=2191 requested_refine=2 requested_derefine_leaves=78 accepted_derefine_parents=2 created_leaves=6 deleted_leaves=0 mirror_mismatches=0
AMR_Z4C_CHI_PROLONGATION cycle=2191 local_fallback_groups=0,0,0,0 global_fallback_groups=0 global_high_order_groups=2048
elapsed=2.659329e+01 cycle=2191 time=1.670508e+01 dt=1.464844e-04
CARTOON_AMR_TRANSACTION cycle=2192 requested_refine=0 requested_derefine_leaves=82 accepted_derefine_parents=2 created_leaves=0 deleted_leaves=0 mirror_mismatches=0
elapsed=2.661349e+01 cycle=2192 time=1.670522e+01 dt=1.464844e-04
CARTOON_AMR_TRANSACTION cycle=2193 requested_refine=0 requested_derefine_leaves=82 accepted_derefine_parents=2 created_leaves=0 deleted_leaves=0 mirror_mismatches=0
elapsed=2.663068e+01 cycle=2193 time=1.670537e+01 dt=1.464844e-04
CARTOON_AMR_TRANSACTION cycle=2194 requested_refine=0 requested_derefine_leaves=82 accepted_derefine_parents=2 created_leaves=0 deleted_leaves=0 mirror_mismatches=0
elapsed=2.664742e+01 cycle=2194 time=1.670552e+01 dt=1.464844e-04
CARTOON_AMR_TRANSACTION cycle=2195 requested_refine=2 requested_derefine_leaves=82 accepted_derefine_parents=2 created_leaves=6 deleted_leaves=0 mirror_mismatches=0
AMR_Z4C_CHI_PROLONGATION cycle=2195 local_fallback_groups=0,0,0,0 global_fallback_groups=0 global_high_order_groups=2048
elapsed=2.666994e+01 cycle=2195 time=1.670566e+01 dt=1.464844e-04
CARTOON_AMR_TRANSACTION cycle=2196 requested_refine=0 requested_derefine_leaves=88 accepted_derefine_parents=2 created_leaves=0 deleted_leaves=0 mirror_mismatches=0
elapsed=2.669041e+01 cycle=2196 time=1.670581e+01 dt=1.464844e-04
CARTOON_AMR_TRANSACTION cycle=2197 requested_refine=0 requested_derefine_leaves=88 accepted_derefine_parents=2 created_leaves=0 deleted_leaves=0 mirror_mismatches=0
elapsed=2.670785e+01 cycle=2197 time=1.670596e+01 dt=1.464844e-04
CARTOON_AMR_TRANSACTION cycle=2198 requested_refine=0 requested_derefine_leaves=88 accepted_derefine_parents=2 created_leaves=0 deleted_leaves=0 mirror_mismatches=0
elapsed=2.672482e+01 cycle=2198 time=1.670610e+01 dt=1.464844e-04
CARTOON_AMR_TRANSACTION cycle=2199 requested_refine=0 requested_derefine_leaves=88 accepted_derefine_parents=2 created_leaves=0 deleted_leaves=0 mirror_mismatches=0
elapsed=2.674156e+01 cycle=2199 time=1.670625e+01 dt=1.464844e-04
CARTOON_AMR_TRANSACTION cycle=2200 requested_refine=0 requested_derefine_leaves=86 accepted_derefine_parents=2 created_leaves=0 deleted_leaves=0 mirror_mismatches=0
elapsed=2.676175e+01 cycle=2200 time=1.670640e+01 dt=1.464844e-04
CARTOON_AMR_TRANSACTION cycle=2201 requested_refine=0 requested_derefine_leaves=86 accepted_derefine_parents=2 created_leaves=0 deleted_leaves=0 mirror_mismatches=0
elapsed=2.677893e+01 cycle=2201 time=1.670654e+01 dt=1.464844e-04
CARTOON_AMR_TRANSACTION cycle=2202 requested_refine=0 requested_derefine_leaves=86 accepted_derefine_parents=2 created_leaves=0 deleted_leaves=0 mirror_mismatches=0
elapsed=2.679596e+01 cycle=2202 time=1.670669e+01 dt=1.464844e-04
CARTOON_AMR_TRANSACTION cycle=2203 requested_refine=0 requested_derefine_leaves=86 accepted_derefine_parents=2 created_leaves=0 deleted_leaves=0 mirror_mismatches=0
elapsed=2.681297e+01 cycle=2203 time=1.670684e+01 dt=1.464844e-04
CARTOON_AMR_TRANSACTION cycle=2204 requested_refine=0 requested_derefine_leaves=86 accepted_derefine_parents=2 created_leaves=0 deleted_leaves=0 mirror_mismatches=0
elapsed=2.683317e+01 cycle=2204 time=1.670698e+01 dt=1.464844e-04
CARTOON_AMR_TRANSACTION cycle=2205 requested_refine=0 requested_derefine_leaves=86 accepted_derefine_parents=2 created_leaves=0 deleted_leaves=0 mirror_mismatches=0
elapsed=2.685049e+01 cycle=2205 time=1.670713e+01 dt=1.464844e-04
CARTOON_AMR_TRANSACTION cycle=2206 requested_refine=0 requested_derefine_leaves=86 accepted_derefine_parents=2 created_leaves=0 deleted_leaves=0 mirror_mismatches=0
elapsed=2.686739e+01 cycle=2206 time=1.670728e+01 dt=1.464844e-04
CARTOON_AMR_TRANSACTION cycle=2207 requested_refine=0 requested_derefine_leaves=86 accepted_derefine_parents=2 created_leaves=0 deleted_leaves=0 mirror_mismatches=0
elapsed=2.688440e+01 cycle=2207 time=1.670742e+01 dt=1.464844e-04
CARTOON_AMR_TRANSACTION cycle=2208 requested_refine=2 requested_derefine_leaves=86 accepted_derefine_parents=2 created_leaves=6 deleted_leaves=0 mirror_mismatches=0
AMR_Z4C_CHI_PROLONGATION cycle=2208 local_fallback_groups=0,0,0,0 global_fallback_groups=0 global_high_order_groups=2048
elapsed=2.691078e+01 cycle=2208 time=1.670757e+01 dt=1.464844e-04
CARTOON_AMR_TRANSACTION cycle=2209 requested_refine=0 requested_derefine_leaves=92 accepted_derefine_parents=2 created_leaves=0 deleted_leaves=0 mirror_mismatches=0
elapsed=2.692791e+01 cycle=2209 time=1.670771e+01 dt=1.464844e-04
CARTOON_AMR_TRANSACTION cycle=2210 requested_refine=0 requested_derefine_leaves=90 accepted_derefine_parents=2 created_leaves=0 deleted_leaves=0 mirror_mismatches=0
elapsed=2.694484e+01 cycle=2210 time=1.670786e+01 dt=1.464844e-04
CARTOON_AMR_TRANSACTION cycle=2211 requested_refine=0 requested_derefine_leaves=90 accepted_derefine_parents=2 created_leaves=0 deleted_leaves=0 mirror_mismatches=0
elapsed=2.696173e+01 cycle=2211 time=1.670801e+01 dt=1.464844e-04
CARTOON_AMR_TRANSACTION cycle=2212 requested_refine=0 requested_derefine_leaves=90 accepted_derefine_parents=2 created_leaves=0 deleted_leaves=0 mirror_mismatches=0
elapsed=2.698197e+01 cycle=2212 time=1.670815e+01 dt=1.464844e-04
CARTOON_AMR_TRANSACTION cycle=2213 requested_refine=0 requested_derefine_leaves=90 accepted_derefine_parents=2 created_leaves=0 deleted_leaves=0 mirror_mismatches=0
elapsed=2.699898e+01 cycle=2213 time=1.670830e+01 dt=1.464844e-04
CARTOON_AMR_TRANSACTION cycle=2214 requested_refine=0 requested_derefine_leaves=90 accepted_derefine_parents=2 created_leaves=0 deleted_leaves=0 mirror_mismatches=0
elapsed=2.701576e+01 cycle=2214 time=1.670845e+01 dt=1.464844e-04
CARTOON_AMR_TRANSACTION cycle=2215 requested_refine=0 requested_derefine_leaves=90 accepted_derefine_parents=2 created_leaves=0 deleted_leaves=0 mirror_mismatches=0
elapsed=2.703263e+01 cycle=2215 time=1.670859e+01 dt=1.464844e-04
CARTOON_AMR_TRANSACTION cycle=2216 requested_refine=0 requested_derefine_leaves=90 accepted_derefine_parents=2 created_leaves=0 deleted_leaves=0 mirror_mismatches=0
elapsed=2.705309e+01 cycle=2216 time=1.670874e+01 dt=1.464844e-04
CARTOON_AMR_TRANSACTION cycle=2217 requested_refine=2 requested_derefine_leaves=90 accepted_derefine_parents=2 created_leaves=6 deleted_leaves=0 mirror_mismatches=0
AMR_Z4C_CHI_PROLONGATION cycle=2217 local_fallback_groups=0,0,0,0 global_fallback_groups=0 global_high_order_groups=2048
elapsed=2.707679e+01 cycle=2217 time=1.670889e+01 dt=1.464844e-04
CARTOON_AMR_TRANSACTION cycle=2218 requested_refine=0 requested_derefine_leaves=94 accepted_derefine_parents=2 created_leaves=0 deleted_leaves=0 mirror_mismatches=0
elapsed=2.709404e+01 cycle=2218 time=1.670903e+01 dt=1.464844e-04
CARTOON_AMR_TRANSACTION cycle=2219 requested_refine=0 requested_derefine_leaves=94 accepted_derefine_parents=2 created_leaves=0 deleted_leaves=0 mirror_mismatches=0
elapsed=2.711141e+01 cycle=2219 time=1.670918e+01 dt=1.464844e-04
CARTOON_AMR_TRANSACTION cycle=2220 requested_refine=0 requested_derefine_leaves=94 accepted_derefine_parents=2 created_leaves=0 deleted_leaves=0 mirror_mismatches=0
elapsed=2.713190e+01 cycle=2220 time=1.670933e+01 dt=1.464844e-04
CARTOON_AMR_TRANSACTION cycle=2221 requested_refine=2 requested_derefine_leaves=94 accepted_derefine_parents=2 created_leaves=12 deleted_leaves=0 mirror_mismatches=0
AMR_Z4C_CHI_PROLONGATION cycle=2221 local_fallback_groups=0,0,0,0 global_fallback_groups=0 global_high_order_groups=4096
elapsed=2.715604e+01 cycle=2221 time=1.670947e+01 dt=1.464844e-04
CARTOON_AMR_TRANSACTION cycle=2222 requested_refine=0 requested_derefine_leaves=108 accepted_derefine_parents=4 created_leaves=0 deleted_leaves=0 mirror_mismatches=0
elapsed=2.717408e+01 cycle=2222 time=1.670962e+01 dt=1.464844e-04
CARTOON_AMR_TRANSACTION cycle=2223 requested_refine=0 requested_derefine_leaves=108 accepted_derefine_parents=4 created_leaves=0 deleted_leaves=0 mirror_mismatches=0
elapsed=2.719204e+01 cycle=2223 time=1.670977e+01 dt=1.464844e-04
CARTOON_AMR_TRANSACTION cycle=2224 requested_refine=0 requested_derefine_leaves=108 accepted_derefine_parents=4 created_leaves=0 deleted_leaves=0 mirror_mismatches=0
elapsed=2.721321e+01 cycle=2224 time=1.670991e+01 dt=1.464844e-04
CARTOON_AMR_TRANSACTION cycle=2225 requested_refine=0 requested_derefine_leaves=108 accepted_derefine_parents=4 created_leaves=0 deleted_leaves=0 mirror_mismatches=0
elapsed=2.723120e+01 cycle=2225 time=1.671006e+01 dt=1.464844e-04
CARTOON_AMR_TRANSACTION cycle=2226 requested_refine=0 requested_derefine_leaves=108 accepted_derefine_parents=4 created_leaves=0 deleted_leaves=0 mirror_mismatches=0
elapsed=2.724885e+01 cycle=2226 time=1.671021e+01 dt=1.464844e-04
CARTOON_AMR_TRANSACTION cycle=2227 requested_refine=0 requested_derefine_leaves=108 accepted_derefine_parents=4 created_leaves=0 deleted_leaves=0 mirror_mismatches=0
elapsed=2.726651e+01 cycle=2227 time=1.671035e+01 dt=1.464844e-04
CARTOON_AMR_TRANSACTION cycle=2228 requested_refine=0 requested_derefine_leaves=108 accepted_derefine_parents=4 created_leaves=0 deleted_leaves=0 mirror_mismatches=0
elapsed=2.728765e+01 cycle=2228 time=1.671050e+01 dt=1.464844e-04
CARTOON_AMR_TRANSACTION cycle=2229 requested_refine=0 requested_derefine_leaves=108 accepted_derefine_parents=4 created_leaves=0 deleted_leaves=0 mirror_mismatches=0
elapsed=2.730547e+01 cycle=2229 time=1.671064e+01 dt=1.464844e-04
CARTOON_AMR_TRANSACTION cycle=2230 requested_refine=0 requested_derefine_leaves=108 accepted_derefine_parents=4 created_leaves=0 deleted_leaves=0 mirror_mismatches=0
elapsed=2.732302e+01 cycle=2230 time=1.671079e+01 dt=1.464844e-04
CARTOON_AMR_TRANSACTION cycle=2231 requested_refine=2 requested_derefine_leaves=108 accepted_derefine_parents=4 created_leaves=6 deleted_leaves=0 mirror_mismatches=0
AMR_Z4C_CHI_PROLONGATION cycle=2231 local_fallback_groups=0,0,0,0 global_fallback_groups=0 global_high_order_groups=2048
elapsed=2.734761e+01 cycle=2231 time=1.671094e+01 dt=1.464844e-04
CARTOON_AMR_TRANSACTION cycle=2232 requested_refine=0 requested_derefine_leaves=114 accepted_derefine_parents=4 created_leaves=0 deleted_leaves=0 mirror_mismatches=0
elapsed=2.736869e+01 cycle=2232 time=1.671108e+01 dt=1.464844e-04
CARTOON_AMR_TRANSACTION cycle=2233 requested_refine=0 requested_derefine_leaves=114 accepted_derefine_parents=4 created_leaves=0 deleted_leaves=0 mirror_mismatches=0
elapsed=2.738670e+01 cycle=2233 time=1.671123e+01 dt=1.464844e-04
CARTOON_AMR_TRANSACTION cycle=2234 requested_refine=0 requested_derefine_leaves=114 accepted_derefine_parents=4 created_leaves=0 deleted_leaves=0 mirror_mismatches=0
elapsed=2.740451e+01 cycle=2234 time=1.671138e+01 dt=1.464844e-04
CARTOON_AMR_TRANSACTION cycle=2235 requested_refine=0 requested_derefine_leaves=114 accepted_derefine_parents=4 created_leaves=0 deleted_leaves=0 mirror_mismatches=0
elapsed=2.742221e+01 cycle=2235 time=1.671152e+01 dt=1.464844e-04
CARTOON_AMR_TRANSACTION cycle=2236 requested_refine=0 requested_derefine_leaves=114 accepted_derefine_parents=4 created_leaves=0 deleted_leaves=0 mirror_mismatches=0
elapsed=2.744321e+01 cycle=2236 time=1.671167e+01 dt=1.464844e-04
CARTOON_AMR_TRANSACTION cycle=2237 requested_refine=0 requested_derefine_leaves=114 accepted_derefine_parents=4 created_leaves=0 deleted_leaves=0 mirror_mismatches=0
elapsed=2.746091e+01 cycle=2237 time=1.671182e+01 dt=1.464844e-04
CARTOON_AMR_TRANSACTION cycle=2238 requested_refine=0 requested_derefine_leaves=114 accepted_derefine_parents=4 created_leaves=0 deleted_leaves=0 mirror_mismatches=0
elapsed=2.747860e+01 cycle=2238 time=1.671196e+01 dt=1.464844e-04
CARTOON_AMR_TRANSACTION cycle=2239 requested_refine=0 requested_derefine_leaves=114 accepted_derefine_parents=4 created_leaves=0 deleted_leaves=0 mirror_mismatches=0
elapsed=2.749632e+01 cycle=2239 time=1.671211e+01 dt=1.464844e-04
CARTOON_AMR_TRANSACTION cycle=2240 requested_refine=0 requested_derefine_leaves=114 accepted_derefine_parents=4 created_leaves=0 deleted_leaves=0 mirror_mismatches=0
elapsed=2.767429e+01 cycle=2240 time=1.671226e+01 dt=1.464844e-04
CARTOON_AMR_TRANSACTION cycle=2241 requested_refine=0 requested_derefine_leaves=114 accepted_derefine_parents=4 created_leaves=0 deleted_leaves=0 mirror_mismatches=0
elapsed=2.769248e+01 cycle=2241 time=1.671240e+01 dt=1.464844e-04
CARTOON_AMR_TRANSACTION cycle=2242 requested_refine=0 requested_derefine_leaves=114 accepted_derefine_parents=4 created_leaves=0 deleted_leaves=0 mirror_mismatches=0
elapsed=2.771046e+01 cycle=2242 time=1.671255e+01 dt=1.464844e-04
CARTOON_AMR_TRANSACTION cycle=2243 requested_refine=0 requested_derefine_leaves=114 accepted_derefine_parents=4 created_leaves=0 deleted_leaves=0 mirror_mismatches=0
elapsed=2.772827e+01 cycle=2243 time=1.671270e+01 dt=1.464844e-04
CARTOON_AMR_TRANSACTION cycle=2244 requested_refine=0 requested_derefine_leaves=114 accepted_derefine_parents=4 created_leaves=0 deleted_leaves=0 mirror_mismatches=0
elapsed=2.774943e+01 cycle=2244 time=1.671284e+01 dt=1.464844e-04
CARTOON_AMR_TRANSACTION cycle=2245 requested_refine=0 requested_derefine_leaves=114 accepted_derefine_parents=4 created_leaves=0 deleted_leaves=0 mirror_mismatches=0
elapsed=2.776732e+01 cycle=2245 time=1.671299e+01 dt=1.464844e-04
CARTOON_AMR_TRANSACTION cycle=2246 requested_refine=0 requested_derefine_leaves=112 accepted_derefine_parents=4 created_leaves=0 deleted_leaves=0 mirror_mismatches=0
elapsed=2.778494e+01 cycle=2246 time=1.671313e+01 dt=1.464844e-04
CARTOON_AMR_TRANSACTION cycle=2247 requested_refine=0 requested_derefine_leaves=112 accepted_derefine_parents=4 created_leaves=0 deleted_leaves=0 mirror_mismatches=0
elapsed=2.780272e+01 cycle=2247 time=1.671328e+01 dt=1.464844e-04
CARTOON_AMR_TRANSACTION cycle=2248 requested_refine=0 requested_derefine_leaves=112 accepted_derefine_parents=4 created_leaves=0 deleted_leaves=0 mirror_mismatches=0
elapsed=2.782355e+01 cycle=2248 time=1.671343e+01 dt=1.464844e-04
CARTOON_AMR_TRANSACTION cycle=2249 requested_refine=0 requested_derefine_leaves=112 accepted_derefine_parents=4 created_leaves=0 deleted_leaves=0 mirror_mismatches=0
elapsed=2.784140e+01 cycle=2249 time=1.671357e+01 dt=1.464844e-04
CARTOON_AMR_TRANSACTION cycle=2250 requested_refine=0 requested_derefine_leaves=110 accepted_derefine_parents=4 created_leaves=0 deleted_leaves=0 mirror_mismatches=0
elapsed=2.785908e+01 cycle=2250 time=1.671372e+01 dt=1.464844e-04
CARTOON_AMR_TRANSACTION cycle=2251 requested_refine=0 requested_derefine_leaves=110 accepted_derefine_parents=4 created_leaves=0 deleted_leaves=0 mirror_mismatches=0
elapsed=2.787676e+01 cycle=2251 time=1.671387e+01 dt=1.464844e-04
CARTOON_AMR_TRANSACTION cycle=2252 requested_refine=0 requested_derefine_leaves=110 accepted_derefine_parents=4 created_leaves=0 deleted_leaves=0 mirror_mismatches=0
elapsed=2.789767e+01 cycle=2252 time=1.671401e+01 dt=1.464844e-04
CARTOON_AMR_TRANSACTION cycle=2253 requested_refine=0 requested_derefine_leaves=110 accepted_derefine_parents=4 created_leaves=0 deleted_leaves=0 mirror_mismatches=0
elapsed=2.791564e+01 cycle=2253 time=1.671416e+01 dt=1.464844e-04
CARTOON_AMR_TRANSACTION cycle=2254 requested_refine=0 requested_derefine_leaves=110 accepted_derefine_parents=4 created_leaves=0 deleted_leaves=0 mirror_mismatches=0
elapsed=2.793338e+01 cycle=2254 time=1.671431e+01 dt=1.464844e-04
CARTOON_AMR_TRANSACTION cycle=2255 requested_refine=0 requested_derefine_leaves=110 accepted_derefine_parents=4 created_leaves=0 deleted_leaves=0 mirror_mismatches=0
elapsed=2.795136e+01 cycle=2255 time=1.671445e+01 dt=1.464844e-04
CARTOON_AMR_TRANSACTION cycle=2256 requested_refine=0 requested_derefine_leaves=110 accepted_derefine_parents=4 created_leaves=0 deleted_leaves=0 mirror_mismatches=0
elapsed=2.797251e+01 cycle=2256 time=1.671460e+01 dt=1.464844e-04
CARTOON_AMR_TRANSACTION cycle=2257 requested_refine=0 requested_derefine_leaves=110 accepted_derefine_parents=4 created_leaves=0 deleted_leaves=0 mirror_mismatches=0
elapsed=2.799080e+01 cycle=2257 time=1.671475e+01 dt=1.464844e-04
CARTOON_AMR_TRANSACTION cycle=2258 requested_refine=0 requested_derefine_leaves=110 accepted_derefine_parents=4 created_leaves=0 deleted_leaves=0 mirror_mismatches=0
elapsed=2.800847e+01 cycle=2258 time=1.671489e+01 dt=1.464844e-04
CARTOON_AMR_TRANSACTION cycle=2259 requested_refine=0 requested_derefine_leaves=110 accepted_derefine_parents=4 created_leaves=0 deleted_leaves=0 mirror_mismatches=0
elapsed=2.802629e+01 cycle=2259 time=1.671504e+01 dt=1.464844e-04
CARTOON_AMR_TRANSACTION cycle=2260 requested_refine=0 requested_derefine_leaves=110 accepted_derefine_parents=4 created_leaves=0 deleted_leaves=0 mirror_mismatches=0
elapsed=2.804735e+01 cycle=2260 time=1.671519e+01 dt=1.464844e-04
CARTOON_AMR_TRANSACTION cycle=2261 requested_refine=0 requested_derefine_leaves=110 accepted_derefine_parents=4 created_leaves=0 deleted_leaves=0 mirror_mismatches=0
elapsed=2.806533e+01 cycle=2261 time=1.671533e+01 dt=1.464844e-04
CARTOON_AMR_TRANSACTION cycle=2262 requested_refine=0 requested_derefine_leaves=110 accepted_derefine_parents=4 created_leaves=0 deleted_leaves=0 mirror_mismatches=0
elapsed=2.808300e+01 cycle=2262 time=1.671548e+01 dt=1.464844e-04
CARTOON_AMR_TRANSACTION cycle=2263 requested_refine=0 requested_derefine_leaves=110 accepted_derefine_parents=4 created_leaves=0 deleted_leaves=0 mirror_mismatches=0
elapsed=2.810083e+01 cycle=2263 time=1.671562e+01 dt=1.464844e-04
CARTOON_AMR_TRANSACTION cycle=2264 requested_refine=2 requested_derefine_leaves=110 accepted_derefine_parents=4 created_leaves=6 deleted_leaves=0 mirror_mismatches=0
AMR_Z4C_CHI_PROLONGATION cycle=2264 local_fallback_groups=0,0,0,0 global_fallback_groups=0 global_high_order_groups=2048
elapsed=2.812814e+01 cycle=2264 time=1.671577e+01 dt=1.464844e-04
CARTOON_AMR_TRANSACTION cycle=2265 requested_refine=0 requested_derefine_leaves=116 accepted_derefine_parents=4 created_leaves=0 deleted_leaves=0 mirror_mismatches=0
elapsed=2.814638e+01 cycle=2265 time=1.671592e+01 dt=1.464844e-04
CARTOON_AMR_TRANSACTION cycle=2266 requested_refine=0 requested_derefine_leaves=116 accepted_derefine_parents=4 created_leaves=0 deleted_leaves=0 mirror_mismatches=0
elapsed=2.816424e+01 cycle=2266 time=1.671606e+01 dt=1.464844e-04
CARTOON_AMR_TRANSACTION cycle=2267 requested_refine=0 requested_derefine_leaves=116 accepted_derefine_parents=4 created_leaves=0 deleted_leaves=0 mirror_mismatches=0
elapsed=2.818246e+01 cycle=2267 time=1.671621e+01 dt=1.464844e-04
CARTOON_AMR_TRANSACTION cycle=2268 requested_refine=2 requested_derefine_leaves=116 accepted_derefine_parents=4 created_leaves=6 deleted_leaves=0 mirror_mismatches=0
AMR_Z4C_CHI_PROLONGATION cycle=2268 local_fallback_groups=0,0,0,0 global_fallback_groups=0 global_high_order_groups=2048
elapsed=2.821047e+01 cycle=2268 time=1.671636e+01 dt=7.324219e-05
CARTOON_AMR_TRANSACTION cycle=2269 requested_refine=0 requested_derefine_leaves=120 accepted_derefine_parents=4 created_leaves=0 deleted_leaves=0 mirror_mismatches=0
elapsed=2.822920e+01 cycle=2269 time=1.671643e+01 dt=7.324219e-05
CARTOON_AMR_TRANSACTION cycle=2270 requested_refine=2 requested_derefine_leaves=120 accepted_derefine_parents=4 created_leaves=6 deleted_leaves=0 mirror_mismatches=0
AMR_Z4C_CHI_PROLONGATION cycle=2270 local_fallback_groups=0,0,0,0 global_fallback_groups=0 global_high_order_groups=2048
elapsed=2.825440e+01 cycle=2270 time=1.671650e+01 dt=7.324219e-05
CARTOON_AMR_TRANSACTION cycle=2271 requested_refine=0 requested_derefine_leaves=124 accepted_derefine_parents=4 created_leaves=0 deleted_leaves=0 mirror_mismatches=0
elapsed=2.827411e+01 cycle=2271 time=1.671658e+01 dt=7.324219e-05
CARTOON_AMR_TRANSACTION cycle=2272 requested_refine=0 requested_derefine_leaves=124 accepted_derefine_parents=4 created_leaves=0 deleted_leaves=0 mirror_mismatches=0
elapsed=2.829700e+01 cycle=2272 time=1.671665e+01 dt=7.324219e-05
CARTOON_AMR_TRANSACTION cycle=2273 requested_refine=0 requested_derefine_leaves=124 accepted_derefine_parents=4 created_leaves=0 deleted_leaves=0 mirror_mismatches=0
elapsed=2.831643e+01 cycle=2273 time=1.671672e+01 dt=7.324219e-05
CARTOON_AMR_TRANSACTION cycle=2274 requested_refine=0 requested_derefine_leaves=124 accepted_derefine_parents=4 created_leaves=0 deleted_leaves=0 mirror_mismatches=0
elapsed=2.833605e+01 cycle=2274 time=1.671680e+01 dt=7.324219e-05
CARTOON_AMR_TRANSACTION cycle=2275 requested_refine=0 requested_derefine_leaves=124 accepted_derefine_parents=4 created_leaves=0 deleted_leaves=0 mirror_mismatches=0
elapsed=2.835537e+01 cycle=2275 time=1.671687e+01 dt=7.324219e-05
CARTOON_AMR_TRANSACTION cycle=2276 requested_refine=2 requested_derefine_leaves=124 accepted_derefine_parents=4 created_leaves=6 deleted_leaves=0 mirror_mismatches=0
AMR_Z4C_CHI_PROLONGATION cycle=2276 local_fallback_groups=0,0,0,0 global_fallback_groups=0 global_high_order_groups=2048
elapsed=2.838456e+01 cycle=2276 time=1.671694e+01 dt=7.324219e-05
CARTOON_AMR_TRANSACTION cycle=2277 requested_refine=0 requested_derefine_leaves=128 accepted_derefine_parents=4 created_leaves=0 deleted_leaves=0 mirror_mismatches=0
elapsed=2.840433e+01 cycle=2277 time=1.671702e+01 dt=7.324219e-05
CARTOON_AMR_TRANSACTION cycle=2278 requested_refine=0 requested_derefine_leaves=128 accepted_derefine_parents=4 created_leaves=0 deleted_leaves=0 mirror_mismatches=0
elapsed=2.842376e+01 cycle=2278 time=1.671709e+01 dt=7.324219e-05
CARTOON_AMR_TRANSACTION cycle=2279 requested_refine=0 requested_derefine_leaves=128 accepted_derefine_parents=4 created_leaves=0 deleted_leaves=0 mirror_mismatches=0
elapsed=2.844326e+01 cycle=2279 time=1.671716e+01 dt=7.324219e-05
CARTOON_AMR_TRANSACTION cycle=2280 requested_refine=0 requested_derefine_leaves=128 accepted_derefine_parents=4 created_leaves=0 deleted_leaves=0 mirror_mismatches=0
elapsed=2.846563e+01 cycle=2280 time=1.671724e+01 dt=7.324219e-05
CARTOON_AMR_TRANSACTION cycle=2281 requested_refine=0 requested_derefine_leaves=128 accepted_derefine_parents=4 created_leaves=0 deleted_leaves=0 mirror_mismatches=0
elapsed=2.848529e+01 cycle=2281 time=1.671731e+01 dt=7.324219e-05
CARTOON_AMR_TRANSACTION cycle=2282 requested_refine=0 requested_derefine_leaves=128 accepted_derefine_parents=4 created_leaves=0 deleted_leaves=0 mirror_mismatches=0
elapsed=2.850505e+01 cycle=2282 time=1.671738e+01 dt=7.324219e-05
CARTOON_AMR_TRANSACTION cycle=2283 requested_refine=0 requested_derefine_leaves=128 accepted_derefine_parents=4 created_leaves=0 deleted_leaves=0 mirror_mismatches=0
elapsed=2.852451e+01 cycle=2283 time=1.671746e+01 dt=7.324219e-05
CARTOON_AMR_TRANSACTION cycle=2284 requested_refine=0 requested_derefine_leaves=128 accepted_derefine_parents=4 created_leaves=0 deleted_leaves=0 mirror_mismatches=0
elapsed=2.854738e+01 cycle=2284 time=1.671753e+01 dt=7.324219e-05
CARTOON_AMR_TRANSACTION cycle=2285 requested_refine=0 requested_derefine_leaves=128 accepted_derefine_parents=4 created_leaves=0 deleted_leaves=0 mirror_mismatches=0
elapsed=2.856691e+01 cycle=2285 time=1.671760e+01 dt=7.324219e-05
CARTOON_AMR_TRANSACTION cycle=2286 requested_refine=0 requested_derefine_leaves=128 accepted_derefine_parents=4 created_leaves=0 deleted_leaves=0 mirror_mismatches=0
elapsed=2.858625e+01 cycle=2286 time=1.671768e+01 dt=7.324219e-05
CARTOON_AMR_TRANSACTION cycle=2287 requested_refine=2 requested_derefine_leaves=128 accepted_derefine_parents=4 created_leaves=6 deleted_leaves=0 mirror_mismatches=0
AMR_Z4C_CHI_PROLONGATION cycle=2287 local_fallback_groups=0,0,0,0 global_fallback_groups=0 global_high_order_groups=2048
elapsed=2.861185e+01 cycle=2287 time=1.671775e+01 dt=7.324219e-05
CARTOON_AMR_TRANSACTION cycle=2288 requested_refine=0 requested_derefine_leaves=132 accepted_derefine_parents=4 created_leaves=0 deleted_leaves=0 mirror_mismatches=0
elapsed=2.863522e+01 cycle=2288 time=1.671782e+01 dt=7.324219e-05
CARTOON_AMR_TRANSACTION cycle=2289 requested_refine=0 requested_derefine_leaves=132 accepted_derefine_parents=4 created_leaves=0 deleted_leaves=0 mirror_mismatches=0
elapsed=2.865504e+01 cycle=2289 time=1.671790e+01 dt=7.324219e-05
CARTOON_AMR_TRANSACTION cycle=2290 requested_refine=4 requested_derefine_leaves=132 accepted_derefine_parents=4 created_leaves=12 deleted_leaves=0 mirror_mismatches=0
AMR_Z4C_CHI_PROLONGATION cycle=2290 local_fallback_groups=0,0,0,0 global_fallback_groups=0 global_high_order_groups=4096
elapsed=2.868293e+01 cycle=2290 time=1.671797e+01 dt=3.662109e-05
CARTOON_AMR_TRANSACTION cycle=2291 requested_refine=0 requested_derefine_leaves=140 accepted_derefine_parents=4 created_leaves=0 deleted_leaves=0 mirror_mismatches=0
elapsed=2.870309e+01 cycle=2291 time=1.671801e+01 dt=3.662109e-05
CARTOON_AMR_TRANSACTION cycle=2292 requested_refine=0 requested_derefine_leaves=140 accepted_derefine_parents=4 created_leaves=0 deleted_leaves=0 mirror_mismatches=0
elapsed=2.872685e+01 cycle=2292 time=1.671804e+01 dt=3.662109e-05
CARTOON_AMR_TRANSACTION cycle=2293 requested_refine=2 requested_derefine_leaves=140 accepted_derefine_parents=4 created_leaves=6 deleted_leaves=0 mirror_mismatches=0
AMR_Z4C_CHI_PROLONGATION cycle=2293 local_fallback_groups=0,0,0,0 global_fallback_groups=0 global_high_order_groups=2048
elapsed=2.875530e+01 cycle=2293 time=1.671808e+01 dt=3.662109e-05
CARTOON_AMR_TRANSACTION cycle=2294 requested_refine=0 requested_derefine_leaves=144 accepted_derefine_parents=4 created_leaves=0 deleted_leaves=0 mirror_mismatches=0
elapsed=2.877607e+01 cycle=2294 time=1.671812e+01 dt=3.662109e-05
CARTOON_AMR_TRANSACTION cycle=2295 requested_refine=0 requested_derefine_leaves=144 accepted_derefine_parents=4 created_leaves=0 deleted_leaves=0 mirror_mismatches=0
elapsed=2.879638e+01 cycle=2295 time=1.671815e+01 dt=3.662109e-05
CARTOON_AMR_TRANSACTION cycle=2296 requested_refine=0 requested_derefine_leaves=144 accepted_derefine_parents=4 created_leaves=0 deleted_leaves=0 mirror_mismatches=0
elapsed=2.882012e+01 cycle=2296 time=1.671819e+01 dt=3.662109e-05
CARTOON_AMR_TRANSACTION cycle=2297 requested_refine=0 requested_derefine_leaves=144 accepted_derefine_parents=4 created_leaves=0 deleted_leaves=0 mirror_mismatches=0
elapsed=2.884063e+01 cycle=2297 time=1.671823e+01 dt=3.662109e-05
CARTOON_AMR_TRANSACTION cycle=2298 requested_refine=0 requested_derefine_leaves=144 accepted_derefine_parents=4 created_leaves=0 deleted_leaves=0 mirror_mismatches=0
elapsed=2.886079e+01 cycle=2298 time=1.671826e+01 dt=3.662109e-05
CARTOON_AMR_TRANSACTION cycle=2299 requested_refine=0 requested_derefine_leaves=148 accepted_derefine_parents=6 created_leaves=0 deleted_leaves=6 mirror_mismatches=0
elapsed=2.888871e+01 cycle=2299 time=1.671830e+01 dt=3.662109e-05
CARTOON_AMR_TRANSACTION cycle=2300 requested_refine=0 requested_derefine_leaves=144 accepted_derefine_parents=6 created_leaves=0 deleted_leaves=6 mirror_mismatches=0
elapsed=2.891907e+01 cycle=2300 time=1.671833e+01 dt=3.662109e-05
CARTOON_AMR_TRANSACTION cycle=2301 requested_refine=0 requested_derefine_leaves=136 accepted_derefine_parents=4 created_leaves=0 deleted_leaves=0 mirror_mismatches=0
elapsed=2.893936e+01 cycle=2301 time=1.671837e+01 dt=3.662109e-05
CARTOON_AMR_TRANSACTION cycle=2302 requested_refine=0 requested_derefine_leaves=138 accepted_derefine_parents=4 created_leaves=0 deleted_leaves=0 mirror_mismatches=0
elapsed=2.895953e+01 cycle=2302 time=1.671841e+01 dt=3.662109e-05
CARTOON_AMR_TRANSACTION cycle=2303 requested_refine=0 requested_derefine_leaves=138 accepted_derefine_parents=4 created_leaves=0 deleted_leaves=0 mirror_mismatches=0
elapsed=2.897935e+01 cycle=2303 time=1.671844e+01 dt=3.662109e-05
CARTOON_AMR_TRANSACTION cycle=2304 requested_refine=0 requested_derefine_leaves=136 accepted_derefine_parents=4 created_leaves=0 deleted_leaves=0 mirror_mismatches=0
elapsed=2.932023e+01 cycle=2304 time=1.671848e+01 dt=3.662109e-05
CARTOON_AMR_TRANSACTION cycle=2305 requested_refine=2 requested_derefine_leaves=136 accepted_derefine_parents=4 created_leaves=6 deleted_leaves=0 mirror_mismatches=0
AMR_Z4C_CHI_PROLONGATION cycle=2305 local_fallback_groups=0,0,0,0 global_fallback_groups=0 global_high_order_groups=2048
elapsed=2.934818e+01 cycle=2305 time=1.671852e+01 dt=3.662109e-05
CARTOON_AMR_TRANSACTION cycle=2306 requested_refine=0 requested_derefine_leaves=138 accepted_derefine_parents=4 created_leaves=0 deleted_leaves=0 mirror_mismatches=0
elapsed=2.936889e+01 cycle=2306 time=1.671855e+01 dt=3.662109e-05
CARTOON_AMR_TRANSACTION cycle=2307 requested_refine=0 requested_derefine_leaves=138 accepted_derefine_parents=4 created_leaves=0 deleted_leaves=0 mirror_mismatches=0
elapsed=2.938929e+01 cycle=2307 time=1.671859e+01 dt=3.662109e-05
CARTOON_AMR_TRANSACTION cycle=2308 requested_refine=0 requested_derefine_leaves=140 accepted_derefine_parents=4 created_leaves=0 deleted_leaves=0 mirror_mismatches=0
elapsed=2.941311e+01 cycle=2308 time=1.671863e+01 dt=3.662109e-05
CARTOON_AMR_TRANSACTION cycle=2309 requested_refine=0 requested_derefine_leaves=142 accepted_derefine_parents=6 created_leaves=0 deleted_leaves=6 mirror_mismatches=0
elapsed=2.943969e+01 cycle=2309 time=1.671866e+01 dt=3.662109e-05
CARTOON_AMR_TRANSACTION cycle=2310 requested_refine=0 requested_derefine_leaves=134 accepted_derefine_parents=4 created_leaves=0 deleted_leaves=0 mirror_mismatches=0
elapsed=2.945949e+01 cycle=2310 time=1.671870e+01 dt=3.662109e-05
CARTOON_AMR_TRANSACTION cycle=2311 requested_refine=0 requested_derefine_leaves=134 accepted_derefine_parents=4 created_leaves=0 deleted_leaves=0 mirror_mismatches=0
elapsed=2.947924e+01 cycle=2311 time=1.671874e+01 dt=3.662109e-05
CARTOON_AMR_TRANSACTION cycle=2312 requested_refine=0 requested_derefine_leaves=136 accepted_derefine_parents=4 created_leaves=0 deleted_leaves=0 mirror_mismatches=0
elapsed=2.950283e+01 cycle=2312 time=1.671877e+01 dt=3.662109e-05
CARTOON_AMR_TRANSACTION cycle=2313 requested_refine=0 requested_derefine_leaves=136 accepted_derefine_parents=4 created_leaves=0 deleted_leaves=0 mirror_mismatches=0
elapsed=2.952318e+01 cycle=2313 time=1.671881e+01 dt=3.662109e-05
CARTOON_AMR_TRANSACTION cycle=2314 requested_refine=0 requested_derefine_leaves=136 accepted_derefine_parents=4 created_leaves=0 deleted_leaves=0 mirror_mismatches=0
elapsed=2.954313e+01 cycle=2314 time=1.671885e+01 dt=3.662109e-05
CARTOON_AMR_TRANSACTION cycle=2315 requested_refine=0 requested_derefine_leaves=136 accepted_derefine_parents=4 created_leaves=0 deleted_leaves=0 mirror_mismatches=0
elapsed=2.956317e+01 cycle=2315 time=1.671888e+01 dt=3.662109e-05
CARTOON_AMR_TRANSACTION cycle=2316 requested_refine=0 requested_derefine_leaves=138 accepted_derefine_parents=6 created_leaves=0 deleted_leaves=6 mirror_mismatches=0
elapsed=2.959351e+01 cycle=2316 time=1.671892e+01 dt=7.324219e-05
CARTOON_AMR_TRANSACTION cycle=2317 requested_refine=2 requested_derefine_leaves=130 accepted_derefine_parents=4 created_leaves=6 deleted_leaves=0 mirror_mismatches=0
AMR_Z4C_CHI_PROLONGATION cycle=2317 local_fallback_groups=0,0,0,0 global_fallback_groups=0 global_high_order_groups=2048
elapsed=2.962095e+01 cycle=2317 time=1.671899e+01 dt=7.324219e-05
CARTOON_AMR_TRANSACTION cycle=2318 requested_refine=0 requested_derefine_leaves=134 accepted_derefine_parents=4 created_leaves=0 deleted_leaves=0 mirror_mismatches=0
elapsed=2.964091e+01 cycle=2318 time=1.671907e+01 dt=7.324219e-05
CARTOON_AMR_TRANSACTION cycle=2319 requested_refine=0 requested_derefine_leaves=134 accepted_derefine_parents=4 created_leaves=0 deleted_leaves=0 mirror_mismatches=0
elapsed=2.966073e+01 cycle=2319 time=1.671914e+01 dt=7.324219e-05
CARTOON_AMR_TRANSACTION cycle=2320 requested_refine=0 requested_derefine_leaves=136 accepted_derefine_parents=4 created_leaves=0 deleted_leaves=0 mirror_mismatches=0
elapsed=2.968369e+01 cycle=2320 time=1.671921e+01 dt=7.324219e-05
CARTOON_AMR_TRANSACTION cycle=2321 requested_refine=0 requested_derefine_leaves=134 accepted_derefine_parents=4 created_leaves=0 deleted_leaves=0 mirror_mismatches=0
elapsed=2.970325e+01 cycle=2321 time=1.671929e+01 dt=7.324219e-05
CARTOON_AMR_TRANSACTION cycle=2322 requested_refine=2 requested_derefine_leaves=134 accepted_derefine_parents=4 created_leaves=6 deleted_leaves=0 mirror_mismatches=0
AMR_Z4C_CHI_PROLONGATION cycle=2322 local_fallback_groups=0,0,0,0 global_fallback_groups=0 global_high_order_groups=2048
elapsed=2.973003e+01 cycle=2322 time=1.671936e+01 dt=3.662109e-05
CARTOON_AMR_TRANSACTION cycle=2323 requested_refine=0 requested_derefine_leaves=138 accepted_derefine_parents=4 created_leaves=0 deleted_leaves=0 mirror_mismatches=0
elapsed=2.975037e+01 cycle=2323 time=1.671940e+01 dt=3.662109e-05
CARTOON_AMR_TRANSACTION cycle=2324 requested_refine=0 requested_derefine_leaves=138 accepted_derefine_parents=4 created_leaves=0 deleted_leaves=0 mirror_mismatches=0
elapsed=2.977400e+01 cycle=2324 time=1.671943e+01 dt=3.662109e-05
CARTOON_AMR_TRANSACTION cycle=2325 requested_refine=0 requested_derefine_leaves=138 accepted_derefine_parents=4 created_leaves=0 deleted_leaves=0 mirror_mismatches=0
elapsed=2.979420e+01 cycle=2325 time=1.671947e+01 dt=3.662109e-05
CARTOON_AMR_TRANSACTION cycle=2326 requested_refine=0 requested_derefine_leaves=138 accepted_derefine_parents=4 created_leaves=0 deleted_leaves=0 mirror_mismatches=0
elapsed=2.981406e+01 cycle=2326 time=1.671951e+01 dt=3.662109e-05
CARTOON_AMR_TRANSACTION cycle=2327 requested_refine=0 requested_derefine_leaves=138 accepted_derefine_parents=4 created_leaves=0 deleted_leaves=0 mirror_mismatches=0
elapsed=2.983417e+01 cycle=2327 time=1.671954e+01 dt=3.662109e-05
CARTOON_AMR_TRANSACTION cycle=2328 requested_refine=0 requested_derefine_leaves=140 accepted_derefine_parents=4 created_leaves=0 deleted_leaves=0 mirror_mismatches=0
elapsed=2.985752e+01 cycle=2328 time=1.671958e+01 dt=3.662109e-05
CARTOON_AMR_TRANSACTION cycle=2329 requested_refine=0 requested_derefine_leaves=138 accepted_derefine_parents=4 created_leaves=0 deleted_leaves=0 mirror_mismatches=0
elapsed=2.987780e+01 cycle=2329 time=1.671962e+01 dt=3.662109e-05
CARTOON_AMR_TRANSACTION cycle=2330 requested_refine=0 requested_derefine_leaves=138 accepted_derefine_parents=4 created_leaves=0 deleted_leaves=0 mirror_mismatches=0
elapsed=2.989785e+01 cycle=2330 time=1.671965e+01 dt=3.662109e-05
CARTOON_AMR_TRANSACTION cycle=2331 requested_refine=4 requested_derefine_leaves=138 accepted_derefine_parents=4 created_leaves=12 deleted_leaves=0 mirror_mismatches=0
AMR_Z4C_CHI_PROLONGATION cycle=2331 local_fallback_groups=0,0,0,0 global_fallback_groups=0 global_high_order_groups=4096
elapsed=2.992622e+01 cycle=2331 time=1.671969e+01 dt=3.662109e-05
CARTOON_AMR_TRANSACTION cycle=2332 requested_refine=0 requested_derefine_leaves=148 accepted_derefine_parents=6 created_leaves=0 deleted_leaves=6 mirror_mismatches=0
elapsed=2.995791e+01 cycle=2332 time=1.671973e+01 dt=3.662109e-05
CARTOON_AMR_TRANSACTION cycle=2333 requested_refine=0 requested_derefine_leaves=140 accepted_derefine_parents=4 created_leaves=0 deleted_leaves=0 mirror_mismatches=0
elapsed=2.997877e+01 cycle=2333 time=1.671976e+01 dt=3.662109e-05
CARTOON_AMR_TRANSACTION cycle=2334 requested_refine=2 requested_derefine_leaves=140 accepted_derefine_parents=4 created_leaves=6 deleted_leaves=0 mirror_mismatches=0
AMR_Z4C_CHI_PROLONGATION cycle=2334 local_fallback_groups=0,0,0,0 global_fallback_groups=0 global_high_order_groups=2048
elapsed=3.000752e+01 cycle=2334 time=1.671980e+01 dt=3.662109e-05
CARTOON_AMR_TRANSACTION cycle=2335 requested_refine=0 requested_derefine_leaves=144 accepted_derefine_parents=4 created_leaves=0 deleted_leaves=0 mirror_mismatches=0
elapsed=3.002956e+01 cycle=2335 time=1.671984e+01 dt=3.662109e-05
CARTOON_AMR_TRANSACTION cycle=2336 requested_refine=0 requested_derefine_leaves=144 accepted_derefine_parents=4 created_leaves=0 deleted_leaves=0 mirror_mismatches=0
elapsed=3.005487e+01 cycle=2336 time=1.671987e+01 dt=3.662109e-05
CARTOON_AMR_TRANSACTION cycle=2337 requested_refine=2 requested_derefine_leaves=144 accepted_derefine_parents=4 created_leaves=6 deleted_leaves=0 mirror_mismatches=0
AMR_Z4C_CHI_PROLONGATION cycle=2337 local_fallback_groups=0,0,0,0 global_fallback_groups=0 global_high_order_groups=2048
elapsed=3.008440e+01 cycle=2337 time=1.671991e+01 dt=3.662109e-05
CARTOON_AMR_TRANSACTION cycle=2338 requested_refine=0 requested_derefine_leaves=148 accepted_derefine_parents=4 created_leaves=0 deleted_leaves=0 mirror_mismatches=0
elapsed=3.010572e+01 cycle=2338 time=1.671995e+01 dt=3.662109e-05
CARTOON_AMR_TRANSACTION cycle=2339 requested_refine=0 requested_derefine_leaves=148 accepted_derefine_parents=4 created_leaves=0 deleted_leaves=0 mirror_mismatches=0
elapsed=3.012683e+01 cycle=2339 time=1.671998e+01 dt=3.662109e-05
CARTOON_AMR_TRANSACTION cycle=2340 requested_refine=0 requested_derefine_leaves=148 accepted_derefine_parents=4 created_leaves=0 deleted_leaves=0 mirror_mismatches=0
elapsed=3.015124e+01 cycle=2340 time=1.672002e+01 dt=3.662109e-05
CARTOON_AMR_TRANSACTION cycle=2341 requested_refine=0 requested_derefine_leaves=148 accepted_derefine_parents=4 created_leaves=0 deleted_leaves=0 mirror_mismatches=0
elapsed=3.017254e+01 cycle=2341 time=1.672006e+01 dt=3.662109e-05
CARTOON_AMR_TRANSACTION cycle=2342 requested_refine=0 requested_derefine_leaves=148 accepted_derefine_parents=4 created_leaves=0 deleted_leaves=0 mirror_mismatches=0
elapsed=3.019356e+01 cycle=2342 time=1.672009e+01 dt=3.662109e-05
CARTOON_AMR_TRANSACTION cycle=2343 requested_refine=0 requested_derefine_leaves=148 accepted_derefine_parents=4 created_leaves=0 deleted_leaves=0 mirror_mismatches=0
elapsed=3.021461e+01 cycle=2343 time=1.672013e+01 dt=3.662109e-05
CARTOON_AMR_TRANSACTION cycle=2344 requested_refine=0 requested_derefine_leaves=148 accepted_derefine_parents=4 created_leaves=0 deleted_leaves=0 mirror_mismatches=0
elapsed=3.023928e+01 cycle=2344 time=1.672017e+01 dt=3.662109e-05
CARTOON_AMR_TRANSACTION cycle=2345 requested_refine=0 requested_derefine_leaves=148 accepted_derefine_parents=4 created_leaves=0 deleted_leaves=0 mirror_mismatches=0
elapsed=3.026048e+01 cycle=2345 time=1.672020e+01 dt=3.662109e-05
CARTOON_AMR_TRANSACTION cycle=2346 requested_refine=0 requested_derefine_leaves=148 accepted_derefine_parents=4 created_leaves=0 deleted_leaves=0 mirror_mismatches=0
elapsed=3.028166e+01 cycle=2346 time=1.672024e+01 dt=3.662109e-05
CARTOON_AMR_TRANSACTION cycle=2347 requested_refine=2 requested_derefine_leaves=148 accepted_derefine_parents=4 created_leaves=6 deleted_leaves=0 mirror_mismatches=0
AMR_Z4C_CHI_PROLONGATION cycle=2347 local_fallback_groups=0,0,0,0 global_fallback_groups=0 global_high_order_groups=2048
elapsed=3.030940e+01 cycle=2347 time=1.672028e+01 dt=3.662109e-05
CARTOON_AMR_TRANSACTION cycle=2348 requested_refine=8 requested_derefine_leaves=152 accepted_derefine_parents=4 created_leaves=24 deleted_leaves=0 mirror_mismatches=0
AMR_Z4C_CHI_PROLONGATION cycle=2348 local_fallback_groups=0,0,0,0 global_fallback_groups=0 global_high_order_groups=8192
elapsed=3.034460e+01 cycle=2348 time=1.672031e+01 dt=1.831055e-05
CARTOON_AMR_TRANSACTION cycle=2349 requested_refine=0 requested_derefine_leaves=168 accepted_derefine_parents=4 created_leaves=0 deleted_leaves=0 mirror_mismatches=0
elapsed=3.036835e+01 cycle=2349 time=1.672033e+01 dt=1.831055e-05
CARTOON_AMR_TRANSACTION cycle=2350 requested_refine=0 requested_derefine_leaves=168 accepted_derefine_parents=4 created_leaves=0 deleted_leaves=0 mirror_mismatches=0
elapsed=3.039168e+01 cycle=2350 time=1.672035e+01 dt=1.831055e-05
CARTOON_AMR_TRANSACTION cycle=2351 requested_refine=0 requested_derefine_leaves=168 accepted_derefine_parents=4 created_leaves=0 deleted_leaves=0 mirror_mismatches=0
elapsed=3.041518e+01 cycle=2351 time=1.672037e+01 dt=1.831055e-05
CARTOON_AMR_TRANSACTION cycle=2352 requested_refine=0 requested_derefine_leaves=168 accepted_derefine_parents=4 created_leaves=0 deleted_leaves=0 mirror_mismatches=0
elapsed=3.044217e+01 cycle=2352 time=1.672039e+01 dt=1.831055e-05
CARTOON_AMR_TRANSACTION cycle=2353 requested_refine=4 requested_derefine_leaves=168 accepted_derefine_parents=4 created_leaves=12 deleted_leaves=0 mirror_mismatches=0
AMR_Z4C_CHI_PROLONGATION cycle=2353 local_fallback_groups=0,0,0,0 global_fallback_groups=0 global_high_order_groups=4096
elapsed=3.047365e+01 cycle=2353 time=1.672040e+01 dt=1.831055e-05
CARTOON_AMR_TRANSACTION cycle=2354 requested_refine=0 requested_derefine_leaves=178 accepted_derefine_parents=4 created_leaves=0 deleted_leaves=0 mirror_mismatches=0
elapsed=3.049719e+01 cycle=2354 time=1.672042e+01 dt=1.831055e-05
CARTOON_AMR_TRANSACTION cycle=2355 requested_refine=0 requested_derefine_leaves=178 accepted_derefine_parents=4 created_leaves=0 deleted_leaves=0 mirror_mismatches=0
elapsed=3.052074e+01 cycle=2355 time=1.672044e+01 dt=1.831055e-05
CARTOON_AMR_TRANSACTION cycle=2356 requested_refine=2 requested_derefine_leaves=178 accepted_derefine_parents=4 created_leaves=6 deleted_leaves=0 mirror_mismatches=0
AMR_Z4C_CHI_PROLONGATION cycle=2356 local_fallback_groups=0,0,0,0 global_fallback_groups=0 global_high_order_groups=2048
elapsed=3.055683e+01 cycle=2356 time=1.672046e+01 dt=1.831055e-05
CARTOON_AMR_TRANSACTION cycle=2357 requested_refine=2 requested_derefine_leaves=182 accepted_derefine_parents=4 created_leaves=6 deleted_leaves=0 mirror_mismatches=0
AMR_Z4C_CHI_PROLONGATION cycle=2357 local_fallback_groups=0,0,0,0 global_fallback_groups=0 global_high_order_groups=2048
elapsed=3.058918e+01 cycle=2357 time=1.672048e+01 dt=1.831055e-05
CARTOON_AMR_TRANSACTION cycle=2358 requested_refine=4 requested_derefine_leaves=188 accepted_derefine_parents=4 created_leaves=12 deleted_leaves=0 mirror_mismatches=0
AMR_Z4C_CHI_PROLONGATION cycle=2358 local_fallback_groups=0,0,0,0 global_fallback_groups=0 global_high_order_groups=4096
elapsed=3.062250e+01 cycle=2358 time=1.672050e+01 dt=1.831055e-05
CARTOON_AMR_TRANSACTION cycle=2359 requested_refine=0 requested_derefine_leaves=196 accepted_derefine_parents=4 created_leaves=0 deleted_leaves=0 mirror_mismatches=0
elapsed=3.064755e+01 cycle=2359 time=1.672051e+01 dt=1.831055e-05
CARTOON_AMR_TRANSACTION cycle=2360 requested_refine=2 requested_derefine_leaves=196 accepted_derefine_parents=4 created_leaves=6 deleted_leaves=0 mirror_mismatches=0
AMR_Z4C_CHI_PROLONGATION cycle=2360 local_fallback_groups=0,0,0,0 global_fallback_groups=0 global_high_order_groups=2048
elapsed=3.068450e+01 cycle=2360 time=1.672053e+01 dt=1.831055e-05
CARTOON_AMR_TRANSACTION cycle=2361 requested_refine=0 requested_derefine_leaves=200 accepted_derefine_parents=4 created_leaves=0 deleted_leaves=0 mirror_mismatches=0
elapsed=3.070944e+01 cycle=2361 time=1.672055e+01 dt=1.831055e-05
CARTOON_AMR_TRANSACTION cycle=2362 requested_refine=0 requested_derefine_leaves=200 accepted_derefine_parents=4 created_leaves=0 deleted_leaves=0 mirror_mismatches=0
elapsed=3.073451e+01 cycle=2362 time=1.672057e+01 dt=1.831055e-05
CARTOON_AMR_TRANSACTION cycle=2363 requested_refine=0 requested_derefine_leaves=200 accepted_derefine_parents=4 created_leaves=0 deleted_leaves=0 mirror_mismatches=0
elapsed=3.075891e+01 cycle=2363 time=1.672059e+01 dt=1.831055e-05
CARTOON_AMR_TRANSACTION cycle=2364 requested_refine=0 requested_derefine_leaves=200 accepted_derefine_parents=4 created_leaves=0 deleted_leaves=0 mirror_mismatches=0
elapsed=3.078736e+01 cycle=2364 time=1.672061e+01 dt=1.831055e-05
CARTOON_AMR_TRANSACTION cycle=2365 requested_refine=0 requested_derefine_leaves=200 accepted_derefine_parents=4 created_leaves=0 deleted_leaves=0 mirror_mismatches=0
elapsed=3.081202e+01 cycle=2365 time=1.672062e+01 dt=1.831055e-05
CARTOON_AMR_TRANSACTION cycle=2366 requested_refine=0 requested_derefine_leaves=200 accepted_derefine_parents=4 created_leaves=0 deleted_leaves=0 mirror_mismatches=0
elapsed=3.083653e+01 cycle=2366 time=1.672064e+01 dt=1.831055e-05
CARTOON_AMR_TRANSACTION cycle=2367 requested_refine=0 requested_derefine_leaves=200 accepted_derefine_parents=4 created_leaves=0 deleted_leaves=0 mirror_mismatches=0
elapsed=3.086114e+01 cycle=2367 time=1.672066e+01 dt=1.831055e-05
CARTOON_AMR_TRANSACTION cycle=2368 requested_refine=0 requested_derefine_leaves=200 accepted_derefine_parents=4 created_leaves=0 deleted_leaves=0 mirror_mismatches=0
elapsed=3.116604e+01 cycle=2368 time=1.672068e+01 dt=1.831055e-05
CARTOON_AMR_TRANSACTION cycle=2369 requested_refine=0 requested_derefine_leaves=200 accepted_derefine_parents=4 created_leaves=0 deleted_leaves=0 mirror_mismatches=0
elapsed=3.119106e+01 cycle=2369 time=1.672070e+01 dt=1.831055e-05
CARTOON_AMR_TRANSACTION cycle=2370 requested_refine=0 requested_derefine_leaves=198 accepted_derefine_parents=4 created_leaves=0 deleted_leaves=0 mirror_mismatches=0
elapsed=3.121627e+01 cycle=2370 time=1.672072e+01 dt=1.831055e-05
CARTOON_AMR_TRANSACTION cycle=2371 requested_refine=0 requested_derefine_leaves=198 accepted_derefine_parents=4 created_leaves=0 deleted_leaves=0 mirror_mismatches=0
elapsed=3.124074e+01 cycle=2371 time=1.672073e+01 dt=1.831055e-05
CARTOON_AMR_TRANSACTION cycle=2372 requested_refine=0 requested_derefine_leaves=198 accepted_derefine_parents=4 created_leaves=0 deleted_leaves=0 mirror_mismatches=0
elapsed=3.126887e+01 cycle=2372 time=1.672075e+01 dt=1.831055e-05
CARTOON_AMR_TRANSACTION cycle=2373 requested_refine=0 requested_derefine_leaves=198 accepted_derefine_parents=4 created_leaves=0 deleted_leaves=0 mirror_mismatches=0
elapsed=3.129373e+01 cycle=2373 time=1.672077e+01 dt=1.831055e-05
CARTOON_AMR_TRANSACTION cycle=2374 requested_refine=0 requested_derefine_leaves=198 accepted_derefine_parents=4 created_leaves=0 deleted_leaves=0 mirror_mismatches=0
elapsed=3.131806e+01 cycle=2374 time=1.672079e+01 dt=1.831055e-05
CARTOON_AMR_TRANSACTION cycle=2375 requested_refine=0 requested_derefine_leaves=202 accepted_derefine_parents=4 created_leaves=0 deleted_leaves=0 mirror_mismatches=0
elapsed=3.134254e+01 cycle=2375 time=1.672081e+01 dt=1.831055e-05
CARTOON_AMR_TRANSACTION cycle=2376 requested_refine=0 requested_derefine_leaves=212 accepted_derefine_parents=10 created_leaves=0 deleted_leaves=18 mirror_mismatches=0
elapsed=3.137979e+01 cycle=2376 time=1.672083e+01 dt=1.831055e-05
CARTOON_AMR_TRANSACTION cycle=2377 requested_refine=0 requested_derefine_leaves=192 accepted_derefine_parents=6 created_leaves=0 deleted_leaves=6 mirror_mismatches=0
elapsed=3.141242e+01 cycle=2377 time=1.672084e+01 dt=1.831055e-05
CARTOON_AMR_TRANSACTION cycle=2378 requested_refine=0 requested_derefine_leaves=186 accepted_derefine_parents=6 created_leaves=0 deleted_leaves=6 mirror_mismatches=0
elapsed=3.144340e+01 cycle=2378 time=1.672086e+01 dt=1.831055e-05
CARTOON_AMR_TRANSACTION cycle=2379 requested_refine=0 requested_derefine_leaves=178 accepted_derefine_parents=4 created_leaves=0 deleted_leaves=0 mirror_mismatches=0
elapsed=3.146783e+01 cycle=2379 time=1.672088e+01 dt=1.831055e-05
CARTOON_AMR_TRANSACTION cycle=2380 requested_refine=2 requested_derefine_leaves=180 accepted_derefine_parents=4 created_leaves=6 deleted_leaves=0 mirror_mismatches=0
AMR_Z4C_CHI_PROLONGATION cycle=2380 local_fallback_groups=0,0,0,0 global_fallback_groups=0 global_high_order_groups=2048
elapsed=3.150345e+01 cycle=2380 time=1.672090e+01 dt=1.831055e-05
CARTOON_AMR_TRANSACTION cycle=2381 requested_refine=0 requested_derefine_leaves=184 accepted_derefine_parents=4 created_leaves=0 deleted_leaves=0 mirror_mismatches=0
elapsed=3.152758e+01 cycle=2381 time=1.672092e+01 dt=1.831055e-05
CARTOON_AMR_TRANSACTION cycle=2382 requested_refine=2 requested_derefine_leaves=186 accepted_derefine_parents=6 created_leaves=6 deleted_leaves=6 mirror_mismatches=0
AMR_Z4C_CHI_PROLONGATION cycle=2382 local_fallback_groups=0,0,0,0 global_fallback_groups=0 global_high_order_groups=2048
elapsed=3.155850e+01 cycle=2382 time=1.672094e+01 dt=1.831055e-05
CARTOON_AMR_TRANSACTION cycle=2383 requested_refine=0 requested_derefine_leaves=182 accepted_derefine_parents=4 created_leaves=0 deleted_leaves=0 mirror_mismatches=0
elapsed=3.158262e+01 cycle=2383 time=1.672095e+01 dt=1.831055e-05
CARTOON_AMR_TRANSACTION cycle=2384 requested_refine=0 requested_derefine_leaves=180 accepted_derefine_parents=4 created_leaves=0 deleted_leaves=0 mirror_mismatches=0
elapsed=3.161019e+01 cycle=2384 time=1.672097e+01 dt=1.831055e-05
CARTOON_AMR_TRANSACTION cycle=2385 requested_refine=0 requested_derefine_leaves=180 accepted_derefine_parents=4 created_leaves=0 deleted_leaves=0 mirror_mismatches=0
elapsed=3.163394e+01 cycle=2385 time=1.672099e+01 dt=1.831055e-05
CARTOON_AMR_TRANSACTION cycle=2386 requested_refine=0 requested_derefine_leaves=180 accepted_derefine_parents=4 created_leaves=0 deleted_leaves=0 mirror_mismatches=0
elapsed=3.165749e+01 cycle=2386 time=1.672101e+01 dt=1.831055e-05
CARTOON_AMR_TRANSACTION cycle=2387 requested_refine=0 requested_derefine_leaves=180 accepted_derefine_parents=4 created_leaves=0 deleted_leaves=0 mirror_mismatches=0
elapsed=3.168114e+01 cycle=2387 time=1.672103e+01 dt=1.831055e-05
CARTOON_AMR_TRANSACTION cycle=2388 requested_refine=0 requested_derefine_leaves=180 accepted_derefine_parents=4 created_leaves=0 deleted_leaves=0 mirror_mismatches=0
elapsed=3.170842e+01 cycle=2388 time=1.672104e+01 dt=1.831055e-05
CARTOON_AMR_TRANSACTION cycle=2389 requested_refine=2 requested_derefine_leaves=184 accepted_derefine_parents=6 created_leaves=6 deleted_leaves=6 mirror_mismatches=0
AMR_Z4C_CHI_PROLONGATION cycle=2389 local_fallback_groups=0,0,0,0 global_fallback_groups=0 global_high_order_groups=2048
elapsed=3.173958e+01 cycle=2389 time=1.672106e+01 dt=1.831055e-05
CARTOON_AMR_TRANSACTION cycle=2390 requested_refine=2 requested_derefine_leaves=184 accepted_derefine_parents=6 created_leaves=6 deleted_leaves=6 mirror_mismatches=0
AMR_Z4C_CHI_PROLONGATION cycle=2390 local_fallback_groups=0,0,0,0 global_fallback_groups=0 global_high_order_groups=2048
elapsed=3.177081e+01 cycle=2390 time=1.672108e+01 dt=1.831055e-05
CARTOON_AMR_TRANSACTION cycle=2391 requested_refine=0 requested_derefine_leaves=182 accepted_derefine_parents=6 created_leaves=0 deleted_leaves=6 mirror_mismatches=0
elapsed=3.180128e+01 cycle=2391 time=1.672110e+01 dt=1.831055e-05
CARTOON_AMR_TRANSACTION cycle=2392 requested_refine=0 requested_derefine_leaves=174 accepted_derefine_parents=4 created_leaves=0 deleted_leaves=0 mirror_mismatches=0
elapsed=3.182867e+01 cycle=2392 time=1.672112e+01 dt=1.831055e-05
CARTOON_AMR_TRANSACTION cycle=2393 requested_refine=2 requested_derefine_leaves=174 accepted_derefine_parents=4 created_leaves=6 deleted_leaves=0 mirror_mismatches=0
AMR_Z4C_CHI_PROLONGATION cycle=2393 local_fallback_groups=0,0,0,0 global_fallback_groups=0 global_high_order_groups=2048
elapsed=3.185966e+01 cycle=2393 time=1.672114e+01 dt=1.831055e-05
CARTOON_AMR_TRANSACTION cycle=2394 requested_refine=0 requested_derefine_leaves=178 accepted_derefine_parents=4 created_leaves=0 deleted_leaves=0 mirror_mismatches=0
elapsed=3.188326e+01 cycle=2394 time=1.672115e+01 dt=1.831055e-05
CARTOON_AMR_TRANSACTION cycle=2395 requested_refine=0 requested_derefine_leaves=178 accepted_derefine_parents=4 created_leaves=0 deleted_leaves=0 mirror_mismatches=0
elapsed=3.190650e+01 cycle=2395 time=1.672117e+01 dt=1.831055e-05
CARTOON_AMR_TRANSACTION cycle=2396 requested_refine=0 requested_derefine_leaves=178 accepted_derefine_parents=4 created_leaves=0 deleted_leaves=0 mirror_mismatches=0
elapsed=3.193323e+01 cycle=2396 time=1.672119e+01 dt=1.831055e-05
CARTOON_AMR_TRANSACTION cycle=2397 requested_refine=0 requested_derefine_leaves=178 accepted_derefine_parents=4 created_leaves=0 deleted_leaves=0 mirror_mismatches=0
elapsed=3.195634e+01 cycle=2397 time=1.672121e+01 dt=1.831055e-05
CARTOON_AMR_TRANSACTION cycle=2398 requested_refine=0 requested_derefine_leaves=178 accepted_derefine_parents=4 created_leaves=0 deleted_leaves=0 mirror_mismatches=0
elapsed=3.197954e+01 cycle=2398 time=1.672123e+01 dt=1.831055e-05
CARTOON_AMR_TRANSACTION cycle=2399 requested_refine=0 requested_derefine_leaves=178 accepted_derefine_parents=4 created_leaves=0 deleted_leaves=0 mirror_mismatches=0
elapsed=3.200264e+01 cycle=2399 time=1.672125e+01 dt=1.831055e-05
CARTOON_AMR_TRANSACTION cycle=2400 requested_refine=0 requested_derefine_leaves=178 accepted_derefine_parents=4 created_leaves=0 deleted_leaves=0 mirror_mismatches=0
elapsed=3.202942e+01 cycle=2400 time=1.672126e+01 dt=1.831055e-05
CARTOON_AMR_TRANSACTION cycle=2401 requested_refine=4 requested_derefine_leaves=178 accepted_derefine_parents=4 created_leaves=12 deleted_leaves=0 mirror_mismatches=0
AMR_Z4C_CHI_PROLONGATION cycle=2401 local_fallback_groups=0,0,0,0 global_fallback_groups=0 global_high_order_groups=4096
elapsed=3.206166e+01 cycle=2401 time=1.672128e+01 dt=1.831055e-05
CARTOON_AMR_TRANSACTION cycle=2402 requested_refine=4 requested_derefine_leaves=186 accepted_derefine_parents=4 created_leaves=12 deleted_leaves=0 mirror_mismatches=0
AMR_Z4C_CHI_PROLONGATION cycle=2402 local_fallback_groups=0,0,0,0 global_fallback_groups=0 global_high_order_groups=4096
elapsed=3.209362e+01 cycle=2402 time=1.672130e+01 dt=1.831055e-05
CARTOON_AMR_TRANSACTION cycle=2403 requested_refine=2 requested_derefine_leaves=194 accepted_derefine_parents=4 created_leaves=6 deleted_leaves=0 mirror_mismatches=0
AMR_Z4C_CHI_PROLONGATION cycle=2403 local_fallback_groups=0,0,0,0 global_fallback_groups=0 global_high_order_groups=2048
elapsed=3.212754e+01 cycle=2403 time=1.672132e+01 dt=1.831055e-05
CARTOON_AMR_TRANSACTION cycle=2404 requested_refine=0 requested_derefine_leaves=202 accepted_derefine_parents=4 created_leaves=0 deleted_leaves=0 mirror_mismatches=0
elapsed=3.215638e+01 cycle=2404 time=1.672134e+01 dt=1.831055e-05
CARTOON_AMR_TRANSACTION cycle=2405 requested_refine=0 requested_derefine_leaves=202 accepted_derefine_parents=4 created_leaves=0 deleted_leaves=0 mirror_mismatches=0
elapsed=3.218190e+01 cycle=2405 time=1.672136e+01 dt=1.831055e-05
CARTOON_AMR_TRANSACTION cycle=2406 requested_refine=0 requested_derefine_leaves=206 accepted_derefine_parents=6 created_leaves=0 deleted_leaves=6 mirror_mismatches=0
elapsed=3.221505e+01 cycle=2406 time=1.672137e+01 dt=1.831055e-05
CARTOON_AMR_TRANSACTION cycle=2407 requested_refine=0 requested_derefine_leaves=198 accepted_derefine_parents=4 created_leaves=0 deleted_leaves=0 mirror_mismatches=0
elapsed=3.224095e+01 cycle=2407 time=1.672139e+01 dt=1.831055e-05
CARTOON_AMR_TRANSACTION cycle=2408 requested_refine=0 requested_derefine_leaves=200 accepted_derefine_parents=6 created_leaves=0 deleted_leaves=6 mirror_mismatches=0
elapsed=3.227750e+01 cycle=2408 time=1.672141e+01 dt=1.831055e-05
CARTOON_AMR_TRANSACTION cycle=2409 requested_refine=8 requested_derefine_leaves=192 accepted_derefine_parents=4 created_leaves=24 deleted_leaves=0 mirror_mismatches=0
AMR_Z4C_CHI_PROLONGATION cycle=2409 local_fallback_groups=0,0,0,0 global_fallback_groups=0 global_high_order_groups=8192
elapsed=3.231409e+01 cycle=2409 time=1.672143e+01 dt=9.155273e-06
CARTOON_AMR_TRANSACTION cycle=2410 requested_refine=0 requested_derefine_leaves=208 accepted_derefine_parents=4 created_leaves=0 deleted_leaves=0 mirror_mismatches=0
elapsed=3.234099e+01 cycle=2410 time=1.672144e+01 dt=9.155273e-06
CARTOON_AMR_TRANSACTION cycle=2411 requested_refine=4 requested_derefine_leaves=210 accepted_derefine_parents=6 created_leaves=12 deleted_leaves=6 mirror_mismatches=0
AMR_Z4C_CHI_PROLONGATION cycle=2411 local_fallback_groups=0,0,0,0 global_fallback_groups=0 global_high_order_groups=4096
elapsed=3.237739e+01 cycle=2411 time=1.672145e+01 dt=9.155273e-06
CARTOON_AMR_TRANSACTION cycle=2412 requested_refine=2 requested_derefine_leaves=210 accepted_derefine_parents=4 created_leaves=6 deleted_leaves=0 mirror_mismatches=0
AMR_Z4C_CHI_PROLONGATION cycle=2412 local_fallback_groups=0,0,0,0 global_fallback_groups=0 global_high_order_groups=2048
elapsed=3.241658e+01 cycle=2412 time=1.672146e+01 dt=9.155273e-06
CARTOON_AMR_TRANSACTION cycle=2413 requested_refine=2 requested_derefine_leaves=216 accepted_derefine_parents=4 created_leaves=6 deleted_leaves=0 mirror_mismatches=0
AMR_Z4C_CHI_PROLONGATION cycle=2413 local_fallback_groups=0,0,0,0 global_fallback_groups=0 global_high_order_groups=2048
elapsed=3.245161e+01 cycle=2413 time=1.672147e+01 dt=9.155273e-06
CARTOON_AMR_TRANSACTION cycle=2414 requested_refine=0 requested_derefine_leaves=222 accepted_derefine_parents=4 created_leaves=0 deleted_leaves=0 mirror_mismatches=0
elapsed=3.247955e+01 cycle=2414 time=1.672148e+01 dt=9.155273e-06
CARTOON_AMR_TRANSACTION cycle=2415 requested_refine=4 requested_derefine_leaves=220 accepted_derefine_parents=4 created_leaves=12 deleted_leaves=0 mirror_mismatches=0
AMR_Z4C_CHI_PROLONGATION cycle=2415 local_fallback_groups=0,0,0,0 global_fallback_groups=0 global_high_order_groups=4096
elapsed=3.251673e+01 cycle=2415 time=1.672148e+01 dt=9.155273e-06
CARTOON_AMR_TRANSACTION cycle=2416 requested_refine=0 requested_derefine_leaves=230 accepted_derefine_parents=6 created_leaves=0 deleted_leaves=6 mirror_mismatches=0
elapsed=3.255690e+01 cycle=2416 time=1.672149e+01 dt=9.155273e-06
CARTOON_AMR_TRANSACTION cycle=2417 requested_refine=2 requested_derefine_leaves=222 accepted_derefine_parents=4 created_leaves=6 deleted_leaves=0 mirror_mismatches=0
AMR_Z4C_CHI_PROLONGATION cycle=2417 local_fallback_groups=0,0,0,0 global_fallback_groups=0 global_high_order_groups=2048
elapsed=3.259308e+01 cycle=2417 time=1.672150e+01 dt=9.155273e-06
CARTOON_AMR_TRANSACTION cycle=2418 requested_refine=0 requested_derefine_leaves=228 accepted_derefine_parents=4 created_leaves=0 deleted_leaves=0 mirror_mismatches=0
elapsed=3.262076e+01 cycle=2418 time=1.672151e+01 dt=9.155273e-06
CARTOON_AMR_TRANSACTION cycle=2419 requested_refine=0 requested_derefine_leaves=230 accepted_derefine_parents=6 created_leaves=0 deleted_leaves=6 mirror_mismatches=0
elapsed=3.265688e+01 cycle=2419 time=1.672152e+01 dt=9.155273e-06
CARTOON_AMR_TRANSACTION cycle=2420 requested_refine=0 requested_derefine_leaves=222 accepted_derefine_parents=4 created_leaves=0 deleted_leaves=0 mirror_mismatches=0
elapsed=3.268818e+01 cycle=2420 time=1.672153e+01 dt=9.155273e-06
CARTOON_AMR_TRANSACTION cycle=2421 requested_refine=4 requested_derefine_leaves=222 accepted_derefine_parents=4 created_leaves=12 deleted_leaves=0 mirror_mismatches=0
AMR_Z4C_CHI_PROLONGATION cycle=2421 local_fallback_groups=0,0,0,0 global_fallback_groups=0 global_high_order_groups=4096
elapsed=3.272540e+01 cycle=2421 time=1.672154e+01 dt=9.155273e-06
CARTOON_AMR_TRANSACTION cycle=2422 requested_refine=0 requested_derefine_leaves=230 accepted_derefine_parents=4 created_leaves=0 deleted_leaves=0 mirror_mismatches=0
elapsed=3.275379e+01 cycle=2422 time=1.672155e+01 dt=9.155273e-06
CARTOON_AMR_TRANSACTION cycle=2423 requested_refine=0 requested_derefine_leaves=230 accepted_derefine_parents=4 created_leaves=0 deleted_leaves=0 mirror_mismatches=0
elapsed=3.278153e+01 cycle=2423 time=1.672156e+01 dt=9.155273e-06
CARTOON_AMR_TRANSACTION cycle=2424 requested_refine=12 requested_derefine_leaves=230 accepted_derefine_parents=4 created_leaves=36 deleted_leaves=0 mirror_mismatches=0
AMR_Z4C_CHI_PROLONGATION cycle=2424 local_fallback_groups=0,0,0,0 global_fallback_groups=0 global_high_order_groups=12288
elapsed=3.282750e+01 cycle=2424 time=1.672157e+01 dt=4.577637e-06
CARTOON_AMR_TRANSACTION cycle=2425 requested_refine=4 requested_derefine_leaves=254 accepted_derefine_parents=4 created_leaves=12 deleted_leaves=0 mirror_mismatches=0
AMR_Z4C_CHI_PROLONGATION cycle=2425 local_fallback_groups=0,0,0,0 global_fallback_groups=0 global_high_order_groups=4096
elapsed=3.286825e+01 cycle=2425 time=1.672157e+01 dt=4.577637e-06
CARTOON_AMR_TRANSACTION cycle=2426 requested_refine=0 requested_derefine_leaves=262 accepted_derefine_parents=4 created_leaves=0 deleted_leaves=0 mirror_mismatches=0
elapsed=3.289961e+01 cycle=2426 time=1.672158e+01 dt=4.577637e-06
CARTOON_AMR_TRANSACTION cycle=2427 requested_refine=0 requested_derefine_leaves=262 accepted_derefine_parents=4 created_leaves=0 deleted_leaves=0 mirror_mismatches=0
elapsed=3.292970e+01 cycle=2427 time=1.672158e+01 dt=4.577637e-06
CARTOON_AMR_TRANSACTION cycle=2428 requested_refine=2 requested_derefine_leaves=262 accepted_derefine_parents=4 created_leaves=6 deleted_leaves=0 mirror_mismatches=0
AMR_Z4C_CHI_PROLONGATION cycle=2428 local_fallback_groups=0,0,0,0 global_fallback_groups=0 global_high_order_groups=2048
elapsed=3.297420e+01 cycle=2428 time=1.672159e+01 dt=4.577637e-06
CARTOON_AMR_TRANSACTION cycle=2429 requested_refine=0 requested_derefine_leaves=266 accepted_derefine_parents=4 created_leaves=0 deleted_leaves=0 mirror_mismatches=0
elapsed=3.300476e+01 cycle=2429 time=1.672159e+01 dt=4.577637e-06
CARTOON_AMR_TRANSACTION cycle=2430 requested_refine=4 requested_derefine_leaves=266 accepted_derefine_parents=4 created_leaves=12 deleted_leaves=0 mirror_mismatches=0
AMR_Z4C_CHI_PROLONGATION cycle=2430 local_fallback_groups=0,0,0,0 global_fallback_groups=0 global_high_order_groups=4096
elapsed=3.304566e+01 cycle=2430 time=1.672159e+01 dt=4.577637e-06
CARTOON_AMR_TRANSACTION cycle=2431 requested_refine=2 requested_derefine_leaves=274 accepted_derefine_parents=4 created_leaves=6 deleted_leaves=0 mirror_mismatches=0
AMR_Z4C_CHI_PROLONGATION cycle=2431 local_fallback_groups=0,0,0,0 global_fallback_groups=0 global_high_order_groups=2048
elapsed=3.308759e+01 cycle=2431 time=1.672160e+01 dt=4.577637e-06
CARTOON_AMR_TRANSACTION cycle=2432 requested_refine=2 requested_derefine_leaves=278 accepted_derefine_parents=4 created_leaves=6 deleted_leaves=0 mirror_mismatches=0
AMR_Z4C_CHI_PROLONGATION cycle=2432 local_fallback_groups=0,0,0,0 global_fallback_groups=0 global_high_order_groups=2048
elapsed=3.379102e+01 cycle=2432 time=1.672160e+01 dt=4.577637e-06
CARTOON_AMR_TRANSACTION cycle=2433 requested_refine=0 requested_derefine_leaves=282 accepted_derefine_parents=4 created_leaves=0 deleted_leaves=0 mirror_mismatches=0
elapsed=3.382299e+01 cycle=2433 time=1.672161e+01 dt=4.577637e-06
CARTOON_AMR_TRANSACTION cycle=2434 requested_refine=0 requested_derefine_leaves=282 accepted_derefine_parents=4 created_leaves=0 deleted_leaves=0 mirror_mismatches=0
elapsed=3.385385e+01 cycle=2434 time=1.672161e+01 dt=4.577637e-06
CARTOON_AMR_TRANSACTION cycle=2435 requested_refine=2 requested_derefine_leaves=282 accepted_derefine_parents=4 created_leaves=6 deleted_leaves=0 mirror_mismatches=0
AMR_Z4C_CHI_PROLONGATION cycle=2435 local_fallback_groups=0,0,0,0 global_fallback_groups=0 global_high_order_groups=2048
elapsed=3.389486e+01 cycle=2435 time=1.672162e+01 dt=4.577637e-06
CARTOON_AMR_TRANSACTION cycle=2436 requested_refine=4 requested_derefine_leaves=286 accepted_derefine_parents=4 created_leaves=12 deleted_leaves=0 mirror_mismatches=0
AMR_Z4C_CHI_PROLONGATION cycle=2436 local_fallback_groups=0,0,0,0 global_fallback_groups=0 global_high_order_groups=4096
elapsed=3.394146e+01 cycle=2436 time=1.672162e+01 dt=4.577637e-06
CARTOON_AMR_TRANSACTION cycle=2437 requested_refine=0 requested_derefine_leaves=294 accepted_derefine_parents=4 created_leaves=0 deleted_leaves=0 mirror_mismatches=0
elapsed=3.397498e+01 cycle=2437 time=1.672163e+01 dt=4.577637e-06
CARTOON_AMR_TRANSACTION cycle=2438 requested_refine=2 requested_derefine_leaves=294 accepted_derefine_parents=4 created_leaves=6 deleted_leaves=0 mirror_mismatches=0
AMR_Z4C_CHI_PROLONGATION cycle=2438 local_fallback_groups=0,0,0,0 global_fallback_groups=0 global_high_order_groups=2048
elapsed=3.401890e+01 cycle=2438 time=1.672163e+01 dt=4.577637e-06
CARTOON_AMR_TRANSACTION cycle=2439 requested_refine=0 requested_derefine_leaves=298 accepted_derefine_parents=4 created_leaves=0 deleted_leaves=0 mirror_mismatches=0
elapsed=3.405199e+01 cycle=2439 time=1.672164e+01 dt=4.577637e-06
CARTOON_AMR_TRANSACTION cycle=2440 requested_refine=2 requested_derefine_leaves=298 accepted_derefine_parents=4 created_leaves=6 deleted_leaves=0 mirror_mismatches=0
AMR_Z4C_CHI_PROLONGATION cycle=2440 local_fallback_groups=0,0,0,0 global_fallback_groups=0 global_high_order_groups=2048
elapsed=3.410024e+01 cycle=2440 time=1.672164e+01 dt=4.577637e-06
CARTOON_AMR_TRANSACTION cycle=2441 requested_refine=0 requested_derefine_leaves=302 accepted_derefine_parents=4 created_leaves=0 deleted_leaves=0 mirror_mismatches=0
elapsed=3.413618e+01 cycle=2441 time=1.672164e+01 dt=4.577637e-06
CARTOON_AMR_TRANSACTION cycle=2442 requested_refine=2 requested_derefine_leaves=302 accepted_derefine_parents=4 created_leaves=6 deleted_leaves=0 mirror_mismatches=0
AMR_Z4C_CHI_PROLONGATION cycle=2442 local_fallback_groups=0,0,0,0 global_fallback_groups=0 global_high_order_groups=2048
elapsed=3.418183e+01 cycle=2442 time=1.672165e+01 dt=4.577637e-06
CARTOON_AMR_TRANSACTION cycle=2443 requested_refine=2 requested_derefine_leaves=308 accepted_derefine_parents=4 created_leaves=6 deleted_leaves=0 mirror_mismatches=0
AMR_Z4C_CHI_PROLONGATION cycle=2443 local_fallback_groups=0,0,0,0 global_fallback_groups=0 global_high_order_groups=2048
elapsed=3.422681e+01 cycle=2443 time=1.672165e+01 dt=4.577637e-06
CARTOON_AMR_TRANSACTION cycle=2444 requested_refine=0 requested_derefine_leaves=312 accepted_derefine_parents=4 created_leaves=0 deleted_leaves=0 mirror_mismatches=0
elapsed=3.426560e+01 cycle=2444 time=1.672166e+01 dt=4.577637e-06
CARTOON_AMR_TRANSACTION cycle=2445 requested_refine=0 requested_derefine_leaves=312 accepted_derefine_parents=4 created_leaves=0 deleted_leaves=0 mirror_mismatches=0
elapsed=3.429964e+01 cycle=2445 time=1.672166e+01 dt=4.577637e-06
CARTOON_AMR_TRANSACTION cycle=2446 requested_refine=0 requested_derefine_leaves=312 accepted_derefine_parents=4 created_leaves=0 deleted_leaves=0 mirror_mismatches=0
elapsed=3.433359e+01 cycle=2446 time=1.672167e+01 dt=4.577637e-06
CARTOON_AMR_TRANSACTION cycle=2447 requested_refine=0 requested_derefine_leaves=314 accepted_derefine_parents=4 created_leaves=0 deleted_leaves=0 mirror_mismatches=0
elapsed=3.436754e+01 cycle=2447 time=1.672167e+01 dt=4.577637e-06
CARTOON_AMR_TRANSACTION cycle=2448 requested_refine=0 requested_derefine_leaves=316 accepted_derefine_parents=6 created_leaves=0 deleted_leaves=6 mirror_mismatches=0
elapsed=3.441573e+01 cycle=2448 time=1.672168e+01 dt=4.577637e-06
CARTOON_AMR_TRANSACTION cycle=2449 requested_refine=2 requested_derefine_leaves=308 accepted_derefine_parents=4 created_leaves=6 deleted_leaves=0 mirror_mismatches=0
AMR_Z4C_CHI_PROLONGATION cycle=2449 local_fallback_groups=0,0,0,0 global_fallback_groups=0 global_high_order_groups=2048
elapsed=3.445942e+01 cycle=2449 time=1.672168e+01 dt=4.577637e-06
CARTOON_AMR_TRANSACTION cycle=2450 requested_refine=0 requested_derefine_leaves=312 accepted_derefine_parents=4 created_leaves=0 deleted_leaves=0 mirror_mismatches=0
elapsed=3.449509e+01 cycle=2450 time=1.672169e+01 dt=4.577637e-06
CARTOON_AMR_TRANSACTION cycle=2451 requested_refine=0 requested_derefine_leaves=310 accepted_derefine_parents=4 created_leaves=0 deleted_leaves=0 mirror_mismatches=0
elapsed=3.453009e+01 cycle=2451 time=1.672169e+01 dt=4.577637e-06
CARTOON_AMR_TRANSACTION cycle=2452 requested_refine=0 requested_derefine_leaves=310 accepted_derefine_parents=4 created_leaves=0 deleted_leaves=0 mirror_mismatches=0
elapsed=3.456986e+01 cycle=2452 time=1.672169e+01 dt=4.577637e-06
CARTOON_AMR_TRANSACTION cycle=2453 requested_refine=0 requested_derefine_leaves=310 accepted_derefine_parents=4 created_leaves=0 deleted_leaves=0 mirror_mismatches=0
elapsed=3.460581e+01 cycle=2453 time=1.672170e+01 dt=4.577637e-06
CARTOON_AMR_TRANSACTION cycle=2454 requested_refine=0 requested_derefine_leaves=310 accepted_derefine_parents=4 created_leaves=0 deleted_leaves=0 mirror_mismatches=0
elapsed=3.464158e+01 cycle=2454 time=1.672170e+01 dt=4.577637e-06
CARTOON_AMR_TRANSACTION cycle=2455 requested_refine=2 requested_derefine_leaves=312 accepted_derefine_parents=4 created_leaves=6 deleted_leaves=0 mirror_mismatches=0
AMR_Z4C_CHI_PROLONGATION cycle=2455 local_fallback_groups=0,0,0,0 global_fallback_groups=0 global_high_order_groups=2048
elapsed=3.468800e+01 cycle=2455 time=1.672171e+01 dt=4.577637e-06
CARTOON_AMR_TRANSACTION cycle=2456 requested_refine=2 requested_derefine_leaves=316 accepted_derefine_parents=4 created_leaves=6 deleted_leaves=0 mirror_mismatches=0
AMR_Z4C_CHI_PROLONGATION cycle=2456 local_fallback_groups=0,0,0,0 global_fallback_groups=0 global_high_order_groups=2048
elapsed=3.473691e+01 cycle=2456 time=1.672171e+01 dt=4.577637e-06
CARTOON_AMR_TRANSACTION cycle=2457 requested_refine=0 requested_derefine_leaves=324 accepted_derefine_parents=6 created_leaves=0 deleted_leaves=6 mirror_mismatches=0
elapsed=3.478331e+01 cycle=2457 time=1.672172e+01 dt=4.577637e-06
CARTOON_AMR_TRANSACTION cycle=2458 requested_refine=0 requested_derefine_leaves=318 accepted_derefine_parents=6 created_leaves=0 deleted_leaves=6 mirror_mismatches=0
elapsed=3.482851e+01 cycle=2458 time=1.672172e+01 dt=4.577637e-06
CARTOON_AMR_TRANSACTION cycle=2459 requested_refine=0 requested_derefine_leaves=310 accepted_derefine_parents=4 created_leaves=0 deleted_leaves=0 mirror_mismatches=0
elapsed=3.486393e+01 cycle=2459 time=1.672173e+01 dt=4.577637e-06
CARTOON_AMR_TRANSACTION cycle=2460 requested_refine=0 requested_derefine_leaves=316 accepted_derefine_parents=6 created_leaves=0 deleted_leaves=6 mirror_mismatches=0
elapsed=3.491224e+01 cycle=2460 time=1.672173e+01 dt=4.577637e-06
CARTOON_AMR_TRANSACTION cycle=2461 requested_refine=0 requested_derefine_leaves=310 accepted_derefine_parents=4 created_leaves=0 deleted_leaves=0 mirror_mismatches=0
elapsed=3.494683e+01 cycle=2461 time=1.672174e+01 dt=4.577637e-06
CARTOON_AMR_TRANSACTION cycle=2462 requested_refine=2 requested_derefine_leaves=308 accepted_derefine_parents=4 created_leaves=6 deleted_leaves=0 mirror_mismatches=0
AMR_Z4C_CHI_PROLONGATION cycle=2462 local_fallback_groups=0,0,0,0 global_fallback_groups=0 global_high_order_groups=2048
elapsed=3.499216e+01 cycle=2462 time=1.672174e+01 dt=4.577637e-06
CARTOON_AMR_TRANSACTION cycle=2463 requested_refine=0 requested_derefine_leaves=318 accepted_derefine_parents=6 created_leaves=0 deleted_leaves=6 mirror_mismatches=0
elapsed=3.503822e+01 cycle=2463 time=1.672175e+01 dt=4.577637e-06
CARTOON_AMR_TRANSACTION cycle=2464 requested_refine=2 requested_derefine_leaves=336 accepted_derefine_parents=18 created_leaves=6 deleted_leaves=42 mirror_mismatches=0
AMR_Z4C_CHI_PROLONGATION cycle=2464 local_fallback_groups=0,0,0,0 global_fallback_groups=0 global_high_order_groups=2048
elapsed=3.508929e+01 cycle=2464 time=1.672175e+01 dt=4.577637e-06
CARTOON_AMR_TRANSACTION cycle=2465 requested_refine=4 requested_derefine_leaves=286 accepted_derefine_parents=6 created_leaves=12 deleted_leaves=6 mirror_mismatches=0
AMR_Z4C_CHI_PROLONGATION cycle=2465 local_fallback_groups=0,0,0,0 global_fallback_groups=0 global_high_order_groups=4096
elapsed=3.513266e+01 cycle=2465 time=1.672175e+01 dt=4.577637e-06
CARTOON_AMR_TRANSACTION cycle=2466 requested_refine=4 requested_derefine_leaves=286 accepted_derefine_parents=4 created_leaves=18 deleted_leaves=0 mirror_mismatches=0
AMR_Z4C_CHI_PROLONGATION cycle=2466 local_fallback_groups=0,0,0,0 global_fallback_groups=0 global_high_order_groups=6144
elapsed=3.517634e+01 cycle=2466 time=1.672176e+01 dt=4.577637e-06
CARTOON_AMR_TRANSACTION cycle=2467 requested_refine=2 requested_derefine_leaves=310 accepted_derefine_parents=8 created_leaves=6 deleted_leaves=12 mirror_mismatches=0
AMR_Z4C_CHI_PROLONGATION cycle=2467 local_fallback_groups=0,0,0,0 global_fallback_groups=0 global_high_order_groups=2048
elapsed=3.522093e+01 cycle=2467 time=1.672176e+01 dt=4.577637e-06
CARTOON_AMR_TRANSACTION cycle=2468 requested_refine=0 requested_derefine_leaves=304 accepted_derefine_parents=8 created_leaves=0 deleted_leaves=12 mirror_mismatches=0
elapsed=3.526964e+01 cycle=2468 time=1.672177e+01 dt=4.577637e-06
CARTOON_AMR_TRANSACTION cycle=2469 requested_refine=0 requested_derefine_leaves=288 accepted_derefine_parents=4 created_leaves=0 deleted_leaves=0 mirror_mismatches=0
elapsed=3.530273e+01 cycle=2469 time=1.672177e+01 dt=4.577637e-06
CARTOON_AMR_TRANSACTION cycle=2470 requested_refine=0 requested_derefine_leaves=288 accepted_derefine_parents=4 created_leaves=0 deleted_leaves=0 mirror_mismatches=0
elapsed=3.533545e+01 cycle=2470 time=1.672178e+01 dt=4.577637e-06
CARTOON_AMR_TRANSACTION cycle=2471 requested_refine=4 requested_derefine_leaves=288 accepted_derefine_parents=4 created_leaves=12 deleted_leaves=0 mirror_mismatches=0
AMR_Z4C_CHI_PROLONGATION cycle=2471 local_fallback_groups=0,0,0,0 global_fallback_groups=0 global_high_order_groups=4096
elapsed=3.537683e+01 cycle=2471 time=1.672178e+01 dt=4.577637e-06
CARTOON_AMR_TRANSACTION cycle=2472 requested_refine=2 requested_derefine_leaves=296 accepted_derefine_parents=4 created_leaves=6 deleted_leaves=0 mirror_mismatches=0
AMR_Z4C_CHI_PROLONGATION cycle=2472 local_fallback_groups=0,0,0,0 global_fallback_groups=0 global_high_order_groups=2048
elapsed=3.542468e+01 cycle=2472 time=1.672179e+01 dt=4.577637e-06
CARTOON_AMR_TRANSACTION cycle=2473 requested_refine=2 requested_derefine_leaves=300 accepted_derefine_parents=4 created_leaves=6 deleted_leaves=0 mirror_mismatches=0
AMR_Z4C_CHI_PROLONGATION cycle=2473 local_fallback_groups=0,0,0,0 global_fallback_groups=0 global_high_order_groups=2048
elapsed=3.546857e+01 cycle=2473 time=1.672179e+01 dt=4.577637e-06
CARTOON_AMR_TRANSACTION cycle=2474 requested_refine=2 requested_derefine_leaves=306 accepted_derefine_parents=4 created_leaves=6 deleted_leaves=0 mirror_mismatches=0
AMR_Z4C_CHI_PROLONGATION cycle=2474 local_fallback_groups=0,0,0,0 global_fallback_groups=0 global_high_order_groups=2048
elapsed=3.551417e+01 cycle=2474 time=1.672180e+01 dt=4.577637e-06
CARTOON_AMR_TRANSACTION cycle=2475 requested_refine=2 requested_derefine_leaves=312 accepted_derefine_parents=4 created_leaves=6 deleted_leaves=0 mirror_mismatches=0
AMR_Z4C_CHI_PROLONGATION cycle=2475 local_fallback_groups=0,0,0,0 global_fallback_groups=0 global_high_order_groups=2048
elapsed=3.555914e+01 cycle=2475 time=1.672180e+01 dt=4.577637e-06
CARTOON_AMR_TRANSACTION cycle=2476 requested_refine=0 requested_derefine_leaves=316 accepted_derefine_parents=4 created_leaves=0 deleted_leaves=0 mirror_mismatches=0
elapsed=3.559766e+01 cycle=2476 time=1.672180e+01 dt=4.577637e-06
CARTOON_AMR_TRANSACTION cycle=2477 requested_refine=0 requested_derefine_leaves=316 accepted_derefine_parents=4 created_leaves=0 deleted_leaves=0 mirror_mismatches=0
elapsed=3.563173e+01 cycle=2477 time=1.672181e+01 dt=4.577637e-06
CARTOON_AMR_TRANSACTION cycle=2478 requested_refine=0 requested_derefine_leaves=316 accepted_derefine_parents=4 created_leaves=0 deleted_leaves=0 mirror_mismatches=0
elapsed=3.566603e+01 cycle=2478 time=1.672181e+01 dt=4.577637e-06
CARTOON_AMR_TRANSACTION cycle=2479 requested_refine=0 requested_derefine_leaves=316 accepted_derefine_parents=4 created_leaves=0 deleted_leaves=0 mirror_mismatches=0
elapsed=3.570030e+01 cycle=2479 time=1.672182e+01 dt=4.577637e-06
CARTOON_AMR_TRANSACTION cycle=2480 requested_refine=0 requested_derefine_leaves=316 accepted_derefine_parents=4 created_leaves=0 deleted_leaves=0 mirror_mismatches=0
elapsed=3.573844e+01 cycle=2480 time=1.672182e+01 dt=4.577637e-06
CARTOON_AMR_TRANSACTION cycle=2481 requested_refine=0 requested_derefine_leaves=316 accepted_derefine_parents=4 created_leaves=0 deleted_leaves=0 mirror_mismatches=0
elapsed=3.577260e+01 cycle=2481 time=1.672183e+01 dt=4.577637e-06
CARTOON_AMR_TRANSACTION cycle=2482 requested_refine=0 requested_derefine_leaves=316 accepted_derefine_parents=4 created_leaves=0 deleted_leaves=0 mirror_mismatches=0
elapsed=3.580683e+01 cycle=2482 time=1.672183e+01 dt=4.577637e-06
CARTOON_AMR_TRANSACTION cycle=2483 requested_refine=2 requested_derefine_leaves=314 accepted_derefine_parents=4 created_leaves=6 deleted_leaves=0 mirror_mismatches=0
AMR_Z4C_CHI_PROLONGATION cycle=2483 local_fallback_groups=0,0,0,0 global_fallback_groups=0 global_high_order_groups=2048
elapsed=3.585122e+01 cycle=2483 time=1.672184e+01 dt=4.577637e-06
CARTOON_AMR_TRANSACTION cycle=2484 requested_refine=0 requested_derefine_leaves=320 accepted_derefine_parents=4 created_leaves=0 deleted_leaves=0 mirror_mismatches=0
elapsed=3.588916e+01 cycle=2484 time=1.672184e+01 dt=4.577637e-06
CARTOON_AMR_TRANSACTION cycle=2485 requested_refine=0 requested_derefine_leaves=320 accepted_derefine_parents=4 created_leaves=0 deleted_leaves=0 mirror_mismatches=0
elapsed=3.592342e+01 cycle=2485 time=1.672185e+01 dt=4.577637e-06
CARTOON_AMR_TRANSACTION cycle=2486 requested_refine=0 requested_derefine_leaves=320 accepted_derefine_parents=4 created_leaves=0 deleted_leaves=0 mirror_mismatches=0
elapsed=3.595695e+01 cycle=2486 time=1.672185e+01 dt=4.577637e-06
CARTOON_AMR_TRANSACTION cycle=2487 requested_refine=0 requested_derefine_leaves=318 accepted_derefine_parents=4 created_leaves=0 deleted_leaves=0 mirror_mismatches=0
elapsed=3.599087e+01 cycle=2487 time=1.672186e+01 dt=4.577637e-06
CARTOON_AMR_TRANSACTION cycle=2488 requested_refine=0 requested_derefine_leaves=318 accepted_derefine_parents=4 created_leaves=0 deleted_leaves=0 mirror_mismatches=0
elapsed=3.602945e+01 cycle=2488 time=1.672186e+01 dt=4.577637e-06
CARTOON_AMR_TRANSACTION cycle=2489 requested_refine=0 requested_derefine_leaves=318 accepted_derefine_parents=4 created_leaves=0 deleted_leaves=0 mirror_mismatches=0
elapsed=3.606345e+01 cycle=2489 time=1.672186e+01 dt=4.577637e-06
CARTOON_AMR_TRANSACTION cycle=2490 requested_refine=0 requested_derefine_leaves=318 accepted_derefine_parents=4 created_leaves=0 deleted_leaves=0 mirror_mismatches=0
elapsed=3.609761e+01 cycle=2490 time=1.672187e+01 dt=4.577637e-06
CARTOON_AMR_TRANSACTION cycle=2491 requested_refine=0 requested_derefine_leaves=318 accepted_derefine_parents=4 created_leaves=0 deleted_leaves=0 mirror_mismatches=0
elapsed=3.613102e+01 cycle=2491 time=1.672187e+01 dt=4.577637e-06
CARTOON_AMR_TRANSACTION cycle=2492 requested_refine=0 requested_derefine_leaves=318 accepted_derefine_parents=4 created_leaves=0 deleted_leaves=0 mirror_mismatches=0
elapsed=3.616937e+01 cycle=2492 time=1.672188e+01 dt=4.577637e-06
CARTOON_AMR_TRANSACTION cycle=2493 requested_refine=0 requested_derefine_leaves=318 accepted_derefine_parents=4 created_leaves=0 deleted_leaves=0 mirror_mismatches=0
elapsed=3.620359e+01 cycle=2493 time=1.672188e+01 dt=4.577637e-06
CARTOON_AMR_TRANSACTION cycle=2494 requested_refine=0 requested_derefine_leaves=318 accepted_derefine_parents=4 created_leaves=0 deleted_leaves=0 mirror_mismatches=0
elapsed=3.623717e+01 cycle=2494 time=1.672189e+01 dt=4.577637e-06
CARTOON_AMR_TRANSACTION cycle=2495 requested_refine=0 requested_derefine_leaves=320 accepted_derefine_parents=4 created_leaves=0 deleted_leaves=0 mirror_mismatches=0
elapsed=3.627132e+01 cycle=2495 time=1.672189e+01 dt=4.577637e-06
CARTOON_AMR_TRANSACTION cycle=2496 requested_refine=0 requested_derefine_leaves=324 accepted_derefine_parents=4 created_leaves=0 deleted_leaves=0 mirror_mismatches=0
elapsed=3.674952e+01 cycle=2496 time=1.672190e+01 dt=4.577637e-06
CARTOON_AMR_TRANSACTION cycle=2497 requested_refine=2 requested_derefine_leaves=332 accepted_derefine_parents=8 created_leaves=6 deleted_leaves=12 mirror_mismatches=0
AMR_Z4C_CHI_PROLONGATION cycle=2497 local_fallback_groups=0,0,0,0 global_fallback_groups=0 global_high_order_groups=2048
elapsed=3.679587e+01 cycle=2497 time=1.672190e+01 dt=4.577637e-06
CARTOON_AMR_TRANSACTION cycle=2498 requested_refine=2 requested_derefine_leaves=324 accepted_derefine_parents=6 created_leaves=6 deleted_leaves=6 mirror_mismatches=0
AMR_Z4C_CHI_PROLONGATION cycle=2498 local_fallback_groups=0,0,0,0 global_fallback_groups=0 global_high_order_groups=2048
elapsed=3.684298e+01 cycle=2498 time=1.672191e+01 dt=4.577637e-06
CARTOON_AMR_TRANSACTION cycle=2499 requested_refine=0 requested_derefine_leaves=324 accepted_derefine_parents=6 created_leaves=0 deleted_leaves=6 mirror_mismatches=0
elapsed=3.688945e+01 cycle=2499 time=1.672191e+01 dt=4.577637e-06
CARTOON_AMR_TRANSACTION cycle=2500 requested_refine=0 requested_derefine_leaves=316 accepted_derefine_parents=4 created_leaves=0 deleted_leaves=0 mirror_mismatches=0
elapsed=3.692928e+01 cycle=2500 time=1.672191e+01 dt=4.577637e-06
CARTOON_AMR_TRANSACTION cycle=2501 requested_refine=0 requested_derefine_leaves=316 accepted_derefine_parents=4 created_leaves=0 deleted_leaves=0 mirror_mismatches=0
elapsed=3.696391e+01 cycle=2501 time=1.672192e+01 dt=4.577637e-06
CARTOON_AMR_TRANSACTION cycle=2502 requested_refine=4 requested_derefine_leaves=316 accepted_derefine_parents=4 created_leaves=12 deleted_leaves=0 mirror_mismatches=0
AMR_Z4C_CHI_PROLONGATION cycle=2502 local_fallback_groups=0,0,0,0 global_fallback_groups=0 global_high_order_groups=4096
elapsed=3.700841e+01 cycle=2502 time=1.672192e+01 dt=4.577637e-06
CARTOON_AMR_TRANSACTION cycle=2503 requested_refine=0 requested_derefine_leaves=324 accepted_derefine_parents=6 created_leaves=0 deleted_leaves=6 mirror_mismatches=0
elapsed=3.705359e+01 cycle=2503 time=1.672193e+01 dt=4.577637e-06
CARTOON_AMR_TRANSACTION cycle=2504 requested_refine=6 requested_derefine_leaves=320 accepted_derefine_parents=6 created_leaves=24 deleted_leaves=6 mirror_mismatches=0
AMR_Z4C_CHI_PROLONGATION cycle=2504 local_fallback_groups=0,0,0,0 global_fallback_groups=0 global_high_order_groups=8192
elapsed=3.710579e+01 cycle=2504 time=1.672193e+01 dt=4.577637e-06
CARTOON_AMR_TRANSACTION cycle=2505 requested_refine=4 requested_derefine_leaves=330 accepted_derefine_parents=4 created_leaves=12 deleted_leaves=0 mirror_mismatches=0
AMR_Z4C_CHI_PROLONGATION cycle=2505 local_fallback_groups=0,0,0,0 global_fallback_groups=0 global_high_order_groups=4096
elapsed=3.715366e+01 cycle=2505 time=1.672194e+01 dt=4.577637e-06
CARTOON_AMR_TRANSACTION cycle=2506 requested_refine=8 requested_derefine_leaves=338 accepted_derefine_parents=4 created_leaves=24 deleted_leaves=0 mirror_mismatches=0
AMR_Z4C_CHI_PROLONGATION cycle=2506 local_fallback_groups=0,0,0,0 global_fallback_groups=0 global_high_order_groups=8192
elapsed=3.720371e+01 cycle=2506 time=1.672194e+01 dt=4.577637e-06
CARTOON_AMR_TRANSACTION cycle=2507 requested_refine=6 requested_derefine_leaves=370 accepted_derefine_parents=12 created_leaves=18 deleted_leaves=24 mirror_mismatches=0
AMR_Z4C_CHI_PROLONGATION cycle=2507 local_fallback_groups=0,0,0,0 global_fallback_groups=0 global_high_order_groups=6144
elapsed=3.725680e+01 cycle=2507 time=1.672195e+01 dt=4.577637e-06
CARTOON_AMR_TRANSACTION cycle=2508 requested_refine=8 requested_derefine_leaves=352 accepted_derefine_parents=6 created_leaves=24 deleted_leaves=6 mirror_mismatches=0
AMR_Z4C_CHI_PROLONGATION cycle=2508 local_fallback_groups=0,0,0,0 global_fallback_groups=0 global_high_order_groups=8192
elapsed=3.731368e+01 cycle=2508 time=1.672195e+01 dt=4.577637e-06
CARTOON_AMR_TRANSACTION cycle=2509 requested_refine=2 requested_derefine_leaves=360 accepted_derefine_parents=4 created_leaves=6 deleted_leaves=0 mirror_mismatches=0
AMR_Z4C_CHI_PROLONGATION cycle=2509 local_fallback_groups=0,0,0,0 global_fallback_groups=0 global_high_order_groups=2048
elapsed=3.736459e+01 cycle=2509 time=1.672196e+01 dt=2.288818e-06
CARTOON_AMR_TRANSACTION cycle=2510 requested_refine=0 requested_derefine_leaves=364 accepted_derefine_parents=4 created_leaves=0 deleted_leaves=0 mirror_mismatches=0
elapsed=3.740383e+01 cycle=2510 time=1.672196e+01 dt=2.288818e-06
CARTOON_AMR_TRANSACTION cycle=2511 requested_refine=2 requested_derefine_leaves=366 accepted_derefine_parents=4 created_leaves=6 deleted_leaves=0 mirror_mismatches=0
AMR_Z4C_CHI_PROLONGATION cycle=2511 local_fallback_groups=0,0,0,0 global_fallback_groups=0 global_high_order_groups=2048
elapsed=3.745384e+01 cycle=2511 time=1.672196e+01 dt=2.288818e-06
CARTOON_AMR_TRANSACTION cycle=2512 requested_refine=4 requested_derefine_leaves=374 accepted_derefine_parents=6 created_leaves=12 deleted_leaves=6 mirror_mismatches=0
AMR_Z4C_CHI_PROLONGATION cycle=2512 local_fallback_groups=0,0,0,0 global_fallback_groups=0 global_high_order_groups=4096
elapsed=3.750923e+01 cycle=2512 time=1.672196e+01 dt=2.288818e-06
CARTOON_AMR_TRANSACTION cycle=2513 requested_refine=0 requested_derefine_leaves=376 accepted_derefine_parents=6 created_leaves=0 deleted_leaves=6 mirror_mismatches=0
elapsed=3.756114e+01 cycle=2513 time=1.672197e+01 dt=2.288818e-06
CARTOON_AMR_TRANSACTION cycle=2514 requested_refine=2 requested_derefine_leaves=368 accepted_derefine_parents=4 created_leaves=6 deleted_leaves=0 mirror_mismatches=0
AMR_Z4C_CHI_PROLONGATION cycle=2514 local_fallback_groups=0,0,0,0 global_fallback_groups=0 global_high_order_groups=2048
elapsed=3.761312e+01 cycle=2514 time=1.672197e+01 dt=2.288818e-06
CARTOON_AMR_TRANSACTION cycle=2515 requested_refine=0 requested_derefine_leaves=372 accepted_derefine_parents=4 created_leaves=0 deleted_leaves=0 mirror_mismatches=0
elapsed=3.765302e+01 cycle=2515 time=1.672197e+01 dt=2.288818e-06
CARTOON_AMR_TRANSACTION cycle=2516 requested_refine=4 requested_derefine_leaves=372 accepted_derefine_parents=4 created_leaves=12 deleted_leaves=0 mirror_mismatches=0
AMR_Z4C_CHI_PROLONGATION cycle=2516 local_fallback_groups=0,0,0,0 global_fallback_groups=0 global_high_order_groups=4096
elapsed=3.771057e+01 cycle=2516 time=1.672197e+01 dt=2.288818e-06
CARTOON_AMR_TRANSACTION cycle=2517 requested_refine=6 requested_derefine_leaves=378 accepted_derefine_parents=4 created_leaves=18 deleted_leaves=0 mirror_mismatches=0
AMR_Z4C_CHI_PROLONGATION cycle=2517 local_fallback_groups=0,0,0,0 global_fallback_groups=0 global_high_order_groups=6144
elapsed=3.776522e+01 cycle=2517 time=1.672197e+01 dt=2.288818e-06
CARTOON_AMR_TRANSACTION cycle=2518 requested_refine=6 requested_derefine_leaves=390 accepted_derefine_parents=4 created_leaves=18 deleted_leaves=0 mirror_mismatches=0
AMR_Z4C_CHI_PROLONGATION cycle=2518 local_fallback_groups=0,0,0,0 global_fallback_groups=0 global_high_order_groups=6144
elapsed=3.781975e+01 cycle=2518 time=1.672198e+01 dt=2.288818e-06
CARTOON_AMR_TRANSACTION cycle=2519 requested_refine=6 requested_derefine_leaves=404 accepted_derefine_parents=4 created_leaves=18 deleted_leaves=0 mirror_mismatches=0
AMR_Z4C_CHI_PROLONGATION cycle=2519 local_fallback_groups=0,0,0,0 global_fallback_groups=0 global_high_order_groups=6144
elapsed=3.787528e+01 cycle=2519 time=1.672198e+01 dt=2.288818e-06
CARTOON_AMR_TRANSACTION cycle=2520 requested_refine=4 requested_derefine_leaves=418 accepted_derefine_parents=4 created_leaves=18 deleted_leaves=0 mirror_mismatches=0
AMR_Z4C_CHI_PROLONGATION cycle=2520 local_fallback_groups=0,0,0,0 global_fallback_groups=0 global_high_order_groups=6144
elapsed=3.793793e+01 cycle=2520 time=1.672198e+01 dt=2.288818e-06
CARTOON_AMR_TRANSACTION cycle=2521 requested_refine=0 requested_derefine_leaves=430 accepted_derefine_parents=4 created_leaves=0 deleted_leaves=0 mirror_mismatches=0
elapsed=3.798272e+01 cycle=2521 time=1.672198e+01 dt=2.288818e-06
CARTOON_AMR_TRANSACTION cycle=2522 requested_refine=0 requested_derefine_leaves=430 accepted_derefine_parents=4 created_leaves=0 deleted_leaves=0 mirror_mismatches=0
elapsed=3.802810e+01 cycle=2522 time=1.672199e+01 dt=2.288818e-06
CARTOON_AMR_TRANSACTION cycle=2523 requested_refine=0 requested_derefine_leaves=430 accepted_derefine_parents=4 created_leaves=0 deleted_leaves=0 mirror_mismatches=0
elapsed=3.807288e+01 cycle=2523 time=1.672199e+01 dt=2.288818e-06
CARTOON_AMR_TRANSACTION cycle=2524 requested_refine=0 requested_derefine_leaves=430 accepted_derefine_parents=4 created_leaves=0 deleted_leaves=0 mirror_mismatches=0
elapsed=3.812269e+01 cycle=2524 time=1.672199e+01 dt=2.288818e-06
CARTOON_AMR_TRANSACTION cycle=2525 requested_refine=0 requested_derefine_leaves=430 accepted_derefine_parents=4 created_leaves=0 deleted_leaves=0 mirror_mismatches=0
elapsed=3.816828e+01 cycle=2525 time=1.672199e+01 dt=2.288818e-06
CARTOON_AMR_TRANSACTION cycle=2526 requested_refine=0 requested_derefine_leaves=452 accepted_derefine_parents=12 created_leaves=0 deleted_leaves=24 mirror_mismatches=0
elapsed=3.822714e+01 cycle=2526 time=1.672199e+01 dt=2.288818e-06
CARTOON_AMR_TRANSACTION cycle=2527 requested_refine=0 requested_derefine_leaves=430 accepted_derefine_parents=12 created_leaves=0 deleted_leaves=24 mirror_mismatches=0
elapsed=3.828103e+01 cycle=2527 time=1.672200e+01 dt=2.288818e-06
CARTOON_AMR_TRANSACTION cycle=2528 requested_refine=0 requested_derefine_leaves=400 accepted_derefine_parents=6 created_leaves=0 deleted_leaves=6 mirror_mismatches=0
elapsed=3.833891e+01 cycle=2528 time=1.672200e+01 dt=2.288818e-06
CARTOON_AMR_TRANSACTION cycle=2529 requested_refine=0 requested_derefine_leaves=390 accepted_derefine_parents=4 created_leaves=0 deleted_leaves=0 mirror_mismatches=0
elapsed=3.838166e+01 cycle=2529 time=1.672200e+01 dt=2.288818e-06
CARTOON_AMR_TRANSACTION cycle=2530 requested_refine=0 requested_derefine_leaves=422 accepted_derefine_parents=20 created_leaves=0 deleted_leaves=48 mirror_mismatches=0
elapsed=3.843727e+01 cycle=2530 time=1.672200e+01 dt=4.577637e-06
CARTOON_AMR_TRANSACTION cycle=2531 requested_refine=0 requested_derefine_leaves=364 accepted_derefine_parents=6 created_leaves=0 deleted_leaves=6 mirror_mismatches=0
elapsed=3.848753e+01 cycle=2531 time=1.672201e+01 dt=4.577637e-06
CARTOON_AMR_TRANSACTION cycle=2532 requested_refine=0 requested_derefine_leaves=356 accepted_derefine_parents=4 created_leaves=0 deleted_leaves=0 mirror_mismatches=0
elapsed=3.853133e+01 cycle=2532 time=1.672201e+01 dt=4.577637e-06
CARTOON_AMR_TRANSACTION cycle=2533 requested_refine=2 requested_derefine_leaves=360 accepted_derefine_parents=4 created_leaves=6 deleted_leaves=0 mirror_mismatches=0
AMR_Z4C_CHI_PROLONGATION cycle=2533 local_fallback_groups=0,0,0,0 global_fallback_groups=0 global_high_order_groups=2048
elapsed=3.858379e+01 cycle=2533 time=1.672202e+01 dt=2.288818e-06
CARTOON_AMR_TRANSACTION cycle=2534 requested_refine=12 requested_derefine_leaves=366 accepted_derefine_parents=4 created_leaves=36 deleted_leaves=0 mirror_mismatches=0
AMR_Z4C_CHI_PROLONGATION cycle=2534 local_fallback_groups=0,0,0,0 global_fallback_groups=0 global_high_order_groups=12288
elapsed=3.863916e+01 cycle=2534 time=1.672202e+01 dt=2.288818e-06
CARTOON_AMR_TRANSACTION cycle=2535 requested_refine=8 requested_derefine_leaves=388 accepted_derefine_parents=4 created_leaves=24 deleted_leaves=0 mirror_mismatches=0
AMR_Z4C_CHI_PROLONGATION cycle=2535 local_fallback_groups=0,0,0,0 global_fallback_groups=0 global_high_order_groups=8192
elapsed=3.869599e+01 cycle=2535 time=1.672202e+01 dt=2.288818e-06
CARTOON_AMR_TRANSACTION cycle=2536 requested_refine=0 requested_derefine_leaves=406 accepted_derefine_parents=6 created_leaves=0 deleted_leaves=6 mirror_mismatches=0
elapsed=3.875494e+01 cycle=2536 time=1.672202e+01 dt=2.288818e-06
CARTOON_AMR_TRANSACTION cycle=2537 requested_refine=4 requested_derefine_leaves=398 accepted_derefine_parents=4 created_leaves=12 deleted_leaves=0 mirror_mismatches=0
AMR_Z4C_CHI_PROLONGATION cycle=2537 local_fallback_groups=0,0,0,0 global_fallback_groups=0 global_high_order_groups=4096
elapsed=3.881271e+01 cycle=2537 time=1.672203e+01 dt=2.288818e-06
CARTOON_AMR_TRANSACTION cycle=2538 requested_refine=0 requested_derefine_leaves=406 accepted_derefine_parents=4 created_leaves=0 deleted_leaves=0 mirror_mismatches=0
elapsed=3.885577e+01 cycle=2538 time=1.672203e+01 dt=2.288818e-06
CARTOON_AMR_TRANSACTION cycle=2539 requested_refine=0 requested_derefine_leaves=406 accepted_derefine_parents=4 created_leaves=0 deleted_leaves=0 mirror_mismatches=0
elapsed=3.889893e+01 cycle=2539 time=1.672203e+01 dt=2.288818e-06
CARTOON_AMR_TRANSACTION cycle=2540 requested_refine=4 requested_derefine_leaves=406 accepted_derefine_parents=4 created_leaves=12 deleted_leaves=0 mirror_mismatches=0
AMR_Z4C_CHI_PROLONGATION cycle=2540 local_fallback_groups=0,0,0,0 global_fallback_groups=0 global_high_order_groups=4096
elapsed=3.895905e+01 cycle=2540 time=1.672203e+01 dt=2.288818e-06
CARTOON_AMR_TRANSACTION cycle=2541 requested_refine=0 requested_derefine_leaves=414 accepted_derefine_parents=4 created_leaves=0 deleted_leaves=0 mirror_mismatches=0
elapsed=3.900296e+01 cycle=2541 time=1.672204e+01 dt=2.288818e-06
CARTOON_AMR_TRANSACTION cycle=2542 requested_refine=0 requested_derefine_leaves=414 accepted_derefine_parents=4 created_leaves=0 deleted_leaves=0 mirror_mismatches=0
elapsed=3.904587e+01 cycle=2542 time=1.672204e+01 dt=2.288818e-06
CARTOON_AMR_TRANSACTION cycle=2543 requested_refine=0 requested_derefine_leaves=414 accepted_derefine_parents=4 created_leaves=0 deleted_leaves=0 mirror_mismatches=0
elapsed=3.908889e+01 cycle=2543 time=1.672204e+01 dt=2.288818e-06
CARTOON_AMR_TRANSACTION cycle=2544 requested_refine=0 requested_derefine_leaves=414 accepted_derefine_parents=4 created_leaves=0 deleted_leaves=0 mirror_mismatches=0
elapsed=3.913689e+01 cycle=2544 time=1.672204e+01 dt=2.288818e-06
CARTOON_AMR_TRANSACTION cycle=2545 requested_refine=0 requested_derefine_leaves=414 accepted_derefine_parents=4 created_leaves=0 deleted_leaves=0 mirror_mismatches=0
elapsed=3.918044e+01 cycle=2545 time=1.672205e+01 dt=2.288818e-06
CARTOON_AMR_TRANSACTION cycle=2546 requested_refine=0 requested_derefine_leaves=416 accepted_derefine_parents=6 created_leaves=0 deleted_leaves=6 mirror_mismatches=0
elapsed=3.923793e+01 cycle=2546 time=1.672205e+01 dt=2.288818e-06
CARTOON_AMR_TRANSACTION cycle=2547 requested_refine=0 requested_derefine_leaves=408 accepted_derefine_parents=4 created_leaves=0 deleted_leaves=0 mirror_mismatches=0
elapsed=3.928385e+01 cycle=2547 time=1.672205e+01 dt=2.288818e-06
CARTOON_AMR_TRANSACTION cycle=2548 requested_refine=0 requested_derefine_leaves=408 accepted_derefine_parents=4 created_leaves=0 deleted_leaves=0 mirror_mismatches=0
elapsed=3.933242e+01 cycle=2548 time=1.672205e+01 dt=2.288818e-06
CARTOON_AMR_TRANSACTION cycle=2549 requested_refine=0 requested_derefine_leaves=410 accepted_derefine_parents=4 created_leaves=0 deleted_leaves=0 mirror_mismatches=0
elapsed=3.937726e+01 cycle=2549 time=1.672205e+01 dt=2.288818e-06
CARTOON_AMR_TRANSACTION cycle=2550 requested_refine=0 requested_derefine_leaves=412 accepted_derefine_parents=4 created_leaves=0 deleted_leaves=0 mirror_mismatches=0
elapsed=3.942069e+01 cycle=2550 time=1.672206e+01 dt=2.288818e-06
CARTOON_AMR_TRANSACTION cycle=2551 requested_refine=2 requested_derefine_leaves=412 accepted_derefine_parents=4 created_leaves=6 deleted_leaves=0 mirror_mismatches=0
AMR_Z4C_CHI_PROLONGATION cycle=2551 local_fallback_groups=0,0,0,0 global_fallback_groups=0 global_high_order_groups=2048
elapsed=3.947817e+01 cycle=2551 time=1.672206e+01 dt=2.288818e-06
CARTOON_AMR_TRANSACTION cycle=2552 requested_refine=0 requested_derefine_leaves=418 accepted_derefine_parents=6 created_leaves=0 deleted_leaves=6 mirror_mismatches=0
elapsed=3.954028e+01 cycle=2552 time=1.672206e+01 dt=2.288818e-06
CARTOON_AMR_TRANSACTION cycle=2553 requested_refine=0 requested_derefine_leaves=412 accepted_derefine_parents=4 created_leaves=0 deleted_leaves=0 mirror_mismatches=0
elapsed=3.958435e+01 cycle=2553 time=1.672206e+01 dt=2.288818e-06
CARTOON_AMR_TRANSACTION cycle=2554 requested_refine=0 requested_derefine_leaves=414 accepted_derefine_parents=4 created_leaves=0 deleted_leaves=0 mirror_mismatches=0
elapsed=3.962856e+01 cycle=2554 time=1.672207e+01 dt=2.288818e-06
CARTOON_AMR_TRANSACTION cycle=2555 requested_refine=4 requested_derefine_leaves=414 accepted_derefine_parents=4 created_leaves=12 deleted_leaves=0 mirror_mismatches=0
AMR_Z4C_CHI_PROLONGATION cycle=2555 local_fallback_groups=0,0,0,0 global_fallback_groups=0 global_high_order_groups=4096
elapsed=3.968752e+01 cycle=2555 time=1.672207e+01 dt=2.288818e-06
CARTOON_AMR_TRANSACTION cycle=2556 requested_refine=4 requested_derefine_leaves=424 accepted_derefine_parents=6 created_leaves=12 deleted_leaves=6 mirror_mismatches=0
AMR_Z4C_CHI_PROLONGATION cycle=2556 local_fallback_groups=0,0,0,0 global_fallback_groups=0 global_high_order_groups=4096
elapsed=3.975113e+01 cycle=2556 time=1.672207e+01 dt=2.288818e-06
CARTOON_AMR_TRANSACTION cycle=2557 requested_refine=0 requested_derefine_leaves=424 accepted_derefine_parents=4 created_leaves=0 deleted_leaves=0 mirror_mismatches=0
elapsed=3.979487e+01 cycle=2557 time=1.672207e+01 dt=2.288818e-06
CARTOON_AMR_TRANSACTION cycle=2558 requested_refine=2 requested_derefine_leaves=456 accepted_derefine_parents=20 created_leaves=6 deleted_leaves=48 mirror_mismatches=0
AMR_Z4C_CHI_PROLONGATION cycle=2558 local_fallback_groups=0,0,0,0 global_fallback_groups=0 global_high_order_groups=2048
elapsed=3.985337e+01 cycle=2558 time=1.672207e+01 dt=2.288818e-06
CARTOON_AMR_TRANSACTION cycle=2559 requested_refine=6 requested_derefine_leaves=396 accepted_derefine_parents=4 created_leaves=18 deleted_leaves=0 mirror_mismatches=0
AMR_Z4C_CHI_PROLONGATION cycle=2559 local_fallback_groups=0,0,0,0 global_fallback_groups=0 global_high_order_groups=6144
elapsed=3.990826e+01 cycle=2559 time=1.672208e+01 dt=2.288818e-06
CARTOON_AMR_TRANSACTION cycle=2560 requested_refine=2 requested_derefine_leaves=416 accepted_derefine_parents=8 created_leaves=6 deleted_leaves=12 mirror_mismatches=0
AMR_Z4C_CHI_PROLONGATION cycle=2560 local_fallback_groups=0,0,0,0 global_fallback_groups=0 global_high_order_groups=2048
elapsed=4.088009e+01 cycle=2560 time=1.672208e+01 dt=2.288818e-06
CARTOON_AMR_TRANSACTION cycle=2561 requested_refine=4 requested_derefine_leaves=404 accepted_derefine_parents=4 created_leaves=12 deleted_leaves=0 mirror_mismatches=0
AMR_Z4C_CHI_PROLONGATION cycle=2561 local_fallback_groups=0,0,0,0 global_fallback_groups=0 global_high_order_groups=4096
elapsed=4.093652e+01 cycle=2561 time=1.672208e+01 dt=2.288818e-06
CARTOON_AMR_TRANSACTION cycle=2562 requested_refine=2 requested_derefine_leaves=412 accepted_derefine_parents=4 created_leaves=6 deleted_leaves=0 mirror_mismatches=0
AMR_Z4C_CHI_PROLONGATION cycle=2562 local_fallback_groups=0,0,0,0 global_fallback_groups=0 global_high_order_groups=2048
elapsed=4.099369e+01 cycle=2562 time=1.672208e+01 dt=2.288818e-06
CARTOON_AMR_TRANSACTION cycle=2563 requested_refine=4 requested_derefine_leaves=416 accepted_derefine_parents=4 created_leaves=12 deleted_leaves=0 mirror_mismatches=0
AMR_Z4C_CHI_PROLONGATION cycle=2563 local_fallback_groups=0,0,0,0 global_fallback_groups=0 global_high_order_groups=4096
elapsed=4.104972e+01 cycle=2563 time=1.672209e+01 dt=2.288818e-06
CARTOON_AMR_TRANSACTION cycle=2564 requested_refine=2 requested_derefine_leaves=426 accepted_derefine_parents=4 created_leaves=6 deleted_leaves=0 mirror_mismatches=0
AMR_Z4C_CHI_PROLONGATION cycle=2564 local_fallback_groups=0,0,0,0 global_fallback_groups=0 global_high_order_groups=2048
elapsed=4.111436e+01 cycle=2564 time=1.672209e+01 dt=2.288818e-06
CARTOON_AMR_TRANSACTION cycle=2565 requested_refine=2 requested_derefine_leaves=428 accepted_derefine_parents=4 created_leaves=6 deleted_leaves=0 mirror_mismatches=0
AMR_Z4C_CHI_PROLONGATION cycle=2565 local_fallback_groups=0,0,0,0 global_fallback_groups=0 global_high_order_groups=2048
elapsed=4.117225e+01 cycle=2565 time=1.672209e+01 dt=2.288818e-06
CARTOON_AMR_TRANSACTION cycle=2566 requested_refine=4 requested_derefine_leaves=432 accepted_derefine_parents=4 created_leaves=12 deleted_leaves=0 mirror_mismatches=0
AMR_Z4C_CHI_PROLONGATION cycle=2566 local_fallback_groups=0,0,0,0 global_fallback_groups=0 global_high_order_groups=4096
elapsed=4.123200e+01 cycle=2566 time=1.672209e+01 dt=2.288818e-06
CARTOON_AMR_TRANSACTION cycle=2567 requested_refine=0 requested_derefine_leaves=440 accepted_derefine_parents=4 created_leaves=0 deleted_leaves=0 mirror_mismatches=0
elapsed=4.127931e+01 cycle=2567 time=1.672210e+01 dt=2.288818e-06
CARTOON_AMR_TRANSACTION cycle=2568 requested_refine=0 requested_derefine_leaves=440 accepted_derefine_parents=4 created_leaves=0 deleted_leaves=0 mirror_mismatches=0
elapsed=4.133093e+01 cycle=2568 time=1.672210e+01 dt=2.288818e-06
CARTOON_AMR_TRANSACTION cycle=2569 requested_refine=2 requested_derefine_leaves=440 accepted_derefine_parents=4 created_leaves=6 deleted_leaves=0 mirror_mismatches=0
AMR_Z4C_CHI_PROLONGATION cycle=2569 local_fallback_groups=0,0,0,0 global_fallback_groups=0 global_high_order_groups=2048
elapsed=4.139138e+01 cycle=2569 time=1.672210e+01 dt=2.288818e-06
CARTOON_AMR_TRANSACTION cycle=2570 requested_refine=2 requested_derefine_leaves=444 accepted_derefine_parents=4 created_leaves=12 deleted_leaves=0 mirror_mismatches=0
AMR_Z4C_CHI_PROLONGATION cycle=2570 local_fallback_groups=0,0,0,0 global_fallback_groups=0 global_high_order_groups=4096
elapsed=4.145351e+01 cycle=2570 time=1.672210e+01 dt=2.288818e-06
CARTOON_AMR_TRANSACTION cycle=2571 requested_refine=0 requested_derefine_leaves=454 accepted_derefine_parents=4 created_leaves=0 deleted_leaves=0 mirror_mismatches=0
elapsed=4.150195e+01 cycle=2571 time=1.672210e+01 dt=2.288818e-06
CARTOON_AMR_TRANSACTION cycle=2572 requested_refine=4 requested_derefine_leaves=452 accepted_derefine_parents=4 created_leaves=12 deleted_leaves=0 mirror_mismatches=0
AMR_Z4C_CHI_PROLONGATION cycle=2572 local_fallback_groups=0,0,0,0 global_fallback_groups=0 global_high_order_groups=4096
elapsed=4.157138e+01 cycle=2572 time=1.672211e+01 dt=2.288818e-06
CARTOON_AMR_TRANSACTION cycle=2573 requested_refine=2 requested_derefine_leaves=460 accepted_derefine_parents=4 created_leaves=6 deleted_leaves=0 mirror_mismatches=0
AMR_Z4C_CHI_PROLONGATION cycle=2573 local_fallback_groups=0,0,0,0 global_fallback_groups=0 global_high_order_groups=2048
elapsed=4.163705e+01 cycle=2573 time=1.672211e+01 dt=2.288818e-06
CARTOON_AMR_TRANSACTION cycle=2574 requested_refine=0 requested_derefine_leaves=464 accepted_derefine_parents=4 created_leaves=0 deleted_leaves=0 mirror_mismatches=0
elapsed=4.168881e+01 cycle=2574 time=1.672211e+01 dt=2.288818e-06
CARTOON_AMR_TRANSACTION cycle=2575 requested_refine=4 requested_derefine_leaves=464 accepted_derefine_parents=4 created_leaves=12 deleted_leaves=0 mirror_mismatches=0
AMR_Z4C_CHI_PROLONGATION cycle=2575 local_fallback_groups=0,0,0,0 global_fallback_groups=0 global_high_order_groups=4096
elapsed=4.175695e+01 cycle=2575 time=1.672211e+01 dt=2.288818e-06
CARTOON_AMR_TRANSACTION cycle=2576 requested_refine=0 requested_derefine_leaves=472 accepted_derefine_parents=4 created_leaves=0 deleted_leaves=0 mirror_mismatches=0
elapsed=4.181223e+01 cycle=2576 time=1.672212e+01 dt=2.288818e-06
CARTOON_AMR_TRANSACTION cycle=2577 requested_refine=0 requested_derefine_leaves=472 accepted_derefine_parents=4 created_leaves=0 deleted_leaves=0 mirror_mismatches=0
elapsed=4.186342e+01 cycle=2577 time=1.672212e+01 dt=2.288818e-06
CARTOON_AMR_TRANSACTION cycle=2578 requested_refine=0 requested_derefine_leaves=470 accepted_derefine_parents=4 created_leaves=0 deleted_leaves=0 mirror_mismatches=0
elapsed=4.191469e+01 cycle=2578 time=1.672212e+01 dt=2.288818e-06
CARTOON_AMR_TRANSACTION cycle=2579 requested_refine=2 requested_derefine_leaves=470 accepted_derefine_parents=4 created_leaves=6 deleted_leaves=0 mirror_mismatches=0
AMR_Z4C_CHI_PROLONGATION cycle=2579 local_fallback_groups=0,0,0,0 global_fallback_groups=0 global_high_order_groups=2048
elapsed=4.197997e+01 cycle=2579 time=1.672212e+01 dt=2.288818e-06
CARTOON_AMR_TRANSACTION cycle=2580 requested_refine=2 requested_derefine_leaves=474 accepted_derefine_parents=4 created_leaves=6 deleted_leaves=0 mirror_mismatches=0
AMR_Z4C_CHI_PROLONGATION cycle=2580 local_fallback_groups=0,0,0,0 global_fallback_groups=0 global_high_order_groups=2048
elapsed=4.205079e+01 cycle=2580 time=1.672213e+01 dt=2.288818e-06
CARTOON_AMR_TRANSACTION cycle=2581 requested_refine=0 requested_derefine_leaves=478 accepted_derefine_parents=4 created_leaves=0 deleted_leaves=0 mirror_mismatches=0
elapsed=4.210257e+01 cycle=2581 time=1.672213e+01 dt=2.288818e-06
CARTOON_AMR_TRANSACTION cycle=2582 requested_refine=0 requested_derefine_leaves=478 accepted_derefine_parents=4 created_leaves=0 deleted_leaves=0 mirror_mismatches=0
elapsed=4.215374e+01 cycle=2582 time=1.672213e+01 dt=2.288818e-06
CARTOON_AMR_TRANSACTION cycle=2583 requested_refine=0 requested_derefine_leaves=476 accepted_derefine_parents=4 created_leaves=0 deleted_leaves=0 mirror_mismatches=0
elapsed=4.220500e+01 cycle=2583 time=1.672213e+01 dt=2.288818e-06
CARTOON_AMR_TRANSACTION cycle=2584 requested_refine=2 requested_derefine_leaves=476 accepted_derefine_parents=4 created_leaves=6 deleted_leaves=0 mirror_mismatches=0
AMR_Z4C_CHI_PROLONGATION cycle=2584 local_fallback_groups=0,0,0,0 global_fallback_groups=0 global_high_order_groups=2048
elapsed=4.227656e+01 cycle=2584 time=1.672213e+01 dt=2.288818e-06
CARTOON_AMR_TRANSACTION cycle=2585 requested_refine=18 requested_derefine_leaves=480 accepted_derefine_parents=4 created_leaves=54 deleted_leaves=0 mirror_mismatches=0
AMR_Z4C_CHI_PROLONGATION cycle=2585 local_fallback_groups=0,0,0,0 global_fallback_groups=0 global_high_order_groups=18432
elapsed=4.235041e+01 cycle=2585 time=1.672214e+01 dt=2.288818e-06
CARTOON_AMR_TRANSACTION cycle=2586 requested_refine=2 requested_derefine_leaves=516 accepted_derefine_parents=4 created_leaves=6 deleted_leaves=0 mirror_mismatches=0
AMR_Z4C_CHI_PROLONGATION cycle=2586 local_fallback_groups=0,0,0,0 global_fallback_groups=0 global_high_order_groups=2048
elapsed=4.242164e+01 cycle=2586 time=1.672214e+01 dt=2.288818e-06
CARTOON_AMR_TRANSACTION cycle=2587 requested_refine=4 requested_derefine_leaves=522 accepted_derefine_parents=4 created_leaves=12 deleted_leaves=0 mirror_mismatches=0
AMR_Z4C_CHI_PROLONGATION cycle=2587 local_fallback_groups=0,0,0,0 global_fallback_groups=0 global_high_order_groups=4096
elapsed=4.249444e+01 cycle=2587 time=1.672214e+01 dt=2.288818e-06
CARTOON_AMR_TRANSACTION cycle=2588 requested_refine=2 requested_derefine_leaves=530 accepted_derefine_parents=4 created_leaves=6 deleted_leaves=0 mirror_mismatches=0
AMR_Z4C_CHI_PROLONGATION cycle=2588 local_fallback_groups=0,0,0,0 global_fallback_groups=0 global_high_order_groups=2048
elapsed=4.257339e+01 cycle=2588 time=1.672214e+01 dt=2.288818e-06
CARTOON_AMR_TRANSACTION cycle=2589 requested_refine=2 requested_derefine_leaves=534 accepted_derefine_parents=4 created_leaves=6 deleted_leaves=0 mirror_mismatches=0
AMR_Z4C_CHI_PROLONGATION cycle=2589 local_fallback_groups=0,0,0,0 global_fallback_groups=0 global_high_order_groups=2048
elapsed=4.264356e+01 cycle=2589 time=1.672215e+01 dt=2.288818e-06
CARTOON_AMR_TRANSACTION cycle=2590 requested_refine=2 requested_derefine_leaves=540 accepted_derefine_parents=6 created_leaves=6 deleted_leaves=6 mirror_mismatches=0
AMR_Z4C_CHI_PROLONGATION cycle=2590 local_fallback_groups=0,0,0,0 global_fallback_groups=0 global_high_order_groups=2048
elapsed=4.271430e+01 cycle=2590 time=1.672215e+01 dt=2.288818e-06
CARTOON_AMR_TRANSACTION cycle=2591 requested_refine=0 requested_derefine_leaves=538 accepted_derefine_parents=6 created_leaves=0 deleted_leaves=6 mirror_mismatches=0
elapsed=4.278684e+01 cycle=2591 time=1.672215e+01 dt=2.288818e-06
CARTOON_AMR_TRANSACTION cycle=2592 requested_refine=0 requested_derefine_leaves=530 accepted_derefine_parents=4 created_leaves=0 deleted_leaves=0 mirror_mismatches=0
elapsed=4.284918e+01 cycle=2592 time=1.672215e+01 dt=2.288818e-06
CARTOON_AMR_TRANSACTION cycle=2593 requested_refine=0 requested_derefine_leaves=536 accepted_derefine_parents=6 created_leaves=0 deleted_leaves=6 mirror_mismatches=0
elapsed=4.292286e+01 cycle=2593 time=1.672215e+01 dt=2.288818e-06
CARTOON_AMR_TRANSACTION cycle=2594 requested_refine=4 requested_derefine_leaves=530 accepted_derefine_parents=6 created_leaves=12 deleted_leaves=6 mirror_mismatches=0
AMR_Z4C_CHI_PROLONGATION cycle=2594 local_fallback_groups=0,0,0,0 global_fallback_groups=0 global_high_order_groups=4096
elapsed=4.299564e+01 cycle=2594 time=1.672216e+01 dt=2.288818e-06
CARTOON_AMR_TRANSACTION cycle=2595 requested_refine=0 requested_derefine_leaves=532 accepted_derefine_parents=4 created_leaves=0 deleted_leaves=0 mirror_mismatches=0
elapsed=4.305297e+01 cycle=2595 time=1.672216e+01 dt=2.288818e-06
CARTOON_AMR_TRANSACTION cycle=2596 requested_refine=2 requested_derefine_leaves=536 accepted_derefine_parents=6 created_leaves=6 deleted_leaves=6 mirror_mismatches=0
AMR_Z4C_CHI_PROLONGATION cycle=2596 local_fallback_groups=0,0,0,0 global_fallback_groups=0 global_high_order_groups=2048
elapsed=4.313072e+01 cycle=2596 time=1.672216e+01 dt=2.288818e-06
CARTOON_AMR_TRANSACTION cycle=2597 requested_refine=0 requested_derefine_leaves=534 accepted_derefine_parents=6 created_leaves=0 deleted_leaves=6 mirror_mismatches=0
elapsed=4.320267e+01 cycle=2597 time=1.672216e+01 dt=2.288818e-06
CARTOON_AMR_TRANSACTION cycle=2598 requested_refine=4 requested_derefine_leaves=528 accepted_derefine_parents=4 created_leaves=12 deleted_leaves=0 mirror_mismatches=0
AMR_Z4C_CHI_PROLONGATION cycle=2598 local_fallback_groups=0,0,0,0 global_fallback_groups=0 global_high_order_groups=4096
elapsed=4.327561e+01 cycle=2598 time=1.672217e+01 dt=2.288818e-06
CARTOON_AMR_TRANSACTION cycle=2599 requested_refine=34 requested_derefine_leaves=538 accepted_derefine_parents=4 created_leaves=102 deleted_leaves=0 mirror_mismatches=0
AMR_Z4C_CHI_PROLONGATION cycle=2599 local_fallback_groups=0,0,0,0 global_fallback_groups=0 global_high_order_groups=34816
elapsed=4.337109e+01 cycle=2599 time=1.672217e+01 dt=1.144409e-06
CARTOON_AMR_TRANSACTION cycle=2600 requested_refine=4 requested_derefine_leaves=606 accepted_derefine_parents=4 created_leaves=12 deleted_leaves=0 mirror_mismatches=0
AMR_Z4C_CHI_PROLONGATION cycle=2600 local_fallback_groups=0,0,0,0 global_fallback_groups=0 global_high_order_groups=4096
elapsed=4.346084e+01 cycle=2600 time=1.672217e+01 dt=1.144409e-06
CARTOON_AMR_TRANSACTION cycle=2601 requested_refine=0 requested_derefine_leaves=612 accepted_derefine_parents=4 created_leaves=0 deleted_leaves=0 mirror_mismatches=0
elapsed=4.352794e+01 cycle=2601 time=1.672217e+01 dt=1.144409e-06
CARTOON_AMR_TRANSACTION cycle=2602 requested_refine=8 requested_derefine_leaves=610 accepted_derefine_parents=4 created_leaves=24 deleted_leaves=0 mirror_mismatches=0
AMR_Z4C_CHI_PROLONGATION cycle=2602 local_fallback_groups=0,0,0,0 global_fallback_groups=0 global_high_order_groups=8192
elapsed=4.361491e+01 cycle=2602 time=1.672217e+01 dt=1.144409e-06
CARTOON_AMR_TRANSACTION cycle=2603 requested_refine=2 requested_derefine_leaves=626 accepted_derefine_parents=4 created_leaves=6 deleted_leaves=0 mirror_mismatches=0
AMR_Z4C_CHI_PROLONGATION cycle=2603 local_fallback_groups=0,0,0,0 global_fallback_groups=0 global_high_order_groups=2048
elapsed=4.370009e+01 cycle=2603 time=1.672217e+01 dt=1.144409e-06
CARTOON_AMR_TRANSACTION cycle=2604 requested_refine=2 requested_derefine_leaves=630 accepted_derefine_parents=4 created_leaves=6 deleted_leaves=0 mirror_mismatches=0
AMR_Z4C_CHI_PROLONGATION cycle=2604 local_fallback_groups=0,0,0,0 global_fallback_groups=0 global_high_order_groups=2048
elapsed=4.379348e+01 cycle=2604 time=1.672217e+01 dt=1.144409e-06
CARTOON_AMR_TRANSACTION cycle=2605 requested_refine=0 requested_derefine_leaves=634 accepted_derefine_parents=4 created_leaves=0 deleted_leaves=0 mirror_mismatches=0
elapsed=4.386013e+01 cycle=2605 time=1.672218e+01 dt=1.144409e-06
CARTOON_AMR_TRANSACTION cycle=2606 requested_refine=0 requested_derefine_leaves=634 accepted_derefine_parents=4 created_leaves=0 deleted_leaves=0 mirror_mismatches=0
elapsed=4.392829e+01 cycle=2606 time=1.672218e+01 dt=1.144409e-06
CARTOON_AMR_TRANSACTION cycle=2607 requested_refine=0 requested_derefine_leaves=634 accepted_derefine_parents=4 created_leaves=0 deleted_leaves=0 mirror_mismatches=0
elapsed=4.399546e+01 cycle=2607 time=1.672218e+01 dt=1.144409e-06
CARTOON_AMR_TRANSACTION cycle=2608 requested_refine=0 requested_derefine_leaves=636 accepted_derefine_parents=4 created_leaves=0 deleted_leaves=0 mirror_mismatches=0
elapsed=4.406965e+01 cycle=2608 time=1.672218e+01 dt=1.144409e-06
CARTOON_AMR_TRANSACTION cycle=2609 requested_refine=2 requested_derefine_leaves=636 accepted_derefine_parents=4 created_leaves=6 deleted_leaves=0 mirror_mismatches=0
AMR_Z4C_CHI_PROLONGATION cycle=2609 local_fallback_groups=0,0,0,0 global_fallback_groups=0 global_high_order_groups=2048
elapsed=4.415671e+01 cycle=2609 time=1.672218e+01 dt=1.144409e-06
CARTOON_AMR_TRANSACTION cycle=2610 requested_refine=2 requested_derefine_leaves=640 accepted_derefine_parents=4 created_leaves=6 deleted_leaves=0 mirror_mismatches=0
AMR_Z4C_CHI_PROLONGATION cycle=2610 local_fallback_groups=0,0,0,0 global_fallback_groups=0 global_high_order_groups=2048
elapsed=4.424376e+01 cycle=2610 time=1.672218e+01 dt=1.144409e-06
CARTOON_AMR_TRANSACTION cycle=2611 requested_refine=0 requested_derefine_leaves=644 accepted_derefine_parents=4 created_leaves=0 deleted_leaves=0 mirror_mismatches=0
elapsed=4.431243e+01 cycle=2611 time=1.672218e+01 dt=1.144409e-06
CARTOON_AMR_TRANSACTION cycle=2612 requested_refine=2 requested_derefine_leaves=644 accepted_derefine_parents=4 created_leaves=6 deleted_leaves=0 mirror_mismatches=0
AMR_Z4C_CHI_PROLONGATION cycle=2612 local_fallback_groups=0,0,0,0 global_fallback_groups=0 global_high_order_groups=2048
elapsed=4.440680e+01 cycle=2612 time=1.672218e+01 dt=1.144409e-06
CARTOON_AMR_TRANSACTION cycle=2613 requested_refine=2 requested_derefine_leaves=652 accepted_derefine_parents=4 created_leaves=6 deleted_leaves=0 mirror_mismatches=0
AMR_Z4C_CHI_PROLONGATION cycle=2613 local_fallback_groups=0,0,0,0 global_fallback_groups=0 global_high_order_groups=2048
elapsed=4.449417e+01 cycle=2613 time=1.672218e+01 dt=1.144409e-06
CARTOON_AMR_TRANSACTION cycle=2614 requested_refine=0 requested_derefine_leaves=654 accepted_derefine_parents=4 created_leaves=0 deleted_leaves=0 mirror_mismatches=0
elapsed=4.456317e+01 cycle=2614 time=1.672219e+01 dt=1.144409e-06
CARTOON_AMR_TRANSACTION cycle=2615 requested_refine=0 requested_derefine_leaves=654 accepted_derefine_parents=4 created_leaves=0 deleted_leaves=0 mirror_mismatches=0
elapsed=4.463180e+01 cycle=2615 time=1.672219e+01 dt=1.144409e-06
CARTOON_AMR_TRANSACTION cycle=2616 requested_refine=0 requested_derefine_leaves=654 accepted_derefine_parents=4 created_leaves=0 deleted_leaves=0 mirror_mismatches=0
elapsed=4.470740e+01 cycle=2616 time=1.672219e+01 dt=1.144409e-06
CARTOON_AMR_TRANSACTION cycle=2617 requested_refine=2 requested_derefine_leaves=656 accepted_derefine_parents=4 created_leaves=6 deleted_leaves=0 mirror_mismatches=0
AMR_Z4C_CHI_PROLONGATION cycle=2617 local_fallback_groups=0,0,0,0 global_fallback_groups=0 global_high_order_groups=2048
elapsed=4.479644e+01 cycle=2617 time=1.672219e+01 dt=1.144409e-06
CARTOON_AMR_TRANSACTION cycle=2618 requested_refine=0 requested_derefine_leaves=666 accepted_derefine_parents=8 created_leaves=0 deleted_leaves=12 mirror_mismatches=0
elapsed=4.488556e+01 cycle=2618 time=1.672219e+01 dt=1.144409e-06
CARTOON_AMR_TRANSACTION cycle=2619 requested_refine=0 requested_derefine_leaves=652 accepted_derefine_parents=4 created_leaves=0 deleted_leaves=0 mirror_mismatches=0
elapsed=4.495288e+01 cycle=2619 time=1.672219e+01 dt=1.144409e-06
CARTOON_AMR_TRANSACTION cycle=2620 requested_refine=0 requested_derefine_leaves=650 accepted_derefine_parents=4 created_leaves=0 deleted_leaves=0 mirror_mismatches=0
elapsed=4.502617e+01 cycle=2620 time=1.672219e+01 dt=1.144409e-06
CARTOON_AMR_TRANSACTION cycle=2621 requested_refine=0 requested_derefine_leaves=654 accepted_derefine_parents=6 created_leaves=0 deleted_leaves=6 mirror_mismatches=0
elapsed=4.511357e+01 cycle=2621 time=1.672219e+01 dt=1.144409e-06
CARTOON_AMR_TRANSACTION cycle=2622 requested_refine=2 requested_derefine_leaves=648 accepted_derefine_parents=4 created_leaves=6 deleted_leaves=0 mirror_mismatches=0
AMR_Z4C_CHI_PROLONGATION cycle=2622 local_fallback_groups=0,0,0,0 global_fallback_groups=0 global_high_order_groups=2048
elapsed=4.519927e+01 cycle=2622 time=1.672220e+01 dt=1.144409e-06
CARTOON_AMR_TRANSACTION cycle=2623 requested_refine=0 requested_derefine_leaves=652 accepted_derefine_parents=4 created_leaves=0 deleted_leaves=0 mirror_mismatches=0
elapsed=4.526713e+01 cycle=2623 time=1.672220e+01 dt=1.144409e-06
CARTOON_AMR_TRANSACTION cycle=2624 requested_refine=0 requested_derefine_leaves=654 accepted_derefine_parents=6 created_leaves=0 deleted_leaves=6 mirror_mismatches=0
elapsed=4.621316e+01 cycle=2624 time=1.672220e+01 dt=1.144409e-06
CARTOON_AMR_TRANSACTION cycle=2625 requested_refine=0 requested_derefine_leaves=650 accepted_derefine_parents=4 created_leaves=0 deleted_leaves=0 mirror_mismatches=0
elapsed=4.628078e+01 cycle=2625 time=1.672220e+01 dt=1.144409e-06
CARTOON_AMR_TRANSACTION cycle=2626 requested_refine=4 requested_derefine_leaves=650 accepted_derefine_parents=4 created_leaves=18 deleted_leaves=0 mirror_mismatches=0
AMR_Z4C_CHI_PROLONGATION cycle=2626 local_fallback_groups=0,0,0,0 global_fallback_groups=0 global_high_order_groups=6144
elapsed=4.636881e+01 cycle=2626 time=1.672220e+01 dt=5.722046e-07
CARTOON_AMR_TRANSACTION cycle=2627 requested_refine=0 requested_derefine_leaves=668 accepted_derefine_parents=6 created_leaves=0 deleted_leaves=6 mirror_mismatches=0
elapsed=4.645766e+01 cycle=2627 time=1.672220e+01 dt=5.722046e-07
CARTOON_AMR_TRANSACTION cycle=2628 requested_refine=0 requested_derefine_leaves=666 accepted_derefine_parents=4 created_leaves=0 deleted_leaves=0 mirror_mismatches=0
elapsed=4.653441e+01 cycle=2628 time=1.672220e+01 dt=5.722046e-07
CARTOON_AMR_TRANSACTION cycle=2629 requested_refine=0 requested_derefine_leaves=666 accepted_derefine_parents=6 created_leaves=0 deleted_leaves=6 mirror_mismatches=0
elapsed=4.662330e+01 cycle=2629 time=1.672220e+01 dt=5.722046e-07
CARTOON_AMR_TRANSACTION cycle=2630 requested_refine=0 requested_derefine_leaves=660 accepted_derefine_parents=8 created_leaves=0 deleted_leaves=12 mirror_mismatches=0
elapsed=4.670799e+01 cycle=2630 time=1.672220e+01 dt=5.722046e-07
CARTOON_AMR_TRANSACTION cycle=2631 requested_refine=2 requested_derefine_leaves=646 accepted_derefine_parents=4 created_leaves=6 deleted_leaves=0 mirror_mismatches=0
AMR_Z4C_CHI_PROLONGATION cycle=2631 local_fallback_groups=0,0,0,0 global_fallback_groups=0 global_high_order_groups=2048
elapsed=4.679407e+01 cycle=2631 time=1.672220e+01 dt=5.722046e-07
CARTOON_AMR_TRANSACTION cycle=2632 requested_refine=0 requested_derefine_leaves=652 accepted_derefine_parents=6 created_leaves=0 deleted_leaves=6 mirror_mismatches=0
elapsed=4.688382e+01 cycle=2632 time=1.672220e+01 dt=5.722046e-07
CARTOON_AMR_TRANSACTION cycle=2633 requested_refine=2 requested_derefine_leaves=644 accepted_derefine_parents=4 created_leaves=6 deleted_leaves=0 mirror_mismatches=0
AMR_Z4C_CHI_PROLONGATION cycle=2633 local_fallback_groups=0,0,0,0 global_fallback_groups=0 global_high_order_groups=2048
elapsed=4.696982e+01 cycle=2633 time=1.672220e+01 dt=5.722046e-07
CARTOON_AMR_TRANSACTION cycle=2634 requested_refine=0 requested_derefine_leaves=648 accepted_derefine_parents=4 created_leaves=0 deleted_leaves=0 mirror_mismatches=0
elapsed=4.703602e+01 cycle=2634 time=1.672220e+01 dt=5.722046e-07
CARTOON_AMR_TRANSACTION cycle=2635 requested_refine=0 requested_derefine_leaves=654 accepted_derefine_parents=6 created_leaves=0 deleted_leaves=0 mirror_mismatches=0
elapsed=4.710185e+01 cycle=2635 time=1.672220e+01 dt=5.722046e-07
CARTOON_AMR_TRANSACTION cycle=2636 requested_refine=0 requested_derefine_leaves=666 accepted_derefine_parents=10 created_leaves=0 deleted_leaves=12 mirror_mismatches=0
elapsed=4.719273e+01 cycle=2636 time=1.672221e+01 dt=5.722046e-07
CARTOON_AMR_TRANSACTION cycle=2637 requested_refine=0 requested_derefine_leaves=698 accepted_derefine_parents=32 created_leaves=0 deleted_leaves=84 mirror_mismatches=0
elapsed=4.727911e+01 cycle=2637 time=1.672221e+01 dt=5.722046e-07
CARTOON_AMR_TRANSACTION cycle=2638 requested_refine=2 requested_derefine_leaves=588 accepted_derefine_parents=4 created_leaves=12 deleted_leaves=0 mirror_mismatches=0
AMR_Z4C_CHI_PROLONGATION cycle=2638 local_fallback_groups=0,0,0,0 global_fallback_groups=0 global_high_order_groups=4096
elapsed=4.735791e+01 cycle=2638 time=1.672221e+01 dt=5.722046e-07
CARTOON_AMR_TRANSACTION cycle=2639 requested_refine=4 requested_derefine_leaves=602 accepted_derefine_parents=8 created_leaves=12 deleted_leaves=6 mirror_mismatches=0
AMR_Z4C_CHI_PROLONGATION cycle=2639 local_fallback_groups=0,0,0,0 global_fallback_groups=0 global_high_order_groups=4096
elapsed=4.743839e+01 cycle=2639 time=1.672221e+01 dt=5.722046e-07
CARTOON_AMR_TRANSACTION cycle=2640 requested_refine=0 requested_derefine_leaves=616 accepted_derefine_parents=10 created_leaves=0 deleted_leaves=12 mirror_mismatches=0
elapsed=4.752180e+01 cycle=2640 time=1.672221e+01 dt=5.722046e-07
CARTOON_AMR_TRANSACTION cycle=2641 requested_refine=0 requested_derefine_leaves=610 accepted_derefine_parents=14 created_leaves=0 deleted_leaves=24 mirror_mismatches=0
elapsed=4.759854e+01 cycle=2641 time=1.672221e+01 dt=5.722046e-07
CARTOON_AMR_TRANSACTION cycle=2642 requested_refine=0 requested_derefine_leaves=578 accepted_derefine_parents=6 created_leaves=0 deleted_leaves=0 mirror_mismatches=0
elapsed=4.765796e+01 cycle=2642 time=1.672221e+01 dt=5.722046e-07
CARTOON_AMR_TRANSACTION cycle=2643 requested_refine=0 requested_derefine_leaves=578 accepted_derefine_parents=6 created_leaves=0 deleted_leaves=0 mirror_mismatches=0
elapsed=4.771733e+01 cycle=2643 time=1.672221e+01 dt=5.722046e-07
CARTOON_AMR_TRANSACTION cycle=2644 requested_refine=0 requested_derefine_leaves=592 accepted_derefine_parents=14 created_leaves=0 deleted_leaves=24 mirror_mismatches=0
elapsed=4.779883e+01 cycle=2644 time=1.672221e+01 dt=5.722046e-07
CARTOON_AMR_TRANSACTION cycle=2645 requested_refine=2 requested_derefine_leaves=562 accepted_derefine_parents=8 created_leaves=6 deleted_leaves=6 mirror_mismatches=0
AMR_Z4C_CHI_PROLONGATION cycle=2645 local_fallback_groups=0,0,0,0 global_fallback_groups=0 global_high_order_groups=2048
elapsed=4.787174e+01 cycle=2645 time=1.672221e+01 dt=5.722046e-07
CARTOON_AMR_TRANSACTION cycle=2646 requested_refine=20 requested_derefine_leaves=558 accepted_derefine_parents=6 created_leaves=60 deleted_leaves=0 mirror_mismatches=0
AMR_Z4C_CHI_PROLONGATION cycle=2646 local_fallback_groups=0,0,0,0 global_fallback_groups=0 global_high_order_groups=20480
elapsed=4.795492e+01 cycle=2646 time=1.672221e+01 dt=5.722046e-07
CARTOON_AMR_TRANSACTION cycle=2647 requested_refine=10 requested_derefine_leaves=598 accepted_derefine_parents=6 created_leaves=30 deleted_leaves=0 mirror_mismatches=0
AMR_Z4C_CHI_PROLONGATION cycle=2647 local_fallback_groups=0,0,0,0 global_fallback_groups=0 global_high_order_groups=10240
elapsed=4.803886e+01 cycle=2647 time=1.672221e+01 dt=5.722046e-07
CARTOON_AMR_TRANSACTION cycle=2648 requested_refine=4 requested_derefine_leaves=618 accepted_derefine_parents=6 created_leaves=12 deleted_leaves=0 mirror_mismatches=0
AMR_Z4C_CHI_PROLONGATION cycle=2648 local_fallback_groups=0,0,0,0 global_fallback_groups=0 global_high_order_groups=4096
elapsed=4.812898e+01 cycle=2648 time=1.672221e+01 dt=5.722046e-07
CARTOON_AMR_TRANSACTION cycle=2649 requested_refine=0 requested_derefine_leaves=626 accepted_derefine_parents=6 created_leaves=0 deleted_leaves=0 mirror_mismatches=0
elapsed=4.819409e+01 cycle=2649 time=1.672221e+01 dt=5.722046e-07
CARTOON_AMR_TRANSACTION cycle=2650 requested_refine=2 requested_derefine_leaves=628 accepted_derefine_parents=4 created_leaves=6 deleted_leaves=0 mirror_mismatches=0
AMR_Z4C_CHI_PROLONGATION cycle=2650 local_fallback_groups=0,0,0,0 global_fallback_groups=0 global_high_order_groups=2048
elapsed=4.827840e+01 cycle=2650 time=1.672221e+01 dt=5.722046e-07
CARTOON_AMR_TRANSACTION cycle=2651 requested_refine=0 requested_derefine_leaves=632 accepted_derefine_parents=6 created_leaves=0 deleted_leaves=6 mirror_mismatches=0
elapsed=4.836265e+01 cycle=2651 time=1.672221e+01 dt=5.722046e-07
CARTOON_AMR_TRANSACTION cycle=2652 requested_refine=62 requested_derefine_leaves=624 accepted_derefine_parents=4 created_leaves=186 deleted_leaves=0 mirror_mismatches=0
AMR_Z4C_CHI_PROLONGATION cycle=2652 local_fallback_groups=0,0,0,0 global_fallback_groups=0 global_high_order_groups=63488
elapsed=4.850614e+01 cycle=2652 time=1.672221e+01 dt=5.722046e-07
CARTOON_AMR_TRANSACTION cycle=2653 requested_refine=0 requested_derefine_leaves=748 accepted_derefine_parents=4 created_leaves=0 deleted_leaves=0 mirror_mismatches=0
elapsed=4.858618e+01 cycle=2653 time=1.672222e+01 dt=5.722046e-07
CARTOON_AMR_TRANSACTION cycle=2654 requested_refine=4 requested_derefine_leaves=750 accepted_derefine_parents=4 created_leaves=18 deleted_leaves=0 mirror_mismatches=0
AMR_Z4C_CHI_PROLONGATION cycle=2654 local_fallback_groups=0,0,0,0 global_fallback_groups=0 global_high_order_groups=6144
elapsed=4.869040e+01 cycle=2654 time=1.672222e+01 dt=5.722046e-07
CARTOON_AMR_TRANSACTION cycle=2655 requested_refine=0 requested_derefine_leaves=762 accepted_derefine_parents=4 created_leaves=0 deleted_leaves=0 mirror_mismatches=0
elapsed=4.876945e+01 cycle=2655 time=1.672222e+01 dt=5.722046e-07
CARTOON_AMR_TRANSACTION cycle=2656 requested_refine=8 requested_derefine_leaves=762 accepted_derefine_parents=4 created_leaves=24 deleted_leaves=0 mirror_mismatches=0
AMR_Z4C_CHI_PROLONGATION cycle=2656 local_fallback_groups=0,0,0,0 global_fallback_groups=0 global_high_order_groups=8192
elapsed=4.887941e+01 cycle=2656 time=1.672222e+01 dt=5.722046e-07
CARTOON_AMR_TRANSACTION cycle=2657 requested_refine=6 requested_derefine_leaves=778 accepted_derefine_parents=4 created_leaves=18 deleted_leaves=0 mirror_mismatches=0
AMR_Z4C_CHI_PROLONGATION cycle=2657 local_fallback_groups=0,0,0,0 global_fallback_groups=0 global_high_order_groups=6144
elapsed=4.898470e+01 cycle=2657 time=1.672222e+01 dt=5.722046e-07
CARTOON_AMR_TRANSACTION cycle=2658 requested_refine=4 requested_derefine_leaves=792 accepted_derefine_parents=6 created_leaves=12 deleted_leaves=6 mirror_mismatches=0
AMR_Z4C_CHI_PROLONGATION cycle=2658 local_fallback_groups=0,0,0,0 global_fallback_groups=0 global_high_order_groups=4096
elapsed=4.908974e+01 cycle=2658 time=1.672222e+01 dt=5.722046e-07
CARTOON_AMR_TRANSACTION cycle=2659 requested_refine=2 requested_derefine_leaves=800 accepted_derefine_parents=8 created_leaves=6 deleted_leaves=12 mirror_mismatches=0
AMR_Z4C_CHI_PROLONGATION cycle=2659 local_fallback_groups=0,0,0,0 global_fallback_groups=0 global_high_order_groups=2048
elapsed=4.919408e+01 cycle=2659 time=1.672222e+01 dt=5.722046e-07
CARTOON_AMR_TRANSACTION cycle=2660 requested_refine=8 requested_derefine_leaves=864 accepted_derefine_parents=42 created_leaves=30 deleted_leaves=114 mirror_mismatches=0
AMR_Z4C_CHI_PROLONGATION cycle=2660 local_fallback_groups=0,0,0,0 global_fallback_groups=0 global_high_order_groups=10240
elapsed=4.930978e+01 cycle=2660 time=1.672222e+01 dt=5.722046e-07
CARTOON_AMR_TRANSACTION cycle=2661 requested_refine=10 requested_derefine_leaves=764 accepted_derefine_parents=18 created_leaves=30 deleted_leaves=42 mirror_mismatches=0
AMR_Z4C_CHI_PROLONGATION cycle=2661 local_fallback_groups=0,0,0,0 global_fallback_groups=0 global_high_order_groups=10240
elapsed=4.940965e+01 cycle=2661 time=1.672222e+01 dt=5.722046e-07
CARTOON_AMR_TRANSACTION cycle=2662 requested_refine=0 requested_derefine_leaves=738 accepted_derefine_parents=8 created_leaves=0 deleted_leaves=12 mirror_mismatches=0
elapsed=4.950824e+01 cycle=2662 time=1.672222e+01 dt=5.722046e-07
CARTOON_AMR_TRANSACTION cycle=2663 requested_refine=0 requested_derefine_leaves=726 accepted_derefine_parents=8 created_leaves=0 deleted_leaves=12 mirror_mismatches=0
elapsed=4.960360e+01 cycle=2663 time=1.672222e+01 dt=5.722046e-07
CARTOON_AMR_TRANSACTION cycle=2664 requested_refine=0 requested_derefine_leaves=714 accepted_derefine_parents=8 created_leaves=0 deleted_leaves=12 mirror_mismatches=0
elapsed=4.970072e+01 cycle=2664 time=1.672222e+01 dt=5.722046e-07
CARTOON_AMR_TRANSACTION cycle=2665 requested_refine=0 requested_derefine_leaves=712 accepted_derefine_parents=10 created_leaves=0 deleted_leaves=18 mirror_mismatches=0
elapsed=4.979436e+01 cycle=2665 time=1.672222e+01 dt=5.722046e-07
CARTOON_AMR_TRANSACTION cycle=2666 requested_refine=0 requested_derefine_leaves=690 accepted_derefine_parents=6 created_leaves=0 deleted_leaves=6 mirror_mismatches=0
elapsed=4.988323e+01 cycle=2666 time=1.672222e+01 dt=5.722046e-07
CARTOON_AMR_TRANSACTION cycle=2667 requested_refine=2 requested_derefine_leaves=690 accepted_derefine_parents=8 created_leaves=6 deleted_leaves=12 mirror_mismatches=0
AMR_Z4C_CHI_PROLONGATION cycle=2667 local_fallback_groups=0,0,0,0 global_fallback_groups=0 global_high_order_groups=2048
elapsed=4.997134e+01 cycle=2667 time=1.672222e+01 dt=5.722046e-07
CARTOON_AMR_TRANSACTION cycle=2668 requested_refine=0 requested_derefine_leaves=680 accepted_derefine_parents=6 created_leaves=0 deleted_leaves=6 mirror_mismatches=0
elapsed=5.006416e+01 cycle=2668 time=1.672222e+01 dt=5.722046e-07
CARTOON_AMR_TRANSACTION cycle=2669 requested_refine=0 requested_derefine_leaves=696 accepted_derefine_parents=16 created_leaves=0 deleted_leaves=36 mirror_mismatches=0
elapsed=5.015396e+01 cycle=2669 time=1.672222e+01 dt=1.144409e-06
CARTOON_AMR_TRANSACTION cycle=2670 requested_refine=2 requested_derefine_leaves=648 accepted_derefine_parents=4 created_leaves=6 deleted_leaves=0 mirror_mismatches=0
AMR_Z4C_CHI_PROLONGATION cycle=2670 local_fallback_groups=0,0,0,0 global_fallback_groups=0 global_high_order_groups=2048
elapsed=5.024118e+01 cycle=2670 time=1.672223e+01 dt=1.144409e-06
CARTOON_AMR_TRANSACTION cycle=2671 requested_refine=2 requested_derefine_leaves=652 accepted_derefine_parents=4 created_leaves=6 deleted_leaves=0 mirror_mismatches=0
AMR_Z4C_CHI_PROLONGATION cycle=2671 local_fallback_groups=0,0,0,0 global_fallback_groups=0 global_high_order_groups=2048
elapsed=5.032703e+01 cycle=2671 time=1.672223e+01 dt=1.144409e-06
CARTOON_AMR_TRANSACTION cycle=2672 requested_refine=2 requested_derefine_leaves=658 accepted_derefine_parents=4 created_leaves=6 deleted_leaves=0 mirror_mismatches=0
AMR_Z4C_CHI_PROLONGATION cycle=2672 local_fallback_groups=0,0,0,0 global_fallback_groups=0 global_high_order_groups=2048
elapsed=5.041895e+01 cycle=2672 time=1.672223e+01 dt=1.144409e-06
CARTOON_AMR_TRANSACTION cycle=2673 requested_refine=34 requested_derefine_leaves=662 accepted_derefine_parents=4 created_leaves=102 deleted_leaves=0 mirror_mismatches=0
AMR_Z4C_CHI_PROLONGATION cycle=2673 local_fallback_groups=0,0,0,0 global_fallback_groups=0 global_high_order_groups=34816
elapsed=5.052803e+01 cycle=2673 time=1.672223e+01 dt=5.722046e-07
CARTOON_AMR_TRANSACTION cycle=2674 requested_refine=18 requested_derefine_leaves=730 accepted_derefine_parents=4 created_leaves=54 deleted_leaves=0 mirror_mismatches=0
AMR_Z4C_CHI_PROLONGATION cycle=2674 local_fallback_groups=0,0,0,0 global_fallback_groups=0 global_high_order_groups=18432
elapsed=5.063399e+01 cycle=2674 time=1.672223e+01 dt=5.722046e-07
CARTOON_AMR_TRANSACTION cycle=2675 requested_refine=6 requested_derefine_leaves=764 accepted_derefine_parents=4 created_leaves=18 deleted_leaves=0 mirror_mismatches=0
AMR_Z4C_CHI_PROLONGATION cycle=2675 local_fallback_groups=0,0,0,0 global_fallback_groups=0 global_high_order_groups=6144
elapsed=5.073569e+01 cycle=2675 time=1.672223e+01 dt=5.722046e-07
CARTOON_AMR_TRANSACTION cycle=2676 requested_refine=2 requested_derefine_leaves=776 accepted_derefine_parents=4 created_leaves=6 deleted_leaves=0 mirror_mismatches=0
AMR_Z4C_CHI_PROLONGATION cycle=2676 local_fallback_groups=0,0,0,0 global_fallback_groups=0 global_high_order_groups=2048
elapsed=5.084314e+01 cycle=2676 time=1.672223e+01 dt=5.722046e-07
CARTOON_AMR_TRANSACTION cycle=2677 requested_refine=4 requested_derefine_leaves=782 accepted_derefine_parents=4 created_leaves=12 deleted_leaves=0 mirror_mismatches=0
AMR_Z4C_CHI_PROLONGATION cycle=2677 local_fallback_groups=0,0,0,0 global_fallback_groups=0 global_high_order_groups=4096
elapsed=5.094560e+01 cycle=2677 time=1.672223e+01 dt=5.722046e-07
CARTOON_AMR_TRANSACTION cycle=2678 requested_refine=8 requested_derefine_leaves=790 accepted_derefine_parents=4 created_leaves=24 deleted_leaves=0 mirror_mismatches=0
AMR_Z4C_CHI_PROLONGATION cycle=2678 local_fallback_groups=0,0,0,0 global_fallback_groups=0 global_high_order_groups=8192
elapsed=5.104707e+01 cycle=2678 time=1.672223e+01 dt=5.722046e-07
CARTOON_AMR_TRANSACTION cycle=2679 requested_refine=6 requested_derefine_leaves=806 accepted_derefine_parents=4 created_leaves=18 deleted_leaves=0 mirror_mismatches=0
AMR_Z4C_CHI_PROLONGATION cycle=2679 local_fallback_groups=0,0,0,0 global_fallback_groups=0 global_high_order_groups=6144
elapsed=5.115437e+01 cycle=2679 time=1.672223e+01 dt=5.722046e-07
CARTOON_AMR_TRANSACTION cycle=2680 requested_refine=0 requested_derefine_leaves=816 accepted_derefine_parents=4 created_leaves=0 deleted_leaves=0 mirror_mismatches=0
elapsed=5.124451e+01 cycle=2680 time=1.672223e+01 dt=5.722046e-07
CARTOON_AMR_TRANSACTION cycle=2681 requested_refine=0 requested_derefine_leaves=816 accepted_derefine_parents=4 created_leaves=0 deleted_leaves=0 mirror_mismatches=0
elapsed=5.132832e+01 cycle=2681 time=1.672223e+01 dt=5.722046e-07
CARTOON_AMR_TRANSACTION cycle=2682 requested_refine=10 requested_derefine_leaves=818 accepted_derefine_parents=4 created_leaves=30 deleted_leaves=0 mirror_mismatches=0
AMR_Z4C_CHI_PROLONGATION cycle=2682 local_fallback_groups=0,0,0,0 global_fallback_groups=0 global_high_order_groups=10240
elapsed=5.143925e+01 cycle=2682 time=1.672223e+01 dt=5.722046e-07
CARTOON_AMR_TRANSACTION cycle=2683 requested_refine=4 requested_derefine_leaves=838 accepted_derefine_parents=4 created_leaves=12 deleted_leaves=0 mirror_mismatches=0
AMR_Z4C_CHI_PROLONGATION cycle=2683 local_fallback_groups=0,0,0,0 global_fallback_groups=0 global_high_order_groups=4096
elapsed=5.154911e+01 cycle=2683 time=1.672223e+01 dt=5.722046e-07
CARTOON_AMR_TRANSACTION cycle=2684 requested_refine=44 requested_derefine_leaves=846 accepted_derefine_parents=4 created_leaves=132 deleted_leaves=0 mirror_mismatches=0
AMR_Z4C_CHI_PROLONGATION cycle=2684 local_fallback_groups=0,0,0,0 global_fallback_groups=0 global_high_order_groups=45056
elapsed=5.170192e+01 cycle=2684 time=1.672224e+01 dt=2.861023e-07
CARTOON_AMR_TRANSACTION cycle=2685 requested_refine=20 requested_derefine_leaves=934 accepted_derefine_parents=4 created_leaves=60 deleted_leaves=0 mirror_mismatches=0
AMR_Z4C_CHI_PROLONGATION cycle=2685 local_fallback_groups=0,0,0,0 global_fallback_groups=0 global_high_order_groups=20480
elapsed=5.183470e+01 cycle=2685 time=1.672224e+01 dt=2.861023e-07
CARTOON_AMR_TRANSACTION cycle=2686 requested_refine=28 requested_derefine_leaves=974 accepted_derefine_parents=4 created_leaves=84 deleted_leaves=0 mirror_mismatches=0
AMR_Z4C_CHI_PROLONGATION cycle=2686 local_fallback_groups=0,0,0,0 global_fallback_groups=0 global_high_order_groups=28672
elapsed=5.198648e+01 cycle=2686 time=1.672224e+01 dt=2.861023e-07
CARTOON_AMR_TRANSACTION cycle=2687 requested_refine=18 requested_derefine_leaves=1030 accepted_derefine_parents=4 created_leaves=54 deleted_leaves=0 mirror_mismatches=0
AMR_Z4C_CHI_PROLONGATION cycle=2687 local_fallback_groups=0,0,0,0 global_fallback_groups=0 global_high_order_groups=18432
elapsed=5.213940e+01 cycle=2687 time=1.672224e+01 dt=2.861023e-07
CARTOON_AMR_TRANSACTION cycle=2688 requested_refine=8 requested_derefine_leaves=1066 accepted_derefine_parents=4 created_leaves=24 deleted_leaves=0 mirror_mismatches=0
AMR_Z4C_CHI_PROLONGATION cycle=2688 local_fallback_groups=0,0,0,0 global_fallback_groups=0 global_high_order_groups=8192
elapsed=5.475833e+01 cycle=2688 time=1.672224e+01 dt=2.861023e-07
CARTOON_AMR_TRANSACTION cycle=2689 requested_refine=0 requested_derefine_leaves=1082 accepted_derefine_parents=4 created_leaves=0 deleted_leaves=0 mirror_mismatches=0
elapsed=5.487947e+01 cycle=2689 time=1.672224e+01 dt=2.861023e-07
CARTOON_AMR_TRANSACTION cycle=2690 requested_refine=2 requested_derefine_leaves=1082 accepted_derefine_parents=4 created_leaves=6 deleted_leaves=0 mirror_mismatches=0
AMR_Z4C_CHI_PROLONGATION cycle=2690 local_fallback_groups=0,0,0,0 global_fallback_groups=0 global_high_order_groups=2048
elapsed=5.503288e+01 cycle=2690 time=1.672224e+01 dt=2.861023e-07
CARTOON_AMR_TRANSACTION cycle=2691 requested_refine=2 requested_derefine_leaves=1086 accepted_derefine_parents=4 created_leaves=6 deleted_leaves=0 mirror_mismatches=0
AMR_Z4C_CHI_PROLONGATION cycle=2691 local_fallback_groups=0,0,0,0 global_fallback_groups=0 global_high_order_groups=2048
elapsed=5.519373e+01 cycle=2691 time=1.672224e+01 dt=2.861023e-07
CARTOON_AMR_TRANSACTION cycle=2692 requested_refine=0 requested_derefine_leaves=1090 accepted_derefine_parents=4 created_leaves=0 deleted_leaves=0 mirror_mismatches=0
elapsed=5.532238e+01 cycle=2692 time=1.672224e+01 dt=2.861023e-07
CARTOON_AMR_TRANSACTION cycle=2693 requested_refine=12 requested_derefine_leaves=1090 accepted_derefine_parents=4 created_leaves=36 deleted_leaves=0 mirror_mismatches=0
AMR_Z4C_CHI_PROLONGATION cycle=2693 local_fallback_groups=0,0,0,0 global_fallback_groups=0 global_high_order_groups=12288
elapsed=5.547931e+01 cycle=2693 time=1.672224e+01 dt=2.861023e-07
CARTOON_AMR_TRANSACTION cycle=2694 requested_refine=8 requested_derefine_leaves=1112 accepted_derefine_parents=4 created_leaves=24 deleted_leaves=0 mirror_mismatches=0
AMR_Z4C_CHI_PROLONGATION cycle=2694 local_fallback_groups=0,0,0,0 global_fallback_groups=0 global_high_order_groups=8192
elapsed=5.564446e+01 cycle=2694 time=1.672224e+01 dt=2.861023e-07
CARTOON_AMR_TRANSACTION cycle=2695 requested_refine=2 requested_derefine_leaves=1128 accepted_derefine_parents=4 created_leaves=6 deleted_leaves=0 mirror_mismatches=0
AMR_Z4C_CHI_PROLONGATION cycle=2695 local_fallback_groups=0,0,0,0 global_fallback_groups=0 global_high_order_groups=2048
elapsed=5.580610e+01 cycle=2695 time=1.672224e+01 dt=2.861023e-07
CARTOON_AMR_TRANSACTION cycle=2696 requested_refine=2 requested_derefine_leaves=1132 accepted_derefine_parents=4 created_leaves=6 deleted_leaves=0 mirror_mismatches=0
AMR_Z4C_CHI_PROLONGATION cycle=2696 local_fallback_groups=0,0,0,0 global_fallback_groups=0 global_high_order_groups=2048
elapsed=5.596814e+01 cycle=2696 time=1.672224e+01 dt=2.861023e-07
CARTOON_AMR_TRANSACTION cycle=2697 requested_refine=2 requested_derefine_leaves=1136 accepted_derefine_parents=4 created_leaves=6 deleted_leaves=0 mirror_mismatches=0
AMR_Z4C_CHI_PROLONGATION cycle=2697 local_fallback_groups=0,0,0,0 global_fallback_groups=0 global_high_order_groups=2048
elapsed=5.612827e+01 cycle=2697 time=1.672224e+01 dt=2.861023e-07
CARTOON_AMR_TRANSACTION cycle=2698 requested_refine=0 requested_derefine_leaves=1140 accepted_derefine_parents=4 created_leaves=0 deleted_leaves=0 mirror_mismatches=0
elapsed=5.625985e+01 cycle=2698 time=1.672224e+01 dt=2.861023e-07
CARTOON_AMR_TRANSACTION cycle=2699 requested_refine=4 requested_derefine_leaves=1140 accepted_derefine_parents=4 created_leaves=12 deleted_leaves=0 mirror_mismatches=0
AMR_Z4C_CHI_PROLONGATION cycle=2699 local_fallback_groups=0,0,0,0 global_fallback_groups=0 global_high_order_groups=4096
elapsed=5.642420e+01 cycle=2699 time=1.672224e+01 dt=2.861023e-07
CARTOON_AMR_TRANSACTION cycle=2700 requested_refine=0 requested_derefine_leaves=1150 accepted_derefine_parents=4 created_leaves=0 deleted_leaves=0 mirror_mismatches=0
elapsed=5.655792e+01 cycle=2700 time=1.672224e+01 dt=2.861023e-07
CARTOON_AMR_TRANSACTION cycle=2701 requested_refine=2 requested_derefine_leaves=1152 accepted_derefine_parents=4 created_leaves=6 deleted_leaves=0 mirror_mismatches=0
AMR_Z4C_CHI_PROLONGATION cycle=2701 local_fallback_groups=0,0,0,0 global_fallback_groups=0 global_high_order_groups=2048
elapsed=5.671913e+01 cycle=2701 time=1.672224e+01 dt=2.861023e-07
CARTOON_AMR_TRANSACTION cycle=2702 requested_refine=6 requested_derefine_leaves=1156 accepted_derefine_parents=4 created_leaves=18 deleted_leaves=0 mirror_mismatches=0
AMR_Z4C_CHI_PROLONGATION cycle=2702 local_fallback_groups=0,0,0,0 global_fallback_groups=0 global_high_order_groups=6144
elapsed=5.688845e+01 cycle=2702 time=1.672224e+01 dt=2.861023e-07
CARTOON_AMR_TRANSACTION cycle=2703 requested_refine=10 requested_derefine_leaves=1168 accepted_derefine_parents=4 created_leaves=30 deleted_leaves=0 mirror_mismatches=0
AMR_Z4C_CHI_PROLONGATION cycle=2703 local_fallback_groups=0,0,0,0 global_fallback_groups=0 global_high_order_groups=10240
elapsed=5.706232e+01 cycle=2703 time=1.672224e+01 dt=2.861023e-07
CARTOON_AMR_TRANSACTION cycle=2704 requested_refine=14 requested_derefine_leaves=1188 accepted_derefine_parents=4 created_leaves=42 deleted_leaves=0 mirror_mismatches=0
AMR_Z4C_CHI_PROLONGATION cycle=2704 local_fallback_groups=0,0,0,0 global_fallback_groups=0 global_high_order_groups=14336
elapsed=5.724886e+01 cycle=2704 time=1.672224e+01 dt=2.861023e-07
CARTOON_AMR_TRANSACTION cycle=2705 requested_refine=2 requested_derefine_leaves=1216 accepted_derefine_parents=4 created_leaves=6 deleted_leaves=0 mirror_mismatches=0
AMR_Z4C_CHI_PROLONGATION cycle=2705 local_fallback_groups=0,0,0,0 global_fallback_groups=0 global_high_order_groups=2048
elapsed=5.743343e+01 cycle=2705 time=1.672224e+01 dt=2.861023e-07
CARTOON_AMR_TRANSACTION cycle=2706 requested_refine=0 requested_derefine_leaves=1222 accepted_derefine_parents=6 created_leaves=0 deleted_leaves=6 mirror_mismatches=0
elapsed=5.761451e+01 cycle=2706 time=1.672224e+01 dt=2.861023e-07
CARTOON_AMR_TRANSACTION cycle=2707 requested_refine=0 requested_derefine_leaves=1214 accepted_derefine_parents=4 created_leaves=0 deleted_leaves=0 mirror_mismatches=0
elapsed=5.775778e+01 cycle=2707 time=1.672224e+01 dt=2.861023e-07
CARTOON_AMR_TRANSACTION cycle=2708 requested_refine=2 requested_derefine_leaves=1214 accepted_derefine_parents=4 created_leaves=6 deleted_leaves=0 mirror_mismatches=0
AMR_Z4C_CHI_PROLONGATION cycle=2708 local_fallback_groups=0,0,0,0 global_fallback_groups=0 global_high_order_groups=2048
elapsed=5.794850e+01 cycle=2708 time=1.672224e+01 dt=2.861023e-07
CARTOON_AMR_TRANSACTION cycle=2709 requested_refine=0 requested_derefine_leaves=1218 accepted_derefine_parents=4 created_leaves=0 deleted_leaves=0 mirror_mismatches=0
elapsed=5.809395e+01 cycle=2709 time=1.672224e+01 dt=2.861023e-07
CARTOON_AMR_TRANSACTION cycle=2710 requested_refine=4 requested_derefine_leaves=1218 accepted_derefine_parents=4 created_leaves=12 deleted_leaves=0 mirror_mismatches=0
AMR_Z4C_CHI_PROLONGATION cycle=2710 local_fallback_groups=0,0,0,0 global_fallback_groups=0 global_high_order_groups=4096
elapsed=5.827801e+01 cycle=2710 time=1.672224e+01 dt=2.861023e-07
CARTOON_AMR_TRANSACTION cycle=2711 requested_refine=0 requested_derefine_leaves=1226 accepted_derefine_parents=4 created_leaves=0 deleted_leaves=0 mirror_mismatches=0
elapsed=5.842518e+01 cycle=2711 time=1.672224e+01 dt=2.861023e-07
CARTOON_AMR_TRANSACTION cycle=2712 requested_refine=2 requested_derefine_leaves=1230 accepted_derefine_parents=6 created_leaves=12 deleted_leaves=6 mirror_mismatches=0
AMR_Z4C_CHI_PROLONGATION cycle=2712 local_fallback_groups=0,0,0,0 global_fallback_groups=0 global_high_order_groups=4096
elapsed=5.862140e+01 cycle=2712 time=1.672224e+01 dt=2.861023e-07
CARTOON_AMR_TRANSACTION cycle=2713 requested_refine=6 requested_derefine_leaves=1372 accepted_derefine_parents=76 created_leaves=18 deleted_leaves=210 mirror_mismatches=0
AMR_Z4C_CHI_PROLONGATION cycle=2713 local_fallback_groups=0,0,0,0 global_fallback_groups=0 global_high_order_groups=6144
elapsed=5.881656e+01 cycle=2713 time=1.672224e+01 dt=2.861023e-07
CARTOON_AMR_TRANSACTION cycle=2714 requested_refine=2 requested_derefine_leaves=1106 accepted_derefine_parents=8 created_leaves=6 deleted_leaves=6 mirror_mismatches=0
AMR_Z4C_CHI_PROLONGATION cycle=2714 local_fallback_groups=0,0,0,0 global_fallback_groups=0 global_high_order_groups=2048
elapsed=5.897464e+01 cycle=2714 time=1.672224e+01 dt=2.861023e-07
CARTOON_AMR_TRANSACTION cycle=2715 requested_refine=0 requested_derefine_leaves=1166 accepted_derefine_parents=38 created_leaves=0 deleted_leaves=96 mirror_mismatches=0
elapsed=5.914156e+01 cycle=2715 time=1.672224e+01 dt=2.861023e-07
CARTOON_AMR_TRANSACTION cycle=2716 requested_refine=0 requested_derefine_leaves=1042 accepted_derefine_parents=6 created_leaves=0 deleted_leaves=0 mirror_mismatches=0
elapsed=5.926513e+01 cycle=2716 time=1.672224e+01 dt=2.861023e-07
CARTOON_AMR_TRANSACTION cycle=2717 requested_refine=0 requested_derefine_leaves=1052 accepted_derefine_parents=12 created_leaves=0 deleted_leaves=18 mirror_mismatches=0
elapsed=5.942012e+01 cycle=2717 time=1.672224e+01 dt=2.861023e-07
CARTOON_AMR_TRANSACTION cycle=2718 requested_refine=4 requested_derefine_leaves=1030 accepted_derefine_parents=8 created_leaves=12 deleted_leaves=6 mirror_mismatches=0
AMR_Z4C_CHI_PROLONGATION cycle=2718 local_fallback_groups=0,0,0,0 global_fallback_groups=0 global_high_order_groups=4096
elapsed=5.957084e+01 cycle=2718 time=1.672224e+01 dt=2.861023e-07
CARTOON_AMR_TRANSACTION cycle=2719 requested_refine=2 requested_derefine_leaves=1046 accepted_derefine_parents=14 created_leaves=6 deleted_leaves=24 mirror_mismatches=0
AMR_Z4C_CHI_PROLONGATION cycle=2719 local_fallback_groups=0,0,0,0 global_fallback_groups=0 global_high_order_groups=2048
elapsed=5.972151e+01 cycle=2719 time=1.672225e+01 dt=2.861023e-07
CARTOON_AMR_TRANSACTION cycle=2720 requested_refine=0 requested_derefine_leaves=1020 accepted_derefine_parents=6 created_leaves=0 deleted_leaves=0 mirror_mismatches=0
elapsed=5.984580e+01 cycle=2720 time=1.672225e+01 dt=2.861023e-07
CARTOON_AMR_TRANSACTION cycle=2721 requested_refine=2 requested_derefine_leaves=1024 accepted_derefine_parents=8 created_leaves=12 deleted_leaves=6 mirror_mismatches=0
AMR_Z4C_CHI_PROLONGATION cycle=2721 local_fallback_groups=0,0,0,0 global_fallback_groups=0 global_high_order_groups=4096
elapsed=5.999621e+01 cycle=2721 time=1.672225e+01 dt=1.430511e-07
CARTOON_AMR_TRANSACTION cycle=2722 requested_refine=0 requested_derefine_leaves=1040 accepted_derefine_parents=10 created_leaves=0 deleted_leaves=12 mirror_mismatches=0
elapsed=6.014582e+01 cycle=2722 time=1.672225e+01 dt=1.430511e-07
CARTOON_AMR_TRANSACTION cycle=2723 requested_refine=2 requested_derefine_leaves=1030 accepted_derefine_parents=10 created_leaves=6 deleted_leaves=12 mirror_mismatches=0
AMR_Z4C_CHI_PROLONGATION cycle=2723 local_fallback_groups=0,0,0,0 global_fallback_groups=0 global_high_order_groups=2048
elapsed=6.028807e+01 cycle=2723 time=1.672225e+01 dt=1.430511e-07
CARTOON_AMR_TRANSACTION cycle=2724 requested_refine=2 requested_derefine_leaves=1024 accepted_derefine_parents=8 created_leaves=6 deleted_leaves=6 mirror_mismatches=0
AMR_Z4C_CHI_PROLONGATION cycle=2724 local_fallback_groups=0,0,0,0 global_fallback_groups=0 global_high_order_groups=2048
elapsed=6.044307e+01 cycle=2724 time=1.672225e+01 dt=1.430511e-07
CARTOON_AMR_TRANSACTION cycle=2725 requested_refine=0 requested_derefine_leaves=1022 accepted_derefine_parents=6 created_leaves=0 deleted_leaves=0 mirror_mismatches=0
elapsed=6.056065e+01 cycle=2725 time=1.672225e+01 dt=1.430511e-07
CARTOON_AMR_TRANSACTION cycle=2726 requested_refine=0 requested_derefine_leaves=1026 accepted_derefine_parents=10 created_leaves=0 deleted_leaves=12 mirror_mismatches=0
elapsed=6.070365e+01 cycle=2726 time=1.672225e+01 dt=1.430511e-07
CARTOON_AMR_TRANSACTION cycle=2727 requested_refine=0 requested_derefine_leaves=1010 accepted_derefine_parents=6 created_leaves=0 deleted_leaves=0 mirror_mismatches=0
elapsed=6.081571e+01 cycle=2727 time=1.672225e+01 dt=1.430511e-07
CARTOON_AMR_TRANSACTION cycle=2728 requested_refine=0 requested_derefine_leaves=1018 accepted_derefine_parents=10 created_leaves=0 deleted_leaves=12 mirror_mismatches=0
elapsed=6.096729e+01 cycle=2728 time=1.672225e+01 dt=1.430511e-07
CARTOON_AMR_TRANSACTION cycle=2729 requested_refine=0 requested_derefine_leaves=1026 accepted_derefine_parents=18 created_leaves=0 deleted_leaves=36 mirror_mismatches=0
elapsed=6.110659e+01 cycle=2729 time=1.672225e+01 dt=1.430511e-07
CARTOON_AMR_TRANSACTION cycle=2730 requested_refine=0 requested_derefine_leaves=980 accepted_derefine_parents=8 created_leaves=0 deleted_leaves=6 mirror_mismatches=0
elapsed=6.123963e+01 cycle=2730 time=1.672225e+01 dt=1.430511e-07
CARTOON_AMR_TRANSACTION cycle=2731 requested_refine=2 requested_derefine_leaves=972 accepted_derefine_parents=6 created_leaves=6 deleted_leaves=0 mirror_mismatches=0
AMR_Z4C_CHI_PROLONGATION cycle=2731 local_fallback_groups=0,0,0,0 global_fallback_groups=0 global_high_order_groups=2048
elapsed=6.137549e+01 cycle=2731 time=1.672225e+01 dt=1.430511e-07
CARTOON_AMR_TRANSACTION cycle=2732 requested_refine=0 requested_derefine_leaves=978 accepted_derefine_parents=8 created_leaves=0 deleted_leaves=12 mirror_mismatches=0
elapsed=6.152045e+01 cycle=2732 time=1.672225e+01 dt=2.861023e-07
CARTOON_AMR_TRANSACTION cycle=2733 requested_refine=2 requested_derefine_leaves=978 accepted_derefine_parents=12 created_leaves=6 deleted_leaves=18 mirror_mismatches=0
AMR_Z4C_CHI_PROLONGATION cycle=2733 local_fallback_groups=0,0,0,0 global_fallback_groups=0 global_high_order_groups=2048
elapsed=6.165733e+01 cycle=2733 time=1.672225e+01 dt=2.861023e-07
CARTOON_AMR_TRANSACTION cycle=2734 requested_refine=0 requested_derefine_leaves=958 accepted_derefine_parents=6 created_leaves=0 deleted_leaves=0 mirror_mismatches=0
elapsed=6.176095e+01 cycle=2734 time=1.672225e+01 dt=2.861023e-07
CARTOON_AMR_TRANSACTION cycle=2735 requested_refine=0 requested_derefine_leaves=960 accepted_derefine_parents=8 created_leaves=0 deleted_leaves=6 mirror_mismatches=0
elapsed=6.189615e+01 cycle=2735 time=1.672225e+01 dt=2.861023e-07
CARTOON_AMR_TRANSACTION cycle=2736 requested_refine=2 requested_derefine_leaves=952 accepted_derefine_parents=6 created_leaves=6 deleted_leaves=0 mirror_mismatches=0
AMR_Z4C_CHI_PROLONGATION cycle=2736 local_fallback_groups=0,0,0,0 global_fallback_groups=0 global_high_order_groups=2048
elapsed=6.203760e+01 cycle=2736 time=1.672225e+01 dt=2.861023e-07
CARTOON_AMR_TRANSACTION cycle=2737 requested_refine=2 requested_derefine_leaves=956 accepted_derefine_parents=6 created_leaves=6 deleted_leaves=0 mirror_mismatches=0
AMR_Z4C_CHI_PROLONGATION cycle=2737 local_fallback_groups=0,0,0,0 global_fallback_groups=0 global_high_order_groups=2048
elapsed=6.216731e+01 cycle=2737 time=1.672225e+01 dt=2.861023e-07
CARTOON_AMR_TRANSACTION cycle=2738 requested_refine=0 requested_derefine_leaves=986 accepted_derefine_parents=18 created_leaves=0 deleted_leaves=36 mirror_mismatches=0
elapsed=6.230217e+01 cycle=2738 time=1.672225e+01 dt=2.861023e-07
CARTOON_AMR_TRANSACTION cycle=2739 requested_refine=2 requested_derefine_leaves=944 accepted_derefine_parents=10 created_leaves=6 deleted_leaves=12 mirror_mismatches=0
AMR_Z4C_CHI_PROLONGATION cycle=2739 local_fallback_groups=0,0,0,0 global_fallback_groups=0 global_high_order_groups=2048
elapsed=6.242779e+01 cycle=2739 time=1.672225e+01 dt=2.861023e-07
CARTOON_AMR_TRANSACTION cycle=2740 requested_refine=4 requested_derefine_leaves=948 accepted_derefine_parents=14 created_leaves=12 deleted_leaves=24 mirror_mismatches=0
AMR_Z4C_CHI_PROLONGATION cycle=2740 local_fallback_groups=0,0,0,0 global_fallback_groups=0 global_high_order_groups=4096
elapsed=6.256061e+01 cycle=2740 time=1.672225e+01 dt=2.861023e-07
CARTOON_AMR_TRANSACTION cycle=2741 requested_refine=2 requested_derefine_leaves=924 accepted_derefine_parents=6 created_leaves=6 deleted_leaves=0 mirror_mismatches=0
AMR_Z4C_CHI_PROLONGATION cycle=2741 local_fallback_groups=0,0,0,0 global_fallback_groups=0 global_high_order_groups=2048
elapsed=6.268212e+01 cycle=2741 time=1.672225e+01 dt=2.861023e-07
CARTOON_AMR_TRANSACTION cycle=2742 requested_refine=0 requested_derefine_leaves=928 accepted_derefine_parents=6 created_leaves=0 deleted_leaves=0 mirror_mismatches=0
elapsed=6.277974e+01 cycle=2742 time=1.672225e+01 dt=2.861023e-07
CARTOON_AMR_TRANSACTION cycle=2743 requested_refine=0 requested_derefine_leaves=928 accepted_derefine_parents=6 created_leaves=0 deleted_leaves=0 mirror_mismatches=0
elapsed=6.287502e+01 cycle=2743 time=1.672225e+01 dt=2.861023e-07
CARTOON_AMR_TRANSACTION cycle=2744 requested_refine=0 requested_derefine_leaves=928 accepted_derefine_parents=6 created_leaves=0 deleted_leaves=0 mirror_mismatches=0
elapsed=6.297878e+01 cycle=2744 time=1.672225e+01 dt=2.861023e-07
CARTOON_AMR_TRANSACTION cycle=2745 requested_refine=0 requested_derefine_leaves=928 accepted_derefine_parents=6 created_leaves=0 deleted_leaves=0 mirror_mismatches=0
elapsed=6.307544e+01 cycle=2745 time=1.672225e+01 dt=2.861023e-07
CARTOON_AMR_TRANSACTION cycle=2746 requested_refine=0 requested_derefine_leaves=928 accepted_derefine_parents=6 created_leaves=0 deleted_leaves=0 mirror_mismatches=0
elapsed=6.317190e+01 cycle=2746 time=1.672225e+01 dt=2.861023e-07
CARTOON_AMR_TRANSACTION cycle=2747 requested_refine=2 requested_derefine_leaves=928 accepted_derefine_parents=6 created_leaves=6 deleted_leaves=0 mirror_mismatches=0
AMR_Z4C_CHI_PROLONGATION cycle=2747 local_fallback_groups=0,0,0,0 global_fallback_groups=0 global_high_order_groups=2048
elapsed=6.329536e+01 cycle=2747 time=1.672225e+01 dt=2.861023e-07
CARTOON_AMR_TRANSACTION cycle=2748 requested_refine=2 requested_derefine_leaves=936 accepted_derefine_parents=8 created_leaves=6 deleted_leaves=6 mirror_mismatches=0
AMR_Z4C_CHI_PROLONGATION cycle=2748 local_fallback_groups=0,0,0,0 global_fallback_groups=0 global_high_order_groups=2048
elapsed=6.342190e+01 cycle=2748 time=1.672225e+01 dt=2.861023e-07
CARTOON_AMR_TRANSACTION cycle=2749 requested_refine=0 requested_derefine_leaves=932 accepted_derefine_parents=6 created_leaves=0 deleted_leaves=0 mirror_mismatches=0
elapsed=6.351772e+01 cycle=2749 time=1.672225e+01 dt=2.861023e-07
CARTOON_AMR_TRANSACTION cycle=2750 requested_refine=2 requested_derefine_leaves=934 accepted_derefine_parents=8 created_leaves=6 deleted_leaves=12 mirror_mismatches=0
AMR_Z4C_CHI_PROLONGATION cycle=2750 local_fallback_groups=0,0,0,0 global_fallback_groups=0 global_high_order_groups=2048
elapsed=6.364063e+01 cycle=2750 time=1.672225e+01 dt=2.861023e-07
CARTOON_AMR_TRANSACTION cycle=2751 requested_refine=0 requested_derefine_leaves=922 accepted_derefine_parents=4 created_leaves=0 deleted_leaves=0 mirror_mismatches=0
elapsed=6.373896e+01 cycle=2751 time=1.672225e+01 dt=2.861023e-07
CARTOON_AMR_TRANSACTION cycle=2752 requested_refine=0 requested_derefine_leaves=930 accepted_derefine_parents=8 created_leaves=0 deleted_leaves=12 mirror_mismatches=0
elapsed=6.510805e+01 cycle=2752 time=1.672225e+01 dt=2.861023e-07
CARTOON_AMR_TRANSACTION cycle=2753 requested_refine=0 requested_derefine_leaves=914 accepted_derefine_parents=4 created_leaves=0 deleted_leaves=0 mirror_mismatches=0
elapsed=6.520952e+01 cycle=2753 time=1.672225e+01 dt=2.861023e-07
CARTOON_AMR_TRANSACTION cycle=2754 requested_refine=4 requested_derefine_leaves=914 accepted_derefine_parents=4 created_leaves=12 deleted_leaves=0 mirror_mismatches=0
AMR_Z4C_CHI_PROLONGATION cycle=2754 local_fallback_groups=0,0,0,0 global_fallback_groups=0 global_high_order_groups=4096
elapsed=6.532987e+01 cycle=2754 time=1.672225e+01 dt=2.861023e-07
CARTOON_AMR_TRANSACTION cycle=2755 requested_refine=22 requested_derefine_leaves=922 accepted_derefine_parents=4 created_leaves=66 deleted_leaves=0 mirror_mismatches=0
AMR_Z4C_CHI_PROLONGATION cycle=2755 local_fallback_groups=0,0,0,0 global_fallback_groups=0 global_high_order_groups=22528
elapsed=6.546714e+01 cycle=2755 time=1.672225e+01 dt=2.861023e-07
CARTOON_AMR_TRANSACTION cycle=2756 requested_refine=34 requested_derefine_leaves=966 accepted_derefine_parents=4 created_leaves=102 deleted_leaves=0 mirror_mismatches=0
AMR_Z4C_CHI_PROLONGATION cycle=2756 local_fallback_groups=0,0,0,0 global_fallback_groups=0 global_high_order_groups=34816
elapsed=6.562823e+01 cycle=2756 time=1.672225e+01 dt=2.861023e-07
CARTOON_AMR_TRANSACTION cycle=2757 requested_refine=16 requested_derefine_leaves=1034 accepted_derefine_parents=4 created_leaves=54 deleted_leaves=0 mirror_mismatches=0
AMR_Z4C_CHI_PROLONGATION cycle=2757 local_fallback_groups=0,0,0,0 global_fallback_groups=0 global_high_order_groups=18432
elapsed=6.577720e+01 cycle=2757 time=1.672225e+01 dt=2.861023e-07
CARTOON_AMR_TRANSACTION cycle=2758 requested_refine=2 requested_derefine_leaves=1072 accepted_derefine_parents=4 created_leaves=12 deleted_leaves=0 mirror_mismatches=0
AMR_Z4C_CHI_PROLONGATION cycle=2758 local_fallback_groups=0,0,0,0 global_fallback_groups=0 global_high_order_groups=4096
elapsed=6.593336e+01 cycle=2758 time=1.672225e+01 dt=1.430511e-07
CARTOON_AMR_TRANSACTION cycle=2759 requested_refine=6 requested_derefine_leaves=1084 accepted_derefine_parents=6 created_leaves=18 deleted_leaves=0 mirror_mismatches=0
AMR_Z4C_CHI_PROLONGATION cycle=2759 local_fallback_groups=0,0,0,0 global_fallback_groups=0 global_high_order_groups=6144
elapsed=6.609316e+01 cycle=2759 time=1.672225e+01 dt=1.430511e-07
CARTOON_AMR_TRANSACTION cycle=2760 requested_refine=16 requested_derefine_leaves=1096 accepted_derefine_parents=6 created_leaves=54 deleted_leaves=0 mirror_mismatches=0
AMR_Z4C_CHI_PROLONGATION cycle=2760 local_fallback_groups=0,0,0,0 global_fallback_groups=0 global_high_order_groups=18432
elapsed=6.626773e+01 cycle=2760 time=1.672225e+01 dt=1.430511e-07
CARTOON_AMR_TRANSACTION cycle=2761 requested_refine=10 requested_derefine_leaves=1134 accepted_derefine_parents=6 created_leaves=30 deleted_leaves=0 mirror_mismatches=0
AMR_Z4C_CHI_PROLONGATION cycle=2761 local_fallback_groups=0,0,0,0 global_fallback_groups=0 global_high_order_groups=10240
elapsed=6.643842e+01 cycle=2761 time=1.672226e+01 dt=1.430511e-07
CARTOON_AMR_TRANSACTION cycle=2762 requested_refine=4 requested_derefine_leaves=1154 accepted_derefine_parents=6 created_leaves=12 deleted_leaves=0 mirror_mismatches=0
AMR_Z4C_CHI_PROLONGATION cycle=2762 local_fallback_groups=0,0,0,0 global_fallback_groups=0 global_high_order_groups=4096
elapsed=6.660694e+01 cycle=2762 time=1.672226e+01 dt=1.430511e-07
CARTOON_AMR_TRANSACTION cycle=2763 requested_refine=4 requested_derefine_leaves=1164 accepted_derefine_parents=6 created_leaves=12 deleted_leaves=0 mirror_mismatches=0
AMR_Z4C_CHI_PROLONGATION cycle=2763 local_fallback_groups=0,0,0,0 global_fallback_groups=0 global_high_order_groups=4096
elapsed=6.677707e+01 cycle=2763 time=1.672226e+01 dt=1.430511e-07
CARTOON_AMR_TRANSACTION cycle=2764 requested_refine=2 requested_derefine_leaves=1172 accepted_derefine_parents=6 created_leaves=6 deleted_leaves=0 mirror_mismatches=0
AMR_Z4C_CHI_PROLONGATION cycle=2764 local_fallback_groups=0,0,0,0 global_fallback_groups=0 global_high_order_groups=2048
elapsed=6.696093e+01 cycle=2764 time=1.672226e+01 dt=1.430511e-07
CARTOON_AMR_TRANSACTION cycle=2765 requested_refine=4 requested_derefine_leaves=1176 accepted_derefine_parents=6 created_leaves=12 deleted_leaves=0 mirror_mismatches=0
AMR_Z4C_CHI_PROLONGATION cycle=2765 local_fallback_groups=0,0,0,0 global_fallback_groups=0 global_high_order_groups=4096
elapsed=6.713637e+01 cycle=2765 time=1.672226e+01 dt=1.430511e-07
CARTOON_AMR_TRANSACTION cycle=2766 requested_refine=4 requested_derefine_leaves=1184 accepted_derefine_parents=6 created_leaves=24 deleted_leaves=0 mirror_mismatches=0
AMR_Z4C_CHI_PROLONGATION cycle=2766 local_fallback_groups=0,0,0,0 global_fallback_groups=0 global_high_order_groups=8192
elapsed=6.731184e+01 cycle=2766 time=1.672226e+01 dt=1.430511e-07
CARTOON_AMR_TRANSACTION cycle=2767 requested_refine=0 requested_derefine_leaves=1204 accepted_derefine_parents=6 created_leaves=0 deleted_leaves=0 mirror_mismatches=0
elapsed=6.745446e+01 cycle=2767 time=1.672226e+01 dt=1.430511e-07
CARTOON_AMR_TRANSACTION cycle=2768 requested_refine=4 requested_derefine_leaves=1204 accepted_derefine_parents=8 created_leaves=12 deleted_leaves=6 mirror_mismatches=0
AMR_Z4C_CHI_PROLONGATION cycle=2768 local_fallback_groups=0,0,0,0 global_fallback_groups=0 global_high_order_groups=4096
elapsed=6.764124e+01 cycle=2768 time=1.672226e+01 dt=1.430511e-07
CARTOON_AMR_TRANSACTION cycle=2769 requested_refine=2 requested_derefine_leaves=1208 accepted_derefine_parents=10 created_leaves=6 deleted_leaves=18 mirror_mismatches=0
AMR_Z4C_CHI_PROLONGATION cycle=2769 local_fallback_groups=0,0,0,0 global_fallback_groups=0 global_high_order_groups=2048
elapsed=6.781882e+01 cycle=2769 time=1.672226e+01 dt=1.430511e-07
CARTOON_AMR_TRANSACTION cycle=2770 requested_refine=2 requested_derefine_leaves=1188 accepted_derefine_parents=4 created_leaves=6 deleted_leaves=0 mirror_mismatches=0
AMR_Z4C_CHI_PROLONGATION cycle=2770 local_fallback_groups=0,0,0,0 global_fallback_groups=0 global_high_order_groups=2048
elapsed=6.799852e+01 cycle=2770 time=1.672226e+01 dt=1.430511e-07
CARTOON_AMR_TRANSACTION cycle=2771 requested_refine=4 requested_derefine_leaves=1192 accepted_derefine_parents=4 created_leaves=12 deleted_leaves=0 mirror_mismatches=0
AMR_Z4C_CHI_PROLONGATION cycle=2771 local_fallback_groups=0,0,0,0 global_fallback_groups=0 global_high_order_groups=4096
elapsed=6.817608e+01 cycle=2771 time=1.672226e+01 dt=1.430511e-07
CARTOON_AMR_TRANSACTION cycle=2772 requested_refine=2 requested_derefine_leaves=1200 accepted_derefine_parents=4 created_leaves=6 deleted_leaves=0 mirror_mismatches=0
AMR_Z4C_CHI_PROLONGATION cycle=2772 local_fallback_groups=0,0,0,0 global_fallback_groups=0 global_high_order_groups=2048
elapsed=6.836025e+01 cycle=2772 time=1.672226e+01 dt=1.430511e-07
CARTOON_AMR_TRANSACTION cycle=2773 requested_refine=2 requested_derefine_leaves=1204 accepted_derefine_parents=4 created_leaves=6 deleted_leaves=0 mirror_mismatches=0
AMR_Z4C_CHI_PROLONGATION cycle=2773 local_fallback_groups=0,0,0,0 global_fallback_groups=0 global_high_order_groups=2048
elapsed=6.854610e+01 cycle=2773 time=1.672226e+01 dt=1.430511e-07
CARTOON_AMR_TRANSACTION cycle=2774 requested_refine=0 requested_derefine_leaves=1208 accepted_derefine_parents=4 created_leaves=0 deleted_leaves=0 mirror_mismatches=0
elapsed=6.868958e+01 cycle=2774 time=1.672226e+01 dt=1.430511e-07
CARTOON_AMR_TRANSACTION cycle=2775 requested_refine=8 requested_derefine_leaves=1208 accepted_derefine_parents=4 created_leaves=24 deleted_leaves=0 mirror_mismatches=0
AMR_Z4C_CHI_PROLONGATION cycle=2775 local_fallback_groups=0,0,0,0 global_fallback_groups=0 global_high_order_groups=8192
elapsed=6.887299e+01 cycle=2775 time=1.672226e+01 dt=1.430511e-07
CARTOON_AMR_TRANSACTION cycle=2776 requested_refine=0 requested_derefine_leaves=1224 accepted_derefine_parents=4 created_leaves=0 deleted_leaves=0 mirror_mismatches=0
elapsed=6.902954e+01 cycle=2776 time=1.672226e+01 dt=1.430511e-07
CARTOON_AMR_TRANSACTION cycle=2777 requested_refine=2 requested_derefine_leaves=1224 accepted_derefine_parents=4 created_leaves=6 deleted_leaves=0 mirror_mismatches=0
AMR_Z4C_CHI_PROLONGATION cycle=2777 local_fallback_groups=0,0,0,0 global_fallback_groups=0 global_high_order_groups=2048
elapsed=6.921800e+01 cycle=2777 time=1.672226e+01 dt=1.430511e-07
CARTOON_AMR_TRANSACTION cycle=2778 requested_refine=4 requested_derefine_leaves=1228 accepted_derefine_parents=4 created_leaves=12 deleted_leaves=0 mirror_mismatches=0
AMR_Z4C_CHI_PROLONGATION cycle=2778 local_fallback_groups=0,0,0,0 global_fallback_groups=0 global_high_order_groups=4096
elapsed=6.941178e+01 cycle=2778 time=1.672226e+01 dt=1.430511e-07
CARTOON_AMR_TRANSACTION cycle=2779 requested_refine=6 requested_derefine_leaves=1236 accepted_derefine_parents=4 created_leaves=24 deleted_leaves=0 mirror_mismatches=0
AMR_Z4C_CHI_PROLONGATION cycle=2779 local_fallback_groups=0,0,0,0 global_fallback_groups=0 global_high_order_groups=8192
elapsed=6.960608e+01 cycle=2779 time=1.672226e+01 dt=7.152557e-08
CARTOON_AMR_TRANSACTION cycle=2780 requested_refine=0 requested_derefine_leaves=1254 accepted_derefine_parents=4 created_leaves=0 deleted_leaves=0 mirror_mismatches=0
elapsed=6.976908e+01 cycle=2780 time=1.672226e+01 dt=7.152557e-08
CARTOON_AMR_TRANSACTION cycle=2781 requested_refine=6 requested_derefine_leaves=1254 accepted_derefine_parents=4 created_leaves=18 deleted_leaves=0 mirror_mismatches=0
AMR_Z4C_CHI_PROLONGATION cycle=2781 local_fallback_groups=0,0,0,0 global_fallback_groups=0 global_high_order_groups=6144
elapsed=6.996733e+01 cycle=2781 time=1.672226e+01 dt=7.152557e-08
CARTOON_AMR_TRANSACTION cycle=2782 requested_refine=6 requested_derefine_leaves=1266 accepted_derefine_parents=4 created_leaves=18 deleted_leaves=0 mirror_mismatches=0
AMR_Z4C_CHI_PROLONGATION cycle=2782 local_fallback_groups=0,0,0,0 global_fallback_groups=0 global_high_order_groups=6144
elapsed=7.016764e+01 cycle=2782 time=1.672226e+01 dt=7.152557e-08
CARTOON_AMR_TRANSACTION cycle=2783 requested_refine=2 requested_derefine_leaves=1278 accepted_derefine_parents=4 created_leaves=6 deleted_leaves=0 mirror_mismatches=0
AMR_Z4C_CHI_PROLONGATION cycle=2783 local_fallback_groups=0,0,0,0 global_fallback_groups=0 global_high_order_groups=2048
elapsed=7.036672e+01 cycle=2783 time=1.672226e+01 dt=7.152557e-08
CARTOON_AMR_TRANSACTION cycle=2784 requested_refine=0 requested_derefine_leaves=1282 accepted_derefine_parents=4 created_leaves=0 deleted_leaves=0 mirror_mismatches=0
elapsed=7.052632e+01 cycle=2784 time=1.672226e+01 dt=7.152557e-08
CARTOON_AMR_TRANSACTION cycle=2785 requested_refine=4 requested_derefine_leaves=1282 accepted_derefine_parents=4 created_leaves=12 deleted_leaves=0 mirror_mismatches=0
AMR_Z4C_CHI_PROLONGATION cycle=2785 local_fallback_groups=0,0,0,0 global_fallback_groups=0 global_high_order_groups=4096
elapsed=7.071808e+01 cycle=2785 time=1.672226e+01 dt=7.152557e-08
CARTOON_AMR_TRANSACTION cycle=2786 requested_refine=2 requested_derefine_leaves=1290 accepted_derefine_parents=4 created_leaves=6 deleted_leaves=0 mirror_mismatches=0
AMR_Z4C_CHI_PROLONGATION cycle=2786 local_fallback_groups=0,0,0,0 global_fallback_groups=0 global_high_order_groups=2048
elapsed=7.092534e+01 cycle=2786 time=1.672226e+01 dt=7.152557e-08
CARTOON_AMR_TRANSACTION cycle=2787 requested_refine=0 requested_derefine_leaves=1294 accepted_derefine_parents=4 created_leaves=0 deleted_leaves=0 mirror_mismatches=0
elapsed=7.108674e+01 cycle=2787 time=1.672226e+01 dt=7.152557e-08
CARTOON_AMR_TRANSACTION cycle=2788 requested_refine=4 requested_derefine_leaves=1294 accepted_derefine_parents=4 created_leaves=18 deleted_leaves=0 mirror_mismatches=0
AMR_Z4C_CHI_PROLONGATION cycle=2788 local_fallback_groups=0,0,0,0 global_fallback_groups=0 global_high_order_groups=6144
elapsed=7.130082e+01 cycle=2788 time=1.672226e+01 dt=7.152557e-08
CARTOON_AMR_TRANSACTION cycle=2789 requested_refine=2 requested_derefine_leaves=1312 accepted_derefine_parents=6 created_leaves=6 deleted_leaves=0 mirror_mismatches=0
AMR_Z4C_CHI_PROLONGATION cycle=2789 local_fallback_groups=0,0,0,0 global_fallback_groups=0 global_high_order_groups=2048
elapsed=7.150316e+01 cycle=2789 time=1.672226e+01 dt=7.152557e-08
CARTOON_AMR_TRANSACTION cycle=2790 requested_refine=2 requested_derefine_leaves=1316 accepted_derefine_parents=6 created_leaves=6 deleted_leaves=0 mirror_mismatches=0
AMR_Z4C_CHI_PROLONGATION cycle=2790 local_fallback_groups=0,0,0,0 global_fallback_groups=0 global_high_order_groups=2048
elapsed=7.171412e+01 cycle=2790 time=1.672226e+01 dt=7.152557e-08
CARTOON_AMR_TRANSACTION cycle=2791 requested_refine=2 requested_derefine_leaves=1320 accepted_derefine_parents=6 created_leaves=6 deleted_leaves=0 mirror_mismatches=0
AMR_Z4C_CHI_PROLONGATION cycle=2791 local_fallback_groups=0,0,0,0 global_fallback_groups=0 global_high_order_groups=2048
elapsed=7.192541e+01 cycle=2791 time=1.672226e+01 dt=7.152557e-08
CARTOON_AMR_TRANSACTION cycle=2792 requested_refine=22 requested_derefine_leaves=1324 accepted_derefine_parents=6 created_leaves=66 deleted_leaves=0 mirror_mismatches=0
AMR_Z4C_CHI_PROLONGATION cycle=2792 local_fallback_groups=0,0,0,0 global_fallback_groups=0 global_high_order_groups=22528
elapsed=7.216259e+01 cycle=2792 time=1.672226e+01 dt=7.152557e-08
CARTOON_AMR_TRANSACTION cycle=2793 requested_refine=18 requested_derefine_leaves=1370 accepted_derefine_parents=6 created_leaves=54 deleted_leaves=0 mirror_mismatches=0
AMR_Z4C_CHI_PROLONGATION cycle=2793 local_fallback_groups=0,0,0,0 global_fallback_groups=0 global_high_order_groups=18432
elapsed=7.239305e+01 cycle=2793 time=1.672226e+01 dt=7.152557e-08
CARTOON_AMR_TRANSACTION cycle=2794 requested_refine=4 requested_derefine_leaves=1402 accepted_derefine_parents=6 created_leaves=12 deleted_leaves=0 mirror_mismatches=0
AMR_Z4C_CHI_PROLONGATION cycle=2794 local_fallback_groups=0,0,0,0 global_fallback_groups=0 global_high_order_groups=4096
elapsed=7.261002e+01 cycle=2794 time=1.672226e+01 dt=7.152557e-08
CARTOON_AMR_TRANSACTION cycle=2795 requested_refine=16 requested_derefine_leaves=1410 accepted_derefine_parents=6 created_leaves=48 deleted_leaves=0 mirror_mismatches=0
AMR_Z4C_CHI_PROLONGATION cycle=2795 local_fallback_groups=0,0,0,0 global_fallback_groups=0 global_high_order_groups=16384
elapsed=7.284146e+01 cycle=2795 time=1.672226e+01 dt=7.152557e-08
CARTOON_AMR_TRANSACTION cycle=2796 requested_refine=24 requested_derefine_leaves=1442 accepted_derefine_parents=6 created_leaves=72 deleted_leaves=0 mirror_mismatches=0
AMR_Z4C_CHI_PROLONGATION cycle=2796 local_fallback_groups=0,0,0,0 global_fallback_groups=0 global_high_order_groups=24576
elapsed=7.311038e+01 cycle=2796 time=1.672226e+01 dt=7.152557e-08
CARTOON_AMR_TRANSACTION cycle=2797 requested_refine=8 requested_derefine_leaves=1490 accepted_derefine_parents=6 created_leaves=24 deleted_leaves=0 mirror_mismatches=0
AMR_Z4C_CHI_PROLONGATION cycle=2797 local_fallback_groups=0,0,0,0 global_fallback_groups=0 global_high_order_groups=8192
elapsed=7.337048e+01 cycle=2797 time=1.672226e+01 dt=7.152557e-08
CARTOON_AMR_TRANSACTION cycle=2798 requested_refine=20 requested_derefine_leaves=1506 accepted_derefine_parents=6 created_leaves=66 deleted_leaves=0 mirror_mismatches=0
AMR_Z4C_CHI_PROLONGATION cycle=2798 local_fallback_groups=0,0,0,0 global_fallback_groups=0 global_high_order_groups=22528
elapsed=7.363698e+01 cycle=2798 time=1.672226e+01 dt=7.152557e-08
CARTOON_AMR_TRANSACTION cycle=2799 requested_refine=4 requested_derefine_leaves=1550 accepted_derefine_parents=6 created_leaves=18 deleted_leaves=0 mirror_mismatches=0
AMR_Z4C_CHI_PROLONGATION cycle=2799 local_fallback_groups=0,0,0,0 global_fallback_groups=0 global_high_order_groups=6144
elapsed=7.390392e+01 cycle=2799 time=1.672226e+01 dt=7.152557e-08
CARTOON_AMR_TRANSACTION cycle=2800 requested_refine=8 requested_derefine_leaves=1564 accepted_derefine_parents=6 created_leaves=24 deleted_leaves=0 mirror_mismatches=0
AMR_Z4C_CHI_PROLONGATION cycle=2800 local_fallback_groups=0,0,0,0 global_fallback_groups=0 global_high_order_groups=8192
elapsed=7.416838e+01 cycle=2800 time=1.672226e+01 dt=7.152557e-08
CARTOON_AMR_TRANSACTION cycle=2801 requested_refine=4 requested_derefine_leaves=1584 accepted_derefine_parents=8 created_leaves=12 deleted_leaves=6 mirror_mismatches=0
AMR_Z4C_CHI_PROLONGATION cycle=2801 local_fallback_groups=0,0,0,0 global_fallback_groups=0 global_high_order_groups=4096
elapsed=7.442226e+01 cycle=2801 time=1.672226e+01 dt=7.152557e-08
CARTOON_AMR_TRANSACTION cycle=2802 requested_refine=16 requested_derefine_leaves=1584 accepted_derefine_parents=6 created_leaves=48 deleted_leaves=0 mirror_mismatches=0
AMR_Z4C_CHI_PROLONGATION cycle=2802 local_fallback_groups=0,0,0,0 global_fallback_groups=0 global_high_order_groups=16384
elapsed=7.468627e+01 cycle=2802 time=1.672226e+01 dt=7.152557e-08
CARTOON_AMR_TRANSACTION cycle=2803 requested_refine=0 requested_derefine_leaves=1616 accepted_derefine_parents=6 created_leaves=0 deleted_leaves=0 mirror_mismatches=0
elapsed=7.490818e+01 cycle=2803 time=1.672226e+01 dt=7.152557e-08
CARTOON_AMR_TRANSACTION cycle=2804 requested_refine=4 requested_derefine_leaves=1616 accepted_derefine_parents=6 created_leaves=12 deleted_leaves=0 mirror_mismatches=0
AMR_Z4C_CHI_PROLONGATION cycle=2804 local_fallback_groups=0,0,0,0 global_fallback_groups=0 global_high_order_groups=4096
elapsed=7.519681e+01 cycle=2804 time=1.672226e+01 dt=7.152557e-08
CARTOON_AMR_TRANSACTION cycle=2805 requested_refine=10 requested_derefine_leaves=1624 accepted_derefine_parents=6 created_leaves=30 deleted_leaves=0 mirror_mismatches=0
AMR_Z4C_CHI_PROLONGATION cycle=2805 local_fallback_groups=0,0,0,0 global_fallback_groups=0 global_high_order_groups=10240
elapsed=7.548101e+01 cycle=2805 time=1.672226e+01 dt=7.152557e-08
CARTOON_AMR_TRANSACTION cycle=2806 requested_refine=4 requested_derefine_leaves=1644 accepted_derefine_parents=6 created_leaves=12 deleted_leaves=0 mirror_mismatches=0
AMR_Z4C_CHI_PROLONGATION cycle=2806 local_fallback_groups=0,0,0,0 global_fallback_groups=0 global_high_order_groups=4096
elapsed=7.576641e+01 cycle=2806 time=1.672226e+01 dt=7.152557e-08
CARTOON_AMR_TRANSACTION cycle=2807 requested_refine=12 requested_derefine_leaves=1652 accepted_derefine_parents=6 created_leaves=36 deleted_leaves=0 mirror_mismatches=0
AMR_Z4C_CHI_PROLONGATION cycle=2807 local_fallback_groups=0,0,0,0 global_fallback_groups=0 global_high_order_groups=12288
elapsed=7.603922e+01 cycle=2807 time=1.672226e+01 dt=7.152557e-08
CARTOON_AMR_TRANSACTION cycle=2808 requested_refine=4 requested_derefine_leaves=1676 accepted_derefine_parents=6 created_leaves=12 deleted_leaves=0 mirror_mismatches=0
AMR_Z4C_CHI_PROLONGATION cycle=2808 local_fallback_groups=0,0,0,0 global_fallback_groups=0 global_high_order_groups=4096
elapsed=7.632426e+01 cycle=2808 time=1.672226e+01 dt=7.152557e-08
CARTOON_AMR_TRANSACTION cycle=2809 requested_refine=8 requested_derefine_leaves=1684 accepted_derefine_parents=6 created_leaves=24 deleted_leaves=0 mirror_mismatches=0
AMR_Z4C_CHI_PROLONGATION cycle=2809 local_fallback_groups=0,0,0,0 global_fallback_groups=0 global_high_order_groups=8192
elapsed=7.659966e+01 cycle=2809 time=1.672226e+01 dt=7.152557e-08
CARTOON_AMR_TRANSACTION cycle=2810 requested_refine=12 requested_derefine_leaves=1700 accepted_derefine_parents=6 created_leaves=36 deleted_leaves=0 mirror_mismatches=0
AMR_Z4C_CHI_PROLONGATION cycle=2810 local_fallback_groups=0,0,0,0 global_fallback_groups=0 global_high_order_groups=12288
elapsed=7.688733e+01 cycle=2810 time=1.672226e+01 dt=7.152557e-08
CARTOON_AMR_TRANSACTION cycle=2811 requested_refine=16 requested_derefine_leaves=1724 accepted_derefine_parents=6 created_leaves=48 deleted_leaves=0 mirror_mismatches=0
AMR_Z4C_CHI_PROLONGATION cycle=2811 local_fallback_groups=0,0,0,0 global_fallback_groups=0 global_high_order_groups=16384
elapsed=7.719480e+01 cycle=2811 time=1.672226e+01 dt=7.152557e-08
CARTOON_AMR_TRANSACTION cycle=2812 requested_refine=8 requested_derefine_leaves=1758 accepted_derefine_parents=6 created_leaves=24 deleted_leaves=0 mirror_mismatches=0
AMR_Z4C_CHI_PROLONGATION cycle=2812 local_fallback_groups=0,0,0,0 global_fallback_groups=0 global_high_order_groups=8192
elapsed=7.751555e+01 cycle=2812 time=1.672226e+01 dt=7.152557e-08
CARTOON_AMR_TRANSACTION cycle=2813 requested_refine=2 requested_derefine_leaves=1774 accepted_derefine_parents=6 created_leaves=6 deleted_leaves=0 mirror_mismatches=0
AMR_Z4C_CHI_PROLONGATION cycle=2813 local_fallback_groups=0,0,0,0 global_fallback_groups=0 global_high_order_groups=2048
elapsed=7.781851e+01 cycle=2813 time=1.672226e+01 dt=7.152557e-08
CARTOON_AMR_TRANSACTION cycle=2814 requested_refine=2 requested_derefine_leaves=1776 accepted_derefine_parents=6 created_leaves=6 deleted_leaves=0 mirror_mismatches=0
AMR_Z4C_CHI_PROLONGATION cycle=2814 local_fallback_groups=0,0,0,0 global_fallback_groups=0 global_high_order_groups=2048
elapsed=7.811989e+01 cycle=2814 time=1.672226e+01 dt=7.152557e-08
CARTOON_AMR_TRANSACTION cycle=2815 requested_refine=2 requested_derefine_leaves=1790 accepted_derefine_parents=10 created_leaves=6 deleted_leaves=12 mirror_mismatches=0
AMR_Z4C_CHI_PROLONGATION cycle=2815 local_fallback_groups=0,0,0,0 global_fallback_groups=0 global_high_order_groups=2048
elapsed=7.841868e+01 cycle=2815 time=1.672226e+01 dt=7.152557e-08
CARTOON_AMR_TRANSACTION cycle=2816 requested_refine=6 requested_derefine_leaves=1784 accepted_derefine_parents=8 created_leaves=18 deleted_leaves=6 mirror_mismatches=0
AMR_Z4C_CHI_PROLONGATION cycle=2816 local_fallback_groups=0,0,0,0 global_fallback_groups=0 global_high_order_groups=6144
elapsed=8.275390e+01 cycle=2816 time=1.672226e+01 dt=7.152557e-08
CARTOON_AMR_TRANSACTION cycle=2817 requested_refine=6 requested_derefine_leaves=1786 accepted_derefine_parents=6 created_leaves=18 deleted_leaves=0 mirror_mismatches=0
AMR_Z4C_CHI_PROLONGATION cycle=2817 local_fallback_groups=0,0,0,0 global_fallback_groups=0 global_high_order_groups=6144
elapsed=8.306428e+01 cycle=2817 time=1.672226e+01 dt=7.152557e-08
CARTOON_AMR_TRANSACTION cycle=2818 requested_refine=12 requested_derefine_leaves=1806 accepted_derefine_parents=10 created_leaves=36 deleted_leaves=12 mirror_mismatches=0
AMR_Z4C_CHI_PROLONGATION cycle=2818 local_fallback_groups=0,0,0,0 global_fallback_groups=0 global_high_order_groups=12288
elapsed=8.338148e+01 cycle=2818 time=1.672226e+01 dt=7.152557e-08
CARTOON_AMR_TRANSACTION cycle=2819 requested_refine=2 requested_derefine_leaves=1812 accepted_derefine_parents=6 created_leaves=6 deleted_leaves=0 mirror_mismatches=0
AMR_Z4C_CHI_PROLONGATION cycle=2819 local_fallback_groups=0,0,0,0 global_fallback_groups=0 global_high_order_groups=2048
elapsed=8.368597e+01 cycle=2819 time=1.672226e+01 dt=7.152557e-08
CARTOON_AMR_TRANSACTION cycle=2820 requested_refine=4 requested_derefine_leaves=1814 accepted_derefine_parents=6 created_leaves=12 deleted_leaves=0 mirror_mismatches=0
AMR_Z4C_CHI_PROLONGATION cycle=2820 local_fallback_groups=0,0,0,0 global_fallback_groups=0 global_high_order_groups=4096
elapsed=8.401401e+01 cycle=2820 time=1.672226e+01 dt=7.152557e-08
CARTOON_AMR_TRANSACTION cycle=2821 requested_refine=4 requested_derefine_leaves=1822 accepted_derefine_parents=6 created_leaves=12 deleted_leaves=0 mirror_mismatches=0
AMR_Z4C_CHI_PROLONGATION cycle=2821 local_fallback_groups=0,0,0,0 global_fallback_groups=0 global_high_order_groups=4096
elapsed=8.431499e+01 cycle=2821 time=1.672226e+01 dt=7.152557e-08
CARTOON_AMR_TRANSACTION cycle=2822 requested_refine=8 requested_derefine_leaves=1830 accepted_derefine_parents=6 created_leaves=24 deleted_leaves=0 mirror_mismatches=0
AMR_Z4C_CHI_PROLONGATION cycle=2822 local_fallback_groups=0,0,0,0 global_fallback_groups=0 global_high_order_groups=8192
elapsed=8.461899e+01 cycle=2822 time=1.672226e+01 dt=7.152557e-08
CARTOON_AMR_TRANSACTION cycle=2823 requested_refine=6 requested_derefine_leaves=1846 accepted_derefine_parents=6 created_leaves=18 deleted_leaves=0 mirror_mismatches=0
AMR_Z4C_CHI_PROLONGATION cycle=2823 local_fallback_groups=0,0,0,0 global_fallback_groups=0 global_high_order_groups=6144
elapsed=8.493225e+01 cycle=2823 time=1.672226e+01 dt=7.152557e-08
CARTOON_AMR_TRANSACTION cycle=2824 requested_refine=6 requested_derefine_leaves=1858 accepted_derefine_parents=6 created_leaves=18 deleted_leaves=0 mirror_mismatches=0
AMR_Z4C_CHI_PROLONGATION cycle=2824 local_fallback_groups=0,0,0,0 global_fallback_groups=0 global_high_order_groups=6144
elapsed=8.528265e+01 cycle=2824 time=1.672226e+01 dt=7.152557e-08
CARTOON_AMR_TRANSACTION cycle=2825 requested_refine=4 requested_derefine_leaves=1870 accepted_derefine_parents=6 created_leaves=12 deleted_leaves=0 mirror_mismatches=0
AMR_Z4C_CHI_PROLONGATION cycle=2825 local_fallback_groups=0,0,0,0 global_fallback_groups=0 global_high_order_groups=4096
elapsed=8.561482e+01 cycle=2825 time=1.672226e+01 dt=7.152557e-08
CARTOON_AMR_TRANSACTION cycle=2826 requested_refine=6 requested_derefine_leaves=1878 accepted_derefine_parents=6 created_leaves=18 deleted_leaves=0 mirror_mismatches=0
AMR_Z4C_CHI_PROLONGATION cycle=2826 local_fallback_groups=0,0,0,0 global_fallback_groups=0 global_high_order_groups=6144
elapsed=8.595586e+01 cycle=2826 time=1.672226e+01 dt=7.152557e-08
CARTOON_AMR_TRANSACTION cycle=2827 requested_refine=12 requested_derefine_leaves=1892 accepted_derefine_parents=8 created_leaves=36 deleted_leaves=6 mirror_mismatches=0
AMR_Z4C_CHI_PROLONGATION cycle=2827 local_fallback_groups=0,0,0,0 global_fallback_groups=0 global_high_order_groups=12288
elapsed=8.630142e+01 cycle=2827 time=1.672226e+01 dt=7.152557e-08
CARTOON_AMR_TRANSACTION cycle=2828 requested_refine=16 requested_derefine_leaves=1910 accepted_derefine_parents=6 created_leaves=48 deleted_leaves=0 mirror_mismatches=0
AMR_Z4C_CHI_PROLONGATION cycle=2828 local_fallback_groups=0,0,0,0 global_fallback_groups=0 global_high_order_groups=16384
elapsed=8.666351e+01 cycle=2828 time=1.672226e+01 dt=7.152557e-08
CARTOON_AMR_TRANSACTION cycle=2829 requested_refine=2 requested_derefine_leaves=1944 accepted_derefine_parents=8 created_leaves=6 deleted_leaves=6 mirror_mismatches=0
AMR_Z4C_CHI_PROLONGATION cycle=2829 local_fallback_groups=0,0,0,0 global_fallback_groups=0 global_high_order_groups=2048
elapsed=8.699007e+01 cycle=2829 time=1.672226e+01 dt=7.152557e-08
CARTOON_AMR_TRANSACTION cycle=2830 requested_refine=0 requested_derefine_leaves=1940 accepted_derefine_parents=6 created_leaves=0 deleted_leaves=0 mirror_mismatches=0
elapsed=8.726750e+01 cycle=2830 time=1.672226e+01 dt=7.152557e-08
CARTOON_AMR_TRANSACTION cycle=2831 requested_refine=0 requested_derefine_leaves=1940 accepted_derefine_parents=6 created_leaves=0 deleted_leaves=0 mirror_mismatches=0
elapsed=8.754439e+01 cycle=2831 time=1.672226e+01 dt=7.152557e-08
CARTOON_AMR_TRANSACTION cycle=2832 requested_refine=2 requested_derefine_leaves=1940 accepted_derefine_parents=6 created_leaves=6 deleted_leaves=0 mirror_mismatches=0
AMR_Z4C_CHI_PROLONGATION cycle=2832 local_fallback_groups=0,0,0,0 global_fallback_groups=0 global_high_order_groups=2048
elapsed=8.790358e+01 cycle=2832 time=1.672226e+01 dt=7.152557e-08
CARTOON_AMR_TRANSACTION cycle=2833 requested_refine=0 requested_derefine_leaves=2030 accepted_derefine_parents=46 created_leaves=0 deleted_leaves=120 mirror_mismatches=0
elapsed=8.824069e+01 cycle=2833 time=1.672226e+01 dt=7.152557e-08
CARTOON_AMR_TRANSACTION cycle=2834 requested_refine=0 requested_derefine_leaves=1876 accepted_derefine_parents=10 created_leaves=0 deleted_leaves=12 mirror_mismatches=0
elapsed=8.855240e+01 cycle=2834 time=1.672226e+01 dt=7.152557e-08
CARTOON_AMR_TRANSACTION cycle=2835 requested_refine=0 requested_derefine_leaves=1862 accepted_derefine_parents=6 created_leaves=0 deleted_leaves=0 mirror_mismatches=0
elapsed=8.879277e+01 cycle=2835 time=1.672226e+01 dt=7.152557e-08
CARTOON_AMR_TRANSACTION cycle=2836 requested_refine=0 requested_derefine_leaves=1964 accepted_derefine_parents=52 created_leaves=0 deleted_leaves=138 mirror_mismatches=0
elapsed=8.912347e+01 cycle=2836 time=1.672226e+01 dt=7.152557e-08
CARTOON_AMR_TRANSACTION cycle=2837 requested_refine=0 requested_derefine_leaves=1820 accepted_derefine_parents=30 created_leaves=0 deleted_leaves=72 mirror_mismatches=0
elapsed=8.942996e+01 cycle=2837 time=1.672226e+01 dt=7.152557e-08
CARTOON_AMR_TRANSACTION cycle=2838 requested_refine=0 requested_derefine_leaves=1728 accepted_derefine_parents=8 created_leaves=0 deleted_leaves=6 mirror_mismatches=0
elapsed=8.972015e+01 cycle=2838 time=1.672226e+01 dt=7.152557e-08
CARTOON_AMR_TRANSACTION cycle=2839 requested_refine=0 requested_derefine_leaves=1730 accepted_derefine_parents=12 created_leaves=0 deleted_leaves=18 mirror_mismatches=0
elapsed=9.000019e+01 cycle=2839 time=1.672226e+01 dt=7.152557e-08
CARTOON_AMR_TRANSACTION cycle=2840 requested_refine=0 requested_derefine_leaves=1736 accepted_derefine_parents=20 created_leaves=0 deleted_leaves=42 mirror_mismatches=0
elapsed=9.030811e+01 cycle=2840 time=1.672226e+01 dt=7.152557e-08
CARTOON_AMR_TRANSACTION cycle=2841 requested_refine=0 requested_derefine_leaves=1682 accepted_derefine_parents=8 created_leaves=0 deleted_leaves=6 mirror_mismatches=0
elapsed=9.059351e+01 cycle=2841 time=1.672226e+01 dt=7.152557e-08
CARTOON_AMR_TRANSACTION cycle=2842 requested_refine=2 requested_derefine_leaves=1674 accepted_derefine_parents=6 created_leaves=6 deleted_leaves=0 mirror_mismatches=0
AMR_Z4C_CHI_PROLONGATION cycle=2842 local_fallback_groups=0,0,0,0 global_fallback_groups=0 global_high_order_groups=2048
elapsed=9.088046e+01 cycle=2842 time=1.672226e+01 dt=7.152557e-08
CARTOON_AMR_TRANSACTION cycle=2843 requested_refine=2 requested_derefine_leaves=1678 accepted_derefine_parents=6 created_leaves=6 deleted_leaves=0 mirror_mismatches=0
AMR_Z4C_CHI_PROLONGATION cycle=2843 local_fallback_groups=0,0,0,0 global_fallback_groups=0 global_high_order_groups=2048
elapsed=9.116616e+01 cycle=2843 time=1.672226e+01 dt=7.152557e-08
CARTOON_AMR_TRANSACTION cycle=2844 requested_refine=2 requested_derefine_leaves=1686 accepted_derefine_parents=8 created_leaves=6 deleted_leaves=6 mirror_mismatches=0
AMR_Z4C_CHI_PROLONGATION cycle=2844 local_fallback_groups=0,0,0,0 global_fallback_groups=0 global_high_order_groups=2048
elapsed=9.145208e+01 cycle=2844 time=1.672226e+01 dt=7.152557e-08
CARTOON_AMR_TRANSACTION cycle=2845 requested_refine=12 requested_derefine_leaves=1694 accepted_derefine_parents=10 created_leaves=36 deleted_leaves=12 mirror_mismatches=0
AMR_Z4C_CHI_PROLONGATION cycle=2845 local_fallback_groups=0,0,0,0 global_fallback_groups=0 global_high_order_groups=12288
elapsed=9.174652e+01 cycle=2845 time=1.672226e+01 dt=7.152557e-08
CARTOON_AMR_TRANSACTION cycle=2846 requested_refine=6 requested_derefine_leaves=1726 accepted_derefine_parents=20 created_leaves=18 deleted_leaves=42 mirror_mismatches=0
AMR_Z4C_CHI_PROLONGATION cycle=2846 local_fallback_groups=0,0,0,0 global_fallback_groups=0 global_high_order_groups=6144
elapsed=9.204338e+01 cycle=2846 time=1.672226e+01 dt=7.152557e-08
CARTOON_AMR_TRANSACTION cycle=2847 requested_refine=6 requested_derefine_leaves=1698 accepted_derefine_parents=12 created_leaves=18 deleted_leaves=18 mirror_mismatches=0
AMR_Z4C_CHI_PROLONGATION cycle=2847 local_fallback_groups=0,0,0,0 global_fallback_groups=0 global_high_order_groups=6144
elapsed=9.233311e+01 cycle=2847 time=1.672226e+01 dt=7.152557e-08
CARTOON_AMR_TRANSACTION cycle=2848 requested_refine=8 requested_derefine_leaves=1694 accepted_derefine_parents=14 created_leaves=24 deleted_leaves=24 mirror_mismatches=0
AMR_Z4C_CHI_PROLONGATION cycle=2848 local_fallback_groups=0,0,0,0 global_fallback_groups=0 global_high_order_groups=8192
elapsed=9.263259e+01 cycle=2848 time=1.672226e+01 dt=7.152557e-08
CARTOON_AMR_TRANSACTION cycle=2849 requested_refine=0 requested_derefine_leaves=1708 accepted_derefine_parents=20 created_leaves=0 deleted_leaves=42 mirror_mismatches=0
elapsed=9.289803e+01 cycle=2849 time=1.672226e+01 dt=7.152557e-08
CARTOON_AMR_TRANSACTION cycle=2850 requested_refine=2 requested_derefine_leaves=1668 accepted_derefine_parents=14 created_leaves=6 deleted_leaves=24 mirror_mismatches=0
AMR_Z4C_CHI_PROLONGATION cycle=2850 local_fallback_groups=0,0,0,0 global_fallback_groups=0 global_high_order_groups=2048
elapsed=9.316360e+01 cycle=2850 time=1.672226e+01 dt=7.152557e-08
CARTOON_AMR_TRANSACTION cycle=2851 requested_refine=4 requested_derefine_leaves=1668 accepted_derefine_parents=20 created_leaves=12 deleted_leaves=42 mirror_mismatches=0
AMR_Z4C_CHI_PROLONGATION cycle=2851 local_fallback_groups=0,0,0,0 global_fallback_groups=0 global_high_order_groups=4096
elapsed=9.344092e+01 cycle=2851 time=1.672226e+01 dt=7.152557e-08
CARTOON_AMR_TRANSACTION cycle=2852 requested_refine=10 requested_derefine_leaves=1638 accepted_derefine_parents=10 created_leaves=36 deleted_leaves=12 mirror_mismatches=0
AMR_Z4C_CHI_PROLONGATION cycle=2852 local_fallback_groups=0,0,0,0 global_fallback_groups=0 global_high_order_groups=12288
elapsed=9.371536e+01 cycle=2852 time=1.672226e+01 dt=7.152557e-08
CARTOON_AMR_TRANSACTION cycle=2853 requested_refine=8 requested_derefine_leaves=1656 accepted_derefine_parents=14 created_leaves=24 deleted_leaves=24 mirror_mismatches=0
AMR_Z4C_CHI_PROLONGATION cycle=2853 local_fallback_groups=0,0,0,0 global_fallback_groups=0 global_high_order_groups=8192
elapsed=9.397917e+01 cycle=2853 time=1.672226e+01 dt=7.152557e-08
CARTOON_AMR_TRANSACTION cycle=2854 requested_refine=2 requested_derefine_leaves=1648 accepted_derefine_parents=10 created_leaves=12 deleted_leaves=12 mirror_mismatches=0
AMR_Z4C_CHI_PROLONGATION cycle=2854 local_fallback_groups=0,0,0,0 global_fallback_groups=0 global_high_order_groups=4096
elapsed=9.423770e+01 cycle=2854 time=1.672226e+01 dt=7.152557e-08
CARTOON_AMR_TRANSACTION cycle=2855 requested_refine=2 requested_derefine_leaves=1652 accepted_derefine_parents=10 created_leaves=6 deleted_leaves=12 mirror_mismatches=0
AMR_Z4C_CHI_PROLONGATION cycle=2855 local_fallback_groups=0,0,0,0 global_fallback_groups=0 global_high_order_groups=2048
elapsed=9.449571e+01 cycle=2855 time=1.672226e+01 dt=7.152557e-08
CARTOON_AMR_TRANSACTION cycle=2856 requested_refine=2 requested_derefine_leaves=1644 accepted_derefine_parents=10 created_leaves=6 deleted_leaves=12 mirror_mismatches=0
AMR_Z4C_CHI_PROLONGATION cycle=2856 local_fallback_groups=0,0,0,0 global_fallback_groups=0 global_high_order_groups=2048
elapsed=9.476565e+01 cycle=2856 time=1.672226e+01 dt=7.152557e-08
CARTOON_AMR_TRANSACTION cycle=2857 requested_refine=4 requested_derefine_leaves=1630 accepted_derefine_parents=6 created_leaves=12 deleted_leaves=0 mirror_mismatches=0
AMR_Z4C_CHI_PROLONGATION cycle=2857 local_fallback_groups=0,0,0,0 global_fallback_groups=0 global_high_order_groups=4096
elapsed=9.502548e+01 cycle=2857 time=1.672226e+01 dt=7.152557e-08
CARTOON_AMR_TRANSACTION cycle=2858 requested_refine=4 requested_derefine_leaves=1638 accepted_derefine_parents=6 created_leaves=18 deleted_leaves=0 mirror_mismatches=0
AMR_Z4C_CHI_PROLONGATION cycle=2858 local_fallback_groups=0,0,0,0 global_fallback_groups=0 global_high_order_groups=6144
elapsed=9.528847e+01 cycle=2858 time=1.672226e+01 dt=7.152557e-08
CARTOON_AMR_TRANSACTION cycle=2859 requested_refine=4 requested_derefine_leaves=1650 accepted_derefine_parents=6 created_leaves=12 deleted_leaves=0 mirror_mismatches=0
AMR_Z4C_CHI_PROLONGATION cycle=2859 local_fallback_groups=0,0,0,0 global_fallback_groups=0 global_high_order_groups=4096
elapsed=9.555531e+01 cycle=2859 time=1.672226e+01 dt=7.152557e-08
CARTOON_AMR_TRANSACTION cycle=2860 requested_refine=0 requested_derefine_leaves=1658 accepted_derefine_parents=6 created_leaves=0 deleted_leaves=0 mirror_mismatches=0
elapsed=9.577678e+01 cycle=2860 time=1.672226e+01 dt=7.152557e-08
CARTOON_AMR_TRANSACTION cycle=2861 requested_refine=6 requested_derefine_leaves=1660 accepted_derefine_parents=8 created_leaves=24 deleted_leaves=0 mirror_mismatches=0
AMR_Z4C_CHI_PROLONGATION cycle=2861 local_fallback_groups=0,0,0,0 global_fallback_groups=0 global_high_order_groups=8192
elapsed=9.603744e+01 cycle=2861 time=1.672226e+01 dt=3.576279e-08
CARTOON_AMR_TRANSACTION cycle=2862 requested_refine=2 requested_derefine_leaves=1682 accepted_derefine_parents=8 created_leaves=6 deleted_leaves=0 mirror_mismatches=0
AMR_Z4C_CHI_PROLONGATION cycle=2862 local_fallback_groups=0,0,0,0 global_fallback_groups=0 global_high_order_groups=2048
elapsed=9.630342e+01 cycle=2862 time=1.672226e+01 dt=3.576279e-08
CARTOON_AMR_TRANSACTION cycle=2863 requested_refine=0 requested_derefine_leaves=1694 accepted_derefine_parents=10 created_leaves=0 deleted_leaves=6 mirror_mismatches=0
elapsed=9.657331e+01 cycle=2863 time=1.672226e+01 dt=3.576279e-08
CARTOON_AMR_TRANSACTION cycle=2864 requested_refine=4 requested_derefine_leaves=1694 accepted_derefine_parents=10 created_leaves=12 deleted_leaves=12 mirror_mismatches=0
AMR_Z4C_CHI_PROLONGATION cycle=2864 local_fallback_groups=0,0,0,0 global_fallback_groups=0 global_high_order_groups=4096
elapsed=9.687586e+01 cycle=2864 time=1.672226e+01 dt=3.576279e-08
CARTOON_AMR_TRANSACTION cycle=2865 requested_refine=2 requested_derefine_leaves=1688 accepted_derefine_parents=8 created_leaves=6 deleted_leaves=6 mirror_mismatches=0
AMR_Z4C_CHI_PROLONGATION cycle=2865 local_fallback_groups=0,0,0,0 global_fallback_groups=0 global_high_order_groups=2048
elapsed=9.716809e+01 cycle=2865 time=1.672226e+01 dt=3.576279e-08
CARTOON_AMR_TRANSACTION cycle=2866 requested_refine=2 requested_derefine_leaves=1684 accepted_derefine_parents=6 created_leaves=6 deleted_leaves=0 mirror_mismatches=0
AMR_Z4C_CHI_PROLONGATION cycle=2866 local_fallback_groups=0,0,0,0 global_fallback_groups=0 global_high_order_groups=2048
elapsed=9.746140e+01 cycle=2866 time=1.672226e+01 dt=3.576279e-08
CARTOON_AMR_TRANSACTION cycle=2867 requested_refine=0 requested_derefine_leaves=1686 accepted_derefine_parents=6 created_leaves=0 deleted_leaves=0 mirror_mismatches=0
elapsed=9.769387e+01 cycle=2867 time=1.672226e+01 dt=3.576279e-08
CARTOON_AMR_TRANSACTION cycle=2868 requested_refine=0 requested_derefine_leaves=1692 accepted_derefine_parents=8 created_leaves=0 deleted_leaves=6 mirror_mismatches=0
elapsed=9.799874e+01 cycle=2868 time=1.672226e+01 dt=3.576279e-08
CARTOON_AMR_TRANSACTION cycle=2869 requested_refine=2 requested_derefine_leaves=1688 accepted_derefine_parents=10 created_leaves=6 deleted_leaves=12 mirror_mismatches=0
AMR_Z4C_CHI_PROLONGATION cycle=2869 local_fallback_groups=0,0,0,0 global_fallback_groups=0 global_high_order_groups=2048
elapsed=9.828653e+01 cycle=2869 time=1.672226e+01 dt=3.576279e-08
CARTOON_AMR_TRANSACTION cycle=2870 requested_refine=2 requested_derefine_leaves=1676 accepted_derefine_parents=6 created_leaves=6 deleted_leaves=0 mirror_mismatches=0
AMR_Z4C_CHI_PROLONGATION cycle=2870 local_fallback_groups=0,0,0,0 global_fallback_groups=0 global_high_order_groups=2048
elapsed=9.857679e+01 cycle=2870 time=1.672226e+01 dt=3.576279e-08
CARTOON_AMR_TRANSACTION cycle=2871 requested_refine=0 requested_derefine_leaves=1680 accepted_derefine_parents=6 created_leaves=0 deleted_leaves=0 mirror_mismatches=0
elapsed=9.880563e+01 cycle=2871 time=1.672226e+01 dt=3.576279e-08
CARTOON_AMR_TRANSACTION cycle=2872 requested_refine=0 requested_derefine_leaves=1692 accepted_derefine_parents=8 created_leaves=0 deleted_leaves=6 mirror_mismatches=0
elapsed=9.911381e+01 cycle=2872 time=1.672226e+01 dt=3.576279e-08
CARTOON_AMR_TRANSACTION cycle=2873 requested_refine=2 requested_derefine_leaves=1690 accepted_derefine_parents=12 created_leaves=6 deleted_leaves=18 mirror_mismatches=0
AMR_Z4C_CHI_PROLONGATION cycle=2873 local_fallback_groups=0,0,0,0 global_fallback_groups=0 global_high_order_groups=2048
elapsed=9.940734e+01 cycle=2873 time=1.672226e+01 dt=3.576279e-08
CARTOON_AMR_TRANSACTION cycle=2874 requested_refine=2 requested_derefine_leaves=1672 accepted_derefine_parents=8 created_leaves=6 deleted_leaves=6 mirror_mismatches=0
AMR_Z4C_CHI_PROLONGATION cycle=2874 local_fallback_groups=0,0,0,0 global_fallback_groups=0 global_high_order_groups=2048
elapsed=9.969430e+01 cycle=2874 time=1.672226e+01 dt=3.576279e-08
CARTOON_AMR_TRANSACTION cycle=2875 requested_refine=0 requested_derefine_leaves=1676 accepted_derefine_parents=8 created_leaves=0 deleted_leaves=6 mirror_mismatches=0
elapsed=9.998365e+01 cycle=2875 time=1.672226e+01 dt=3.576279e-08
CARTOON_AMR_TRANSACTION cycle=2876 requested_refine=0 requested_derefine_leaves=1672 accepted_derefine_parents=10 created_leaves=0 deleted_leaves=12 mirror_mismatches=0
elapsed=1.002772e+02 cycle=2876 time=1.672226e+01 dt=3.576279e-08
CARTOON_AMR_TRANSACTION cycle=2877 requested_refine=0 requested_derefine_leaves=1656 accepted_derefine_parents=6 created_leaves=0 deleted_leaves=0 mirror_mismatches=0
elapsed=1.005003e+02 cycle=2877 time=1.672226e+01 dt=3.576279e-08
CARTOON_AMR_TRANSACTION cycle=2878 requested_refine=2 requested_derefine_leaves=1660 accepted_derefine_parents=8 created_leaves=6 deleted_leaves=0 mirror_mismatches=0
AMR_Z4C_CHI_PROLONGATION cycle=2878 local_fallback_groups=0,0,0,0 global_fallback_groups=0 global_high_order_groups=2048
elapsed=1.007817e+02 cycle=2878 time=1.672226e+01 dt=3.576279e-08
CARTOON_AMR_TRANSACTION cycle=2879 requested_refine=2 requested_derefine_leaves=1666 accepted_derefine_parents=8 created_leaves=6 deleted_leaves=0 mirror_mismatches=0
AMR_Z4C_CHI_PROLONGATION cycle=2879 local_fallback_groups=0,0,0,0 global_fallback_groups=0 global_high_order_groups=2048
elapsed=1.010684e+02 cycle=2879 time=1.672226e+01 dt=3.576279e-08
CARTOON_AMR_TRANSACTION cycle=2880 requested_refine=0 requested_derefine_leaves=1676 accepted_derefine_parents=14 created_leaves=0 deleted_leaves=18 mirror_mismatches=0
elapsed=1.035749e+02 cycle=2880 time=1.672226e+01 dt=7.152557e-08
CARTOON_AMR_TRANSACTION cycle=2881 requested_refine=8 requested_derefine_leaves=1658 accepted_derefine_parents=12 created_leaves=24 deleted_leaves=12 mirror_mismatches=0
AMR_Z4C_CHI_PROLONGATION cycle=2881 local_fallback_groups=0,0,0,0 global_fallback_groups=0 global_high_order_groups=8192
elapsed=1.038574e+02 cycle=2881 time=1.672226e+01 dt=7.152557e-08
CARTOON_AMR_TRANSACTION cycle=2882 requested_refine=2 requested_derefine_leaves=1668 accepted_derefine_parents=14 created_leaves=6 deleted_leaves=18 mirror_mismatches=0
AMR_Z4C_CHI_PROLONGATION cycle=2882 local_fallback_groups=0,0,0,0 global_fallback_groups=0 global_high_order_groups=2048
elapsed=1.041363e+02 cycle=2882 time=1.672226e+01 dt=7.152557e-08
CARTOON_AMR_TRANSACTION cycle=2883 requested_refine=0 requested_derefine_leaves=1654 accepted_derefine_parents=8 created_leaves=0 deleted_leaves=0 mirror_mismatches=0
elapsed=1.043588e+02 cycle=2883 time=1.672226e+01 dt=7.152557e-08
CARTOON_AMR_TRANSACTION cycle=2884 requested_refine=0 requested_derefine_leaves=1658 accepted_derefine_parents=12 created_leaves=0 deleted_leaves=12 mirror_mismatches=0
elapsed=1.046489e+02 cycle=2884 time=1.672226e+01 dt=7.152557e-08
CARTOON_AMR_TRANSACTION cycle=2885 requested_refine=4 requested_derefine_leaves=1642 accepted_derefine_parents=8 created_leaves=12 deleted_leaves=0 mirror_mismatches=0
AMR_Z4C_CHI_PROLONGATION cycle=2885 local_fallback_groups=0,0,0,0 global_fallback_groups=0 global_high_order_groups=4096
elapsed=1.049290e+02 cycle=2885 time=1.672226e+01 dt=7.152557e-08
CARTOON_AMR_TRANSACTION cycle=2886 requested_refine=2 requested_derefine_leaves=1650 accepted_derefine_parents=8 created_leaves=6 deleted_leaves=0 mirror_mismatches=0
AMR_Z4C_CHI_PROLONGATION cycle=2886 local_fallback_groups=0,0,0,0 global_fallback_groups=0 global_high_order_groups=2048
elapsed=1.052077e+02 cycle=2886 time=1.672226e+01 dt=7.152557e-08
CARTOON_AMR_TRANSACTION cycle=2887 requested_refine=0 requested_derefine_leaves=1660 accepted_derefine_parents=10 created_leaves=0 deleted_leaves=6 mirror_mismatches=0
elapsed=1.054911e+02 cycle=2887 time=1.672226e+01 dt=7.152557e-08
CARTOON_AMR_TRANSACTION cycle=2888 requested_refine=6 requested_derefine_leaves=1658 accepted_derefine_parents=12 created_leaves=18 deleted_leaves=12 mirror_mismatches=0
AMR_Z4C_CHI_PROLONGATION cycle=2888 local_fallback_groups=0,0,0,0 global_fallback_groups=0 global_high_order_groups=6144
elapsed=1.057847e+02 cycle=2888 time=1.672226e+01 dt=3.576279e-08
CARTOON_AMR_TRANSACTION cycle=2889 requested_refine=4 requested_derefine_leaves=1654 accepted_derefine_parents=6 created_leaves=12 deleted_leaves=0 mirror_mismatches=0
AMR_Z4C_CHI_PROLONGATION cycle=2889 local_fallback_groups=0,0,0,0 global_fallback_groups=0 global_high_order_groups=4096
elapsed=1.060689e+02 cycle=2889 time=1.672226e+01 dt=3.576279e-08
CARTOON_AMR_TRANSACTION cycle=2890 requested_refine=2 requested_derefine_leaves=1664 accepted_derefine_parents=6 created_leaves=6 deleted_leaves=0 mirror_mismatches=0
AMR_Z4C_CHI_PROLONGATION cycle=2890 local_fallback_groups=0,0,0,0 global_fallback_groups=0 global_high_order_groups=2048
elapsed=1.063553e+02 cycle=2890 time=1.672226e+01 dt=3.576279e-08
CARTOON_AMR_TRANSACTION cycle=2891 requested_refine=0 requested_derefine_leaves=1674 accepted_derefine_parents=8 created_leaves=0 deleted_leaves=6 mirror_mismatches=0
elapsed=1.066424e+02 cycle=2891 time=1.672226e+01 dt=3.576279e-08
CARTOON_AMR_TRANSACTION cycle=2892 requested_refine=2 requested_derefine_leaves=1668 accepted_derefine_parents=8 created_leaves=6 deleted_leaves=6 mirror_mismatches=0
AMR_Z4C_CHI_PROLONGATION cycle=2892 local_fallback_groups=0,0,0,0 global_fallback_groups=0 global_high_order_groups=2048
elapsed=1.069342e+02 cycle=2892 time=1.672226e+01 dt=3.576279e-08
CARTOON_AMR_TRANSACTION cycle=2893 requested_refine=2 requested_derefine_leaves=1664 accepted_derefine_parents=6 created_leaves=6 deleted_leaves=0 mirror_mismatches=0
AMR_Z4C_CHI_PROLONGATION cycle=2893 local_fallback_groups=0,0,0,0 global_fallback_groups=0 global_high_order_groups=2048
elapsed=1.072190e+02 cycle=2893 time=1.672227e+01 dt=3.576279e-08
CARTOON_AMR_TRANSACTION cycle=2894 requested_refine=4 requested_derefine_leaves=1668 accepted_derefine_parents=6 created_leaves=12 deleted_leaves=0 mirror_mismatches=0
AMR_Z4C_CHI_PROLONGATION cycle=2894 local_fallback_groups=0,0,0,0 global_fallback_groups=0 global_high_order_groups=4096
elapsed=1.075030e+02 cycle=2894 time=1.672227e+01 dt=3.576279e-08
CARTOON_AMR_TRANSACTION cycle=2895 requested_refine=6 requested_derefine_leaves=1678 accepted_derefine_parents=6 created_leaves=18 deleted_leaves=0 mirror_mismatches=0
AMR_Z4C_CHI_PROLONGATION cycle=2895 local_fallback_groups=0,0,0,0 global_fallback_groups=0 global_high_order_groups=6144
elapsed=1.077918e+02 cycle=2895 time=1.672227e+01 dt=3.576279e-08
CARTOON_AMR_TRANSACTION cycle=2896 requested_refine=4 requested_derefine_leaves=1692 accepted_derefine_parents=6 created_leaves=12 deleted_leaves=0 mirror_mismatches=0
AMR_Z4C_CHI_PROLONGATION cycle=2896 local_fallback_groups=0,0,0,0 global_fallback_groups=0 global_high_order_groups=4096
elapsed=1.080938e+02 cycle=2896 time=1.672227e+01 dt=3.576279e-08
CARTOON_AMR_TRANSACTION cycle=2897 requested_refine=8 requested_derefine_leaves=1700 accepted_derefine_parents=6 created_leaves=24 deleted_leaves=0 mirror_mismatches=0
AMR_Z4C_CHI_PROLONGATION cycle=2897 local_fallback_groups=0,0,0,0 global_fallback_groups=0 global_high_order_groups=8192
elapsed=1.083929e+02 cycle=2897 time=1.672227e+01 dt=3.576279e-08
CARTOON_AMR_TRANSACTION cycle=2898 requested_refine=4 requested_derefine_leaves=1716 accepted_derefine_parents=6 created_leaves=18 deleted_leaves=0 mirror_mismatches=0
AMR_Z4C_CHI_PROLONGATION cycle=2898 local_fallback_groups=0,0,0,0 global_fallback_groups=0 global_high_order_groups=6144
elapsed=1.086927e+02 cycle=2898 time=1.672227e+01 dt=3.576279e-08
CARTOON_AMR_TRANSACTION cycle=2899 requested_refine=6 requested_derefine_leaves=1734 accepted_derefine_parents=8 created_leaves=18 deleted_leaves=0 mirror_mismatches=0
AMR_Z4C_CHI_PROLONGATION cycle=2899 local_fallback_groups=0,0,0,0 global_fallback_groups=0 global_high_order_groups=6144
elapsed=1.089928e+02 cycle=2899 time=1.672227e+01 dt=3.576279e-08
CARTOON_AMR_TRANSACTION cycle=2900 requested_refine=2 requested_derefine_leaves=1746 accepted_derefine_parents=8 created_leaves=6 deleted_leaves=0 mirror_mismatches=0
AMR_Z4C_CHI_PROLONGATION cycle=2900 local_fallback_groups=0,0,0,0 global_fallback_groups=0 global_high_order_groups=2048
elapsed=1.093123e+02 cycle=2900 time=1.672227e+01 dt=3.576279e-08
CARTOON_AMR_TRANSACTION cycle=2901 requested_refine=24 requested_derefine_leaves=1750 accepted_derefine_parents=8 created_leaves=72 deleted_leaves=0 mirror_mismatches=0
AMR_Z4C_CHI_PROLONGATION cycle=2901 local_fallback_groups=0,0,0,0 global_fallback_groups=0 global_high_order_groups=24576
elapsed=1.096273e+02 cycle=2901 time=1.672227e+01 dt=3.576279e-08
CARTOON_AMR_TRANSACTION cycle=2902 requested_refine=20 requested_derefine_leaves=1800 accepted_derefine_parents=10 created_leaves=60 deleted_leaves=6 mirror_mismatches=0
AMR_Z4C_CHI_PROLONGATION cycle=2902 local_fallback_groups=0,0,0,0 global_fallback_groups=0 global_high_order_groups=20480
elapsed=1.099344e+02 cycle=2902 time=1.672227e+01 dt=3.576279e-08
CARTOON_AMR_TRANSACTION cycle=2903 requested_refine=0 requested_derefine_leaves=1832 accepted_derefine_parents=8 created_leaves=0 deleted_leaves=0 mirror_mismatches=0
elapsed=1.101955e+02 cycle=2903 time=1.672227e+01 dt=3.576279e-08
CARTOON_AMR_TRANSACTION cycle=2904 requested_refine=4 requested_derefine_leaves=1834 accepted_derefine_parents=10 created_leaves=12 deleted_leaves=6 mirror_mismatches=0
AMR_Z4C_CHI_PROLONGATION cycle=2904 local_fallback_groups=0,0,0,0 global_fallback_groups=0 global_high_order_groups=4096
elapsed=1.105366e+02 cycle=2904 time=1.672227e+01 dt=3.576279e-08
CARTOON_AMR_TRANSACTION cycle=2905 requested_refine=2 requested_derefine_leaves=1834 accepted_derefine_parents=8 created_leaves=6 deleted_leaves=0 mirror_mismatches=0
AMR_Z4C_CHI_PROLONGATION cycle=2905 local_fallback_groups=0,0,0,0 global_fallback_groups=0 global_high_order_groups=2048
elapsed=1.108651e+02 cycle=2905 time=1.672227e+01 dt=3.576279e-08
CARTOON_AMR_TRANSACTION cycle=2906 requested_refine=6 requested_derefine_leaves=1848 accepted_derefine_parents=14 created_leaves=18 deleted_leaves=18 mirror_mismatches=0
AMR_Z4C_CHI_PROLONGATION cycle=2906 local_fallback_groups=0,0,0,0 global_fallback_groups=0 global_high_order_groups=6144
elapsed=1.111947e+02 cycle=2906 time=1.672227e+01 dt=3.576279e-08
CARTOON_AMR_TRANSACTION cycle=2907 requested_refine=18 requested_derefine_leaves=1834 accepted_derefine_parents=8 created_leaves=54 deleted_leaves=0 mirror_mismatches=0
AMR_Z4C_CHI_PROLONGATION cycle=2907 local_fallback_groups=0,0,0,0 global_fallback_groups=0 global_high_order_groups=18432
elapsed=1.115372e+02 cycle=2907 time=1.672227e+01 dt=3.576279e-08
CARTOON_AMR_TRANSACTION cycle=2908 requested_refine=24 requested_derefine_leaves=1874 accepted_derefine_parents=8 created_leaves=72 deleted_leaves=0 mirror_mismatches=0
AMR_Z4C_CHI_PROLONGATION cycle=2908 local_fallback_groups=0,0,0,0 global_fallback_groups=0 global_high_order_groups=24576
elapsed=1.118961e+02 cycle=2908 time=1.672227e+01 dt=3.576279e-08
CARTOON_AMR_TRANSACTION cycle=2909 requested_refine=16 requested_derefine_leaves=1926 accepted_derefine_parents=10 created_leaves=48 deleted_leaves=6 mirror_mismatches=0
AMR_Z4C_CHI_PROLONGATION cycle=2909 local_fallback_groups=0,0,0,0 global_fallback_groups=0 global_high_order_groups=16384
elapsed=1.122300e+02 cycle=2909 time=1.672227e+01 dt=3.576279e-08
CARTOON_AMR_TRANSACTION cycle=2910 requested_refine=10 requested_derefine_leaves=1958 accepted_derefine_parents=14 created_leaves=30 deleted_leaves=18 mirror_mismatches=0
AMR_Z4C_CHI_PROLONGATION cycle=2910 local_fallback_groups=0,0,0,0 global_fallback_groups=0 global_high_order_groups=10240
elapsed=1.125852e+02 cycle=2910 time=1.672227e+01 dt=3.576279e-08
CARTOON_AMR_TRANSACTION cycle=2911 requested_refine=12 requested_derefine_leaves=1954 accepted_derefine_parents=8 created_leaves=36 deleted_leaves=0 mirror_mismatches=0
AMR_Z4C_CHI_PROLONGATION cycle=2911 local_fallback_groups=0,0,0,0 global_fallback_groups=0 global_high_order_groups=12288
elapsed=1.129413e+02 cycle=2911 time=1.672227e+01 dt=3.576279e-08
CARTOON_AMR_TRANSACTION cycle=2912 requested_refine=18 requested_derefine_leaves=1984 accepted_derefine_parents=10 created_leaves=66 deleted_leaves=6 mirror_mismatches=0
AMR_Z4C_CHI_PROLONGATION cycle=2912 local_fallback_groups=0,0,0,0 global_fallback_groups=0 global_high_order_groups=22528
elapsed=1.133270e+02 cycle=2912 time=1.672227e+01 dt=3.576279e-08
CARTOON_AMR_TRANSACTION cycle=2913 requested_refine=14 requested_derefine_leaves=2036 accepted_derefine_parents=12 created_leaves=42 deleted_leaves=12 mirror_mismatches=0
AMR_Z4C_CHI_PROLONGATION cycle=2913 local_fallback_groups=0,0,0,0 global_fallback_groups=0 global_high_order_groups=14336
elapsed=1.136989e+02 cycle=2913 time=1.672227e+01 dt=3.576279e-08
CARTOON_AMR_TRANSACTION cycle=2914 requested_refine=4 requested_derefine_leaves=2056 accepted_derefine_parents=14 created_leaves=12 deleted_leaves=18 mirror_mismatches=0
AMR_Z4C_CHI_PROLONGATION cycle=2914 local_fallback_groups=0,0,0,0 global_fallback_groups=0 global_high_order_groups=4096
elapsed=1.140678e+02 cycle=2914 time=1.672227e+01 dt=3.576279e-08
CARTOON_AMR_TRANSACTION cycle=2915 requested_refine=6 requested_derefine_leaves=2046 accepted_derefine_parents=10 created_leaves=18 deleted_leaves=6 mirror_mismatches=0
AMR_Z4C_CHI_PROLONGATION cycle=2915 local_fallback_groups=0,0,0,0 global_fallback_groups=0 global_high_order_groups=6144
elapsed=1.144154e+02 cycle=2915 time=1.672227e+01 dt=3.576279e-08
CARTOON_AMR_TRANSACTION cycle=2916 requested_refine=8 requested_derefine_leaves=2064 accepted_derefine_parents=16 created_leaves=24 deleted_leaves=24 mirror_mismatches=0
AMR_Z4C_CHI_PROLONGATION cycle=2916 local_fallback_groups=0,0,0,0 global_fallback_groups=0 global_high_order_groups=8192
elapsed=1.148073e+02 cycle=2916 time=1.672227e+01 dt=3.576279e-08
CARTOON_AMR_TRANSACTION cycle=2917 requested_refine=8 requested_derefine_leaves=2058 accepted_derefine_parents=12 created_leaves=24 deleted_leaves=12 mirror_mismatches=0
AMR_Z4C_CHI_PROLONGATION cycle=2917 local_fallback_groups=0,0,0,0 global_fallback_groups=0 global_high_order_groups=8192
elapsed=1.151881e+02 cycle=2917 time=1.672227e+01 dt=3.576279e-08
CARTOON_AMR_TRANSACTION cycle=2918 requested_refine=4 requested_derefine_leaves=2060 accepted_derefine_parents=14 created_leaves=12 deleted_leaves=18 mirror_mismatches=0
AMR_Z4C_CHI_PROLONGATION cycle=2918 local_fallback_groups=0,0,0,0 global_fallback_groups=0 global_high_order_groups=4096
elapsed=1.155680e+02 cycle=2918 time=1.672227e+01 dt=3.576279e-08
CARTOON_AMR_TRANSACTION cycle=2919 requested_refine=8 requested_derefine_leaves=2066 accepted_derefine_parents=18 created_leaves=24 deleted_leaves=30 mirror_mismatches=0
AMR_Z4C_CHI_PROLONGATION cycle=2919 local_fallback_groups=0,0,0,0 global_fallback_groups=0 global_high_order_groups=8192
elapsed=1.159348e+02 cycle=2919 time=1.672227e+01 dt=3.576279e-08
CARTOON_AMR_TRANSACTION cycle=2920 requested_refine=10 requested_derefine_leaves=2044 accepted_derefine_parents=8 created_leaves=30 deleted_leaves=0 mirror_mismatches=0
AMR_Z4C_CHI_PROLONGATION cycle=2920 local_fallback_groups=0,0,0,0 global_fallback_groups=0 global_high_order_groups=10240
elapsed=1.163332e+02 cycle=2920 time=1.672227e+01 dt=3.576279e-08
CARTOON_AMR_TRANSACTION cycle=2921 requested_refine=12 requested_derefine_leaves=2072 accepted_derefine_parents=14 created_leaves=36 deleted_leaves=12 mirror_mismatches=0
AMR_Z4C_CHI_PROLONGATION cycle=2921 local_fallback_groups=0,0,0,0 global_fallback_groups=0 global_high_order_groups=12288
elapsed=1.167156e+02 cycle=2921 time=1.672227e+01 dt=3.576279e-08
CARTOON_AMR_TRANSACTION cycle=2922 requested_refine=0 requested_derefine_leaves=2080 accepted_derefine_parents=8 created_leaves=0 deleted_leaves=0 mirror_mismatches=0
elapsed=1.169970e+02 cycle=2922 time=1.672227e+01 dt=3.576279e-08
CARTOON_AMR_TRANSACTION cycle=2923 requested_refine=0 requested_derefine_leaves=2084 accepted_derefine_parents=10 created_leaves=0 deleted_leaves=6 mirror_mismatches=0
elapsed=1.173586e+02 cycle=2923 time=1.672227e+01 dt=3.576279e-08
CARTOON_AMR_TRANSACTION cycle=2924 requested_refine=0 requested_derefine_leaves=2074 accepted_derefine_parents=8 created_leaves=0 deleted_leaves=0 mirror_mismatches=0
elapsed=1.176740e+02 cycle=2924 time=1.672227e+01 dt=3.576279e-08
CARTOON_AMR_TRANSACTION cycle=2925 requested_refine=0 requested_derefine_leaves=2072 accepted_derefine_parents=8 created_leaves=0 deleted_leaves=0 mirror_mismatches=0
elapsed=1.179853e+02 cycle=2925 time=1.672227e+01 dt=3.576279e-08
CARTOON_AMR_TRANSACTION cycle=2926 requested_refine=4 requested_derefine_leaves=2072 accepted_derefine_parents=8 created_leaves=18 deleted_leaves=0 mirror_mismatches=0
AMR_Z4C_CHI_PROLONGATION cycle=2926 local_fallback_groups=0,0,0,0 global_fallback_groups=0 global_high_order_groups=6144
elapsed=1.183725e+02 cycle=2926 time=1.672227e+01 dt=3.576279e-08
CARTOON_AMR_TRANSACTION cycle=2927 requested_refine=2 requested_derefine_leaves=2094 accepted_derefine_parents=10 created_leaves=6 deleted_leaves=0 mirror_mismatches=0
AMR_Z4C_CHI_PROLONGATION cycle=2927 local_fallback_groups=0,0,0,0 global_fallback_groups=0 global_high_order_groups=2048
elapsed=1.187361e+02 cycle=2927 time=1.672227e+01 dt=3.576279e-08
CARTOON_AMR_TRANSACTION cycle=2928 requested_refine=0 requested_derefine_leaves=2098 accepted_derefine_parents=8 created_leaves=0 deleted_leaves=0 mirror_mismatches=0
elapsed=1.190343e+02 cycle=2928 time=1.672227e+01 dt=3.576279e-08
CARTOON_AMR_TRANSACTION cycle=2929 requested_refine=2 requested_derefine_leaves=2100 accepted_derefine_parents=8 created_leaves=6 deleted_leaves=0 mirror_mismatches=0
AMR_Z4C_CHI_PROLONGATION cycle=2929 local_fallback_groups=0,0,0,0 global_fallback_groups=0 global_high_order_groups=2048
elapsed=1.194008e+02 cycle=2929 time=1.672227e+01 dt=3.576279e-08
CARTOON_AMR_TRANSACTION cycle=2930 requested_refine=2 requested_derefine_leaves=2106 accepted_derefine_parents=8 created_leaves=6 deleted_leaves=0 mirror_mismatches=0
AMR_Z4C_CHI_PROLONGATION cycle=2930 local_fallback_groups=0,0,0,0 global_fallback_groups=0 global_high_order_groups=2048
elapsed=1.197851e+02 cycle=2930 time=1.672227e+01 dt=3.576279e-08
CARTOON_AMR_TRANSACTION cycle=2931 requested_refine=2 requested_derefine_leaves=2108 accepted_derefine_parents=6 created_leaves=6 deleted_leaves=0 mirror_mismatches=0
AMR_Z4C_CHI_PROLONGATION cycle=2931 local_fallback_groups=0,0,0,0 global_fallback_groups=0 global_high_order_groups=2048
elapsed=1.201524e+02 cycle=2931 time=1.672227e+01 dt=3.576279e-08
CARTOON_AMR_TRANSACTION cycle=2932 requested_refine=0 requested_derefine_leaves=2116 accepted_derefine_parents=6 created_leaves=0 deleted_leaves=0 mirror_mismatches=0
elapsed=1.204754e+02 cycle=2932 time=1.672227e+01 dt=3.576279e-08
CARTOON_AMR_TRANSACTION cycle=2933 requested_refine=4 requested_derefine_leaves=2116 accepted_derefine_parents=8 created_leaves=12 deleted_leaves=6 mirror_mismatches=0
AMR_Z4C_CHI_PROLONGATION cycle=2933 local_fallback_groups=0,0,0,0 global_fallback_groups=0 global_high_order_groups=4096
elapsed=1.208621e+02 cycle=2933 time=1.672227e+01 dt=3.576279e-08
CARTOON_AMR_TRANSACTION cycle=2934 requested_refine=6 requested_derefine_leaves=2120 accepted_derefine_parents=8 created_leaves=18 deleted_leaves=6 mirror_mismatches=0
AMR_Z4C_CHI_PROLONGATION cycle=2934 local_fallback_groups=0,0,0,0 global_fallback_groups=0 global_high_order_groups=6144
elapsed=1.212342e+02 cycle=2934 time=1.672227e+01 dt=3.576279e-08
CARTOON_AMR_TRANSACTION cycle=2935 requested_refine=2 requested_derefine_leaves=2126 accepted_derefine_parents=8 created_leaves=6 deleted_leaves=6 mirror_mismatches=0
AMR_Z4C_CHI_PROLONGATION cycle=2935 local_fallback_groups=0,0,0,0 global_fallback_groups=0 global_high_order_groups=2048
elapsed=1.216202e+02 cycle=2935 time=1.672227e+01 dt=3.576279e-08
CARTOON_AMR_TRANSACTION cycle=2936 requested_refine=2 requested_derefine_leaves=2124 accepted_derefine_parents=6 created_leaves=6 deleted_leaves=0 mirror_mismatches=0
AMR_Z4C_CHI_PROLONGATION cycle=2936 local_fallback_groups=0,0,0,0 global_fallback_groups=0 global_high_order_groups=2048
elapsed=1.220055e+02 cycle=2936 time=1.672227e+01 dt=3.576279e-08
CARTOON_AMR_TRANSACTION cycle=2937 requested_refine=4 requested_derefine_leaves=2130 accepted_derefine_parents=8 created_leaves=12 deleted_leaves=6 mirror_mismatches=0
AMR_Z4C_CHI_PROLONGATION cycle=2937 local_fallback_groups=0,0,0,0 global_fallback_groups=0 global_high_order_groups=4096
elapsed=1.223988e+02 cycle=2937 time=1.672227e+01 dt=3.576279e-08
CARTOON_AMR_TRANSACTION cycle=2938 requested_refine=2 requested_derefine_leaves=2132 accepted_derefine_parents=6 created_leaves=6 deleted_leaves=0 mirror_mismatches=0
AMR_Z4C_CHI_PROLONGATION cycle=2938 local_fallback_groups=0,0,0,0 global_fallback_groups=0 global_high_order_groups=2048
elapsed=1.227767e+02 cycle=2938 time=1.672227e+01 dt=3.576279e-08
CARTOON_AMR_TRANSACTION cycle=2939 requested_refine=2 requested_derefine_leaves=2142 accepted_derefine_parents=8 created_leaves=6 deleted_leaves=6 mirror_mismatches=0
AMR_Z4C_CHI_PROLONGATION cycle=2939 local_fallback_groups=0,0,0,0 global_fallback_groups=0 global_high_order_groups=2048
elapsed=1.231715e+02 cycle=2939 time=1.672227e+01 dt=3.576279e-08
CARTOON_AMR_TRANSACTION cycle=2940 requested_refine=10 requested_derefine_leaves=2140 accepted_derefine_parents=10 created_leaves=30 deleted_leaves=12 mirror_mismatches=0
AMR_Z4C_CHI_PROLONGATION cycle=2940 local_fallback_groups=0,0,0,0 global_fallback_groups=0 global_high_order_groups=10240
elapsed=1.235618e+02 cycle=2940 time=1.672227e+01 dt=3.576279e-08
CARTOON_AMR_TRANSACTION cycle=2941 requested_refine=4 requested_derefine_leaves=2144 accepted_derefine_parents=6 created_leaves=12 deleted_leaves=0 mirror_mismatches=0
AMR_Z4C_CHI_PROLONGATION cycle=2941 local_fallback_groups=0,0,0,0 global_fallback_groups=0 global_high_order_groups=4096
elapsed=1.239552e+02 cycle=2941 time=1.672227e+01 dt=3.576279e-08
CARTOON_AMR_TRANSACTION cycle=2942 requested_refine=12 requested_derefine_leaves=2152 accepted_derefine_parents=6 created_leaves=36 deleted_leaves=0 mirror_mismatches=0
AMR_Z4C_CHI_PROLONGATION cycle=2942 local_fallback_groups=0,0,0,0 global_fallback_groups=0 global_high_order_groups=12288
elapsed=1.243325e+02 cycle=2942 time=1.672227e+01 dt=3.576279e-08
CARTOON_AMR_TRANSACTION cycle=2943 requested_refine=6 requested_derefine_leaves=2184 accepted_derefine_parents=10 created_leaves=18 deleted_leaves=12 mirror_mismatches=0
AMR_Z4C_CHI_PROLONGATION cycle=2943 local_fallback_groups=0,0,0,0 global_fallback_groups=0 global_high_order_groups=6144
elapsed=1.247421e+02 cycle=2943 time=1.672227e+01 dt=3.576279e-08
CARTOON_AMR_TRANSACTION cycle=2944 requested_refine=0 requested_derefine_leaves=2188 accepted_derefine_parents=12 created_leaves=0 deleted_leaves=18 mirror_mismatches=0
elapsed=1.300273e+02 cycle=2944 time=1.672227e+01 dt=3.576279e-08
CARTOON_AMR_TRANSACTION cycle=2945 requested_refine=6 requested_derefine_leaves=2166 accepted_derefine_parents=8 created_leaves=18 deleted_leaves=6 mirror_mismatches=0
AMR_Z4C_CHI_PROLONGATION cycle=2945 local_fallback_groups=0,0,0,0 global_fallback_groups=0 global_high_order_groups=6144
elapsed=1.304282e+02 cycle=2945 time=1.672227e+01 dt=3.576279e-08
CARTOON_AMR_TRANSACTION cycle=2946 requested_refine=0 requested_derefine_leaves=2186 accepted_derefine_parents=14 created_leaves=0 deleted_leaves=24 mirror_mismatches=0
elapsed=1.308024e+02 cycle=2946 time=1.672227e+01 dt=3.576279e-08
CARTOON_AMR_TRANSACTION cycle=2947 requested_refine=0 requested_derefine_leaves=2158 accepted_derefine_parents=10 created_leaves=0 deleted_leaves=12 mirror_mismatches=0
elapsed=1.311929e+02 cycle=2947 time=1.672227e+01 dt=3.576279e-08
CARTOON_AMR_TRANSACTION cycle=2948 requested_refine=4 requested_derefine_leaves=2142 accepted_derefine_parents=6 created_leaves=12 deleted_leaves=0 mirror_mismatches=0
AMR_Z4C_CHI_PROLONGATION cycle=2948 local_fallback_groups=0,0,0,0 global_fallback_groups=0 global_high_order_groups=4096
elapsed=1.315729e+02 cycle=2948 time=1.672227e+01 dt=3.576279e-08
CARTOON_AMR_TRANSACTION cycle=2949 requested_refine=0 requested_derefine_leaves=2164 accepted_derefine_parents=10 created_leaves=0 deleted_leaves=12 mirror_mismatches=0
elapsed=1.319641e+02 cycle=2949 time=1.672227e+01 dt=3.576279e-08
CARTOON_AMR_TRANSACTION cycle=2950 requested_refine=2 requested_derefine_leaves=2148 accepted_derefine_parents=8 created_leaves=6 deleted_leaves=6 mirror_mismatches=0
AMR_Z4C_CHI_PROLONGATION cycle=2950 local_fallback_groups=0,0,0,0 global_fallback_groups=0 global_high_order_groups=2048
elapsed=1.323594e+02 cycle=2950 time=1.672227e+01 dt=3.576279e-08
CARTOON_AMR_TRANSACTION cycle=2951 requested_refine=0 requested_derefine_leaves=2146 accepted_derefine_parents=8 created_leaves=0 deleted_leaves=6 mirror_mismatches=0
elapsed=1.327536e+02 cycle=2951 time=1.672227e+01 dt=3.576279e-08
CARTOON_AMR_TRANSACTION cycle=2952 requested_refine=4 requested_derefine_leaves=2138 accepted_derefine_parents=6 created_leaves=12 deleted_leaves=0 mirror_mismatches=0
AMR_Z4C_CHI_PROLONGATION cycle=2952 local_fallback_groups=0,0,0,0 global_fallback_groups=0 global_high_order_groups=4096
elapsed=1.331330e+02 cycle=2952 time=1.672227e+01 dt=3.576279e-08
CARTOON_AMR_TRANSACTION cycle=2953 requested_refine=2 requested_derefine_leaves=2146 accepted_derefine_parents=6 created_leaves=6 deleted_leaves=0 mirror_mismatches=0
AMR_Z4C_CHI_PROLONGATION cycle=2953 local_fallback_groups=0,0,0,0 global_fallback_groups=0 global_high_order_groups=2048
elapsed=1.335231e+02 cycle=2953 time=1.672227e+01 dt=3.576279e-08
CARTOON_AMR_TRANSACTION cycle=2954 requested_refine=6 requested_derefine_leaves=2152 accepted_derefine_parents=6 created_leaves=18 deleted_leaves=0 mirror_mismatches=0
AMR_Z4C_CHI_PROLONGATION cycle=2954 local_fallback_groups=0,0,0,0 global_fallback_groups=0 global_high_order_groups=6144
elapsed=1.338867e+02 cycle=2954 time=1.672227e+01 dt=3.576279e-08
CARTOON_AMR_TRANSACTION cycle=2955 requested_refine=44 requested_derefine_leaves=2164 accepted_derefine_parents=6 created_leaves=132 deleted_leaves=0 mirror_mismatches=0
AMR_Z4C_CHI_PROLONGATION cycle=2955 local_fallback_groups=0,0,0,0 global_fallback_groups=0 global_high_order_groups=45056
elapsed=1.342994e+02 cycle=2955 time=1.672227e+01 dt=3.576279e-08
CARTOON_AMR_TRANSACTION cycle=2956 requested_refine=38 requested_derefine_leaves=2266 accepted_derefine_parents=12 created_leaves=114 deleted_leaves=18 mirror_mismatches=0
AMR_Z4C_CHI_PROLONGATION cycle=2956 local_fallback_groups=0,0,0,0 global_fallback_groups=0 global_high_order_groups=38912
elapsed=1.347585e+02 cycle=2956 time=1.672227e+01 dt=3.576279e-08
CARTOON_AMR_TRANSACTION cycle=2957 requested_refine=0 requested_derefine_leaves=2320 accepted_derefine_parents=8 created_leaves=0 deleted_leaves=6 mirror_mismatches=0
elapsed=1.351913e+02 cycle=2957 time=1.672227e+01 dt=3.576279e-08
CARTOON_AMR_TRANSACTION cycle=2958 requested_refine=6 requested_derefine_leaves=2328 accepted_derefine_parents=12 created_leaves=18 deleted_leaves=18 mirror_mismatches=0
AMR_Z4C_CHI_PROLONGATION cycle=2958 local_fallback_groups=0,0,0,0 global_fallback_groups=0 global_high_order_groups=6144
elapsed=1.356271e+02 cycle=2958 time=1.672227e+01 dt=3.576279e-08
CARTOON_AMR_TRANSACTION cycle=2959 requested_refine=2 requested_derefine_leaves=2328 accepted_derefine_parents=12 created_leaves=6 deleted_leaves=18 mirror_mismatches=0
AMR_Z4C_CHI_PROLONGATION cycle=2959 local_fallback_groups=0,0,0,0 global_fallback_groups=0 global_high_order_groups=2048
elapsed=1.360577e+02 cycle=2959 time=1.672227e+01 dt=3.576279e-08
CARTOON_AMR_TRANSACTION cycle=2960 requested_refine=28 requested_derefine_leaves=2306 accepted_derefine_parents=6 created_leaves=84 deleted_leaves=0 mirror_mismatches=0
AMR_Z4C_CHI_PROLONGATION cycle=2960 local_fallback_groups=0,0,0,0 global_fallback_groups=0 global_high_order_groups=28672
elapsed=1.365142e+02 cycle=2960 time=1.672227e+01 dt=3.576279e-08
CARTOON_AMR_TRANSACTION cycle=2961 requested_refine=16 requested_derefine_leaves=2362 accepted_derefine_parents=8 created_leaves=48 deleted_leaves=6 mirror_mismatches=0
AMR_Z4C_CHI_PROLONGATION cycle=2961 local_fallback_groups=0,0,0,0 global_fallback_groups=0 global_high_order_groups=16384
elapsed=1.369659e+02 cycle=2961 time=1.672227e+01 dt=3.576279e-08
CARTOON_AMR_TRANSACTION cycle=2962 requested_refine=28 requested_derefine_leaves=2388 accepted_derefine_parents=6 created_leaves=84 deleted_leaves=0 mirror_mismatches=0
AMR_Z4C_CHI_PROLONGATION cycle=2962 local_fallback_groups=0,0,0,0 global_fallback_groups=0 global_high_order_groups=28672
elapsed=1.374221e+02 cycle=2962 time=1.672227e+01 dt=3.576279e-08
CARTOON_AMR_TRANSACTION cycle=2963 requested_refine=16 requested_derefine_leaves=2458 accepted_derefine_parents=12 created_leaves=48 deleted_leaves=12 mirror_mismatches=0
AMR_Z4C_CHI_PROLONGATION cycle=2963 local_fallback_groups=0,0,0,0 global_fallback_groups=0 global_high_order_groups=16384
elapsed=1.378507e+02 cycle=2963 time=1.672227e+01 dt=3.576279e-08
CARTOON_AMR_TRANSACTION cycle=2964 requested_refine=6 requested_derefine_leaves=2476 accepted_derefine_parents=10 created_leaves=18 deleted_leaves=6 mirror_mismatches=0
AMR_Z4C_CHI_PROLONGATION cycle=2964 local_fallback_groups=0,0,0,0 global_fallback_groups=0 global_high_order_groups=6144
elapsed=1.382992e+02 cycle=2964 time=1.672227e+01 dt=3.576279e-08
CARTOON_AMR_TRANSACTION cycle=2965 requested_refine=6 requested_derefine_leaves=2482 accepted_derefine_parents=10 created_leaves=18 deleted_leaves=6 mirror_mismatches=0
AMR_Z4C_CHI_PROLONGATION cycle=2965 local_fallback_groups=0,0,0,0 global_fallback_groups=0 global_high_order_groups=6144
elapsed=1.387307e+02 cycle=2965 time=1.672227e+01 dt=3.576279e-08
CARTOON_AMR_TRANSACTION cycle=2966 requested_refine=10 requested_derefine_leaves=2486 accepted_derefine_parents=8 created_leaves=30 deleted_leaves=0 mirror_mismatches=0
AMR_Z4C_CHI_PROLONGATION cycle=2966 local_fallback_groups=0,0,0,0 global_fallback_groups=0 global_high_order_groups=10240
elapsed=1.391618e+02 cycle=2966 time=1.672227e+01 dt=3.576279e-08
CARTOON_AMR_TRANSACTION cycle=2967 requested_refine=20 requested_derefine_leaves=2514 accepted_derefine_parents=10 created_leaves=60 deleted_leaves=6 mirror_mismatches=0
AMR_Z4C_CHI_PROLONGATION cycle=2967 local_fallback_groups=0,0,0,0 global_fallback_groups=0 global_high_order_groups=20480
elapsed=1.396109e+02 cycle=2967 time=1.672227e+01 dt=3.576279e-08
CARTOON_AMR_TRANSACTION cycle=2968 requested_refine=14 requested_derefine_leaves=2552 accepted_derefine_parents=14 created_leaves=42 deleted_leaves=18 mirror_mismatches=0
AMR_Z4C_CHI_PROLONGATION cycle=2968 local_fallback_groups=0,0,0,0 global_fallback_groups=0 global_high_order_groups=14336
elapsed=1.400899e+02 cycle=2968 time=1.672227e+01 dt=3.576279e-08
CARTOON_AMR_TRANSACTION cycle=2969 requested_refine=6 requested_derefine_leaves=2556 accepted_derefine_parents=8 created_leaves=18 deleted_leaves=0 mirror_mismatches=0
AMR_Z4C_CHI_PROLONGATION cycle=2969 local_fallback_groups=0,0,0,0 global_fallback_groups=0 global_high_order_groups=6144
elapsed=1.405710e+02 cycle=2969 time=1.672227e+01 dt=3.576279e-08
CARTOON_AMR_TRANSACTION cycle=2970 requested_refine=2 requested_derefine_leaves=2568 accepted_derefine_parents=8 created_leaves=6 deleted_leaves=0 mirror_mismatches=0
AMR_Z4C_CHI_PROLONGATION cycle=2970 local_fallback_groups=0,0,0,0 global_fallback_groups=0 global_high_order_groups=2048
elapsed=1.410164e+02 cycle=2970 time=1.672227e+01 dt=3.576279e-08
CARTOON_AMR_TRANSACTION cycle=2971 requested_refine=4 requested_derefine_leaves=2576 accepted_derefine_parents=8 created_leaves=12 deleted_leaves=0 mirror_mismatches=0
AMR_Z4C_CHI_PROLONGATION cycle=2971 local_fallback_groups=0,0,0,0 global_fallback_groups=0 global_high_order_groups=4096
elapsed=1.414721e+02 cycle=2971 time=1.672227e+01 dt=3.576279e-08
CARTOON_AMR_TRANSACTION cycle=2972 requested_refine=4 requested_derefine_leaves=2590 accepted_derefine_parents=12 created_leaves=12 deleted_leaves=12 mirror_mismatches=0
AMR_Z4C_CHI_PROLONGATION cycle=2972 local_fallback_groups=0,0,0,0 global_fallback_groups=0 global_high_order_groups=4096
elapsed=1.419398e+02 cycle=2972 time=1.672227e+01 dt=3.576279e-08
CARTOON_AMR_TRANSACTION cycle=2973 requested_refine=6 requested_derefine_leaves=2586 accepted_derefine_parents=8 created_leaves=18 deleted_leaves=0 mirror_mismatches=0
AMR_Z4C_CHI_PROLONGATION cycle=2973 local_fallback_groups=0,0,0,0 global_fallback_groups=0 global_high_order_groups=6144
elapsed=1.423917e+02 cycle=2973 time=1.672227e+01 dt=3.576279e-08
CARTOON_AMR_TRANSACTION cycle=2974 requested_refine=6 requested_derefine_leaves=2596 accepted_derefine_parents=8 created_leaves=18 deleted_leaves=0 mirror_mismatches=0
AMR_Z4C_CHI_PROLONGATION cycle=2974 local_fallback_groups=0,0,0,0 global_fallback_groups=0 global_high_order_groups=6144
elapsed=1.428450e+02 cycle=2974 time=1.672227e+01 dt=3.576279e-08
CARTOON_AMR_TRANSACTION cycle=2975 requested_refine=12 requested_derefine_leaves=2610 accepted_derefine_parents=10 created_leaves=36 deleted_leaves=6 mirror_mismatches=0
AMR_Z4C_CHI_PROLONGATION cycle=2975 local_fallback_groups=0,0,0,0 global_fallback_groups=0 global_high_order_groups=12288
elapsed=1.433051e+02 cycle=2975 time=1.672227e+01 dt=3.576279e-08
CARTOON_AMR_TRANSACTION cycle=2976 requested_refine=8 requested_derefine_leaves=2628 accepted_derefine_parents=10 created_leaves=24 deleted_leaves=6 mirror_mismatches=0
AMR_Z4C_CHI_PROLONGATION cycle=2976 local_fallback_groups=0,0,0,0 global_fallback_groups=0 global_high_order_groups=8192
elapsed=1.437949e+02 cycle=2976 time=1.672227e+01 dt=3.576279e-08
CARTOON_AMR_TRANSACTION cycle=2977 requested_refine=10 requested_derefine_leaves=2636 accepted_derefine_parents=8 created_leaves=30 deleted_leaves=0 mirror_mismatches=0
AMR_Z4C_CHI_PROLONGATION cycle=2977 local_fallback_groups=0,0,0,0 global_fallback_groups=0 global_high_order_groups=10240
elapsed=1.442988e+02 cycle=2977 time=1.672227e+01 dt=3.576279e-08
CARTOON_AMR_TRANSACTION cycle=2978 requested_refine=10 requested_derefine_leaves=2664 accepted_derefine_parents=12 created_leaves=30 deleted_leaves=12 mirror_mismatches=0
AMR_Z4C_CHI_PROLONGATION cycle=2978 local_fallback_groups=0,0,0,0 global_fallback_groups=0 global_high_order_groups=10240
elapsed=1.447642e+02 cycle=2978 time=1.672227e+01 dt=3.576279e-08
CARTOON_AMR_TRANSACTION cycle=2979 requested_refine=4 requested_derefine_leaves=2674 accepted_derefine_parents=10 created_leaves=12 deleted_leaves=6 mirror_mismatches=0
AMR_Z4C_CHI_PROLONGATION cycle=2979 local_fallback_groups=0,0,0,0 global_fallback_groups=0 global_high_order_groups=4096
elapsed=1.452416e+02 cycle=2979 time=1.672227e+01 dt=3.576279e-08
CARTOON_AMR_TRANSACTION cycle=2980 requested_refine=2 requested_derefine_leaves=2682 accepted_derefine_parents=10 created_leaves=6 deleted_leaves=6 mirror_mismatches=0
AMR_Z4C_CHI_PROLONGATION cycle=2980 local_fallback_groups=0,0,0,0 global_fallback_groups=0 global_high_order_groups=2048
elapsed=1.457682e+02 cycle=2980 time=1.672227e+01 dt=3.576279e-08
CARTOON_AMR_TRANSACTION cycle=2981 requested_refine=2 requested_derefine_leaves=2696 accepted_derefine_parents=14 created_leaves=6 deleted_leaves=18 mirror_mismatches=0
AMR_Z4C_CHI_PROLONGATION cycle=2981 local_fallback_groups=0,0,0,0 global_fallback_groups=0 global_high_order_groups=2048
elapsed=1.462823e+02 cycle=2981 time=1.672227e+01 dt=3.576279e-08
CARTOON_AMR_TRANSACTION cycle=2982 requested_refine=2 requested_derefine_leaves=2684 accepted_derefine_parents=14 created_leaves=6 deleted_leaves=18 mirror_mismatches=0
AMR_Z4C_CHI_PROLONGATION cycle=2982 local_fallback_groups=0,0,0,0 global_fallback_groups=0 global_high_order_groups=2048
elapsed=1.467965e+02 cycle=2982 time=1.672227e+01 dt=3.576279e-08
CARTOON_AMR_TRANSACTION cycle=2983 requested_refine=8 requested_derefine_leaves=2672 accepted_derefine_parents=16 created_leaves=24 deleted_leaves=24 mirror_mismatches=0
AMR_Z4C_CHI_PROLONGATION cycle=2983 local_fallback_groups=0,0,0,0 global_fallback_groups=0 global_high_order_groups=8192
elapsed=1.473170e+02 cycle=2983 time=1.672227e+01 dt=3.576279e-08
CARTOON_AMR_TRANSACTION cycle=2984 requested_refine=14 requested_derefine_leaves=2656 accepted_derefine_parents=8 created_leaves=42 deleted_leaves=0 mirror_mismatches=0
AMR_Z4C_CHI_PROLONGATION cycle=2984 local_fallback_groups=0,0,0,0 global_fallback_groups=0 global_high_order_groups=14336
elapsed=1.478286e+02 cycle=2984 time=1.672227e+01 dt=3.576279e-08
CARTOON_AMR_TRANSACTION cycle=2985 requested_refine=4 requested_derefine_leaves=2686 accepted_derefine_parents=8 created_leaves=12 deleted_leaves=0 mirror_mismatches=0
AMR_Z4C_CHI_PROLONGATION cycle=2985 local_fallback_groups=0,0,0,0 global_fallback_groups=0 global_high_order_groups=4096
elapsed=1.483280e+02 cycle=2985 time=1.672227e+01 dt=3.576279e-08
CARTOON_AMR_TRANSACTION cycle=2986 requested_refine=8 requested_derefine_leaves=2698 accepted_derefine_parents=10 created_leaves=24 deleted_leaves=6 mirror_mismatches=0
AMR_Z4C_CHI_PROLONGATION cycle=2986 local_fallback_groups=0,0,0,0 global_fallback_groups=0 global_high_order_groups=8192
elapsed=1.488350e+02 cycle=2986 time=1.672227e+01 dt=3.576279e-08
CARTOON_AMR_TRANSACTION cycle=2987 requested_refine=6 requested_derefine_leaves=2704 accepted_derefine_parents=8 created_leaves=18 deleted_leaves=0 mirror_mismatches=0
AMR_Z4C_CHI_PROLONGATION cycle=2987 local_fallback_groups=0,0,0,0 global_fallback_groups=0 global_high_order_groups=6144
elapsed=1.493582e+02 cycle=2987 time=1.672227e+01 dt=3.576279e-08
CARTOON_AMR_TRANSACTION cycle=2988 requested_refine=12 requested_derefine_leaves=2716 accepted_derefine_parents=6 created_leaves=36 deleted_leaves=0 mirror_mismatches=0
AMR_Z4C_CHI_PROLONGATION cycle=2988 local_fallback_groups=0,0,0,0 global_fallback_groups=0 global_high_order_groups=12288
elapsed=1.498988e+02 cycle=2988 time=1.672227e+01 dt=3.576279e-08
CARTOON_AMR_TRANSACTION cycle=2989 requested_refine=14 requested_derefine_leaves=2740 accepted_derefine_parents=8 created_leaves=42 deleted_leaves=6 mirror_mismatches=0
AMR_Z4C_CHI_PROLONGATION cycle=2989 local_fallback_groups=0,0,0,0 global_fallback_groups=0 global_high_order_groups=14336
elapsed=1.503880e+02 cycle=2989 time=1.672227e+01 dt=3.576279e-08
CARTOON_AMR_TRANSACTION cycle=2990 requested_refine=8 requested_derefine_leaves=2760 accepted_derefine_parents=6 created_leaves=24 deleted_leaves=0 mirror_mismatches=0
AMR_Z4C_CHI_PROLONGATION cycle=2990 local_fallback_groups=0,0,0,0 global_fallback_groups=0 global_high_order_groups=8192
elapsed=1.508870e+02 cycle=2990 time=1.672227e+01 dt=3.576279e-08
CARTOON_AMR_TRANSACTION cycle=2991 requested_refine=8 requested_derefine_leaves=2782 accepted_derefine_parents=8 created_leaves=24 deleted_leaves=6 mirror_mismatches=0
AMR_Z4C_CHI_PROLONGATION cycle=2991 local_fallback_groups=0,0,0,0 global_fallback_groups=0 global_high_order_groups=8192
elapsed=1.513910e+02 cycle=2991 time=1.672227e+01 dt=3.576279e-08
CARTOON_AMR_TRANSACTION cycle=2992 requested_refine=16 requested_derefine_leaves=2790 accepted_derefine_parents=6 created_leaves=48 deleted_leaves=0 mirror_mismatches=0
AMR_Z4C_CHI_PROLONGATION cycle=2992 local_fallback_groups=0,0,0,0 global_fallback_groups=0 global_high_order_groups=16384
elapsed=1.519151e+02 cycle=2992 time=1.672227e+01 dt=3.576279e-08
CARTOON_AMR_TRANSACTION cycle=2993 requested_refine=18 requested_derefine_leaves=2822 accepted_derefine_parents=6 created_leaves=54 deleted_leaves=0 mirror_mismatches=0
AMR_Z4C_CHI_PROLONGATION cycle=2993 local_fallback_groups=0,0,0,0 global_fallback_groups=0 global_high_order_groups=18432
elapsed=1.524669e+02 cycle=2993 time=1.672227e+01 dt=3.576279e-08
CARTOON_AMR_TRANSACTION cycle=2994 requested_refine=8 requested_derefine_leaves=2858 accepted_derefine_parents=6 created_leaves=24 deleted_leaves=0 mirror_mismatches=0
AMR_Z4C_CHI_PROLONGATION cycle=2994 local_fallback_groups=0,0,0,0 global_fallback_groups=0 global_high_order_groups=8192
elapsed=1.530171e+02 cycle=2994 time=1.672227e+01 dt=3.576279e-08
CARTOON_AMR_TRANSACTION cycle=2995 requested_refine=8 requested_derefine_leaves=2880 accepted_derefine_parents=8 created_leaves=24 deleted_leaves=6 mirror_mismatches=0
AMR_Z4C_CHI_PROLONGATION cycle=2995 local_fallback_groups=0,0,0,0 global_fallback_groups=0 global_high_order_groups=8192
elapsed=1.535733e+02 cycle=2995 time=1.672227e+01 dt=3.576279e-08
CARTOON_AMR_TRANSACTION cycle=2996 requested_refine=2 requested_derefine_leaves=2894 accepted_derefine_parents=8 created_leaves=6 deleted_leaves=6 mirror_mismatches=0
AMR_Z4C_CHI_PROLONGATION cycle=2996 local_fallback_groups=0,0,0,0 global_fallback_groups=0 global_high_order_groups=2048
elapsed=1.541465e+02 cycle=2996 time=1.672227e+01 dt=3.576279e-08
CARTOON_AMR_TRANSACTION cycle=2997 requested_refine=20 requested_derefine_leaves=2894 accepted_derefine_parents=10 created_leaves=60 deleted_leaves=12 mirror_mismatches=0
AMR_Z4C_CHI_PROLONGATION cycle=2997 local_fallback_groups=0,0,0,0 global_fallback_groups=0 global_high_order_groups=20480
elapsed=1.547085e+02 cycle=2997 time=1.672227e+01 dt=3.576279e-08
CARTOON_AMR_TRANSACTION cycle=2998 requested_refine=10 requested_derefine_leaves=2920 accepted_derefine_parents=8 created_leaves=30 deleted_leaves=6 mirror_mismatches=0
AMR_Z4C_CHI_PROLONGATION cycle=2998 local_fallback_groups=0,0,0,0 global_fallback_groups=0 global_high_order_groups=10240
elapsed=1.552589e+02 cycle=2998 time=1.672227e+01 dt=3.576279e-08
CARTOON_AMR_TRANSACTION cycle=2999 requested_refine=16 requested_derefine_leaves=2932 accepted_derefine_parents=6 created_leaves=48 deleted_leaves=0 mirror_mismatches=0
AMR_Z4C_CHI_PROLONGATION cycle=2999 local_fallback_groups=0,0,0,0 global_fallback_groups=0 global_high_order_groups=16384
elapsed=1.558213e+02 cycle=2999 time=1.672227e+01 dt=3.576279e-08
CARTOON_AMR_TRANSACTION cycle=3000 requested_refine=6 requested_derefine_leaves=2966 accepted_derefine_parents=8 created_leaves=18 deleted_leaves=6 mirror_mismatches=0
AMR_Z4C_CHI_PROLONGATION cycle=3000 local_fallback_groups=0,0,0,0 global_fallback_groups=0 global_high_order_groups=6144
elapsed=1.563880e+02 cycle=3000 time=1.672227e+01 dt=3.576279e-08
CARTOON_AMR_TRANSACTION cycle=3001 requested_refine=0 requested_derefine_leaves=2970 accepted_derefine_parents=6 created_leaves=0 deleted_leaves=0 mirror_mismatches=0
elapsed=1.568306e+02 cycle=3001 time=1.672227e+01 dt=3.576279e-08
CARTOON_AMR_TRANSACTION cycle=3002 requested_refine=4 requested_derefine_leaves=2970 accepted_derefine_parents=6 created_leaves=12 deleted_leaves=0 mirror_mismatches=0
AMR_Z4C_CHI_PROLONGATION cycle=3002 local_fallback_groups=0,0,0,0 global_fallback_groups=0 global_high_order_groups=4096
elapsed=1.573750e+02 cycle=3002 time=1.672227e+01 dt=3.576279e-08
CARTOON_AMR_TRANSACTION cycle=3003 requested_refine=0 requested_derefine_leaves=2978 accepted_derefine_parents=6 created_leaves=0 deleted_leaves=0 mirror_mismatches=0
elapsed=1.578067e+02 cycle=3003 time=1.672227e+01 dt=3.576279e-08
CARTOON_AMR_TRANSACTION cycle=3004 requested_refine=0 requested_derefine_leaves=2980 accepted_derefine_parents=6 created_leaves=0 deleted_leaves=0 mirror_mismatches=0
elapsed=1.582618e+02 cycle=3004 time=1.672227e+01 dt=3.576279e-08
CARTOON_AMR_TRANSACTION cycle=3005 requested_refine=2 requested_derefine_leaves=2980 accepted_derefine_parents=6 created_leaves=6 deleted_leaves=0 mirror_mismatches=0
AMR_Z4C_CHI_PROLONGATION cycle=3005 local_fallback_groups=0,0,0,0 global_fallback_groups=0 global_high_order_groups=2048
elapsed=1.588100e+02 cycle=3005 time=1.672227e+01 dt=3.576279e-08
CARTOON_AMR_TRANSACTION cycle=3006 requested_refine=6 requested_derefine_leaves=2982 accepted_derefine_parents=6 created_leaves=18 deleted_leaves=0 mirror_mismatches=0
AMR_Z4C_CHI_PROLONGATION cycle=3006 local_fallback_groups=0,0,0,0 global_fallback_groups=0 global_high_order_groups=6144
elapsed=1.593622e+02 cycle=3006 time=1.672227e+01 dt=3.576279e-08
CARTOON_AMR_TRANSACTION cycle=3007 requested_refine=0 requested_derefine_leaves=2996 accepted_derefine_parents=6 created_leaves=0 deleted_leaves=0 mirror_mismatches=0
elapsed=1.597856e+02 cycle=3007 time=1.672227e+01 dt=3.576279e-08
CARTOON_AMR_TRANSACTION cycle=3008 requested_refine=4 requested_derefine_leaves=2996 accepted_derefine_parents=6 created_leaves=12 deleted_leaves=0 mirror_mismatches=0
AMR_Z4C_CHI_PROLONGATION cycle=3008 local_fallback_groups=0,0,0,0 global_fallback_groups=0 global_high_order_groups=4096
elapsed=1.643584e+02 cycle=3008 time=1.672227e+01 dt=3.576279e-08
CARTOON_AMR_TRANSACTION cycle=3009 requested_refine=10 requested_derefine_leaves=3008 accepted_derefine_parents=6 created_leaves=30 deleted_leaves=0 mirror_mismatches=0
AMR_Z4C_CHI_PROLONGATION cycle=3009 local_fallback_groups=0,0,0,0 global_fallback_groups=0 global_high_order_groups=10240
elapsed=1.649164e+02 cycle=3009 time=1.672227e+01 dt=3.576279e-08
CARTOON_AMR_TRANSACTION cycle=3010 requested_refine=20 requested_derefine_leaves=3122 accepted_derefine_parents=50 created_leaves=60 deleted_leaves=132 mirror_mismatches=0
AMR_Z4C_CHI_PROLONGATION cycle=3010 local_fallback_groups=0,0,0,0 global_fallback_groups=0 global_high_order_groups=20480
elapsed=1.654800e+02 cycle=3010 time=1.672227e+01 dt=3.576279e-08
CARTOON_AMR_TRANSACTION cycle=3011 requested_refine=8 requested_derefine_leaves=3058 accepted_derefine_parents=46 created_leaves=24 deleted_leaves=120 mirror_mismatches=0
AMR_Z4C_CHI_PROLONGATION cycle=3011 local_fallback_groups=0,0,0,0 global_fallback_groups=0 global_high_order_groups=8192
elapsed=1.660150e+02 cycle=3011 time=1.672227e+01 dt=3.576279e-08
CARTOON_AMR_TRANSACTION cycle=3012 requested_refine=4 requested_derefine_leaves=2914 accepted_derefine_parents=6 created_leaves=12 deleted_leaves=0 mirror_mismatches=0
AMR_Z4C_CHI_PROLONGATION cycle=3012 local_fallback_groups=0,0,0,0 global_fallback_groups=0 global_high_order_groups=4096
elapsed=1.665643e+02 cycle=3012 time=1.672227e+01 dt=3.576279e-08
CARTOON_AMR_TRANSACTION cycle=3013 requested_refine=6 requested_derefine_leaves=2920 accepted_derefine_parents=6 created_leaves=18 deleted_leaves=0 mirror_mismatches=0
AMR_Z4C_CHI_PROLONGATION cycle=3013 local_fallback_groups=0,0,0,0 global_fallback_groups=0 global_high_order_groups=6144
elapsed=1.670932e+02 cycle=3013 time=1.672227e+01 dt=3.576279e-08
CARTOON_AMR_TRANSACTION cycle=3014 requested_refine=16 requested_derefine_leaves=2932 accepted_derefine_parents=6 created_leaves=48 deleted_leaves=0 mirror_mismatches=0
AMR_Z4C_CHI_PROLONGATION cycle=3014 local_fallback_groups=0,0,0,0 global_fallback_groups=0 global_high_order_groups=16384
elapsed=1.676520e+02 cycle=3014 time=1.672227e+01 dt=3.576279e-08
CARTOON_AMR_TRANSACTION cycle=3015 requested_refine=4 requested_derefine_leaves=2964 accepted_derefine_parents=6 created_leaves=12 deleted_leaves=0 mirror_mismatches=0
AMR_Z4C_CHI_PROLONGATION cycle=3015 local_fallback_groups=0,0,0,0 global_fallback_groups=0 global_high_order_groups=4096
elapsed=1.681881e+02 cycle=3015 time=1.672227e+01 dt=3.576279e-08
CARTOON_AMR_TRANSACTION cycle=3016 requested_refine=10 requested_derefine_leaves=3028 accepted_derefine_parents=34 created_leaves=30 deleted_leaves=84 mirror_mismatches=0
AMR_Z4C_CHI_PROLONGATION cycle=3016 local_fallback_groups=0,0,0,0 global_fallback_groups=0 global_high_order_groups=10240
elapsed=1.687825e+02 cycle=3016 time=1.672227e+01 dt=3.576279e-08
BOUNDARY_Z4C_CHI_PROLONGATION cycle=3016 local_fallback_groups=0,0,0,0 global_fallback_groups=0 global_high_order_groups=123422 invalid_parent_stencils=74 invalid_limited_groups=0
### FATAL ERROR in /pscratch/sd/h/hzhu/axisymmetric-cartoon-r4-brill-local-telegraph-mu-2a8ad80e-v2-20260814/source/athenak/src/bvals/prolongation.cpp at line 317
Z4c chi boundary prolongation rejected 74 parent stencils and 0 limited sibling groups; chi must remain finite and strictly positive without floors or clipping
AssembleZ4cTasks
Kokkos::Cuda ERROR: Failed to call Kokkos::Cuda::finalize()
AssembleZ4cTasks
Kokkos::Cuda ERROR: Failed to call Kokkos::Cuda::finalize()
AssembleZ4cTasks
Kokkos::Cuda ERROR: Failed to call Kokkos::Cuda::finalize()
Kokkos::Cuda ERROR: Failed to call Kokkos::Cuda::finalize()
srun: error: nid001001: task 0: Exited with exit code 1
srun: Terminating StepId=56993758.0
[2026-08-15T04:32:59.941] error: *** STEP 56993758.0 ON nid001001 CANCELLED AT 2026-08-15T04:32:59 DUE TO TASK FAILURE ***
srun: error: nid001001: tasks 1-3: Exited with exit code 1
