
Root grid = 2 x 2 x 2 MeshBlocks
Total number of MeshBlocks = 456
Number of logical  levels of refinement = 9 (10 levels total)
Number of physical levels of refinement = 8 (9 levels total)
  Physical level = 1 (logical level = 2): 56 MeshBlocks, cost = 56
  Physical level = 2 (logical level = 3): 56 MeshBlocks, cost = 56
  Physical level = 3 (logical level = 4): 56 MeshBlocks, cost = 56
  Physical level = 4 (logical level = 5): 56 MeshBlocks, cost = 56
  Physical level = 5 (logical level = 6): 56 MeshBlocks, cost = 56
  Physical level = 6 (logical level = 7): 56 MeshBlocks, cost = 56
  Physical level = 7 (logical level = 8): 56 MeshBlocks, cost = 56
  Physical level = 8 (logical level = 9): 64 MeshBlocks, cost = 64
Number of parallel ranks = 1
Research qualification execution backend: Cuda
PC-GH ADM initialization: min unguarded w=4.51632e-05, division_floor=1e-14, guarded cells=0
PC-GH one-puncture zero-step geometry: blocks=456 finest spacing=(0.00390625,0.00390625,0.00390625)

Setup complete, executing task list(s)...

elapsed=1.118448e+00 cycle=0 time=0.000000e+00 dt=6.765823e-04
elapsed=1.661034e+00 cycle=1 time=6.765823e-04 dt=6.765823e-04
elapsed=2.189852e+00 cycle=2 time=1.353165e-03 dt=6.765823e-04
elapsed=2.720189e+00 cycle=3 time=2.029747e-03 dt=6.765823e-04
elapsed=3.248691e+00 cycle=4 time=2.706329e-03 dt=6.765823e-04
elapsed=3.770144e+00 cycle=5 time=3.382912e-03 dt=6.765823e-04
elapsed=4.297502e+00 cycle=6 time=4.059494e-03 dt=6.765823e-04
elapsed=4.818678e+00 cycle=7 time=4.736076e-03 dt=6.765823e-04
elapsed=5.345448e+00 cycle=8 time=5.412659e-03 dt=6.765823e-04
elapsed=5.873254e+00 cycle=9 time=6.089241e-03 dt=6.765823e-04
elapsed=6.413451e+00 cycle=10 time=6.765823e-03 dt=6.765823e-04
elapsed=6.954113e+00 cycle=11 time=7.442406e-03 dt=6.765823e-04
elapsed=7.487674e+00 cycle=12 time=8.118988e-03 dt=6.765823e-04
elapsed=8.015622e+00 cycle=13 time=8.795571e-03 dt=6.765823e-04
elapsed=8.546154e+00 cycle=14 time=9.472153e-03 dt=6.765823e-04
elapsed=9.066458e+00 cycle=15 time=1.014874e-02 dt=6.765823e-04
elapsed=9.593116e+00 cycle=16 time=1.082532e-02 dt=6.765823e-04
elapsed=1.012212e+01 cycle=17 time=1.150190e-02 dt=6.765823e-04
elapsed=1.065280e+01 cycle=18 time=1.217848e-02 dt=6.765823e-04
elapsed=1.118641e+01 cycle=19 time=1.285506e-02 dt=6.765823e-04
elapsed=1.171653e+01 cycle=20 time=1.353165e-02 dt=6.765823e-04
elapsed=1.223739e+01 cycle=21 time=1.420823e-02 dt=6.765823e-04
elapsed=1.275852e+01 cycle=22 time=1.488481e-02 dt=6.765823e-04
elapsed=1.328085e+01 cycle=23 time=1.556139e-02 dt=6.765823e-04
elapsed=1.380702e+01 cycle=24 time=1.623798e-02 dt=6.765823e-04
elapsed=1.433217e+01 cycle=25 time=1.691456e-02 dt=6.765823e-04
elapsed=1.485833e+01 cycle=26 time=1.759114e-02 dt=6.765823e-04
elapsed=1.539378e+01 cycle=27 time=1.826772e-02 dt=6.765823e-04
elapsed=1.592425e+01 cycle=28 time=1.894431e-02 dt=6.765823e-04
elapsed=1.644838e+01 cycle=29 time=1.962089e-02 dt=6.765823e-04
elapsed=1.696975e+01 cycle=30 time=2.029747e-02 dt=6.765823e-04
elapsed=1.749177e+01 cycle=31 time=2.097405e-02 dt=6.765823e-04
elapsed=1.801793e+01 cycle=32 time=2.165063e-02 dt=6.765823e-04
elapsed=1.855068e+01 cycle=33 time=2.232722e-02 dt=6.765823e-04
elapsed=1.907959e+01 cycle=34 time=2.300380e-02 dt=6.765823e-04
elapsed=1.961141e+01 cycle=35 time=2.368038e-02 dt=6.765823e-04
elapsed=2.013990e+01 cycle=36 time=2.435696e-02 dt=6.765823e-04
elapsed=2.066377e+01 cycle=37 time=2.503355e-02 dt=6.765823e-04
elapsed=2.118567e+01 cycle=38 time=2.571013e-02 dt=6.765823e-04
elapsed=2.170681e+01 cycle=39 time=2.638671e-02 dt=6.765823e-04
elapsed=2.223503e+01 cycle=40 time=2.706329e-02 dt=6.765823e-04
elapsed=2.276468e+01 cycle=41 time=2.773988e-02 dt=6.765823e-04
elapsed=2.329843e+01 cycle=42 time=2.841646e-02 dt=6.765823e-04
elapsed=2.383305e+01 cycle=43 time=2.909304e-02 dt=6.765823e-04
elapsed=2.436294e+01 cycle=44 time=2.976962e-02 dt=6.765823e-04
elapsed=2.488576e+01 cycle=45 time=3.044620e-02 dt=6.765823e-04
elapsed=2.540867e+01 cycle=46 time=3.112279e-02 dt=6.765823e-04
elapsed=2.593321e+01 cycle=47 time=3.179937e-02 dt=6.765823e-04
elapsed=2.647042e+01 cycle=48 time=3.247595e-02 dt=6.765823e-04
elapsed=2.699867e+01 cycle=49 time=3.315253e-02 dt=6.765823e-04
elapsed=2.752682e+01 cycle=50 time=3.382912e-02 dt=6.765823e-04
elapsed=2.806430e+01 cycle=51 time=3.450570e-02 dt=6.765823e-04
elapsed=2.860030e+01 cycle=52 time=3.518228e-02 dt=6.765823e-04
elapsed=2.912299e+01 cycle=53 time=3.585886e-02 dt=6.765822e-04
elapsed=2.964418e+01 cycle=54 time=3.653545e-02 dt=6.765822e-04
elapsed=3.016193e+01 cycle=55 time=3.721203e-02 dt=6.765822e-04
elapsed=3.068912e+01 cycle=56 time=3.788861e-02 dt=6.765822e-04
elapsed=3.121247e+01 cycle=57 time=3.856519e-02 dt=6.765822e-04
elapsed=3.173976e+01 cycle=58 time=3.924177e-02 dt=6.765822e-04
elapsed=3.226908e+01 cycle=59 time=3.991836e-02 dt=6.765822e-04
elapsed=3.279269e+01 cycle=60 time=4.059494e-02 dt=6.765822e-04
elapsed=3.331472e+01 cycle=61 time=4.127152e-02 dt=6.765822e-04
elapsed=3.383387e+01 cycle=62 time=4.194810e-02 dt=6.765822e-04
elapsed=3.435189e+01 cycle=63 time=4.262469e-02 dt=6.765822e-04
elapsed=3.487832e+01 cycle=64 time=4.330127e-02 dt=6.765822e-04
elapsed=3.540802e+01 cycle=65 time=4.397785e-02 dt=6.765822e-04
elapsed=3.594591e+01 cycle=66 time=4.465443e-02 dt=6.765821e-04
elapsed=3.648016e+01 cycle=67 time=4.533101e-02 dt=6.765821e-04
elapsed=3.700106e+01 cycle=68 time=4.600760e-02 dt=6.765821e-04
elapsed=3.752127e+01 cycle=69 time=4.668418e-02 dt=6.765821e-04
elapsed=3.803971e+01 cycle=70 time=4.736076e-02 dt=6.765821e-04
elapsed=3.856340e+01 cycle=71 time=4.803734e-02 dt=6.765821e-04
elapsed=3.909775e+01 cycle=72 time=4.871392e-02 dt=6.765821e-04
elapsed=3.962568e+01 cycle=73 time=4.939051e-02 dt=6.765821e-04
elapsed=4.015834e+01 cycle=74 time=5.006709e-02 dt=6.765821e-04
elapsed=4.069672e+01 cycle=75 time=5.074367e-02 dt=6.765820e-04
elapsed=4.122424e+01 cycle=76 time=5.142025e-02 dt=6.765820e-04
elapsed=4.175237e+01 cycle=77 time=5.209683e-02 dt=6.765820e-04
elapsed=4.227597e+01 cycle=78 time=5.277342e-02 dt=6.765820e-04
elapsed=4.280057e+01 cycle=79 time=5.345000e-02 dt=6.765820e-04
elapsed=4.333250e+01 cycle=80 time=5.412658e-02 dt=6.765820e-04
elapsed=4.385740e+01 cycle=81 time=5.480316e-02 dt=6.765820e-04
elapsed=4.438456e+01 cycle=82 time=5.547974e-02 dt=6.765819e-04
elapsed=4.492067e+01 cycle=83 time=5.615633e-02 dt=6.765819e-04
elapsed=4.544528e+01 cycle=84 time=5.683291e-02 dt=6.765819e-04
elapsed=4.597023e+01 cycle=85 time=5.750949e-02 dt=6.765819e-04
elapsed=4.649180e+01 cycle=86 time=5.818607e-02 dt=6.765819e-04
elapsed=4.702330e+01 cycle=87 time=5.886265e-02 dt=6.765819e-04
elapsed=4.754984e+01 cycle=88 time=5.953924e-02 dt=6.765818e-04
elapsed=4.808695e+01 cycle=89 time=6.021582e-02 dt=6.765818e-04
elapsed=4.862215e+01 cycle=90 time=6.089240e-02 dt=6.765818e-04
elapsed=4.915120e+01 cycle=91 time=6.156898e-02 dt=6.765818e-04
elapsed=4.967150e+01 cycle=92 time=6.224556e-02 dt=6.765818e-04
elapsed=5.019137e+01 cycle=93 time=6.292215e-02 dt=6.765817e-04
elapsed=5.071056e+01 cycle=94 time=6.359873e-02 dt=6.765817e-04
elapsed=5.124034e+01 cycle=95 time=6.427531e-02 dt=6.765817e-04
elapsed=5.177045e+01 cycle=96 time=6.495189e-02 dt=6.765817e-04
elapsed=5.230093e+01 cycle=97 time=6.562847e-02 dt=6.765816e-04
elapsed=5.283629e+01 cycle=98 time=6.630505e-02 dt=6.765816e-04
elapsed=5.336576e+01 cycle=99 time=6.698164e-02 dt=6.765816e-04
elapsed=5.389119e+01 cycle=100 time=6.765822e-02 dt=6.765816e-04
elapsed=5.441909e+01 cycle=101 time=6.833480e-02 dt=6.765815e-04
elapsed=5.494119e+01 cycle=102 time=6.901138e-02 dt=6.765815e-04
elapsed=5.547252e+01 cycle=103 time=6.968796e-02 dt=6.765815e-04
elapsed=5.600995e+01 cycle=104 time=7.036454e-02 dt=6.765815e-04
elapsed=5.654559e+01 cycle=105 time=7.104112e-02 dt=6.765814e-04
elapsed=5.708156e+01 cycle=106 time=7.171771e-02 dt=6.765814e-04
elapsed=5.761739e+01 cycle=107 time=7.239429e-02 dt=6.765814e-04
elapsed=5.814568e+01 cycle=108 time=7.307087e-02 dt=6.765813e-04
elapsed=5.867511e+01 cycle=109 time=7.374745e-02 dt=6.765813e-04
elapsed=5.919618e+01 cycle=110 time=7.442403e-02 dt=6.765813e-04
elapsed=5.973206e+01 cycle=111 time=7.510061e-02 dt=6.765812e-04
elapsed=6.026224e+01 cycle=112 time=7.577719e-02 dt=6.765812e-04
elapsed=6.079322e+01 cycle=113 time=7.645377e-02 dt=6.765812e-04
elapsed=6.134010e+01 cycle=114 time=7.713036e-02 dt=6.765811e-04
elapsed=6.186875e+01 cycle=115 time=7.780694e-02 dt=6.765811e-04
elapsed=6.239301e+01 cycle=116 time=7.848352e-02 dt=6.765811e-04
elapsed=6.291603e+01 cycle=117 time=7.916010e-02 dt=6.765810e-04
elapsed=6.343675e+01 cycle=118 time=7.983668e-02 dt=6.765810e-04
elapsed=6.396757e+01 cycle=119 time=8.051326e-02 dt=6.765810e-04
elapsed=6.449432e+01 cycle=120 time=8.118984e-02 dt=6.765809e-04
elapsed=6.502064e+01 cycle=121 time=8.186642e-02 dt=6.765809e-04
elapsed=6.555479e+01 cycle=122 time=8.254300e-02 dt=6.765808e-04
elapsed=6.608125e+01 cycle=123 time=8.321959e-02 dt=6.765808e-04
elapsed=6.660757e+01 cycle=124 time=8.389617e-02 dt=6.765808e-04
elapsed=6.713256e+01 cycle=125 time=8.457275e-02 dt=6.765807e-04
elapsed=6.765547e+01 cycle=126 time=8.524933e-02 dt=6.765807e-04
elapsed=6.818723e+01 cycle=127 time=8.592591e-02 dt=6.765806e-04
elapsed=6.871349e+01 cycle=128 time=8.660249e-02 dt=6.765806e-04
elapsed=6.924137e+01 cycle=129 time=8.727907e-02 dt=6.765805e-04
elapsed=6.978027e+01 cycle=130 time=8.795565e-02 dt=6.765805e-04
elapsed=7.030626e+01 cycle=131 time=8.863223e-02 dt=6.765804e-04
elapsed=7.083047e+01 cycle=132 time=8.930881e-02 dt=6.765804e-04
elapsed=7.135537e+01 cycle=133 time=8.998539e-02 dt=6.765803e-04
elapsed=7.188835e+01 cycle=134 time=9.066197e-02 dt=6.765803e-04
elapsed=7.241409e+01 cycle=135 time=9.133855e-02 dt=6.765802e-04
elapsed=7.294096e+01 cycle=136 time=9.201513e-02 dt=6.765802e-04
elapsed=7.347523e+01 cycle=137 time=9.269171e-02 dt=6.765801e-04
elapsed=7.401699e+01 cycle=138 time=9.336829e-02 dt=6.765800e-04
elapsed=7.454371e+01 cycle=139 time=9.404487e-02 dt=6.765800e-04
elapsed=7.506936e+01 cycle=140 time=9.472145e-02 dt=6.765799e-04
elapsed=7.559610e+01 cycle=141 time=9.539803e-02 dt=6.765799e-04
elapsed=7.612458e+01 cycle=142 time=9.607461e-02 dt=6.765798e-04
elapsed=7.664980e+01 cycle=143 time=9.675119e-02 dt=6.765797e-04
elapsed=7.717690e+01 cycle=144 time=9.742777e-02 dt=6.765797e-04
elapsed=7.771060e+01 cycle=145 time=9.810435e-02 dt=6.765796e-04
elapsed=7.825018e+01 cycle=146 time=9.878093e-02 dt=6.765796e-04
elapsed=7.877357e+01 cycle=147 time=9.945751e-02 dt=6.765795e-04
elapsed=7.929699e+01 cycle=148 time=1.001341e-01 dt=6.765794e-04
elapsed=7.981695e+01 cycle=149 time=1.008107e-01 dt=6.765793e-04
elapsed=8.034368e+01 cycle=150 time=1.014872e-01 dt=6.765793e-04
elapsed=8.087032e+01 cycle=151 time=1.021638e-01 dt=6.765792e-04
elapsed=8.139799e+01 cycle=152 time=1.028404e-01 dt=6.765791e-04
elapsed=8.192472e+01 cycle=153 time=1.035170e-01 dt=6.765791e-04
elapsed=8.244732e+01 cycle=154 time=1.041936e-01 dt=6.765790e-04
elapsed=8.296830e+01 cycle=155 time=1.048701e-01 dt=6.765789e-04
elapsed=8.349404e+01 cycle=156 time=1.055467e-01 dt=6.765788e-04
elapsed=8.401400e+01 cycle=157 time=1.062233e-01 dt=6.765787e-04
elapsed=8.454208e+01 cycle=158 time=1.068999e-01 dt=6.765787e-04
elapsed=8.507298e+01 cycle=159 time=1.075765e-01 dt=6.765786e-04
elapsed=8.560570e+01 cycle=160 time=1.082530e-01 dt=6.765785e-04
elapsed=8.613656e+01 cycle=161 time=1.089296e-01 dt=6.765784e-04
elapsed=8.666063e+01 cycle=162 time=1.096062e-01 dt=6.765783e-04
elapsed=8.718006e+01 cycle=163 time=1.102828e-01 dt=6.765782e-04
elapsed=8.769945e+01 cycle=164 time=1.109594e-01 dt=6.765782e-04
elapsed=8.822087e+01 cycle=165 time=1.116359e-01 dt=6.765781e-04
elapsed=8.875364e+01 cycle=166 time=1.123125e-01 dt=6.765780e-04
elapsed=8.929121e+01 cycle=167 time=1.129891e-01 dt=6.765779e-04
elapsed=8.982859e+01 cycle=168 time=1.136657e-01 dt=6.765778e-04
elapsed=9.036794e+01 cycle=169 time=1.143422e-01 dt=6.765777e-04
elapsed=9.089627e+01 cycle=170 time=1.150188e-01 dt=6.765776e-04
elapsed=9.141892e+01 cycle=171 time=1.156954e-01 dt=6.765775e-04
elapsed=9.193725e+01 cycle=172 time=1.163720e-01 dt=6.765774e-04
elapsed=9.245643e+01 cycle=173 time=1.170486e-01 dt=6.765773e-04
elapsed=9.299103e+01 cycle=174 time=1.177251e-01 dt=6.765772e-04
elapsed=9.352286e+01 cycle=175 time=1.184017e-01 dt=6.765771e-04
elapsed=9.405223e+01 cycle=176 time=1.190783e-01 dt=6.765770e-04
elapsed=9.458726e+01 cycle=177 time=1.197549e-01 dt=6.765769e-04
elapsed=9.511454e+01 cycle=178 time=1.204314e-01 dt=6.765768e-04
elapsed=9.563674e+01 cycle=179 time=1.211080e-01 dt=6.765766e-04
elapsed=9.615721e+01 cycle=180 time=1.217846e-01 dt=6.765765e-04
elapsed=9.667640e+01 cycle=181 time=1.224612e-01 dt=6.765764e-04
elapsed=9.720330e+01 cycle=182 time=1.231377e-01 dt=6.765763e-04
elapsed=9.772932e+01 cycle=183 time=1.238143e-01 dt=6.765762e-04
elapsed=9.826165e+01 cycle=184 time=1.244909e-01 dt=6.765761e-04
elapsed=9.879992e+01 cycle=185 time=1.251675e-01 dt=6.765759e-04
elapsed=9.932765e+01 cycle=186 time=1.258440e-01 dt=6.765758e-04
elapsed=9.984804e+01 cycle=187 time=1.265206e-01 dt=6.765757e-04
elapsed=1.003679e+02 cycle=188 time=1.271972e-01 dt=6.765756e-04
elapsed=1.008864e+02 cycle=189 time=1.278738e-01 dt=6.765754e-04
elapsed=1.014220e+02 cycle=190 time=1.285504e-01 dt=6.765753e-04
elapsed=1.019545e+02 cycle=191 time=1.292269e-01 dt=6.765752e-04
elapsed=1.024853e+02 cycle=192 time=1.299035e-01 dt=6.765750e-04
elapsed=1.030248e+02 cycle=193 time=1.305801e-01 dt=6.765749e-04
elapsed=1.035566e+02 cycle=194 time=1.312567e-01 dt=6.765748e-04
elapsed=1.040794e+02 cycle=195 time=1.319332e-01 dt=6.765746e-04
elapsed=1.046090e+02 cycle=196 time=1.326098e-01 dt=6.765745e-04
elapsed=1.051330e+02 cycle=197 time=1.332864e-01 dt=6.765743e-04
elapsed=1.056642e+02 cycle=198 time=1.339629e-01 dt=6.765742e-04
elapsed=1.061973e+02 cycle=199 time=1.346395e-01 dt=6.765740e-04
elapsed=1.067342e+02 cycle=200 time=1.353161e-01 dt=6.765739e-04
elapsed=1.072842e+02 cycle=201 time=1.359927e-01 dt=6.765737e-04
elapsed=1.078115e+02 cycle=202 time=1.366692e-01 dt=6.765736e-04
elapsed=1.083336e+02 cycle=203 time=1.373458e-01 dt=6.765734e-04
elapsed=1.088566e+02 cycle=204 time=1.380224e-01 dt=6.765733e-04
elapsed=1.093834e+02 cycle=205 time=1.386990e-01 dt=6.765731e-04
elapsed=1.099116e+02 cycle=206 time=1.393755e-01 dt=6.765730e-04
elapsed=1.104502e+02 cycle=207 time=1.400521e-01 dt=6.765728e-04
elapsed=1.109940e+02 cycle=208 time=1.407287e-01 dt=6.765726e-04
elapsed=1.115284e+02 cycle=209 time=1.414053e-01 dt=6.765725e-04
elapsed=1.120588e+02 cycle=210 time=1.420818e-01 dt=6.765723e-04
elapsed=1.125834e+02 cycle=211 time=1.427584e-01 dt=6.765721e-04
elapsed=1.131070e+02 cycle=212 time=1.434350e-01 dt=6.765720e-04
elapsed=1.136357e+02 cycle=213 time=1.441115e-01 dt=6.765718e-04
elapsed=1.141631e+02 cycle=214 time=1.447881e-01 dt=6.765716e-04
elapsed=1.146889e+02 cycle=215 time=1.454647e-01 dt=6.765714e-04
elapsed=1.152166e+02 cycle=216 time=1.461413e-01 dt=6.765712e-04
elapsed=1.157562e+02 cycle=217 time=1.468178e-01 dt=6.765711e-04
elapsed=1.162837e+02 cycle=218 time=1.474944e-01 dt=6.765709e-04
elapsed=1.168069e+02 cycle=219 time=1.481710e-01 dt=6.765707e-04
elapsed=1.173323e+02 cycle=220 time=1.488475e-01 dt=6.765705e-04
elapsed=1.178647e+02 cycle=221 time=1.495241e-01 dt=6.765703e-04
elapsed=1.183913e+02 cycle=222 time=1.502007e-01 dt=6.765701e-04
elapsed=1.189179e+02 cycle=223 time=1.508773e-01 dt=6.765699e-04
elapsed=1.194453e+02 cycle=224 time=1.515538e-01 dt=6.765697e-04
elapsed=1.199811e+02 cycle=225 time=1.522304e-01 dt=6.765695e-04
elapsed=1.205090e+02 cycle=226 time=1.529070e-01 dt=6.765693e-04
elapsed=1.210432e+02 cycle=227 time=1.535835e-01 dt=6.765691e-04
elapsed=1.215681e+02 cycle=228 time=1.542601e-01 dt=6.765689e-04
elapsed=1.220984e+02 cycle=229 time=1.549367e-01 dt=6.765687e-04
elapsed=1.226244e+02 cycle=230 time=1.556132e-01 dt=6.765685e-04
elapsed=1.231530e+02 cycle=231 time=1.562898e-01 dt=6.765683e-04
elapsed=1.236822e+02 cycle=232 time=1.569664e-01 dt=6.765680e-04
elapsed=1.242234e+02 cycle=233 time=1.576429e-01 dt=6.765678e-04
elapsed=1.247518e+02 cycle=234 time=1.583195e-01 dt=6.765676e-04
elapsed=1.252806e+02 cycle=235 time=1.589961e-01 dt=6.765674e-04
elapsed=1.258057e+02 cycle=236 time=1.596726e-01 dt=6.765671e-04
elapsed=1.263375e+02 cycle=237 time=1.603492e-01 dt=6.765669e-04
elapsed=1.268621e+02 cycle=238 time=1.610258e-01 dt=6.765667e-04
elapsed=1.273898e+02 cycle=239 time=1.617023e-01 dt=6.765665e-04
elapsed=1.279247e+02 cycle=240 time=1.623789e-01 dt=6.765662e-04
elapsed=1.284573e+02 cycle=241 time=1.630555e-01 dt=6.765660e-04
elapsed=1.289824e+02 cycle=242 time=1.637320e-01 dt=6.765657e-04
elapsed=1.295068e+02 cycle=243 time=1.644086e-01 dt=6.765655e-04
elapsed=1.300303e+02 cycle=244 time=1.650852e-01 dt=6.765652e-04
elapsed=1.305658e+02 cycle=245 time=1.657617e-01 dt=6.765650e-04
elapsed=1.310971e+02 cycle=246 time=1.664383e-01 dt=6.765647e-04
elapsed=1.316248e+02 cycle=247 time=1.671149e-01 dt=6.765645e-04
elapsed=1.321561e+02 cycle=248 time=1.677914e-01 dt=6.765642e-04
elapsed=1.326808e+02 cycle=249 time=1.684680e-01 dt=6.765640e-04
elapsed=1.331994e+02 cycle=250 time=1.691446e-01 dt=6.765637e-04
elapsed=1.337194e+02 cycle=251 time=1.698211e-01 dt=6.765635e-04
elapsed=1.342371e+02 cycle=252 time=1.704977e-01 dt=6.765632e-04
elapsed=1.347704e+02 cycle=253 time=1.711743e-01 dt=6.765629e-04
elapsed=1.353021e+02 cycle=254 time=1.718508e-01 dt=6.765626e-04
elapsed=1.358344e+02 cycle=255 time=1.725274e-01 dt=6.765624e-04
elapsed=1.363697e+02 cycle=256 time=1.732039e-01 dt=6.765621e-04
elapsed=1.368926e+02 cycle=257 time=1.738805e-01 dt=6.765618e-04
elapsed=1.374114e+02 cycle=258 time=1.745571e-01 dt=6.765615e-04
elapsed=1.379314e+02 cycle=259 time=1.752336e-01 dt=6.765612e-04
elapsed=1.384500e+02 cycle=260 time=1.759102e-01 dt=6.765610e-04
elapsed=1.389895e+02 cycle=261 time=1.765868e-01 dt=6.765607e-04
elapsed=1.395245e+02 cycle=262 time=1.772633e-01 dt=6.765604e-04
elapsed=1.400605e+02 cycle=263 time=1.779399e-01 dt=6.765601e-04
elapsed=1.406005e+02 cycle=264 time=1.786164e-01 dt=6.765598e-04
elapsed=1.411220e+02 cycle=265 time=1.792930e-01 dt=6.765595e-04
elapsed=1.416441e+02 cycle=266 time=1.799696e-01 dt=6.765592e-04
elapsed=1.421652e+02 cycle=267 time=1.806461e-01 dt=6.765589e-04
elapsed=1.426830e+02 cycle=268 time=1.813227e-01 dt=6.765586e-04
elapsed=1.432292e+02 cycle=269 time=1.819992e-01 dt=6.765583e-04
elapsed=1.437567e+02 cycle=270 time=1.826758e-01 dt=6.765579e-04
elapsed=1.442865e+02 cycle=271 time=1.833523e-01 dt=6.765576e-04
elapsed=1.448239e+02 cycle=272 time=1.840289e-01 dt=6.765573e-04
elapsed=1.453436e+02 cycle=273 time=1.847055e-01 dt=6.765570e-04
elapsed=1.458635e+02 cycle=274 time=1.853820e-01 dt=6.765567e-04
elapsed=1.463859e+02 cycle=275 time=1.860586e-01 dt=6.765563e-04
elapsed=1.469126e+02 cycle=276 time=1.867351e-01 dt=6.765560e-04
elapsed=1.474454e+02 cycle=277 time=1.874117e-01 dt=6.765557e-04
elapsed=1.479815e+02 cycle=278 time=1.880882e-01 dt=6.765553e-04
elapsed=1.485132e+02 cycle=279 time=1.887648e-01 dt=6.765550e-04
elapsed=1.490496e+02 cycle=280 time=1.894414e-01 dt=6.765546e-04
elapsed=1.495699e+02 cycle=281 time=1.901179e-01 dt=6.765543e-04
elapsed=1.500891e+02 cycle=282 time=1.907945e-01 dt=6.765539e-04
elapsed=1.506073e+02 cycle=283 time=1.914710e-01 dt=6.765536e-04
elapsed=1.511354e+02 cycle=284 time=1.921476e-01 dt=6.765532e-04
elapsed=1.516626e+02 cycle=285 time=1.928241e-01 dt=6.765529e-04
elapsed=1.521936e+02 cycle=286 time=1.935007e-01 dt=6.765525e-04
elapsed=1.527254e+02 cycle=287 time=1.941772e-01 dt=6.765522e-04
elapsed=1.532673e+02 cycle=288 time=1.948538e-01 dt=6.765518e-04
elapsed=1.537861e+02 cycle=289 time=1.955303e-01 dt=6.765514e-04
elapsed=1.543044e+02 cycle=290 time=1.962069e-01 dt=6.765511e-04
elapsed=1.548254e+02 cycle=291 time=1.968834e-01 dt=6.765507e-04
elapsed=1.553542e+02 cycle=292 time=1.975600e-01 dt=6.765503e-04
elapsed=1.558972e+02 cycle=293 time=1.982365e-01 dt=6.765499e-04
elapsed=1.564286e+02 cycle=294 time=1.989131e-01 dt=6.765495e-04
elapsed=1.569600e+02 cycle=295 time=1.995896e-01 dt=6.765492e-04
elapsed=1.574944e+02 cycle=296 time=2.002662e-01 dt=6.765488e-04
elapsed=1.580200e+02 cycle=297 time=2.009427e-01 dt=6.765484e-04
elapsed=1.585447e+02 cycle=298 time=2.016193e-01 dt=6.765480e-04
elapsed=1.590674e+02 cycle=299 time=2.022958e-01 dt=6.765476e-04
elapsed=1.595957e+02 cycle=300 time=2.029724e-01 dt=6.765472e-04
elapsed=1.601216e+02 cycle=301 time=2.036489e-01 dt=6.765468e-04
elapsed=1.606564e+02 cycle=302 time=2.043255e-01 dt=6.765464e-04
elapsed=1.611899e+02 cycle=303 time=2.050020e-01 dt=6.765460e-04
elapsed=1.617206e+02 cycle=304 time=2.056786e-01 dt=6.765456e-04
elapsed=1.622538e+02 cycle=305 time=2.063551e-01 dt=6.765451e-04
elapsed=1.627771e+02 cycle=306 time=2.070317e-01 dt=6.765447e-04
elapsed=1.633012e+02 cycle=307 time=2.077082e-01 dt=6.765443e-04
elapsed=1.638274e+02 cycle=308 time=2.083847e-01 dt=6.765439e-04
elapsed=1.643500e+02 cycle=309 time=2.090613e-01 dt=6.765435e-04
elapsed=1.648812e+02 cycle=310 time=2.097378e-01 dt=6.765430e-04
elapsed=1.654238e+02 cycle=311 time=2.104144e-01 dt=6.765426e-04
elapsed=1.659626e+02 cycle=312 time=2.110909e-01 dt=6.765422e-04
elapsed=1.664926e+02 cycle=313 time=2.117675e-01 dt=6.765417e-04
elapsed=1.670161e+02 cycle=314 time=2.124440e-01 dt=6.765413e-04
elapsed=1.675393e+02 cycle=315 time=2.131205e-01 dt=6.765408e-04
elapsed=1.680646e+02 cycle=316 time=2.137971e-01 dt=6.765404e-04
elapsed=1.685882e+02 cycle=317 time=2.144736e-01 dt=6.765399e-04
elapsed=1.691137e+02 cycle=318 time=2.151502e-01 dt=6.765395e-04
elapsed=1.696453e+02 cycle=319 time=2.158267e-01 dt=6.765390e-04
elapsed=1.701763e+02 cycle=320 time=2.165032e-01 dt=6.765385e-04
elapsed=1.706989e+02 cycle=321 time=2.171798e-01 dt=6.765381e-04
elapsed=1.712237e+02 cycle=322 time=2.178563e-01 dt=6.765376e-04
elapsed=1.717449e+02 cycle=323 time=2.185329e-01 dt=6.765371e-04
elapsed=1.722699e+02 cycle=324 time=2.192094e-01 dt=6.765367e-04
elapsed=1.727945e+02 cycle=325 time=2.198859e-01 dt=6.765362e-04
elapsed=1.733210e+02 cycle=326 time=2.205625e-01 dt=6.765357e-04
elapsed=1.738560e+02 cycle=327 time=2.212390e-01 dt=6.765352e-04
elapsed=1.743821e+02 cycle=328 time=2.219155e-01 dt=6.765348e-04
elapsed=1.749058e+02 cycle=329 time=2.225921e-01 dt=6.765343e-04
elapsed=1.754362e+02 cycle=330 time=2.232686e-01 dt=6.765338e-04
elapsed=1.759590e+02 cycle=331 time=2.239451e-01 dt=6.765333e-04
elapsed=1.764907e+02 cycle=332 time=2.246217e-01 dt=6.765328e-04
elapsed=1.770225e+02 cycle=333 time=2.252982e-01 dt=6.765323e-04
elapsed=1.775579e+02 cycle=334 time=2.259747e-01 dt=6.765318e-04
elapsed=1.780981e+02 cycle=335 time=2.266513e-01 dt=6.765313e-04
elapsed=1.786279e+02 cycle=336 time=2.273278e-01 dt=6.765308e-04
elapsed=1.791569e+02 cycle=337 time=2.280043e-01 dt=6.765302e-04
elapsed=1.796846e+02 cycle=338 time=2.286809e-01 dt=6.765297e-04
elapsed=1.802059e+02 cycle=339 time=2.293574e-01 dt=6.765292e-04
elapsed=1.807320e+02 cycle=340 time=2.300339e-01 dt=6.765287e-04
elapsed=1.812570e+02 cycle=341 time=2.307104e-01 dt=6.765282e-04
elapsed=1.817853e+02 cycle=342 time=2.313870e-01 dt=6.765276e-04
elapsed=1.823189e+02 cycle=343 time=2.320635e-01 dt=6.765271e-04
elapsed=1.828399e+02 cycle=344 time=2.327400e-01 dt=6.765266e-04
elapsed=1.833595e+02 cycle=345 time=2.334166e-01 dt=6.765260e-04
elapsed=1.838789e+02 cycle=346 time=2.340931e-01 dt=6.765255e-04
elapsed=1.844002e+02 cycle=347 time=2.347696e-01 dt=6.765249e-04
elapsed=1.849309e+02 cycle=348 time=2.354461e-01 dt=6.765244e-04
elapsed=1.854571e+02 cycle=349 time=2.361227e-01 dt=6.765238e-04
elapsed=1.859827e+02 cycle=350 time=2.367992e-01 dt=6.765233e-04
elapsed=1.865179e+02 cycle=351 time=2.374757e-01 dt=6.765227e-04
elapsed=1.870374e+02 cycle=352 time=2.381522e-01 dt=6.765222e-04
elapsed=1.875559e+02 cycle=353 time=2.388287e-01 dt=6.765216e-04
elapsed=1.880748e+02 cycle=354 time=2.395053e-01 dt=6.765210e-04
elapsed=1.885992e+02 cycle=355 time=2.401818e-01 dt=6.765205e-04
elapsed=1.891330e+02 cycle=356 time=2.408583e-01 dt=6.765199e-04
elapsed=1.896709e+02 cycle=357 time=2.415348e-01 dt=6.765193e-04
elapsed=1.902038e+02 cycle=358 time=2.422114e-01 dt=6.765187e-04
elapsed=1.907442e+02 cycle=359 time=2.428879e-01 dt=6.765182e-04
elapsed=1.912636e+02 cycle=360 time=2.435644e-01 dt=6.765176e-04
elapsed=1.917869e+02 cycle=361 time=2.442409e-01 dt=6.765170e-04
elapsed=1.923055e+02 cycle=362 time=2.449174e-01 dt=6.765164e-04
elapsed=1.928272e+02 cycle=363 time=2.455939e-01 dt=6.765158e-04
elapsed=1.933587e+02 cycle=364 time=2.462705e-01 dt=6.765152e-04
elapsed=1.938869e+02 cycle=365 time=2.469470e-01 dt=6.765146e-04
elapsed=1.944185e+02 cycle=366 time=2.476235e-01 dt=6.765140e-04
elapsed=1.949571e+02 cycle=367 time=2.483000e-01 dt=6.765134e-04
elapsed=1.954780e+02 cycle=368 time=2.489765e-01 dt=6.765128e-04
elapsed=1.959991e+02 cycle=369 time=2.496530e-01 dt=6.765122e-04
elapsed=1.968253e+02 cycle=370 time=2.503295e-01 dt=6.765115e-04
elapsed=1.973499e+02 cycle=371 time=2.510060e-01 dt=6.765109e-04
elapsed=1.978768e+02 cycle=372 time=2.516826e-01 dt=6.765103e-04
elapsed=1.984032e+02 cycle=373 time=2.523591e-01 dt=6.765097e-04
elapsed=1.989404e+02 cycle=374 time=2.530356e-01 dt=6.765090e-04
elapsed=1.994860e+02 cycle=375 time=2.537121e-01 dt=6.765084e-04
elapsed=2.000081e+02 cycle=376 time=2.543886e-01 dt=6.765078e-04
elapsed=2.005284e+02 cycle=377 time=2.550651e-01 dt=6.765071e-04
elapsed=2.010484e+02 cycle=378 time=2.557416e-01 dt=6.765065e-04
elapsed=2.015726e+02 cycle=379 time=2.564181e-01 dt=6.765058e-04
elapsed=2.021004e+02 cycle=380 time=2.570946e-01 dt=6.765052e-04
elapsed=2.026285e+02 cycle=381 time=2.577711e-01 dt=6.765045e-04
elapsed=2.031705e+02 cycle=382 time=2.584476e-01 dt=6.765039e-04
elapsed=2.037110e+02 cycle=383 time=2.591241e-01 dt=6.765032e-04
elapsed=2.042345e+02 cycle=384 time=2.598006e-01 dt=6.765026e-04
elapsed=2.047527e+02 cycle=385 time=2.604771e-01 dt=6.765019e-04
elapsed=2.052696e+02 cycle=386 time=2.611536e-01 dt=6.765012e-04
elapsed=2.057963e+02 cycle=387 time=2.618301e-01 dt=6.765006e-04
elapsed=2.063262e+02 cycle=388 time=2.625066e-01 dt=6.764999e-04
elapsed=2.068537e+02 cycle=389 time=2.631831e-01 dt=6.764992e-04
elapsed=2.074002e+02 cycle=390 time=2.638596e-01 dt=6.764985e-04
elapsed=2.079368e+02 cycle=391 time=2.645361e-01 dt=6.764979e-04
elapsed=2.084620e+02 cycle=392 time=2.652126e-01 dt=6.764972e-04
elapsed=2.089885e+02 cycle=393 time=2.658891e-01 dt=6.764965e-04
elapsed=2.095087e+02 cycle=394 time=2.665656e-01 dt=6.764958e-04
elapsed=2.100432e+02 cycle=395 time=2.672421e-01 dt=6.764951e-04
elapsed=2.105883e+02 cycle=396 time=2.679186e-01 dt=6.764944e-04
elapsed=2.111297e+02 cycle=397 time=2.685951e-01 dt=6.764937e-04
elapsed=2.116680e+02 cycle=398 time=2.692716e-01 dt=6.764930e-04
elapsed=2.121980e+02 cycle=399 time=2.699481e-01 dt=6.764923e-04
elapsed=2.127225e+02 cycle=400 time=2.706246e-01 dt=6.764916e-04
elapsed=2.132463e+02 cycle=401 time=2.713011e-01 dt=6.764909e-04
elapsed=2.137687e+02 cycle=402 time=2.719776e-01 dt=6.764901e-04
elapsed=2.143009e+02 cycle=403 time=2.726541e-01 dt=6.764894e-04
elapsed=2.148299e+02 cycle=404 time=2.733306e-01 dt=6.764887e-04
elapsed=2.153626e+02 cycle=405 time=2.740071e-01 dt=6.764880e-04
elapsed=2.158996e+02 cycle=406 time=2.746835e-01 dt=6.764872e-04
elapsed=2.164328e+02 cycle=407 time=2.753600e-01 dt=6.764865e-04
elapsed=2.169566e+02 cycle=408 time=2.760365e-01 dt=6.764858e-04
elapsed=2.174796e+02 cycle=409 time=2.767130e-01 dt=6.764850e-04
elapsed=2.179990e+02 cycle=410 time=2.773895e-01 dt=6.764843e-04
elapsed=2.185339e+02 cycle=411 time=2.780660e-01 dt=6.764836e-04
elapsed=2.190612e+02 cycle=412 time=2.787425e-01 dt=6.764828e-04
elapsed=2.195996e+02 cycle=413 time=2.794189e-01 dt=6.764821e-04
elapsed=2.201452e+02 cycle=414 time=2.800954e-01 dt=6.764813e-04
elapsed=2.206721e+02 cycle=415 time=2.807719e-01 dt=6.764806e-04
elapsed=2.211978e+02 cycle=416 time=2.814484e-01 dt=6.764798e-04
elapsed=2.217201e+02 cycle=417 time=2.821249e-01 dt=6.764790e-04
elapsed=2.222451e+02 cycle=418 time=2.828013e-01 dt=6.764783e-04
elapsed=2.227740e+02 cycle=419 time=2.834778e-01 dt=6.764775e-04
elapsed=2.233049e+02 cycle=420 time=2.841543e-01 dt=6.764767e-04
elapsed=2.238425e+02 cycle=421 time=2.848308e-01 dt=6.764760e-04
elapsed=2.243908e+02 cycle=422 time=2.855072e-01 dt=6.764752e-04
elapsed=2.249193e+02 cycle=423 time=2.861837e-01 dt=6.764744e-04
elapsed=2.254428e+02 cycle=424 time=2.868602e-01 dt=6.764736e-04
elapsed=2.259651e+02 cycle=425 time=2.875367e-01 dt=6.764728e-04
elapsed=2.264849e+02 cycle=426 time=2.882131e-01 dt=6.764720e-04
elapsed=2.270138e+02 cycle=427 time=2.888896e-01 dt=6.764712e-04
elapsed=2.275401e+02 cycle=428 time=2.895661e-01 dt=6.764704e-04
elapsed=2.280695e+02 cycle=429 time=2.902426e-01 dt=6.764697e-04
elapsed=2.286108e+02 cycle=430 time=2.909190e-01 dt=6.764689e-04
elapsed=2.291393e+02 cycle=431 time=2.915955e-01 dt=6.764680e-04
elapsed=2.296649e+02 cycle=432 time=2.922720e-01 dt=6.764672e-04
elapsed=2.301864e+02 cycle=433 time=2.929484e-01 dt=6.764664e-04
elapsed=2.307067e+02 cycle=434 time=2.936249e-01 dt=6.764656e-04
elapsed=2.312438e+02 cycle=435 time=2.943014e-01 dt=6.764648e-04
elapsed=2.317689e+02 cycle=436 time=2.949778e-01 dt=6.764640e-04
elapsed=2.323020e+02 cycle=437 time=2.956543e-01 dt=6.764632e-04
elapsed=2.328374e+02 cycle=438 time=2.963308e-01 dt=6.764623e-04
elapsed=2.333598e+02 cycle=439 time=2.970072e-01 dt=6.764615e-04
elapsed=2.338826e+02 cycle=440 time=2.976837e-01 dt=6.764607e-04
elapsed=2.344065e+02 cycle=441 time=2.983601e-01 dt=6.764598e-04
elapsed=2.349330e+02 cycle=442 time=2.990366e-01 dt=6.764590e-04
elapsed=2.354659e+02 cycle=443 time=2.997131e-01 dt=6.764582e-04
elapsed=2.359970e+02 cycle=444 time=3.003895e-01 dt=6.764573e-04
elapsed=2.365303e+02 cycle=445 time=3.010660e-01 dt=6.764565e-04
elapsed=2.370626e+02 cycle=446 time=3.017424e-01 dt=6.764556e-04
elapsed=2.375814e+02 cycle=447 time=3.024189e-01 dt=6.764548e-04
elapsed=2.381044e+02 cycle=448 time=3.030953e-01 dt=6.764539e-04
elapsed=2.386217e+02 cycle=449 time=3.037718e-01 dt=6.764531e-04
elapsed=2.391514e+02 cycle=450 time=3.044482e-01 dt=6.764522e-04
elapsed=2.396824e+02 cycle=451 time=3.051247e-01 dt=6.764514e-04
elapsed=2.402167e+02 cycle=452 time=3.058012e-01 dt=6.764505e-04
elapsed=2.407441e+02 cycle=453 time=3.064776e-01 dt=6.764496e-04
elapsed=2.412761e+02 cycle=454 time=3.071541e-01 dt=6.764488e-04
elapsed=2.417999e+02 cycle=455 time=3.078305e-01 dt=6.764479e-04
elapsed=2.423196e+02 cycle=456 time=3.085069e-01 dt=6.764470e-04
elapsed=2.428375e+02 cycle=457 time=3.091834e-01 dt=6.764461e-04
elapsed=2.433667e+02 cycle=458 time=3.098598e-01 dt=6.764452e-04
elapsed=2.439012e+02 cycle=459 time=3.105363e-01 dt=6.764444e-04
elapsed=2.444354e+02 cycle=460 time=3.112127e-01 dt=6.764435e-04
elapsed=2.449758e+02 cycle=461 time=3.118892e-01 dt=6.764426e-04
elapsed=2.455097e+02 cycle=462 time=3.125656e-01 dt=6.764417e-04
elapsed=2.460281e+02 cycle=463 time=3.132421e-01 dt=6.764408e-04
elapsed=2.465472e+02 cycle=464 time=3.139185e-01 dt=6.764399e-04
elapsed=2.470653e+02 cycle=465 time=3.145949e-01 dt=6.764390e-04
elapsed=2.475904e+02 cycle=466 time=3.152714e-01 dt=6.764381e-04
elapsed=2.481283e+02 cycle=467 time=3.159478e-01 dt=6.764372e-04
elapsed=2.486630e+02 cycle=468 time=3.166243e-01 dt=6.764363e-04
elapsed=2.491982e+02 cycle=469 time=3.173007e-01 dt=6.764354e-04
elapsed=2.497293e+02 cycle=470 time=3.179771e-01 dt=6.764344e-04
elapsed=2.502514e+02 cycle=471 time=3.186536e-01 dt=6.764335e-04
elapsed=2.507699e+02 cycle=472 time=3.193300e-01 dt=6.764326e-04
elapsed=2.512884e+02 cycle=473 time=3.200064e-01 dt=6.764317e-04
elapsed=2.518173e+02 cycle=474 time=3.206829e-01 dt=6.764308e-04
elapsed=2.523482e+02 cycle=475 time=3.213593e-01 dt=6.764298e-04
elapsed=2.528828e+02 cycle=476 time=3.220357e-01 dt=6.764289e-04
elapsed=2.534219e+02 cycle=477 time=3.227121e-01 dt=6.764280e-04
elapsed=2.539536e+02 cycle=478 time=3.233886e-01 dt=6.764270e-04
elapsed=2.544792e+02 cycle=479 time=3.240650e-01 dt=6.764261e-04
elapsed=2.550021e+02 cycle=480 time=3.247414e-01 dt=6.764252e-04
elapsed=2.555212e+02 cycle=481 time=3.254179e-01 dt=6.764242e-04
elapsed=2.560544e+02 cycle=482 time=3.260943e-01 dt=6.764233e-04
elapsed=2.565835e+02 cycle=483 time=3.267707e-01 dt=6.764223e-04
elapsed=2.571115e+02 cycle=484 time=3.274471e-01 dt=6.764214e-04
elapsed=2.576463e+02 cycle=485 time=3.281235e-01 dt=6.764204e-04
elapsed=2.581794e+02 cycle=486 time=3.288000e-01 dt=6.764194e-04
elapsed=2.587089e+02 cycle=487 time=3.294764e-01 dt=6.764185e-04
elapsed=2.592342e+02 cycle=488 time=3.301528e-01 dt=6.764175e-04
elapsed=2.597559e+02 cycle=489 time=3.308292e-01 dt=6.764166e-04
elapsed=2.602909e+02 cycle=490 time=3.315056e-01 dt=6.764156e-04
elapsed=2.608240e+02 cycle=491 time=3.321821e-01 dt=6.764146e-04
elapsed=2.613572e+02 cycle=492 time=3.328585e-01 dt=6.764136e-04
elapsed=2.619000e+02 cycle=493 time=3.335349e-01 dt=6.764127e-04
elapsed=2.624321e+02 cycle=494 time=3.342113e-01 dt=6.764117e-04
elapsed=2.629587e+02 cycle=495 time=3.348877e-01 dt=6.764107e-04
elapsed=2.634839e+02 cycle=496 time=3.355641e-01 dt=6.764097e-04
elapsed=2.640043e+02 cycle=497 time=3.362405e-01 dt=6.764087e-04
elapsed=2.645391e+02 cycle=498 time=3.369169e-01 dt=6.764078e-04
elapsed=2.650747e+02 cycle=499 time=3.375933e-01 dt=6.764068e-04
elapsed=2.656191e+02 cycle=500 time=3.382697e-01 dt=6.764058e-04
elapsed=2.661569e+02 cycle=501 time=3.389462e-01 dt=6.764048e-04
elapsed=2.666846e+02 cycle=502 time=3.396226e-01 dt=6.764038e-04
elapsed=2.672077e+02 cycle=503 time=3.402990e-01 dt=6.764028e-04
elapsed=2.677307e+02 cycle=504 time=3.409754e-01 dt=6.764018e-04
elapsed=2.682517e+02 cycle=505 time=3.416518e-01 dt=6.764008e-04
elapsed=2.687831e+02 cycle=506 time=3.423282e-01 dt=6.763998e-04
elapsed=2.693176e+02 cycle=507 time=3.430046e-01 dt=6.763987e-04
elapsed=2.698511e+02 cycle=508 time=3.436810e-01 dt=6.763977e-04
elapsed=2.703874e+02 cycle=509 time=3.443574e-01 dt=6.763967e-04
elapsed=2.709173e+02 cycle=510 time=3.450338e-01 dt=6.763957e-04
elapsed=2.714459e+02 cycle=511 time=3.457102e-01 dt=6.763947e-04
elapsed=2.719672e+02 cycle=512 time=3.463866e-01 dt=6.763936e-04
elapsed=2.724857e+02 cycle=513 time=3.470629e-01 dt=6.763926e-04
elapsed=2.730204e+02 cycle=514 time=3.477393e-01 dt=6.763916e-04
elapsed=2.735565e+02 cycle=515 time=3.484157e-01 dt=6.763906e-04
elapsed=2.740857e+02 cycle=516 time=3.490921e-01 dt=6.763895e-04
elapsed=2.746219e+02 cycle=517 time=3.497685e-01 dt=6.763885e-04
elapsed=2.751566e+02 cycle=518 time=3.504449e-01 dt=6.763875e-04
elapsed=2.756812e+02 cycle=519 time=3.511213e-01 dt=6.763864e-04
elapsed=2.762080e+02 cycle=520 time=3.517977e-01 dt=6.763854e-04
elapsed=2.767259e+02 cycle=521 time=3.524741e-01 dt=6.763843e-04
elapsed=2.772527e+02 cycle=522 time=3.531504e-01 dt=6.763833e-04
elapsed=2.777779e+02 cycle=523 time=3.538268e-01 dt=6.763822e-04
elapsed=2.783177e+02 cycle=524 time=3.545032e-01 dt=6.763812e-04
elapsed=2.788565e+02 cycle=525 time=3.551796e-01 dt=6.763801e-04
elapsed=2.793819e+02 cycle=526 time=3.558560e-01 dt=6.763791e-04
elapsed=2.799062e+02 cycle=527 time=3.565323e-01 dt=6.763780e-04
elapsed=2.804294e+02 cycle=528 time=3.572087e-01 dt=6.763769e-04
elapsed=2.809513e+02 cycle=529 time=3.578851e-01 dt=6.763759e-04
elapsed=2.814791e+02 cycle=530 time=3.585615e-01 dt=6.763748e-04
elapsed=2.820189e+02 cycle=531 time=3.592379e-01 dt=6.763737e-04
elapsed=2.825628e+02 cycle=532 time=3.599142e-01 dt=6.763727e-04
elapsed=2.831052e+02 cycle=533 time=3.605906e-01 dt=6.763716e-04
elapsed=2.836381e+02 cycle=534 time=3.612670e-01 dt=6.763705e-04
elapsed=2.841674e+02 cycle=535 time=3.619433e-01 dt=6.763694e-04
elapsed=2.846857e+02 cycle=536 time=3.626197e-01 dt=6.763684e-04
elapsed=2.852098e+02 cycle=537 time=3.632961e-01 dt=6.763673e-04
elapsed=2.857306e+02 cycle=538 time=3.639724e-01 dt=6.763662e-04
elapsed=2.862551e+02 cycle=539 time=3.646488e-01 dt=6.763651e-04
elapsed=2.867845e+02 cycle=540 time=3.653252e-01 dt=6.763640e-04
elapsed=2.873268e+02 cycle=541 time=3.660015e-01 dt=6.763629e-04
elapsed=2.878488e+02 cycle=542 time=3.666779e-01 dt=6.763618e-04
elapsed=2.883698e+02 cycle=543 time=3.673543e-01 dt=6.763607e-04
elapsed=2.888892e+02 cycle=544 time=3.680306e-01 dt=6.763596e-04
elapsed=2.894144e+02 cycle=545 time=3.687070e-01 dt=6.763585e-04
elapsed=2.899542e+02 cycle=546 time=3.693833e-01 dt=6.763574e-04
elapsed=2.904944e+02 cycle=547 time=3.700597e-01 dt=6.763563e-04
elapsed=2.910329e+02 cycle=548 time=3.707361e-01 dt=6.763552e-04
elapsed=2.915675e+02 cycle=549 time=3.714124e-01 dt=6.763541e-04
elapsed=2.920895e+02 cycle=550 time=3.720888e-01 dt=6.763530e-04
elapsed=2.926067e+02 cycle=551 time=3.727651e-01 dt=6.763519e-04
elapsed=2.931270e+02 cycle=552 time=3.734415e-01 dt=6.763508e-04
elapsed=2.936547e+02 cycle=553 time=3.741178e-01 dt=6.763497e-04
elapsed=2.941913e+02 cycle=554 time=3.747942e-01 dt=6.763485e-04
elapsed=2.947243e+02 cycle=555 time=3.754705e-01 dt=6.763474e-04
elapsed=2.952595e+02 cycle=556 time=3.761469e-01 dt=6.763463e-04
elapsed=2.957953e+02 cycle=557 time=3.768232e-01 dt=6.763452e-04
elapsed=2.963147e+02 cycle=558 time=3.774996e-01 dt=6.763440e-04
elapsed=2.968336e+02 cycle=559 time=3.781759e-01 dt=6.763429e-04
elapsed=2.973508e+02 cycle=560 time=3.788522e-01 dt=6.763418e-04
elapsed=2.978832e+02 cycle=561 time=3.795286e-01 dt=6.763406e-04
elapsed=2.984262e+02 cycle=562 time=3.802049e-01 dt=6.763395e-04
elapsed=2.989578e+02 cycle=563 time=3.808813e-01 dt=6.763384e-04
elapsed=2.994964e+02 cycle=564 time=3.815576e-01 dt=6.763372e-04
elapsed=3.000310e+02 cycle=565 time=3.822339e-01 dt=6.763361e-04
elapsed=3.005535e+02 cycle=566 time=3.829103e-01 dt=6.763349e-04
elapsed=3.010753e+02 cycle=567 time=3.835866e-01 dt=6.763338e-04
elapsed=3.015968e+02 cycle=568 time=3.842629e-01 dt=6.763326e-04
elapsed=3.021276e+02 cycle=569 time=3.849393e-01 dt=6.763315e-04
elapsed=3.026698e+02 cycle=570 time=3.856156e-01 dt=6.763303e-04
elapsed=3.032067e+02 cycle=571 time=3.862919e-01 dt=6.763292e-04
elapsed=3.037512e+02 cycle=572 time=3.869683e-01 dt=6.763280e-04
elapsed=3.042858e+02 cycle=573 time=3.876446e-01 dt=6.763269e-04
elapsed=3.048167e+02 cycle=574 time=3.883209e-01 dt=6.763257e-04
elapsed=3.053385e+02 cycle=575 time=3.889973e-01 dt=6.763245e-04
elapsed=3.058553e+02 cycle=576 time=3.896736e-01 dt=6.763234e-04
elapsed=3.063838e+02 cycle=577 time=3.903499e-01 dt=6.763222e-04
elapsed=3.069197e+02 cycle=578 time=3.910262e-01 dt=6.763210e-04
elapsed=3.074485e+02 cycle=579 time=3.917025e-01 dt=6.763199e-04
elapsed=3.079802e+02 cycle=580 time=3.923789e-01 dt=6.763187e-04
elapsed=3.085062e+02 cycle=581 time=3.930552e-01 dt=6.763175e-04
elapsed=3.090278e+02 cycle=582 time=3.937315e-01 dt=6.763163e-04
elapsed=3.095474e+02 cycle=583 time=3.944078e-01 dt=6.763152e-04
elapsed=3.100689e+02 cycle=584 time=3.950841e-01 dt=6.763140e-04
elapsed=3.106044e+02 cycle=585 time=3.957604e-01 dt=6.763128e-04
elapsed=3.111414e+02 cycle=586 time=3.964368e-01 dt=6.763116e-04
elapsed=3.116777e+02 cycle=587 time=3.971131e-01 dt=6.763104e-04
elapsed=3.122102e+02 cycle=588 time=3.977894e-01 dt=6.763092e-04
elapsed=3.127410e+02 cycle=589 time=3.984657e-01 dt=6.763080e-04
elapsed=3.132649e+02 cycle=590 time=3.991420e-01 dt=6.763068e-04
elapsed=3.137872e+02 cycle=591 time=3.998183e-01 dt=6.763057e-04
elapsed=3.143121e+02 cycle=592 time=4.004946e-01 dt=6.763045e-04
elapsed=3.148496e+02 cycle=593 time=4.011709e-01 dt=6.763033e-04
elapsed=3.153842e+02 cycle=594 time=4.018472e-01 dt=6.763021e-04
elapsed=3.159122e+02 cycle=595 time=4.025235e-01 dt=6.763009e-04
elapsed=3.164463e+02 cycle=596 time=4.031998e-01 dt=6.762997e-04
elapsed=3.169727e+02 cycle=597 time=4.038761e-01 dt=6.762984e-04
elapsed=3.174951e+02 cycle=598 time=4.045524e-01 dt=6.762972e-04
elapsed=3.180185e+02 cycle=599 time=4.052287e-01 dt=6.762960e-04
elapsed=3.185383e+02 cycle=600 time=4.059050e-01 dt=6.762948e-04
elapsed=3.190676e+02 cycle=601 time=4.065813e-01 dt=6.762936e-04
elapsed=3.195975e+02 cycle=602 time=4.072576e-01 dt=6.762924e-04
elapsed=3.201252e+02 cycle=603 time=4.079339e-01 dt=6.762912e-04
elapsed=3.206660e+02 cycle=604 time=4.086102e-01 dt=6.762900e-04
elapsed=3.211922e+02 cycle=605 time=4.092865e-01 dt=6.762887e-04
elapsed=3.217201e+02 cycle=606 time=4.099628e-01 dt=6.762875e-04
elapsed=3.222451e+02 cycle=607 time=4.106391e-01 dt=6.762863e-04
elapsed=3.227684e+02 cycle=608 time=4.113153e-01 dt=6.762851e-04
elapsed=3.233045e+02 cycle=609 time=4.119916e-01 dt=6.762838e-04
elapsed=3.238409e+02 cycle=610 time=4.126679e-01 dt=6.762826e-04
elapsed=3.243761e+02 cycle=611 time=4.133442e-01 dt=6.762814e-04
elapsed=3.249179e+02 cycle=612 time=4.140205e-01 dt=6.762801e-04
elapsed=3.254463e+02 cycle=613 time=4.146968e-01 dt=6.762789e-04
elapsed=3.259756e+02 cycle=614 time=4.153730e-01 dt=6.762777e-04
elapsed=3.265030e+02 cycle=615 time=4.160493e-01 dt=6.762764e-04
elapsed=3.270219e+02 cycle=616 time=4.167256e-01 dt=6.762752e-04
elapsed=3.275702e+02 cycle=617 time=4.174019e-01 dt=6.762740e-04
elapsed=3.281715e+02 cycle=618 time=4.180781e-01 dt=6.762727e-04
elapsed=3.287260e+02 cycle=619 time=4.187544e-01 dt=6.762715e-04
elapsed=3.292770e+02 cycle=620 time=4.194307e-01 dt=6.762702e-04
elapsed=3.298183e+02 cycle=621 time=4.201069e-01 dt=6.762690e-04
elapsed=3.303397e+02 cycle=622 time=4.207832e-01 dt=6.762677e-04
elapsed=3.308595e+02 cycle=623 time=4.214595e-01 dt=6.762665e-04
elapsed=3.313834e+02 cycle=624 time=4.221358e-01 dt=6.762652e-04
elapsed=3.319116e+02 cycle=625 time=4.228120e-01 dt=6.762640e-04
elapsed=3.324504e+02 cycle=626 time=4.234883e-01 dt=6.762627e-04
elapsed=3.329873e+02 cycle=627 time=4.241645e-01 dt=6.762615e-04
elapsed=3.335237e+02 cycle=628 time=4.248408e-01 dt=6.762602e-04
elapsed=3.340485e+02 cycle=629 time=4.255171e-01 dt=6.762589e-04
elapsed=3.345679e+02 cycle=630 time=4.261933e-01 dt=6.762577e-04
elapsed=3.350894e+02 cycle=631 time=4.268696e-01 dt=6.762564e-04
elapsed=3.356145e+02 cycle=632 time=4.275458e-01 dt=6.762551e-04
elapsed=3.361412e+02 cycle=633 time=4.282221e-01 dt=6.762539e-04
elapsed=3.366721e+02 cycle=634 time=4.288983e-01 dt=6.762526e-04
elapsed=3.372061e+02 cycle=635 time=4.295746e-01 dt=6.762513e-04
elapsed=3.377389e+02 cycle=636 time=4.302509e-01 dt=6.762501e-04
elapsed=3.382570e+02 cycle=637 time=4.309271e-01 dt=6.762488e-04
elapsed=3.387796e+02 cycle=638 time=4.316033e-01 dt=6.762475e-04
elapsed=3.392979e+02 cycle=639 time=4.322796e-01 dt=6.762462e-04
elapsed=3.398247e+02 cycle=640 time=4.329558e-01 dt=6.762450e-04
elapsed=3.403555e+02 cycle=641 time=4.336321e-01 dt=6.762437e-04
elapsed=3.408926e+02 cycle=642 time=4.343083e-01 dt=6.762424e-04
elapsed=3.414301e+02 cycle=643 time=4.349846e-01 dt=6.762411e-04
elapsed=3.419751e+02 cycle=644 time=4.356608e-01 dt=6.762398e-04
elapsed=3.424985e+02 cycle=645 time=4.363371e-01 dt=6.762385e-04
elapsed=3.430167e+02 cycle=646 time=4.370133e-01 dt=6.762373e-04
elapsed=3.435367e+02 cycle=647 time=4.376895e-01 dt=6.762360e-04
elapsed=3.440612e+02 cycle=648 time=4.383658e-01 dt=6.762347e-04
elapsed=3.446043e+02 cycle=649 time=4.390420e-01 dt=6.762334e-04
elapsed=3.451427e+02 cycle=650 time=4.397182e-01 dt=6.762321e-04
elapsed=3.456806e+02 cycle=651 time=4.403945e-01 dt=6.762308e-04
elapsed=3.462115e+02 cycle=652 time=4.410707e-01 dt=6.762295e-04
elapsed=3.467334e+02 cycle=653 time=4.417469e-01 dt=6.762282e-04
elapsed=3.472521e+02 cycle=654 time=4.424232e-01 dt=6.762269e-04
elapsed=3.477697e+02 cycle=655 time=4.430994e-01 dt=6.762256e-04
elapsed=3.483023e+02 cycle=656 time=4.437756e-01 dt=6.762243e-04
elapsed=3.488306e+02 cycle=657 time=4.444518e-01 dt=6.762230e-04
elapsed=3.493674e+02 cycle=658 time=4.451281e-01 dt=6.762217e-04
elapsed=3.498983e+02 cycle=659 time=4.458043e-01 dt=6.762204e-04
elapsed=3.504263e+02 cycle=660 time=4.464805e-01 dt=6.762191e-04
elapsed=3.509438e+02 cycle=661 time=4.471567e-01 dt=6.762178e-04
elapsed=3.514643e+02 cycle=662 time=4.478329e-01 dt=6.762165e-04
elapsed=3.519824e+02 cycle=663 time=4.485092e-01 dt=6.762151e-04
elapsed=3.525126e+02 cycle=664 time=4.491854e-01 dt=6.762138e-04
elapsed=3.530494e+02 cycle=665 time=4.498616e-01 dt=6.762125e-04
elapsed=3.535861e+02 cycle=666 time=4.505378e-01 dt=6.762112e-04
elapsed=3.541228e+02 cycle=667 time=4.512140e-01 dt=6.762099e-04
elapsed=3.546532e+02 cycle=668 time=4.518902e-01 dt=6.762086e-04
elapsed=3.551731e+02 cycle=669 time=4.525664e-01 dt=6.762072e-04
elapsed=3.556905e+02 cycle=670 time=4.532426e-01 dt=6.762059e-04
elapsed=3.562085e+02 cycle=671 time=4.539188e-01 dt=6.762046e-04
elapsed=3.567353e+02 cycle=672 time=4.545950e-01 dt=6.762033e-04
elapsed=3.572667e+02 cycle=673 time=4.552712e-01 dt=6.762020e-04
elapsed=3.578095e+02 cycle=674 time=4.559474e-01 dt=6.762006e-04
elapsed=3.583507e+02 cycle=675 time=4.566236e-01 dt=6.761993e-04
elapsed=3.588816e+02 cycle=676 time=4.572998e-01 dt=6.761980e-04
elapsed=3.594003e+02 cycle=677 time=4.579760e-01 dt=6.761966e-04
elapsed=3.599172e+02 cycle=678 time=4.586522e-01 dt=6.761953e-04
elapsed=3.604351e+02 cycle=679 time=4.593284e-01 dt=6.761940e-04
elapsed=3.609692e+02 cycle=680 time=4.600046e-01 dt=6.761926e-04
elapsed=3.615040e+02 cycle=681 time=4.606808e-01 dt=6.761913e-04
elapsed=3.620464e+02 cycle=682 time=4.613570e-01 dt=6.761900e-04
elapsed=3.625884e+02 cycle=683 time=4.620332e-01 dt=6.761886e-04
elapsed=3.631212e+02 cycle=684 time=4.627094e-01 dt=6.761873e-04
elapsed=3.636425e+02 cycle=685 time=4.633856e-01 dt=6.761859e-04
elapsed=3.641635e+02 cycle=686 time=4.640618e-01 dt=6.761846e-04
elapsed=3.646828e+02 cycle=687 time=4.647379e-01 dt=6.761832e-04
elapsed=3.652209e+02 cycle=688 time=4.654141e-01 dt=6.761819e-04
elapsed=3.657665e+02 cycle=689 time=4.660903e-01 dt=6.761806e-04
elapsed=3.663013e+02 cycle=690 time=4.667665e-01 dt=6.761792e-04
elapsed=3.668378e+02 cycle=691 time=4.674427e-01 dt=6.761779e-04
elapsed=3.673624e+02 cycle=692 time=4.681189e-01 dt=6.761765e-04
elapsed=3.678817e+02 cycle=693 time=4.687950e-01 dt=6.761752e-04
elapsed=3.684015e+02 cycle=694 time=4.694712e-01 dt=6.761738e-04
elapsed=3.689187e+02 cycle=695 time=4.701474e-01 dt=6.761724e-04
elapsed=3.694576e+02 cycle=696 time=4.708235e-01 dt=6.761711e-04
elapsed=3.700057e+02 cycle=697 time=4.714997e-01 dt=6.761697e-04
elapsed=3.705579e+02 cycle=698 time=4.721759e-01 dt=6.761684e-04
elapsed=3.710991e+02 cycle=699 time=4.728521e-01 dt=6.761670e-04
elapsed=3.716222e+02 cycle=700 time=4.735282e-01 dt=6.761657e-04
elapsed=3.721469e+02 cycle=701 time=4.742044e-01 dt=6.761643e-04
elapsed=3.726661e+02 cycle=702 time=4.748806e-01 dt=6.761629e-04
elapsed=3.731874e+02 cycle=703 time=4.755567e-01 dt=6.761616e-04
elapsed=3.737346e+02 cycle=704 time=4.762329e-01 dt=6.761602e-04
elapsed=3.742834e+02 cycle=705 time=4.769090e-01 dt=6.761588e-04
elapsed=3.748334e+02 cycle=706 time=4.775852e-01 dt=6.761575e-04
elapsed=3.753792e+02 cycle=707 time=4.782614e-01 dt=6.761561e-04
elapsed=3.759010e+02 cycle=708 time=4.789375e-01 dt=6.761547e-04
elapsed=3.764211e+02 cycle=709 time=4.796137e-01 dt=6.761534e-04
elapsed=3.769444e+02 cycle=710 time=4.802898e-01 dt=6.761520e-04
elapsed=3.774748e+02 cycle=711 time=4.809660e-01 dt=6.761506e-04
elapsed=3.780116e+02 cycle=712 time=4.816421e-01 dt=6.761492e-04
elapsed=3.785482e+02 cycle=713 time=4.823183e-01 dt=6.761479e-04
elapsed=3.790897e+02 cycle=714 time=4.829944e-01 dt=6.761465e-04
elapsed=3.796300e+02 cycle=715 time=4.836706e-01 dt=6.761451e-04
elapsed=3.801524e+02 cycle=716 time=4.843467e-01 dt=6.761437e-04
elapsed=3.806726e+02 cycle=717 time=4.850229e-01 dt=6.761424e-04
elapsed=3.811954e+02 cycle=718 time=4.856990e-01 dt=6.761410e-04
elapsed=3.817232e+02 cycle=719 time=4.863751e-01 dt=6.761396e-04
elapsed=3.822564e+02 cycle=720 time=4.870513e-01 dt=6.761382e-04
elapsed=3.827961e+02 cycle=721 time=4.877274e-01 dt=6.761368e-04
elapsed=3.833405e+02 cycle=722 time=4.884036e-01 dt=6.761354e-04
elapsed=3.838797e+02 cycle=723 time=4.890797e-01 dt=6.761341e-04
elapsed=3.844025e+02 cycle=724 time=4.897558e-01 dt=6.761327e-04
elapsed=3.849234e+02 cycle=725 time=4.904320e-01 dt=6.761313e-04
elapsed=3.854423e+02 cycle=726 time=4.911081e-01 dt=6.761299e-04
elapsed=3.859698e+02 cycle=727 time=4.917842e-01 dt=6.761285e-04
elapsed=3.865017e+02 cycle=728 time=4.924603e-01 dt=6.761271e-04
elapsed=3.870349e+02 cycle=729 time=4.931365e-01 dt=6.761257e-04
elapsed=3.875714e+02 cycle=730 time=4.938126e-01 dt=6.761243e-04
elapsed=3.881017e+02 cycle=731 time=4.944887e-01 dt=6.761229e-04
elapsed=3.886216e+02 cycle=732 time=4.951648e-01 dt=6.761215e-04
elapsed=3.891390e+02 cycle=733 time=4.958410e-01 dt=6.761201e-04
elapsed=3.896582e+02 cycle=734 time=4.965171e-01 dt=6.761187e-04
elapsed=3.901898e+02 cycle=735 time=4.971932e-01 dt=6.761173e-04
elapsed=3.907179e+02 cycle=736 time=4.978693e-01 dt=6.761159e-04
elapsed=3.912456e+02 cycle=737 time=4.985454e-01 dt=6.761145e-04
elapsed=3.917785e+02 cycle=738 time=4.992216e-01 dt=6.761131e-04
elapsed=3.923061e+02 cycle=739 time=4.998977e-01 dt=6.761117e-04
elapsed=3.932319e+02 cycle=740 time=5.005738e-01 dt=6.761103e-04
elapsed=3.937520e+02 cycle=741 time=5.012499e-01 dt=6.761089e-04
elapsed=3.942709e+02 cycle=742 time=5.019260e-01 dt=6.761075e-04
elapsed=3.948005e+02 cycle=743 time=5.026021e-01 dt=6.761061e-04
elapsed=3.953473e+02 cycle=744 time=5.032782e-01 dt=6.761047e-04
elapsed=3.958921e+02 cycle=745 time=5.039543e-01 dt=6.761033e-04
elapsed=3.964270e+02 cycle=746 time=5.046304e-01 dt=6.761019e-04
elapsed=3.969540e+02 cycle=747 time=5.053065e-01 dt=6.761005e-04
elapsed=3.974729e+02 cycle=748 time=5.059826e-01 dt=6.760991e-04
elapsed=3.979916e+02 cycle=749 time=5.066587e-01 dt=6.760976e-04
elapsed=3.985107e+02 cycle=750 time=5.073348e-01 dt=6.760962e-04
elapsed=3.990499e+02 cycle=751 time=5.080109e-01 dt=6.760948e-04
elapsed=3.995888e+02 cycle=752 time=5.086870e-01 dt=6.760934e-04
elapsed=4.001316e+02 cycle=753 time=5.093631e-01 dt=6.760920e-04
elapsed=4.006654e+02 cycle=754 time=5.100392e-01 dt=6.760906e-04
elapsed=4.011909e+02 cycle=755 time=5.107153e-01 dt=6.760891e-04
elapsed=4.017085e+02 cycle=756 time=5.113914e-01 dt=6.760877e-04
elapsed=4.022323e+02 cycle=757 time=5.120675e-01 dt=6.760863e-04
elapsed=4.027497e+02 cycle=758 time=5.127435e-01 dt=6.760849e-04
elapsed=4.032855e+02 cycle=759 time=5.134196e-01 dt=6.760835e-04
elapsed=4.038213e+02 cycle=760 time=5.140957e-01 dt=6.760820e-04
elapsed=4.043604e+02 cycle=761 time=5.147718e-01 dt=6.760806e-04
elapsed=4.048918e+02 cycle=762 time=5.154479e-01 dt=6.760792e-04
elapsed=4.054154e+02 cycle=763 time=5.161240e-01 dt=6.760778e-04
elapsed=4.059340e+02 cycle=764 time=5.168000e-01 dt=6.760763e-04
elapsed=4.064578e+02 cycle=765 time=5.174761e-01 dt=6.760749e-04
elapsed=4.069769e+02 cycle=766 time=5.181522e-01 dt=6.760735e-04
elapsed=4.075103e+02 cycle=767 time=5.188283e-01 dt=6.760721e-04
elapsed=4.080479e+02 cycle=768 time=5.195043e-01 dt=6.760706e-04
elapsed=4.085953e+02 cycle=769 time=5.201804e-01 dt=6.760692e-04
elapsed=4.091379e+02 cycle=770 time=5.208565e-01 dt=6.760678e-04
elapsed=4.096601e+02 cycle=771 time=5.215325e-01 dt=6.760663e-04
elapsed=4.101784e+02 cycle=772 time=5.222086e-01 dt=6.760649e-04
elapsed=4.106965e+02 cycle=773 time=5.228847e-01 dt=6.760635e-04
elapsed=4.112143e+02 cycle=774 time=5.235607e-01 dt=6.760620e-04
elapsed=4.117485e+02 cycle=775 time=5.242368e-01 dt=6.760606e-04
elapsed=4.122790e+02 cycle=776 time=5.249129e-01 dt=6.760592e-04
elapsed=4.128120e+02 cycle=777 time=5.255889e-01 dt=6.760577e-04
elapsed=4.133436e+02 cycle=778 time=5.262650e-01 dt=6.760563e-04
elapsed=4.138737e+02 cycle=779 time=5.269410e-01 dt=6.760548e-04
elapsed=4.143960e+02 cycle=780 time=5.276171e-01 dt=6.760534e-04
elapsed=4.149240e+02 cycle=781 time=5.282931e-01 dt=6.760520e-04
elapsed=4.154459e+02 cycle=782 time=5.289692e-01 dt=6.760505e-04
elapsed=4.159847e+02 cycle=783 time=5.296452e-01 dt=6.760491e-04
elapsed=4.165244e+02 cycle=784 time=5.303213e-01 dt=6.760476e-04
elapsed=4.170652e+02 cycle=785 time=5.309973e-01 dt=6.760462e-04
elapsed=4.175913e+02 cycle=786 time=5.316734e-01 dt=6.760447e-04
elapsed=4.181153e+02 cycle=787 time=5.323494e-01 dt=6.760433e-04
elapsed=4.186345e+02 cycle=788 time=5.330255e-01 dt=6.760419e-04
elapsed=4.191587e+02 cycle=789 time=5.337015e-01 dt=6.760404e-04
elapsed=4.196832e+02 cycle=790 time=5.343776e-01 dt=6.760390e-04
elapsed=4.202212e+02 cycle=791 time=5.350536e-01 dt=6.760375e-04
elapsed=4.207577e+02 cycle=792 time=5.357296e-01 dt=6.760361e-04
elapsed=4.212931e+02 cycle=793 time=5.364057e-01 dt=6.760346e-04
elapsed=4.218234e+02 cycle=794 time=5.370817e-01 dt=6.760332e-04
elapsed=4.223430e+02 cycle=795 time=5.377577e-01 dt=6.760317e-04
elapsed=4.228624e+02 cycle=796 time=5.384338e-01 dt=6.760303e-04
elapsed=4.233844e+02 cycle=797 time=5.391098e-01 dt=6.760288e-04
elapsed=4.239122e+02 cycle=798 time=5.397858e-01 dt=6.760273e-04
elapsed=4.244519e+02 cycle=799 time=5.404619e-01 dt=6.760259e-04
elapsed=4.250004e+02 cycle=800 time=5.411379e-01 dt=6.760244e-04
elapsed=4.255499e+02 cycle=801 time=5.418139e-01 dt=6.760230e-04
elapsed=4.260764e+02 cycle=802 time=5.424899e-01 dt=6.760215e-04
elapsed=4.265982e+02 cycle=803 time=5.431659e-01 dt=6.760201e-04
elapsed=4.271168e+02 cycle=804 time=5.438420e-01 dt=6.760186e-04
elapsed=4.276405e+02 cycle=805 time=5.445180e-01 dt=6.760171e-04
elapsed=4.281676e+02 cycle=806 time=5.451940e-01 dt=6.760157e-04
elapsed=4.287053e+02 cycle=807 time=5.458700e-01 dt=6.760142e-04
elapsed=4.292451e+02 cycle=808 time=5.465460e-01 dt=6.760128e-04
elapsed=4.297772e+02 cycle=809 time=5.472220e-01 dt=6.760113e-04
elapsed=4.303031e+02 cycle=810 time=5.478981e-01 dt=6.760098e-04
elapsed=4.308237e+02 cycle=811 time=5.485741e-01 dt=6.760084e-04
elapsed=4.313444e+02 cycle=812 time=5.492501e-01 dt=6.760069e-04
elapsed=4.318735e+02 cycle=813 time=5.499261e-01 dt=6.760054e-04
elapsed=4.324049e+02 cycle=814 time=5.506021e-01 dt=6.760040e-04
elapsed=4.329397e+02 cycle=815 time=5.512781e-01 dt=6.760025e-04
elapsed=4.334789e+02 cycle=816 time=5.519541e-01 dt=6.760010e-04
elapsed=4.340150e+02 cycle=817 time=5.526301e-01 dt=6.759996e-04
elapsed=4.345418e+02 cycle=818 time=5.533061e-01 dt=6.759981e-04
elapsed=4.350630e+02 cycle=819 time=5.539821e-01 dt=6.759966e-04
elapsed=4.355841e+02 cycle=820 time=5.546581e-01 dt=6.759952e-04
elapsed=4.361065e+02 cycle=821 time=5.553341e-01 dt=6.759937e-04
elapsed=4.366407e+02 cycle=822 time=5.560101e-01 dt=6.759922e-04
elapsed=4.371829e+02 cycle=823 time=5.566861e-01 dt=6.759908e-04
elapsed=4.377225e+02 cycle=824 time=5.573621e-01 dt=6.759893e-04
elapsed=4.382561e+02 cycle=825 time=5.580381e-01 dt=6.759878e-04
elapsed=4.387842e+02 cycle=826 time=5.587140e-01 dt=6.759863e-04
elapsed=4.393052e+02 cycle=827 time=5.593900e-01 dt=6.759849e-04
elapsed=4.398259e+02 cycle=828 time=5.600660e-01 dt=6.759834e-04
elapsed=4.403472e+02 cycle=829 time=5.607420e-01 dt=6.759819e-04
elapsed=4.408799e+02 cycle=830 time=5.614180e-01 dt=6.759804e-04
elapsed=4.414202e+02 cycle=831 time=5.620940e-01 dt=6.759790e-04
elapsed=4.419564e+02 cycle=832 time=5.627699e-01 dt=6.759775e-04
elapsed=4.424874e+02 cycle=833 time=5.634459e-01 dt=6.759760e-04
elapsed=4.430124e+02 cycle=834 time=5.641219e-01 dt=6.759745e-04
elapsed=4.435306e+02 cycle=835 time=5.647979e-01 dt=6.759730e-04
elapsed=4.440491e+02 cycle=836 time=5.654738e-01 dt=6.759716e-04
elapsed=4.445703e+02 cycle=837 time=5.661498e-01 dt=6.759701e-04
elapsed=4.451133e+02 cycle=838 time=5.668258e-01 dt=6.759686e-04
elapsed=4.456493e+02 cycle=839 time=5.675017e-01 dt=6.759671e-04
elapsed=4.461897e+02 cycle=840 time=5.681777e-01 dt=6.759656e-04
elapsed=4.467247e+02 cycle=841 time=5.688537e-01 dt=6.759642e-04
elapsed=4.472503e+02 cycle=842 time=5.695296e-01 dt=6.759627e-04
elapsed=4.477720e+02 cycle=843 time=5.702056e-01 dt=6.759612e-04
elapsed=4.482948e+02 cycle=844 time=5.708816e-01 dt=6.759597e-04
elapsed=4.488202e+02 cycle=845 time=5.715575e-01 dt=6.759582e-04
elapsed=4.493587e+02 cycle=846 time=5.722335e-01 dt=6.759567e-04
elapsed=4.498922e+02 cycle=847 time=5.729094e-01 dt=6.759552e-04
elapsed=4.504299e+02 cycle=848 time=5.735854e-01 dt=6.759538e-04
elapsed=4.509705e+02 cycle=849 time=5.742614e-01 dt=6.759523e-04
elapsed=4.514957e+02 cycle=850 time=5.749373e-01 dt=6.759508e-04
elapsed=4.520178e+02 cycle=851 time=5.756133e-01 dt=6.759493e-04
elapsed=4.525384e+02 cycle=852 time=5.762892e-01 dt=6.759478e-04
elapsed=4.530595e+02 cycle=853 time=5.769652e-01 dt=6.759463e-04
elapsed=4.536005e+02 cycle=854 time=5.776411e-01 dt=6.759448e-04
elapsed=4.541443e+02 cycle=855 time=5.783170e-01 dt=6.759433e-04
elapsed=4.546863e+02 cycle=856 time=5.789930e-01 dt=6.759418e-04
elapsed=4.552178e+02 cycle=857 time=5.796689e-01 dt=6.759403e-04
elapsed=4.557405e+02 cycle=858 time=5.803449e-01 dt=6.759388e-04
elapsed=4.562601e+02 cycle=859 time=5.810208e-01 dt=6.759374e-04
elapsed=4.567793e+02 cycle=860 time=5.816967e-01 dt=6.759359e-04
elapsed=4.572972e+02 cycle=861 time=5.823727e-01 dt=6.759344e-04
elapsed=4.578341e+02 cycle=862 time=5.830486e-01 dt=6.759329e-04
elapsed=4.583688e+02 cycle=863 time=5.837245e-01 dt=6.759314e-04
elapsed=4.589075e+02 cycle=864 time=5.844005e-01 dt=6.759299e-04
elapsed=4.594412e+02 cycle=865 time=5.850764e-01 dt=6.759284e-04
elapsed=4.599596e+02 cycle=866 time=5.857523e-01 dt=6.759269e-04
elapsed=4.604782e+02 cycle=867 time=5.864283e-01 dt=6.759254e-04
elapsed=4.609975e+02 cycle=868 time=5.871042e-01 dt=6.759239e-04
elapsed=4.615212e+02 cycle=869 time=5.877801e-01 dt=6.759224e-04
elapsed=4.620573e+02 cycle=870 time=5.884560e-01 dt=6.759209e-04
elapsed=4.625941e+02 cycle=871 time=5.891320e-01 dt=6.759194e-04
elapsed=4.631393e+02 cycle=872 time=5.898079e-01 dt=6.759179e-04
elapsed=4.636755e+02 cycle=873 time=5.904838e-01 dt=6.759164e-04
elapsed=4.641959e+02 cycle=874 time=5.911597e-01 dt=6.759149e-04
elapsed=4.647136e+02 cycle=875 time=5.918356e-01 dt=6.759134e-04
elapsed=4.652329e+02 cycle=876 time=5.925115e-01 dt=6.759119e-04
elapsed=4.657691e+02 cycle=877 time=5.931875e-01 dt=6.759104e-04
elapsed=4.663117e+02 cycle=878 time=5.938634e-01 dt=6.759089e-04
elapsed=4.668449e+02 cycle=879 time=5.945393e-01 dt=6.759074e-04
elapsed=4.673757e+02 cycle=880 time=5.952152e-01 dt=6.759059e-04
elapsed=4.679018e+02 cycle=881 time=5.958911e-01 dt=6.759044e-04
elapsed=4.684205e+02 cycle=882 time=5.965670e-01 dt=6.759029e-04
elapsed=4.689430e+02 cycle=883 time=5.972429e-01 dt=6.759013e-04
elapsed=4.694642e+02 cycle=884 time=5.979188e-01 dt=6.758998e-04
elapsed=4.699972e+02 cycle=885 time=5.985947e-01 dt=6.758983e-04
elapsed=4.705297e+02 cycle=886 time=5.992706e-01 dt=6.758968e-04
elapsed=4.710790e+02 cycle=887 time=5.999465e-01 dt=6.758953e-04
elapsed=4.716221e+02 cycle=888 time=6.006224e-01 dt=6.758938e-04
elapsed=4.721481e+02 cycle=889 time=6.012983e-01 dt=6.758923e-04
elapsed=4.726700e+02 cycle=890 time=6.019742e-01 dt=6.758908e-04
elapsed=4.731882e+02 cycle=891 time=6.026501e-01 dt=6.758893e-04
elapsed=4.737185e+02 cycle=892 time=6.033259e-01 dt=6.758878e-04
elapsed=4.742594e+02 cycle=893 time=6.040018e-01 dt=6.758863e-04
elapsed=4.748055e+02 cycle=894 time=6.046777e-01 dt=6.758847e-04
elapsed=4.753436e+02 cycle=895 time=6.053536e-01 dt=6.758832e-04
elapsed=4.758702e+02 cycle=896 time=6.060295e-01 dt=6.758817e-04
elapsed=4.763983e+02 cycle=897 time=6.067054e-01 dt=6.758802e-04
elapsed=4.769183e+02 cycle=898 time=6.073813e-01 dt=6.758787e-04
elapsed=4.774384e+02 cycle=899 time=6.080571e-01 dt=6.758772e-04
elapsed=4.779643e+02 cycle=900 time=6.087330e-01 dt=6.758757e-04
elapsed=4.784993e+02 cycle=901 time=6.094089e-01 dt=6.758742e-04
elapsed=4.790438e+02 cycle=902 time=6.100848e-01 dt=6.758726e-04
elapsed=4.796020e+02 cycle=903 time=6.107606e-01 dt=6.758711e-04
elapsed=4.801312e+02 cycle=904 time=6.114365e-01 dt=6.758696e-04
elapsed=4.806586e+02 cycle=905 time=6.121124e-01 dt=6.758681e-04
elapsed=4.811782e+02 cycle=906 time=6.127882e-01 dt=6.758666e-04
elapsed=4.817020e+02 cycle=907 time=6.134641e-01 dt=6.758651e-04
elapsed=4.822242e+02 cycle=908 time=6.141400e-01 dt=6.758635e-04
elapsed=4.827571e+02 cycle=909 time=6.148158e-01 dt=6.758620e-04
elapsed=4.833054e+02 cycle=910 time=6.154917e-01 dt=6.758605e-04
elapsed=4.838532e+02 cycle=911 time=6.161676e-01 dt=6.758590e-04
elapsed=4.843834e+02 cycle=912 time=6.168434e-01 dt=6.758575e-04
elapsed=4.849098e+02 cycle=913 time=6.175193e-01 dt=6.758560e-04
elapsed=4.854303e+02 cycle=914 time=6.181951e-01 dt=6.758544e-04
elapsed=4.859539e+02 cycle=915 time=6.188710e-01 dt=6.758529e-04
elapsed=4.864812e+02 cycle=916 time=6.195468e-01 dt=6.758514e-04
elapsed=4.870158e+02 cycle=917 time=6.202227e-01 dt=6.758499e-04
elapsed=4.875524e+02 cycle=918 time=6.208985e-01 dt=6.758483e-04
elapsed=4.880894e+02 cycle=919 time=6.215744e-01 dt=6.758468e-04
elapsed=4.886272e+02 cycle=920 time=6.222502e-01 dt=6.758453e-04
elapsed=4.891528e+02 cycle=921 time=6.229261e-01 dt=6.758438e-04
elapsed=4.896727e+02 cycle=922 time=6.236019e-01 dt=6.758423e-04
elapsed=4.901982e+02 cycle=923 time=6.242778e-01 dt=6.758407e-04
elapsed=4.907209e+02 cycle=924 time=6.249536e-01 dt=6.758392e-04
elapsed=4.912588e+02 cycle=925 time=6.256294e-01 dt=6.758377e-04
elapsed=4.918069e+02 cycle=926 time=6.263053e-01 dt=6.758362e-04
elapsed=4.923402e+02 cycle=927 time=6.269811e-01 dt=6.758346e-04
elapsed=4.928681e+02 cycle=928 time=6.276570e-01 dt=6.758331e-04
elapsed=4.933913e+02 cycle=929 time=6.283328e-01 dt=6.758316e-04
elapsed=4.939095e+02 cycle=930 time=6.290086e-01 dt=6.758301e-04
elapsed=4.944303e+02 cycle=931 time=6.296844e-01 dt=6.758285e-04
elapsed=4.949490e+02 cycle=932 time=6.303603e-01 dt=6.758270e-04
elapsed=4.954860e+02 cycle=933 time=6.310361e-01 dt=6.758255e-04
elapsed=4.960232e+02 cycle=934 time=6.317119e-01 dt=6.758239e-04
elapsed=4.965553e+02 cycle=935 time=6.323878e-01 dt=6.758224e-04
elapsed=4.970850e+02 cycle=936 time=6.330636e-01 dt=6.758209e-04
elapsed=4.976069e+02 cycle=937 time=6.337394e-01 dt=6.758194e-04
elapsed=4.981253e+02 cycle=938 time=6.344152e-01 dt=6.758178e-04
elapsed=4.986483e+02 cycle=939 time=6.350910e-01 dt=6.758163e-04
elapsed=4.991695e+02 cycle=940 time=6.357668e-01 dt=6.758148e-04
elapsed=4.997169e+02 cycle=941 time=6.364427e-01 dt=6.758132e-04
elapsed=5.002582e+02 cycle=942 time=6.371185e-01 dt=6.758117e-04
elapsed=5.007903e+02 cycle=943 time=6.377943e-01 dt=6.758102e-04
elapsed=5.013209e+02 cycle=944 time=6.384701e-01 dt=6.758086e-04
elapsed=5.018432e+02 cycle=945 time=6.391459e-01 dt=6.758071e-04
elapsed=5.023650e+02 cycle=946 time=6.398217e-01 dt=6.758056e-04
elapsed=5.028838e+02 cycle=947 time=6.404975e-01 dt=6.758041e-04
elapsed=5.034079e+02 cycle=948 time=6.411733e-01 dt=6.758025e-04
elapsed=5.039487e+02 cycle=949 time=6.418491e-01 dt=6.758010e-04
elapsed=5.044957e+02 cycle=950 time=6.425249e-01 dt=6.757995e-04
elapsed=5.050295e+02 cycle=951 time=6.432007e-01 dt=6.757979e-04
elapsed=5.055609e+02 cycle=952 time=6.438765e-01 dt=6.757964e-04
elapsed=5.060801e+02 cycle=953 time=6.445523e-01 dt=6.757949e-04
elapsed=5.066004e+02 cycle=954 time=6.452281e-01 dt=6.757933e-04
elapsed=5.071196e+02 cycle=955 time=6.459039e-01 dt=6.757918e-04
elapsed=5.076411e+02 cycle=956 time=6.465797e-01 dt=6.757902e-04
elapsed=5.081766e+02 cycle=957 time=6.472555e-01 dt=6.757887e-04
elapsed=5.087101e+02 cycle=958 time=6.479313e-01 dt=6.757872e-04
elapsed=5.092393e+02 cycle=959 time=6.486071e-01 dt=6.757856e-04
elapsed=5.097786e+02 cycle=960 time=6.492829e-01 dt=6.757841e-04
elapsed=5.103065e+02 cycle=961 time=6.499586e-01 dt=6.757826e-04
elapsed=5.108251e+02 cycle=962 time=6.506344e-01 dt=6.757810e-04
elapsed=5.113426e+02 cycle=963 time=6.513102e-01 dt=6.757795e-04
elapsed=5.118648e+02 cycle=964 time=6.519860e-01 dt=6.757779e-04
elapsed=5.123972e+02 cycle=965 time=6.526618e-01 dt=6.757764e-04
elapsed=5.129333e+02 cycle=966 time=6.533375e-01 dt=6.757749e-04
elapsed=5.134635e+02 cycle=967 time=6.540133e-01 dt=6.757733e-04
elapsed=5.139969e+02 cycle=968 time=6.546891e-01 dt=6.757718e-04
elapsed=5.145182e+02 cycle=969 time=6.553649e-01 dt=6.757703e-04
elapsed=5.150386e+02 cycle=970 time=6.560406e-01 dt=6.757687e-04
elapsed=5.155576e+02 cycle=971 time=6.567164e-01 dt=6.757672e-04
elapsed=5.160838e+02 cycle=972 time=6.573922e-01 dt=6.757656e-04
elapsed=5.166195e+02 cycle=973 time=6.580679e-01 dt=6.757641e-04
elapsed=5.171636e+02 cycle=974 time=6.587437e-01 dt=6.757625e-04
elapsed=5.176907e+02 cycle=975 time=6.594195e-01 dt=6.757610e-04
elapsed=5.182182e+02 cycle=976 time=6.600952e-01 dt=6.757595e-04
elapsed=5.187379e+02 cycle=977 time=6.607710e-01 dt=6.757579e-04
elapsed=5.192602e+02 cycle=978 time=6.614467e-01 dt=6.757564e-04
elapsed=5.197861e+02 cycle=979 time=6.621225e-01 dt=6.757548e-04
elapsed=5.203190e+02 cycle=980 time=6.627982e-01 dt=6.757533e-04
elapsed=5.208528e+02 cycle=981 time=6.634740e-01 dt=6.757518e-04
elapsed=5.213899e+02 cycle=982 time=6.641497e-01 dt=6.757502e-04
elapsed=5.219200e+02 cycle=983 time=6.648255e-01 dt=6.757487e-04
elapsed=5.224458e+02 cycle=984 time=6.655012e-01 dt=6.757471e-04
elapsed=5.229648e+02 cycle=985 time=6.661770e-01 dt=6.757456e-04
elapsed=5.234866e+02 cycle=986 time=6.668527e-01 dt=6.757440e-04
elapsed=5.240126e+02 cycle=987 time=6.675285e-01 dt=6.757425e-04
elapsed=5.245445e+02 cycle=988 time=6.682042e-01 dt=6.757409e-04
elapsed=5.250926e+02 cycle=989 time=6.688800e-01 dt=6.757394e-04
elapsed=5.256397e+02 cycle=990 time=6.695557e-01 dt=6.757378e-04
elapsed=5.261674e+02 cycle=991 time=6.702314e-01 dt=6.757363e-04
elapsed=5.266925e+02 cycle=992 time=6.709072e-01 dt=6.757348e-04
elapsed=5.272129e+02 cycle=993 time=6.715829e-01 dt=6.757332e-04
elapsed=5.277332e+02 cycle=994 time=6.722586e-01 dt=6.757317e-04
elapsed=5.282553e+02 cycle=995 time=6.729344e-01 dt=6.757301e-04
elapsed=5.287982e+02 cycle=996 time=6.736101e-01 dt=6.757286e-04
elapsed=5.293437e+02 cycle=997 time=6.742858e-01 dt=6.757270e-04
elapsed=5.298756e+02 cycle=998 time=6.749616e-01 dt=6.757255e-04
elapsed=5.304069e+02 cycle=999 time=6.756373e-01 dt=6.757239e-04
elapsed=5.309388e+02 cycle=1000 time=6.763130e-01 dt=6.757224e-04
elapsed=5.314638e+02 cycle=1001 time=6.769887e-01 dt=6.757208e-04
elapsed=5.319884e+02 cycle=1002 time=6.776645e-01 dt=6.757193e-04
elapsed=5.325113e+02 cycle=1003 time=6.783402e-01 dt=6.757177e-04
elapsed=5.330430e+02 cycle=1004 time=6.790159e-01 dt=6.757162e-04
elapsed=5.335829e+02 cycle=1005 time=6.796916e-01 dt=6.757146e-04
elapsed=5.341222e+02 cycle=1006 time=6.803673e-01 dt=6.757131e-04
elapsed=5.346584e+02 cycle=1007 time=6.810430e-01 dt=6.757115e-04
elapsed=5.351861e+02 cycle=1008 time=6.817188e-01 dt=6.757100e-04
elapsed=5.357083e+02 cycle=1009 time=6.823945e-01 dt=6.757084e-04
elapsed=5.362308e+02 cycle=1010 time=6.830702e-01 dt=6.757069e-04
elapsed=5.367538e+02 cycle=1011 time=6.837459e-01 dt=6.757053e-04
elapsed=5.372894e+02 cycle=1012 time=6.844216e-01 dt=6.757038e-04
elapsed=5.378313e+02 cycle=1013 time=6.850973e-01 dt=6.757022e-04
elapsed=5.383637e+02 cycle=1014 time=6.857730e-01 dt=6.757007e-04
elapsed=5.388971e+02 cycle=1015 time=6.864487e-01 dt=6.756991e-04
elapsed=5.394234e+02 cycle=1016 time=6.871244e-01 dt=6.756976e-04
elapsed=5.399444e+02 cycle=1017 time=6.878001e-01 dt=6.756960e-04
elapsed=5.404668e+02 cycle=1018 time=6.884758e-01 dt=6.756945e-04
elapsed=5.409901e+02 cycle=1019 time=6.891515e-01 dt=6.756929e-04
elapsed=5.415310e+02 cycle=1020 time=6.898272e-01 dt=6.756913e-04
elapsed=5.420689e+02 cycle=1021 time=6.905029e-01 dt=6.756898e-04
elapsed=5.426005e+02 cycle=1022 time=6.911785e-01 dt=6.756882e-04
elapsed=5.431366e+02 cycle=1023 time=6.918542e-01 dt=6.756867e-04
elapsed=5.436589e+02 cycle=1024 time=6.925299e-01 dt=6.756851e-04
elapsed=5.441791e+02 cycle=1025 time=6.932056e-01 dt=6.756836e-04
elapsed=5.447022e+02 cycle=1026 time=6.938813e-01 dt=6.756820e-04
elapsed=5.452199e+02 cycle=1027 time=6.945570e-01 dt=6.756805e-04
elapsed=5.457538e+02 cycle=1028 time=6.952327e-01 dt=6.756789e-04
elapsed=5.462878e+02 cycle=1029 time=6.959083e-01 dt=6.756774e-04
elapsed=5.468184e+02 cycle=1030 time=6.965840e-01 dt=6.756758e-04
elapsed=5.473473e+02 cycle=1031 time=6.972597e-01 dt=6.756742e-04
elapsed=5.478732e+02 cycle=1032 time=6.979354e-01 dt=6.756727e-04
elapsed=5.483962e+02 cycle=1033 time=6.986110e-01 dt=6.756711e-04
elapsed=5.489154e+02 cycle=1034 time=6.992867e-01 dt=6.756696e-04
elapsed=5.494412e+02 cycle=1035 time=6.999624e-01 dt=6.756680e-04
elapsed=5.499755e+02 cycle=1036 time=7.006380e-01 dt=6.756665e-04
elapsed=5.505117e+02 cycle=1037 time=7.013137e-01 dt=6.756649e-04
elapsed=5.510410e+02 cycle=1038 time=7.019894e-01 dt=6.756633e-04
elapsed=5.515707e+02 cycle=1039 time=7.026650e-01 dt=6.756618e-04
elapsed=5.520960e+02 cycle=1040 time=7.033407e-01 dt=6.756602e-04
elapsed=5.526142e+02 cycle=1041 time=7.040164e-01 dt=6.756587e-04
elapsed=5.531358e+02 cycle=1042 time=7.046920e-01 dt=6.756571e-04
elapsed=5.536669e+02 cycle=1043 time=7.053677e-01 dt=6.756555e-04
elapsed=5.542007e+02 cycle=1044 time=7.060433e-01 dt=6.756540e-04
elapsed=5.547372e+02 cycle=1045 time=7.067190e-01 dt=6.756524e-04
elapsed=5.552784e+02 cycle=1046 time=7.073946e-01 dt=6.756509e-04
elapsed=5.558092e+02 cycle=1047 time=7.080703e-01 dt=6.756493e-04
elapsed=5.563283e+02 cycle=1048 time=7.087459e-01 dt=6.756477e-04
elapsed=5.568493e+02 cycle=1049 time=7.094216e-01 dt=6.756462e-04
elapsed=5.573671e+02 cycle=1050 time=7.100972e-01 dt=6.756446e-04
elapsed=5.579083e+02 cycle=1051 time=7.107729e-01 dt=6.756431e-04
elapsed=5.584551e+02 cycle=1052 time=7.114485e-01 dt=6.756415e-04
elapsed=5.589885e+02 cycle=1053 time=7.121242e-01 dt=6.756399e-04
elapsed=5.595214e+02 cycle=1054 time=7.127998e-01 dt=6.756384e-04
elapsed=5.600488e+02 cycle=1055 time=7.134754e-01 dt=6.756368e-04
elapsed=5.605676e+02 cycle=1056 time=7.141511e-01 dt=6.756353e-04
elapsed=5.610893e+02 cycle=1057 time=7.148267e-01 dt=6.756337e-04
elapsed=5.616070e+02 cycle=1058 time=7.155023e-01 dt=6.756321e-04
elapsed=5.621387e+02 cycle=1059 time=7.161780e-01 dt=6.756306e-04
elapsed=5.626730e+02 cycle=1060 time=7.168536e-01 dt=6.756290e-04
elapsed=5.632065e+02 cycle=1061 time=7.175292e-01 dt=6.756274e-04
elapsed=5.637383e+02 cycle=1062 time=7.182049e-01 dt=6.756259e-04
elapsed=5.642734e+02 cycle=1063 time=7.188805e-01 dt=6.756243e-04
elapsed=5.647924e+02 cycle=1064 time=7.195561e-01 dt=6.756228e-04
elapsed=5.653121e+02 cycle=1065 time=7.202317e-01 dt=6.756212e-04
elapsed=5.658317e+02 cycle=1066 time=7.209074e-01 dt=6.756196e-04
elapsed=5.663623e+02 cycle=1067 time=7.215830e-01 dt=6.756181e-04
elapsed=5.668953e+02 cycle=1068 time=7.222586e-01 dt=6.756165e-04
elapsed=5.674262e+02 cycle=1069 time=7.229342e-01 dt=6.756149e-04
elapsed=5.679633e+02 cycle=1070 time=7.236098e-01 dt=6.756134e-04
elapsed=5.684889e+02 cycle=1071 time=7.242854e-01 dt=6.756118e-04
elapsed=5.690130e+02 cycle=1072 time=7.249611e-01 dt=6.756102e-04
elapsed=5.695403e+02 cycle=1073 time=7.256367e-01 dt=6.756087e-04
elapsed=5.700643e+02 cycle=1074 time=7.263123e-01 dt=6.756071e-04
elapsed=5.706136e+02 cycle=1075 time=7.269879e-01 dt=6.756055e-04
elapsed=5.711506e+02 cycle=1076 time=7.276635e-01 dt=6.756040e-04
elapsed=5.716820e+02 cycle=1077 time=7.283391e-01 dt=6.756024e-04
elapsed=5.722075e+02 cycle=1078 time=7.290147e-01 dt=6.756009e-04
elapsed=5.727282e+02 cycle=1079 time=7.296903e-01 dt=6.755993e-04
elapsed=5.732478e+02 cycle=1080 time=7.303659e-01 dt=6.755977e-04
elapsed=5.737695e+02 cycle=1081 time=7.310415e-01 dt=6.755962e-04
elapsed=5.743791e+02 cycle=1082 time=7.317171e-01 dt=6.755946e-04
elapsed=5.749152e+02 cycle=1083 time=7.323927e-01 dt=6.755930e-04
elapsed=5.754377e+02 cycle=1084 time=7.330683e-01 dt=6.755915e-04
elapsed=5.759641e+02 cycle=1085 time=7.337439e-01 dt=6.755899e-04
elapsed=5.764940e+02 cycle=1086 time=7.344195e-01 dt=6.755883e-04
elapsed=5.770123e+02 cycle=1087 time=7.350950e-01 dt=6.755868e-04
elapsed=5.775295e+02 cycle=1088 time=7.357706e-01 dt=6.755852e-04
elapsed=5.780470e+02 cycle=1089 time=7.364462e-01 dt=6.755836e-04
elapsed=5.785704e+02 cycle=1090 time=7.371218e-01 dt=6.755820e-04
elapsed=5.790909e+02 cycle=1091 time=7.377974e-01 dt=6.755805e-04
elapsed=5.796129e+02 cycle=1092 time=7.384730e-01 dt=6.755789e-04
elapsed=5.801372e+02 cycle=1093 time=7.391485e-01 dt=6.755773e-04
elapsed=5.806613e+02 cycle=1094 time=7.398241e-01 dt=6.755758e-04
elapsed=5.811806e+02 cycle=1095 time=7.404997e-01 dt=6.755742e-04
elapsed=5.842131e+02 cycle=1096 time=7.411753e-01 dt=6.755726e-04
elapsed=5.847299e+02 cycle=1097 time=7.418508e-01 dt=6.755711e-04
elapsed=5.852562e+02 cycle=1098 time=7.425264e-01 dt=6.755695e-04
elapsed=5.857909e+02 cycle=1099 time=7.432020e-01 dt=6.755679e-04
elapsed=5.863258e+02 cycle=1100 time=7.438775e-01 dt=6.755664e-04
elapsed=5.868629e+02 cycle=1101 time=7.445531e-01 dt=6.755648e-04
elapsed=5.873867e+02 cycle=1102 time=7.452287e-01 dt=6.755632e-04
elapsed=5.879059e+02 cycle=1103 time=7.459042e-01 dt=6.755616e-04
elapsed=5.884252e+02 cycle=1104 time=7.465798e-01 dt=6.755601e-04
elapsed=5.889435e+02 cycle=1105 time=7.472554e-01 dt=6.755585e-04
elapsed=5.894675e+02 cycle=1106 time=7.479309e-01 dt=6.755569e-04
elapsed=5.899901e+02 cycle=1107 time=7.486065e-01 dt=6.755554e-04
elapsed=5.905149e+02 cycle=1108 time=7.492820e-01 dt=6.755538e-04
elapsed=5.910445e+02 cycle=1109 time=7.499576e-01 dt=6.755522e-04
elapsed=5.918818e+02 cycle=1110 time=7.506331e-01 dt=6.755507e-04
elapsed=5.924012e+02 cycle=1111 time=7.513087e-01 dt=6.755491e-04
elapsed=5.929202e+02 cycle=1112 time=7.519842e-01 dt=6.755475e-04
elapsed=5.934375e+02 cycle=1113 time=7.526598e-01 dt=6.755459e-04
elapsed=5.939605e+02 cycle=1114 time=7.533353e-01 dt=6.755444e-04
elapsed=5.944826e+02 cycle=1115 time=7.540109e-01 dt=6.755428e-04
elapsed=5.950066e+02 cycle=1116 time=7.546864e-01 dt=6.755412e-04
elapsed=5.955329e+02 cycle=1117 time=7.553620e-01 dt=6.755396e-04
elapsed=5.960564e+02 cycle=1118 time=7.560375e-01 dt=6.755381e-04
elapsed=5.965771e+02 cycle=1119 time=7.567130e-01 dt=6.755365e-04
elapsed=5.970938e+02 cycle=1120 time=7.573886e-01 dt=6.755349e-04
elapsed=5.976093e+02 cycle=1121 time=7.580641e-01 dt=6.755334e-04
elapsed=5.981413e+02 cycle=1122 time=7.587396e-01 dt=6.755318e-04
elapsed=5.986631e+02 cycle=1123 time=7.594152e-01 dt=6.755302e-04
elapsed=5.991849e+02 cycle=1124 time=7.600907e-01 dt=6.755286e-04
elapsed=5.997094e+02 cycle=1125 time=7.607662e-01 dt=6.755271e-04
elapsed=6.002282e+02 cycle=1126 time=7.614418e-01 dt=6.755255e-04
elapsed=6.007446e+02 cycle=1127 time=7.621173e-01 dt=6.755239e-04
elapsed=6.012606e+02 cycle=1128 time=7.627928e-01 dt=6.755223e-04
elapsed=6.017763e+02 cycle=1129 time=7.634683e-01 dt=6.755208e-04
elapsed=6.023027e+02 cycle=1130 time=7.641439e-01 dt=6.755192e-04
elapsed=6.028248e+02 cycle=1131 time=7.648194e-01 dt=6.755176e-04
elapsed=6.033475e+02 cycle=1132 time=7.654949e-01 dt=6.755160e-04
elapsed=6.038724e+02 cycle=1133 time=7.661704e-01 dt=6.755145e-04
elapsed=6.043897e+02 cycle=1134 time=7.668459e-01 dt=6.755129e-04
elapsed=6.049060e+02 cycle=1135 time=7.675214e-01 dt=6.755113e-04
elapsed=6.054225e+02 cycle=1136 time=7.681969e-01 dt=6.755097e-04
elapsed=6.059412e+02 cycle=1137 time=7.688725e-01 dt=6.755082e-04
elapsed=6.064672e+02 cycle=1138 time=7.695480e-01 dt=6.755066e-04
elapsed=6.069883e+02 cycle=1139 time=7.702235e-01 dt=6.755050e-04
elapsed=6.075108e+02 cycle=1140 time=7.708990e-01 dt=6.755034e-04
elapsed=6.080345e+02 cycle=1141 time=7.715745e-01 dt=6.755019e-04
elapsed=6.085517e+02 cycle=1142 time=7.722500e-01 dt=6.755003e-04
elapsed=6.090677e+02 cycle=1143 time=7.729255e-01 dt=6.754987e-04
elapsed=6.095835e+02 cycle=1144 time=7.736010e-01 dt=6.754971e-04
elapsed=6.101044e+02 cycle=1145 time=7.742765e-01 dt=6.754956e-04
elapsed=6.106386e+02 cycle=1146 time=7.749520e-01 dt=6.754940e-04
elapsed=6.111718e+02 cycle=1147 time=7.756275e-01 dt=6.754924e-04
elapsed=6.116950e+02 cycle=1148 time=7.763030e-01 dt=6.754908e-04
elapsed=6.122191e+02 cycle=1149 time=7.769784e-01 dt=6.754893e-04
elapsed=6.127352e+02 cycle=1150 time=7.776539e-01 dt=6.754877e-04
elapsed=6.132516e+02 cycle=1151 time=7.783294e-01 dt=6.754861e-04
elapsed=6.137672e+02 cycle=1152 time=7.790049e-01 dt=6.754845e-04
elapsed=6.142905e+02 cycle=1153 time=7.796804e-01 dt=6.754829e-04
elapsed=6.148238e+02 cycle=1154 time=7.803559e-01 dt=6.754814e-04
elapsed=6.153525e+02 cycle=1155 time=7.810314e-01 dt=6.754798e-04
elapsed=6.158760e+02 cycle=1156 time=7.817068e-01 dt=6.754782e-04
elapsed=6.163974e+02 cycle=1157 time=7.823823e-01 dt=6.754766e-04
elapsed=6.169143e+02 cycle=1158 time=7.830578e-01 dt=6.754751e-04
elapsed=6.174349e+02 cycle=1159 time=7.837333e-01 dt=6.754735e-04
elapsed=6.179512e+02 cycle=1160 time=7.844087e-01 dt=6.754719e-04
elapsed=6.184734e+02 cycle=1161 time=7.850842e-01 dt=6.754703e-04
elapsed=6.189935e+02 cycle=1162 time=7.857597e-01 dt=6.754687e-04
elapsed=6.195150e+02 cycle=1163 time=7.864352e-01 dt=6.754672e-04
elapsed=6.200383e+02 cycle=1164 time=7.871106e-01 dt=6.754656e-04
elapsed=6.205591e+02 cycle=1165 time=7.877861e-01 dt=6.754640e-04
elapsed=6.210759e+02 cycle=1166 time=7.884616e-01 dt=6.754624e-04
elapsed=6.215919e+02 cycle=1167 time=7.891370e-01 dt=6.754608e-04
elapsed=6.221108e+02 cycle=1168 time=7.898125e-01 dt=6.754593e-04
elapsed=6.226357e+02 cycle=1169 time=7.904879e-01 dt=6.754577e-04
elapsed=6.231569e+02 cycle=1170 time=7.911634e-01 dt=6.754561e-04
elapsed=6.236818e+02 cycle=1171 time=7.918388e-01 dt=6.754545e-04
elapsed=6.242116e+02 cycle=1172 time=7.925143e-01 dt=6.754529e-04
elapsed=6.247353e+02 cycle=1173 time=7.931898e-01 dt=6.754514e-04
elapsed=6.252527e+02 cycle=1174 time=7.938652e-01 dt=6.754498e-04
elapsed=6.257705e+02 cycle=1175 time=7.945407e-01 dt=6.754482e-04
elapsed=6.262884e+02 cycle=1176 time=7.952161e-01 dt=6.754466e-04
elapsed=6.268222e+02 cycle=1177 time=7.958916e-01 dt=6.754450e-04
elapsed=6.273575e+02 cycle=1178 time=7.965670e-01 dt=6.754435e-04
elapsed=6.278834e+02 cycle=1179 time=7.972424e-01 dt=6.754419e-04
elapsed=6.284096e+02 cycle=1180 time=7.979179e-01 dt=6.754403e-04
elapsed=6.289290e+02 cycle=1181 time=7.985933e-01 dt=6.754387e-04
elapsed=6.294463e+02 cycle=1182 time=7.992688e-01 dt=6.754371e-04
elapsed=6.299628e+02 cycle=1183 time=7.999442e-01 dt=6.754356e-04
elapsed=6.304799e+02 cycle=1184 time=8.006196e-01 dt=6.754340e-04
elapsed=6.310046e+02 cycle=1185 time=8.012951e-01 dt=6.754324e-04
elapsed=6.315320e+02 cycle=1186 time=8.019705e-01 dt=6.754308e-04
elapsed=6.320568e+02 cycle=1187 time=8.026459e-01 dt=6.754292e-04
elapsed=6.325956e+02 cycle=1188 time=8.033214e-01 dt=6.754276e-04
elapsed=6.331134e+02 cycle=1189 time=8.039968e-01 dt=6.754261e-04
elapsed=6.336315e+02 cycle=1190 time=8.046722e-01 dt=6.754245e-04
elapsed=6.341484e+02 cycle=1191 time=8.053476e-01 dt=6.754229e-04
elapsed=6.346715e+02 cycle=1192 time=8.060231e-01 dt=6.754213e-04
elapsed=6.351920e+02 cycle=1193 time=8.066985e-01 dt=6.754197e-04
elapsed=6.357140e+02 cycle=1194 time=8.073739e-01 dt=6.754181e-04
elapsed=6.362380e+02 cycle=1195 time=8.080493e-01 dt=6.754166e-04
elapsed=6.367630e+02 cycle=1196 time=8.087247e-01 dt=6.754150e-04
elapsed=6.372819e+02 cycle=1197 time=8.094002e-01 dt=6.754134e-04
elapsed=6.378042e+02 cycle=1198 time=8.100756e-01 dt=6.754118e-04
elapsed=6.383209e+02 cycle=1199 time=8.107510e-01 dt=6.754102e-04
elapsed=6.388456e+02 cycle=1200 time=8.114264e-01 dt=6.754086e-04
elapsed=6.393674e+02 cycle=1201 time=8.121018e-01 dt=6.754071e-04
elapsed=6.398909e+02 cycle=1202 time=8.127772e-01 dt=6.754055e-04
elapsed=6.404204e+02 cycle=1203 time=8.134526e-01 dt=6.754039e-04
elapsed=6.409457e+02 cycle=1204 time=8.141280e-01 dt=6.754023e-04
elapsed=6.414642e+02 cycle=1205 time=8.148034e-01 dt=6.754007e-04
elapsed=6.419817e+02 cycle=1206 time=8.154788e-01 dt=6.753991e-04
elapsed=6.425077e+02 cycle=1207 time=8.161542e-01 dt=6.753976e-04
elapsed=6.430329e+02 cycle=1208 time=8.168296e-01 dt=6.753960e-04
elapsed=6.435582e+02 cycle=1209 time=8.175050e-01 dt=6.753944e-04
elapsed=6.440959e+02 cycle=1210 time=8.181804e-01 dt=6.753928e-04
elapsed=6.446315e+02 cycle=1211 time=8.188558e-01 dt=6.753912e-04
elapsed=6.451543e+02 cycle=1212 time=8.195312e-01 dt=6.753896e-04
elapsed=6.456729e+02 cycle=1213 time=8.202066e-01 dt=6.753881e-04
elapsed=6.461900e+02 cycle=1214 time=8.208820e-01 dt=6.753865e-04
elapsed=6.467077e+02 cycle=1215 time=8.215574e-01 dt=6.753849e-04
elapsed=6.472343e+02 cycle=1216 time=8.222327e-01 dt=6.753833e-04
elapsed=6.477555e+02 cycle=1217 time=8.229081e-01 dt=6.753817e-04
elapsed=6.482765e+02 cycle=1218 time=8.235835e-01 dt=6.753801e-04
elapsed=6.488003e+02 cycle=1219 time=8.242589e-01 dt=6.753785e-04
elapsed=6.493198e+02 cycle=1220 time=8.249343e-01 dt=6.753770e-04
elapsed=6.498383e+02 cycle=1221 time=8.256096e-01 dt=6.753754e-04
elapsed=6.503547e+02 cycle=1222 time=8.262850e-01 dt=6.753738e-04
elapsed=6.508701e+02 cycle=1223 time=8.269604e-01 dt=6.753722e-04
elapsed=6.513956e+02 cycle=1224 time=8.276358e-01 dt=6.753706e-04
elapsed=6.519176e+02 cycle=1225 time=8.283111e-01 dt=6.753690e-04
elapsed=6.524435e+02 cycle=1226 time=8.289865e-01 dt=6.753674e-04
elapsed=6.529681e+02 cycle=1227 time=8.296619e-01 dt=6.753658e-04
elapsed=6.534881e+02 cycle=1228 time=8.303372e-01 dt=6.753643e-04
elapsed=6.540046e+02 cycle=1229 time=8.310126e-01 dt=6.753627e-04
elapsed=6.545206e+02 cycle=1230 time=8.316880e-01 dt=6.753611e-04
elapsed=6.550363e+02 cycle=1231 time=8.323633e-01 dt=6.753595e-04
elapsed=6.555664e+02 cycle=1232 time=8.330387e-01 dt=6.753579e-04
elapsed=6.560943e+02 cycle=1233 time=8.337140e-01 dt=6.753563e-04
elapsed=6.566234e+02 cycle=1234 time=8.343894e-01 dt=6.753547e-04
elapsed=6.571503e+02 cycle=1235 time=8.350647e-01 dt=6.753532e-04
elapsed=6.576678e+02 cycle=1236 time=8.357401e-01 dt=6.753516e-04
elapsed=6.581855e+02 cycle=1237 time=8.364155e-01 dt=6.753500e-04
elapsed=6.587010e+02 cycle=1238 time=8.370908e-01 dt=6.753484e-04
elapsed=6.592272e+02 cycle=1239 time=8.377662e-01 dt=6.753468e-04
elapsed=6.597701e+02 cycle=1240 time=8.384415e-01 dt=6.753452e-04
elapsed=6.602923e+02 cycle=1241 time=8.391168e-01 dt=6.753436e-04
elapsed=6.608170e+02 cycle=1242 time=8.397922e-01 dt=6.753420e-04
elapsed=6.613465e+02 cycle=1243 time=8.404675e-01 dt=6.753404e-04
elapsed=6.618660e+02 cycle=1244 time=8.411429e-01 dt=6.753389e-04
elapsed=6.623833e+02 cycle=1245 time=8.418182e-01 dt=6.753373e-04
elapsed=6.628994e+02 cycle=1246 time=8.424935e-01 dt=6.753357e-04
elapsed=6.634249e+02 cycle=1247 time=8.431689e-01 dt=6.753341e-04
elapsed=6.639522e+02 cycle=1248 time=8.438442e-01 dt=6.753325e-04
elapsed=6.644788e+02 cycle=1249 time=8.445195e-01 dt=6.753309e-04
elapsed=6.650056e+02 cycle=1250 time=8.451949e-01 dt=6.753293e-04
elapsed=6.655332e+02 cycle=1251 time=8.458702e-01 dt=6.753277e-04
elapsed=6.660507e+02 cycle=1252 time=8.465455e-01 dt=6.753261e-04
elapsed=6.665678e+02 cycle=1253 time=8.472209e-01 dt=6.753246e-04
elapsed=6.670840e+02 cycle=1254 time=8.478962e-01 dt=6.753230e-04
elapsed=6.676051e+02 cycle=1255 time=8.485715e-01 dt=6.753214e-04
elapsed=6.681281e+02 cycle=1256 time=8.492468e-01 dt=6.753198e-04
elapsed=6.686538e+02 cycle=1257 time=8.499222e-01 dt=6.753182e-04
elapsed=6.691873e+02 cycle=1258 time=8.505975e-01 dt=6.753166e-04
elapsed=6.697119e+02 cycle=1259 time=8.512728e-01 dt=6.753150e-04
elapsed=6.702285e+02 cycle=1260 time=8.519481e-01 dt=6.753134e-04
elapsed=6.707446e+02 cycle=1261 time=8.526234e-01 dt=6.753118e-04
elapsed=6.713591e+02 cycle=1262 time=8.532987e-01 dt=6.753102e-04
elapsed=6.718824e+02 cycle=1263 time=8.539740e-01 dt=6.753087e-04
elapsed=6.727834e+02 cycle=1264 time=8.546493e-01 dt=6.753071e-04
elapsed=6.733135e+02 cycle=1265 time=8.553247e-01 dt=6.753055e-04
elapsed=6.738484e+02 cycle=1266 time=8.560000e-01 dt=6.753039e-04
elapsed=6.743766e+02 cycle=1267 time=8.566753e-01 dt=6.753023e-04
elapsed=6.748971e+02 cycle=1268 time=8.573506e-01 dt=6.753007e-04
elapsed=6.754154e+02 cycle=1269 time=8.580259e-01 dt=6.752991e-04
elapsed=6.759332e+02 cycle=1270 time=8.587012e-01 dt=6.752975e-04
elapsed=6.764685e+02 cycle=1271 time=8.593765e-01 dt=6.752959e-04
elapsed=6.769931e+02 cycle=1272 time=8.600518e-01 dt=6.752943e-04
elapsed=6.775229e+02 cycle=1273 time=8.607271e-01 dt=6.752927e-04
elapsed=6.780637e+02 cycle=1274 time=8.614023e-01 dt=6.752912e-04
elapsed=6.786025e+02 cycle=1275 time=8.620776e-01 dt=6.752896e-04
elapsed=6.791291e+02 cycle=1276 time=8.627529e-01 dt=6.752880e-04
elapsed=6.796483e+02 cycle=1277 time=8.634282e-01 dt=6.752864e-04
elapsed=6.801663e+02 cycle=1278 time=8.641035e-01 dt=6.752848e-04
elapsed=6.806949e+02 cycle=1279 time=8.647788e-01 dt=6.752832e-04
elapsed=6.812326e+02 cycle=1280 time=8.654541e-01 dt=6.752816e-04
elapsed=6.817671e+02 cycle=1281 time=8.661293e-01 dt=6.752800e-04
elapsed=6.823009e+02 cycle=1282 time=8.668046e-01 dt=6.752784e-04
elapsed=6.828214e+02 cycle=1283 time=8.674799e-01 dt=6.752768e-04
elapsed=6.833428e+02 cycle=1284 time=8.681552e-01 dt=6.752752e-04
elapsed=6.838636e+02 cycle=1285 time=8.688305e-01 dt=6.752736e-04
elapsed=6.843831e+02 cycle=1286 time=8.695057e-01 dt=6.752720e-04
elapsed=6.849111e+02 cycle=1287 time=8.701810e-01 dt=6.752705e-04
elapsed=6.854416e+02 cycle=1288 time=8.708563e-01 dt=6.752689e-04
elapsed=6.859886e+02 cycle=1289 time=8.715315e-01 dt=6.752673e-04
elapsed=6.865778e+02 cycle=1290 time=8.722068e-01 dt=6.752657e-04
elapsed=6.871721e+02 cycle=1291 time=8.728821e-01 dt=6.752641e-04
elapsed=6.876957e+02 cycle=1292 time=8.735573e-01 dt=6.752625e-04
elapsed=6.882198e+02 cycle=1293 time=8.742326e-01 dt=6.752609e-04
elapsed=6.887512e+02 cycle=1294 time=8.749079e-01 dt=6.752593e-04
elapsed=6.893086e+02 cycle=1295 time=8.755831e-01 dt=6.752577e-04
elapsed=6.898751e+02 cycle=1296 time=8.762584e-01 dt=6.752561e-04
elapsed=6.904266e+02 cycle=1297 time=8.769336e-01 dt=6.752545e-04
elapsed=6.909782e+02 cycle=1298 time=8.776089e-01 dt=6.752529e-04
elapsed=6.915027e+02 cycle=1299 time=8.782841e-01 dt=6.752513e-04
elapsed=6.920291e+02 cycle=1300 time=8.789594e-01 dt=6.752497e-04
elapsed=6.925524e+02 cycle=1301 time=8.796346e-01 dt=6.752481e-04
elapsed=6.930886e+02 cycle=1302 time=8.803099e-01 dt=6.752465e-04
elapsed=6.936301e+02 cycle=1303 time=8.809851e-01 dt=6.752450e-04
elapsed=6.941749e+02 cycle=1304 time=8.816604e-01 dt=6.752434e-04
elapsed=6.947152e+02 cycle=1305 time=8.823356e-01 dt=6.752418e-04
elapsed=6.952602e+02 cycle=1306 time=8.830109e-01 dt=6.752402e-04
elapsed=6.958037e+02 cycle=1307 time=8.836861e-01 dt=6.752386e-04
elapsed=6.963315e+02 cycle=1308 time=8.843613e-01 dt=6.752370e-04
elapsed=6.968583e+02 cycle=1309 time=8.850366e-01 dt=6.752354e-04
elapsed=6.973898e+02 cycle=1310 time=8.857118e-01 dt=6.752338e-04
elapsed=6.979209e+02 cycle=1311 time=8.863871e-01 dt=6.752322e-04
elapsed=6.984568e+02 cycle=1312 time=8.870623e-01 dt=6.752306e-04
elapsed=6.989835e+02 cycle=1313 time=8.877375e-01 dt=6.752290e-04
elapsed=6.995243e+02 cycle=1314 time=8.884127e-01 dt=6.752274e-04
elapsed=7.000522e+02 cycle=1315 time=8.890880e-01 dt=6.752258e-04
elapsed=7.005685e+02 cycle=1316 time=8.897632e-01 dt=6.752242e-04
elapsed=7.010843e+02 cycle=1317 time=8.904384e-01 dt=6.752226e-04
elapsed=7.016250e+02 cycle=1318 time=8.911136e-01 dt=6.752210e-04
elapsed=7.021710e+02 cycle=1319 time=8.917889e-01 dt=6.752194e-04
elapsed=7.027014e+02 cycle=1320 time=8.924641e-01 dt=6.752178e-04
elapsed=7.032418e+02 cycle=1321 time=8.931393e-01 dt=6.752162e-04
elapsed=7.037667e+02 cycle=1322 time=8.938145e-01 dt=6.752146e-04
elapsed=7.042836e+02 cycle=1323 time=8.944897e-01 dt=6.752130e-04
elapsed=7.047998e+02 cycle=1324 time=8.951649e-01 dt=6.752114e-04
elapsed=7.053174e+02 cycle=1325 time=8.958402e-01 dt=6.752098e-04
elapsed=7.058449e+02 cycle=1326 time=8.965154e-01 dt=6.752083e-04
elapsed=7.063708e+02 cycle=1327 time=8.971906e-01 dt=6.752067e-04
elapsed=7.069111e+02 cycle=1328 time=8.978658e-01 dt=6.752051e-04
elapsed=7.074527e+02 cycle=1329 time=8.985410e-01 dt=6.752035e-04
elapsed=7.079755e+02 cycle=1330 time=8.992162e-01 dt=6.752019e-04
elapsed=7.084939e+02 cycle=1331 time=8.998914e-01 dt=6.752003e-04
elapsed=7.090116e+02 cycle=1332 time=9.005666e-01 dt=6.751987e-04
elapsed=7.095282e+02 cycle=1333 time=9.012418e-01 dt=6.751971e-04
elapsed=7.100661e+02 cycle=1334 time=9.019170e-01 dt=6.751955e-04
elapsed=7.106010e+02 cycle=1335 time=9.025922e-01 dt=6.751939e-04
elapsed=7.111274e+02 cycle=1336 time=9.032674e-01 dt=6.751923e-04
elapsed=7.116591e+02 cycle=1337 time=9.039426e-01 dt=6.751907e-04
elapsed=7.121801e+02 cycle=1338 time=9.046178e-01 dt=6.751891e-04
elapsed=7.126969e+02 cycle=1339 time=9.052930e-01 dt=6.751875e-04
elapsed=7.132130e+02 cycle=1340 time=9.059681e-01 dt=6.751859e-04
elapsed=7.137295e+02 cycle=1341 time=9.066433e-01 dt=6.751843e-04
elapsed=7.142754e+02 cycle=1342 time=9.073185e-01 dt=6.751827e-04
elapsed=7.148022e+02 cycle=1343 time=9.079937e-01 dt=6.751811e-04
elapsed=7.153387e+02 cycle=1344 time=9.086689e-01 dt=6.751795e-04
elapsed=7.159010e+02 cycle=1345 time=9.093441e-01 dt=6.751779e-04
elapsed=7.164275e+02 cycle=1346 time=9.100192e-01 dt=6.751763e-04
elapsed=7.169443e+02 cycle=1347 time=9.106944e-01 dt=6.751747e-04
elapsed=7.174605e+02 cycle=1348 time=9.113696e-01 dt=6.751731e-04
elapsed=7.179880e+02 cycle=1349 time=9.120448e-01 dt=6.751715e-04
elapsed=7.185169e+02 cycle=1350 time=9.127199e-01 dt=6.751699e-04
elapsed=7.190444e+02 cycle=1351 time=9.133951e-01 dt=6.751683e-04
elapsed=7.195924e+02 cycle=1352 time=9.140703e-01 dt=6.751667e-04
elapsed=7.201296e+02 cycle=1353 time=9.147454e-01 dt=6.751651e-04
elapsed=7.206506e+02 cycle=1354 time=9.154206e-01 dt=6.751635e-04
elapsed=7.211770e+02 cycle=1355 time=9.160958e-01 dt=6.751619e-04
elapsed=7.216937e+02 cycle=1356 time=9.167709e-01 dt=6.751603e-04
elapsed=7.222229e+02 cycle=1357 time=9.174461e-01 dt=6.751587e-04
elapsed=7.227490e+02 cycle=1358 time=9.181212e-01 dt=6.751571e-04
elapsed=7.232784e+02 cycle=1359 time=9.187964e-01 dt=6.751555e-04
elapsed=7.238069e+02 cycle=1360 time=9.194716e-01 dt=6.751539e-04
elapsed=7.243394e+02 cycle=1361 time=9.201467e-01 dt=6.751523e-04
elapsed=7.248619e+02 cycle=1362 time=9.208219e-01 dt=6.751507e-04
elapsed=7.253817e+02 cycle=1363 time=9.214970e-01 dt=6.751491e-04
elapsed=7.259051e+02 cycle=1364 time=9.221722e-01 dt=6.751475e-04
elapsed=7.264349e+02 cycle=1365 time=9.228473e-01 dt=6.751459e-04
elapsed=7.269905e+02 cycle=1366 time=9.235225e-01 dt=6.751443e-04
elapsed=7.275225e+02 cycle=1367 time=9.241976e-01 dt=6.751427e-04
elapsed=7.280604e+02 cycle=1368 time=9.248727e-01 dt=6.751411e-04
elapsed=7.285852e+02 cycle=1369 time=9.255479e-01 dt=6.751395e-04
elapsed=7.291067e+02 cycle=1370 time=9.262230e-01 dt=6.751379e-04
elapsed=7.296267e+02 cycle=1371 time=9.268982e-01 dt=6.751363e-04
elapsed=7.301433e+02 cycle=1372 time=9.275733e-01 dt=6.751347e-04
elapsed=7.306844e+02 cycle=1373 time=9.282484e-01 dt=6.751331e-04
elapsed=7.312101e+02 cycle=1374 time=9.289236e-01 dt=6.751315e-04
elapsed=7.317490e+02 cycle=1375 time=9.295987e-01 dt=6.751299e-04
elapsed=7.322852e+02 cycle=1376 time=9.302738e-01 dt=6.751283e-04
elapsed=7.328113e+02 cycle=1377 time=9.309490e-01 dt=6.751267e-04
elapsed=7.333314e+02 cycle=1378 time=9.316241e-01 dt=6.751251e-04
elapsed=7.338498e+02 cycle=1379 time=9.322992e-01 dt=6.751235e-04
elapsed=7.343752e+02 cycle=1380 time=9.329743e-01 dt=6.751219e-04
elapsed=7.349057e+02 cycle=1381 time=9.336495e-01 dt=6.751203e-04
elapsed=7.354393e+02 cycle=1382 time=9.343246e-01 dt=6.751187e-04
elapsed=7.359875e+02 cycle=1383 time=9.349997e-01 dt=6.751171e-04
elapsed=7.365394e+02 cycle=1384 time=9.356748e-01 dt=6.751155e-04
elapsed=7.370745e+02 cycle=1385 time=9.363499e-01 dt=6.751139e-04
elapsed=7.375935e+02 cycle=1386 time=9.370250e-01 dt=6.751123e-04
elapsed=7.381157e+02 cycle=1387 time=9.377001e-01 dt=6.751107e-04
elapsed=7.386341e+02 cycle=1388 time=9.383753e-01 dt=6.751091e-04
elapsed=7.391763e+02 cycle=1389 time=9.390504e-01 dt=6.751074e-04
elapsed=7.397237e+02 cycle=1390 time=9.397255e-01 dt=6.751058e-04
elapsed=7.402665e+02 cycle=1391 time=9.404006e-01 dt=6.751042e-04
elapsed=7.408104e+02 cycle=1392 time=9.410757e-01 dt=6.751026e-04
elapsed=7.413319e+02 cycle=1393 time=9.417508e-01 dt=6.751010e-04
elapsed=7.418572e+02 cycle=1394 time=9.424259e-01 dt=6.750994e-04
elapsed=7.423799e+02 cycle=1395 time=9.431010e-01 dt=6.750978e-04
elapsed=7.428998e+02 cycle=1396 time=9.437761e-01 dt=6.750962e-04
elapsed=7.434312e+02 cycle=1397 time=9.444512e-01 dt=6.750946e-04
elapsed=7.439551e+02 cycle=1398 time=9.451263e-01 dt=6.750930e-04
elapsed=7.445196e+02 cycle=1399 time=9.458014e-01 dt=6.750914e-04
elapsed=7.450525e+02 cycle=1400 time=9.464765e-01 dt=6.750898e-04
elapsed=7.455755e+02 cycle=1401 time=9.471516e-01 dt=6.750882e-04
elapsed=7.460948e+02 cycle=1402 time=9.478266e-01 dt=6.750866e-04
elapsed=7.466222e+02 cycle=1403 time=9.485017e-01 dt=6.750850e-04
elapsed=7.471536e+02 cycle=1404 time=9.491768e-01 dt=6.750834e-04
elapsed=7.476917e+02 cycle=1405 time=9.498519e-01 dt=6.750818e-04
elapsed=7.482320e+02 cycle=1406 time=9.505270e-01 dt=6.750802e-04
elapsed=7.487711e+02 cycle=1407 time=9.512021e-01 dt=6.750786e-04
elapsed=7.493391e+02 cycle=1408 time=9.518771e-01 dt=6.750770e-04
elapsed=7.498642e+02 cycle=1409 time=9.525522e-01 dt=6.750754e-04
elapsed=7.503826e+02 cycle=1410 time=9.532273e-01 dt=6.750738e-04
elapsed=7.509106e+02 cycle=1411 time=9.539024e-01 dt=6.750722e-04
elapsed=7.514348e+02 cycle=1412 time=9.545774e-01 dt=6.750705e-04
elapsed=7.519751e+02 cycle=1413 time=9.552525e-01 dt=6.750689e-04
elapsed=7.525042e+02 cycle=1414 time=9.559276e-01 dt=6.750673e-04
elapsed=7.530460e+02 cycle=1415 time=9.566026e-01 dt=6.750657e-04
elapsed=7.535804e+02 cycle=1416 time=9.572777e-01 dt=6.750641e-04
elapsed=7.540975e+02 cycle=1417 time=9.579528e-01 dt=6.750625e-04
elapsed=7.546142e+02 cycle=1418 time=9.586278e-01 dt=6.750609e-04
elapsed=7.551310e+02 cycle=1419 time=9.593029e-01 dt=6.750593e-04
elapsed=7.556604e+02 cycle=1420 time=9.599780e-01 dt=6.750577e-04
elapsed=7.561995e+02 cycle=1421 time=9.606530e-01 dt=6.750561e-04
elapsed=7.567393e+02 cycle=1422 time=9.613281e-01 dt=6.750545e-04
elapsed=7.572716e+02 cycle=1423 time=9.620031e-01 dt=6.750529e-04
elapsed=7.577980e+02 cycle=1424 time=9.626782e-01 dt=6.750513e-04
elapsed=7.583144e+02 cycle=1425 time=9.633532e-01 dt=6.750497e-04
elapsed=7.588307e+02 cycle=1426 time=9.640283e-01 dt=6.750481e-04
elapsed=7.593467e+02 cycle=1427 time=9.647033e-01 dt=6.750465e-04
elapsed=7.598803e+02 cycle=1428 time=9.653784e-01 dt=6.750448e-04
elapsed=7.604298e+02 cycle=1429 time=9.660534e-01 dt=6.750432e-04
elapsed=7.609592e+02 cycle=1430 time=9.667285e-01 dt=6.750416e-04
elapsed=7.615006e+02 cycle=1431 time=9.674035e-01 dt=6.750400e-04
elapsed=7.620328e+02 cycle=1432 time=9.680785e-01 dt=6.750384e-04
elapsed=7.625497e+02 cycle=1433 time=9.687536e-01 dt=6.750368e-04
elapsed=7.630659e+02 cycle=1434 time=9.694286e-01 dt=6.750352e-04
elapsed=7.635840e+02 cycle=1435 time=9.701036e-01 dt=6.750336e-04
elapsed=7.641269e+02 cycle=1436 time=9.707787e-01 dt=6.750320e-04
elapsed=7.646611e+02 cycle=1437 time=9.714537e-01 dt=6.750304e-04
elapsed=7.651948e+02 cycle=1438 time=9.721287e-01 dt=6.750288e-04
elapsed=7.657333e+02 cycle=1439 time=9.728038e-01 dt=6.750272e-04
elapsed=7.662533e+02 cycle=1440 time=9.734788e-01 dt=6.750255e-04
elapsed=7.667742e+02 cycle=1441 time=9.741538e-01 dt=6.750239e-04
elapsed=7.672901e+02 cycle=1442 time=9.748289e-01 dt=6.750223e-04
elapsed=7.678066e+02 cycle=1443 time=9.755039e-01 dt=6.750207e-04
elapsed=7.683377e+02 cycle=1444 time=9.761789e-01 dt=6.750191e-04
elapsed=7.688680e+02 cycle=1445 time=9.768539e-01 dt=6.750175e-04
elapsed=7.694031e+02 cycle=1446 time=9.775289e-01 dt=6.750159e-04
elapsed=7.699361e+02 cycle=1447 time=9.782039e-01 dt=6.750143e-04
elapsed=7.704572e+02 cycle=1448 time=9.788790e-01 dt=6.750127e-04
elapsed=7.709739e+02 cycle=1449 time=9.795540e-01 dt=6.750111e-04
elapsed=7.714901e+02 cycle=1450 time=9.802290e-01 dt=6.750095e-04
elapsed=7.720062e+02 cycle=1451 time=9.809040e-01 dt=6.750078e-04
elapsed=7.725454e+02 cycle=1452 time=9.815790e-01 dt=6.750062e-04
elapsed=7.730814e+02 cycle=1453 time=9.822540e-01 dt=6.750046e-04
elapsed=7.736097e+02 cycle=1454 time=9.829290e-01 dt=6.750030e-04
elapsed=7.741446e+02 cycle=1455 time=9.836040e-01 dt=6.750014e-04
elapsed=7.746613e+02 cycle=1456 time=9.842790e-01 dt=6.749998e-04
elapsed=7.751838e+02 cycle=1457 time=9.849540e-01 dt=6.749982e-04
elapsed=7.757045e+02 cycle=1458 time=9.856290e-01 dt=6.749966e-04
elapsed=7.762300e+02 cycle=1459 time=9.863040e-01 dt=6.749950e-04
elapsed=7.767604e+02 cycle=1460 time=9.869790e-01 dt=6.749934e-04
elapsed=7.772828e+02 cycle=1461 time=9.876540e-01 dt=6.749917e-04
elapsed=7.778457e+02 cycle=1462 time=9.883290e-01 dt=6.749901e-04
elapsed=7.783930e+02 cycle=1463 time=9.890040e-01 dt=6.749885e-04
elapsed=7.789158e+02 cycle=1464 time=9.896790e-01 dt=6.749869e-04
elapsed=7.794386e+02 cycle=1465 time=9.903540e-01 dt=6.749853e-04
elapsed=7.799583e+02 cycle=1466 time=9.910289e-01 dt=6.749837e-04
elapsed=7.804859e+02 cycle=1467 time=9.917039e-01 dt=6.749821e-04
elapsed=7.810128e+02 cycle=1468 time=9.923789e-01 dt=6.749805e-04
elapsed=7.815582e+02 cycle=1469 time=9.930539e-01 dt=6.749789e-04
elapsed=7.820886e+02 cycle=1470 time=9.937289e-01 dt=6.749772e-04
elapsed=7.826189e+02 cycle=1471 time=9.944038e-01 dt=6.749756e-04
elapsed=7.831422e+02 cycle=1472 time=9.950788e-01 dt=6.749740e-04
elapsed=7.836644e+02 cycle=1473 time=9.957538e-01 dt=6.749724e-04
elapsed=7.841837e+02 cycle=1474 time=9.964288e-01 dt=6.749708e-04
elapsed=7.847126e+02 cycle=1475 time=9.971037e-01 dt=6.749692e-04
elapsed=7.852719e+02 cycle=1476 time=9.977787e-01 dt=6.749676e-04
elapsed=7.858269e+02 cycle=1477 time=9.984537e-01 dt=6.749660e-04
elapsed=7.863748e+02 cycle=1478 time=9.991286e-01 dt=6.749643e-04
elapsed=7.869077e+02 cycle=1479 time=9.998036e-01 dt=6.749627e-04
elapsed=7.882010e+02 cycle=1480 time=1.000479e+00 dt=6.749611e-04
elapsed=7.887229e+02 cycle=1481 time=1.001154e+00 dt=6.749595e-04
elapsed=7.892446e+02 cycle=1482 time=1.001828e+00 dt=6.749579e-04
elapsed=7.897690e+02 cycle=1483 time=1.002503e+00 dt=6.749563e-04
elapsed=7.903110e+02 cycle=1484 time=1.003178e+00 dt=6.749547e-04
elapsed=7.908494e+02 cycle=1485 time=1.003853e+00 dt=6.749531e-04
elapsed=7.913948e+02 cycle=1486 time=1.004528e+00 dt=6.749514e-04
elapsed=7.919246e+02 cycle=1487 time=1.005203e+00 dt=6.749498e-04
elapsed=7.924424e+02 cycle=1488 time=1.005878e+00 dt=6.749482e-04
elapsed=7.929639e+02 cycle=1489 time=1.006553e+00 dt=6.749466e-04
elapsed=7.934857e+02 cycle=1490 time=1.007228e+00 dt=6.749450e-04
elapsed=7.940324e+02 cycle=1491 time=1.007903e+00 dt=6.749434e-04
elapsed=7.945646e+02 cycle=1492 time=1.008578e+00 dt=6.749418e-04
elapsed=7.951037e+02 cycle=1493 time=1.009253e+00 dt=6.749401e-04
elapsed=7.956406e+02 cycle=1494 time=1.009928e+00 dt=6.749385e-04
elapsed=7.961658e+02 cycle=1495 time=1.010603e+00 dt=6.749369e-04
elapsed=7.966917e+02 cycle=1496 time=1.011278e+00 dt=6.749353e-04
elapsed=7.972134e+02 cycle=1497 time=1.011953e+00 dt=6.749337e-04
elapsed=7.977340e+02 cycle=1498 time=1.012628e+00 dt=6.749321e-04
elapsed=7.982691e+02 cycle=1499 time=1.013303e+00 dt=6.749305e-04
elapsed=7.988066e+02 cycle=1500 time=1.013977e+00 dt=6.749288e-04
elapsed=7.993451e+02 cycle=1501 time=1.014652e+00 dt=6.749272e-04
elapsed=7.998826e+02 cycle=1502 time=1.015327e+00 dt=6.749256e-04
elapsed=8.004331e+02 cycle=1503 time=1.016002e+00 dt=6.749240e-04
elapsed=8.009531e+02 cycle=1504 time=1.016677e+00 dt=6.749224e-04
elapsed=8.014713e+02 cycle=1505 time=1.017352e+00 dt=6.749208e-04
elapsed=8.019922e+02 cycle=1506 time=1.018027e+00 dt=6.749191e-04
elapsed=8.025328e+02 cycle=1507 time=1.018702e+00 dt=6.749175e-04
elapsed=8.030613e+02 cycle=1508 time=1.019377e+00 dt=6.749159e-04
elapsed=8.035921e+02 cycle=1509 time=1.020052e+00 dt=6.749143e-04
elapsed=8.041354e+02 cycle=1510 time=1.020727e+00 dt=6.749127e-04
elapsed=8.046556e+02 cycle=1511 time=1.021402e+00 dt=6.749111e-04
elapsed=8.051718e+02 cycle=1512 time=1.022077e+00 dt=6.749095e-04
elapsed=8.056881e+02 cycle=1513 time=1.022751e+00 dt=6.749078e-04
elapsed=8.062054e+02 cycle=1514 time=1.023426e+00 dt=6.749062e-04
elapsed=8.067711e+02 cycle=1515 time=1.024101e+00 dt=6.749046e-04
elapsed=8.073003e+02 cycle=1516 time=1.024776e+00 dt=6.749030e-04
elapsed=8.078530e+02 cycle=1517 time=1.025451e+00 dt=6.749014e-04
elapsed=8.083953e+02 cycle=1518 time=1.026126e+00 dt=6.748998e-04
elapsed=8.089127e+02 cycle=1519 time=1.026801e+00 dt=6.748981e-04
elapsed=8.094338e+02 cycle=1520 time=1.027476e+00 dt=6.748965e-04
elapsed=8.099501e+02 cycle=1521 time=1.028151e+00 dt=6.748949e-04
elapsed=8.104713e+02 cycle=1522 time=1.028826e+00 dt=6.748933e-04
elapsed=8.110070e+02 cycle=1523 time=1.029500e+00 dt=6.748917e-04
elapsed=8.115556e+02 cycle=1524 time=1.030175e+00 dt=6.748900e-04
elapsed=8.120877e+02 cycle=1525 time=1.030850e+00 dt=6.748884e-04
elapsed=8.126214e+02 cycle=1526 time=1.031525e+00 dt=6.748868e-04
elapsed=8.131381e+02 cycle=1527 time=1.032200e+00 dt=6.748852e-04
elapsed=8.136548e+02 cycle=1528 time=1.032875e+00 dt=6.748836e-04
elapsed=8.141712e+02 cycle=1529 time=1.033550e+00 dt=6.748820e-04
elapsed=8.146966e+02 cycle=1530 time=1.034225e+00 dt=6.748803e-04
elapsed=8.152429e+02 cycle=1531 time=1.034900e+00 dt=6.748787e-04
elapsed=8.157851e+02 cycle=1532 time=1.035574e+00 dt=6.748771e-04
elapsed=8.163293e+02 cycle=1533 time=1.036249e+00 dt=6.748755e-04
elapsed=8.168734e+02 cycle=1534 time=1.036924e+00 dt=6.748739e-04
elapsed=8.173898e+02 cycle=1535 time=1.037599e+00 dt=6.748722e-04
elapsed=8.179067e+02 cycle=1536 time=1.038274e+00 dt=6.748706e-04
elapsed=8.184224e+02 cycle=1537 time=1.038949e+00 dt=6.748690e-04
elapsed=8.189493e+02 cycle=1538 time=1.039624e+00 dt=6.748674e-04
elapsed=8.194787e+02 cycle=1539 time=1.040299e+00 dt=6.748658e-04
elapsed=8.200134e+02 cycle=1540 time=1.040973e+00 dt=6.748641e-04
elapsed=8.205489e+02 cycle=1541 time=1.041648e+00 dt=6.748625e-04
elapsed=8.210709e+02 cycle=1542 time=1.042323e+00 dt=6.748609e-04
elapsed=8.215889e+02 cycle=1543 time=1.042998e+00 dt=6.748593e-04
elapsed=8.221049e+02 cycle=1544 time=1.043673e+00 dt=6.748577e-04
elapsed=8.226223e+02 cycle=1545 time=1.044348e+00 dt=6.748560e-04
elapsed=8.231528e+02 cycle=1546 time=1.045023e+00 dt=6.748544e-04
elapsed=8.236803e+02 cycle=1547 time=1.045697e+00 dt=6.748528e-04
elapsed=8.242111e+02 cycle=1548 time=1.046372e+00 dt=6.748512e-04
elapsed=8.247377e+02 cycle=1549 time=1.047047e+00 dt=6.748496e-04
elapsed=8.252647e+02 cycle=1550 time=1.047722e+00 dt=6.748479e-04
elapsed=8.257833e+02 cycle=1551 time=1.048397e+00 dt=6.748463e-04
elapsed=8.262998e+02 cycle=1552 time=1.049072e+00 dt=6.748447e-04
elapsed=8.268204e+02 cycle=1553 time=1.049746e+00 dt=6.748431e-04
elapsed=8.273610e+02 cycle=1554 time=1.050421e+00 dt=6.748415e-04
elapsed=8.278960e+02 cycle=1555 time=1.051096e+00 dt=6.748398e-04
elapsed=8.284239e+02 cycle=1556 time=1.051771e+00 dt=6.748382e-04
elapsed=8.289757e+02 cycle=1557 time=1.052446e+00 dt=6.748366e-04
elapsed=8.295043e+02 cycle=1558 time=1.053121e+00 dt=6.748350e-04
elapsed=8.300231e+02 cycle=1559 time=1.053796e+00 dt=6.748333e-04
elapsed=8.305425e+02 cycle=1560 time=1.054470e+00 dt=6.748317e-04
elapsed=8.310622e+02 cycle=1561 time=1.055145e+00 dt=6.748301e-04
elapsed=8.315977e+02 cycle=1562 time=1.055820e+00 dt=6.748285e-04
elapsed=8.321356e+02 cycle=1563 time=1.056495e+00 dt=6.748269e-04
elapsed=8.326875e+02 cycle=1564 time=1.057170e+00 dt=6.748252e-04
elapsed=8.332243e+02 cycle=1565 time=1.057844e+00 dt=6.748236e-04
elapsed=8.337519e+02 cycle=1566 time=1.058519e+00 dt=6.748220e-04
elapsed=8.342744e+02 cycle=1567 time=1.059194e+00 dt=6.748204e-04
elapsed=8.347965e+02 cycle=1568 time=1.059869e+00 dt=6.748187e-04
elapsed=8.353170e+02 cycle=1569 time=1.060544e+00 dt=6.748171e-04
elapsed=8.358430e+02 cycle=1570 time=1.061219e+00 dt=6.748155e-04
elapsed=8.363743e+02 cycle=1571 time=1.061893e+00 dt=6.748139e-04
elapsed=8.369204e+02 cycle=1572 time=1.062568e+00 dt=6.748122e-04
elapsed=8.374548e+02 cycle=1573 time=1.063243e+00 dt=6.748106e-04
elapsed=8.379913e+02 cycle=1574 time=1.063918e+00 dt=6.748090e-04
elapsed=8.385103e+02 cycle=1575 time=1.064593e+00 dt=6.748074e-04
elapsed=8.390309e+02 cycle=1576 time=1.065267e+00 dt=6.748057e-04
elapsed=8.395481e+02 cycle=1577 time=1.065942e+00 dt=6.748041e-04
elapsed=8.400952e+02 cycle=1578 time=1.066617e+00 dt=6.748025e-04
elapsed=8.406467e+02 cycle=1579 time=1.067292e+00 dt=6.748009e-04
elapsed=8.411981e+02 cycle=1580 time=1.067967e+00 dt=6.747993e-04
elapsed=8.417533e+02 cycle=1581 time=1.068641e+00 dt=6.747976e-04
elapsed=8.422767e+02 cycle=1582 time=1.069316e+00 dt=6.747960e-04
elapsed=8.427984e+02 cycle=1583 time=1.069991e+00 dt=6.747944e-04
elapsed=8.433212e+02 cycle=1584 time=1.070666e+00 dt=6.747928e-04
elapsed=8.438412e+02 cycle=1585 time=1.071341e+00 dt=6.747911e-04
elapsed=8.443825e+02 cycle=1586 time=1.072015e+00 dt=6.747895e-04
elapsed=8.449195e+02 cycle=1587 time=1.072690e+00 dt=6.747879e-04
elapsed=8.454899e+02 cycle=1588 time=1.073365e+00 dt=6.747862e-04
elapsed=8.460313e+02 cycle=1589 time=1.074040e+00 dt=6.747846e-04
elapsed=8.465614e+02 cycle=1590 time=1.074715e+00 dt=6.747830e-04
elapsed=8.470830e+02 cycle=1591 time=1.075389e+00 dt=6.747814e-04
elapsed=8.476015e+02 cycle=1592 time=1.076064e+00 dt=6.747797e-04
elapsed=8.481270e+02 cycle=1593 time=1.076739e+00 dt=6.747781e-04
elapsed=8.486635e+02 cycle=1594 time=1.077414e+00 dt=6.747765e-04
elapsed=8.492003e+02 cycle=1595 time=1.078088e+00 dt=6.747749e-04
elapsed=8.497440e+02 cycle=1596 time=1.078763e+00 dt=6.747732e-04
elapsed=8.502915e+02 cycle=1597 time=1.079438e+00 dt=6.747716e-04
elapsed=8.508151e+02 cycle=1598 time=1.080113e+00 dt=6.747700e-04
elapsed=8.513355e+02 cycle=1599 time=1.080788e+00 dt=6.747684e-04
elapsed=8.518686e+02 cycle=1600 time=1.081462e+00 dt=6.747667e-04
elapsed=8.523875e+02 cycle=1601 time=1.082137e+00 dt=6.747651e-04
elapsed=8.529409e+02 cycle=1602 time=1.082812e+00 dt=6.747635e-04
elapsed=8.534672e+02 cycle=1603 time=1.083487e+00 dt=6.747618e-04
elapsed=8.540088e+02 cycle=1604 time=1.084161e+00 dt=6.747602e-04
elapsed=8.545470e+02 cycle=1605 time=1.084836e+00 dt=6.747586e-04
elapsed=8.550688e+02 cycle=1606 time=1.085511e+00 dt=6.747570e-04
elapsed=8.555853e+02 cycle=1607 time=1.086186e+00 dt=6.747553e-04
elapsed=8.561011e+02 cycle=1608 time=1.086860e+00 dt=6.747537e-04
elapsed=8.566246e+02 cycle=1609 time=1.087535e+00 dt=6.747521e-04
elapsed=8.571642e+02 cycle=1610 time=1.088210e+00 dt=6.747504e-04
elapsed=8.577010e+02 cycle=1611 time=1.088885e+00 dt=6.747488e-04
elapsed=8.582299e+02 cycle=1612 time=1.089559e+00 dt=6.747472e-04
elapsed=8.587743e+02 cycle=1613 time=1.090234e+00 dt=6.747456e-04
elapsed=8.592921e+02 cycle=1614 time=1.090909e+00 dt=6.747439e-04
elapsed=8.598084e+02 cycle=1615 time=1.091584e+00 dt=6.747423e-04
elapsed=8.603244e+02 cycle=1616 time=1.092258e+00 dt=6.747407e-04
elapsed=8.608494e+02 cycle=1617 time=1.092933e+00 dt=6.747390e-04
elapsed=8.613915e+02 cycle=1618 time=1.093608e+00 dt=6.747374e-04
elapsed=8.619232e+02 cycle=1619 time=1.094283e+00 dt=6.747358e-04
elapsed=8.624505e+02 cycle=1620 time=1.094957e+00 dt=6.747341e-04
elapsed=8.629945e+02 cycle=1621 time=1.095632e+00 dt=6.747325e-04
elapsed=8.635111e+02 cycle=1622 time=1.096307e+00 dt=6.747309e-04
elapsed=8.640274e+02 cycle=1623 time=1.096982e+00 dt=6.747293e-04
elapsed=8.645440e+02 cycle=1624 time=1.097656e+00 dt=6.747276e-04
elapsed=8.650769e+02 cycle=1625 time=1.098331e+00 dt=6.747260e-04
elapsed=8.656119e+02 cycle=1626 time=1.099006e+00 dt=6.747244e-04
elapsed=8.661404e+02 cycle=1627 time=1.099680e+00 dt=6.747227e-04
elapsed=8.666938e+02 cycle=1628 time=1.100355e+00 dt=6.747211e-04
elapsed=8.672349e+02 cycle=1629 time=1.101030e+00 dt=6.747195e-04
elapsed=8.677729e+02 cycle=1630 time=1.101705e+00 dt=6.747178e-04
elapsed=8.682899e+02 cycle=1631 time=1.102379e+00 dt=6.747162e-04
elapsed=8.688061e+02 cycle=1632 time=1.103054e+00 dt=6.747146e-04
elapsed=8.693313e+02 cycle=1633 time=1.103729e+00 dt=6.747129e-04
elapsed=8.698556e+02 cycle=1634 time=1.104404e+00 dt=6.747113e-04
elapsed=8.703951e+02 cycle=1635 time=1.105078e+00 dt=6.747097e-04
elapsed=8.709280e+02 cycle=1636 time=1.105753e+00 dt=6.747080e-04
elapsed=8.714581e+02 cycle=1637 time=1.106428e+00 dt=6.747064e-04
elapsed=8.719772e+02 cycle=1638 time=1.107102e+00 dt=6.747048e-04
elapsed=8.724934e+02 cycle=1639 time=1.107777e+00 dt=6.747031e-04
elapsed=8.730094e+02 cycle=1640 time=1.108452e+00 dt=6.747015e-04
elapsed=8.735408e+02 cycle=1641 time=1.109126e+00 dt=6.746999e-04
elapsed=8.740772e+02 cycle=1642 time=1.109801e+00 dt=6.746982e-04
elapsed=8.746071e+02 cycle=1643 time=1.110476e+00 dt=6.746966e-04
elapsed=8.751571e+02 cycle=1644 time=1.111151e+00 dt=6.746950e-04
elapsed=8.756950e+02 cycle=1645 time=1.111825e+00 dt=6.746933e-04
elapsed=8.762142e+02 cycle=1646 time=1.112500e+00 dt=6.746917e-04
elapsed=8.767303e+02 cycle=1647 time=1.113175e+00 dt=6.746901e-04
elapsed=8.772461e+02 cycle=1648 time=1.113849e+00 dt=6.746884e-04
elapsed=8.777756e+02 cycle=1649 time=1.114524e+00 dt=6.746868e-04
elapsed=8.783013e+02 cycle=1650 time=1.115199e+00 dt=6.746852e-04
elapsed=8.788357e+02 cycle=1651 time=1.115873e+00 dt=6.746835e-04
elapsed=8.793706e+02 cycle=1652 time=1.116548e+00 dt=6.746819e-04
elapsed=8.798937e+02 cycle=1653 time=1.117223e+00 dt=6.746803e-04
elapsed=8.804167e+02 cycle=1654 time=1.117897e+00 dt=6.746786e-04
elapsed=8.809394e+02 cycle=1655 time=1.118572e+00 dt=6.746770e-04
elapsed=8.814606e+02 cycle=1656 time=1.119247e+00 dt=6.746754e-04
elapsed=8.819855e+02 cycle=1657 time=1.119921e+00 dt=6.746737e-04
elapsed=8.825318e+02 cycle=1658 time=1.120596e+00 dt=6.746721e-04
elapsed=8.830910e+02 cycle=1659 time=1.121271e+00 dt=6.746705e-04
elapsed=8.836303e+02 cycle=1660 time=1.121945e+00 dt=6.746688e-04
elapsed=8.841635e+02 cycle=1661 time=1.122620e+00 dt=6.746672e-04
elapsed=8.846830e+02 cycle=1662 time=1.123295e+00 dt=6.746655e-04
elapsed=8.852053e+02 cycle=1663 time=1.123969e+00 dt=6.746639e-04
elapsed=8.857244e+02 cycle=1664 time=1.124644e+00 dt=6.746623e-04
elapsed=8.862674e+02 cycle=1665 time=1.125319e+00 dt=6.746606e-04
elapsed=8.868025e+02 cycle=1666 time=1.125993e+00 dt=6.746590e-04
elapsed=8.873286e+02 cycle=1667 time=1.126668e+00 dt=6.746574e-04
elapsed=8.878677e+02 cycle=1668 time=1.127343e+00 dt=6.746557e-04
elapsed=8.883908e+02 cycle=1669 time=1.128017e+00 dt=6.746541e-04
elapsed=8.889140e+02 cycle=1670 time=1.128692e+00 dt=6.746524e-04
elapsed=8.894334e+02 cycle=1671 time=1.129367e+00 dt=6.746508e-04
elapsed=8.899528e+02 cycle=1672 time=1.130041e+00 dt=6.746492e-04
elapsed=8.905113e+02 cycle=1673 time=1.130716e+00 dt=6.746475e-04
elapsed=8.910461e+02 cycle=1674 time=1.131391e+00 dt=6.746459e-04
elapsed=8.915955e+02 cycle=1675 time=1.132065e+00 dt=6.746443e-04
elapsed=8.921419e+02 cycle=1676 time=1.132740e+00 dt=6.746426e-04
elapsed=8.926674e+02 cycle=1677 time=1.133415e+00 dt=6.746410e-04
elapsed=8.931876e+02 cycle=1678 time=1.134089e+00 dt=6.746393e-04
elapsed=8.937072e+02 cycle=1679 time=1.134764e+00 dt=6.746377e-04
elapsed=8.942287e+02 cycle=1680 time=1.135439e+00 dt=6.746361e-04
elapsed=8.947758e+02 cycle=1681 time=1.136113e+00 dt=6.746344e-04
elapsed=8.953299e+02 cycle=1682 time=1.136788e+00 dt=6.746328e-04
elapsed=8.958821e+02 cycle=1683 time=1.137462e+00 dt=6.746311e-04
elapsed=8.964352e+02 cycle=1684 time=1.138137e+00 dt=6.746295e-04
elapsed=8.969751e+02 cycle=1685 time=1.138812e+00 dt=6.746279e-04
elapsed=8.974954e+02 cycle=1686 time=1.139486e+00 dt=6.746262e-04
elapsed=8.980213e+02 cycle=1687 time=1.140161e+00 dt=6.746246e-04
elapsed=8.985490e+02 cycle=1688 time=1.140836e+00 dt=6.746229e-04
elapsed=8.990803e+02 cycle=1689 time=1.141510e+00 dt=6.746213e-04
elapsed=8.996044e+02 cycle=1690 time=1.142185e+00 dt=6.746197e-04
PC-GH one puncture: t=1.142859e+00 max(GH,ADM,red,alg)=(1.370947e-03,5.208191e-03,1.330107e-01,6.018120e-10) min(A,chi,SPD)=(4.898610e-05,2.288939e-09,9.856738e-01)
elapsed=9.012338e+02 cycle=1691 time=1.142859e+00 dt=6.746180e-04

Terminating on wall clock limit
time=1.142859e+00 cycle=1691
tlim=6.000000e+00 nlim=-1

MeshBlock-cycles = 771096
cpu time used  = 9.001154e+02
zone-cycles/cpu_second = 4.386117e+05
particle-updates/cpu_second = 0.000000e+00
