[  0%] Building CXX object kokkos/simd/src/CMakeFiles/kokkossimd.dir/Kokkos_SIMD_dummy.cpp.o
[ 10%] Building CXX object kokkos/core/src/CMakeFiles/kokkoscore.dir/SYCL/Kokkos_SYCL_Space.cpp.o
[ 10%] Building CXX object kokkos/core/src/CMakeFiles/kokkoscore.dir/SYCL/Kokkos_SYCL_Instance.cpp.o
[  1%] Building CXX object kokkos/core/src/CMakeFiles/kokkoscore.dir/impl/Kokkos_Command_Line_Parsing.cpp.o
[ 10%] Building CXX object kokkos/core/src/CMakeFiles/kokkoscore.dir/__/__/tpls/desul/src/Lock_Array_SYCL.cpp.o
[  1%] Building CXX object kokkos/core/src/CMakeFiles/kokkoscore.dir/impl/Kokkos_Error.cpp.o
[ 10%] Building CXX object kokkos/core/src/CMakeFiles/kokkoscore.dir/Serial/Kokkos_Serial_Task.cpp.o
[  6%] Building CXX object kokkos/core/src/CMakeFiles/kokkoscore.dir/impl/Kokkos_SharedAlloc.cpp.o
[  2%] Building CXX object kokkos/core/src/CMakeFiles/kokkoscore.dir/impl/Kokkos_HostBarrier.cpp.o
[  6%] Building CXX object kokkos/core/src/CMakeFiles/kokkoscore.dir/impl/Kokkos_HostThreadTeam.cpp.o
[  6%] Building CXX object kokkos/core/src/CMakeFiles/kokkoscore.dir/impl/Kokkos_HostSpace.cpp.o
[ 10%] Building CXX object kokkos/core/src/CMakeFiles/kokkoscore.dir/impl/Kokkos_Stacktrace.cpp.o
[ 10%] Building CXX object kokkos/core/src/CMakeFiles/kokkoscore.dir/SYCL/Kokkos_SYCL.cpp.o
[ 10%] Building CXX object kokkos/core/src/CMakeFiles/kokkoscore.dir/Serial/Kokkos_Serial.cpp.o
[  6%] Building CXX object kokkos/core/src/CMakeFiles/kokkoscore.dir/impl/Kokkos_Profiling.cpp.o
[  6%] Building CXX object kokkos/core/src/CMakeFiles/kokkoscore.dir/impl/Kokkos_ExecPolicy.cpp.o
[  1%] Building CXX object kokkos/core/src/CMakeFiles/kokkoscore.dir/impl/Kokkos_CPUDiscovery.cpp.o
[  6%] Building CXX object kokkos/core/src/CMakeFiles/kokkoscore.dir/impl/Kokkos_MemoryPool.cpp.o
[  6%] Building CXX object kokkos/core/src/CMakeFiles/kokkoscore.dir/impl/Kokkos_HostSpace_deepcopy.cpp.o
[  6%] Building CXX object kokkos/core/src/CMakeFiles/kokkoscore.dir/impl/Kokkos_hwloc.cpp.o
[  1%] Building CXX object kokkos/core/src/CMakeFiles/kokkoscore.dir/impl/Kokkos_Abort.cpp.o
[  2%] Building CXX object kokkos/core/src/CMakeFiles/kokkoscore.dir/impl/Kokkos_Core.cpp.o
[ 12%] Linking CXX static library libkokkossimd.a
[ 12%] Built target kokkossimd
Compilation from IR - skipping loading of FCL
Build succeeded.
Compilation from IR - skipping loading of FCL
Build succeeded.
Compilation from IR - skipping loading of FCL
Build succeeded.
Compilation from IR - skipping loading of FCL
Build succeeded.
Compilation from IR - skipping loading of FCL
Build succeeded.
Compilation from IR - skipping loading of FCL
Build succeeded.
Compilation from IR - skipping loading of FCL
Build succeeded.
Compilation from IR - skipping loading of FCL
Build succeeded.
Compilation from IR - skipping loading of FCL
Build succeeded.
Compilation from IR - skipping loading of FCL
Build succeeded.
Compilation from IR - skipping loading of FCL
Build succeeded.
Compilation from IR - skipping loading of FCL
Build succeeded.
Compilation from IR - skipping loading of FCL
Build succeeded.
Compilation from IR - skipping loading of FCL
Build succeeded.
Compilation from IR - skipping loading of FCL
Build succeeded.
Compilation from IR - skipping loading of FCL
Build succeeded.
Compilation from IR - skipping loading of FCL
Build succeeded.
Compilation from IR - skipping loading of FCL
Build succeeded.
Compilation from IR - skipping loading of FCL
Build succeeded.
Compilation from IR - skipping loading of FCL
Build succeeded.
Compilation from IR - skipping loading of FCL
Build succeeded.
[ 13%] Linking CXX static library libkokkoscore.a
[ 13%] Built target kokkoscore
[ 13%] Building CXX object kokkos/containers/src/CMakeFiles/kokkoscontainers.dir/impl/Kokkos_UnorderedMap_impl.cpp.o
[ 13%] Building CXX object kokkos/algorithms/src/CMakeFiles/kokkosalgorithms.dir/KokkosAlgorithms_dummy.cpp.o
Compilation from IR - skipping loading of FCL
Build succeeded.
[ 14%] Linking CXX static library libkokkosalgorithms.a
[ 14%] Built target kokkosalgorithms
Compilation from IR - skipping loading of FCL
Build succeeded.
[ 14%] Linking CXX static library libkokkoscontainers.a
[ 14%] Built target kokkoscontainers
[ 14%] Building CXX object src/CMakeFiles/athena.dir/main.cpp.o
[ 14%] Building CXX object src/CMakeFiles/athena.dir/globals.cpp.o
[ 16%] Building CXX object src/CMakeFiles/athena.dir/parameter_input.cpp.o
[ 16%] Building CXX object src/CMakeFiles/athena.dir/bvals/buffs_cc.cpp.o
[ 16%] Building CXX object src/CMakeFiles/athena.dir/bvals/bvals.cpp.o
[ 16%] Building CXX object src/CMakeFiles/athena.dir/bvals/bvals_cc.cpp.o
[ 16%] Building CXX object src/CMakeFiles/athena.dir/bvals/bvals_part.cpp.o
[ 17%] Building CXX object src/CMakeFiles/athena.dir/bvals/buffs_fc.cpp.o
[ 20%] Building CXX object src/CMakeFiles/athena.dir/bvals/bvals_fc.cpp.o
[ 20%] Building CXX object src/CMakeFiles/athena.dir/bvals/flux_correct_cc.cpp.o
[ 20%] Building CXX object src/CMakeFiles/athena.dir/bvals/prolongation.cpp.o
[ 20%] Building CXX object src/CMakeFiles/athena.dir/bvals/bvals_tasks.cpp.o
[ 20%] Building CXX object src/CMakeFiles/athena.dir/bvals/physics/hydro_bcs.cpp.o
[ 20%] Building CXX object src/CMakeFiles/athena.dir/bvals/flux_correct_fc.cpp.o
[ 21%] Building CXX object src/CMakeFiles/athena.dir/bvals/prolong_prims.cpp.o
[ 21%] Building CXX object src/CMakeFiles/athena.dir/bvals/physics/radiation_bcs.cpp.o
[ 22%] Building CXX object src/CMakeFiles/athena.dir/coordinates/adm.cpp.o
[ 25%] Building CXX object src/CMakeFiles/athena.dir/coordinates/excision.cpp.o
[ 25%] Building CXX object src/CMakeFiles/athena.dir/bvals/physics/bfield_bcs.cpp.o
[ 25%] Building CXX object src/CMakeFiles/athena.dir/diffusion/conduction.cpp.o
[ 25%] Building CXX object src/CMakeFiles/athena.dir/bvals/physics/z4c_bcs.cpp.o
[ 25%] Building CXX object src/CMakeFiles/athena.dir/diffusion/viscosity.cpp.o
[ 25%] Building CXX object src/CMakeFiles/athena.dir/driver/driver.cpp.o
[ 25%] Building CXX object src/CMakeFiles/athena.dir/coordinates/coordinates.cpp.o
[ 25%] Building CXX object src/CMakeFiles/athena.dir/diffusion/ambipolar.cpp.o
[ 25%] Building CXX object src/CMakeFiles/athena.dir/dyn_grmhd/dyn_grmhd_fluxes.cpp.o
[ 27%] Building CXX object src/CMakeFiles/athena.dir/eos/eos.cpp.o
[ 27%] Building CXX object src/CMakeFiles/athena.dir/eos/ideal_hyd.cpp.o
[ 27%] Building CXX object src/CMakeFiles/athena.dir/diffusion/resistivity.cpp.o
[ 29%] Building CXX object src/CMakeFiles/athena.dir/dyn_grmhd/dyn_grmhd_fofc.cpp.o
[ 29%] Building CXX object src/CMakeFiles/athena.dir/dyn_grmhd/dyn_grmhd.cpp.o
[ 31%] Building CXX object src/CMakeFiles/athena.dir/eos/isothermal_hyd.cpp.o
[ 31%] Building CXX object src/CMakeFiles/athena.dir/eos/ideal_grmhd.cpp.o
[ 31%] Building CXX object src/CMakeFiles/athena.dir/eos/ideal_mhd.cpp.o
[ 31%] Building CXX object src/CMakeFiles/athena.dir/eos/isothermal_mhd.cpp.o
[ 31%] Building CXX object src/CMakeFiles/athena.dir/eos/noop_dyngrmhd.cpp.o
[ 32%] Building CXX object src/CMakeFiles/athena.dir/eos/ideal_grhyd.cpp.o
[ 32%] Building CXX object src/CMakeFiles/athena.dir/eos/primitive-solver/eos_hybrid.cpp.o
[ 33%] Building CXX object src/CMakeFiles/athena.dir/eos/ideal_srhyd.cpp.o
[ 33%] Building CXX object src/CMakeFiles/athena.dir/eos/primitive-solver/unit_system.cpp.o
[ 33%] Building CXX object src/CMakeFiles/athena.dir/eos/ideal_srmhd.cpp.o
[ 35%] Building CXX object src/CMakeFiles/athena.dir/eos/primitive-solver/eos_compose.cpp.o
[ 36%] Building CXX object src/CMakeFiles/athena.dir/hydro/hydro.cpp.o
[ 36%] Building CXX object src/CMakeFiles/athena.dir/geodesic-grid/gauss_legendre.cpp.o
[ 36%] Building CXX object src/CMakeFiles/athena.dir/geodesic-grid/geodesic_grid.cpp.o
[ 36%] Building CXX object src/CMakeFiles/athena.dir/eos/primitive-solver/piecewise_polytrope.cpp.o
[ 39%] Building CXX object src/CMakeFiles/athena.dir/geodesic-grid/spherical_grid.cpp.o
[ 39%] Building CXX object src/CMakeFiles/athena.dir/hydro/hydro_tasks.cpp.o
[ 41%] Building CXX object src/CMakeFiles/athena.dir/hydro/hydro_newdt.cpp.o
[ 41%] Building CXX object src/CMakeFiles/athena.dir/mesh/build_tree.cpp.o
[ 41%] Building CXX object src/CMakeFiles/athena.dir/hydro/hydro_fofc.cpp.o
[ 41%] Building CXX object src/CMakeFiles/athena.dir/hydro/hydro_fluxes.cpp.o
[ 41%] Building CXX object src/CMakeFiles/athena.dir/mesh/amr_history_format.cpp.o
[ 41%] Building CXX object src/CMakeFiles/athena.dir/ion-neutral/ion-neutral.cpp.o
[ 41%] Building CXX object src/CMakeFiles/athena.dir/hydro/hydro_update.cpp.o
[ 41%] Building CXX object src/CMakeFiles/athena.dir/mesh/meshblock.cpp.o
[ 41%] Building CXX object src/CMakeFiles/athena.dir/ion-neutral/ion-neutral_tasks.cpp.o
[ 45%] Building CXX object src/CMakeFiles/athena.dir/mesh/meshblock_pack.cpp.o
[ 45%] Building CXX object src/CMakeFiles/athena.dir/mesh/mesh.cpp.o
[ 47%] Building CXX object src/CMakeFiles/athena.dir/mesh/amr_history.cpp.o
[ 47%] Building CXX object src/CMakeFiles/athena.dir/mesh/load_balance.cpp.o
[ 47%] Building CXX object src/CMakeFiles/athena.dir/mesh/meshblock_tree.cpp.o
[ 47%] Building CXX object src/CMakeFiles/athena.dir/mesh/mesh_refinement.cpp.o
[ 47%] Building CXX object src/CMakeFiles/athena.dir/mesh/refinement_criteria.cpp.o
Compilation from IR - skipping loading of FCL
Build succeeded.
[ 47%] Building CXX object src/CMakeFiles/athena.dir/mhd/mhd.cpp.o
Compilation from IR - skipping loading of FCL
Build succeeded.
Compilation from IR - skipping loading of FCL
Build succeeded.
Compilation from IR - skipping loading of FCL
Build succeeded.
Compilation from IR - skipping loading of FCL
Build succeeded.
Compilation from IR - skipping loading of FCL
Build succeeded.
Compilation from IR - skipping loading of FCL
Build succeeded.
Compilation from IR - skipping loading of FCL
Build succeeded.
Compilation from IR - skipping loading of FCL
Build succeeded.
Compilation from IR - skipping loading of FCL
Build succeeded.
Compilation from IR - skipping loading of FCL
Build succeeded.
Compilation from IR - skipping loading of FCL
Build succeeded.
Compilation from IR - skipping loading of FCL
Build succeeded.
Compilation from IR - skipping loading of FCL
Build succeeded.
Compilation from IR - skipping loading of FCL
Build succeeded.
Compilation from IR - skipping loading of FCL
Build succeeded.
Compilation from IR - skipping loading of FCL
Build succeeded.
Compilation from IR - skipping loading of FCL
Build succeeded.
Compilation from IR - skipping loading of FCL
Build succeeded.
Compilation from IR - skipping loading of FCL
Build succeeded.
Compilation from IR - skipping loading of FCL
Build succeeded.
Compilation from IR - skipping loading of FCL
Build succeeded.
Compilation from IR - skipping loading of FCL
Build succeeded.
Compilation from IR - skipping loading of FCL
Build succeeded.
Compilation from IR - skipping loading of FCL
Build succeeded.
Compilation from IR - skipping loading of FCL
Build succeeded.
Compilation from IR - skipping loading of FCL
Build succeeded.
Compilation from IR - skipping loading of FCL
Build succeeded.
Compilation from IR - skipping loading of FCL

warning: Adding 18 occurrences of additional control flow due to presence of generic address space operations
in function _ZTSZZNK6Kokkos4Impl11ParallelForIZ13par_for_outerIZN5hydro5Hydro8RKUpdateEP6DriveriEUlNS0_14SYCLTeamMemberEiiiiE_EvRKNSt7__cxx1112basic_stringIcSt11char_traitsIcESaIcEEENS_4SYCLEmiiiiiiiiiRKT_EUlS7_E_NS_10TeamPolicyIJEEESH_E18sycl_direct_launchINS0_19SYCLFunctionWrapperISL_NS0_12SYCLInternal12USMObjectMemILN4sycl3_V13usm5allocE0EEELb0EEEEENSU_5eventENSU_9multi_ptrIcLNSU_6access13address_spaceE4ELNS11_9decoratedE2EEESK_RKSZ_ENKUlRNSU_7handlerEE_clES18_EUlNSU_7nd_itemILi2EEEE_ (Enable PrintVerboseGenericControlFlowLog flag to acquire detailed log. Requires debuginfo!)

Build succeeded.
Compilation from IR - skipping loading of FCL
Build succeeded.
Compilation from IR - skipping loading of FCL
Build succeeded.
Compilation from IR - skipping loading of FCL
Build succeeded.
Compilation from IR - skipping loading of FCL
Build succeeded.
Compilation from IR - skipping loading of FCL
Build succeeded.
Compilation from IR - skipping loading of FCL
Build succeeded.
Compilation from IR - skipping loading of FCL
Build succeeded.
Compilation from IR - skipping loading of FCL
Build succeeded.
Compilation from IR - skipping loading of FCL
Build succeeded.
Compilation from IR - skipping loading of FCL
Build succeeded.
Compilation from IR - skipping loading of FCL
Build succeeded.
Compilation from IR - skipping loading of FCL
Build succeeded.
Compilation from IR - skipping loading of FCL
Build succeeded.
Compilation from IR - skipping loading of FCL
Build succeeded.
Compilation from IR - skipping loading of FCL
Build succeeded.
Compilation from IR - skipping loading of FCL
Build succeeded.
Compilation from IR - skipping loading of FCL
Build succeeded.
Compilation from IR - skipping loading of FCL
Build succeeded.
Compilation from IR - skipping loading of FCL
Build succeeded.
Compilation from IR - skipping loading of FCL
Build succeeded.
Compilation from IR - skipping loading of FCL
Build succeeded.
Compilation from IR - skipping loading of FCL
Build succeeded.
Compilation from IR - skipping loading of FCL
Build succeeded.
Compilation from IR - skipping loading of FCL
Build succeeded.
Compilation from IR - skipping loading of FCL
Build succeeded.
Compilation from IR - skipping loading of FCL
Build succeeded.
Compilation from IR - skipping loading of FCL
Build succeeded.
Compilation from IR - skipping loading of FCL
Build succeeded.
Compilation from IR - skipping loading of FCL
Build succeeded.
Compilation from IR - skipping loading of FCL
Build succeeded.
Compilation from IR - skipping loading of FCL
Build succeeded.
Compilation from IR - skipping loading of FCL

warning: Adding 62 occurrences of additional control flow due to presence of generic address space operations
in function _ZTSZZNK6Kokkos4Impl11ParallelForIZ13par_for_outerIZN9Viscosity17AddViscousFluxIsoERKNS_4ViewIPPPPPdJNS_11LayoutRightENS_18SYCLDeviceUSMSpaceEEEERK8EOS_DataR13DvceFaceFld5DIdEEUlNS0_14SYCLTeamMemberEiiiE_EvRKNSt7__cxx1112basic_stringIcSt11char_traitsIcESaIcEEENS_4SYCLEmiiiiiiiRKT_EUlSL_E_NS_10TeamPolicyIJEEESV_E18sycl_direct_launchINS0_19SYCLFunctionWrapperISZ_NS0_12SYCLInternal12USMObjectMemILN4sycl3_V13usm5allocE0EEELb0EEEEENS18_5eventENS18_9multi_ptrIcLNS18_6access13address_spaceE4ELNS1F_9decoratedE2EEESY_RKS1D_ENKUlRNS18_7handlerEE_clES1M_EUlNS18_7nd_itemILi2EEEE_ (Enable PrintVerboseGenericControlFlowLog flag to acquire detailed log. Requires debuginfo!)

warning: Adding 58 occurrences of additional control flow due to presence of generic address space operations
in function _ZTSZZNK6Kokkos4Impl11ParallelForIZ13par_for_outerIZN9Viscosity17AddViscousFluxIsoERKNS_4ViewIPPPPPdJNS_11LayoutRightENS_18SYCLDeviceUSMSpaceEEEERK8EOS_DataR13DvceFaceFld5DIdEEUlNS0_14SYCLTeamMemberEiiiE0_EvRKNSt7__cxx1112basic_stringIcSt11char_traitsIcESaIcEEENS_4SYCLEmiiiiiiiRKT_EUlSL_E_NS_10TeamPolicyIJEEESV_E18sycl_direct_launchINS0_19SYCLFunctionWrapperISZ_NS0_12SYCLInternal12USMObjectMemILN4sycl3_V13usm5allocE0EEELb0EEEEENS18_5eventENS18_9multi_ptrIcLNS18_6access13address_spaceE4ELNS1F_9decoratedE2EEESY_RKS1D_ENKUlRNS18_7handlerEE_clES1M_EUlNS18_7nd_itemILi2EEEE_ (Enable PrintVerboseGenericControlFlowLog flag to acquire detailed log. Requires debuginfo!)

warning: Adding 54 occurrences of additional control flow due to presence of generic address space operations
in function _ZTSZZNK6Kokkos4Impl11ParallelForIZ13par_for_outerIZN9Viscosity17AddViscousFluxIsoERKNS_4ViewIPPPPPdJNS_11LayoutRightENS_18SYCLDeviceUSMSpaceEEEERK8EOS_DataR13DvceFaceFld5DIdEEUlNS0_14SYCLTeamMemberEiiiE1_EvRKNSt7__cxx1112basic_stringIcSt11char_traitsIcESaIcEEENS_4SYCLEmiiiiiiiRKT_EUlSL_E_NS_10TeamPolicyIJEEESV_E18sycl_direct_launchINS0_19SYCLFunctionWrapperISZ_NS0_12SYCLInternal12USMObjectMemILN4sycl3_V13usm5allocE0EEELb0EEEEENS18_5eventENS18_9multi_ptrIcLNS18_6access13address_spaceE4ELNS1F_9decoratedE2EEESY_RKS1D_ENKUlRNS18_7handlerEE_clES1M_EUlNS18_7nd_itemILi2EEEE_ (Enable PrintVerboseGenericControlFlowLog flag to acquire detailed log. Requires debuginfo!)

Build succeeded.
Compilation from IR - skipping loading of FCL
Build succeeded.
Compilation from IR - skipping loading of FCL
Build succeeded.
Compilation from IR - skipping loading of FCL
Build succeeded.
Compilation from IR - skipping loading of FCL
Build succeeded.
Compilation from IR - skipping loading of FCL
Build succeeded.
Compilation from IR - skipping loading of FCL
Build succeeded.
Compilation from IR - skipping loading of FCL
Build succeeded.
Compilation from IR - skipping loading of FCL
Build succeeded.
Compilation from IR - skipping loading of FCL
Build succeeded.
Compilation from IR - skipping loading of FCL

warning: Adding 41 occurrences of additional control flow due to presence of generic address space operations
in function _ZTSZZNK6Kokkos4Impl11ParallelForIZ13par_for_outerIZN11Resistivity20AddEMFConstantResistERK13DvceFaceFld4DIdER13DvceEdgeFld4DIdEEUlNS0_14SYCLTeamMemberEiE_EvRKNSt7__cxx1112basic_stringIcSt11char_traitsIcESaIcEEENS_4SYCLEmiiiRKT_EUlSB_E_NS_10TeamPolicyIJEEESL_E18sycl_direct_launchINS0_19SYCLFunctionWrapperISP_NS0_12SYCLInternal12USMObjectMemILN4sycl3_V13usm5allocE0EEELb0EEEEENSY_5eventENSY_9multi_ptrIcLNSY_6access13address_spaceE4ELNS15_9decoratedE2EEESO_RKS13_ENKUlRNSY_7handlerEE_clES1C_EUlNSY_7nd_itemILi2EEEE_ (Enable PrintVerboseGenericControlFlowLog flag to acquire detailed log. Requires debuginfo!)

warning: Adding 44 occurrences of additional control flow due to presence of generic address space operations
in function _ZTSZZNK6Kokkos4Impl11ParallelForIZ13par_for_outerIZN11Resistivity20AddEMFConstantResistERK13DvceFaceFld4DIdER13DvceEdgeFld4DIdEEUlNS0_14SYCLTeamMemberEiiE_EvRKNSt7__cxx1112basic_stringIcSt11char_traitsIcESaIcEEENS_4SYCLEmiiiiiRKT_EUlSB_E_NS_10TeamPolicyIJEEESL_E18sycl_direct_launchINS0_19SYCLFunctionWrapperISP_NS0_12SYCLInternal12USMObjectMemILN4sycl3_V13usm5allocE0EEELb0EEEEENSY_5eventENSY_9multi_ptrIcLNSY_6access13address_spaceE4ELNS15_9decoratedE2EEESO_RKS13_ENKUlRNSY_7handlerEE_clES1C_EUlNSY_7nd_itemILi2EEEE_ (Enable PrintVerboseGenericControlFlowLog flag to acquire detailed log. Requires debuginfo!)

warning: Adding 38 occurrences of additional control flow due to presence of generic address space operations
in function _ZTSZZNK6Kokkos4Impl11ParallelForIZ13par_for_outerIZN11Resistivity20AddEMFConstantResistERK13DvceFaceFld4DIdER13DvceEdgeFld4DIdEEUlNS0_14SYCLTeamMemberEiiiE_EvRKNSt7__cxx1112basic_stringIcSt11char_traitsIcESaIcEEENS_4SYCLEmiiiiiiiRKT_EUlSB_E_NS_10TeamPolicyIJEEESL_E18sycl_direct_launchINS0_19SYCLFunctionWrapperISP_NS0_12SYCLInternal12USMObjectMemILN4sycl3_V13usm5allocE0EEELb0EEEEENSY_5eventENSY_9multi_ptrIcLNSY_6access13address_spaceE4ELNS15_9decoratedE2EEESO_RKS13_ENKUlRNSY_7handlerEE_clES1C_EUlNSY_7nd_itemILi2EEEE_ (Enable PrintVerboseGenericControlFlowLog flag to acquire detailed log. Requires debuginfo!)

Build succeeded.
Compilation from IR - skipping loading of FCL
Build succeeded.
Compilation from IR - skipping loading of FCL
Build succeeded.
Compilation from IR - skipping loading of FCL
Build succeeded.
Compilation from IR - skipping loading of FCL
Build succeeded.
Compilation from IR - skipping loading of FCL
Build succeeded.
Compilation from IR - skipping loading of FCL
Build succeeded.
Compilation from IR - skipping loading of FCL
Build succeeded.
Compilation from IR - skipping loading of FCL
Build succeeded.
Compilation from IR - skipping loading of FCL
Build succeeded.
Compilation from IR - skipping loading of FCL
Build succeeded.
Compilation from IR - skipping loading of FCL
Build succeeded.
Compilation from IR - skipping loading of FCL
Build succeeded.
Compilation from IR - skipping loading of FCL
Build succeeded.
Compilation from IR - skipping loading of FCL
Build succeeded.
Compilation from IR - skipping loading of FCL
Build succeeded.
Compilation from IR - skipping loading of FCL
Build succeeded.
Compilation from IR - skipping loading of FCL
Build succeeded.
Compilation from IR - skipping loading of FCL
Build succeeded.
Compilation from IR - skipping loading of FCL
Build succeeded.
Compilation from IR - skipping loading of FCL
Build succeeded.
Compilation from IR - skipping loading of FCL
Build succeeded.
Compilation from IR - skipping loading of FCL
Build succeeded.
Compilation from IR - skipping loading of FCL
Build succeeded.
Compilation from IR - skipping loading of FCL
Build succeeded.
Compilation from IR - skipping loading of FCL
Build succeeded.
Compilation from IR - skipping loading of FCL
Build succeeded.
Compilation from IR - skipping loading of FCL

warning: kernel _ZTSN6Kokkos4Impl42FunctorWrapperRangePolicyParallelForCustomINS0_19SYCLFunctionWrapperIZ7par_forIZN12IdealGRHydro10PrimToConsERKNS_4ViewIPPPPPdJNS_11LayoutRightENS_18SYCLDeviceUSMSpaceEEEERSD_iiiiiiEUliiiiE_EvRKNSt7__cxx1112basic_stringIcSt11char_traitsIcESaIcEEENS_4SYCLERKiSS_SS_SS_SS_SS_SS_SS_RKT_EUlSS_E_NS0_12SYCLInternal12USMObjectMemILN4sycl3_V13usm5allocE0EEELb0EEENS_11RangePolicyIJEEEEE  compiled SIMD32 allocated 128 regs and spilled around 2

warning: [RetryManager] Start recompilation of the kernel
in kernel: 'typeinfo name for sycl::_V1::event Kokkos::Impl::ParallelReduce<Kokkos::Impl::CombinedFunctorReducer<Kokkos::Impl::CombinedReductionFunctorWrapper<IdealGRHydro::ConsToPrim(Kokkos::View<double*****, Kokkos::LayoutRight, Kokkos::SYCLDeviceUSMSpace>&, Kokkos::View<double*****, Kokkos::LayoutRight, Kokkos::SYCLDeviceUSMSpace>&, bool, int, int, int, int, int, int)::'lambda'(int const&, int&, int&, int&, int&, int&), Kokkos::HostSpace, Kokkos::Sum<int, Kokkos::HostSpace>, Kokkos::Sum<int, Kokkos::HostSpace>, Kokkos::Sum<int, Kokkos::HostSpace>, Kokkos::Sum<int, Kokkos::HostSpace>, Kokkos::Max<int, Kokkos::HostSpace>>, Kokkos::Impl::FunctorAnalysis<Kokkos::Impl::FunctorPatternInterface::REDUCE, Kokkos::RangePolicy<>, Kokkos::Impl::CombinedReducer<Kokkos::HostSpace, Kokkos::Sum<int, Kokkos::HostSpace>, Kokkos::Sum<int, Kokkos::HostSpace>, Kokkos::Sum<int, Kokkos::HostSpace>, Kokkos::Sum<int, Kokkos::HostSpace>, Kokkos::Max<int, Kokkos::HostSpace>>, Kokkos::Impl::CombinedReducerValueImpl<std::integer_sequence<unsigned long, 0ul, 1ul, 2ul, 3ul, 4ul>, int, int, int, int, int>>::Reducer, void>, Kokkos::RangePolicy<>, Kokkos::SYCL>::sycl_direct_launch<Kokkos::RangePolicy<>, Kokkos::Impl::SYCLFunctionWrapper<Kokkos::Impl::CombinedFunctorReducer<Kokkos::Impl::CombinedReductionFunctorWrapper<IdealGRHydro::ConsToPrim(Kokkos::View<double*****, Kokkos::LayoutRight, Kokkos::SYCLDeviceUSMSpace>&, Kokkos::View<double*****, Kokkos::LayoutRight, Kokkos::SYCLDeviceUSMSpace>&, bool, int, int, int, int, int, int)::'lambda'(int const&, int&, int&, int&, int&, int&), Kokkos::HostSpace, Kokkos::Sum<int, Kokkos::HostSpace>, Kokkos::Sum<int, Kokkos::HostSpace>, Kokkos::Sum<int, Kokkos::HostSpace>, Kokkos::Sum<int, Kokkos::HostSpace>, Kokkos::Max<int, Kokkos::HostSpace>>, Kokkos::Impl::FunctorAnalysis<Kokkos::Impl::FunctorPatternInterface::REDUCE, Kokkos::RangePolicy<>, Kokkos::Impl::CombinedReducer<Kokkos::HostSpace, Kokkos::Sum<int, Kokkos::HostSpace>, Kokkos::Sum<int, Kokkos::HostSpace>, Kokkos::Sum<int, Kokkos::HostSpace>, Kokkos::Sum<int, Kokkos::HostSpace>, Kokkos::Max<int, Kokkos::HostSpace>>, Kokkos::Impl::CombinedReducerValueImpl<std::integer_sequence<unsigned long, 0ul, 1ul, 2ul, 3ul, 4ul>, int, int, int, int, int>>::Reducer, void>, Kokkos::Impl::SYCLInternal::USMObjectMem<(sycl::_V1::usm::alloc)0>, false>>(Kokkos::RangePolicy<> const&, Kokkos::Impl::SYCLFunctionWrapper<Kokkos::Impl::CombinedFunctorReducer<Kokkos::Impl::CombinedReductionFunctorWrapper<IdealGRHydro::ConsToPrim(Kokkos::View<double*****, Kokkos::LayoutRight, Kokkos::SYCLDeviceUSMSpace>&, Kokkos::View<double*****, Kokkos::LayoutRight, Kokkos::SYCLDeviceUSMSpace>&, bool, int, int, int, int, int, int)::'lambda'(int const&, int&, int&, int&, int&, int&), Kokkos::HostSpace, Kokkos::Sum<int, Kokkos::HostSpace>, Kokkos::Sum<int, Kokkos::HostSpace>, Kokkos::Sum<int, Kokkos::HostSpace>, Kokkos::Sum<int, Kokkos::HostSpace>, Kokkos::Max<int, Kokkos::HostSpace>>, Kokkos::Impl::FunctorAnalysis<Kokkos::Impl::FunctorPatternInterface::REDUCE, Kokkos::RangePolicy<>, Kokkos::Impl::CombinedReducer<Kokkos::HostSpace, Kokkos::Sum<int, Kokkos::HostSpace>, Kokkos::Sum<int, Kokkos::HostSpace>, Kokkos::Sum<int, Kokkos::HostSpace>, Kokkos::Sum<int, Kokkos::HostSpace>, Kokkos::Max<int, Kokkos::HostSpace>>, Kokkos::Impl::CombinedReducerValueImpl<std::integer_sequence<unsigned long, 0ul, 1ul, 2ul, 3ul, 4ul>, int, int, int, int, int>>::Reducer, void>, Kokkos::Impl::SYCLInternal::USMObjectMem<(sycl::_V1::usm::alloc)0>, false> const&, sycl::_V1::event const&) const::'lambda'(sycl::_V1::local_accessor<Kokkos::Impl::CombinedReducerValueImpl<std::integer_sequence<unsigned long, 0ul, 1ul, 2ul, 3ul, 4ul>, int, int, int, int, int>, 1>, sycl::_V1::local_accessor<unsigned int, 1>, sycl::_V1::multi_ptr<Kokkos::Impl::CombinedReducerValueImpl<std::integer_sequence<unsigned long, 0ul, 1ul, 2ul, 3ul, 4ul>, int, int, int, int, int>, (sycl::_V1::access::address_space)4, (sycl::_V1::access::decorated)2>, int)::operator()(sycl::_V1::local_accessor<Kokkos::Impl::CombinedReducerValueImpl<std::integer_sequence<unsigned long, 0ul, 1ul, 2ul, 3ul, 4ul>, int, int, int, int, int>, 1>, sycl::_V1::local_accessor<unsigned int, 1>, sycl::_V1::multi_ptr<Kokkos::Impl::CombinedReducerValueImpl<std::integer_sequence<unsigned long, 0ul, 1ul, 2ul, 3ul, 4ul>, int, int, int, int, int>, (sycl::_V1::access::address_space)4, (sycl::_V1::access::decorated)2>, int) const::'lambda'(sycl::_V1::nd_item<1>)'

Build succeeded.
Compilation from IR - skipping loading of FCL

warning: [RetryManager] Start recompilation of the kernel
in kernel: 'typeinfo name for sycl::_V1::event Kokkos::Impl::ParallelReduce<Kokkos::Impl::CombinedFunctorReducer<Kokkos::Impl::CombinedReductionFunctorWrapper<IdealSRMHD::ConsToPrim(Kokkos::View<double*****, Kokkos::LayoutRight, Kokkos::SYCLDeviceUSMSpace>&, DvceFaceFld4D<double> const&, Kokkos::View<double*****, Kokkos::LayoutRight, Kokkos::SYCLDeviceUSMSpace>&, Kokkos::View<double*****, Kokkos::LayoutRight, Kokkos::SYCLDeviceUSMSpace>&, bool, int, int, int, int, int, int)::'lambda'(int const&, int&, int&, int&, int&, int&), Kokkos::HostSpace, Kokkos::Sum<int, Kokkos::HostSpace>, Kokkos::Sum<int, Kokkos::HostSpace>, Kokkos::Sum<int, Kokkos::HostSpace>, Kokkos::Sum<int, Kokkos::HostSpace>, Kokkos::Max<int, Kokkos::HostSpace>>, Kokkos::Impl::FunctorAnalysis<Kokkos::Impl::FunctorPatternInterface::REDUCE, Kokkos::RangePolicy<>, Kokkos::Impl::CombinedReducer<Kokkos::HostSpace, Kokkos::Sum<int, Kokkos::HostSpace>, Kokkos::Sum<int, Kokkos::HostSpace>, Kokkos::Sum<int, Kokkos::HostSpace>, Kokkos::Sum<int, Kokkos::HostSpace>, Kokkos::Max<int, Kokkos::HostSpace>>, Kokkos::Impl::CombinedReducerValueImpl<std::integer_sequence<unsigned long, 0ul, 1ul, 2ul, 3ul, 4ul>, int, int, int, int, int>>::Reducer, void>, Kokkos::RangePolicy<>, Kokkos::SYCL>::sycl_direct_launch<Kokkos::RangePolicy<>, Kokkos::Impl::SYCLFunctionWrapper<Kokkos::Impl::CombinedFunctorReducer<Kokkos::Impl::CombinedReductionFunctorWrapper<IdealSRMHD::ConsToPrim(Kokkos::View<double*****, Kokkos::LayoutRight, Kokkos::SYCLDeviceUSMSpace>&, DvceFaceFld4D<double> const&, Kokkos::View<double*****, Kokkos::LayoutRight, Kokkos::SYCLDeviceUSMSpace>&, Kokkos::View<double*****, Kokkos::LayoutRight, Kokkos::SYCLDeviceUSMSpace>&, bool, int, int, int, int, int, int)::'lambda'(int const&, int&, int&, int&, int&, int&), Kokkos::HostSpace, Kokkos::Sum<int, Kokkos::HostSpace>, Kokkos::Sum<int, Kokkos::HostSpace>, Kokkos::Sum<int, Kokkos::HostSpace>, Kokkos::Sum<int, Kokkos::HostSpace>, Kokkos::Max<int, Kokkos::HostSpace>>, Kokkos::Impl::FunctorAnalysis<Kokkos::Impl::FunctorPatternInterface::REDUCE, Kokkos::RangePolicy<>, Kokkos::Impl::CombinedReducer<Kokkos::HostSpace, Kokkos::Sum<int, Kokkos::HostSpace>, Kokkos::Sum<int, Kokkos::HostSpace>, Kokkos::Sum<int, Kokkos::HostSpace>, Kokkos::Sum<int, Kokkos::HostSpace>, Kokkos::Max<int, Kokkos::HostSpace>>, Kokkos::Impl::CombinedReducerValueImpl<std::integer_sequence<unsigned long, 0ul, 1ul, 2ul, 3ul, 4ul>, int, int, int, int, int>>::Reducer, void>, Kokkos::Impl::SYCLInternal::USMObjectMem<(sycl::_V1::usm::alloc)0>, false>>(Kokkos::RangePolicy<> const&, Kokkos::Impl::SYCLFunctionWrapper<Kokkos::Impl::CombinedFunctorReducer<Kokkos::Impl::CombinedReductionFunctorWrapper<IdealSRMHD::ConsToPrim(Kokkos::View<double*****, Kokkos::LayoutRight, Kokkos::SYCLDeviceUSMSpace>&, DvceFaceFld4D<double> const&, Kokkos::View<double*****, Kokkos::LayoutRight, Kokkos::SYCLDeviceUSMSpace>&, Kokkos::View<double*****, Kokkos::LayoutRight, Kokkos::SYCLDeviceUSMSpace>&, bool, int, int, int, int, int, int)::'lambda'(int const&, int&, int&, int&, int&, int&), Kokkos::HostSpace, Kokkos::Sum<int, Kokkos::HostSpace>, Kokkos::Sum<int, Kokkos::HostSpace>, Kokkos::Sum<int, Kokkos::HostSpace>, Kokkos::Sum<int, Kokkos::HostSpace>, Kokkos::Max<int, Kokkos::HostSpace>>, Kokkos::Impl::FunctorAnalysis<Kokkos::Impl::FunctorPatternInterface::REDUCE, Kokkos::RangePolicy<>, Kokkos::Impl::CombinedReducer<Kokkos::HostSpace, Kokkos::Sum<int, Kokkos::HostSpace>, Kokkos::Sum<int, Kokkos::HostSpace>, Kokkos::Sum<int, Kokkos::HostSpace>, Kokkos::Sum<int, Kokkos::HostSpace>, Kokkos::Max<int, Kokkos::HostSpace>>, Kokkos::Impl::CombinedReducerValueImpl<std::integer_sequence<unsigned long, 0ul, 1ul, 2ul, 3ul, 4ul>, int, int, int, int, int>>::Reducer, void>, Kokkos::Impl::SYCLInternal::USMObjectMem<(sycl::_V1::usm::alloc)0>, false> const&, sycl::_V1::event const&) const::'lambda'(sycl::_V1::local_accessor<Kokkos::Impl::CombinedReducerValueImpl<std::integer_sequence<unsigned long, 0ul, 1ul, 2ul, 3ul, 4ul>, int, int, int, int, int>, 1>, sycl::_V1::local_accessor<unsigned int, 1>, sycl::_V1::multi_ptr<Kokkos::Impl::CombinedReducerValueImpl<std::integer_sequence<unsigned long, 0ul, 1ul, 2ul, 3ul, 4ul>, int, int, int, int, int>, (sycl::_V1::access::address_space)4, (sycl::_V1::access::decorated)2>, int)::operator()(sycl::_V1::local_accessor<Kokkos::Impl::CombinedReducerValueImpl<std::integer_sequence<unsigned long, 0ul, 1ul, 2ul, 3ul, 4ul>, int, int, int, int, int>, 1>, sycl::_V1::local_accessor<unsigned int, 1>, sycl::_V1::multi_ptr<Kokkos::Impl::CombinedReducerValueImpl<std::integer_sequence<unsigned long, 0ul, 1ul, 2ul, 3ul, 4ul>, int, int, int, int, int>, (sycl::_V1::access::address_space)4, (sycl::_V1::access::decorated)2>, int) const::'lambda'(sycl::_V1::nd_item<1>)'

Build succeeded.
[ 48%] Building CXX object src/CMakeFiles/athena.dir/mhd/mhd_corner_e.cpp.o
Compilation from IR - skipping loading of FCL
Build succeeded.
Compilation from IR - skipping loading of FCL
Build succeeded.
[ 48%] Building CXX object src/CMakeFiles/athena.dir/mhd/mhd_ct.cpp.o
Compilation from IR - skipping loading of FCL
Build succeeded.
Compilation from IR - skipping loading of FCL
Build succeeded.
Compilation from IR - skipping loading of FCL

warning: [RetryManager] Start recompilation of the kernel
in kernel: 'typeinfo name for sycl::_V1::event Kokkos::Impl::ParallelReduce<Kokkos::Impl::CombinedFunctorReducer<Kokkos::Impl::CombinedReductionFunctorWrapper<IdealGRMHD::ConsToPrim(Kokkos::View<double*****, Kokkos::LayoutRight, Kokkos::SYCLDeviceUSMSpace>&, DvceFaceFld4D<double> const&, Kokkos::View<double*****, Kokkos::LayoutRight, Kokkos::SYCLDeviceUSMSpace>&, Kokkos::View<double*****, Kokkos::LayoutRight, Kokkos::SYCLDeviceUSMSpace>&, bool, int, int, int, int, int, int)::'lambda'(int const&, int&, int&, int&, int&, int&), Kokkos::HostSpace, Kokkos::Sum<int, Kokkos::HostSpace>, Kokkos::Sum<int, Kokkos::HostSpace>, Kokkos::Sum<int, Kokkos::HostSpace>, Kokkos::Sum<int, Kokkos::HostSpace>, Kokkos::Max<int, Kokkos::HostSpace>>, Kokkos::Impl::FunctorAnalysis<Kokkos::Impl::FunctorPatternInterface::REDUCE, Kokkos::RangePolicy<>, Kokkos::Impl::CombinedReducer<Kokkos::HostSpace, Kokkos::Sum<int, Kokkos::HostSpace>, Kokkos::Sum<int, Kokkos::HostSpace>, Kokkos::Sum<int, Kokkos::HostSpace>, Kokkos::Sum<int, Kokkos::HostSpace>, Kokkos::Max<int, Kokkos::HostSpace>>, Kokkos::Impl::CombinedReducerValueImpl<std::integer_sequence<unsigned long, 0ul, 1ul, 2ul, 3ul, 4ul>, int, int, int, int, int>>::Reducer, void>, Kokkos::RangePolicy<>, Kokkos::SYCL>::sycl_direct_launch<Kokkos::RangePolicy<>, Kokkos::Impl::SYCLFunctionWrapper<Kokkos::Impl::CombinedFunctorReducer<Kokkos::Impl::CombinedReductionFunctorWrapper<IdealGRMHD::ConsToPrim(Kokkos::View<double*****, Kokkos::LayoutRight, Kokkos::SYCLDeviceUSMSpace>&, DvceFaceFld4D<double> const&, Kokkos::View<double*****, Kokkos::LayoutRight, Kokkos::SYCLDeviceUSMSpace>&, Kokkos::View<double*****, Kokkos::LayoutRight, Kokkos::SYCLDeviceUSMSpace>&, bool, int, int, int, int, int, int)::'lambda'(int const&, int&, int&, int&, int&, int&), Kokkos::HostSpace, Kokkos::Sum<int, Kokkos::HostSpace>, Kokkos::Sum<int, Kokkos::HostSpace>, Kokkos::Sum<int, Kokkos::HostSpace>, Kokkos::Sum<int, Kokkos::HostSpace>, Kokkos::Max<int, Kokkos::HostSpace>>, Kokkos::Impl::FunctorAnalysis<Kokkos::Impl::FunctorPatternInterface::REDUCE, Kokkos::RangePolicy<>, Kokkos::Impl::CombinedReducer<Kokkos::HostSpace, Kokkos::Sum<int, Kokkos::HostSpace>, Kokkos::Sum<int, Kokkos::HostSpace>, Kokkos::Sum<int, Kokkos::HostSpace>, Kokkos::Sum<int, Kokkos::HostSpace>, Kokkos::Max<int, Kokkos::HostSpace>>, Kokkos::Impl::CombinedReducerValueImpl<std::integer_sequence<unsigned long, 0ul, 1ul, 2ul, 3ul, 4ul>, int, int, int, int, int>>::Reducer, void>, Kokkos::Impl::SYCLInternal::USMObjectMem<(sycl::_V1::usm::alloc)0>, false>>(Kokkos::RangePolicy<> const&, Kokkos::Impl::SYCLFunctionWrapper<Kokkos::Impl::CombinedFunctorReducer<Kokkos::Impl::CombinedReductionFunctorWrapper<IdealGRMHD::ConsToPrim(Kokkos::View<double*****, Kokkos::LayoutRight, Kokkos::SYCLDeviceUSMSpace>&, DvceFaceFld4D<double> const&, Kokkos::View<double*****, Kokkos::LayoutRight, Kokkos::SYCLDeviceUSMSpace>&, Kokkos::View<double*****, Kokkos::LayoutRight, Kokkos::SYCLDeviceUSMSpace>&, bool, int, int, int, int, int, int)::'lambda'(int const&, int&, int&, int&, int&, int&), Kokkos::HostSpace, Kokkos::Sum<int, Kokkos::HostSpace>, Kokkos::Sum<int, Kokkos::HostSpace>, Kokkos::Sum<int, Kokkos::HostSpace>, Kokkos::Sum<int, Kokkos::HostSpace>, Kokkos::Max<int, Kokkos::HostSpace>>, Kokkos::Impl::FunctorAnalysis<Kokkos::Impl::FunctorPatternInterface::REDUCE, Kokkos::RangePolicy<>, Kokkos::Impl::CombinedReducer<Kokkos::HostSpace, Kokkos::Sum<int, Kokkos::HostSpace>, Kokkos::Sum<int, Kokkos::HostSpace>, Kokkos::Sum<int, Kokkos::HostSpace>, Kokkos::Sum<int, Kokkos::HostSpace>, Kokkos::Max<int, Kokkos::HostSpace>>, Kokkos::Impl::CombinedReducerValueImpl<std::integer_sequence<unsigned long, 0ul, 1ul, 2ul, 3ul, 4ul>, int, int, int, int, int>>::Reducer, void>, Kokkos::Impl::SYCLInternal::USMObjectMem<(sycl::_V1::usm::alloc)0>, false> const&, sycl::_V1::event const&) const::'lambda'(sycl::_V1::local_accessor<Kokkos::Impl::CombinedReducerValueImpl<std::integer_sequence<unsigned long, 0ul, 1ul, 2ul, 3ul, 4ul>, int, int, int, int, int>, 1>, sycl::_V1::local_accessor<unsigned int, 1>, sycl::_V1::multi_ptr<Kokkos::Impl::CombinedReducerValueImpl<std::integer_sequence<unsigned long, 0ul, 1ul, 2ul, 3ul, 4ul>, int, int, int, int, int>, (sycl::_V1::access::address_space)4, (sycl::_V1::access::decorated)2>, int)::operator()(sycl::_V1::local_accessor<Kokkos::Impl::CombinedReducerValueImpl<std::integer_sequence<unsigned long, 0ul, 1ul, 2ul, 3ul, 4ul>, int, int, int, int, int>, 1>, sycl::_V1::local_accessor<unsigned int, 1>, sycl::_V1::multi_ptr<Kokkos::Impl::CombinedReducerValueImpl<std::integer_sequence<unsigned long, 0ul, 1ul, 2ul, 3ul, 4ul>, int, int, int, int, int>, (sycl::_V1::access::address_space)4, (sycl::_V1::access::decorated)2>, int) const::'lambda'(sycl::_V1::nd_item<1>)'

warning: kernel _ZTSZZNK6Kokkos4Impl14ParallelReduceINS0_22CombinedFunctorReducerINS0_31CombinedReductionFunctorWrapperIZN10IdealGRMHD10ConsToPrimERNS_4ViewIPPPPPdJNS_11LayoutRightENS_18SYCLDeviceUSMSpaceEEEERK13DvceFaceFld4DIdESE_SE_biiiiiiEUlRKiRiSL_SL_SL_SL_E_NS_9HostSpaceEJNS_3SumIiSN_EESP_SP_SP_NS_3MaxIiSN_EEEEENS0_15FunctorAnalysisINS0_23FunctorPatternInterface6REDUCEENS_11RangePolicyIJEEENS0_15CombinedReducerISN_JSP_SP_SP_SP_SR_EEENS0_24CombinedReducerValueImplISt16integer_sequenceImJLm0ELm1ELm2ELm3ELm4EEEJiiiiiEEEE7ReducerEvEESX_NS_4SYCLEE18sycl_direct_launchISX_NS0_19SYCLFunctionWrapperIS16_NS0_12SYCLInternal12USMObjectMemILN4sycl3_V13usm5allocE0EEELb0EEEEENS1E_5eventERKT_RKT0_RKS1J_ENKUlNS1E_14local_accessorIS13_Li1EEENS1S_IjLi1EEENS1E_9multi_ptrIS13_LNS1E_6access13address_spaceE4ELNS1W_9decoratedE2EEEiE_clES1T_S1U_S1Z_iEUlNS1E_7nd_itemILi1EEEE_  compiled SIMD32 allocated 256 regs and spilled around 39

Build succeeded.
[ 48%] Building CXX object src/CMakeFiles/athena.dir/mhd/mhd_fluxes.cpp.o
Compilation from IR - skipping loading of FCL
Build succeeded.
Compilation from IR - skipping loading of FCL
Build succeeded.
Compilation from IR - skipping loading of FCL
Build succeeded.
[ 50%] Building CXX object src/CMakeFiles/athena.dir/mhd/mhd_fofc.cpp.o
[ 50%] Building CXX object src/CMakeFiles/athena.dir/mhd/mhd_newdt.cpp.o
[ 51%] Building CXX object src/CMakeFiles/athena.dir/mhd/mhd_tasks.cpp.o
[ 51%] Building CXX object src/CMakeFiles/athena.dir/mhd/mhd_update.cpp.o
[ 51%] Building CXX object src/CMakeFiles/athena.dir/outputs/io_wrapper.cpp.o
[ 52%] Building CXX object src/CMakeFiles/athena.dir/outputs/outputs.cpp.o
[ 52%] Building CXX object src/CMakeFiles/athena.dir/outputs/basetype_output.cpp.o
[ 54%] Building CXX object src/CMakeFiles/athena.dir/outputs/cartgrid.cpp.o
[ 54%] Building CXX object src/CMakeFiles/athena.dir/outputs/derived_variables.cpp.o
Compilation from IR - skipping loading of FCL
Build succeeded.
Compilation from IR - skipping loading of FCL

warning: [RetryManager] Start recompilation of the kernel
in kernel: 'typeinfo name for sycl::_V1::event Kokkos::Impl::ParallelFor<MeshBoundaryValuesCC::ConsToPrimCoarseBndry(Kokkos::View<double*****, Kokkos::LayoutRight, Kokkos::SYCLDeviceUSMSpace> const&, DvceFaceFld4D<double> const&, Kokkos::View<double*****, Kokkos::LayoutRight, Kokkos::SYCLDeviceUSMSpace>&)::'lambda'(Kokkos::Impl::SYCLTeamMember), Kokkos::TeamPolicy<>, Kokkos::SYCL>::sycl_direct_launch<Kokkos::Impl::SYCLFunctionWrapper<MeshBoundaryValuesCC::ConsToPrimCoarseBndry(Kokkos::View<double*****, Kokkos::LayoutRight, Kokkos::SYCLDeviceUSMSpace> const&, DvceFaceFld4D<double> const&, Kokkos::View<double*****, Kokkos::LayoutRight, Kokkos::SYCLDeviceUSMSpace>&)::'lambda'(Kokkos::Impl::SYCLTeamMember), Kokkos::Impl::SYCLInternal::USMObjectMem<(sycl::_V1::usm::alloc)0>, true>>(sycl::_V1::multi_ptr<char, (sycl::_V1::access::address_space)4, (sycl::_V1::access::decorated)2>, Kokkos::Impl::SYCLFunctionWrapper<MeshBoundaryValuesCC::ConsToPrimCoarseBndry(Kokkos::View<double*****, Kokkos::LayoutRight, Kokkos::SYCLDeviceUSMSpace> const&, DvceFaceFld4D<double> const&, Kokkos::View<double*****, Kokkos::LayoutRight, Kokkos::SYCLDeviceUSMSpace>&)::'lambda'(Kokkos::Impl::SYCLTeamMember), Kokkos::Impl::SYCLInternal::USMObjectMem<(sycl::_V1::usm::alloc)0>, true> const&, sycl::_V1::event const&) const::'lambda'(sycl::_V1::handler&)::operator()(sycl::_V1::handler&) const::'lambda'(sycl::_V1::nd_item<2>)'

warning: kernel _ZTSZZNK6Kokkos4Impl11ParallelForIZN20MeshBoundaryValuesCC21ConsToPrimCoarseBndryERKNS_4ViewIPPPPPdJNS_11LayoutRightENS_18SYCLDeviceUSMSpaceEEEERK13DvceFaceFld4DIdERSB_EUlNS0_14SYCLTeamMemberEE_NS_10TeamPolicyIJEEENS_4SYCLEE18sycl_direct_launchINS0_19SYCLFunctionWrapperISK_NS0_12SYCLInternal12USMObjectMemILN4sycl3_V13usm5allocE0EEELb1EEEEENSU_5eventENSU_9multi_ptrIcLNSU_6access13address_spaceE4ELNS11_9decoratedE2EEERKT_RKSZ_ENKUlRNSU_7handlerEE_clES1B_EUlNSU_7nd_itemILi2EEEE_  compiled SIMD32 allocated 256 regs and spilled around 30

Build succeeded.
[ 54%] Building CXX object src/CMakeFiles/athena.dir/outputs/binary.cpp.o
Compilation from IR - skipping loading of FCL
Build succeeded.
Compilation from IR - skipping loading of FCL
Build succeeded.
[ 55%] Building CXX object src/CMakeFiles/athena.dir/outputs/eventlog.cpp.o
[ 55%] Building CXX object src/CMakeFiles/athena.dir/outputs/formatted_table.cpp.o
[ 55%] Building CXX object src/CMakeFiles/athena.dir/outputs/history.cpp.o
[ 56%] Building CXX object src/CMakeFiles/athena.dir/outputs/restart.cpp.o
[ 56%] Building CXX object src/CMakeFiles/athena.dir/outputs/spherical_surface.cpp.o
[ 58%] Building CXX object src/CMakeFiles/athena.dir/outputs/coarsened_binary.cpp.o
[ 58%] Building CXX object src/CMakeFiles/athena.dir/outputs/track_prtcl.cpp.o
[ 58%] Building CXX object src/CMakeFiles/athena.dir/outputs/vtk_mesh.cpp.o
[ 59%] Building CXX object src/CMakeFiles/athena.dir/outputs/vtk_prtcl.cpp.o
[ 59%] Building CXX object src/CMakeFiles/athena.dir/particles/particles.cpp.o
[ 59%] Building CXX object src/CMakeFiles/athena.dir/particles/particles_pushers.cpp.o
[ 60%] Building CXX object src/CMakeFiles/athena.dir/particles/particles_tasks.cpp.o
[ 60%] Building CXX object src/CMakeFiles/athena.dir/outputs/pdf.cpp.o
[ 62%] Building CXX object src/CMakeFiles/athena.dir/pgen/pgen.cpp.o
[ 62%] Building CXX object src/CMakeFiles/athena.dir/pgen/tests/advection.cpp.o
[ 62%] Building CXX object src/CMakeFiles/athena.dir/pgen/tests/cpaw.cpp.o
[ 63%] Building CXX object src/CMakeFiles/athena.dir/pgen/tests/diffusion.cpp.o
[ 63%] Building CXX object src/CMakeFiles/athena.dir/pgen/tests/cshock.cpp.o
[ 64%] Building CXX object src/CMakeFiles/athena.dir/pgen/tests/gr_bondi.cpp.o
[ 64%] Building CXX object src/CMakeFiles/athena.dir/pgen/tests/gr_monopole.cpp.o
Compilation from IR - skipping loading of FCL
Build succeeded.
Compilation from IR - skipping loading of FCL
Build succeeded.
Compilation from IR - skipping loading of FCL
Build succeeded.
[ 64%] Building CXX object src/CMakeFiles/athena.dir/pgen/tests/linear_wave.cpp.o
[ 66%] Building CXX object src/CMakeFiles/athena.dir/pgen/tests/lw_implode.cpp.o
Compilation from IR - skipping loading of FCL
Build succeeded.
Compilation from IR - skipping loading of FCL
Build succeeded.
Compilation from IR - skipping loading of FCL
Build succeeded.
[ 66%] Building CXX object src/CMakeFiles/athena.dir/pgen/tests/orszag_tang.cpp.o
[ 66%] Building CXX object src/CMakeFiles/athena.dir/pgen/tests/mri3d.cpp.o
Compilation from IR - skipping loading of FCL
Build succeeded.
Compilation from IR - skipping loading of FCL
Build succeeded.
[ 67%] Building CXX object src/CMakeFiles/athena.dir/pgen/tests/shock_tube.cpp.o
[ 67%] Building CXX object src/CMakeFiles/athena.dir/pgen/tests/shwave.cpp.o
[ 68%] Building CXX object src/CMakeFiles/athena.dir/pgen/tests/rad_beam.cpp.o
[ 68%] Building CXX object src/CMakeFiles/athena.dir/pgen/tests/rad_linear_wave.cpp.o
[ 68%] Building CXX object src/CMakeFiles/athena.dir/pgen/tests/z4c_boosted_puncture.cpp.o
Compilation from IR - skipping loading of FCL
Build succeeded.
Compilation from IR - skipping loading of FCL
Build succeeded.
[ 70%] Building CXX object src/CMakeFiles/athena.dir/pgen/tests/z4c_linear_wave.cpp.o
Compilation from IR - skipping loading of FCL
Build succeeded.
[ 70%] Building CXX object src/CMakeFiles/athena.dir/pgen/z4c/kerr_puncture.cpp.o
Compilation from IR - skipping loading of FCL
Build succeeded.
Compilation from IR - skipping loading of FCL
Build succeeded.
[ 70%] Building CXX object src/CMakeFiles/athena.dir/pgen/unit_tests/eos_compose.cpp.o
Compilation from IR - skipping loading of FCL
Build succeeded.
Compilation from IR - skipping loading of FCL
Build succeeded.
[ 71%] Building CXX object src/CMakeFiles/athena.dir/pgen/unit_tests/gauss_legendre.cpp.o
Compilation from IR - skipping loading of FCL
Build succeeded.
Compilation from IR - skipping loading of FCL

warning: Adding 18 occurrences of additional control flow due to presence of generic address space operations
in function _ZTSZZNK6Kokkos4Impl11ParallelForIZ13par_for_outerIZN3mhd3MHD8RKUpdateEP6DriveriEUlNS0_14SYCLTeamMemberEiiiiE_EvRKNSt7__cxx1112basic_stringIcSt11char_traitsIcESaIcEEENS_4SYCLEmiiiiiiiiiRKT_EUlS7_E_NS_10TeamPolicyIJEEESH_E18sycl_direct_launchINS0_19SYCLFunctionWrapperISL_NS0_12SYCLInternal12USMObjectMemILN4sycl3_V13usm5allocE0EEELb0EEEEENSU_5eventENSU_9multi_ptrIcLNSU_6access13address_spaceE4ELNS11_9decoratedE2EEESK_RKSZ_ENKUlRNSU_7handlerEE_clES18_EUlNSU_7nd_itemILi2EEEE_ (Enable PrintVerboseGenericControlFlowLog flag to acquire detailed log. Requires debuginfo!)

Build succeeded.
Compilation from IR - skipping loading of FCL
Build succeeded.
Compilation from IR - skipping loading of FCL
Build succeeded.
Compilation from IR - skipping loading of FCL
Build succeeded.
Compilation from IR - skipping loading of FCL
Build succeeded.
Compilation from IR - skipping loading of FCL
Build succeeded.
[ 71%] Building CXX object src/CMakeFiles/athena.dir/pgen/unit_tests/z4c_cartoon_derivatives.cpp.o
[ 72%] Building CXX object src/CMakeFiles/athena.dir/pgen/unit_tests/z4c_cartoon_derivatives_kernels.cpp.o
Compilation from IR - skipping loading of FCL
Build succeeded.
Compilation from IR - skipping loading of FCL
Build succeeded.
Compilation from IR - skipping loading of FCL
Build succeeded.
Compilation from IR - skipping loading of FCL
Build succeeded.
[ 72%] Building CXX object src/CMakeFiles/athena.dir/radiation/radiation.cpp.o
Compilation from IR - skipping loading of FCL
Build succeeded.
[ 72%] Building CXX object src/CMakeFiles/athena.dir/radiation/radiation_fluxes.cpp.o
Compilation from IR - skipping loading of FCL
Build succeeded.
Compilation from IR - skipping loading of FCL
Build succeeded.
Compilation from IR - skipping loading of FCL
Build succeeded.
Compilation from IR - skipping loading of FCL
Build succeeded.
Compilation from IR - skipping loading of FCL
Build succeeded.
Compilation from IR - skipping loading of FCL
Build succeeded.
Compilation from IR - skipping loading of FCL
Build succeeded.
Compilation from IR - skipping loading of FCL
Build succeeded.
Compilation from IR - skipping loading of FCL
Build succeeded.
Compilation from IR - skipping loading of FCL
Build succeeded.
Compilation from IR - skipping loading of FCL
Build succeeded.
[ 74%] Building CXX object src/CMakeFiles/athena.dir/radiation/radiation_newdt.cpp.o
Compilation from IR - skipping loading of FCL
Build succeeded.
[ 74%] Building CXX object src/CMakeFiles/athena.dir/radiation/radiation_source.cpp.o
Compilation from IR - skipping loading of FCL
Build succeeded.
Compilation from IR - skipping loading of FCL
Build succeeded.
Compilation from IR - skipping loading of FCL
Build succeeded.
Compilation from IR - skipping loading of FCL
Build succeeded.
Compilation from IR - skipping loading of FCL
Build succeeded.
Compilation from IR - skipping loading of FCL
Build succeeded.
Compilation from IR - skipping loading of FCL
Build succeeded.
Compilation from IR - skipping loading of FCL
Build succeeded.
Compilation from IR - skipping loading of FCL
Build succeeded.
Compilation from IR - skipping loading of FCL
Build succeeded.
Compilation from IR - skipping loading of FCL
Build succeeded.
Compilation from IR - skipping loading of FCL
Build succeeded.
Compilation from IR - skipping loading of FCL
Build succeeded.
Compilation from IR - skipping loading of FCL
Build succeeded.
Compilation from IR - skipping loading of FCL
Build succeeded.
Compilation from IR - skipping loading of FCL
Build succeeded.
Compilation from IR - skipping loading of FCL
Build succeeded.
Compilation from IR - skipping loading of FCL
Build succeeded.
Compilation from IR - skipping loading of FCL

warning: [RetryManager] Start recompilation of the kernel
in kernel: 'typeinfo name for Kokkos::Impl::FunctorWrapperRangePolicyParallelForCustom<Kokkos::Impl::SYCLFunctionWrapper<void par_for<mhd::MHD::FOFC(Driver*, int)::'lambda0'(int, int, int, int)>(std::__cxx11::basic_string<char, std::char_traits<char>, std::allocator<char>> const&, Kokkos::SYCL, int const&, int const&, int const&, int const&, int const&, int const&, int const&, int const&, mhd::MHD::FOFC(Driver*, int)::'lambda0'(int, int, int, int) const&)::'lambda'(int const&), Kokkos::Impl::SYCLInternal::USMObjectMem<(sycl::_V1::usm::alloc)0>, false>, Kokkos::RangePolicy<>>'

warning: [RetryManager] Start recompilation of the kernel
in kernel: 'typeinfo name for Kokkos::Impl::FunctorWrapperRangePolicyParallelForCustom<Kokkos::Impl::SYCLFunctionWrapper<void par_for<mhd::MHD::FOFC(Driver*, int)::'lambda1'(int, int, int, int)>(std::__cxx11::basic_string<char, std::char_traits<char>, std::allocator<char>> const&, Kokkos::SYCL, int const&, int const&, int const&, int const&, int const&, int const&, int const&, int const&, mhd::MHD::FOFC(Driver*, int)::'lambda1'(int, int, int, int) const&)::'lambda'(int const&), Kokkos::Impl::SYCLInternal::USMObjectMem<(sycl::_V1::usm::alloc)0>, false>, Kokkos::RangePolicy<>>'

warning: kernel _ZTSN6Kokkos4Impl42FunctorWrapperRangePolicyParallelForCustomINS0_19SYCLFunctionWrapperIZ7par_forIZN3mhd3MHD4FOFCEP6DriveriEUliiiiE0_EvRKNSt7__cxx1112basic_stringIcSt11char_traitsIcESaIcEEENS_4SYCLERKiSJ_SJ_SJ_SJ_SJ_SJ_SJ_RKT_EUlSJ_E_NS0_12SYCLInternal12USMObjectMemILN4sycl3_V13usm5allocE0EEELb0EEENS_11RangePolicyIJEEEEE  compiled SIMD32 allocated 256 regs and spilled around 66

warning: kernel _ZTSN6Kokkos4Impl42FunctorWrapperRangePolicyParallelForCustomINS0_19SYCLFunctionWrapperIZ7par_forIZN3mhd3MHD4FOFCEP6DriveriEUliiiiE1_EvRKNSt7__cxx1112basic_stringIcSt11char_traitsIcESaIcEEENS_4SYCLERKiSJ_SJ_SJ_SJ_SJ_SJ_SJ_RKT_EUlSJ_E_NS0_12SYCLInternal12USMObjectMemILN4sycl3_V13usm5allocE0EEELb0EEENS_11RangePolicyIJEEEEE  compiled SIMD32 allocated 256 regs and spilled around 66

Build succeeded.
[ 75%] Building CXX object src/CMakeFiles/athena.dir/radiation/radiation_tetrad.cpp.o
[ 75%] Building CXX object src/CMakeFiles/athena.dir/radiation/radiation_tasks.cpp.o
Compilation from IR - skipping loading of FCL
Build succeeded.
Compilation from IR - skipping loading of FCL

warning: Adding 84 occurrences of additional control flow due to presence of generic address space operations
in function _ZTSZZNK6Kokkos4Impl11ParallelForIZ13par_for_outerIZN5hydro5Hydro15CalculateFluxesIL13Hydro_RSolver0EEEvP6DriveriEUlNS0_14SYCLTeamMemberEiiiE_EvRKNSt7__cxx1112basic_stringIcSt11char_traitsIcESaIcEEENS_4SYCLEmiiiiiiiRKT_EUlS9_E_NS_10TeamPolicyIJEEESJ_E18sycl_direct_launchINS0_19SYCLFunctionWrapperISN_NS0_12SYCLInternal12USMObjectMemILN4sycl3_V13usm5allocE0EEELb0EEEEENSW_5eventENSW_9multi_ptrIcLNSW_6access13address_spaceE4ELNS13_9decoratedE2EEESM_RKS11_ENKUlRNSW_7handlerEE_clES1A_EUlNSW_7nd_itemILi2EEEE_ (Enable PrintVerboseGenericControlFlowLog flag to acquire detailed log. Requires debuginfo!)

warning: Adding 84 occurrences of additional control flow due to presence of generic address space operations
in function _ZTSZZNK6Kokkos4Impl11ParallelForIZ13par_for_outerIZN5hydro5Hydro15CalculateFluxesIL13Hydro_RSolver0EEEvP6DriveriEUlNS0_14SYCLTeamMemberEiiE_EvRKNSt7__cxx1112basic_stringIcSt11char_traitsIcESaIcEEENS_4SYCLEmiiiiiRKT_EUlS9_E_NS_10TeamPolicyIJEEESJ_E18sycl_direct_launchINS0_19SYCLFunctionWrapperISN_NS0_12SYCLInternal12USMObjectMemILN4sycl3_V13usm5allocE0EEELb0EEEEENSW_5eventENSW_9multi_ptrIcLNSW_6access13address_spaceE4ELNS13_9decoratedE2EEESM_RKS11_ENKUlRNSW_7handlerEE_clES1A_EUlNSW_7nd_itemILi2EEEE_ (Enable PrintVerboseGenericControlFlowLog flag to acquire detailed log. Requires debuginfo!)

warning: Adding 84 occurrences of additional control flow due to presence of generic address space operations
in function _ZTSZZNK6Kokkos4Impl11ParallelForIZ13par_for_outerIZN5hydro5Hydro15CalculateFluxesIL13Hydro_RSolver0EEEvP6DriveriEUlNS0_14SYCLTeamMemberEiiE0_EvRKNSt7__cxx1112basic_stringIcSt11char_traitsIcESaIcEEENS_4SYCLEmiiiiiRKT_EUlS9_E_NS_10TeamPolicyIJEEESJ_E18sycl_direct_launchINS0_19SYCLFunctionWrapperISN_NS0_12SYCLInternal12USMObjectMemILN4sycl3_V13usm5allocE0EEELb0EEEEENSW_5eventENSW_9multi_ptrIcLNSW_6access13address_spaceE4ELNS13_9decoratedE2EEESM_RKS11_ENKUlRNSW_7handlerEE_clES1A_EUlNSW_7nd_itemILi2EEEE_ (Enable PrintVerboseGenericControlFlowLog flag to acquire detailed log. Requires debuginfo!)

warning: Adding 69 occurrences of additional control flow due to presence of generic address space operations
in function _ZTSZZNK6Kokkos4Impl11ParallelForIZ13par_for_outerIZN5hydro5Hydro15CalculateFluxesIL13Hydro_RSolver1EEEvP6DriveriEUlNS0_14SYCLTeamMemberEiiiE_EvRKNSt7__cxx1112basic_stringIcSt11char_traitsIcESaIcEEENS_4SYCLEmiiiiiiiRKT_EUlS9_E_NS_10TeamPolicyIJEEESJ_E18sycl_direct_launchINS0_19SYCLFunctionWrapperISN_NS0_12SYCLInternal12USMObjectMemILN4sycl3_V13usm5allocE0EEELb0EEEEENSW_5eventENSW_9multi_ptrIcLNSW_6access13address_spaceE4ELNS13_9decoratedE2EEESM_RKS11_ENKUlRNSW_7handlerEE_clES1A_EUlNSW_7nd_itemILi2EEEE_ (Enable PrintVerboseGenericControlFlowLog flag to acquire detailed log. Requires debuginfo!)

warning: Adding 69 occurrences of additional control flow due to presence of generic address space operations
in function _ZTSZZNK6Kokkos4Impl11ParallelForIZ13par_for_outerIZN5hydro5Hydro15CalculateFluxesIL13Hydro_RSolver1EEEvP6DriveriEUlNS0_14SYCLTeamMemberEiiE_EvRKNSt7__cxx1112basic_stringIcSt11char_traitsIcESaIcEEENS_4SYCLEmiiiiiRKT_EUlS9_E_NS_10TeamPolicyIJEEESJ_E18sycl_direct_launchINS0_19SYCLFunctionWrapperISN_NS0_12SYCLInternal12USMObjectMemILN4sycl3_V13usm5allocE0EEELb0EEEEENSW_5eventENSW_9multi_ptrIcLNSW_6access13address_spaceE4ELNS13_9decoratedE2EEESM_RKS11_ENKUlRNSW_7handlerEE_clES1A_EUlNSW_7nd_itemILi2EEEE_ (Enable PrintVerboseGenericControlFlowLog flag to acquire detailed log. Requires debuginfo!)

warning: Adding 69 occurrences of additional control flow due to presence of generic address space operations
in function _ZTSZZNK6Kokkos4Impl11ParallelForIZ13par_for_outerIZN5hydro5Hydro15CalculateFluxesIL13Hydro_RSolver1EEEvP6DriveriEUlNS0_14SYCLTeamMemberEiiE0_EvRKNSt7__cxx1112basic_stringIcSt11char_traitsIcESaIcEEENS_4SYCLEmiiiiiRKT_EUlS9_E_NS_10TeamPolicyIJEEESJ_E18sycl_direct_launchINS0_19SYCLFunctionWrapperISN_NS0_12SYCLInternal12USMObjectMemILN4sycl3_V13usm5allocE0EEELb0EEEEENSW_5eventENSW_9multi_ptrIcLNSW_6access13address_spaceE4ELNS13_9decoratedE2EEESM_RKS11_ENKUlRNSW_7handlerEE_clES1A_EUlNSW_7nd_itemILi2EEEE_ (Enable PrintVerboseGenericControlFlowLog flag to acquire detailed log. Requires debuginfo!)

warning: Adding 69 occurrences of additional control flow due to presence of generic address space operations
in function _ZTSZZNK6Kokkos4Impl11ParallelForIZ13par_for_outerIZN5hydro5Hydro15CalculateFluxesIL13Hydro_RSolver2EEEvP6DriveriEUlNS0_14SYCLTeamMemberEiiiE_EvRKNSt7__cxx1112basic_stringIcSt11char_traitsIcESaIcEEENS_4SYCLEmiiiiiiiRKT_EUlS9_E_NS_10TeamPolicyIJEEESJ_E18sycl_direct_launchINS0_19SYCLFunctionWrapperISN_NS0_12SYCLInternal12USMObjectMemILN4sycl3_V13usm5allocE0EEELb0EEEEENSW_5eventENSW_9multi_ptrIcLNSW_6access13address_spaceE4ELNS13_9decoratedE2EEESM_RKS11_ENKUlRNSW_7handlerEE_clES1A_EUlNSW_7nd_itemILi2EEEE_ (Enable PrintVerboseGenericControlFlowLog flag to acquire detailed log. Requires debuginfo!)

warning: Adding 69 occurrences of additional control flow due to presence of generic address space operations
in function _ZTSZZNK6Kokkos4Impl11ParallelForIZ13par_for_outerIZN5hydro5Hydro15CalculateFluxesIL13Hydro_RSolver2EEEvP6DriveriEUlNS0_14SYCLTeamMemberEiiE_EvRKNSt7__cxx1112basic_stringIcSt11char_traitsIcESaIcEEENS_4SYCLEmiiiiiRKT_EUlS9_E_NS_10TeamPolicyIJEEESJ_E18sycl_direct_launchINS0_19SYCLFunctionWrapperISN_NS0_12SYCLInternal12USMObjectMemILN4sycl3_V13usm5allocE0EEELb0EEEEENSW_5eventENSW_9multi_ptrIcLNSW_6access13address_spaceE4ELNS13_9decoratedE2EEESM_RKS11_ENKUlRNSW_7handlerEE_clES1A_EUlNSW_7nd_itemILi2EEEE_ (Enable PrintVerboseGenericControlFlowLog flag to acquire detailed log. Requires debuginfo!)

warning: Adding 69 occurrences of additional control flow due to presence of generic address space operations
in function _ZTSZZNK6Kokkos4Impl11ParallelForIZ13par_for_outerIZN5hydro5Hydro15CalculateFluxesIL13Hydro_RSolver2EEEvP6DriveriEUlNS0_14SYCLTeamMemberEiiE0_EvRKNSt7__cxx1112basic_stringIcSt11char_traitsIcESaIcEEENS_4SYCLEmiiiiiRKT_EUlS9_E_NS_10TeamPolicyIJEEESJ_E18sycl_direct_launchINS0_19SYCLFunctionWrapperISN_NS0_12SYCLInternal12USMObjectMemILN4sycl3_V13usm5allocE0EEELb0EEEEENSW_5eventENSW_9multi_ptrIcLNSW_6access13address_spaceE4ELNS13_9decoratedE2EEESM_RKS11_ENKUlRNSW_7handlerEE_clES1A_EUlNSW_7nd_itemILi2EEEE_ (Enable PrintVerboseGenericControlFlowLog flag to acquire detailed log. Requires debuginfo!)

warning: Adding 69 occurrences of additional control flow due to presence of generic address space operations
in function _ZTSZZNK6Kokkos4Impl11ParallelForIZ13par_for_outerIZN5hydro5Hydro15CalculateFluxesIL13Hydro_RSolver3EEEvP6DriveriEUlNS0_14SYCLTeamMemberEiiiE_EvRKNSt7__cxx1112basic_stringIcSt11char_traitsIcESaIcEEENS_4SYCLEmiiiiiiiRKT_EUlS9_E_NS_10TeamPolicyIJEEESJ_E18sycl_direct_launchINS0_19SYCLFunctionWrapperISN_NS0_12SYCLInternal12USMObjectMemILN4sycl3_V13usm5allocE0EEELb0EEEEENSW_5eventENSW_9multi_ptrIcLNSW_6access13address_spaceE4ELNS13_9decoratedE2EEESM_RKS11_ENKUlRNSW_7handlerEE_clES1A_EUlNSW_7nd_itemILi2EEEE_ (Enable PrintVerboseGenericControlFlowLog flag to acquire detailed log. Requires debuginfo!)

warning: Adding 69 occurrences of additional control flow due to presence of generic address space operations
in function _ZTSZZNK6Kokkos4Impl11ParallelForIZ13par_for_outerIZN5hydro5Hydro15CalculateFluxesIL13Hydro_RSolver3EEEvP6DriveriEUlNS0_14SYCLTeamMemberEiiE_EvRKNSt7__cxx1112basic_stringIcSt11char_traitsIcESaIcEEENS_4SYCLEmiiiiiRKT_EUlS9_E_NS_10TeamPolicyIJEEESJ_E18sycl_direct_launchINS0_19SYCLFunctionWrapperISN_NS0_12SYCLInternal12USMObjectMemILN4sycl3_V13usm5allocE0EEELb0EEEEENSW_5eventENSW_9multi_ptrIcLNSW_6access13address_spaceE4ELNS13_9decoratedE2EEESM_RKS11_ENKUlRNSW_7handlerEE_clES1A_EUlNSW_7nd_itemILi2EEEE_ (Enable PrintVerboseGenericControlFlowLog flag to acquire detailed log. Requires debuginfo!)

warning: Adding 69 occurrences of additional control flow due to presence of generic address space operations
in function _ZTSZZNK6Kokkos4Impl11ParallelForIZ13par_for_outerIZN5hydro5Hydro15CalculateFluxesIL13Hydro_RSolver3EEEvP6DriveriEUlNS0_14SYCLTeamMemberEiiE0_EvRKNSt7__cxx1112basic_stringIcSt11char_traitsIcESaIcEEENS_4SYCLEmiiiiiRKT_EUlS9_E_NS_10TeamPolicyIJEEESJ_E18sycl_direct_launchINS0_19SYCLFunctionWrapperISN_NS0_12SYCLInternal12USMObjectMemILN4sycl3_V13usm5allocE0EEELb0EEEEENSW_5eventENSW_9multi_ptrIcLNSW_6access13address_spaceE4ELNS13_9decoratedE2EEESM_RKS11_ENKUlRNSW_7handlerEE_clES1A_EUlNSW_7nd_itemILi2EEEE_ (Enable PrintVerboseGenericControlFlowLog flag to acquire detailed log. Requires debuginfo!)

warning: Adding 69 occurrences of additional control flow due to presence of generic address space operations
in function _ZTSZZNK6Kokkos4Impl11ParallelForIZ13par_for_outerIZN5hydro5Hydro15CalculateFluxesIL13Hydro_RSolver4EEEvP6DriveriEUlNS0_14SYCLTeamMemberEiiiE_EvRKNSt7__cxx1112basic_stringIcSt11char_traitsIcESaIcEEENS_4SYCLEmiiiiiiiRKT_EUlS9_E_NS_10TeamPolicyIJEEESJ_E18sycl_direct_launchINS0_19SYCLFunctionWrapperISN_NS0_12SYCLInternal12USMObjectMemILN4sycl3_V13usm5allocE0EEELb0EEEEENSW_5eventENSW_9multi_ptrIcLNSW_6access13address_spaceE4ELNS13_9decoratedE2EEESM_RKS11_ENKUlRNSW_7handlerEE_clES1A_EUlNSW_7nd_itemILi2EEEE_ (Enable PrintVerboseGenericControlFlowLog flag to acquire detailed log. Requires debuginfo!)

warning: Adding 69 occurrences of additional control flow due to presence of generic address space operations
in function _ZTSZZNK6Kokkos4Impl11ParallelForIZ13par_for_outerIZN5hydro5Hydro15CalculateFluxesIL13Hydro_RSolver4EEEvP6DriveriEUlNS0_14SYCLTeamMemberEiiE_EvRKNSt7__cxx1112basic_stringIcSt11char_traitsIcESaIcEEENS_4SYCLEmiiiiiRKT_EUlS9_E_NS_10TeamPolicyIJEEESJ_E18sycl_direct_launchINS0_19SYCLFunctionWrapperISN_NS0_12SYCLInternal12USMObjectMemILN4sycl3_V13usm5allocE0EEELb0EEEEENSW_5eventENSW_9multi_ptrIcLNSW_6access13address_spaceE4ELNS13_9decoratedE2EEESM_RKS11_ENKUlRNSW_7handlerEE_clES1A_EUlNSW_7nd_itemILi2EEEE_ (Enable PrintVerboseGenericControlFlowLog flag to acquire detailed log. Requires debuginfo!)

warning: Adding 69 occurrences of additional control flow due to presence of generic address space operations
in function _ZTSZZNK6Kokkos4Impl11ParallelForIZ13par_for_outerIZN5hydro5Hydro15CalculateFluxesIL13Hydro_RSolver4EEEvP6DriveriEUlNS0_14SYCLTeamMemberEiiE0_EvRKNSt7__cxx1112basic_stringIcSt11char_traitsIcESaIcEEENS_4SYCLEmiiiiiRKT_EUlS9_E_NS_10TeamPolicyIJEEESJ_E18sycl_direct_launchINS0_19SYCLFunctionWrapperISN_NS0_12SYCLInternal12USMObjectMemILN4sycl3_V13usm5allocE0EEELb0EEEEENSW_5eventENSW_9multi_ptrIcLNSW_6access13address_spaceE4ELNS13_9decoratedE2EEESM_RKS11_ENKUlRNSW_7handlerEE_clES1A_EUlNSW_7nd_itemILi2EEEE_ (Enable PrintVerboseGenericControlFlowLog flag to acquire detailed log. Requires debuginfo!)

warning: Adding 69 occurrences of additional control flow due to presence of generic address space operations
in function _ZTSZZNK6Kokkos4Impl11ParallelForIZ13par_for_outerIZN5hydro5Hydro15CalculateFluxesIL13Hydro_RSolver5EEEvP6DriveriEUlNS0_14SYCLTeamMemberEiiiE_EvRKNSt7__cxx1112basic_stringIcSt11char_traitsIcESaIcEEENS_4SYCLEmiiiiiiiRKT_EUlS9_E_NS_10TeamPolicyIJEEESJ_E18sycl_direct_launchINS0_19SYCLFunctionWrapperISN_NS0_12SYCLInternal12USMObjectMemILN4sycl3_V13usm5allocE0EEELb0EEEEENSW_5eventENSW_9multi_ptrIcLNSW_6access13address_spaceE4ELNS13_9decoratedE2EEESM_RKS11_ENKUlRNSW_7handlerEE_clES1A_EUlNSW_7nd_itemILi2EEEE_ (Enable PrintVerboseGenericControlFlowLog flag to acquire detailed log. Requires debuginfo!)

warning: Adding 69 occurrences of additional control flow due to presence of generic address space operations
in function _ZTSZZNK6Kokkos4Impl11ParallelForIZ13par_for_outerIZN5hydro5Hydro15CalculateFluxesIL13Hydro_RSolver5EEEvP6DriveriEUlNS0_14SYCLTeamMemberEiiE_EvRKNSt7__cxx1112basic_stringIcSt11char_traitsIcESaIcEEENS_4SYCLEmiiiiiRKT_EUlS9_E_NS_10TeamPolicyIJEEESJ_E18sycl_direct_launchINS0_19SYCLFunctionWrapperISN_NS0_12SYCLInternal12USMObjectMemILN4sycl3_V13usm5allocE0EEELb0EEEEENSW_5eventENSW_9multi_ptrIcLNSW_6access13address_spaceE4ELNS13_9decoratedE2EEESM_RKS11_ENKUlRNSW_7handlerEE_clES1A_EUlNSW_7nd_itemILi2EEEE_ (Enable PrintVerboseGenericControlFlowLog flag to acquire detailed log. Requires debuginfo!)

warning: Adding 69 occurrences of additional control flow due to presence of generic address space operations
in function _ZTSZZNK6Kokkos4Impl11ParallelForIZ13par_for_outerIZN5hydro5Hydro15CalculateFluxesIL13Hydro_RSolver5EEEvP6DriveriEUlNS0_14SYCLTeamMemberEiiE0_EvRKNSt7__cxx1112basic_stringIcSt11char_traitsIcESaIcEEENS_4SYCLEmiiiiiRKT_EUlS9_E_NS_10TeamPolicyIJEEESJ_E18sycl_direct_launchINS0_19SYCLFunctionWrapperISN_NS0_12SYCLInternal12USMObjectMemILN4sycl3_V13usm5allocE0EEELb0EEEEENSW_5eventENSW_9multi_ptrIcLNSW_6access13address_spaceE4ELNS13_9decoratedE2EEESM_RKS11_ENKUlRNSW_7handlerEE_clES1A_EUlNSW_7nd_itemILi2EEEE_ (Enable PrintVerboseGenericControlFlowLog flag to acquire detailed log. Requires debuginfo!)

warning: Adding 71 occurrences of additional control flow due to presence of generic address space operations
in function _ZTSZZNK6Kokkos4Impl11ParallelForIZ13par_for_outerIZN5hydro5Hydro15CalculateFluxesIL13Hydro_RSolver6EEEvP6DriveriEUlNS0_14SYCLTeamMemberEiiiE_EvRKNSt7__cxx1112basic_stringIcSt11char_traitsIcESaIcEEENS_4SYCLEmiiiiiiiRKT_EUlS9_E_NS_10TeamPolicyIJEEESJ_E18sycl_direct_launchINS0_19SYCLFunctionWrapperISN_NS0_12SYCLInternal12USMObjectMemILN4sycl3_V13usm5allocE0EEELb0EEEEENSW_5eventENSW_9multi_ptrIcLNSW_6access13address_spaceE4ELNS13_9decoratedE2EEESM_RKS11_ENKUlRNSW_7handlerEE_clES1A_EUlNSW_7nd_itemILi2EEEE_ (Enable PrintVerboseGenericControlFlowLog flag to acquire detailed log. Requires debuginfo!)

warning: Adding 71 occurrences of additional control flow due to presence of generic address space operations
in function _ZTSZZNK6Kokkos4Impl11ParallelForIZ13par_for_outerIZN5hydro5Hydro15CalculateFluxesIL13Hydro_RSolver6EEEvP6DriveriEUlNS0_14SYCLTeamMemberEiiE_EvRKNSt7__cxx1112basic_stringIcSt11char_traitsIcESaIcEEENS_4SYCLEmiiiiiRKT_EUlS9_E_NS_10TeamPolicyIJEEESJ_E18sycl_direct_launchINS0_19SYCLFunctionWrapperISN_NS0_12SYCLInternal12USMObjectMemILN4sycl3_V13usm5allocE0EEELb0EEEEENSW_5eventENSW_9multi_ptrIcLNSW_6access13address_spaceE4ELNS13_9decoratedE2EEESM_RKS11_ENKUlRNSW_7handlerEE_clES1A_EUlNSW_7nd_itemILi2EEEE_ (Enable PrintVerboseGenericControlFlowLog flag to acquire detailed log. Requires debuginfo!)

warning: Adding 71 occurrences of additional control flow due to presence of generic address space operations
in function _ZTSZZNK6Kokkos4Impl11ParallelForIZ13par_for_outerIZN5hydro5Hydro15CalculateFluxesIL13Hydro_RSolver6EEEvP6DriveriEUlNS0_14SYCLTeamMemberEiiE0_EvRKNSt7__cxx1112basic_stringIcSt11char_traitsIcESaIcEEENS_4SYCLEmiiiiiRKT_EUlS9_E_NS_10TeamPolicyIJEEESJ_E18sycl_direct_launchINS0_19SYCLFunctionWrapperISN_NS0_12SYCLInternal12USMObjectMemILN4sycl3_V13usm5allocE0EEELb0EEEEENSW_5eventENSW_9multi_ptrIcLNSW_6access13address_spaceE4ELNS13_9decoratedE2EEESM_RKS11_ENKUlRNSW_7handlerEE_clES1A_EUlNSW_7nd_itemILi2EEEE_ (Enable PrintVerboseGenericControlFlowLog flag to acquire detailed log. Requires debuginfo!)

warning: Adding 71 occurrences of additional control flow due to presence of generic address space operations
in function _ZTSZZNK6Kokkos4Impl11ParallelForIZ13par_for_outerIZN5hydro5Hydro15CalculateFluxesIL13Hydro_RSolver7EEEvP6DriveriEUlNS0_14SYCLTeamMemberEiiiE_EvRKNSt7__cxx1112basic_stringIcSt11char_traitsIcESaIcEEENS_4SYCLEmiiiiiiiRKT_EUlS9_E_NS_10TeamPolicyIJEEESJ_E18sycl_direct_launchINS0_19SYCLFunctionWrapperISN_NS0_12SYCLInternal12USMObjectMemILN4sycl3_V13usm5allocE0EEELb0EEEEENSW_5eventENSW_9multi_ptrIcLNSW_6access13address_spaceE4ELNS13_9decoratedE2EEESM_RKS11_ENKUlRNSW_7handlerEE_clES1A_EUlNSW_7nd_itemILi2EEEE_ (Enable PrintVerboseGenericControlFlowLog flag to acquire detailed log. Requires debuginfo!)

warning: Adding 71 occurrences of additional control flow due to presence of generic address space operations
in function _ZTSZZNK6Kokkos4Impl11ParallelForIZ13par_for_outerIZN5hydro5Hydro15CalculateFluxesIL13Hydro_RSolver7EEEvP6DriveriEUlNS0_14SYCLTeamMemberEiiE_EvRKNSt7__cxx1112basic_stringIcSt11char_traitsIcESaIcEEENS_4SYCLEmiiiiiRKT_EUlS9_E_NS_10TeamPolicyIJEEESJ_E18sycl_direct_launchINS0_19SYCLFunctionWrapperISN_NS0_12SYCLInternal12USMObjectMemILN4sycl3_V13usm5allocE0EEELb0EEEEENSW_5eventENSW_9multi_ptrIcLNSW_6access13address_spaceE4ELNS13_9decoratedE2EEESM_RKS11_ENKUlRNSW_7handlerEE_clES1A_EUlNSW_7nd_itemILi2EEEE_ (Enable PrintVerboseGenericControlFlowLog flag to acquire detailed log. Requires debuginfo!)

warning: Adding 71 occurrences of additional control flow due to presence of generic address space operations
in function _ZTSZZNK6Kokkos4Impl11ParallelForIZ13par_for_outerIZN5hydro5Hydro15CalculateFluxesIL13Hydro_RSolver7EEEvP6DriveriEUlNS0_14SYCLTeamMemberEiiE0_EvRKNSt7__cxx1112basic_stringIcSt11char_traitsIcESaIcEEENS_4SYCLEmiiiiiRKT_EUlS9_E_NS_10TeamPolicyIJEEESJ_E18sycl_direct_launchINS0_19SYCLFunctionWrapperISN_NS0_12SYCLInternal12USMObjectMemILN4sycl3_V13usm5allocE0EEELb0EEEEENSW_5eventENSW_9multi_ptrIcLNSW_6access13address_spaceE4ELNS13_9decoratedE2EEESM_RKS11_ENKUlRNSW_7handlerEE_clES1A_EUlNSW_7nd_itemILi2EEEE_ (Enable PrintVerboseGenericControlFlowLog flag to acquire detailed log. Requires debuginfo!)

warning: Adding 75 occurrences of additional control flow due to presence of generic address space operations
in function _ZTSZZNK6Kokkos4Impl11ParallelForIZ13par_for_outerIZN5hydro5Hydro15CalculateFluxesIL13Hydro_RSolver8EEEvP6DriveriEUlNS0_14SYCLTeamMemberEiiiE_EvRKNSt7__cxx1112basic_stringIcSt11char_traitsIcESaIcEEENS_4SYCLEmiiiiiiiRKT_EUlS9_E_NS_10TeamPolicyIJEEESJ_E18sycl_direct_launchINS0_19SYCLFunctionWrapperISN_NS0_12SYCLInternal12USMObjectMemILN4sycl3_V13usm5allocE0EEELb0EEEEENSW_5eventENSW_9multi_ptrIcLNSW_6access13address_spaceE4ELNS13_9decoratedE2EEESM_RKS11_ENKUlRNSW_7handlerEE_clES1A_EUlNSW_7nd_itemILi2EEEE_ (Enable PrintVerboseGenericControlFlowLog flag to acquire detailed log. Requires debuginfo!)

warning: Adding 75 occurrences of additional control flow due to presence of generic address space operations
in function _ZTSZZNK6Kokkos4Impl11ParallelForIZ13par_for_outerIZN5hydro5Hydro15CalculateFluxesIL13Hydro_RSolver8EEEvP6DriveriEUlNS0_14SYCLTeamMemberEiiE_EvRKNSt7__cxx1112basic_stringIcSt11char_traitsIcESaIcEEENS_4SYCLEmiiiiiRKT_EUlS9_E_NS_10TeamPolicyIJEEESJ_E18sycl_direct_launchINS0_19SYCLFunctionWrapperISN_NS0_12SYCLInternal12USMObjectMemILN4sycl3_V13usm5allocE0EEELb0EEEEENSW_5eventENSW_9multi_ptrIcLNSW_6access13address_spaceE4ELNS13_9decoratedE2EEESM_RKS11_ENKUlRNSW_7handlerEE_clES1A_EUlNSW_7nd_itemILi2EEEE_ (Enable PrintVerboseGenericControlFlowLog flag to acquire detailed log. Requires debuginfo!)

warning: Adding 75 occurrences of additional control flow due to presence of generic address space operations
in function _ZTSZZNK6Kokkos4Impl11ParallelForIZ13par_for_outerIZN5hydro5Hydro15CalculateFluxesIL13Hydro_RSolver8EEEvP6DriveriEUlNS0_14SYCLTeamMemberEiiE0_EvRKNSt7__cxx1112basic_stringIcSt11char_traitsIcESaIcEEENS_4SYCLEmiiiiiRKT_EUlS9_E_NS_10TeamPolicyIJEEESJ_E18sycl_direct_launchINS0_19SYCLFunctionWrapperISN_NS0_12SYCLInternal12USMObjectMemILN4sycl3_V13usm5allocE0EEELb0EEEEENSW_5eventENSW_9multi_ptrIcLNSW_6access13address_spaceE4ELNS13_9decoratedE2EEESM_RKS11_ENKUlRNSW_7handlerEE_clES1A_EUlNSW_7nd_itemILi2EEEE_ (Enable PrintVerboseGenericControlFlowLog flag to acquire detailed log. Requires debuginfo!)

warning: Adding 77 occurrences of additional control flow due to presence of generic address space operations
in function _ZTSZZNK6Kokkos4Impl11ParallelForIZ13par_for_outerIZN5hydro5Hydro15CalculateFluxesIL13Hydro_RSolver9EEEvP6DriveriEUlNS0_14SYCLTeamMemberEiiiE_EvRKNSt7__cxx1112basic_stringIcSt11char_traitsIcESaIcEEENS_4SYCLEmiiiiiiiRKT_EUlS9_E_NS_10TeamPolicyIJEEESJ_E18sycl_direct_launchINS0_19SYCLFunctionWrapperISN_NS0_12SYCLInternal12USMObjectMemILN4sycl3_V13usm5allocE0EEELb0EEEEENSW_5eventENSW_9multi_ptrIcLNSW_6access13address_spaceE4ELNS13_9decoratedE2EEESM_RKS11_ENKUlRNSW_7handlerEE_clES1A_EUlNSW_7nd_itemILi2EEEE_ (Enable PrintVerboseGenericControlFlowLog flag to acquire detailed log. Requires debuginfo!)

warning: Adding 77 occurrences of additional control flow due to presence of generic address space operations
in function _ZTSZZNK6Kokkos4Impl11ParallelForIZ13par_for_outerIZN5hydro5Hydro15CalculateFluxesIL13Hydro_RSolver9EEEvP6DriveriEUlNS0_14SYCLTeamMemberEiiE_EvRKNSt7__cxx1112basic_stringIcSt11char_traitsIcESaIcEEENS_4SYCLEmiiiiiRKT_EUlS9_E_NS_10TeamPolicyIJEEESJ_E18sycl_direct_launchINS0_19SYCLFunctionWrapperISN_NS0_12SYCLInternal12USMObjectMemILN4sycl3_V13usm5allocE0EEELb0EEEEENSW_5eventENSW_9multi_ptrIcLNSW_6access13address_spaceE4ELNS13_9decoratedE2EEESM_RKS11_ENKUlRNSW_7handlerEE_clES1A_EUlNSW_7nd_itemILi2EEEE_ (Enable PrintVerboseGenericControlFlowLog flag to acquire detailed log. Requires debuginfo!)

warning: Adding 77 occurrences of additional control flow due to presence of generic address space operations
in function _ZTSZZNK6Kokkos4Impl11ParallelForIZ13par_for_outerIZN5hydro5Hydro15CalculateFluxesIL13Hydro_RSolver9EEEvP6DriveriEUlNS0_14SYCLTeamMemberEiiE0_EvRKNSt7__cxx1112basic_stringIcSt11char_traitsIcESaIcEEENS_4SYCLEmiiiiiRKT_EUlS9_E_NS_10TeamPolicyIJEEESJ_E18sycl_direct_launchINS0_19SYCLFunctionWrapperISN_NS0_12SYCLInternal12USMObjectMemILN4sycl3_V13usm5allocE0EEELb0EEEEENSW_5eventENSW_9multi_ptrIcLNSW_6access13address_spaceE4ELNS13_9decoratedE2EEESM_RKS11_ENKUlRNSW_7handlerEE_clES1A_EUlNSW_7nd_itemILi2EEEE_ (Enable PrintVerboseGenericControlFlowLog flag to acquire detailed log. Requires debuginfo!)

warning: [RetryManager] Start recompilation of the kernel
in kernel: 'typeinfo name for sycl::_V1::event Kokkos::Impl::ParallelFor<void par_for_outer<void hydro::Hydro::CalculateFluxes<(Hydro_RSolver)4>(Driver*, int)::'lambda'(Kokkos::Impl::SYCLTeamMember, int, int)>(std::__cxx11::basic_string<char, std::char_traits<char>, std::allocator<char>> const&, Kokkos::SYCL, unsigned long, int, int, int, int, int, void hydro::Hydro::CalculateFluxes<(Hydro_RSolver)4>(Driver*, int)::'lambda'(Kokkos::Impl::SYCLTeamMember, int, int) const&)::'lambda'(Kokkos::Impl::SYCLTeamMember), Kokkos::TeamPolicy<>, Kokkos::SYCL>::sycl_direct_launch<Kokkos::Impl::SYCLFunctionWrapper<void par_for_outer<void hydro::Hydro::CalculateFluxes<(Hydro_RSolver)4>(Driver*, int)::'lambda'(Kokkos::Impl::SYCLTeamMember, int, int)>(std::__cxx11::basic_string<char, std::char_traits<char>, std::allocator<char>> const&, Kokkos::SYCL, unsigned long, int, int, int, int, int, void hydro::Hydro::CalculateFluxes<(Hydro_RSolver)4>(Driver*, int)::'lambda'(Kokkos::Impl::SYCLTeamMember, int, int) const&)::'lambda'(Kokkos::Impl::SYCLTeamMember), Kokkos::Impl::SYCLInternal::USMObjectMem<(sycl::_V1::usm::alloc)0>, false>>(sycl::_V1::multi_ptr<char, (sycl::_V1::access::address_space)4, (sycl::_V1::access::decorated)2>, void hydro::Hydro::CalculateFluxes<(Hydro_RSolver)4>(Driver*, int)::'lambda'(Kokkos::Impl::SYCLTeamMember, int, int) const&, sycl::_V1::event const&) const::'lambda'(sycl::_V1::handler&)::operator()(sycl::_V1::handler&) const::'lambda'(sycl::_V1::nd_item<2>)'

warning: [RetryManager] Start recompilation of the kernel
in kernel: 'typeinfo name for sycl::_V1::event Kokkos::Impl::ParallelFor<void par_for_outer<void hydro::Hydro::CalculateFluxes<(Hydro_RSolver)4>(Driver*, int)::'lambda0'(Kokkos::Impl::SYCLTeamMember, int, int)>(std::__cxx11::basic_string<char, std::char_traits<char>, std::allocator<char>> const&, Kokkos::SYCL, unsigned long, int, int, int, int, int, void hydro::Hydro::CalculateFluxes<(Hydro_RSolver)4>(Driver*, int)::'lambda0'(Kokkos::Impl::SYCLTeamMember, int, int) const&)::'lambda'(Kokkos::Impl::SYCLTeamMember), Kokkos::TeamPolicy<>, Kokkos::SYCL>::sycl_direct_launch<Kokkos::Impl::SYCLFunctionWrapper<void par_for_outer<void hydro::Hydro::CalculateFluxes<(Hydro_RSolver)4>(Driver*, int)::'lambda0'(Kokkos::Impl::SYCLTeamMember, int, int)>(std::__cxx11::basic_string<char, std::char_traits<char>, std::allocator<char>> const&, Kokkos::SYCL, unsigned long, int, int, int, int, int, void hydro::Hydro::CalculateFluxes<(Hydro_RSolver)4>(Driver*, int)::'lambda0'(Kokkos::Impl::SYCLTeamMember, int, int) const&)::'lambda'(Kokkos::Impl::SYCLTeamMember), Kokkos::Impl::SYCLInternal::USMObjectMem<(sycl::_V1::usm::alloc)0>, false>>(sycl::_V1::multi_ptr<char, (sycl::_V1::access::address_space)4, (sycl::_V1::access::decorated)2>, void hydro::Hydro::CalculateFluxes<(Hydro_RSolver)4>(Driver*, int)::'lambda0'(Kokkos::Impl::SYCLTeamMember, int, int) const&, sycl::_V1::event const&) const::'lambda'(sycl::_V1::handler&)::operator()(sycl::_V1::handler&) const::'lambda'(sycl::_V1::nd_item<2>)'

warning: Adding 69 occurrences of additional control flow due to presence of generic address space operations
in function _ZTSZZNK6Kokkos4Impl11ParallelForIZ13par_for_outerIZN5hydro5Hydro15CalculateFluxesIL13Hydro_RSolver4EEEvP6DriveriEUlNS0_14SYCLTeamMemberEiiE_EvRKNSt7__cxx1112basic_stringIcSt11char_traitsIcESaIcEEENS_4SYCLEmiiiiiRKT_EUlS9_E_NS_10TeamPolicyIJEEESJ_E18sycl_direct_launchINS0_19SYCLFunctionWrapperISN_NS0_12SYCLInternal12USMObjectMemILN4sycl3_V13usm5allocE0EEELb0EEEEENSW_5eventENSW_9multi_ptrIcLNSW_6access13address_spaceE4ELNS13_9decoratedE2EEESM_RKS11_ENKUlRNSW_7handlerEE_clES1A_EUlNSW_7nd_itemILi2EEEE_ (Enable PrintVerboseGenericControlFlowLog flag to acquire detailed log. Requires debuginfo!)

warning: Adding 69 occurrences of additional control flow due to presence of generic address space operations
in function _ZTSZZNK6Kokkos4Impl11ParallelForIZ13par_for_outerIZN5hydro5Hydro15CalculateFluxesIL13Hydro_RSolver4EEEvP6DriveriEUlNS0_14SYCLTeamMemberEiiE0_EvRKNSt7__cxx1112basic_stringIcSt11char_traitsIcESaIcEEENS_4SYCLEmiiiiiRKT_EUlS9_E_NS_10TeamPolicyIJEEESJ_E18sycl_direct_launchINS0_19SYCLFunctionWrapperISN_NS0_12SYCLInternal12USMObjectMemILN4sycl3_V13usm5allocE0EEELb0EEEEENSW_5eventENSW_9multi_ptrIcLNSW_6access13address_spaceE4ELNS13_9decoratedE2EEESM_RKS11_ENKUlRNSW_7handlerEE_clES1A_EUlNSW_7nd_itemILi2EEEE_ (Enable PrintVerboseGenericControlFlowLog flag to acquire detailed log. Requires debuginfo!)

warning: kernel _ZTSZZNK6Kokkos4Impl11ParallelForIZ13par_for_outerIZN5hydro5Hydro15CalculateFluxesIL13Hydro_RSolver4EEEvP6DriveriEUlNS0_14SYCLTeamMemberEiiE_EvRKNSt7__cxx1112basic_stringIcSt11char_traitsIcESaIcEEENS_4SYCLEmiiiiiRKT_EUlS9_E_NS_10TeamPolicyIJEEESJ_E18sycl_direct_launchINS0_19SYCLFunctionWrapperISN_NS0_12SYCLInternal12USMObjectMemILN4sycl3_V13usm5allocE0EEELb0EEEEENSW_5eventENSW_9multi_ptrIcLNSW_6access13address_spaceE4ELNS13_9decoratedE2EEESM_RKS11_ENKUlRNSW_7handlerEE_clES1A_EUlNSW_7nd_itemILi2EEEE_  compiled SIMD32 allocated 256 regs and spilled around 17

warning: kernel _ZTSZZNK6Kokkos4Impl11ParallelForIZ13par_for_outerIZN5hydro5Hydro15CalculateFluxesIL13Hydro_RSolver4EEEvP6DriveriEUlNS0_14SYCLTeamMemberEiiE0_EvRKNSt7__cxx1112basic_stringIcSt11char_traitsIcESaIcEEENS_4SYCLEmiiiiiRKT_EUlS9_E_NS_10TeamPolicyIJEEESJ_E18sycl_direct_launchINS0_19SYCLFunctionWrapperISN_NS0_12SYCLInternal12USMObjectMemILN4sycl3_V13usm5allocE0EEELb0EEEEENSW_5eventENSW_9multi_ptrIcLNSW_6access13address_spaceE4ELNS13_9decoratedE2EEESM_RKS11_ENKUlRNSW_7handlerEE_clES1A_EUlNSW_7nd_itemILi2EEEE_  compiled SIMD32 allocated 256 regs and spilled around 17

Build succeeded.
Compilation from IR - skipping loading of FCL
Build succeeded.
Compilation from IR - skipping loading of FCL
Build succeeded.
Compilation from IR - skipping loading of FCL
Build succeeded.
[ 75%] Building CXX object src/CMakeFiles/athena.dir/radiation/radiation_update.cpp.o
Compilation from IR - skipping loading of FCL
Build succeeded.
Compilation from IR - skipping loading of FCL
Build succeeded.
Compilation from IR - skipping loading of FCL
Build succeeded.
Compilation from IR - skipping loading of FCL
Build succeeded.
Compilation from IR - skipping loading of FCL
Build succeeded.
Compilation from IR - skipping loading of FCL
Build succeeded.
Compilation from IR - skipping loading of FCL
Build succeeded.
Compilation from IR - skipping loading of FCL
Build succeeded.
Compilation from IR - skipping loading of FCL
Build succeeded.
Compilation from IR - skipping loading of FCL
Build succeeded.
Compilation from IR - skipping loading of FCL
Build succeeded.
Compilation from IR - skipping loading of FCL
Build succeeded.
[ 77%] Building CXX object src/CMakeFiles/athena.dir/shearing_box/orbital_advection.cpp.o
[ 77%] Building CXX object src/CMakeFiles/athena.dir/shearing_box/orbital_advection_cc.cpp.o
Compilation from IR - skipping loading of FCL
Build succeeded.
[ 77%] Building CXX object src/CMakeFiles/athena.dir/shearing_box/orbital_advection_fc.cpp.o
Compilation from IR - skipping loading of FCL
Build succeeded.
[ 78%] Building CXX object src/CMakeFiles/athena.dir/shearing_box/orbital_advection_tasks.cpp.o
[ 78%] Building CXX object src/CMakeFiles/athena.dir/shearing_box/shearing_box.cpp.o
Compilation from IR - skipping loading of FCL
Build succeeded.
Compilation from IR - skipping loading of FCL
Build succeeded.
Compilation from IR - skipping loading of FCL
Build succeeded.
Compilation from IR - skipping loading of FCL
Build succeeded.
Compilation from IR - skipping loading of FCL
Build succeeded.
Compilation from IR - skipping loading of FCL
Build succeeded.
[ 79%] Building CXX object src/CMakeFiles/athena.dir/shearing_box/shearing_box_cc.cpp.o
[ 79%] Building CXX object src/CMakeFiles/athena.dir/shearing_box/shearing_box_fc.cpp.o
Compilation from IR - skipping loading of FCL
Build succeeded.
Compilation from IR - skipping loading of FCL
Build succeeded.
Compilation from IR - skipping loading of FCL
Build succeeded.
Compilation from IR - skipping loading of FCL
Build succeeded.
Compilation from IR - skipping loading of FCL
Build succeeded.
[ 79%] Building CXX object src/CMakeFiles/athena.dir/shearing_box/shearing_box_srcterms.cpp.o
[ 81%] Building CXX object src/CMakeFiles/athena.dir/shearing_box/shearing_box_tasks.cpp.o
[ 81%] Building CXX object src/CMakeFiles/athena.dir/srcterms/srcterms.cpp.o
Compilation from IR - skipping loading of FCL
Build succeeded.
Compilation from IR - skipping loading of FCL
Build succeeded.
Compilation from IR - skipping loading of FCL
Build succeeded.
Compilation from IR - skipping loading of FCL
Build succeeded.
[ 82%] Building CXX object src/CMakeFiles/athena.dir/srcterms/srcterms_newdt.cpp.o
[ 82%] Building CXX object src/CMakeFiles/athena.dir/srcterms/turb_driver.cpp.o
Compilation from IR - skipping loading of FCL
Build succeeded.
Compilation from IR - skipping loading of FCL
Build succeeded.
Compilation from IR - skipping loading of FCL
Build succeeded.
Compilation from IR - skipping loading of FCL
Build succeeded.
[ 82%] Building CXX object src/CMakeFiles/athena.dir/tasklist/numerical_relativity.cpp.o
Compilation from IR - skipping loading of FCL
Build succeeded.
Compilation from IR - skipping loading of FCL
Build succeeded.
Compilation from IR - skipping loading of FCL
Build succeeded.
Compilation from IR - skipping loading of FCL
Build succeeded.
[ 83%] Building CXX object src/CMakeFiles/athena.dir/units/units.cpp.o
Compilation from IR - skipping loading of FCL
Build succeeded.
Compilation from IR - skipping loading of FCL

warning: [RetryManager] Start recompilation of the kernel
in kernel: 'typeinfo name for Kokkos::Impl::FunctorWrapperRangePolicyParallelForCustom<Kokkos::Impl::SYCLFunctionWrapper<z4c::CartoonCentralSample z4c::SampleCartoonCentralDiagnostics<2>(Mesh*)::'lambda'(int), Kokkos::Impl::SYCLInternal::USMObjectMem<(sycl::_V1::usm::alloc)0>, true>, Kokkos::RangePolicy<Kokkos::SYCL>>'

warning: [RetryManager] Start recompilation of the kernel
in kernel: 'typeinfo name for Kokkos::Impl::FunctorWrapperRangePolicyParallelForCustom<Kokkos::Impl::SYCLFunctionWrapper<z4c::CartoonCentralSample z4c::SampleCartoonCentralDiagnostics<3>(Mesh*)::'lambda'(int), Kokkos::Impl::SYCLInternal::USMObjectMem<(sycl::_V1::usm::alloc)0>, true>, Kokkos::RangePolicy<Kokkos::SYCL>>'

warning: [RetryManager] Start recompilation of the kernel
in kernel: 'typeinfo name for Kokkos::Impl::FunctorWrapperRangePolicyParallelForCustom<Kokkos::Impl::SYCLFunctionWrapper<z4c::CartoonCentralSample z4c::SampleCartoonCentralDiagnostics<4>(Mesh*)::'lambda'(int), Kokkos::Impl::SYCLInternal::USMObjectMem<(sycl::_V1::usm::alloc)0>, true>, Kokkos::RangePolicy<Kokkos::SYCL>>'

warning: kernel _ZTSN6Kokkos4Impl42FunctorWrapperRangePolicyParallelForCustomINS0_19SYCLFunctionWrapperIZN3z4c31SampleCartoonCentralDiagnosticsILi2EEENS3_20CartoonCentralSampleEP4MeshEUliE_NS0_12SYCLInternal12USMObjectMemILN4sycl3_V13usm5allocE0EEELb1EEENS_11RangePolicyIJNS_4SYCLEEEEEE  compiled SIMD32 allocated 256 regs and spilled around 70

warning: kernel _ZTSN6Kokkos4Impl42FunctorWrapperRangePolicyParallelForCustomINS0_19SYCLFunctionWrapperIZN3z4c31SampleCartoonCentralDiagnosticsILi3EEENS3_20CartoonCentralSampleEP4MeshEUliE_NS0_12SYCLInternal12USMObjectMemILN4sycl3_V13usm5allocE0EEELb1EEENS_11RangePolicyIJNS_4SYCLEEEEEE  compiled SIMD32 allocated 256 regs and spilled around 94

warning: kernel _ZTSN6Kokkos4Impl42FunctorWrapperRangePolicyParallelForCustomINS0_19SYCLFunctionWrapperIZN3z4c31SampleCartoonCentralDiagnosticsILi4EEENS3_20CartoonCentralSampleEP4MeshEUliE_NS0_12SYCLInternal12USMObjectMemILN4sycl3_V13usm5allocE0EEELb1EEENS_11RangePolicyIJNS_4SYCLEEEEEE  compiled SIMD32 allocated 256 regs and spilled around 167

warning: [RetryManager] Used previous version of the kernel, reason : NO_Retry_Pick_Prv
in kernel: 'typeinfo name for Kokkos::Impl::FunctorWrapperRangePolicyParallelForCustom<Kokkos::Impl::SYCLFunctionWrapper<z4c::CartoonCentralSample z4c::SampleCartoonCentralDiagnostics<2>(Mesh*)::'lambda'(int), Kokkos::Impl::SYCLInternal::USMObjectMem<(sycl::_V1::usm::alloc)0>, true>, Kokkos::RangePolicy<Kokkos::SYCL>>'

warning: [RetryManager] Used previous version of the kernel, reason : NO_Retry_Pick_Prv
in kernel: 'typeinfo name for Kokkos::Impl::FunctorWrapperRangePolicyParallelForCustom<Kokkos::Impl::SYCLFunctionWrapper<z4c::CartoonCentralSample z4c::SampleCartoonCentralDiagnostics<3>(Mesh*)::'lambda'(int), Kokkos::Impl::SYCLInternal::USMObjectMem<(sycl::_V1::usm::alloc)0>, true>, Kokkos::RangePolicy<Kokkos::SYCL>>'

Build succeeded.
Compilation from IR - skipping loading of FCL
Build succeeded.
Compilation from IR - skipping loading of FCL

warning: kernel _ZTSN6Kokkos4Impl42FunctorWrapperRangePolicyParallelForCustomINS0_19SYCLFunctionWrapperIZ7par_forIZN9radiation9Radiation16RadFluidCouplingEP6DriveriEUliiiiE_EvRKNSt7__cxx1112basic_stringIcSt11char_traitsIcESaIcEEENS_4SYCLERKiSJ_SJ_SJ_SJ_SJ_SJ_SJ_RKT_EUlSJ_E_NS0_12SYCLInternal12USMObjectMemILN4sycl3_V13usm5allocE0EEELb0EEENS_11RangePolicyIJEEEEE  compiled SIMD32 allocated 256 regs and spilled around 14

Build succeeded.
Compilation from IR - skipping loading of FCL
Build succeeded.
Compilation from IR - skipping loading of FCL
Build succeeded.
[ 83%] Building CXX object src/CMakeFiles/athena.dir/utils/change_rundir.cpp.o
[ 83%] Building CXX object src/CMakeFiles/athena.dir/utils/derived_vars.cpp.o
[ 85%] Building CXX object src/CMakeFiles/athena.dir/utils/show_config.cpp.o
[ 85%] Building CXX object src/CMakeFiles/athena.dir/utils/lagrange_interpolator.cpp.o
[ 86%] Building CXX object src/CMakeFiles/athena.dir/utils/tov/tov.cpp.o
Compilation from IR - skipping loading of FCL
Build succeeded.
Compilation from IR - skipping loading of FCL
Build succeeded.
[ 86%] Building CXX object src/CMakeFiles/athena.dir/utils/tr_table.cpp.o
Compilation from IR - skipping loading of FCL
Build succeeded.
Compilation from IR - skipping loading of FCL
Build succeeded.
Compilation from IR - skipping loading of FCL
Build succeeded.
Compilation from IR - skipping loading of FCL
Build succeeded.
Compilation from IR - skipping loading of FCL
Build succeeded.
Compilation from IR - skipping loading of FCL
Build succeeded.
[ 86%] Building CXX object src/CMakeFiles/athena.dir/utils/cart_grid.cpp.o
Compilation from IR - skipping loading of FCL
Build succeeded.
Compilation from IR - skipping loading of FCL
Build succeeded.
[ 87%] Building CXX object src/CMakeFiles/athena.dir/utils/spherical_surface.cpp.o
[ 87%] Building CXX object src/CMakeFiles/athena.dir/z4c/compact_object_tracker.cpp.o
Compilation from IR - skipping loading of FCL
Build succeeded.
[ 87%] Building CXX object src/CMakeFiles/athena.dir/z4c/curvature_diagnostics.cpp.o
[ 89%] Building CXX object src/CMakeFiles/athena.dir/z4c/fastflow.cpp.o
[ 89%] Building CXX object src/CMakeFiles/athena.dir/z4c/cartoon_m0_fastflow.cpp.o
Compilation from IR - skipping loading of FCL
Build succeeded.
[ 90%] Building CXX object src/CMakeFiles/athena.dir/z4c/horizon_dump.cpp.o
Compilation from IR - skipping loading of FCL
Build succeeded.
Compilation from IR - skipping loading of FCL

warning: Adding 33 occurrences of additional control flow due to presence of generic address space operations
in function _ZTSZZNK6Kokkos4Impl11ParallelForIZ13par_for_outerIZN18OrbitalAdvectionCC15RecvAndUnpackCCERNS_4ViewIPPPPPdJNS_11LayoutRightENS_18SYCLDeviceUSMSpaceEEEE20ReconstructionMethodEUlNS0_14SYCLTeamMemberEiiiiE_EvRKNSt7__cxx1112basic_stringIcSt11char_traitsIcESaIcEEENS_4SYCLEmiiiiiiiiiRKT_EUlSF_E_NS_10TeamPolicyIJEEESP_E18sycl_direct_launchINS0_19SYCLFunctionWrapperIST_NS0_12SYCLInternal12USMObjectMemILN4sycl3_V13usm5allocE0EEELb0EEEEENS12_5eventENS12_9multi_ptrIcLNS12_6access13address_spaceE4ELNS19_9decoratedE2EEESS_RKS17_ENKUlRNS12_7handlerEE_clES1G_EUlNS12_7nd_itemILi2EEEE_ (Enable PrintVerboseGenericControlFlowLog flag to acquire detailed log. Requires debuginfo!)

Build succeeded.
Compilation from IR - skipping loading of FCL
Build succeeded.
[ 90%] Building CXX object src/CMakeFiles/athena.dir/z4c/tmunu.cpp.o
[ 90%] Building CXX object src/CMakeFiles/athena.dir/z4c/amr_jump_diagnostic.cpp.o
Compilation from IR - skipping loading of FCL
Build succeeded.
Compilation from IR - skipping loading of FCL
Build succeeded.
Compilation from IR - skipping loading of FCL

warning: [RetryManager] Start recompilation of the kernel
in kernel: 'typeinfo name for Kokkos::Impl::FunctorWrapperRangePolicyParallelForCustom<Kokkos::Impl::SYCLFunctionWrapper<void par_for<radiation::Radiation::SetOrthonormalTetrad()::'lambda3'(int, int, int, int)>(std::__cxx11::basic_string<char, std::char_traits<char>, std::allocator<char>> const&, Kokkos::SYCL, int const&, int const&, int const&, int const&, int const&, int const&, int const&, int const&, radiation::Radiation::SetOrthonormalTetrad()::'lambda3'(int, int, int, int) const&)::'lambda'(int const&), Kokkos::Impl::SYCLInternal::USMObjectMem<(sycl::_V1::usm::alloc)0>, false>, Kokkos::RangePolicy<>>'

Build succeeded.
Compilation from IR - skipping loading of FCL
Build succeeded.
Compilation from IR - skipping loading of FCL
Build succeeded.
Compilation from IR - skipping loading of FCL
Build succeeded.
Compilation from IR - skipping loading of FCL

warning: Adding 43 occurrences of additional control flow due to presence of generic address space operations
in function _ZTSZZNK6Kokkos4Impl11ParallelForIZ13par_for_outerIZN18OrbitalAdvectionFC15RecvAndUnpackFCER13DvceFaceFld4DIdE20ReconstructionMethodEUlNS0_14SYCLTeamMemberEiiiiE_EvRKNSt7__cxx1112basic_stringIcSt11char_traitsIcESaIcEEENS_4SYCLEmiiiiiiiiiRKT_EUlS8_E_NS_10TeamPolicyIJEEESI_E18sycl_direct_launchINS0_19SYCLFunctionWrapperISM_NS0_12SYCLInternal12USMObjectMemILN4sycl3_V13usm5allocE0EEELb0EEEEENSV_5eventENSV_9multi_ptrIcLNSV_6access13address_spaceE4ELNS12_9decoratedE2EEESL_RKS10_ENKUlRNSV_7handlerEE_clES19_EUlNSV_7nd_itemILi2EEEE_ (Enable PrintVerboseGenericControlFlowLog flag to acquire detailed log. Requires debuginfo!)

Build succeeded.
Compilation from IR - skipping loading of FCL
Build succeeded.
Compilation from IR - skipping loading of FCL
Build succeeded.
[ 91%] Building CXX object src/CMakeFiles/athena.dir/z4c/chi_parent_provenance.cpp.o
[ 91%] Building CXX object src/CMakeFiles/athena.dir/z4c/z4c.cpp.o
[ 93%] Building CXX object src/CMakeFiles/athena.dir/z4c/z4c_adm.cpp.o
[ 93%] Building CXX object src/CMakeFiles/athena.dir/z4c/z4c_calcrhs.cpp.o
Compilation from IR - skipping loading of FCL
Build succeeded.
Compilation from IR - skipping loading of FCL

warning: Adding 37 occurrences of additional control flow due to presence of generic address space operations
in function _ZTSZZNK6Kokkos4Impl11ParallelForIZ13par_for_outerIZN13ShearingBoxFC13PackAndSendFCER13DvceFaceFld4DIdE20ReconstructionMethodEUlNS0_14SYCLTeamMemberEiiiiE_EvRKNSt7__cxx1112basic_stringIcSt11char_traitsIcESaIcEEENS_4SYCLEmiiiiiiiiiRKT_EUlS8_E_NS_10TeamPolicyIJEEESI_E18sycl_direct_launchINS0_19SYCLFunctionWrapperISM_NS0_12SYCLInternal12USMObjectMemILN4sycl3_V13usm5allocE0EEELb0EEEEENSV_5eventENSV_9multi_ptrIcLNSV_6access13address_spaceE4ELNS12_9decoratedE2EEESL_RKS10_ENKUlRNSV_7handlerEE_clES19_EUlNSV_7nd_itemILi2EEEE_ (Enable PrintVerboseGenericControlFlowLog flag to acquire detailed log. Requires debuginfo!)

Build succeeded.
Compilation from IR - skipping loading of FCL
Build succeeded.
Compilation from IR - skipping loading of FCL
Build succeeded.
[ 93%] Building CXX object src/CMakeFiles/athena.dir/z4c/z4c_newdt.cpp.o
Compilation from IR - skipping loading of FCL

warning: Adding 29 occurrences of additional control flow due to presence of generic address space operations
in function _ZTSZZNK6Kokkos4Impl11ParallelForIZ13par_for_outerIZN13ShearingBoxCC13PackAndSendCCERNS_4ViewIPPPPPdJNS_11LayoutRightENS_18SYCLDeviceUSMSpaceEEEE20ReconstructionMethodEUlNS0_14SYCLTeamMemberEiiiiE_EvRKNSt7__cxx1112basic_stringIcSt11char_traitsIcESaIcEEENS_4SYCLEmiiiiiiiiiRKT_EUlSF_E_NS_10TeamPolicyIJEEESP_E18sycl_direct_launchINS0_19SYCLFunctionWrapperIST_NS0_12SYCLInternal12USMObjectMemILN4sycl3_V13usm5allocE0EEELb0EEEEENS12_5eventENS12_9multi_ptrIcLNS12_6access13address_spaceE4ELNS19_9decoratedE2EEESS_RKS17_ENKUlRNS12_7handlerEE_clES1G_EUlNS12_7nd_itemILi2EEEE_ (Enable PrintVerboseGenericControlFlowLog flag to acquire detailed log. Requires debuginfo!)

Build succeeded.
Compilation from IR - skipping loading of FCL
Build succeeded.
Compilation from IR - skipping loading of FCL
Build succeeded.
Compilation from IR - skipping loading of FCL
Build succeeded.
Compilation from IR - skipping loading of FCL
Build succeeded.
Compilation from IR - skipping loading of FCL
Build succeeded.
Compilation from IR - skipping loading of FCL
Build succeeded.
Compilation from IR - skipping loading of FCL
Build succeeded.
[ 94%] Building CXX object src/CMakeFiles/athena.dir/z4c/z4c_tasks.cpp.o
[ 94%] Building CXX object src/CMakeFiles/athena.dir/z4c/z4c_update.cpp.o
[ 94%] Building CXX object src/CMakeFiles/athena.dir/z4c/z4c_gauge.cpp.o
Compilation from IR - skipping loading of FCL
Build succeeded.
[ 95%] Building CXX object src/CMakeFiles/athena.dir/z4c/z4c_symmetry.cpp.o
[ 95%] Building CXX object src/CMakeFiles/athena.dir/z4c/z4c_Sbc.cpp.o
[ 97%] Building CXX object src/CMakeFiles/athena.dir/z4c/z4c_restart.cpp.o
Compilation from IR - skipping loading of FCL
Build succeeded.
Compilation from IR - skipping loading of FCL
Build succeeded.
[ 97%] Building CXX object src/CMakeFiles/athena.dir/z4c/z4c_calculate_weyl_scalars.cpp.o
Compilation from IR - skipping loading of FCL
Build succeeded.
Compilation from IR - skipping loading of FCL
Build succeeded.
[ 97%] Building CXX object src/CMakeFiles/athena.dir/z4c/z4c_wave_extr.cpp.o
[ 98%] Building CXX object src/CMakeFiles/athena.dir/z4c/z4c_amr.cpp.o
[ 98%] Building CXX object src/CMakeFiles/athena.dir/z4c/cce/cce.cpp.o
[ 98%] Building CXX object src/CMakeFiles/athena.dir/__/tst/unit/z4c/cartoon_production_kernel_test.cpp.o
Compilation from IR - skipping loading of FCL
Build succeeded.
Compilation from IR - skipping loading of FCL
Build succeeded.
Compilation from IR - skipping loading of FCL
Build succeeded.
Compilation from IR - skipping loading of FCL
Build succeeded.
Compilation from IR - skipping loading of FCL
Build succeeded.
Compilation from IR - skipping loading of FCL
Build succeeded.
Compilation from IR - skipping loading of FCL
Build succeeded.
Compilation from IR - skipping loading of FCL
Build succeeded.
Compilation from IR - skipping loading of FCL
Build succeeded.
Compilation from IR - skipping loading of FCL
Build succeeded.
Compilation from IR - skipping loading of FCL
Build succeeded.
Compilation from IR - skipping loading of FCL
Build succeeded.
Compilation from IR - skipping loading of FCL
Build succeeded.
Compilation from IR - skipping loading of FCL
Build succeeded.
Compilation from IR - skipping loading of FCL
Build succeeded.
Compilation from IR - skipping loading of FCL
Build succeeded.
Compilation from IR - skipping loading of FCL
Build succeeded.
Compilation from IR - skipping loading of FCL
Build succeeded.
Compilation from IR - skipping loading of FCL
Build succeeded.
Compilation from IR - skipping loading of FCL
Build succeeded.
Compilation from IR - skipping loading of FCL
Build succeeded.
Compilation from IR - skipping loading of FCL
Build succeeded.
Compilation from IR - skipping loading of FCL
Build succeeded.
Compilation from IR - skipping loading of FCL
Build succeeded.
Compilation from IR - skipping loading of FCL
Build succeeded.
Compilation from IR - skipping loading of FCL
Build succeeded.
Compilation from IR - skipping loading of FCL
Build succeeded.
Compilation from IR - skipping loading of FCL
Build succeeded.
Compilation from IR - skipping loading of FCL
Build succeeded.
Compilation from IR - skipping loading of FCL
Build succeeded.
Compilation from IR - skipping loading of FCL
Build succeeded.
Compilation from IR - skipping loading of FCL
Build succeeded.
Compilation from IR - skipping loading of FCL
Build succeeded.
Compilation from IR - skipping loading of FCL
Build succeeded.
Compilation from IR - skipping loading of FCL

warning: kernel _ZTSN6Kokkos4Impl42FunctorWrapperRangePolicyParallelForCustomINS0_19SYCLFunctionWrapperIZ7par_forIZN3z4c3Z4c18Z4cBoundaryRHSImplINS4_11Cartesian3DEEE10TaskStatusP6DriveriEUliiiE_EvRKNSt7__cxx1112basic_stringIcSt11char_traitsIcESaIcEEENS_4SYCLERKiSM_SM_SM_SM_SM_RKT_EUlSM_E_NS0_12SYCLInternal12USMObjectMemILN4sycl3_V13usm5allocE0EEELb0EEENS_11RangePolicyIJEEEEE  compiled SIMD32 allocated 256 regs and spilled around 20

warning: kernel _ZTSN6Kokkos4Impl42FunctorWrapperRangePolicyParallelForCustomINS0_19SYCLFunctionWrapperIZ7par_forIZN3z4c3Z4c18Z4cBoundaryRHSImplINS4_11Cartesian3DEEE10TaskStatusP6DriveriEUliiiE0_EvRKNSt7__cxx1112basic_stringIcSt11char_traitsIcESaIcEEENS_4SYCLERKiSM_SM_SM_SM_SM_RKT_EUlSM_E_NS0_12SYCLInternal12USMObjectMemILN4sycl3_V13usm5allocE0EEELb0EEENS_11RangePolicyIJEEEEE  compiled SIMD32 allocated 256 regs and spilled around 58

warning: kernel _ZTSN6Kokkos4Impl42FunctorWrapperRangePolicyParallelForCustomINS0_19SYCLFunctionWrapperIZ7par_forIZN3z4c3Z4c18Z4cBoundaryRHSImplINS4_11Cartesian3DEEE10TaskStatusP6DriveriEUliiiE1_EvRKNSt7__cxx1112basic_stringIcSt11char_traitsIcESaIcEEENS_4SYCLERKiSM_SM_SM_SM_SM_RKT_EUlSM_E_NS0_12SYCLInternal12USMObjectMemILN4sycl3_V13usm5allocE0EEELb0EEENS_11RangePolicyIJEEEEE  compiled SIMD32 allocated 256 regs and spilled around 56

warning: kernel _ZTSN6Kokkos4Impl42FunctorWrapperRangePolicyParallelForCustomINS0_19SYCLFunctionWrapperIZ7par_forIZN3z4c3Z4c18Z4cBoundaryRHSImplINS4_10CartoonSO2EEE10TaskStatusP6DriveriEUliiiE_EvRKNSt7__cxx1112basic_stringIcSt11char_traitsIcESaIcEEENS_4SYCLERKiSM_SM_SM_SM_SM_RKT_EUlSM_E_NS0_12SYCLInternal12USMObjectMemILN4sycl3_V13usm5allocE0EEELb0EEENS_11RangePolicyIJEEEEE  compiled SIMD32 allocated 256 regs and spilled around 12

warning: kernel _ZTSN6Kokkos4Impl42FunctorWrapperRangePolicyParallelForCustomINS0_19SYCLFunctionWrapperIZ7par_forIZN3z4c3Z4c18Z4cBoundaryRHSImplINS4_10CartoonSO2EEE10TaskStatusP6DriveriEUliiiE0_EvRKNSt7__cxx1112basic_stringIcSt11char_traitsIcESaIcEEENS_4SYCLERKiSM_SM_SM_SM_SM_RKT_EUlSM_E_NS0_12SYCLInternal12USMObjectMemILN4sycl3_V13usm5allocE0EEELb0EEENS_11RangePolicyIJEEEEE  compiled SIMD32 allocated 256 regs and spilled around 16

warning: kernel _ZTSN6Kokkos4Impl42FunctorWrapperRangePolicyParallelForCustomINS0_19SYCLFunctionWrapperIZ7par_forIZN3z4c3Z4c18Z4cBoundaryRHSImplINS4_10CartoonSO2EEE10TaskStatusP6DriveriEUliiiE1_EvRKNSt7__cxx1112basic_stringIcSt11char_traitsIcESaIcEEENS_4SYCLERKiSM_SM_SM_SM_SM_RKT_EUlSM_E_NS0_12SYCLInternal12USMObjectMemILN4sycl3_V13usm5allocE0EEELb0EEENS_11RangePolicyIJEEEEE  compiled SIMD32 allocated 256 regs and spilled around 30

Build succeeded.
Compilation from IR - skipping loading of FCL
Build succeeded.
Compilation from IR - skipping loading of FCL
Build succeeded.
Compilation from IR - skipping loading of FCL
Build succeeded.
Compilation from IR - skipping loading of FCL

warning: Adding 125 occurrences of additional control flow due to presence of generic address space operations
in function _ZTSZZNK6Kokkos4Impl11ParallelForIZ13par_for_outerIZN3mhd3MHD15CalculateFluxesIL11MHD_RSolver0EEEvP6DriveriEUlNS0_14SYCLTeamMemberEiiiE_EvRKNSt7__cxx1112basic_stringIcSt11char_traitsIcESaIcEEENS_4SYCLEmiiiiiiiRKT_EUlS9_E_NS_10TeamPolicyIJEEESJ_E18sycl_direct_launchINS0_19SYCLFunctionWrapperISN_NS0_12SYCLInternal12USMObjectMemILN4sycl3_V13usm5allocE0EEELb0EEEEENSW_5eventENSW_9multi_ptrIcLNSW_6access13address_spaceE4ELNS13_9decoratedE2EEESM_RKS11_ENKUlRNSW_7handlerEE_clES1A_EUlNSW_7nd_itemILi2EEEE_ (Enable PrintVerboseGenericControlFlowLog flag to acquire detailed log. Requires debuginfo!)

warning: Adding 125 occurrences of additional control flow due to presence of generic address space operations
in function _ZTSZZNK6Kokkos4Impl11ParallelForIZ13par_for_outerIZN3mhd3MHD15CalculateFluxesIL11MHD_RSolver0EEEvP6DriveriEUlNS0_14SYCLTeamMemberEiiE_EvRKNSt7__cxx1112basic_stringIcSt11char_traitsIcESaIcEEENS_4SYCLEmiiiiiRKT_EUlS9_E_NS_10TeamPolicyIJEEESJ_E18sycl_direct_launchINS0_19SYCLFunctionWrapperISN_NS0_12SYCLInternal12USMObjectMemILN4sycl3_V13usm5allocE0EEELb0EEEEENSW_5eventENSW_9multi_ptrIcLNSW_6access13address_spaceE4ELNS13_9decoratedE2EEESM_RKS11_ENKUlRNSW_7handlerEE_clES1A_EUlNSW_7nd_itemILi2EEEE_ (Enable PrintVerboseGenericControlFlowLog flag to acquire detailed log. Requires debuginfo!)

warning: Adding 125 occurrences of additional control flow due to presence of generic address space operations
in function _ZTSZZNK6Kokkos4Impl11ParallelForIZ13par_for_outerIZN3mhd3MHD15CalculateFluxesIL11MHD_RSolver0EEEvP6DriveriEUlNS0_14SYCLTeamMemberEiiE0_EvRKNSt7__cxx1112basic_stringIcSt11char_traitsIcESaIcEEENS_4SYCLEmiiiiiRKT_EUlS9_E_NS_10TeamPolicyIJEEESJ_E18sycl_direct_launchINS0_19SYCLFunctionWrapperISN_NS0_12SYCLInternal12USMObjectMemILN4sycl3_V13usm5allocE0EEELb0EEEEENSW_5eventENSW_9multi_ptrIcLNSW_6access13address_spaceE4ELNS13_9decoratedE2EEESM_RKS11_ENKUlRNSW_7handlerEE_clES1A_EUlNSW_7nd_itemILi2EEEE_ (Enable PrintVerboseGenericControlFlowLog flag to acquire detailed log. Requires debuginfo!)

warning: Adding 111 occurrences of additional control flow due to presence of generic address space operations
in function _ZTSZZNK6Kokkos4Impl11ParallelForIZ13par_for_outerIZN3mhd3MHD15CalculateFluxesIL11MHD_RSolver1EEEvP6DriveriEUlNS0_14SYCLTeamMemberEiiiE_EvRKNSt7__cxx1112basic_stringIcSt11char_traitsIcESaIcEEENS_4SYCLEmiiiiiiiRKT_EUlS9_E_NS_10TeamPolicyIJEEESJ_E18sycl_direct_launchINS0_19SYCLFunctionWrapperISN_NS0_12SYCLInternal12USMObjectMemILN4sycl3_V13usm5allocE0EEELb0EEEEENSW_5eventENSW_9multi_ptrIcLNSW_6access13address_spaceE4ELNS13_9decoratedE2EEESM_RKS11_ENKUlRNSW_7handlerEE_clES1A_EUlNSW_7nd_itemILi2EEEE_ (Enable PrintVerboseGenericControlFlowLog flag to acquire detailed log. Requires debuginfo!)

warning: Adding 111 occurrences of additional control flow due to presence of generic address space operations
in function _ZTSZZNK6Kokkos4Impl11ParallelForIZ13par_for_outerIZN3mhd3MHD15CalculateFluxesIL11MHD_RSolver1EEEvP6DriveriEUlNS0_14SYCLTeamMemberEiiE_EvRKNSt7__cxx1112basic_stringIcSt11char_traitsIcESaIcEEENS_4SYCLEmiiiiiRKT_EUlS9_E_NS_10TeamPolicyIJEEESJ_E18sycl_direct_launchINS0_19SYCLFunctionWrapperISN_NS0_12SYCLInternal12USMObjectMemILN4sycl3_V13usm5allocE0EEELb0EEEEENSW_5eventENSW_9multi_ptrIcLNSW_6access13address_spaceE4ELNS13_9decoratedE2EEESM_RKS11_ENKUlRNSW_7handlerEE_clES1A_EUlNSW_7nd_itemILi2EEEE_ (Enable PrintVerboseGenericControlFlowLog flag to acquire detailed log. Requires debuginfo!)

warning: Adding 111 occurrences of additional control flow due to presence of generic address space operations
in function _ZTSZZNK6Kokkos4Impl11ParallelForIZ13par_for_outerIZN3mhd3MHD15CalculateFluxesIL11MHD_RSolver1EEEvP6DriveriEUlNS0_14SYCLTeamMemberEiiE0_EvRKNSt7__cxx1112basic_stringIcSt11char_traitsIcESaIcEEENS_4SYCLEmiiiiiRKT_EUlS9_E_NS_10TeamPolicyIJEEESJ_E18sycl_direct_launchINS0_19SYCLFunctionWrapperISN_NS0_12SYCLInternal12USMObjectMemILN4sycl3_V13usm5allocE0EEELb0EEEEENSW_5eventENSW_9multi_ptrIcLNSW_6access13address_spaceE4ELNS13_9decoratedE2EEESM_RKS11_ENKUlRNSW_7handlerEE_clES1A_EUlNSW_7nd_itemILi2EEEE_ (Enable PrintVerboseGenericControlFlowLog flag to acquire detailed log. Requires debuginfo!)

warning: Adding 111 occurrences of additional control flow due to presence of generic address space operations
in function _ZTSZZNK6Kokkos4Impl11ParallelForIZ13par_for_outerIZN3mhd3MHD15CalculateFluxesIL11MHD_RSolver2EEEvP6DriveriEUlNS0_14SYCLTeamMemberEiiiE_EvRKNSt7__cxx1112basic_stringIcSt11char_traitsIcESaIcEEENS_4SYCLEmiiiiiiiRKT_EUlS9_E_NS_10TeamPolicyIJEEESJ_E18sycl_direct_launchINS0_19SYCLFunctionWrapperISN_NS0_12SYCLInternal12USMObjectMemILN4sycl3_V13usm5allocE0EEELb0EEEEENSW_5eventENSW_9multi_ptrIcLNSW_6access13address_spaceE4ELNS13_9decoratedE2EEESM_RKS11_ENKUlRNSW_7handlerEE_clES1A_EUlNSW_7nd_itemILi2EEEE_ (Enable PrintVerboseGenericControlFlowLog flag to acquire detailed log. Requires debuginfo!)

warning: Adding 111 occurrences of additional control flow due to presence of generic address space operations
in function _ZTSZZNK6Kokkos4Impl11ParallelForIZ13par_for_outerIZN3mhd3MHD15CalculateFluxesIL11MHD_RSolver2EEEvP6DriveriEUlNS0_14SYCLTeamMemberEiiE_EvRKNSt7__cxx1112basic_stringIcSt11char_traitsIcESaIcEEENS_4SYCLEmiiiiiRKT_EUlS9_E_NS_10TeamPolicyIJEEESJ_E18sycl_direct_launchINS0_19SYCLFunctionWrapperISN_NS0_12SYCLInternal12USMObjectMemILN4sycl3_V13usm5allocE0EEELb0EEEEENSW_5eventENSW_9multi_ptrIcLNSW_6access13address_spaceE4ELNS13_9decoratedE2EEESM_RKS11_ENKUlRNSW_7handlerEE_clES1A_EUlNSW_7nd_itemILi2EEEE_ (Enable PrintVerboseGenericControlFlowLog flag to acquire detailed log. Requires debuginfo!)

warning: Adding 111 occurrences of additional control flow due to presence of generic address space operations
in function _ZTSZZNK6Kokkos4Impl11ParallelForIZ13par_for_outerIZN3mhd3MHD15CalculateFluxesIL11MHD_RSolver2EEEvP6DriveriEUlNS0_14SYCLTeamMemberEiiE0_EvRKNSt7__cxx1112basic_stringIcSt11char_traitsIcESaIcEEENS_4SYCLEmiiiiiRKT_EUlS9_E_NS_10TeamPolicyIJEEESJ_E18sycl_direct_launchINS0_19SYCLFunctionWrapperISN_NS0_12SYCLInternal12USMObjectMemILN4sycl3_V13usm5allocE0EEELb0EEEEENSW_5eventENSW_9multi_ptrIcLNSW_6access13address_spaceE4ELNS13_9decoratedE2EEESM_RKS11_ENKUlRNSW_7handlerEE_clES1A_EUlNSW_7nd_itemILi2EEEE_ (Enable PrintVerboseGenericControlFlowLog flag to acquire detailed log. Requires debuginfo!)

warning: Adding 130 occurrences of additional control flow due to presence of generic address space operations
in function _ZTSZZNK6Kokkos4Impl11ParallelForIZ13par_for_outerIZN3mhd3MHD15CalculateFluxesIL11MHD_RSolver3EEEvP6DriveriEUlNS0_14SYCLTeamMemberEiiiE_EvRKNSt7__cxx1112basic_stringIcSt11char_traitsIcESaIcEEENS_4SYCLEmiiiiiiiRKT_EUlS9_E_NS_10TeamPolicyIJEEESJ_E18sycl_direct_launchINS0_19SYCLFunctionWrapperISN_NS0_12SYCLInternal12USMObjectMemILN4sycl3_V13usm5allocE0EEELb0EEEEENSW_5eventENSW_9multi_ptrIcLNSW_6access13address_spaceE4ELNS13_9decoratedE2EEESM_RKS11_ENKUlRNSW_7handlerEE_clES1A_EUlNSW_7nd_itemILi2EEEE_ (Enable PrintVerboseGenericControlFlowLog flag to acquire detailed log. Requires debuginfo!)

warning: Adding 130 occurrences of additional control flow due to presence of generic address space operations
in function _ZTSZZNK6Kokkos4Impl11ParallelForIZ13par_for_outerIZN3mhd3MHD15CalculateFluxesIL11MHD_RSolver3EEEvP6DriveriEUlNS0_14SYCLTeamMemberEiiE_EvRKNSt7__cxx1112basic_stringIcSt11char_traitsIcESaIcEEENS_4SYCLEmiiiiiRKT_EUlS9_E_NS_10TeamPolicyIJEEESJ_E18sycl_direct_launchINS0_19SYCLFunctionWrapperISN_NS0_12SYCLInternal12USMObjectMemILN4sycl3_V13usm5allocE0EEELb0EEEEENSW_5eventENSW_9multi_ptrIcLNSW_6access13address_spaceE4ELNS13_9decoratedE2EEESM_RKS11_ENKUlRNSW_7handlerEE_clES1A_EUlNSW_7nd_itemILi2EEEE_ (Enable PrintVerboseGenericControlFlowLog flag to acquire detailed log. Requires debuginfo!)

warning: Adding 130 occurrences of additional control flow due to presence of generic address space operations
in function _ZTSZZNK6Kokkos4Impl11ParallelForIZ13par_for_outerIZN3mhd3MHD15CalculateFluxesIL11MHD_RSolver3EEEvP6DriveriEUlNS0_14SYCLTeamMemberEiiE0_EvRKNSt7__cxx1112basic_stringIcSt11char_traitsIcESaIcEEENS_4SYCLEmiiiiiRKT_EUlS9_E_NS_10TeamPolicyIJEEESJ_E18sycl_direct_launchINS0_19SYCLFunctionWrapperISN_NS0_12SYCLInternal12USMObjectMemILN4sycl3_V13usm5allocE0EEELb0EEEEENSW_5eventENSW_9multi_ptrIcLNSW_6access13address_spaceE4ELNS13_9decoratedE2EEESM_RKS11_ENKUlRNSW_7handlerEE_clES1A_EUlNSW_7nd_itemILi2EEEE_ (Enable PrintVerboseGenericControlFlowLog flag to acquire detailed log. Requires debuginfo!)

warning: Adding 111 occurrences of additional control flow due to presence of generic address space operations
in function _ZTSZZNK6Kokkos4Impl11ParallelForIZ13par_for_outerIZN3mhd3MHD15CalculateFluxesIL11MHD_RSolver5EEEvP6DriveriEUlNS0_14SYCLTeamMemberEiiiE_EvRKNSt7__cxx1112basic_stringIcSt11char_traitsIcESaIcEEENS_4SYCLEmiiiiiiiRKT_EUlS9_E_NS_10TeamPolicyIJEEESJ_E18sycl_direct_launchINS0_19SYCLFunctionWrapperISN_NS0_12SYCLInternal12USMObjectMemILN4sycl3_V13usm5allocE0EEELb0EEEEENSW_5eventENSW_9multi_ptrIcLNSW_6access13address_spaceE4ELNS13_9decoratedE2EEESM_RKS11_ENKUlRNSW_7handlerEE_clES1A_EUlNSW_7nd_itemILi2EEEE_ (Enable PrintVerboseGenericControlFlowLog flag to acquire detailed log. Requires debuginfo!)

warning: Adding 111 occurrences of additional control flow due to presence of generic address space operations
in function _ZTSZZNK6Kokkos4Impl11ParallelForIZ13par_for_outerIZN3mhd3MHD15CalculateFluxesIL11MHD_RSolver5EEEvP6DriveriEUlNS0_14SYCLTeamMemberEiiE_EvRKNSt7__cxx1112basic_stringIcSt11char_traitsIcESaIcEEENS_4SYCLEmiiiiiRKT_EUlS9_E_NS_10TeamPolicyIJEEESJ_E18sycl_direct_launchINS0_19SYCLFunctionWrapperISN_NS0_12SYCLInternal12USMObjectMemILN4sycl3_V13usm5allocE0EEELb0EEEEENSW_5eventENSW_9multi_ptrIcLNSW_6access13address_spaceE4ELNS13_9decoratedE2EEESM_RKS11_ENKUlRNSW_7handlerEE_clES1A_EUlNSW_7nd_itemILi2EEEE_ (Enable PrintVerboseGenericControlFlowLog flag to acquire detailed log. Requires debuginfo!)

warning: Adding 111 occurrences of additional control flow due to presence of generic address space operations
in function _ZTSZZNK6Kokkos4Impl11ParallelForIZ13par_for_outerIZN3mhd3MHD15CalculateFluxesIL11MHD_RSolver5EEEvP6DriveriEUlNS0_14SYCLTeamMemberEiiE0_EvRKNSt7__cxx1112basic_stringIcSt11char_traitsIcESaIcEEENS_4SYCLEmiiiiiRKT_EUlS9_E_NS_10TeamPolicyIJEEESJ_E18sycl_direct_launchINS0_19SYCLFunctionWrapperISN_NS0_12SYCLInternal12USMObjectMemILN4sycl3_V13usm5allocE0EEELb0EEEEENSW_5eventENSW_9multi_ptrIcLNSW_6access13address_spaceE4ELNS13_9decoratedE2EEESM_RKS11_ENKUlRNSW_7handlerEE_clES1A_EUlNSW_7nd_itemILi2EEEE_ (Enable PrintVerboseGenericControlFlowLog flag to acquire detailed log. Requires debuginfo!)

warning: Adding 114 occurrences of additional control flow due to presence of generic address space operations
in function _ZTSZZNK6Kokkos4Impl11ParallelForIZ13par_for_outerIZN3mhd3MHD15CalculateFluxesIL11MHD_RSolver6EEEvP6DriveriEUlNS0_14SYCLTeamMemberEiiiE_EvRKNSt7__cxx1112basic_stringIcSt11char_traitsIcESaIcEEENS_4SYCLEmiiiiiiiRKT_EUlS9_E_NS_10TeamPolicyIJEEESJ_E18sycl_direct_launchINS0_19SYCLFunctionWrapperISN_NS0_12SYCLInternal12USMObjectMemILN4sycl3_V13usm5allocE0EEELb0EEEEENSW_5eventENSW_9multi_ptrIcLNSW_6access13address_spaceE4ELNS13_9decoratedE2EEESM_RKS11_ENKUlRNSW_7handlerEE_clES1A_EUlNSW_7nd_itemILi2EEEE_ (Enable PrintVerboseGenericControlFlowLog flag to acquire detailed log. Requires debuginfo!)

warning: Adding 114 occurrences of additional control flow due to presence of generic address space operations
in function _ZTSZZNK6Kokkos4Impl11ParallelForIZ13par_for_outerIZN3mhd3MHD15CalculateFluxesIL11MHD_RSolver6EEEvP6DriveriEUlNS0_14SYCLTeamMemberEiiE_EvRKNSt7__cxx1112basic_stringIcSt11char_traitsIcESaIcEEENS_4SYCLEmiiiiiRKT_EUlS9_E_NS_10TeamPolicyIJEEESJ_E18sycl_direct_launchINS0_19SYCLFunctionWrapperISN_NS0_12SYCLInternal12USMObjectMemILN4sycl3_V13usm5allocE0EEELb0EEEEENSW_5eventENSW_9multi_ptrIcLNSW_6access13address_spaceE4ELNS13_9decoratedE2EEESM_RKS11_ENKUlRNSW_7handlerEE_clES1A_EUlNSW_7nd_itemILi2EEEE_ (Enable PrintVerboseGenericControlFlowLog flag to acquire detailed log. Requires debuginfo!)

warning: Adding 114 occurrences of additional control flow due to presence of generic address space operations
in function _ZTSZZNK6Kokkos4Impl11ParallelForIZ13par_for_outerIZN3mhd3MHD15CalculateFluxesIL11MHD_RSolver6EEEvP6DriveriEUlNS0_14SYCLTeamMemberEiiE0_EvRKNSt7__cxx1112basic_stringIcSt11char_traitsIcESaIcEEENS_4SYCLEmiiiiiRKT_EUlS9_E_NS_10TeamPolicyIJEEESJ_E18sycl_direct_launchINS0_19SYCLFunctionWrapperISN_NS0_12SYCLInternal12USMObjectMemILN4sycl3_V13usm5allocE0EEELb0EEEEENSW_5eventENSW_9multi_ptrIcLNSW_6access13address_spaceE4ELNS13_9decoratedE2EEESM_RKS11_ENKUlRNSW_7handlerEE_clES1A_EUlNSW_7nd_itemILi2EEEE_ (Enable PrintVerboseGenericControlFlowLog flag to acquire detailed log. Requires debuginfo!)

warning: Adding 117 occurrences of additional control flow due to presence of generic address space operations
in function _ZTSZZNK6Kokkos4Impl11ParallelForIZ13par_for_outerIZN3mhd3MHD15CalculateFluxesIL11MHD_RSolver7EEEvP6DriveriEUlNS0_14SYCLTeamMemberEiiiE_EvRKNSt7__cxx1112basic_stringIcSt11char_traitsIcESaIcEEENS_4SYCLEmiiiiiiiRKT_EUlS9_E_NS_10TeamPolicyIJEEESJ_E18sycl_direct_launchINS0_19SYCLFunctionWrapperISN_NS0_12SYCLInternal12USMObjectMemILN4sycl3_V13usm5allocE0EEELb0EEEEENSW_5eventENSW_9multi_ptrIcLNSW_6access13address_spaceE4ELNS13_9decoratedE2EEESM_RKS11_ENKUlRNSW_7handlerEE_clES1A_EUlNSW_7nd_itemILi2EEEE_ (Enable PrintVerboseGenericControlFlowLog flag to acquire detailed log. Requires debuginfo!)

warning: Adding 117 occurrences of additional control flow due to presence of generic address space operations
in function _ZTSZZNK6Kokkos4Impl11ParallelForIZ13par_for_outerIZN3mhd3MHD15CalculateFluxesIL11MHD_RSolver7EEEvP6DriveriEUlNS0_14SYCLTeamMemberEiiE_EvRKNSt7__cxx1112basic_stringIcSt11char_traitsIcESaIcEEENS_4SYCLEmiiiiiRKT_EUlS9_E_NS_10TeamPolicyIJEEESJ_E18sycl_direct_launchINS0_19SYCLFunctionWrapperISN_NS0_12SYCLInternal12USMObjectMemILN4sycl3_V13usm5allocE0EEELb0EEEEENSW_5eventENSW_9multi_ptrIcLNSW_6access13address_spaceE4ELNS13_9decoratedE2EEESM_RKS11_ENKUlRNSW_7handlerEE_clES1A_EUlNSW_7nd_itemILi2EEEE_ (Enable PrintVerboseGenericControlFlowLog flag to acquire detailed log. Requires debuginfo!)

warning: Adding 117 occurrences of additional control flow due to presence of generic address space operations
in function _ZTSZZNK6Kokkos4Impl11ParallelForIZ13par_for_outerIZN3mhd3MHD15CalculateFluxesIL11MHD_RSolver7EEEvP6DriveriEUlNS0_14SYCLTeamMemberEiiE0_EvRKNSt7__cxx1112basic_stringIcSt11char_traitsIcESaIcEEENS_4SYCLEmiiiiiRKT_EUlS9_E_NS_10TeamPolicyIJEEESJ_E18sycl_direct_launchINS0_19SYCLFunctionWrapperISN_NS0_12SYCLInternal12USMObjectMemILN4sycl3_V13usm5allocE0EEELb0EEEEENSW_5eventENSW_9multi_ptrIcLNSW_6access13address_spaceE4ELNS13_9decoratedE2EEESM_RKS11_ENKUlRNSW_7handlerEE_clES1A_EUlNSW_7nd_itemILi2EEEE_ (Enable PrintVerboseGenericControlFlowLog flag to acquire detailed log. Requires debuginfo!)

warning: Adding 120 occurrences of additional control flow due to presence of generic address space operations
in function _ZTSZZNK6Kokkos4Impl11ParallelForIZ13par_for_outerIZN3mhd3MHD15CalculateFluxesIL11MHD_RSolver8EEEvP6DriveriEUlNS0_14SYCLTeamMemberEiiiE_EvRKNSt7__cxx1112basic_stringIcSt11char_traitsIcESaIcEEENS_4SYCLEmiiiiiiiRKT_EUlS9_E_NS_10TeamPolicyIJEEESJ_E18sycl_direct_launchINS0_19SYCLFunctionWrapperISN_NS0_12SYCLInternal12USMObjectMemILN4sycl3_V13usm5allocE0EEELb0EEEEENSW_5eventENSW_9multi_ptrIcLNSW_6access13address_spaceE4ELNS13_9decoratedE2EEESM_RKS11_ENKUlRNSW_7handlerEE_clES1A_EUlNSW_7nd_itemILi2EEEE_ (Enable PrintVerboseGenericControlFlowLog flag to acquire detailed log. Requires debuginfo!)

warning: Adding 120 occurrences of additional control flow due to presence of generic address space operations
in function _ZTSZZNK6Kokkos4Impl11ParallelForIZ13par_for_outerIZN3mhd3MHD15CalculateFluxesIL11MHD_RSolver8EEEvP6DriveriEUlNS0_14SYCLTeamMemberEiiE_EvRKNSt7__cxx1112basic_stringIcSt11char_traitsIcESaIcEEENS_4SYCLEmiiiiiRKT_EUlS9_E_NS_10TeamPolicyIJEEESJ_E18sycl_direct_launchINS0_19SYCLFunctionWrapperISN_NS0_12SYCLInternal12USMObjectMemILN4sycl3_V13usm5allocE0EEELb0EEEEENSW_5eventENSW_9multi_ptrIcLNSW_6access13address_spaceE4ELNS13_9decoratedE2EEESM_RKS11_ENKUlRNSW_7handlerEE_clES1A_EUlNSW_7nd_itemILi2EEEE_ (Enable PrintVerboseGenericControlFlowLog flag to acquire detailed log. Requires debuginfo!)

warning: Adding 120 occurrences of additional control flow due to presence of generic address space operations
in function _ZTSZZNK6Kokkos4Impl11ParallelForIZ13par_for_outerIZN3mhd3MHD15CalculateFluxesIL11MHD_RSolver8EEEvP6DriveriEUlNS0_14SYCLTeamMemberEiiE0_EvRKNSt7__cxx1112basic_stringIcSt11char_traitsIcESaIcEEENS_4SYCLEmiiiiiRKT_EUlS9_E_NS_10TeamPolicyIJEEESJ_E18sycl_direct_launchINS0_19SYCLFunctionWrapperISN_NS0_12SYCLInternal12USMObjectMemILN4sycl3_V13usm5allocE0EEELb0EEEEENSW_5eventENSW_9multi_ptrIcLNSW_6access13address_spaceE4ELNS13_9decoratedE2EEESM_RKS11_ENKUlRNSW_7handlerEE_clES1A_EUlNSW_7nd_itemILi2EEEE_ (Enable PrintVerboseGenericControlFlowLog flag to acquire detailed log. Requires debuginfo!)

warning: kernel _ZTSZZNK6Kokkos4Impl11ParallelForIZ13par_for_outerIZN3mhd3MHD15CalculateFluxesIL11MHD_RSolver2EEEvP6DriveriEUlNS0_14SYCLTeamMemberEiiiE_EvRKNSt7__cxx1112basic_stringIcSt11char_traitsIcESaIcEEENS_4SYCLEmiiiiiiiRKT_EUlS9_E_NS_10TeamPolicyIJEEESJ_E18sycl_direct_launchINS0_19SYCLFunctionWrapperISN_NS0_12SYCLInternal12USMObjectMemILN4sycl3_V13usm5allocE0EEELb0EEEEENSW_5eventENSW_9multi_ptrIcLNSW_6access13address_spaceE4ELNS13_9decoratedE2EEESM_RKS11_ENKUlRNSW_7handlerEE_clES1A_EUlNSW_7nd_itemILi2EEEE_  compiled SIMD32 allocated 256 regs and spilled around 21

warning: kernel _ZTSZZNK6Kokkos4Impl11ParallelForIZ13par_for_outerIZN3mhd3MHD15CalculateFluxesIL11MHD_RSolver6EEEvP6DriveriEUlNS0_14SYCLTeamMemberEiiiE_EvRKNSt7__cxx1112basic_stringIcSt11char_traitsIcESaIcEEENS_4SYCLEmiiiiiiiRKT_EUlS9_E_NS_10TeamPolicyIJEEESJ_E18sycl_direct_launchINS0_19SYCLFunctionWrapperISN_NS0_12SYCLInternal12USMObjectMemILN4sycl3_V13usm5allocE0EEELb0EEEEENSW_5eventENSW_9multi_ptrIcLNSW_6access13address_spaceE4ELNS13_9decoratedE2EEESM_RKS11_ENKUlRNSW_7handlerEE_clES1A_EUlNSW_7nd_itemILi2EEEE_  compiled SIMD32 allocated 256 regs and spilled around 20

warning: [RetryManager] Start recompilation of the kernel
in kernel: 'typeinfo name for sycl::_V1::event Kokkos::Impl::ParallelFor<void par_for_outer<void mhd::MHD::CalculateFluxes<(MHD_RSolver)2>(Driver*, int)::'lambda'(Kokkos::Impl::SYCLTeamMember, int, int)>(std::__cxx11::basic_string<char, std::char_traits<char>, std::allocator<char>> const&, Kokkos::SYCL, unsigned long, int, int, int, int, int, void mhd::MHD::CalculateFluxes<(MHD_RSolver)2>(Driver*, int)::'lambda'(Kokkos::Impl::SYCLTeamMember, int, int) const&)::'lambda'(Kokkos::Impl::SYCLTeamMember), Kokkos::TeamPolicy<>, Kokkos::SYCL>::sycl_direct_launch<Kokkos::Impl::SYCLFunctionWrapper<void par_for_outer<void mhd::MHD::CalculateFluxes<(MHD_RSolver)2>(Driver*, int)::'lambda'(Kokkos::Impl::SYCLTeamMember, int, int)>(std::__cxx11::basic_string<char, std::char_traits<char>, std::allocator<char>> const&, Kokkos::SYCL, unsigned long, int, int, int, int, int, void mhd::MHD::CalculateFluxes<(MHD_RSolver)2>(Driver*, int)::'lambda'(Kokkos::Impl::SYCLTeamMember, int, int) const&)::'lambda'(Kokkos::Impl::SYCLTeamMember), Kokkos::Impl::SYCLInternal::USMObjectMem<(sycl::_V1::usm::alloc)0>, false>>(sycl::_V1::multi_ptr<char, (sycl::_V1::access::address_space)4, (sycl::_V1::access::decorated)2>, void mhd::MHD::CalculateFluxes<(MHD_RSolver)2>(Driver*, int)::'lambda'(Kokkos::Impl::SYCLTeamMember, int, int) const&, sycl::_V1::event const&) const::'lambda'(sycl::_V1::handler&)::operator()(sycl::_V1::handler&) const::'lambda'(sycl::_V1::nd_item<2>)'

warning: [RetryManager] Start recompilation of the kernel
in kernel: 'typeinfo name for sycl::_V1::event Kokkos::Impl::ParallelFor<void par_for_outer<void mhd::MHD::CalculateFluxes<(MHD_RSolver)2>(Driver*, int)::'lambda0'(Kokkos::Impl::SYCLTeamMember, int, int)>(std::__cxx11::basic_string<char, std::char_traits<char>, std::allocator<char>> const&, Kokkos::SYCL, unsigned long, int, int, int, int, int, void mhd::MHD::CalculateFluxes<(MHD_RSolver)2>(Driver*, int)::'lambda0'(Kokkos::Impl::SYCLTeamMember, int, int) const&)::'lambda'(Kokkos::Impl::SYCLTeamMember), Kokkos::TeamPolicy<>, Kokkos::SYCL>::sycl_direct_launch<Kokkos::Impl::SYCLFunctionWrapper<void par_for_outer<void mhd::MHD::CalculateFluxes<(MHD_RSolver)2>(Driver*, int)::'lambda0'(Kokkos::Impl::SYCLTeamMember, int, int)>(std::__cxx11::basic_string<char, std::char_traits<char>, std::allocator<char>> const&, Kokkos::SYCL, unsigned long, int, int, int, int, int, void mhd::MHD::CalculateFluxes<(MHD_RSolver)2>(Driver*, int)::'lambda0'(Kokkos::Impl::SYCLTeamMember, int, int) const&)::'lambda'(Kokkos::Impl::SYCLTeamMember), Kokkos::Impl::SYCLInternal::USMObjectMem<(sycl::_V1::usm::alloc)0>, false>>(sycl::_V1::multi_ptr<char, (sycl::_V1::access::address_space)4, (sycl::_V1::access::decorated)2>, void mhd::MHD::CalculateFluxes<(MHD_RSolver)2>(Driver*, int)::'lambda0'(Kokkos::Impl::SYCLTeamMember, int, int) const&, sycl::_V1::event const&) const::'lambda'(sycl::_V1::handler&)::operator()(sycl::_V1::handler&) const::'lambda'(sycl::_V1::nd_item<2>)'

warning: [RetryManager] Start recompilation of the kernel
in kernel: 'typeinfo name for sycl::_V1::event Kokkos::Impl::ParallelFor<void par_for_outer<void mhd::MHD::CalculateFluxes<(MHD_RSolver)3>(Driver*, int)::'lambda'(Kokkos::Impl::SYCLTeamMember, int, int, int)>(std::__cxx11::basic_string<char, std::char_traits<char>, std::allocator<char>> const&, Kokkos::SYCL, unsigned long, int, int, int, int, int, int, int, void mhd::MHD::CalculateFluxes<(MHD_RSolver)3>(Driver*, int)::'lambda'(Kokkos::Impl::SYCLTeamMember, int, int, int) const&)::'lambda'(Kokkos::Impl::SYCLTeamMember), Kokkos::TeamPolicy<>, Kokkos::SYCL>::sycl_direct_launch<Kokkos::Impl::SYCLFunctionWrapper<void par_for_outer<void mhd::MHD::CalculateFluxes<(MHD_RSolver)3>(Driver*, int)::'lambda'(Kokkos::Impl::SYCLTeamMember, int, int, int)>(std::__cxx11::basic_string<char, std::char_traits<char>, std::allocator<char>> const&, Kokkos::SYCL, unsigned long, int, int, int, int, int, int, int, void mhd::MHD::CalculateFluxes<(MHD_RSolver)3>(Driver*, int)::'lambda'(Kokkos::Impl::SYCLTeamMember, int, int, int) const&)::'lambda'(Kokkos::Impl::SYCLTeamMember), Kokkos::Impl::SYCLInternal::USMObjectMem<(sycl::_V1::usm::alloc)0>, false>>(sycl::_V1::multi_ptr<char, (sycl::_V1::access::address_space)4, (sycl::_V1::access::decorated)2>, void mhd::MHD::CalculateFluxes<(MHD_RSolver)3>(Driver*, int)::'lambda'(Kokkos::Impl::SYCLTeamMember, int, int, int) const&, sycl::_V1::event const&) const::'lambda'(sycl::_V1::handler&)::operator()(sycl::_V1::handler&) const::'lambda'(sycl::_V1::nd_item<2>)'

warning: [RetryManager] Start recompilation of the kernel
in kernel: 'typeinfo name for sycl::_V1::event Kokkos::Impl::ParallelFor<void par_for_outer<void mhd::MHD::CalculateFluxes<(MHD_RSolver)3>(Driver*, int)::'lambda'(Kokkos::Impl::SYCLTeamMember, int, int)>(std::__cxx11::basic_string<char, std::char_traits<char>, std::allocator<char>> const&, Kokkos::SYCL, unsigned long, int, int, int, int, int, void mhd::MHD::CalculateFluxes<(MHD_RSolver)3>(Driver*, int)::'lambda'(Kokkos::Impl::SYCLTeamMember, int, int) const&)::'lambda'(Kokkos::Impl::SYCLTeamMember), Kokkos::TeamPolicy<>, Kokkos::SYCL>::sycl_direct_launch<Kokkos::Impl::SYCLFunctionWrapper<void par_for_outer<void mhd::MHD::CalculateFluxes<(MHD_RSolver)3>(Driver*, int)::'lambda'(Kokkos::Impl::SYCLTeamMember, int, int)>(std::__cxx11::basic_string<char, std::char_traits<char>, std::allocator<char>> const&, Kokkos::SYCL, unsigned long, int, int, int, int, int, void mhd::MHD::CalculateFluxes<(MHD_RSolver)3>(Driver*, int)::'lambda'(Kokkos::Impl::SYCLTeamMember, int, int) const&)::'lambda'(Kokkos::Impl::SYCLTeamMember), Kokkos::Impl::SYCLInternal::USMObjectMem<(sycl::_V1::usm::alloc)0>, false>>(sycl::_V1::multi_ptr<char, (sycl::_V1::access::address_space)4, (sycl::_V1::access::decorated)2>, void mhd::MHD::CalculateFluxes<(MHD_RSolver)3>(Driver*, int)::'lambda'(Kokkos::Impl::SYCLTeamMember, int, int) const&, sycl::_V1::event const&) const::'lambda'(sycl::_V1::handler&)::operator()(sycl::_V1::handler&) const::'lambda'(sycl::_V1::nd_item<2>)'

warning: [RetryManager] Start recompilation of the kernel
in kernel: 'typeinfo name for sycl::_V1::event Kokkos::Impl::ParallelFor<void par_for_outer<void mhd::MHD::CalculateFluxes<(MHD_RSolver)3>(Driver*, int)::'lambda0'(Kokkos::Impl::SYCLTeamMember, int, int)>(std::__cxx11::basic_string<char, std::char_traits<char>, std::allocator<char>> const&, Kokkos::SYCL, unsigned long, int, int, int, int, int, void mhd::MHD::CalculateFluxes<(MHD_RSolver)3>(Driver*, int)::'lambda0'(Kokkos::Impl::SYCLTeamMember, int, int) const&)::'lambda'(Kokkos::Impl::SYCLTeamMember), Kokkos::TeamPolicy<>, Kokkos::SYCL>::sycl_direct_launch<Kokkos::Impl::SYCLFunctionWrapper<void par_for_outer<void mhd::MHD::CalculateFluxes<(MHD_RSolver)3>(Driver*, int)::'lambda0'(Kokkos::Impl::SYCLTeamMember, int, int)>(std::__cxx11::basic_string<char, std::char_traits<char>, std::allocator<char>> const&, Kokkos::SYCL, unsigned long, int, int, int, int, int, void mhd::MHD::CalculateFluxes<(MHD_RSolver)3>(Driver*, int)::'lambda0'(Kokkos::Impl::SYCLTeamMember, int, int) const&)::'lambda'(Kokkos::Impl::SYCLTeamMember), Kokkos::Impl::SYCLInternal::USMObjectMem<(sycl::_V1::usm::alloc)0>, false>>(sycl::_V1::multi_ptr<char, (sycl::_V1::access::address_space)4, (sycl::_V1::access::decorated)2>, void mhd::MHD::CalculateFluxes<(MHD_RSolver)3>(Driver*, int)::'lambda0'(Kokkos::Impl::SYCLTeamMember, int, int) const&, sycl::_V1::event const&) const::'lambda'(sycl::_V1::handler&)::operator()(sycl::_V1::handler&) const::'lambda'(sycl::_V1::nd_item<2>)'

warning: [RetryManager] Start recompilation of the kernel
in kernel: 'typeinfo name for sycl::_V1::event Kokkos::Impl::ParallelFor<void par_for_outer<void mhd::MHD::CalculateFluxes<(MHD_RSolver)5>(Driver*, int)::'lambda'(Kokkos::Impl::SYCLTeamMember, int, int)>(std::__cxx11::basic_string<char, std::char_traits<char>, std::allocator<char>> const&, Kokkos::SYCL, unsigned long, int, int, int, int, int, void mhd::MHD::CalculateFluxes<(MHD_RSolver)5>(Driver*, int)::'lambda'(Kokkos::Impl::SYCLTeamMember, int, int) const&)::'lambda'(Kokkos::Impl::SYCLTeamMember), Kokkos::TeamPolicy<>, Kokkos::SYCL>::sycl_direct_launch<Kokkos::Impl::SYCLFunctionWrapper<void par_for_outer<void mhd::MHD::CalculateFluxes<(MHD_RSolver)5>(Driver*, int)::'lambda'(Kokkos::Impl::SYCLTeamMember, int, int)>(std::__cxx11::basic_string<char, std::char_traits<char>, std::allocator<char>> const&, Kokkos::SYCL, unsigned long, int, int, int, int, int, void mhd::MHD::CalculateFluxes<(MHD_RSolver)5>(Driver*, int)::'lambda'(Kokkos::Impl::SYCLTeamMember, int, int) const&)::'lambda'(Kokkos::Impl::SYCLTeamMember), Kokkos::Impl::SYCLInternal::USMObjectMem<(sycl::_V1::usm::alloc)0>, false>>(sycl::_V1::multi_ptr<char, (sycl::_V1::access::address_space)4, (sycl::_V1::access::decorated)2>, void mhd::MHD::CalculateFluxes<(MHD_RSolver)5>(Driver*, int)::'lambda'(Kokkos::Impl::SYCLTeamMember, int, int) const&, sycl::_V1::event const&) const::'lambda'(sycl::_V1::handler&)::operator()(sycl::_V1::handler&) const::'lambda'(sycl::_V1::nd_item<2>)'

warning: [RetryManager] Start recompilation of the kernel
in kernel: 'typeinfo name for sycl::_V1::event Kokkos::Impl::ParallelFor<void par_for_outer<void mhd::MHD::CalculateFluxes<(MHD_RSolver)5>(Driver*, int)::'lambda0'(Kokkos::Impl::SYCLTeamMember, int, int)>(std::__cxx11::basic_string<char, std::char_traits<char>, std::allocator<char>> const&, Kokkos::SYCL, unsigned long, int, int, int, int, int, void mhd::MHD::CalculateFluxes<(MHD_RSolver)5>(Driver*, int)::'lambda0'(Kokkos::Impl::SYCLTeamMember, int, int) const&)::'lambda'(Kokkos::Impl::SYCLTeamMember), Kokkos::TeamPolicy<>, Kokkos::SYCL>::sycl_direct_launch<Kokkos::Impl::SYCLFunctionWrapper<void par_for_outer<void mhd::MHD::CalculateFluxes<(MHD_RSolver)5>(Driver*, int)::'lambda0'(Kokkos::Impl::SYCLTeamMember, int, int)>(std::__cxx11::basic_string<char, std::char_traits<char>, std::allocator<char>> const&, Kokkos::SYCL, unsigned long, int, int, int, int, int, void mhd::MHD::CalculateFluxes<(MHD_RSolver)5>(Driver*, int)::'lambda0'(Kokkos::Impl::SYCLTeamMember, int, int) const&)::'lambda'(Kokkos::Impl::SYCLTeamMember), Kokkos::Impl::SYCLInternal::USMObjectMem<(sycl::_V1::usm::alloc)0>, false>>(sycl::_V1::multi_ptr<char, (sycl::_V1::access::address_space)4, (sycl::_V1::access::decorated)2>, void mhd::MHD::CalculateFluxes<(MHD_RSolver)5>(Driver*, int)::'lambda0'(Kokkos::Impl::SYCLTeamMember, int, int) const&, sycl::_V1::event const&) const::'lambda'(sycl::_V1::handler&)::operator()(sycl::_V1::handler&) const::'lambda'(sycl::_V1::nd_item<2>)'

warning: [RetryManager] Start recompilation of the kernel
in kernel: 'typeinfo name for sycl::_V1::event Kokkos::Impl::ParallelFor<void par_for_outer<void mhd::MHD::CalculateFluxes<(MHD_RSolver)6>(Driver*, int)::'lambda'(Kokkos::Impl::SYCLTeamMember, int, int)>(std::__cxx11::basic_string<char, std::char_traits<char>, std::allocator<char>> const&, Kokkos::SYCL, unsigned long, int, int, int, int, int, void mhd::MHD::CalculateFluxes<(MHD_RSolver)6>(Driver*, int)::'lambda'(Kokkos::Impl::SYCLTeamMember, int, int) const&)::'lambda'(Kokkos::Impl::SYCLTeamMember), Kokkos::TeamPolicy<>, Kokkos::SYCL>::sycl_direct_launch<Kokkos::Impl::SYCLFunctionWrapper<void par_for_outer<void mhd::MHD::CalculateFluxes<(MHD_RSolver)6>(Driver*, int)::'lambda'(Kokkos::Impl::SYCLTeamMember, int, int)>(std::__cxx11::basic_string<char, std::char_traits<char>, std::allocator<char>> const&, Kokkos::SYCL, unsigned long, int, int, int, int, int, void mhd::MHD::CalculateFluxes<(MHD_RSolver)6>(Driver*, int)::'lambda'(Kokkos::Impl::SYCLTeamMember, int, int) const&)::'lambda'(Kokkos::Impl::SYCLTeamMember), Kokkos::Impl::SYCLInternal::USMObjectMem<(sycl::_V1::usm::alloc)0>, false>>(sycl::_V1::multi_ptr<char, (sycl::_V1::access::address_space)4, (sycl::_V1::access::decorated)2>, void mhd::MHD::CalculateFluxes<(MHD_RSolver)6>(Driver*, int)::'lambda'(Kokkos::Impl::SYCLTeamMember, int, int) const&, sycl::_V1::event const&) const::'lambda'(sycl::_V1::handler&)::operator()(sycl::_V1::handler&) const::'lambda'(sycl::_V1::nd_item<2>)'

warning: [RetryManager] Start recompilation of the kernel
in kernel: 'typeinfo name for sycl::_V1::event Kokkos::Impl::ParallelFor<void par_for_outer<void mhd::MHD::CalculateFluxes<(MHD_RSolver)6>(Driver*, int)::'lambda0'(Kokkos::Impl::SYCLTeamMember, int, int)>(std::__cxx11::basic_string<char, std::char_traits<char>, std::allocator<char>> const&, Kokkos::SYCL, unsigned long, int, int, int, int, int, void mhd::MHD::CalculateFluxes<(MHD_RSolver)6>(Driver*, int)::'lambda0'(Kokkos::Impl::SYCLTeamMember, int, int) const&)::'lambda'(Kokkos::Impl::SYCLTeamMember), Kokkos::TeamPolicy<>, Kokkos::SYCL>::sycl_direct_launch<Kokkos::Impl::SYCLFunctionWrapper<void par_for_outer<void mhd::MHD::CalculateFluxes<(MHD_RSolver)6>(Driver*, int)::'lambda0'(Kokkos::Impl::SYCLTeamMember, int, int)>(std::__cxx11::basic_string<char, std::char_traits<char>, std::allocator<char>> const&, Kokkos::SYCL, unsigned long, int, int, int, int, int, void mhd::MHD::CalculateFluxes<(MHD_RSolver)6>(Driver*, int)::'lambda0'(Kokkos::Impl::SYCLTeamMember, int, int) const&)::'lambda'(Kokkos::Impl::SYCLTeamMember), Kokkos::Impl::SYCLInternal::USMObjectMem<(sycl::_V1::usm::alloc)0>, false>>(sycl::_V1::multi_ptr<char, (sycl::_V1::access::address_space)4, (sycl::_V1::access::decorated)2>, void mhd::MHD::CalculateFluxes<(MHD_RSolver)6>(Driver*, int)::'lambda0'(Kokkos::Impl::SYCLTeamMember, int, int) const&, sycl::_V1::event const&) const::'lambda'(sycl::_V1::handler&)::operator()(sycl::_V1::handler&) const::'lambda'(sycl::_V1::nd_item<2>)'

warning: [RetryManager] Start recompilation of the kernel
in kernel: 'typeinfo name for sycl::_V1::event Kokkos::Impl::ParallelFor<void par_for_outer<void mhd::MHD::CalculateFluxes<(MHD_RSolver)7>(Driver*, int)::'lambda'(Kokkos::Impl::SYCLTeamMember, int, int, int)>(std::__cxx11::basic_string<char, std::char_traits<char>, std::allocator<char>> const&, Kokkos::SYCL, unsigned long, int, int, int, int, int, int, int, void mhd::MHD::CalculateFluxes<(MHD_RSolver)7>(Driver*, int)::'lambda'(Kokkos::Impl::SYCLTeamMember, int, int, int) const&)::'lambda'(Kokkos::Impl::SYCLTeamMember), Kokkos::TeamPolicy<>, Kokkos::SYCL>::sycl_direct_launch<Kokkos::Impl::SYCLFunctionWrapper<void par_for_outer<void mhd::MHD::CalculateFluxes<(MHD_RSolver)7>(Driver*, int)::'lambda'(Kokkos::Impl::SYCLTeamMember, int, int, int)>(std::__cxx11::basic_string<char, std::char_traits<char>, std::allocator<char>> const&, Kokkos::SYCL, unsigned long, int, int, int, int, int, int, int, void mhd::MHD::CalculateFluxes<(MHD_RSolver)7>(Driver*, int)::'lambda'(Kokkos::Impl::SYCLTeamMember, int, int, int) const&)::'lambda'(Kokkos::Impl::SYCLTeamMember), Kokkos::Impl::SYCLInternal::USMObjectMem<(sycl::_V1::usm::alloc)0>, false>>(sycl::_V1::multi_ptr<char, (sycl::_V1::access::address_space)4, (sycl::_V1::access::decorated)2>, void mhd::MHD::CalculateFluxes<(MHD_RSolver)7>(Driver*, int)::'lambda'(Kokkos::Impl::SYCLTeamMember, int, int, int) const&, sycl::_V1::event const&) const::'lambda'(sycl::_V1::handler&)::operator()(sycl::_V1::handler&) const::'lambda'(sycl::_V1::nd_item<2>)'

warning: [RetryManager] Start recompilation of the kernel
in kernel: 'typeinfo name for sycl::_V1::event Kokkos::Impl::ParallelFor<void par_for_outer<void mhd::MHD::CalculateFluxes<(MHD_RSolver)7>(Driver*, int)::'lambda'(Kokkos::Impl::SYCLTeamMember, int, int)>(std::__cxx11::basic_string<char, std::char_traits<char>, std::allocator<char>> const&, Kokkos::SYCL, unsigned long, int, int, int, int, int, void mhd::MHD::CalculateFluxes<(MHD_RSolver)7>(Driver*, int)::'lambda'(Kokkos::Impl::SYCLTeamMember, int, int) const&)::'lambda'(Kokkos::Impl::SYCLTeamMember), Kokkos::TeamPolicy<>, Kokkos::SYCL>::sycl_direct_launch<Kokkos::Impl::SYCLFunctionWrapper<void par_for_outer<void mhd::MHD::CalculateFluxes<(MHD_RSolver)7>(Driver*, int)::'lambda'(Kokkos::Impl::SYCLTeamMember, int, int)>(std::__cxx11::basic_string<char, std::char_traits<char>, std::allocator<char>> const&, Kokkos::SYCL, unsigned long, int, int, int, int, int, void mhd::MHD::CalculateFluxes<(MHD_RSolver)7>(Driver*, int)::'lambda'(Kokkos::Impl::SYCLTeamMember, int, int) const&)::'lambda'(Kokkos::Impl::SYCLTeamMember), Kokkos::Impl::SYCLInternal::USMObjectMem<(sycl::_V1::usm::alloc)0>, false>>(sycl::_V1::multi_ptr<char, (sycl::_V1::access::address_space)4, (sycl::_V1::access::decorated)2>, void mhd::MHD::CalculateFluxes<(MHD_RSolver)7>(Driver*, int)::'lambda'(Kokkos::Impl::SYCLTeamMember, int, int) const&, sycl::_V1::event const&) const::'lambda'(sycl::_V1::handler&)::operator()(sycl::_V1::handler&) const::'lambda'(sycl::_V1::nd_item<2>)'

warning: [RetryManager] Start recompilation of the kernel
in kernel: 'typeinfo name for sycl::_V1::event Kokkos::Impl::ParallelFor<void par_for_outer<void mhd::MHD::CalculateFluxes<(MHD_RSolver)7>(Driver*, int)::'lambda0'(Kokkos::Impl::SYCLTeamMember, int, int)>(std::__cxx11::basic_string<char, std::char_traits<char>, std::allocator<char>> const&, Kokkos::SYCL, unsigned long, int, int, int, int, int, void mhd::MHD::CalculateFluxes<(MHD_RSolver)7>(Driver*, int)::'lambda0'(Kokkos::Impl::SYCLTeamMember, int, int) const&)::'lambda'(Kokkos::Impl::SYCLTeamMember), Kokkos::TeamPolicy<>, Kokkos::SYCL>::sycl_direct_launch<Kokkos::Impl::SYCLFunctionWrapper<void par_for_outer<void mhd::MHD::CalculateFluxes<(MHD_RSolver)7>(Driver*, int)::'lambda0'(Kokkos::Impl::SYCLTeamMember, int, int)>(std::__cxx11::basic_string<char, std::char_traits<char>, std::allocator<char>> const&, Kokkos::SYCL, unsigned long, int, int, int, int, int, void mhd::MHD::CalculateFluxes<(MHD_RSolver)7>(Driver*, int)::'lambda0'(Kokkos::Impl::SYCLTeamMember, int, int) const&)::'lambda'(Kokkos::Impl::SYCLTeamMember), Kokkos::Impl::SYCLInternal::USMObjectMem<(sycl::_V1::usm::alloc)0>, false>>(sycl::_V1::multi_ptr<char, (sycl::_V1::access::address_space)4, (sycl::_V1::access::decorated)2>, void mhd::MHD::CalculateFluxes<(MHD_RSolver)7>(Driver*, int)::'lambda0'(Kokkos::Impl::SYCLTeamMember, int, int) const&, sycl::_V1::event const&) const::'lambda'(sycl::_V1::handler&)::operator()(sycl::_V1::handler&) const::'lambda'(sycl::_V1::nd_item<2>)'

warning: [RetryManager] Start recompilation of the kernel
in kernel: 'typeinfo name for sycl::_V1::event Kokkos::Impl::ParallelFor<void par_for_outer<void mhd::MHD::CalculateFluxes<(MHD_RSolver)8>(Driver*, int)::'lambda'(Kokkos::Impl::SYCLTeamMember, int, int, int)>(std::__cxx11::basic_string<char, std::char_traits<char>, std::allocator<char>> const&, Kokkos::SYCL, unsigned long, int, int, int, int, int, int, int, void mhd::MHD::CalculateFluxes<(MHD_RSolver)8>(Driver*, int)::'lambda'(Kokkos::Impl::SYCLTeamMember, int, int, int) const&)::'lambda'(Kokkos::Impl::SYCLTeamMember), Kokkos::TeamPolicy<>, Kokkos::SYCL>::sycl_direct_launch<Kokkos::Impl::SYCLFunctionWrapper<void par_for_outer<void mhd::MHD::CalculateFluxes<(MHD_RSolver)8>(Driver*, int)::'lambda'(Kokkos::Impl::SYCLTeamMember, int, int, int)>(std::__cxx11::basic_string<char, std::char_traits<char>, std::allocator<char>> const&, Kokkos::SYCL, unsigned long, int, int, int, int, int, int, int, void mhd::MHD::CalculateFluxes<(MHD_RSolver)8>(Driver*, int)::'lambda'(Kokkos::Impl::SYCLTeamMember, int, int, int) const&)::'lambda'(Kokkos::Impl::SYCLTeamMember), Kokkos::Impl::SYCLInternal::USMObjectMem<(sycl::_V1::usm::alloc)0>, false>>(sycl::_V1::multi_ptr<char, (sycl::_V1::access::address_space)4, (sycl::_V1::access::decorated)2>, void mhd::MHD::CalculateFluxes<(MHD_RSolver)8>(Driver*, int)::'lambda'(Kokkos::Impl::SYCLTeamMember, int, int, int) const&, sycl::_V1::event const&) const::'lambda'(sycl::_V1::handler&)::operator()(sycl::_V1::handler&) const::'lambda'(sycl::_V1::nd_item<2>)'

warning: [RetryManager] Start recompilation of the kernel
in kernel: 'typeinfo name for sycl::_V1::event Kokkos::Impl::ParallelFor<void par_for_outer<void mhd::MHD::CalculateFluxes<(MHD_RSolver)8>(Driver*, int)::'lambda'(Kokkos::Impl::SYCLTeamMember, int, int)>(std::__cxx11::basic_string<char, std::char_traits<char>, std::allocator<char>> const&, Kokkos::SYCL, unsigned long, int, int, int, int, int, void mhd::MHD::CalculateFluxes<(MHD_RSolver)8>(Driver*, int)::'lambda'(Kokkos::Impl::SYCLTeamMember, int, int) const&)::'lambda'(Kokkos::Impl::SYCLTeamMember), Kokkos::TeamPolicy<>, Kokkos::SYCL>::sycl_direct_launch<Kokkos::Impl::SYCLFunctionWrapper<void par_for_outer<void mhd::MHD::CalculateFluxes<(MHD_RSolver)8>(Driver*, int)::'lambda'(Kokkos::Impl::SYCLTeamMember, int, int)>(std::__cxx11::basic_string<char, std::char_traits<char>, std::allocator<char>> const&, Kokkos::SYCL, unsigned long, int, int, int, int, int, void mhd::MHD::CalculateFluxes<(MHD_RSolver)8>(Driver*, int)::'lambda'(Kokkos::Impl::SYCLTeamMember, int, int) const&)::'lambda'(Kokkos::Impl::SYCLTeamMember), Kokkos::Impl::SYCLInternal::USMObjectMem<(sycl::_V1::usm::alloc)0>, false>>(sycl::_V1::multi_ptr<char, (sycl::_V1::access::address_space)4, (sycl::_V1::access::decorated)2>, void mhd::MHD::CalculateFluxes<(MHD_RSolver)8>(Driver*, int)::'lambda'(Kokkos::Impl::SYCLTeamMember, int, int) const&, sycl::_V1::event const&) const::'lambda'(sycl::_V1::handler&)::operator()(sycl::_V1::handler&) const::'lambda'(sycl::_V1::nd_item<2>)'

warning: [RetryManager] Start recompilation of the kernel
in kernel: 'typeinfo name for sycl::_V1::event Kokkos::Impl::ParallelFor<void par_for_outer<void mhd::MHD::CalculateFluxes<(MHD_RSolver)8>(Driver*, int)::'lambda0'(Kokkos::Impl::SYCLTeamMember, int, int)>(std::__cxx11::basic_string<char, std::char_traits<char>, std::allocator<char>> const&, Kokkos::SYCL, unsigned long, int, int, int, int, int, void mhd::MHD::CalculateFluxes<(MHD_RSolver)8>(Driver*, int)::'lambda0'(Kokkos::Impl::SYCLTeamMember, int, int) const&)::'lambda'(Kokkos::Impl::SYCLTeamMember), Kokkos::TeamPolicy<>, Kokkos::SYCL>::sycl_direct_launch<Kokkos::Impl::SYCLFunctionWrapper<void par_for_outer<void mhd::MHD::CalculateFluxes<(MHD_RSolver)8>(Driver*, int)::'lambda0'(Kokkos::Impl::SYCLTeamMember, int, int)>(std::__cxx11::basic_string<char, std::char_traits<char>, std::allocator<char>> const&, Kokkos::SYCL, unsigned long, int, int, int, int, int, void mhd::MHD::CalculateFluxes<(MHD_RSolver)8>(Driver*, int)::'lambda0'(Kokkos::Impl::SYCLTeamMember, int, int) const&)::'lambda'(Kokkos::Impl::SYCLTeamMember), Kokkos::Impl::SYCLInternal::USMObjectMem<(sycl::_V1::usm::alloc)0>, false>>(sycl::_V1::multi_ptr<char, (sycl::_V1::access::address_space)4, (sycl::_V1::access::decorated)2>, void mhd::MHD::CalculateFluxes<(MHD_RSolver)8>(Driver*, int)::'lambda0'(Kokkos::Impl::SYCLTeamMember, int, int) const&, sycl::_V1::event const&) const::'lambda'(sycl::_V1::handler&)::operator()(sycl::_V1::handler&) const::'lambda'(sycl::_V1::nd_item<2>)'

warning: Adding 111 occurrences of additional control flow due to presence of generic address space operations
in function _ZTSZZNK6Kokkos4Impl11ParallelForIZ13par_for_outerIZN3mhd3MHD15CalculateFluxesIL11MHD_RSolver2EEEvP6DriveriEUlNS0_14SYCLTeamMemberEiiE_EvRKNSt7__cxx1112basic_stringIcSt11char_traitsIcESaIcEEENS_4SYCLEmiiiiiRKT_EUlS9_E_NS_10TeamPolicyIJEEESJ_E18sycl_direct_launchINS0_19SYCLFunctionWrapperISN_NS0_12SYCLInternal12USMObjectMemILN4sycl3_V13usm5allocE0EEELb0EEEEENSW_5eventENSW_9multi_ptrIcLNSW_6access13address_spaceE4ELNS13_9decoratedE2EEESM_RKS11_ENKUlRNSW_7handlerEE_clES1A_EUlNSW_7nd_itemILi2EEEE_ (Enable PrintVerboseGenericControlFlowLog flag to acquire detailed log. Requires debuginfo!)

warning: Adding 111 occurrences of additional control flow due to presence of generic address space operations
in function _ZTSZZNK6Kokkos4Impl11ParallelForIZ13par_for_outerIZN3mhd3MHD15CalculateFluxesIL11MHD_RSolver2EEEvP6DriveriEUlNS0_14SYCLTeamMemberEiiE0_EvRKNSt7__cxx1112basic_stringIcSt11char_traitsIcESaIcEEENS_4SYCLEmiiiiiRKT_EUlS9_E_NS_10TeamPolicyIJEEESJ_E18sycl_direct_launchINS0_19SYCLFunctionWrapperISN_NS0_12SYCLInternal12USMObjectMemILN4sycl3_V13usm5allocE0EEELb0EEEEENSW_5eventENSW_9multi_ptrIcLNSW_6access13address_spaceE4ELNS13_9decoratedE2EEESM_RKS11_ENKUlRNSW_7handlerEE_clES1A_EUlNSW_7nd_itemILi2EEEE_ (Enable PrintVerboseGenericControlFlowLog flag to acquire detailed log. Requires debuginfo!)

warning: Adding 130 occurrences of additional control flow due to presence of generic address space operations
in function _ZTSZZNK6Kokkos4Impl11ParallelForIZ13par_for_outerIZN3mhd3MHD15CalculateFluxesIL11MHD_RSolver3EEEvP6DriveriEUlNS0_14SYCLTeamMemberEiiiE_EvRKNSt7__cxx1112basic_stringIcSt11char_traitsIcESaIcEEENS_4SYCLEmiiiiiiiRKT_EUlS9_E_NS_10TeamPolicyIJEEESJ_E18sycl_direct_launchINS0_19SYCLFunctionWrapperISN_NS0_12SYCLInternal12USMObjectMemILN4sycl3_V13usm5allocE0EEELb0EEEEENSW_5eventENSW_9multi_ptrIcLNSW_6access13address_spaceE4ELNS13_9decoratedE2EEESM_RKS11_ENKUlRNSW_7handlerEE_clES1A_EUlNSW_7nd_itemILi2EEEE_ (Enable PrintVerboseGenericControlFlowLog flag to acquire detailed log. Requires debuginfo!)

warning: Adding 130 occurrences of additional control flow due to presence of generic address space operations
in function _ZTSZZNK6Kokkos4Impl11ParallelForIZ13par_for_outerIZN3mhd3MHD15CalculateFluxesIL11MHD_RSolver3EEEvP6DriveriEUlNS0_14SYCLTeamMemberEiiE_EvRKNSt7__cxx1112basic_stringIcSt11char_traitsIcESaIcEEENS_4SYCLEmiiiiiRKT_EUlS9_E_NS_10TeamPolicyIJEEESJ_E18sycl_direct_launchINS0_19SYCLFunctionWrapperISN_NS0_12SYCLInternal12USMObjectMemILN4sycl3_V13usm5allocE0EEELb0EEEEENSW_5eventENSW_9multi_ptrIcLNSW_6access13address_spaceE4ELNS13_9decoratedE2EEESM_RKS11_ENKUlRNSW_7handlerEE_clES1A_EUlNSW_7nd_itemILi2EEEE_ (Enable PrintVerboseGenericControlFlowLog flag to acquire detailed log. Requires debuginfo!)

warning: Adding 130 occurrences of additional control flow due to presence of generic address space operations
in function _ZTSZZNK6Kokkos4Impl11ParallelForIZ13par_for_outerIZN3mhd3MHD15CalculateFluxesIL11MHD_RSolver3EEEvP6DriveriEUlNS0_14SYCLTeamMemberEiiE0_EvRKNSt7__cxx1112basic_stringIcSt11char_traitsIcESaIcEEENS_4SYCLEmiiiiiRKT_EUlS9_E_NS_10TeamPolicyIJEEESJ_E18sycl_direct_launchINS0_19SYCLFunctionWrapperISN_NS0_12SYCLInternal12USMObjectMemILN4sycl3_V13usm5allocE0EEELb0EEEEENSW_5eventENSW_9multi_ptrIcLNSW_6access13address_spaceE4ELNS13_9decoratedE2EEESM_RKS11_ENKUlRNSW_7handlerEE_clES1A_EUlNSW_7nd_itemILi2EEEE_ (Enable PrintVerboseGenericControlFlowLog flag to acquire detailed log. Requires debuginfo!)

warning: Adding 111 occurrences of additional control flow due to presence of generic address space operations
in function _ZTSZZNK6Kokkos4Impl11ParallelForIZ13par_for_outerIZN3mhd3MHD15CalculateFluxesIL11MHD_RSolver5EEEvP6DriveriEUlNS0_14SYCLTeamMemberEiiE_EvRKNSt7__cxx1112basic_stringIcSt11char_traitsIcESaIcEEENS_4SYCLEmiiiiiRKT_EUlS9_E_NS_10TeamPolicyIJEEESJ_E18sycl_direct_launchINS0_19SYCLFunctionWrapperISN_NS0_12SYCLInternal12USMObjectMemILN4sycl3_V13usm5allocE0EEELb0EEEEENSW_5eventENSW_9multi_ptrIcLNSW_6access13address_spaceE4ELNS13_9decoratedE2EEESM_RKS11_ENKUlRNSW_7handlerEE_clES1A_EUlNSW_7nd_itemILi2EEEE_ (Enable PrintVerboseGenericControlFlowLog flag to acquire detailed log. Requires debuginfo!)

warning: Adding 111 occurrences of additional control flow due to presence of generic address space operations
in function _ZTSZZNK6Kokkos4Impl11ParallelForIZ13par_for_outerIZN3mhd3MHD15CalculateFluxesIL11MHD_RSolver5EEEvP6DriveriEUlNS0_14SYCLTeamMemberEiiE0_EvRKNSt7__cxx1112basic_stringIcSt11char_traitsIcESaIcEEENS_4SYCLEmiiiiiRKT_EUlS9_E_NS_10TeamPolicyIJEEESJ_E18sycl_direct_launchINS0_19SYCLFunctionWrapperISN_NS0_12SYCLInternal12USMObjectMemILN4sycl3_V13usm5allocE0EEELb0EEEEENSW_5eventENSW_9multi_ptrIcLNSW_6access13address_spaceE4ELNS13_9decoratedE2EEESM_RKS11_ENKUlRNSW_7handlerEE_clES1A_EUlNSW_7nd_itemILi2EEEE_ (Enable PrintVerboseGenericControlFlowLog flag to acquire detailed log. Requires debuginfo!)

warning: Adding 114 occurrences of additional control flow due to presence of generic address space operations
in function _ZTSZZNK6Kokkos4Impl11ParallelForIZ13par_for_outerIZN3mhd3MHD15CalculateFluxesIL11MHD_RSolver6EEEvP6DriveriEUlNS0_14SYCLTeamMemberEiiE_EvRKNSt7__cxx1112basic_stringIcSt11char_traitsIcESaIcEEENS_4SYCLEmiiiiiRKT_EUlS9_E_NS_10TeamPolicyIJEEESJ_E18sycl_direct_launchINS0_19SYCLFunctionWrapperISN_NS0_12SYCLInternal12USMObjectMemILN4sycl3_V13usm5allocE0EEELb0EEEEENSW_5eventENSW_9multi_ptrIcLNSW_6access13address_spaceE4ELNS13_9decoratedE2EEESM_RKS11_ENKUlRNSW_7handlerEE_clES1A_EUlNSW_7nd_itemILi2EEEE_ (Enable PrintVerboseGenericControlFlowLog flag to acquire detailed log. Requires debuginfo!)

warning: Adding 114 occurrences of additional control flow due to presence of generic address space operations
in function _ZTSZZNK6Kokkos4Impl11ParallelForIZ13par_for_outerIZN3mhd3MHD15CalculateFluxesIL11MHD_RSolver6EEEvP6DriveriEUlNS0_14SYCLTeamMemberEiiE0_EvRKNSt7__cxx1112basic_stringIcSt11char_traitsIcESaIcEEENS_4SYCLEmiiiiiRKT_EUlS9_E_NS_10TeamPolicyIJEEESJ_E18sycl_direct_launchINS0_19SYCLFunctionWrapperISN_NS0_12SYCLInternal12USMObjectMemILN4sycl3_V13usm5allocE0EEELb0EEEEENSW_5eventENSW_9multi_ptrIcLNSW_6access13address_spaceE4ELNS13_9decoratedE2EEESM_RKS11_ENKUlRNSW_7handlerEE_clES1A_EUlNSW_7nd_itemILi2EEEE_ (Enable PrintVerboseGenericControlFlowLog flag to acquire detailed log. Requires debuginfo!)

warning: Adding 117 occurrences of additional control flow due to presence of generic address space operations
in function _ZTSZZNK6Kokkos4Impl11ParallelForIZ13par_for_outerIZN3mhd3MHD15CalculateFluxesIL11MHD_RSolver7EEEvP6DriveriEUlNS0_14SYCLTeamMemberEiiiE_EvRKNSt7__cxx1112basic_stringIcSt11char_traitsIcESaIcEEENS_4SYCLEmiiiiiiiRKT_EUlS9_E_NS_10TeamPolicyIJEEESJ_E18sycl_direct_launchINS0_19SYCLFunctionWrapperISN_NS0_12SYCLInternal12USMObjectMemILN4sycl3_V13usm5allocE0EEELb0EEEEENSW_5eventENSW_9multi_ptrIcLNSW_6access13address_spaceE4ELNS13_9decoratedE2EEESM_RKS11_ENKUlRNSW_7handlerEE_clES1A_EUlNSW_7nd_itemILi2EEEE_ (Enable PrintVerboseGenericControlFlowLog flag to acquire detailed log. Requires debuginfo!)

warning: Adding 117 occurrences of additional control flow due to presence of generic address space operations
in function _ZTSZZNK6Kokkos4Impl11ParallelForIZ13par_for_outerIZN3mhd3MHD15CalculateFluxesIL11MHD_RSolver7EEEvP6DriveriEUlNS0_14SYCLTeamMemberEiiE_EvRKNSt7__cxx1112basic_stringIcSt11char_traitsIcESaIcEEENS_4SYCLEmiiiiiRKT_EUlS9_E_NS_10TeamPolicyIJEEESJ_E18sycl_direct_launchINS0_19SYCLFunctionWrapperISN_NS0_12SYCLInternal12USMObjectMemILN4sycl3_V13usm5allocE0EEELb0EEEEENSW_5eventENSW_9multi_ptrIcLNSW_6access13address_spaceE4ELNS13_9decoratedE2EEESM_RKS11_ENKUlRNSW_7handlerEE_clES1A_EUlNSW_7nd_itemILi2EEEE_ (Enable PrintVerboseGenericControlFlowLog flag to acquire detailed log. Requires debuginfo!)

warning: Adding 117 occurrences of additional control flow due to presence of generic address space operations
in function _ZTSZZNK6Kokkos4Impl11ParallelForIZ13par_for_outerIZN3mhd3MHD15CalculateFluxesIL11MHD_RSolver7EEEvP6DriveriEUlNS0_14SYCLTeamMemberEiiE0_EvRKNSt7__cxx1112basic_stringIcSt11char_traitsIcESaIcEEENS_4SYCLEmiiiiiRKT_EUlS9_E_NS_10TeamPolicyIJEEESJ_E18sycl_direct_launchINS0_19SYCLFunctionWrapperISN_NS0_12SYCLInternal12USMObjectMemILN4sycl3_V13usm5allocE0EEELb0EEEEENSW_5eventENSW_9multi_ptrIcLNSW_6access13address_spaceE4ELNS13_9decoratedE2EEESM_RKS11_ENKUlRNSW_7handlerEE_clES1A_EUlNSW_7nd_itemILi2EEEE_ (Enable PrintVerboseGenericControlFlowLog flag to acquire detailed log. Requires debuginfo!)

warning: Adding 120 occurrences of additional control flow due to presence of generic address space operations
in function _ZTSZZNK6Kokkos4Impl11ParallelForIZ13par_for_outerIZN3mhd3MHD15CalculateFluxesIL11MHD_RSolver8EEEvP6DriveriEUlNS0_14SYCLTeamMemberEiiiE_EvRKNSt7__cxx1112basic_stringIcSt11char_traitsIcESaIcEEENS_4SYCLEmiiiiiiiRKT_EUlS9_E_NS_10TeamPolicyIJEEESJ_E18sycl_direct_launchINS0_19SYCLFunctionWrapperISN_NS0_12SYCLInternal12USMObjectMemILN4sycl3_V13usm5allocE0EEELb0EEEEENSW_5eventENSW_9multi_ptrIcLNSW_6access13address_spaceE4ELNS13_9decoratedE2EEESM_RKS11_ENKUlRNSW_7handlerEE_clES1A_EUlNSW_7nd_itemILi2EEEE_ (Enable PrintVerboseGenericControlFlowLog flag to acquire detailed log. Requires debuginfo!)

warning: Adding 120 occurrences of additional control flow due to presence of generic address space operations
in function _ZTSZZNK6Kokkos4Impl11ParallelForIZ13par_for_outerIZN3mhd3MHD15CalculateFluxesIL11MHD_RSolver8EEEvP6DriveriEUlNS0_14SYCLTeamMemberEiiE_EvRKNSt7__cxx1112basic_stringIcSt11char_traitsIcESaIcEEENS_4SYCLEmiiiiiRKT_EUlS9_E_NS_10TeamPolicyIJEEESJ_E18sycl_direct_launchINS0_19SYCLFunctionWrapperISN_NS0_12SYCLInternal12USMObjectMemILN4sycl3_V13usm5allocE0EEELb0EEEEENSW_5eventENSW_9multi_ptrIcLNSW_6access13address_spaceE4ELNS13_9decoratedE2EEESM_RKS11_ENKUlRNSW_7handlerEE_clES1A_EUlNSW_7nd_itemILi2EEEE_ (Enable PrintVerboseGenericControlFlowLog flag to acquire detailed log. Requires debuginfo!)

warning: Adding 120 occurrences of additional control flow due to presence of generic address space operations
in function _ZTSZZNK6Kokkos4Impl11ParallelForIZ13par_for_outerIZN3mhd3MHD15CalculateFluxesIL11MHD_RSolver8EEEvP6DriveriEUlNS0_14SYCLTeamMemberEiiE0_EvRKNSt7__cxx1112basic_stringIcSt11char_traitsIcESaIcEEENS_4SYCLEmiiiiiRKT_EUlS9_E_NS_10TeamPolicyIJEEESJ_E18sycl_direct_launchINS0_19SYCLFunctionWrapperISN_NS0_12SYCLInternal12USMObjectMemILN4sycl3_V13usm5allocE0EEELb0EEEEENSW_5eventENSW_9multi_ptrIcLNSW_6access13address_spaceE4ELNS13_9decoratedE2EEESM_RKS11_ENKUlRNSW_7handlerEE_clES1A_EUlNSW_7nd_itemILi2EEEE_ (Enable PrintVerboseGenericControlFlowLog flag to acquire detailed log. Requires debuginfo!)

warning: kernel _ZTSZZNK6Kokkos4Impl11ParallelForIZ13par_for_outerIZN3mhd3MHD15CalculateFluxesIL11MHD_RSolver2EEEvP6DriveriEUlNS0_14SYCLTeamMemberEiiE_EvRKNSt7__cxx1112basic_stringIcSt11char_traitsIcESaIcEEENS_4SYCLEmiiiiiRKT_EUlS9_E_NS_10TeamPolicyIJEEESJ_E18sycl_direct_launchINS0_19SYCLFunctionWrapperISN_NS0_12SYCLInternal12USMObjectMemILN4sycl3_V13usm5allocE0EEELb0EEEEENSW_5eventENSW_9multi_ptrIcLNSW_6access13address_spaceE4ELNS13_9decoratedE2EEESM_RKS11_ENKUlRNSW_7handlerEE_clES1A_EUlNSW_7nd_itemILi2EEEE_  compiled SIMD32 allocated 256 regs and spilled around 33

warning: kernel _ZTSZZNK6Kokkos4Impl11ParallelForIZ13par_for_outerIZN3mhd3MHD15CalculateFluxesIL11MHD_RSolver2EEEvP6DriveriEUlNS0_14SYCLTeamMemberEiiE0_EvRKNSt7__cxx1112basic_stringIcSt11char_traitsIcESaIcEEENS_4SYCLEmiiiiiRKT_EUlS9_E_NS_10TeamPolicyIJEEESJ_E18sycl_direct_launchINS0_19SYCLFunctionWrapperISN_NS0_12SYCLInternal12USMObjectMemILN4sycl3_V13usm5allocE0EEELb0EEEEENSW_5eventENSW_9multi_ptrIcLNSW_6access13address_spaceE4ELNS13_9decoratedE2EEESM_RKS11_ENKUlRNSW_7handlerEE_clES1A_EUlNSW_7nd_itemILi2EEEE_  compiled SIMD32 allocated 256 regs and spilled around 33

warning: kernel _ZTSZZNK6Kokkos4Impl11ParallelForIZ13par_for_outerIZN3mhd3MHD15CalculateFluxesIL11MHD_RSolver3EEEvP6DriveriEUlNS0_14SYCLTeamMemberEiiiE_EvRKNSt7__cxx1112basic_stringIcSt11char_traitsIcESaIcEEENS_4SYCLEmiiiiiiiRKT_EUlS9_E_NS_10TeamPolicyIJEEESJ_E18sycl_direct_launchINS0_19SYCLFunctionWrapperISN_NS0_12SYCLInternal12USMObjectMemILN4sycl3_V13usm5allocE0EEELb0EEEEENSW_5eventENSW_9multi_ptrIcLNSW_6access13address_spaceE4ELNS13_9decoratedE2EEESM_RKS11_ENKUlRNSW_7handlerEE_clES1A_EUlNSW_7nd_itemILi2EEEE_  compiled SIMD32 allocated 256 regs and spilled around 121

warning: kernel _ZTSZZNK6Kokkos4Impl11ParallelForIZ13par_for_outerIZN3mhd3MHD15CalculateFluxesIL11MHD_RSolver3EEEvP6DriveriEUlNS0_14SYCLTeamMemberEiiE_EvRKNSt7__cxx1112basic_stringIcSt11char_traitsIcESaIcEEENS_4SYCLEmiiiiiRKT_EUlS9_E_NS_10TeamPolicyIJEEESJ_E18sycl_direct_launchINS0_19SYCLFunctionWrapperISN_NS0_12SYCLInternal12USMObjectMemILN4sycl3_V13usm5allocE0EEELb0EEEEENSW_5eventENSW_9multi_ptrIcLNSW_6access13address_spaceE4ELNS13_9decoratedE2EEESM_RKS11_ENKUlRNSW_7handlerEE_clES1A_EUlNSW_7nd_itemILi2EEEE_  compiled SIMD32 allocated 256 regs and spilled around 149

warning: kernel _ZTSZZNK6Kokkos4Impl11ParallelForIZ13par_for_outerIZN3mhd3MHD15CalculateFluxesIL11MHD_RSolver3EEEvP6DriveriEUlNS0_14SYCLTeamMemberEiiE0_EvRKNSt7__cxx1112basic_stringIcSt11char_traitsIcESaIcEEENS_4SYCLEmiiiiiRKT_EUlS9_E_NS_10TeamPolicyIJEEESJ_E18sycl_direct_launchINS0_19SYCLFunctionWrapperISN_NS0_12SYCLInternal12USMObjectMemILN4sycl3_V13usm5allocE0EEELb0EEEEENSW_5eventENSW_9multi_ptrIcLNSW_6access13address_spaceE4ELNS13_9decoratedE2EEESM_RKS11_ENKUlRNSW_7handlerEE_clES1A_EUlNSW_7nd_itemILi2EEEE_  compiled SIMD32 allocated 256 regs and spilled around 150

warning: kernel _ZTSZZNK6Kokkos4Impl11ParallelForIZ13par_for_outerIZN3mhd3MHD15CalculateFluxesIL11MHD_RSolver5EEEvP6DriveriEUlNS0_14SYCLTeamMemberEiiE_EvRKNSt7__cxx1112basic_stringIcSt11char_traitsIcESaIcEEENS_4SYCLEmiiiiiRKT_EUlS9_E_NS_10TeamPolicyIJEEESJ_E18sycl_direct_launchINS0_19SYCLFunctionWrapperISN_NS0_12SYCLInternal12USMObjectMemILN4sycl3_V13usm5allocE0EEELb0EEEEENSW_5eventENSW_9multi_ptrIcLNSW_6access13address_spaceE4ELNS13_9decoratedE2EEESM_RKS11_ENKUlRNSW_7handlerEE_clES1A_EUlNSW_7nd_itemILi2EEEE_  compiled SIMD32 allocated 256 regs and spilled around 15

warning: kernel _ZTSZZNK6Kokkos4Impl11ParallelForIZ13par_for_outerIZN3mhd3MHD15CalculateFluxesIL11MHD_RSolver5EEEvP6DriveriEUlNS0_14SYCLTeamMemberEiiE0_EvRKNSt7__cxx1112basic_stringIcSt11char_traitsIcESaIcEEENS_4SYCLEmiiiiiRKT_EUlS9_E_NS_10TeamPolicyIJEEESJ_E18sycl_direct_launchINS0_19SYCLFunctionWrapperISN_NS0_12SYCLInternal12USMObjectMemILN4sycl3_V13usm5allocE0EEELb0EEEEENSW_5eventENSW_9multi_ptrIcLNSW_6access13address_spaceE4ELNS13_9decoratedE2EEESM_RKS11_ENKUlRNSW_7handlerEE_clES1A_EUlNSW_7nd_itemILi2EEEE_  compiled SIMD32 allocated 256 regs and spilled around 15

warning: kernel _ZTSZZNK6Kokkos4Impl11ParallelForIZ13par_for_outerIZN3mhd3MHD15CalculateFluxesIL11MHD_RSolver6EEEvP6DriveriEUlNS0_14SYCLTeamMemberEiiE_EvRKNSt7__cxx1112basic_stringIcSt11char_traitsIcESaIcEEENS_4SYCLEmiiiiiRKT_EUlS9_E_NS_10TeamPolicyIJEEESJ_E18sycl_direct_launchINS0_19SYCLFunctionWrapperISN_NS0_12SYCLInternal12USMObjectMemILN4sycl3_V13usm5allocE0EEELb0EEEEENSW_5eventENSW_9multi_ptrIcLNSW_6access13address_spaceE4ELNS13_9decoratedE2EEESM_RKS11_ENKUlRNSW_7handlerEE_clES1A_EUlNSW_7nd_itemILi2EEEE_  compiled SIMD32 allocated 256 regs and spilled around 39

warning: kernel _ZTSZZNK6Kokkos4Impl11ParallelForIZ13par_for_outerIZN3mhd3MHD15CalculateFluxesIL11MHD_RSolver6EEEvP6DriveriEUlNS0_14SYCLTeamMemberEiiE0_EvRKNSt7__cxx1112basic_stringIcSt11char_traitsIcESaIcEEENS_4SYCLEmiiiiiRKT_EUlS9_E_NS_10TeamPolicyIJEEESJ_E18sycl_direct_launchINS0_19SYCLFunctionWrapperISN_NS0_12SYCLInternal12USMObjectMemILN4sycl3_V13usm5allocE0EEELb0EEEEENSW_5eventENSW_9multi_ptrIcLNSW_6access13address_spaceE4ELNS13_9decoratedE2EEESM_RKS11_ENKUlRNSW_7handlerEE_clES1A_EUlNSW_7nd_itemILi2EEEE_  compiled SIMD32 allocated 256 regs and spilled around 39

warning: kernel _ZTSZZNK6Kokkos4Impl11ParallelForIZ13par_for_outerIZN3mhd3MHD15CalculateFluxesIL11MHD_RSolver7EEEvP6DriveriEUlNS0_14SYCLTeamMemberEiiiE_EvRKNSt7__cxx1112basic_stringIcSt11char_traitsIcESaIcEEENS_4SYCLEmiiiiiiiRKT_EUlS9_E_NS_10TeamPolicyIJEEESJ_E18sycl_direct_launchINS0_19SYCLFunctionWrapperISN_NS0_12SYCLInternal12USMObjectMemILN4sycl3_V13usm5allocE0EEELb0EEEEENSW_5eventENSW_9multi_ptrIcLNSW_6access13address_spaceE4ELNS13_9decoratedE2EEESM_RKS11_ENKUlRNSW_7handlerEE_clES1A_EUlNSW_7nd_itemILi2EEEE_  compiled SIMD32 allocated 256 regs and spilled around 89

warning: kernel _ZTSZZNK6Kokkos4Impl11ParallelForIZ13par_for_outerIZN3mhd3MHD15CalculateFluxesIL11MHD_RSolver7EEEvP6DriveriEUlNS0_14SYCLTeamMemberEiiE_EvRKNSt7__cxx1112basic_stringIcSt11char_traitsIcESaIcEEENS_4SYCLEmiiiiiRKT_EUlS9_E_NS_10TeamPolicyIJEEESJ_E18sycl_direct_launchINS0_19SYCLFunctionWrapperISN_NS0_12SYCLInternal12USMObjectMemILN4sycl3_V13usm5allocE0EEELb0EEEEENSW_5eventENSW_9multi_ptrIcLNSW_6access13address_spaceE4ELNS13_9decoratedE2EEESM_RKS11_ENKUlRNSW_7handlerEE_clES1A_EUlNSW_7nd_itemILi2EEEE_  compiled SIMD32 allocated 256 regs and spilled around 111

warning: kernel _ZTSZZNK6Kokkos4Impl11ParallelForIZ13par_for_outerIZN3mhd3MHD15CalculateFluxesIL11MHD_RSolver7EEEvP6DriveriEUlNS0_14SYCLTeamMemberEiiE0_EvRKNSt7__cxx1112basic_stringIcSt11char_traitsIcESaIcEEENS_4SYCLEmiiiiiRKT_EUlS9_E_NS_10TeamPolicyIJEEESJ_E18sycl_direct_launchINS0_19SYCLFunctionWrapperISN_NS0_12SYCLInternal12USMObjectMemILN4sycl3_V13usm5allocE0EEELb0EEEEENSW_5eventENSW_9multi_ptrIcLNSW_6access13address_spaceE4ELNS13_9decoratedE2EEESM_RKS11_ENKUlRNSW_7handlerEE_clES1A_EUlNSW_7nd_itemILi2EEEE_  compiled SIMD32 allocated 256 regs and spilled around 111

warning: kernel _ZTSZZNK6Kokkos4Impl11ParallelForIZ13par_for_outerIZN3mhd3MHD15CalculateFluxesIL11MHD_RSolver8EEEvP6DriveriEUlNS0_14SYCLTeamMemberEiiiE_EvRKNSt7__cxx1112basic_stringIcSt11char_traitsIcESaIcEEENS_4SYCLEmiiiiiiiRKT_EUlS9_E_NS_10TeamPolicyIJEEESJ_E18sycl_direct_launchINS0_19SYCLFunctionWrapperISN_NS0_12SYCLInternal12USMObjectMemILN4sycl3_V13usm5allocE0EEELb0EEEEENSW_5eventENSW_9multi_ptrIcLNSW_6access13address_spaceE4ELNS13_9decoratedE2EEESM_RKS11_ENKUlRNSW_7handlerEE_clES1A_EUlNSW_7nd_itemILi2EEEE_  compiled SIMD32 allocated 256 regs and spilled around 86

warning: kernel _ZTSZZNK6Kokkos4Impl11ParallelForIZ13par_for_outerIZN3mhd3MHD15CalculateFluxesIL11MHD_RSolver8EEEvP6DriveriEUlNS0_14SYCLTeamMemberEiiE_EvRKNSt7__cxx1112basic_stringIcSt11char_traitsIcESaIcEEENS_4SYCLEmiiiiiRKT_EUlS9_E_NS_10TeamPolicyIJEEESJ_E18sycl_direct_launchINS0_19SYCLFunctionWrapperISN_NS0_12SYCLInternal12USMObjectMemILN4sycl3_V13usm5allocE0EEELb0EEEEENSW_5eventENSW_9multi_ptrIcLNSW_6access13address_spaceE4ELNS13_9decoratedE2EEESM_RKS11_ENKUlRNSW_7handlerEE_clES1A_EUlNSW_7nd_itemILi2EEEE_  compiled SIMD32 allocated 256 regs and spilled around 110

warning: kernel _ZTSZZNK6Kokkos4Impl11ParallelForIZ13par_for_outerIZN3mhd3MHD15CalculateFluxesIL11MHD_RSolver8EEEvP6DriveriEUlNS0_14SYCLTeamMemberEiiE0_EvRKNSt7__cxx1112basic_stringIcSt11char_traitsIcESaIcEEENS_4SYCLEmiiiiiRKT_EUlS9_E_NS_10TeamPolicyIJEEESJ_E18sycl_direct_launchINS0_19SYCLFunctionWrapperISN_NS0_12SYCLInternal12USMObjectMemILN4sycl3_V13usm5allocE0EEELb0EEEEENSW_5eventENSW_9multi_ptrIcLNSW_6access13address_spaceE4ELNS13_9decoratedE2EEESM_RKS11_ENKUlRNSW_7handlerEE_clES1A_EUlNSW_7nd_itemILi2EEEE_  compiled SIMD32 allocated 256 regs and spilled around 110

Build succeeded.
Compilation from IR - skipping loading of FCL
Build succeeded.
Compilation from IR - skipping loading of FCL

warning: [RetryManager] Start recompilation of the kernel
in kernel: 'typeinfo name for Kokkos::Impl::FunctorWrapperRangePolicyParallelForCustom<Kokkos::Impl::SYCLFunctionWrapper<z4c::CartoonCentralSample z4c::SampleCartoonCentralDiagnostics<2>(Mesh*)::'lambda'(int), Kokkos::Impl::SYCLInternal::USMObjectMem<(sycl::_V1::usm::alloc)0>, true>, Kokkos::RangePolicy<Kokkos::SYCL>>'

warning: [RetryManager] Start recompilation of the kernel
in kernel: 'typeinfo name for Kokkos::Impl::FunctorWrapperRangePolicyParallelForCustom<Kokkos::Impl::SYCLFunctionWrapper<z4c::CartoonCentralSample z4c::SampleCartoonCentralDiagnostics<3>(Mesh*)::'lambda'(int), Kokkos::Impl::SYCLInternal::USMObjectMem<(sycl::_V1::usm::alloc)0>, true>, Kokkos::RangePolicy<Kokkos::SYCL>>'

warning: [RetryManager] Start recompilation of the kernel
in kernel: 'typeinfo name for Kokkos::Impl::FunctorWrapperRangePolicyParallelForCustom<Kokkos::Impl::SYCLFunctionWrapper<z4c::CartoonCentralSample z4c::SampleCartoonCentralDiagnostics<4>(Mesh*)::'lambda'(int), Kokkos::Impl::SYCLInternal::USMObjectMem<(sycl::_V1::usm::alloc)0>, true>, Kokkos::RangePolicy<Kokkos::SYCL>>'

warning: kernel _ZTSN6Kokkos4Impl42FunctorWrapperRangePolicyParallelForCustomINS0_19SYCLFunctionWrapperIZN3z4c31SampleCartoonCentralDiagnosticsILi2EEENS3_20CartoonCentralSampleEP4MeshEUliE_NS0_12SYCLInternal12USMObjectMemILN4sycl3_V13usm5allocE0EEELb1EEENS_11RangePolicyIJNS_4SYCLEEEEEE  compiled SIMD32 allocated 256 regs and spilled around 70

warning: kernel _ZTSN6Kokkos4Impl42FunctorWrapperRangePolicyParallelForCustomINS0_19SYCLFunctionWrapperIZN3z4c31SampleCartoonCentralDiagnosticsILi3EEENS3_20CartoonCentralSampleEP4MeshEUliE_NS0_12SYCLInternal12USMObjectMemILN4sycl3_V13usm5allocE0EEELb1EEENS_11RangePolicyIJNS_4SYCLEEEEEE  compiled SIMD32 allocated 256 regs and spilled around 94

warning: kernel _ZTSN6Kokkos4Impl42FunctorWrapperRangePolicyParallelForCustomINS0_19SYCLFunctionWrapperIZN3z4c31SampleCartoonCentralDiagnosticsILi4EEENS3_20CartoonCentralSampleEP4MeshEUliE_NS0_12SYCLInternal12USMObjectMemILN4sycl3_V13usm5allocE0EEELb1EEENS_11RangePolicyIJNS_4SYCLEEEEEE  compiled SIMD32 allocated 256 regs and spilled around 167

warning: [RetryManager] Used previous version of the kernel, reason : NO_Retry_Pick_Prv
in kernel: 'typeinfo name for Kokkos::Impl::FunctorWrapperRangePolicyParallelForCustom<Kokkos::Impl::SYCLFunctionWrapper<z4c::CartoonCentralSample z4c::SampleCartoonCentralDiagnostics<2>(Mesh*)::'lambda'(int), Kokkos::Impl::SYCLInternal::USMObjectMem<(sycl::_V1::usm::alloc)0>, true>, Kokkos::RangePolicy<Kokkos::SYCL>>'

warning: [RetryManager] Used previous version of the kernel, reason : NO_Retry_Pick_Prv
in kernel: 'typeinfo name for Kokkos::Impl::FunctorWrapperRangePolicyParallelForCustom<Kokkos::Impl::SYCLFunctionWrapper<z4c::CartoonCentralSample z4c::SampleCartoonCentralDiagnostics<3>(Mesh*)::'lambda'(int), Kokkos::Impl::SYCLInternal::USMObjectMem<(sycl::_V1::usm::alloc)0>, true>, Kokkos::RangePolicy<Kokkos::SYCL>>'

Build succeeded.
Compilation from IR - skipping loading of FCL
Build succeeded.
Compilation from IR - skipping loading of FCL

warning: [RetryManager] Start recompilation of the kernel
in kernel: 'typeinfo name for Kokkos::Impl::FunctorWrapperRangePolicyParallelForCustom<Kokkos::Impl::SYCLFunctionWrapper<void par_for<void FastFlow::MetricInterp<2>()::'lambda'(int)>(std::__cxx11::basic_string<char, std::char_traits<char>, std::allocator<char>> const&, Kokkos::SYCL, int const&, int const&, void FastFlow::MetricInterp<2>()::'lambda'(int) const&)::'lambda'(int const&), Kokkos::Impl::SYCLInternal::USMObjectMem<(sycl::_V1::usm::alloc)0>, false>, Kokkos::RangePolicy<>>'

warning: [RetryManager] Start recompilation of the kernel
in kernel: 'typeinfo name for Kokkos::Impl::FunctorWrapperRangePolicyParallelForCustom<Kokkos::Impl::SYCLFunctionWrapper<void par_for<void FastFlow::MetricInterp<3>()::'lambda'(int)>(std::__cxx11::basic_string<char, std::char_traits<char>, std::allocator<char>> const&, Kokkos::SYCL, int const&, int const&, void FastFlow::MetricInterp<3>()::'lambda'(int) const&)::'lambda'(int const&), Kokkos::Impl::SYCLInternal::USMObjectMem<(sycl::_V1::usm::alloc)0>, false>, Kokkos::RangePolicy<>>'

warning: [RetryManager] Start recompilation of the kernel
in kernel: 'typeinfo name for Kokkos::Impl::FunctorWrapperRangePolicyParallelForCustom<Kokkos::Impl::SYCLFunctionWrapper<void par_for<void FastFlow::MetricInterp<4>()::'lambda'(int)>(std::__cxx11::basic_string<char, std::char_traits<char>, std::allocator<char>> const&, Kokkos::SYCL, int const&, int const&, void FastFlow::MetricInterp<4>()::'lambda'(int) const&)::'lambda'(int const&), Kokkos::Impl::SYCLInternal::USMObjectMem<(sycl::_V1::usm::alloc)0>, false>, Kokkos::RangePolicy<>>'

warning: [RetryManager] Start recompilation of the kernel
in kernel: 'typeinfo name for sycl::_V1::event Kokkos::Impl::ParallelReduce<Kokkos::Impl::CombinedFunctorReducer<Kokkos::Impl::CombinedReductionFunctorWrapper<FastFlow::SurfaceIntegrals()::'lambda'(int const&, double&, double&, double&, double&, double&, double&, double&, double&), Kokkos::HostSpace, Kokkos::Sum<double, Kokkos::HostSpace>, Kokkos::Sum<double, Kokkos::HostSpace>, Kokkos::Sum<double, Kokkos::HostSpace>, Kokkos::Sum<double, Kokkos::HostSpace>, Kokkos::Sum<double, Kokkos::HostSpace>, Kokkos::Sum<double, Kokkos::HostSpace>, Kokkos::Sum<double, Kokkos::HostSpace>, Kokkos::Sum<double, Kokkos::HostSpace>>, Kokkos::Impl::FunctorAnalysis<Kokkos::Impl::FunctorPatternInterface::REDUCE, Kokkos::RangePolicy<>, Kokkos::Impl::CombinedReducer<Kokkos::HostSpace, Kokkos::Sum<double, Kokkos::HostSpace>, Kokkos::Sum<double, Kokkos::HostSpace>, Kokkos::Sum<double, Kokkos::HostSpace>, Kokkos::Sum<double, Kokkos::HostSpace>, Kokkos::Sum<double, Kokkos::HostSpace>, Kokkos::Sum<double, Kokkos::HostSpace>, Kokkos::Sum<double, Kokkos::HostSpace>, Kokkos::Sum<double, Kokkos::HostSpace>>, Kokkos::Impl::CombinedReducerValueImpl<std::integer_sequence<unsigned long, 0ul, 1ul, 2ul, 3ul, 4ul, 5ul, 6ul, 7ul>, double, double, double, double, double, double, double, double>>::Reducer, void>, Kokkos::RangePolicy<>, Kokkos::SYCL>::sycl_direct_launch<Kokkos::RangePolicy<>, Kokkos::Impl::SYCLFunctionWrapper<Kokkos::Impl::CombinedFunctorReducer<Kokkos::Impl::CombinedReductionFunctorWrapper<FastFlow::SurfaceIntegrals()::'lambda'(int const&, double&, double&, double&, double&, double&, double&, double&, double&), Kokkos::HostSpace, Kokkos::Sum<double, Kokkos::HostSpace>, Kokkos::Sum<double, Kokkos::HostSpace>, Kokkos::Sum<double, Kokkos::HostSpace>, Kokkos::Sum<double, Kokkos::HostSpace>, Kokkos::Sum<double, Kokkos::HostSpace>, Kokkos::Sum<double, Kokkos::HostSpace>, Kokkos::Sum<double, Kokkos::HostSpace>, Kokkos::Sum<double, Kokkos::HostSpace>>, Kokkos::Impl::FunctorAnalysis<Kokkos::Impl::FunctorPatternInterface::REDUCE, Kokkos::RangePolicy<>, Kokkos::Impl::CombinedReducer<Kokkos::HostSpace, Kokkos::Sum<double, Kokkos::HostSpace>, Kokkos::Sum<double, Kokkos::HostSpace>, Kokkos::Sum<double, Kokkos::HostSpace>, Kokkos::Sum<double, Kokkos::HostSpace>, Kokkos::Sum<double, Kokkos::HostSpace>, Kokkos::Sum<double, Kokkos::HostSpace>, Kokkos::Sum<double, Kokkos::HostSpace>, Kokkos::Sum<double, Kokkos::HostSpace>>, Kokkos::Impl::CombinedReducerValueImpl<std::integer_sequence<unsigned long, 0ul, 1ul, 2ul, 3ul, 4ul, 5ul, 6ul, 7ul>, double, double, double, double, double, double, double, double>>::Reducer, void>, Kokkos::Impl::SYCLInternal::USMObjectMem<(sycl::_V1::usm::alloc)0>, true>>(Kokkos::RangePolicy<> const&, Kokkos::Impl::SYCLFunctionWrapper<Kokkos::Impl::CombinedFunctorReducer<Kokkos::Impl::CombinedReductionFunctorWrapper<FastFlow::SurfaceIntegrals()::'lambda'(int const&, double&, double&, double&, double&, double&, double&, double&, double&), Kokkos::HostSpace, Kokkos::Sum<double, Kokkos::HostSpace>, Kokkos::Sum<double, Kokkos::HostSpace>, Kokkos::Sum<double, Kokkos::HostSpace>, Kokkos::Sum<double, Kokkos::HostSpace>, Kokkos::Sum<double, Kokkos::HostSpace>, Kokkos::Sum<double, Kokkos::HostSpace>, Kokkos::Sum<double, Kokkos::HostSpace>, Kokkos::Sum<double, Kokkos::HostSpace>>, Kokkos::Impl::FunctorAnalysis<Kokkos::Impl::FunctorPatternInterface::REDUCE, Kokkos::RangePolicy<>, Kokkos::Impl::CombinedReducer<Kokkos::HostSpace, Kokkos::Sum<double, Kokkos::HostSpace>, Kokkos::Sum<double, Kokkos::HostSpace>, Kokkos::Sum<double, Kokkos::HostSpace>, Kokkos::Sum<double, Kokkos::HostSpace>, Kokkos::Sum<double, Kokkos::HostSpace>, Kokkos::Sum<double, Kokkos::HostSpace>, Kokkos::Sum<double, Kokkos::HostSpace>, Kokkos::Sum<double, Kokkos::HostSpace>>, Kokkos::Impl::CombinedReducerValueImpl<std::integer_sequence<unsigned long, 0ul, 1ul, 2ul, 3ul, 4ul, 5ul, 6ul, 7ul>, double, double, double, double, double, double, double, double>>::Reducer, void>, Kokkos::Impl::SYCLInternal::USMObjectMem<(sycl::_V1::usm::alloc)0>, true> const&, sycl::_V1::event const&) const::'lambda'(sycl::_V1::local_accessor<Kokkos::Impl::CombinedReducerValueImpl<std::integer_sequence<unsigned long, 0ul, 1ul, 2ul, 3ul, 4ul, 5ul, 6ul, 7ul>, double, double, double, double, double, double, double, double>, 1>, sycl::_V1::local_accessor<unsigned int, 1>, sycl::_V1::multi_ptr<Kokkos::Impl::CombinedReducerValueImpl<std::integer_sequence<unsigned long, 0ul, 1ul, 2ul, 3ul, 4ul, 5ul, 6ul, 7ul>, double, double, double, double, double, double, double, double>, (sycl::_V1::access::address_space)4, (sycl::_V1::access::decorated)2>, int)::operator()(sycl::_V1::local_accessor<Kokkos::Impl::CombinedReducerValueImpl<std::integer_sequence<unsigned long, 0ul, 1ul, 2ul, 3ul, 4ul, 5ul, 6ul, 7ul>, double, double, double, double, double, double, double, double>, 1>, sycl::_V1::local_accessor<unsigned int, 1>, sycl::_V1::multi_ptr<Kokkos::Impl::CombinedReducerValueImpl<std::integer_sequence<unsigned long, 0ul, 1ul, 2ul, 3ul, 4ul, 5ul, 6ul, 7ul>, double, double, double, double, double, double, double, double>, (sycl::_V1::access::address_space)4, (sycl::_V1::access::decorated)2>, int) const::'lambda'(sycl::_V1::nd_item<1>)'

warning: [RetryManager] Start recompilation of the kernel
in kernel: 'typeinfo name for Kokkos::Impl::FunctorWrapperRangePolicyParallelForCustom<Kokkos::Impl::SYCLFunctionWrapper<void par_for<FastFlow::ComputeSphericalHarmonics()::'lambda'(int)>(std::__cxx11::basic_string<char, std::char_traits<char>, std::allocator<char>> const&, Kokkos::SYCL, int const&, int const&, FastFlow::ComputeSphericalHarmonics()::'lambda'(int) const&)::'lambda'(int const&), Kokkos::Impl::SYCLInternal::USMObjectMem<(sycl::_V1::usm::alloc)0>, false>, Kokkos::RangePolicy<>>'

Build succeeded.
Compilation from IR - skipping loading of FCL
Build succeeded.
Compilation from IR - skipping loading of FCL

warning: [RetryManager] Start recompilation of the kernel
in kernel: 'typeinfo name for Kokkos::Impl::FunctorWrapperRangePolicyParallelForCustom<Kokkos::Impl::SYCLFunctionWrapper<z4c::CartoonCentralSample z4c::SampleCartoonCentralDiagnostics<2>(Mesh*)::'lambda'(int), Kokkos::Impl::SYCLInternal::USMObjectMem<(sycl::_V1::usm::alloc)0>, true>, Kokkos::RangePolicy<Kokkos::SYCL>>'

warning: [RetryManager] Start recompilation of the kernel
in kernel: 'typeinfo name for Kokkos::Impl::FunctorWrapperRangePolicyParallelForCustom<Kokkos::Impl::SYCLFunctionWrapper<z4c::CartoonCentralSample z4c::SampleCartoonCentralDiagnostics<3>(Mesh*)::'lambda'(int), Kokkos::Impl::SYCLInternal::USMObjectMem<(sycl::_V1::usm::alloc)0>, true>, Kokkos::RangePolicy<Kokkos::SYCL>>'

warning: [RetryManager] Start recompilation of the kernel
in kernel: 'typeinfo name for Kokkos::Impl::FunctorWrapperRangePolicyParallelForCustom<Kokkos::Impl::SYCLFunctionWrapper<z4c::CartoonCentralSample z4c::SampleCartoonCentralDiagnostics<4>(Mesh*)::'lambda'(int), Kokkos::Impl::SYCLInternal::USMObjectMem<(sycl::_V1::usm::alloc)0>, true>, Kokkos::RangePolicy<Kokkos::SYCL>>'

warning: kernel _ZTSN6Kokkos4Impl42FunctorWrapperRangePolicyParallelForCustomINS0_19SYCLFunctionWrapperIZN3z4c31SampleCartoonCentralDiagnosticsILi2EEENS3_20CartoonCentralSampleEP4MeshEUliE_NS0_12SYCLInternal12USMObjectMemILN4sycl3_V13usm5allocE0EEELb1EEENS_11RangePolicyIJNS_4SYCLEEEEEE  compiled SIMD32 allocated 256 regs and spilled around 70

warning: kernel _ZTSN6Kokkos4Impl42FunctorWrapperRangePolicyParallelForCustomINS0_19SYCLFunctionWrapperIZN3z4c31SampleCartoonCentralDiagnosticsILi3EEENS3_20CartoonCentralSampleEP4MeshEUliE_NS0_12SYCLInternal12USMObjectMemILN4sycl3_V13usm5allocE0EEELb1EEENS_11RangePolicyIJNS_4SYCLEEEEEE  compiled SIMD32 allocated 256 regs and spilled around 94

warning: kernel _ZTSN6Kokkos4Impl42FunctorWrapperRangePolicyParallelForCustomINS0_19SYCLFunctionWrapperIZN3z4c31SampleCartoonCentralDiagnosticsILi4EEENS3_20CartoonCentralSampleEP4MeshEUliE_NS0_12SYCLInternal12USMObjectMemILN4sycl3_V13usm5allocE0EEELb1EEENS_11RangePolicyIJNS_4SYCLEEEEEE  compiled SIMD32 allocated 256 regs and spilled around 167

warning: [RetryManager] Used previous version of the kernel, reason : NO_Retry_Pick_Prv
in kernel: 'typeinfo name for Kokkos::Impl::FunctorWrapperRangePolicyParallelForCustom<Kokkos::Impl::SYCLFunctionWrapper<z4c::CartoonCentralSample z4c::SampleCartoonCentralDiagnostics<2>(Mesh*)::'lambda'(int), Kokkos::Impl::SYCLInternal::USMObjectMem<(sycl::_V1::usm::alloc)0>, true>, Kokkos::RangePolicy<Kokkos::SYCL>>'

warning: [RetryManager] Used previous version of the kernel, reason : NO_Retry_Pick_Prv
in kernel: 'typeinfo name for Kokkos::Impl::FunctorWrapperRangePolicyParallelForCustom<Kokkos::Impl::SYCLFunctionWrapper<z4c::CartoonCentralSample z4c::SampleCartoonCentralDiagnostics<3>(Mesh*)::'lambda'(int), Kokkos::Impl::SYCLInternal::USMObjectMem<(sycl::_V1::usm::alloc)0>, true>, Kokkos::RangePolicy<Kokkos::SYCL>>'

Build succeeded.
Compilation from IR - skipping loading of FCL
Build succeeded.
Compilation from IR - skipping loading of FCL

warning: [RetryManager] Start recompilation of the kernel
in kernel: 'typeinfo name for Kokkos::Impl::FunctorWrapperRangePolicyParallelForCustom<Kokkos::Impl::SYCLFunctionWrapper<void par_for<void (anonymous namespace)::ComputeZ4cDerivedDiagnostics<z4c::CartoonSO2, 2>(Kokkos::View<double*****, Kokkos::LayoutRight, Kokkos::SYCLDeviceUSMSpace>, Mesh*)::'lambda'(int, int, int, int)>(std::__cxx11::basic_string<char, std::char_traits<char>, std::allocator<char>> const&, Kokkos::SYCL, int const&, int const&, int const&, int const&, int const&, int const&, int const&, int const&, void (anonymous namespace)::ComputeZ4cDerivedDiagnostics<z4c::CartoonSO2, 2>(Kokkos::View<double*****, Kokkos::LayoutRight, Kokkos::SYCLDeviceUSMSpace>, Mesh*)::'lambda'(int, int, int, int) const&)::'lambda'(int const&), Kokkos::Impl::SYCLInternal::USMObjectMem<(sycl::_V1::usm::alloc)0>, false>, Kokkos::RangePolicy<>>'

warning: [RetryManager] Start recompilation of the kernel
in kernel: 'typeinfo name for Kokkos::Impl::FunctorWrapperRangePolicyParallelForCustom<Kokkos::Impl::SYCLFunctionWrapper<void par_for<void (anonymous namespace)::ComputeZ4cDerivedDiagnostics<z4c::Cartesian3D, 2>(Kokkos::View<double*****, Kokkos::LayoutRight, Kokkos::SYCLDeviceUSMSpace>, Mesh*)::'lambda'(int, int, int, int)>(std::__cxx11::basic_string<char, std::char_traits<char>, std::allocator<char>> const&, Kokkos::SYCL, int const&, int const&, int const&, int const&, int const&, int const&, int const&, int const&, void (anonymous namespace)::ComputeZ4cDerivedDiagnostics<z4c::Cartesian3D, 2>(Kokkos::View<double*****, Kokkos::LayoutRight, Kokkos::SYCLDeviceUSMSpace>, Mesh*)::'lambda'(int, int, int, int) const&)::'lambda'(int const&), Kokkos::Impl::SYCLInternal::USMObjectMem<(sycl::_V1::usm::alloc)0>, false>, Kokkos::RangePolicy<>>'

warning: [RetryManager] Start recompilation of the kernel
in kernel: 'typeinfo name for Kokkos::Impl::FunctorWrapperRangePolicyParallelForCustom<Kokkos::Impl::SYCLFunctionWrapper<void par_for<void (anonymous namespace)::ComputeZ4cDerivedDiagnostics<z4c::CartoonSO2, 3>(Kokkos::View<double*****, Kokkos::LayoutRight, Kokkos::SYCLDeviceUSMSpace>, Mesh*)::'lambda'(int, int, int, int)>(std::__cxx11::basic_string<char, std::char_traits<char>, std::allocator<char>> const&, Kokkos::SYCL, int const&, int const&, int const&, int const&, int const&, int const&, int const&, int const&, void (anonymous namespace)::ComputeZ4cDerivedDiagnostics<z4c::CartoonSO2, 3>(Kokkos::View<double*****, Kokkos::LayoutRight, Kokkos::SYCLDeviceUSMSpace>, Mesh*)::'lambda'(int, int, int, int) const&)::'lambda'(int const&), Kokkos::Impl::SYCLInternal::USMObjectMem<(sycl::_V1::usm::alloc)0>, false>, Kokkos::RangePolicy<>>'

warning: [RetryManager] Start recompilation of the kernel
in kernel: 'typeinfo name for Kokkos::Impl::FunctorWrapperRangePolicyParallelForCustom<Kokkos::Impl::SYCLFunctionWrapper<void par_for<void (anonymous namespace)::ComputeZ4cDerivedDiagnostics<z4c::Cartesian3D, 3>(Kokkos::View<double*****, Kokkos::LayoutRight, Kokkos::SYCLDeviceUSMSpace>, Mesh*)::'lambda'(int, int, int, int)>(std::__cxx11::basic_string<char, std::char_traits<char>, std::allocator<char>> const&, Kokkos::SYCL, int const&, int const&, int const&, int const&, int const&, int const&, int const&, int const&, void (anonymous namespace)::ComputeZ4cDerivedDiagnostics<z4c::Cartesian3D, 3>(Kokkos::View<double*****, Kokkos::LayoutRight, Kokkos::SYCLDeviceUSMSpace>, Mesh*)::'lambda'(int, int, int, int) const&)::'lambda'(int const&), Kokkos::Impl::SYCLInternal::USMObjectMem<(sycl::_V1::usm::alloc)0>, false>, Kokkos::RangePolicy<>>'

warning: [RetryManager] Start recompilation of the kernel
in kernel: 'typeinfo name for Kokkos::Impl::FunctorWrapperRangePolicyParallelForCustom<Kokkos::Impl::SYCLFunctionWrapper<void par_for<void (anonymous namespace)::ComputeZ4cDerivedDiagnostics<z4c::CartoonSO2, 4>(Kokkos::View<double*****, Kokkos::LayoutRight, Kokkos::SYCLDeviceUSMSpace>, Mesh*)::'lambda'(int, int, int, int)>(std::__cxx11::basic_string<char, std::char_traits<char>, std::allocator<char>> const&, Kokkos::SYCL, int const&, int const&, int const&, int const&, int const&, int const&, int const&, int const&, void (anonymous namespace)::ComputeZ4cDerivedDiagnostics<z4c::CartoonSO2, 4>(Kokkos::View<double*****, Kokkos::LayoutRight, Kokkos::SYCLDeviceUSMSpace>, Mesh*)::'lambda'(int, int, int, int) const&)::'lambda'(int const&), Kokkos::Impl::SYCLInternal::USMObjectMem<(sycl::_V1::usm::alloc)0>, false>, Kokkos::RangePolicy<>>'

warning: [RetryManager] Start recompilation of the kernel
in kernel: 'typeinfo name for Kokkos::Impl::FunctorWrapperRangePolicyParallelForCustom<Kokkos::Impl::SYCLFunctionWrapper<void par_for<void (anonymous namespace)::ComputeZ4cDerivedDiagnostics<z4c::Cartesian3D, 4>(Kokkos::View<double*****, Kokkos::LayoutRight, Kokkos::SYCLDeviceUSMSpace>, Mesh*)::'lambda'(int, int, int, int)>(std::__cxx11::basic_string<char, std::char_traits<char>, std::allocator<char>> const&, Kokkos::SYCL, int const&, int const&, int const&, int const&, int const&, int const&, int const&, int const&, void (anonymous namespace)::ComputeZ4cDerivedDiagnostics<z4c::Cartesian3D, 4>(Kokkos::View<double*****, Kokkos::LayoutRight, Kokkos::SYCLDeviceUSMSpace>, Mesh*)::'lambda'(int, int, int, int) const&)::'lambda'(int const&), Kokkos::Impl::SYCLInternal::USMObjectMem<(sycl::_V1::usm::alloc)0>, false>, Kokkos::RangePolicy<>>'

warning: [RetryManager] Start recompilation of the kernel
in kernel: 'typeinfo name for Kokkos::Impl::FunctorWrapperRangePolicyParallelForCustom<Kokkos::Impl::SYCLFunctionWrapper<void par_for<BaseTypeOutput::ComputeDerivedVariable(std::__cxx11::basic_string<char, std::char_traits<char>, std::allocator<char>>, Mesh*)::'lambda6'(int, int, int, int)>(std::__cxx11::basic_string<char, std::char_traits<char>, std::allocator<char>> const&, Kokkos::SYCL, int const&, int const&, int const&, int const&, int const&, int const&, int const&, int const&, BaseTypeOutput::ComputeDerivedVariable(std::__cxx11::basic_string<char, std::char_traits<char>, std::allocator<char>>, Mesh*)::'lambda6'(int, int, int, int) const&)::'lambda'(int const&), Kokkos::Impl::SYCLInternal::USMObjectMem<(sycl::_V1::usm::alloc)0>, false>, Kokkos::RangePolicy<>>'

warning: kernel _ZTSN6Kokkos4Impl42FunctorWrapperRangePolicyParallelForCustomINS0_19SYCLFunctionWrapperIZ7par_forIZN12_GLOBAL__N_128ComputeZ4cDerivedDiagnosticsIN3z4c10CartoonSO2ELi3EEEvNS_4ViewIPPPPPdJNS_11LayoutRightENS_18SYCLDeviceUSMSpaceEEEEP4MeshEUliiiiE_EvRKNSt7__cxx1112basic_stringIcSt11char_traitsIcESaIcEEENS_4SYCLERKiSU_SU_SU_SU_SU_SU_SU_RKT_EUlSU_E_NS0_12SYCLInternal12USMObjectMemILN4sycl3_V13usm5allocE0EEELb0EEENS_11RangePolicyIJEEEEE  compiled SIMD32 allocated 256 regs and spilled around 6

warning: kernel _ZTSN6Kokkos4Impl42FunctorWrapperRangePolicyParallelForCustomINS0_19SYCLFunctionWrapperIZ7par_forIZN12_GLOBAL__N_128ComputeZ4cDerivedDiagnosticsIN3z4c10CartoonSO2ELi4EEEvNS_4ViewIPPPPPdJNS_11LayoutRightENS_18SYCLDeviceUSMSpaceEEEEP4MeshEUliiiiE_EvRKNSt7__cxx1112basic_stringIcSt11char_traitsIcESaIcEEENS_4SYCLERKiSU_SU_SU_SU_SU_SU_SU_RKT_EUlSU_E_NS0_12SYCLInternal12USMObjectMemILN4sycl3_V13usm5allocE0EEELb0EEENS_11RangePolicyIJEEEEE  compiled SIMD32 allocated 256 regs and spilled around 119

Build succeeded.
Compilation from IR - skipping loading of FCL
Build succeeded.
Compilation from IR - skipping loading of FCL

warning: [RetryManager] Start recompilation of the kernel
in kernel: 'typeinfo name for Kokkos::Impl::FunctorWrapperRangePolicyParallelForCustom<Kokkos::Impl::SYCLFunctionWrapper<void par_for<void z4c::Z4c::Z4cWeylImpl<z4c::Cartesian3D, 2>(MeshBlockPack*)::'lambda'(int, int, int, int)>(std::__cxx11::basic_string<char, std::char_traits<char>, std::allocator<char>> const&, Kokkos::SYCL, int const&, int const&, int const&, int const&, int const&, int const&, int const&, int const&, void z4c::Z4c::Z4cWeylImpl<z4c::Cartesian3D, 2>(MeshBlockPack*)::'lambda'(int, int, int, int) const&)::'lambda'(int const&), Kokkos::Impl::SYCLInternal::USMObjectMem<(sycl::_V1::usm::alloc)0>, false>, Kokkos::RangePolicy<>>'

warning: [RetryManager] Start recompilation of the kernel
in kernel: 'typeinfo name for Kokkos::Impl::FunctorWrapperRangePolicyParallelForCustom<Kokkos::Impl::SYCLFunctionWrapper<void par_for<void z4c::Z4c::Z4cWeylImpl<z4c::Cartesian3D, 3>(MeshBlockPack*)::'lambda'(int, int, int, int)>(std::__cxx11::basic_string<char, std::char_traits<char>, std::allocator<char>> const&, Kokkos::SYCL, int const&, int const&, int const&, int const&, int const&, int const&, int const&, int const&, void z4c::Z4c::Z4cWeylImpl<z4c::Cartesian3D, 3>(MeshBlockPack*)::'lambda'(int, int, int, int) const&)::'lambda'(int const&), Kokkos::Impl::SYCLInternal::USMObjectMem<(sycl::_V1::usm::alloc)0>, false>, Kokkos::RangePolicy<>>'

warning: [RetryManager] Start recompilation of the kernel
in kernel: 'typeinfo name for Kokkos::Impl::FunctorWrapperRangePolicyParallelForCustom<Kokkos::Impl::SYCLFunctionWrapper<void par_for<void z4c::Z4c::Z4cWeylImpl<z4c::Cartesian3D, 4>(MeshBlockPack*)::'lambda'(int, int, int, int)>(std::__cxx11::basic_string<char, std::char_traits<char>, std::allocator<char>> const&, Kokkos::SYCL, int const&, int const&, int const&, int const&, int const&, int const&, int const&, int const&, void z4c::Z4c::Z4cWeylImpl<z4c::Cartesian3D, 4>(MeshBlockPack*)::'lambda'(int, int, int, int) const&)::'lambda'(int const&), Kokkos::Impl::SYCLInternal::USMObjectMem<(sycl::_V1::usm::alloc)0>, false>, Kokkos::RangePolicy<>>'

warning: [RetryManager] Start recompilation of the kernel
in kernel: 'typeinfo name for Kokkos::Impl::FunctorWrapperRangePolicyParallelForCustom<Kokkos::Impl::SYCLFunctionWrapper<void par_for<void z4c::Z4c::Z4cWeylImpl<z4c::CartoonSO2, 2>(MeshBlockPack*)::'lambda'(int, int, int, int)>(std::__cxx11::basic_string<char, std::char_traits<char>, std::allocator<char>> const&, Kokkos::SYCL, int const&, int const&, int const&, int const&, int const&, int const&, int const&, int const&, void z4c::Z4c::Z4cWeylImpl<z4c::CartoonSO2, 2>(MeshBlockPack*)::'lambda'(int, int, int, int) const&)::'lambda'(int const&), Kokkos::Impl::SYCLInternal::USMObjectMem<(sycl::_V1::usm::alloc)0>, false>, Kokkos::RangePolicy<>>'

warning: [RetryManager] Start recompilation of the kernel
in kernel: 'typeinfo name for Kokkos::Impl::FunctorWrapperRangePolicyParallelForCustom<Kokkos::Impl::SYCLFunctionWrapper<void par_for<void z4c::Z4c::Z4cWeylImpl<z4c::CartoonSO2, 3>(MeshBlockPack*)::'lambda'(int, int, int, int)>(std::__cxx11::basic_string<char, std::char_traits<char>, std::allocator<char>> const&, Kokkos::SYCL, int const&, int const&, int const&, int const&, int const&, int const&, int const&, int const&, void z4c::Z4c::Z4cWeylImpl<z4c::CartoonSO2, 3>(MeshBlockPack*)::'lambda'(int, int, int, int) const&)::'lambda'(int const&), Kokkos::Impl::SYCLInternal::USMObjectMem<(sycl::_V1::usm::alloc)0>, false>, Kokkos::RangePolicy<>>'

warning: [RetryManager] Start recompilation of the kernel
in kernel: 'typeinfo name for Kokkos::Impl::FunctorWrapperRangePolicyParallelForCustom<Kokkos::Impl::SYCLFunctionWrapper<void par_for<void z4c::Z4c::Z4cWeylImpl<z4c::CartoonSO2, 4>(MeshBlockPack*)::'lambda'(int, int, int, int)>(std::__cxx11::basic_string<char, std::char_traits<char>, std::allocator<char>> const&, Kokkos::SYCL, int const&, int const&, int const&, int const&, int const&, int const&, int const&, int const&, void z4c::Z4c::Z4cWeylImpl<z4c::CartoonSO2, 4>(MeshBlockPack*)::'lambda'(int, int, int, int) const&)::'lambda'(int const&), Kokkos::Impl::SYCLInternal::USMObjectMem<(sycl::_V1::usm::alloc)0>, false>, Kokkos::RangePolicy<>>'

warning: kernel _ZTSN6Kokkos4Impl42FunctorWrapperRangePolicyParallelForCustomINS0_19SYCLFunctionWrapperIZ7par_forIZN3z4c3Z4c11Z4cWeylImplINS4_10CartoonSO2ELi3EEEvP13MeshBlockPackEUliiiiE_EvRKNSt7__cxx1112basic_stringIcSt11char_traitsIcESaIcEEENS_4SYCLERKiSL_SL_SL_SL_SL_SL_SL_RKT_EUlSL_E_NS0_12SYCLInternal12USMObjectMemILN4sycl3_V13usm5allocE0EEELb0EEENS_11RangePolicyIJEEEEE  compiled SIMD32 allocated 128 regs and spilled around 2

Build succeeded.
Compilation from IR - skipping loading of FCL
Build succeeded.
Compilation from IR - skipping loading of FCL

warning: [RetryManager] Start recompilation of the kernel
in kernel: 'typeinfo name for Kokkos::Impl::FunctorWrapperRangePolicyParallelForCustom<Kokkos::Impl::SYCLFunctionWrapper<void par_for<void z4c::ADMConstraintsViewsImpl<z4c::CartoonSO2, 2>(MeshBlockPack*, z4c::Z4c::Z4c_vars, adm::ADM::ADM_vars, Kokkos::View<double*****, Kokkos::LayoutRight, Kokkos::SYCLDeviceUSMSpace>, z4c::Z4c::Constraint_vars, bool, Tmunu::Tmunu_vars)::'lambda'(int, int, int, int)>(std::__cxx11::basic_string<char, std::char_traits<char>, std::allocator<char>> const&, Kokkos::SYCL, int const&, int const&, int const&, int const&, int const&, int const&, int const&, int const&, void z4c::ADMConstraintsViewsImpl<z4c::CartoonSO2, 2>(MeshBlockPack*, z4c::Z4c::Z4c_vars, adm::ADM::ADM_vars, Kokkos::View<double*****, Kokkos::LayoutRight, Kokkos::SYCLDeviceUSMSpace>, z4c::Z4c::Constraint_vars, bool, Tmunu::Tmunu_vars)::'lambda'(int, int, int, int) const&)::'lambda'(int const&), Kokkos::Impl::SYCLInternal::USMObjectMem<(sycl::_V1::usm::alloc)0>, false>, Kokkos::RangePolicy<>>'

warning: [RetryManager] Start recompilation of the kernel
in kernel: 'typeinfo name for Kokkos::Impl::FunctorWrapperRangePolicyParallelForCustom<Kokkos::Impl::SYCLFunctionWrapper<void par_for<void z4c::ADMConstraintsViewsImpl<z4c::CartoonSO2, 2>(MeshBlockPack*, z4c::Z4c::Z4c_vars, adm::ADM::ADM_vars, Kokkos::View<double*****, Kokkos::LayoutRight, Kokkos::SYCLDeviceUSMSpace>, z4c::Z4c::Constraint_vars, bool, Tmunu::Tmunu_vars)::'lambda0'(int, int, int, int)>(std::__cxx11::basic_string<char, std::char_traits<char>, std::allocator<char>> const&, Kokkos::SYCL, int const&, int const&, int const&, int const&, int const&, int const&, int const&, int const&, void z4c::ADMConstraintsViewsImpl<z4c::CartoonSO2, 2>(MeshBlockPack*, z4c::Z4c::Z4c_vars, adm::ADM::ADM_vars, Kokkos::View<double*****, Kokkos::LayoutRight, Kokkos::SYCLDeviceUSMSpace>, z4c::Z4c::Constraint_vars, bool, Tmunu::Tmunu_vars)::'lambda0'(int, int, int, int) const&)::'lambda'(int const&), Kokkos::Impl::SYCLInternal::USMObjectMem<(sycl::_V1::usm::alloc)0>, true>, Kokkos::RangePolicy<>>'

warning: [RetryManager] Start recompilation of the kernel
in kernel: 'typeinfo name for Kokkos::Impl::FunctorWrapperRangePolicyParallelForCustom<Kokkos::Impl::SYCLFunctionWrapper<void par_for<void z4c::ADMConstraintsViewsImpl<z4c::CartoonSO2, 3>(MeshBlockPack*, z4c::Z4c::Z4c_vars, adm::ADM::ADM_vars, Kokkos::View<double*****, Kokkos::LayoutRight, Kokkos::SYCLDeviceUSMSpace>, z4c::Z4c::Constraint_vars, bool, Tmunu::Tmunu_vars)::'lambda'(int, int, int, int)>(std::__cxx11::basic_string<char, std::char_traits<char>, std::allocator<char>> const&, Kokkos::SYCL, int const&, int const&, int const&, int const&, int const&, int const&, int const&, int const&, void z4c::ADMConstraintsViewsImpl<z4c::CartoonSO2, 3>(MeshBlockPack*, z4c::Z4c::Z4c_vars, adm::ADM::ADM_vars, Kokkos::View<double*****, Kokkos::LayoutRight, Kokkos::SYCLDeviceUSMSpace>, z4c::Z4c::Constraint_vars, bool, Tmunu::Tmunu_vars)::'lambda'(int, int, int, int) const&)::'lambda'(int const&), Kokkos::Impl::SYCLInternal::USMObjectMem<(sycl::_V1::usm::alloc)0>, false>, Kokkos::RangePolicy<>>'

warning: [RetryManager] Start recompilation of the kernel
in kernel: 'typeinfo name for Kokkos::Impl::FunctorWrapperRangePolicyParallelForCustom<Kokkos::Impl::SYCLFunctionWrapper<void par_for<void z4c::ADMConstraintsViewsImpl<z4c::CartoonSO2, 4>(MeshBlockPack*, z4c::Z4c::Z4c_vars, adm::ADM::ADM_vars, Kokkos::View<double*****, Kokkos::LayoutRight, Kokkos::SYCLDeviceUSMSpace>, z4c::Z4c::Constraint_vars, bool, Tmunu::Tmunu_vars)::'lambda'(int, int, int, int)>(std::__cxx11::basic_string<char, std::char_traits<char>, std::allocator<char>> const&, Kokkos::SYCL, int const&, int const&, int const&, int const&, int const&, int const&, int const&, int const&, void z4c::ADMConstraintsViewsImpl<z4c::CartoonSO2, 4>(MeshBlockPack*, z4c::Z4c::Z4c_vars, adm::ADM::ADM_vars, Kokkos::View<double*****, Kokkos::LayoutRight, Kokkos::SYCLDeviceUSMSpace>, z4c::Z4c::Constraint_vars, bool, Tmunu::Tmunu_vars)::'lambda'(int, int, int, int) const&)::'lambda'(int const&), Kokkos::Impl::SYCLInternal::USMObjectMem<(sycl::_V1::usm::alloc)0>, false>, Kokkos::RangePolicy<>>'

warning: [RetryManager] Start recompilation of the kernel
in kernel: 'typeinfo name for Kokkos::Impl::FunctorWrapperRangePolicyParallelForCustom<Kokkos::Impl::SYCLFunctionWrapper<void par_for<void z4c::ADMConstraintsViewsImpl<z4c::Cartesian3D, 2>(MeshBlockPack*, z4c::Z4c::Z4c_vars, adm::ADM::ADM_vars, Kokkos::View<double*****, Kokkos::LayoutRight, Kokkos::SYCLDeviceUSMSpace>, z4c::Z4c::Constraint_vars, bool, Tmunu::Tmunu_vars)::'lambda'(int, int, int, int)>(std::__cxx11::basic_string<char, std::char_traits<char>, std::allocator<char>> const&, Kokkos::SYCL, int const&, int const&, int const&, int const&, int const&, int const&, int const&, int const&, void z4c::ADMConstraintsViewsImpl<z4c::Cartesian3D, 2>(MeshBlockPack*, z4c::Z4c::Z4c_vars, adm::ADM::ADM_vars, Kokkos::View<double*****, Kokkos::LayoutRight, Kokkos::SYCLDeviceUSMSpace>, z4c::Z4c::Constraint_vars, bool, Tmunu::Tmunu_vars)::'lambda'(int, int, int, int) const&)::'lambda'(int const&), Kokkos::Impl::SYCLInternal::USMObjectMem<(sycl::_V1::usm::alloc)0>, false>, Kokkos::RangePolicy<>>'

warning: [RetryManager] Start recompilation of the kernel
in kernel: 'typeinfo name for Kokkos::Impl::FunctorWrapperRangePolicyParallelForCustom<Kokkos::Impl::SYCLFunctionWrapper<void par_for<void z4c::ADMConstraintsViewsImpl<z4c::Cartesian3D, 2>(MeshBlockPack*, z4c::Z4c::Z4c_vars, adm::ADM::ADM_vars, Kokkos::View<double*****, Kokkos::LayoutRight, Kokkos::SYCLDeviceUSMSpace>, z4c::Z4c::Constraint_vars, bool, Tmunu::Tmunu_vars)::'lambda0'(int, int, int, int)>(std::__cxx11::basic_string<char, std::char_traits<char>, std::allocator<char>> const&, Kokkos::SYCL, int const&, int const&, int const&, int const&, int const&, int const&, int const&, int const&, void z4c::ADMConstraintsViewsImpl<z4c::Cartesian3D, 2>(MeshBlockPack*, z4c::Z4c::Z4c_vars, adm::ADM::ADM_vars, Kokkos::View<double*****, Kokkos::LayoutRight, Kokkos::SYCLDeviceUSMSpace>, z4c::Z4c::Constraint_vars, bool, Tmunu::Tmunu_vars)::'lambda0'(int, int, int, int) const&)::'lambda'(int const&), Kokkos::Impl::SYCLInternal::USMObjectMem<(sycl::_V1::usm::alloc)0>, true>, Kokkos::RangePolicy<>>'

warning: [RetryManager] Start recompilation of the kernel
in kernel: 'typeinfo name for Kokkos::Impl::FunctorWrapperRangePolicyParallelForCustom<Kokkos::Impl::SYCLFunctionWrapper<void par_for<void z4c::ADMConstraintsViewsImpl<z4c::Cartesian3D, 3>(MeshBlockPack*, z4c::Z4c::Z4c_vars, adm::ADM::ADM_vars, Kokkos::View<double*****, Kokkos::LayoutRight, Kokkos::SYCLDeviceUSMSpace>, z4c::Z4c::Constraint_vars, bool, Tmunu::Tmunu_vars)::'lambda'(int, int, int, int)>(std::__cxx11::basic_string<char, std::char_traits<char>, std::allocator<char>> const&, Kokkos::SYCL, int const&, int const&, int const&, int const&, int const&, int const&, int const&, int const&, void z4c::ADMConstraintsViewsImpl<z4c::Cartesian3D, 3>(MeshBlockPack*, z4c::Z4c::Z4c_vars, adm::ADM::ADM_vars, Kokkos::View<double*****, Kokkos::LayoutRight, Kokkos::SYCLDeviceUSMSpace>, z4c::Z4c::Constraint_vars, bool, Tmunu::Tmunu_vars)::'lambda'(int, int, int, int) const&)::'lambda'(int const&), Kokkos::Impl::SYCLInternal::USMObjectMem<(sycl::_V1::usm::alloc)0>, false>, Kokkos::RangePolicy<>>'

warning: [RetryManager] Start recompilation of the kernel
in kernel: 'typeinfo name for Kokkos::Impl::FunctorWrapperRangePolicyParallelForCustom<Kokkos::Impl::SYCLFunctionWrapper<void par_for<void z4c::ADMConstraintsViewsImpl<z4c::Cartesian3D, 3>(MeshBlockPack*, z4c::Z4c::Z4c_vars, adm::ADM::ADM_vars, Kokkos::View<double*****, Kokkos::LayoutRight, Kokkos::SYCLDeviceUSMSpace>, z4c::Z4c::Constraint_vars, bool, Tmunu::Tmunu_vars)::'lambda0'(int, int, int, int)>(std::__cxx11::basic_string<char, std::char_traits<char>, std::allocator<char>> const&, Kokkos::SYCL, int const&, int const&, int const&, int const&, int const&, int const&, int const&, int const&, void z4c::ADMConstraintsViewsImpl<z4c::Cartesian3D, 3>(MeshBlockPack*, z4c::Z4c::Z4c_vars, adm::ADM::ADM_vars, Kokkos::View<double*****, Kokkos::LayoutRight, Kokkos::SYCLDeviceUSMSpace>, z4c::Z4c::Constraint_vars, bool, Tmunu::Tmunu_vars)::'lambda0'(int, int, int, int) const&)::'lambda'(int const&), Kokkos::Impl::SYCLInternal::USMObjectMem<(sycl::_V1::usm::alloc)0>, true>, Kokkos::RangePolicy<>>'

warning: [RetryManager] Start recompilation of the kernel
in kernel: 'typeinfo name for Kokkos::Impl::FunctorWrapperRangePolicyParallelForCustom<Kokkos::Impl::SYCLFunctionWrapper<void par_for<void z4c::ADMConstraintsViewsImpl<z4c::Cartesian3D, 4>(MeshBlockPack*, z4c::Z4c::Z4c_vars, adm::ADM::ADM_vars, Kokkos::View<double*****, Kokkos::LayoutRight, Kokkos::SYCLDeviceUSMSpace>, z4c::Z4c::Constraint_vars, bool, Tmunu::Tmunu_vars)::'lambda'(int, int, int, int)>(std::__cxx11::basic_string<char, std::char_traits<char>, std::allocator<char>> const&, Kokkos::SYCL, int const&, int const&, int const&, int const&, int const&, int const&, int const&, int const&, void z4c::ADMConstraintsViewsImpl<z4c::Cartesian3D, 4>(MeshBlockPack*, z4c::Z4c::Z4c_vars, adm::ADM::ADM_vars, Kokkos::View<double*****, Kokkos::LayoutRight, Kokkos::SYCLDeviceUSMSpace>, z4c::Z4c::Constraint_vars, bool, Tmunu::Tmunu_vars)::'lambda'(int, int, int, int) const&)::'lambda'(int const&), Kokkos::Impl::SYCLInternal::USMObjectMem<(sycl::_V1::usm::alloc)0>, false>, Kokkos::RangePolicy<>>'

warning: [RetryManager] Start recompilation of the kernel
in kernel: 'typeinfo name for Kokkos::Impl::FunctorWrapperRangePolicyParallelForCustom<Kokkos::Impl::SYCLFunctionWrapper<void par_for<void z4c::ADMConstraintsViewsImpl<z4c::Cartesian3D, 4>(MeshBlockPack*, z4c::Z4c::Z4c_vars, adm::ADM::ADM_vars, Kokkos::View<double*****, Kokkos::LayoutRight, Kokkos::SYCLDeviceUSMSpace>, z4c::Z4c::Constraint_vars, bool, Tmunu::Tmunu_vars)::'lambda0'(int, int, int, int)>(std::__cxx11::basic_string<char, std::char_traits<char>, std::allocator<char>> const&, Kokkos::SYCL, int const&, int const&, int const&, int const&, int const&, int const&, int const&, int const&, void z4c::ADMConstraintsViewsImpl<z4c::Cartesian3D, 4>(MeshBlockPack*, z4c::Z4c::Z4c_vars, adm::ADM::ADM_vars, Kokkos::View<double*****, Kokkos::LayoutRight, Kokkos::SYCLDeviceUSMSpace>, z4c::Z4c::Constraint_vars, bool, Tmunu::Tmunu_vars)::'lambda0'(int, int, int, int) const&)::'lambda'(int const&), Kokkos::Impl::SYCLInternal::USMObjectMem<(sycl::_V1::usm::alloc)0>, true>, Kokkos::RangePolicy<>>'

Build succeeded.
Compilation from IR - skipping loading of FCL
Build succeeded.
Compilation from IR - skipping loading of FCL

warning: [RetryManager] Start recompilation of the kernel
in kernel: 'typeinfo name for sycl::_V1::event Kokkos::Impl::ParallelReduce<Kokkos::Impl::CombinedFunctorReducer<Z4cGlobalCurvatureMaxima ComputeZ4cGlobalCurvatureMaximaImpl<z4c::CartoonSO2, 2>(Mesh*)::'lambda0'(int, double&), Kokkos::Impl::FunctorAnalysis<Kokkos::Impl::FunctorPatternInterface::REDUCE, Kokkos::RangePolicy<>, Kokkos::Max<double, Kokkos::HostSpace>, double>::Reducer, void>, Kokkos::RangePolicy<>, Kokkos::SYCL>::sycl_direct_launch<Kokkos::RangePolicy<>, Kokkos::Impl::SYCLFunctionWrapper<Kokkos::Impl::CombinedFunctorReducer<Z4cGlobalCurvatureMaxima ComputeZ4cGlobalCurvatureMaximaImpl<z4c::CartoonSO2, 2>(Mesh*)::'lambda0'(int, double&), Kokkos::Impl::FunctorAnalysis<Kokkos::Impl::FunctorPatternInterface::REDUCE, Kokkos::RangePolicy<>, Kokkos::Max<double, Kokkos::HostSpace>, double>::Reducer, void>, Kokkos::Impl::SYCLInternal::USMObjectMem<(sycl::_V1::usm::alloc)0>, false>>(Kokkos::RangePolicy<> const&, Kokkos::Impl::SYCLFunctionWrapper<Kokkos::Impl::CombinedFunctorReducer<Z4cGlobalCurvatureMaxima ComputeZ4cGlobalCurvatureMaximaImpl<z4c::CartoonSO2, 2>(Mesh*)::'lambda0'(int, double&), Kokkos::Impl::FunctorAnalysis<Kokkos::Impl::FunctorPatternInterface::REDUCE, Kokkos::RangePolicy<>, Kokkos::Max<double, Kokkos::HostSpace>, double>::Reducer, void>, Kokkos::Impl::SYCLInternal::USMObjectMem<(sycl::_V1::usm::alloc)0>, false> const&, sycl::_V1::event const&) const::'lambda'(sycl::_V1::local_accessor<double, 1>, sycl::_V1::local_accessor<unsigned int, 1>, sycl::_V1::multi_ptr<double, (sycl::_V1::access::address_space)4, (sycl::_V1::access::decorated)2>, int)::operator()(sycl::_V1::local_accessor<double, 1>, sycl::_V1::local_accessor<unsigned int, 1>, sycl::_V1::multi_ptr<double, (sycl::_V1::access::address_space)4, (sycl::_V1::access::decorated)2>, int) const::'lambda'(sycl::_V1::nd_item<1>)'

warning: [RetryManager] Start recompilation of the kernel
in kernel: 'typeinfo name for sycl::_V1::event Kokkos::Impl::ParallelReduce<Kokkos::Impl::CombinedFunctorReducer<Z4cGlobalCurvatureMaxima ComputeZ4cGlobalCurvatureMaximaImpl<z4c::Cartesian3D, 2>(Mesh*)::'lambda0'(int, double&), Kokkos::Impl::FunctorAnalysis<Kokkos::Impl::FunctorPatternInterface::REDUCE, Kokkos::RangePolicy<>, Kokkos::Max<double, Kokkos::HostSpace>, double>::Reducer, void>, Kokkos::RangePolicy<>, Kokkos::SYCL>::sycl_direct_launch<Kokkos::RangePolicy<>, Kokkos::Impl::SYCLFunctionWrapper<Kokkos::Impl::CombinedFunctorReducer<Z4cGlobalCurvatureMaxima ComputeZ4cGlobalCurvatureMaximaImpl<z4c::Cartesian3D, 2>(Mesh*)::'lambda0'(int, double&), Kokkos::Impl::FunctorAnalysis<Kokkos::Impl::FunctorPatternInterface::REDUCE, Kokkos::RangePolicy<>, Kokkos::Max<double, Kokkos::HostSpace>, double>::Reducer, void>, Kokkos::Impl::SYCLInternal::USMObjectMem<(sycl::_V1::usm::alloc)0>, false>>(Kokkos::RangePolicy<> const&, Kokkos::Impl::SYCLFunctionWrapper<Kokkos::Impl::CombinedFunctorReducer<Z4cGlobalCurvatureMaxima ComputeZ4cGlobalCurvatureMaximaImpl<z4c::Cartesian3D, 2>(Mesh*)::'lambda0'(int, double&), Kokkos::Impl::FunctorAnalysis<Kokkos::Impl::FunctorPatternInterface::REDUCE, Kokkos::RangePolicy<>, Kokkos::Max<double, Kokkos::HostSpace>, double>::Reducer, void>, Kokkos::Impl::SYCLInternal::USMObjectMem<(sycl::_V1::usm::alloc)0>, false> const&, sycl::_V1::event const&) const::'lambda'(sycl::_V1::local_accessor<double, 1>, sycl::_V1::local_accessor<unsigned int, 1>, sycl::_V1::multi_ptr<double, (sycl::_V1::access::address_space)4, (sycl::_V1::access::decorated)2>, int)::operator()(sycl::_V1::local_accessor<double, 1>, sycl::_V1::local_accessor<unsigned int, 1>, sycl::_V1::multi_ptr<double, (sycl::_V1::access::address_space)4, (sycl::_V1::access::decorated)2>, int) const::'lambda'(sycl::_V1::nd_item<1>)'

warning: [RetryManager] Start recompilation of the kernel
in kernel: 'typeinfo name for sycl::_V1::event Kokkos::Impl::ParallelReduce<Kokkos::Impl::CombinedFunctorReducer<Z4cGlobalCurvatureMaxima ComputeZ4cGlobalCurvatureMaximaImpl<z4c::CartoonSO2, 3>(Mesh*)::'lambda0'(int, double&), Kokkos::Impl::FunctorAnalysis<Kokkos::Impl::FunctorPatternInterface::REDUCE, Kokkos::RangePolicy<>, Kokkos::Max<double, Kokkos::HostSpace>, double>::Reducer, void>, Kokkos::RangePolicy<>, Kokkos::SYCL>::sycl_direct_launch<Kokkos::RangePolicy<>, Kokkos::Impl::SYCLFunctionWrapper<Kokkos::Impl::CombinedFunctorReducer<Z4cGlobalCurvatureMaxima ComputeZ4cGlobalCurvatureMaximaImpl<z4c::CartoonSO2, 3>(Mesh*)::'lambda0'(int, double&), Kokkos::Impl::FunctorAnalysis<Kokkos::Impl::FunctorPatternInterface::REDUCE, Kokkos::RangePolicy<>, Kokkos::Max<double, Kokkos::HostSpace>, double>::Reducer, void>, Kokkos::Impl::SYCLInternal::USMObjectMem<(sycl::_V1::usm::alloc)0>, false>>(Kokkos::RangePolicy<> const&, Kokkos::Impl::SYCLFunctionWrapper<Kokkos::Impl::CombinedFunctorReducer<Z4cGlobalCurvatureMaxima ComputeZ4cGlobalCurvatureMaximaImpl<z4c::CartoonSO2, 3>(Mesh*)::'lambda0'(int, double&), Kokkos::Impl::FunctorAnalysis<Kokkos::Impl::FunctorPatternInterface::REDUCE, Kokkos::RangePolicy<>, Kokkos::Max<double, Kokkos::HostSpace>, double>::Reducer, void>, Kokkos::Impl::SYCLInternal::USMObjectMem<(sycl::_V1::usm::alloc)0>, false> const&, sycl::_V1::event const&) const::'lambda'(sycl::_V1::local_accessor<double, 1>, sycl::_V1::local_accessor<unsigned int, 1>, sycl::_V1::multi_ptr<double, (sycl::_V1::access::address_space)4, (sycl::_V1::access::decorated)2>, int)::operator()(sycl::_V1::local_accessor<double, 1>, sycl::_V1::local_accessor<unsigned int, 1>, sycl::_V1::multi_ptr<double, (sycl::_V1::access::address_space)4, (sycl::_V1::access::decorated)2>, int) const::'lambda'(sycl::_V1::nd_item<1>)'

warning: [RetryManager] Start recompilation of the kernel
in kernel: 'typeinfo name for sycl::_V1::event Kokkos::Impl::ParallelReduce<Kokkos::Impl::CombinedFunctorReducer<Z4cGlobalCurvatureMaxima ComputeZ4cGlobalCurvatureMaximaImpl<z4c::Cartesian3D, 3>(Mesh*)::'lambda0'(int, double&), Kokkos::Impl::FunctorAnalysis<Kokkos::Impl::FunctorPatternInterface::REDUCE, Kokkos::RangePolicy<>, Kokkos::Max<double, Kokkos::HostSpace>, double>::Reducer, void>, Kokkos::RangePolicy<>, Kokkos::SYCL>::sycl_direct_launch<Kokkos::RangePolicy<>, Kokkos::Impl::SYCLFunctionWrapper<Kokkos::Impl::CombinedFunctorReducer<Z4cGlobalCurvatureMaxima ComputeZ4cGlobalCurvatureMaximaImpl<z4c::Cartesian3D, 3>(Mesh*)::'lambda0'(int, double&), Kokkos::Impl::FunctorAnalysis<Kokkos::Impl::FunctorPatternInterface::REDUCE, Kokkos::RangePolicy<>, Kokkos::Max<double, Kokkos::HostSpace>, double>::Reducer, void>, Kokkos::Impl::SYCLInternal::USMObjectMem<(sycl::_V1::usm::alloc)0>, false>>(Kokkos::RangePolicy<> const&, Kokkos::Impl::SYCLFunctionWrapper<Kokkos::Impl::CombinedFunctorReducer<Z4cGlobalCurvatureMaxima ComputeZ4cGlobalCurvatureMaximaImpl<z4c::Cartesian3D, 3>(Mesh*)::'lambda0'(int, double&), Kokkos::Impl::FunctorAnalysis<Kokkos::Impl::FunctorPatternInterface::REDUCE, Kokkos::RangePolicy<>, Kokkos::Max<double, Kokkos::HostSpace>, double>::Reducer, void>, Kokkos::Impl::SYCLInternal::USMObjectMem<(sycl::_V1::usm::alloc)0>, false> const&, sycl::_V1::event const&) const::'lambda'(sycl::_V1::local_accessor<double, 1>, sycl::_V1::local_accessor<unsigned int, 1>, sycl::_V1::multi_ptr<double, (sycl::_V1::access::address_space)4, (sycl::_V1::access::decorated)2>, int)::operator()(sycl::_V1::local_accessor<double, 1>, sycl::_V1::local_accessor<unsigned int, 1>, sycl::_V1::multi_ptr<double, (sycl::_V1::access::address_space)4, (sycl::_V1::access::decorated)2>, int) const::'lambda'(sycl::_V1::nd_item<1>)'

warning: [RetryManager] Start recompilation of the kernel
in kernel: 'typeinfo name for sycl::_V1::event Kokkos::Impl::ParallelReduce<Kokkos::Impl::CombinedFunctorReducer<Z4cGlobalCurvatureMaxima ComputeZ4cGlobalCurvatureMaximaImpl<z4c::CartoonSO2, 4>(Mesh*)::'lambda0'(int, double&), Kokkos::Impl::FunctorAnalysis<Kokkos::Impl::FunctorPatternInterface::REDUCE, Kokkos::RangePolicy<>, Kokkos::Max<double, Kokkos::HostSpace>, double>::Reducer, void>, Kokkos::RangePolicy<>, Kokkos::SYCL>::sycl_direct_launch<Kokkos::RangePolicy<>, Kokkos::Impl::SYCLFunctionWrapper<Kokkos::Impl::CombinedFunctorReducer<Z4cGlobalCurvatureMaxima ComputeZ4cGlobalCurvatureMaximaImpl<z4c::CartoonSO2, 4>(Mesh*)::'lambda0'(int, double&), Kokkos::Impl::FunctorAnalysis<Kokkos::Impl::FunctorPatternInterface::REDUCE, Kokkos::RangePolicy<>, Kokkos::Max<double, Kokkos::HostSpace>, double>::Reducer, void>, Kokkos::Impl::SYCLInternal::USMObjectMem<(sycl::_V1::usm::alloc)0>, false>>(Kokkos::RangePolicy<> const&, Kokkos::Impl::SYCLFunctionWrapper<Kokkos::Impl::CombinedFunctorReducer<Z4cGlobalCurvatureMaxima ComputeZ4cGlobalCurvatureMaximaImpl<z4c::CartoonSO2, 4>(Mesh*)::'lambda0'(int, double&), Kokkos::Impl::FunctorAnalysis<Kokkos::Impl::FunctorPatternInterface::REDUCE, Kokkos::RangePolicy<>, Kokkos::Max<double, Kokkos::HostSpace>, double>::Reducer, void>, Kokkos::Impl::SYCLInternal::USMObjectMem<(sycl::_V1::usm::alloc)0>, false> const&, sycl::_V1::event const&) const::'lambda'(sycl::_V1::local_accessor<double, 1>, sycl::_V1::local_accessor<unsigned int, 1>, sycl::_V1::multi_ptr<double, (sycl::_V1::access::address_space)4, (sycl::_V1::access::decorated)2>, int)::operator()(sycl::_V1::local_accessor<double, 1>, sycl::_V1::local_accessor<unsigned int, 1>, sycl::_V1::multi_ptr<double, (sycl::_V1::access::address_space)4, (sycl::_V1::access::decorated)2>, int) const::'lambda'(sycl::_V1::nd_item<1>)'

warning: [RetryManager] Start recompilation of the kernel
in kernel: 'typeinfo name for sycl::_V1::event Kokkos::Impl::ParallelReduce<Kokkos::Impl::CombinedFunctorReducer<Z4cGlobalCurvatureMaxima ComputeZ4cGlobalCurvatureMaximaImpl<z4c::Cartesian3D, 4>(Mesh*)::'lambda0'(int, double&), Kokkos::Impl::FunctorAnalysis<Kokkos::Impl::FunctorPatternInterface::REDUCE, Kokkos::RangePolicy<>, Kokkos::Max<double, Kokkos::HostSpace>, double>::Reducer, void>, Kokkos::RangePolicy<>, Kokkos::SYCL>::sycl_direct_launch<Kokkos::RangePolicy<>, Kokkos::Impl::SYCLFunctionWrapper<Kokkos::Impl::CombinedFunctorReducer<Z4cGlobalCurvatureMaxima ComputeZ4cGlobalCurvatureMaximaImpl<z4c::Cartesian3D, 4>(Mesh*)::'lambda0'(int, double&), Kokkos::Impl::FunctorAnalysis<Kokkos::Impl::FunctorPatternInterface::REDUCE, Kokkos::RangePolicy<>, Kokkos::Max<double, Kokkos::HostSpace>, double>::Reducer, void>, Kokkos::Impl::SYCLInternal::USMObjectMem<(sycl::_V1::usm::alloc)0>, false>>(Kokkos::RangePolicy<> const&, Kokkos::Impl::SYCLFunctionWrapper<Kokkos::Impl::CombinedFunctorReducer<Z4cGlobalCurvatureMaxima ComputeZ4cGlobalCurvatureMaximaImpl<z4c::Cartesian3D, 4>(Mesh*)::'lambda0'(int, double&), Kokkos::Impl::FunctorAnalysis<Kokkos::Impl::FunctorPatternInterface::REDUCE, Kokkos::RangePolicy<>, Kokkos::Max<double, Kokkos::HostSpace>, double>::Reducer, void>, Kokkos::Impl::SYCLInternal::USMObjectMem<(sycl::_V1::usm::alloc)0>, false> const&, sycl::_V1::event const&) const::'lambda'(sycl::_V1::local_accessor<double, 1>, sycl::_V1::local_accessor<unsigned int, 1>, sycl::_V1::multi_ptr<double, (sycl::_V1::access::address_space)4, (sycl::_V1::access::decorated)2>, int)::operator()(sycl::_V1::local_accessor<double, 1>, sycl::_V1::local_accessor<unsigned int, 1>, sycl::_V1::multi_ptr<double, (sycl::_V1::access::address_space)4, (sycl::_V1::access::decorated)2>, int) const::'lambda'(sycl::_V1::nd_item<1>)'

warning: kernel _ZTSZZNK6Kokkos4Impl14ParallelReduceINS0_22CombinedFunctorReducerIZ35ComputeZ4cGlobalCurvatureMaximaImplIN3z4c10CartoonSO2ELi2EE24Z4cGlobalCurvatureMaximaP4MeshEUliRdE0_NS0_15FunctorAnalysisINS0_23FunctorPatternInterface6REDUCEENS_11RangePolicyIJEEENS_3MaxIdNS_9HostSpaceEEEdE7ReducerEvEESF_NS_4SYCLEE18sycl_direct_launchISF_NS0_19SYCLFunctionWrapperISL_NS0_12SYCLInternal12USMObjectMemILN4sycl3_V13usm5allocE0EEELb0EEEEENST_5eventERKT_RKT0_RKSY_ENKUlNST_14local_accessorIdLi1EEENS17_IjLi1EEENST_9multi_ptrIdLNST_6access13address_spaceE4ELNS1B_9decoratedE2EEEiE_clES18_S19_S1E_iEUlNST_7nd_itemILi1EEEE_  compiled SIMD32 allocated 256 regs and spilled around 22

warning: kernel _ZTSZZNK6Kokkos4Impl14ParallelReduceINS0_22CombinedFunctorReducerIZ35ComputeZ4cGlobalCurvatureMaximaImplIN3z4c10CartoonSO2ELi3EE24Z4cGlobalCurvatureMaximaP4MeshEUliRdE0_NS0_15FunctorAnalysisINS0_23FunctorPatternInterface6REDUCEENS_11RangePolicyIJEEENS_3MaxIdNS_9HostSpaceEEEdE7ReducerEvEESF_NS_4SYCLEE18sycl_direct_launchISF_NS0_19SYCLFunctionWrapperISL_NS0_12SYCLInternal12USMObjectMemILN4sycl3_V13usm5allocE0EEELb0EEEEENST_5eventERKT_RKT0_RKSY_ENKUlNST_14local_accessorIdLi1EEENS17_IjLi1EEENST_9multi_ptrIdLNST_6access13address_spaceE4ELNS1B_9decoratedE2EEEiE_clES18_S19_S1E_iEUlNST_7nd_itemILi1EEEE_  compiled SIMD32 allocated 256 regs and spilled around 67

warning: kernel _ZTSZZNK6Kokkos4Impl14ParallelReduceINS0_22CombinedFunctorReducerIZ35ComputeZ4cGlobalCurvatureMaximaImplIN3z4c10CartoonSO2ELi4EE24Z4cGlobalCurvatureMaximaP4MeshEUliRdE0_NS0_15FunctorAnalysisINS0_23FunctorPatternInterface6REDUCEENS_11RangePolicyIJEEENS_3MaxIdNS_9HostSpaceEEEdE7ReducerEvEESF_NS_4SYCLEE18sycl_direct_launchISF_NS0_19SYCLFunctionWrapperISL_NS0_12SYCLInternal12USMObjectMemILN4sycl3_V13usm5allocE0EEELb0EEEEENST_5eventERKT_RKT0_RKSY_ENKUlNST_14local_accessorIdLi1EEENS17_IjLi1EEENST_9multi_ptrIdLNST_6access13address_spaceE4ELNS1B_9decoratedE2EEEiE_clES18_S19_S1E_iEUlNST_7nd_itemILi1EEEE_  compiled SIMD32 allocated 256 regs and spilled around 177

warning: kernel _ZTSZZNK6Kokkos4Impl14ParallelReduceINS0_22CombinedFunctorReducerIZ35ComputeZ4cGlobalCurvatureMaximaImplIN3z4c11Cartesian3DELi4EE24Z4cGlobalCurvatureMaximaP4MeshEUliRdE0_NS0_15FunctorAnalysisINS0_23FunctorPatternInterface6REDUCEENS_11RangePolicyIJEEENS_3MaxIdNS_9HostSpaceEEEdE7ReducerEvEESF_NS_4SYCLEE18sycl_direct_launchISF_NS0_19SYCLFunctionWrapperISL_NS0_12SYCLInternal12USMObjectMemILN4sycl3_V13usm5allocE0EEELb0EEEEENST_5eventERKT_RKT0_RKSY_ENKUlNST_14local_accessorIdLi1EEENS17_IjLi1EEENST_9multi_ptrIdLNST_6access13address_spaceE4ELNS1B_9decoratedE2EEEiE_clES18_S19_S1E_iEUlNST_7nd_itemILi1EEEE_  compiled SIMD32 allocated 256 regs and spilled around 34

Build succeeded.
Compilation from IR - skipping loading of FCL
Build succeeded.
Compilation from IR - skipping loading of FCL

warning: kernel _ZTSZZNK6Kokkos4Impl14ParallelReduceINS0_22CombinedFunctorReducerIZN13HistoryOutput18LoadMHDHistoryDataEP11HistoryDataP4MeshEUlRKiRN9array_sum10array_typeIdLi20EEEE_NS0_15FunctorAnalysisINS0_23FunctorPatternInterface6REDUCEENS_11RangePolicyIJEEENS_3SumISC_NS_9HostSpaceEEESC_E7ReducerEvEESJ_NS_4SYCLEE18sycl_direct_launchISJ_NS0_19SYCLFunctionWrapperISP_NS0_12SYCLInternal12USMObjectMemILN4sycl3_V13usm5allocE0EEELb0EEEEENSX_5eventERKT_RKT0_RKS12_ENKUlNSX_14local_accessorISC_Li1EEENS1B_IjLi1EEENSX_9multi_ptrISC_LNSX_6access13address_spaceE4ELNS1F_9decoratedE2EEEiE_clES1C_S1D_S1I_iEUlNSX_7nd_itemILi1EEEE_  compiled SIMD32 allocated 256 regs and spilled around 17

warning: [RetryManager] Start recompilation of the kernel
in kernel: 'typeinfo name for Kokkos::Impl::FunctorWrapperRangePolicyParallelForCustom<Kokkos::Impl::SYCLFunctionWrapper<z4c::CartoonCentralSample z4c::SampleCartoonCentralDiagnostics<2>(Mesh*)::'lambda'(int), Kokkos::Impl::SYCLInternal::USMObjectMem<(sycl::_V1::usm::alloc)0>, true>, Kokkos::RangePolicy<Kokkos::SYCL>>'

warning: [RetryManager] Start recompilation of the kernel
in kernel: 'typeinfo name for Kokkos::Impl::FunctorWrapperRangePolicyParallelForCustom<Kokkos::Impl::SYCLFunctionWrapper<z4c::CartoonCentralSample z4c::SampleCartoonCentralDiagnostics<3>(Mesh*)::'lambda'(int), Kokkos::Impl::SYCLInternal::USMObjectMem<(sycl::_V1::usm::alloc)0>, true>, Kokkos::RangePolicy<Kokkos::SYCL>>'

warning: [RetryManager] Start recompilation of the kernel
in kernel: 'typeinfo name for Kokkos::Impl::FunctorWrapperRangePolicyParallelForCustom<Kokkos::Impl::SYCLFunctionWrapper<z4c::CartoonCentralSample z4c::SampleCartoonCentralDiagnostics<4>(Mesh*)::'lambda'(int), Kokkos::Impl::SYCLInternal::USMObjectMem<(sycl::_V1::usm::alloc)0>, true>, Kokkos::RangePolicy<Kokkos::SYCL>>'

warning: [RetryManager] Start recompilation of the kernel
in kernel: 'typeinfo name for sycl::_V1::event Kokkos::Impl::ParallelReduce<Kokkos::Impl::CombinedFunctorReducer<double (anonymous namespace)::Z4cHistoryMaxKretschmann<z4c::CartoonSO2, 2>(Mesh*)::'lambda'(int, double&), Kokkos::Impl::FunctorAnalysis<Kokkos::Impl::FunctorPatternInterface::REDUCE, Kokkos::RangePolicy<>, Kokkos::Max<double, Kokkos::HostSpace>, double>::Reducer, void>, Kokkos::RangePolicy<>, Kokkos::SYCL>::sycl_direct_launch<Kokkos::RangePolicy<>, Kokkos::Impl::SYCLFunctionWrapper<Kokkos::Impl::CombinedFunctorReducer<double (anonymous namespace)::Z4cHistoryMaxKretschmann<z4c::CartoonSO2, 2>(Mesh*)::'lambda'(int, double&), Kokkos::Impl::FunctorAnalysis<Kokkos::Impl::FunctorPatternInterface::REDUCE, Kokkos::RangePolicy<>, Kokkos::Max<double, Kokkos::HostSpace>, double>::Reducer, void>, Kokkos::Impl::SYCLInternal::USMObjectMem<(sycl::_V1::usm::alloc)0>, false>>(Kokkos::RangePolicy<> const&, Kokkos::Impl::SYCLFunctionWrapper<Kokkos::Impl::CombinedFunctorReducer<double (anonymous namespace)::Z4cHistoryMaxKretschmann<z4c::CartoonSO2, 2>(Mesh*)::'lambda'(int, double&), Kokkos::Impl::FunctorAnalysis<Kokkos::Impl::FunctorPatternInterface::REDUCE, Kokkos::RangePolicy<>, Kokkos::Max<double, Kokkos::HostSpace>, double>::Reducer, void>, Kokkos::Impl::SYCLInternal::USMObjectMem<(sycl::_V1::usm::alloc)0>, false> const&, sycl::_V1::event const&) const::'lambda'(sycl::_V1::local_accessor<double, 1>, sycl::_V1::local_accessor<unsigned int, 1>, sycl::_V1::multi_ptr<double, (sycl::_V1::access::address_space)4, (sycl::_V1::access::decorated)2>, int)::operator()(sycl::_V1::local_accessor<double, 1>, sycl::_V1::local_accessor<unsigned int, 1>, sycl::_V1::multi_ptr<double, (sycl::_V1::access::address_space)4, (sycl::_V1::access::decorated)2>, int) const::'lambda'(sycl::_V1::nd_item<1>)'

warning: [RetryManager] Start recompilation of the kernel
in kernel: 'typeinfo name for sycl::_V1::event Kokkos::Impl::ParallelReduce<Kokkos::Impl::CombinedFunctorReducer<double (anonymous namespace)::Z4cHistoryMaxKretschmann<z4c::Cartesian3D, 2>(Mesh*)::'lambda'(int, double&), Kokkos::Impl::FunctorAnalysis<Kokkos::Impl::FunctorPatternInterface::REDUCE, Kokkos::RangePolicy<>, Kokkos::Max<double, Kokkos::HostSpace>, double>::Reducer, void>, Kokkos::RangePolicy<>, Kokkos::SYCL>::sycl_direct_launch<Kokkos::RangePolicy<>, Kokkos::Impl::SYCLFunctionWrapper<Kokkos::Impl::CombinedFunctorReducer<double (anonymous namespace)::Z4cHistoryMaxKretschmann<z4c::Cartesian3D, 2>(Mesh*)::'lambda'(int, double&), Kokkos::Impl::FunctorAnalysis<Kokkos::Impl::FunctorPatternInterface::REDUCE, Kokkos::RangePolicy<>, Kokkos::Max<double, Kokkos::HostSpace>, double>::Reducer, void>, Kokkos::Impl::SYCLInternal::USMObjectMem<(sycl::_V1::usm::alloc)0>, false>>(Kokkos::RangePolicy<> const&, Kokkos::Impl::SYCLFunctionWrapper<Kokkos::Impl::CombinedFunctorReducer<double (anonymous namespace)::Z4cHistoryMaxKretschmann<z4c::Cartesian3D, 2>(Mesh*)::'lambda'(int, double&), Kokkos::Impl::FunctorAnalysis<Kokkos::Impl::FunctorPatternInterface::REDUCE, Kokkos::RangePolicy<>, Kokkos::Max<double, Kokkos::HostSpace>, double>::Reducer, void>, Kokkos::Impl::SYCLInternal::USMObjectMem<(sycl::_V1::usm::alloc)0>, false> const&, sycl::_V1::event const&) const::'lambda'(sycl::_V1::local_accessor<double, 1>, sycl::_V1::local_accessor<unsigned int, 1>, sycl::_V1::multi_ptr<double, (sycl::_V1::access::address_space)4, (sycl::_V1::access::decorated)2>, int)::operator()(sycl::_V1::local_accessor<double, 1>, sycl::_V1::local_accessor<unsigned int, 1>, sycl::_V1::multi_ptr<double, (sycl::_V1::access::address_space)4, (sycl::_V1::access::decorated)2>, int) const::'lambda'(sycl::_V1::nd_item<1>)'

warning: [RetryManager] Start recompilation of the kernel
in kernel: 'typeinfo name for sycl::_V1::event Kokkos::Impl::ParallelReduce<Kokkos::Impl::CombinedFunctorReducer<double (anonymous namespace)::Z4cHistoryMaxKretschmann<z4c::CartoonSO2, 3>(Mesh*)::'lambda'(int, double&), Kokkos::Impl::FunctorAnalysis<Kokkos::Impl::FunctorPatternInterface::REDUCE, Kokkos::RangePolicy<>, Kokkos::Max<double, Kokkos::HostSpace>, double>::Reducer, void>, Kokkos::RangePolicy<>, Kokkos::SYCL>::sycl_direct_launch<Kokkos::RangePolicy<>, Kokkos::Impl::SYCLFunctionWrapper<Kokkos::Impl::CombinedFunctorReducer<double (anonymous namespace)::Z4cHistoryMaxKretschmann<z4c::CartoonSO2, 3>(Mesh*)::'lambda'(int, double&), Kokkos::Impl::FunctorAnalysis<Kokkos::Impl::FunctorPatternInterface::REDUCE, Kokkos::RangePolicy<>, Kokkos::Max<double, Kokkos::HostSpace>, double>::Reducer, void>, Kokkos::Impl::SYCLInternal::USMObjectMem<(sycl::_V1::usm::alloc)0>, false>>(Kokkos::RangePolicy<> const&, Kokkos::Impl::SYCLFunctionWrapper<Kokkos::Impl::CombinedFunctorReducer<double (anonymous namespace)::Z4cHistoryMaxKretschmann<z4c::CartoonSO2, 3>(Mesh*)::'lambda'(int, double&), Kokkos::Impl::FunctorAnalysis<Kokkos::Impl::FunctorPatternInterface::REDUCE, Kokkos::RangePolicy<>, Kokkos::Max<double, Kokkos::HostSpace>, double>::Reducer, void>, Kokkos::Impl::SYCLInternal::USMObjectMem<(sycl::_V1::usm::alloc)0>, false> const&, sycl::_V1::event const&) const::'lambda'(sycl::_V1::local_accessor<double, 1>, sycl::_V1::local_accessor<unsigned int, 1>, sycl::_V1::multi_ptr<double, (sycl::_V1::access::address_space)4, (sycl::_V1::access::decorated)2>, int)::operator()(sycl::_V1::local_accessor<double, 1>, sycl::_V1::local_accessor<unsigned int, 1>, sycl::_V1::multi_ptr<double, (sycl::_V1::access::address_space)4, (sycl::_V1::access::decorated)2>, int) const::'lambda'(sycl::_V1::nd_item<1>)'

warning: [RetryManager] Start recompilation of the kernel
in kernel: 'typeinfo name for sycl::_V1::event Kokkos::Impl::ParallelReduce<Kokkos::Impl::CombinedFunctorReducer<double (anonymous namespace)::Z4cHistoryMaxKretschmann<z4c::Cartesian3D, 3>(Mesh*)::'lambda'(int, double&), Kokkos::Impl::FunctorAnalysis<Kokkos::Impl::FunctorPatternInterface::REDUCE, Kokkos::RangePolicy<>, Kokkos::Max<double, Kokkos::HostSpace>, double>::Reducer, void>, Kokkos::RangePolicy<>, Kokkos::SYCL>::sycl_direct_launch<Kokkos::RangePolicy<>, Kokkos::Impl::SYCLFunctionWrapper<Kokkos::Impl::CombinedFunctorReducer<double (anonymous namespace)::Z4cHistoryMaxKretschmann<z4c::Cartesian3D, 3>(Mesh*)::'lambda'(int, double&), Kokkos::Impl::FunctorAnalysis<Kokkos::Impl::FunctorPatternInterface::REDUCE, Kokkos::RangePolicy<>, Kokkos::Max<double, Kokkos::HostSpace>, double>::Reducer, void>, Kokkos::Impl::SYCLInternal::USMObjectMem<(sycl::_V1::usm::alloc)0>, false>>(Kokkos::RangePolicy<> const&, Kokkos::Impl::SYCLFunctionWrapper<Kokkos::Impl::CombinedFunctorReducer<double (anonymous namespace)::Z4cHistoryMaxKretschmann<z4c::Cartesian3D, 3>(Mesh*)::'lambda'(int, double&), Kokkos::Impl::FunctorAnalysis<Kokkos::Impl::FunctorPatternInterface::REDUCE, Kokkos::RangePolicy<>, Kokkos::Max<double, Kokkos::HostSpace>, double>::Reducer, void>, Kokkos::Impl::SYCLInternal::USMObjectMem<(sycl::_V1::usm::alloc)0>, false> const&, sycl::_V1::event const&) const::'lambda'(sycl::_V1::local_accessor<double, 1>, sycl::_V1::local_accessor<unsigned int, 1>, sycl::_V1::multi_ptr<double, (sycl::_V1::access::address_space)4, (sycl::_V1::access::decorated)2>, int)::operator()(sycl::_V1::local_accessor<double, 1>, sycl::_V1::local_accessor<unsigned int, 1>, sycl::_V1::multi_ptr<double, (sycl::_V1::access::address_space)4, (sycl::_V1::access::decorated)2>, int) const::'lambda'(sycl::_V1::nd_item<1>)'

warning: [RetryManager] Start recompilation of the kernel
in kernel: 'typeinfo name for sycl::_V1::event Kokkos::Impl::ParallelReduce<Kokkos::Impl::CombinedFunctorReducer<double (anonymous namespace)::Z4cHistoryMaxKretschmann<z4c::CartoonSO2, 4>(Mesh*)::'lambda'(int, double&), Kokkos::Impl::FunctorAnalysis<Kokkos::Impl::FunctorPatternInterface::REDUCE, Kokkos::RangePolicy<>, Kokkos::Max<double, Kokkos::HostSpace>, double>::Reducer, void>, Kokkos::RangePolicy<>, Kokkos::SYCL>::sycl_direct_launch<Kokkos::RangePolicy<>, Kokkos::Impl::SYCLFunctionWrapper<Kokkos::Impl::CombinedFunctorReducer<double (anonymous namespace)::Z4cHistoryMaxKretschmann<z4c::CartoonSO2, 4>(Mesh*)::'lambda'(int, double&), Kokkos::Impl::FunctorAnalysis<Kokkos::Impl::FunctorPatternInterface::REDUCE, Kokkos::RangePolicy<>, Kokkos::Max<double, Kokkos::HostSpace>, double>::Reducer, void>, Kokkos::Impl::SYCLInternal::USMObjectMem<(sycl::_V1::usm::alloc)0>, false>>(Kokkos::RangePolicy<> const&, Kokkos::Impl::SYCLFunctionWrapper<Kokkos::Impl::CombinedFunctorReducer<double (anonymous namespace)::Z4cHistoryMaxKretschmann<z4c::CartoonSO2, 4>(Mesh*)::'lambda'(int, double&), Kokkos::Impl::FunctorAnalysis<Kokkos::Impl::FunctorPatternInterface::REDUCE, Kokkos::RangePolicy<>, Kokkos::Max<double, Kokkos::HostSpace>, double>::Reducer, void>, Kokkos::Impl::SYCLInternal::USMObjectMem<(sycl::_V1::usm::alloc)0>, false> const&, sycl::_V1::event const&) const::'lambda'(sycl::_V1::local_accessor<double, 1>, sycl::_V1::local_accessor<unsigned int, 1>, sycl::_V1::multi_ptr<double, (sycl::_V1::access::address_space)4, (sycl::_V1::access::decorated)2>, int)::operator()(sycl::_V1::local_accessor<double, 1>, sycl::_V1::local_accessor<unsigned int, 1>, sycl::_V1::multi_ptr<double, (sycl::_V1::access::address_space)4, (sycl::_V1::access::decorated)2>, int) const::'lambda'(sycl::_V1::nd_item<1>)'

warning: [RetryManager] Start recompilation of the kernel
in kernel: 'typeinfo name for sycl::_V1::event Kokkos::Impl::ParallelReduce<Kokkos::Impl::CombinedFunctorReducer<double (anonymous namespace)::Z4cHistoryMaxKretschmann<z4c::Cartesian3D, 4>(Mesh*)::'lambda'(int, double&), Kokkos::Impl::FunctorAnalysis<Kokkos::Impl::FunctorPatternInterface::REDUCE, Kokkos::RangePolicy<>, Kokkos::Max<double, Kokkos::HostSpace>, double>::Reducer, void>, Kokkos::RangePolicy<>, Kokkos::SYCL>::sycl_direct_launch<Kokkos::RangePolicy<>, Kokkos::Impl::SYCLFunctionWrapper<Kokkos::Impl::CombinedFunctorReducer<double (anonymous namespace)::Z4cHistoryMaxKretschmann<z4c::Cartesian3D, 4>(Mesh*)::'lambda'(int, double&), Kokkos::Impl::FunctorAnalysis<Kokkos::Impl::FunctorPatternInterface::REDUCE, Kokkos::RangePolicy<>, Kokkos::Max<double, Kokkos::HostSpace>, double>::Reducer, void>, Kokkos::Impl::SYCLInternal::USMObjectMem<(sycl::_V1::usm::alloc)0>, false>>(Kokkos::RangePolicy<> const&, Kokkos::Impl::SYCLFunctionWrapper<Kokkos::Impl::CombinedFunctorReducer<double (anonymous namespace)::Z4cHistoryMaxKretschmann<z4c::Cartesian3D, 4>(Mesh*)::'lambda'(int, double&), Kokkos::Impl::FunctorAnalysis<Kokkos::Impl::FunctorPatternInterface::REDUCE, Kokkos::RangePolicy<>, Kokkos::Max<double, Kokkos::HostSpace>, double>::Reducer, void>, Kokkos::Impl::SYCLInternal::USMObjectMem<(sycl::_V1::usm::alloc)0>, false> const&, sycl::_V1::event const&) const::'lambda'(sycl::_V1::local_accessor<double, 1>, sycl::_V1::local_accessor<unsigned int, 1>, sycl::_V1::multi_ptr<double, (sycl::_V1::access::address_space)4, (sycl::_V1::access::decorated)2>, int)::operator()(sycl::_V1::local_accessor<double, 1>, sycl::_V1::local_accessor<unsigned int, 1>, sycl::_V1::multi_ptr<double, (sycl::_V1::access::address_space)4, (sycl::_V1::access::decorated)2>, int) const::'lambda'(sycl::_V1::nd_item<1>)'

warning: kernel _ZTSN6Kokkos4Impl42FunctorWrapperRangePolicyParallelForCustomINS0_19SYCLFunctionWrapperIZN3z4c31SampleCartoonCentralDiagnosticsILi2EEENS3_20CartoonCentralSampleEP4MeshEUliE_NS0_12SYCLInternal12USMObjectMemILN4sycl3_V13usm5allocE0EEELb1EEENS_11RangePolicyIJNS_4SYCLEEEEEE  compiled SIMD32 allocated 256 regs and spilled around 87

warning: kernel _ZTSN6Kokkos4Impl42FunctorWrapperRangePolicyParallelForCustomINS0_19SYCLFunctionWrapperIZN3z4c31SampleCartoonCentralDiagnosticsILi3EEENS3_20CartoonCentralSampleEP4MeshEUliE_NS0_12SYCLInternal12USMObjectMemILN4sycl3_V13usm5allocE0EEELb1EEENS_11RangePolicyIJNS_4SYCLEEEEEE  compiled SIMD32 allocated 256 regs and spilled around 87

warning: kernel _ZTSN6Kokkos4Impl42FunctorWrapperRangePolicyParallelForCustomINS0_19SYCLFunctionWrapperIZN3z4c31SampleCartoonCentralDiagnosticsILi4EEENS3_20CartoonCentralSampleEP4MeshEUliE_NS0_12SYCLInternal12USMObjectMemILN4sycl3_V13usm5allocE0EEELb1EEENS_11RangePolicyIJNS_4SYCLEEEEEE  compiled SIMD32 allocated 256 regs and spilled around 201

warning: kernel _ZTSZZNK6Kokkos4Impl14ParallelReduceINS0_22CombinedFunctorReducerIZN12_GLOBAL__N_124Z4cHistoryMaxKretschmannIN3z4c10CartoonSO2ELi2EEEdP4MeshEUliRdE_NS0_15FunctorAnalysisINS0_23FunctorPatternInterface6REDUCEENS_11RangePolicyIJEEENS_3MaxIdNS_9HostSpaceEEEdE7ReducerEvEESF_NS_4SYCLEE18sycl_direct_launchISF_NS0_19SYCLFunctionWrapperISL_NS0_12SYCLInternal12USMObjectMemILN4sycl3_V13usm5allocE0EEELb0EEEEENST_5eventERKT_RKT0_RKSY_ENKUlNST_14local_accessorIdLi1EEENS17_IjLi1EEENST_9multi_ptrIdLNST_6access13address_spaceE4ELNS1B_9decoratedE2EEEiE_clES18_S19_S1E_iEUlNST_7nd_itemILi1EEEE_  compiled SIMD32 allocated 256 regs and spilled around 31

warning: kernel _ZTSZZNK6Kokkos4Impl14ParallelReduceINS0_22CombinedFunctorReducerIZN12_GLOBAL__N_124Z4cHistoryMaxKretschmannIN3z4c10CartoonSO2ELi3EEEdP4MeshEUliRdE_NS0_15FunctorAnalysisINS0_23FunctorPatternInterface6REDUCEENS_11RangePolicyIJEEENS_3MaxIdNS_9HostSpaceEEEdE7ReducerEvEESF_NS_4SYCLEE18sycl_direct_launchISF_NS0_19SYCLFunctionWrapperISL_NS0_12SYCLInternal12USMObjectMemILN4sycl3_V13usm5allocE0EEELb0EEEEENST_5eventERKT_RKT0_RKSY_ENKUlNST_14local_accessorIdLi1EEENS17_IjLi1EEENST_9multi_ptrIdLNST_6access13address_spaceE4ELNS1B_9decoratedE2EEEiE_clES18_S19_S1E_iEUlNST_7nd_itemILi1EEEE_  compiled SIMD32 allocated 256 regs and spilled around 95

warning: kernel _ZTSZZNK6Kokkos4Impl14ParallelReduceINS0_22CombinedFunctorReducerIZN12_GLOBAL__N_124Z4cHistoryMaxKretschmannIN3z4c10CartoonSO2ELi4EEEdP4MeshEUliRdE_NS0_15FunctorAnalysisINS0_23FunctorPatternInterface6REDUCEENS_11RangePolicyIJEEENS_3MaxIdNS_9HostSpaceEEEdE7ReducerEvEESF_NS_4SYCLEE18sycl_direct_launchISF_NS0_19SYCLFunctionWrapperISL_NS0_12SYCLInternal12USMObjectMemILN4sycl3_V13usm5allocE0EEELb0EEEEENST_5eventERKT_RKT0_RKSY_ENKUlNST_14local_accessorIdLi1EEENS17_IjLi1EEENST_9multi_ptrIdLNST_6access13address_spaceE4ELNS1B_9decoratedE2EEEiE_clES18_S19_S1E_iEUlNST_7nd_itemILi1EEEE_  compiled SIMD32 allocated 256 regs and spilled around 191

warning: kernel _ZTSZZNK6Kokkos4Impl14ParallelReduceINS0_22CombinedFunctorReducerIZN12_GLOBAL__N_124Z4cHistoryMaxKretschmannIN3z4c11Cartesian3DELi4EEEdP4MeshEUliRdE_NS0_15FunctorAnalysisINS0_23FunctorPatternInterface6REDUCEENS_11RangePolicyIJEEENS_3MaxIdNS_9HostSpaceEEEdE7ReducerEvEESF_NS_4SYCLEE18sycl_direct_launchISF_NS0_19SYCLFunctionWrapperISL_NS0_12SYCLInternal12USMObjectMemILN4sycl3_V13usm5allocE0EEELb0EEEEENST_5eventERKT_RKT0_RKSY_ENKUlNST_14local_accessorIdLi1EEENS17_IjLi1EEENST_9multi_ptrIdLNST_6access13address_spaceE4ELNS1B_9decoratedE2EEEiE_clES18_S19_S1E_iEUlNST_7nd_itemILi1EEEE_  compiled SIMD32 allocated 256 regs and spilled around 59

warning: [RetryManager] Used previous version of the kernel, reason : NO_Retry_Pick_Prv
in kernel: 'typeinfo name for Kokkos::Impl::FunctorWrapperRangePolicyParallelForCustom<Kokkos::Impl::SYCLFunctionWrapper<z4c::CartoonCentralSample z4c::SampleCartoonCentralDiagnostics<2>(Mesh*)::'lambda'(int), Kokkos::Impl::SYCLInternal::USMObjectMem<(sycl::_V1::usm::alloc)0>, true>, Kokkos::RangePolicy<Kokkos::SYCL>>'

warning: [RetryManager] Used previous version of the kernel, reason : NO_Retry_Pick_Prv
in kernel: 'typeinfo name for Kokkos::Impl::FunctorWrapperRangePolicyParallelForCustom<Kokkos::Impl::SYCLFunctionWrapper<z4c::CartoonCentralSample z4c::SampleCartoonCentralDiagnostics<3>(Mesh*)::'lambda'(int), Kokkos::Impl::SYCLInternal::USMObjectMem<(sycl::_V1::usm::alloc)0>, true>, Kokkos::RangePolicy<Kokkos::SYCL>>'

Build succeeded.
Compilation from IR - skipping loading of FCL
Build succeeded.
Compilation from IR - skipping loading of FCL

warning: [RetryManager] Start recompilation of the kernel
in kernel: 'typeinfo name for Kokkos::Impl::FunctorWrapperRangePolicyParallelForCustom<Kokkos::Impl::SYCLFunctionWrapper<void par_for<void (anonymous namespace)::RunMmsOrder<2>(ParameterInput*, Mesh*)::'lambda'(int, int, int)>(std::__cxx11::basic_string<char, std::char_traits<char>, std::allocator<char>> const&, Kokkos::SYCL, int const&, int const&, int const&, int const&, int const&, int const&, void (anonymous namespace)::RunMmsOrder<2>(ParameterInput*, Mesh*)::'lambda'(int, int, int) const&)::'lambda'(int const&), Kokkos::Impl::SYCLInternal::USMObjectMem<(sycl::_V1::usm::alloc)0>, false>, Kokkos::RangePolicy<>>'

warning: [RetryManager] Start recompilation of the kernel
in kernel: 'typeinfo name for sycl::_V1::event Kokkos::Impl::ParallelFor<(anonymous namespace)::AxisProbeResult (anonymous namespace)::RunDiagnosticAxisProbe<2>()::'lambda'(int, int), Kokkos::MDRangePolicy<Kokkos::SYCL, Kokkos::Rank<2u, (Kokkos::Iterate)0, (Kokkos::Iterate)0>>, Kokkos::SYCL>::sycl_direct_launch<Kokkos::Impl::SYCLFunctionWrapper<(anonymous namespace)::AxisProbeResult (anonymous namespace)::RunDiagnosticAxisProbe<2>()::'lambda'(int, int), Kokkos::Impl::SYCLInternal::USMObjectMem<(sycl::_V1::usm::alloc)0>, false>>(Kokkos::Impl::SYCLFunctionWrapper<(anonymous namespace)::AxisProbeResult (anonymous namespace)::RunDiagnosticAxisProbe<2>()::'lambda'(int, int), Kokkos::Impl::SYCLInternal::USMObjectMem<(sycl::_V1::usm::alloc)0>, false> const&, sycl::_V1::event const&) const::'lambda'(sycl::_V1::handler&)::operator()(sycl::_V1::handler&) const::'lambda'(sycl::_V1::nd_item<3>)'

warning: [RetryManager] Start recompilation of the kernel
in kernel: 'typeinfo name for Kokkos::Impl::FunctorWrapperRangePolicyParallelForCustom<Kokkos::Impl::SYCLFunctionWrapper<void par_for<void (anonymous namespace)::RunMmsOrder<3>(ParameterInput*, Mesh*)::'lambda'(int, int, int)>(std::__cxx11::basic_string<char, std::char_traits<char>, std::allocator<char>> const&, Kokkos::SYCL, int const&, int const&, int const&, int const&, int const&, int const&, void (anonymous namespace)::RunMmsOrder<3>(ParameterInput*, Mesh*)::'lambda'(int, int, int) const&)::'lambda'(int const&), Kokkos::Impl::SYCLInternal::USMObjectMem<(sycl::_V1::usm::alloc)0>, false>, Kokkos::RangePolicy<>>'

warning: [RetryManager] Start recompilation of the kernel
in kernel: 'typeinfo name for sycl::_V1::event Kokkos::Impl::ParallelFor<(anonymous namespace)::AxisProbeResult (anonymous namespace)::RunDiagnosticAxisProbe<3>()::'lambda'(int, int), Kokkos::MDRangePolicy<Kokkos::SYCL, Kokkos::Rank<2u, (Kokkos::Iterate)0, (Kokkos::Iterate)0>>, Kokkos::SYCL>::sycl_direct_launch<Kokkos::Impl::SYCLFunctionWrapper<(anonymous namespace)::AxisProbeResult (anonymous namespace)::RunDiagnosticAxisProbe<3>()::'lambda'(int, int), Kokkos::Impl::SYCLInternal::USMObjectMem<(sycl::_V1::usm::alloc)0>, false>>(Kokkos::Impl::SYCLFunctionWrapper<(anonymous namespace)::AxisProbeResult (anonymous namespace)::RunDiagnosticAxisProbe<3>()::'lambda'(int, int), Kokkos::Impl::SYCLInternal::USMObjectMem<(sycl::_V1::usm::alloc)0>, false> const&, sycl::_V1::event const&) const::'lambda'(sycl::_V1::handler&)::operator()(sycl::_V1::handler&) const::'lambda'(sycl::_V1::nd_item<3>)'

warning: [RetryManager] Start recompilation of the kernel
in kernel: 'typeinfo name for Kokkos::Impl::FunctorWrapperRangePolicyParallelForCustom<Kokkos::Impl::SYCLFunctionWrapper<void par_for<void (anonymous namespace)::RunMmsOrder<4>(ParameterInput*, Mesh*)::'lambda'(int, int, int)>(std::__cxx11::basic_string<char, std::char_traits<char>, std::allocator<char>> const&, Kokkos::SYCL, int const&, int const&, int const&, int const&, int const&, int const&, void (anonymous namespace)::RunMmsOrder<4>(ParameterInput*, Mesh*)::'lambda'(int, int, int) const&)::'lambda'(int const&), Kokkos::Impl::SYCLInternal::USMObjectMem<(sycl::_V1::usm::alloc)0>, false>, Kokkos::RangePolicy<>>'

warning: [RetryManager] Start recompilation of the kernel
in kernel: 'typeinfo name for sycl::_V1::event Kokkos::Impl::ParallelFor<(anonymous namespace)::AxisProbeResult (anonymous namespace)::RunDiagnosticAxisProbe<4>()::'lambda'(int, int), Kokkos::MDRangePolicy<Kokkos::SYCL, Kokkos::Rank<2u, (Kokkos::Iterate)0, (Kokkos::Iterate)0>>, Kokkos::SYCL>::sycl_direct_launch<Kokkos::Impl::SYCLFunctionWrapper<(anonymous namespace)::AxisProbeResult (anonymous namespace)::RunDiagnosticAxisProbe<4>()::'lambda'(int, int), Kokkos::Impl::SYCLInternal::USMObjectMem<(sycl::_V1::usm::alloc)0>, false>>(Kokkos::Impl::SYCLFunctionWrapper<(anonymous namespace)::AxisProbeResult (anonymous namespace)::RunDiagnosticAxisProbe<4>()::'lambda'(int, int), Kokkos::Impl::SYCLInternal::USMObjectMem<(sycl::_V1::usm::alloc)0>, false> const&, sycl::_V1::event const&) const::'lambda'(sycl::_V1::handler&)::operator()(sycl::_V1::handler&) const::'lambda'(sycl::_V1::nd_item<3>)'

warning: kernel _ZTSN6Kokkos4Impl42FunctorWrapperRangePolicyParallelForCustomINS0_19SYCLFunctionWrapperIZ7par_forIZN12_GLOBAL__N_111RunMmsOrderILi2EEEvP14ParameterInputP4MeshEUliiiE_EvRKNSt7__cxx1112basic_stringIcSt11char_traitsIcESaIcEEENS_4SYCLERKiSL_SL_SL_SL_SL_RKT_EUlSL_E_NS0_12SYCLInternal12USMObjectMemILN4sycl3_V13usm5allocE0EEELb0EEENS_11RangePolicyIJEEEEE  compiled SIMD32 allocated 256 regs and spilled around 25

warning: kernel _ZTSN6Kokkos4Impl42FunctorWrapperRangePolicyParallelForCustomINS0_19SYCLFunctionWrapperIZ7par_forIZN12_GLOBAL__N_111RunMmsOrderILi3EEEvP14ParameterInputP4MeshEUliiiE_EvRKNSt7__cxx1112basic_stringIcSt11char_traitsIcESaIcEEENS_4SYCLERKiSL_SL_SL_SL_SL_RKT_EUlSL_E_NS0_12SYCLInternal12USMObjectMemILN4sycl3_V13usm5allocE0EEELb0EEENS_11RangePolicyIJEEEEE  compiled SIMD32 allocated 256 regs and spilled around 24

warning: kernel _ZTSN6Kokkos4Impl42FunctorWrapperRangePolicyParallelForCustomINS0_19SYCLFunctionWrapperIZ7par_forIZN12_GLOBAL__N_111RunMmsOrderILi4EEEvP14ParameterInputP4MeshEUliiiE_EvRKNSt7__cxx1112basic_stringIcSt11char_traitsIcESaIcEEENS_4SYCLERKiSL_SL_SL_SL_SL_RKT_EUlSL_E_NS0_12SYCLInternal12USMObjectMemILN4sycl3_V13usm5allocE0EEELb0EEENS_11RangePolicyIJEEEEE  compiled SIMD32 allocated 256 regs and spilled around 44

Build succeeded.
Compilation from IR - skipping loading of FCL
Build succeeded.
Compilation from IR - skipping loading of FCL

warning: kernel _ZTSN6Kokkos4Impl42FunctorWrapperRangePolicyParallelForCustomINS0_19SYCLFunctionWrapperIZ7par_forIZN3z4c3Z4c11CalcRHSImplINS4_10CartoonSO2ELi4EEE10TaskStatusP6DriveriEUliiiiE1_EvRKNSt7__cxx1112basic_stringIcSt11char_traitsIcESaIcEEENS_4SYCLERKiSM_SM_SM_SM_SM_SM_SM_RKT_EUlSM_E_NS0_12SYCLInternal12USMObjectMemILN4sycl3_V13usm5allocE0EEELb1EEENS_11RangePolicyIJEEEEE  compiled SIMD32 allocated 256 regs and spilled around 26

warning: kernel _ZTSN6Kokkos4Impl42FunctorWrapperRangePolicyParallelForCustomINS0_19SYCLFunctionWrapperIZ7par_forIZN3z4c3Z4c11CalcRHSImplINS4_10CartoonSO2ELi4EEE10TaskStatusP6DriveriEUliiiiE0_EvRKNSt7__cxx1112basic_stringIcSt11char_traitsIcESaIcEEENS_4SYCLERKiSM_SM_SM_SM_SM_SM_SM_RKT_EUlSM_E_NS0_12SYCLInternal12USMObjectMemILN4sycl3_V13usm5allocE0EEELb1EEENS_11RangePolicyIJEEEEE  compiled SIMD32 allocated 256 regs and spilled around 64

warning: kernel _ZTSN6Kokkos4Impl42FunctorWrapperRangePolicyParallelForCustomINS0_19SYCLFunctionWrapperIZ7par_forIZN3z4c3Z4c11CalcRHSImplINS4_10CartoonSO2ELi2EEE10TaskStatusP6DriveriEUliiiiE0_EvRKNSt7__cxx1112basic_stringIcSt11char_traitsIcESaIcEEENS_4SYCLERKiSM_SM_SM_SM_SM_SM_SM_RKT_EUlSM_E_NS0_12SYCLInternal12USMObjectMemILN4sycl3_V13usm5allocE0EEELb1EEENS_11RangePolicyIJEEEEE  compiled SIMD32 allocated 256 regs and spilled around 118

warning: kernel _ZTSN6Kokkos4Impl42FunctorWrapperRangePolicyParallelForCustomINS0_19SYCLFunctionWrapperIZ7par_forIZN3z4c3Z4c11CalcRHSImplINS4_11Cartesian3DELi3EEE10TaskStatusP6DriveriEUliiiiE1_EvRKNSt7__cxx1112basic_stringIcSt11char_traitsIcESaIcEEENS_4SYCLERKiSM_SM_SM_SM_SM_SM_SM_RKT_EUlSM_E_NS0_12SYCLInternal12USMObjectMemILN4sycl3_V13usm5allocE0EEELb1EEENS_11RangePolicyIJEEEEE  compiled SIMD32 allocated 256 regs and spilled around 22

warning: kernel _ZTSN6Kokkos4Impl42FunctorWrapperRangePolicyParallelForCustomINS0_19SYCLFunctionWrapperIZ7par_forIZN3z4c3Z4c11CalcRHSImplINS4_11Cartesian3DELi2EEE10TaskStatusP6DriveriEUliiiiE0_EvRKNSt7__cxx1112basic_stringIcSt11char_traitsIcESaIcEEENS_4SYCLERKiSM_SM_SM_SM_SM_SM_SM_RKT_EUlSM_E_NS0_12SYCLInternal12USMObjectMemILN4sycl3_V13usm5allocE0EEELb1EEENS_11RangePolicyIJEEEEE  compiled SIMD32 allocated 256 regs and spilled around 131

warning: [RetryManager] Start recompilation of the kernel
in kernel: 'typeinfo name for Kokkos::Impl::FunctorWrapperRangePolicyParallelForCustom<Kokkos::Impl::SYCLFunctionWrapper<void par_for<TaskStatus z4c::Z4c::CalcRHSImpl<z4c::Cartesian3D, 2>(Driver*, int)::'lambda'(int, int, int, int)>(std::__cxx11::basic_string<char, std::char_traits<char>, std::allocator<char>> const&, Kokkos::SYCL, int const&, int const&, int const&, int const&, int const&, int const&, int const&, int const&, TaskStatus z4c::Z4c::CalcRHSImpl<z4c::Cartesian3D, 2>(Driver*, int)::'lambda'(int, int, int, int) const&)::'lambda'(int const&), Kokkos::Impl::SYCLInternal::USMObjectMem<(sycl::_V1::usm::alloc)0>, true>, Kokkos::RangePolicy<>>'

warning: [RetryManager] Start recompilation of the kernel
in kernel: 'typeinfo name for Kokkos::Impl::FunctorWrapperRangePolicyParallelForCustom<Kokkos::Impl::SYCLFunctionWrapper<void par_for<TaskStatus z4c::Z4c::CalcRHSImpl<z4c::Cartesian3D, 3>(Driver*, int)::'lambda'(int, int, int, int)>(std::__cxx11::basic_string<char, std::char_traits<char>, std::allocator<char>> const&, Kokkos::SYCL, int const&, int const&, int const&, int const&, int const&, int const&, int const&, int const&, TaskStatus z4c::Z4c::CalcRHSImpl<z4c::Cartesian3D, 3>(Driver*, int)::'lambda'(int, int, int, int) const&)::'lambda'(int const&), Kokkos::Impl::SYCLInternal::USMObjectMem<(sycl::_V1::usm::alloc)0>, true>, Kokkos::RangePolicy<>>'

warning: [RetryManager] Start recompilation of the kernel
in kernel: 'typeinfo name for Kokkos::Impl::FunctorWrapperRangePolicyParallelForCustom<Kokkos::Impl::SYCLFunctionWrapper<void par_for<TaskStatus z4c::Z4c::CalcRHSImpl<z4c::Cartesian3D, 3>(Driver*, int)::'lambda0'(int, int, int, int)>(std::__cxx11::basic_string<char, std::char_traits<char>, std::allocator<char>> const&, Kokkos::SYCL, int const&, int const&, int const&, int const&, int const&, int const&, int const&, int const&, TaskStatus z4c::Z4c::CalcRHSImpl<z4c::Cartesian3D, 3>(Driver*, int)::'lambda0'(int, int, int, int) const&)::'lambda'(int const&), Kokkos::Impl::SYCLInternal::USMObjectMem<(sycl::_V1::usm::alloc)0>, true>, Kokkos::RangePolicy<>>'

warning: [RetryManager] Start recompilation of the kernel
in kernel: 'typeinfo name for Kokkos::Impl::FunctorWrapperRangePolicyParallelForCustom<Kokkos::Impl::SYCLFunctionWrapper<void par_for<TaskStatus z4c::Z4c::CalcRHSImpl<z4c::Cartesian3D, 4>(Driver*, int)::'lambda'(int, int, int, int)>(std::__cxx11::basic_string<char, std::char_traits<char>, std::allocator<char>> const&, Kokkos::SYCL, int const&, int const&, int const&, int const&, int const&, int const&, int const&, int const&, TaskStatus z4c::Z4c::CalcRHSImpl<z4c::Cartesian3D, 4>(Driver*, int)::'lambda'(int, int, int, int) const&)::'lambda'(int const&), Kokkos::Impl::SYCLInternal::USMObjectMem<(sycl::_V1::usm::alloc)0>, true>, Kokkos::RangePolicy<>>'

warning: [RetryManager] Start recompilation of the kernel
in kernel: 'typeinfo name for Kokkos::Impl::FunctorWrapperRangePolicyParallelForCustom<Kokkos::Impl::SYCLFunctionWrapper<void par_for<TaskStatus z4c::Z4c::CalcRHSImpl<z4c::Cartesian3D, 4>(Driver*, int)::'lambda0'(int, int, int, int)>(std::__cxx11::basic_string<char, std::char_traits<char>, std::allocator<char>> const&, Kokkos::SYCL, int const&, int const&, int const&, int const&, int const&, int const&, int const&, int const&, TaskStatus z4c::Z4c::CalcRHSImpl<z4c::Cartesian3D, 4>(Driver*, int)::'lambda0'(int, int, int, int) const&)::'lambda'(int const&), Kokkos::Impl::SYCLInternal::USMObjectMem<(sycl::_V1::usm::alloc)0>, true>, Kokkos::RangePolicy<>>'

warning: [RetryManager] Start recompilation of the kernel
in kernel: 'typeinfo name for Kokkos::Impl::FunctorWrapperRangePolicyParallelForCustom<Kokkos::Impl::SYCLFunctionWrapper<void par_for<TaskStatus z4c::Z4c::CalcRHSImpl<z4c::Cartesian3D, 4>(Driver*, int)::'lambda1'(int, int, int, int)>(std::__cxx11::basic_string<char, std::char_traits<char>, std::allocator<char>> const&, Kokkos::SYCL, int const&, int const&, int const&, int const&, int const&, int const&, int const&, int const&, TaskStatus z4c::Z4c::CalcRHSImpl<z4c::Cartesian3D, 4>(Driver*, int)::'lambda1'(int, int, int, int) const&)::'lambda'(int const&), Kokkos::Impl::SYCLInternal::USMObjectMem<(sycl::_V1::usm::alloc)0>, true>, Kokkos::RangePolicy<>>'

warning: [RetryManager] Start recompilation of the kernel
in kernel: 'typeinfo name for Kokkos::Impl::FunctorWrapperRangePolicyParallelForCustom<Kokkos::Impl::SYCLFunctionWrapper<void par_for<TaskStatus z4c::Z4c::CalcRHSImpl<z4c::CartoonSO2, 2>(Driver*, int)::'lambda'(int, int, int, int)>(std::__cxx11::basic_string<char, std::char_traits<char>, std::allocator<char>> const&, Kokkos::SYCL, int const&, int const&, int const&, int const&, int const&, int const&, int const&, int const&, TaskStatus z4c::Z4c::CalcRHSImpl<z4c::CartoonSO2, 2>(Driver*, int)::'lambda'(int, int, int, int) const&)::'lambda'(int const&), Kokkos::Impl::SYCLInternal::USMObjectMem<(sycl::_V1::usm::alloc)0>, true>, Kokkos::RangePolicy<>>'

warning: [RetryManager] Start recompilation of the kernel
in kernel: 'typeinfo name for Kokkos::Impl::FunctorWrapperRangePolicyParallelForCustom<Kokkos::Impl::SYCLFunctionWrapper<void par_for<TaskStatus z4c::Z4c::CalcRHSImpl<z4c::CartoonSO2, 3>(Driver*, int)::'lambda'(int, int, int, int)>(std::__cxx11::basic_string<char, std::char_traits<char>, std::allocator<char>> const&, Kokkos::SYCL, int const&, int const&, int const&, int const&, int const&, int const&, int const&, int const&, TaskStatus z4c::Z4c::CalcRHSImpl<z4c::CartoonSO2, 3>(Driver*, int)::'lambda'(int, int, int, int) const&)::'lambda'(int const&), Kokkos::Impl::SYCLInternal::USMObjectMem<(sycl::_V1::usm::alloc)0>, true>, Kokkos::RangePolicy<>>'

warning: [RetryManager] Start recompilation of the kernel
in kernel: 'typeinfo name for Kokkos::Impl::FunctorWrapperRangePolicyParallelForCustom<Kokkos::Impl::SYCLFunctionWrapper<void par_for<TaskStatus z4c::Z4c::CalcRHSImpl<z4c::CartoonSO2, 3>(Driver*, int)::'lambda0'(int, int, int, int)>(std::__cxx11::basic_string<char, std::char_traits<char>, std::allocator<char>> const&, Kokkos::SYCL, int const&, int const&, int const&, int const&, int const&, int const&, int const&, int const&, TaskStatus z4c::Z4c::CalcRHSImpl<z4c::CartoonSO2, 3>(Driver*, int)::'lambda0'(int, int, int, int) const&)::'lambda'(int const&), Kokkos::Impl::SYCLInternal::USMObjectMem<(sycl::_V1::usm::alloc)0>, true>, Kokkos::RangePolicy<>>'

warning: [RetryManager] Start recompilation of the kernel
in kernel: 'typeinfo name for Kokkos::Impl::FunctorWrapperRangePolicyParallelForCustom<Kokkos::Impl::SYCLFunctionWrapper<void par_for<TaskStatus z4c::Z4c::CalcRHSImpl<z4c::CartoonSO2, 4>(Driver*, int)::'lambda'(int, int, int, int)>(std::__cxx11::basic_string<char, std::char_traits<char>, std::allocator<char>> const&, Kokkos::SYCL, int const&, int const&, int const&, int const&, int const&, int const&, int const&, int const&, TaskStatus z4c::Z4c::CalcRHSImpl<z4c::CartoonSO2, 4>(Driver*, int)::'lambda'(int, int, int, int) const&)::'lambda'(int const&), Kokkos::Impl::SYCLInternal::USMObjectMem<(sycl::_V1::usm::alloc)0>, true>, Kokkos::RangePolicy<>>'

warning: kernel _ZTSN6Kokkos4Impl42FunctorWrapperRangePolicyParallelForCustomINS0_19SYCLFunctionWrapperIZ7par_forIZN3z4c3Z4c11CalcRHSImplINS4_11Cartesian3DELi4EEE10TaskStatusP6DriveriEUliiiiE_EvRKNSt7__cxx1112basic_stringIcSt11char_traitsIcESaIcEEENS_4SYCLERKiSM_SM_SM_SM_SM_SM_SM_RKT_EUlSM_E_NS0_12SYCLInternal12USMObjectMemILN4sycl3_V13usm5allocE0EEELb1EEENS_11RangePolicyIJEEEEE  compiled SIMD32 allocated 256 regs and spilled around 163

Build succeeded.
Compilation from IR - skipping loading of FCL
Build succeeded.
Compilation from IR - skipping loading of FCL

warning: Adding 117 occurrences of additional control flow due to presence of generic address space operations
in function _ZTSZZNK6Kokkos4Impl11ParallelForIZ13par_for_outerIZN5dyngr10DynGRMHDPSIN9Primitive8IdealGasENS5_10ResetFloorEE10CalcFluxesIL16DynGRMHD_RSolver0EEE10TaskStatusP6DriveriEUlNS0_14SYCLTeamMemberEiiiE_EvRKNSt7__cxx1112basic_stringIcSt11char_traitsIcESaIcEEENS_4SYCLEmiiiiiiiRKT_EUlSE_E_NS_10TeamPolicyIJEEESO_E18sycl_direct_launchINS0_19SYCLFunctionWrapperISS_NS0_12SYCLInternal12USMObjectMemILN4sycl3_V13usm5allocE0EEELb0EEEEENS11_5eventENS11_9multi_ptrIcLNS11_6access13address_spaceE4ELNS18_9decoratedE2EEESR_RKS16_ENKUlRNS11_7handlerEE_clES1F_EUlNS11_7nd_itemILi2EEEE_ (Enable PrintVerboseGenericControlFlowLog flag to acquire detailed log. Requires debuginfo!)

warning: Adding 117 occurrences of additional control flow due to presence of generic address space operations
in function _ZTSZZNK6Kokkos4Impl11ParallelForIZ13par_for_outerIZN5dyngr10DynGRMHDPSIN9Primitive8IdealGasENS5_10ResetFloorEE10CalcFluxesIL16DynGRMHD_RSolver0EEE10TaskStatusP6DriveriEUlNS0_14SYCLTeamMemberEiiE_EvRKNSt7__cxx1112basic_stringIcSt11char_traitsIcESaIcEEENS_4SYCLEmiiiiiRKT_EUlSE_E_NS_10TeamPolicyIJEEESO_E18sycl_direct_launchINS0_19SYCLFunctionWrapperISS_NS0_12SYCLInternal12USMObjectMemILN4sycl3_V13usm5allocE0EEELb0EEEEENS11_5eventENS11_9multi_ptrIcLNS11_6access13address_spaceE4ELNS18_9decoratedE2EEESR_RKS16_ENKUlRNS11_7handlerEE_clES1F_EUlNS11_7nd_itemILi2EEEE_ (Enable PrintVerboseGenericControlFlowLog flag to acquire detailed log. Requires debuginfo!)

warning: Adding 117 occurrences of additional control flow due to presence of generic address space operations
in function _ZTSZZNK6Kokkos4Impl11ParallelForIZ13par_for_outerIZN5dyngr10DynGRMHDPSIN9Primitive8IdealGasENS5_10ResetFloorEE10CalcFluxesIL16DynGRMHD_RSolver0EEE10TaskStatusP6DriveriEUlNS0_14SYCLTeamMemberEiiE0_EvRKNSt7__cxx1112basic_stringIcSt11char_traitsIcESaIcEEENS_4SYCLEmiiiiiRKT_EUlSE_E_NS_10TeamPolicyIJEEESO_E18sycl_direct_launchINS0_19SYCLFunctionWrapperISS_NS0_12SYCLInternal12USMObjectMemILN4sycl3_V13usm5allocE0EEELb0EEEEENS11_5eventENS11_9multi_ptrIcLNS11_6access13address_spaceE4ELNS18_9decoratedE2EEESR_RKS16_ENKUlRNS11_7handlerEE_clES1F_EUlNS11_7nd_itemILi2EEEE_ (Enable PrintVerboseGenericControlFlowLog flag to acquire detailed log. Requires debuginfo!)

warning: Adding 117 occurrences of additional control flow due to presence of generic address space operations
in function _ZTSZZNK6Kokkos4Impl11ParallelForIZ13par_for_outerIZN5dyngr10DynGRMHDPSIN9Primitive8IdealGasENS5_10ResetFloorEE10CalcFluxesIL16DynGRMHD_RSolver1EEE10TaskStatusP6DriveriEUlNS0_14SYCLTeamMemberEiiiE_EvRKNSt7__cxx1112basic_stringIcSt11char_traitsIcESaIcEEENS_4SYCLEmiiiiiiiRKT_EUlSE_E_NS_10TeamPolicyIJEEESO_E18sycl_direct_launchINS0_19SYCLFunctionWrapperISS_NS0_12SYCLInternal12USMObjectMemILN4sycl3_V13usm5allocE0EEELb0EEEEENS11_5eventENS11_9multi_ptrIcLNS11_6access13address_spaceE4ELNS18_9decoratedE2EEESR_RKS16_ENKUlRNS11_7handlerEE_clES1F_EUlNS11_7nd_itemILi2EEEE_ (Enable PrintVerboseGenericControlFlowLog flag to acquire detailed log. Requires debuginfo!)

warning: Adding 117 occurrences of additional control flow due to presence of generic address space operations
in function _ZTSZZNK6Kokkos4Impl11ParallelForIZ13par_for_outerIZN5dyngr10DynGRMHDPSIN9Primitive8IdealGasENS5_10ResetFloorEE10CalcFluxesIL16DynGRMHD_RSolver1EEE10TaskStatusP6DriveriEUlNS0_14SYCLTeamMemberEiiE_EvRKNSt7__cxx1112basic_stringIcSt11char_traitsIcESaIcEEENS_4SYCLEmiiiiiRKT_EUlSE_E_NS_10TeamPolicyIJEEESO_E18sycl_direct_launchINS0_19SYCLFunctionWrapperISS_NS0_12SYCLInternal12USMObjectMemILN4sycl3_V13usm5allocE0EEELb0EEEEENS11_5eventENS11_9multi_ptrIcLNS11_6access13address_spaceE4ELNS18_9decoratedE2EEESR_RKS16_ENKUlRNS11_7handlerEE_clES1F_EUlNS11_7nd_itemILi2EEEE_ (Enable PrintVerboseGenericControlFlowLog flag to acquire detailed log. Requires debuginfo!)

warning: Adding 117 occurrences of additional control flow due to presence of generic address space operations
in function _ZTSZZNK6Kokkos4Impl11ParallelForIZ13par_for_outerIZN5dyngr10DynGRMHDPSIN9Primitive8IdealGasENS5_10ResetFloorEE10CalcFluxesIL16DynGRMHD_RSolver1EEE10TaskStatusP6DriveriEUlNS0_14SYCLTeamMemberEiiE0_EvRKNSt7__cxx1112basic_stringIcSt11char_traitsIcESaIcEEENS_4SYCLEmiiiiiRKT_EUlSE_E_NS_10TeamPolicyIJEEESO_E18sycl_direct_launchINS0_19SYCLFunctionWrapperISS_NS0_12SYCLInternal12USMObjectMemILN4sycl3_V13usm5allocE0EEELb0EEEEENS11_5eventENS11_9multi_ptrIcLNS11_6access13address_spaceE4ELNS18_9decoratedE2EEESR_RKS16_ENKUlRNS11_7handlerEE_clES1F_EUlNS11_7nd_itemILi2EEEE_ (Enable PrintVerboseGenericControlFlowLog flag to acquire detailed log. Requires debuginfo!)

warning: Adding 117 occurrences of additional control flow due to presence of generic address space operations
in function _ZTSZZNK6Kokkos4Impl11ParallelForIZ13par_for_outerIZN5dyngr10DynGRMHDPSIN9Primitive18PiecewisePolytropeENS5_10ResetFloorEE10CalcFluxesIL16DynGRMHD_RSolver0EEE10TaskStatusP6DriveriEUlNS0_14SYCLTeamMemberEiiiE_EvRKNSt7__cxx1112basic_stringIcSt11char_traitsIcESaIcEEENS_4SYCLEmiiiiiiiRKT_EUlSE_E_NS_10TeamPolicyIJEEESO_E18sycl_direct_launchINS0_19SYCLFunctionWrapperISS_NS0_12SYCLInternal12USMObjectMemILN4sycl3_V13usm5allocE0EEELb0EEEEENS11_5eventENS11_9multi_ptrIcLNS11_6access13address_spaceE4ELNS18_9decoratedE2EEESR_RKS16_ENKUlRNS11_7handlerEE_clES1F_EUlNS11_7nd_itemILi2EEEE_ (Enable PrintVerboseGenericControlFlowLog flag to acquire detailed log. Requires debuginfo!)

warning: Adding 117 occurrences of additional control flow due to presence of generic address space operations
in function _ZTSZZNK6Kokkos4Impl11ParallelForIZ13par_for_outerIZN5dyngr10DynGRMHDPSIN9Primitive18PiecewisePolytropeENS5_10ResetFloorEE10CalcFluxesIL16DynGRMHD_RSolver0EEE10TaskStatusP6DriveriEUlNS0_14SYCLTeamMemberEiiE_EvRKNSt7__cxx1112basic_stringIcSt11char_traitsIcESaIcEEENS_4SYCLEmiiiiiRKT_EUlSE_E_NS_10TeamPolicyIJEEESO_E18sycl_direct_launchINS0_19SYCLFunctionWrapperISS_NS0_12SYCLInternal12USMObjectMemILN4sycl3_V13usm5allocE0EEELb0EEEEENS11_5eventENS11_9multi_ptrIcLNS11_6access13address_spaceE4ELNS18_9decoratedE2EEESR_RKS16_ENKUlRNS11_7handlerEE_clES1F_EUlNS11_7nd_itemILi2EEEE_ (Enable PrintVerboseGenericControlFlowLog flag to acquire detailed log. Requires debuginfo!)

warning: Adding 117 occurrences of additional control flow due to presence of generic address space operations
in function _ZTSZZNK6Kokkos4Impl11ParallelForIZ13par_for_outerIZN5dyngr10DynGRMHDPSIN9Primitive18PiecewisePolytropeENS5_10ResetFloorEE10CalcFluxesIL16DynGRMHD_RSolver0EEE10TaskStatusP6DriveriEUlNS0_14SYCLTeamMemberEiiE0_EvRKNSt7__cxx1112basic_stringIcSt11char_traitsIcESaIcEEENS_4SYCLEmiiiiiRKT_EUlSE_E_NS_10TeamPolicyIJEEESO_E18sycl_direct_launchINS0_19SYCLFunctionWrapperISS_NS0_12SYCLInternal12USMObjectMemILN4sycl3_V13usm5allocE0EEELb0EEEEENS11_5eventENS11_9multi_ptrIcLNS11_6access13address_spaceE4ELNS18_9decoratedE2EEESR_RKS16_ENKUlRNS11_7handlerEE_clES1F_EUlNS11_7nd_itemILi2EEEE_ (Enable PrintVerboseGenericControlFlowLog flag to acquire detailed log. Requires debuginfo!)

warning: Adding 117 occurrences of additional control flow due to presence of generic address space operations
in function _ZTSZZNK6Kokkos4Impl11ParallelForIZ13par_for_outerIZN5dyngr10DynGRMHDPSIN9Primitive18PiecewisePolytropeENS5_10ResetFloorEE10CalcFluxesIL16DynGRMHD_RSolver1EEE10TaskStatusP6DriveriEUlNS0_14SYCLTeamMemberEiiiE_EvRKNSt7__cxx1112basic_stringIcSt11char_traitsIcESaIcEEENS_4SYCLEmiiiiiiiRKT_EUlSE_E_NS_10TeamPolicyIJEEESO_E18sycl_direct_launchINS0_19SYCLFunctionWrapperISS_NS0_12SYCLInternal12USMObjectMemILN4sycl3_V13usm5allocE0EEELb0EEEEENS11_5eventENS11_9multi_ptrIcLNS11_6access13address_spaceE4ELNS18_9decoratedE2EEESR_RKS16_ENKUlRNS11_7handlerEE_clES1F_EUlNS11_7nd_itemILi2EEEE_ (Enable PrintVerboseGenericControlFlowLog flag to acquire detailed log. Requires debuginfo!)

warning: Adding 117 occurrences of additional control flow due to presence of generic address space operations
in function _ZTSZZNK6Kokkos4Impl11ParallelForIZ13par_for_outerIZN5dyngr10DynGRMHDPSIN9Primitive18PiecewisePolytropeENS5_10ResetFloorEE10CalcFluxesIL16DynGRMHD_RSolver1EEE10TaskStatusP6DriveriEUlNS0_14SYCLTeamMemberEiiE_EvRKNSt7__cxx1112basic_stringIcSt11char_traitsIcESaIcEEENS_4SYCLEmiiiiiRKT_EUlSE_E_NS_10TeamPolicyIJEEESO_E18sycl_direct_launchINS0_19SYCLFunctionWrapperISS_NS0_12SYCLInternal12USMObjectMemILN4sycl3_V13usm5allocE0EEELb0EEEEENS11_5eventENS11_9multi_ptrIcLNS11_6access13address_spaceE4ELNS18_9decoratedE2EEESR_RKS16_ENKUlRNS11_7handlerEE_clES1F_EUlNS11_7nd_itemILi2EEEE_ (Enable PrintVerboseGenericControlFlowLog flag to acquire detailed log. Requires debuginfo!)

warning: Adding 117 occurrences of additional control flow due to presence of generic address space operations
in function _ZTSZZNK6Kokkos4Impl11ParallelForIZ13par_for_outerIZN5dyngr10DynGRMHDPSIN9Primitive18PiecewisePolytropeENS5_10ResetFloorEE10CalcFluxesIL16DynGRMHD_RSolver1EEE10TaskStatusP6DriveriEUlNS0_14SYCLTeamMemberEiiE0_EvRKNSt7__cxx1112basic_stringIcSt11char_traitsIcESaIcEEENS_4SYCLEmiiiiiRKT_EUlSE_E_NS_10TeamPolicyIJEEESO_E18sycl_direct_launchINS0_19SYCLFunctionWrapperISS_NS0_12SYCLInternal12USMObjectMemILN4sycl3_V13usm5allocE0EEELb0EEEEENS11_5eventENS11_9multi_ptrIcLNS11_6access13address_spaceE4ELNS18_9decoratedE2EEESR_RKS16_ENKUlRNS11_7handlerEE_clES1F_EUlNS11_7nd_itemILi2EEEE_ (Enable PrintVerboseGenericControlFlowLog flag to acquire detailed log. Requires debuginfo!)

warning: Adding 330 occurrences of additional control flow due to presence of generic address space operations
in function _ZTSZZNK6Kokkos4Impl11ParallelForIZ13par_for_outerIZN5dyngr10DynGRMHDPSIN9Primitive10EOSCompOSEINS5_10NormalLogsEEENS5_10ResetFloorEE10CalcFluxesIL16DynGRMHD_RSolver0EEE10TaskStatusP6DriveriEUlNS0_14SYCLTeamMemberEiiiE_EvRKNSt7__cxx1112basic_stringIcSt11char_traitsIcESaIcEEENS_4SYCLEmiiiiiiiRKT_EUlSG_E_NS_10TeamPolicyIJEEESQ_E18sycl_direct_launchINS0_19SYCLFunctionWrapperISU_NS0_12SYCLInternal12USMObjectMemILN4sycl3_V13usm5allocE0EEELb0EEEEENS13_5eventENS13_9multi_ptrIcLNS13_6access13address_spaceE4ELNS1A_9decoratedE2EEEST_RKS18_ENKUlRNS13_7handlerEE_clES1H_EUlNS13_7nd_itemILi2EEEE_ (Enable PrintVerboseGenericControlFlowLog flag to acquire detailed log. Requires debuginfo!)

warning: Adding 330 occurrences of additional control flow due to presence of generic address space operations
in function _ZTSZZNK6Kokkos4Impl11ParallelForIZ13par_for_outerIZN5dyngr10DynGRMHDPSIN9Primitive10EOSCompOSEINS5_10NormalLogsEEENS5_10ResetFloorEE10CalcFluxesIL16DynGRMHD_RSolver0EEE10TaskStatusP6DriveriEUlNS0_14SYCLTeamMemberEiiE_EvRKNSt7__cxx1112basic_stringIcSt11char_traitsIcESaIcEEENS_4SYCLEmiiiiiRKT_EUlSG_E_NS_10TeamPolicyIJEEESQ_E18sycl_direct_launchINS0_19SYCLFunctionWrapperISU_NS0_12SYCLInternal12USMObjectMemILN4sycl3_V13usm5allocE0EEELb0EEEEENS13_5eventENS13_9multi_ptrIcLNS13_6access13address_spaceE4ELNS1A_9decoratedE2EEEST_RKS18_ENKUlRNS13_7handlerEE_clES1H_EUlNS13_7nd_itemILi2EEEE_ (Enable PrintVerboseGenericControlFlowLog flag to acquire detailed log. Requires debuginfo!)

warning: Adding 330 occurrences of additional control flow due to presence of generic address space operations
in function _ZTSZZNK6Kokkos4Impl11ParallelForIZ13par_for_outerIZN5dyngr10DynGRMHDPSIN9Primitive10EOSCompOSEINS5_10NormalLogsEEENS5_10ResetFloorEE10CalcFluxesIL16DynGRMHD_RSolver0EEE10TaskStatusP6DriveriEUlNS0_14SYCLTeamMemberEiiE0_EvRKNSt7__cxx1112basic_stringIcSt11char_traitsIcESaIcEEENS_4SYCLEmiiiiiRKT_EUlSG_E_NS_10TeamPolicyIJEEESQ_E18sycl_direct_launchINS0_19SYCLFunctionWrapperISU_NS0_12SYCLInternal12USMObjectMemILN4sycl3_V13usm5allocE0EEELb0EEEEENS13_5eventENS13_9multi_ptrIcLNS13_6access13address_spaceE4ELNS1A_9decoratedE2EEEST_RKS18_ENKUlRNS13_7handlerEE_clES1H_EUlNS13_7nd_itemILi2EEEE_ (Enable PrintVerboseGenericControlFlowLog flag to acquire detailed log. Requires debuginfo!)

warning: Adding 330 occurrences of additional control flow due to presence of generic address space operations
in function _ZTSZZNK6Kokkos4Impl11ParallelForIZ13par_for_outerIZN5dyngr10DynGRMHDPSIN9Primitive10EOSCompOSEINS5_10NormalLogsEEENS5_10ResetFloorEE10CalcFluxesIL16DynGRMHD_RSolver1EEE10TaskStatusP6DriveriEUlNS0_14SYCLTeamMemberEiiiE_EvRKNSt7__cxx1112basic_stringIcSt11char_traitsIcESaIcEEENS_4SYCLEmiiiiiiiRKT_EUlSG_E_NS_10TeamPolicyIJEEESQ_E18sycl_direct_launchINS0_19SYCLFunctionWrapperISU_NS0_12SYCLInternal12USMObjectMemILN4sycl3_V13usm5allocE0EEELb0EEEEENS13_5eventENS13_9multi_ptrIcLNS13_6access13address_spaceE4ELNS1A_9decoratedE2EEEST_RKS18_ENKUlRNS13_7handlerEE_clES1H_EUlNS13_7nd_itemILi2EEEE_ (Enable PrintVerboseGenericControlFlowLog flag to acquire detailed log. Requires debuginfo!)

warning: Adding 330 occurrences of additional control flow due to presence of generic address space operations
in function _ZTSZZNK6Kokkos4Impl11ParallelForIZ13par_for_outerIZN5dyngr10DynGRMHDPSIN9Primitive10EOSCompOSEINS5_10NormalLogsEEENS5_10ResetFloorEE10CalcFluxesIL16DynGRMHD_RSolver1EEE10TaskStatusP6DriveriEUlNS0_14SYCLTeamMemberEiiE_EvRKNSt7__cxx1112basic_stringIcSt11char_traitsIcESaIcEEENS_4SYCLEmiiiiiRKT_EUlSG_E_NS_10TeamPolicyIJEEESQ_E18sycl_direct_launchINS0_19SYCLFunctionWrapperISU_NS0_12SYCLInternal12USMObjectMemILN4sycl3_V13usm5allocE0EEELb0EEEEENS13_5eventENS13_9multi_ptrIcLNS13_6access13address_spaceE4ELNS1A_9decoratedE2EEEST_RKS18_ENKUlRNS13_7handlerEE_clES1H_EUlNS13_7nd_itemILi2EEEE_ (Enable PrintVerboseGenericControlFlowLog flag to acquire detailed log. Requires debuginfo!)

warning: Adding 330 occurrences of additional control flow due to presence of generic address space operations
in function _ZTSZZNK6Kokkos4Impl11ParallelForIZ13par_for_outerIZN5dyngr10DynGRMHDPSIN9Primitive10EOSCompOSEINS5_10NormalLogsEEENS5_10ResetFloorEE10CalcFluxesIL16DynGRMHD_RSolver1EEE10TaskStatusP6DriveriEUlNS0_14SYCLTeamMemberEiiE0_EvRKNSt7__cxx1112basic_stringIcSt11char_traitsIcESaIcEEENS_4SYCLEmiiiiiRKT_EUlSG_E_NS_10TeamPolicyIJEEESQ_E18sycl_direct_launchINS0_19SYCLFunctionWrapperISU_NS0_12SYCLInternal12USMObjectMemILN4sycl3_V13usm5allocE0EEELb0EEEEENS13_5eventENS13_9multi_ptrIcLNS13_6access13address_spaceE4ELNS1A_9decoratedE2EEEST_RKS18_ENKUlRNS13_7handlerEE_clES1H_EUlNS13_7nd_itemILi2EEEE_ (Enable PrintVerboseGenericControlFlowLog flag to acquire detailed log. Requires debuginfo!)

warning: Adding 333 occurrences of additional control flow due to presence of generic address space operations
in function _ZTSZZNK6Kokkos4Impl11ParallelForIZ13par_for_outerIZN5dyngr10DynGRMHDPSIN9Primitive10EOSCompOSEINS5_7NQTLogsEEENS5_10ResetFloorEE10CalcFluxesIL16DynGRMHD_RSolver0EEE10TaskStatusP6DriveriEUlNS0_14SYCLTeamMemberEiiiE_EvRKNSt7__cxx1112basic_stringIcSt11char_traitsIcESaIcEEENS_4SYCLEmiiiiiiiRKT_EUlSG_E_NS_10TeamPolicyIJEEESQ_E18sycl_direct_launchINS0_19SYCLFunctionWrapperISU_NS0_12SYCLInternal12USMObjectMemILN4sycl3_V13usm5allocE0EEELb0EEEEENS13_5eventENS13_9multi_ptrIcLNS13_6access13address_spaceE4ELNS1A_9decoratedE2EEEST_RKS18_ENKUlRNS13_7handlerEE_clES1H_EUlNS13_7nd_itemILi2EEEE_ (Enable PrintVerboseGenericControlFlowLog flag to acquire detailed log. Requires debuginfo!)

warning: Adding 333 occurrences of additional control flow due to presence of generic address space operations
in function _ZTSZZNK6Kokkos4Impl11ParallelForIZ13par_for_outerIZN5dyngr10DynGRMHDPSIN9Primitive10EOSCompOSEINS5_7NQTLogsEEENS5_10ResetFloorEE10CalcFluxesIL16DynGRMHD_RSolver0EEE10TaskStatusP6DriveriEUlNS0_14SYCLTeamMemberEiiE_EvRKNSt7__cxx1112basic_stringIcSt11char_traitsIcESaIcEEENS_4SYCLEmiiiiiRKT_EUlSG_E_NS_10TeamPolicyIJEEESQ_E18sycl_direct_launchINS0_19SYCLFunctionWrapperISU_NS0_12SYCLInternal12USMObjectMemILN4sycl3_V13usm5allocE0EEELb0EEEEENS13_5eventENS13_9multi_ptrIcLNS13_6access13address_spaceE4ELNS1A_9decoratedE2EEEST_RKS18_ENKUlRNS13_7handlerEE_clES1H_EUlNS13_7nd_itemILi2EEEE_ (Enable PrintVerboseGenericControlFlowLog flag to acquire detailed log. Requires debuginfo!)

warning: Adding 333 occurrences of additional control flow due to presence of generic address space operations
in function _ZTSZZNK6Kokkos4Impl11ParallelForIZ13par_for_outerIZN5dyngr10DynGRMHDPSIN9Primitive10EOSCompOSEINS5_7NQTLogsEEENS5_10ResetFloorEE10CalcFluxesIL16DynGRMHD_RSolver0EEE10TaskStatusP6DriveriEUlNS0_14SYCLTeamMemberEiiE0_EvRKNSt7__cxx1112basic_stringIcSt11char_traitsIcESaIcEEENS_4SYCLEmiiiiiRKT_EUlSG_E_NS_10TeamPolicyIJEEESQ_E18sycl_direct_launchINS0_19SYCLFunctionWrapperISU_NS0_12SYCLInternal12USMObjectMemILN4sycl3_V13usm5allocE0EEELb0EEEEENS13_5eventENS13_9multi_ptrIcLNS13_6access13address_spaceE4ELNS1A_9decoratedE2EEEST_RKS18_ENKUlRNS13_7handlerEE_clES1H_EUlNS13_7nd_itemILi2EEEE_ (Enable PrintVerboseGenericControlFlowLog flag to acquire detailed log. Requires debuginfo!)

warning: Adding 333 occurrences of additional control flow due to presence of generic address space operations
in function _ZTSZZNK6Kokkos4Impl11ParallelForIZ13par_for_outerIZN5dyngr10DynGRMHDPSIN9Primitive10EOSCompOSEINS5_7NQTLogsEEENS5_10ResetFloorEE10CalcFluxesIL16DynGRMHD_RSolver1EEE10TaskStatusP6DriveriEUlNS0_14SYCLTeamMemberEiiiE_EvRKNSt7__cxx1112basic_stringIcSt11char_traitsIcESaIcEEENS_4SYCLEmiiiiiiiRKT_EUlSG_E_NS_10TeamPolicyIJEEESQ_E18sycl_direct_launchINS0_19SYCLFunctionWrapperISU_NS0_12SYCLInternal12USMObjectMemILN4sycl3_V13usm5allocE0EEELb0EEEEENS13_5eventENS13_9multi_ptrIcLNS13_6access13address_spaceE4ELNS1A_9decoratedE2EEEST_RKS18_ENKUlRNS13_7handlerEE_clES1H_EUlNS13_7nd_itemILi2EEEE_ (Enable PrintVerboseGenericControlFlowLog flag to acquire detailed log. Requires debuginfo!)

warning: Adding 333 occurrences of additional control flow due to presence of generic address space operations
in function _ZTSZZNK6Kokkos4Impl11ParallelForIZ13par_for_outerIZN5dyngr10DynGRMHDPSIN9Primitive10EOSCompOSEINS5_7NQTLogsEEENS5_10ResetFloorEE10CalcFluxesIL16DynGRMHD_RSolver1EEE10TaskStatusP6DriveriEUlNS0_14SYCLTeamMemberEiiE_EvRKNSt7__cxx1112basic_stringIcSt11char_traitsIcESaIcEEENS_4SYCLEmiiiiiRKT_EUlSG_E_NS_10TeamPolicyIJEEESQ_E18sycl_direct_launchINS0_19SYCLFunctionWrapperISU_NS0_12SYCLInternal12USMObjectMemILN4sycl3_V13usm5allocE0EEELb0EEEEENS13_5eventENS13_9multi_ptrIcLNS13_6access13address_spaceE4ELNS1A_9decoratedE2EEEST_RKS18_ENKUlRNS13_7handlerEE_clES1H_EUlNS13_7nd_itemILi2EEEE_ (Enable PrintVerboseGenericControlFlowLog flag to acquire detailed log. Requires debuginfo!)

warning: Adding 333 occurrences of additional control flow due to presence of generic address space operations
in function _ZTSZZNK6Kokkos4Impl11ParallelForIZ13par_for_outerIZN5dyngr10DynGRMHDPSIN9Primitive10EOSCompOSEINS5_7NQTLogsEEENS5_10ResetFloorEE10CalcFluxesIL16DynGRMHD_RSolver1EEE10TaskStatusP6DriveriEUlNS0_14SYCLTeamMemberEiiE0_EvRKNSt7__cxx1112basic_stringIcSt11char_traitsIcESaIcEEENS_4SYCLEmiiiiiRKT_EUlSG_E_NS_10TeamPolicyIJEEESQ_E18sycl_direct_launchINS0_19SYCLFunctionWrapperISU_NS0_12SYCLInternal12USMObjectMemILN4sycl3_V13usm5allocE0EEELb0EEEEENS13_5eventENS13_9multi_ptrIcLNS13_6access13address_spaceE4ELNS1A_9decoratedE2EEEST_RKS18_ENKUlRNS13_7handlerEE_clES1H_EUlNS13_7nd_itemILi2EEEE_ (Enable PrintVerboseGenericControlFlowLog flag to acquire detailed log. Requires debuginfo!)

warning: Adding 165 occurrences of additional control flow due to presence of generic address space operations
in function _ZTSZZNK6Kokkos4Impl11ParallelForIZ13par_for_outerIZN5dyngr10DynGRMHDPSIN9Primitive9EOSHybridINS5_10NormalLogsEEENS5_10ResetFloorEE10CalcFluxesIL16DynGRMHD_RSolver0EEE10TaskStatusP6DriveriEUlNS0_14SYCLTeamMemberEiiiE_EvRKNSt7__cxx1112basic_stringIcSt11char_traitsIcESaIcEEENS_4SYCLEmiiiiiiiRKT_EUlSG_E_NS_10TeamPolicyIJEEESQ_E18sycl_direct_launchINS0_19SYCLFunctionWrapperISU_NS0_12SYCLInternal12USMObjectMemILN4sycl3_V13usm5allocE0EEELb0EEEEENS13_5eventENS13_9multi_ptrIcLNS13_6access13address_spaceE4ELNS1A_9decoratedE2EEEST_RKS18_ENKUlRNS13_7handlerEE_clES1H_EUlNS13_7nd_itemILi2EEEE_ (Enable PrintVerboseGenericControlFlowLog flag to acquire detailed log. Requires debuginfo!)

warning: Adding 165 occurrences of additional control flow due to presence of generic address space operations
in function _ZTSZZNK6Kokkos4Impl11ParallelForIZ13par_for_outerIZN5dyngr10DynGRMHDPSIN9Primitive9EOSHybridINS5_10NormalLogsEEENS5_10ResetFloorEE10CalcFluxesIL16DynGRMHD_RSolver0EEE10TaskStatusP6DriveriEUlNS0_14SYCLTeamMemberEiiE_EvRKNSt7__cxx1112basic_stringIcSt11char_traitsIcESaIcEEENS_4SYCLEmiiiiiRKT_EUlSG_E_NS_10TeamPolicyIJEEESQ_E18sycl_direct_launchINS0_19SYCLFunctionWrapperISU_NS0_12SYCLInternal12USMObjectMemILN4sycl3_V13usm5allocE0EEELb0EEEEENS13_5eventENS13_9multi_ptrIcLNS13_6access13address_spaceE4ELNS1A_9decoratedE2EEEST_RKS18_ENKUlRNS13_7handlerEE_clES1H_EUlNS13_7nd_itemILi2EEEE_ (Enable PrintVerboseGenericControlFlowLog flag to acquire detailed log. Requires debuginfo!)

warning: Adding 165 occurrences of additional control flow due to presence of generic address space operations
in function _ZTSZZNK6Kokkos4Impl11ParallelForIZ13par_for_outerIZN5dyngr10DynGRMHDPSIN9Primitive9EOSHybridINS5_10NormalLogsEEENS5_10ResetFloorEE10CalcFluxesIL16DynGRMHD_RSolver0EEE10TaskStatusP6DriveriEUlNS0_14SYCLTeamMemberEiiE0_EvRKNSt7__cxx1112basic_stringIcSt11char_traitsIcESaIcEEENS_4SYCLEmiiiiiRKT_EUlSG_E_NS_10TeamPolicyIJEEESQ_E18sycl_direct_launchINS0_19SYCLFunctionWrapperISU_NS0_12SYCLInternal12USMObjectMemILN4sycl3_V13usm5allocE0EEELb0EEEEENS13_5eventENS13_9multi_ptrIcLNS13_6access13address_spaceE4ELNS1A_9decoratedE2EEEST_RKS18_ENKUlRNS13_7handlerEE_clES1H_EUlNS13_7nd_itemILi2EEEE_ (Enable PrintVerboseGenericControlFlowLog flag to acquire detailed log. Requires debuginfo!)

warning: Adding 165 occurrences of additional control flow due to presence of generic address space operations
in function _ZTSZZNK6Kokkos4Impl11ParallelForIZ13par_for_outerIZN5dyngr10DynGRMHDPSIN9Primitive9EOSHybridINS5_10NormalLogsEEENS5_10ResetFloorEE10CalcFluxesIL16DynGRMHD_RSolver1EEE10TaskStatusP6DriveriEUlNS0_14SYCLTeamMemberEiiiE_EvRKNSt7__cxx1112basic_stringIcSt11char_traitsIcESaIcEEENS_4SYCLEmiiiiiiiRKT_EUlSG_E_NS_10TeamPolicyIJEEESQ_E18sycl_direct_launchINS0_19SYCLFunctionWrapperISU_NS0_12SYCLInternal12USMObjectMemILN4sycl3_V13usm5allocE0EEELb0EEEEENS13_5eventENS13_9multi_ptrIcLNS13_6access13address_spaceE4ELNS1A_9decoratedE2EEEST_RKS18_ENKUlRNS13_7handlerEE_clES1H_EUlNS13_7nd_itemILi2EEEE_ (Enable PrintVerboseGenericControlFlowLog flag to acquire detailed log. Requires debuginfo!)

warning: Adding 165 occurrences of additional control flow due to presence of generic address space operations
in function _ZTSZZNK6Kokkos4Impl11ParallelForIZ13par_for_outerIZN5dyngr10DynGRMHDPSIN9Primitive9EOSHybridINS5_10NormalLogsEEENS5_10ResetFloorEE10CalcFluxesIL16DynGRMHD_RSolver1EEE10TaskStatusP6DriveriEUlNS0_14SYCLTeamMemberEiiE_EvRKNSt7__cxx1112basic_stringIcSt11char_traitsIcESaIcEEENS_4SYCLEmiiiiiRKT_EUlSG_E_NS_10TeamPolicyIJEEESQ_E18sycl_direct_launchINS0_19SYCLFunctionWrapperISU_NS0_12SYCLInternal12USMObjectMemILN4sycl3_V13usm5allocE0EEELb0EEEEENS13_5eventENS13_9multi_ptrIcLNS13_6access13address_spaceE4ELNS1A_9decoratedE2EEEST_RKS18_ENKUlRNS13_7handlerEE_clES1H_EUlNS13_7nd_itemILi2EEEE_ (Enable PrintVerboseGenericControlFlowLog flag to acquire detailed log. Requires debuginfo!)

warning: Adding 165 occurrences of additional control flow due to presence of generic address space operations
in function _ZTSZZNK6Kokkos4Impl11ParallelForIZ13par_for_outerIZN5dyngr10DynGRMHDPSIN9Primitive9EOSHybridINS5_10NormalLogsEEENS5_10ResetFloorEE10CalcFluxesIL16DynGRMHD_RSolver1EEE10TaskStatusP6DriveriEUlNS0_14SYCLTeamMemberEiiE0_EvRKNSt7__cxx1112basic_stringIcSt11char_traitsIcESaIcEEENS_4SYCLEmiiiiiRKT_EUlSG_E_NS_10TeamPolicyIJEEESQ_E18sycl_direct_launchINS0_19SYCLFunctionWrapperISU_NS0_12SYCLInternal12USMObjectMemILN4sycl3_V13usm5allocE0EEELb0EEEEENS13_5eventENS13_9multi_ptrIcLNS13_6access13address_spaceE4ELNS1A_9decoratedE2EEEST_RKS18_ENKUlRNS13_7handlerEE_clES1H_EUlNS13_7nd_itemILi2EEEE_ (Enable PrintVerboseGenericControlFlowLog flag to acquire detailed log. Requires debuginfo!)

warning: Adding 159 occurrences of additional control flow due to presence of generic address space operations
in function _ZTSZZNK6Kokkos4Impl11ParallelForIZ13par_for_outerIZN5dyngr10DynGRMHDPSIN9Primitive9EOSHybridINS5_7NQTLogsEEENS5_10ResetFloorEE10CalcFluxesIL16DynGRMHD_RSolver0EEE10TaskStatusP6DriveriEUlNS0_14SYCLTeamMemberEiiiE_EvRKNSt7__cxx1112basic_stringIcSt11char_traitsIcESaIcEEENS_4SYCLEmiiiiiiiRKT_EUlSG_E_NS_10TeamPolicyIJEEESQ_E18sycl_direct_launchINS0_19SYCLFunctionWrapperISU_NS0_12SYCLInternal12USMObjectMemILN4sycl3_V13usm5allocE0EEELb0EEEEENS13_5eventENS13_9multi_ptrIcLNS13_6access13address_spaceE4ELNS1A_9decoratedE2EEEST_RKS18_ENKUlRNS13_7handlerEE_clES1H_EUlNS13_7nd_itemILi2EEEE_ (Enable PrintVerboseGenericControlFlowLog flag to acquire detailed log. Requires debuginfo!)

warning: Adding 159 occurrences of additional control flow due to presence of generic address space operations
in function _ZTSZZNK6Kokkos4Impl11ParallelForIZ13par_for_outerIZN5dyngr10DynGRMHDPSIN9Primitive9EOSHybridINS5_7NQTLogsEEENS5_10ResetFloorEE10CalcFluxesIL16DynGRMHD_RSolver0EEE10TaskStatusP6DriveriEUlNS0_14SYCLTeamMemberEiiE_EvRKNSt7__cxx1112basic_stringIcSt11char_traitsIcESaIcEEENS_4SYCLEmiiiiiRKT_EUlSG_E_NS_10TeamPolicyIJEEESQ_E18sycl_direct_launchINS0_19SYCLFunctionWrapperISU_NS0_12SYCLInternal12USMObjectMemILN4sycl3_V13usm5allocE0EEELb0EEEEENS13_5eventENS13_9multi_ptrIcLNS13_6access13address_spaceE4ELNS1A_9decoratedE2EEEST_RKS18_ENKUlRNS13_7handlerEE_clES1H_EUlNS13_7nd_itemILi2EEEE_ (Enable PrintVerboseGenericControlFlowLog flag to acquire detailed log. Requires debuginfo!)

warning: Adding 159 occurrences of additional control flow due to presence of generic address space operations
in function _ZTSZZNK6Kokkos4Impl11ParallelForIZ13par_for_outerIZN5dyngr10DynGRMHDPSIN9Primitive9EOSHybridINS5_7NQTLogsEEENS5_10ResetFloorEE10CalcFluxesIL16DynGRMHD_RSolver0EEE10TaskStatusP6DriveriEUlNS0_14SYCLTeamMemberEiiE0_EvRKNSt7__cxx1112basic_stringIcSt11char_traitsIcESaIcEEENS_4SYCLEmiiiiiRKT_EUlSG_E_NS_10TeamPolicyIJEEESQ_E18sycl_direct_launchINS0_19SYCLFunctionWrapperISU_NS0_12SYCLInternal12USMObjectMemILN4sycl3_V13usm5allocE0EEELb0EEEEENS13_5eventENS13_9multi_ptrIcLNS13_6access13address_spaceE4ELNS1A_9decoratedE2EEEST_RKS18_ENKUlRNS13_7handlerEE_clES1H_EUlNS13_7nd_itemILi2EEEE_ (Enable PrintVerboseGenericControlFlowLog flag to acquire detailed log. Requires debuginfo!)

warning: Adding 159 occurrences of additional control flow due to presence of generic address space operations
in function _ZTSZZNK6Kokkos4Impl11ParallelForIZ13par_for_outerIZN5dyngr10DynGRMHDPSIN9Primitive9EOSHybridINS5_7NQTLogsEEENS5_10ResetFloorEE10CalcFluxesIL16DynGRMHD_RSolver1EEE10TaskStatusP6DriveriEUlNS0_14SYCLTeamMemberEiiiE_EvRKNSt7__cxx1112basic_stringIcSt11char_traitsIcESaIcEEENS_4SYCLEmiiiiiiiRKT_EUlSG_E_NS_10TeamPolicyIJEEESQ_E18sycl_direct_launchINS0_19SYCLFunctionWrapperISU_NS0_12SYCLInternal12USMObjectMemILN4sycl3_V13usm5allocE0EEELb0EEEEENS13_5eventENS13_9multi_ptrIcLNS13_6access13address_spaceE4ELNS1A_9decoratedE2EEEST_RKS18_ENKUlRNS13_7handlerEE_clES1H_EUlNS13_7nd_itemILi2EEEE_ (Enable PrintVerboseGenericControlFlowLog flag to acquire detailed log. Requires debuginfo!)

warning: Adding 159 occurrences of additional control flow due to presence of generic address space operations
in function _ZTSZZNK6Kokkos4Impl11ParallelForIZ13par_for_outerIZN5dyngr10DynGRMHDPSIN9Primitive9EOSHybridINS5_7NQTLogsEEENS5_10ResetFloorEE10CalcFluxesIL16DynGRMHD_RSolver1EEE10TaskStatusP6DriveriEUlNS0_14SYCLTeamMemberEiiE_EvRKNSt7__cxx1112basic_stringIcSt11char_traitsIcESaIcEEENS_4SYCLEmiiiiiRKT_EUlSG_E_NS_10TeamPolicyIJEEESQ_E18sycl_direct_launchINS0_19SYCLFunctionWrapperISU_NS0_12SYCLInternal12USMObjectMemILN4sycl3_V13usm5allocE0EEELb0EEEEENS13_5eventENS13_9multi_ptrIcLNS13_6access13address_spaceE4ELNS1A_9decoratedE2EEEST_RKS18_ENKUlRNS13_7handlerEE_clES1H_EUlNS13_7nd_itemILi2EEEE_ (Enable PrintVerboseGenericControlFlowLog flag to acquire detailed log. Requires debuginfo!)

warning: Adding 159 occurrences of additional control flow due to presence of generic address space operations
in function _ZTSZZNK6Kokkos4Impl11ParallelForIZ13par_for_outerIZN5dyngr10DynGRMHDPSIN9Primitive9EOSHybridINS5_7NQTLogsEEENS5_10ResetFloorEE10CalcFluxesIL16DynGRMHD_RSolver1EEE10TaskStatusP6DriveriEUlNS0_14SYCLTeamMemberEiiE0_EvRKNSt7__cxx1112basic_stringIcSt11char_traitsIcESaIcEEENS_4SYCLEmiiiiiRKT_EUlSG_E_NS_10TeamPolicyIJEEESQ_E18sycl_direct_launchINS0_19SYCLFunctionWrapperISU_NS0_12SYCLInternal12USMObjectMemILN4sycl3_V13usm5allocE0EEELb0EEEEENS13_5eventENS13_9multi_ptrIcLNS13_6access13address_spaceE4ELNS1A_9decoratedE2EEEST_RKS18_ENKUlRNS13_7handlerEE_clES1H_EUlNS13_7nd_itemILi2EEEE_ (Enable PrintVerboseGenericControlFlowLog flag to acquire detailed log. Requires debuginfo!)

warning: [RetryManager] Start recompilation of the kernel
in kernel: 'typeinfo name for sycl::_V1::event Kokkos::Impl::ParallelFor<void par_for_outer<TaskStatus dyngr::DynGRMHDPS<Primitive::IdealGas, Primitive::ResetFloor>::CalcFluxes<(DynGRMHD_RSolver)0>(Driver*, int)::'lambda'(Kokkos::Impl::SYCLTeamMember, int, int, int)>(std::__cxx11::basic_string<char, std::char_traits<char>, std::allocator<char>> const&, Kokkos::SYCL, unsigned long, int, int, int, int, int, int, int, TaskStatus dyngr::DynGRMHDPS<Primitive::IdealGas, Primitive::ResetFloor>::CalcFluxes<(DynGRMHD_RSolver)0>(Driver*, int)::'lambda'(Kokkos::Impl::SYCLTeamMember, int, int, int) const&)::'lambda'(Kokkos::Impl::SYCLTeamMember), Kokkos::TeamPolicy<>, Kokkos::SYCL>::sycl_direct_launch<Kokkos::Impl::SYCLFunctionWrapper<void par_for_outer<TaskStatus dyngr::DynGRMHDPS<Primitive::IdealGas, Primitive::ResetFloor>::CalcFluxes<(DynGRMHD_RSolver)0>(Driver*, int)::'lambda'(Kokkos::Impl::SYCLTeamMember, int, int, int)>(std::__cxx11::basic_string<char, std::char_traits<char>, std::allocator<char>> const&, Kokkos::SYCL, unsigned long, int, int, int, int, int, int, int, TaskStatus dyngr::DynGRMHDPS<Primitive::IdealGas, Primitive::ResetFloor>::CalcFluxes<(DynGRMHD_RSolver)0>(Driver*, int)::'lambda'(Kokkos::Impl::SYCLTeamMember, int, int, int) const&)::'lambda'(Kokkos::Impl::SYCLTeamMember), Kokkos::Impl::SYCLInternal::USMObjectMem<(sycl::_V1::usm::alloc)0>, false>>(sycl::_V1::multi_ptr<char, (sycl::_V1::access::address_space)4, (sycl::_V1::access::decorated)2>, TaskStatus dyngr::DynGRMHDPS<Primitive::IdealGas, Primitive::ResetFloor>::CalcFluxes<(DynGRMHD_RSolver)0>(Driver*, int)::'lambda'(Kokkos::Impl::SYCLTeamMember, int, int, int) const&, sycl::_V1::event const&) const::'lambda'(sycl::_V1::handler&)::operator()(sycl::_V1::handler&) const::'lambda'(sycl::_V1::nd_item<2>)'

warning: [RetryManager] Start recompilation of the kernel
in kernel: 'typeinfo name for sycl::_V1::event Kokkos::Impl::ParallelFor<void par_for_outer<TaskStatus dyngr::DynGRMHDPS<Primitive::IdealGas, Primitive::ResetFloor>::CalcFluxes<(DynGRMHD_RSolver)0>(Driver*, int)::'lambda'(Kokkos::Impl::SYCLTeamMember, int, int)>(std::__cxx11::basic_string<char, std::char_traits<char>, std::allocator<char>> const&, Kokkos::SYCL, unsigned long, int, int, int, int, int, TaskStatus dyngr::DynGRMHDPS<Primitive::IdealGas, Primitive::ResetFloor>::CalcFluxes<(DynGRMHD_RSolver)0>(Driver*, int)::'lambda'(Kokkos::Impl::SYCLTeamMember, int, int) const&)::'lambda'(Kokkos::Impl::SYCLTeamMember), Kokkos::TeamPolicy<>, Kokkos::SYCL>::sycl_direct_launch<Kokkos::Impl::SYCLFunctionWrapper<void par_for_outer<TaskStatus dyngr::DynGRMHDPS<Primitive::IdealGas, Primitive::ResetFloor>::CalcFluxes<(DynGRMHD_RSolver)0>(Driver*, int)::'lambda'(Kokkos::Impl::SYCLTeamMember, int, int)>(std::__cxx11::basic_string<char, std::char_traits<char>, std::allocator<char>> const&, Kokkos::SYCL, unsigned long, int, int, int, int, int, TaskStatus dyngr::DynGRMHDPS<Primitive::IdealGas, Primitive::ResetFloor>::CalcFluxes<(DynGRMHD_RSolver)0>(Driver*, int)::'lambda'(Kokkos::Impl::SYCLTeamMember, int, int) const&)::'lambda'(Kokkos::Impl::SYCLTeamMember), Kokkos::Impl::SYCLInternal::USMObjectMem<(sycl::_V1::usm::alloc)0>, false>>(sycl::_V1::multi_ptr<char, (sycl::_V1::access::address_space)4, (sycl::_V1::access::decorated)2>, TaskStatus dyngr::DynGRMHDPS<Primitive::IdealGas, Primitive::ResetFloor>::CalcFluxes<(DynGRMHD_RSolver)0>(Driver*, int)::'lambda'(Kokkos::Impl::SYCLTeamMember, int, int) const&, sycl::_V1::event const&) const::'lambda'(sycl::_V1::handler&)::operator()(sycl::_V1::handler&) const::'lambda'(sycl::_V1::nd_item<2>)'

warning: [RetryManager] Start recompilation of the kernel
in kernel: 'typeinfo name for sycl::_V1::event Kokkos::Impl::ParallelFor<void par_for_outer<TaskStatus dyngr::DynGRMHDPS<Primitive::IdealGas, Primitive::ResetFloor>::CalcFluxes<(DynGRMHD_RSolver)0>(Driver*, int)::'lambda0'(Kokkos::Impl::SYCLTeamMember, int, int)>(std::__cxx11::basic_string<char, std::char_traits<char>, std::allocator<char>> const&, Kokkos::SYCL, unsigned long, int, int, int, int, int, TaskStatus dyngr::DynGRMHDPS<Primitive::IdealGas, Primitive::ResetFloor>::CalcFluxes<(DynGRMHD_RSolver)0>(Driver*, int)::'lambda0'(Kokkos::Impl::SYCLTeamMember, int, int) const&)::'lambda'(Kokkos::Impl::SYCLTeamMember), Kokkos::TeamPolicy<>, Kokkos::SYCL>::sycl_direct_launch<Kokkos::Impl::SYCLFunctionWrapper<void par_for_outer<TaskStatus dyngr::DynGRMHDPS<Primitive::IdealGas, Primitive::ResetFloor>::CalcFluxes<(DynGRMHD_RSolver)0>(Driver*, int)::'lambda0'(Kokkos::Impl::SYCLTeamMember, int, int)>(std::__cxx11::basic_string<char, std::char_traits<char>, std::allocator<char>> const&, Kokkos::SYCL, unsigned long, int, int, int, int, int, TaskStatus dyngr::DynGRMHDPS<Primitive::IdealGas, Primitive::ResetFloor>::CalcFluxes<(DynGRMHD_RSolver)0>(Driver*, int)::'lambda0'(Kokkos::Impl::SYCLTeamMember, int, int) const&)::'lambda'(Kokkos::Impl::SYCLTeamMember), Kokkos::Impl::SYCLInternal::USMObjectMem<(sycl::_V1::usm::alloc)0>, false>>(sycl::_V1::multi_ptr<char, (sycl::_V1::access::address_space)4, (sycl::_V1::access::decorated)2>, TaskStatus dyngr::DynGRMHDPS<Primitive::IdealGas, Primitive::ResetFloor>::CalcFluxes<(DynGRMHD_RSolver)0>(Driver*, int)::'lambda0'(Kokkos::Impl::SYCLTeamMember, int, int) const&, sycl::_V1::event const&) const::'lambda'(sycl::_V1::handler&)::operator()(sycl::_V1::handler&) const::'lambda'(sycl::_V1::nd_item<2>)'

warning: [RetryManager] Start recompilation of the kernel
in kernel: 'typeinfo name for sycl::_V1::event Kokkos::Impl::ParallelFor<void par_for_outer<TaskStatus dyngr::DynGRMHDPS<Primitive::IdealGas, Primitive::ResetFloor>::CalcFluxes<(DynGRMHD_RSolver)1>(Driver*, int)::'lambda'(Kokkos::Impl::SYCLTeamMember, int, int, int)>(std::__cxx11::basic_string<char, std::char_traits<char>, std::allocator<char>> const&, Kokkos::SYCL, unsigned long, int, int, int, int, int, int, int, TaskStatus dyngr::DynGRMHDPS<Primitive::IdealGas, Primitive::ResetFloor>::CalcFluxes<(DynGRMHD_RSolver)1>(Driver*, int)::'lambda'(Kokkos::Impl::SYCLTeamMember, int, int, int) const&)::'lambda'(Kokkos::Impl::SYCLTeamMember), Kokkos::TeamPolicy<>, Kokkos::SYCL>::sycl_direct_launch<Kokkos::Impl::SYCLFunctionWrapper<void par_for_outer<TaskStatus dyngr::DynGRMHDPS<Primitive::IdealGas, Primitive::ResetFloor>::CalcFluxes<(DynGRMHD_RSolver)1>(Driver*, int)::'lambda'(Kokkos::Impl::SYCLTeamMember, int, int, int)>(std::__cxx11::basic_string<char, std::char_traits<char>, std::allocator<char>> const&, Kokkos::SYCL, unsigned long, int, int, int, int, int, int, int, TaskStatus dyngr::DynGRMHDPS<Primitive::IdealGas, Primitive::ResetFloor>::CalcFluxes<(DynGRMHD_RSolver)1>(Driver*, int)::'lambda'(Kokkos::Impl::SYCLTeamMember, int, int, int) const&)::'lambda'(Kokkos::Impl::SYCLTeamMember), Kokkos::Impl::SYCLInternal::USMObjectMem<(sycl::_V1::usm::alloc)0>, false>>(sycl::_V1::multi_ptr<char, (sycl::_V1::access::address_space)4, (sycl::_V1::access::decorated)2>, TaskStatus dyngr::DynGRMHDPS<Primitive::IdealGas, Primitive::ResetFloor>::CalcFluxes<(DynGRMHD_RSolver)1>(Driver*, int)::'lambda'(Kokkos::Impl::SYCLTeamMember, int, int, int) const&, sycl::_V1::event const&) const::'lambda'(sycl::_V1::handler&)::operator()(sycl::_V1::handler&) const::'lambda'(sycl::_V1::nd_item<2>)'

warning: [RetryManager] Start recompilation of the kernel
in kernel: 'typeinfo name for sycl::_V1::event Kokkos::Impl::ParallelFor<void par_for_outer<TaskStatus dyngr::DynGRMHDPS<Primitive::IdealGas, Primitive::ResetFloor>::CalcFluxes<(DynGRMHD_RSolver)1>(Driver*, int)::'lambda'(Kokkos::Impl::SYCLTeamMember, int, int)>(std::__cxx11::basic_string<char, std::char_traits<char>, std::allocator<char>> const&, Kokkos::SYCL, unsigned long, int, int, int, int, int, TaskStatus dyngr::DynGRMHDPS<Primitive::IdealGas, Primitive::ResetFloor>::CalcFluxes<(DynGRMHD_RSolver)1>(Driver*, int)::'lambda'(Kokkos::Impl::SYCLTeamMember, int, int) const&)::'lambda'(Kokkos::Impl::SYCLTeamMember), Kokkos::TeamPolicy<>, Kokkos::SYCL>::sycl_direct_launch<Kokkos::Impl::SYCLFunctionWrapper<void par_for_outer<TaskStatus dyngr::DynGRMHDPS<Primitive::IdealGas, Primitive::ResetFloor>::CalcFluxes<(DynGRMHD_RSolver)1>(Driver*, int)::'lambda'(Kokkos::Impl::SYCLTeamMember, int, int)>(std::__cxx11::basic_string<char, std::char_traits<char>, std::allocator<char>> const&, Kokkos::SYCL, unsigned long, int, int, int, int, int, TaskStatus dyngr::DynGRMHDPS<Primitive::IdealGas, Primitive::ResetFloor>::CalcFluxes<(DynGRMHD_RSolver)1>(Driver*, int)::'lambda'(Kokkos::Impl::SYCLTeamMember, int, int) const&)::'lambda'(Kokkos::Impl::SYCLTeamMember), Kokkos::Impl::SYCLInternal::USMObjectMem<(sycl::_V1::usm::alloc)0>, false>>(sycl::_V1::multi_ptr<char, (sycl::_V1::access::address_space)4, (sycl::_V1::access::decorated)2>, TaskStatus dyngr::DynGRMHDPS<Primitive::IdealGas, Primitive::ResetFloor>::CalcFluxes<(DynGRMHD_RSolver)1>(Driver*, int)::'lambda'(Kokkos::Impl::SYCLTeamMember, int, int) const&, sycl::_V1::event const&) const::'lambda'(sycl::_V1::handler&)::operator()(sycl::_V1::handler&) const::'lambda'(sycl::_V1::nd_item<2>)'

warning: [RetryManager] Start recompilation of the kernel
in kernel: 'typeinfo name for sycl::_V1::event Kokkos::Impl::ParallelFor<void par_for_outer<TaskStatus dyngr::DynGRMHDPS<Primitive::IdealGas, Primitive::ResetFloor>::CalcFluxes<(DynGRMHD_RSolver)1>(Driver*, int)::'lambda0'(Kokkos::Impl::SYCLTeamMember, int, int)>(std::__cxx11::basic_string<char, std::char_traits<char>, std::allocator<char>> const&, Kokkos::SYCL, unsigned long, int, int, int, int, int, TaskStatus dyngr::DynGRMHDPS<Primitive::IdealGas, Primitive::ResetFloor>::CalcFluxes<(DynGRMHD_RSolver)1>(Driver*, int)::'lambda0'(Kokkos::Impl::SYCLTeamMember, int, int) const&)::'lambda'(Kokkos::Impl::SYCLTeamMember), Kokkos::TeamPolicy<>, Kokkos::SYCL>::sycl_direct_launch<Kokkos::Impl::SYCLFunctionWrapper<void par_for_outer<TaskStatus dyngr::DynGRMHDPS<Primitive::IdealGas, Primitive::ResetFloor>::CalcFluxes<(DynGRMHD_RSolver)1>(Driver*, int)::'lambda0'(Kokkos::Impl::SYCLTeamMember, int, int)>(std::__cxx11::basic_string<char, std::char_traits<char>, std::allocator<char>> const&, Kokkos::SYCL, unsigned long, int, int, int, int, int, TaskStatus dyngr::DynGRMHDPS<Primitive::IdealGas, Primitive::ResetFloor>::CalcFluxes<(DynGRMHD_RSolver)1>(Driver*, int)::'lambda0'(Kokkos::Impl::SYCLTeamMember, int, int) const&)::'lambda'(Kokkos::Impl::SYCLTeamMember), Kokkos::Impl::SYCLInternal::USMObjectMem<(sycl::_V1::usm::alloc)0>, false>>(sycl::_V1::multi_ptr<char, (sycl::_V1::access::address_space)4, (sycl::_V1::access::decorated)2>, TaskStatus dyngr::DynGRMHDPS<Primitive::IdealGas, Primitive::ResetFloor>::CalcFluxes<(DynGRMHD_RSolver)1>(Driver*, int)::'lambda0'(Kokkos::Impl::SYCLTeamMember, int, int) const&, sycl::_V1::event const&) const::'lambda'(sycl::_V1::handler&)::operator()(sycl::_V1::handler&) const::'lambda'(sycl::_V1::nd_item<2>)'

warning: [RetryManager] Start recompilation of the kernel
in kernel: 'typeinfo name for sycl::_V1::event Kokkos::Impl::ParallelFor<void par_for_outer<TaskStatus dyngr::DynGRMHDPS<Primitive::PiecewisePolytrope, Primitive::ResetFloor>::CalcFluxes<(DynGRMHD_RSolver)0>(Driver*, int)::'lambda'(Kokkos::Impl::SYCLTeamMember, int, int, int)>(std::__cxx11::basic_string<char, std::char_traits<char>, std::allocator<char>> const&, Kokkos::SYCL, unsigned long, int, int, int, int, int, int, int, TaskStatus dyngr::DynGRMHDPS<Primitive::PiecewisePolytrope, Primitive::ResetFloor>::CalcFluxes<(DynGRMHD_RSolver)0>(Driver*, int)::'lambda'(Kokkos::Impl::SYCLTeamMember, int, int, int) const&)::'lambda'(Kokkos::Impl::SYCLTeamMember), Kokkos::TeamPolicy<>, Kokkos::SYCL>::sycl_direct_launch<Kokkos::Impl::SYCLFunctionWrapper<void par_for_outer<TaskStatus dyngr::DynGRMHDPS<Primitive::PiecewisePolytrope, Primitive::ResetFloor>::CalcFluxes<(DynGRMHD_RSolver)0>(Driver*, int)::'lambda'(Kokkos::Impl::SYCLTeamMember, int, int, int)>(std::__cxx11::basic_string<char, std::char_traits<char>, std::allocator<char>> const&, Kokkos::SYCL, unsigned long, int, int, int, int, int, int, int, TaskStatus dyngr::DynGRMHDPS<Primitive::PiecewisePolytrope, Primitive::ResetFloor>::CalcFluxes<(DynGRMHD_RSolver)0>(Driver*, int)::'lambda'(Kokkos::Impl::SYCLTeamMember, int, int, int) const&)::'lambda'(Kokkos::Impl::SYCLTeamMember), Kokkos::Impl::SYCLInternal::USMObjectMem<(sycl::_V1::usm::alloc)0>, false>>(sycl::_V1::multi_ptr<char, (sycl::_V1::access::address_space)4, (sycl::_V1::access::decorated)2>, TaskStatus dyngr::DynGRMHDPS<Primitive::PiecewisePolytrope, Primitive::ResetFloor>::CalcFluxes<(DynGRMHD_RSolver)0>(Driver*, int)::'lambda'(Kokkos::Impl::SYCLTeamMember, int, int, int) const&, sycl::_V1::event const&) const::'lambda'(sycl::_V1::handler&)::operator()(sycl::_V1::handler&) const::'lambda'(sycl::_V1::nd_item<2>)'

warning: [RetryManager] Start recompilation of the kernel
in kernel: 'typeinfo name for sycl::_V1::event Kokkos::Impl::ParallelFor<void par_for_outer<TaskStatus dyngr::DynGRMHDPS<Primitive::PiecewisePolytrope, Primitive::ResetFloor>::CalcFluxes<(DynGRMHD_RSolver)0>(Driver*, int)::'lambda'(Kokkos::Impl::SYCLTeamMember, int, int)>(std::__cxx11::basic_string<char, std::char_traits<char>, std::allocator<char>> const&, Kokkos::SYCL, unsigned long, int, int, int, int, int, TaskStatus dyngr::DynGRMHDPS<Primitive::PiecewisePolytrope, Primitive::ResetFloor>::CalcFluxes<(DynGRMHD_RSolver)0>(Driver*, int)::'lambda'(Kokkos::Impl::SYCLTeamMember, int, int) const&)::'lambda'(Kokkos::Impl::SYCLTeamMember), Kokkos::TeamPolicy<>, Kokkos::SYCL>::sycl_direct_launch<Kokkos::Impl::SYCLFunctionWrapper<void par_for_outer<TaskStatus dyngr::DynGRMHDPS<Primitive::PiecewisePolytrope, Primitive::ResetFloor>::CalcFluxes<(DynGRMHD_RSolver)0>(Driver*, int)::'lambda'(Kokkos::Impl::SYCLTeamMember, int, int)>(std::__cxx11::basic_string<char, std::char_traits<char>, std::allocator<char>> const&, Kokkos::SYCL, unsigned long, int, int, int, int, int, TaskStatus dyngr::DynGRMHDPS<Primitive::PiecewisePolytrope, Primitive::ResetFloor>::CalcFluxes<(DynGRMHD_RSolver)0>(Driver*, int)::'lambda'(Kokkos::Impl::SYCLTeamMember, int, int) const&)::'lambda'(Kokkos::Impl::SYCLTeamMember), Kokkos::Impl::SYCLInternal::USMObjectMem<(sycl::_V1::usm::alloc)0>, false>>(sycl::_V1::multi_ptr<char, (sycl::_V1::access::address_space)4, (sycl::_V1::access::decorated)2>, TaskStatus dyngr::DynGRMHDPS<Primitive::PiecewisePolytrope, Primitive::ResetFloor>::CalcFluxes<(DynGRMHD_RSolver)0>(Driver*, int)::'lambda'(Kokkos::Impl::SYCLTeamMember, int, int) const&, sycl::_V1::event const&) const::'lambda'(sycl::_V1::handler&)::operator()(sycl::_V1::handler&) const::'lambda'(sycl::_V1::nd_item<2>)'

warning: [RetryManager] Start recompilation of the kernel
in kernel: 'typeinfo name for sycl::_V1::event Kokkos::Impl::ParallelFor<void par_for_outer<TaskStatus dyngr::DynGRMHDPS<Primitive::PiecewisePolytrope, Primitive::ResetFloor>::CalcFluxes<(DynGRMHD_RSolver)0>(Driver*, int)::'lambda0'(Kokkos::Impl::SYCLTeamMember, int, int)>(std::__cxx11::basic_string<char, std::char_traits<char>, std::allocator<char>> const&, Kokkos::SYCL, unsigned long, int, int, int, int, int, TaskStatus dyngr::DynGRMHDPS<Primitive::PiecewisePolytrope, Primitive::ResetFloor>::CalcFluxes<(DynGRMHD_RSolver)0>(Driver*, int)::'lambda0'(Kokkos::Impl::SYCLTeamMember, int, int) const&)::'lambda'(Kokkos::Impl::SYCLTeamMember), Kokkos::TeamPolicy<>, Kokkos::SYCL>::sycl_direct_launch<Kokkos::Impl::SYCLFunctionWrapper<void par_for_outer<TaskStatus dyngr::DynGRMHDPS<Primitive::PiecewisePolytrope, Primitive::ResetFloor>::CalcFluxes<(DynGRMHD_RSolver)0>(Driver*, int)::'lambda0'(Kokkos::Impl::SYCLTeamMember, int, int)>(std::__cxx11::basic_string<char, std::char_traits<char>, std::allocator<char>> const&, Kokkos::SYCL, unsigned long, int, int, int, int, int, TaskStatus dyngr::DynGRMHDPS<Primitive::PiecewisePolytrope, Primitive::ResetFloor>::CalcFluxes<(DynGRMHD_RSolver)0>(Driver*, int)::'lambda0'(Kokkos::Impl::SYCLTeamMember, int, int) const&)::'lambda'(Kokkos::Impl::SYCLTeamMember), Kokkos::Impl::SYCLInternal::USMObjectMem<(sycl::_V1::usm::alloc)0>, false>>(sycl::_V1::multi_ptr<char, (sycl::_V1::access::address_space)4, (sycl::_V1::access::decorated)2>, TaskStatus dyngr::DynGRMHDPS<Primitive::PiecewisePolytrope, Primitive::ResetFloor>::CalcFluxes<(DynGRMHD_RSolver)0>(Driver*, int)::'lambda0'(Kokkos::Impl::SYCLTeamMember, int, int) const&, sycl::_V1::event const&) const::'lambda'(sycl::_V1::handler&)::operator()(sycl::_V1::handler&) const::'lambda'(sycl::_V1::nd_item<2>)'

warning: [RetryManager] Start recompilation of the kernel
in kernel: 'typeinfo name for sycl::_V1::event Kokkos::Impl::ParallelFor<void par_for_outer<TaskStatus dyngr::DynGRMHDPS<Primitive::PiecewisePolytrope, Primitive::ResetFloor>::CalcFluxes<(DynGRMHD_RSolver)1>(Driver*, int)::'lambda'(Kokkos::Impl::SYCLTeamMember, int, int, int)>(std::__cxx11::basic_string<char, std::char_traits<char>, std::allocator<char>> const&, Kokkos::SYCL, unsigned long, int, int, int, int, int, int, int, TaskStatus dyngr::DynGRMHDPS<Primitive::PiecewisePolytrope, Primitive::ResetFloor>::CalcFluxes<(DynGRMHD_RSolver)1>(Driver*, int)::'lambda'(Kokkos::Impl::SYCLTeamMember, int, int, int) const&)::'lambda'(Kokkos::Impl::SYCLTeamMember), Kokkos::TeamPolicy<>, Kokkos::SYCL>::sycl_direct_launch<Kokkos::Impl::SYCLFunctionWrapper<void par_for_outer<TaskStatus dyngr::DynGRMHDPS<Primitive::PiecewisePolytrope, Primitive::ResetFloor>::CalcFluxes<(DynGRMHD_RSolver)1>(Driver*, int)::'lambda'(Kokkos::Impl::SYCLTeamMember, int, int, int)>(std::__cxx11::basic_string<char, std::char_traits<char>, std::allocator<char>> const&, Kokkos::SYCL, unsigned long, int, int, int, int, int, int, int, TaskStatus dyngr::DynGRMHDPS<Primitive::PiecewisePolytrope, Primitive::ResetFloor>::CalcFluxes<(DynGRMHD_RSolver)1>(Driver*, int)::'lambda'(Kokkos::Impl::SYCLTeamMember, int, int, int) const&)::'lambda'(Kokkos::Impl::SYCLTeamMember), Kokkos::Impl::SYCLInternal::USMObjectMem<(sycl::_V1::usm::alloc)0>, false>>(sycl::_V1::multi_ptr<char, (sycl::_V1::access::address_space)4, (sycl::_V1::access::decorated)2>, TaskStatus dyngr::DynGRMHDPS<Primitive::PiecewisePolytrope, Primitive::ResetFloor>::CalcFluxes<(DynGRMHD_RSolver)1>(Driver*, int)::'lambda'(Kokkos::Impl::SYCLTeamMember, int, int, int) const&, sycl::_V1::event const&) const::'lambda'(sycl::_V1::handler&)::operator()(sycl::_V1::handler&) const::'lambda'(sycl::_V1::nd_item<2>)'

warning: [RetryManager] Start recompilation of the kernel
in kernel: 'typeinfo name for sycl::_V1::event Kokkos::Impl::ParallelFor<void par_for_outer<TaskStatus dyngr::DynGRMHDPS<Primitive::PiecewisePolytrope, Primitive::ResetFloor>::CalcFluxes<(DynGRMHD_RSolver)1>(Driver*, int)::'lambda'(Kokkos::Impl::SYCLTeamMember, int, int)>(std::__cxx11::basic_string<char, std::char_traits<char>, std::allocator<char>> const&, Kokkos::SYCL, unsigned long, int, int, int, int, int, TaskStatus dyngr::DynGRMHDPS<Primitive::PiecewisePolytrope, Primitive::ResetFloor>::CalcFluxes<(DynGRMHD_RSolver)1>(Driver*, int)::'lambda'(Kokkos::Impl::SYCLTeamMember, int, int) const&)::'lambda'(Kokkos::Impl::SYCLTeamMember), Kokkos::TeamPolicy<>, Kokkos::SYCL>::sycl_direct_launch<Kokkos::Impl::SYCLFunctionWrapper<void par_for_outer<TaskStatus dyngr::DynGRMHDPS<Primitive::PiecewisePolytrope, Primitive::ResetFloor>::CalcFluxes<(DynGRMHD_RSolver)1>(Driver*, int)::'lambda'(Kokkos::Impl::SYCLTeamMember, int, int)>(std::__cxx11::basic_string<char, std::char_traits<char>, std::allocator<char>> const&, Kokkos::SYCL, unsigned long, int, int, int, int, int, TaskStatus dyngr::DynGRMHDPS<Primitive::PiecewisePolytrope, Primitive::ResetFloor>::CalcFluxes<(DynGRMHD_RSolver)1>(Driver*, int)::'lambda'(Kokkos::Impl::SYCLTeamMember, int, int) const&)::'lambda'(Kokkos::Impl::SYCLTeamMember), Kokkos::Impl::SYCLInternal::USMObjectMem<(sycl::_V1::usm::alloc)0>, false>>(sycl::_V1::multi_ptr<char, (sycl::_V1::access::address_space)4, (sycl::_V1::access::decorated)2>, TaskStatus dyngr::DynGRMHDPS<Primitive::PiecewisePolytrope, Primitive::ResetFloor>::CalcFluxes<(DynGRMHD_RSolver)1>(Driver*, int)::'lambda'(Kokkos::Impl::SYCLTeamMember, int, int) const&, sycl::_V1::event const&) const::'lambda'(sycl::_V1::handler&)::operator()(sycl::_V1::handler&) const::'lambda'(sycl::_V1::nd_item<2>)'

warning: [RetryManager] Start recompilation of the kernel
in kernel: 'typeinfo name for sycl::_V1::event Kokkos::Impl::ParallelFor<void par_for_outer<TaskStatus dyngr::DynGRMHDPS<Primitive::PiecewisePolytrope, Primitive::ResetFloor>::CalcFluxes<(DynGRMHD_RSolver)1>(Driver*, int)::'lambda0'(Kokkos::Impl::SYCLTeamMember, int, int)>(std::__cxx11::basic_string<char, std::char_traits<char>, std::allocator<char>> const&, Kokkos::SYCL, unsigned long, int, int, int, int, int, TaskStatus dyngr::DynGRMHDPS<Primitive::PiecewisePolytrope, Primitive::ResetFloor>::CalcFluxes<(DynGRMHD_RSolver)1>(Driver*, int)::'lambda0'(Kokkos::Impl::SYCLTeamMember, int, int) const&)::'lambda'(Kokkos::Impl::SYCLTeamMember), Kokkos::TeamPolicy<>, Kokkos::SYCL>::sycl_direct_launch<Kokkos::Impl::SYCLFunctionWrapper<void par_for_outer<TaskStatus dyngr::DynGRMHDPS<Primitive::PiecewisePolytrope, Primitive::ResetFloor>::CalcFluxes<(DynGRMHD_RSolver)1>(Driver*, int)::'lambda0'(Kokkos::Impl::SYCLTeamMember, int, int)>(std::__cxx11::basic_string<char, std::char_traits<char>, std::allocator<char>> const&, Kokkos::SYCL, unsigned long, int, int, int, int, int, TaskStatus dyngr::DynGRMHDPS<Primitive::PiecewisePolytrope, Primitive::ResetFloor>::CalcFluxes<(DynGRMHD_RSolver)1>(Driver*, int)::'lambda0'(Kokkos::Impl::SYCLTeamMember, int, int) const&)::'lambda'(Kokkos::Impl::SYCLTeamMember), Kokkos::Impl::SYCLInternal::USMObjectMem<(sycl::_V1::usm::alloc)0>, false>>(sycl::_V1::multi_ptr<char, (sycl::_V1::access::address_space)4, (sycl::_V1::access::decorated)2>, TaskStatus dyngr::DynGRMHDPS<Primitive::PiecewisePolytrope, Primitive::ResetFloor>::CalcFluxes<(DynGRMHD_RSolver)1>(Driver*, int)::'lambda0'(Kokkos::Impl::SYCLTeamMember, int, int) const&, sycl::_V1::event const&) const::'lambda'(sycl::_V1::handler&)::operator()(sycl::_V1::handler&) const::'lambda'(sycl::_V1::nd_item<2>)'

warning: [RetryManager] Start recompilation of the kernel
in kernel: 'typeinfo name for sycl::_V1::event Kokkos::Impl::ParallelFor<void par_for_outer<TaskStatus dyngr::DynGRMHDPS<Primitive::EOSCompOSE<Primitive::NormalLogs>, Primitive::ResetFloor>::CalcFluxes<(DynGRMHD_RSolver)0>(Driver*, int)::'lambda'(Kokkos::Impl::SYCLTeamMember, int, int, int)>(std::__cxx11::basic_string<char, std::char_traits<char>, std::allocator<char>> const&, Kokkos::SYCL, unsigned long, int, int, int, int, int, int, int, TaskStatus dyngr::DynGRMHDPS<Primitive::EOSCompOSE<Primitive::NormalLogs>, Primitive::ResetFloor>::CalcFluxes<(DynGRMHD_RSolver)0>(Driver*, int)::'lambda'(Kokkos::Impl::SYCLTeamMember, int, int, int) const&)::'lambda'(Kokkos::Impl::SYCLTeamMember), Kokkos::TeamPolicy<>, Kokkos::SYCL>::sycl_direct_launch<Kokkos::Impl::SYCLFunctionWrapper<void par_for_outer<TaskStatus dyngr::DynGRMHDPS<Primitive::EOSCompOSE<Primitive::NormalLogs>, Primitive::ResetFloor>::CalcFluxes<(DynGRMHD_RSolver)0>(Driver*, int)::'lambda'(Kokkos::Impl::SYCLTeamMember, int, int, int)>(std::__cxx11::basic_string<char, std::char_traits<char>, std::allocator<char>> const&, Kokkos::SYCL, unsigned long, int, int, int, int, int, int, int, TaskStatus dyngr::DynGRMHDPS<Primitive::EOSCompOSE<Primitive::NormalLogs>, Primitive::ResetFloor>::CalcFluxes<(DynGRMHD_RSolver)0>(Driver*, int)::'lambda'(Kokkos::Impl::SYCLTeamMember, int, int, int) const&)::'lambda'(Kokkos::Impl::SYCLTeamMember), Kokkos::Impl::SYCLInternal::USMObjectMem<(sycl::_V1::usm::alloc)0>, false>>(sycl::_V1::multi_ptr<char, (sycl::_V1::access::address_space)4, (sycl::_V1::access::decorated)2>, TaskStatus dyngr::DynGRMHDPS<Primitive::EOSCompOSE<Primitive::NormalLogs>, Primitive::ResetFloor>::CalcFluxes<(DynGRMHD_RSolver)0>(Driver*, int)::'lambda'(Kokkos::Impl::SYCLTeamMember, int, int, int) const&, sycl::_V1::event const&) const::'lambda'(sycl::_V1::handler&)::operator()(sycl::_V1::handler&) const::'lambda'(sycl::_V1::nd_item<2>)'

warning: [RetryManager] Start recompilation of the kernel
in kernel: 'typeinfo name for sycl::_V1::event Kokkos::Impl::ParallelFor<void par_for_outer<TaskStatus dyngr::DynGRMHDPS<Primitive::EOSCompOSE<Primitive::NormalLogs>, Primitive::ResetFloor>::CalcFluxes<(DynGRMHD_RSolver)0>(Driver*, int)::'lambda'(Kokkos::Impl::SYCLTeamMember, int, int)>(std::__cxx11::basic_string<char, std::char_traits<char>, std::allocator<char>> const&, Kokkos::SYCL, unsigned long, int, int, int, int, int, TaskStatus dyngr::DynGRMHDPS<Primitive::EOSCompOSE<Primitive::NormalLogs>, Primitive::ResetFloor>::CalcFluxes<(DynGRMHD_RSolver)0>(Driver*, int)::'lambda'(Kokkos::Impl::SYCLTeamMember, int, int) const&)::'lambda'(Kokkos::Impl::SYCLTeamMember), Kokkos::TeamPolicy<>, Kokkos::SYCL>::sycl_direct_launch<Kokkos::Impl::SYCLFunctionWrapper<void par_for_outer<TaskStatus dyngr::DynGRMHDPS<Primitive::EOSCompOSE<Primitive::NormalLogs>, Primitive::ResetFloor>::CalcFluxes<(DynGRMHD_RSolver)0>(Driver*, int)::'lambda'(Kokkos::Impl::SYCLTeamMember, int, int)>(std::__cxx11::basic_string<char, std::char_traits<char>, std::allocator<char>> const&, Kokkos::SYCL, unsigned long, int, int, int, int, int, TaskStatus dyngr::DynGRMHDPS<Primitive::EOSCompOSE<Primitive::NormalLogs>, Primitive::ResetFloor>::CalcFluxes<(DynGRMHD_RSolver)0>(Driver*, int)::'lambda'(Kokkos::Impl::SYCLTeamMember, int, int) const&)::'lambda'(Kokkos::Impl::SYCLTeamMember), Kokkos::Impl::SYCLInternal::USMObjectMem<(sycl::_V1::usm::alloc)0>, false>>(sycl::_V1::multi_ptr<char, (sycl::_V1::access::address_space)4, (sycl::_V1::access::decorated)2>, TaskStatus dyngr::DynGRMHDPS<Primitive::EOSCompOSE<Primitive::NormalLogs>, Primitive::ResetFloor>::CalcFluxes<(DynGRMHD_RSolver)0>(Driver*, int)::'lambda'(Kokkos::Impl::SYCLTeamMember, int, int) const&, sycl::_V1::event const&) const::'lambda'(sycl::_V1::handler&)::operator()(sycl::_V1::handler&) const::'lambda'(sycl::_V1::nd_item<2>)'

warning: [RetryManager] Start recompilation of the kernel
in kernel: 'typeinfo name for sycl::_V1::event Kokkos::Impl::ParallelFor<void par_for_outer<TaskStatus dyngr::DynGRMHDPS<Primitive::EOSCompOSE<Primitive::NormalLogs>, Primitive::ResetFloor>::CalcFluxes<(DynGRMHD_RSolver)0>(Driver*, int)::'lambda0'(Kokkos::Impl::SYCLTeamMember, int, int)>(std::__cxx11::basic_string<char, std::char_traits<char>, std::allocator<char>> const&, Kokkos::SYCL, unsigned long, int, int, int, int, int, TaskStatus dyngr::DynGRMHDPS<Primitive::EOSCompOSE<Primitive::NormalLogs>, Primitive::ResetFloor>::CalcFluxes<(DynGRMHD_RSolver)0>(Driver*, int)::'lambda0'(Kokkos::Impl::SYCLTeamMember, int, int) const&)::'lambda'(Kokkos::Impl::SYCLTeamMember), Kokkos::TeamPolicy<>, Kokkos::SYCL>::sycl_direct_launch<Kokkos::Impl::SYCLFunctionWrapper<void par_for_outer<TaskStatus dyngr::DynGRMHDPS<Primitive::EOSCompOSE<Primitive::NormalLogs>, Primitive::ResetFloor>::CalcFluxes<(DynGRMHD_RSolver)0>(Driver*, int)::'lambda0'(Kokkos::Impl::SYCLTeamMember, int, int)>(std::__cxx11::basic_string<char, std::char_traits<char>, std::allocator<char>> const&, Kokkos::SYCL, unsigned long, int, int, int, int, int, TaskStatus dyngr::DynGRMHDPS<Primitive::EOSCompOSE<Primitive::NormalLogs>, Primitive::ResetFloor>::CalcFluxes<(DynGRMHD_RSolver)0>(Driver*, int)::'lambda0'(Kokkos::Impl::SYCLTeamMember, int, int) const&)::'lambda'(Kokkos::Impl::SYCLTeamMember), Kokkos::Impl::SYCLInternal::USMObjectMem<(sycl::_V1::usm::alloc)0>, false>>(sycl::_V1::multi_ptr<char, (sycl::_V1::access::address_space)4, (sycl::_V1::access::decorated)2>, TaskStatus dyngr::DynGRMHDPS<Primitive::EOSCompOSE<Primitive::NormalLogs>, Primitive::ResetFloor>::CalcFluxes<(DynGRMHD_RSolver)0>(Driver*, int)::'lambda0'(Kokkos::Impl::SYCLTeamMember, int, int) const&, sycl::_V1::event const&) const::'lambda'(sycl::_V1::handler&)::operator()(sycl::_V1::handler&) const::'lambda'(sycl::_V1::nd_item<2>)'

warning: [RetryManager] Start recompilation of the kernel
in kernel: 'typeinfo name for sycl::_V1::event Kokkos::Impl::ParallelFor<void par_for_outer<TaskStatus dyngr::DynGRMHDPS<Primitive::EOSCompOSE<Primitive::NormalLogs>, Primitive::ResetFloor>::CalcFluxes<(DynGRMHD_RSolver)1>(Driver*, int)::'lambda'(Kokkos::Impl::SYCLTeamMember, int, int, int)>(std::__cxx11::basic_string<char, std::char_traits<char>, std::allocator<char>> const&, Kokkos::SYCL, unsigned long, int, int, int, int, int, int, int, TaskStatus dyngr::DynGRMHDPS<Primitive::EOSCompOSE<Primitive::NormalLogs>, Primitive::ResetFloor>::CalcFluxes<(DynGRMHD_RSolver)1>(Driver*, int)::'lambda'(Kokkos::Impl::SYCLTeamMember, int, int, int) const&)::'lambda'(Kokkos::Impl::SYCLTeamMember), Kokkos::TeamPolicy<>, Kokkos::SYCL>::sycl_direct_launch<Kokkos::Impl::SYCLFunctionWrapper<void par_for_outer<TaskStatus dyngr::DynGRMHDPS<Primitive::EOSCompOSE<Primitive::NormalLogs>, Primitive::ResetFloor>::CalcFluxes<(DynGRMHD_RSolver)1>(Driver*, int)::'lambda'(Kokkos::Impl::SYCLTeamMember, int, int, int)>(std::__cxx11::basic_string<char, std::char_traits<char>, std::allocator<char>> const&, Kokkos::SYCL, unsigned long, int, int, int, int, int, int, int, TaskStatus dyngr::DynGRMHDPS<Primitive::EOSCompOSE<Primitive::NormalLogs>, Primitive::ResetFloor>::CalcFluxes<(DynGRMHD_RSolver)1>(Driver*, int)::'lambda'(Kokkos::Impl::SYCLTeamMember, int, int, int) const&)::'lambda'(Kokkos::Impl::SYCLTeamMember), Kokkos::Impl::SYCLInternal::USMObjectMem<(sycl::_V1::usm::alloc)0>, false>>(sycl::_V1::multi_ptr<char, (sycl::_V1::access::address_space)4, (sycl::_V1::access::decorated)2>, TaskStatus dyngr::DynGRMHDPS<Primitive::EOSCompOSE<Primitive::NormalLogs>, Primitive::ResetFloor>::CalcFluxes<(DynGRMHD_RSolver)1>(Driver*, int)::'lambda'(Kokkos::Impl::SYCLTeamMember, int, int, int) const&, sycl::_V1::event const&) const::'lambda'(sycl::_V1::handler&)::operator()(sycl::_V1::handler&) const::'lambda'(sycl::_V1::nd_item<2>)'

warning: [RetryManager] Start recompilation of the kernel
in kernel: 'typeinfo name for sycl::_V1::event Kokkos::Impl::ParallelFor<void par_for_outer<TaskStatus dyngr::DynGRMHDPS<Primitive::EOSCompOSE<Primitive::NormalLogs>, Primitive::ResetFloor>::CalcFluxes<(DynGRMHD_RSolver)1>(Driver*, int)::'lambda'(Kokkos::Impl::SYCLTeamMember, int, int)>(std::__cxx11::basic_string<char, std::char_traits<char>, std::allocator<char>> const&, Kokkos::SYCL, unsigned long, int, int, int, int, int, TaskStatus dyngr::DynGRMHDPS<Primitive::EOSCompOSE<Primitive::NormalLogs>, Primitive::ResetFloor>::CalcFluxes<(DynGRMHD_RSolver)1>(Driver*, int)::'lambda'(Kokkos::Impl::SYCLTeamMember, int, int) const&)::'lambda'(Kokkos::Impl::SYCLTeamMember), Kokkos::TeamPolicy<>, Kokkos::SYCL>::sycl_direct_launch<Kokkos::Impl::SYCLFunctionWrapper<void par_for_outer<TaskStatus dyngr::DynGRMHDPS<Primitive::EOSCompOSE<Primitive::NormalLogs>, Primitive::ResetFloor>::CalcFluxes<(DynGRMHD_RSolver)1>(Driver*, int)::'lambda'(Kokkos::Impl::SYCLTeamMember, int, int)>(std::__cxx11::basic_string<char, std::char_traits<char>, std::allocator<char>> const&, Kokkos::SYCL, unsigned long, int, int, int, int, int, TaskStatus dyngr::DynGRMHDPS<Primitive::EOSCompOSE<Primitive::NormalLogs>, Primitive::ResetFloor>::CalcFluxes<(DynGRMHD_RSolver)1>(Driver*, int)::'lambda'(Kokkos::Impl::SYCLTeamMember, int, int) const&)::'lambda'(Kokkos::Impl::SYCLTeamMember), Kokkos::Impl::SYCLInternal::USMObjectMem<(sycl::_V1::usm::alloc)0>, false>>(sycl::_V1::multi_ptr<char, (sycl::_V1::access::address_space)4, (sycl::_V1::access::decorated)2>, TaskStatus dyngr::DynGRMHDPS<Primitive::EOSCompOSE<Primitive::NormalLogs>, Primitive::ResetFloor>::CalcFluxes<(DynGRMHD_RSolver)1>(Driver*, int)::'lambda'(Kokkos::Impl::SYCLTeamMember, int, int) const&, sycl::_V1::event const&) const::'lambda'(sycl::_V1::handler&)::operator()(sycl::_V1::handler&) const::'lambda'(sycl::_V1::nd_item<2>)'

warning: [RetryManager] Start recompilation of the kernel
in kernel: 'typeinfo name for sycl::_V1::event Kokkos::Impl::ParallelFor<void par_for_outer<TaskStatus dyngr::DynGRMHDPS<Primitive::EOSCompOSE<Primitive::NormalLogs>, Primitive::ResetFloor>::CalcFluxes<(DynGRMHD_RSolver)1>(Driver*, int)::'lambda0'(Kokkos::Impl::SYCLTeamMember, int, int)>(std::__cxx11::basic_string<char, std::char_traits<char>, std::allocator<char>> const&, Kokkos::SYCL, unsigned long, int, int, int, int, int, TaskStatus dyngr::DynGRMHDPS<Primitive::EOSCompOSE<Primitive::NormalLogs>, Primitive::ResetFloor>::CalcFluxes<(DynGRMHD_RSolver)1>(Driver*, int)::'lambda0'(Kokkos::Impl::SYCLTeamMember, int, int) const&)::'lambda'(Kokkos::Impl::SYCLTeamMember), Kokkos::TeamPolicy<>, Kokkos::SYCL>::sycl_direct_launch<Kokkos::Impl::SYCLFunctionWrapper<void par_for_outer<TaskStatus dyngr::DynGRMHDPS<Primitive::EOSCompOSE<Primitive::NormalLogs>, Primitive::ResetFloor>::CalcFluxes<(DynGRMHD_RSolver)1>(Driver*, int)::'lambda0'(Kokkos::Impl::SYCLTeamMember, int, int)>(std::__cxx11::basic_string<char, std::char_traits<char>, std::allocator<char>> const&, Kokkos::SYCL, unsigned long, int, int, int, int, int, TaskStatus dyngr::DynGRMHDPS<Primitive::EOSCompOSE<Primitive::NormalLogs>, Primitive::ResetFloor>::CalcFluxes<(DynGRMHD_RSolver)1>(Driver*, int)::'lambda0'(Kokkos::Impl::SYCLTeamMember, int, int) const&)::'lambda'(Kokkos::Impl::SYCLTeamMember), Kokkos::Impl::SYCLInternal::USMObjectMem<(sycl::_V1::usm::alloc)0>, false>>(sycl::_V1::multi_ptr<char, (sycl::_V1::access::address_space)4, (sycl::_V1::access::decorated)2>, TaskStatus dyngr::DynGRMHDPS<Primitive::EOSCompOSE<Primitive::NormalLogs>, Primitive::ResetFloor>::CalcFluxes<(DynGRMHD_RSolver)1>(Driver*, int)::'lambda0'(Kokkos::Impl::SYCLTeamMember, int, int) const&, sycl::_V1::event const&) const::'lambda'(sycl::_V1::handler&)::operator()(sycl::_V1::handler&) const::'lambda'(sycl::_V1::nd_item<2>)'

warning: [RetryManager] Start recompilation of the kernel
in kernel: 'typeinfo name for sycl::_V1::event Kokkos::Impl::ParallelFor<void par_for_outer<TaskStatus dyngr::DynGRMHDPS<Primitive::EOSCompOSE<Primitive::NQTLogs>, Primitive::ResetFloor>::CalcFluxes<(DynGRMHD_RSolver)0>(Driver*, int)::'lambda'(Kokkos::Impl::SYCLTeamMember, int, int, int)>(std::__cxx11::basic_string<char, std::char_traits<char>, std::allocator<char>> const&, Kokkos::SYCL, unsigned long, int, int, int, int, int, int, int, TaskStatus dyngr::DynGRMHDPS<Primitive::EOSCompOSE<Primitive::NQTLogs>, Primitive::ResetFloor>::CalcFluxes<(DynGRMHD_RSolver)0>(Driver*, int)::'lambda'(Kokkos::Impl::SYCLTeamMember, int, int, int) const&)::'lambda'(Kokkos::Impl::SYCLTeamMember), Kokkos::TeamPolicy<>, Kokkos::SYCL>::sycl_direct_launch<Kokkos::Impl::SYCLFunctionWrapper<void par_for_outer<TaskStatus dyngr::DynGRMHDPS<Primitive::EOSCompOSE<Primitive::NQTLogs>, Primitive::ResetFloor>::CalcFluxes<(DynGRMHD_RSolver)0>(Driver*, int)::'lambda'(Kokkos::Impl::SYCLTeamMember, int, int, int)>(std::__cxx11::basic_string<char, std::char_traits<char>, std::allocator<char>> const&, Kokkos::SYCL, unsigned long, int, int, int, int, int, int, int, TaskStatus dyngr::DynGRMHDPS<Primitive::EOSCompOSE<Primitive::NQTLogs>, Primitive::ResetFloor>::CalcFluxes<(DynGRMHD_RSolver)0>(Driver*, int)::'lambda'(Kokkos::Impl::SYCLTeamMember, int, int, int) const&)::'lambda'(Kokkos::Impl::SYCLTeamMember), Kokkos::Impl::SYCLInternal::USMObjectMem<(sycl::_V1::usm::alloc)0>, false>>(sycl::_V1::multi_ptr<char, (sycl::_V1::access::address_space)4, (sycl::_V1::access::decorated)2>, TaskStatus dyngr::DynGRMHDPS<Primitive::EOSCompOSE<Primitive::NQTLogs>, Primitive::ResetFloor>::CalcFluxes<(DynGRMHD_RSolver)0>(Driver*, int)::'lambda'(Kokkos::Impl::SYCLTeamMember, int, int, int) const&, sycl::_V1::event const&) const::'lambda'(sycl::_V1::handler&)::operator()(sycl::_V1::handler&) const::'lambda'(sycl::_V1::nd_item<2>)'

warning: [RetryManager] Start recompilation of the kernel
in kernel: 'typeinfo name for sycl::_V1::event Kokkos::Impl::ParallelFor<void par_for_outer<TaskStatus dyngr::DynGRMHDPS<Primitive::EOSCompOSE<Primitive::NQTLogs>, Primitive::ResetFloor>::CalcFluxes<(DynGRMHD_RSolver)0>(Driver*, int)::'lambda'(Kokkos::Impl::SYCLTeamMember, int, int)>(std::__cxx11::basic_string<char, std::char_traits<char>, std::allocator<char>> const&, Kokkos::SYCL, unsigned long, int, int, int, int, int, TaskStatus dyngr::DynGRMHDPS<Primitive::EOSCompOSE<Primitive::NQTLogs>, Primitive::ResetFloor>::CalcFluxes<(DynGRMHD_RSolver)0>(Driver*, int)::'lambda'(Kokkos::Impl::SYCLTeamMember, int, int) const&)::'lambda'(Kokkos::Impl::SYCLTeamMember), Kokkos::TeamPolicy<>, Kokkos::SYCL>::sycl_direct_launch<Kokkos::Impl::SYCLFunctionWrapper<void par_for_outer<TaskStatus dyngr::DynGRMHDPS<Primitive::EOSCompOSE<Primitive::NQTLogs>, Primitive::ResetFloor>::CalcFluxes<(DynGRMHD_RSolver)0>(Driver*, int)::'lambda'(Kokkos::Impl::SYCLTeamMember, int, int)>(std::__cxx11::basic_string<char, std::char_traits<char>, std::allocator<char>> const&, Kokkos::SYCL, unsigned long, int, int, int, int, int, TaskStatus dyngr::DynGRMHDPS<Primitive::EOSCompOSE<Primitive::NQTLogs>, Primitive::ResetFloor>::CalcFluxes<(DynGRMHD_RSolver)0>(Driver*, int)::'lambda'(Kokkos::Impl::SYCLTeamMember, int, int) const&)::'lambda'(Kokkos::Impl::SYCLTeamMember), Kokkos::Impl::SYCLInternal::USMObjectMem<(sycl::_V1::usm::alloc)0>, false>>(sycl::_V1::multi_ptr<char, (sycl::_V1::access::address_space)4, (sycl::_V1::access::decorated)2>, TaskStatus dyngr::DynGRMHDPS<Primitive::EOSCompOSE<Primitive::NQTLogs>, Primitive::ResetFloor>::CalcFluxes<(DynGRMHD_RSolver)0>(Driver*, int)::'lambda'(Kokkos::Impl::SYCLTeamMember, int, int) const&, sycl::_V1::event const&) const::'lambda'(sycl::_V1::handler&)::operator()(sycl::_V1::handler&) const::'lambda'(sycl::_V1::nd_item<2>)'

warning: [RetryManager] Start recompilation of the kernel
in kernel: 'typeinfo name for sycl::_V1::event Kokkos::Impl::ParallelFor<void par_for_outer<TaskStatus dyngr::DynGRMHDPS<Primitive::EOSCompOSE<Primitive::NQTLogs>, Primitive::ResetFloor>::CalcFluxes<(DynGRMHD_RSolver)0>(Driver*, int)::'lambda0'(Kokkos::Impl::SYCLTeamMember, int, int)>(std::__cxx11::basic_string<char, std::char_traits<char>, std::allocator<char>> const&, Kokkos::SYCL, unsigned long, int, int, int, int, int, TaskStatus dyngr::DynGRMHDPS<Primitive::EOSCompOSE<Primitive::NQTLogs>, Primitive::ResetFloor>::CalcFluxes<(DynGRMHD_RSolver)0>(Driver*, int)::'lambda0'(Kokkos::Impl::SYCLTeamMember, int, int) const&)::'lambda'(Kokkos::Impl::SYCLTeamMember), Kokkos::TeamPolicy<>, Kokkos::SYCL>::sycl_direct_launch<Kokkos::Impl::SYCLFunctionWrapper<void par_for_outer<TaskStatus dyngr::DynGRMHDPS<Primitive::EOSCompOSE<Primitive::NQTLogs>, Primitive::ResetFloor>::CalcFluxes<(DynGRMHD_RSolver)0>(Driver*, int)::'lambda0'(Kokkos::Impl::SYCLTeamMember, int, int)>(std::__cxx11::basic_string<char, std::char_traits<char>, std::allocator<char>> const&, Kokkos::SYCL, unsigned long, int, int, int, int, int, TaskStatus dyngr::DynGRMHDPS<Primitive::EOSCompOSE<Primitive::NQTLogs>, Primitive::ResetFloor>::CalcFluxes<(DynGRMHD_RSolver)0>(Driver*, int)::'lambda0'(Kokkos::Impl::SYCLTeamMember, int, int) const&)::'lambda'(Kokkos::Impl::SYCLTeamMember), Kokkos::Impl::SYCLInternal::USMObjectMem<(sycl::_V1::usm::alloc)0>, false>>(sycl::_V1::multi_ptr<char, (sycl::_V1::access::address_space)4, (sycl::_V1::access::decorated)2>, TaskStatus dyngr::DynGRMHDPS<Primitive::EOSCompOSE<Primitive::NQTLogs>, Primitive::ResetFloor>::CalcFluxes<(DynGRMHD_RSolver)0>(Driver*, int)::'lambda0'(Kokkos::Impl::SYCLTeamMember, int, int) const&, sycl::_V1::event const&) const::'lambda'(sycl::_V1::handler&)::operator()(sycl::_V1::handler&) const::'lambda'(sycl::_V1::nd_item<2>)'

warning: [RetryManager] Start recompilation of the kernel
in kernel: 'typeinfo name for sycl::_V1::event Kokkos::Impl::ParallelFor<void par_for_outer<TaskStatus dyngr::DynGRMHDPS<Primitive::EOSCompOSE<Primitive::NQTLogs>, Primitive::ResetFloor>::CalcFluxes<(DynGRMHD_RSolver)1>(Driver*, int)::'lambda'(Kokkos::Impl::SYCLTeamMember, int, int, int)>(std::__cxx11::basic_string<char, std::char_traits<char>, std::allocator<char>> const&, Kokkos::SYCL, unsigned long, int, int, int, int, int, int, int, TaskStatus dyngr::DynGRMHDPS<Primitive::EOSCompOSE<Primitive::NQTLogs>, Primitive::ResetFloor>::CalcFluxes<(DynGRMHD_RSolver)1>(Driver*, int)::'lambda'(Kokkos::Impl::SYCLTeamMember, int, int, int) const&)::'lambda'(Kokkos::Impl::SYCLTeamMember), Kokkos::TeamPolicy<>, Kokkos::SYCL>::sycl_direct_launch<Kokkos::Impl::SYCLFunctionWrapper<void par_for_outer<TaskStatus dyngr::DynGRMHDPS<Primitive::EOSCompOSE<Primitive::NQTLogs>, Primitive::ResetFloor>::CalcFluxes<(DynGRMHD_RSolver)1>(Driver*, int)::'lambda'(Kokkos::Impl::SYCLTeamMember, int, int, int)>(std::__cxx11::basic_string<char, std::char_traits<char>, std::allocator<char>> const&, Kokkos::SYCL, unsigned long, int, int, int, int, int, int, int, TaskStatus dyngr::DynGRMHDPS<Primitive::EOSCompOSE<Primitive::NQTLogs>, Primitive::ResetFloor>::CalcFluxes<(DynGRMHD_RSolver)1>(Driver*, int)::'lambda'(Kokkos::Impl::SYCLTeamMember, int, int, int) const&)::'lambda'(Kokkos::Impl::SYCLTeamMember), Kokkos::Impl::SYCLInternal::USMObjectMem<(sycl::_V1::usm::alloc)0>, false>>(sycl::_V1::multi_ptr<char, (sycl::_V1::access::address_space)4, (sycl::_V1::access::decorated)2>, TaskStatus dyngr::DynGRMHDPS<Primitive::EOSCompOSE<Primitive::NQTLogs>, Primitive::ResetFloor>::CalcFluxes<(DynGRMHD_RSolver)1>(Driver*, int)::'lambda'(Kokkos::Impl::SYCLTeamMember, int, int, int) const&, sycl::_V1::event const&) const::'lambda'(sycl::_V1::handler&)::operator()(sycl::_V1::handler&) const::'lambda'(sycl::_V1::nd_item<2>)'

warning: [RetryManager] Start recompilation of the kernel
in kernel: 'typeinfo name for sycl::_V1::event Kokkos::Impl::ParallelFor<void par_for_outer<TaskStatus dyngr::DynGRMHDPS<Primitive::EOSCompOSE<Primitive::NQTLogs>, Primitive::ResetFloor>::CalcFluxes<(DynGRMHD_RSolver)1>(Driver*, int)::'lambda'(Kokkos::Impl::SYCLTeamMember, int, int)>(std::__cxx11::basic_string<char, std::char_traits<char>, std::allocator<char>> const&, Kokkos::SYCL, unsigned long, int, int, int, int, int, TaskStatus dyngr::DynGRMHDPS<Primitive::EOSCompOSE<Primitive::NQTLogs>, Primitive::ResetFloor>::CalcFluxes<(DynGRMHD_RSolver)1>(Driver*, int)::'lambda'(Kokkos::Impl::SYCLTeamMember, int, int) const&)::'lambda'(Kokkos::Impl::SYCLTeamMember), Kokkos::TeamPolicy<>, Kokkos::SYCL>::sycl_direct_launch<Kokkos::Impl::SYCLFunctionWrapper<void par_for_outer<TaskStatus dyngr::DynGRMHDPS<Primitive::EOSCompOSE<Primitive::NQTLogs>, Primitive::ResetFloor>::CalcFluxes<(DynGRMHD_RSolver)1>(Driver*, int)::'lambda'(Kokkos::Impl::SYCLTeamMember, int, int)>(std::__cxx11::basic_string<char, std::char_traits<char>, std::allocator<char>> const&, Kokkos::SYCL, unsigned long, int, int, int, int, int, TaskStatus dyngr::DynGRMHDPS<Primitive::EOSCompOSE<Primitive::NQTLogs>, Primitive::ResetFloor>::CalcFluxes<(DynGRMHD_RSolver)1>(Driver*, int)::'lambda'(Kokkos::Impl::SYCLTeamMember, int, int) const&)::'lambda'(Kokkos::Impl::SYCLTeamMember), Kokkos::Impl::SYCLInternal::USMObjectMem<(sycl::_V1::usm::alloc)0>, false>>(sycl::_V1::multi_ptr<char, (sycl::_V1::access::address_space)4, (sycl::_V1::access::decorated)2>, TaskStatus dyngr::DynGRMHDPS<Primitive::EOSCompOSE<Primitive::NQTLogs>, Primitive::ResetFloor>::CalcFluxes<(DynGRMHD_RSolver)1>(Driver*, int)::'lambda'(Kokkos::Impl::SYCLTeamMember, int, int) const&, sycl::_V1::event const&) const::'lambda'(sycl::_V1::handler&)::operator()(sycl::_V1::handler&) const::'lambda'(sycl::_V1::nd_item<2>)'

warning: [RetryManager] Start recompilation of the kernel
in kernel: 'typeinfo name for sycl::_V1::event Kokkos::Impl::ParallelFor<void par_for_outer<TaskStatus dyngr::DynGRMHDPS<Primitive::EOSCompOSE<Primitive::NQTLogs>, Primitive::ResetFloor>::CalcFluxes<(DynGRMHD_RSolver)1>(Driver*, int)::'lambda0'(Kokkos::Impl::SYCLTeamMember, int, int)>(std::__cxx11::basic_string<char, std::char_traits<char>, std::allocator<char>> const&, Kokkos::SYCL, unsigned long, int, int, int, int, int, TaskStatus dyngr::DynGRMHDPS<Primitive::EOSCompOSE<Primitive::NQTLogs>, Primitive::ResetFloor>::CalcFluxes<(DynGRMHD_RSolver)1>(Driver*, int)::'lambda0'(Kokkos::Impl::SYCLTeamMember, int, int) const&)::'lambda'(Kokkos::Impl::SYCLTeamMember), Kokkos::TeamPolicy<>, Kokkos::SYCL>::sycl_direct_launch<Kokkos::Impl::SYCLFunctionWrapper<void par_for_outer<TaskStatus dyngr::DynGRMHDPS<Primitive::EOSCompOSE<Primitive::NQTLogs>, Primitive::ResetFloor>::CalcFluxes<(DynGRMHD_RSolver)1>(Driver*, int)::'lambda0'(Kokkos::Impl::SYCLTeamMember, int, int)>(std::__cxx11::basic_string<char, std::char_traits<char>, std::allocator<char>> const&, Kokkos::SYCL, unsigned long, int, int, int, int, int, TaskStatus dyngr::DynGRMHDPS<Primitive::EOSCompOSE<Primitive::NQTLogs>, Primitive::ResetFloor>::CalcFluxes<(DynGRMHD_RSolver)1>(Driver*, int)::'lambda0'(Kokkos::Impl::SYCLTeamMember, int, int) const&)::'lambda'(Kokkos::Impl::SYCLTeamMember), Kokkos::Impl::SYCLInternal::USMObjectMem<(sycl::_V1::usm::alloc)0>, false>>(sycl::_V1::multi_ptr<char, (sycl::_V1::access::address_space)4, (sycl::_V1::access::decorated)2>, TaskStatus dyngr::DynGRMHDPS<Primitive::EOSCompOSE<Primitive::NQTLogs>, Primitive::ResetFloor>::CalcFluxes<(DynGRMHD_RSolver)1>(Driver*, int)::'lambda0'(Kokkos::Impl::SYCLTeamMember, int, int) const&, sycl::_V1::event const&) const::'lambda'(sycl::_V1::handler&)::operator()(sycl::_V1::handler&) const::'lambda'(sycl::_V1::nd_item<2>)'

warning: [RetryManager] Start recompilation of the kernel
in kernel: 'typeinfo name for sycl::_V1::event Kokkos::Impl::ParallelFor<void par_for_outer<TaskStatus dyngr::DynGRMHDPS<Primitive::EOSHybrid<Primitive::NormalLogs>, Primitive::ResetFloor>::CalcFluxes<(DynGRMHD_RSolver)0>(Driver*, int)::'lambda'(Kokkos::Impl::SYCLTeamMember, int, int, int)>(std::__cxx11::basic_string<char, std::char_traits<char>, std::allocator<char>> const&, Kokkos::SYCL, unsigned long, int, int, int, int, int, int, int, TaskStatus dyngr::DynGRMHDPS<Primitive::EOSHybrid<Primitive::NormalLogs>, Primitive::ResetFloor>::CalcFluxes<(DynGRMHD_RSolver)0>(Driver*, int)::'lambda'(Kokkos::Impl::SYCLTeamMember, int, int, int) const&)::'lambda'(Kokkos::Impl::SYCLTeamMember), Kokkos::TeamPolicy<>, Kokkos::SYCL>::sycl_direct_launch<Kokkos::Impl::SYCLFunctionWrapper<void par_for_outer<TaskStatus dyngr::DynGRMHDPS<Primitive::EOSHybrid<Primitive::NormalLogs>, Primitive::ResetFloor>::CalcFluxes<(DynGRMHD_RSolver)0>(Driver*, int)::'lambda'(Kokkos::Impl::SYCLTeamMember, int, int, int)>(std::__cxx11::basic_string<char, std::char_traits<char>, std::allocator<char>> const&, Kokkos::SYCL, unsigned long, int, int, int, int, int, int, int, TaskStatus dyngr::DynGRMHDPS<Primitive::EOSHybrid<Primitive::NormalLogs>, Primitive::ResetFloor>::CalcFluxes<(DynGRMHD_RSolver)0>(Driver*, int)::'lambda'(Kokkos::Impl::SYCLTeamMember, int, int, int) const&)::'lambda'(Kokkos::Impl::SYCLTeamMember), Kokkos::Impl::SYCLInternal::USMObjectMem<(sycl::_V1::usm::alloc)0>, false>>(sycl::_V1::multi_ptr<char, (sycl::_V1::access::address_space)4, (sycl::_V1::access::decorated)2>, TaskStatus dyngr::DynGRMHDPS<Primitive::EOSHybrid<Primitive::NormalLogs>, Primitive::ResetFloor>::CalcFluxes<(DynGRMHD_RSolver)0>(Driver*, int)::'lambda'(Kokkos::Impl::SYCLTeamMember, int, int, int) const&, sycl::_V1::event const&) const::'lambda'(sycl::_V1::handler&)::operator()(sycl::_V1::handler&) const::'lambda'(sycl::_V1::nd_item<2>)'

warning: [RetryManager] Start recompilation of the kernel
in kernel: 'typeinfo name for sycl::_V1::event Kokkos::Impl::ParallelFor<void par_for_outer<TaskStatus dyngr::DynGRMHDPS<Primitive::EOSHybrid<Primitive::NormalLogs>, Primitive::ResetFloor>::CalcFluxes<(DynGRMHD_RSolver)0>(Driver*, int)::'lambda'(Kokkos::Impl::SYCLTeamMember, int, int)>(std::__cxx11::basic_string<char, std::char_traits<char>, std::allocator<char>> const&, Kokkos::SYCL, unsigned long, int, int, int, int, int, TaskStatus dyngr::DynGRMHDPS<Primitive::EOSHybrid<Primitive::NormalLogs>, Primitive::ResetFloor>::CalcFluxes<(DynGRMHD_RSolver)0>(Driver*, int)::'lambda'(Kokkos::Impl::SYCLTeamMember, int, int) const&)::'lambda'(Kokkos::Impl::SYCLTeamMember), Kokkos::TeamPolicy<>, Kokkos::SYCL>::sycl_direct_launch<Kokkos::Impl::SYCLFunctionWrapper<void par_for_outer<TaskStatus dyngr::DynGRMHDPS<Primitive::EOSHybrid<Primitive::NormalLogs>, Primitive::ResetFloor>::CalcFluxes<(DynGRMHD_RSolver)0>(Driver*, int)::'lambda'(Kokkos::Impl::SYCLTeamMember, int, int)>(std::__cxx11::basic_string<char, std::char_traits<char>, std::allocator<char>> const&, Kokkos::SYCL, unsigned long, int, int, int, int, int, TaskStatus dyngr::DynGRMHDPS<Primitive::EOSHybrid<Primitive::NormalLogs>, Primitive::ResetFloor>::CalcFluxes<(DynGRMHD_RSolver)0>(Driver*, int)::'lambda'(Kokkos::Impl::SYCLTeamMember, int, int) const&)::'lambda'(Kokkos::Impl::SYCLTeamMember), Kokkos::Impl::SYCLInternal::USMObjectMem<(sycl::_V1::usm::alloc)0>, false>>(sycl::_V1::multi_ptr<char, (sycl::_V1::access::address_space)4, (sycl::_V1::access::decorated)2>, TaskStatus dyngr::DynGRMHDPS<Primitive::EOSHybrid<Primitive::NormalLogs>, Primitive::ResetFloor>::CalcFluxes<(DynGRMHD_RSolver)0>(Driver*, int)::'lambda'(Kokkos::Impl::SYCLTeamMember, int, int) const&, sycl::_V1::event const&) const::'lambda'(sycl::_V1::handler&)::operator()(sycl::_V1::handler&) const::'lambda'(sycl::_V1::nd_item<2>)'

warning: [RetryManager] Start recompilation of the kernel
in kernel: 'typeinfo name for sycl::_V1::event Kokkos::Impl::ParallelFor<void par_for_outer<TaskStatus dyngr::DynGRMHDPS<Primitive::EOSHybrid<Primitive::NormalLogs>, Primitive::ResetFloor>::CalcFluxes<(DynGRMHD_RSolver)0>(Driver*, int)::'lambda0'(Kokkos::Impl::SYCLTeamMember, int, int)>(std::__cxx11::basic_string<char, std::char_traits<char>, std::allocator<char>> const&, Kokkos::SYCL, unsigned long, int, int, int, int, int, TaskStatus dyngr::DynGRMHDPS<Primitive::EOSHybrid<Primitive::NormalLogs>, Primitive::ResetFloor>::CalcFluxes<(DynGRMHD_RSolver)0>(Driver*, int)::'lambda0'(Kokkos::Impl::SYCLTeamMember, int, int) const&)::'lambda'(Kokkos::Impl::SYCLTeamMember), Kokkos::TeamPolicy<>, Kokkos::SYCL>::sycl_direct_launch<Kokkos::Impl::SYCLFunctionWrapper<void par_for_outer<TaskStatus dyngr::DynGRMHDPS<Primitive::EOSHybrid<Primitive::NormalLogs>, Primitive::ResetFloor>::CalcFluxes<(DynGRMHD_RSolver)0>(Driver*, int)::'lambda0'(Kokkos::Impl::SYCLTeamMember, int, int)>(std::__cxx11::basic_string<char, std::char_traits<char>, std::allocator<char>> const&, Kokkos::SYCL, unsigned long, int, int, int, int, int, TaskStatus dyngr::DynGRMHDPS<Primitive::EOSHybrid<Primitive::NormalLogs>, Primitive::ResetFloor>::CalcFluxes<(DynGRMHD_RSolver)0>(Driver*, int)::'lambda0'(Kokkos::Impl::SYCLTeamMember, int, int) const&)::'lambda'(Kokkos::Impl::SYCLTeamMember), Kokkos::Impl::SYCLInternal::USMObjectMem<(sycl::_V1::usm::alloc)0>, false>>(sycl::_V1::multi_ptr<char, (sycl::_V1::access::address_space)4, (sycl::_V1::access::decorated)2>, TaskStatus dyngr::DynGRMHDPS<Primitive::EOSHybrid<Primitive::NormalLogs>, Primitive::ResetFloor>::CalcFluxes<(DynGRMHD_RSolver)0>(Driver*, int)::'lambda0'(Kokkos::Impl::SYCLTeamMember, int, int) const&, sycl::_V1::event const&) const::'lambda'(sycl::_V1::handler&)::operator()(sycl::_V1::handler&) const::'lambda'(sycl::_V1::nd_item<2>)'

warning: [RetryManager] Start recompilation of the kernel
in kernel: 'typeinfo name for sycl::_V1::event Kokkos::Impl::ParallelFor<void par_for_outer<TaskStatus dyngr::DynGRMHDPS<Primitive::EOSHybrid<Primitive::NormalLogs>, Primitive::ResetFloor>::CalcFluxes<(DynGRMHD_RSolver)1>(Driver*, int)::'lambda'(Kokkos::Impl::SYCLTeamMember, int, int, int)>(std::__cxx11::basic_string<char, std::char_traits<char>, std::allocator<char>> const&, Kokkos::SYCL, unsigned long, int, int, int, int, int, int, int, TaskStatus dyngr::DynGRMHDPS<Primitive::EOSHybrid<Primitive::NormalLogs>, Primitive::ResetFloor>::CalcFluxes<(DynGRMHD_RSolver)1>(Driver*, int)::'lambda'(Kokkos::Impl::SYCLTeamMember, int, int, int) const&)::'lambda'(Kokkos::Impl::SYCLTeamMember), Kokkos::TeamPolicy<>, Kokkos::SYCL>::sycl_direct_launch<Kokkos::Impl::SYCLFunctionWrapper<void par_for_outer<TaskStatus dyngr::DynGRMHDPS<Primitive::EOSHybrid<Primitive::NormalLogs>, Primitive::ResetFloor>::CalcFluxes<(DynGRMHD_RSolver)1>(Driver*, int)::'lambda'(Kokkos::Impl::SYCLTeamMember, int, int, int)>(std::__cxx11::basic_string<char, std::char_traits<char>, std::allocator<char>> const&, Kokkos::SYCL, unsigned long, int, int, int, int, int, int, int, TaskStatus dyngr::DynGRMHDPS<Primitive::EOSHybrid<Primitive::NormalLogs>, Primitive::ResetFloor>::CalcFluxes<(DynGRMHD_RSolver)1>(Driver*, int)::'lambda'(Kokkos::Impl::SYCLTeamMember, int, int, int) const&)::'lambda'(Kokkos::Impl::SYCLTeamMember), Kokkos::Impl::SYCLInternal::USMObjectMem<(sycl::_V1::usm::alloc)0>, false>>(sycl::_V1::multi_ptr<char, (sycl::_V1::access::address_space)4, (sycl::_V1::access::decorated)2>, TaskStatus dyngr::DynGRMHDPS<Primitive::EOSHybrid<Primitive::NormalLogs>, Primitive::ResetFloor>::CalcFluxes<(DynGRMHD_RSolver)1>(Driver*, int)::'lambda'(Kokkos::Impl::SYCLTeamMember, int, int, int) const&, sycl::_V1::event const&) const::'lambda'(sycl::_V1::handler&)::operator()(sycl::_V1::handler&) const::'lambda'(sycl::_V1::nd_item<2>)'

warning: [RetryManager] Start recompilation of the kernel
in kernel: 'typeinfo name for sycl::_V1::event Kokkos::Impl::ParallelFor<void par_for_outer<TaskStatus dyngr::DynGRMHDPS<Primitive::EOSHybrid<Primitive::NormalLogs>, Primitive::ResetFloor>::CalcFluxes<(DynGRMHD_RSolver)1>(Driver*, int)::'lambda'(Kokkos::Impl::SYCLTeamMember, int, int)>(std::__cxx11::basic_string<char, std::char_traits<char>, std::allocator<char>> const&, Kokkos::SYCL, unsigned long, int, int, int, int, int, TaskStatus dyngr::DynGRMHDPS<Primitive::EOSHybrid<Primitive::NormalLogs>, Primitive::ResetFloor>::CalcFluxes<(DynGRMHD_RSolver)1>(Driver*, int)::'lambda'(Kokkos::Impl::SYCLTeamMember, int, int) const&)::'lambda'(Kokkos::Impl::SYCLTeamMember), Kokkos::TeamPolicy<>, Kokkos::SYCL>::sycl_direct_launch<Kokkos::Impl::SYCLFunctionWrapper<void par_for_outer<TaskStatus dyngr::DynGRMHDPS<Primitive::EOSHybrid<Primitive::NormalLogs>, Primitive::ResetFloor>::CalcFluxes<(DynGRMHD_RSolver)1>(Driver*, int)::'lambda'(Kokkos::Impl::SYCLTeamMember, int, int)>(std::__cxx11::basic_string<char, std::char_traits<char>, std::allocator<char>> const&, Kokkos::SYCL, unsigned long, int, int, int, int, int, TaskStatus dyngr::DynGRMHDPS<Primitive::EOSHybrid<Primitive::NormalLogs>, Primitive::ResetFloor>::CalcFluxes<(DynGRMHD_RSolver)1>(Driver*, int)::'lambda'(Kokkos::Impl::SYCLTeamMember, int, int) const&)::'lambda'(Kokkos::Impl::SYCLTeamMember), Kokkos::Impl::SYCLInternal::USMObjectMem<(sycl::_V1::usm::alloc)0>, false>>(sycl::_V1::multi_ptr<char, (sycl::_V1::access::address_space)4, (sycl::_V1::access::decorated)2>, TaskStatus dyngr::DynGRMHDPS<Primitive::EOSHybrid<Primitive::NormalLogs>, Primitive::ResetFloor>::CalcFluxes<(DynGRMHD_RSolver)1>(Driver*, int)::'lambda'(Kokkos::Impl::SYCLTeamMember, int, int) const&, sycl::_V1::event const&) const::'lambda'(sycl::_V1::handler&)::operator()(sycl::_V1::handler&) const::'lambda'(sycl::_V1::nd_item<2>)'

warning: [RetryManager] Start recompilation of the kernel
in kernel: 'typeinfo name for sycl::_V1::event Kokkos::Impl::ParallelFor<void par_for_outer<TaskStatus dyngr::DynGRMHDPS<Primitive::EOSHybrid<Primitive::NormalLogs>, Primitive::ResetFloor>::CalcFluxes<(DynGRMHD_RSolver)1>(Driver*, int)::'lambda0'(Kokkos::Impl::SYCLTeamMember, int, int)>(std::__cxx11::basic_string<char, std::char_traits<char>, std::allocator<char>> const&, Kokkos::SYCL, unsigned long, int, int, int, int, int, TaskStatus dyngr::DynGRMHDPS<Primitive::EOSHybrid<Primitive::NormalLogs>, Primitive::ResetFloor>::CalcFluxes<(DynGRMHD_RSolver)1>(Driver*, int)::'lambda0'(Kokkos::Impl::SYCLTeamMember, int, int) const&)::'lambda'(Kokkos::Impl::SYCLTeamMember), Kokkos::TeamPolicy<>, Kokkos::SYCL>::sycl_direct_launch<Kokkos::Impl::SYCLFunctionWrapper<void par_for_outer<TaskStatus dyngr::DynGRMHDPS<Primitive::EOSHybrid<Primitive::NormalLogs>, Primitive::ResetFloor>::CalcFluxes<(DynGRMHD_RSolver)1>(Driver*, int)::'lambda0'(Kokkos::Impl::SYCLTeamMember, int, int)>(std::__cxx11::basic_string<char, std::char_traits<char>, std::allocator<char>> const&, Kokkos::SYCL, unsigned long, int, int, int, int, int, TaskStatus dyngr::DynGRMHDPS<Primitive::EOSHybrid<Primitive::NormalLogs>, Primitive::ResetFloor>::CalcFluxes<(DynGRMHD_RSolver)1>(Driver*, int)::'lambda0'(Kokkos::Impl::SYCLTeamMember, int, int) const&)::'lambda'(Kokkos::Impl::SYCLTeamMember), Kokkos::Impl::SYCLInternal::USMObjectMem<(sycl::_V1::usm::alloc)0>, false>>(sycl::_V1::multi_ptr<char, (sycl::_V1::access::address_space)4, (sycl::_V1::access::decorated)2>, TaskStatus dyngr::DynGRMHDPS<Primitive::EOSHybrid<Primitive::NormalLogs>, Primitive::ResetFloor>::CalcFluxes<(DynGRMHD_RSolver)1>(Driver*, int)::'lambda0'(Kokkos::Impl::SYCLTeamMember, int, int) const&, sycl::_V1::event const&) const::'lambda'(sycl::_V1::handler&)::operator()(sycl::_V1::handler&) const::'lambda'(sycl::_V1::nd_item<2>)'

warning: [RetryManager] Start recompilation of the kernel
in kernel: 'typeinfo name for sycl::_V1::event Kokkos::Impl::ParallelFor<void par_for_outer<TaskStatus dyngr::DynGRMHDPS<Primitive::EOSHybrid<Primitive::NQTLogs>, Primitive::ResetFloor>::CalcFluxes<(DynGRMHD_RSolver)0>(Driver*, int)::'lambda'(Kokkos::Impl::SYCLTeamMember, int, int, int)>(std::__cxx11::basic_string<char, std::char_traits<char>, std::allocator<char>> const&, Kokkos::SYCL, unsigned long, int, int, int, int, int, int, int, TaskStatus dyngr::DynGRMHDPS<Primitive::EOSHybrid<Primitive::NQTLogs>, Primitive::ResetFloor>::CalcFluxes<(DynGRMHD_RSolver)0>(Driver*, int)::'lambda'(Kokkos::Impl::SYCLTeamMember, int, int, int) const&)::'lambda'(Kokkos::Impl::SYCLTeamMember), Kokkos::TeamPolicy<>, Kokkos::SYCL>::sycl_direct_launch<Kokkos::Impl::SYCLFunctionWrapper<void par_for_outer<TaskStatus dyngr::DynGRMHDPS<Primitive::EOSHybrid<Primitive::NQTLogs>, Primitive::ResetFloor>::CalcFluxes<(DynGRMHD_RSolver)0>(Driver*, int)::'lambda'(Kokkos::Impl::SYCLTeamMember, int, int, int)>(std::__cxx11::basic_string<char, std::char_traits<char>, std::allocator<char>> const&, Kokkos::SYCL, unsigned long, int, int, int, int, int, int, int, TaskStatus dyngr::DynGRMHDPS<Primitive::EOSHybrid<Primitive::NQTLogs>, Primitive::ResetFloor>::CalcFluxes<(DynGRMHD_RSolver)0>(Driver*, int)::'lambda'(Kokkos::Impl::SYCLTeamMember, int, int, int) const&)::'lambda'(Kokkos::Impl::SYCLTeamMember), Kokkos::Impl::SYCLInternal::USMObjectMem<(sycl::_V1::usm::alloc)0>, false>>(sycl::_V1::multi_ptr<char, (sycl::_V1::access::address_space)4, (sycl::_V1::access::decorated)2>, TaskStatus dyngr::DynGRMHDPS<Primitive::EOSHybrid<Primitive::NQTLogs>, Primitive::ResetFloor>::CalcFluxes<(DynGRMHD_RSolver)0>(Driver*, int)::'lambda'(Kokkos::Impl::SYCLTeamMember, int, int, int) const&, sycl::_V1::event const&) const::'lambda'(sycl::_V1::handler&)::operator()(sycl::_V1::handler&) const::'lambda'(sycl::_V1::nd_item<2>)'

warning: [RetryManager] Start recompilation of the kernel
in kernel: 'typeinfo name for sycl::_V1::event Kokkos::Impl::ParallelFor<void par_for_outer<TaskStatus dyngr::DynGRMHDPS<Primitive::EOSHybrid<Primitive::NQTLogs>, Primitive::ResetFloor>::CalcFluxes<(DynGRMHD_RSolver)0>(Driver*, int)::'lambda'(Kokkos::Impl::SYCLTeamMember, int, int)>(std::__cxx11::basic_string<char, std::char_traits<char>, std::allocator<char>> const&, Kokkos::SYCL, unsigned long, int, int, int, int, int, TaskStatus dyngr::DynGRMHDPS<Primitive::EOSHybrid<Primitive::NQTLogs>, Primitive::ResetFloor>::CalcFluxes<(DynGRMHD_RSolver)0>(Driver*, int)::'lambda'(Kokkos::Impl::SYCLTeamMember, int, int) const&)::'lambda'(Kokkos::Impl::SYCLTeamMember), Kokkos::TeamPolicy<>, Kokkos::SYCL>::sycl_direct_launch<Kokkos::Impl::SYCLFunctionWrapper<void par_for_outer<TaskStatus dyngr::DynGRMHDPS<Primitive::EOSHybrid<Primitive::NQTLogs>, Primitive::ResetFloor>::CalcFluxes<(DynGRMHD_RSolver)0>(Driver*, int)::'lambda'(Kokkos::Impl::SYCLTeamMember, int, int)>(std::__cxx11::basic_string<char, std::char_traits<char>, std::allocator<char>> const&, Kokkos::SYCL, unsigned long, int, int, int, int, int, TaskStatus dyngr::DynGRMHDPS<Primitive::EOSHybrid<Primitive::NQTLogs>, Primitive::ResetFloor>::CalcFluxes<(DynGRMHD_RSolver)0>(Driver*, int)::'lambda'(Kokkos::Impl::SYCLTeamMember, int, int) const&)::'lambda'(Kokkos::Impl::SYCLTeamMember), Kokkos::Impl::SYCLInternal::USMObjectMem<(sycl::_V1::usm::alloc)0>, false>>(sycl::_V1::multi_ptr<char, (sycl::_V1::access::address_space)4, (sycl::_V1::access::decorated)2>, TaskStatus dyngr::DynGRMHDPS<Primitive::EOSHybrid<Primitive::NQTLogs>, Primitive::ResetFloor>::CalcFluxes<(DynGRMHD_RSolver)0>(Driver*, int)::'lambda'(Kokkos::Impl::SYCLTeamMember, int, int) const&, sycl::_V1::event const&) const::'lambda'(sycl::_V1::handler&)::operator()(sycl::_V1::handler&) const::'lambda'(sycl::_V1::nd_item<2>)'

warning: [RetryManager] Start recompilation of the kernel
in kernel: 'typeinfo name for sycl::_V1::event Kokkos::Impl::ParallelFor<void par_for_outer<TaskStatus dyngr::DynGRMHDPS<Primitive::EOSHybrid<Primitive::NQTLogs>, Primitive::ResetFloor>::CalcFluxes<(DynGRMHD_RSolver)0>(Driver*, int)::'lambda0'(Kokkos::Impl::SYCLTeamMember, int, int)>(std::__cxx11::basic_string<char, std::char_traits<char>, std::allocator<char>> const&, Kokkos::SYCL, unsigned long, int, int, int, int, int, TaskStatus dyngr::DynGRMHDPS<Primitive::EOSHybrid<Primitive::NQTLogs>, Primitive::ResetFloor>::CalcFluxes<(DynGRMHD_RSolver)0>(Driver*, int)::'lambda0'(Kokkos::Impl::SYCLTeamMember, int, int) const&)::'lambda'(Kokkos::Impl::SYCLTeamMember), Kokkos::TeamPolicy<>, Kokkos::SYCL>::sycl_direct_launch<Kokkos::Impl::SYCLFunctionWrapper<void par_for_outer<TaskStatus dyngr::DynGRMHDPS<Primitive::EOSHybrid<Primitive::NQTLogs>, Primitive::ResetFloor>::CalcFluxes<(DynGRMHD_RSolver)0>(Driver*, int)::'lambda0'(Kokkos::Impl::SYCLTeamMember, int, int)>(std::__cxx11::basic_string<char, std::char_traits<char>, std::allocator<char>> const&, Kokkos::SYCL, unsigned long, int, int, int, int, int, TaskStatus dyngr::DynGRMHDPS<Primitive::EOSHybrid<Primitive::NQTLogs>, Primitive::ResetFloor>::CalcFluxes<(DynGRMHD_RSolver)0>(Driver*, int)::'lambda0'(Kokkos::Impl::SYCLTeamMember, int, int) const&)::'lambda'(Kokkos::Impl::SYCLTeamMember), Kokkos::Impl::SYCLInternal::USMObjectMem<(sycl::_V1::usm::alloc)0>, false>>(sycl::_V1::multi_ptr<char, (sycl::_V1::access::address_space)4, (sycl::_V1::access::decorated)2>, TaskStatus dyngr::DynGRMHDPS<Primitive::EOSHybrid<Primitive::NQTLogs>, Primitive::ResetFloor>::CalcFluxes<(DynGRMHD_RSolver)0>(Driver*, int)::'lambda0'(Kokkos::Impl::SYCLTeamMember, int, int) const&, sycl::_V1::event const&) const::'lambda'(sycl::_V1::handler&)::operator()(sycl::_V1::handler&) const::'lambda'(sycl::_V1::nd_item<2>)'

warning: [RetryManager] Start recompilation of the kernel
in kernel: 'typeinfo name for sycl::_V1::event Kokkos::Impl::ParallelFor<void par_for_outer<TaskStatus dyngr::DynGRMHDPS<Primitive::EOSHybrid<Primitive::NQTLogs>, Primitive::ResetFloor>::CalcFluxes<(DynGRMHD_RSolver)1>(Driver*, int)::'lambda'(Kokkos::Impl::SYCLTeamMember, int, int, int)>(std::__cxx11::basic_string<char, std::char_traits<char>, std::allocator<char>> const&, Kokkos::SYCL, unsigned long, int, int, int, int, int, int, int, TaskStatus dyngr::DynGRMHDPS<Primitive::EOSHybrid<Primitive::NQTLogs>, Primitive::ResetFloor>::CalcFluxes<(DynGRMHD_RSolver)1>(Driver*, int)::'lambda'(Kokkos::Impl::SYCLTeamMember, int, int, int) const&)::'lambda'(Kokkos::Impl::SYCLTeamMember), Kokkos::TeamPolicy<>, Kokkos::SYCL>::sycl_direct_launch<Kokkos::Impl::SYCLFunctionWrapper<void par_for_outer<TaskStatus dyngr::DynGRMHDPS<Primitive::EOSHybrid<Primitive::NQTLogs>, Primitive::ResetFloor>::CalcFluxes<(DynGRMHD_RSolver)1>(Driver*, int)::'lambda'(Kokkos::Impl::SYCLTeamMember, int, int, int)>(std::__cxx11::basic_string<char, std::char_traits<char>, std::allocator<char>> const&, Kokkos::SYCL, unsigned long, int, int, int, int, int, int, int, TaskStatus dyngr::DynGRMHDPS<Primitive::EOSHybrid<Primitive::NQTLogs>, Primitive::ResetFloor>::CalcFluxes<(DynGRMHD_RSolver)1>(Driver*, int)::'lambda'(Kokkos::Impl::SYCLTeamMember, int, int, int) const&)::'lambda'(Kokkos::Impl::SYCLTeamMember), Kokkos::Impl::SYCLInternal::USMObjectMem<(sycl::_V1::usm::alloc)0>, false>>(sycl::_V1::multi_ptr<char, (sycl::_V1::access::address_space)4, (sycl::_V1::access::decorated)2>, TaskStatus dyngr::DynGRMHDPS<Primitive::EOSHybrid<Primitive::NQTLogs>, Primitive::ResetFloor>::CalcFluxes<(DynGRMHD_RSolver)1>(Driver*, int)::'lambda'(Kokkos::Impl::SYCLTeamMember, int, int, int) const&, sycl::_V1::event const&) const::'lambda'(sycl::_V1::handler&)::operator()(sycl::_V1::handler&) const::'lambda'(sycl::_V1::nd_item<2>)'

warning: [RetryManager] Start recompilation of the kernel
in kernel: 'typeinfo name for sycl::_V1::event Kokkos::Impl::ParallelFor<void par_for_outer<TaskStatus dyngr::DynGRMHDPS<Primitive::EOSHybrid<Primitive::NQTLogs>, Primitive::ResetFloor>::CalcFluxes<(DynGRMHD_RSolver)1>(Driver*, int)::'lambda'(Kokkos::Impl::SYCLTeamMember, int, int)>(std::__cxx11::basic_string<char, std::char_traits<char>, std::allocator<char>> const&, Kokkos::SYCL, unsigned long, int, int, int, int, int, TaskStatus dyngr::DynGRMHDPS<Primitive::EOSHybrid<Primitive::NQTLogs>, Primitive::ResetFloor>::CalcFluxes<(DynGRMHD_RSolver)1>(Driver*, int)::'lambda'(Kokkos::Impl::SYCLTeamMember, int, int) const&)::'lambda'(Kokkos::Impl::SYCLTeamMember), Kokkos::TeamPolicy<>, Kokkos::SYCL>::sycl_direct_launch<Kokkos::Impl::SYCLFunctionWrapper<void par_for_outer<TaskStatus dyngr::DynGRMHDPS<Primitive::EOSHybrid<Primitive::NQTLogs>, Primitive::ResetFloor>::CalcFluxes<(DynGRMHD_RSolver)1>(Driver*, int)::'lambda'(Kokkos::Impl::SYCLTeamMember, int, int)>(std::__cxx11::basic_string<char, std::char_traits<char>, std::allocator<char>> const&, Kokkos::SYCL, unsigned long, int, int, int, int, int, TaskStatus dyngr::DynGRMHDPS<Primitive::EOSHybrid<Primitive::NQTLogs>, Primitive::ResetFloor>::CalcFluxes<(DynGRMHD_RSolver)1>(Driver*, int)::'lambda'(Kokkos::Impl::SYCLTeamMember, int, int) const&)::'lambda'(Kokkos::Impl::SYCLTeamMember), Kokkos::Impl::SYCLInternal::USMObjectMem<(sycl::_V1::usm::alloc)0>, false>>(sycl::_V1::multi_ptr<char, (sycl::_V1::access::address_space)4, (sycl::_V1::access::decorated)2>, TaskStatus dyngr::DynGRMHDPS<Primitive::EOSHybrid<Primitive::NQTLogs>, Primitive::ResetFloor>::CalcFluxes<(DynGRMHD_RSolver)1>(Driver*, int)::'lambda'(Kokkos::Impl::SYCLTeamMember, int, int) const&, sycl::_V1::event const&) const::'lambda'(sycl::_V1::handler&)::operator()(sycl::_V1::handler&) const::'lambda'(sycl::_V1::nd_item<2>)'

warning: [RetryManager] Start recompilation of the kernel
in kernel: 'typeinfo name for sycl::_V1::event Kokkos::Impl::ParallelFor<void par_for_outer<TaskStatus dyngr::DynGRMHDPS<Primitive::EOSHybrid<Primitive::NQTLogs>, Primitive::ResetFloor>::CalcFluxes<(DynGRMHD_RSolver)1>(Driver*, int)::'lambda0'(Kokkos::Impl::SYCLTeamMember, int, int)>(std::__cxx11::basic_string<char, std::char_traits<char>, std::allocator<char>> const&, Kokkos::SYCL, unsigned long, int, int, int, int, int, TaskStatus dyngr::DynGRMHDPS<Primitive::EOSHybrid<Primitive::NQTLogs>, Primitive::ResetFloor>::CalcFluxes<(DynGRMHD_RSolver)1>(Driver*, int)::'lambda0'(Kokkos::Impl::SYCLTeamMember, int, int) const&)::'lambda'(Kokkos::Impl::SYCLTeamMember), Kokkos::TeamPolicy<>, Kokkos::SYCL>::sycl_direct_launch<Kokkos::Impl::SYCLFunctionWrapper<void par_for_outer<TaskStatus dyngr::DynGRMHDPS<Primitive::EOSHybrid<Primitive::NQTLogs>, Primitive::ResetFloor>::CalcFluxes<(DynGRMHD_RSolver)1>(Driver*, int)::'lambda0'(Kokkos::Impl::SYCLTeamMember, int, int)>(std::__cxx11::basic_string<char, std::char_traits<char>, std::allocator<char>> const&, Kokkos::SYCL, unsigned long, int, int, int, int, int, TaskStatus dyngr::DynGRMHDPS<Primitive::EOSHybrid<Primitive::NQTLogs>, Primitive::ResetFloor>::CalcFluxes<(DynGRMHD_RSolver)1>(Driver*, int)::'lambda0'(Kokkos::Impl::SYCLTeamMember, int, int) const&)::'lambda'(Kokkos::Impl::SYCLTeamMember), Kokkos::Impl::SYCLInternal::USMObjectMem<(sycl::_V1::usm::alloc)0>, false>>(sycl::_V1::multi_ptr<char, (sycl::_V1::access::address_space)4, (sycl::_V1::access::decorated)2>, TaskStatus dyngr::DynGRMHDPS<Primitive::EOSHybrid<Primitive::NQTLogs>, Primitive::ResetFloor>::CalcFluxes<(DynGRMHD_RSolver)1>(Driver*, int)::'lambda0'(Kokkos::Impl::SYCLTeamMember, int, int) const&, sycl::_V1::event const&) const::'lambda'(sycl::_V1::handler&)::operator()(sycl::_V1::handler&) const::'lambda'(sycl::_V1::nd_item<2>)'

warning: Adding 113 occurrences of additional control flow due to presence of generic address space operations
in function _ZTSZZNK6Kokkos4Impl11ParallelForIZ13par_for_outerIZN5dyngr10DynGRMHDPSIN9Primitive8IdealGasENS5_10ResetFloorEE10CalcFluxesIL16DynGRMHD_RSolver0EEE10TaskStatusP6DriveriEUlNS0_14SYCLTeamMemberEiiiE_EvRKNSt7__cxx1112basic_stringIcSt11char_traitsIcESaIcEEENS_4SYCLEmiiiiiiiRKT_EUlSE_E_NS_10TeamPolicyIJEEESO_E18sycl_direct_launchINS0_19SYCLFunctionWrapperISS_NS0_12SYCLInternal12USMObjectMemILN4sycl3_V13usm5allocE0EEELb0EEEEENS11_5eventENS11_9multi_ptrIcLNS11_6access13address_spaceE4ELNS18_9decoratedE2EEESR_RKS16_ENKUlRNS11_7handlerEE_clES1F_EUlNS11_7nd_itemILi2EEEE_ (Enable PrintVerboseGenericControlFlowLog flag to acquire detailed log. Requires debuginfo!)

warning: Adding 113 occurrences of additional control flow due to presence of generic address space operations
in function _ZTSZZNK6Kokkos4Impl11ParallelForIZ13par_for_outerIZN5dyngr10DynGRMHDPSIN9Primitive8IdealGasENS5_10ResetFloorEE10CalcFluxesIL16DynGRMHD_RSolver0EEE10TaskStatusP6DriveriEUlNS0_14SYCLTeamMemberEiiE_EvRKNSt7__cxx1112basic_stringIcSt11char_traitsIcESaIcEEENS_4SYCLEmiiiiiRKT_EUlSE_E_NS_10TeamPolicyIJEEESO_E18sycl_direct_launchINS0_19SYCLFunctionWrapperISS_NS0_12SYCLInternal12USMObjectMemILN4sycl3_V13usm5allocE0EEELb0EEEEENS11_5eventENS11_9multi_ptrIcLNS11_6access13address_spaceE4ELNS18_9decoratedE2EEESR_RKS16_ENKUlRNS11_7handlerEE_clES1F_EUlNS11_7nd_itemILi2EEEE_ (Enable PrintVerboseGenericControlFlowLog flag to acquire detailed log. Requires debuginfo!)

warning: Adding 113 occurrences of additional control flow due to presence of generic address space operations
in function _ZTSZZNK6Kokkos4Impl11ParallelForIZ13par_for_outerIZN5dyngr10DynGRMHDPSIN9Primitive8IdealGasENS5_10ResetFloorEE10CalcFluxesIL16DynGRMHD_RSolver0EEE10TaskStatusP6DriveriEUlNS0_14SYCLTeamMemberEiiE0_EvRKNSt7__cxx1112basic_stringIcSt11char_traitsIcESaIcEEENS_4SYCLEmiiiiiRKT_EUlSE_E_NS_10TeamPolicyIJEEESO_E18sycl_direct_launchINS0_19SYCLFunctionWrapperISS_NS0_12SYCLInternal12USMObjectMemILN4sycl3_V13usm5allocE0EEELb0EEEEENS11_5eventENS11_9multi_ptrIcLNS11_6access13address_spaceE4ELNS18_9decoratedE2EEESR_RKS16_ENKUlRNS11_7handlerEE_clES1F_EUlNS11_7nd_itemILi2EEEE_ (Enable PrintVerboseGenericControlFlowLog flag to acquire detailed log. Requires debuginfo!)

warning: Adding 113 occurrences of additional control flow due to presence of generic address space operations
in function _ZTSZZNK6Kokkos4Impl11ParallelForIZ13par_for_outerIZN5dyngr10DynGRMHDPSIN9Primitive8IdealGasENS5_10ResetFloorEE10CalcFluxesIL16DynGRMHD_RSolver1EEE10TaskStatusP6DriveriEUlNS0_14SYCLTeamMemberEiiiE_EvRKNSt7__cxx1112basic_stringIcSt11char_traitsIcESaIcEEENS_4SYCLEmiiiiiiiRKT_EUlSE_E_NS_10TeamPolicyIJEEESO_E18sycl_direct_launchINS0_19SYCLFunctionWrapperISS_NS0_12SYCLInternal12USMObjectMemILN4sycl3_V13usm5allocE0EEELb0EEEEENS11_5eventENS11_9multi_ptrIcLNS11_6access13address_spaceE4ELNS18_9decoratedE2EEESR_RKS16_ENKUlRNS11_7handlerEE_clES1F_EUlNS11_7nd_itemILi2EEEE_ (Enable PrintVerboseGenericControlFlowLog flag to acquire detailed log. Requires debuginfo!)

warning: Adding 113 occurrences of additional control flow due to presence of generic address space operations
in function _ZTSZZNK6Kokkos4Impl11ParallelForIZ13par_for_outerIZN5dyngr10DynGRMHDPSIN9Primitive8IdealGasENS5_10ResetFloorEE10CalcFluxesIL16DynGRMHD_RSolver1EEE10TaskStatusP6DriveriEUlNS0_14SYCLTeamMemberEiiE_EvRKNSt7__cxx1112basic_stringIcSt11char_traitsIcESaIcEEENS_4SYCLEmiiiiiRKT_EUlSE_E_NS_10TeamPolicyIJEEESO_E18sycl_direct_launchINS0_19SYCLFunctionWrapperISS_NS0_12SYCLInternal12USMObjectMemILN4sycl3_V13usm5allocE0EEELb0EEEEENS11_5eventENS11_9multi_ptrIcLNS11_6access13address_spaceE4ELNS18_9decoratedE2EEESR_RKS16_ENKUlRNS11_7handlerEE_clES1F_EUlNS11_7nd_itemILi2EEEE_ (Enable PrintVerboseGenericControlFlowLog flag to acquire detailed log. Requires debuginfo!)

warning: Adding 113 occurrences of additional control flow due to presence of generic address space operations
in function _ZTSZZNK6Kokkos4Impl11ParallelForIZ13par_for_outerIZN5dyngr10DynGRMHDPSIN9Primitive8IdealGasENS5_10ResetFloorEE10CalcFluxesIL16DynGRMHD_RSolver1EEE10TaskStatusP6DriveriEUlNS0_14SYCLTeamMemberEiiE0_EvRKNSt7__cxx1112basic_stringIcSt11char_traitsIcESaIcEEENS_4SYCLEmiiiiiRKT_EUlSE_E_NS_10TeamPolicyIJEEESO_E18sycl_direct_launchINS0_19SYCLFunctionWrapperISS_NS0_12SYCLInternal12USMObjectMemILN4sycl3_V13usm5allocE0EEELb0EEEEENS11_5eventENS11_9multi_ptrIcLNS11_6access13address_spaceE4ELNS18_9decoratedE2EEESR_RKS16_ENKUlRNS11_7handlerEE_clES1F_EUlNS11_7nd_itemILi2EEEE_ (Enable PrintVerboseGenericControlFlowLog flag to acquire detailed log. Requires debuginfo!)

warning: Adding 113 occurrences of additional control flow due to presence of generic address space operations
in function _ZTSZZNK6Kokkos4Impl11ParallelForIZ13par_for_outerIZN5dyngr10DynGRMHDPSIN9Primitive18PiecewisePolytropeENS5_10ResetFloorEE10CalcFluxesIL16DynGRMHD_RSolver0EEE10TaskStatusP6DriveriEUlNS0_14SYCLTeamMemberEiiiE_EvRKNSt7__cxx1112basic_stringIcSt11char_traitsIcESaIcEEENS_4SYCLEmiiiiiiiRKT_EUlSE_E_NS_10TeamPolicyIJEEESO_E18sycl_direct_launchINS0_19SYCLFunctionWrapperISS_NS0_12SYCLInternal12USMObjectMemILN4sycl3_V13usm5allocE0EEELb0EEEEENS11_5eventENS11_9multi_ptrIcLNS11_6access13address_spaceE4ELNS18_9decoratedE2EEESR_RKS16_ENKUlRNS11_7handlerEE_clES1F_EUlNS11_7nd_itemILi2EEEE_ (Enable PrintVerboseGenericControlFlowLog flag to acquire detailed log. Requires debuginfo!)

warning: Adding 113 occurrences of additional control flow due to presence of generic address space operations
in function _ZTSZZNK6Kokkos4Impl11ParallelForIZ13par_for_outerIZN5dyngr10DynGRMHDPSIN9Primitive18PiecewisePolytropeENS5_10ResetFloorEE10CalcFluxesIL16DynGRMHD_RSolver0EEE10TaskStatusP6DriveriEUlNS0_14SYCLTeamMemberEiiE_EvRKNSt7__cxx1112basic_stringIcSt11char_traitsIcESaIcEEENS_4SYCLEmiiiiiRKT_EUlSE_E_NS_10TeamPolicyIJEEESO_E18sycl_direct_launchINS0_19SYCLFunctionWrapperISS_NS0_12SYCLInternal12USMObjectMemILN4sycl3_V13usm5allocE0EEELb0EEEEENS11_5eventENS11_9multi_ptrIcLNS11_6access13address_spaceE4ELNS18_9decoratedE2EEESR_RKS16_ENKUlRNS11_7handlerEE_clES1F_EUlNS11_7nd_itemILi2EEEE_ (Enable PrintVerboseGenericControlFlowLog flag to acquire detailed log. Requires debuginfo!)

warning: Adding 113 occurrences of additional control flow due to presence of generic address space operations
in function _ZTSZZNK6Kokkos4Impl11ParallelForIZ13par_for_outerIZN5dyngr10DynGRMHDPSIN9Primitive18PiecewisePolytropeENS5_10ResetFloorEE10CalcFluxesIL16DynGRMHD_RSolver0EEE10TaskStatusP6DriveriEUlNS0_14SYCLTeamMemberEiiE0_EvRKNSt7__cxx1112basic_stringIcSt11char_traitsIcESaIcEEENS_4SYCLEmiiiiiRKT_EUlSE_E_NS_10TeamPolicyIJEEESO_E18sycl_direct_launchINS0_19SYCLFunctionWrapperISS_NS0_12SYCLInternal12USMObjectMemILN4sycl3_V13usm5allocE0EEELb0EEEEENS11_5eventENS11_9multi_ptrIcLNS11_6access13address_spaceE4ELNS18_9decoratedE2EEESR_RKS16_ENKUlRNS11_7handlerEE_clES1F_EUlNS11_7nd_itemILi2EEEE_ (Enable PrintVerboseGenericControlFlowLog flag to acquire detailed log. Requires debuginfo!)

warning: Adding 113 occurrences of additional control flow due to presence of generic address space operations
in function _ZTSZZNK6Kokkos4Impl11ParallelForIZ13par_for_outerIZN5dyngr10DynGRMHDPSIN9Primitive18PiecewisePolytropeENS5_10ResetFloorEE10CalcFluxesIL16DynGRMHD_RSolver1EEE10TaskStatusP6DriveriEUlNS0_14SYCLTeamMemberEiiiE_EvRKNSt7__cxx1112basic_stringIcSt11char_traitsIcESaIcEEENS_4SYCLEmiiiiiiiRKT_EUlSE_E_NS_10TeamPolicyIJEEESO_E18sycl_direct_launchINS0_19SYCLFunctionWrapperISS_NS0_12SYCLInternal12USMObjectMemILN4sycl3_V13usm5allocE0EEELb0EEEEENS11_5eventENS11_9multi_ptrIcLNS11_6access13address_spaceE4ELNS18_9decoratedE2EEESR_RKS16_ENKUlRNS11_7handlerEE_clES1F_EUlNS11_7nd_itemILi2EEEE_ (Enable PrintVerboseGenericControlFlowLog flag to acquire detailed log. Requires debuginfo!)

warning: Adding 113 occurrences of additional control flow due to presence of generic address space operations
in function _ZTSZZNK6Kokkos4Impl11ParallelForIZ13par_for_outerIZN5dyngr10DynGRMHDPSIN9Primitive18PiecewisePolytropeENS5_10ResetFloorEE10CalcFluxesIL16DynGRMHD_RSolver1EEE10TaskStatusP6DriveriEUlNS0_14SYCLTeamMemberEiiE_EvRKNSt7__cxx1112basic_stringIcSt11char_traitsIcESaIcEEENS_4SYCLEmiiiiiRKT_EUlSE_E_NS_10TeamPolicyIJEEESO_E18sycl_direct_launchINS0_19SYCLFunctionWrapperISS_NS0_12SYCLInternal12USMObjectMemILN4sycl3_V13usm5allocE0EEELb0EEEEENS11_5eventENS11_9multi_ptrIcLNS11_6access13address_spaceE4ELNS18_9decoratedE2EEESR_RKS16_ENKUlRNS11_7handlerEE_clES1F_EUlNS11_7nd_itemILi2EEEE_ (Enable PrintVerboseGenericControlFlowLog flag to acquire detailed log. Requires debuginfo!)

warning: Adding 113 occurrences of additional control flow due to presence of generic address space operations
in function _ZTSZZNK6Kokkos4Impl11ParallelForIZ13par_for_outerIZN5dyngr10DynGRMHDPSIN9Primitive18PiecewisePolytropeENS5_10ResetFloorEE10CalcFluxesIL16DynGRMHD_RSolver1EEE10TaskStatusP6DriveriEUlNS0_14SYCLTeamMemberEiiE0_EvRKNSt7__cxx1112basic_stringIcSt11char_traitsIcESaIcEEENS_4SYCLEmiiiiiRKT_EUlSE_E_NS_10TeamPolicyIJEEESO_E18sycl_direct_launchINS0_19SYCLFunctionWrapperISS_NS0_12SYCLInternal12USMObjectMemILN4sycl3_V13usm5allocE0EEELb0EEEEENS11_5eventENS11_9multi_ptrIcLNS11_6access13address_spaceE4ELNS18_9decoratedE2EEESR_RKS16_ENKUlRNS11_7handlerEE_clES1F_EUlNS11_7nd_itemILi2EEEE_ (Enable PrintVerboseGenericControlFlowLog flag to acquire detailed log. Requires debuginfo!)

warning: Adding 333 occurrences of additional control flow due to presence of generic address space operations
in function _ZTSZZNK6Kokkos4Impl11ParallelForIZ13par_for_outerIZN5dyngr10DynGRMHDPSIN9Primitive10EOSCompOSEINS5_10NormalLogsEEENS5_10ResetFloorEE10CalcFluxesIL16DynGRMHD_RSolver0EEE10TaskStatusP6DriveriEUlNS0_14SYCLTeamMemberEiiiE_EvRKNSt7__cxx1112basic_stringIcSt11char_traitsIcESaIcEEENS_4SYCLEmiiiiiiiRKT_EUlSG_E_NS_10TeamPolicyIJEEESQ_E18sycl_direct_launchINS0_19SYCLFunctionWrapperISU_NS0_12SYCLInternal12USMObjectMemILN4sycl3_V13usm5allocE0EEELb0EEEEENS13_5eventENS13_9multi_ptrIcLNS13_6access13address_spaceE4ELNS1A_9decoratedE2EEEST_RKS18_ENKUlRNS13_7handlerEE_clES1H_EUlNS13_7nd_itemILi2EEEE_ (Enable PrintVerboseGenericControlFlowLog flag to acquire detailed log. Requires debuginfo!)

warning: Adding 333 occurrences of additional control flow due to presence of generic address space operations
in function _ZTSZZNK6Kokkos4Impl11ParallelForIZ13par_for_outerIZN5dyngr10DynGRMHDPSIN9Primitive10EOSCompOSEINS5_10NormalLogsEEENS5_10ResetFloorEE10CalcFluxesIL16DynGRMHD_RSolver0EEE10TaskStatusP6DriveriEUlNS0_14SYCLTeamMemberEiiE_EvRKNSt7__cxx1112basic_stringIcSt11char_traitsIcESaIcEEENS_4SYCLEmiiiiiRKT_EUlSG_E_NS_10TeamPolicyIJEEESQ_E18sycl_direct_launchINS0_19SYCLFunctionWrapperISU_NS0_12SYCLInternal12USMObjectMemILN4sycl3_V13usm5allocE0EEELb0EEEEENS13_5eventENS13_9multi_ptrIcLNS13_6access13address_spaceE4ELNS1A_9decoratedE2EEEST_RKS18_ENKUlRNS13_7handlerEE_clES1H_EUlNS13_7nd_itemILi2EEEE_ (Enable PrintVerboseGenericControlFlowLog flag to acquire detailed log. Requires debuginfo!)

warning: Adding 333 occurrences of additional control flow due to presence of generic address space operations
in function _ZTSZZNK6Kokkos4Impl11ParallelForIZ13par_for_outerIZN5dyngr10DynGRMHDPSIN9Primitive10EOSCompOSEINS5_10NormalLogsEEENS5_10ResetFloorEE10CalcFluxesIL16DynGRMHD_RSolver0EEE10TaskStatusP6DriveriEUlNS0_14SYCLTeamMemberEiiE0_EvRKNSt7__cxx1112basic_stringIcSt11char_traitsIcESaIcEEENS_4SYCLEmiiiiiRKT_EUlSG_E_NS_10TeamPolicyIJEEESQ_E18sycl_direct_launchINS0_19SYCLFunctionWrapperISU_NS0_12SYCLInternal12USMObjectMemILN4sycl3_V13usm5allocE0EEELb0EEEEENS13_5eventENS13_9multi_ptrIcLNS13_6access13address_spaceE4ELNS1A_9decoratedE2EEEST_RKS18_ENKUlRNS13_7handlerEE_clES1H_EUlNS13_7nd_itemILi2EEEE_ (Enable PrintVerboseGenericControlFlowLog flag to acquire detailed log. Requires debuginfo!)

warning: Adding 333 occurrences of additional control flow due to presence of generic address space operations
in function _ZTSZZNK6Kokkos4Impl11ParallelForIZ13par_for_outerIZN5dyngr10DynGRMHDPSIN9Primitive10EOSCompOSEINS5_10NormalLogsEEENS5_10ResetFloorEE10CalcFluxesIL16DynGRMHD_RSolver1EEE10TaskStatusP6DriveriEUlNS0_14SYCLTeamMemberEiiiE_EvRKNSt7__cxx1112basic_stringIcSt11char_traitsIcESaIcEEENS_4SYCLEmiiiiiiiRKT_EUlSG_E_NS_10TeamPolicyIJEEESQ_E18sycl_direct_launchINS0_19SYCLFunctionWrapperISU_NS0_12SYCLInternal12USMObjectMemILN4sycl3_V13usm5allocE0EEELb0EEEEENS13_5eventENS13_9multi_ptrIcLNS13_6access13address_spaceE4ELNS1A_9decoratedE2EEEST_RKS18_ENKUlRNS13_7handlerEE_clES1H_EUlNS13_7nd_itemILi2EEEE_ (Enable PrintVerboseGenericControlFlowLog flag to acquire detailed log. Requires debuginfo!)

warning: Adding 333 occurrences of additional control flow due to presence of generic address space operations
in function _ZTSZZNK6Kokkos4Impl11ParallelForIZ13par_for_outerIZN5dyngr10DynGRMHDPSIN9Primitive10EOSCompOSEINS5_10NormalLogsEEENS5_10ResetFloorEE10CalcFluxesIL16DynGRMHD_RSolver1EEE10TaskStatusP6DriveriEUlNS0_14SYCLTeamMemberEiiE_EvRKNSt7__cxx1112basic_stringIcSt11char_traitsIcESaIcEEENS_4SYCLEmiiiiiRKT_EUlSG_E_NS_10TeamPolicyIJEEESQ_E18sycl_direct_launchINS0_19SYCLFunctionWrapperISU_NS0_12SYCLInternal12USMObjectMemILN4sycl3_V13usm5allocE0EEELb0EEEEENS13_5eventENS13_9multi_ptrIcLNS13_6access13address_spaceE4ELNS1A_9decoratedE2EEEST_RKS18_ENKUlRNS13_7handlerEE_clES1H_EUlNS13_7nd_itemILi2EEEE_ (Enable PrintVerboseGenericControlFlowLog flag to acquire detailed log. Requires debuginfo!)

warning: Adding 333 occurrences of additional control flow due to presence of generic address space operations
in function _ZTSZZNK6Kokkos4Impl11ParallelForIZ13par_for_outerIZN5dyngr10DynGRMHDPSIN9Primitive10EOSCompOSEINS5_10NormalLogsEEENS5_10ResetFloorEE10CalcFluxesIL16DynGRMHD_RSolver1EEE10TaskStatusP6DriveriEUlNS0_14SYCLTeamMemberEiiE0_EvRKNSt7__cxx1112basic_stringIcSt11char_traitsIcESaIcEEENS_4SYCLEmiiiiiRKT_EUlSG_E_NS_10TeamPolicyIJEEESQ_E18sycl_direct_launchINS0_19SYCLFunctionWrapperISU_NS0_12SYCLInternal12USMObjectMemILN4sycl3_V13usm5allocE0EEELb0EEEEENS13_5eventENS13_9multi_ptrIcLNS13_6access13address_spaceE4ELNS1A_9decoratedE2EEEST_RKS18_ENKUlRNS13_7handlerEE_clES1H_EUlNS13_7nd_itemILi2EEEE_ (Enable PrintVerboseGenericControlFlowLog flag to acquire detailed log. Requires debuginfo!)

warning: Adding 329 occurrences of additional control flow due to presence of generic address space operations
in function _ZTSZZNK6Kokkos4Impl11ParallelForIZ13par_for_outerIZN5dyngr10DynGRMHDPSIN9Primitive10EOSCompOSEINS5_7NQTLogsEEENS5_10ResetFloorEE10CalcFluxesIL16DynGRMHD_RSolver0EEE10TaskStatusP6DriveriEUlNS0_14SYCLTeamMemberEiiiE_EvRKNSt7__cxx1112basic_stringIcSt11char_traitsIcESaIcEEENS_4SYCLEmiiiiiiiRKT_EUlSG_E_NS_10TeamPolicyIJEEESQ_E18sycl_direct_launchINS0_19SYCLFunctionWrapperISU_NS0_12SYCLInternal12USMObjectMemILN4sycl3_V13usm5allocE0EEELb0EEEEENS13_5eventENS13_9multi_ptrIcLNS13_6access13address_spaceE4ELNS1A_9decoratedE2EEEST_RKS18_ENKUlRNS13_7handlerEE_clES1H_EUlNS13_7nd_itemILi2EEEE_ (Enable PrintVerboseGenericControlFlowLog flag to acquire detailed log. Requires debuginfo!)

warning: Adding 329 occurrences of additional control flow due to presence of generic address space operations
in function _ZTSZZNK6Kokkos4Impl11ParallelForIZ13par_for_outerIZN5dyngr10DynGRMHDPSIN9Primitive10EOSCompOSEINS5_7NQTLogsEEENS5_10ResetFloorEE10CalcFluxesIL16DynGRMHD_RSolver0EEE10TaskStatusP6DriveriEUlNS0_14SYCLTeamMemberEiiE_EvRKNSt7__cxx1112basic_stringIcSt11char_traitsIcESaIcEEENS_4SYCLEmiiiiiRKT_EUlSG_E_NS_10TeamPolicyIJEEESQ_E18sycl_direct_launchINS0_19SYCLFunctionWrapperISU_NS0_12SYCLInternal12USMObjectMemILN4sycl3_V13usm5allocE0EEELb0EEEEENS13_5eventENS13_9multi_ptrIcLNS13_6access13address_spaceE4ELNS1A_9decoratedE2EEEST_RKS18_ENKUlRNS13_7handlerEE_clES1H_EUlNS13_7nd_itemILi2EEEE_ (Enable PrintVerboseGenericControlFlowLog flag to acquire detailed log. Requires debuginfo!)

warning: Adding 329 occurrences of additional control flow due to presence of generic address space operations
in function _ZTSZZNK6Kokkos4Impl11ParallelForIZ13par_for_outerIZN5dyngr10DynGRMHDPSIN9Primitive10EOSCompOSEINS5_7NQTLogsEEENS5_10ResetFloorEE10CalcFluxesIL16DynGRMHD_RSolver0EEE10TaskStatusP6DriveriEUlNS0_14SYCLTeamMemberEiiE0_EvRKNSt7__cxx1112basic_stringIcSt11char_traitsIcESaIcEEENS_4SYCLEmiiiiiRKT_EUlSG_E_NS_10TeamPolicyIJEEESQ_E18sycl_direct_launchINS0_19SYCLFunctionWrapperISU_NS0_12SYCLInternal12USMObjectMemILN4sycl3_V13usm5allocE0EEELb0EEEEENS13_5eventENS13_9multi_ptrIcLNS13_6access13address_spaceE4ELNS1A_9decoratedE2EEEST_RKS18_ENKUlRNS13_7handlerEE_clES1H_EUlNS13_7nd_itemILi2EEEE_ (Enable PrintVerboseGenericControlFlowLog flag to acquire detailed log. Requires debuginfo!)

warning: Adding 329 occurrences of additional control flow due to presence of generic address space operations
in function _ZTSZZNK6Kokkos4Impl11ParallelForIZ13par_for_outerIZN5dyngr10DynGRMHDPSIN9Primitive10EOSCompOSEINS5_7NQTLogsEEENS5_10ResetFloorEE10CalcFluxesIL16DynGRMHD_RSolver1EEE10TaskStatusP6DriveriEUlNS0_14SYCLTeamMemberEiiiE_EvRKNSt7__cxx1112basic_stringIcSt11char_traitsIcESaIcEEENS_4SYCLEmiiiiiiiRKT_EUlSG_E_NS_10TeamPolicyIJEEESQ_E18sycl_direct_launchINS0_19SYCLFunctionWrapperISU_NS0_12SYCLInternal12USMObjectMemILN4sycl3_V13usm5allocE0EEELb0EEEEENS13_5eventENS13_9multi_ptrIcLNS13_6access13address_spaceE4ELNS1A_9decoratedE2EEEST_RKS18_ENKUlRNS13_7handlerEE_clES1H_EUlNS13_7nd_itemILi2EEEE_ (Enable PrintVerboseGenericControlFlowLog flag to acquire detailed log. Requires debuginfo!)

warning: Adding 329 occurrences of additional control flow due to presence of generic address space operations
in function _ZTSZZNK6Kokkos4Impl11ParallelForIZ13par_for_outerIZN5dyngr10DynGRMHDPSIN9Primitive10EOSCompOSEINS5_7NQTLogsEEENS5_10ResetFloorEE10CalcFluxesIL16DynGRMHD_RSolver1EEE10TaskStatusP6DriveriEUlNS0_14SYCLTeamMemberEiiE_EvRKNSt7__cxx1112basic_stringIcSt11char_traitsIcESaIcEEENS_4SYCLEmiiiiiRKT_EUlSG_E_NS_10TeamPolicyIJEEESQ_E18sycl_direct_launchINS0_19SYCLFunctionWrapperISU_NS0_12SYCLInternal12USMObjectMemILN4sycl3_V13usm5allocE0EEELb0EEEEENS13_5eventENS13_9multi_ptrIcLNS13_6access13address_spaceE4ELNS1A_9decoratedE2EEEST_RKS18_ENKUlRNS13_7handlerEE_clES1H_EUlNS13_7nd_itemILi2EEEE_ (Enable PrintVerboseGenericControlFlowLog flag to acquire detailed log. Requires debuginfo!)

warning: Adding 329 occurrences of additional control flow due to presence of generic address space operations
in function _ZTSZZNK6Kokkos4Impl11ParallelForIZ13par_for_outerIZN5dyngr10DynGRMHDPSIN9Primitive10EOSCompOSEINS5_7NQTLogsEEENS5_10ResetFloorEE10CalcFluxesIL16DynGRMHD_RSolver1EEE10TaskStatusP6DriveriEUlNS0_14SYCLTeamMemberEiiE0_EvRKNSt7__cxx1112basic_stringIcSt11char_traitsIcESaIcEEENS_4SYCLEmiiiiiRKT_EUlSG_E_NS_10TeamPolicyIJEEESQ_E18sycl_direct_launchINS0_19SYCLFunctionWrapperISU_NS0_12SYCLInternal12USMObjectMemILN4sycl3_V13usm5allocE0EEELb0EEEEENS13_5eventENS13_9multi_ptrIcLNS13_6access13address_spaceE4ELNS1A_9decoratedE2EEEST_RKS18_ENKUlRNS13_7handlerEE_clES1H_EUlNS13_7nd_itemILi2EEEE_ (Enable PrintVerboseGenericControlFlowLog flag to acquire detailed log. Requires debuginfo!)

warning: Adding 161 occurrences of additional control flow due to presence of generic address space operations
in function _ZTSZZNK6Kokkos4Impl11ParallelForIZ13par_for_outerIZN5dyngr10DynGRMHDPSIN9Primitive9EOSHybridINS5_10NormalLogsEEENS5_10ResetFloorEE10CalcFluxesIL16DynGRMHD_RSolver0EEE10TaskStatusP6DriveriEUlNS0_14SYCLTeamMemberEiiiE_EvRKNSt7__cxx1112basic_stringIcSt11char_traitsIcESaIcEEENS_4SYCLEmiiiiiiiRKT_EUlSG_E_NS_10TeamPolicyIJEEESQ_E18sycl_direct_launchINS0_19SYCLFunctionWrapperISU_NS0_12SYCLInternal12USMObjectMemILN4sycl3_V13usm5allocE0EEELb0EEEEENS13_5eventENS13_9multi_ptrIcLNS13_6access13address_spaceE4ELNS1A_9decoratedE2EEEST_RKS18_ENKUlRNS13_7handlerEE_clES1H_EUlNS13_7nd_itemILi2EEEE_ (Enable PrintVerboseGenericControlFlowLog flag to acquire detailed log. Requires debuginfo!)

warning: Adding 161 occurrences of additional control flow due to presence of generic address space operations
in function _ZTSZZNK6Kokkos4Impl11ParallelForIZ13par_for_outerIZN5dyngr10DynGRMHDPSIN9Primitive9EOSHybridINS5_10NormalLogsEEENS5_10ResetFloorEE10CalcFluxesIL16DynGRMHD_RSolver0EEE10TaskStatusP6DriveriEUlNS0_14SYCLTeamMemberEiiE_EvRKNSt7__cxx1112basic_stringIcSt11char_traitsIcESaIcEEENS_4SYCLEmiiiiiRKT_EUlSG_E_NS_10TeamPolicyIJEEESQ_E18sycl_direct_launchINS0_19SYCLFunctionWrapperISU_NS0_12SYCLInternal12USMObjectMemILN4sycl3_V13usm5allocE0EEELb0EEEEENS13_5eventENS13_9multi_ptrIcLNS13_6access13address_spaceE4ELNS1A_9decoratedE2EEEST_RKS18_ENKUlRNS13_7handlerEE_clES1H_EUlNS13_7nd_itemILi2EEEE_ (Enable PrintVerboseGenericControlFlowLog flag to acquire detailed log. Requires debuginfo!)

warning: Adding 161 occurrences of additional control flow due to presence of generic address space operations
in function _ZTSZZNK6Kokkos4Impl11ParallelForIZ13par_for_outerIZN5dyngr10DynGRMHDPSIN9Primitive9EOSHybridINS5_10NormalLogsEEENS5_10ResetFloorEE10CalcFluxesIL16DynGRMHD_RSolver0EEE10TaskStatusP6DriveriEUlNS0_14SYCLTeamMemberEiiE0_EvRKNSt7__cxx1112basic_stringIcSt11char_traitsIcESaIcEEENS_4SYCLEmiiiiiRKT_EUlSG_E_NS_10TeamPolicyIJEEESQ_E18sycl_direct_launchINS0_19SYCLFunctionWrapperISU_NS0_12SYCLInternal12USMObjectMemILN4sycl3_V13usm5allocE0EEELb0EEEEENS13_5eventENS13_9multi_ptrIcLNS13_6access13address_spaceE4ELNS1A_9decoratedE2EEEST_RKS18_ENKUlRNS13_7handlerEE_clES1H_EUlNS13_7nd_itemILi2EEEE_ (Enable PrintVerboseGenericControlFlowLog flag to acquire detailed log. Requires debuginfo!)

warning: Adding 161 occurrences of additional control flow due to presence of generic address space operations
in function _ZTSZZNK6Kokkos4Impl11ParallelForIZ13par_for_outerIZN5dyngr10DynGRMHDPSIN9Primitive9EOSHybridINS5_10NormalLogsEEENS5_10ResetFloorEE10CalcFluxesIL16DynGRMHD_RSolver1EEE10TaskStatusP6DriveriEUlNS0_14SYCLTeamMemberEiiiE_EvRKNSt7__cxx1112basic_stringIcSt11char_traitsIcESaIcEEENS_4SYCLEmiiiiiiiRKT_EUlSG_E_NS_10TeamPolicyIJEEESQ_E18sycl_direct_launchINS0_19SYCLFunctionWrapperISU_NS0_12SYCLInternal12USMObjectMemILN4sycl3_V13usm5allocE0EEELb0EEEEENS13_5eventENS13_9multi_ptrIcLNS13_6access13address_spaceE4ELNS1A_9decoratedE2EEEST_RKS18_ENKUlRNS13_7handlerEE_clES1H_EUlNS13_7nd_itemILi2EEEE_ (Enable PrintVerboseGenericControlFlowLog flag to acquire detailed log. Requires debuginfo!)

warning: Adding 161 occurrences of additional control flow due to presence of generic address space operations
in function _ZTSZZNK6Kokkos4Impl11ParallelForIZ13par_for_outerIZN5dyngr10DynGRMHDPSIN9Primitive9EOSHybridINS5_10NormalLogsEEENS5_10ResetFloorEE10CalcFluxesIL16DynGRMHD_RSolver1EEE10TaskStatusP6DriveriEUlNS0_14SYCLTeamMemberEiiE_EvRKNSt7__cxx1112basic_stringIcSt11char_traitsIcESaIcEEENS_4SYCLEmiiiiiRKT_EUlSG_E_NS_10TeamPolicyIJEEESQ_E18sycl_direct_launchINS0_19SYCLFunctionWrapperISU_NS0_12SYCLInternal12USMObjectMemILN4sycl3_V13usm5allocE0EEELb0EEEEENS13_5eventENS13_9multi_ptrIcLNS13_6access13address_spaceE4ELNS1A_9decoratedE2EEEST_RKS18_ENKUlRNS13_7handlerEE_clES1H_EUlNS13_7nd_itemILi2EEEE_ (Enable PrintVerboseGenericControlFlowLog flag to acquire detailed log. Requires debuginfo!)

warning: Adding 161 occurrences of additional control flow due to presence of generic address space operations
in function _ZTSZZNK6Kokkos4Impl11ParallelForIZ13par_for_outerIZN5dyngr10DynGRMHDPSIN9Primitive9EOSHybridINS5_10NormalLogsEEENS5_10ResetFloorEE10CalcFluxesIL16DynGRMHD_RSolver1EEE10TaskStatusP6DriveriEUlNS0_14SYCLTeamMemberEiiE0_EvRKNSt7__cxx1112basic_stringIcSt11char_traitsIcESaIcEEENS_4SYCLEmiiiiiRKT_EUlSG_E_NS_10TeamPolicyIJEEESQ_E18sycl_direct_launchINS0_19SYCLFunctionWrapperISU_NS0_12SYCLInternal12USMObjectMemILN4sycl3_V13usm5allocE0EEELb0EEEEENS13_5eventENS13_9multi_ptrIcLNS13_6access13address_spaceE4ELNS1A_9decoratedE2EEEST_RKS18_ENKUlRNS13_7handlerEE_clES1H_EUlNS13_7nd_itemILi2EEEE_ (Enable PrintVerboseGenericControlFlowLog flag to acquire detailed log. Requires debuginfo!)

warning: Adding 156 occurrences of additional control flow due to presence of generic address space operations
in function _ZTSZZNK6Kokkos4Impl11ParallelForIZ13par_for_outerIZN5dyngr10DynGRMHDPSIN9Primitive9EOSHybridINS5_7NQTLogsEEENS5_10ResetFloorEE10CalcFluxesIL16DynGRMHD_RSolver0EEE10TaskStatusP6DriveriEUlNS0_14SYCLTeamMemberEiiiE_EvRKNSt7__cxx1112basic_stringIcSt11char_traitsIcESaIcEEENS_4SYCLEmiiiiiiiRKT_EUlSG_E_NS_10TeamPolicyIJEEESQ_E18sycl_direct_launchINS0_19SYCLFunctionWrapperISU_NS0_12SYCLInternal12USMObjectMemILN4sycl3_V13usm5allocE0EEELb0EEEEENS13_5eventENS13_9multi_ptrIcLNS13_6access13address_spaceE4ELNS1A_9decoratedE2EEEST_RKS18_ENKUlRNS13_7handlerEE_clES1H_EUlNS13_7nd_itemILi2EEEE_ (Enable PrintVerboseGenericControlFlowLog flag to acquire detailed log. Requires debuginfo!)

warning: Adding 156 occurrences of additional control flow due to presence of generic address space operations
in function _ZTSZZNK6Kokkos4Impl11ParallelForIZ13par_for_outerIZN5dyngr10DynGRMHDPSIN9Primitive9EOSHybridINS5_7NQTLogsEEENS5_10ResetFloorEE10CalcFluxesIL16DynGRMHD_RSolver0EEE10TaskStatusP6DriveriEUlNS0_14SYCLTeamMemberEiiE_EvRKNSt7__cxx1112basic_stringIcSt11char_traitsIcESaIcEEENS_4SYCLEmiiiiiRKT_EUlSG_E_NS_10TeamPolicyIJEEESQ_E18sycl_direct_launchINS0_19SYCLFunctionWrapperISU_NS0_12SYCLInternal12USMObjectMemILN4sycl3_V13usm5allocE0EEELb0EEEEENS13_5eventENS13_9multi_ptrIcLNS13_6access13address_spaceE4ELNS1A_9decoratedE2EEEST_RKS18_ENKUlRNS13_7handlerEE_clES1H_EUlNS13_7nd_itemILi2EEEE_ (Enable PrintVerboseGenericControlFlowLog flag to acquire detailed log. Requires debuginfo!)

warning: Adding 156 occurrences of additional control flow due to presence of generic address space operations
in function _ZTSZZNK6Kokkos4Impl11ParallelForIZ13par_for_outerIZN5dyngr10DynGRMHDPSIN9Primitive9EOSHybridINS5_7NQTLogsEEENS5_10ResetFloorEE10CalcFluxesIL16DynGRMHD_RSolver0EEE10TaskStatusP6DriveriEUlNS0_14SYCLTeamMemberEiiE0_EvRKNSt7__cxx1112basic_stringIcSt11char_traitsIcESaIcEEENS_4SYCLEmiiiiiRKT_EUlSG_E_NS_10TeamPolicyIJEEESQ_E18sycl_direct_launchINS0_19SYCLFunctionWrapperISU_NS0_12SYCLInternal12USMObjectMemILN4sycl3_V13usm5allocE0EEELb0EEEEENS13_5eventENS13_9multi_ptrIcLNS13_6access13address_spaceE4ELNS1A_9decoratedE2EEEST_RKS18_ENKUlRNS13_7handlerEE_clES1H_EUlNS13_7nd_itemILi2EEEE_ (Enable PrintVerboseGenericControlFlowLog flag to acquire detailed log. Requires debuginfo!)

warning: Adding 156 occurrences of additional control flow due to presence of generic address space operations
in function _ZTSZZNK6Kokkos4Impl11ParallelForIZ13par_for_outerIZN5dyngr10DynGRMHDPSIN9Primitive9EOSHybridINS5_7NQTLogsEEENS5_10ResetFloorEE10CalcFluxesIL16DynGRMHD_RSolver1EEE10TaskStatusP6DriveriEUlNS0_14SYCLTeamMemberEiiiE_EvRKNSt7__cxx1112basic_stringIcSt11char_traitsIcESaIcEEENS_4SYCLEmiiiiiiiRKT_EUlSG_E_NS_10TeamPolicyIJEEESQ_E18sycl_direct_launchINS0_19SYCLFunctionWrapperISU_NS0_12SYCLInternal12USMObjectMemILN4sycl3_V13usm5allocE0EEELb0EEEEENS13_5eventENS13_9multi_ptrIcLNS13_6access13address_spaceE4ELNS1A_9decoratedE2EEEST_RKS18_ENKUlRNS13_7handlerEE_clES1H_EUlNS13_7nd_itemILi2EEEE_ (Enable PrintVerboseGenericControlFlowLog flag to acquire detailed log. Requires debuginfo!)

warning: Adding 156 occurrences of additional control flow due to presence of generic address space operations
in function _ZTSZZNK6Kokkos4Impl11ParallelForIZ13par_for_outerIZN5dyngr10DynGRMHDPSIN9Primitive9EOSHybridINS5_7NQTLogsEEENS5_10ResetFloorEE10CalcFluxesIL16DynGRMHD_RSolver1EEE10TaskStatusP6DriveriEUlNS0_14SYCLTeamMemberEiiE_EvRKNSt7__cxx1112basic_stringIcSt11char_traitsIcESaIcEEENS_4SYCLEmiiiiiRKT_EUlSG_E_NS_10TeamPolicyIJEEESQ_E18sycl_direct_launchINS0_19SYCLFunctionWrapperISU_NS0_12SYCLInternal12USMObjectMemILN4sycl3_V13usm5allocE0EEELb0EEEEENS13_5eventENS13_9multi_ptrIcLNS13_6access13address_spaceE4ELNS1A_9decoratedE2EEEST_RKS18_ENKUlRNS13_7handlerEE_clES1H_EUlNS13_7nd_itemILi2EEEE_ (Enable PrintVerboseGenericControlFlowLog flag to acquire detailed log. Requires debuginfo!)

warning: Adding 156 occurrences of additional control flow due to presence of generic address space operations
in function _ZTSZZNK6Kokkos4Impl11ParallelForIZ13par_for_outerIZN5dyngr10DynGRMHDPSIN9Primitive9EOSHybridINS5_7NQTLogsEEENS5_10ResetFloorEE10CalcFluxesIL16DynGRMHD_RSolver1EEE10TaskStatusP6DriveriEUlNS0_14SYCLTeamMemberEiiE0_EvRKNSt7__cxx1112basic_stringIcSt11char_traitsIcESaIcEEENS_4SYCLEmiiiiiRKT_EUlSG_E_NS_10TeamPolicyIJEEESQ_E18sycl_direct_launchINS0_19SYCLFunctionWrapperISU_NS0_12SYCLInternal12USMObjectMemILN4sycl3_V13usm5allocE0EEELb0EEEEENS13_5eventENS13_9multi_ptrIcLNS13_6access13address_spaceE4ELNS1A_9decoratedE2EEEST_RKS18_ENKUlRNS13_7handlerEE_clES1H_EUlNS13_7nd_itemILi2EEEE_ (Enable PrintVerboseGenericControlFlowLog flag to acquire detailed log. Requires debuginfo!)

warning: kernel _ZTSZZNK6Kokkos4Impl11ParallelForIZ13par_for_outerIZN5dyngr10DynGRMHDPSIN9Primitive8IdealGasENS5_10ResetFloorEE10CalcFluxesIL16DynGRMHD_RSolver0EEE10TaskStatusP6DriveriEUlNS0_14SYCLTeamMemberEiiiE_EvRKNSt7__cxx1112basic_stringIcSt11char_traitsIcESaIcEEENS_4SYCLEmiiiiiiiRKT_EUlSE_E_NS_10TeamPolicyIJEEESO_E18sycl_direct_launchINS0_19SYCLFunctionWrapperISS_NS0_12SYCLInternal12USMObjectMemILN4sycl3_V13usm5allocE0EEELb0EEEEENS11_5eventENS11_9multi_ptrIcLNS11_6access13address_spaceE4ELNS18_9decoratedE2EEESR_RKS16_ENKUlRNS11_7handlerEE_clES1F_EUlNS11_7nd_itemILi2EEEE_  compiled SIMD32 allocated 256 regs and spilled around 116

warning: kernel _ZTSZZNK6Kokkos4Impl11ParallelForIZ13par_for_outerIZN5dyngr10DynGRMHDPSIN9Primitive8IdealGasENS5_10ResetFloorEE10CalcFluxesIL16DynGRMHD_RSolver0EEE10TaskStatusP6DriveriEUlNS0_14SYCLTeamMemberEiiE_EvRKNSt7__cxx1112basic_stringIcSt11char_traitsIcESaIcEEENS_4SYCLEmiiiiiRKT_EUlSE_E_NS_10TeamPolicyIJEEESO_E18sycl_direct_launchINS0_19SYCLFunctionWrapperISS_NS0_12SYCLInternal12USMObjectMemILN4sycl3_V13usm5allocE0EEELb0EEEEENS11_5eventENS11_9multi_ptrIcLNS11_6access13address_spaceE4ELNS18_9decoratedE2EEESR_RKS16_ENKUlRNS11_7handlerEE_clES1F_EUlNS11_7nd_itemILi2EEEE_  compiled SIMD32 allocated 256 regs and spilled around 165

warning: kernel _ZTSZZNK6Kokkos4Impl11ParallelForIZ13par_for_outerIZN5dyngr10DynGRMHDPSIN9Primitive8IdealGasENS5_10ResetFloorEE10CalcFluxesIL16DynGRMHD_RSolver0EEE10TaskStatusP6DriveriEUlNS0_14SYCLTeamMemberEiiE0_EvRKNSt7__cxx1112basic_stringIcSt11char_traitsIcESaIcEEENS_4SYCLEmiiiiiRKT_EUlSE_E_NS_10TeamPolicyIJEEESO_E18sycl_direct_launchINS0_19SYCLFunctionWrapperISS_NS0_12SYCLInternal12USMObjectMemILN4sycl3_V13usm5allocE0EEELb0EEEEENS11_5eventENS11_9multi_ptrIcLNS11_6access13address_spaceE4ELNS18_9decoratedE2EEESR_RKS16_ENKUlRNS11_7handlerEE_clES1F_EUlNS11_7nd_itemILi2EEEE_  compiled SIMD32 allocated 256 regs and spilled around 157

warning: kernel _ZTSZZNK6Kokkos4Impl11ParallelForIZ13par_for_outerIZN5dyngr10DynGRMHDPSIN9Primitive8IdealGasENS5_10ResetFloorEE10CalcFluxesIL16DynGRMHD_RSolver1EEE10TaskStatusP6DriveriEUlNS0_14SYCLTeamMemberEiiiE_EvRKNSt7__cxx1112basic_stringIcSt11char_traitsIcESaIcEEENS_4SYCLEmiiiiiiiRKT_EUlSE_E_NS_10TeamPolicyIJEEESO_E18sycl_direct_launchINS0_19SYCLFunctionWrapperISS_NS0_12SYCLInternal12USMObjectMemILN4sycl3_V13usm5allocE0EEELb0EEEEENS11_5eventENS11_9multi_ptrIcLNS11_6access13address_spaceE4ELNS18_9decoratedE2EEESR_RKS16_ENKUlRNS11_7handlerEE_clES1F_EUlNS11_7nd_itemILi2EEEE_  compiled SIMD32 allocated 256 regs and spilled around 112

warning: kernel _ZTSZZNK6Kokkos4Impl11ParallelForIZ13par_for_outerIZN5dyngr10DynGRMHDPSIN9Primitive8IdealGasENS5_10ResetFloorEE10CalcFluxesIL16DynGRMHD_RSolver1EEE10TaskStatusP6DriveriEUlNS0_14SYCLTeamMemberEiiE_EvRKNSt7__cxx1112basic_stringIcSt11char_traitsIcESaIcEEENS_4SYCLEmiiiiiRKT_EUlSE_E_NS_10TeamPolicyIJEEESO_E18sycl_direct_launchINS0_19SYCLFunctionWrapperISS_NS0_12SYCLInternal12USMObjectMemILN4sycl3_V13usm5allocE0EEELb0EEEEENS11_5eventENS11_9multi_ptrIcLNS11_6access13address_spaceE4ELNS18_9decoratedE2EEESR_RKS16_ENKUlRNS11_7handlerEE_clES1F_EUlNS11_7nd_itemILi2EEEE_  compiled SIMD32 allocated 256 regs and spilled around 163

warning: kernel _ZTSZZNK6Kokkos4Impl11ParallelForIZ13par_for_outerIZN5dyngr10DynGRMHDPSIN9Primitive8IdealGasENS5_10ResetFloorEE10CalcFluxesIL16DynGRMHD_RSolver1EEE10TaskStatusP6DriveriEUlNS0_14SYCLTeamMemberEiiE0_EvRKNSt7__cxx1112basic_stringIcSt11char_traitsIcESaIcEEENS_4SYCLEmiiiiiRKT_EUlSE_E_NS_10TeamPolicyIJEEESO_E18sycl_direct_launchINS0_19SYCLFunctionWrapperISS_NS0_12SYCLInternal12USMObjectMemILN4sycl3_V13usm5allocE0EEELb0EEEEENS11_5eventENS11_9multi_ptrIcLNS11_6access13address_spaceE4ELNS18_9decoratedE2EEESR_RKS16_ENKUlRNS11_7handlerEE_clES1F_EUlNS11_7nd_itemILi2EEEE_  compiled SIMD32 allocated 256 regs and spilled around 157

warning: kernel _ZTSZZNK6Kokkos4Impl11ParallelForIZ13par_for_outerIZN5dyngr10DynGRMHDPSIN9Primitive18PiecewisePolytropeENS5_10ResetFloorEE10CalcFluxesIL16DynGRMHD_RSolver0EEE10TaskStatusP6DriveriEUlNS0_14SYCLTeamMemberEiiiE_EvRKNSt7__cxx1112basic_stringIcSt11char_traitsIcESaIcEEENS_4SYCLEmiiiiiiiRKT_EUlSE_E_NS_10TeamPolicyIJEEESO_E18sycl_direct_launchINS0_19SYCLFunctionWrapperISS_NS0_12SYCLInternal12USMObjectMemILN4sycl3_V13usm5allocE0EEELb0EEEEENS11_5eventENS11_9multi_ptrIcLNS11_6access13address_spaceE4ELNS18_9decoratedE2EEESR_RKS16_ENKUlRNS11_7handlerEE_clES1F_EUlNS11_7nd_itemILi2EEEE_  compiled SIMD32 allocated 256 regs and spilled around 105

warning: kernel _ZTSZZNK6Kokkos4Impl11ParallelForIZ13par_for_outerIZN5dyngr10DynGRMHDPSIN9Primitive18PiecewisePolytropeENS5_10ResetFloorEE10CalcFluxesIL16DynGRMHD_RSolver0EEE10TaskStatusP6DriveriEUlNS0_14SYCLTeamMemberEiiE_EvRKNSt7__cxx1112basic_stringIcSt11char_traitsIcESaIcEEENS_4SYCLEmiiiiiRKT_EUlSE_E_NS_10TeamPolicyIJEEESO_E18sycl_direct_launchINS0_19SYCLFunctionWrapperISS_NS0_12SYCLInternal12USMObjectMemILN4sycl3_V13usm5allocE0EEELb0EEEEENS11_5eventENS11_9multi_ptrIcLNS11_6access13address_spaceE4ELNS18_9decoratedE2EEESR_RKS16_ENKUlRNS11_7handlerEE_clES1F_EUlNS11_7nd_itemILi2EEEE_  compiled SIMD32 allocated 256 regs and spilled around 130

warning: kernel _ZTSZZNK6Kokkos4Impl11ParallelForIZ13par_for_outerIZN5dyngr10DynGRMHDPSIN9Primitive18PiecewisePolytropeENS5_10ResetFloorEE10CalcFluxesIL16DynGRMHD_RSolver0EEE10TaskStatusP6DriveriEUlNS0_14SYCLTeamMemberEiiE0_EvRKNSt7__cxx1112basic_stringIcSt11char_traitsIcESaIcEEENS_4SYCLEmiiiiiRKT_EUlSE_E_NS_10TeamPolicyIJEEESO_E18sycl_direct_launchINS0_19SYCLFunctionWrapperISS_NS0_12SYCLInternal12USMObjectMemILN4sycl3_V13usm5allocE0EEELb0EEEEENS11_5eventENS11_9multi_ptrIcLNS11_6access13address_spaceE4ELNS18_9decoratedE2EEESR_RKS16_ENKUlRNS11_7handlerEE_clES1F_EUlNS11_7nd_itemILi2EEEE_  compiled SIMD32 allocated 256 regs and spilled around 127

warning: kernel _ZTSZZNK6Kokkos4Impl11ParallelForIZ13par_for_outerIZN5dyngr10DynGRMHDPSIN9Primitive18PiecewisePolytropeENS5_10ResetFloorEE10CalcFluxesIL16DynGRMHD_RSolver1EEE10TaskStatusP6DriveriEUlNS0_14SYCLTeamMemberEiiiE_EvRKNSt7__cxx1112basic_stringIcSt11char_traitsIcESaIcEEENS_4SYCLEmiiiiiiiRKT_EUlSE_E_NS_10TeamPolicyIJEEESO_E18sycl_direct_launchINS0_19SYCLFunctionWrapperISS_NS0_12SYCLInternal12USMObjectMemILN4sycl3_V13usm5allocE0EEELb0EEEEENS11_5eventENS11_9multi_ptrIcLNS11_6access13address_spaceE4ELNS18_9decoratedE2EEESR_RKS16_ENKUlRNS11_7handlerEE_clES1F_EUlNS11_7nd_itemILi2EEEE_  compiled SIMD32 allocated 256 regs and spilled around 102

warning: kernel _ZTSZZNK6Kokkos4Impl11ParallelForIZ13par_for_outerIZN5dyngr10DynGRMHDPSIN9Primitive18PiecewisePolytropeENS5_10ResetFloorEE10CalcFluxesIL16DynGRMHD_RSolver1EEE10TaskStatusP6DriveriEUlNS0_14SYCLTeamMemberEiiE_EvRKNSt7__cxx1112basic_stringIcSt11char_traitsIcESaIcEEENS_4SYCLEmiiiiiRKT_EUlSE_E_NS_10TeamPolicyIJEEESO_E18sycl_direct_launchINS0_19SYCLFunctionWrapperISS_NS0_12SYCLInternal12USMObjectMemILN4sycl3_V13usm5allocE0EEELb0EEEEENS11_5eventENS11_9multi_ptrIcLNS11_6access13address_spaceE4ELNS18_9decoratedE2EEESR_RKS16_ENKUlRNS11_7handlerEE_clES1F_EUlNS11_7nd_itemILi2EEEE_  compiled SIMD32 allocated 256 regs and spilled around 125

warning: kernel _ZTSZZNK6Kokkos4Impl11ParallelForIZ13par_for_outerIZN5dyngr10DynGRMHDPSIN9Primitive18PiecewisePolytropeENS5_10ResetFloorEE10CalcFluxesIL16DynGRMHD_RSolver1EEE10TaskStatusP6DriveriEUlNS0_14SYCLTeamMemberEiiE0_EvRKNSt7__cxx1112basic_stringIcSt11char_traitsIcESaIcEEENS_4SYCLEmiiiiiRKT_EUlSE_E_NS_10TeamPolicyIJEEESO_E18sycl_direct_launchINS0_19SYCLFunctionWrapperISS_NS0_12SYCLInternal12USMObjectMemILN4sycl3_V13usm5allocE0EEELb0EEEEENS11_5eventENS11_9multi_ptrIcLNS11_6access13address_spaceE4ELNS18_9decoratedE2EEESR_RKS16_ENKUlRNS11_7handlerEE_clES1F_EUlNS11_7nd_itemILi2EEEE_  compiled SIMD32 allocated 256 regs and spilled around 126

warning: kernel _ZTSZZNK6Kokkos4Impl11ParallelForIZ13par_for_outerIZN5dyngr10DynGRMHDPSIN9Primitive10EOSCompOSEINS5_10NormalLogsEEENS5_10ResetFloorEE10CalcFluxesIL16DynGRMHD_RSolver0EEE10TaskStatusP6DriveriEUlNS0_14SYCLTeamMemberEiiiE_EvRKNSt7__cxx1112basic_stringIcSt11char_traitsIcESaIcEEENS_4SYCLEmiiiiiiiRKT_EUlSG_E_NS_10TeamPolicyIJEEESQ_E18sycl_direct_launchINS0_19SYCLFunctionWrapperISU_NS0_12SYCLInternal12USMObjectMemILN4sycl3_V13usm5allocE0EEELb0EEEEENS13_5eventENS13_9multi_ptrIcLNS13_6access13address_spaceE4ELNS1A_9decoratedE2EEEST_RKS18_ENKUlRNS13_7handlerEE_clES1H_EUlNS13_7nd_itemILi2EEEE_  compiled SIMD32 allocated 256 regs and spilled around 155

warning: kernel _ZTSZZNK6Kokkos4Impl11ParallelForIZ13par_for_outerIZN5dyngr10DynGRMHDPSIN9Primitive10EOSCompOSEINS5_10NormalLogsEEENS5_10ResetFloorEE10CalcFluxesIL16DynGRMHD_RSolver0EEE10TaskStatusP6DriveriEUlNS0_14SYCLTeamMemberEiiE_EvRKNSt7__cxx1112basic_stringIcSt11char_traitsIcESaIcEEENS_4SYCLEmiiiiiRKT_EUlSG_E_NS_10TeamPolicyIJEEESQ_E18sycl_direct_launchINS0_19SYCLFunctionWrapperISU_NS0_12SYCLInternal12USMObjectMemILN4sycl3_V13usm5allocE0EEELb0EEEEENS13_5eventENS13_9multi_ptrIcLNS13_6access13address_spaceE4ELNS1A_9decoratedE2EEEST_RKS18_ENKUlRNS13_7handlerEE_clES1H_EUlNS13_7nd_itemILi2EEEE_  compiled SIMD32 allocated 256 regs and spilled around 190

warning: kernel _ZTSZZNK6Kokkos4Impl11ParallelForIZ13par_for_outerIZN5dyngr10DynGRMHDPSIN9Primitive10EOSCompOSEINS5_10NormalLogsEEENS5_10ResetFloorEE10CalcFluxesIL16DynGRMHD_RSolver0EEE10TaskStatusP6DriveriEUlNS0_14SYCLTeamMemberEiiE0_EvRKNSt7__cxx1112basic_stringIcSt11char_traitsIcESaIcEEENS_4SYCLEmiiiiiRKT_EUlSG_E_NS_10TeamPolicyIJEEESQ_E18sycl_direct_launchINS0_19SYCLFunctionWrapperISU_NS0_12SYCLInternal12USMObjectMemILN4sycl3_V13usm5allocE0EEELb0EEEEENS13_5eventENS13_9multi_ptrIcLNS13_6access13address_spaceE4ELNS1A_9decoratedE2EEEST_RKS18_ENKUlRNS13_7handlerEE_clES1H_EUlNS13_7nd_itemILi2EEEE_  compiled SIMD32 allocated 256 regs and spilled around 234

warning: kernel _ZTSZZNK6Kokkos4Impl11ParallelForIZ13par_for_outerIZN5dyngr10DynGRMHDPSIN9Primitive10EOSCompOSEINS5_10NormalLogsEEENS5_10ResetFloorEE10CalcFluxesIL16DynGRMHD_RSolver1EEE10TaskStatusP6DriveriEUlNS0_14SYCLTeamMemberEiiiE_EvRKNSt7__cxx1112basic_stringIcSt11char_traitsIcESaIcEEENS_4SYCLEmiiiiiiiRKT_EUlSG_E_NS_10TeamPolicyIJEEESQ_E18sycl_direct_launchINS0_19SYCLFunctionWrapperISU_NS0_12SYCLInternal12USMObjectMemILN4sycl3_V13usm5allocE0EEELb0EEEEENS13_5eventENS13_9multi_ptrIcLNS13_6access13address_spaceE4ELNS1A_9decoratedE2EEEST_RKS18_ENKUlRNS13_7handlerEE_clES1H_EUlNS13_7nd_itemILi2EEEE_  compiled SIMD32 allocated 256 regs and spilled around 149

warning: kernel _ZTSZZNK6Kokkos4Impl11ParallelForIZ13par_for_outerIZN5dyngr10DynGRMHDPSIN9Primitive10EOSCompOSEINS5_10NormalLogsEEENS5_10ResetFloorEE10CalcFluxesIL16DynGRMHD_RSolver1EEE10TaskStatusP6DriveriEUlNS0_14SYCLTeamMemberEiiE_EvRKNSt7__cxx1112basic_stringIcSt11char_traitsIcESaIcEEENS_4SYCLEmiiiiiRKT_EUlSG_E_NS_10TeamPolicyIJEEESQ_E18sycl_direct_launchINS0_19SYCLFunctionWrapperISU_NS0_12SYCLInternal12USMObjectMemILN4sycl3_V13usm5allocE0EEELb0EEEEENS13_5eventENS13_9multi_ptrIcLNS13_6access13address_spaceE4ELNS1A_9decoratedE2EEEST_RKS18_ENKUlRNS13_7handlerEE_clES1H_EUlNS13_7nd_itemILi2EEEE_  compiled SIMD32 allocated 256 regs and spilled around 177

warning: kernel _ZTSZZNK6Kokkos4Impl11ParallelForIZ13par_for_outerIZN5dyngr10DynGRMHDPSIN9Primitive10EOSCompOSEINS5_10NormalLogsEEENS5_10ResetFloorEE10CalcFluxesIL16DynGRMHD_RSolver1EEE10TaskStatusP6DriveriEUlNS0_14SYCLTeamMemberEiiE0_EvRKNSt7__cxx1112basic_stringIcSt11char_traitsIcESaIcEEENS_4SYCLEmiiiiiRKT_EUlSG_E_NS_10TeamPolicyIJEEESQ_E18sycl_direct_launchINS0_19SYCLFunctionWrapperISU_NS0_12SYCLInternal12USMObjectMemILN4sycl3_V13usm5allocE0EEELb0EEEEENS13_5eventENS13_9multi_ptrIcLNS13_6access13address_spaceE4ELNS1A_9decoratedE2EEEST_RKS18_ENKUlRNS13_7handlerEE_clES1H_EUlNS13_7nd_itemILi2EEEE_  compiled SIMD32 allocated 256 regs and spilled around 169

warning: kernel _ZTSZZNK6Kokkos4Impl11ParallelForIZ13par_for_outerIZN5dyngr10DynGRMHDPSIN9Primitive10EOSCompOSEINS5_7NQTLogsEEENS5_10ResetFloorEE10CalcFluxesIL16DynGRMHD_RSolver0EEE10TaskStatusP6DriveriEUlNS0_14SYCLTeamMemberEiiiE_EvRKNSt7__cxx1112basic_stringIcSt11char_traitsIcESaIcEEENS_4SYCLEmiiiiiiiRKT_EUlSG_E_NS_10TeamPolicyIJEEESQ_E18sycl_direct_launchINS0_19SYCLFunctionWrapperISU_NS0_12SYCLInternal12USMObjectMemILN4sycl3_V13usm5allocE0EEELb0EEEEENS13_5eventENS13_9multi_ptrIcLNS13_6access13address_spaceE4ELNS1A_9decoratedE2EEEST_RKS18_ENKUlRNS13_7handlerEE_clES1H_EUlNS13_7nd_itemILi2EEEE_  compiled SIMD32 allocated 256 regs and spilled around 92

warning: kernel _ZTSZZNK6Kokkos4Impl11ParallelForIZ13par_for_outerIZN5dyngr10DynGRMHDPSIN9Primitive10EOSCompOSEINS5_7NQTLogsEEENS5_10ResetFloorEE10CalcFluxesIL16DynGRMHD_RSolver0EEE10TaskStatusP6DriveriEUlNS0_14SYCLTeamMemberEiiE_EvRKNSt7__cxx1112basic_stringIcSt11char_traitsIcESaIcEEENS_4SYCLEmiiiiiRKT_EUlSG_E_NS_10TeamPolicyIJEEESQ_E18sycl_direct_launchINS0_19SYCLFunctionWrapperISU_NS0_12SYCLInternal12USMObjectMemILN4sycl3_V13usm5allocE0EEELb0EEEEENS13_5eventENS13_9multi_ptrIcLNS13_6access13address_spaceE4ELNS1A_9decoratedE2EEEST_RKS18_ENKUlRNS13_7handlerEE_clES1H_EUlNS13_7nd_itemILi2EEEE_  compiled SIMD32 allocated 256 regs and spilled around 125

warning: kernel _ZTSZZNK6Kokkos4Impl11ParallelForIZ13par_for_outerIZN5dyngr10DynGRMHDPSIN9Primitive10EOSCompOSEINS5_7NQTLogsEEENS5_10ResetFloorEE10CalcFluxesIL16DynGRMHD_RSolver0EEE10TaskStatusP6DriveriEUlNS0_14SYCLTeamMemberEiiE0_EvRKNSt7__cxx1112basic_stringIcSt11char_traitsIcESaIcEEENS_4SYCLEmiiiiiRKT_EUlSG_E_NS_10TeamPolicyIJEEESQ_E18sycl_direct_launchINS0_19SYCLFunctionWrapperISU_NS0_12SYCLInternal12USMObjectMemILN4sycl3_V13usm5allocE0EEELb0EEEEENS13_5eventENS13_9multi_ptrIcLNS13_6access13address_spaceE4ELNS1A_9decoratedE2EEEST_RKS18_ENKUlRNS13_7handlerEE_clES1H_EUlNS13_7nd_itemILi2EEEE_  compiled SIMD32 allocated 256 regs and spilled around 153

warning: kernel _ZTSZZNK6Kokkos4Impl11ParallelForIZ13par_for_outerIZN5dyngr10DynGRMHDPSIN9Primitive10EOSCompOSEINS5_7NQTLogsEEENS5_10ResetFloorEE10CalcFluxesIL16DynGRMHD_RSolver1EEE10TaskStatusP6DriveriEUlNS0_14SYCLTeamMemberEiiiE_EvRKNSt7__cxx1112basic_stringIcSt11char_traitsIcESaIcEEENS_4SYCLEmiiiiiiiRKT_EUlSG_E_NS_10TeamPolicyIJEEESQ_E18sycl_direct_launchINS0_19SYCLFunctionWrapperISU_NS0_12SYCLInternal12USMObjectMemILN4sycl3_V13usm5allocE0EEELb0EEEEENS13_5eventENS13_9multi_ptrIcLNS13_6access13address_spaceE4ELNS1A_9decoratedE2EEEST_RKS18_ENKUlRNS13_7handlerEE_clES1H_EUlNS13_7nd_itemILi2EEEE_  compiled SIMD32 allocated 256 regs and spilled around 85

warning: kernel _ZTSZZNK6Kokkos4Impl11ParallelForIZ13par_for_outerIZN5dyngr10DynGRMHDPSIN9Primitive10EOSCompOSEINS5_7NQTLogsEEENS5_10ResetFloorEE10CalcFluxesIL16DynGRMHD_RSolver1EEE10TaskStatusP6DriveriEUlNS0_14SYCLTeamMemberEiiE_EvRKNSt7__cxx1112basic_stringIcSt11char_traitsIcESaIcEEENS_4SYCLEmiiiiiRKT_EUlSG_E_NS_10TeamPolicyIJEEESQ_E18sycl_direct_launchINS0_19SYCLFunctionWrapperISU_NS0_12SYCLInternal12USMObjectMemILN4sycl3_V13usm5allocE0EEELb0EEEEENS13_5eventENS13_9multi_ptrIcLNS13_6access13address_spaceE4ELNS1A_9decoratedE2EEEST_RKS18_ENKUlRNS13_7handlerEE_clES1H_EUlNS13_7nd_itemILi2EEEE_  compiled SIMD32 allocated 256 regs and spilled around 117

warning: kernel _ZTSZZNK6Kokkos4Impl11ParallelForIZ13par_for_outerIZN5dyngr10DynGRMHDPSIN9Primitive10EOSCompOSEINS5_7NQTLogsEEENS5_10ResetFloorEE10CalcFluxesIL16DynGRMHD_RSolver1EEE10TaskStatusP6DriveriEUlNS0_14SYCLTeamMemberEiiE0_EvRKNSt7__cxx1112basic_stringIcSt11char_traitsIcESaIcEEENS_4SYCLEmiiiiiRKT_EUlSG_E_NS_10TeamPolicyIJEEESQ_E18sycl_direct_launchINS0_19SYCLFunctionWrapperISU_NS0_12SYCLInternal12USMObjectMemILN4sycl3_V13usm5allocE0EEELb0EEEEENS13_5eventENS13_9multi_ptrIcLNS13_6access13address_spaceE4ELNS1A_9decoratedE2EEEST_RKS18_ENKUlRNS13_7handlerEE_clES1H_EUlNS13_7nd_itemILi2EEEE_  compiled SIMD32 allocated 256 regs and spilled around 150

warning: kernel _ZTSZZNK6Kokkos4Impl11ParallelForIZ13par_for_outerIZN5dyngr10DynGRMHDPSIN9Primitive9EOSHybridINS5_10NormalLogsEEENS5_10ResetFloorEE10CalcFluxesIL16DynGRMHD_RSolver0EEE10TaskStatusP6DriveriEUlNS0_14SYCLTeamMemberEiiiE_EvRKNSt7__cxx1112basic_stringIcSt11char_traitsIcESaIcEEENS_4SYCLEmiiiiiiiRKT_EUlSG_E_NS_10TeamPolicyIJEEESQ_E18sycl_direct_launchINS0_19SYCLFunctionWrapperISU_NS0_12SYCLInternal12USMObjectMemILN4sycl3_V13usm5allocE0EEELb0EEEEENS13_5eventENS13_9multi_ptrIcLNS13_6access13address_spaceE4ELNS1A_9decoratedE2EEEST_RKS18_ENKUlRNS13_7handlerEE_clES1H_EUlNS13_7nd_itemILi2EEEE_  compiled SIMD32 allocated 256 regs and spilled around 141

warning: kernel _ZTSZZNK6Kokkos4Impl11ParallelForIZ13par_for_outerIZN5dyngr10DynGRMHDPSIN9Primitive9EOSHybridINS5_10NormalLogsEEENS5_10ResetFloorEE10CalcFluxesIL16DynGRMHD_RSolver0EEE10TaskStatusP6DriveriEUlNS0_14SYCLTeamMemberEiiE_EvRKNSt7__cxx1112basic_stringIcSt11char_traitsIcESaIcEEENS_4SYCLEmiiiiiRKT_EUlSG_E_NS_10TeamPolicyIJEEESQ_E18sycl_direct_launchINS0_19SYCLFunctionWrapperISU_NS0_12SYCLInternal12USMObjectMemILN4sycl3_V13usm5allocE0EEELb0EEEEENS13_5eventENS13_9multi_ptrIcLNS13_6access13address_spaceE4ELNS1A_9decoratedE2EEEST_RKS18_ENKUlRNS13_7handlerEE_clES1H_EUlNS13_7nd_itemILi2EEEE_  compiled SIMD32 allocated 256 regs and spilled around 159

warning: kernel _ZTSZZNK6Kokkos4Impl11ParallelForIZ13par_for_outerIZN5dyngr10DynGRMHDPSIN9Primitive9EOSHybridINS5_10NormalLogsEEENS5_10ResetFloorEE10CalcFluxesIL16DynGRMHD_RSolver0EEE10TaskStatusP6DriveriEUlNS0_14SYCLTeamMemberEiiE0_EvRKNSt7__cxx1112basic_stringIcSt11char_traitsIcESaIcEEENS_4SYCLEmiiiiiRKT_EUlSG_E_NS_10TeamPolicyIJEEESQ_E18sycl_direct_launchINS0_19SYCLFunctionWrapperISU_NS0_12SYCLInternal12USMObjectMemILN4sycl3_V13usm5allocE0EEELb0EEEEENS13_5eventENS13_9multi_ptrIcLNS13_6access13address_spaceE4ELNS1A_9decoratedE2EEEST_RKS18_ENKUlRNS13_7handlerEE_clES1H_EUlNS13_7nd_itemILi2EEEE_  compiled SIMD32 allocated 256 regs and spilled around 155

warning: kernel _ZTSZZNK6Kokkos4Impl11ParallelForIZ13par_for_outerIZN5dyngr10DynGRMHDPSIN9Primitive9EOSHybridINS5_10NormalLogsEEENS5_10ResetFloorEE10CalcFluxesIL16DynGRMHD_RSolver1EEE10TaskStatusP6DriveriEUlNS0_14SYCLTeamMemberEiiiE_EvRKNSt7__cxx1112basic_stringIcSt11char_traitsIcESaIcEEENS_4SYCLEmiiiiiiiRKT_EUlSG_E_NS_10TeamPolicyIJEEESQ_E18sycl_direct_launchINS0_19SYCLFunctionWrapperISU_NS0_12SYCLInternal12USMObjectMemILN4sycl3_V13usm5allocE0EEELb0EEEEENS13_5eventENS13_9multi_ptrIcLNS13_6access13address_spaceE4ELNS1A_9decoratedE2EEEST_RKS18_ENKUlRNS13_7handlerEE_clES1H_EUlNS13_7nd_itemILi2EEEE_  compiled SIMD32 allocated 256 regs and spilled around 135

warning: kernel _ZTSZZNK6Kokkos4Impl11ParallelForIZ13par_for_outerIZN5dyngr10DynGRMHDPSIN9Primitive9EOSHybridINS5_10NormalLogsEEENS5_10ResetFloorEE10CalcFluxesIL16DynGRMHD_RSolver1EEE10TaskStatusP6DriveriEUlNS0_14SYCLTeamMemberEiiE_EvRKNSt7__cxx1112basic_stringIcSt11char_traitsIcESaIcEEENS_4SYCLEmiiiiiRKT_EUlSG_E_NS_10TeamPolicyIJEEESQ_E18sycl_direct_launchINS0_19SYCLFunctionWrapperISU_NS0_12SYCLInternal12USMObjectMemILN4sycl3_V13usm5allocE0EEELb0EEEEENS13_5eventENS13_9multi_ptrIcLNS13_6access13address_spaceE4ELNS1A_9decoratedE2EEEST_RKS18_ENKUlRNS13_7handlerEE_clES1H_EUlNS13_7nd_itemILi2EEEE_  compiled SIMD32 allocated 256 regs and spilled around 190

warning: kernel _ZTSZZNK6Kokkos4Impl11ParallelForIZ13par_for_outerIZN5dyngr10DynGRMHDPSIN9Primitive9EOSHybridINS5_10NormalLogsEEENS5_10ResetFloorEE10CalcFluxesIL16DynGRMHD_RSolver1EEE10TaskStatusP6DriveriEUlNS0_14SYCLTeamMemberEiiE0_EvRKNSt7__cxx1112basic_stringIcSt11char_traitsIcESaIcEEENS_4SYCLEmiiiiiRKT_EUlSG_E_NS_10TeamPolicyIJEEESQ_E18sycl_direct_launchINS0_19SYCLFunctionWrapperISU_NS0_12SYCLInternal12USMObjectMemILN4sycl3_V13usm5allocE0EEELb0EEEEENS13_5eventENS13_9multi_ptrIcLNS13_6access13address_spaceE4ELNS1A_9decoratedE2EEEST_RKS18_ENKUlRNS13_7handlerEE_clES1H_EUlNS13_7nd_itemILi2EEEE_  compiled SIMD32 allocated 256 regs and spilled around 190

warning: kernel _ZTSZZNK6Kokkos4Impl11ParallelForIZ13par_for_outerIZN5dyngr10DynGRMHDPSIN9Primitive9EOSHybridINS5_7NQTLogsEEENS5_10ResetFloorEE10CalcFluxesIL16DynGRMHD_RSolver0EEE10TaskStatusP6DriveriEUlNS0_14SYCLTeamMemberEiiiE_EvRKNSt7__cxx1112basic_stringIcSt11char_traitsIcESaIcEEENS_4SYCLEmiiiiiiiRKT_EUlSG_E_NS_10TeamPolicyIJEEESQ_E18sycl_direct_launchINS0_19SYCLFunctionWrapperISU_NS0_12SYCLInternal12USMObjectMemILN4sycl3_V13usm5allocE0EEELb0EEEEENS13_5eventENS13_9multi_ptrIcLNS13_6access13address_spaceE4ELNS1A_9decoratedE2EEEST_RKS18_ENKUlRNS13_7handlerEE_clES1H_EUlNS13_7nd_itemILi2EEEE_  compiled SIMD32 allocated 256 regs and spilled around 98

warning: kernel _ZTSZZNK6Kokkos4Impl11ParallelForIZ13par_for_outerIZN5dyngr10DynGRMHDPSIN9Primitive9EOSHybridINS5_7NQTLogsEEENS5_10ResetFloorEE10CalcFluxesIL16DynGRMHD_RSolver0EEE10TaskStatusP6DriveriEUlNS0_14SYCLTeamMemberEiiE_EvRKNSt7__cxx1112basic_stringIcSt11char_traitsIcESaIcEEENS_4SYCLEmiiiiiRKT_EUlSG_E_NS_10TeamPolicyIJEEESQ_E18sycl_direct_launchINS0_19SYCLFunctionWrapperISU_NS0_12SYCLInternal12USMObjectMemILN4sycl3_V13usm5allocE0EEELb0EEEEENS13_5eventENS13_9multi_ptrIcLNS13_6access13address_spaceE4ELNS1A_9decoratedE2EEEST_RKS18_ENKUlRNS13_7handlerEE_clES1H_EUlNS13_7nd_itemILi2EEEE_  compiled SIMD32 allocated 256 regs and spilled around 130

warning: kernel _ZTSZZNK6Kokkos4Impl11ParallelForIZ13par_for_outerIZN5dyngr10DynGRMHDPSIN9Primitive9EOSHybridINS5_7NQTLogsEEENS5_10ResetFloorEE10CalcFluxesIL16DynGRMHD_RSolver0EEE10TaskStatusP6DriveriEUlNS0_14SYCLTeamMemberEiiE0_EvRKNSt7__cxx1112basic_stringIcSt11char_traitsIcESaIcEEENS_4SYCLEmiiiiiRKT_EUlSG_E_NS_10TeamPolicyIJEEESQ_E18sycl_direct_launchINS0_19SYCLFunctionWrapperISU_NS0_12SYCLInternal12USMObjectMemILN4sycl3_V13usm5allocE0EEELb0EEEEENS13_5eventENS13_9multi_ptrIcLNS13_6access13address_spaceE4ELNS1A_9decoratedE2EEEST_RKS18_ENKUlRNS13_7handlerEE_clES1H_EUlNS13_7nd_itemILi2EEEE_  compiled SIMD32 allocated 256 regs and spilled around 135

warning: kernel _ZTSZZNK6Kokkos4Impl11ParallelForIZ13par_for_outerIZN5dyngr10DynGRMHDPSIN9Primitive9EOSHybridINS5_7NQTLogsEEENS5_10ResetFloorEE10CalcFluxesIL16DynGRMHD_RSolver1EEE10TaskStatusP6DriveriEUlNS0_14SYCLTeamMemberEiiiE_EvRKNSt7__cxx1112basic_stringIcSt11char_traitsIcESaIcEEENS_4SYCLEmiiiiiiiRKT_EUlSG_E_NS_10TeamPolicyIJEEESQ_E18sycl_direct_launchINS0_19SYCLFunctionWrapperISU_NS0_12SYCLInternal12USMObjectMemILN4sycl3_V13usm5allocE0EEELb0EEEEENS13_5eventENS13_9multi_ptrIcLNS13_6access13address_spaceE4ELNS1A_9decoratedE2EEEST_RKS18_ENKUlRNS13_7handlerEE_clES1H_EUlNS13_7nd_itemILi2EEEE_  compiled SIMD32 allocated 256 regs and spilled around 90

warning: kernel _ZTSZZNK6Kokkos4Impl11ParallelForIZ13par_for_outerIZN5dyngr10DynGRMHDPSIN9Primitive9EOSHybridINS5_7NQTLogsEEENS5_10ResetFloorEE10CalcFluxesIL16DynGRMHD_RSolver1EEE10TaskStatusP6DriveriEUlNS0_14SYCLTeamMemberEiiE_EvRKNSt7__cxx1112basic_stringIcSt11char_traitsIcESaIcEEENS_4SYCLEmiiiiiRKT_EUlSG_E_NS_10TeamPolicyIJEEESQ_E18sycl_direct_launchINS0_19SYCLFunctionWrapperISU_NS0_12SYCLInternal12USMObjectMemILN4sycl3_V13usm5allocE0EEELb0EEEEENS13_5eventENS13_9multi_ptrIcLNS13_6access13address_spaceE4ELNS1A_9decoratedE2EEEST_RKS18_ENKUlRNS13_7handlerEE_clES1H_EUlNS13_7nd_itemILi2EEEE_  compiled SIMD32 allocated 256 regs and spilled around 126

warning: kernel _ZTSZZNK6Kokkos4Impl11ParallelForIZ13par_for_outerIZN5dyngr10DynGRMHDPSIN9Primitive9EOSHybridINS5_7NQTLogsEEENS5_10ResetFloorEE10CalcFluxesIL16DynGRMHD_RSolver1EEE10TaskStatusP6DriveriEUlNS0_14SYCLTeamMemberEiiE0_EvRKNSt7__cxx1112basic_stringIcSt11char_traitsIcESaIcEEENS_4SYCLEmiiiiiRKT_EUlSG_E_NS_10TeamPolicyIJEEESQ_E18sycl_direct_launchINS0_19SYCLFunctionWrapperISU_NS0_12SYCLInternal12USMObjectMemILN4sycl3_V13usm5allocE0EEELb0EEEEENS13_5eventENS13_9multi_ptrIcLNS13_6access13address_spaceE4ELNS1A_9decoratedE2EEEST_RKS18_ENKUlRNS13_7handlerEE_clES1H_EUlNS13_7nd_itemILi2EEEE_  compiled SIMD32 allocated 256 regs and spilled around 125

warning: [RetryManager] Used previous version of the kernel, reason : NO_Retry_Pick_Prv
in kernel: 'typeinfo name for sycl::_V1::event Kokkos::Impl::ParallelFor<void par_for_outer<TaskStatus dyngr::DynGRMHDPS<Primitive::IdealGas, Primitive::ResetFloor>::CalcFluxes<(DynGRMHD_RSolver)0>(Driver*, int)::'lambda'(Kokkos::Impl::SYCLTeamMember, int, int)>(std::__cxx11::basic_string<char, std::char_traits<char>, std::allocator<char>> const&, Kokkos::SYCL, unsigned long, int, int, int, int, int, TaskStatus dyngr::DynGRMHDPS<Primitive::IdealGas, Primitive::ResetFloor>::CalcFluxes<(DynGRMHD_RSolver)0>(Driver*, int)::'lambda'(Kokkos::Impl::SYCLTeamMember, int, int) const&)::'lambda'(Kokkos::Impl::SYCLTeamMember), Kokkos::TeamPolicy<>, Kokkos::SYCL>::sycl_direct_launch<Kokkos::Impl::SYCLFunctionWrapper<void par_for_outer<TaskStatus dyngr::DynGRMHDPS<Primitive::IdealGas, Primitive::ResetFloor>::CalcFluxes<(DynGRMHD_RSolver)0>(Driver*, int)::'lambda'(Kokkos::Impl::SYCLTeamMember, int, int)>(std::__cxx11::basic_string<char, std::char_traits<char>, std::allocator<char>> const&, Kokkos::SYCL, unsigned long, int, int, int, int, int, TaskStatus dyngr::DynGRMHDPS<Primitive::IdealGas, Primitive::ResetFloor>::CalcFluxes<(DynGRMHD_RSolver)0>(Driver*, int)::'lambda'(Kokkos::Impl::SYCLTeamMember, int, int) const&)::'lambda'(Kokkos::Impl::SYCLTeamMember), Kokkos::Impl::SYCLInternal::USMObjectMem<(sycl::_V1::usm::alloc)0>, false>>(sycl::_V1::multi_ptr<char, (sycl::_V1::access::address_space)4, (sycl::_V1::access::decorated)2>, TaskStatus dyngr::DynGRMHDPS<Primitive::IdealGas, Primitive::ResetFloor>::CalcFluxes<(DynGRMHD_RSolver)0>(Driver*, int)::'lambda'(Kokkos::Impl::SYCLTeamMember, int, int) const&, sycl::_V1::event const&) const::'lambda'(sycl::_V1::handler&)::operator()(sycl::_V1::handler&) const::'lambda'(sycl::_V1::nd_item<2>)'

Build succeeded.
Compilation from IR - skipping loading of FCL
Build succeeded.
Compilation from IR - skipping loading of FCL

warning: kernel _ZTSN6Kokkos4Impl42FunctorWrapperRangePolicyParallelForCustomINS0_19SYCLFunctionWrapperIZ7par_forIZN5dyngr10DynGRMHDPSIN9Primitive9EOSHybridINS6_7NQTLogsEEENS6_10ResetFloorEE16AddCoordTermsEOSILi4EEEvRKNS_4ViewIPPPPPdJNS_11LayoutRightENS_18SYCLDeviceUSMSpaceEEEESN_dRSL_EUliiiiE_EvRKNSt7__cxx1112basic_stringIcSt11char_traitsIcESaIcEEENS_4SYCLERKiS10_S10_S10_S10_S10_S10_S10_RKT_EUlS10_E_NS0_12SYCLInternal12USMObjectMemILN4sycl3_V13usm5allocE0EEELb0EEENS_11RangePolicyIJEEEEE  compiled SIMD32 allocated 256 regs and spilled around 114

warning: kernel _ZTSN6Kokkos4Impl42FunctorWrapperRangePolicyParallelForCustomINS0_19SYCLFunctionWrapperIZ7par_forIZN5dyngr10DynGRMHDPSIN9Primitive9EOSHybridINS6_7NQTLogsEEENS6_10ResetFloorEE16AddCoordTermsEOSILi3EEEvRKNS_4ViewIPPPPPdJNS_11LayoutRightENS_18SYCLDeviceUSMSpaceEEEESN_dRSL_EUliiiiE_EvRKNSt7__cxx1112basic_stringIcSt11char_traitsIcESaIcEEENS_4SYCLERKiS10_S10_S10_S10_S10_S10_S10_RKT_EUlS10_E_NS0_12SYCLInternal12USMObjectMemILN4sycl3_V13usm5allocE0EEELb0EEENS_11RangePolicyIJEEEEE  compiled SIMD32 allocated 256 regs and spilled around 110

warning: kernel _ZTSN6Kokkos4Impl42FunctorWrapperRangePolicyParallelForCustomINS0_19SYCLFunctionWrapperIZ7par_forIZN5dyngr10DynGRMHDPSIN9Primitive9EOSHybridINS6_10NormalLogsEEENS6_10ResetFloorEE16AddCoordTermsEOSILi4EEEvRKNS_4ViewIPPPPPdJNS_11LayoutRightENS_18SYCLDeviceUSMSpaceEEEESN_dRSL_EUliiiiE_EvRKNSt7__cxx1112basic_stringIcSt11char_traitsIcESaIcEEENS_4SYCLERKiS10_S10_S10_S10_S10_S10_S10_RKT_EUlS10_E_NS0_12SYCLInternal12USMObjectMemILN4sycl3_V13usm5allocE0EEELb0EEENS_11RangePolicyIJEEEEE  compiled SIMD32 allocated 256 regs and spilled around 141

warning: kernel _ZTSN6Kokkos4Impl42FunctorWrapperRangePolicyParallelForCustomINS0_19SYCLFunctionWrapperIZ7par_forIZN5dyngr10DynGRMHDPSIN9Primitive10EOSCompOSEINS6_7NQTLogsEEENS6_10ResetFloorEE16AddCoordTermsEOSILi4EEEvRKNS_4ViewIPPPPPdJNS_11LayoutRightENS_18SYCLDeviceUSMSpaceEEEESN_dRSL_EUliiiiE_EvRKNSt7__cxx1112basic_stringIcSt11char_traitsIcESaIcEEENS_4SYCLERKiS10_S10_S10_S10_S10_S10_S10_RKT_EUlS10_E_NS0_12SYCLInternal12USMObjectMemILN4sycl3_V13usm5allocE0EEELb0EEENS_11RangePolicyIJEEEEE  compiled SIMD32 allocated 256 regs and spilled around 144

warning: kernel _ZTSN6Kokkos4Impl42FunctorWrapperRangePolicyParallelForCustomINS0_19SYCLFunctionWrapperIZ7par_forIZN5dyngr10DynGRMHDPSIN9Primitive10EOSCompOSEINS6_7NQTLogsEEENS6_10ResetFloorEE16AddCoordTermsEOSILi3EEEvRKNS_4ViewIPPPPPdJNS_11LayoutRightENS_18SYCLDeviceUSMSpaceEEEESN_dRSL_EUliiiiE_EvRKNSt7__cxx1112basic_stringIcSt11char_traitsIcESaIcEEENS_4SYCLERKiS10_S10_S10_S10_S10_S10_S10_RKT_EUlS10_E_NS0_12SYCLInternal12USMObjectMemILN4sycl3_V13usm5allocE0EEELb0EEENS_11RangePolicyIJEEEEE  compiled SIMD32 allocated 256 regs and spilled around 138

warning: kernel _ZTSN6Kokkos4Impl42FunctorWrapperRangePolicyParallelForCustomINS0_19SYCLFunctionWrapperIZ7par_forIZN5dyngr10DynGRMHDPSIN9Primitive10EOSCompOSEINS6_10NormalLogsEEENS6_10ResetFloorEE16AddCoordTermsEOSILi4EEEvRKNS_4ViewIPPPPPdJNS_11LayoutRightENS_18SYCLDeviceUSMSpaceEEEESN_dRSL_EUliiiiE_EvRKNSt7__cxx1112basic_stringIcSt11char_traitsIcESaIcEEENS_4SYCLERKiS10_S10_S10_S10_S10_S10_S10_RKT_EUlS10_E_NS0_12SYCLInternal12USMObjectMemILN4sycl3_V13usm5allocE0EEELb0EEENS_11RangePolicyIJEEEEE  compiled SIMD32 allocated 256 regs and spilled around 174

warning: kernel _ZTSN6Kokkos4Impl42FunctorWrapperRangePolicyParallelForCustomINS0_19SYCLFunctionWrapperIZ7par_forIZN5dyngr10DynGRMHDPSIN9Primitive10EOSCompOSEINS6_10NormalLogsEEENS6_10ResetFloorEE16AddCoordTermsEOSILi3EEEvRKNS_4ViewIPPPPPdJNS_11LayoutRightENS_18SYCLDeviceUSMSpaceEEEESN_dRSL_EUliiiiE_EvRKNSt7__cxx1112basic_stringIcSt11char_traitsIcESaIcEEENS_4SYCLERKiS10_S10_S10_S10_S10_S10_S10_RKT_EUlS10_E_NS0_12SYCLInternal12USMObjectMemILN4sycl3_V13usm5allocE0EEELb0EEENS_11RangePolicyIJEEEEE  compiled SIMD32 allocated 256 regs and spilled around 165

warning: kernel _ZTSN6Kokkos4Impl42FunctorWrapperRangePolicyParallelForCustomINS0_19SYCLFunctionWrapperIZ7par_forIZN5dyngr10DynGRMHDPSIN9Primitive18PiecewisePolytropeENS6_10ResetFloorEE16AddCoordTermsEOSILi4EEEvRKNS_4ViewIPPPPPdJNS_11LayoutRightENS_18SYCLDeviceUSMSpaceEEEESL_dRSJ_EUliiiiE_EvRKNSt7__cxx1112basic_stringIcSt11char_traitsIcESaIcEEENS_4SYCLERKiSY_SY_SY_SY_SY_SY_SY_RKT_EUlSY_E_NS0_12SYCLInternal12USMObjectMemILN4sycl3_V13usm5allocE0EEELb0EEENS_11RangePolicyIJEEEEE  compiled SIMD32 allocated 256 regs and spilled around 124

warning: kernel _ZTSN6Kokkos4Impl42FunctorWrapperRangePolicyParallelForCustomINS0_19SYCLFunctionWrapperIZ7par_forIZN5dyngr10DynGRMHDPSIN9Primitive18PiecewisePolytropeENS6_10ResetFloorEE16AddCoordTermsEOSILi3EEEvRKNS_4ViewIPPPPPdJNS_11LayoutRightENS_18SYCLDeviceUSMSpaceEEEESL_dRSJ_EUliiiiE_EvRKNSt7__cxx1112basic_stringIcSt11char_traitsIcESaIcEEENS_4SYCLERKiSY_SY_SY_SY_SY_SY_SY_RKT_EUlSY_E_NS0_12SYCLInternal12USMObjectMemILN4sycl3_V13usm5allocE0EEELb0EEENS_11RangePolicyIJEEEEE  compiled SIMD32 allocated 256 regs and spilled around 139

warning: kernel _ZTSN6Kokkos4Impl42FunctorWrapperRangePolicyParallelForCustomINS0_19SYCLFunctionWrapperIZ7par_forIZN5dyngr10DynGRMHDPSIN9Primitive8IdealGasENS6_10ResetFloorEE16AddCoordTermsEOSILi4EEEvRKNS_4ViewIPPPPPdJNS_11LayoutRightENS_18SYCLDeviceUSMSpaceEEEESL_dRSJ_EUliiiiE_EvRKNSt7__cxx1112basic_stringIcSt11char_traitsIcESaIcEEENS_4SYCLERKiSY_SY_SY_SY_SY_SY_SY_RKT_EUlSY_E_NS0_12SYCLInternal12USMObjectMemILN4sycl3_V13usm5allocE0EEELb0EEENS_11RangePolicyIJEEEEE  compiled SIMD32 allocated 256 regs and spilled around 108

warning: kernel _ZTSN6Kokkos4Impl42FunctorWrapperRangePolicyParallelForCustomINS0_19SYCLFunctionWrapperIZ7par_forIZN5dyngr10DynGRMHDPSIN9Primitive8IdealGasENS6_10ResetFloorEE16AddCoordTermsEOSILi3EEEvRKNS_4ViewIPPPPPdJNS_11LayoutRightENS_18SYCLDeviceUSMSpaceEEEESL_dRSJ_EUliiiiE_EvRKNSt7__cxx1112basic_stringIcSt11char_traitsIcESaIcEEENS_4SYCLERKiSY_SY_SY_SY_SY_SY_SY_RKT_EUlSY_E_NS0_12SYCLInternal12USMObjectMemILN4sycl3_V13usm5allocE0EEELb0EEENS_11RangePolicyIJEEEEE  compiled SIMD32 allocated 256 regs and spilled around 98

warning: kernel _ZTSZZNK6Kokkos4Impl14ParallelReduceINS0_22CombinedFunctorReducerIZN20PrimitiveSolverHydroIN9Primitive9EOSHybridINS4_10NormalLogsEEENS4_10ResetFloorEE10ConsToPrimERNS_4ViewIPPPPPdJNS_11LayoutRightENS_18SYCLDeviceUSMSpaceEEEERK13DvceFaceFld4DIdESJ_SJ_SJ_iiiiiibEUlRKiRiE_NS0_15FunctorAnalysisINS0_23FunctorPatternInterface6REDUCEENS_11RangePolicyIJEEENS_3SumIiNS_9HostSpaceEEEiE7ReducerEvEESW_NS_4SYCLEE18sycl_direct_launchISW_NS0_19SYCLFunctionWrapperIS12_NS0_12SYCLInternal12USMObjectMemILN4sycl3_V13usm5allocE0EEELb1EEEEENS1A_5eventERKT_RKT0_RKS1F_ENKUlRNS1A_7handlerEE_clES1P_EUlvE_  compiled SIMD32 allocated 256 regs and spilled around 20

warning: kernel _ZTSZZNK6Kokkos4Impl14ParallelReduceINS0_22CombinedFunctorReducerIZN20PrimitiveSolverHydroIN9Primitive10EOSCompOSEINS4_10NormalLogsEEENS4_10ResetFloorEE10ConsToPrimERNS_4ViewIPPPPPdJNS_11LayoutRightENS_18SYCLDeviceUSMSpaceEEEERK13DvceFaceFld4DIdESJ_SJ_SJ_iiiiiibEUlRKiRiE_NS0_15FunctorAnalysisINS0_23FunctorPatternInterface6REDUCEENS_11RangePolicyIJEEENS_3SumIiNS_9HostSpaceEEEiE7ReducerEvEESW_NS_4SYCLEE18sycl_direct_launchISW_NS0_19SYCLFunctionWrapperIS12_NS0_12SYCLInternal12USMObjectMemILN4sycl3_V13usm5allocE0EEELb1EEEEENS1A_5eventERKT_RKT0_RKS1F_ENKUlRNS1A_7handlerEE_clES1P_EUlvE_  compiled SIMD32 allocated 256 regs and spilled around 86

warning: kernel _ZTSZZNK6Kokkos4Impl14ParallelReduceINS0_22CombinedFunctorReducerIZN20PrimitiveSolverHydroIN9Primitive18PiecewisePolytropeENS4_10ResetFloorEE10ConsToPrimERNS_4ViewIPPPPPdJNS_11LayoutRightENS_18SYCLDeviceUSMSpaceEEEERK13DvceFaceFld4DIdESH_SH_SH_iiiiiibEUlRKiRiE_NS0_15FunctorAnalysisINS0_23FunctorPatternInterface6REDUCEENS_11RangePolicyIJEEENS_3SumIiNS_9HostSpaceEEEiE7ReducerEvEESU_NS_4SYCLEE18sycl_direct_launchISU_NS0_19SYCLFunctionWrapperIS10_NS0_12SYCLInternal12USMObjectMemILN4sycl3_V13usm5allocE0EEELb1EEEEENS18_5eventERKT_RKT0_RKS1D_ENKUlRNS18_7handlerEE_clES1N_EUlvE_  compiled SIMD32 allocated 256 regs and spilled around 62

warning: [RetryManager] Start recompilation of the kernel
in kernel: 'typeinfo name for sycl::_V1::event Kokkos::Impl::ParallelReduce<Kokkos::Impl::CombinedFunctorReducer<PrimitiveSolverHydro<Primitive::IdealGas, Primitive::ResetFloor>::ConsToPrim(Kokkos::View<double*****, Kokkos::LayoutRight, Kokkos::SYCLDeviceUSMSpace>&, DvceFaceFld4D<double> const&, Kokkos::View<double*****, Kokkos::LayoutRight, Kokkos::SYCLDeviceUSMSpace>&, Kokkos::View<double*****, Kokkos::LayoutRight, Kokkos::SYCLDeviceUSMSpace>&, Kokkos::View<double*****, Kokkos::LayoutRight, Kokkos::SYCLDeviceUSMSpace>&, int, int, int, int, int, int, bool)::'lambda'(int const&, int&), Kokkos::Impl::FunctorAnalysis<Kokkos::Impl::FunctorPatternInterface::REDUCE, Kokkos::RangePolicy<>, Kokkos::Sum<int, Kokkos::HostSpace>, int>::Reducer, void>, Kokkos::RangePolicy<>, Kokkos::SYCL>::sycl_direct_launch<Kokkos::RangePolicy<>, Kokkos::Impl::SYCLFunctionWrapper<Kokkos::Impl::CombinedFunctorReducer<PrimitiveSolverHydro<Primitive::IdealGas, Primitive::ResetFloor>::ConsToPrim(Kokkos::View<double*****, Kokkos::LayoutRight, Kokkos::SYCLDeviceUSMSpace>&, DvceFaceFld4D<double> const&, Kokkos::View<double*****, Kokkos::LayoutRight, Kokkos::SYCLDeviceUSMSpace>&, Kokkos::View<double*****, Kokkos::LayoutRight, Kokkos::SYCLDeviceUSMSpace>&, Kokkos::View<double*****, Kokkos::LayoutRight, Kokkos::SYCLDeviceUSMSpace>&, int, int, int, int, int, int, bool)::'lambda'(int const&, int&), Kokkos::Impl::FunctorAnalysis<Kokkos::Impl::FunctorPatternInterface::REDUCE, Kokkos::RangePolicy<>, Kokkos::Sum<int, Kokkos::HostSpace>, int>::Reducer, void>, Kokkos::Impl::SYCLInternal::USMObjectMem<(sycl::_V1::usm::alloc)0>, true>>(Kokkos::RangePolicy<> const&, Kokkos::Impl::SYCLFunctionWrapper<Kokkos::Impl::CombinedFunctorReducer<PrimitiveSolverHydro<Primitive::IdealGas, Primitive::ResetFloor>::ConsToPrim(Kokkos::View<double*****, Kokkos::LayoutRight, Kokkos::SYCLDeviceUSMSpace>&, DvceFaceFld4D<double> const&, Kokkos::View<double*****, Kokkos::LayoutRight, Kokkos::SYCLDeviceUSMSpace>&, Kokkos::View<double*****, Kokkos::LayoutRight, Kokkos::SYCLDeviceUSMSpace>&, Kokkos::View<double*****, Kokkos::LayoutRight, Kokkos::SYCLDeviceUSMSpace>&, int, int, int, int, int, int, bool)::'lambda'(int const&, int&), Kokkos::Impl::FunctorAnalysis<Kokkos::Impl::FunctorPatternInterface::REDUCE, Kokkos::RangePolicy<>, Kokkos::Sum<int, Kokkos::HostSpace>, int>::Reducer, void>, Kokkos::Impl::SYCLInternal::USMObjectMem<(sycl::_V1::usm::alloc)0>, true> const&, sycl::_V1::event const&) const::'lambda'(sycl::_V1::local_accessor<int, 1>, sycl::_V1::local_accessor<unsigned int, 1>, sycl::_V1::multi_ptr<int, (sycl::_V1::access::address_space)4, (sycl::_V1::access::decorated)2>, int)::operator()(sycl::_V1::local_accessor<int, 1>, sycl::_V1::local_accessor<unsigned int, 1>, sycl::_V1::multi_ptr<int, (sycl::_V1::access::address_space)4, (sycl::_V1::access::decorated)2>, int) const::'lambda'(sycl::_V1::nd_item<1>)'

warning: [RetryManager] Start recompilation of the kernel
in kernel: 'typeinfo name for sycl::_V1::event Kokkos::Impl::ParallelReduce<Kokkos::Impl::CombinedFunctorReducer<PrimitiveSolverHydro<Primitive::PiecewisePolytrope, Primitive::ResetFloor>::ConsToPrim(Kokkos::View<double*****, Kokkos::LayoutRight, Kokkos::SYCLDeviceUSMSpace>&, DvceFaceFld4D<double> const&, Kokkos::View<double*****, Kokkos::LayoutRight, Kokkos::SYCLDeviceUSMSpace>&, Kokkos::View<double*****, Kokkos::LayoutRight, Kokkos::SYCLDeviceUSMSpace>&, Kokkos::View<double*****, Kokkos::LayoutRight, Kokkos::SYCLDeviceUSMSpace>&, int, int, int, int, int, int, bool)::'lambda'(int const&, int&), Kokkos::Impl::FunctorAnalysis<Kokkos::Impl::FunctorPatternInterface::REDUCE, Kokkos::RangePolicy<>, Kokkos::Sum<int, Kokkos::HostSpace>, int>::Reducer, void>, Kokkos::RangePolicy<>, Kokkos::SYCL>::sycl_direct_launch<Kokkos::RangePolicy<>, Kokkos::Impl::SYCLFunctionWrapper<Kokkos::Impl::CombinedFunctorReducer<PrimitiveSolverHydro<Primitive::PiecewisePolytrope, Primitive::ResetFloor>::ConsToPrim(Kokkos::View<double*****, Kokkos::LayoutRight, Kokkos::SYCLDeviceUSMSpace>&, DvceFaceFld4D<double> const&, Kokkos::View<double*****, Kokkos::LayoutRight, Kokkos::SYCLDeviceUSMSpace>&, Kokkos::View<double*****, Kokkos::LayoutRight, Kokkos::SYCLDeviceUSMSpace>&, Kokkos::View<double*****, Kokkos::LayoutRight, Kokkos::SYCLDeviceUSMSpace>&, int, int, int, int, int, int, bool)::'lambda'(int const&, int&), Kokkos::Impl::FunctorAnalysis<Kokkos::Impl::FunctorPatternInterface::REDUCE, Kokkos::RangePolicy<>, Kokkos::Sum<int, Kokkos::HostSpace>, int>::Reducer, void>, Kokkos::Impl::SYCLInternal::USMObjectMem<(sycl::_V1::usm::alloc)0>, true>>(Kokkos::RangePolicy<> const&, Kokkos::Impl::SYCLFunctionWrapper<Kokkos::Impl::CombinedFunctorReducer<PrimitiveSolverHydro<Primitive::PiecewisePolytrope, Primitive::ResetFloor>::ConsToPrim(Kokkos::View<double*****, Kokkos::LayoutRight, Kokkos::SYCLDeviceUSMSpace>&, DvceFaceFld4D<double> const&, Kokkos::View<double*****, Kokkos::LayoutRight, Kokkos::SYCLDeviceUSMSpace>&, Kokkos::View<double*****, Kokkos::LayoutRight, Kokkos::SYCLDeviceUSMSpace>&, Kokkos::View<double*****, Kokkos::LayoutRight, Kokkos::SYCLDeviceUSMSpace>&, int, int, int, int, int, int, bool)::'lambda'(int const&, int&), Kokkos::Impl::FunctorAnalysis<Kokkos::Impl::FunctorPatternInterface::REDUCE, Kokkos::RangePolicy<>, Kokkos::Sum<int, Kokkos::HostSpace>, int>::Reducer, void>, Kokkos::Impl::SYCLInternal::USMObjectMem<(sycl::_V1::usm::alloc)0>, true> const&, sycl::_V1::event const&) const::'lambda'(sycl::_V1::local_accessor<int, 1>, sycl::_V1::local_accessor<unsigned int, 1>, sycl::_V1::multi_ptr<int, (sycl::_V1::access::address_space)4, (sycl::_V1::access::decorated)2>, int)::operator()(sycl::_V1::local_accessor<int, 1>, sycl::_V1::local_accessor<unsigned int, 1>, sycl::_V1::multi_ptr<int, (sycl::_V1::access::address_space)4, (sycl::_V1::access::decorated)2>, int) const::'lambda'(sycl::_V1::nd_item<1>)'

warning: [RetryManager] Start recompilation of the kernel
in kernel: 'typeinfo name for sycl::_V1::event Kokkos::Impl::ParallelReduce<Kokkos::Impl::CombinedFunctorReducer<PrimitiveSolverHydro<Primitive::EOSCompOSE<Primitive::NormalLogs>, Primitive::ResetFloor>::ConsToPrim(Kokkos::View<double*****, Kokkos::LayoutRight, Kokkos::SYCLDeviceUSMSpace>&, DvceFaceFld4D<double> const&, Kokkos::View<double*****, Kokkos::LayoutRight, Kokkos::SYCLDeviceUSMSpace>&, Kokkos::View<double*****, Kokkos::LayoutRight, Kokkos::SYCLDeviceUSMSpace>&, Kokkos::View<double*****, Kokkos::LayoutRight, Kokkos::SYCLDeviceUSMSpace>&, int, int, int, int, int, int, bool)::'lambda'(int const&, int&), Kokkos::Impl::FunctorAnalysis<Kokkos::Impl::FunctorPatternInterface::REDUCE, Kokkos::RangePolicy<>, Kokkos::Sum<int, Kokkos::HostSpace>, int>::Reducer, void>, Kokkos::RangePolicy<>, Kokkos::SYCL>::sycl_direct_launch<Kokkos::RangePolicy<>, Kokkos::Impl::SYCLFunctionWrapper<Kokkos::Impl::CombinedFunctorReducer<PrimitiveSolverHydro<Primitive::EOSCompOSE<Primitive::NormalLogs>, Primitive::ResetFloor>::ConsToPrim(Kokkos::View<double*****, Kokkos::LayoutRight, Kokkos::SYCLDeviceUSMSpace>&, DvceFaceFld4D<double> const&, Kokkos::View<double*****, Kokkos::LayoutRight, Kokkos::SYCLDeviceUSMSpace>&, Kokkos::View<double*****, Kokkos::LayoutRight, Kokkos::SYCLDeviceUSMSpace>&, Kokkos::View<double*****, Kokkos::LayoutRight, Kokkos::SYCLDeviceUSMSpace>&, int, int, int, int, int, int, bool)::'lambda'(int const&, int&), Kokkos::Impl::FunctorAnalysis<Kokkos::Impl::FunctorPatternInterface::REDUCE, Kokkos::RangePolicy<>, Kokkos::Sum<int, Kokkos::HostSpace>, int>::Reducer, void>, Kokkos::Impl::SYCLInternal::USMObjectMem<(sycl::_V1::usm::alloc)0>, true>>(Kokkos::RangePolicy<> const&, Kokkos::Impl::SYCLFunctionWrapper<Kokkos::Impl::CombinedFunctorReducer<PrimitiveSolverHydro<Primitive::EOSCompOSE<Primitive::NormalLogs>, Primitive::ResetFloor>::ConsToPrim(Kokkos::View<double*****, Kokkos::LayoutRight, Kokkos::SYCLDeviceUSMSpace>&, DvceFaceFld4D<double> const&, Kokkos::View<double*****, Kokkos::LayoutRight, Kokkos::SYCLDeviceUSMSpace>&, Kokkos::View<double*****, Kokkos::LayoutRight, Kokkos::SYCLDeviceUSMSpace>&, Kokkos::View<double*****, Kokkos::LayoutRight, Kokkos::SYCLDeviceUSMSpace>&, int, int, int, int, int, int, bool)::'lambda'(int const&, int&), Kokkos::Impl::FunctorAnalysis<Kokkos::Impl::FunctorPatternInterface::REDUCE, Kokkos::RangePolicy<>, Kokkos::Sum<int, Kokkos::HostSpace>, int>::Reducer, void>, Kokkos::Impl::SYCLInternal::USMObjectMem<(sycl::_V1::usm::alloc)0>, true> const&, sycl::_V1::event const&) const::'lambda'(sycl::_V1::local_accessor<int, 1>, sycl::_V1::local_accessor<unsigned int, 1>, sycl::_V1::multi_ptr<int, (sycl::_V1::access::address_space)4, (sycl::_V1::access::decorated)2>, int)::operator()(sycl::_V1::local_accessor<int, 1>, sycl::_V1::local_accessor<unsigned int, 1>, sycl::_V1::multi_ptr<int, (sycl::_V1::access::address_space)4, (sycl::_V1::access::decorated)2>, int) const::'lambda'(sycl::_V1::nd_item<1>)'

warning: [RetryManager] Start recompilation of the kernel
in kernel: 'typeinfo name for sycl::_V1::event Kokkos::Impl::ParallelReduce<Kokkos::Impl::CombinedFunctorReducer<PrimitiveSolverHydro<Primitive::EOSCompOSE<Primitive::NQTLogs>, Primitive::ResetFloor>::ConsToPrim(Kokkos::View<double*****, Kokkos::LayoutRight, Kokkos::SYCLDeviceUSMSpace>&, DvceFaceFld4D<double> const&, Kokkos::View<double*****, Kokkos::LayoutRight, Kokkos::SYCLDeviceUSMSpace>&, Kokkos::View<double*****, Kokkos::LayoutRight, Kokkos::SYCLDeviceUSMSpace>&, Kokkos::View<double*****, Kokkos::LayoutRight, Kokkos::SYCLDeviceUSMSpace>&, int, int, int, int, int, int, bool)::'lambda'(int const&, int&), Kokkos::Impl::FunctorAnalysis<Kokkos::Impl::FunctorPatternInterface::REDUCE, Kokkos::RangePolicy<>, Kokkos::Sum<int, Kokkos::HostSpace>, int>::Reducer, void>, Kokkos::RangePolicy<>, Kokkos::SYCL>::sycl_direct_launch<Kokkos::RangePolicy<>, Kokkos::Impl::SYCLFunctionWrapper<Kokkos::Impl::CombinedFunctorReducer<PrimitiveSolverHydro<Primitive::EOSCompOSE<Primitive::NQTLogs>, Primitive::ResetFloor>::ConsToPrim(Kokkos::View<double*****, Kokkos::LayoutRight, Kokkos::SYCLDeviceUSMSpace>&, DvceFaceFld4D<double> const&, Kokkos::View<double*****, Kokkos::LayoutRight, Kokkos::SYCLDeviceUSMSpace>&, Kokkos::View<double*****, Kokkos::LayoutRight, Kokkos::SYCLDeviceUSMSpace>&, Kokkos::View<double*****, Kokkos::LayoutRight, Kokkos::SYCLDeviceUSMSpace>&, int, int, int, int, int, int, bool)::'lambda'(int const&, int&), Kokkos::Impl::FunctorAnalysis<Kokkos::Impl::FunctorPatternInterface::REDUCE, Kokkos::RangePolicy<>, Kokkos::Sum<int, Kokkos::HostSpace>, int>::Reducer, void>, Kokkos::Impl::SYCLInternal::USMObjectMem<(sycl::_V1::usm::alloc)0>, true>>(Kokkos::RangePolicy<> const&, Kokkos::Impl::SYCLFunctionWrapper<Kokkos::Impl::CombinedFunctorReducer<PrimitiveSolverHydro<Primitive::EOSCompOSE<Primitive::NQTLogs>, Primitive::ResetFloor>::ConsToPrim(Kokkos::View<double*****, Kokkos::LayoutRight, Kokkos::SYCLDeviceUSMSpace>&, DvceFaceFld4D<double> const&, Kokkos::View<double*****, Kokkos::LayoutRight, Kokkos::SYCLDeviceUSMSpace>&, Kokkos::View<double*****, Kokkos::LayoutRight, Kokkos::SYCLDeviceUSMSpace>&, Kokkos::View<double*****, Kokkos::LayoutRight, Kokkos::SYCLDeviceUSMSpace>&, int, int, int, int, int, int, bool)::'lambda'(int const&, int&), Kokkos::Impl::FunctorAnalysis<Kokkos::Impl::FunctorPatternInterface::REDUCE, Kokkos::RangePolicy<>, Kokkos::Sum<int, Kokkos::HostSpace>, int>::Reducer, void>, Kokkos::Impl::SYCLInternal::USMObjectMem<(sycl::_V1::usm::alloc)0>, true> const&, sycl::_V1::event const&) const::'lambda'(sycl::_V1::local_accessor<int, 1>, sycl::_V1::local_accessor<unsigned int, 1>, sycl::_V1::multi_ptr<int, (sycl::_V1::access::address_space)4, (sycl::_V1::access::decorated)2>, int)::operator()(sycl::_V1::local_accessor<int, 1>, sycl::_V1::local_accessor<unsigned int, 1>, sycl::_V1::multi_ptr<int, (sycl::_V1::access::address_space)4, (sycl::_V1::access::decorated)2>, int) const::'lambda'(sycl::_V1::nd_item<1>)'

warning: [RetryManager] Start recompilation of the kernel
in kernel: 'typeinfo name for sycl::_V1::event Kokkos::Impl::ParallelReduce<Kokkos::Impl::CombinedFunctorReducer<PrimitiveSolverHydro<Primitive::EOSHybrid<Primitive::NormalLogs>, Primitive::ResetFloor>::ConsToPrim(Kokkos::View<double*****, Kokkos::LayoutRight, Kokkos::SYCLDeviceUSMSpace>&, DvceFaceFld4D<double> const&, Kokkos::View<double*****, Kokkos::LayoutRight, Kokkos::SYCLDeviceUSMSpace>&, Kokkos::View<double*****, Kokkos::LayoutRight, Kokkos::SYCLDeviceUSMSpace>&, Kokkos::View<double*****, Kokkos::LayoutRight, Kokkos::SYCLDeviceUSMSpace>&, int, int, int, int, int, int, bool)::'lambda'(int const&, int&), Kokkos::Impl::FunctorAnalysis<Kokkos::Impl::FunctorPatternInterface::REDUCE, Kokkos::RangePolicy<>, Kokkos::Sum<int, Kokkos::HostSpace>, int>::Reducer, void>, Kokkos::RangePolicy<>, Kokkos::SYCL>::sycl_direct_launch<Kokkos::RangePolicy<>, Kokkos::Impl::SYCLFunctionWrapper<Kokkos::Impl::CombinedFunctorReducer<PrimitiveSolverHydro<Primitive::EOSHybrid<Primitive::NormalLogs>, Primitive::ResetFloor>::ConsToPrim(Kokkos::View<double*****, Kokkos::LayoutRight, Kokkos::SYCLDeviceUSMSpace>&, DvceFaceFld4D<double> const&, Kokkos::View<double*****, Kokkos::LayoutRight, Kokkos::SYCLDeviceUSMSpace>&, Kokkos::View<double*****, Kokkos::LayoutRight, Kokkos::SYCLDeviceUSMSpace>&, Kokkos::View<double*****, Kokkos::LayoutRight, Kokkos::SYCLDeviceUSMSpace>&, int, int, int, int, int, int, bool)::'lambda'(int const&, int&), Kokkos::Impl::FunctorAnalysis<Kokkos::Impl::FunctorPatternInterface::REDUCE, Kokkos::RangePolicy<>, Kokkos::Sum<int, Kokkos::HostSpace>, int>::Reducer, void>, Kokkos::Impl::SYCLInternal::USMObjectMem<(sycl::_V1::usm::alloc)0>, true>>(Kokkos::RangePolicy<> const&, Kokkos::Impl::SYCLFunctionWrapper<Kokkos::Impl::CombinedFunctorReducer<PrimitiveSolverHydro<Primitive::EOSHybrid<Primitive::NormalLogs>, Primitive::ResetFloor>::ConsToPrim(Kokkos::View<double*****, Kokkos::LayoutRight, Kokkos::SYCLDeviceUSMSpace>&, DvceFaceFld4D<double> const&, Kokkos::View<double*****, Kokkos::LayoutRight, Kokkos::SYCLDeviceUSMSpace>&, Kokkos::View<double*****, Kokkos::LayoutRight, Kokkos::SYCLDeviceUSMSpace>&, Kokkos::View<double*****, Kokkos::LayoutRight, Kokkos::SYCLDeviceUSMSpace>&, int, int, int, int, int, int, bool)::'lambda'(int const&, int&), Kokkos::Impl::FunctorAnalysis<Kokkos::Impl::FunctorPatternInterface::REDUCE, Kokkos::RangePolicy<>, Kokkos::Sum<int, Kokkos::HostSpace>, int>::Reducer, void>, Kokkos::Impl::SYCLInternal::USMObjectMem<(sycl::_V1::usm::alloc)0>, true> const&, sycl::_V1::event const&) const::'lambda'(sycl::_V1::local_accessor<int, 1>, sycl::_V1::local_accessor<unsigned int, 1>, sycl::_V1::multi_ptr<int, (sycl::_V1::access::address_space)4, (sycl::_V1::access::decorated)2>, int)::operator()(sycl::_V1::local_accessor<int, 1>, sycl::_V1::local_accessor<unsigned int, 1>, sycl::_V1::multi_ptr<int, (sycl::_V1::access::address_space)4, (sycl::_V1::access::decorated)2>, int) const::'lambda'(sycl::_V1::nd_item<1>)'

warning: [RetryManager] Start recompilation of the kernel
in kernel: 'typeinfo name for sycl::_V1::event Kokkos::Impl::ParallelReduce<Kokkos::Impl::CombinedFunctorReducer<PrimitiveSolverHydro<Primitive::EOSHybrid<Primitive::NQTLogs>, Primitive::ResetFloor>::ConsToPrim(Kokkos::View<double*****, Kokkos::LayoutRight, Kokkos::SYCLDeviceUSMSpace>&, DvceFaceFld4D<double> const&, Kokkos::View<double*****, Kokkos::LayoutRight, Kokkos::SYCLDeviceUSMSpace>&, Kokkos::View<double*****, Kokkos::LayoutRight, Kokkos::SYCLDeviceUSMSpace>&, Kokkos::View<double*****, Kokkos::LayoutRight, Kokkos::SYCLDeviceUSMSpace>&, int, int, int, int, int, int, bool)::'lambda'(int const&, int&), Kokkos::Impl::FunctorAnalysis<Kokkos::Impl::FunctorPatternInterface::REDUCE, Kokkos::RangePolicy<>, Kokkos::Sum<int, Kokkos::HostSpace>, int>::Reducer, void>, Kokkos::RangePolicy<>, Kokkos::SYCL>::sycl_direct_launch<Kokkos::RangePolicy<>, Kokkos::Impl::SYCLFunctionWrapper<Kokkos::Impl::CombinedFunctorReducer<PrimitiveSolverHydro<Primitive::EOSHybrid<Primitive::NQTLogs>, Primitive::ResetFloor>::ConsToPrim(Kokkos::View<double*****, Kokkos::LayoutRight, Kokkos::SYCLDeviceUSMSpace>&, DvceFaceFld4D<double> const&, Kokkos::View<double*****, Kokkos::LayoutRight, Kokkos::SYCLDeviceUSMSpace>&, Kokkos::View<double*****, Kokkos::LayoutRight, Kokkos::SYCLDeviceUSMSpace>&, Kokkos::View<double*****, Kokkos::LayoutRight, Kokkos::SYCLDeviceUSMSpace>&, int, int, int, int, int, int, bool)::'lambda'(int const&, int&), Kokkos::Impl::FunctorAnalysis<Kokkos::Impl::FunctorPatternInterface::REDUCE, Kokkos::RangePolicy<>, Kokkos::Sum<int, Kokkos::HostSpace>, int>::Reducer, void>, Kokkos::Impl::SYCLInternal::USMObjectMem<(sycl::_V1::usm::alloc)0>, true>>(Kokkos::RangePolicy<> const&, Kokkos::Impl::SYCLFunctionWrapper<Kokkos::Impl::CombinedFunctorReducer<PrimitiveSolverHydro<Primitive::EOSHybrid<Primitive::NQTLogs>, Primitive::ResetFloor>::ConsToPrim(Kokkos::View<double*****, Kokkos::LayoutRight, Kokkos::SYCLDeviceUSMSpace>&, DvceFaceFld4D<double> const&, Kokkos::View<double*****, Kokkos::LayoutRight, Kokkos::SYCLDeviceUSMSpace>&, Kokkos::View<double*****, Kokkos::LayoutRight, Kokkos::SYCLDeviceUSMSpace>&, Kokkos::View<double*****, Kokkos::LayoutRight, Kokkos::SYCLDeviceUSMSpace>&, int, int, int, int, int, int, bool)::'lambda'(int const&, int&), Kokkos::Impl::FunctorAnalysis<Kokkos::Impl::FunctorPatternInterface::REDUCE, Kokkos::RangePolicy<>, Kokkos::Sum<int, Kokkos::HostSpace>, int>::Reducer, void>, Kokkos::Impl::SYCLInternal::USMObjectMem<(sycl::_V1::usm::alloc)0>, true> const&, sycl::_V1::event const&) const::'lambda'(sycl::_V1::local_accessor<int, 1>, sycl::_V1::local_accessor<unsigned int, 1>, sycl::_V1::multi_ptr<int, (sycl::_V1::access::address_space)4, (sycl::_V1::access::decorated)2>, int)::operator()(sycl::_V1::local_accessor<int, 1>, sycl::_V1::local_accessor<unsigned int, 1>, sycl::_V1::multi_ptr<int, (sycl::_V1::access::address_space)4, (sycl::_V1::access::decorated)2>, int) const::'lambda'(sycl::_V1::nd_item<1>)'

warning: [RetryManager] Start recompilation of the kernel
in kernel: 'typeinfo name for Kokkos::Impl::FunctorWrapperRangePolicyParallelForCustom<Kokkos::Impl::SYCLFunctionWrapper<void par_for<void dyngr::DynGRMHDPS<Primitive::IdealGas, Primitive::ResetFloor>::AddCoordTermsEOS<2>(Kokkos::View<double*****, Kokkos::LayoutRight, Kokkos::SYCLDeviceUSMSpace> const&, Kokkos::View<double*****, Kokkos::LayoutRight, Kokkos::SYCLDeviceUSMSpace> const&, double, Kokkos::View<double*****, Kokkos::LayoutRight, Kokkos::SYCLDeviceUSMSpace>&)::'lambda'(int, int, int, int)>(std::__cxx11::basic_string<char, std::char_traits<char>, std::allocator<char>> const&, Kokkos::SYCL, int const&, int const&, int const&, int const&, int const&, int const&, int const&, int const&, void dyngr::DynGRMHDPS<Primitive::IdealGas, Primitive::ResetFloor>::AddCoordTermsEOS<2>(Kokkos::View<double*****, Kokkos::LayoutRight, Kokkos::SYCLDeviceUSMSpace> const&, Kokkos::View<double*****, Kokkos::LayoutRight, Kokkos::SYCLDeviceUSMSpace> const&, double, Kokkos::View<double*****, Kokkos::LayoutRight, Kokkos::SYCLDeviceUSMSpace>&)::'lambda'(int, int, int, int) const&)::'lambda'(int const&), Kokkos::Impl::SYCLInternal::USMObjectMem<(sycl::_V1::usm::alloc)0>, false>, Kokkos::RangePolicy<>>'

warning: [RetryManager] Start recompilation of the kernel
in kernel: 'typeinfo name for Kokkos::Impl::FunctorWrapperRangePolicyParallelForCustom<Kokkos::Impl::SYCLFunctionWrapper<void par_for<void dyngr::DynGRMHDPS<Primitive::PiecewisePolytrope, Primitive::ResetFloor>::AddCoordTermsEOS<2>(Kokkos::View<double*****, Kokkos::LayoutRight, Kokkos::SYCLDeviceUSMSpace> const&, Kokkos::View<double*****, Kokkos::LayoutRight, Kokkos::SYCLDeviceUSMSpace> const&, double, Kokkos::View<double*****, Kokkos::LayoutRight, Kokkos::SYCLDeviceUSMSpace>&)::'lambda'(int, int, int, int)>(std::__cxx11::basic_string<char, std::char_traits<char>, std::allocator<char>> const&, Kokkos::SYCL, int const&, int const&, int const&, int const&, int const&, int const&, int const&, int const&, void dyngr::DynGRMHDPS<Primitive::PiecewisePolytrope, Primitive::ResetFloor>::AddCoordTermsEOS<2>(Kokkos::View<double*****, Kokkos::LayoutRight, Kokkos::SYCLDeviceUSMSpace> const&, Kokkos::View<double*****, Kokkos::LayoutRight, Kokkos::SYCLDeviceUSMSpace> const&, double, Kokkos::View<double*****, Kokkos::LayoutRight, Kokkos::SYCLDeviceUSMSpace>&)::'lambda'(int, int, int, int) const&)::'lambda'(int const&), Kokkos::Impl::SYCLInternal::USMObjectMem<(sycl::_V1::usm::alloc)0>, false>, Kokkos::RangePolicy<>>'

warning: [RetryManager] Start recompilation of the kernel
in kernel: 'typeinfo name for Kokkos::Impl::FunctorWrapperRangePolicyParallelForCustom<Kokkos::Impl::SYCLFunctionWrapper<void par_for<void dyngr::DynGRMHDPS<Primitive::EOSCompOSE<Primitive::NormalLogs>, Primitive::ResetFloor>::AddCoordTermsEOS<2>(Kokkos::View<double*****, Kokkos::LayoutRight, Kokkos::SYCLDeviceUSMSpace> const&, Kokkos::View<double*****, Kokkos::LayoutRight, Kokkos::SYCLDeviceUSMSpace> const&, double, Kokkos::View<double*****, Kokkos::LayoutRight, Kokkos::SYCLDeviceUSMSpace>&)::'lambda'(int, int, int, int)>(std::__cxx11::basic_string<char, std::char_traits<char>, std::allocator<char>> const&, Kokkos::SYCL, int const&, int const&, int const&, int const&, int const&, int const&, int const&, int const&, void dyngr::DynGRMHDPS<Primitive::EOSCompOSE<Primitive::NormalLogs>, Primitive::ResetFloor>::AddCoordTermsEOS<2>(Kokkos::View<double*****, Kokkos::LayoutRight, Kokkos::SYCLDeviceUSMSpace> const&, Kokkos::View<double*****, Kokkos::LayoutRight, Kokkos::SYCLDeviceUSMSpace> const&, double, Kokkos::View<double*****, Kokkos::LayoutRight, Kokkos::SYCLDeviceUSMSpace>&)::'lambda'(int, int, int, int) const&)::'lambda'(int const&), Kokkos::Impl::SYCLInternal::USMObjectMem<(sycl::_V1::usm::alloc)0>, false>, Kokkos::RangePolicy<>>'

warning: [RetryManager] Start recompilation of the kernel
in kernel: 'typeinfo name for Kokkos::Impl::FunctorWrapperRangePolicyParallelForCustom<Kokkos::Impl::SYCLFunctionWrapper<void par_for<void dyngr::DynGRMHDPS<Primitive::EOSCompOSE<Primitive::NQTLogs>, Primitive::ResetFloor>::AddCoordTermsEOS<2>(Kokkos::View<double*****, Kokkos::LayoutRight, Kokkos::SYCLDeviceUSMSpace> const&, Kokkos::View<double*****, Kokkos::LayoutRight, Kokkos::SYCLDeviceUSMSpace> const&, double, Kokkos::View<double*****, Kokkos::LayoutRight, Kokkos::SYCLDeviceUSMSpace>&)::'lambda'(int, int, int, int)>(std::__cxx11::basic_string<char, std::char_traits<char>, std::allocator<char>> const&, Kokkos::SYCL, int const&, int const&, int const&, int const&, int const&, int const&, int const&, int const&, void dyngr::DynGRMHDPS<Primitive::EOSCompOSE<Primitive::NQTLogs>, Primitive::ResetFloor>::AddCoordTermsEOS<2>(Kokkos::View<double*****, Kokkos::LayoutRight, Kokkos::SYCLDeviceUSMSpace> const&, Kokkos::View<double*****, Kokkos::LayoutRight, Kokkos::SYCLDeviceUSMSpace> const&, double, Kokkos::View<double*****, Kokkos::LayoutRight, Kokkos::SYCLDeviceUSMSpace>&)::'lambda'(int, int, int, int) const&)::'lambda'(int const&), Kokkos::Impl::SYCLInternal::USMObjectMem<(sycl::_V1::usm::alloc)0>, false>, Kokkos::RangePolicy<>>'

warning: [RetryManager] Start recompilation of the kernel
in kernel: 'typeinfo name for Kokkos::Impl::FunctorWrapperRangePolicyParallelForCustom<Kokkos::Impl::SYCLFunctionWrapper<void par_for<void dyngr::DynGRMHDPS<Primitive::EOSHybrid<Primitive::NormalLogs>, Primitive::ResetFloor>::AddCoordTermsEOS<2>(Kokkos::View<double*****, Kokkos::LayoutRight, Kokkos::SYCLDeviceUSMSpace> const&, Kokkos::View<double*****, Kokkos::LayoutRight, Kokkos::SYCLDeviceUSMSpace> const&, double, Kokkos::View<double*****, Kokkos::LayoutRight, Kokkos::SYCLDeviceUSMSpace>&)::'lambda'(int, int, int, int)>(std::__cxx11::basic_string<char, std::char_traits<char>, std::allocator<char>> const&, Kokkos::SYCL, int const&, int const&, int const&, int const&, int const&, int const&, int const&, int const&, void dyngr::DynGRMHDPS<Primitive::EOSHybrid<Primitive::NormalLogs>, Primitive::ResetFloor>::AddCoordTermsEOS<2>(Kokkos::View<double*****, Kokkos::LayoutRight, Kokkos::SYCLDeviceUSMSpace> const&, Kokkos::View<double*****, Kokkos::LayoutRight, Kokkos::SYCLDeviceUSMSpace> const&, double, Kokkos::View<double*****, Kokkos::LayoutRight, Kokkos::SYCLDeviceUSMSpace>&)::'lambda'(int, int, int, int) const&)::'lambda'(int const&), Kokkos::Impl::SYCLInternal::USMObjectMem<(sycl::_V1::usm::alloc)0>, false>, Kokkos::RangePolicy<>>'

warning: [RetryManager] Start recompilation of the kernel
in kernel: 'typeinfo name for Kokkos::Impl::FunctorWrapperRangePolicyParallelForCustom<Kokkos::Impl::SYCLFunctionWrapper<void par_for<void dyngr::DynGRMHDPS<Primitive::EOSHybrid<Primitive::NormalLogs>, Primitive::ResetFloor>::AddCoordTermsEOS<3>(Kokkos::View<double*****, Kokkos::LayoutRight, Kokkos::SYCLDeviceUSMSpace> const&, Kokkos::View<double*****, Kokkos::LayoutRight, Kokkos::SYCLDeviceUSMSpace> const&, double, Kokkos::View<double*****, Kokkos::LayoutRight, Kokkos::SYCLDeviceUSMSpace>&)::'lambda'(int, int, int, int)>(std::__cxx11::basic_string<char, std::char_traits<char>, std::allocator<char>> const&, Kokkos::SYCL, int const&, int const&, int const&, int const&, int const&, int const&, int const&, int const&, void dyngr::DynGRMHDPS<Primitive::EOSHybrid<Primitive::NormalLogs>, Primitive::ResetFloor>::AddCoordTermsEOS<3>(Kokkos::View<double*****, Kokkos::LayoutRight, Kokkos::SYCLDeviceUSMSpace> const&, Kokkos::View<double*****, Kokkos::LayoutRight, Kokkos::SYCLDeviceUSMSpace> const&, double, Kokkos::View<double*****, Kokkos::LayoutRight, Kokkos::SYCLDeviceUSMSpace>&)::'lambda'(int, int, int, int) const&)::'lambda'(int const&), Kokkos::Impl::SYCLInternal::USMObjectMem<(sycl::_V1::usm::alloc)0>, false>, Kokkos::RangePolicy<>>'

warning: [RetryManager] Start recompilation of the kernel
in kernel: 'typeinfo name for Kokkos::Impl::FunctorWrapperRangePolicyParallelForCustom<Kokkos::Impl::SYCLFunctionWrapper<void par_for<void dyngr::DynGRMHDPS<Primitive::EOSHybrid<Primitive::NQTLogs>, Primitive::ResetFloor>::AddCoordTermsEOS<2>(Kokkos::View<double*****, Kokkos::LayoutRight, Kokkos::SYCLDeviceUSMSpace> const&, Kokkos::View<double*****, Kokkos::LayoutRight, Kokkos::SYCLDeviceUSMSpace> const&, double, Kokkos::View<double*****, Kokkos::LayoutRight, Kokkos::SYCLDeviceUSMSpace>&)::'lambda'(int, int, int, int)>(std::__cxx11::basic_string<char, std::char_traits<char>, std::allocator<char>> const&, Kokkos::SYCL, int const&, int const&, int const&, int const&, int const&, int const&, int const&, int const&, void dyngr::DynGRMHDPS<Primitive::EOSHybrid<Primitive::NQTLogs>, Primitive::ResetFloor>::AddCoordTermsEOS<2>(Kokkos::View<double*****, Kokkos::LayoutRight, Kokkos::SYCLDeviceUSMSpace> const&, Kokkos::View<double*****, Kokkos::LayoutRight, Kokkos::SYCLDeviceUSMSpace> const&, double, Kokkos::View<double*****, Kokkos::LayoutRight, Kokkos::SYCLDeviceUSMSpace>&)::'lambda'(int, int, int, int) const&)::'lambda'(int const&), Kokkos::Impl::SYCLInternal::USMObjectMem<(sycl::_V1::usm::alloc)0>, false>, Kokkos::RangePolicy<>>'

warning: kernel _ZTSZZNK6Kokkos4Impl14ParallelReduceINS0_22CombinedFunctorReducerIZN20PrimitiveSolverHydroIN9Primitive8IdealGasENS4_10ResetFloorEE10ConsToPrimERNS_4ViewIPPPPPdJNS_11LayoutRightENS_18SYCLDeviceUSMSpaceEEEERK13DvceFaceFld4DIdESH_SH_SH_iiiiiibEUlRKiRiE_NS0_15FunctorAnalysisINS0_23FunctorPatternInterface6REDUCEENS_11RangePolicyIJEEENS_3SumIiNS_9HostSpaceEEEiE7ReducerEvEESU_NS_4SYCLEE18sycl_direct_launchISU_NS0_19SYCLFunctionWrapperIS10_NS0_12SYCLInternal12USMObjectMemILN4sycl3_V13usm5allocE0EEELb1EEEEENS18_5eventERKT_RKT0_RKS1D_ENKUlNS18_14local_accessorIiLi1EEENS1M_IjLi1EEENS18_9multi_ptrIiLNS18_6access13address_spaceE4ELNS1Q_9decoratedE2EEEiE_clES1N_S1O_S1T_iEUlNS18_7nd_itemILi1EEEE_  compiled SIMD32 allocated 256 regs and spilled around 58

warning: kernel _ZTSZZNK6Kokkos4Impl14ParallelReduceINS0_22CombinedFunctorReducerIZN20PrimitiveSolverHydroIN9Primitive18PiecewisePolytropeENS4_10ResetFloorEE10ConsToPrimERNS_4ViewIPPPPPdJNS_11LayoutRightENS_18SYCLDeviceUSMSpaceEEEERK13DvceFaceFld4DIdESH_SH_SH_iiiiiibEUlRKiRiE_NS0_15FunctorAnalysisINS0_23FunctorPatternInterface6REDUCEENS_11RangePolicyIJEEENS_3SumIiNS_9HostSpaceEEEiE7ReducerEvEESU_NS_4SYCLEE18sycl_direct_launchISU_NS0_19SYCLFunctionWrapperIS10_NS0_12SYCLInternal12USMObjectMemILN4sycl3_V13usm5allocE0EEELb1EEEEENS18_5eventERKT_RKT0_RKS1D_ENKUlNS18_14local_accessorIiLi1EEENS1M_IjLi1EEENS18_9multi_ptrIiLNS18_6access13address_spaceE4ELNS1Q_9decoratedE2EEEiE_clES1N_S1O_S1T_iEUlNS18_7nd_itemILi1EEEE_  compiled SIMD32 allocated 256 regs and spilled around 141

warning: kernel _ZTSZZNK6Kokkos4Impl14ParallelReduceINS0_22CombinedFunctorReducerIZN20PrimitiveSolverHydroIN9Primitive10EOSCompOSEINS4_10NormalLogsEEENS4_10ResetFloorEE10ConsToPrimERNS_4ViewIPPPPPdJNS_11LayoutRightENS_18SYCLDeviceUSMSpaceEEEERK13DvceFaceFld4DIdESJ_SJ_SJ_iiiiiibEUlRKiRiE_NS0_15FunctorAnalysisINS0_23FunctorPatternInterface6REDUCEENS_11RangePolicyIJEEENS_3SumIiNS_9HostSpaceEEEiE7ReducerEvEESW_NS_4SYCLEE18sycl_direct_launchISW_NS0_19SYCLFunctionWrapperIS12_NS0_12SYCLInternal12USMObjectMemILN4sycl3_V13usm5allocE0EEELb1EEEEENS1A_5eventERKT_RKT0_RKS1F_ENKUlNS1A_14local_accessorIiLi1EEENS1O_IjLi1EEENS1A_9multi_ptrIiLNS1A_6access13address_spaceE4ELNS1S_9decoratedE2EEEiE_clES1P_S1Q_S1V_iEUlNS1A_7nd_itemILi1EEEE_  compiled SIMD32 allocated 256 regs and spilled around 158

warning: kernel _ZTSZZNK6Kokkos4Impl14ParallelReduceINS0_22CombinedFunctorReducerIZN20PrimitiveSolverHydroIN9Primitive10EOSCompOSEINS4_7NQTLogsEEENS4_10ResetFloorEE10ConsToPrimERNS_4ViewIPPPPPdJNS_11LayoutRightENS_18SYCLDeviceUSMSpaceEEEERK13DvceFaceFld4DIdESJ_SJ_SJ_iiiiiibEUlRKiRiE_NS0_15FunctorAnalysisINS0_23FunctorPatternInterface6REDUCEENS_11RangePolicyIJEEENS_3SumIiNS_9HostSpaceEEEiE7ReducerEvEESW_NS_4SYCLEE18sycl_direct_launchISW_NS0_19SYCLFunctionWrapperIS12_NS0_12SYCLInternal12USMObjectMemILN4sycl3_V13usm5allocE0EEELb1EEEEENS1A_5eventERKT_RKT0_RKS1F_ENKUlNS1A_14local_accessorIiLi1EEENS1O_IjLi1EEENS1A_9multi_ptrIiLNS1A_6access13address_spaceE4ELNS1S_9decoratedE2EEEiE_clES1P_S1Q_S1V_iEUlNS1A_7nd_itemILi1EEEE_  compiled SIMD32 allocated 256 regs and spilled around 89

warning: kernel _ZTSZZNK6Kokkos4Impl14ParallelReduceINS0_22CombinedFunctorReducerIZN20PrimitiveSolverHydroIN9Primitive9EOSHybridINS4_10NormalLogsEEENS4_10ResetFloorEE10ConsToPrimERNS_4ViewIPPPPPdJNS_11LayoutRightENS_18SYCLDeviceUSMSpaceEEEERK13DvceFaceFld4DIdESJ_SJ_SJ_iiiiiibEUlRKiRiE_NS0_15FunctorAnalysisINS0_23FunctorPatternInterface6REDUCEENS_11RangePolicyIJEEENS_3SumIiNS_9HostSpaceEEEiE7ReducerEvEESW_NS_4SYCLEE18sycl_direct_launchISW_NS0_19SYCLFunctionWrapperIS12_NS0_12SYCLInternal12USMObjectMemILN4sycl3_V13usm5allocE0EEELb1EEEEENS1A_5eventERKT_RKT0_RKS1F_ENKUlNS1A_14local_accessorIiLi1EEENS1O_IjLi1EEENS1A_9multi_ptrIiLNS1A_6access13address_spaceE4ELNS1S_9decoratedE2EEEiE_clES1P_S1Q_S1V_iEUlNS1A_7nd_itemILi1EEEE_  compiled SIMD32 allocated 256 regs and spilled around 124

warning: kernel _ZTSZZNK6Kokkos4Impl14ParallelReduceINS0_22CombinedFunctorReducerIZN20PrimitiveSolverHydroIN9Primitive9EOSHybridINS4_7NQTLogsEEENS4_10ResetFloorEE10ConsToPrimERNS_4ViewIPPPPPdJNS_11LayoutRightENS_18SYCLDeviceUSMSpaceEEEERK13DvceFaceFld4DIdESJ_SJ_SJ_iiiiiibEUlRKiRiE_NS0_15FunctorAnalysisINS0_23FunctorPatternInterface6REDUCEENS_11RangePolicyIJEEENS_3SumIiNS_9HostSpaceEEEiE7ReducerEvEESW_NS_4SYCLEE18sycl_direct_launchISW_NS0_19SYCLFunctionWrapperIS12_NS0_12SYCLInternal12USMObjectMemILN4sycl3_V13usm5allocE0EEELb1EEEEENS1A_5eventERKT_RKT0_RKS1F_ENKUlNS1A_14local_accessorIiLi1EEENS1O_IjLi1EEENS1A_9multi_ptrIiLNS1A_6access13address_spaceE4ELNS1S_9decoratedE2EEEiE_clES1P_S1Q_S1V_iEUlNS1A_7nd_itemILi1EEEE_  compiled SIMD32 allocated 256 regs and spilled around 79

Build succeeded.
Compilation from IR - skipping loading of FCL
Build succeeded.
Compilation from IR - skipping loading of FCL

warning: kernel _ZTSZZNK6Kokkos4Impl14ParallelReduceINS0_22CombinedFunctorReducerIZN20PrimitiveSolverHydroIN9Primitive18PiecewisePolytropeENS4_10ResetFloorEE10ConsToPrimERNS_4ViewIPPPPPdJNS_11LayoutRightENS_18SYCLDeviceUSMSpaceEEEERK13DvceFaceFld4DIdESH_SH_SH_iiiiiibEUlRKiRiE_NS0_15FunctorAnalysisINS0_23FunctorPatternInterface6REDUCEENS_11RangePolicyIJEEENS_3SumIiNS_9HostSpaceEEEiE7ReducerEvEESU_NS_4SYCLEE18sycl_direct_launchISU_NS0_19SYCLFunctionWrapperIS10_NS0_12SYCLInternal12USMObjectMemILN4sycl3_V13usm5allocE0EEELb1EEEEENS18_5eventERKT_RKT0_RKS1D_ENKUlRNS18_7handlerEE_clES1N_EUlvE_  compiled SIMD32 allocated 256 regs and spilled around 41

warning: kernel _ZTSZZNK6Kokkos4Impl14ParallelReduceINS0_22CombinedFunctorReducerIZN20PrimitiveSolverHydroIN9Primitive10EOSCompOSEINS4_10NormalLogsEEENS4_10ResetFloorEE10ConsToPrimERNS_4ViewIPPPPPdJNS_11LayoutRightENS_18SYCLDeviceUSMSpaceEEEERK13DvceFaceFld4DIdESJ_SJ_SJ_iiiiiibEUlRKiRiE_NS0_15FunctorAnalysisINS0_23FunctorPatternInterface6REDUCEENS_11RangePolicyIJEEENS_3SumIiNS_9HostSpaceEEEiE7ReducerEvEESW_NS_4SYCLEE18sycl_direct_launchISW_NS0_19SYCLFunctionWrapperIS12_NS0_12SYCLInternal12USMObjectMemILN4sycl3_V13usm5allocE0EEELb1EEEEENS1A_5eventERKT_RKT0_RKS1F_ENKUlRNS1A_7handlerEE_clES1P_EUlvE_  compiled SIMD32 allocated 256 regs and spilled around 81

warning: kernel _ZTSN6Kokkos4Impl42FunctorWrapperRangePolicyParallelForCustomINS0_19SYCLFunctionWrapperIZ7par_forIZN5dyngr10DynGRMHDPSIN9Primitive10EOSCompOSEINS6_10NormalLogsEEENS6_10ResetFloorEE4FOFCIL16DynGRMHD_RSolver0EEEvP6DriveriEUliiiiE0_EvRKNSt7__cxx1112basic_stringIcSt11char_traitsIcESaIcEEENS_4SYCLERKiSR_SR_SR_SR_SR_SR_SR_RKT_EUlSR_E_NS0_12SYCLInternal12USMObjectMemILN4sycl3_V13usm5allocE0EEELb1EEENS_11RangePolicyIJEEEEE  compiled SIMD32 allocated 256 regs and spilled around 136

warning: kernel _ZTSN6Kokkos4Impl42FunctorWrapperRangePolicyParallelForCustomINS0_19SYCLFunctionWrapperIZ7par_forIZN5dyngr10DynGRMHDPSIN9Primitive10EOSCompOSEINS6_10NormalLogsEEENS6_10ResetFloorEE4FOFCIL16DynGRMHD_RSolver0EEEvP6DriveriEUliiiiE1_EvRKNSt7__cxx1112basic_stringIcSt11char_traitsIcESaIcEEENS_4SYCLERKiSR_SR_SR_SR_SR_SR_SR_RKT_EUlSR_E_NS0_12SYCLInternal12USMObjectMemILN4sycl3_V13usm5allocE0EEELb1EEENS_11RangePolicyIJEEEEE  compiled SIMD32 allocated 256 regs and spilled around 139

warning: kernel _ZTSN6Kokkos4Impl42FunctorWrapperRangePolicyParallelForCustomINS0_19SYCLFunctionWrapperIZ7par_forIZN5dyngr10DynGRMHDPSIN9Primitive10EOSCompOSEINS6_10NormalLogsEEENS6_10ResetFloorEE4FOFCIL16DynGRMHD_RSolver1EEEvP6DriveriEUliiiiE0_EvRKNSt7__cxx1112basic_stringIcSt11char_traitsIcESaIcEEENS_4SYCLERKiSR_SR_SR_SR_SR_SR_SR_RKT_EUlSR_E_NS0_12SYCLInternal12USMObjectMemILN4sycl3_V13usm5allocE0EEELb1EEENS_11RangePolicyIJEEEEE  compiled SIMD32 allocated 256 regs and spilled around 125

warning: kernel _ZTSN6Kokkos4Impl42FunctorWrapperRangePolicyParallelForCustomINS0_19SYCLFunctionWrapperIZ7par_forIZN5dyngr10DynGRMHDPSIN9Primitive10EOSCompOSEINS6_10NormalLogsEEENS6_10ResetFloorEE4FOFCIL16DynGRMHD_RSolver1EEEvP6DriveriEUliiiiE1_EvRKNSt7__cxx1112basic_stringIcSt11char_traitsIcESaIcEEENS_4SYCLERKiSR_SR_SR_SR_SR_SR_SR_RKT_EUlSR_E_NS0_12SYCLInternal12USMObjectMemILN4sycl3_V13usm5allocE0EEELb1EEENS_11RangePolicyIJEEEEE  compiled SIMD32 allocated 256 regs and spilled around 136

warning: kernel _ZTSN6Kokkos4Impl42FunctorWrapperRangePolicyParallelForCustomINS0_19SYCLFunctionWrapperIZ7par_forIZN5dyngr10DynGRMHDPSIN9Primitive10EOSCompOSEINS6_7NQTLogsEEENS6_10ResetFloorEE4FOFCIL16DynGRMHD_RSolver0EEEvP6DriveriEUliiiiE0_EvRKNSt7__cxx1112basic_stringIcSt11char_traitsIcESaIcEEENS_4SYCLERKiSR_SR_SR_SR_SR_SR_SR_RKT_EUlSR_E_NS0_12SYCLInternal12USMObjectMemILN4sycl3_V13usm5allocE0EEELb1EEENS_11RangePolicyIJEEEEE  compiled SIMD32 allocated 256 regs and spilled around 93

warning: kernel _ZTSN6Kokkos4Impl42FunctorWrapperRangePolicyParallelForCustomINS0_19SYCLFunctionWrapperIZ7par_forIZN5dyngr10DynGRMHDPSIN9Primitive10EOSCompOSEINS6_7NQTLogsEEENS6_10ResetFloorEE4FOFCIL16DynGRMHD_RSolver0EEEvP6DriveriEUliiiiE1_EvRKNSt7__cxx1112basic_stringIcSt11char_traitsIcESaIcEEENS_4SYCLERKiSR_SR_SR_SR_SR_SR_SR_RKT_EUlSR_E_NS0_12SYCLInternal12USMObjectMemILN4sycl3_V13usm5allocE0EEELb1EEENS_11RangePolicyIJEEEEE  compiled SIMD32 allocated 256 regs and spilled around 89

warning: kernel _ZTSN6Kokkos4Impl42FunctorWrapperRangePolicyParallelForCustomINS0_19SYCLFunctionWrapperIZ7par_forIZN5dyngr10DynGRMHDPSIN9Primitive10EOSCompOSEINS6_7NQTLogsEEENS6_10ResetFloorEE4FOFCIL16DynGRMHD_RSolver1EEEvP6DriveriEUliiiiE0_EvRKNSt7__cxx1112basic_stringIcSt11char_traitsIcESaIcEEENS_4SYCLERKiSR_SR_SR_SR_SR_SR_SR_RKT_EUlSR_E_NS0_12SYCLInternal12USMObjectMemILN4sycl3_V13usm5allocE0EEELb1EEENS_11RangePolicyIJEEEEE  compiled SIMD32 allocated 256 regs and spilled around 85

warning: kernel _ZTSN6Kokkos4Impl42FunctorWrapperRangePolicyParallelForCustomINS0_19SYCLFunctionWrapperIZ7par_forIZN5dyngr10DynGRMHDPSIN9Primitive10EOSCompOSEINS6_7NQTLogsEEENS6_10ResetFloorEE4FOFCIL16DynGRMHD_RSolver1EEEvP6DriveriEUliiiiE1_EvRKNSt7__cxx1112basic_stringIcSt11char_traitsIcESaIcEEENS_4SYCLERKiSR_SR_SR_SR_SR_SR_SR_RKT_EUlSR_E_NS0_12SYCLInternal12USMObjectMemILN4sycl3_V13usm5allocE0EEELb1EEENS_11RangePolicyIJEEEEE  compiled SIMD32 allocated 256 regs and spilled around 83

warning: kernel _ZTSZZNK6Kokkos4Impl14ParallelReduceINS0_22CombinedFunctorReducerIZN20PrimitiveSolverHydroIN9Primitive9EOSHybridINS4_10NormalLogsEEENS4_10ResetFloorEE10ConsToPrimERNS_4ViewIPPPPPdJNS_11LayoutRightENS_18SYCLDeviceUSMSpaceEEEERK13DvceFaceFld4DIdESJ_SJ_SJ_iiiiiibEUlRKiRiE_NS0_15FunctorAnalysisINS0_23FunctorPatternInterface6REDUCEENS_11RangePolicyIJEEENS_3SumIiNS_9HostSpaceEEEiE7ReducerEvEESW_NS_4SYCLEE18sycl_direct_launchISW_NS0_19SYCLFunctionWrapperIS12_NS0_12SYCLInternal12USMObjectMemILN4sycl3_V13usm5allocE0EEELb1EEEEENS1A_5eventERKT_RKT0_RKS1F_ENKUlRNS1A_7handlerEE_clES1P_EUlvE_  compiled SIMD32 allocated 256 regs and spilled around 7

warning: kernel _ZTSZZNK6Kokkos4Impl14ParallelReduceINS0_22CombinedFunctorReducerIZN20PrimitiveSolverHydroIN9Primitive9EOSHybridINS4_7NQTLogsEEENS4_10ResetFloorEE10ConsToPrimERNS_4ViewIPPPPPdJNS_11LayoutRightENS_18SYCLDeviceUSMSpaceEEEERK13DvceFaceFld4DIdESJ_SJ_SJ_iiiiiibEUlRKiRiE_NS0_15FunctorAnalysisINS0_23FunctorPatternInterface6REDUCEENS_11RangePolicyIJEEENS_3SumIiNS_9HostSpaceEEEiE7ReducerEvEESW_NS_4SYCLEE18sycl_direct_launchISW_NS0_19SYCLFunctionWrapperIS12_NS0_12SYCLInternal12USMObjectMemILN4sycl3_V13usm5allocE0EEELb1EEEEENS1A_5eventERKT_RKT0_RKS1F_ENKUlRNS1A_7handlerEE_clES1P_EUlvE_  compiled SIMD32 allocated 256 regs and spilled around 75

warning: [RetryManager] Start recompilation of the kernel
in kernel: 'typeinfo name for sycl::_V1::event Kokkos::Impl::ParallelReduce<Kokkos::Impl::CombinedFunctorReducer<PrimitiveSolverHydro<Primitive::IdealGas, Primitive::ResetFloor>::ConsToPrim(Kokkos::View<double*****, Kokkos::LayoutRight, Kokkos::SYCLDeviceUSMSpace>&, DvceFaceFld4D<double> const&, Kokkos::View<double*****, Kokkos::LayoutRight, Kokkos::SYCLDeviceUSMSpace>&, Kokkos::View<double*****, Kokkos::LayoutRight, Kokkos::SYCLDeviceUSMSpace>&, Kokkos::View<double*****, Kokkos::LayoutRight, Kokkos::SYCLDeviceUSMSpace>&, int, int, int, int, int, int, bool)::'lambda'(int const&, int&), Kokkos::Impl::FunctorAnalysis<Kokkos::Impl::FunctorPatternInterface::REDUCE, Kokkos::RangePolicy<>, Kokkos::Sum<int, Kokkos::HostSpace>, int>::Reducer, void>, Kokkos::RangePolicy<>, Kokkos::SYCL>::sycl_direct_launch<Kokkos::RangePolicy<>, Kokkos::Impl::SYCLFunctionWrapper<Kokkos::Impl::CombinedFunctorReducer<PrimitiveSolverHydro<Primitive::IdealGas, Primitive::ResetFloor>::ConsToPrim(Kokkos::View<double*****, Kokkos::LayoutRight, Kokkos::SYCLDeviceUSMSpace>&, DvceFaceFld4D<double> const&, Kokkos::View<double*****, Kokkos::LayoutRight, Kokkos::SYCLDeviceUSMSpace>&, Kokkos::View<double*****, Kokkos::LayoutRight, Kokkos::SYCLDeviceUSMSpace>&, Kokkos::View<double*****, Kokkos::LayoutRight, Kokkos::SYCLDeviceUSMSpace>&, int, int, int, int, int, int, bool)::'lambda'(int const&, int&), Kokkos::Impl::FunctorAnalysis<Kokkos::Impl::FunctorPatternInterface::REDUCE, Kokkos::RangePolicy<>, Kokkos::Sum<int, Kokkos::HostSpace>, int>::Reducer, void>, Kokkos::Impl::SYCLInternal::USMObjectMem<(sycl::_V1::usm::alloc)0>, true>>(Kokkos::RangePolicy<> const&, Kokkos::Impl::SYCLFunctionWrapper<Kokkos::Impl::CombinedFunctorReducer<PrimitiveSolverHydro<Primitive::IdealGas, Primitive::ResetFloor>::ConsToPrim(Kokkos::View<double*****, Kokkos::LayoutRight, Kokkos::SYCLDeviceUSMSpace>&, DvceFaceFld4D<double> const&, Kokkos::View<double*****, Kokkos::LayoutRight, Kokkos::SYCLDeviceUSMSpace>&, Kokkos::View<double*****, Kokkos::LayoutRight, Kokkos::SYCLDeviceUSMSpace>&, Kokkos::View<double*****, Kokkos::LayoutRight, Kokkos::SYCLDeviceUSMSpace>&, int, int, int, int, int, int, bool)::'lambda'(int const&, int&), Kokkos::Impl::FunctorAnalysis<Kokkos::Impl::FunctorPatternInterface::REDUCE, Kokkos::RangePolicy<>, Kokkos::Sum<int, Kokkos::HostSpace>, int>::Reducer, void>, Kokkos::Impl::SYCLInternal::USMObjectMem<(sycl::_V1::usm::alloc)0>, true> const&, sycl::_V1::event const&) const::'lambda'(sycl::_V1::local_accessor<int, 1>, sycl::_V1::local_accessor<unsigned int, 1>, sycl::_V1::multi_ptr<int, (sycl::_V1::access::address_space)4, (sycl::_V1::access::decorated)2>, int)::operator()(sycl::_V1::local_accessor<int, 1>, sycl::_V1::local_accessor<unsigned int, 1>, sycl::_V1::multi_ptr<int, (sycl::_V1::access::address_space)4, (sycl::_V1::access::decorated)2>, int) const::'lambda'(sycl::_V1::nd_item<1>)'

warning: [RetryManager] Start recompilation of the kernel
in kernel: 'typeinfo name for Kokkos::Impl::FunctorWrapperRangePolicyParallelForCustom<Kokkos::Impl::SYCLFunctionWrapper<void par_for<void dyngr::DynGRMHDPS<Primitive::IdealGas, Primitive::ResetFloor>::FOFC<(DynGRMHD_RSolver)0>(Driver*, int)::'lambda0'(int, int, int, int)>(std::__cxx11::basic_string<char, std::char_traits<char>, std::allocator<char>> const&, Kokkos::SYCL, int const&, int const&, int const&, int const&, int const&, int const&, int const&, int const&, void dyngr::DynGRMHDPS<Primitive::IdealGas, Primitive::ResetFloor>::FOFC<(DynGRMHD_RSolver)0>(Driver*, int)::'lambda0'(int, int, int, int) const&)::'lambda'(int const&), Kokkos::Impl::SYCLInternal::USMObjectMem<(sycl::_V1::usm::alloc)0>, false>, Kokkos::RangePolicy<>>'

warning: [RetryManager] Start recompilation of the kernel
in kernel: 'typeinfo name for Kokkos::Impl::FunctorWrapperRangePolicyParallelForCustom<Kokkos::Impl::SYCLFunctionWrapper<void par_for<void dyngr::DynGRMHDPS<Primitive::IdealGas, Primitive::ResetFloor>::FOFC<(DynGRMHD_RSolver)0>(Driver*, int)::'lambda1'(int, int, int, int)>(std::__cxx11::basic_string<char, std::char_traits<char>, std::allocator<char>> const&, Kokkos::SYCL, int const&, int const&, int const&, int const&, int const&, int const&, int const&, int const&, void dyngr::DynGRMHDPS<Primitive::IdealGas, Primitive::ResetFloor>::FOFC<(DynGRMHD_RSolver)0>(Driver*, int)::'lambda1'(int, int, int, int) const&)::'lambda'(int const&), Kokkos::Impl::SYCLInternal::USMObjectMem<(sycl::_V1::usm::alloc)0>, false>, Kokkos::RangePolicy<>>'

warning: [RetryManager] Start recompilation of the kernel
in kernel: 'typeinfo name for Kokkos::Impl::FunctorWrapperRangePolicyParallelForCustom<Kokkos::Impl::SYCLFunctionWrapper<void par_for<void dyngr::DynGRMHDPS<Primitive::IdealGas, Primitive::ResetFloor>::FOFC<(DynGRMHD_RSolver)1>(Driver*, int)::'lambda0'(int, int, int, int)>(std::__cxx11::basic_string<char, std::char_traits<char>, std::allocator<char>> const&, Kokkos::SYCL, int const&, int const&, int const&, int const&, int const&, int const&, int const&, int const&, void dyngr::DynGRMHDPS<Primitive::IdealGas, Primitive::ResetFloor>::FOFC<(DynGRMHD_RSolver)1>(Driver*, int)::'lambda0'(int, int, int, int) const&)::'lambda'(int const&), Kokkos::Impl::SYCLInternal::USMObjectMem<(sycl::_V1::usm::alloc)0>, false>, Kokkos::RangePolicy<>>'

warning: [RetryManager] Start recompilation of the kernel
in kernel: 'typeinfo name for Kokkos::Impl::FunctorWrapperRangePolicyParallelForCustom<Kokkos::Impl::SYCLFunctionWrapper<void par_for<void dyngr::DynGRMHDPS<Primitive::IdealGas, Primitive::ResetFloor>::FOFC<(DynGRMHD_RSolver)1>(Driver*, int)::'lambda1'(int, int, int, int)>(std::__cxx11::basic_string<char, std::char_traits<char>, std::allocator<char>> const&, Kokkos::SYCL, int const&, int const&, int const&, int const&, int const&, int const&, int const&, int const&, void dyngr::DynGRMHDPS<Primitive::IdealGas, Primitive::ResetFloor>::FOFC<(DynGRMHD_RSolver)1>(Driver*, int)::'lambda1'(int, int, int, int) const&)::'lambda'(int const&), Kokkos::Impl::SYCLInternal::USMObjectMem<(sycl::_V1::usm::alloc)0>, false>, Kokkos::RangePolicy<>>'

warning: [RetryManager] Start recompilation of the kernel
in kernel: 'typeinfo name for sycl::_V1::event Kokkos::Impl::ParallelReduce<Kokkos::Impl::CombinedFunctorReducer<PrimitiveSolverHydro<Primitive::PiecewisePolytrope, Primitive::ResetFloor>::ConsToPrim(Kokkos::View<double*****, Kokkos::LayoutRight, Kokkos::SYCLDeviceUSMSpace>&, DvceFaceFld4D<double> const&, Kokkos::View<double*****, Kokkos::LayoutRight, Kokkos::SYCLDeviceUSMSpace>&, Kokkos::View<double*****, Kokkos::LayoutRight, Kokkos::SYCLDeviceUSMSpace>&, Kokkos::View<double*****, Kokkos::LayoutRight, Kokkos::SYCLDeviceUSMSpace>&, int, int, int, int, int, int, bool)::'lambda'(int const&, int&), Kokkos::Impl::FunctorAnalysis<Kokkos::Impl::FunctorPatternInterface::REDUCE, Kokkos::RangePolicy<>, Kokkos::Sum<int, Kokkos::HostSpace>, int>::Reducer, void>, Kokkos::RangePolicy<>, Kokkos::SYCL>::sycl_direct_launch<Kokkos::RangePolicy<>, Kokkos::Impl::SYCLFunctionWrapper<Kokkos::Impl::CombinedFunctorReducer<PrimitiveSolverHydro<Primitive::PiecewisePolytrope, Primitive::ResetFloor>::ConsToPrim(Kokkos::View<double*****, Kokkos::LayoutRight, Kokkos::SYCLDeviceUSMSpace>&, DvceFaceFld4D<double> const&, Kokkos::View<double*****, Kokkos::LayoutRight, Kokkos::SYCLDeviceUSMSpace>&, Kokkos::View<double*****, Kokkos::LayoutRight, Kokkos::SYCLDeviceUSMSpace>&, Kokkos::View<double*****, Kokkos::LayoutRight, Kokkos::SYCLDeviceUSMSpace>&, int, int, int, int, int, int, bool)::'lambda'(int const&, int&), Kokkos::Impl::FunctorAnalysis<Kokkos::Impl::FunctorPatternInterface::REDUCE, Kokkos::RangePolicy<>, Kokkos::Sum<int, Kokkos::HostSpace>, int>::Reducer, void>, Kokkos::Impl::SYCLInternal::USMObjectMem<(sycl::_V1::usm::alloc)0>, true>>(Kokkos::RangePolicy<> const&, Kokkos::Impl::SYCLFunctionWrapper<Kokkos::Impl::CombinedFunctorReducer<PrimitiveSolverHydro<Primitive::PiecewisePolytrope, Primitive::ResetFloor>::ConsToPrim(Kokkos::View<double*****, Kokkos::LayoutRight, Kokkos::SYCLDeviceUSMSpace>&, DvceFaceFld4D<double> const&, Kokkos::View<double*****, Kokkos::LayoutRight, Kokkos::SYCLDeviceUSMSpace>&, Kokkos::View<double*****, Kokkos::LayoutRight, Kokkos::SYCLDeviceUSMSpace>&, Kokkos::View<double*****, Kokkos::LayoutRight, Kokkos::SYCLDeviceUSMSpace>&, int, int, int, int, int, int, bool)::'lambda'(int const&, int&), Kokkos::Impl::FunctorAnalysis<Kokkos::Impl::FunctorPatternInterface::REDUCE, Kokkos::RangePolicy<>, Kokkos::Sum<int, Kokkos::HostSpace>, int>::Reducer, void>, Kokkos::Impl::SYCLInternal::USMObjectMem<(sycl::_V1::usm::alloc)0>, true> const&, sycl::_V1::event const&) const::'lambda'(sycl::_V1::local_accessor<int, 1>, sycl::_V1::local_accessor<unsigned int, 1>, sycl::_V1::multi_ptr<int, (sycl::_V1::access::address_space)4, (sycl::_V1::access::decorated)2>, int)::operator()(sycl::_V1::local_accessor<int, 1>, sycl::_V1::local_accessor<unsigned int, 1>, sycl::_V1::multi_ptr<int, (sycl::_V1::access::address_space)4, (sycl::_V1::access::decorated)2>, int) const::'lambda'(sycl::_V1::nd_item<1>)'

warning: [RetryManager] Start recompilation of the kernel
in kernel: 'typeinfo name for Kokkos::Impl::FunctorWrapperRangePolicyParallelForCustom<Kokkos::Impl::SYCLFunctionWrapper<void par_for<void dyngr::DynGRMHDPS<Primitive::PiecewisePolytrope, Primitive::ResetFloor>::FOFC<(DynGRMHD_RSolver)0>(Driver*, int)::'lambda0'(int, int, int, int)>(std::__cxx11::basic_string<char, std::char_traits<char>, std::allocator<char>> const&, Kokkos::SYCL, int const&, int const&, int const&, int const&, int const&, int const&, int const&, int const&, void dyngr::DynGRMHDPS<Primitive::PiecewisePolytrope, Primitive::ResetFloor>::FOFC<(DynGRMHD_RSolver)0>(Driver*, int)::'lambda0'(int, int, int, int) const&)::'lambda'(int const&), Kokkos::Impl::SYCLInternal::USMObjectMem<(sycl::_V1::usm::alloc)0>, true>, Kokkos::RangePolicy<>>'

warning: [RetryManager] Start recompilation of the kernel
in kernel: 'typeinfo name for Kokkos::Impl::FunctorWrapperRangePolicyParallelForCustom<Kokkos::Impl::SYCLFunctionWrapper<void par_for<void dyngr::DynGRMHDPS<Primitive::PiecewisePolytrope, Primitive::ResetFloor>::FOFC<(DynGRMHD_RSolver)0>(Driver*, int)::'lambda1'(int, int, int, int)>(std::__cxx11::basic_string<char, std::char_traits<char>, std::allocator<char>> const&, Kokkos::SYCL, int const&, int const&, int const&, int const&, int const&, int const&, int const&, int const&, void dyngr::DynGRMHDPS<Primitive::PiecewisePolytrope, Primitive::ResetFloor>::FOFC<(DynGRMHD_RSolver)0>(Driver*, int)::'lambda1'(int, int, int, int) const&)::'lambda'(int const&), Kokkos::Impl::SYCLInternal::USMObjectMem<(sycl::_V1::usm::alloc)0>, true>, Kokkos::RangePolicy<>>'

warning: [RetryManager] Start recompilation of the kernel
in kernel: 'typeinfo name for Kokkos::Impl::FunctorWrapperRangePolicyParallelForCustom<Kokkos::Impl::SYCLFunctionWrapper<void par_for<void dyngr::DynGRMHDPS<Primitive::PiecewisePolytrope, Primitive::ResetFloor>::FOFC<(DynGRMHD_RSolver)1>(Driver*, int)::'lambda0'(int, int, int, int)>(std::__cxx11::basic_string<char, std::char_traits<char>, std::allocator<char>> const&, Kokkos::SYCL, int const&, int const&, int const&, int const&, int const&, int const&, int const&, int const&, void dyngr::DynGRMHDPS<Primitive::PiecewisePolytrope, Primitive::ResetFloor>::FOFC<(DynGRMHD_RSolver)1>(Driver*, int)::'lambda0'(int, int, int, int) const&)::'lambda'(int const&), Kokkos::Impl::SYCLInternal::USMObjectMem<(sycl::_V1::usm::alloc)0>, true>, Kokkos::RangePolicy<>>'

warning: [RetryManager] Start recompilation of the kernel
in kernel: 'typeinfo name for Kokkos::Impl::FunctorWrapperRangePolicyParallelForCustom<Kokkos::Impl::SYCLFunctionWrapper<void par_for<void dyngr::DynGRMHDPS<Primitive::PiecewisePolytrope, Primitive::ResetFloor>::FOFC<(DynGRMHD_RSolver)1>(Driver*, int)::'lambda1'(int, int, int, int)>(std::__cxx11::basic_string<char, std::char_traits<char>, std::allocator<char>> const&, Kokkos::SYCL, int const&, int const&, int const&, int const&, int const&, int const&, int const&, int const&, void dyngr::DynGRMHDPS<Primitive::PiecewisePolytrope, Primitive::ResetFloor>::FOFC<(DynGRMHD_RSolver)1>(Driver*, int)::'lambda1'(int, int, int, int) const&)::'lambda'(int const&), Kokkos::Impl::SYCLInternal::USMObjectMem<(sycl::_V1::usm::alloc)0>, true>, Kokkos::RangePolicy<>>'

warning: [RetryManager] Start recompilation of the kernel
in kernel: 'typeinfo name for sycl::_V1::event Kokkos::Impl::ParallelReduce<Kokkos::Impl::CombinedFunctorReducer<PrimitiveSolverHydro<Primitive::EOSCompOSE<Primitive::NormalLogs>, Primitive::ResetFloor>::ConsToPrim(Kokkos::View<double*****, Kokkos::LayoutRight, Kokkos::SYCLDeviceUSMSpace>&, DvceFaceFld4D<double> const&, Kokkos::View<double*****, Kokkos::LayoutRight, Kokkos::SYCLDeviceUSMSpace>&, Kokkos::View<double*****, Kokkos::LayoutRight, Kokkos::SYCLDeviceUSMSpace>&, Kokkos::View<double*****, Kokkos::LayoutRight, Kokkos::SYCLDeviceUSMSpace>&, int, int, int, int, int, int, bool)::'lambda'(int const&, int&), Kokkos::Impl::FunctorAnalysis<Kokkos::Impl::FunctorPatternInterface::REDUCE, Kokkos::RangePolicy<>, Kokkos::Sum<int, Kokkos::HostSpace>, int>::Reducer, void>, Kokkos::RangePolicy<>, Kokkos::SYCL>::sycl_direct_launch<Kokkos::RangePolicy<>, Kokkos::Impl::SYCLFunctionWrapper<Kokkos::Impl::CombinedFunctorReducer<PrimitiveSolverHydro<Primitive::EOSCompOSE<Primitive::NormalLogs>, Primitive::ResetFloor>::ConsToPrim(Kokkos::View<double*****, Kokkos::LayoutRight, Kokkos::SYCLDeviceUSMSpace>&, DvceFaceFld4D<double> const&, Kokkos::View<double*****, Kokkos::LayoutRight, Kokkos::SYCLDeviceUSMSpace>&, Kokkos::View<double*****, Kokkos::LayoutRight, Kokkos::SYCLDeviceUSMSpace>&, Kokkos::View<double*****, Kokkos::LayoutRight, Kokkos::SYCLDeviceUSMSpace>&, int, int, int, int, int, int, bool)::'lambda'(int const&, int&), Kokkos::Impl::FunctorAnalysis<Kokkos::Impl::FunctorPatternInterface::REDUCE, Kokkos::RangePolicy<>, Kokkos::Sum<int, Kokkos::HostSpace>, int>::Reducer, void>, Kokkos::Impl::SYCLInternal::USMObjectMem<(sycl::_V1::usm::alloc)0>, true>>(Kokkos::RangePolicy<> const&, Kokkos::Impl::SYCLFunctionWrapper<Kokkos::Impl::CombinedFunctorReducer<PrimitiveSolverHydro<Primitive::EOSCompOSE<Primitive::NormalLogs>, Primitive::ResetFloor>::ConsToPrim(Kokkos::View<double*****, Kokkos::LayoutRight, Kokkos::SYCLDeviceUSMSpace>&, DvceFaceFld4D<double> const&, Kokkos::View<double*****, Kokkos::LayoutRight, Kokkos::SYCLDeviceUSMSpace>&, Kokkos::View<double*****, Kokkos::LayoutRight, Kokkos::SYCLDeviceUSMSpace>&, Kokkos::View<double*****, Kokkos::LayoutRight, Kokkos::SYCLDeviceUSMSpace>&, int, int, int, int, int, int, bool)::'lambda'(int const&, int&), Kokkos::Impl::FunctorAnalysis<Kokkos::Impl::FunctorPatternInterface::REDUCE, Kokkos::RangePolicy<>, Kokkos::Sum<int, Kokkos::HostSpace>, int>::Reducer, void>, Kokkos::Impl::SYCLInternal::USMObjectMem<(sycl::_V1::usm::alloc)0>, true> const&, sycl::_V1::event const&) const::'lambda'(sycl::_V1::local_accessor<int, 1>, sycl::_V1::local_accessor<unsigned int, 1>, sycl::_V1::multi_ptr<int, (sycl::_V1::access::address_space)4, (sycl::_V1::access::decorated)2>, int)::operator()(sycl::_V1::local_accessor<int, 1>, sycl::_V1::local_accessor<unsigned int, 1>, sycl::_V1::multi_ptr<int, (sycl::_V1::access::address_space)4, (sycl::_V1::access::decorated)2>, int) const::'lambda'(sycl::_V1::nd_item<1>)'

warning: [RetryManager] Start recompilation of the kernel
in kernel: 'typeinfo name for sycl::_V1::event Kokkos::Impl::ParallelReduce<Kokkos::Impl::CombinedFunctorReducer<PrimitiveSolverHydro<Primitive::EOSCompOSE<Primitive::NQTLogs>, Primitive::ResetFloor>::ConsToPrim(Kokkos::View<double*****, Kokkos::LayoutRight, Kokkos::SYCLDeviceUSMSpace>&, DvceFaceFld4D<double> const&, Kokkos::View<double*****, Kokkos::LayoutRight, Kokkos::SYCLDeviceUSMSpace>&, Kokkos::View<double*****, Kokkos::LayoutRight, Kokkos::SYCLDeviceUSMSpace>&, Kokkos::View<double*****, Kokkos::LayoutRight, Kokkos::SYCLDeviceUSMSpace>&, int, int, int, int, int, int, bool)::'lambda'(int const&, int&), Kokkos::Impl::FunctorAnalysis<Kokkos::Impl::FunctorPatternInterface::REDUCE, Kokkos::RangePolicy<>, Kokkos::Sum<int, Kokkos::HostSpace>, int>::Reducer, void>, Kokkos::RangePolicy<>, Kokkos::SYCL>::sycl_direct_launch<Kokkos::RangePolicy<>, Kokkos::Impl::SYCLFunctionWrapper<Kokkos::Impl::CombinedFunctorReducer<PrimitiveSolverHydro<Primitive::EOSCompOSE<Primitive::NQTLogs>, Primitive::ResetFloor>::ConsToPrim(Kokkos::View<double*****, Kokkos::LayoutRight, Kokkos::SYCLDeviceUSMSpace>&, DvceFaceFld4D<double> const&, Kokkos::View<double*****, Kokkos::LayoutRight, Kokkos::SYCLDeviceUSMSpace>&, Kokkos::View<double*****, Kokkos::LayoutRight, Kokkos::SYCLDeviceUSMSpace>&, Kokkos::View<double*****, Kokkos::LayoutRight, Kokkos::SYCLDeviceUSMSpace>&, int, int, int, int, int, int, bool)::'lambda'(int const&, int&), Kokkos::Impl::FunctorAnalysis<Kokkos::Impl::FunctorPatternInterface::REDUCE, Kokkos::RangePolicy<>, Kokkos::Sum<int, Kokkos::HostSpace>, int>::Reducer, void>, Kokkos::Impl::SYCLInternal::USMObjectMem<(sycl::_V1::usm::alloc)0>, true>>(Kokkos::RangePolicy<> const&, Kokkos::Impl::SYCLFunctionWrapper<Kokkos::Impl::CombinedFunctorReducer<PrimitiveSolverHydro<Primitive::EOSCompOSE<Primitive::NQTLogs>, Primitive::ResetFloor>::ConsToPrim(Kokkos::View<double*****, Kokkos::LayoutRight, Kokkos::SYCLDeviceUSMSpace>&, DvceFaceFld4D<double> const&, Kokkos::View<double*****, Kokkos::LayoutRight, Kokkos::SYCLDeviceUSMSpace>&, Kokkos::View<double*****, Kokkos::LayoutRight, Kokkos::SYCLDeviceUSMSpace>&, Kokkos::View<double*****, Kokkos::LayoutRight, Kokkos::SYCLDeviceUSMSpace>&, int, int, int, int, int, int, bool)::'lambda'(int const&, int&), Kokkos::Impl::FunctorAnalysis<Kokkos::Impl::FunctorPatternInterface::REDUCE, Kokkos::RangePolicy<>, Kokkos::Sum<int, Kokkos::HostSpace>, int>::Reducer, void>, Kokkos::Impl::SYCLInternal::USMObjectMem<(sycl::_V1::usm::alloc)0>, true> const&, sycl::_V1::event const&) const::'lambda'(sycl::_V1::local_accessor<int, 1>, sycl::_V1::local_accessor<unsigned int, 1>, sycl::_V1::multi_ptr<int, (sycl::_V1::access::address_space)4, (sycl::_V1::access::decorated)2>, int)::operator()(sycl::_V1::local_accessor<int, 1>, sycl::_V1::local_accessor<unsigned int, 1>, sycl::_V1::multi_ptr<int, (sycl::_V1::access::address_space)4, (sycl::_V1::access::decorated)2>, int) const::'lambda'(sycl::_V1::nd_item<1>)'

warning: [RetryManager] Start recompilation of the kernel
in kernel: 'typeinfo name for sycl::_V1::event Kokkos::Impl::ParallelReduce<Kokkos::Impl::CombinedFunctorReducer<PrimitiveSolverHydro<Primitive::EOSHybrid<Primitive::NormalLogs>, Primitive::ResetFloor>::ConsToPrim(Kokkos::View<double*****, Kokkos::LayoutRight, Kokkos::SYCLDeviceUSMSpace>&, DvceFaceFld4D<double> const&, Kokkos::View<double*****, Kokkos::LayoutRight, Kokkos::SYCLDeviceUSMSpace>&, Kokkos::View<double*****, Kokkos::LayoutRight, Kokkos::SYCLDeviceUSMSpace>&, Kokkos::View<double*****, Kokkos::LayoutRight, Kokkos::SYCLDeviceUSMSpace>&, int, int, int, int, int, int, bool)::'lambda'(int const&, int&), Kokkos::Impl::FunctorAnalysis<Kokkos::Impl::FunctorPatternInterface::REDUCE, Kokkos::RangePolicy<>, Kokkos::Sum<int, Kokkos::HostSpace>, int>::Reducer, void>, Kokkos::RangePolicy<>, Kokkos::SYCL>::sycl_direct_launch<Kokkos::RangePolicy<>, Kokkos::Impl::SYCLFunctionWrapper<Kokkos::Impl::CombinedFunctorReducer<PrimitiveSolverHydro<Primitive::EOSHybrid<Primitive::NormalLogs>, Primitive::ResetFloor>::ConsToPrim(Kokkos::View<double*****, Kokkos::LayoutRight, Kokkos::SYCLDeviceUSMSpace>&, DvceFaceFld4D<double> const&, Kokkos::View<double*****, Kokkos::LayoutRight, Kokkos::SYCLDeviceUSMSpace>&, Kokkos::View<double*****, Kokkos::LayoutRight, Kokkos::SYCLDeviceUSMSpace>&, Kokkos::View<double*****, Kokkos::LayoutRight, Kokkos::SYCLDeviceUSMSpace>&, int, int, int, int, int, int, bool)::'lambda'(int const&, int&), Kokkos::Impl::FunctorAnalysis<Kokkos::Impl::FunctorPatternInterface::REDUCE, Kokkos::RangePolicy<>, Kokkos::Sum<int, Kokkos::HostSpace>, int>::Reducer, void>, Kokkos::Impl::SYCLInternal::USMObjectMem<(sycl::_V1::usm::alloc)0>, true>>(Kokkos::RangePolicy<> const&, Kokkos::Impl::SYCLFunctionWrapper<Kokkos::Impl::CombinedFunctorReducer<PrimitiveSolverHydro<Primitive::EOSHybrid<Primitive::NormalLogs>, Primitive::ResetFloor>::ConsToPrim(Kokkos::View<double*****, Kokkos::LayoutRight, Kokkos::SYCLDeviceUSMSpace>&, DvceFaceFld4D<double> const&, Kokkos::View<double*****, Kokkos::LayoutRight, Kokkos::SYCLDeviceUSMSpace>&, Kokkos::View<double*****, Kokkos::LayoutRight, Kokkos::SYCLDeviceUSMSpace>&, Kokkos::View<double*****, Kokkos::LayoutRight, Kokkos::SYCLDeviceUSMSpace>&, int, int, int, int, int, int, bool)::'lambda'(int const&, int&), Kokkos::Impl::FunctorAnalysis<Kokkos::Impl::FunctorPatternInterface::REDUCE, Kokkos::RangePolicy<>, Kokkos::Sum<int, Kokkos::HostSpace>, int>::Reducer, void>, Kokkos::Impl::SYCLInternal::USMObjectMem<(sycl::_V1::usm::alloc)0>, true> const&, sycl::_V1::event const&) const::'lambda'(sycl::_V1::local_accessor<int, 1>, sycl::_V1::local_accessor<unsigned int, 1>, sycl::_V1::multi_ptr<int, (sycl::_V1::access::address_space)4, (sycl::_V1::access::decorated)2>, int)::operator()(sycl::_V1::local_accessor<int, 1>, sycl::_V1::local_accessor<unsigned int, 1>, sycl::_V1::multi_ptr<int, (sycl::_V1::access::address_space)4, (sycl::_V1::access::decorated)2>, int) const::'lambda'(sycl::_V1::nd_item<1>)'

warning: [RetryManager] Start recompilation of the kernel
in kernel: 'typeinfo name for Kokkos::Impl::FunctorWrapperRangePolicyParallelForCustom<Kokkos::Impl::SYCLFunctionWrapper<void par_for<void dyngr::DynGRMHDPS<Primitive::EOSHybrid<Primitive::NormalLogs>, Primitive::ResetFloor>::FOFC<(DynGRMHD_RSolver)0>(Driver*, int)::'lambda0'(int, int, int, int)>(std::__cxx11::basic_string<char, std::char_traits<char>, std::allocator<char>> const&, Kokkos::SYCL, int const&, int const&, int const&, int const&, int const&, int const&, int const&, int const&, void dyngr::DynGRMHDPS<Primitive::EOSHybrid<Primitive::NormalLogs>, Primitive::ResetFloor>::FOFC<(DynGRMHD_RSolver)0>(Driver*, int)::'lambda0'(int, int, int, int) const&)::'lambda'(int const&), Kokkos::Impl::SYCLInternal::USMObjectMem<(sycl::_V1::usm::alloc)0>, false>, Kokkos::RangePolicy<>>'

warning: [RetryManager] Start recompilation of the kernel
in kernel: 'typeinfo name for Kokkos::Impl::FunctorWrapperRangePolicyParallelForCustom<Kokkos::Impl::SYCLFunctionWrapper<void par_for<void dyngr::DynGRMHDPS<Primitive::EOSHybrid<Primitive::NormalLogs>, Primitive::ResetFloor>::FOFC<(DynGRMHD_RSolver)0>(Driver*, int)::'lambda1'(int, int, int, int)>(std::__cxx11::basic_string<char, std::char_traits<char>, std::allocator<char>> const&, Kokkos::SYCL, int const&, int const&, int const&, int const&, int const&, int const&, int const&, int const&, void dyngr::DynGRMHDPS<Primitive::EOSHybrid<Primitive::NormalLogs>, Primitive::ResetFloor>::FOFC<(DynGRMHD_RSolver)0>(Driver*, int)::'lambda1'(int, int, int, int) const&)::'lambda'(int const&), Kokkos::Impl::SYCLInternal::USMObjectMem<(sycl::_V1::usm::alloc)0>, false>, Kokkos::RangePolicy<>>'

warning: [RetryManager] Start recompilation of the kernel
in kernel: 'typeinfo name for Kokkos::Impl::FunctorWrapperRangePolicyParallelForCustom<Kokkos::Impl::SYCLFunctionWrapper<void par_for<void dyngr::DynGRMHDPS<Primitive::EOSHybrid<Primitive::NormalLogs>, Primitive::ResetFloor>::FOFC<(DynGRMHD_RSolver)1>(Driver*, int)::'lambda0'(int, int, int, int)>(std::__cxx11::basic_string<char, std::char_traits<char>, std::allocator<char>> const&, Kokkos::SYCL, int const&, int const&, int const&, int const&, int const&, int const&, int const&, int const&, void dyngr::DynGRMHDPS<Primitive::EOSHybrid<Primitive::NormalLogs>, Primitive::ResetFloor>::FOFC<(DynGRMHD_RSolver)1>(Driver*, int)::'lambda0'(int, int, int, int) const&)::'lambda'(int const&), Kokkos::Impl::SYCLInternal::USMObjectMem<(sycl::_V1::usm::alloc)0>, false>, Kokkos::RangePolicy<>>'

warning: [RetryManager] Start recompilation of the kernel
in kernel: 'typeinfo name for Kokkos::Impl::FunctorWrapperRangePolicyParallelForCustom<Kokkos::Impl::SYCLFunctionWrapper<void par_for<void dyngr::DynGRMHDPS<Primitive::EOSHybrid<Primitive::NormalLogs>, Primitive::ResetFloor>::FOFC<(DynGRMHD_RSolver)1>(Driver*, int)::'lambda1'(int, int, int, int)>(std::__cxx11::basic_string<char, std::char_traits<char>, std::allocator<char>> const&, Kokkos::SYCL, int const&, int const&, int const&, int const&, int const&, int const&, int const&, int const&, void dyngr::DynGRMHDPS<Primitive::EOSHybrid<Primitive::NormalLogs>, Primitive::ResetFloor>::FOFC<(DynGRMHD_RSolver)1>(Driver*, int)::'lambda1'(int, int, int, int) const&)::'lambda'(int const&), Kokkos::Impl::SYCLInternal::USMObjectMem<(sycl::_V1::usm::alloc)0>, false>, Kokkos::RangePolicy<>>'

warning: [RetryManager] Start recompilation of the kernel
in kernel: 'typeinfo name for sycl::_V1::event Kokkos::Impl::ParallelReduce<Kokkos::Impl::CombinedFunctorReducer<PrimitiveSolverHydro<Primitive::EOSHybrid<Primitive::NQTLogs>, Primitive::ResetFloor>::ConsToPrim(Kokkos::View<double*****, Kokkos::LayoutRight, Kokkos::SYCLDeviceUSMSpace>&, DvceFaceFld4D<double> const&, Kokkos::View<double*****, Kokkos::LayoutRight, Kokkos::SYCLDeviceUSMSpace>&, Kokkos::View<double*****, Kokkos::LayoutRight, Kokkos::SYCLDeviceUSMSpace>&, Kokkos::View<double*****, Kokkos::LayoutRight, Kokkos::SYCLDeviceUSMSpace>&, int, int, int, int, int, int, bool)::'lambda'(int const&, int&), Kokkos::Impl::FunctorAnalysis<Kokkos::Impl::FunctorPatternInterface::REDUCE, Kokkos::RangePolicy<>, Kokkos::Sum<int, Kokkos::HostSpace>, int>::Reducer, void>, Kokkos::RangePolicy<>, Kokkos::SYCL>::sycl_direct_launch<Kokkos::RangePolicy<>, Kokkos::Impl::SYCLFunctionWrapper<Kokkos::Impl::CombinedFunctorReducer<PrimitiveSolverHydro<Primitive::EOSHybrid<Primitive::NQTLogs>, Primitive::ResetFloor>::ConsToPrim(Kokkos::View<double*****, Kokkos::LayoutRight, Kokkos::SYCLDeviceUSMSpace>&, DvceFaceFld4D<double> const&, Kokkos::View<double*****, Kokkos::LayoutRight, Kokkos::SYCLDeviceUSMSpace>&, Kokkos::View<double*****, Kokkos::LayoutRight, Kokkos::SYCLDeviceUSMSpace>&, Kokkos::View<double*****, Kokkos::LayoutRight, Kokkos::SYCLDeviceUSMSpace>&, int, int, int, int, int, int, bool)::'lambda'(int const&, int&), Kokkos::Impl::FunctorAnalysis<Kokkos::Impl::FunctorPatternInterface::REDUCE, Kokkos::RangePolicy<>, Kokkos::Sum<int, Kokkos::HostSpace>, int>::Reducer, void>, Kokkos::Impl::SYCLInternal::USMObjectMem<(sycl::_V1::usm::alloc)0>, true>>(Kokkos::RangePolicy<> const&, Kokkos::Impl::SYCLFunctionWrapper<Kokkos::Impl::CombinedFunctorReducer<PrimitiveSolverHydro<Primitive::EOSHybrid<Primitive::NQTLogs>, Primitive::ResetFloor>::ConsToPrim(Kokkos::View<double*****, Kokkos::LayoutRight, Kokkos::SYCLDeviceUSMSpace>&, DvceFaceFld4D<double> const&, Kokkos::View<double*****, Kokkos::LayoutRight, Kokkos::SYCLDeviceUSMSpace>&, Kokkos::View<double*****, Kokkos::LayoutRight, Kokkos::SYCLDeviceUSMSpace>&, Kokkos::View<double*****, Kokkos::LayoutRight, Kokkos::SYCLDeviceUSMSpace>&, int, int, int, int, int, int, bool)::'lambda'(int const&, int&), Kokkos::Impl::FunctorAnalysis<Kokkos::Impl::FunctorPatternInterface::REDUCE, Kokkos::RangePolicy<>, Kokkos::Sum<int, Kokkos::HostSpace>, int>::Reducer, void>, Kokkos::Impl::SYCLInternal::USMObjectMem<(sycl::_V1::usm::alloc)0>, true> const&, sycl::_V1::event const&) const::'lambda'(sycl::_V1::local_accessor<int, 1>, sycl::_V1::local_accessor<unsigned int, 1>, sycl::_V1::multi_ptr<int, (sycl::_V1::access::address_space)4, (sycl::_V1::access::decorated)2>, int)::operator()(sycl::_V1::local_accessor<int, 1>, sycl::_V1::local_accessor<unsigned int, 1>, sycl::_V1::multi_ptr<int, (sycl::_V1::access::address_space)4, (sycl::_V1::access::decorated)2>, int) const::'lambda'(sycl::_V1::nd_item<1>)'

warning: [RetryManager] Start recompilation of the kernel
in kernel: 'typeinfo name for Kokkos::Impl::FunctorWrapperRangePolicyParallelForCustom<Kokkos::Impl::SYCLFunctionWrapper<void par_for<void dyngr::DynGRMHDPS<Primitive::EOSHybrid<Primitive::NQTLogs>, Primitive::ResetFloor>::FOFC<(DynGRMHD_RSolver)0>(Driver*, int)::'lambda0'(int, int, int, int)>(std::__cxx11::basic_string<char, std::char_traits<char>, std::allocator<char>> const&, Kokkos::SYCL, int const&, int const&, int const&, int const&, int const&, int const&, int const&, int const&, void dyngr::DynGRMHDPS<Primitive::EOSHybrid<Primitive::NQTLogs>, Primitive::ResetFloor>::FOFC<(DynGRMHD_RSolver)0>(Driver*, int)::'lambda0'(int, int, int, int) const&)::'lambda'(int const&), Kokkos::Impl::SYCLInternal::USMObjectMem<(sycl::_V1::usm::alloc)0>, false>, Kokkos::RangePolicy<>>'

warning: [RetryManager] Start recompilation of the kernel
in kernel: 'typeinfo name for Kokkos::Impl::FunctorWrapperRangePolicyParallelForCustom<Kokkos::Impl::SYCLFunctionWrapper<void par_for<void dyngr::DynGRMHDPS<Primitive::EOSHybrid<Primitive::NQTLogs>, Primitive::ResetFloor>::FOFC<(DynGRMHD_RSolver)0>(Driver*, int)::'lambda1'(int, int, int, int)>(std::__cxx11::basic_string<char, std::char_traits<char>, std::allocator<char>> const&, Kokkos::SYCL, int const&, int const&, int const&, int const&, int const&, int const&, int const&, int const&, void dyngr::DynGRMHDPS<Primitive::EOSHybrid<Primitive::NQTLogs>, Primitive::ResetFloor>::FOFC<(DynGRMHD_RSolver)0>(Driver*, int)::'lambda1'(int, int, int, int) const&)::'lambda'(int const&), Kokkos::Impl::SYCLInternal::USMObjectMem<(sycl::_V1::usm::alloc)0>, false>, Kokkos::RangePolicy<>>'

warning: [RetryManager] Start recompilation of the kernel
in kernel: 'typeinfo name for Kokkos::Impl::FunctorWrapperRangePolicyParallelForCustom<Kokkos::Impl::SYCLFunctionWrapper<void par_for<void dyngr::DynGRMHDPS<Primitive::EOSHybrid<Primitive::NQTLogs>, Primitive::ResetFloor>::FOFC<(DynGRMHD_RSolver)1>(Driver*, int)::'lambda0'(int, int, int, int)>(std::__cxx11::basic_string<char, std::char_traits<char>, std::allocator<char>> const&, Kokkos::SYCL, int const&, int const&, int const&, int const&, int const&, int const&, int const&, int const&, void dyngr::DynGRMHDPS<Primitive::EOSHybrid<Primitive::NQTLogs>, Primitive::ResetFloor>::FOFC<(DynGRMHD_RSolver)1>(Driver*, int)::'lambda0'(int, int, int, int) const&)::'lambda'(int const&), Kokkos::Impl::SYCLInternal::USMObjectMem<(sycl::_V1::usm::alloc)0>, false>, Kokkos::RangePolicy<>>'

warning: [RetryManager] Start recompilation of the kernel
in kernel: 'typeinfo name for Kokkos::Impl::FunctorWrapperRangePolicyParallelForCustom<Kokkos::Impl::SYCLFunctionWrapper<void par_for<void dyngr::DynGRMHDPS<Primitive::EOSHybrid<Primitive::NQTLogs>, Primitive::ResetFloor>::FOFC<(DynGRMHD_RSolver)1>(Driver*, int)::'lambda1'(int, int, int, int)>(std::__cxx11::basic_string<char, std::char_traits<char>, std::allocator<char>> const&, Kokkos::SYCL, int const&, int const&, int const&, int const&, int const&, int const&, int const&, int const&, void dyngr::DynGRMHDPS<Primitive::EOSHybrid<Primitive::NQTLogs>, Primitive::ResetFloor>::FOFC<(DynGRMHD_RSolver)1>(Driver*, int)::'lambda1'(int, int, int, int) const&)::'lambda'(int const&), Kokkos::Impl::SYCLInternal::USMObjectMem<(sycl::_V1::usm::alloc)0>, false>, Kokkos::RangePolicy<>>'

warning: kernel _ZTSZZNK6Kokkos4Impl14ParallelReduceINS0_22CombinedFunctorReducerIZN20PrimitiveSolverHydroIN9Primitive8IdealGasENS4_10ResetFloorEE10ConsToPrimERNS_4ViewIPPPPPdJNS_11LayoutRightENS_18SYCLDeviceUSMSpaceEEEERK13DvceFaceFld4DIdESH_SH_SH_iiiiiibEUlRKiRiE_NS0_15FunctorAnalysisINS0_23FunctorPatternInterface6REDUCEENS_11RangePolicyIJEEENS_3SumIiNS_9HostSpaceEEEiE7ReducerEvEESU_NS_4SYCLEE18sycl_direct_launchISU_NS0_19SYCLFunctionWrapperIS10_NS0_12SYCLInternal12USMObjectMemILN4sycl3_V13usm5allocE0EEELb1EEEEENS18_5eventERKT_RKT0_RKS1D_ENKUlNS18_14local_accessorIiLi1EEENS1M_IjLi1EEENS18_9multi_ptrIiLNS18_6access13address_spaceE4ELNS1Q_9decoratedE2EEEiE_clES1N_S1O_S1T_iEUlNS18_7nd_itemILi1EEEE_  compiled SIMD32 allocated 256 regs and spilled around 58

warning: kernel _ZTSN6Kokkos4Impl42FunctorWrapperRangePolicyParallelForCustomINS0_19SYCLFunctionWrapperIZ7par_forIZN5dyngr10DynGRMHDPSIN9Primitive8IdealGasENS6_10ResetFloorEE4FOFCIL16DynGRMHD_RSolver0EEEvP6DriveriEUliiiiE0_EvRKNSt7__cxx1112basic_stringIcSt11char_traitsIcESaIcEEENS_4SYCLERKiSP_SP_SP_SP_SP_SP_SP_RKT_EUlSP_E_NS0_12SYCLInternal12USMObjectMemILN4sycl3_V13usm5allocE0EEELb0EEENS_11RangePolicyIJEEEEE  compiled SIMD32 allocated 256 regs and spilled around 49

warning: kernel _ZTSN6Kokkos4Impl42FunctorWrapperRangePolicyParallelForCustomINS0_19SYCLFunctionWrapperIZ7par_forIZN5dyngr10DynGRMHDPSIN9Primitive8IdealGasENS6_10ResetFloorEE4FOFCIL16DynGRMHD_RSolver0EEEvP6DriveriEUliiiiE1_EvRKNSt7__cxx1112basic_stringIcSt11char_traitsIcESaIcEEENS_4SYCLERKiSP_SP_SP_SP_SP_SP_SP_RKT_EUlSP_E_NS0_12SYCLInternal12USMObjectMemILN4sycl3_V13usm5allocE0EEELb0EEENS_11RangePolicyIJEEEEE  compiled SIMD32 allocated 256 regs and spilled around 47

warning: kernel _ZTSN6Kokkos4Impl42FunctorWrapperRangePolicyParallelForCustomINS0_19SYCLFunctionWrapperIZ7par_forIZN5dyngr10DynGRMHDPSIN9Primitive8IdealGasENS6_10ResetFloorEE4FOFCIL16DynGRMHD_RSolver1EEEvP6DriveriEUliiiiE0_EvRKNSt7__cxx1112basic_stringIcSt11char_traitsIcESaIcEEENS_4SYCLERKiSP_SP_SP_SP_SP_SP_SP_RKT_EUlSP_E_NS0_12SYCLInternal12USMObjectMemILN4sycl3_V13usm5allocE0EEELb0EEENS_11RangePolicyIJEEEEE  compiled SIMD32 allocated 256 regs and spilled around 55

warning: kernel _ZTSN6Kokkos4Impl42FunctorWrapperRangePolicyParallelForCustomINS0_19SYCLFunctionWrapperIZ7par_forIZN5dyngr10DynGRMHDPSIN9Primitive8IdealGasENS6_10ResetFloorEE4FOFCIL16DynGRMHD_RSolver1EEEvP6DriveriEUliiiiE1_EvRKNSt7__cxx1112basic_stringIcSt11char_traitsIcESaIcEEENS_4SYCLERKiSP_SP_SP_SP_SP_SP_SP_RKT_EUlSP_E_NS0_12SYCLInternal12USMObjectMemILN4sycl3_V13usm5allocE0EEELb0EEENS_11RangePolicyIJEEEEE  compiled SIMD32 allocated 256 regs and spilled around 57

warning: kernel _ZTSZZNK6Kokkos4Impl14ParallelReduceINS0_22CombinedFunctorReducerIZN20PrimitiveSolverHydroIN9Primitive18PiecewisePolytropeENS4_10ResetFloorEE10ConsToPrimERNS_4ViewIPPPPPdJNS_11LayoutRightENS_18SYCLDeviceUSMSpaceEEEERK13DvceFaceFld4DIdESH_SH_SH_iiiiiibEUlRKiRiE_NS0_15FunctorAnalysisINS0_23FunctorPatternInterface6REDUCEENS_11RangePolicyIJEEENS_3SumIiNS_9HostSpaceEEEiE7ReducerEvEESU_NS_4SYCLEE18sycl_direct_launchISU_NS0_19SYCLFunctionWrapperIS10_NS0_12SYCLInternal12USMObjectMemILN4sycl3_V13usm5allocE0EEELb1EEEEENS18_5eventERKT_RKT0_RKS1D_ENKUlNS18_14local_accessorIiLi1EEENS1M_IjLi1EEENS18_9multi_ptrIiLNS18_6access13address_spaceE4ELNS1Q_9decoratedE2EEEiE_clES1N_S1O_S1T_iEUlNS18_7nd_itemILi1EEEE_  compiled SIMD32 allocated 256 regs and spilled around 141

warning: kernel _ZTSN6Kokkos4Impl42FunctorWrapperRangePolicyParallelForCustomINS0_19SYCLFunctionWrapperIZ7par_forIZN5dyngr10DynGRMHDPSIN9Primitive18PiecewisePolytropeENS6_10ResetFloorEE4FOFCIL16DynGRMHD_RSolver0EEEvP6DriveriEUliiiiE0_EvRKNSt7__cxx1112basic_stringIcSt11char_traitsIcESaIcEEENS_4SYCLERKiSP_SP_SP_SP_SP_SP_SP_RKT_EUlSP_E_NS0_12SYCLInternal12USMObjectMemILN4sycl3_V13usm5allocE0EEELb1EEENS_11RangePolicyIJEEEEE  compiled SIMD32 allocated 256 regs and spilled around 20

warning: kernel _ZTSN6Kokkos4Impl42FunctorWrapperRangePolicyParallelForCustomINS0_19SYCLFunctionWrapperIZ7par_forIZN5dyngr10DynGRMHDPSIN9Primitive18PiecewisePolytropeENS6_10ResetFloorEE4FOFCIL16DynGRMHD_RSolver0EEEvP6DriveriEUliiiiE1_EvRKNSt7__cxx1112basic_stringIcSt11char_traitsIcESaIcEEENS_4SYCLERKiSP_SP_SP_SP_SP_SP_SP_RKT_EUlSP_E_NS0_12SYCLInternal12USMObjectMemILN4sycl3_V13usm5allocE0EEELb1EEENS_11RangePolicyIJEEEEE  compiled SIMD32 allocated 256 regs and spilled around 19

warning: kernel _ZTSN6Kokkos4Impl42FunctorWrapperRangePolicyParallelForCustomINS0_19SYCLFunctionWrapperIZ7par_forIZN5dyngr10DynGRMHDPSIN9Primitive18PiecewisePolytropeENS6_10ResetFloorEE4FOFCIL16DynGRMHD_RSolver1EEEvP6DriveriEUliiiiE0_EvRKNSt7__cxx1112basic_stringIcSt11char_traitsIcESaIcEEENS_4SYCLERKiSP_SP_SP_SP_SP_SP_SP_RKT_EUlSP_E_NS0_12SYCLInternal12USMObjectMemILN4sycl3_V13usm5allocE0EEELb1EEENS_11RangePolicyIJEEEEE  compiled SIMD32 allocated 256 regs and spilled around 16

warning: kernel _ZTSN6Kokkos4Impl42FunctorWrapperRangePolicyParallelForCustomINS0_19SYCLFunctionWrapperIZ7par_forIZN5dyngr10DynGRMHDPSIN9Primitive18PiecewisePolytropeENS6_10ResetFloorEE4FOFCIL16DynGRMHD_RSolver1EEEvP6DriveriEUliiiiE1_EvRKNSt7__cxx1112basic_stringIcSt11char_traitsIcESaIcEEENS_4SYCLERKiSP_SP_SP_SP_SP_SP_SP_RKT_EUlSP_E_NS0_12SYCLInternal12USMObjectMemILN4sycl3_V13usm5allocE0EEELb1EEENS_11RangePolicyIJEEEEE  compiled SIMD32 allocated 256 regs and spilled around 16

warning: kernel _ZTSZZNK6Kokkos4Impl14ParallelReduceINS0_22CombinedFunctorReducerIZN20PrimitiveSolverHydroIN9Primitive10EOSCompOSEINS4_10NormalLogsEEENS4_10ResetFloorEE10ConsToPrimERNS_4ViewIPPPPPdJNS_11LayoutRightENS_18SYCLDeviceUSMSpaceEEEERK13DvceFaceFld4DIdESJ_SJ_SJ_iiiiiibEUlRKiRiE_NS0_15FunctorAnalysisINS0_23FunctorPatternInterface6REDUCEENS_11RangePolicyIJEEENS_3SumIiNS_9HostSpaceEEEiE7ReducerEvEESW_NS_4SYCLEE18sycl_direct_launchISW_NS0_19SYCLFunctionWrapperIS12_NS0_12SYCLInternal12USMObjectMemILN4sycl3_V13usm5allocE0EEELb1EEEEENS1A_5eventERKT_RKT0_RKS1F_ENKUlNS1A_14local_accessorIiLi1EEENS1O_IjLi1EEENS1A_9multi_ptrIiLNS1A_6access13address_spaceE4ELNS1S_9decoratedE2EEEiE_clES1P_S1Q_S1V_iEUlNS1A_7nd_itemILi1EEEE_  compiled SIMD32 allocated 256 regs and spilled around 158

warning: kernel _ZTSZZNK6Kokkos4Impl14ParallelReduceINS0_22CombinedFunctorReducerIZN20PrimitiveSolverHydroIN9Primitive10EOSCompOSEINS4_7NQTLogsEEENS4_10ResetFloorEE10ConsToPrimERNS_4ViewIPPPPPdJNS_11LayoutRightENS_18SYCLDeviceUSMSpaceEEEERK13DvceFaceFld4DIdESJ_SJ_SJ_iiiiiibEUlRKiRiE_NS0_15FunctorAnalysisINS0_23FunctorPatternInterface6REDUCEENS_11RangePolicyIJEEENS_3SumIiNS_9HostSpaceEEEiE7ReducerEvEESW_NS_4SYCLEE18sycl_direct_launchISW_NS0_19SYCLFunctionWrapperIS12_NS0_12SYCLInternal12USMObjectMemILN4sycl3_V13usm5allocE0EEELb1EEEEENS1A_5eventERKT_RKT0_RKS1F_ENKUlNS1A_14local_accessorIiLi1EEENS1O_IjLi1EEENS1A_9multi_ptrIiLNS1A_6access13address_spaceE4ELNS1S_9decoratedE2EEEiE_clES1P_S1Q_S1V_iEUlNS1A_7nd_itemILi1EEEE_  compiled SIMD32 allocated 256 regs and spilled around 89

warning: kernel _ZTSZZNK6Kokkos4Impl14ParallelReduceINS0_22CombinedFunctorReducerIZN20PrimitiveSolverHydroIN9Primitive9EOSHybridINS4_10NormalLogsEEENS4_10ResetFloorEE10ConsToPrimERNS_4ViewIPPPPPdJNS_11LayoutRightENS_18SYCLDeviceUSMSpaceEEEERK13DvceFaceFld4DIdESJ_SJ_SJ_iiiiiibEUlRKiRiE_NS0_15FunctorAnalysisINS0_23FunctorPatternInterface6REDUCEENS_11RangePolicyIJEEENS_3SumIiNS_9HostSpaceEEEiE7ReducerEvEESW_NS_4SYCLEE18sycl_direct_launchISW_NS0_19SYCLFunctionWrapperIS12_NS0_12SYCLInternal12USMObjectMemILN4sycl3_V13usm5allocE0EEELb1EEEEENS1A_5eventERKT_RKT0_RKS1F_ENKUlNS1A_14local_accessorIiLi1EEENS1O_IjLi1EEENS1A_9multi_ptrIiLNS1A_6access13address_spaceE4ELNS1S_9decoratedE2EEEiE_clES1P_S1Q_S1V_iEUlNS1A_7nd_itemILi1EEEE_  compiled SIMD32 allocated 256 regs and spilled around 126

warning: kernel _ZTSN6Kokkos4Impl42FunctorWrapperRangePolicyParallelForCustomINS0_19SYCLFunctionWrapperIZ7par_forIZN5dyngr10DynGRMHDPSIN9Primitive9EOSHybridINS6_10NormalLogsEEENS6_10ResetFloorEE4FOFCIL16DynGRMHD_RSolver0EEEvP6DriveriEUliiiiE0_EvRKNSt7__cxx1112basic_stringIcSt11char_traitsIcESaIcEEENS_4SYCLERKiSR_SR_SR_SR_SR_SR_SR_RKT_EUlSR_E_NS0_12SYCLInternal12USMObjectMemILN4sycl3_V13usm5allocE0EEELb0EEENS_11RangePolicyIJEEEEE  compiled SIMD32 allocated 256 regs and spilled around 2

warning: kernel _ZTSN6Kokkos4Impl42FunctorWrapperRangePolicyParallelForCustomINS0_19SYCLFunctionWrapperIZ7par_forIZN5dyngr10DynGRMHDPSIN9Primitive9EOSHybridINS6_10NormalLogsEEENS6_10ResetFloorEE4FOFCIL16DynGRMHD_RSolver0EEEvP6DriveriEUliiiiE1_EvRKNSt7__cxx1112basic_stringIcSt11char_traitsIcESaIcEEENS_4SYCLERKiSR_SR_SR_SR_SR_SR_SR_RKT_EUlSR_E_NS0_12SYCLInternal12USMObjectMemILN4sycl3_V13usm5allocE0EEELb0EEENS_11RangePolicyIJEEEEE  compiled SIMD32 allocated 256 regs and spilled around 2

warning: kernel _ZTSN6Kokkos4Impl42FunctorWrapperRangePolicyParallelForCustomINS0_19SYCLFunctionWrapperIZ7par_forIZN5dyngr10DynGRMHDPSIN9Primitive9EOSHybridINS6_10NormalLogsEEENS6_10ResetFloorEE4FOFCIL16DynGRMHD_RSolver1EEEvP6DriveriEUliiiiE0_EvRKNSt7__cxx1112basic_stringIcSt11char_traitsIcESaIcEEENS_4SYCLERKiSR_SR_SR_SR_SR_SR_SR_RKT_EUlSR_E_NS0_12SYCLInternal12USMObjectMemILN4sycl3_V13usm5allocE0EEELb0EEENS_11RangePolicyIJEEEEE  compiled SIMD32 allocated 256 regs and spilled around 9

warning: kernel _ZTSN6Kokkos4Impl42FunctorWrapperRangePolicyParallelForCustomINS0_19SYCLFunctionWrapperIZ7par_forIZN5dyngr10DynGRMHDPSIN9Primitive9EOSHybridINS6_10NormalLogsEEENS6_10ResetFloorEE4FOFCIL16DynGRMHD_RSolver1EEEvP6DriveriEUliiiiE1_EvRKNSt7__cxx1112basic_stringIcSt11char_traitsIcESaIcEEENS_4SYCLERKiSR_SR_SR_SR_SR_SR_SR_RKT_EUlSR_E_NS0_12SYCLInternal12USMObjectMemILN4sycl3_V13usm5allocE0EEELb0EEENS_11RangePolicyIJEEEEE  compiled SIMD32 allocated 256 regs and spilled around 9

warning: kernel _ZTSZZNK6Kokkos4Impl14ParallelReduceINS0_22CombinedFunctorReducerIZN20PrimitiveSolverHydroIN9Primitive9EOSHybridINS4_7NQTLogsEEENS4_10ResetFloorEE10ConsToPrimERNS_4ViewIPPPPPdJNS_11LayoutRightENS_18SYCLDeviceUSMSpaceEEEERK13DvceFaceFld4DIdESJ_SJ_SJ_iiiiiibEUlRKiRiE_NS0_15FunctorAnalysisINS0_23FunctorPatternInterface6REDUCEENS_11RangePolicyIJEEENS_3SumIiNS_9HostSpaceEEEiE7ReducerEvEESW_NS_4SYCLEE18sycl_direct_launchISW_NS0_19SYCLFunctionWrapperIS12_NS0_12SYCLInternal12USMObjectMemILN4sycl3_V13usm5allocE0EEELb1EEEEENS1A_5eventERKT_RKT0_RKS1F_ENKUlNS1A_14local_accessorIiLi1EEENS1O_IjLi1EEENS1A_9multi_ptrIiLNS1A_6access13address_spaceE4ELNS1S_9decoratedE2EEEiE_clES1P_S1Q_S1V_iEUlNS1A_7nd_itemILi1EEEE_  compiled SIMD32 allocated 256 regs and spilled around 107

Build succeeded.
Compilation from IR - skipping loading of FCL
Build succeeded.
[100%] Linking CXX executable athena
[100%] Built target athena
[  8%] Built target kokkossimd
[ 83%] Built target kokkoscore
[ 91%] Built target kokkoscontainers
[ 91%] Built target kokkosalgorithms
[ 91%] Building CXX object CMakeFiles/athena_z4c_cartoon_amr_transfer_qualification_unit_test.dir/tst/unit/z4c/z4c_cartoon_amr_transfer_qualification_test.cpp.o
Compilation from IR - skipping loading of FCL
Build succeeded.
Compilation from IR - skipping loading of FCL
Build succeeded.
[100%] Linking CXX executable athena_z4c_cartoon_amr_transfer_qualification_unit_test
[100%] Built target athena_z4c_cartoon_amr_transfer_qualification_unit_test
[  8%] Built target kokkossimd
[ 83%] Built target kokkoscore
[ 91%] Built target kokkoscontainers
[ 91%] Built target kokkosalgorithms
[100%] Building CXX object CMakeFiles/athena_z4c_amr_shadow_sensor_unit_test.dir/tst/unit/z4c/z4c_amr_shadow_sensor_test.cpp.o
Compilation from IR - skipping loading of FCL
Build succeeded.
[100%] Linking CXX executable athena_z4c_amr_shadow_sensor_unit_test
[100%] Built target athena_z4c_amr_shadow_sensor_unit_test
