AthenaK Kokkos default execution space: SYCL

Root grid = 4 x 8 x 1 MeshBlocks
Total number of MeshBlocks = 32
Number of logical  levels of refinement = 23 (24 levels total)
Number of physical levels of refinement = 20 (21 levels total)
  Physical level = 0 (logical level = 3): 32 MeshBlocks, cost = 32
Number of parallel ranks = 1
AssembleZ4cTasks
Direct global Brill coefficient import: radial_points=48 angular_points=32 adm_mass=2.660301967997158 min_psi4=1.2477936329860961 lapse=psi^-2 min_lapse=0.31395613241915105 max_lapse=0.89521761138867229
Converted imported ADM data to Z4c proper_box_C_rms=0.00032286703310296965 proper_box_H_rms=0.00032271021297301556 proper_box_M_rms=0 proper_box_Z_rms=5.0308922574683878e-06 coordinate_support_H_rms=0.00011537262182282522 coordinate_support_M_rms=0
Initialized Z4c from IrisK data mode=direct_global_coefficients path=/lus/flare/projects/CompactBinaryMerger/hzhu/brill_o4_n256_26d4c371_20260820/segment0/brill_global_48x32.coefficients bytes=35988

Setup complete, executing task list(s)...

elapsed=1.689800e+00 cycle=0 time=0.000000e+00 dt=1.082557e-02
CARTOON_AMR_TRANSACTION cycle=1 requested_refine=2 requested_derefine_leaves=0 accepted_derefine_parents=0 created_leaves=6 deleted_leaves=0 mirror_mismatches=0
AMR_Z4C_CHI_PROLONGATION cycle=1 transfer=high_order local_fallback_groups=0 global_fallback_groups=0 global_high_order_groups=2048
CARTOON_AMR_TRANSACTION cycle=2 requested_refine=2 requested_derefine_leaves=0 accepted_derefine_parents=0 created_leaves=12 deleted_leaves=0 mirror_mismatches=0
AMR_Z4C_CHI_PROLONGATION cycle=2 transfer=high_order local_fallback_groups=0 global_fallback_groups=0 global_high_order_groups=4096
CARTOON_AMR_TRANSACTION cycle=3 requested_refine=0 requested_derefine_leaves=6 accepted_derefine_parents=0 created_leaves=0 deleted_leaves=0 mirror_mismatches=0
CARTOON_AMR_TRANSACTION cycle=4 requested_refine=0 requested_derefine_leaves=6 accepted_derefine_parents=0 created_leaves=0 deleted_leaves=0 mirror_mismatches=0
elapsed=1.921703e+00 cycle=4 time=2.159851e-02 dt=2.687067e-03
CARTOON_AMR_TRANSACTION cycle=5 requested_refine=0 requested_derefine_leaves=6 accepted_derefine_parents=0 created_leaves=0 deleted_leaves=0 mirror_mismatches=0
CARTOON_AMR_TRANSACTION cycle=6 requested_refine=0 requested_derefine_leaves=6 accepted_derefine_parents=0 created_leaves=0 deleted_leaves=0 mirror_mismatches=0
CARTOON_AMR_TRANSACTION cycle=7 requested_refine=0 requested_derefine_leaves=6 accepted_derefine_parents=0 created_leaves=0 deleted_leaves=0 mirror_mismatches=0
CARTOON_AMR_TRANSACTION cycle=8 requested_refine=0 requested_derefine_leaves=6 accepted_derefine_parents=0 created_leaves=0 deleted_leaves=0 mirror_mismatches=0
elapsed=2.164736e+00 cycle=8 time=3.233394e-02 dt=2.678063e-03
CARTOON_AMR_TRANSACTION cycle=9 requested_refine=0 requested_derefine_leaves=6 accepted_derefine_parents=0 created_leaves=0 deleted_leaves=0 mirror_mismatches=0
CARTOON_AMR_TRANSACTION cycle=10 requested_refine=0 requested_derefine_leaves=6 accepted_derefine_parents=0 created_leaves=0 deleted_leaves=0 mirror_mismatches=0
CARTOON_AMR_TRANSACTION cycle=11 requested_refine=0 requested_derefine_leaves=6 accepted_derefine_parents=0 created_leaves=0 deleted_leaves=0 mirror_mismatches=0
CARTOON_AMR_TRANSACTION cycle=12 requested_refine=0 requested_derefine_leaves=6 accepted_derefine_parents=0 created_leaves=0 deleted_leaves=0 mirror_mismatches=0
elapsed=2.387632e+00 cycle=12 time=4.303227e-02 dt=2.668622e-03
CARTOON_AMR_TRANSACTION cycle=13 requested_refine=0 requested_derefine_leaves=6 accepted_derefine_parents=0 created_leaves=0 deleted_leaves=0 mirror_mismatches=0
CARTOON_AMR_TRANSACTION cycle=14 requested_refine=0 requested_derefine_leaves=6 accepted_derefine_parents=0 created_leaves=0 deleted_leaves=0 mirror_mismatches=0
CARTOON_AMR_TRANSACTION cycle=15 requested_refine=0 requested_derefine_leaves=8 accepted_derefine_parents=0 created_leaves=0 deleted_leaves=0 mirror_mismatches=0
CARTOON_AMR_TRANSACTION cycle=16 requested_refine=0 requested_derefine_leaves=8 accepted_derefine_parents=0 created_leaves=0 deleted_leaves=0 mirror_mismatches=0
elapsed=2.598113e+00 cycle=16 time=5.369155e-02 dt=2.658664e-03
CARTOON_AMR_TRANSACTION cycle=17 requested_refine=0 requested_derefine_leaves=8 accepted_derefine_parents=0 created_leaves=0 deleted_leaves=0 mirror_mismatches=0
CARTOON_AMR_TRANSACTION cycle=18 requested_refine=0 requested_derefine_leaves=8 accepted_derefine_parents=0 created_leaves=0 deleted_leaves=0 mirror_mismatches=0
CARTOON_AMR_TRANSACTION cycle=19 requested_refine=0 requested_derefine_leaves=8 accepted_derefine_parents=0 created_leaves=0 deleted_leaves=0 mirror_mismatches=0
CARTOON_AMR_TRANSACTION cycle=20 requested_refine=0 requested_derefine_leaves=8 accepted_derefine_parents=0 created_leaves=0 deleted_leaves=0 mirror_mismatches=0
elapsed=2.821629e+00 cycle=20 time=6.431115e-02 dt=2.648421e-03
CARTOON_AMR_TRANSACTION cycle=21 requested_refine=0 requested_derefine_leaves=8 accepted_derefine_parents=0 created_leaves=0 deleted_leaves=0 mirror_mismatches=0
CARTOON_AMR_TRANSACTION cycle=22 requested_refine=0 requested_derefine_leaves=8 accepted_derefine_parents=0 created_leaves=0 deleted_leaves=0 mirror_mismatches=0
CARTOON_AMR_TRANSACTION cycle=23 requested_refine=0 requested_derefine_leaves=8 accepted_derefine_parents=0 created_leaves=0 deleted_leaves=0 mirror_mismatches=0
CARTOON_AMR_TRANSACTION cycle=24 requested_refine=0 requested_derefine_leaves=8 accepted_derefine_parents=0 created_leaves=0 deleted_leaves=0 mirror_mismatches=0
elapsed=3.085940e+00 cycle=24 time=7.488994e-02 dt=2.638555e-03
CARTOON_AMR_TRANSACTION cycle=25 requested_refine=0 requested_derefine_leaves=8 accepted_derefine_parents=0 created_leaves=0 deleted_leaves=0 mirror_mismatches=0
CARTOON_AMR_TRANSACTION cycle=26 requested_refine=0 requested_derefine_leaves=8 accepted_derefine_parents=0 created_leaves=0 deleted_leaves=0 mirror_mismatches=0
CARTOON_AMR_TRANSACTION cycle=27 requested_refine=0 requested_derefine_leaves=8 accepted_derefine_parents=0 created_leaves=0 deleted_leaves=0 mirror_mismatches=0
CARTOON_AMR_TRANSACTION cycle=28 requested_refine=0 requested_derefine_leaves=8 accepted_derefine_parents=0 created_leaves=0 deleted_leaves=0 mirror_mismatches=0
elapsed=3.290566e+00 cycle=28 time=8.542852e-02 dt=2.628323e-03
CARTOON_AMR_TRANSACTION cycle=29 requested_refine=0 requested_derefine_leaves=8 accepted_derefine_parents=0 created_leaves=0 deleted_leaves=0 mirror_mismatches=0
CARTOON_AMR_TRANSACTION cycle=30 requested_refine=0 requested_derefine_leaves=8 accepted_derefine_parents=0 created_leaves=0 deleted_leaves=0 mirror_mismatches=0
CARTOON_AMR_TRANSACTION cycle=31 requested_refine=0 requested_derefine_leaves=8 accepted_derefine_parents=0 created_leaves=0 deleted_leaves=0 mirror_mismatches=0
CARTOON_AMR_TRANSACTION cycle=32 requested_refine=0 requested_derefine_leaves=8 accepted_derefine_parents=0 created_leaves=0 deleted_leaves=0 mirror_mismatches=0
elapsed=3.504867e+00 cycle=32 time=9.592756e-02 dt=2.618783e-03
CARTOON_AMR_TRANSACTION cycle=33 requested_refine=0 requested_derefine_leaves=8 accepted_derefine_parents=0 created_leaves=0 deleted_leaves=0 mirror_mismatches=0
CARTOON_AMR_TRANSACTION cycle=34 requested_refine=0 requested_derefine_leaves=8 accepted_derefine_parents=0 created_leaves=0 deleted_leaves=0 mirror_mismatches=0
CARTOON_AMR_TRANSACTION cycle=35 requested_refine=0 requested_derefine_leaves=8 accepted_derefine_parents=0 created_leaves=0 deleted_leaves=0 mirror_mismatches=0
CARTOON_AMR_TRANSACTION cycle=36 requested_refine=0 requested_derefine_leaves=8 accepted_derefine_parents=0 created_leaves=0 deleted_leaves=0 mirror_mismatches=0
elapsed=3.740311e+00 cycle=36 time=1.063879e-01 dt=2.609154e-03
CARTOON_AMR_TRANSACTION cycle=37 requested_refine=0 requested_derefine_leaves=8 accepted_derefine_parents=0 created_leaves=0 deleted_leaves=0 mirror_mismatches=0
CARTOON_AMR_TRANSACTION cycle=38 requested_refine=0 requested_derefine_leaves=8 accepted_derefine_parents=0 created_leaves=0 deleted_leaves=0 mirror_mismatches=0
CARTOON_AMR_TRANSACTION cycle=39 requested_refine=0 requested_derefine_leaves=8 accepted_derefine_parents=0 created_leaves=0 deleted_leaves=0 mirror_mismatches=0
CARTOON_AMR_TRANSACTION cycle=40 requested_refine=0 requested_derefine_leaves=8 accepted_derefine_parents=0 created_leaves=0 deleted_leaves=0 mirror_mismatches=0
elapsed=3.985117e+00 cycle=40 time=1.168112e-01 dt=2.600448e-03
CARTOON_AMR_TRANSACTION cycle=41 requested_refine=0 requested_derefine_leaves=8 accepted_derefine_parents=0 created_leaves=0 deleted_leaves=0 mirror_mismatches=0
CARTOON_AMR_TRANSACTION cycle=42 requested_refine=0 requested_derefine_leaves=8 accepted_derefine_parents=0 created_leaves=0 deleted_leaves=0 mirror_mismatches=0
CARTOON_AMR_TRANSACTION cycle=43 requested_refine=0 requested_derefine_leaves=8 accepted_derefine_parents=0 created_leaves=0 deleted_leaves=0 mirror_mismatches=0
CARTOON_AMR_TRANSACTION cycle=44 requested_refine=0 requested_derefine_leaves=8 accepted_derefine_parents=0 created_leaves=0 deleted_leaves=0 mirror_mismatches=0
elapsed=4.199120e+00 cycle=44 time=1.271996e-01 dt=2.591634e-03
CARTOON_AMR_TRANSACTION cycle=45 requested_refine=0 requested_derefine_leaves=8 accepted_derefine_parents=0 created_leaves=0 deleted_leaves=0 mirror_mismatches=0
CARTOON_AMR_TRANSACTION cycle=46 requested_refine=0 requested_derefine_leaves=8 accepted_derefine_parents=0 created_leaves=0 deleted_leaves=0 mirror_mismatches=0
CARTOON_AMR_TRANSACTION cycle=47 requested_refine=0 requested_derefine_leaves=8 accepted_derefine_parents=0 created_leaves=0 deleted_leaves=0 mirror_mismatches=0
CARTOON_AMR_TRANSACTION cycle=48 requested_refine=0 requested_derefine_leaves=8 accepted_derefine_parents=0 created_leaves=0 deleted_leaves=0 mirror_mismatches=0
elapsed=4.390559e+00 cycle=48 time=1.375539e-01 dt=2.583686e-03
CARTOON_AMR_TRANSACTION cycle=49 requested_refine=0 requested_derefine_leaves=8 accepted_derefine_parents=0 created_leaves=0 deleted_leaves=0 mirror_mismatches=0
CARTOON_AMR_TRANSACTION cycle=50 requested_refine=0 requested_derefine_leaves=8 accepted_derefine_parents=0 created_leaves=0 deleted_leaves=0 mirror_mismatches=0
CARTOON_AMR_TRANSACTION cycle=51 requested_refine=0 requested_derefine_leaves=8 accepted_derefine_parents=0 created_leaves=0 deleted_leaves=0 mirror_mismatches=0
CARTOON_AMR_TRANSACTION cycle=52 requested_refine=0 requested_derefine_leaves=8 accepted_derefine_parents=0 created_leaves=0 deleted_leaves=0 mirror_mismatches=0
elapsed=4.597599e+00 cycle=52 time=1.478778e-01 dt=2.576346e-03
CARTOON_AMR_TRANSACTION cycle=53 requested_refine=0 requested_derefine_leaves=8 accepted_derefine_parents=0 created_leaves=0 deleted_leaves=0 mirror_mismatches=0
CARTOON_AMR_TRANSACTION cycle=54 requested_refine=0 requested_derefine_leaves=8 accepted_derefine_parents=0 created_leaves=0 deleted_leaves=0 mirror_mismatches=0
CARTOON_AMR_TRANSACTION cycle=55 requested_refine=0 requested_derefine_leaves=8 accepted_derefine_parents=0 created_leaves=0 deleted_leaves=0 mirror_mismatches=0
CARTOON_AMR_TRANSACTION cycle=56 requested_refine=0 requested_derefine_leaves=8 accepted_derefine_parents=0 created_leaves=0 deleted_leaves=0 mirror_mismatches=0
elapsed=4.797974e+00 cycle=56 time=1.581722e-01 dt=2.569255e-03
CARTOON_AMR_TRANSACTION cycle=57 requested_refine=0 requested_derefine_leaves=8 accepted_derefine_parents=0 created_leaves=0 deleted_leaves=0 mirror_mismatches=0
CARTOON_AMR_TRANSACTION cycle=58 requested_refine=0 requested_derefine_leaves=8 accepted_derefine_parents=0 created_leaves=0 deleted_leaves=0 mirror_mismatches=0
CARTOON_AMR_TRANSACTION cycle=59 requested_refine=0 requested_derefine_leaves=8 accepted_derefine_parents=0 created_leaves=0 deleted_leaves=0 mirror_mismatches=0
CARTOON_AMR_TRANSACTION cycle=60 requested_refine=0 requested_derefine_leaves=8 accepted_derefine_parents=0 created_leaves=0 deleted_leaves=0 mirror_mismatches=0
elapsed=5.010606e+00 cycle=60 time=1.684397e-01 dt=2.563047e-03
CARTOON_AMR_TRANSACTION cycle=61 requested_refine=0 requested_derefine_leaves=8 accepted_derefine_parents=0 created_leaves=0 deleted_leaves=0 mirror_mismatches=0
CARTOON_AMR_TRANSACTION cycle=62 requested_refine=0 requested_derefine_leaves=8 accepted_derefine_parents=0 created_leaves=0 deleted_leaves=0 mirror_mismatches=0
CARTOON_AMR_TRANSACTION cycle=63 requested_refine=0 requested_derefine_leaves=8 accepted_derefine_parents=0 created_leaves=0 deleted_leaves=0 mirror_mismatches=0
CARTOON_AMR_TRANSACTION cycle=64 requested_refine=0 requested_derefine_leaves=8 accepted_derefine_parents=0 created_leaves=0 deleted_leaves=0 mirror_mismatches=0
elapsed=5.205267e+00 cycle=64 time=1.786836e-01 dt=2.557512e-03
CARTOON_AMR_TRANSACTION cycle=65 requested_refine=0 requested_derefine_leaves=8 accepted_derefine_parents=0 created_leaves=0 deleted_leaves=0 mirror_mismatches=0
CARTOON_AMR_TRANSACTION cycle=66 requested_refine=0 requested_derefine_leaves=8 accepted_derefine_parents=0 created_leaves=0 deleted_leaves=0 mirror_mismatches=0
CARTOON_AMR_TRANSACTION cycle=67 requested_refine=0 requested_derefine_leaves=8 accepted_derefine_parents=0 created_leaves=0 deleted_leaves=0 mirror_mismatches=0
CARTOON_AMR_TRANSACTION cycle=68 requested_refine=0 requested_derefine_leaves=8 accepted_derefine_parents=0 created_leaves=0 deleted_leaves=0 mirror_mismatches=0
elapsed=5.407635e+00 cycle=68 time=1.889054e-01 dt=2.552198e-03
CARTOON_AMR_TRANSACTION cycle=69 requested_refine=0 requested_derefine_leaves=8 accepted_derefine_parents=0 created_leaves=0 deleted_leaves=0 mirror_mismatches=0
CARTOON_AMR_TRANSACTION cycle=70 requested_refine=0 requested_derefine_leaves=8 accepted_derefine_parents=0 created_leaves=0 deleted_leaves=0 mirror_mismatches=0
CARTOON_AMR_TRANSACTION cycle=71 requested_refine=0 requested_derefine_leaves=8 accepted_derefine_parents=0 created_leaves=0 deleted_leaves=0 mirror_mismatches=0
CARTOON_AMR_TRANSACTION cycle=72 requested_refine=0 requested_derefine_leaves=8 accepted_derefine_parents=0 created_leaves=0 deleted_leaves=0 mirror_mismatches=0
elapsed=5.634195e+00 cycle=72 time=1.991072e-01 dt=2.547721e-03
CARTOON_AMR_TRANSACTION cycle=73 requested_refine=0 requested_derefine_leaves=8 accepted_derefine_parents=0 created_leaves=0 deleted_leaves=0 mirror_mismatches=0
CARTOON_AMR_TRANSACTION cycle=74 requested_refine=0 requested_derefine_leaves=8 accepted_derefine_parents=0 created_leaves=0 deleted_leaves=0 mirror_mismatches=0
CARTOON_AMR_TRANSACTION cycle=75 requested_refine=0 requested_derefine_leaves=8 accepted_derefine_parents=0 created_leaves=0 deleted_leaves=0 mirror_mismatches=0
CARTOON_AMR_TRANSACTION cycle=76 requested_refine=0 requested_derefine_leaves=8 accepted_derefine_parents=0 created_leaves=0 deleted_leaves=0 mirror_mismatches=0
elapsed=5.860502e+00 cycle=76 time=2.092923e-01 dt=2.544057e-03
CARTOON_AMR_TRANSACTION cycle=77 requested_refine=0 requested_derefine_leaves=8 accepted_derefine_parents=0 created_leaves=0 deleted_leaves=0 mirror_mismatches=0
CARTOON_AMR_TRANSACTION cycle=78 requested_refine=0 requested_derefine_leaves=8 accepted_derefine_parents=0 created_leaves=0 deleted_leaves=0 mirror_mismatches=0
CARTOON_AMR_TRANSACTION cycle=79 requested_refine=0 requested_derefine_leaves=8 accepted_derefine_parents=0 created_leaves=0 deleted_leaves=0 mirror_mismatches=0
CARTOON_AMR_TRANSACTION cycle=80 requested_refine=0 requested_derefine_leaves=8 accepted_derefine_parents=0 created_leaves=0 deleted_leaves=0 mirror_mismatches=0
elapsed=6.103777e+00 cycle=80 time=2.194636e-01 dt=2.540695e-03
CARTOON_AMR_TRANSACTION cycle=81 requested_refine=0 requested_derefine_leaves=8 accepted_derefine_parents=0 created_leaves=0 deleted_leaves=0 mirror_mismatches=0
CARTOON_AMR_TRANSACTION cycle=82 requested_refine=0 requested_derefine_leaves=8 accepted_derefine_parents=0 created_leaves=0 deleted_leaves=0 mirror_mismatches=0
CARTOON_AMR_TRANSACTION cycle=83 requested_refine=0 requested_derefine_leaves=8 accepted_derefine_parents=0 created_leaves=0 deleted_leaves=0 mirror_mismatches=0
CARTOON_AMR_TRANSACTION cycle=84 requested_refine=0 requested_derefine_leaves=8 accepted_derefine_parents=0 created_leaves=0 deleted_leaves=0 mirror_mismatches=0
elapsed=6.331105e+00 cycle=84 time=2.296219e-01 dt=2.537895e-03
CARTOON_AMR_TRANSACTION cycle=85 requested_refine=0 requested_derefine_leaves=8 accepted_derefine_parents=0 created_leaves=0 deleted_leaves=0 mirror_mismatches=0
CARTOON_AMR_TRANSACTION cycle=86 requested_refine=0 requested_derefine_leaves=8 accepted_derefine_parents=0 created_leaves=0 deleted_leaves=0 mirror_mismatches=0
CARTOON_AMR_TRANSACTION cycle=87 requested_refine=0 requested_derefine_leaves=8 accepted_derefine_parents=0 created_leaves=0 deleted_leaves=0 mirror_mismatches=0
CARTOON_AMR_TRANSACTION cycle=88 requested_refine=0 requested_derefine_leaves=8 accepted_derefine_parents=0 created_leaves=0 deleted_leaves=0 mirror_mismatches=0
elapsed=6.553189e+00 cycle=88 time=2.397702e-01 dt=2.535859e-03
CARTOON_AMR_TRANSACTION cycle=89 requested_refine=0 requested_derefine_leaves=8 accepted_derefine_parents=0 created_leaves=0 deleted_leaves=0 mirror_mismatches=0
CARTOON_AMR_TRANSACTION cycle=90 requested_refine=0 requested_derefine_leaves=8 accepted_derefine_parents=0 created_leaves=0 deleted_leaves=0 mirror_mismatches=0
CARTOON_AMR_TRANSACTION cycle=91 requested_refine=0 requested_derefine_leaves=8 accepted_derefine_parents=0 created_leaves=0 deleted_leaves=0 mirror_mismatches=0
CARTOON_AMR_TRANSACTION cycle=92 requested_refine=0 requested_derefine_leaves=8 accepted_derefine_parents=0 created_leaves=0 deleted_leaves=0 mirror_mismatches=0
elapsed=6.766785e+00 cycle=92 time=2.499114e-01 dt=2.534566e-03
CARTOON_AMR_TRANSACTION cycle=93 requested_refine=0 requested_derefine_leaves=8 accepted_derefine_parents=0 created_leaves=0 deleted_leaves=0 mirror_mismatches=0
CARTOON_AMR_TRANSACTION cycle=94 requested_refine=0 requested_derefine_leaves=8 accepted_derefine_parents=0 created_leaves=0 deleted_leaves=0 mirror_mismatches=0
CARTOON_AMR_TRANSACTION cycle=95 requested_refine=0 requested_derefine_leaves=8 accepted_derefine_parents=0 created_leaves=0 deleted_leaves=0 mirror_mismatches=0
CARTOON_AMR_TRANSACTION cycle=96 requested_refine=0 requested_derefine_leaves=8 accepted_derefine_parents=0 created_leaves=0 deleted_leaves=0 mirror_mismatches=0
elapsed=6.979239e+00 cycle=96 time=2.600481e-01 dt=2.533486e-03
CARTOON_AMR_TRANSACTION cycle=97 requested_refine=0 requested_derefine_leaves=10 accepted_derefine_parents=0 created_leaves=0 deleted_leaves=0 mirror_mismatches=0
CARTOON_AMR_TRANSACTION cycle=98 requested_refine=0 requested_derefine_leaves=10 accepted_derefine_parents=0 created_leaves=0 deleted_leaves=0 mirror_mismatches=0
CARTOON_AMR_TRANSACTION cycle=99 requested_refine=0 requested_derefine_leaves=10 accepted_derefine_parents=0 created_leaves=0 deleted_leaves=0 mirror_mismatches=0
CARTOON_AMR_TRANSACTION cycle=100 requested_refine=0 requested_derefine_leaves=10 accepted_derefine_parents=0 created_leaves=0 deleted_leaves=0 mirror_mismatches=0
elapsed=7.160085e+00 cycle=100 time=2.701810e-01 dt=2.532985e-03
CARTOON_AMR_TRANSACTION cycle=101 requested_refine=0 requested_derefine_leaves=10 accepted_derefine_parents=0 created_leaves=0 deleted_leaves=0 mirror_mismatches=0
CARTOON_AMR_TRANSACTION cycle=102 requested_refine=0 requested_derefine_leaves=10 accepted_derefine_parents=0 created_leaves=0 deleted_leaves=0 mirror_mismatches=0
CARTOON_AMR_TRANSACTION cycle=103 requested_refine=0 requested_derefine_leaves=10 accepted_derefine_parents=0 created_leaves=0 deleted_leaves=0 mirror_mismatches=0
CARTOON_AMR_TRANSACTION cycle=104 requested_refine=0 requested_derefine_leaves=10 accepted_derefine_parents=0 created_leaves=0 deleted_leaves=0 mirror_mismatches=0
elapsed=7.370453e+00 cycle=104 time=2.803131e-01 dt=2.533180e-03
CARTOON_AMR_TRANSACTION cycle=105 requested_refine=0 requested_derefine_leaves=10 accepted_derefine_parents=0 created_leaves=0 deleted_leaves=0 mirror_mismatches=0
CARTOON_AMR_TRANSACTION cycle=106 requested_refine=0 requested_derefine_leaves=10 accepted_derefine_parents=0 created_leaves=0 deleted_leaves=0 mirror_mismatches=0
CARTOON_AMR_TRANSACTION cycle=107 requested_refine=0 requested_derefine_leaves=10 accepted_derefine_parents=0 created_leaves=0 deleted_leaves=0 mirror_mismatches=0
CARTOON_AMR_TRANSACTION cycle=108 requested_refine=0 requested_derefine_leaves=10 accepted_derefine_parents=0 created_leaves=0 deleted_leaves=0 mirror_mismatches=0
elapsed=7.565768e+00 cycle=108 time=2.904469e-01 dt=2.534051e-03
CARTOON_AMR_TRANSACTION cycle=109 requested_refine=0 requested_derefine_leaves=10 accepted_derefine_parents=0 created_leaves=0 deleted_leaves=0 mirror_mismatches=0
CARTOON_AMR_TRANSACTION cycle=110 requested_refine=0 requested_derefine_leaves=10 accepted_derefine_parents=0 created_leaves=0 deleted_leaves=0 mirror_mismatches=0
CARTOON_AMR_TRANSACTION cycle=111 requested_refine=0 requested_derefine_leaves=12 accepted_derefine_parents=2 created_leaves=0 deleted_leaves=6 mirror_mismatches=0
CARTOON_AMR_TRANSACTION cycle=112 requested_refine=0 requested_derefine_leaves=4 accepted_derefine_parents=0 created_leaves=0 deleted_leaves=0 mirror_mismatches=0
elapsed=7.822128e+00 cycle=112 time=3.031191e-01 dt=5.074067e-03
CARTOON_AMR_TRANSACTION cycle=113 requested_refine=0 requested_derefine_leaves=4 accepted_derefine_parents=0 created_leaves=0 deleted_leaves=0 mirror_mismatches=0
CARTOON_AMR_TRANSACTION cycle=114 requested_refine=0 requested_derefine_leaves=4 accepted_derefine_parents=0 created_leaves=0 deleted_leaves=0 mirror_mismatches=0
CARTOON_AMR_TRANSACTION cycle=115 requested_refine=0 requested_derefine_leaves=4 accepted_derefine_parents=0 created_leaves=0 deleted_leaves=0 mirror_mismatches=0
CARTOON_AMR_TRANSACTION cycle=116 requested_refine=0 requested_derefine_leaves=4 accepted_derefine_parents=0 created_leaves=0 deleted_leaves=0 mirror_mismatches=0
elapsed=8.006551e+00 cycle=116 time=3.234242e-01 dt=5.081030e-03
CARTOON_AMR_TRANSACTION cycle=117 requested_refine=0 requested_derefine_leaves=4 accepted_derefine_parents=0 created_leaves=0 deleted_leaves=0 mirror_mismatches=0
CARTOON_AMR_TRANSACTION cycle=118 requested_refine=0 requested_derefine_leaves=4 accepted_derefine_parents=0 created_leaves=0 deleted_leaves=0 mirror_mismatches=0
CARTOON_AMR_TRANSACTION cycle=119 requested_refine=0 requested_derefine_leaves=4 accepted_derefine_parents=0 created_leaves=0 deleted_leaves=0 mirror_mismatches=0
CARTOON_AMR_TRANSACTION cycle=120 requested_refine=0 requested_derefine_leaves=4 accepted_derefine_parents=0 created_leaves=0 deleted_leaves=0 mirror_mismatches=0
elapsed=8.196845e+00 cycle=120 time=3.437647e-01 dt=5.092932e-03
CARTOON_AMR_TRANSACTION cycle=121 requested_refine=0 requested_derefine_leaves=4 accepted_derefine_parents=0 created_leaves=0 deleted_leaves=0 mirror_mismatches=0
CARTOON_AMR_TRANSACTION cycle=122 requested_refine=0 requested_derefine_leaves=4 accepted_derefine_parents=0 created_leaves=0 deleted_leaves=0 mirror_mismatches=0
CARTOON_AMR_TRANSACTION cycle=123 requested_refine=0 requested_derefine_leaves=4 accepted_derefine_parents=0 created_leaves=0 deleted_leaves=0 mirror_mismatches=0
CARTOON_AMR_TRANSACTION cycle=124 requested_refine=0 requested_derefine_leaves=4 accepted_derefine_parents=0 created_leaves=0 deleted_leaves=0 mirror_mismatches=0
elapsed=8.378161e+00 cycle=124 time=3.641598e-01 dt=5.109474e-03
CARTOON_AMR_TRANSACTION cycle=125 requested_refine=0 requested_derefine_leaves=4 accepted_derefine_parents=0 created_leaves=0 deleted_leaves=0 mirror_mismatches=0
CARTOON_AMR_TRANSACTION cycle=126 requested_refine=0 requested_derefine_leaves=4 accepted_derefine_parents=0 created_leaves=0 deleted_leaves=0 mirror_mismatches=0
CARTOON_AMR_TRANSACTION cycle=127 requested_refine=0 requested_derefine_leaves=4 accepted_derefine_parents=0 created_leaves=0 deleted_leaves=0 mirror_mismatches=0
CARTOON_AMR_TRANSACTION cycle=128 requested_refine=0 requested_derefine_leaves=4 accepted_derefine_parents=0 created_leaves=0 deleted_leaves=0 mirror_mismatches=0
elapsed=8.589392e+00 cycle=128 time=3.846264e-01 dt=5.128025e-03
CARTOON_AMR_TRANSACTION cycle=129 requested_refine=0 requested_derefine_leaves=4 accepted_derefine_parents=0 created_leaves=0 deleted_leaves=0 mirror_mismatches=0
CARTOON_AMR_TRANSACTION cycle=130 requested_refine=0 requested_derefine_leaves=4 accepted_derefine_parents=0 created_leaves=0 deleted_leaves=0 mirror_mismatches=0
CARTOON_AMR_TRANSACTION cycle=131 requested_refine=0 requested_derefine_leaves=4 accepted_derefine_parents=0 created_leaves=0 deleted_leaves=0 mirror_mismatches=0
CARTOON_AMR_TRANSACTION cycle=132 requested_refine=0 requested_derefine_leaves=4 accepted_derefine_parents=0 created_leaves=0 deleted_leaves=0 mirror_mismatches=0
elapsed=8.820584e+00 cycle=132 time=4.051682e-01 dt=5.148751e-03
CARTOON_AMR_TRANSACTION cycle=133 requested_refine=0 requested_derefine_leaves=4 accepted_derefine_parents=0 created_leaves=0 deleted_leaves=0 mirror_mismatches=0
CARTOON_AMR_TRANSACTION cycle=134 requested_refine=0 requested_derefine_leaves=4 accepted_derefine_parents=0 created_leaves=0 deleted_leaves=0 mirror_mismatches=0
CARTOON_AMR_TRANSACTION cycle=135 requested_refine=0 requested_derefine_leaves=4 accepted_derefine_parents=0 created_leaves=0 deleted_leaves=0 mirror_mismatches=0
CARTOON_AMR_TRANSACTION cycle=136 requested_refine=0 requested_derefine_leaves=4 accepted_derefine_parents=0 created_leaves=0 deleted_leaves=0 mirror_mismatches=0
elapsed=9.007035e+00 cycle=136 time=4.257993e-01 dt=5.173582e-03
CARTOON_AMR_TRANSACTION cycle=137 requested_refine=0 requested_derefine_leaves=4 accepted_derefine_parents=0 created_leaves=0 deleted_leaves=0 mirror_mismatches=0
CARTOON_AMR_TRANSACTION cycle=138 requested_refine=0 requested_derefine_leaves=4 accepted_derefine_parents=0 created_leaves=0 deleted_leaves=0 mirror_mismatches=0
CARTOON_AMR_TRANSACTION cycle=139 requested_refine=0 requested_derefine_leaves=4 accepted_derefine_parents=0 created_leaves=0 deleted_leaves=0 mirror_mismatches=0
CARTOON_AMR_TRANSACTION cycle=140 requested_refine=0 requested_derefine_leaves=4 accepted_derefine_parents=0 created_leaves=0 deleted_leaves=0 mirror_mismatches=0
elapsed=9.227902e+00 cycle=140 time=4.465354e-01 dt=5.202253e-03
CARTOON_AMR_TRANSACTION cycle=141 requested_refine=0 requested_derefine_leaves=4 accepted_derefine_parents=0 created_leaves=0 deleted_leaves=0 mirror_mismatches=0
CARTOON_AMR_TRANSACTION cycle=142 requested_refine=0 requested_derefine_leaves=4 accepted_derefine_parents=0 created_leaves=0 deleted_leaves=0 mirror_mismatches=0
CARTOON_AMR_TRANSACTION cycle=143 requested_refine=0 requested_derefine_leaves=4 accepted_derefine_parents=0 created_leaves=0 deleted_leaves=0 mirror_mismatches=0
CARTOON_AMR_TRANSACTION cycle=144 requested_refine=0 requested_derefine_leaves=4 accepted_derefine_parents=0 created_leaves=0 deleted_leaves=0 mirror_mismatches=0
elapsed=9.489127e+00 cycle=144 time=4.673860e-01 dt=5.230496e-03
CARTOON_AMR_TRANSACTION cycle=145 requested_refine=0 requested_derefine_leaves=4 accepted_derefine_parents=0 created_leaves=0 deleted_leaves=0 mirror_mismatches=0
CARTOON_AMR_TRANSACTION cycle=146 requested_refine=0 requested_derefine_leaves=4 accepted_derefine_parents=0 created_leaves=0 deleted_leaves=0 mirror_mismatches=0
CARTOON_AMR_TRANSACTION cycle=147 requested_refine=0 requested_derefine_leaves=4 accepted_derefine_parents=0 created_leaves=0 deleted_leaves=0 mirror_mismatches=0
CARTOON_AMR_TRANSACTION cycle=148 requested_refine=0 requested_derefine_leaves=4 accepted_derefine_parents=0 created_leaves=0 deleted_leaves=0 mirror_mismatches=0
elapsed=9.709446e+00 cycle=148 time=4.883544e-01 dt=5.262135e-03
CARTOON_AMR_TRANSACTION cycle=149 requested_refine=0 requested_derefine_leaves=4 accepted_derefine_parents=0 created_leaves=0 deleted_leaves=0 mirror_mismatches=0
CARTOON_AMR_TRANSACTION cycle=150 requested_refine=0 requested_derefine_leaves=4 accepted_derefine_parents=0 created_leaves=0 deleted_leaves=0 mirror_mismatches=0
CARTOON_AMR_TRANSACTION cycle=151 requested_refine=0 requested_derefine_leaves=4 accepted_derefine_parents=0 created_leaves=0 deleted_leaves=0 mirror_mismatches=0
CARTOON_AMR_TRANSACTION cycle=152 requested_refine=0 requested_derefine_leaves=4 accepted_derefine_parents=0 created_leaves=0 deleted_leaves=0 mirror_mismatches=0
elapsed=9.912645e+00 cycle=152 time=5.094545e-01 dt=5.297191e-03
CARTOON_AMR_TRANSACTION cycle=153 requested_refine=0 requested_derefine_leaves=4 accepted_derefine_parents=0 created_leaves=0 deleted_leaves=0 mirror_mismatches=0
CARTOON_AMR_TRANSACTION cycle=154 requested_refine=0 requested_derefine_leaves=4 accepted_derefine_parents=0 created_leaves=0 deleted_leaves=0 mirror_mismatches=0
CARTOON_AMR_TRANSACTION cycle=155 requested_refine=0 requested_derefine_leaves=4 accepted_derefine_parents=0 created_leaves=0 deleted_leaves=0 mirror_mismatches=0
CARTOON_AMR_TRANSACTION cycle=156 requested_refine=0 requested_derefine_leaves=4 accepted_derefine_parents=0 created_leaves=0 deleted_leaves=0 mirror_mismatches=0
elapsed=1.010149e+01 cycle=156 time=5.306955e-01 dt=5.331920e-03
CARTOON_AMR_TRANSACTION cycle=157 requested_refine=0 requested_derefine_leaves=4 accepted_derefine_parents=0 created_leaves=0 deleted_leaves=0 mirror_mismatches=0
CARTOON_AMR_TRANSACTION cycle=158 requested_refine=0 requested_derefine_leaves=4 accepted_derefine_parents=0 created_leaves=0 deleted_leaves=0 mirror_mismatches=0
CARTOON_AMR_TRANSACTION cycle=159 requested_refine=0 requested_derefine_leaves=4 accepted_derefine_parents=0 created_leaves=0 deleted_leaves=0 mirror_mismatches=0
CARTOON_AMR_TRANSACTION cycle=160 requested_refine=0 requested_derefine_leaves=4 accepted_derefine_parents=0 created_leaves=0 deleted_leaves=0 mirror_mismatches=0
elapsed=1.029418e+01 cycle=160 time=5.520780e-01 dt=5.369130e-03
CARTOON_AMR_TRANSACTION cycle=161 requested_refine=0 requested_derefine_leaves=4 accepted_derefine_parents=0 created_leaves=0 deleted_leaves=0 mirror_mismatches=0
CARTOON_AMR_TRANSACTION cycle=162 requested_refine=0 requested_derefine_leaves=4 accepted_derefine_parents=0 created_leaves=0 deleted_leaves=0 mirror_mismatches=0
CARTOON_AMR_TRANSACTION cycle=163 requested_refine=0 requested_derefine_leaves=4 accepted_derefine_parents=0 created_leaves=0 deleted_leaves=0 mirror_mismatches=0
CARTOON_AMR_TRANSACTION cycle=164 requested_refine=0 requested_derefine_leaves=4 accepted_derefine_parents=0 created_leaves=0 deleted_leaves=0 mirror_mismatches=0
elapsed=1.048132e+01 cycle=164 time=5.736140e-01 dt=5.408949e-03
CARTOON_AMR_TRANSACTION cycle=165 requested_refine=0 requested_derefine_leaves=4 accepted_derefine_parents=0 created_leaves=0 deleted_leaves=0 mirror_mismatches=0
CARTOON_AMR_TRANSACTION cycle=166 requested_refine=0 requested_derefine_leaves=4 accepted_derefine_parents=0 created_leaves=0 deleted_leaves=0 mirror_mismatches=0
CARTOON_AMR_TRANSACTION cycle=167 requested_refine=0 requested_derefine_leaves=4 accepted_derefine_parents=0 created_leaves=0 deleted_leaves=0 mirror_mismatches=0
CARTOON_AMR_TRANSACTION cycle=168 requested_refine=0 requested_derefine_leaves=4 accepted_derefine_parents=0 created_leaves=0 deleted_leaves=0 mirror_mismatches=0
elapsed=1.066967e+01 cycle=168 time=5.953070e-01 dt=5.447722e-03
CARTOON_AMR_TRANSACTION cycle=169 requested_refine=0 requested_derefine_leaves=4 accepted_derefine_parents=0 created_leaves=0 deleted_leaves=0 mirror_mismatches=0
CARTOON_AMR_TRANSACTION cycle=170 requested_refine=0 requested_derefine_leaves=4 accepted_derefine_parents=0 created_leaves=0 deleted_leaves=0 mirror_mismatches=0
CARTOON_AMR_TRANSACTION cycle=171 requested_refine=0 requested_derefine_leaves=4 accepted_derefine_parents=0 created_leaves=0 deleted_leaves=0 mirror_mismatches=0
CARTOON_AMR_TRANSACTION cycle=172 requested_refine=0 requested_derefine_leaves=4 accepted_derefine_parents=0 created_leaves=0 deleted_leaves=0 mirror_mismatches=0
elapsed=1.085276e+01 cycle=172 time=6.171596e-01 dt=5.489468e-03
CARTOON_AMR_TRANSACTION cycle=173 requested_refine=0 requested_derefine_leaves=4 accepted_derefine_parents=0 created_leaves=0 deleted_leaves=0 mirror_mismatches=0
CARTOON_AMR_TRANSACTION cycle=174 requested_refine=0 requested_derefine_leaves=4 accepted_derefine_parents=0 created_leaves=0 deleted_leaves=0 mirror_mismatches=0
CARTOON_AMR_TRANSACTION cycle=175 requested_refine=0 requested_derefine_leaves=4 accepted_derefine_parents=0 created_leaves=0 deleted_leaves=0 mirror_mismatches=0
CARTOON_AMR_TRANSACTION cycle=176 requested_refine=0 requested_derefine_leaves=4 accepted_derefine_parents=0 created_leaves=0 deleted_leaves=0 mirror_mismatches=0
elapsed=1.104619e+01 cycle=176 time=6.391804e-01 dt=5.530777e-03
CARTOON_AMR_TRANSACTION cycle=177 requested_refine=0 requested_derefine_leaves=6 accepted_derefine_parents=0 created_leaves=0 deleted_leaves=0 mirror_mismatches=0
CARTOON_AMR_TRANSACTION cycle=178 requested_refine=0 requested_derefine_leaves=6 accepted_derefine_parents=0 created_leaves=0 deleted_leaves=0 mirror_mismatches=0
CARTOON_AMR_TRANSACTION cycle=179 requested_refine=0 requested_derefine_leaves=6 accepted_derefine_parents=0 created_leaves=0 deleted_leaves=0 mirror_mismatches=0
CARTOON_AMR_TRANSACTION cycle=180 requested_refine=0 requested_derefine_leaves=6 accepted_derefine_parents=0 created_leaves=0 deleted_leaves=0 mirror_mismatches=0
elapsed=1.126998e+01 cycle=180 time=6.613668e-01 dt=5.573519e-03
CARTOON_AMR_TRANSACTION cycle=181 requested_refine=0 requested_derefine_leaves=6 accepted_derefine_parents=0 created_leaves=0 deleted_leaves=0 mirror_mismatches=0
CARTOON_AMR_TRANSACTION cycle=182 requested_refine=0 requested_derefine_leaves=6 accepted_derefine_parents=0 created_leaves=0 deleted_leaves=0 mirror_mismatches=0
CARTOON_AMR_TRANSACTION cycle=183 requested_refine=0 requested_derefine_leaves=6 accepted_derefine_parents=0 created_leaves=0 deleted_leaves=0 mirror_mismatches=0
CARTOON_AMR_TRANSACTION cycle=184 requested_refine=0 requested_derefine_leaves=6 accepted_derefine_parents=0 created_leaves=0 deleted_leaves=0 mirror_mismatches=0
elapsed=1.148749e+01 cycle=184 time=6.837269e-01 dt=5.616468e-03
CARTOON_AMR_TRANSACTION cycle=185 requested_refine=0 requested_derefine_leaves=6 accepted_derefine_parents=0 created_leaves=0 deleted_leaves=0 mirror_mismatches=0
CARTOON_AMR_TRANSACTION cycle=186 requested_refine=0 requested_derefine_leaves=6 accepted_derefine_parents=0 created_leaves=0 deleted_leaves=0 mirror_mismatches=0
CARTOON_AMR_TRANSACTION cycle=187 requested_refine=0 requested_derefine_leaves=6 accepted_derefine_parents=0 created_leaves=0 deleted_leaves=0 mirror_mismatches=0
CARTOON_AMR_TRANSACTION cycle=188 requested_refine=0 requested_derefine_leaves=6 accepted_derefine_parents=0 created_leaves=0 deleted_leaves=0 mirror_mismatches=0
elapsed=1.167636e+01 cycle=188 time=7.062569e-01 dt=5.659778e-03
CARTOON_AMR_TRANSACTION cycle=189 requested_refine=0 requested_derefine_leaves=6 accepted_derefine_parents=0 created_leaves=0 deleted_leaves=0 mirror_mismatches=0
CARTOON_AMR_TRANSACTION cycle=190 requested_refine=0 requested_derefine_leaves=6 accepted_derefine_parents=0 created_leaves=0 deleted_leaves=0 mirror_mismatches=0
CARTOON_AMR_TRANSACTION cycle=191 requested_refine=0 requested_derefine_leaves=6 accepted_derefine_parents=0 created_leaves=0 deleted_leaves=0 mirror_mismatches=0
CARTOON_AMR_TRANSACTION cycle=192 requested_refine=0 requested_derefine_leaves=6 accepted_derefine_parents=0 created_leaves=0 deleted_leaves=0 mirror_mismatches=0
elapsed=1.191553e+01 cycle=192 time=7.289630e-01 dt=5.703296e-03
CARTOON_AMR_TRANSACTION cycle=193 requested_refine=0 requested_derefine_leaves=6 accepted_derefine_parents=0 created_leaves=0 deleted_leaves=0 mirror_mismatches=0
CARTOON_AMR_TRANSACTION cycle=194 requested_refine=0 requested_derefine_leaves=6 accepted_derefine_parents=0 created_leaves=0 deleted_leaves=0 mirror_mismatches=0
CARTOON_AMR_TRANSACTION cycle=195 requested_refine=0 requested_derefine_leaves=6 accepted_derefine_parents=0 created_leaves=0 deleted_leaves=0 mirror_mismatches=0
CARTOON_AMR_TRANSACTION cycle=196 requested_refine=0 requested_derefine_leaves=6 accepted_derefine_parents=0 created_leaves=0 deleted_leaves=0 mirror_mismatches=0
elapsed=1.209830e+01 cycle=196 time=7.518405e-01 dt=5.746809e-03
CARTOON_AMR_TRANSACTION cycle=197 requested_refine=0 requested_derefine_leaves=6 accepted_derefine_parents=0 created_leaves=0 deleted_leaves=0 mirror_mismatches=0
CARTOON_AMR_TRANSACTION cycle=198 requested_refine=0 requested_derefine_leaves=6 accepted_derefine_parents=0 created_leaves=0 deleted_leaves=0 mirror_mismatches=0
CARTOON_AMR_TRANSACTION cycle=199 requested_refine=0 requested_derefine_leaves=6 accepted_derefine_parents=0 created_leaves=0 deleted_leaves=0 mirror_mismatches=0
CARTOON_AMR_TRANSACTION cycle=200 requested_refine=0 requested_derefine_leaves=6 accepted_derefine_parents=0 created_leaves=0 deleted_leaves=0 mirror_mismatches=0
elapsed=1.233554e+01 cycle=200 time=7.748945e-01 dt=5.790057e-03
CARTOON_AMR_TRANSACTION cycle=201 requested_refine=0 requested_derefine_leaves=6 accepted_derefine_parents=0 created_leaves=0 deleted_leaves=0 mirror_mismatches=0
CARTOON_AMR_TRANSACTION cycle=202 requested_refine=0 requested_derefine_leaves=6 accepted_derefine_parents=0 created_leaves=0 deleted_leaves=0 mirror_mismatches=0
CARTOON_AMR_TRANSACTION cycle=203 requested_refine=0 requested_derefine_leaves=6 accepted_derefine_parents=0 created_leaves=0 deleted_leaves=0 mirror_mismatches=0
CARTOON_AMR_TRANSACTION cycle=204 requested_refine=0 requested_derefine_leaves=6 accepted_derefine_parents=0 created_leaves=0 deleted_leaves=0 mirror_mismatches=0
elapsed=1.256337e+01 cycle=204 time=7.981190e-01 dt=5.833468e-03
CARTOON_AMR_TRANSACTION cycle=205 requested_refine=0 requested_derefine_leaves=6 accepted_derefine_parents=0 created_leaves=0 deleted_leaves=0 mirror_mismatches=0
CARTOON_AMR_TRANSACTION cycle=206 requested_refine=0 requested_derefine_leaves=6 accepted_derefine_parents=0 created_leaves=0 deleted_leaves=0 mirror_mismatches=0
CARTOON_AMR_TRANSACTION cycle=207 requested_refine=0 requested_derefine_leaves=6 accepted_derefine_parents=0 created_leaves=0 deleted_leaves=0 mirror_mismatches=0
CARTOON_AMR_TRANSACTION cycle=208 requested_refine=0 requested_derefine_leaves=6 accepted_derefine_parents=0 created_leaves=0 deleted_leaves=0 mirror_mismatches=0
elapsed=1.282487e+01 cycle=208 time=8.215180e-01 dt=5.875809e-03
CARTOON_AMR_TRANSACTION cycle=209 requested_refine=0 requested_derefine_leaves=6 accepted_derefine_parents=0 created_leaves=0 deleted_leaves=0 mirror_mismatches=0
CARTOON_AMR_TRANSACTION cycle=210 requested_refine=0 requested_derefine_leaves=6 accepted_derefine_parents=0 created_leaves=0 deleted_leaves=0 mirror_mismatches=0
CARTOON_AMR_TRANSACTION cycle=211 requested_refine=0 requested_derefine_leaves=6 accepted_derefine_parents=0 created_leaves=0 deleted_leaves=0 mirror_mismatches=0
CARTOON_AMR_TRANSACTION cycle=212 requested_refine=0 requested_derefine_leaves=6 accepted_derefine_parents=0 created_leaves=0 deleted_leaves=0 mirror_mismatches=0
elapsed=1.303538e+01 cycle=212 time=8.450850e-01 dt=5.918869e-03
CARTOON_AMR_TRANSACTION cycle=213 requested_refine=0 requested_derefine_leaves=6 accepted_derefine_parents=0 created_leaves=0 deleted_leaves=0 mirror_mismatches=0
CARTOON_AMR_TRANSACTION cycle=214 requested_refine=0 requested_derefine_leaves=6 accepted_derefine_parents=0 created_leaves=0 deleted_leaves=0 mirror_mismatches=0
CARTOON_AMR_TRANSACTION cycle=215 requested_refine=0 requested_derefine_leaves=6 accepted_derefine_parents=0 created_leaves=0 deleted_leaves=0 mirror_mismatches=0
CARTOON_AMR_TRANSACTION cycle=216 requested_refine=0 requested_derefine_leaves=6 accepted_derefine_parents=0 created_leaves=0 deleted_leaves=0 mirror_mismatches=0
elapsed=1.326356e+01 cycle=216 time=8.688230e-01 dt=5.959848e-03
CARTOON_AMR_TRANSACTION cycle=217 requested_refine=0 requested_derefine_leaves=6 accepted_derefine_parents=0 created_leaves=0 deleted_leaves=0 mirror_mismatches=0
CARTOON_AMR_TRANSACTION cycle=218 requested_refine=0 requested_derefine_leaves=6 accepted_derefine_parents=0 created_leaves=0 deleted_leaves=0 mirror_mismatches=0
CARTOON_AMR_TRANSACTION cycle=219 requested_refine=0 requested_derefine_leaves=6 accepted_derefine_parents=0 created_leaves=0 deleted_leaves=0 mirror_mismatches=0
CARTOON_AMR_TRANSACTION cycle=220 requested_refine=0 requested_derefine_leaves=6 accepted_derefine_parents=0 created_leaves=0 deleted_leaves=0 mirror_mismatches=0
elapsed=1.343799e+01 cycle=220 time=8.927253e-01 dt=6.002362e-03
CARTOON_AMR_TRANSACTION cycle=221 requested_refine=0 requested_derefine_leaves=6 accepted_derefine_parents=0 created_leaves=0 deleted_leaves=0 mirror_mismatches=0
CARTOON_AMR_TRANSACTION cycle=222 requested_refine=0 requested_derefine_leaves=6 accepted_derefine_parents=0 created_leaves=0 deleted_leaves=0 mirror_mismatches=0
CARTOON_AMR_TRANSACTION cycle=223 requested_refine=0 requested_derefine_leaves=6 accepted_derefine_parents=0 created_leaves=0 deleted_leaves=0 mirror_mismatches=0
CARTOON_AMR_TRANSACTION cycle=224 requested_refine=0 requested_derefine_leaves=6 accepted_derefine_parents=0 created_leaves=0 deleted_leaves=0 mirror_mismatches=0
elapsed=1.364516e+01 cycle=224 time=9.167933e-01 dt=6.041674e-03
CARTOON_AMR_TRANSACTION cycle=225 requested_refine=0 requested_derefine_leaves=6 accepted_derefine_parents=0 created_leaves=0 deleted_leaves=0 mirror_mismatches=0
CARTOON_AMR_TRANSACTION cycle=226 requested_refine=0 requested_derefine_leaves=6 accepted_derefine_parents=0 created_leaves=0 deleted_leaves=0 mirror_mismatches=0
CARTOON_AMR_TRANSACTION cycle=227 requested_refine=0 requested_derefine_leaves=6 accepted_derefine_parents=0 created_leaves=0 deleted_leaves=0 mirror_mismatches=0
CARTOON_AMR_TRANSACTION cycle=228 requested_refine=0 requested_derefine_leaves=6 accepted_derefine_parents=0 created_leaves=0 deleted_leaves=0 mirror_mismatches=0
elapsed=1.385422e+01 cycle=228 time=9.410219e-01 dt=6.082802e-03
CARTOON_AMR_TRANSACTION cycle=229 requested_refine=0 requested_derefine_leaves=6 accepted_derefine_parents=0 created_leaves=0 deleted_leaves=0 mirror_mismatches=0
CARTOON_AMR_TRANSACTION cycle=230 requested_refine=0 requested_derefine_leaves=6 accepted_derefine_parents=0 created_leaves=0 deleted_leaves=0 mirror_mismatches=0
CARTOON_AMR_TRANSACTION cycle=231 requested_refine=0 requested_derefine_leaves=6 accepted_derefine_parents=0 created_leaves=0 deleted_leaves=0 mirror_mismatches=0
CARTOON_AMR_TRANSACTION cycle=232 requested_refine=0 requested_derefine_leaves=6 accepted_derefine_parents=0 created_leaves=0 deleted_leaves=0 mirror_mismatches=0
elapsed=1.403541e+01 cycle=232 time=9.654094e-01 dt=6.120951e-03
CARTOON_AMR_TRANSACTION cycle=233 requested_refine=0 requested_derefine_leaves=6 accepted_derefine_parents=0 created_leaves=0 deleted_leaves=0 mirror_mismatches=0
CARTOON_AMR_TRANSACTION cycle=234 requested_refine=0 requested_derefine_leaves=6 accepted_derefine_parents=0 created_leaves=0 deleted_leaves=0 mirror_mismatches=0
CARTOON_AMR_TRANSACTION cycle=235 requested_refine=0 requested_derefine_leaves=6 accepted_derefine_parents=0 created_leaves=0 deleted_leaves=0 mirror_mismatches=0
CARTOON_AMR_TRANSACTION cycle=236 requested_refine=0 requested_derefine_leaves=6 accepted_derefine_parents=0 created_leaves=0 deleted_leaves=0 mirror_mismatches=0
elapsed=1.421536e+01 cycle=236 time=9.899538e-01 dt=6.160208e-03
CARTOON_AMR_TRANSACTION cycle=237 requested_refine=0 requested_derefine_leaves=6 accepted_derefine_parents=0 created_leaves=0 deleted_leaves=0 mirror_mismatches=0
CARTOON_AMR_TRANSACTION cycle=238 requested_refine=0 requested_derefine_leaves=6 accepted_derefine_parents=0 created_leaves=0 deleted_leaves=0 mirror_mismatches=0
CARTOON_AMR_TRANSACTION cycle=239 requested_refine=0 requested_derefine_leaves=6 accepted_derefine_parents=0 created_leaves=0 deleted_leaves=0 mirror_mismatches=0
CARTOON_AMR_TRANSACTION cycle=240 requested_refine=0 requested_derefine_leaves=6 accepted_derefine_parents=0 created_leaves=0 deleted_leaves=0 mirror_mismatches=0
elapsed=1.439192e+01 cycle=240 time=1.014650e+00 dt=6.197469e-03
CARTOON_AMR_TRANSACTION cycle=241 requested_refine=0 requested_derefine_leaves=6 accepted_derefine_parents=0 created_leaves=0 deleted_leaves=0 mirror_mismatches=0
CARTOON_AMR_TRANSACTION cycle=242 requested_refine=0 requested_derefine_leaves=6 accepted_derefine_parents=0 created_leaves=0 deleted_leaves=0 mirror_mismatches=0
CARTOON_AMR_TRANSACTION cycle=243 requested_refine=0 requested_derefine_leaves=6 accepted_derefine_parents=0 created_leaves=0 deleted_leaves=0 mirror_mismatches=0
CARTOON_AMR_TRANSACTION cycle=244 requested_refine=0 requested_derefine_leaves=4 accepted_derefine_parents=0 created_leaves=0 deleted_leaves=0 mirror_mismatches=0
elapsed=1.457541e+01 cycle=244 time=1.039498e+00 dt=6.234798e-03
CARTOON_AMR_TRANSACTION cycle=245 requested_refine=0 requested_derefine_leaves=4 accepted_derefine_parents=0 created_leaves=0 deleted_leaves=0 mirror_mismatches=0
CARTOON_AMR_TRANSACTION cycle=246 requested_refine=0 requested_derefine_leaves=4 accepted_derefine_parents=0 created_leaves=0 deleted_leaves=0 mirror_mismatches=0
CARTOON_AMR_TRANSACTION cycle=247 requested_refine=0 requested_derefine_leaves=4 accepted_derefine_parents=0 created_leaves=0 deleted_leaves=0 mirror_mismatches=0
CARTOON_AMR_TRANSACTION cycle=248 requested_refine=0 requested_derefine_leaves=4 accepted_derefine_parents=0 created_leaves=0 deleted_leaves=0 mirror_mismatches=0
elapsed=1.479018e+01 cycle=248 time=1.064490e+00 dt=6.271116e-03
CARTOON_AMR_TRANSACTION cycle=249 requested_refine=0 requested_derefine_leaves=4 accepted_derefine_parents=0 created_leaves=0 deleted_leaves=0 mirror_mismatches=0
CARTOON_AMR_TRANSACTION cycle=250 requested_refine=0 requested_derefine_leaves=4 accepted_derefine_parents=0 created_leaves=0 deleted_leaves=0 mirror_mismatches=0
CARTOON_AMR_TRANSACTION cycle=251 requested_refine=0 requested_derefine_leaves=4 accepted_derefine_parents=0 created_leaves=0 deleted_leaves=0 mirror_mismatches=0
CARTOON_AMR_TRANSACTION cycle=252 requested_refine=0 requested_derefine_leaves=4 accepted_derefine_parents=0 created_leaves=0 deleted_leaves=0 mirror_mismatches=0
elapsed=1.496821e+01 cycle=252 time=1.089630e+00 dt=6.306515e-03
CARTOON_AMR_TRANSACTION cycle=253 requested_refine=0 requested_derefine_leaves=4 accepted_derefine_parents=0 created_leaves=0 deleted_leaves=0 mirror_mismatches=0
CARTOON_AMR_TRANSACTION cycle=254 requested_refine=0 requested_derefine_leaves=4 accepted_derefine_parents=0 created_leaves=0 deleted_leaves=0 mirror_mismatches=0
CARTOON_AMR_TRANSACTION cycle=255 requested_refine=0 requested_derefine_leaves=4 accepted_derefine_parents=0 created_leaves=0 deleted_leaves=0 mirror_mismatches=0
CARTOON_AMR_TRANSACTION cycle=256 requested_refine=0 requested_derefine_leaves=4 accepted_derefine_parents=0 created_leaves=0 deleted_leaves=0 mirror_mismatches=0
elapsed=1.550887e+01 cycle=256 time=1.114908e+00 dt=6.341854e-03
CARTOON_AMR_TRANSACTION cycle=257 requested_refine=0 requested_derefine_leaves=4 accepted_derefine_parents=0 created_leaves=0 deleted_leaves=0 mirror_mismatches=0
CARTOON_AMR_TRANSACTION cycle=258 requested_refine=0 requested_derefine_leaves=4 accepted_derefine_parents=0 created_leaves=0 deleted_leaves=0 mirror_mismatches=0
CARTOON_AMR_TRANSACTION cycle=259 requested_refine=0 requested_derefine_leaves=4 accepted_derefine_parents=0 created_leaves=0 deleted_leaves=0 mirror_mismatches=0
CARTOON_AMR_TRANSACTION cycle=260 requested_refine=0 requested_derefine_leaves=4 accepted_derefine_parents=0 created_leaves=0 deleted_leaves=0 mirror_mismatches=0
elapsed=1.570693e+01 cycle=260 time=1.140328e+00 dt=6.375372e-03
CARTOON_AMR_TRANSACTION cycle=261 requested_refine=0 requested_derefine_leaves=4 accepted_derefine_parents=0 created_leaves=0 deleted_leaves=0 mirror_mismatches=0
CARTOON_AMR_TRANSACTION cycle=262 requested_refine=0 requested_derefine_leaves=4 accepted_derefine_parents=0 created_leaves=0 deleted_leaves=0 mirror_mismatches=0
CARTOON_AMR_TRANSACTION cycle=263 requested_refine=0 requested_derefine_leaves=4 accepted_derefine_parents=0 created_leaves=0 deleted_leaves=0 mirror_mismatches=0
CARTOON_AMR_TRANSACTION cycle=264 requested_refine=0 requested_derefine_leaves=4 accepted_derefine_parents=0 created_leaves=0 deleted_leaves=0 mirror_mismatches=0
elapsed=1.591564e+01 cycle=264 time=1.165880e+00 dt=6.409712e-03
CARTOON_AMR_TRANSACTION cycle=265 requested_refine=0 requested_derefine_leaves=4 accepted_derefine_parents=0 created_leaves=0 deleted_leaves=0 mirror_mismatches=0
CARTOON_AMR_TRANSACTION cycle=266 requested_refine=0 requested_derefine_leaves=4 accepted_derefine_parents=0 created_leaves=0 deleted_leaves=0 mirror_mismatches=0
CARTOON_AMR_TRANSACTION cycle=267 requested_refine=0 requested_derefine_leaves=4 accepted_derefine_parents=0 created_leaves=0 deleted_leaves=0 mirror_mismatches=0
CARTOON_AMR_TRANSACTION cycle=268 requested_refine=0 requested_derefine_leaves=4 accepted_derefine_parents=0 created_leaves=0 deleted_leaves=0 mirror_mismatches=0
elapsed=1.610821e+01 cycle=268 time=1.191568e+00 dt=6.441425e-03
CARTOON_AMR_TRANSACTION cycle=269 requested_refine=0 requested_derefine_leaves=4 accepted_derefine_parents=0 created_leaves=0 deleted_leaves=0 mirror_mismatches=0
CARTOON_AMR_TRANSACTION cycle=270 requested_refine=0 requested_derefine_leaves=4 accepted_derefine_parents=0 created_leaves=0 deleted_leaves=0 mirror_mismatches=0
CARTOON_AMR_TRANSACTION cycle=271 requested_refine=0 requested_derefine_leaves=4 accepted_derefine_parents=0 created_leaves=0 deleted_leaves=0 mirror_mismatches=0
CARTOON_AMR_TRANSACTION cycle=272 requested_refine=0 requested_derefine_leaves=4 accepted_derefine_parents=0 created_leaves=0 deleted_leaves=0 mirror_mismatches=0
elapsed=1.629340e+01 cycle=272 time=1.217382e+00 dt=6.474759e-03
CARTOON_AMR_TRANSACTION cycle=273 requested_refine=0 requested_derefine_leaves=4 accepted_derefine_parents=0 created_leaves=0 deleted_leaves=0 mirror_mismatches=0
CARTOON_AMR_TRANSACTION cycle=274 requested_refine=0 requested_derefine_leaves=4 accepted_derefine_parents=0 created_leaves=0 deleted_leaves=0 mirror_mismatches=0
CARTOON_AMR_TRANSACTION cycle=275 requested_refine=0 requested_derefine_leaves=4 accepted_derefine_parents=0 created_leaves=0 deleted_leaves=0 mirror_mismatches=0
CARTOON_AMR_TRANSACTION cycle=276 requested_refine=0 requested_derefine_leaves=4 accepted_derefine_parents=0 created_leaves=0 deleted_leaves=0 mirror_mismatches=0
elapsed=1.650283e+01 cycle=276 time=1.243327e+00 dt=6.504762e-03
CARTOON_AMR_TRANSACTION cycle=277 requested_refine=0 requested_derefine_leaves=4 accepted_derefine_parents=0 created_leaves=0 deleted_leaves=0 mirror_mismatches=0
CARTOON_AMR_TRANSACTION cycle=278 requested_refine=0 requested_derefine_leaves=4 accepted_derefine_parents=0 created_leaves=0 deleted_leaves=0 mirror_mismatches=0
CARTOON_AMR_TRANSACTION cycle=279 requested_refine=0 requested_derefine_leaves=4 accepted_derefine_parents=0 created_leaves=0 deleted_leaves=0 mirror_mismatches=0
CARTOON_AMR_TRANSACTION cycle=280 requested_refine=0 requested_derefine_leaves=4 accepted_derefine_parents=0 created_leaves=0 deleted_leaves=0 mirror_mismatches=0
elapsed=1.670046e+01 cycle=280 time=1.269393e+00 dt=6.537088e-03
CARTOON_AMR_TRANSACTION cycle=281 requested_refine=0 requested_derefine_leaves=4 accepted_derefine_parents=0 created_leaves=0 deleted_leaves=0 mirror_mismatches=0
CARTOON_AMR_TRANSACTION cycle=282 requested_refine=0 requested_derefine_leaves=4 accepted_derefine_parents=0 created_leaves=0 deleted_leaves=0 mirror_mismatches=0
CARTOON_AMR_TRANSACTION cycle=283 requested_refine=0 requested_derefine_leaves=4 accepted_derefine_parents=0 created_leaves=0 deleted_leaves=0 mirror_mismatches=0
CARTOON_AMR_TRANSACTION cycle=284 requested_refine=0 requested_derefine_leaves=4 accepted_derefine_parents=0 created_leaves=0 deleted_leaves=0 mirror_mismatches=0
elapsed=1.688461e+01 cycle=284 time=1.295583e+00 dt=6.565478e-03
CARTOON_AMR_TRANSACTION cycle=285 requested_refine=0 requested_derefine_leaves=4 accepted_derefine_parents=0 created_leaves=0 deleted_leaves=0 mirror_mismatches=0
CARTOON_AMR_TRANSACTION cycle=286 requested_refine=0 requested_derefine_leaves=4 accepted_derefine_parents=0 created_leaves=0 deleted_leaves=0 mirror_mismatches=0
CARTOON_AMR_TRANSACTION cycle=287 requested_refine=0 requested_derefine_leaves=4 accepted_derefine_parents=0 created_leaves=0 deleted_leaves=0 mirror_mismatches=0
CARTOON_AMR_TRANSACTION cycle=288 requested_refine=0 requested_derefine_leaves=4 accepted_derefine_parents=0 created_leaves=0 deleted_leaves=0 mirror_mismatches=0
elapsed=1.711154e+01 cycle=288 time=1.321891e+00 dt=6.596242e-03
CARTOON_AMR_TRANSACTION cycle=289 requested_refine=0 requested_derefine_leaves=4 accepted_derefine_parents=0 created_leaves=0 deleted_leaves=0 mirror_mismatches=0
CARTOON_AMR_TRANSACTION cycle=290 requested_refine=0 requested_derefine_leaves=4 accepted_derefine_parents=0 created_leaves=0 deleted_leaves=0 mirror_mismatches=0
CARTOON_AMR_TRANSACTION cycle=291 requested_refine=0 requested_derefine_leaves=4 accepted_derefine_parents=0 created_leaves=0 deleted_leaves=0 mirror_mismatches=0
CARTOON_AMR_TRANSACTION cycle=292 requested_refine=0 requested_derefine_leaves=4 accepted_derefine_parents=0 created_leaves=0 deleted_leaves=0 mirror_mismatches=0
elapsed=1.730128e+01 cycle=292 time=1.348316e+00 dt=6.623678e-03
CARTOON_AMR_TRANSACTION cycle=293 requested_refine=0 requested_derefine_leaves=4 accepted_derefine_parents=0 created_leaves=0 deleted_leaves=0 mirror_mismatches=0
CARTOON_AMR_TRANSACTION cycle=294 requested_refine=0 requested_derefine_leaves=4 accepted_derefine_parents=0 created_leaves=0 deleted_leaves=0 mirror_mismatches=0
CARTOON_AMR_TRANSACTION cycle=295 requested_refine=0 requested_derefine_leaves=4 accepted_derefine_parents=0 created_leaves=0 deleted_leaves=0 mirror_mismatches=0
CARTOON_AMR_TRANSACTION cycle=296 requested_refine=0 requested_derefine_leaves=4 accepted_derefine_parents=0 created_leaves=0 deleted_leaves=0 mirror_mismatches=0
elapsed=1.747579e+01 cycle=296 time=1.374856e+00 dt=6.652959e-03
CARTOON_AMR_TRANSACTION cycle=297 requested_refine=0 requested_derefine_leaves=4 accepted_derefine_parents=0 created_leaves=0 deleted_leaves=0 mirror_mismatches=0
CARTOON_AMR_TRANSACTION cycle=298 requested_refine=0 requested_derefine_leaves=4 accepted_derefine_parents=0 created_leaves=0 deleted_leaves=0 mirror_mismatches=0
CARTOON_AMR_TRANSACTION cycle=299 requested_refine=0 requested_derefine_leaves=4 accepted_derefine_parents=0 created_leaves=0 deleted_leaves=0 mirror_mismatches=0
CARTOON_AMR_TRANSACTION cycle=300 requested_refine=0 requested_derefine_leaves=4 accepted_derefine_parents=0 created_leaves=0 deleted_leaves=0 mirror_mismatches=0
elapsed=1.764551e+01 cycle=300 time=1.401506e+00 dt=6.679477e-03
CARTOON_AMR_TRANSACTION cycle=301 requested_refine=0 requested_derefine_leaves=4 accepted_derefine_parents=0 created_leaves=0 deleted_leaves=0 mirror_mismatches=0
CARTOON_AMR_TRANSACTION cycle=302 requested_refine=0 requested_derefine_leaves=4 accepted_derefine_parents=0 created_leaves=0 deleted_leaves=0 mirror_mismatches=0
CARTOON_AMR_TRANSACTION cycle=303 requested_refine=0 requested_derefine_leaves=4 accepted_derefine_parents=0 created_leaves=0 deleted_leaves=0 mirror_mismatches=0
CARTOON_AMR_TRANSACTION cycle=304 requested_refine=0 requested_derefine_leaves=4 accepted_derefine_parents=0 created_leaves=0 deleted_leaves=0 mirror_mismatches=0
elapsed=1.786649e+01 cycle=304 time=1.428267e+00 dt=6.707372e-03
CARTOON_AMR_TRANSACTION cycle=305 requested_refine=0 requested_derefine_leaves=4 accepted_derefine_parents=0 created_leaves=0 deleted_leaves=0 mirror_mismatches=0
CARTOON_AMR_TRANSACTION cycle=306 requested_refine=0 requested_derefine_leaves=4 accepted_derefine_parents=0 created_leaves=0 deleted_leaves=0 mirror_mismatches=0
CARTOON_AMR_TRANSACTION cycle=307 requested_refine=0 requested_derefine_leaves=4 accepted_derefine_parents=0 created_leaves=0 deleted_leaves=0 mirror_mismatches=0
CARTOON_AMR_TRANSACTION cycle=308 requested_refine=0 requested_derefine_leaves=4 accepted_derefine_parents=0 created_leaves=0 deleted_leaves=0 mirror_mismatches=0
elapsed=1.808774e+01 cycle=308 time=1.455134e+00 dt=6.732995e-03
CARTOON_AMR_TRANSACTION cycle=309 requested_refine=0 requested_derefine_leaves=4 accepted_derefine_parents=0 created_leaves=0 deleted_leaves=0 mirror_mismatches=0
CARTOON_AMR_TRANSACTION cycle=310 requested_refine=0 requested_derefine_leaves=4 accepted_derefine_parents=0 created_leaves=0 deleted_leaves=0 mirror_mismatches=0
CARTOON_AMR_TRANSACTION cycle=311 requested_refine=0 requested_derefine_leaves=4 accepted_derefine_parents=0 created_leaves=0 deleted_leaves=0 mirror_mismatches=0
CARTOON_AMR_TRANSACTION cycle=312 requested_refine=0 requested_derefine_leaves=4 accepted_derefine_parents=0 created_leaves=0 deleted_leaves=0 mirror_mismatches=0
elapsed=1.829882e+01 cycle=312 time=1.482108e+00 dt=6.759596e-03
CARTOON_AMR_TRANSACTION cycle=313 requested_refine=0 requested_derefine_leaves=4 accepted_derefine_parents=0 created_leaves=0 deleted_leaves=0 mirror_mismatches=0
CARTOON_AMR_TRANSACTION cycle=314 requested_refine=0 requested_derefine_leaves=4 accepted_derefine_parents=0 created_leaves=0 deleted_leaves=0 mirror_mismatches=0
CARTOON_AMR_TRANSACTION cycle=315 requested_refine=0 requested_derefine_leaves=4 accepted_derefine_parents=0 created_leaves=0 deleted_leaves=0 mirror_mismatches=0
CARTOON_AMR_TRANSACTION cycle=316 requested_refine=0 requested_derefine_leaves=4 accepted_derefine_parents=0 created_leaves=0 deleted_leaves=0 mirror_mismatches=0
elapsed=1.850866e+01 cycle=316 time=1.509183e+00 dt=6.784345e-03
CARTOON_AMR_TRANSACTION cycle=317 requested_refine=0 requested_derefine_leaves=4 accepted_derefine_parents=0 created_leaves=0 deleted_leaves=0 mirror_mismatches=0
CARTOON_AMR_TRANSACTION cycle=318 requested_refine=0 requested_derefine_leaves=4 accepted_derefine_parents=0 created_leaves=0 deleted_leaves=0 mirror_mismatches=0
CARTOON_AMR_TRANSACTION cycle=319 requested_refine=0 requested_derefine_leaves=4 accepted_derefine_parents=0 created_leaves=0 deleted_leaves=0 mirror_mismatches=0
CARTOON_AMR_TRANSACTION cycle=320 requested_refine=0 requested_derefine_leaves=4 accepted_derefine_parents=0 created_leaves=0 deleted_leaves=0 mirror_mismatches=0
elapsed=1.874710e+01 cycle=320 time=1.536360e+00 dt=6.809732e-03
CARTOON_AMR_TRANSACTION cycle=321 requested_refine=0 requested_derefine_leaves=4 accepted_derefine_parents=0 created_leaves=0 deleted_leaves=0 mirror_mismatches=0
CARTOON_AMR_TRANSACTION cycle=322 requested_refine=0 requested_derefine_leaves=4 accepted_derefine_parents=0 created_leaves=0 deleted_leaves=0 mirror_mismatches=0
CARTOON_AMR_TRANSACTION cycle=323 requested_refine=0 requested_derefine_leaves=4 accepted_derefine_parents=0 created_leaves=0 deleted_leaves=0 mirror_mismatches=0
CARTOON_AMR_TRANSACTION cycle=324 requested_refine=0 requested_derefine_leaves=4 accepted_derefine_parents=0 created_leaves=0 deleted_leaves=0 mirror_mismatches=0
elapsed=1.892928e+01 cycle=324 time=1.563634e+00 dt=6.833632e-03
CARTOON_AMR_TRANSACTION cycle=325 requested_refine=0 requested_derefine_leaves=4 accepted_derefine_parents=0 created_leaves=0 deleted_leaves=0 mirror_mismatches=0
CARTOON_AMR_TRANSACTION cycle=326 requested_refine=0 requested_derefine_leaves=4 accepted_derefine_parents=0 created_leaves=0 deleted_leaves=0 mirror_mismatches=0
CARTOON_AMR_TRANSACTION cycle=327 requested_refine=0 requested_derefine_leaves=4 accepted_derefine_parents=0 created_leaves=0 deleted_leaves=0 mirror_mismatches=0
CARTOON_AMR_TRANSACTION cycle=328 requested_refine=0 requested_derefine_leaves=4 accepted_derefine_parents=0 created_leaves=0 deleted_leaves=0 mirror_mismatches=0
elapsed=1.911936e+01 cycle=328 time=1.591007e+00 dt=6.857889e-03
CARTOON_AMR_TRANSACTION cycle=329 requested_refine=0 requested_derefine_leaves=4 accepted_derefine_parents=0 created_leaves=0 deleted_leaves=0 mirror_mismatches=0
CARTOON_AMR_TRANSACTION cycle=330 requested_refine=0 requested_derefine_leaves=4 accepted_derefine_parents=0 created_leaves=0 deleted_leaves=0 mirror_mismatches=0
CARTOON_AMR_TRANSACTION cycle=331 requested_refine=0 requested_derefine_leaves=4 accepted_derefine_parents=0 created_leaves=0 deleted_leaves=0 mirror_mismatches=0
CARTOON_AMR_TRANSACTION cycle=332 requested_refine=0 requested_derefine_leaves=4 accepted_derefine_parents=0 created_leaves=0 deleted_leaves=0 mirror_mismatches=0
elapsed=1.930267e+01 cycle=332 time=1.618472e+00 dt=6.880963e-03
CARTOON_AMR_TRANSACTION cycle=333 requested_refine=0 requested_derefine_leaves=4 accepted_derefine_parents=0 created_leaves=0 deleted_leaves=0 mirror_mismatches=0
CARTOON_AMR_TRANSACTION cycle=334 requested_refine=0 requested_derefine_leaves=4 accepted_derefine_parents=0 created_leaves=0 deleted_leaves=0 mirror_mismatches=0
CARTOON_AMR_TRANSACTION cycle=335 requested_refine=0 requested_derefine_leaves=4 accepted_derefine_parents=0 created_leaves=0 deleted_leaves=0 mirror_mismatches=0
CARTOON_AMR_TRANSACTION cycle=336 requested_refine=0 requested_derefine_leaves=4 accepted_derefine_parents=0 created_leaves=0 deleted_leaves=0 mirror_mismatches=0
elapsed=1.948856e+01 cycle=336 time=1.646033e+00 dt=6.904161e-03
CARTOON_AMR_TRANSACTION cycle=337 requested_refine=0 requested_derefine_leaves=4 accepted_derefine_parents=0 created_leaves=0 deleted_leaves=0 mirror_mismatches=0
CARTOON_AMR_TRANSACTION cycle=338 requested_refine=0 requested_derefine_leaves=4 accepted_derefine_parents=0 created_leaves=0 deleted_leaves=0 mirror_mismatches=0
CARTOON_AMR_TRANSACTION cycle=339 requested_refine=0 requested_derefine_leaves=4 accepted_derefine_parents=0 created_leaves=0 deleted_leaves=0 mirror_mismatches=0
CARTOON_AMR_TRANSACTION cycle=340 requested_refine=0 requested_derefine_leaves=4 accepted_derefine_parents=0 created_leaves=0 deleted_leaves=0 mirror_mismatches=0
elapsed=1.967370e+01 cycle=340 time=1.673682e+00 dt=6.926434e-03
CARTOON_AMR_TRANSACTION cycle=341 requested_refine=0 requested_derefine_leaves=4 accepted_derefine_parents=0 created_leaves=0 deleted_leaves=0 mirror_mismatches=0
CARTOON_AMR_TRANSACTION cycle=342 requested_refine=0 requested_derefine_leaves=4 accepted_derefine_parents=0 created_leaves=0 deleted_leaves=0 mirror_mismatches=0
CARTOON_AMR_TRANSACTION cycle=343 requested_refine=0 requested_derefine_leaves=4 accepted_derefine_parents=0 created_leaves=0 deleted_leaves=0 mirror_mismatches=0
CARTOON_AMR_TRANSACTION cycle=344 requested_refine=0 requested_derefine_leaves=4 accepted_derefine_parents=0 created_leaves=0 deleted_leaves=0 mirror_mismatches=0
elapsed=1.987676e+01 cycle=344 time=1.701423e+00 dt=6.948651e-03
CARTOON_AMR_TRANSACTION cycle=345 requested_refine=0 requested_derefine_leaves=4 accepted_derefine_parents=0 created_leaves=0 deleted_leaves=0 mirror_mismatches=0
CARTOON_AMR_TRANSACTION cycle=346 requested_refine=0 requested_derefine_leaves=4 accepted_derefine_parents=0 created_leaves=0 deleted_leaves=0 mirror_mismatches=0
CARTOON_AMR_TRANSACTION cycle=347 requested_refine=0 requested_derefine_leaves=6 accepted_derefine_parents=0 created_leaves=0 deleted_leaves=0 mirror_mismatches=0
CARTOON_AMR_TRANSACTION cycle=348 requested_refine=0 requested_derefine_leaves=6 accepted_derefine_parents=0 created_leaves=0 deleted_leaves=0 mirror_mismatches=0
elapsed=2.006175e+01 cycle=348 time=1.729249e+00 dt=6.970148e-03
CARTOON_AMR_TRANSACTION cycle=349 requested_refine=0 requested_derefine_leaves=6 accepted_derefine_parents=0 created_leaves=0 deleted_leaves=0 mirror_mismatches=0
CARTOON_AMR_TRANSACTION cycle=350 requested_refine=0 requested_derefine_leaves=6 accepted_derefine_parents=0 created_leaves=0 deleted_leaves=0 mirror_mismatches=0
CARTOON_AMR_TRANSACTION cycle=351 requested_refine=0 requested_derefine_leaves=6 accepted_derefine_parents=0 created_leaves=0 deleted_leaves=0 mirror_mismatches=0
CARTOON_AMR_TRANSACTION cycle=352 requested_refine=0 requested_derefine_leaves=6 accepted_derefine_parents=0 created_leaves=0 deleted_leaves=0 mirror_mismatches=0
elapsed=2.027035e+01 cycle=352 time=1.757163e+00 dt=6.991443e-03
CARTOON_AMR_TRANSACTION cycle=353 requested_refine=0 requested_derefine_leaves=6 accepted_derefine_parents=0 created_leaves=0 deleted_leaves=0 mirror_mismatches=0
CARTOON_AMR_TRANSACTION cycle=354 requested_refine=0 requested_derefine_leaves=6 accepted_derefine_parents=0 created_leaves=0 deleted_leaves=0 mirror_mismatches=0
CARTOON_AMR_TRANSACTION cycle=355 requested_refine=0 requested_derefine_leaves=6 accepted_derefine_parents=0 created_leaves=0 deleted_leaves=0 mirror_mismatches=0
CARTOON_AMR_TRANSACTION cycle=356 requested_refine=0 requested_derefine_leaves=6 accepted_derefine_parents=0 created_leaves=0 deleted_leaves=0 mirror_mismatches=0
elapsed=2.047389e+01 cycle=356 time=1.785160e+00 dt=7.012186e-03
CARTOON_AMR_TRANSACTION cycle=357 requested_refine=0 requested_derefine_leaves=6 accepted_derefine_parents=0 created_leaves=0 deleted_leaves=0 mirror_mismatches=0
CARTOON_AMR_TRANSACTION cycle=358 requested_refine=0 requested_derefine_leaves=6 accepted_derefine_parents=0 created_leaves=0 deleted_leaves=0 mirror_mismatches=0
CARTOON_AMR_TRANSACTION cycle=359 requested_refine=0 requested_derefine_leaves=6 accepted_derefine_parents=0 created_leaves=0 deleted_leaves=0 mirror_mismatches=0
CARTOON_AMR_TRANSACTION cycle=360 requested_refine=0 requested_derefine_leaves=6 accepted_derefine_parents=0 created_leaves=0 deleted_leaves=0 mirror_mismatches=0
elapsed=2.066783e+01 cycle=360 time=1.813241e+00 dt=7.032613e-03
CARTOON_AMR_TRANSACTION cycle=361 requested_refine=0 requested_derefine_leaves=6 accepted_derefine_parents=0 created_leaves=0 deleted_leaves=0 mirror_mismatches=0
CARTOON_AMR_TRANSACTION cycle=362 requested_refine=0 requested_derefine_leaves=6 accepted_derefine_parents=0 created_leaves=0 deleted_leaves=0 mirror_mismatches=0
CARTOON_AMR_TRANSACTION cycle=363 requested_refine=0 requested_derefine_leaves=6 accepted_derefine_parents=0 created_leaves=0 deleted_leaves=0 mirror_mismatches=0
CARTOON_AMR_TRANSACTION cycle=364 requested_refine=0 requested_derefine_leaves=6 accepted_derefine_parents=0 created_leaves=0 deleted_leaves=0 mirror_mismatches=0
elapsed=2.084124e+01 cycle=364 time=1.841401e+00 dt=7.052626e-03
CARTOON_AMR_TRANSACTION cycle=365 requested_refine=0 requested_derefine_leaves=4 accepted_derefine_parents=0 created_leaves=0 deleted_leaves=0 mirror_mismatches=0
CARTOON_AMR_TRANSACTION cycle=366 requested_refine=0 requested_derefine_leaves=4 accepted_derefine_parents=0 created_leaves=0 deleted_leaves=0 mirror_mismatches=0
CARTOON_AMR_TRANSACTION cycle=367 requested_refine=0 requested_derefine_leaves=4 accepted_derefine_parents=0 created_leaves=0 deleted_leaves=0 mirror_mismatches=0
CARTOON_AMR_TRANSACTION cycle=368 requested_refine=0 requested_derefine_leaves=4 accepted_derefine_parents=0 created_leaves=0 deleted_leaves=0 mirror_mismatches=0
elapsed=2.108587e+01 cycle=368 time=1.869642e+00 dt=7.072253e-03
CARTOON_AMR_TRANSACTION cycle=369 requested_refine=0 requested_derefine_leaves=4 accepted_derefine_parents=0 created_leaves=0 deleted_leaves=0 mirror_mismatches=0
CARTOON_AMR_TRANSACTION cycle=370 requested_refine=0 requested_derefine_leaves=4 accepted_derefine_parents=0 created_leaves=0 deleted_leaves=0 mirror_mismatches=0
CARTOON_AMR_TRANSACTION cycle=371 requested_refine=0 requested_derefine_leaves=4 accepted_derefine_parents=0 created_leaves=0 deleted_leaves=0 mirror_mismatches=0
CARTOON_AMR_TRANSACTION cycle=372 requested_refine=0 requested_derefine_leaves=4 accepted_derefine_parents=0 created_leaves=0 deleted_leaves=0 mirror_mismatches=0
elapsed=2.129607e+01 cycle=372 time=1.897960e+00 dt=7.091558e-03
CARTOON_AMR_TRANSACTION cycle=373 requested_refine=0 requested_derefine_leaves=4 accepted_derefine_parents=0 created_leaves=0 deleted_leaves=0 mirror_mismatches=0
CARTOON_AMR_TRANSACTION cycle=374 requested_refine=0 requested_derefine_leaves=4 accepted_derefine_parents=0 created_leaves=0 deleted_leaves=0 mirror_mismatches=0
CARTOON_AMR_TRANSACTION cycle=375 requested_refine=0 requested_derefine_leaves=4 accepted_derefine_parents=0 created_leaves=0 deleted_leaves=0 mirror_mismatches=0
CARTOON_AMR_TRANSACTION cycle=376 requested_refine=0 requested_derefine_leaves=4 accepted_derefine_parents=0 created_leaves=0 deleted_leaves=0 mirror_mismatches=0
elapsed=2.150987e+01 cycle=376 time=1.926356e+00 dt=7.108818e-03
CARTOON_AMR_TRANSACTION cycle=377 requested_refine=0 requested_derefine_leaves=4 accepted_derefine_parents=0 created_leaves=0 deleted_leaves=0 mirror_mismatches=0
CARTOON_AMR_TRANSACTION cycle=378 requested_refine=0 requested_derefine_leaves=4 accepted_derefine_parents=0 created_leaves=0 deleted_leaves=0 mirror_mismatches=0
CARTOON_AMR_TRANSACTION cycle=379 requested_refine=0 requested_derefine_leaves=4 accepted_derefine_parents=0 created_leaves=0 deleted_leaves=0 mirror_mismatches=0
CARTOON_AMR_TRANSACTION cycle=380 requested_refine=0 requested_derefine_leaves=4 accepted_derefine_parents=0 created_leaves=0 deleted_leaves=0 mirror_mismatches=0
elapsed=2.171442e+01 cycle=380 time=1.954791e+00 dt=7.109003e-03
CARTOON_AMR_TRANSACTION cycle=381 requested_refine=0 requested_derefine_leaves=4 accepted_derefine_parents=0 created_leaves=0 deleted_leaves=0 mirror_mismatches=0
CARTOON_AMR_TRANSACTION cycle=382 requested_refine=0 requested_derefine_leaves=4 accepted_derefine_parents=0 created_leaves=0 deleted_leaves=0 mirror_mismatches=0
CARTOON_AMR_TRANSACTION cycle=383 requested_refine=0 requested_derefine_leaves=4 accepted_derefine_parents=0 created_leaves=0 deleted_leaves=0 mirror_mismatches=0
CARTOON_AMR_TRANSACTION cycle=384 requested_refine=0 requested_derefine_leaves=4 accepted_derefine_parents=0 created_leaves=0 deleted_leaves=0 mirror_mismatches=0
elapsed=2.195835e+01 cycle=384 time=1.983228e+00 dt=7.109869e-03
CARTOON_AMR_TRANSACTION cycle=385 requested_refine=0 requested_derefine_leaves=4 accepted_derefine_parents=0 created_leaves=0 deleted_leaves=0 mirror_mismatches=0
CARTOON_AMR_TRANSACTION cycle=386 requested_refine=0 requested_derefine_leaves=4 accepted_derefine_parents=0 created_leaves=0 deleted_leaves=0 mirror_mismatches=0
CARTOON_AMR_TRANSACTION cycle=387 requested_refine=0 requested_derefine_leaves=4 accepted_derefine_parents=0 created_leaves=0 deleted_leaves=0 mirror_mismatches=0
CARTOON_AMR_TRANSACTION cycle=388 requested_refine=0 requested_derefine_leaves=4 accepted_derefine_parents=0 created_leaves=0 deleted_leaves=0 mirror_mismatches=0
elapsed=2.215399e+01 cycle=388 time=2.011670e+00 dt=7.110401e-03
CARTOON_AMR_TRANSACTION cycle=389 requested_refine=0 requested_derefine_leaves=4 accepted_derefine_parents=0 created_leaves=0 deleted_leaves=0 mirror_mismatches=0
CARTOON_AMR_TRANSACTION cycle=390 requested_refine=0 requested_derefine_leaves=4 accepted_derefine_parents=0 created_leaves=0 deleted_leaves=0 mirror_mismatches=0
CARTOON_AMR_TRANSACTION cycle=391 requested_refine=0 requested_derefine_leaves=4 accepted_derefine_parents=0 created_leaves=0 deleted_leaves=0 mirror_mismatches=0
CARTOON_AMR_TRANSACTION cycle=392 requested_refine=0 requested_derefine_leaves=4 accepted_derefine_parents=0 created_leaves=0 deleted_leaves=0 mirror_mismatches=0
elapsed=2.234961e+01 cycle=392 time=2.040109e+00 dt=7.108456e-03
CARTOON_AMR_TRANSACTION cycle=393 requested_refine=0 requested_derefine_leaves=4 accepted_derefine_parents=0 created_leaves=0 deleted_leaves=0 mirror_mismatches=0
CARTOON_AMR_TRANSACTION cycle=394 requested_refine=0 requested_derefine_leaves=4 accepted_derefine_parents=0 created_leaves=0 deleted_leaves=0 mirror_mismatches=0
CARTOON_AMR_TRANSACTION cycle=395 requested_refine=0 requested_derefine_leaves=4 accepted_derefine_parents=0 created_leaves=0 deleted_leaves=0 mirror_mismatches=0
CARTOON_AMR_TRANSACTION cycle=396 requested_refine=0 requested_derefine_leaves=4 accepted_derefine_parents=0 created_leaves=0 deleted_leaves=0 mirror_mismatches=0
elapsed=2.252971e+01 cycle=396 time=2.068540e+00 dt=7.107194e-03
CARTOON_AMR_TRANSACTION cycle=397 requested_refine=0 requested_derefine_leaves=4 accepted_derefine_parents=0 created_leaves=0 deleted_leaves=0 mirror_mismatches=0
CARTOON_AMR_TRANSACTION cycle=398 requested_refine=0 requested_derefine_leaves=4 accepted_derefine_parents=0 created_leaves=0 deleted_leaves=0 mirror_mismatches=0
CARTOON_AMR_TRANSACTION cycle=399 requested_refine=0 requested_derefine_leaves=4 accepted_derefine_parents=0 created_leaves=0 deleted_leaves=0 mirror_mismatches=0
CARTOON_AMR_TRANSACTION cycle=400 requested_refine=0 requested_derefine_leaves=4 accepted_derefine_parents=0 created_leaves=0 deleted_leaves=0 mirror_mismatches=0
elapsed=2.272019e+01 cycle=400 time=2.096968e+00 dt=7.106623e-03
CARTOON_AMR_TRANSACTION cycle=401 requested_refine=0 requested_derefine_leaves=4 accepted_derefine_parents=0 created_leaves=0 deleted_leaves=0 mirror_mismatches=0
CARTOON_AMR_TRANSACTION cycle=402 requested_refine=0 requested_derefine_leaves=4 accepted_derefine_parents=0 created_leaves=0 deleted_leaves=0 mirror_mismatches=0
CARTOON_AMR_TRANSACTION cycle=403 requested_refine=0 requested_derefine_leaves=4 accepted_derefine_parents=0 created_leaves=0 deleted_leaves=0 mirror_mismatches=0
CARTOON_AMR_TRANSACTION cycle=404 requested_refine=0 requested_derefine_leaves=4 accepted_derefine_parents=0 created_leaves=0 deleted_leaves=0 mirror_mismatches=0
elapsed=2.291556e+01 cycle=404 time=2.125394e+00 dt=7.106749e-03
CARTOON_AMR_TRANSACTION cycle=405 requested_refine=0 requested_derefine_leaves=4 accepted_derefine_parents=0 created_leaves=0 deleted_leaves=0 mirror_mismatches=0
CARTOON_AMR_TRANSACTION cycle=406 requested_refine=0 requested_derefine_leaves=4 accepted_derefine_parents=0 created_leaves=0 deleted_leaves=0 mirror_mismatches=0
CARTOON_AMR_TRANSACTION cycle=407 requested_refine=0 requested_derefine_leaves=4 accepted_derefine_parents=0 created_leaves=0 deleted_leaves=0 mirror_mismatches=0
CARTOON_AMR_TRANSACTION cycle=408 requested_refine=0 requested_derefine_leaves=4 accepted_derefine_parents=0 created_leaves=0 deleted_leaves=0 mirror_mismatches=0
elapsed=2.313797e+01 cycle=408 time=2.153817e+00 dt=7.103765e-03
CARTOON_AMR_TRANSACTION cycle=409 requested_refine=0 requested_derefine_leaves=4 accepted_derefine_parents=0 created_leaves=0 deleted_leaves=0 mirror_mismatches=0
CARTOON_AMR_TRANSACTION cycle=410 requested_refine=0 requested_derefine_leaves=4 accepted_derefine_parents=0 created_leaves=0 deleted_leaves=0 mirror_mismatches=0
CARTOON_AMR_TRANSACTION cycle=411 requested_refine=0 requested_derefine_leaves=4 accepted_derefine_parents=0 created_leaves=0 deleted_leaves=0 mirror_mismatches=0
CARTOON_AMR_TRANSACTION cycle=412 requested_refine=0 requested_derefine_leaves=4 accepted_derefine_parents=0 created_leaves=0 deleted_leaves=0 mirror_mismatches=0
elapsed=2.331738e+01 cycle=412 time=2.182228e+00 dt=7.101379e-03
CARTOON_AMR_TRANSACTION cycle=413 requested_refine=0 requested_derefine_leaves=4 accepted_derefine_parents=0 created_leaves=0 deleted_leaves=0 mirror_mismatches=0
CARTOON_AMR_TRANSACTION cycle=414 requested_refine=0 requested_derefine_leaves=4 accepted_derefine_parents=0 created_leaves=0 deleted_leaves=0 mirror_mismatches=0
CARTOON_AMR_TRANSACTION cycle=415 requested_refine=0 requested_derefine_leaves=4 accepted_derefine_parents=0 created_leaves=0 deleted_leaves=0 mirror_mismatches=0
CARTOON_AMR_TRANSACTION cycle=416 requested_refine=0 requested_derefine_leaves=4 accepted_derefine_parents=0 created_leaves=0 deleted_leaves=0 mirror_mismatches=0
elapsed=2.353946e+01 cycle=416 time=2.210631e+00 dt=7.099684e-03
CARTOON_AMR_TRANSACTION cycle=417 requested_refine=0 requested_derefine_leaves=4 accepted_derefine_parents=0 created_leaves=0 deleted_leaves=0 mirror_mismatches=0
CARTOON_AMR_TRANSACTION cycle=418 requested_refine=0 requested_derefine_leaves=4 accepted_derefine_parents=0 created_leaves=0 deleted_leaves=0 mirror_mismatches=0
CARTOON_AMR_TRANSACTION cycle=419 requested_refine=0 requested_derefine_leaves=4 accepted_derefine_parents=0 created_leaves=0 deleted_leaves=0 mirror_mismatches=0
CARTOON_AMR_TRANSACTION cycle=420 requested_refine=0 requested_derefine_leaves=4 accepted_derefine_parents=0 created_leaves=0 deleted_leaves=0 mirror_mismatches=0
elapsed=2.374723e+01 cycle=420 time=2.239028e+00 dt=7.098247e-03
CARTOON_AMR_TRANSACTION cycle=421 requested_refine=0 requested_derefine_leaves=4 accepted_derefine_parents=0 created_leaves=0 deleted_leaves=0 mirror_mismatches=0
CARTOON_AMR_TRANSACTION cycle=422 requested_refine=0 requested_derefine_leaves=4 accepted_derefine_parents=0 created_leaves=0 deleted_leaves=0 mirror_mismatches=0
CARTOON_AMR_TRANSACTION cycle=423 requested_refine=0 requested_derefine_leaves=4 accepted_derefine_parents=0 created_leaves=0 deleted_leaves=0 mirror_mismatches=0
CARTOON_AMR_TRANSACTION cycle=424 requested_refine=0 requested_derefine_leaves=4 accepted_derefine_parents=0 created_leaves=0 deleted_leaves=0 mirror_mismatches=0
elapsed=2.401471e+01 cycle=424 time=2.267411e+00 dt=7.091757e-03
CARTOON_AMR_TRANSACTION cycle=425 requested_refine=0 requested_derefine_leaves=4 accepted_derefine_parents=0 created_leaves=0 deleted_leaves=0 mirror_mismatches=0
CARTOON_AMR_TRANSACTION cycle=426 requested_refine=0 requested_derefine_leaves=4 accepted_derefine_parents=0 created_leaves=0 deleted_leaves=0 mirror_mismatches=0
CARTOON_AMR_TRANSACTION cycle=427 requested_refine=0 requested_derefine_leaves=4 accepted_derefine_parents=0 created_leaves=0 deleted_leaves=0 mirror_mismatches=0
CARTOON_AMR_TRANSACTION cycle=428 requested_refine=0 requested_derefine_leaves=4 accepted_derefine_parents=0 created_leaves=0 deleted_leaves=0 mirror_mismatches=0
elapsed=2.422789e+01 cycle=428 time=2.295769e+00 dt=7.086001e-03
CARTOON_AMR_TRANSACTION cycle=429 requested_refine=0 requested_derefine_leaves=4 accepted_derefine_parents=0 created_leaves=0 deleted_leaves=0 mirror_mismatches=0
CARTOON_AMR_TRANSACTION cycle=430 requested_refine=0 requested_derefine_leaves=4 accepted_derefine_parents=0 created_leaves=0 deleted_leaves=0 mirror_mismatches=0
CARTOON_AMR_TRANSACTION cycle=431 requested_refine=0 requested_derefine_leaves=4 accepted_derefine_parents=0 created_leaves=0 deleted_leaves=0 mirror_mismatches=0
CARTOON_AMR_TRANSACTION cycle=432 requested_refine=0 requested_derefine_leaves=4 accepted_derefine_parents=0 created_leaves=0 deleted_leaves=0 mirror_mismatches=0
elapsed=2.441685e+01 cycle=432 time=2.324105e+00 dt=7.080979e-03
CARTOON_AMR_TRANSACTION cycle=433 requested_refine=0 requested_derefine_leaves=4 accepted_derefine_parents=0 created_leaves=0 deleted_leaves=0 mirror_mismatches=0
CARTOON_AMR_TRANSACTION cycle=434 requested_refine=0 requested_derefine_leaves=4 accepted_derefine_parents=0 created_leaves=0 deleted_leaves=0 mirror_mismatches=0
CARTOON_AMR_TRANSACTION cycle=435 requested_refine=0 requested_derefine_leaves=4 accepted_derefine_parents=0 created_leaves=0 deleted_leaves=0 mirror_mismatches=0
CARTOON_AMR_TRANSACTION cycle=436 requested_refine=0 requested_derefine_leaves=4 accepted_derefine_parents=0 created_leaves=0 deleted_leaves=0 mirror_mismatches=0
elapsed=2.464563e+01 cycle=436 time=2.352423e+00 dt=7.075786e-03
CARTOON_AMR_TRANSACTION cycle=437 requested_refine=0 requested_derefine_leaves=4 accepted_derefine_parents=0 created_leaves=0 deleted_leaves=0 mirror_mismatches=0
CARTOON_AMR_TRANSACTION cycle=438 requested_refine=0 requested_derefine_leaves=4 accepted_derefine_parents=0 created_leaves=0 deleted_leaves=0 mirror_mismatches=0
CARTOON_AMR_TRANSACTION cycle=439 requested_refine=0 requested_derefine_leaves=4 accepted_derefine_parents=0 created_leaves=0 deleted_leaves=0 mirror_mismatches=0
CARTOON_AMR_TRANSACTION cycle=440 requested_refine=0 requested_derefine_leaves=4 accepted_derefine_parents=0 created_leaves=0 deleted_leaves=0 mirror_mismatches=0
elapsed=2.487453e+01 cycle=440 time=2.380713e+00 dt=7.067676e-03
CARTOON_AMR_TRANSACTION cycle=441 requested_refine=0 requested_derefine_leaves=4 accepted_derefine_parents=0 created_leaves=0 deleted_leaves=0 mirror_mismatches=0
CARTOON_AMR_TRANSACTION cycle=442 requested_refine=0 requested_derefine_leaves=4 accepted_derefine_parents=0 created_leaves=0 deleted_leaves=0 mirror_mismatches=0
CARTOON_AMR_TRANSACTION cycle=443 requested_refine=0 requested_derefine_leaves=4 accepted_derefine_parents=0 created_leaves=0 deleted_leaves=0 mirror_mismatches=0
CARTOON_AMR_TRANSACTION cycle=444 requested_refine=0 requested_derefine_leaves=4 accepted_derefine_parents=0 created_leaves=0 deleted_leaves=0 mirror_mismatches=0
elapsed=2.506719e+01 cycle=444 time=2.408973e+00 dt=7.060290e-03
CARTOON_AMR_TRANSACTION cycle=445 requested_refine=0 requested_derefine_leaves=4 accepted_derefine_parents=0 created_leaves=0 deleted_leaves=0 mirror_mismatches=0
CARTOON_AMR_TRANSACTION cycle=446 requested_refine=0 requested_derefine_leaves=4 accepted_derefine_parents=0 created_leaves=0 deleted_leaves=0 mirror_mismatches=0
CARTOON_AMR_TRANSACTION cycle=447 requested_refine=0 requested_derefine_leaves=4 accepted_derefine_parents=0 created_leaves=0 deleted_leaves=0 mirror_mismatches=0
CARTOON_AMR_TRANSACTION cycle=448 requested_refine=0 requested_derefine_leaves=4 accepted_derefine_parents=0 created_leaves=0 deleted_leaves=0 mirror_mismatches=0
elapsed=2.528494e+01 cycle=448 time=2.437204e+00 dt=7.053629e-03
CARTOON_AMR_TRANSACTION cycle=449 requested_refine=0 requested_derefine_leaves=4 accepted_derefine_parents=0 created_leaves=0 deleted_leaves=0 mirror_mismatches=0
CARTOON_AMR_TRANSACTION cycle=450 requested_refine=0 requested_derefine_leaves=4 accepted_derefine_parents=0 created_leaves=0 deleted_leaves=0 mirror_mismatches=0
CARTOON_AMR_TRANSACTION cycle=451 requested_refine=0 requested_derefine_leaves=4 accepted_derefine_parents=0 created_leaves=0 deleted_leaves=0 mirror_mismatches=0
CARTOON_AMR_TRANSACTION cycle=452 requested_refine=0 requested_derefine_leaves=4 accepted_derefine_parents=0 created_leaves=0 deleted_leaves=0 mirror_mismatches=0
elapsed=2.550151e+01 cycle=452 time=2.465409e+00 dt=7.047692e-03
CARTOON_AMR_TRANSACTION cycle=453 requested_refine=0 requested_derefine_leaves=4 accepted_derefine_parents=0 created_leaves=0 deleted_leaves=0 mirror_mismatches=0
CARTOON_AMR_TRANSACTION cycle=454 requested_refine=0 requested_derefine_leaves=4 accepted_derefine_parents=0 created_leaves=0 deleted_leaves=0 mirror_mismatches=0
CARTOON_AMR_TRANSACTION cycle=455 requested_refine=0 requested_derefine_leaves=4 accepted_derefine_parents=0 created_leaves=0 deleted_leaves=0 mirror_mismatches=0
CARTOON_AMR_TRANSACTION cycle=456 requested_refine=0 requested_derefine_leaves=4 accepted_derefine_parents=0 created_leaves=0 deleted_leaves=0 mirror_mismatches=0
elapsed=2.568409e+01 cycle=456 time=2.493592e+00 dt=7.042477e-03
CARTOON_AMR_TRANSACTION cycle=457 requested_refine=0 requested_derefine_leaves=4 accepted_derefine_parents=0 created_leaves=0 deleted_leaves=0 mirror_mismatches=0
CARTOON_AMR_TRANSACTION cycle=458 requested_refine=0 requested_derefine_leaves=4 accepted_derefine_parents=0 created_leaves=0 deleted_leaves=0 mirror_mismatches=0
CARTOON_AMR_TRANSACTION cycle=459 requested_refine=0 requested_derefine_leaves=4 accepted_derefine_parents=0 created_leaves=0 deleted_leaves=0 mirror_mismatches=0
CARTOON_AMR_TRANSACTION cycle=460 requested_refine=0 requested_derefine_leaves=4 accepted_derefine_parents=0 created_leaves=0 deleted_leaves=0 mirror_mismatches=0
elapsed=2.587121e+01 cycle=460 time=2.521753e+00 dt=7.035687e-03
CARTOON_AMR_TRANSACTION cycle=461 requested_refine=0 requested_derefine_leaves=4 accepted_derefine_parents=0 created_leaves=0 deleted_leaves=0 mirror_mismatches=0
CARTOON_AMR_TRANSACTION cycle=462 requested_refine=0 requested_derefine_leaves=4 accepted_derefine_parents=0 created_leaves=0 deleted_leaves=0 mirror_mismatches=0
CARTOON_AMR_TRANSACTION cycle=463 requested_refine=0 requested_derefine_leaves=4 accepted_derefine_parents=0 created_leaves=0 deleted_leaves=0 mirror_mismatches=0
CARTOON_AMR_TRANSACTION cycle=464 requested_refine=0 requested_derefine_leaves=4 accepted_derefine_parents=0 created_leaves=0 deleted_leaves=0 mirror_mismatches=0
elapsed=2.605508e+01 cycle=464 time=2.549884e+00 dt=7.027650e-03
CARTOON_AMR_TRANSACTION cycle=465 requested_refine=0 requested_derefine_leaves=4 accepted_derefine_parents=0 created_leaves=0 deleted_leaves=0 mirror_mismatches=0
CARTOON_AMR_TRANSACTION cycle=466 requested_refine=0 requested_derefine_leaves=4 accepted_derefine_parents=0 created_leaves=0 deleted_leaves=0 mirror_mismatches=0
CARTOON_AMR_TRANSACTION cycle=467 requested_refine=0 requested_derefine_leaves=4 accepted_derefine_parents=0 created_leaves=0 deleted_leaves=0 mirror_mismatches=0
CARTOON_AMR_TRANSACTION cycle=468 requested_refine=0 requested_derefine_leaves=4 accepted_derefine_parents=0 created_leaves=0 deleted_leaves=0 mirror_mismatches=0
elapsed=2.624555e+01 cycle=468 time=2.577983e+00 dt=7.020322e-03
CARTOON_AMR_TRANSACTION cycle=469 requested_refine=0 requested_derefine_leaves=4 accepted_derefine_parents=0 created_leaves=0 deleted_leaves=0 mirror_mismatches=0
CARTOON_AMR_TRANSACTION cycle=470 requested_refine=0 requested_derefine_leaves=4 accepted_derefine_parents=0 created_leaves=0 deleted_leaves=0 mirror_mismatches=0
CARTOON_AMR_TRANSACTION cycle=471 requested_refine=0 requested_derefine_leaves=4 accepted_derefine_parents=0 created_leaves=0 deleted_leaves=0 mirror_mismatches=0
CARTOON_AMR_TRANSACTION cycle=472 requested_refine=0 requested_derefine_leaves=4 accepted_derefine_parents=0 created_leaves=0 deleted_leaves=0 mirror_mismatches=0
elapsed=2.646362e+01 cycle=472 time=2.606054e+00 dt=7.013700e-03
CARTOON_AMR_TRANSACTION cycle=473 requested_refine=0 requested_derefine_leaves=4 accepted_derefine_parents=0 created_leaves=0 deleted_leaves=0 mirror_mismatches=0
CARTOON_AMR_TRANSACTION cycle=474 requested_refine=0 requested_derefine_leaves=4 accepted_derefine_parents=0 created_leaves=0 deleted_leaves=0 mirror_mismatches=0
CARTOON_AMR_TRANSACTION cycle=475 requested_refine=0 requested_derefine_leaves=4 accepted_derefine_parents=0 created_leaves=0 deleted_leaves=0 mirror_mismatches=0
CARTOON_AMR_TRANSACTION cycle=476 requested_refine=0 requested_derefine_leaves=4 accepted_derefine_parents=0 created_leaves=0 deleted_leaves=0 mirror_mismatches=0
elapsed=2.664268e+01 cycle=476 time=2.634100e+00 dt=7.007783e-03
CARTOON_AMR_TRANSACTION cycle=477 requested_refine=0 requested_derefine_leaves=4 accepted_derefine_parents=0 created_leaves=0 deleted_leaves=0 mirror_mismatches=0
CARTOON_AMR_TRANSACTION cycle=478 requested_refine=0 requested_derefine_leaves=4 accepted_derefine_parents=0 created_leaves=0 deleted_leaves=0 mirror_mismatches=0
CARTOON_AMR_TRANSACTION cycle=479 requested_refine=0 requested_derefine_leaves=4 accepted_derefine_parents=0 created_leaves=0 deleted_leaves=0 mirror_mismatches=0
CARTOON_AMR_TRANSACTION cycle=480 requested_refine=0 requested_derefine_leaves=4 accepted_derefine_parents=0 created_leaves=0 deleted_leaves=0 mirror_mismatches=0
elapsed=2.684576e+01 cycle=480 time=2.662123e+00 dt=7.002569e-03
CARTOON_AMR_TRANSACTION cycle=481 requested_refine=0 requested_derefine_leaves=4 accepted_derefine_parents=0 created_leaves=0 deleted_leaves=0 mirror_mismatches=0
CARTOON_AMR_TRANSACTION cycle=482 requested_refine=0 requested_derefine_leaves=4 accepted_derefine_parents=0 created_leaves=0 deleted_leaves=0 mirror_mismatches=0
CARTOON_AMR_TRANSACTION cycle=483 requested_refine=0 requested_derefine_leaves=4 accepted_derefine_parents=0 created_leaves=0 deleted_leaves=0 mirror_mismatches=0
CARTOON_AMR_TRANSACTION cycle=484 requested_refine=0 requested_derefine_leaves=4 accepted_derefine_parents=0 created_leaves=0 deleted_leaves=0 mirror_mismatches=0
elapsed=2.701361e+01 cycle=484 time=2.690125e+00 dt=6.995820e-03
CARTOON_AMR_TRANSACTION cycle=485 requested_refine=0 requested_derefine_leaves=4 accepted_derefine_parents=0 created_leaves=0 deleted_leaves=0 mirror_mismatches=0
CARTOON_AMR_TRANSACTION cycle=486 requested_refine=0 requested_derefine_leaves=4 accepted_derefine_parents=0 created_leaves=0 deleted_leaves=0 mirror_mismatches=0
CARTOON_AMR_TRANSACTION cycle=487 requested_refine=0 requested_derefine_leaves=4 accepted_derefine_parents=0 created_leaves=0 deleted_leaves=0 mirror_mismatches=0
CARTOON_AMR_TRANSACTION cycle=488 requested_refine=0 requested_derefine_leaves=4 accepted_derefine_parents=0 created_leaves=0 deleted_leaves=0 mirror_mismatches=0
elapsed=2.721928e+01 cycle=488 time=2.718096e+00 dt=6.987995e-03
CARTOON_AMR_TRANSACTION cycle=489 requested_refine=0 requested_derefine_leaves=4 accepted_derefine_parents=0 created_leaves=0 deleted_leaves=0 mirror_mismatches=0
CARTOON_AMR_TRANSACTION cycle=490 requested_refine=0 requested_derefine_leaves=4 accepted_derefine_parents=0 created_leaves=0 deleted_leaves=0 mirror_mismatches=0
CARTOON_AMR_TRANSACTION cycle=491 requested_refine=0 requested_derefine_leaves=4 accepted_derefine_parents=0 created_leaves=0 deleted_leaves=0 mirror_mismatches=0
CARTOON_AMR_TRANSACTION cycle=492 requested_refine=0 requested_derefine_leaves=4 accepted_derefine_parents=0 created_leaves=0 deleted_leaves=0 mirror_mismatches=0
elapsed=2.740513e+01 cycle=492 time=2.746037e+00 dt=6.980855e-03
CARTOON_AMR_TRANSACTION cycle=493 requested_refine=0 requested_derefine_leaves=4 accepted_derefine_parents=0 created_leaves=0 deleted_leaves=0 mirror_mismatches=0
CARTOON_AMR_TRANSACTION cycle=494 requested_refine=0 requested_derefine_leaves=4 accepted_derefine_parents=0 created_leaves=0 deleted_leaves=0 mirror_mismatches=0
CARTOON_AMR_TRANSACTION cycle=495 requested_refine=0 requested_derefine_leaves=4 accepted_derefine_parents=0 created_leaves=0 deleted_leaves=0 mirror_mismatches=0
CARTOON_AMR_TRANSACTION cycle=496 requested_refine=0 requested_derefine_leaves=4 accepted_derefine_parents=0 created_leaves=0 deleted_leaves=0 mirror_mismatches=0
elapsed=2.762161e+01 cycle=496 time=2.773951e+00 dt=6.974399e-03
CARTOON_AMR_TRANSACTION cycle=497 requested_refine=0 requested_derefine_leaves=4 accepted_derefine_parents=0 created_leaves=0 deleted_leaves=0 mirror_mismatches=0
CARTOON_AMR_TRANSACTION cycle=498 requested_refine=0 requested_derefine_leaves=4 accepted_derefine_parents=0 created_leaves=0 deleted_leaves=0 mirror_mismatches=0
CARTOON_AMR_TRANSACTION cycle=499 requested_refine=0 requested_derefine_leaves=4 accepted_derefine_parents=0 created_leaves=0 deleted_leaves=0 mirror_mismatches=0
CARTOON_AMR_TRANSACTION cycle=500 requested_refine=0 requested_derefine_leaves=4 accepted_derefine_parents=0 created_leaves=0 deleted_leaves=0 mirror_mismatches=0
elapsed=2.780897e+01 cycle=500 time=2.801840e+00 dt=6.968623e-03
CARTOON_AMR_TRANSACTION cycle=501 requested_refine=0 requested_derefine_leaves=4 accepted_derefine_parents=0 created_leaves=0 deleted_leaves=0 mirror_mismatches=0
CARTOON_AMR_TRANSACTION cycle=502 requested_refine=0 requested_derefine_leaves=4 accepted_derefine_parents=0 created_leaves=0 deleted_leaves=0 mirror_mismatches=0
CARTOON_AMR_TRANSACTION cycle=503 requested_refine=0 requested_derefine_leaves=4 accepted_derefine_parents=0 created_leaves=0 deleted_leaves=0 mirror_mismatches=0
CARTOON_AMR_TRANSACTION cycle=504 requested_refine=0 requested_derefine_leaves=4 accepted_derefine_parents=0 created_leaves=0 deleted_leaves=0 mirror_mismatches=0
elapsed=2.799556e+01 cycle=504 time=2.829706e+00 dt=6.963524e-03
CARTOON_AMR_TRANSACTION cycle=505 requested_refine=0 requested_derefine_leaves=4 accepted_derefine_parents=0 created_leaves=0 deleted_leaves=0 mirror_mismatches=0
CARTOON_AMR_TRANSACTION cycle=506 requested_refine=0 requested_derefine_leaves=4 accepted_derefine_parents=0 created_leaves=0 deleted_leaves=0 mirror_mismatches=0
CARTOON_AMR_TRANSACTION cycle=507 requested_refine=0 requested_derefine_leaves=4 accepted_derefine_parents=0 created_leaves=0 deleted_leaves=0 mirror_mismatches=0
CARTOON_AMR_TRANSACTION cycle=508 requested_refine=0 requested_derefine_leaves=4 accepted_derefine_parents=0 created_leaves=0 deleted_leaves=0 mirror_mismatches=0
elapsed=2.818155e+01 cycle=508 time=2.857553e+00 dt=6.957944e-03
CARTOON_AMR_TRANSACTION cycle=509 requested_refine=0 requested_derefine_leaves=4 accepted_derefine_parents=0 created_leaves=0 deleted_leaves=0 mirror_mismatches=0
CARTOON_AMR_TRANSACTION cycle=510 requested_refine=0 requested_derefine_leaves=4 accepted_derefine_parents=0 created_leaves=0 deleted_leaves=0 mirror_mismatches=0
CARTOON_AMR_TRANSACTION cycle=511 requested_refine=0 requested_derefine_leaves=4 accepted_derefine_parents=0 created_leaves=0 deleted_leaves=0 mirror_mismatches=0
CARTOON_AMR_TRANSACTION cycle=512 requested_refine=0 requested_derefine_leaves=4 accepted_derefine_parents=0 created_leaves=0 deleted_leaves=0 mirror_mismatches=0
elapsed=2.877445e+01 cycle=512 time=2.885373e+00 dt=6.950398e-03
CARTOON_AMR_TRANSACTION cycle=513 requested_refine=0 requested_derefine_leaves=4 accepted_derefine_parents=0 created_leaves=0 deleted_leaves=0 mirror_mismatches=0
CARTOON_AMR_TRANSACTION cycle=514 requested_refine=0 requested_derefine_leaves=4 accepted_derefine_parents=0 created_leaves=0 deleted_leaves=0 mirror_mismatches=0
CARTOON_AMR_TRANSACTION cycle=515 requested_refine=0 requested_derefine_leaves=4 accepted_derefine_parents=0 created_leaves=0 deleted_leaves=0 mirror_mismatches=0
CARTOON_AMR_TRANSACTION cycle=516 requested_refine=0 requested_derefine_leaves=4 accepted_derefine_parents=0 created_leaves=0 deleted_leaves=0 mirror_mismatches=0
elapsed=2.897999e+01 cycle=516 time=2.913165e+00 dt=6.943510e-03
CARTOON_AMR_TRANSACTION cycle=517 requested_refine=0 requested_derefine_leaves=4 accepted_derefine_parents=0 created_leaves=0 deleted_leaves=0 mirror_mismatches=0
CARTOON_AMR_TRANSACTION cycle=518 requested_refine=0 requested_derefine_leaves=4 accepted_derefine_parents=0 created_leaves=0 deleted_leaves=0 mirror_mismatches=0
CARTOON_AMR_TRANSACTION cycle=519 requested_refine=0 requested_derefine_leaves=4 accepted_derefine_parents=0 created_leaves=0 deleted_leaves=0 mirror_mismatches=0
CARTOON_AMR_TRANSACTION cycle=520 requested_refine=0 requested_derefine_leaves=4 accepted_derefine_parents=0 created_leaves=0 deleted_leaves=0 mirror_mismatches=0
elapsed=2.915924e+01 cycle=520 time=2.940929e+00 dt=6.937278e-03
CARTOON_AMR_TRANSACTION cycle=521 requested_refine=0 requested_derefine_leaves=4 accepted_derefine_parents=0 created_leaves=0 deleted_leaves=0 mirror_mismatches=0
CARTOON_AMR_TRANSACTION cycle=522 requested_refine=0 requested_derefine_leaves=4 accepted_derefine_parents=0 created_leaves=0 deleted_leaves=0 mirror_mismatches=0
CARTOON_AMR_TRANSACTION cycle=523 requested_refine=0 requested_derefine_leaves=4 accepted_derefine_parents=0 created_leaves=0 deleted_leaves=0 mirror_mismatches=0
CARTOON_AMR_TRANSACTION cycle=524 requested_refine=0 requested_derefine_leaves=4 accepted_derefine_parents=0 created_leaves=0 deleted_leaves=0 mirror_mismatches=0
elapsed=2.935123e+01 cycle=524 time=2.968670e+00 dt=6.931675e-03
CARTOON_AMR_TRANSACTION cycle=525 requested_refine=0 requested_derefine_leaves=4 accepted_derefine_parents=0 created_leaves=0 deleted_leaves=0 mirror_mismatches=0
CARTOON_AMR_TRANSACTION cycle=526 requested_refine=0 requested_derefine_leaves=4 accepted_derefine_parents=0 created_leaves=0 deleted_leaves=0 mirror_mismatches=0
CARTOON_AMR_TRANSACTION cycle=527 requested_refine=0 requested_derefine_leaves=4 accepted_derefine_parents=0 created_leaves=0 deleted_leaves=0 mirror_mismatches=0
CARTOON_AMR_TRANSACTION cycle=528 requested_refine=0 requested_derefine_leaves=4 accepted_derefine_parents=0 created_leaves=0 deleted_leaves=0 mirror_mismatches=0
elapsed=2.955367e+01 cycle=528 time=2.996388e+00 dt=6.926580e-03
CARTOON_AMR_TRANSACTION cycle=529 requested_refine=0 requested_derefine_leaves=4 accepted_derefine_parents=0 created_leaves=0 deleted_leaves=0 mirror_mismatches=0
CARTOON_AMR_TRANSACTION cycle=530 requested_refine=0 requested_derefine_leaves=4 accepted_derefine_parents=0 created_leaves=0 deleted_leaves=0 mirror_mismatches=0
CARTOON_AMR_TRANSACTION cycle=531 requested_refine=0 requested_derefine_leaves=4 accepted_derefine_parents=0 created_leaves=0 deleted_leaves=0 mirror_mismatches=0
CARTOON_AMR_TRANSACTION cycle=532 requested_refine=0 requested_derefine_leaves=4 accepted_derefine_parents=0 created_leaves=0 deleted_leaves=0 mirror_mismatches=0
elapsed=2.975521e+01 cycle=532 time=3.024088e+00 dt=6.922138e-03
CARTOON_AMR_TRANSACTION cycle=533 requested_refine=0 requested_derefine_leaves=4 accepted_derefine_parents=0 created_leaves=0 deleted_leaves=0 mirror_mismatches=0
CARTOON_AMR_TRANSACTION cycle=534 requested_refine=0 requested_derefine_leaves=4 accepted_derefine_parents=0 created_leaves=0 deleted_leaves=0 mirror_mismatches=0
CARTOON_AMR_TRANSACTION cycle=535 requested_refine=0 requested_derefine_leaves=4 accepted_derefine_parents=0 created_leaves=0 deleted_leaves=0 mirror_mismatches=0
CARTOON_AMR_TRANSACTION cycle=536 requested_refine=0 requested_derefine_leaves=4 accepted_derefine_parents=0 created_leaves=0 deleted_leaves=0 mirror_mismatches=0
elapsed=2.997150e+01 cycle=536 time=3.051768e+00 dt=6.915793e-03
CARTOON_AMR_TRANSACTION cycle=537 requested_refine=0 requested_derefine_leaves=4 accepted_derefine_parents=0 created_leaves=0 deleted_leaves=0 mirror_mismatches=0
CARTOON_AMR_TRANSACTION cycle=538 requested_refine=0 requested_derefine_leaves=4 accepted_derefine_parents=0 created_leaves=0 deleted_leaves=0 mirror_mismatches=0
CARTOON_AMR_TRANSACTION cycle=539 requested_refine=0 requested_derefine_leaves=4 accepted_derefine_parents=0 created_leaves=0 deleted_leaves=0 mirror_mismatches=0
CARTOON_AMR_TRANSACTION cycle=540 requested_refine=0 requested_derefine_leaves=4 accepted_derefine_parents=0 created_leaves=0 deleted_leaves=0 mirror_mismatches=0
elapsed=3.015304e+01 cycle=540 time=3.079421e+00 dt=6.909113e-03
CARTOON_AMR_TRANSACTION cycle=541 requested_refine=0 requested_derefine_leaves=4 accepted_derefine_parents=0 created_leaves=0 deleted_leaves=0 mirror_mismatches=0
CARTOON_AMR_TRANSACTION cycle=542 requested_refine=0 requested_derefine_leaves=4 accepted_derefine_parents=0 created_leaves=0 deleted_leaves=0 mirror_mismatches=0
CARTOON_AMR_TRANSACTION cycle=543 requested_refine=0 requested_derefine_leaves=4 accepted_derefine_parents=0 created_leaves=0 deleted_leaves=0 mirror_mismatches=0
CARTOON_AMR_TRANSACTION cycle=544 requested_refine=0 requested_derefine_leaves=4 accepted_derefine_parents=0 created_leaves=0 deleted_leaves=0 mirror_mismatches=0
elapsed=3.036370e+01 cycle=544 time=3.107048e+00 dt=6.902967e-03
CARTOON_AMR_TRANSACTION cycle=545 requested_refine=0 requested_derefine_leaves=4 accepted_derefine_parents=0 created_leaves=0 deleted_leaves=0 mirror_mismatches=0
CARTOON_AMR_TRANSACTION cycle=546 requested_refine=0 requested_derefine_leaves=4 accepted_derefine_parents=0 created_leaves=0 deleted_leaves=0 mirror_mismatches=0
CARTOON_AMR_TRANSACTION cycle=547 requested_refine=0 requested_derefine_leaves=4 accepted_derefine_parents=0 created_leaves=0 deleted_leaves=0 mirror_mismatches=0
CARTOON_AMR_TRANSACTION cycle=548 requested_refine=0 requested_derefine_leaves=4 accepted_derefine_parents=0 created_leaves=0 deleted_leaves=0 mirror_mismatches=0
elapsed=3.057707e+01 cycle=548 time=3.134651e+00 dt=6.897453e-03
CARTOON_AMR_TRANSACTION cycle=549 requested_refine=0 requested_derefine_leaves=4 accepted_derefine_parents=0 created_leaves=0 deleted_leaves=0 mirror_mismatches=0
CARTOON_AMR_TRANSACTION cycle=550 requested_refine=0 requested_derefine_leaves=4 accepted_derefine_parents=0 created_leaves=0 deleted_leaves=0 mirror_mismatches=0
CARTOON_AMR_TRANSACTION cycle=551 requested_refine=0 requested_derefine_leaves=4 accepted_derefine_parents=0 created_leaves=0 deleted_leaves=0 mirror_mismatches=0
CARTOON_AMR_TRANSACTION cycle=552 requested_refine=0 requested_derefine_leaves=4 accepted_derefine_parents=0 created_leaves=0 deleted_leaves=0 mirror_mismatches=0
elapsed=3.079988e+01 cycle=552 time=3.162234e+00 dt=6.892567e-03
CARTOON_AMR_TRANSACTION cycle=553 requested_refine=0 requested_derefine_leaves=4 accepted_derefine_parents=0 created_leaves=0 deleted_leaves=0 mirror_mismatches=0
CARTOON_AMR_TRANSACTION cycle=554 requested_refine=0 requested_derefine_leaves=4 accepted_derefine_parents=0 created_leaves=0 deleted_leaves=0 mirror_mismatches=0
CARTOON_AMR_TRANSACTION cycle=555 requested_refine=0 requested_derefine_leaves=4 accepted_derefine_parents=0 created_leaves=0 deleted_leaves=0 mirror_mismatches=0
CARTOON_AMR_TRANSACTION cycle=556 requested_refine=0 requested_derefine_leaves=4 accepted_derefine_parents=0 created_leaves=0 deleted_leaves=0 mirror_mismatches=0
elapsed=3.099198e+01 cycle=556 time=3.189797e+00 dt=6.888306e-03
CARTOON_AMR_TRANSACTION cycle=557 requested_refine=0 requested_derefine_leaves=4 accepted_derefine_parents=0 created_leaves=0 deleted_leaves=0 mirror_mismatches=0
CARTOON_AMR_TRANSACTION cycle=558 requested_refine=0 requested_derefine_leaves=4 accepted_derefine_parents=0 created_leaves=0 deleted_leaves=0 mirror_mismatches=0
CARTOON_AMR_TRANSACTION cycle=559 requested_refine=0 requested_derefine_leaves=4 accepted_derefine_parents=0 created_leaves=0 deleted_leaves=0 mirror_mismatches=0
CARTOON_AMR_TRANSACTION cycle=560 requested_refine=0 requested_derefine_leaves=4 accepted_derefine_parents=0 created_leaves=0 deleted_leaves=0 mirror_mismatches=0
elapsed=3.124021e+01 cycle=560 time=3.217345e+00 dt=6.884362e-03
CARTOON_AMR_TRANSACTION cycle=561 requested_refine=0 requested_derefine_leaves=4 accepted_derefine_parents=0 created_leaves=0 deleted_leaves=0 mirror_mismatches=0
CARTOON_AMR_TRANSACTION cycle=562 requested_refine=0 requested_derefine_leaves=4 accepted_derefine_parents=0 created_leaves=0 deleted_leaves=0 mirror_mismatches=0
CARTOON_AMR_TRANSACTION cycle=563 requested_refine=0 requested_derefine_leaves=4 accepted_derefine_parents=0 created_leaves=0 deleted_leaves=0 mirror_mismatches=0
CARTOON_AMR_TRANSACTION cycle=564 requested_refine=0 requested_derefine_leaves=4 accepted_derefine_parents=0 created_leaves=0 deleted_leaves=0 mirror_mismatches=0
elapsed=3.143491e+01 cycle=564 time=3.244873e+00 dt=6.877854e-03
CARTOON_AMR_TRANSACTION cycle=565 requested_refine=0 requested_derefine_leaves=4 accepted_derefine_parents=0 created_leaves=0 deleted_leaves=0 mirror_mismatches=0
CARTOON_AMR_TRANSACTION cycle=566 requested_refine=0 requested_derefine_leaves=4 accepted_derefine_parents=0 created_leaves=0 deleted_leaves=0 mirror_mismatches=0
CARTOON_AMR_TRANSACTION cycle=567 requested_refine=0 requested_derefine_leaves=4 accepted_derefine_parents=0 created_leaves=0 deleted_leaves=0 mirror_mismatches=0
CARTOON_AMR_TRANSACTION cycle=568 requested_refine=0 requested_derefine_leaves=4 accepted_derefine_parents=0 created_leaves=0 deleted_leaves=0 mirror_mismatches=0
elapsed=3.163640e+01 cycle=568 time=3.272375e+00 dt=6.871951e-03
CARTOON_AMR_TRANSACTION cycle=569 requested_refine=0 requested_derefine_leaves=4 accepted_derefine_parents=0 created_leaves=0 deleted_leaves=0 mirror_mismatches=0
CARTOON_AMR_TRANSACTION cycle=570 requested_refine=0 requested_derefine_leaves=4 accepted_derefine_parents=0 created_leaves=0 deleted_leaves=0 mirror_mismatches=0
CARTOON_AMR_TRANSACTION cycle=571 requested_refine=0 requested_derefine_leaves=4 accepted_derefine_parents=0 created_leaves=0 deleted_leaves=0 mirror_mismatches=0
CARTOON_AMR_TRANSACTION cycle=572 requested_refine=0 requested_derefine_leaves=4 accepted_derefine_parents=0 created_leaves=0 deleted_leaves=0 mirror_mismatches=0
elapsed=3.182280e+01 cycle=572 time=3.299855e+00 dt=6.866651e-03
CARTOON_AMR_TRANSACTION cycle=573 requested_refine=0 requested_derefine_leaves=4 accepted_derefine_parents=0 created_leaves=0 deleted_leaves=0 mirror_mismatches=0
CARTOON_AMR_TRANSACTION cycle=574 requested_refine=0 requested_derefine_leaves=4 accepted_derefine_parents=0 created_leaves=0 deleted_leaves=0 mirror_mismatches=0
CARTOON_AMR_TRANSACTION cycle=575 requested_refine=0 requested_derefine_leaves=4 accepted_derefine_parents=0 created_leaves=0 deleted_leaves=0 mirror_mismatches=0
CARTOON_AMR_TRANSACTION cycle=576 requested_refine=0 requested_derefine_leaves=4 accepted_derefine_parents=0 created_leaves=0 deleted_leaves=0 mirror_mismatches=0
elapsed=3.205013e+01 cycle=576 time=3.327314e+00 dt=6.861951e-03
CARTOON_AMR_TRANSACTION cycle=577 requested_refine=0 requested_derefine_leaves=4 accepted_derefine_parents=0 created_leaves=0 deleted_leaves=0 mirror_mismatches=0
CARTOON_AMR_TRANSACTION cycle=578 requested_refine=0 requested_derefine_leaves=4 accepted_derefine_parents=0 created_leaves=0 deleted_leaves=0 mirror_mismatches=0
CARTOON_AMR_TRANSACTION cycle=579 requested_refine=0 requested_derefine_leaves=4 accepted_derefine_parents=0 created_leaves=0 deleted_leaves=0 mirror_mismatches=0
CARTOON_AMR_TRANSACTION cycle=580 requested_refine=0 requested_derefine_leaves=4 accepted_derefine_parents=0 created_leaves=0 deleted_leaves=0 mirror_mismatches=0
elapsed=3.225649e+01 cycle=580 time=3.354755e+00 dt=6.857849e-03
CARTOON_AMR_TRANSACTION cycle=581 requested_refine=0 requested_derefine_leaves=4 accepted_derefine_parents=0 created_leaves=0 deleted_leaves=0 mirror_mismatches=0
CARTOON_AMR_TRANSACTION cycle=582 requested_refine=0 requested_derefine_leaves=4 accepted_derefine_parents=0 created_leaves=0 deleted_leaves=0 mirror_mismatches=0
CARTOON_AMR_TRANSACTION cycle=583 requested_refine=0 requested_derefine_leaves=4 accepted_derefine_parents=0 created_leaves=0 deleted_leaves=0 mirror_mismatches=0
CARTOON_AMR_TRANSACTION cycle=584 requested_refine=0 requested_derefine_leaves=4 accepted_derefine_parents=0 created_leaves=0 deleted_leaves=0 mirror_mismatches=0
elapsed=3.244182e+01 cycle=584 time=3.382181e+00 dt=6.854342e-03
CARTOON_AMR_TRANSACTION cycle=585 requested_refine=0 requested_derefine_leaves=4 accepted_derefine_parents=0 created_leaves=0 deleted_leaves=0 mirror_mismatches=0
CARTOON_AMR_TRANSACTION cycle=586 requested_refine=0 requested_derefine_leaves=4 accepted_derefine_parents=0 created_leaves=0 deleted_leaves=0 mirror_mismatches=0
CARTOON_AMR_TRANSACTION cycle=587 requested_refine=0 requested_derefine_leaves=4 accepted_derefine_parents=0 created_leaves=0 deleted_leaves=0 mirror_mismatches=0
CARTOON_AMR_TRANSACTION cycle=588 requested_refine=0 requested_derefine_leaves=4 accepted_derefine_parents=0 created_leaves=0 deleted_leaves=0 mirror_mismatches=0
elapsed=3.264886e+01 cycle=588 time=3.409594e+00 dt=6.850036e-03
CARTOON_AMR_TRANSACTION cycle=589 requested_refine=0 requested_derefine_leaves=4 accepted_derefine_parents=0 created_leaves=0 deleted_leaves=0 mirror_mismatches=0
CARTOON_AMR_TRANSACTION cycle=590 requested_refine=0 requested_derefine_leaves=4 accepted_derefine_parents=0 created_leaves=0 deleted_leaves=0 mirror_mismatches=0
CARTOON_AMR_TRANSACTION cycle=591 requested_refine=0 requested_derefine_leaves=4 accepted_derefine_parents=0 created_leaves=0 deleted_leaves=0 mirror_mismatches=0
CARTOON_AMR_TRANSACTION cycle=592 requested_refine=0 requested_derefine_leaves=4 accepted_derefine_parents=0 created_leaves=0 deleted_leaves=0 mirror_mismatches=0
elapsed=3.290120e+01 cycle=592 time=3.436985e+00 dt=6.844333e-03
CARTOON_AMR_TRANSACTION cycle=593 requested_refine=0 requested_derefine_leaves=4 accepted_derefine_parents=0 created_leaves=0 deleted_leaves=0 mirror_mismatches=0
CARTOON_AMR_TRANSACTION cycle=594 requested_refine=0 requested_derefine_leaves=4 accepted_derefine_parents=0 created_leaves=0 deleted_leaves=0 mirror_mismatches=0
CARTOON_AMR_TRANSACTION cycle=595 requested_refine=0 requested_derefine_leaves=4 accepted_derefine_parents=0 created_leaves=0 deleted_leaves=0 mirror_mismatches=0
CARTOON_AMR_TRANSACTION cycle=596 requested_refine=0 requested_derefine_leaves=4 accepted_derefine_parents=0 created_leaves=0 deleted_leaves=0 mirror_mismatches=0
elapsed=3.312546e+01 cycle=596 time=3.464354e+00 dt=6.839205e-03
CARTOON_AMR_TRANSACTION cycle=597 requested_refine=0 requested_derefine_leaves=4 accepted_derefine_parents=0 created_leaves=0 deleted_leaves=0 mirror_mismatches=0
CARTOON_AMR_TRANSACTION cycle=598 requested_refine=0 requested_derefine_leaves=4 accepted_derefine_parents=0 created_leaves=0 deleted_leaves=0 mirror_mismatches=0
CARTOON_AMR_TRANSACTION cycle=599 requested_refine=0 requested_derefine_leaves=4 accepted_derefine_parents=0 created_leaves=0 deleted_leaves=0 mirror_mismatches=0
CARTOON_AMR_TRANSACTION cycle=600 requested_refine=0 requested_derefine_leaves=4 accepted_derefine_parents=0 created_leaves=0 deleted_leaves=0 mirror_mismatches=0
elapsed=3.334779e+01 cycle=600 time=3.491704e+00 dt=6.834652e-03
CARTOON_AMR_TRANSACTION cycle=601 requested_refine=0 requested_derefine_leaves=4 accepted_derefine_parents=0 created_leaves=0 deleted_leaves=0 mirror_mismatches=0
CARTOON_AMR_TRANSACTION cycle=602 requested_refine=0 requested_derefine_leaves=4 accepted_derefine_parents=0 created_leaves=0 deleted_leaves=0 mirror_mismatches=0
CARTOON_AMR_TRANSACTION cycle=603 requested_refine=0 requested_derefine_leaves=4 accepted_derefine_parents=0 created_leaves=0 deleted_leaves=0 mirror_mismatches=0
CARTOON_AMR_TRANSACTION cycle=604 requested_refine=0 requested_derefine_leaves=4 accepted_derefine_parents=0 created_leaves=0 deleted_leaves=0 mirror_mismatches=0
elapsed=3.353380e+01 cycle=604 time=3.519037e+00 dt=6.830670e-03
CARTOON_AMR_TRANSACTION cycle=605 requested_refine=0 requested_derefine_leaves=4 accepted_derefine_parents=0 created_leaves=0 deleted_leaves=0 mirror_mismatches=0
CARTOON_AMR_TRANSACTION cycle=606 requested_refine=0 requested_derefine_leaves=4 accepted_derefine_parents=0 created_leaves=0 deleted_leaves=0 mirror_mismatches=0
CARTOON_AMR_TRANSACTION cycle=607 requested_refine=0 requested_derefine_leaves=4 accepted_derefine_parents=0 created_leaves=0 deleted_leaves=0 mirror_mismatches=0
CARTOON_AMR_TRANSACTION cycle=608 requested_refine=0 requested_derefine_leaves=4 accepted_derefine_parents=0 created_leaves=0 deleted_leaves=0 mirror_mismatches=0
elapsed=3.376490e+01 cycle=608 time=3.546354e+00 dt=6.827258e-03
CARTOON_AMR_TRANSACTION cycle=609 requested_refine=0 requested_derefine_leaves=4 accepted_derefine_parents=0 created_leaves=0 deleted_leaves=0 mirror_mismatches=0
CARTOON_AMR_TRANSACTION cycle=610 requested_refine=0 requested_derefine_leaves=4 accepted_derefine_parents=0 created_leaves=0 deleted_leaves=0 mirror_mismatches=0
CARTOON_AMR_TRANSACTION cycle=611 requested_refine=0 requested_derefine_leaves=4 accepted_derefine_parents=0 created_leaves=0 deleted_leaves=0 mirror_mismatches=0
CARTOON_AMR_TRANSACTION cycle=612 requested_refine=0 requested_derefine_leaves=4 accepted_derefine_parents=0 created_leaves=0 deleted_leaves=0 mirror_mismatches=0
elapsed=3.397536e+01 cycle=612 time=3.573659e+00 dt=6.824412e-03
CARTOON_AMR_TRANSACTION cycle=613 requested_refine=0 requested_derefine_leaves=4 accepted_derefine_parents=0 created_leaves=0 deleted_leaves=0 mirror_mismatches=0
CARTOON_AMR_TRANSACTION cycle=614 requested_refine=0 requested_derefine_leaves=4 accepted_derefine_parents=0 created_leaves=0 deleted_leaves=0 mirror_mismatches=0
CARTOON_AMR_TRANSACTION cycle=615 requested_refine=0 requested_derefine_leaves=4 accepted_derefine_parents=0 created_leaves=0 deleted_leaves=0 mirror_mismatches=0
CARTOON_AMR_TRANSACTION cycle=616 requested_refine=0 requested_derefine_leaves=4 accepted_derefine_parents=0 created_leaves=0 deleted_leaves=0 mirror_mismatches=0
elapsed=3.416543e+01 cycle=616 time=3.600951e+00 dt=6.819831e-03
CARTOON_AMR_TRANSACTION cycle=617 requested_refine=0 requested_derefine_leaves=4 accepted_derefine_parents=0 created_leaves=0 deleted_leaves=0 mirror_mismatches=0
CARTOON_AMR_TRANSACTION cycle=618 requested_refine=0 requested_derefine_leaves=4 accepted_derefine_parents=0 created_leaves=0 deleted_leaves=0 mirror_mismatches=0
CARTOON_AMR_TRANSACTION cycle=619 requested_refine=0 requested_derefine_leaves=4 accepted_derefine_parents=0 created_leaves=0 deleted_leaves=0 mirror_mismatches=0
CARTOON_AMR_TRANSACTION cycle=620 requested_refine=0 requested_derefine_leaves=4 accepted_derefine_parents=0 created_leaves=0 deleted_leaves=0 mirror_mismatches=0
elapsed=3.434122e+01 cycle=620 time=3.628222e+00 dt=6.814827e-03
CARTOON_AMR_TRANSACTION cycle=621 requested_refine=0 requested_derefine_leaves=4 accepted_derefine_parents=0 created_leaves=0 deleted_leaves=0 mirror_mismatches=0
CARTOON_AMR_TRANSACTION cycle=622 requested_refine=0 requested_derefine_leaves=4 accepted_derefine_parents=0 created_leaves=0 deleted_leaves=0 mirror_mismatches=0
CARTOON_AMR_TRANSACTION cycle=623 requested_refine=0 requested_derefine_leaves=4 accepted_derefine_parents=0 created_leaves=0 deleted_leaves=0 mirror_mismatches=0
CARTOON_AMR_TRANSACTION cycle=624 requested_refine=0 requested_derefine_leaves=4 accepted_derefine_parents=0 created_leaves=0 deleted_leaves=0 mirror_mismatches=0
elapsed=3.459024e+01 cycle=624 time=3.655475e+00 dt=6.810372e-03
CARTOON_AMR_TRANSACTION cycle=625 requested_refine=0 requested_derefine_leaves=4 accepted_derefine_parents=0 created_leaves=0 deleted_leaves=0 mirror_mismatches=0
CARTOON_AMR_TRANSACTION cycle=626 requested_refine=0 requested_derefine_leaves=4 accepted_derefine_parents=0 created_leaves=0 deleted_leaves=0 mirror_mismatches=0
CARTOON_AMR_TRANSACTION cycle=627 requested_refine=0 requested_derefine_leaves=4 accepted_derefine_parents=0 created_leaves=0 deleted_leaves=0 mirror_mismatches=0
CARTOON_AMR_TRANSACTION cycle=628 requested_refine=0 requested_derefine_leaves=4 accepted_derefine_parents=0 created_leaves=0 deleted_leaves=0 mirror_mismatches=0
elapsed=3.477722e+01 cycle=628 time=3.682710e+00 dt=6.806465e-03
CARTOON_AMR_TRANSACTION cycle=629 requested_refine=0 requested_derefine_leaves=4 accepted_derefine_parents=0 created_leaves=0 deleted_leaves=0 mirror_mismatches=0
CARTOON_AMR_TRANSACTION cycle=630 requested_refine=0 requested_derefine_leaves=4 accepted_derefine_parents=0 created_leaves=0 deleted_leaves=0 mirror_mismatches=0
CARTOON_AMR_TRANSACTION cycle=631 requested_refine=0 requested_derefine_leaves=4 accepted_derefine_parents=0 created_leaves=0 deleted_leaves=0 mirror_mismatches=0
CARTOON_AMR_TRANSACTION cycle=632 requested_refine=0 requested_derefine_leaves=4 accepted_derefine_parents=0 created_leaves=0 deleted_leaves=0 mirror_mismatches=0
elapsed=3.495321e+01 cycle=632 time=3.709931e+00 dt=6.803105e-03
CARTOON_AMR_TRANSACTION cycle=633 requested_refine=0 requested_derefine_leaves=4 accepted_derefine_parents=0 created_leaves=0 deleted_leaves=0 mirror_mismatches=0
CARTOON_AMR_TRANSACTION cycle=634 requested_refine=0 requested_derefine_leaves=4 accepted_derefine_parents=0 created_leaves=0 deleted_leaves=0 mirror_mismatches=0
CARTOON_AMR_TRANSACTION cycle=635 requested_refine=0 requested_derefine_leaves=4 accepted_derefine_parents=0 created_leaves=0 deleted_leaves=0 mirror_mismatches=0
CARTOON_AMR_TRANSACTION cycle=636 requested_refine=0 requested_derefine_leaves=4 accepted_derefine_parents=0 created_leaves=0 deleted_leaves=0 mirror_mismatches=0
elapsed=3.514458e+01 cycle=636 time=3.737139e+00 dt=6.800289e-03
CARTOON_AMR_TRANSACTION cycle=637 requested_refine=0 requested_derefine_leaves=4 accepted_derefine_parents=0 created_leaves=0 deleted_leaves=0 mirror_mismatches=0
CARTOON_AMR_TRANSACTION cycle=638 requested_refine=0 requested_derefine_leaves=4 accepted_derefine_parents=0 created_leaves=0 deleted_leaves=0 mirror_mismatches=0
CARTOON_AMR_TRANSACTION cycle=639 requested_refine=0 requested_derefine_leaves=4 accepted_derefine_parents=0 created_leaves=0 deleted_leaves=0 mirror_mismatches=0
CARTOON_AMR_TRANSACTION cycle=640 requested_refine=0 requested_derefine_leaves=4 accepted_derefine_parents=0 created_leaves=0 deleted_leaves=0 mirror_mismatches=0
elapsed=3.537495e+01 cycle=640 time=3.764336e+00 dt=6.798016e-03
CARTOON_AMR_TRANSACTION cycle=641 requested_refine=0 requested_derefine_leaves=4 accepted_derefine_parents=0 created_leaves=0 deleted_leaves=0 mirror_mismatches=0
CARTOON_AMR_TRANSACTION cycle=642 requested_refine=0 requested_derefine_leaves=4 accepted_derefine_parents=0 created_leaves=0 deleted_leaves=0 mirror_mismatches=0
CARTOON_AMR_TRANSACTION cycle=643 requested_refine=0 requested_derefine_leaves=4 accepted_derefine_parents=0 created_leaves=0 deleted_leaves=0 mirror_mismatches=0
CARTOON_AMR_TRANSACTION cycle=644 requested_refine=0 requested_derefine_leaves=4 accepted_derefine_parents=0 created_leaves=0 deleted_leaves=0 mirror_mismatches=0
elapsed=3.555967e+01 cycle=644 time=3.791521e+00 dt=6.793135e-03
CARTOON_AMR_TRANSACTION cycle=645 requested_refine=0 requested_derefine_leaves=4 accepted_derefine_parents=0 created_leaves=0 deleted_leaves=0 mirror_mismatches=0
CARTOON_AMR_TRANSACTION cycle=646 requested_refine=0 requested_derefine_leaves=4 accepted_derefine_parents=0 created_leaves=0 deleted_leaves=0 mirror_mismatches=0
CARTOON_AMR_TRANSACTION cycle=647 requested_refine=0 requested_derefine_leaves=4 accepted_derefine_parents=0 created_leaves=0 deleted_leaves=0 mirror_mismatches=0
CARTOON_AMR_TRANSACTION cycle=648 requested_refine=0 requested_derefine_leaves=4 accepted_derefine_parents=0 created_leaves=0 deleted_leaves=0 mirror_mismatches=0
elapsed=3.575881e+01 cycle=648 time=3.818687e+00 dt=6.788734e-03
CARTOON_AMR_TRANSACTION cycle=649 requested_refine=0 requested_derefine_leaves=4 accepted_derefine_parents=0 created_leaves=0 deleted_leaves=0 mirror_mismatches=0
CARTOON_AMR_TRANSACTION cycle=650 requested_refine=0 requested_derefine_leaves=4 accepted_derefine_parents=0 created_leaves=0 deleted_leaves=0 mirror_mismatches=0
CARTOON_AMR_TRANSACTION cycle=651 requested_refine=0 requested_derefine_leaves=4 accepted_derefine_parents=0 created_leaves=0 deleted_leaves=0 mirror_mismatches=0
CARTOON_AMR_TRANSACTION cycle=652 requested_refine=0 requested_derefine_leaves=4 accepted_derefine_parents=0 created_leaves=0 deleted_leaves=0 mirror_mismatches=0
elapsed=3.595091e+01 cycle=652 time=3.845836e+00 dt=6.784859e-03
CARTOON_AMR_TRANSACTION cycle=653 requested_refine=0 requested_derefine_leaves=4 accepted_derefine_parents=0 created_leaves=0 deleted_leaves=0 mirror_mismatches=0
CARTOON_AMR_TRANSACTION cycle=654 requested_refine=0 requested_derefine_leaves=4 accepted_derefine_parents=0 created_leaves=0 deleted_leaves=0 mirror_mismatches=0
CARTOON_AMR_TRANSACTION cycle=655 requested_refine=0 requested_derefine_leaves=4 accepted_derefine_parents=0 created_leaves=0 deleted_leaves=0 mirror_mismatches=0
CARTOON_AMR_TRANSACTION cycle=656 requested_refine=0 requested_derefine_leaves=4 accepted_derefine_parents=0 created_leaves=0 deleted_leaves=0 mirror_mismatches=0
elapsed=3.619757e+01 cycle=656 time=3.872970e+00 dt=6.781510e-03
CARTOON_AMR_TRANSACTION cycle=657 requested_refine=0 requested_derefine_leaves=4 accepted_derefine_parents=0 created_leaves=0 deleted_leaves=0 mirror_mismatches=0
CARTOON_AMR_TRANSACTION cycle=658 requested_refine=0 requested_derefine_leaves=4 accepted_derefine_parents=0 created_leaves=0 deleted_leaves=0 mirror_mismatches=0
CARTOON_AMR_TRANSACTION cycle=659 requested_refine=0 requested_derefine_leaves=4 accepted_derefine_parents=0 created_leaves=0 deleted_leaves=0 mirror_mismatches=0
CARTOON_AMR_TRANSACTION cycle=660 requested_refine=0 requested_derefine_leaves=4 accepted_derefine_parents=0 created_leaves=0 deleted_leaves=0 mirror_mismatches=0
elapsed=3.636612e+01 cycle=660 time=3.900092e+00 dt=6.778686e-03
CARTOON_AMR_TRANSACTION cycle=661 requested_refine=0 requested_derefine_leaves=4 accepted_derefine_parents=0 created_leaves=0 deleted_leaves=0 mirror_mismatches=0
CARTOON_AMR_TRANSACTION cycle=662 requested_refine=0 requested_derefine_leaves=4 accepted_derefine_parents=0 created_leaves=0 deleted_leaves=0 mirror_mismatches=0
CARTOON_AMR_TRANSACTION cycle=663 requested_refine=0 requested_derefine_leaves=4 accepted_derefine_parents=0 created_leaves=0 deleted_leaves=0 mirror_mismatches=0
CARTOON_AMR_TRANSACTION cycle=664 requested_refine=0 requested_derefine_leaves=4 accepted_derefine_parents=0 created_leaves=0 deleted_leaves=0 mirror_mismatches=0
elapsed=3.655933e+01 cycle=664 time=3.927203e+00 dt=6.776384e-03
CARTOON_AMR_TRANSACTION cycle=665 requested_refine=0 requested_derefine_leaves=4 accepted_derefine_parents=0 created_leaves=0 deleted_leaves=0 mirror_mismatches=0
CARTOON_AMR_TRANSACTION cycle=666 requested_refine=0 requested_derefine_leaves=4 accepted_derefine_parents=0 created_leaves=0 deleted_leaves=0 mirror_mismatches=0
CARTOON_AMR_TRANSACTION cycle=667 requested_refine=0 requested_derefine_leaves=4 accepted_derefine_parents=0 created_leaves=0 deleted_leaves=0 mirror_mismatches=0
CARTOON_AMR_TRANSACTION cycle=668 requested_refine=0 requested_derefine_leaves=4 accepted_derefine_parents=0 created_leaves=0 deleted_leaves=0 mirror_mismatches=0
elapsed=3.673314e+01 cycle=668 time=3.954305e+00 dt=6.773738e-03
CARTOON_AMR_TRANSACTION cycle=669 requested_refine=0 requested_derefine_leaves=4 accepted_derefine_parents=0 created_leaves=0 deleted_leaves=0 mirror_mismatches=0
CARTOON_AMR_TRANSACTION cycle=670 requested_refine=0 requested_derefine_leaves=4 accepted_derefine_parents=0 created_leaves=0 deleted_leaves=0 mirror_mismatches=0
CARTOON_AMR_TRANSACTION cycle=671 requested_refine=0 requested_derefine_leaves=4 accepted_derefine_parents=0 created_leaves=0 deleted_leaves=0 mirror_mismatches=0
CARTOON_AMR_TRANSACTION cycle=672 requested_refine=0 requested_derefine_leaves=4 accepted_derefine_parents=0 created_leaves=0 deleted_leaves=0 mirror_mismatches=0
elapsed=3.696962e+01 cycle=672 time=3.981394e+00 dt=6.769348e-03
CARTOON_AMR_TRANSACTION cycle=673 requested_refine=0 requested_derefine_leaves=4 accepted_derefine_parents=0 created_leaves=0 deleted_leaves=0 mirror_mismatches=0
CARTOON_AMR_TRANSACTION cycle=674 requested_refine=0 requested_derefine_leaves=4 accepted_derefine_parents=0 created_leaves=0 deleted_leaves=0 mirror_mismatches=0
CARTOON_AMR_TRANSACTION cycle=675 requested_refine=0 requested_derefine_leaves=4 accepted_derefine_parents=0 created_leaves=0 deleted_leaves=0 mirror_mismatches=0
CARTOON_AMR_TRANSACTION cycle=676 requested_refine=0 requested_derefine_leaves=4 accepted_derefine_parents=0 created_leaves=0 deleted_leaves=0 mirror_mismatches=0
elapsed=3.719854e+01 cycle=676 time=4.008465e+00 dt=6.765465e-03
CARTOON_AMR_TRANSACTION cycle=677 requested_refine=0 requested_derefine_leaves=4 accepted_derefine_parents=0 created_leaves=0 deleted_leaves=0 mirror_mismatches=0
CARTOON_AMR_TRANSACTION cycle=678 requested_refine=0 requested_derefine_leaves=6 accepted_derefine_parents=0 created_leaves=0 deleted_leaves=0 mirror_mismatches=0
CARTOON_AMR_TRANSACTION cycle=679 requested_refine=0 requested_derefine_leaves=6 accepted_derefine_parents=0 created_leaves=0 deleted_leaves=0 mirror_mismatches=0
CARTOON_AMR_TRANSACTION cycle=680 requested_refine=0 requested_derefine_leaves=6 accepted_derefine_parents=0 created_leaves=0 deleted_leaves=0 mirror_mismatches=0
elapsed=3.739374e+01 cycle=680 time=4.035522e+00 dt=6.762089e-03
CARTOON_AMR_TRANSACTION cycle=681 requested_refine=0 requested_derefine_leaves=6 accepted_derefine_parents=0 created_leaves=0 deleted_leaves=0 mirror_mismatches=0
CARTOON_AMR_TRANSACTION cycle=682 requested_refine=0 requested_derefine_leaves=6 accepted_derefine_parents=0 created_leaves=0 deleted_leaves=0 mirror_mismatches=0
CARTOON_AMR_TRANSACTION cycle=683 requested_refine=0 requested_derefine_leaves=6 accepted_derefine_parents=0 created_leaves=0 deleted_leaves=0 mirror_mismatches=0
CARTOON_AMR_TRANSACTION cycle=684 requested_refine=0 requested_derefine_leaves=6 accepted_derefine_parents=0 created_leaves=0 deleted_leaves=0 mirror_mismatches=0
elapsed=3.760290e+01 cycle=684 time=4.062566e+00 dt=6.759219e-03
CARTOON_AMR_TRANSACTION cycle=685 requested_refine=0 requested_derefine_leaves=6 accepted_derefine_parents=0 created_leaves=0 deleted_leaves=0 mirror_mismatches=0
CARTOON_AMR_TRANSACTION cycle=686 requested_refine=0 requested_derefine_leaves=6 accepted_derefine_parents=0 created_leaves=0 deleted_leaves=0 mirror_mismatches=0
CARTOON_AMR_TRANSACTION cycle=687 requested_refine=0 requested_derefine_leaves=6 accepted_derefine_parents=0 created_leaves=0 deleted_leaves=0 mirror_mismatches=0
CARTOON_AMR_TRANSACTION cycle=688 requested_refine=0 requested_derefine_leaves=6 accepted_derefine_parents=0 created_leaves=0 deleted_leaves=0 mirror_mismatches=0
elapsed=3.779406e+01 cycle=688 time=4.089599e+00 dt=6.756854e-03
CARTOON_AMR_TRANSACTION cycle=689 requested_refine=0 requested_derefine_leaves=6 accepted_derefine_parents=0 created_leaves=0 deleted_leaves=0 mirror_mismatches=0
CARTOON_AMR_TRANSACTION cycle=690 requested_refine=0 requested_derefine_leaves=6 accepted_derefine_parents=0 created_leaves=0 deleted_leaves=0 mirror_mismatches=0
CARTOON_AMR_TRANSACTION cycle=691 requested_refine=0 requested_derefine_leaves=6 accepted_derefine_parents=0 created_leaves=0 deleted_leaves=0 mirror_mismatches=0
CARTOON_AMR_TRANSACTION cycle=692 requested_refine=0 requested_derefine_leaves=6 accepted_derefine_parents=0 created_leaves=0 deleted_leaves=0 mirror_mismatches=0
elapsed=3.798510e+01 cycle=692 time=4.116623e+00 dt=6.754994e-03
CARTOON_AMR_TRANSACTION cycle=693 requested_refine=0 requested_derefine_leaves=6 accepted_derefine_parents=0 created_leaves=0 deleted_leaves=0 mirror_mismatches=0
CARTOON_AMR_TRANSACTION cycle=694 requested_refine=0 requested_derefine_leaves=6 accepted_derefine_parents=0 created_leaves=0 deleted_leaves=0 mirror_mismatches=0
CARTOON_AMR_TRANSACTION cycle=695 requested_refine=0 requested_derefine_leaves=6 accepted_derefine_parents=0 created_leaves=0 deleted_leaves=0 mirror_mismatches=0
CARTOON_AMR_TRANSACTION cycle=696 requested_refine=0 requested_derefine_leaves=6 accepted_derefine_parents=0 created_leaves=0 deleted_leaves=0 mirror_mismatches=0
elapsed=3.820306e+01 cycle=696 time=4.143640e+00 dt=6.751818e-03
CARTOON_AMR_TRANSACTION cycle=697 requested_refine=0 requested_derefine_leaves=6 accepted_derefine_parents=0 created_leaves=0 deleted_leaves=0 mirror_mismatches=0
CARTOON_AMR_TRANSACTION cycle=698 requested_refine=0 requested_derefine_leaves=6 accepted_derefine_parents=0 created_leaves=0 deleted_leaves=0 mirror_mismatches=0
CARTOON_AMR_TRANSACTION cycle=699 requested_refine=0 requested_derefine_leaves=6 accepted_derefine_parents=0 created_leaves=0 deleted_leaves=0 mirror_mismatches=0
CARTOON_AMR_TRANSACTION cycle=700 requested_refine=0 requested_derefine_leaves=6 accepted_derefine_parents=0 created_leaves=0 deleted_leaves=0 mirror_mismatches=0
elapsed=3.841641e+01 cycle=700 time=4.170641e+00 dt=6.747894e-03
CARTOON_AMR_TRANSACTION cycle=701 requested_refine=0 requested_derefine_leaves=6 accepted_derefine_parents=0 created_leaves=0 deleted_leaves=0 mirror_mismatches=0
CARTOON_AMR_TRANSACTION cycle=702 requested_refine=0 requested_derefine_leaves=6 accepted_derefine_parents=0 created_leaves=0 deleted_leaves=0 mirror_mismatches=0
CARTOON_AMR_TRANSACTION cycle=703 requested_refine=0 requested_derefine_leaves=6 accepted_derefine_parents=0 created_leaves=0 deleted_leaves=0 mirror_mismatches=0
CARTOON_AMR_TRANSACTION cycle=704 requested_refine=0 requested_derefine_leaves=6 accepted_derefine_parents=0 created_leaves=0 deleted_leaves=0 mirror_mismatches=0
elapsed=3.864921e+01 cycle=704 time=4.197627e+00 dt=6.744461e-03
CARTOON_AMR_TRANSACTION cycle=705 requested_refine=0 requested_derefine_leaves=6 accepted_derefine_parents=0 created_leaves=0 deleted_leaves=0 mirror_mismatches=0
CARTOON_AMR_TRANSACTION cycle=706 requested_refine=0 requested_derefine_leaves=6 accepted_derefine_parents=0 created_leaves=0 deleted_leaves=0 mirror_mismatches=0
CARTOON_AMR_TRANSACTION cycle=707 requested_refine=0 requested_derefine_leaves=6 accepted_derefine_parents=0 created_leaves=0 deleted_leaves=0 mirror_mismatches=0
CARTOON_AMR_TRANSACTION cycle=708 requested_refine=0 requested_derefine_leaves=6 accepted_derefine_parents=0 created_leaves=0 deleted_leaves=0 mirror_mismatches=0
elapsed=3.887339e+01 cycle=708 time=4.224600e+00 dt=6.741518e-03
CARTOON_AMR_TRANSACTION cycle=709 requested_refine=0 requested_derefine_leaves=6 accepted_derefine_parents=0 created_leaves=0 deleted_leaves=0 mirror_mismatches=0
CARTOON_AMR_TRANSACTION cycle=710 requested_refine=0 requested_derefine_leaves=6 accepted_derefine_parents=0 created_leaves=0 deleted_leaves=0 mirror_mismatches=0
CARTOON_AMR_TRANSACTION cycle=711 requested_refine=0 requested_derefine_leaves=6 accepted_derefine_parents=0 created_leaves=0 deleted_leaves=0 mirror_mismatches=0
CARTOON_AMR_TRANSACTION cycle=712 requested_refine=0 requested_derefine_leaves=6 accepted_derefine_parents=0 created_leaves=0 deleted_leaves=0 mirror_mismatches=0
elapsed=3.910724e+01 cycle=712 time=4.251563e+00 dt=6.739064e-03
CARTOON_AMR_TRANSACTION cycle=713 requested_refine=0 requested_derefine_leaves=6 accepted_derefine_parents=0 created_leaves=0 deleted_leaves=0 mirror_mismatches=0
CARTOON_AMR_TRANSACTION cycle=714 requested_refine=0 requested_derefine_leaves=6 accepted_derefine_parents=0 created_leaves=0 deleted_leaves=0 mirror_mismatches=0
CARTOON_AMR_TRANSACTION cycle=715 requested_refine=0 requested_derefine_leaves=6 accepted_derefine_parents=0 created_leaves=0 deleted_leaves=0 mirror_mismatches=0
CARTOON_AMR_TRANSACTION cycle=716 requested_refine=0 requested_derefine_leaves=6 accepted_derefine_parents=0 created_leaves=0 deleted_leaves=0 mirror_mismatches=0
elapsed=3.935061e+01 cycle=716 time=4.278516e+00 dt=6.737101e-03
CARTOON_AMR_TRANSACTION cycle=717 requested_refine=0 requested_derefine_leaves=6 accepted_derefine_parents=0 created_leaves=0 deleted_leaves=0 mirror_mismatches=0
CARTOON_AMR_TRANSACTION cycle=718 requested_refine=0 requested_derefine_leaves=6 accepted_derefine_parents=0 created_leaves=0 deleted_leaves=0 mirror_mismatches=0
CARTOON_AMR_TRANSACTION cycle=719 requested_refine=0 requested_derefine_leaves=6 accepted_derefine_parents=0 created_leaves=0 deleted_leaves=0 mirror_mismatches=0
CARTOON_AMR_TRANSACTION cycle=720 requested_refine=0 requested_derefine_leaves=6 accepted_derefine_parents=0 created_leaves=0 deleted_leaves=0 mirror_mismatches=0
elapsed=3.962802e+01 cycle=720 time=4.305462e+00 dt=6.735626e-03
CARTOON_AMR_TRANSACTION cycle=721 requested_refine=0 requested_derefine_leaves=6 accepted_derefine_parents=0 created_leaves=0 deleted_leaves=0 mirror_mismatches=0
CARTOON_AMR_TRANSACTION cycle=722 requested_refine=0 requested_derefine_leaves=6 accepted_derefine_parents=0 created_leaves=0 deleted_leaves=0 mirror_mismatches=0
CARTOON_AMR_TRANSACTION cycle=723 requested_refine=0 requested_derefine_leaves=6 accepted_derefine_parents=0 created_leaves=0 deleted_leaves=0 mirror_mismatches=0
CARTOON_AMR_TRANSACTION cycle=724 requested_refine=0 requested_derefine_leaves=6 accepted_derefine_parents=0 created_leaves=0 deleted_leaves=0 mirror_mismatches=0
elapsed=3.980346e+01 cycle=724 time=4.332399e+00 dt=6.731831e-03
CARTOON_AMR_TRANSACTION cycle=725 requested_refine=0 requested_derefine_leaves=6 accepted_derefine_parents=0 created_leaves=0 deleted_leaves=0 mirror_mismatches=0
CARTOON_AMR_TRANSACTION cycle=726 requested_refine=0 requested_derefine_leaves=6 accepted_derefine_parents=0 created_leaves=0 deleted_leaves=0 mirror_mismatches=0
CARTOON_AMR_TRANSACTION cycle=727 requested_refine=0 requested_derefine_leaves=6 accepted_derefine_parents=0 created_leaves=0 deleted_leaves=0 mirror_mismatches=0
CARTOON_AMR_TRANSACTION cycle=728 requested_refine=0 requested_derefine_leaves=6 accepted_derefine_parents=0 created_leaves=0 deleted_leaves=0 mirror_mismatches=0
elapsed=3.997262e+01 cycle=728 time=4.359321e+00 dt=6.728315e-03
CARTOON_AMR_TRANSACTION cycle=729 requested_refine=0 requested_derefine_leaves=6 accepted_derefine_parents=0 created_leaves=0 deleted_leaves=0 mirror_mismatches=0
CARTOON_AMR_TRANSACTION cycle=730 requested_refine=0 requested_derefine_leaves=6 accepted_derefine_parents=0 created_leaves=0 deleted_leaves=0 mirror_mismatches=0
CARTOON_AMR_TRANSACTION cycle=731 requested_refine=0 requested_derefine_leaves=6 accepted_derefine_parents=0 created_leaves=0 deleted_leaves=0 mirror_mismatches=0
CARTOON_AMR_TRANSACTION cycle=732 requested_refine=0 requested_derefine_leaves=6 accepted_derefine_parents=0 created_leaves=0 deleted_leaves=0 mirror_mismatches=0
elapsed=4.020350e+01 cycle=732 time=4.386229e+00 dt=6.725276e-03
CARTOON_AMR_TRANSACTION cycle=733 requested_refine=0 requested_derefine_leaves=6 accepted_derefine_parents=0 created_leaves=0 deleted_leaves=0 mirror_mismatches=0
CARTOON_AMR_TRANSACTION cycle=734 requested_refine=0 requested_derefine_leaves=6 accepted_derefine_parents=0 created_leaves=0 deleted_leaves=0 mirror_mismatches=0
CARTOON_AMR_TRANSACTION cycle=735 requested_refine=0 requested_derefine_leaves=6 accepted_derefine_parents=0 created_leaves=0 deleted_leaves=0 mirror_mismatches=0
CARTOON_AMR_TRANSACTION cycle=736 requested_refine=0 requested_derefine_leaves=6 accepted_derefine_parents=0 created_leaves=0 deleted_leaves=0 mirror_mismatches=0
elapsed=4.040970e+01 cycle=736 time=4.413126e+00 dt=6.722712e-03
CARTOON_AMR_TRANSACTION cycle=737 requested_refine=0 requested_derefine_leaves=6 accepted_derefine_parents=0 created_leaves=0 deleted_leaves=0 mirror_mismatches=0
CARTOON_AMR_TRANSACTION cycle=738 requested_refine=0 requested_derefine_leaves=6 accepted_derefine_parents=0 created_leaves=0 deleted_leaves=0 mirror_mismatches=0
CARTOON_AMR_TRANSACTION cycle=739 requested_refine=0 requested_derefine_leaves=6 accepted_derefine_parents=0 created_leaves=0 deleted_leaves=0 mirror_mismatches=0
CARTOON_AMR_TRANSACTION cycle=740 requested_refine=0 requested_derefine_leaves=6 accepted_derefine_parents=0 created_leaves=0 deleted_leaves=0 mirror_mismatches=0
elapsed=4.060713e+01 cycle=740 time=4.440014e+00 dt=6.720624e-03
CARTOON_AMR_TRANSACTION cycle=741 requested_refine=0 requested_derefine_leaves=6 accepted_derefine_parents=0 created_leaves=0 deleted_leaves=0 mirror_mismatches=0
CARTOON_AMR_TRANSACTION cycle=742 requested_refine=0 requested_derefine_leaves=6 accepted_derefine_parents=0 created_leaves=0 deleted_leaves=0 mirror_mismatches=0
CARTOON_AMR_TRANSACTION cycle=743 requested_refine=0 requested_derefine_leaves=6 accepted_derefine_parents=0 created_leaves=0 deleted_leaves=0 mirror_mismatches=0
CARTOON_AMR_TRANSACTION cycle=744 requested_refine=0 requested_derefine_leaves=6 accepted_derefine_parents=0 created_leaves=0 deleted_leaves=0 mirror_mismatches=0
elapsed=4.078285e+01 cycle=744 time=4.466894e+00 dt=6.719012e-03
CARTOON_AMR_TRANSACTION cycle=745 requested_refine=0 requested_derefine_leaves=6 accepted_derefine_parents=0 created_leaves=0 deleted_leaves=0 mirror_mismatches=0
CARTOON_AMR_TRANSACTION cycle=746 requested_refine=0 requested_derefine_leaves=6 accepted_derefine_parents=0 created_leaves=0 deleted_leaves=0 mirror_mismatches=0
CARTOON_AMR_TRANSACTION cycle=747 requested_refine=0 requested_derefine_leaves=6 accepted_derefine_parents=0 created_leaves=0 deleted_leaves=0 mirror_mismatches=0
CARTOON_AMR_TRANSACTION cycle=748 requested_refine=0 requested_derefine_leaves=6 accepted_derefine_parents=0 created_leaves=0 deleted_leaves=0 mirror_mismatches=0
elapsed=4.097665e+01 cycle=748 time=4.493768e+00 dt=6.716988e-03
CARTOON_AMR_TRANSACTION cycle=749 requested_refine=0 requested_derefine_leaves=6 accepted_derefine_parents=0 created_leaves=0 deleted_leaves=0 mirror_mismatches=0
CARTOON_AMR_TRANSACTION cycle=750 requested_refine=0 requested_derefine_leaves=6 accepted_derefine_parents=0 created_leaves=0 deleted_leaves=0 mirror_mismatches=0
CARTOON_AMR_TRANSACTION cycle=751 requested_refine=0 requested_derefine_leaves=6 accepted_derefine_parents=0 created_leaves=0 deleted_leaves=0 mirror_mismatches=0
CARTOON_AMR_TRANSACTION cycle=752 requested_refine=0 requested_derefine_leaves=6 accepted_derefine_parents=0 created_leaves=0 deleted_leaves=0 mirror_mismatches=0
elapsed=4.121434e+01 cycle=752 time=4.520630e+00 dt=6.713371e-03
CARTOON_AMR_TRANSACTION cycle=753 requested_refine=0 requested_derefine_leaves=6 accepted_derefine_parents=0 created_leaves=0 deleted_leaves=0 mirror_mismatches=0
CARTOON_AMR_TRANSACTION cycle=754 requested_refine=0 requested_derefine_leaves=6 accepted_derefine_parents=0 created_leaves=0 deleted_leaves=0 mirror_mismatches=0
CARTOON_AMR_TRANSACTION cycle=755 requested_refine=0 requested_derefine_leaves=6 accepted_derefine_parents=0 created_leaves=0 deleted_leaves=0 mirror_mismatches=0
CARTOON_AMR_TRANSACTION cycle=756 requested_refine=0 requested_derefine_leaves=6 accepted_derefine_parents=0 created_leaves=0 deleted_leaves=0 mirror_mismatches=0
elapsed=4.139775e+01 cycle=756 time=4.547479e+00 dt=6.710217e-03
CARTOON_AMR_TRANSACTION cycle=757 requested_refine=0 requested_derefine_leaves=6 accepted_derefine_parents=0 created_leaves=0 deleted_leaves=0 mirror_mismatches=0
CARTOON_AMR_TRANSACTION cycle=758 requested_refine=0 requested_derefine_leaves=6 accepted_derefine_parents=0 created_leaves=0 deleted_leaves=0 mirror_mismatches=0
CARTOON_AMR_TRANSACTION cycle=759 requested_refine=0 requested_derefine_leaves=6 accepted_derefine_parents=0 created_leaves=0 deleted_leaves=0 mirror_mismatches=0
CARTOON_AMR_TRANSACTION cycle=760 requested_refine=0 requested_derefine_leaves=6 accepted_derefine_parents=0 created_leaves=0 deleted_leaves=0 mirror_mismatches=0
elapsed=4.157573e+01 cycle=760 time=4.574316e+00 dt=6.707527e-03
CARTOON_AMR_TRANSACTION cycle=761 requested_refine=0 requested_derefine_leaves=6 accepted_derefine_parents=0 created_leaves=0 deleted_leaves=0 mirror_mismatches=0
CARTOON_AMR_TRANSACTION cycle=762 requested_refine=0 requested_derefine_leaves=6 accepted_derefine_parents=0 created_leaves=0 deleted_leaves=0 mirror_mismatches=0
CARTOON_AMR_TRANSACTION cycle=763 requested_refine=0 requested_derefine_leaves=6 accepted_derefine_parents=0 created_leaves=0 deleted_leaves=0 mirror_mismatches=0
CARTOON_AMR_TRANSACTION cycle=764 requested_refine=0 requested_derefine_leaves=6 accepted_derefine_parents=0 created_leaves=0 deleted_leaves=0 mirror_mismatches=0
elapsed=4.178020e+01 cycle=764 time=4.601142e+00 dt=6.705300e-03
CARTOON_AMR_TRANSACTION cycle=765 requested_refine=0 requested_derefine_leaves=6 accepted_derefine_parents=0 created_leaves=0 deleted_leaves=0 mirror_mismatches=0
CARTOON_AMR_TRANSACTION cycle=766 requested_refine=0 requested_derefine_leaves=6 accepted_derefine_parents=0 created_leaves=0 deleted_leaves=0 mirror_mismatches=0
CARTOON_AMR_TRANSACTION cycle=767 requested_refine=0 requested_derefine_leaves=6 accepted_derefine_parents=0 created_leaves=0 deleted_leaves=0 mirror_mismatches=0
CARTOON_AMR_TRANSACTION cycle=768 requested_refine=0 requested_derefine_leaves=6 accepted_derefine_parents=0 created_leaves=0 deleted_leaves=0 mirror_mismatches=0
elapsed=4.237470e+01 cycle=768 time=4.627961e+00 dt=6.703538e-03
CARTOON_AMR_TRANSACTION cycle=769 requested_refine=0 requested_derefine_leaves=6 accepted_derefine_parents=0 created_leaves=0 deleted_leaves=0 mirror_mismatches=0
CARTOON_AMR_TRANSACTION cycle=770 requested_refine=0 requested_derefine_leaves=6 accepted_derefine_parents=0 created_leaves=0 deleted_leaves=0 mirror_mismatches=0
CARTOON_AMR_TRANSACTION cycle=771 requested_refine=0 requested_derefine_leaves=6 accepted_derefine_parents=0 created_leaves=0 deleted_leaves=0 mirror_mismatches=0
CARTOON_AMR_TRANSACTION cycle=772 requested_refine=0 requested_derefine_leaves=6 accepted_derefine_parents=0 created_leaves=0 deleted_leaves=0 mirror_mismatches=0
elapsed=4.255028e+01 cycle=772 time=4.654773e+00 dt=6.702240e-03
CARTOON_AMR_TRANSACTION cycle=773 requested_refine=0 requested_derefine_leaves=6 accepted_derefine_parents=0 created_leaves=0 deleted_leaves=0 mirror_mismatches=0
CARTOON_AMR_TRANSACTION cycle=774 requested_refine=0 requested_derefine_leaves=6 accepted_derefine_parents=0 created_leaves=0 deleted_leaves=0 mirror_mismatches=0
CARTOON_AMR_TRANSACTION cycle=775 requested_refine=0 requested_derefine_leaves=6 accepted_derefine_parents=0 created_leaves=0 deleted_leaves=0 mirror_mismatches=0
CARTOON_AMR_TRANSACTION cycle=776 requested_refine=0 requested_derefine_leaves=6 accepted_derefine_parents=0 created_leaves=0 deleted_leaves=0 mirror_mismatches=0
elapsed=4.274073e+01 cycle=776 time=4.681578e+00 dt=6.699401e-03
CARTOON_AMR_TRANSACTION cycle=777 requested_refine=0 requested_derefine_leaves=6 accepted_derefine_parents=0 created_leaves=0 deleted_leaves=0 mirror_mismatches=0
CARTOON_AMR_TRANSACTION cycle=778 requested_refine=0 requested_derefine_leaves=6 accepted_derefine_parents=0 created_leaves=0 deleted_leaves=0 mirror_mismatches=0
CARTOON_AMR_TRANSACTION cycle=779 requested_refine=0 requested_derefine_leaves=6 accepted_derefine_parents=0 created_leaves=0 deleted_leaves=0 mirror_mismatches=0
CARTOON_AMR_TRANSACTION cycle=780 requested_refine=0 requested_derefine_leaves=6 accepted_derefine_parents=0 created_leaves=0 deleted_leaves=0 mirror_mismatches=0
elapsed=4.290950e+01 cycle=780 time=4.708371e+00 dt=6.696122e-03
CARTOON_AMR_TRANSACTION cycle=781 requested_refine=0 requested_derefine_leaves=6 accepted_derefine_parents=0 created_leaves=0 deleted_leaves=0 mirror_mismatches=0
CARTOON_AMR_TRANSACTION cycle=782 requested_refine=0 requested_derefine_leaves=6 accepted_derefine_parents=0 created_leaves=0 deleted_leaves=0 mirror_mismatches=0
CARTOON_AMR_TRANSACTION cycle=783 requested_refine=0 requested_derefine_leaves=6 accepted_derefine_parents=0 created_leaves=0 deleted_leaves=0 mirror_mismatches=0
CARTOON_AMR_TRANSACTION cycle=784 requested_refine=0 requested_derefine_leaves=6 accepted_derefine_parents=0 created_leaves=0 deleted_leaves=0 mirror_mismatches=0
elapsed=4.309003e+01 cycle=784 time=4.735151e+00 dt=6.693295e-03
CARTOON_AMR_TRANSACTION cycle=785 requested_refine=0 requested_derefine_leaves=6 accepted_derefine_parents=0 created_leaves=0 deleted_leaves=0 mirror_mismatches=0
CARTOON_AMR_TRANSACTION cycle=786 requested_refine=0 requested_derefine_leaves=6 accepted_derefine_parents=0 created_leaves=0 deleted_leaves=0 mirror_mismatches=0
CARTOON_AMR_TRANSACTION cycle=787 requested_refine=0 requested_derefine_leaves=6 accepted_derefine_parents=0 created_leaves=0 deleted_leaves=0 mirror_mismatches=0
CARTOON_AMR_TRANSACTION cycle=788 requested_refine=0 requested_derefine_leaves=6 accepted_derefine_parents=0 created_leaves=0 deleted_leaves=0 mirror_mismatches=0
elapsed=4.330982e+01 cycle=788 time=4.761921e+00 dt=6.690921e-03
CARTOON_AMR_TRANSACTION cycle=789 requested_refine=0 requested_derefine_leaves=6 accepted_derefine_parents=0 created_leaves=0 deleted_leaves=0 mirror_mismatches=0
CARTOON_AMR_TRANSACTION cycle=790 requested_refine=0 requested_derefine_leaves=6 accepted_derefine_parents=0 created_leaves=0 deleted_leaves=0 mirror_mismatches=0
CARTOON_AMR_TRANSACTION cycle=791 requested_refine=0 requested_derefine_leaves=6 accepted_derefine_parents=0 created_leaves=0 deleted_leaves=0 mirror_mismatches=0
CARTOON_AMR_TRANSACTION cycle=792 requested_refine=0 requested_derefine_leaves=6 accepted_derefine_parents=0 created_leaves=0 deleted_leaves=0 mirror_mismatches=0
elapsed=4.352792e+01 cycle=792 time=4.788681e+00 dt=6.689000e-03
CARTOON_AMR_TRANSACTION cycle=793 requested_refine=0 requested_derefine_leaves=6 accepted_derefine_parents=0 created_leaves=0 deleted_leaves=0 mirror_mismatches=0
CARTOON_AMR_TRANSACTION cycle=794 requested_refine=0 requested_derefine_leaves=6 accepted_derefine_parents=0 created_leaves=0 deleted_leaves=0 mirror_mismatches=0
CARTOON_AMR_TRANSACTION cycle=795 requested_refine=0 requested_derefine_leaves=6 accepted_derefine_parents=0 created_leaves=0 deleted_leaves=0 mirror_mismatches=0
CARTOON_AMR_TRANSACTION cycle=796 requested_refine=0 requested_derefine_leaves=6 accepted_derefine_parents=0 created_leaves=0 deleted_leaves=0 mirror_mismatches=0
elapsed=4.371702e+01 cycle=796 time=4.815435e+00 dt=6.687533e-03
CARTOON_AMR_TRANSACTION cycle=797 requested_refine=0 requested_derefine_leaves=6 accepted_derefine_parents=0 created_leaves=0 deleted_leaves=0 mirror_mismatches=0
CARTOON_AMR_TRANSACTION cycle=798 requested_refine=0 requested_derefine_leaves=6 accepted_derefine_parents=0 created_leaves=0 deleted_leaves=0 mirror_mismatches=0
CARTOON_AMR_TRANSACTION cycle=799 requested_refine=0 requested_derefine_leaves=6 accepted_derefine_parents=0 created_leaves=0 deleted_leaves=0 mirror_mismatches=0
CARTOON_AMR_TRANSACTION cycle=800 requested_refine=0 requested_derefine_leaves=6 accepted_derefine_parents=0 created_leaves=0 deleted_leaves=0 mirror_mismatches=0
elapsed=4.393773e+01 cycle=800 time=4.842183e+00 dt=6.686222e-03
CARTOON_AMR_TRANSACTION cycle=801 requested_refine=0 requested_derefine_leaves=6 accepted_derefine_parents=0 created_leaves=0 deleted_leaves=0 mirror_mismatches=0
CARTOON_AMR_TRANSACTION cycle=802 requested_refine=0 requested_derefine_leaves=6 accepted_derefine_parents=0 created_leaves=0 deleted_leaves=0 mirror_mismatches=0
CARTOON_AMR_TRANSACTION cycle=803 requested_refine=0 requested_derefine_leaves=6 accepted_derefine_parents=0 created_leaves=0 deleted_leaves=0 mirror_mismatches=0
CARTOON_AMR_TRANSACTION cycle=804 requested_refine=0 requested_derefine_leaves=6 accepted_derefine_parents=0 created_leaves=0 deleted_leaves=0 mirror_mismatches=0
elapsed=4.415341e+01 cycle=804 time=4.868923e+00 dt=6.682808e-03
CARTOON_AMR_TRANSACTION cycle=805 requested_refine=0 requested_derefine_leaves=6 accepted_derefine_parents=0 created_leaves=0 deleted_leaves=0 mirror_mismatches=0
CARTOON_AMR_TRANSACTION cycle=806 requested_refine=0 requested_derefine_leaves=6 accepted_derefine_parents=0 created_leaves=0 deleted_leaves=0 mirror_mismatches=0
CARTOON_AMR_TRANSACTION cycle=807 requested_refine=0 requested_derefine_leaves=6 accepted_derefine_parents=0 created_leaves=0 deleted_leaves=0 mirror_mismatches=0
CARTOON_AMR_TRANSACTION cycle=808 requested_refine=0 requested_derefine_leaves=6 accepted_derefine_parents=0 created_leaves=0 deleted_leaves=0 mirror_mismatches=0
elapsed=4.436683e+01 cycle=808 time=4.895650e+00 dt=6.679836e-03
CARTOON_AMR_TRANSACTION cycle=809 requested_refine=0 requested_derefine_leaves=6 accepted_derefine_parents=0 created_leaves=0 deleted_leaves=0 mirror_mismatches=0
CARTOON_AMR_TRANSACTION cycle=810 requested_refine=0 requested_derefine_leaves=6 accepted_derefine_parents=0 created_leaves=0 deleted_leaves=0 mirror_mismatches=0
CARTOON_AMR_TRANSACTION cycle=811 requested_refine=0 requested_derefine_leaves=6 accepted_derefine_parents=0 created_leaves=0 deleted_leaves=0 mirror_mismatches=0
CARTOON_AMR_TRANSACTION cycle=812 requested_refine=0 requested_derefine_leaves=6 accepted_derefine_parents=0 created_leaves=0 deleted_leaves=0 mirror_mismatches=0
elapsed=4.455990e+01 cycle=812 time=4.922365e+00 dt=6.677307e-03
CARTOON_AMR_TRANSACTION cycle=813 requested_refine=0 requested_derefine_leaves=6 accepted_derefine_parents=0 created_leaves=0 deleted_leaves=0 mirror_mismatches=0
CARTOON_AMR_TRANSACTION cycle=814 requested_refine=0 requested_derefine_leaves=6 accepted_derefine_parents=0 created_leaves=0 deleted_leaves=0 mirror_mismatches=0
CARTOON_AMR_TRANSACTION cycle=815 requested_refine=0 requested_derefine_leaves=6 accepted_derefine_parents=0 created_leaves=0 deleted_leaves=0 mirror_mismatches=0
CARTOON_AMR_TRANSACTION cycle=816 requested_refine=0 requested_derefine_leaves=6 accepted_derefine_parents=0 created_leaves=0 deleted_leaves=0 mirror_mismatches=0
elapsed=4.477960e+01 cycle=816 time=4.949071e+00 dt=6.675221e-03
CARTOON_AMR_TRANSACTION cycle=817 requested_refine=0 requested_derefine_leaves=6 accepted_derefine_parents=0 created_leaves=0 deleted_leaves=0 mirror_mismatches=0
CARTOON_AMR_TRANSACTION cycle=818 requested_refine=0 requested_derefine_leaves=6 accepted_derefine_parents=0 created_leaves=0 deleted_leaves=0 mirror_mismatches=0
CARTOON_AMR_TRANSACTION cycle=819 requested_refine=0 requested_derefine_leaves=6 accepted_derefine_parents=0 created_leaves=0 deleted_leaves=0 mirror_mismatches=0
CARTOON_AMR_TRANSACTION cycle=820 requested_refine=0 requested_derefine_leaves=6 accepted_derefine_parents=0 created_leaves=0 deleted_leaves=0 mirror_mismatches=0
elapsed=4.495882e+01 cycle=820 time=4.975769e+00 dt=6.673580e-03
CARTOON_AMR_TRANSACTION cycle=821 requested_refine=0 requested_derefine_leaves=6 accepted_derefine_parents=0 created_leaves=0 deleted_leaves=0 mirror_mismatches=0
CARTOON_AMR_TRANSACTION cycle=822 requested_refine=0 requested_derefine_leaves=6 accepted_derefine_parents=0 created_leaves=0 deleted_leaves=0 mirror_mismatches=0
CARTOON_AMR_TRANSACTION cycle=823 requested_refine=0 requested_derefine_leaves=6 accepted_derefine_parents=0 created_leaves=0 deleted_leaves=0 mirror_mismatches=0
CARTOON_AMR_TRANSACTION cycle=824 requested_refine=0 requested_derefine_leaves=6 accepted_derefine_parents=0 created_leaves=0 deleted_leaves=0 mirror_mismatches=0
elapsed=4.517883e+01 cycle=824 time=5.002462e+00 dt=6.672384e-03
CARTOON_AMR_TRANSACTION cycle=825 requested_refine=0 requested_derefine_leaves=6 accepted_derefine_parents=0 created_leaves=0 deleted_leaves=0 mirror_mismatches=0
CARTOON_AMR_TRANSACTION cycle=826 requested_refine=0 requested_derefine_leaves=6 accepted_derefine_parents=0 created_leaves=0 deleted_leaves=0 mirror_mismatches=0
CARTOON_AMR_TRANSACTION cycle=827 requested_refine=0 requested_derefine_leaves=6 accepted_derefine_parents=0 created_leaves=0 deleted_leaves=0 mirror_mismatches=0
CARTOON_AMR_TRANSACTION cycle=828 requested_refine=0 requested_derefine_leaves=6 accepted_derefine_parents=0 created_leaves=0 deleted_leaves=0 mirror_mismatches=0
elapsed=4.536385e+01 cycle=828 time=5.029149e+00 dt=6.670103e-03
CARTOON_AMR_TRANSACTION cycle=829 requested_refine=0 requested_derefine_leaves=6 accepted_derefine_parents=0 created_leaves=0 deleted_leaves=0 mirror_mismatches=0
CARTOON_AMR_TRANSACTION cycle=830 requested_refine=0 requested_derefine_leaves=6 accepted_derefine_parents=0 created_leaves=0 deleted_leaves=0 mirror_mismatches=0
CARTOON_AMR_TRANSACTION cycle=831 requested_refine=0 requested_derefine_leaves=6 accepted_derefine_parents=0 created_leaves=0 deleted_leaves=0 mirror_mismatches=0
CARTOON_AMR_TRANSACTION cycle=832 requested_refine=0 requested_derefine_leaves=6 accepted_derefine_parents=0 created_leaves=0 deleted_leaves=0 mirror_mismatches=0
elapsed=4.555763e+01 cycle=832 time=5.055825e+00 dt=6.666983e-03
CARTOON_AMR_TRANSACTION cycle=833 requested_refine=0 requested_derefine_leaves=6 accepted_derefine_parents=0 created_leaves=0 deleted_leaves=0 mirror_mismatches=0
CARTOON_AMR_TRANSACTION cycle=834 requested_refine=0 requested_derefine_leaves=6 accepted_derefine_parents=0 created_leaves=0 deleted_leaves=0 mirror_mismatches=0
CARTOON_AMR_TRANSACTION cycle=835 requested_refine=0 requested_derefine_leaves=6 accepted_derefine_parents=0 created_leaves=0 deleted_leaves=0 mirror_mismatches=0
CARTOON_AMR_TRANSACTION cycle=836 requested_refine=0 requested_derefine_leaves=6 accepted_derefine_parents=0 created_leaves=0 deleted_leaves=0 mirror_mismatches=0
elapsed=4.573940e+01 cycle=836 time=5.082488e+00 dt=6.664295e-03
CARTOON_AMR_TRANSACTION cycle=837 requested_refine=0 requested_derefine_leaves=6 accepted_derefine_parents=0 created_leaves=0 deleted_leaves=0 mirror_mismatches=0
CARTOON_AMR_TRANSACTION cycle=838 requested_refine=0 requested_derefine_leaves=6 accepted_derefine_parents=0 created_leaves=0 deleted_leaves=0 mirror_mismatches=0
CARTOON_AMR_TRANSACTION cycle=839 requested_refine=0 requested_derefine_leaves=6 accepted_derefine_parents=0 created_leaves=0 deleted_leaves=0 mirror_mismatches=0
CARTOON_AMR_TRANSACTION cycle=840 requested_refine=0 requested_derefine_leaves=6 accepted_derefine_parents=0 created_leaves=0 deleted_leaves=0 mirror_mismatches=0
elapsed=4.592370e+01 cycle=840 time=5.109142e+00 dt=6.662041e-03
CARTOON_AMR_TRANSACTION cycle=841 requested_refine=0 requested_derefine_leaves=6 accepted_derefine_parents=0 created_leaves=0 deleted_leaves=0 mirror_mismatches=0
CARTOON_AMR_TRANSACTION cycle=842 requested_refine=0 requested_derefine_leaves=6 accepted_derefine_parents=0 created_leaves=0 deleted_leaves=0 mirror_mismatches=0
CARTOON_AMR_TRANSACTION cycle=843 requested_refine=0 requested_derefine_leaves=6 accepted_derefine_parents=0 created_leaves=0 deleted_leaves=0 mirror_mismatches=0
CARTOON_AMR_TRANSACTION cycle=844 requested_refine=0 requested_derefine_leaves=6 accepted_derefine_parents=0 created_leaves=0 deleted_leaves=0 mirror_mismatches=0
elapsed=4.609272e+01 cycle=844 time=5.135787e+00 dt=6.660222e-03
CARTOON_AMR_TRANSACTION cycle=845 requested_refine=0 requested_derefine_leaves=6 accepted_derefine_parents=0 created_leaves=0 deleted_leaves=0 mirror_mismatches=0
CARTOON_AMR_TRANSACTION cycle=846 requested_refine=0 requested_derefine_leaves=6 accepted_derefine_parents=0 created_leaves=0 deleted_leaves=0 mirror_mismatches=0
CARTOON_AMR_TRANSACTION cycle=847 requested_refine=0 requested_derefine_leaves=6 accepted_derefine_parents=0 created_leaves=0 deleted_leaves=0 mirror_mismatches=0
CARTOON_AMR_TRANSACTION cycle=848 requested_refine=0 requested_derefine_leaves=6 accepted_derefine_parents=0 created_leaves=0 deleted_leaves=0 mirror_mismatches=0
elapsed=4.632609e+01 cycle=848 time=5.162426e+00 dt=6.658838e-03
CARTOON_AMR_TRANSACTION cycle=849 requested_refine=0 requested_derefine_leaves=6 accepted_derefine_parents=0 created_leaves=0 deleted_leaves=0 mirror_mismatches=0
CARTOON_AMR_TRANSACTION cycle=850 requested_refine=0 requested_derefine_leaves=6 accepted_derefine_parents=0 created_leaves=0 deleted_leaves=0 mirror_mismatches=0
CARTOON_AMR_TRANSACTION cycle=851 requested_refine=0 requested_derefine_leaves=6 accepted_derefine_parents=0 created_leaves=0 deleted_leaves=0 mirror_mismatches=0
CARTOON_AMR_TRANSACTION cycle=852 requested_refine=0 requested_derefine_leaves=6 accepted_derefine_parents=0 created_leaves=0 deleted_leaves=0 mirror_mismatches=0
elapsed=4.650715e+01 cycle=852 time=5.189060e+00 dt=6.657790e-03
CARTOON_AMR_TRANSACTION cycle=853 requested_refine=0 requested_derefine_leaves=6 accepted_derefine_parents=0 created_leaves=0 deleted_leaves=0 mirror_mismatches=0
CARTOON_AMR_TRANSACTION cycle=854 requested_refine=0 requested_derefine_leaves=6 accepted_derefine_parents=0 created_leaves=0 deleted_leaves=0 mirror_mismatches=0
CARTOON_AMR_TRANSACTION cycle=855 requested_refine=0 requested_derefine_leaves=6 accepted_derefine_parents=0 created_leaves=0 deleted_leaves=0 mirror_mismatches=0
CARTOON_AMR_TRANSACTION cycle=856 requested_refine=0 requested_derefine_leaves=6 accepted_derefine_parents=0 created_leaves=0 deleted_leaves=0 mirror_mismatches=0
elapsed=4.671326e+01 cycle=856 time=5.215686e+00 dt=6.654517e-03
CARTOON_AMR_TRANSACTION cycle=857 requested_refine=0 requested_derefine_leaves=6 accepted_derefine_parents=0 created_leaves=0 deleted_leaves=0 mirror_mismatches=0
CARTOON_AMR_TRANSACTION cycle=858 requested_refine=0 requested_derefine_leaves=6 accepted_derefine_parents=0 created_leaves=0 deleted_leaves=0 mirror_mismatches=0
CARTOON_AMR_TRANSACTION cycle=859 requested_refine=0 requested_derefine_leaves=6 accepted_derefine_parents=0 created_leaves=0 deleted_leaves=0 mirror_mismatches=0
CARTOON_AMR_TRANSACTION cycle=860 requested_refine=0 requested_derefine_leaves=6 accepted_derefine_parents=0 created_leaves=0 deleted_leaves=0 mirror_mismatches=0
elapsed=4.689804e+01 cycle=860 time=5.242300e+00 dt=6.651669e-03
CARTOON_AMR_TRANSACTION cycle=861 requested_refine=0 requested_derefine_leaves=6 accepted_derefine_parents=0 created_leaves=0 deleted_leaves=0 mirror_mismatches=0
CARTOON_AMR_TRANSACTION cycle=862 requested_refine=0 requested_derefine_leaves=6 accepted_derefine_parents=0 created_leaves=0 deleted_leaves=0 mirror_mismatches=0
CARTOON_AMR_TRANSACTION cycle=863 requested_refine=0 requested_derefine_leaves=6 accepted_derefine_parents=0 created_leaves=0 deleted_leaves=0 mirror_mismatches=0
CARTOON_AMR_TRANSACTION cycle=864 requested_refine=0 requested_derefine_leaves=6 accepted_derefine_parents=0 created_leaves=0 deleted_leaves=0 mirror_mismatches=0
elapsed=4.708740e+01 cycle=864 time=5.268902e+00 dt=6.649246e-03
CARTOON_AMR_TRANSACTION cycle=865 requested_refine=0 requested_derefine_leaves=6 accepted_derefine_parents=0 created_leaves=0 deleted_leaves=0 mirror_mismatches=0
CARTOON_AMR_TRANSACTION cycle=866 requested_refine=0 requested_derefine_leaves=6 accepted_derefine_parents=0 created_leaves=0 deleted_leaves=0 mirror_mismatches=0
CARTOON_AMR_TRANSACTION cycle=867 requested_refine=0 requested_derefine_leaves=6 accepted_derefine_parents=0 created_leaves=0 deleted_leaves=0 mirror_mismatches=0
CARTOON_AMR_TRANSACTION cycle=868 requested_refine=0 requested_derefine_leaves=6 accepted_derefine_parents=0 created_leaves=0 deleted_leaves=0 mirror_mismatches=0
elapsed=4.727481e+01 cycle=868 time=5.295496e+00 dt=6.647249e-03
CARTOON_AMR_TRANSACTION cycle=869 requested_refine=0 requested_derefine_leaves=6 accepted_derefine_parents=0 created_leaves=0 deleted_leaves=0 mirror_mismatches=0
CARTOON_AMR_TRANSACTION cycle=870 requested_refine=0 requested_derefine_leaves=6 accepted_derefine_parents=0 created_leaves=0 deleted_leaves=0 mirror_mismatches=0
CARTOON_AMR_TRANSACTION cycle=871 requested_refine=0 requested_derefine_leaves=6 accepted_derefine_parents=0 created_leaves=0 deleted_leaves=0 mirror_mismatches=0
CARTOON_AMR_TRANSACTION cycle=872 requested_refine=0 requested_derefine_leaves=6 accepted_derefine_parents=0 created_leaves=0 deleted_leaves=0 mirror_mismatches=0
elapsed=4.747308e+01 cycle=872 time=5.322083e+00 dt=6.645680e-03
CARTOON_AMR_TRANSACTION cycle=873 requested_refine=0 requested_derefine_leaves=6 accepted_derefine_parents=0 created_leaves=0 deleted_leaves=0 mirror_mismatches=0
CARTOON_AMR_TRANSACTION cycle=874 requested_refine=0 requested_derefine_leaves=6 accepted_derefine_parents=0 created_leaves=0 deleted_leaves=0 mirror_mismatches=0
CARTOON_AMR_TRANSACTION cycle=875 requested_refine=0 requested_derefine_leaves=6 accepted_derefine_parents=0 created_leaves=0 deleted_leaves=0 mirror_mismatches=0
CARTOON_AMR_TRANSACTION cycle=876 requested_refine=0 requested_derefine_leaves=6 accepted_derefine_parents=0 created_leaves=0 deleted_leaves=0 mirror_mismatches=0
elapsed=4.764785e+01 cycle=876 time=5.348664e+00 dt=6.644541e-03
CARTOON_AMR_TRANSACTION cycle=877 requested_refine=0 requested_derefine_leaves=6 accepted_derefine_parents=0 created_leaves=0 deleted_leaves=0 mirror_mismatches=0
CARTOON_AMR_TRANSACTION cycle=878 requested_refine=0 requested_derefine_leaves=6 accepted_derefine_parents=0 created_leaves=0 deleted_leaves=0 mirror_mismatches=0
CARTOON_AMR_TRANSACTION cycle=879 requested_refine=0 requested_derefine_leaves=6 accepted_derefine_parents=0 created_leaves=0 deleted_leaves=0 mirror_mismatches=0
CARTOON_AMR_TRANSACTION cycle=880 requested_refine=0 requested_derefine_leaves=6 accepted_derefine_parents=0 created_leaves=0 deleted_leaves=0 mirror_mismatches=0
elapsed=4.785845e+01 cycle=880 time=5.375240e+00 dt=6.642477e-03
CARTOON_AMR_TRANSACTION cycle=881 requested_refine=0 requested_derefine_leaves=6 accepted_derefine_parents=0 created_leaves=0 deleted_leaves=0 mirror_mismatches=0
CARTOON_AMR_TRANSACTION cycle=882 requested_refine=0 requested_derefine_leaves=6 accepted_derefine_parents=0 created_leaves=0 deleted_leaves=0 mirror_mismatches=0
CARTOON_AMR_TRANSACTION cycle=883 requested_refine=0 requested_derefine_leaves=6 accepted_derefine_parents=0 created_leaves=0 deleted_leaves=0 mirror_mismatches=0
CARTOON_AMR_TRANSACTION cycle=884 requested_refine=0 requested_derefine_leaves=6 accepted_derefine_parents=0 created_leaves=0 deleted_leaves=0 mirror_mismatches=0
elapsed=4.805647e+01 cycle=884 time=5.401805e+00 dt=6.639469e-03
CARTOON_AMR_TRANSACTION cycle=885 requested_refine=0 requested_derefine_leaves=6 accepted_derefine_parents=0 created_leaves=0 deleted_leaves=0 mirror_mismatches=0
CARTOON_AMR_TRANSACTION cycle=886 requested_refine=0 requested_derefine_leaves=6 accepted_derefine_parents=0 created_leaves=0 deleted_leaves=0 mirror_mismatches=0
CARTOON_AMR_TRANSACTION cycle=887 requested_refine=0 requested_derefine_leaves=6 accepted_derefine_parents=0 created_leaves=0 deleted_leaves=0 mirror_mismatches=0
CARTOON_AMR_TRANSACTION cycle=888 requested_refine=0 requested_derefine_leaves=6 accepted_derefine_parents=0 created_leaves=0 deleted_leaves=0 mirror_mismatches=0
elapsed=4.827787e+01 cycle=888 time=5.428359e+00 dt=6.636879e-03
CARTOON_AMR_TRANSACTION cycle=889 requested_refine=0 requested_derefine_leaves=6 accepted_derefine_parents=0 created_leaves=0 deleted_leaves=0 mirror_mismatches=0
CARTOON_AMR_TRANSACTION cycle=890 requested_refine=0 requested_derefine_leaves=6 accepted_derefine_parents=0 created_leaves=0 deleted_leaves=0 mirror_mismatches=0
CARTOON_AMR_TRANSACTION cycle=891 requested_refine=0 requested_derefine_leaves=6 accepted_derefine_parents=0 created_leaves=0 deleted_leaves=0 mirror_mismatches=0
CARTOON_AMR_TRANSACTION cycle=892 requested_refine=0 requested_derefine_leaves=6 accepted_derefine_parents=0 created_leaves=0 deleted_leaves=0 mirror_mismatches=0
elapsed=4.845395e+01 cycle=892 time=5.454903e+00 dt=6.634708e-03
CARTOON_AMR_TRANSACTION cycle=893 requested_refine=0 requested_derefine_leaves=6 accepted_derefine_parents=0 created_leaves=0 deleted_leaves=0 mirror_mismatches=0
CARTOON_AMR_TRANSACTION cycle=894 requested_refine=0 requested_derefine_leaves=6 accepted_derefine_parents=0 created_leaves=0 deleted_leaves=0 mirror_mismatches=0
CARTOON_AMR_TRANSACTION cycle=895 requested_refine=0 requested_derefine_leaves=6 accepted_derefine_parents=0 created_leaves=0 deleted_leaves=0 mirror_mismatches=0
CARTOON_AMR_TRANSACTION cycle=896 requested_refine=0 requested_derefine_leaves=6 accepted_derefine_parents=0 created_leaves=0 deleted_leaves=0 mirror_mismatches=0
elapsed=4.873732e+01 cycle=896 time=5.481439e+00 dt=6.632957e-03
CARTOON_AMR_TRANSACTION cycle=897 requested_refine=0 requested_derefine_leaves=6 accepted_derefine_parents=0 created_leaves=0 deleted_leaves=0 mirror_mismatches=0
CARTOON_AMR_TRANSACTION cycle=898 requested_refine=0 requested_derefine_leaves=6 accepted_derefine_parents=0 created_leaves=0 deleted_leaves=0 mirror_mismatches=0
CARTOON_AMR_TRANSACTION cycle=899 requested_refine=0 requested_derefine_leaves=6 accepted_derefine_parents=0 created_leaves=0 deleted_leaves=0 mirror_mismatches=0
CARTOON_AMR_TRANSACTION cycle=900 requested_refine=0 requested_derefine_leaves=6 accepted_derefine_parents=0 created_leaves=0 deleted_leaves=0 mirror_mismatches=0
elapsed=4.893031e+01 cycle=900 time=5.507969e+00 dt=6.631627e-03
CARTOON_AMR_TRANSACTION cycle=901 requested_refine=0 requested_derefine_leaves=6 accepted_derefine_parents=0 created_leaves=0 deleted_leaves=0 mirror_mismatches=0
CARTOON_AMR_TRANSACTION cycle=902 requested_refine=0 requested_derefine_leaves=6 accepted_derefine_parents=0 created_leaves=0 deleted_leaves=0 mirror_mismatches=0
CARTOON_AMR_TRANSACTION cycle=903 requested_refine=0 requested_derefine_leaves=6 accepted_derefine_parents=0 created_leaves=0 deleted_leaves=0 mirror_mismatches=0
CARTOON_AMR_TRANSACTION cycle=904 requested_refine=0 requested_derefine_leaves=6 accepted_derefine_parents=0 created_leaves=0 deleted_leaves=0 mirror_mismatches=0
elapsed=4.912886e+01 cycle=904 time=5.534494e+00 dt=6.630721e-03
CARTOON_AMR_TRANSACTION cycle=905 requested_refine=0 requested_derefine_leaves=6 accepted_derefine_parents=0 created_leaves=0 deleted_leaves=0 mirror_mismatches=0
CARTOON_AMR_TRANSACTION cycle=906 requested_refine=0 requested_derefine_leaves=6 accepted_derefine_parents=0 created_leaves=0 deleted_leaves=0 mirror_mismatches=0
CARTOON_AMR_TRANSACTION cycle=907 requested_refine=0 requested_derefine_leaves=6 accepted_derefine_parents=0 created_leaves=0 deleted_leaves=0 mirror_mismatches=0
CARTOON_AMR_TRANSACTION cycle=908 requested_refine=0 requested_derefine_leaves=6 accepted_derefine_parents=0 created_leaves=0 deleted_leaves=0 mirror_mismatches=0
elapsed=4.930719e+01 cycle=908 time=5.561012e+00 dt=6.627624e-03
CARTOON_AMR_TRANSACTION cycle=909 requested_refine=0 requested_derefine_leaves=6 accepted_derefine_parents=0 created_leaves=0 deleted_leaves=0 mirror_mismatches=0
CARTOON_AMR_TRANSACTION cycle=910 requested_refine=0 requested_derefine_leaves=6 accepted_derefine_parents=0 created_leaves=0 deleted_leaves=0 mirror_mismatches=0
CARTOON_AMR_TRANSACTION cycle=911 requested_refine=0 requested_derefine_leaves=6 accepted_derefine_parents=0 created_leaves=0 deleted_leaves=0 mirror_mismatches=0
CARTOON_AMR_TRANSACTION cycle=912 requested_refine=0 requested_derefine_leaves=6 accepted_derefine_parents=0 created_leaves=0 deleted_leaves=0 mirror_mismatches=0
elapsed=4.949728e+01 cycle=912 time=5.587519e+00 dt=6.624868e-03
CARTOON_AMR_TRANSACTION cycle=913 requested_refine=0 requested_derefine_leaves=6 accepted_derefine_parents=0 created_leaves=0 deleted_leaves=0 mirror_mismatches=0
CARTOON_AMR_TRANSACTION cycle=914 requested_refine=0 requested_derefine_leaves=6 accepted_derefine_parents=0 created_leaves=0 deleted_leaves=0 mirror_mismatches=0
CARTOON_AMR_TRANSACTION cycle=915 requested_refine=0 requested_derefine_leaves=6 accepted_derefine_parents=0 created_leaves=0 deleted_leaves=0 mirror_mismatches=0
CARTOON_AMR_TRANSACTION cycle=916 requested_refine=0 requested_derefine_leaves=4 accepted_derefine_parents=0 created_leaves=0 deleted_leaves=0 mirror_mismatches=0
elapsed=4.968777e+01 cycle=916 time=5.614014e+00 dt=6.622524e-03
CARTOON_AMR_TRANSACTION cycle=917 requested_refine=0 requested_derefine_leaves=4 accepted_derefine_parents=0 created_leaves=0 deleted_leaves=0 mirror_mismatches=0
CARTOON_AMR_TRANSACTION cycle=918 requested_refine=0 requested_derefine_leaves=4 accepted_derefine_parents=0 created_leaves=0 deleted_leaves=0 mirror_mismatches=0
CARTOON_AMR_TRANSACTION cycle=919 requested_refine=0 requested_derefine_leaves=4 accepted_derefine_parents=0 created_leaves=0 deleted_leaves=0 mirror_mismatches=0
CARTOON_AMR_TRANSACTION cycle=920 requested_refine=0 requested_derefine_leaves=4 accepted_derefine_parents=0 created_leaves=0 deleted_leaves=0 mirror_mismatches=0
elapsed=4.993269e+01 cycle=920 time=5.640501e+00 dt=6.620594e-03
CARTOON_AMR_TRANSACTION cycle=921 requested_refine=0 requested_derefine_leaves=4 accepted_derefine_parents=0 created_leaves=0 deleted_leaves=0 mirror_mismatches=0
CARTOON_AMR_TRANSACTION cycle=922 requested_refine=0 requested_derefine_leaves=4 accepted_derefine_parents=0 created_leaves=0 deleted_leaves=0 mirror_mismatches=0
CARTOON_AMR_TRANSACTION cycle=923 requested_refine=0 requested_derefine_leaves=4 accepted_derefine_parents=0 created_leaves=0 deleted_leaves=0 mirror_mismatches=0
CARTOON_AMR_TRANSACTION cycle=924 requested_refine=0 requested_derefine_leaves=4 accepted_derefine_parents=0 created_leaves=0 deleted_leaves=0 mirror_mismatches=0
elapsed=5.011490e+01 cycle=924 time=5.666981e+00 dt=6.619078e-03
CARTOON_AMR_TRANSACTION cycle=925 requested_refine=0 requested_derefine_leaves=4 accepted_derefine_parents=0 created_leaves=0 deleted_leaves=0 mirror_mismatches=0
CARTOON_AMR_TRANSACTION cycle=926 requested_refine=0 requested_derefine_leaves=4 accepted_derefine_parents=0 created_leaves=0 deleted_leaves=0 mirror_mismatches=0
CARTOON_AMR_TRANSACTION cycle=927 requested_refine=0 requested_derefine_leaves=4 accepted_derefine_parents=0 created_leaves=0 deleted_leaves=0 mirror_mismatches=0
CARTOON_AMR_TRANSACTION cycle=928 requested_refine=0 requested_derefine_leaves=4 accepted_derefine_parents=0 created_leaves=0 deleted_leaves=0 mirror_mismatches=0
elapsed=5.031580e+01 cycle=928 time=5.693456e+00 dt=6.617978e-03
CARTOON_AMR_TRANSACTION cycle=929 requested_refine=0 requested_derefine_leaves=4 accepted_derefine_parents=0 created_leaves=0 deleted_leaves=0 mirror_mismatches=0
CARTOON_AMR_TRANSACTION cycle=930 requested_refine=0 requested_derefine_leaves=4 accepted_derefine_parents=0 created_leaves=0 deleted_leaves=0 mirror_mismatches=0
CARTOON_AMR_TRANSACTION cycle=931 requested_refine=0 requested_derefine_leaves=4 accepted_derefine_parents=0 created_leaves=0 deleted_leaves=0 mirror_mismatches=0
CARTOON_AMR_TRANSACTION cycle=932 requested_refine=0 requested_derefine_leaves=4 accepted_derefine_parents=0 created_leaves=0 deleted_leaves=0 mirror_mismatches=0
elapsed=5.047716e+01 cycle=932 time=5.719926e+00 dt=6.616069e-03
CARTOON_AMR_TRANSACTION cycle=933 requested_refine=0 requested_derefine_leaves=4 accepted_derefine_parents=0 created_leaves=0 deleted_leaves=0 mirror_mismatches=0
CARTOON_AMR_TRANSACTION cycle=934 requested_refine=0 requested_derefine_leaves=4 accepted_derefine_parents=0 created_leaves=0 deleted_leaves=0 mirror_mismatches=0
CARTOON_AMR_TRANSACTION cycle=935 requested_refine=0 requested_derefine_leaves=4 accepted_derefine_parents=0 created_leaves=0 deleted_leaves=0 mirror_mismatches=0
CARTOON_AMR_TRANSACTION cycle=936 requested_refine=0 requested_derefine_leaves=4 accepted_derefine_parents=0 created_leaves=0 deleted_leaves=0 mirror_mismatches=0
elapsed=5.064318e+01 cycle=936 time=5.746386e+00 dt=6.613150e-03
CARTOON_AMR_TRANSACTION cycle=937 requested_refine=0 requested_derefine_leaves=4 accepted_derefine_parents=0 created_leaves=0 deleted_leaves=0 mirror_mismatches=0
CARTOON_AMR_TRANSACTION cycle=938 requested_refine=0 requested_derefine_leaves=4 accepted_derefine_parents=0 created_leaves=0 deleted_leaves=0 mirror_mismatches=0
CARTOON_AMR_TRANSACTION cycle=939 requested_refine=0 requested_derefine_leaves=4 accepted_derefine_parents=0 created_leaves=0 deleted_leaves=0 mirror_mismatches=0
CARTOON_AMR_TRANSACTION cycle=940 requested_refine=0 requested_derefine_leaves=4 accepted_derefine_parents=0 created_leaves=0 deleted_leaves=0 mirror_mismatches=0
elapsed=5.081694e+01 cycle=940 time=5.772835e+00 dt=6.610636e-03
CARTOON_AMR_TRANSACTION cycle=941 requested_refine=0 requested_derefine_leaves=4 accepted_derefine_parents=0 created_leaves=0 deleted_leaves=0 mirror_mismatches=0
CARTOON_AMR_TRANSACTION cycle=942 requested_refine=0 requested_derefine_leaves=4 accepted_derefine_parents=0 created_leaves=0 deleted_leaves=0 mirror_mismatches=0
CARTOON_AMR_TRANSACTION cycle=943 requested_refine=0 requested_derefine_leaves=4 accepted_derefine_parents=0 created_leaves=0 deleted_leaves=0 mirror_mismatches=0
CARTOON_AMR_TRANSACTION cycle=944 requested_refine=0 requested_derefine_leaves=4 accepted_derefine_parents=0 created_leaves=0 deleted_leaves=0 mirror_mismatches=0
elapsed=5.101049e+01 cycle=944 time=5.799274e+00 dt=6.608528e-03
CARTOON_AMR_TRANSACTION cycle=945 requested_refine=0 requested_derefine_leaves=4 accepted_derefine_parents=0 created_leaves=0 deleted_leaves=0 mirror_mismatches=0
CARTOON_AMR_TRANSACTION cycle=946 requested_refine=0 requested_derefine_leaves=4 accepted_derefine_parents=0 created_leaves=0 deleted_leaves=0 mirror_mismatches=0
CARTOON_AMR_TRANSACTION cycle=947 requested_refine=0 requested_derefine_leaves=4 accepted_derefine_parents=0 created_leaves=0 deleted_leaves=0 mirror_mismatches=0
CARTOON_AMR_TRANSACTION cycle=948 requested_refine=0 requested_derefine_leaves=4 accepted_derefine_parents=0 created_leaves=0 deleted_leaves=0 mirror_mismatches=0
elapsed=5.120686e+01 cycle=948 time=5.825705e+00 dt=6.606827e-03
CARTOON_AMR_TRANSACTION cycle=949 requested_refine=0 requested_derefine_leaves=4 accepted_derefine_parents=0 created_leaves=0 deleted_leaves=0 mirror_mismatches=0
CARTOON_AMR_TRANSACTION cycle=950 requested_refine=0 requested_derefine_leaves=4 accepted_derefine_parents=0 created_leaves=0 deleted_leaves=0 mirror_mismatches=0
CARTOON_AMR_TRANSACTION cycle=951 requested_refine=0 requested_derefine_leaves=4 accepted_derefine_parents=0 created_leaves=0 deleted_leaves=0 mirror_mismatches=0
CARTOON_AMR_TRANSACTION cycle=952 requested_refine=0 requested_derefine_leaves=4 accepted_derefine_parents=0 created_leaves=0 deleted_leaves=0 mirror_mismatches=0
elapsed=5.144137e+01 cycle=952 time=5.852131e+00 dt=6.605536e-03
CARTOON_AMR_TRANSACTION cycle=953 requested_refine=0 requested_derefine_leaves=4 accepted_derefine_parents=0 created_leaves=0 deleted_leaves=0 mirror_mismatches=0
CARTOON_AMR_TRANSACTION cycle=954 requested_refine=0 requested_derefine_leaves=4 accepted_derefine_parents=0 created_leaves=0 deleted_leaves=0 mirror_mismatches=0
CARTOON_AMR_TRANSACTION cycle=955 requested_refine=0 requested_derefine_leaves=4 accepted_derefine_parents=0 created_leaves=0 deleted_leaves=0 mirror_mismatches=0
CARTOON_AMR_TRANSACTION cycle=956 requested_refine=0 requested_derefine_leaves=4 accepted_derefine_parents=0 created_leaves=0 deleted_leaves=0 mirror_mismatches=0
elapsed=5.165021e+01 cycle=956 time=5.878551e+00 dt=6.604655e-03
CARTOON_AMR_TRANSACTION cycle=957 requested_refine=0 requested_derefine_leaves=4 accepted_derefine_parents=0 created_leaves=0 deleted_leaves=0 mirror_mismatches=0
CARTOON_AMR_TRANSACTION cycle=958 requested_refine=0 requested_derefine_leaves=4 accepted_derefine_parents=0 created_leaves=0 deleted_leaves=0 mirror_mismatches=0
CARTOON_AMR_TRANSACTION cycle=959 requested_refine=0 requested_derefine_leaves=4 accepted_derefine_parents=0 created_leaves=0 deleted_leaves=0 mirror_mismatches=0
CARTOON_AMR_TRANSACTION cycle=960 requested_refine=0 requested_derefine_leaves=4 accepted_derefine_parents=0 created_leaves=0 deleted_leaves=0 mirror_mismatches=0
elapsed=5.186501e+01 cycle=960 time=5.904965e+00 dt=6.601660e-03
CARTOON_AMR_TRANSACTION cycle=961 requested_refine=0 requested_derefine_leaves=4 accepted_derefine_parents=0 created_leaves=0 deleted_leaves=0 mirror_mismatches=0
CARTOON_AMR_TRANSACTION cycle=962 requested_refine=0 requested_derefine_leaves=4 accepted_derefine_parents=0 created_leaves=0 deleted_leaves=0 mirror_mismatches=0
CARTOON_AMR_TRANSACTION cycle=963 requested_refine=0 requested_derefine_leaves=4 accepted_derefine_parents=0 created_leaves=0 deleted_leaves=0 mirror_mismatches=0
CARTOON_AMR_TRANSACTION cycle=964 requested_refine=0 requested_derefine_leaves=4 accepted_derefine_parents=0 created_leaves=0 deleted_leaves=0 mirror_mismatches=0
elapsed=5.207205e+01 cycle=964 time=5.931368e+00 dt=6.598975e-03
CARTOON_AMR_TRANSACTION cycle=965 requested_refine=0 requested_derefine_leaves=4 accepted_derefine_parents=0 created_leaves=0 deleted_leaves=0 mirror_mismatches=0
CARTOON_AMR_TRANSACTION cycle=966 requested_refine=0 requested_derefine_leaves=4 accepted_derefine_parents=0 created_leaves=0 deleted_leaves=0 mirror_mismatches=0
CARTOON_AMR_TRANSACTION cycle=967 requested_refine=0 requested_derefine_leaves=4 accepted_derefine_parents=0 created_leaves=0 deleted_leaves=0 mirror_mismatches=0
CARTOON_AMR_TRANSACTION cycle=968 requested_refine=0 requested_derefine_leaves=4 accepted_derefine_parents=0 created_leaves=0 deleted_leaves=0 mirror_mismatches=0
elapsed=5.226175e+01 cycle=968 time=5.957760e+00 dt=6.596690e-03
CARTOON_AMR_TRANSACTION cycle=969 requested_refine=0 requested_derefine_leaves=4 accepted_derefine_parents=0 created_leaves=0 deleted_leaves=0 mirror_mismatches=0
CARTOON_AMR_TRANSACTION cycle=970 requested_refine=0 requested_derefine_leaves=4 accepted_derefine_parents=0 created_leaves=0 deleted_leaves=0 mirror_mismatches=0
CARTOON_AMR_TRANSACTION cycle=971 requested_refine=0 requested_derefine_leaves=4 accepted_derefine_parents=0 created_leaves=0 deleted_leaves=0 mirror_mismatches=0
CARTOON_AMR_TRANSACTION cycle=972 requested_refine=0 requested_derefine_leaves=4 accepted_derefine_parents=0 created_leaves=0 deleted_leaves=0 mirror_mismatches=0
elapsed=5.244548e+01 cycle=972 time=5.984144e+00 dt=6.594805e-03
CARTOON_AMR_TRANSACTION cycle=973 requested_refine=0 requested_derefine_leaves=4 accepted_derefine_parents=0 created_leaves=0 deleted_leaves=0 mirror_mismatches=0
CARTOON_AMR_TRANSACTION cycle=974 requested_refine=0 requested_derefine_leaves=4 accepted_derefine_parents=0 created_leaves=0 deleted_leaves=0 mirror_mismatches=0
CARTOON_AMR_TRANSACTION cycle=975 requested_refine=0 requested_derefine_leaves=4 accepted_derefine_parents=0 created_leaves=0 deleted_leaves=0 mirror_mismatches=0
CARTOON_AMR_TRANSACTION cycle=976 requested_refine=0 requested_derefine_leaves=4 accepted_derefine_parents=0 created_leaves=0 deleted_leaves=0 mirror_mismatches=0
elapsed=5.266827e+01 cycle=976 time=6.010521e+00 dt=6.593322e-03
CARTOON_AMR_TRANSACTION cycle=977 requested_refine=0 requested_derefine_leaves=4 accepted_derefine_parents=0 created_leaves=0 deleted_leaves=0 mirror_mismatches=0
CARTOON_AMR_TRANSACTION cycle=978 requested_refine=0 requested_derefine_leaves=4 accepted_derefine_parents=0 created_leaves=0 deleted_leaves=0 mirror_mismatches=0
CARTOON_AMR_TRANSACTION cycle=979 requested_refine=0 requested_derefine_leaves=4 accepted_derefine_parents=0 created_leaves=0 deleted_leaves=0 mirror_mismatches=0
CARTOON_AMR_TRANSACTION cycle=980 requested_refine=0 requested_derefine_leaves=4 accepted_derefine_parents=0 created_leaves=0 deleted_leaves=0 mirror_mismatches=0
elapsed=5.286403e+01 cycle=980 time=6.036892e+00 dt=6.592243e-03
CARTOON_AMR_TRANSACTION cycle=981 requested_refine=0 requested_derefine_leaves=4 accepted_derefine_parents=0 created_leaves=0 deleted_leaves=0 mirror_mismatches=0
CARTOON_AMR_TRANSACTION cycle=982 requested_refine=0 requested_derefine_leaves=4 accepted_derefine_parents=0 created_leaves=0 deleted_leaves=0 mirror_mismatches=0
CARTOON_AMR_TRANSACTION cycle=983 requested_refine=0 requested_derefine_leaves=4 accepted_derefine_parents=0 created_leaves=0 deleted_leaves=0 mirror_mismatches=0
CARTOON_AMR_TRANSACTION cycle=984 requested_refine=0 requested_derefine_leaves=4 accepted_derefine_parents=0 created_leaves=0 deleted_leaves=0 mirror_mismatches=0
elapsed=5.305263e+01 cycle=984 time=6.063260e+00 dt=6.590319e-03
CARTOON_AMR_TRANSACTION cycle=985 requested_refine=0 requested_derefine_leaves=4 accepted_derefine_parents=0 created_leaves=0 deleted_leaves=0 mirror_mismatches=0
CARTOON_AMR_TRANSACTION cycle=986 requested_refine=0 requested_derefine_leaves=4 accepted_derefine_parents=0 created_leaves=0 deleted_leaves=0 mirror_mismatches=0
CARTOON_AMR_TRANSACTION cycle=987 requested_refine=0 requested_derefine_leaves=4 accepted_derefine_parents=0 created_leaves=0 deleted_leaves=0 mirror_mismatches=0
CARTOON_AMR_TRANSACTION cycle=988 requested_refine=0 requested_derefine_leaves=4 accepted_derefine_parents=0 created_leaves=0 deleted_leaves=0 mirror_mismatches=0
elapsed=5.325199e+01 cycle=988 time=6.089616e+00 dt=6.587462e-03
CARTOON_AMR_TRANSACTION cycle=989 requested_refine=0 requested_derefine_leaves=4 accepted_derefine_parents=0 created_leaves=0 deleted_leaves=0 mirror_mismatches=0
CARTOON_AMR_TRANSACTION cycle=990 requested_refine=0 requested_derefine_leaves=4 accepted_derefine_parents=0 created_leaves=0 deleted_leaves=0 mirror_mismatches=0
CARTOON_AMR_TRANSACTION cycle=991 requested_refine=0 requested_derefine_leaves=4 accepted_derefine_parents=0 created_leaves=0 deleted_leaves=0 mirror_mismatches=0
CARTOON_AMR_TRANSACTION cycle=992 requested_refine=0 requested_derefine_leaves=4 accepted_derefine_parents=0 created_leaves=0 deleted_leaves=0 mirror_mismatches=0
elapsed=5.346236e+01 cycle=992 time=6.115963e+00 dt=6.584997e-03
CARTOON_AMR_TRANSACTION cycle=993 requested_refine=0 requested_derefine_leaves=4 accepted_derefine_parents=0 created_leaves=0 deleted_leaves=0 mirror_mismatches=0
CARTOON_AMR_TRANSACTION cycle=994 requested_refine=0 requested_derefine_leaves=4 accepted_derefine_parents=0 created_leaves=0 deleted_leaves=0 mirror_mismatches=0
CARTOON_AMR_TRANSACTION cycle=995 requested_refine=0 requested_derefine_leaves=4 accepted_derefine_parents=0 created_leaves=0 deleted_leaves=0 mirror_mismatches=0
CARTOON_AMR_TRANSACTION cycle=996 requested_refine=0 requested_derefine_leaves=4 accepted_derefine_parents=0 created_leaves=0 deleted_leaves=0 mirror_mismatches=0
elapsed=5.366806e+01 cycle=996 time=6.142299e+00 dt=6.582925e-03
CARTOON_AMR_TRANSACTION cycle=997 requested_refine=0 requested_derefine_leaves=4 accepted_derefine_parents=0 created_leaves=0 deleted_leaves=0 mirror_mismatches=0
CARTOON_AMR_TRANSACTION cycle=998 requested_refine=0 requested_derefine_leaves=4 accepted_derefine_parents=0 created_leaves=0 deleted_leaves=0 mirror_mismatches=0
CARTOON_AMR_TRANSACTION cycle=999 requested_refine=0 requested_derefine_leaves=4 accepted_derefine_parents=0 created_leaves=0 deleted_leaves=0 mirror_mismatches=0
CARTOON_AMR_TRANSACTION cycle=1000 requested_refine=0 requested_derefine_leaves=4 accepted_derefine_parents=0 created_leaves=0 deleted_leaves=0 mirror_mismatches=0
elapsed=5.392579e+01 cycle=1000 time=6.168628e+00 dt=6.581248e-03
CARTOON_AMR_TRANSACTION cycle=1001 requested_refine=0 requested_derefine_leaves=4 accepted_derefine_parents=0 created_leaves=0 deleted_leaves=0 mirror_mismatches=0
CARTOON_AMR_TRANSACTION cycle=1002 requested_refine=0 requested_derefine_leaves=4 accepted_derefine_parents=0 created_leaves=0 deleted_leaves=0 mirror_mismatches=0
CARTOON_AMR_TRANSACTION cycle=1003 requested_refine=0 requested_derefine_leaves=4 accepted_derefine_parents=0 created_leaves=0 deleted_leaves=0 mirror_mismatches=0
CARTOON_AMR_TRANSACTION cycle=1004 requested_refine=0 requested_derefine_leaves=4 accepted_derefine_parents=0 created_leaves=0 deleted_leaves=0 mirror_mismatches=0
elapsed=5.412146e+01 cycle=1004 time=6.194951e+00 dt=6.579969e-03
CARTOON_AMR_TRANSACTION cycle=1005 requested_refine=0 requested_derefine_leaves=4 accepted_derefine_parents=0 created_leaves=0 deleted_leaves=0 mirror_mismatches=0
CARTOON_AMR_TRANSACTION cycle=1006 requested_refine=0 requested_derefine_leaves=4 accepted_derefine_parents=0 created_leaves=0 deleted_leaves=0 mirror_mismatches=0
CARTOON_AMR_TRANSACTION cycle=1007 requested_refine=0 requested_derefine_leaves=4 accepted_derefine_parents=0 created_leaves=0 deleted_leaves=0 mirror_mismatches=0
CARTOON_AMR_TRANSACTION cycle=1008 requested_refine=0 requested_derefine_leaves=4 accepted_derefine_parents=0 created_leaves=0 deleted_leaves=0 mirror_mismatches=0
elapsed=5.434563e+01 cycle=1008 time=6.221270e+00 dt=6.579031e-03
CARTOON_AMR_TRANSACTION cycle=1009 requested_refine=0 requested_derefine_leaves=4 accepted_derefine_parents=0 created_leaves=0 deleted_leaves=0 mirror_mismatches=0
CARTOON_AMR_TRANSACTION cycle=1010 requested_refine=0 requested_derefine_leaves=4 accepted_derefine_parents=0 created_leaves=0 deleted_leaves=0 mirror_mismatches=0
CARTOON_AMR_TRANSACTION cycle=1011 requested_refine=0 requested_derefine_leaves=4 accepted_derefine_parents=0 created_leaves=0 deleted_leaves=0 mirror_mismatches=0
CARTOON_AMR_TRANSACTION cycle=1012 requested_refine=0 requested_derefine_leaves=4 accepted_derefine_parents=0 created_leaves=0 deleted_leaves=0 mirror_mismatches=0
elapsed=5.454357e+01 cycle=1012 time=6.247581e+00 dt=6.575996e-03
CARTOON_AMR_TRANSACTION cycle=1013 requested_refine=0 requested_derefine_leaves=4 accepted_derefine_parents=0 created_leaves=0 deleted_leaves=0 mirror_mismatches=0
CARTOON_AMR_TRANSACTION cycle=1014 requested_refine=0 requested_derefine_leaves=4 accepted_derefine_parents=0 created_leaves=0 deleted_leaves=0 mirror_mismatches=0
CARTOON_AMR_TRANSACTION cycle=1015 requested_refine=0 requested_derefine_leaves=4 accepted_derefine_parents=0 created_leaves=0 deleted_leaves=0 mirror_mismatches=0
CARTOON_AMR_TRANSACTION cycle=1016 requested_refine=0 requested_derefine_leaves=4 accepted_derefine_parents=0 created_leaves=0 deleted_leaves=0 mirror_mismatches=0
elapsed=5.478259e+01 cycle=1016 time=6.273881e+00 dt=6.573345e-03
CARTOON_AMR_TRANSACTION cycle=1017 requested_refine=0 requested_derefine_leaves=4 accepted_derefine_parents=0 created_leaves=0 deleted_leaves=0 mirror_mismatches=0
CARTOON_AMR_TRANSACTION cycle=1018 requested_refine=0 requested_derefine_leaves=4 accepted_derefine_parents=0 created_leaves=0 deleted_leaves=0 mirror_mismatches=0
CARTOON_AMR_TRANSACTION cycle=1019 requested_refine=0 requested_derefine_leaves=4 accepted_derefine_parents=0 created_leaves=0 deleted_leaves=0 mirror_mismatches=0
CARTOON_AMR_TRANSACTION cycle=1020 requested_refine=0 requested_derefine_leaves=4 accepted_derefine_parents=0 created_leaves=0 deleted_leaves=0 mirror_mismatches=0
elapsed=5.497119e+01 cycle=1020 time=6.300171e+00 dt=6.571081e-03
CARTOON_AMR_TRANSACTION cycle=1021 requested_refine=0 requested_derefine_leaves=4 accepted_derefine_parents=0 created_leaves=0 deleted_leaves=0 mirror_mismatches=0
CARTOON_AMR_TRANSACTION cycle=1022 requested_refine=0 requested_derefine_leaves=4 accepted_derefine_parents=0 created_leaves=0 deleted_leaves=0 mirror_mismatches=0
CARTOON_AMR_TRANSACTION cycle=1023 requested_refine=0 requested_derefine_leaves=4 accepted_derefine_parents=0 created_leaves=0 deleted_leaves=0 mirror_mismatches=0
CARTOON_AMR_TRANSACTION cycle=1024 requested_refine=0 requested_derefine_leaves=4 accepted_derefine_parents=0 created_leaves=0 deleted_leaves=0 mirror_mismatches=0
elapsed=5.559490e+01 cycle=1024 time=6.326452e+00 dt=6.569204e-03
CARTOON_AMR_TRANSACTION cycle=1025 requested_refine=0 requested_derefine_leaves=4 accepted_derefine_parents=0 created_leaves=0 deleted_leaves=0 mirror_mismatches=0
CARTOON_AMR_TRANSACTION cycle=1026 requested_refine=0 requested_derefine_leaves=4 accepted_derefine_parents=0 created_leaves=0 deleted_leaves=0 mirror_mismatches=0
CARTOON_AMR_TRANSACTION cycle=1027 requested_refine=0 requested_derefine_leaves=4 accepted_derefine_parents=0 created_leaves=0 deleted_leaves=0 mirror_mismatches=0
CARTOON_AMR_TRANSACTION cycle=1028 requested_refine=0 requested_derefine_leaves=4 accepted_derefine_parents=0 created_leaves=0 deleted_leaves=0 mirror_mismatches=0
elapsed=5.579349e+01 cycle=1028 time=6.352727e+00 dt=6.567717e-03
CARTOON_AMR_TRANSACTION cycle=1029 requested_refine=0 requested_derefine_leaves=4 accepted_derefine_parents=0 created_leaves=0 deleted_leaves=0 mirror_mismatches=0
CARTOON_AMR_TRANSACTION cycle=1030 requested_refine=0 requested_derefine_leaves=4 accepted_derefine_parents=0 created_leaves=0 deleted_leaves=0 mirror_mismatches=0
CARTOON_AMR_TRANSACTION cycle=1031 requested_refine=0 requested_derefine_leaves=4 accepted_derefine_parents=0 created_leaves=0 deleted_leaves=0 mirror_mismatches=0
CARTOON_AMR_TRANSACTION cycle=1032 requested_refine=0 requested_derefine_leaves=4 accepted_derefine_parents=0 created_leaves=0 deleted_leaves=0 mirror_mismatches=0
elapsed=5.599726e+01 cycle=1032 time=6.378996e+00 dt=6.566622e-03
CARTOON_AMR_TRANSACTION cycle=1033 requested_refine=0 requested_derefine_leaves=4 accepted_derefine_parents=0 created_leaves=0 deleted_leaves=0 mirror_mismatches=0
CARTOON_AMR_TRANSACTION cycle=1034 requested_refine=0 requested_derefine_leaves=4 accepted_derefine_parents=0 created_leaves=0 deleted_leaves=0 mirror_mismatches=0
CARTOON_AMR_TRANSACTION cycle=1035 requested_refine=0 requested_derefine_leaves=4 accepted_derefine_parents=0 created_leaves=0 deleted_leaves=0 mirror_mismatches=0
CARTOON_AMR_TRANSACTION cycle=1036 requested_refine=0 requested_derefine_leaves=4 accepted_derefine_parents=0 created_leaves=0 deleted_leaves=0 mirror_mismatches=0
elapsed=5.620281e+01 cycle=1036 time=6.405260e+00 dt=6.564453e-03
CARTOON_AMR_TRANSACTION cycle=1037 requested_refine=0 requested_derefine_leaves=4 accepted_derefine_parents=0 created_leaves=0 deleted_leaves=0 mirror_mismatches=0
CARTOON_AMR_TRANSACTION cycle=1038 requested_refine=0 requested_derefine_leaves=4 accepted_derefine_parents=0 created_leaves=0 deleted_leaves=0 mirror_mismatches=0
CARTOON_AMR_TRANSACTION cycle=1039 requested_refine=0 requested_derefine_leaves=4 accepted_derefine_parents=0 created_leaves=0 deleted_leaves=0 mirror_mismatches=0
CARTOON_AMR_TRANSACTION cycle=1040 requested_refine=0 requested_derefine_leaves=4 accepted_derefine_parents=0 created_leaves=0 deleted_leaves=0 mirror_mismatches=0
elapsed=5.638709e+01 cycle=1040 time=6.431514e+00 dt=6.561608e-03
CARTOON_AMR_TRANSACTION cycle=1041 requested_refine=0 requested_derefine_leaves=4 accepted_derefine_parents=0 created_leaves=0 deleted_leaves=0 mirror_mismatches=0
CARTOON_AMR_TRANSACTION cycle=1042 requested_refine=0 requested_derefine_leaves=4 accepted_derefine_parents=0 created_leaves=0 deleted_leaves=0 mirror_mismatches=0
CARTOON_AMR_TRANSACTION cycle=1043 requested_refine=0 requested_derefine_leaves=4 accepted_derefine_parents=0 created_leaves=0 deleted_leaves=0 mirror_mismatches=0
CARTOON_AMR_TRANSACTION cycle=1044 requested_refine=0 requested_derefine_leaves=4 accepted_derefine_parents=0 created_leaves=0 deleted_leaves=0 mirror_mismatches=0
elapsed=5.658331e+01 cycle=1044 time=6.457756e+00 dt=6.559142e-03
CARTOON_AMR_TRANSACTION cycle=1045 requested_refine=0 requested_derefine_leaves=4 accepted_derefine_parents=0 created_leaves=0 deleted_leaves=0 mirror_mismatches=0
CARTOON_AMR_TRANSACTION cycle=1046 requested_refine=0 requested_derefine_leaves=4 accepted_derefine_parents=0 created_leaves=0 deleted_leaves=0 mirror_mismatches=0
CARTOON_AMR_TRANSACTION cycle=1047 requested_refine=0 requested_derefine_leaves=4 accepted_derefine_parents=0 created_leaves=0 deleted_leaves=0 mirror_mismatches=0
CARTOON_AMR_TRANSACTION cycle=1048 requested_refine=0 requested_derefine_leaves=4 accepted_derefine_parents=0 created_leaves=0 deleted_leaves=0 mirror_mismatches=0
elapsed=5.676363e+01 cycle=1048 time=6.483989e+00 dt=6.557056e-03
CARTOON_AMR_TRANSACTION cycle=1049 requested_refine=0 requested_derefine_leaves=4 accepted_derefine_parents=0 created_leaves=0 deleted_leaves=0 mirror_mismatches=0
CARTOON_AMR_TRANSACTION cycle=1050 requested_refine=0 requested_derefine_leaves=4 accepted_derefine_parents=0 created_leaves=0 deleted_leaves=0 mirror_mismatches=0
CARTOON_AMR_TRANSACTION cycle=1051 requested_refine=0 requested_derefine_leaves=4 accepted_derefine_parents=0 created_leaves=0 deleted_leaves=0 mirror_mismatches=0
CARTOON_AMR_TRANSACTION cycle=1052 requested_refine=0 requested_derefine_leaves=4 accepted_derefine_parents=0 created_leaves=0 deleted_leaves=0 mirror_mismatches=0
elapsed=5.697432e+01 cycle=1052 time=6.510215e+00 dt=6.555352e-03
CARTOON_AMR_TRANSACTION cycle=1053 requested_refine=0 requested_derefine_leaves=4 accepted_derefine_parents=0 created_leaves=0 deleted_leaves=0 mirror_mismatches=0
CARTOON_AMR_TRANSACTION cycle=1054 requested_refine=0 requested_derefine_leaves=4 accepted_derefine_parents=0 created_leaves=0 deleted_leaves=0 mirror_mismatches=0
CARTOON_AMR_TRANSACTION cycle=1055 requested_refine=0 requested_derefine_leaves=4 accepted_derefine_parents=0 created_leaves=0 deleted_leaves=0 mirror_mismatches=0
CARTOON_AMR_TRANSACTION cycle=1056 requested_refine=0 requested_derefine_leaves=4 accepted_derefine_parents=0 created_leaves=0 deleted_leaves=0 mirror_mismatches=0
elapsed=5.716858e+01 cycle=1056 time=6.536434e+00 dt=6.554032e-03
CARTOON_AMR_TRANSACTION cycle=1057 requested_refine=0 requested_derefine_leaves=4 accepted_derefine_parents=0 created_leaves=0 deleted_leaves=0 mirror_mismatches=0
CARTOON_AMR_TRANSACTION cycle=1058 requested_refine=0 requested_derefine_leaves=4 accepted_derefine_parents=0 created_leaves=0 deleted_leaves=0 mirror_mismatches=0
CARTOON_AMR_TRANSACTION cycle=1059 requested_refine=0 requested_derefine_leaves=4 accepted_derefine_parents=0 created_leaves=0 deleted_leaves=0 mirror_mismatches=0
CARTOON_AMR_TRANSACTION cycle=1060 requested_refine=0 requested_derefine_leaves=4 accepted_derefine_parents=0 created_leaves=0 deleted_leaves=0 mirror_mismatches=0
elapsed=5.733955e+01 cycle=1060 time=6.562649e+00 dt=6.552689e-03
CARTOON_AMR_TRANSACTION cycle=1061 requested_refine=0 requested_derefine_leaves=4 accepted_derefine_parents=0 created_leaves=0 deleted_leaves=0 mirror_mismatches=0
CARTOON_AMR_TRANSACTION cycle=1062 requested_refine=0 requested_derefine_leaves=4 accepted_derefine_parents=0 created_leaves=0 deleted_leaves=0 mirror_mismatches=0
CARTOON_AMR_TRANSACTION cycle=1063 requested_refine=0 requested_derefine_leaves=4 accepted_derefine_parents=0 created_leaves=0 deleted_leaves=0 mirror_mismatches=0
CARTOON_AMR_TRANSACTION cycle=1064 requested_refine=0 requested_derefine_leaves=4 accepted_derefine_parents=0 created_leaves=0 deleted_leaves=0 mirror_mismatches=0
elapsed=5.756788e+01 cycle=1064 time=6.588855e+00 dt=6.549639e-03
CARTOON_AMR_TRANSACTION cycle=1065 requested_refine=0 requested_derefine_leaves=4 accepted_derefine_parents=0 created_leaves=0 deleted_leaves=0 mirror_mismatches=0
CARTOON_AMR_TRANSACTION cycle=1066 requested_refine=0 requested_derefine_leaves=4 accepted_derefine_parents=0 created_leaves=0 deleted_leaves=0 mirror_mismatches=0
CARTOON_AMR_TRANSACTION cycle=1067 requested_refine=0 requested_derefine_leaves=4 accepted_derefine_parents=0 created_leaves=0 deleted_leaves=0 mirror_mismatches=0
CARTOON_AMR_TRANSACTION cycle=1068 requested_refine=0 requested_derefine_leaves=4 accepted_derefine_parents=0 created_leaves=0 deleted_leaves=0 mirror_mismatches=0
elapsed=5.777462e+01 cycle=1068 time=6.615049e+00 dt=6.546960e-03
CARTOON_AMR_TRANSACTION cycle=1069 requested_refine=0 requested_derefine_leaves=4 accepted_derefine_parents=0 created_leaves=0 deleted_leaves=0 mirror_mismatches=0
CARTOON_AMR_TRANSACTION cycle=1070 requested_refine=0 requested_derefine_leaves=4 accepted_derefine_parents=0 created_leaves=0 deleted_leaves=0 mirror_mismatches=0
CARTOON_AMR_TRANSACTION cycle=1071 requested_refine=0 requested_derefine_leaves=4 accepted_derefine_parents=0 created_leaves=0 deleted_leaves=0 mirror_mismatches=0
CARTOON_AMR_TRANSACTION cycle=1072 requested_refine=0 requested_derefine_leaves=4 accepted_derefine_parents=0 created_leaves=0 deleted_leaves=0 mirror_mismatches=0
elapsed=5.800239e+01 cycle=1072 time=6.641234e+00 dt=6.544655e-03
CARTOON_AMR_TRANSACTION cycle=1073 requested_refine=0 requested_derefine_leaves=4 accepted_derefine_parents=0 created_leaves=0 deleted_leaves=0 mirror_mismatches=0
CARTOON_AMR_TRANSACTION cycle=1074 requested_refine=0 requested_derefine_leaves=4 accepted_derefine_parents=0 created_leaves=0 deleted_leaves=0 mirror_mismatches=0
CARTOON_AMR_TRANSACTION cycle=1075 requested_refine=0 requested_derefine_leaves=4 accepted_derefine_parents=0 created_leaves=0 deleted_leaves=0 mirror_mismatches=0
CARTOON_AMR_TRANSACTION cycle=1076 requested_refine=0 requested_derefine_leaves=4 accepted_derefine_parents=0 created_leaves=0 deleted_leaves=0 mirror_mismatches=0
elapsed=5.818196e+01 cycle=1076 time=6.667409e+00 dt=6.542726e-03
CARTOON_AMR_TRANSACTION cycle=1077 requested_refine=0 requested_derefine_leaves=4 accepted_derefine_parents=0 created_leaves=0 deleted_leaves=0 mirror_mismatches=0
CARTOON_AMR_TRANSACTION cycle=1078 requested_refine=0 requested_derefine_leaves=4 accepted_derefine_parents=0 created_leaves=0 deleted_leaves=0 mirror_mismatches=0
CARTOON_AMR_TRANSACTION cycle=1079 requested_refine=0 requested_derefine_leaves=4 accepted_derefine_parents=0 created_leaves=0 deleted_leaves=0 mirror_mismatches=0
CARTOON_AMR_TRANSACTION cycle=1080 requested_refine=0 requested_derefine_leaves=4 accepted_derefine_parents=0 created_leaves=0 deleted_leaves=0 mirror_mismatches=0
elapsed=5.839460e+01 cycle=1080 time=6.693578e+00 dt=6.541174e-03
CARTOON_AMR_TRANSACTION cycle=1081 requested_refine=0 requested_derefine_leaves=4 accepted_derefine_parents=0 created_leaves=0 deleted_leaves=0 mirror_mismatches=0
CARTOON_AMR_TRANSACTION cycle=1082 requested_refine=0 requested_derefine_leaves=4 accepted_derefine_parents=0 created_leaves=0 deleted_leaves=0 mirror_mismatches=0
CARTOON_AMR_TRANSACTION cycle=1083 requested_refine=0 requested_derefine_leaves=4 accepted_derefine_parents=0 created_leaves=0 deleted_leaves=0 mirror_mismatches=0
CARTOON_AMR_TRANSACTION cycle=1084 requested_refine=0 requested_derefine_leaves=4 accepted_derefine_parents=0 created_leaves=0 deleted_leaves=0 mirror_mismatches=0
elapsed=5.862724e+01 cycle=1084 time=6.719741e+00 dt=6.540002e-03
CARTOON_AMR_TRANSACTION cycle=1085 requested_refine=0 requested_derefine_leaves=4 accepted_derefine_parents=0 created_leaves=0 deleted_leaves=0 mirror_mismatches=0
CARTOON_AMR_TRANSACTION cycle=1086 requested_refine=0 requested_derefine_leaves=4 accepted_derefine_parents=0 created_leaves=0 deleted_leaves=0 mirror_mismatches=0
CARTOON_AMR_TRANSACTION cycle=1087 requested_refine=0 requested_derefine_leaves=4 accepted_derefine_parents=0 created_leaves=0 deleted_leaves=0 mirror_mismatches=0
CARTOON_AMR_TRANSACTION cycle=1088 requested_refine=0 requested_derefine_leaves=4 accepted_derefine_parents=0 created_leaves=0 deleted_leaves=0 mirror_mismatches=0
elapsed=5.881748e+01 cycle=1088 time=6.745897e+00 dt=6.537322e-03
CARTOON_AMR_TRANSACTION cycle=1089 requested_refine=0 requested_derefine_leaves=4 accepted_derefine_parents=0 created_leaves=0 deleted_leaves=0 mirror_mismatches=0
CARTOON_AMR_TRANSACTION cycle=1090 requested_refine=0 requested_derefine_leaves=4 accepted_derefine_parents=0 created_leaves=0 deleted_leaves=0 mirror_mismatches=0
CARTOON_AMR_TRANSACTION cycle=1091 requested_refine=0 requested_derefine_leaves=4 accepted_derefine_parents=0 created_leaves=0 deleted_leaves=0 mirror_mismatches=0
CARTOON_AMR_TRANSACTION cycle=1092 requested_refine=0 requested_derefine_leaves=4 accepted_derefine_parents=0 created_leaves=0 deleted_leaves=0 mirror_mismatches=0
elapsed=5.899244e+01 cycle=1092 time=6.772042e+00 dt=6.534431e-03
CARTOON_AMR_TRANSACTION cycle=1093 requested_refine=0 requested_derefine_leaves=4 accepted_derefine_parents=0 created_leaves=0 deleted_leaves=0 mirror_mismatches=0
CARTOON_AMR_TRANSACTION cycle=1094 requested_refine=0 requested_derefine_leaves=4 accepted_derefine_parents=0 created_leaves=0 deleted_leaves=0 mirror_mismatches=0
CARTOON_AMR_TRANSACTION cycle=1095 requested_refine=0 requested_derefine_leaves=4 accepted_derefine_parents=0 created_leaves=0 deleted_leaves=0 mirror_mismatches=0
CARTOON_AMR_TRANSACTION cycle=1096 requested_refine=0 requested_derefine_leaves=4 accepted_derefine_parents=0 created_leaves=0 deleted_leaves=0 mirror_mismatches=0
elapsed=5.918665e+01 cycle=1096 time=6.798176e+00 dt=6.531910e-03
CARTOON_AMR_TRANSACTION cycle=1097 requested_refine=0 requested_derefine_leaves=4 accepted_derefine_parents=0 created_leaves=0 deleted_leaves=0 mirror_mismatches=0
CARTOON_AMR_TRANSACTION cycle=1098 requested_refine=0 requested_derefine_leaves=4 accepted_derefine_parents=0 created_leaves=0 deleted_leaves=0 mirror_mismatches=0
CARTOON_AMR_TRANSACTION cycle=1099 requested_refine=0 requested_derefine_leaves=4 accepted_derefine_parents=0 created_leaves=0 deleted_leaves=0 mirror_mismatches=0
CARTOON_AMR_TRANSACTION cycle=1100 requested_refine=0 requested_derefine_leaves=4 accepted_derefine_parents=0 created_leaves=0 deleted_leaves=0 mirror_mismatches=0
elapsed=5.938936e+01 cycle=1100 time=6.824300e+00 dt=6.529759e-03
CARTOON_AMR_TRANSACTION cycle=1101 requested_refine=0 requested_derefine_leaves=4 accepted_derefine_parents=0 created_leaves=0 deleted_leaves=0 mirror_mismatches=0
CARTOON_AMR_TRANSACTION cycle=1102 requested_refine=0 requested_derefine_leaves=4 accepted_derefine_parents=0 created_leaves=0 deleted_leaves=0 mirror_mismatches=0
CARTOON_AMR_TRANSACTION cycle=1103 requested_refine=0 requested_derefine_leaves=4 accepted_derefine_parents=0 created_leaves=0 deleted_leaves=0 mirror_mismatches=0
CARTOON_AMR_TRANSACTION cycle=1104 requested_refine=0 requested_derefine_leaves=4 accepted_derefine_parents=0 created_leaves=0 deleted_leaves=0 mirror_mismatches=0
elapsed=5.958420e+01 cycle=1104 time=6.850417e+00 dt=6.527982e-03
CARTOON_AMR_TRANSACTION cycle=1105 requested_refine=0 requested_derefine_leaves=4 accepted_derefine_parents=0 created_leaves=0 deleted_leaves=0 mirror_mismatches=0
CARTOON_AMR_TRANSACTION cycle=1106 requested_refine=0 requested_derefine_leaves=4 accepted_derefine_parents=0 created_leaves=0 deleted_leaves=0 mirror_mismatches=0
CARTOON_AMR_TRANSACTION cycle=1107 requested_refine=0 requested_derefine_leaves=4 accepted_derefine_parents=0 created_leaves=0 deleted_leaves=0 mirror_mismatches=0
CARTOON_AMR_TRANSACTION cycle=1108 requested_refine=0 requested_derefine_leaves=4 accepted_derefine_parents=0 created_leaves=0 deleted_leaves=0 mirror_mismatches=0
elapsed=5.979131e+01 cycle=1108 time=6.876526e+00 dt=6.526581e-03
CARTOON_AMR_TRANSACTION cycle=1109 requested_refine=0 requested_derefine_leaves=4 accepted_derefine_parents=0 created_leaves=0 deleted_leaves=0 mirror_mismatches=0
CARTOON_AMR_TRANSACTION cycle=1110 requested_refine=0 requested_derefine_leaves=4 accepted_derefine_parents=0 created_leaves=0 deleted_leaves=0 mirror_mismatches=0
CARTOON_AMR_TRANSACTION cycle=1111 requested_refine=0 requested_derefine_leaves=4 accepted_derefine_parents=0 created_leaves=0 deleted_leaves=0 mirror_mismatches=0
CARTOON_AMR_TRANSACTION cycle=1112 requested_refine=0 requested_derefine_leaves=4 accepted_derefine_parents=0 created_leaves=0 deleted_leaves=0 mirror_mismatches=0
elapsed=6.004917e+01 cycle=1112 time=6.902631e+00 dt=6.524681e-03
CARTOON_AMR_TRANSACTION cycle=1113 requested_refine=0 requested_derefine_leaves=4 accepted_derefine_parents=0 created_leaves=0 deleted_leaves=0 mirror_mismatches=0
CARTOON_AMR_TRANSACTION cycle=1114 requested_refine=0 requested_derefine_leaves=4 accepted_derefine_parents=0 created_leaves=0 deleted_leaves=0 mirror_mismatches=0
CARTOON_AMR_TRANSACTION cycle=1115 requested_refine=0 requested_derefine_leaves=4 accepted_derefine_parents=0 created_leaves=0 deleted_leaves=0 mirror_mismatches=0
CARTOON_AMR_TRANSACTION cycle=1116 requested_refine=0 requested_derefine_leaves=4 accepted_derefine_parents=0 created_leaves=0 deleted_leaves=0 mirror_mismatches=0
elapsed=6.024693e+01 cycle=1116 time=6.928725e+00 dt=6.521593e-03
CARTOON_AMR_TRANSACTION cycle=1117 requested_refine=0 requested_derefine_leaves=4 accepted_derefine_parents=0 created_leaves=0 deleted_leaves=0 mirror_mismatches=0
CARTOON_AMR_TRANSACTION cycle=1118 requested_refine=0 requested_derefine_leaves=4 accepted_derefine_parents=0 created_leaves=0 deleted_leaves=0 mirror_mismatches=0
CARTOON_AMR_TRANSACTION cycle=1119 requested_refine=0 requested_derefine_leaves=4 accepted_derefine_parents=0 created_leaves=0 deleted_leaves=0 mirror_mismatches=0
CARTOON_AMR_TRANSACTION cycle=1120 requested_refine=0 requested_derefine_leaves=4 accepted_derefine_parents=0 created_leaves=0 deleted_leaves=0 mirror_mismatches=0
elapsed=6.044782e+01 cycle=1120 time=6.954807e+00 dt=6.518870e-03
CARTOON_AMR_TRANSACTION cycle=1121 requested_refine=0 requested_derefine_leaves=4 accepted_derefine_parents=0 created_leaves=0 deleted_leaves=0 mirror_mismatches=0
CARTOON_AMR_TRANSACTION cycle=1122 requested_refine=0 requested_derefine_leaves=4 accepted_derefine_parents=0 created_leaves=0 deleted_leaves=0 mirror_mismatches=0
CARTOON_AMR_TRANSACTION cycle=1123 requested_refine=0 requested_derefine_leaves=4 accepted_derefine_parents=0 created_leaves=0 deleted_leaves=0 mirror_mismatches=0
CARTOON_AMR_TRANSACTION cycle=1124 requested_refine=0 requested_derefine_leaves=4 accepted_derefine_parents=0 created_leaves=0 deleted_leaves=0 mirror_mismatches=0
elapsed=6.066725e+01 cycle=1124 time=6.980879e+00 dt=6.516513e-03
CARTOON_AMR_TRANSACTION cycle=1125 requested_refine=0 requested_derefine_leaves=4 accepted_derefine_parents=0 created_leaves=0 deleted_leaves=0 mirror_mismatches=0
CARTOON_AMR_TRANSACTION cycle=1126 requested_refine=0 requested_derefine_leaves=4 accepted_derefine_parents=0 created_leaves=0 deleted_leaves=0 mirror_mismatches=0
CARTOON_AMR_TRANSACTION cycle=1127 requested_refine=0 requested_derefine_leaves=4 accepted_derefine_parents=0 created_leaves=0 deleted_leaves=0 mirror_mismatches=0
CARTOON_AMR_TRANSACTION cycle=1128 requested_refine=0 requested_derefine_leaves=4 accepted_derefine_parents=0 created_leaves=0 deleted_leaves=0 mirror_mismatches=0
elapsed=6.087807e+01 cycle=1128 time=7.006942e+00 dt=6.514523e-03
CARTOON_AMR_TRANSACTION cycle=1129 requested_refine=0 requested_derefine_leaves=4 accepted_derefine_parents=0 created_leaves=0 deleted_leaves=0 mirror_mismatches=0
CARTOON_AMR_TRANSACTION cycle=1130 requested_refine=0 requested_derefine_leaves=4 accepted_derefine_parents=0 created_leaves=0 deleted_leaves=0 mirror_mismatches=0
CARTOON_AMR_TRANSACTION cycle=1131 requested_refine=0 requested_derefine_leaves=4 accepted_derefine_parents=0 created_leaves=0 deleted_leaves=0 mirror_mismatches=0
CARTOON_AMR_TRANSACTION cycle=1132 requested_refine=0 requested_derefine_leaves=4 accepted_derefine_parents=0 created_leaves=0 deleted_leaves=0 mirror_mismatches=0
elapsed=6.106458e+01 cycle=1132 time=7.032997e+00 dt=6.512903e-03
CARTOON_AMR_TRANSACTION cycle=1133 requested_refine=0 requested_derefine_leaves=4 accepted_derefine_parents=0 created_leaves=0 deleted_leaves=0 mirror_mismatches=0
CARTOON_AMR_TRANSACTION cycle=1134 requested_refine=0 requested_derefine_leaves=4 accepted_derefine_parents=0 created_leaves=0 deleted_leaves=0 mirror_mismatches=0
CARTOON_AMR_TRANSACTION cycle=1135 requested_refine=0 requested_derefine_leaves=4 accepted_derefine_parents=0 created_leaves=0 deleted_leaves=0 mirror_mismatches=0
CARTOON_AMR_TRANSACTION cycle=1136 requested_refine=0 requested_derefine_leaves=4 accepted_derefine_parents=0 created_leaves=0 deleted_leaves=0 mirror_mismatches=0
elapsed=6.129793e+01 cycle=1136 time=7.059047e+00 dt=6.511655e-03
CARTOON_AMR_TRANSACTION cycle=1137 requested_refine=0 requested_derefine_leaves=4 accepted_derefine_parents=0 created_leaves=0 deleted_leaves=0 mirror_mismatches=0
CARTOON_AMR_TRANSACTION cycle=1138 requested_refine=0 requested_derefine_leaves=4 accepted_derefine_parents=0 created_leaves=0 deleted_leaves=0 mirror_mismatches=0
CARTOON_AMR_TRANSACTION cycle=1139 requested_refine=0 requested_derefine_leaves=4 accepted_derefine_parents=0 created_leaves=0 deleted_leaves=0 mirror_mismatches=0
CARTOON_AMR_TRANSACTION cycle=1140 requested_refine=0 requested_derefine_leaves=4 accepted_derefine_parents=0 created_leaves=0 deleted_leaves=0 mirror_mismatches=0
elapsed=6.151794e+01 cycle=1140 time=7.085089e+00 dt=6.508485e-03
CARTOON_AMR_TRANSACTION cycle=1141 requested_refine=0 requested_derefine_leaves=4 accepted_derefine_parents=0 created_leaves=0 deleted_leaves=0 mirror_mismatches=0
CARTOON_AMR_TRANSACTION cycle=1142 requested_refine=0 requested_derefine_leaves=4 accepted_derefine_parents=0 created_leaves=0 deleted_leaves=0 mirror_mismatches=0
CARTOON_AMR_TRANSACTION cycle=1143 requested_refine=0 requested_derefine_leaves=4 accepted_derefine_parents=0 created_leaves=0 deleted_leaves=0 mirror_mismatches=0
CARTOON_AMR_TRANSACTION cycle=1144 requested_refine=0 requested_derefine_leaves=4 accepted_derefine_parents=0 created_leaves=0 deleted_leaves=0 mirror_mismatches=0
elapsed=6.174547e+01 cycle=1144 time=7.111118e+00 dt=6.505556e-03
CARTOON_AMR_TRANSACTION cycle=1145 requested_refine=0 requested_derefine_leaves=4 accepted_derefine_parents=0 created_leaves=0 deleted_leaves=0 mirror_mismatches=0
CARTOON_AMR_TRANSACTION cycle=1146 requested_refine=0 requested_derefine_leaves=4 accepted_derefine_parents=0 created_leaves=0 deleted_leaves=0 mirror_mismatches=0
CARTOON_AMR_TRANSACTION cycle=1147 requested_refine=0 requested_derefine_leaves=4 accepted_derefine_parents=0 created_leaves=0 deleted_leaves=0 mirror_mismatches=0
CARTOON_AMR_TRANSACTION cycle=1148 requested_refine=0 requested_derefine_leaves=4 accepted_derefine_parents=0 created_leaves=0 deleted_leaves=0 mirror_mismatches=0
elapsed=6.195306e+01 cycle=1148 time=7.137136e+00 dt=6.502986e-03
CARTOON_AMR_TRANSACTION cycle=1149 requested_refine=0 requested_derefine_leaves=4 accepted_derefine_parents=0 created_leaves=0 deleted_leaves=0 mirror_mismatches=0
CARTOON_AMR_TRANSACTION cycle=1150 requested_refine=0 requested_derefine_leaves=4 accepted_derefine_parents=0 created_leaves=0 deleted_leaves=0 mirror_mismatches=0
CARTOON_AMR_TRANSACTION cycle=1151 requested_refine=0 requested_derefine_leaves=4 accepted_derefine_parents=0 created_leaves=0 deleted_leaves=0 mirror_mismatches=0
CARTOON_AMR_TRANSACTION cycle=1152 requested_refine=0 requested_derefine_leaves=4 accepted_derefine_parents=0 created_leaves=0 deleted_leaves=0 mirror_mismatches=0
elapsed=6.221486e+01 cycle=1152 time=7.163145e+00 dt=6.500776e-03
CARTOON_AMR_TRANSACTION cycle=1153 requested_refine=0 requested_derefine_leaves=4 accepted_derefine_parents=0 created_leaves=0 deleted_leaves=0 mirror_mismatches=0
CARTOON_AMR_TRANSACTION cycle=1154 requested_refine=0 requested_derefine_leaves=4 accepted_derefine_parents=0 created_leaves=0 deleted_leaves=0 mirror_mismatches=0
CARTOON_AMR_TRANSACTION cycle=1155 requested_refine=0 requested_derefine_leaves=4 accepted_derefine_parents=0 created_leaves=0 deleted_leaves=0 mirror_mismatches=0
CARTOON_AMR_TRANSACTION cycle=1156 requested_refine=0 requested_derefine_leaves=4 accepted_derefine_parents=0 created_leaves=0 deleted_leaves=0 mirror_mismatches=0
elapsed=6.243724e+01 cycle=1156 time=7.189145e+00 dt=6.498930e-03
CARTOON_AMR_TRANSACTION cycle=1157 requested_refine=0 requested_derefine_leaves=4 accepted_derefine_parents=0 created_leaves=0 deleted_leaves=0 mirror_mismatches=0
CARTOON_AMR_TRANSACTION cycle=1158 requested_refine=0 requested_derefine_leaves=4 accepted_derefine_parents=0 created_leaves=0 deleted_leaves=0 mirror_mismatches=0
CARTOON_AMR_TRANSACTION cycle=1159 requested_refine=0 requested_derefine_leaves=4 accepted_derefine_parents=0 created_leaves=0 deleted_leaves=0 mirror_mismatches=0
CARTOON_AMR_TRANSACTION cycle=1160 requested_refine=0 requested_derefine_leaves=4 accepted_derefine_parents=0 created_leaves=0 deleted_leaves=0 mirror_mismatches=0
elapsed=6.265744e+01 cycle=1160 time=7.215139e+00 dt=6.497448e-03
CARTOON_AMR_TRANSACTION cycle=1161 requested_refine=0 requested_derefine_leaves=4 accepted_derefine_parents=0 created_leaves=0 deleted_leaves=0 mirror_mismatches=0
CARTOON_AMR_TRANSACTION cycle=1162 requested_refine=0 requested_derefine_leaves=4 accepted_derefine_parents=0 created_leaves=0 deleted_leaves=0 mirror_mismatches=0
CARTOON_AMR_TRANSACTION cycle=1163 requested_refine=0 requested_derefine_leaves=4 accepted_derefine_parents=0 created_leaves=0 deleted_leaves=0 mirror_mismatches=0
CARTOON_AMR_TRANSACTION cycle=1164 requested_refine=0 requested_derefine_leaves=4 accepted_derefine_parents=0 created_leaves=0 deleted_leaves=0 mirror_mismatches=0
elapsed=6.283359e+01 cycle=1164 time=7.241126e+00 dt=6.495015e-03
CARTOON_AMR_TRANSACTION cycle=1165 requested_refine=0 requested_derefine_leaves=4 accepted_derefine_parents=0 created_leaves=0 deleted_leaves=0 mirror_mismatches=0
CARTOON_AMR_TRANSACTION cycle=1166 requested_refine=0 requested_derefine_leaves=4 accepted_derefine_parents=0 created_leaves=0 deleted_leaves=0 mirror_mismatches=0
CARTOON_AMR_TRANSACTION cycle=1167 requested_refine=0 requested_derefine_leaves=4 accepted_derefine_parents=0 created_leaves=0 deleted_leaves=0 mirror_mismatches=0
CARTOON_AMR_TRANSACTION cycle=1168 requested_refine=0 requested_derefine_leaves=4 accepted_derefine_parents=0 created_leaves=0 deleted_leaves=0 mirror_mismatches=0
elapsed=6.305688e+01 cycle=1168 time=7.267101e+00 dt=6.491872e-03
CARTOON_AMR_TRANSACTION cycle=1169 requested_refine=0 requested_derefine_leaves=4 accepted_derefine_parents=0 created_leaves=0 deleted_leaves=0 mirror_mismatches=0
CARTOON_AMR_TRANSACTION cycle=1170 requested_refine=0 requested_derefine_leaves=4 accepted_derefine_parents=0 created_leaves=0 deleted_leaves=0 mirror_mismatches=0
CARTOON_AMR_TRANSACTION cycle=1171 requested_refine=0 requested_derefine_leaves=4 accepted_derefine_parents=0 created_leaves=0 deleted_leaves=0 mirror_mismatches=0
CARTOON_AMR_TRANSACTION cycle=1172 requested_refine=0 requested_derefine_leaves=4 accepted_derefine_parents=0 created_leaves=0 deleted_leaves=0 mirror_mismatches=0
elapsed=6.324976e+01 cycle=1172 time=7.293064e+00 dt=6.489081e-03
CARTOON_AMR_TRANSACTION cycle=1173 requested_refine=0 requested_derefine_leaves=4 accepted_derefine_parents=0 created_leaves=0 deleted_leaves=0 mirror_mismatches=0
CARTOON_AMR_TRANSACTION cycle=1174 requested_refine=0 requested_derefine_leaves=4 accepted_derefine_parents=0 created_leaves=0 deleted_leaves=0 mirror_mismatches=0
CARTOON_AMR_TRANSACTION cycle=1175 requested_refine=0 requested_derefine_leaves=4 accepted_derefine_parents=0 created_leaves=0 deleted_leaves=0 mirror_mismatches=0
CARTOON_AMR_TRANSACTION cycle=1176 requested_refine=0 requested_derefine_leaves=4 accepted_derefine_parents=0 created_leaves=0 deleted_leaves=0 mirror_mismatches=0
elapsed=6.343207e+01 cycle=1176 time=7.319017e+00 dt=6.486645e-03
CARTOON_AMR_TRANSACTION cycle=1177 requested_refine=0 requested_derefine_leaves=4 accepted_derefine_parents=0 created_leaves=0 deleted_leaves=0 mirror_mismatches=0
CARTOON_AMR_TRANSACTION cycle=1178 requested_refine=0 requested_derefine_leaves=4 accepted_derefine_parents=0 created_leaves=0 deleted_leaves=0 mirror_mismatches=0
CARTOON_AMR_TRANSACTION cycle=1179 requested_refine=0 requested_derefine_leaves=4 accepted_derefine_parents=0 created_leaves=0 deleted_leaves=0 mirror_mismatches=0
CARTOON_AMR_TRANSACTION cycle=1180 requested_refine=0 requested_derefine_leaves=4 accepted_derefine_parents=0 created_leaves=0 deleted_leaves=0 mirror_mismatches=0
elapsed=6.361793e+01 cycle=1180 time=7.344960e+00 dt=6.484565e-03
CARTOON_AMR_TRANSACTION cycle=1181 requested_refine=0 requested_derefine_leaves=4 accepted_derefine_parents=0 created_leaves=0 deleted_leaves=0 mirror_mismatches=0
CARTOON_AMR_TRANSACTION cycle=1182 requested_refine=0 requested_derefine_leaves=4 accepted_derefine_parents=0 created_leaves=0 deleted_leaves=0 mirror_mismatches=0
CARTOON_AMR_TRANSACTION cycle=1183 requested_refine=0 requested_derefine_leaves=4 accepted_derefine_parents=0 created_leaves=0 deleted_leaves=0 mirror_mismatches=0
CARTOON_AMR_TRANSACTION cycle=1184 requested_refine=0 requested_derefine_leaves=4 accepted_derefine_parents=0 created_leaves=0 deleted_leaves=0 mirror_mismatches=0
elapsed=6.381004e+01 cycle=1184 time=7.370896e+00 dt=6.482844e-03
CARTOON_AMR_TRANSACTION cycle=1185 requested_refine=0 requested_derefine_leaves=4 accepted_derefine_parents=0 created_leaves=0 deleted_leaves=0 mirror_mismatches=0
CARTOON_AMR_TRANSACTION cycle=1186 requested_refine=0 requested_derefine_leaves=4 accepted_derefine_parents=0 created_leaves=0 deleted_leaves=0 mirror_mismatches=0
CARTOON_AMR_TRANSACTION cycle=1187 requested_refine=0 requested_derefine_leaves=4 accepted_derefine_parents=0 created_leaves=0 deleted_leaves=0 mirror_mismatches=0
CARTOON_AMR_TRANSACTION cycle=1188 requested_refine=0 requested_derefine_leaves=4 accepted_derefine_parents=0 created_leaves=0 deleted_leaves=0 mirror_mismatches=0
elapsed=6.402427e+01 cycle=1188 time=7.396825e+00 dt=6.481103e-03
CARTOON_AMR_TRANSACTION cycle=1189 requested_refine=0 requested_derefine_leaves=4 accepted_derefine_parents=0 created_leaves=0 deleted_leaves=0 mirror_mismatches=0
CARTOON_AMR_TRANSACTION cycle=1190 requested_refine=0 requested_derefine_leaves=4 accepted_derefine_parents=0 created_leaves=0 deleted_leaves=0 mirror_mismatches=0
CARTOON_AMR_TRANSACTION cycle=1191 requested_refine=0 requested_derefine_leaves=4 accepted_derefine_parents=0 created_leaves=0 deleted_leaves=0 mirror_mismatches=0
CARTOON_AMR_TRANSACTION cycle=1192 requested_refine=0 requested_derefine_leaves=4 accepted_derefine_parents=0 created_leaves=0 deleted_leaves=0 mirror_mismatches=0
elapsed=6.424469e+01 cycle=1192 time=7.422744e+00 dt=6.477740e-03
CARTOON_AMR_TRANSACTION cycle=1193 requested_refine=0 requested_derefine_leaves=4 accepted_derefine_parents=0 created_leaves=0 deleted_leaves=0 mirror_mismatches=0
CARTOON_AMR_TRANSACTION cycle=1194 requested_refine=0 requested_derefine_leaves=4 accepted_derefine_parents=0 created_leaves=0 deleted_leaves=0 mirror_mismatches=0
CARTOON_AMR_TRANSACTION cycle=1195 requested_refine=0 requested_derefine_leaves=4 accepted_derefine_parents=0 created_leaves=0 deleted_leaves=0 mirror_mismatches=0
CARTOON_AMR_TRANSACTION cycle=1196 requested_refine=0 requested_derefine_leaves=4 accepted_derefine_parents=0 created_leaves=0 deleted_leaves=0 mirror_mismatches=0
elapsed=6.443399e+01 cycle=1196 time=7.448650e+00 dt=6.474723e-03
CARTOON_AMR_TRANSACTION cycle=1197 requested_refine=0 requested_derefine_leaves=4 accepted_derefine_parents=0 created_leaves=0 deleted_leaves=0 mirror_mismatches=0
CARTOON_AMR_TRANSACTION cycle=1198 requested_refine=0 requested_derefine_leaves=4 accepted_derefine_parents=0 created_leaves=0 deleted_leaves=0 mirror_mismatches=0
CARTOON_AMR_TRANSACTION cycle=1199 requested_refine=0 requested_derefine_leaves=4 accepted_derefine_parents=0 created_leaves=0 deleted_leaves=0 mirror_mismatches=0
CARTOON_AMR_TRANSACTION cycle=1200 requested_refine=0 requested_derefine_leaves=4 accepted_derefine_parents=0 created_leaves=0 deleted_leaves=0 mirror_mismatches=0
elapsed=6.462686e+01 cycle=1200 time=7.474545e+00 dt=6.472053e-03
CARTOON_AMR_TRANSACTION cycle=1201 requested_refine=0 requested_derefine_leaves=4 accepted_derefine_parents=0 created_leaves=0 deleted_leaves=0 mirror_mismatches=0
CARTOON_AMR_TRANSACTION cycle=1202 requested_refine=0 requested_derefine_leaves=4 accepted_derefine_parents=0 created_leaves=0 deleted_leaves=0 mirror_mismatches=0
CARTOON_AMR_TRANSACTION cycle=1203 requested_refine=0 requested_derefine_leaves=4 accepted_derefine_parents=0 created_leaves=0 deleted_leaves=0 mirror_mismatches=0
CARTOON_AMR_TRANSACTION cycle=1204 requested_refine=0 requested_derefine_leaves=4 accepted_derefine_parents=0 created_leaves=0 deleted_leaves=0 mirror_mismatches=0
elapsed=6.479688e+01 cycle=1204 time=7.500430e+00 dt=6.469734e-03
CARTOON_AMR_TRANSACTION cycle=1205 requested_refine=0 requested_derefine_leaves=4 accepted_derefine_parents=0 created_leaves=0 deleted_leaves=0 mirror_mismatches=0
CARTOON_AMR_TRANSACTION cycle=1206 requested_refine=0 requested_derefine_leaves=4 accepted_derefine_parents=0 created_leaves=0 deleted_leaves=0 mirror_mismatches=0
CARTOON_AMR_TRANSACTION cycle=1207 requested_refine=0 requested_derefine_leaves=4 accepted_derefine_parents=0 created_leaves=0 deleted_leaves=0 mirror_mismatches=0
CARTOON_AMR_TRANSACTION cycle=1208 requested_refine=0 requested_derefine_leaves=4 accepted_derefine_parents=0 created_leaves=0 deleted_leaves=0 mirror_mismatches=0
elapsed=6.495962e+01 cycle=1208 time=7.526306e+00 dt=6.467767e-03
CARTOON_AMR_TRANSACTION cycle=1209 requested_refine=0 requested_derefine_leaves=4 accepted_derefine_parents=0 created_leaves=0 deleted_leaves=0 mirror_mismatches=0
CARTOON_AMR_TRANSACTION cycle=1210 requested_refine=0 requested_derefine_leaves=4 accepted_derefine_parents=0 created_leaves=0 deleted_leaves=0 mirror_mismatches=0
CARTOON_AMR_TRANSACTION cycle=1211 requested_refine=0 requested_derefine_leaves=4 accepted_derefine_parents=0 created_leaves=0 deleted_leaves=0 mirror_mismatches=0
CARTOON_AMR_TRANSACTION cycle=1212 requested_refine=0 requested_derefine_leaves=4 accepted_derefine_parents=0 created_leaves=0 deleted_leaves=0 mirror_mismatches=0
elapsed=6.513593e+01 cycle=1212 time=7.552174e+00 dt=6.466155e-03
CARTOON_AMR_TRANSACTION cycle=1213 requested_refine=0 requested_derefine_leaves=4 accepted_derefine_parents=0 created_leaves=0 deleted_leaves=0 mirror_mismatches=0
CARTOON_AMR_TRANSACTION cycle=1214 requested_refine=0 requested_derefine_leaves=4 accepted_derefine_parents=0 created_leaves=0 deleted_leaves=0 mirror_mismatches=0
CARTOON_AMR_TRANSACTION cycle=1215 requested_refine=0 requested_derefine_leaves=4 accepted_derefine_parents=0 created_leaves=0 deleted_leaves=0 mirror_mismatches=0
CARTOON_AMR_TRANSACTION cycle=1216 requested_refine=0 requested_derefine_leaves=4 accepted_derefine_parents=0 created_leaves=0 deleted_leaves=0 mirror_mismatches=0
elapsed=6.532576e+01 cycle=1216 time=7.578035e+00 dt=6.463088e-03
CARTOON_AMR_TRANSACTION cycle=1217 requested_refine=0 requested_derefine_leaves=4 accepted_derefine_parents=0 created_leaves=0 deleted_leaves=0 mirror_mismatches=0
CARTOON_AMR_TRANSACTION cycle=1218 requested_refine=0 requested_derefine_leaves=4 accepted_derefine_parents=0 created_leaves=0 deleted_leaves=0 mirror_mismatches=0
CARTOON_AMR_TRANSACTION cycle=1219 requested_refine=0 requested_derefine_leaves=4 accepted_derefine_parents=0 created_leaves=0 deleted_leaves=0 mirror_mismatches=0
CARTOON_AMR_TRANSACTION cycle=1220 requested_refine=0 requested_derefine_leaves=4 accepted_derefine_parents=0 created_leaves=0 deleted_leaves=0 mirror_mismatches=0
elapsed=6.554472e+01 cycle=1220 time=7.603882e+00 dt=6.459838e-03
CARTOON_AMR_TRANSACTION cycle=1221 requested_refine=0 requested_derefine_leaves=4 accepted_derefine_parents=0 created_leaves=0 deleted_leaves=0 mirror_mismatches=0
CARTOON_AMR_TRANSACTION cycle=1222 requested_refine=0 requested_derefine_leaves=4 accepted_derefine_parents=0 created_leaves=0 deleted_leaves=0 mirror_mismatches=0
CARTOON_AMR_TRANSACTION cycle=1223 requested_refine=0 requested_derefine_leaves=4 accepted_derefine_parents=0 created_leaves=0 deleted_leaves=0 mirror_mismatches=0
CARTOON_AMR_TRANSACTION cycle=1224 requested_refine=0 requested_derefine_leaves=4 accepted_derefine_parents=0 created_leaves=0 deleted_leaves=0 mirror_mismatches=0
elapsed=6.577692e+01 cycle=1224 time=7.629717e+00 dt=6.456929e-03
CARTOON_AMR_TRANSACTION cycle=1225 requested_refine=0 requested_derefine_leaves=4 accepted_derefine_parents=0 created_leaves=0 deleted_leaves=0 mirror_mismatches=0
CARTOON_AMR_TRANSACTION cycle=1226 requested_refine=0 requested_derefine_leaves=4 accepted_derefine_parents=0 created_leaves=0 deleted_leaves=0 mirror_mismatches=0
CARTOON_AMR_TRANSACTION cycle=1227 requested_refine=0 requested_derefine_leaves=4 accepted_derefine_parents=0 created_leaves=0 deleted_leaves=0 mirror_mismatches=0
CARTOON_AMR_TRANSACTION cycle=1228 requested_refine=0 requested_derefine_leaves=4 accepted_derefine_parents=0 created_leaves=0 deleted_leaves=0 mirror_mismatches=0
elapsed=6.594063e+01 cycle=1228 time=7.655541e+00 dt=6.454364e-03
CARTOON_AMR_TRANSACTION cycle=1229 requested_refine=0 requested_derefine_leaves=4 accepted_derefine_parents=0 created_leaves=0 deleted_leaves=0 mirror_mismatches=0
CARTOON_AMR_TRANSACTION cycle=1230 requested_refine=0 requested_derefine_leaves=4 accepted_derefine_parents=0 created_leaves=0 deleted_leaves=0 mirror_mismatches=0
CARTOON_AMR_TRANSACTION cycle=1231 requested_refine=0 requested_derefine_leaves=4 accepted_derefine_parents=0 created_leaves=0 deleted_leaves=0 mirror_mismatches=0
CARTOON_AMR_TRANSACTION cycle=1232 requested_refine=0 requested_derefine_leaves=4 accepted_derefine_parents=0 created_leaves=0 deleted_leaves=0 mirror_mismatches=0
elapsed=6.614032e+01 cycle=1232 time=7.681355e+00 dt=6.452122e-03
CARTOON_AMR_TRANSACTION cycle=1233 requested_refine=0 requested_derefine_leaves=4 accepted_derefine_parents=0 created_leaves=0 deleted_leaves=0 mirror_mismatches=0
CARTOON_AMR_TRANSACTION cycle=1234 requested_refine=0 requested_derefine_leaves=4 accepted_derefine_parents=0 created_leaves=0 deleted_leaves=0 mirror_mismatches=0
CARTOON_AMR_TRANSACTION cycle=1235 requested_refine=0 requested_derefine_leaves=4 accepted_derefine_parents=0 created_leaves=0 deleted_leaves=0 mirror_mismatches=0
CARTOON_AMR_TRANSACTION cycle=1236 requested_refine=0 requested_derefine_leaves=4 accepted_derefine_parents=0 created_leaves=0 deleted_leaves=0 mirror_mismatches=0
elapsed=6.631218e+01 cycle=1236 time=7.707160e+00 dt=6.450205e-03
CARTOON_AMR_TRANSACTION cycle=1237 requested_refine=0 requested_derefine_leaves=4 accepted_derefine_parents=0 created_leaves=0 deleted_leaves=0 mirror_mismatches=0
CARTOON_AMR_TRANSACTION cycle=1238 requested_refine=0 requested_derefine_leaves=4 accepted_derefine_parents=0 created_leaves=0 deleted_leaves=0 mirror_mismatches=0
CARTOON_AMR_TRANSACTION cycle=1239 requested_refine=0 requested_derefine_leaves=4 accepted_derefine_parents=0 created_leaves=0 deleted_leaves=0 mirror_mismatches=0
CARTOON_AMR_TRANSACTION cycle=1240 requested_refine=0 requested_derefine_leaves=4 accepted_derefine_parents=0 created_leaves=0 deleted_leaves=0 mirror_mismatches=0
elapsed=6.648089e+01 cycle=1240 time=7.732959e+00 dt=6.447844e-03
CARTOON_AMR_TRANSACTION cycle=1241 requested_refine=0 requested_derefine_leaves=4 accepted_derefine_parents=0 created_leaves=0 deleted_leaves=0 mirror_mismatches=0
CARTOON_AMR_TRANSACTION cycle=1242 requested_refine=0 requested_derefine_leaves=4 accepted_derefine_parents=0 created_leaves=0 deleted_leaves=0 mirror_mismatches=0
CARTOON_AMR_TRANSACTION cycle=1243 requested_refine=0 requested_derefine_leaves=4 accepted_derefine_parents=0 created_leaves=0 deleted_leaves=0 mirror_mismatches=0
CARTOON_AMR_TRANSACTION cycle=1244 requested_refine=0 requested_derefine_leaves=4 accepted_derefine_parents=0 created_leaves=0 deleted_leaves=0 mirror_mismatches=0
elapsed=6.665997e+01 cycle=1244 time=7.758745e+00 dt=6.444354e-03
CARTOON_AMR_TRANSACTION cycle=1245 requested_refine=0 requested_derefine_leaves=4 accepted_derefine_parents=0 created_leaves=0 deleted_leaves=0 mirror_mismatches=0
CARTOON_AMR_TRANSACTION cycle=1246 requested_refine=0 requested_derefine_leaves=4 accepted_derefine_parents=0 created_leaves=0 deleted_leaves=0 mirror_mismatches=0
CARTOON_AMR_TRANSACTION cycle=1247 requested_refine=0 requested_derefine_leaves=4 accepted_derefine_parents=0 created_leaves=0 deleted_leaves=0 mirror_mismatches=0
CARTOON_AMR_TRANSACTION cycle=1248 requested_refine=0 requested_derefine_leaves=4 accepted_derefine_parents=0 created_leaves=0 deleted_leaves=0 mirror_mismatches=0
elapsed=6.686775e+01 cycle=1248 time=7.784517e+00 dt=6.441169e-03
CARTOON_AMR_TRANSACTION cycle=1249 requested_refine=0 requested_derefine_leaves=4 accepted_derefine_parents=0 created_leaves=0 deleted_leaves=0 mirror_mismatches=0
CARTOON_AMR_TRANSACTION cycle=1250 requested_refine=0 requested_derefine_leaves=4 accepted_derefine_parents=0 created_leaves=0 deleted_leaves=0 mirror_mismatches=0
CARTOON_AMR_TRANSACTION cycle=1251 requested_refine=0 requested_derefine_leaves=4 accepted_derefine_parents=0 created_leaves=0 deleted_leaves=0 mirror_mismatches=0
CARTOON_AMR_TRANSACTION cycle=1252 requested_refine=0 requested_derefine_leaves=4 accepted_derefine_parents=0 created_leaves=0 deleted_leaves=0 mirror_mismatches=0
elapsed=6.708024e+01 cycle=1252 time=7.810277e+00 dt=6.438308e-03
CARTOON_AMR_TRANSACTION cycle=1253 requested_refine=0 requested_derefine_leaves=4 accepted_derefine_parents=0 created_leaves=0 deleted_leaves=0 mirror_mismatches=0
CARTOON_AMR_TRANSACTION cycle=1254 requested_refine=0 requested_derefine_leaves=4 accepted_derefine_parents=0 created_leaves=0 deleted_leaves=0 mirror_mismatches=0
CARTOON_AMR_TRANSACTION cycle=1255 requested_refine=0 requested_derefine_leaves=4 accepted_derefine_parents=0 created_leaves=0 deleted_leaves=0 mirror_mismatches=0
CARTOON_AMR_TRANSACTION cycle=1256 requested_refine=0 requested_derefine_leaves=6 accepted_derefine_parents=0 created_leaves=0 deleted_leaves=0 mirror_mismatches=0
elapsed=6.728242e+01 cycle=1256 time=7.836027e+00 dt=6.435785e-03
CARTOON_AMR_TRANSACTION cycle=1257 requested_refine=0 requested_derefine_leaves=6 accepted_derefine_parents=0 created_leaves=0 deleted_leaves=0 mirror_mismatches=0
CARTOON_AMR_TRANSACTION cycle=1258 requested_refine=0 requested_derefine_leaves=6 accepted_derefine_parents=0 created_leaves=0 deleted_leaves=0 mirror_mismatches=0
CARTOON_AMR_TRANSACTION cycle=1259 requested_refine=0 requested_derefine_leaves=6 accepted_derefine_parents=0 created_leaves=0 deleted_leaves=0 mirror_mismatches=0
CARTOON_AMR_TRANSACTION cycle=1260 requested_refine=0 requested_derefine_leaves=6 accepted_derefine_parents=0 created_leaves=0 deleted_leaves=0 mirror_mismatches=0
elapsed=6.749392e+01 cycle=1260 time=7.861767e+00 dt=6.433602e-03
CARTOON_AMR_TRANSACTION cycle=1261 requested_refine=0 requested_derefine_leaves=6 accepted_derefine_parents=0 created_leaves=0 deleted_leaves=0 mirror_mismatches=0
CARTOON_AMR_TRANSACTION cycle=1262 requested_refine=0 requested_derefine_leaves=6 accepted_derefine_parents=0 created_leaves=0 deleted_leaves=0 mirror_mismatches=0
CARTOON_AMR_TRANSACTION cycle=1263 requested_refine=0 requested_derefine_leaves=6 accepted_derefine_parents=0 created_leaves=0 deleted_leaves=0 mirror_mismatches=0
CARTOON_AMR_TRANSACTION cycle=1264 requested_refine=0 requested_derefine_leaves=6 accepted_derefine_parents=0 created_leaves=0 deleted_leaves=0 mirror_mismatches=0
elapsed=6.767731e+01 cycle=1264 time=7.887498e+00 dt=6.431763e-03
CARTOON_AMR_TRANSACTION cycle=1265 requested_refine=0 requested_derefine_leaves=6 accepted_derefine_parents=0 created_leaves=0 deleted_leaves=0 mirror_mismatches=0
CARTOON_AMR_TRANSACTION cycle=1266 requested_refine=0 requested_derefine_leaves=6 accepted_derefine_parents=0 created_leaves=0 deleted_leaves=0 mirror_mismatches=0
CARTOON_AMR_TRANSACTION cycle=1267 requested_refine=0 requested_derefine_leaves=6 accepted_derefine_parents=0 created_leaves=0 deleted_leaves=0 mirror_mismatches=0
CARTOON_AMR_TRANSACTION cycle=1268 requested_refine=0 requested_derefine_leaves=6 accepted_derefine_parents=0 created_leaves=0 deleted_leaves=0 mirror_mismatches=0
elapsed=6.786213e+01 cycle=1268 time=7.913220e+00 dt=6.428111e-03
CARTOON_AMR_TRANSACTION cycle=1269 requested_refine=0 requested_derefine_leaves=6 accepted_derefine_parents=0 created_leaves=0 deleted_leaves=0 mirror_mismatches=0
CARTOON_AMR_TRANSACTION cycle=1270 requested_refine=0 requested_derefine_leaves=6 accepted_derefine_parents=0 created_leaves=0 deleted_leaves=0 mirror_mismatches=0
CARTOON_AMR_TRANSACTION cycle=1271 requested_refine=0 requested_derefine_leaves=6 accepted_derefine_parents=0 created_leaves=0 deleted_leaves=0 mirror_mismatches=0
CARTOON_AMR_TRANSACTION cycle=1272 requested_refine=0 requested_derefine_leaves=6 accepted_derefine_parents=0 created_leaves=0 deleted_leaves=0 mirror_mismatches=0
elapsed=6.805039e+01 cycle=1272 time=7.938927e+00 dt=6.424659e-03
CARTOON_AMR_TRANSACTION cycle=1273 requested_refine=0 requested_derefine_leaves=6 accepted_derefine_parents=0 created_leaves=0 deleted_leaves=0 mirror_mismatches=0
CARTOON_AMR_TRANSACTION cycle=1274 requested_refine=0 requested_derefine_leaves=6 accepted_derefine_parents=0 created_leaves=0 deleted_leaves=0 mirror_mismatches=0
CARTOON_AMR_TRANSACTION cycle=1275 requested_refine=0 requested_derefine_leaves=6 accepted_derefine_parents=0 created_leaves=0 deleted_leaves=0 mirror_mismatches=0
CARTOON_AMR_TRANSACTION cycle=1276 requested_refine=0 requested_derefine_leaves=6 accepted_derefine_parents=0 created_leaves=0 deleted_leaves=0 mirror_mismatches=0
elapsed=6.824624e+01 cycle=1276 time=7.964621e+00 dt=6.421538e-03
CARTOON_AMR_TRANSACTION cycle=1277 requested_refine=0 requested_derefine_leaves=6 accepted_derefine_parents=0 created_leaves=0 deleted_leaves=0 mirror_mismatches=0
CARTOON_AMR_TRANSACTION cycle=1278 requested_refine=0 requested_derefine_leaves=6 accepted_derefine_parents=0 created_leaves=0 deleted_leaves=0 mirror_mismatches=0
CARTOON_AMR_TRANSACTION cycle=1279 requested_refine=0 requested_derefine_leaves=6 accepted_derefine_parents=0 created_leaves=0 deleted_leaves=0 mirror_mismatches=0
CARTOON_AMR_TRANSACTION cycle=1280 requested_refine=0 requested_derefine_leaves=6 accepted_derefine_parents=0 created_leaves=0 deleted_leaves=0 mirror_mismatches=0
elapsed=6.888921e+01 cycle=1280 time=7.990303e+00 dt=6.418748e-03
CARTOON_AMR_TRANSACTION cycle=1281 requested_refine=0 requested_derefine_leaves=6 accepted_derefine_parents=0 created_leaves=0 deleted_leaves=0 mirror_mismatches=0
CARTOON_AMR_TRANSACTION cycle=1282 requested_refine=0 requested_derefine_leaves=6 accepted_derefine_parents=0 created_leaves=0 deleted_leaves=0 mirror_mismatches=0
CARTOON_AMR_TRANSACTION cycle=1283 requested_refine=0 requested_derefine_leaves=6 accepted_derefine_parents=0 created_leaves=0 deleted_leaves=0 mirror_mismatches=0
CARTOON_AMR_TRANSACTION cycle=1284 requested_refine=0 requested_derefine_leaves=6 accepted_derefine_parents=0 created_leaves=0 deleted_leaves=0 mirror_mismatches=0
elapsed=6.907042e+01 cycle=1284 time=8.015974e+00 dt=6.416294e-03
CARTOON_AMR_TRANSACTION cycle=1285 requested_refine=0 requested_derefine_leaves=6 accepted_derefine_parents=0 created_leaves=0 deleted_leaves=0 mirror_mismatches=0
CARTOON_AMR_TRANSACTION cycle=1286 requested_refine=0 requested_derefine_leaves=6 accepted_derefine_parents=0 created_leaves=0 deleted_leaves=0 mirror_mismatches=0
CARTOON_AMR_TRANSACTION cycle=1287 requested_refine=0 requested_derefine_leaves=6 accepted_derefine_parents=0 created_leaves=0 deleted_leaves=0 mirror_mismatches=0
CARTOON_AMR_TRANSACTION cycle=1288 requested_refine=0 requested_derefine_leaves=6 accepted_derefine_parents=0 created_leaves=0 deleted_leaves=0 mirror_mismatches=0
elapsed=6.928030e+01 cycle=1288 time=8.041636e+00 dt=6.414175e-03
CARTOON_AMR_TRANSACTION cycle=1289 requested_refine=0 requested_derefine_leaves=6 accepted_derefine_parents=0 created_leaves=0 deleted_leaves=0 mirror_mismatches=0
CARTOON_AMR_TRANSACTION cycle=1290 requested_refine=0 requested_derefine_leaves=6 accepted_derefine_parents=0 created_leaves=0 deleted_leaves=0 mirror_mismatches=0
CARTOON_AMR_TRANSACTION cycle=1291 requested_refine=0 requested_derefine_leaves=6 accepted_derefine_parents=0 created_leaves=0 deleted_leaves=0 mirror_mismatches=0
CARTOON_AMR_TRANSACTION cycle=1292 requested_refine=0 requested_derefine_leaves=6 accepted_derefine_parents=0 created_leaves=0 deleted_leaves=0 mirror_mismatches=0
elapsed=6.949894e+01 cycle=1292 time=8.067289e+00 dt=6.411102e-03
CARTOON_AMR_TRANSACTION cycle=1293 requested_refine=0 requested_derefine_leaves=6 accepted_derefine_parents=0 created_leaves=0 deleted_leaves=0 mirror_mismatches=0
CARTOON_AMR_TRANSACTION cycle=1294 requested_refine=0 requested_derefine_leaves=6 accepted_derefine_parents=0 created_leaves=0 deleted_leaves=0 mirror_mismatches=0
CARTOON_AMR_TRANSACTION cycle=1295 requested_refine=0 requested_derefine_leaves=6 accepted_derefine_parents=0 created_leaves=0 deleted_leaves=0 mirror_mismatches=0
CARTOON_AMR_TRANSACTION cycle=1296 requested_refine=0 requested_derefine_leaves=6 accepted_derefine_parents=0 created_leaves=0 deleted_leaves=0 mirror_mismatches=0
elapsed=6.970183e+01 cycle=1296 time=8.092927e+00 dt=6.407387e-03
CARTOON_AMR_TRANSACTION cycle=1297 requested_refine=0 requested_derefine_leaves=6 accepted_derefine_parents=0 created_leaves=0 deleted_leaves=0 mirror_mismatches=0
CARTOON_AMR_TRANSACTION cycle=1298 requested_refine=0 requested_derefine_leaves=6 accepted_derefine_parents=0 created_leaves=0 deleted_leaves=0 mirror_mismatches=0
CARTOON_AMR_TRANSACTION cycle=1299 requested_refine=0 requested_derefine_leaves=6 accepted_derefine_parents=0 created_leaves=0 deleted_leaves=0 mirror_mismatches=0
CARTOON_AMR_TRANSACTION cycle=1300 requested_refine=0 requested_derefine_leaves=6 accepted_derefine_parents=0 created_leaves=0 deleted_leaves=0 mirror_mismatches=0
elapsed=6.990570e+01 cycle=1300 time=8.118552e+00 dt=6.403997e-03
CARTOON_AMR_TRANSACTION cycle=1301 requested_refine=0 requested_derefine_leaves=6 accepted_derefine_parents=0 created_leaves=0 deleted_leaves=0 mirror_mismatches=0
CARTOON_AMR_TRANSACTION cycle=1302 requested_refine=0 requested_derefine_leaves=6 accepted_derefine_parents=0 created_leaves=0 deleted_leaves=0 mirror_mismatches=0
CARTOON_AMR_TRANSACTION cycle=1303 requested_refine=0 requested_derefine_leaves=6 accepted_derefine_parents=0 created_leaves=0 deleted_leaves=0 mirror_mismatches=0
CARTOON_AMR_TRANSACTION cycle=1304 requested_refine=0 requested_derefine_leaves=6 accepted_derefine_parents=0 created_leaves=0 deleted_leaves=0 mirror_mismatches=0
elapsed=7.012281e+01 cycle=1304 time=8.144163e+00 dt=6.400933e-03
CARTOON_AMR_TRANSACTION cycle=1305 requested_refine=0 requested_derefine_leaves=6 accepted_derefine_parents=0 created_leaves=0 deleted_leaves=0 mirror_mismatches=0
CARTOON_AMR_TRANSACTION cycle=1306 requested_refine=0 requested_derefine_leaves=6 accepted_derefine_parents=0 created_leaves=0 deleted_leaves=0 mirror_mismatches=0
CARTOON_AMR_TRANSACTION cycle=1307 requested_refine=0 requested_derefine_leaves=6 accepted_derefine_parents=0 created_leaves=0 deleted_leaves=0 mirror_mismatches=0
CARTOON_AMR_TRANSACTION cycle=1308 requested_refine=0 requested_derefine_leaves=6 accepted_derefine_parents=0 created_leaves=0 deleted_leaves=0 mirror_mismatches=0
elapsed=7.037525e+01 cycle=1308 time=8.169763e+00 dt=6.398196e-03
CARTOON_AMR_TRANSACTION cycle=1309 requested_refine=0 requested_derefine_leaves=6 accepted_derefine_parents=0 created_leaves=0 deleted_leaves=0 mirror_mismatches=0
CARTOON_AMR_TRANSACTION cycle=1310 requested_refine=0 requested_derefine_leaves=6 accepted_derefine_parents=0 created_leaves=0 deleted_leaves=0 mirror_mismatches=0
CARTOON_AMR_TRANSACTION cycle=1311 requested_refine=0 requested_derefine_leaves=6 accepted_derefine_parents=0 created_leaves=0 deleted_leaves=0 mirror_mismatches=0
CARTOON_AMR_TRANSACTION cycle=1312 requested_refine=0 requested_derefine_leaves=6 accepted_derefine_parents=0 created_leaves=0 deleted_leaves=0 mirror_mismatches=0
elapsed=7.062125e+01 cycle=1312 time=8.195352e+00 dt=6.395790e-03
CARTOON_AMR_TRANSACTION cycle=1313 requested_refine=0 requested_derefine_leaves=6 accepted_derefine_parents=0 created_leaves=0 deleted_leaves=0 mirror_mismatches=0
CARTOON_AMR_TRANSACTION cycle=1314 requested_refine=0 requested_derefine_leaves=6 accepted_derefine_parents=0 created_leaves=0 deleted_leaves=0 mirror_mismatches=0
CARTOON_AMR_TRANSACTION cycle=1315 requested_refine=0 requested_derefine_leaves=6 accepted_derefine_parents=0 created_leaves=0 deleted_leaves=0 mirror_mismatches=0
CARTOON_AMR_TRANSACTION cycle=1316 requested_refine=0 requested_derefine_leaves=6 accepted_derefine_parents=0 created_leaves=0 deleted_leaves=0 mirror_mismatches=0
elapsed=7.083292e+01 cycle=1316 time=8.220932e+00 dt=6.393256e-03
CARTOON_AMR_TRANSACTION cycle=1317 requested_refine=0 requested_derefine_leaves=6 accepted_derefine_parents=0 created_leaves=0 deleted_leaves=0 mirror_mismatches=0
CARTOON_AMR_TRANSACTION cycle=1318 requested_refine=0 requested_derefine_leaves=6 accepted_derefine_parents=0 created_leaves=0 deleted_leaves=0 mirror_mismatches=0
CARTOON_AMR_TRANSACTION cycle=1319 requested_refine=0 requested_derefine_leaves=6 accepted_derefine_parents=0 created_leaves=0 deleted_leaves=0 mirror_mismatches=0
CARTOON_AMR_TRANSACTION cycle=1320 requested_refine=0 requested_derefine_leaves=6 accepted_derefine_parents=0 created_leaves=0 deleted_leaves=0 mirror_mismatches=0
elapsed=7.099254e+01 cycle=1320 time=8.246499e+00 dt=6.389270e-03
CARTOON_AMR_TRANSACTION cycle=1321 requested_refine=0 requested_derefine_leaves=6 accepted_derefine_parents=0 created_leaves=0 deleted_leaves=0 mirror_mismatches=0
CARTOON_AMR_TRANSACTION cycle=1322 requested_refine=0 requested_derefine_leaves=6 accepted_derefine_parents=0 created_leaves=0 deleted_leaves=0 mirror_mismatches=0
CARTOON_AMR_TRANSACTION cycle=1323 requested_refine=0 requested_derefine_leaves=6 accepted_derefine_parents=0 created_leaves=0 deleted_leaves=0 mirror_mismatches=0
CARTOON_AMR_TRANSACTION cycle=1324 requested_refine=0 requested_derefine_leaves=6 accepted_derefine_parents=0 created_leaves=0 deleted_leaves=0 mirror_mismatches=0
elapsed=7.118005e+01 cycle=1324 time=8.272050e+00 dt=6.385602e-03
CARTOON_AMR_TRANSACTION cycle=1325 requested_refine=0 requested_derefine_leaves=6 accepted_derefine_parents=0 created_leaves=0 deleted_leaves=0 mirror_mismatches=0
CARTOON_AMR_TRANSACTION cycle=1326 requested_refine=0 requested_derefine_leaves=6 accepted_derefine_parents=0 created_leaves=0 deleted_leaves=0 mirror_mismatches=0
CARTOON_AMR_TRANSACTION cycle=1327 requested_refine=0 requested_derefine_leaves=6 accepted_derefine_parents=0 created_leaves=0 deleted_leaves=0 mirror_mismatches=0
CARTOON_AMR_TRANSACTION cycle=1328 requested_refine=0 requested_derefine_leaves=6 accepted_derefine_parents=0 created_leaves=0 deleted_leaves=0 mirror_mismatches=0
elapsed=7.139523e+01 cycle=1328 time=8.297587e+00 dt=6.382253e-03
CARTOON_AMR_TRANSACTION cycle=1329 requested_refine=0 requested_derefine_leaves=6 accepted_derefine_parents=0 created_leaves=0 deleted_leaves=0 mirror_mismatches=0
CARTOON_AMR_TRANSACTION cycle=1330 requested_refine=0 requested_derefine_leaves=6 accepted_derefine_parents=0 created_leaves=0 deleted_leaves=0 mirror_mismatches=0
CARTOON_AMR_TRANSACTION cycle=1331 requested_refine=0 requested_derefine_leaves=6 accepted_derefine_parents=0 created_leaves=0 deleted_leaves=0 mirror_mismatches=0
CARTOON_AMR_TRANSACTION cycle=1332 requested_refine=0 requested_derefine_leaves=6 accepted_derefine_parents=0 created_leaves=0 deleted_leaves=0 mirror_mismatches=0
elapsed=7.161831e+01 cycle=1332 time=8.323112e+00 dt=6.379226e-03
CARTOON_AMR_TRANSACTION cycle=1333 requested_refine=0 requested_derefine_leaves=6 accepted_derefine_parents=0 created_leaves=0 deleted_leaves=0 mirror_mismatches=0
CARTOON_AMR_TRANSACTION cycle=1334 requested_refine=0 requested_derefine_leaves=6 accepted_derefine_parents=0 created_leaves=0 deleted_leaves=0 mirror_mismatches=0
CARTOON_AMR_TRANSACTION cycle=1335 requested_refine=0 requested_derefine_leaves=6 accepted_derefine_parents=0 created_leaves=0 deleted_leaves=0 mirror_mismatches=0
CARTOON_AMR_TRANSACTION cycle=1336 requested_refine=0 requested_derefine_leaves=6 accepted_derefine_parents=0 created_leaves=0 deleted_leaves=0 mirror_mismatches=0
elapsed=7.178054e+01 cycle=1336 time=8.348624e+00 dt=6.376523e-03
CARTOON_AMR_TRANSACTION cycle=1337 requested_refine=0 requested_derefine_leaves=6 accepted_derefine_parents=0 created_leaves=0 deleted_leaves=0 mirror_mismatches=0
CARTOON_AMR_TRANSACTION cycle=1338 requested_refine=0 requested_derefine_leaves=6 accepted_derefine_parents=0 created_leaves=0 deleted_leaves=0 mirror_mismatches=0
CARTOON_AMR_TRANSACTION cycle=1339 requested_refine=0 requested_derefine_leaves=6 accepted_derefine_parents=0 created_leaves=0 deleted_leaves=0 mirror_mismatches=0
CARTOON_AMR_TRANSACTION cycle=1340 requested_refine=0 requested_derefine_leaves=6 accepted_derefine_parents=0 created_leaves=0 deleted_leaves=0 mirror_mismatches=0
elapsed=7.197760e+01 cycle=1340 time=8.374127e+00 dt=6.374146e-03
CARTOON_AMR_TRANSACTION cycle=1341 requested_refine=0 requested_derefine_leaves=6 accepted_derefine_parents=0 created_leaves=0 deleted_leaves=0 mirror_mismatches=0
CARTOON_AMR_TRANSACTION cycle=1342 requested_refine=0 requested_derefine_leaves=6 accepted_derefine_parents=0 created_leaves=0 deleted_leaves=0 mirror_mismatches=0
CARTOON_AMR_TRANSACTION cycle=1343 requested_refine=0 requested_derefine_leaves=6 accepted_derefine_parents=0 created_leaves=0 deleted_leaves=0 mirror_mismatches=0
CARTOON_AMR_TRANSACTION cycle=1344 requested_refine=0 requested_derefine_leaves=6 accepted_derefine_parents=0 created_leaves=0 deleted_leaves=0 mirror_mismatches=0
elapsed=7.216933e+01 cycle=1344 time=8.399618e+00 dt=6.370228e-03
CARTOON_AMR_TRANSACTION cycle=1345 requested_refine=0 requested_derefine_leaves=6 accepted_derefine_parents=0 created_leaves=0 deleted_leaves=0 mirror_mismatches=0
CARTOON_AMR_TRANSACTION cycle=1346 requested_refine=0 requested_derefine_leaves=6 accepted_derefine_parents=0 created_leaves=0 deleted_leaves=0 mirror_mismatches=0
CARTOON_AMR_TRANSACTION cycle=1347 requested_refine=0 requested_derefine_leaves=6 accepted_derefine_parents=0 created_leaves=0 deleted_leaves=0 mirror_mismatches=0
CARTOON_AMR_TRANSACTION cycle=1348 requested_refine=0 requested_derefine_leaves=6 accepted_derefine_parents=0 created_leaves=0 deleted_leaves=0 mirror_mismatches=0
elapsed=7.237146e+01 cycle=1348 time=8.425093e+00 dt=6.366273e-03
CARTOON_AMR_TRANSACTION cycle=1349 requested_refine=0 requested_derefine_leaves=6 accepted_derefine_parents=0 created_leaves=0 deleted_leaves=0 mirror_mismatches=0
CARTOON_AMR_TRANSACTION cycle=1350 requested_refine=0 requested_derefine_leaves=6 accepted_derefine_parents=0 created_leaves=0 deleted_leaves=0 mirror_mismatches=0
CARTOON_AMR_TRANSACTION cycle=1351 requested_refine=0 requested_derefine_leaves=6 accepted_derefine_parents=0 created_leaves=0 deleted_leaves=0 mirror_mismatches=0
CARTOON_AMR_TRANSACTION cycle=1352 requested_refine=0 requested_derefine_leaves=6 accepted_derefine_parents=0 created_leaves=0 deleted_leaves=0 mirror_mismatches=0
elapsed=7.261005e+01 cycle=1352 time=8.450552e+00 dt=6.362632e-03
CARTOON_AMR_TRANSACTION cycle=1353 requested_refine=0 requested_derefine_leaves=6 accepted_derefine_parents=0 created_leaves=0 deleted_leaves=0 mirror_mismatches=0
CARTOON_AMR_TRANSACTION cycle=1354 requested_refine=0 requested_derefine_leaves=6 accepted_derefine_parents=0 created_leaves=0 deleted_leaves=0 mirror_mismatches=0
CARTOON_AMR_TRANSACTION cycle=1355 requested_refine=0 requested_derefine_leaves=6 accepted_derefine_parents=0 created_leaves=0 deleted_leaves=0 mirror_mismatches=0
CARTOON_AMR_TRANSACTION cycle=1356 requested_refine=0 requested_derefine_leaves=6 accepted_derefine_parents=0 created_leaves=0 deleted_leaves=0 mirror_mismatches=0
elapsed=7.280859e+01 cycle=1356 time=8.475998e+00 dt=6.359305e-03
CARTOON_AMR_TRANSACTION cycle=1357 requested_refine=0 requested_derefine_leaves=6 accepted_derefine_parents=0 created_leaves=0 deleted_leaves=0 mirror_mismatches=0
CARTOON_AMR_TRANSACTION cycle=1358 requested_refine=0 requested_derefine_leaves=6 accepted_derefine_parents=0 created_leaves=0 deleted_leaves=0 mirror_mismatches=0
CARTOON_AMR_TRANSACTION cycle=1359 requested_refine=0 requested_derefine_leaves=6 accepted_derefine_parents=0 created_leaves=0 deleted_leaves=0 mirror_mismatches=0
CARTOON_AMR_TRANSACTION cycle=1360 requested_refine=0 requested_derefine_leaves=6 accepted_derefine_parents=0 created_leaves=0 deleted_leaves=0 mirror_mismatches=0
elapsed=7.302102e+01 cycle=1360 time=8.501431e+00 dt=6.356296e-03
CARTOON_AMR_TRANSACTION cycle=1361 requested_refine=0 requested_derefine_leaves=6 accepted_derefine_parents=0 created_leaves=0 deleted_leaves=0 mirror_mismatches=0
CARTOON_AMR_TRANSACTION cycle=1362 requested_refine=0 requested_derefine_leaves=6 accepted_derefine_parents=0 created_leaves=0 deleted_leaves=0 mirror_mismatches=0
CARTOON_AMR_TRANSACTION cycle=1363 requested_refine=0 requested_derefine_leaves=6 accepted_derefine_parents=0 created_leaves=0 deleted_leaves=0 mirror_mismatches=0
CARTOON_AMR_TRANSACTION cycle=1364 requested_refine=0 requested_derefine_leaves=6 accepted_derefine_parents=0 created_leaves=0 deleted_leaves=0 mirror_mismatches=0
elapsed=7.318833e+01 cycle=1364 time=8.526852e+00 dt=6.353606e-03
CARTOON_AMR_TRANSACTION cycle=1365 requested_refine=0 requested_derefine_leaves=6 accepted_derefine_parents=0 created_leaves=0 deleted_leaves=0 mirror_mismatches=0
CARTOON_AMR_TRANSACTION cycle=1366 requested_refine=0 requested_derefine_leaves=6 accepted_derefine_parents=0 created_leaves=0 deleted_leaves=0 mirror_mismatches=0
CARTOON_AMR_TRANSACTION cycle=1367 requested_refine=0 requested_derefine_leaves=6 accepted_derefine_parents=0 created_leaves=0 deleted_leaves=0 mirror_mismatches=0
CARTOON_AMR_TRANSACTION cycle=1368 requested_refine=0 requested_derefine_leaves=6 accepted_derefine_parents=0 created_leaves=0 deleted_leaves=0 mirror_mismatches=0
elapsed=7.341461e+01 cycle=1368 time=8.552262e+00 dt=6.350184e-03
CARTOON_AMR_TRANSACTION cycle=1369 requested_refine=0 requested_derefine_leaves=6 accepted_derefine_parents=0 created_leaves=0 deleted_leaves=0 mirror_mismatches=0
CARTOON_AMR_TRANSACTION cycle=1370 requested_refine=0 requested_derefine_leaves=6 accepted_derefine_parents=0 created_leaves=0 deleted_leaves=0 mirror_mismatches=0
CARTOON_AMR_TRANSACTION cycle=1371 requested_refine=0 requested_derefine_leaves=6 accepted_derefine_parents=0 created_leaves=0 deleted_leaves=0 mirror_mismatches=0
CARTOON_AMR_TRANSACTION cycle=1372 requested_refine=0 requested_derefine_leaves=6 accepted_derefine_parents=0 created_leaves=0 deleted_leaves=0 mirror_mismatches=0
elapsed=7.364086e+01 cycle=1372 time=8.577656e+00 dt=6.345933e-03
CARTOON_AMR_TRANSACTION cycle=1373 requested_refine=0 requested_derefine_leaves=6 accepted_derefine_parents=0 created_leaves=0 deleted_leaves=0 mirror_mismatches=0
CARTOON_AMR_TRANSACTION cycle=1374 requested_refine=0 requested_derefine_leaves=6 accepted_derefine_parents=0 created_leaves=0 deleted_leaves=0 mirror_mismatches=0
CARTOON_AMR_TRANSACTION cycle=1375 requested_refine=0 requested_derefine_leaves=6 accepted_derefine_parents=0 created_leaves=0 deleted_leaves=0 mirror_mismatches=0
CARTOON_AMR_TRANSACTION cycle=1376 requested_refine=0 requested_derefine_leaves=6 accepted_derefine_parents=0 created_leaves=0 deleted_leaves=0 mirror_mismatches=0
elapsed=7.385442e+01 cycle=1376 time=8.603034e+00 dt=6.341989e-03
CARTOON_AMR_TRANSACTION cycle=1377 requested_refine=0 requested_derefine_leaves=6 accepted_derefine_parents=0 created_leaves=0 deleted_leaves=0 mirror_mismatches=0
CARTOON_AMR_TRANSACTION cycle=1378 requested_refine=0 requested_derefine_leaves=6 accepted_derefine_parents=0 created_leaves=0 deleted_leaves=0 mirror_mismatches=0
CARTOON_AMR_TRANSACTION cycle=1379 requested_refine=0 requested_derefine_leaves=6 accepted_derefine_parents=0 created_leaves=0 deleted_leaves=0 mirror_mismatches=0
CARTOON_AMR_TRANSACTION cycle=1380 requested_refine=0 requested_derefine_leaves=6 accepted_derefine_parents=0 created_leaves=0 deleted_leaves=0 mirror_mismatches=0
elapsed=7.406220e+01 cycle=1380 time=8.628396e+00 dt=6.338353e-03
CARTOON_AMR_TRANSACTION cycle=1381 requested_refine=0 requested_derefine_leaves=6 accepted_derefine_parents=0 created_leaves=0 deleted_leaves=0 mirror_mismatches=0
CARTOON_AMR_TRANSACTION cycle=1382 requested_refine=0 requested_derefine_leaves=6 accepted_derefine_parents=0 created_leaves=0 deleted_leaves=0 mirror_mismatches=0
CARTOON_AMR_TRANSACTION cycle=1383 requested_refine=0 requested_derefine_leaves=6 accepted_derefine_parents=0 created_leaves=0 deleted_leaves=0 mirror_mismatches=0
CARTOON_AMR_TRANSACTION cycle=1384 requested_refine=0 requested_derefine_leaves=6 accepted_derefine_parents=0 created_leaves=0 deleted_leaves=0 mirror_mismatches=0
elapsed=7.428511e+01 cycle=1384 time=8.653745e+00 dt=6.335028e-03
CARTOON_AMR_TRANSACTION cycle=1385 requested_refine=0 requested_derefine_leaves=6 accepted_derefine_parents=0 created_leaves=0 deleted_leaves=0 mirror_mismatches=0
CARTOON_AMR_TRANSACTION cycle=1386 requested_refine=0 requested_derefine_leaves=6 accepted_derefine_parents=0 created_leaves=0 deleted_leaves=0 mirror_mismatches=0
CARTOON_AMR_TRANSACTION cycle=1387 requested_refine=0 requested_derefine_leaves=6 accepted_derefine_parents=0 created_leaves=0 deleted_leaves=0 mirror_mismatches=0
CARTOON_AMR_TRANSACTION cycle=1388 requested_refine=0 requested_derefine_leaves=6 accepted_derefine_parents=0 created_leaves=0 deleted_leaves=0 mirror_mismatches=0
elapsed=7.445626e+01 cycle=1388 time=8.679080e+00 dt=6.332016e-03
CARTOON_AMR_TRANSACTION cycle=1389 requested_refine=0 requested_derefine_leaves=6 accepted_derefine_parents=0 created_leaves=0 deleted_leaves=0 mirror_mismatches=0
CARTOON_AMR_TRANSACTION cycle=1390 requested_refine=0 requested_derefine_leaves=6 accepted_derefine_parents=0 created_leaves=0 deleted_leaves=0 mirror_mismatches=0
CARTOON_AMR_TRANSACTION cycle=1391 requested_refine=0 requested_derefine_leaves=6 accepted_derefine_parents=0 created_leaves=0 deleted_leaves=0 mirror_mismatches=0
CARTOON_AMR_TRANSACTION cycle=1392 requested_refine=0 requested_derefine_leaves=6 accepted_derefine_parents=0 created_leaves=0 deleted_leaves=0 mirror_mismatches=0
elapsed=7.463560e+01 cycle=1392 time=8.704404e+00 dt=6.329061e-03
CARTOON_AMR_TRANSACTION cycle=1393 requested_refine=0 requested_derefine_leaves=6 accepted_derefine_parents=0 created_leaves=0 deleted_leaves=0 mirror_mismatches=0
CARTOON_AMR_TRANSACTION cycle=1394 requested_refine=0 requested_derefine_leaves=6 accepted_derefine_parents=0 created_leaves=0 deleted_leaves=0 mirror_mismatches=0
CARTOON_AMR_TRANSACTION cycle=1395 requested_refine=0 requested_derefine_leaves=6 accepted_derefine_parents=0 created_leaves=0 deleted_leaves=0 mirror_mismatches=0
CARTOON_AMR_TRANSACTION cycle=1396 requested_refine=0 requested_derefine_leaves=6 accepted_derefine_parents=0 created_leaves=0 deleted_leaves=0 mirror_mismatches=0
elapsed=7.481475e+01 cycle=1396 time=8.729713e+00 dt=6.324505e-03
CARTOON_AMR_TRANSACTION cycle=1397 requested_refine=0 requested_derefine_leaves=6 accepted_derefine_parents=0 created_leaves=0 deleted_leaves=0 mirror_mismatches=0
CARTOON_AMR_TRANSACTION cycle=1398 requested_refine=0 requested_derefine_leaves=6 accepted_derefine_parents=0 created_leaves=0 deleted_leaves=0 mirror_mismatches=0
CARTOON_AMR_TRANSACTION cycle=1399 requested_refine=0 requested_derefine_leaves=6 accepted_derefine_parents=0 created_leaves=0 deleted_leaves=0 mirror_mismatches=0
CARTOON_AMR_TRANSACTION cycle=1400 requested_refine=0 requested_derefine_leaves=6 accepted_derefine_parents=0 created_leaves=0 deleted_leaves=0 mirror_mismatches=0
elapsed=7.504414e+01 cycle=1400 time=8.755005e+00 dt=6.320249e-03
CARTOON_AMR_TRANSACTION cycle=1401 requested_refine=0 requested_derefine_leaves=6 accepted_derefine_parents=0 created_leaves=0 deleted_leaves=0 mirror_mismatches=0
CARTOON_AMR_TRANSACTION cycle=1402 requested_refine=0 requested_derefine_leaves=6 accepted_derefine_parents=0 created_leaves=0 deleted_leaves=0 mirror_mismatches=0
CARTOON_AMR_TRANSACTION cycle=1403 requested_refine=0 requested_derefine_leaves=6 accepted_derefine_parents=0 created_leaves=0 deleted_leaves=0 mirror_mismatches=0
CARTOON_AMR_TRANSACTION cycle=1404 requested_refine=0 requested_derefine_leaves=6 accepted_derefine_parents=0 created_leaves=0 deleted_leaves=0 mirror_mismatches=0
elapsed=7.524635e+01 cycle=1404 time=8.780280e+00 dt=6.316295e-03
CARTOON_AMR_TRANSACTION cycle=1405 requested_refine=0 requested_derefine_leaves=6 accepted_derefine_parents=0 created_leaves=0 deleted_leaves=0 mirror_mismatches=0
CARTOON_AMR_TRANSACTION cycle=1406 requested_refine=0 requested_derefine_leaves=6 accepted_derefine_parents=0 created_leaves=0 deleted_leaves=0 mirror_mismatches=0
CARTOON_AMR_TRANSACTION cycle=1407 requested_refine=0 requested_derefine_leaves=6 accepted_derefine_parents=0 created_leaves=0 deleted_leaves=0 mirror_mismatches=0
CARTOON_AMR_TRANSACTION cycle=1408 requested_refine=0 requested_derefine_leaves=6 accepted_derefine_parents=0 created_leaves=0 deleted_leaves=0 mirror_mismatches=0
elapsed=7.547054e+01 cycle=1408 time=8.805539e+00 dt=6.312645e-03
CARTOON_AMR_TRANSACTION cycle=1409 requested_refine=0 requested_derefine_leaves=6 accepted_derefine_parents=0 created_leaves=0 deleted_leaves=0 mirror_mismatches=0
CARTOON_AMR_TRANSACTION cycle=1410 requested_refine=0 requested_derefine_leaves=6 accepted_derefine_parents=0 created_leaves=0 deleted_leaves=0 mirror_mismatches=0
CARTOON_AMR_TRANSACTION cycle=1411 requested_refine=0 requested_derefine_leaves=6 accepted_derefine_parents=0 created_leaves=0 deleted_leaves=0 mirror_mismatches=0
CARTOON_AMR_TRANSACTION cycle=1412 requested_refine=0 requested_derefine_leaves=6 accepted_derefine_parents=0 created_leaves=0 deleted_leaves=0 mirror_mismatches=0
elapsed=7.569135e+01 cycle=1412 time=8.830785e+00 dt=6.309301e-03
CARTOON_AMR_TRANSACTION cycle=1413 requested_refine=0 requested_derefine_leaves=6 accepted_derefine_parents=0 created_leaves=0 deleted_leaves=0 mirror_mismatches=0
CARTOON_AMR_TRANSACTION cycle=1414 requested_refine=0 requested_derefine_leaves=6 accepted_derefine_parents=0 created_leaves=0 deleted_leaves=0 mirror_mismatches=0
CARTOON_AMR_TRANSACTION cycle=1415 requested_refine=0 requested_derefine_leaves=6 accepted_derefine_parents=0 created_leaves=0 deleted_leaves=0 mirror_mismatches=0
CARTOON_AMR_TRANSACTION cycle=1416 requested_refine=0 requested_derefine_leaves=6 accepted_derefine_parents=0 created_leaves=0 deleted_leaves=0 mirror_mismatches=0
elapsed=7.589564e+01 cycle=1416 time=8.856017e+00 dt=6.306266e-03
CARTOON_AMR_TRANSACTION cycle=1417 requested_refine=0 requested_derefine_leaves=6 accepted_derefine_parents=0 created_leaves=0 deleted_leaves=0 mirror_mismatches=0
CARTOON_AMR_TRANSACTION cycle=1418 requested_refine=0 requested_derefine_leaves=6 accepted_derefine_parents=0 created_leaves=0 deleted_leaves=0 mirror_mismatches=0
CARTOON_AMR_TRANSACTION cycle=1419 requested_refine=0 requested_derefine_leaves=6 accepted_derefine_parents=0 created_leaves=0 deleted_leaves=0 mirror_mismatches=0
CARTOON_AMR_TRANSACTION cycle=1420 requested_refine=0 requested_derefine_leaves=6 accepted_derefine_parents=0 created_leaves=0 deleted_leaves=0 mirror_mismatches=0
elapsed=7.612661e+01 cycle=1420 time=8.881237e+00 dt=6.301918e-03
CARTOON_AMR_TRANSACTION cycle=1421 requested_refine=0 requested_derefine_leaves=6 accepted_derefine_parents=0 created_leaves=0 deleted_leaves=0 mirror_mismatches=0
CARTOON_AMR_TRANSACTION cycle=1422 requested_refine=0 requested_derefine_leaves=6 accepted_derefine_parents=0 created_leaves=0 deleted_leaves=0 mirror_mismatches=0
CARTOON_AMR_TRANSACTION cycle=1423 requested_refine=0 requested_derefine_leaves=6 accepted_derefine_parents=0 created_leaves=0 deleted_leaves=0 mirror_mismatches=0
CARTOON_AMR_TRANSACTION cycle=1424 requested_refine=0 requested_derefine_leaves=6 accepted_derefine_parents=0 created_leaves=0 deleted_leaves=0 mirror_mismatches=0
elapsed=7.631709e+01 cycle=1424 time=8.906437e+00 dt=6.297340e-03
CARTOON_AMR_TRANSACTION cycle=1425 requested_refine=0 requested_derefine_leaves=6 accepted_derefine_parents=0 created_leaves=0 deleted_leaves=0 mirror_mismatches=0
CARTOON_AMR_TRANSACTION cycle=1426 requested_refine=0 requested_derefine_leaves=6 accepted_derefine_parents=0 created_leaves=0 deleted_leaves=0 mirror_mismatches=0
CARTOON_AMR_TRANSACTION cycle=1427 requested_refine=0 requested_derefine_leaves=6 accepted_derefine_parents=0 created_leaves=0 deleted_leaves=0 mirror_mismatches=0
CARTOON_AMR_TRANSACTION cycle=1428 requested_refine=0 requested_derefine_leaves=6 accepted_derefine_parents=0 created_leaves=0 deleted_leaves=0 mirror_mismatches=0
elapsed=7.651726e+01 cycle=1428 time=8.931620e+00 dt=6.293058e-03
CARTOON_AMR_TRANSACTION cycle=1429 requested_refine=0 requested_derefine_leaves=6 accepted_derefine_parents=0 created_leaves=0 deleted_leaves=0 mirror_mismatches=0
CARTOON_AMR_TRANSACTION cycle=1430 requested_refine=0 requested_derefine_leaves=6 accepted_derefine_parents=0 created_leaves=0 deleted_leaves=0 mirror_mismatches=0
CARTOON_AMR_TRANSACTION cycle=1431 requested_refine=0 requested_derefine_leaves=6 accepted_derefine_parents=0 created_leaves=0 deleted_leaves=0 mirror_mismatches=0
CARTOON_AMR_TRANSACTION cycle=1432 requested_refine=0 requested_derefine_leaves=6 accepted_derefine_parents=0 created_leaves=0 deleted_leaves=0 mirror_mismatches=0
elapsed=7.672484e+01 cycle=1432 time=8.956786e+00 dt=6.289073e-03
CARTOON_AMR_TRANSACTION cycle=1433 requested_refine=0 requested_derefine_leaves=6 accepted_derefine_parents=0 created_leaves=0 deleted_leaves=0 mirror_mismatches=0
CARTOON_AMR_TRANSACTION cycle=1434 requested_refine=0 requested_derefine_leaves=6 accepted_derefine_parents=0 created_leaves=0 deleted_leaves=0 mirror_mismatches=0
CARTOON_AMR_TRANSACTION cycle=1435 requested_refine=0 requested_derefine_leaves=6 accepted_derefine_parents=0 created_leaves=0 deleted_leaves=0 mirror_mismatches=0
CARTOON_AMR_TRANSACTION cycle=1436 requested_refine=0 requested_derefine_leaves=6 accepted_derefine_parents=0 created_leaves=0 deleted_leaves=0 mirror_mismatches=0
elapsed=7.691599e+01 cycle=1436 time=8.981937e+00 dt=6.285388e-03
CARTOON_AMR_TRANSACTION cycle=1437 requested_refine=0 requested_derefine_leaves=6 accepted_derefine_parents=0 created_leaves=0 deleted_leaves=0 mirror_mismatches=0
CARTOON_AMR_TRANSACTION cycle=1438 requested_refine=0 requested_derefine_leaves=6 accepted_derefine_parents=0 created_leaves=0 deleted_leaves=0 mirror_mismatches=0
CARTOON_AMR_TRANSACTION cycle=1439 requested_refine=0 requested_derefine_leaves=6 accepted_derefine_parents=0 created_leaves=0 deleted_leaves=0 mirror_mismatches=0
CARTOON_AMR_TRANSACTION cycle=1440 requested_refine=0 requested_derefine_leaves=6 accepted_derefine_parents=0 created_leaves=0 deleted_leaves=0 mirror_mismatches=0
elapsed=7.711835e+01 cycle=1440 time=9.007073e+00 dt=6.282004e-03
CARTOON_AMR_TRANSACTION cycle=1441 requested_refine=0 requested_derefine_leaves=6 accepted_derefine_parents=0 created_leaves=0 deleted_leaves=0 mirror_mismatches=0
CARTOON_AMR_TRANSACTION cycle=1442 requested_refine=0 requested_derefine_leaves=6 accepted_derefine_parents=0 created_leaves=0 deleted_leaves=0 mirror_mismatches=0
CARTOON_AMR_TRANSACTION cycle=1443 requested_refine=0 requested_derefine_leaves=6 accepted_derefine_parents=0 created_leaves=0 deleted_leaves=0 mirror_mismatches=0
CARTOON_AMR_TRANSACTION cycle=1444 requested_refine=0 requested_derefine_leaves=6 accepted_derefine_parents=0 created_leaves=0 deleted_leaves=0 mirror_mismatches=0
elapsed=7.729111e+01 cycle=1444 time=9.032196e+00 dt=6.278092e-03
CARTOON_AMR_TRANSACTION cycle=1445 requested_refine=0 requested_derefine_leaves=6 accepted_derefine_parents=0 created_leaves=0 deleted_leaves=0 mirror_mismatches=0
CARTOON_AMR_TRANSACTION cycle=1446 requested_refine=0 requested_derefine_leaves=6 accepted_derefine_parents=0 created_leaves=0 deleted_leaves=0 mirror_mismatches=0
CARTOON_AMR_TRANSACTION cycle=1447 requested_refine=0 requested_derefine_leaves=6 accepted_derefine_parents=0 created_leaves=0 deleted_leaves=0 mirror_mismatches=0
CARTOON_AMR_TRANSACTION cycle=1448 requested_refine=0 requested_derefine_leaves=6 accepted_derefine_parents=0 created_leaves=0 deleted_leaves=0 mirror_mismatches=0
elapsed=7.751020e+01 cycle=1448 time=9.057301e+00 dt=6.273182e-03
CARTOON_AMR_TRANSACTION cycle=1449 requested_refine=0 requested_derefine_leaves=6 accepted_derefine_parents=0 created_leaves=0 deleted_leaves=0 mirror_mismatches=0
CARTOON_AMR_TRANSACTION cycle=1450 requested_refine=0 requested_derefine_leaves=6 accepted_derefine_parents=0 created_leaves=0 deleted_leaves=0 mirror_mismatches=0
CARTOON_AMR_TRANSACTION cycle=1451 requested_refine=0 requested_derefine_leaves=6 accepted_derefine_parents=0 created_leaves=0 deleted_leaves=0 mirror_mismatches=0
CARTOON_AMR_TRANSACTION cycle=1452 requested_refine=0 requested_derefine_leaves=6 accepted_derefine_parents=0 created_leaves=0 deleted_leaves=0 mirror_mismatches=0
elapsed=7.772065e+01 cycle=1452 time=9.082387e+00 dt=6.268561e-03
CARTOON_AMR_TRANSACTION cycle=1453 requested_refine=0 requested_derefine_leaves=6 accepted_derefine_parents=0 created_leaves=0 deleted_leaves=0 mirror_mismatches=0
CARTOON_AMR_TRANSACTION cycle=1454 requested_refine=0 requested_derefine_leaves=6 accepted_derefine_parents=0 created_leaves=0 deleted_leaves=0 mirror_mismatches=0
CARTOON_AMR_TRANSACTION cycle=1455 requested_refine=0 requested_derefine_leaves=6 accepted_derefine_parents=0 created_leaves=0 deleted_leaves=0 mirror_mismatches=0
CARTOON_AMR_TRANSACTION cycle=1456 requested_refine=0 requested_derefine_leaves=6 accepted_derefine_parents=0 created_leaves=0 deleted_leaves=0 mirror_mismatches=0
elapsed=7.794084e+01 cycle=1456 time=9.107455e+00 dt=6.264231e-03
CARTOON_AMR_TRANSACTION cycle=1457 requested_refine=0 requested_derefine_leaves=6 accepted_derefine_parents=0 created_leaves=0 deleted_leaves=0 mirror_mismatches=0
CARTOON_AMR_TRANSACTION cycle=1458 requested_refine=0 requested_derefine_leaves=6 accepted_derefine_parents=0 created_leaves=0 deleted_leaves=0 mirror_mismatches=0
CARTOON_AMR_TRANSACTION cycle=1459 requested_refine=0 requested_derefine_leaves=6 accepted_derefine_parents=0 created_leaves=0 deleted_leaves=0 mirror_mismatches=0
CARTOON_AMR_TRANSACTION cycle=1460 requested_refine=0 requested_derefine_leaves=6 accepted_derefine_parents=0 created_leaves=0 deleted_leaves=0 mirror_mismatches=0
elapsed=7.812352e+01 cycle=1460 time=9.132505e+00 dt=6.260194e-03
CARTOON_AMR_TRANSACTION cycle=1461 requested_refine=0 requested_derefine_leaves=6 accepted_derefine_parents=0 created_leaves=0 deleted_leaves=0 mirror_mismatches=0
CARTOON_AMR_TRANSACTION cycle=1462 requested_refine=0 requested_derefine_leaves=6 accepted_derefine_parents=0 created_leaves=0 deleted_leaves=0 mirror_mismatches=0
CARTOON_AMR_TRANSACTION cycle=1463 requested_refine=0 requested_derefine_leaves=6 accepted_derefine_parents=0 created_leaves=0 deleted_leaves=0 mirror_mismatches=0
CARTOON_AMR_TRANSACTION cycle=1464 requested_refine=0 requested_derefine_leaves=6 accepted_derefine_parents=0 created_leaves=0 deleted_leaves=0 mirror_mismatches=0
elapsed=7.835143e+01 cycle=1464 time=9.157541e+00 dt=6.256451e-03
CARTOON_AMR_TRANSACTION cycle=1465 requested_refine=0 requested_derefine_leaves=6 accepted_derefine_parents=0 created_leaves=0 deleted_leaves=0 mirror_mismatches=0
CARTOON_AMR_TRANSACTION cycle=1466 requested_refine=0 requested_derefine_leaves=6 accepted_derefine_parents=0 created_leaves=0 deleted_leaves=0 mirror_mismatches=0
CARTOON_AMR_TRANSACTION cycle=1467 requested_refine=0 requested_derefine_leaves=6 accepted_derefine_parents=0 created_leaves=0 deleted_leaves=0 mirror_mismatches=0
CARTOON_AMR_TRANSACTION cycle=1468 requested_refine=0 requested_derefine_leaves=6 accepted_derefine_parents=0 created_leaves=0 deleted_leaves=0 mirror_mismatches=0
elapsed=7.852976e+01 cycle=1468 time=9.182561e+00 dt=6.252953e-03
CARTOON_AMR_TRANSACTION cycle=1469 requested_refine=0 requested_derefine_leaves=6 accepted_derefine_parents=0 created_leaves=0 deleted_leaves=0 mirror_mismatches=0
CARTOON_AMR_TRANSACTION cycle=1470 requested_refine=0 requested_derefine_leaves=6 accepted_derefine_parents=0 created_leaves=0 deleted_leaves=0 mirror_mismatches=0
CARTOON_AMR_TRANSACTION cycle=1471 requested_refine=0 requested_derefine_leaves=6 accepted_derefine_parents=0 created_leaves=0 deleted_leaves=0 mirror_mismatches=0
CARTOON_AMR_TRANSACTION cycle=1472 requested_refine=0 requested_derefine_leaves=6 accepted_derefine_parents=0 created_leaves=0 deleted_leaves=0 mirror_mismatches=0
elapsed=7.877760e+01 cycle=1472 time=9.207565e+00 dt=6.247700e-03
CARTOON_AMR_TRANSACTION cycle=1473 requested_refine=0 requested_derefine_leaves=6 accepted_derefine_parents=0 created_leaves=0 deleted_leaves=0 mirror_mismatches=0
CARTOON_AMR_TRANSACTION cycle=1474 requested_refine=0 requested_derefine_leaves=6 accepted_derefine_parents=0 created_leaves=0 deleted_leaves=0 mirror_mismatches=0
CARTOON_AMR_TRANSACTION cycle=1475 requested_refine=0 requested_derefine_leaves=6 accepted_derefine_parents=0 created_leaves=0 deleted_leaves=0 mirror_mismatches=0
CARTOON_AMR_TRANSACTION cycle=1476 requested_refine=0 requested_derefine_leaves=6 accepted_derefine_parents=0 created_leaves=0 deleted_leaves=0 mirror_mismatches=0
elapsed=7.896030e+01 cycle=1476 time=9.232548e+00 dt=6.242730e-03
CARTOON_AMR_TRANSACTION cycle=1477 requested_refine=0 requested_derefine_leaves=6 accepted_derefine_parents=0 created_leaves=0 deleted_leaves=0 mirror_mismatches=0
CARTOON_AMR_TRANSACTION cycle=1478 requested_refine=0 requested_derefine_leaves=6 accepted_derefine_parents=0 created_leaves=0 deleted_leaves=0 mirror_mismatches=0
CARTOON_AMR_TRANSACTION cycle=1479 requested_refine=0 requested_derefine_leaves=6 accepted_derefine_parents=0 created_leaves=0 deleted_leaves=0 mirror_mismatches=0
CARTOON_AMR_TRANSACTION cycle=1480 requested_refine=0 requested_derefine_leaves=6 accepted_derefine_parents=0 created_leaves=0 deleted_leaves=0 mirror_mismatches=0
elapsed=7.913615e+01 cycle=1480 time=9.257512e+00 dt=6.238044e-03
CARTOON_AMR_TRANSACTION cycle=1481 requested_refine=0 requested_derefine_leaves=6 accepted_derefine_parents=0 created_leaves=0 deleted_leaves=0 mirror_mismatches=0
CARTOON_AMR_TRANSACTION cycle=1482 requested_refine=0 requested_derefine_leaves=6 accepted_derefine_parents=0 created_leaves=0 deleted_leaves=0 mirror_mismatches=0
CARTOON_AMR_TRANSACTION cycle=1483 requested_refine=0 requested_derefine_leaves=6 accepted_derefine_parents=0 created_leaves=0 deleted_leaves=0 mirror_mismatches=0
CARTOON_AMR_TRANSACTION cycle=1484 requested_refine=0 requested_derefine_leaves=6 accepted_derefine_parents=0 created_leaves=0 deleted_leaves=0 mirror_mismatches=0
elapsed=7.931105e+01 cycle=1484 time=9.282457e+00 dt=6.233643e-03
CARTOON_AMR_TRANSACTION cycle=1485 requested_refine=0 requested_derefine_leaves=6 accepted_derefine_parents=0 created_leaves=0 deleted_leaves=0 mirror_mismatches=0
CARTOON_AMR_TRANSACTION cycle=1486 requested_refine=0 requested_derefine_leaves=6 accepted_derefine_parents=0 created_leaves=0 deleted_leaves=0 mirror_mismatches=0
CARTOON_AMR_TRANSACTION cycle=1487 requested_refine=0 requested_derefine_leaves=6 accepted_derefine_parents=0 created_leaves=0 deleted_leaves=0 mirror_mismatches=0
CARTOON_AMR_TRANSACTION cycle=1488 requested_refine=0 requested_derefine_leaves=6 accepted_derefine_parents=0 created_leaves=0 deleted_leaves=0 mirror_mismatches=0
elapsed=7.950680e+01 cycle=1488 time=9.307386e+00 dt=6.229530e-03
CARTOON_AMR_TRANSACTION cycle=1489 requested_refine=0 requested_derefine_leaves=6 accepted_derefine_parents=0 created_leaves=0 deleted_leaves=0 mirror_mismatches=0
CARTOON_AMR_TRANSACTION cycle=1490 requested_refine=0 requested_derefine_leaves=6 accepted_derefine_parents=0 created_leaves=0 deleted_leaves=0 mirror_mismatches=0
CARTOON_AMR_TRANSACTION cycle=1491 requested_refine=0 requested_derefine_leaves=6 accepted_derefine_parents=0 created_leaves=0 deleted_leaves=0 mirror_mismatches=0
CARTOON_AMR_TRANSACTION cycle=1492 requested_refine=0 requested_derefine_leaves=6 accepted_derefine_parents=0 created_leaves=0 deleted_leaves=0 mirror_mismatches=0
elapsed=7.967302e+01 cycle=1492 time=9.332298e+00 dt=6.225707e-03
CARTOON_AMR_TRANSACTION cycle=1493 requested_refine=0 requested_derefine_leaves=6 accepted_derefine_parents=0 created_leaves=0 deleted_leaves=0 mirror_mismatches=0
CARTOON_AMR_TRANSACTION cycle=1494 requested_refine=0 requested_derefine_leaves=6 accepted_derefine_parents=0 created_leaves=0 deleted_leaves=0 mirror_mismatches=0
CARTOON_AMR_TRANSACTION cycle=1495 requested_refine=0 requested_derefine_leaves=6 accepted_derefine_parents=0 created_leaves=0 deleted_leaves=0 mirror_mismatches=0
CARTOON_AMR_TRANSACTION cycle=1496 requested_refine=0 requested_derefine_leaves=6 accepted_derefine_parents=0 created_leaves=0 deleted_leaves=0 mirror_mismatches=0
elapsed=7.988691e+01 cycle=1496 time=9.357194e+00 dt=6.220805e-03
CARTOON_AMR_TRANSACTION cycle=1497 requested_refine=0 requested_derefine_leaves=6 accepted_derefine_parents=0 created_leaves=0 deleted_leaves=0 mirror_mismatches=0
CARTOON_AMR_TRANSACTION cycle=1498 requested_refine=0 requested_derefine_leaves=6 accepted_derefine_parents=0 created_leaves=0 deleted_leaves=0 mirror_mismatches=0
CARTOON_AMR_TRANSACTION cycle=1499 requested_refine=0 requested_derefine_leaves=6 accepted_derefine_parents=0 created_leaves=0 deleted_leaves=0 mirror_mismatches=0
CARTOON_AMR_TRANSACTION cycle=1500 requested_refine=0 requested_derefine_leaves=6 accepted_derefine_parents=0 created_leaves=0 deleted_leaves=0 mirror_mismatches=0
elapsed=8.009505e+01 cycle=1500 time=9.382069e+00 dt=6.215473e-03
CARTOON_AMR_TRANSACTION cycle=1501 requested_refine=0 requested_derefine_leaves=6 accepted_derefine_parents=0 created_leaves=0 deleted_leaves=0 mirror_mismatches=0
CARTOON_AMR_TRANSACTION cycle=1502 requested_refine=0 requested_derefine_leaves=6 accepted_derefine_parents=0 created_leaves=0 deleted_leaves=0 mirror_mismatches=0
CARTOON_AMR_TRANSACTION cycle=1503 requested_refine=0 requested_derefine_leaves=6 accepted_derefine_parents=0 created_leaves=0 deleted_leaves=0 mirror_mismatches=0
CARTOON_AMR_TRANSACTION cycle=1504 requested_refine=0 requested_derefine_leaves=6 accepted_derefine_parents=0 created_leaves=0 deleted_leaves=0 mirror_mismatches=0
elapsed=8.028156e+01 cycle=1504 time=9.406924e+00 dt=6.210418e-03
CARTOON_AMR_TRANSACTION cycle=1505 requested_refine=0 requested_derefine_leaves=6 accepted_derefine_parents=0 created_leaves=0 deleted_leaves=0 mirror_mismatches=0
CARTOON_AMR_TRANSACTION cycle=1506 requested_refine=0 requested_derefine_leaves=6 accepted_derefine_parents=0 created_leaves=0 deleted_leaves=0 mirror_mismatches=0
CARTOON_AMR_TRANSACTION cycle=1507 requested_refine=0 requested_derefine_leaves=6 accepted_derefine_parents=0 created_leaves=0 deleted_leaves=0 mirror_mismatches=0
CARTOON_AMR_TRANSACTION cycle=1508 requested_refine=0 requested_derefine_leaves=6 accepted_derefine_parents=0 created_leaves=0 deleted_leaves=0 mirror_mismatches=0
elapsed=8.047096e+01 cycle=1508 time=9.431758e+00 dt=6.205641e-03
CARTOON_AMR_TRANSACTION cycle=1509 requested_refine=0 requested_derefine_leaves=6 accepted_derefine_parents=0 created_leaves=0 deleted_leaves=0 mirror_mismatches=0
CARTOON_AMR_TRANSACTION cycle=1510 requested_refine=0 requested_derefine_leaves=6 accepted_derefine_parents=0 created_leaves=0 deleted_leaves=0 mirror_mismatches=0
CARTOON_AMR_TRANSACTION cycle=1511 requested_refine=0 requested_derefine_leaves=6 accepted_derefine_parents=0 created_leaves=0 deleted_leaves=0 mirror_mismatches=0
CARTOON_AMR_TRANSACTION cycle=1512 requested_refine=0 requested_derefine_leaves=6 accepted_derefine_parents=0 created_leaves=0 deleted_leaves=0 mirror_mismatches=0
elapsed=8.067583e+01 cycle=1512 time=9.456574e+00 dt=6.201145e-03
CARTOON_AMR_TRANSACTION cycle=1513 requested_refine=0 requested_derefine_leaves=6 accepted_derefine_parents=0 created_leaves=0 deleted_leaves=0 mirror_mismatches=0
CARTOON_AMR_TRANSACTION cycle=1514 requested_refine=0 requested_derefine_leaves=6 accepted_derefine_parents=0 created_leaves=0 deleted_leaves=0 mirror_mismatches=0
CARTOON_AMR_TRANSACTION cycle=1515 requested_refine=0 requested_derefine_leaves=6 accepted_derefine_parents=0 created_leaves=0 deleted_leaves=0 mirror_mismatches=0
CARTOON_AMR_TRANSACTION cycle=1516 requested_refine=0 requested_derefine_leaves=6 accepted_derefine_parents=0 created_leaves=0 deleted_leaves=0 mirror_mismatches=0
elapsed=8.087369e+01 cycle=1516 time=9.481372e+00 dt=6.196932e-03
CARTOON_AMR_TRANSACTION cycle=1517 requested_refine=0 requested_derefine_leaves=6 accepted_derefine_parents=0 created_leaves=0 deleted_leaves=0 mirror_mismatches=0
CARTOON_AMR_TRANSACTION cycle=1518 requested_refine=0 requested_derefine_leaves=6 accepted_derefine_parents=0 created_leaves=0 deleted_leaves=0 mirror_mismatches=0
CARTOON_AMR_TRANSACTION cycle=1519 requested_refine=0 requested_derefine_leaves=6 accepted_derefine_parents=0 created_leaves=0 deleted_leaves=0 mirror_mismatches=0
CARTOON_AMR_TRANSACTION cycle=1520 requested_refine=0 requested_derefine_leaves=6 accepted_derefine_parents=0 created_leaves=0 deleted_leaves=0 mirror_mismatches=0
elapsed=8.104041e+01 cycle=1520 time=9.506154e+00 dt=6.192398e-03
CARTOON_AMR_TRANSACTION cycle=1521 requested_refine=0 requested_derefine_leaves=6 accepted_derefine_parents=0 created_leaves=0 deleted_leaves=0 mirror_mismatches=0
CARTOON_AMR_TRANSACTION cycle=1522 requested_refine=0 requested_derefine_leaves=6 accepted_derefine_parents=0 created_leaves=0 deleted_leaves=0 mirror_mismatches=0
CARTOON_AMR_TRANSACTION cycle=1523 requested_refine=0 requested_derefine_leaves=6 accepted_derefine_parents=0 created_leaves=0 deleted_leaves=0 mirror_mismatches=0
CARTOON_AMR_TRANSACTION cycle=1524 requested_refine=0 requested_derefine_leaves=6 accepted_derefine_parents=0 created_leaves=0 deleted_leaves=0 mirror_mismatches=0
elapsed=8.121444e+01 cycle=1524 time=9.530915e+00 dt=6.186692e-03
CARTOON_AMR_TRANSACTION cycle=1525 requested_refine=0 requested_derefine_leaves=6 accepted_derefine_parents=0 created_leaves=0 deleted_leaves=0 mirror_mismatches=0
CARTOON_AMR_TRANSACTION cycle=1526 requested_refine=0 requested_derefine_leaves=8 accepted_derefine_parents=0 created_leaves=0 deleted_leaves=0 mirror_mismatches=0
CARTOON_AMR_TRANSACTION cycle=1527 requested_refine=0 requested_derefine_leaves=8 accepted_derefine_parents=0 created_leaves=0 deleted_leaves=0 mirror_mismatches=0
CARTOON_AMR_TRANSACTION cycle=1528 requested_refine=0 requested_derefine_leaves=8 accepted_derefine_parents=0 created_leaves=0 deleted_leaves=0 mirror_mismatches=0
elapsed=8.140076e+01 cycle=1528 time=9.555653e+00 dt=6.181255e-03
CARTOON_AMR_TRANSACTION cycle=1529 requested_refine=0 requested_derefine_leaves=8 accepted_derefine_parents=0 created_leaves=0 deleted_leaves=0 mirror_mismatches=0
CARTOON_AMR_TRANSACTION cycle=1530 requested_refine=0 requested_derefine_leaves=8 accepted_derefine_parents=0 created_leaves=0 deleted_leaves=0 mirror_mismatches=0
CARTOON_AMR_TRANSACTION cycle=1531 requested_refine=0 requested_derefine_leaves=8 accepted_derefine_parents=0 created_leaves=0 deleted_leaves=0 mirror_mismatches=0
CARTOON_AMR_TRANSACTION cycle=1532 requested_refine=0 requested_derefine_leaves=8 accepted_derefine_parents=0 created_leaves=0 deleted_leaves=0 mirror_mismatches=0
elapsed=8.157589e+01 cycle=1532 time=9.580370e+00 dt=6.176090e-03
CARTOON_AMR_TRANSACTION cycle=1533 requested_refine=0 requested_derefine_leaves=8 accepted_derefine_parents=0 created_leaves=0 deleted_leaves=0 mirror_mismatches=0
CARTOON_AMR_TRANSACTION cycle=1534 requested_refine=0 requested_derefine_leaves=8 accepted_derefine_parents=0 created_leaves=0 deleted_leaves=0 mirror_mismatches=0
CARTOON_AMR_TRANSACTION cycle=1535 requested_refine=0 requested_derefine_leaves=8 accepted_derefine_parents=0 created_leaves=0 deleted_leaves=0 mirror_mismatches=0
CARTOON_AMR_TRANSACTION cycle=1536 requested_refine=0 requested_derefine_leaves=8 accepted_derefine_parents=0 created_leaves=0 deleted_leaves=0 mirror_mismatches=0
elapsed=8.217023e+01 cycle=1536 time=9.605067e+00 dt=6.171198e-03
CARTOON_AMR_TRANSACTION cycle=1537 requested_refine=0 requested_derefine_leaves=8 accepted_derefine_parents=0 created_leaves=0 deleted_leaves=0 mirror_mismatches=0
CARTOON_AMR_TRANSACTION cycle=1538 requested_refine=0 requested_derefine_leaves=8 accepted_derefine_parents=0 created_leaves=0 deleted_leaves=0 mirror_mismatches=0
CARTOON_AMR_TRANSACTION cycle=1539 requested_refine=0 requested_derefine_leaves=8 accepted_derefine_parents=0 created_leaves=0 deleted_leaves=0 mirror_mismatches=0
CARTOON_AMR_TRANSACTION cycle=1540 requested_refine=0 requested_derefine_leaves=8 accepted_derefine_parents=0 created_leaves=0 deleted_leaves=0 mirror_mismatches=0
elapsed=8.235811e+01 cycle=1540 time=9.629745e+00 dt=6.166582e-03
CARTOON_AMR_TRANSACTION cycle=1541 requested_refine=0 requested_derefine_leaves=8 accepted_derefine_parents=0 created_leaves=0 deleted_leaves=0 mirror_mismatches=0
CARTOON_AMR_TRANSACTION cycle=1542 requested_refine=0 requested_derefine_leaves=8 accepted_derefine_parents=0 created_leaves=0 deleted_leaves=0 mirror_mismatches=0
CARTOON_AMR_TRANSACTION cycle=1543 requested_refine=0 requested_derefine_leaves=8 accepted_derefine_parents=0 created_leaves=0 deleted_leaves=0 mirror_mismatches=0
CARTOON_AMR_TRANSACTION cycle=1544 requested_refine=0 requested_derefine_leaves=8 accepted_derefine_parents=0 created_leaves=0 deleted_leaves=0 mirror_mismatches=0
elapsed=8.255707e+01 cycle=1544 time=9.654405e+00 dt=6.162242e-03
CARTOON_AMR_TRANSACTION cycle=1545 requested_refine=0 requested_derefine_leaves=8 accepted_derefine_parents=0 created_leaves=0 deleted_leaves=0 mirror_mismatches=0
CARTOON_AMR_TRANSACTION cycle=1546 requested_refine=0 requested_derefine_leaves=8 accepted_derefine_parents=0 created_leaves=0 deleted_leaves=0 mirror_mismatches=0
CARTOON_AMR_TRANSACTION cycle=1547 requested_refine=0 requested_derefine_leaves=8 accepted_derefine_parents=0 created_leaves=0 deleted_leaves=0 mirror_mismatches=0
CARTOON_AMR_TRANSACTION cycle=1548 requested_refine=0 requested_derefine_leaves=8 accepted_derefine_parents=0 created_leaves=0 deleted_leaves=0 mirror_mismatches=0
elapsed=8.276580e+01 cycle=1548 time=9.679045e+00 dt=6.156278e-03
CARTOON_AMR_TRANSACTION cycle=1549 requested_refine=0 requested_derefine_leaves=8 accepted_derefine_parents=0 created_leaves=0 deleted_leaves=0 mirror_mismatches=0
CARTOON_AMR_TRANSACTION cycle=1550 requested_refine=0 requested_derefine_leaves=8 accepted_derefine_parents=0 created_leaves=0 deleted_leaves=0 mirror_mismatches=0
CARTOON_AMR_TRANSACTION cycle=1551 requested_refine=0 requested_derefine_leaves=8 accepted_derefine_parents=0 created_leaves=0 deleted_leaves=0 mirror_mismatches=0
CARTOON_AMR_TRANSACTION cycle=1552 requested_refine=0 requested_derefine_leaves=8 accepted_derefine_parents=0 created_leaves=0 deleted_leaves=0 mirror_mismatches=0
elapsed=8.298455e+01 cycle=1552 time=9.703661e+00 dt=6.150446e-03
CARTOON_AMR_TRANSACTION cycle=1553 requested_refine=0 requested_derefine_leaves=8 accepted_derefine_parents=0 created_leaves=0 deleted_leaves=0 mirror_mismatches=0
CARTOON_AMR_TRANSACTION cycle=1554 requested_refine=0 requested_derefine_leaves=8 accepted_derefine_parents=0 created_leaves=0 deleted_leaves=0 mirror_mismatches=0
CARTOON_AMR_TRANSACTION cycle=1555 requested_refine=0 requested_derefine_leaves=8 accepted_derefine_parents=0 created_leaves=0 deleted_leaves=0 mirror_mismatches=0
CARTOON_AMR_TRANSACTION cycle=1556 requested_refine=0 requested_derefine_leaves=8 accepted_derefine_parents=0 created_leaves=0 deleted_leaves=0 mirror_mismatches=0
elapsed=8.318041e+01 cycle=1556 time=9.728255e+00 dt=6.144877e-03
CARTOON_AMR_TRANSACTION cycle=1557 requested_refine=0 requested_derefine_leaves=8 accepted_derefine_parents=0 created_leaves=0 deleted_leaves=0 mirror_mismatches=0
CARTOON_AMR_TRANSACTION cycle=1558 requested_refine=0 requested_derefine_leaves=8 accepted_derefine_parents=0 created_leaves=0 deleted_leaves=0 mirror_mismatches=0
CARTOON_AMR_TRANSACTION cycle=1559 requested_refine=0 requested_derefine_leaves=8 accepted_derefine_parents=0 created_leaves=0 deleted_leaves=0 mirror_mismatches=0
CARTOON_AMR_TRANSACTION cycle=1560 requested_refine=0 requested_derefine_leaves=8 accepted_derefine_parents=0 created_leaves=0 deleted_leaves=0 mirror_mismatches=0
elapsed=8.339081e+01 cycle=1560 time=9.752826e+00 dt=6.139574e-03
CARTOON_AMR_TRANSACTION cycle=1561 requested_refine=0 requested_derefine_leaves=8 accepted_derefine_parents=0 created_leaves=0 deleted_leaves=0 mirror_mismatches=0
CARTOON_AMR_TRANSACTION cycle=1562 requested_refine=0 requested_derefine_leaves=8 accepted_derefine_parents=0 created_leaves=0 deleted_leaves=0 mirror_mismatches=0
CARTOON_AMR_TRANSACTION cycle=1563 requested_refine=0 requested_derefine_leaves=8 accepted_derefine_parents=0 created_leaves=0 deleted_leaves=0 mirror_mismatches=0
CARTOON_AMR_TRANSACTION cycle=1564 requested_refine=0 requested_derefine_leaves=8 accepted_derefine_parents=0 created_leaves=0 deleted_leaves=0 mirror_mismatches=0
elapsed=8.355848e+01 cycle=1564 time=9.777377e+00 dt=6.134539e-03
CARTOON_AMR_TRANSACTION cycle=1565 requested_refine=0 requested_derefine_leaves=8 accepted_derefine_parents=0 created_leaves=0 deleted_leaves=0 mirror_mismatches=0
CARTOON_AMR_TRANSACTION cycle=1566 requested_refine=0 requested_derefine_leaves=8 accepted_derefine_parents=0 created_leaves=0 deleted_leaves=0 mirror_mismatches=0
CARTOON_AMR_TRANSACTION cycle=1567 requested_refine=0 requested_derefine_leaves=8 accepted_derefine_parents=0 created_leaves=0 deleted_leaves=0 mirror_mismatches=0
CARTOON_AMR_TRANSACTION cycle=1568 requested_refine=0 requested_derefine_leaves=8 accepted_derefine_parents=0 created_leaves=0 deleted_leaves=0 mirror_mismatches=0
elapsed=8.377250e+01 cycle=1568 time=9.801908e+00 dt=6.129774e-03
CARTOON_AMR_TRANSACTION cycle=1569 requested_refine=0 requested_derefine_leaves=8 accepted_derefine_parents=0 created_leaves=0 deleted_leaves=0 mirror_mismatches=0
CARTOON_AMR_TRANSACTION cycle=1570 requested_refine=0 requested_derefine_leaves=8 accepted_derefine_parents=0 created_leaves=0 deleted_leaves=0 mirror_mismatches=0
CARTOON_AMR_TRANSACTION cycle=1571 requested_refine=0 requested_derefine_leaves=8 accepted_derefine_parents=0 created_leaves=0 deleted_leaves=0 mirror_mismatches=0
CARTOON_AMR_TRANSACTION cycle=1572 requested_refine=0 requested_derefine_leaves=8 accepted_derefine_parents=0 created_leaves=0 deleted_leaves=0 mirror_mismatches=0
elapsed=8.397604e+01 cycle=1572 time=9.826419e+00 dt=6.124091e-03
CARTOON_AMR_TRANSACTION cycle=1573 requested_refine=0 requested_derefine_leaves=8 accepted_derefine_parents=0 created_leaves=0 deleted_leaves=0 mirror_mismatches=0
CARTOON_AMR_TRANSACTION cycle=1574 requested_refine=0 requested_derefine_leaves=8 accepted_derefine_parents=0 created_leaves=0 deleted_leaves=0 mirror_mismatches=0
CARTOON_AMR_TRANSACTION cycle=1575 requested_refine=0 requested_derefine_leaves=8 accepted_derefine_parents=0 created_leaves=0 deleted_leaves=0 mirror_mismatches=0
CARTOON_AMR_TRANSACTION cycle=1576 requested_refine=0 requested_derefine_leaves=8 accepted_derefine_parents=0 created_leaves=0 deleted_leaves=0 mirror_mismatches=0
elapsed=8.417557e+01 cycle=1576 time=9.850906e+00 dt=6.117846e-03
CARTOON_AMR_TRANSACTION cycle=1577 requested_refine=0 requested_derefine_leaves=8 accepted_derefine_parents=0 created_leaves=0 deleted_leaves=0 mirror_mismatches=0
CARTOON_AMR_TRANSACTION cycle=1578 requested_refine=0 requested_derefine_leaves=8 accepted_derefine_parents=0 created_leaves=0 deleted_leaves=0 mirror_mismatches=0
CARTOON_AMR_TRANSACTION cycle=1579 requested_refine=0 requested_derefine_leaves=8 accepted_derefine_parents=0 created_leaves=0 deleted_leaves=0 mirror_mismatches=0
CARTOON_AMR_TRANSACTION cycle=1580 requested_refine=0 requested_derefine_leaves=8 accepted_derefine_parents=0 created_leaves=0 deleted_leaves=0 mirror_mismatches=0
elapsed=8.435220e+01 cycle=1580 time=9.875368e+00 dt=6.111859e-03
CARTOON_AMR_TRANSACTION cycle=1581 requested_refine=0 requested_derefine_leaves=8 accepted_derefine_parents=0 created_leaves=0 deleted_leaves=0 mirror_mismatches=0
CARTOON_AMR_TRANSACTION cycle=1582 requested_refine=0 requested_derefine_leaves=8 accepted_derefine_parents=0 created_leaves=0 deleted_leaves=0 mirror_mismatches=0
CARTOON_AMR_TRANSACTION cycle=1583 requested_refine=0 requested_derefine_leaves=8 accepted_derefine_parents=0 created_leaves=0 deleted_leaves=0 mirror_mismatches=0
CARTOON_AMR_TRANSACTION cycle=1584 requested_refine=0 requested_derefine_leaves=8 accepted_derefine_parents=0 created_leaves=0 deleted_leaves=0 mirror_mismatches=0
elapsed=8.456041e+01 cycle=1584 time=9.899807e+00 dt=6.106129e-03
CARTOON_AMR_TRANSACTION cycle=1585 requested_refine=0 requested_derefine_leaves=8 accepted_derefine_parents=0 created_leaves=0 deleted_leaves=0 mirror_mismatches=0
CARTOON_AMR_TRANSACTION cycle=1586 requested_refine=0 requested_derefine_leaves=8 accepted_derefine_parents=0 created_leaves=0 deleted_leaves=0 mirror_mismatches=0
CARTOON_AMR_TRANSACTION cycle=1587 requested_refine=0 requested_derefine_leaves=8 accepted_derefine_parents=0 created_leaves=0 deleted_leaves=0 mirror_mismatches=0
CARTOON_AMR_TRANSACTION cycle=1588 requested_refine=0 requested_derefine_leaves=8 accepted_derefine_parents=0 created_leaves=0 deleted_leaves=0 mirror_mismatches=0
elapsed=8.473784e+01 cycle=1588 time=9.924223e+00 dt=6.100660e-03
CARTOON_AMR_TRANSACTION cycle=1589 requested_refine=0 requested_derefine_leaves=8 accepted_derefine_parents=0 created_leaves=0 deleted_leaves=0 mirror_mismatches=0
CARTOON_AMR_TRANSACTION cycle=1590 requested_refine=0 requested_derefine_leaves=8 accepted_derefine_parents=0 created_leaves=0 deleted_leaves=0 mirror_mismatches=0
CARTOON_AMR_TRANSACTION cycle=1591 requested_refine=0 requested_derefine_leaves=8 accepted_derefine_parents=0 created_leaves=0 deleted_leaves=0 mirror_mismatches=0
CARTOON_AMR_TRANSACTION cycle=1592 requested_refine=0 requested_derefine_leaves=8 accepted_derefine_parents=0 created_leaves=0 deleted_leaves=0 mirror_mismatches=0
elapsed=8.495328e+01 cycle=1592 time=9.948618e+00 dt=6.095453e-03
CARTOON_AMR_TRANSACTION cycle=1593 requested_refine=0 requested_derefine_leaves=8 accepted_derefine_parents=0 created_leaves=0 deleted_leaves=0 mirror_mismatches=0
CARTOON_AMR_TRANSACTION cycle=1594 requested_refine=0 requested_derefine_leaves=8 accepted_derefine_parents=0 created_leaves=0 deleted_leaves=0 mirror_mismatches=0
CARTOON_AMR_TRANSACTION cycle=1595 requested_refine=0 requested_derefine_leaves=8 accepted_derefine_parents=0 created_leaves=0 deleted_leaves=0 mirror_mismatches=0
CARTOON_AMR_TRANSACTION cycle=1596 requested_refine=0 requested_derefine_leaves=8 accepted_derefine_parents=0 created_leaves=0 deleted_leaves=0 mirror_mismatches=0
elapsed=8.515311e+01 cycle=1596 time=9.972992e+00 dt=6.089974e-03
CARTOON_AMR_TRANSACTION cycle=1597 requested_refine=0 requested_derefine_leaves=8 accepted_derefine_parents=0 created_leaves=0 deleted_leaves=0 mirror_mismatches=0
CARTOON_AMR_TRANSACTION cycle=1598 requested_refine=0 requested_derefine_leaves=8 accepted_derefine_parents=0 created_leaves=0 deleted_leaves=0 mirror_mismatches=0
CARTOON_AMR_TRANSACTION cycle=1599 requested_refine=0 requested_derefine_leaves=8 accepted_derefine_parents=0 created_leaves=0 deleted_leaves=0 mirror_mismatches=0
CARTOON_AMR_TRANSACTION cycle=1600 requested_refine=0 requested_derefine_leaves=8 accepted_derefine_parents=0 created_leaves=0 deleted_leaves=0 mirror_mismatches=0
elapsed=8.541149e+01 cycle=1600 time=9.997342e+00 dt=6.083302e-03
CARTOON_AMR_TRANSACTION cycle=1601 requested_refine=0 requested_derefine_leaves=8 accepted_derefine_parents=0 created_leaves=0 deleted_leaves=0 mirror_mismatches=0
CARTOON_AMR_TRANSACTION cycle=1602 requested_refine=0 requested_derefine_leaves=8 accepted_derefine_parents=0 created_leaves=0 deleted_leaves=0 mirror_mismatches=0
CARTOON_AMR_TRANSACTION cycle=1603 requested_refine=0 requested_derefine_leaves=8 accepted_derefine_parents=0 created_leaves=0 deleted_leaves=0 mirror_mismatches=0
CARTOON_AMR_TRANSACTION cycle=1604 requested_refine=0 requested_derefine_leaves=8 accepted_derefine_parents=0 created_leaves=0 deleted_leaves=0 mirror_mismatches=0
elapsed=8.562288e+01 cycle=1604 time=1.002167e+01 dt=6.076879e-03
CARTOON_AMR_TRANSACTION cycle=1605 requested_refine=0 requested_derefine_leaves=8 accepted_derefine_parents=0 created_leaves=0 deleted_leaves=0 mirror_mismatches=0
CARTOON_AMR_TRANSACTION cycle=1606 requested_refine=0 requested_derefine_leaves=8 accepted_derefine_parents=0 created_leaves=0 deleted_leaves=0 mirror_mismatches=0
CARTOON_AMR_TRANSACTION cycle=1607 requested_refine=0 requested_derefine_leaves=8 accepted_derefine_parents=0 created_leaves=0 deleted_leaves=0 mirror_mismatches=0
CARTOON_AMR_TRANSACTION cycle=1608 requested_refine=0 requested_derefine_leaves=8 accepted_derefine_parents=0 created_leaves=0 deleted_leaves=0 mirror_mismatches=0
elapsed=8.585871e+01 cycle=1608 time=1.004596e+01 dt=6.070706e-03
CARTOON_AMR_TRANSACTION cycle=1609 requested_refine=0 requested_derefine_leaves=8 accepted_derefine_parents=0 created_leaves=0 deleted_leaves=0 mirror_mismatches=0
CARTOON_AMR_TRANSACTION cycle=1610 requested_refine=0 requested_derefine_leaves=8 accepted_derefine_parents=0 created_leaves=0 deleted_leaves=0 mirror_mismatches=0
CARTOON_AMR_TRANSACTION cycle=1611 requested_refine=0 requested_derefine_leaves=8 accepted_derefine_parents=0 created_leaves=0 deleted_leaves=0 mirror_mismatches=0
CARTOON_AMR_TRANSACTION cycle=1612 requested_refine=0 requested_derefine_leaves=8 accepted_derefine_parents=0 created_leaves=0 deleted_leaves=0 mirror_mismatches=0
elapsed=8.606803e+01 cycle=1612 time=1.007024e+01 dt=6.064786e-03
CARTOON_AMR_TRANSACTION cycle=1613 requested_refine=0 requested_derefine_leaves=8 accepted_derefine_parents=0 created_leaves=0 deleted_leaves=0 mirror_mismatches=0
CARTOON_AMR_TRANSACTION cycle=1614 requested_refine=0 requested_derefine_leaves=8 accepted_derefine_parents=0 created_leaves=0 deleted_leaves=0 mirror_mismatches=0
CARTOON_AMR_TRANSACTION cycle=1615 requested_refine=0 requested_derefine_leaves=8 accepted_derefine_parents=0 created_leaves=0 deleted_leaves=0 mirror_mismatches=0
CARTOON_AMR_TRANSACTION cycle=1616 requested_refine=0 requested_derefine_leaves=8 accepted_derefine_parents=0 created_leaves=0 deleted_leaves=0 mirror_mismatches=0
elapsed=8.628003e+01 cycle=1616 time=1.009449e+01 dt=6.059119e-03
CARTOON_AMR_TRANSACTION cycle=1617 requested_refine=0 requested_derefine_leaves=8 accepted_derefine_parents=0 created_leaves=0 deleted_leaves=0 mirror_mismatches=0
CARTOON_AMR_TRANSACTION cycle=1618 requested_refine=0 requested_derefine_leaves=8 accepted_derefine_parents=0 created_leaves=0 deleted_leaves=0 mirror_mismatches=0
CARTOON_AMR_TRANSACTION cycle=1619 requested_refine=0 requested_derefine_leaves=8 accepted_derefine_parents=0 created_leaves=0 deleted_leaves=0 mirror_mismatches=0
CARTOON_AMR_TRANSACTION cycle=1620 requested_refine=0 requested_derefine_leaves=8 accepted_derefine_parents=0 created_leaves=0 deleted_leaves=0 mirror_mismatches=0
elapsed=8.644388e+01 cycle=1620 time=1.011872e+01 dt=6.053708e-03
CARTOON_AMR_TRANSACTION cycle=1621 requested_refine=0 requested_derefine_leaves=8 accepted_derefine_parents=0 created_leaves=0 deleted_leaves=0 mirror_mismatches=0
CARTOON_AMR_TRANSACTION cycle=1622 requested_refine=0 requested_derefine_leaves=8 accepted_derefine_parents=0 created_leaves=0 deleted_leaves=0 mirror_mismatches=0
CARTOON_AMR_TRANSACTION cycle=1623 requested_refine=0 requested_derefine_leaves=8 accepted_derefine_parents=0 created_leaves=0 deleted_leaves=0 mirror_mismatches=0
CARTOON_AMR_TRANSACTION cycle=1624 requested_refine=0 requested_derefine_leaves=8 accepted_derefine_parents=0 created_leaves=0 deleted_leaves=0 mirror_mismatches=0
elapsed=8.663357e+01 cycle=1624 time=1.014292e+01 dt=6.046617e-03
CARTOON_AMR_TRANSACTION cycle=1625 requested_refine=0 requested_derefine_leaves=8 accepted_derefine_parents=0 created_leaves=0 deleted_leaves=0 mirror_mismatches=0
CARTOON_AMR_TRANSACTION cycle=1626 requested_refine=0 requested_derefine_leaves=8 accepted_derefine_parents=0 created_leaves=0 deleted_leaves=0 mirror_mismatches=0
CARTOON_AMR_TRANSACTION cycle=1627 requested_refine=0 requested_derefine_leaves=8 accepted_derefine_parents=0 created_leaves=0 deleted_leaves=0 mirror_mismatches=0
CARTOON_AMR_TRANSACTION cycle=1628 requested_refine=0 requested_derefine_leaves=8 accepted_derefine_parents=0 created_leaves=0 deleted_leaves=0 mirror_mismatches=0
elapsed=8.680107e+01 cycle=1628 time=1.016710e+01 dt=6.039740e-03
CARTOON_AMR_TRANSACTION cycle=1629 requested_refine=0 requested_derefine_leaves=8 accepted_derefine_parents=0 created_leaves=0 deleted_leaves=0 mirror_mismatches=0
CARTOON_AMR_TRANSACTION cycle=1630 requested_refine=0 requested_derefine_leaves=8 accepted_derefine_parents=0 created_leaves=0 deleted_leaves=0 mirror_mismatches=0
CARTOON_AMR_TRANSACTION cycle=1631 requested_refine=0 requested_derefine_leaves=8 accepted_derefine_parents=0 created_leaves=0 deleted_leaves=0 mirror_mismatches=0
CARTOON_AMR_TRANSACTION cycle=1632 requested_refine=0 requested_derefine_leaves=8 accepted_derefine_parents=0 created_leaves=0 deleted_leaves=0 mirror_mismatches=0
elapsed=8.697786e+01 cycle=1632 time=1.019125e+01 dt=6.033105e-03
CARTOON_AMR_TRANSACTION cycle=1633 requested_refine=0 requested_derefine_leaves=8 accepted_derefine_parents=0 created_leaves=0 deleted_leaves=0 mirror_mismatches=0
CARTOON_AMR_TRANSACTION cycle=1634 requested_refine=0 requested_derefine_leaves=8 accepted_derefine_parents=0 created_leaves=0 deleted_leaves=0 mirror_mismatches=0
CARTOON_AMR_TRANSACTION cycle=1635 requested_refine=0 requested_derefine_leaves=8 accepted_derefine_parents=0 created_leaves=0 deleted_leaves=0 mirror_mismatches=0
CARTOON_AMR_TRANSACTION cycle=1636 requested_refine=0 requested_derefine_leaves=8 accepted_derefine_parents=0 created_leaves=0 deleted_leaves=0 mirror_mismatches=0
elapsed=8.715735e+01 cycle=1636 time=1.021537e+01 dt=6.026715e-03
CARTOON_AMR_TRANSACTION cycle=1637 requested_refine=0 requested_derefine_leaves=8 accepted_derefine_parents=0 created_leaves=0 deleted_leaves=0 mirror_mismatches=0
CARTOON_AMR_TRANSACTION cycle=1638 requested_refine=0 requested_derefine_leaves=8 accepted_derefine_parents=0 created_leaves=0 deleted_leaves=0 mirror_mismatches=0
CARTOON_AMR_TRANSACTION cycle=1639 requested_refine=0 requested_derefine_leaves=8 accepted_derefine_parents=0 created_leaves=0 deleted_leaves=0 mirror_mismatches=0
CARTOON_AMR_TRANSACTION cycle=1640 requested_refine=0 requested_derefine_leaves=8 accepted_derefine_parents=0 created_leaves=0 deleted_leaves=0 mirror_mismatches=0
elapsed=8.734806e+01 cycle=1640 time=1.023947e+01 dt=6.020570e-03
CARTOON_AMR_TRANSACTION cycle=1641 requested_refine=0 requested_derefine_leaves=8 accepted_derefine_parents=0 created_leaves=0 deleted_leaves=0 mirror_mismatches=0
CARTOON_AMR_TRANSACTION cycle=1642 requested_refine=0 requested_derefine_leaves=8 accepted_derefine_parents=0 created_leaves=0 deleted_leaves=0 mirror_mismatches=0
CARTOON_AMR_TRANSACTION cycle=1643 requested_refine=0 requested_derefine_leaves=8 accepted_derefine_parents=0 created_leaves=0 deleted_leaves=0 mirror_mismatches=0
CARTOON_AMR_TRANSACTION cycle=1644 requested_refine=0 requested_derefine_leaves=8 accepted_derefine_parents=0 created_leaves=0 deleted_leaves=0 mirror_mismatches=0
elapsed=8.756270e+01 cycle=1644 time=1.026354e+01 dt=6.014673e-03
CARTOON_AMR_TRANSACTION cycle=1645 requested_refine=0 requested_derefine_leaves=8 accepted_derefine_parents=0 created_leaves=0 deleted_leaves=0 mirror_mismatches=0
CARTOON_AMR_TRANSACTION cycle=1646 requested_refine=0 requested_derefine_leaves=8 accepted_derefine_parents=0 created_leaves=0 deleted_leaves=0 mirror_mismatches=0
CARTOON_AMR_TRANSACTION cycle=1647 requested_refine=0 requested_derefine_leaves=8 accepted_derefine_parents=0 created_leaves=0 deleted_leaves=0 mirror_mismatches=0
CARTOON_AMR_TRANSACTION cycle=1648 requested_refine=0 requested_derefine_leaves=8 accepted_derefine_parents=0 created_leaves=0 deleted_leaves=0 mirror_mismatches=0
elapsed=8.777562e+01 cycle=1648 time=1.028759e+01 dt=6.007552e-03
CARTOON_AMR_TRANSACTION cycle=1649 requested_refine=0 requested_derefine_leaves=8 accepted_derefine_parents=0 created_leaves=0 deleted_leaves=0 mirror_mismatches=0
CARTOON_AMR_TRANSACTION cycle=1650 requested_refine=0 requested_derefine_leaves=8 accepted_derefine_parents=0 created_leaves=0 deleted_leaves=0 mirror_mismatches=0
CARTOON_AMR_TRANSACTION cycle=1651 requested_refine=0 requested_derefine_leaves=8 accepted_derefine_parents=0 created_leaves=0 deleted_leaves=0 mirror_mismatches=0
CARTOON_AMR_TRANSACTION cycle=1652 requested_refine=0 requested_derefine_leaves=8 accepted_derefine_parents=0 created_leaves=0 deleted_leaves=0 mirror_mismatches=0
elapsed=8.794874e+01 cycle=1652 time=1.031161e+01 dt=6.000201e-03
CARTOON_AMR_TRANSACTION cycle=1653 requested_refine=0 requested_derefine_leaves=8 accepted_derefine_parents=0 created_leaves=0 deleted_leaves=0 mirror_mismatches=0
CARTOON_AMR_TRANSACTION cycle=1654 requested_refine=0 requested_derefine_leaves=8 accepted_derefine_parents=0 created_leaves=0 deleted_leaves=0 mirror_mismatches=0
CARTOON_AMR_TRANSACTION cycle=1655 requested_refine=0 requested_derefine_leaves=8 accepted_derefine_parents=0 created_leaves=0 deleted_leaves=0 mirror_mismatches=0
CARTOON_AMR_TRANSACTION cycle=1656 requested_refine=0 requested_derefine_leaves=8 accepted_derefine_parents=0 created_leaves=0 deleted_leaves=0 mirror_mismatches=0
elapsed=8.819756e+01 cycle=1656 time=1.033560e+01 dt=5.993084e-03
CARTOON_AMR_TRANSACTION cycle=1657 requested_refine=0 requested_derefine_leaves=8 accepted_derefine_parents=0 created_leaves=0 deleted_leaves=0 mirror_mismatches=0
CARTOON_AMR_TRANSACTION cycle=1658 requested_refine=0 requested_derefine_leaves=8 accepted_derefine_parents=0 created_leaves=0 deleted_leaves=0 mirror_mismatches=0
CARTOON_AMR_TRANSACTION cycle=1659 requested_refine=0 requested_derefine_leaves=8 accepted_derefine_parents=0 created_leaves=0 deleted_leaves=0 mirror_mismatches=0
CARTOON_AMR_TRANSACTION cycle=1660 requested_refine=0 requested_derefine_leaves=8 accepted_derefine_parents=0 created_leaves=0 deleted_leaves=0 mirror_mismatches=0
elapsed=8.837836e+01 cycle=1660 time=1.035956e+01 dt=5.986204e-03
CARTOON_AMR_TRANSACTION cycle=1661 requested_refine=0 requested_derefine_leaves=8 accepted_derefine_parents=0 created_leaves=0 deleted_leaves=0 mirror_mismatches=0
CARTOON_AMR_TRANSACTION cycle=1662 requested_refine=0 requested_derefine_leaves=8 accepted_derefine_parents=0 created_leaves=0 deleted_leaves=0 mirror_mismatches=0
CARTOON_AMR_TRANSACTION cycle=1663 requested_refine=0 requested_derefine_leaves=8 accepted_derefine_parents=0 created_leaves=0 deleted_leaves=0 mirror_mismatches=0
CARTOON_AMR_TRANSACTION cycle=1664 requested_refine=0 requested_derefine_leaves=8 accepted_derefine_parents=0 created_leaves=0 deleted_leaves=0 mirror_mismatches=0
elapsed=8.858976e+01 cycle=1664 time=1.038349e+01 dt=5.979561e-03
CARTOON_AMR_TRANSACTION cycle=1665 requested_refine=0 requested_derefine_leaves=8 accepted_derefine_parents=0 created_leaves=0 deleted_leaves=0 mirror_mismatches=0
CARTOON_AMR_TRANSACTION cycle=1666 requested_refine=0 requested_derefine_leaves=8 accepted_derefine_parents=0 created_leaves=0 deleted_leaves=0 mirror_mismatches=0
CARTOON_AMR_TRANSACTION cycle=1667 requested_refine=0 requested_derefine_leaves=8 accepted_derefine_parents=0 created_leaves=0 deleted_leaves=0 mirror_mismatches=0
CARTOON_AMR_TRANSACTION cycle=1668 requested_refine=0 requested_derefine_leaves=8 accepted_derefine_parents=0 created_leaves=0 deleted_leaves=0 mirror_mismatches=0
elapsed=8.878152e+01 cycle=1668 time=1.040740e+01 dt=5.973158e-03
CARTOON_AMR_TRANSACTION cycle=1669 requested_refine=0 requested_derefine_leaves=6 accepted_derefine_parents=0 created_leaves=0 deleted_leaves=0 mirror_mismatches=0
CARTOON_AMR_TRANSACTION cycle=1670 requested_refine=0 requested_derefine_leaves=6 accepted_derefine_parents=0 created_leaves=0 deleted_leaves=0 mirror_mismatches=0
CARTOON_AMR_TRANSACTION cycle=1671 requested_refine=0 requested_derefine_leaves=4 accepted_derefine_parents=0 created_leaves=0 deleted_leaves=0 mirror_mismatches=0
CARTOON_AMR_TRANSACTION cycle=1672 requested_refine=0 requested_derefine_leaves=4 accepted_derefine_parents=0 created_leaves=0 deleted_leaves=0 mirror_mismatches=0
elapsed=8.897011e+01 cycle=1672 time=1.043128e+01 dt=5.965835e-03
CARTOON_AMR_TRANSACTION cycle=1673 requested_refine=0 requested_derefine_leaves=4 accepted_derefine_parents=0 created_leaves=0 deleted_leaves=0 mirror_mismatches=0
CARTOON_AMR_TRANSACTION cycle=1674 requested_refine=0 requested_derefine_leaves=4 accepted_derefine_parents=0 created_leaves=0 deleted_leaves=0 mirror_mismatches=0
CARTOON_AMR_TRANSACTION cycle=1675 requested_refine=0 requested_derefine_leaves=4 accepted_derefine_parents=0 created_leaves=0 deleted_leaves=0 mirror_mismatches=0
CARTOON_AMR_TRANSACTION cycle=1676 requested_refine=0 requested_derefine_leaves=4 accepted_derefine_parents=0 created_leaves=0 deleted_leaves=0 mirror_mismatches=0
elapsed=8.918098e+01 cycle=1676 time=1.045514e+01 dt=5.957990e-03
CARTOON_AMR_TRANSACTION cycle=1677 requested_refine=0 requested_derefine_leaves=4 accepted_derefine_parents=0 created_leaves=0 deleted_leaves=0 mirror_mismatches=0
CARTOON_AMR_TRANSACTION cycle=1678 requested_refine=0 requested_derefine_leaves=4 accepted_derefine_parents=0 created_leaves=0 deleted_leaves=0 mirror_mismatches=0
CARTOON_AMR_TRANSACTION cycle=1679 requested_refine=0 requested_derefine_leaves=4 accepted_derefine_parents=0 created_leaves=0 deleted_leaves=0 mirror_mismatches=0
CARTOON_AMR_TRANSACTION cycle=1680 requested_refine=0 requested_derefine_leaves=4 accepted_derefine_parents=0 created_leaves=0 deleted_leaves=0 mirror_mismatches=0
elapsed=8.937547e+01 cycle=1680 time=1.047896e+01 dt=5.950371e-03
CARTOON_AMR_TRANSACTION cycle=1681 requested_refine=0 requested_derefine_leaves=4 accepted_derefine_parents=0 created_leaves=0 deleted_leaves=0 mirror_mismatches=0
CARTOON_AMR_TRANSACTION cycle=1682 requested_refine=0 requested_derefine_leaves=4 accepted_derefine_parents=0 created_leaves=0 deleted_leaves=0 mirror_mismatches=0
CARTOON_AMR_TRANSACTION cycle=1683 requested_refine=0 requested_derefine_leaves=4 accepted_derefine_parents=0 created_leaves=0 deleted_leaves=0 mirror_mismatches=0
CARTOON_AMR_TRANSACTION cycle=1684 requested_refine=0 requested_derefine_leaves=4 accepted_derefine_parents=0 created_leaves=0 deleted_leaves=0 mirror_mismatches=0
elapsed=8.957864e+01 cycle=1684 time=1.050275e+01 dt=5.942981e-03
CARTOON_AMR_TRANSACTION cycle=1685 requested_refine=0 requested_derefine_leaves=4 accepted_derefine_parents=0 created_leaves=0 deleted_leaves=0 mirror_mismatches=0
CARTOON_AMR_TRANSACTION cycle=1686 requested_refine=0 requested_derefine_leaves=4 accepted_derefine_parents=0 created_leaves=0 deleted_leaves=0 mirror_mismatches=0
CARTOON_AMR_TRANSACTION cycle=1687 requested_refine=0 requested_derefine_leaves=4 accepted_derefine_parents=0 created_leaves=0 deleted_leaves=0 mirror_mismatches=0
CARTOON_AMR_TRANSACTION cycle=1688 requested_refine=0 requested_derefine_leaves=4 accepted_derefine_parents=0 created_leaves=0 deleted_leaves=0 mirror_mismatches=0
elapsed=8.977557e+01 cycle=1688 time=1.052651e+01 dt=5.935820e-03
CARTOON_AMR_TRANSACTION cycle=1689 requested_refine=0 requested_derefine_leaves=4 accepted_derefine_parents=0 created_leaves=0 deleted_leaves=0 mirror_mismatches=0
CARTOON_AMR_TRANSACTION cycle=1690 requested_refine=0 requested_derefine_leaves=4 accepted_derefine_parents=0 created_leaves=0 deleted_leaves=0 mirror_mismatches=0
CARTOON_AMR_TRANSACTION cycle=1691 requested_refine=0 requested_derefine_leaves=4 accepted_derefine_parents=0 created_leaves=0 deleted_leaves=0 mirror_mismatches=0
CARTOON_AMR_TRANSACTION cycle=1692 requested_refine=0 requested_derefine_leaves=4 accepted_derefine_parents=0 created_leaves=0 deleted_leaves=0 mirror_mismatches=0
elapsed=8.999632e+01 cycle=1692 time=1.055024e+01 dt=5.928890e-03
CARTOON_AMR_TRANSACTION cycle=1693 requested_refine=0 requested_derefine_leaves=4 accepted_derefine_parents=0 created_leaves=0 deleted_leaves=0 mirror_mismatches=0
CARTOON_AMR_TRANSACTION cycle=1694 requested_refine=0 requested_derefine_leaves=4 accepted_derefine_parents=0 created_leaves=0 deleted_leaves=0 mirror_mismatches=0
CARTOON_AMR_TRANSACTION cycle=1695 requested_refine=0 requested_derefine_leaves=4 accepted_derefine_parents=0 created_leaves=0 deleted_leaves=0 mirror_mismatches=0
CARTOON_AMR_TRANSACTION cycle=1696 requested_refine=0 requested_derefine_leaves=4 accepted_derefine_parents=0 created_leaves=0 deleted_leaves=0 mirror_mismatches=0
elapsed=9.018166e+01 cycle=1696 time=1.057395e+01 dt=5.921135e-03
CARTOON_AMR_TRANSACTION cycle=1697 requested_refine=0 requested_derefine_leaves=4 accepted_derefine_parents=0 created_leaves=0 deleted_leaves=0 mirror_mismatches=0
CARTOON_AMR_TRANSACTION cycle=1698 requested_refine=0 requested_derefine_leaves=4 accepted_derefine_parents=0 created_leaves=0 deleted_leaves=0 mirror_mismatches=0
CARTOON_AMR_TRANSACTION cycle=1699 requested_refine=0 requested_derefine_leaves=4 accepted_derefine_parents=0 created_leaves=0 deleted_leaves=0 mirror_mismatches=0
CARTOON_AMR_TRANSACTION cycle=1700 requested_refine=0 requested_derefine_leaves=4 accepted_derefine_parents=0 created_leaves=0 deleted_leaves=0 mirror_mismatches=0
elapsed=9.038514e+01 cycle=1700 time=1.059762e+01 dt=5.912773e-03
CARTOON_AMR_TRANSACTION cycle=1701 requested_refine=0 requested_derefine_leaves=4 accepted_derefine_parents=0 created_leaves=0 deleted_leaves=0 mirror_mismatches=0
CARTOON_AMR_TRANSACTION cycle=1702 requested_refine=0 requested_derefine_leaves=4 accepted_derefine_parents=0 created_leaves=0 deleted_leaves=0 mirror_mismatches=0
CARTOON_AMR_TRANSACTION cycle=1703 requested_refine=0 requested_derefine_leaves=4 accepted_derefine_parents=0 created_leaves=0 deleted_leaves=0 mirror_mismatches=0
CARTOON_AMR_TRANSACTION cycle=1704 requested_refine=0 requested_derefine_leaves=4 accepted_derefine_parents=0 created_leaves=0 deleted_leaves=0 mirror_mismatches=0
elapsed=9.058815e+01 cycle=1704 time=1.062126e+01 dt=5.904630e-03
CARTOON_AMR_TRANSACTION cycle=1705 requested_refine=0 requested_derefine_leaves=4 accepted_derefine_parents=0 created_leaves=0 deleted_leaves=0 mirror_mismatches=0
CARTOON_AMR_TRANSACTION cycle=1706 requested_refine=0 requested_derefine_leaves=4 accepted_derefine_parents=0 created_leaves=0 deleted_leaves=0 mirror_mismatches=0
CARTOON_AMR_TRANSACTION cycle=1707 requested_refine=0 requested_derefine_leaves=4 accepted_derefine_parents=0 created_leaves=0 deleted_leaves=0 mirror_mismatches=0
CARTOON_AMR_TRANSACTION cycle=1708 requested_refine=0 requested_derefine_leaves=4 accepted_derefine_parents=0 created_leaves=0 deleted_leaves=0 mirror_mismatches=0
elapsed=9.083292e+01 cycle=1708 time=1.064486e+01 dt=5.896706e-03
CARTOON_AMR_TRANSACTION cycle=1709 requested_refine=0 requested_derefine_leaves=4 accepted_derefine_parents=0 created_leaves=0 deleted_leaves=0 mirror_mismatches=0
CARTOON_AMR_TRANSACTION cycle=1710 requested_refine=0 requested_derefine_leaves=4 accepted_derefine_parents=0 created_leaves=0 deleted_leaves=0 mirror_mismatches=0
CARTOON_AMR_TRANSACTION cycle=1711 requested_refine=0 requested_derefine_leaves=4 accepted_derefine_parents=0 created_leaves=0 deleted_leaves=0 mirror_mismatches=0
CARTOON_AMR_TRANSACTION cycle=1712 requested_refine=0 requested_derefine_leaves=4 accepted_derefine_parents=0 created_leaves=0 deleted_leaves=0 mirror_mismatches=0
elapsed=9.102815e+01 cycle=1712 time=1.066844e+01 dt=5.889003e-03
CARTOON_AMR_TRANSACTION cycle=1713 requested_refine=0 requested_derefine_leaves=4 accepted_derefine_parents=0 created_leaves=0 deleted_leaves=0 mirror_mismatches=0
CARTOON_AMR_TRANSACTION cycle=1714 requested_refine=0 requested_derefine_leaves=4 accepted_derefine_parents=0 created_leaves=0 deleted_leaves=0 mirror_mismatches=0
CARTOON_AMR_TRANSACTION cycle=1715 requested_refine=0 requested_derefine_leaves=4 accepted_derefine_parents=0 created_leaves=0 deleted_leaves=0 mirror_mismatches=0
CARTOON_AMR_TRANSACTION cycle=1716 requested_refine=0 requested_derefine_leaves=4 accepted_derefine_parents=0 created_leaves=0 deleted_leaves=0 mirror_mismatches=0
elapsed=9.121229e+01 cycle=1716 time=1.069198e+01 dt=5.881523e-03
CARTOON_AMR_TRANSACTION cycle=1717 requested_refine=0 requested_derefine_leaves=4 accepted_derefine_parents=0 created_leaves=0 deleted_leaves=0 mirror_mismatches=0
CARTOON_AMR_TRANSACTION cycle=1718 requested_refine=0 requested_derefine_leaves=4 accepted_derefine_parents=0 created_leaves=0 deleted_leaves=0 mirror_mismatches=0
CARTOON_AMR_TRANSACTION cycle=1719 requested_refine=0 requested_derefine_leaves=4 accepted_derefine_parents=0 created_leaves=0 deleted_leaves=0 mirror_mismatches=0
CARTOON_AMR_TRANSACTION cycle=1720 requested_refine=0 requested_derefine_leaves=4 accepted_derefine_parents=0 created_leaves=0 deleted_leaves=0 mirror_mismatches=0
elapsed=9.141201e+01 cycle=1720 time=1.071550e+01 dt=5.873054e-03
CARTOON_AMR_TRANSACTION cycle=1721 requested_refine=0 requested_derefine_leaves=4 accepted_derefine_parents=0 created_leaves=0 deleted_leaves=0 mirror_mismatches=0
CARTOON_AMR_TRANSACTION cycle=1722 requested_refine=0 requested_derefine_leaves=4 accepted_derefine_parents=0 created_leaves=0 deleted_leaves=0 mirror_mismatches=0
CARTOON_AMR_TRANSACTION cycle=1723 requested_refine=0 requested_derefine_leaves=4 accepted_derefine_parents=0 created_leaves=0 deleted_leaves=0 mirror_mismatches=0
CARTOON_AMR_TRANSACTION cycle=1724 requested_refine=0 requested_derefine_leaves=4 accepted_derefine_parents=0 created_leaves=0 deleted_leaves=0 mirror_mismatches=0
elapsed=9.157687e+01 cycle=1724 time=1.073898e+01 dt=5.864153e-03
CARTOON_AMR_TRANSACTION cycle=1725 requested_refine=0 requested_derefine_leaves=4 accepted_derefine_parents=0 created_leaves=0 deleted_leaves=0 mirror_mismatches=0
CARTOON_AMR_TRANSACTION cycle=1726 requested_refine=0 requested_derefine_leaves=4 accepted_derefine_parents=0 created_leaves=0 deleted_leaves=0 mirror_mismatches=0
CARTOON_AMR_TRANSACTION cycle=1727 requested_refine=0 requested_derefine_leaves=4 accepted_derefine_parents=0 created_leaves=0 deleted_leaves=0 mirror_mismatches=0
CARTOON_AMR_TRANSACTION cycle=1728 requested_refine=0 requested_derefine_leaves=4 accepted_derefine_parents=0 created_leaves=0 deleted_leaves=0 mirror_mismatches=0
elapsed=9.177820e+01 cycle=1728 time=1.076242e+01 dt=5.855463e-03
CARTOON_AMR_TRANSACTION cycle=1729 requested_refine=0 requested_derefine_leaves=4 accepted_derefine_parents=0 created_leaves=0 deleted_leaves=0 mirror_mismatches=0
CARTOON_AMR_TRANSACTION cycle=1730 requested_refine=0 requested_derefine_leaves=4 accepted_derefine_parents=0 created_leaves=0 deleted_leaves=0 mirror_mismatches=0
CARTOON_AMR_TRANSACTION cycle=1731 requested_refine=0 requested_derefine_leaves=4 accepted_derefine_parents=0 created_leaves=0 deleted_leaves=0 mirror_mismatches=0
CARTOON_AMR_TRANSACTION cycle=1732 requested_refine=0 requested_derefine_leaves=4 accepted_derefine_parents=0 created_leaves=0 deleted_leaves=0 mirror_mismatches=0
elapsed=9.193941e+01 cycle=1732 time=1.078583e+01 dt=5.846985e-03
CARTOON_AMR_TRANSACTION cycle=1733 requested_refine=0 requested_derefine_leaves=4 accepted_derefine_parents=0 created_leaves=0 deleted_leaves=0 mirror_mismatches=0
CARTOON_AMR_TRANSACTION cycle=1734 requested_refine=0 requested_derefine_leaves=4 accepted_derefine_parents=0 created_leaves=0 deleted_leaves=0 mirror_mismatches=0
CARTOON_AMR_TRANSACTION cycle=1735 requested_refine=0 requested_derefine_leaves=4 accepted_derefine_parents=0 created_leaves=0 deleted_leaves=0 mirror_mismatches=0
CARTOON_AMR_TRANSACTION cycle=1736 requested_refine=0 requested_derefine_leaves=4 accepted_derefine_parents=0 created_leaves=0 deleted_leaves=0 mirror_mismatches=0
elapsed=9.213114e+01 cycle=1736 time=1.080920e+01 dt=5.838720e-03
CARTOON_AMR_TRANSACTION cycle=1737 requested_refine=0 requested_derefine_leaves=4 accepted_derefine_parents=0 created_leaves=0 deleted_leaves=0 mirror_mismatches=0
CARTOON_AMR_TRANSACTION cycle=1738 requested_refine=0 requested_derefine_leaves=4 accepted_derefine_parents=0 created_leaves=0 deleted_leaves=0 mirror_mismatches=0
CARTOON_AMR_TRANSACTION cycle=1739 requested_refine=0 requested_derefine_leaves=4 accepted_derefine_parents=0 created_leaves=0 deleted_leaves=0 mirror_mismatches=0
CARTOON_AMR_TRANSACTION cycle=1740 requested_refine=0 requested_derefine_leaves=4 accepted_derefine_parents=0 created_leaves=0 deleted_leaves=0 mirror_mismatches=0
elapsed=9.230032e+01 cycle=1740 time=1.083255e+01 dt=5.830668e-03
CARTOON_AMR_TRANSACTION cycle=1741 requested_refine=0 requested_derefine_leaves=4 accepted_derefine_parents=0 created_leaves=0 deleted_leaves=0 mirror_mismatches=0
CARTOON_AMR_TRANSACTION cycle=1742 requested_refine=0 requested_derefine_leaves=4 accepted_derefine_parents=0 created_leaves=0 deleted_leaves=0 mirror_mismatches=0
CARTOON_AMR_TRANSACTION cycle=1743 requested_refine=0 requested_derefine_leaves=4 accepted_derefine_parents=0 created_leaves=0 deleted_leaves=0 mirror_mismatches=0
CARTOON_AMR_TRANSACTION cycle=1744 requested_refine=0 requested_derefine_leaves=4 accepted_derefine_parents=0 created_leaves=0 deleted_leaves=0 mirror_mismatches=0
elapsed=9.250774e+01 cycle=1744 time=1.085586e+01 dt=5.821172e-03
CARTOON_AMR_TRANSACTION cycle=1745 requested_refine=0 requested_derefine_leaves=4 accepted_derefine_parents=0 created_leaves=0 deleted_leaves=0 mirror_mismatches=0
CARTOON_AMR_TRANSACTION cycle=1746 requested_refine=0 requested_derefine_leaves=4 accepted_derefine_parents=0 created_leaves=0 deleted_leaves=0 mirror_mismatches=0
CARTOON_AMR_TRANSACTION cycle=1747 requested_refine=0 requested_derefine_leaves=4 accepted_derefine_parents=0 created_leaves=0 deleted_leaves=0 mirror_mismatches=0
CARTOON_AMR_TRANSACTION cycle=1748 requested_refine=0 requested_derefine_leaves=4 accepted_derefine_parents=0 created_leaves=0 deleted_leaves=0 mirror_mismatches=0
elapsed=9.269002e+01 cycle=1748 time=1.087913e+01 dt=5.811711e-03
CARTOON_AMR_TRANSACTION cycle=1749 requested_refine=0 requested_derefine_leaves=4 accepted_derefine_parents=0 created_leaves=0 deleted_leaves=0 mirror_mismatches=0
CARTOON_AMR_TRANSACTION cycle=1750 requested_refine=0 requested_derefine_leaves=4 accepted_derefine_parents=0 created_leaves=0 deleted_leaves=0 mirror_mismatches=0
CARTOON_AMR_TRANSACTION cycle=1751 requested_refine=0 requested_derefine_leaves=4 accepted_derefine_parents=0 created_leaves=0 deleted_leaves=0 mirror_mismatches=0
CARTOON_AMR_TRANSACTION cycle=1752 requested_refine=0 requested_derefine_leaves=4 accepted_derefine_parents=0 created_leaves=0 deleted_leaves=0 mirror_mismatches=0
elapsed=9.286981e+01 cycle=1752 time=1.090236e+01 dt=5.802454e-03
CARTOON_AMR_TRANSACTION cycle=1753 requested_refine=0 requested_derefine_leaves=4 accepted_derefine_parents=0 created_leaves=0 deleted_leaves=0 mirror_mismatches=0
CARTOON_AMR_TRANSACTION cycle=1754 requested_refine=0 requested_derefine_leaves=4 accepted_derefine_parents=0 created_leaves=0 deleted_leaves=0 mirror_mismatches=0
CARTOON_AMR_TRANSACTION cycle=1755 requested_refine=0 requested_derefine_leaves=4 accepted_derefine_parents=0 created_leaves=0 deleted_leaves=0 mirror_mismatches=0
CARTOON_AMR_TRANSACTION cycle=1756 requested_refine=0 requested_derefine_leaves=4 accepted_derefine_parents=0 created_leaves=0 deleted_leaves=0 mirror_mismatches=0
elapsed=9.304845e+01 cycle=1756 time=1.092555e+01 dt=5.793400e-03
CARTOON_AMR_TRANSACTION cycle=1757 requested_refine=0 requested_derefine_leaves=4 accepted_derefine_parents=0 created_leaves=0 deleted_leaves=0 mirror_mismatches=0
CARTOON_AMR_TRANSACTION cycle=1758 requested_refine=0 requested_derefine_leaves=4 accepted_derefine_parents=0 created_leaves=0 deleted_leaves=0 mirror_mismatches=0
CARTOON_AMR_TRANSACTION cycle=1759 requested_refine=0 requested_derefine_leaves=4 accepted_derefine_parents=0 created_leaves=0 deleted_leaves=0 mirror_mismatches=0
CARTOON_AMR_TRANSACTION cycle=1760 requested_refine=0 requested_derefine_leaves=4 accepted_derefine_parents=0 created_leaves=0 deleted_leaves=0 mirror_mismatches=0
elapsed=9.324000e+01 cycle=1760 time=1.094872e+01 dt=5.784551e-03
CARTOON_AMR_TRANSACTION cycle=1761 requested_refine=0 requested_derefine_leaves=4 accepted_derefine_parents=0 created_leaves=0 deleted_leaves=0 mirror_mismatches=0
CARTOON_AMR_TRANSACTION cycle=1762 requested_refine=0 requested_derefine_leaves=4 accepted_derefine_parents=0 created_leaves=0 deleted_leaves=0 mirror_mismatches=0
CARTOON_AMR_TRANSACTION cycle=1763 requested_refine=0 requested_derefine_leaves=4 accepted_derefine_parents=0 created_leaves=0 deleted_leaves=0 mirror_mismatches=0
CARTOON_AMR_TRANSACTION cycle=1764 requested_refine=0 requested_derefine_leaves=4 accepted_derefine_parents=0 created_leaves=0 deleted_leaves=0 mirror_mismatches=0
elapsed=9.344775e+01 cycle=1764 time=1.097184e+01 dt=5.775241e-03
CARTOON_AMR_TRANSACTION cycle=1765 requested_refine=0 requested_derefine_leaves=4 accepted_derefine_parents=0 created_leaves=0 deleted_leaves=0 mirror_mismatches=0
CARTOON_AMR_TRANSACTION cycle=1766 requested_refine=0 requested_derefine_leaves=4 accepted_derefine_parents=0 created_leaves=0 deleted_leaves=0 mirror_mismatches=0
CARTOON_AMR_TRANSACTION cycle=1767 requested_refine=0 requested_derefine_leaves=4 accepted_derefine_parents=0 created_leaves=0 deleted_leaves=0 mirror_mismatches=0
CARTOON_AMR_TRANSACTION cycle=1768 requested_refine=0 requested_derefine_leaves=4 accepted_derefine_parents=0 created_leaves=0 deleted_leaves=0 mirror_mismatches=0
elapsed=9.366277e+01 cycle=1768 time=1.099493e+01 dt=5.765007e-03
CARTOON_AMR_TRANSACTION cycle=1769 requested_refine=0 requested_derefine_leaves=4 accepted_derefine_parents=0 created_leaves=0 deleted_leaves=0 mirror_mismatches=0
CARTOON_AMR_TRANSACTION cycle=1770 requested_refine=0 requested_derefine_leaves=4 accepted_derefine_parents=0 created_leaves=0 deleted_leaves=0 mirror_mismatches=0
CARTOON_AMR_TRANSACTION cycle=1771 requested_refine=0 requested_derefine_leaves=4 accepted_derefine_parents=0 created_leaves=0 deleted_leaves=0 mirror_mismatches=0
CARTOON_AMR_TRANSACTION cycle=1772 requested_refine=0 requested_derefine_leaves=4 accepted_derefine_parents=0 created_leaves=0 deleted_leaves=0 mirror_mismatches=0
elapsed=9.385926e+01 cycle=1772 time=1.101797e+01 dt=5.754967e-03
CARTOON_AMR_TRANSACTION cycle=1773 requested_refine=0 requested_derefine_leaves=4 accepted_derefine_parents=0 created_leaves=0 deleted_leaves=0 mirror_mismatches=0
CARTOON_AMR_TRANSACTION cycle=1774 requested_refine=0 requested_derefine_leaves=4 accepted_derefine_parents=0 created_leaves=0 deleted_leaves=0 mirror_mismatches=0
CARTOON_AMR_TRANSACTION cycle=1775 requested_refine=0 requested_derefine_leaves=4 accepted_derefine_parents=0 created_leaves=0 deleted_leaves=0 mirror_mismatches=0
CARTOON_AMR_TRANSACTION cycle=1776 requested_refine=0 requested_derefine_leaves=4 accepted_derefine_parents=0 created_leaves=0 deleted_leaves=0 mirror_mismatches=0
elapsed=9.406749e+01 cycle=1776 time=1.104098e+01 dt=5.745123e-03
CARTOON_AMR_TRANSACTION cycle=1777 requested_refine=0 requested_derefine_leaves=4 accepted_derefine_parents=0 created_leaves=0 deleted_leaves=0 mirror_mismatches=0
CARTOON_AMR_TRANSACTION cycle=1778 requested_refine=0 requested_derefine_leaves=4 accepted_derefine_parents=0 created_leaves=0 deleted_leaves=0 mirror_mismatches=0
CARTOON_AMR_TRANSACTION cycle=1779 requested_refine=0 requested_derefine_leaves=4 accepted_derefine_parents=0 created_leaves=0 deleted_leaves=0 mirror_mismatches=0
CARTOON_AMR_TRANSACTION cycle=1780 requested_refine=0 requested_derefine_leaves=4 accepted_derefine_parents=0 created_leaves=0 deleted_leaves=0 mirror_mismatches=0
elapsed=9.425052e+01 cycle=1780 time=1.106394e+01 dt=5.735475e-03
CARTOON_AMR_TRANSACTION cycle=1781 requested_refine=0 requested_derefine_leaves=4 accepted_derefine_parents=0 created_leaves=0 deleted_leaves=0 mirror_mismatches=0
CARTOON_AMR_TRANSACTION cycle=1782 requested_refine=0 requested_derefine_leaves=4 accepted_derefine_parents=0 created_leaves=0 deleted_leaves=0 mirror_mismatches=0
CARTOON_AMR_TRANSACTION cycle=1783 requested_refine=0 requested_derefine_leaves=4 accepted_derefine_parents=0 created_leaves=0 deleted_leaves=0 mirror_mismatches=0
CARTOON_AMR_TRANSACTION cycle=1784 requested_refine=0 requested_derefine_leaves=4 accepted_derefine_parents=0 created_leaves=0 deleted_leaves=0 mirror_mismatches=0
elapsed=9.452627e+01 cycle=1784 time=1.108687e+01 dt=5.725882e-03
CARTOON_AMR_TRANSACTION cycle=1785 requested_refine=0 requested_derefine_leaves=4 accepted_derefine_parents=0 created_leaves=0 deleted_leaves=0 mirror_mismatches=0
CARTOON_AMR_TRANSACTION cycle=1786 requested_refine=0 requested_derefine_leaves=4 accepted_derefine_parents=0 created_leaves=0 deleted_leaves=0 mirror_mismatches=0
CARTOON_AMR_TRANSACTION cycle=1787 requested_refine=0 requested_derefine_leaves=4 accepted_derefine_parents=0 created_leaves=0 deleted_leaves=0 mirror_mismatches=0
CARTOON_AMR_TRANSACTION cycle=1788 requested_refine=0 requested_derefine_leaves=4 accepted_derefine_parents=0 created_leaves=0 deleted_leaves=0 mirror_mismatches=0
elapsed=9.469456e+01 cycle=1788 time=1.110976e+01 dt=5.714876e-03
CARTOON_AMR_TRANSACTION cycle=1789 requested_refine=0 requested_derefine_leaves=4 accepted_derefine_parents=0 created_leaves=0 deleted_leaves=0 mirror_mismatches=0
CARTOON_AMR_TRANSACTION cycle=1790 requested_refine=0 requested_derefine_leaves=4 accepted_derefine_parents=0 created_leaves=0 deleted_leaves=0 mirror_mismatches=0
CARTOON_AMR_TRANSACTION cycle=1791 requested_refine=0 requested_derefine_leaves=4 accepted_derefine_parents=0 created_leaves=0 deleted_leaves=0 mirror_mismatches=0
CARTOON_AMR_TRANSACTION cycle=1792 requested_refine=0 requested_derefine_leaves=4 accepted_derefine_parents=0 created_leaves=0 deleted_leaves=0 mirror_mismatches=0
elapsed=9.528362e+01 cycle=1792 time=1.113260e+01 dt=5.704056e-03
CARTOON_AMR_TRANSACTION cycle=1793 requested_refine=0 requested_derefine_leaves=4 accepted_derefine_parents=0 created_leaves=0 deleted_leaves=0 mirror_mismatches=0
CARTOON_AMR_TRANSACTION cycle=1794 requested_refine=0 requested_derefine_leaves=4 accepted_derefine_parents=0 created_leaves=0 deleted_leaves=0 mirror_mismatches=0
CARTOON_AMR_TRANSACTION cycle=1795 requested_refine=0 requested_derefine_leaves=4 accepted_derefine_parents=0 created_leaves=0 deleted_leaves=0 mirror_mismatches=0
CARTOON_AMR_TRANSACTION cycle=1796 requested_refine=0 requested_derefine_leaves=4 accepted_derefine_parents=0 created_leaves=0 deleted_leaves=0 mirror_mismatches=0
elapsed=9.555204e+01 cycle=1796 time=1.115540e+01 dt=5.693424e-03
CARTOON_AMR_TRANSACTION cycle=1797 requested_refine=0 requested_derefine_leaves=4 accepted_derefine_parents=0 created_leaves=0 deleted_leaves=0 mirror_mismatches=0
CARTOON_AMR_TRANSACTION cycle=1798 requested_refine=0 requested_derefine_leaves=4 accepted_derefine_parents=0 created_leaves=0 deleted_leaves=0 mirror_mismatches=0
CARTOON_AMR_TRANSACTION cycle=1799 requested_refine=0 requested_derefine_leaves=4 accepted_derefine_parents=0 created_leaves=0 deleted_leaves=0 mirror_mismatches=0
CARTOON_AMR_TRANSACTION cycle=1800 requested_refine=0 requested_derefine_leaves=4 accepted_derefine_parents=0 created_leaves=0 deleted_leaves=0 mirror_mismatches=0
elapsed=9.575381e+01 cycle=1800 time=1.117816e+01 dt=5.682981e-03
CARTOON_AMR_TRANSACTION cycle=1801 requested_refine=0 requested_derefine_leaves=4 accepted_derefine_parents=0 created_leaves=0 deleted_leaves=0 mirror_mismatches=0
CARTOON_AMR_TRANSACTION cycle=1802 requested_refine=0 requested_derefine_leaves=4 accepted_derefine_parents=0 created_leaves=0 deleted_leaves=0 mirror_mismatches=0
CARTOON_AMR_TRANSACTION cycle=1803 requested_refine=0 requested_derefine_leaves=4 accepted_derefine_parents=0 created_leaves=0 deleted_leaves=0 mirror_mismatches=0
CARTOON_AMR_TRANSACTION cycle=1804 requested_refine=0 requested_derefine_leaves=4 accepted_derefine_parents=0 created_leaves=0 deleted_leaves=0 mirror_mismatches=0
elapsed=9.595758e+01 cycle=1804 time=1.120087e+01 dt=5.672627e-03
CARTOON_AMR_TRANSACTION cycle=1805 requested_refine=0 requested_derefine_leaves=4 accepted_derefine_parents=0 created_leaves=0 deleted_leaves=0 mirror_mismatches=0
CARTOON_AMR_TRANSACTION cycle=1806 requested_refine=0 requested_derefine_leaves=4 accepted_derefine_parents=0 created_leaves=0 deleted_leaves=0 mirror_mismatches=0
CARTOON_AMR_TRANSACTION cycle=1807 requested_refine=0 requested_derefine_leaves=4 accepted_derefine_parents=0 created_leaves=0 deleted_leaves=0 mirror_mismatches=0
CARTOON_AMR_TRANSACTION cycle=1808 requested_refine=0 requested_derefine_leaves=4 accepted_derefine_parents=0 created_leaves=0 deleted_leaves=0 mirror_mismatches=0
elapsed=9.617356e+01 cycle=1808 time=1.122355e+01 dt=5.660856e-03
CARTOON_AMR_TRANSACTION cycle=1809 requested_refine=0 requested_derefine_leaves=4 accepted_derefine_parents=0 created_leaves=0 deleted_leaves=0 mirror_mismatches=0
CARTOON_AMR_TRANSACTION cycle=1810 requested_refine=0 requested_derefine_leaves=4 accepted_derefine_parents=0 created_leaves=0 deleted_leaves=0 mirror_mismatches=0
CARTOON_AMR_TRANSACTION cycle=1811 requested_refine=0 requested_derefine_leaves=4 accepted_derefine_parents=0 created_leaves=0 deleted_leaves=0 mirror_mismatches=0
CARTOON_AMR_TRANSACTION cycle=1812 requested_refine=0 requested_derefine_leaves=4 accepted_derefine_parents=0 created_leaves=0 deleted_leaves=0 mirror_mismatches=0
elapsed=9.633149e+01 cycle=1812 time=1.124617e+01 dt=5.649267e-03
CARTOON_AMR_TRANSACTION cycle=1813 requested_refine=0 requested_derefine_leaves=4 accepted_derefine_parents=0 created_leaves=0 deleted_leaves=0 mirror_mismatches=0
CARTOON_AMR_TRANSACTION cycle=1814 requested_refine=0 requested_derefine_leaves=4 accepted_derefine_parents=0 created_leaves=0 deleted_leaves=0 mirror_mismatches=0
CARTOON_AMR_TRANSACTION cycle=1815 requested_refine=0 requested_derefine_leaves=4 accepted_derefine_parents=0 created_leaves=0 deleted_leaves=0 mirror_mismatches=0
CARTOON_AMR_TRANSACTION cycle=1816 requested_refine=0 requested_derefine_leaves=4 accepted_derefine_parents=0 created_leaves=0 deleted_leaves=0 mirror_mismatches=0
elapsed=9.656197e+01 cycle=1816 time=1.126875e+01 dt=5.637858e-03
CARTOON_AMR_TRANSACTION cycle=1817 requested_refine=0 requested_derefine_leaves=4 accepted_derefine_parents=0 created_leaves=0 deleted_leaves=0 mirror_mismatches=0
CARTOON_AMR_TRANSACTION cycle=1818 requested_refine=0 requested_derefine_leaves=4 accepted_derefine_parents=0 created_leaves=0 deleted_leaves=0 mirror_mismatches=0
CARTOON_AMR_TRANSACTION cycle=1819 requested_refine=0 requested_derefine_leaves=4 accepted_derefine_parents=0 created_leaves=0 deleted_leaves=0 mirror_mismatches=0
CARTOON_AMR_TRANSACTION cycle=1820 requested_refine=0 requested_derefine_leaves=4 accepted_derefine_parents=0 created_leaves=0 deleted_leaves=0 mirror_mismatches=0
elapsed=9.674555e+01 cycle=1820 time=1.129129e+01 dt=5.626631e-03
CARTOON_AMR_TRANSACTION cycle=1821 requested_refine=0 requested_derefine_leaves=4 accepted_derefine_parents=0 created_leaves=0 deleted_leaves=0 mirror_mismatches=0
CARTOON_AMR_TRANSACTION cycle=1822 requested_refine=0 requested_derefine_leaves=4 accepted_derefine_parents=0 created_leaves=0 deleted_leaves=0 mirror_mismatches=0
CARTOON_AMR_TRANSACTION cycle=1823 requested_refine=0 requested_derefine_leaves=4 accepted_derefine_parents=0 created_leaves=0 deleted_leaves=0 mirror_mismatches=0
CARTOON_AMR_TRANSACTION cycle=1824 requested_refine=0 requested_derefine_leaves=4 accepted_derefine_parents=0 created_leaves=0 deleted_leaves=0 mirror_mismatches=0
elapsed=9.698401e+01 cycle=1824 time=1.131378e+01 dt=5.615037e-03
CARTOON_AMR_TRANSACTION cycle=1825 requested_refine=0 requested_derefine_leaves=4 accepted_derefine_parents=0 created_leaves=0 deleted_leaves=0 mirror_mismatches=0
CARTOON_AMR_TRANSACTION cycle=1826 requested_refine=0 requested_derefine_leaves=4 accepted_derefine_parents=0 created_leaves=0 deleted_leaves=0 mirror_mismatches=0
CARTOON_AMR_TRANSACTION cycle=1827 requested_refine=0 requested_derefine_leaves=4 accepted_derefine_parents=0 created_leaves=0 deleted_leaves=0 mirror_mismatches=0
CARTOON_AMR_TRANSACTION cycle=1828 requested_refine=0 requested_derefine_leaves=4 accepted_derefine_parents=0 created_leaves=0 deleted_leaves=0 mirror_mismatches=0
elapsed=9.718479e+01 cycle=1828 time=1.133622e+01 dt=5.602521e-03
CARTOON_AMR_TRANSACTION cycle=1829 requested_refine=0 requested_derefine_leaves=4 accepted_derefine_parents=0 created_leaves=0 deleted_leaves=0 mirror_mismatches=0
CARTOON_AMR_TRANSACTION cycle=1830 requested_refine=0 requested_derefine_leaves=4 accepted_derefine_parents=0 created_leaves=0 deleted_leaves=0 mirror_mismatches=0
CARTOON_AMR_TRANSACTION cycle=1831 requested_refine=0 requested_derefine_leaves=4 accepted_derefine_parents=0 created_leaves=0 deleted_leaves=0 mirror_mismatches=0
CARTOON_AMR_TRANSACTION cycle=1832 requested_refine=0 requested_derefine_leaves=4 accepted_derefine_parents=0 created_leaves=0 deleted_leaves=0 mirror_mismatches=0
elapsed=9.741471e+01 cycle=1832 time=1.135861e+01 dt=5.590180e-03
CARTOON_AMR_TRANSACTION cycle=1833 requested_refine=0 requested_derefine_leaves=4 accepted_derefine_parents=0 created_leaves=0 deleted_leaves=0 mirror_mismatches=0
CARTOON_AMR_TRANSACTION cycle=1834 requested_refine=0 requested_derefine_leaves=4 accepted_derefine_parents=0 created_leaves=0 deleted_leaves=0 mirror_mismatches=0
CARTOON_AMR_TRANSACTION cycle=1835 requested_refine=0 requested_derefine_leaves=4 accepted_derefine_parents=0 created_leaves=0 deleted_leaves=0 mirror_mismatches=0
CARTOON_AMR_TRANSACTION cycle=1836 requested_refine=0 requested_derefine_leaves=4 accepted_derefine_parents=0 created_leaves=0 deleted_leaves=0 mirror_mismatches=0
elapsed=9.761566e+01 cycle=1836 time=1.138095e+01 dt=5.578015e-03
CARTOON_AMR_TRANSACTION cycle=1837 requested_refine=0 requested_derefine_leaves=4 accepted_derefine_parents=0 created_leaves=0 deleted_leaves=0 mirror_mismatches=0
CARTOON_AMR_TRANSACTION cycle=1838 requested_refine=0 requested_derefine_leaves=4 accepted_derefine_parents=0 created_leaves=0 deleted_leaves=0 mirror_mismatches=0
CARTOON_AMR_TRANSACTION cycle=1839 requested_refine=0 requested_derefine_leaves=4 accepted_derefine_parents=0 created_leaves=0 deleted_leaves=0 mirror_mismatches=0
CARTOON_AMR_TRANSACTION cycle=1840 requested_refine=0 requested_derefine_leaves=4 accepted_derefine_parents=0 created_leaves=0 deleted_leaves=0 mirror_mismatches=0
elapsed=9.781909e+01 cycle=1840 time=1.140325e+01 dt=5.566026e-03
CARTOON_AMR_TRANSACTION cycle=1841 requested_refine=0 requested_derefine_leaves=4 accepted_derefine_parents=0 created_leaves=0 deleted_leaves=0 mirror_mismatches=0
CARTOON_AMR_TRANSACTION cycle=1842 requested_refine=0 requested_derefine_leaves=4 accepted_derefine_parents=0 created_leaves=0 deleted_leaves=0 mirror_mismatches=0
CARTOON_AMR_TRANSACTION cycle=1843 requested_refine=0 requested_derefine_leaves=4 accepted_derefine_parents=0 created_leaves=0 deleted_leaves=0 mirror_mismatches=0
CARTOON_AMR_TRANSACTION cycle=1844 requested_refine=0 requested_derefine_leaves=4 accepted_derefine_parents=0 created_leaves=0 deleted_leaves=0 mirror_mismatches=0
elapsed=9.801290e+01 cycle=1844 time=1.142549e+01 dt=5.552733e-03
CARTOON_AMR_TRANSACTION cycle=1845 requested_refine=0 requested_derefine_leaves=4 accepted_derefine_parents=0 created_leaves=0 deleted_leaves=0 mirror_mismatches=0
CARTOON_AMR_TRANSACTION cycle=1846 requested_refine=0 requested_derefine_leaves=4 accepted_derefine_parents=0 created_leaves=0 deleted_leaves=0 mirror_mismatches=0
CARTOON_AMR_TRANSACTION cycle=1847 requested_refine=0 requested_derefine_leaves=4 accepted_derefine_parents=0 created_leaves=0 deleted_leaves=0 mirror_mismatches=0
CARTOON_AMR_TRANSACTION cycle=1848 requested_refine=0 requested_derefine_leaves=4 accepted_derefine_parents=0 created_leaves=0 deleted_leaves=0 mirror_mismatches=0
elapsed=9.828913e+01 cycle=1848 time=1.144768e+01 dt=5.539500e-03
CARTOON_AMR_TRANSACTION cycle=1849 requested_refine=0 requested_derefine_leaves=4 accepted_derefine_parents=0 created_leaves=0 deleted_leaves=0 mirror_mismatches=0
CARTOON_AMR_TRANSACTION cycle=1850 requested_refine=0 requested_derefine_leaves=4 accepted_derefine_parents=0 created_leaves=0 deleted_leaves=0 mirror_mismatches=0
CARTOON_AMR_TRANSACTION cycle=1851 requested_refine=0 requested_derefine_leaves=4 accepted_derefine_parents=0 created_leaves=0 deleted_leaves=0 mirror_mismatches=0
CARTOON_AMR_TRANSACTION cycle=1852 requested_refine=0 requested_derefine_leaves=4 accepted_derefine_parents=0 created_leaves=0 deleted_leaves=0 mirror_mismatches=0
elapsed=9.846585e+01 cycle=1852 time=1.146982e+01 dt=5.526439e-03
CARTOON_AMR_TRANSACTION cycle=1853 requested_refine=0 requested_derefine_leaves=4 accepted_derefine_parents=0 created_leaves=0 deleted_leaves=0 mirror_mismatches=0
CARTOON_AMR_TRANSACTION cycle=1854 requested_refine=0 requested_derefine_leaves=4 accepted_derefine_parents=0 created_leaves=0 deleted_leaves=0 mirror_mismatches=0
CARTOON_AMR_TRANSACTION cycle=1855 requested_refine=0 requested_derefine_leaves=4 accepted_derefine_parents=0 created_leaves=0 deleted_leaves=0 mirror_mismatches=0
CARTOON_AMR_TRANSACTION cycle=1856 requested_refine=0 requested_derefine_leaves=4 accepted_derefine_parents=0 created_leaves=0 deleted_leaves=0 mirror_mismatches=0
elapsed=9.868306e+01 cycle=1856 time=1.149191e+01 dt=5.513549e-03
CARTOON_AMR_TRANSACTION cycle=1857 requested_refine=0 requested_derefine_leaves=4 accepted_derefine_parents=0 created_leaves=0 deleted_leaves=0 mirror_mismatches=0
CARTOON_AMR_TRANSACTION cycle=1858 requested_refine=0 requested_derefine_leaves=4 accepted_derefine_parents=0 created_leaves=0 deleted_leaves=0 mirror_mismatches=0
CARTOON_AMR_TRANSACTION cycle=1859 requested_refine=0 requested_derefine_leaves=4 accepted_derefine_parents=0 created_leaves=0 deleted_leaves=0 mirror_mismatches=0
CARTOON_AMR_TRANSACTION cycle=1860 requested_refine=0 requested_derefine_leaves=4 accepted_derefine_parents=0 created_leaves=0 deleted_leaves=0 mirror_mismatches=0
elapsed=9.888615e+01 cycle=1860 time=1.151394e+01 dt=5.499454e-03
CARTOON_AMR_TRANSACTION cycle=1861 requested_refine=0 requested_derefine_leaves=4 accepted_derefine_parents=0 created_leaves=0 deleted_leaves=0 mirror_mismatches=0
CARTOON_AMR_TRANSACTION cycle=1862 requested_refine=0 requested_derefine_leaves=4 accepted_derefine_parents=0 created_leaves=0 deleted_leaves=0 mirror_mismatches=0
CARTOON_AMR_TRANSACTION cycle=1863 requested_refine=0 requested_derefine_leaves=4 accepted_derefine_parents=0 created_leaves=0 deleted_leaves=0 mirror_mismatches=0
CARTOON_AMR_TRANSACTION cycle=1864 requested_refine=0 requested_derefine_leaves=4 accepted_derefine_parents=0 created_leaves=0 deleted_leaves=0 mirror_mismatches=0
elapsed=9.911373e+01 cycle=1864 time=1.153592e+01 dt=5.485388e-03
CARTOON_AMR_TRANSACTION cycle=1865 requested_refine=0 requested_derefine_leaves=4 accepted_derefine_parents=0 created_leaves=0 deleted_leaves=0 mirror_mismatches=0
CARTOON_AMR_TRANSACTION cycle=1866 requested_refine=0 requested_derefine_leaves=4 accepted_derefine_parents=0 created_leaves=0 deleted_leaves=0 mirror_mismatches=0
CARTOON_AMR_TRANSACTION cycle=1867 requested_refine=0 requested_derefine_leaves=4 accepted_derefine_parents=0 created_leaves=0 deleted_leaves=0 mirror_mismatches=0
CARTOON_AMR_TRANSACTION cycle=1868 requested_refine=0 requested_derefine_leaves=4 accepted_derefine_parents=0 created_leaves=0 deleted_leaves=0 mirror_mismatches=0
elapsed=9.932044e+01 cycle=1868 time=1.155784e+01 dt=5.471490e-03
CARTOON_AMR_TRANSACTION cycle=1869 requested_refine=0 requested_derefine_leaves=4 accepted_derefine_parents=0 created_leaves=0 deleted_leaves=0 mirror_mismatches=0
CARTOON_AMR_TRANSACTION cycle=1870 requested_refine=0 requested_derefine_leaves=4 accepted_derefine_parents=0 created_leaves=0 deleted_leaves=0 mirror_mismatches=0
CARTOON_AMR_TRANSACTION cycle=1871 requested_refine=0 requested_derefine_leaves=4 accepted_derefine_parents=0 created_leaves=0 deleted_leaves=0 mirror_mismatches=0
CARTOON_AMR_TRANSACTION cycle=1872 requested_refine=0 requested_derefine_leaves=4 accepted_derefine_parents=0 created_leaves=0 deleted_leaves=0 mirror_mismatches=0
elapsed=9.952783e+01 cycle=1872 time=1.157970e+01 dt=5.457305e-03
CARTOON_AMR_TRANSACTION cycle=1873 requested_refine=0 requested_derefine_leaves=4 accepted_derefine_parents=0 created_leaves=0 deleted_leaves=0 mirror_mismatches=0
CARTOON_AMR_TRANSACTION cycle=1874 requested_refine=0 requested_derefine_leaves=4 accepted_derefine_parents=0 created_leaves=0 deleted_leaves=0 mirror_mismatches=0
CARTOON_AMR_TRANSACTION cycle=1875 requested_refine=0 requested_derefine_leaves=4 accepted_derefine_parents=0 created_leaves=0 deleted_leaves=0 mirror_mismatches=0
CARTOON_AMR_TRANSACTION cycle=1876 requested_refine=0 requested_derefine_leaves=4 accepted_derefine_parents=0 created_leaves=0 deleted_leaves=0 mirror_mismatches=0
elapsed=9.972323e+01 cycle=1876 time=1.160151e+01 dt=5.442301e-03
CARTOON_AMR_TRANSACTION cycle=1877 requested_refine=0 requested_derefine_leaves=4 accepted_derefine_parents=0 created_leaves=0 deleted_leaves=0 mirror_mismatches=0
CARTOON_AMR_TRANSACTION cycle=1878 requested_refine=0 requested_derefine_leaves=4 accepted_derefine_parents=0 created_leaves=0 deleted_leaves=0 mirror_mismatches=0
CARTOON_AMR_TRANSACTION cycle=1879 requested_refine=0 requested_derefine_leaves=4 accepted_derefine_parents=0 created_leaves=0 deleted_leaves=0 mirror_mismatches=0
CARTOON_AMR_TRANSACTION cycle=1880 requested_refine=0 requested_derefine_leaves=4 accepted_derefine_parents=0 created_leaves=0 deleted_leaves=0 mirror_mismatches=0
elapsed=9.993370e+01 cycle=1880 time=1.162326e+01 dt=5.427464e-03
CARTOON_AMR_TRANSACTION cycle=1881 requested_refine=0 requested_derefine_leaves=4 accepted_derefine_parents=0 created_leaves=0 deleted_leaves=0 mirror_mismatches=0
CARTOON_AMR_TRANSACTION cycle=1882 requested_refine=0 requested_derefine_leaves=4 accepted_derefine_parents=0 created_leaves=0 deleted_leaves=0 mirror_mismatches=0
CARTOON_AMR_TRANSACTION cycle=1883 requested_refine=0 requested_derefine_leaves=4 accepted_derefine_parents=0 created_leaves=0 deleted_leaves=0 mirror_mismatches=0
CARTOON_AMR_TRANSACTION cycle=1884 requested_refine=0 requested_derefine_leaves=4 accepted_derefine_parents=0 created_leaves=0 deleted_leaves=0 mirror_mismatches=0
elapsed=1.001481e+02 cycle=1884 time=1.164494e+01 dt=5.412795e-03
CARTOON_AMR_TRANSACTION cycle=1885 requested_refine=0 requested_derefine_leaves=4 accepted_derefine_parents=0 created_leaves=0 deleted_leaves=0 mirror_mismatches=0
CARTOON_AMR_TRANSACTION cycle=1886 requested_refine=0 requested_derefine_leaves=4 accepted_derefine_parents=0 created_leaves=0 deleted_leaves=0 mirror_mismatches=0
CARTOON_AMR_TRANSACTION cycle=1887 requested_refine=0 requested_derefine_leaves=4 accepted_derefine_parents=0 created_leaves=0 deleted_leaves=0 mirror_mismatches=0
CARTOON_AMR_TRANSACTION cycle=1888 requested_refine=0 requested_derefine_leaves=4 accepted_derefine_parents=0 created_leaves=0 deleted_leaves=0 mirror_mismatches=0
elapsed=1.004128e+02 cycle=1888 time=1.166657e+01 dt=5.397028e-03
CARTOON_AMR_TRANSACTION cycle=1889 requested_refine=0 requested_derefine_leaves=4 accepted_derefine_parents=0 created_leaves=0 deleted_leaves=0 mirror_mismatches=0
CARTOON_AMR_TRANSACTION cycle=1890 requested_refine=0 requested_derefine_leaves=4 accepted_derefine_parents=0 created_leaves=0 deleted_leaves=0 mirror_mismatches=0
CARTOON_AMR_TRANSACTION cycle=1891 requested_refine=0 requested_derefine_leaves=4 accepted_derefine_parents=0 created_leaves=0 deleted_leaves=0 mirror_mismatches=0
CARTOON_AMR_TRANSACTION cycle=1892 requested_refine=0 requested_derefine_leaves=4 accepted_derefine_parents=0 created_leaves=0 deleted_leaves=0 mirror_mismatches=0
elapsed=1.006576e+02 cycle=1892 time=1.168814e+01 dt=5.381338e-03
CARTOON_AMR_TRANSACTION cycle=1893 requested_refine=0 requested_derefine_leaves=4 accepted_derefine_parents=0 created_leaves=0 deleted_leaves=0 mirror_mismatches=0
CARTOON_AMR_TRANSACTION cycle=1894 requested_refine=0 requested_derefine_leaves=4 accepted_derefine_parents=0 created_leaves=0 deleted_leaves=0 mirror_mismatches=0
CARTOON_AMR_TRANSACTION cycle=1895 requested_refine=0 requested_derefine_leaves=4 accepted_derefine_parents=0 created_leaves=0 deleted_leaves=0 mirror_mismatches=0
CARTOON_AMR_TRANSACTION cycle=1896 requested_refine=0 requested_derefine_leaves=4 accepted_derefine_parents=0 created_leaves=0 deleted_leaves=0 mirror_mismatches=0
elapsed=1.008526e+02 cycle=1896 time=1.170964e+01 dt=5.365815e-03
CARTOON_AMR_TRANSACTION cycle=1897 requested_refine=0 requested_derefine_leaves=4 accepted_derefine_parents=0 created_leaves=0 deleted_leaves=0 mirror_mismatches=0
CARTOON_AMR_TRANSACTION cycle=1898 requested_refine=0 requested_derefine_leaves=4 accepted_derefine_parents=0 created_leaves=0 deleted_leaves=0 mirror_mismatches=0
CARTOON_AMR_TRANSACTION cycle=1899 requested_refine=0 requested_derefine_leaves=4 accepted_derefine_parents=0 created_leaves=0 deleted_leaves=0 mirror_mismatches=0
CARTOON_AMR_TRANSACTION cycle=1900 requested_refine=0 requested_derefine_leaves=4 accepted_derefine_parents=0 created_leaves=0 deleted_leaves=0 mirror_mismatches=0
elapsed=1.010294e+02 cycle=1900 time=1.173108e+01 dt=5.349348e-03
CARTOON_AMR_TRANSACTION cycle=1901 requested_refine=0 requested_derefine_leaves=4 accepted_derefine_parents=0 created_leaves=0 deleted_leaves=0 mirror_mismatches=0
CARTOON_AMR_TRANSACTION cycle=1902 requested_refine=0 requested_derefine_leaves=4 accepted_derefine_parents=0 created_leaves=0 deleted_leaves=0 mirror_mismatches=0
CARTOON_AMR_TRANSACTION cycle=1903 requested_refine=0 requested_derefine_leaves=4 accepted_derefine_parents=0 created_leaves=0 deleted_leaves=0 mirror_mismatches=0
CARTOON_AMR_TRANSACTION cycle=1904 requested_refine=0 requested_derefine_leaves=4 accepted_derefine_parents=0 created_leaves=0 deleted_leaves=0 mirror_mismatches=0
elapsed=1.012155e+02 cycle=1904 time=1.175245e+01 dt=5.332903e-03
CARTOON_AMR_TRANSACTION cycle=1905 requested_refine=0 requested_derefine_leaves=4 accepted_derefine_parents=0 created_leaves=0 deleted_leaves=0 mirror_mismatches=0
CARTOON_AMR_TRANSACTION cycle=1906 requested_refine=0 requested_derefine_leaves=4 accepted_derefine_parents=0 created_leaves=0 deleted_leaves=0 mirror_mismatches=0
CARTOON_AMR_TRANSACTION cycle=1907 requested_refine=0 requested_derefine_leaves=4 accepted_derefine_parents=0 created_leaves=0 deleted_leaves=0 mirror_mismatches=0
CARTOON_AMR_TRANSACTION cycle=1908 requested_refine=0 requested_derefine_leaves=4 accepted_derefine_parents=0 created_leaves=0 deleted_leaves=0 mirror_mismatches=0
elapsed=1.014000e+02 cycle=1908 time=1.177376e+01 dt=5.316429e-03
CARTOON_AMR_TRANSACTION cycle=1909 requested_refine=0 requested_derefine_leaves=4 accepted_derefine_parents=0 created_leaves=0 deleted_leaves=0 mirror_mismatches=0
CARTOON_AMR_TRANSACTION cycle=1910 requested_refine=0 requested_derefine_leaves=4 accepted_derefine_parents=0 created_leaves=0 deleted_leaves=0 mirror_mismatches=0
CARTOON_AMR_TRANSACTION cycle=1911 requested_refine=0 requested_derefine_leaves=4 accepted_derefine_parents=0 created_leaves=0 deleted_leaves=0 mirror_mismatches=0
CARTOON_AMR_TRANSACTION cycle=1912 requested_refine=0 requested_derefine_leaves=4 accepted_derefine_parents=0 created_leaves=0 deleted_leaves=0 mirror_mismatches=0
elapsed=1.015778e+02 cycle=1912 time=1.179500e+01 dt=5.299166e-03
CARTOON_AMR_TRANSACTION cycle=1913 requested_refine=0 requested_derefine_leaves=4 accepted_derefine_parents=0 created_leaves=0 deleted_leaves=0 mirror_mismatches=0
CARTOON_AMR_TRANSACTION cycle=1914 requested_refine=0 requested_derefine_leaves=4 accepted_derefine_parents=0 created_leaves=0 deleted_leaves=0 mirror_mismatches=0
CARTOON_AMR_TRANSACTION cycle=1915 requested_refine=0 requested_derefine_leaves=4 accepted_derefine_parents=0 created_leaves=0 deleted_leaves=0 mirror_mismatches=0
CARTOON_AMR_TRANSACTION cycle=1916 requested_refine=0 requested_derefine_leaves=4 accepted_derefine_parents=0 created_leaves=0 deleted_leaves=0 mirror_mismatches=0
elapsed=1.017763e+02 cycle=1916 time=1.181617e+01 dt=5.282073e-03
CARTOON_AMR_TRANSACTION cycle=1917 requested_refine=0 requested_derefine_leaves=4 accepted_derefine_parents=0 created_leaves=0 deleted_leaves=0 mirror_mismatches=0
CARTOON_AMR_TRANSACTION cycle=1918 requested_refine=0 requested_derefine_leaves=4 accepted_derefine_parents=0 created_leaves=0 deleted_leaves=0 mirror_mismatches=0
CARTOON_AMR_TRANSACTION cycle=1919 requested_refine=0 requested_derefine_leaves=4 accepted_derefine_parents=0 created_leaves=0 deleted_leaves=0 mirror_mismatches=0
CARTOON_AMR_TRANSACTION cycle=1920 requested_refine=0 requested_derefine_leaves=4 accepted_derefine_parents=0 created_leaves=0 deleted_leaves=0 mirror_mismatches=0
elapsed=1.020345e+02 cycle=1920 time=1.183727e+01 dt=5.264321e-03
CARTOON_AMR_TRANSACTION cycle=1921 requested_refine=0 requested_derefine_leaves=4 accepted_derefine_parents=0 created_leaves=0 deleted_leaves=0 mirror_mismatches=0
CARTOON_AMR_TRANSACTION cycle=1922 requested_refine=0 requested_derefine_leaves=4 accepted_derefine_parents=0 created_leaves=0 deleted_leaves=0 mirror_mismatches=0
CARTOON_AMR_TRANSACTION cycle=1923 requested_refine=0 requested_derefine_leaves=4 accepted_derefine_parents=0 created_leaves=0 deleted_leaves=0 mirror_mismatches=0
CARTOON_AMR_TRANSACTION cycle=1924 requested_refine=0 requested_derefine_leaves=4 accepted_derefine_parents=0 created_leaves=0 deleted_leaves=0 mirror_mismatches=0
elapsed=1.022195e+02 cycle=1924 time=1.185830e+01 dt=5.246528e-03
CARTOON_AMR_TRANSACTION cycle=1925 requested_refine=0 requested_derefine_leaves=4 accepted_derefine_parents=0 created_leaves=0 deleted_leaves=0 mirror_mismatches=0
CARTOON_AMR_TRANSACTION cycle=1926 requested_refine=0 requested_derefine_leaves=4 accepted_derefine_parents=0 created_leaves=0 deleted_leaves=0 mirror_mismatches=0
CARTOON_AMR_TRANSACTION cycle=1927 requested_refine=0 requested_derefine_leaves=4 accepted_derefine_parents=0 created_leaves=0 deleted_leaves=0 mirror_mismatches=0
CARTOON_AMR_TRANSACTION cycle=1928 requested_refine=0 requested_derefine_leaves=4 accepted_derefine_parents=0 created_leaves=0 deleted_leaves=0 mirror_mismatches=0
elapsed=1.024303e+02 cycle=1928 time=1.187926e+01 dt=5.228211e-03
CARTOON_AMR_TRANSACTION cycle=1929 requested_refine=0 requested_derefine_leaves=4 accepted_derefine_parents=0 created_leaves=0 deleted_leaves=0 mirror_mismatches=0
CARTOON_AMR_TRANSACTION cycle=1930 requested_refine=0 requested_derefine_leaves=4 accepted_derefine_parents=0 created_leaves=0 deleted_leaves=0 mirror_mismatches=0
CARTOON_AMR_TRANSACTION cycle=1931 requested_refine=0 requested_derefine_leaves=4 accepted_derefine_parents=0 created_leaves=0 deleted_leaves=0 mirror_mismatches=0
CARTOON_AMR_TRANSACTION cycle=1932 requested_refine=0 requested_derefine_leaves=4 accepted_derefine_parents=0 created_leaves=0 deleted_leaves=0 mirror_mismatches=0
elapsed=1.026159e+02 cycle=1932 time=1.190014e+01 dt=5.209801e-03
CARTOON_AMR_TRANSACTION cycle=1933 requested_refine=0 requested_derefine_leaves=4 accepted_derefine_parents=0 created_leaves=0 deleted_leaves=0 mirror_mismatches=0
CARTOON_AMR_TRANSACTION cycle=1934 requested_refine=0 requested_derefine_leaves=4 accepted_derefine_parents=0 created_leaves=0 deleted_leaves=0 mirror_mismatches=0
CARTOON_AMR_TRANSACTION cycle=1935 requested_refine=0 requested_derefine_leaves=4 accepted_derefine_parents=0 created_leaves=0 deleted_leaves=0 mirror_mismatches=0
CARTOON_AMR_TRANSACTION cycle=1936 requested_refine=0 requested_derefine_leaves=4 accepted_derefine_parents=0 created_leaves=0 deleted_leaves=0 mirror_mismatches=0
elapsed=1.028414e+02 cycle=1936 time=1.192095e+01 dt=5.190794e-03
CARTOON_AMR_TRANSACTION cycle=1937 requested_refine=0 requested_derefine_leaves=4 accepted_derefine_parents=0 created_leaves=0 deleted_leaves=0 mirror_mismatches=0
CARTOON_AMR_TRANSACTION cycle=1938 requested_refine=0 requested_derefine_leaves=4 accepted_derefine_parents=0 created_leaves=0 deleted_leaves=0 mirror_mismatches=0
CARTOON_AMR_TRANSACTION cycle=1939 requested_refine=0 requested_derefine_leaves=4 accepted_derefine_parents=0 created_leaves=0 deleted_leaves=0 mirror_mismatches=0
CARTOON_AMR_TRANSACTION cycle=1940 requested_refine=0 requested_derefine_leaves=4 accepted_derefine_parents=0 created_leaves=0 deleted_leaves=0 mirror_mismatches=0
elapsed=1.030445e+02 cycle=1940 time=1.194169e+01 dt=5.171399e-03
CARTOON_AMR_TRANSACTION cycle=1941 requested_refine=0 requested_derefine_leaves=4 accepted_derefine_parents=0 created_leaves=0 deleted_leaves=0 mirror_mismatches=0
CARTOON_AMR_TRANSACTION cycle=1942 requested_refine=0 requested_derefine_leaves=4 accepted_derefine_parents=0 created_leaves=0 deleted_leaves=0 mirror_mismatches=0
CARTOON_AMR_TRANSACTION cycle=1943 requested_refine=0 requested_derefine_leaves=4 accepted_derefine_parents=0 created_leaves=0 deleted_leaves=0 mirror_mismatches=0
CARTOON_AMR_TRANSACTION cycle=1944 requested_refine=0 requested_derefine_leaves=4 accepted_derefine_parents=0 created_leaves=0 deleted_leaves=0 mirror_mismatches=0
elapsed=1.032629e+02 cycle=1944 time=1.196234e+01 dt=5.151697e-03
CARTOON_AMR_TRANSACTION cycle=1945 requested_refine=0 requested_derefine_leaves=4 accepted_derefine_parents=0 created_leaves=0 deleted_leaves=0 mirror_mismatches=0
CARTOON_AMR_TRANSACTION cycle=1946 requested_refine=0 requested_derefine_leaves=4 accepted_derefine_parents=0 created_leaves=0 deleted_leaves=0 mirror_mismatches=0
CARTOON_AMR_TRANSACTION cycle=1947 requested_refine=0 requested_derefine_leaves=4 accepted_derefine_parents=0 created_leaves=0 deleted_leaves=0 mirror_mismatches=0
CARTOON_AMR_TRANSACTION cycle=1948 requested_refine=0 requested_derefine_leaves=4 accepted_derefine_parents=0 created_leaves=0 deleted_leaves=0 mirror_mismatches=0
elapsed=1.034411e+02 cycle=1948 time=1.198292e+01 dt=5.131605e-03
CARTOON_AMR_TRANSACTION cycle=1949 requested_refine=0 requested_derefine_leaves=4 accepted_derefine_parents=0 created_leaves=0 deleted_leaves=0 mirror_mismatches=0
CARTOON_AMR_TRANSACTION cycle=1950 requested_refine=0 requested_derefine_leaves=4 accepted_derefine_parents=0 created_leaves=0 deleted_leaves=0 mirror_mismatches=0
CARTOON_AMR_TRANSACTION cycle=1951 requested_refine=0 requested_derefine_leaves=4 accepted_derefine_parents=0 created_leaves=0 deleted_leaves=0 mirror_mismatches=0
CARTOON_AMR_TRANSACTION cycle=1952 requested_refine=0 requested_derefine_leaves=4 accepted_derefine_parents=0 created_leaves=0 deleted_leaves=0 mirror_mismatches=0
elapsed=1.036258e+02 cycle=1952 time=1.200342e+01 dt=5.111343e-03
CARTOON_AMR_TRANSACTION cycle=1953 requested_refine=0 requested_derefine_leaves=4 accepted_derefine_parents=0 created_leaves=0 deleted_leaves=0 mirror_mismatches=0
CARTOON_AMR_TRANSACTION cycle=1954 requested_refine=0 requested_derefine_leaves=4 accepted_derefine_parents=0 created_leaves=0 deleted_leaves=0 mirror_mismatches=0
CARTOON_AMR_TRANSACTION cycle=1955 requested_refine=0 requested_derefine_leaves=4 accepted_derefine_parents=0 created_leaves=0 deleted_leaves=0 mirror_mismatches=0
CARTOON_AMR_TRANSACTION cycle=1956 requested_refine=0 requested_derefine_leaves=4 accepted_derefine_parents=0 created_leaves=0 deleted_leaves=0 mirror_mismatches=0
elapsed=1.038331e+02 cycle=1956 time=1.202383e+01 dt=5.091269e-03
CARTOON_AMR_TRANSACTION cycle=1957 requested_refine=0 requested_derefine_leaves=4 accepted_derefine_parents=0 created_leaves=0 deleted_leaves=0 mirror_mismatches=0
CARTOON_AMR_TRANSACTION cycle=1958 requested_refine=0 requested_derefine_leaves=4 accepted_derefine_parents=0 created_leaves=0 deleted_leaves=0 mirror_mismatches=0
CARTOON_AMR_TRANSACTION cycle=1959 requested_refine=0 requested_derefine_leaves=4 accepted_derefine_parents=0 created_leaves=0 deleted_leaves=0 mirror_mismatches=0
CARTOON_AMR_TRANSACTION cycle=1960 requested_refine=0 requested_derefine_leaves=4 accepted_derefine_parents=0 created_leaves=0 deleted_leaves=0 mirror_mismatches=0
elapsed=1.040263e+02 cycle=1960 time=1.204417e+01 dt=5.071383e-03
CARTOON_AMR_TRANSACTION cycle=1961 requested_refine=0 requested_derefine_leaves=4 accepted_derefine_parents=0 created_leaves=0 deleted_leaves=0 mirror_mismatches=0
CARTOON_AMR_TRANSACTION cycle=1962 requested_refine=0 requested_derefine_leaves=4 accepted_derefine_parents=0 created_leaves=0 deleted_leaves=0 mirror_mismatches=0
CARTOON_AMR_TRANSACTION cycle=1963 requested_refine=0 requested_derefine_leaves=4 accepted_derefine_parents=0 created_leaves=0 deleted_leaves=0 mirror_mismatches=0
CARTOON_AMR_TRANSACTION cycle=1964 requested_refine=0 requested_derefine_leaves=4 accepted_derefine_parents=0 created_leaves=0 deleted_leaves=0 mirror_mismatches=0
elapsed=1.042115e+02 cycle=1964 time=1.206442e+01 dt=5.051684e-03
CARTOON_AMR_TRANSACTION cycle=1965 requested_refine=0 requested_derefine_leaves=4 accepted_derefine_parents=0 created_leaves=0 deleted_leaves=0 mirror_mismatches=0
CARTOON_AMR_TRANSACTION cycle=1966 requested_refine=0 requested_derefine_leaves=4 accepted_derefine_parents=0 created_leaves=0 deleted_leaves=0 mirror_mismatches=0
CARTOON_AMR_TRANSACTION cycle=1967 requested_refine=0 requested_derefine_leaves=4 accepted_derefine_parents=0 created_leaves=0 deleted_leaves=0 mirror_mismatches=0
CARTOON_AMR_TRANSACTION cycle=1968 requested_refine=0 requested_derefine_leaves=4 accepted_derefine_parents=0 created_leaves=0 deleted_leaves=0 mirror_mismatches=0
elapsed=1.044367e+02 cycle=1968 time=1.208460e+01 dt=5.032171e-03
CARTOON_AMR_TRANSACTION cycle=1969 requested_refine=0 requested_derefine_leaves=4 accepted_derefine_parents=0 created_leaves=0 deleted_leaves=0 mirror_mismatches=0
CARTOON_AMR_TRANSACTION cycle=1970 requested_refine=0 requested_derefine_leaves=4 accepted_derefine_parents=0 created_leaves=0 deleted_leaves=0 mirror_mismatches=0
CARTOON_AMR_TRANSACTION cycle=1971 requested_refine=0 requested_derefine_leaves=4 accepted_derefine_parents=0 created_leaves=0 deleted_leaves=0 mirror_mismatches=0
CARTOON_AMR_TRANSACTION cycle=1972 requested_refine=0 requested_derefine_leaves=4 accepted_derefine_parents=0 created_leaves=0 deleted_leaves=0 mirror_mismatches=0
elapsed=1.046025e+02 cycle=1972 time=1.210470e+01 dt=5.012844e-03
CARTOON_AMR_TRANSACTION cycle=1973 requested_refine=0 requested_derefine_leaves=4 accepted_derefine_parents=0 created_leaves=0 deleted_leaves=0 mirror_mismatches=0
CARTOON_AMR_TRANSACTION cycle=1974 requested_refine=0 requested_derefine_leaves=4 accepted_derefine_parents=0 created_leaves=0 deleted_leaves=0 mirror_mismatches=0
CARTOON_AMR_TRANSACTION cycle=1975 requested_refine=0 requested_derefine_leaves=4 accepted_derefine_parents=0 created_leaves=0 deleted_leaves=0 mirror_mismatches=0
CARTOON_AMR_TRANSACTION cycle=1976 requested_refine=0 requested_derefine_leaves=4 accepted_derefine_parents=0 created_leaves=0 deleted_leaves=0 mirror_mismatches=0
elapsed=1.047882e+02 cycle=1976 time=1.212472e+01 dt=4.993700e-03
CARTOON_AMR_TRANSACTION cycle=1977 requested_refine=0 requested_derefine_leaves=4 accepted_derefine_parents=0 created_leaves=0 deleted_leaves=0 mirror_mismatches=0
CARTOON_AMR_TRANSACTION cycle=1978 requested_refine=0 requested_derefine_leaves=4 accepted_derefine_parents=0 created_leaves=0 deleted_leaves=0 mirror_mismatches=0
CARTOON_AMR_TRANSACTION cycle=1979 requested_refine=0 requested_derefine_leaves=4 accepted_derefine_parents=0 created_leaves=0 deleted_leaves=0 mirror_mismatches=0
CARTOON_AMR_TRANSACTION cycle=1980 requested_refine=0 requested_derefine_leaves=4 accepted_derefine_parents=0 created_leaves=0 deleted_leaves=0 mirror_mismatches=0
elapsed=1.049626e+02 cycle=1980 time=1.214467e+01 dt=4.974740e-03
CARTOON_AMR_TRANSACTION cycle=1981 requested_refine=0 requested_derefine_leaves=4 accepted_derefine_parents=0 created_leaves=0 deleted_leaves=0 mirror_mismatches=0
CARTOON_AMR_TRANSACTION cycle=1982 requested_refine=0 requested_derefine_leaves=4 accepted_derefine_parents=0 created_leaves=0 deleted_leaves=0 mirror_mismatches=0
CARTOON_AMR_TRANSACTION cycle=1983 requested_refine=0 requested_derefine_leaves=4 accepted_derefine_parents=0 created_leaves=0 deleted_leaves=0 mirror_mismatches=0
CARTOON_AMR_TRANSACTION cycle=1984 requested_refine=0 requested_derefine_leaves=4 accepted_derefine_parents=0 created_leaves=0 deleted_leaves=0 mirror_mismatches=0
elapsed=1.051915e+02 cycle=1984 time=1.216454e+01 dt=4.955963e-03
CARTOON_AMR_TRANSACTION cycle=1985 requested_refine=0 requested_derefine_leaves=4 accepted_derefine_parents=0 created_leaves=0 deleted_leaves=0 mirror_mismatches=0
CARTOON_AMR_TRANSACTION cycle=1986 requested_refine=0 requested_derefine_leaves=4 accepted_derefine_parents=0 created_leaves=0 deleted_leaves=0 mirror_mismatches=0
CARTOON_AMR_TRANSACTION cycle=1987 requested_refine=0 requested_derefine_leaves=4 accepted_derefine_parents=0 created_leaves=0 deleted_leaves=0 mirror_mismatches=0
CARTOON_AMR_TRANSACTION cycle=1988 requested_refine=0 requested_derefine_leaves=4 accepted_derefine_parents=0 created_leaves=0 deleted_leaves=0 mirror_mismatches=0
elapsed=1.053723e+02 cycle=1988 time=1.218434e+01 dt=4.937366e-03
CARTOON_AMR_TRANSACTION cycle=1989 requested_refine=0 requested_derefine_leaves=4 accepted_derefine_parents=0 created_leaves=0 deleted_leaves=0 mirror_mismatches=0
CARTOON_AMR_TRANSACTION cycle=1990 requested_refine=0 requested_derefine_leaves=4 accepted_derefine_parents=0 created_leaves=0 deleted_leaves=0 mirror_mismatches=0
CARTOON_AMR_TRANSACTION cycle=1991 requested_refine=0 requested_derefine_leaves=4 accepted_derefine_parents=0 created_leaves=0 deleted_leaves=0 mirror_mismatches=0
CARTOON_AMR_TRANSACTION cycle=1992 requested_refine=0 requested_derefine_leaves=4 accepted_derefine_parents=0 created_leaves=0 deleted_leaves=0 mirror_mismatches=0
elapsed=1.055942e+02 cycle=1992 time=1.220406e+01 dt=4.918950e-03
CARTOON_AMR_TRANSACTION cycle=1993 requested_refine=0 requested_derefine_leaves=4 accepted_derefine_parents=0 created_leaves=0 deleted_leaves=0 mirror_mismatches=0
CARTOON_AMR_TRANSACTION cycle=1994 requested_refine=0 requested_derefine_leaves=4 accepted_derefine_parents=0 created_leaves=0 deleted_leaves=0 mirror_mismatches=0
CARTOON_AMR_TRANSACTION cycle=1995 requested_refine=0 requested_derefine_leaves=4 accepted_derefine_parents=0 created_leaves=0 deleted_leaves=0 mirror_mismatches=0
CARTOON_AMR_TRANSACTION cycle=1996 requested_refine=0 requested_derefine_leaves=4 accepted_derefine_parents=0 created_leaves=0 deleted_leaves=0 mirror_mismatches=0
elapsed=1.057557e+02 cycle=1996 time=1.222371e+01 dt=4.900713e-03
CARTOON_AMR_TRANSACTION cycle=1997 requested_refine=0 requested_derefine_leaves=4 accepted_derefine_parents=0 created_leaves=0 deleted_leaves=0 mirror_mismatches=0
CARTOON_AMR_TRANSACTION cycle=1998 requested_refine=0 requested_derefine_leaves=4 accepted_derefine_parents=0 created_leaves=0 deleted_leaves=0 mirror_mismatches=0
CARTOON_AMR_TRANSACTION cycle=1999 requested_refine=0 requested_derefine_leaves=4 accepted_derefine_parents=0 created_leaves=0 deleted_leaves=0 mirror_mismatches=0
CARTOON_AMR_TRANSACTION cycle=2000 requested_refine=0 requested_derefine_leaves=4 accepted_derefine_parents=0 created_leaves=0 deleted_leaves=0 mirror_mismatches=0
elapsed=1.059260e+02 cycle=2000 time=1.224328e+01 dt=4.882654e-03
CARTOON_AMR_TRANSACTION cycle=2001 requested_refine=0 requested_derefine_leaves=4 accepted_derefine_parents=0 created_leaves=0 deleted_leaves=0 mirror_mismatches=0
CARTOON_AMR_TRANSACTION cycle=2002 requested_refine=0 requested_derefine_leaves=4 accepted_derefine_parents=0 created_leaves=0 deleted_leaves=0 mirror_mismatches=0
CARTOON_AMR_TRANSACTION cycle=2003 requested_refine=0 requested_derefine_leaves=4 accepted_derefine_parents=0 created_leaves=0 deleted_leaves=0 mirror_mismatches=0
CARTOON_AMR_TRANSACTION cycle=2004 requested_refine=0 requested_derefine_leaves=4 accepted_derefine_parents=0 created_leaves=0 deleted_leaves=0 mirror_mismatches=0
elapsed=1.060968e+02 cycle=2004 time=1.226279e+01 dt=4.864771e-03
CARTOON_AMR_TRANSACTION cycle=2005 requested_refine=0 requested_derefine_leaves=4 accepted_derefine_parents=0 created_leaves=0 deleted_leaves=0 mirror_mismatches=0
CARTOON_AMR_TRANSACTION cycle=2006 requested_refine=0 requested_derefine_leaves=4 accepted_derefine_parents=0 created_leaves=0 deleted_leaves=0 mirror_mismatches=0
CARTOON_AMR_TRANSACTION cycle=2007 requested_refine=0 requested_derefine_leaves=4 accepted_derefine_parents=0 created_leaves=0 deleted_leaves=0 mirror_mismatches=0
CARTOON_AMR_TRANSACTION cycle=2008 requested_refine=0 requested_derefine_leaves=4 accepted_derefine_parents=0 created_leaves=0 deleted_leaves=0 mirror_mismatches=0
elapsed=1.062893e+02 cycle=2008 time=1.228222e+01 dt=4.847065e-03
CARTOON_AMR_TRANSACTION cycle=2009 requested_refine=0 requested_derefine_leaves=4 accepted_derefine_parents=0 created_leaves=0 deleted_leaves=0 mirror_mismatches=0
CARTOON_AMR_TRANSACTION cycle=2010 requested_refine=0 requested_derefine_leaves=4 accepted_derefine_parents=0 created_leaves=0 deleted_leaves=0 mirror_mismatches=0
CARTOON_AMR_TRANSACTION cycle=2011 requested_refine=0 requested_derefine_leaves=4 accepted_derefine_parents=0 created_leaves=0 deleted_leaves=0 mirror_mismatches=0
CARTOON_AMR_TRANSACTION cycle=2012 requested_refine=0 requested_derefine_leaves=4 accepted_derefine_parents=0 created_leaves=0 deleted_leaves=0 mirror_mismatches=0
elapsed=1.064507e+02 cycle=2012 time=1.230158e+01 dt=4.829533e-03
CARTOON_AMR_TRANSACTION cycle=2013 requested_refine=0 requested_derefine_leaves=4 accepted_derefine_parents=0 created_leaves=0 deleted_leaves=0 mirror_mismatches=0
CARTOON_AMR_TRANSACTION cycle=2014 requested_refine=0 requested_derefine_leaves=4 accepted_derefine_parents=0 created_leaves=0 deleted_leaves=0 mirror_mismatches=0
CARTOON_AMR_TRANSACTION cycle=2015 requested_refine=0 requested_derefine_leaves=4 accepted_derefine_parents=0 created_leaves=0 deleted_leaves=0 mirror_mismatches=0
CARTOON_AMR_TRANSACTION cycle=2016 requested_refine=0 requested_derefine_leaves=4 accepted_derefine_parents=0 created_leaves=0 deleted_leaves=0 mirror_mismatches=0
elapsed=1.066144e+02 cycle=2016 time=1.232087e+01 dt=4.812175e-03
CARTOON_AMR_TRANSACTION cycle=2017 requested_refine=0 requested_derefine_leaves=4 accepted_derefine_parents=0 created_leaves=0 deleted_leaves=0 mirror_mismatches=0
CARTOON_AMR_TRANSACTION cycle=2018 requested_refine=0 requested_derefine_leaves=4 accepted_derefine_parents=0 created_leaves=0 deleted_leaves=0 mirror_mismatches=0
CARTOON_AMR_TRANSACTION cycle=2019 requested_refine=0 requested_derefine_leaves=4 accepted_derefine_parents=0 created_leaves=0 deleted_leaves=0 mirror_mismatches=0
CARTOON_AMR_TRANSACTION cycle=2020 requested_refine=0 requested_derefine_leaves=4 accepted_derefine_parents=0 created_leaves=0 deleted_leaves=0 mirror_mismatches=0
elapsed=1.067908e+02 cycle=2020 time=1.234009e+01 dt=4.794988e-03
CARTOON_AMR_TRANSACTION cycle=2021 requested_refine=0 requested_derefine_leaves=4 accepted_derefine_parents=0 created_leaves=0 deleted_leaves=0 mirror_mismatches=0
CARTOON_AMR_TRANSACTION cycle=2022 requested_refine=0 requested_derefine_leaves=4 accepted_derefine_parents=0 created_leaves=0 deleted_leaves=0 mirror_mismatches=0
CARTOON_AMR_TRANSACTION cycle=2023 requested_refine=0 requested_derefine_leaves=4 accepted_derefine_parents=0 created_leaves=0 deleted_leaves=0 mirror_mismatches=0
CARTOON_AMR_TRANSACTION cycle=2024 requested_refine=0 requested_derefine_leaves=4 accepted_derefine_parents=0 created_leaves=0 deleted_leaves=0 mirror_mismatches=0
elapsed=1.070102e+02 cycle=2024 time=1.235925e+01 dt=4.777973e-03
CARTOON_AMR_TRANSACTION cycle=2025 requested_refine=0 requested_derefine_leaves=4 accepted_derefine_parents=0 created_leaves=0 deleted_leaves=0 mirror_mismatches=0
CARTOON_AMR_TRANSACTION cycle=2026 requested_refine=0 requested_derefine_leaves=4 accepted_derefine_parents=0 created_leaves=0 deleted_leaves=0 mirror_mismatches=0
CARTOON_AMR_TRANSACTION cycle=2027 requested_refine=0 requested_derefine_leaves=4 accepted_derefine_parents=0 created_leaves=0 deleted_leaves=0 mirror_mismatches=0
CARTOON_AMR_TRANSACTION cycle=2028 requested_refine=0 requested_derefine_leaves=4 accepted_derefine_parents=0 created_leaves=0 deleted_leaves=0 mirror_mismatches=0
elapsed=1.072160e+02 cycle=2028 time=1.237834e+01 dt=4.761128e-03
CARTOON_AMR_TRANSACTION cycle=2029 requested_refine=0 requested_derefine_leaves=4 accepted_derefine_parents=0 created_leaves=0 deleted_leaves=0 mirror_mismatches=0
CARTOON_AMR_TRANSACTION cycle=2030 requested_refine=0 requested_derefine_leaves=4 accepted_derefine_parents=0 created_leaves=0 deleted_leaves=0 mirror_mismatches=0
CARTOON_AMR_TRANSACTION cycle=2031 requested_refine=0 requested_derefine_leaves=4 accepted_derefine_parents=0 created_leaves=0 deleted_leaves=0 mirror_mismatches=0
CARTOON_AMR_TRANSACTION cycle=2032 requested_refine=0 requested_derefine_leaves=4 accepted_derefine_parents=0 created_leaves=0 deleted_leaves=0 mirror_mismatches=0
elapsed=1.074338e+02 cycle=2032 time=1.239736e+01 dt=4.744452e-03
CARTOON_AMR_TRANSACTION cycle=2033 requested_refine=0 requested_derefine_leaves=4 accepted_derefine_parents=0 created_leaves=0 deleted_leaves=0 mirror_mismatches=0
CARTOON_AMR_TRANSACTION cycle=2034 requested_refine=0 requested_derefine_leaves=4 accepted_derefine_parents=0 created_leaves=0 deleted_leaves=0 mirror_mismatches=0
CARTOON_AMR_TRANSACTION cycle=2035 requested_refine=0 requested_derefine_leaves=4 accepted_derefine_parents=0 created_leaves=0 deleted_leaves=0 mirror_mismatches=0
CARTOON_AMR_TRANSACTION cycle=2036 requested_refine=0 requested_derefine_leaves=4 accepted_derefine_parents=0 created_leaves=0 deleted_leaves=0 mirror_mismatches=0
elapsed=1.076408e+02 cycle=2036 time=1.241631e+01 dt=4.727944e-03
CARTOON_AMR_TRANSACTION cycle=2037 requested_refine=0 requested_derefine_leaves=4 accepted_derefine_parents=0 created_leaves=0 deleted_leaves=0 mirror_mismatches=0
CARTOON_AMR_TRANSACTION cycle=2038 requested_refine=0 requested_derefine_leaves=4 accepted_derefine_parents=0 created_leaves=0 deleted_leaves=0 mirror_mismatches=0
CARTOON_AMR_TRANSACTION cycle=2039 requested_refine=0 requested_derefine_leaves=4 accepted_derefine_parents=0 created_leaves=0 deleted_leaves=0 mirror_mismatches=0
CARTOON_AMR_TRANSACTION cycle=2040 requested_refine=0 requested_derefine_leaves=4 accepted_derefine_parents=0 created_leaves=0 deleted_leaves=0 mirror_mismatches=0
elapsed=1.078565e+02 cycle=2040 time=1.243520e+01 dt=4.711601e-03
CARTOON_AMR_TRANSACTION cycle=2041 requested_refine=0 requested_derefine_leaves=4 accepted_derefine_parents=0 created_leaves=0 deleted_leaves=0 mirror_mismatches=0
CARTOON_AMR_TRANSACTION cycle=2042 requested_refine=0 requested_derefine_leaves=4 accepted_derefine_parents=0 created_leaves=0 deleted_leaves=0 mirror_mismatches=0
CARTOON_AMR_TRANSACTION cycle=2043 requested_refine=0 requested_derefine_leaves=4 accepted_derefine_parents=0 created_leaves=0 deleted_leaves=0 mirror_mismatches=0
CARTOON_AMR_TRANSACTION cycle=2044 requested_refine=0 requested_derefine_leaves=4 accepted_derefine_parents=0 created_leaves=0 deleted_leaves=0 mirror_mismatches=0
elapsed=1.080383e+02 cycle=2044 time=1.245402e+01 dt=4.695425e-03
CARTOON_AMR_TRANSACTION cycle=2045 requested_refine=0 requested_derefine_leaves=4 accepted_derefine_parents=0 created_leaves=0 deleted_leaves=0 mirror_mismatches=0
CARTOON_AMR_TRANSACTION cycle=2046 requested_refine=0 requested_derefine_leaves=4 accepted_derefine_parents=0 created_leaves=0 deleted_leaves=0 mirror_mismatches=0
CARTOON_AMR_TRANSACTION cycle=2047 requested_refine=0 requested_derefine_leaves=4 accepted_derefine_parents=0 created_leaves=0 deleted_leaves=0 mirror_mismatches=0
CARTOON_AMR_TRANSACTION cycle=2048 requested_refine=0 requested_derefine_leaves=4 accepted_derefine_parents=0 created_leaves=0 deleted_leaves=0 mirror_mismatches=0
elapsed=1.087159e+02 cycle=2048 time=1.247278e+01 dt=4.679412e-03
CARTOON_AMR_TRANSACTION cycle=2049 requested_refine=0 requested_derefine_leaves=4 accepted_derefine_parents=0 created_leaves=0 deleted_leaves=0 mirror_mismatches=0
CARTOON_AMR_TRANSACTION cycle=2050 requested_refine=0 requested_derefine_leaves=4 accepted_derefine_parents=0 created_leaves=0 deleted_leaves=0 mirror_mismatches=0
CARTOON_AMR_TRANSACTION cycle=2051 requested_refine=0 requested_derefine_leaves=4 accepted_derefine_parents=0 created_leaves=0 deleted_leaves=0 mirror_mismatches=0
CARTOON_AMR_TRANSACTION cycle=2052 requested_refine=0 requested_derefine_leaves=4 accepted_derefine_parents=0 created_leaves=0 deleted_leaves=0 mirror_mismatches=0
elapsed=1.089111e+02 cycle=2052 time=1.249147e+01 dt=4.663562e-03
CARTOON_AMR_TRANSACTION cycle=2053 requested_refine=0 requested_derefine_leaves=4 accepted_derefine_parents=0 created_leaves=0 deleted_leaves=0 mirror_mismatches=0
CARTOON_AMR_TRANSACTION cycle=2054 requested_refine=0 requested_derefine_leaves=4 accepted_derefine_parents=0 created_leaves=0 deleted_leaves=0 mirror_mismatches=0
CARTOON_AMR_TRANSACTION cycle=2055 requested_refine=0 requested_derefine_leaves=4 accepted_derefine_parents=0 created_leaves=0 deleted_leaves=0 mirror_mismatches=0
CARTOON_AMR_TRANSACTION cycle=2056 requested_refine=0 requested_derefine_leaves=4 accepted_derefine_parents=0 created_leaves=0 deleted_leaves=0 mirror_mismatches=0
elapsed=1.091440e+02 cycle=2056 time=1.251010e+01 dt=4.647874e-03
CARTOON_AMR_TRANSACTION cycle=2057 requested_refine=0 requested_derefine_leaves=4 accepted_derefine_parents=0 created_leaves=0 deleted_leaves=0 mirror_mismatches=0
CARTOON_AMR_TRANSACTION cycle=2058 requested_refine=0 requested_derefine_leaves=4 accepted_derefine_parents=0 created_leaves=0 deleted_leaves=0 mirror_mismatches=0
CARTOON_AMR_TRANSACTION cycle=2059 requested_refine=0 requested_derefine_leaves=4 accepted_derefine_parents=0 created_leaves=0 deleted_leaves=0 mirror_mismatches=0
CARTOON_AMR_TRANSACTION cycle=2060 requested_refine=0 requested_derefine_leaves=4 accepted_derefine_parents=0 created_leaves=0 deleted_leaves=0 mirror_mismatches=0
elapsed=1.093246e+02 cycle=2060 time=1.252867e+01 dt=4.632347e-03
CARTOON_AMR_TRANSACTION cycle=2061 requested_refine=0 requested_derefine_leaves=4 accepted_derefine_parents=0 created_leaves=0 deleted_leaves=0 mirror_mismatches=0
CARTOON_AMR_TRANSACTION cycle=2062 requested_refine=0 requested_derefine_leaves=4 accepted_derefine_parents=0 created_leaves=0 deleted_leaves=0 mirror_mismatches=0
CARTOON_AMR_TRANSACTION cycle=2063 requested_refine=0 requested_derefine_leaves=4 accepted_derefine_parents=0 created_leaves=0 deleted_leaves=0 mirror_mismatches=0
CARTOON_AMR_TRANSACTION cycle=2064 requested_refine=0 requested_derefine_leaves=4 accepted_derefine_parents=0 created_leaves=0 deleted_leaves=0 mirror_mismatches=0
elapsed=1.095602e+02 cycle=2064 time=1.254717e+01 dt=4.616980e-03
CARTOON_AMR_TRANSACTION cycle=2065 requested_refine=0 requested_derefine_leaves=4 accepted_derefine_parents=0 created_leaves=0 deleted_leaves=0 mirror_mismatches=0
CARTOON_AMR_TRANSACTION cycle=2066 requested_refine=0 requested_derefine_leaves=4 accepted_derefine_parents=0 created_leaves=0 deleted_leaves=0 mirror_mismatches=0
CARTOON_AMR_TRANSACTION cycle=2067 requested_refine=0 requested_derefine_leaves=4 accepted_derefine_parents=0 created_leaves=0 deleted_leaves=0 mirror_mismatches=0
CARTOON_AMR_TRANSACTION cycle=2068 requested_refine=0 requested_derefine_leaves=4 accepted_derefine_parents=0 created_leaves=0 deleted_leaves=0 mirror_mismatches=0
elapsed=1.097668e+02 cycle=2068 time=1.256562e+01 dt=4.601771e-03
CARTOON_AMR_TRANSACTION cycle=2069 requested_refine=0 requested_derefine_leaves=4 accepted_derefine_parents=0 created_leaves=0 deleted_leaves=0 mirror_mismatches=0
CARTOON_AMR_TRANSACTION cycle=2070 requested_refine=0 requested_derefine_leaves=4 accepted_derefine_parents=0 created_leaves=0 deleted_leaves=0 mirror_mismatches=0
CARTOON_AMR_TRANSACTION cycle=2071 requested_refine=0 requested_derefine_leaves=4 accepted_derefine_parents=0 created_leaves=0 deleted_leaves=0 mirror_mismatches=0
CARTOON_AMR_TRANSACTION cycle=2072 requested_refine=0 requested_derefine_leaves=4 accepted_derefine_parents=0 created_leaves=0 deleted_leaves=0 mirror_mismatches=0
elapsed=1.099318e+02 cycle=2072 time=1.258400e+01 dt=4.586719e-03
CARTOON_AMR_TRANSACTION cycle=2073 requested_refine=0 requested_derefine_leaves=4 accepted_derefine_parents=0 created_leaves=0 deleted_leaves=0 mirror_mismatches=0
CARTOON_AMR_TRANSACTION cycle=2074 requested_refine=0 requested_derefine_leaves=4 accepted_derefine_parents=0 created_leaves=0 deleted_leaves=0 mirror_mismatches=0
CARTOON_AMR_TRANSACTION cycle=2075 requested_refine=0 requested_derefine_leaves=4 accepted_derefine_parents=0 created_leaves=0 deleted_leaves=0 mirror_mismatches=0
CARTOON_AMR_TRANSACTION cycle=2076 requested_refine=0 requested_derefine_leaves=4 accepted_derefine_parents=0 created_leaves=0 deleted_leaves=0 mirror_mismatches=0
elapsed=1.101202e+02 cycle=2076 time=1.260233e+01 dt=4.571823e-03
CARTOON_AMR_TRANSACTION cycle=2077 requested_refine=0 requested_derefine_leaves=4 accepted_derefine_parents=0 created_leaves=0 deleted_leaves=0 mirror_mismatches=0
CARTOON_AMR_TRANSACTION cycle=2078 requested_refine=0 requested_derefine_leaves=4 accepted_derefine_parents=0 created_leaves=0 deleted_leaves=0 mirror_mismatches=0
CARTOON_AMR_TRANSACTION cycle=2079 requested_refine=0 requested_derefine_leaves=4 accepted_derefine_parents=0 created_leaves=0 deleted_leaves=0 mirror_mismatches=0
CARTOON_AMR_TRANSACTION cycle=2080 requested_refine=0 requested_derefine_leaves=4 accepted_derefine_parents=0 created_leaves=0 deleted_leaves=0 mirror_mismatches=0
elapsed=1.103003e+02 cycle=2080 time=1.262059e+01 dt=4.557082e-03
CARTOON_AMR_TRANSACTION cycle=2081 requested_refine=0 requested_derefine_leaves=4 accepted_derefine_parents=0 created_leaves=0 deleted_leaves=0 mirror_mismatches=0
CARTOON_AMR_TRANSACTION cycle=2082 requested_refine=0 requested_derefine_leaves=4 accepted_derefine_parents=0 created_leaves=0 deleted_leaves=0 mirror_mismatches=0
CARTOON_AMR_TRANSACTION cycle=2083 requested_refine=0 requested_derefine_leaves=4 accepted_derefine_parents=0 created_leaves=0 deleted_leaves=0 mirror_mismatches=0
CARTOON_AMR_TRANSACTION cycle=2084 requested_refine=0 requested_derefine_leaves=4 accepted_derefine_parents=0 created_leaves=0 deleted_leaves=0 mirror_mismatches=0
elapsed=1.104902e+02 cycle=2084 time=1.263880e+01 dt=4.542495e-03
CARTOON_AMR_TRANSACTION cycle=2085 requested_refine=0 requested_derefine_leaves=4 accepted_derefine_parents=0 created_leaves=0 deleted_leaves=0 mirror_mismatches=0
CARTOON_AMR_TRANSACTION cycle=2086 requested_refine=0 requested_derefine_leaves=4 accepted_derefine_parents=0 created_leaves=0 deleted_leaves=0 mirror_mismatches=0
CARTOON_AMR_TRANSACTION cycle=2087 requested_refine=0 requested_derefine_leaves=4 accepted_derefine_parents=0 created_leaves=0 deleted_leaves=0 mirror_mismatches=0
CARTOON_AMR_TRANSACTION cycle=2088 requested_refine=0 requested_derefine_leaves=4 accepted_derefine_parents=0 created_leaves=0 deleted_leaves=0 mirror_mismatches=0
elapsed=1.106875e+02 cycle=2088 time=1.265695e+01 dt=4.528061e-03
CARTOON_AMR_TRANSACTION cycle=2089 requested_refine=0 requested_derefine_leaves=4 accepted_derefine_parents=0 created_leaves=0 deleted_leaves=0 mirror_mismatches=0
CARTOON_AMR_TRANSACTION cycle=2090 requested_refine=0 requested_derefine_leaves=4 accepted_derefine_parents=0 created_leaves=0 deleted_leaves=0 mirror_mismatches=0
CARTOON_AMR_TRANSACTION cycle=2091 requested_refine=0 requested_derefine_leaves=4 accepted_derefine_parents=0 created_leaves=0 deleted_leaves=0 mirror_mismatches=0
CARTOON_AMR_TRANSACTION cycle=2092 requested_refine=0 requested_derefine_leaves=4 accepted_derefine_parents=0 created_leaves=0 deleted_leaves=0 mirror_mismatches=0
elapsed=1.108794e+02 cycle=2092 time=1.267504e+01 dt=4.513778e-03
CARTOON_AMR_TRANSACTION cycle=2093 requested_refine=0 requested_derefine_leaves=4 accepted_derefine_parents=0 created_leaves=0 deleted_leaves=0 mirror_mismatches=0
CARTOON_AMR_TRANSACTION cycle=2094 requested_refine=0 requested_derefine_leaves=4 accepted_derefine_parents=0 created_leaves=0 deleted_leaves=0 mirror_mismatches=0
CARTOON_AMR_TRANSACTION cycle=2095 requested_refine=0 requested_derefine_leaves=4 accepted_derefine_parents=0 created_leaves=0 deleted_leaves=0 mirror_mismatches=0
CARTOON_AMR_TRANSACTION cycle=2096 requested_refine=0 requested_derefine_leaves=4 accepted_derefine_parents=0 created_leaves=0 deleted_leaves=0 mirror_mismatches=0
elapsed=1.110635e+02 cycle=2096 time=1.269307e+01 dt=4.499646e-03
CARTOON_AMR_TRANSACTION cycle=2097 requested_refine=0 requested_derefine_leaves=4 accepted_derefine_parents=0 created_leaves=0 deleted_leaves=0 mirror_mismatches=0
CARTOON_AMR_TRANSACTION cycle=2098 requested_refine=0 requested_derefine_leaves=4 accepted_derefine_parents=0 created_leaves=0 deleted_leaves=0 mirror_mismatches=0
CARTOON_AMR_TRANSACTION cycle=2099 requested_refine=0 requested_derefine_leaves=4 accepted_derefine_parents=0 created_leaves=0 deleted_leaves=0 mirror_mismatches=0
CARTOON_AMR_TRANSACTION cycle=2100 requested_refine=0 requested_derefine_leaves=4 accepted_derefine_parents=0 created_leaves=0 deleted_leaves=0 mirror_mismatches=0
elapsed=1.112673e+02 cycle=2100 time=1.271105e+01 dt=4.485663e-03
CARTOON_AMR_TRANSACTION cycle=2101 requested_refine=0 requested_derefine_leaves=4 accepted_derefine_parents=0 created_leaves=0 deleted_leaves=0 mirror_mismatches=0
CARTOON_AMR_TRANSACTION cycle=2102 requested_refine=0 requested_derefine_leaves=4 accepted_derefine_parents=0 created_leaves=0 deleted_leaves=0 mirror_mismatches=0
CARTOON_AMR_TRANSACTION cycle=2103 requested_refine=0 requested_derefine_leaves=4 accepted_derefine_parents=0 created_leaves=0 deleted_leaves=0 mirror_mismatches=0
CARTOON_AMR_TRANSACTION cycle=2104 requested_refine=0 requested_derefine_leaves=4 accepted_derefine_parents=0 created_leaves=0 deleted_leaves=0 mirror_mismatches=0
elapsed=1.114660e+02 cycle=2104 time=1.272897e+01 dt=4.471828e-03
CARTOON_AMR_TRANSACTION cycle=2105 requested_refine=0 requested_derefine_leaves=4 accepted_derefine_parents=0 created_leaves=0 deleted_leaves=0 mirror_mismatches=0
CARTOON_AMR_TRANSACTION cycle=2106 requested_refine=0 requested_derefine_leaves=4 accepted_derefine_parents=0 created_leaves=0 deleted_leaves=0 mirror_mismatches=0
CARTOON_AMR_TRANSACTION cycle=2107 requested_refine=0 requested_derefine_leaves=4 accepted_derefine_parents=0 created_leaves=0 deleted_leaves=0 mirror_mismatches=0
CARTOON_AMR_TRANSACTION cycle=2108 requested_refine=0 requested_derefine_leaves=4 accepted_derefine_parents=0 created_leaves=0 deleted_leaves=0 mirror_mismatches=0
elapsed=1.116517e+02 cycle=2108 time=1.274684e+01 dt=4.458141e-03
CARTOON_AMR_TRANSACTION cycle=2109 requested_refine=0 requested_derefine_leaves=4 accepted_derefine_parents=0 created_leaves=0 deleted_leaves=0 mirror_mismatches=0
CARTOON_AMR_TRANSACTION cycle=2110 requested_refine=0 requested_derefine_leaves=4 accepted_derefine_parents=0 created_leaves=0 deleted_leaves=0 mirror_mismatches=0
CARTOON_AMR_TRANSACTION cycle=2111 requested_refine=0 requested_derefine_leaves=4 accepted_derefine_parents=0 created_leaves=0 deleted_leaves=0 mirror_mismatches=0
CARTOON_AMR_TRANSACTION cycle=2112 requested_refine=0 requested_derefine_leaves=4 accepted_derefine_parents=0 created_leaves=0 deleted_leaves=0 mirror_mismatches=0
elapsed=1.118750e+02 cycle=2112 time=1.276465e+01 dt=4.444599e-03
CARTOON_AMR_TRANSACTION cycle=2113 requested_refine=0 requested_derefine_leaves=4 accepted_derefine_parents=0 created_leaves=0 deleted_leaves=0 mirror_mismatches=0
CARTOON_AMR_TRANSACTION cycle=2114 requested_refine=0 requested_derefine_leaves=4 accepted_derefine_parents=0 created_leaves=0 deleted_leaves=0 mirror_mismatches=0
CARTOON_AMR_TRANSACTION cycle=2115 requested_refine=0 requested_derefine_leaves=4 accepted_derefine_parents=0 created_leaves=0 deleted_leaves=0 mirror_mismatches=0
CARTOON_AMR_TRANSACTION cycle=2116 requested_refine=0 requested_derefine_leaves=4 accepted_derefine_parents=0 created_leaves=0 deleted_leaves=0 mirror_mismatches=0
elapsed=1.120784e+02 cycle=2116 time=1.278241e+01 dt=4.431203e-03
CARTOON_AMR_TRANSACTION cycle=2117 requested_refine=0 requested_derefine_leaves=4 accepted_derefine_parents=0 created_leaves=0 deleted_leaves=0 mirror_mismatches=0
CARTOON_AMR_TRANSACTION cycle=2118 requested_refine=0 requested_derefine_leaves=4 accepted_derefine_parents=0 created_leaves=0 deleted_leaves=0 mirror_mismatches=0
CARTOON_AMR_TRANSACTION cycle=2119 requested_refine=0 requested_derefine_leaves=4 accepted_derefine_parents=0 created_leaves=0 deleted_leaves=0 mirror_mismatches=0
CARTOON_AMR_TRANSACTION cycle=2120 requested_refine=0 requested_derefine_leaves=4 accepted_derefine_parents=0 created_leaves=0 deleted_leaves=0 mirror_mismatches=0
elapsed=1.122547e+02 cycle=2120 time=1.280011e+01 dt=4.417950e-03
CARTOON_AMR_TRANSACTION cycle=2121 requested_refine=0 requested_derefine_leaves=4 accepted_derefine_parents=0 created_leaves=0 deleted_leaves=0 mirror_mismatches=0
CARTOON_AMR_TRANSACTION cycle=2122 requested_refine=0 requested_derefine_leaves=4 accepted_derefine_parents=0 created_leaves=0 deleted_leaves=0 mirror_mismatches=0
CARTOON_AMR_TRANSACTION cycle=2123 requested_refine=0 requested_derefine_leaves=4 accepted_derefine_parents=0 created_leaves=0 deleted_leaves=0 mirror_mismatches=0
CARTOON_AMR_TRANSACTION cycle=2124 requested_refine=0 requested_derefine_leaves=4 accepted_derefine_parents=0 created_leaves=0 deleted_leaves=0 mirror_mismatches=0
elapsed=1.124445e+02 cycle=2124 time=1.281777e+01 dt=4.404840e-03
CARTOON_AMR_TRANSACTION cycle=2125 requested_refine=0 requested_derefine_leaves=4 accepted_derefine_parents=0 created_leaves=0 deleted_leaves=0 mirror_mismatches=0
CARTOON_AMR_TRANSACTION cycle=2126 requested_refine=0 requested_derefine_leaves=4 accepted_derefine_parents=0 created_leaves=0 deleted_leaves=0 mirror_mismatches=0
CARTOON_AMR_TRANSACTION cycle=2127 requested_refine=0 requested_derefine_leaves=4 accepted_derefine_parents=0 created_leaves=0 deleted_leaves=0 mirror_mismatches=0
CARTOON_AMR_TRANSACTION cycle=2128 requested_refine=0 requested_derefine_leaves=4 accepted_derefine_parents=0 created_leaves=0 deleted_leaves=0 mirror_mismatches=0
elapsed=1.126040e+02 cycle=2128 time=1.283537e+01 dt=4.391872e-03
CARTOON_AMR_TRANSACTION cycle=2129 requested_refine=0 requested_derefine_leaves=4 accepted_derefine_parents=0 created_leaves=0 deleted_leaves=0 mirror_mismatches=0
CARTOON_AMR_TRANSACTION cycle=2130 requested_refine=0 requested_derefine_leaves=4 accepted_derefine_parents=0 created_leaves=0 deleted_leaves=0 mirror_mismatches=0
CARTOON_AMR_TRANSACTION cycle=2131 requested_refine=0 requested_derefine_leaves=4 accepted_derefine_parents=0 created_leaves=0 deleted_leaves=0 mirror_mismatches=0
CARTOON_AMR_TRANSACTION cycle=2132 requested_refine=0 requested_derefine_leaves=4 accepted_derefine_parents=0 created_leaves=0 deleted_leaves=0 mirror_mismatches=0
elapsed=1.127858e+02 cycle=2132 time=1.285291e+01 dt=4.379044e-03
CARTOON_AMR_TRANSACTION cycle=2133 requested_refine=0 requested_derefine_leaves=4 accepted_derefine_parents=0 created_leaves=0 deleted_leaves=0 mirror_mismatches=0
CARTOON_AMR_TRANSACTION cycle=2134 requested_refine=0 requested_derefine_leaves=4 accepted_derefine_parents=0 created_leaves=0 deleted_leaves=0 mirror_mismatches=0
CARTOON_AMR_TRANSACTION cycle=2135 requested_refine=0 requested_derefine_leaves=4 accepted_derefine_parents=0 created_leaves=0 deleted_leaves=0 mirror_mismatches=0
CARTOON_AMR_TRANSACTION cycle=2136 requested_refine=0 requested_derefine_leaves=4 accepted_derefine_parents=0 created_leaves=0 deleted_leaves=0 mirror_mismatches=0
elapsed=1.129685e+02 cycle=2136 time=1.287041e+01 dt=4.366356e-03
CARTOON_AMR_TRANSACTION cycle=2137 requested_refine=0 requested_derefine_leaves=4 accepted_derefine_parents=0 created_leaves=0 deleted_leaves=0 mirror_mismatches=0
CARTOON_AMR_TRANSACTION cycle=2138 requested_refine=0 requested_derefine_leaves=4 accepted_derefine_parents=0 created_leaves=0 deleted_leaves=0 mirror_mismatches=0
CARTOON_AMR_TRANSACTION cycle=2139 requested_refine=0 requested_derefine_leaves=4 accepted_derefine_parents=0 created_leaves=0 deleted_leaves=0 mirror_mismatches=0
CARTOON_AMR_TRANSACTION cycle=2140 requested_refine=0 requested_derefine_leaves=4 accepted_derefine_parents=0 created_leaves=0 deleted_leaves=0 mirror_mismatches=0
elapsed=1.131562e+02 cycle=2140 time=1.288786e+01 dt=4.353806e-03
CARTOON_AMR_TRANSACTION cycle=2141 requested_refine=0 requested_derefine_leaves=4 accepted_derefine_parents=0 created_leaves=0 deleted_leaves=0 mirror_mismatches=0
CARTOON_AMR_TRANSACTION cycle=2142 requested_refine=0 requested_derefine_leaves=4 accepted_derefine_parents=0 created_leaves=0 deleted_leaves=0 mirror_mismatches=0
CARTOON_AMR_TRANSACTION cycle=2143 requested_refine=0 requested_derefine_leaves=4 accepted_derefine_parents=0 created_leaves=0 deleted_leaves=0 mirror_mismatches=0
CARTOON_AMR_TRANSACTION cycle=2144 requested_refine=0 requested_derefine_leaves=4 accepted_derefine_parents=0 created_leaves=0 deleted_leaves=0 mirror_mismatches=0
elapsed=1.133553e+02 cycle=2144 time=1.290525e+01 dt=4.341393e-03
CARTOON_AMR_TRANSACTION cycle=2145 requested_refine=0 requested_derefine_leaves=4 accepted_derefine_parents=0 created_leaves=0 deleted_leaves=0 mirror_mismatches=0
CARTOON_AMR_TRANSACTION cycle=2146 requested_refine=0 requested_derefine_leaves=4 accepted_derefine_parents=0 created_leaves=0 deleted_leaves=0 mirror_mismatches=0
CARTOON_AMR_TRANSACTION cycle=2147 requested_refine=0 requested_derefine_leaves=4 accepted_derefine_parents=0 created_leaves=0 deleted_leaves=0 mirror_mismatches=0
CARTOON_AMR_TRANSACTION cycle=2148 requested_refine=0 requested_derefine_leaves=4 accepted_derefine_parents=0 created_leaves=0 deleted_leaves=0 mirror_mismatches=0
elapsed=1.135253e+02 cycle=2148 time=1.292260e+01 dt=4.329117e-03
CARTOON_AMR_TRANSACTION cycle=2149 requested_refine=0 requested_derefine_leaves=4 accepted_derefine_parents=0 created_leaves=0 deleted_leaves=0 mirror_mismatches=0
CARTOON_AMR_TRANSACTION cycle=2150 requested_refine=0 requested_derefine_leaves=4 accepted_derefine_parents=0 created_leaves=0 deleted_leaves=0 mirror_mismatches=0
CARTOON_AMR_TRANSACTION cycle=2151 requested_refine=0 requested_derefine_leaves=4 accepted_derefine_parents=0 created_leaves=0 deleted_leaves=0 mirror_mismatches=0
CARTOON_AMR_TRANSACTION cycle=2152 requested_refine=0 requested_derefine_leaves=4 accepted_derefine_parents=0 created_leaves=0 deleted_leaves=0 mirror_mismatches=0
elapsed=1.137564e+02 cycle=2152 time=1.293990e+01 dt=4.316976e-03
CARTOON_AMR_TRANSACTION cycle=2153 requested_refine=0 requested_derefine_leaves=4 accepted_derefine_parents=0 created_leaves=0 deleted_leaves=0 mirror_mismatches=0
CARTOON_AMR_TRANSACTION cycle=2154 requested_refine=0 requested_derefine_leaves=4 accepted_derefine_parents=0 created_leaves=0 deleted_leaves=0 mirror_mismatches=0
CARTOON_AMR_TRANSACTION cycle=2155 requested_refine=0 requested_derefine_leaves=4 accepted_derefine_parents=0 created_leaves=0 deleted_leaves=0 mirror_mismatches=0
CARTOON_AMR_TRANSACTION cycle=2156 requested_refine=0 requested_derefine_leaves=4 accepted_derefine_parents=0 created_leaves=0 deleted_leaves=0 mirror_mismatches=0
elapsed=1.139536e+02 cycle=2156 time=1.295715e+01 dt=4.304969e-03
CARTOON_AMR_TRANSACTION cycle=2157 requested_refine=0 requested_derefine_leaves=4 accepted_derefine_parents=0 created_leaves=0 deleted_leaves=0 mirror_mismatches=0
CARTOON_AMR_TRANSACTION cycle=2158 requested_refine=0 requested_derefine_leaves=4 accepted_derefine_parents=0 created_leaves=0 deleted_leaves=0 mirror_mismatches=0
CARTOON_AMR_TRANSACTION cycle=2159 requested_refine=0 requested_derefine_leaves=4 accepted_derefine_parents=0 created_leaves=0 deleted_leaves=0 mirror_mismatches=0
CARTOON_AMR_TRANSACTION cycle=2160 requested_refine=0 requested_derefine_leaves=4 accepted_derefine_parents=0 created_leaves=0 deleted_leaves=0 mirror_mismatches=0
elapsed=1.141522e+02 cycle=2160 time=1.297435e+01 dt=4.293095e-03
CARTOON_AMR_TRANSACTION cycle=2161 requested_refine=0 requested_derefine_leaves=4 accepted_derefine_parents=0 created_leaves=0 deleted_leaves=0 mirror_mismatches=0
CARTOON_AMR_TRANSACTION cycle=2162 requested_refine=0 requested_derefine_leaves=4 accepted_derefine_parents=0 created_leaves=0 deleted_leaves=0 mirror_mismatches=0
CARTOON_AMR_TRANSACTION cycle=2163 requested_refine=0 requested_derefine_leaves=4 accepted_derefine_parents=0 created_leaves=0 deleted_leaves=0 mirror_mismatches=0
CARTOON_AMR_TRANSACTION cycle=2164 requested_refine=0 requested_derefine_leaves=4 accepted_derefine_parents=0 created_leaves=0 deleted_leaves=0 mirror_mismatches=0
elapsed=1.143801e+02 cycle=2164 time=1.299151e+01 dt=4.281353e-03
CARTOON_AMR_TRANSACTION cycle=2165 requested_refine=0 requested_derefine_leaves=4 accepted_derefine_parents=0 created_leaves=0 deleted_leaves=0 mirror_mismatches=0
CARTOON_AMR_TRANSACTION cycle=2166 requested_refine=0 requested_derefine_leaves=4 accepted_derefine_parents=0 created_leaves=0 deleted_leaves=0 mirror_mismatches=0
CARTOON_AMR_TRANSACTION cycle=2167 requested_refine=0 requested_derefine_leaves=4 accepted_derefine_parents=0 created_leaves=0 deleted_leaves=0 mirror_mismatches=0
CARTOON_AMR_TRANSACTION cycle=2168 requested_refine=0 requested_derefine_leaves=4 accepted_derefine_parents=0 created_leaves=0 deleted_leaves=0 mirror_mismatches=0
elapsed=1.145872e+02 cycle=2168 time=1.300861e+01 dt=4.269742e-03
CARTOON_AMR_TRANSACTION cycle=2169 requested_refine=0 requested_derefine_leaves=4 accepted_derefine_parents=0 created_leaves=0 deleted_leaves=0 mirror_mismatches=0
CARTOON_AMR_TRANSACTION cycle=2170 requested_refine=0 requested_derefine_leaves=4 accepted_derefine_parents=0 created_leaves=0 deleted_leaves=0 mirror_mismatches=0
CARTOON_AMR_TRANSACTION cycle=2171 requested_refine=0 requested_derefine_leaves=4 accepted_derefine_parents=0 created_leaves=0 deleted_leaves=0 mirror_mismatches=0
CARTOON_AMR_TRANSACTION cycle=2172 requested_refine=0 requested_derefine_leaves=4 accepted_derefine_parents=0 created_leaves=0 deleted_leaves=0 mirror_mismatches=0
elapsed=1.148002e+02 cycle=2172 time=1.302568e+01 dt=4.258262e-03
CARTOON_AMR_TRANSACTION cycle=2173 requested_refine=0 requested_derefine_leaves=4 accepted_derefine_parents=0 created_leaves=0 deleted_leaves=0 mirror_mismatches=0
CARTOON_AMR_TRANSACTION cycle=2174 requested_refine=0 requested_derefine_leaves=4 accepted_derefine_parents=0 created_leaves=0 deleted_leaves=0 mirror_mismatches=0
CARTOON_AMR_TRANSACTION cycle=2175 requested_refine=0 requested_derefine_leaves=4 accepted_derefine_parents=0 created_leaves=0 deleted_leaves=0 mirror_mismatches=0
CARTOON_AMR_TRANSACTION cycle=2176 requested_refine=0 requested_derefine_leaves=4 accepted_derefine_parents=0 created_leaves=0 deleted_leaves=0 mirror_mismatches=0
elapsed=1.150438e+02 cycle=2176 time=1.304269e+01 dt=4.246910e-03
CARTOON_AMR_TRANSACTION cycle=2177 requested_refine=0 requested_derefine_leaves=4 accepted_derefine_parents=0 created_leaves=0 deleted_leaves=0 mirror_mismatches=0
CARTOON_AMR_TRANSACTION cycle=2178 requested_refine=0 requested_derefine_leaves=4 accepted_derefine_parents=0 created_leaves=0 deleted_leaves=0 mirror_mismatches=0
CARTOON_AMR_TRANSACTION cycle=2179 requested_refine=0 requested_derefine_leaves=4 accepted_derefine_parents=0 created_leaves=0 deleted_leaves=0 mirror_mismatches=0
CARTOON_AMR_TRANSACTION cycle=2180 requested_refine=0 requested_derefine_leaves=4 accepted_derefine_parents=0 created_leaves=0 deleted_leaves=0 mirror_mismatches=0
elapsed=1.152532e+02 cycle=2180 time=1.305966e+01 dt=4.235686e-03
CARTOON_AMR_TRANSACTION cycle=2181 requested_refine=0 requested_derefine_leaves=4 accepted_derefine_parents=0 created_leaves=0 deleted_leaves=0 mirror_mismatches=0
CARTOON_AMR_TRANSACTION cycle=2182 requested_refine=0 requested_derefine_leaves=4 accepted_derefine_parents=0 created_leaves=0 deleted_leaves=0 mirror_mismatches=0
CARTOON_AMR_TRANSACTION cycle=2183 requested_refine=0 requested_derefine_leaves=4 accepted_derefine_parents=0 created_leaves=0 deleted_leaves=0 mirror_mismatches=0
CARTOON_AMR_TRANSACTION cycle=2184 requested_refine=0 requested_derefine_leaves=4 accepted_derefine_parents=0 created_leaves=0 deleted_leaves=0 mirror_mismatches=0
elapsed=1.154480e+02 cycle=2184 time=1.307659e+01 dt=4.224589e-03
CARTOON_AMR_TRANSACTION cycle=2185 requested_refine=0 requested_derefine_leaves=4 accepted_derefine_parents=0 created_leaves=0 deleted_leaves=0 mirror_mismatches=0
CARTOON_AMR_TRANSACTION cycle=2186 requested_refine=0 requested_derefine_leaves=4 accepted_derefine_parents=0 created_leaves=0 deleted_leaves=0 mirror_mismatches=0
CARTOON_AMR_TRANSACTION cycle=2187 requested_refine=0 requested_derefine_leaves=4 accepted_derefine_parents=0 created_leaves=0 deleted_leaves=0 mirror_mismatches=0
CARTOON_AMR_TRANSACTION cycle=2188 requested_refine=0 requested_derefine_leaves=4 accepted_derefine_parents=0 created_leaves=0 deleted_leaves=0 mirror_mismatches=0
elapsed=1.156388e+02 cycle=2188 time=1.309347e+01 dt=4.213618e-03
CARTOON_AMR_TRANSACTION cycle=2189 requested_refine=0 requested_derefine_leaves=4 accepted_derefine_parents=0 created_leaves=0 deleted_leaves=0 mirror_mismatches=0
CARTOON_AMR_TRANSACTION cycle=2190 requested_refine=0 requested_derefine_leaves=4 accepted_derefine_parents=0 created_leaves=0 deleted_leaves=0 mirror_mismatches=0
CARTOON_AMR_TRANSACTION cycle=2191 requested_refine=0 requested_derefine_leaves=4 accepted_derefine_parents=0 created_leaves=0 deleted_leaves=0 mirror_mismatches=0
CARTOON_AMR_TRANSACTION cycle=2192 requested_refine=0 requested_derefine_leaves=4 accepted_derefine_parents=0 created_leaves=0 deleted_leaves=0 mirror_mismatches=0
elapsed=1.158077e+02 cycle=2192 time=1.311031e+01 dt=4.202773e-03
CARTOON_AMR_TRANSACTION cycle=2193 requested_refine=0 requested_derefine_leaves=4 accepted_derefine_parents=0 created_leaves=0 deleted_leaves=0 mirror_mismatches=0
CARTOON_AMR_TRANSACTION cycle=2194 requested_refine=0 requested_derefine_leaves=4 accepted_derefine_parents=0 created_leaves=0 deleted_leaves=0 mirror_mismatches=0
CARTOON_AMR_TRANSACTION cycle=2195 requested_refine=0 requested_derefine_leaves=4 accepted_derefine_parents=0 created_leaves=0 deleted_leaves=0 mirror_mismatches=0
CARTOON_AMR_TRANSACTION cycle=2196 requested_refine=0 requested_derefine_leaves=4 accepted_derefine_parents=0 created_leaves=0 deleted_leaves=0 mirror_mismatches=0
elapsed=1.159824e+02 cycle=2196 time=1.312710e+01 dt=4.192052e-03
CARTOON_AMR_TRANSACTION cycle=2197 requested_refine=0 requested_derefine_leaves=4 accepted_derefine_parents=0 created_leaves=0 deleted_leaves=0 mirror_mismatches=0
CARTOON_AMR_TRANSACTION cycle=2198 requested_refine=0 requested_derefine_leaves=4 accepted_derefine_parents=0 created_leaves=0 deleted_leaves=0 mirror_mismatches=0
CARTOON_AMR_TRANSACTION cycle=2199 requested_refine=0 requested_derefine_leaves=4 accepted_derefine_parents=0 created_leaves=0 deleted_leaves=0 mirror_mismatches=0
CARTOON_AMR_TRANSACTION cycle=2200 requested_refine=0 requested_derefine_leaves=4 accepted_derefine_parents=0 created_leaves=0 deleted_leaves=0 mirror_mismatches=0
elapsed=1.161656e+02 cycle=2200 time=1.314386e+01 dt=4.181454e-03
CARTOON_AMR_TRANSACTION cycle=2201 requested_refine=0 requested_derefine_leaves=4 accepted_derefine_parents=0 created_leaves=0 deleted_leaves=0 mirror_mismatches=0
CARTOON_AMR_TRANSACTION cycle=2202 requested_refine=0 requested_derefine_leaves=4 accepted_derefine_parents=0 created_leaves=0 deleted_leaves=0 mirror_mismatches=0
CARTOON_AMR_TRANSACTION cycle=2203 requested_refine=0 requested_derefine_leaves=4 accepted_derefine_parents=0 created_leaves=0 deleted_leaves=0 mirror_mismatches=0
CARTOON_AMR_TRANSACTION cycle=2204 requested_refine=0 requested_derefine_leaves=4 accepted_derefine_parents=0 created_leaves=0 deleted_leaves=0 mirror_mismatches=0
elapsed=1.163557e+02 cycle=2204 time=1.316057e+01 dt=4.170957e-03
CARTOON_AMR_TRANSACTION cycle=2205 requested_refine=0 requested_derefine_leaves=4 accepted_derefine_parents=0 created_leaves=0 deleted_leaves=0 mirror_mismatches=0
CARTOON_AMR_TRANSACTION cycle=2206 requested_refine=0 requested_derefine_leaves=4 accepted_derefine_parents=0 created_leaves=0 deleted_leaves=0 mirror_mismatches=0
CARTOON_AMR_TRANSACTION cycle=2207 requested_refine=0 requested_derefine_leaves=4 accepted_derefine_parents=0 created_leaves=0 deleted_leaves=0 mirror_mismatches=0
CARTOON_AMR_TRANSACTION cycle=2208 requested_refine=0 requested_derefine_leaves=4 accepted_derefine_parents=0 created_leaves=0 deleted_leaves=0 mirror_mismatches=0
elapsed=1.165644e+02 cycle=2208 time=1.317723e+01 dt=4.160571e-03
CARTOON_AMR_TRANSACTION cycle=2209 requested_refine=0 requested_derefine_leaves=4 accepted_derefine_parents=0 created_leaves=0 deleted_leaves=0 mirror_mismatches=0
CARTOON_AMR_TRANSACTION cycle=2210 requested_refine=0 requested_derefine_leaves=4 accepted_derefine_parents=0 created_leaves=0 deleted_leaves=0 mirror_mismatches=0
CARTOON_AMR_TRANSACTION cycle=2211 requested_refine=0 requested_derefine_leaves=4 accepted_derefine_parents=0 created_leaves=0 deleted_leaves=0 mirror_mismatches=0
CARTOON_AMR_TRANSACTION cycle=2212 requested_refine=0 requested_derefine_leaves=4 accepted_derefine_parents=0 created_leaves=0 deleted_leaves=0 mirror_mismatches=0
elapsed=1.167629e+02 cycle=2212 time=1.319386e+01 dt=4.150305e-03
CARTOON_AMR_TRANSACTION cycle=2213 requested_refine=0 requested_derefine_leaves=4 accepted_derefine_parents=0 created_leaves=0 deleted_leaves=0 mirror_mismatches=0
CARTOON_AMR_TRANSACTION cycle=2214 requested_refine=0 requested_derefine_leaves=4 accepted_derefine_parents=0 created_leaves=0 deleted_leaves=0 mirror_mismatches=0
CARTOON_AMR_TRANSACTION cycle=2215 requested_refine=0 requested_derefine_leaves=4 accepted_derefine_parents=0 created_leaves=0 deleted_leaves=0 mirror_mismatches=0
CARTOON_AMR_TRANSACTION cycle=2216 requested_refine=0 requested_derefine_leaves=4 accepted_derefine_parents=0 created_leaves=0 deleted_leaves=0 mirror_mismatches=0
elapsed=1.169504e+02 cycle=2216 time=1.321045e+01 dt=4.140158e-03
CARTOON_AMR_TRANSACTION cycle=2217 requested_refine=0 requested_derefine_leaves=4 accepted_derefine_parents=0 created_leaves=0 deleted_leaves=0 mirror_mismatches=0
CARTOON_AMR_TRANSACTION cycle=2218 requested_refine=0 requested_derefine_leaves=4 accepted_derefine_parents=0 created_leaves=0 deleted_leaves=0 mirror_mismatches=0
CARTOON_AMR_TRANSACTION cycle=2219 requested_refine=0 requested_derefine_leaves=4 accepted_derefine_parents=0 created_leaves=0 deleted_leaves=0 mirror_mismatches=0
CARTOON_AMR_TRANSACTION cycle=2220 requested_refine=0 requested_derefine_leaves=4 accepted_derefine_parents=0 created_leaves=0 deleted_leaves=0 mirror_mismatches=0
elapsed=1.171251e+02 cycle=2220 time=1.322699e+01 dt=4.130130e-03
CARTOON_AMR_TRANSACTION cycle=2221 requested_refine=0 requested_derefine_leaves=4 accepted_derefine_parents=0 created_leaves=0 deleted_leaves=0 mirror_mismatches=0
CARTOON_AMR_TRANSACTION cycle=2222 requested_refine=0 requested_derefine_leaves=4 accepted_derefine_parents=0 created_leaves=0 deleted_leaves=0 mirror_mismatches=0
CARTOON_AMR_TRANSACTION cycle=2223 requested_refine=0 requested_derefine_leaves=4 accepted_derefine_parents=0 created_leaves=0 deleted_leaves=0 mirror_mismatches=0
CARTOON_AMR_TRANSACTION cycle=2224 requested_refine=0 requested_derefine_leaves=4 accepted_derefine_parents=0 created_leaves=0 deleted_leaves=0 mirror_mismatches=0
elapsed=1.173378e+02 cycle=2224 time=1.324350e+01 dt=4.120221e-03
CARTOON_AMR_TRANSACTION cycle=2225 requested_refine=0 requested_derefine_leaves=4 accepted_derefine_parents=0 created_leaves=0 deleted_leaves=0 mirror_mismatches=0
CARTOON_AMR_TRANSACTION cycle=2226 requested_refine=0 requested_derefine_leaves=4 accepted_derefine_parents=0 created_leaves=0 deleted_leaves=0 mirror_mismatches=0
CARTOON_AMR_TRANSACTION cycle=2227 requested_refine=0 requested_derefine_leaves=4 accepted_derefine_parents=0 created_leaves=0 deleted_leaves=0 mirror_mismatches=0
CARTOON_AMR_TRANSACTION cycle=2228 requested_refine=0 requested_derefine_leaves=4 accepted_derefine_parents=0 created_leaves=0 deleted_leaves=0 mirror_mismatches=0
elapsed=1.175412e+02 cycle=2228 time=1.325996e+01 dt=4.110428e-03
CARTOON_AMR_TRANSACTION cycle=2229 requested_refine=0 requested_derefine_leaves=4 accepted_derefine_parents=0 created_leaves=0 deleted_leaves=0 mirror_mismatches=0
CARTOON_AMR_TRANSACTION cycle=2230 requested_refine=0 requested_derefine_leaves=4 accepted_derefine_parents=0 created_leaves=0 deleted_leaves=0 mirror_mismatches=0
CARTOON_AMR_TRANSACTION cycle=2231 requested_refine=0 requested_derefine_leaves=4 accepted_derefine_parents=0 created_leaves=0 deleted_leaves=0 mirror_mismatches=0
CARTOON_AMR_TRANSACTION cycle=2232 requested_refine=0 requested_derefine_leaves=4 accepted_derefine_parents=0 created_leaves=0 deleted_leaves=0 mirror_mismatches=0
elapsed=1.177304e+02 cycle=2232 time=1.327639e+01 dt=4.100751e-03
CARTOON_AMR_TRANSACTION cycle=2233 requested_refine=0 requested_derefine_leaves=4 accepted_derefine_parents=0 created_leaves=0 deleted_leaves=0 mirror_mismatches=0
CARTOON_AMR_TRANSACTION cycle=2234 requested_refine=0 requested_derefine_leaves=4 accepted_derefine_parents=0 created_leaves=0 deleted_leaves=0 mirror_mismatches=0
CARTOON_AMR_TRANSACTION cycle=2235 requested_refine=0 requested_derefine_leaves=4 accepted_derefine_parents=0 created_leaves=0 deleted_leaves=0 mirror_mismatches=0
CARTOON_AMR_TRANSACTION cycle=2236 requested_refine=0 requested_derefine_leaves=4 accepted_derefine_parents=0 created_leaves=0 deleted_leaves=0 mirror_mismatches=0
elapsed=1.179136e+02 cycle=2236 time=1.329278e+01 dt=4.091190e-03
CARTOON_AMR_TRANSACTION cycle=2237 requested_refine=0 requested_derefine_leaves=4 accepted_derefine_parents=0 created_leaves=0 deleted_leaves=0 mirror_mismatches=0
CARTOON_AMR_TRANSACTION cycle=2238 requested_refine=0 requested_derefine_leaves=4 accepted_derefine_parents=0 created_leaves=0 deleted_leaves=0 mirror_mismatches=0
CARTOON_AMR_TRANSACTION cycle=2239 requested_refine=0 requested_derefine_leaves=4 accepted_derefine_parents=0 created_leaves=0 deleted_leaves=0 mirror_mismatches=0
CARTOON_AMR_TRANSACTION cycle=2240 requested_refine=0 requested_derefine_leaves=4 accepted_derefine_parents=0 created_leaves=0 deleted_leaves=0 mirror_mismatches=0
elapsed=1.181110e+02 cycle=2240 time=1.330913e+01 dt=4.081744e-03
CARTOON_AMR_TRANSACTION cycle=2241 requested_refine=0 requested_derefine_leaves=4 accepted_derefine_parents=0 created_leaves=0 deleted_leaves=0 mirror_mismatches=0
CARTOON_AMR_TRANSACTION cycle=2242 requested_refine=0 requested_derefine_leaves=4 accepted_derefine_parents=0 created_leaves=0 deleted_leaves=0 mirror_mismatches=0
CARTOON_AMR_TRANSACTION cycle=2243 requested_refine=0 requested_derefine_leaves=4 accepted_derefine_parents=0 created_leaves=0 deleted_leaves=0 mirror_mismatches=0
CARTOON_AMR_TRANSACTION cycle=2244 requested_refine=0 requested_derefine_leaves=4 accepted_derefine_parents=0 created_leaves=0 deleted_leaves=0 mirror_mismatches=0
elapsed=1.182797e+02 cycle=2244 time=1.332544e+01 dt=4.072411e-03
CARTOON_AMR_TRANSACTION cycle=2245 requested_refine=0 requested_derefine_leaves=4 accepted_derefine_parents=0 created_leaves=0 deleted_leaves=0 mirror_mismatches=0
CARTOON_AMR_TRANSACTION cycle=2246 requested_refine=0 requested_derefine_leaves=4 accepted_derefine_parents=0 created_leaves=0 deleted_leaves=0 mirror_mismatches=0
CARTOON_AMR_TRANSACTION cycle=2247 requested_refine=0 requested_derefine_leaves=4 accepted_derefine_parents=0 created_leaves=0 deleted_leaves=0 mirror_mismatches=0
CARTOON_AMR_TRANSACTION cycle=2248 requested_refine=0 requested_derefine_leaves=4 accepted_derefine_parents=0 created_leaves=0 deleted_leaves=0 mirror_mismatches=0
elapsed=1.184578e+02 cycle=2248 time=1.334172e+01 dt=4.063191e-03
CARTOON_AMR_TRANSACTION cycle=2249 requested_refine=0 requested_derefine_leaves=4 accepted_derefine_parents=0 created_leaves=0 deleted_leaves=0 mirror_mismatches=0
CARTOON_AMR_TRANSACTION cycle=2250 requested_refine=0 requested_derefine_leaves=4 accepted_derefine_parents=0 created_leaves=0 deleted_leaves=0 mirror_mismatches=0
CARTOON_AMR_TRANSACTION cycle=2251 requested_refine=0 requested_derefine_leaves=4 accepted_derefine_parents=0 created_leaves=0 deleted_leaves=0 mirror_mismatches=0
CARTOON_AMR_TRANSACTION cycle=2252 requested_refine=0 requested_derefine_leaves=4 accepted_derefine_parents=0 created_leaves=0 deleted_leaves=0 mirror_mismatches=0
elapsed=1.186279e+02 cycle=2252 time=1.335796e+01 dt=4.054083e-03
CARTOON_AMR_TRANSACTION cycle=2253 requested_refine=0 requested_derefine_leaves=4 accepted_derefine_parents=0 created_leaves=0 deleted_leaves=0 mirror_mismatches=0
CARTOON_AMR_TRANSACTION cycle=2254 requested_refine=0 requested_derefine_leaves=4 accepted_derefine_parents=0 created_leaves=0 deleted_leaves=0 mirror_mismatches=0
CARTOON_AMR_TRANSACTION cycle=2255 requested_refine=0 requested_derefine_leaves=4 accepted_derefine_parents=0 created_leaves=0 deleted_leaves=0 mirror_mismatches=0
CARTOON_AMR_TRANSACTION cycle=2256 requested_refine=0 requested_derefine_leaves=4 accepted_derefine_parents=0 created_leaves=0 deleted_leaves=0 mirror_mismatches=0
elapsed=1.188420e+02 cycle=2256 time=1.337416e+01 dt=4.045087e-03
CARTOON_AMR_TRANSACTION cycle=2257 requested_refine=0 requested_derefine_leaves=4 accepted_derefine_parents=0 created_leaves=0 deleted_leaves=0 mirror_mismatches=0
CARTOON_AMR_TRANSACTION cycle=2258 requested_refine=0 requested_derefine_leaves=4 accepted_derefine_parents=0 created_leaves=0 deleted_leaves=0 mirror_mismatches=0
CARTOON_AMR_TRANSACTION cycle=2259 requested_refine=0 requested_derefine_leaves=4 accepted_derefine_parents=0 created_leaves=0 deleted_leaves=0 mirror_mismatches=0
CARTOON_AMR_TRANSACTION cycle=2260 requested_refine=0 requested_derefine_leaves=4 accepted_derefine_parents=0 created_leaves=0 deleted_leaves=0 mirror_mismatches=0
elapsed=1.190501e+02 cycle=2260 time=1.339033e+01 dt=4.036201e-03
CARTOON_AMR_TRANSACTION cycle=2261 requested_refine=0 requested_derefine_leaves=4 accepted_derefine_parents=0 created_leaves=0 deleted_leaves=0 mirror_mismatches=0
CARTOON_AMR_TRANSACTION cycle=2262 requested_refine=0 requested_derefine_leaves=4 accepted_derefine_parents=0 created_leaves=0 deleted_leaves=0 mirror_mismatches=0
CARTOON_AMR_TRANSACTION cycle=2263 requested_refine=0 requested_derefine_leaves=4 accepted_derefine_parents=0 created_leaves=0 deleted_leaves=0 mirror_mismatches=0
CARTOON_AMR_TRANSACTION cycle=2264 requested_refine=0 requested_derefine_leaves=4 accepted_derefine_parents=0 created_leaves=0 deleted_leaves=0 mirror_mismatches=0
elapsed=1.192572e+02 cycle=2264 time=1.340646e+01 dt=4.027425e-03
CARTOON_AMR_TRANSACTION cycle=2265 requested_refine=0 requested_derefine_leaves=4 accepted_derefine_parents=0 created_leaves=0 deleted_leaves=0 mirror_mismatches=0
CARTOON_AMR_TRANSACTION cycle=2266 requested_refine=0 requested_derefine_leaves=4 accepted_derefine_parents=0 created_leaves=0 deleted_leaves=0 mirror_mismatches=0
CARTOON_AMR_TRANSACTION cycle=2267 requested_refine=0 requested_derefine_leaves=4 accepted_derefine_parents=0 created_leaves=0 deleted_leaves=0 mirror_mismatches=0
CARTOON_AMR_TRANSACTION cycle=2268 requested_refine=0 requested_derefine_leaves=4 accepted_derefine_parents=0 created_leaves=0 deleted_leaves=0 mirror_mismatches=0
elapsed=1.195169e+02 cycle=2268 time=1.342256e+01 dt=4.018758e-03
CARTOON_AMR_TRANSACTION cycle=2269 requested_refine=0 requested_derefine_leaves=4 accepted_derefine_parents=0 created_leaves=0 deleted_leaves=0 mirror_mismatches=0
CARTOON_AMR_TRANSACTION cycle=2270 requested_refine=0 requested_derefine_leaves=4 accepted_derefine_parents=0 created_leaves=0 deleted_leaves=0 mirror_mismatches=0
CARTOON_AMR_TRANSACTION cycle=2271 requested_refine=0 requested_derefine_leaves=4 accepted_derefine_parents=0 created_leaves=0 deleted_leaves=0 mirror_mismatches=0
CARTOON_AMR_TRANSACTION cycle=2272 requested_refine=0 requested_derefine_leaves=4 accepted_derefine_parents=0 created_leaves=0 deleted_leaves=0 mirror_mismatches=0
elapsed=1.197837e+02 cycle=2272 time=1.343862e+01 dt=4.010200e-03
CARTOON_AMR_TRANSACTION cycle=2273 requested_refine=0 requested_derefine_leaves=4 accepted_derefine_parents=0 created_leaves=0 deleted_leaves=0 mirror_mismatches=0
CARTOON_AMR_TRANSACTION cycle=2274 requested_refine=0 requested_derefine_leaves=4 accepted_derefine_parents=0 created_leaves=0 deleted_leaves=0 mirror_mismatches=0
CARTOON_AMR_TRANSACTION cycle=2275 requested_refine=0 requested_derefine_leaves=4 accepted_derefine_parents=0 created_leaves=0 deleted_leaves=0 mirror_mismatches=0
CARTOON_AMR_TRANSACTION cycle=2276 requested_refine=0 requested_derefine_leaves=4 accepted_derefine_parents=0 created_leaves=0 deleted_leaves=0 mirror_mismatches=0
elapsed=1.199710e+02 cycle=2276 time=1.345465e+01 dt=4.001750e-03
CARTOON_AMR_TRANSACTION cycle=2277 requested_refine=0 requested_derefine_leaves=4 accepted_derefine_parents=0 created_leaves=0 deleted_leaves=0 mirror_mismatches=0
CARTOON_AMR_TRANSACTION cycle=2278 requested_refine=0 requested_derefine_leaves=4 accepted_derefine_parents=0 created_leaves=0 deleted_leaves=0 mirror_mismatches=0
CARTOON_AMR_TRANSACTION cycle=2279 requested_refine=0 requested_derefine_leaves=4 accepted_derefine_parents=0 created_leaves=0 deleted_leaves=0 mirror_mismatches=0
CARTOON_AMR_TRANSACTION cycle=2280 requested_refine=0 requested_derefine_leaves=4 accepted_derefine_parents=0 created_leaves=0 deleted_leaves=0 mirror_mismatches=0
elapsed=1.202895e+02 cycle=2280 time=1.347064e+01 dt=3.993407e-03
CARTOON_AMR_TRANSACTION cycle=2281 requested_refine=0 requested_derefine_leaves=4 accepted_derefine_parents=0 created_leaves=0 deleted_leaves=0 mirror_mismatches=0
CARTOON_AMR_TRANSACTION cycle=2282 requested_refine=0 requested_derefine_leaves=4 accepted_derefine_parents=0 created_leaves=0 deleted_leaves=0 mirror_mismatches=0
CARTOON_AMR_TRANSACTION cycle=2283 requested_refine=0 requested_derefine_leaves=4 accepted_derefine_parents=0 created_leaves=0 deleted_leaves=0 mirror_mismatches=0
CARTOON_AMR_TRANSACTION cycle=2284 requested_refine=0 requested_derefine_leaves=4 accepted_derefine_parents=0 created_leaves=0 deleted_leaves=0 mirror_mismatches=0
elapsed=1.205075e+02 cycle=2284 time=1.348660e+01 dt=3.985171e-03
CARTOON_AMR_TRANSACTION cycle=2285 requested_refine=0 requested_derefine_leaves=4 accepted_derefine_parents=0 created_leaves=0 deleted_leaves=0 mirror_mismatches=0
CARTOON_AMR_TRANSACTION cycle=2286 requested_refine=0 requested_derefine_leaves=4 accepted_derefine_parents=0 created_leaves=0 deleted_leaves=0 mirror_mismatches=0
CARTOON_AMR_TRANSACTION cycle=2287 requested_refine=0 requested_derefine_leaves=4 accepted_derefine_parents=0 created_leaves=0 deleted_leaves=0 mirror_mismatches=0
CARTOON_AMR_TRANSACTION cycle=2288 requested_refine=0 requested_derefine_leaves=4 accepted_derefine_parents=0 created_leaves=0 deleted_leaves=0 mirror_mismatches=0
elapsed=1.207480e+02 cycle=2288 time=1.350253e+01 dt=3.977041e-03
CARTOON_AMR_TRANSACTION cycle=2289 requested_refine=0 requested_derefine_leaves=4 accepted_derefine_parents=0 created_leaves=0 deleted_leaves=0 mirror_mismatches=0
CARTOON_AMR_TRANSACTION cycle=2290 requested_refine=0 requested_derefine_leaves=4 accepted_derefine_parents=0 created_leaves=0 deleted_leaves=0 mirror_mismatches=0
CARTOON_AMR_TRANSACTION cycle=2291 requested_refine=0 requested_derefine_leaves=4 accepted_derefine_parents=0 created_leaves=0 deleted_leaves=0 mirror_mismatches=0
CARTOON_AMR_TRANSACTION cycle=2292 requested_refine=0 requested_derefine_leaves=4 accepted_derefine_parents=0 created_leaves=0 deleted_leaves=0 mirror_mismatches=0
elapsed=1.209573e+02 cycle=2292 time=1.351843e+01 dt=3.969017e-03
CARTOON_AMR_TRANSACTION cycle=2293 requested_refine=0 requested_derefine_leaves=4 accepted_derefine_parents=0 created_leaves=0 deleted_leaves=0 mirror_mismatches=0
CARTOON_AMR_TRANSACTION cycle=2294 requested_refine=0 requested_derefine_leaves=4 accepted_derefine_parents=0 created_leaves=0 deleted_leaves=0 mirror_mismatches=0
CARTOON_AMR_TRANSACTION cycle=2295 requested_refine=0 requested_derefine_leaves=4 accepted_derefine_parents=0 created_leaves=0 deleted_leaves=0 mirror_mismatches=0
CARTOON_AMR_TRANSACTION cycle=2296 requested_refine=0 requested_derefine_leaves=4 accepted_derefine_parents=0 created_leaves=0 deleted_leaves=0 mirror_mismatches=0
elapsed=1.211811e+02 cycle=2296 time=1.353429e+01 dt=3.961098e-03
CARTOON_AMR_TRANSACTION cycle=2297 requested_refine=0 requested_derefine_leaves=4 accepted_derefine_parents=0 created_leaves=0 deleted_leaves=0 mirror_mismatches=0
CARTOON_AMR_TRANSACTION cycle=2298 requested_refine=0 requested_derefine_leaves=4 accepted_derefine_parents=0 created_leaves=0 deleted_leaves=0 mirror_mismatches=0
CARTOON_AMR_TRANSACTION cycle=2299 requested_refine=0 requested_derefine_leaves=4 accepted_derefine_parents=0 created_leaves=0 deleted_leaves=0 mirror_mismatches=0
CARTOON_AMR_TRANSACTION cycle=2300 requested_refine=0 requested_derefine_leaves=4 accepted_derefine_parents=0 created_leaves=0 deleted_leaves=0 mirror_mismatches=0
elapsed=1.213687e+02 cycle=2300 time=1.355012e+01 dt=3.953284e-03
CARTOON_AMR_TRANSACTION cycle=2301 requested_refine=0 requested_derefine_leaves=4 accepted_derefine_parents=0 created_leaves=0 deleted_leaves=0 mirror_mismatches=0
CARTOON_AMR_TRANSACTION cycle=2302 requested_refine=0 requested_derefine_leaves=4 accepted_derefine_parents=0 created_leaves=0 deleted_leaves=0 mirror_mismatches=0
CARTOON_AMR_TRANSACTION cycle=2303 requested_refine=0 requested_derefine_leaves=4 accepted_derefine_parents=0 created_leaves=0 deleted_leaves=0 mirror_mismatches=0
CARTOON_AMR_TRANSACTION cycle=2304 requested_refine=0 requested_derefine_leaves=4 accepted_derefine_parents=0 created_leaves=0 deleted_leaves=0 mirror_mismatches=0
elapsed=1.218937e+02 cycle=2304 time=1.356593e+01 dt=3.945574e-03
CARTOON_AMR_TRANSACTION cycle=2305 requested_refine=0 requested_derefine_leaves=4 accepted_derefine_parents=0 created_leaves=0 deleted_leaves=0 mirror_mismatches=0
CARTOON_AMR_TRANSACTION cycle=2306 requested_refine=0 requested_derefine_leaves=4 accepted_derefine_parents=0 created_leaves=0 deleted_leaves=0 mirror_mismatches=0
CARTOON_AMR_TRANSACTION cycle=2307 requested_refine=0 requested_derefine_leaves=4 accepted_derefine_parents=0 created_leaves=0 deleted_leaves=0 mirror_mismatches=0
CARTOON_AMR_TRANSACTION cycle=2308 requested_refine=0 requested_derefine_leaves=4 accepted_derefine_parents=0 created_leaves=0 deleted_leaves=0 mirror_mismatches=0
elapsed=1.220858e+02 cycle=2308 time=1.358170e+01 dt=3.937968e-03
CARTOON_AMR_TRANSACTION cycle=2309 requested_refine=0 requested_derefine_leaves=4 accepted_derefine_parents=0 created_leaves=0 deleted_leaves=0 mirror_mismatches=0
CARTOON_AMR_TRANSACTION cycle=2310 requested_refine=0 requested_derefine_leaves=4 accepted_derefine_parents=0 created_leaves=0 deleted_leaves=0 mirror_mismatches=0
CARTOON_AMR_TRANSACTION cycle=2311 requested_refine=0 requested_derefine_leaves=4 accepted_derefine_parents=0 created_leaves=0 deleted_leaves=0 mirror_mismatches=0
CARTOON_AMR_TRANSACTION cycle=2312 requested_refine=0 requested_derefine_leaves=4 accepted_derefine_parents=0 created_leaves=0 deleted_leaves=0 mirror_mismatches=0
elapsed=1.222838e+02 cycle=2312 time=1.359744e+01 dt=3.930466e-03
CARTOON_AMR_TRANSACTION cycle=2313 requested_refine=0 requested_derefine_leaves=4 accepted_derefine_parents=0 created_leaves=0 deleted_leaves=0 mirror_mismatches=0
CARTOON_AMR_TRANSACTION cycle=2314 requested_refine=0 requested_derefine_leaves=4 accepted_derefine_parents=0 created_leaves=0 deleted_leaves=0 mirror_mismatches=0
CARTOON_AMR_TRANSACTION cycle=2315 requested_refine=0 requested_derefine_leaves=4 accepted_derefine_parents=0 created_leaves=0 deleted_leaves=0 mirror_mismatches=0
CARTOON_AMR_TRANSACTION cycle=2316 requested_refine=0 requested_derefine_leaves=4 accepted_derefine_parents=0 created_leaves=0 deleted_leaves=0 mirror_mismatches=0
elapsed=1.224578e+02 cycle=2316 time=1.361315e+01 dt=3.923066e-03
CARTOON_AMR_TRANSACTION cycle=2317 requested_refine=0 requested_derefine_leaves=4 accepted_derefine_parents=0 created_leaves=0 deleted_leaves=0 mirror_mismatches=0
CARTOON_AMR_TRANSACTION cycle=2318 requested_refine=0 requested_derefine_leaves=4 accepted_derefine_parents=0 created_leaves=0 deleted_leaves=0 mirror_mismatches=0
CARTOON_AMR_TRANSACTION cycle=2319 requested_refine=0 requested_derefine_leaves=4 accepted_derefine_parents=0 created_leaves=0 deleted_leaves=0 mirror_mismatches=0
CARTOON_AMR_TRANSACTION cycle=2320 requested_refine=0 requested_derefine_leaves=4 accepted_derefine_parents=0 created_leaves=0 deleted_leaves=0 mirror_mismatches=0
elapsed=1.226904e+02 cycle=2320 time=1.362883e+01 dt=3.915769e-03
CARTOON_AMR_TRANSACTION cycle=2321 requested_refine=0 requested_derefine_leaves=4 accepted_derefine_parents=0 created_leaves=0 deleted_leaves=0 mirror_mismatches=0
CARTOON_AMR_TRANSACTION cycle=2322 requested_refine=0 requested_derefine_leaves=4 accepted_derefine_parents=0 created_leaves=0 deleted_leaves=0 mirror_mismatches=0
CARTOON_AMR_TRANSACTION cycle=2323 requested_refine=0 requested_derefine_leaves=4 accepted_derefine_parents=0 created_leaves=0 deleted_leaves=0 mirror_mismatches=0
CARTOON_AMR_TRANSACTION cycle=2324 requested_refine=0 requested_derefine_leaves=4 accepted_derefine_parents=0 created_leaves=0 deleted_leaves=0 mirror_mismatches=0
elapsed=1.228828e+02 cycle=2324 time=1.364448e+01 dt=3.908574e-03
CARTOON_AMR_TRANSACTION cycle=2325 requested_refine=0 requested_derefine_leaves=4 accepted_derefine_parents=0 created_leaves=0 deleted_leaves=0 mirror_mismatches=0
CARTOON_AMR_TRANSACTION cycle=2326 requested_refine=0 requested_derefine_leaves=4 accepted_derefine_parents=0 created_leaves=0 deleted_leaves=0 mirror_mismatches=0
CARTOON_AMR_TRANSACTION cycle=2327 requested_refine=0 requested_derefine_leaves=4 accepted_derefine_parents=0 created_leaves=0 deleted_leaves=0 mirror_mismatches=0
CARTOON_AMR_TRANSACTION cycle=2328 requested_refine=0 requested_derefine_leaves=4 accepted_derefine_parents=0 created_leaves=0 deleted_leaves=0 mirror_mismatches=0
elapsed=1.230979e+02 cycle=2328 time=1.366010e+01 dt=3.901481e-03
CARTOON_AMR_TRANSACTION cycle=2329 requested_refine=0 requested_derefine_leaves=4 accepted_derefine_parents=0 created_leaves=0 deleted_leaves=0 mirror_mismatches=0
CARTOON_AMR_TRANSACTION cycle=2330 requested_refine=0 requested_derefine_leaves=4 accepted_derefine_parents=0 created_leaves=0 deleted_leaves=0 mirror_mismatches=0
CARTOON_AMR_TRANSACTION cycle=2331 requested_refine=0 requested_derefine_leaves=4 accepted_derefine_parents=0 created_leaves=0 deleted_leaves=0 mirror_mismatches=0
CARTOON_AMR_TRANSACTION cycle=2332 requested_refine=0 requested_derefine_leaves=4 accepted_derefine_parents=0 created_leaves=0 deleted_leaves=0 mirror_mismatches=0
elapsed=1.233246e+02 cycle=2332 time=1.367570e+01 dt=3.894488e-03
CARTOON_AMR_TRANSACTION cycle=2333 requested_refine=0 requested_derefine_leaves=4 accepted_derefine_parents=0 created_leaves=0 deleted_leaves=0 mirror_mismatches=0
CARTOON_AMR_TRANSACTION cycle=2334 requested_refine=0 requested_derefine_leaves=4 accepted_derefine_parents=0 created_leaves=0 deleted_leaves=0 mirror_mismatches=0
CARTOON_AMR_TRANSACTION cycle=2335 requested_refine=0 requested_derefine_leaves=4 accepted_derefine_parents=0 created_leaves=0 deleted_leaves=0 mirror_mismatches=0
CARTOON_AMR_TRANSACTION cycle=2336 requested_refine=0 requested_derefine_leaves=4 accepted_derefine_parents=0 created_leaves=0 deleted_leaves=0 mirror_mismatches=0
elapsed=1.235151e+02 cycle=2336 time=1.369127e+01 dt=3.887597e-03
CARTOON_AMR_TRANSACTION cycle=2337 requested_refine=0 requested_derefine_leaves=4 accepted_derefine_parents=0 created_leaves=0 deleted_leaves=0 mirror_mismatches=0
CARTOON_AMR_TRANSACTION cycle=2338 requested_refine=0 requested_derefine_leaves=4 accepted_derefine_parents=0 created_leaves=0 deleted_leaves=0 mirror_mismatches=0
CARTOON_AMR_TRANSACTION cycle=2339 requested_refine=0 requested_derefine_leaves=4 accepted_derefine_parents=0 created_leaves=0 deleted_leaves=0 mirror_mismatches=0
CARTOON_AMR_TRANSACTION cycle=2340 requested_refine=0 requested_derefine_leaves=4 accepted_derefine_parents=0 created_leaves=0 deleted_leaves=0 mirror_mismatches=0
elapsed=1.237212e+02 cycle=2340 time=1.370681e+01 dt=3.880806e-03
CARTOON_AMR_TRANSACTION cycle=2341 requested_refine=0 requested_derefine_leaves=4 accepted_derefine_parents=0 created_leaves=0 deleted_leaves=0 mirror_mismatches=0
CARTOON_AMR_TRANSACTION cycle=2342 requested_refine=0 requested_derefine_leaves=4 accepted_derefine_parents=0 created_leaves=0 deleted_leaves=0 mirror_mismatches=0
CARTOON_AMR_TRANSACTION cycle=2343 requested_refine=0 requested_derefine_leaves=4 accepted_derefine_parents=0 created_leaves=0 deleted_leaves=0 mirror_mismatches=0
CARTOON_AMR_TRANSACTION cycle=2344 requested_refine=0 requested_derefine_leaves=4 accepted_derefine_parents=0 created_leaves=0 deleted_leaves=0 mirror_mismatches=0
elapsed=1.238969e+02 cycle=2344 time=1.372232e+01 dt=3.874115e-03
CARTOON_AMR_TRANSACTION cycle=2345 requested_refine=0 requested_derefine_leaves=4 accepted_derefine_parents=0 created_leaves=0 deleted_leaves=0 mirror_mismatches=0
CARTOON_AMR_TRANSACTION cycle=2346 requested_refine=0 requested_derefine_leaves=4 accepted_derefine_parents=0 created_leaves=0 deleted_leaves=0 mirror_mismatches=0
CARTOON_AMR_TRANSACTION cycle=2347 requested_refine=0 requested_derefine_leaves=4 accepted_derefine_parents=0 created_leaves=0 deleted_leaves=0 mirror_mismatches=0
CARTOON_AMR_TRANSACTION cycle=2348 requested_refine=0 requested_derefine_leaves=4 accepted_derefine_parents=0 created_leaves=0 deleted_leaves=0 mirror_mismatches=0
elapsed=1.240940e+02 cycle=2348 time=1.373781e+01 dt=3.867490e-03
CARTOON_AMR_TRANSACTION cycle=2349 requested_refine=0 requested_derefine_leaves=4 accepted_derefine_parents=0 created_leaves=0 deleted_leaves=0 mirror_mismatches=0
CARTOON_AMR_TRANSACTION cycle=2350 requested_refine=0 requested_derefine_leaves=4 accepted_derefine_parents=0 created_leaves=0 deleted_leaves=0 mirror_mismatches=0
CARTOON_AMR_TRANSACTION cycle=2351 requested_refine=0 requested_derefine_leaves=4 accepted_derefine_parents=0 created_leaves=0 deleted_leaves=0 mirror_mismatches=0
CARTOON_AMR_TRANSACTION cycle=2352 requested_refine=0 requested_derefine_leaves=4 accepted_derefine_parents=0 created_leaves=0 deleted_leaves=0 mirror_mismatches=0
elapsed=1.242654e+02 cycle=2352 time=1.375327e+01 dt=3.860953e-03
CARTOON_AMR_TRANSACTION cycle=2353 requested_refine=2 requested_derefine_leaves=4 accepted_derefine_parents=0 created_leaves=6 deleted_leaves=0 mirror_mismatches=0
AMR_Z4C_CHI_PROLONGATION cycle=2353 transfer=high_order local_fallback_groups=0 global_fallback_groups=0 global_high_order_groups=2048
CARTOON_AMR_TRANSACTION cycle=2354 requested_refine=0 requested_derefine_leaves=6 accepted_derefine_parents=0 created_leaves=0 deleted_leaves=0 mirror_mismatches=0
CARTOON_AMR_TRANSACTION cycle=2355 requested_refine=0 requested_derefine_leaves=6 accepted_derefine_parents=0 created_leaves=0 deleted_leaves=0 mirror_mismatches=0
CARTOON_AMR_TRANSACTION cycle=2356 requested_refine=0 requested_derefine_leaves=6 accepted_derefine_parents=0 created_leaves=0 deleted_leaves=0 mirror_mismatches=0
elapsed=1.244580e+02 cycle=2356 time=1.376291e+01 dt=1.927781e-03
CARTOON_AMR_TRANSACTION cycle=2357 requested_refine=0 requested_derefine_leaves=6 accepted_derefine_parents=0 created_leaves=0 deleted_leaves=0 mirror_mismatches=0
CARTOON_AMR_TRANSACTION cycle=2358 requested_refine=0 requested_derefine_leaves=6 accepted_derefine_parents=0 created_leaves=0 deleted_leaves=0 mirror_mismatches=0
CARTOON_AMR_TRANSACTION cycle=2359 requested_refine=0 requested_derefine_leaves=6 accepted_derefine_parents=0 created_leaves=0 deleted_leaves=0 mirror_mismatches=0
CARTOON_AMR_TRANSACTION cycle=2360 requested_refine=0 requested_derefine_leaves=6 accepted_derefine_parents=0 created_leaves=0 deleted_leaves=0 mirror_mismatches=0
elapsed=1.246621e+02 cycle=2360 time=1.377062e+01 dt=1.926180e-03
CARTOON_AMR_TRANSACTION cycle=2361 requested_refine=0 requested_derefine_leaves=6 accepted_derefine_parents=0 created_leaves=0 deleted_leaves=0 mirror_mismatches=0
CARTOON_AMR_TRANSACTION cycle=2362 requested_refine=0 requested_derefine_leaves=6 accepted_derefine_parents=0 created_leaves=0 deleted_leaves=0 mirror_mismatches=0
CARTOON_AMR_TRANSACTION cycle=2363 requested_refine=0 requested_derefine_leaves=6 accepted_derefine_parents=0 created_leaves=0 deleted_leaves=0 mirror_mismatches=0
CARTOON_AMR_TRANSACTION cycle=2364 requested_refine=0 requested_derefine_leaves=6 accepted_derefine_parents=0 created_leaves=0 deleted_leaves=0 mirror_mismatches=0
elapsed=1.248382e+02 cycle=2364 time=1.377833e+01 dt=1.924592e-03
CARTOON_AMR_TRANSACTION cycle=2365 requested_refine=0 requested_derefine_leaves=6 accepted_derefine_parents=0 created_leaves=0 deleted_leaves=0 mirror_mismatches=0
CARTOON_AMR_TRANSACTION cycle=2366 requested_refine=0 requested_derefine_leaves=6 accepted_derefine_parents=0 created_leaves=0 deleted_leaves=0 mirror_mismatches=0
CARTOON_AMR_TRANSACTION cycle=2367 requested_refine=0 requested_derefine_leaves=6 accepted_derefine_parents=0 created_leaves=0 deleted_leaves=0 mirror_mismatches=0
CARTOON_AMR_TRANSACTION cycle=2368 requested_refine=0 requested_derefine_leaves=6 accepted_derefine_parents=0 created_leaves=0 deleted_leaves=0 mirror_mismatches=0
elapsed=1.250857e+02 cycle=2368 time=1.378602e+01 dt=1.923017e-03
CARTOON_AMR_TRANSACTION cycle=2369 requested_refine=0 requested_derefine_leaves=6 accepted_derefine_parents=0 created_leaves=0 deleted_leaves=0 mirror_mismatches=0
CARTOON_AMR_TRANSACTION cycle=2370 requested_refine=0 requested_derefine_leaves=6 accepted_derefine_parents=0 created_leaves=0 deleted_leaves=0 mirror_mismatches=0
CARTOON_AMR_TRANSACTION cycle=2371 requested_refine=0 requested_derefine_leaves=6 accepted_derefine_parents=0 created_leaves=0 deleted_leaves=0 mirror_mismatches=0
CARTOON_AMR_TRANSACTION cycle=2372 requested_refine=0 requested_derefine_leaves=6 accepted_derefine_parents=0 created_leaves=0 deleted_leaves=0 mirror_mismatches=0
elapsed=1.252838e+02 cycle=2372 time=1.379371e+01 dt=1.921454e-03
CARTOON_AMR_TRANSACTION cycle=2373 requested_refine=0 requested_derefine_leaves=6 accepted_derefine_parents=0 created_leaves=0 deleted_leaves=0 mirror_mismatches=0
CARTOON_AMR_TRANSACTION cycle=2374 requested_refine=0 requested_derefine_leaves=6 accepted_derefine_parents=0 created_leaves=0 deleted_leaves=0 mirror_mismatches=0
CARTOON_AMR_TRANSACTION cycle=2375 requested_refine=0 requested_derefine_leaves=6 accepted_derefine_parents=0 created_leaves=0 deleted_leaves=0 mirror_mismatches=0
CARTOON_AMR_TRANSACTION cycle=2376 requested_refine=0 requested_derefine_leaves=6 accepted_derefine_parents=0 created_leaves=0 deleted_leaves=0 mirror_mismatches=0
elapsed=1.255352e+02 cycle=2376 time=1.380139e+01 dt=1.919903e-03
CARTOON_AMR_TRANSACTION cycle=2377 requested_refine=0 requested_derefine_leaves=6 accepted_derefine_parents=0 created_leaves=0 deleted_leaves=0 mirror_mismatches=0
CARTOON_AMR_TRANSACTION cycle=2378 requested_refine=0 requested_derefine_leaves=6 accepted_derefine_parents=0 created_leaves=0 deleted_leaves=0 mirror_mismatches=0
CARTOON_AMR_TRANSACTION cycle=2379 requested_refine=0 requested_derefine_leaves=6 accepted_derefine_parents=0 created_leaves=0 deleted_leaves=0 mirror_mismatches=0
CARTOON_AMR_TRANSACTION cycle=2380 requested_refine=0 requested_derefine_leaves=6 accepted_derefine_parents=0 created_leaves=0 deleted_leaves=0 mirror_mismatches=0
elapsed=1.257556e+02 cycle=2380 time=1.380907e+01 dt=1.918364e-03
CARTOON_AMR_TRANSACTION cycle=2381 requested_refine=0 requested_derefine_leaves=6 accepted_derefine_parents=0 created_leaves=0 deleted_leaves=0 mirror_mismatches=0
CARTOON_AMR_TRANSACTION cycle=2382 requested_refine=0 requested_derefine_leaves=6 accepted_derefine_parents=0 created_leaves=0 deleted_leaves=0 mirror_mismatches=0
CARTOON_AMR_TRANSACTION cycle=2383 requested_refine=0 requested_derefine_leaves=6 accepted_derefine_parents=0 created_leaves=0 deleted_leaves=0 mirror_mismatches=0
CARTOON_AMR_TRANSACTION cycle=2384 requested_refine=0 requested_derefine_leaves=6 accepted_derefine_parents=0 created_leaves=0 deleted_leaves=0 mirror_mismatches=0
elapsed=1.259325e+02 cycle=2384 time=1.381674e+01 dt=1.916838e-03
CARTOON_AMR_TRANSACTION cycle=2385 requested_refine=0 requested_derefine_leaves=6 accepted_derefine_parents=0 created_leaves=0 deleted_leaves=0 mirror_mismatches=0
CARTOON_AMR_TRANSACTION cycle=2386 requested_refine=0 requested_derefine_leaves=6 accepted_derefine_parents=0 created_leaves=0 deleted_leaves=0 mirror_mismatches=0
CARTOON_AMR_TRANSACTION cycle=2387 requested_refine=0 requested_derefine_leaves=6 accepted_derefine_parents=0 created_leaves=0 deleted_leaves=0 mirror_mismatches=0
CARTOON_AMR_TRANSACTION cycle=2388 requested_refine=0 requested_derefine_leaves=6 accepted_derefine_parents=0 created_leaves=0 deleted_leaves=0 mirror_mismatches=0
elapsed=1.261178e+02 cycle=2388 time=1.382441e+01 dt=1.915325e-03
CARTOON_AMR_TRANSACTION cycle=2389 requested_refine=0 requested_derefine_leaves=6 accepted_derefine_parents=0 created_leaves=0 deleted_leaves=0 mirror_mismatches=0
CARTOON_AMR_TRANSACTION cycle=2390 requested_refine=0 requested_derefine_leaves=6 accepted_derefine_parents=0 created_leaves=0 deleted_leaves=0 mirror_mismatches=0
CARTOON_AMR_TRANSACTION cycle=2391 requested_refine=0 requested_derefine_leaves=6 accepted_derefine_parents=0 created_leaves=0 deleted_leaves=0 mirror_mismatches=0
CARTOON_AMR_TRANSACTION cycle=2392 requested_refine=0 requested_derefine_leaves=6 accepted_derefine_parents=0 created_leaves=0 deleted_leaves=0 mirror_mismatches=0
elapsed=1.263603e+02 cycle=2392 time=1.383207e+01 dt=1.913823e-03
CARTOON_AMR_TRANSACTION cycle=2393 requested_refine=0 requested_derefine_leaves=4 accepted_derefine_parents=0 created_leaves=0 deleted_leaves=0 mirror_mismatches=0
CARTOON_AMR_TRANSACTION cycle=2394 requested_refine=0 requested_derefine_leaves=4 accepted_derefine_parents=0 created_leaves=0 deleted_leaves=0 mirror_mismatches=0
CARTOON_AMR_TRANSACTION cycle=2395 requested_refine=0 requested_derefine_leaves=4 accepted_derefine_parents=0 created_leaves=0 deleted_leaves=0 mirror_mismatches=0
CARTOON_AMR_TRANSACTION cycle=2396 requested_refine=0 requested_derefine_leaves=4 accepted_derefine_parents=0 created_leaves=0 deleted_leaves=0 mirror_mismatches=0
elapsed=1.265786e+02 cycle=2396 time=1.383972e+01 dt=1.912334e-03
CARTOON_AMR_TRANSACTION cycle=2397 requested_refine=0 requested_derefine_leaves=4 accepted_derefine_parents=0 created_leaves=0 deleted_leaves=0 mirror_mismatches=0
CARTOON_AMR_TRANSACTION cycle=2398 requested_refine=0 requested_derefine_leaves=4 accepted_derefine_parents=0 created_leaves=0 deleted_leaves=0 mirror_mismatches=0
CARTOON_AMR_TRANSACTION cycle=2399 requested_refine=0 requested_derefine_leaves=4 accepted_derefine_parents=0 created_leaves=0 deleted_leaves=0 mirror_mismatches=0
CARTOON_AMR_TRANSACTION cycle=2400 requested_refine=0 requested_derefine_leaves=4 accepted_derefine_parents=0 created_leaves=0 deleted_leaves=0 mirror_mismatches=0
elapsed=1.267594e+02 cycle=2400 time=1.384737e+01 dt=1.910858e-03
CARTOON_AMR_TRANSACTION cycle=2401 requested_refine=0 requested_derefine_leaves=4 accepted_derefine_parents=0 created_leaves=0 deleted_leaves=0 mirror_mismatches=0
CARTOON_AMR_TRANSACTION cycle=2402 requested_refine=0 requested_derefine_leaves=4 accepted_derefine_parents=0 created_leaves=0 deleted_leaves=0 mirror_mismatches=0
CARTOON_AMR_TRANSACTION cycle=2403 requested_refine=0 requested_derefine_leaves=4 accepted_derefine_parents=0 created_leaves=0 deleted_leaves=0 mirror_mismatches=0
CARTOON_AMR_TRANSACTION cycle=2404 requested_refine=0 requested_derefine_leaves=4 accepted_derefine_parents=0 created_leaves=0 deleted_leaves=0 mirror_mismatches=0
elapsed=1.269784e+02 cycle=2404 time=1.385501e+01 dt=1.909393e-03
CARTOON_AMR_TRANSACTION cycle=2405 requested_refine=0 requested_derefine_leaves=4 accepted_derefine_parents=0 created_leaves=0 deleted_leaves=0 mirror_mismatches=0
CARTOON_AMR_TRANSACTION cycle=2406 requested_refine=0 requested_derefine_leaves=4 accepted_derefine_parents=0 created_leaves=0 deleted_leaves=0 mirror_mismatches=0
CARTOON_AMR_TRANSACTION cycle=2407 requested_refine=0 requested_derefine_leaves=4 accepted_derefine_parents=0 created_leaves=0 deleted_leaves=0 mirror_mismatches=0
CARTOON_AMR_TRANSACTION cycle=2408 requested_refine=0 requested_derefine_leaves=4 accepted_derefine_parents=0 created_leaves=0 deleted_leaves=0 mirror_mismatches=0
elapsed=1.271745e+02 cycle=2408 time=1.386264e+01 dt=1.907941e-03
CARTOON_AMR_TRANSACTION cycle=2409 requested_refine=0 requested_derefine_leaves=4 accepted_derefine_parents=0 created_leaves=0 deleted_leaves=0 mirror_mismatches=0
CARTOON_AMR_TRANSACTION cycle=2410 requested_refine=0 requested_derefine_leaves=4 accepted_derefine_parents=0 created_leaves=0 deleted_leaves=0 mirror_mismatches=0
CARTOON_AMR_TRANSACTION cycle=2411 requested_refine=0 requested_derefine_leaves=4 accepted_derefine_parents=0 created_leaves=0 deleted_leaves=0 mirror_mismatches=0
CARTOON_AMR_TRANSACTION cycle=2412 requested_refine=0 requested_derefine_leaves=4 accepted_derefine_parents=0 created_leaves=0 deleted_leaves=0 mirror_mismatches=0
elapsed=1.273668e+02 cycle=2412 time=1.387027e+01 dt=1.906502e-03
CARTOON_AMR_TRANSACTION cycle=2413 requested_refine=0 requested_derefine_leaves=4 accepted_derefine_parents=0 created_leaves=0 deleted_leaves=0 mirror_mismatches=0
CARTOON_AMR_TRANSACTION cycle=2414 requested_refine=0 requested_derefine_leaves=4 accepted_derefine_parents=0 created_leaves=0 deleted_leaves=0 mirror_mismatches=0
CARTOON_AMR_TRANSACTION cycle=2415 requested_refine=0 requested_derefine_leaves=4 accepted_derefine_parents=0 created_leaves=0 deleted_leaves=0 mirror_mismatches=0
CARTOON_AMR_TRANSACTION cycle=2416 requested_refine=0 requested_derefine_leaves=4 accepted_derefine_parents=0 created_leaves=0 deleted_leaves=0 mirror_mismatches=0
elapsed=1.276045e+02 cycle=2416 time=1.387790e+01 dt=1.905074e-03
CARTOON_AMR_TRANSACTION cycle=2417 requested_refine=0 requested_derefine_leaves=4 accepted_derefine_parents=0 created_leaves=0 deleted_leaves=0 mirror_mismatches=0
CARTOON_AMR_TRANSACTION cycle=2418 requested_refine=0 requested_derefine_leaves=4 accepted_derefine_parents=0 created_leaves=0 deleted_leaves=0 mirror_mismatches=0
CARTOON_AMR_TRANSACTION cycle=2419 requested_refine=0 requested_derefine_leaves=4 accepted_derefine_parents=0 created_leaves=0 deleted_leaves=0 mirror_mismatches=0
CARTOON_AMR_TRANSACTION cycle=2420 requested_refine=0 requested_derefine_leaves=4 accepted_derefine_parents=0 created_leaves=0 deleted_leaves=0 mirror_mismatches=0
elapsed=1.278035e+02 cycle=2420 time=1.388552e+01 dt=1.903659e-03
CARTOON_AMR_TRANSACTION cycle=2421 requested_refine=0 requested_derefine_leaves=4 accepted_derefine_parents=0 created_leaves=0 deleted_leaves=0 mirror_mismatches=0
CARTOON_AMR_TRANSACTION cycle=2422 requested_refine=0 requested_derefine_leaves=4 accepted_derefine_parents=0 created_leaves=0 deleted_leaves=0 mirror_mismatches=0
CARTOON_AMR_TRANSACTION cycle=2423 requested_refine=0 requested_derefine_leaves=4 accepted_derefine_parents=0 created_leaves=0 deleted_leaves=0 mirror_mismatches=0
CARTOON_AMR_TRANSACTION cycle=2424 requested_refine=0 requested_derefine_leaves=4 accepted_derefine_parents=0 created_leaves=0 deleted_leaves=0 mirror_mismatches=0
elapsed=1.280027e+02 cycle=2424 time=1.389313e+01 dt=1.902256e-03
CARTOON_AMR_TRANSACTION cycle=2425 requested_refine=0 requested_derefine_leaves=4 accepted_derefine_parents=0 created_leaves=0 deleted_leaves=0 mirror_mismatches=0
CARTOON_AMR_TRANSACTION cycle=2426 requested_refine=0 requested_derefine_leaves=4 accepted_derefine_parents=0 created_leaves=0 deleted_leaves=0 mirror_mismatches=0
CARTOON_AMR_TRANSACTION cycle=2427 requested_refine=0 requested_derefine_leaves=4 accepted_derefine_parents=0 created_leaves=0 deleted_leaves=0 mirror_mismatches=0
CARTOON_AMR_TRANSACTION cycle=2428 requested_refine=0 requested_derefine_leaves=4 accepted_derefine_parents=0 created_leaves=0 deleted_leaves=0 mirror_mismatches=0
elapsed=1.281967e+02 cycle=2428 time=1.390074e+01 dt=1.900866e-03
CARTOON_AMR_TRANSACTION cycle=2429 requested_refine=0 requested_derefine_leaves=4 accepted_derefine_parents=0 created_leaves=0 deleted_leaves=0 mirror_mismatches=0
CARTOON_AMR_TRANSACTION cycle=2430 requested_refine=0 requested_derefine_leaves=4 accepted_derefine_parents=0 created_leaves=0 deleted_leaves=0 mirror_mismatches=0
CARTOON_AMR_TRANSACTION cycle=2431 requested_refine=0 requested_derefine_leaves=4 accepted_derefine_parents=0 created_leaves=0 deleted_leaves=0 mirror_mismatches=0
CARTOON_AMR_TRANSACTION cycle=2432 requested_refine=0 requested_derefine_leaves=4 accepted_derefine_parents=0 created_leaves=0 deleted_leaves=0 mirror_mismatches=0
elapsed=1.284050e+02 cycle=2432 time=1.390834e+01 dt=1.899488e-03
CARTOON_AMR_TRANSACTION cycle=2433 requested_refine=0 requested_derefine_leaves=4 accepted_derefine_parents=0 created_leaves=0 deleted_leaves=0 mirror_mismatches=0
CARTOON_AMR_TRANSACTION cycle=2434 requested_refine=0 requested_derefine_leaves=4 accepted_derefine_parents=0 created_leaves=0 deleted_leaves=0 mirror_mismatches=0
CARTOON_AMR_TRANSACTION cycle=2435 requested_refine=0 requested_derefine_leaves=4 accepted_derefine_parents=0 created_leaves=0 deleted_leaves=0 mirror_mismatches=0
CARTOON_AMR_TRANSACTION cycle=2436 requested_refine=0 requested_derefine_leaves=4 accepted_derefine_parents=0 created_leaves=0 deleted_leaves=0 mirror_mismatches=0
elapsed=1.285725e+02 cycle=2436 time=1.391593e+01 dt=1.898122e-03
CARTOON_AMR_TRANSACTION cycle=2437 requested_refine=0 requested_derefine_leaves=4 accepted_derefine_parents=0 created_leaves=0 deleted_leaves=0 mirror_mismatches=0
CARTOON_AMR_TRANSACTION cycle=2438 requested_refine=0 requested_derefine_leaves=4 accepted_derefine_parents=0 created_leaves=0 deleted_leaves=0 mirror_mismatches=0
CARTOON_AMR_TRANSACTION cycle=2439 requested_refine=0 requested_derefine_leaves=4 accepted_derefine_parents=0 created_leaves=0 deleted_leaves=0 mirror_mismatches=0
CARTOON_AMR_TRANSACTION cycle=2440 requested_refine=0 requested_derefine_leaves=4 accepted_derefine_parents=0 created_leaves=0 deleted_leaves=0 mirror_mismatches=0
elapsed=1.287805e+02 cycle=2440 time=1.392352e+01 dt=1.896769e-03
CARTOON_AMR_TRANSACTION cycle=2441 requested_refine=0 requested_derefine_leaves=4 accepted_derefine_parents=0 created_leaves=0 deleted_leaves=0 mirror_mismatches=0
CARTOON_AMR_TRANSACTION cycle=2442 requested_refine=0 requested_derefine_leaves=4 accepted_derefine_parents=0 created_leaves=0 deleted_leaves=0 mirror_mismatches=0
CARTOON_AMR_TRANSACTION cycle=2443 requested_refine=0 requested_derefine_leaves=4 accepted_derefine_parents=0 created_leaves=0 deleted_leaves=0 mirror_mismatches=0
CARTOON_AMR_TRANSACTION cycle=2444 requested_refine=0 requested_derefine_leaves=4 accepted_derefine_parents=0 created_leaves=0 deleted_leaves=0 mirror_mismatches=0
elapsed=1.289852e+02 cycle=2444 time=1.393111e+01 dt=1.895428e-03
CARTOON_AMR_TRANSACTION cycle=2445 requested_refine=0 requested_derefine_leaves=4 accepted_derefine_parents=0 created_leaves=0 deleted_leaves=0 mirror_mismatches=0
CARTOON_AMR_TRANSACTION cycle=2446 requested_refine=0 requested_derefine_leaves=4 accepted_derefine_parents=0 created_leaves=0 deleted_leaves=0 mirror_mismatches=0
CARTOON_AMR_TRANSACTION cycle=2447 requested_refine=0 requested_derefine_leaves=4 accepted_derefine_parents=0 created_leaves=0 deleted_leaves=0 mirror_mismatches=0
CARTOON_AMR_TRANSACTION cycle=2448 requested_refine=0 requested_derefine_leaves=4 accepted_derefine_parents=0 created_leaves=0 deleted_leaves=0 mirror_mismatches=0
elapsed=1.291929e+02 cycle=2448 time=1.393869e+01 dt=1.894100e-03
CARTOON_AMR_TRANSACTION cycle=2449 requested_refine=0 requested_derefine_leaves=4 accepted_derefine_parents=0 created_leaves=0 deleted_leaves=0 mirror_mismatches=0
CARTOON_AMR_TRANSACTION cycle=2450 requested_refine=0 requested_derefine_leaves=4 accepted_derefine_parents=0 created_leaves=0 deleted_leaves=0 mirror_mismatches=0
CARTOON_AMR_TRANSACTION cycle=2451 requested_refine=0 requested_derefine_leaves=4 accepted_derefine_parents=0 created_leaves=0 deleted_leaves=0 mirror_mismatches=0
CARTOON_AMR_TRANSACTION cycle=2452 requested_refine=0 requested_derefine_leaves=4 accepted_derefine_parents=0 created_leaves=0 deleted_leaves=0 mirror_mismatches=0
elapsed=1.293784e+02 cycle=2452 time=1.394626e+01 dt=1.892784e-03
CARTOON_AMR_TRANSACTION cycle=2453 requested_refine=0 requested_derefine_leaves=4 accepted_derefine_parents=0 created_leaves=0 deleted_leaves=0 mirror_mismatches=0
CARTOON_AMR_TRANSACTION cycle=2454 requested_refine=0 requested_derefine_leaves=4 accepted_derefine_parents=0 created_leaves=0 deleted_leaves=0 mirror_mismatches=0
CARTOON_AMR_TRANSACTION cycle=2455 requested_refine=0 requested_derefine_leaves=4 accepted_derefine_parents=0 created_leaves=0 deleted_leaves=0 mirror_mismatches=0
CARTOON_AMR_TRANSACTION cycle=2456 requested_refine=0 requested_derefine_leaves=4 accepted_derefine_parents=0 created_leaves=0 deleted_leaves=0 mirror_mismatches=0
elapsed=1.295954e+02 cycle=2456 time=1.395383e+01 dt=1.891480e-03
CARTOON_AMR_TRANSACTION cycle=2457 requested_refine=0 requested_derefine_leaves=4 accepted_derefine_parents=0 created_leaves=0 deleted_leaves=0 mirror_mismatches=0
CARTOON_AMR_TRANSACTION cycle=2458 requested_refine=0 requested_derefine_leaves=4 accepted_derefine_parents=0 created_leaves=0 deleted_leaves=0 mirror_mismatches=0
CARTOON_AMR_TRANSACTION cycle=2459 requested_refine=0 requested_derefine_leaves=4 accepted_derefine_parents=0 created_leaves=0 deleted_leaves=0 mirror_mismatches=0
CARTOON_AMR_TRANSACTION cycle=2460 requested_refine=0 requested_derefine_leaves=4 accepted_derefine_parents=0 created_leaves=0 deleted_leaves=0 mirror_mismatches=0
elapsed=1.298136e+02 cycle=2460 time=1.396140e+01 dt=1.890189e-03
CARTOON_AMR_TRANSACTION cycle=2461 requested_refine=0 requested_derefine_leaves=4 accepted_derefine_parents=0 created_leaves=0 deleted_leaves=0 mirror_mismatches=0
CARTOON_AMR_TRANSACTION cycle=2462 requested_refine=0 requested_derefine_leaves=4 accepted_derefine_parents=0 created_leaves=0 deleted_leaves=0 mirror_mismatches=0
CARTOON_AMR_TRANSACTION cycle=2463 requested_refine=0 requested_derefine_leaves=4 accepted_derefine_parents=0 created_leaves=0 deleted_leaves=0 mirror_mismatches=0
CARTOON_AMR_TRANSACTION cycle=2464 requested_refine=0 requested_derefine_leaves=4 accepted_derefine_parents=0 created_leaves=0 deleted_leaves=0 mirror_mismatches=0
elapsed=1.300104e+02 cycle=2464 time=1.396895e+01 dt=1.888906e-03
CARTOON_AMR_TRANSACTION cycle=2465 requested_refine=0 requested_derefine_leaves=4 accepted_derefine_parents=0 created_leaves=0 deleted_leaves=0 mirror_mismatches=0
CARTOON_AMR_TRANSACTION cycle=2466 requested_refine=0 requested_derefine_leaves=4 accepted_derefine_parents=0 created_leaves=0 deleted_leaves=0 mirror_mismatches=0
CARTOON_AMR_TRANSACTION cycle=2467 requested_refine=0 requested_derefine_leaves=4 accepted_derefine_parents=0 created_leaves=0 deleted_leaves=0 mirror_mismatches=0
CARTOON_AMR_TRANSACTION cycle=2468 requested_refine=0 requested_derefine_leaves=4 accepted_derefine_parents=0 created_leaves=0 deleted_leaves=0 mirror_mismatches=0
elapsed=1.301954e+02 cycle=2468 time=1.397651e+01 dt=1.887634e-03
CARTOON_AMR_TRANSACTION cycle=2469 requested_refine=0 requested_derefine_leaves=4 accepted_derefine_parents=0 created_leaves=0 deleted_leaves=0 mirror_mismatches=0
CARTOON_AMR_TRANSACTION cycle=2470 requested_refine=0 requested_derefine_leaves=4 accepted_derefine_parents=0 created_leaves=0 deleted_leaves=0 mirror_mismatches=0
CARTOON_AMR_TRANSACTION cycle=2471 requested_refine=0 requested_derefine_leaves=4 accepted_derefine_parents=0 created_leaves=0 deleted_leaves=0 mirror_mismatches=0
CARTOON_AMR_TRANSACTION cycle=2472 requested_refine=0 requested_derefine_leaves=4 accepted_derefine_parents=0 created_leaves=0 deleted_leaves=0 mirror_mismatches=0
elapsed=1.303965e+02 cycle=2472 time=1.398406e+01 dt=1.886375e-03
CARTOON_AMR_TRANSACTION cycle=2473 requested_refine=0 requested_derefine_leaves=4 accepted_derefine_parents=0 created_leaves=0 deleted_leaves=0 mirror_mismatches=0
CARTOON_AMR_TRANSACTION cycle=2474 requested_refine=0 requested_derefine_leaves=4 accepted_derefine_parents=0 created_leaves=0 deleted_leaves=0 mirror_mismatches=0
CARTOON_AMR_TRANSACTION cycle=2475 requested_refine=0 requested_derefine_leaves=4 accepted_derefine_parents=0 created_leaves=0 deleted_leaves=0 mirror_mismatches=0
CARTOON_AMR_TRANSACTION cycle=2476 requested_refine=0 requested_derefine_leaves=4 accepted_derefine_parents=0 created_leaves=0 deleted_leaves=0 mirror_mismatches=0
elapsed=1.305874e+02 cycle=2476 time=1.399160e+01 dt=1.885128e-03
CARTOON_AMR_TRANSACTION cycle=2477 requested_refine=0 requested_derefine_leaves=4 accepted_derefine_parents=0 created_leaves=0 deleted_leaves=0 mirror_mismatches=0
CARTOON_AMR_TRANSACTION cycle=2478 requested_refine=0 requested_derefine_leaves=4 accepted_derefine_parents=0 created_leaves=0 deleted_leaves=0 mirror_mismatches=0
CARTOON_AMR_TRANSACTION cycle=2479 requested_refine=0 requested_derefine_leaves=4 accepted_derefine_parents=0 created_leaves=0 deleted_leaves=0 mirror_mismatches=0
CARTOON_AMR_TRANSACTION cycle=2480 requested_refine=0 requested_derefine_leaves=4 accepted_derefine_parents=0 created_leaves=0 deleted_leaves=0 mirror_mismatches=0
elapsed=1.307819e+02 cycle=2480 time=1.399914e+01 dt=1.883893e-03
CARTOON_AMR_TRANSACTION cycle=2481 requested_refine=0 requested_derefine_leaves=4 accepted_derefine_parents=0 created_leaves=0 deleted_leaves=0 mirror_mismatches=0
CARTOON_AMR_TRANSACTION cycle=2482 requested_refine=0 requested_derefine_leaves=4 accepted_derefine_parents=0 created_leaves=0 deleted_leaves=0 mirror_mismatches=0
CARTOON_AMR_TRANSACTION cycle=2483 requested_refine=0 requested_derefine_leaves=4 accepted_derefine_parents=0 created_leaves=0 deleted_leaves=0 mirror_mismatches=0
CARTOON_AMR_TRANSACTION cycle=2484 requested_refine=0 requested_derefine_leaves=4 accepted_derefine_parents=0 created_leaves=0 deleted_leaves=0 mirror_mismatches=0
elapsed=1.309858e+02 cycle=2484 time=1.400667e+01 dt=1.882671e-03
CARTOON_AMR_TRANSACTION cycle=2485 requested_refine=0 requested_derefine_leaves=4 accepted_derefine_parents=0 created_leaves=0 deleted_leaves=0 mirror_mismatches=0
CARTOON_AMR_TRANSACTION cycle=2486 requested_refine=0 requested_derefine_leaves=4 accepted_derefine_parents=0 created_leaves=0 deleted_leaves=0 mirror_mismatches=0
CARTOON_AMR_TRANSACTION cycle=2487 requested_refine=0 requested_derefine_leaves=4 accepted_derefine_parents=0 created_leaves=0 deleted_leaves=0 mirror_mismatches=0
CARTOON_AMR_TRANSACTION cycle=2488 requested_refine=0 requested_derefine_leaves=4 accepted_derefine_parents=0 created_leaves=0 deleted_leaves=0 mirror_mismatches=0
elapsed=1.311807e+02 cycle=2488 time=1.401420e+01 dt=1.881462e-03
CARTOON_AMR_TRANSACTION cycle=2489 requested_refine=0 requested_derefine_leaves=4 accepted_derefine_parents=0 created_leaves=0 deleted_leaves=0 mirror_mismatches=0
CARTOON_AMR_TRANSACTION cycle=2490 requested_refine=0 requested_derefine_leaves=4 accepted_derefine_parents=0 created_leaves=0 deleted_leaves=0 mirror_mismatches=0
CARTOON_AMR_TRANSACTION cycle=2491 requested_refine=0 requested_derefine_leaves=4 accepted_derefine_parents=0 created_leaves=0 deleted_leaves=0 mirror_mismatches=0
CARTOON_AMR_TRANSACTION cycle=2492 requested_refine=0 requested_derefine_leaves=4 accepted_derefine_parents=0 created_leaves=0 deleted_leaves=0 mirror_mismatches=0
elapsed=1.313831e+02 cycle=2492 time=1.402173e+01 dt=1.880265e-03
CARTOON_AMR_TRANSACTION cycle=2493 requested_refine=0 requested_derefine_leaves=4 accepted_derefine_parents=0 created_leaves=0 deleted_leaves=0 mirror_mismatches=0
CARTOON_AMR_TRANSACTION cycle=2494 requested_refine=0 requested_derefine_leaves=4 accepted_derefine_parents=0 created_leaves=0 deleted_leaves=0 mirror_mismatches=0
CARTOON_AMR_TRANSACTION cycle=2495 requested_refine=0 requested_derefine_leaves=4 accepted_derefine_parents=0 created_leaves=0 deleted_leaves=0 mirror_mismatches=0
CARTOON_AMR_TRANSACTION cycle=2496 requested_refine=0 requested_derefine_leaves=4 accepted_derefine_parents=0 created_leaves=0 deleted_leaves=0 mirror_mismatches=0
elapsed=1.315930e+02 cycle=2496 time=1.402924e+01 dt=1.879081e-03
CARTOON_AMR_TRANSACTION cycle=2497 requested_refine=0 requested_derefine_leaves=4 accepted_derefine_parents=0 created_leaves=0 deleted_leaves=0 mirror_mismatches=0
CARTOON_AMR_TRANSACTION cycle=2498 requested_refine=0 requested_derefine_leaves=4 accepted_derefine_parents=0 created_leaves=0 deleted_leaves=0 mirror_mismatches=0
CARTOON_AMR_TRANSACTION cycle=2499 requested_refine=0 requested_derefine_leaves=4 accepted_derefine_parents=0 created_leaves=0 deleted_leaves=0 mirror_mismatches=0
CARTOON_AMR_TRANSACTION cycle=2500 requested_refine=0 requested_derefine_leaves=4 accepted_derefine_parents=0 created_leaves=0 deleted_leaves=0 mirror_mismatches=0
elapsed=1.317614e+02 cycle=2500 time=1.403676e+01 dt=1.877910e-03
CARTOON_AMR_TRANSACTION cycle=2501 requested_refine=0 requested_derefine_leaves=4 accepted_derefine_parents=0 created_leaves=0 deleted_leaves=0 mirror_mismatches=0
CARTOON_AMR_TRANSACTION cycle=2502 requested_refine=0 requested_derefine_leaves=4 accepted_derefine_parents=0 created_leaves=0 deleted_leaves=0 mirror_mismatches=0
CARTOON_AMR_TRANSACTION cycle=2503 requested_refine=0 requested_derefine_leaves=4 accepted_derefine_parents=0 created_leaves=0 deleted_leaves=0 mirror_mismatches=0
CARTOON_AMR_TRANSACTION cycle=2504 requested_refine=0 requested_derefine_leaves=4 accepted_derefine_parents=0 created_leaves=0 deleted_leaves=0 mirror_mismatches=0
elapsed=1.319807e+02 cycle=2504 time=1.404427e+01 dt=1.876751e-03
CARTOON_AMR_TRANSACTION cycle=2505 requested_refine=0 requested_derefine_leaves=4 accepted_derefine_parents=0 created_leaves=0 deleted_leaves=0 mirror_mismatches=0
CARTOON_AMR_TRANSACTION cycle=2506 requested_refine=0 requested_derefine_leaves=4 accepted_derefine_parents=0 created_leaves=0 deleted_leaves=0 mirror_mismatches=0
CARTOON_AMR_TRANSACTION cycle=2507 requested_refine=0 requested_derefine_leaves=4 accepted_derefine_parents=0 created_leaves=0 deleted_leaves=0 mirror_mismatches=0
CARTOON_AMR_TRANSACTION cycle=2508 requested_refine=0 requested_derefine_leaves=4 accepted_derefine_parents=0 created_leaves=0 deleted_leaves=0 mirror_mismatches=0
elapsed=1.321719e+02 cycle=2508 time=1.405177e+01 dt=1.875605e-03
CARTOON_AMR_TRANSACTION cycle=2509 requested_refine=0 requested_derefine_leaves=4 accepted_derefine_parents=0 created_leaves=0 deleted_leaves=0 mirror_mismatches=0
CARTOON_AMR_TRANSACTION cycle=2510 requested_refine=0 requested_derefine_leaves=4 accepted_derefine_parents=0 created_leaves=0 deleted_leaves=0 mirror_mismatches=0
CARTOON_AMR_TRANSACTION cycle=2511 requested_refine=0 requested_derefine_leaves=4 accepted_derefine_parents=0 created_leaves=0 deleted_leaves=0 mirror_mismatches=0
CARTOON_AMR_TRANSACTION cycle=2512 requested_refine=0 requested_derefine_leaves=4 accepted_derefine_parents=0 created_leaves=0 deleted_leaves=0 mirror_mismatches=0
elapsed=1.323850e+02 cycle=2512 time=1.405928e+01 dt=1.874472e-03
CARTOON_AMR_TRANSACTION cycle=2513 requested_refine=0 requested_derefine_leaves=4 accepted_derefine_parents=0 created_leaves=0 deleted_leaves=0 mirror_mismatches=0
CARTOON_AMR_TRANSACTION cycle=2514 requested_refine=0 requested_derefine_leaves=4 accepted_derefine_parents=0 created_leaves=0 deleted_leaves=0 mirror_mismatches=0
CARTOON_AMR_TRANSACTION cycle=2515 requested_refine=0 requested_derefine_leaves=4 accepted_derefine_parents=0 created_leaves=0 deleted_leaves=0 mirror_mismatches=0
CARTOON_AMR_TRANSACTION cycle=2516 requested_refine=0 requested_derefine_leaves=4 accepted_derefine_parents=0 created_leaves=0 deleted_leaves=0 mirror_mismatches=0
elapsed=1.325580e+02 cycle=2516 time=1.406677e+01 dt=1.873351e-03
CARTOON_AMR_TRANSACTION cycle=2517 requested_refine=0 requested_derefine_leaves=4 accepted_derefine_parents=0 created_leaves=0 deleted_leaves=0 mirror_mismatches=0
CARTOON_AMR_TRANSACTION cycle=2518 requested_refine=0 requested_derefine_leaves=4 accepted_derefine_parents=0 created_leaves=0 deleted_leaves=0 mirror_mismatches=0
CARTOON_AMR_TRANSACTION cycle=2519 requested_refine=0 requested_derefine_leaves=4 accepted_derefine_parents=0 created_leaves=0 deleted_leaves=0 mirror_mismatches=0
CARTOON_AMR_TRANSACTION cycle=2520 requested_refine=0 requested_derefine_leaves=4 accepted_derefine_parents=0 created_leaves=0 deleted_leaves=0 mirror_mismatches=0
elapsed=1.327266e+02 cycle=2520 time=1.407426e+01 dt=1.872244e-03
CARTOON_AMR_TRANSACTION cycle=2521 requested_refine=0 requested_derefine_leaves=4 accepted_derefine_parents=0 created_leaves=0 deleted_leaves=0 mirror_mismatches=0
CARTOON_AMR_TRANSACTION cycle=2522 requested_refine=0 requested_derefine_leaves=4 accepted_derefine_parents=0 created_leaves=0 deleted_leaves=0 mirror_mismatches=0
CARTOON_AMR_TRANSACTION cycle=2523 requested_refine=0 requested_derefine_leaves=4 accepted_derefine_parents=0 created_leaves=0 deleted_leaves=0 mirror_mismatches=0
CARTOON_AMR_TRANSACTION cycle=2524 requested_refine=0 requested_derefine_leaves=4 accepted_derefine_parents=0 created_leaves=0 deleted_leaves=0 mirror_mismatches=0
elapsed=1.329323e+02 cycle=2524 time=1.408175e+01 dt=1.871149e-03
CARTOON_AMR_TRANSACTION cycle=2525 requested_refine=0 requested_derefine_leaves=4 accepted_derefine_parents=0 created_leaves=0 deleted_leaves=0 mirror_mismatches=0
CARTOON_AMR_TRANSACTION cycle=2526 requested_refine=0 requested_derefine_leaves=4 accepted_derefine_parents=0 created_leaves=0 deleted_leaves=0 mirror_mismatches=0
CARTOON_AMR_TRANSACTION cycle=2527 requested_refine=0 requested_derefine_leaves=4 accepted_derefine_parents=0 created_leaves=0 deleted_leaves=0 mirror_mismatches=0
CARTOON_AMR_TRANSACTION cycle=2528 requested_refine=0 requested_derefine_leaves=4 accepted_derefine_parents=0 created_leaves=0 deleted_leaves=0 mirror_mismatches=0
elapsed=1.331184e+02 cycle=2528 time=1.408923e+01 dt=1.870067e-03
CARTOON_AMR_TRANSACTION cycle=2529 requested_refine=0 requested_derefine_leaves=4 accepted_derefine_parents=0 created_leaves=0 deleted_leaves=0 mirror_mismatches=0
CARTOON_AMR_TRANSACTION cycle=2530 requested_refine=0 requested_derefine_leaves=4 accepted_derefine_parents=0 created_leaves=0 deleted_leaves=0 mirror_mismatches=0
CARTOON_AMR_TRANSACTION cycle=2531 requested_refine=0 requested_derefine_leaves=4 accepted_derefine_parents=0 created_leaves=0 deleted_leaves=0 mirror_mismatches=0
CARTOON_AMR_TRANSACTION cycle=2532 requested_refine=0 requested_derefine_leaves=4 accepted_derefine_parents=0 created_leaves=0 deleted_leaves=0 mirror_mismatches=0
elapsed=1.333251e+02 cycle=2532 time=1.409671e+01 dt=1.868999e-03
CARTOON_AMR_TRANSACTION cycle=2533 requested_refine=0 requested_derefine_leaves=4 accepted_derefine_parents=0 created_leaves=0 deleted_leaves=0 mirror_mismatches=0
CARTOON_AMR_TRANSACTION cycle=2534 requested_refine=0 requested_derefine_leaves=4 accepted_derefine_parents=0 created_leaves=0 deleted_leaves=0 mirror_mismatches=0
CARTOON_AMR_TRANSACTION cycle=2535 requested_refine=0 requested_derefine_leaves=4 accepted_derefine_parents=0 created_leaves=0 deleted_leaves=0 mirror_mismatches=0
CARTOON_AMR_TRANSACTION cycle=2536 requested_refine=0 requested_derefine_leaves=4 accepted_derefine_parents=0 created_leaves=0 deleted_leaves=0 mirror_mismatches=0
elapsed=1.335450e+02 cycle=2536 time=1.410419e+01 dt=1.867943e-03
CARTOON_AMR_TRANSACTION cycle=2537 requested_refine=0 requested_derefine_leaves=4 accepted_derefine_parents=0 created_leaves=0 deleted_leaves=0 mirror_mismatches=0
CARTOON_AMR_TRANSACTION cycle=2538 requested_refine=0 requested_derefine_leaves=4 accepted_derefine_parents=0 created_leaves=0 deleted_leaves=0 mirror_mismatches=0
CARTOON_AMR_TRANSACTION cycle=2539 requested_refine=0 requested_derefine_leaves=4 accepted_derefine_parents=0 created_leaves=0 deleted_leaves=0 mirror_mismatches=0
CARTOON_AMR_TRANSACTION cycle=2540 requested_refine=0 requested_derefine_leaves=4 accepted_derefine_parents=0 created_leaves=0 deleted_leaves=0 mirror_mismatches=0
elapsed=1.337652e+02 cycle=2540 time=1.411166e+01 dt=1.866900e-03
CARTOON_AMR_TRANSACTION cycle=2541 requested_refine=0 requested_derefine_leaves=4 accepted_derefine_parents=0 created_leaves=0 deleted_leaves=0 mirror_mismatches=0
CARTOON_AMR_TRANSACTION cycle=2542 requested_refine=0 requested_derefine_leaves=4 accepted_derefine_parents=0 created_leaves=0 deleted_leaves=0 mirror_mismatches=0
CARTOON_AMR_TRANSACTION cycle=2543 requested_refine=0 requested_derefine_leaves=4 accepted_derefine_parents=0 created_leaves=0 deleted_leaves=0 mirror_mismatches=0
CARTOON_AMR_TRANSACTION cycle=2544 requested_refine=0 requested_derefine_leaves=4 accepted_derefine_parents=0 created_leaves=0 deleted_leaves=0 mirror_mismatches=0
elapsed=1.339825e+02 cycle=2544 time=1.411912e+01 dt=1.865870e-03
CARTOON_AMR_TRANSACTION cycle=2545 requested_refine=0 requested_derefine_leaves=4 accepted_derefine_parents=0 created_leaves=0 deleted_leaves=0 mirror_mismatches=0
CARTOON_AMR_TRANSACTION cycle=2546 requested_refine=0 requested_derefine_leaves=4 accepted_derefine_parents=0 created_leaves=0 deleted_leaves=0 mirror_mismatches=0
CARTOON_AMR_TRANSACTION cycle=2547 requested_refine=0 requested_derefine_leaves=4 accepted_derefine_parents=0 created_leaves=0 deleted_leaves=0 mirror_mismatches=0
CARTOON_AMR_TRANSACTION cycle=2548 requested_refine=0 requested_derefine_leaves=4 accepted_derefine_parents=0 created_leaves=0 deleted_leaves=0 mirror_mismatches=0
elapsed=1.341540e+02 cycle=2548 time=1.412658e+01 dt=1.864854e-03
CARTOON_AMR_TRANSACTION cycle=2549 requested_refine=0 requested_derefine_leaves=4 accepted_derefine_parents=0 created_leaves=0 deleted_leaves=0 mirror_mismatches=0
CARTOON_AMR_TRANSACTION cycle=2550 requested_refine=0 requested_derefine_leaves=4 accepted_derefine_parents=0 created_leaves=0 deleted_leaves=0 mirror_mismatches=0
CARTOON_AMR_TRANSACTION cycle=2551 requested_refine=0 requested_derefine_leaves=4 accepted_derefine_parents=0 created_leaves=0 deleted_leaves=0 mirror_mismatches=0
CARTOON_AMR_TRANSACTION cycle=2552 requested_refine=0 requested_derefine_leaves=4 accepted_derefine_parents=0 created_leaves=0 deleted_leaves=0 mirror_mismatches=0
elapsed=1.344016e+02 cycle=2552 time=1.413404e+01 dt=1.863850e-03
CARTOON_AMR_TRANSACTION cycle=2553 requested_refine=0 requested_derefine_leaves=4 accepted_derefine_parents=0 created_leaves=0 deleted_leaves=0 mirror_mismatches=0
CARTOON_AMR_TRANSACTION cycle=2554 requested_refine=0 requested_derefine_leaves=4 accepted_derefine_parents=0 created_leaves=0 deleted_leaves=0 mirror_mismatches=0
CARTOON_AMR_TRANSACTION cycle=2555 requested_refine=0 requested_derefine_leaves=4 accepted_derefine_parents=0 created_leaves=0 deleted_leaves=0 mirror_mismatches=0
CARTOON_AMR_TRANSACTION cycle=2556 requested_refine=0 requested_derefine_leaves=4 accepted_derefine_parents=0 created_leaves=0 deleted_leaves=0 mirror_mismatches=0
elapsed=1.346011e+02 cycle=2556 time=1.414150e+01 dt=1.862860e-03
CARTOON_AMR_TRANSACTION cycle=2557 requested_refine=0 requested_derefine_leaves=4 accepted_derefine_parents=0 created_leaves=0 deleted_leaves=0 mirror_mismatches=0
CARTOON_AMR_TRANSACTION cycle=2558 requested_refine=0 requested_derefine_leaves=4 accepted_derefine_parents=0 created_leaves=0 deleted_leaves=0 mirror_mismatches=0
CARTOON_AMR_TRANSACTION cycle=2559 requested_refine=0 requested_derefine_leaves=4 accepted_derefine_parents=0 created_leaves=0 deleted_leaves=0 mirror_mismatches=0
CARTOON_AMR_TRANSACTION cycle=2560 requested_refine=0 requested_derefine_leaves=4 accepted_derefine_parents=0 created_leaves=0 deleted_leaves=0 mirror_mismatches=0
elapsed=1.352536e+02 cycle=2560 time=1.414895e+01 dt=1.861883e-03
CARTOON_AMR_TRANSACTION cycle=2561 requested_refine=0 requested_derefine_leaves=4 accepted_derefine_parents=0 created_leaves=0 deleted_leaves=0 mirror_mismatches=0
CARTOON_AMR_TRANSACTION cycle=2562 requested_refine=0 requested_derefine_leaves=4 accepted_derefine_parents=0 created_leaves=0 deleted_leaves=0 mirror_mismatches=0
CARTOON_AMR_TRANSACTION cycle=2563 requested_refine=0 requested_derefine_leaves=4 accepted_derefine_parents=0 created_leaves=0 deleted_leaves=0 mirror_mismatches=0
CARTOON_AMR_TRANSACTION cycle=2564 requested_refine=0 requested_derefine_leaves=4 accepted_derefine_parents=0 created_leaves=0 deleted_leaves=0 mirror_mismatches=0
elapsed=1.354514e+02 cycle=2564 time=1.415639e+01 dt=1.860920e-03
CARTOON_AMR_TRANSACTION cycle=2565 requested_refine=0 requested_derefine_leaves=4 accepted_derefine_parents=0 created_leaves=0 deleted_leaves=0 mirror_mismatches=0
CARTOON_AMR_TRANSACTION cycle=2566 requested_refine=0 requested_derefine_leaves=4 accepted_derefine_parents=0 created_leaves=0 deleted_leaves=0 mirror_mismatches=0
CARTOON_AMR_TRANSACTION cycle=2567 requested_refine=0 requested_derefine_leaves=4 accepted_derefine_parents=0 created_leaves=0 deleted_leaves=0 mirror_mismatches=0
CARTOON_AMR_TRANSACTION cycle=2568 requested_refine=0 requested_derefine_leaves=4 accepted_derefine_parents=0 created_leaves=0 deleted_leaves=0 mirror_mismatches=0
elapsed=1.356757e+02 cycle=2568 time=1.416383e+01 dt=1.859970e-03
CARTOON_AMR_TRANSACTION cycle=2569 requested_refine=0 requested_derefine_leaves=4 accepted_derefine_parents=0 created_leaves=0 deleted_leaves=0 mirror_mismatches=0
CARTOON_AMR_TRANSACTION cycle=2570 requested_refine=0 requested_derefine_leaves=4 accepted_derefine_parents=0 created_leaves=0 deleted_leaves=0 mirror_mismatches=0
CARTOON_AMR_TRANSACTION cycle=2571 requested_refine=0 requested_derefine_leaves=4 accepted_derefine_parents=0 created_leaves=0 deleted_leaves=0 mirror_mismatches=0
CARTOON_AMR_TRANSACTION cycle=2572 requested_refine=0 requested_derefine_leaves=4 accepted_derefine_parents=0 created_leaves=0 deleted_leaves=0 mirror_mismatches=0
elapsed=1.358586e+02 cycle=2572 time=1.417127e+01 dt=1.859033e-03
CARTOON_AMR_TRANSACTION cycle=2573 requested_refine=0 requested_derefine_leaves=4 accepted_derefine_parents=0 created_leaves=0 deleted_leaves=0 mirror_mismatches=0
CARTOON_AMR_TRANSACTION cycle=2574 requested_refine=0 requested_derefine_leaves=4 accepted_derefine_parents=0 created_leaves=0 deleted_leaves=0 mirror_mismatches=0
CARTOON_AMR_TRANSACTION cycle=2575 requested_refine=0 requested_derefine_leaves=4 accepted_derefine_parents=0 created_leaves=0 deleted_leaves=0 mirror_mismatches=0
CARTOON_AMR_TRANSACTION cycle=2576 requested_refine=0 requested_derefine_leaves=4 accepted_derefine_parents=0 created_leaves=0 deleted_leaves=0 mirror_mismatches=0
elapsed=1.361295e+02 cycle=2576 time=1.417871e+01 dt=1.858110e-03
CARTOON_AMR_TRANSACTION cycle=2577 requested_refine=0 requested_derefine_leaves=4 accepted_derefine_parents=0 created_leaves=0 deleted_leaves=0 mirror_mismatches=0
CARTOON_AMR_TRANSACTION cycle=2578 requested_refine=0 requested_derefine_leaves=4 accepted_derefine_parents=0 created_leaves=0 deleted_leaves=0 mirror_mismatches=0
CARTOON_AMR_TRANSACTION cycle=2579 requested_refine=0 requested_derefine_leaves=4 accepted_derefine_parents=0 created_leaves=0 deleted_leaves=0 mirror_mismatches=0
CARTOON_AMR_TRANSACTION cycle=2580 requested_refine=0 requested_derefine_leaves=4 accepted_derefine_parents=0 created_leaves=0 deleted_leaves=0 mirror_mismatches=0
elapsed=1.363265e+02 cycle=2580 time=1.418614e+01 dt=1.857200e-03
CARTOON_AMR_TRANSACTION cycle=2581 requested_refine=0 requested_derefine_leaves=4 accepted_derefine_parents=0 created_leaves=0 deleted_leaves=0 mirror_mismatches=0
CARTOON_AMR_TRANSACTION cycle=2582 requested_refine=0 requested_derefine_leaves=4 accepted_derefine_parents=0 created_leaves=0 deleted_leaves=0 mirror_mismatches=0
CARTOON_AMR_TRANSACTION cycle=2583 requested_refine=0 requested_derefine_leaves=4 accepted_derefine_parents=0 created_leaves=0 deleted_leaves=0 mirror_mismatches=0
CARTOON_AMR_TRANSACTION cycle=2584 requested_refine=0 requested_derefine_leaves=4 accepted_derefine_parents=0 created_leaves=0 deleted_leaves=0 mirror_mismatches=0
elapsed=1.364907e+02 cycle=2584 time=1.419357e+01 dt=1.856304e-03
CARTOON_AMR_TRANSACTION cycle=2585 requested_refine=0 requested_derefine_leaves=4 accepted_derefine_parents=0 created_leaves=0 deleted_leaves=0 mirror_mismatches=0
CARTOON_AMR_TRANSACTION cycle=2586 requested_refine=0 requested_derefine_leaves=4 accepted_derefine_parents=0 created_leaves=0 deleted_leaves=0 mirror_mismatches=0
CARTOON_AMR_TRANSACTION cycle=2587 requested_refine=0 requested_derefine_leaves=4 accepted_derefine_parents=0 created_leaves=0 deleted_leaves=0 mirror_mismatches=0
CARTOON_AMR_TRANSACTION cycle=2588 requested_refine=0 requested_derefine_leaves=4 accepted_derefine_parents=0 created_leaves=0 deleted_leaves=0 mirror_mismatches=0
elapsed=1.366713e+02 cycle=2588 time=1.420099e+01 dt=1.855422e-03
CARTOON_AMR_TRANSACTION cycle=2589 requested_refine=0 requested_derefine_leaves=4 accepted_derefine_parents=0 created_leaves=0 deleted_leaves=0 mirror_mismatches=0
CARTOON_AMR_TRANSACTION cycle=2590 requested_refine=0 requested_derefine_leaves=4 accepted_derefine_parents=0 created_leaves=0 deleted_leaves=0 mirror_mismatches=0
CARTOON_AMR_TRANSACTION cycle=2591 requested_refine=0 requested_derefine_leaves=4 accepted_derefine_parents=0 created_leaves=0 deleted_leaves=0 mirror_mismatches=0
CARTOON_AMR_TRANSACTION cycle=2592 requested_refine=0 requested_derefine_leaves=4 accepted_derefine_parents=0 created_leaves=0 deleted_leaves=0 mirror_mismatches=0
elapsed=1.368821e+02 cycle=2592 time=1.420841e+01 dt=1.854550e-03
CARTOON_AMR_TRANSACTION cycle=2593 requested_refine=0 requested_derefine_leaves=4 accepted_derefine_parents=0 created_leaves=0 deleted_leaves=0 mirror_mismatches=0
CARTOON_AMR_TRANSACTION cycle=2594 requested_refine=0 requested_derefine_leaves=4 accepted_derefine_parents=0 created_leaves=0 deleted_leaves=0 mirror_mismatches=0
CARTOON_AMR_TRANSACTION cycle=2595 requested_refine=0 requested_derefine_leaves=4 accepted_derefine_parents=0 created_leaves=0 deleted_leaves=0 mirror_mismatches=0
CARTOON_AMR_TRANSACTION cycle=2596 requested_refine=0 requested_derefine_leaves=4 accepted_derefine_parents=0 created_leaves=0 deleted_leaves=0 mirror_mismatches=0
elapsed=1.370654e+02 cycle=2596 time=1.421583e+01 dt=1.853691e-03
CARTOON_AMR_TRANSACTION cycle=2597 requested_refine=0 requested_derefine_leaves=4 accepted_derefine_parents=0 created_leaves=0 deleted_leaves=0 mirror_mismatches=0
CARTOON_AMR_TRANSACTION cycle=2598 requested_refine=0 requested_derefine_leaves=4 accepted_derefine_parents=0 created_leaves=0 deleted_leaves=0 mirror_mismatches=0
CARTOON_AMR_TRANSACTION cycle=2599 requested_refine=0 requested_derefine_leaves=4 accepted_derefine_parents=0 created_leaves=0 deleted_leaves=0 mirror_mismatches=0
CARTOON_AMR_TRANSACTION cycle=2600 requested_refine=0 requested_derefine_leaves=4 accepted_derefine_parents=0 created_leaves=0 deleted_leaves=0 mirror_mismatches=0
elapsed=1.372606e+02 cycle=2600 time=1.422324e+01 dt=1.852845e-03
CARTOON_AMR_TRANSACTION cycle=2601 requested_refine=0 requested_derefine_leaves=4 accepted_derefine_parents=0 created_leaves=0 deleted_leaves=0 mirror_mismatches=0
CARTOON_AMR_TRANSACTION cycle=2602 requested_refine=0 requested_derefine_leaves=4 accepted_derefine_parents=0 created_leaves=0 deleted_leaves=0 mirror_mismatches=0
CARTOON_AMR_TRANSACTION cycle=2603 requested_refine=0 requested_derefine_leaves=4 accepted_derefine_parents=0 created_leaves=0 deleted_leaves=0 mirror_mismatches=0
CARTOON_AMR_TRANSACTION cycle=2604 requested_refine=0 requested_derefine_leaves=4 accepted_derefine_parents=0 created_leaves=0 deleted_leaves=0 mirror_mismatches=0
elapsed=1.374467e+02 cycle=2604 time=1.423065e+01 dt=1.852013e-03
CARTOON_AMR_TRANSACTION cycle=2605 requested_refine=0 requested_derefine_leaves=4 accepted_derefine_parents=0 created_leaves=0 deleted_leaves=0 mirror_mismatches=0
CARTOON_AMR_TRANSACTION cycle=2606 requested_refine=0 requested_derefine_leaves=4 accepted_derefine_parents=0 created_leaves=0 deleted_leaves=0 mirror_mismatches=0
CARTOON_AMR_TRANSACTION cycle=2607 requested_refine=0 requested_derefine_leaves=4 accepted_derefine_parents=0 created_leaves=0 deleted_leaves=0 mirror_mismatches=0
CARTOON_AMR_TRANSACTION cycle=2608 requested_refine=0 requested_derefine_leaves=4 accepted_derefine_parents=0 created_leaves=0 deleted_leaves=0 mirror_mismatches=0
elapsed=1.376425e+02 cycle=2608 time=1.423806e+01 dt=1.851196e-03
CARTOON_AMR_TRANSACTION cycle=2609 requested_refine=0 requested_derefine_leaves=4 accepted_derefine_parents=0 created_leaves=0 deleted_leaves=0 mirror_mismatches=0
CARTOON_AMR_TRANSACTION cycle=2610 requested_refine=0 requested_derefine_leaves=4 accepted_derefine_parents=0 created_leaves=0 deleted_leaves=0 mirror_mismatches=0
CARTOON_AMR_TRANSACTION cycle=2611 requested_refine=0 requested_derefine_leaves=4 accepted_derefine_parents=0 created_leaves=0 deleted_leaves=0 mirror_mismatches=0
CARTOON_AMR_TRANSACTION cycle=2612 requested_refine=0 requested_derefine_leaves=4 accepted_derefine_parents=0 created_leaves=0 deleted_leaves=0 mirror_mismatches=0
elapsed=1.378311e+02 cycle=2612 time=1.424546e+01 dt=1.850393e-03
CARTOON_AMR_TRANSACTION cycle=2613 requested_refine=0 requested_derefine_leaves=4 accepted_derefine_parents=0 created_leaves=0 deleted_leaves=0 mirror_mismatches=0
CARTOON_AMR_TRANSACTION cycle=2614 requested_refine=0 requested_derefine_leaves=4 accepted_derefine_parents=0 created_leaves=0 deleted_leaves=0 mirror_mismatches=0
CARTOON_AMR_TRANSACTION cycle=2615 requested_refine=0 requested_derefine_leaves=4 accepted_derefine_parents=0 created_leaves=0 deleted_leaves=0 mirror_mismatches=0
CARTOON_AMR_TRANSACTION cycle=2616 requested_refine=0 requested_derefine_leaves=4 accepted_derefine_parents=0 created_leaves=0 deleted_leaves=0 mirror_mismatches=0
elapsed=1.380735e+02 cycle=2616 time=1.425286e+01 dt=1.849603e-03
CARTOON_AMR_TRANSACTION cycle=2617 requested_refine=0 requested_derefine_leaves=4 accepted_derefine_parents=0 created_leaves=0 deleted_leaves=0 mirror_mismatches=0
CARTOON_AMR_TRANSACTION cycle=2618 requested_refine=0 requested_derefine_leaves=4 accepted_derefine_parents=0 created_leaves=0 deleted_leaves=0 mirror_mismatches=0
CARTOON_AMR_TRANSACTION cycle=2619 requested_refine=0 requested_derefine_leaves=4 accepted_derefine_parents=0 created_leaves=0 deleted_leaves=0 mirror_mismatches=0
CARTOON_AMR_TRANSACTION cycle=2620 requested_refine=0 requested_derefine_leaves=4 accepted_derefine_parents=0 created_leaves=0 deleted_leaves=0 mirror_mismatches=0
elapsed=1.382537e+02 cycle=2620 time=1.426026e+01 dt=1.848829e-03
CARTOON_AMR_TRANSACTION cycle=2621 requested_refine=0 requested_derefine_leaves=4 accepted_derefine_parents=0 created_leaves=0 deleted_leaves=0 mirror_mismatches=0
CARTOON_AMR_TRANSACTION cycle=2622 requested_refine=0 requested_derefine_leaves=4 accepted_derefine_parents=0 created_leaves=0 deleted_leaves=0 mirror_mismatches=0
CARTOON_AMR_TRANSACTION cycle=2623 requested_refine=0 requested_derefine_leaves=4 accepted_derefine_parents=0 created_leaves=0 deleted_leaves=0 mirror_mismatches=0
CARTOON_AMR_TRANSACTION cycle=2624 requested_refine=0 requested_derefine_leaves=4 accepted_derefine_parents=0 created_leaves=0 deleted_leaves=0 mirror_mismatches=0
elapsed=1.384604e+02 cycle=2624 time=1.426765e+01 dt=1.848068e-03
CARTOON_AMR_TRANSACTION cycle=2625 requested_refine=0 requested_derefine_leaves=4 accepted_derefine_parents=0 created_leaves=0 deleted_leaves=0 mirror_mismatches=0
CARTOON_AMR_TRANSACTION cycle=2626 requested_refine=0 requested_derefine_leaves=4 accepted_derefine_parents=0 created_leaves=0 deleted_leaves=0 mirror_mismatches=0
CARTOON_AMR_TRANSACTION cycle=2627 requested_refine=0 requested_derefine_leaves=4 accepted_derefine_parents=0 created_leaves=0 deleted_leaves=0 mirror_mismatches=0
CARTOON_AMR_TRANSACTION cycle=2628 requested_refine=0 requested_derefine_leaves=4 accepted_derefine_parents=0 created_leaves=0 deleted_leaves=0 mirror_mismatches=0
elapsed=1.386667e+02 cycle=2628 time=1.427504e+01 dt=1.847322e-03
CARTOON_AMR_TRANSACTION cycle=2629 requested_refine=0 requested_derefine_leaves=4 accepted_derefine_parents=0 created_leaves=0 deleted_leaves=0 mirror_mismatches=0
CARTOON_AMR_TRANSACTION cycle=2630 requested_refine=0 requested_derefine_leaves=4 accepted_derefine_parents=0 created_leaves=0 deleted_leaves=0 mirror_mismatches=0
CARTOON_AMR_TRANSACTION cycle=2631 requested_refine=0 requested_derefine_leaves=4 accepted_derefine_parents=0 created_leaves=0 deleted_leaves=0 mirror_mismatches=0
CARTOON_AMR_TRANSACTION cycle=2632 requested_refine=0 requested_derefine_leaves=4 accepted_derefine_parents=0 created_leaves=0 deleted_leaves=0 mirror_mismatches=0
elapsed=1.389039e+02 cycle=2632 time=1.428243e+01 dt=1.846591e-03
CARTOON_AMR_TRANSACTION cycle=2633 requested_refine=0 requested_derefine_leaves=4 accepted_derefine_parents=0 created_leaves=0 deleted_leaves=0 mirror_mismatches=0
CARTOON_AMR_TRANSACTION cycle=2634 requested_refine=0 requested_derefine_leaves=4 accepted_derefine_parents=0 created_leaves=0 deleted_leaves=0 mirror_mismatches=0
CARTOON_AMR_TRANSACTION cycle=2635 requested_refine=0 requested_derefine_leaves=4 accepted_derefine_parents=0 created_leaves=0 deleted_leaves=0 mirror_mismatches=0
CARTOON_AMR_TRANSACTION cycle=2636 requested_refine=0 requested_derefine_leaves=4 accepted_derefine_parents=0 created_leaves=0 deleted_leaves=0 mirror_mismatches=0
elapsed=1.391378e+02 cycle=2636 time=1.428982e+01 dt=1.845874e-03
CARTOON_AMR_TRANSACTION cycle=2637 requested_refine=0 requested_derefine_leaves=4 accepted_derefine_parents=0 created_leaves=0 deleted_leaves=0 mirror_mismatches=0
CARTOON_AMR_TRANSACTION cycle=2638 requested_refine=0 requested_derefine_leaves=4 accepted_derefine_parents=0 created_leaves=0 deleted_leaves=0 mirror_mismatches=0
CARTOON_AMR_TRANSACTION cycle=2639 requested_refine=0 requested_derefine_leaves=4 accepted_derefine_parents=0 created_leaves=0 deleted_leaves=0 mirror_mismatches=0
CARTOON_AMR_TRANSACTION cycle=2640 requested_refine=0 requested_derefine_leaves=4 accepted_derefine_parents=0 created_leaves=0 deleted_leaves=0 mirror_mismatches=0
elapsed=1.393185e+02 cycle=2640 time=1.429720e+01 dt=1.845172e-03
CARTOON_AMR_TRANSACTION cycle=2641 requested_refine=0 requested_derefine_leaves=4 accepted_derefine_parents=0 created_leaves=0 deleted_leaves=0 mirror_mismatches=0
CARTOON_AMR_TRANSACTION cycle=2642 requested_refine=0 requested_derefine_leaves=4 accepted_derefine_parents=0 created_leaves=0 deleted_leaves=0 mirror_mismatches=0
CARTOON_AMR_TRANSACTION cycle=2643 requested_refine=0 requested_derefine_leaves=4 accepted_derefine_parents=0 created_leaves=0 deleted_leaves=0 mirror_mismatches=0
CARTOON_AMR_TRANSACTION cycle=2644 requested_refine=0 requested_derefine_leaves=4 accepted_derefine_parents=0 created_leaves=0 deleted_leaves=0 mirror_mismatches=0
elapsed=1.394922e+02 cycle=2644 time=1.430458e+01 dt=1.844485e-03
CARTOON_AMR_TRANSACTION cycle=2645 requested_refine=0 requested_derefine_leaves=4 accepted_derefine_parents=0 created_leaves=0 deleted_leaves=0 mirror_mismatches=0
CARTOON_AMR_TRANSACTION cycle=2646 requested_refine=0 requested_derefine_leaves=4 accepted_derefine_parents=0 created_leaves=0 deleted_leaves=0 mirror_mismatches=0
CARTOON_AMR_TRANSACTION cycle=2647 requested_refine=0 requested_derefine_leaves=4 accepted_derefine_parents=0 created_leaves=0 deleted_leaves=0 mirror_mismatches=0
CARTOON_AMR_TRANSACTION cycle=2648 requested_refine=0 requested_derefine_leaves=4 accepted_derefine_parents=0 created_leaves=0 deleted_leaves=0 mirror_mismatches=0
elapsed=1.396739e+02 cycle=2648 time=1.431196e+01 dt=1.843813e-03
CARTOON_AMR_TRANSACTION cycle=2649 requested_refine=0 requested_derefine_leaves=4 accepted_derefine_parents=0 created_leaves=0 deleted_leaves=0 mirror_mismatches=0
CARTOON_AMR_TRANSACTION cycle=2650 requested_refine=0 requested_derefine_leaves=4 accepted_derefine_parents=0 created_leaves=0 deleted_leaves=0 mirror_mismatches=0
CARTOON_AMR_TRANSACTION cycle=2651 requested_refine=0 requested_derefine_leaves=4 accepted_derefine_parents=0 created_leaves=0 deleted_leaves=0 mirror_mismatches=0
CARTOON_AMR_TRANSACTION cycle=2652 requested_refine=0 requested_derefine_leaves=4 accepted_derefine_parents=0 created_leaves=0 deleted_leaves=0 mirror_mismatches=0
elapsed=1.398522e+02 cycle=2652 time=1.431933e+01 dt=1.843156e-03
CARTOON_AMR_TRANSACTION cycle=2653 requested_refine=0 requested_derefine_leaves=4 accepted_derefine_parents=0 created_leaves=0 deleted_leaves=0 mirror_mismatches=0
CARTOON_AMR_TRANSACTION cycle=2654 requested_refine=0 requested_derefine_leaves=4 accepted_derefine_parents=0 created_leaves=0 deleted_leaves=0 mirror_mismatches=0
CARTOON_AMR_TRANSACTION cycle=2655 requested_refine=0 requested_derefine_leaves=4 accepted_derefine_parents=0 created_leaves=0 deleted_leaves=0 mirror_mismatches=0
CARTOON_AMR_TRANSACTION cycle=2656 requested_refine=0 requested_derefine_leaves=4 accepted_derefine_parents=0 created_leaves=0 deleted_leaves=0 mirror_mismatches=0
elapsed=1.400486e+02 cycle=2656 time=1.432670e+01 dt=1.842514e-03
CARTOON_AMR_TRANSACTION cycle=2657 requested_refine=0 requested_derefine_leaves=4 accepted_derefine_parents=0 created_leaves=0 deleted_leaves=0 mirror_mismatches=0
CARTOON_AMR_TRANSACTION cycle=2658 requested_refine=0 requested_derefine_leaves=4 accepted_derefine_parents=0 created_leaves=0 deleted_leaves=0 mirror_mismatches=0
CARTOON_AMR_TRANSACTION cycle=2659 requested_refine=0 requested_derefine_leaves=4 accepted_derefine_parents=0 created_leaves=0 deleted_leaves=0 mirror_mismatches=0
CARTOON_AMR_TRANSACTION cycle=2660 requested_refine=0 requested_derefine_leaves=4 accepted_derefine_parents=0 created_leaves=0 deleted_leaves=0 mirror_mismatches=0
elapsed=1.402265e+02 cycle=2660 time=1.433407e+01 dt=1.841888e-03
CARTOON_AMR_TRANSACTION cycle=2661 requested_refine=0 requested_derefine_leaves=4 accepted_derefine_parents=0 created_leaves=0 deleted_leaves=0 mirror_mismatches=0
CARTOON_AMR_TRANSACTION cycle=2662 requested_refine=0 requested_derefine_leaves=4 accepted_derefine_parents=0 created_leaves=0 deleted_leaves=0 mirror_mismatches=0
CARTOON_AMR_TRANSACTION cycle=2663 requested_refine=0 requested_derefine_leaves=4 accepted_derefine_parents=0 created_leaves=0 deleted_leaves=0 mirror_mismatches=0
CARTOON_AMR_TRANSACTION cycle=2664 requested_refine=0 requested_derefine_leaves=4 accepted_derefine_parents=0 created_leaves=0 deleted_leaves=0 mirror_mismatches=0
elapsed=1.404001e+02 cycle=2664 time=1.434144e+01 dt=1.841276e-03
CARTOON_AMR_TRANSACTION cycle=2665 requested_refine=0 requested_derefine_leaves=4 accepted_derefine_parents=0 created_leaves=0 deleted_leaves=0 mirror_mismatches=0
CARTOON_AMR_TRANSACTION cycle=2666 requested_refine=0 requested_derefine_leaves=4 accepted_derefine_parents=0 created_leaves=0 deleted_leaves=0 mirror_mismatches=0
CARTOON_AMR_TRANSACTION cycle=2667 requested_refine=0 requested_derefine_leaves=4 accepted_derefine_parents=0 created_leaves=0 deleted_leaves=0 mirror_mismatches=0
CARTOON_AMR_TRANSACTION cycle=2668 requested_refine=0 requested_derefine_leaves=4 accepted_derefine_parents=0 created_leaves=0 deleted_leaves=0 mirror_mismatches=0
elapsed=1.406057e+02 cycle=2668 time=1.434880e+01 dt=1.840681e-03
CARTOON_AMR_TRANSACTION cycle=2669 requested_refine=0 requested_derefine_leaves=4 accepted_derefine_parents=0 created_leaves=0 deleted_leaves=0 mirror_mismatches=0
CARTOON_AMR_TRANSACTION cycle=2670 requested_refine=0 requested_derefine_leaves=4 accepted_derefine_parents=0 created_leaves=0 deleted_leaves=0 mirror_mismatches=0
CARTOON_AMR_TRANSACTION cycle=2671 requested_refine=0 requested_derefine_leaves=4 accepted_derefine_parents=0 created_leaves=0 deleted_leaves=0 mirror_mismatches=0
CARTOON_AMR_TRANSACTION cycle=2672 requested_refine=0 requested_derefine_leaves=4 accepted_derefine_parents=0 created_leaves=0 deleted_leaves=0 mirror_mismatches=0
elapsed=1.407724e+02 cycle=2672 time=1.435617e+01 dt=1.840101e-03
CARTOON_AMR_TRANSACTION cycle=2673 requested_refine=0 requested_derefine_leaves=4 accepted_derefine_parents=0 created_leaves=0 deleted_leaves=0 mirror_mismatches=0
CARTOON_AMR_TRANSACTION cycle=2674 requested_refine=0 requested_derefine_leaves=4 accepted_derefine_parents=0 created_leaves=0 deleted_leaves=0 mirror_mismatches=0
CARTOON_AMR_TRANSACTION cycle=2675 requested_refine=0 requested_derefine_leaves=4 accepted_derefine_parents=0 created_leaves=0 deleted_leaves=0 mirror_mismatches=0
CARTOON_AMR_TRANSACTION cycle=2676 requested_refine=0 requested_derefine_leaves=4 accepted_derefine_parents=0 created_leaves=0 deleted_leaves=0 mirror_mismatches=0
elapsed=1.409462e+02 cycle=2676 time=1.436352e+01 dt=1.839536e-03
CARTOON_AMR_TRANSACTION cycle=2677 requested_refine=0 requested_derefine_leaves=4 accepted_derefine_parents=0 created_leaves=0 deleted_leaves=0 mirror_mismatches=0
CARTOON_AMR_TRANSACTION cycle=2678 requested_refine=0 requested_derefine_leaves=4 accepted_derefine_parents=0 created_leaves=0 deleted_leaves=0 mirror_mismatches=0
CARTOON_AMR_TRANSACTION cycle=2679 requested_refine=0 requested_derefine_leaves=4 accepted_derefine_parents=0 created_leaves=0 deleted_leaves=0 mirror_mismatches=0
CARTOON_AMR_TRANSACTION cycle=2680 requested_refine=0 requested_derefine_leaves=4 accepted_derefine_parents=0 created_leaves=0 deleted_leaves=0 mirror_mismatches=0
elapsed=1.411700e+02 cycle=2680 time=1.437088e+01 dt=1.838988e-03
CARTOON_AMR_TRANSACTION cycle=2681 requested_refine=0 requested_derefine_leaves=4 accepted_derefine_parents=0 created_leaves=0 deleted_leaves=0 mirror_mismatches=0
CARTOON_AMR_TRANSACTION cycle=2682 requested_refine=0 requested_derefine_leaves=4 accepted_derefine_parents=0 created_leaves=0 deleted_leaves=0 mirror_mismatches=0
CARTOON_AMR_TRANSACTION cycle=2683 requested_refine=0 requested_derefine_leaves=4 accepted_derefine_parents=0 created_leaves=0 deleted_leaves=0 mirror_mismatches=0
CARTOON_AMR_TRANSACTION cycle=2684 requested_refine=0 requested_derefine_leaves=4 accepted_derefine_parents=0 created_leaves=0 deleted_leaves=0 mirror_mismatches=0
elapsed=1.413674e+02 cycle=2684 time=1.437824e+01 dt=1.838455e-03
CARTOON_AMR_TRANSACTION cycle=2685 requested_refine=0 requested_derefine_leaves=4 accepted_derefine_parents=0 created_leaves=0 deleted_leaves=0 mirror_mismatches=0
CARTOON_AMR_TRANSACTION cycle=2686 requested_refine=0 requested_derefine_leaves=4 accepted_derefine_parents=0 created_leaves=0 deleted_leaves=0 mirror_mismatches=0
CARTOON_AMR_TRANSACTION cycle=2687 requested_refine=0 requested_derefine_leaves=4 accepted_derefine_parents=0 created_leaves=0 deleted_leaves=0 mirror_mismatches=0
CARTOON_AMR_TRANSACTION cycle=2688 requested_refine=0 requested_derefine_leaves=4 accepted_derefine_parents=0 created_leaves=0 deleted_leaves=0 mirror_mismatches=0
elapsed=1.415841e+02 cycle=2688 time=1.438559e+01 dt=1.837939e-03
CARTOON_AMR_TRANSACTION cycle=2689 requested_refine=0 requested_derefine_leaves=4 accepted_derefine_parents=0 created_leaves=0 deleted_leaves=0 mirror_mismatches=0
CARTOON_AMR_TRANSACTION cycle=2690 requested_refine=0 requested_derefine_leaves=4 accepted_derefine_parents=0 created_leaves=0 deleted_leaves=0 mirror_mismatches=0
CARTOON_AMR_TRANSACTION cycle=2691 requested_refine=0 requested_derefine_leaves=4 accepted_derefine_parents=0 created_leaves=0 deleted_leaves=0 mirror_mismatches=0
CARTOON_AMR_TRANSACTION cycle=2692 requested_refine=0 requested_derefine_leaves=4 accepted_derefine_parents=0 created_leaves=0 deleted_leaves=0 mirror_mismatches=0
elapsed=1.417960e+02 cycle=2692 time=1.439294e+01 dt=1.837439e-03
CARTOON_AMR_TRANSACTION cycle=2693 requested_refine=0 requested_derefine_leaves=4 accepted_derefine_parents=0 created_leaves=0 deleted_leaves=0 mirror_mismatches=0
CARTOON_AMR_TRANSACTION cycle=2694 requested_refine=0 requested_derefine_leaves=4 accepted_derefine_parents=0 created_leaves=0 deleted_leaves=0 mirror_mismatches=0
CARTOON_AMR_TRANSACTION cycle=2695 requested_refine=0 requested_derefine_leaves=4 accepted_derefine_parents=0 created_leaves=0 deleted_leaves=0 mirror_mismatches=0
CARTOON_AMR_TRANSACTION cycle=2696 requested_refine=0 requested_derefine_leaves=4 accepted_derefine_parents=0 created_leaves=0 deleted_leaves=0 mirror_mismatches=0
elapsed=1.419730e+02 cycle=2696 time=1.440029e+01 dt=1.836955e-03
CARTOON_AMR_TRANSACTION cycle=2697 requested_refine=0 requested_derefine_leaves=4 accepted_derefine_parents=0 created_leaves=0 deleted_leaves=0 mirror_mismatches=0
CARTOON_AMR_TRANSACTION cycle=2698 requested_refine=0 requested_derefine_leaves=4 accepted_derefine_parents=0 created_leaves=0 deleted_leaves=0 mirror_mismatches=0
CARTOON_AMR_TRANSACTION cycle=2699 requested_refine=0 requested_derefine_leaves=4 accepted_derefine_parents=0 created_leaves=0 deleted_leaves=0 mirror_mismatches=0
CARTOON_AMR_TRANSACTION cycle=2700 requested_refine=0 requested_derefine_leaves=4 accepted_derefine_parents=0 created_leaves=0 deleted_leaves=0 mirror_mismatches=0
elapsed=1.421992e+02 cycle=2700 time=1.440764e+01 dt=1.836488e-03
CARTOON_AMR_TRANSACTION cycle=2701 requested_refine=0 requested_derefine_leaves=4 accepted_derefine_parents=0 created_leaves=0 deleted_leaves=0 mirror_mismatches=0
CARTOON_AMR_TRANSACTION cycle=2702 requested_refine=0 requested_derefine_leaves=4 accepted_derefine_parents=0 created_leaves=0 deleted_leaves=0 mirror_mismatches=0
CARTOON_AMR_TRANSACTION cycle=2703 requested_refine=0 requested_derefine_leaves=4 accepted_derefine_parents=0 created_leaves=0 deleted_leaves=0 mirror_mismatches=0
CARTOON_AMR_TRANSACTION cycle=2704 requested_refine=0 requested_derefine_leaves=4 accepted_derefine_parents=0 created_leaves=0 deleted_leaves=0 mirror_mismatches=0
elapsed=1.424097e+02 cycle=2704 time=1.441498e+01 dt=1.836038e-03
CARTOON_AMR_TRANSACTION cycle=2705 requested_refine=0 requested_derefine_leaves=4 accepted_derefine_parents=0 created_leaves=0 deleted_leaves=0 mirror_mismatches=0
CARTOON_AMR_TRANSACTION cycle=2706 requested_refine=0 requested_derefine_leaves=4 accepted_derefine_parents=0 created_leaves=0 deleted_leaves=0 mirror_mismatches=0
CARTOON_AMR_TRANSACTION cycle=2707 requested_refine=0 requested_derefine_leaves=4 accepted_derefine_parents=0 created_leaves=0 deleted_leaves=0 mirror_mismatches=0
CARTOON_AMR_TRANSACTION cycle=2708 requested_refine=0 requested_derefine_leaves=4 accepted_derefine_parents=0 created_leaves=0 deleted_leaves=0 mirror_mismatches=0
elapsed=1.426054e+02 cycle=2708 time=1.442233e+01 dt=1.835604e-03
CARTOON_AMR_TRANSACTION cycle=2709 requested_refine=0 requested_derefine_leaves=4 accepted_derefine_parents=0 created_leaves=0 deleted_leaves=0 mirror_mismatches=0
CARTOON_AMR_TRANSACTION cycle=2710 requested_refine=0 requested_derefine_leaves=4 accepted_derefine_parents=0 created_leaves=0 deleted_leaves=0 mirror_mismatches=0
CARTOON_AMR_TRANSACTION cycle=2711 requested_refine=0 requested_derefine_leaves=4 accepted_derefine_parents=0 created_leaves=0 deleted_leaves=0 mirror_mismatches=0
CARTOON_AMR_TRANSACTION cycle=2712 requested_refine=0 requested_derefine_leaves=4 accepted_derefine_parents=0 created_leaves=0 deleted_leaves=0 mirror_mismatches=0
elapsed=1.427999e+02 cycle=2712 time=1.442967e+01 dt=1.835188e-03
CARTOON_AMR_TRANSACTION cycle=2713 requested_refine=0 requested_derefine_leaves=4 accepted_derefine_parents=0 created_leaves=0 deleted_leaves=0 mirror_mismatches=0
CARTOON_AMR_TRANSACTION cycle=2714 requested_refine=0 requested_derefine_leaves=4 accepted_derefine_parents=0 created_leaves=0 deleted_leaves=0 mirror_mismatches=0
CARTOON_AMR_TRANSACTION cycle=2715 requested_refine=0 requested_derefine_leaves=4 accepted_derefine_parents=0 created_leaves=0 deleted_leaves=0 mirror_mismatches=0
CARTOON_AMR_TRANSACTION cycle=2716 requested_refine=0 requested_derefine_leaves=4 accepted_derefine_parents=0 created_leaves=0 deleted_leaves=0 mirror_mismatches=0
elapsed=1.430024e+02 cycle=2716 time=1.443701e+01 dt=1.834788e-03
CARTOON_AMR_TRANSACTION cycle=2717 requested_refine=0 requested_derefine_leaves=4 accepted_derefine_parents=0 created_leaves=0 deleted_leaves=0 mirror_mismatches=0
CARTOON_AMR_TRANSACTION cycle=2718 requested_refine=0 requested_derefine_leaves=4 accepted_derefine_parents=0 created_leaves=0 deleted_leaves=0 mirror_mismatches=0
CARTOON_AMR_TRANSACTION cycle=2719 requested_refine=0 requested_derefine_leaves=4 accepted_derefine_parents=0 created_leaves=0 deleted_leaves=0 mirror_mismatches=0
CARTOON_AMR_TRANSACTION cycle=2720 requested_refine=0 requested_derefine_leaves=4 accepted_derefine_parents=0 created_leaves=0 deleted_leaves=0 mirror_mismatches=0
elapsed=1.431961e+02 cycle=2720 time=1.444435e+01 dt=1.834406e-03
CARTOON_AMR_TRANSACTION cycle=2721 requested_refine=0 requested_derefine_leaves=4 accepted_derefine_parents=0 created_leaves=0 deleted_leaves=0 mirror_mismatches=0
CARTOON_AMR_TRANSACTION cycle=2722 requested_refine=0 requested_derefine_leaves=4 accepted_derefine_parents=0 created_leaves=0 deleted_leaves=0 mirror_mismatches=0
CARTOON_AMR_TRANSACTION cycle=2723 requested_refine=0 requested_derefine_leaves=4 accepted_derefine_parents=0 created_leaves=0 deleted_leaves=0 mirror_mismatches=0
CARTOON_AMR_TRANSACTION cycle=2724 requested_refine=0 requested_derefine_leaves=4 accepted_derefine_parents=0 created_leaves=0 deleted_leaves=0 mirror_mismatches=0
elapsed=1.434012e+02 cycle=2724 time=1.445168e+01 dt=1.834041e-03
CARTOON_AMR_TRANSACTION cycle=2725 requested_refine=0 requested_derefine_leaves=4 accepted_derefine_parents=0 created_leaves=0 deleted_leaves=0 mirror_mismatches=0
CARTOON_AMR_TRANSACTION cycle=2726 requested_refine=0 requested_derefine_leaves=4 accepted_derefine_parents=0 created_leaves=0 deleted_leaves=0 mirror_mismatches=0
CARTOON_AMR_TRANSACTION cycle=2727 requested_refine=0 requested_derefine_leaves=4 accepted_derefine_parents=0 created_leaves=0 deleted_leaves=0 mirror_mismatches=0
CARTOON_AMR_TRANSACTION cycle=2728 requested_refine=0 requested_derefine_leaves=4 accepted_derefine_parents=0 created_leaves=0 deleted_leaves=0 mirror_mismatches=0
elapsed=1.436056e+02 cycle=2728 time=1.445902e+01 dt=1.833694e-03
CARTOON_AMR_TRANSACTION cycle=2729 requested_refine=0 requested_derefine_leaves=4 accepted_derefine_parents=0 created_leaves=0 deleted_leaves=0 mirror_mismatches=0
CARTOON_AMR_TRANSACTION cycle=2730 requested_refine=0 requested_derefine_leaves=4 accepted_derefine_parents=0 created_leaves=0 deleted_leaves=0 mirror_mismatches=0
CARTOON_AMR_TRANSACTION cycle=2731 requested_refine=0 requested_derefine_leaves=4 accepted_derefine_parents=0 created_leaves=0 deleted_leaves=0 mirror_mismatches=0
CARTOON_AMR_TRANSACTION cycle=2732 requested_refine=0 requested_derefine_leaves=4 accepted_derefine_parents=0 created_leaves=0 deleted_leaves=0 mirror_mismatches=0
elapsed=1.438739e+02 cycle=2732 time=1.446635e+01 dt=1.833365e-03
CARTOON_AMR_TRANSACTION cycle=2733 requested_refine=0 requested_derefine_leaves=4 accepted_derefine_parents=0 created_leaves=0 deleted_leaves=0 mirror_mismatches=0
CARTOON_AMR_TRANSACTION cycle=2734 requested_refine=0 requested_derefine_leaves=4 accepted_derefine_parents=0 created_leaves=0 deleted_leaves=0 mirror_mismatches=0
CARTOON_AMR_TRANSACTION cycle=2735 requested_refine=0 requested_derefine_leaves=4 accepted_derefine_parents=0 created_leaves=0 deleted_leaves=0 mirror_mismatches=0
CARTOON_AMR_TRANSACTION cycle=2736 requested_refine=0 requested_derefine_leaves=4 accepted_derefine_parents=0 created_leaves=0 deleted_leaves=0 mirror_mismatches=0
elapsed=1.440544e+02 cycle=2736 time=1.447369e+01 dt=1.833053e-03
CARTOON_AMR_TRANSACTION cycle=2737 requested_refine=0 requested_derefine_leaves=4 accepted_derefine_parents=0 created_leaves=0 deleted_leaves=0 mirror_mismatches=0
CARTOON_AMR_TRANSACTION cycle=2738 requested_refine=0 requested_derefine_leaves=4 accepted_derefine_parents=0 created_leaves=0 deleted_leaves=0 mirror_mismatches=0
CARTOON_AMR_TRANSACTION cycle=2739 requested_refine=0 requested_derefine_leaves=4 accepted_derefine_parents=0 created_leaves=0 deleted_leaves=0 mirror_mismatches=0
CARTOON_AMR_TRANSACTION cycle=2740 requested_refine=0 requested_derefine_leaves=4 accepted_derefine_parents=0 created_leaves=0 deleted_leaves=0 mirror_mismatches=0
elapsed=1.443013e+02 cycle=2740 time=1.448102e+01 dt=1.832760e-03
CARTOON_AMR_TRANSACTION cycle=2741 requested_refine=0 requested_derefine_leaves=4 accepted_derefine_parents=0 created_leaves=0 deleted_leaves=0 mirror_mismatches=0
CARTOON_AMR_TRANSACTION cycle=2742 requested_refine=0 requested_derefine_leaves=4 accepted_derefine_parents=0 created_leaves=0 deleted_leaves=0 mirror_mismatches=0
CARTOON_AMR_TRANSACTION cycle=2743 requested_refine=0 requested_derefine_leaves=4 accepted_derefine_parents=0 created_leaves=0 deleted_leaves=0 mirror_mismatches=0
CARTOON_AMR_TRANSACTION cycle=2744 requested_refine=0 requested_derefine_leaves=4 accepted_derefine_parents=0 created_leaves=0 deleted_leaves=0 mirror_mismatches=0
elapsed=1.445669e+02 cycle=2744 time=1.448835e+01 dt=1.832485e-03
CARTOON_AMR_TRANSACTION cycle=2745 requested_refine=0 requested_derefine_leaves=4 accepted_derefine_parents=0 created_leaves=0 deleted_leaves=0 mirror_mismatches=0
CARTOON_AMR_TRANSACTION cycle=2746 requested_refine=0 requested_derefine_leaves=4 accepted_derefine_parents=0 created_leaves=0 deleted_leaves=0 mirror_mismatches=0
CARTOON_AMR_TRANSACTION cycle=2747 requested_refine=0 requested_derefine_leaves=4 accepted_derefine_parents=0 created_leaves=0 deleted_leaves=0 mirror_mismatches=0
CARTOON_AMR_TRANSACTION cycle=2748 requested_refine=0 requested_derefine_leaves=4 accepted_derefine_parents=0 created_leaves=0 deleted_leaves=0 mirror_mismatches=0
elapsed=1.447386e+02 cycle=2748 time=1.449568e+01 dt=1.832228e-03
CARTOON_AMR_TRANSACTION cycle=2749 requested_refine=0 requested_derefine_leaves=4 accepted_derefine_parents=0 created_leaves=0 deleted_leaves=0 mirror_mismatches=0
CARTOON_AMR_TRANSACTION cycle=2750 requested_refine=0 requested_derefine_leaves=4 accepted_derefine_parents=0 created_leaves=0 deleted_leaves=0 mirror_mismatches=0
CARTOON_AMR_TRANSACTION cycle=2751 requested_refine=0 requested_derefine_leaves=4 accepted_derefine_parents=0 created_leaves=0 deleted_leaves=0 mirror_mismatches=0
CARTOON_AMR_TRANSACTION cycle=2752 requested_refine=0 requested_derefine_leaves=4 accepted_derefine_parents=0 created_leaves=0 deleted_leaves=0 mirror_mismatches=0
elapsed=1.449529e+02 cycle=2752 time=1.450301e+01 dt=1.831990e-03
CARTOON_AMR_TRANSACTION cycle=2753 requested_refine=0 requested_derefine_leaves=4 accepted_derefine_parents=0 created_leaves=0 deleted_leaves=0 mirror_mismatches=0
CARTOON_AMR_TRANSACTION cycle=2754 requested_refine=0 requested_derefine_leaves=4 accepted_derefine_parents=0 created_leaves=0 deleted_leaves=0 mirror_mismatches=0
CARTOON_AMR_TRANSACTION cycle=2755 requested_refine=0 requested_derefine_leaves=4 accepted_derefine_parents=0 created_leaves=0 deleted_leaves=0 mirror_mismatches=0
CARTOON_AMR_TRANSACTION cycle=2756 requested_refine=0 requested_derefine_leaves=4 accepted_derefine_parents=0 created_leaves=0 deleted_leaves=0 mirror_mismatches=0
elapsed=1.451662e+02 cycle=2756 time=1.451033e+01 dt=1.831771e-03
CARTOON_AMR_TRANSACTION cycle=2757 requested_refine=0 requested_derefine_leaves=4 accepted_derefine_parents=0 created_leaves=0 deleted_leaves=0 mirror_mismatches=0
CARTOON_AMR_TRANSACTION cycle=2758 requested_refine=0 requested_derefine_leaves=4 accepted_derefine_parents=0 created_leaves=0 deleted_leaves=0 mirror_mismatches=0
CARTOON_AMR_TRANSACTION cycle=2759 requested_refine=0 requested_derefine_leaves=4 accepted_derefine_parents=0 created_leaves=0 deleted_leaves=0 mirror_mismatches=0
CARTOON_AMR_TRANSACTION cycle=2760 requested_refine=0 requested_derefine_leaves=4 accepted_derefine_parents=0 created_leaves=0 deleted_leaves=0 mirror_mismatches=0
elapsed=1.453802e+02 cycle=2760 time=1.451766e+01 dt=1.831570e-03
CARTOON_AMR_TRANSACTION cycle=2761 requested_refine=0 requested_derefine_leaves=4 accepted_derefine_parents=0 created_leaves=0 deleted_leaves=0 mirror_mismatches=0
CARTOON_AMR_TRANSACTION cycle=2762 requested_refine=0 requested_derefine_leaves=4 accepted_derefine_parents=0 created_leaves=0 deleted_leaves=0 mirror_mismatches=0
CARTOON_AMR_TRANSACTION cycle=2763 requested_refine=0 requested_derefine_leaves=4 accepted_derefine_parents=0 created_leaves=0 deleted_leaves=0 mirror_mismatches=0
CARTOON_AMR_TRANSACTION cycle=2764 requested_refine=0 requested_derefine_leaves=4 accepted_derefine_parents=0 created_leaves=0 deleted_leaves=0 mirror_mismatches=0
elapsed=1.455814e+02 cycle=2764 time=1.452499e+01 dt=1.831386e-03
CARTOON_AMR_TRANSACTION cycle=2765 requested_refine=0 requested_derefine_leaves=4 accepted_derefine_parents=0 created_leaves=0 deleted_leaves=0 mirror_mismatches=0
CARTOON_AMR_TRANSACTION cycle=2766 requested_refine=0 requested_derefine_leaves=4 accepted_derefine_parents=0 created_leaves=0 deleted_leaves=0 mirror_mismatches=0
CARTOON_AMR_TRANSACTION cycle=2767 requested_refine=0 requested_derefine_leaves=4 accepted_derefine_parents=0 created_leaves=0 deleted_leaves=0 mirror_mismatches=0
CARTOON_AMR_TRANSACTION cycle=2768 requested_refine=0 requested_derefine_leaves=4 accepted_derefine_parents=0 created_leaves=0 deleted_leaves=0 mirror_mismatches=0
elapsed=1.457846e+02 cycle=2768 time=1.453231e+01 dt=1.831222e-03
CARTOON_AMR_TRANSACTION cycle=2769 requested_refine=0 requested_derefine_leaves=4 accepted_derefine_parents=0 created_leaves=0 deleted_leaves=0 mirror_mismatches=0
CARTOON_AMR_TRANSACTION cycle=2770 requested_refine=0 requested_derefine_leaves=4 accepted_derefine_parents=0 created_leaves=0 deleted_leaves=0 mirror_mismatches=0
CARTOON_AMR_TRANSACTION cycle=2771 requested_refine=0 requested_derefine_leaves=4 accepted_derefine_parents=0 created_leaves=0 deleted_leaves=0 mirror_mismatches=0
CARTOON_AMR_TRANSACTION cycle=2772 requested_refine=0 requested_derefine_leaves=4 accepted_derefine_parents=0 created_leaves=0 deleted_leaves=0 mirror_mismatches=0
elapsed=1.459806e+02 cycle=2772 time=1.453964e+01 dt=1.831078e-03
CARTOON_AMR_TRANSACTION cycle=2773 requested_refine=0 requested_derefine_leaves=4 accepted_derefine_parents=0 created_leaves=0 deleted_leaves=0 mirror_mismatches=0
CARTOON_AMR_TRANSACTION cycle=2774 requested_refine=0 requested_derefine_leaves=4 accepted_derefine_parents=0 created_leaves=0 deleted_leaves=0 mirror_mismatches=0
CARTOON_AMR_TRANSACTION cycle=2775 requested_refine=0 requested_derefine_leaves=4 accepted_derefine_parents=0 created_leaves=0 deleted_leaves=0 mirror_mismatches=0
CARTOON_AMR_TRANSACTION cycle=2776 requested_refine=0 requested_derefine_leaves=4 accepted_derefine_parents=0 created_leaves=0 deleted_leaves=0 mirror_mismatches=0
elapsed=1.461619e+02 cycle=2776 time=1.454696e+01 dt=1.830954e-03
CARTOON_AMR_TRANSACTION cycle=2777 requested_refine=0 requested_derefine_leaves=4 accepted_derefine_parents=0 created_leaves=0 deleted_leaves=0 mirror_mismatches=0
CARTOON_AMR_TRANSACTION cycle=2778 requested_refine=0 requested_derefine_leaves=4 accepted_derefine_parents=0 created_leaves=0 deleted_leaves=0 mirror_mismatches=0
CARTOON_AMR_TRANSACTION cycle=2779 requested_refine=0 requested_derefine_leaves=4 accepted_derefine_parents=0 created_leaves=0 deleted_leaves=0 mirror_mismatches=0
CARTOON_AMR_TRANSACTION cycle=2780 requested_refine=0 requested_derefine_leaves=4 accepted_derefine_parents=0 created_leaves=0 deleted_leaves=0 mirror_mismatches=0
elapsed=1.463791e+02 cycle=2780 time=1.455429e+01 dt=1.830850e-03
CARTOON_AMR_TRANSACTION cycle=2781 requested_refine=0 requested_derefine_leaves=4 accepted_derefine_parents=0 created_leaves=0 deleted_leaves=0 mirror_mismatches=0
CARTOON_AMR_TRANSACTION cycle=2782 requested_refine=0 requested_derefine_leaves=4 accepted_derefine_parents=0 created_leaves=0 deleted_leaves=0 mirror_mismatches=0
CARTOON_AMR_TRANSACTION cycle=2783 requested_refine=0 requested_derefine_leaves=4 accepted_derefine_parents=0 created_leaves=0 deleted_leaves=0 mirror_mismatches=0
CARTOON_AMR_TRANSACTION cycle=2784 requested_refine=0 requested_derefine_leaves=4 accepted_derefine_parents=0 created_leaves=0 deleted_leaves=0 mirror_mismatches=0
elapsed=1.466046e+02 cycle=2784 time=1.456161e+01 dt=1.830766e-03
CARTOON_AMR_TRANSACTION cycle=2785 requested_refine=0 requested_derefine_leaves=4 accepted_derefine_parents=0 created_leaves=0 deleted_leaves=0 mirror_mismatches=0
CARTOON_AMR_TRANSACTION cycle=2786 requested_refine=0 requested_derefine_leaves=4 accepted_derefine_parents=0 created_leaves=0 deleted_leaves=0 mirror_mismatches=0
CARTOON_AMR_TRANSACTION cycle=2787 requested_refine=0 requested_derefine_leaves=4 accepted_derefine_parents=0 created_leaves=0 deleted_leaves=0 mirror_mismatches=0
CARTOON_AMR_TRANSACTION cycle=2788 requested_refine=0 requested_derefine_leaves=4 accepted_derefine_parents=0 created_leaves=0 deleted_leaves=0 mirror_mismatches=0
elapsed=1.468038e+02 cycle=2788 time=1.456893e+01 dt=1.830702e-03
CARTOON_AMR_TRANSACTION cycle=2789 requested_refine=0 requested_derefine_leaves=4 accepted_derefine_parents=0 created_leaves=0 deleted_leaves=0 mirror_mismatches=0
CARTOON_AMR_TRANSACTION cycle=2790 requested_refine=0 requested_derefine_leaves=4 accepted_derefine_parents=0 created_leaves=0 deleted_leaves=0 mirror_mismatches=0
CARTOON_AMR_TRANSACTION cycle=2791 requested_refine=0 requested_derefine_leaves=4 accepted_derefine_parents=0 created_leaves=0 deleted_leaves=0 mirror_mismatches=0
CARTOON_AMR_TRANSACTION cycle=2792 requested_refine=0 requested_derefine_leaves=4 accepted_derefine_parents=0 created_leaves=0 deleted_leaves=0 mirror_mismatches=0
elapsed=1.471224e+02 cycle=2792 time=1.457625e+01 dt=1.830660e-03
CARTOON_AMR_TRANSACTION cycle=2793 requested_refine=0 requested_derefine_leaves=4 accepted_derefine_parents=0 created_leaves=0 deleted_leaves=0 mirror_mismatches=0
CARTOON_AMR_TRANSACTION cycle=2794 requested_refine=0 requested_derefine_leaves=4 accepted_derefine_parents=0 created_leaves=0 deleted_leaves=0 mirror_mismatches=0
CARTOON_AMR_TRANSACTION cycle=2795 requested_refine=0 requested_derefine_leaves=4 accepted_derefine_parents=0 created_leaves=0 deleted_leaves=0 mirror_mismatches=0
CARTOON_AMR_TRANSACTION cycle=2796 requested_refine=0 requested_derefine_leaves=4 accepted_derefine_parents=0 created_leaves=0 deleted_leaves=0 mirror_mismatches=0
elapsed=1.473310e+02 cycle=2796 time=1.458358e+01 dt=1.830639e-03
CARTOON_AMR_TRANSACTION cycle=2797 requested_refine=0 requested_derefine_leaves=4 accepted_derefine_parents=0 created_leaves=0 deleted_leaves=0 mirror_mismatches=0
CARTOON_AMR_TRANSACTION cycle=2798 requested_refine=0 requested_derefine_leaves=4 accepted_derefine_parents=0 created_leaves=0 deleted_leaves=0 mirror_mismatches=0
CARTOON_AMR_TRANSACTION cycle=2799 requested_refine=0 requested_derefine_leaves=4 accepted_derefine_parents=0 created_leaves=0 deleted_leaves=0 mirror_mismatches=0
CARTOON_AMR_TRANSACTION cycle=2800 requested_refine=0 requested_derefine_leaves=4 accepted_derefine_parents=0 created_leaves=0 deleted_leaves=0 mirror_mismatches=0
elapsed=1.475341e+02 cycle=2800 time=1.459090e+01 dt=1.830638e-03
CARTOON_AMR_TRANSACTION cycle=2801 requested_refine=0 requested_derefine_leaves=4 accepted_derefine_parents=0 created_leaves=0 deleted_leaves=0 mirror_mismatches=0
CARTOON_AMR_TRANSACTION cycle=2802 requested_refine=0 requested_derefine_leaves=4 accepted_derefine_parents=0 created_leaves=0 deleted_leaves=0 mirror_mismatches=0
CARTOON_AMR_TRANSACTION cycle=2803 requested_refine=0 requested_derefine_leaves=4 accepted_derefine_parents=0 created_leaves=0 deleted_leaves=0 mirror_mismatches=0
CARTOON_AMR_TRANSACTION cycle=2804 requested_refine=0 requested_derefine_leaves=4 accepted_derefine_parents=0 created_leaves=0 deleted_leaves=0 mirror_mismatches=0
elapsed=1.477292e+02 cycle=2804 time=1.459822e+01 dt=1.830660e-03
CARTOON_AMR_TRANSACTION cycle=2805 requested_refine=0 requested_derefine_leaves=4 accepted_derefine_parents=0 created_leaves=0 deleted_leaves=0 mirror_mismatches=0
CARTOON_AMR_TRANSACTION cycle=2806 requested_refine=0 requested_derefine_leaves=4 accepted_derefine_parents=0 created_leaves=0 deleted_leaves=0 mirror_mismatches=0
CARTOON_AMR_TRANSACTION cycle=2807 requested_refine=0 requested_derefine_leaves=4 accepted_derefine_parents=0 created_leaves=0 deleted_leaves=0 mirror_mismatches=0
CARTOON_AMR_TRANSACTION cycle=2808 requested_refine=0 requested_derefine_leaves=4 accepted_derefine_parents=0 created_leaves=0 deleted_leaves=0 mirror_mismatches=0
elapsed=1.479661e+02 cycle=2808 time=1.460554e+01 dt=1.830703e-03
CARTOON_AMR_TRANSACTION cycle=2809 requested_refine=0 requested_derefine_leaves=4 accepted_derefine_parents=0 created_leaves=0 deleted_leaves=0 mirror_mismatches=0
CARTOON_AMR_TRANSACTION cycle=2810 requested_refine=0 requested_derefine_leaves=4 accepted_derefine_parents=0 created_leaves=0 deleted_leaves=0 mirror_mismatches=0
CARTOON_AMR_TRANSACTION cycle=2811 requested_refine=0 requested_derefine_leaves=4 accepted_derefine_parents=0 created_leaves=0 deleted_leaves=0 mirror_mismatches=0
CARTOON_AMR_TRANSACTION cycle=2812 requested_refine=0 requested_derefine_leaves=4 accepted_derefine_parents=0 created_leaves=0 deleted_leaves=0 mirror_mismatches=0
elapsed=1.481578e+02 cycle=2812 time=1.461287e+01 dt=1.830768e-03
CARTOON_AMR_TRANSACTION cycle=2813 requested_refine=0 requested_derefine_leaves=4 accepted_derefine_parents=0 created_leaves=0 deleted_leaves=0 mirror_mismatches=0
CARTOON_AMR_TRANSACTION cycle=2814 requested_refine=0 requested_derefine_leaves=4 accepted_derefine_parents=0 created_leaves=0 deleted_leaves=0 mirror_mismatches=0
CARTOON_AMR_TRANSACTION cycle=2815 requested_refine=0 requested_derefine_leaves=4 accepted_derefine_parents=0 created_leaves=0 deleted_leaves=0 mirror_mismatches=0
CARTOON_AMR_TRANSACTION cycle=2816 requested_refine=0 requested_derefine_leaves=4 accepted_derefine_parents=0 created_leaves=0 deleted_leaves=0 mirror_mismatches=0
elapsed=1.487425e+02 cycle=2816 time=1.462019e+01 dt=1.830856e-03
CARTOON_AMR_TRANSACTION cycle=2817 requested_refine=0 requested_derefine_leaves=4 accepted_derefine_parents=0 created_leaves=0 deleted_leaves=0 mirror_mismatches=0
CARTOON_AMR_TRANSACTION cycle=2818 requested_refine=0 requested_derefine_leaves=4 accepted_derefine_parents=0 created_leaves=0 deleted_leaves=0 mirror_mismatches=0
CARTOON_AMR_TRANSACTION cycle=2819 requested_refine=0 requested_derefine_leaves=4 accepted_derefine_parents=0 created_leaves=0 deleted_leaves=0 mirror_mismatches=0
CARTOON_AMR_TRANSACTION cycle=2820 requested_refine=0 requested_derefine_leaves=4 accepted_derefine_parents=0 created_leaves=0 deleted_leaves=0 mirror_mismatches=0
elapsed=1.489739e+02 cycle=2820 time=1.462751e+01 dt=1.830966e-03
CARTOON_AMR_TRANSACTION cycle=2821 requested_refine=0 requested_derefine_leaves=4 accepted_derefine_parents=0 created_leaves=0 deleted_leaves=0 mirror_mismatches=0
CARTOON_AMR_TRANSACTION cycle=2822 requested_refine=0 requested_derefine_leaves=4 accepted_derefine_parents=0 created_leaves=0 deleted_leaves=0 mirror_mismatches=0
CARTOON_AMR_TRANSACTION cycle=2823 requested_refine=0 requested_derefine_leaves=4 accepted_derefine_parents=0 created_leaves=0 deleted_leaves=0 mirror_mismatches=0
CARTOON_AMR_TRANSACTION cycle=2824 requested_refine=0 requested_derefine_leaves=4 accepted_derefine_parents=0 created_leaves=0 deleted_leaves=0 mirror_mismatches=0
elapsed=1.492084e+02 cycle=2824 time=1.463484e+01 dt=1.831099e-03
CARTOON_AMR_TRANSACTION cycle=2825 requested_refine=0 requested_derefine_leaves=4 accepted_derefine_parents=0 created_leaves=0 deleted_leaves=0 mirror_mismatches=0
CARTOON_AMR_TRANSACTION cycle=2826 requested_refine=0 requested_derefine_leaves=4 accepted_derefine_parents=0 created_leaves=0 deleted_leaves=0 mirror_mismatches=0
CARTOON_AMR_TRANSACTION cycle=2827 requested_refine=0 requested_derefine_leaves=4 accepted_derefine_parents=0 created_leaves=0 deleted_leaves=0 mirror_mismatches=0
CARTOON_AMR_TRANSACTION cycle=2828 requested_refine=0 requested_derefine_leaves=4 accepted_derefine_parents=0 created_leaves=0 deleted_leaves=0 mirror_mismatches=0
elapsed=1.494006e+02 cycle=2828 time=1.464216e+01 dt=1.831255e-03
CARTOON_AMR_TRANSACTION cycle=2829 requested_refine=0 requested_derefine_leaves=4 accepted_derefine_parents=0 created_leaves=0 deleted_leaves=0 mirror_mismatches=0
CARTOON_AMR_TRANSACTION cycle=2830 requested_refine=0 requested_derefine_leaves=4 accepted_derefine_parents=0 created_leaves=0 deleted_leaves=0 mirror_mismatches=0
CARTOON_AMR_TRANSACTION cycle=2831 requested_refine=0 requested_derefine_leaves=4 accepted_derefine_parents=0 created_leaves=0 deleted_leaves=0 mirror_mismatches=0
CARTOON_AMR_TRANSACTION cycle=2832 requested_refine=0 requested_derefine_leaves=4 accepted_derefine_parents=0 created_leaves=0 deleted_leaves=0 mirror_mismatches=0
elapsed=1.495897e+02 cycle=2832 time=1.464949e+01 dt=1.831434e-03
CARTOON_AMR_TRANSACTION cycle=2833 requested_refine=0 requested_derefine_leaves=4 accepted_derefine_parents=0 created_leaves=0 deleted_leaves=0 mirror_mismatches=0
CARTOON_AMR_TRANSACTION cycle=2834 requested_refine=0 requested_derefine_leaves=4 accepted_derefine_parents=0 created_leaves=0 deleted_leaves=0 mirror_mismatches=0
CARTOON_AMR_TRANSACTION cycle=2835 requested_refine=0 requested_derefine_leaves=4 accepted_derefine_parents=0 created_leaves=0 deleted_leaves=0 mirror_mismatches=0
CARTOON_AMR_TRANSACTION cycle=2836 requested_refine=0 requested_derefine_leaves=4 accepted_derefine_parents=0 created_leaves=0 deleted_leaves=0 mirror_mismatches=0
elapsed=1.497813e+02 cycle=2836 time=1.465681e+01 dt=1.831638e-03
CARTOON_AMR_TRANSACTION cycle=2837 requested_refine=0 requested_derefine_leaves=4 accepted_derefine_parents=0 created_leaves=0 deleted_leaves=0 mirror_mismatches=0
CARTOON_AMR_TRANSACTION cycle=2838 requested_refine=0 requested_derefine_leaves=4 accepted_derefine_parents=0 created_leaves=0 deleted_leaves=0 mirror_mismatches=0
CARTOON_AMR_TRANSACTION cycle=2839 requested_refine=0 requested_derefine_leaves=4 accepted_derefine_parents=0 created_leaves=0 deleted_leaves=0 mirror_mismatches=0
CARTOON_AMR_TRANSACTION cycle=2840 requested_refine=0 requested_derefine_leaves=4 accepted_derefine_parents=0 created_leaves=0 deleted_leaves=0 mirror_mismatches=0
elapsed=1.499591e+02 cycle=2840 time=1.466414e+01 dt=1.831865e-03
CARTOON_AMR_TRANSACTION cycle=2841 requested_refine=0 requested_derefine_leaves=4 accepted_derefine_parents=0 created_leaves=0 deleted_leaves=0 mirror_mismatches=0
CARTOON_AMR_TRANSACTION cycle=2842 requested_refine=0 requested_derefine_leaves=4 accepted_derefine_parents=0 created_leaves=0 deleted_leaves=0 mirror_mismatches=0
CARTOON_AMR_TRANSACTION cycle=2843 requested_refine=0 requested_derefine_leaves=4 accepted_derefine_parents=0 created_leaves=0 deleted_leaves=0 mirror_mismatches=0
CARTOON_AMR_TRANSACTION cycle=2844 requested_refine=0 requested_derefine_leaves=4 accepted_derefine_parents=0 created_leaves=0 deleted_leaves=0 mirror_mismatches=0
elapsed=1.501281e+02 cycle=2844 time=1.467147e+01 dt=1.832116e-03
CARTOON_AMR_TRANSACTION cycle=2845 requested_refine=0 requested_derefine_leaves=4 accepted_derefine_parents=0 created_leaves=0 deleted_leaves=0 mirror_mismatches=0
CARTOON_AMR_TRANSACTION cycle=2846 requested_refine=0 requested_derefine_leaves=4 accepted_derefine_parents=0 created_leaves=0 deleted_leaves=0 mirror_mismatches=0
CARTOON_AMR_TRANSACTION cycle=2847 requested_refine=0 requested_derefine_leaves=4 accepted_derefine_parents=0 created_leaves=0 deleted_leaves=0 mirror_mismatches=0
CARTOON_AMR_TRANSACTION cycle=2848 requested_refine=0 requested_derefine_leaves=4 accepted_derefine_parents=0 created_leaves=0 deleted_leaves=0 mirror_mismatches=0
elapsed=1.504162e+02 cycle=2848 time=1.467880e+01 dt=1.832392e-03
CARTOON_AMR_TRANSACTION cycle=2849 requested_refine=0 requested_derefine_leaves=4 accepted_derefine_parents=0 created_leaves=0 deleted_leaves=0 mirror_mismatches=0
CARTOON_AMR_TRANSACTION cycle=2850 requested_refine=0 requested_derefine_leaves=4 accepted_derefine_parents=0 created_leaves=0 deleted_leaves=0 mirror_mismatches=0
CARTOON_AMR_TRANSACTION cycle=2851 requested_refine=0 requested_derefine_leaves=4 accepted_derefine_parents=0 created_leaves=0 deleted_leaves=0 mirror_mismatches=0
CARTOON_AMR_TRANSACTION cycle=2852 requested_refine=0 requested_derefine_leaves=4 accepted_derefine_parents=0 created_leaves=0 deleted_leaves=0 mirror_mismatches=0
elapsed=1.506446e+02 cycle=2852 time=1.468613e+01 dt=1.832693e-03
CARTOON_AMR_TRANSACTION cycle=2853 requested_refine=0 requested_derefine_leaves=4 accepted_derefine_parents=0 created_leaves=0 deleted_leaves=0 mirror_mismatches=0
CARTOON_AMR_TRANSACTION cycle=2854 requested_refine=0 requested_derefine_leaves=4 accepted_derefine_parents=0 created_leaves=0 deleted_leaves=0 mirror_mismatches=0
CARTOON_AMR_TRANSACTION cycle=2855 requested_refine=0 requested_derefine_leaves=4 accepted_derefine_parents=0 created_leaves=0 deleted_leaves=0 mirror_mismatches=0
CARTOON_AMR_TRANSACTION cycle=2856 requested_refine=0 requested_derefine_leaves=4 accepted_derefine_parents=0 created_leaves=0 deleted_leaves=0 mirror_mismatches=0
elapsed=1.508750e+02 cycle=2856 time=1.469346e+01 dt=1.833020e-03
CARTOON_AMR_TRANSACTION cycle=2857 requested_refine=0 requested_derefine_leaves=4 accepted_derefine_parents=0 created_leaves=0 deleted_leaves=0 mirror_mismatches=0
CARTOON_AMR_TRANSACTION cycle=2858 requested_refine=0 requested_derefine_leaves=4 accepted_derefine_parents=0 created_leaves=0 deleted_leaves=0 mirror_mismatches=0
CARTOON_AMR_TRANSACTION cycle=2859 requested_refine=0 requested_derefine_leaves=4 accepted_derefine_parents=0 created_leaves=0 deleted_leaves=0 mirror_mismatches=0
CARTOON_AMR_TRANSACTION cycle=2860 requested_refine=0 requested_derefine_leaves=4 accepted_derefine_parents=0 created_leaves=0 deleted_leaves=0 mirror_mismatches=0
elapsed=1.510608e+02 cycle=2860 time=1.470079e+01 dt=1.833372e-03
CARTOON_AMR_TRANSACTION cycle=2861 requested_refine=0 requested_derefine_leaves=4 accepted_derefine_parents=0 created_leaves=0 deleted_leaves=0 mirror_mismatches=0
CARTOON_AMR_TRANSACTION cycle=2862 requested_refine=0 requested_derefine_leaves=4 accepted_derefine_parents=0 created_leaves=0 deleted_leaves=0 mirror_mismatches=0
CARTOON_AMR_TRANSACTION cycle=2863 requested_refine=0 requested_derefine_leaves=4 accepted_derefine_parents=0 created_leaves=0 deleted_leaves=0 mirror_mismatches=0
CARTOON_AMR_TRANSACTION cycle=2864 requested_refine=0 requested_derefine_leaves=4 accepted_derefine_parents=0 created_leaves=0 deleted_leaves=0 mirror_mismatches=0
elapsed=1.512471e+02 cycle=2864 time=1.470813e+01 dt=1.833749e-03
CARTOON_AMR_TRANSACTION cycle=2865 requested_refine=0 requested_derefine_leaves=4 accepted_derefine_parents=0 created_leaves=0 deleted_leaves=0 mirror_mismatches=0
CARTOON_AMR_TRANSACTION cycle=2866 requested_refine=0 requested_derefine_leaves=4 accepted_derefine_parents=0 created_leaves=0 deleted_leaves=0 mirror_mismatches=0
CARTOON_AMR_TRANSACTION cycle=2867 requested_refine=0 requested_derefine_leaves=4 accepted_derefine_parents=0 created_leaves=0 deleted_leaves=0 mirror_mismatches=0
CARTOON_AMR_TRANSACTION cycle=2868 requested_refine=0 requested_derefine_leaves=4 accepted_derefine_parents=0 created_leaves=0 deleted_leaves=0 mirror_mismatches=0
elapsed=1.514437e+02 cycle=2868 time=1.471546e+01 dt=1.834153e-03
CARTOON_AMR_TRANSACTION cycle=2869 requested_refine=0 requested_derefine_leaves=4 accepted_derefine_parents=0 created_leaves=0 deleted_leaves=0 mirror_mismatches=0
CARTOON_AMR_TRANSACTION cycle=2870 requested_refine=0 requested_derefine_leaves=4 accepted_derefine_parents=0 created_leaves=0 deleted_leaves=0 mirror_mismatches=0
CARTOON_AMR_TRANSACTION cycle=2871 requested_refine=0 requested_derefine_leaves=4 accepted_derefine_parents=0 created_leaves=0 deleted_leaves=0 mirror_mismatches=0
CARTOON_AMR_TRANSACTION cycle=2872 requested_refine=0 requested_derefine_leaves=4 accepted_derefine_parents=0 created_leaves=0 deleted_leaves=0 mirror_mismatches=0
elapsed=1.516831e+02 cycle=2872 time=1.472280e+01 dt=1.834584e-03
CARTOON_AMR_TRANSACTION cycle=2873 requested_refine=0 requested_derefine_leaves=4 accepted_derefine_parents=0 created_leaves=0 deleted_leaves=0 mirror_mismatches=0
CARTOON_AMR_TRANSACTION cycle=2874 requested_refine=0 requested_derefine_leaves=4 accepted_derefine_parents=0 created_leaves=0 deleted_leaves=0 mirror_mismatches=0
CARTOON_AMR_TRANSACTION cycle=2875 requested_refine=0 requested_derefine_leaves=4 accepted_derefine_parents=0 created_leaves=0 deleted_leaves=0 mirror_mismatches=0
CARTOON_AMR_TRANSACTION cycle=2876 requested_refine=0 requested_derefine_leaves=4 accepted_derefine_parents=0 created_leaves=0 deleted_leaves=0 mirror_mismatches=0
elapsed=1.519131e+02 cycle=2876 time=1.473014e+01 dt=1.835042e-03
CARTOON_AMR_TRANSACTION cycle=2877 requested_refine=0 requested_derefine_leaves=4 accepted_derefine_parents=0 created_leaves=0 deleted_leaves=0 mirror_mismatches=0
CARTOON_AMR_TRANSACTION cycle=2878 requested_refine=0 requested_derefine_leaves=4 accepted_derefine_parents=0 created_leaves=0 deleted_leaves=0 mirror_mismatches=0
CARTOON_AMR_TRANSACTION cycle=2879 requested_refine=0 requested_derefine_leaves=4 accepted_derefine_parents=0 created_leaves=0 deleted_leaves=0 mirror_mismatches=0
CARTOON_AMR_TRANSACTION cycle=2880 requested_refine=0 requested_derefine_leaves=4 accepted_derefine_parents=0 created_leaves=0 deleted_leaves=0 mirror_mismatches=0
elapsed=1.521401e+02 cycle=2880 time=1.473748e+01 dt=1.835527e-03
CARTOON_AMR_TRANSACTION cycle=2881 requested_refine=0 requested_derefine_leaves=4 accepted_derefine_parents=0 created_leaves=0 deleted_leaves=0 mirror_mismatches=0
CARTOON_AMR_TRANSACTION cycle=2882 requested_refine=0 requested_derefine_leaves=4 accepted_derefine_parents=0 created_leaves=0 deleted_leaves=0 mirror_mismatches=0
CARTOON_AMR_TRANSACTION cycle=2883 requested_refine=0 requested_derefine_leaves=4 accepted_derefine_parents=0 created_leaves=0 deleted_leaves=0 mirror_mismatches=0
CARTOON_AMR_TRANSACTION cycle=2884 requested_refine=0 requested_derefine_leaves=4 accepted_derefine_parents=0 created_leaves=0 deleted_leaves=0 mirror_mismatches=0
elapsed=1.523325e+02 cycle=2884 time=1.474482e+01 dt=1.836039e-03
CARTOON_AMR_TRANSACTION cycle=2885 requested_refine=0 requested_derefine_leaves=4 accepted_derefine_parents=0 created_leaves=0 deleted_leaves=0 mirror_mismatches=0
CARTOON_AMR_TRANSACTION cycle=2886 requested_refine=0 requested_derefine_leaves=4 accepted_derefine_parents=0 created_leaves=0 deleted_leaves=0 mirror_mismatches=0
CARTOON_AMR_TRANSACTION cycle=2887 requested_refine=0 requested_derefine_leaves=4 accepted_derefine_parents=0 created_leaves=0 deleted_leaves=0 mirror_mismatches=0
CARTOON_AMR_TRANSACTION cycle=2888 requested_refine=0 requested_derefine_leaves=4 accepted_derefine_parents=0 created_leaves=0 deleted_leaves=0 mirror_mismatches=0
elapsed=1.525625e+02 cycle=2888 time=1.475217e+01 dt=1.836580e-03
CARTOON_AMR_TRANSACTION cycle=2889 requested_refine=0 requested_derefine_leaves=4 accepted_derefine_parents=0 created_leaves=0 deleted_leaves=0 mirror_mismatches=0
CARTOON_AMR_TRANSACTION cycle=2890 requested_refine=0 requested_derefine_leaves=4 accepted_derefine_parents=0 created_leaves=0 deleted_leaves=0 mirror_mismatches=0
CARTOON_AMR_TRANSACTION cycle=2891 requested_refine=0 requested_derefine_leaves=4 accepted_derefine_parents=0 created_leaves=0 deleted_leaves=0 mirror_mismatches=0
CARTOON_AMR_TRANSACTION cycle=2892 requested_refine=0 requested_derefine_leaves=4 accepted_derefine_parents=0 created_leaves=0 deleted_leaves=0 mirror_mismatches=0
elapsed=1.527931e+02 cycle=2892 time=1.475951e+01 dt=1.837150e-03
CARTOON_AMR_TRANSACTION cycle=2893 requested_refine=0 requested_derefine_leaves=4 accepted_derefine_parents=0 created_leaves=0 deleted_leaves=0 mirror_mismatches=0
CARTOON_AMR_TRANSACTION cycle=2894 requested_refine=0 requested_derefine_leaves=4 accepted_derefine_parents=0 created_leaves=0 deleted_leaves=0 mirror_mismatches=0
CARTOON_AMR_TRANSACTION cycle=2895 requested_refine=0 requested_derefine_leaves=4 accepted_derefine_parents=0 created_leaves=0 deleted_leaves=0 mirror_mismatches=0
CARTOON_AMR_TRANSACTION cycle=2896 requested_refine=0 requested_derefine_leaves=4 accepted_derefine_parents=0 created_leaves=0 deleted_leaves=0 mirror_mismatches=0
elapsed=1.530049e+02 cycle=2896 time=1.476686e+01 dt=1.837748e-03
CARTOON_AMR_TRANSACTION cycle=2897 requested_refine=0 requested_derefine_leaves=4 accepted_derefine_parents=0 created_leaves=0 deleted_leaves=0 mirror_mismatches=0
CARTOON_AMR_TRANSACTION cycle=2898 requested_refine=0 requested_derefine_leaves=4 accepted_derefine_parents=0 created_leaves=0 deleted_leaves=0 mirror_mismatches=0
CARTOON_AMR_TRANSACTION cycle=2899 requested_refine=0 requested_derefine_leaves=4 accepted_derefine_parents=0 created_leaves=0 deleted_leaves=0 mirror_mismatches=0
CARTOON_AMR_TRANSACTION cycle=2900 requested_refine=0 requested_derefine_leaves=4 accepted_derefine_parents=0 created_leaves=0 deleted_leaves=0 mirror_mismatches=0
elapsed=1.531813e+02 cycle=2900 time=1.477421e+01 dt=1.838376e-03
CARTOON_AMR_TRANSACTION cycle=2901 requested_refine=0 requested_derefine_leaves=4 accepted_derefine_parents=0 created_leaves=0 deleted_leaves=0 mirror_mismatches=0
CARTOON_AMR_TRANSACTION cycle=2902 requested_refine=0 requested_derefine_leaves=4 accepted_derefine_parents=0 created_leaves=0 deleted_leaves=0 mirror_mismatches=0
CARTOON_AMR_TRANSACTION cycle=2903 requested_refine=0 requested_derefine_leaves=4 accepted_derefine_parents=0 created_leaves=0 deleted_leaves=0 mirror_mismatches=0
CARTOON_AMR_TRANSACTION cycle=2904 requested_refine=0 requested_derefine_leaves=4 accepted_derefine_parents=0 created_leaves=0 deleted_leaves=0 mirror_mismatches=0
elapsed=1.533646e+02 cycle=2904 time=1.478157e+01 dt=1.839033e-03
CARTOON_AMR_TRANSACTION cycle=2905 requested_refine=0 requested_derefine_leaves=4 accepted_derefine_parents=0 created_leaves=0 deleted_leaves=0 mirror_mismatches=0
CARTOON_AMR_TRANSACTION cycle=2906 requested_refine=0 requested_derefine_leaves=4 accepted_derefine_parents=0 created_leaves=0 deleted_leaves=0 mirror_mismatches=0
CARTOON_AMR_TRANSACTION cycle=2907 requested_refine=0 requested_derefine_leaves=4 accepted_derefine_parents=0 created_leaves=0 deleted_leaves=0 mirror_mismatches=0
CARTOON_AMR_TRANSACTION cycle=2908 requested_refine=0 requested_derefine_leaves=4 accepted_derefine_parents=0 created_leaves=0 deleted_leaves=0 mirror_mismatches=0
elapsed=1.535561e+02 cycle=2908 time=1.478893e+01 dt=1.839721e-03
CARTOON_AMR_TRANSACTION cycle=2909 requested_refine=0 requested_derefine_leaves=4 accepted_derefine_parents=0 created_leaves=0 deleted_leaves=0 mirror_mismatches=0
CARTOON_AMR_TRANSACTION cycle=2910 requested_refine=0 requested_derefine_leaves=4 accepted_derefine_parents=0 created_leaves=0 deleted_leaves=0 mirror_mismatches=0
CARTOON_AMR_TRANSACTION cycle=2911 requested_refine=0 requested_derefine_leaves=4 accepted_derefine_parents=0 created_leaves=0 deleted_leaves=0 mirror_mismatches=0
CARTOON_AMR_TRANSACTION cycle=2912 requested_refine=0 requested_derefine_leaves=4 accepted_derefine_parents=0 created_leaves=0 deleted_leaves=0 mirror_mismatches=0
elapsed=1.537843e+02 cycle=2912 time=1.479629e+01 dt=1.840439e-03
CARTOON_AMR_TRANSACTION cycle=2913 requested_refine=0 requested_derefine_leaves=4 accepted_derefine_parents=0 created_leaves=0 deleted_leaves=0 mirror_mismatches=0
CARTOON_AMR_TRANSACTION cycle=2914 requested_refine=0 requested_derefine_leaves=4 accepted_derefine_parents=0 created_leaves=0 deleted_leaves=0 mirror_mismatches=0
CARTOON_AMR_TRANSACTION cycle=2915 requested_refine=0 requested_derefine_leaves=4 accepted_derefine_parents=0 created_leaves=0 deleted_leaves=0 mirror_mismatches=0
CARTOON_AMR_TRANSACTION cycle=2916 requested_refine=0 requested_derefine_leaves=4 accepted_derefine_parents=0 created_leaves=0 deleted_leaves=0 mirror_mismatches=0
elapsed=1.539652e+02 cycle=2916 time=1.480365e+01 dt=1.841188e-03
CARTOON_AMR_TRANSACTION cycle=2917 requested_refine=0 requested_derefine_leaves=4 accepted_derefine_parents=0 created_leaves=0 deleted_leaves=0 mirror_mismatches=0
CARTOON_AMR_TRANSACTION cycle=2918 requested_refine=0 requested_derefine_leaves=4 accepted_derefine_parents=0 created_leaves=0 deleted_leaves=0 mirror_mismatches=0
CARTOON_AMR_TRANSACTION cycle=2919 requested_refine=0 requested_derefine_leaves=4 accepted_derefine_parents=0 created_leaves=0 deleted_leaves=0 mirror_mismatches=0
CARTOON_AMR_TRANSACTION cycle=2920 requested_refine=0 requested_derefine_leaves=4 accepted_derefine_parents=0 created_leaves=0 deleted_leaves=0 mirror_mismatches=0
elapsed=1.541648e+02 cycle=2920 time=1.481102e+01 dt=1.841969e-03
CARTOON_AMR_TRANSACTION cycle=2921 requested_refine=0 requested_derefine_leaves=4 accepted_derefine_parents=0 created_leaves=0 deleted_leaves=0 mirror_mismatches=0
CARTOON_AMR_TRANSACTION cycle=2922 requested_refine=0 requested_derefine_leaves=4 accepted_derefine_parents=0 created_leaves=0 deleted_leaves=0 mirror_mismatches=0
CARTOON_AMR_TRANSACTION cycle=2923 requested_refine=0 requested_derefine_leaves=4 accepted_derefine_parents=0 created_leaves=0 deleted_leaves=0 mirror_mismatches=0
CARTOON_AMR_TRANSACTION cycle=2924 requested_refine=0 requested_derefine_leaves=4 accepted_derefine_parents=0 created_leaves=0 deleted_leaves=0 mirror_mismatches=0
elapsed=1.543485e+02 cycle=2924 time=1.481838e+01 dt=1.842782e-03
CARTOON_AMR_TRANSACTION cycle=2925 requested_refine=0 requested_derefine_leaves=4 accepted_derefine_parents=0 created_leaves=0 deleted_leaves=0 mirror_mismatches=0
CARTOON_AMR_TRANSACTION cycle=2926 requested_refine=0 requested_derefine_leaves=4 accepted_derefine_parents=0 created_leaves=0 deleted_leaves=0 mirror_mismatches=0
CARTOON_AMR_TRANSACTION cycle=2927 requested_refine=0 requested_derefine_leaves=4 accepted_derefine_parents=0 created_leaves=0 deleted_leaves=0 mirror_mismatches=0
CARTOON_AMR_TRANSACTION cycle=2928 requested_refine=0 requested_derefine_leaves=4 accepted_derefine_parents=0 created_leaves=0 deleted_leaves=0 mirror_mismatches=0
elapsed=1.545643e+02 cycle=2928 time=1.482576e+01 dt=1.843627e-03
CARTOON_AMR_TRANSACTION cycle=2929 requested_refine=0 requested_derefine_leaves=4 accepted_derefine_parents=0 created_leaves=0 deleted_leaves=0 mirror_mismatches=0
CARTOON_AMR_TRANSACTION cycle=2930 requested_refine=0 requested_derefine_leaves=4 accepted_derefine_parents=0 created_leaves=0 deleted_leaves=0 mirror_mismatches=0
CARTOON_AMR_TRANSACTION cycle=2931 requested_refine=0 requested_derefine_leaves=4 accepted_derefine_parents=0 created_leaves=0 deleted_leaves=0 mirror_mismatches=0
CARTOON_AMR_TRANSACTION cycle=2932 requested_refine=0 requested_derefine_leaves=4 accepted_derefine_parents=0 created_leaves=0 deleted_leaves=0 mirror_mismatches=0
elapsed=1.547595e+02 cycle=2932 time=1.483313e+01 dt=1.844506e-03
CARTOON_AMR_TRANSACTION cycle=2933 requested_refine=0 requested_derefine_leaves=4 accepted_derefine_parents=0 created_leaves=0 deleted_leaves=0 mirror_mismatches=0
CARTOON_AMR_TRANSACTION cycle=2934 requested_refine=0 requested_derefine_leaves=4 accepted_derefine_parents=0 created_leaves=0 deleted_leaves=0 mirror_mismatches=0
CARTOON_AMR_TRANSACTION cycle=2935 requested_refine=0 requested_derefine_leaves=4 accepted_derefine_parents=0 created_leaves=0 deleted_leaves=0 mirror_mismatches=0
CARTOON_AMR_TRANSACTION cycle=2936 requested_refine=0 requested_derefine_leaves=4 accepted_derefine_parents=0 created_leaves=0 deleted_leaves=0 mirror_mismatches=0
elapsed=1.549509e+02 cycle=2936 time=1.484051e+01 dt=1.845417e-03
CARTOON_AMR_TRANSACTION cycle=2937 requested_refine=0 requested_derefine_leaves=4 accepted_derefine_parents=0 created_leaves=0 deleted_leaves=0 mirror_mismatches=0
CARTOON_AMR_TRANSACTION cycle=2938 requested_refine=0 requested_derefine_leaves=4 accepted_derefine_parents=0 created_leaves=0 deleted_leaves=0 mirror_mismatches=0
CARTOON_AMR_TRANSACTION cycle=2939 requested_refine=0 requested_derefine_leaves=4 accepted_derefine_parents=0 created_leaves=0 deleted_leaves=0 mirror_mismatches=0
CARTOON_AMR_TRANSACTION cycle=2940 requested_refine=0 requested_derefine_leaves=4 accepted_derefine_parents=0 created_leaves=0 deleted_leaves=0 mirror_mismatches=0
elapsed=1.551289e+02 cycle=2940 time=1.484789e+01 dt=1.846363e-03
CARTOON_AMR_TRANSACTION cycle=2941 requested_refine=0 requested_derefine_leaves=4 accepted_derefine_parents=0 created_leaves=0 deleted_leaves=0 mirror_mismatches=0
CARTOON_AMR_TRANSACTION cycle=2942 requested_refine=0 requested_derefine_leaves=4 accepted_derefine_parents=0 created_leaves=0 deleted_leaves=0 mirror_mismatches=0
CARTOON_AMR_TRANSACTION cycle=2943 requested_refine=0 requested_derefine_leaves=4 accepted_derefine_parents=0 created_leaves=0 deleted_leaves=0 mirror_mismatches=0
CARTOON_AMR_TRANSACTION cycle=2944 requested_refine=0 requested_derefine_leaves=4 accepted_derefine_parents=0 created_leaves=0 deleted_leaves=0 mirror_mismatches=0
elapsed=1.553312e+02 cycle=2944 time=1.485528e+01 dt=1.847344e-03
CARTOON_AMR_TRANSACTION cycle=2945 requested_refine=0 requested_derefine_leaves=4 accepted_derefine_parents=0 created_leaves=0 deleted_leaves=0 mirror_mismatches=0
CARTOON_AMR_TRANSACTION cycle=2946 requested_refine=0 requested_derefine_leaves=4 accepted_derefine_parents=0 created_leaves=0 deleted_leaves=0 mirror_mismatches=0
CARTOON_AMR_TRANSACTION cycle=2947 requested_refine=0 requested_derefine_leaves=4 accepted_derefine_parents=0 created_leaves=0 deleted_leaves=0 mirror_mismatches=0
CARTOON_AMR_TRANSACTION cycle=2948 requested_refine=0 requested_derefine_leaves=4 accepted_derefine_parents=0 created_leaves=0 deleted_leaves=0 mirror_mismatches=0
elapsed=1.555333e+02 cycle=2948 time=1.486267e+01 dt=1.848359e-03
CARTOON_AMR_TRANSACTION cycle=2949 requested_refine=0 requested_derefine_leaves=4 accepted_derefine_parents=0 created_leaves=0 deleted_leaves=0 mirror_mismatches=0
CARTOON_AMR_TRANSACTION cycle=2950 requested_refine=0 requested_derefine_leaves=4 accepted_derefine_parents=0 created_leaves=0 deleted_leaves=0 mirror_mismatches=0
CARTOON_AMR_TRANSACTION cycle=2951 requested_refine=0 requested_derefine_leaves=4 accepted_derefine_parents=0 created_leaves=0 deleted_leaves=0 mirror_mismatches=0
CARTOON_AMR_TRANSACTION cycle=2952 requested_refine=0 requested_derefine_leaves=4 accepted_derefine_parents=0 created_leaves=0 deleted_leaves=0 mirror_mismatches=0
elapsed=1.557570e+02 cycle=2952 time=1.487007e+01 dt=1.849411e-03
CARTOON_AMR_TRANSACTION cycle=2953 requested_refine=0 requested_derefine_leaves=4 accepted_derefine_parents=0 created_leaves=0 deleted_leaves=0 mirror_mismatches=0
CARTOON_AMR_TRANSACTION cycle=2954 requested_refine=0 requested_derefine_leaves=4 accepted_derefine_parents=0 created_leaves=0 deleted_leaves=0 mirror_mismatches=0
CARTOON_AMR_TRANSACTION cycle=2955 requested_refine=0 requested_derefine_leaves=4 accepted_derefine_parents=0 created_leaves=0 deleted_leaves=0 mirror_mismatches=0
CARTOON_AMR_TRANSACTION cycle=2956 requested_refine=0 requested_derefine_leaves=4 accepted_derefine_parents=0 created_leaves=0 deleted_leaves=0 mirror_mismatches=0
elapsed=1.559557e+02 cycle=2956 time=1.487747e+01 dt=1.850498e-03
CARTOON_AMR_TRANSACTION cycle=2957 requested_refine=0 requested_derefine_leaves=4 accepted_derefine_parents=0 created_leaves=0 deleted_leaves=0 mirror_mismatches=0
CARTOON_AMR_TRANSACTION cycle=2958 requested_refine=0 requested_derefine_leaves=4 accepted_derefine_parents=0 created_leaves=0 deleted_leaves=0 mirror_mismatches=0
CARTOON_AMR_TRANSACTION cycle=2959 requested_refine=0 requested_derefine_leaves=4 accepted_derefine_parents=0 created_leaves=0 deleted_leaves=0 mirror_mismatches=0
CARTOON_AMR_TRANSACTION cycle=2960 requested_refine=0 requested_derefine_leaves=4 accepted_derefine_parents=0 created_leaves=0 deleted_leaves=0 mirror_mismatches=0
elapsed=1.561842e+02 cycle=2960 time=1.488487e+01 dt=1.851622e-03
CARTOON_AMR_TRANSACTION cycle=2961 requested_refine=0 requested_derefine_leaves=4 accepted_derefine_parents=0 created_leaves=0 deleted_leaves=0 mirror_mismatches=0
CARTOON_AMR_TRANSACTION cycle=2962 requested_refine=0 requested_derefine_leaves=4 accepted_derefine_parents=0 created_leaves=0 deleted_leaves=0 mirror_mismatches=0
CARTOON_AMR_TRANSACTION cycle=2963 requested_refine=0 requested_derefine_leaves=4 accepted_derefine_parents=0 created_leaves=0 deleted_leaves=0 mirror_mismatches=0
CARTOON_AMR_TRANSACTION cycle=2964 requested_refine=0 requested_derefine_leaves=4 accepted_derefine_parents=0 created_leaves=0 deleted_leaves=0 mirror_mismatches=0
elapsed=1.563931e+02 cycle=2964 time=1.489228e+01 dt=1.852784e-03
CARTOON_AMR_TRANSACTION cycle=2965 requested_refine=0 requested_derefine_leaves=4 accepted_derefine_parents=0 created_leaves=0 deleted_leaves=0 mirror_mismatches=0
CARTOON_AMR_TRANSACTION cycle=2966 requested_refine=0 requested_derefine_leaves=4 accepted_derefine_parents=0 created_leaves=0 deleted_leaves=0 mirror_mismatches=0
CARTOON_AMR_TRANSACTION cycle=2967 requested_refine=0 requested_derefine_leaves=4 accepted_derefine_parents=0 created_leaves=0 deleted_leaves=0 mirror_mismatches=0
CARTOON_AMR_TRANSACTION cycle=2968 requested_refine=0 requested_derefine_leaves=4 accepted_derefine_parents=0 created_leaves=0 deleted_leaves=0 mirror_mismatches=0
elapsed=1.565935e+02 cycle=2968 time=1.489969e+01 dt=1.853982e-03
CARTOON_AMR_TRANSACTION cycle=2969 requested_refine=0 requested_derefine_leaves=4 accepted_derefine_parents=0 created_leaves=0 deleted_leaves=0 mirror_mismatches=0
CARTOON_AMR_TRANSACTION cycle=2970 requested_refine=0 requested_derefine_leaves=4 accepted_derefine_parents=0 created_leaves=0 deleted_leaves=0 mirror_mismatches=0
CARTOON_AMR_TRANSACTION cycle=2971 requested_refine=0 requested_derefine_leaves=4 accepted_derefine_parents=0 created_leaves=0 deleted_leaves=0 mirror_mismatches=0
CARTOON_AMR_TRANSACTION cycle=2972 requested_refine=0 requested_derefine_leaves=4 accepted_derefine_parents=0 created_leaves=0 deleted_leaves=0 mirror_mismatches=0
elapsed=1.568044e+02 cycle=2972 time=1.490711e+01 dt=1.855216e-03
CARTOON_AMR_TRANSACTION cycle=2973 requested_refine=0 requested_derefine_leaves=4 accepted_derefine_parents=0 created_leaves=0 deleted_leaves=0 mirror_mismatches=0
CARTOON_AMR_TRANSACTION cycle=2974 requested_refine=0 requested_derefine_leaves=4 accepted_derefine_parents=0 created_leaves=0 deleted_leaves=0 mirror_mismatches=0
CARTOON_AMR_TRANSACTION cycle=2975 requested_refine=0 requested_derefine_leaves=4 accepted_derefine_parents=0 created_leaves=0 deleted_leaves=0 mirror_mismatches=0
CARTOON_AMR_TRANSACTION cycle=2976 requested_refine=0 requested_derefine_leaves=4 accepted_derefine_parents=0 created_leaves=0 deleted_leaves=0 mirror_mismatches=0
elapsed=1.569869e+02 cycle=2976 time=1.491453e+01 dt=1.856490e-03
CARTOON_AMR_TRANSACTION cycle=2977 requested_refine=0 requested_derefine_leaves=4 accepted_derefine_parents=0 created_leaves=0 deleted_leaves=0 mirror_mismatches=0
CARTOON_AMR_TRANSACTION cycle=2978 requested_refine=0 requested_derefine_leaves=4 accepted_derefine_parents=0 created_leaves=0 deleted_leaves=0 mirror_mismatches=0
CARTOON_AMR_TRANSACTION cycle=2979 requested_refine=0 requested_derefine_leaves=4 accepted_derefine_parents=0 created_leaves=0 deleted_leaves=0 mirror_mismatches=0
CARTOON_AMR_TRANSACTION cycle=2980 requested_refine=0 requested_derefine_leaves=4 accepted_derefine_parents=0 created_leaves=0 deleted_leaves=0 mirror_mismatches=0
elapsed=1.571577e+02 cycle=2980 time=1.492196e+01 dt=1.857803e-03
CARTOON_AMR_TRANSACTION cycle=2981 requested_refine=0 requested_derefine_leaves=4 accepted_derefine_parents=0 created_leaves=0 deleted_leaves=0 mirror_mismatches=0
CARTOON_AMR_TRANSACTION cycle=2982 requested_refine=0 requested_derefine_leaves=4 accepted_derefine_parents=0 created_leaves=0 deleted_leaves=0 mirror_mismatches=0
CARTOON_AMR_TRANSACTION cycle=2983 requested_refine=0 requested_derefine_leaves=4 accepted_derefine_parents=0 created_leaves=0 deleted_leaves=0 mirror_mismatches=0
CARTOON_AMR_TRANSACTION cycle=2984 requested_refine=0 requested_derefine_leaves=4 accepted_derefine_parents=0 created_leaves=0 deleted_leaves=0 mirror_mismatches=0
elapsed=1.573454e+02 cycle=2984 time=1.492939e+01 dt=1.859157e-03
CARTOON_AMR_TRANSACTION cycle=2985 requested_refine=0 requested_derefine_leaves=4 accepted_derefine_parents=0 created_leaves=0 deleted_leaves=0 mirror_mismatches=0
CARTOON_AMR_TRANSACTION cycle=2986 requested_refine=0 requested_derefine_leaves=4 accepted_derefine_parents=0 created_leaves=0 deleted_leaves=0 mirror_mismatches=0
CARTOON_AMR_TRANSACTION cycle=2987 requested_refine=0 requested_derefine_leaves=4 accepted_derefine_parents=0 created_leaves=0 deleted_leaves=0 mirror_mismatches=0
CARTOON_AMR_TRANSACTION cycle=2988 requested_refine=0 requested_derefine_leaves=4 accepted_derefine_parents=0 created_leaves=0 deleted_leaves=0 mirror_mismatches=0
elapsed=1.575424e+02 cycle=2988 time=1.493683e+01 dt=1.860552e-03
CARTOON_AMR_TRANSACTION cycle=2989 requested_refine=0 requested_derefine_leaves=4 accepted_derefine_parents=0 created_leaves=0 deleted_leaves=0 mirror_mismatches=0
CARTOON_AMR_TRANSACTION cycle=2990 requested_refine=0 requested_derefine_leaves=4 accepted_derefine_parents=0 created_leaves=0 deleted_leaves=0 mirror_mismatches=0
CARTOON_AMR_TRANSACTION cycle=2991 requested_refine=0 requested_derefine_leaves=4 accepted_derefine_parents=0 created_leaves=0 deleted_leaves=0 mirror_mismatches=0
CARTOON_AMR_TRANSACTION cycle=2992 requested_refine=0 requested_derefine_leaves=4 accepted_derefine_parents=0 created_leaves=0 deleted_leaves=0 mirror_mismatches=0
elapsed=1.577267e+02 cycle=2992 time=1.494428e+01 dt=1.861989e-03
CARTOON_AMR_TRANSACTION cycle=2993 requested_refine=0 requested_derefine_leaves=4 accepted_derefine_parents=0 created_leaves=0 deleted_leaves=0 mirror_mismatches=0
CARTOON_AMR_TRANSACTION cycle=2994 requested_refine=0 requested_derefine_leaves=4 accepted_derefine_parents=0 created_leaves=0 deleted_leaves=0 mirror_mismatches=0
CARTOON_AMR_TRANSACTION cycle=2995 requested_refine=0 requested_derefine_leaves=4 accepted_derefine_parents=0 created_leaves=0 deleted_leaves=0 mirror_mismatches=0
CARTOON_AMR_TRANSACTION cycle=2996 requested_refine=0 requested_derefine_leaves=4 accepted_derefine_parents=0 created_leaves=0 deleted_leaves=0 mirror_mismatches=0
elapsed=1.578970e+02 cycle=2996 time=1.495173e+01 dt=1.863468e-03
CARTOON_AMR_TRANSACTION cycle=2997 requested_refine=0 requested_derefine_leaves=4 accepted_derefine_parents=0 created_leaves=0 deleted_leaves=0 mirror_mismatches=0
CARTOON_AMR_TRANSACTION cycle=2998 requested_refine=0 requested_derefine_leaves=4 accepted_derefine_parents=0 created_leaves=0 deleted_leaves=0 mirror_mismatches=0
CARTOON_AMR_TRANSACTION cycle=2999 requested_refine=0 requested_derefine_leaves=4 accepted_derefine_parents=0 created_leaves=0 deleted_leaves=0 mirror_mismatches=0
CARTOON_AMR_TRANSACTION cycle=3000 requested_refine=0 requested_derefine_leaves=4 accepted_derefine_parents=0 created_leaves=0 deleted_leaves=0 mirror_mismatches=0
elapsed=1.581075e+02 cycle=3000 time=1.495918e+01 dt=1.864990e-03
CARTOON_AMR_TRANSACTION cycle=3001 requested_refine=0 requested_derefine_leaves=4 accepted_derefine_parents=0 created_leaves=0 deleted_leaves=0 mirror_mismatches=0
CARTOON_AMR_TRANSACTION cycle=3002 requested_refine=0 requested_derefine_leaves=4 accepted_derefine_parents=0 created_leaves=0 deleted_leaves=0 mirror_mismatches=0
CARTOON_AMR_TRANSACTION cycle=3003 requested_refine=0 requested_derefine_leaves=4 accepted_derefine_parents=0 created_leaves=0 deleted_leaves=0 mirror_mismatches=0
CARTOON_AMR_TRANSACTION cycle=3004 requested_refine=0 requested_derefine_leaves=4 accepted_derefine_parents=0 created_leaves=0 deleted_leaves=0 mirror_mismatches=0
elapsed=1.583535e+02 cycle=3004 time=1.496665e+01 dt=1.866556e-03
CARTOON_AMR_TRANSACTION cycle=3005 requested_refine=0 requested_derefine_leaves=4 accepted_derefine_parents=0 created_leaves=0 deleted_leaves=0 mirror_mismatches=0
CARTOON_AMR_TRANSACTION cycle=3006 requested_refine=0 requested_derefine_leaves=4 accepted_derefine_parents=0 created_leaves=0 deleted_leaves=0 mirror_mismatches=0
CARTOON_AMR_TRANSACTION cycle=3007 requested_refine=0 requested_derefine_leaves=4 accepted_derefine_parents=0 created_leaves=0 deleted_leaves=0 mirror_mismatches=0
CARTOON_AMR_TRANSACTION cycle=3008 requested_refine=0 requested_derefine_leaves=4 accepted_derefine_parents=0 created_leaves=0 deleted_leaves=0 mirror_mismatches=0
elapsed=1.585335e+02 cycle=3008 time=1.497411e+01 dt=1.868167e-03
CARTOON_AMR_TRANSACTION cycle=3009 requested_refine=0 requested_derefine_leaves=4 accepted_derefine_parents=0 created_leaves=0 deleted_leaves=0 mirror_mismatches=0
CARTOON_AMR_TRANSACTION cycle=3010 requested_refine=0 requested_derefine_leaves=4 accepted_derefine_parents=0 created_leaves=0 deleted_leaves=0 mirror_mismatches=0
CARTOON_AMR_TRANSACTION cycle=3011 requested_refine=0 requested_derefine_leaves=4 accepted_derefine_parents=0 created_leaves=0 deleted_leaves=0 mirror_mismatches=0
CARTOON_AMR_TRANSACTION cycle=3012 requested_refine=0 requested_derefine_leaves=4 accepted_derefine_parents=0 created_leaves=0 deleted_leaves=0 mirror_mismatches=0
elapsed=1.587496e+02 cycle=3012 time=1.498159e+01 dt=1.869823e-03
CARTOON_AMR_TRANSACTION cycle=3013 requested_refine=0 requested_derefine_leaves=4 accepted_derefine_parents=0 created_leaves=0 deleted_leaves=0 mirror_mismatches=0
CARTOON_AMR_TRANSACTION cycle=3014 requested_refine=0 requested_derefine_leaves=4 accepted_derefine_parents=0 created_leaves=0 deleted_leaves=0 mirror_mismatches=0
CARTOON_AMR_TRANSACTION cycle=3015 requested_refine=0 requested_derefine_leaves=4 accepted_derefine_parents=0 created_leaves=0 deleted_leaves=0 mirror_mismatches=0
CARTOON_AMR_TRANSACTION cycle=3016 requested_refine=0 requested_derefine_leaves=4 accepted_derefine_parents=0 created_leaves=0 deleted_leaves=0 mirror_mismatches=0
elapsed=1.589794e+02 cycle=3016 time=1.498907e+01 dt=1.871525e-03
CARTOON_AMR_TRANSACTION cycle=3017 requested_refine=0 requested_derefine_leaves=4 accepted_derefine_parents=0 created_leaves=0 deleted_leaves=0 mirror_mismatches=0
CARTOON_AMR_TRANSACTION cycle=3018 requested_refine=0 requested_derefine_leaves=4 accepted_derefine_parents=0 created_leaves=0 deleted_leaves=0 mirror_mismatches=0
CARTOON_AMR_TRANSACTION cycle=3019 requested_refine=0 requested_derefine_leaves=4 accepted_derefine_parents=0 created_leaves=0 deleted_leaves=0 mirror_mismatches=0
CARTOON_AMR_TRANSACTION cycle=3020 requested_refine=0 requested_derefine_leaves=4 accepted_derefine_parents=0 created_leaves=0 deleted_leaves=0 mirror_mismatches=0
elapsed=1.591872e+02 cycle=3020 time=1.499656e+01 dt=1.873274e-03
CARTOON_AMR_TRANSACTION cycle=3021 requested_refine=0 requested_derefine_leaves=4 accepted_derefine_parents=0 created_leaves=0 deleted_leaves=0 mirror_mismatches=0
CARTOON_AMR_TRANSACTION cycle=3022 requested_refine=0 requested_derefine_leaves=4 accepted_derefine_parents=0 created_leaves=0 deleted_leaves=0 mirror_mismatches=0
CARTOON_AMR_TRANSACTION cycle=3023 requested_refine=0 requested_derefine_leaves=4 accepted_derefine_parents=0 created_leaves=0 deleted_leaves=0 mirror_mismatches=0
CARTOON_AMR_TRANSACTION cycle=3024 requested_refine=0 requested_derefine_leaves=4 accepted_derefine_parents=0 created_leaves=0 deleted_leaves=0 mirror_mismatches=0
elapsed=1.593999e+02 cycle=3024 time=1.500406e+01 dt=1.875072e-03
CARTOON_AMR_TRANSACTION cycle=3025 requested_refine=0 requested_derefine_leaves=4 accepted_derefine_parents=0 created_leaves=0 deleted_leaves=0 mirror_mismatches=0
CARTOON_AMR_TRANSACTION cycle=3026 requested_refine=0 requested_derefine_leaves=4 accepted_derefine_parents=0 created_leaves=0 deleted_leaves=0 mirror_mismatches=0
CARTOON_AMR_TRANSACTION cycle=3027 requested_refine=0 requested_derefine_leaves=4 accepted_derefine_parents=0 created_leaves=0 deleted_leaves=0 mirror_mismatches=0
CARTOON_AMR_TRANSACTION cycle=3028 requested_refine=0 requested_derefine_leaves=4 accepted_derefine_parents=0 created_leaves=0 deleted_leaves=0 mirror_mismatches=0
elapsed=1.595789e+02 cycle=3028 time=1.501156e+01 dt=1.876917e-03
CARTOON_AMR_TRANSACTION cycle=3029 requested_refine=0 requested_derefine_leaves=4 accepted_derefine_parents=0 created_leaves=0 deleted_leaves=0 mirror_mismatches=0
CARTOON_AMR_TRANSACTION cycle=3030 requested_refine=0 requested_derefine_leaves=4 accepted_derefine_parents=0 created_leaves=0 deleted_leaves=0 mirror_mismatches=0
CARTOON_AMR_TRANSACTION cycle=3031 requested_refine=0 requested_derefine_leaves=4 accepted_derefine_parents=0 created_leaves=0 deleted_leaves=0 mirror_mismatches=0
CARTOON_AMR_TRANSACTION cycle=3032 requested_refine=0 requested_derefine_leaves=4 accepted_derefine_parents=0 created_leaves=0 deleted_leaves=0 mirror_mismatches=0
elapsed=1.597550e+02 cycle=3032 time=1.501907e+01 dt=1.878813e-03
CARTOON_AMR_TRANSACTION cycle=3033 requested_refine=0 requested_derefine_leaves=4 accepted_derefine_parents=0 created_leaves=0 deleted_leaves=0 mirror_mismatches=0
CARTOON_AMR_TRANSACTION cycle=3034 requested_refine=0 requested_derefine_leaves=4 accepted_derefine_parents=0 created_leaves=0 deleted_leaves=0 mirror_mismatches=0
CARTOON_AMR_TRANSACTION cycle=3035 requested_refine=0 requested_derefine_leaves=4 accepted_derefine_parents=0 created_leaves=0 deleted_leaves=0 mirror_mismatches=0
CARTOON_AMR_TRANSACTION cycle=3036 requested_refine=0 requested_derefine_leaves=4 accepted_derefine_parents=0 created_leaves=0 deleted_leaves=0 mirror_mismatches=0
elapsed=1.599406e+02 cycle=3036 time=1.502659e+01 dt=1.880758e-03
CARTOON_AMR_TRANSACTION cycle=3037 requested_refine=0 requested_derefine_leaves=4 accepted_derefine_parents=0 created_leaves=0 deleted_leaves=0 mirror_mismatches=0
CARTOON_AMR_TRANSACTION cycle=3038 requested_refine=0 requested_derefine_leaves=4 accepted_derefine_parents=0 created_leaves=0 deleted_leaves=0 mirror_mismatches=0
CARTOON_AMR_TRANSACTION cycle=3039 requested_refine=0 requested_derefine_leaves=4 accepted_derefine_parents=0 created_leaves=0 deleted_leaves=0 mirror_mismatches=0
CARTOON_AMR_TRANSACTION cycle=3040 requested_refine=0 requested_derefine_leaves=4 accepted_derefine_parents=0 created_leaves=0 deleted_leaves=0 mirror_mismatches=0
elapsed=1.601378e+02 cycle=3040 time=1.503411e+01 dt=1.882755e-03
CARTOON_AMR_TRANSACTION cycle=3041 requested_refine=0 requested_derefine_leaves=4 accepted_derefine_parents=0 created_leaves=0 deleted_leaves=0 mirror_mismatches=0
CARTOON_AMR_TRANSACTION cycle=3042 requested_refine=0 requested_derefine_leaves=4 accepted_derefine_parents=0 created_leaves=0 deleted_leaves=0 mirror_mismatches=0
CARTOON_AMR_TRANSACTION cycle=3043 requested_refine=0 requested_derefine_leaves=4 accepted_derefine_parents=0 created_leaves=0 deleted_leaves=0 mirror_mismatches=0
CARTOON_AMR_TRANSACTION cycle=3044 requested_refine=0 requested_derefine_leaves=4 accepted_derefine_parents=0 created_leaves=0 deleted_leaves=0 mirror_mismatches=0
elapsed=1.603252e+02 cycle=3044 time=1.504165e+01 dt=1.884804e-03
CARTOON_AMR_TRANSACTION cycle=3045 requested_refine=0 requested_derefine_leaves=4 accepted_derefine_parents=0 created_leaves=0 deleted_leaves=0 mirror_mismatches=0
CARTOON_AMR_TRANSACTION cycle=3046 requested_refine=0 requested_derefine_leaves=4 accepted_derefine_parents=0 created_leaves=0 deleted_leaves=0 mirror_mismatches=0
CARTOON_AMR_TRANSACTION cycle=3047 requested_refine=0 requested_derefine_leaves=4 accepted_derefine_parents=0 created_leaves=0 deleted_leaves=0 mirror_mismatches=0
CARTOON_AMR_TRANSACTION cycle=3048 requested_refine=0 requested_derefine_leaves=4 accepted_derefine_parents=0 created_leaves=0 deleted_leaves=0 mirror_mismatches=0
elapsed=1.605112e+02 cycle=3048 time=1.504919e+01 dt=1.886904e-03
CARTOON_AMR_TRANSACTION cycle=3049 requested_refine=0 requested_derefine_leaves=4 accepted_derefine_parents=0 created_leaves=0 deleted_leaves=0 mirror_mismatches=0
CARTOON_AMR_TRANSACTION cycle=3050 requested_refine=0 requested_derefine_leaves=4 accepted_derefine_parents=0 created_leaves=0 deleted_leaves=0 mirror_mismatches=0
CARTOON_AMR_TRANSACTION cycle=3051 requested_refine=0 requested_derefine_leaves=4 accepted_derefine_parents=0 created_leaves=0 deleted_leaves=0 mirror_mismatches=0
CARTOON_AMR_TRANSACTION cycle=3052 requested_refine=0 requested_derefine_leaves=4 accepted_derefine_parents=0 created_leaves=0 deleted_leaves=0 mirror_mismatches=0
elapsed=1.606835e+02 cycle=3052 time=1.505674e+01 dt=1.889051e-03
CARTOON_AMR_TRANSACTION cycle=3053 requested_refine=0 requested_derefine_leaves=4 accepted_derefine_parents=0 created_leaves=0 deleted_leaves=0 mirror_mismatches=0
CARTOON_AMR_TRANSACTION cycle=3054 requested_refine=0 requested_derefine_leaves=4 accepted_derefine_parents=0 created_leaves=0 deleted_leaves=0 mirror_mismatches=0
CARTOON_AMR_TRANSACTION cycle=3055 requested_refine=0 requested_derefine_leaves=4 accepted_derefine_parents=0 created_leaves=0 deleted_leaves=0 mirror_mismatches=0
CARTOON_AMR_TRANSACTION cycle=3056 requested_refine=0 requested_derefine_leaves=4 accepted_derefine_parents=0 created_leaves=0 deleted_leaves=0 mirror_mismatches=0
elapsed=1.608649e+02 cycle=3056 time=1.506430e+01 dt=1.891254e-03
CARTOON_AMR_TRANSACTION cycle=3057 requested_refine=0 requested_derefine_leaves=4 accepted_derefine_parents=0 created_leaves=0 deleted_leaves=0 mirror_mismatches=0
CARTOON_AMR_TRANSACTION cycle=3058 requested_refine=0 requested_derefine_leaves=4 accepted_derefine_parents=0 created_leaves=0 deleted_leaves=0 mirror_mismatches=0
CARTOON_AMR_TRANSACTION cycle=3059 requested_refine=0 requested_derefine_leaves=4 accepted_derefine_parents=0 created_leaves=0 deleted_leaves=0 mirror_mismatches=0
CARTOON_AMR_TRANSACTION cycle=3060 requested_refine=0 requested_derefine_leaves=4 accepted_derefine_parents=0 created_leaves=0 deleted_leaves=0 mirror_mismatches=0
elapsed=1.610723e+02 cycle=3060 time=1.507187e+01 dt=1.893512e-03
CARTOON_AMR_TRANSACTION cycle=3061 requested_refine=0 requested_derefine_leaves=4 accepted_derefine_parents=0 created_leaves=0 deleted_leaves=0 mirror_mismatches=0
CARTOON_AMR_TRANSACTION cycle=3062 requested_refine=0 requested_derefine_leaves=4 accepted_derefine_parents=0 created_leaves=0 deleted_leaves=0 mirror_mismatches=0
CARTOON_AMR_TRANSACTION cycle=3063 requested_refine=0 requested_derefine_leaves=4 accepted_derefine_parents=0 created_leaves=0 deleted_leaves=0 mirror_mismatches=0
CARTOON_AMR_TRANSACTION cycle=3064 requested_refine=0 requested_derefine_leaves=4 accepted_derefine_parents=0 created_leaves=0 deleted_leaves=0 mirror_mismatches=0
elapsed=1.613035e+02 cycle=3064 time=1.507945e+01 dt=1.895828e-03
CARTOON_AMR_TRANSACTION cycle=3065 requested_refine=0 requested_derefine_leaves=4 accepted_derefine_parents=0 created_leaves=0 deleted_leaves=0 mirror_mismatches=0
CARTOON_AMR_TRANSACTION cycle=3066 requested_refine=0 requested_derefine_leaves=4 accepted_derefine_parents=0 created_leaves=0 deleted_leaves=0 mirror_mismatches=0
CARTOON_AMR_TRANSACTION cycle=3067 requested_refine=0 requested_derefine_leaves=4 accepted_derefine_parents=0 created_leaves=0 deleted_leaves=0 mirror_mismatches=0
CARTOON_AMR_TRANSACTION cycle=3068 requested_refine=0 requested_derefine_leaves=4 accepted_derefine_parents=0 created_leaves=0 deleted_leaves=0 mirror_mismatches=0
elapsed=1.614981e+02 cycle=3068 time=1.508703e+01 dt=1.898201e-03
CARTOON_AMR_TRANSACTION cycle=3069 requested_refine=0 requested_derefine_leaves=4 accepted_derefine_parents=0 created_leaves=0 deleted_leaves=0 mirror_mismatches=0
CARTOON_AMR_TRANSACTION cycle=3070 requested_refine=0 requested_derefine_leaves=4 accepted_derefine_parents=0 created_leaves=0 deleted_leaves=0 mirror_mismatches=0
CARTOON_AMR_TRANSACTION cycle=3071 requested_refine=0 requested_derefine_leaves=4 accepted_derefine_parents=0 created_leaves=0 deleted_leaves=0 mirror_mismatches=0
CARTOON_AMR_TRANSACTION cycle=3072 requested_refine=0 requested_derefine_leaves=4 accepted_derefine_parents=0 created_leaves=0 deleted_leaves=0 mirror_mismatches=0
elapsed=1.621643e+02 cycle=3072 time=1.509463e+01 dt=1.900634e-03
CARTOON_AMR_TRANSACTION cycle=3073 requested_refine=0 requested_derefine_leaves=4 accepted_derefine_parents=0 created_leaves=0 deleted_leaves=0 mirror_mismatches=0
CARTOON_AMR_TRANSACTION cycle=3074 requested_refine=0 requested_derefine_leaves=4 accepted_derefine_parents=0 created_leaves=0 deleted_leaves=0 mirror_mismatches=0
CARTOON_AMR_TRANSACTION cycle=3075 requested_refine=0 requested_derefine_leaves=4 accepted_derefine_parents=0 created_leaves=0 deleted_leaves=0 mirror_mismatches=0
CARTOON_AMR_TRANSACTION cycle=3076 requested_refine=0 requested_derefine_leaves=4 accepted_derefine_parents=0 created_leaves=0 deleted_leaves=0 mirror_mismatches=0
elapsed=1.623873e+02 cycle=3076 time=1.510224e+01 dt=1.903126e-03
CARTOON_AMR_TRANSACTION cycle=3077 requested_refine=0 requested_derefine_leaves=4 accepted_derefine_parents=0 created_leaves=0 deleted_leaves=0 mirror_mismatches=0
CARTOON_AMR_TRANSACTION cycle=3078 requested_refine=0 requested_derefine_leaves=4 accepted_derefine_parents=0 created_leaves=0 deleted_leaves=0 mirror_mismatches=0
CARTOON_AMR_TRANSACTION cycle=3079 requested_refine=0 requested_derefine_leaves=4 accepted_derefine_parents=0 created_leaves=0 deleted_leaves=0 mirror_mismatches=0
CARTOON_AMR_TRANSACTION cycle=3080 requested_refine=0 requested_derefine_leaves=4 accepted_derefine_parents=0 created_leaves=0 deleted_leaves=0 mirror_mismatches=0
elapsed=1.626244e+02 cycle=3080 time=1.510985e+01 dt=1.905680e-03
CARTOON_AMR_TRANSACTION cycle=3081 requested_refine=0 requested_derefine_leaves=4 accepted_derefine_parents=0 created_leaves=0 deleted_leaves=0 mirror_mismatches=0
CARTOON_AMR_TRANSACTION cycle=3082 requested_refine=0 requested_derefine_leaves=4 accepted_derefine_parents=0 created_leaves=0 deleted_leaves=0 mirror_mismatches=0
CARTOON_AMR_TRANSACTION cycle=3083 requested_refine=0 requested_derefine_leaves=4 accepted_derefine_parents=0 created_leaves=0 deleted_leaves=0 mirror_mismatches=0
CARTOON_AMR_TRANSACTION cycle=3084 requested_refine=0 requested_derefine_leaves=4 accepted_derefine_parents=0 created_leaves=0 deleted_leaves=0 mirror_mismatches=0
elapsed=1.628417e+02 cycle=3084 time=1.511748e+01 dt=1.908297e-03
CARTOON_AMR_TRANSACTION cycle=3085 requested_refine=0 requested_derefine_leaves=4 accepted_derefine_parents=0 created_leaves=0 deleted_leaves=0 mirror_mismatches=0
CARTOON_AMR_TRANSACTION cycle=3086 requested_refine=0 requested_derefine_leaves=4 accepted_derefine_parents=0 created_leaves=0 deleted_leaves=0 mirror_mismatches=0
CARTOON_AMR_TRANSACTION cycle=3087 requested_refine=0 requested_derefine_leaves=4 accepted_derefine_parents=0 created_leaves=0 deleted_leaves=0 mirror_mismatches=0
CARTOON_AMR_TRANSACTION cycle=3088 requested_refine=0 requested_derefine_leaves=4 accepted_derefine_parents=0 created_leaves=0 deleted_leaves=0 mirror_mismatches=0
elapsed=1.630654e+02 cycle=3088 time=1.512512e+01 dt=1.910965e-03
CARTOON_AMR_TRANSACTION cycle=3089 requested_refine=0 requested_derefine_leaves=4 accepted_derefine_parents=0 created_leaves=0 deleted_leaves=0 mirror_mismatches=0
CARTOON_AMR_TRANSACTION cycle=3090 requested_refine=0 requested_derefine_leaves=4 accepted_derefine_parents=0 created_leaves=0 deleted_leaves=0 mirror_mismatches=0
CARTOON_AMR_TRANSACTION cycle=3091 requested_refine=0 requested_derefine_leaves=4 accepted_derefine_parents=0 created_leaves=0 deleted_leaves=0 mirror_mismatches=0
CARTOON_AMR_TRANSACTION cycle=3092 requested_refine=0 requested_derefine_leaves=4 accepted_derefine_parents=0 created_leaves=0 deleted_leaves=0 mirror_mismatches=0
elapsed=1.632777e+02 cycle=3092 time=1.513276e+01 dt=1.913697e-03
CARTOON_AMR_TRANSACTION cycle=3093 requested_refine=0 requested_derefine_leaves=4 accepted_derefine_parents=0 created_leaves=0 deleted_leaves=0 mirror_mismatches=0
CARTOON_AMR_TRANSACTION cycle=3094 requested_refine=0 requested_derefine_leaves=4 accepted_derefine_parents=0 created_leaves=0 deleted_leaves=0 mirror_mismatches=0
CARTOON_AMR_TRANSACTION cycle=3095 requested_refine=0 requested_derefine_leaves=4 accepted_derefine_parents=0 created_leaves=0 deleted_leaves=0 mirror_mismatches=0
CARTOON_AMR_TRANSACTION cycle=3096 requested_refine=0 requested_derefine_leaves=4 accepted_derefine_parents=0 created_leaves=0 deleted_leaves=0 mirror_mismatches=0
elapsed=1.634702e+02 cycle=3096 time=1.514042e+01 dt=1.916495e-03
CARTOON_AMR_TRANSACTION cycle=3097 requested_refine=0 requested_derefine_leaves=4 accepted_derefine_parents=0 created_leaves=0 deleted_leaves=0 mirror_mismatches=0
CARTOON_AMR_TRANSACTION cycle=3098 requested_refine=0 requested_derefine_leaves=4 accepted_derefine_parents=0 created_leaves=0 deleted_leaves=0 mirror_mismatches=0
CARTOON_AMR_TRANSACTION cycle=3099 requested_refine=0 requested_derefine_leaves=4 accepted_derefine_parents=0 created_leaves=0 deleted_leaves=0 mirror_mismatches=0
CARTOON_AMR_TRANSACTION cycle=3100 requested_refine=0 requested_derefine_leaves=4 accepted_derefine_parents=0 created_leaves=0 deleted_leaves=0 mirror_mismatches=0
elapsed=1.637194e+02 cycle=3100 time=1.514809e+01 dt=1.919361e-03
CARTOON_AMR_TRANSACTION cycle=3101 requested_refine=0 requested_derefine_leaves=4 accepted_derefine_parents=0 created_leaves=0 deleted_leaves=0 mirror_mismatches=0
CARTOON_AMR_TRANSACTION cycle=3102 requested_refine=0 requested_derefine_leaves=4 accepted_derefine_parents=0 created_leaves=0 deleted_leaves=0 mirror_mismatches=0
CARTOON_AMR_TRANSACTION cycle=3103 requested_refine=0 requested_derefine_leaves=4 accepted_derefine_parents=0 created_leaves=0 deleted_leaves=0 mirror_mismatches=0
CARTOON_AMR_TRANSACTION cycle=3104 requested_refine=0 requested_derefine_leaves=4 accepted_derefine_parents=0 created_leaves=0 deleted_leaves=0 mirror_mismatches=0
elapsed=1.639510e+02 cycle=3104 time=1.515577e+01 dt=1.922295e-03
CARTOON_AMR_TRANSACTION cycle=3105 requested_refine=0 requested_derefine_leaves=4 accepted_derefine_parents=0 created_leaves=0 deleted_leaves=0 mirror_mismatches=0
CARTOON_AMR_TRANSACTION cycle=3106 requested_refine=0 requested_derefine_leaves=4 accepted_derefine_parents=0 created_leaves=0 deleted_leaves=0 mirror_mismatches=0
CARTOON_AMR_TRANSACTION cycle=3107 requested_refine=0 requested_derefine_leaves=4 accepted_derefine_parents=0 created_leaves=0 deleted_leaves=0 mirror_mismatches=0
CARTOON_AMR_TRANSACTION cycle=3108 requested_refine=0 requested_derefine_leaves=4 accepted_derefine_parents=0 created_leaves=0 deleted_leaves=0 mirror_mismatches=0
elapsed=1.641344e+02 cycle=3108 time=1.516347e+01 dt=1.925299e-03
CARTOON_AMR_TRANSACTION cycle=3109 requested_refine=0 requested_derefine_leaves=4 accepted_derefine_parents=0 created_leaves=0 deleted_leaves=0 mirror_mismatches=0
CARTOON_AMR_TRANSACTION cycle=3110 requested_refine=0 requested_derefine_leaves=4 accepted_derefine_parents=0 created_leaves=0 deleted_leaves=0 mirror_mismatches=0
CARTOON_AMR_TRANSACTION cycle=3111 requested_refine=0 requested_derefine_leaves=4 accepted_derefine_parents=0 created_leaves=0 deleted_leaves=0 mirror_mismatches=0
CARTOON_AMR_TRANSACTION cycle=3112 requested_refine=0 requested_derefine_leaves=4 accepted_derefine_parents=0 created_leaves=0 deleted_leaves=0 mirror_mismatches=0
elapsed=1.643202e+02 cycle=3112 time=1.517117e+01 dt=1.928359e-03
CARTOON_AMR_TRANSACTION cycle=3113 requested_refine=0 requested_derefine_leaves=4 accepted_derefine_parents=0 created_leaves=0 deleted_leaves=0 mirror_mismatches=0
CARTOON_AMR_TRANSACTION cycle=3114 requested_refine=0 requested_derefine_leaves=4 accepted_derefine_parents=0 created_leaves=0 deleted_leaves=0 mirror_mismatches=0
CARTOON_AMR_TRANSACTION cycle=3115 requested_refine=0 requested_derefine_leaves=4 accepted_derefine_parents=0 created_leaves=0 deleted_leaves=0 mirror_mismatches=0
CARTOON_AMR_TRANSACTION cycle=3116 requested_refine=0 requested_derefine_leaves=4 accepted_derefine_parents=0 created_leaves=0 deleted_leaves=0 mirror_mismatches=0
elapsed=1.645231e+02 cycle=3116 time=1.517889e+01 dt=1.931490e-03
CARTOON_AMR_TRANSACTION cycle=3117 requested_refine=0 requested_derefine_leaves=4 accepted_derefine_parents=0 created_leaves=0 deleted_leaves=0 mirror_mismatches=0
CARTOON_AMR_TRANSACTION cycle=3118 requested_refine=0 requested_derefine_leaves=4 accepted_derefine_parents=0 created_leaves=0 deleted_leaves=0 mirror_mismatches=0
CARTOON_AMR_TRANSACTION cycle=3119 requested_refine=0 requested_derefine_leaves=4 accepted_derefine_parents=0 created_leaves=0 deleted_leaves=0 mirror_mismatches=0
CARTOON_AMR_TRANSACTION cycle=3120 requested_refine=0 requested_derefine_leaves=4 accepted_derefine_parents=0 created_leaves=0 deleted_leaves=0 mirror_mismatches=0
elapsed=1.646908e+02 cycle=3120 time=1.518662e+01 dt=1.934695e-03
CARTOON_AMR_TRANSACTION cycle=3121 requested_refine=0 requested_derefine_leaves=4 accepted_derefine_parents=0 created_leaves=0 deleted_leaves=0 mirror_mismatches=0
CARTOON_AMR_TRANSACTION cycle=3122 requested_refine=0 requested_derefine_leaves=4 accepted_derefine_parents=0 created_leaves=0 deleted_leaves=0 mirror_mismatches=0
CARTOON_AMR_TRANSACTION cycle=3123 requested_refine=0 requested_derefine_leaves=4 accepted_derefine_parents=0 created_leaves=0 deleted_leaves=0 mirror_mismatches=0
CARTOON_AMR_TRANSACTION cycle=3124 requested_refine=0 requested_derefine_leaves=4 accepted_derefine_parents=0 created_leaves=0 deleted_leaves=0 mirror_mismatches=0
elapsed=1.649060e+02 cycle=3124 time=1.519437e+01 dt=1.937976e-03
CARTOON_AMR_TRANSACTION cycle=3125 requested_refine=0 requested_derefine_leaves=4 accepted_derefine_parents=0 created_leaves=0 deleted_leaves=0 mirror_mismatches=0
CARTOON_AMR_TRANSACTION cycle=3126 requested_refine=0 requested_derefine_leaves=4 accepted_derefine_parents=0 created_leaves=0 deleted_leaves=0 mirror_mismatches=0
CARTOON_AMR_TRANSACTION cycle=3127 requested_refine=0 requested_derefine_leaves=4 accepted_derefine_parents=0 created_leaves=0 deleted_leaves=0 mirror_mismatches=0
CARTOON_AMR_TRANSACTION cycle=3128 requested_refine=0 requested_derefine_leaves=4 accepted_derefine_parents=0 created_leaves=0 deleted_leaves=0 mirror_mismatches=0
elapsed=1.651457e+02 cycle=3128 time=1.520212e+01 dt=1.941322e-03
CARTOON_AMR_TRANSACTION cycle=3129 requested_refine=0 requested_derefine_leaves=4 accepted_derefine_parents=0 created_leaves=0 deleted_leaves=0 mirror_mismatches=0
CARTOON_AMR_TRANSACTION cycle=3130 requested_refine=0 requested_derefine_leaves=4 accepted_derefine_parents=0 created_leaves=0 deleted_leaves=0 mirror_mismatches=0
CARTOON_AMR_TRANSACTION cycle=3131 requested_refine=0 requested_derefine_leaves=4 accepted_derefine_parents=0 created_leaves=0 deleted_leaves=0 mirror_mismatches=0
CARTOON_AMR_TRANSACTION cycle=3132 requested_refine=0 requested_derefine_leaves=4 accepted_derefine_parents=0 created_leaves=0 deleted_leaves=0 mirror_mismatches=0
elapsed=1.653602e+02 cycle=3132 time=1.520989e+01 dt=1.944737e-03
CARTOON_AMR_TRANSACTION cycle=3133 requested_refine=0 requested_derefine_leaves=4 accepted_derefine_parents=0 created_leaves=0 deleted_leaves=0 mirror_mismatches=0
CARTOON_AMR_TRANSACTION cycle=3134 requested_refine=0 requested_derefine_leaves=4 accepted_derefine_parents=0 created_leaves=0 deleted_leaves=0 mirror_mismatches=0
CARTOON_AMR_TRANSACTION cycle=3135 requested_refine=0 requested_derefine_leaves=4 accepted_derefine_parents=0 created_leaves=0 deleted_leaves=0 mirror_mismatches=0
CARTOON_AMR_TRANSACTION cycle=3136 requested_refine=0 requested_derefine_leaves=4 accepted_derefine_parents=0 created_leaves=0 deleted_leaves=0 mirror_mismatches=0
elapsed=1.656247e+02 cycle=3136 time=1.521768e+01 dt=1.948232e-03
CARTOON_AMR_TRANSACTION cycle=3137 requested_refine=0 requested_derefine_leaves=4 accepted_derefine_parents=0 created_leaves=0 deleted_leaves=0 mirror_mismatches=0
CARTOON_AMR_TRANSACTION cycle=3138 requested_refine=0 requested_derefine_leaves=4 accepted_derefine_parents=0 created_leaves=0 deleted_leaves=0 mirror_mismatches=0
CARTOON_AMR_TRANSACTION cycle=3139 requested_refine=0 requested_derefine_leaves=4 accepted_derefine_parents=0 created_leaves=0 deleted_leaves=0 mirror_mismatches=0
CARTOON_AMR_TRANSACTION cycle=3140 requested_refine=0 requested_derefine_leaves=4 accepted_derefine_parents=0 created_leaves=0 deleted_leaves=0 mirror_mismatches=0
elapsed=1.658421e+02 cycle=3140 time=1.522548e+01 dt=1.951804e-03
CARTOON_AMR_TRANSACTION cycle=3141 requested_refine=0 requested_derefine_leaves=4 accepted_derefine_parents=0 created_leaves=0 deleted_leaves=0 mirror_mismatches=0
CARTOON_AMR_TRANSACTION cycle=3142 requested_refine=0 requested_derefine_leaves=4 accepted_derefine_parents=0 created_leaves=0 deleted_leaves=0 mirror_mismatches=0
CARTOON_AMR_TRANSACTION cycle=3143 requested_refine=0 requested_derefine_leaves=4 accepted_derefine_parents=0 created_leaves=0 deleted_leaves=0 mirror_mismatches=0
CARTOON_AMR_TRANSACTION cycle=3144 requested_refine=0 requested_derefine_leaves=4 accepted_derefine_parents=0 created_leaves=0 deleted_leaves=0 mirror_mismatches=0
elapsed=1.660730e+02 cycle=3144 time=1.523329e+01 dt=1.955439e-03
CARTOON_AMR_TRANSACTION cycle=3145 requested_refine=0 requested_derefine_leaves=4 accepted_derefine_parents=0 created_leaves=0 deleted_leaves=0 mirror_mismatches=0
CARTOON_AMR_TRANSACTION cycle=3146 requested_refine=0 requested_derefine_leaves=4 accepted_derefine_parents=0 created_leaves=0 deleted_leaves=0 mirror_mismatches=0
CARTOON_AMR_TRANSACTION cycle=3147 requested_refine=0 requested_derefine_leaves=4 accepted_derefine_parents=0 created_leaves=0 deleted_leaves=0 mirror_mismatches=0
CARTOON_AMR_TRANSACTION cycle=3148 requested_refine=0 requested_derefine_leaves=4 accepted_derefine_parents=0 created_leaves=0 deleted_leaves=0 mirror_mismatches=0
elapsed=1.662663e+02 cycle=3148 time=1.524112e+01 dt=1.959158e-03
CARTOON_AMR_TRANSACTION cycle=3149 requested_refine=0 requested_derefine_leaves=4 accepted_derefine_parents=0 created_leaves=0 deleted_leaves=0 mirror_mismatches=0
CARTOON_AMR_TRANSACTION cycle=3150 requested_refine=0 requested_derefine_leaves=4 accepted_derefine_parents=0 created_leaves=0 deleted_leaves=0 mirror_mismatches=0
CARTOON_AMR_TRANSACTION cycle=3151 requested_refine=0 requested_derefine_leaves=4 accepted_derefine_parents=0 created_leaves=0 deleted_leaves=0 mirror_mismatches=0
CARTOON_AMR_TRANSACTION cycle=3152 requested_refine=0 requested_derefine_leaves=4 accepted_derefine_parents=0 created_leaves=0 deleted_leaves=0 mirror_mismatches=0
elapsed=1.665008e+02 cycle=3152 time=1.524896e+01 dt=1.962950e-03
CARTOON_AMR_TRANSACTION cycle=3153 requested_refine=0 requested_derefine_leaves=4 accepted_derefine_parents=0 created_leaves=0 deleted_leaves=0 mirror_mismatches=0
CARTOON_AMR_TRANSACTION cycle=3154 requested_refine=0 requested_derefine_leaves=4 accepted_derefine_parents=0 created_leaves=0 deleted_leaves=0 mirror_mismatches=0
CARTOON_AMR_TRANSACTION cycle=3155 requested_refine=0 requested_derefine_leaves=4 accepted_derefine_parents=0 created_leaves=0 deleted_leaves=0 mirror_mismatches=0
CARTOON_AMR_TRANSACTION cycle=3156 requested_refine=0 requested_derefine_leaves=4 accepted_derefine_parents=0 created_leaves=0 deleted_leaves=0 mirror_mismatches=0
elapsed=1.666917e+02 cycle=3156 time=1.525682e+01 dt=1.966815e-03
CARTOON_AMR_TRANSACTION cycle=3157 requested_refine=0 requested_derefine_leaves=4 accepted_derefine_parents=0 created_leaves=0 deleted_leaves=0 mirror_mismatches=0
CARTOON_AMR_TRANSACTION cycle=3158 requested_refine=0 requested_derefine_leaves=4 accepted_derefine_parents=0 created_leaves=0 deleted_leaves=0 mirror_mismatches=0
CARTOON_AMR_TRANSACTION cycle=3159 requested_refine=0 requested_derefine_leaves=4 accepted_derefine_parents=0 created_leaves=0 deleted_leaves=0 mirror_mismatches=0
CARTOON_AMR_TRANSACTION cycle=3160 requested_refine=0 requested_derefine_leaves=4 accepted_derefine_parents=0 created_leaves=0 deleted_leaves=0 mirror_mismatches=0
elapsed=1.669115e+02 cycle=3160 time=1.526469e+01 dt=1.970763e-03
CARTOON_AMR_TRANSACTION cycle=3161 requested_refine=0 requested_derefine_leaves=4 accepted_derefine_parents=0 created_leaves=0 deleted_leaves=0 mirror_mismatches=0
CARTOON_AMR_TRANSACTION cycle=3162 requested_refine=0 requested_derefine_leaves=4 accepted_derefine_parents=0 created_leaves=0 deleted_leaves=0 mirror_mismatches=0
CARTOON_AMR_TRANSACTION cycle=3163 requested_refine=0 requested_derefine_leaves=4 accepted_derefine_parents=0 created_leaves=0 deleted_leaves=0 mirror_mismatches=0
CARTOON_AMR_TRANSACTION cycle=3164 requested_refine=0 requested_derefine_leaves=4 accepted_derefine_parents=0 created_leaves=0 deleted_leaves=0 mirror_mismatches=0
elapsed=1.671290e+02 cycle=3164 time=1.527258e+01 dt=1.974777e-03
CARTOON_AMR_TRANSACTION cycle=3165 requested_refine=0 requested_derefine_leaves=4 accepted_derefine_parents=0 created_leaves=0 deleted_leaves=0 mirror_mismatches=0
CARTOON_AMR_TRANSACTION cycle=3166 requested_refine=0 requested_derefine_leaves=4 accepted_derefine_parents=0 created_leaves=0 deleted_leaves=0 mirror_mismatches=0
CARTOON_AMR_TRANSACTION cycle=3167 requested_refine=0 requested_derefine_leaves=4 accepted_derefine_parents=0 created_leaves=0 deleted_leaves=0 mirror_mismatches=0
CARTOON_AMR_TRANSACTION cycle=3168 requested_refine=0 requested_derefine_leaves=4 accepted_derefine_parents=0 created_leaves=0 deleted_leaves=0 mirror_mismatches=0
elapsed=1.673406e+02 cycle=3168 time=1.528048e+01 dt=1.978874e-03
CARTOON_AMR_TRANSACTION cycle=3169 requested_refine=0 requested_derefine_leaves=4 accepted_derefine_parents=0 created_leaves=0 deleted_leaves=0 mirror_mismatches=0
CARTOON_AMR_TRANSACTION cycle=3170 requested_refine=0 requested_derefine_leaves=4 accepted_derefine_parents=0 created_leaves=0 deleted_leaves=0 mirror_mismatches=0
CARTOON_AMR_TRANSACTION cycle=3171 requested_refine=0 requested_derefine_leaves=4 accepted_derefine_parents=0 created_leaves=0 deleted_leaves=0 mirror_mismatches=0
CARTOON_AMR_TRANSACTION cycle=3172 requested_refine=0 requested_derefine_leaves=4 accepted_derefine_parents=0 created_leaves=0 deleted_leaves=0 mirror_mismatches=0
elapsed=1.675185e+02 cycle=3172 time=1.528840e+01 dt=1.983038e-03
CARTOON_AMR_TRANSACTION cycle=3173 requested_refine=0 requested_derefine_leaves=4 accepted_derefine_parents=0 created_leaves=0 deleted_leaves=0 mirror_mismatches=0
CARTOON_AMR_TRANSACTION cycle=3174 requested_refine=0 requested_derefine_leaves=4 accepted_derefine_parents=0 created_leaves=0 deleted_leaves=0 mirror_mismatches=0
CARTOON_AMR_TRANSACTION cycle=3175 requested_refine=0 requested_derefine_leaves=4 accepted_derefine_parents=0 created_leaves=0 deleted_leaves=0 mirror_mismatches=0
CARTOON_AMR_TRANSACTION cycle=3176 requested_refine=0 requested_derefine_leaves=4 accepted_derefine_parents=0 created_leaves=0 deleted_leaves=0 mirror_mismatches=0
elapsed=1.677186e+02 cycle=3176 time=1.529634e+01 dt=1.987277e-03
CARTOON_AMR_TRANSACTION cycle=3177 requested_refine=0 requested_derefine_leaves=4 accepted_derefine_parents=0 created_leaves=0 deleted_leaves=0 mirror_mismatches=0
CARTOON_AMR_TRANSACTION cycle=3178 requested_refine=0 requested_derefine_leaves=4 accepted_derefine_parents=0 created_leaves=0 deleted_leaves=0 mirror_mismatches=0
CARTOON_AMR_TRANSACTION cycle=3179 requested_refine=0 requested_derefine_leaves=4 accepted_derefine_parents=0 created_leaves=0 deleted_leaves=0 mirror_mismatches=0
CARTOON_AMR_TRANSACTION cycle=3180 requested_refine=0 requested_derefine_leaves=4 accepted_derefine_parents=0 created_leaves=0 deleted_leaves=0 mirror_mismatches=0
elapsed=1.679080e+02 cycle=3180 time=1.530430e+01 dt=1.991595e-03
CARTOON_AMR_TRANSACTION cycle=3181 requested_refine=0 requested_derefine_leaves=4 accepted_derefine_parents=0 created_leaves=0 deleted_leaves=0 mirror_mismatches=0
CARTOON_AMR_TRANSACTION cycle=3182 requested_refine=0 requested_derefine_leaves=4 accepted_derefine_parents=0 created_leaves=0 deleted_leaves=0 mirror_mismatches=0
CARTOON_AMR_TRANSACTION cycle=3183 requested_refine=0 requested_derefine_leaves=4 accepted_derefine_parents=0 created_leaves=0 deleted_leaves=0 mirror_mismatches=0
CARTOON_AMR_TRANSACTION cycle=3184 requested_refine=0 requested_derefine_leaves=4 accepted_derefine_parents=0 created_leaves=0 deleted_leaves=0 mirror_mismatches=0
elapsed=1.680888e+02 cycle=3184 time=1.531227e+01 dt=1.995969e-03
CARTOON_AMR_TRANSACTION cycle=3185 requested_refine=0 requested_derefine_leaves=4 accepted_derefine_parents=0 created_leaves=0 deleted_leaves=0 mirror_mismatches=0
CARTOON_AMR_TRANSACTION cycle=3186 requested_refine=0 requested_derefine_leaves=4 accepted_derefine_parents=0 created_leaves=0 deleted_leaves=0 mirror_mismatches=0
CARTOON_AMR_TRANSACTION cycle=3187 requested_refine=0 requested_derefine_leaves=4 accepted_derefine_parents=0 created_leaves=0 deleted_leaves=0 mirror_mismatches=0
CARTOON_AMR_TRANSACTION cycle=3188 requested_refine=0 requested_derefine_leaves=4 accepted_derefine_parents=0 created_leaves=0 deleted_leaves=0 mirror_mismatches=0
elapsed=1.683005e+02 cycle=3188 time=1.532026e+01 dt=2.000416e-03
CARTOON_AMR_TRANSACTION cycle=3189 requested_refine=0 requested_derefine_leaves=4 accepted_derefine_parents=0 created_leaves=0 deleted_leaves=0 mirror_mismatches=0
CARTOON_AMR_TRANSACTION cycle=3190 requested_refine=0 requested_derefine_leaves=4 accepted_derefine_parents=0 created_leaves=0 deleted_leaves=0 mirror_mismatches=0
CARTOON_AMR_TRANSACTION cycle=3191 requested_refine=0 requested_derefine_leaves=4 accepted_derefine_parents=0 created_leaves=0 deleted_leaves=0 mirror_mismatches=0
CARTOON_AMR_TRANSACTION cycle=3192 requested_refine=0 requested_derefine_leaves=4 accepted_derefine_parents=0 created_leaves=0 deleted_leaves=0 mirror_mismatches=0
elapsed=1.685026e+02 cycle=3192 time=1.532827e+01 dt=2.004931e-03
CARTOON_AMR_TRANSACTION cycle=3193 requested_refine=0 requested_derefine_leaves=4 accepted_derefine_parents=0 created_leaves=0 deleted_leaves=0 mirror_mismatches=0
CARTOON_AMR_TRANSACTION cycle=3194 requested_refine=0 requested_derefine_leaves=4 accepted_derefine_parents=0 created_leaves=0 deleted_leaves=0 mirror_mismatches=0
CARTOON_AMR_TRANSACTION cycle=3195 requested_refine=0 requested_derefine_leaves=4 accepted_derefine_parents=0 created_leaves=0 deleted_leaves=0 mirror_mismatches=0
CARTOON_AMR_TRANSACTION cycle=3196 requested_refine=0 requested_derefine_leaves=4 accepted_derefine_parents=0 created_leaves=0 deleted_leaves=0 mirror_mismatches=0
elapsed=1.687036e+02 cycle=3196 time=1.533630e+01 dt=2.009509e-03
CARTOON_AMR_TRANSACTION cycle=3197 requested_refine=0 requested_derefine_leaves=4 accepted_derefine_parents=0 created_leaves=0 deleted_leaves=0 mirror_mismatches=0
CARTOON_AMR_TRANSACTION cycle=3198 requested_refine=0 requested_derefine_leaves=4 accepted_derefine_parents=0 created_leaves=0 deleted_leaves=0 mirror_mismatches=0
CARTOON_AMR_TRANSACTION cycle=3199 requested_refine=0 requested_derefine_leaves=4 accepted_derefine_parents=0 created_leaves=0 deleted_leaves=0 mirror_mismatches=0
CARTOON_AMR_TRANSACTION cycle=3200 requested_refine=0 requested_derefine_leaves=4 accepted_derefine_parents=0 created_leaves=0 deleted_leaves=0 mirror_mismatches=0
elapsed=1.689938e+02 cycle=3200 time=1.534434e+01 dt=2.014140e-03
CARTOON_AMR_TRANSACTION cycle=3201 requested_refine=0 requested_derefine_leaves=4 accepted_derefine_parents=0 created_leaves=0 deleted_leaves=0 mirror_mismatches=0
CARTOON_AMR_TRANSACTION cycle=3202 requested_refine=0 requested_derefine_leaves=4 accepted_derefine_parents=0 created_leaves=0 deleted_leaves=0 mirror_mismatches=0
CARTOON_AMR_TRANSACTION cycle=3203 requested_refine=0 requested_derefine_leaves=4 accepted_derefine_parents=0 created_leaves=0 deleted_leaves=0 mirror_mismatches=0
CARTOON_AMR_TRANSACTION cycle=3204 requested_refine=0 requested_derefine_leaves=4 accepted_derefine_parents=0 created_leaves=0 deleted_leaves=0 mirror_mismatches=0
elapsed=1.691959e+02 cycle=3204 time=1.535241e+01 dt=2.018824e-03
CARTOON_AMR_TRANSACTION cycle=3205 requested_refine=0 requested_derefine_leaves=4 accepted_derefine_parents=0 created_leaves=0 deleted_leaves=0 mirror_mismatches=0
CARTOON_AMR_TRANSACTION cycle=3206 requested_refine=0 requested_derefine_leaves=4 accepted_derefine_parents=0 created_leaves=0 deleted_leaves=0 mirror_mismatches=0
CARTOON_AMR_TRANSACTION cycle=3207 requested_refine=0 requested_derefine_leaves=4 accepted_derefine_parents=0 created_leaves=0 deleted_leaves=0 mirror_mismatches=0
CARTOON_AMR_TRANSACTION cycle=3208 requested_refine=0 requested_derefine_leaves=4 accepted_derefine_parents=0 created_leaves=0 deleted_leaves=0 mirror_mismatches=0
elapsed=1.694279e+02 cycle=3208 time=1.536049e+01 dt=2.023560e-03
CARTOON_AMR_TRANSACTION cycle=3209 requested_refine=0 requested_derefine_leaves=4 accepted_derefine_parents=0 created_leaves=0 deleted_leaves=0 mirror_mismatches=0
CARTOON_AMR_TRANSACTION cycle=3210 requested_refine=0 requested_derefine_leaves=4 accepted_derefine_parents=0 created_leaves=0 deleted_leaves=0 mirror_mismatches=0
CARTOON_AMR_TRANSACTION cycle=3211 requested_refine=0 requested_derefine_leaves=4 accepted_derefine_parents=0 created_leaves=0 deleted_leaves=0 mirror_mismatches=0
CARTOON_AMR_TRANSACTION cycle=3212 requested_refine=0 requested_derefine_leaves=4 accepted_derefine_parents=0 created_leaves=0 deleted_leaves=0 mirror_mismatches=0
elapsed=1.696475e+02 cycle=3212 time=1.536859e+01 dt=2.028344e-03
CARTOON_AMR_TRANSACTION cycle=3213 requested_refine=0 requested_derefine_leaves=4 accepted_derefine_parents=0 created_leaves=0 deleted_leaves=0 mirror_mismatches=0
CARTOON_AMR_TRANSACTION cycle=3214 requested_refine=0 requested_derefine_leaves=4 accepted_derefine_parents=0 created_leaves=0 deleted_leaves=0 mirror_mismatches=0
CARTOON_AMR_TRANSACTION cycle=3215 requested_refine=0 requested_derefine_leaves=4 accepted_derefine_parents=0 created_leaves=0 deleted_leaves=0 mirror_mismatches=0
CARTOON_AMR_TRANSACTION cycle=3216 requested_refine=0 requested_derefine_leaves=4 accepted_derefine_parents=0 created_leaves=0 deleted_leaves=0 mirror_mismatches=0
elapsed=1.699058e+02 cycle=3216 time=1.537671e+01 dt=2.033170e-03
CARTOON_AMR_TRANSACTION cycle=3217 requested_refine=0 requested_derefine_leaves=4 accepted_derefine_parents=0 created_leaves=0 deleted_leaves=0 mirror_mismatches=0
CARTOON_AMR_TRANSACTION cycle=3218 requested_refine=0 requested_derefine_leaves=4 accepted_derefine_parents=0 created_leaves=0 deleted_leaves=0 mirror_mismatches=0
CARTOON_AMR_TRANSACTION cycle=3219 requested_refine=0 requested_derefine_leaves=4 accepted_derefine_parents=0 created_leaves=0 deleted_leaves=0 mirror_mismatches=0
CARTOON_AMR_TRANSACTION cycle=3220 requested_refine=0 requested_derefine_leaves=4 accepted_derefine_parents=0 created_leaves=0 deleted_leaves=0 mirror_mismatches=0
elapsed=1.701290e+02 cycle=3220 time=1.538485e+01 dt=2.038034e-03
CARTOON_AMR_TRANSACTION cycle=3221 requested_refine=0 requested_derefine_leaves=4 accepted_derefine_parents=0 created_leaves=0 deleted_leaves=0 mirror_mismatches=0
CARTOON_AMR_TRANSACTION cycle=3222 requested_refine=0 requested_derefine_leaves=4 accepted_derefine_parents=0 created_leaves=0 deleted_leaves=0 mirror_mismatches=0
CARTOON_AMR_TRANSACTION cycle=3223 requested_refine=0 requested_derefine_leaves=4 accepted_derefine_parents=0 created_leaves=0 deleted_leaves=0 mirror_mismatches=0
CARTOON_AMR_TRANSACTION cycle=3224 requested_refine=0 requested_derefine_leaves=4 accepted_derefine_parents=0 created_leaves=0 deleted_leaves=0 mirror_mismatches=0
elapsed=1.703089e+02 cycle=3224 time=1.539301e+01 dt=2.042933e-03
CARTOON_AMR_TRANSACTION cycle=3225 requested_refine=0 requested_derefine_leaves=4 accepted_derefine_parents=0 created_leaves=0 deleted_leaves=0 mirror_mismatches=0
CARTOON_AMR_TRANSACTION cycle=3226 requested_refine=0 requested_derefine_leaves=4 accepted_derefine_parents=0 created_leaves=0 deleted_leaves=0 mirror_mismatches=0
CARTOON_AMR_TRANSACTION cycle=3227 requested_refine=0 requested_derefine_leaves=4 accepted_derefine_parents=0 created_leaves=0 deleted_leaves=0 mirror_mismatches=0
CARTOON_AMR_TRANSACTION cycle=3228 requested_refine=0 requested_derefine_leaves=4 accepted_derefine_parents=0 created_leaves=0 deleted_leaves=0 mirror_mismatches=0
elapsed=1.705085e+02 cycle=3228 time=1.540119e+01 dt=2.047862e-03
CARTOON_AMR_TRANSACTION cycle=3229 requested_refine=0 requested_derefine_leaves=4 accepted_derefine_parents=0 created_leaves=0 deleted_leaves=0 mirror_mismatches=0
CARTOON_AMR_TRANSACTION cycle=3230 requested_refine=0 requested_derefine_leaves=4 accepted_derefine_parents=0 created_leaves=0 deleted_leaves=0 mirror_mismatches=0
CARTOON_AMR_TRANSACTION cycle=3231 requested_refine=0 requested_derefine_leaves=4 accepted_derefine_parents=0 created_leaves=0 deleted_leaves=0 mirror_mismatches=0
CARTOON_AMR_TRANSACTION cycle=3232 requested_refine=0 requested_derefine_leaves=4 accepted_derefine_parents=0 created_leaves=0 deleted_leaves=0 mirror_mismatches=0
elapsed=1.707657e+02 cycle=3232 time=1.540939e+01 dt=2.052817e-03
CARTOON_AMR_TRANSACTION cycle=3233 requested_refine=0 requested_derefine_leaves=4 accepted_derefine_parents=0 created_leaves=0 deleted_leaves=0 mirror_mismatches=0
CARTOON_AMR_TRANSACTION cycle=3234 requested_refine=0 requested_derefine_leaves=4 accepted_derefine_parents=0 created_leaves=0 deleted_leaves=0 mirror_mismatches=0
CARTOON_AMR_TRANSACTION cycle=3235 requested_refine=0 requested_derefine_leaves=4 accepted_derefine_parents=0 created_leaves=0 deleted_leaves=0 mirror_mismatches=0
CARTOON_AMR_TRANSACTION cycle=3236 requested_refine=0 requested_derefine_leaves=4 accepted_derefine_parents=0 created_leaves=0 deleted_leaves=0 mirror_mismatches=0
elapsed=1.709882e+02 cycle=3236 time=1.541761e+01 dt=2.057795e-03
CARTOON_AMR_TRANSACTION cycle=3237 requested_refine=0 requested_derefine_leaves=4 accepted_derefine_parents=0 created_leaves=0 deleted_leaves=0 mirror_mismatches=0
CARTOON_AMR_TRANSACTION cycle=3238 requested_refine=0 requested_derefine_leaves=4 accepted_derefine_parents=0 created_leaves=0 deleted_leaves=0 mirror_mismatches=0
CARTOON_AMR_TRANSACTION cycle=3239 requested_refine=0 requested_derefine_leaves=4 accepted_derefine_parents=0 created_leaves=0 deleted_leaves=0 mirror_mismatches=0
CARTOON_AMR_TRANSACTION cycle=3240 requested_refine=0 requested_derefine_leaves=4 accepted_derefine_parents=0 created_leaves=0 deleted_leaves=0 mirror_mismatches=0
elapsed=1.712006e+02 cycle=3240 time=1.542585e+01 dt=2.062791e-03
CARTOON_AMR_TRANSACTION cycle=3241 requested_refine=0 requested_derefine_leaves=4 accepted_derefine_parents=0 created_leaves=0 deleted_leaves=0 mirror_mismatches=0
CARTOON_AMR_TRANSACTION cycle=3242 requested_refine=0 requested_derefine_leaves=4 accepted_derefine_parents=0 created_leaves=0 deleted_leaves=0 mirror_mismatches=0
CARTOON_AMR_TRANSACTION cycle=3243 requested_refine=0 requested_derefine_leaves=4 accepted_derefine_parents=0 created_leaves=0 deleted_leaves=0 mirror_mismatches=0
CARTOON_AMR_TRANSACTION cycle=3244 requested_refine=0 requested_derefine_leaves=4 accepted_derefine_parents=0 created_leaves=0 deleted_leaves=0 mirror_mismatches=0
elapsed=1.713808e+02 cycle=3244 time=1.543410e+01 dt=2.067804e-03
CARTOON_AMR_TRANSACTION cycle=3245 requested_refine=0 requested_derefine_leaves=4 accepted_derefine_parents=0 created_leaves=0 deleted_leaves=0 mirror_mismatches=0
CARTOON_AMR_TRANSACTION cycle=3246 requested_refine=2 requested_derefine_leaves=4 accepted_derefine_parents=0 created_leaves=12 deleted_leaves=0 mirror_mismatches=0
AMR_Z4C_CHI_PROLONGATION cycle=3246 transfer=high_order local_fallback_groups=0 global_fallback_groups=0 global_high_order_groups=4096
CARTOON_AMR_TRANSACTION cycle=3247 requested_refine=0 requested_derefine_leaves=4 accepted_derefine_parents=0 created_leaves=0 deleted_leaves=0 mirror_mismatches=0
CARTOON_AMR_TRANSACTION cycle=3248 requested_refine=0 requested_derefine_leaves=4 accepted_derefine_parents=0 created_leaves=0 deleted_leaves=0 mirror_mismatches=0
elapsed=1.716461e+02 cycle=3248 time=1.544238e+01 dt=2.072828e-03
CARTOON_AMR_TRANSACTION cycle=3249 requested_refine=0 requested_derefine_leaves=4 accepted_derefine_parents=0 created_leaves=0 deleted_leaves=0 mirror_mismatches=0
CARTOON_AMR_TRANSACTION cycle=3250 requested_refine=0 requested_derefine_leaves=4 accepted_derefine_parents=0 created_leaves=0 deleted_leaves=0 mirror_mismatches=0
CARTOON_AMR_TRANSACTION cycle=3251 requested_refine=0 requested_derefine_leaves=4 accepted_derefine_parents=0 created_leaves=0 deleted_leaves=0 mirror_mismatches=0
CARTOON_AMR_TRANSACTION cycle=3252 requested_refine=0 requested_derefine_leaves=4 accepted_derefine_parents=0 created_leaves=0 deleted_leaves=0 mirror_mismatches=0
elapsed=1.718859e+02 cycle=3252 time=1.545068e+01 dt=2.077862e-03
CARTOON_AMR_TRANSACTION cycle=3253 requested_refine=0 requested_derefine_leaves=4 accepted_derefine_parents=0 created_leaves=0 deleted_leaves=0 mirror_mismatches=0
CARTOON_AMR_TRANSACTION cycle=3254 requested_refine=0 requested_derefine_leaves=4 accepted_derefine_parents=0 created_leaves=0 deleted_leaves=0 mirror_mismatches=0
CARTOON_AMR_TRANSACTION cycle=3255 requested_refine=0 requested_derefine_leaves=4 accepted_derefine_parents=0 created_leaves=0 deleted_leaves=0 mirror_mismatches=0
CARTOON_AMR_TRANSACTION cycle=3256 requested_refine=0 requested_derefine_leaves=4 accepted_derefine_parents=0 created_leaves=0 deleted_leaves=0 mirror_mismatches=0
elapsed=1.721019e+02 cycle=3256 time=1.545900e+01 dt=2.082899e-03
CARTOON_AMR_TRANSACTION cycle=3257 requested_refine=0 requested_derefine_leaves=4 accepted_derefine_parents=0 created_leaves=0 deleted_leaves=0 mirror_mismatches=0
CARTOON_AMR_TRANSACTION cycle=3258 requested_refine=0 requested_derefine_leaves=4 accepted_derefine_parents=0 created_leaves=0 deleted_leaves=0 mirror_mismatches=0
CARTOON_AMR_TRANSACTION cycle=3259 requested_refine=0 requested_derefine_leaves=4 accepted_derefine_parents=0 created_leaves=0 deleted_leaves=0 mirror_mismatches=0
CARTOON_AMR_TRANSACTION cycle=3260 requested_refine=0 requested_derefine_leaves=4 accepted_derefine_parents=0 created_leaves=0 deleted_leaves=0 mirror_mismatches=0
elapsed=1.723208e+02 cycle=3260 time=1.546734e+01 dt=2.087941e-03
CARTOON_AMR_TRANSACTION cycle=3261 requested_refine=0 requested_derefine_leaves=4 accepted_derefine_parents=0 created_leaves=0 deleted_leaves=0 mirror_mismatches=0
CARTOON_AMR_TRANSACTION cycle=3262 requested_refine=0 requested_derefine_leaves=4 accepted_derefine_parents=0 created_leaves=0 deleted_leaves=0 mirror_mismatches=0
CARTOON_AMR_TRANSACTION cycle=3263 requested_refine=0 requested_derefine_leaves=4 accepted_derefine_parents=0 created_leaves=0 deleted_leaves=0 mirror_mismatches=0
CARTOON_AMR_TRANSACTION cycle=3264 requested_refine=0 requested_derefine_leaves=4 accepted_derefine_parents=0 created_leaves=0 deleted_leaves=0 mirror_mismatches=0
elapsed=1.726307e+02 cycle=3264 time=1.547570e+01 dt=2.092985e-03
CARTOON_AMR_TRANSACTION cycle=3265 requested_refine=0 requested_derefine_leaves=4 accepted_derefine_parents=0 created_leaves=0 deleted_leaves=0 mirror_mismatches=0
CARTOON_AMR_TRANSACTION cycle=3266 requested_refine=0 requested_derefine_leaves=4 accepted_derefine_parents=0 created_leaves=0 deleted_leaves=0 mirror_mismatches=0
CARTOON_AMR_TRANSACTION cycle=3267 requested_refine=0 requested_derefine_leaves=4 accepted_derefine_parents=0 created_leaves=0 deleted_leaves=0 mirror_mismatches=0
CARTOON_AMR_TRANSACTION cycle=3268 requested_refine=0 requested_derefine_leaves=4 accepted_derefine_parents=0 created_leaves=0 deleted_leaves=0 mirror_mismatches=0
elapsed=1.728771e+02 cycle=3268 time=1.548408e+01 dt=2.098030e-03
CARTOON_AMR_TRANSACTION cycle=3269 requested_refine=0 requested_derefine_leaves=4 accepted_derefine_parents=0 created_leaves=0 deleted_leaves=0 mirror_mismatches=0
CARTOON_AMR_TRANSACTION cycle=3270 requested_refine=0 requested_derefine_leaves=4 accepted_derefine_parents=0 created_leaves=0 deleted_leaves=0 mirror_mismatches=0
CARTOON_AMR_TRANSACTION cycle=3271 requested_refine=0 requested_derefine_leaves=4 accepted_derefine_parents=0 created_leaves=0 deleted_leaves=0 mirror_mismatches=0
CARTOON_AMR_TRANSACTION cycle=3272 requested_refine=0 requested_derefine_leaves=4 accepted_derefine_parents=0 created_leaves=0 deleted_leaves=0 mirror_mismatches=0
elapsed=1.731174e+02 cycle=3272 time=1.549248e+01 dt=2.103071e-03
CARTOON_AMR_TRANSACTION cycle=3273 requested_refine=0 requested_derefine_leaves=4 accepted_derefine_parents=0 created_leaves=0 deleted_leaves=0 mirror_mismatches=0
CARTOON_AMR_TRANSACTION cycle=3274 requested_refine=0 requested_derefine_leaves=4 accepted_derefine_parents=0 created_leaves=0 deleted_leaves=0 mirror_mismatches=0
CARTOON_AMR_TRANSACTION cycle=3275 requested_refine=0 requested_derefine_leaves=4 accepted_derefine_parents=0 created_leaves=0 deleted_leaves=0 mirror_mismatches=0
CARTOON_AMR_TRANSACTION cycle=3276 requested_refine=0 requested_derefine_leaves=4 accepted_derefine_parents=0 created_leaves=0 deleted_leaves=0 mirror_mismatches=0
elapsed=1.733794e+02 cycle=3276 time=1.550090e+01 dt=2.108107e-03
CARTOON_AMR_TRANSACTION cycle=3277 requested_refine=0 requested_derefine_leaves=4 accepted_derefine_parents=0 created_leaves=0 deleted_leaves=0 mirror_mismatches=0
CARTOON_AMR_TRANSACTION cycle=3278 requested_refine=0 requested_derefine_leaves=4 accepted_derefine_parents=0 created_leaves=0 deleted_leaves=0 mirror_mismatches=0
CARTOON_AMR_TRANSACTION cycle=3279 requested_refine=0 requested_derefine_leaves=4 accepted_derefine_parents=0 created_leaves=0 deleted_leaves=0 mirror_mismatches=0
CARTOON_AMR_TRANSACTION cycle=3280 requested_refine=0 requested_derefine_leaves=4 accepted_derefine_parents=0 created_leaves=0 deleted_leaves=0 mirror_mismatches=0
elapsed=1.736277e+02 cycle=3280 time=1.550934e+01 dt=2.113137e-03
CARTOON_AMR_TRANSACTION cycle=3281 requested_refine=0 requested_derefine_leaves=4 accepted_derefine_parents=0 created_leaves=0 deleted_leaves=0 mirror_mismatches=0
CARTOON_AMR_TRANSACTION cycle=3282 requested_refine=0 requested_derefine_leaves=4 accepted_derefine_parents=0 created_leaves=0 deleted_leaves=0 mirror_mismatches=0
CARTOON_AMR_TRANSACTION cycle=3283 requested_refine=0 requested_derefine_leaves=4 accepted_derefine_parents=0 created_leaves=0 deleted_leaves=0 mirror_mismatches=0
CARTOON_AMR_TRANSACTION cycle=3284 requested_refine=0 requested_derefine_leaves=4 accepted_derefine_parents=0 created_leaves=0 deleted_leaves=0 mirror_mismatches=0
elapsed=1.738428e+02 cycle=3284 time=1.551780e+01 dt=2.118159e-03
CARTOON_AMR_TRANSACTION cycle=3285 requested_refine=0 requested_derefine_leaves=4 accepted_derefine_parents=0 created_leaves=0 deleted_leaves=0 mirror_mismatches=0
CARTOON_AMR_TRANSACTION cycle=3286 requested_refine=0 requested_derefine_leaves=4 accepted_derefine_parents=0 created_leaves=0 deleted_leaves=0 mirror_mismatches=0
CARTOON_AMR_TRANSACTION cycle=3287 requested_refine=0 requested_derefine_leaves=4 accepted_derefine_parents=0 created_leaves=0 deleted_leaves=0 mirror_mismatches=0
CARTOON_AMR_TRANSACTION cycle=3288 requested_refine=0 requested_derefine_leaves=4 accepted_derefine_parents=0 created_leaves=0 deleted_leaves=0 mirror_mismatches=0
elapsed=1.740746e+02 cycle=3288 time=1.552628e+01 dt=2.123174e-03
CARTOON_AMR_TRANSACTION cycle=3289 requested_refine=0 requested_derefine_leaves=4 accepted_derefine_parents=0 created_leaves=0 deleted_leaves=0 mirror_mismatches=0
CARTOON_AMR_TRANSACTION cycle=3290 requested_refine=0 requested_derefine_leaves=4 accepted_derefine_parents=0 created_leaves=0 deleted_leaves=0 mirror_mismatches=0
CARTOON_AMR_TRANSACTION cycle=3291 requested_refine=0 requested_derefine_leaves=4 accepted_derefine_parents=0 created_leaves=0 deleted_leaves=0 mirror_mismatches=0
CARTOON_AMR_TRANSACTION cycle=3292 requested_refine=0 requested_derefine_leaves=4 accepted_derefine_parents=0 created_leaves=0 deleted_leaves=0 mirror_mismatches=0
elapsed=1.743219e+02 cycle=3292 time=1.553478e+01 dt=2.128181e-03
CARTOON_AMR_TRANSACTION cycle=3293 requested_refine=0 requested_derefine_leaves=4 accepted_derefine_parents=0 created_leaves=0 deleted_leaves=0 mirror_mismatches=0
CARTOON_AMR_TRANSACTION cycle=3294 requested_refine=0 requested_derefine_leaves=4 accepted_derefine_parents=0 created_leaves=0 deleted_leaves=0 mirror_mismatches=0
CARTOON_AMR_TRANSACTION cycle=3295 requested_refine=0 requested_derefine_leaves=4 accepted_derefine_parents=0 created_leaves=0 deleted_leaves=0 mirror_mismatches=0
CARTOON_AMR_TRANSACTION cycle=3296 requested_refine=0 requested_derefine_leaves=4 accepted_derefine_parents=0 created_leaves=0 deleted_leaves=0 mirror_mismatches=0
elapsed=1.745284e+02 cycle=3296 time=1.554330e+01 dt=2.133178e-03
CARTOON_AMR_TRANSACTION cycle=3297 requested_refine=0 requested_derefine_leaves=4 accepted_derefine_parents=0 created_leaves=0 deleted_leaves=0 mirror_mismatches=0
CARTOON_AMR_TRANSACTION cycle=3298 requested_refine=0 requested_derefine_leaves=4 accepted_derefine_parents=0 created_leaves=0 deleted_leaves=0 mirror_mismatches=0
CARTOON_AMR_TRANSACTION cycle=3299 requested_refine=0 requested_derefine_leaves=4 accepted_derefine_parents=0 created_leaves=0 deleted_leaves=0 mirror_mismatches=0
CARTOON_AMR_TRANSACTION cycle=3300 requested_refine=0 requested_derefine_leaves=4 accepted_derefine_parents=0 created_leaves=0 deleted_leaves=0 mirror_mismatches=0
elapsed=1.747246e+02 cycle=3300 time=1.555184e+01 dt=2.138165e-03
CARTOON_AMR_TRANSACTION cycle=3301 requested_refine=0 requested_derefine_leaves=4 accepted_derefine_parents=0 created_leaves=0 deleted_leaves=0 mirror_mismatches=0
CARTOON_AMR_TRANSACTION cycle=3302 requested_refine=0 requested_derefine_leaves=4 accepted_derefine_parents=0 created_leaves=0 deleted_leaves=0 mirror_mismatches=0
CARTOON_AMR_TRANSACTION cycle=3303 requested_refine=0 requested_derefine_leaves=4 accepted_derefine_parents=0 created_leaves=0 deleted_leaves=0 mirror_mismatches=0
CARTOON_AMR_TRANSACTION cycle=3304 requested_refine=0 requested_derefine_leaves=4 accepted_derefine_parents=0 created_leaves=0 deleted_leaves=0 mirror_mismatches=0
elapsed=1.749706e+02 cycle=3304 time=1.556040e+01 dt=2.143143e-03
CARTOON_AMR_TRANSACTION cycle=3305 requested_refine=0 requested_derefine_leaves=4 accepted_derefine_parents=0 created_leaves=0 deleted_leaves=0 mirror_mismatches=0
CARTOON_AMR_TRANSACTION cycle=3306 requested_refine=0 requested_derefine_leaves=4 accepted_derefine_parents=0 created_leaves=0 deleted_leaves=0 mirror_mismatches=0
CARTOON_AMR_TRANSACTION cycle=3307 requested_refine=0 requested_derefine_leaves=4 accepted_derefine_parents=0 created_leaves=0 deleted_leaves=0 mirror_mismatches=0
CARTOON_AMR_TRANSACTION cycle=3308 requested_refine=0 requested_derefine_leaves=4 accepted_derefine_parents=0 created_leaves=0 deleted_leaves=0 mirror_mismatches=0
elapsed=1.752265e+02 cycle=3308 time=1.556898e+01 dt=2.148113e-03
CARTOON_AMR_TRANSACTION cycle=3309 requested_refine=0 requested_derefine_leaves=4 accepted_derefine_parents=0 created_leaves=0 deleted_leaves=0 mirror_mismatches=0
CARTOON_AMR_TRANSACTION cycle=3310 requested_refine=0 requested_derefine_leaves=4 accepted_derefine_parents=0 created_leaves=0 deleted_leaves=0 mirror_mismatches=0
CARTOON_AMR_TRANSACTION cycle=3311 requested_refine=0 requested_derefine_leaves=4 accepted_derefine_parents=0 created_leaves=0 deleted_leaves=0 mirror_mismatches=0
CARTOON_AMR_TRANSACTION cycle=3312 requested_refine=0 requested_derefine_leaves=4 accepted_derefine_parents=0 created_leaves=0 deleted_leaves=0 mirror_mismatches=0
elapsed=1.754597e+02 cycle=3312 time=1.557758e+01 dt=2.153067e-03
CARTOON_AMR_TRANSACTION cycle=3313 requested_refine=0 requested_derefine_leaves=4 accepted_derefine_parents=0 created_leaves=0 deleted_leaves=0 mirror_mismatches=0
CARTOON_AMR_TRANSACTION cycle=3314 requested_refine=0 requested_derefine_leaves=4 accepted_derefine_parents=0 created_leaves=0 deleted_leaves=0 mirror_mismatches=0
CARTOON_AMR_TRANSACTION cycle=3315 requested_refine=0 requested_derefine_leaves=4 accepted_derefine_parents=0 created_leaves=0 deleted_leaves=0 mirror_mismatches=0
CARTOON_AMR_TRANSACTION cycle=3316 requested_refine=0 requested_derefine_leaves=4 accepted_derefine_parents=0 created_leaves=0 deleted_leaves=0 mirror_mismatches=0
elapsed=1.757276e+02 cycle=3316 time=1.558620e+01 dt=2.157989e-03
CARTOON_AMR_TRANSACTION cycle=3317 requested_refine=0 requested_derefine_leaves=4 accepted_derefine_parents=0 created_leaves=0 deleted_leaves=0 mirror_mismatches=0
CARTOON_AMR_TRANSACTION cycle=3318 requested_refine=0 requested_derefine_leaves=4 accepted_derefine_parents=0 created_leaves=0 deleted_leaves=0 mirror_mismatches=0
CARTOON_AMR_TRANSACTION cycle=3319 requested_refine=0 requested_derefine_leaves=4 accepted_derefine_parents=0 created_leaves=0 deleted_leaves=0 mirror_mismatches=0
CARTOON_AMR_TRANSACTION cycle=3320 requested_refine=0 requested_derefine_leaves=4 accepted_derefine_parents=0 created_leaves=0 deleted_leaves=0 mirror_mismatches=0
elapsed=1.759764e+02 cycle=3320 time=1.559484e+01 dt=2.162901e-03
CARTOON_AMR_TRANSACTION cycle=3321 requested_refine=0 requested_derefine_leaves=4 accepted_derefine_parents=0 created_leaves=0 deleted_leaves=0 mirror_mismatches=0
CARTOON_AMR_TRANSACTION cycle=3322 requested_refine=0 requested_derefine_leaves=4 accepted_derefine_parents=0 created_leaves=0 deleted_leaves=0 mirror_mismatches=0
CARTOON_AMR_TRANSACTION cycle=3323 requested_refine=0 requested_derefine_leaves=4 accepted_derefine_parents=0 created_leaves=0 deleted_leaves=0 mirror_mismatches=0
CARTOON_AMR_TRANSACTION cycle=3324 requested_refine=0 requested_derefine_leaves=4 accepted_derefine_parents=0 created_leaves=0 deleted_leaves=0 mirror_mismatches=0
elapsed=1.762242e+02 cycle=3324 time=1.560350e+01 dt=2.167803e-03
CARTOON_AMR_TRANSACTION cycle=3325 requested_refine=0 requested_derefine_leaves=4 accepted_derefine_parents=0 created_leaves=0 deleted_leaves=0 mirror_mismatches=0
CARTOON_AMR_TRANSACTION cycle=3326 requested_refine=0 requested_derefine_leaves=4 accepted_derefine_parents=0 created_leaves=0 deleted_leaves=0 mirror_mismatches=0
CARTOON_AMR_TRANSACTION cycle=3327 requested_refine=0 requested_derefine_leaves=4 accepted_derefine_parents=0 created_leaves=0 deleted_leaves=0 mirror_mismatches=0
CARTOON_AMR_TRANSACTION cycle=3328 requested_refine=0 requested_derefine_leaves=4 accepted_derefine_parents=0 created_leaves=0 deleted_leaves=0 mirror_mismatches=0
elapsed=1.769732e+02 cycle=3328 time=1.561218e+01 dt=2.172698e-03
CARTOON_AMR_TRANSACTION cycle=3329 requested_refine=0 requested_derefine_leaves=4 accepted_derefine_parents=0 created_leaves=0 deleted_leaves=0 mirror_mismatches=0
CARTOON_AMR_TRANSACTION cycle=3330 requested_refine=0 requested_derefine_leaves=4 accepted_derefine_parents=0 created_leaves=0 deleted_leaves=0 mirror_mismatches=0
CARTOON_AMR_TRANSACTION cycle=3331 requested_refine=0 requested_derefine_leaves=4 accepted_derefine_parents=0 created_leaves=0 deleted_leaves=0 mirror_mismatches=0
CARTOON_AMR_TRANSACTION cycle=3332 requested_refine=0 requested_derefine_leaves=4 accepted_derefine_parents=0 created_leaves=0 deleted_leaves=0 mirror_mismatches=0
elapsed=1.772146e+02 cycle=3332 time=1.562087e+01 dt=2.177585e-03
CARTOON_AMR_TRANSACTION cycle=3333 requested_refine=0 requested_derefine_leaves=4 accepted_derefine_parents=0 created_leaves=0 deleted_leaves=0 mirror_mismatches=0
CARTOON_AMR_TRANSACTION cycle=3334 requested_refine=0 requested_derefine_leaves=4 accepted_derefine_parents=0 created_leaves=0 deleted_leaves=0 mirror_mismatches=0
CARTOON_AMR_TRANSACTION cycle=3335 requested_refine=0 requested_derefine_leaves=4 accepted_derefine_parents=0 created_leaves=0 deleted_leaves=0 mirror_mismatches=0
CARTOON_AMR_TRANSACTION cycle=3336 requested_refine=0 requested_derefine_leaves=4 accepted_derefine_parents=0 created_leaves=0 deleted_leaves=0 mirror_mismatches=0
elapsed=1.774584e+02 cycle=3336 time=1.562959e+01 dt=2.182422e-03
CARTOON_AMR_TRANSACTION cycle=3337 requested_refine=0 requested_derefine_leaves=4 accepted_derefine_parents=0 created_leaves=0 deleted_leaves=0 mirror_mismatches=0
CARTOON_AMR_TRANSACTION cycle=3338 requested_refine=0 requested_derefine_leaves=4 accepted_derefine_parents=0 created_leaves=0 deleted_leaves=0 mirror_mismatches=0
elapsed=1.776668e+02 cycle=3340 time=1.563833e+01 dt=2.187251e-03
elapsed=1.778999e+02 cycle=3344 time=1.564708e+01 dt=2.192076e-03
elapsed=1.781592e+02 cycle=3348 time=1.565586e+01 dt=2.196898e-03
elapsed=1.784234e+02 cycle=3352 time=1.566465e+01 dt=2.201665e-03
elapsed=1.786444e+02 cycle=3356 time=1.567347e+01 dt=2.206422e-03
elapsed=1.788524e+02 cycle=3360 time=1.568230e+01 dt=2.211179e-03
elapsed=1.790942e+02 cycle=3364 time=1.569115e+01 dt=2.215919e-03
elapsed=1.793198e+02 cycle=3368 time=1.570002e+01 dt=2.220608e-03
elapsed=1.795319e+02 cycle=3372 time=1.570891e+01 dt=2.225299e-03
elapsed=1.798097e+02 cycle=3376 time=1.571782e+01 dt=2.229998e-03
elapsed=1.800325e+02 cycle=3380 time=1.572675e+01 dt=2.234623e-03
elapsed=1.802477e+02 cycle=3384 time=1.573569e+01 dt=2.239252e-03
elapsed=1.804962e+02 cycle=3388 time=1.574466e+01 dt=2.243893e-03
elapsed=1.807182e+02 cycle=3392 time=1.575364e+01 dt=2.248462e-03
elapsed=1.809584e+02 cycle=3396 time=1.576264e+01 dt=2.253034e-03
elapsed=1.812119e+02 cycle=3400 time=1.577166e+01 dt=2.257622e-03
elapsed=1.814198e+02 cycle=3404 time=1.578070e+01 dt=2.262125e-03
elapsed=1.816722e+02 cycle=3408 time=1.578975e+01 dt=2.266648e-03
elapsed=1.818967e+02 cycle=3412 time=1.579883e+01 dt=2.271163e-03
elapsed=1.821226e+02 cycle=3416 time=1.580792e+01 dt=2.275617e-03
elapsed=1.823394e+02 cycle=3420 time=1.581703e+01 dt=2.280098e-03
elapsed=1.826166e+02 cycle=3424 time=1.582615e+01 dt=2.284529e-03
elapsed=1.828265e+02 cycle=3428 time=1.583530e+01 dt=2.288942e-03
elapsed=1.830578e+02 cycle=3432 time=1.584446e+01 dt=2.293380e-03
elapsed=1.833121e+02 cycle=3436 time=1.585364e+01 dt=2.297721e-03
elapsed=1.836062e+02 cycle=3440 time=1.586284e+01 dt=2.302105e-03
elapsed=1.838645e+02 cycle=3444 time=1.587205e+01 dt=2.306444e-03
elapsed=1.841213e+02 cycle=3448 time=1.588128e+01 dt=2.310765e-03
elapsed=1.843354e+02 cycle=3452 time=1.589053e+01 dt=2.315104e-03
elapsed=1.846065e+02 cycle=3456 time=1.589980e+01 dt=2.319366e-03
elapsed=1.848666e+02 cycle=3460 time=1.590909e+01 dt=2.323677e-03
elapsed=1.851533e+02 cycle=3464 time=1.591839e+01 dt=2.327906e-03
elapsed=1.854056e+02 cycle=3468 time=1.592770e+01 dt=2.332163e-03
elapsed=1.856460e+02 cycle=3472 time=1.593704e+01 dt=2.336388e-03
elapsed=1.858645e+02 cycle=3476 time=1.594639e+01 dt=2.340591e-03
elapsed=1.861371e+02 cycle=3480 time=1.595576e+01 dt=2.344809e-03
elapsed=1.863783e+02 cycle=3484 time=1.596515e+01 dt=2.348962e-03
elapsed=1.866566e+02 cycle=3488 time=1.597455e+01 dt=2.353172e-03
elapsed=1.869157e+02 cycle=3492 time=1.598397e+01 dt=2.357275e-03
elapsed=1.871983e+02 cycle=3496 time=1.599340e+01 dt=2.361450e-03
elapsed=1.874094e+02 cycle=3500 time=1.600285e+01 dt=2.365532e-03
elapsed=1.876490e+02 cycle=3504 time=1.601232e+01 dt=2.369664e-03
elapsed=1.878923e+02 cycle=3508 time=1.602181e+01 dt=2.373734e-03
elapsed=1.881585e+02 cycle=3512 time=1.603131e+01 dt=2.377825e-03
elapsed=1.884087e+02 cycle=3516 time=1.604083e+01 dt=2.381883e-03
elapsed=1.886500e+02 cycle=3520 time=1.605036e+01 dt=2.385936e-03
elapsed=1.889070e+02 cycle=3524 time=1.605991e+01 dt=2.389979e-03
elapsed=1.891676e+02 cycle=3528 time=1.606947e+01 dt=2.393996e-03
elapsed=1.893961e+02 cycle=3532 time=1.607906e+01 dt=2.398025e-03
elapsed=1.896707e+02 cycle=3536 time=1.608865e+01 dt=2.402008e-03
elapsed=1.899058e+02 cycle=3540 time=1.609827e+01 dt=2.406021e-03
elapsed=1.901142e+02 cycle=3544 time=1.610790e+01 dt=2.409975e-03
elapsed=1.903930e+02 cycle=3548 time=1.611754e+01 dt=2.413973e-03
elapsed=1.906407e+02 cycle=3552 time=1.612721e+01 dt=2.417901e-03
elapsed=1.908737e+02 cycle=3556 time=1.613688e+01 dt=2.421882e-03
elapsed=1.911248e+02 cycle=3560 time=1.614658e+01 dt=2.425784e-03
elapsed=1.913249e+02 cycle=3564 time=1.615629e+01 dt=2.429749e-03
elapsed=1.915631e+02 cycle=3568 time=1.616601e+01 dt=2.433626e-03
elapsed=1.918150e+02 cycle=3572 time=1.617575e+01 dt=2.437573e-03
elapsed=1.920438e+02 cycle=3576 time=1.618551e+01 dt=2.441432e-03
elapsed=1.922858e+02 cycle=3580 time=1.619528e+01 dt=2.445361e-03
elapsed=1.929243e+02 cycle=3584 time=1.620507e+01 dt=2.449205e-03
elapsed=1.931406e+02 cycle=3588 time=1.621487e+01 dt=2.453116e-03
elapsed=1.934227e+02 cycle=3592 time=1.622469e+01 dt=2.456948e-03
elapsed=1.936307e+02 cycle=3596 time=1.623452e+01 dt=2.460840e-03
elapsed=1.938700e+02 cycle=3600 time=1.624437e+01 dt=2.464662e-03
elapsed=1.940997e+02 cycle=3604 time=1.625423e+01 dt=2.468535e-03
elapsed=1.943665e+02 cycle=3608 time=1.626411e+01 dt=2.472349e-03
elapsed=1.945999e+02 cycle=3612 time=1.627401e+01 dt=2.476203e-03
elapsed=1.948463e+02 cycle=3616 time=1.628392e+01 dt=2.480012e-03
elapsed=1.950628e+02 cycle=3620 time=1.629385e+01 dt=2.483846e-03
elapsed=1.953411e+02 cycle=3624 time=1.630379e+01 dt=2.487652e-03
elapsed=1.955424e+02 cycle=3628 time=1.631374e+01 dt=2.491466e-03
elapsed=1.957560e+02 cycle=3632 time=1.632372e+01 dt=2.495274e-03
elapsed=1.959873e+02 cycle=3636 time=1.633370e+01 dt=2.499067e-03
elapsed=1.962265e+02 cycle=3640 time=1.634370e+01 dt=2.502878e-03
elapsed=1.964626e+02 cycle=3644 time=1.635372e+01 dt=2.506651e-03
elapsed=1.967077e+02 cycle=3648 time=1.636375e+01 dt=2.510467e-03
elapsed=1.969479e+02 cycle=3652 time=1.637380e+01 dt=2.514219e-03
elapsed=1.971639e+02 cycle=3656 time=1.638386e+01 dt=2.518044e-03
elapsed=1.973983e+02 cycle=3660 time=1.639394e+01 dt=2.521773e-03
elapsed=1.976417e+02 cycle=3664 time=1.640403e+01 dt=2.525610e-03
elapsed=1.978717e+02 cycle=3668 time=1.641414e+01 dt=2.529317e-03
elapsed=1.980948e+02 cycle=3672 time=1.642427e+01 dt=2.533160e-03
elapsed=1.983016e+02 cycle=3676 time=1.643440e+01 dt=2.536851e-03
elapsed=1.985341e+02 cycle=3680 time=1.644456e+01 dt=2.540673e-03
elapsed=1.987513e+02 cycle=3684 time=1.645472e+01 dt=2.544378e-03
elapsed=1.989922e+02 cycle=3688 time=1.646491e+01 dt=2.548178e-03
elapsed=1.992238e+02 cycle=3692 time=1.647511e+01 dt=2.551900e-03
elapsed=1.994763e+02 cycle=3696 time=1.648532e+01 dt=2.555676e-03
elapsed=1.996902e+02 cycle=3700 time=1.649555e+01 dt=2.559417e-03
elapsed=1.999105e+02 cycle=3704 time=1.650579e+01 dt=2.563170e-03
elapsed=2.001113e+02 cycle=3708 time=1.651605e+01 dt=2.566932e-03
elapsed=2.003924e+02 cycle=3712 time=1.652627e+01 dt=2.526673e-03
elapsed=2.006339e+02 cycle=3716 time=1.653630e+01 dt=2.475260e-03
elapsed=2.008709e+02 cycle=3720 time=1.654613e+01 dt=2.421819e-03
CARTOON_AMR_TRANSACTION cycle=3721 requested_refine=2 requested_derefine_leaves=2 accepted_derefine_parents=0 created_leaves=6 deleted_leaves=0 mirror_mismatches=0
AMR_Z4C_CHI_PROLONGATION cycle=3721 transfer=high_order local_fallback_groups=0 global_fallback_groups=0 global_high_order_groups=2048
CARTOON_AMR_TRANSACTION cycle=3722 requested_refine=0 requested_derefine_leaves=8 accepted_derefine_parents=0 created_leaves=0 deleted_leaves=0 mirror_mismatches=0
CARTOON_AMR_TRANSACTION cycle=3723 requested_refine=0 requested_derefine_leaves=8 accepted_derefine_parents=0 created_leaves=0 deleted_leaves=0 mirror_mismatches=0
CARTOON_AMR_TRANSACTION cycle=3724 requested_refine=0 requested_derefine_leaves=6 accepted_derefine_parents=0 created_leaves=0 deleted_leaves=0 mirror_mismatches=0
elapsed=2.011114e+02 cycle=3724 time=1.655214e+01 dt=1.193088e-03
CARTOON_AMR_TRANSACTION cycle=3725 requested_refine=0 requested_derefine_leaves=6 accepted_derefine_parents=0 created_leaves=0 deleted_leaves=0 mirror_mismatches=0
CARTOON_AMR_TRANSACTION cycle=3726 requested_refine=0 requested_derefine_leaves=6 accepted_derefine_parents=0 created_leaves=0 deleted_leaves=0 mirror_mismatches=0
CARTOON_AMR_TRANSACTION cycle=3727 requested_refine=0 requested_derefine_leaves=6 accepted_derefine_parents=0 created_leaves=0 deleted_leaves=0 mirror_mismatches=0
CARTOON_AMR_TRANSACTION cycle=3728 requested_refine=0 requested_derefine_leaves=6 accepted_derefine_parents=0 created_leaves=0 deleted_leaves=0 mirror_mismatches=0
elapsed=2.013566e+02 cycle=3728 time=1.655690e+01 dt=1.180921e-03
CARTOON_AMR_TRANSACTION cycle=3729 requested_refine=0 requested_derefine_leaves=6 accepted_derefine_parents=0 created_leaves=0 deleted_leaves=0 mirror_mismatches=0
CARTOON_AMR_TRANSACTION cycle=3730 requested_refine=0 requested_derefine_leaves=6 accepted_derefine_parents=0 created_leaves=0 deleted_leaves=0 mirror_mismatches=0
CARTOON_AMR_TRANSACTION cycle=3731 requested_refine=0 requested_derefine_leaves=6 accepted_derefine_parents=0 created_leaves=0 deleted_leaves=0 mirror_mismatches=0
CARTOON_AMR_TRANSACTION cycle=3732 requested_refine=0 requested_derefine_leaves=6 accepted_derefine_parents=0 created_leaves=0 deleted_leaves=0 mirror_mismatches=0
elapsed=2.015833e+02 cycle=3732 time=1.656160e+01 dt=1.169050e-03
CARTOON_AMR_TRANSACTION cycle=3733 requested_refine=0 requested_derefine_leaves=6 accepted_derefine_parents=0 created_leaves=0 deleted_leaves=0 mirror_mismatches=0
CARTOON_AMR_TRANSACTION cycle=3734 requested_refine=0 requested_derefine_leaves=6 accepted_derefine_parents=0 created_leaves=0 deleted_leaves=0 mirror_mismatches=0
CARTOON_AMR_TRANSACTION cycle=3735 requested_refine=0 requested_derefine_leaves=6 accepted_derefine_parents=0 created_leaves=0 deleted_leaves=0 mirror_mismatches=0
CARTOON_AMR_TRANSACTION cycle=3736 requested_refine=0 requested_derefine_leaves=6 accepted_derefine_parents=0 created_leaves=0 deleted_leaves=0 mirror_mismatches=0
elapsed=2.018381e+02 cycle=3736 time=1.656626e+01 dt=1.157451e-03
CARTOON_AMR_TRANSACTION cycle=3737 requested_refine=0 requested_derefine_leaves=6 accepted_derefine_parents=0 created_leaves=0 deleted_leaves=0 mirror_mismatches=0
CARTOON_AMR_TRANSACTION cycle=3738 requested_refine=0 requested_derefine_leaves=6 accepted_derefine_parents=0 created_leaves=0 deleted_leaves=0 mirror_mismatches=0
CARTOON_AMR_TRANSACTION cycle=3739 requested_refine=0 requested_derefine_leaves=6 accepted_derefine_parents=0 created_leaves=0 deleted_leaves=0 mirror_mismatches=0
CARTOON_AMR_TRANSACTION cycle=3740 requested_refine=0 requested_derefine_leaves=6 accepted_derefine_parents=0 created_leaves=0 deleted_leaves=0 mirror_mismatches=0
elapsed=2.020887e+02 cycle=3740 time=1.657088e+01 dt=1.146180e-03
CARTOON_AMR_TRANSACTION cycle=3741 requested_refine=0 requested_derefine_leaves=6 accepted_derefine_parents=0 created_leaves=0 deleted_leaves=0 mirror_mismatches=0
CARTOON_AMR_TRANSACTION cycle=3742 requested_refine=0 requested_derefine_leaves=6 accepted_derefine_parents=0 created_leaves=0 deleted_leaves=0 mirror_mismatches=0
CARTOON_AMR_TRANSACTION cycle=3743 requested_refine=0 requested_derefine_leaves=6 accepted_derefine_parents=0 created_leaves=0 deleted_leaves=0 mirror_mismatches=0
CARTOON_AMR_TRANSACTION cycle=3744 requested_refine=2 requested_derefine_leaves=6 accepted_derefine_parents=0 created_leaves=6 deleted_leaves=0 mirror_mismatches=0
AMR_Z4C_CHI_PROLONGATION cycle=3744 transfer=high_order local_fallback_groups=0 global_fallback_groups=0 global_high_order_groups=2048
elapsed=2.023312e+02 cycle=3744 time=1.657544e+01 dt=5.674405e-04
CARTOON_AMR_TRANSACTION cycle=3745 requested_refine=0 requested_derefine_leaves=10 accepted_derefine_parents=0 created_leaves=0 deleted_leaves=0 mirror_mismatches=0
CARTOON_AMR_TRANSACTION cycle=3746 requested_refine=0 requested_derefine_leaves=10 accepted_derefine_parents=0 created_leaves=0 deleted_leaves=0 mirror_mismatches=0
CARTOON_AMR_TRANSACTION cycle=3747 requested_refine=0 requested_derefine_leaves=10 accepted_derefine_parents=0 created_leaves=0 deleted_leaves=0 mirror_mismatches=0
CARTOON_AMR_TRANSACTION cycle=3748 requested_refine=0 requested_derefine_leaves=10 accepted_derefine_parents=0 created_leaves=0 deleted_leaves=0 mirror_mismatches=0
elapsed=2.025950e+02 cycle=3748 time=1.657771e+01 dt=5.647625e-04
CARTOON_AMR_TRANSACTION cycle=3749 requested_refine=0 requested_derefine_leaves=10 accepted_derefine_parents=0 created_leaves=0 deleted_leaves=0 mirror_mismatches=0
CARTOON_AMR_TRANSACTION cycle=3750 requested_refine=0 requested_derefine_leaves=10 accepted_derefine_parents=0 created_leaves=0 deleted_leaves=0 mirror_mismatches=0
CARTOON_AMR_TRANSACTION cycle=3751 requested_refine=0 requested_derefine_leaves=10 accepted_derefine_parents=0 created_leaves=0 deleted_leaves=0 mirror_mismatches=0
CARTOON_AMR_TRANSACTION cycle=3752 requested_refine=0 requested_derefine_leaves=10 accepted_derefine_parents=0 created_leaves=0 deleted_leaves=0 mirror_mismatches=0
elapsed=2.029009e+02 cycle=3752 time=1.657997e+01 dt=5.621468e-04
CARTOON_AMR_TRANSACTION cycle=3753 requested_refine=0 requested_derefine_leaves=10 accepted_derefine_parents=0 created_leaves=0 deleted_leaves=0 mirror_mismatches=0
CARTOON_AMR_TRANSACTION cycle=3754 requested_refine=0 requested_derefine_leaves=10 accepted_derefine_parents=0 created_leaves=0 deleted_leaves=0 mirror_mismatches=0
CARTOON_AMR_TRANSACTION cycle=3755 requested_refine=0 requested_derefine_leaves=10 accepted_derefine_parents=0 created_leaves=0 deleted_leaves=0 mirror_mismatches=0
CARTOON_AMR_TRANSACTION cycle=3756 requested_refine=0 requested_derefine_leaves=10 accepted_derefine_parents=0 created_leaves=0 deleted_leaves=0 mirror_mismatches=0
elapsed=2.031474e+02 cycle=3756 time=1.658221e+01 dt=5.595990e-04
CARTOON_AMR_TRANSACTION cycle=3757 requested_refine=0 requested_derefine_leaves=10 accepted_derefine_parents=0 created_leaves=0 deleted_leaves=0 mirror_mismatches=0
CARTOON_AMR_TRANSACTION cycle=3758 requested_refine=0 requested_derefine_leaves=10 accepted_derefine_parents=0 created_leaves=0 deleted_leaves=0 mirror_mismatches=0
CARTOON_AMR_TRANSACTION cycle=3759 requested_refine=0 requested_derefine_leaves=10 accepted_derefine_parents=0 created_leaves=0 deleted_leaves=0 mirror_mismatches=0
CARTOON_AMR_TRANSACTION cycle=3760 requested_refine=0 requested_derefine_leaves=10 accepted_derefine_parents=0 created_leaves=0 deleted_leaves=0 mirror_mismatches=0
elapsed=2.033916e+02 cycle=3760 time=1.658444e+01 dt=5.571211e-04
CARTOON_AMR_TRANSACTION cycle=3761 requested_refine=0 requested_derefine_leaves=10 accepted_derefine_parents=0 created_leaves=0 deleted_leaves=0 mirror_mismatches=0
CARTOON_AMR_TRANSACTION cycle=3762 requested_refine=0 requested_derefine_leaves=10 accepted_derefine_parents=0 created_leaves=0 deleted_leaves=0 mirror_mismatches=0
CARTOON_AMR_TRANSACTION cycle=3763 requested_refine=0 requested_derefine_leaves=10 accepted_derefine_parents=0 created_leaves=0 deleted_leaves=0 mirror_mismatches=0
CARTOON_AMR_TRANSACTION cycle=3764 requested_refine=0 requested_derefine_leaves=10 accepted_derefine_parents=0 created_leaves=0 deleted_leaves=0 mirror_mismatches=0
elapsed=2.036494e+02 cycle=3764 time=1.658667e+01 dt=5.547135e-04
CARTOON_AMR_TRANSACTION cycle=3765 requested_refine=0 requested_derefine_leaves=10 accepted_derefine_parents=0 created_leaves=0 deleted_leaves=0 mirror_mismatches=0
CARTOON_AMR_TRANSACTION cycle=3766 requested_refine=0 requested_derefine_leaves=10 accepted_derefine_parents=0 created_leaves=0 deleted_leaves=0 mirror_mismatches=0
CARTOON_AMR_TRANSACTION cycle=3767 requested_refine=0 requested_derefine_leaves=10 accepted_derefine_parents=0 created_leaves=0 deleted_leaves=0 mirror_mismatches=0
CARTOON_AMR_TRANSACTION cycle=3768 requested_refine=0 requested_derefine_leaves=10 accepted_derefine_parents=0 created_leaves=0 deleted_leaves=0 mirror_mismatches=0
elapsed=2.039657e+02 cycle=3768 time=1.658888e+01 dt=5.523789e-04
CARTOON_AMR_TRANSACTION cycle=3769 requested_refine=0 requested_derefine_leaves=10 accepted_derefine_parents=0 created_leaves=0 deleted_leaves=0 mirror_mismatches=0
CARTOON_AMR_TRANSACTION cycle=3770 requested_refine=0 requested_derefine_leaves=10 accepted_derefine_parents=0 created_leaves=0 deleted_leaves=0 mirror_mismatches=0
CARTOON_AMR_TRANSACTION cycle=3771 requested_refine=0 requested_derefine_leaves=10 accepted_derefine_parents=0 created_leaves=0 deleted_leaves=0 mirror_mismatches=0
CARTOON_AMR_TRANSACTION cycle=3772 requested_refine=0 requested_derefine_leaves=10 accepted_derefine_parents=0 created_leaves=0 deleted_leaves=0 mirror_mismatches=0
elapsed=2.042031e+02 cycle=3772 time=1.659109e+01 dt=5.501215e-04
CARTOON_AMR_TRANSACTION cycle=3773 requested_refine=0 requested_derefine_leaves=10 accepted_derefine_parents=0 created_leaves=0 deleted_leaves=0 mirror_mismatches=0
CARTOON_AMR_TRANSACTION cycle=3774 requested_refine=0 requested_derefine_leaves=10 accepted_derefine_parents=0 created_leaves=0 deleted_leaves=0 mirror_mismatches=0
CARTOON_AMR_TRANSACTION cycle=3775 requested_refine=0 requested_derefine_leaves=10 accepted_derefine_parents=0 created_leaves=0 deleted_leaves=0 mirror_mismatches=0
CARTOON_AMR_TRANSACTION cycle=3776 requested_refine=0 requested_derefine_leaves=10 accepted_derefine_parents=0 created_leaves=0 deleted_leaves=0 mirror_mismatches=0
elapsed=2.044717e+02 cycle=3776 time=1.659329e+01 dt=5.479416e-04
CARTOON_AMR_TRANSACTION cycle=3777 requested_refine=0 requested_derefine_leaves=10 accepted_derefine_parents=0 created_leaves=0 deleted_leaves=0 mirror_mismatches=0
CARTOON_AMR_TRANSACTION cycle=3778 requested_refine=0 requested_derefine_leaves=10 accepted_derefine_parents=0 created_leaves=0 deleted_leaves=0 mirror_mismatches=0
CARTOON_AMR_TRANSACTION cycle=3779 requested_refine=0 requested_derefine_leaves=10 accepted_derefine_parents=0 created_leaves=0 deleted_leaves=0 mirror_mismatches=0
CARTOON_AMR_TRANSACTION cycle=3780 requested_refine=0 requested_derefine_leaves=10 accepted_derefine_parents=0 created_leaves=0 deleted_leaves=0 mirror_mismatches=0
elapsed=2.047207e+02 cycle=3780 time=1.659548e+01 dt=5.458327e-04
CARTOON_AMR_TRANSACTION cycle=3781 requested_refine=0 requested_derefine_leaves=10 accepted_derefine_parents=0 created_leaves=0 deleted_leaves=0 mirror_mismatches=0
CARTOON_AMR_TRANSACTION cycle=3782 requested_refine=0 requested_derefine_leaves=10 accepted_derefine_parents=0 created_leaves=0 deleted_leaves=0 mirror_mismatches=0
CARTOON_AMR_TRANSACTION cycle=3783 requested_refine=0 requested_derefine_leaves=10 accepted_derefine_parents=0 created_leaves=0 deleted_leaves=0 mirror_mismatches=0
CARTOON_AMR_TRANSACTION cycle=3784 requested_refine=0 requested_derefine_leaves=10 accepted_derefine_parents=0 created_leaves=0 deleted_leaves=0 mirror_mismatches=0
elapsed=2.050143e+02 cycle=3784 time=1.659766e+01 dt=5.437838e-04
CARTOON_AMR_TRANSACTION cycle=3785 requested_refine=0 requested_derefine_leaves=10 accepted_derefine_parents=0 created_leaves=0 deleted_leaves=0 mirror_mismatches=0
CARTOON_AMR_TRANSACTION cycle=3786 requested_refine=0 requested_derefine_leaves=10 accepted_derefine_parents=0 created_leaves=0 deleted_leaves=0 mirror_mismatches=0
CARTOON_AMR_TRANSACTION cycle=3787 requested_refine=0 requested_derefine_leaves=10 accepted_derefine_parents=0 created_leaves=0 deleted_leaves=0 mirror_mismatches=0
CARTOON_AMR_TRANSACTION cycle=3788 requested_refine=0 requested_derefine_leaves=10 accepted_derefine_parents=0 created_leaves=0 deleted_leaves=0 mirror_mismatches=0
elapsed=2.052723e+02 cycle=3788 time=1.659983e+01 dt=5.417853e-04
CARTOON_AMR_TRANSACTION cycle=3789 requested_refine=0 requested_derefine_leaves=10 accepted_derefine_parents=0 created_leaves=0 deleted_leaves=0 mirror_mismatches=0
CARTOON_AMR_TRANSACTION cycle=3790 requested_refine=0 requested_derefine_leaves=10 accepted_derefine_parents=0 created_leaves=0 deleted_leaves=0 mirror_mismatches=0
CARTOON_AMR_TRANSACTION cycle=3791 requested_refine=0 requested_derefine_leaves=10 accepted_derefine_parents=0 created_leaves=0 deleted_leaves=0 mirror_mismatches=0
CARTOON_AMR_TRANSACTION cycle=3792 requested_refine=0 requested_derefine_leaves=10 accepted_derefine_parents=0 created_leaves=0 deleted_leaves=0 mirror_mismatches=0
elapsed=2.055550e+02 cycle=3792 time=1.660199e+01 dt=5.398343e-04
CARTOON_AMR_TRANSACTION cycle=3793 requested_refine=0 requested_derefine_leaves=10 accepted_derefine_parents=0 created_leaves=0 deleted_leaves=0 mirror_mismatches=0
CARTOON_AMR_TRANSACTION cycle=3794 requested_refine=0 requested_derefine_leaves=10 accepted_derefine_parents=0 created_leaves=0 deleted_leaves=0 mirror_mismatches=0
CARTOON_AMR_TRANSACTION cycle=3795 requested_refine=0 requested_derefine_leaves=10 accepted_derefine_parents=0 created_leaves=0 deleted_leaves=0 mirror_mismatches=0
CARTOON_AMR_TRANSACTION cycle=3796 requested_refine=0 requested_derefine_leaves=10 accepted_derefine_parents=0 created_leaves=0 deleted_leaves=0 mirror_mismatches=0
elapsed=2.057759e+02 cycle=3796 time=1.660415e+01 dt=5.379182e-04
CARTOON_AMR_TRANSACTION cycle=3797 requested_refine=0 requested_derefine_leaves=10 accepted_derefine_parents=0 created_leaves=0 deleted_leaves=0 mirror_mismatches=0
CARTOON_AMR_TRANSACTION cycle=3798 requested_refine=0 requested_derefine_leaves=10 accepted_derefine_parents=0 created_leaves=0 deleted_leaves=0 mirror_mismatches=0
CARTOON_AMR_TRANSACTION cycle=3799 requested_refine=0 requested_derefine_leaves=10 accepted_derefine_parents=0 created_leaves=0 deleted_leaves=0 mirror_mismatches=0
CARTOON_AMR_TRANSACTION cycle=3800 requested_refine=0 requested_derefine_leaves=10 accepted_derefine_parents=0 created_leaves=0 deleted_leaves=0 mirror_mismatches=0
elapsed=2.060104e+02 cycle=3800 time=1.660630e+01 dt=5.360303e-04
CARTOON_AMR_TRANSACTION cycle=3801 requested_refine=0 requested_derefine_leaves=10 accepted_derefine_parents=0 created_leaves=0 deleted_leaves=0 mirror_mismatches=0
CARTOON_AMR_TRANSACTION cycle=3802 requested_refine=0 requested_derefine_leaves=10 accepted_derefine_parents=0 created_leaves=0 deleted_leaves=0 mirror_mismatches=0
CARTOON_AMR_TRANSACTION cycle=3803 requested_refine=0 requested_derefine_leaves=10 accepted_derefine_parents=0 created_leaves=0 deleted_leaves=0 mirror_mismatches=0
CARTOON_AMR_TRANSACTION cycle=3804 requested_refine=0 requested_derefine_leaves=10 accepted_derefine_parents=0 created_leaves=0 deleted_leaves=0 mirror_mismatches=0
elapsed=2.062525e+02 cycle=3804 time=1.660844e+01 dt=5.342091e-04
CARTOON_AMR_TRANSACTION cycle=3805 requested_refine=0 requested_derefine_leaves=10 accepted_derefine_parents=0 created_leaves=0 deleted_leaves=0 mirror_mismatches=0
CARTOON_AMR_TRANSACTION cycle=3806 requested_refine=0 requested_derefine_leaves=10 accepted_derefine_parents=0 created_leaves=0 deleted_leaves=0 mirror_mismatches=0
CARTOON_AMR_TRANSACTION cycle=3807 requested_refine=0 requested_derefine_leaves=10 accepted_derefine_parents=0 created_leaves=0 deleted_leaves=0 mirror_mismatches=0
CARTOON_AMR_TRANSACTION cycle=3808 requested_refine=0 requested_derefine_leaves=10 accepted_derefine_parents=0 created_leaves=0 deleted_leaves=0 mirror_mismatches=0
elapsed=2.064928e+02 cycle=3808 time=1.661057e+01 dt=5.324478e-04
CARTOON_AMR_TRANSACTION cycle=3809 requested_refine=0 requested_derefine_leaves=10 accepted_derefine_parents=0 created_leaves=0 deleted_leaves=0 mirror_mismatches=0
CARTOON_AMR_TRANSACTION cycle=3810 requested_refine=0 requested_derefine_leaves=10 accepted_derefine_parents=0 created_leaves=0 deleted_leaves=0 mirror_mismatches=0
CARTOON_AMR_TRANSACTION cycle=3811 requested_refine=4 requested_derefine_leaves=10 accepted_derefine_parents=0 created_leaves=18 deleted_leaves=0 mirror_mismatches=0
AMR_Z4C_CHI_PROLONGATION cycle=3811 transfer=high_order local_fallback_groups=0 global_fallback_groups=0 global_high_order_groups=6144
CARTOON_AMR_TRANSACTION cycle=3812 requested_refine=0 requested_derefine_leaves=24 accepted_derefine_parents=0 created_leaves=0 deleted_leaves=0 mirror_mismatches=0
elapsed=2.067582e+02 cycle=3812 time=1.661244e+01 dt=2.654147e-04
CARTOON_AMR_TRANSACTION cycle=3813 requested_refine=0 requested_derefine_leaves=24 accepted_derefine_parents=0 created_leaves=0 deleted_leaves=0 mirror_mismatches=0
CARTOON_AMR_TRANSACTION cycle=3814 requested_refine=0 requested_derefine_leaves=24 accepted_derefine_parents=0 created_leaves=0 deleted_leaves=0 mirror_mismatches=0
CARTOON_AMR_TRANSACTION cycle=3815 requested_refine=0 requested_derefine_leaves=24 accepted_derefine_parents=0 created_leaves=0 deleted_leaves=0 mirror_mismatches=0
CARTOON_AMR_TRANSACTION cycle=3816 requested_refine=0 requested_derefine_leaves=24 accepted_derefine_parents=0 created_leaves=0 deleted_leaves=0 mirror_mismatches=0
elapsed=2.070422e+02 cycle=3816 time=1.661350e+01 dt=2.650011e-04
CARTOON_AMR_TRANSACTION cycle=3817 requested_refine=0 requested_derefine_leaves=24 accepted_derefine_parents=0 created_leaves=0 deleted_leaves=0 mirror_mismatches=0
CARTOON_AMR_TRANSACTION cycle=3818 requested_refine=0 requested_derefine_leaves=24 accepted_derefine_parents=0 created_leaves=0 deleted_leaves=0 mirror_mismatches=0
CARTOON_AMR_TRANSACTION cycle=3819 requested_refine=0 requested_derefine_leaves=24 accepted_derefine_parents=0 created_leaves=0 deleted_leaves=0 mirror_mismatches=0
CARTOON_AMR_TRANSACTION cycle=3820 requested_refine=0 requested_derefine_leaves=24 accepted_derefine_parents=0 created_leaves=0 deleted_leaves=0 mirror_mismatches=0
elapsed=2.073141e+02 cycle=3820 time=1.661456e+01 dt=2.645942e-04
CARTOON_AMR_TRANSACTION cycle=3821 requested_refine=0 requested_derefine_leaves=24 accepted_derefine_parents=0 created_leaves=0 deleted_leaves=0 mirror_mismatches=0
CARTOON_AMR_TRANSACTION cycle=3822 requested_refine=0 requested_derefine_leaves=24 accepted_derefine_parents=0 created_leaves=0 deleted_leaves=0 mirror_mismatches=0
CARTOON_AMR_TRANSACTION cycle=3823 requested_refine=0 requested_derefine_leaves=24 accepted_derefine_parents=0 created_leaves=0 deleted_leaves=0 mirror_mismatches=0
CARTOON_AMR_TRANSACTION cycle=3824 requested_refine=0 requested_derefine_leaves=24 accepted_derefine_parents=0 created_leaves=0 deleted_leaves=0 mirror_mismatches=0
elapsed=2.075794e+02 cycle=3824 time=1.661561e+01 dt=2.641939e-04
CARTOON_AMR_TRANSACTION cycle=3825 requested_refine=0 requested_derefine_leaves=24 accepted_derefine_parents=0 created_leaves=0 deleted_leaves=0 mirror_mismatches=0
CARTOON_AMR_TRANSACTION cycle=3826 requested_refine=0 requested_derefine_leaves=24 accepted_derefine_parents=0 created_leaves=0 deleted_leaves=0 mirror_mismatches=0
CARTOON_AMR_TRANSACTION cycle=3827 requested_refine=0 requested_derefine_leaves=24 accepted_derefine_parents=0 created_leaves=0 deleted_leaves=0 mirror_mismatches=0
CARTOON_AMR_TRANSACTION cycle=3828 requested_refine=0 requested_derefine_leaves=24 accepted_derefine_parents=0 created_leaves=0 deleted_leaves=0 mirror_mismatches=0
elapsed=2.078350e+02 cycle=3828 time=1.661667e+01 dt=2.638003e-04
CARTOON_AMR_TRANSACTION cycle=3829 requested_refine=0 requested_derefine_leaves=24 accepted_derefine_parents=0 created_leaves=0 deleted_leaves=0 mirror_mismatches=0
CARTOON_AMR_TRANSACTION cycle=3830 requested_refine=0 requested_derefine_leaves=24 accepted_derefine_parents=0 created_leaves=0 deleted_leaves=0 mirror_mismatches=0
CARTOON_AMR_TRANSACTION cycle=3831 requested_refine=0 requested_derefine_leaves=24 accepted_derefine_parents=0 created_leaves=0 deleted_leaves=0 mirror_mismatches=0
CARTOON_AMR_TRANSACTION cycle=3832 requested_refine=0 requested_derefine_leaves=24 accepted_derefine_parents=0 created_leaves=0 deleted_leaves=0 mirror_mismatches=0
elapsed=2.081223e+02 cycle=3832 time=1.661772e+01 dt=2.634137e-04
CARTOON_AMR_TRANSACTION cycle=3833 requested_refine=0 requested_derefine_leaves=24 accepted_derefine_parents=0 created_leaves=0 deleted_leaves=0 mirror_mismatches=0
CARTOON_AMR_TRANSACTION cycle=3834 requested_refine=0 requested_derefine_leaves=24 accepted_derefine_parents=0 created_leaves=0 deleted_leaves=0 mirror_mismatches=0
CARTOON_AMR_TRANSACTION cycle=3835 requested_refine=0 requested_derefine_leaves=24 accepted_derefine_parents=0 created_leaves=0 deleted_leaves=0 mirror_mismatches=0
CARTOON_AMR_TRANSACTION cycle=3836 requested_refine=0 requested_derefine_leaves=24 accepted_derefine_parents=0 created_leaves=0 deleted_leaves=0 mirror_mismatches=0
elapsed=2.083834e+02 cycle=3836 time=1.661878e+01 dt=2.630344e-04
CARTOON_AMR_TRANSACTION cycle=3837 requested_refine=0 requested_derefine_leaves=22 accepted_derefine_parents=0 created_leaves=0 deleted_leaves=0 mirror_mismatches=0
CARTOON_AMR_TRANSACTION cycle=3838 requested_refine=0 requested_derefine_leaves=22 accepted_derefine_parents=0 created_leaves=0 deleted_leaves=0 mirror_mismatches=0
CARTOON_AMR_TRANSACTION cycle=3839 requested_refine=0 requested_derefine_leaves=22 accepted_derefine_parents=0 created_leaves=0 deleted_leaves=0 mirror_mismatches=0
CARTOON_AMR_TRANSACTION cycle=3840 requested_refine=0 requested_derefine_leaves=22 accepted_derefine_parents=0 created_leaves=0 deleted_leaves=0 mirror_mismatches=0
elapsed=2.093598e+02 cycle=3840 time=1.661983e+01 dt=2.626622e-04
CARTOON_AMR_TRANSACTION cycle=3841 requested_refine=0 requested_derefine_leaves=22 accepted_derefine_parents=0 created_leaves=0 deleted_leaves=0 mirror_mismatches=0
CARTOON_AMR_TRANSACTION cycle=3842 requested_refine=0 requested_derefine_leaves=22 accepted_derefine_parents=0 created_leaves=0 deleted_leaves=0 mirror_mismatches=0
CARTOON_AMR_TRANSACTION cycle=3843 requested_refine=0 requested_derefine_leaves=22 accepted_derefine_parents=0 created_leaves=0 deleted_leaves=0 mirror_mismatches=0
CARTOON_AMR_TRANSACTION cycle=3844 requested_refine=0 requested_derefine_leaves=22 accepted_derefine_parents=0 created_leaves=0 deleted_leaves=0 mirror_mismatches=0
elapsed=2.096217e+02 cycle=3844 time=1.662088e+01 dt=2.622969e-04
CARTOON_AMR_TRANSACTION cycle=3845 requested_refine=0 requested_derefine_leaves=22 accepted_derefine_parents=0 created_leaves=0 deleted_leaves=0 mirror_mismatches=0
CARTOON_AMR_TRANSACTION cycle=3846 requested_refine=2 requested_derefine_leaves=22 accepted_derefine_parents=0 created_leaves=6 deleted_leaves=0 mirror_mismatches=0
AMR_Z4C_CHI_PROLONGATION cycle=3846 transfer=high_order local_fallback_groups=0 global_fallback_groups=0 global_high_order_groups=2048
CARTOON_AMR_TRANSACTION cycle=3847 requested_refine=0 requested_derefine_leaves=26 accepted_derefine_parents=0 created_leaves=0 deleted_leaves=0 mirror_mismatches=0
CARTOON_AMR_TRANSACTION cycle=3848 requested_refine=0 requested_derefine_leaves=26 accepted_derefine_parents=0 created_leaves=0 deleted_leaves=0 mirror_mismatches=0
elapsed=2.099320e+02 cycle=3848 time=1.662193e+01 dt=2.619382e-04
CARTOON_AMR_TRANSACTION cycle=3849 requested_refine=0 requested_derefine_leaves=26 accepted_derefine_parents=0 created_leaves=0 deleted_leaves=0 mirror_mismatches=0
CARTOON_AMR_TRANSACTION cycle=3850 requested_refine=0 requested_derefine_leaves=26 accepted_derefine_parents=0 created_leaves=0 deleted_leaves=0 mirror_mismatches=0
CARTOON_AMR_TRANSACTION cycle=3851 requested_refine=0 requested_derefine_leaves=26 accepted_derefine_parents=0 created_leaves=0 deleted_leaves=0 mirror_mismatches=0
CARTOON_AMR_TRANSACTION cycle=3852 requested_refine=0 requested_derefine_leaves=26 accepted_derefine_parents=0 created_leaves=0 deleted_leaves=0 mirror_mismatches=0
elapsed=2.101944e+02 cycle=3852 time=1.662298e+01 dt=2.615861e-04
CARTOON_AMR_TRANSACTION cycle=3853 requested_refine=0 requested_derefine_leaves=26 accepted_derefine_parents=0 created_leaves=0 deleted_leaves=0 mirror_mismatches=0
CARTOON_AMR_TRANSACTION cycle=3854 requested_refine=0 requested_derefine_leaves=26 accepted_derefine_parents=0 created_leaves=0 deleted_leaves=0 mirror_mismatches=0
CARTOON_AMR_TRANSACTION cycle=3855 requested_refine=0 requested_derefine_leaves=26 accepted_derefine_parents=0 created_leaves=0 deleted_leaves=0 mirror_mismatches=0
CARTOON_AMR_TRANSACTION cycle=3856 requested_refine=0 requested_derefine_leaves=26 accepted_derefine_parents=0 created_leaves=0 deleted_leaves=0 mirror_mismatches=0
elapsed=2.105244e+02 cycle=3856 time=1.662402e+01 dt=2.612403e-04
CARTOON_AMR_TRANSACTION cycle=3857 requested_refine=0 requested_derefine_leaves=26 accepted_derefine_parents=0 created_leaves=0 deleted_leaves=0 mirror_mismatches=0
CARTOON_AMR_TRANSACTION cycle=3858 requested_refine=0 requested_derefine_leaves=26 accepted_derefine_parents=0 created_leaves=0 deleted_leaves=0 mirror_mismatches=0
CARTOON_AMR_TRANSACTION cycle=3859 requested_refine=0 requested_derefine_leaves=26 accepted_derefine_parents=0 created_leaves=0 deleted_leaves=0 mirror_mismatches=0
CARTOON_AMR_TRANSACTION cycle=3860 requested_refine=0 requested_derefine_leaves=26 accepted_derefine_parents=0 created_leaves=0 deleted_leaves=0 mirror_mismatches=0
elapsed=2.108225e+02 cycle=3860 time=1.662507e+01 dt=2.609011e-04
CARTOON_AMR_TRANSACTION cycle=3861 requested_refine=0 requested_derefine_leaves=26 accepted_derefine_parents=0 created_leaves=0 deleted_leaves=0 mirror_mismatches=0
CARTOON_AMR_TRANSACTION cycle=3862 requested_refine=0 requested_derefine_leaves=26 accepted_derefine_parents=0 created_leaves=0 deleted_leaves=0 mirror_mismatches=0
CARTOON_AMR_TRANSACTION cycle=3863 requested_refine=0 requested_derefine_leaves=26 accepted_derefine_parents=0 created_leaves=0 deleted_leaves=0 mirror_mismatches=0
CARTOON_AMR_TRANSACTION cycle=3864 requested_refine=0 requested_derefine_leaves=26 accepted_derefine_parents=0 created_leaves=0 deleted_leaves=0 mirror_mismatches=0
elapsed=2.110911e+02 cycle=3864 time=1.662611e+01 dt=2.605685e-04
CARTOON_AMR_TRANSACTION cycle=3865 requested_refine=0 requested_derefine_leaves=26 accepted_derefine_parents=0 created_leaves=0 deleted_leaves=0 mirror_mismatches=0
CARTOON_AMR_TRANSACTION cycle=3866 requested_refine=0 requested_derefine_leaves=26 accepted_derefine_parents=0 created_leaves=0 deleted_leaves=0 mirror_mismatches=0
CARTOON_AMR_TRANSACTION cycle=3867 requested_refine=0 requested_derefine_leaves=26 accepted_derefine_parents=0 created_leaves=0 deleted_leaves=0 mirror_mismatches=0
CARTOON_AMR_TRANSACTION cycle=3868 requested_refine=0 requested_derefine_leaves=26 accepted_derefine_parents=0 created_leaves=0 deleted_leaves=0 mirror_mismatches=0
elapsed=2.113545e+02 cycle=3868 time=1.662715e+01 dt=2.602426e-04
CARTOON_AMR_TRANSACTION cycle=3869 requested_refine=0 requested_derefine_leaves=26 accepted_derefine_parents=0 created_leaves=0 deleted_leaves=0 mirror_mismatches=0
CARTOON_AMR_TRANSACTION cycle=3870 requested_refine=0 requested_derefine_leaves=26 accepted_derefine_parents=0 created_leaves=0 deleted_leaves=0 mirror_mismatches=0
CARTOON_AMR_TRANSACTION cycle=3871 requested_refine=0 requested_derefine_leaves=26 accepted_derefine_parents=0 created_leaves=0 deleted_leaves=0 mirror_mismatches=0
CARTOON_AMR_TRANSACTION cycle=3872 requested_refine=0 requested_derefine_leaves=26 accepted_derefine_parents=0 created_leaves=0 deleted_leaves=0 mirror_mismatches=0
elapsed=2.116335e+02 cycle=3872 time=1.662819e+01 dt=2.599237e-04
CARTOON_AMR_TRANSACTION cycle=3873 requested_refine=0 requested_derefine_leaves=26 accepted_derefine_parents=0 created_leaves=0 deleted_leaves=0 mirror_mismatches=0
CARTOON_AMR_TRANSACTION cycle=3874 requested_refine=0 requested_derefine_leaves=26 accepted_derefine_parents=0 created_leaves=0 deleted_leaves=0 mirror_mismatches=0
CARTOON_AMR_TRANSACTION cycle=3875 requested_refine=0 requested_derefine_leaves=26 accepted_derefine_parents=0 created_leaves=0 deleted_leaves=0 mirror_mismatches=0
CARTOON_AMR_TRANSACTION cycle=3876 requested_refine=0 requested_derefine_leaves=26 accepted_derefine_parents=0 created_leaves=0 deleted_leaves=0 mirror_mismatches=0
elapsed=2.119126e+02 cycle=3876 time=1.662923e+01 dt=2.596118e-04
CARTOON_AMR_TRANSACTION cycle=3877 requested_refine=0 requested_derefine_leaves=26 accepted_derefine_parents=0 created_leaves=0 deleted_leaves=0 mirror_mismatches=0
CARTOON_AMR_TRANSACTION cycle=3878 requested_refine=0 requested_derefine_leaves=26 accepted_derefine_parents=0 created_leaves=0 deleted_leaves=0 mirror_mismatches=0
CARTOON_AMR_TRANSACTION cycle=3879 requested_refine=0 requested_derefine_leaves=26 accepted_derefine_parents=0 created_leaves=0 deleted_leaves=0 mirror_mismatches=0
CARTOON_AMR_TRANSACTION cycle=3880 requested_refine=0 requested_derefine_leaves=26 accepted_derefine_parents=0 created_leaves=0 deleted_leaves=0 mirror_mismatches=0
elapsed=2.121831e+02 cycle=3880 time=1.663027e+01 dt=2.593069e-04
CARTOON_AMR_TRANSACTION cycle=3881 requested_refine=0 requested_derefine_leaves=26 accepted_derefine_parents=0 created_leaves=0 deleted_leaves=0 mirror_mismatches=0
CARTOON_AMR_TRANSACTION cycle=3882 requested_refine=0 requested_derefine_leaves=26 accepted_derefine_parents=0 created_leaves=0 deleted_leaves=0 mirror_mismatches=0
CARTOON_AMR_TRANSACTION cycle=3883 requested_refine=0 requested_derefine_leaves=26 accepted_derefine_parents=0 created_leaves=0 deleted_leaves=0 mirror_mismatches=0
CARTOON_AMR_TRANSACTION cycle=3884 requested_refine=0 requested_derefine_leaves=26 accepted_derefine_parents=0 created_leaves=0 deleted_leaves=0 mirror_mismatches=0
elapsed=2.124731e+02 cycle=3884 time=1.663130e+01 dt=2.590090e-04
CARTOON_AMR_TRANSACTION cycle=3885 requested_refine=0 requested_derefine_leaves=26 accepted_derefine_parents=0 created_leaves=0 deleted_leaves=0 mirror_mismatches=0
CARTOON_AMR_TRANSACTION cycle=3886 requested_refine=0 requested_derefine_leaves=26 accepted_derefine_parents=0 created_leaves=0 deleted_leaves=0 mirror_mismatches=0
CARTOON_AMR_TRANSACTION cycle=3887 requested_refine=0 requested_derefine_leaves=26 accepted_derefine_parents=0 created_leaves=0 deleted_leaves=0 mirror_mismatches=0
CARTOON_AMR_TRANSACTION cycle=3888 requested_refine=0 requested_derefine_leaves=26 accepted_derefine_parents=0 created_leaves=0 deleted_leaves=0 mirror_mismatches=0
elapsed=2.128001e+02 cycle=3888 time=1.663234e+01 dt=2.587181e-04
CARTOON_AMR_TRANSACTION cycle=3889 requested_refine=0 requested_derefine_leaves=26 accepted_derefine_parents=0 created_leaves=0 deleted_leaves=0 mirror_mismatches=0
CARTOON_AMR_TRANSACTION cycle=3890 requested_refine=0 requested_derefine_leaves=26 accepted_derefine_parents=0 created_leaves=0 deleted_leaves=0 mirror_mismatches=0
CARTOON_AMR_TRANSACTION cycle=3891 requested_refine=0 requested_derefine_leaves=26 accepted_derefine_parents=0 created_leaves=0 deleted_leaves=0 mirror_mismatches=0
CARTOON_AMR_TRANSACTION cycle=3892 requested_refine=0 requested_derefine_leaves=26 accepted_derefine_parents=0 created_leaves=0 deleted_leaves=0 mirror_mismatches=0
elapsed=2.130804e+02 cycle=3892 time=1.663337e+01 dt=2.584341e-04
CARTOON_AMR_TRANSACTION cycle=3893 requested_refine=0 requested_derefine_leaves=26 accepted_derefine_parents=0 created_leaves=0 deleted_leaves=0 mirror_mismatches=0
CARTOON_AMR_TRANSACTION cycle=3894 requested_refine=0 requested_derefine_leaves=26 accepted_derefine_parents=0 created_leaves=0 deleted_leaves=0 mirror_mismatches=0
CARTOON_AMR_TRANSACTION cycle=3895 requested_refine=0 requested_derefine_leaves=26 accepted_derefine_parents=0 created_leaves=0 deleted_leaves=0 mirror_mismatches=0
CARTOON_AMR_TRANSACTION cycle=3896 requested_refine=0 requested_derefine_leaves=26 accepted_derefine_parents=0 created_leaves=0 deleted_leaves=0 mirror_mismatches=0
elapsed=2.134075e+02 cycle=3896 time=1.663441e+01 dt=2.581569e-04
CARTOON_AMR_TRANSACTION cycle=3897 requested_refine=0 requested_derefine_leaves=26 accepted_derefine_parents=0 created_leaves=0 deleted_leaves=0 mirror_mismatches=0
CARTOON_AMR_TRANSACTION cycle=3898 requested_refine=0 requested_derefine_leaves=26 accepted_derefine_parents=0 created_leaves=0 deleted_leaves=0 mirror_mismatches=0
CARTOON_AMR_TRANSACTION cycle=3899 requested_refine=0 requested_derefine_leaves=26 accepted_derefine_parents=0 created_leaves=0 deleted_leaves=0 mirror_mismatches=0
CARTOON_AMR_TRANSACTION cycle=3900 requested_refine=0 requested_derefine_leaves=26 accepted_derefine_parents=0 created_leaves=0 deleted_leaves=0 mirror_mismatches=0
elapsed=2.136579e+02 cycle=3900 time=1.663544e+01 dt=2.578864e-04
CARTOON_AMR_TRANSACTION cycle=3901 requested_refine=0 requested_derefine_leaves=26 accepted_derefine_parents=0 created_leaves=0 deleted_leaves=0 mirror_mismatches=0
CARTOON_AMR_TRANSACTION cycle=3902 requested_refine=0 requested_derefine_leaves=26 accepted_derefine_parents=0 created_leaves=0 deleted_leaves=0 mirror_mismatches=0
CARTOON_AMR_TRANSACTION cycle=3903 requested_refine=0 requested_derefine_leaves=26 accepted_derefine_parents=0 created_leaves=0 deleted_leaves=0 mirror_mismatches=0
CARTOON_AMR_TRANSACTION cycle=3904 requested_refine=0 requested_derefine_leaves=26 accepted_derefine_parents=0 created_leaves=0 deleted_leaves=0 mirror_mismatches=0
elapsed=2.139454e+02 cycle=3904 time=1.663647e+01 dt=2.576224e-04
CARTOON_AMR_TRANSACTION cycle=3905 requested_refine=0 requested_derefine_leaves=28 accepted_derefine_parents=0 created_leaves=0 deleted_leaves=0 mirror_mismatches=0
CARTOON_AMR_TRANSACTION cycle=3906 requested_refine=0 requested_derefine_leaves=28 accepted_derefine_parents=0 created_leaves=0 deleted_leaves=0 mirror_mismatches=0
CARTOON_AMR_TRANSACTION cycle=3907 requested_refine=0 requested_derefine_leaves=28 accepted_derefine_parents=0 created_leaves=0 deleted_leaves=0 mirror_mismatches=0
CARTOON_AMR_TRANSACTION cycle=3908 requested_refine=0 requested_derefine_leaves=28 accepted_derefine_parents=0 created_leaves=0 deleted_leaves=0 mirror_mismatches=0
elapsed=2.142472e+02 cycle=3908 time=1.663750e+01 dt=2.573640e-04
CARTOON_AMR_TRANSACTION cycle=3909 requested_refine=0 requested_derefine_leaves=28 accepted_derefine_parents=0 created_leaves=0 deleted_leaves=0 mirror_mismatches=0
CARTOON_AMR_TRANSACTION cycle=3910 requested_refine=0 requested_derefine_leaves=28 accepted_derefine_parents=0 created_leaves=0 deleted_leaves=0 mirror_mismatches=0
CARTOON_AMR_TRANSACTION cycle=3911 requested_refine=0 requested_derefine_leaves=28 accepted_derefine_parents=0 created_leaves=0 deleted_leaves=0 mirror_mismatches=0
CARTOON_AMR_TRANSACTION cycle=3912 requested_refine=0 requested_derefine_leaves=28 accepted_derefine_parents=0 created_leaves=0 deleted_leaves=0 mirror_mismatches=0
elapsed=2.145771e+02 cycle=3912 time=1.663853e+01 dt=2.571049e-04
CARTOON_AMR_TRANSACTION cycle=3913 requested_refine=0 requested_derefine_leaves=28 accepted_derefine_parents=0 created_leaves=0 deleted_leaves=0 mirror_mismatches=0
CARTOON_AMR_TRANSACTION cycle=3914 requested_refine=0 requested_derefine_leaves=28 accepted_derefine_parents=0 created_leaves=0 deleted_leaves=0 mirror_mismatches=0
CARTOON_AMR_TRANSACTION cycle=3915 requested_refine=0 requested_derefine_leaves=28 accepted_derefine_parents=0 created_leaves=0 deleted_leaves=0 mirror_mismatches=0
CARTOON_AMR_TRANSACTION cycle=3916 requested_refine=0 requested_derefine_leaves=28 accepted_derefine_parents=0 created_leaves=0 deleted_leaves=0 mirror_mismatches=0
elapsed=2.148508e+02 cycle=3916 time=1.663956e+01 dt=2.568519e-04
CARTOON_AMR_TRANSACTION cycle=3917 requested_refine=0 requested_derefine_leaves=28 accepted_derefine_parents=0 created_leaves=0 deleted_leaves=0 mirror_mismatches=0
CARTOON_AMR_TRANSACTION cycle=3918 requested_refine=0 requested_derefine_leaves=28 accepted_derefine_parents=0 created_leaves=0 deleted_leaves=0 mirror_mismatches=0
CARTOON_AMR_TRANSACTION cycle=3919 requested_refine=0 requested_derefine_leaves=28 accepted_derefine_parents=0 created_leaves=0 deleted_leaves=0 mirror_mismatches=0
CARTOON_AMR_TRANSACTION cycle=3920 requested_refine=0 requested_derefine_leaves=28 accepted_derefine_parents=0 created_leaves=0 deleted_leaves=0 mirror_mismatches=0
elapsed=2.151737e+02 cycle=3920 time=1.664059e+01 dt=2.566054e-04
CARTOON_AMR_TRANSACTION cycle=3921 requested_refine=0 requested_derefine_leaves=28 accepted_derefine_parents=0 created_leaves=0 deleted_leaves=0 mirror_mismatches=0
CARTOON_AMR_TRANSACTION cycle=3922 requested_refine=0 requested_derefine_leaves=28 accepted_derefine_parents=0 created_leaves=0 deleted_leaves=0 mirror_mismatches=0
CARTOON_AMR_TRANSACTION cycle=3923 requested_refine=0 requested_derefine_leaves=28 accepted_derefine_parents=0 created_leaves=0 deleted_leaves=0 mirror_mismatches=0
CARTOON_AMR_TRANSACTION cycle=3924 requested_refine=0 requested_derefine_leaves=28 accepted_derefine_parents=0 created_leaves=0 deleted_leaves=0 mirror_mismatches=0
elapsed=2.154478e+02 cycle=3924 time=1.664161e+01 dt=2.563652e-04
CARTOON_AMR_TRANSACTION cycle=3925 requested_refine=0 requested_derefine_leaves=28 accepted_derefine_parents=0 created_leaves=0 deleted_leaves=0 mirror_mismatches=0
CARTOON_AMR_TRANSACTION cycle=3926 requested_refine=0 requested_derefine_leaves=28 accepted_derefine_parents=0 created_leaves=0 deleted_leaves=0 mirror_mismatches=0
CARTOON_AMR_TRANSACTION cycle=3927 requested_refine=0 requested_derefine_leaves=28 accepted_derefine_parents=0 created_leaves=0 deleted_leaves=0 mirror_mismatches=0
CARTOON_AMR_TRANSACTION cycle=3928 requested_refine=0 requested_derefine_leaves=28 accepted_derefine_parents=0 created_leaves=0 deleted_leaves=0 mirror_mismatches=0
elapsed=2.158075e+02 cycle=3928 time=1.664264e+01 dt=2.561313e-04
CARTOON_AMR_TRANSACTION cycle=3929 requested_refine=0 requested_derefine_leaves=28 accepted_derefine_parents=0 created_leaves=0 deleted_leaves=0 mirror_mismatches=0
CARTOON_AMR_TRANSACTION cycle=3930 requested_refine=0 requested_derefine_leaves=28 accepted_derefine_parents=0 created_leaves=0 deleted_leaves=0 mirror_mismatches=0
CARTOON_AMR_TRANSACTION cycle=3931 requested_refine=0 requested_derefine_leaves=28 accepted_derefine_parents=0 created_leaves=0 deleted_leaves=0 mirror_mismatches=0
CARTOON_AMR_TRANSACTION cycle=3932 requested_refine=0 requested_derefine_leaves=28 accepted_derefine_parents=0 created_leaves=0 deleted_leaves=0 mirror_mismatches=0
elapsed=2.162366e+02 cycle=3932 time=1.664366e+01 dt=2.559037e-04
CARTOON_AMR_TRANSACTION cycle=3933 requested_refine=0 requested_derefine_leaves=28 accepted_derefine_parents=0 created_leaves=0 deleted_leaves=0 mirror_mismatches=0
CARTOON_AMR_TRANSACTION cycle=3934 requested_refine=0 requested_derefine_leaves=28 accepted_derefine_parents=0 created_leaves=0 deleted_leaves=0 mirror_mismatches=0
CARTOON_AMR_TRANSACTION cycle=3935 requested_refine=0 requested_derefine_leaves=28 accepted_derefine_parents=0 created_leaves=0 deleted_leaves=0 mirror_mismatches=0
CARTOON_AMR_TRANSACTION cycle=3936 requested_refine=0 requested_derefine_leaves=28 accepted_derefine_parents=0 created_leaves=0 deleted_leaves=0 mirror_mismatches=0
elapsed=2.165484e+02 cycle=3936 time=1.664468e+01 dt=2.556821e-04
CARTOON_AMR_TRANSACTION cycle=3937 requested_refine=0 requested_derefine_leaves=26 accepted_derefine_parents=0 created_leaves=0 deleted_leaves=0 mirror_mismatches=0
CARTOON_AMR_TRANSACTION cycle=3938 requested_refine=0 requested_derefine_leaves=26 accepted_derefine_parents=0 created_leaves=0 deleted_leaves=0 mirror_mismatches=0
CARTOON_AMR_TRANSACTION cycle=3939 requested_refine=0 requested_derefine_leaves=26 accepted_derefine_parents=0 created_leaves=0 deleted_leaves=0 mirror_mismatches=0
CARTOON_AMR_TRANSACTION cycle=3940 requested_refine=0 requested_derefine_leaves=26 accepted_derefine_parents=0 created_leaves=0 deleted_leaves=0 mirror_mismatches=0
elapsed=2.168476e+02 cycle=3940 time=1.664571e+01 dt=2.554666e-04
CARTOON_AMR_TRANSACTION cycle=3941 requested_refine=0 requested_derefine_leaves=26 accepted_derefine_parents=0 created_leaves=0 deleted_leaves=0 mirror_mismatches=0
CARTOON_AMR_TRANSACTION cycle=3942 requested_refine=0 requested_derefine_leaves=26 accepted_derefine_parents=0 created_leaves=0 deleted_leaves=0 mirror_mismatches=0
CARTOON_AMR_TRANSACTION cycle=3943 requested_refine=0 requested_derefine_leaves=26 accepted_derefine_parents=0 created_leaves=0 deleted_leaves=0 mirror_mismatches=0
CARTOON_AMR_TRANSACTION cycle=3944 requested_refine=0 requested_derefine_leaves=26 accepted_derefine_parents=0 created_leaves=0 deleted_leaves=0 mirror_mismatches=0
elapsed=2.171600e+02 cycle=3944 time=1.664673e+01 dt=2.552568e-04
CARTOON_AMR_TRANSACTION cycle=3945 requested_refine=0 requested_derefine_leaves=26 accepted_derefine_parents=0 created_leaves=0 deleted_leaves=0 mirror_mismatches=0
CARTOON_AMR_TRANSACTION cycle=3946 requested_refine=0 requested_derefine_leaves=26 accepted_derefine_parents=0 created_leaves=0 deleted_leaves=0 mirror_mismatches=0
CARTOON_AMR_TRANSACTION cycle=3947 requested_refine=0 requested_derefine_leaves=26 accepted_derefine_parents=0 created_leaves=0 deleted_leaves=0 mirror_mismatches=0
CARTOON_AMR_TRANSACTION cycle=3948 requested_refine=0 requested_derefine_leaves=26 accepted_derefine_parents=0 created_leaves=0 deleted_leaves=0 mirror_mismatches=0
elapsed=2.174161e+02 cycle=3948 time=1.664775e+01 dt=2.550527e-04
CARTOON_AMR_TRANSACTION cycle=3949 requested_refine=0 requested_derefine_leaves=26 accepted_derefine_parents=0 created_leaves=0 deleted_leaves=0 mirror_mismatches=0
CARTOON_AMR_TRANSACTION cycle=3950 requested_refine=0 requested_derefine_leaves=26 accepted_derefine_parents=0 created_leaves=0 deleted_leaves=0 mirror_mismatches=0
CARTOON_AMR_TRANSACTION cycle=3951 requested_refine=0 requested_derefine_leaves=26 accepted_derefine_parents=0 created_leaves=0 deleted_leaves=0 mirror_mismatches=0
CARTOON_AMR_TRANSACTION cycle=3952 requested_refine=0 requested_derefine_leaves=26 accepted_derefine_parents=0 created_leaves=0 deleted_leaves=0 mirror_mismatches=0
elapsed=2.177995e+02 cycle=3952 time=1.664877e+01 dt=2.548541e-04
CARTOON_AMR_TRANSACTION cycle=3953 requested_refine=0 requested_derefine_leaves=26 accepted_derefine_parents=0 created_leaves=0 deleted_leaves=0 mirror_mismatches=0
CARTOON_AMR_TRANSACTION cycle=3954 requested_refine=0 requested_derefine_leaves=26 accepted_derefine_parents=0 created_leaves=0 deleted_leaves=0 mirror_mismatches=0
CARTOON_AMR_TRANSACTION cycle=3955 requested_refine=2 requested_derefine_leaves=26 accepted_derefine_parents=0 created_leaves=6 deleted_leaves=0 mirror_mismatches=0
AMR_Z4C_CHI_PROLONGATION cycle=3955 transfer=high_order local_fallback_groups=0 global_fallback_groups=0 global_high_order_groups=2048
CARTOON_AMR_TRANSACTION cycle=3956 requested_refine=0 requested_derefine_leaves=30 accepted_derefine_parents=0 created_leaves=0 deleted_leaves=0 mirror_mismatches=0
elapsed=2.180812e+02 cycle=3956 time=1.664979e+01 dt=2.546607e-04
CARTOON_AMR_TRANSACTION cycle=3957 requested_refine=0 requested_derefine_leaves=30 accepted_derefine_parents=0 created_leaves=0 deleted_leaves=0 mirror_mismatches=0
CARTOON_AMR_TRANSACTION cycle=3958 requested_refine=0 requested_derefine_leaves=30 accepted_derefine_parents=0 created_leaves=0 deleted_leaves=0 mirror_mismatches=0
CARTOON_AMR_TRANSACTION cycle=3959 requested_refine=0 requested_derefine_leaves=30 accepted_derefine_parents=0 created_leaves=0 deleted_leaves=0 mirror_mismatches=0
CARTOON_AMR_TRANSACTION cycle=3960 requested_refine=0 requested_derefine_leaves=30 accepted_derefine_parents=0 created_leaves=0 deleted_leaves=0 mirror_mismatches=0
elapsed=2.183520e+02 cycle=3960 time=1.665081e+01 dt=2.544725e-04
CARTOON_AMR_TRANSACTION cycle=3961 requested_refine=0 requested_derefine_leaves=30 accepted_derefine_parents=0 created_leaves=0 deleted_leaves=0 mirror_mismatches=0
CARTOON_AMR_TRANSACTION cycle=3962 requested_refine=0 requested_derefine_leaves=30 accepted_derefine_parents=0 created_leaves=0 deleted_leaves=0 mirror_mismatches=0
CARTOON_AMR_TRANSACTION cycle=3963 requested_refine=0 requested_derefine_leaves=30 accepted_derefine_parents=0 created_leaves=0 deleted_leaves=0 mirror_mismatches=0
CARTOON_AMR_TRANSACTION cycle=3964 requested_refine=0 requested_derefine_leaves=30 accepted_derefine_parents=0 created_leaves=0 deleted_leaves=0 mirror_mismatches=0
elapsed=2.186150e+02 cycle=3964 time=1.665182e+01 dt=2.542894e-04
CARTOON_AMR_TRANSACTION cycle=3965 requested_refine=0 requested_derefine_leaves=30 accepted_derefine_parents=0 created_leaves=0 deleted_leaves=0 mirror_mismatches=0
CARTOON_AMR_TRANSACTION cycle=3966 requested_refine=0 requested_derefine_leaves=30 accepted_derefine_parents=0 created_leaves=0 deleted_leaves=0 mirror_mismatches=0
CARTOON_AMR_TRANSACTION cycle=3967 requested_refine=0 requested_derefine_leaves=30 accepted_derefine_parents=0 created_leaves=0 deleted_leaves=0 mirror_mismatches=0
CARTOON_AMR_TRANSACTION cycle=3968 requested_refine=0 requested_derefine_leaves=30 accepted_derefine_parents=0 created_leaves=0 deleted_leaves=0 mirror_mismatches=0
elapsed=2.189181e+02 cycle=3968 time=1.665284e+01 dt=2.541114e-04
CARTOON_AMR_TRANSACTION cycle=3969 requested_refine=0 requested_derefine_leaves=30 accepted_derefine_parents=0 created_leaves=0 deleted_leaves=0 mirror_mismatches=0
CARTOON_AMR_TRANSACTION cycle=3970 requested_refine=0 requested_derefine_leaves=30 accepted_derefine_parents=0 created_leaves=0 deleted_leaves=0 mirror_mismatches=0
CARTOON_AMR_TRANSACTION cycle=3971 requested_refine=0 requested_derefine_leaves=30 accepted_derefine_parents=0 created_leaves=0 deleted_leaves=0 mirror_mismatches=0
CARTOON_AMR_TRANSACTION cycle=3972 requested_refine=0 requested_derefine_leaves=30 accepted_derefine_parents=0 created_leaves=0 deleted_leaves=0 mirror_mismatches=0
elapsed=2.192476e+02 cycle=3972 time=1.665386e+01 dt=2.539384e-04
CARTOON_AMR_TRANSACTION cycle=3973 requested_refine=0 requested_derefine_leaves=30 accepted_derefine_parents=0 created_leaves=0 deleted_leaves=0 mirror_mismatches=0
CARTOON_AMR_TRANSACTION cycle=3974 requested_refine=0 requested_derefine_leaves=30 accepted_derefine_parents=0 created_leaves=0 deleted_leaves=0 mirror_mismatches=0
CARTOON_AMR_TRANSACTION cycle=3975 requested_refine=0 requested_derefine_leaves=30 accepted_derefine_parents=0 created_leaves=0 deleted_leaves=0 mirror_mismatches=0
CARTOON_AMR_TRANSACTION cycle=3976 requested_refine=2 requested_derefine_leaves=30 accepted_derefine_parents=0 created_leaves=6 deleted_leaves=0 mirror_mismatches=0
AMR_Z4C_CHI_PROLONGATION cycle=3976 transfer=high_order local_fallback_groups=0 global_fallback_groups=0 global_high_order_groups=2048
elapsed=2.195444e+02 cycle=3976 time=1.665487e+01 dt=1.268870e-04
CARTOON_AMR_TRANSACTION cycle=3977 requested_refine=0 requested_derefine_leaves=30 accepted_derefine_parents=0 created_leaves=0 deleted_leaves=0 mirror_mismatches=0
CARTOON_AMR_TRANSACTION cycle=3978 requested_refine=0 requested_derefine_leaves=30 accepted_derefine_parents=0 created_leaves=0 deleted_leaves=0 mirror_mismatches=0
CARTOON_AMR_TRANSACTION cycle=3979 requested_refine=0 requested_derefine_leaves=30 accepted_derefine_parents=0 created_leaves=0 deleted_leaves=0 mirror_mismatches=0
CARTOON_AMR_TRANSACTION cycle=3980 requested_refine=0 requested_derefine_leaves=30 accepted_derefine_parents=0 created_leaves=0 deleted_leaves=0 mirror_mismatches=0
elapsed=2.198326e+02 cycle=3980 time=1.665538e+01 dt=1.268465e-04
CARTOON_AMR_TRANSACTION cycle=3981 requested_refine=0 requested_derefine_leaves=30 accepted_derefine_parents=0 created_leaves=0 deleted_leaves=0 mirror_mismatches=0
CARTOON_AMR_TRANSACTION cycle=3982 requested_refine=0 requested_derefine_leaves=30 accepted_derefine_parents=0 created_leaves=0 deleted_leaves=0 mirror_mismatches=0
CARTOON_AMR_TRANSACTION cycle=3983 requested_refine=0 requested_derefine_leaves=30 accepted_derefine_parents=0 created_leaves=0 deleted_leaves=0 mirror_mismatches=0
CARTOON_AMR_TRANSACTION cycle=3984 requested_refine=0 requested_derefine_leaves=30 accepted_derefine_parents=0 created_leaves=0 deleted_leaves=0 mirror_mismatches=0
elapsed=2.201393e+02 cycle=3984 time=1.665589e+01 dt=1.268066e-04
CARTOON_AMR_TRANSACTION cycle=3985 requested_refine=0 requested_derefine_leaves=30 accepted_derefine_parents=0 created_leaves=0 deleted_leaves=0 mirror_mismatches=0
CARTOON_AMR_TRANSACTION cycle=3986 requested_refine=0 requested_derefine_leaves=30 accepted_derefine_parents=0 created_leaves=0 deleted_leaves=0 mirror_mismatches=0
CARTOON_AMR_TRANSACTION cycle=3987 requested_refine=0 requested_derefine_leaves=30 accepted_derefine_parents=0 created_leaves=0 deleted_leaves=0 mirror_mismatches=0
CARTOON_AMR_TRANSACTION cycle=3988 requested_refine=0 requested_derefine_leaves=30 accepted_derefine_parents=0 created_leaves=0 deleted_leaves=0 mirror_mismatches=0
elapsed=2.204272e+02 cycle=3988 time=1.665639e+01 dt=1.267674e-04
CARTOON_AMR_TRANSACTION cycle=3989 requested_refine=0 requested_derefine_leaves=30 accepted_derefine_parents=0 created_leaves=0 deleted_leaves=0 mirror_mismatches=0
CARTOON_AMR_TRANSACTION cycle=3990 requested_refine=0 requested_derefine_leaves=30 accepted_derefine_parents=0 created_leaves=0 deleted_leaves=0 mirror_mismatches=0
CARTOON_AMR_TRANSACTION cycle=3991 requested_refine=0 requested_derefine_leaves=30 accepted_derefine_parents=0 created_leaves=0 deleted_leaves=0 mirror_mismatches=0
CARTOON_AMR_TRANSACTION cycle=3992 requested_refine=0 requested_derefine_leaves=30 accepted_derefine_parents=0 created_leaves=0 deleted_leaves=0 mirror_mismatches=0
elapsed=2.207424e+02 cycle=3992 time=1.665690e+01 dt=1.267288e-04
CARTOON_AMR_TRANSACTION cycle=3993 requested_refine=0 requested_derefine_leaves=30 accepted_derefine_parents=0 created_leaves=0 deleted_leaves=0 mirror_mismatches=0
CARTOON_AMR_TRANSACTION cycle=3994 requested_refine=0 requested_derefine_leaves=30 accepted_derefine_parents=0 created_leaves=0 deleted_leaves=0 mirror_mismatches=0
CARTOON_AMR_TRANSACTION cycle=3995 requested_refine=0 requested_derefine_leaves=30 accepted_derefine_parents=0 created_leaves=0 deleted_leaves=0 mirror_mismatches=0
CARTOON_AMR_TRANSACTION cycle=3996 requested_refine=2 requested_derefine_leaves=30 accepted_derefine_parents=0 created_leaves=6 deleted_leaves=0 mirror_mismatches=0
AMR_Z4C_CHI_PROLONGATION cycle=3996 transfer=high_order local_fallback_groups=0 global_fallback_groups=0 global_high_order_groups=2048
elapsed=2.210815e+02 cycle=3996 time=1.665741e+01 dt=1.266909e-04
CARTOON_AMR_TRANSACTION cycle=3997 requested_refine=0 requested_derefine_leaves=30 accepted_derefine_parents=0 created_leaves=0 deleted_leaves=0 mirror_mismatches=0
CARTOON_AMR_TRANSACTION cycle=3998 requested_refine=0 requested_derefine_leaves=30 accepted_derefine_parents=0 created_leaves=0 deleted_leaves=0 mirror_mismatches=0
CARTOON_AMR_TRANSACTION cycle=3999 requested_refine=0 requested_derefine_leaves=30 accepted_derefine_parents=0 created_leaves=0 deleted_leaves=0 mirror_mismatches=0
CARTOON_AMR_TRANSACTION cycle=4000 requested_refine=0 requested_derefine_leaves=30 accepted_derefine_parents=0 created_leaves=0 deleted_leaves=0 mirror_mismatches=0
elapsed=2.213886e+02 cycle=4000 time=1.665792e+01 dt=1.266535e-04
CARTOON_AMR_TRANSACTION cycle=4001 requested_refine=0 requested_derefine_leaves=30 accepted_derefine_parents=0 created_leaves=0 deleted_leaves=0 mirror_mismatches=0
CARTOON_AMR_TRANSACTION cycle=4002 requested_refine=0 requested_derefine_leaves=30 accepted_derefine_parents=0 created_leaves=0 deleted_leaves=0 mirror_mismatches=0
CARTOON_AMR_TRANSACTION cycle=4003 requested_refine=0 requested_derefine_leaves=30 accepted_derefine_parents=0 created_leaves=0 deleted_leaves=0 mirror_mismatches=0
CARTOON_AMR_TRANSACTION cycle=4004 requested_refine=0 requested_derefine_leaves=30 accepted_derefine_parents=0 created_leaves=0 deleted_leaves=0 mirror_mismatches=0
elapsed=2.216864e+02 cycle=4004 time=1.665842e+01 dt=1.266160e-04
CARTOON_AMR_TRANSACTION cycle=4005 requested_refine=0 requested_derefine_leaves=30 accepted_derefine_parents=0 created_leaves=0 deleted_leaves=0 mirror_mismatches=0
CARTOON_AMR_TRANSACTION cycle=4006 requested_refine=0 requested_derefine_leaves=30 accepted_derefine_parents=0 created_leaves=0 deleted_leaves=0 mirror_mismatches=0
CARTOON_AMR_TRANSACTION cycle=4007 requested_refine=0 requested_derefine_leaves=30 accepted_derefine_parents=0 created_leaves=0 deleted_leaves=0 mirror_mismatches=0
CARTOON_AMR_TRANSACTION cycle=4008 requested_refine=0 requested_derefine_leaves=30 accepted_derefine_parents=0 created_leaves=0 deleted_leaves=0 mirror_mismatches=0
elapsed=2.220435e+02 cycle=4008 time=1.665893e+01 dt=1.265790e-04
CARTOON_AMR_TRANSACTION cycle=4009 requested_refine=0 requested_derefine_leaves=30 accepted_derefine_parents=0 created_leaves=0 deleted_leaves=0 mirror_mismatches=0
CARTOON_AMR_TRANSACTION cycle=4010 requested_refine=0 requested_derefine_leaves=30 accepted_derefine_parents=0 created_leaves=0 deleted_leaves=0 mirror_mismatches=0
CARTOON_AMR_TRANSACTION cycle=4011 requested_refine=0 requested_derefine_leaves=30 accepted_derefine_parents=0 created_leaves=0 deleted_leaves=0 mirror_mismatches=0
CARTOON_AMR_TRANSACTION cycle=4012 requested_refine=0 requested_derefine_leaves=30 accepted_derefine_parents=0 created_leaves=0 deleted_leaves=0 mirror_mismatches=0
elapsed=2.223660e+02 cycle=4012 time=1.665943e+01 dt=1.265426e-04
CARTOON_AMR_TRANSACTION cycle=4013 requested_refine=0 requested_derefine_leaves=30 accepted_derefine_parents=0 created_leaves=0 deleted_leaves=0 mirror_mismatches=0
CARTOON_AMR_TRANSACTION cycle=4014 requested_refine=0 requested_derefine_leaves=30 accepted_derefine_parents=0 created_leaves=0 deleted_leaves=0 mirror_mismatches=0
CARTOON_AMR_TRANSACTION cycle=4015 requested_refine=0 requested_derefine_leaves=30 accepted_derefine_parents=0 created_leaves=0 deleted_leaves=0 mirror_mismatches=0
CARTOON_AMR_TRANSACTION cycle=4016 requested_refine=0 requested_derefine_leaves=30 accepted_derefine_parents=0 created_leaves=0 deleted_leaves=0 mirror_mismatches=0
elapsed=2.226903e+02 cycle=4016 time=1.665994e+01 dt=1.265068e-04
CARTOON_AMR_TRANSACTION cycle=4017 requested_refine=0 requested_derefine_leaves=30 accepted_derefine_parents=0 created_leaves=0 deleted_leaves=0 mirror_mismatches=0
CARTOON_AMR_TRANSACTION cycle=4018 requested_refine=0 requested_derefine_leaves=30 accepted_derefine_parents=0 created_leaves=0 deleted_leaves=0 mirror_mismatches=0
CARTOON_AMR_TRANSACTION cycle=4019 requested_refine=0 requested_derefine_leaves=30 accepted_derefine_parents=0 created_leaves=0 deleted_leaves=0 mirror_mismatches=0
CARTOON_AMR_TRANSACTION cycle=4020 requested_refine=0 requested_derefine_leaves=30 accepted_derefine_parents=0 created_leaves=0 deleted_leaves=0 mirror_mismatches=0
elapsed=2.230161e+02 cycle=4020 time=1.666045e+01 dt=1.264716e-04
CARTOON_AMR_TRANSACTION cycle=4021 requested_refine=0 requested_derefine_leaves=30 accepted_derefine_parents=0 created_leaves=0 deleted_leaves=0 mirror_mismatches=0
CARTOON_AMR_TRANSACTION cycle=4022 requested_refine=0 requested_derefine_leaves=30 accepted_derefine_parents=0 created_leaves=0 deleted_leaves=0 mirror_mismatches=0
CARTOON_AMR_TRANSACTION cycle=4023 requested_refine=0 requested_derefine_leaves=30 accepted_derefine_parents=0 created_leaves=0 deleted_leaves=0 mirror_mismatches=0
CARTOON_AMR_TRANSACTION cycle=4024 requested_refine=0 requested_derefine_leaves=30 accepted_derefine_parents=0 created_leaves=0 deleted_leaves=0 mirror_mismatches=0
elapsed=2.233320e+02 cycle=4024 time=1.666095e+01 dt=1.264370e-04
CARTOON_AMR_TRANSACTION cycle=4025 requested_refine=0 requested_derefine_leaves=30 accepted_derefine_parents=0 created_leaves=0 deleted_leaves=0 mirror_mismatches=0
CARTOON_AMR_TRANSACTION cycle=4026 requested_refine=0 requested_derefine_leaves=30 accepted_derefine_parents=0 created_leaves=0 deleted_leaves=0 mirror_mismatches=0
CARTOON_AMR_TRANSACTION cycle=4027 requested_refine=0 requested_derefine_leaves=30 accepted_derefine_parents=0 created_leaves=0 deleted_leaves=0 mirror_mismatches=0
CARTOON_AMR_TRANSACTION cycle=4028 requested_refine=0 requested_derefine_leaves=30 accepted_derefine_parents=0 created_leaves=0 deleted_leaves=0 mirror_mismatches=0
elapsed=2.236484e+02 cycle=4028 time=1.666146e+01 dt=1.264031e-04
CARTOON_AMR_TRANSACTION cycle=4029 requested_refine=0 requested_derefine_leaves=30 accepted_derefine_parents=0 created_leaves=0 deleted_leaves=0 mirror_mismatches=0
CARTOON_AMR_TRANSACTION cycle=4030 requested_refine=0 requested_derefine_leaves=30 accepted_derefine_parents=0 created_leaves=0 deleted_leaves=0 mirror_mismatches=0
CARTOON_AMR_TRANSACTION cycle=4031 requested_refine=0 requested_derefine_leaves=30 accepted_derefine_parents=0 created_leaves=0 deleted_leaves=0 mirror_mismatches=0
CARTOON_AMR_TRANSACTION cycle=4032 requested_refine=0 requested_derefine_leaves=30 accepted_derefine_parents=0 created_leaves=0 deleted_leaves=0 mirror_mismatches=0
elapsed=2.240057e+02 cycle=4032 time=1.666196e+01 dt=1.263697e-04
CARTOON_AMR_TRANSACTION cycle=4033 requested_refine=0 requested_derefine_leaves=30 accepted_derefine_parents=0 created_leaves=0 deleted_leaves=0 mirror_mismatches=0
CARTOON_AMR_TRANSACTION cycle=4034 requested_refine=0 requested_derefine_leaves=30 accepted_derefine_parents=0 created_leaves=0 deleted_leaves=0 mirror_mismatches=0
CARTOON_AMR_TRANSACTION cycle=4035 requested_refine=0 requested_derefine_leaves=30 accepted_derefine_parents=0 created_leaves=0 deleted_leaves=0 mirror_mismatches=0
CARTOON_AMR_TRANSACTION cycle=4036 requested_refine=0 requested_derefine_leaves=30 accepted_derefine_parents=0 created_leaves=0 deleted_leaves=0 mirror_mismatches=0
elapsed=2.243400e+02 cycle=4036 time=1.666247e+01 dt=1.263369e-04
CARTOON_AMR_TRANSACTION cycle=4037 requested_refine=0 requested_derefine_leaves=30 accepted_derefine_parents=0 created_leaves=0 deleted_leaves=0 mirror_mismatches=0
CARTOON_AMR_TRANSACTION cycle=4038 requested_refine=0 requested_derefine_leaves=30 accepted_derefine_parents=0 created_leaves=0 deleted_leaves=0 mirror_mismatches=0
CARTOON_AMR_TRANSACTION cycle=4039 requested_refine=0 requested_derefine_leaves=30 accepted_derefine_parents=0 created_leaves=0 deleted_leaves=0 mirror_mismatches=0
CARTOON_AMR_TRANSACTION cycle=4040 requested_refine=0 requested_derefine_leaves=30 accepted_derefine_parents=0 created_leaves=0 deleted_leaves=0 mirror_mismatches=0
elapsed=2.246512e+02 cycle=4040 time=1.666297e+01 dt=1.263047e-04
CARTOON_AMR_TRANSACTION cycle=4041 requested_refine=0 requested_derefine_leaves=30 accepted_derefine_parents=0 created_leaves=0 deleted_leaves=0 mirror_mismatches=0
CARTOON_AMR_TRANSACTION cycle=4042 requested_refine=0 requested_derefine_leaves=30 accepted_derefine_parents=0 created_leaves=0 deleted_leaves=0 mirror_mismatches=0
CARTOON_AMR_TRANSACTION cycle=4043 requested_refine=0 requested_derefine_leaves=30 accepted_derefine_parents=0 created_leaves=0 deleted_leaves=0 mirror_mismatches=0
CARTOON_AMR_TRANSACTION cycle=4044 requested_refine=0 requested_derefine_leaves=30 accepted_derefine_parents=0 created_leaves=0 deleted_leaves=0 mirror_mismatches=0
elapsed=2.249653e+02 cycle=4044 time=1.666348e+01 dt=1.262731e-04
CARTOON_AMR_TRANSACTION cycle=4045 requested_refine=0 requested_derefine_leaves=30 accepted_derefine_parents=0 created_leaves=0 deleted_leaves=0 mirror_mismatches=0
CARTOON_AMR_TRANSACTION cycle=4046 requested_refine=0 requested_derefine_leaves=30 accepted_derefine_parents=0 created_leaves=0 deleted_leaves=0 mirror_mismatches=0
CARTOON_AMR_TRANSACTION cycle=4047 requested_refine=0 requested_derefine_leaves=30 accepted_derefine_parents=0 created_leaves=0 deleted_leaves=0 mirror_mismatches=0
CARTOON_AMR_TRANSACTION cycle=4048 requested_refine=0 requested_derefine_leaves=30 accepted_derefine_parents=0 created_leaves=0 deleted_leaves=0 mirror_mismatches=0
elapsed=2.253152e+02 cycle=4048 time=1.666398e+01 dt=1.262421e-04
CARTOON_AMR_TRANSACTION cycle=4049 requested_refine=0 requested_derefine_leaves=30 accepted_derefine_parents=0 created_leaves=0 deleted_leaves=0 mirror_mismatches=0
CARTOON_AMR_TRANSACTION cycle=4050 requested_refine=0 requested_derefine_leaves=30 accepted_derefine_parents=0 created_leaves=0 deleted_leaves=0 mirror_mismatches=0
CARTOON_AMR_TRANSACTION cycle=4051 requested_refine=0 requested_derefine_leaves=30 accepted_derefine_parents=0 created_leaves=0 deleted_leaves=0 mirror_mismatches=0
CARTOON_AMR_TRANSACTION cycle=4052 requested_refine=0 requested_derefine_leaves=30 accepted_derefine_parents=0 created_leaves=0 deleted_leaves=0 mirror_mismatches=0
elapsed=2.256550e+02 cycle=4052 time=1.666449e+01 dt=1.262117e-04
CARTOON_AMR_TRANSACTION cycle=4053 requested_refine=0 requested_derefine_leaves=30 accepted_derefine_parents=0 created_leaves=0 deleted_leaves=0 mirror_mismatches=0
CARTOON_AMR_TRANSACTION cycle=4054 requested_refine=0 requested_derefine_leaves=30 accepted_derefine_parents=0 created_leaves=0 deleted_leaves=0 mirror_mismatches=0
CARTOON_AMR_TRANSACTION cycle=4055 requested_refine=0 requested_derefine_leaves=30 accepted_derefine_parents=0 created_leaves=0 deleted_leaves=0 mirror_mismatches=0
CARTOON_AMR_TRANSACTION cycle=4056 requested_refine=0 requested_derefine_leaves=30 accepted_derefine_parents=0 created_leaves=0 deleted_leaves=0 mirror_mismatches=0
elapsed=2.259568e+02 cycle=4056 time=1.666499e+01 dt=1.261818e-04
CARTOON_AMR_TRANSACTION cycle=4057 requested_refine=0 requested_derefine_leaves=30 accepted_derefine_parents=0 created_leaves=0 deleted_leaves=0 mirror_mismatches=0
CARTOON_AMR_TRANSACTION cycle=4058 requested_refine=2 requested_derefine_leaves=30 accepted_derefine_parents=0 created_leaves=6 deleted_leaves=0 mirror_mismatches=0
AMR_Z4C_CHI_PROLONGATION cycle=4058 transfer=high_order local_fallback_groups=0 global_fallback_groups=0 global_high_order_groups=2048
CARTOON_AMR_TRANSACTION cycle=4059 requested_refine=0 requested_derefine_leaves=30 accepted_derefine_parents=0 created_leaves=0 deleted_leaves=0 mirror_mismatches=0
CARTOON_AMR_TRANSACTION cycle=4060 requested_refine=0 requested_derefine_leaves=30 accepted_derefine_parents=0 created_leaves=0 deleted_leaves=0 mirror_mismatches=0
elapsed=2.263019e+02 cycle=4060 time=1.666550e+01 dt=1.261526e-04
CARTOON_AMR_TRANSACTION cycle=4061 requested_refine=0 requested_derefine_leaves=30 accepted_derefine_parents=0 created_leaves=0 deleted_leaves=0 mirror_mismatches=0
CARTOON_AMR_TRANSACTION cycle=4062 requested_refine=0 requested_derefine_leaves=30 accepted_derefine_parents=0 created_leaves=0 deleted_leaves=0 mirror_mismatches=0
CARTOON_AMR_TRANSACTION cycle=4063 requested_refine=0 requested_derefine_leaves=30 accepted_derefine_parents=0 created_leaves=0 deleted_leaves=0 mirror_mismatches=0
CARTOON_AMR_TRANSACTION cycle=4064 requested_refine=0 requested_derefine_leaves=30 accepted_derefine_parents=0 created_leaves=0 deleted_leaves=0 mirror_mismatches=0
elapsed=2.266037e+02 cycle=4064 time=1.666600e+01 dt=1.261240e-04
CARTOON_AMR_TRANSACTION cycle=4065 requested_refine=0 requested_derefine_leaves=30 accepted_derefine_parents=0 created_leaves=0 deleted_leaves=0 mirror_mismatches=0
CARTOON_AMR_TRANSACTION cycle=4066 requested_refine=0 requested_derefine_leaves=30 accepted_derefine_parents=0 created_leaves=0 deleted_leaves=0 mirror_mismatches=0
CARTOON_AMR_TRANSACTION cycle=4067 requested_refine=0 requested_derefine_leaves=30 accepted_derefine_parents=0 created_leaves=0 deleted_leaves=0 mirror_mismatches=0
CARTOON_AMR_TRANSACTION cycle=4068 requested_refine=0 requested_derefine_leaves=30 accepted_derefine_parents=0 created_leaves=0 deleted_leaves=0 mirror_mismatches=0
elapsed=2.269099e+02 cycle=4068 time=1.666651e+01 dt=1.260959e-04
CARTOON_AMR_TRANSACTION cycle=4069 requested_refine=0 requested_derefine_leaves=30 accepted_derefine_parents=0 created_leaves=0 deleted_leaves=0 mirror_mismatches=0
CARTOON_AMR_TRANSACTION cycle=4070 requested_refine=0 requested_derefine_leaves=30 accepted_derefine_parents=0 created_leaves=0 deleted_leaves=0 mirror_mismatches=0
CARTOON_AMR_TRANSACTION cycle=4071 requested_refine=0 requested_derefine_leaves=30 accepted_derefine_parents=0 created_leaves=0 deleted_leaves=0 mirror_mismatches=0
CARTOON_AMR_TRANSACTION cycle=4072 requested_refine=0 requested_derefine_leaves=30 accepted_derefine_parents=0 created_leaves=0 deleted_leaves=0 mirror_mismatches=0
elapsed=2.271999e+02 cycle=4072 time=1.666701e+01 dt=1.260684e-04
CARTOON_AMR_TRANSACTION cycle=4073 requested_refine=0 requested_derefine_leaves=30 accepted_derefine_parents=0 created_leaves=0 deleted_leaves=0 mirror_mismatches=0
CARTOON_AMR_TRANSACTION cycle=4074 requested_refine=0 requested_derefine_leaves=30 accepted_derefine_parents=0 created_leaves=0 deleted_leaves=0 mirror_mismatches=0
CARTOON_AMR_TRANSACTION cycle=4075 requested_refine=0 requested_derefine_leaves=30 accepted_derefine_parents=0 created_leaves=0 deleted_leaves=0 mirror_mismatches=0
CARTOON_AMR_TRANSACTION cycle=4076 requested_refine=0 requested_derefine_leaves=30 accepted_derefine_parents=0 created_leaves=0 deleted_leaves=0 mirror_mismatches=0
elapsed=2.275099e+02 cycle=4076 time=1.666752e+01 dt=1.260415e-04
CARTOON_AMR_TRANSACTION cycle=4077 requested_refine=0 requested_derefine_leaves=30 accepted_derefine_parents=0 created_leaves=0 deleted_leaves=0 mirror_mismatches=0
CARTOON_AMR_TRANSACTION cycle=4078 requested_refine=0 requested_derefine_leaves=30 accepted_derefine_parents=0 created_leaves=0 deleted_leaves=0 mirror_mismatches=0
CARTOON_AMR_TRANSACTION cycle=4079 requested_refine=0 requested_derefine_leaves=30 accepted_derefine_parents=0 created_leaves=0 deleted_leaves=0 mirror_mismatches=0
CARTOON_AMR_TRANSACTION cycle=4080 requested_refine=0 requested_derefine_leaves=30 accepted_derefine_parents=0 created_leaves=0 deleted_leaves=0 mirror_mismatches=0
elapsed=2.278240e+02 cycle=4080 time=1.666802e+01 dt=1.260151e-04
CARTOON_AMR_TRANSACTION cycle=4081 requested_refine=0 requested_derefine_leaves=30 accepted_derefine_parents=0 created_leaves=0 deleted_leaves=0 mirror_mismatches=0
CARTOON_AMR_TRANSACTION cycle=4082 requested_refine=0 requested_derefine_leaves=30 accepted_derefine_parents=0 created_leaves=0 deleted_leaves=0 mirror_mismatches=0
CARTOON_AMR_TRANSACTION cycle=4083 requested_refine=0 requested_derefine_leaves=30 accepted_derefine_parents=0 created_leaves=0 deleted_leaves=0 mirror_mismatches=0
CARTOON_AMR_TRANSACTION cycle=4084 requested_refine=0 requested_derefine_leaves=30 accepted_derefine_parents=0 created_leaves=0 deleted_leaves=0 mirror_mismatches=0
elapsed=2.281279e+02 cycle=4084 time=1.666852e+01 dt=1.259893e-04
CARTOON_AMR_TRANSACTION cycle=4085 requested_refine=0 requested_derefine_leaves=30 accepted_derefine_parents=0 created_leaves=0 deleted_leaves=0 mirror_mismatches=0
CARTOON_AMR_TRANSACTION cycle=4086 requested_refine=0 requested_derefine_leaves=30 accepted_derefine_parents=0 created_leaves=0 deleted_leaves=0 mirror_mismatches=0
CARTOON_AMR_TRANSACTION cycle=4087 requested_refine=0 requested_derefine_leaves=30 accepted_derefine_parents=0 created_leaves=0 deleted_leaves=0 mirror_mismatches=0
CARTOON_AMR_TRANSACTION cycle=4088 requested_refine=0 requested_derefine_leaves=30 accepted_derefine_parents=0 created_leaves=0 deleted_leaves=0 mirror_mismatches=0
elapsed=2.284595e+02 cycle=4088 time=1.666903e+01 dt=1.259641e-04
CARTOON_AMR_TRANSACTION cycle=4089 requested_refine=0 requested_derefine_leaves=30 accepted_derefine_parents=0 created_leaves=0 deleted_leaves=0 mirror_mismatches=0
CARTOON_AMR_TRANSACTION cycle=4090 requested_refine=0 requested_derefine_leaves=30 accepted_derefine_parents=0 created_leaves=0 deleted_leaves=0 mirror_mismatches=0
CARTOON_AMR_TRANSACTION cycle=4091 requested_refine=0 requested_derefine_leaves=30 accepted_derefine_parents=0 created_leaves=0 deleted_leaves=0 mirror_mismatches=0
CARTOON_AMR_TRANSACTION cycle=4092 requested_refine=0 requested_derefine_leaves=30 accepted_derefine_parents=0 created_leaves=0 deleted_leaves=0 mirror_mismatches=0
elapsed=2.287903e+02 cycle=4092 time=1.666953e+01 dt=1.259394e-04
CARTOON_AMR_TRANSACTION cycle=4093 requested_refine=0 requested_derefine_leaves=30 accepted_derefine_parents=0 created_leaves=0 deleted_leaves=0 mirror_mismatches=0
CARTOON_AMR_TRANSACTION cycle=4094 requested_refine=0 requested_derefine_leaves=30 accepted_derefine_parents=0 created_leaves=0 deleted_leaves=0 mirror_mismatches=0
CARTOON_AMR_TRANSACTION cycle=4095 requested_refine=0 requested_derefine_leaves=30 accepted_derefine_parents=0 created_leaves=0 deleted_leaves=0 mirror_mismatches=0
CARTOON_AMR_TRANSACTION cycle=4096 requested_refine=0 requested_derefine_leaves=30 accepted_derefine_parents=0 created_leaves=0 deleted_leaves=0 mirror_mismatches=0
elapsed=2.298084e+02 cycle=4096 time=1.667004e+01 dt=1.259153e-04
CARTOON_AMR_TRANSACTION cycle=4097 requested_refine=0 requested_derefine_leaves=30 accepted_derefine_parents=0 created_leaves=0 deleted_leaves=0 mirror_mismatches=0
CARTOON_AMR_TRANSACTION cycle=4098 requested_refine=0 requested_derefine_leaves=30 accepted_derefine_parents=0 created_leaves=0 deleted_leaves=0 mirror_mismatches=0
CARTOON_AMR_TRANSACTION cycle=4099 requested_refine=0 requested_derefine_leaves=30 accepted_derefine_parents=0 created_leaves=0 deleted_leaves=0 mirror_mismatches=0
CARTOON_AMR_TRANSACTION cycle=4100 requested_refine=0 requested_derefine_leaves=30 accepted_derefine_parents=0 created_leaves=0 deleted_leaves=0 mirror_mismatches=0
elapsed=2.301483e+02 cycle=4100 time=1.667054e+01 dt=1.258916e-04
CARTOON_AMR_TRANSACTION cycle=4101 requested_refine=0 requested_derefine_leaves=30 accepted_derefine_parents=0 created_leaves=0 deleted_leaves=0 mirror_mismatches=0
CARTOON_AMR_TRANSACTION cycle=4102 requested_refine=0 requested_derefine_leaves=30 accepted_derefine_parents=0 created_leaves=0 deleted_leaves=0 mirror_mismatches=0
CARTOON_AMR_TRANSACTION cycle=4103 requested_refine=0 requested_derefine_leaves=30 accepted_derefine_parents=0 created_leaves=0 deleted_leaves=0 mirror_mismatches=0
CARTOON_AMR_TRANSACTION cycle=4104 requested_refine=0 requested_derefine_leaves=30 accepted_derefine_parents=0 created_leaves=0 deleted_leaves=0 mirror_mismatches=0
elapsed=2.305116e+02 cycle=4104 time=1.667104e+01 dt=1.258685e-04
CARTOON_AMR_TRANSACTION cycle=4105 requested_refine=0 requested_derefine_leaves=30 accepted_derefine_parents=0 created_leaves=0 deleted_leaves=0 mirror_mismatches=0
CARTOON_AMR_TRANSACTION cycle=4106 requested_refine=0 requested_derefine_leaves=30 accepted_derefine_parents=0 created_leaves=0 deleted_leaves=0 mirror_mismatches=0
CARTOON_AMR_TRANSACTION cycle=4107 requested_refine=0 requested_derefine_leaves=30 accepted_derefine_parents=0 created_leaves=0 deleted_leaves=0 mirror_mismatches=0
CARTOON_AMR_TRANSACTION cycle=4108 requested_refine=0 requested_derefine_leaves=30 accepted_derefine_parents=0 created_leaves=0 deleted_leaves=0 mirror_mismatches=0
elapsed=2.308279e+02 cycle=4108 time=1.667155e+01 dt=1.258460e-04
CARTOON_AMR_TRANSACTION cycle=4109 requested_refine=0 requested_derefine_leaves=30 accepted_derefine_parents=0 created_leaves=0 deleted_leaves=0 mirror_mismatches=0
CARTOON_AMR_TRANSACTION cycle=4110 requested_refine=0 requested_derefine_leaves=30 accepted_derefine_parents=0 created_leaves=0 deleted_leaves=0 mirror_mismatches=0
CARTOON_AMR_TRANSACTION cycle=4111 requested_refine=0 requested_derefine_leaves=30 accepted_derefine_parents=0 created_leaves=0 deleted_leaves=0 mirror_mismatches=0
CARTOON_AMR_TRANSACTION cycle=4112 requested_refine=0 requested_derefine_leaves=30 accepted_derefine_parents=0 created_leaves=0 deleted_leaves=0 mirror_mismatches=0
elapsed=2.311517e+02 cycle=4112 time=1.667205e+01 dt=1.258239e-04
CARTOON_AMR_TRANSACTION cycle=4113 requested_refine=0 requested_derefine_leaves=30 accepted_derefine_parents=0 created_leaves=0 deleted_leaves=0 mirror_mismatches=0
CARTOON_AMR_TRANSACTION cycle=4114 requested_refine=0 requested_derefine_leaves=30 accepted_derefine_parents=0 created_leaves=0 deleted_leaves=0 mirror_mismatches=0
CARTOON_AMR_TRANSACTION cycle=4115 requested_refine=0 requested_derefine_leaves=30 accepted_derefine_parents=0 created_leaves=0 deleted_leaves=0 mirror_mismatches=0
CARTOON_AMR_TRANSACTION cycle=4116 requested_refine=0 requested_derefine_leaves=30 accepted_derefine_parents=0 created_leaves=0 deleted_leaves=0 mirror_mismatches=0
elapsed=2.314537e+02 cycle=4116 time=1.667255e+01 dt=1.258023e-04
CARTOON_AMR_TRANSACTION cycle=4117 requested_refine=0 requested_derefine_leaves=30 accepted_derefine_parents=0 created_leaves=0 deleted_leaves=0 mirror_mismatches=0
CARTOON_AMR_TRANSACTION cycle=4118 requested_refine=0 requested_derefine_leaves=30 accepted_derefine_parents=0 created_leaves=0 deleted_leaves=0 mirror_mismatches=0
CARTOON_AMR_TRANSACTION cycle=4119 requested_refine=0 requested_derefine_leaves=30 accepted_derefine_parents=0 created_leaves=0 deleted_leaves=0 mirror_mismatches=0
CARTOON_AMR_TRANSACTION cycle=4120 requested_refine=0 requested_derefine_leaves=30 accepted_derefine_parents=0 created_leaves=0 deleted_leaves=0 mirror_mismatches=0
elapsed=2.317529e+02 cycle=4120 time=1.667306e+01 dt=1.257813e-04
CARTOON_AMR_TRANSACTION cycle=4121 requested_refine=0 requested_derefine_leaves=30 accepted_derefine_parents=0 created_leaves=0 deleted_leaves=0 mirror_mismatches=0
CARTOON_AMR_TRANSACTION cycle=4122 requested_refine=0 requested_derefine_leaves=30 accepted_derefine_parents=0 created_leaves=0 deleted_leaves=0 mirror_mismatches=0
CARTOON_AMR_TRANSACTION cycle=4123 requested_refine=0 requested_derefine_leaves=30 accepted_derefine_parents=0 created_leaves=0 deleted_leaves=0 mirror_mismatches=0
CARTOON_AMR_TRANSACTION cycle=4124 requested_refine=0 requested_derefine_leaves=30 accepted_derefine_parents=0 created_leaves=0 deleted_leaves=0 mirror_mismatches=0
elapsed=2.321002e+02 cycle=4124 time=1.667356e+01 dt=1.257607e-04
CARTOON_AMR_TRANSACTION cycle=4125 requested_refine=0 requested_derefine_leaves=30 accepted_derefine_parents=0 created_leaves=0 deleted_leaves=0 mirror_mismatches=0
CARTOON_AMR_TRANSACTION cycle=4126 requested_refine=0 requested_derefine_leaves=30 accepted_derefine_parents=0 created_leaves=0 deleted_leaves=0 mirror_mismatches=0
CARTOON_AMR_TRANSACTION cycle=4127 requested_refine=0 requested_derefine_leaves=30 accepted_derefine_parents=0 created_leaves=0 deleted_leaves=0 mirror_mismatches=0
CARTOON_AMR_TRANSACTION cycle=4128 requested_refine=0 requested_derefine_leaves=30 accepted_derefine_parents=0 created_leaves=0 deleted_leaves=0 mirror_mismatches=0
elapsed=2.324230e+02 cycle=4128 time=1.667406e+01 dt=1.257405e-04
CARTOON_AMR_TRANSACTION cycle=4129 requested_refine=0 requested_derefine_leaves=30 accepted_derefine_parents=0 created_leaves=0 deleted_leaves=0 mirror_mismatches=0
CARTOON_AMR_TRANSACTION cycle=4130 requested_refine=0 requested_derefine_leaves=30 accepted_derefine_parents=0 created_leaves=0 deleted_leaves=0 mirror_mismatches=0
CARTOON_AMR_TRANSACTION cycle=4131 requested_refine=0 requested_derefine_leaves=30 accepted_derefine_parents=0 created_leaves=0 deleted_leaves=0 mirror_mismatches=0
CARTOON_AMR_TRANSACTION cycle=4132 requested_refine=0 requested_derefine_leaves=30 accepted_derefine_parents=0 created_leaves=0 deleted_leaves=0 mirror_mismatches=0
elapsed=2.327534e+02 cycle=4132 time=1.667457e+01 dt=1.257208e-04
CARTOON_AMR_TRANSACTION cycle=4133 requested_refine=0 requested_derefine_leaves=30 accepted_derefine_parents=0 created_leaves=0 deleted_leaves=0 mirror_mismatches=0
CARTOON_AMR_TRANSACTION cycle=4134 requested_refine=0 requested_derefine_leaves=30 accepted_derefine_parents=0 created_leaves=0 deleted_leaves=0 mirror_mismatches=0
CARTOON_AMR_TRANSACTION cycle=4135 requested_refine=0 requested_derefine_leaves=30 accepted_derefine_parents=0 created_leaves=0 deleted_leaves=0 mirror_mismatches=0
CARTOON_AMR_TRANSACTION cycle=4136 requested_refine=0 requested_derefine_leaves=30 accepted_derefine_parents=0 created_leaves=0 deleted_leaves=0 mirror_mismatches=0
elapsed=2.331100e+02 cycle=4136 time=1.667507e+01 dt=1.257016e-04
CARTOON_AMR_TRANSACTION cycle=4137 requested_refine=0 requested_derefine_leaves=30 accepted_derefine_parents=0 created_leaves=0 deleted_leaves=0 mirror_mismatches=0
CARTOON_AMR_TRANSACTION cycle=4138 requested_refine=0 requested_derefine_leaves=30 accepted_derefine_parents=0 created_leaves=0 deleted_leaves=0 mirror_mismatches=0
CARTOON_AMR_TRANSACTION cycle=4139 requested_refine=0 requested_derefine_leaves=30 accepted_derefine_parents=0 created_leaves=0 deleted_leaves=0 mirror_mismatches=0
CARTOON_AMR_TRANSACTION cycle=4140 requested_refine=0 requested_derefine_leaves=30 accepted_derefine_parents=0 created_leaves=0 deleted_leaves=0 mirror_mismatches=0
elapsed=2.334296e+02 cycle=4140 time=1.667557e+01 dt=1.256824e-04
CARTOON_AMR_TRANSACTION cycle=4141 requested_refine=0 requested_derefine_leaves=30 accepted_derefine_parents=0 created_leaves=0 deleted_leaves=0 mirror_mismatches=0
CARTOON_AMR_TRANSACTION cycle=4142 requested_refine=0 requested_derefine_leaves=30 accepted_derefine_parents=0 created_leaves=0 deleted_leaves=0 mirror_mismatches=0
CARTOON_AMR_TRANSACTION cycle=4143 requested_refine=0 requested_derefine_leaves=30 accepted_derefine_parents=0 created_leaves=0 deleted_leaves=0 mirror_mismatches=0
CARTOON_AMR_TRANSACTION cycle=4144 requested_refine=0 requested_derefine_leaves=30 accepted_derefine_parents=0 created_leaves=0 deleted_leaves=0 mirror_mismatches=0
elapsed=2.338279e+02 cycle=4144 time=1.667607e+01 dt=1.256625e-04
CARTOON_AMR_TRANSACTION cycle=4145 requested_refine=0 requested_derefine_leaves=30 accepted_derefine_parents=0 created_leaves=0 deleted_leaves=0 mirror_mismatches=0
CARTOON_AMR_TRANSACTION cycle=4146 requested_refine=0 requested_derefine_leaves=30 accepted_derefine_parents=0 created_leaves=0 deleted_leaves=0 mirror_mismatches=0
CARTOON_AMR_TRANSACTION cycle=4147 requested_refine=0 requested_derefine_leaves=30 accepted_derefine_parents=0 created_leaves=0 deleted_leaves=0 mirror_mismatches=0
CARTOON_AMR_TRANSACTION cycle=4148 requested_refine=0 requested_derefine_leaves=30 accepted_derefine_parents=0 created_leaves=0 deleted_leaves=0 mirror_mismatches=0
elapsed=2.341224e+02 cycle=4148 time=1.667658e+01 dt=1.256431e-04
CARTOON_AMR_TRANSACTION cycle=4149 requested_refine=0 requested_derefine_leaves=30 accepted_derefine_parents=0 created_leaves=0 deleted_leaves=0 mirror_mismatches=0
CARTOON_AMR_TRANSACTION cycle=4150 requested_refine=0 requested_derefine_leaves=30 accepted_derefine_parents=0 created_leaves=0 deleted_leaves=0 mirror_mismatches=0
CARTOON_AMR_TRANSACTION cycle=4151 requested_refine=0 requested_derefine_leaves=30 accepted_derefine_parents=0 created_leaves=0 deleted_leaves=0 mirror_mismatches=0
CARTOON_AMR_TRANSACTION cycle=4152 requested_refine=0 requested_derefine_leaves=30 accepted_derefine_parents=0 created_leaves=0 deleted_leaves=0 mirror_mismatches=0
elapsed=2.344834e+02 cycle=4152 time=1.667708e+01 dt=1.256242e-04
CARTOON_AMR_TRANSACTION cycle=4153 requested_refine=0 requested_derefine_leaves=30 accepted_derefine_parents=0 created_leaves=0 deleted_leaves=0 mirror_mismatches=0
CARTOON_AMR_TRANSACTION cycle=4154 requested_refine=0 requested_derefine_leaves=30 accepted_derefine_parents=0 created_leaves=0 deleted_leaves=0 mirror_mismatches=0
CARTOON_AMR_TRANSACTION cycle=4155 requested_refine=0 requested_derefine_leaves=30 accepted_derefine_parents=0 created_leaves=0 deleted_leaves=0 mirror_mismatches=0
CARTOON_AMR_TRANSACTION cycle=4156 requested_refine=0 requested_derefine_leaves=30 accepted_derefine_parents=0 created_leaves=0 deleted_leaves=0 mirror_mismatches=0
elapsed=2.347904e+02 cycle=4156 time=1.667758e+01 dt=1.256059e-04
CARTOON_AMR_TRANSACTION cycle=4157 requested_refine=0 requested_derefine_leaves=30 accepted_derefine_parents=0 created_leaves=0 deleted_leaves=0 mirror_mismatches=0
CARTOON_AMR_TRANSACTION cycle=4158 requested_refine=0 requested_derefine_leaves=30 accepted_derefine_parents=0 created_leaves=0 deleted_leaves=0 mirror_mismatches=0
CARTOON_AMR_TRANSACTION cycle=4159 requested_refine=0 requested_derefine_leaves=30 accepted_derefine_parents=0 created_leaves=0 deleted_leaves=0 mirror_mismatches=0
CARTOON_AMR_TRANSACTION cycle=4160 requested_refine=0 requested_derefine_leaves=30 accepted_derefine_parents=0 created_leaves=0 deleted_leaves=0 mirror_mismatches=0
elapsed=2.351513e+02 cycle=4160 time=1.667808e+01 dt=1.255881e-04
CARTOON_AMR_TRANSACTION cycle=4161 requested_refine=0 requested_derefine_leaves=30 accepted_derefine_parents=0 created_leaves=0 deleted_leaves=0 mirror_mismatches=0
CARTOON_AMR_TRANSACTION cycle=4162 requested_refine=0 requested_derefine_leaves=30 accepted_derefine_parents=0 created_leaves=0 deleted_leaves=0 mirror_mismatches=0
CARTOON_AMR_TRANSACTION cycle=4163 requested_refine=0 requested_derefine_leaves=30 accepted_derefine_parents=0 created_leaves=0 deleted_leaves=0 mirror_mismatches=0
CARTOON_AMR_TRANSACTION cycle=4164 requested_refine=2 requested_derefine_leaves=30 accepted_derefine_parents=0 created_leaves=6 deleted_leaves=0 mirror_mismatches=0
AMR_Z4C_CHI_PROLONGATION cycle=4164 transfer=high_order local_fallback_groups=0 global_fallback_groups=0 global_high_order_groups=2048
elapsed=2.355043e+02 cycle=4164 time=1.667859e+01 dt=1.255708e-04
CARTOON_AMR_TRANSACTION cycle=4165 requested_refine=0 requested_derefine_leaves=30 accepted_derefine_parents=0 created_leaves=0 deleted_leaves=0 mirror_mismatches=0
CARTOON_AMR_TRANSACTION cycle=4166 requested_refine=0 requested_derefine_leaves=30 accepted_derefine_parents=0 created_leaves=0 deleted_leaves=0 mirror_mismatches=0
CARTOON_AMR_TRANSACTION cycle=4167 requested_refine=0 requested_derefine_leaves=30 accepted_derefine_parents=0 created_leaves=0 deleted_leaves=0 mirror_mismatches=0
CARTOON_AMR_TRANSACTION cycle=4168 requested_refine=0 requested_derefine_leaves=30 accepted_derefine_parents=0 created_leaves=0 deleted_leaves=0 mirror_mismatches=0
elapsed=2.358651e+02 cycle=4168 time=1.667909e+01 dt=1.255540e-04
CARTOON_AMR_TRANSACTION cycle=4169 requested_refine=0 requested_derefine_leaves=30 accepted_derefine_parents=0 created_leaves=0 deleted_leaves=0 mirror_mismatches=0
CARTOON_AMR_TRANSACTION cycle=4170 requested_refine=0 requested_derefine_leaves=30 accepted_derefine_parents=0 created_leaves=0 deleted_leaves=0 mirror_mismatches=0
CARTOON_AMR_TRANSACTION cycle=4171 requested_refine=0 requested_derefine_leaves=30 accepted_derefine_parents=0 created_leaves=0 deleted_leaves=0 mirror_mismatches=0
CARTOON_AMR_TRANSACTION cycle=4172 requested_refine=0 requested_derefine_leaves=30 accepted_derefine_parents=0 created_leaves=0 deleted_leaves=0 mirror_mismatches=0
elapsed=2.361796e+02 cycle=4172 time=1.667959e+01 dt=1.255377e-04
CARTOON_AMR_TRANSACTION cycle=4173 requested_refine=0 requested_derefine_leaves=30 accepted_derefine_parents=0 created_leaves=0 deleted_leaves=0 mirror_mismatches=0
CARTOON_AMR_TRANSACTION cycle=4174 requested_refine=0 requested_derefine_leaves=30 accepted_derefine_parents=0 created_leaves=0 deleted_leaves=0 mirror_mismatches=0
CARTOON_AMR_TRANSACTION cycle=4175 requested_refine=0 requested_derefine_leaves=30 accepted_derefine_parents=0 created_leaves=0 deleted_leaves=0 mirror_mismatches=0
CARTOON_AMR_TRANSACTION cycle=4176 requested_refine=0 requested_derefine_leaves=30 accepted_derefine_parents=0 created_leaves=0 deleted_leaves=0 mirror_mismatches=0
elapsed=2.365036e+02 cycle=4176 time=1.668009e+01 dt=1.255217e-04
CARTOON_AMR_TRANSACTION cycle=4177 requested_refine=0 requested_derefine_leaves=30 accepted_derefine_parents=0 created_leaves=0 deleted_leaves=0 mirror_mismatches=0
CARTOON_AMR_TRANSACTION cycle=4178 requested_refine=0 requested_derefine_leaves=30 accepted_derefine_parents=0 created_leaves=0 deleted_leaves=0 mirror_mismatches=0
CARTOON_AMR_TRANSACTION cycle=4179 requested_refine=0 requested_derefine_leaves=30 accepted_derefine_parents=0 created_leaves=0 deleted_leaves=0 mirror_mismatches=0
CARTOON_AMR_TRANSACTION cycle=4180 requested_refine=0 requested_derefine_leaves=30 accepted_derefine_parents=0 created_leaves=0 deleted_leaves=0 mirror_mismatches=0
elapsed=2.368085e+02 cycle=4180 time=1.668060e+01 dt=1.255062e-04
CARTOON_AMR_TRANSACTION cycle=4181 requested_refine=0 requested_derefine_leaves=30 accepted_derefine_parents=0 created_leaves=0 deleted_leaves=0 mirror_mismatches=0
CARTOON_AMR_TRANSACTION cycle=4182 requested_refine=0 requested_derefine_leaves=30 accepted_derefine_parents=0 created_leaves=0 deleted_leaves=0 mirror_mismatches=0
CARTOON_AMR_TRANSACTION cycle=4183 requested_refine=0 requested_derefine_leaves=30 accepted_derefine_parents=0 created_leaves=0 deleted_leaves=0 mirror_mismatches=0
CARTOON_AMR_TRANSACTION cycle=4184 requested_refine=0 requested_derefine_leaves=30 accepted_derefine_parents=0 created_leaves=0 deleted_leaves=0 mirror_mismatches=0
elapsed=2.371153e+02 cycle=4184 time=1.668110e+01 dt=1.254910e-04
CARTOON_AMR_TRANSACTION cycle=4185 requested_refine=0 requested_derefine_leaves=30 accepted_derefine_parents=0 created_leaves=0 deleted_leaves=0 mirror_mismatches=0
CARTOON_AMR_TRANSACTION cycle=4186 requested_refine=0 requested_derefine_leaves=30 accepted_derefine_parents=0 created_leaves=0 deleted_leaves=0 mirror_mismatches=0
CARTOON_AMR_TRANSACTION cycle=4187 requested_refine=0 requested_derefine_leaves=30 accepted_derefine_parents=0 created_leaves=0 deleted_leaves=0 mirror_mismatches=0
CARTOON_AMR_TRANSACTION cycle=4188 requested_refine=0 requested_derefine_leaves=30 accepted_derefine_parents=0 created_leaves=0 deleted_leaves=0 mirror_mismatches=0
elapsed=2.374413e+02 cycle=4188 time=1.668160e+01 dt=1.254762e-04
CARTOON_AMR_TRANSACTION cycle=4189 requested_refine=0 requested_derefine_leaves=30 accepted_derefine_parents=0 created_leaves=0 deleted_leaves=0 mirror_mismatches=0
CARTOON_AMR_TRANSACTION cycle=4190 requested_refine=0 requested_derefine_leaves=30 accepted_derefine_parents=0 created_leaves=0 deleted_leaves=0 mirror_mismatches=0
CARTOON_AMR_TRANSACTION cycle=4191 requested_refine=0 requested_derefine_leaves=30 accepted_derefine_parents=0 created_leaves=0 deleted_leaves=0 mirror_mismatches=0
CARTOON_AMR_TRANSACTION cycle=4192 requested_refine=0 requested_derefine_leaves=30 accepted_derefine_parents=0 created_leaves=0 deleted_leaves=0 mirror_mismatches=0
elapsed=2.377605e+02 cycle=4192 time=1.668210e+01 dt=1.254618e-04
CARTOON_AMR_TRANSACTION cycle=4193 requested_refine=0 requested_derefine_leaves=30 accepted_derefine_parents=0 created_leaves=0 deleted_leaves=0 mirror_mismatches=0
CARTOON_AMR_TRANSACTION cycle=4194 requested_refine=0 requested_derefine_leaves=30 accepted_derefine_parents=0 created_leaves=0 deleted_leaves=0 mirror_mismatches=0
CARTOON_AMR_TRANSACTION cycle=4195 requested_refine=0 requested_derefine_leaves=30 accepted_derefine_parents=0 created_leaves=0 deleted_leaves=0 mirror_mismatches=0
CARTOON_AMR_TRANSACTION cycle=4196 requested_refine=0 requested_derefine_leaves=30 accepted_derefine_parents=0 created_leaves=0 deleted_leaves=0 mirror_mismatches=0
elapsed=2.380738e+02 cycle=4196 time=1.668260e+01 dt=1.254477e-04
CARTOON_AMR_TRANSACTION cycle=4197 requested_refine=0 requested_derefine_leaves=30 accepted_derefine_parents=0 created_leaves=0 deleted_leaves=0 mirror_mismatches=0
CARTOON_AMR_TRANSACTION cycle=4198 requested_refine=0 requested_derefine_leaves=30 accepted_derefine_parents=0 created_leaves=0 deleted_leaves=0 mirror_mismatches=0
CARTOON_AMR_TRANSACTION cycle=4199 requested_refine=0 requested_derefine_leaves=30 accepted_derefine_parents=0 created_leaves=0 deleted_leaves=0 mirror_mismatches=0
CARTOON_AMR_TRANSACTION cycle=4200 requested_refine=0 requested_derefine_leaves=30 accepted_derefine_parents=0 created_leaves=0 deleted_leaves=0 mirror_mismatches=0
elapsed=2.384048e+02 cycle=4200 time=1.668310e+01 dt=1.254340e-04
CARTOON_AMR_TRANSACTION cycle=4201 requested_refine=0 requested_derefine_leaves=30 accepted_derefine_parents=0 created_leaves=0 deleted_leaves=0 mirror_mismatches=0
CARTOON_AMR_TRANSACTION cycle=4202 requested_refine=0 requested_derefine_leaves=30 accepted_derefine_parents=0 created_leaves=0 deleted_leaves=0 mirror_mismatches=0
CARTOON_AMR_TRANSACTION cycle=4203 requested_refine=0 requested_derefine_leaves=30 accepted_derefine_parents=0 created_leaves=0 deleted_leaves=0 mirror_mismatches=0
CARTOON_AMR_TRANSACTION cycle=4204 requested_refine=0 requested_derefine_leaves=30 accepted_derefine_parents=0 created_leaves=0 deleted_leaves=0 mirror_mismatches=0
elapsed=2.387033e+02 cycle=4204 time=1.668361e+01 dt=1.254207e-04
CARTOON_AMR_TRANSACTION cycle=4205 requested_refine=0 requested_derefine_leaves=30 accepted_derefine_parents=0 created_leaves=0 deleted_leaves=0 mirror_mismatches=0
CARTOON_AMR_TRANSACTION cycle=4206 requested_refine=0 requested_derefine_leaves=30 accepted_derefine_parents=0 created_leaves=0 deleted_leaves=0 mirror_mismatches=0
CARTOON_AMR_TRANSACTION cycle=4207 requested_refine=0 requested_derefine_leaves=30 accepted_derefine_parents=0 created_leaves=0 deleted_leaves=0 mirror_mismatches=0
CARTOON_AMR_TRANSACTION cycle=4208 requested_refine=0 requested_derefine_leaves=30 accepted_derefine_parents=0 created_leaves=0 deleted_leaves=0 mirror_mismatches=0
elapsed=2.390265e+02 cycle=4208 time=1.668411e+01 dt=1.254077e-04
CARTOON_AMR_TRANSACTION cycle=4209 requested_refine=0 requested_derefine_leaves=30 accepted_derefine_parents=0 created_leaves=0 deleted_leaves=0 mirror_mismatches=0
CARTOON_AMR_TRANSACTION cycle=4210 requested_refine=0 requested_derefine_leaves=30 accepted_derefine_parents=0 created_leaves=0 deleted_leaves=0 mirror_mismatches=0
CARTOON_AMR_TRANSACTION cycle=4211 requested_refine=0 requested_derefine_leaves=30 accepted_derefine_parents=0 created_leaves=0 deleted_leaves=0 mirror_mismatches=0
CARTOON_AMR_TRANSACTION cycle=4212 requested_refine=0 requested_derefine_leaves=30 accepted_derefine_parents=0 created_leaves=0 deleted_leaves=0 mirror_mismatches=0
elapsed=2.393548e+02 cycle=4212 time=1.668461e+01 dt=1.253934e-04
CARTOON_AMR_TRANSACTION cycle=4213 requested_refine=0 requested_derefine_leaves=30 accepted_derefine_parents=0 created_leaves=0 deleted_leaves=0 mirror_mismatches=0
CARTOON_AMR_TRANSACTION cycle=4214 requested_refine=0 requested_derefine_leaves=30 accepted_derefine_parents=0 created_leaves=0 deleted_leaves=0 mirror_mismatches=0
CARTOON_AMR_TRANSACTION cycle=4215 requested_refine=0 requested_derefine_leaves=30 accepted_derefine_parents=0 created_leaves=0 deleted_leaves=0 mirror_mismatches=0
CARTOON_AMR_TRANSACTION cycle=4216 requested_refine=0 requested_derefine_leaves=30 accepted_derefine_parents=0 created_leaves=0 deleted_leaves=0 mirror_mismatches=0
elapsed=2.396844e+02 cycle=4216 time=1.668511e+01 dt=1.253788e-04
CARTOON_AMR_TRANSACTION cycle=4217 requested_refine=0 requested_derefine_leaves=30 accepted_derefine_parents=0 created_leaves=0 deleted_leaves=0 mirror_mismatches=0
CARTOON_AMR_TRANSACTION cycle=4218 requested_refine=0 requested_derefine_leaves=30 accepted_derefine_parents=0 created_leaves=0 deleted_leaves=0 mirror_mismatches=0
CARTOON_AMR_TRANSACTION cycle=4219 requested_refine=0 requested_derefine_leaves=30 accepted_derefine_parents=0 created_leaves=0 deleted_leaves=0 mirror_mismatches=0
CARTOON_AMR_TRANSACTION cycle=4220 requested_refine=0 requested_derefine_leaves=30 accepted_derefine_parents=0 created_leaves=0 deleted_leaves=0 mirror_mismatches=0
elapsed=2.400113e+02 cycle=4220 time=1.668561e+01 dt=1.253646e-04
CARTOON_AMR_TRANSACTION cycle=4221 requested_refine=0 requested_derefine_leaves=30 accepted_derefine_parents=0 created_leaves=0 deleted_leaves=0 mirror_mismatches=0
CARTOON_AMR_TRANSACTION cycle=4222 requested_refine=0 requested_derefine_leaves=30 accepted_derefine_parents=0 created_leaves=0 deleted_leaves=0 mirror_mismatches=0
CARTOON_AMR_TRANSACTION cycle=4223 requested_refine=0 requested_derefine_leaves=30 accepted_derefine_parents=0 created_leaves=0 deleted_leaves=0 mirror_mismatches=0
CARTOON_AMR_TRANSACTION cycle=4224 requested_refine=0 requested_derefine_leaves=30 accepted_derefine_parents=0 created_leaves=0 deleted_leaves=0 mirror_mismatches=0
elapsed=2.404582e+02 cycle=4224 time=1.668611e+01 dt=1.253506e-04
CARTOON_AMR_TRANSACTION cycle=4225 requested_refine=0 requested_derefine_leaves=30 accepted_derefine_parents=0 created_leaves=0 deleted_leaves=0 mirror_mismatches=0
CARTOON_AMR_TRANSACTION cycle=4226 requested_refine=0 requested_derefine_leaves=30 accepted_derefine_parents=0 created_leaves=0 deleted_leaves=0 mirror_mismatches=0
CARTOON_AMR_TRANSACTION cycle=4227 requested_refine=0 requested_derefine_leaves=30 accepted_derefine_parents=0 created_leaves=0 deleted_leaves=0 mirror_mismatches=0
CARTOON_AMR_TRANSACTION cycle=4228 requested_refine=0 requested_derefine_leaves=30 accepted_derefine_parents=0 created_leaves=0 deleted_leaves=0 mirror_mismatches=0
elapsed=2.407569e+02 cycle=4228 time=1.668662e+01 dt=1.253370e-04
CARTOON_AMR_TRANSACTION cycle=4229 requested_refine=0 requested_derefine_leaves=30 accepted_derefine_parents=0 created_leaves=0 deleted_leaves=0 mirror_mismatches=0
CARTOON_AMR_TRANSACTION cycle=4230 requested_refine=0 requested_derefine_leaves=30 accepted_derefine_parents=0 created_leaves=0 deleted_leaves=0 mirror_mismatches=0
CARTOON_AMR_TRANSACTION cycle=4231 requested_refine=0 requested_derefine_leaves=30 accepted_derefine_parents=0 created_leaves=0 deleted_leaves=0 mirror_mismatches=0
CARTOON_AMR_TRANSACTION cycle=4232 requested_refine=0 requested_derefine_leaves=30 accepted_derefine_parents=0 created_leaves=0 deleted_leaves=0 mirror_mismatches=0
elapsed=2.410932e+02 cycle=4232 time=1.668712e+01 dt=1.253236e-04
CARTOON_AMR_TRANSACTION cycle=4233 requested_refine=0 requested_derefine_leaves=30 accepted_derefine_parents=0 created_leaves=0 deleted_leaves=0 mirror_mismatches=0
CARTOON_AMR_TRANSACTION cycle=4234 requested_refine=0 requested_derefine_leaves=30 accepted_derefine_parents=0 created_leaves=0 deleted_leaves=0 mirror_mismatches=0
CARTOON_AMR_TRANSACTION cycle=4235 requested_refine=0 requested_derefine_leaves=30 accepted_derefine_parents=0 created_leaves=0 deleted_leaves=0 mirror_mismatches=0
CARTOON_AMR_TRANSACTION cycle=4236 requested_refine=0 requested_derefine_leaves=30 accepted_derefine_parents=0 created_leaves=0 deleted_leaves=0 mirror_mismatches=0
elapsed=2.413999e+02 cycle=4236 time=1.668762e+01 dt=1.253106e-04
CARTOON_AMR_TRANSACTION cycle=4237 requested_refine=0 requested_derefine_leaves=30 accepted_derefine_parents=0 created_leaves=0 deleted_leaves=0 mirror_mismatches=0
CARTOON_AMR_TRANSACTION cycle=4238 requested_refine=0 requested_derefine_leaves=28 accepted_derefine_parents=0 created_leaves=0 deleted_leaves=0 mirror_mismatches=0
CARTOON_AMR_TRANSACTION cycle=4239 requested_refine=0 requested_derefine_leaves=28 accepted_derefine_parents=0 created_leaves=0 deleted_leaves=0 mirror_mismatches=0
CARTOON_AMR_TRANSACTION cycle=4240 requested_refine=0 requested_derefine_leaves=28 accepted_derefine_parents=0 created_leaves=0 deleted_leaves=0 mirror_mismatches=0
elapsed=2.417336e+02 cycle=4240 time=1.668812e+01 dt=1.252978e-04
CARTOON_AMR_TRANSACTION cycle=4241 requested_refine=0 requested_derefine_leaves=28 accepted_derefine_parents=0 created_leaves=0 deleted_leaves=0 mirror_mismatches=0
CARTOON_AMR_TRANSACTION cycle=4242 requested_refine=0 requested_derefine_leaves=28 accepted_derefine_parents=0 created_leaves=0 deleted_leaves=0 mirror_mismatches=0
CARTOON_AMR_TRANSACTION cycle=4243 requested_refine=0 requested_derefine_leaves=28 accepted_derefine_parents=0 created_leaves=0 deleted_leaves=0 mirror_mismatches=0
CARTOON_AMR_TRANSACTION cycle=4244 requested_refine=0 requested_derefine_leaves=28 accepted_derefine_parents=0 created_leaves=0 deleted_leaves=0 mirror_mismatches=0
elapsed=2.420369e+02 cycle=4244 time=1.668862e+01 dt=1.252853e-04
CARTOON_AMR_TRANSACTION cycle=4245 requested_refine=0 requested_derefine_leaves=28 accepted_derefine_parents=0 created_leaves=0 deleted_leaves=0 mirror_mismatches=0
CARTOON_AMR_TRANSACTION cycle=4246 requested_refine=0 requested_derefine_leaves=28 accepted_derefine_parents=0 created_leaves=0 deleted_leaves=0 mirror_mismatches=0
CARTOON_AMR_TRANSACTION cycle=4247 requested_refine=0 requested_derefine_leaves=28 accepted_derefine_parents=0 created_leaves=0 deleted_leaves=0 mirror_mismatches=0
CARTOON_AMR_TRANSACTION cycle=4248 requested_refine=0 requested_derefine_leaves=28 accepted_derefine_parents=0 created_leaves=0 deleted_leaves=0 mirror_mismatches=0
elapsed=2.423680e+02 cycle=4248 time=1.668912e+01 dt=1.252718e-04
CARTOON_AMR_TRANSACTION cycle=4249 requested_refine=0 requested_derefine_leaves=28 accepted_derefine_parents=0 created_leaves=0 deleted_leaves=0 mirror_mismatches=0
CARTOON_AMR_TRANSACTION cycle=4250 requested_refine=0 requested_derefine_leaves=28 accepted_derefine_parents=0 created_leaves=0 deleted_leaves=0 mirror_mismatches=0
CARTOON_AMR_TRANSACTION cycle=4251 requested_refine=0 requested_derefine_leaves=28 accepted_derefine_parents=0 created_leaves=0 deleted_leaves=0 mirror_mismatches=0
CARTOON_AMR_TRANSACTION cycle=4252 requested_refine=0 requested_derefine_leaves=28 accepted_derefine_parents=0 created_leaves=0 deleted_leaves=0 mirror_mismatches=0
elapsed=2.426828e+02 cycle=4252 time=1.668962e+01 dt=1.252569e-04
CARTOON_AMR_TRANSACTION cycle=4253 requested_refine=0 requested_derefine_leaves=28 accepted_derefine_parents=0 created_leaves=0 deleted_leaves=0 mirror_mismatches=0
CARTOON_AMR_TRANSACTION cycle=4254 requested_refine=0 requested_derefine_leaves=26 accepted_derefine_parents=0 created_leaves=0 deleted_leaves=0 mirror_mismatches=0
CARTOON_AMR_TRANSACTION cycle=4255 requested_refine=0 requested_derefine_leaves=26 accepted_derefine_parents=0 created_leaves=0 deleted_leaves=0 mirror_mismatches=0
CARTOON_AMR_TRANSACTION cycle=4256 requested_refine=0 requested_derefine_leaves=26 accepted_derefine_parents=0 created_leaves=0 deleted_leaves=0 mirror_mismatches=0
elapsed=2.429879e+02 cycle=4256 time=1.669012e+01 dt=1.252421e-04
CARTOON_AMR_TRANSACTION cycle=4257 requested_refine=0 requested_derefine_leaves=26 accepted_derefine_parents=0 created_leaves=0 deleted_leaves=0 mirror_mismatches=0
CARTOON_AMR_TRANSACTION cycle=4258 requested_refine=0 requested_derefine_leaves=26 accepted_derefine_parents=0 created_leaves=0 deleted_leaves=0 mirror_mismatches=0
CARTOON_AMR_TRANSACTION cycle=4259 requested_refine=0 requested_derefine_leaves=26 accepted_derefine_parents=0 created_leaves=0 deleted_leaves=0 mirror_mismatches=0
CARTOON_AMR_TRANSACTION cycle=4260 requested_refine=0 requested_derefine_leaves=26 accepted_derefine_parents=0 created_leaves=0 deleted_leaves=0 mirror_mismatches=0
elapsed=2.432847e+02 cycle=4260 time=1.669062e+01 dt=1.252277e-04
CARTOON_AMR_TRANSACTION cycle=4261 requested_refine=0 requested_derefine_leaves=26 accepted_derefine_parents=0 created_leaves=0 deleted_leaves=0 mirror_mismatches=0
CARTOON_AMR_TRANSACTION cycle=4262 requested_refine=0 requested_derefine_leaves=26 accepted_derefine_parents=0 created_leaves=0 deleted_leaves=0 mirror_mismatches=0
CARTOON_AMR_TRANSACTION cycle=4263 requested_refine=0 requested_derefine_leaves=26 accepted_derefine_parents=0 created_leaves=0 deleted_leaves=0 mirror_mismatches=0
CARTOON_AMR_TRANSACTION cycle=4264 requested_refine=0 requested_derefine_leaves=26 accepted_derefine_parents=0 created_leaves=0 deleted_leaves=0 mirror_mismatches=0
elapsed=2.436280e+02 cycle=4264 time=1.669113e+01 dt=1.252134e-04
CARTOON_AMR_TRANSACTION cycle=4265 requested_refine=0 requested_derefine_leaves=26 accepted_derefine_parents=0 created_leaves=0 deleted_leaves=0 mirror_mismatches=0
CARTOON_AMR_TRANSACTION cycle=4266 requested_refine=0 requested_derefine_leaves=26 accepted_derefine_parents=0 created_leaves=0 deleted_leaves=0 mirror_mismatches=0
CARTOON_AMR_TRANSACTION cycle=4267 requested_refine=0 requested_derefine_leaves=26 accepted_derefine_parents=0 created_leaves=0 deleted_leaves=0 mirror_mismatches=0
CARTOON_AMR_TRANSACTION cycle=4268 requested_refine=0 requested_derefine_leaves=26 accepted_derefine_parents=0 created_leaves=0 deleted_leaves=0 mirror_mismatches=0
elapsed=2.439488e+02 cycle=4268 time=1.669163e+01 dt=1.251994e-04
CARTOON_AMR_TRANSACTION cycle=4269 requested_refine=0 requested_derefine_leaves=26 accepted_derefine_parents=0 created_leaves=0 deleted_leaves=0 mirror_mismatches=0
CARTOON_AMR_TRANSACTION cycle=4270 requested_refine=0 requested_derefine_leaves=26 accepted_derefine_parents=0 created_leaves=0 deleted_leaves=0 mirror_mismatches=0
CARTOON_AMR_TRANSACTION cycle=4271 requested_refine=0 requested_derefine_leaves=26 accepted_derefine_parents=0 created_leaves=0 deleted_leaves=0 mirror_mismatches=0
CARTOON_AMR_TRANSACTION cycle=4272 requested_refine=0 requested_derefine_leaves=26 accepted_derefine_parents=0 created_leaves=0 deleted_leaves=0 mirror_mismatches=0
elapsed=2.442838e+02 cycle=4272 time=1.669213e+01 dt=1.251857e-04
CARTOON_AMR_TRANSACTION cycle=4273 requested_refine=0 requested_derefine_leaves=26 accepted_derefine_parents=0 created_leaves=0 deleted_leaves=0 mirror_mismatches=0
CARTOON_AMR_TRANSACTION cycle=4274 requested_refine=0 requested_derefine_leaves=26 accepted_derefine_parents=0 created_leaves=0 deleted_leaves=0 mirror_mismatches=0
CARTOON_AMR_TRANSACTION cycle=4275 requested_refine=0 requested_derefine_leaves=26 accepted_derefine_parents=0 created_leaves=0 deleted_leaves=0 mirror_mismatches=0
CARTOON_AMR_TRANSACTION cycle=4276 requested_refine=0 requested_derefine_leaves=26 accepted_derefine_parents=0 created_leaves=0 deleted_leaves=0 mirror_mismatches=0
elapsed=2.446000e+02 cycle=4276 time=1.669263e+01 dt=1.251722e-04
CARTOON_AMR_TRANSACTION cycle=4277 requested_refine=0 requested_derefine_leaves=26 accepted_derefine_parents=0 created_leaves=0 deleted_leaves=0 mirror_mismatches=0
CARTOON_AMR_TRANSACTION cycle=4278 requested_refine=0 requested_derefine_leaves=26 accepted_derefine_parents=0 created_leaves=0 deleted_leaves=0 mirror_mismatches=0
CARTOON_AMR_TRANSACTION cycle=4279 requested_refine=0 requested_derefine_leaves=26 accepted_derefine_parents=0 created_leaves=0 deleted_leaves=0 mirror_mismatches=0
CARTOON_AMR_TRANSACTION cycle=4280 requested_refine=0 requested_derefine_leaves=26 accepted_derefine_parents=0 created_leaves=0 deleted_leaves=0 mirror_mismatches=0
elapsed=2.449494e+02 cycle=4280 time=1.669313e+01 dt=1.251557e-04
CARTOON_AMR_TRANSACTION cycle=4281 requested_refine=0 requested_derefine_leaves=26 accepted_derefine_parents=0 created_leaves=0 deleted_leaves=0 mirror_mismatches=0
CARTOON_AMR_TRANSACTION cycle=4282 requested_refine=0 requested_derefine_leaves=26 accepted_derefine_parents=0 created_leaves=0 deleted_leaves=0 mirror_mismatches=0
CARTOON_AMR_TRANSACTION cycle=4283 requested_refine=0 requested_derefine_leaves=26 accepted_derefine_parents=0 created_leaves=0 deleted_leaves=0 mirror_mismatches=0
CARTOON_AMR_TRANSACTION cycle=4284 requested_refine=0 requested_derefine_leaves=26 accepted_derefine_parents=0 created_leaves=0 deleted_leaves=0 mirror_mismatches=0
elapsed=2.452653e+02 cycle=4284 time=1.669363e+01 dt=1.251395e-04
CARTOON_AMR_TRANSACTION cycle=4285 requested_refine=0 requested_derefine_leaves=26 accepted_derefine_parents=0 created_leaves=0 deleted_leaves=0 mirror_mismatches=0
CARTOON_AMR_TRANSACTION cycle=4286 requested_refine=0 requested_derefine_leaves=26 accepted_derefine_parents=0 created_leaves=0 deleted_leaves=0 mirror_mismatches=0
CARTOON_AMR_TRANSACTION cycle=4287 requested_refine=0 requested_derefine_leaves=26 accepted_derefine_parents=0 created_leaves=0 deleted_leaves=0 mirror_mismatches=0
CARTOON_AMR_TRANSACTION cycle=4288 requested_refine=0 requested_derefine_leaves=26 accepted_derefine_parents=0 created_leaves=0 deleted_leaves=0 mirror_mismatches=0
elapsed=2.456128e+02 cycle=4288 time=1.669413e+01 dt=1.251235e-04
CARTOON_AMR_TRANSACTION cycle=4289 requested_refine=0 requested_derefine_leaves=26 accepted_derefine_parents=0 created_leaves=0 deleted_leaves=0 mirror_mismatches=0
CARTOON_AMR_TRANSACTION cycle=4290 requested_refine=0 requested_derefine_leaves=26 accepted_derefine_parents=0 created_leaves=0 deleted_leaves=0 mirror_mismatches=0
CARTOON_AMR_TRANSACTION cycle=4291 requested_refine=0 requested_derefine_leaves=26 accepted_derefine_parents=0 created_leaves=0 deleted_leaves=0 mirror_mismatches=0
CARTOON_AMR_TRANSACTION cycle=4292 requested_refine=0 requested_derefine_leaves=26 accepted_derefine_parents=0 created_leaves=0 deleted_leaves=0 mirror_mismatches=0
elapsed=2.459454e+02 cycle=4292 time=1.669463e+01 dt=1.251077e-04
CARTOON_AMR_TRANSACTION cycle=4293 requested_refine=0 requested_derefine_leaves=26 accepted_derefine_parents=0 created_leaves=0 deleted_leaves=0 mirror_mismatches=0
CARTOON_AMR_TRANSACTION cycle=4294 requested_refine=0 requested_derefine_leaves=26 accepted_derefine_parents=0 created_leaves=0 deleted_leaves=0 mirror_mismatches=0
CARTOON_AMR_TRANSACTION cycle=4295 requested_refine=0 requested_derefine_leaves=26 accepted_derefine_parents=0 created_leaves=0 deleted_leaves=0 mirror_mismatches=0
CARTOON_AMR_TRANSACTION cycle=4296 requested_refine=0 requested_derefine_leaves=26 accepted_derefine_parents=0 created_leaves=0 deleted_leaves=0 mirror_mismatches=0
elapsed=2.462725e+02 cycle=4296 time=1.669513e+01 dt=1.250923e-04
CARTOON_AMR_TRANSACTION cycle=4297 requested_refine=0 requested_derefine_leaves=26 accepted_derefine_parents=0 created_leaves=0 deleted_leaves=0 mirror_mismatches=0
CARTOON_AMR_TRANSACTION cycle=4298 requested_refine=0 requested_derefine_leaves=26 accepted_derefine_parents=0 created_leaves=0 deleted_leaves=0 mirror_mismatches=0
CARTOON_AMR_TRANSACTION cycle=4299 requested_refine=0 requested_derefine_leaves=26 accepted_derefine_parents=0 created_leaves=0 deleted_leaves=0 mirror_mismatches=0
CARTOON_AMR_TRANSACTION cycle=4300 requested_refine=0 requested_derefine_leaves=24 accepted_derefine_parents=0 created_leaves=0 deleted_leaves=0 mirror_mismatches=0
elapsed=2.465847e+02 cycle=4300 time=1.669563e+01 dt=1.250770e-04
CARTOON_AMR_TRANSACTION cycle=4301 requested_refine=2 requested_derefine_leaves=24 accepted_derefine_parents=0 created_leaves=6 deleted_leaves=0 mirror_mismatches=0
AMR_Z4C_CHI_PROLONGATION cycle=4301 transfer=high_order local_fallback_groups=0 global_fallback_groups=0 global_high_order_groups=2048
CARTOON_AMR_TRANSACTION cycle=4302 requested_refine=0 requested_derefine_leaves=24 accepted_derefine_parents=0 created_leaves=0 deleted_leaves=0 mirror_mismatches=0
CARTOON_AMR_TRANSACTION cycle=4303 requested_refine=0 requested_derefine_leaves=24 accepted_derefine_parents=0 created_leaves=0 deleted_leaves=0 mirror_mismatches=0
CARTOON_AMR_TRANSACTION cycle=4304 requested_refine=0 requested_derefine_leaves=24 accepted_derefine_parents=0 created_leaves=0 deleted_leaves=0 mirror_mismatches=0
elapsed=2.469708e+02 cycle=4304 time=1.669594e+01 dt=6.253304e-05
CARTOON_AMR_TRANSACTION cycle=4305 requested_refine=0 requested_derefine_leaves=24 accepted_derefine_parents=0 created_leaves=0 deleted_leaves=0 mirror_mismatches=0
CARTOON_AMR_TRANSACTION cycle=4306 requested_refine=0 requested_derefine_leaves=24 accepted_derefine_parents=0 created_leaves=0 deleted_leaves=0 mirror_mismatches=0
CARTOON_AMR_TRANSACTION cycle=4307 requested_refine=0 requested_derefine_leaves=24 accepted_derefine_parents=0 created_leaves=0 deleted_leaves=0 mirror_mismatches=0
CARTOON_AMR_TRANSACTION cycle=4308 requested_refine=0 requested_derefine_leaves=24 accepted_derefine_parents=0 created_leaves=0 deleted_leaves=0 mirror_mismatches=0
elapsed=2.472743e+02 cycle=4308 time=1.669619e+01 dt=6.252910e-05
CARTOON_AMR_TRANSACTION cycle=4309 requested_refine=0 requested_derefine_leaves=24 accepted_derefine_parents=0 created_leaves=0 deleted_leaves=0 mirror_mismatches=0
CARTOON_AMR_TRANSACTION cycle=4310 requested_refine=0 requested_derefine_leaves=24 accepted_derefine_parents=0 created_leaves=0 deleted_leaves=0 mirror_mismatches=0
CARTOON_AMR_TRANSACTION cycle=4311 requested_refine=2 requested_derefine_leaves=24 accepted_derefine_parents=0 created_leaves=6 deleted_leaves=0 mirror_mismatches=0
AMR_Z4C_CHI_PROLONGATION cycle=4311 transfer=high_order local_fallback_groups=0 global_fallback_groups=0 global_high_order_groups=2048
CARTOON_AMR_TRANSACTION cycle=4312 requested_refine=0 requested_derefine_leaves=24 accepted_derefine_parents=0 created_leaves=0 deleted_leaves=0 mirror_mismatches=0
elapsed=2.475853e+02 cycle=4312 time=1.669644e+01 dt=6.252520e-05
CARTOON_AMR_TRANSACTION cycle=4313 requested_refine=0 requested_derefine_leaves=24 accepted_derefine_parents=0 created_leaves=0 deleted_leaves=0 mirror_mismatches=0
CARTOON_AMR_TRANSACTION cycle=4314 requested_refine=2 requested_derefine_leaves=24 accepted_derefine_parents=0 created_leaves=12 deleted_leaves=0 mirror_mismatches=0
AMR_Z4C_CHI_PROLONGATION cycle=4314 transfer=high_order local_fallback_groups=0 global_fallback_groups=0 global_high_order_groups=4096
CARTOON_AMR_TRANSACTION cycle=4315 requested_refine=0 requested_derefine_leaves=34 accepted_derefine_parents=0 created_leaves=0 deleted_leaves=0 mirror_mismatches=0
CARTOON_AMR_TRANSACTION cycle=4316 requested_refine=0 requested_derefine_leaves=34 accepted_derefine_parents=0 created_leaves=0 deleted_leaves=0 mirror_mismatches=0
elapsed=2.479621e+02 cycle=4316 time=1.669669e+01 dt=6.252089e-05
CARTOON_AMR_TRANSACTION cycle=4317 requested_refine=0 requested_derefine_leaves=34 accepted_derefine_parents=0 created_leaves=0 deleted_leaves=0 mirror_mismatches=0
CARTOON_AMR_TRANSACTION cycle=4318 requested_refine=0 requested_derefine_leaves=34 accepted_derefine_parents=0 created_leaves=0 deleted_leaves=0 mirror_mismatches=0
CARTOON_AMR_TRANSACTION cycle=4319 requested_refine=0 requested_derefine_leaves=34 accepted_derefine_parents=0 created_leaves=0 deleted_leaves=0 mirror_mismatches=0
CARTOON_AMR_TRANSACTION cycle=4320 requested_refine=2 requested_derefine_leaves=34 accepted_derefine_parents=0 created_leaves=6 deleted_leaves=0 mirror_mismatches=0
AMR_Z4C_CHI_PROLONGATION cycle=4320 transfer=high_order local_fallback_groups=0 global_fallback_groups=0 global_high_order_groups=2048
elapsed=2.483262e+02 cycle=4320 time=1.669694e+01 dt=6.251659e-05
CARTOON_AMR_TRANSACTION cycle=4321 requested_refine=0 requested_derefine_leaves=34 accepted_derefine_parents=0 created_leaves=0 deleted_leaves=0 mirror_mismatches=0
CARTOON_AMR_TRANSACTION cycle=4322 requested_refine=0 requested_derefine_leaves=34 accepted_derefine_parents=0 created_leaves=0 deleted_leaves=0 mirror_mismatches=0
CARTOON_AMR_TRANSACTION cycle=4323 requested_refine=0 requested_derefine_leaves=34 accepted_derefine_parents=0 created_leaves=0 deleted_leaves=0 mirror_mismatches=0
CARTOON_AMR_TRANSACTION cycle=4324 requested_refine=0 requested_derefine_leaves=34 accepted_derefine_parents=0 created_leaves=0 deleted_leaves=0 mirror_mismatches=0
elapsed=2.486903e+02 cycle=4324 time=1.669719e+01 dt=6.251233e-05
CARTOON_AMR_TRANSACTION cycle=4325 requested_refine=0 requested_derefine_leaves=34 accepted_derefine_parents=0 created_leaves=0 deleted_leaves=0 mirror_mismatches=0
CARTOON_AMR_TRANSACTION cycle=4326 requested_refine=0 requested_derefine_leaves=34 accepted_derefine_parents=0 created_leaves=0 deleted_leaves=0 mirror_mismatches=0
CARTOON_AMR_TRANSACTION cycle=4327 requested_refine=0 requested_derefine_leaves=34 accepted_derefine_parents=0 created_leaves=0 deleted_leaves=0 mirror_mismatches=0
CARTOON_AMR_TRANSACTION cycle=4328 requested_refine=0 requested_derefine_leaves=34 accepted_derefine_parents=0 created_leaves=0 deleted_leaves=0 mirror_mismatches=0
elapsed=2.490662e+02 cycle=4328 time=1.669744e+01 dt=6.250809e-05
CARTOON_AMR_TRANSACTION cycle=4329 requested_refine=0 requested_derefine_leaves=34 accepted_derefine_parents=0 created_leaves=0 deleted_leaves=0 mirror_mismatches=0
CARTOON_AMR_TRANSACTION cycle=4330 requested_refine=0 requested_derefine_leaves=34 accepted_derefine_parents=0 created_leaves=0 deleted_leaves=0 mirror_mismatches=0
CARTOON_AMR_TRANSACTION cycle=4331 requested_refine=0 requested_derefine_leaves=34 accepted_derefine_parents=0 created_leaves=0 deleted_leaves=0 mirror_mismatches=0
CARTOON_AMR_TRANSACTION cycle=4332 requested_refine=0 requested_derefine_leaves=34 accepted_derefine_parents=0 created_leaves=0 deleted_leaves=0 mirror_mismatches=0
elapsed=2.494475e+02 cycle=4332 time=1.669769e+01 dt=6.250388e-05
CARTOON_AMR_TRANSACTION cycle=4333 requested_refine=0 requested_derefine_leaves=34 accepted_derefine_parents=0 created_leaves=0 deleted_leaves=0 mirror_mismatches=0
CARTOON_AMR_TRANSACTION cycle=4334 requested_refine=0 requested_derefine_leaves=34 accepted_derefine_parents=0 created_leaves=0 deleted_leaves=0 mirror_mismatches=0
CARTOON_AMR_TRANSACTION cycle=4335 requested_refine=0 requested_derefine_leaves=34 accepted_derefine_parents=0 created_leaves=0 deleted_leaves=0 mirror_mismatches=0
CARTOON_AMR_TRANSACTION cycle=4336 requested_refine=0 requested_derefine_leaves=34 accepted_derefine_parents=0 created_leaves=0 deleted_leaves=0 mirror_mismatches=0
elapsed=2.498267e+02 cycle=4336 time=1.669794e+01 dt=6.249970e-05
CARTOON_AMR_TRANSACTION cycle=4337 requested_refine=0 requested_derefine_leaves=34 accepted_derefine_parents=0 created_leaves=0 deleted_leaves=0 mirror_mismatches=0
CARTOON_AMR_TRANSACTION cycle=4338 requested_refine=0 requested_derefine_leaves=34 accepted_derefine_parents=0 created_leaves=0 deleted_leaves=0 mirror_mismatches=0
CARTOON_AMR_TRANSACTION cycle=4339 requested_refine=0 requested_derefine_leaves=34 accepted_derefine_parents=0 created_leaves=0 deleted_leaves=0 mirror_mismatches=0
CARTOON_AMR_TRANSACTION cycle=4340 requested_refine=0 requested_derefine_leaves=34 accepted_derefine_parents=0 created_leaves=0 deleted_leaves=0 mirror_mismatches=0
elapsed=2.501818e+02 cycle=4340 time=1.669819e+01 dt=6.249548e-05
CARTOON_AMR_TRANSACTION cycle=4341 requested_refine=0 requested_derefine_leaves=34 accepted_derefine_parents=0 created_leaves=0 deleted_leaves=0 mirror_mismatches=0
CARTOON_AMR_TRANSACTION cycle=4342 requested_refine=0 requested_derefine_leaves=34 accepted_derefine_parents=0 created_leaves=0 deleted_leaves=0 mirror_mismatches=0
CARTOON_AMR_TRANSACTION cycle=4343 requested_refine=2 requested_derefine_leaves=34 accepted_derefine_parents=0 created_leaves=6 deleted_leaves=0 mirror_mismatches=0
AMR_Z4C_CHI_PROLONGATION cycle=4343 transfer=high_order local_fallback_groups=0 global_fallback_groups=0 global_high_order_groups=2048
CARTOON_AMR_TRANSACTION cycle=4344 requested_refine=0 requested_derefine_leaves=34 accepted_derefine_parents=0 created_leaves=0 deleted_leaves=0 mirror_mismatches=0
elapsed=2.506042e+02 cycle=4344 time=1.669844e+01 dt=6.249085e-05
CARTOON_AMR_TRANSACTION cycle=4345 requested_refine=0 requested_derefine_leaves=34 accepted_derefine_parents=0 created_leaves=0 deleted_leaves=0 mirror_mismatches=0
CARTOON_AMR_TRANSACTION cycle=4346 requested_refine=0 requested_derefine_leaves=34 accepted_derefine_parents=0 created_leaves=0 deleted_leaves=0 mirror_mismatches=0
CARTOON_AMR_TRANSACTION cycle=4347 requested_refine=0 requested_derefine_leaves=34 accepted_derefine_parents=0 created_leaves=0 deleted_leaves=0 mirror_mismatches=0
CARTOON_AMR_TRANSACTION cycle=4348 requested_refine=0 requested_derefine_leaves=34 accepted_derefine_parents=0 created_leaves=0 deleted_leaves=0 mirror_mismatches=0
elapsed=2.509722e+02 cycle=4348 time=1.669869e+01 dt=6.248625e-05
CARTOON_AMR_TRANSACTION cycle=4349 requested_refine=0 requested_derefine_leaves=34 accepted_derefine_parents=0 created_leaves=0 deleted_leaves=0 mirror_mismatches=0
CARTOON_AMR_TRANSACTION cycle=4350 requested_refine=0 requested_derefine_leaves=34 accepted_derefine_parents=0 created_leaves=0 deleted_leaves=0 mirror_mismatches=0
CARTOON_AMR_TRANSACTION cycle=4351 requested_refine=0 requested_derefine_leaves=34 accepted_derefine_parents=0 created_leaves=0 deleted_leaves=0 mirror_mismatches=0
CARTOON_AMR_TRANSACTION cycle=4352 requested_refine=0 requested_derefine_leaves=34 accepted_derefine_parents=0 created_leaves=0 deleted_leaves=0 mirror_mismatches=0
elapsed=2.523157e+02 cycle=4352 time=1.669894e+01 dt=6.248167e-05
CARTOON_AMR_TRANSACTION cycle=4353 requested_refine=0 requested_derefine_leaves=34 accepted_derefine_parents=0 created_leaves=0 deleted_leaves=0 mirror_mismatches=0
CARTOON_AMR_TRANSACTION cycle=4354 requested_refine=0 requested_derefine_leaves=34 accepted_derefine_parents=0 created_leaves=0 deleted_leaves=0 mirror_mismatches=0
CARTOON_AMR_TRANSACTION cycle=4355 requested_refine=0 requested_derefine_leaves=34 accepted_derefine_parents=0 created_leaves=0 deleted_leaves=0 mirror_mismatches=0
CARTOON_AMR_TRANSACTION cycle=4356 requested_refine=0 requested_derefine_leaves=34 accepted_derefine_parents=0 created_leaves=0 deleted_leaves=0 mirror_mismatches=0
elapsed=2.527115e+02 cycle=4356 time=1.669919e+01 dt=6.247711e-05
CARTOON_AMR_TRANSACTION cycle=4357 requested_refine=0 requested_derefine_leaves=34 accepted_derefine_parents=0 created_leaves=0 deleted_leaves=0 mirror_mismatches=0
CARTOON_AMR_TRANSACTION cycle=4358 requested_refine=0 requested_derefine_leaves=34 accepted_derefine_parents=0 created_leaves=0 deleted_leaves=0 mirror_mismatches=0
CARTOON_AMR_TRANSACTION cycle=4359 requested_refine=0 requested_derefine_leaves=34 accepted_derefine_parents=0 created_leaves=0 deleted_leaves=0 mirror_mismatches=0
CARTOON_AMR_TRANSACTION cycle=4360 requested_refine=0 requested_derefine_leaves=34 accepted_derefine_parents=0 created_leaves=0 deleted_leaves=0 mirror_mismatches=0
elapsed=2.531092e+02 cycle=4360 time=1.669944e+01 dt=6.247258e-05
CARTOON_AMR_TRANSACTION cycle=4361 requested_refine=0 requested_derefine_leaves=34 accepted_derefine_parents=0 created_leaves=0 deleted_leaves=0 mirror_mismatches=0
CARTOON_AMR_TRANSACTION cycle=4362 requested_refine=0 requested_derefine_leaves=34 accepted_derefine_parents=0 created_leaves=0 deleted_leaves=0 mirror_mismatches=0
CARTOON_AMR_TRANSACTION cycle=4363 requested_refine=0 requested_derefine_leaves=34 accepted_derefine_parents=0 created_leaves=0 deleted_leaves=0 mirror_mismatches=0
CARTOON_AMR_TRANSACTION cycle=4364 requested_refine=0 requested_derefine_leaves=34 accepted_derefine_parents=0 created_leaves=0 deleted_leaves=0 mirror_mismatches=0
elapsed=2.534779e+02 cycle=4364 time=1.669969e+01 dt=6.246782e-05
CARTOON_AMR_TRANSACTION cycle=4365 requested_refine=0 requested_derefine_leaves=34 accepted_derefine_parents=0 created_leaves=0 deleted_leaves=0 mirror_mismatches=0
CARTOON_AMR_TRANSACTION cycle=4366 requested_refine=0 requested_derefine_leaves=34 accepted_derefine_parents=0 created_leaves=0 deleted_leaves=0 mirror_mismatches=0
CARTOON_AMR_TRANSACTION cycle=4367 requested_refine=0 requested_derefine_leaves=34 accepted_derefine_parents=0 created_leaves=0 deleted_leaves=0 mirror_mismatches=0
CARTOON_AMR_TRANSACTION cycle=4368 requested_refine=0 requested_derefine_leaves=34 accepted_derefine_parents=0 created_leaves=0 deleted_leaves=0 mirror_mismatches=0
elapsed=2.539102e+02 cycle=4368 time=1.669994e+01 dt=6.246277e-05
CARTOON_AMR_TRANSACTION cycle=4369 requested_refine=0 requested_derefine_leaves=34 accepted_derefine_parents=0 created_leaves=0 deleted_leaves=0 mirror_mismatches=0
CARTOON_AMR_TRANSACTION cycle=4370 requested_refine=0 requested_derefine_leaves=34 accepted_derefine_parents=0 created_leaves=0 deleted_leaves=0 mirror_mismatches=0
CARTOON_AMR_TRANSACTION cycle=4371 requested_refine=0 requested_derefine_leaves=34 accepted_derefine_parents=0 created_leaves=0 deleted_leaves=0 mirror_mismatches=0
CARTOON_AMR_TRANSACTION cycle=4372 requested_refine=0 requested_derefine_leaves=34 accepted_derefine_parents=0 created_leaves=0 deleted_leaves=0 mirror_mismatches=0
elapsed=2.542652e+02 cycle=4372 time=1.670019e+01 dt=6.245773e-05
CARTOON_AMR_TRANSACTION cycle=4373 requested_refine=0 requested_derefine_leaves=34 accepted_derefine_parents=0 created_leaves=0 deleted_leaves=0 mirror_mismatches=0
CARTOON_AMR_TRANSACTION cycle=4374 requested_refine=0 requested_derefine_leaves=34 accepted_derefine_parents=0 created_leaves=0 deleted_leaves=0 mirror_mismatches=0
CARTOON_AMR_TRANSACTION cycle=4375 requested_refine=0 requested_derefine_leaves=34 accepted_derefine_parents=0 created_leaves=0 deleted_leaves=0 mirror_mismatches=0
CARTOON_AMR_TRANSACTION cycle=4376 requested_refine=0 requested_derefine_leaves=34 accepted_derefine_parents=0 created_leaves=0 deleted_leaves=0 mirror_mismatches=0
elapsed=2.546563e+02 cycle=4376 time=1.670044e+01 dt=6.245271e-05
CARTOON_AMR_TRANSACTION cycle=4377 requested_refine=0 requested_derefine_leaves=34 accepted_derefine_parents=0 created_leaves=0 deleted_leaves=0 mirror_mismatches=0
CARTOON_AMR_TRANSACTION cycle=4378 requested_refine=0 requested_derefine_leaves=34 accepted_derefine_parents=0 created_leaves=0 deleted_leaves=0 mirror_mismatches=0
CARTOON_AMR_TRANSACTION cycle=4379 requested_refine=0 requested_derefine_leaves=34 accepted_derefine_parents=0 created_leaves=0 deleted_leaves=0 mirror_mismatches=0
CARTOON_AMR_TRANSACTION cycle=4380 requested_refine=0 requested_derefine_leaves=34 accepted_derefine_parents=0 created_leaves=0 deleted_leaves=0 mirror_mismatches=0
elapsed=2.550385e+02 cycle=4380 time=1.670069e+01 dt=6.244772e-05
CARTOON_AMR_TRANSACTION cycle=4381 requested_refine=0 requested_derefine_leaves=34 accepted_derefine_parents=0 created_leaves=0 deleted_leaves=0 mirror_mismatches=0
CARTOON_AMR_TRANSACTION cycle=4382 requested_refine=0 requested_derefine_leaves=34 accepted_derefine_parents=0 created_leaves=0 deleted_leaves=0 mirror_mismatches=0
CARTOON_AMR_TRANSACTION cycle=4383 requested_refine=0 requested_derefine_leaves=34 accepted_derefine_parents=0 created_leaves=0 deleted_leaves=0 mirror_mismatches=0
CARTOON_AMR_TRANSACTION cycle=4384 requested_refine=0 requested_derefine_leaves=34 accepted_derefine_parents=0 created_leaves=0 deleted_leaves=0 mirror_mismatches=0
elapsed=2.554207e+02 cycle=4384 time=1.670094e+01 dt=6.244254e-05
CARTOON_AMR_TRANSACTION cycle=4385 requested_refine=0 requested_derefine_leaves=34 accepted_derefine_parents=0 created_leaves=0 deleted_leaves=0 mirror_mismatches=0
CARTOON_AMR_TRANSACTION cycle=4386 requested_refine=0 requested_derefine_leaves=34 accepted_derefine_parents=0 created_leaves=0 deleted_leaves=0 mirror_mismatches=0
CARTOON_AMR_TRANSACTION cycle=4387 requested_refine=0 requested_derefine_leaves=34 accepted_derefine_parents=0 created_leaves=0 deleted_leaves=0 mirror_mismatches=0
CARTOON_AMR_TRANSACTION cycle=4388 requested_refine=0 requested_derefine_leaves=34 accepted_derefine_parents=0 created_leaves=0 deleted_leaves=0 mirror_mismatches=0
elapsed=2.558077e+02 cycle=4388 time=1.670119e+01 dt=6.243698e-05
CARTOON_AMR_TRANSACTION cycle=4389 requested_refine=0 requested_derefine_leaves=34 accepted_derefine_parents=0 created_leaves=0 deleted_leaves=0 mirror_mismatches=0
CARTOON_AMR_TRANSACTION cycle=4390 requested_refine=0 requested_derefine_leaves=34 accepted_derefine_parents=0 created_leaves=0 deleted_leaves=0 mirror_mismatches=0
CARTOON_AMR_TRANSACTION cycle=4391 requested_refine=0 requested_derefine_leaves=34 accepted_derefine_parents=0 created_leaves=0 deleted_leaves=0 mirror_mismatches=0
CARTOON_AMR_TRANSACTION cycle=4392 requested_refine=0 requested_derefine_leaves=34 accepted_derefine_parents=0 created_leaves=0 deleted_leaves=0 mirror_mismatches=0
elapsed=2.561460e+02 cycle=4392 time=1.670144e+01 dt=6.243144e-05
CARTOON_AMR_TRANSACTION cycle=4393 requested_refine=0 requested_derefine_leaves=34 accepted_derefine_parents=0 created_leaves=0 deleted_leaves=0 mirror_mismatches=0
CARTOON_AMR_TRANSACTION cycle=4394 requested_refine=0 requested_derefine_leaves=34 accepted_derefine_parents=0 created_leaves=0 deleted_leaves=0 mirror_mismatches=0
CARTOON_AMR_TRANSACTION cycle=4395 requested_refine=0 requested_derefine_leaves=34 accepted_derefine_parents=0 created_leaves=0 deleted_leaves=0 mirror_mismatches=0
CARTOON_AMR_TRANSACTION cycle=4396 requested_refine=2 requested_derefine_leaves=34 accepted_derefine_parents=0 created_leaves=6 deleted_leaves=0 mirror_mismatches=0
AMR_Z4C_CHI_PROLONGATION cycle=4396 transfer=high_order local_fallback_groups=0 global_fallback_groups=0 global_high_order_groups=2048
elapsed=2.565264e+02 cycle=4396 time=1.670169e+01 dt=6.242591e-05
CARTOON_AMR_TRANSACTION cycle=4397 requested_refine=0 requested_derefine_leaves=34 accepted_derefine_parents=0 created_leaves=0 deleted_leaves=0 mirror_mismatches=0
CARTOON_AMR_TRANSACTION cycle=4398 requested_refine=0 requested_derefine_leaves=34 accepted_derefine_parents=0 created_leaves=0 deleted_leaves=0 mirror_mismatches=0
CARTOON_AMR_TRANSACTION cycle=4399 requested_refine=0 requested_derefine_leaves=34 accepted_derefine_parents=0 created_leaves=0 deleted_leaves=0 mirror_mismatches=0
CARTOON_AMR_TRANSACTION cycle=4400 requested_refine=0 requested_derefine_leaves=34 accepted_derefine_parents=0 created_leaves=0 deleted_leaves=0 mirror_mismatches=0
elapsed=2.569266e+02 cycle=4400 time=1.670194e+01 dt=6.242040e-05
CARTOON_AMR_TRANSACTION cycle=4401 requested_refine=0 requested_derefine_leaves=34 accepted_derefine_parents=0 created_leaves=0 deleted_leaves=0 mirror_mismatches=0
CARTOON_AMR_TRANSACTION cycle=4402 requested_refine=0 requested_derefine_leaves=34 accepted_derefine_parents=0 created_leaves=0 deleted_leaves=0 mirror_mismatches=0
CARTOON_AMR_TRANSACTION cycle=4403 requested_refine=0 requested_derefine_leaves=34 accepted_derefine_parents=0 created_leaves=0 deleted_leaves=0 mirror_mismatches=0
CARTOON_AMR_TRANSACTION cycle=4404 requested_refine=0 requested_derefine_leaves=34 accepted_derefine_parents=0 created_leaves=0 deleted_leaves=0 mirror_mismatches=0
elapsed=2.572899e+02 cycle=4404 time=1.670219e+01 dt=6.241475e-05
CARTOON_AMR_TRANSACTION cycle=4405 requested_refine=0 requested_derefine_leaves=34 accepted_derefine_parents=0 created_leaves=0 deleted_leaves=0 mirror_mismatches=0
CARTOON_AMR_TRANSACTION cycle=4406 requested_refine=0 requested_derefine_leaves=34 accepted_derefine_parents=0 created_leaves=0 deleted_leaves=0 mirror_mismatches=0
CARTOON_AMR_TRANSACTION cycle=4407 requested_refine=0 requested_derefine_leaves=34 accepted_derefine_parents=0 created_leaves=0 deleted_leaves=0 mirror_mismatches=0
CARTOON_AMR_TRANSACTION cycle=4408 requested_refine=0 requested_derefine_leaves=34 accepted_derefine_parents=0 created_leaves=0 deleted_leaves=0 mirror_mismatches=0
elapsed=2.576574e+02 cycle=4408 time=1.670244e+01 dt=6.240865e-05
CARTOON_AMR_TRANSACTION cycle=4409 requested_refine=0 requested_derefine_leaves=34 accepted_derefine_parents=0 created_leaves=0 deleted_leaves=0 mirror_mismatches=0
CARTOON_AMR_TRANSACTION cycle=4410 requested_refine=0 requested_derefine_leaves=34 accepted_derefine_parents=0 created_leaves=0 deleted_leaves=0 mirror_mismatches=0
CARTOON_AMR_TRANSACTION cycle=4411 requested_refine=0 requested_derefine_leaves=34 accepted_derefine_parents=0 created_leaves=0 deleted_leaves=0 mirror_mismatches=0
CARTOON_AMR_TRANSACTION cycle=4412 requested_refine=0 requested_derefine_leaves=34 accepted_derefine_parents=0 created_leaves=0 deleted_leaves=0 mirror_mismatches=0
elapsed=2.579982e+02 cycle=4412 time=1.670269e+01 dt=6.240257e-05
CARTOON_AMR_TRANSACTION cycle=4413 requested_refine=0 requested_derefine_leaves=34 accepted_derefine_parents=0 created_leaves=0 deleted_leaves=0 mirror_mismatches=0
CARTOON_AMR_TRANSACTION cycle=4414 requested_refine=0 requested_derefine_leaves=34 accepted_derefine_parents=0 created_leaves=0 deleted_leaves=0 mirror_mismatches=0
CARTOON_AMR_TRANSACTION cycle=4415 requested_refine=0 requested_derefine_leaves=34 accepted_derefine_parents=0 created_leaves=0 deleted_leaves=0 mirror_mismatches=0
CARTOON_AMR_TRANSACTION cycle=4416 requested_refine=0 requested_derefine_leaves=34 accepted_derefine_parents=0 created_leaves=0 deleted_leaves=0 mirror_mismatches=0
elapsed=2.583785e+02 cycle=4416 time=1.670294e+01 dt=6.239651e-05
CARTOON_AMR_TRANSACTION cycle=4417 requested_refine=0 requested_derefine_leaves=34 accepted_derefine_parents=0 created_leaves=0 deleted_leaves=0 mirror_mismatches=0
CARTOON_AMR_TRANSACTION cycle=4418 requested_refine=0 requested_derefine_leaves=34 accepted_derefine_parents=0 created_leaves=0 deleted_leaves=0 mirror_mismatches=0
CARTOON_AMR_TRANSACTION cycle=4419 requested_refine=0 requested_derefine_leaves=34 accepted_derefine_parents=0 created_leaves=0 deleted_leaves=0 mirror_mismatches=0
CARTOON_AMR_TRANSACTION cycle=4420 requested_refine=0 requested_derefine_leaves=34 accepted_derefine_parents=0 created_leaves=0 deleted_leaves=0 mirror_mismatches=0
elapsed=2.587575e+02 cycle=4420 time=1.670319e+01 dt=6.239046e-05
CARTOON_AMR_TRANSACTION cycle=4421 requested_refine=0 requested_derefine_leaves=34 accepted_derefine_parents=0 created_leaves=0 deleted_leaves=0 mirror_mismatches=0
CARTOON_AMR_TRANSACTION cycle=4422 requested_refine=0 requested_derefine_leaves=34 accepted_derefine_parents=0 created_leaves=0 deleted_leaves=0 mirror_mismatches=0
CARTOON_AMR_TRANSACTION cycle=4423 requested_refine=0 requested_derefine_leaves=34 accepted_derefine_parents=0 created_leaves=0 deleted_leaves=0 mirror_mismatches=0
CARTOON_AMR_TRANSACTION cycle=4424 requested_refine=0 requested_derefine_leaves=34 accepted_derefine_parents=0 created_leaves=0 deleted_leaves=0 mirror_mismatches=0
elapsed=2.591434e+02 cycle=4424 time=1.670344e+01 dt=6.238428e-05
CARTOON_AMR_TRANSACTION cycle=4425 requested_refine=0 requested_derefine_leaves=34 accepted_derefine_parents=0 created_leaves=0 deleted_leaves=0 mirror_mismatches=0
CARTOON_AMR_TRANSACTION cycle=4426 requested_refine=0 requested_derefine_leaves=34 accepted_derefine_parents=0 created_leaves=0 deleted_leaves=0 mirror_mismatches=0
CARTOON_AMR_TRANSACTION cycle=4427 requested_refine=0 requested_derefine_leaves=34 accepted_derefine_parents=0 created_leaves=0 deleted_leaves=0 mirror_mismatches=0
CARTOON_AMR_TRANSACTION cycle=4428 requested_refine=0 requested_derefine_leaves=34 accepted_derefine_parents=0 created_leaves=0 deleted_leaves=0 mirror_mismatches=0
elapsed=2.594988e+02 cycle=4428 time=1.670369e+01 dt=6.237759e-05
CARTOON_AMR_TRANSACTION cycle=4429 requested_refine=0 requested_derefine_leaves=34 accepted_derefine_parents=0 created_leaves=0 deleted_leaves=0 mirror_mismatches=0
CARTOON_AMR_TRANSACTION cycle=4430 requested_refine=0 requested_derefine_leaves=34 accepted_derefine_parents=0 created_leaves=0 deleted_leaves=0 mirror_mismatches=0
CARTOON_AMR_TRANSACTION cycle=4431 requested_refine=0 requested_derefine_leaves=34 accepted_derefine_parents=0 created_leaves=0 deleted_leaves=0 mirror_mismatches=0
CARTOON_AMR_TRANSACTION cycle=4432 requested_refine=0 requested_derefine_leaves=34 accepted_derefine_parents=0 created_leaves=0 deleted_leaves=0 mirror_mismatches=0
elapsed=2.598780e+02 cycle=4432 time=1.670394e+01 dt=6.237091e-05
CARTOON_AMR_TRANSACTION cycle=4433 requested_refine=0 requested_derefine_leaves=34 accepted_derefine_parents=0 created_leaves=0 deleted_leaves=0 mirror_mismatches=0
CARTOON_AMR_TRANSACTION cycle=4434 requested_refine=0 requested_derefine_leaves=34 accepted_derefine_parents=0 created_leaves=0 deleted_leaves=0 mirror_mismatches=0
CARTOON_AMR_TRANSACTION cycle=4435 requested_refine=0 requested_derefine_leaves=34 accepted_derefine_parents=0 created_leaves=0 deleted_leaves=0 mirror_mismatches=0
CARTOON_AMR_TRANSACTION cycle=4436 requested_refine=0 requested_derefine_leaves=34 accepted_derefine_parents=0 created_leaves=0 deleted_leaves=0 mirror_mismatches=0
elapsed=2.602579e+02 cycle=4436 time=1.670419e+01 dt=6.236425e-05
CARTOON_AMR_TRANSACTION cycle=4437 requested_refine=0 requested_derefine_leaves=34 accepted_derefine_parents=0 created_leaves=0 deleted_leaves=0 mirror_mismatches=0
CARTOON_AMR_TRANSACTION cycle=4438 requested_refine=0 requested_derefine_leaves=34 accepted_derefine_parents=0 created_leaves=0 deleted_leaves=0 mirror_mismatches=0
CARTOON_AMR_TRANSACTION cycle=4439 requested_refine=0 requested_derefine_leaves=34 accepted_derefine_parents=0 created_leaves=0 deleted_leaves=0 mirror_mismatches=0
CARTOON_AMR_TRANSACTION cycle=4440 requested_refine=0 requested_derefine_leaves=34 accepted_derefine_parents=0 created_leaves=0 deleted_leaves=0 mirror_mismatches=0
elapsed=2.606195e+02 cycle=4440 time=1.670444e+01 dt=6.235760e-05
CARTOON_AMR_TRANSACTION cycle=4441 requested_refine=0 requested_derefine_leaves=34 accepted_derefine_parents=0 created_leaves=0 deleted_leaves=0 mirror_mismatches=0
CARTOON_AMR_TRANSACTION cycle=4442 requested_refine=0 requested_derefine_leaves=34 accepted_derefine_parents=0 created_leaves=0 deleted_leaves=0 mirror_mismatches=0
CARTOON_AMR_TRANSACTION cycle=4443 requested_refine=0 requested_derefine_leaves=34 accepted_derefine_parents=0 created_leaves=0 deleted_leaves=0 mirror_mismatches=0
CARTOON_AMR_TRANSACTION cycle=4444 requested_refine=0 requested_derefine_leaves=34 accepted_derefine_parents=0 created_leaves=0 deleted_leaves=0 mirror_mismatches=0
elapsed=2.610293e+02 cycle=4444 time=1.670469e+01 dt=6.235052e-05
CARTOON_AMR_TRANSACTION cycle=4445 requested_refine=0 requested_derefine_leaves=34 accepted_derefine_parents=0 created_leaves=0 deleted_leaves=0 mirror_mismatches=0
CARTOON_AMR_TRANSACTION cycle=4446 requested_refine=0 requested_derefine_leaves=34 accepted_derefine_parents=0 created_leaves=0 deleted_leaves=0 mirror_mismatches=0
CARTOON_AMR_TRANSACTION cycle=4447 requested_refine=0 requested_derefine_leaves=34 accepted_derefine_parents=0 created_leaves=0 deleted_leaves=0 mirror_mismatches=0
CARTOON_AMR_TRANSACTION cycle=4448 requested_refine=0 requested_derefine_leaves=34 accepted_derefine_parents=0 created_leaves=0 deleted_leaves=0 mirror_mismatches=0
elapsed=2.614466e+02 cycle=4448 time=1.670494e+01 dt=6.234311e-05
CARTOON_AMR_TRANSACTION cycle=4449 requested_refine=0 requested_derefine_leaves=34 accepted_derefine_parents=0 created_leaves=0 deleted_leaves=0 mirror_mismatches=0
CARTOON_AMR_TRANSACTION cycle=4450 requested_refine=0 requested_derefine_leaves=34 accepted_derefine_parents=0 created_leaves=0 deleted_leaves=0 mirror_mismatches=0
CARTOON_AMR_TRANSACTION cycle=4451 requested_refine=0 requested_derefine_leaves=34 accepted_derefine_parents=0 created_leaves=0 deleted_leaves=0 mirror_mismatches=0
CARTOON_AMR_TRANSACTION cycle=4452 requested_refine=0 requested_derefine_leaves=34 accepted_derefine_parents=0 created_leaves=0 deleted_leaves=0 mirror_mismatches=0
elapsed=2.617961e+02 cycle=4452 time=1.670519e+01 dt=6.233570e-05
CARTOON_AMR_TRANSACTION cycle=4453 requested_refine=0 requested_derefine_leaves=34 accepted_derefine_parents=0 created_leaves=0 deleted_leaves=0 mirror_mismatches=0
CARTOON_AMR_TRANSACTION cycle=4454 requested_refine=0 requested_derefine_leaves=34 accepted_derefine_parents=0 created_leaves=0 deleted_leaves=0 mirror_mismatches=0
CARTOON_AMR_TRANSACTION cycle=4455 requested_refine=0 requested_derefine_leaves=34 accepted_derefine_parents=0 created_leaves=0 deleted_leaves=0 mirror_mismatches=0
CARTOON_AMR_TRANSACTION cycle=4456 requested_refine=0 requested_derefine_leaves=32 accepted_derefine_parents=0 created_leaves=0 deleted_leaves=0 mirror_mismatches=0
elapsed=2.622208e+02 cycle=4456 time=1.670543e+01 dt=6.232826e-05
CARTOON_AMR_TRANSACTION cycle=4457 requested_refine=0 requested_derefine_leaves=32 accepted_derefine_parents=0 created_leaves=0 deleted_leaves=0 mirror_mismatches=0
CARTOON_AMR_TRANSACTION cycle=4458 requested_refine=0 requested_derefine_leaves=32 accepted_derefine_parents=0 created_leaves=0 deleted_leaves=0 mirror_mismatches=0
CARTOON_AMR_TRANSACTION cycle=4459 requested_refine=0 requested_derefine_leaves=32 accepted_derefine_parents=0 created_leaves=0 deleted_leaves=0 mirror_mismatches=0
CARTOON_AMR_TRANSACTION cycle=4460 requested_refine=0 requested_derefine_leaves=32 accepted_derefine_parents=0 created_leaves=0 deleted_leaves=0 mirror_mismatches=0
elapsed=2.625749e+02 cycle=4460 time=1.670568e+01 dt=6.232010e-05
CARTOON_AMR_TRANSACTION cycle=4461 requested_refine=0 requested_derefine_leaves=32 accepted_derefine_parents=0 created_leaves=0 deleted_leaves=0 mirror_mismatches=0
CARTOON_AMR_TRANSACTION cycle=4462 requested_refine=0 requested_derefine_leaves=32 accepted_derefine_parents=0 created_leaves=0 deleted_leaves=0 mirror_mismatches=0
CARTOON_AMR_TRANSACTION cycle=4463 requested_refine=0 requested_derefine_leaves=32 accepted_derefine_parents=0 created_leaves=0 deleted_leaves=0 mirror_mismatches=0
CARTOON_AMR_TRANSACTION cycle=4464 requested_refine=0 requested_derefine_leaves=32 accepted_derefine_parents=0 created_leaves=0 deleted_leaves=0 mirror_mismatches=0
elapsed=2.629620e+02 cycle=4464 time=1.670593e+01 dt=6.231180e-05
CARTOON_AMR_TRANSACTION cycle=4465 requested_refine=0 requested_derefine_leaves=32 accepted_derefine_parents=0 created_leaves=0 deleted_leaves=0 mirror_mismatches=0
CARTOON_AMR_TRANSACTION cycle=4466 requested_refine=0 requested_derefine_leaves=32 accepted_derefine_parents=0 created_leaves=0 deleted_leaves=0 mirror_mismatches=0
CARTOON_AMR_TRANSACTION cycle=4467 requested_refine=0 requested_derefine_leaves=32 accepted_derefine_parents=0 created_leaves=0 deleted_leaves=0 mirror_mismatches=0
CARTOON_AMR_TRANSACTION cycle=4468 requested_refine=0 requested_derefine_leaves=32 accepted_derefine_parents=0 created_leaves=0 deleted_leaves=0 mirror_mismatches=0
elapsed=2.633296e+02 cycle=4468 time=1.670618e+01 dt=6.230354e-05
CARTOON_AMR_TRANSACTION cycle=4469 requested_refine=0 requested_derefine_leaves=32 accepted_derefine_parents=0 created_leaves=0 deleted_leaves=0 mirror_mismatches=0
CARTOON_AMR_TRANSACTION cycle=4470 requested_refine=0 requested_derefine_leaves=32 accepted_derefine_parents=0 created_leaves=0 deleted_leaves=0 mirror_mismatches=0
CARTOON_AMR_TRANSACTION cycle=4471 requested_refine=2 requested_derefine_leaves=32 accepted_derefine_parents=0 created_leaves=6 deleted_leaves=0 mirror_mismatches=0
AMR_Z4C_CHI_PROLONGATION cycle=4471 transfer=high_order local_fallback_groups=0 global_fallback_groups=0 global_high_order_groups=2048
CARTOON_AMR_TRANSACTION cycle=4472 requested_refine=0 requested_derefine_leaves=32 accepted_derefine_parents=0 created_leaves=0 deleted_leaves=0 mirror_mismatches=0
elapsed=2.637918e+02 cycle=4472 time=1.670643e+01 dt=6.229536e-05
CARTOON_AMR_TRANSACTION cycle=4473 requested_refine=0 requested_derefine_leaves=32 accepted_derefine_parents=0 created_leaves=0 deleted_leaves=0 mirror_mismatches=0
CARTOON_AMR_TRANSACTION cycle=4474 requested_refine=0 requested_derefine_leaves=32 accepted_derefine_parents=0 created_leaves=0 deleted_leaves=0 mirror_mismatches=0
CARTOON_AMR_TRANSACTION cycle=4475 requested_refine=0 requested_derefine_leaves=32 accepted_derefine_parents=0 created_leaves=0 deleted_leaves=0 mirror_mismatches=0
CARTOON_AMR_TRANSACTION cycle=4476 requested_refine=0 requested_derefine_leaves=32 accepted_derefine_parents=0 created_leaves=0 deleted_leaves=0 mirror_mismatches=0
elapsed=2.642267e+02 cycle=4476 time=1.670668e+01 dt=6.228730e-05
CARTOON_AMR_TRANSACTION cycle=4477 requested_refine=0 requested_derefine_leaves=32 accepted_derefine_parents=0 created_leaves=0 deleted_leaves=0 mirror_mismatches=0
CARTOON_AMR_TRANSACTION cycle=4478 requested_refine=0 requested_derefine_leaves=32 accepted_derefine_parents=0 created_leaves=0 deleted_leaves=0 mirror_mismatches=0
CARTOON_AMR_TRANSACTION cycle=4479 requested_refine=0 requested_derefine_leaves=32 accepted_derefine_parents=0 created_leaves=0 deleted_leaves=0 mirror_mismatches=0
CARTOON_AMR_TRANSACTION cycle=4480 requested_refine=0 requested_derefine_leaves=32 accepted_derefine_parents=0 created_leaves=0 deleted_leaves=0 mirror_mismatches=0
elapsed=2.646658e+02 cycle=4480 time=1.670693e+01 dt=6.227933e-05
CARTOON_AMR_TRANSACTION cycle=4481 requested_refine=0 requested_derefine_leaves=32 accepted_derefine_parents=0 created_leaves=0 deleted_leaves=0 mirror_mismatches=0
CARTOON_AMR_TRANSACTION cycle=4482 requested_refine=0 requested_derefine_leaves=32 accepted_derefine_parents=0 created_leaves=0 deleted_leaves=0 mirror_mismatches=0
CARTOON_AMR_TRANSACTION cycle=4483 requested_refine=0 requested_derefine_leaves=32 accepted_derefine_parents=0 created_leaves=0 deleted_leaves=0 mirror_mismatches=0
CARTOON_AMR_TRANSACTION cycle=4484 requested_refine=0 requested_derefine_leaves=32 accepted_derefine_parents=0 created_leaves=0 deleted_leaves=0 mirror_mismatches=0
elapsed=2.650392e+02 cycle=4484 time=1.670718e+01 dt=6.227116e-05
CARTOON_AMR_TRANSACTION cycle=4485 requested_refine=0 requested_derefine_leaves=32 accepted_derefine_parents=0 created_leaves=0 deleted_leaves=0 mirror_mismatches=0
CARTOON_AMR_TRANSACTION cycle=4486 requested_refine=0 requested_derefine_leaves=32 accepted_derefine_parents=0 created_leaves=0 deleted_leaves=0 mirror_mismatches=0
CARTOON_AMR_TRANSACTION cycle=4487 requested_refine=0 requested_derefine_leaves=32 accepted_derefine_parents=0 created_leaves=0 deleted_leaves=0 mirror_mismatches=0
CARTOON_AMR_TRANSACTION cycle=4488 requested_refine=0 requested_derefine_leaves=32 accepted_derefine_parents=0 created_leaves=0 deleted_leaves=0 mirror_mismatches=0
elapsed=2.654847e+02 cycle=4488 time=1.670743e+01 dt=6.226306e-05
CARTOON_AMR_TRANSACTION cycle=4489 requested_refine=0 requested_derefine_leaves=32 accepted_derefine_parents=0 created_leaves=0 deleted_leaves=0 mirror_mismatches=0
CARTOON_AMR_TRANSACTION cycle=4490 requested_refine=0 requested_derefine_leaves=32 accepted_derefine_parents=0 created_leaves=0 deleted_leaves=0 mirror_mismatches=0
CARTOON_AMR_TRANSACTION cycle=4491 requested_refine=0 requested_derefine_leaves=32 accepted_derefine_parents=0 created_leaves=0 deleted_leaves=0 mirror_mismatches=0
CARTOON_AMR_TRANSACTION cycle=4492 requested_refine=0 requested_derefine_leaves=32 accepted_derefine_parents=0 created_leaves=0 deleted_leaves=0 mirror_mismatches=0
elapsed=2.658600e+02 cycle=4492 time=1.670768e+01 dt=6.225494e-05
CARTOON_AMR_TRANSACTION cycle=4493 requested_refine=0 requested_derefine_leaves=32 accepted_derefine_parents=0 created_leaves=0 deleted_leaves=0 mirror_mismatches=0
CARTOON_AMR_TRANSACTION cycle=4494 requested_refine=0 requested_derefine_leaves=32 accepted_derefine_parents=0 created_leaves=0 deleted_leaves=0 mirror_mismatches=0
CARTOON_AMR_TRANSACTION cycle=4495 requested_refine=0 requested_derefine_leaves=32 accepted_derefine_parents=0 created_leaves=0 deleted_leaves=0 mirror_mismatches=0
CARTOON_AMR_TRANSACTION cycle=4496 requested_refine=0 requested_derefine_leaves=32 accepted_derefine_parents=0 created_leaves=0 deleted_leaves=0 mirror_mismatches=0
elapsed=2.662373e+02 cycle=4496 time=1.670793e+01 dt=6.224583e-05
CARTOON_AMR_TRANSACTION cycle=4497 requested_refine=0 requested_derefine_leaves=32 accepted_derefine_parents=0 created_leaves=0 deleted_leaves=0 mirror_mismatches=0
CARTOON_AMR_TRANSACTION cycle=4498 requested_refine=2 requested_derefine_leaves=32 accepted_derefine_parents=0 created_leaves=6 deleted_leaves=0 mirror_mismatches=0
AMR_Z4C_CHI_PROLONGATION cycle=4498 transfer=high_order local_fallback_groups=0 global_fallback_groups=0 global_high_order_groups=2048
CARTOON_AMR_TRANSACTION cycle=4499 requested_refine=0 requested_derefine_leaves=32 accepted_derefine_parents=0 created_leaves=0 deleted_leaves=0 mirror_mismatches=0
CARTOON_AMR_TRANSACTION cycle=4500 requested_refine=0 requested_derefine_leaves=32 accepted_derefine_parents=0 created_leaves=0 deleted_leaves=0 mirror_mismatches=0
elapsed=2.666281e+02 cycle=4500 time=1.670811e+01 dt=3.111903e-05
CARTOON_AMR_TRANSACTION cycle=4501 requested_refine=0 requested_derefine_leaves=32 accepted_derefine_parents=0 created_leaves=0 deleted_leaves=0 mirror_mismatches=0
CARTOON_AMR_TRANSACTION cycle=4502 requested_refine=0 requested_derefine_leaves=32 accepted_derefine_parents=0 created_leaves=0 deleted_leaves=0 mirror_mismatches=0
CARTOON_AMR_TRANSACTION cycle=4503 requested_refine=2 requested_derefine_leaves=32 accepted_derefine_parents=0 created_leaves=6 deleted_leaves=0 mirror_mismatches=0
AMR_Z4C_CHI_PROLONGATION cycle=4503 transfer=high_order local_fallback_groups=0 global_fallback_groups=0 global_high_order_groups=2048
CARTOON_AMR_TRANSACTION cycle=4504 requested_refine=0 requested_derefine_leaves=32 accepted_derefine_parents=0 created_leaves=0 deleted_leaves=0 mirror_mismatches=0
elapsed=2.670751e+02 cycle=4504 time=1.670824e+01 dt=3.111641e-05
CARTOON_AMR_TRANSACTION cycle=4505 requested_refine=0 requested_derefine_leaves=32 accepted_derefine_parents=0 created_leaves=0 deleted_leaves=0 mirror_mismatches=0
CARTOON_AMR_TRANSACTION cycle=4506 requested_refine=0 requested_derefine_leaves=32 accepted_derefine_parents=0 created_leaves=0 deleted_leaves=0 mirror_mismatches=0
CARTOON_AMR_TRANSACTION cycle=4507 requested_refine=0 requested_derefine_leaves=32 accepted_derefine_parents=0 created_leaves=0 deleted_leaves=0 mirror_mismatches=0
CARTOON_AMR_TRANSACTION cycle=4508 requested_refine=0 requested_derefine_leaves=32 accepted_derefine_parents=0 created_leaves=0 deleted_leaves=0 mirror_mismatches=0
elapsed=2.674963e+02 cycle=4508 time=1.670836e+01 dt=3.111381e-05
CARTOON_AMR_TRANSACTION cycle=4509 requested_refine=0 requested_derefine_leaves=32 accepted_derefine_parents=0 created_leaves=0 deleted_leaves=0 mirror_mismatches=0
CARTOON_AMR_TRANSACTION cycle=4510 requested_refine=0 requested_derefine_leaves=32 accepted_derefine_parents=0 created_leaves=0 deleted_leaves=0 mirror_mismatches=0
CARTOON_AMR_TRANSACTION cycle=4511 requested_refine=0 requested_derefine_leaves=32 accepted_derefine_parents=0 created_leaves=0 deleted_leaves=0 mirror_mismatches=0
CARTOON_AMR_TRANSACTION cycle=4512 requested_refine=0 requested_derefine_leaves=32 accepted_derefine_parents=0 created_leaves=0 deleted_leaves=0 mirror_mismatches=0
elapsed=2.679015e+02 cycle=4512 time=1.670849e+01 dt=3.111123e-05
CARTOON_AMR_TRANSACTION cycle=4513 requested_refine=0 requested_derefine_leaves=32 accepted_derefine_parents=0 created_leaves=0 deleted_leaves=0 mirror_mismatches=0
CARTOON_AMR_TRANSACTION cycle=4514 requested_refine=0 requested_derefine_leaves=32 accepted_derefine_parents=0 created_leaves=0 deleted_leaves=0 mirror_mismatches=0
CARTOON_AMR_TRANSACTION cycle=4515 requested_refine=0 requested_derefine_leaves=32 accepted_derefine_parents=0 created_leaves=0 deleted_leaves=0 mirror_mismatches=0
CARTOON_AMR_TRANSACTION cycle=4516 requested_refine=0 requested_derefine_leaves=32 accepted_derefine_parents=0 created_leaves=0 deleted_leaves=0 mirror_mismatches=0
elapsed=2.682947e+02 cycle=4516 time=1.670861e+01 dt=3.110869e-05
CARTOON_AMR_TRANSACTION cycle=4517 requested_refine=0 requested_derefine_leaves=32 accepted_derefine_parents=0 created_leaves=0 deleted_leaves=0 mirror_mismatches=0
CARTOON_AMR_TRANSACTION cycle=4518 requested_refine=2 requested_derefine_leaves=32 accepted_derefine_parents=0 created_leaves=6 deleted_leaves=0 mirror_mismatches=0
AMR_Z4C_CHI_PROLONGATION cycle=4518 transfer=high_order local_fallback_groups=0 global_fallback_groups=0 global_high_order_groups=2048
CARTOON_AMR_TRANSACTION cycle=4519 requested_refine=0 requested_derefine_leaves=32 accepted_derefine_parents=0 created_leaves=0 deleted_leaves=0 mirror_mismatches=0
CARTOON_AMR_TRANSACTION cycle=4520 requested_refine=0 requested_derefine_leaves=32 accepted_derefine_parents=0 created_leaves=0 deleted_leaves=0 mirror_mismatches=0
elapsed=2.687179e+02 cycle=4520 time=1.670874e+01 dt=3.110620e-05
CARTOON_AMR_TRANSACTION cycle=4521 requested_refine=0 requested_derefine_leaves=32 accepted_derefine_parents=0 created_leaves=0 deleted_leaves=0 mirror_mismatches=0
CARTOON_AMR_TRANSACTION cycle=4522 requested_refine=0 requested_derefine_leaves=32 accepted_derefine_parents=0 created_leaves=0 deleted_leaves=0 mirror_mismatches=0
CARTOON_AMR_TRANSACTION cycle=4523 requested_refine=0 requested_derefine_leaves=32 accepted_derefine_parents=0 created_leaves=0 deleted_leaves=0 mirror_mismatches=0
CARTOON_AMR_TRANSACTION cycle=4524 requested_refine=0 requested_derefine_leaves=32 accepted_derefine_parents=0 created_leaves=0 deleted_leaves=0 mirror_mismatches=0
elapsed=2.691068e+02 cycle=4524 time=1.670886e+01 dt=3.110377e-05
CARTOON_AMR_TRANSACTION cycle=4525 requested_refine=0 requested_derefine_leaves=32 accepted_derefine_parents=0 created_leaves=0 deleted_leaves=0 mirror_mismatches=0
CARTOON_AMR_TRANSACTION cycle=4526 requested_refine=0 requested_derefine_leaves=32 accepted_derefine_parents=0 created_leaves=0 deleted_leaves=0 mirror_mismatches=0
CARTOON_AMR_TRANSACTION cycle=4527 requested_refine=0 requested_derefine_leaves=32 accepted_derefine_parents=0 created_leaves=0 deleted_leaves=0 mirror_mismatches=0
CARTOON_AMR_TRANSACTION cycle=4528 requested_refine=0 requested_derefine_leaves=32 accepted_derefine_parents=0 created_leaves=0 deleted_leaves=0 mirror_mismatches=0
elapsed=2.695079e+02 cycle=4528 time=1.670898e+01 dt=3.110141e-05
CARTOON_AMR_TRANSACTION cycle=4529 requested_refine=0 requested_derefine_leaves=32 accepted_derefine_parents=0 created_leaves=0 deleted_leaves=0 mirror_mismatches=0
CARTOON_AMR_TRANSACTION cycle=4530 requested_refine=0 requested_derefine_leaves=32 accepted_derefine_parents=0 created_leaves=0 deleted_leaves=0 mirror_mismatches=0
CARTOON_AMR_TRANSACTION cycle=4531 requested_refine=0 requested_derefine_leaves=32 accepted_derefine_parents=0 created_leaves=0 deleted_leaves=0 mirror_mismatches=0
CARTOON_AMR_TRANSACTION cycle=4532 requested_refine=0 requested_derefine_leaves=32 accepted_derefine_parents=0 created_leaves=0 deleted_leaves=0 mirror_mismatches=0
elapsed=2.699555e+02 cycle=4532 time=1.670911e+01 dt=3.109912e-05
CARTOON_AMR_TRANSACTION cycle=4533 requested_refine=0 requested_derefine_leaves=32 accepted_derefine_parents=0 created_leaves=0 deleted_leaves=0 mirror_mismatches=0
CARTOON_AMR_TRANSACTION cycle=4534 requested_refine=0 requested_derefine_leaves=32 accepted_derefine_parents=0 created_leaves=0 deleted_leaves=0 mirror_mismatches=0
CARTOON_AMR_TRANSACTION cycle=4535 requested_refine=0 requested_derefine_leaves=32 accepted_derefine_parents=0 created_leaves=0 deleted_leaves=0 mirror_mismatches=0
CARTOON_AMR_TRANSACTION cycle=4536 requested_refine=0 requested_derefine_leaves=32 accepted_derefine_parents=0 created_leaves=0 deleted_leaves=0 mirror_mismatches=0
elapsed=2.704203e+02 cycle=4536 time=1.670923e+01 dt=3.109690e-05
CARTOON_AMR_TRANSACTION cycle=4537 requested_refine=0 requested_derefine_leaves=32 accepted_derefine_parents=0 created_leaves=0 deleted_leaves=0 mirror_mismatches=0
CARTOON_AMR_TRANSACTION cycle=4538 requested_refine=0 requested_derefine_leaves=32 accepted_derefine_parents=0 created_leaves=0 deleted_leaves=0 mirror_mismatches=0
CARTOON_AMR_TRANSACTION cycle=4539 requested_refine=0 requested_derefine_leaves=32 accepted_derefine_parents=0 created_leaves=0 deleted_leaves=0 mirror_mismatches=0
CARTOON_AMR_TRANSACTION cycle=4540 requested_refine=0 requested_derefine_leaves=32 accepted_derefine_parents=0 created_leaves=0 deleted_leaves=0 mirror_mismatches=0
elapsed=2.708442e+02 cycle=4540 time=1.670936e+01 dt=3.109476e-05
CARTOON_AMR_TRANSACTION cycle=4541 requested_refine=0 requested_derefine_leaves=32 accepted_derefine_parents=0 created_leaves=0 deleted_leaves=0 mirror_mismatches=0
CARTOON_AMR_TRANSACTION cycle=4542 requested_refine=0 requested_derefine_leaves=32 accepted_derefine_parents=0 created_leaves=0 deleted_leaves=0 mirror_mismatches=0
CARTOON_AMR_TRANSACTION cycle=4543 requested_refine=2 requested_derefine_leaves=32 accepted_derefine_parents=0 created_leaves=6 deleted_leaves=0 mirror_mismatches=0
AMR_Z4C_CHI_PROLONGATION cycle=4543 transfer=high_order local_fallback_groups=0 global_fallback_groups=0 global_high_order_groups=2048
CARTOON_AMR_TRANSACTION cycle=4544 requested_refine=0 requested_derefine_leaves=32 accepted_derefine_parents=0 created_leaves=0 deleted_leaves=0 mirror_mismatches=0
elapsed=2.713315e+02 cycle=4544 time=1.670948e+01 dt=3.109267e-05
CARTOON_AMR_TRANSACTION cycle=4545 requested_refine=0 requested_derefine_leaves=32 accepted_derefine_parents=0 created_leaves=0 deleted_leaves=0 mirror_mismatches=0
CARTOON_AMR_TRANSACTION cycle=4546 requested_refine=0 requested_derefine_leaves=32 accepted_derefine_parents=0 created_leaves=0 deleted_leaves=0 mirror_mismatches=0
CARTOON_AMR_TRANSACTION cycle=4547 requested_refine=0 requested_derefine_leaves=32 accepted_derefine_parents=0 created_leaves=0 deleted_leaves=0 mirror_mismatches=0
CARTOON_AMR_TRANSACTION cycle=4548 requested_refine=0 requested_derefine_leaves=32 accepted_derefine_parents=0 created_leaves=0 deleted_leaves=0 mirror_mismatches=0
elapsed=2.717375e+02 cycle=4548 time=1.670961e+01 dt=3.109063e-05
CARTOON_AMR_TRANSACTION cycle=4549 requested_refine=0 requested_derefine_leaves=32 accepted_derefine_parents=0 created_leaves=0 deleted_leaves=0 mirror_mismatches=0
CARTOON_AMR_TRANSACTION cycle=4550 requested_refine=0 requested_derefine_leaves=32 accepted_derefine_parents=0 created_leaves=0 deleted_leaves=0 mirror_mismatches=0
CARTOON_AMR_TRANSACTION cycle=4551 requested_refine=0 requested_derefine_leaves=32 accepted_derefine_parents=0 created_leaves=0 deleted_leaves=0 mirror_mismatches=0
CARTOON_AMR_TRANSACTION cycle=4552 requested_refine=0 requested_derefine_leaves=32 accepted_derefine_parents=0 created_leaves=0 deleted_leaves=0 mirror_mismatches=0
elapsed=2.721557e+02 cycle=4552 time=1.670973e+01 dt=3.108861e-05
CARTOON_AMR_TRANSACTION cycle=4553 requested_refine=0 requested_derefine_leaves=32 accepted_derefine_parents=0 created_leaves=0 deleted_leaves=0 mirror_mismatches=0
CARTOON_AMR_TRANSACTION cycle=4554 requested_refine=0 requested_derefine_leaves=32 accepted_derefine_parents=0 created_leaves=0 deleted_leaves=0 mirror_mismatches=0
CARTOON_AMR_TRANSACTION cycle=4555 requested_refine=0 requested_derefine_leaves=32 accepted_derefine_parents=0 created_leaves=0 deleted_leaves=0 mirror_mismatches=0
CARTOON_AMR_TRANSACTION cycle=4556 requested_refine=0 requested_derefine_leaves=32 accepted_derefine_parents=0 created_leaves=0 deleted_leaves=0 mirror_mismatches=0
elapsed=2.725398e+02 cycle=4556 time=1.670985e+01 dt=3.108648e-05
CARTOON_AMR_TRANSACTION cycle=4557 requested_refine=0 requested_derefine_leaves=32 accepted_derefine_parents=0 created_leaves=0 deleted_leaves=0 mirror_mismatches=0
CARTOON_AMR_TRANSACTION cycle=4558 requested_refine=0 requested_derefine_leaves=32 accepted_derefine_parents=0 created_leaves=0 deleted_leaves=0 mirror_mismatches=0
CARTOON_AMR_TRANSACTION cycle=4559 requested_refine=0 requested_derefine_leaves=32 accepted_derefine_parents=0 created_leaves=0 deleted_leaves=0 mirror_mismatches=0
CARTOON_AMR_TRANSACTION cycle=4560 requested_refine=0 requested_derefine_leaves=32 accepted_derefine_parents=0 created_leaves=0 deleted_leaves=0 mirror_mismatches=0
elapsed=2.729752e+02 cycle=4560 time=1.670998e+01 dt=3.108347e-05
CARTOON_AMR_TRANSACTION cycle=4561 requested_refine=0 requested_derefine_leaves=32 accepted_derefine_parents=0 created_leaves=0 deleted_leaves=0 mirror_mismatches=0
CARTOON_AMR_TRANSACTION cycle=4562 requested_refine=0 requested_derefine_leaves=32 accepted_derefine_parents=0 created_leaves=0 deleted_leaves=0 mirror_mismatches=0
CARTOON_AMR_TRANSACTION cycle=4563 requested_refine=0 requested_derefine_leaves=32 accepted_derefine_parents=0 created_leaves=0 deleted_leaves=0 mirror_mismatches=0
CARTOON_AMR_TRANSACTION cycle=4564 requested_refine=0 requested_derefine_leaves=32 accepted_derefine_parents=0 created_leaves=0 deleted_leaves=0 mirror_mismatches=0
elapsed=2.733790e+02 cycle=4564 time=1.671010e+01 dt=3.108030e-05
CARTOON_AMR_TRANSACTION cycle=4565 requested_refine=0 requested_derefine_leaves=32 accepted_derefine_parents=0 created_leaves=0 deleted_leaves=0 mirror_mismatches=0
CARTOON_AMR_TRANSACTION cycle=4566 requested_refine=0 requested_derefine_leaves=32 accepted_derefine_parents=0 created_leaves=0 deleted_leaves=0 mirror_mismatches=0
CARTOON_AMR_TRANSACTION cycle=4567 requested_refine=0 requested_derefine_leaves=32 accepted_derefine_parents=0 created_leaves=0 deleted_leaves=0 mirror_mismatches=0
CARTOON_AMR_TRANSACTION cycle=4568 requested_refine=0 requested_derefine_leaves=32 accepted_derefine_parents=0 created_leaves=0 deleted_leaves=0 mirror_mismatches=0
elapsed=2.737608e+02 cycle=4568 time=1.671023e+01 dt=3.107701e-05
CARTOON_AMR_TRANSACTION cycle=4569 requested_refine=0 requested_derefine_leaves=32 accepted_derefine_parents=0 created_leaves=0 deleted_leaves=0 mirror_mismatches=0
CARTOON_AMR_TRANSACTION cycle=4570 requested_refine=0 requested_derefine_leaves=32 accepted_derefine_parents=0 created_leaves=0 deleted_leaves=0 mirror_mismatches=0
CARTOON_AMR_TRANSACTION cycle=4571 requested_refine=0 requested_derefine_leaves=32 accepted_derefine_parents=0 created_leaves=0 deleted_leaves=0 mirror_mismatches=0
CARTOON_AMR_TRANSACTION cycle=4572 requested_refine=0 requested_derefine_leaves=32 accepted_derefine_parents=0 created_leaves=0 deleted_leaves=0 mirror_mismatches=0
elapsed=2.741906e+02 cycle=4572 time=1.671035e+01 dt=3.107375e-05
CARTOON_AMR_TRANSACTION cycle=4573 requested_refine=0 requested_derefine_leaves=32 accepted_derefine_parents=0 created_leaves=0 deleted_leaves=0 mirror_mismatches=0
CARTOON_AMR_TRANSACTION cycle=4574 requested_refine=0 requested_derefine_leaves=32 accepted_derefine_parents=0 created_leaves=0 deleted_leaves=0 mirror_mismatches=0
CARTOON_AMR_TRANSACTION cycle=4575 requested_refine=0 requested_derefine_leaves=32 accepted_derefine_parents=0 created_leaves=0 deleted_leaves=0 mirror_mismatches=0
CARTOON_AMR_TRANSACTION cycle=4576 requested_refine=0 requested_derefine_leaves=32 accepted_derefine_parents=0 created_leaves=0 deleted_leaves=0 mirror_mismatches=0
elapsed=2.746329e+02 cycle=4576 time=1.671048e+01 dt=3.107053e-05
CARTOON_AMR_TRANSACTION cycle=4577 requested_refine=0 requested_derefine_leaves=32 accepted_derefine_parents=0 created_leaves=0 deleted_leaves=0 mirror_mismatches=0
CARTOON_AMR_TRANSACTION cycle=4578 requested_refine=0 requested_derefine_leaves=32 accepted_derefine_parents=0 created_leaves=0 deleted_leaves=0 mirror_mismatches=0
CARTOON_AMR_TRANSACTION cycle=4579 requested_refine=2 requested_derefine_leaves=32 accepted_derefine_parents=0 created_leaves=6 deleted_leaves=0 mirror_mismatches=0
AMR_Z4C_CHI_PROLONGATION cycle=4579 transfer=high_order local_fallback_groups=0 global_fallback_groups=0 global_high_order_groups=2048
CARTOON_AMR_TRANSACTION cycle=4580 requested_refine=0 requested_derefine_leaves=32 accepted_derefine_parents=0 created_leaves=0 deleted_leaves=0 mirror_mismatches=0
elapsed=2.750745e+02 cycle=4580 time=1.671060e+01 dt=3.106735e-05
CARTOON_AMR_TRANSACTION cycle=4581 requested_refine=0 requested_derefine_leaves=32 accepted_derefine_parents=0 created_leaves=0 deleted_leaves=0 mirror_mismatches=0
CARTOON_AMR_TRANSACTION cycle=4582 requested_refine=0 requested_derefine_leaves=32 accepted_derefine_parents=0 created_leaves=0 deleted_leaves=0 mirror_mismatches=0
CARTOON_AMR_TRANSACTION cycle=4583 requested_refine=0 requested_derefine_leaves=32 accepted_derefine_parents=0 created_leaves=0 deleted_leaves=0 mirror_mismatches=0
CARTOON_AMR_TRANSACTION cycle=4584 requested_refine=0 requested_derefine_leaves=32 accepted_derefine_parents=0 created_leaves=0 deleted_leaves=0 mirror_mismatches=0
elapsed=2.755077e+02 cycle=4584 time=1.671072e+01 dt=3.106422e-05
CARTOON_AMR_TRANSACTION cycle=4585 requested_refine=0 requested_derefine_leaves=32 accepted_derefine_parents=0 created_leaves=0 deleted_leaves=0 mirror_mismatches=0
CARTOON_AMR_TRANSACTION cycle=4586 requested_refine=0 requested_derefine_leaves=32 accepted_derefine_parents=0 created_leaves=0 deleted_leaves=0 mirror_mismatches=0
CARTOON_AMR_TRANSACTION cycle=4587 requested_refine=0 requested_derefine_leaves=32 accepted_derefine_parents=0 created_leaves=0 deleted_leaves=0 mirror_mismatches=0
CARTOON_AMR_TRANSACTION cycle=4588 requested_refine=0 requested_derefine_leaves=32 accepted_derefine_parents=0 created_leaves=0 deleted_leaves=0 mirror_mismatches=0
elapsed=2.759711e+02 cycle=4588 time=1.671085e+01 dt=3.106112e-05
CARTOON_AMR_TRANSACTION cycle=4589 requested_refine=0 requested_derefine_leaves=32 accepted_derefine_parents=0 created_leaves=0 deleted_leaves=0 mirror_mismatches=0
CARTOON_AMR_TRANSACTION cycle=4590 requested_refine=0 requested_derefine_leaves=32 accepted_derefine_parents=0 created_leaves=0 deleted_leaves=0 mirror_mismatches=0
CARTOON_AMR_TRANSACTION cycle=4591 requested_refine=0 requested_derefine_leaves=32 accepted_derefine_parents=0 created_leaves=0 deleted_leaves=0 mirror_mismatches=0
CARTOON_AMR_TRANSACTION cycle=4592 requested_refine=0 requested_derefine_leaves=32 accepted_derefine_parents=0 created_leaves=0 deleted_leaves=0 mirror_mismatches=0
elapsed=2.764386e+02 cycle=4592 time=1.671097e+01 dt=3.105806e-05
CARTOON_AMR_TRANSACTION cycle=4593 requested_refine=0 requested_derefine_leaves=32 accepted_derefine_parents=0 created_leaves=0 deleted_leaves=0 mirror_mismatches=0
CARTOON_AMR_TRANSACTION cycle=4594 requested_refine=0 requested_derefine_leaves=32 accepted_derefine_parents=0 created_leaves=0 deleted_leaves=0 mirror_mismatches=0
CARTOON_AMR_TRANSACTION cycle=4595 requested_refine=0 requested_derefine_leaves=32 accepted_derefine_parents=0 created_leaves=0 deleted_leaves=0 mirror_mismatches=0
CARTOON_AMR_TRANSACTION cycle=4596 requested_refine=0 requested_derefine_leaves=32 accepted_derefine_parents=0 created_leaves=0 deleted_leaves=0 mirror_mismatches=0
elapsed=2.768489e+02 cycle=4596 time=1.671110e+01 dt=3.105504e-05
CARTOON_AMR_TRANSACTION cycle=4597 requested_refine=0 requested_derefine_leaves=32 accepted_derefine_parents=0 created_leaves=0 deleted_leaves=0 mirror_mismatches=0
CARTOON_AMR_TRANSACTION cycle=4598 requested_refine=0 requested_derefine_leaves=32 accepted_derefine_parents=0 created_leaves=0 deleted_leaves=0 mirror_mismatches=0
CARTOON_AMR_TRANSACTION cycle=4599 requested_refine=0 requested_derefine_leaves=32 accepted_derefine_parents=0 created_leaves=0 deleted_leaves=0 mirror_mismatches=0
CARTOON_AMR_TRANSACTION cycle=4600 requested_refine=0 requested_derefine_leaves=32 accepted_derefine_parents=0 created_leaves=0 deleted_leaves=0 mirror_mismatches=0
elapsed=2.773125e+02 cycle=4600 time=1.671122e+01 dt=3.105204e-05
CARTOON_AMR_TRANSACTION cycle=4601 requested_refine=0 requested_derefine_leaves=32 accepted_derefine_parents=0 created_leaves=0 deleted_leaves=0 mirror_mismatches=0
CARTOON_AMR_TRANSACTION cycle=4602 requested_refine=0 requested_derefine_leaves=32 accepted_derefine_parents=0 created_leaves=0 deleted_leaves=0 mirror_mismatches=0
CARTOON_AMR_TRANSACTION cycle=4603 requested_refine=0 requested_derefine_leaves=32 accepted_derefine_parents=0 created_leaves=0 deleted_leaves=0 mirror_mismatches=0
CARTOON_AMR_TRANSACTION cycle=4604 requested_refine=0 requested_derefine_leaves=32 accepted_derefine_parents=0 created_leaves=0 deleted_leaves=0 mirror_mismatches=0
elapsed=2.777081e+02 cycle=4604 time=1.671135e+01 dt=3.104903e-05
CARTOON_AMR_TRANSACTION cycle=4605 requested_refine=0 requested_derefine_leaves=32 accepted_derefine_parents=0 created_leaves=0 deleted_leaves=0 mirror_mismatches=0
CARTOON_AMR_TRANSACTION cycle=4606 requested_refine=0 requested_derefine_leaves=32 accepted_derefine_parents=0 created_leaves=0 deleted_leaves=0 mirror_mismatches=0
CARTOON_AMR_TRANSACTION cycle=4607 requested_refine=0 requested_derefine_leaves=32 accepted_derefine_parents=0 created_leaves=0 deleted_leaves=0 mirror_mismatches=0
CARTOON_AMR_TRANSACTION cycle=4608 requested_refine=0 requested_derefine_leaves=32 accepted_derefine_parents=0 created_leaves=0 deleted_leaves=0 mirror_mismatches=0
elapsed=2.792612e+02 cycle=4608 time=1.671147e+01 dt=3.104595e-05
CARTOON_AMR_TRANSACTION cycle=4609 requested_refine=0 requested_derefine_leaves=32 accepted_derefine_parents=0 created_leaves=0 deleted_leaves=0 mirror_mismatches=0
CARTOON_AMR_TRANSACTION cycle=4610 requested_refine=0 requested_derefine_leaves=32 accepted_derefine_parents=0 created_leaves=0 deleted_leaves=0 mirror_mismatches=0
CARTOON_AMR_TRANSACTION cycle=4611 requested_refine=0 requested_derefine_leaves=32 accepted_derefine_parents=0 created_leaves=0 deleted_leaves=0 mirror_mismatches=0
CARTOON_AMR_TRANSACTION cycle=4612 requested_refine=0 requested_derefine_leaves=32 accepted_derefine_parents=0 created_leaves=0 deleted_leaves=0 mirror_mismatches=0
elapsed=2.796717e+02 cycle=4612 time=1.671159e+01 dt=3.104288e-05
CARTOON_AMR_TRANSACTION cycle=4613 requested_refine=2 requested_derefine_leaves=32 accepted_derefine_parents=0 created_leaves=6 deleted_leaves=0 mirror_mismatches=0
AMR_Z4C_CHI_PROLONGATION cycle=4613 transfer=high_order local_fallback_groups=0 global_fallback_groups=0 global_high_order_groups=2048
CARTOON_AMR_TRANSACTION cycle=4614 requested_refine=0 requested_derefine_leaves=36 accepted_derefine_parents=0 created_leaves=0 deleted_leaves=0 mirror_mismatches=0
CARTOON_AMR_TRANSACTION cycle=4615 requested_refine=2 requested_derefine_leaves=36 accepted_derefine_parents=0 created_leaves=6 deleted_leaves=0 mirror_mismatches=0
AMR_Z4C_CHI_PROLONGATION cycle=4615 transfer=high_order local_fallback_groups=0 global_fallback_groups=0 global_high_order_groups=2048
CARTOON_AMR_TRANSACTION cycle=4616 requested_refine=0 requested_derefine_leaves=40 accepted_derefine_parents=0 created_leaves=0 deleted_leaves=0 mirror_mismatches=0
elapsed=2.801672e+02 cycle=4616 time=1.671167e+01 dt=1.552704e-05
CARTOON_AMR_TRANSACTION cycle=4617 requested_refine=0 requested_derefine_leaves=40 accepted_derefine_parents=0 created_leaves=0 deleted_leaves=0 mirror_mismatches=0
CARTOON_AMR_TRANSACTION cycle=4618 requested_refine=0 requested_derefine_leaves=40 accepted_derefine_parents=0 created_leaves=0 deleted_leaves=0 mirror_mismatches=0
CARTOON_AMR_TRANSACTION cycle=4619 requested_refine=0 requested_derefine_leaves=40 accepted_derefine_parents=0 created_leaves=0 deleted_leaves=0 mirror_mismatches=0
CARTOON_AMR_TRANSACTION cycle=4620 requested_refine=0 requested_derefine_leaves=40 accepted_derefine_parents=0 created_leaves=0 deleted_leaves=0 mirror_mismatches=0
elapsed=2.805968e+02 cycle=4620 time=1.671173e+01 dt=1.552599e-05
CARTOON_AMR_TRANSACTION cycle=4621 requested_refine=0 requested_derefine_leaves=40 accepted_derefine_parents=0 created_leaves=0 deleted_leaves=0 mirror_mismatches=0
CARTOON_AMR_TRANSACTION cycle=4622 requested_refine=0 requested_derefine_leaves=40 accepted_derefine_parents=0 created_leaves=0 deleted_leaves=0 mirror_mismatches=0
CARTOON_AMR_TRANSACTION cycle=4623 requested_refine=0 requested_derefine_leaves=40 accepted_derefine_parents=0 created_leaves=0 deleted_leaves=0 mirror_mismatches=0
CARTOON_AMR_TRANSACTION cycle=4624 requested_refine=2 requested_derefine_leaves=40 accepted_derefine_parents=0 created_leaves=6 deleted_leaves=0 mirror_mismatches=0
AMR_Z4C_CHI_PROLONGATION cycle=4624 transfer=high_order local_fallback_groups=0 global_fallback_groups=0 global_high_order_groups=2048
elapsed=2.811075e+02 cycle=4624 time=1.671180e+01 dt=1.552495e-05
CARTOON_AMR_TRANSACTION cycle=4625 requested_refine=0 requested_derefine_leaves=44 accepted_derefine_parents=0 created_leaves=0 deleted_leaves=0 mirror_mismatches=0
CARTOON_AMR_TRANSACTION cycle=4626 requested_refine=0 requested_derefine_leaves=44 accepted_derefine_parents=0 created_leaves=0 deleted_leaves=0 mirror_mismatches=0
CARTOON_AMR_TRANSACTION cycle=4627 requested_refine=0 requested_derefine_leaves=44 accepted_derefine_parents=0 created_leaves=0 deleted_leaves=0 mirror_mismatches=0
CARTOON_AMR_TRANSACTION cycle=4628 requested_refine=0 requested_derefine_leaves=44 accepted_derefine_parents=0 created_leaves=0 deleted_leaves=0 mirror_mismatches=0
elapsed=2.815702e+02 cycle=4628 time=1.671186e+01 dt=1.552390e-05
CARTOON_AMR_TRANSACTION cycle=4629 requested_refine=0 requested_derefine_leaves=44 accepted_derefine_parents=0 created_leaves=0 deleted_leaves=0 mirror_mismatches=0
CARTOON_AMR_TRANSACTION cycle=4630 requested_refine=0 requested_derefine_leaves=44 accepted_derefine_parents=0 created_leaves=0 deleted_leaves=0 mirror_mismatches=0
CARTOON_AMR_TRANSACTION cycle=4631 requested_refine=0 requested_derefine_leaves=44 accepted_derefine_parents=0 created_leaves=0 deleted_leaves=0 mirror_mismatches=0
CARTOON_AMR_TRANSACTION cycle=4632 requested_refine=2 requested_derefine_leaves=44 accepted_derefine_parents=0 created_leaves=6 deleted_leaves=0 mirror_mismatches=0
AMR_Z4C_CHI_PROLONGATION cycle=4632 transfer=high_order local_fallback_groups=0 global_fallback_groups=0 global_high_order_groups=2048
elapsed=2.820269e+02 cycle=4632 time=1.671192e+01 dt=1.552286e-05
CARTOON_AMR_TRANSACTION cycle=4633 requested_refine=0 requested_derefine_leaves=48 accepted_derefine_parents=0 created_leaves=0 deleted_leaves=0 mirror_mismatches=0
CARTOON_AMR_TRANSACTION cycle=4634 requested_refine=0 requested_derefine_leaves=48 accepted_derefine_parents=0 created_leaves=0 deleted_leaves=0 mirror_mismatches=0
CARTOON_AMR_TRANSACTION cycle=4635 requested_refine=2 requested_derefine_leaves=48 accepted_derefine_parents=0 created_leaves=6 deleted_leaves=0 mirror_mismatches=0
AMR_Z4C_CHI_PROLONGATION cycle=4635 transfer=high_order local_fallback_groups=0 global_fallback_groups=0 global_high_order_groups=2048
CARTOON_AMR_TRANSACTION cycle=4636 requested_refine=0 requested_derefine_leaves=48 accepted_derefine_parents=0 created_leaves=0 deleted_leaves=0 mirror_mismatches=0
elapsed=2.825310e+02 cycle=4636 time=1.671198e+01 dt=1.552181e-05
CARTOON_AMR_TRANSACTION cycle=4637 requested_refine=0 requested_derefine_leaves=48 accepted_derefine_parents=0 created_leaves=0 deleted_leaves=0 mirror_mismatches=0
CARTOON_AMR_TRANSACTION cycle=4638 requested_refine=0 requested_derefine_leaves=48 accepted_derefine_parents=0 created_leaves=0 deleted_leaves=0 mirror_mismatches=0
CARTOON_AMR_TRANSACTION cycle=4639 requested_refine=0 requested_derefine_leaves=48 accepted_derefine_parents=0 created_leaves=0 deleted_leaves=0 mirror_mismatches=0
CARTOON_AMR_TRANSACTION cycle=4640 requested_refine=0 requested_derefine_leaves=48 accepted_derefine_parents=0 created_leaves=0 deleted_leaves=0 mirror_mismatches=0
elapsed=2.830318e+02 cycle=4640 time=1.671204e+01 dt=1.552077e-05
CARTOON_AMR_TRANSACTION cycle=4641 requested_refine=0 requested_derefine_leaves=48 accepted_derefine_parents=0 created_leaves=0 deleted_leaves=0 mirror_mismatches=0
CARTOON_AMR_TRANSACTION cycle=4642 requested_refine=0 requested_derefine_leaves=48 accepted_derefine_parents=0 created_leaves=0 deleted_leaves=0 mirror_mismatches=0
CARTOON_AMR_TRANSACTION cycle=4643 requested_refine=0 requested_derefine_leaves=48 accepted_derefine_parents=0 created_leaves=0 deleted_leaves=0 mirror_mismatches=0
CARTOON_AMR_TRANSACTION cycle=4644 requested_refine=0 requested_derefine_leaves=48 accepted_derefine_parents=0 created_leaves=0 deleted_leaves=0 mirror_mismatches=0
elapsed=2.835468e+02 cycle=4644 time=1.671211e+01 dt=1.551972e-05
CARTOON_AMR_TRANSACTION cycle=4645 requested_refine=0 requested_derefine_leaves=48 accepted_derefine_parents=0 created_leaves=0 deleted_leaves=0 mirror_mismatches=0
CARTOON_AMR_TRANSACTION cycle=4646 requested_refine=0 requested_derefine_leaves=48 accepted_derefine_parents=0 created_leaves=0 deleted_leaves=0 mirror_mismatches=0
CARTOON_AMR_TRANSACTION cycle=4647 requested_refine=0 requested_derefine_leaves=48 accepted_derefine_parents=0 created_leaves=0 deleted_leaves=0 mirror_mismatches=0
CARTOON_AMR_TRANSACTION cycle=4648 requested_refine=0 requested_derefine_leaves=48 accepted_derefine_parents=0 created_leaves=0 deleted_leaves=0 mirror_mismatches=0
elapsed=2.840290e+02 cycle=4648 time=1.671217e+01 dt=1.551867e-05
CARTOON_AMR_TRANSACTION cycle=4649 requested_refine=0 requested_derefine_leaves=48 accepted_derefine_parents=0 created_leaves=0 deleted_leaves=0 mirror_mismatches=0
CARTOON_AMR_TRANSACTION cycle=4650 requested_refine=0 requested_derefine_leaves=48 accepted_derefine_parents=0 created_leaves=0 deleted_leaves=0 mirror_mismatches=0
CARTOON_AMR_TRANSACTION cycle=4651 requested_refine=0 requested_derefine_leaves=48 accepted_derefine_parents=0 created_leaves=0 deleted_leaves=0 mirror_mismatches=0
CARTOON_AMR_TRANSACTION cycle=4652 requested_refine=2 requested_derefine_leaves=48 accepted_derefine_parents=0 created_leaves=6 deleted_leaves=0 mirror_mismatches=0
AMR_Z4C_CHI_PROLONGATION cycle=4652 transfer=high_order local_fallback_groups=0 global_fallback_groups=0 global_high_order_groups=2048
elapsed=2.845820e+02 cycle=4652 time=1.671223e+01 dt=1.551763e-05
CARTOON_AMR_TRANSACTION cycle=4653 requested_refine=0 requested_derefine_leaves=52 accepted_derefine_parents=0 created_leaves=0 deleted_leaves=0 mirror_mismatches=0
CARTOON_AMR_TRANSACTION cycle=4654 requested_refine=0 requested_derefine_leaves=52 accepted_derefine_parents=0 created_leaves=0 deleted_leaves=0 mirror_mismatches=0
CARTOON_AMR_TRANSACTION cycle=4655 requested_refine=0 requested_derefine_leaves=52 accepted_derefine_parents=0 created_leaves=0 deleted_leaves=0 mirror_mismatches=0
CARTOON_AMR_TRANSACTION cycle=4656 requested_refine=2 requested_derefine_leaves=52 accepted_derefine_parents=0 created_leaves=6 deleted_leaves=0 mirror_mismatches=0
AMR_Z4C_CHI_PROLONGATION cycle=4656 transfer=high_order local_fallback_groups=0 global_fallback_groups=0 global_high_order_groups=2048
elapsed=2.851040e+02 cycle=4656 time=1.671229e+01 dt=1.551658e-05
CARTOON_AMR_TRANSACTION cycle=4657 requested_refine=0 requested_derefine_leaves=52 accepted_derefine_parents=0 created_leaves=0 deleted_leaves=0 mirror_mismatches=0
CARTOON_AMR_TRANSACTION cycle=4658 requested_refine=0 requested_derefine_leaves=52 accepted_derefine_parents=0 created_leaves=0 deleted_leaves=0 mirror_mismatches=0
CARTOON_AMR_TRANSACTION cycle=4659 requested_refine=0 requested_derefine_leaves=52 accepted_derefine_parents=0 created_leaves=0 deleted_leaves=0 mirror_mismatches=0
CARTOON_AMR_TRANSACTION cycle=4660 requested_refine=0 requested_derefine_leaves=52 accepted_derefine_parents=0 created_leaves=0 deleted_leaves=0 mirror_mismatches=0
elapsed=2.856372e+02 cycle=4660 time=1.671235e+01 dt=1.551553e-05
CARTOON_AMR_TRANSACTION cycle=4661 requested_refine=0 requested_derefine_leaves=52 accepted_derefine_parents=0 created_leaves=0 deleted_leaves=0 mirror_mismatches=0
CARTOON_AMR_TRANSACTION cycle=4662 requested_refine=0 requested_derefine_leaves=52 accepted_derefine_parents=0 created_leaves=0 deleted_leaves=0 mirror_mismatches=0
CARTOON_AMR_TRANSACTION cycle=4663 requested_refine=2 requested_derefine_leaves=52 accepted_derefine_parents=0 created_leaves=6 deleted_leaves=0 mirror_mismatches=0
AMR_Z4C_CHI_PROLONGATION cycle=4663 transfer=high_order local_fallback_groups=0 global_fallback_groups=0 global_high_order_groups=2048
CARTOON_AMR_TRANSACTION cycle=4664 requested_refine=2 requested_derefine_leaves=56 accepted_derefine_parents=0 created_leaves=6 deleted_leaves=0 mirror_mismatches=0
AMR_Z4C_CHI_PROLONGATION cycle=4664 transfer=high_order local_fallback_groups=0 global_fallback_groups=0 global_high_order_groups=2048
elapsed=2.861894e+02 cycle=4664 time=1.671241e+01 dt=7.805976e-06
CARTOON_AMR_TRANSACTION cycle=4665 requested_refine=0 requested_derefine_leaves=60 accepted_derefine_parents=0 created_leaves=0 deleted_leaves=0 mirror_mismatches=0
CARTOON_AMR_TRANSACTION cycle=4666 requested_refine=0 requested_derefine_leaves=60 accepted_derefine_parents=0 created_leaves=0 deleted_leaves=0 mirror_mismatches=0
CARTOON_AMR_TRANSACTION cycle=4667 requested_refine=2 requested_derefine_leaves=60 accepted_derefine_parents=0 created_leaves=6 deleted_leaves=0 mirror_mismatches=0
AMR_Z4C_CHI_PROLONGATION cycle=4667 transfer=high_order local_fallback_groups=0 global_fallback_groups=0 global_high_order_groups=2048
CARTOON_AMR_TRANSACTION cycle=4668 requested_refine=0 requested_derefine_leaves=64 accepted_derefine_parents=0 created_leaves=0 deleted_leaves=0 mirror_mismatches=0
elapsed=2.868014e+02 cycle=4668 time=1.671244e+01 dt=7.805253e-06
CARTOON_AMR_TRANSACTION cycle=4669 requested_refine=0 requested_derefine_leaves=64 accepted_derefine_parents=0 created_leaves=0 deleted_leaves=0 mirror_mismatches=0
CARTOON_AMR_TRANSACTION cycle=4670 requested_refine=2 requested_derefine_leaves=64 accepted_derefine_parents=0 created_leaves=6 deleted_leaves=0 mirror_mismatches=0
AMR_Z4C_CHI_PROLONGATION cycle=4670 transfer=high_order local_fallback_groups=0 global_fallback_groups=0 global_high_order_groups=2048
CARTOON_AMR_TRANSACTION cycle=4671 requested_refine=0 requested_derefine_leaves=68 accepted_derefine_parents=0 created_leaves=0 deleted_leaves=0 mirror_mismatches=0
CARTOON_AMR_TRANSACTION cycle=4672 requested_refine=0 requested_derefine_leaves=68 accepted_derefine_parents=0 created_leaves=0 deleted_leaves=0 mirror_mismatches=0
elapsed=2.873807e+02 cycle=4672 time=1.671247e+01 dt=7.804547e-06
CARTOON_AMR_TRANSACTION cycle=4673 requested_refine=0 requested_derefine_leaves=68 accepted_derefine_parents=0 created_leaves=0 deleted_leaves=0 mirror_mismatches=0
CARTOON_AMR_TRANSACTION cycle=4674 requested_refine=2 requested_derefine_leaves=68 accepted_derefine_parents=0 created_leaves=6 deleted_leaves=0 mirror_mismatches=0
AMR_Z4C_CHI_PROLONGATION cycle=4674 transfer=high_order local_fallback_groups=0 global_fallback_groups=0 global_high_order_groups=2048
CARTOON_AMR_TRANSACTION cycle=4675 requested_refine=0 requested_derefine_leaves=72 accepted_derefine_parents=0 created_leaves=0 deleted_leaves=0 mirror_mismatches=0
CARTOON_AMR_TRANSACTION cycle=4676 requested_refine=0 requested_derefine_leaves=72 accepted_derefine_parents=0 created_leaves=0 deleted_leaves=0 mirror_mismatches=0
elapsed=2.879894e+02 cycle=4676 time=1.671250e+01 dt=7.803861e-06
CARTOON_AMR_TRANSACTION cycle=4677 requested_refine=0 requested_derefine_leaves=72 accepted_derefine_parents=0 created_leaves=0 deleted_leaves=0 mirror_mismatches=0
CARTOON_AMR_TRANSACTION cycle=4678 requested_refine=0 requested_derefine_leaves=72 accepted_derefine_parents=0 created_leaves=0 deleted_leaves=0 mirror_mismatches=0
CARTOON_AMR_TRANSACTION cycle=4679 requested_refine=0 requested_derefine_leaves=72 accepted_derefine_parents=0 created_leaves=0 deleted_leaves=0 mirror_mismatches=0
CARTOON_AMR_TRANSACTION cycle=4680 requested_refine=0 requested_derefine_leaves=72 accepted_derefine_parents=0 created_leaves=0 deleted_leaves=0 mirror_mismatches=0
elapsed=2.885373e+02 cycle=4680 time=1.671253e+01 dt=7.803200e-06
CARTOON_AMR_TRANSACTION cycle=4681 requested_refine=0 requested_derefine_leaves=72 accepted_derefine_parents=0 created_leaves=0 deleted_leaves=0 mirror_mismatches=0
CARTOON_AMR_TRANSACTION cycle=4682 requested_refine=0 requested_derefine_leaves=72 accepted_derefine_parents=0 created_leaves=0 deleted_leaves=0 mirror_mismatches=0
CARTOON_AMR_TRANSACTION cycle=4683 requested_refine=2 requested_derefine_leaves=72 accepted_derefine_parents=0 created_leaves=6 deleted_leaves=0 mirror_mismatches=0
AMR_Z4C_CHI_PROLONGATION cycle=4683 transfer=high_order local_fallback_groups=0 global_fallback_groups=0 global_high_order_groups=2048
CARTOON_AMR_TRANSACTION cycle=4684 requested_refine=0 requested_derefine_leaves=76 accepted_derefine_parents=0 created_leaves=0 deleted_leaves=0 mirror_mismatches=0
elapsed=2.890925e+02 cycle=4684 time=1.671257e+01 dt=7.802566e-06
CARTOON_AMR_TRANSACTION cycle=4685 requested_refine=0 requested_derefine_leaves=76 accepted_derefine_parents=0 created_leaves=0 deleted_leaves=0 mirror_mismatches=0
CARTOON_AMR_TRANSACTION cycle=4686 requested_refine=0 requested_derefine_leaves=76 accepted_derefine_parents=0 created_leaves=0 deleted_leaves=0 mirror_mismatches=0
CARTOON_AMR_TRANSACTION cycle=4687 requested_refine=0 requested_derefine_leaves=76 accepted_derefine_parents=0 created_leaves=0 deleted_leaves=0 mirror_mismatches=0
CARTOON_AMR_TRANSACTION cycle=4688 requested_refine=0 requested_derefine_leaves=76 accepted_derefine_parents=0 created_leaves=0 deleted_leaves=0 mirror_mismatches=0
elapsed=2.896470e+02 cycle=4688 time=1.671260e+01 dt=7.801963e-06
CARTOON_AMR_TRANSACTION cycle=4689 requested_refine=2 requested_derefine_leaves=76 accepted_derefine_parents=0 created_leaves=6 deleted_leaves=0 mirror_mismatches=0
AMR_Z4C_CHI_PROLONGATION cycle=4689 transfer=high_order local_fallback_groups=0 global_fallback_groups=0 global_high_order_groups=2048
CARTOON_AMR_TRANSACTION cycle=4690 requested_refine=0 requested_derefine_leaves=80 accepted_derefine_parents=0 created_leaves=0 deleted_leaves=0 mirror_mismatches=0
CARTOON_AMR_TRANSACTION cycle=4691 requested_refine=0 requested_derefine_leaves=80 accepted_derefine_parents=0 created_leaves=0 deleted_leaves=0 mirror_mismatches=0
CARTOON_AMR_TRANSACTION cycle=4692 requested_refine=0 requested_derefine_leaves=80 accepted_derefine_parents=0 created_leaves=0 deleted_leaves=0 mirror_mismatches=0
elapsed=2.901848e+02 cycle=4692 time=1.671263e+01 dt=7.801394e-06
CARTOON_AMR_TRANSACTION cycle=4693 requested_refine=0 requested_derefine_leaves=80 accepted_derefine_parents=0 created_leaves=0 deleted_leaves=0 mirror_mismatches=0
CARTOON_AMR_TRANSACTION cycle=4694 requested_refine=0 requested_derefine_leaves=80 accepted_derefine_parents=0 created_leaves=0 deleted_leaves=0 mirror_mismatches=0
CARTOON_AMR_TRANSACTION cycle=4695 requested_refine=0 requested_derefine_leaves=80 accepted_derefine_parents=0 created_leaves=0 deleted_leaves=0 mirror_mismatches=0
CARTOON_AMR_TRANSACTION cycle=4696 requested_refine=0 requested_derefine_leaves=80 accepted_derefine_parents=0 created_leaves=0 deleted_leaves=0 mirror_mismatches=0
elapsed=2.907186e+02 cycle=4696 time=1.671266e+01 dt=7.800858e-06
CARTOON_AMR_TRANSACTION cycle=4697 requested_refine=0 requested_derefine_leaves=80 accepted_derefine_parents=0 created_leaves=0 deleted_leaves=0 mirror_mismatches=0
CARTOON_AMR_TRANSACTION cycle=4698 requested_refine=0 requested_derefine_leaves=80 accepted_derefine_parents=0 created_leaves=0 deleted_leaves=0 mirror_mismatches=0
CARTOON_AMR_TRANSACTION cycle=4699 requested_refine=0 requested_derefine_leaves=80 accepted_derefine_parents=0 created_leaves=0 deleted_leaves=0 mirror_mismatches=0
CARTOON_AMR_TRANSACTION cycle=4700 requested_refine=0 requested_derefine_leaves=80 accepted_derefine_parents=0 created_leaves=0 deleted_leaves=0 mirror_mismatches=0
elapsed=2.912525e+02 cycle=4700 time=1.671269e+01 dt=7.800358e-06
CARTOON_AMR_TRANSACTION cycle=4701 requested_refine=0 requested_derefine_leaves=80 accepted_derefine_parents=0 created_leaves=0 deleted_leaves=0 mirror_mismatches=0
CARTOON_AMR_TRANSACTION cycle=4702 requested_refine=0 requested_derefine_leaves=80 accepted_derefine_parents=0 created_leaves=0 deleted_leaves=0 mirror_mismatches=0
CARTOON_AMR_TRANSACTION cycle=4703 requested_refine=2 requested_derefine_leaves=80 accepted_derefine_parents=0 created_leaves=6 deleted_leaves=0 mirror_mismatches=0
AMR_Z4C_CHI_PROLONGATION cycle=4703 transfer=high_order local_fallback_groups=0 global_fallback_groups=0 global_high_order_groups=2048
CARTOON_AMR_TRANSACTION cycle=4704 requested_refine=0 requested_derefine_leaves=84 accepted_derefine_parents=0 created_leaves=0 deleted_leaves=0 mirror_mismatches=0
elapsed=2.918496e+02 cycle=4704 time=1.671272e+01 dt=7.799891e-06
CARTOON_AMR_TRANSACTION cycle=4705 requested_refine=0 requested_derefine_leaves=84 accepted_derefine_parents=0 created_leaves=0 deleted_leaves=0 mirror_mismatches=0
CARTOON_AMR_TRANSACTION cycle=4706 requested_refine=0 requested_derefine_leaves=84 accepted_derefine_parents=0 created_leaves=0 deleted_leaves=0 mirror_mismatches=0
CARTOON_AMR_TRANSACTION cycle=4707 requested_refine=0 requested_derefine_leaves=84 accepted_derefine_parents=0 created_leaves=0 deleted_leaves=0 mirror_mismatches=0
CARTOON_AMR_TRANSACTION cycle=4708 requested_refine=0 requested_derefine_leaves=84 accepted_derefine_parents=0 created_leaves=0 deleted_leaves=0 mirror_mismatches=0
elapsed=2.923953e+02 cycle=4708 time=1.671275e+01 dt=7.799458e-06
CARTOON_AMR_TRANSACTION cycle=4709 requested_refine=0 requested_derefine_leaves=84 accepted_derefine_parents=0 created_leaves=0 deleted_leaves=0 mirror_mismatches=0
CARTOON_AMR_TRANSACTION cycle=4710 requested_refine=0 requested_derefine_leaves=84 accepted_derefine_parents=0 created_leaves=0 deleted_leaves=0 mirror_mismatches=0
CARTOON_AMR_TRANSACTION cycle=4711 requested_refine=0 requested_derefine_leaves=84 accepted_derefine_parents=0 created_leaves=0 deleted_leaves=0 mirror_mismatches=0
CARTOON_AMR_TRANSACTION cycle=4712 requested_refine=0 requested_derefine_leaves=84 accepted_derefine_parents=0 created_leaves=0 deleted_leaves=0 mirror_mismatches=0
elapsed=2.929624e+02 cycle=4712 time=1.671278e+01 dt=7.799056e-06
CARTOON_AMR_TRANSACTION cycle=4713 requested_refine=0 requested_derefine_leaves=84 accepted_derefine_parents=0 created_leaves=0 deleted_leaves=0 mirror_mismatches=0
CARTOON_AMR_TRANSACTION cycle=4714 requested_refine=0 requested_derefine_leaves=84 accepted_derefine_parents=0 created_leaves=0 deleted_leaves=0 mirror_mismatches=0
CARTOON_AMR_TRANSACTION cycle=4715 requested_refine=0 requested_derefine_leaves=84 accepted_derefine_parents=0 created_leaves=0 deleted_leaves=0 mirror_mismatches=0
CARTOON_AMR_TRANSACTION cycle=4716 requested_refine=0 requested_derefine_leaves=84 accepted_derefine_parents=0 created_leaves=0 deleted_leaves=0 mirror_mismatches=0
elapsed=2.935190e+02 cycle=4716 time=1.671281e+01 dt=7.798682e-06
CARTOON_AMR_TRANSACTION cycle=4717 requested_refine=0 requested_derefine_leaves=84 accepted_derefine_parents=0 created_leaves=0 deleted_leaves=0 mirror_mismatches=0
CARTOON_AMR_TRANSACTION cycle=4718 requested_refine=0 requested_derefine_leaves=84 accepted_derefine_parents=0 created_leaves=0 deleted_leaves=0 mirror_mismatches=0
CARTOON_AMR_TRANSACTION cycle=4719 requested_refine=2 requested_derefine_leaves=84 accepted_derefine_parents=0 created_leaves=6 deleted_leaves=0 mirror_mismatches=0
AMR_Z4C_CHI_PROLONGATION cycle=4719 transfer=high_order local_fallback_groups=0 global_fallback_groups=0 global_high_order_groups=2048
CARTOON_AMR_TRANSACTION cycle=4720 requested_refine=0 requested_derefine_leaves=88 accepted_derefine_parents=0 created_leaves=0 deleted_leaves=0 mirror_mismatches=0
elapsed=2.941035e+02 cycle=4720 time=1.671285e+01 dt=7.798331e-06
CARTOON_AMR_TRANSACTION cycle=4721 requested_refine=0 requested_derefine_leaves=88 accepted_derefine_parents=0 created_leaves=0 deleted_leaves=0 mirror_mismatches=0
CARTOON_AMR_TRANSACTION cycle=4722 requested_refine=0 requested_derefine_leaves=88 accepted_derefine_parents=0 created_leaves=0 deleted_leaves=0 mirror_mismatches=0
CARTOON_AMR_TRANSACTION cycle=4723 requested_refine=0 requested_derefine_leaves=88 accepted_derefine_parents=0 created_leaves=0 deleted_leaves=0 mirror_mismatches=0
CARTOON_AMR_TRANSACTION cycle=4724 requested_refine=0 requested_derefine_leaves=88 accepted_derefine_parents=0 created_leaves=0 deleted_leaves=0 mirror_mismatches=0
elapsed=2.946523e+02 cycle=4724 time=1.671288e+01 dt=7.798000e-06
CARTOON_AMR_TRANSACTION cycle=4725 requested_refine=0 requested_derefine_leaves=88 accepted_derefine_parents=0 created_leaves=0 deleted_leaves=0 mirror_mismatches=0
CARTOON_AMR_TRANSACTION cycle=4726 requested_refine=0 requested_derefine_leaves=88 accepted_derefine_parents=0 created_leaves=0 deleted_leaves=0 mirror_mismatches=0
CARTOON_AMR_TRANSACTION cycle=4727 requested_refine=0 requested_derefine_leaves=88 accepted_derefine_parents=0 created_leaves=0 deleted_leaves=0 mirror_mismatches=0
CARTOON_AMR_TRANSACTION cycle=4728 requested_refine=0 requested_derefine_leaves=88 accepted_derefine_parents=0 created_leaves=0 deleted_leaves=0 mirror_mismatches=0
elapsed=2.952656e+02 cycle=4728 time=1.671291e+01 dt=7.797683e-06
CARTOON_AMR_TRANSACTION cycle=4729 requested_refine=0 requested_derefine_leaves=88 accepted_derefine_parents=0 created_leaves=0 deleted_leaves=0 mirror_mismatches=0
CARTOON_AMR_TRANSACTION cycle=4730 requested_refine=0 requested_derefine_leaves=88 accepted_derefine_parents=0 created_leaves=0 deleted_leaves=0 mirror_mismatches=0
CARTOON_AMR_TRANSACTION cycle=4731 requested_refine=0 requested_derefine_leaves=88 accepted_derefine_parents=0 created_leaves=0 deleted_leaves=0 mirror_mismatches=0
CARTOON_AMR_TRANSACTION cycle=4732 requested_refine=0 requested_derefine_leaves=88 accepted_derefine_parents=0 created_leaves=0 deleted_leaves=0 mirror_mismatches=0
elapsed=2.958259e+02 cycle=4732 time=1.671294e+01 dt=7.797375e-06
CARTOON_AMR_TRANSACTION cycle=4733 requested_refine=0 requested_derefine_leaves=88 accepted_derefine_parents=0 created_leaves=0 deleted_leaves=0 mirror_mismatches=0
CARTOON_AMR_TRANSACTION cycle=4734 requested_refine=0 requested_derefine_leaves=88 accepted_derefine_parents=0 created_leaves=0 deleted_leaves=0 mirror_mismatches=0
CARTOON_AMR_TRANSACTION cycle=4735 requested_refine=0 requested_derefine_leaves=88 accepted_derefine_parents=0 created_leaves=0 deleted_leaves=0 mirror_mismatches=0
CARTOON_AMR_TRANSACTION cycle=4736 requested_refine=0 requested_derefine_leaves=88 accepted_derefine_parents=0 created_leaves=0 deleted_leaves=0 mirror_mismatches=0
elapsed=2.964934e+02 cycle=4736 time=1.671297e+01 dt=7.797070e-06
CARTOON_AMR_TRANSACTION cycle=4737 requested_refine=0 requested_derefine_leaves=88 accepted_derefine_parents=0 created_leaves=0 deleted_leaves=0 mirror_mismatches=0
CARTOON_AMR_TRANSACTION cycle=4738 requested_refine=0 requested_derefine_leaves=88 accepted_derefine_parents=0 created_leaves=0 deleted_leaves=0 mirror_mismatches=0
CARTOON_AMR_TRANSACTION cycle=4739 requested_refine=0 requested_derefine_leaves=88 accepted_derefine_parents=0 created_leaves=0 deleted_leaves=0 mirror_mismatches=0
CARTOON_AMR_TRANSACTION cycle=4740 requested_refine=0 requested_derefine_leaves=88 accepted_derefine_parents=0 created_leaves=0 deleted_leaves=0 mirror_mismatches=0
elapsed=2.970413e+02 cycle=4740 time=1.671300e+01 dt=7.796763e-06
CARTOON_AMR_TRANSACTION cycle=4741 requested_refine=2 requested_derefine_leaves=88 accepted_derefine_parents=0 created_leaves=6 deleted_leaves=0 mirror_mismatches=0
AMR_Z4C_CHI_PROLONGATION cycle=4741 transfer=high_order local_fallback_groups=0 global_fallback_groups=0 global_high_order_groups=2048
CARTOON_AMR_TRANSACTION cycle=4742 requested_refine=2 requested_derefine_leaves=92 accepted_derefine_parents=0 created_leaves=6 deleted_leaves=0 mirror_mismatches=0
AMR_Z4C_CHI_PROLONGATION cycle=4742 transfer=high_order local_fallback_groups=0 global_fallback_groups=0 global_high_order_groups=2048
CARTOON_AMR_TRANSACTION cycle=4743 requested_refine=0 requested_derefine_leaves=96 accepted_derefine_parents=0 created_leaves=0 deleted_leaves=0 mirror_mismatches=0
CARTOON_AMR_TRANSACTION cycle=4744 requested_refine=0 requested_derefine_leaves=96 accepted_derefine_parents=0 created_leaves=0 deleted_leaves=0 mirror_mismatches=0
elapsed=2.977073e+02 cycle=4744 time=1.671303e+01 dt=7.796446e-06
CARTOON_AMR_TRANSACTION cycle=4745 requested_refine=0 requested_derefine_leaves=96 accepted_derefine_parents=0 created_leaves=0 deleted_leaves=0 mirror_mismatches=0
CARTOON_AMR_TRANSACTION cycle=4746 requested_refine=0 requested_derefine_leaves=96 accepted_derefine_parents=0 created_leaves=0 deleted_leaves=0 mirror_mismatches=0
CARTOON_AMR_TRANSACTION cycle=4747 requested_refine=0 requested_derefine_leaves=96 accepted_derefine_parents=0 created_leaves=0 deleted_leaves=0 mirror_mismatches=0
CARTOON_AMR_TRANSACTION cycle=4748 requested_refine=0 requested_derefine_leaves=96 accepted_derefine_parents=0 created_leaves=0 deleted_leaves=0 mirror_mismatches=0
elapsed=2.983252e+02 cycle=4748 time=1.671306e+01 dt=7.796114e-06
CARTOON_AMR_TRANSACTION cycle=4749 requested_refine=0 requested_derefine_leaves=96 accepted_derefine_parents=0 created_leaves=0 deleted_leaves=0 mirror_mismatches=0
CARTOON_AMR_TRANSACTION cycle=4750 requested_refine=0 requested_derefine_leaves=96 accepted_derefine_parents=0 created_leaves=0 deleted_leaves=0 mirror_mismatches=0
CARTOON_AMR_TRANSACTION cycle=4751 requested_refine=0 requested_derefine_leaves=96 accepted_derefine_parents=0 created_leaves=0 deleted_leaves=0 mirror_mismatches=0
CARTOON_AMR_TRANSACTION cycle=4752 requested_refine=0 requested_derefine_leaves=96 accepted_derefine_parents=0 created_leaves=0 deleted_leaves=0 mirror_mismatches=0
elapsed=2.989361e+02 cycle=4752 time=1.671310e+01 dt=7.795761e-06
CARTOON_AMR_TRANSACTION cycle=4753 requested_refine=0 requested_derefine_leaves=96 accepted_derefine_parents=0 created_leaves=0 deleted_leaves=0 mirror_mismatches=0
CARTOON_AMR_TRANSACTION cycle=4754 requested_refine=0 requested_derefine_leaves=96 accepted_derefine_parents=0 created_leaves=0 deleted_leaves=0 mirror_mismatches=0
CARTOON_AMR_TRANSACTION cycle=4755 requested_refine=0 requested_derefine_leaves=96 accepted_derefine_parents=0 created_leaves=0 deleted_leaves=0 mirror_mismatches=0
CARTOON_AMR_TRANSACTION cycle=4756 requested_refine=0 requested_derefine_leaves=96 accepted_derefine_parents=0 created_leaves=0 deleted_leaves=0 mirror_mismatches=0
elapsed=2.994869e+02 cycle=4756 time=1.671313e+01 dt=7.795382e-06
CARTOON_AMR_TRANSACTION cycle=4757 requested_refine=0 requested_derefine_leaves=96 accepted_derefine_parents=0 created_leaves=0 deleted_leaves=0 mirror_mismatches=0
CARTOON_AMR_TRANSACTION cycle=4758 requested_refine=0 requested_derefine_leaves=96 accepted_derefine_parents=0 created_leaves=0 deleted_leaves=0 mirror_mismatches=0
CARTOON_AMR_TRANSACTION cycle=4759 requested_refine=0 requested_derefine_leaves=96 accepted_derefine_parents=0 created_leaves=0 deleted_leaves=0 mirror_mismatches=0
CARTOON_AMR_TRANSACTION cycle=4760 requested_refine=0 requested_derefine_leaves=96 accepted_derefine_parents=0 created_leaves=0 deleted_leaves=0 mirror_mismatches=0
elapsed=3.000813e+02 cycle=4760 time=1.671316e+01 dt=7.794970e-06
CARTOON_AMR_TRANSACTION cycle=4761 requested_refine=0 requested_derefine_leaves=96 accepted_derefine_parents=0 created_leaves=0 deleted_leaves=0 mirror_mismatches=0
CARTOON_AMR_TRANSACTION cycle=4762 requested_refine=0 requested_derefine_leaves=96 accepted_derefine_parents=0 created_leaves=0 deleted_leaves=0 mirror_mismatches=0
CARTOON_AMR_TRANSACTION cycle=4763 requested_refine=0 requested_derefine_leaves=96 accepted_derefine_parents=0 created_leaves=0 deleted_leaves=0 mirror_mismatches=0
CARTOON_AMR_TRANSACTION cycle=4764 requested_refine=0 requested_derefine_leaves=96 accepted_derefine_parents=0 created_leaves=0 deleted_leaves=0 mirror_mismatches=0
elapsed=3.006588e+02 cycle=4764 time=1.671319e+01 dt=7.794523e-06
CARTOON_AMR_TRANSACTION cycle=4765 requested_refine=0 requested_derefine_leaves=96 accepted_derefine_parents=0 created_leaves=0 deleted_leaves=0 mirror_mismatches=0
CARTOON_AMR_TRANSACTION cycle=4766 requested_refine=0 requested_derefine_leaves=96 accepted_derefine_parents=0 created_leaves=0 deleted_leaves=0 mirror_mismatches=0
CARTOON_AMR_TRANSACTION cycle=4767 requested_refine=0 requested_derefine_leaves=96 accepted_derefine_parents=0 created_leaves=0 deleted_leaves=0 mirror_mismatches=0
CARTOON_AMR_TRANSACTION cycle=4768 requested_refine=0 requested_derefine_leaves=96 accepted_derefine_parents=0 created_leaves=0 deleted_leaves=0 mirror_mismatches=0
elapsed=3.012545e+02 cycle=4768 time=1.671322e+01 dt=7.794036e-06
CARTOON_AMR_TRANSACTION cycle=4769 requested_refine=0 requested_derefine_leaves=96 accepted_derefine_parents=0 created_leaves=0 deleted_leaves=0 mirror_mismatches=0
CARTOON_AMR_TRANSACTION cycle=4770 requested_refine=0 requested_derefine_leaves=96 accepted_derefine_parents=0 created_leaves=0 deleted_leaves=0 mirror_mismatches=0
CARTOON_AMR_TRANSACTION cycle=4771 requested_refine=0 requested_derefine_leaves=96 accepted_derefine_parents=0 created_leaves=0 deleted_leaves=0 mirror_mismatches=0
CARTOON_AMR_TRANSACTION cycle=4772 requested_refine=0 requested_derefine_leaves=96 accepted_derefine_parents=0 created_leaves=0 deleted_leaves=0 mirror_mismatches=0
elapsed=3.018200e+02 cycle=4772 time=1.671325e+01 dt=7.793506e-06
CARTOON_AMR_TRANSACTION cycle=4773 requested_refine=0 requested_derefine_leaves=96 accepted_derefine_parents=0 created_leaves=0 deleted_leaves=0 mirror_mismatches=0
CARTOON_AMR_TRANSACTION cycle=4774 requested_refine=0 requested_derefine_leaves=96 accepted_derefine_parents=0 created_leaves=0 deleted_leaves=0 mirror_mismatches=0
CARTOON_AMR_TRANSACTION cycle=4775 requested_refine=0 requested_derefine_leaves=96 accepted_derefine_parents=0 created_leaves=0 deleted_leaves=0 mirror_mismatches=0
CARTOON_AMR_TRANSACTION cycle=4776 requested_refine=0 requested_derefine_leaves=96 accepted_derefine_parents=0 created_leaves=0 deleted_leaves=0 mirror_mismatches=0
elapsed=3.023963e+02 cycle=4776 time=1.671328e+01 dt=7.792933e-06
CARTOON_AMR_TRANSACTION cycle=4777 requested_refine=0 requested_derefine_leaves=96 accepted_derefine_parents=0 created_leaves=0 deleted_leaves=0 mirror_mismatches=0
CARTOON_AMR_TRANSACTION cycle=4778 requested_refine=0 requested_derefine_leaves=96 accepted_derefine_parents=0 created_leaves=0 deleted_leaves=0 mirror_mismatches=0
CARTOON_AMR_TRANSACTION cycle=4779 requested_refine=2 requested_derefine_leaves=96 accepted_derefine_parents=0 created_leaves=6 deleted_leaves=0 mirror_mismatches=0
AMR_Z4C_CHI_PROLONGATION cycle=4779 transfer=high_order local_fallback_groups=0 global_fallback_groups=0 global_high_order_groups=2048
CARTOON_AMR_TRANSACTION cycle=4780 requested_refine=0 requested_derefine_leaves=100 accepted_derefine_parents=0 created_leaves=0 deleted_leaves=0 mirror_mismatches=0
elapsed=3.030144e+02 cycle=4780 time=1.671331e+01 dt=7.792314e-06
CARTOON_AMR_TRANSACTION cycle=4781 requested_refine=0 requested_derefine_leaves=100 accepted_derefine_parents=0 created_leaves=0 deleted_leaves=0 mirror_mismatches=0
CARTOON_AMR_TRANSACTION cycle=4782 requested_refine=0 requested_derefine_leaves=100 accepted_derefine_parents=0 created_leaves=0 deleted_leaves=0 mirror_mismatches=0
CARTOON_AMR_TRANSACTION cycle=4783 requested_refine=0 requested_derefine_leaves=100 accepted_derefine_parents=0 created_leaves=0 deleted_leaves=0 mirror_mismatches=0
CARTOON_AMR_TRANSACTION cycle=4784 requested_refine=0 requested_derefine_leaves=100 accepted_derefine_parents=0 created_leaves=0 deleted_leaves=0 mirror_mismatches=0
elapsed=3.036482e+02 cycle=4784 time=1.671335e+01 dt=7.791652e-06
CARTOON_AMR_TRANSACTION cycle=4785 requested_refine=0 requested_derefine_leaves=100 accepted_derefine_parents=0 created_leaves=0 deleted_leaves=0 mirror_mismatches=0
CARTOON_AMR_TRANSACTION cycle=4786 requested_refine=0 requested_derefine_leaves=100 accepted_derefine_parents=0 created_leaves=0 deleted_leaves=0 mirror_mismatches=0
CARTOON_AMR_TRANSACTION cycle=4787 requested_refine=0 requested_derefine_leaves=100 accepted_derefine_parents=0 created_leaves=0 deleted_leaves=0 mirror_mismatches=0
CARTOON_AMR_TRANSACTION cycle=4788 requested_refine=0 requested_derefine_leaves=100 accepted_derefine_parents=0 created_leaves=0 deleted_leaves=0 mirror_mismatches=0
elapsed=3.042258e+02 cycle=4788 time=1.671338e+01 dt=7.790948e-06
CARTOON_AMR_TRANSACTION cycle=4789 requested_refine=2 requested_derefine_leaves=100 accepted_derefine_parents=0 created_leaves=6 deleted_leaves=0 mirror_mismatches=0
AMR_Z4C_CHI_PROLONGATION cycle=4789 transfer=high_order local_fallback_groups=0 global_fallback_groups=0 global_high_order_groups=2048
CARTOON_AMR_TRANSACTION cycle=4790 requested_refine=0 requested_derefine_leaves=104 accepted_derefine_parents=0 created_leaves=0 deleted_leaves=0 mirror_mismatches=0
CARTOON_AMR_TRANSACTION cycle=4791 requested_refine=0 requested_derefine_leaves=104 accepted_derefine_parents=0 created_leaves=0 deleted_leaves=0 mirror_mismatches=0
CARTOON_AMR_TRANSACTION cycle=4792 requested_refine=0 requested_derefine_leaves=104 accepted_derefine_parents=0 created_leaves=0 deleted_leaves=0 mirror_mismatches=0
elapsed=3.048523e+02 cycle=4792 time=1.671341e+01 dt=7.790203e-06
CARTOON_AMR_TRANSACTION cycle=4793 requested_refine=0 requested_derefine_leaves=104 accepted_derefine_parents=0 created_leaves=0 deleted_leaves=0 mirror_mismatches=0
CARTOON_AMR_TRANSACTION cycle=4794 requested_refine=0 requested_derefine_leaves=104 accepted_derefine_parents=0 created_leaves=0 deleted_leaves=0 mirror_mismatches=0
CARTOON_AMR_TRANSACTION cycle=4795 requested_refine=0 requested_derefine_leaves=104 accepted_derefine_parents=0 created_leaves=0 deleted_leaves=0 mirror_mismatches=0
CARTOON_AMR_TRANSACTION cycle=4796 requested_refine=0 requested_derefine_leaves=104 accepted_derefine_parents=0 created_leaves=0 deleted_leaves=0 mirror_mismatches=0
elapsed=3.054491e+02 cycle=4796 time=1.671344e+01 dt=7.789422e-06
CARTOON_AMR_TRANSACTION cycle=4797 requested_refine=0 requested_derefine_leaves=104 accepted_derefine_parents=0 created_leaves=0 deleted_leaves=0 mirror_mismatches=0
CARTOON_AMR_TRANSACTION cycle=4798 requested_refine=0 requested_derefine_leaves=104 accepted_derefine_parents=0 created_leaves=0 deleted_leaves=0 mirror_mismatches=0
CARTOON_AMR_TRANSACTION cycle=4799 requested_refine=0 requested_derefine_leaves=104 accepted_derefine_parents=0 created_leaves=0 deleted_leaves=0 mirror_mismatches=0
CARTOON_AMR_TRANSACTION cycle=4800 requested_refine=0 requested_derefine_leaves=104 accepted_derefine_parents=0 created_leaves=0 deleted_leaves=0 mirror_mismatches=0
elapsed=3.060853e+02 cycle=4800 time=1.671347e+01 dt=7.788607e-06
CARTOON_AMR_TRANSACTION cycle=4801 requested_refine=0 requested_derefine_leaves=104 accepted_derefine_parents=0 created_leaves=0 deleted_leaves=0 mirror_mismatches=0
CARTOON_AMR_TRANSACTION cycle=4802 requested_refine=0 requested_derefine_leaves=104 accepted_derefine_parents=0 created_leaves=0 deleted_leaves=0 mirror_mismatches=0
CARTOON_AMR_TRANSACTION cycle=4803 requested_refine=0 requested_derefine_leaves=104 accepted_derefine_parents=0 created_leaves=0 deleted_leaves=0 mirror_mismatches=0
CARTOON_AMR_TRANSACTION cycle=4804 requested_refine=0 requested_derefine_leaves=104 accepted_derefine_parents=0 created_leaves=0 deleted_leaves=0 mirror_mismatches=0
elapsed=3.066674e+02 cycle=4804 time=1.671350e+01 dt=7.787765e-06
CARTOON_AMR_TRANSACTION cycle=4805 requested_refine=0 requested_derefine_leaves=104 accepted_derefine_parents=0 created_leaves=0 deleted_leaves=0 mirror_mismatches=0
CARTOON_AMR_TRANSACTION cycle=4806 requested_refine=0 requested_derefine_leaves=104 accepted_derefine_parents=0 created_leaves=0 deleted_leaves=0 mirror_mismatches=0
CARTOON_AMR_TRANSACTION cycle=4807 requested_refine=0 requested_derefine_leaves=104 accepted_derefine_parents=0 created_leaves=0 deleted_leaves=0 mirror_mismatches=0
CARTOON_AMR_TRANSACTION cycle=4808 requested_refine=0 requested_derefine_leaves=104 accepted_derefine_parents=0 created_leaves=0 deleted_leaves=0 mirror_mismatches=0
elapsed=3.073422e+02 cycle=4808 time=1.671353e+01 dt=7.786900e-06
CARTOON_AMR_TRANSACTION cycle=4809 requested_refine=0 requested_derefine_leaves=104 accepted_derefine_parents=0 created_leaves=0 deleted_leaves=0 mirror_mismatches=0
CARTOON_AMR_TRANSACTION cycle=4810 requested_refine=0 requested_derefine_leaves=104 accepted_derefine_parents=0 created_leaves=0 deleted_leaves=0 mirror_mismatches=0
CARTOON_AMR_TRANSACTION cycle=4811 requested_refine=0 requested_derefine_leaves=104 accepted_derefine_parents=0 created_leaves=0 deleted_leaves=0 mirror_mismatches=0
CARTOON_AMR_TRANSACTION cycle=4812 requested_refine=0 requested_derefine_leaves=104 accepted_derefine_parents=0 created_leaves=0 deleted_leaves=0 mirror_mismatches=0
elapsed=3.079211e+02 cycle=4812 time=1.671356e+01 dt=7.786017e-06
CARTOON_AMR_TRANSACTION cycle=4813 requested_refine=0 requested_derefine_leaves=104 accepted_derefine_parents=0 created_leaves=0 deleted_leaves=0 mirror_mismatches=0
CARTOON_AMR_TRANSACTION cycle=4814 requested_refine=0 requested_derefine_leaves=104 accepted_derefine_parents=0 created_leaves=0 deleted_leaves=0 mirror_mismatches=0
CARTOON_AMR_TRANSACTION cycle=4815 requested_refine=0 requested_derefine_leaves=104 accepted_derefine_parents=0 created_leaves=0 deleted_leaves=0 mirror_mismatches=0
CARTOON_AMR_TRANSACTION cycle=4816 requested_refine=0 requested_derefine_leaves=104 accepted_derefine_parents=0 created_leaves=0 deleted_leaves=0 mirror_mismatches=0
elapsed=3.085795e+02 cycle=4816 time=1.671359e+01 dt=7.785122e-06
CARTOON_AMR_TRANSACTION cycle=4817 requested_refine=0 requested_derefine_leaves=104 accepted_derefine_parents=0 created_leaves=0 deleted_leaves=0 mirror_mismatches=0
CARTOON_AMR_TRANSACTION cycle=4818 requested_refine=0 requested_derefine_leaves=104 accepted_derefine_parents=0 created_leaves=0 deleted_leaves=0 mirror_mismatches=0
CARTOON_AMR_TRANSACTION cycle=4819 requested_refine=0 requested_derefine_leaves=104 accepted_derefine_parents=0 created_leaves=0 deleted_leaves=0 mirror_mismatches=0
CARTOON_AMR_TRANSACTION cycle=4820 requested_refine=0 requested_derefine_leaves=104 accepted_derefine_parents=0 created_leaves=0 deleted_leaves=0 mirror_mismatches=0
elapsed=3.091708e+02 cycle=4820 time=1.671363e+01 dt=7.784220e-06
CARTOON_AMR_TRANSACTION cycle=4821 requested_refine=0 requested_derefine_leaves=104 accepted_derefine_parents=0 created_leaves=0 deleted_leaves=0 mirror_mismatches=0
CARTOON_AMR_TRANSACTION cycle=4822 requested_refine=0 requested_derefine_leaves=104 accepted_derefine_parents=0 created_leaves=0 deleted_leaves=0 mirror_mismatches=0
CARTOON_AMR_TRANSACTION cycle=4823 requested_refine=0 requested_derefine_leaves=104 accepted_derefine_parents=0 created_leaves=0 deleted_leaves=0 mirror_mismatches=0
CARTOON_AMR_TRANSACTION cycle=4824 requested_refine=0 requested_derefine_leaves=104 accepted_derefine_parents=0 created_leaves=0 deleted_leaves=0 mirror_mismatches=0
elapsed=3.098217e+02 cycle=4824 time=1.671366e+01 dt=7.783316e-06
CARTOON_AMR_TRANSACTION cycle=4825 requested_refine=0 requested_derefine_leaves=104 accepted_derefine_parents=0 created_leaves=0 deleted_leaves=0 mirror_mismatches=0
CARTOON_AMR_TRANSACTION cycle=4826 requested_refine=0 requested_derefine_leaves=104 accepted_derefine_parents=0 created_leaves=0 deleted_leaves=0 mirror_mismatches=0
CARTOON_AMR_TRANSACTION cycle=4827 requested_refine=0 requested_derefine_leaves=104 accepted_derefine_parents=0 created_leaves=0 deleted_leaves=0 mirror_mismatches=0
CARTOON_AMR_TRANSACTION cycle=4828 requested_refine=0 requested_derefine_leaves=104 accepted_derefine_parents=0 created_leaves=0 deleted_leaves=0 mirror_mismatches=0
elapsed=3.104383e+02 cycle=4828 time=1.671369e+01 dt=7.782417e-06
CARTOON_AMR_TRANSACTION cycle=4829 requested_refine=0 requested_derefine_leaves=104 accepted_derefine_parents=0 created_leaves=0 deleted_leaves=0 mirror_mismatches=0
CARTOON_AMR_TRANSACTION cycle=4830 requested_refine=0 requested_derefine_leaves=104 accepted_derefine_parents=0 created_leaves=0 deleted_leaves=0 mirror_mismatches=0
CARTOON_AMR_TRANSACTION cycle=4831 requested_refine=0 requested_derefine_leaves=104 accepted_derefine_parents=0 created_leaves=0 deleted_leaves=0 mirror_mismatches=0
CARTOON_AMR_TRANSACTION cycle=4832 requested_refine=0 requested_derefine_leaves=104 accepted_derefine_parents=0 created_leaves=0 deleted_leaves=0 mirror_mismatches=0
elapsed=3.110418e+02 cycle=4832 time=1.671372e+01 dt=7.781527e-06
CARTOON_AMR_TRANSACTION cycle=4833 requested_refine=2 requested_derefine_leaves=104 accepted_derefine_parents=0 created_leaves=6 deleted_leaves=0 mirror_mismatches=0
AMR_Z4C_CHI_PROLONGATION cycle=4833 transfer=high_order local_fallback_groups=0 global_fallback_groups=0 global_high_order_groups=2048
CARTOON_AMR_TRANSACTION cycle=4834 requested_refine=0 requested_derefine_leaves=104 accepted_derefine_parents=0 created_leaves=0 deleted_leaves=0 mirror_mismatches=0
CARTOON_AMR_TRANSACTION cycle=4835 requested_refine=0 requested_derefine_leaves=104 accepted_derefine_parents=0 created_leaves=0 deleted_leaves=0 mirror_mismatches=0
CARTOON_AMR_TRANSACTION cycle=4836 requested_refine=0 requested_derefine_leaves=104 accepted_derefine_parents=0 created_leaves=0 deleted_leaves=0 mirror_mismatches=0
elapsed=3.116759e+02 cycle=4836 time=1.671375e+01 dt=7.780651e-06
CARTOON_AMR_TRANSACTION cycle=4837 requested_refine=0 requested_derefine_leaves=104 accepted_derefine_parents=0 created_leaves=0 deleted_leaves=0 mirror_mismatches=0
CARTOON_AMR_TRANSACTION cycle=4838 requested_refine=0 requested_derefine_leaves=104 accepted_derefine_parents=0 created_leaves=0 deleted_leaves=0 mirror_mismatches=0
CARTOON_AMR_TRANSACTION cycle=4839 requested_refine=2 requested_derefine_leaves=104 accepted_derefine_parents=0 created_leaves=6 deleted_leaves=0 mirror_mismatches=0
AMR_Z4C_CHI_PROLONGATION cycle=4839 transfer=high_order local_fallback_groups=0 global_fallback_groups=0 global_high_order_groups=2048
CARTOON_AMR_TRANSACTION cycle=4840 requested_refine=0 requested_derefine_leaves=108 accepted_derefine_parents=0 created_leaves=0 deleted_leaves=0 mirror_mismatches=0
elapsed=3.123573e+02 cycle=4840 time=1.671378e+01 dt=7.779792e-06
CARTOON_AMR_TRANSACTION cycle=4841 requested_refine=4 requested_derefine_leaves=108 accepted_derefine_parents=0 created_leaves=12 deleted_leaves=0 mirror_mismatches=0
AMR_Z4C_CHI_PROLONGATION cycle=4841 transfer=high_order local_fallback_groups=0 global_fallback_groups=0 global_high_order_groups=4096
CARTOON_AMR_TRANSACTION cycle=4842 requested_refine=2 requested_derefine_leaves=116 accepted_derefine_parents=0 created_leaves=6 deleted_leaves=0 mirror_mismatches=0
AMR_Z4C_CHI_PROLONGATION cycle=4842 transfer=high_order local_fallback_groups=0 global_fallback_groups=0 global_high_order_groups=2048
CARTOON_AMR_TRANSACTION cycle=4843 requested_refine=0 requested_derefine_leaves=120 accepted_derefine_parents=0 created_leaves=0 deleted_leaves=0 mirror_mismatches=0
CARTOON_AMR_TRANSACTION cycle=4844 requested_refine=2 requested_derefine_leaves=120 accepted_derefine_parents=0 created_leaves=6 deleted_leaves=0 mirror_mismatches=0
AMR_Z4C_CHI_PROLONGATION cycle=4844 transfer=high_order local_fallback_groups=0 global_fallback_groups=0 global_high_order_groups=2048
elapsed=3.131605e+02 cycle=4844 time=1.671380e+01 dt=3.924245e-06
CARTOON_AMR_TRANSACTION cycle=4845 requested_refine=0 requested_derefine_leaves=124 accepted_derefine_parents=0 created_leaves=0 deleted_leaves=0 mirror_mismatches=0
CARTOON_AMR_TRANSACTION cycle=4846 requested_refine=0 requested_derefine_leaves=124 accepted_derefine_parents=0 created_leaves=0 deleted_leaves=0 mirror_mismatches=0
CARTOON_AMR_TRANSACTION cycle=4847 requested_refine=0 requested_derefine_leaves=124 accepted_derefine_parents=0 created_leaves=0 deleted_leaves=0 mirror_mismatches=0
CARTOON_AMR_TRANSACTION cycle=4848 requested_refine=0 requested_derefine_leaves=124 accepted_derefine_parents=0 created_leaves=0 deleted_leaves=0 mirror_mismatches=0
elapsed=3.138104e+02 cycle=4848 time=1.671382e+01 dt=3.923941e-06
CARTOON_AMR_TRANSACTION cycle=4849 requested_refine=2 requested_derefine_leaves=124 accepted_derefine_parents=0 created_leaves=6 deleted_leaves=0 mirror_mismatches=0
AMR_Z4C_CHI_PROLONGATION cycle=4849 transfer=high_order local_fallback_groups=0 global_fallback_groups=0 global_high_order_groups=2048
CARTOON_AMR_TRANSACTION cycle=4850 requested_refine=0 requested_derefine_leaves=128 accepted_derefine_parents=0 created_leaves=0 deleted_leaves=0 mirror_mismatches=0
CARTOON_AMR_TRANSACTION cycle=4851 requested_refine=0 requested_derefine_leaves=128 accepted_derefine_parents=0 created_leaves=0 deleted_leaves=0 mirror_mismatches=0
CARTOON_AMR_TRANSACTION cycle=4852 requested_refine=0 requested_derefine_leaves=128 accepted_derefine_parents=0 created_leaves=0 deleted_leaves=0 mirror_mismatches=0
elapsed=3.145071e+02 cycle=4852 time=1.671383e+01 dt=3.923662e-06
CARTOON_AMR_TRANSACTION cycle=4853 requested_refine=2 requested_derefine_leaves=128 accepted_derefine_parents=0 created_leaves=6 deleted_leaves=0 mirror_mismatches=0
AMR_Z4C_CHI_PROLONGATION cycle=4853 transfer=high_order local_fallback_groups=0 global_fallback_groups=0 global_high_order_groups=2048
CARTOON_AMR_TRANSACTION cycle=4854 requested_refine=0 requested_derefine_leaves=132 accepted_derefine_parents=0 created_leaves=0 deleted_leaves=0 mirror_mismatches=0
CARTOON_AMR_TRANSACTION cycle=4855 requested_refine=0 requested_derefine_leaves=132 accepted_derefine_parents=0 created_leaves=0 deleted_leaves=0 mirror_mismatches=0
CARTOON_AMR_TRANSACTION cycle=4856 requested_refine=0 requested_derefine_leaves=132 accepted_derefine_parents=0 created_leaves=0 deleted_leaves=0 mirror_mismatches=0
elapsed=3.151842e+02 cycle=4856 time=1.671385e+01 dt=3.923412e-06
CARTOON_AMR_TRANSACTION cycle=4857 requested_refine=0 requested_derefine_leaves=132 accepted_derefine_parents=0 created_leaves=0 deleted_leaves=0 mirror_mismatches=0
CARTOON_AMR_TRANSACTION cycle=4858 requested_refine=2 requested_derefine_leaves=132 accepted_derefine_parents=0 created_leaves=6 deleted_leaves=0 mirror_mismatches=0
AMR_Z4C_CHI_PROLONGATION cycle=4858 transfer=high_order local_fallback_groups=0 global_fallback_groups=0 global_high_order_groups=2048
CARTOON_AMR_TRANSACTION cycle=4859 requested_refine=0 requested_derefine_leaves=136 accepted_derefine_parents=0 created_leaves=0 deleted_leaves=0 mirror_mismatches=0
CARTOON_AMR_TRANSACTION cycle=4860 requested_refine=0 requested_derefine_leaves=136 accepted_derefine_parents=0 created_leaves=0 deleted_leaves=0 mirror_mismatches=0
elapsed=3.159011e+02 cycle=4860 time=1.671386e+01 dt=3.923193e-06
CARTOON_AMR_TRANSACTION cycle=4861 requested_refine=0 requested_derefine_leaves=136 accepted_derefine_parents=0 created_leaves=0 deleted_leaves=0 mirror_mismatches=0
CARTOON_AMR_TRANSACTION cycle=4862 requested_refine=0 requested_derefine_leaves=136 accepted_derefine_parents=0 created_leaves=0 deleted_leaves=0 mirror_mismatches=0
CARTOON_AMR_TRANSACTION cycle=4863 requested_refine=0 requested_derefine_leaves=136 accepted_derefine_parents=0 created_leaves=0 deleted_leaves=0 mirror_mismatches=0
CARTOON_AMR_TRANSACTION cycle=4864 requested_refine=2 requested_derefine_leaves=136 accepted_derefine_parents=0 created_leaves=6 deleted_leaves=0 mirror_mismatches=0
AMR_Z4C_CHI_PROLONGATION cycle=4864 transfer=high_order local_fallback_groups=0 global_fallback_groups=0 global_high_order_groups=2048
elapsed=3.185889e+02 cycle=4864 time=1.671388e+01 dt=3.923006e-06
CARTOON_AMR_TRANSACTION cycle=4865 requested_refine=0 requested_derefine_leaves=140 accepted_derefine_parents=0 created_leaves=0 deleted_leaves=0 mirror_mismatches=0
CARTOON_AMR_TRANSACTION cycle=4866 requested_refine=0 requested_derefine_leaves=140 accepted_derefine_parents=0 created_leaves=0 deleted_leaves=0 mirror_mismatches=0
CARTOON_AMR_TRANSACTION cycle=4867 requested_refine=0 requested_derefine_leaves=140 accepted_derefine_parents=0 created_leaves=0 deleted_leaves=0 mirror_mismatches=0
CARTOON_AMR_TRANSACTION cycle=4868 requested_refine=0 requested_derefine_leaves=140 accepted_derefine_parents=0 created_leaves=0 deleted_leaves=0 mirror_mismatches=0
elapsed=3.192891e+02 cycle=4868 time=1.671389e+01 dt=3.922851e-06
CARTOON_AMR_TRANSACTION cycle=4869 requested_refine=0 requested_derefine_leaves=140 accepted_derefine_parents=0 created_leaves=0 deleted_leaves=0 mirror_mismatches=0
CARTOON_AMR_TRANSACTION cycle=4870 requested_refine=0 requested_derefine_leaves=140 accepted_derefine_parents=0 created_leaves=0 deleted_leaves=0 mirror_mismatches=0
CARTOON_AMR_TRANSACTION cycle=4871 requested_refine=0 requested_derefine_leaves=140 accepted_derefine_parents=0 created_leaves=0 deleted_leaves=0 mirror_mismatches=0
CARTOON_AMR_TRANSACTION cycle=4872 requested_refine=0 requested_derefine_leaves=140 accepted_derefine_parents=0 created_leaves=0 deleted_leaves=0 mirror_mismatches=0
elapsed=3.199779e+02 cycle=4872 time=1.671391e+01 dt=3.922730e-06
CARTOON_AMR_TRANSACTION cycle=4873 requested_refine=0 requested_derefine_leaves=140 accepted_derefine_parents=0 created_leaves=0 deleted_leaves=0 mirror_mismatches=0
CARTOON_AMR_TRANSACTION cycle=4874 requested_refine=0 requested_derefine_leaves=140 accepted_derefine_parents=0 created_leaves=0 deleted_leaves=0 mirror_mismatches=0
CARTOON_AMR_TRANSACTION cycle=4875 requested_refine=0 requested_derefine_leaves=140 accepted_derefine_parents=0 created_leaves=0 deleted_leaves=0 mirror_mismatches=0
CARTOON_AMR_TRANSACTION cycle=4876 requested_refine=0 requested_derefine_leaves=140 accepted_derefine_parents=0 created_leaves=0 deleted_leaves=0 mirror_mismatches=0
elapsed=3.206820e+02 cycle=4876 time=1.671393e+01 dt=3.922639e-06
CARTOON_AMR_TRANSACTION cycle=4877 requested_refine=2 requested_derefine_leaves=140 accepted_derefine_parents=0 created_leaves=6 deleted_leaves=0 mirror_mismatches=0
AMR_Z4C_CHI_PROLONGATION cycle=4877 transfer=high_order local_fallback_groups=0 global_fallback_groups=0 global_high_order_groups=2048
CARTOON_AMR_TRANSACTION cycle=4878 requested_refine=2 requested_derefine_leaves=144 accepted_derefine_parents=0 created_leaves=6 deleted_leaves=0 mirror_mismatches=0
AMR_Z4C_CHI_PROLONGATION cycle=4878 transfer=high_order local_fallback_groups=0 global_fallback_groups=0 global_high_order_groups=2048
CARTOON_AMR_TRANSACTION cycle=4879 requested_refine=0 requested_derefine_leaves=148 accepted_derefine_parents=0 created_leaves=0 deleted_leaves=0 mirror_mismatches=0
CARTOON_AMR_TRANSACTION cycle=4880 requested_refine=0 requested_derefine_leaves=148 accepted_derefine_parents=0 created_leaves=0 deleted_leaves=0 mirror_mismatches=0
elapsed=3.215076e+02 cycle=4880 time=1.671394e+01 dt=3.922578e-06
CARTOON_AMR_TRANSACTION cycle=4881 requested_refine=0 requested_derefine_leaves=148 accepted_derefine_parents=0 created_leaves=0 deleted_leaves=0 mirror_mismatches=0
CARTOON_AMR_TRANSACTION cycle=4882 requested_refine=0 requested_derefine_leaves=148 accepted_derefine_parents=0 created_leaves=0 deleted_leaves=0 mirror_mismatches=0
CARTOON_AMR_TRANSACTION cycle=4883 requested_refine=0 requested_derefine_leaves=148 accepted_derefine_parents=0 created_leaves=0 deleted_leaves=0 mirror_mismatches=0
CARTOON_AMR_TRANSACTION cycle=4884 requested_refine=0 requested_derefine_leaves=148 accepted_derefine_parents=0 created_leaves=0 deleted_leaves=0 mirror_mismatches=0
elapsed=3.222389e+02 cycle=4884 time=1.671396e+01 dt=3.922544e-06
CARTOON_AMR_TRANSACTION cycle=4885 requested_refine=0 requested_derefine_leaves=148 accepted_derefine_parents=0 created_leaves=0 deleted_leaves=0 mirror_mismatches=0
CARTOON_AMR_TRANSACTION cycle=4886 requested_refine=8 requested_derefine_leaves=148 accepted_derefine_parents=0 created_leaves=24 deleted_leaves=0 mirror_mismatches=0
AMR_Z4C_CHI_PROLONGATION cycle=4886 transfer=high_order local_fallback_groups=0 global_fallback_groups=0 global_high_order_groups=8192
CARTOON_AMR_TRANSACTION cycle=4887 requested_refine=0 requested_derefine_leaves=164 accepted_derefine_parents=0 created_leaves=0 deleted_leaves=0 mirror_mismatches=0
CARTOON_AMR_TRANSACTION cycle=4888 requested_refine=6 requested_derefine_leaves=164 accepted_derefine_parents=0 created_leaves=18 deleted_leaves=0 mirror_mismatches=0
AMR_Z4C_CHI_PROLONGATION cycle=4888 transfer=high_order local_fallback_groups=0 global_fallback_groups=0 global_high_order_groups=6144
elapsed=3.230361e+02 cycle=4888 time=1.671397e+01 dt=1.978146e-06
CARTOON_AMR_TRANSACTION cycle=4889 requested_refine=0 requested_derefine_leaves=176 accepted_derefine_parents=0 created_leaves=0 deleted_leaves=0 mirror_mismatches=0
CARTOON_AMR_TRANSACTION cycle=4890 requested_refine=0 requested_derefine_leaves=176 accepted_derefine_parents=0 created_leaves=0 deleted_leaves=0 mirror_mismatches=0
CARTOON_AMR_TRANSACTION cycle=4891 requested_refine=0 requested_derefine_leaves=176 accepted_derefine_parents=0 created_leaves=0 deleted_leaves=0 mirror_mismatches=0
CARTOON_AMR_TRANSACTION cycle=4892 requested_refine=2 requested_derefine_leaves=176 accepted_derefine_parents=0 created_leaves=6 deleted_leaves=0 mirror_mismatches=0
AMR_Z4C_CHI_PROLONGATION cycle=4892 transfer=high_order local_fallback_groups=0 global_fallback_groups=0 global_high_order_groups=2048
elapsed=3.238200e+02 cycle=4892 time=1.671398e+01 dt=1.978077e-06
CARTOON_AMR_TRANSACTION cycle=4893 requested_refine=2 requested_derefine_leaves=180 accepted_derefine_parents=0 created_leaves=6 deleted_leaves=0 mirror_mismatches=0
AMR_Z4C_CHI_PROLONGATION cycle=4893 transfer=high_order local_fallback_groups=0 global_fallback_groups=0 global_high_order_groups=2048
CARTOON_AMR_TRANSACTION cycle=4894 requested_refine=0 requested_derefine_leaves=184 accepted_derefine_parents=0 created_leaves=0 deleted_leaves=0 mirror_mismatches=0
CARTOON_AMR_TRANSACTION cycle=4895 requested_refine=0 requested_derefine_leaves=184 accepted_derefine_parents=0 created_leaves=0 deleted_leaves=0 mirror_mismatches=0
CARTOON_AMR_TRANSACTION cycle=4896 requested_refine=0 requested_derefine_leaves=184 accepted_derefine_parents=0 created_leaves=0 deleted_leaves=0 mirror_mismatches=0
elapsed=3.246298e+02 cycle=4896 time=1.671399e+01 dt=1.978009e-06
CARTOON_AMR_TRANSACTION cycle=4897 requested_refine=0 requested_derefine_leaves=184 accepted_derefine_parents=0 created_leaves=0 deleted_leaves=0 mirror_mismatches=0
CARTOON_AMR_TRANSACTION cycle=4898 requested_refine=0 requested_derefine_leaves=184 accepted_derefine_parents=0 created_leaves=0 deleted_leaves=0 mirror_mismatches=0
CARTOON_AMR_TRANSACTION cycle=4899 requested_refine=0 requested_derefine_leaves=184 accepted_derefine_parents=0 created_leaves=0 deleted_leaves=0 mirror_mismatches=0
CARTOON_AMR_TRANSACTION cycle=4900 requested_refine=0 requested_derefine_leaves=184 accepted_derefine_parents=0 created_leaves=0 deleted_leaves=0 mirror_mismatches=0
elapsed=3.254097e+02 cycle=4900 time=1.671399e+01 dt=1.977941e-06
CARTOON_AMR_TRANSACTION cycle=4901 requested_refine=0 requested_derefine_leaves=184 accepted_derefine_parents=0 created_leaves=0 deleted_leaves=0 mirror_mismatches=0
CARTOON_AMR_TRANSACTION cycle=4902 requested_refine=2 requested_derefine_leaves=184 accepted_derefine_parents=0 created_leaves=6 deleted_leaves=0 mirror_mismatches=0
AMR_Z4C_CHI_PROLONGATION cycle=4902 transfer=high_order local_fallback_groups=0 global_fallback_groups=0 global_high_order_groups=2048
CARTOON_AMR_TRANSACTION cycle=4903 requested_refine=2 requested_derefine_leaves=188 accepted_derefine_parents=0 created_leaves=6 deleted_leaves=0 mirror_mismatches=0
AMR_Z4C_CHI_PROLONGATION cycle=4903 transfer=high_order local_fallback_groups=0 global_fallback_groups=0 global_high_order_groups=2048
CARTOON_AMR_TRANSACTION cycle=4904 requested_refine=0 requested_derefine_leaves=192 accepted_derefine_parents=0 created_leaves=0 deleted_leaves=0 mirror_mismatches=0
elapsed=3.262819e+02 cycle=4904 time=1.671400e+01 dt=1.977875e-06
CARTOON_AMR_TRANSACTION cycle=4905 requested_refine=0 requested_derefine_leaves=192 accepted_derefine_parents=0 created_leaves=0 deleted_leaves=0 mirror_mismatches=0
CARTOON_AMR_TRANSACTION cycle=4906 requested_refine=2 requested_derefine_leaves=192 accepted_derefine_parents=0 created_leaves=6 deleted_leaves=0 mirror_mismatches=0
AMR_Z4C_CHI_PROLONGATION cycle=4906 transfer=high_order local_fallback_groups=0 global_fallback_groups=0 global_high_order_groups=2048
CARTOON_AMR_TRANSACTION cycle=4907 requested_refine=0 requested_derefine_leaves=196 accepted_derefine_parents=0 created_leaves=0 deleted_leaves=0 mirror_mismatches=0
CARTOON_AMR_TRANSACTION cycle=4908 requested_refine=0 requested_derefine_leaves=196 accepted_derefine_parents=0 created_leaves=0 deleted_leaves=0 mirror_mismatches=0
elapsed=3.271487e+02 cycle=4908 time=1.671401e+01 dt=1.977809e-06
CARTOON_AMR_TRANSACTION cycle=4909 requested_refine=2 requested_derefine_leaves=196 accepted_derefine_parents=0 created_leaves=6 deleted_leaves=0 mirror_mismatches=0
AMR_Z4C_CHI_PROLONGATION cycle=4909 transfer=high_order local_fallback_groups=0 global_fallback_groups=0 global_high_order_groups=2048
CARTOON_AMR_TRANSACTION cycle=4910 requested_refine=2 requested_derefine_leaves=200 accepted_derefine_parents=0 created_leaves=6 deleted_leaves=0 mirror_mismatches=0
AMR_Z4C_CHI_PROLONGATION cycle=4910 transfer=high_order local_fallback_groups=0 global_fallback_groups=0 global_high_order_groups=2048
CARTOON_AMR_TRANSACTION cycle=4911 requested_refine=0 requested_derefine_leaves=204 accepted_derefine_parents=0 created_leaves=0 deleted_leaves=0 mirror_mismatches=0
CARTOON_AMR_TRANSACTION cycle=4912 requested_refine=0 requested_derefine_leaves=204 accepted_derefine_parents=0 created_leaves=0 deleted_leaves=0 mirror_mismatches=0
elapsed=3.280240e+02 cycle=4912 time=1.671402e+01 dt=1.977744e-06
CARTOON_AMR_TRANSACTION cycle=4913 requested_refine=0 requested_derefine_leaves=204 accepted_derefine_parents=0 created_leaves=0 deleted_leaves=0 mirror_mismatches=0
CARTOON_AMR_TRANSACTION cycle=4914 requested_refine=0 requested_derefine_leaves=204 accepted_derefine_parents=0 created_leaves=0 deleted_leaves=0 mirror_mismatches=0
CARTOON_AMR_TRANSACTION cycle=4915 requested_refine=0 requested_derefine_leaves=204 accepted_derefine_parents=0 created_leaves=0 deleted_leaves=0 mirror_mismatches=0
CARTOON_AMR_TRANSACTION cycle=4916 requested_refine=0 requested_derefine_leaves=204 accepted_derefine_parents=0 created_leaves=0 deleted_leaves=0 mirror_mismatches=0
elapsed=3.288330e+02 cycle=4916 time=1.671402e+01 dt=1.977679e-06
CARTOON_AMR_TRANSACTION cycle=4917 requested_refine=0 requested_derefine_leaves=204 accepted_derefine_parents=0 created_leaves=0 deleted_leaves=0 mirror_mismatches=0
CARTOON_AMR_TRANSACTION cycle=4918 requested_refine=0 requested_derefine_leaves=204 accepted_derefine_parents=0 created_leaves=0 deleted_leaves=0 mirror_mismatches=0
CARTOON_AMR_TRANSACTION cycle=4919 requested_refine=2 requested_derefine_leaves=204 accepted_derefine_parents=0 created_leaves=6 deleted_leaves=0 mirror_mismatches=0
AMR_Z4C_CHI_PROLONGATION cycle=4919 transfer=high_order local_fallback_groups=0 global_fallback_groups=0 global_high_order_groups=2048
CARTOON_AMR_TRANSACTION cycle=4920 requested_refine=0 requested_derefine_leaves=208 accepted_derefine_parents=0 created_leaves=0 deleted_leaves=0 mirror_mismatches=0
elapsed=3.296914e+02 cycle=4920 time=1.671403e+01 dt=1.977615e-06
CARTOON_AMR_TRANSACTION cycle=4921 requested_refine=2 requested_derefine_leaves=208 accepted_derefine_parents=0 created_leaves=6 deleted_leaves=0 mirror_mismatches=0
AMR_Z4C_CHI_PROLONGATION cycle=4921 transfer=high_order local_fallback_groups=0 global_fallback_groups=0 global_high_order_groups=2048
CARTOON_AMR_TRANSACTION cycle=4922 requested_refine=0 requested_derefine_leaves=212 accepted_derefine_parents=0 created_leaves=0 deleted_leaves=0 mirror_mismatches=0
CARTOON_AMR_TRANSACTION cycle=4923 requested_refine=0 requested_derefine_leaves=212 accepted_derefine_parents=0 created_leaves=0 deleted_leaves=0 mirror_mismatches=0
CARTOON_AMR_TRANSACTION cycle=4924 requested_refine=0 requested_derefine_leaves=212 accepted_derefine_parents=0 created_leaves=0 deleted_leaves=0 mirror_mismatches=0
elapsed=3.305805e+02 cycle=4924 time=1.671404e+01 dt=1.977551e-06
CARTOON_AMR_TRANSACTION cycle=4925 requested_refine=2 requested_derefine_leaves=212 accepted_derefine_parents=0 created_leaves=6 deleted_leaves=0 mirror_mismatches=0
AMR_Z4C_CHI_PROLONGATION cycle=4925 transfer=high_order local_fallback_groups=0 global_fallback_groups=0 global_high_order_groups=2048
CARTOON_AMR_TRANSACTION cycle=4926 requested_refine=0 requested_derefine_leaves=216 accepted_derefine_parents=0 created_leaves=0 deleted_leaves=0 mirror_mismatches=0
CARTOON_AMR_TRANSACTION cycle=4927 requested_refine=0 requested_derefine_leaves=216 accepted_derefine_parents=0 created_leaves=0 deleted_leaves=0 mirror_mismatches=0
CARTOON_AMR_TRANSACTION cycle=4928 requested_refine=0 requested_derefine_leaves=216 accepted_derefine_parents=0 created_leaves=0 deleted_leaves=0 mirror_mismatches=0
elapsed=3.314824e+02 cycle=4928 time=1.671405e+01 dt=1.977487e-06
CARTOON_AMR_TRANSACTION cycle=4929 requested_refine=0 requested_derefine_leaves=216 accepted_derefine_parents=0 created_leaves=0 deleted_leaves=0 mirror_mismatches=0
CARTOON_AMR_TRANSACTION cycle=4930 requested_refine=2 requested_derefine_leaves=216 accepted_derefine_parents=0 created_leaves=6 deleted_leaves=0 mirror_mismatches=0
AMR_Z4C_CHI_PROLONGATION cycle=4930 transfer=high_order local_fallback_groups=0 global_fallback_groups=0 global_high_order_groups=2048
CARTOON_AMR_TRANSACTION cycle=4931 requested_refine=0 requested_derefine_leaves=220 accepted_derefine_parents=0 created_leaves=0 deleted_leaves=0 mirror_mismatches=0
CARTOON_AMR_TRANSACTION cycle=4932 requested_refine=2 requested_derefine_leaves=220 accepted_derefine_parents=0 created_leaves=6 deleted_leaves=0 mirror_mismatches=0
AMR_Z4C_CHI_PROLONGATION cycle=4932 transfer=high_order local_fallback_groups=0 global_fallback_groups=0 global_high_order_groups=2048
elapsed=3.324449e+02 cycle=4932 time=1.671406e+01 dt=1.977423e-06
CARTOON_AMR_TRANSACTION cycle=4933 requested_refine=0 requested_derefine_leaves=224 accepted_derefine_parents=0 created_leaves=0 deleted_leaves=0 mirror_mismatches=0
CARTOON_AMR_TRANSACTION cycle=4934 requested_refine=0 requested_derefine_leaves=224 accepted_derefine_parents=0 created_leaves=0 deleted_leaves=0 mirror_mismatches=0
CARTOON_AMR_TRANSACTION cycle=4935 requested_refine=0 requested_derefine_leaves=224 accepted_derefine_parents=0 created_leaves=0 deleted_leaves=0 mirror_mismatches=0
CARTOON_AMR_TRANSACTION cycle=4936 requested_refine=0 requested_derefine_leaves=224 accepted_derefine_parents=0 created_leaves=0 deleted_leaves=0 mirror_mismatches=0
elapsed=3.333065e+02 cycle=4936 time=1.671406e+01 dt=1.977360e-06
CARTOON_AMR_TRANSACTION cycle=4937 requested_refine=0 requested_derefine_leaves=224 accepted_derefine_parents=0 created_leaves=0 deleted_leaves=0 mirror_mismatches=0
CARTOON_AMR_TRANSACTION cycle=4938 requested_refine=0 requested_derefine_leaves=224 accepted_derefine_parents=0 created_leaves=0 deleted_leaves=0 mirror_mismatches=0
CARTOON_AMR_TRANSACTION cycle=4939 requested_refine=0 requested_derefine_leaves=224 accepted_derefine_parents=0 created_leaves=0 deleted_leaves=0 mirror_mismatches=0
CARTOON_AMR_TRANSACTION cycle=4940 requested_refine=0 requested_derefine_leaves=224 accepted_derefine_parents=0 created_leaves=0 deleted_leaves=0 mirror_mismatches=0
elapsed=3.341594e+02 cycle=4940 time=1.671407e+01 dt=1.977297e-06
CARTOON_AMR_TRANSACTION cycle=4941 requested_refine=0 requested_derefine_leaves=224 accepted_derefine_parents=0 created_leaves=0 deleted_leaves=0 mirror_mismatches=0
CARTOON_AMR_TRANSACTION cycle=4942 requested_refine=0 requested_derefine_leaves=224 accepted_derefine_parents=0 created_leaves=0 deleted_leaves=0 mirror_mismatches=0
CARTOON_AMR_TRANSACTION cycle=4943 requested_refine=0 requested_derefine_leaves=224 accepted_derefine_parents=0 created_leaves=0 deleted_leaves=0 mirror_mismatches=0
CARTOON_AMR_TRANSACTION cycle=4944 requested_refine=0 requested_derefine_leaves=224 accepted_derefine_parents=0 created_leaves=0 deleted_leaves=0 mirror_mismatches=0
elapsed=3.350233e+02 cycle=4944 time=1.671408e+01 dt=1.977234e-06
CARTOON_AMR_TRANSACTION cycle=4945 requested_refine=0 requested_derefine_leaves=224 accepted_derefine_parents=0 created_leaves=0 deleted_leaves=0 mirror_mismatches=0
CARTOON_AMR_TRANSACTION cycle=4946 requested_refine=0 requested_derefine_leaves=224 accepted_derefine_parents=0 created_leaves=0 deleted_leaves=0 mirror_mismatches=0
CARTOON_AMR_TRANSACTION cycle=4947 requested_refine=0 requested_derefine_leaves=224 accepted_derefine_parents=0 created_leaves=0 deleted_leaves=0 mirror_mismatches=0
CARTOON_AMR_TRANSACTION cycle=4948 requested_refine=0 requested_derefine_leaves=224 accepted_derefine_parents=0 created_leaves=0 deleted_leaves=0 mirror_mismatches=0
elapsed=3.359190e+02 cycle=4948 time=1.671409e+01 dt=1.977171e-06
CARTOON_AMR_TRANSACTION cycle=4949 requested_refine=0 requested_derefine_leaves=224 accepted_derefine_parents=0 created_leaves=0 deleted_leaves=0 mirror_mismatches=0
CARTOON_AMR_TRANSACTION cycle=4950 requested_refine=0 requested_derefine_leaves=224 accepted_derefine_parents=0 created_leaves=0 deleted_leaves=0 mirror_mismatches=0
CARTOON_AMR_TRANSACTION cycle=4951 requested_refine=0 requested_derefine_leaves=224 accepted_derefine_parents=0 created_leaves=0 deleted_leaves=0 mirror_mismatches=0
CARTOON_AMR_TRANSACTION cycle=4952 requested_refine=0 requested_derefine_leaves=224 accepted_derefine_parents=0 created_leaves=0 deleted_leaves=0 mirror_mismatches=0
elapsed=3.367657e+02 cycle=4952 time=1.671410e+01 dt=1.977108e-06
CARTOON_AMR_TRANSACTION cycle=4953 requested_refine=2 requested_derefine_leaves=224 accepted_derefine_parents=0 created_leaves=6 deleted_leaves=0 mirror_mismatches=0
AMR_Z4C_CHI_PROLONGATION cycle=4953 transfer=high_order local_fallback_groups=0 global_fallback_groups=0 global_high_order_groups=2048
CARTOON_AMR_TRANSACTION cycle=4954 requested_refine=0 requested_derefine_leaves=228 accepted_derefine_parents=0 created_leaves=0 deleted_leaves=0 mirror_mismatches=0
CARTOON_AMR_TRANSACTION cycle=4955 requested_refine=0 requested_derefine_leaves=228 accepted_derefine_parents=0 created_leaves=0 deleted_leaves=0 mirror_mismatches=0
CARTOON_AMR_TRANSACTION cycle=4956 requested_refine=2 requested_derefine_leaves=228 accepted_derefine_parents=0 created_leaves=6 deleted_leaves=0 mirror_mismatches=0
AMR_Z4C_CHI_PROLONGATION cycle=4956 transfer=high_order local_fallback_groups=0 global_fallback_groups=0 global_high_order_groups=2048
elapsed=3.377014e+02 cycle=4956 time=1.671410e+01 dt=1.977047e-06
CARTOON_AMR_TRANSACTION cycle=4957 requested_refine=0 requested_derefine_leaves=232 accepted_derefine_parents=0 created_leaves=0 deleted_leaves=0 mirror_mismatches=0
CARTOON_AMR_TRANSACTION cycle=4958 requested_refine=0 requested_derefine_leaves=232 accepted_derefine_parents=0 created_leaves=0 deleted_leaves=0 mirror_mismatches=0
CARTOON_AMR_TRANSACTION cycle=4959 requested_refine=0 requested_derefine_leaves=232 accepted_derefine_parents=0 created_leaves=0 deleted_leaves=0 mirror_mismatches=0
CARTOON_AMR_TRANSACTION cycle=4960 requested_refine=0 requested_derefine_leaves=232 accepted_derefine_parents=0 created_leaves=0 deleted_leaves=0 mirror_mismatches=0
elapsed=3.386062e+02 cycle=4960 time=1.671411e+01 dt=1.976985e-06
CARTOON_AMR_TRANSACTION cycle=4961 requested_refine=0 requested_derefine_leaves=232 accepted_derefine_parents=0 created_leaves=0 deleted_leaves=0 mirror_mismatches=0
CARTOON_AMR_TRANSACTION cycle=4962 requested_refine=2 requested_derefine_leaves=232 accepted_derefine_parents=0 created_leaves=6 deleted_leaves=0 mirror_mismatches=0
AMR_Z4C_CHI_PROLONGATION cycle=4962 transfer=high_order local_fallback_groups=0 global_fallback_groups=0 global_high_order_groups=2048
CARTOON_AMR_TRANSACTION cycle=4963 requested_refine=0 requested_derefine_leaves=236 accepted_derefine_parents=0 created_leaves=0 deleted_leaves=0 mirror_mismatches=0
CARTOON_AMR_TRANSACTION cycle=4964 requested_refine=0 requested_derefine_leaves=236 accepted_derefine_parents=0 created_leaves=0 deleted_leaves=0 mirror_mismatches=0
elapsed=3.395656e+02 cycle=4964 time=1.671412e+01 dt=1.976925e-06
CARTOON_AMR_TRANSACTION cycle=4965 requested_refine=0 requested_derefine_leaves=236 accepted_derefine_parents=0 created_leaves=0 deleted_leaves=0 mirror_mismatches=0
CARTOON_AMR_TRANSACTION cycle=4966 requested_refine=0 requested_derefine_leaves=236 accepted_derefine_parents=0 created_leaves=0 deleted_leaves=0 mirror_mismatches=0
CARTOON_AMR_TRANSACTION cycle=4967 requested_refine=0 requested_derefine_leaves=236 accepted_derefine_parents=0 created_leaves=0 deleted_leaves=0 mirror_mismatches=0
CARTOON_AMR_TRANSACTION cycle=4968 requested_refine=0 requested_derefine_leaves=236 accepted_derefine_parents=0 created_leaves=0 deleted_leaves=0 mirror_mismatches=0
elapsed=3.404952e+02 cycle=4968 time=1.671413e+01 dt=1.976865e-06
CARTOON_AMR_TRANSACTION cycle=4969 requested_refine=0 requested_derefine_leaves=236 accepted_derefine_parents=0 created_leaves=0 deleted_leaves=0 mirror_mismatches=0
CARTOON_AMR_TRANSACTION cycle=4970 requested_refine=2 requested_derefine_leaves=236 accepted_derefine_parents=0 created_leaves=6 deleted_leaves=0 mirror_mismatches=0
AMR_Z4C_CHI_PROLONGATION cycle=4970 transfer=high_order local_fallback_groups=0 global_fallback_groups=0 global_high_order_groups=2048
CARTOON_AMR_TRANSACTION cycle=4971 requested_refine=0 requested_derefine_leaves=240 accepted_derefine_parents=0 created_leaves=0 deleted_leaves=0 mirror_mismatches=0
CARTOON_AMR_TRANSACTION cycle=4972 requested_refine=0 requested_derefine_leaves=240 accepted_derefine_parents=0 created_leaves=0 deleted_leaves=0 mirror_mismatches=0
elapsed=3.414561e+02 cycle=4972 time=1.671414e+01 dt=1.976806e-06
CARTOON_AMR_TRANSACTION cycle=4973 requested_refine=0 requested_derefine_leaves=240 accepted_derefine_parents=0 created_leaves=0 deleted_leaves=0 mirror_mismatches=0
CARTOON_AMR_TRANSACTION cycle=4974 requested_refine=0 requested_derefine_leaves=240 accepted_derefine_parents=0 created_leaves=0 deleted_leaves=0 mirror_mismatches=0
CARTOON_AMR_TRANSACTION cycle=4975 requested_refine=0 requested_derefine_leaves=240 accepted_derefine_parents=0 created_leaves=0 deleted_leaves=0 mirror_mismatches=0
CARTOON_AMR_TRANSACTION cycle=4976 requested_refine=2 requested_derefine_leaves=240 accepted_derefine_parents=0 created_leaves=6 deleted_leaves=0 mirror_mismatches=0
AMR_Z4C_CHI_PROLONGATION cycle=4976 transfer=high_order local_fallback_groups=0 global_fallback_groups=0 global_high_order_groups=2048
elapsed=3.424181e+02 cycle=4976 time=1.671414e+01 dt=1.976748e-06
CARTOON_AMR_TRANSACTION cycle=4977 requested_refine=0 requested_derefine_leaves=244 accepted_derefine_parents=0 created_leaves=0 deleted_leaves=0 mirror_mismatches=0
CARTOON_AMR_TRANSACTION cycle=4978 requested_refine=0 requested_derefine_leaves=244 accepted_derefine_parents=0 created_leaves=0 deleted_leaves=0 mirror_mismatches=0
CARTOON_AMR_TRANSACTION cycle=4979 requested_refine=4 requested_derefine_leaves=244 accepted_derefine_parents=0 created_leaves=12 deleted_leaves=0 mirror_mismatches=0
AMR_Z4C_CHI_PROLONGATION cycle=4979 transfer=high_order local_fallback_groups=0 global_fallback_groups=0 global_high_order_groups=4096
CARTOON_AMR_TRANSACTION cycle=4980 requested_refine=0 requested_derefine_leaves=252 accepted_derefine_parents=0 created_leaves=0 deleted_leaves=0 mirror_mismatches=0
elapsed=3.433879e+02 cycle=4980 time=1.671415e+01 dt=1.976691e-06
CARTOON_AMR_TRANSACTION cycle=4981 requested_refine=0 requested_derefine_leaves=252 accepted_derefine_parents=0 created_leaves=0 deleted_leaves=0 mirror_mismatches=0
CARTOON_AMR_TRANSACTION cycle=4982 requested_refine=0 requested_derefine_leaves=252 accepted_derefine_parents=0 created_leaves=0 deleted_leaves=0 mirror_mismatches=0
CARTOON_AMR_TRANSACTION cycle=4983 requested_refine=0 requested_derefine_leaves=252 accepted_derefine_parents=0 created_leaves=0 deleted_leaves=0 mirror_mismatches=0
CARTOON_AMR_TRANSACTION cycle=4984 requested_refine=0 requested_derefine_leaves=252 accepted_derefine_parents=0 created_leaves=0 deleted_leaves=0 mirror_mismatches=0
elapsed=3.443429e+02 cycle=4984 time=1.671416e+01 dt=1.976636e-06
CARTOON_AMR_TRANSACTION cycle=4985 requested_refine=0 requested_derefine_leaves=252 accepted_derefine_parents=0 created_leaves=0 deleted_leaves=0 mirror_mismatches=0
CARTOON_AMR_TRANSACTION cycle=4986 requested_refine=0 requested_derefine_leaves=252 accepted_derefine_parents=0 created_leaves=0 deleted_leaves=0 mirror_mismatches=0
CARTOON_AMR_TRANSACTION cycle=4987 requested_refine=0 requested_derefine_leaves=252 accepted_derefine_parents=0 created_leaves=0 deleted_leaves=0 mirror_mismatches=0
CARTOON_AMR_TRANSACTION cycle=4988 requested_refine=0 requested_derefine_leaves=252 accepted_derefine_parents=0 created_leaves=0 deleted_leaves=0 mirror_mismatches=0
elapsed=3.452760e+02 cycle=4988 time=1.671417e+01 dt=1.976581e-06
CARTOON_AMR_TRANSACTION cycle=4989 requested_refine=0 requested_derefine_leaves=252 accepted_derefine_parents=0 created_leaves=0 deleted_leaves=0 mirror_mismatches=0
CARTOON_AMR_TRANSACTION cycle=4990 requested_refine=0 requested_derefine_leaves=252 accepted_derefine_parents=0 created_leaves=0 deleted_leaves=0 mirror_mismatches=0
CARTOON_AMR_TRANSACTION cycle=4991 requested_refine=0 requested_derefine_leaves=252 accepted_derefine_parents=0 created_leaves=0 deleted_leaves=0 mirror_mismatches=0
CARTOON_AMR_TRANSACTION cycle=4992 requested_refine=0 requested_derefine_leaves=252 accepted_derefine_parents=0 created_leaves=0 deleted_leaves=0 mirror_mismatches=0
elapsed=3.464569e+02 cycle=4992 time=1.671417e+01 dt=1.976528e-06
CARTOON_AMR_TRANSACTION cycle=4993 requested_refine=0 requested_derefine_leaves=252 accepted_derefine_parents=0 created_leaves=0 deleted_leaves=0 mirror_mismatches=0
CARTOON_AMR_TRANSACTION cycle=4994 requested_refine=2 requested_derefine_leaves=252 accepted_derefine_parents=0 created_leaves=6 deleted_leaves=0 mirror_mismatches=0
AMR_Z4C_CHI_PROLONGATION cycle=4994 transfer=high_order local_fallback_groups=0 global_fallback_groups=0 global_high_order_groups=2048
CARTOON_AMR_TRANSACTION cycle=4995 requested_refine=0 requested_derefine_leaves=256 accepted_derefine_parents=0 created_leaves=0 deleted_leaves=0 mirror_mismatches=0
CARTOON_AMR_TRANSACTION cycle=4996 requested_refine=0 requested_derefine_leaves=256 accepted_derefine_parents=0 created_leaves=0 deleted_leaves=0 mirror_mismatches=0
elapsed=3.474389e+02 cycle=4996 time=1.671418e+01 dt=1.976476e-06
CARTOON_AMR_TRANSACTION cycle=4997 requested_refine=0 requested_derefine_leaves=256 accepted_derefine_parents=0 created_leaves=0 deleted_leaves=0 mirror_mismatches=0
CARTOON_AMR_TRANSACTION cycle=4998 requested_refine=2 requested_derefine_leaves=256 accepted_derefine_parents=0 created_leaves=6 deleted_leaves=0 mirror_mismatches=0
AMR_Z4C_CHI_PROLONGATION cycle=4998 transfer=high_order local_fallback_groups=0 global_fallback_groups=0 global_high_order_groups=2048
CARTOON_AMR_TRANSACTION cycle=4999 requested_refine=0 requested_derefine_leaves=260 accepted_derefine_parents=0 created_leaves=0 deleted_leaves=0 mirror_mismatches=0
CARTOON_AMR_TRANSACTION cycle=5000 requested_refine=2 requested_derefine_leaves=260 accepted_derefine_parents=0 created_leaves=6 deleted_leaves=0 mirror_mismatches=0
AMR_Z4C_CHI_PROLONGATION cycle=5000 transfer=high_order local_fallback_groups=0 global_fallback_groups=0 global_high_order_groups=2048
elapsed=3.484624e+02 cycle=5000 time=1.671419e+01 dt=1.976425e-06
CARTOON_AMR_TRANSACTION cycle=5001 requested_refine=0 requested_derefine_leaves=264 accepted_derefine_parents=0 created_leaves=0 deleted_leaves=0 mirror_mismatches=0
CARTOON_AMR_TRANSACTION cycle=5002 requested_refine=0 requested_derefine_leaves=264 accepted_derefine_parents=0 created_leaves=0 deleted_leaves=0 mirror_mismatches=0
CARTOON_AMR_TRANSACTION cycle=5003 requested_refine=2 requested_derefine_leaves=264 accepted_derefine_parents=0 created_leaves=6 deleted_leaves=0 mirror_mismatches=0
AMR_Z4C_CHI_PROLONGATION cycle=5003 transfer=high_order local_fallback_groups=0 global_fallback_groups=0 global_high_order_groups=2048
CARTOON_AMR_TRANSACTION cycle=5004 requested_refine=0 requested_derefine_leaves=268 accepted_derefine_parents=0 created_leaves=0 deleted_leaves=0 mirror_mismatches=0
elapsed=3.494769e+02 cycle=5004 time=1.671420e+01 dt=1.976374e-06
CARTOON_AMR_TRANSACTION cycle=5005 requested_refine=0 requested_derefine_leaves=268 accepted_derefine_parents=0 created_leaves=0 deleted_leaves=0 mirror_mismatches=0
CARTOON_AMR_TRANSACTION cycle=5006 requested_refine=0 requested_derefine_leaves=268 accepted_derefine_parents=0 created_leaves=0 deleted_leaves=0 mirror_mismatches=0
CARTOON_AMR_TRANSACTION cycle=5007 requested_refine=0 requested_derefine_leaves=268 accepted_derefine_parents=0 created_leaves=0 deleted_leaves=0 mirror_mismatches=0
CARTOON_AMR_TRANSACTION cycle=5008 requested_refine=0 requested_derefine_leaves=268 accepted_derefine_parents=0 created_leaves=0 deleted_leaves=0 mirror_mismatches=0
elapsed=3.504330e+02 cycle=5008 time=1.671421e+01 dt=1.976325e-06
CARTOON_AMR_TRANSACTION cycle=5009 requested_refine=0 requested_derefine_leaves=268 accepted_derefine_parents=0 created_leaves=0 deleted_leaves=0 mirror_mismatches=0
CARTOON_AMR_TRANSACTION cycle=5010 requested_refine=0 requested_derefine_leaves=268 accepted_derefine_parents=0 created_leaves=0 deleted_leaves=0 mirror_mismatches=0
CARTOON_AMR_TRANSACTION cycle=5011 requested_refine=0 requested_derefine_leaves=268 accepted_derefine_parents=0 created_leaves=0 deleted_leaves=0 mirror_mismatches=0
CARTOON_AMR_TRANSACTION cycle=5012 requested_refine=2 requested_derefine_leaves=268 accepted_derefine_parents=0 created_leaves=6 deleted_leaves=0 mirror_mismatches=0
AMR_Z4C_CHI_PROLONGATION cycle=5012 transfer=high_order local_fallback_groups=0 global_fallback_groups=0 global_high_order_groups=2048
elapsed=3.514790e+02 cycle=5012 time=1.671421e+01 dt=1.976276e-06
CARTOON_AMR_TRANSACTION cycle=5013 requested_refine=0 requested_derefine_leaves=272 accepted_derefine_parents=0 created_leaves=0 deleted_leaves=0 mirror_mismatches=0
CARTOON_AMR_TRANSACTION cycle=5014 requested_refine=0 requested_derefine_leaves=272 accepted_derefine_parents=0 created_leaves=0 deleted_leaves=0 mirror_mismatches=0
CARTOON_AMR_TRANSACTION cycle=5015 requested_refine=0 requested_derefine_leaves=272 accepted_derefine_parents=0 created_leaves=0 deleted_leaves=0 mirror_mismatches=0
CARTOON_AMR_TRANSACTION cycle=5016 requested_refine=2 requested_derefine_leaves=272 accepted_derefine_parents=0 created_leaves=6 deleted_leaves=0 mirror_mismatches=0
AMR_Z4C_CHI_PROLONGATION cycle=5016 transfer=high_order local_fallback_groups=0 global_fallback_groups=0 global_high_order_groups=2048
elapsed=3.525318e+02 cycle=5016 time=1.671422e+01 dt=1.976228e-06
CARTOON_AMR_TRANSACTION cycle=5017 requested_refine=0 requested_derefine_leaves=276 accepted_derefine_parents=0 created_leaves=0 deleted_leaves=0 mirror_mismatches=0
CARTOON_AMR_TRANSACTION cycle=5018 requested_refine=0 requested_derefine_leaves=276 accepted_derefine_parents=0 created_leaves=0 deleted_leaves=0 mirror_mismatches=0
CARTOON_AMR_TRANSACTION cycle=5019 requested_refine=0 requested_derefine_leaves=276 accepted_derefine_parents=0 created_leaves=0 deleted_leaves=0 mirror_mismatches=0
CARTOON_AMR_TRANSACTION cycle=5020 requested_refine=0 requested_derefine_leaves=276 accepted_derefine_parents=0 created_leaves=0 deleted_leaves=0 mirror_mismatches=0
elapsed=3.535105e+02 cycle=5020 time=1.671423e+01 dt=1.976181e-06
CARTOON_AMR_TRANSACTION cycle=5021 requested_refine=0 requested_derefine_leaves=276 accepted_derefine_parents=0 created_leaves=0 deleted_leaves=0 mirror_mismatches=0
CARTOON_AMR_TRANSACTION cycle=5022 requested_refine=0 requested_derefine_leaves=276 accepted_derefine_parents=0 created_leaves=0 deleted_leaves=0 mirror_mismatches=0
CARTOON_AMR_TRANSACTION cycle=5023 requested_refine=0 requested_derefine_leaves=276 accepted_derefine_parents=0 created_leaves=0 deleted_leaves=0 mirror_mismatches=0
CARTOON_AMR_TRANSACTION cycle=5024 requested_refine=0 requested_derefine_leaves=276 accepted_derefine_parents=0 created_leaves=0 deleted_leaves=0 mirror_mismatches=0
elapsed=3.545192e+02 cycle=5024 time=1.671424e+01 dt=1.976134e-06
CARTOON_AMR_TRANSACTION cycle=5025 requested_refine=0 requested_derefine_leaves=276 accepted_derefine_parents=0 created_leaves=0 deleted_leaves=0 mirror_mismatches=0
CARTOON_AMR_TRANSACTION cycle=5026 requested_refine=0 requested_derefine_leaves=276 accepted_derefine_parents=0 created_leaves=0 deleted_leaves=0 mirror_mismatches=0
CARTOON_AMR_TRANSACTION cycle=5027 requested_refine=0 requested_derefine_leaves=276 accepted_derefine_parents=0 created_leaves=0 deleted_leaves=0 mirror_mismatches=0
CARTOON_AMR_TRANSACTION cycle=5028 requested_refine=0 requested_derefine_leaves=276 accepted_derefine_parents=0 created_leaves=0 deleted_leaves=0 mirror_mismatches=0
elapsed=3.555057e+02 cycle=5028 time=1.671425e+01 dt=1.976088e-06
CARTOON_AMR_TRANSACTION cycle=5029 requested_refine=0 requested_derefine_leaves=276 accepted_derefine_parents=0 created_leaves=0 deleted_leaves=0 mirror_mismatches=0
CARTOON_AMR_TRANSACTION cycle=5030 requested_refine=0 requested_derefine_leaves=276 accepted_derefine_parents=0 created_leaves=0 deleted_leaves=0 mirror_mismatches=0
CARTOON_AMR_TRANSACTION cycle=5031 requested_refine=0 requested_derefine_leaves=276 accepted_derefine_parents=0 created_leaves=0 deleted_leaves=0 mirror_mismatches=0
CARTOON_AMR_TRANSACTION cycle=5032 requested_refine=0 requested_derefine_leaves=276 accepted_derefine_parents=0 created_leaves=0 deleted_leaves=0 mirror_mismatches=0
elapsed=3.564542e+02 cycle=5032 time=1.671425e+01 dt=1.976041e-06
CARTOON_AMR_TRANSACTION cycle=5033 requested_refine=2 requested_derefine_leaves=276 accepted_derefine_parents=0 created_leaves=6 deleted_leaves=0 mirror_mismatches=0
AMR_Z4C_CHI_PROLONGATION cycle=5033 transfer=high_order local_fallback_groups=0 global_fallback_groups=0 global_high_order_groups=2048
CARTOON_AMR_TRANSACTION cycle=5034 requested_refine=0 requested_derefine_leaves=280 accepted_derefine_parents=0 created_leaves=0 deleted_leaves=0 mirror_mismatches=0
CARTOON_AMR_TRANSACTION cycle=5035 requested_refine=0 requested_derefine_leaves=280 accepted_derefine_parents=0 created_leaves=0 deleted_leaves=0 mirror_mismatches=0
CARTOON_AMR_TRANSACTION cycle=5036 requested_refine=0 requested_derefine_leaves=280 accepted_derefine_parents=0 created_leaves=0 deleted_leaves=0 mirror_mismatches=0
elapsed=3.575302e+02 cycle=5036 time=1.671426e+01 dt=1.975995e-06
CARTOON_AMR_TRANSACTION cycle=5037 requested_refine=0 requested_derefine_leaves=280 accepted_derefine_parents=0 created_leaves=0 deleted_leaves=0 mirror_mismatches=0
CARTOON_AMR_TRANSACTION cycle=5038 requested_refine=2 requested_derefine_leaves=280 accepted_derefine_parents=0 created_leaves=6 deleted_leaves=0 mirror_mismatches=0
AMR_Z4C_CHI_PROLONGATION cycle=5038 transfer=high_order local_fallback_groups=0 global_fallback_groups=0 global_high_order_groups=2048
CARTOON_AMR_TRANSACTION cycle=5039 requested_refine=0 requested_derefine_leaves=284 accepted_derefine_parents=0 created_leaves=0 deleted_leaves=0 mirror_mismatches=0
CARTOON_AMR_TRANSACTION cycle=5040 requested_refine=2 requested_derefine_leaves=284 accepted_derefine_parents=0 created_leaves=6 deleted_leaves=0 mirror_mismatches=0
AMR_Z4C_CHI_PROLONGATION cycle=5040 transfer=high_order local_fallback_groups=0 global_fallback_groups=0 global_high_order_groups=2048
elapsed=3.586332e+02 cycle=5040 time=1.671427e+01 dt=1.975948e-06
CARTOON_AMR_TRANSACTION cycle=5041 requested_refine=0 requested_derefine_leaves=288 accepted_derefine_parents=0 created_leaves=0 deleted_leaves=0 mirror_mismatches=0
CARTOON_AMR_TRANSACTION cycle=5042 requested_refine=0 requested_derefine_leaves=288 accepted_derefine_parents=0 created_leaves=0 deleted_leaves=0 mirror_mismatches=0
CARTOON_AMR_TRANSACTION cycle=5043 requested_refine=0 requested_derefine_leaves=288 accepted_derefine_parents=0 created_leaves=0 deleted_leaves=0 mirror_mismatches=0
CARTOON_AMR_TRANSACTION cycle=5044 requested_refine=0 requested_derefine_leaves=288 accepted_derefine_parents=0 created_leaves=0 deleted_leaves=0 mirror_mismatches=0
elapsed=3.596698e+02 cycle=5044 time=1.671428e+01 dt=1.975902e-06
CARTOON_AMR_TRANSACTION cycle=5045 requested_refine=0 requested_derefine_leaves=288 accepted_derefine_parents=0 created_leaves=0 deleted_leaves=0 mirror_mismatches=0
CARTOON_AMR_TRANSACTION cycle=5046 requested_refine=0 requested_derefine_leaves=288 accepted_derefine_parents=0 created_leaves=0 deleted_leaves=0 mirror_mismatches=0
CARTOON_AMR_TRANSACTION cycle=5047 requested_refine=4 requested_derefine_leaves=288 accepted_derefine_parents=0 created_leaves=12 deleted_leaves=0 mirror_mismatches=0
AMR_Z4C_CHI_PROLONGATION cycle=5047 transfer=high_order local_fallback_groups=0 global_fallback_groups=0 global_high_order_groups=4096
CARTOON_AMR_TRANSACTION cycle=5048 requested_refine=0 requested_derefine_leaves=296 accepted_derefine_parents=0 created_leaves=0 deleted_leaves=0 mirror_mismatches=0
elapsed=3.607591e+02 cycle=5048 time=1.671429e+01 dt=1.975855e-06
CARTOON_AMR_TRANSACTION cycle=5049 requested_refine=0 requested_derefine_leaves=296 accepted_derefine_parents=0 created_leaves=0 deleted_leaves=0 mirror_mismatches=0
CARTOON_AMR_TRANSACTION cycle=5050 requested_refine=0 requested_derefine_leaves=296 accepted_derefine_parents=0 created_leaves=0 deleted_leaves=0 mirror_mismatches=0
CARTOON_AMR_TRANSACTION cycle=5051 requested_refine=0 requested_derefine_leaves=296 accepted_derefine_parents=0 created_leaves=0 deleted_leaves=0 mirror_mismatches=0
CARTOON_AMR_TRANSACTION cycle=5052 requested_refine=0 requested_derefine_leaves=296 accepted_derefine_parents=0 created_leaves=0 deleted_leaves=0 mirror_mismatches=0
elapsed=3.617763e+02 cycle=5052 time=1.671429e+01 dt=1.975808e-06
CARTOON_AMR_TRANSACTION cycle=5053 requested_refine=0 requested_derefine_leaves=296 accepted_derefine_parents=0 created_leaves=0 deleted_leaves=0 mirror_mismatches=0
CARTOON_AMR_TRANSACTION cycle=5054 requested_refine=0 requested_derefine_leaves=296 accepted_derefine_parents=0 created_leaves=0 deleted_leaves=0 mirror_mismatches=0
CARTOON_AMR_TRANSACTION cycle=5055 requested_refine=0 requested_derefine_leaves=296 accepted_derefine_parents=0 created_leaves=0 deleted_leaves=0 mirror_mismatches=0
CARTOON_AMR_TRANSACTION cycle=5056 requested_refine=0 requested_derefine_leaves=296 accepted_derefine_parents=0 created_leaves=0 deleted_leaves=0 mirror_mismatches=0
elapsed=3.628160e+02 cycle=5056 time=1.671430e+01 dt=1.975761e-06
CARTOON_AMR_TRANSACTION cycle=5057 requested_refine=0 requested_derefine_leaves=296 accepted_derefine_parents=0 created_leaves=0 deleted_leaves=0 mirror_mismatches=0
CARTOON_AMR_TRANSACTION cycle=5058 requested_refine=0 requested_derefine_leaves=296 accepted_derefine_parents=0 created_leaves=0 deleted_leaves=0 mirror_mismatches=0
CARTOON_AMR_TRANSACTION cycle=5059 requested_refine=0 requested_derefine_leaves=296 accepted_derefine_parents=0 created_leaves=0 deleted_leaves=0 mirror_mismatches=0
CARTOON_AMR_TRANSACTION cycle=5060 requested_refine=2 requested_derefine_leaves=296 accepted_derefine_parents=0 created_leaves=6 deleted_leaves=0 mirror_mismatches=0
AMR_Z4C_CHI_PROLONGATION cycle=5060 transfer=high_order local_fallback_groups=0 global_fallback_groups=0 global_high_order_groups=2048
elapsed=3.639562e+02 cycle=5060 time=1.671431e+01 dt=1.975714e-06
CARTOON_AMR_TRANSACTION cycle=5061 requested_refine=0 requested_derefine_leaves=300 accepted_derefine_parents=0 created_leaves=0 deleted_leaves=0 mirror_mismatches=0
CARTOON_AMR_TRANSACTION cycle=5062 requested_refine=10 requested_derefine_leaves=300 accepted_derefine_parents=0 created_leaves=30 deleted_leaves=0 mirror_mismatches=0
AMR_Z4C_CHI_PROLONGATION cycle=5062 transfer=high_order local_fallback_groups=0 global_fallback_groups=0 global_high_order_groups=10240
CARTOON_AMR_TRANSACTION cycle=5063 requested_refine=2 requested_derefine_leaves=320 accepted_derefine_parents=0 created_leaves=6 deleted_leaves=0 mirror_mismatches=0
AMR_Z4C_CHI_PROLONGATION cycle=5063 transfer=high_order local_fallback_groups=0 global_fallback_groups=0 global_high_order_groups=2048
CARTOON_AMR_TRANSACTION cycle=5064 requested_refine=2 requested_derefine_leaves=324 accepted_derefine_parents=0 created_leaves=6 deleted_leaves=0 mirror_mismatches=0
AMR_Z4C_CHI_PROLONGATION cycle=5064 transfer=high_order local_fallback_groups=0 global_fallback_groups=0 global_high_order_groups=2048
elapsed=3.652288e+02 cycle=5064 time=1.671432e+01 dt=9.906166e-07
CARTOON_AMR_TRANSACTION cycle=5065 requested_refine=2 requested_derefine_leaves=328 accepted_derefine_parents=0 created_leaves=6 deleted_leaves=0 mirror_mismatches=0
AMR_Z4C_CHI_PROLONGATION cycle=5065 transfer=high_order local_fallback_groups=0 global_fallback_groups=0 global_high_order_groups=2048
CARTOON_AMR_TRANSACTION cycle=5066 requested_refine=0 requested_derefine_leaves=332 accepted_derefine_parents=0 created_leaves=0 deleted_leaves=0 mirror_mismatches=0
CARTOON_AMR_TRANSACTION cycle=5067 requested_refine=0 requested_derefine_leaves=332 accepted_derefine_parents=0 created_leaves=0 deleted_leaves=0 mirror_mismatches=0
CARTOON_AMR_TRANSACTION cycle=5068 requested_refine=4 requested_derefine_leaves=332 accepted_derefine_parents=0 created_leaves=12 deleted_leaves=0 mirror_mismatches=0
AMR_Z4C_CHI_PROLONGATION cycle=5068 transfer=high_order local_fallback_groups=0 global_fallback_groups=0 global_high_order_groups=4096
elapsed=3.664419e+02 cycle=5068 time=1.671432e+01 dt=9.903241e-07
CARTOON_AMR_TRANSACTION cycle=5069 requested_refine=2 requested_derefine_leaves=340 accepted_derefine_parents=0 created_leaves=6 deleted_leaves=0 mirror_mismatches=0
AMR_Z4C_CHI_PROLONGATION cycle=5069 transfer=high_order local_fallback_groups=0 global_fallback_groups=0 global_high_order_groups=2048
CARTOON_AMR_TRANSACTION cycle=5070 requested_refine=0 requested_derefine_leaves=344 accepted_derefine_parents=0 created_leaves=0 deleted_leaves=0 mirror_mismatches=0
CARTOON_AMR_TRANSACTION cycle=5071 requested_refine=2 requested_derefine_leaves=344 accepted_derefine_parents=0 created_leaves=6 deleted_leaves=0 mirror_mismatches=0
AMR_Z4C_CHI_PROLONGATION cycle=5071 transfer=high_order local_fallback_groups=0 global_fallback_groups=0 global_high_order_groups=2048
CARTOON_AMR_TRANSACTION cycle=5072 requested_refine=0 requested_derefine_leaves=348 accepted_derefine_parents=0 created_leaves=0 deleted_leaves=0 mirror_mismatches=0
elapsed=3.677391e+02 cycle=5072 time=1.671432e+01 dt=9.901826e-07
CARTOON_AMR_TRANSACTION cycle=5073 requested_refine=2 requested_derefine_leaves=348 accepted_derefine_parents=0 created_leaves=6 deleted_leaves=0 mirror_mismatches=0
AMR_Z4C_CHI_PROLONGATION cycle=5073 transfer=high_order local_fallback_groups=0 global_fallback_groups=0 global_high_order_groups=2048
CARTOON_AMR_TRANSACTION cycle=5074 requested_refine=0 requested_derefine_leaves=352 accepted_derefine_parents=0 created_leaves=0 deleted_leaves=0 mirror_mismatches=0
CARTOON_AMR_TRANSACTION cycle=5075 requested_refine=0 requested_derefine_leaves=352 accepted_derefine_parents=0 created_leaves=0 deleted_leaves=0 mirror_mismatches=0
CARTOON_AMR_TRANSACTION cycle=5076 requested_refine=2 requested_derefine_leaves=352 accepted_derefine_parents=0 created_leaves=6 deleted_leaves=0 mirror_mismatches=0
AMR_Z4C_CHI_PROLONGATION cycle=5076 transfer=high_order local_fallback_groups=0 global_fallback_groups=0 global_high_order_groups=2048
elapsed=3.690048e+02 cycle=5076 time=1.671433e+01 dt=9.903568e-07
CARTOON_AMR_TRANSACTION cycle=5077 requested_refine=0 requested_derefine_leaves=356 accepted_derefine_parents=0 created_leaves=0 deleted_leaves=0 mirror_mismatches=0
CARTOON_AMR_TRANSACTION cycle=5078 requested_refine=2 requested_derefine_leaves=356 accepted_derefine_parents=0 created_leaves=6 deleted_leaves=0 mirror_mismatches=0
AMR_Z4C_CHI_PROLONGATION cycle=5078 transfer=high_order local_fallback_groups=0 global_fallback_groups=0 global_high_order_groups=2048
CARTOON_AMR_TRANSACTION cycle=5079 requested_refine=2 requested_derefine_leaves=360 accepted_derefine_parents=0 created_leaves=6 deleted_leaves=0 mirror_mismatches=0
AMR_Z4C_CHI_PROLONGATION cycle=5079 transfer=high_order local_fallback_groups=0 global_fallback_groups=0 global_high_order_groups=2048
CARTOON_AMR_TRANSACTION cycle=5080 requested_refine=0 requested_derefine_leaves=364 accepted_derefine_parents=0 created_leaves=0 deleted_leaves=0 mirror_mismatches=0
elapsed=3.702818e+02 cycle=5080 time=1.671433e+01 dt=9.904329e-07
CARTOON_AMR_TRANSACTION cycle=5081 requested_refine=2 requested_derefine_leaves=364 accepted_derefine_parents=0 created_leaves=6 deleted_leaves=0 mirror_mismatches=0
AMR_Z4C_CHI_PROLONGATION cycle=5081 transfer=high_order local_fallback_groups=0 global_fallback_groups=0 global_high_order_groups=2048
CARTOON_AMR_TRANSACTION cycle=5082 requested_refine=0 requested_derefine_leaves=368 accepted_derefine_parents=0 created_leaves=0 deleted_leaves=0 mirror_mismatches=0
CARTOON_AMR_TRANSACTION cycle=5083 requested_refine=2 requested_derefine_leaves=368 accepted_derefine_parents=0 created_leaves=6 deleted_leaves=0 mirror_mismatches=0
AMR_Z4C_CHI_PROLONGATION cycle=5083 transfer=high_order local_fallback_groups=0 global_fallback_groups=0 global_high_order_groups=2048
CARTOON_AMR_TRANSACTION cycle=5084 requested_refine=0 requested_derefine_leaves=372 accepted_derefine_parents=0 created_leaves=0 deleted_leaves=0 mirror_mismatches=0
elapsed=3.715786e+02 cycle=5084 time=1.671434e+01 dt=9.899967e-07
CARTOON_AMR_TRANSACTION cycle=5085 requested_refine=0 requested_derefine_leaves=372 accepted_derefine_parents=0 created_leaves=0 deleted_leaves=0 mirror_mismatches=0
CARTOON_AMR_TRANSACTION cycle=5086 requested_refine=0 requested_derefine_leaves=372 accepted_derefine_parents=0 created_leaves=0 deleted_leaves=0 mirror_mismatches=0
CARTOON_AMR_TRANSACTION cycle=5087 requested_refine=0 requested_derefine_leaves=372 accepted_derefine_parents=0 created_leaves=0 deleted_leaves=0 mirror_mismatches=0
CARTOON_AMR_TRANSACTION cycle=5088 requested_refine=0 requested_derefine_leaves=372 accepted_derefine_parents=0 created_leaves=0 deleted_leaves=0 mirror_mismatches=0
elapsed=3.727761e+02 cycle=5088 time=1.671434e+01 dt=9.893904e-07
CARTOON_AMR_TRANSACTION cycle=5089 requested_refine=0 requested_derefine_leaves=372 accepted_derefine_parents=0 created_leaves=0 deleted_leaves=0 mirror_mismatches=0
CARTOON_AMR_TRANSACTION cycle=5090 requested_refine=0 requested_derefine_leaves=372 accepted_derefine_parents=0 created_leaves=0 deleted_leaves=0 mirror_mismatches=0
CARTOON_AMR_TRANSACTION cycle=5091 requested_refine=0 requested_derefine_leaves=372 accepted_derefine_parents=0 created_leaves=0 deleted_leaves=0 mirror_mismatches=0
CARTOON_AMR_TRANSACTION cycle=5092 requested_refine=0 requested_derefine_leaves=372 accepted_derefine_parents=0 created_leaves=0 deleted_leaves=0 mirror_mismatches=0
elapsed=3.739592e+02 cycle=5092 time=1.671434e+01 dt=9.890907e-07
CARTOON_AMR_TRANSACTION cycle=5093 requested_refine=0 requested_derefine_leaves=372 accepted_derefine_parents=0 created_leaves=0 deleted_leaves=0 mirror_mismatches=0
CARTOON_AMR_TRANSACTION cycle=5094 requested_refine=2 requested_derefine_leaves=372 accepted_derefine_parents=0 created_leaves=6 deleted_leaves=0 mirror_mismatches=0
AMR_Z4C_CHI_PROLONGATION cycle=5094 transfer=high_order local_fallback_groups=0 global_fallback_groups=0 global_high_order_groups=2048
CARTOON_AMR_TRANSACTION cycle=5095 requested_refine=0 requested_derefine_leaves=376 accepted_derefine_parents=0 created_leaves=0 deleted_leaves=0 mirror_mismatches=0
CARTOON_AMR_TRANSACTION cycle=5096 requested_refine=0 requested_derefine_leaves=376 accepted_derefine_parents=0 created_leaves=0 deleted_leaves=0 mirror_mismatches=0
elapsed=3.752677e+02 cycle=5096 time=1.671435e+01 dt=9.889820e-07
CARTOON_AMR_TRANSACTION cycle=5097 requested_refine=2 requested_derefine_leaves=376 accepted_derefine_parents=0 created_leaves=6 deleted_leaves=0 mirror_mismatches=0
AMR_Z4C_CHI_PROLONGATION cycle=5097 transfer=high_order local_fallback_groups=0 global_fallback_groups=0 global_high_order_groups=2048
CARTOON_AMR_TRANSACTION cycle=5098 requested_refine=0 requested_derefine_leaves=380 accepted_derefine_parents=0 created_leaves=0 deleted_leaves=0 mirror_mismatches=0
CARTOON_AMR_TRANSACTION cycle=5099 requested_refine=0 requested_derefine_leaves=380 accepted_derefine_parents=0 created_leaves=0 deleted_leaves=0 mirror_mismatches=0
CARTOON_AMR_TRANSACTION cycle=5100 requested_refine=2 requested_derefine_leaves=380 accepted_derefine_parents=0 created_leaves=6 deleted_leaves=0 mirror_mismatches=0
AMR_Z4C_CHI_PROLONGATION cycle=5100 transfer=high_order local_fallback_groups=0 global_fallback_groups=0 global_high_order_groups=2048
elapsed=3.766436e+02 cycle=5100 time=1.671435e+01 dt=9.888966e-07
CARTOON_AMR_TRANSACTION cycle=5101 requested_refine=0 requested_derefine_leaves=384 accepted_derefine_parents=0 created_leaves=0 deleted_leaves=0 mirror_mismatches=0
CARTOON_AMR_TRANSACTION cycle=5102 requested_refine=0 requested_derefine_leaves=384 accepted_derefine_parents=0 created_leaves=0 deleted_leaves=0 mirror_mismatches=0
CARTOON_AMR_TRANSACTION cycle=5103 requested_refine=20 requested_derefine_leaves=384 accepted_derefine_parents=0 created_leaves=60 deleted_leaves=0 mirror_mismatches=0
AMR_Z4C_CHI_PROLONGATION cycle=5103 transfer=high_order local_fallback_groups=0 global_fallback_groups=0 global_high_order_groups=20480
CARTOON_AMR_TRANSACTION cycle=5104 requested_refine=2 requested_derefine_leaves=424 accepted_derefine_parents=0 created_leaves=6 deleted_leaves=0 mirror_mismatches=0
AMR_Z4C_CHI_PROLONGATION cycle=5104 transfer=high_order local_fallback_groups=0 global_fallback_groups=0 global_high_order_groups=2048
elapsed=3.780745e+02 cycle=5104 time=1.671435e+01 dt=4.944884e-07
CARTOON_AMR_TRANSACTION cycle=5105 requested_refine=4 requested_derefine_leaves=428 accepted_derefine_parents=0 created_leaves=12 deleted_leaves=0 mirror_mismatches=0
AMR_Z4C_CHI_PROLONGATION cycle=5105 transfer=high_order local_fallback_groups=0 global_fallback_groups=0 global_high_order_groups=4096
CARTOON_AMR_TRANSACTION cycle=5106 requested_refine=0 requested_derefine_leaves=436 accepted_derefine_parents=0 created_leaves=0 deleted_leaves=0 mirror_mismatches=0
CARTOON_AMR_TRANSACTION cycle=5107 requested_refine=4 requested_derefine_leaves=436 accepted_derefine_parents=0 created_leaves=12 deleted_leaves=0 mirror_mismatches=0
AMR_Z4C_CHI_PROLONGATION cycle=5107 transfer=high_order local_fallback_groups=0 global_fallback_groups=0 global_high_order_groups=4096
CARTOON_AMR_TRANSACTION cycle=5108 requested_refine=0 requested_derefine_leaves=444 accepted_derefine_parents=0 created_leaves=0 deleted_leaves=0 mirror_mismatches=0
elapsed=3.795343e+02 cycle=5108 time=1.671436e+01 dt=4.944390e-07
CARTOON_AMR_TRANSACTION cycle=5109 requested_refine=4 requested_derefine_leaves=444 accepted_derefine_parents=0 created_leaves=12 deleted_leaves=0 mirror_mismatches=0
AMR_Z4C_CHI_PROLONGATION cycle=5109 transfer=high_order local_fallback_groups=0 global_fallback_groups=0 global_high_order_groups=4096
CARTOON_AMR_TRANSACTION cycle=5110 requested_refine=0 requested_derefine_leaves=452 accepted_derefine_parents=0 created_leaves=0 deleted_leaves=0 mirror_mismatches=0
CARTOON_AMR_TRANSACTION cycle=5111 requested_refine=0 requested_derefine_leaves=452 accepted_derefine_parents=0 created_leaves=0 deleted_leaves=0 mirror_mismatches=0
CARTOON_AMR_TRANSACTION cycle=5112 requested_refine=0 requested_derefine_leaves=452 accepted_derefine_parents=0 created_leaves=0 deleted_leaves=0 mirror_mismatches=0
elapsed=3.809677e+02 cycle=5112 time=1.671436e+01 dt=4.944480e-07
CARTOON_AMR_TRANSACTION cycle=5113 requested_refine=0 requested_derefine_leaves=452 accepted_derefine_parents=0 created_leaves=0 deleted_leaves=0 mirror_mismatches=0
CARTOON_AMR_TRANSACTION cycle=5114 requested_refine=0 requested_derefine_leaves=452 accepted_derefine_parents=0 created_leaves=0 deleted_leaves=0 mirror_mismatches=0
CARTOON_AMR_TRANSACTION cycle=5115 requested_refine=4 requested_derefine_leaves=452 accepted_derefine_parents=0 created_leaves=12 deleted_leaves=0 mirror_mismatches=0
AMR_Z4C_CHI_PROLONGATION cycle=5115 transfer=high_order local_fallback_groups=0 global_fallback_groups=0 global_high_order_groups=4096
CARTOON_AMR_TRANSACTION cycle=5116 requested_refine=2 requested_derefine_leaves=460 accepted_derefine_parents=0 created_leaves=6 deleted_leaves=0 mirror_mismatches=0
AMR_Z4C_CHI_PROLONGATION cycle=5116 transfer=high_order local_fallback_groups=0 global_fallback_groups=0 global_high_order_groups=2048
elapsed=3.825168e+02 cycle=5116 time=1.671436e+01 dt=4.944236e-07
CARTOON_AMR_TRANSACTION cycle=5117 requested_refine=2 requested_derefine_leaves=464 accepted_derefine_parents=0 created_leaves=6 deleted_leaves=0 mirror_mismatches=0
AMR_Z4C_CHI_PROLONGATION cycle=5117 transfer=high_order local_fallback_groups=0 global_fallback_groups=0 global_high_order_groups=2048
CARTOON_AMR_TRANSACTION cycle=5118 requested_refine=2 requested_derefine_leaves=468 accepted_derefine_parents=0 created_leaves=6 deleted_leaves=0 mirror_mismatches=0
AMR_Z4C_CHI_PROLONGATION cycle=5118 transfer=high_order local_fallback_groups=0 global_fallback_groups=0 global_high_order_groups=2048
CARTOON_AMR_TRANSACTION cycle=5119 requested_refine=0 requested_derefine_leaves=472 accepted_derefine_parents=0 created_leaves=0 deleted_leaves=0 mirror_mismatches=0
CARTOON_AMR_TRANSACTION cycle=5120 requested_refine=0 requested_derefine_leaves=472 accepted_derefine_parents=0 created_leaves=0 deleted_leaves=0 mirror_mismatches=0
elapsed=3.883619e+02 cycle=5120 time=1.671436e+01 dt=4.944048e-07
CARTOON_AMR_TRANSACTION cycle=5121 requested_refine=4 requested_derefine_leaves=472 accepted_derefine_parents=0 created_leaves=12 deleted_leaves=0 mirror_mismatches=0
AMR_Z4C_CHI_PROLONGATION cycle=5121 transfer=high_order local_fallback_groups=0 global_fallback_groups=0 global_high_order_groups=4096
CARTOON_AMR_TRANSACTION cycle=5122 requested_refine=0 requested_derefine_leaves=480 accepted_derefine_parents=0 created_leaves=0 deleted_leaves=0 mirror_mismatches=0
CARTOON_AMR_TRANSACTION cycle=5123 requested_refine=0 requested_derefine_leaves=480 accepted_derefine_parents=0 created_leaves=0 deleted_leaves=0 mirror_mismatches=0
CARTOON_AMR_TRANSACTION cycle=5124 requested_refine=2 requested_derefine_leaves=480 accepted_derefine_parents=0 created_leaves=6 deleted_leaves=0 mirror_mismatches=0
AMR_Z4C_CHI_PROLONGATION cycle=5124 transfer=high_order local_fallback_groups=0 global_fallback_groups=0 global_high_order_groups=2048
elapsed=3.899649e+02 cycle=5124 time=1.671436e+01 dt=4.943689e-07
CARTOON_AMR_TRANSACTION cycle=5125 requested_refine=4 requested_derefine_leaves=484 accepted_derefine_parents=0 created_leaves=12 deleted_leaves=0 mirror_mismatches=0
AMR_Z4C_CHI_PROLONGATION cycle=5125 transfer=high_order local_fallback_groups=0 global_fallback_groups=0 global_high_order_groups=4096
CARTOON_AMR_TRANSACTION cycle=5126 requested_refine=0 requested_derefine_leaves=492 accepted_derefine_parents=0 created_leaves=0 deleted_leaves=0 mirror_mismatches=0
CARTOON_AMR_TRANSACTION cycle=5127 requested_refine=0 requested_derefine_leaves=492 accepted_derefine_parents=0 created_leaves=0 deleted_leaves=0 mirror_mismatches=0
CARTOON_AMR_TRANSACTION cycle=5128 requested_refine=0 requested_derefine_leaves=492 accepted_derefine_parents=0 created_leaves=0 deleted_leaves=0 mirror_mismatches=0
elapsed=3.915106e+02 cycle=5128 time=1.671437e+01 dt=4.943593e-07
CARTOON_AMR_TRANSACTION cycle=5129 requested_refine=0 requested_derefine_leaves=492 accepted_derefine_parents=0 created_leaves=0 deleted_leaves=0 mirror_mismatches=0
CARTOON_AMR_TRANSACTION cycle=5130 requested_refine=0 requested_derefine_leaves=492 accepted_derefine_parents=0 created_leaves=0 deleted_leaves=0 mirror_mismatches=0
CARTOON_AMR_TRANSACTION cycle=5131 requested_refine=4 requested_derefine_leaves=492 accepted_derefine_parents=0 created_leaves=12 deleted_leaves=0 mirror_mismatches=0
AMR_Z4C_CHI_PROLONGATION cycle=5131 transfer=high_order local_fallback_groups=0 global_fallback_groups=0 global_high_order_groups=4096
CARTOON_AMR_TRANSACTION cycle=5132 requested_refine=2 requested_derefine_leaves=500 accepted_derefine_parents=0 created_leaves=6 deleted_leaves=0 mirror_mismatches=0
AMR_Z4C_CHI_PROLONGATION cycle=5132 transfer=high_order local_fallback_groups=0 global_fallback_groups=0 global_high_order_groups=2048
elapsed=3.931259e+02 cycle=5132 time=1.671437e+01 dt=4.943353e-07
CARTOON_AMR_TRANSACTION cycle=5133 requested_refine=2 requested_derefine_leaves=504 accepted_derefine_parents=0 created_leaves=6 deleted_leaves=0 mirror_mismatches=0
AMR_Z4C_CHI_PROLONGATION cycle=5133 transfer=high_order local_fallback_groups=0 global_fallback_groups=0 global_high_order_groups=2048
CARTOON_AMR_TRANSACTION cycle=5134 requested_refine=0 requested_derefine_leaves=508 accepted_derefine_parents=0 created_leaves=0 deleted_leaves=0 mirror_mismatches=0
CARTOON_AMR_TRANSACTION cycle=5135 requested_refine=2 requested_derefine_leaves=508 accepted_derefine_parents=0 created_leaves=6 deleted_leaves=0 mirror_mismatches=0
AMR_Z4C_CHI_PROLONGATION cycle=5135 transfer=high_order local_fallback_groups=0 global_fallback_groups=0 global_high_order_groups=2048
CARTOON_AMR_TRANSACTION cycle=5136 requested_refine=2 requested_derefine_leaves=512 accepted_derefine_parents=0 created_leaves=6 deleted_leaves=0 mirror_mismatches=0
AMR_Z4C_CHI_PROLONGATION cycle=5136 transfer=high_order local_fallback_groups=0 global_fallback_groups=0 global_high_order_groups=2048
elapsed=3.948775e+02 cycle=5136 time=1.671437e+01 dt=4.943262e-07
CARTOON_AMR_TRANSACTION cycle=5137 requested_refine=0 requested_derefine_leaves=516 accepted_derefine_parents=0 created_leaves=0 deleted_leaves=0 mirror_mismatches=0
CARTOON_AMR_TRANSACTION cycle=5138 requested_refine=2 requested_derefine_leaves=516 accepted_derefine_parents=0 created_leaves=6 deleted_leaves=0 mirror_mismatches=0
AMR_Z4C_CHI_PROLONGATION cycle=5138 transfer=high_order local_fallback_groups=0 global_fallback_groups=0 global_high_order_groups=2048
CARTOON_AMR_TRANSACTION cycle=5139 requested_refine=0 requested_derefine_leaves=520 accepted_derefine_parents=0 created_leaves=0 deleted_leaves=0 mirror_mismatches=0
CARTOON_AMR_TRANSACTION cycle=5140 requested_refine=0 requested_derefine_leaves=520 accepted_derefine_parents=0 created_leaves=0 deleted_leaves=0 mirror_mismatches=0
elapsed=3.964701e+02 cycle=5140 time=1.671437e+01 dt=4.943184e-07
CARTOON_AMR_TRANSACTION cycle=5141 requested_refine=4 requested_derefine_leaves=520 accepted_derefine_parents=0 created_leaves=12 deleted_leaves=0 mirror_mismatches=0
AMR_Z4C_CHI_PROLONGATION cycle=5141 transfer=high_order local_fallback_groups=0 global_fallback_groups=0 global_high_order_groups=4096
CARTOON_AMR_TRANSACTION cycle=5142 requested_refine=0 requested_derefine_leaves=528 accepted_derefine_parents=0 created_leaves=0 deleted_leaves=0 mirror_mismatches=0
CARTOON_AMR_TRANSACTION cycle=5143 requested_refine=0 requested_derefine_leaves=528 accepted_derefine_parents=0 created_leaves=0 deleted_leaves=0 mirror_mismatches=0
CARTOON_AMR_TRANSACTION cycle=5144 requested_refine=0 requested_derefine_leaves=528 accepted_derefine_parents=0 created_leaves=0 deleted_leaves=0 mirror_mismatches=0
elapsed=3.980666e+02 cycle=5144 time=1.671437e+01 dt=4.943000e-07
CARTOON_AMR_TRANSACTION cycle=5145 requested_refine=4 requested_derefine_leaves=528 accepted_derefine_parents=0 created_leaves=12 deleted_leaves=0 mirror_mismatches=0
AMR_Z4C_CHI_PROLONGATION cycle=5145 transfer=high_order local_fallback_groups=0 global_fallback_groups=0 global_high_order_groups=4096
CARTOON_AMR_TRANSACTION cycle=5146 requested_refine=0 requested_derefine_leaves=536 accepted_derefine_parents=0 created_leaves=0 deleted_leaves=0 mirror_mismatches=0
CARTOON_AMR_TRANSACTION cycle=5147 requested_refine=0 requested_derefine_leaves=536 accepted_derefine_parents=0 created_leaves=0 deleted_leaves=0 mirror_mismatches=0
CARTOON_AMR_TRANSACTION cycle=5148 requested_refine=0 requested_derefine_leaves=536 accepted_derefine_parents=0 created_leaves=0 deleted_leaves=0 mirror_mismatches=0
elapsed=3.996958e+02 cycle=5148 time=1.671438e+01 dt=4.942967e-07
CARTOON_AMR_TRANSACTION cycle=5149 requested_refine=2 requested_derefine_leaves=536 accepted_derefine_parents=0 created_leaves=6 deleted_leaves=0 mirror_mismatches=0
AMR_Z4C_CHI_PROLONGATION cycle=5149 transfer=high_order local_fallback_groups=0 global_fallback_groups=0 global_high_order_groups=2048
CARTOON_AMR_TRANSACTION cycle=5150 requested_refine=0 requested_derefine_leaves=540 accepted_derefine_parents=0 created_leaves=0 deleted_leaves=0 mirror_mismatches=0
CARTOON_AMR_TRANSACTION cycle=5151 requested_refine=0 requested_derefine_leaves=540 accepted_derefine_parents=0 created_leaves=0 deleted_leaves=0 mirror_mismatches=0
CARTOON_AMR_TRANSACTION cycle=5152 requested_refine=0 requested_derefine_leaves=540 accepted_derefine_parents=0 created_leaves=0 deleted_leaves=0 mirror_mismatches=0
elapsed=4.013224e+02 cycle=5152 time=1.671438e+01 dt=4.942786e-07
CARTOON_AMR_TRANSACTION cycle=5153 requested_refine=0 requested_derefine_leaves=540 accepted_derefine_parents=0 created_leaves=0 deleted_leaves=0 mirror_mismatches=0
CARTOON_AMR_TRANSACTION cycle=5154 requested_refine=0 requested_derefine_leaves=540 accepted_derefine_parents=0 created_leaves=0 deleted_leaves=0 mirror_mismatches=0
CARTOON_AMR_TRANSACTION cycle=5155 requested_refine=0 requested_derefine_leaves=540 accepted_derefine_parents=0 created_leaves=0 deleted_leaves=0 mirror_mismatches=0
CARTOON_AMR_TRANSACTION cycle=5156 requested_refine=2 requested_derefine_leaves=540 accepted_derefine_parents=0 created_leaves=6 deleted_leaves=0 mirror_mismatches=0
AMR_Z4C_CHI_PROLONGATION cycle=5156 transfer=high_order local_fallback_groups=0 global_fallback_groups=0 global_high_order_groups=2048
elapsed=4.029981e+02 cycle=5156 time=1.671438e+01 dt=4.941292e-07
CARTOON_AMR_TRANSACTION cycle=5157 requested_refine=2 requested_derefine_leaves=544 accepted_derefine_parents=0 created_leaves=6 deleted_leaves=0 mirror_mismatches=0
AMR_Z4C_CHI_PROLONGATION cycle=5157 transfer=high_order local_fallback_groups=0 global_fallback_groups=0 global_high_order_groups=2048
CARTOON_AMR_TRANSACTION cycle=5158 requested_refine=0 requested_derefine_leaves=548 accepted_derefine_parents=0 created_leaves=0 deleted_leaves=0 mirror_mismatches=0
CARTOON_AMR_TRANSACTION cycle=5159 requested_refine=0 requested_derefine_leaves=548 accepted_derefine_parents=0 created_leaves=0 deleted_leaves=0 mirror_mismatches=0
CARTOON_AMR_TRANSACTION cycle=5160 requested_refine=0 requested_derefine_leaves=548 accepted_derefine_parents=0 created_leaves=0 deleted_leaves=0 mirror_mismatches=0
elapsed=4.046760e+02 cycle=5160 time=1.671438e+01 dt=4.940102e-07
CARTOON_AMR_TRANSACTION cycle=5161 requested_refine=0 requested_derefine_leaves=548 accepted_derefine_parents=0 created_leaves=0 deleted_leaves=0 mirror_mismatches=0
CARTOON_AMR_TRANSACTION cycle=5162 requested_refine=0 requested_derefine_leaves=548 accepted_derefine_parents=0 created_leaves=0 deleted_leaves=0 mirror_mismatches=0
CARTOON_AMR_TRANSACTION cycle=5163 requested_refine=0 requested_derefine_leaves=548 accepted_derefine_parents=0 created_leaves=0 deleted_leaves=0 mirror_mismatches=0
CARTOON_AMR_TRANSACTION cycle=5164 requested_refine=0 requested_derefine_leaves=548 accepted_derefine_parents=0 created_leaves=0 deleted_leaves=0 mirror_mismatches=0
elapsed=4.062703e+02 cycle=5164 time=1.671438e+01 dt=4.939866e-07
CARTOON_AMR_TRANSACTION cycle=5165 requested_refine=2 requested_derefine_leaves=548 accepted_derefine_parents=0 created_leaves=6 deleted_leaves=0 mirror_mismatches=0
AMR_Z4C_CHI_PROLONGATION cycle=5165 transfer=high_order local_fallback_groups=0 global_fallback_groups=0 global_high_order_groups=2048
CARTOON_AMR_TRANSACTION cycle=5166 requested_refine=2 requested_derefine_leaves=552 accepted_derefine_parents=0 created_leaves=6 deleted_leaves=0 mirror_mismatches=0
AMR_Z4C_CHI_PROLONGATION cycle=5166 transfer=high_order local_fallback_groups=0 global_fallback_groups=0 global_high_order_groups=2048
CARTOON_AMR_TRANSACTION cycle=5167 requested_refine=0 requested_derefine_leaves=556 accepted_derefine_parents=0 created_leaves=0 deleted_leaves=0 mirror_mismatches=0
CARTOON_AMR_TRANSACTION cycle=5168 requested_refine=2 requested_derefine_leaves=556 accepted_derefine_parents=0 created_leaves=6 deleted_leaves=0 mirror_mismatches=0
AMR_Z4C_CHI_PROLONGATION cycle=5168 transfer=high_order local_fallback_groups=0 global_fallback_groups=0 global_high_order_groups=2048
elapsed=4.081379e+02 cycle=5168 time=1.671439e+01 dt=4.938700e-07
CARTOON_AMR_TRANSACTION cycle=5169 requested_refine=0 requested_derefine_leaves=560 accepted_derefine_parents=0 created_leaves=0 deleted_leaves=0 mirror_mismatches=0
CARTOON_AMR_TRANSACTION cycle=5170 requested_refine=0 requested_derefine_leaves=560 accepted_derefine_parents=0 created_leaves=0 deleted_leaves=0 mirror_mismatches=0
CARTOON_AMR_TRANSACTION cycle=5171 requested_refine=0 requested_derefine_leaves=560 accepted_derefine_parents=0 created_leaves=0 deleted_leaves=0 mirror_mismatches=0
CARTOON_AMR_TRANSACTION cycle=5172 requested_refine=0 requested_derefine_leaves=560 accepted_derefine_parents=0 created_leaves=0 deleted_leaves=0 mirror_mismatches=0
elapsed=4.097976e+02 cycle=5172 time=1.671439e+01 dt=4.938279e-07
CARTOON_AMR_TRANSACTION cycle=5173 requested_refine=2 requested_derefine_leaves=560 accepted_derefine_parents=0 created_leaves=6 deleted_leaves=0 mirror_mismatches=0
AMR_Z4C_CHI_PROLONGATION cycle=5173 transfer=high_order local_fallback_groups=0 global_fallback_groups=0 global_high_order_groups=2048
CARTOON_AMR_TRANSACTION cycle=5174 requested_refine=2 requested_derefine_leaves=564 accepted_derefine_parents=0 created_leaves=6 deleted_leaves=0 mirror_mismatches=0
AMR_Z4C_CHI_PROLONGATION cycle=5174 transfer=high_order local_fallback_groups=0 global_fallback_groups=0 global_high_order_groups=2048
CARTOON_AMR_TRANSACTION cycle=5175 requested_refine=2 requested_derefine_leaves=568 accepted_derefine_parents=0 created_leaves=6 deleted_leaves=0 mirror_mismatches=0
AMR_Z4C_CHI_PROLONGATION cycle=5175 transfer=high_order local_fallback_groups=0 global_fallback_groups=0 global_high_order_groups=2048
CARTOON_AMR_TRANSACTION cycle=5176 requested_refine=0 requested_derefine_leaves=572 accepted_derefine_parents=0 created_leaves=0 deleted_leaves=0 mirror_mismatches=0
elapsed=4.116686e+02 cycle=5176 time=1.671439e+01 dt=4.938383e-07
CARTOON_AMR_TRANSACTION cycle=5177 requested_refine=0 requested_derefine_leaves=572 accepted_derefine_parents=0 created_leaves=0 deleted_leaves=0 mirror_mismatches=0
CARTOON_AMR_TRANSACTION cycle=5178 requested_refine=0 requested_derefine_leaves=572 accepted_derefine_parents=0 created_leaves=0 deleted_leaves=0 mirror_mismatches=0
CARTOON_AMR_TRANSACTION cycle=5179 requested_refine=2 requested_derefine_leaves=572 accepted_derefine_parents=0 created_leaves=6 deleted_leaves=0 mirror_mismatches=0
AMR_Z4C_CHI_PROLONGATION cycle=5179 transfer=high_order local_fallback_groups=0 global_fallback_groups=0 global_high_order_groups=2048
CARTOON_AMR_TRANSACTION cycle=5180 requested_refine=2 requested_derefine_leaves=576 accepted_derefine_parents=0 created_leaves=6 deleted_leaves=0 mirror_mismatches=0
AMR_Z4C_CHI_PROLONGATION cycle=5180 transfer=high_order local_fallback_groups=0 global_fallback_groups=0 global_high_order_groups=2048
elapsed=4.134928e+02 cycle=5180 time=1.671439e+01 dt=4.937858e-07
CARTOON_AMR_TRANSACTION cycle=5181 requested_refine=0 requested_derefine_leaves=580 accepted_derefine_parents=0 created_leaves=0 deleted_leaves=0 mirror_mismatches=0
CARTOON_AMR_TRANSACTION cycle=5182 requested_refine=0 requested_derefine_leaves=580 accepted_derefine_parents=0 created_leaves=0 deleted_leaves=0 mirror_mismatches=0
CARTOON_AMR_TRANSACTION cycle=5183 requested_refine=2 requested_derefine_leaves=580 accepted_derefine_parents=0 created_leaves=6 deleted_leaves=0 mirror_mismatches=0
AMR_Z4C_CHI_PROLONGATION cycle=5183 transfer=high_order local_fallback_groups=0 global_fallback_groups=0 global_high_order_groups=2048
CARTOON_AMR_TRANSACTION cycle=5184 requested_refine=0 requested_derefine_leaves=584 accepted_derefine_parents=0 created_leaves=0 deleted_leaves=0 mirror_mismatches=0
elapsed=4.153351e+02 cycle=5184 time=1.671439e+01 dt=4.938068e-07
CARTOON_AMR_TRANSACTION cycle=5185 requested_refine=2 requested_derefine_leaves=584 accepted_derefine_parents=0 created_leaves=6 deleted_leaves=0 mirror_mismatches=0
AMR_Z4C_CHI_PROLONGATION cycle=5185 transfer=high_order local_fallback_groups=0 global_fallback_groups=0 global_high_order_groups=2048
CARTOON_AMR_TRANSACTION cycle=5186 requested_refine=2 requested_derefine_leaves=588 accepted_derefine_parents=0 created_leaves=6 deleted_leaves=0 mirror_mismatches=0
AMR_Z4C_CHI_PROLONGATION cycle=5186 transfer=high_order local_fallback_groups=0 global_fallback_groups=0 global_high_order_groups=2048
CARTOON_AMR_TRANSACTION cycle=5187 requested_refine=0 requested_derefine_leaves=592 accepted_derefine_parents=0 created_leaves=0 deleted_leaves=0 mirror_mismatches=0
CARTOON_AMR_TRANSACTION cycle=5188 requested_refine=0 requested_derefine_leaves=592 accepted_derefine_parents=0 created_leaves=0 deleted_leaves=0 mirror_mismatches=0
elapsed=4.171972e+02 cycle=5188 time=1.671440e+01 dt=4.937915e-07
CARTOON_AMR_TRANSACTION cycle=5189 requested_refine=0 requested_derefine_leaves=592 accepted_derefine_parents=0 created_leaves=0 deleted_leaves=0 mirror_mismatches=0
CARTOON_AMR_TRANSACTION cycle=5190 requested_refine=0 requested_derefine_leaves=592 accepted_derefine_parents=0 created_leaves=0 deleted_leaves=0 mirror_mismatches=0
CARTOON_AMR_TRANSACTION cycle=5191 requested_refine=0 requested_derefine_leaves=592 accepted_derefine_parents=0 created_leaves=0 deleted_leaves=0 mirror_mismatches=0
CARTOON_AMR_TRANSACTION cycle=5192 requested_refine=0 requested_derefine_leaves=592 accepted_derefine_parents=0 created_leaves=0 deleted_leaves=0 mirror_mismatches=0
elapsed=4.189081e+02 cycle=5192 time=1.671440e+01 dt=4.937948e-07
CARTOON_AMR_TRANSACTION cycle=5193 requested_refine=0 requested_derefine_leaves=592 accepted_derefine_parents=0 created_leaves=0 deleted_leaves=0 mirror_mismatches=0
CARTOON_AMR_TRANSACTION cycle=5194 requested_refine=0 requested_derefine_leaves=592 accepted_derefine_parents=0 created_leaves=0 deleted_leaves=0 mirror_mismatches=0
CARTOON_AMR_TRANSACTION cycle=5195 requested_refine=0 requested_derefine_leaves=592 accepted_derefine_parents=0 created_leaves=0 deleted_leaves=0 mirror_mismatches=0
CARTOON_AMR_TRANSACTION cycle=5196 requested_refine=0 requested_derefine_leaves=592 accepted_derefine_parents=0 created_leaves=0 deleted_leaves=0 mirror_mismatches=0
elapsed=4.205903e+02 cycle=5196 time=1.671440e+01 dt=4.938283e-07
CARTOON_AMR_TRANSACTION cycle=5197 requested_refine=0 requested_derefine_leaves=592 accepted_derefine_parents=0 created_leaves=0 deleted_leaves=0 mirror_mismatches=0
CARTOON_AMR_TRANSACTION cycle=5198 requested_refine=2 requested_derefine_leaves=592 accepted_derefine_parents=0 created_leaves=6 deleted_leaves=0 mirror_mismatches=0
AMR_Z4C_CHI_PROLONGATION cycle=5198 transfer=high_order local_fallback_groups=0 global_fallback_groups=0 global_high_order_groups=2048
CARTOON_AMR_TRANSACTION cycle=5199 requested_refine=2 requested_derefine_leaves=596 accepted_derefine_parents=0 created_leaves=6 deleted_leaves=0 mirror_mismatches=0
AMR_Z4C_CHI_PROLONGATION cycle=5199 transfer=high_order local_fallback_groups=0 global_fallback_groups=0 global_high_order_groups=2048
CARTOON_AMR_TRANSACTION cycle=5200 requested_refine=0 requested_derefine_leaves=600 accepted_derefine_parents=0 created_leaves=0 deleted_leaves=0 mirror_mismatches=0
elapsed=4.224376e+02 cycle=5200 time=1.671440e+01 dt=4.938259e-07
CARTOON_AMR_TRANSACTION cycle=5201 requested_refine=2 requested_derefine_leaves=600 accepted_derefine_parents=0 created_leaves=6 deleted_leaves=0 mirror_mismatches=0
AMR_Z4C_CHI_PROLONGATION cycle=5201 transfer=high_order local_fallback_groups=0 global_fallback_groups=0 global_high_order_groups=2048
CARTOON_AMR_TRANSACTION cycle=5202 requested_refine=0 requested_derefine_leaves=604 accepted_derefine_parents=0 created_leaves=0 deleted_leaves=0 mirror_mismatches=0
CARTOON_AMR_TRANSACTION cycle=5203 requested_refine=0 requested_derefine_leaves=604 accepted_derefine_parents=0 created_leaves=0 deleted_leaves=0 mirror_mismatches=0
CARTOON_AMR_TRANSACTION cycle=5204 requested_refine=0 requested_derefine_leaves=604 accepted_derefine_parents=0 created_leaves=0 deleted_leaves=0 mirror_mismatches=0
elapsed=4.242704e+02 cycle=5204 time=1.671440e+01 dt=4.938230e-07
CARTOON_AMR_TRANSACTION cycle=5205 requested_refine=0 requested_derefine_leaves=604 accepted_derefine_parents=0 created_leaves=0 deleted_leaves=0 mirror_mismatches=0
CARTOON_AMR_TRANSACTION cycle=5206 requested_refine=2 requested_derefine_leaves=604 accepted_derefine_parents=0 created_leaves=6 deleted_leaves=0 mirror_mismatches=0
AMR_Z4C_CHI_PROLONGATION cycle=5206 transfer=high_order local_fallback_groups=0 global_fallback_groups=0 global_high_order_groups=2048
CARTOON_AMR_TRANSACTION cycle=5207 requested_refine=2 requested_derefine_leaves=608 accepted_derefine_parents=0 created_leaves=6 deleted_leaves=0 mirror_mismatches=0
AMR_Z4C_CHI_PROLONGATION cycle=5207 transfer=high_order local_fallback_groups=0 global_fallback_groups=0 global_high_order_groups=2048
CARTOON_AMR_TRANSACTION cycle=5208 requested_refine=0 requested_derefine_leaves=612 accepted_derefine_parents=0 created_leaves=0 deleted_leaves=0 mirror_mismatches=0
elapsed=4.261827e+02 cycle=5208 time=1.671441e+01 dt=4.938651e-07
CARTOON_AMR_TRANSACTION cycle=5209 requested_refine=0 requested_derefine_leaves=612 accepted_derefine_parents=0 created_leaves=0 deleted_leaves=0 mirror_mismatches=0
CARTOON_AMR_TRANSACTION cycle=5210 requested_refine=0 requested_derefine_leaves=612 accepted_derefine_parents=0 created_leaves=0 deleted_leaves=0 mirror_mismatches=0
CARTOON_AMR_TRANSACTION cycle=5211 requested_refine=0 requested_derefine_leaves=612 accepted_derefine_parents=0 created_leaves=0 deleted_leaves=0 mirror_mismatches=0
CARTOON_AMR_TRANSACTION cycle=5212 requested_refine=0 requested_derefine_leaves=612 accepted_derefine_parents=0 created_leaves=0 deleted_leaves=0 mirror_mismatches=0
elapsed=4.279149e+02 cycle=5212 time=1.671441e+01 dt=4.938598e-07
CARTOON_AMR_TRANSACTION cycle=5213 requested_refine=4 requested_derefine_leaves=612 accepted_derefine_parents=0 created_leaves=12 deleted_leaves=0 mirror_mismatches=0
AMR_Z4C_CHI_PROLONGATION cycle=5213 transfer=high_order local_fallback_groups=0 global_fallback_groups=0 global_high_order_groups=4096
CARTOON_AMR_TRANSACTION cycle=5214 requested_refine=2 requested_derefine_leaves=620 accepted_derefine_parents=0 created_leaves=6 deleted_leaves=0 mirror_mismatches=0
AMR_Z4C_CHI_PROLONGATION cycle=5214 transfer=high_order local_fallback_groups=0 global_fallback_groups=0 global_high_order_groups=2048
CARTOON_AMR_TRANSACTION cycle=5215 requested_refine=0 requested_derefine_leaves=624 accepted_derefine_parents=0 created_leaves=0 deleted_leaves=0 mirror_mismatches=0
CARTOON_AMR_TRANSACTION cycle=5216 requested_refine=0 requested_derefine_leaves=624 accepted_derefine_parents=0 created_leaves=0 deleted_leaves=0 mirror_mismatches=0
elapsed=4.298954e+02 cycle=5216 time=1.671441e+01 dt=4.938884e-07
CARTOON_AMR_TRANSACTION cycle=5217 requested_refine=0 requested_derefine_leaves=624 accepted_derefine_parents=0 created_leaves=0 deleted_leaves=0 mirror_mismatches=0
CARTOON_AMR_TRANSACTION cycle=5218 requested_refine=0 requested_derefine_leaves=624 accepted_derefine_parents=0 created_leaves=0 deleted_leaves=0 mirror_mismatches=0
CARTOON_AMR_TRANSACTION cycle=5219 requested_refine=0 requested_derefine_leaves=624 accepted_derefine_parents=0 created_leaves=0 deleted_leaves=0 mirror_mismatches=0
CARTOON_AMR_TRANSACTION cycle=5220 requested_refine=2 requested_derefine_leaves=624 accepted_derefine_parents=0 created_leaves=6 deleted_leaves=0 mirror_mismatches=0
AMR_Z4C_CHI_PROLONGATION cycle=5220 transfer=high_order local_fallback_groups=0 global_fallback_groups=0 global_high_order_groups=2048
elapsed=4.317680e+02 cycle=5220 time=1.671441e+01 dt=4.938788e-07
CARTOON_AMR_TRANSACTION cycle=5221 requested_refine=2 requested_derefine_leaves=628 accepted_derefine_parents=0 created_leaves=6 deleted_leaves=0 mirror_mismatches=0
AMR_Z4C_CHI_PROLONGATION cycle=5221 transfer=high_order local_fallback_groups=0 global_fallback_groups=0 global_high_order_groups=2048
CARTOON_AMR_TRANSACTION cycle=5222 requested_refine=0 requested_derefine_leaves=632 accepted_derefine_parents=0 created_leaves=0 deleted_leaves=0 mirror_mismatches=0
CARTOON_AMR_TRANSACTION cycle=5223 requested_refine=2 requested_derefine_leaves=632 accepted_derefine_parents=0 created_leaves=6 deleted_leaves=0 mirror_mismatches=0
AMR_Z4C_CHI_PROLONGATION cycle=5223 transfer=high_order local_fallback_groups=0 global_fallback_groups=0 global_high_order_groups=2048
CARTOON_AMR_TRANSACTION cycle=5224 requested_refine=0 requested_derefine_leaves=636 accepted_derefine_parents=0 created_leaves=0 deleted_leaves=0 mirror_mismatches=0
elapsed=4.337090e+02 cycle=5224 time=1.671441e+01 dt=4.938825e-07
CARTOON_AMR_TRANSACTION cycle=5225 requested_refine=0 requested_derefine_leaves=636 accepted_derefine_parents=0 created_leaves=0 deleted_leaves=0 mirror_mismatches=0
CARTOON_AMR_TRANSACTION cycle=5226 requested_refine=0 requested_derefine_leaves=636 accepted_derefine_parents=0 created_leaves=0 deleted_leaves=0 mirror_mismatches=0
CARTOON_AMR_TRANSACTION cycle=5227 requested_refine=0 requested_derefine_leaves=636 accepted_derefine_parents=0 created_leaves=0 deleted_leaves=0 mirror_mismatches=0
CARTOON_AMR_TRANSACTION cycle=5228 requested_refine=0 requested_derefine_leaves=636 accepted_derefine_parents=0 created_leaves=0 deleted_leaves=0 mirror_mismatches=0
elapsed=4.355190e+02 cycle=5228 time=1.671442e+01 dt=4.938652e-07
CARTOON_AMR_TRANSACTION cycle=5229 requested_refine=0 requested_derefine_leaves=636 accepted_derefine_parents=0 created_leaves=0 deleted_leaves=0 mirror_mismatches=0
CARTOON_AMR_TRANSACTION cycle=5230 requested_refine=0 requested_derefine_leaves=636 accepted_derefine_parents=0 created_leaves=0 deleted_leaves=0 mirror_mismatches=0
CARTOON_AMR_TRANSACTION cycle=5231 requested_refine=0 requested_derefine_leaves=636 accepted_derefine_parents=0 created_leaves=0 deleted_leaves=0 mirror_mismatches=0
CARTOON_AMR_TRANSACTION cycle=5232 requested_refine=2 requested_derefine_leaves=636 accepted_derefine_parents=0 created_leaves=6 deleted_leaves=0 mirror_mismatches=0
AMR_Z4C_CHI_PROLONGATION cycle=5232 transfer=high_order local_fallback_groups=0 global_fallback_groups=0 global_high_order_groups=2048
elapsed=4.374320e+02 cycle=5232 time=1.671442e+01 dt=4.938642e-07
CARTOON_AMR_TRANSACTION cycle=5233 requested_refine=0 requested_derefine_leaves=640 accepted_derefine_parents=0 created_leaves=0 deleted_leaves=0 mirror_mismatches=0
CARTOON_AMR_TRANSACTION cycle=5234 requested_refine=0 requested_derefine_leaves=640 accepted_derefine_parents=0 created_leaves=0 deleted_leaves=0 mirror_mismatches=0
CARTOON_AMR_TRANSACTION cycle=5235 requested_refine=0 requested_derefine_leaves=640 accepted_derefine_parents=0 created_leaves=0 deleted_leaves=0 mirror_mismatches=0
CARTOON_AMR_TRANSACTION cycle=5236 requested_refine=0 requested_derefine_leaves=640 accepted_derefine_parents=0 created_leaves=0 deleted_leaves=0 mirror_mismatches=0
elapsed=4.392247e+02 cycle=5236 time=1.671442e+01 dt=4.938498e-07
CARTOON_AMR_TRANSACTION cycle=5237 requested_refine=2 requested_derefine_leaves=640 accepted_derefine_parents=0 created_leaves=6 deleted_leaves=0 mirror_mismatches=0
AMR_Z4C_CHI_PROLONGATION cycle=5237 transfer=high_order local_fallback_groups=0 global_fallback_groups=0 global_high_order_groups=2048
CARTOON_AMR_TRANSACTION cycle=5238 requested_refine=0 requested_derefine_leaves=644 accepted_derefine_parents=0 created_leaves=0 deleted_leaves=0 mirror_mismatches=0
CARTOON_AMR_TRANSACTION cycle=5239 requested_refine=0 requested_derefine_leaves=644 accepted_derefine_parents=0 created_leaves=0 deleted_leaves=0 mirror_mismatches=0
CARTOON_AMR_TRANSACTION cycle=5240 requested_refine=2 requested_derefine_leaves=644 accepted_derefine_parents=0 created_leaves=6 deleted_leaves=0 mirror_mismatches=0
AMR_Z4C_CHI_PROLONGATION cycle=5240 transfer=high_order local_fallback_groups=0 global_fallback_groups=0 global_high_order_groups=2048
elapsed=4.413079e+02 cycle=5240 time=1.671442e+01 dt=4.938516e-07
CARTOON_AMR_TRANSACTION cycle=5241 requested_refine=0 requested_derefine_leaves=648 accepted_derefine_parents=0 created_leaves=0 deleted_leaves=0 mirror_mismatches=0
CARTOON_AMR_TRANSACTION cycle=5242 requested_refine=0 requested_derefine_leaves=648 accepted_derefine_parents=0 created_leaves=0 deleted_leaves=0 mirror_mismatches=0
CARTOON_AMR_TRANSACTION cycle=5243 requested_refine=0 requested_derefine_leaves=648 accepted_derefine_parents=0 created_leaves=0 deleted_leaves=0 mirror_mismatches=0
CARTOON_AMR_TRANSACTION cycle=5244 requested_refine=2 requested_derefine_leaves=648 accepted_derefine_parents=0 created_leaves=6 deleted_leaves=0 mirror_mismatches=0
AMR_Z4C_CHI_PROLONGATION cycle=5244 transfer=high_order local_fallback_groups=0 global_fallback_groups=0 global_high_order_groups=2048
elapsed=4.432571e+02 cycle=5244 time=1.671442e+01 dt=4.938356e-07
CARTOON_AMR_TRANSACTION cycle=5245 requested_refine=0 requested_derefine_leaves=652 accepted_derefine_parents=0 created_leaves=0 deleted_leaves=0 mirror_mismatches=0
CARTOON_AMR_TRANSACTION cycle=5246 requested_refine=0 requested_derefine_leaves=652 accepted_derefine_parents=0 created_leaves=0 deleted_leaves=0 mirror_mismatches=0
CARTOON_AMR_TRANSACTION cycle=5247 requested_refine=0 requested_derefine_leaves=652 accepted_derefine_parents=0 created_leaves=0 deleted_leaves=0 mirror_mismatches=0
CARTOON_AMR_TRANSACTION cycle=5248 requested_refine=2 requested_derefine_leaves=652 accepted_derefine_parents=0 created_leaves=6 deleted_leaves=0 mirror_mismatches=0
AMR_Z4C_CHI_PROLONGATION cycle=5248 transfer=high_order local_fallback_groups=0 global_fallback_groups=0 global_high_order_groups=2048
elapsed=4.456062e+02 cycle=5248 time=1.671443e+01 dt=4.937851e-07
CARTOON_AMR_TRANSACTION cycle=5249 requested_refine=2 requested_derefine_leaves=656 accepted_derefine_parents=0 created_leaves=6 deleted_leaves=0 mirror_mismatches=0
AMR_Z4C_CHI_PROLONGATION cycle=5249 transfer=high_order local_fallback_groups=0 global_fallback_groups=0 global_high_order_groups=2048
CARTOON_AMR_TRANSACTION cycle=5250 requested_refine=0 requested_derefine_leaves=660 accepted_derefine_parents=0 created_leaves=0 deleted_leaves=0 mirror_mismatches=0
CARTOON_AMR_TRANSACTION cycle=5251 requested_refine=0 requested_derefine_leaves=660 accepted_derefine_parents=0 created_leaves=0 deleted_leaves=0 mirror_mismatches=0
CARTOON_AMR_TRANSACTION cycle=5252 requested_refine=0 requested_derefine_leaves=660 accepted_derefine_parents=0 created_leaves=0 deleted_leaves=0 mirror_mismatches=0
elapsed=4.475316e+02 cycle=5252 time=1.671443e+01 dt=4.936324e-07
CARTOON_AMR_TRANSACTION cycle=5253 requested_refine=0 requested_derefine_leaves=660 accepted_derefine_parents=0 created_leaves=0 deleted_leaves=0 mirror_mismatches=0
CARTOON_AMR_TRANSACTION cycle=5254 requested_refine=0 requested_derefine_leaves=660 accepted_derefine_parents=0 created_leaves=0 deleted_leaves=0 mirror_mismatches=0
CARTOON_AMR_TRANSACTION cycle=5255 requested_refine=0 requested_derefine_leaves=660 accepted_derefine_parents=0 created_leaves=0 deleted_leaves=0 mirror_mismatches=0
CARTOON_AMR_TRANSACTION cycle=5256 requested_refine=0 requested_derefine_leaves=660 accepted_derefine_parents=0 created_leaves=0 deleted_leaves=0 mirror_mismatches=0
elapsed=4.493752e+02 cycle=5256 time=1.671443e+01 dt=4.934063e-07
CARTOON_AMR_TRANSACTION cycle=5257 requested_refine=2 requested_derefine_leaves=660 accepted_derefine_parents=0 created_leaves=6 deleted_leaves=0 mirror_mismatches=0
AMR_Z4C_CHI_PROLONGATION cycle=5257 transfer=high_order local_fallback_groups=0 global_fallback_groups=0 global_high_order_groups=2048
CARTOON_AMR_TRANSACTION cycle=5258 requested_refine=2 requested_derefine_leaves=664 accepted_derefine_parents=0 created_leaves=6 deleted_leaves=0 mirror_mismatches=0
AMR_Z4C_CHI_PROLONGATION cycle=5258 transfer=high_order local_fallback_groups=0 global_fallback_groups=0 global_high_order_groups=2048
CARTOON_AMR_TRANSACTION cycle=5259 requested_refine=0 requested_derefine_leaves=668 accepted_derefine_parents=0 created_leaves=0 deleted_leaves=0 mirror_mismatches=0
CARTOON_AMR_TRANSACTION cycle=5260 requested_refine=0 requested_derefine_leaves=668 accepted_derefine_parents=0 created_leaves=0 deleted_leaves=0 mirror_mismatches=0
elapsed=4.514126e+02 cycle=5260 time=1.671443e+01 dt=4.931708e-07
CARTOON_AMR_TRANSACTION cycle=5261 requested_refine=0 requested_derefine_leaves=668 accepted_derefine_parents=0 created_leaves=0 deleted_leaves=0 mirror_mismatches=0
CARTOON_AMR_TRANSACTION cycle=5262 requested_refine=0 requested_derefine_leaves=668 accepted_derefine_parents=0 created_leaves=0 deleted_leaves=0 mirror_mismatches=0
CARTOON_AMR_TRANSACTION cycle=5263 requested_refine=0 requested_derefine_leaves=668 accepted_derefine_parents=0 created_leaves=0 deleted_leaves=0 mirror_mismatches=0
CARTOON_AMR_TRANSACTION cycle=5264 requested_refine=0 requested_derefine_leaves=668 accepted_derefine_parents=0 created_leaves=0 deleted_leaves=0 mirror_mismatches=0
elapsed=4.532927e+02 cycle=5264 time=1.671443e+01 dt=4.929254e-07
CARTOON_AMR_TRANSACTION cycle=5265 requested_refine=2 requested_derefine_leaves=668 accepted_derefine_parents=0 created_leaves=6 deleted_leaves=0 mirror_mismatches=0
AMR_Z4C_CHI_PROLONGATION cycle=5265 transfer=high_order local_fallback_groups=0 global_fallback_groups=0 global_high_order_groups=2048
CARTOON_AMR_TRANSACTION cycle=5266 requested_refine=2 requested_derefine_leaves=672 accepted_derefine_parents=0 created_leaves=6 deleted_leaves=0 mirror_mismatches=0
AMR_Z4C_CHI_PROLONGATION cycle=5266 transfer=high_order local_fallback_groups=0 global_fallback_groups=0 global_high_order_groups=2048
CARTOON_AMR_TRANSACTION cycle=5267 requested_refine=0 requested_derefine_leaves=676 accepted_derefine_parents=0 created_leaves=0 deleted_leaves=0 mirror_mismatches=0
CARTOON_AMR_TRANSACTION cycle=5268 requested_refine=2 requested_derefine_leaves=676 accepted_derefine_parents=0 created_leaves=6 deleted_leaves=0 mirror_mismatches=0
AMR_Z4C_CHI_PROLONGATION cycle=5268 transfer=high_order local_fallback_groups=0 global_fallback_groups=0 global_high_order_groups=2048
elapsed=4.554175e+02 cycle=5268 time=1.671444e+01 dt=4.925412e-07
CARTOON_AMR_TRANSACTION cycle=5269 requested_refine=0 requested_derefine_leaves=680 accepted_derefine_parents=0 created_leaves=0 deleted_leaves=0 mirror_mismatches=0
CARTOON_AMR_TRANSACTION cycle=5270 requested_refine=0 requested_derefine_leaves=680 accepted_derefine_parents=0 created_leaves=0 deleted_leaves=0 mirror_mismatches=0
CARTOON_AMR_TRANSACTION cycle=5271 requested_refine=0 requested_derefine_leaves=680 accepted_derefine_parents=0 created_leaves=0 deleted_leaves=0 mirror_mismatches=0
CARTOON_AMR_TRANSACTION cycle=5272 requested_refine=10 requested_derefine_leaves=680 accepted_derefine_parents=0 created_leaves=30 deleted_leaves=0 mirror_mismatches=0
AMR_Z4C_CHI_PROLONGATION cycle=5272 transfer=high_order local_fallback_groups=0 global_fallback_groups=0 global_high_order_groups=10240
elapsed=4.574228e+02 cycle=5272 time=1.671444e+01 dt=2.459632e-07
CARTOON_AMR_TRANSACTION cycle=5273 requested_refine=6 requested_derefine_leaves=700 accepted_derefine_parents=0 created_leaves=18 deleted_leaves=0 mirror_mismatches=0
AMR_Z4C_CHI_PROLONGATION cycle=5273 transfer=high_order local_fallback_groups=0 global_fallback_groups=0 global_high_order_groups=6144
CARTOON_AMR_TRANSACTION cycle=5274 requested_refine=6 requested_derefine_leaves=712 accepted_derefine_parents=0 created_leaves=18 deleted_leaves=0 mirror_mismatches=0
AMR_Z4C_CHI_PROLONGATION cycle=5274 transfer=high_order local_fallback_groups=0 global_fallback_groups=0 global_high_order_groups=6144
CARTOON_AMR_TRANSACTION cycle=5275 requested_refine=4 requested_derefine_leaves=724 accepted_derefine_parents=0 created_leaves=12 deleted_leaves=0 mirror_mismatches=0
AMR_Z4C_CHI_PROLONGATION cycle=5275 transfer=high_order local_fallback_groups=0 global_fallback_groups=0 global_high_order_groups=4096
CARTOON_AMR_TRANSACTION cycle=5276 requested_refine=4 requested_derefine_leaves=732 accepted_derefine_parents=0 created_leaves=12 deleted_leaves=0 mirror_mismatches=0
AMR_Z4C_CHI_PROLONGATION cycle=5276 transfer=high_order local_fallback_groups=0 global_fallback_groups=0 global_high_order_groups=4096
elapsed=4.598200e+02 cycle=5276 time=1.671444e+01 dt=2.457705e-07
CARTOON_AMR_TRANSACTION cycle=5277 requested_refine=2 requested_derefine_leaves=740 accepted_derefine_parents=0 created_leaves=6 deleted_leaves=0 mirror_mismatches=0
AMR_Z4C_CHI_PROLONGATION cycle=5277 transfer=high_order local_fallback_groups=0 global_fallback_groups=0 global_high_order_groups=2048
CARTOON_AMR_TRANSACTION cycle=5278 requested_refine=2 requested_derefine_leaves=744 accepted_derefine_parents=0 created_leaves=6 deleted_leaves=0 mirror_mismatches=0
AMR_Z4C_CHI_PROLONGATION cycle=5278 transfer=high_order local_fallback_groups=0 global_fallback_groups=0 global_high_order_groups=2048
CARTOON_AMR_TRANSACTION cycle=5279 requested_refine=4 requested_derefine_leaves=748 accepted_derefine_parents=0 created_leaves=12 deleted_leaves=0 mirror_mismatches=0
AMR_Z4C_CHI_PROLONGATION cycle=5279 transfer=high_order local_fallback_groups=0 global_fallback_groups=0 global_high_order_groups=4096
CARTOON_AMR_TRANSACTION cycle=5280 requested_refine=4 requested_derefine_leaves=756 accepted_derefine_parents=0 created_leaves=12 deleted_leaves=0 mirror_mismatches=0
AMR_Z4C_CHI_PROLONGATION cycle=5280 transfer=high_order local_fallback_groups=0 global_fallback_groups=0 global_high_order_groups=4096
elapsed=4.623071e+02 cycle=5280 time=1.671444e+01 dt=2.456573e-07
CARTOON_AMR_TRANSACTION cycle=5281 requested_refine=0 requested_derefine_leaves=764 accepted_derefine_parents=0 created_leaves=0 deleted_leaves=0 mirror_mismatches=0
CARTOON_AMR_TRANSACTION cycle=5282 requested_refine=2 requested_derefine_leaves=764 accepted_derefine_parents=0 created_leaves=6 deleted_leaves=0 mirror_mismatches=0
AMR_Z4C_CHI_PROLONGATION cycle=5282 transfer=high_order local_fallback_groups=0 global_fallback_groups=0 global_high_order_groups=2048
CARTOON_AMR_TRANSACTION cycle=5283 requested_refine=2 requested_derefine_leaves=768 accepted_derefine_parents=0 created_leaves=6 deleted_leaves=0 mirror_mismatches=0
AMR_Z4C_CHI_PROLONGATION cycle=5283 transfer=high_order local_fallback_groups=0 global_fallback_groups=0 global_high_order_groups=2048
CARTOON_AMR_TRANSACTION cycle=5284 requested_refine=4 requested_derefine_leaves=772 accepted_derefine_parents=0 created_leaves=12 deleted_leaves=0 mirror_mismatches=0
AMR_Z4C_CHI_PROLONGATION cycle=5284 transfer=high_order local_fallback_groups=0 global_fallback_groups=0 global_high_order_groups=4096
elapsed=4.646719e+02 cycle=5284 time=1.671444e+01 dt=2.456416e-07
CARTOON_AMR_TRANSACTION cycle=5285 requested_refine=2 requested_derefine_leaves=780 accepted_derefine_parents=0 created_leaves=6 deleted_leaves=0 mirror_mismatches=0
AMR_Z4C_CHI_PROLONGATION cycle=5285 transfer=high_order local_fallback_groups=0 global_fallback_groups=0 global_high_order_groups=2048
CARTOON_AMR_TRANSACTION cycle=5286 requested_refine=0 requested_derefine_leaves=784 accepted_derefine_parents=0 created_leaves=0 deleted_leaves=0 mirror_mismatches=0
CARTOON_AMR_TRANSACTION cycle=5287 requested_refine=2 requested_derefine_leaves=784 accepted_derefine_parents=0 created_leaves=6 deleted_leaves=0 mirror_mismatches=0
AMR_Z4C_CHI_PROLONGATION cycle=5287 transfer=high_order local_fallback_groups=0 global_fallback_groups=0 global_high_order_groups=2048
CARTOON_AMR_TRANSACTION cycle=5288 requested_refine=4 requested_derefine_leaves=788 accepted_derefine_parents=0 created_leaves=12 deleted_leaves=0 mirror_mismatches=0
AMR_Z4C_CHI_PROLONGATION cycle=5288 transfer=high_order local_fallback_groups=0 global_fallback_groups=0 global_high_order_groups=4096
elapsed=4.670961e+02 cycle=5288 time=1.671444e+01 dt=2.456251e-07
CARTOON_AMR_TRANSACTION cycle=5289 requested_refine=0 requested_derefine_leaves=796 accepted_derefine_parents=0 created_leaves=0 deleted_leaves=0 mirror_mismatches=0
CARTOON_AMR_TRANSACTION cycle=5290 requested_refine=2 requested_derefine_leaves=796 accepted_derefine_parents=0 created_leaves=6 deleted_leaves=0 mirror_mismatches=0
AMR_Z4C_CHI_PROLONGATION cycle=5290 transfer=high_order local_fallback_groups=0 global_fallback_groups=0 global_high_order_groups=2048
CARTOON_AMR_TRANSACTION cycle=5291 requested_refine=4 requested_derefine_leaves=800 accepted_derefine_parents=0 created_leaves=12 deleted_leaves=0 mirror_mismatches=0
AMR_Z4C_CHI_PROLONGATION cycle=5291 transfer=high_order local_fallback_groups=0 global_fallback_groups=0 global_high_order_groups=4096
CARTOON_AMR_TRANSACTION cycle=5292 requested_refine=4 requested_derefine_leaves=808 accepted_derefine_parents=0 created_leaves=12 deleted_leaves=0 mirror_mismatches=0
AMR_Z4C_CHI_PROLONGATION cycle=5292 transfer=high_order local_fallback_groups=0 global_fallback_groups=0 global_high_order_groups=4096
elapsed=4.695713e+02 cycle=5292 time=1.671444e+01 dt=2.456342e-07
CARTOON_AMR_TRANSACTION cycle=5293 requested_refine=0 requested_derefine_leaves=816 accepted_derefine_parents=0 created_leaves=0 deleted_leaves=0 mirror_mismatches=0
CARTOON_AMR_TRANSACTION cycle=5294 requested_refine=0 requested_derefine_leaves=816 accepted_derefine_parents=0 created_leaves=0 deleted_leaves=0 mirror_mismatches=0
CARTOON_AMR_TRANSACTION cycle=5295 requested_refine=0 requested_derefine_leaves=816 accepted_derefine_parents=0 created_leaves=0 deleted_leaves=0 mirror_mismatches=0
CARTOON_AMR_TRANSACTION cycle=5296 requested_refine=0 requested_derefine_leaves=816 accepted_derefine_parents=0 created_leaves=0 deleted_leaves=0 mirror_mismatches=0
elapsed=4.718117e+02 cycle=5296 time=1.671444e+01 dt=2.454715e-07
CARTOON_AMR_TRANSACTION cycle=5297 requested_refine=2 requested_derefine_leaves=816 accepted_derefine_parents=0 created_leaves=6 deleted_leaves=0 mirror_mismatches=0
AMR_Z4C_CHI_PROLONGATION cycle=5297 transfer=high_order local_fallback_groups=0 global_fallback_groups=0 global_high_order_groups=2048
CARTOON_AMR_TRANSACTION cycle=5298 requested_refine=0 requested_derefine_leaves=820 accepted_derefine_parents=0 created_leaves=0 deleted_leaves=0 mirror_mismatches=0
CARTOON_AMR_TRANSACTION cycle=5299 requested_refine=0 requested_derefine_leaves=820 accepted_derefine_parents=0 created_leaves=0 deleted_leaves=0 mirror_mismatches=0
CARTOON_AMR_TRANSACTION cycle=5300 requested_refine=4 requested_derefine_leaves=820 accepted_derefine_parents=0 created_leaves=12 deleted_leaves=0 mirror_mismatches=0
AMR_Z4C_CHI_PROLONGATION cycle=5300 transfer=high_order local_fallback_groups=0 global_fallback_groups=0 global_high_order_groups=4096
elapsed=4.743029e+02 cycle=5300 time=1.671444e+01 dt=2.453350e-07
CARTOON_AMR_TRANSACTION cycle=5301 requested_refine=0 requested_derefine_leaves=828 accepted_derefine_parents=0 created_leaves=0 deleted_leaves=0 mirror_mismatches=0
CARTOON_AMR_TRANSACTION cycle=5302 requested_refine=2 requested_derefine_leaves=828 accepted_derefine_parents=0 created_leaves=6 deleted_leaves=0 mirror_mismatches=0
AMR_Z4C_CHI_PROLONGATION cycle=5302 transfer=high_order local_fallback_groups=0 global_fallback_groups=0 global_high_order_groups=2048
CARTOON_AMR_TRANSACTION cycle=5303 requested_refine=0 requested_derefine_leaves=832 accepted_derefine_parents=0 created_leaves=0 deleted_leaves=0 mirror_mismatches=0
CARTOON_AMR_TRANSACTION cycle=5304 requested_refine=2 requested_derefine_leaves=832 accepted_derefine_parents=0 created_leaves=6 deleted_leaves=0 mirror_mismatches=0
AMR_Z4C_CHI_PROLONGATION cycle=5304 transfer=high_order local_fallback_groups=0 global_fallback_groups=0 global_high_order_groups=2048
elapsed=4.767671e+02 cycle=5304 time=1.671445e+01 dt=2.452770e-07
CARTOON_AMR_TRANSACTION cycle=5305 requested_refine=2 requested_derefine_leaves=836 accepted_derefine_parents=0 created_leaves=6 deleted_leaves=0 mirror_mismatches=0
AMR_Z4C_CHI_PROLONGATION cycle=5305 transfer=high_order local_fallback_groups=0 global_fallback_groups=0 global_high_order_groups=2048
CARTOON_AMR_TRANSACTION cycle=5306 requested_refine=0 requested_derefine_leaves=840 accepted_derefine_parents=0 created_leaves=0 deleted_leaves=0 mirror_mismatches=0
CARTOON_AMR_TRANSACTION cycle=5307 requested_refine=2 requested_derefine_leaves=840 accepted_derefine_parents=0 created_leaves=6 deleted_leaves=0 mirror_mismatches=0
AMR_Z4C_CHI_PROLONGATION cycle=5307 transfer=high_order local_fallback_groups=0 global_fallback_groups=0 global_high_order_groups=2048
CARTOON_AMR_TRANSACTION cycle=5308 requested_refine=2 requested_derefine_leaves=844 accepted_derefine_parents=0 created_leaves=6 deleted_leaves=0 mirror_mismatches=0
AMR_Z4C_CHI_PROLONGATION cycle=5308 transfer=high_order local_fallback_groups=0 global_fallback_groups=0 global_high_order_groups=2048
elapsed=4.793210e+02 cycle=5308 time=1.671445e+01 dt=2.452560e-07
CARTOON_AMR_TRANSACTION cycle=5309 requested_refine=0 requested_derefine_leaves=848 accepted_derefine_parents=0 created_leaves=0 deleted_leaves=0 mirror_mismatches=0
CARTOON_AMR_TRANSACTION cycle=5310 requested_refine=2 requested_derefine_leaves=848 accepted_derefine_parents=0 created_leaves=6 deleted_leaves=0 mirror_mismatches=0
AMR_Z4C_CHI_PROLONGATION cycle=5310 transfer=high_order local_fallback_groups=0 global_fallback_groups=0 global_high_order_groups=2048
CARTOON_AMR_TRANSACTION cycle=5311 requested_refine=2 requested_derefine_leaves=852 accepted_derefine_parents=0 created_leaves=6 deleted_leaves=0 mirror_mismatches=0
AMR_Z4C_CHI_PROLONGATION cycle=5311 transfer=high_order local_fallback_groups=0 global_fallback_groups=0 global_high_order_groups=2048
CARTOON_AMR_TRANSACTION cycle=5312 requested_refine=0 requested_derefine_leaves=856 accepted_derefine_parents=0 created_leaves=0 deleted_leaves=0 mirror_mismatches=0
elapsed=4.818275e+02 cycle=5312 time=1.671445e+01 dt=2.452421e-07
CARTOON_AMR_TRANSACTION cycle=5313 requested_refine=22 requested_derefine_leaves=856 accepted_derefine_parents=0 created_leaves=66 deleted_leaves=0 mirror_mismatches=0
AMR_Z4C_CHI_PROLONGATION cycle=5313 transfer=high_order local_fallback_groups=0 global_fallback_groups=0 global_high_order_groups=22528
CARTOON_AMR_TRANSACTION cycle=5314 requested_refine=2 requested_derefine_leaves=900 accepted_derefine_parents=0 created_leaves=6 deleted_leaves=0 mirror_mismatches=0
AMR_Z4C_CHI_PROLONGATION cycle=5314 transfer=high_order local_fallback_groups=0 global_fallback_groups=0 global_high_order_groups=2048
CARTOON_AMR_TRANSACTION cycle=5315 requested_refine=10 requested_derefine_leaves=904 accepted_derefine_parents=0 created_leaves=30 deleted_leaves=0 mirror_mismatches=0
AMR_Z4C_CHI_PROLONGATION cycle=5315 transfer=high_order local_fallback_groups=0 global_fallback_groups=0 global_high_order_groups=10240
CARTOON_AMR_TRANSACTION cycle=5316 requested_refine=2 requested_derefine_leaves=924 accepted_derefine_parents=0 created_leaves=6 deleted_leaves=0 mirror_mismatches=0
AMR_Z4C_CHI_PROLONGATION cycle=5316 transfer=high_order local_fallback_groups=0 global_fallback_groups=0 global_high_order_groups=2048
elapsed=4.847045e+02 cycle=5316 time=1.671445e+01 dt=1.226464e-07
CARTOON_AMR_TRANSACTION cycle=5317 requested_refine=12 requested_derefine_leaves=928 accepted_derefine_parents=0 created_leaves=36 deleted_leaves=0 mirror_mismatches=0
AMR_Z4C_CHI_PROLONGATION cycle=5317 transfer=high_order local_fallback_groups=0 global_fallback_groups=0 global_high_order_groups=12288
CARTOON_AMR_TRANSACTION cycle=5318 requested_refine=4 requested_derefine_leaves=952 accepted_derefine_parents=0 created_leaves=12 deleted_leaves=0 mirror_mismatches=0
AMR_Z4C_CHI_PROLONGATION cycle=5318 transfer=high_order local_fallback_groups=0 global_fallback_groups=0 global_high_order_groups=4096
CARTOON_AMR_TRANSACTION cycle=5319 requested_refine=4 requested_derefine_leaves=960 accepted_derefine_parents=0 created_leaves=12 deleted_leaves=0 mirror_mismatches=0
AMR_Z4C_CHI_PROLONGATION cycle=5319 transfer=high_order local_fallback_groups=0 global_fallback_groups=0 global_high_order_groups=4096
CARTOON_AMR_TRANSACTION cycle=5320 requested_refine=10 requested_derefine_leaves=968 accepted_derefine_parents=0 created_leaves=30 deleted_leaves=0 mirror_mismatches=0
AMR_Z4C_CHI_PROLONGATION cycle=5320 transfer=high_order local_fallback_groups=0 global_fallback_groups=0 global_high_order_groups=10240
elapsed=4.877228e+02 cycle=5320 time=1.671445e+01 dt=1.226515e-07
CARTOON_AMR_TRANSACTION cycle=5321 requested_refine=2 requested_derefine_leaves=988 accepted_derefine_parents=0 created_leaves=6 deleted_leaves=0 mirror_mismatches=0
AMR_Z4C_CHI_PROLONGATION cycle=5321 transfer=high_order local_fallback_groups=0 global_fallback_groups=0 global_high_order_groups=2048
CARTOON_AMR_TRANSACTION cycle=5322 requested_refine=4 requested_derefine_leaves=992 accepted_derefine_parents=0 created_leaves=12 deleted_leaves=0 mirror_mismatches=0
AMR_Z4C_CHI_PROLONGATION cycle=5322 transfer=high_order local_fallback_groups=0 global_fallback_groups=0 global_high_order_groups=4096
CARTOON_AMR_TRANSACTION cycle=5323 requested_refine=0 requested_derefine_leaves=1000 accepted_derefine_parents=0 created_leaves=0 deleted_leaves=0 mirror_mismatches=0
CARTOON_AMR_TRANSACTION cycle=5324 requested_refine=6 requested_derefine_leaves=1000 accepted_derefine_parents=0 created_leaves=18 deleted_leaves=0 mirror_mismatches=0
AMR_Z4C_CHI_PROLONGATION cycle=5324 transfer=high_order local_fallback_groups=0 global_fallback_groups=0 global_high_order_groups=6144
elapsed=4.906892e+02 cycle=5324 time=1.671445e+01 dt=1.226499e-07
CARTOON_AMR_TRANSACTION cycle=5325 requested_refine=0 requested_derefine_leaves=1012 accepted_derefine_parents=0 created_leaves=0 deleted_leaves=0 mirror_mismatches=0
CARTOON_AMR_TRANSACTION cycle=5326 requested_refine=10 requested_derefine_leaves=1012 accepted_derefine_parents=0 created_leaves=30 deleted_leaves=0 mirror_mismatches=0
AMR_Z4C_CHI_PROLONGATION cycle=5326 transfer=high_order local_fallback_groups=0 global_fallback_groups=0 global_high_order_groups=10240
CARTOON_AMR_TRANSACTION cycle=5327 requested_refine=0 requested_derefine_leaves=1032 accepted_derefine_parents=0 created_leaves=0 deleted_leaves=0 mirror_mismatches=0
CARTOON_AMR_TRANSACTION cycle=5328 requested_refine=8 requested_derefine_leaves=1032 accepted_derefine_parents=0 created_leaves=24 deleted_leaves=0 mirror_mismatches=0
AMR_Z4C_CHI_PROLONGATION cycle=5328 transfer=high_order local_fallback_groups=0 global_fallback_groups=0 global_high_order_groups=8192
elapsed=4.936483e+02 cycle=5328 time=1.671445e+01 dt=1.226562e-07
CARTOON_AMR_TRANSACTION cycle=5329 requested_refine=2 requested_derefine_leaves=1048 accepted_derefine_parents=0 created_leaves=6 deleted_leaves=0 mirror_mismatches=0
AMR_Z4C_CHI_PROLONGATION cycle=5329 transfer=high_order local_fallback_groups=0 global_fallback_groups=0 global_high_order_groups=2048
CARTOON_AMR_TRANSACTION cycle=5330 requested_refine=0 requested_derefine_leaves=1052 accepted_derefine_parents=0 created_leaves=0 deleted_leaves=0 mirror_mismatches=0
CARTOON_AMR_TRANSACTION cycle=5331 requested_refine=2 requested_derefine_leaves=1052 accepted_derefine_parents=0 created_leaves=6 deleted_leaves=0 mirror_mismatches=0
AMR_Z4C_CHI_PROLONGATION cycle=5331 transfer=high_order local_fallback_groups=0 global_fallback_groups=0 global_high_order_groups=2048
CARTOON_AMR_TRANSACTION cycle=5332 requested_refine=4 requested_derefine_leaves=1056 accepted_derefine_parents=0 created_leaves=12 deleted_leaves=0 mirror_mismatches=0
AMR_Z4C_CHI_PROLONGATION cycle=5332 transfer=high_order local_fallback_groups=0 global_fallback_groups=0 global_high_order_groups=4096
elapsed=4.967703e+02 cycle=5332 time=1.671445e+01 dt=1.226537e-07
CARTOON_AMR_TRANSACTION cycle=5333 requested_refine=0 requested_derefine_leaves=1064 accepted_derefine_parents=0 created_leaves=0 deleted_leaves=0 mirror_mismatches=0
CARTOON_AMR_TRANSACTION cycle=5334 requested_refine=4 requested_derefine_leaves=1064 accepted_derefine_parents=0 created_leaves=12 deleted_leaves=0 mirror_mismatches=0
AMR_Z4C_CHI_PROLONGATION cycle=5334 transfer=high_order local_fallback_groups=0 global_fallback_groups=0 global_high_order_groups=4096
CARTOON_AMR_TRANSACTION cycle=5335 requested_refine=4 requested_derefine_leaves=1072 accepted_derefine_parents=0 created_leaves=12 deleted_leaves=0 mirror_mismatches=0
AMR_Z4C_CHI_PROLONGATION cycle=5335 transfer=high_order local_fallback_groups=0 global_fallback_groups=0 global_high_order_groups=4096
CARTOON_AMR_TRANSACTION cycle=5336 requested_refine=4 requested_derefine_leaves=1080 accepted_derefine_parents=0 created_leaves=12 deleted_leaves=0 mirror_mismatches=0
AMR_Z4C_CHI_PROLONGATION cycle=5336 transfer=high_order local_fallback_groups=0 global_fallback_groups=0 global_high_order_groups=4096
elapsed=4.999096e+02 cycle=5336 time=1.671445e+01 dt=1.226512e-07
CARTOON_AMR_TRANSACTION cycle=5337 requested_refine=2 requested_derefine_leaves=1088 accepted_derefine_parents=0 created_leaves=6 deleted_leaves=0 mirror_mismatches=0
AMR_Z4C_CHI_PROLONGATION cycle=5337 transfer=high_order local_fallback_groups=0 global_fallback_groups=0 global_high_order_groups=2048
CARTOON_AMR_TRANSACTION cycle=5338 requested_refine=4 requested_derefine_leaves=1092 accepted_derefine_parents=0 created_leaves=12 deleted_leaves=0 mirror_mismatches=0
AMR_Z4C_CHI_PROLONGATION cycle=5338 transfer=high_order local_fallback_groups=0 global_fallback_groups=0 global_high_order_groups=4096
CARTOON_AMR_TRANSACTION cycle=5339 requested_refine=0 requested_derefine_leaves=1100 accepted_derefine_parents=0 created_leaves=0 deleted_leaves=0 mirror_mismatches=0
CARTOON_AMR_TRANSACTION cycle=5340 requested_refine=0 requested_derefine_leaves=1100 accepted_derefine_parents=0 created_leaves=0 deleted_leaves=0 mirror_mismatches=0
elapsed=5.029892e+02 cycle=5340 time=1.671445e+01 dt=1.226768e-07
CARTOON_AMR_TRANSACTION cycle=5341 requested_refine=0 requested_derefine_leaves=1100 accepted_derefine_parents=0 created_leaves=0 deleted_leaves=0 mirror_mismatches=0
CARTOON_AMR_TRANSACTION cycle=5342 requested_refine=4 requested_derefine_leaves=1100 accepted_derefine_parents=0 created_leaves=12 deleted_leaves=0 mirror_mismatches=0
AMR_Z4C_CHI_PROLONGATION cycle=5342 transfer=high_order local_fallback_groups=0 global_fallback_groups=0 global_high_order_groups=4096
CARTOON_AMR_TRANSACTION cycle=5343 requested_refine=2 requested_derefine_leaves=1108 accepted_derefine_parents=0 created_leaves=6 deleted_leaves=0 mirror_mismatches=0
AMR_Z4C_CHI_PROLONGATION cycle=5343 transfer=high_order local_fallback_groups=0 global_fallback_groups=0 global_high_order_groups=2048
CARTOON_AMR_TRANSACTION cycle=5344 requested_refine=4 requested_derefine_leaves=1112 accepted_derefine_parents=0 created_leaves=12 deleted_leaves=0 mirror_mismatches=0
AMR_Z4C_CHI_PROLONGATION cycle=5344 transfer=high_order local_fallback_groups=0 global_fallback_groups=0 global_high_order_groups=4096
elapsed=5.062511e+02 cycle=5344 time=1.671445e+01 dt=1.226588e-07
CARTOON_AMR_TRANSACTION cycle=5345 requested_refine=2 requested_derefine_leaves=1120 accepted_derefine_parents=0 created_leaves=6 deleted_leaves=0 mirror_mismatches=0
AMR_Z4C_CHI_PROLONGATION cycle=5345 transfer=high_order local_fallback_groups=0 global_fallback_groups=0 global_high_order_groups=2048
CARTOON_AMR_TRANSACTION cycle=5346 requested_refine=0 requested_derefine_leaves=1124 accepted_derefine_parents=0 created_leaves=0 deleted_leaves=0 mirror_mismatches=0
CARTOON_AMR_TRANSACTION cycle=5347 requested_refine=0 requested_derefine_leaves=1124 accepted_derefine_parents=0 created_leaves=0 deleted_leaves=0 mirror_mismatches=0
CARTOON_AMR_TRANSACTION cycle=5348 requested_refine=4 requested_derefine_leaves=1124 accepted_derefine_parents=0 created_leaves=12 deleted_leaves=0 mirror_mismatches=0
AMR_Z4C_CHI_PROLONGATION cycle=5348 transfer=high_order local_fallback_groups=0 global_fallback_groups=0 global_high_order_groups=4096
elapsed=5.094108e+02 cycle=5348 time=1.671445e+01 dt=1.226693e-07
CARTOON_AMR_TRANSACTION cycle=5349 requested_refine=0 requested_derefine_leaves=1132 accepted_derefine_parents=0 created_leaves=0 deleted_leaves=0 mirror_mismatches=0
CARTOON_AMR_TRANSACTION cycle=5350 requested_refine=4 requested_derefine_leaves=1132 accepted_derefine_parents=0 created_leaves=12 deleted_leaves=0 mirror_mismatches=0
AMR_Z4C_CHI_PROLONGATION cycle=5350 transfer=high_order local_fallback_groups=0 global_fallback_groups=0 global_high_order_groups=4096
CARTOON_AMR_TRANSACTION cycle=5351 requested_refine=2 requested_derefine_leaves=1140 accepted_derefine_parents=0 created_leaves=6 deleted_leaves=0 mirror_mismatches=0
AMR_Z4C_CHI_PROLONGATION cycle=5351 transfer=high_order local_fallback_groups=0 global_fallback_groups=0 global_high_order_groups=2048
CARTOON_AMR_TRANSACTION cycle=5352 requested_refine=4 requested_derefine_leaves=1144 accepted_derefine_parents=0 created_leaves=12 deleted_leaves=0 mirror_mismatches=0
AMR_Z4C_CHI_PROLONGATION cycle=5352 transfer=high_order local_fallback_groups=0 global_fallback_groups=0 global_high_order_groups=4096
elapsed=5.127793e+02 cycle=5352 time=1.671445e+01 dt=1.226740e-07
CARTOON_AMR_TRANSACTION cycle=5353 requested_refine=0 requested_derefine_leaves=1152 accepted_derefine_parents=0 created_leaves=0 deleted_leaves=0 mirror_mismatches=0
CARTOON_AMR_TRANSACTION cycle=5354 requested_refine=0 requested_derefine_leaves=1152 accepted_derefine_parents=0 created_leaves=0 deleted_leaves=0 mirror_mismatches=0
CARTOON_AMR_TRANSACTION cycle=5355 requested_refine=0 requested_derefine_leaves=1152 accepted_derefine_parents=0 created_leaves=0 deleted_leaves=0 mirror_mismatches=0
CARTOON_AMR_TRANSACTION cycle=5356 requested_refine=0 requested_derefine_leaves=1152 accepted_derefine_parents=0 created_leaves=0 deleted_leaves=0 mirror_mismatches=0
elapsed=5.156818e+02 cycle=5356 time=1.671445e+01 dt=1.226994e-07
CARTOON_AMR_TRANSACTION cycle=5357 requested_refine=2 requested_derefine_leaves=1152 accepted_derefine_parents=0 created_leaves=6 deleted_leaves=0 mirror_mismatches=0
AMR_Z4C_CHI_PROLONGATION cycle=5357 transfer=high_order local_fallback_groups=0 global_fallback_groups=0 global_high_order_groups=2048
CARTOON_AMR_TRANSACTION cycle=5358 requested_refine=0 requested_derefine_leaves=1156 accepted_derefine_parents=0 created_leaves=0 deleted_leaves=0 mirror_mismatches=0
CARTOON_AMR_TRANSACTION cycle=5359 requested_refine=2 requested_derefine_leaves=1156 accepted_derefine_parents=0 created_leaves=6 deleted_leaves=0 mirror_mismatches=0
AMR_Z4C_CHI_PROLONGATION cycle=5359 transfer=high_order local_fallback_groups=0 global_fallback_groups=0 global_high_order_groups=2048
CARTOON_AMR_TRANSACTION cycle=5360 requested_refine=0 requested_derefine_leaves=1160 accepted_derefine_parents=0 created_leaves=0 deleted_leaves=0 mirror_mismatches=0
elapsed=5.189606e+02 cycle=5360 time=1.671445e+01 dt=1.226978e-07
CARTOON_AMR_TRANSACTION cycle=5361 requested_refine=4 requested_derefine_leaves=1160 accepted_derefine_parents=0 created_leaves=12 deleted_leaves=0 mirror_mismatches=0
AMR_Z4C_CHI_PROLONGATION cycle=5361 transfer=high_order local_fallback_groups=0 global_fallback_groups=0 global_high_order_groups=4096
CARTOON_AMR_TRANSACTION cycle=5362 requested_refine=0 requested_derefine_leaves=1168 accepted_derefine_parents=0 created_leaves=0 deleted_leaves=0 mirror_mismatches=0
CARTOON_AMR_TRANSACTION cycle=5363 requested_refine=0 requested_derefine_leaves=1168 accepted_derefine_parents=0 created_leaves=0 deleted_leaves=0 mirror_mismatches=0
CARTOON_AMR_TRANSACTION cycle=5364 requested_refine=0 requested_derefine_leaves=1168 accepted_derefine_parents=0 created_leaves=0 deleted_leaves=0 mirror_mismatches=0
elapsed=5.220715e+02 cycle=5364 time=1.671445e+01 dt=1.226549e-07
CARTOON_AMR_TRANSACTION cycle=5365 requested_refine=2 requested_derefine_leaves=1168 accepted_derefine_parents=0 created_leaves=6 deleted_leaves=0 mirror_mismatches=0
AMR_Z4C_CHI_PROLONGATION cycle=5365 transfer=high_order local_fallback_groups=0 global_fallback_groups=0 global_high_order_groups=2048
CARTOON_AMR_TRANSACTION cycle=5366 requested_refine=0 requested_derefine_leaves=1172 accepted_derefine_parents=0 created_leaves=0 deleted_leaves=0 mirror_mismatches=0
CARTOON_AMR_TRANSACTION cycle=5367 requested_refine=2 requested_derefine_leaves=1172 accepted_derefine_parents=0 created_leaves=6 deleted_leaves=0 mirror_mismatches=0
AMR_Z4C_CHI_PROLONGATION cycle=5367 transfer=high_order local_fallback_groups=0 global_fallback_groups=0 global_high_order_groups=2048
CARTOON_AMR_TRANSACTION cycle=5368 requested_refine=6 requested_derefine_leaves=1176 accepted_derefine_parents=0 created_leaves=18 deleted_leaves=0 mirror_mismatches=0
AMR_Z4C_CHI_PROLONGATION cycle=5368 transfer=high_order local_fallback_groups=0 global_fallback_groups=0 global_high_order_groups=6144
elapsed=5.255168e+02 cycle=5368 time=1.671445e+01 dt=1.226195e-07
CARTOON_AMR_TRANSACTION cycle=5369 requested_refine=2 requested_derefine_leaves=1188 accepted_derefine_parents=0 created_leaves=6 deleted_leaves=0 mirror_mismatches=0
AMR_Z4C_CHI_PROLONGATION cycle=5369 transfer=high_order local_fallback_groups=0 global_fallback_groups=0 global_high_order_groups=2048
CARTOON_AMR_TRANSACTION cycle=5370 requested_refine=2 requested_derefine_leaves=1192 accepted_derefine_parents=0 created_leaves=6 deleted_leaves=0 mirror_mismatches=0
AMR_Z4C_CHI_PROLONGATION cycle=5370 transfer=high_order local_fallback_groups=0 global_fallback_groups=0 global_high_order_groups=2048
CARTOON_AMR_TRANSACTION cycle=5371 requested_refine=0 requested_derefine_leaves=1196 accepted_derefine_parents=0 created_leaves=0 deleted_leaves=0 mirror_mismatches=0
CARTOON_AMR_TRANSACTION cycle=5372 requested_refine=4 requested_derefine_leaves=1196 accepted_derefine_parents=0 created_leaves=12 deleted_leaves=0 mirror_mismatches=0
AMR_Z4C_CHI_PROLONGATION cycle=5372 transfer=high_order local_fallback_groups=0 global_fallback_groups=0 global_high_order_groups=4096
elapsed=5.290525e+02 cycle=5372 time=1.671445e+01 dt=1.225965e-07
CARTOON_AMR_TRANSACTION cycle=5373 requested_refine=0 requested_derefine_leaves=1204 accepted_derefine_parents=0 created_leaves=0 deleted_leaves=0 mirror_mismatches=0
CARTOON_AMR_TRANSACTION cycle=5374 requested_refine=2 requested_derefine_leaves=1204 accepted_derefine_parents=0 created_leaves=6 deleted_leaves=0 mirror_mismatches=0
AMR_Z4C_CHI_PROLONGATION cycle=5374 transfer=high_order local_fallback_groups=0 global_fallback_groups=0 global_high_order_groups=2048
CARTOON_AMR_TRANSACTION cycle=5375 requested_refine=0 requested_derefine_leaves=1208 accepted_derefine_parents=0 created_leaves=0 deleted_leaves=0 mirror_mismatches=0
CARTOON_AMR_TRANSACTION cycle=5376 requested_refine=4 requested_derefine_leaves=1208 accepted_derefine_parents=0 created_leaves=12 deleted_leaves=0 mirror_mismatches=0
AMR_Z4C_CHI_PROLONGATION cycle=5376 transfer=high_order local_fallback_groups=0 global_fallback_groups=0 global_high_order_groups=4096
elapsed=5.416811e+02 cycle=5376 time=1.671446e+01 dt=1.225828e-07
CARTOON_AMR_TRANSACTION cycle=5377 requested_refine=0 requested_derefine_leaves=1216 accepted_derefine_parents=0 created_leaves=0 deleted_leaves=0 mirror_mismatches=0
CARTOON_AMR_TRANSACTION cycle=5378 requested_refine=6 requested_derefine_leaves=1216 accepted_derefine_parents=0 created_leaves=18 deleted_leaves=0 mirror_mismatches=0
AMR_Z4C_CHI_PROLONGATION cycle=5378 transfer=high_order local_fallback_groups=0 global_fallback_groups=0 global_high_order_groups=6144
CARTOON_AMR_TRANSACTION cycle=5379 requested_refine=0 requested_derefine_leaves=1228 accepted_derefine_parents=0 created_leaves=0 deleted_leaves=0 mirror_mismatches=0
CARTOON_AMR_TRANSACTION cycle=5380 requested_refine=0 requested_derefine_leaves=1228 accepted_derefine_parents=0 created_leaves=0 deleted_leaves=0 mirror_mismatches=0
elapsed=5.449162e+02 cycle=5380 time=1.671446e+01 dt=1.225705e-07
CARTOON_AMR_TRANSACTION cycle=5381 requested_refine=0 requested_derefine_leaves=1228 accepted_derefine_parents=0 created_leaves=0 deleted_leaves=0 mirror_mismatches=0
CARTOON_AMR_TRANSACTION cycle=5382 requested_refine=6 requested_derefine_leaves=1228 accepted_derefine_parents=0 created_leaves=18 deleted_leaves=0 mirror_mismatches=0
AMR_Z4C_CHI_PROLONGATION cycle=5382 transfer=high_order local_fallback_groups=0 global_fallback_groups=0 global_high_order_groups=6144
CARTOON_AMR_TRANSACTION cycle=5383 requested_refine=0 requested_derefine_leaves=1240 accepted_derefine_parents=0 created_leaves=0 deleted_leaves=0 mirror_mismatches=0
CARTOON_AMR_TRANSACTION cycle=5384 requested_refine=4 requested_derefine_leaves=1240 accepted_derefine_parents=0 created_leaves=12 deleted_leaves=0 mirror_mismatches=0
AMR_Z4C_CHI_PROLONGATION cycle=5384 transfer=high_order local_fallback_groups=0 global_fallback_groups=0 global_high_order_groups=4096
elapsed=5.483476e+02 cycle=5384 time=1.671446e+01 dt=1.225466e-07
CARTOON_AMR_TRANSACTION cycle=5385 requested_refine=0 requested_derefine_leaves=1248 accepted_derefine_parents=0 created_leaves=0 deleted_leaves=0 mirror_mismatches=0
CARTOON_AMR_TRANSACTION cycle=5386 requested_refine=0 requested_derefine_leaves=1248 accepted_derefine_parents=0 created_leaves=0 deleted_leaves=0 mirror_mismatches=0
CARTOON_AMR_TRANSACTION cycle=5387 requested_refine=2 requested_derefine_leaves=1248 accepted_derefine_parents=0 created_leaves=6 deleted_leaves=0 mirror_mismatches=0
AMR_Z4C_CHI_PROLONGATION cycle=5387 transfer=high_order local_fallback_groups=0 global_fallback_groups=0 global_high_order_groups=2048
CARTOON_AMR_TRANSACTION cycle=5388 requested_refine=2 requested_derefine_leaves=1252 accepted_derefine_parents=0 created_leaves=6 deleted_leaves=0 mirror_mismatches=0
AMR_Z4C_CHI_PROLONGATION cycle=5388 transfer=high_order local_fallback_groups=0 global_fallback_groups=0 global_high_order_groups=2048
elapsed=5.517998e+02 cycle=5388 time=1.671446e+01 dt=1.225463e-07
CARTOON_AMR_TRANSACTION cycle=5389 requested_refine=2 requested_derefine_leaves=1256 accepted_derefine_parents=0 created_leaves=6 deleted_leaves=0 mirror_mismatches=0
AMR_Z4C_CHI_PROLONGATION cycle=5389 transfer=high_order local_fallback_groups=0 global_fallback_groups=0 global_high_order_groups=2048
CARTOON_AMR_TRANSACTION cycle=5390 requested_refine=2 requested_derefine_leaves=1260 accepted_derefine_parents=0 created_leaves=6 deleted_leaves=0 mirror_mismatches=0
AMR_Z4C_CHI_PROLONGATION cycle=5390 transfer=high_order local_fallback_groups=0 global_fallback_groups=0 global_high_order_groups=2048
CARTOON_AMR_TRANSACTION cycle=5391 requested_refine=2 requested_derefine_leaves=1264 accepted_derefine_parents=0 created_leaves=6 deleted_leaves=0 mirror_mismatches=0
AMR_Z4C_CHI_PROLONGATION cycle=5391 transfer=high_order local_fallback_groups=0 global_fallback_groups=0 global_high_order_groups=2048
CARTOON_AMR_TRANSACTION cycle=5392 requested_refine=0 requested_derefine_leaves=1268 accepted_derefine_parents=0 created_leaves=0 deleted_leaves=0 mirror_mismatches=0
elapsed=5.554585e+02 cycle=5392 time=1.671446e+01 dt=1.225383e-07
CARTOON_AMR_TRANSACTION cycle=5393 requested_refine=2 requested_derefine_leaves=1268 accepted_derefine_parents=0 created_leaves=6 deleted_leaves=0 mirror_mismatches=0
AMR_Z4C_CHI_PROLONGATION cycle=5393 transfer=high_order local_fallback_groups=0 global_fallback_groups=0 global_high_order_groups=2048
CARTOON_AMR_TRANSACTION cycle=5394 requested_refine=2 requested_derefine_leaves=1272 accepted_derefine_parents=0 created_leaves=6 deleted_leaves=0 mirror_mismatches=0
AMR_Z4C_CHI_PROLONGATION cycle=5394 transfer=high_order local_fallback_groups=0 global_fallback_groups=0 global_high_order_groups=2048
CARTOON_AMR_TRANSACTION cycle=5395 requested_refine=2 requested_derefine_leaves=1276 accepted_derefine_parents=0 created_leaves=6 deleted_leaves=0 mirror_mismatches=0
AMR_Z4C_CHI_PROLONGATION cycle=5395 transfer=high_order local_fallback_groups=0 global_fallback_groups=0 global_high_order_groups=2048
CARTOON_AMR_TRANSACTION cycle=5396 requested_refine=0 requested_derefine_leaves=1280 accepted_derefine_parents=0 created_leaves=0 deleted_leaves=0 mirror_mismatches=0
elapsed=5.591231e+02 cycle=5396 time=1.671446e+01 dt=1.225346e-07
CARTOON_AMR_TRANSACTION cycle=5397 requested_refine=0 requested_derefine_leaves=1280 accepted_derefine_parents=0 created_leaves=0 deleted_leaves=0 mirror_mismatches=0
CARTOON_AMR_TRANSACTION cycle=5398 requested_refine=8 requested_derefine_leaves=1280 accepted_derefine_parents=0 created_leaves=24 deleted_leaves=0 mirror_mismatches=0
AMR_Z4C_CHI_PROLONGATION cycle=5398 transfer=high_order local_fallback_groups=0 global_fallback_groups=0 global_high_order_groups=8192
CARTOON_AMR_TRANSACTION cycle=5399 requested_refine=0 requested_derefine_leaves=1296 accepted_derefine_parents=0 created_leaves=0 deleted_leaves=0 mirror_mismatches=0
CARTOON_AMR_TRANSACTION cycle=5400 requested_refine=0 requested_derefine_leaves=1296 accepted_derefine_parents=0 created_leaves=0 deleted_leaves=0 mirror_mismatches=0
elapsed=5.625452e+02 cycle=5400 time=1.671446e+01 dt=1.225432e-07
CARTOON_AMR_TRANSACTION cycle=5401 requested_refine=6 requested_derefine_leaves=1296 accepted_derefine_parents=0 created_leaves=18 deleted_leaves=0 mirror_mismatches=0
AMR_Z4C_CHI_PROLONGATION cycle=5401 transfer=high_order local_fallback_groups=0 global_fallback_groups=0 global_high_order_groups=6144
CARTOON_AMR_TRANSACTION cycle=5402 requested_refine=0 requested_derefine_leaves=1308 accepted_derefine_parents=0 created_leaves=0 deleted_leaves=0 mirror_mismatches=0
CARTOON_AMR_TRANSACTION cycle=5403 requested_refine=2 requested_derefine_leaves=1308 accepted_derefine_parents=0 created_leaves=6 deleted_leaves=0 mirror_mismatches=0
AMR_Z4C_CHI_PROLONGATION cycle=5403 transfer=high_order local_fallback_groups=0 global_fallback_groups=0 global_high_order_groups=2048
CARTOON_AMR_TRANSACTION cycle=5404 requested_refine=0 requested_derefine_leaves=1312 accepted_derefine_parents=0 created_leaves=0 deleted_leaves=0 mirror_mismatches=0
elapsed=5.661236e+02 cycle=5404 time=1.671446e+01 dt=1.225369e-07
CARTOON_AMR_TRANSACTION cycle=5405 requested_refine=2 requested_derefine_leaves=1312 accepted_derefine_parents=0 created_leaves=6 deleted_leaves=0 mirror_mismatches=0
AMR_Z4C_CHI_PROLONGATION cycle=5405 transfer=high_order local_fallback_groups=0 global_fallback_groups=0 global_high_order_groups=2048
CARTOON_AMR_TRANSACTION cycle=5406 requested_refine=2 requested_derefine_leaves=1316 accepted_derefine_parents=0 created_leaves=6 deleted_leaves=0 mirror_mismatches=0
AMR_Z4C_CHI_PROLONGATION cycle=5406 transfer=high_order local_fallback_groups=0 global_fallback_groups=0 global_high_order_groups=2048
CARTOON_AMR_TRANSACTION cycle=5407 requested_refine=0 requested_derefine_leaves=1320 accepted_derefine_parents=0 created_leaves=0 deleted_leaves=0 mirror_mismatches=0
CARTOON_AMR_TRANSACTION cycle=5408 requested_refine=2 requested_derefine_leaves=1320 accepted_derefine_parents=0 created_leaves=6 deleted_leaves=0 mirror_mismatches=0
AMR_Z4C_CHI_PROLONGATION cycle=5408 transfer=high_order local_fallback_groups=0 global_fallback_groups=0 global_high_order_groups=2048
elapsed=5.699376e+02 cycle=5408 time=1.671446e+01 dt=1.225460e-07
CARTOON_AMR_TRANSACTION cycle=5409 requested_refine=2 requested_derefine_leaves=1324 accepted_derefine_parents=0 created_leaves=6 deleted_leaves=0 mirror_mismatches=0
AMR_Z4C_CHI_PROLONGATION cycle=5409 transfer=high_order local_fallback_groups=0 global_fallback_groups=0 global_high_order_groups=2048
CARTOON_AMR_TRANSACTION cycle=5410 requested_refine=2 requested_derefine_leaves=1328 accepted_derefine_parents=0 created_leaves=6 deleted_leaves=0 mirror_mismatches=0
AMR_Z4C_CHI_PROLONGATION cycle=5410 transfer=high_order local_fallback_groups=0 global_fallback_groups=0 global_high_order_groups=2048
CARTOON_AMR_TRANSACTION cycle=5411 requested_refine=0 requested_derefine_leaves=1332 accepted_derefine_parents=0 created_leaves=0 deleted_leaves=0 mirror_mismatches=0
CARTOON_AMR_TRANSACTION cycle=5412 requested_refine=4 requested_derefine_leaves=1332 accepted_derefine_parents=0 created_leaves=12 deleted_leaves=0 mirror_mismatches=0
AMR_Z4C_CHI_PROLONGATION cycle=5412 transfer=high_order local_fallback_groups=0 global_fallback_groups=0 global_high_order_groups=4096
elapsed=5.737937e+02 cycle=5412 time=1.671446e+01 dt=1.225443e-07
CARTOON_AMR_TRANSACTION cycle=5413 requested_refine=2 requested_derefine_leaves=1340 accepted_derefine_parents=0 created_leaves=6 deleted_leaves=0 mirror_mismatches=0
AMR_Z4C_CHI_PROLONGATION cycle=5413 transfer=high_order local_fallback_groups=0 global_fallback_groups=0 global_high_order_groups=2048
CARTOON_AMR_TRANSACTION cycle=5414 requested_refine=0 requested_derefine_leaves=1344 accepted_derefine_parents=0 created_leaves=0 deleted_leaves=0 mirror_mismatches=0
CARTOON_AMR_TRANSACTION cycle=5415 requested_refine=0 requested_derefine_leaves=1344 accepted_derefine_parents=0 created_leaves=0 deleted_leaves=0 mirror_mismatches=0
CARTOON_AMR_TRANSACTION cycle=5416 requested_refine=8 requested_derefine_leaves=1344 accepted_derefine_parents=0 created_leaves=24 deleted_leaves=0 mirror_mismatches=0
AMR_Z4C_CHI_PROLONGATION cycle=5416 transfer=high_order local_fallback_groups=0 global_fallback_groups=0 global_high_order_groups=8192
elapsed=5.775190e+02 cycle=5416 time=1.671446e+01 dt=1.225534e-07
CARTOON_AMR_TRANSACTION cycle=5417 requested_refine=0 requested_derefine_leaves=1360 accepted_derefine_parents=0 created_leaves=0 deleted_leaves=0 mirror_mismatches=0
CARTOON_AMR_TRANSACTION cycle=5418 requested_refine=0 requested_derefine_leaves=1360 accepted_derefine_parents=0 created_leaves=0 deleted_leaves=0 mirror_mismatches=0
CARTOON_AMR_TRANSACTION cycle=5419 requested_refine=0 requested_derefine_leaves=1360 accepted_derefine_parents=0 created_leaves=0 deleted_leaves=0 mirror_mismatches=0
CARTOON_AMR_TRANSACTION cycle=5420 requested_refine=0 requested_derefine_leaves=1360 accepted_derefine_parents=0 created_leaves=0 deleted_leaves=0 mirror_mismatches=0
elapsed=5.808994e+02 cycle=5420 time=1.671446e+01 dt=1.225558e-07
CARTOON_AMR_TRANSACTION cycle=5421 requested_refine=0 requested_derefine_leaves=1360 accepted_derefine_parents=0 created_leaves=0 deleted_leaves=0 mirror_mismatches=0
CARTOON_AMR_TRANSACTION cycle=5422 requested_refine=0 requested_derefine_leaves=1360 accepted_derefine_parents=0 created_leaves=0 deleted_leaves=0 mirror_mismatches=0
CARTOON_AMR_TRANSACTION cycle=5423 requested_refine=0 requested_derefine_leaves=1360 accepted_derefine_parents=0 created_leaves=0 deleted_leaves=0 mirror_mismatches=0
CARTOON_AMR_TRANSACTION cycle=5424 requested_refine=0 requested_derefine_leaves=1360 accepted_derefine_parents=0 created_leaves=0 deleted_leaves=0 mirror_mismatches=0
elapsed=5.843500e+02 cycle=5424 time=1.671446e+01 dt=1.225636e-07
CARTOON_AMR_TRANSACTION cycle=5425 requested_refine=0 requested_derefine_leaves=1360 accepted_derefine_parents=0 created_leaves=0 deleted_leaves=0 mirror_mismatches=0
CARTOON_AMR_TRANSACTION cycle=5426 requested_refine=0 requested_derefine_leaves=1360 accepted_derefine_parents=0 created_leaves=0 deleted_leaves=0 mirror_mismatches=0
CARTOON_AMR_TRANSACTION cycle=5427 requested_refine=0 requested_derefine_leaves=1360 accepted_derefine_parents=0 created_leaves=0 deleted_leaves=0 mirror_mismatches=0
CARTOON_AMR_TRANSACTION cycle=5428 requested_refine=0 requested_derefine_leaves=1360 accepted_derefine_parents=0 created_leaves=0 deleted_leaves=0 mirror_mismatches=0
elapsed=5.877144e+02 cycle=5428 time=1.671446e+01 dt=1.225763e-07
CARTOON_AMR_TRANSACTION cycle=5429 requested_refine=0 requested_derefine_leaves=1360 accepted_derefine_parents=0 created_leaves=0 deleted_leaves=0 mirror_mismatches=0
CARTOON_AMR_TRANSACTION cycle=5430 requested_refine=0 requested_derefine_leaves=1360 accepted_derefine_parents=0 created_leaves=0 deleted_leaves=0 mirror_mismatches=0
CARTOON_AMR_TRANSACTION cycle=5431 requested_refine=0 requested_derefine_leaves=1360 accepted_derefine_parents=0 created_leaves=0 deleted_leaves=0 mirror_mismatches=0
CARTOON_AMR_TRANSACTION cycle=5432 requested_refine=2 requested_derefine_leaves=1360 accepted_derefine_parents=0 created_leaves=6 deleted_leaves=0 mirror_mismatches=0
AMR_Z4C_CHI_PROLONGATION cycle=5432 transfer=high_order local_fallback_groups=0 global_fallback_groups=0 global_high_order_groups=2048
elapsed=5.912648e+02 cycle=5432 time=1.671446e+01 dt=1.225766e-07
CARTOON_AMR_TRANSACTION cycle=5433 requested_refine=2 requested_derefine_leaves=1364 accepted_derefine_parents=0 created_leaves=6 deleted_leaves=0 mirror_mismatches=0
AMR_Z4C_CHI_PROLONGATION cycle=5433 transfer=high_order local_fallback_groups=0 global_fallback_groups=0 global_high_order_groups=2048
CARTOON_AMR_TRANSACTION cycle=5434 requested_refine=0 requested_derefine_leaves=1368 accepted_derefine_parents=0 created_leaves=0 deleted_leaves=0 mirror_mismatches=0
CARTOON_AMR_TRANSACTION cycle=5435 requested_refine=0 requested_derefine_leaves=1368 accepted_derefine_parents=0 created_leaves=0 deleted_leaves=0 mirror_mismatches=0
CARTOON_AMR_TRANSACTION cycle=5436 requested_refine=0 requested_derefine_leaves=1368 accepted_derefine_parents=0 created_leaves=0 deleted_leaves=0 mirror_mismatches=0
elapsed=5.948475e+02 cycle=5436 time=1.671446e+01 dt=1.225679e-07
CARTOON_AMR_TRANSACTION cycle=5437 requested_refine=0 requested_derefine_leaves=1368 accepted_derefine_parents=0 created_leaves=0 deleted_leaves=0 mirror_mismatches=0
CARTOON_AMR_TRANSACTION cycle=5438 requested_refine=4 requested_derefine_leaves=1368 accepted_derefine_parents=0 created_leaves=12 deleted_leaves=0 mirror_mismatches=0
AMR_Z4C_CHI_PROLONGATION cycle=5438 transfer=high_order local_fallback_groups=0 global_fallback_groups=0 global_high_order_groups=4096
CARTOON_AMR_TRANSACTION cycle=5439 requested_refine=0 requested_derefine_leaves=1376 accepted_derefine_parents=0 created_leaves=0 deleted_leaves=0 mirror_mismatches=0
CARTOON_AMR_TRANSACTION cycle=5440 requested_refine=0 requested_derefine_leaves=1376 accepted_derefine_parents=0 created_leaves=0 deleted_leaves=0 mirror_mismatches=0
elapsed=5.984215e+02 cycle=5440 time=1.671446e+01 dt=1.225685e-07
CARTOON_AMR_TRANSACTION cycle=5441 requested_refine=0 requested_derefine_leaves=1376 accepted_derefine_parents=0 created_leaves=0 deleted_leaves=0 mirror_mismatches=0
CARTOON_AMR_TRANSACTION cycle=5442 requested_refine=4 requested_derefine_leaves=1376 accepted_derefine_parents=0 created_leaves=12 deleted_leaves=0 mirror_mismatches=0
AMR_Z4C_CHI_PROLONGATION cycle=5442 transfer=high_order local_fallback_groups=0 global_fallback_groups=0 global_high_order_groups=4096
CARTOON_AMR_TRANSACTION cycle=5443 requested_refine=0 requested_derefine_leaves=1384 accepted_derefine_parents=0 created_leaves=0 deleted_leaves=0 mirror_mismatches=0
CARTOON_AMR_TRANSACTION cycle=5444 requested_refine=0 requested_derefine_leaves=1384 accepted_derefine_parents=0 created_leaves=0 deleted_leaves=0 mirror_mismatches=0
elapsed=6.020601e+02 cycle=5444 time=1.671446e+01 dt=1.225567e-07
CARTOON_AMR_TRANSACTION cycle=5445 requested_refine=2 requested_derefine_leaves=1384 accepted_derefine_parents=0 created_leaves=6 deleted_leaves=0 mirror_mismatches=0
AMR_Z4C_CHI_PROLONGATION cycle=5445 transfer=high_order local_fallback_groups=0 global_fallback_groups=0 global_high_order_groups=2048
CARTOON_AMR_TRANSACTION cycle=5446 requested_refine=2 requested_derefine_leaves=1388 accepted_derefine_parents=0 created_leaves=6 deleted_leaves=0 mirror_mismatches=0
AMR_Z4C_CHI_PROLONGATION cycle=5446 transfer=high_order local_fallback_groups=0 global_fallback_groups=0 global_high_order_groups=2048
CARTOON_AMR_TRANSACTION cycle=5447 requested_refine=0 requested_derefine_leaves=1392 accepted_derefine_parents=0 created_leaves=0 deleted_leaves=0 mirror_mismatches=0
CARTOON_AMR_TRANSACTION cycle=5448 requested_refine=0 requested_derefine_leaves=1392 accepted_derefine_parents=0 created_leaves=0 deleted_leaves=0 mirror_mismatches=0
elapsed=6.058543e+02 cycle=5448 time=1.671446e+01 dt=1.225634e-07
CARTOON_AMR_TRANSACTION cycle=5449 requested_refine=0 requested_derefine_leaves=1392 accepted_derefine_parents=0 created_leaves=0 deleted_leaves=0 mirror_mismatches=0
CARTOON_AMR_TRANSACTION cycle=5450 requested_refine=0 requested_derefine_leaves=1392 accepted_derefine_parents=0 created_leaves=0 deleted_leaves=0 mirror_mismatches=0
CARTOON_AMR_TRANSACTION cycle=5451 requested_refine=2 requested_derefine_leaves=1392 accepted_derefine_parents=0 created_leaves=6 deleted_leaves=0 mirror_mismatches=0
AMR_Z4C_CHI_PROLONGATION cycle=5451 transfer=high_order local_fallback_groups=0 global_fallback_groups=0 global_high_order_groups=2048
CARTOON_AMR_TRANSACTION cycle=5452 requested_refine=2 requested_derefine_leaves=1396 accepted_derefine_parents=0 created_leaves=6 deleted_leaves=0 mirror_mismatches=0
AMR_Z4C_CHI_PROLONGATION cycle=5452 transfer=high_order local_fallback_groups=0 global_fallback_groups=0 global_high_order_groups=2048
elapsed=6.096545e+02 cycle=5452 time=1.671446e+01 dt=1.225658e-07
CARTOON_AMR_TRANSACTION cycle=5453 requested_refine=0 requested_derefine_leaves=1400 accepted_derefine_parents=0 created_leaves=0 deleted_leaves=0 mirror_mismatches=0
CARTOON_AMR_TRANSACTION cycle=5454 requested_refine=0 requested_derefine_leaves=1400 accepted_derefine_parents=0 created_leaves=0 deleted_leaves=0 mirror_mismatches=0
CARTOON_AMR_TRANSACTION cycle=5455 requested_refine=4 requested_derefine_leaves=1400 accepted_derefine_parents=0 created_leaves=12 deleted_leaves=0 mirror_mismatches=0
AMR_Z4C_CHI_PROLONGATION cycle=5455 transfer=high_order local_fallback_groups=0 global_fallback_groups=0 global_high_order_groups=4096
CARTOON_AMR_TRANSACTION cycle=5456 requested_refine=0 requested_derefine_leaves=1408 accepted_derefine_parents=0 created_leaves=0 deleted_leaves=0 mirror_mismatches=0
elapsed=6.133300e+02 cycle=5456 time=1.671446e+01 dt=1.225685e-07
CARTOON_AMR_TRANSACTION cycle=5457 requested_refine=0 requested_derefine_leaves=1408 accepted_derefine_parents=0 created_leaves=0 deleted_leaves=0 mirror_mismatches=0
CARTOON_AMR_TRANSACTION cycle=5458 requested_refine=0 requested_derefine_leaves=1408 accepted_derefine_parents=0 created_leaves=0 deleted_leaves=0 mirror_mismatches=0
CARTOON_AMR_TRANSACTION cycle=5459 requested_refine=4 requested_derefine_leaves=1408 accepted_derefine_parents=0 created_leaves=12 deleted_leaves=0 mirror_mismatches=0
AMR_Z4C_CHI_PROLONGATION cycle=5459 transfer=high_order local_fallback_groups=0 global_fallback_groups=0 global_high_order_groups=4096
CARTOON_AMR_TRANSACTION cycle=5460 requested_refine=0 requested_derefine_leaves=1416 accepted_derefine_parents=0 created_leaves=0 deleted_leaves=0 mirror_mismatches=0
elapsed=6.169805e+02 cycle=5460 time=1.671447e+01 dt=1.225358e-07
CARTOON_AMR_TRANSACTION cycle=5461 requested_refine=0 requested_derefine_leaves=1416 accepted_derefine_parents=0 created_leaves=0 deleted_leaves=0 mirror_mismatches=0
CARTOON_AMR_TRANSACTION cycle=5462 requested_refine=2 requested_derefine_leaves=1416 accepted_derefine_parents=0 created_leaves=6 deleted_leaves=0 mirror_mismatches=0
AMR_Z4C_CHI_PROLONGATION cycle=5462 transfer=high_order local_fallback_groups=0 global_fallback_groups=0 global_high_order_groups=2048
CARTOON_AMR_TRANSACTION cycle=5463 requested_refine=2 requested_derefine_leaves=1420 accepted_derefine_parents=0 created_leaves=6 deleted_leaves=0 mirror_mismatches=0
AMR_Z4C_CHI_PROLONGATION cycle=5463 transfer=high_order local_fallback_groups=0 global_fallback_groups=0 global_high_order_groups=2048
CARTOON_AMR_TRANSACTION cycle=5464 requested_refine=0 requested_derefine_leaves=1424 accepted_derefine_parents=0 created_leaves=0 deleted_leaves=0 mirror_mismatches=0
elapsed=6.208611e+02 cycle=5464 time=1.671447e+01 dt=1.225000e-07
CARTOON_AMR_TRANSACTION cycle=5465 requested_refine=0 requested_derefine_leaves=1424 accepted_derefine_parents=0 created_leaves=0 deleted_leaves=0 mirror_mismatches=0
CARTOON_AMR_TRANSACTION cycle=5466 requested_refine=0 requested_derefine_leaves=1424 accepted_derefine_parents=0 created_leaves=0 deleted_leaves=0 mirror_mismatches=0
CARTOON_AMR_TRANSACTION cycle=5467 requested_refine=0 requested_derefine_leaves=1424 accepted_derefine_parents=0 created_leaves=0 deleted_leaves=0 mirror_mismatches=0
CARTOON_AMR_TRANSACTION cycle=5468 requested_refine=0 requested_derefine_leaves=1424 accepted_derefine_parents=0 created_leaves=0 deleted_leaves=0 mirror_mismatches=0
elapsed=6.244251e+02 cycle=5468 time=1.671447e+01 dt=1.224646e-07
CARTOON_AMR_TRANSACTION cycle=5469 requested_refine=0 requested_derefine_leaves=1424 accepted_derefine_parents=0 created_leaves=0 deleted_leaves=0 mirror_mismatches=0
CARTOON_AMR_TRANSACTION cycle=5470 requested_refine=2 requested_derefine_leaves=1424 accepted_derefine_parents=0 created_leaves=6 deleted_leaves=0 mirror_mismatches=0
AMR_Z4C_CHI_PROLONGATION cycle=5470 transfer=high_order local_fallback_groups=0 global_fallback_groups=0 global_high_order_groups=2048
CARTOON_AMR_TRANSACTION cycle=5471 requested_refine=4 requested_derefine_leaves=1428 accepted_derefine_parents=0 created_leaves=12 deleted_leaves=0 mirror_mismatches=0
AMR_Z4C_CHI_PROLONGATION cycle=5471 transfer=high_order local_fallback_groups=0 global_fallback_groups=0 global_high_order_groups=4096
CARTOON_AMR_TRANSACTION cycle=5472 requested_refine=0 requested_derefine_leaves=1436 accepted_derefine_parents=0 created_leaves=0 deleted_leaves=0 mirror_mismatches=0
elapsed=6.283451e+02 cycle=5472 time=1.671447e+01 dt=1.224113e-07
CARTOON_AMR_TRANSACTION cycle=5473 requested_refine=0 requested_derefine_leaves=1436 accepted_derefine_parents=0 created_leaves=0 deleted_leaves=0 mirror_mismatches=0
CARTOON_AMR_TRANSACTION cycle=5474 requested_refine=2 requested_derefine_leaves=1436 accepted_derefine_parents=0 created_leaves=6 deleted_leaves=0 mirror_mismatches=0
AMR_Z4C_CHI_PROLONGATION cycle=5474 transfer=high_order local_fallback_groups=0 global_fallback_groups=0 global_high_order_groups=2048
CARTOON_AMR_TRANSACTION cycle=5475 requested_refine=2 requested_derefine_leaves=1440 accepted_derefine_parents=0 created_leaves=6 deleted_leaves=0 mirror_mismatches=0
AMR_Z4C_CHI_PROLONGATION cycle=5475 transfer=high_order local_fallback_groups=0 global_fallback_groups=0 global_high_order_groups=2048
CARTOON_AMR_TRANSACTION cycle=5476 requested_refine=0 requested_derefine_leaves=1444 accepted_derefine_parents=0 created_leaves=0 deleted_leaves=0 mirror_mismatches=0
elapsed=6.323155e+02 cycle=5476 time=1.671447e+01 dt=1.223500e-07
CARTOON_AMR_TRANSACTION cycle=5477 requested_refine=0 requested_derefine_leaves=1444 accepted_derefine_parents=0 created_leaves=0 deleted_leaves=0 mirror_mismatches=0
CARTOON_AMR_TRANSACTION cycle=5478 requested_refine=0 requested_derefine_leaves=1444 accepted_derefine_parents=0 created_leaves=0 deleted_leaves=0 mirror_mismatches=0
CARTOON_AMR_TRANSACTION cycle=5479 requested_refine=4 requested_derefine_leaves=1444 accepted_derefine_parents=0 created_leaves=12 deleted_leaves=0 mirror_mismatches=0
AMR_Z4C_CHI_PROLONGATION cycle=5479 transfer=high_order local_fallback_groups=0 global_fallback_groups=0 global_high_order_groups=4096
CARTOON_AMR_TRANSACTION cycle=5480 requested_refine=0 requested_derefine_leaves=1452 accepted_derefine_parents=0 created_leaves=0 deleted_leaves=0 mirror_mismatches=0
elapsed=6.360770e+02 cycle=5480 time=1.671447e+01 dt=1.222909e-07
CARTOON_AMR_TRANSACTION cycle=5481 requested_refine=0 requested_derefine_leaves=1452 accepted_derefine_parents=0 created_leaves=0 deleted_leaves=0 mirror_mismatches=0
CARTOON_AMR_TRANSACTION cycle=5482 requested_refine=0 requested_derefine_leaves=1452 accepted_derefine_parents=0 created_leaves=0 deleted_leaves=0 mirror_mismatches=0
CARTOON_AMR_TRANSACTION cycle=5483 requested_refine=2 requested_derefine_leaves=1452 accepted_derefine_parents=0 created_leaves=6 deleted_leaves=0 mirror_mismatches=0
AMR_Z4C_CHI_PROLONGATION cycle=5483 transfer=high_order local_fallback_groups=0 global_fallback_groups=0 global_high_order_groups=2048
CARTOON_AMR_TRANSACTION cycle=5484 requested_refine=2 requested_derefine_leaves=1456 accepted_derefine_parents=0 created_leaves=6 deleted_leaves=0 mirror_mismatches=0
AMR_Z4C_CHI_PROLONGATION cycle=5484 transfer=high_order local_fallback_groups=0 global_fallback_groups=0 global_high_order_groups=2048
elapsed=6.401054e+02 cycle=5484 time=1.671447e+01 dt=1.221729e-07
CARTOON_AMR_TRANSACTION cycle=5485 requested_refine=0 requested_derefine_leaves=1460 accepted_derefine_parents=0 created_leaves=0 deleted_leaves=0 mirror_mismatches=0
CARTOON_AMR_TRANSACTION cycle=5486 requested_refine=0 requested_derefine_leaves=1460 accepted_derefine_parents=0 created_leaves=0 deleted_leaves=0 mirror_mismatches=0
CARTOON_AMR_TRANSACTION cycle=5487 requested_refine=36 requested_derefine_leaves=1460 accepted_derefine_parents=0 created_leaves=108 deleted_leaves=0 mirror_mismatches=0
AMR_Z4C_CHI_PROLONGATION cycle=5487 transfer=high_order local_fallback_groups=0 global_fallback_groups=0 global_high_order_groups=36864
CARTOON_AMR_TRANSACTION cycle=5488 requested_refine=12 requested_derefine_leaves=1532 accepted_derefine_parents=0 created_leaves=36 deleted_leaves=0 mirror_mismatches=0
AMR_Z4C_CHI_PROLONGATION cycle=5488 transfer=high_order local_fallback_groups=0 global_fallback_groups=0 global_high_order_groups=12288
elapsed=6.441576e+02 cycle=5488 time=1.671447e+01 dt=6.100478e-08
CARTOON_AMR_TRANSACTION cycle=5489 requested_refine=10 requested_derefine_leaves=1556 accepted_derefine_parents=0 created_leaves=30 deleted_leaves=0 mirror_mismatches=0
AMR_Z4C_CHI_PROLONGATION cycle=5489 transfer=high_order local_fallback_groups=0 global_fallback_groups=0 global_high_order_groups=10240
CARTOON_AMR_TRANSACTION cycle=5490 requested_refine=8 requested_derefine_leaves=1576 accepted_derefine_parents=0 created_leaves=24 deleted_leaves=0 mirror_mismatches=0
AMR_Z4C_CHI_PROLONGATION cycle=5490 transfer=high_order local_fallback_groups=0 global_fallback_groups=0 global_high_order_groups=8192
CARTOON_AMR_TRANSACTION cycle=5491 requested_refine=10 requested_derefine_leaves=1592 accepted_derefine_parents=0 created_leaves=30 deleted_leaves=0 mirror_mismatches=0
AMR_Z4C_CHI_PROLONGATION cycle=5491 transfer=high_order local_fallback_groups=0 global_fallback_groups=0 global_high_order_groups=10240
CARTOON_AMR_TRANSACTION cycle=5492 requested_refine=10 requested_derefine_leaves=1612 accepted_derefine_parents=0 created_leaves=30 deleted_leaves=0 mirror_mismatches=0
AMR_Z4C_CHI_PROLONGATION cycle=5492 transfer=high_order local_fallback_groups=0 global_fallback_groups=0 global_high_order_groups=10240
elapsed=6.488633e+02 cycle=5492 time=1.671447e+01 dt=6.095887e-08
CARTOON_AMR_TRANSACTION cycle=5493 requested_refine=6 requested_derefine_leaves=1632 accepted_derefine_parents=0 created_leaves=18 deleted_leaves=0 mirror_mismatches=0
AMR_Z4C_CHI_PROLONGATION cycle=5493 transfer=high_order local_fallback_groups=0 global_fallback_groups=0 global_high_order_groups=6144
CARTOON_AMR_TRANSACTION cycle=5494 requested_refine=4 requested_derefine_leaves=1644 accepted_derefine_parents=0 created_leaves=12 deleted_leaves=0 mirror_mismatches=0
AMR_Z4C_CHI_PROLONGATION cycle=5494 transfer=high_order local_fallback_groups=0 global_fallback_groups=0 global_high_order_groups=4096
CARTOON_AMR_TRANSACTION cycle=5495 requested_refine=8 requested_derefine_leaves=1652 accepted_derefine_parents=0 created_leaves=24 deleted_leaves=0 mirror_mismatches=0
AMR_Z4C_CHI_PROLONGATION cycle=5495 transfer=high_order local_fallback_groups=0 global_fallback_groups=0 global_high_order_groups=8192
CARTOON_AMR_TRANSACTION cycle=5496 requested_refine=6 requested_derefine_leaves=1668 accepted_derefine_parents=0 created_leaves=18 deleted_leaves=0 mirror_mismatches=0
AMR_Z4C_CHI_PROLONGATION cycle=5496 transfer=high_order local_fallback_groups=0 global_fallback_groups=0 global_high_order_groups=6144
elapsed=6.537629e+02 cycle=5496 time=1.671447e+01 dt=6.094251e-08
CARTOON_AMR_TRANSACTION cycle=5497 requested_refine=2 requested_derefine_leaves=1680 accepted_derefine_parents=0 created_leaves=6 deleted_leaves=0 mirror_mismatches=0
AMR_Z4C_CHI_PROLONGATION cycle=5497 transfer=high_order local_fallback_groups=0 global_fallback_groups=0 global_high_order_groups=2048
CARTOON_AMR_TRANSACTION cycle=5498 requested_refine=6 requested_derefine_leaves=1684 accepted_derefine_parents=0 created_leaves=18 deleted_leaves=0 mirror_mismatches=0
AMR_Z4C_CHI_PROLONGATION cycle=5498 transfer=high_order local_fallback_groups=0 global_fallback_groups=0 global_high_order_groups=6144
CARTOON_AMR_TRANSACTION cycle=5499 requested_refine=6 requested_derefine_leaves=1696 accepted_derefine_parents=0 created_leaves=18 deleted_leaves=0 mirror_mismatches=0
AMR_Z4C_CHI_PROLONGATION cycle=5499 transfer=high_order local_fallback_groups=0 global_fallback_groups=0 global_high_order_groups=6144
CARTOON_AMR_TRANSACTION cycle=5500 requested_refine=6 requested_derefine_leaves=1708 accepted_derefine_parents=0 created_leaves=18 deleted_leaves=0 mirror_mismatches=0
AMR_Z4C_CHI_PROLONGATION cycle=5500 transfer=high_order local_fallback_groups=0 global_fallback_groups=0 global_high_order_groups=6144
elapsed=6.587386e+02 cycle=5500 time=1.671447e+01 dt=6.094443e-08
CARTOON_AMR_TRANSACTION cycle=5501 requested_refine=6 requested_derefine_leaves=1720 accepted_derefine_parents=0 created_leaves=18 deleted_leaves=0 mirror_mismatches=0
AMR_Z4C_CHI_PROLONGATION cycle=5501 transfer=high_order local_fallback_groups=0 global_fallback_groups=0 global_high_order_groups=6144
CARTOON_AMR_TRANSACTION cycle=5502 requested_refine=4 requested_derefine_leaves=1732 accepted_derefine_parents=0 created_leaves=12 deleted_leaves=0 mirror_mismatches=0
AMR_Z4C_CHI_PROLONGATION cycle=5502 transfer=high_order local_fallback_groups=0 global_fallback_groups=0 global_high_order_groups=4096
CARTOON_AMR_TRANSACTION cycle=5503 requested_refine=4 requested_derefine_leaves=1740 accepted_derefine_parents=0 created_leaves=12 deleted_leaves=0 mirror_mismatches=0
AMR_Z4C_CHI_PROLONGATION cycle=5503 transfer=high_order local_fallback_groups=0 global_fallback_groups=0 global_high_order_groups=4096
CARTOON_AMR_TRANSACTION cycle=5504 requested_refine=4 requested_derefine_leaves=1748 accepted_derefine_parents=0 created_leaves=12 deleted_leaves=0 mirror_mismatches=0
AMR_Z4C_CHI_PROLONGATION cycle=5504 transfer=high_order local_fallback_groups=0 global_fallback_groups=0 global_high_order_groups=4096
elapsed=6.646746e+02 cycle=5504 time=1.671447e+01 dt=6.094173e-08
CARTOON_AMR_TRANSACTION cycle=5505 requested_refine=2 requested_derefine_leaves=1756 accepted_derefine_parents=0 created_leaves=6 deleted_leaves=0 mirror_mismatches=0
AMR_Z4C_CHI_PROLONGATION cycle=5505 transfer=high_order local_fallback_groups=0 global_fallback_groups=0 global_high_order_groups=2048
CARTOON_AMR_TRANSACTION cycle=5506 requested_refine=10 requested_derefine_leaves=1760 accepted_derefine_parents=0 created_leaves=30 deleted_leaves=0 mirror_mismatches=0
AMR_Z4C_CHI_PROLONGATION cycle=5506 transfer=high_order local_fallback_groups=0 global_fallback_groups=0 global_high_order_groups=10240
CARTOON_AMR_TRANSACTION cycle=5507 requested_refine=2 requested_derefine_leaves=1780 accepted_derefine_parents=0 created_leaves=6 deleted_leaves=0 mirror_mismatches=0
AMR_Z4C_CHI_PROLONGATION cycle=5507 transfer=high_order local_fallback_groups=0 global_fallback_groups=0 global_high_order_groups=2048
CARTOON_AMR_TRANSACTION cycle=5508 requested_refine=2 requested_derefine_leaves=1784 accepted_derefine_parents=0 created_leaves=6 deleted_leaves=0 mirror_mismatches=0
AMR_Z4C_CHI_PROLONGATION cycle=5508 transfer=high_order local_fallback_groups=0 global_fallback_groups=0 global_high_order_groups=2048
elapsed=6.698768e+02 cycle=5508 time=1.671447e+01 dt=6.093771e-08
CARTOON_AMR_TRANSACTION cycle=5509 requested_refine=6 requested_derefine_leaves=1788 accepted_derefine_parents=0 created_leaves=18 deleted_leaves=0 mirror_mismatches=0
AMR_Z4C_CHI_PROLONGATION cycle=5509 transfer=high_order local_fallback_groups=0 global_fallback_groups=0 global_high_order_groups=6144
CARTOON_AMR_TRANSACTION cycle=5510 requested_refine=4 requested_derefine_leaves=1800 accepted_derefine_parents=0 created_leaves=12 deleted_leaves=0 mirror_mismatches=0
AMR_Z4C_CHI_PROLONGATION cycle=5510 transfer=high_order local_fallback_groups=0 global_fallback_groups=0 global_high_order_groups=4096
CARTOON_AMR_TRANSACTION cycle=5511 requested_refine=4 requested_derefine_leaves=1808 accepted_derefine_parents=0 created_leaves=12 deleted_leaves=0 mirror_mismatches=0
AMR_Z4C_CHI_PROLONGATION cycle=5511 transfer=high_order local_fallback_groups=0 global_fallback_groups=0 global_high_order_groups=4096
CARTOON_AMR_TRANSACTION cycle=5512 requested_refine=0 requested_derefine_leaves=1816 accepted_derefine_parents=0 created_leaves=0 deleted_leaves=0 mirror_mismatches=0
elapsed=6.748863e+02 cycle=5512 time=1.671447e+01 dt=6.089326e-08
CARTOON_AMR_TRANSACTION cycle=5513 requested_refine=0 requested_derefine_leaves=1816 accepted_derefine_parents=0 created_leaves=0 deleted_leaves=0 mirror_mismatches=0
CARTOON_AMR_TRANSACTION cycle=5514 requested_refine=2 requested_derefine_leaves=1816 accepted_derefine_parents=0 created_leaves=6 deleted_leaves=0 mirror_mismatches=0
AMR_Z4C_CHI_PROLONGATION cycle=5514 transfer=high_order local_fallback_groups=0 global_fallback_groups=0 global_high_order_groups=2048
CARTOON_AMR_TRANSACTION cycle=5515 requested_refine=0 requested_derefine_leaves=1820 accepted_derefine_parents=0 created_leaves=0 deleted_leaves=0 mirror_mismatches=0
CARTOON_AMR_TRANSACTION cycle=5516 requested_refine=4 requested_derefine_leaves=1820 accepted_derefine_parents=0 created_leaves=12 deleted_leaves=0 mirror_mismatches=0
AMR_Z4C_CHI_PROLONGATION cycle=5516 transfer=high_order local_fallback_groups=0 global_fallback_groups=0 global_high_order_groups=4096
elapsed=6.797465e+02 cycle=5516 time=1.671447e+01 dt=6.087305e-08
CARTOON_AMR_TRANSACTION cycle=5517 requested_refine=2 requested_derefine_leaves=1828 accepted_derefine_parents=0 created_leaves=6 deleted_leaves=0 mirror_mismatches=0
AMR_Z4C_CHI_PROLONGATION cycle=5517 transfer=high_order local_fallback_groups=0 global_fallback_groups=0 global_high_order_groups=2048
CARTOON_AMR_TRANSACTION cycle=5518 requested_refine=2 requested_derefine_leaves=1832 accepted_derefine_parents=0 created_leaves=6 deleted_leaves=0 mirror_mismatches=0
AMR_Z4C_CHI_PROLONGATION cycle=5518 transfer=high_order local_fallback_groups=0 global_fallback_groups=0 global_high_order_groups=2048
CARTOON_AMR_TRANSACTION cycle=5519 requested_refine=4 requested_derefine_leaves=1836 accepted_derefine_parents=0 created_leaves=12 deleted_leaves=0 mirror_mismatches=0
AMR_Z4C_CHI_PROLONGATION cycle=5519 transfer=high_order local_fallback_groups=0 global_fallback_groups=0 global_high_order_groups=4096
CARTOON_AMR_TRANSACTION cycle=5520 requested_refine=4 requested_derefine_leaves=1844 accepted_derefine_parents=0 created_leaves=12 deleted_leaves=0 mirror_mismatches=0
AMR_Z4C_CHI_PROLONGATION cycle=5520 transfer=high_order local_fallback_groups=0 global_fallback_groups=0 global_high_order_groups=4096
elapsed=6.850926e+02 cycle=5520 time=1.671447e+01 dt=6.086986e-08
CARTOON_AMR_TRANSACTION cycle=5521 requested_refine=2 requested_derefine_leaves=1852 accepted_derefine_parents=0 created_leaves=6 deleted_leaves=0 mirror_mismatches=0
AMR_Z4C_CHI_PROLONGATION cycle=5521 transfer=high_order local_fallback_groups=0 global_fallback_groups=0 global_high_order_groups=2048
CARTOON_AMR_TRANSACTION cycle=5522 requested_refine=4 requested_derefine_leaves=1856 accepted_derefine_parents=0 created_leaves=12 deleted_leaves=0 mirror_mismatches=0
AMR_Z4C_CHI_PROLONGATION cycle=5522 transfer=high_order local_fallback_groups=0 global_fallback_groups=0 global_high_order_groups=4096
CARTOON_AMR_TRANSACTION cycle=5523 requested_refine=4 requested_derefine_leaves=1864 accepted_derefine_parents=0 created_leaves=12 deleted_leaves=0 mirror_mismatches=0
AMR_Z4C_CHI_PROLONGATION cycle=5523 transfer=high_order local_fallback_groups=0 global_fallback_groups=0 global_high_order_groups=4096
CARTOON_AMR_TRANSACTION cycle=5524 requested_refine=4 requested_derefine_leaves=1872 accepted_derefine_parents=0 created_leaves=12 deleted_leaves=0 mirror_mismatches=0
AMR_Z4C_CHI_PROLONGATION cycle=5524 transfer=high_order local_fallback_groups=0 global_fallback_groups=0 global_high_order_groups=4096
elapsed=6.904765e+02 cycle=5524 time=1.671447e+01 dt=6.086689e-08
CARTOON_AMR_TRANSACTION cycle=5525 requested_refine=4 requested_derefine_leaves=1880 accepted_derefine_parents=0 created_leaves=12 deleted_leaves=0 mirror_mismatches=0
AMR_Z4C_CHI_PROLONGATION cycle=5525 transfer=high_order local_fallback_groups=0 global_fallback_groups=0 global_high_order_groups=4096
CARTOON_AMR_TRANSACTION cycle=5526 requested_refine=0 requested_derefine_leaves=1888 accepted_derefine_parents=0 created_leaves=0 deleted_leaves=0 mirror_mismatches=0
CARTOON_AMR_TRANSACTION cycle=5527 requested_refine=72 requested_derefine_leaves=1888 accepted_derefine_parents=0 created_leaves=216 deleted_leaves=0 mirror_mismatches=0
AMR_Z4C_CHI_PROLONGATION cycle=5527 transfer=high_order local_fallback_groups=0 global_fallback_groups=0 global_high_order_groups=73728
CARTOON_AMR_TRANSACTION cycle=5528 requested_refine=10 requested_derefine_leaves=2032 accepted_derefine_parents=0 created_leaves=30 deleted_leaves=0 mirror_mismatches=0
AMR_Z4C_CHI_PROLONGATION cycle=5528 transfer=high_order local_fallback_groups=0 global_fallback_groups=0 global_high_order_groups=10240
elapsed=6.958694e+02 cycle=5528 time=1.671447e+01 dt=3.043907e-08
CARTOON_AMR_TRANSACTION cycle=5529 requested_refine=14 requested_derefine_leaves=2052 accepted_derefine_parents=0 created_leaves=42 deleted_leaves=0 mirror_mismatches=0
AMR_Z4C_CHI_PROLONGATION cycle=5529 transfer=high_order local_fallback_groups=0 global_fallback_groups=0 global_high_order_groups=14336
CARTOON_AMR_TRANSACTION cycle=5530 requested_refine=4 requested_derefine_leaves=2080 accepted_derefine_parents=0 created_leaves=12 deleted_leaves=0 mirror_mismatches=0
AMR_Z4C_CHI_PROLONGATION cycle=5530 transfer=high_order local_fallback_groups=0 global_fallback_groups=0 global_high_order_groups=4096
CARTOON_AMR_TRANSACTION cycle=5531 requested_refine=18 requested_derefine_leaves=2088 accepted_derefine_parents=0 created_leaves=54 deleted_leaves=0 mirror_mismatches=0
AMR_Z4C_CHI_PROLONGATION cycle=5531 transfer=high_order local_fallback_groups=0 global_fallback_groups=0 global_high_order_groups=18432
CARTOON_AMR_TRANSACTION cycle=5532 requested_refine=12 requested_derefine_leaves=2124 accepted_derefine_parents=0 created_leaves=36 deleted_leaves=0 mirror_mismatches=0
AMR_Z4C_CHI_PROLONGATION cycle=5532 transfer=high_order local_fallback_groups=0 global_fallback_groups=0 global_high_order_groups=12288
elapsed=7.018814e+02 cycle=5532 time=1.671447e+01 dt=3.043885e-08
CARTOON_AMR_TRANSACTION cycle=5533 requested_refine=4 requested_derefine_leaves=2148 accepted_derefine_parents=0 created_leaves=12 deleted_leaves=0 mirror_mismatches=0
AMR_Z4C_CHI_PROLONGATION cycle=5533 transfer=high_order local_fallback_groups=0 global_fallback_groups=0 global_high_order_groups=4096
CARTOON_AMR_TRANSACTION cycle=5534 requested_refine=0 requested_derefine_leaves=2156 accepted_derefine_parents=0 created_leaves=0 deleted_leaves=0 mirror_mismatches=0
CARTOON_AMR_TRANSACTION cycle=5535 requested_refine=18 requested_derefine_leaves=2156 accepted_derefine_parents=0 created_leaves=54 deleted_leaves=0 mirror_mismatches=0
AMR_Z4C_CHI_PROLONGATION cycle=5535 transfer=high_order local_fallback_groups=0 global_fallback_groups=0 global_high_order_groups=18432
CARTOON_AMR_TRANSACTION cycle=5536 requested_refine=2 requested_derefine_leaves=2192 accepted_derefine_parents=0 created_leaves=6 deleted_leaves=0 mirror_mismatches=0
AMR_Z4C_CHI_PROLONGATION cycle=5536 transfer=high_order local_fallback_groups=0 global_fallback_groups=0 global_high_order_groups=2048
elapsed=7.078282e+02 cycle=5536 time=1.671447e+01 dt=3.044022e-08
CARTOON_AMR_TRANSACTION cycle=5537 requested_refine=14 requested_derefine_leaves=2196 accepted_derefine_parents=0 created_leaves=42 deleted_leaves=0 mirror_mismatches=0
AMR_Z4C_CHI_PROLONGATION cycle=5537 transfer=high_order local_fallback_groups=0 global_fallback_groups=0 global_high_order_groups=14336
CARTOON_AMR_TRANSACTION cycle=5538 requested_refine=2 requested_derefine_leaves=2224 accepted_derefine_parents=0 created_leaves=6 deleted_leaves=0 mirror_mismatches=0
AMR_Z4C_CHI_PROLONGATION cycle=5538 transfer=high_order local_fallback_groups=0 global_fallback_groups=0 global_high_order_groups=2048
CARTOON_AMR_TRANSACTION cycle=5539 requested_refine=12 requested_derefine_leaves=2228 accepted_derefine_parents=0 created_leaves=36 deleted_leaves=0 mirror_mismatches=0
AMR_Z4C_CHI_PROLONGATION cycle=5539 transfer=high_order local_fallback_groups=0 global_fallback_groups=0 global_high_order_groups=12288
CARTOON_AMR_TRANSACTION cycle=5540 requested_refine=4 requested_derefine_leaves=2252 accepted_derefine_parents=0 created_leaves=12 deleted_leaves=0 mirror_mismatches=0
AMR_Z4C_CHI_PROLONGATION cycle=5540 transfer=high_order local_fallback_groups=0 global_fallback_groups=0 global_high_order_groups=4096
elapsed=7.141724e+02 cycle=5540 time=1.671447e+01 dt=3.043879e-08
CARTOON_AMR_TRANSACTION cycle=5541 requested_refine=6 requested_derefine_leaves=2260 accepted_derefine_parents=0 created_leaves=18 deleted_leaves=0 mirror_mismatches=0
AMR_Z4C_CHI_PROLONGATION cycle=5541 transfer=high_order local_fallback_groups=0 global_fallback_groups=0 global_high_order_groups=6144
CARTOON_AMR_TRANSACTION cycle=5542 requested_refine=4 requested_derefine_leaves=2272 accepted_derefine_parents=0 created_leaves=12 deleted_leaves=0 mirror_mismatches=0
AMR_Z4C_CHI_PROLONGATION cycle=5542 transfer=high_order local_fallback_groups=0 global_fallback_groups=0 global_high_order_groups=4096
CARTOON_AMR_TRANSACTION cycle=5543 requested_refine=14 requested_derefine_leaves=2280 accepted_derefine_parents=0 created_leaves=42 deleted_leaves=0 mirror_mismatches=0
AMR_Z4C_CHI_PROLONGATION cycle=5543 transfer=high_order local_fallback_groups=0 global_fallback_groups=0 global_high_order_groups=14336
CARTOON_AMR_TRANSACTION cycle=5544 requested_refine=4 requested_derefine_leaves=2308 accepted_derefine_parents=0 created_leaves=12 deleted_leaves=0 mirror_mismatches=0
AMR_Z4C_CHI_PROLONGATION cycle=5544 transfer=high_order local_fallback_groups=0 global_fallback_groups=0 global_high_order_groups=4096
elapsed=7.206908e+02 cycle=5544 time=1.671447e+01 dt=3.043847e-08
CARTOON_AMR_TRANSACTION cycle=5545 requested_refine=12 requested_derefine_leaves=2316 accepted_derefine_parents=0 created_leaves=36 deleted_leaves=0 mirror_mismatches=0
AMR_Z4C_CHI_PROLONGATION cycle=5545 transfer=high_order local_fallback_groups=0 global_fallback_groups=0 global_high_order_groups=12288
CARTOON_AMR_TRANSACTION cycle=5546 requested_refine=0 requested_derefine_leaves=2340 accepted_derefine_parents=0 created_leaves=0 deleted_leaves=0 mirror_mismatches=0
CARTOON_AMR_TRANSACTION cycle=5547 requested_refine=6 requested_derefine_leaves=2340 accepted_derefine_parents=0 created_leaves=18 deleted_leaves=0 mirror_mismatches=0
AMR_Z4C_CHI_PROLONGATION cycle=5547 transfer=high_order local_fallback_groups=0 global_fallback_groups=0 global_high_order_groups=6144
CARTOON_AMR_TRANSACTION cycle=5548 requested_refine=2 requested_derefine_leaves=2352 accepted_derefine_parents=0 created_leaves=6 deleted_leaves=0 mirror_mismatches=0
AMR_Z4C_CHI_PROLONGATION cycle=5548 transfer=high_order local_fallback_groups=0 global_fallback_groups=0 global_high_order_groups=2048
elapsed=7.270728e+02 cycle=5548 time=1.671447e+01 dt=3.044014e-08
CARTOON_AMR_TRANSACTION cycle=5549 requested_refine=12 requested_derefine_leaves=2356 accepted_derefine_parents=0 created_leaves=36 deleted_leaves=0 mirror_mismatches=0
AMR_Z4C_CHI_PROLONGATION cycle=5549 transfer=high_order local_fallback_groups=0 global_fallback_groups=0 global_high_order_groups=12288
CARTOON_AMR_TRANSACTION cycle=5550 requested_refine=4 requested_derefine_leaves=2380 accepted_derefine_parents=0 created_leaves=12 deleted_leaves=0 mirror_mismatches=0
AMR_Z4C_CHI_PROLONGATION cycle=5550 transfer=high_order local_fallback_groups=0 global_fallback_groups=0 global_high_order_groups=4096
CARTOON_AMR_TRANSACTION cycle=5551 requested_refine=10 requested_derefine_leaves=2388 accepted_derefine_parents=0 created_leaves=30 deleted_leaves=0 mirror_mismatches=0
AMR_Z4C_CHI_PROLONGATION cycle=5551 transfer=high_order local_fallback_groups=0 global_fallback_groups=0 global_high_order_groups=10240
CARTOON_AMR_TRANSACTION cycle=5552 requested_refine=4 requested_derefine_leaves=2408 accepted_derefine_parents=0 created_leaves=12 deleted_leaves=0 mirror_mismatches=0
AMR_Z4C_CHI_PROLONGATION cycle=5552 transfer=high_order local_fallback_groups=0 global_fallback_groups=0 global_high_order_groups=4096
elapsed=7.338511e+02 cycle=5552 time=1.671447e+01 dt=3.043940e-08
CARTOON_AMR_TRANSACTION cycle=5553 requested_refine=6 requested_derefine_leaves=2416 accepted_derefine_parents=0 created_leaves=18 deleted_leaves=0 mirror_mismatches=0
AMR_Z4C_CHI_PROLONGATION cycle=5553 transfer=high_order local_fallback_groups=0 global_fallback_groups=0 global_high_order_groups=6144
CARTOON_AMR_TRANSACTION cycle=5554 requested_refine=2 requested_derefine_leaves=2428 accepted_derefine_parents=0 created_leaves=6 deleted_leaves=0 mirror_mismatches=0
AMR_Z4C_CHI_PROLONGATION cycle=5554 transfer=high_order local_fallback_groups=0 global_fallback_groups=0 global_high_order_groups=2048
CARTOON_AMR_TRANSACTION cycle=5555 requested_refine=10 requested_derefine_leaves=2432 accepted_derefine_parents=0 created_leaves=30 deleted_leaves=0 mirror_mismatches=0
AMR_Z4C_CHI_PROLONGATION cycle=5555 transfer=high_order local_fallback_groups=0 global_fallback_groups=0 global_high_order_groups=10240
CARTOON_AMR_TRANSACTION cycle=5556 requested_refine=2 requested_derefine_leaves=2452 accepted_derefine_parents=0 created_leaves=6 deleted_leaves=0 mirror_mismatches=0
AMR_Z4C_CHI_PROLONGATION cycle=5556 transfer=high_order local_fallback_groups=0 global_fallback_groups=0 global_high_order_groups=2048
elapsed=7.407350e+02 cycle=5556 time=1.671447e+01 dt=3.043978e-08
CARTOON_AMR_TRANSACTION cycle=5557 requested_refine=8 requested_derefine_leaves=2456 accepted_derefine_parents=0 created_leaves=24 deleted_leaves=0 mirror_mismatches=0
AMR_Z4C_CHI_PROLONGATION cycle=5557 transfer=high_order local_fallback_groups=0 global_fallback_groups=0 global_high_order_groups=8192
CARTOON_AMR_TRANSACTION cycle=5558 requested_refine=0 requested_derefine_leaves=2472 accepted_derefine_parents=0 created_leaves=0 deleted_leaves=0 mirror_mismatches=0
CARTOON_AMR_TRANSACTION cycle=5559 requested_refine=8 requested_derefine_leaves=2472 accepted_derefine_parents=0 created_leaves=24 deleted_leaves=0 mirror_mismatches=0
AMR_Z4C_CHI_PROLONGATION cycle=5559 transfer=high_order local_fallback_groups=0 global_fallback_groups=0 global_high_order_groups=8192
CARTOON_AMR_TRANSACTION cycle=5560 requested_refine=0 requested_derefine_leaves=2488 accepted_derefine_parents=0 created_leaves=0 deleted_leaves=0 mirror_mismatches=0
elapsed=7.471473e+02 cycle=5560 time=1.671447e+01 dt=3.043801e-08
CARTOON_AMR_TRANSACTION cycle=5561 requested_refine=6 requested_derefine_leaves=2488 accepted_derefine_parents=0 created_leaves=18 deleted_leaves=0 mirror_mismatches=0
AMR_Z4C_CHI_PROLONGATION cycle=5561 transfer=high_order local_fallback_groups=0 global_fallback_groups=0 global_high_order_groups=6144
CARTOON_AMR_TRANSACTION cycle=5562 requested_refine=2 requested_derefine_leaves=2500 accepted_derefine_parents=0 created_leaves=6 deleted_leaves=0 mirror_mismatches=0
AMR_Z4C_CHI_PROLONGATION cycle=5562 transfer=high_order local_fallback_groups=0 global_fallback_groups=0 global_high_order_groups=2048
CARTOON_AMR_TRANSACTION cycle=5563 requested_refine=6 requested_derefine_leaves=2504 accepted_derefine_parents=0 created_leaves=18 deleted_leaves=0 mirror_mismatches=0
AMR_Z4C_CHI_PROLONGATION cycle=5563 transfer=high_order local_fallback_groups=0 global_fallback_groups=0 global_high_order_groups=6144
CARTOON_AMR_TRANSACTION cycle=5564 requested_refine=2 requested_derefine_leaves=2516 accepted_derefine_parents=0 created_leaves=6 deleted_leaves=0 mirror_mismatches=0
AMR_Z4C_CHI_PROLONGATION cycle=5564 transfer=high_order local_fallback_groups=0 global_fallback_groups=0 global_high_order_groups=2048
elapsed=7.542090e+02 cycle=5564 time=1.671447e+01 dt=3.043694e-08
CARTOON_AMR_TRANSACTION cycle=5565 requested_refine=8 requested_derefine_leaves=2520 accepted_derefine_parents=0 created_leaves=24 deleted_leaves=0 mirror_mismatches=0
AMR_Z4C_CHI_PROLONGATION cycle=5565 transfer=high_order local_fallback_groups=0 global_fallback_groups=0 global_high_order_groups=8192
CARTOON_AMR_TRANSACTION cycle=5566 requested_refine=0 requested_derefine_leaves=2536 accepted_derefine_parents=0 created_leaves=0 deleted_leaves=0 mirror_mismatches=0
CARTOON_AMR_TRANSACTION cycle=5567 requested_refine=4 requested_derefine_leaves=2536 accepted_derefine_parents=0 created_leaves=12 deleted_leaves=0 mirror_mismatches=0
AMR_Z4C_CHI_PROLONGATION cycle=5567 transfer=high_order local_fallback_groups=0 global_fallback_groups=0 global_high_order_groups=4096
CARTOON_AMR_TRANSACTION cycle=5568 requested_refine=0 requested_derefine_leaves=2544 accepted_derefine_parents=0 created_leaves=0 deleted_leaves=0 mirror_mismatches=0
elapsed=7.608300e+02 cycle=5568 time=1.671447e+01 dt=3.043877e-08
CARTOON_AMR_TRANSACTION cycle=5569 requested_refine=6 requested_derefine_leaves=2544 accepted_derefine_parents=0 created_leaves=18 deleted_leaves=0 mirror_mismatches=0
AMR_Z4C_CHI_PROLONGATION cycle=5569 transfer=high_order local_fallback_groups=0 global_fallback_groups=0 global_high_order_groups=6144
CARTOON_AMR_TRANSACTION cycle=5570 requested_refine=2 requested_derefine_leaves=2556 accepted_derefine_parents=0 created_leaves=6 deleted_leaves=0 mirror_mismatches=0
AMR_Z4C_CHI_PROLONGATION cycle=5570 transfer=high_order local_fallback_groups=0 global_fallback_groups=0 global_high_order_groups=2048
CARTOON_AMR_TRANSACTION cycle=5571 requested_refine=8 requested_derefine_leaves=2560 accepted_derefine_parents=0 created_leaves=24 deleted_leaves=0 mirror_mismatches=0
AMR_Z4C_CHI_PROLONGATION cycle=5571 transfer=high_order local_fallback_groups=0 global_fallback_groups=0 global_high_order_groups=8192
CARTOON_AMR_TRANSACTION cycle=5572 requested_refine=2 requested_derefine_leaves=2576 accepted_derefine_parents=0 created_leaves=6 deleted_leaves=0 mirror_mismatches=0
AMR_Z4C_CHI_PROLONGATION cycle=5572 transfer=high_order local_fallback_groups=0 global_fallback_groups=0 global_high_order_groups=2048
elapsed=7.681758e+02 cycle=5572 time=1.671447e+01 dt=3.043945e-08
CARTOON_AMR_TRANSACTION cycle=5573 requested_refine=8 requested_derefine_leaves=2580 accepted_derefine_parents=0 created_leaves=24 deleted_leaves=0 mirror_mismatches=0
AMR_Z4C_CHI_PROLONGATION cycle=5573 transfer=high_order local_fallback_groups=0 global_fallback_groups=0 global_high_order_groups=8192
CARTOON_AMR_TRANSACTION cycle=5574 requested_refine=2 requested_derefine_leaves=2596 accepted_derefine_parents=0 created_leaves=6 deleted_leaves=0 mirror_mismatches=0
AMR_Z4C_CHI_PROLONGATION cycle=5574 transfer=high_order local_fallback_groups=0 global_fallback_groups=0 global_high_order_groups=2048
CARTOON_AMR_TRANSACTION cycle=5575 requested_refine=8 requested_derefine_leaves=2600 accepted_derefine_parents=0 created_leaves=24 deleted_leaves=0 mirror_mismatches=0
### FATAL ERROR in /home/hzhu/athenak-brill-o4-26d4c371-20260820/src/mesh/mesh_refinement.cpp at line 711
Number of MeshBlocks in this rank on new tree = 4100 on rank = 0 exceeds <mesh_refinement>/max_nmb_per_rank = 4096
