# Black Hole
# 1:iter 2:time 3:x 4:y 5:z 6:vx 7:vy 8:vz
0 0 0.002845317287333418762 -2.126143239406313379e-22 -2.123560546231149379e-22 0.9740886228440097661 -7.278808410092467051e-20 -7.26996661220432497e-20
1 0.002921004537581040061 0.005685126736216583772 -2.228861343387105952e-21 -2.227928329850231743e-21 0.9683904176717550438 -6.875511644131913078e-19 -6.873210729763651931e-19
2 0.005853509235129322058 0.008519397048920672802 -8.202190135098825368e-21 -8.202250958183437168e-21 0.9627029951110188666 -2.028931923955179827e-18 -2.029269495670858388e-18
3 0.008797584746577420331 0.01134809697700073575 -1.641966807914279137e-20 -1.641864811578953126e-20 0.9570265053487908569 -2.780197404999040911e-18 -2.779831745404893639e-18
4 0.01175330218206175475 0.01417119445292358559 -1.354740896408372566e-20 -1.353636913969948323e-20 0.9513608051846287328 9.679278762800178536e-19 9.713044876579711776e-19
5 0.01472073310893810133 0.01698865681551318604 1.477441973896917769e-21 1.550353926490301308e-21 0.9457058309622266012 5.043222344353395472e-18 5.063990264166047437e-18
6 0.01769994955272688464 0.01980045141725417929 3.182035641932464804e-20 3.144573607840218759e-20 0.9400617247082909689 1.014448653844894635e-17 9.994863952416287408e-18
7 0.020691023997985801 0.02260654572535163512 9.377827077761309017e-20 9.284304916087279446e-20 0.9344286614981857086 2.063196907387191553e-17 2.044528899748068113e-17
8 0.02369402938910725523 0.02540690705700296426 1.926487050447289304e-19 1.961503431415402669e-19 0.9288067274562316067 3.279274122802744881e-17 3.42643317346340325e-17
9 0.02670903913103797253 0.02820150219486765308 2.977039556394498235e-19 3.123321818678671877e-19 0.9231958819255859927 3.47050538411130688e-17 3.838072771737605732e-17
10 0.02973612708991812958 0.03099029761139275585 3.720790940831443059e-19 4.127321347509243184e-19 0.9175961603277288381 2.447161991710874971e-17 3.303455345511495331e-17
11 0.0327753675936371669 0.03377016291095417955 4.153897240833323708e-19 5.219576099194511134e-19 0.9120139655197351258 1.420928540021755466e-17 3.58345272196972157e-17
12 0.03582341883480126554 0.03653348918468091872 4.504866214036142478e-19 6.748889562926426461e-19 0.9064647457515927487 1.151297275626927571e-17 5.016666881709399357e-17
13 0.03887188408033658699 0.03928037120610619604 4.912238657051580129e-19 8.889743158072613757e-19 0.9009483529088339049 1.336138679027686232e-17 7.021774161837200791e-17
14 0.04192076253441955058 0.04201090322034362751 5.359947785879265464e-19 1.108752961668587109e-18 0.8954645963303680123 1.46824015330604855e-17 7.20753301452169001e-17
15 0.04497005340021949932 0.04472517891122879119 5.887986079539466957e-19 1.1955600544436064e-18 0.8900132747172488923 1.731441992037895955e-17 2.846411850086739301e-17
16 0.0480197558799352886 0.04742329171624620754 6.070129406000243772e-19 1.062325200539721169e-18 0.884594290163606356 5.971690519350588125e-18 -4.368193605359591821e-17
17 0.05106986917483163912 0.05010533462896902407 5.138753789705373293e-19 7.566691659553089875e-19 0.8792074800872979878 -3.053166691453289726e-17 -1.001979016314904855e-16
18 0.05412039248527539259 0.05277140028842795122 2.51053365706724385e-19 4.437207814874098762e-19 0.8738527113199110463 -8.614481345210046111e-17 -1.025746658939974827e-16
19 0.05717132501077155926 0.05542158121187991393 -1.861383336551845369e-19 2.587995803798830745e-19 0.8685299270827506746 -1.43278548044708552e-16 -6.060325764656645512e-17
20 0.06022266594999916428 0.05805596962714038717 -6.891761774495481936e-19 2.073072618428098933e-19 0.8632390157205562797 -1.648359409082436374e-16 -1.687305414555483424e-17
21 0.06327441450084694829 0.06067465756202854166 -1.027725571440003358e-18 2.012603243293967916e-19 0.8579798949781310968 -1.109214158857941389e-16 -1.981202396657116214e-18
22 0.06632656986044882519 0.06327773662608308924 -1.012554878947208237e-18 1.218362338386481111e-19 0.8527524111707398546 4.969823921602482625e-18 -2.601883500439453652e-17
23 0.06937913122521915943 0.06586529783275624217 -6.327486130830768382e-19 -6.260104569362954289e-20 0.8475563524903542145 1.244056420843716516e-16 -6.041247932627815267e-17
24 0.07243209779088784217 0.0684374317478668448 -5.951460431948784106e-20 -2.672907193600981777e-19 0.8423915558962736805 1.877380822585408391e-16 -6.703727658300490883e-17
25 0.07548546875253518695 0.07099422877785946384 5.367694672759430387e-19 -4.115583055432784632e-19 0.8372579528641248547 1.952613270639304113e-16 -4.724238273725102111e-17
26 0.0785392433046266103 0.07353577907847454187 1.022544358447072254e-18 -4.568111559743966728e-19 0.8321554450383539248 1.59052614718323422e-16 -1.481670690548514855e-17
27 0.08159342064104713188 0.07606217256697239693 1.343845003818746329e-18 -4.01173365358909897e-19 0.8270839381532564261 1.051865452927497038e-16 1.821455097232857692e-17
28 0.08464799995513570818 0.07857349867354576634 1.526114976940177588e-18 -2.818557549717375009e-19 0.8220432566578794731 5.966322012242734629e-17 3.905675044056311828e-17
29 0.08770298043971931634 0.08106984621516680201 1.625699299158724661e-18 -1.729505124879930666e-19 0.8170331838411543091 3.25930963082361158e-17 3.56437537321853888e-17
30 0.09075836128714689921 0.08355130348143809116 1.700931616144494868e-18 -1.526389824521577999e-19 0.8120535312367741509 2.4619673891551084e-17 6.646920708494104973e-18
31 0.09381414168932307451 0.08601795858927227534 1.805933664482154456e-18 -2.341872072390149561e-19 0.8071042265668681992 3.435729492231901688e-17 -2.668306431874377703e-17
32 0.09687032083774167746 0.08846989957293106832 2.004820749892275222e-18 -3.380307053727076865e-19 0.8021852270855401867 6.506856520503476298e-17 -3.397378676195963066e-17
33 0.09992689792351905353 0.09090721421046787931 2.377826632976470819e-18 -3.726534728467478885e-19 0.797296433331984189 1.220180011290744505e-16 -1.132582908829224142e-17
34 0.1029838721374271987 0.09332998984864215863 2.83645380429878806e-18 -3.237857479583725462e-19 0.7924376886676014475 1.500070620970447046e-16 1.598357947423057838e-17
35 0.1060412426699266358 0.09573831312615242728 3.145573763665790436e-18 -2.303554629002307198e-19 0.7876087460596078449 1.010933979888018941e-16 3.055507968793485559e-17
36 0.1090990087111991247 0.09813226999126299643 3.03944147213872276e-18 -1.238329757940698049e-19 0.7828093644042489752 -3.47046151431943364e-17 3.48322067292061916e-17
37 0.1121571694511801359 0.1005119459623484007 2.402167905941787012e-18 2.442820165273784561e-20 0.7780393879450485661 -2.083577518208366209e-16 4.84742616887088195e-17
38 0.1152157240795911586 0.1028774265503940022 1.385529528373457173e-18 2.922419974976185974e-19 0.7732987991627023883 -3.32349054365248732e-16 8.755095593372045714e-17
39 0.11827467178597173 0.105228797087931189 3.667322382621283605e-19 7.118297857687140861e-19 0.7685875246689264362 -3.330121198874175922e-16 1.371497747464186023e-16
40 0.1213340117597112994 0.1075661425825829437 -2.792727110488030071e-19 1.139240955383098872e-18 0.7639054432857375065 -2.111312590703129388e-16 1.396891130287090444e-16
41 0.124393743190080841 0.1098895474666518463 -4.129234456192926099e-19 1.328903069775562305e-18 0.7592523521044002299 -4.367496826700992224e-17 6.19786105490950415e-17
42 0.1274538652662643157 0.1121990954373289773 -2.157493794931591277e-19 1.068290576071202877e-18 0.7546279961471522579 6.442519155353397623e-17 -8.515323621417252346e-17
43 0.1305143771773898398 0.1144948695270976285 -4.528222837408359293e-20 3.338378923162098548e-19 0.7500321436049759427 5.56918223521540468e-17 -2.399465710620932437e-16
44 0.133575278112560647 0.1167769525427650862 -1.381235084526402634e-19 -6.561247005028437999e-19 0.7454647062385064693 -3.032751092112477234e-17 -3.233809499375829265e-16
45 0.136636567260885966 0.11904542726611618 -4.786198732608954902e-19 -1.593712530211604574e-18 0.7409256614281087838 -1.11212389414125677e-16 -3.062334685606242909e-16
46 0.1396982438115114133 0.1213003762926784662 -8.948755326185902834e-19 -2.344118684098936503e-18 0.7364149339480280387 -1.359396067407837656e-16 -2.45065538839075088e-16
47 0.1427603069536494684 0.1235418818834360943 -1.261842366121813107e-18 -3.038948245071168948e-18 0.7319324002279542496 -1.198279033331706303e-16 -2.268869060192025604e-16
48 0.14582275587660945 0.125770025608118674 -1.60799442149050796e-18 -3.910998286897450358e-18 0.7274778203337306515 -1.130169207462294546e-16 -2.847199920822429513e-16
49 0.1488855897698275477 0.1279848881821327167 -2.060318660184640517e-18 -5.038629804694910526e-18 0.723050901255668732 -1.476630885747689006e-16 -3.681198981795521699e-16
50 0.1519488078228963812 0.1301865496504880926 -2.71824993382534848e-18 -6.228508752300901944e-18 0.7186514102051239083 -2.147574658574295094e-16 -3.883922192221464466e-16
51 0.1550124092255944774 0.1323750899899202027 -3.585480117614054603e-18 -7.158943991311163774e-18 0.7142793110639621412 -2.830400550767111518e-16 -3.03668444915359116e-16
52 0.1580763931679155243 0.1345505893652452489 -4.587426807496588131e-18 -7.622171931730250825e-18 0.7099346514269281316 -3.269670780410315741e-16 -1.511660127980971029e-16
53 0.1611407588400973478 0.1367131278738200062 -5.5916057445088612e-18 -7.671199473170922959e-18 0.705617395522759594 -3.276548016897049871e-16 -1.599725783521496808e-17
54 0.1642055054326507224 0.1388627851787912759 -6.454429011708414349e-18 -7.559134599581276477e-18 0.7013273879837704783 -2.81496770149031729e-16 3.656125322748054319e-17
55 0.1672706321363878756 0.1409996400162217833 -7.058709140468923345e-18 -7.526677796766201145e-18 0.6970643127771540826 -1.971224742555928705e-16 1.058774725963097779e-17
56 0.170336138142450827 0.1431237700902356635 -7.337991166464685904e-18 -7.639232848040000723e-18 0.692827819864378025 -9.109345965443300719e-17 -3.671209769248815085e-17
57 0.1734020226423395317 0.145235252408770027 -7.260079163646530681e-18 -7.801601039337201975e-18 0.6886176689163611142 2.540943927888711517e-17 -5.295313364255618859e-17
58 0.1764682848279396921 0.147334163960677389 -6.844788399479564204e-18 -7.922521940485255741e-18 0.6844338405563844541 1.354221202928225574e-16 -3.943108355427959992e-17
59 0.1795349238915504575 0.1494205824030040708 -6.161989577954892372e-18 -8.058998399878655204e-18 0.6802765395421243033 2.226264924078528333e-16 -4.449813692289359295e-17
60 0.1826019390259118191 0.151494585539524329 -5.336816696003670402e-18 -8.329713790685974474e-18 0.6761458005659050086 2.69014626375295332e-16 -8.825592952093376679e-17
61 0.1856693294242318104 0.1535562506321353216 -4.526045947410628112e-18 -8.769688911699627648e-18 0.672041433876875427 2.642871232494142377e-16 -1.43418789140821308e-16
62 0.1887370942802134577 0.1556056537260019079 -3.887515712142629806e-18 -9.277359590324484443e-18 0.6679630298994106985 2.081164959243293828e-16 -1.654653716978447667e-16
63 0.1918052327880815089 0.1576428696073798597 -3.566790080319394196e-18 -9.632300312999511413e-18 0.6639101655505188493 1.04521572439359161e-16 -1.156719600047523015e-16
64 0.1948737441426089401 0.1596679722875925522 -3.634866852023187766e-18 -9.643494958122266988e-18 0.6598825756950019716 -2.21829124497438073e-17 -3.647790963774613329e-18
65 0.1979426275391432677 0.1616810357483749738 -4.057981714725264513e-18 -9.251343663632147014e-18 0.6558802382055821667 -1.378559008912213115e-16 1.277675987138724799e-16
66 0.2010118821736325556 0.1636821346520315745 -4.672491082506672556e-18 -8.557940812974924249e-18 0.6519033623530871013 -2.001903665641673443e-16 2.258917082922099123e-16
67 0.2040815072426512278 0.1656713442046881257 -5.282802538601001393e-18 -7.766890602684936917e-18 0.6479521128016040299 -1.987988630535293041e-16 2.576715230454383744e-16
68 0.2071515019434257143 0.1676487393938404236 -5.776760169735402493e-18 -7.070864709128427533e-18 0.6440264058480308362 -1.608792008627634746e-16 2.26691688673789364e-16
69 0.210221865473859737 0.1696143941493926388 -6.163046348858446671e-18 -6.561659833276833617e-18 0.6401258846554884752 -1.257961406716406099e-16 1.658252654514688818e-16
70 0.2132925970325595111 0.1715683808779056019 -6.537612208179081036e-18 -6.247565083460744914e-18 0.6362500409397956469 -1.219647707171329808e-16 1.02274388312528687e-16
71 0.2163636958188586146 0.1735107707823286549 -6.927290440287692365e-18 -6.09558902603252246e-18 0.6323984707948462347 -1.268704689652530664e-16 4.947998653420998837e-17
72 0.2194351610328426072 0.1754416346548845207 -7.213653699120849977e-18 -6.008539919389520168e-18 0.6285710286589082374 -9.322233987246952841e-17 2.833785813911535844e-17
73 0.2225069918753735942 0.1773610437232389925 -7.249671422554592973e-18 -5.873963981754574359e-18 0.6247678445045687923 -1.17237725947357185e-17 4.380448121486041143e-17
74 0.2255791875481143183 0.1792690701810255305 -7.047204504788894781e-18 -5.643601080061259128e-18 0.6209892209448879541 6.589519396722155089e-17 7.497426373378963309e-17
75 0.2286517472535521955 0.1811657867285959844 -6.877422890359723e-18 -5.439283836679654791e-18 0.6172353110366485263 5.525085323093140242e-17 6.648954343248299752e-17
76 0.2317246701950231025 0.1830512655227581054 -7.104865294558626668e-18 -5.541948530123693635e-18 0.6135059260627336863 -7.400627535351901547e-17 -3.340551907576415644e-17
77 0.234797955576734857 0.1849255772380952456 -7.871847327506807694e-18 -6.209219263232051896e-18 0.6098005720366067584 -2.495348445012914535e-16 -2.170941319008792614e-16
78 0.2378716026037904774 0.186788790708482394 -8.893151304216092064e-18 -7.511025112449035604e-18 0.6061186386237575885 -3.322385683780163007e-16 -4.234881303836274423e-16
79 0.2409456104822113309 0.1886409734931289162 -9.591516431620853218e-18 -9.241928900141621503e-18 0.6024596999295378508 -2.271573025001526642e-16 -5.630112671299806709e-16
80 0.2440199784189598931 0.1904821929394108493 -9.461170023933019292e-18 -1.094661292398010903e-17 0.5988236759618740246 4.239283652889582373e-17 -5.544179731372110878e-16
81 0.2470947056219623961 0.1923125171677436407 -8.379383580357282059e-18 -1.218117653589369297e-17 0.5952108070766878312 3.517906675757870714e-16 -4.014729152680936504e-16
82 0.2501697913001311724 0.1941320155384052004 -6.710680944194910364e-18 -1.276199367982774401e-17 0.5916214853442820498 5.42589291709754384e-16 -1.88856394129525453e-16
83 0.2532452346633868867 0.1959407583562202682 -5.080952509861756872e-18 -1.282929373206089428e-17 0.5880560066766434835 5.298550936163636014e-16 -2.188050151494917151e-17
84 0.2563210349226803242 0.1977388153569028806 -4.034763651398778503e-18 -1.2753202783044062e-17 0.5845141748242801416 3.400961243624040134e-16 2.473572209295099214e-17
85 0.2593971912900142063 0.1995262544388365644 -3.805227358377391002e-18 -1.293503586659889881e-17 0.5809953814393007399 7.46092705849608487e-17 -5.910365438800786931e-17
86 0.2624737029784645626 0.2013031411301681728 -4.324946427771950623e-18 -1.362108917184874432e-17 0.577498845293706653 -1.68911818585096995e-16 -2.229714441131896761e-16
87 0.265550569202202047 0.2030695392756790563 -5.364365299312332428e-18 -1.476758225923732056e-17 0.5740240087667024538 -3.377785404415735739e-16 -3.725743030916496942e-16
88 0.2686277891765129211 0.2048255124890824563 -6.690846077607654123e-18 -1.60580562906151765e-17 0.5705707864255337158 -4.310152199778690235e-16 -4.193154982802326404e-16
89 0.2717053621178198153 0.2065711254485150528 -8.105521134023524537e-18 -1.712017151886342691e-17 0.5671395138087145238 -4.596197108629375227e-16 -3.450750699933717724e-16
90 0.2747832872437022678 0.2083064444481474708 -9.493636842827581782e-18 -1.763702286319623077e-17 0.5637307055305396108 -4.509392498139490526e-16 -1.679028311548810353e-16
91 0.2778615637729171528 0.2100315369400586885 -1.076839439686929032e-17 -1.745935017788046223e-17 0.5603447271974708599 -4.140668846521034761e-16 5.771166059241600347e-17
92 0.2809401909254187202 0.2117464704501138828 -1.180069416975880132e-17 -1.663101766878057808e-17 0.55698159218095733 -3.35273622995176038e-16 2.690284824855112209e-16
93 0.2840191679223785237 0.213451310671905925 -1.242463181999119736e-17 -1.534518819947615125e-17 0.5536406948972453224 -2.026214948660173533e-16 4.175684687663892545e-16
94 0.2870984939862049057 0.2151461205758539719 -1.253149580683411415e-17 -1.383040079776570424e-17 0.5503211407887450557 -3.469976839976606537e-17 4.91866096026344874e-16
95 0.2901781683405627588 0.216830960768229053 -1.213501585513231267e-17 -1.228691345877899249e-17 0.5470221523031796318 1.287263430125342612e-16 5.011286946063368707e-16
96 0.2932581902103924554 0.2185058910043269909 -1.140767810023903117e-17 -1.078916627808434596e-17 0.5437434435038238645 2.361203630530734501e-16 4.862233614137440816e-16
97 0.2963385588219289435 0.2201709719461245329 -1.060766992471343884e-17 -9.350470029735833391e-18 0.5404852991508574123 2.59682666000183947e-16 4.670008241980185087e-16
98 0.2994192734027205094 0.2218262661654121226 -9.923099585078499412e-18 -8.019419657481078637e-18 0.5372483294900963768 2.221866463991090878e-16 4.32010563819167906e-16
99 0.3025003331816473739 0.2234718379843148028 -9.374734379965472506e-18 -6.940345362508750371e-18 0.5340330927725062127 1.77959517227646487e-16 3.501891418264911023e-16
100 0.3055817373889399557 0.2251077523848403761 -8.813734570613610175e-18 -6.310420269678150381e-18 0.5308397931923133362 1.820394897688978621e-16 2.044051362940582666e-16
101 0.3086634852561970233 0.2267340734128237278 -8.000541264258893706e-18 -6.270808015386713203e-18 0.5276681170396217979 2.638446981685386197e-16 1.285239708151339581e-17
102 0.3117455760164034584 0.2283508626528162333 -6.784395696748705761e-18 -6.788102386153621438e-18 0.5245172560043459553 3.945408097689017677e-16 -1.678201568822974612e-16
103 0.3148280089039481866 0.229958178680042008 -5.310711997453027077e-18 -7.646292069233263347e-18 0.5213862243932915197 4.780381498789032555e-16 -2.783822665207092411e-16
104 0.3179107831546413299 0.2315560779682118986 -4.010675033255806227e-18 -8.561126152305867486e-18 0.5182743314297175719 4.216634887076833272e-16 -2.967239714566828317e-16
105 0.3209938980057316926 0.2331446166530090069 -3.291929234975117306e-18 -9.230192637204506684e-18 0.5151814585925644785 2.330975709054342584e-16 -2.169859952951053044e-16
106 0.3240773526959235262 0.2347238523301174717 -3.275585640181122768e-18 -9.454292813359166953e-18 0.5121080705016957113 5.299833911008618683e-18 -7.267028631203464428e-17
107 0.3271611464653936263 0.2362938448817548942 -3.67292796412954104e-18 -9.168231621527283721e-18 0.5090548995995414217 -1.288344053691547188e-16 9.27525746128082418e-17
108 0.3302452785558076531 0.2378546560268389731 -4.007216285078758495e-18 -8.49272453342399713e-18 0.5060225322016991267 -1.0837789260087991e-16 2.19002669425333094e-16
109 0.3333297482103366738 0.2394063479002636885 -3.879341281711741664e-18 -7.705753996146268466e-18 0.503011093845546764 4.1453168906002307e-17 2.551118025169522154e-16
110 0.3364145546736732051 0.2409489814171828226 -3.201365224540998582e-18 -7.087134446417814713e-18 0.5000201798561101363 2.197551825022489685e-16 2.005157123355445254e-16
111 0.3394996971920472562 0.2424826151590688816 -2.218641932898358755e-18 -6.70007198583560963e-18 0.4970490247413857365 3.184995480739164552e-16 1.25446521742399219e-16
112 0.3425851750132420936 0.2440073047457790023 -1.285980240332528429e-18 -6.349370016458871253e-18 0.4940966598841721735 3.02241866879302167e-16 1.13649803339801814e-16
113 0.3456709873866095628 0.2455231035080787383 -6.188250647370528787e-19 -5.735526874317966387e-18 0.4911623350357827156 2.161774386063840877e-16 1.989028085642499053e-16
114 0.3487571335630855751 0.2470300640829575789 -1.965615674484336645e-19 -4.721742364401173791e-18 0.4882458171746407727 1.368107366135177686e-16 3.284598513953259713e-16
115 0.3518436127952052628 0.2485282400985277806 1.6519578663609563e-19 -3.459623224089776016e-18 0.4853474192473705151 1.171945061020479681e-16 4.088746990784706544e-16
116 0.3549304243371176892 0.2500176873311001358 6.300960370832124003e-19 -2.264992780316076697e-18 0.482467828900468243 1.505923872852648747e-16 3.869695709531586751e-16
117 0.3580175674446006706 0.2514984637310912485 1.183795674433727719e-18 -1.341253737578779716e-18 0.4796077419068227599 1.793374291796540197e-16 2.991892607155727407e-16
118 0.3611050413750752641 0.2529706283920089005 1.650341914576376778e-18 -5.994327409434369842e-19 0.4767675198739185771 1.51093216488881152e-16 2.402422542433330242e-16
119 0.3641928453876199234 0.2544342399508315311 1.849938520874986491e-18 2.445052992894547076e-19 0.4739470062975014164 6.463341550709379561e-17 2.732841956992474989e-16
120 0.367280978742984765 0.2558893551258550891 1.781470643269974276e-18 1.372925820727623224e-18 0.4711455713481612628 -2.21689237160810714e-17 3.653664949823402628e-16
121 0.3703694407036051683 0.2573360280948034373 1.670941233415629654e-18 2.665605661784186925e-18 0.4683623841585276004 -3.578405004459827312e-17 4.185068949971706887e-16
122 0.3734582305336157648 0.2587743105396480003 1.884829056660217894e-18 3.768389046774682971e-18 0.4655966287534836767 6.923914686649901081e-17 3.569898444755143266e-16
123 0.3765473474988635938 0.2602042523085397741 2.659132936344467429e-18 4.324069888272718624e-18 0.4628477037889924262 2.506289280748237012e-16 1.798643882724195913e-16
124 0.3796367908669215918 0.261625902841651381 3.904099844337401623e-18 4.23023301906967094e-18 0.4601154696756178941 4.029320288355348581e-16 -3.037018883378482208e-17
125 0.3827265599071015267 0.2630393125789962649 5.180517131495677728e-18 3.68801763775363675e-18 0.4574002425018587892 4.130674646238812649e-16 -1.754688964914597435e-16
126 0.3858166538904669873 0.2644445339903112591 5.936170267006889253e-18 2.976474852966226727e-18 0.454702671501677036 2.44514847752024511e-16 -2.302415850807565593e-16
127 0.3889070720898458733 0.2658416216816703037 5.873779621066922514e-18 2.244018045994764491e-18 0.4520234401601986862 -2.018630225291487443e-17 -2.369841547554706701e-16
128 0.3919978137798429962 0.2672306315191464998 5.042382200594922665e-18 1.496483233461701165e-18 0.4493629481994292907 -2.689679985762556296e-16 -2.418373420968124877e-16
129 0.3950888782368523477 0.2686116191891714799 3.773037744826592727e-18 6.988682356776806922e-19 0.4467211295108978741 -4.106068441646234741e-16 -2.580120593824402892e-16
130 0.3981802647390690897 0.2699846387523739399 2.500679316343738144e-18 -1.026918369245776795e-19 0.4440974502893705322 -4.115390261632493168e-16 -2.592612618469576375e-16
131 0.4012719725665015447 0.2713497417726430938 1.562201253731699793e-18 -7.347686739833509366e-19 0.441491095310098669 -3.035153403333638429e-16 -2.044214179954011161e-16
132 0.4043640010009828534 0.2727069772767012901 1.118047452487010197e-18 -9.919961632558731187e-19 0.4389012366420924072 -1.436299389772066727e-16 -8.318192590930611229e-17
133 0.4074563493261824654 0.2740563923547774117 1.144941309271174717e-18 -8.694414520007720811e-19 0.4363272409497612192 8.696006528889991954e-18 3.962750964927073532e-17
134 0.4105490168276174634 0.2753980331309793805 1.482974840709677328e-18 -6.632120055164850314e-19 0.4337687889191315094 1.092903541298341419e-16 6.667648958478500676e-17
135 0.41364200279266361 0.2767319461305286499 1.893390890313603529e-18 -8.645823022855662768e-19 0.4312260033921396229 1.326788725040470776e-16 -6.509877953581731789e-17
136 0.41673530651056645 0.2780581793538349777 2.145583458856114711e-18 -1.852465131153453104e-18 0.4286993543765958425 8.152019525134346533e-17 -3.193290014855637138e-16
137 0.4198289272724519128 0.2793767827486540734 2.066296272483600294e-18 -3.644015243100462183e-18 0.4261894643217987722 -2.562663164712993407e-17 -5.790518858940873255e-16
138 0.4229228643713368596 0.2806878080625889726 1.597497545549011284e-18 -5.862725974295482812e-18 0.4236969077812827167 -1.515062820395318804e-16 -7.170425056454371718e-16
139 0.4260171171021395753 0.2819913079758294971 8.510963041807658298e-19 -7.90738849152729976e-18 0.4212219788498541839 -2.411972603231771386e-16 -6.607263896530627695e-16
140 0.4291116847616899266 0.2832873347909640183 5.283212567304417777e-20 -9.272831729680120188e-18 0.4187645481909301193 -2.579304179096769213e-16 -4.411939737883313931e-16
141 0.4322065666487392432 0.2845759391152028472 -5.916778566740492662e-19 -9.795373604054518326e-18 0.4163240608000932097 -2.082291732455835862e-16 -1.688235488470383736e-16
142 0.4353017620639703655 0.2858571690118654196 -9.93035906410923657e-19 -9.679426091901405591e-18 0.4138996878147406799 -1.296582072590981971e-16 3.745669626355028793e-17
143 0.4383972703100070811 0.2871310699686016599 -1.140646800506771136e-18 -9.28070365248050139e-18 0.411490590469371087 -4.76807036292917477e-17 1.28793789786489645e-16
144 0.4414930906914237285 0.2883976857346536304 -1.052685210940633176e-18 -8.871954592237381194e-18 0.4090962007843007009 2.841015647438179495e-17 1.320192690643914981e-16
145 0.4445892225147544119 0.2896570594156824829 -7.378750335310362268e-19 -8.535770007024103468e-18 0.4067163046090506717 1.016683403330699292e-16 1.085712320530380001e-16
146 0.447685665088502216 0.2909092343886598986 -2.470298995177892012e-19 -8.226364242570382158e-18 0.4043509833392437969 1.585031779812772656e-16 9.9912973671891073e-17
147 0.4507824177231479768 0.2921542551759327422 2.971438279345004413e-19 -7.910570345631390019e-18 0.4020006005860822795 1.757064359850282288e-16 1.019656358581524309e-16
148 0.4538794797311592188 0.2933921678351306683 7.220245064306673441e-19 -7.65932094760061339e-18 0.3996656457235712723 1.371746297809607129e-16 8.111699331574072316e-17
149 0.4569768504269986487 0.2946230199388182314 8.196429969280672588e-19 -7.646280593914282295e-18 0.3973466013871486679 3.151343310498311445e-17 4.209717969061205499e-18
150 0.4600745291271325366 0.2958468602380665557 4.488745179205012831e-19 -8.018101586745005353e-18 0.3950438414503034679 -1.196804879899724686e-16 -1.20020229297833216e-16
151 0.4631725151500390436 0.2970637378574247922 -3.866614167539696729e-19 -8.761018001407160206e-18 0.3927574798347302498 -2.696762458226296361e-16 -2.397825172464357131e-16
152 0.4662708078162163261 0.2982737011809821759 -1.50413029559631345e-18 -9.661608940957893244e-18 0.3904872709462759439 -3.606368592922466691e-16 -2.906445934164148689e-16
153 0.4693694064481903072 0.2994767967609696102 -2.627397142868142116e-18 -1.039155671161409785e-17 0.3882326171254784075 -3.624723048614130446e-16 -2.355503071249952427e-16
154 0.472468310370522504 0.3006730686678475428 -3.510679137028761117e-18 -1.068307266725060225e-17 0.385992711271383182 -2.850024394813729144e-16 -9.406141985618152071e-17
155 0.4755675189098176325 0.3018625585979749504 -4.041280238928534635e-18 -1.048373514850235568e-17 0.383766781362274545 -1.711885673900124654e-16 6.431253938111494416e-17
156 0.4786670313947309907 0.3030453066698998166 -4.29314392294229877e-18 -9.952988137164059459e-18 0.3815543125859827689 -8.125117859025199226e-17 1.712188891913992826e-16
157 0.4817668471559756194 0.3042213526929514744 -4.45166652305973715e-18 -9.363006659831282966e-18 0.3793551995620794703 -5.113437010450169259e-17 1.903093388222573424e-16
158 0.4848669655263294631 0.305390737175768312 -4.660500482904339284e-18 -8.923097283924932522e-18 0.3771696622611054872 -6.735666092772506051e-17 1.41887012504575955e-16
159 0.4879673858406423093 0.3065535016571325766 -4.965511683679564987e-18 -8.690654686140151689e-18 0.3749980272863518982 -9.836781259154973224e-17 7.496403357998726422e-17
160 0.4910681074358425047 0.3077096888896400095 -5.356617938851769082e-18 -8.595742126153353234e-18 0.3728406803656977853 -1.261217198856651157e-16 3.060686231933516549e-17
161 0.4941691296509436171 0.3088593427126748447 -5.837441177184994298e-18 -8.560356408964311355e-18 0.3706979661422819539 -1.550381453554029295e-16 1.140988106996985579e-17
162 0.4972704518270507079 0.3100025079277559659 -6.473936072140822909e-18 -8.588448243622065376e-18 0.3685701889595515146 -2.052135952098695208e-16 -9.057144734144324373e-18
163 0.5003720733073668825 0.3111392300400077082 -7.333612227790855167e-18 -8.791729088718245312e-18 0.366457569722535681 -2.771432273133778086e-16 -6.553387469301970354e-17
164 0.5034739934371991188 0.3122695545296142461 -8.396835304078488897e-18 -9.309343069086936655e-18 0.3643600944286634058 -3.427299541300252196e-16 -1.668528643755931411e-16
165 0.5065762115639644847 0.3133935257606159652 -9.521886575422226751e-18 -1.01831936774391898e-17 0.362277397389110023 -3.626255150218255691e-16 -2.816587430076814492e-16
166 0.5096787270371959666 0.3145111859590306036 -1.050478116354044424e-17 -1.129926063515278526e-17 0.3602087837394475356 -3.167754069012695915e-16 -3.596953009331900736e-16
167 0.5127815392085478541 0.3156225747969369499 -1.122260601544348916e-17 -1.247521604295123409e-17 0.3581534248718448721 -2.313244657482029793e-16 -3.789604883858612732e-16
168 0.515884647431801624 0.3167277298409101882 -1.171456025846192046e-17 -1.356212983364409906e-17 0.3561106370144887512 -1.585208698260395071e-16 -3.502328152907012186e-16
169 0.5189880510628711585 0.3178266876792052997 -1.216331985430782172e-17 -1.449740349549869363e-17 0.3540800998511216546 -1.445886611562591588e-16 -3.013416712067449585e-16
170 0.5220917494598078523 0.3189194851646881546 -1.276440240282273879e-17 -1.530898796498947215e-17 0.3520618936373503538 -1.936481947238614398e-16 -2.614646986027270198e-16
171 0.5251957419828058304 0.3200061602169082531 -1.355927980272915639e-17 -1.602863474015927987e-17 0.3500563569945259745 -2.560580426504212014e-16 -2.318236053400984761e-16
172 0.5283000279942068333 0.3210867517359465295 -1.437493587497142582e-17 -1.661807413366682873e-17 0.3480638006863903122 -2.627268006047770731e-16 -1.898613046316674864e-16
173 0.5314046068585049909 0.3221612992022241384 -1.492919345049308174e-17 -1.694009718377234124e-17 0.3460844064889085359 -1.785122668716397501e-16 -1.037154333978219935e-16
174 0.5345094779423515963 0.323229842554054847 -1.502190248973800556e-17 -1.683876120754130681e-17 0.3441183166970656071 -2.985641946385059673e-17 3.263467551572318708e-17
175 0.5376146406145593248 0.3242924223558930619 -1.466680878225931847e-17 -1.625292078927893705e-17 0.3421657277518785345 1.143451970660172954e-16 1.88648902147806954e-16
176 0.5407200942461068971 0.3253490801213846373 -1.404480851342404976e-17 -1.532264641945483182e-17 0.3402269400592658477 2.002741616945517542e-16 2.995335032753707116e-16
177 0.5438258382101430755 0.3263998581714508962 -1.338148934979628659e-17 -1.435617711079843344e-17 0.3383022082439686717 2.135582655268287057e-16 3.111586707562670998e-16
178 0.5469318718819909941 0.3274447986565559576 -1.283995575037103491e-17 -1.36871533775572699e-17 0.336391472101946476 1.743326890861221181e-16 2.153748291927863495e-16
179 0.5500381946391517118 0.3284839421345460697 -1.247523308843528312e-17 -1.351359793189646987e-17 0.3344942136881536299 1.174020937459118391e-16 5.586648384676473614e-17
180 0.5531448058613084307 0.3295173264968891402 -1.228427504150743423e-17 -1.380225646817053462e-17 0.332609569666028837 6.146258461752507442e-17 -9.290888756324136966e-17
181 0.5562517049303300487 0.3305449868952922143 -1.223827748379350907e-17 -1.431189119483524668e-17 0.3307366534222604404 1.480360470009431791e-17 -1.640180785663985424e-16
182 0.5593588912302743799 0.3315669567369380344 -1.231058477230041903e-17 -1.474406385514546928e-17 0.3288748989625005503 -2.326883948323407624e-17 -1.390752781559484392e-16
183 0.5624663641473921505 0.3325832691897745441 -1.245759660602813653e-17 -1.49112512887522601e-17 0.3270242248846171318 -4.730477407759177468e-17 -5.379678339384211416e-17
184 0.565574123070129664 0.3335939584069916308 -1.262978385544730706e-17 -1.477621416074336026e-17 0.3251849438046013896 -5.540051290980967003e-17 4.344761983710335934e-17
185 0.5686821673891323536 0.3345990598462160182 -1.2794371795872169e-17 -1.442378244615044902e-17 0.3233574709319512741 -5.295061581321786354e-17 1.133830113654177761e-16
186 0.5717904964972477799 0.335598609879375509 -1.293338680468959955e-17 -1.396721092966072736e-17 0.3215420958411259189 -4.471929949043193846e-17 1.468730503158766711e-16
187 0.5748991097895282953 0.3365926449159209466 -1.302560084340255046e-17 -1.350601135443719809e-17 0.31973882599733916 -2.966133727138882808e-17 1.483483029380103284e-16
188 0.5780080066632340419 0.3375812010651450534 -1.300169748563608744e-17 -1.311813700466657292e-17 0.3179475602741684837 7.687994546564624042e-18 1.247513389090716926e-16
189 0.5811171865178353935 0.3385643146728186115 -1.273856979909794151e-17 -1.285870966617726902e-17 0.3161683701825863113 8.462160543128750275e-17 8.343157713488437672e-17
190 0.5842266487550155096 0.3395420230898512637 -1.212458076715548671e-17 -1.273447854462300488e-17 0.3144015744044214578 1.974403768514465271e-16 3.994898635037956575e-17
191 0.5873363927786728889 0.3405143650435258906 -1.116803642754404347e-17 -1.268447597030115565e-17 0.3126476108919852837 3.075680334079784539e-16 1.60778678129593106e-17
192 0.5904464179949235891 0.3414813800145012901 -1.003616460102560143e-17 -1.258540054347473445e-17 0.3109067171575806143 3.639101403683956813e-16 3.185391811930038082e-17
193 0.5935567238121031153 0.3424431067070108359 -8.966800416799830708e-18 -1.227748558567780207e-17 0.3091786388424776488 3.437822465372988295e-16 9.898937845062331324e-17
194 0.5966673096407687504 0.3433995814503846833 -8.122602916927047461e-18 -1.165714878817296982e-17 0.3074626078619708269 2.713706416814232888e-16 1.99409729148515243e-16
195 0.5997781748937014434 0.3443508374845071773 -7.475128366182565216e-18 -1.072927698102419209e-17 0.3057576267539693915 2.081146136453610532e-16 2.982413477644112311e-16
196 0.6028893189859073631 0.3452969055355059602 -6.864550900674086328e-18 -9.625237368171364505e-18 0.3040628834559464533 1.96237410765254127e-16 3.548343776953620835e-16
197 0.6060007413346197858 0.3462378153395341274 -6.164313259024551512e-18 -8.582551905415156469e-18 0.3023780559067999474 2.250337873495178193e-16 3.350854691924002118e-16
198 0.6091124413593006492 0.3471735972590900832 -5.424039203096615778e-18 -7.828862007689487984e-18 0.3007033415630884776 2.378790160806116563e-16 2.421900509212657728e-16
199 0.6122244184816419965 0.3481042831627232936 -4.847510971552075539e-18 -7.488705582770101577e-18 0.2990392204857214575 1.852446161224250059e-16 1.092958556200387333e-16
200 0.6153366721255671967 0.3490299062542387976 -4.642112694567318569e-18 -7.516246711902609709e-18 0.2973861177076732032 6.599078689397454015e-17 -8.848471418957651788e-18
201 0.6184492017172322775 0.349950500131170239 -4.879992088851944721e-18 -7.6823647580477632e-18 0.2957441556589668341 -7.641962691069510344e-17 -5.33660309154685863e-17
202 0.6215620066850269243 0.3508660978684411402 -5.46477525359499066e-18 -7.741351959533886706e-18 0.2941131623919298055 -1.878471504405328702e-16 -1.894818178717342761e-17
203 0.6246750864595757013 0.3517767317952303352 -6.22048480960969294e-18 -7.653931821262825377e-18 0.2924928943662078451 -2.427316497182374235e-16 2.80790870146391496e-17
204 0.6277884404737388291 0.3526824339598183533 -6.994054947744829843e-18 -7.637255763339237144e-18 0.2908832574377508973 -2.4844657596646993e-16 5.355829145268926879e-18
205 0.6309020681626128502 0.3535832372589962636 -7.722911700239375922e-18 -8.071216446139626027e-18 0.2892845202108390024 -2.340655014698998057e-16 -1.393623980161358369e-16
206 0.6340159689635315177 0.3544791763458008393 -8.402510209128295066e-18 -9.28340675478924429e-18 0.287697242696955624 -2.182275782225686245e-16 -3.892494641195750846e-16
207 0.6371301423160662392 0.3553702874689761981 -9.038704451408104589e-18 -1.134600725661139805e-17 0.2861219331818210532 -2.042720843070693963e-16 -6.622689669277281532e-16
208 0.6402445876620267429 0.3562566073145162493 -9.625581154174338092e-18 -1.404355397517373598e-17 0.2845587278605568593 -1.88420567124276111e-16 -8.660648483063097497e-16
209 0.6433593044454612997 0.3571381712244741657 -1.017479121304062861e-17 -1.698489223131591803e-17 0.2830071910851612582 -1.763121134154414409e-16 -9.442535799155363241e-16
210 0.6464742921126568342 0.358015011707797759 -1.068921281339350757e-17 -1.97791720561787433e-17 0.2814664093533186251 -1.651296940536836797e-16 -8.96965781109228392e-16
211 0.649589550112139591 0.3588871580795525706 -1.117529452334397012e-17 -2.215492590394460638e-17 0.2799353536963669065 -1.5601905804702326e-16 -7.625526118186912654e-16
212 0.6527050778946746901 0.3597546374183704931 -1.164073849644879365e-17 -2.401944485221515069e-17 0.2784133028055725823 -1.493819945033455092e-16 -5.984083485365207264e-16
213 0.6558208749132664606 0.3606174762764693953 -1.210999886113334971e-17 -2.538491776321698528e-17 0.2769000844108884807 -1.505938604551617404e-16 -4.382041452679318183e-16
214 0.6589369406231582182 0.3614757022197480629 -1.26585419542837514e-17 -2.629421227122114612e-17 0.2753960205162039321 -1.760219276967475271e-16 -2.917834061563387008e-16
215 0.6620532744818320436 0.3623293444650886319 -1.340580021550494324e-17 -2.677553433020467577e-17 0.2739016375147784177 -2.397670247836415771e-16 -1.544381160224565675e-16
216 0.6651698759490083379 0.3631784334525488545 -1.445002259534108338e-17 -2.686513331823515251e-17 0.2724173243776958908 -3.350229139364568761e-16 -2.874647645498468496e-17
217 0.6682867444866457118 0.3640229998089636876 -1.579967406236585593e-17 -2.664424859979585391e-17 0.2709431374730647546 -4.32978178911972786e-16 7.086145236455797294e-17
218 0.6714038795589403197 0.3648630734350125637 -1.732947846524934498e-17 -2.628610192925882714e-17 0.2694788403138232979 -4.907306974210849793e-16 1.148862985885003082e-16
219 0.6745212806323254151 0.3656986831620085976 -1.882587433341691002e-17 -2.602864396458758138e-17 0.2680240864223718544 -4.799730335041091306e-16 8.258034049129999884e-17
220 0.677638947175470352 0.3665298573185750697 -2.009320258528510199e-17 -2.609312864778287025e-17 0.2665787112008033422 -4.064644327333232563e-16 -2.068187948648924792e-17
221 0.6807568786592803622 0.3673566247230865556 -2.108225699254362673e-17 -2.658617404870485307e-17 0.265142868395123632 -3.17188027864151499e-16 -1.581188023815715785e-16
222 0.6838750745568951128 0.3681790154798039172 -2.189075267024993598e-17 -2.744982095689426495e-17 0.2637169670105132258 -2.592612164281584908e-16 -2.769466234090881493e-16
223 0.6869935343436883723 0.3689970613632403973 -2.266211679662518591e-17 -2.852112546574716397e-17 0.2623015391725070922 -2.473333118684401414e-16 -3.435074086726180777e-16
224 0.690112257497266457 0.3698107955267845304 -2.347101470280927394e-17 -2.962468439766273092e-17 0.2608970234209677663 -2.593464369932925665e-16 -3.538197772751954868e-16
225 0.6932312434974674531 0.3706202513006196519 -2.42656923374352733e-17 -3.066396960488931079e-17 0.2595034727877952863 -2.547657482942878469e-16 -3.331845039716949608e-16
226 0.6963504918263598853 0.3714254607933362706 -2.490178212622962455e-17 -3.164056915361853477e-17 0.258120492030479487 -2.039069468806550003e-16 -3.13061828399798877e-16
227 0.6994700019682416059 0.3722264537195549283 -2.523830547264257689e-17 -3.265495185996154412e-17 0.2567473102645153049 -1.078679488976578898e-16 -3.251464812078912069e-16
228 0.7025897734096383518 0.3730232570077693932 -2.52179642567586986e-17 -3.385086890119506724e-17 0.2553830311875733283 6.51955312848512539e-18 -3.833027844595088228e-16
229 0.7057098056393020791 0.3738158954001590262 -2.488100310905359412e-17 -3.533412029813261502e-17 0.2540269510396280794 1.079902434605572319e-16 -4.753565227308579078e-16
230 0.7088300981482098528 0.3746043927719868161 -2.430248227576561437e-17 -3.705014811683340104e-17 0.2526787891168160161 1.853905274220581214e-16 -5.499115746130787225e-16
231 0.7119506504295619598 0.3753887735129536329 -2.350622821159854642e-17 -3.870324984431225382e-17 0.2513387074471795102 2.551432701428175904e-16 -5.297025153258116329e-16
232 0.7150714619787803539 0.3761690633244678672 -2.246328372315116487e-17 -3.98228873791777896e-17 0.2500071234641694229 3.341624453400821213e-16 -3.587351203151642087e-16
233 0.7181925322935069911 0.3769452891531727134 -2.116613059773551348e-17 -3.996280527691979734e-17 0.248684433178540748 4.155772428727482593e-16 -4.482639175967991451e-17
234 0.7213138608736016089 0.3777174784679834252 -1.969684125412047331e-17 -3.897162450663861686e-17 0.2473708008812662562 4.706867534750407123e-16 3.175247005621608412e-16
235 0.7244354472211403939 0.3784856583936590524 -1.820994031280879526e-17 -3.714774306786201874e-17 0.246066113284195892 4.762893734113049458e-16 5.84232159329383857e-16
236 0.7275572908404135397 0.3792498552179609517 -1.682264933916117905e-17 -3.514604375904624919e-17 0.2447700992932219655 4.443454075833414299e-16 6.411386739556225542e-16
237 0.7306793912379233591 0.3800100945092703131 -1.555816947074615608e-17 -3.364316475503847434e-17 0.2434825255850396053 4.049761113804865035e-16 4.813284182067225016e-16
238 0.7338017479223822859 0.380766401680199762 -1.438041970450946552e-17 -3.30082610009320384e-17 0.2422033394183969734 3.771680837446147653e-16 2.033245424142672763e-16
239 0.7369243604047103213 0.3815188025596340515 -1.329315623753983228e-17 -3.317193626487618594e-17 0.2409326712590855457 3.481618624055518346e-16 -5.241184538586742743e-17
240 0.7400472281980332578 0.3822673238926506123 -1.239050943569925085e-17 -3.37640274370173342e-17 0.239670811612660295 2.890206091052195292e-16 -1.895830693346664842e-16
241 0.7431703508176800144 0.3830119933687188283 -1.184109614137235114e-17 -3.440593861714234395e-17 0.2384180599301392034 1.759036135398804872e-16 -2.055183180341007824e-16
242 0.7462937277811801939 0.3837528394641330221 -1.179716190098270223e-17 -3.491290572479131497e-17 0.2371746651336345824 1.406511935045029461e-17 -1.623005840682584261e-16
243 0.7494173586082618632 0.3844898911898825267 -1.228491006978257688e-17 -3.531963811973517669e-17 0.2359407953661465662 -1.561351623836137224e-16 -1.30200854854039699e-16
244 0.752541242820848888 0.3852231777308438576 -1.316401454747346291e-17 -3.574028206839141509e-17 0.2347165032380985061 -2.813911308314154315e-16 -1.34643241382045221e-16
245 0.7556653799430582685 0.3859527275534354596 -1.418945775225865985e-17 -3.623198302183450206e-17 0.2335015557490531246 -3.282059377371317895e-16 -1.573750469630688355e-16
246 0.7587897695011974752 0.3866785675384314391 -1.512937703516755112e-17 -3.67387991094279123e-17 0.2322954424545507768 -3.008086771302459965e-16 -1.621997544145281414e-16
247 0.761914411023762006 0.3874007223824930124 -1.589101938392415463e-17 -3.714114430704937824e-17 0.231097461570053786 -2.437338956725053093e-16 -1.287548710776095186e-16
248 0.7650393040414323886 0.3881192146810461541 -1.65217856812789059e-17 -3.735098512832596391e-17 0.2299069380676574126 -2.018359116070241364e-16 -6.714596774168790357e-17
249 0.7681644480870710723 0.3888340657484759544 -1.715064318205398613e-17 -3.735351987611960717e-17 0.2287234595758105005 -2.012089926292293729e-16 -8.110168829982820993e-19
250 0.7712898426957199849 0.38954529684062561 -1.790532777156795298e-17 -3.72001720931446975e-17 0.2275470049841606668 -2.414492560112559256e-16 4.906116889721094976e-17
251 0.7744154874045974246 0.390252930160723932 -1.8874509882326895e-17 -3.697359859071983013e-17 0.226377875003522272 -3.100495418934567448e-16 7.248277681994809865e-17
252 0.7775413817530947291 0.3909569891529761088 -2.009038525765955019e-17 -3.672342054324560117e-17 0.2252164641731954076 -3.889377962941909699e-16 8.002769069913060275e-17
253 0.7806675252827736111 0.3916574980487539936 -2.152950480988000898e-17 -3.644139599804951957e-17 0.2240630217624126896 -4.603131773078031116e-16 9.020766501135562008e-17
254 0.7837939175373628276 0.3923544810662731308 -2.312803089764216445e-17 -3.607198990226772569e-17 0.2229175410024926141 -5.112599529047920988e-16 1.181479267545388054e-16
255 0.7869205580627548491 0.3930479618046109902 -2.476088747678852403e-17 -3.555824388581708568e-17 0.2217798213401293572 -5.221985563219793656e-16 1.642994440129843635e-16
256 0.7900474464070028624 0.3937379631472145425 -2.625307714608086628e-17 -3.486321905653534943e-17 0.2206496314393052161 -4.77174579580605832e-16 2.222560493049635561e-16
257 0.7931745821203173286 0.3944245076203644618 -2.743169818353088661e-17 -3.397312653830867875e-17 0.2195268546683022404 -3.768713889869171114e-16 2.846126049104848256e-16
258 0.7963019647550626523 0.3951076179225719298 -2.819191373498783756e-17 -3.28804168324368338e-17 0.2184115437065310972 -2.430644825687184928e-16 3.493731728409632511e-16
259 0.7994295938657535183 0.3957873173019629265 -2.854247676693558549e-17 -3.157133808513765684e-17 0.2173038718784090773 -1.120770541940726577e-16 4.185201414141857375e-16
260 0.8025574690090518937 0.3964636296059241838 -2.860552918457818666e-17 -3.005495034575190966e-17 0.2162040283344948965 -2.015664451277004964e-17 4.84759978270368444e-16
261 0.805685589743763253 0.3971365790163509102 -2.855968388075594194e-17 -2.837649232646486945e-17 0.2151121175461737089 1.465471286838136917e-17 5.365286797892198217e-16
262 0.8088139556308328038 0.3978061899408054658 -2.857855532722791772e-17 -2.663128747449817009e-17 0.2140282091729419911 -6.031893664502935209e-18 5.578210502025848728e-16
263 0.8119425662333421556 0.398472486952338556 -2.877997549014995436e-17 -2.497889027116260758e-17 0.2129523536289560925 -6.437504149070392331e-17 5.281156413572355689e-16
264 0.8150714211165055456 0.3991354949009326969 -2.918108678752871347e-17 -2.360546573172871094e-17 0.2118846369376831129 -1.281874852283680116e-16 4.389201675731289938e-16
265 0.8182005198476661745 0.3997952388371019405 -2.971462306204987916e-17 -2.263363492476708979e-17 0.2108251206915351672 -1.704947075714902e-16 3.105543468259805717e-16
266 0.8213298619962924318 0.400451743950339667 -3.029535206528459562e-17 -2.205777344756231373e-17 0.2097738468058109873 -1.855610177344336996e-16 1.840056914481044628e-16
267 0.8244594471339737884 0.4011050345346644508 -3.086823595745082851e-17 -2.168976333432976056e-17 0.2087305266779218293 -1.830400734471792729e-16 1.175815886543472029e-16
268 0.8275892748344174654 0.4017551332038912792 -3.140951683396186794e-17 -2.121954299764953889e-17 0.2076946210979778717 -1.729293288482523834e-16 1.502267875359738955e-16
269 0.8307193446734441045 0.4024020605073035939 -3.192241640664333868e-17 -2.035303982278572717e-17 0.2066654682558417833 -1.638493688507643641e-16 2.768105217291576246e-16
270 0.8338496562289839931 0.4030458354162136936 -3.242992199987025274e-17 -1.894800733782974359e-17 0.2056425619776763025 -1.621137278957789165e-16 4.4881289386902014e-16
271 0.8369802090810729567 0.4036864763595204852 -3.295228903007388978e-17 -1.708810068680374893e-17 0.2046257270191001731 -1.66848114287694381e-16 5.940687285601758479e-16
272 0.8401110028118484729 0.4043240022743769257 -3.349609193822213864e-17 -1.506915922454860329e-17 0.2036151237632108646 -1.736815615884887848e-16 6.44816165316696882e-16
273 0.8432420370055454528 0.4049584331334424858 -3.402747217796884135e-17 -1.327538106624574034e-17 0.202611080934429949 -1.697009583059221933e-16 5.728588488674913795e-16
274 0.8463733112484921328 0.40558978975704707 -3.446704714106750306e-17 -1.201893913971353047e-17 0.2016138671819815709 -1.403713921946592548e-16 4.012250861509603977e-16
275 0.8495048251291059671 0.4062180931831692043 -3.470629173373813218e-17 -1.142818147265638578e-17 0.2006235499088326879 -7.639318437958600678e-17 1.886348146028156253e-16
276 0.8526365782378892977 0.4068433641041603321 -3.466464298467287503e-17 -1.144571223354962284e-17 0.19964001665985881 1.329784686623667466e-17 -5.59731994451036194e-18
277 0.8557685701674253576 0.4074656227082421034 -3.431502166439891838e-17 -1.189439888927226565e-17 0.1986631044186554507 1.116205648278136778e-16 -1.432482947642343461e-16
278 0.8589008005123737188 0.4080848889059150997 -3.368844571961051778e-17 -1.258728662150556326e-17 0.1976927225045586878 2.000262647090263873e-16 -2.211954450120787983e-16
279 0.8620332688694660739 0.4087011826661033909 -3.28383187508112033e-17 -1.3376534621914939e-17 0.1967288875740522136 2.713714524993693497e-16 -2.519381034997785016e-16
280 0.8651659748375019054 0.4093145242030965525 -3.180554702154702933e-17 -1.414906332549789703e-17 0.1957716759561774211 3.296490456351777024e-16 -2.465824176300272665e-16
281 0.8682989180173439347 0.4099249339688297855 -3.061014719366082893e-17 -1.480049664037328997e-17 0.194821161500811274 3.815292546096564831e-16 -2.079144243242829021e-16
282 0.8714320980119140136 0.4105324325918441319 -2.929334217379026276e-17 -1.524034808899459592e-17 0.1938773985630797836 4.202457783369830437e-16 -1.403743998459847175e-16
283 0.8745655144261882397 0.4111370408690142031 -2.796079225108609763e-17 -1.540310895293377384e-17 0.1929404388497715506 4.252385827054142938e-16 -5.193966689139250272e-17
284 0.8776991668671928482 0.4117387797958533824 -2.676634218733653396e-17 -1.52548390791897474e-17 0.192010343730071531 3.811399879241083061e-16 4.73117961172093139e-17
285 0.8808330549439994384 0.4123376705044878299 -2.581023154207943768e-17 -1.478059784354857006e-17 0.1910871547720067454 3.050647809614473007e-16 1.513154355005214913e-16
286 0.8839671782677204215 0.4129337341401262407 -2.506445404692820618e-17 -1.397191048288981405e-17 0.1901708741273384629 2.379362700184040835e-16 2.580073218314976882e-16
287 0.8871015364515044688 0.4135269919255141757 -2.436713323552356411e-17 -1.284307901361778235e-17 0.1892615245171987981 2.224597857703787907e-16 3.601206255687063022e-16
288 0.8902361291105318486 0.4141174651220943526 -2.354777739313932541e-17 -1.146661833406770898e-17 0.1883591162738889047 2.613719695986096104e-16 4.390866828289841926e-16
289 0.8933709558620099855 0.4147051750559959671 -2.25664563835909252e-17 -9.981886502499814373e-18 0.1874636680243058073 3.130150187150818764e-16 4.735895364748937472e-16
290 0.8965060163251682424 0.4152901428788460803 -2.15616528272923906e-17 -8.575129026303688293e-18 0.1865751221083244704 3.204814673358673964e-16 4.486844192887070172e-16
291 0.8996413101212538121 0.4158723893275622641 -2.07545245164227247e-17 -7.419666151910333157e-18 0.1856933442823208713 2.574139449726119874e-16 3.6850678233118804e-16
292 0.9027768368735265003 0.4164519338702025175 -2.029781227041347897e-17 -6.650700668911991074e-18 0.1848179279598410052 1.45646459885150684e-16 2.452246493305462286e-16
293 0.9059125962072541727 0.41702879444404517 -2.016255297926277342e-17 -6.35956597110096366e-18 0.1839483831615484066 4.313126783654437315e-17 9.283656982800462938e-17
294 0.9090485877497077594 0.4176029876270827557 -2.015912644028651688e-17 -6.603509616882804317e-18 0.1830842747417400218 1.092568532463632911e-18 -7.778261181986244558e-17
295 0.912184811130156703 0.4181745294318851003 -2.005333094245205126e-17 -7.405683155141311075e-18 0.182225420798158344 3.373091688035615889e-17 -2.557580378794192154e-16
296 0.9153212659798639628 0.4187434361616747536 -1.970985196147190293e-17 -8.750514722091688033e-18 0.1813719124120786452 1.095037839976914908e-16 -4.28742815645891923e-16
297 0.9184579519320807961 0.4193097248482825501 -1.915105044795108691e-17 -1.056637470488347238e-17 0.1805239802574248875 1.781371865274673136e-16 -5.788677743985648366e-16
298 0.9215948686220424291 0.4198734131239480472 -1.850362369190064957e-17 -1.267625732972540056e-17 0.1796818140815593379 2.063743722090766182e-16 -6.72548204205929241e-16
299 0.9247320156869625052 0.4204344790157918399 -1.789073933859819737e-17 -1.479312152664992443e-17 0.1788455218846360661 1.953631892701446094e-16 -6.747722282916105891e-16
300 0.9278691693933087681 0.420992906412815282 -1.734612823308135349e-17 -1.656757951869775485e-17 0.1780150772936685555 1.736107299898512469e-16 -5.65660421197970214e-16
301 0.9310061362475388069 0.4215487138123737432 -1.68248553071000985e-17 -1.769304577822234953e-17 0.177190379182995239 1.661808523704880852e-16 -3.587965785292824944e-16
302 0.9341429171614982208 0.422101919613541654 -1.627105863480656874e-17 -1.802387864031715186e-17 0.1763713984107604937 1.765597781538539622e-16 -1.054751313249182968e-16
303 0.937279513039019907 0.4226525423627851552 -1.568522357949540278e-17 -1.764514706761868734e-17 0.1755581841351262495 1.86785124033535852e-16 1.207531422719735096e-16
304 0.9404159247759952267 0.4232006007816747628 -1.513906403798750335e-17 -1.684947695394476581e-17 0.1747507943401477026 1.741453290843130716e-16 2.537028528435844623e-16
305 0.9435521532604438377 0.4237461135889160624 -1.472938281256435187e-17 -1.603253618538133836e-17 0.1739492302519420885 1.306362249704397825e-16 2.605002411798220944e-16
306 0.9466881993725835276 0.4242890993428352631 -1.451381944224611519e-17 -1.553621845450007457e-17 0.1731534428453343211 6.87412873220611556e-17 1.582714154597535075e-16
307 0.9498240639848986033 0.4248295765137878877 -1.447137788104946662e-17 -1.552790800229496389e-17 0.1723634061543390938 1.353502505474529759e-17 2.650283722864271379e-18
308 0.9529597479622080591 0.425367563767335588 -1.452294801332799261e-17 -1.597099541003315077e-17 0.1715791844990326998 -1.644715777652160227e-17 -1.413129689972585708e-16
309 0.9560952521617326338 0.4259030802197250609 -1.458714174450683874e-17 -1.666985796401682459e-17 0.1708009236775334394 -2.047434496313033931e-17 -2.228995378413387505e-16
310 0.9592305774331610912 0.4264361454097479465 -1.461169757851146277e-17 -1.73784814452759388e-17 0.1700287605248353984 -7.832434189298224789e-18 -2.260255864617823836e-16
311 0.9623657246187162784 0.4269667789481678688 -1.456407486711286691e-17 -1.791290655085631906e-17 0.1692627200598473824 1.51908032273159592e-17 -1.704721629698824268e-16
312 0.9655006945532198515 0.4274950000871913791 -1.441259487994427341e-17 -1.823398700690198326e-17 0.1685026899477109208 4.83221579475949152e-17 -1.024247545892406469e-16
313 0.968635488064156891 0.428020827501946699 -1.412968842166481465e-17 -1.844073326227231563e-17 0.1677484880959166369 9.02522944168572735e-17 -6.59558075229017724e-17
314 0.9717701059717390732 0.4285442794644705455 -1.37114496473327708e-17 -1.869465406364096883e-17 0.16699998785960668 1.334331996752879861e-16 -8.100986104132413766e-17
315 0.9749045490889680643 0.4290653743170010359 -1.320551148650266475e-17 -1.911321779282641683e-17 0.1662572135522799865 1.61421415776611384e-16 -1.335442846354928305e-16
316 0.9780388182216974702 0.4295841306915322289 -1.271164651267292935e-17 -1.969920459977887673e-17 0.165520259527552005 1.575781284880392421e-16 -1.869715595382257484e-16
317 0.9811729141686944544 0.4301005673834920051 -1.236163709013961446e-17 -2.033934684113681301e-17 0.1647891798331740099 1.116840971431957713e-16 -2.04262238861520163e-16
318 0.9843068377217008003 0.4306147028035284263 -1.227158203704741469e-17 -2.089196675902383834e-17 0.1640638535717148239 2.873713513623496952e-17 -1.763444994367572582e-16
319 0.9874405896654931958 0.4311265545323832993 -1.250394160294940566e-17 -2.12697339441550841e-17 0.1633440177505992297 -7.415144448594625381e-17 -1.205544619957123258e-16
320 0.9905741707779425198 0.4316361388190516069 -1.304978783819886226e-17 -2.148086435253930396e-17 0.1626292491442521415 -1.742019244102389089e-16 -6.738037393487276193e-17
321 0.9937075818300731278 0.4321434708165649008 -1.383735621942679757e-17 -2.15953774264722465e-17 0.1619191996704475722 -2.513589574464576403e-16 -3.654779389809362207e-17
322 0.9968408235861211386 0.4326485651307814817 -1.475876798189988141e-17 -2.16664262516887775e-17 0.1612136963158120051 -2.94091998021296688e-16 -2.267703953432628268e-17
323 0.999973896803592277 0.4331514363921566413 -1.570025026523662457e-17 -2.168825776478540021e-17 0.1605127485189019043 -3.005141088535704119e-16 -6.968455826810316263e-18
324 1.003106802233318717 0.4336520996630694458 -1.657950560759390047e-17 -2.161637389356955099e-17 0.1598164957274240683 -2.806666992147454568e-16 2.294601794154559944e-17
325 1.006239540619515926 0.4341505704228552642 -1.738462668022656368e-17 -2.143445924041995578e-17 0.1591250726254819503 -2.570159766442877852e-16 5.807197679259116628e-17
326 1.009372112699838286 0.4346468642842640229 -1.818284727368298843e-17 -2.119425555419886483e-17 0.1584385233915449331 -2.548266299505944862e-16 7.668343358116075979e-17
327 1.012504519205434494 0.4351409966974191246 -1.908869682325518637e-17 -2.100321497999981193e-17 0.1577567976840615338 -2.8920168019661859e-16 6.099164598600901001e-17
328 1.015636760861002852 0.4356329828539446392 -2.018498195826455383e-17 -2.096287319256234333e-17 0.1570798145258094081 -3.500185185916840831e-16 1.288020080294393382e-17
329 1.018768838384844555 0.4361228377915232768 -2.144142149665883055e-17 -2.111539754197630085e-17 0.1564075262924851106 -4.011730515725835767e-16 -4.87000423209528071e-17
330 1.021900752488917874 0.4366105765826409635 -2.268995197119247044e-17 -2.141523065102798538e-17 0.1557399456033718155 -3.986684506730199458e-16 -9.573975444272528498e-17
331 1.025032503878890999 0.4370962144877967304 -2.367790235467777787e-17 -2.175380839821430222e-17 0.1550771339900418599 -3.154789038679510258e-16 -1.081169037857944009e-16
332 1.028164093254194666 0.437579766995211672 -2.417685022462733785e-17 -2.200721729808303425e-17 0.1544191656633828735 -1.593355687452070298e-16 -8.092438833291971406e-17
333 1.031295521308074115 0.4380612497125966898 -2.409008611175758094e-17 -2.207986650025036865e-17 0.1537660802703809115 2.770894377388533114e-17 -2.32012129380515428e-17
334 1.034426788727640156 0.4385406781667485765 -2.350580318361753557e-17 -2.19332618435436947e-17 0.1531178534479924747 1.866058365713352414e-16 4.682198177018324065e-17
335 1.037557896193920692 0.4390180676757639566 -2.267012394912161923e-17 -2.159438183449570247e-17 0.1524744200004982675 2.669093144694945491e-16 1.082355851009934892e-16
336 1.040688844381910672 0.439493433444431425 -2.190025290483204257e-17 -2.114090750983858377e-17 0.1518357451742688713 2.45903157952405552e-16 1.448434374959775737e-16
337 1.043819633960621829 0.4399667908604149025 -2.146287142847476526e-17 -2.065711165853862471e-17 0.1512018888034663278 1.397102973774398107e-16 1.545361793051257975e-16
338 1.046950265593132423 0.4404381557728313523 -2.149500850826846225e-17 -2.019569266039119245e-17 0.1505729997099921891 -1.026588186560005093e-17 1.473958728027990743e-16
339 1.050080739936635643 0.4409075444984957293 -2.196357101460128176e-17 -1.975682787171141951e-17 0.1499492287274103997 -1.496852876807894986e-16 1.401981619499021713e-16
340 1.053211057642488235 0.4413749734926972756 -2.270815340145503448e-17 -1.930914605634586373e-17 0.1493306215283612404 -2.378734566901875669e-16 1.430219446478250294e-16
341 1.056341219356258243 0.4418404588838612534 -2.352871248702340249e-17 -1.883096644277066773e-17 0.1487170751112524558 -2.621589194379268441e-16 1.527727289806171918e-16
342 1.059471225717772302 0.4423040161791263469 -2.425935847311995443e-17 -1.83304107570263622e-17 0.1481083923718997386 -2.334442872522516457e-16 1.599295247113008745e-16
343 1.062601077361162716 0.4427656603249623402 -2.482841693083441275e-17 -1.785472521578087315e-17 0.1475043955230496695 -1.818253834248191904e-16 1.519908978666007876e-16
344 1.065730774914913415 0.4432254060385208971 -2.524089423658333527e-17 -1.746726377116360336e-17 0.146905012608483182 -1.318010848491399107e-16 1.23807632628536174e-16
345 1.068860319001906589 0.4436832681475490481 -2.55303024046991469e-17 -1.720364461022955625e-17 0.1463102802655532053 -9.248066034126216975e-17 8.42397581260877488e-17
346 1.071989710239467763 0.4441392617137734367 -2.570491215107634179e-17 -1.70416393380693559e-17 0.1457202745564510071 -5.579942803358664441e-17 5.177146014196043503e-17
347 1.075118949239410426 0.4445934018806709798 -2.571621515224772259e-17 -1.692472731656251466e-17 0.1451350228966023226 -3.612235722322524521e-18 3.73629776775782459e-17
348 1.078248036608081328 0.4450457035443253218 -2.548342507453235144e-17 -1.679618833990424791e-17 0.1445544475017233599 7.439910964764260415e-17 4.108072608698971978e-17
349 1.081376972946404003 0.4454961810716314696 -2.494809731794168928e-17 -1.663616410418561469e-17 0.1439783804956028812 1.710975992280447762e-16 5.114579285806911329e-17
350 1.084505758849923174 0.4459448481633435102 -2.413838205516075105e-17 -1.645202512109914391e-17 0.1434066101847495389 2.588077512152358559e-16 5.885599335252105893e-17
351 1.087634394908846946 0.4463917178786833695 -2.318542696320682231e-17 -1.627275769234824431e-17 0.1428389326903746759 3.046057577050963493e-16 5.730164141790654355e-17
352 1.090762881708090326 0.4468368027230482653 -2.227012599216363706e-17 -1.614345357527247357e-17 0.1422751721207289599 2.925837732876675801e-16 4.133316545326177133e-17
353 1.093891219827317629 0.447280114813176366 -2.151139840938171063e-17 -1.610095656178628059e-17 0.1417152053396175393 2.425452352533387718e-16 1.358517650799002761e-17
354 1.097019409840984228 0.447721666238992233 -2.090120419471957752e-17 -1.616513277651689621e-17 0.1411590248556098548 1.950722277820519173e-16 -2.051641408146184058e-17
355 1.100147452318378294 0.4481614691591103705 -2.031637367521120612e-17 -1.633704555885177871e-17 0.1406066536990450422 1.869725246641301417e-16 -5.496116543679799947e-17
356 1.103275347823661434 0.4485995358852181703 -1.958688929249198765e-17 -1.660858226155564531e-17 0.1400581418738001127 2.332298279702388781e-16 -8.681537255555606528e-17
357 1.106403096915909989 0.4490358788886931185 -1.860386352251332464e-17 -1.697885482431130584e-17 0.1395135414993767253 3.143064182596513852e-16 -1.183885982786394304e-16
358 1.109530700149155447 0.4494705106422514085 -1.739151191211387762e-17 -1.745944214631162446e-17 0.1389728540629326659 3.876476167367691195e-16 -1.536670784360553726e-16
359 1.112658158072423742 0.4499034434482206413 -1.612766560882163776e-17 -1.803963672986630147e-17 0.1384360261304577455 4.041316746042081862e-16 -1.855249392568155248e-16
360 1.115785471229775228 0.450334689359940088 -1.507401449162404277e-17 -1.866795351418104429e-17 0.1379029791143984163 3.369345054876648498e-16 -2.009219195588687534e-16
361 1.118912640160343974 0.4507642602498255768 -1.445730130129170897e-17 -1.925830850572368652e-17 0.1373736561703454151 1.972204070602139931e-16 -1.887912461858119949e-16
362 1.122039665398376407 0.4511921679738736257 -1.436662415176770397e-17 -1.973291706722418427e-17 0.1368480530442211518 2.899922266083534751e-17 -1.517833260522596545e-16
363 1.125166547473269718 0.451618424533887175 -1.469608096952467464e-17 -2.003955435356464141e-17 0.1363262173558247858 -1.05367532045653614e-16 -9.806934430691997641e-17
364 1.128293286909609838 0.4520430421950535349 -1.519309720014483037e-17 -2.015369657698264953e-17 0.1358082343307342177 -1.589639407104069173e-16 -3.650685132220823559e-17
365 1.131419884227208961 0.452466033536535972 -1.555388411230380099e-17 -2.007727804995343835e-17 0.1352942053831688585 -1.153980561921769064e-16 2.444254261738486388e-17
366 1.134546339941143511 0.4528874113858439854 -1.554055758070196849e-17 -1.982783844184521628e-17 0.13478421094445453 4.262696887198355162e-18 7.978710986439815172e-17
367 1.137672654561790342 0.4533071885941261647 -1.50714408273158162e-17 -1.944814480713869285e-17 0.1342782595726157435 1.500609845847110168e-16 1.214563331054346472e-16
368 1.140798828594863812 0.453725377731614643 -1.423565244932635008e-17 -1.902992099584653149e-17 0.1337762623931056938 2.67363820185558793e-16 1.337873543403661799e-16
369 1.143924862541451759 0.4541419909427740764 -1.323207927519100997e-17 -1.869485544337050438e-17 0.1332780841680805961 3.210515326650471359e-16 1.07190299559743057e-16
370 1.147050756898051471 0.4545570401742444755 -1.227503741335797924e-17 -1.856571223773594498e-17 0.132783662551507059 3.061793975116935687e-16 4.131584047764148138e-17
371 1.150176512156605435 0.4549705377017497221 -1.152765154013194472e-17 -1.873325808999502778e-17 0.1322931037556958622 2.391162952503557613e-16 -5.360409516950961838e-17
372 1.153302128804536197 0.4553824965696723348 -1.108022178527930678e-17 -1.922386596620708726e-17 0.1318066546463638467 1.431556006398353639e-16 -1.569704840504021537e-16
373 1.15642760732478167 0.4557929305414505361 -1.096395644332381374e-17 -1.999089066915442363e-17 0.1313245462536141162 3.720085160391488941e-17 -2.454211347161715392e-16
374 1.159552948195829325 0.4562018535071039049 -1.116992279091896573e-17 -2.093334690495698382e-17 0.1308468200607483256 -6.590493536916130994e-17 -3.015663385502138326e-16
375 1.162678151891750611 0.4566092787265638719 -1.164304263389597497e-17 -2.192035045895246981e-17 0.1303732754211728573 -1.513951043026202851e-16 -3.158343667514797149e-16
376 1.165803218882234704 0.4570152184294954401 -1.228984654703819219e-17 -2.281957226603677333e-17 0.1299035835853989684 -2.06981838897393855e-16 -2.877573549342802434e-16
377 1.16892814963262226 0.4574196840170192679 -1.301307589332521008e-17 -2.353247326613491234e-17 0.1294374802944214808 -2.314485759628533525e-16 -2.281432883252049057e-16
378 1.172052944603938496 0.457822686665700862 -1.376756659552334652e-17 -2.40109331705616223e-17 0.1289748945335942309 -2.414633230350594796e-16 -1.531238464905176838e-16
379 1.175177604252926278 0.4582242378796747562 -1.45961768147085448e-17 -2.428007663416766996e-17 0.1285159319756891405 -2.651955986119602414e-16 -8.613900757063858595e-17
380 1.178302129032078538 0.4586243496533946029 -1.561412362222498475e-17 -2.442243707438416224e-17 0.1280607503948791026 -3.258065385596767506e-16 -4.556422979303674301e-17
381 1.181426519389671137 0.4590230342569372457 -1.693903091425773836e-17 -2.453569862412833224e-17 0.1276094388665226786 -4.240712447486953216e-16 -3.625232246135816458e-17
382 1.184550775769793951 0.4594203038796847993 -1.860759052352526075e-17 -2.469756534302203021e-17 0.1271619724204695046 -5.340889886021220593e-16 -5.181189314550792043e-17
383 1.187674898612383734 0.4598161703228622055 -2.05215685663057384e-17 -2.495454352016207712e-17 0.1267182276555949838 -6.12671039773321178e-16 -8.225960981178405034e-17
384 1.190798888353254537 0.4602106447652761223 -2.24693913959699653e-17 -2.531236225125360452e-17 0.1262780061519965802 -6.235313541789857649e-16 -1.145438869235179767e-16
385 1.193922745424129461 0.4606037377268138999 -2.420867271473821056e-17 -2.573747262660898819e-17 0.1258410977644568163 -5.567972258235530377e-16 -1.360908526484475029e-16
386 1.197046470252671302 0.4609954591320272743 -2.556635025948295068e-17 -2.615241967317319425e-17 0.1254073126617686884 -4.346525108959326155e-16 -1.328428656540038338e-16
387 1.200170063262513187 0.4613858184984125366 -2.649595672047486278e-17 -2.644282665377068965e-17 0.1249765212540363407 -2.976205815320106604e-16 -9.297600444187707729e-17
388 1.203293524873288778 0.461774825210981954 -2.7075603889290292e-17 -2.648696712486064836e-17 0.1245486818334534673 -1.855862340462172817e-16 -1.413250031972417945e-17
389 1.206416855500662022 0.4621624887835570905 -2.745009517764353116e-17 -2.621972126205154672e-17 0.1241238363415579221 -1.199062761510544486e-16 8.556796171981686066e-17
390 1.209540055556357796 0.4625488189812346773 -2.776794636390816757e-17 -2.569675974575451035e-17 0.1237020659345264006 -1.01775239515421598e-16 1.674511088159519142e-16
391 1.212663125448190105 0.462933825922540565 -2.812764919433411873e-17 -2.508614285442534952e-17 0.123283484487229672 -1.151808280765443952e-16 1.955262879014131752e-16
392 1.215786065580092279 0.4633175198156739283 -2.855029056658023381e-17 -2.459956918990579e-17 0.1228681214267469124 -1.353400519904959781e-16 1.558127277112281211e-16
393 1.218908876352145176 0.4636999105748025873 -2.897602872326815241e-17 -2.437149718294366943e-17 0.1224558833027846322 -1.363373480879004109e-16 7.3037222794889032e-17
394 1.222031558160606268 0.4640810077056497507 -2.929460773262860974e-17 -2.439017876801988091e-17 0.1220466400031067072 -1.020251650321522805e-16 -5.982791535101668448e-18
395 1.225154111397938062 0.4644608204354411241 -2.942188757444926383e-17 -2.449968094469509812e-17 0.121640303006024561 -4.076313749180464517e-17 -3.506959326484134328e-17
396 1.228276536452835854 0.464839357865071745 -2.934091550786389412e-17 -2.448707315057725706e-17 0.1212368325056242119 2.593349060309300919e-17 4.03798648187001431e-18
397 1.231398833710255936 0.4652166290902505774 -2.909976501967352532e-17 -2.419334781845752956e-17 0.1208362274857405078 7.723810697584018268e-17 9.407730746897038697e-17
398 1.234521003551443341 0.465592643258831651 -2.8761449288418068e-17 -2.357145941732238998e-17 0.1204385052883084617 1.083635788026040024e-16 1.991927851322646397e-16
399 1.237643046353958498 0.4659674095913325931 -2.834409046390769927e-17 -2.270567086462435771e-17 0.1200436898255183987 1.33686750731105837e-16 2.773260121339823846e-16
400 1.240764962491705203 0.4663409374153980047 -2.779958582900359998e-17 -2.178144373460358766e-17 0.1196518160480317672 1.74420656816823246e-16 2.960568060077998877e-16
401 1.243886752334957269 0.4667132362130168577 -2.706480528789927719e-17 -2.10102552185745492e-17 0.1192629340330190191 2.353810535057965681e-16 2.470440562860722686e-16
402 1.247008416250384721 0.467084315670400041 -2.611898582582265691e-17 -2.055305975487919836e-17 0.1188771098392740477 3.029978670182832542e-16 1.464647915004563784e-16
403 1.250129954601080673 0.4674541857157313296 -2.502338326549333425e-17 -2.046298945629110713e-17 0.1184944216255795768 3.509956898549209567e-16 2.885561583469001637e-17
404 1.253251367746587297 0.4678228564866268591 -2.389043118213956351e-17 -2.069071272773948842e-17 0.118114937132997172 3.629757894149620194e-16 -7.295810249754689181e-17
405 1.256372656042922031 0.4681903381624041849 -2.282485540777081292e-17 -2.113579784361628411e-17 0.1177386703686881531 3.414033491217987969e-16 -1.426022933888675349e-16
406 1.259493819842602891 0.4685566406850890098 -2.186774115393949994e-17 -2.170277117090260604e-17 0.1173655459461250133 3.066652015126265744e-16 -1.816616866466481079e-16
407 1.262614859494674002 0.4689217735420693201 -2.100687170972394056e-17 -2.231831211540422716e-17 0.1169954188202849271 2.758387234951377716e-16 -1.972308687817748178e-16
408 1.265735775344731362 0.4692857458517850078 -2.021600572500047331e-17 -2.292410138008742127e-17 0.1166281713762232775 2.534183264490723919e-16 -1.9411392650868425e-16
409 1.268856567734947038 0.4696485668401727542 -1.95082785519631354e-17 -2.344766565840047749e-17 0.116263838649851653 2.267869844569099263e-16 -1.677730746699928605e-16
410 1.271977237004094707 0.470010246463900494 -1.893597558159570488e-17 -2.37896487641818754e-17 0.1159026553978927121 1.833983160953902535e-16 -1.095907744338859329e-16
411 1.275097783487573633 0.4703707957042102539 -1.855856411178260547e-17 -2.385518312502372663e-17 0.1155449505771084795 1.209487768974920479e-16 -2.100174854915288448e-17
412 1.278218207517433536 0.4707302261944827371 -1.838836296048028836e-17 -2.359579490582242302e-17 0.1151909338325809717 5.454637291074284504e-17 8.312920579530311516e-17
413 1.281338509422398353 0.4710885493203733065 -1.837269153690912041e-17 -2.303020993521021356e-17 0.1148405264362205858 5.022602234910545933e-18 1.812667703433655879e-16
414 1.284458689527890662 0.4714457753687715802 -1.84127855895564894e-17 -2.2228731405854303e-17 0.1144933768787770589 -1.2850416426617206e-17 2.568793169849898602e-16
415 1.287578748156054775 0.4718019133091425621 -1.840682939248303185e-17 -2.126898363945719221e-17 0.1141490635074467463 1.90907578477247025e-18 3.076176287858252208e-16
416 1.290698685625780717 0.4721569713315042494 -1.82808338934594238e-17 -2.021736863826397668e-17 0.1138073370386491895 4.038554636043625185e-17 3.37075901227721084e-16
417 1.293818502252727098 0.4725109577113664194 -1.800920250871360732e-17 -1.912445146533453519e-17 0.1134682253973151034 8.706982229464184103e-17 3.503280893655813596e-16
418 1.296938198349345095 0.472863881382337925 -1.761523690906737841e-17 -1.804435320110036847e-17 0.1131319400617908505 1.262881928063721355e-16 3.462324070069052032e-16
419 1.300057774224900431 0.4732157519026396475 -1.716578038571214881e-17 -1.705502891743673014e-17 0.1127986818042775313 1.440817017558973423e-16 3.171464178884133079e-16
420 1.303177230185496249 0.473566578992493048 -1.67583916221563026e-17 -1.625242249166375291e-17 0.1124685031195442608 1.306011016537845592e-16 2.573003793365241877e-16
421 1.306296566534096204 0.4739163720710527494 -1.64849966093531042e-17 -1.571470903031630851e-17 0.1121413080501160314 8.764860207174122902e-17 1.723873186969470495e-16
422 1.309415783570546221 0.4742651401136712686 -1.640449672978447218e-17 -1.548699382816244206e-17 0.1118169548583453077 2.580870464004331697e-17 7.300674766135851131e-17
423 1.312534881591596703 0.4746128918271537156 -1.653138651821894228e-17 -1.558507898889887955e-17 0.1114953579709310749 -4.068311337039632008e-17 -3.144783960495634869e-17
424 1.315653860890924509 0.4749596358338910584 -1.683980965183147865e-17 -1.59962457062860634e-17 0.1111764908365725085 -9.888967371203900267e-17 -1.318323371123935764e-16
425 1.31877272175915472 0.4753053806153502703 -1.728033694958259075e-17 -1.666259249089294062e-17 0.1108603087769536866 -1.412515672608353117e-16 -2.136587860625986239e-16
426 1.321891464483882395 0.4756501340741587369 -1.780139319654168723e-17 -1.745248294802957469e-17 0.1105466266840657574 -1.670788470493270738e-16 -2.532816517292712047e-16
427 1.325010089349693665 0.4759939032709739615 -1.836982144553809099e-17 -1.816968652463087303e-17 0.1102351750414899967 -1.822757481099471062e-16 -2.299829727022565396e-16
428 1.328128596638186831 0.4763366946026488802 -1.898096751719596964e-17 -1.86280822013311911e-17 0.1099257414227869656 -1.959812831799608733e-16 -1.469975462333760091e-16
429 1.331246986627993678 0.4766785143103410838 -1.964054168103126735e-17 -1.872244386992580226e-17 0.1096182763121811704 -2.115190590613384569e-16 -3.026087504175486416e-17
430 1.334365259594800124 0.4770193690723799618 -2.031862781082168328e-17 -1.84698263681964608e-17 0.1093129203174326991 -2.174638096025264098e-16 8.101502432340740381e-17
431 1.337483415811366871 0.4773592662586820246 -2.095098723134678237e-17 -1.798848928016936487e-17 0.1090098956590392076 -2.028067228223183447e-16 1.54371697846381203e-16
432 1.340601455547550058 0.4776982138397327105 -2.145413681756872594e-17 -1.742129406846632393e-17 0.1087093953957579129 -1.613732930096683344e-16 1.819144079579166243e-16
433 1.343719379070321462 0.4780362199542488311 -2.176303942027976191e-17 -1.686328215770488575e-17 0.1084114739448897857 -9.907686585272925063e-17 1.789757377941338682e-16
434 1.346837186643788709 0.4783732926158715815 -2.186608884287158366e-17 -1.634735488193408971e-17 0.1081160916505018443 -3.305311312946983007e-17 1.65483727940698918e-16
435 1.34995487852921503 0.4787094394279537424 -2.180417910767223753e-17 -1.586150893699862697e-17 0.1078231173622665739 1.985828930793055635e-17 1.558409077756035637e-16
436 1.35307245498503903 0.4790446674306133579 -2.163760415588016356e-17 -1.537809218593258086e-17 0.1075323708463420541 5.343288552180943591e-17 1.550674434610049884e-16
437 1.35618991626689489 0.4793789832456606947 -2.139833559384229701e-17 -1.487119284080264334e-17 0.1072437183298370345 7.675392284011580015e-17 1.626060393912143622e-16
438 1.359307262627631241 0.4797123933880279023 -2.106131960954103067e-17 -1.43184578663096703e-17 0.1069571259232780097 1.081138708472991185e-16 1.773159744010812453e-16
439 1.362424494317330703 0.4800449044744340421 -2.05517551550944766e-17 -1.371083900249278707e-17 0.1066726266711819082 1.63472981913422089e-16 1.949297417985612926e-16
440 1.365541611583328985 0.4803765232703453569 -1.979027771150775538e-17 -1.306744899096882862e-17 0.106390268686115369 2.442979433628951279e-16 2.064130171147116411e-16
441 1.368658614670234197 0.4807072566712932704 -1.875412723847402459e-17 -1.243495642637998988e-17 0.1061100940912799301 3.32430966667466161e-16 2.029243050390499616e-16
442 1.371775503819945063 0.4810371116671354197 -1.750590041578821316e-17 -1.186573970790342715e-17 0.1058321335467260066 4.004866061155883029e-16 1.82630005687925729e-16
443 1.374892279271670237 0.481366095299058161 -1.618741244130036846e-17 -1.140022188855360981e-17 0.105556403918410327 4.230449046452332485e-16 1.493642303214771413e-16
444 1.378008941261946507 0.4816942146375604583 -1.497485103426227175e-17 -1.106399654610769348e-17 0.1052829150078493786 3.890718545932470379e-16 1.078838702826802029e-16
445 1.38112549002465701 0.4820214768118644133 -1.401397468294050824e-17 -1.088462052243755979e-17 0.1050116860527217366 3.083254151051899278e-16 5.755806861302598401e-17
446 1.384241925791049876 0.4823478891077350728 -1.337463894769778619e-17 -1.090739162034799698e-17 0.1047427676804380675 2.051570827247895609e-16 -7.307040354896150842e-18
447 1.387358248789755999 0.4826734590941154646 -1.303533668197754147e-17 -1.118438417152608849e-17 0.104476251160684 1.088829751381253665e-16 -8.888762649241141858e-17
448 1.390474459246807015 0.48299819465506727 -1.29065547704257494e-17 -1.173566022141977089e-17 0.1042122380240889101 4.132793827844340497e-17 -1.769122875243820454e-16
449 1.393590557385652851 0.483322103807088399 -1.286951730206179259e-17 -1.252028050403418133e-17 0.1039507711858759231 1.188627544230184758e-17 -2.518048130375883845e-16
450 1.396706543427179703 0.4836451943349334148 -1.282863966771488339e-17 -1.342806543913830969e-17 0.1036917766861489704 1.31191544377021738e-17 -2.913419758780875386e-16
451 1.399822417589727364 0.4839674734782562493 -1.275192527796319115e-17 -1.431066939783296701e-17 0.1034350799802834647 2.46213855410920611e-17 -2.832706147758422685e-16
452 1.402938180089106535 0.4842889479598305735 -1.268168643064050552e-17 -1.50389885091177176e-17 0.1031805155538702001 2.254387484559453917e-17 -2.337614513664575742e-16
453 1.406053831138615928 0.4846096244595406444 -1.269354070113491337e-17 -1.553143562160670266e-17 0.1029280700041622088 -3.804884936688085335e-18 -1.580615695675809269e-16
454 1.409169370949059363 0.4849295103090154879 -1.283579009060099946e-17 -1.576814680244542972e-17 0.1026779528901023003 -4.565965057292216426e-17 -7.598028957710828519e-17
455 1.412284799728762863 0.4852486139473496385 -1.308923132487683921e-17 -1.578357063228506153e-17 0.1024305200821003098 -8.13532480314124388e-17 -4.950964897732895992e-18
456 1.415400117683590864 0.4855669447484229351 -1.33727317541451228e-17 -1.56451405376076613e-17 0.1021860720675170919 -9.100531647803733228e-17 4.443688007357405697e-17
457 1.418515325016963535 0.4858845122118484183 -1.358855731577107453e-17 -1.542200198337743024e-17 0.1019446496542264352 -6.928373904887309934e-17 7.163133618910102122e-17
458 1.421630421929872767 0.486201324957918235 -1.368029655068667251e-17 -1.515416966978593568e-17 0.1017059710022399643 -2.945092355607644042e-17 8.598184844998173329e-17
459 1.424745408620898601 0.4865173901484036167 -1.36537581015640876e-17 -1.483651805458014285e-17 0.1014695682829538648 8.519903666811270775e-18 1.019788740728316009e-16
460 1.427860285286225661 0.4868327137018835238 -1.355466578174704168e-17 -1.442025668409020236e-17 0.1012350427310567819 3.181371997203896226e-17 1.336412620109635374e-16
461 1.430975052119659141 0.4871473011437584266 -1.342514919532024555e-17 -1.384301205012416312e-17 0.1010022684306205454 4.158293462235536489e-17 1.853316747880952865e-16
462 1.43408970931264057 0.4874611585115177226 -1.327838581543013009e-17 -1.30737941705815399e-17 0.1007714101038909849 4.712189122315991407e-17 2.469757869698549931e-16
463 1.437204257054264023 0.4877742927363578063 -1.310836184512633617e-17 -1.216144294445389361e-17 0.1005427550262415343 5.459217498047211162e-17 2.929424462410493245e-16
464 1.440318695531291437 0.4880867113345280783 -1.291375009880618687e-17 -1.123050282073725008e-17 0.1003164914037520811 6.248913378119344747e-17 2.989215349699935589e-16
465 1.443433024928168384 0.4883984217489952262 -1.27197464163286236e-17 -1.044855523771752266e-17 0.1000925960702291756 6.229606495361277499e-17 2.510893442847469399e-16
466 1.446547245427039829 0.4887094308874361803 -1.257345009710968176e-17 -9.955194556729108901e-18 0.09987089749506436465 4.697850607818757288e-17 1.584274154968081945e-16
467 1.449661357207764789 0.4890197451543197293 -1.25140020365355293e-17 -9.822724199434295078e-18 0.09965123442416672084 1.909055835502540944e-17 4.254021177180768339e-17
468 1.452775360447932096 0.4893293708225147087 -1.254269453003881012e-17 -1.005067723410875984e-17 0.09943356491783539308 -9.214342376860797568e-18 -7.320511572459827673e-17
469 1.455889255322875497 0.4896383143244606995 -1.26106247730142708e-17 -1.059149166737039164e-17 0.09921794053885121811 -2.1815959118335097e-17 -1.736838416859978931e-16
470 1.459003042005688311 0.4899465822304418516 -1.264079254058325856e-17 -1.13770823168070746e-17 0.09900440587780100221 -9.688786431791799784e-18 -2.523030584811690413e-16
471 1.462116720667238523 0.4902541809657319782 -1.25661140371873135e-17 -1.233090449607604073e-17 0.09879291468382363217 2.39848418354252772e-17 -3.063435000510356768e-16
472 1.465230291476183666 0.4905611164940101299 -1.235088422162359614e-17 -1.337082376623972643e-17 0.09858331901550820842 6.912875055030998813e-17 -3.34007254670176249e-16
473 1.468343754598985029 0.4908673942018009217 -1.198802980151977097e-17 -1.441626923643566238e-17 0.09837543379193987303 1.165476953530699936e-16 -3.357937878606502334e-16
474 1.471457110199922313 0.4911730187964528649 -1.148110197265770536e-17 -1.541160984145212547e-17 0.09816904113482062544 1.628292348023261151e-16 -3.197112879881258164e-16
475 1.474570358441108731 0.4914779943658493799 -1.083235930990825852e-17 -1.634117145640485142e-17 0.09796394231460513191 2.083884585128359714e-16 -2.985928368141160786e-16
476 1.477683499482504104 0.4917823247399272235 -1.003976948914949999e-17 -1.723069646242675046e-17 0.0977600547035297196 2.546036506202229236e-16 -2.8574214293383464e-16
477 1.480796533481930188 0.4920860138834609043 -9.123521066048238813e-18 -1.811146736201171779e-17 0.09755742183953731994 2.943366130320324315e-16 -2.829397758345342355e-16
478 1.483909460595083996 0.4923890662890063052 -8.144911103998985666e-18 -1.897403978964007056e-17 0.09735621349916982747 3.143804789347168151e-16 -2.771031804599949757e-16
479 1.487022280975552002 0.4926914872478008189 -7.193156444749706026e-18 -1.97341354657973462e-17 0.09715668651106688924 3.05763626412394512e-16 -2.441906725684415792e-16
480 1.490134994774823918 0.4929932827637940607 -6.354417521520140701e-18 -2.024512899507556655e-17 0.09695907011789091368 2.694650574922554773e-16 -1.641689647774203834e-16
481 1.493247602142306674 0.493294459290627707 -5.677593327016936562e-18 -2.036179252472395807e-17 0.09676350908779544902 2.174534808013775422e-16 -3.74822454791797121e-17
482 1.496360103225337967 0.4935950231388183673 -5.161217584850243214e-18 -2.001412083803804255e-17 0.09656995773735896349 1.659094528427743298e-16 1.117055171200593576e-16
483 1.499472498169199586 0.4938949801454667332 -4.765504170948767565e-18 -1.925349259663472273e-17 0.09637826425073114933 1.271454612736014699e-16 2.443951233733821033e-16
484 1.502584787117130949 0.4941943354187661175 -4.4347147966591035e-18 -1.823494430915610025e-17 0.09618819469597227056 1.062885326416583811e-16 3.272777522955628266e-16
485 1.505696970210342878 0.4944930933991124045 -4.113573967647777929e-18 -1.716292453383682127e-17 0.09599953474432054712 1.031917880043228e-16 3.444707972254986004e-16
486 1.508809047588029806 0.4947912582538311899 -3.748936377440703959e-18 -1.622779521380949494e-17 0.09581219687808378849 1.171725239549839561e-16 3.004941497931830743e-16
487 1.511921019387383991 0.4950888343633533806 -3.287806085568414638e-18 -1.555394859973451667e-17 0.09562624979925431201 1.481844780865925873e-16 2.165409876061076925e-16
488 1.515032885743607949 0.4953858265570760255 -2.69207367468895836e-18 -1.518127570058974204e-17 0.09544183801448483107 1.914454233508843254e-16 1.197626982269551492e-16
489 1.518144646789927554 0.4956822399792784606 -1.965308972947887731e-18 -1.506399299883732502e-17 0.09525906295791954081 2.335620430557428638e-16 3.769141149916681435e-17
490 1.521256302657604698 0.4959780798211788078 -1.165119541325747881e-18 -1.509609919880842319e-17 0.09507793996359600874 2.571673992609342341e-16 -1.031839164631408659e-17
491 1.524367853475950163 0.4962733511541696507 -3.882892162345672647e-19 -1.515418680061246109e-17 0.09489843076937370947 2.496685949106372734e-16 -1.866900590220931853e-17
492 1.527479299372336286 0.4965680589295239922 2.64202320498755235e-19 -1.514558208606337821e-17 0.0947204970121597184 2.097139194284932439e-16 2.765596658442641474e-18
493 1.530590640472209163 0.4968622080657923434 7.239888471147839871e-19 -1.503270969128341689e-17 0.09454412841332038298 1.477825737194899538e-16 3.627895128905084466e-17
494 1.533701876899101757 0.4971558035637533846 9.759072643316041758e-19 -1.482924216358680923e-17 0.09436935163981328978 8.097323652433527558e-17 6.539984026264795173e-17
495 1.536813008774645661 0.4974488506341557259 1.063290596966017657e-18 -1.458333432886787188e-17 0.09419623442196814467 2.808825515335332491e-17 7.904392974678026518e-17
496 1.539924036218583536 0.4977413548281225397 1.066522796530148458e-18 -1.434942922089078921e-17 0.09402488641634042243 1.038984066419306147e-18 7.518832776887244242e-17
497 1.543034959348781321 0.4980333221064764393 1.071478296847325173e-18 -1.417182756733349222e-17 0.09385543957812812754 1.592988992535035345e-18 5.709160751985919195e-17
498 1.546145778281240224 0.4983247587363026643 1.137411367350849949e-18 -1.408236573304100744e-17 0.09368799262722324328 2.119547232929528849e-17 2.875925266021117568e-17
499 1.549256493130108936 0.498615670960409374 1.288970562732398944e-18 -1.409790350677416443e-17 0.0935225380335699269 4.872328984432769781e-17 -4.99508757109882972e-18
500 1.552367104007695175 0.4989060645629326274 1.520618647182281182e-18 -1.422014244825884317e-17 0.09335892861083289196 7.447277347392343244e-17 -3.929871909150271917e-17
501 1.555477611024477458 0.4991959446168969805 1.807640363191539229e-18 -1.4430667750875811e-17 0.0931969359921319962 9.227797542273829468e-17 -6.768424693038323402e-17
502 1.558588014289117529 0.4994853156666331229 2.123615114930435274e-18 -1.46982501043581884e-17 0.09303639042861219788 1.015898114036266919e-16 -8.603105366999801374e-17
503 1.561698313908471025 0.4997741823403554773 2.442175575612546964e-18 -1.49925864757337845e-17 0.09287731910563555571 1.024245586379083513e-16 -9.463595345347155832e-17
504 1.564808509987599683 0.5000625500712853055 2.720868708880249127e-18 -1.530173761881101444e-17 0.09271998107663413646 8.960927063320171173e-17 -9.940255119224920119e-17
505 1.567918602629782665 0.5003504254748643021 2.89845716411122136e-18 -1.563289465461776955e-17 0.09256475671947946016 5.710259351883201038e-17 -1.064817281167300666e-16
506 1.571028591936527663 0.5006378161003892657 2.907093175681006922e-18 -1.599497936059857907e-17 0.09241194659824872315 2.776954323235611908e-18 -1.164302156760381777e-16
507 1.574138478007582442 0.500924729638768218 2.696436575467448595e-18 -1.638733687704023326e-17 0.09226159655736268506 -6.773996922856483274e-17 -1.261687792521540044e-16
508 1.577248260940945945 0.5012111729956569839 2.266295311382697652e-18 -1.679083408406756354e-17 0.09211345438858575818 -1.38323325561752229e-16 -1.29755222739807044e-16
509 1.580357940832879393 0.5014971517213363539 1.672868610882541271e-18 -1.717750931816914568e-17 0.09196708450508409016 -1.908384037407634764e-16 -1.243497880695924589e-16
510 1.58346751777791761 0.5017826700845277044 1.02015969074273361e-18 -1.752714925097651501e-17 0.09182207500015433788 -2.099097471295989794e-16 -1.12443430168357987e-16
511 1.586576991868879238 0.5020677317169074394 4.179992494375106765e-19 -1.784058095077660069e-17 0.09167822119308237372 -1.936598681163856383e-16 -1.008022737515100434e-16
512 1.589686363196878505 0.5023523404481841093 -6.457380102850123812e-20 -1.814883550210622825e-17 0.09153558695184184357 -1.552046812597743641e-16 -9.914053289919258155e-17
513 1.592795631851335436 0.5026365008705914184 -4.264255305985835729e-19 -1.850134972691038672e-17 0.09139441770973590062 -1.163822457791809113e-16 -1.133790273727820367e-16
514 1.595904797919986962 0.502920218357310489 -7.388794805623896475e-19 -1.894904981262070448e-17 0.09125496485700035354 -1.004977682310184324e-16 -1.439983698587728655e-16
515 1.599013861488896904 0.5032034985928829363 -1.12706965391614075e-18 -1.952524774641436614e-17 0.09111732877304855316 -1.248616995127071206e-16 -1.853345556061372158e-16
516 1.602122822642467082 0.5034863469573912509 -1.71692809366604274e-18 -2.023342258081737409e-17 0.09098141176418739207 -1.897347141559361544e-16 -2.277925358410614454e-16
517 1.605231681463447524 0.5037687681667828432 -2.57761756407930498e-18 -2.103398678758479158e-17 0.09084700042531448916 -2.76859719045721646e-16 -2.575191041401554726e-16
518 1.60834043803294735 0.5040507663898539104 -3.687850372166194765e-18 -2.185879887443044776e-17 0.09071391895418276508 -3.57142565922030539e-16 -2.653276888900115066e-16
519 1.611449092430444319 0.5043323457261146281 -4.953866172093461514e-18 -2.263252829886127488e-17 0.09058214525041433096 -4.072686177943175565e-16 -2.489034601723289621e-16
520 1.614557644733795705 0.5046135106697309247 -6.262613975371708807e-18 -2.330255971092128555e-17 0.09045180646192407803 -4.210290283242439177e-16 -2.155515934083830267e-16
521 1.617666095019248074 0.504894266197988606 -7.535080191359899887e-18 -2.385271112096927627e-17 0.09032305821264562107 -4.093705324827721522e-16 -1.769915561196983799e-16
522 1.620774443361447714 0.5051746173937967654 -8.751615936711139793e-18 -2.430805211091083231e-17 0.09019593469610745484 -3.913897293246083395e-16 -1.464944926481963166e-16
523 1.623882689833450188 0.5054545689114475771 -9.935979574066007227e-18 -2.471633079913171009e-17 0.09007029822562744037 -3.810516439393195659e-16 -1.313576847727380985e-16
524 1.626990834506730987 0.5057341247156318387 -1.111362194889290129e-17 -2.513009433316830192e-17 0.08994592712506209453 -3.789015775746057468e-16 -1.331267107404773606e-16
525 1.630098877451194639 0.5060132881589882725 -1.228575381494086974e-17 -2.558274313741482501e-17 0.08982262464046386619 -3.771409299415764496e-16 -1.456426498718622191e-16
526 1.63320681873518514 0.5062920623074113058 -1.343012344713030561e-17 -2.607712210388496601e-17 0.08970029866477464975 -3.682202900482461836e-16 -1.590747965577379559e-16
527 1.636314658425495283 0.506570450163202568 -1.452354566682693906e-17 -2.658836053688546368e-17 0.08957892888336060899 -3.518385921659265484e-16 -1.645049892784455944e-16
528 1.639422396587376651 0.5068484543497536743 -1.556403729059376421e-17 -2.706990833794203088e-17 0.08945839351301750064 -3.348176524989589147e-16 -1.549562732010306488e-16
529 1.64253003328454894 0.5071260769077362562 -1.656261732099613759e-17 -2.746805344072459389e-17 0.08933850516826960519 -3.213414927637666274e-16 -1.281224716792897704e-16
530 1.645637568579209731 0.5074033195716264322 -1.752763118599983148e-17 -2.773517125138335612e-17 0.08921916542661058325 -3.105500807582936031e-16 -8.596089722683931666e-17
531 1.648745002532043813 0.507680184318119454 -1.844887730643121998e-17 -2.784607309761970138e-17 0.0891004523426826428 -2.964748928460758135e-16 -3.569036791596549451e-17
532 1.651852335202232736 0.5079566739843679457 -1.929662752961784807e-17 -2.780922509660086813e-17 0.08898264294822645637 -2.728313735649270066e-16 1.18587886574656106e-17
533 1.654959566647464131 0.5082327925683672865 -2.003837099983549776e-17 -2.765814335778335053e-17 0.08886611098665259112 -2.387230029693895084e-16 4.862420477226652742e-17
534 1.658066696923940819 0.5085085449244761691 -2.066008944820139738e-17 -2.74383972989438785e-17 0.08875113225248278115 -2.00100615687732216e-16 7.072545745474215937e-17
535 1.661173726086390356 0.5087839362112921426 -2.11754116214534552e-17 -2.71887249181878142e-17 0.08863780486801939307 -1.658622782332240063e-16 8.03598836486674734e-17
536 1.664280654188073916 0.5090589710984400051 -2.161790395341946215e-17 -2.694356763848637015e-17 0.08852597165520660616 -1.424257992994396445e-16 7.890921264198715137e-17
537 1.667387481280795392 0.5093336535124250997 -2.203741613832485018e-17 -2.673652895648328542e-17 0.08841539360960559701 -1.350335262251454613e-16 6.66420769212891302e-17
538 1.670494207414910504 0.5096079867328957569 -2.248767663591891056e-17 -2.659787126220765777e-17 0.0883058626813729014 -1.449355699728185682e-16 4.463290041728963789e-17
539 1.673600832639336122 0.5098819735920206986 -2.301608043459162563e-17 -2.653774466941765465e-17 0.08819723497321292627 -1.700948510491292742e-16 1.935494004849493513e-17
540 1.676707357001558485 0.5101556168330105834 -2.364237905944216922e-17 -2.652556350789435772e-17 0.08808948198157195986 -2.016140476529682127e-16 3.921281609731457742e-18
541 1.679813780547642743 0.5104289194029082433 -2.435437762652609528e-17 -2.649880689187056838e-17 0.08798266945485629098 -2.292094604289538947e-16 8.61359812398946812e-18
542 1.682920103322241401 0.5107018846095652265 -2.511287150219143007e-17 -2.638755496688342979e-17 0.08787691368577327244 -2.441853365099166338e-16 3.581583136255508753e-17
543 1.686026325368602974 0.5109745160230667604 -2.586729617795524574e-17 -2.615344835265419665e-17 0.08777229924571405828 -2.428831936460905821e-16 7.536943573604783431e-17
544 1.689132446728581094 0.5112468172353809015 -2.656393758152564093e-17 -2.580697797988049996e-17 0.08766883333435906978 -2.242874300279359423e-16 1.115479916811757661e-16
545 1.692238467442642724 0.5115187917089811798 -2.715812626905908463e-17 -2.539522265783348193e-17 0.08756647441343298754 -1.913084261728159103e-16 1.325711247652494872e-16
546 1.695344387549876819 0.5117904427994757199 -2.761565707016946827e-17 -2.497358132318214667e-17 0.08746518822481066935 -1.473140327356028597e-16 1.357584783904523247e-16
547 1.698450207088002983 0.51206177387001095 -2.792297120176818818e-17 -2.458733700271607022e-17 0.08736497734195712572 -9.895104195410980196e-17 1.243655075676153466e-16
548 1.701555926093379689 0.5123327883669218652 -2.808707755492280733e-17 -2.426924404096939901e-17 0.08726586869726363216 -5.284176171388863489e-17 1.024249955249810986e-16
549 1.704661544601013379 0.5126034898549438612 -2.813326696232795393e-17 -2.403829899662884135e-17 0.08716790056461719283 -1.487333409672150028e-17 7.436602882409670752e-17
550 1.70776706264456557 0.5128738820998335335 -2.809913730412699393e-17 -2.390639256748353057e-17 0.08707113782782607836 1.09903602244369834e-17 4.247622884736352092e-17
551 1.710872480256362405 0.5131439692189884161 -2.80240061726357055e-17 -2.388334104177660355e-17 0.08697569388233415688 2.419435000849456307e-17 7.423243469291772974e-18
552 1.713977797467401754 0.5134137557856215395 -2.792225241757292298e-17 -2.397452129607108293e-17 0.08688171568609392992 3.276864718538154856e-17 -2.936357072430082061e-17
553 1.717083014307362543 0.5136832467213010567 -2.778064128397451375e-17 -2.418032044989599024e-17 0.08678931560802481682 4.560573934145531064e-17 -6.62774340374055287e-17
554 1.720188130804611859 0.5139524469233365256 -2.756582084492060092e-17 -2.448904781018576589e-17 0.08669848602741719867 6.918496603231360172e-17 -9.942858337391981191e-17
555 1.723293146986213831 0.5142213607911176876 -2.725286590680514253e-17 -2.486991637780791955e-17 0.08660906676991762809 1.007933705868572849e-16 -1.226663075278345169e-16
556 1.726398062877936734 0.5144899919602439198 -2.684989629564300956e-17 -2.527396281247092641e-17 0.08652081200846029052 1.297885799547686327e-16 -1.301354036088834532e-16
557 1.729502878504262098 0.5147583434807510017 -2.640469231687162387e-17 -2.565186604210776758e-17 0.08643353328903270738 1.433960681378991981e-16 -1.217191216845873127e-16
558 1.732607593888391362 0.5150264184044799354 -2.599100491419069254e-17 -2.597001980758008576e-17 0.08634723132490020048 1.332491728753054044e-16 -1.024776819927664452e-16
559 1.735712209052254762 0.5152942204638442103 -2.567535666184916076e-17 -2.623206153308055884e-17 0.08626212546788028512 1.01673934889979162e-16 -8.440665563440266545e-17
560 1.738816724016518656 0.5155617544432513633 -2.548741843897848424e-17 -2.647407915730654609e-17 0.08617855474067302735 6.053901812180045205e-17 -7.795917783522953683e-17
561 1.741921138800593294 0.5158290260194270394 -2.540627686212183155e-17 -2.67390307717400721e-17 0.08609680677257219861 2.613832253998259954e-17 -8.534947216748269677e-17
562 1.745025453422640593 0.5160960411626717148 -2.537335087591386073e-17 -2.704620877400078351e-17 0.08601697634881806664 1.060686574737486921e-17 -9.895514776524661121e-17
563 1.748129667899581463 0.5163628054214062235 -2.532297223220648738e-17 -2.737879694963805148e-17 0.08593892778059993021 1.622963527344831459e-17 -1.071443053967035706e-16
564 1.751233782247104243 0.5166293234269698775 -2.520806158860433018e-17 -2.769750772069084337e-17 0.08586236582533171569 3.702001182743489796e-17 -1.026769683298837211e-16
565 1.754337796479671363 0.5168955987934292784 -2.501243940560232436e-17 -2.79617657095282319e-17 0.08578696292282586566 6.302435401074711707e-17 -8.51370165851009968e-17
566 1.757441710610526897 0.5171616343786649139 -2.474004972753764262e-17 -2.814389989246047857e-17 0.0857124755884664663 8.775966422308691714e-17 -5.868076518628029213e-17
567 1.760545524651704774 0.5174274327379505545 -2.438998314339554951e-17 -2.823571035595920968e-17 0.08563880644660171182 1.127895767428296901e-16 -2.95808391536790838e-17
568 1.763649238614035442 0.5176929965723678917 -2.394051978991465834e-17 -2.824270329974576002e-17 0.08556600259013280585 1.448193522002008802e-16 -2.253161645543150665e-18
569 1.766752852507153415 0.5179583290145762797 -2.335082321125056571e-17 -2.817930875645520943e-17 0.08549420319720583972 1.900093283029963341e-16 2.042669912720273763e-17
570 1.769856366339504605 0.5182234336639531813 -2.258814165102189652e-17 -2.806738481939191835e-17 0.08542355878669917468 2.457556789322541468e-16 3.606478060583015281e-17
571 1.772959780118353201 0.5184883143745426803 -2.166353430080003167e-17 -2.793750286918536652e-17 0.08535415156587751462 2.979419518096491941e-16 4.185266506922963733e-17
572 1.776063093849789665 0.5187529748996317913 -2.063932212481682269e-17 -2.782261025595835132e-17 0.08528594921831671172 3.300488714751155749e-16 3.702375174362879748e-17
573 1.779166307538736946 0.519017418581328327 -1.96116158987859592e-17 -2.77481737737972897e-17 0.08521881938731296069 3.311854936275198647e-16 2.398767513904959873e-17
574 1.782269421188958258 0.5192816482688922264 -1.867970737773108896e-17 -2.772251945269912583e-17 0.08515260337976005012 3.003236972015358982e-16 8.267550287741039957e-18
575 1.785372434803063735 0.519545666549292573 -1.791404448823425921e-17 -2.773633499365702748e-17 0.08508721678509403863 2.467561115999905655e-16 -4.452441424531193342e-18
576 1.788475348382517538 0.519809476173962004 -1.733453398476193294e-17 -2.777632099546945128e-17 0.08502271271945824327 1.867693611117619796e-16 -1.28870140699296829e-17
577 1.791578161927644741 0.5200730803898163668 -1.691395000594519248e-17 -2.783106820724425841e-17 0.08495925099281953496 1.355535976692936394e-16 -1.76449458187081713e-17
578 1.794680875437638212 0.5203364829143570791 -1.6589549601946463e-17 -2.788857735857598655e-17 0.08489698341063710296 1.045571441074953821e-16 -1.853571249965061779e-17
579 1.797783488910565719 0.5205996875013180203 -1.628934542351332564e-17 -2.793536528602324587e-17 0.08483592179730342631 9.67616047229135196e-17 -1.508065265808587293e-17
580 1.800886002343376147 0.5208626973515549929 -1.594726163448709732e-17 -2.796364719443856052e-17 0.08477588809064803832 1.102637676496808871e-16 -9.116099266418868196e-18
581 1.803988415731907047 0.5211255148188066455 -1.551412041037649542e-17 -2.798222242209709003e-17 0.08471660936021693789 1.396187866221487908e-16 -5.987540789357467388e-18
582 1.807090729070890633 0.5213881416075974995 -1.495641574437668634e-17 -2.802018600189268269e-17 0.08465787643424128872 1.797763774152355113e-16 -1.223757889335675358e-17
583 1.810192942353960888 0.521650579182185492 -1.426530838297379779e-17 -2.811335945978889149e-17 0.08459961194241943927 2.227859889233466123e-16 -3.003547946107627804e-17
584 1.813295055573660219 0.5219128291439621981 -1.345991919342285328e-17 -2.828160408028204784e-17 0.08454186016713703677 2.596343571676862742e-16 -5.423723642605420452e-17
585 1.816397068721445462 0.5221748932812404487 -1.258490384786923092e-17 -2.85217181897662056e-17 0.08448468144695672755 2.820889324959440809e-16 -7.740839422506890188e-17
586 1.819498981787695202 0.5224367729507987113 -1.171276493697155127e-17 -2.879745476106203432e-17 0.08442793674267548565 2.811706953972747542e-16 -8.88952924000473637e-17
587 1.82260079476171577 0.5226984686281586079 -1.092568220974199994e-17 -2.90572886207042485e-17 0.08437134200536482165 2.537574431321730851e-16 -8.377108730877181368e-17
588 1.825702507631748128 0.5229599802810070974 -1.030141580032891375e-17 -2.925809544773772605e-17 0.08431473354515282848 2.012715509903311799e-16 -6.474271387511338626e-17
589 1.828804120384973642 0.523221308088653525 -9.887349769312664397e-18 -2.939039137571419779e-17 0.08425817962069938327 1.335045448488805493e-16 -4.265529245784982718e-17
590 1.831905633007520962 0.5234824531868778053 -9.684300998106827478e-18 -2.947245364561411321e-17 0.08420198866322481379 6.546977311622135695e-17 -2.645964395570288161e-17
591 1.835007045484472465 0.5237434180346345336 -9.655364352979823478e-18 -2.953220140661972967e-17 0.08414658738529876003 9.330451816586144925e-18 -1.926531575326126025e-17
592 1.838108357799870252 0.5240042061125816941 -9.736984529218055671e-18 -2.959043583374937022e-17 0.08409230534351581909 -2.631879814615894668e-17 -1.877795666979080686e-17
593 1.841209569936722579 0.5242648214103701187 -9.858598472019890269e-18 -2.963690481136795212e-17 0.08403930680563263811 -3.921623764106111065e-17 -1.498461794135708185e-17
594 1.844310681877009861 0.524525267659114558 -9.958883109691460974e-18 -2.963922549074764233e-17 0.08398750855134180793 -3.233932876596375559e-17 -7.48362013991238426e-19
595 1.847411693601690885 0.5247855478914371652 -1.000218143570051422e-17 -2.956718728062957207e-17 0.0839366854695222514 -1.396309638710636107e-17 2.323130162637081064e-17
596 1.850512605090709695 0.5250456645392636013 -9.979395571907131419e-18 -2.940912677455341951e-17 0.0838866439587402507 7.348355667735959092e-18 5.09739207695608337e-17
597 1.853613416323000473 0.5253056195461238698 -9.902243812267334432e-18 -2.918302714009066521e-17 0.08383722661003684129 2.488195797575231347e-17 7.291864280608380716e-17
598 1.856714127276494652 0.525565414579410306 -9.79009330780221958e-18 -2.892686142115652574e-17 0.08378834445071314807 3.617045706983362626e-17 8.261782845883256984e-17
599 1.85981473792812646 0.5258250513048224883 -9.653220389564675201e-18 -2.867863782614738322e-17 0.08373999701241724436 4.414528702015898353e-17 8.005894802240317183e-17
600 1.862915248253838918 0.5260845316324552767 -9.493812844162464216e-18 -2.846193328891838867e-17 0.08369226319936820535 5.141498921122396643e-17 6.989544576161270641e-17
601 1.866015658228590279 0.526343857841971241 -9.319971426823233801e-18 -2.828751003080488702e-17 0.08364526229980001615 5.607227660886576938e-17 5.625994843837870281e-17
602 1.869115967826359359 0.5266030324367637627 -9.147521075441403623e-18 -2.816324266146539338e-17 0.08359906657638015159 5.562539190165543258e-17 4.008354326163041844e-17
603 1.872216177020151973 0.526862057879410095 -9.003150828850236396e-18 -2.810469123477071631e-17 0.08355366296613823962 4.656941342432014835e-17 1.888689436161782703e-17
604 1.875316285782006709 0.5271209364530514696 -8.92259650876533702e-18 -2.812570597924494466e-17 0.08350899368828658409 2.598519496192201109e-17 -6.778931678180760913e-18
605 1.878416294083000482 0.5273796703257498386 -8.944479147500133443e-18 -2.822088625403633621e-17 0.08346502171533581871 -7.059125649611099445e-18 -3.070422755042469315e-17
606 1.881516201893254747 0.5276382617097182814 -9.105746493789965658e-18 -2.836087128586541661e-17 0.08342176138246981676 -5.202495873804846131e-17 -4.515926920359705349e-17
607 1.884616009181941498 0.5278967129530220959 -9.431144821394451014e-18 -2.849972191389393193e-17 0.08337925661049587489 -1.049771334474476892e-16 -4.479476282228598171e-17
608 1.887715715917288595 0.5281550265572878544 -9.920641447470806158e-18 -2.859234623405121943e-17 0.08333755703907261281 -1.579222012407437117e-16 -2.988260949807771157e-17
609 1.890815322066585757 0.5284132052411677494 -1.054289078903934786e-17 -2.861472350750886426e-17 0.08329673278978423634 -2.007576162149705995e-16 -7.219626886904221776e-18
610 1.893914827596190342 0.5286712520943332994 -1.12469837392019288e-17 -2.856578683780864287e-17 0.08325690367798707636 -2.271703693066914831e-16 1.57890535984951009e-17
611 1.897014232471533113 0.5289291707020292721 -1.197890555835074527e-17 -2.84518452041238662e-17 0.08321822972236607441 -2.361568195053795347e-16 3.676361752890067782e-17
612 1.900113536657123792 0.5291869650453626672 -1.270036248795684541e-17 -2.827889804087928287e-17 0.08318083878900582595 -2.327878563152014971e-16 5.580374619103398397e-17
613 1.903212740116556834 0.5294446391136248264 -1.33958300096559872e-17 -2.805665504985961912e-17 0.08314473366696707723 -2.24409317769839099e-16 7.17120446861439603e-17
614 1.906311842812517199 0.5297021964008372663 -1.406560782165366638e-17 -2.781579122109478786e-17 0.08310975468868236904 -2.161269450129818711e-16 7.772303373234653029e-17
615 1.909410844706785682 0.5299596396046341029 -1.472618596879037167e-17 -2.76164726686256434e-17 0.08307564499664256419 -2.131652917408924928e-16 6.431910830024021478e-17
616 1.912509745760244462 0.5302169707602555349 -1.539979326190404445e-17 -2.752242581559490454e-17 0.08304219094008558066 -2.173768089538017976e-16 3.0349441006600214e-17
617 1.9156085459328831 0.5304741917759554504 -1.610693475633526158e-17 -2.757044954277061673e-17 0.08300935162502628972 -2.282059138915003084e-16 -1.549802781326565411e-17
618 1.918707245183803645 0.5307313050782798136 -1.685654814750564409e-17 -2.774676927389436661e-17 0.08297729440049209093 -2.419201592581825835e-16 -5.690306221346879666e-17
619 1.921805843471226183 0.5309883140089641795 -1.763604673369629956e-17 -2.79868829471771935e-17 0.08294631473071134575 -2.515731063903378585e-16 -7.749358849995549616e-17
620 1.924904340752494392 0.5312452227796247151 -1.841622955857490605e-17 -2.82023002835517319e-17 0.08291669349502013564 -2.518021474868385236e-16 -6.952543195685329402e-17
621 1.928002736984080867 0.5315020360446930381 -1.91609908035445343e-17 -2.832059564550033264e-17 0.08288857377046567054 -2.403777599986011348e-16 -3.818079191887576964e-17
622 1.931101032121592675 0.5317587583340223079 -1.984325383770271318e-17 -2.830652026769789804e-17 0.0828619155158575732 -2.202131417716876294e-16 4.543091172046250774e-18
623 1.934199226119776238 0.5320153935987135263 -2.045167870278018322e-17 -2.816641116013291263e-17 0.08283653208687277725 -1.963869069945762135e-16 4.52243092874822786e-17
624 1.937297318932523105 0.53227194500090802 -2.09827843737357721e-17 -2.79368632302186143e-17 0.08281216896187393317 -1.714354791420359705e-16 7.409572426540970927e-17
625 1.940395310512874838 0.532528414943346351 -2.142485642900417133e-17 -2.766640194845854475e-17 0.0827885811274830935 -1.42701003727108586e-16 8.730499002713400237e-17
626 1.943493200813028565 0.5327848052681938285 -2.175886515734050384e-17 -2.739946563015282066e-17 0.08276558772137347642 -1.078216532595968705e-16 8.616994920495401814e-17
627 1.946590989784341641 0.5330411175483978914 -2.196827946336010459e-17 -2.71675783688322353e-17 0.08274310191369792233 -6.76034298917342915e-17 7.485818190475132655e-17
628 1.949688677377337642 0.5332973534018531359 -2.204784532683306205e-17 -2.698317051061823686e-17 0.0827211382858026173 -2.568640846478801522e-17 5.953276145631680645e-17
629 1.952786263541710587 0.5335535147465628736 -2.201157381839790374e-17 -2.684239497486061679e-17 0.08269979379774951289 1.170998798323720783e-17 4.544833956940134187e-17
630 1.955883748226330265 0.533809603901773011 -2.188831015214418755e-17 -2.67247227284767176e-17 0.08267919807368860619 3.979606660467905552e-17 3.799085892007258862e-17
631 1.958981131379247786 0.5340656234765832622 -2.171120372279845029e-17 -2.660897196393214439e-17 0.08265944479119850807 5.718124924440027694e-17 3.73717280739272106e-17
632 1.962078412947699801 0.5343215760785745561 -2.15093577606882463e-17 -2.64863214251118551e-17 0.08264053356340748946 6.517088662757236698e-17 3.96007147069089484e-17
633 1.965175592878113831 0.5345774639990322763 -2.130398260902004411e-17 -2.636773761396407074e-17 0.08262236236660358557 6.63125487591371997e-17 3.828892977026740687e-17
634 1.96827267111611337 0.5348332890731238853 -2.111018722778209085e-17 -2.628205551016647488e-17 0.08260478401560963913 6.257567076731584564e-17 2.766637204478088873e-17
635 1.971369647606522335 0.5350890528507367128 -2.093109048971585178e-17 -2.625673247085385464e-17 0.08258770647034958945 5.78314449812347061e-17 8.176966094289527353e-18
636 1.974466522293370607 0.5353447570079119533 -2.0754259469023236e-17 -2.631024606938605695e-17 0.08257117053753358638 5.710170897195150709e-17 -1.728044048752873655e-17
637 1.977563295119898035 0.5356004037111797844 -2.055310068207820523e-17 -2.644549393465121851e-17 0.08255533468305614742 6.495969151334783298e-17 -4.367524649999299857e-17
638 1.980659966028559982 0.535855995640869609 -2.030138212265013218e-17 -2.66488903561509266e-17 0.08254036492118388413 8.128950619780509286e-17 -6.568444815383740418e-17
639 1.983756534961031548 0.5361115355753115486 -1.998962906881978166e-17 -2.68965792035149571e-17 0.08252629300659475309 1.006802475796389063e-16 -7.999079453732104796e-17
640 1.986853001858212675 0.5363670257530086527 -1.9637166316570393e-17 -2.716469904355282e-17 0.082512944705484495 1.138311454837069345e-16 -8.659181239333709343e-17
641 1.98994936666023281 0.5366224674632762426 -1.928274596468957105e-17 -2.7431858600549267e-17 0.08250001354996036596 1.144671471308097291e-16 -8.628452670911316897e-17
642 1.993045629306455568 0.5368778612054715405 -1.897380949166992841e-17 -2.768761936474543694e-17 0.08248724445958613427 9.978051205719553436e-17 -8.260578547490209922e-17
643 1.996141789735483618 0.5371332071401211383 -1.874828256891086802e-17 -2.794192372852919944e-17 0.08247452803044057201 7.284324513815323383e-17 -8.21381096508499017e-17
644 1.9992378478851629 0.537388505504621361 -1.862640511395682529e-17 -2.822820515021429693e-17 0.08246188911612448158 3.936666494455756943e-17 -9.246947937646520742e-17
645 2.002333803692587288 0.5376437568617356 -1.860928303202730811e-17 -2.858659305708680731e-17 0.08244943284107709991 5.530650101560905692e-18 -1.157638493789466009e-16
646 2.005429657094104368 0.5378989617822070857 -1.866770857870537758e-17 -2.903063247761043012e-17 0.08243716182020890959 -1.887281889798708559e-17 -1.434351245917383602e-16
647 2.008525408025318093 0.5381541200436305017 -1.87524207263033741e-17 -2.953017755606975682e-17 0.08242481987666780419 -2.736491253773123477e-17 -1.613700958871305702e-16
648 2.011621056421094789 0.5384092305719875293 -1.881067963993367977e-17 -3.000909134330442492e-17 0.08241213191305586661 -1.882023962763924695e-17 -1.547106129361154323e-16
649 2.014716602215567587 0.5386642921600787171 -1.881320123419845118e-17 -3.037389184223304427e-17 0.08239905488866061667 -8.146149554885872466e-19 -1.178508161875259466e-16
650 2.017812045342139982 0.5389193042582863802 -1.877708088425997356e-17 -3.055735126779317676e-17 0.0823858012256539346 1.166926585502403457e-17 -5.926954788969842838e-17
651 2.020907385733491601 0.5391742675022740405 -1.876254012049608493e-17 -3.054946657598103711e-17 0.08237275386182801862 4.697785985747040325e-18 2.547362387454884656e-18
652 2.024002623321582206 0.539429183706074622 -1.885091686057820711e-17 -3.039151585888777734e-17 0.08236029355257931672 -2.855343892566868641e-17 5.103193611347559948e-17
653 2.027097758037655684 0.5396840553602025858 -1.910322558789210645e-17 -3.014736360662747088e-17 0.08234863894468144596 -8.152056123797094491e-17 7.888521670918159484e-17
654 2.03019278981224538 0.5399388852431658004 -1.951668729796556952e-17 -2.987034881120305625e-17 0.08233788318983911725 -1.335932881639957286e-16 8.950603281800528608e-17
655 2.033287718575177649 0.5401936758118852655 -2.001657683422540354e-17 -2.957986657184406118e-17 0.08232792248464353146 -1.615242950275915199e-16 9.386061425000410065e-17
656 2.036382544255577187 0.5404484291015890784 -2.049062962675198667e-17 -2.92686475994000385e-17 0.08231862066447391546 -1.531810327093598067e-16 1.005644188775615638e-16
657 2.039477266781871023 0.5407031468548160191 -2.08378371537518075e-17 -2.892736844225935977e-17 0.08230988323293694786 -1.12197169780677189e-16 1.102814673033835402e-16
658 2.042571886081792076 0.540957830479200652 -2.100358689149277401e-17 -2.855705378059642264e-17 0.08230160203915640182 -5.356241095835041849e-17 1.196680390703875619e-16
659 2.045666402082385371 0.5412124810885430293 -2.099213496116203344e-17 -2.816650184871374791e-17 0.0822936821899645371 3.700841390221689781e-18 1.262119758677436166e-16
660 2.048760814710010703 0.5414670996763630839 -2.085131311504581113e-17 -2.77601190253668908e-17 0.08228608486769224684 4.550994677942746375e-17 1.313323264298428145e-16
661 2.051855123890347521 0.5417216873744669092 -2.06400675986287442e-17 -2.732615330117362296e-17 0.08227885481408499235 6.827132381047149477e-17 1.402510925749087147e-16
662 2.054949329548399817 0.5419762456528843808 -2.040663302428500725e-17 -2.684070437390145726e-17 0.08227210139581754567 7.544501435619975215e-17 1.568949303684532346e-16
663 2.05804343160849923 0.5422307762273392839 -2.018046487989790391e-17 -2.628794697074888696e-17 0.08226590408778695906 7.309898590261122599e-17 1.786547160746736846e-16
664 2.061137429994310377 0.5424852807978332025 -1.997988816029387274e-17 -2.568951873515923839e-17 0.0822602578814142088 6.48298482326564769e-17 1.934223062776315041e-16
665 2.064231324628834408 0.5427397608925025319 -1.983479610287362561e-17 -2.50928905445667207e-17 0.08225510729762677831 4.689782423510116876e-17 1.928469725608134062e-16
666 2.067325115434413885 0.5429942179316291639 -1.978865639747937228e-17 -2.455459364464045998e-17 0.08225041754048760534 1.491414836429230014e-17 1.739985065127570839e-16
667 2.070418802332736785 0.5432486534028548864 -1.987495153199062464e-17 -2.410730892856717961e-17 0.0822462104475210759 -2.789488336441095635e-17 1.445846866826628122e-16
668 2.073512385244840051 0.543503068959447222 -2.008498735749200914e-17 -2.373941605280474362e-17 0.08224253962451819056 -6.789631865572426963e-17 1.189252922176960684e-16
669 2.076605864091114473 0.5437574664042574835 -2.036237501952480069e-17 -2.340150781815254429e-17 0.08223945349856399967 -8.9671536401780048e-17 1.092361150529247624e-16
670 2.079699238791308691 0.5440118477178755851 -2.061894516916742021e-17 -2.303039716701597328e-17 0.08223700960523920578 -8.294462183747919072e-17 1.199735536704471308e-16
671 2.082792509264532743 0.5442662152391981589 -2.077972955141122452e-17 -2.258196271179732275e-17 0.08223532386425626284 -5.198051888615405324e-17 1.449758698164433039e-16
672 2.085885675429263397 0.5445205718881254153 -2.081169915295777572e-17 -2.20552370320686487e-17 0.08223458420987121709 -1.033590787433149318e-17 1.702926479328469618e-16
673 2.088978737203347702 0.5447749211602860298 -2.073223260803149503e-17 -2.148692121818467431e-17 0.08223497689622336071 2.569273908481103668e-17 1.837451211379412915e-16
674 2.092071694504006096 0.5450292667314063921 -2.057732351928412928e-17 -2.093992264352966678e-17 0.08223656028486926728 5.008615074102664235e-17 1.76858913100820996e-16
675 2.095164547247838183 0.5452836118070122362 -2.036909947476047234e-17 -2.047887364721845119e-17 0.08223918247989747687 6.732654506280681989e-17 1.490742152152469151e-16
676 2.098257295350824947 0.5455379586011707138 -2.010471995565615334e-17 -2.01529893630835898e-17 0.08224252301707035695 8.548658439797326488e-17 1.053740261501698884e-16
677 2.101349938728334532 0.5457923083068909609 -1.976646500819005299e-17 -1.998291175153518826e-17 0.08224625181770675586 1.093777620426297111e-16 5.499611658033236385e-17
678 2.104442477295125347 0.5460466616294626929 -1.93386096095027318e-17 -1.995855813707204252e-17 0.08225021122385245409 1.383555620956178247e-16 7.875226135853713833e-18
679 2.107534910965349617 0.5463010196055146928 -1.883024496793790844e-17 -2.003660746267481395e-17 0.08225450842407164287 1.64395409733641221e-16 -2.523966030053988649e-17
680 2.110627239652558718 0.5465553842645036742 -1.827796580163550096e-17 -2.014309166040557654e-17 0.08225946454147418929 1.786025962805378993e-16 -3.443612458694585393e-17
681 2.11371946326970539 0.5468097588032487799 -1.77341400827406598e-17 -2.018654436000899669e-17 0.08226545718782399264 1.758748010555370695e-16 -1.405272798353170369e-17
682 2.116811581729149072 0.5470641472390763704 -1.723812798637621133e-17 -2.0093153621541301e-17 0.08227275184856380763 1.604171981533429471e-16 3.020386137408098951e-17
683 2.119903594942659453 0.5473185537688051161 -1.679908880169253666e-17 -1.983406262259697081e-17 0.08228140672505980524 1.419962048997730851e-16 8.379648071798583881e-17
684 2.122995502821419578 0.5475729821502824946 -1.638709574781108797e-17 -1.944046562576125455e-17 0.08229127999362267909 1.332533562313934662e-16 1.273034104260603189e-16
685 2.126087305276031181 0.5478274353294886323 -1.594694171132402518e-17 -1.89888844748517104e-17 0.08230210919900393662 1.423664883589498412e-16 1.460625538668085912e-16
686 2.129179002216516903 0.5480819153644271857 -1.543259522303863114e-17 -1.856756979326725211e-17 0.08231360723231376242 1.663694946767299994e-16 1.362776110492287405e-16
687 2.132270593552325177 0.5483364235738207304 -1.482660052772442242e-17 -1.824541313459351383e-17 0.08232553504366042774 1.960205434796988608e-16 1.042077163498717511e-16
688 2.135362079192333784 0.5485909608118711978 -1.414352923085804695e-17 -1.805841199946061912e-17 0.08233774243011864058 2.209600015053252301e-16 6.049115412991098659e-17
689 2.138453459044853844 0.5488455277930704979 -1.340011167905890215e-17 -1.800813750368935907e-17 0.08235018424149630201 2.404890534923308736e-16 1.626335815393944002e-17
690 2.141544733017632929 0.5491001253997261911 -1.25876517484340985e-17 -1.807853562255796193e-17 0.08236291480665738907 2.628326673170902594e-16 -2.277395433164494541e-17
691 2.144635901017859503 0.549354754886304919 -1.167098802246942121e-17 -1.825405063991109681e-17 0.08237605456969561424 2.965530116983069969e-16 -5.678146251459574176e-17
692 2.147726962952166474 0.5496094178940327257 -1.061816183223632043e-17 -1.8526155762092967e-17 0.08238972871478661419 3.406150935350715892e-16 -8.803268051569758577e-17
693 2.150817918726634304 0.5498641162431565643 -9.451958841098358338e-18 -1.887365703774257792e-17 0.0824039952325430064 3.773082395409327825e-16 -1.124290501310095898e-16
694 2.153908768246795447 0.5501188516063174605 -8.260239575508872351e-18 -1.925117853450814114e-17 0.08241880644241768306 3.85576930762770126e-16 -1.221458645697313774e-16
695 2.156999511417637905 0.5503736252602431378 -7.168034654620621659e-18 -1.959198502788950383e-17 0.08243403431558860017 3.533915557627012181e-16 -1.102706411651420333e-16
696 2.160090148143608779 0.550628438124309616 -6.286119642395744072e-18 -1.98320327261783261e-17 0.08244956328285703295 2.853604266680995225e-16 -7.767201221757553946e-17
697 2.163180678328617823 0.5508832911056140702 -5.668284546720788594e-18 -1.993697177206604867e-17 0.0824653894178630914 1.999192299029815896e-16 -3.395620188540453999e-17
698 2.166271101876041438 0.5511381854970697214 -5.307261611822667066e-18 -1.991389413124262843e-17 0.08248163761381746562 1.168239234942951519e-16 7.467726521986141327e-18
699 2.16936141868872534 0.5513931230965558594 -5.159782067360407842e-18 -1.980367349752434672e-17 0.08249847133831784973 4.77247647907931456e-17 3.566768420988211245e-17
700 2.172451628668989443 0.5516481058761379952 -5.169048022882776073e-18 -1.965832708569994161e-17 0.08251594703670607489 -2.998591106353464706e-18 4.703610510377621238e-17
701 2.175541731718630079 0.5519031353534973316 -5.275221417188737678e-18 -1.951212668689640772e-17 0.08253391774109858359 -3.43603660356236602e-17 4.731410585751115484e-17
702 2.178631727738925328 0.5521582121043344671 -5.415659085471687392e-18 -1.936465397277723986e-17 0.08255207865932889799 -4.545071787522114521e-17 4.772751360567271308e-17
703 2.181721616630636795 0.5524133358681008188 -5.524586155761653235e-18 -1.919159311444055762e-17 0.08257015917672463901 -3.525397007208296001e-17 5.601070793705513937e-17
704 2.184811398294014051 0.5526685060293644591 -5.552199689247804215e-18 -1.896068583533394988e-17 0.08258804443916489824 -8.937360541619458511e-18 7.47351513740578367e-17
705 2.187901072628797738 0.5529237220192686486 -5.489848990306613375e-18 -1.865253998123358498e-17 0.08260574951654137132 2.018104829893197023e-17 9.973755660029739831e-17
706 2.190990639534224016 0.5531789835100651143 -5.371907633405642883e-18 -1.827114117904690127e-17 0.08262335244746184248 3.817540306982953395e-17 1.234516321196145909e-16
707 2.194080098909027221 0.5534342901399512682 -5.256438923288608942e-18 -1.78388321955197893e-17 0.0826408422132331455 3.737635586511110922e-17 1.399351772061597086e-16
708 2.197169450651442979 0.5536896406198440479 -5.18680479211327048e-18 -1.738569711676805226e-17 0.08265791865275068373 2.254083232020520428e-17 1.466815433199991852e-16
709 2.200258694659212644 0.5539450324713612872 -5.175284822414701523e-18 -1.694057266739641289e-17 0.08267419674358303383 3.72918805232679229e-18 1.440935021384170261e-16
710 2.203347830829586407 0.5542004630052875802 -5.211260870694741334e-18 -1.652097804542698519e-17 0.08268960816449964779 -1.164639673204426349e-17 1.358338580171213739e-16
711 2.206436859059326849 0.5544559304220071372 -5.277779484593637176e-18 -1.613587030380293768e-17 0.08270444083608093078 -2.153458487326174467e-17 1.24673904960772116e-16
712 2.209525779244711607 0.5547114345313001182 -5.359412484889214732e-18 -1.579426695312398829e-17 0.08271921575244595148 -2.64286072840704014e-17 1.105937644007640996e-16
713 2.212614591281537368 0.5549669767557537936 -5.445309970692396375e-18 -1.551076426820145242e-17 0.08273445508491172884 -2.781020512865366334e-17 9.178694519982992193e-17
714 2.215703295065123424 0.5552225593221680189 -5.518691411697713713e-18 -1.530665661471315074e-17 0.08275041927782832152 -2.375883885820393603e-17 6.608429573634692457e-17
715 2.218791890490315222 0.5554781846211975793 -5.55119622086143883e-18 -1.519870177439645042e-17 0.08276716147528841161 -1.052450911154067026e-17 3.495395696142018891e-17
716 2.221880377451486588 0.5557338544823239301 -5.520626498845251583e-18 -1.518577164825863155e-17 0.08278450006858731336 9.898308479523391524e-18 4.186703991731216041e-18
717 2.22496875584254461 0.5559895699088535093 -5.432458600985507645e-18 -1.524736182477039598e-17 0.08280216761451884844 2.854928682200301357e-17 -1.994326344776104782e-17
718 2.228057025556931858 0.5562453314960011941 -5.326053318056445288e-18 -1.53482843594317098e-17 0.0828200320149544561 3.445587367916692231e-17 -3.268046482231409591e-17
719 2.231145186487629495 0.556501139708761805 -5.263592259498918163e-18 -1.545488337044167928e-17 0.0828380511357430932 2.0226685871194851e-17 -3.451982338552402481e-17
720 2.234233238527162158 0.556756995030441959 -5.299702175541019664e-18 -1.554393797947692314e-17 0.08285623093746395662 -1.169384135951903591e-17 -2.883945975332476264e-17
721 2.237321181567599293 0.5570128981253145151 -5.45501115754584102e-18 -1.560960624049836083e-17 0.08287463005734949095 -5.029706434242426983e-17 -2.126677225756237349e-17
722 2.240409015500559597 0.5572688499543997365 -5.713489378453717067e-18 -1.567017148179449168e-17 0.08289334463809107378 -8.371154964486157552e-17 -1.961484486277473911e-17
723 2.243496740217214125 0.5575248518663123987 -6.038754991446873662e-18 -1.575253131979677096e-17 0.08291250025916777067 -1.053452492604422045e-16 -2.667425426118533838e-17
724 2.246584355608288952 0.5577809054541109646 -6.398519637446019639e-18 -1.587952266960443974e-17 0.08293217615310266577 -1.16522737494838156e-16 -4.113072221607181023e-17
725 2.249671861564069175 0.5580370122075845041 -6.768814366451205526e-18 -1.605199763339368378e-17 0.08295233894048033296 -1.199375395287398019e-16 -5.586421076736613749e-17
726 2.252759257974402018 0.558293173250402841 -7.121231587799802297e-18 -1.623589834625490147e-17 0.0829728700975879141 -1.141511137111088494e-16 -5.956709806927952928e-17
727 2.255846544728699499 0.5585493893980919555 -7.410257565106146233e-18 -1.638147057671569535e-17 0.08299366986341340235 -9.362144719941664772e-17 -4.715383376540358104e-17
728 2.258933721715941534 0.5588056614615680706 -7.579594231690765858e-18 -1.645727844861701642e-17 0.08301473678712471826 -5.485357480738683155e-17 -2.455659991541159835e-17
729 2.262020788824680384 0.5590619905342747442 -7.58523961526071364e-18 -1.646544863520785066e-17 0.08303616243387100526 -1.828785873431225682e-18 -2.646679651698938088e-18
730 2.265107745943041984 0.5593183780593382615 -7.427554396958435749e-18 -1.643927729301205611e-17 0.08305806013725301751 5.108293916117688215e-17 8.47834118852702256e-18
731 2.268194592958730382 0.559574825757581884 -7.154921996821279211e-18 -1.642338589517430081e-17 0.08308051992599632674 8.832382472992629542e-17 5.148284050719504422e-18
732 2.271281329759030854 0.5598313356356415804 -6.843635606681237754e-18 -1.645369263974636918e-17 0.08310363447109640755 1.008500357869266631e-16 -9.818727613832295487e-18
733 2.27436795623081256 0.5600879101277825844 -6.560097690310272031e-18 -1.654739764737849712e-17 0.08312754240397098038 9.186341935078488251e-17 -3.035947545060056382e-17
734 2.277454472260531215 0.5603445521762893122 -6.332625840262533915e-18 -1.669999228471650045e-17 0.08315240842249956021 7.370122039567307788e-17 -4.944089123680936607e-17
735 2.280540877734233529 0.5606012649957732297 -6.148024976342894296e-18 -1.690558934481735207e-17 0.08317832088085691522 5.981310136696412377e-17 -6.661614434218091109e-17
736 2.28362717253755898 0.5608580515044045978 -5.975603003749184022e-18 -1.716540492389158601e-17 0.08320518385108263693 5.586898628783755926e-17 -8.418667763921866558e-17
737 2.286713356555743815 0.5611149137198672143 -5.796884106243419686e-18 -1.748549725298789705e-17 0.08323270565899787421 5.791142681303421441e-17 -1.037215635759882807e-16
738 2.28979942967362371 0.5613718525363509126 -5.625861111540747357e-18 -1.786170394549982705e-17 0.08326052232335998116 5.541966785370637806e-17 -1.219090449187818565e-16
739 2.292885391775636439 0.5616288680978483994 -5.499604111197130589e-18 -1.827249142459950905e-17 0.08328839078114594341 4.091480812369436644e-17 -1.331196752753307388e-16
740 2.295971242745825869 0.5618859606086324954 -5.446494970522210464e-18 -1.868746331221600048e-17 0.08331633058665242897 1.721115371330862675e-17 -1.34480521689970084e-16
741 2.299056982467844179 0.5621431311512725681 -5.466657359236931481e-18 -1.908525595742611483e-17 0.08334462640239559406 -6.534289415721242934e-18 -1.289178731759312471e-16
742 2.302142610824955415 0.5624003820873915149 -5.528160455388136641e-18 -1.947119406654054514e-17 0.08337369281510503827 -1.993283415426517464e-17 -1.250805374720612634e-16
743 2.30522812770003771 0.5626577168767197268 -5.588449692952269699e-18 -1.986708041966006261e-17 0.08340388582577457077 -1.954013563206483438e-17 -1.283093525044172529e-16
744 2.308313532975587723 0.5629151394743140413 -5.623884605570344132e-18 -2.029816738264917966e-17 0.0834353661147326231 -1.148510245472590155e-17 -1.397231591958597006e-16
745 2.311398826533721529 0.5631726536345906808 -5.640423546518829962e-18 -2.077618917789186236e-17 0.08346806880192796096 -5.36076718855536006e-18 -1.549412119756010528e-16
746 2.314484008256179948 0.5634302624090955502 -5.656588825511896803e-18 -2.127866716979997697e-17 0.08350176620459490162 -5.239842275191692359e-18 -1.628741097189109834e-16
747 2.317569078024329876 0.563687967951336022 -5.675819925716162257e-18 -2.176477684809234996e-17 0.08353616734249820486 -6.233829474046915475e-18 -1.575741797386290349e-16
748 2.320654035719167396 0.5639457715738334098 -5.676787577542613062e-18 -2.220949149027470308e-17 0.08357099968779796439 -3.13679186129371285e-19 -1.441610744758044561e-16
749 2.323738881221321328 0.5642036739442550797 -5.626766130965904418e-18 -2.263171055208818492e-17 0.08360605425450902406 1.621580976376540621e-17 -1.368737702238088171e-16
750 2.326823614411055896 0.5644616753444423596 -5.511360052294980006e-18 -2.308581301349833056e-17 0.0836412060003243335 3.741337679871501454e-17 -1.472150053933167447e-16
751 2.329908235168273833 0.5647197759561894959 -5.348233829086109773e-18 -2.363305986974350199e-17 0.08367642251427753752 5.288565061502746862e-17 -1.774178637268944827e-16
752 2.332992743372518607 0.5649779761261457534 -5.175963225704718723e-18 -2.430053504163834742e-17 0.08371175726537186113 5.58523061261619421e-17 -2.164038837766702206e-16
753 2.336077138902977968 0.5652362765184315574 -5.025729510847132886e-18 -2.506327774062576655e-17 0.08374731321223738423 4.870944972973709904e-17 -2.472998633380703643e-16
754 2.339161421638487059 0.5654946780790803817 -4.905674718312882261e-18 -2.584330423245825574e-17 0.08378318179928539999 3.892612909734899574e-17 -2.529129514905557008e-16
755 2.342245591457531084 0.5657531818467674833 -4.796060113289298865e-18 -2.653789560147851782e-17 0.08381939311347479105 3.55423433540442392e-17 -2.252200327060644051e-16
756 2.345329648238247078 0.5660117887571549655 -4.671020035820801183e-18 -2.706022125385793303e-17 0.08385591380307530485 4.054551342969294673e-17 -1.693693908543702226e-16
757 2.348413591858428795 0.5662704996368020938 -4.5161166907438889e-18 -2.73662196203776386e-17 0.08389270853678662543 5.023082600018005643e-17 -9.922671907026237774e-17
758 2.351497422195528042 0.5665293153797463788 -4.343858972416464291e-18 -2.74601412457472565e-17 0.08392979924051623131 5.586041850614909985e-17 -3.045727849449426645e-17
759 2.354581139126658229 0.5667882371005713571 -4.183748673837031915e-18 -2.73807978737523148e-17 0.08396725748266756217 5.192311646782608568e-17 2.573073176176423574e-17
760 2.357664742528596591 0.5670472660433889533 -4.087502539835957644e-18 -2.718106240960007931e-17 0.08400512532447955427 3.1213378940635684e-17 6.477578341378315264e-17
761 2.360748232277787739 0.5673064031623873404 -4.101860571784228219e-18 -2.691195428445709552e-17 0.08404330879681670696 -4.656594614491744175e-18 8.727710390752846156e-17
762 2.363831608250346328 0.5675656486218417784 -4.252016638210355581e-18 -2.661117523606420738e-17 0.08408155175415735205 -4.870039034427084171e-17 9.755221625573459758e-17
763 2.366914870322059716 0.5678250016559616142 -4.527635366113958717e-18 -2.630566288339922584e-17 0.08411955255552161503 -8.939522973332665974e-17 9.909104203690868034e-17
764 2.369998018368390635 0.5680844610718790433 -4.889032548107005464e-18 -2.601413499133424352e-17 0.08415717266246039441 -1.172212807817159218e-16 9.455876966995393572e-17
765 2.373081052264479851 0.5683440257558258768 -5.284034594767279446e-18 -2.57428234653057633e-17 0.08419443770332468713 -1.281259634574557753e-16 8.800473557902684846e-17
766 2.376163971885150161 0.5686036948634975996 -5.666275372801294363e-18 -2.548674150424433889e-17 0.08423143506037421291 -1.239912192908846951e-16 8.30678368585298483e-17
767 2.379246777104907284 0.5688634677614752277 -6.013048472247484804e-18 -2.52256194047822498e-17 0.08426823312644500519 -1.1249039685669094e-16 8.47059032071799772e-17
768 2.382329467797944744 0.5691233432512950996 -6.333132319600024275e-18 -2.492806372503892434e-17 0.08430464858962412322 -1.038364806507135816e-16 9.65282529491339448e-17
769 2.385412043838144314 0.5693833183297098977 -6.650412268909896711e-18 -2.456860703584824775e-17 0.08434009591927463245 -1.029307175180764983e-16 1.16613530150728729e-16
770 2.3884945050990809 0.5696433885099471128 -6.980850633467166875e-18 -2.41435790046483022e-17 0.08437409372251307438 -1.072035152789869747e-16 1.378910681203426276e-16
771 2.391576851454023878 0.5699035494471962338 -7.312881159410839894e-18 -2.368241122681950789e-17 0.08440668790794428333 -1.077240775481999521e-16 1.496214039970162098e-16
772 2.394659082775940639 0.5701637984723781916 -7.616552167849588208e-18 -2.324081333646060399e-17 0.08443842202570973898 -9.852678890765112243e-17 1.432774974112550118e-16
773 2.397741198937499263 0.5704241353992453023 -7.859930652988507524e-18 -2.288008365911992837e-17 0.0844701015822324347 -7.896768856424731839e-17 1.170439893232970665e-16
774 2.400823199811070729 0.5706845622056109235 -8.036476724368974477e-18 -2.263194267781534223e-17 0.08450242877076805104 -5.72850853173688864e-17 8.051596489018021963e-17
775 2.40390508526873159 0.5709450817695000957 -8.172479305864942954e-18 -2.248293478118948054e-17 0.08453569578471448187 -4.413132236076402655e-17 4.835140221577522104e-17
776 2.406986855182267959 0.5712056969052368149 -8.310320982129413283e-18 -2.238413169522732476e-17 0.08456988207084091547 -4.472976703052982584e-17 3.206170395450810854e-17
777 2.410068509423176408 0.5714664093342717299 -8.485584793922477768e-18 -2.228239899339414954e-17 0.0846046330929244722 -5.687542610112546434e-17 3.301360792045483513e-17
778 2.413150047862667513 0.5717272196066541801 -8.701568671126751024e-18 -2.214601935789864983e-17 0.08463956877726554195 -7.009226309384848218e-17 4.425866141273539585e-17
779 2.41623147037166941 0.5719881276973065587 -8.925228364240401695e-18 -2.198108299033648925e-17 0.08467450250639144138 -7.258599454612630792e-17 5.35280635936553196e-17
780 2.419312776820829125 0.5722491334007552277 -9.115018300405078337e-18 -2.182417386184119538e-17 0.0847093757447052037 -6.15963053784236067e-17 5.092484243775804917e-17
781 2.422393967080515687 0.5725102365957729367 -9.236055119637788349e-18 -2.17133089329041661e-17 0.08474421584041268163 -3.9283970971706433e-17 3.598256032958902224e-17
782 2.425475041020822786 0.572771437437611497 -9.276869633651278768e-18 -2.166546034401595788e-17 0.08477911253980463524 -1.324734733797512173e-17 1.553042813212370955e-17
783 2.42855599851157189 0.5730327364720860794 -9.242312988270983728e-18 -2.166549981864707399e-17 0.08481419263274873888 1.121662766155913608e-17 -1.281294044674116848e-20
784 2.431636839422314011 0.5732941347022826317 -9.139335402538536236e-18 -2.168281385225202162e-17 0.0848496045815964467 3.342642153160114295e-17 -5.620118024469300789e-18
785 2.43471756362233327 0.5735556334106781673 -8.960352323691852369e-18 -2.169200917899672257e-17 0.08488543912927976054 5.809993226289001657e-17 -2.984907089791742647e-18
786 2.43779817098064866 0.5738172338134612804 -8.692047618576901634e-18 -2.169728845332758027e-17 0.0849216748170009833 8.709804983950756164e-17 -1.713777246614221336e-18
787 2.440878661366017166 0.5740789368487076993 -8.336099300702596265e-18 -2.173471454508228084e-17 0.08495822141669476246 1.155536311391760978e-16 -1.214985598872989579e-17
788 2.443959034646936423 0.5743407432562954718 -7.913790575452270906e-18 -2.185452013104081863e-17 0.08499501463113522115 1.371018250172889379e-16 -3.889468414948021917e-17
789 2.44703929069164694 0.5746026538298926178 -7.467249691052669115e-18 -2.209107006448130886e-17 0.08503207196366872889 1.449742791804371071e-16 -7.679846860344035768e-17
790 2.45011942936813476 0.5748646695937512652 -7.043507920137187457e-18 -2.244846324356446833e-17 0.08506946832064352093 1.375775511601641319e-16 -1.160359486707624206e-16
791 2.453199450544134574 0.5751267917838034371 -6.667557696344388391e-18 -2.290261320111087256e-17 0.08510727248202436257 1.220655837250651283e-16 -1.474559028249663019e-16
792 2.456279354087131495 0.5753890217929991113 -6.326169728281291895e-18 -2.340946233774580012e-17 0.08514553548958374296 1.108479591622338495e-16 -1.64572854508855702e-16
793 2.459359139864364163 0.5756513612930926893 -5.969268645683258468e-18 -2.391396315331944216e-17 0.08518434793837860453 1.158894714244939539e-16 -1.63816630715867786e-16
794 2.462438807742826974 0.5759138125015637044 -5.523848569799800374e-18 -2.436293659369869187e-17 0.08522388711255549087 1.446380471475510248e-16 -1.457919055596471146e-16
795 2.465518357589272735 0.5761763783013008622 -4.926221560128044706e-18 -2.471268720012219535e-17 0.08526436918931880327 1.940705531381686671e-16 -1.135763487100424501e-16
796 2.468597789270215337 0.5764390619314043729 -4.151742328937931749e-18 -2.494093300287805154e-17 0.08530590996783826707 2.515103645470052553e-16 -7.412230405357052717e-17
797 2.471677102651932412 0.5767018662912839488 -3.23845220760639073e-18 -2.505230912357911354e-17 0.08534839926412624012 2.966002921530483974e-16 -3.617053241597078961e-17
798 2.474756297600467114 0.5769647932525391321 -2.271104211690781321e-18 -2.508574847723937294e-17 0.08539150339485720997 3.141682362390595417e-16 -1.086018971949635444e-17
799 2.477835373981631228 0.5772278434544919623 -1.356586576290450229e-18 -2.510340464563412942e-17 0.08543482221752839167 2.970218270702817371e-16 -5.734462838844731331e-18
800 2.480914331661007388 0.5774910167796961646 -5.826727335799828461e-19 -2.516731018982043017e-17 0.0854781099723243426 2.513654927032093891e-16 -2.075637844207132799e-17
801 2.483993170503951742 0.5777543132665633463 1.014156509328390769e-20 -2.531395893783624406e-17 0.08552141729168911966 1.925522046137239438e-16 -4.763302740417015751e-17
802 2.487071890375596617 0.5780177339504851686 4.357501601498886748e-19 -2.554407109194951292e-17 0.08556506803178308418 1.382474141694248205e-16 -7.474569509312805496e-17
803 2.490150491140852296 0.5782812811969574307 7.474788083444387843e-19 -2.582531941759448024e-17 0.08560949430926330372 1.012605226989529856e-16 -9.135943272445348217e-17
804 2.493228972664410126 0.5785449584152978497 1.014625077532549175e-18 -2.61118601292500722e-17 0.08565503530969958979 8.678194978006858321e-17 -9.308219697176801391e-17
805 2.496307334810745182 0.5788087693841156289 1.298637768058951887e-18 -2.636119442714078674e-17 0.08570181114303460079 9.226455622675721177e-17 -8.099890995842045691e-17
806 2.499385577444117601 0.5790727175541321436 1.632061997015149505e-18 -2.654840881577829876e-17 0.08574971544321238759 1.083206326191760149e-16 -6.082095796131116032e-17
807 2.502463700428576132 0.5793368055940817385 2.017746931195743507e-18 -2.667205457877604738e-17 0.0857984942973669118 1.253036170520378648e-16 -4.017077143470278709e-17
808 2.505541703627960359 0.5796010352488183415 2.433236695912931908e-18 -2.67431930455391527e-17 0.08584784765240066617 1.349920471951678529e-16 -2.311278899785554632e-17
809 2.508619586905902477 0.579865407429034474 2.845708017725492445e-18 -2.677689501726334168e-17 0.08589750455928349404 1.340165868322434231e-16 -1.095015091023729536e-17
810 2.511697350125830397 0.5801299224158267265 3.232227548262354649e-18 -2.679113592567894898e-17 0.0859472604949970409 1.255894616040924781e-16 -4.627212545210749753e-18
811 2.514774993150969973 0.5803945801050670594 3.574231630535643417e-18 -2.68108793592798821e-17 0.08599699030972512981 1.111296703056922324e-16 -6.4153657236779795e-18
812 2.517852515844347217 0.5806593802511467173 3.860026547611495436e-18 -2.686365264554128318e-17 0.08604664803852561661 9.286888623326695043e-17 -1.714864759706355554e-17
813 2.520929918068790965 0.5809243226639885238 4.066137565343453113e-18 -2.697327946953276008e-17 0.08609625173066198789 6.697827605920557931e-17 -3.562456661265921894e-17
814 2.524007199686934655 0.5811894073388894633 4.163425598240988124e-18 -2.714959162248799148e-17 0.08614586163375287375 3.161616726331392978e-17 -5.729702155925547234e-17
815 2.527084360561220322 0.5814546345222358914 4.128589960196231142e-18 -2.738337900015801684e-17 0.08619555936145166519 -1.132115218770233707e-17 -7.597801075914418695e-17
816 2.530161400553898599 0.5817200047870745294 3.956522927864203065e-18 -2.765905196540859083e-17 0.08624545110081867361 -5.59218600926446036e-17 -8.959383320053653039e-17
817 2.533238319527033156 0.5819855191108024295 3.6787048148588732e-18 -2.796740969710414053e-17 0.08629566830587052928 -9.029456261591334869e-17 -1.002203427684748235e-16
818 2.536315117342501591 0.5822511788178841297 3.349196016879098371e-18 -2.83109960082725981e-17 0.08634632383293101843 -1.070989413061839538e-16 -1.116744997373255657e-16
819 2.53939179386199898 0.5825169852660059266 3.019865298373791979e-18 -2.869943554599638743e-17 0.08639742854409997175 -1.070452858480097895e-16 -1.262579498779491949e-16
820 2.542468348947039658 0.5827829392753187676 2.721596258758510515e-18 -2.91355115178640542e-17 0.08644880777770599933 -9.695286391195847333e-17 -1.417472440662759212e-16
821 2.545544782458958544 0.5830490405437521728 2.465690429963282087e-18 -2.960297799100689968e-17 0.0865000967837922935 -8.318592049049992731e-17 -1.519567922696735143e-16
822 2.548621094258915587 0.5833152874914495634 2.252307447338065074e-18 -3.006870155251900577e-17 0.08655088018398009175 -6.936599695213857827e-17 -1.513962301535951066e-16
823 2.551697284207896654 0.5835816778849963748 2.075678103771424234e-18 -3.049642913494446028e-17 0.08660094546450543274 -5.742049458310906403e-17 -1.390501081743570957e-16
824 2.55477335216671575 0.5838482096220047879 1.923944316402333756e-18 -3.08635880271476089e-17 0.08665033514875848664 -4.932914810256204513e-17 -1.193645508011036322e-16
825 2.557849297996017679 0.5841148811009471142 1.768606345277299332e-18 -3.116950459169427246e-17 0.08669921200538416306 -5.050288746463872318e-17 -9.945842424086626343e-17
826 2.560925121556280271 0.5843816912212193015 1.574979028520772358e-18 -3.142395848382397993e-17 0.08674773884936876067 -6.295387855213737443e-17 -8.273036930215194733e-17
827 2.56400082270781704 0.5846486385712905687 1.320871169811051008e-18 -3.162802908680210445e-17 0.08679581455475560148 -8.262115572822307904e-17 -6.635193871539723701e-17
828 2.567076401310778966 0.5849157197314521772 1.017567368441500588e-18 -3.177170318719138214e-17 0.08684278610952433919 -9.862076056807754664e-17 -4.671635828612864894e-17
829 2.570151857225157155 0.5851829290643182357 7.040738275186192878e-19 -3.184494540036930596e-17 0.08688793227469962521 -1.019380770128793642e-16 -2.381602614696863837e-17
830 2.573227190310784174 0.5854502604902181995 4.192662830072360066e-19 -3.185228238332441341e-17 0.08693110901952925962 -9.261401130880603822e-17 -2.385847690737084343e-18
831 2.576302400427337158 0.5857177094244481186 1.774722932883913538e-19 -3.181547282086371305e-17 0.08697280227221465543 -7.862996694669519322e-17 1.197025072034520935e-17
832 2.579377487434340033 0.5859852740938590321 -3.881640071317180387e-20 -3.176146719249559552e-17 0.08701392620223702412 -7.033861570610912805e-17 1.75630129780363801e-17
833 2.582452451191165732 0.5862529556628645055 -2.765947940809811576e-19 -3.17056832742891675e-17 0.08705543610538803156 -7.733032127681787636e-17 1.814205343001884747e-17
834 2.585527291557037532 0.5865207570159077788 -5.878306449406533393e-19 -3.16461236653223903e-17 0.08709789144885494994 -1.012242322344924178e-16 1.9370762311592029e-17
835 2.588602008391033049 0.586788681599379025 -1.002261467264929804e-18 -3.157366938828566825e-17 0.0871414751275907673 -1.347920848761989172e-16 2.356548435564000333e-17
836 2.59167660155208468 0.5870567321003612449 -1.515474317079930422e-18 -3.14721655370494058e-17 0.08718594031606220762 -1.66927294406996915e-16 3.301507993197572586e-17
837 2.594751070898983158 0.5873249097511757943 -2.092818533573890052e-18 -3.132499061112279447e-17 0.08723081393688753016 -1.877941945332032686e-16 4.787195555142577319e-17
838 2.597825416290378442 0.5875932147579019382 -2.681756065538823775e-18 -3.111664821720422612e-17 0.08727576222781080473 -1.915729141024485994e-16 6.777078614924705123e-17
839 2.600899637584783264 0.5878616467727053596 -3.233544599734585324e-18 -3.08343458193278355e-17 0.08732060502051142148 -1.794961330697983379e-16 9.183262361368116362e-17
840 2.603973734640574467 0.5881302052456428564 -3.72114958616005125e-18 -3.047915675999561905e-17 0.08736527656371476103 -1.586237217800594288e-16 1.155472402771400278e-16
841 2.607047707315995222 0.5883988898186390815 -4.147942224918279104e-18 -3.007561562523263454e-17 0.08740983926605222498 -1.388463637408661168e-16 1.312820655593438545e-16
842 2.610121555469158139 0.5886677006074515495 -4.519009103322949698e-18 -2.967038919995224666e-17 0.08745444728006522561 -1.207222704794898756e-16 1.318356796717007208e-16
843 2.613195278958045709 0.588936638375409105 -4.82813848432808349e-18 -2.931562531780015911e-17 0.08749931130939951618 -1.005757136637032831e-16 1.154229679286272456e-16
844 2.616268877640514745 0.5892057043917265924 -5.054128851062969838e-18 -2.904577515192875071e-17 0.08754459599250143109 -7.352929821750129908e-17 8.779973061275521822e-17
845 2.619342351374296385 0.589474899968465138 -5.16679530722971832e-18 -2.885553354780167991e-17 0.08759031533167331574 -3.665918490381600117e-17 6.190043052184923968e-17
846 2.62241570001699964 0.5897442260523383384 -5.147501648219628413e-18 -2.869386765258827788e-17 0.08763635050891147027 6.277987780802674338e-18 5.260466737758343525e-17
847 2.625488923426112731 0.590013683206454087 -5.004295809057947422e-18 -2.848679953908240132e-17 0.08768257674554587322 4.659982780531208615e-17 6.738090073583185884e-17
848 2.628562021459006193 0.5902832719251247529 -4.776236432135749199e-18 -2.816757369331692001e-17 0.08772897168743415408 7.421458405128830444e-17 1.038817771127557737e-16
849 2.631634993972934211 0.5905529929698627445 -4.524634663733711423e-18 -2.770688840218811822e-17 0.08777562232022204092 8.187904588538260808e-17 1.499213313587762624e-16
850 2.634707840825036396 0.5908228474581654899 -4.311734109568577651e-18 -2.713225295551103821e-17 0.08782264453829481676 6.928730297592932967e-17 1.870119147916424152e-16
851 2.637780561872341334 0.5910928367640282399 -4.183389708128324354e-18 -2.65185998962018146e-17 0.08787012187620078796 4.177068480784429212e-17 1.997181663877052892e-16
852 2.640853156971767479 0.5913629625149430247 -4.151844937997073706e-18 -2.594580052129656047e-17 0.08791813690550935589 1.026691239047162422e-17 1.864296672633888775e-16
853 2.643925625980125371 0.5916332268049552257 -4.205396906342589849e-18 -2.545798439767334246e-17 0.08796684155811604344 -1.7430336484193582e-17 1.587765947706682842e-16
854 2.646997968754120745 0.591903632414508496 -4.311342480179651339e-18 -2.503981205537237962e-17 0.08801645934989651976 -3.448506230450685297e-17 1.361142212552313175e-16
855 2.650070185150354973 0.5921741826756610205 -4.430273836043991295e-18 -2.464034891937676585e-17 0.08806716996026422994 -3.871350146139988474e-17 1.30029768741401916e-16
856 2.653142275025328622 0.5924448808594806604 -4.518708476729390009e-18 -2.421154901725698571e-17 0.0881189536802932244 -2.878766268887484373e-17 1.395849731233753253e-16
857 2.656214238235442782 0.5927157293793403614 -4.547899647485335981e-18 -2.374991461858172853e-17 0.08817153144038072932 -9.502840301369456572e-18 1.502796172481768816e-16
858 2.659286074637001285 0.5929867293304009745 -4.509565295778736056e-18 -2.330252338478396273e-17 0.08822447420284244834 1.247981045747443367e-17 1.45648942777619187e-16
859 2.662357784086213375 0.5932578807162798284 -4.425952755742667551e-18 -2.294173209031646161e-17 0.08827742665461198179 2.722132452509807781e-17 1.174610519940367909e-16
860 2.665429366439194592 0.593529183276819694 -4.343330024197399829e-18 -2.272665110992576594e-17 0.0883303029275518542 2.690019176956535605e-17 7.002576059018318026e-17
861 2.668500821551969882 0.5938006374541126009 -4.313541179425591117e-18 -2.268018794191013816e-17 0.0883833316690883497 9.699012090222968597e-18 1.51280397674275045e-17
862 2.671572149280474928 0.5940722449769738622 -4.370235250974190244e-18 -2.278826902364244678e-17 0.08843693187237959552 -1.845990748081127904e-17 -3.519180603379527069e-17
863 2.674643349480558818 0.5943440088076115124 -4.52144831867167648e-18 -2.301014845016876207e-17 0.08849150523494579701 -4.923786929388466393e-17 -7.224818839176571147e-17
864 2.677714422007985817 0.5946159325648145977 -4.75208265857186991e-18 -2.329061473916909389e-17 0.08854726569241688772 -7.510208149149891689e-17 -9.132899333740388599e-17
865 2.680785366718437146 0.5948880197717385521 -5.025594739830331381e-18 -2.357340324513234614e-17 0.08860418226055728763 -8.90681872634557353e-17 -9.208902030651551619e-17
866 2.683856183467513201 0.595160273266046147 -5.301625218812406422e-18 -2.380938274965406384e-17 0.0886620318567652721 -8.989204411567350859e-17 -7.684904981901857448e-17
867 2.686926872110735776 0.5954326949401421709 -5.553014304626163293e-18 -2.396597601466328139e-17 0.08872050676271889258 -8.18707511508444736e-17 -5.09982690376864852e-17
868 2.689997432503550279 0.5957052857777250798 -5.787821542278585399e-18 -2.403182376843354758e-17 0.08877931111330213121 -7.647368117009092057e-17 -2.144576197028538193e-17
869 2.693067864501327069 0.5959780460424891624 -6.046778007291537655e-18 -2.402419192601003292e-17 0.08883821045445433606 -8.434230314763279932e-17 2.485696455683207175e-18
870 2.696138167959363674 0.5962509754715065169 -6.386998996369532397e-18 -2.398020130071440184e-17 0.08889703327998643712 -1.108148604476760321e-16 1.432837820015850016e-17
871 2.699208342732887456 0.5965240734370951259 -6.855474925794370789e-18 -2.394163393430664759e-17 0.08895566078004084332 -1.52595738938250939e-16 1.256247206365292969e-17
872 2.702278388677056498 0.5967973391455702048 -7.458512467793721332e-18 -2.393489819169040954e-17 0.08901403886616233996 -1.964344794699232394e-16 2.194112310615590022e-18
873 2.70534830564696227 0.5970707719615192532 -8.148709847751483249e-18 -2.396533828013499049e-17 0.08907221907512886949 -2.248355305097586996e-16 -9.916023492612926538e-18
874 2.708418093497632295 0.5973443718559772186 -8.8436217839410342e-18 -2.401865212265770673e-17 0.08913039895390664769 -2.263808552745222011e-16 -1.736800397247957035e-17
875 2.711487752084030145 0.5976181397093374148 -9.460486172319337489e-18 -2.406659725520192106e-17 0.089188874765834536 -2.009638458544508572e-16 -1.561970249476876724e-17
876 2.714557281261059885 0.5978920771426239344 -9.952114302545822258e-18 -2.407593778469178645e-17 0.08924788785335649455 -1.601707795302114943e-16 -3.043112868515561126e-18
877 2.717626680883565626 0.5981661857943458838 -1.032734888990144879e-17 -2.401557200095925343e-17 0.08930744399130317868 -1.222553235125717928e-16 1.966779893964411804e-17
878 2.720695950806335528 0.5984404662590261381 -1.064301626735241278e-17 -2.386421483120461572e-17 0.08936720310263362999 -1.028520593562028338e-16 4.931582329887484703e-17
879 2.723765090884102236 0.5987149172902352934 -1.09696650180314417e-17 -2.362444957901172446e-17 0.08942656537103202408 -1.064345640359610946e-16 7.812462173840777919e-17
880 2.726834100971545993 0.5989895359901948879 -1.135430371262822059e-17 -2.333435805512880493e-17 0.08948499266094270266 -1.253352039324675281e-16 9.452683990377332358e-17
881 2.72990298092329553 0.5992643189617445909 -1.180433805016647333e-17 -2.305659002751683013e-17 0.08954232213173382582 -1.46650716363289691e-16 9.051504926255058332e-17
882 2.732971730593930726 0.5995392632429846769 -1.229648367216886365e-17 -2.285859812369466611e-17 0.0895986954956551479 -1.603801523946271424e-16 6.45214958505650513e-17
883 2.736040349837984387 0.5998143666641909677 -1.280067557750555969e-17 -2.27825978682616265e-17 0.08965437080485255672 -1.643127804068936602e-16 2.476797653761945093e-17
884 2.739108838509943578 0.6000896274918665618 -1.329591489029889388e-17 -2.283319754692362836e-17 0.08970949014895482354 -1.614020659153581461e-16 -1.649080042663831381e-17
885 2.742177196464252731 0.60036504255583234 -1.378295421220438072e-17 -2.298499329289209268e-17 0.08976358522095549686 -1.587363997027159428e-16 -4.947343904584804884e-17
886 2.745245423555314535 0.6006406055410719036 -1.427520970847823421e-17 -2.31934453723642256e-17 0.08981563088599535394 -1.604433117767609773e-16 -6.794183555170618429e-17
887 2.748313519637492153 0.6009163084199214966 -1.477327917003918464e-17 -2.341192474916936727e-17 0.08986506865436812153 -1.623452266605861632e-16 -7.12131272552508322e-17
888 2.751381484565110558 0.6011921440582790321 -1.525968307937380646e-17 -2.360418059905906406e-17 0.08991218946769634346 -1.58549637437450281e-16 -6.266827776310069705e-17
889 2.754449318192459639 0.6014681084181412452 -1.569828888425687956e-17 -2.375052638815697126e-17 0.0899580022928131301 -1.429753538500725835e-16 -4.770534440673813257e-17
890 2.757517020373795091 0.6017442013705677217 -1.604619155760568677e-17 -2.38547799296073138e-17 0.09000378128783459442 -1.134130945623563759e-16 -3.398570249879538057e-17
891 2.760584590963340634 0.6020204257509454981 -1.627647033231758221e-17 -2.394354906035749323e-17 0.09005049284107473351 -7.507200170122773735e-17 -2.893916880976763694e-17
892 2.763652029815289346 0.6022967853580802888 -1.638804560094888558e-17 -2.405039434673250738e-17 0.09009845117275488979 -3.637564475173995766e-17 -3.483358120712596405e-17
893 2.766719336783806327 0.6025732836201180831 -1.640519035797288672e-17 -2.419860973844120893e-17 0.09014753560415612876 -5.589755186361489135e-18 -4.832309687109937748e-17
894 2.769786511723029587 0.6028499223612104885 -1.637071476254708267e-17 -2.439263610748878339e-17 0.09019722331087344502 1.124066342666547873e-17 -6.326170972320118639e-17
895 2.772853554487073158 0.6031267019641577409 -1.632915353831520962e-17 -2.461898109511833322e-17 0.09024704441013502165 1.355149587994921488e-17 -7.380228142934981412e-17
896 2.775920464930027975 0.6034036223068387494 -1.631293761152787429e-17 -2.48567505687591399e-17 0.09029683428470050566 5.287610291511881798e-18 -7.753070991984795533e-17
897 2.778987242905963218 0.6036806832282564095 -1.633272921633927217e-17 -2.508931305912978333e-17 0.09034658026114782137 -6.453829011469758676e-18 -7.583612150891733682e-17
898 2.782053888268928965 0.6039578847028665987 -1.638818770098356815e-17 -2.530925416602271619e-17 0.09039632651304226052 -1.808519703177549579e-17 -7.172352939424679152e-17
899 2.785120400872958424 0.6042352269189902314 -1.64757106290341273e-17 -2.551106796825829869e-17 0.0904461427931172457 -2.854275616159666066e-17 -6.581500728503191674e-17
900 2.788186780572068368 0.604512710362111183 -1.658104479092859431e-17 -2.56737990849162128e-17 0.09049612603229166552 -3.435280131705667217e-17 -5.307176340618736993e-17
901 2.791253027220261362 0.6047903359473432161 -1.668330694553659253e-17 -2.576203712152689533e-17 0.09054641638174448781 -3.335237140874307813e-17 -2.877846433706567749e-17
902 2.794319140671528423 0.6050681048927880612 -1.675807929011180974e-17 -2.57399927197196884e-17 0.0905971127115310082 -2.438774614756621367e-17 7.190001574824348479e-18
903 2.797385120779849466 0.6053460183652429327 -1.678796690006643751e-17 -2.559615078590939982e-17 0.09064819834793519382 -9.748566600177596634e-18 4.691752447842965677e-17
904 2.800450967399195967 0.605624077238313685 -1.677176669883158745e-17 -2.53616946896271856e-17 0.09069957771372821886 5.284317650616000454e-18 7.647685790553464219e-17
905 2.803516680383531856 0.6059022821669483028 -1.671686618798567278e-17 -2.510969472544150008e-17 0.09075117952801788068 1.790869105162629999e-17 8.220305119361348216e-17
906 2.806582259586816619 0.6061806338730338917 -1.662212624971167926e-17 -2.492628039109368823e-17 0.09080302566407363885 3.090576726647105696e-17 5.983285226864278212e-17
907 2.809647704863005302 0.6064591333662897599 -1.646417724129552516e-17 -2.4878502672132773e-17 0.09085521006126021093 5.152788671479019633e-17 1.558658021848818919e-17
908 2.812713016066051619 0.6067377819469906841 -1.620701297637370365e-17 -2.498572424225646776e-17 0.0909078275637472677 8.389866760586857081e-17 -3.498054784058668098e-17
909 2.815778193049909284 0.6070165811526699873 -1.583947648453692059e-17 -2.522024139108544285e-17 0.09096095564390685451 1.199123593269442495e-16 -7.6513503402538025e-17
910 2.818843235668532898 0.6072955328825172527 -1.540068271820097721e-17 -2.552590360900634189e-17 0.09101471237539780768 1.431670219684549325e-16 -9.972965166169823238e-17
911 2.821908143775880617 0.6075746396760139945 -1.499094920970032915e-17 -2.58483771394051287e-17 0.09106930676836574867 1.33691287522728832e-16 -1.052193696062951781e-16
912 2.824972917225915481 0.6078539048332367578 -1.473163605906347699e-17 -2.614795790661516558e-17 0.09112498712504277232 8.461459262636602086e-17 -9.775402641137365222e-17
913 2.828037555872607189 0.6081333320651745034 -1.470604185942343948e-17 -2.640439998518685724e-17 0.09118188768430027236 8.351825342016063339e-18 -8.368143879068683067e-17
914 2.831102059569933882 0.6084129247022539433 -1.491465153308168119e-17 -2.662443867410316596e-17 0.091239884425632925 -6.80759075541723219e-17 -7.180555523780753238e-17
915 2.834166428171883467 0.6086926848841319737 -1.526982566515950066e-17 -2.683635000131563483e-17 0.09129858889915848374 -1.159096225006433289e-16 -6.915639322355267119e-17
916 2.837230661532455844 0.6089726132696222649 -1.563681422467884785e-17 -2.708164603644140939e-17 0.09135751791816146272 -1.197705043142399408e-16 -8.005489291485297266e-17
917 2.840294759505663791 0.6092527095157713735 -1.58950950758311454e-17 -2.740908647810020867e-17 0.09141634456878527937 -8.429635030484984934e-17 -1.068682949235329617e-16
918 2.843358721945535184 0.6095329732927995403 -1.599379226471287055e-17 -2.785714946431096733e-17 0.09147507314518406318 -3.221369763839332941e-17 -1.462429246900424019e-16
919 2.846422548706114775 0.6098134052769577096 -1.597644391710316275e-17 -2.843583727663886366e-17 0.0915340320142530306 5.66256452618382091e-18 -1.888858323307658274e-16
920 2.84948623964146508 0.6100940075977749899 -1.595088071865249818e-17 -2.911520771577394247e-17 0.09159369559087679469 8.344292414972696054e-18 -2.217588543613737961e-16
921 2.852549794605669486 0.6103747835653843268 -1.602223651185166063e-17 -2.982968830396021755e-17 0.09165444936443729873 -2.329286224286399106e-17 -2.332298075556798542e-16
922 2.855613213452832699 0.6106557369167942007 -1.623647802553163707e-17 -3.049890933969545634e-17 0.09171643284052317935 -6.993854069537928568e-17 -2.184653283951617179e-16
923 2.858676496037082071 0.6109368710196970698 -1.65719233780900155e-17 -3.104974461721004988e-17 0.09177952562386823554 -1.09510070150294239e-16 -1.798266376976607546e-16
924 2.861739642212570711 0.6112181883623966083 -1.696460912768923243e-17 -3.145101541046069828e-17 0.09184344077124793893 -1.282025844511953064e-16 -1.310053976036020624e-16
925 2.864802651833478375 0.6114996904051849258 -1.736529075955959426e-17 -3.172169996546525623e-17 0.09190784276456269442 -1.308188887577186358e-16 -8.837603192409485005e-17
926 2.867865524754012352 0.6117813776369688261 -1.776739215888544325e-17 -3.191952141182236812e-17 0.09197241451477226881 -1.31288295680153625e-16 -6.458977905760050394e-17
927 2.870928260828410572 0.6120632497005651373 -1.82036761392085281e-17 -3.210610286604449324e-17 0.09203687978750620113 -1.424554662775117009e-16 -6.092258542306821358e-17
928 2.873990859910942053 0.612345305589035549 -1.87061744540699859e-17 -3.231192473992572362e-17 0.09210102640913919725 -1.64083121322464887e-16 -6.720797762711362539e-17
929 2.877053321855909118 0.6126275440786038695 -1.926653948456536927e-17 -3.252983455347591024e-17 0.09216478353669665946 -1.829868130889166377e-16 -7.115829888081746187e-17
930 2.880115646517649175 0.6129099644340513242 -1.982571493791702999e-17 -3.273418875475110739e-17 0.09222831067100913105 -1.826065523839864201e-16 -6.673471794295460852e-17
931 2.883177833750535601 0.6131925670139267703 -2.029230262272478642e-17 -3.290912964431510172e-17 0.09229196499021685707 -1.523775695540892408e-16 -5.713195704763505625e-17
932 2.886239883408980411 0.6134753532647848617 -2.05797299346750162e-17 -3.306115239209639779e-17 0.09235610185472641065 -9.387184142705544084e-17 -4.964961463196601506e-17
933 2.889301795347435142 0.6137583248607798581 -2.064293205828036838e-17 -3.321109263656895753e-17 0.09242079567344267665 -2.064232111819519938e-17 -4.897168794943908122e-17
934 2.892363569420392633 0.614041482295531571 -2.049662646277450069e-17 -3.337344022545206218e-17 0.09248566094006732685 4.778673641911553684e-17 -5.302641646350959224e-17
935 2.895425205482388797 0.6143248237963199188 -2.020647947683544878e-17 -3.354206189275732404e-17 0.09254995741420203592 9.4772884020882443e-17 -5.507815863469440619e-17
936 2.89848670338800396 0.6146083456318854887 -1.986677743703040843e-17 -3.368813751659728953e-17 0.09261304526525214464 1.109644353367044936e-16 -4.771593107053775039e-17
937 2.901548062991865073 0.614892043447140213 -1.9570137206129249e-17 -3.377738075007572758e-17 0.09267472055271434861 9.690258093376517311e-17 -2.915282134410417905e-17
938 2.904609284148646609 0.6151759133284638859 -1.938882519478489506e-17 -3.37903459816458047e-17 0.09273512731171555667 5.923133647274861664e-17 -4.235505347275766011e-18
939 2.90767036671307233 0.6154599522740684669 -1.935127043944190256e-17 -3.37391323590526287e-17 0.09279456326950998035 1.226901160799975232e-17 1.673131736166844512e-17
940 2.910731310539917072 0.6157441575280656609 -1.94365337882667888e-17 -3.366712679616130885e-17 0.09285310863920921698 -2.78565117288772829e-17 2.352504135564712697e-17
941 2.913792115484008516 0.6160285236776310569 -1.958836776766706811e-17 -3.362517280305727708e-17 0.09290989521541340168 -4.960815180632735961e-17 1.370747224703680321e-17
942 2.916852781400228078 0.6163130413802669905 -1.975583250691600325e-17 -3.36442508070729197e-17 0.09296363877890426175 -5.471761997059428706e-17 -6.233568799062861899e-18
943 2.919913308143513575 0.6165977000376645645 -1.992002034162285695e-17 -3.372079332387816492e-17 0.09301392857651374912 -5.364936260914453721e-17 -2.501072778280372886e-17
944 2.922973695568859664 0.6168824911150198043 -2.009580493359387355e-17 -3.381860605001014507e-17 0.09306143843531115845 -5.744129042069653e-17 -3.196235315956088473e-17
945 2.926033943531319625 0.6171674106924439629 -2.031385809290852442e-17 -3.389609530783176183e-17 0.09310767606892877968 -7.125667918934218211e-17 -2.532239020324108713e-17
946 2.929094051886008021 0.6174524600299311494 -2.059382058883644202e-17 -3.394071397418419031e-17 0.09315433409748728744 -9.149195051755653087e-17 -1.458141313016070265e-17
947 2.932154020488100254 0.6177376438551817062 -2.092515655235451412e-17 -3.398681061470892708e-17 0.09320254588406153007 -1.082857883531929061e-16 -1.506510493655720284e-17
948 2.935213849192836122 0.6180229677211448447 -2.12669806891886718e-17 -3.410542442143303601e-17 0.09325258136323351377 -1.117186009815437555e-16 -3.876662621616423019e-17
949 2.938273537855520257 0.6183084361226425241 -2.157409297064205627e-17 -3.436544170390486335e-17 0.09330409494624510025 -1.003783021782963856e-16 -8.498550832294940601e-17
950 2.941333086331523461 0.6185940510072219789 -2.183359264279516266e-17 -3.4798571270382882e-17 0.09335625423778604048 -8.482022007997592707e-17 -1.415729925474991931e-16
951 2.944392494476284483 0.618879812275645369 -2.20701998926292745e-17 -3.537357853879050936e-17 0.09340839028780029141 -7.734114024397296688e-17 -1.879558543468041966e-16
952 2.947451762145312237 0.619165719087499955 -2.232756487544920596e-17 -3.601940450733134937e-17 0.09346026081522236517 -8.413020404455219276e-17 -2.111144644282339882e-16
953 2.950510889194185804 0.6194517706666760049 -2.2634494671755697e-17 -3.664951447994519482e-17 0.09351188680952382537 -1.003370946364275179e-16 -2.059865308429655753e-16
954 2.953569875478557094 0.6197379667691241822 -2.298281584117854979e-17 -3.71977252479518221e-17 0.09356344218363850385 -1.138734151787966957e-16 -1.792214710755096009e-16
955 2.956628720854151737 0.6200243078651765938 -2.333814233508270738e-17 -3.763288718439178198e-17 0.09361516048966406212 -1.161689579723236263e-16 -1.422700236900560751e-16
956 2.959687425176771303 0.6203107951357249572 -2.366210401576196571e-17 -3.796288792824064503e-17 0.0936672740731733372 -1.059195666017008478e-16 -1.07894043806114561e-16
957 2.962745988302293743 0.6205974303411835313 -2.39389956468801753e-17 -3.821318847996068622e-17 0.09371997247808239173 -9.053415475009394864e-17 -8.183977533716763677e-17
958 2.965804410086674725 0.6208842153685963927 -2.419205025928037629e-17 -3.840377119884883325e-17 0.09377329719606247727 -8.274408740760219453e-17 -6.231695601390591258e-17
959 2.968862690385950298 0.6211711517032234564 -2.445378822665763661e-17 -3.853944299082186743e-17 0.09382711693715856116 -8.558734432821350901e-17 -4.436417265548944751e-17
960 2.97192082905623689 0.6214582402490266277 -2.474445098346139899e-17 -3.862054837376064212e-17 0.09388124168409138492 -9.505004960654204247e-17 -2.652238888965367196e-17
961 2.974978825953733974 0.6217454816246938964 -2.505259016765062446e-17 -3.864884691464198114e-17 0.09393557819219827687 -1.007697180228632303e-16 -9.254376370775889839e-18
962 2.978036680934724512 0.6220328766643664631 -2.534139763286847425e-17 -3.864419917640881514e-17 0.0939901969582339486 -9.445211917977654834e-17 1.520004772675601795e-18
963 2.981094393855576286 0.6223204267121010824 -2.556593584024129908e-17 -3.863947284886028186e-17 0.09404526479800130734 -7.343679938850623605e-17 1.545778654275245768e-18
964 2.98415196457274412 0.622608133545131559 -2.57051893194460544e-17 -3.866980609563614733e-17 0.09410092345941285796 -4.554594984790057696e-17 -9.921163508928800089e-18
965 2.987209392942770325 0.6228959991877723867 -2.57752184093535426e-17 -3.874123373516313035e-17 0.09415725384714915269 -2.290564005698436105e-17 -2.336308815788503265e-17
966 2.990266678822286028 0.6231840259455508901 -2.581662639171313015e-17 -3.881496779620395942e-17 0.09421434804570416599 -1.354466540534490271e-17 -2.411861503181982711e-17
967 2.993323822068013396 0.6234722166725328307 -2.587421182907425141e-17 -3.881997409449997e-17 0.09427238560402891043 -1.883723537164325016e-17 -1.637650483597167871e-18
968 2.996380822536766075 0.6237605749120870291 -2.597320253112674662e-17 -3.86885149193263097e-17 0.09433159215361383576 -3.238315835001317489e-17 4.300467819647548625e-17
969 2.999437680085450975 0.624049104543814348 -2.612232144653633838e-17 -3.839308893226514579e-17 0.09439207786164700853 -4.878405101660823987e-17 9.66482111597801765e-17
970 3.002494394571069147 0.6243378089670267306 -2.632377688387542437e-17 -3.796040373363376738e-17 0.0944536857801231422 -6.590896102455805825e-17 1.415590081318969693e-16
971 3.005550965850716683 0.6246266902913487629 -2.658197099199856178e-17 -3.745705505822246731e-17 0.09451599411333634626 -8.447577170568620816e-17 1.64685275359287471e-16
972 3.008607393781587813 0.6249157491059701419 -2.690267883079919081e-17 -3.69511844857753404e-17 0.09457850548735878549 -1.049338977314182625e-16 1.655181585614457878e-16
973 3.011663678220973583 0.6252049850523906382 -2.728830262654508762e-17 -3.649039693970155039e-17 0.09464090984279910357 -1.26179983290766413e-16 1.507743181452845663e-16
974 3.014719819026264958 0.6254943978927498538 -2.772675972004198279e-17 -3.610221338943834687e-17 0.09470324664662042868 -1.434743193075244409e-16 1.270235365476776442e-16
975 3.017775816054953264 0.625783988465429486 -2.819213083292644774e-17 -3.580147209659977719e-17 0.09476586808521068883 -1.522884432535426558e-16 9.841483934094997479e-17
976 3.020831669164631972 0.6260737590409823916 -2.86519891469723291e-17 -3.560256216160393003e-17 0.09482924289140587382 -1.504915248040157196e-16 6.509452694858939449e-17
977 3.023887378212997135 0.6263637129894593647 -2.907102822799494006e-17 -3.5506544257871926e-17 0.09489373101197201565 -1.371396459573298042e-16 3.142394568840036181e-17
978 3.026942943057848723 0.6266538540322498241 -2.94184915172518624e-17 -3.547851254140467314e-17 0.09495944759886278119 -1.137202847669962744e-16 9.174421810087201632e-18
979 3.0299983635570924 0.6269441854701237604 -2.96723047008512439e-17 -3.545274307156603901e-17 0.09502625516224497138 -8.307373298901142921e-17 8.434416314725065576e-18
980 3.033053639568740412 0.6272347096122643517 -2.982039092916917329e-17 -3.535618440691249856e-17 0.09509382929843536447 -4.847131261917867694e-17 3.160540499730976133e-17
981 3.036108770950912472 0.627525427501817834 -2.986743905089735152e-17 -3.514471547432877906e-17 0.09516175570586142551 -1.540043467291473535e-17 6.922090323653044039e-17
982 3.039163757561837098 0.6278163389611842726 -2.983629250117516575e-17 -3.482604611750449426e-17 0.09522963483031395004 1.019579827734315675e-17 1.043161604842722317e-16
983 3.04221859925985294 0.6281074430413641219 -2.97576036907650898e-17 -3.445424389788109577e-17 0.09529721414199730789 2.575994266928191704e-17 1.217149403059779028e-16
984 3.045273295903409672 0.6283987388413612152 -2.966064113529710316e-17 -3.409558839396150437e-17 0.09536450931945181231 3.174363147239718104e-17 1.174167500745095261e-16
985 3.04832784735106932 0.628690226282146214 -2.956116985794535972e-17 -3.378851058268702922e-17 0.09543178943652462498 3.256648715173042961e-17 1.005360126229094405e-16
986 3.051382253461507155 0.62898190629492301 -2.946320007850450267e-17 -3.352899806020952384e-17 0.09549938525882427365 3.207643067989177414e-17 8.49673795870754495e-17
987 3.054436514093513022 0.6292737801119443475 -2.936860149290792582e-17 -3.328848068376638122e-17 0.09556739540874113759 3.097413987686732495e-17 7.875190536714335935e-17
988 3.05749062910599223 0.6295658478731637198 -2.928806717223731673e-17 -3.305739045827889725e-17 0.09563546228583713615 2.637037704899244684e-17 7.566881210020028571e-17
989 3.060544598357967327 0.6298581074081492925 -2.924098879171313038e-17 -3.286479950185465556e-17 0.09570282934901858107 1.541620949187226175e-17 6.306551961682075029e-17
990 3.063598421708578101 0.6301505544604666387 -2.92490630303783746e-17 -3.276200175804569306e-17 0.09576881339191666009 -2.644103436455232897e-18 3.366359095070280311e-17
991 3.066652099017083355 0.6304431840023924094 -2.93221550080457417e-17 -3.279057945161940896e-17 0.09583316163222266315 -2.393687002248167001e-17 -9.358900367006510919e-18
992 3.069705630142861796 0.63073599128784541 -2.945163823632970605e-17 -3.294542578239009077e-17 0.09589596607944375628 -4.240645600113595965e-17 -5.07130089339710803e-17
993 3.072759014945413814 0.6310289724546778167 -2.960724603874045963e-17 -3.316426550373513227e-17 0.09595751602327122487 -5.096483966737232258e-17 -7.167462773982179522e-17
994 3.075812253284361919 0.6313221237091953819 -2.974264462354056489e-17 -3.334965996729117225e-17 0.09601783370881257496 -4.434802375702459107e-17 -6.072351558432040215e-17
995 3.078865345019451194 0.6316154376568802187 -2.981166971186252606e-17 -3.341647970977758133e-17 0.09607573950395299767 -2.260934557392382616e-17 -2.188697886178789953e-17
996 3.081918290010551065 0.6319089020760381148 -2.978348417299460843e-17 -3.332236873569043008e-17 0.09612965183475441489 9.232690102339578953e-18 3.082777530164557591e-17
997 3.084971088117657079 0.6322025033241791547 -2.96540821383701343e-17 -3.307901888767724127e-17 0.09617910469807545992 4.239005084308668656e-17 7.971754431738691448e-17
998 3.088023739200890461 0.6324962304099689403 -2.945522741424027928e-17 -3.274333538869001692e-17 0.0962249659706515964 6.514478911963599731e-17 1.099698830297036419e-16
999 3.091076243120500333 0.6327900781432511668 -2.924085186004859827e-17 -3.239160309913192789e-17 0.09626913569236805746 7.023280079477011245e-17 1.152330260731753966e-16
1000 3.09412859973686416 0.6330840478943252636 -2.907494435123147353e-17 -3.209076353132607986e-17 0.09631376303251049098 5.435653304851844901e-17 9.856453168593986066e-17
1001 3.09718080891048908 0.6333781456484397498 -2.900877888721534103e-17 -3.187904853878687305e-17 0.09636036013535283218 2.167894127690723943e-17 6.936786371783535146e-17
1002 3.100232870502011906 0.6336723786756225385 -2.905897178408329808e-17 -3.174915586315601878e-17 0.09640934826394437218 -1.644636742806452772e-17 4.256105550670690786e-17
1003 3.103284784372202232 0.6339667532185856436 -2.920837323832882496e-17 -3.165304613800751305e-17 0.09646039113802869214 -4.895573702825278625e-17 3.149315014360923837e-17
1004 3.106336550381961104 0.6342612725728675738 -2.941850180126222291e-17 -3.152080597516420855e-17 0.09651252328494699939 -6.88580819158311929e-17 4.333444172705460503e-17
1005 3.109388168392324125 0.6345559373373798051 -2.963955267367917282e-17 -3.128974565669211888e-17 0.0965648611519653588 -7.244078482813078228e-17 7.572098960633966793e-17
1006 3.112439638264460573 0.634850746995340165 -2.982286706597853977e-17 -3.093515260408259841e-17 0.09661703912909611058 -6.007704746259943506e-17 1.162096624510551553e-16
1007 3.115490959859675169 0.6351457009210639271 -2.993172334792158206e-17 -3.04815191680400384e-17 0.09666902150385098258 -3.567686117131762595e-17 1.486750863751415209e-16
1008 3.118542133039409858 0.6354407989184511774 -2.995159161620406205e-17 -2.999590187313582195e-17 0.09672094905056032033 -6.511998662434089048e-18 1.591653147576862232e-16
1009 3.121593157665243368 0.6357360414676960225 -2.989477108552771011e-17 -2.955405722396577689e-17 0.09677304343597087355 1.862433344131054687e-17 1.448255054546059944e-16
1010 3.124644033598892534 0.6360314297826077379 -2.978860346212731735e-17 -2.921026101855772619e-17 0.0968255451594080413 3.480076054157623816e-17 1.126932019038117427e-16
1011 3.127694760702214083 0.6363269657898871223 -2.966443495882809261e-17 -2.897653904279771716e-17 0.09687868797377373331 4.070326928361357397e-17 7.661563330543137034e-17
1012 3.130745338837204628 0.6366226517527869833 -2.953561157083078683e-17 -2.882941718327321399e-17 0.09693258230512438733 4.223123592817894008e-17 4.822989098766530844e-17
1013 3.133795767866002002 0.6369184896745294644 -2.93913092932556014e-17 -2.871343610678844069e-17 0.09698714301834096552 4.730788247369973264e-17 3.802309449104825249e-17
1014 3.136846047650885705 0.6372144809572987123 -2.920355349384694767e-17 -2.856251687603746188e-17 0.09704217316085700373 6.155664662723858087e-17 4.947959948961590885e-17
1015 3.139896178054278675 0.6375106265704427733 -2.894092389175200782e-17 -2.831653279549776002e-17 0.09709753089014448724 8.610860593662913456e-17 8.065102368094888697e-17
1016 3.142946158938747292 0.6378069275479499867 -2.858638960824674656e-17 -2.794659488378029655e-17 0.09715323745201830119 1.162471812278343697e-16 1.212978306111512657e-16
1017 3.145995990167002265 0.638103385395840994 -2.813996832783754204e-17 -2.745763539904620491e-17 0.09720944768152330051 1.463829222622188742e-16 1.603313313773871729e-16
1018 3.149045671601900409 0.6384000021445311868 -2.761715587537871357e-17 -2.688917255308984793e-17 0.09726633361490849561 1.714402529305979847e-16 1.864098944737357292e-16
1019 3.152095203106444199 0.6386967802076940481 -2.704703040562881254e-17 -2.630521853705457038e-17 0.09732402103874884802 1.869643012739198399e-16 1.914991705808700433e-16
1020 3.155144584543783992 0.6389937223595907323 -2.646663311556776351e-17 -2.577513891269920908e-17 0.09738262832966985971 1.903421700844430795e-16 1.738404154277373482e-16
1021 3.158193815777217583 0.6392908318963048675 -2.591716613002585445e-17 -2.535247443041257566e-17 0.09744232676763617262 1.802074148993353291e-16 1.386202915312932237e-16
1022 3.161242896670191982 0.639588112713010859 -2.544640439311147565e-17 -2.506940883353110538e-17 0.09750331300939085732 1.544022567477007192e-16 9.284095018555662381e-17
1023 3.164291827086303854 0.6398855689691240745 -2.50921444309354155e-17 -2.493253422776222627e-17 0.0975656739200903983 1.161972936936726581e-16 4.489488077636035374e-17
1024 3.16734060688929997 0.6401832043364984459 -2.487033920132380834e-17 -2.492764705003313307e-17 0.09762924977885342748 7.275572911592121953e-17 1.603073920402145038e-18
1025 3.170389235943078088 0.6404810212278790882 -2.477563360675799531e-17 -2.502027898089702935e-17 0.09769362774097277435 3.106651559489161109e-17 -3.038628644866728737e-17
1026 3.17343771411168829 0.6407790205226819857 -2.47951200591937844e-17 -2.51674747084027612e-17 0.09775830492246372072 -6.392506936416897501e-18 -4.828737874130568822e-17
1027 3.176486041259332982 0.6410772020322308418 -2.491134977155762651e-17 -2.532570243074501705e-17 0.09782293096781112529 -3.813090605846232876e-17 -5.190898517919751971e-17
1028 3.179534217250368666 0.6413755654938830819 -2.510862293309727222e-17 -2.545936932549897013e-17 0.09788748160613704175 -6.472164139892539673e-17 -4.385361273502281797e-17
1029 3.182582241949305502 0.6416741115769092341 -2.536093030135460598e-17 -2.554819915919525209e-17 0.09795226258832742672 -8.278144981170271939e-17 -2.914485799879894862e-17
1030 3.185630115220808189 0.6419728423956578833 -2.563102848172518757e-17 -2.558929525258114314e-17 0.09801774810257442294 -8.862298010437705018e-17 -1.348420141708646592e-17
1031 3.188677836929697751 0.6422717613123586355 -2.587046008103221035e-17 -2.559810599239558997e-17 0.09808434772524320111 -7.856475763409666069e-17 -2.891070519106899571e-18
1032 3.191725406940950638 0.6425708721480238861 -2.603160764523598374e-17 -2.560572553676901471e-17 0.09815221217456192304 -5.28800298322922913e-17 -2.500327794379107054e-18
1033 3.19477282511970051 0.6428701781833658924 -2.609161358409925571e-17 -2.56518300026948183e-17 0.09822116433697389293 -1.969172848635875579e-17 -1.512977952212615959e-17
1034 3.197820091331239123 0.6431696814335551293 -2.605342957129559445e-17 -2.577542759243905102e-17 0.09829078905455268522 1.253120540551790098e-17 -4.056217958745928731e-17
1035 3.20086720544101544 0.6434693825400643608 -2.594652162773740302e-17 -2.600048844175443646e-17 0.09836063559040342241 3.508673491575058261e-17 -7.386401886539245056e-17
1036 3.203914167314637851 0.6437692814186081192 -2.580969388717047785e-17 -2.633223246368303439e-17 0.09843046577911448991 4.490853150536476907e-17 -1.088824298257688895e-16
1037 3.206960976817874176 0.6440693782090570751 -2.568225779107238921e-17 -2.676034586298860104e-17 0.09850035319674785295 4.182817302677376645e-17 -1.405190671209065159e-16
1038 3.210007633816651662 0.6443696737808795039 -2.559278225068717151e-17 -2.725191055224791643e-17 0.09857053734280732393 2.93699039292632563e-17 -1.613536798594110603e-16
1039 3.213054138177057872 0.6446701693257351762 -2.554852192141960628e-17 -2.776032505361811483e-17 0.09864112402891858644 1.452896292003180016e-17 -1.668929165384011411e-16
1040 3.216100489765342463 0.6449708650318940473 -2.553319975188884151e-17 -2.823134428912926401e-17 0.09871178392897318743 5.029931113298902578e-18 -1.546252508760426347e-16
1041 3.219146688447915849 0.6452717586712265474 -2.551481205260172541e-17 -2.862095874725696751e-17 0.09878172376734414839 6.036580353531387023e-18 -1.279082796961683053e-16
1042 3.222192734091350097 0.6455728453982276793 -2.546465593425744427e-17 -2.891515641572521189e-17 0.09885008412631575425 1.64668053193977827e-17 -9.658833043725116618e-17
1043 3.225238626562380695 0.6458741193281282156 -2.536862476058735365e-17 -2.913761548699351315e-17 0.0989165235522170283 3.152967751049697809e-17 -7.303943613633776784e-17
1044 3.228284365727905669 0.6461755748607155292 -2.523860644846647941e-17 -2.933014447967480298e-17 0.09898113519079887457 4.269074121433833399e-17 -6.3215752217833768e-17
1045 3.231329951454986027 0.6464772072966977756 -2.509997037411998957e-17 -2.952899709882869808e-17 0.09904421459586643106 4.552262774256123723e-17 -6.529536991037252442e-17
1046 3.234375383610847088 0.6467790123974105354 -2.497270764282211886e-17 -2.974523615711178005e-17 0.09910591279806515996 4.179017889579214689e-17 -7.100797568737149827e-17
1047 3.237420662062878041 0.64708098266319658 -2.486005486871790176e-17 -2.997213547218142239e-17 0.09916515870114954445 3.699447093934935544e-17 -7.451232501151507889e-17
1048 3.240465786678632387 0.6473831037605077832 -2.474797857589505976e-17 -3.020935464575494857e-17 0.09921970761506997138 3.680701911726114125e-17 -7.790524148138275118e-17
1049 3.243510757325828386 0.6476853580493550089 -2.461258131181835896e-17 -3.047222802093386213e-17 0.09926847290441498384 4.446811885313750323e-17 -8.633471710447017434e-17
1050 3.246555573872349498 0.6479877298804792574 -2.444195837261720242e-17 -3.07889176515426461e-17 0.09931210753466597485 5.604002073480659387e-17 -1.040146978413679509e-16
1051 3.249600236186244384 0.6482902101325463962 -2.424687724097266631e-17 -3.117818257804210442e-17 0.09935275489048504827 6.40764073805951576e-17 -1.278580752484344093e-16
1052 3.25264474413572735 0.6485927980241412705 -2.406193183995170833e-17 -3.162784504643506626e-17 0.09939315398870268714 6.075030506438208938e-17 -1.477037654360481177e-16
1053 3.255689097589178349 0.6488954995988174268 -2.393442962453397802e-17 -3.210015291933285979e-17 0.09943554675019260214 4.188366880974372223e-17 -1.551501396260059172e-16
1054 3.258733296415143421 0.6491983235025128307 -2.390510193455809899e-17 -3.255057117897760367e-17 0.09948078838913840261 9.63444987277814192e-18 -1.479670627963048854e-16
1055 3.261777340482334253 0.6495012779810011017 -2.399111126150077817e-17 -3.295099606339807486e-17 0.09952874787560822556 -2.825639237599308554e-17 -1.315504149781022685e-16
1056 3.264821229659629065 0.6498043684975752798 -2.417430855191448221e-17 -3.33046320640015923e-17 0.0995785114585727299 -6.01883347880174966e-17 -1.161849170877678644e-16
1057 3.267864963816071722 0.6501075970889640399 -2.440317298404194379e-17 -3.363377269052362975e-17 0.0996289535807552834 -7.519582431289355444e-17 -1.081426261657073906e-16
1058 3.270908542820873066 0.6504109640056262576 -2.461317702369220911e-17 -3.396464121616422485e-17 0.09967948741928715772 -6.900256382151642271e-17 -1.087158922993479725e-16
1059 3.27395196654341003 0.6507144693315619621 -2.475994273577052449e-17 -3.431251144412384152e-17 0.09973005829188055782 -4.822634652520286725e-17 -1.14308103178960772e-16
1060 3.276995234853225192 0.6510181135229403671 -2.482712216289808928e-17 -3.467512613103326083e-17 0.09978078850407805234 -2.207589145575731397e-17 -1.191591356275651838e-16
1061 3.280038347620028105 0.6513218975871775118 -2.482575852177321916e-17 -3.504398806489232572e-17 0.09983185923637255543 4.481302505735598604e-19 -1.212182500459593766e-16
1062 3.283081304713693527 0.6516258230581820632 -2.477934812269023005e-17 -3.541701127424348892e-17 0.09988344357106904159 1.525252379339774353e-17 -1.225920373135412019e-16
1063 3.286124106004262746 0.6519298920171019418 -2.471047963932605657e-17 -3.581490104546241439e-17 0.0999357214446153358 2.26344102806263509e-17 -1.307709984059094938e-16
1064 3.289166751361942698 0.6522341070186457035 -2.462849769418724691e-17 -3.628116166539377945e-17 0.09998884861399190416 2.694568071912102863e-17 -1.532497158404499703e-16
1065 3.292209240657105962 0.6525384706308771099 -2.454194317770725326e-17 -3.686126674515319558e-17 0.1000428296010337365 2.845004591686925644e-17 -1.90677700332127593e-16
1066 3.295251573760289876 0.6528429849371489846 -2.445601145357248782e-17 -3.758026862720849349e-17 0.1000975052084160655 2.824678849888861518e-17 -2.363445432663253e-16
1067 3.298293750542196978 0.6531476514682648116 -2.436999353411238687e-17 -3.840864123588748428e-17 0.1001526939058448723 2.827657611931430787e-17 -2.723100171625421451e-16
1068 3.301335770873695008 0.6534524716277473333 -2.427065160535398821e-17 -3.926000751063122656e-17 0.1002083539310851118 3.265824404172129805e-17 -2.798831059249121534e-16
1069 3.30437763462581513 0.6537574472450246033 -2.414353413876432157e-17 -4.002787832647668404e-17 0.1002646253803840953 4.179148904002250578e-17 -2.524473280146943467e-16
1070 3.307419341669752377 0.6540625807913745815 -2.398321748399026546e-17 -4.063806505481990068e-17 0.1003217193773106586 5.270886352594814977e-17 -2.006170165845551593e-16
1071 3.310460891876865652 0.65436787514914041 -2.381205712097065271e-17 -4.107277762332987313e-17 0.1003797712077592608 5.627695908132725477e-17 -1.429320492114804379e-16
1072 3.313502285118676394 0.6546733333089417295 -2.367839986887834631e-17 -4.13822158837834059e-17 0.1004388166249251257 4.394833073773617019e-17 -1.017475281021775421e-16
1073 3.316543521266868577 0.6549789583764300538 -2.36454416596822347e-17 -4.164534089381416202e-17 0.1004988936108482667 1.083766978548073508e-17 -8.652357153407159438e-17
1074 3.319584600193287383 0.6552847538783240777 -2.376311940645355975e-17 -4.192285340439213303e-17 0.1005601407948004816 -3.869805379883697159e-17 -9.125934476860101227e-17
1075 3.322625521769939638 0.6555907239464326963 -2.404459946573196719e-17 -4.223137986976458873e-17 0.1006227573536560282 -9.256885773090555473e-17 -1.014634661954288144e-16
1076 3.325666285868992045 0.6558968729770359163 -2.445964177688493861e-17 -4.255127634637015775e-17 0.1006868304825537103 -1.364998436996556641e-16 -1.052081146508386577e-16
1077 3.328706892362770731 0.6562032047863737283 -2.494462002117920047e-17 -4.285117760078574427e-17 0.1007521696363094937 -1.595087707171892702e-16 -9.863716773107045289e-17
1078 3.331747341123761696 0.6565097217637211324 -2.542872268429292656e-17 -4.310509559958436952e-17 0.1008183056634774505 -1.592290602780634087e-16 -8.351766560493783789e-17
1079 3.334787632024608151 0.6568164246459270439 -2.585217457086555331e-17 -4.330671501700386105e-17 0.1008846951538477504 -1.392872938850394141e-16 -6.631927720133607088e-17
1080 3.337827764938110953 0.6571233131708024144 -2.618697565329196552e-17 -4.346238592468685603e-17 0.1009510095164752042 -1.10132847984061575e-16 -5.120795992396709153e-17
1081 3.340867739737226838 0.657430387269874017 -2.644733771131741118e-17 -4.358067916072655504e-17 0.1010173124688880653 -8.565058222141970262e-17 -3.891459691360264795e-17
1082 3.343907556295068417 0.6577376480964077787 -2.668320933331145729e-17 -4.366281701000389434e-17 0.101084005945594288 -7.759807427785687787e-17 -2.70220676627524727e-17
1083 3.3469472144849024 0.6580450982560158701 -2.695947025515689158e-17 -4.370881464069779778e-17 0.1011515678349453468 -9.089026140632140279e-17 -1.513329011541992585e-17
1084 3.349986714180149594 0.6583527411484556557 -2.733069354893921552e-17 -4.37250507733514698e-17 0.101220259564800602 -1.221393995328588161e-16 -5.341990996443973278e-18
1085 3.353026055254382243 0.6586605799329514621 -2.780961655414728538e-17 -4.372768614588051223e-17 0.1012900021715854998 -1.575828475186987337e-16 -8.671320919708435129e-19
1086 3.356065237581324467 0.6589686168718474901 -2.836524376044718589e-17 -4.372924205560945629e-17 0.1013605007025030064 -1.828308385232087037e-16 -5.119768743935843397e-19
1087 3.359104261034850936 0.6592768535807823627 -2.893728548323504277e-17 -4.374154754477381152e-17 0.1014315424682975114 -1.882419342559768883e-16 -4.049370858780656525e-18
1088 3.362143125488984641 0.6595852917901333656 -2.947074650646598576e-17 -4.376871937887597251e-17 0.1015031653172618481 -1.755553650283864529e-16 -8.941911492248094934e-18
1089 3.365181830817897346 0.6598939336997184935 -2.994599172765901211e-17 -4.381002736684292155e-17 0.1015755238397898219 -1.564054679415413629e-16 -1.35946557683965123e-17
1090 3.36822037689590692 0.6602027813099538012 -3.03935092132644053e-17 -4.386535197793640439e-17 0.1016485525281256436 -1.472878634487457183e-16 -1.820854832760089721e-17
1091 3.371258763597477337 0.6605118347127083567 -3.086360254232865756e-17 -4.393812427038058023e-17 0.1017216233141036014 -1.54726193322392569e-16 -2.395222202289921111e-17
1092 3.3742969907972169 0.6608210904405797947 -3.139195272564049464e-17 -4.40332451693939191e-17 0.101793564650919835 -1.73909951202708882e-16 -3.13096719340094284e-17
1093 3.377335058369876908 0.6611305416955873815 -3.196913184976090769e-17 -4.415318307536386738e-17 0.1018632800251740994 -1.899923099149230623e-16 -3.948042964359848461e-17
1094 3.38037296619035077 0.6614401806585681332 -3.253574273675216161e-17 -4.429149762593598214e-17 0.1019304329253251928 -1.865233381976184054e-16 -4.553193785422597763e-17
1095 3.383410714133672226 0.6617500002991837382 -3.299862365279683174e-17 -4.442765265781708352e-17 0.1019952826382158062 -1.523843671304927455e-16 -4.482340413194138929e-17
1096 3.38644830207501446 0.6620599951950343343 -3.327153678164929739e-17 -4.45423231132586678e-17 0.1020583581782237431 -8.985007891675322069e-17 -3.775248744598217552e-17
1097 3.389485729889689214 0.6623701605763399058 -3.331765636781822016e-17 -4.461983811091477424e-17 0.1021198741386665915 -1.518456481208184326e-17 -2.552129374071947775e-17
1098 3.392522997453144562 0.6626804865947586443 -3.317105899707458082e-17 -4.466284144484301179e-17 0.1021781581049686083 4.826875104427012604e-17 -1.415930728447762323e-17
1099 3.395560104640964472 0.6629909541042698917 -3.291512831139575494e-17 -4.468444234922574946e-17 0.1022301480457484119 8.427236694615895589e-17 -7.112704503105723066e-18
1100 3.398597051328866581 0.6633015400991414401 -3.264834209126854754e-17 -4.470057495795864942e-17 0.1022745719793114738 8.785150304273251954e-17 -5.312395537183160049e-18
1101 3.401633837392702642 0.6636122247975468902 -3.243691161579398038e-17 -4.472441645146157443e-17 0.1023124903799686597 6.962679075939467801e-17 -7.851312237716054966e-18
1102 3.40467046270845497 0.6639229976121608923 -3.229238745125444655e-17 -4.476799888652253737e-17 0.1023469302432997996 4.759619854448942642e-17 -1.43530200560092969e-17
1103 3.407706927152236887 0.6642338592003345088 -3.218111917388384583e-17 -4.483487142472579175e-17 0.1023815944262243954 3.664596746477957947e-17 -2.202432640456400302e-17
1104 3.410743230600291387 0.6645448189277561868 -3.206144070427014551e-17 -4.492602564131783858e-17 0.1024193511886785923 3.941793784912945857e-17 -3.002303802771825296e-17
1105 3.413779372928988476 0.6648558888389992649 -3.190547657309436325e-17 -4.504352167317947292e-17 0.1024610834020669992 5.137190475373215689e-17 -3.870117386756197193e-17
1106 3.416815354014826056 0.6651670794450572632 -3.171355623718517866e-17 -4.518571808987876123e-17 0.1025062865389592126 6.321862087858251477e-17 -4.683954576788102219e-17
1107 3.419851173734427263 0.665478396910707648 -3.150416691737800426e-17 -4.53417405898952722e-17 0.1025535294330117142 6.897657902663203619e-17 -5.139659612167405248e-17
1108 3.422886831964539578 0.6657898427926961515 -3.130249869859482654e-17 -4.548388051570638992e-17 0.1026012943627130497 6.643664750635009655e-17 -4.682592133094162382e-17
1109 3.425922328582033494 0.666101416626234899 -3.112950557132448307e-17 -4.557871054704698749e-17 0.1026489154128830267 5.699309433817843828e-17 -3.124203260307031732e-17
1110 3.428957663463902961 0.6664131185007733382 -3.10044595737671774e-17 -4.560273237288195412e-17 0.1026965751670685795 4.119896842616189674e-17 -7.914483177760245797e-18
1111 3.431992836487261833 0.6667249498463716506 -3.09431850215053682e-17 -4.555879200822149513e-17 0.1027447153484631337 2.018923536428115357e-17 1.447782695060589584e-17
1112 3.435027847529345202 0.66703691323585379 -3.094596747914397956e-17 -4.547616919599936947e-17 0.1027937125829987974 -9.168356301450503418e-19 2.722468693027757491e-17
1113 3.438062696467506729 0.6673490118175082753 -3.099215139313450348e-17 -4.540959419064938186e-17 0.1028437566388750307 -1.521867605387056234e-17 2.193801590558242134e-17
1114 3.441097383179218205 0.6676612489034080555 -3.104195850673152998e-17 -4.541457797968353468e-17 0.1028949016597711791 -1.64134828531189593e-17 -1.642362505031879122e-18
1115 3.444131907542069104 0.667973627802649017 -3.105386133508056079e-17 -4.552579831262205718e-17 0.1029471468435378817 -3.922679223464832714e-18 -3.665361512839781511e-17
1116 3.447166269433765695 0.668286151510581794 -3.10023511801149791e-17 -4.574274675723217889e-17 0.1030003889663144989 1.697652326047371275e-17 -7.150105292264079509e-17
1117 3.450200468732129266 0.6685988224178743833 -3.089357068676359892e-17 -4.602442556045003111e-17 0.1030544288911700995 3.585338883587733286e-17 -9.283961993049762222e-17
1118 3.453234505315096126 0.668911642405396023 -3.074755033941375633e-17 -4.631070421065900849e-17 0.1031090987135455939 4.813000130959060691e-17 -9.436076587637642335e-17
1119 3.456268379060716711 0.6692246133575198153 -3.058238248538082814e-17 -4.654241104084567591e-17 0.1031643996925886292 5.444416612528897202e-17 -7.637736307049311548e-17
1120 3.459302089847155148 0.6695377377047930789 -3.040540382116174259e-17 -4.667816513752557782e-17 0.1032205119775079782 5.834049152953423012e-17 -4.475093516159304532e-17
1121 3.462335637552687917 0.6698510185464594535 -3.022718861885078459e-17 -4.66998567694342584e-17 0.1032776561477177363 5.875127341545945865e-17 -7.150966811858045998e-18
1122 3.46536902205570474 0.6701644592940437795 -3.0075076441602739e-17 -4.661831644029480958e-17 0.1033359353265179414 5.014872581699293663e-17 2.688242113827314965e-17
1123 3.468402243234706361 0.6704780632922114902 -2.99992348120658914e-17 -4.647314454655407499e-17 0.1033953276568760904 2.500500689344297415e-17 4.786321477912936509e-17
1124 3.471435300968304993 0.6707918338714842221 -3.004221235991415397e-17 -4.631267907125665728e-17 0.1034558286586871462 -1.417047397071549622e-17 5.290836622249439652e-17
1125 3.474468195135223869 0.6711057748116033839 -3.022211471847592618e-17 -4.617574185652983431e-17 0.1035175866386668919 -5.932025935148799891e-17 4.515311059513617758e-17
1126 3.477500925614296801 0.6714198906866293282 -3.051200786412203229e-17 -4.60745270503689013e-17 0.1035808637335749599 -9.559332973535041246e-17 3.337595415675472875e-17
1127 3.480533492284468178 0.6717341865473183127 -3.08524575716357559e-17 -4.600118050760637186e-17 0.1036458173941286059 -1.1227061068986087e-16 2.418759941982726049e-17
1128 3.483565895024791637 0.6720486669423231252 -3.118126580823952835e-17 -4.594792645707292175e-17 0.1037122823078860806 -1.084374517504834418e-16 1.756261824486313038e-17
1129 3.486598133714431391 0.6723633348880166949 -3.146394400297655813e-17 -4.592834795242374383e-17 0.1037797533674190004 -9.322930325011823598e-17 6.457131753016401116e-18
1130 3.489630208232661346 0.6726781915295385605 -3.170139613495203619e-17 -4.598136911809760731e-17 0.1038476135608003975 -7.831766584750530312e-17 -1.748770963454503196e-17
1131 3.492662118458865095 0.6729932367666686677 -3.191401458275746053e-17 -4.615868120896122885e-17 0.1039154521825157995 -7.013069725260423727e-17 -5.848514412523132996e-17
1132 3.495693864272536366 0.6733084704318258451 -3.213055706483216225e-17 -4.649702176217560712e-17 0.1039832470135947234 -7.142888876188582837e-17 -1.116053049158627685e-16
1133 3.498725445553277691 0.6736238932247156086 -3.238567760357610833e-17 -4.69965852902609244e-17 0.1040512841507019864 -8.415885049500586039e-17 -1.64795404085779507e-16
1134 3.501756862180802621 0.6739395069635986113 -3.271126986988684635e-17 -4.76225384945084291e-17 0.1041199326452609958 -1.074118159686947378e-16 -2.06499899833249518e-16
1135 3.504788114034933955 0.6742553142184085635 -3.313707227465646923e-17 -4.831230014484352256e-17 0.1041894405893244863 -1.404784522167880384e-16 -2.275624748761019421e-16
1136 3.507819200995605513 0.6745713179722103714 -3.367998550747754439e-17 -4.900240668379083326e-17 0.1042599444330526148 -1.791247819207835805e-16 -2.276886541311894261e-16
1137 3.510850122942861251 0.6748875217231022905 -3.432126822621489904e-17 -4.96379859063213357e-17 0.1043316142792423545 -2.115916116318586313e-16 -2.09709739691320362e-16
1138 3.513880879756855702 0.6752039296215308628 -3.499828929439924175e-17 -5.017275786337688763e-17 0.1044046655776484367 -2.233956818519602619e-16 -1.764579443622328652e-16
1139 3.516911471317855309 0.6755205459279035596 -3.562004567521015021e-17 -5.057260823123796283e-17 0.1044791348446182655 -2.051712670628372554e-16 -1.31945258852997989e-16
1140 3.519941897506237982 0.6758373734127419707 -3.609896804556984028e-17 -5.082232078571717185e-17 0.1045545306480935022 -1.580465901667929012e-16 -8.240629421348158617e-17
1141 3.522972158202493986 0.6761544111530696233 -3.63853672868065442e-17 -5.092928368067391342e-17 0.1046296342069381047 -9.451823564212738088e-17 -3.530017770588162193e-17
1142 3.526002253287225496 0.676471653217833091 -3.64818317466559175e-17 -5.092811168220479562e-17 0.1047027926089067196 -3.183719769719338706e-17 3.868071932437212792e-19
1143 3.529032182641148374 0.6767890902928149766 -3.643322699168850789e-17 -5.087080746370082808e-17 0.1047728888966714261 1.604242539199574934e-17 1.891375958201993828e-17
1144 3.532061946145092168 0.6771067125972611844 -3.630076751228260428e-17 -5.079689489985252942e-17 0.1048397685786591066 4.372180723005329552e-17 2.439682597990323754e-17
1145 3.535091543680000559 0.6774245116844838099 -3.614073168261341389e-17 -5.071651117727421751e-17 0.1049038714985771198 5.282701803049461838e-17 2.653426030146169745e-17
1146 3.5381209751269318 0.6777424813253525304 -3.600715576321676219e-17 -5.06059302902786916e-17 0.1049659292479677014 4.409515470192826733e-17 3.650419432760783577e-17
1147 3.541150240367060498 0.6780606140867644349 -3.594703916571323016e-17 -5.042957296119739367e-17 0.10502554402459649 1.984636329089299243e-17 5.822105320836533653e-17
1148 3.544179339281677166 0.6783788928054670375 -3.598174235565746269e-17 -5.017367147842589363e-17 0.1050795030266343938 -1.145723461387319361e-17 8.448570090710948194e-17
1149 3.547208271752189113 0.6786972908202080212 -3.609799175628457657e-17 -4.985130525929923104e-17 0.1051246693932671034 -3.838177137515349363e-17 1.064348414258096354e-16
1150 3.550237037660121331 0.6790157801430259932 -3.624719594161745021e-17 -4.949965626842611167e-17 0.1051606036147246098 -4.926508070229782569e-17 1.161094501176115956e-16
1151 3.553265636887117385 0.6793343399481948097 -3.63546516974774927e-17 -4.915073516588060321e-17 0.1051896691642212472 -3.548230261730313961e-17 1.152150859764863677e-16
1152 3.55629406931493941 0.6796529623744826942 -3.63415471653652605e-17 -4.88192418025465694e-17 0.1052161460677323995 4.327405264387804405e-18 1.094664130939870545e-16
1153 3.559322334825470335 0.6799716529714368018 -3.615596150170025137e-17 -4.850049810700515414e-17 0.1052444626750719814 6.128785611906333597e-17 1.052619979658686054e-16
1154 3.562350433300712549 0.6802904260457817154 -3.579550158178613923e-17 -4.819218688687060099e-17 0.105277511421933978 1.190449457310322287e-16 1.018223953385208319e-16
1155 3.565378364622791008 0.6806092972036130728 -3.530338468238721001e-17 -4.789815477149266943e-17 0.1053157222436428009 1.625347586811640284e-16 9.711196460807433408e-17
1156 3.568406128673951905 0.6809282789015836945 -3.473144256866650072e-17 -4.762166543962862025e-17 0.1053580557508396603 1.889096129558896372e-16 9.132304024455113829e-17
1157 3.571433725336564446 0.6812473776598054753 -3.412946502118740206e-17 -4.735578746456837513e-17 0.1054025517097894882 1.988411673234963951e-16 8.782302122060779558e-17
1158 3.574461154493122184 0.6815665946686446652 -3.353175719376121114e-17 -4.708753636221787776e-17 0.1054474498971446489 1.97441754168558739e-16 8.86118029168228069e-17
1159 3.577488416026242124 0.6818859292345008649 -3.297210402783649004e-17 -4.681404603926618919e-17 0.1054921280124792166 1.848813430641760764e-16 9.034748894668929015e-17
1160 3.580515509818666953 0.6822053816154990402 -3.249662809987152115e-17 -4.65535328282628567e-17 0.1055369004397467975 1.57082115069364731e-16 8.60652743516591827e-17
1161 3.583542435753265032 0.6825249537875465178 -3.216461779387201319e-17 -4.633968562333118894e-17 0.1055823347276117763 1.0969172639927526e-16 7.065223178538556557e-17
1162 3.586569193713031289 0.682844649237077661 -3.203255599637383754e-17 -4.619592070494743991e-17 0.1056289300725050812 4.363385964249255302e-17 4.750062765394104667e-17
1163 3.589595783581088106 0.6831644723155642085 -3.212551561402383027e-17 -4.611047578313016932e-17 0.1056769724973383312 -3.071601650589657902e-17 2.823298648630498214e-17
1164 3.592622205240685318 0.6834844277130658341 -3.241953029488929955e-17 -4.604267924773755358e-17 0.1057265741279274779 -9.715468216492024304e-17 2.240279576707889645e-17
1165 3.595648458575201545 0.6838045200692366432 -3.285284936808278547e-17 -4.594223658769272135e-17 0.1057777185687098359 -1.431946189625869919e-16 3.319228098294636202e-17
1166 3.598674543468145082 0.6841247534223180438 -3.33357616473681601e-17 -4.578351454736363987e-17 0.1058302073247991415 -1.595920791656820857e-16 5.245420651349544412e-17
1167 3.601700459803153453 0.6844451308229940745 -3.377512881915001169e-17 -4.556563961214227113e-17 0.1058837142377508783 -1.452094559860666123e-16 7.200697468631647495e-17
1168 3.604726207463994747 0.6847656545185610844 -3.409106925204772147e-17 -4.531396999977578187e-17 0.1059379739475675986 -1.044231356751517889e-16 8.318064844194112352e-17
1169 3.607751786334567612 0.6850863266728016709 -3.424490911798093276e-17 -4.506200228741552207e-17 0.105992958977735599 -5.084926266084574347e-17 8.32838244504283614e-17
1170 3.610777196298902592 0.6854071501310085024 -3.424892311635194447e-17 -4.483491447376266348e-17 0.1060488947261066794 -1.32683592732664429e-18 7.506437271844158252e-17
1171 3.613802437241162124 0.6857281286900117623 -3.416800840007901203e-17 -4.464335502467125779e-17 0.106106095904257694 2.674803161800523958e-17 6.332393459480681531e-17
1172 3.616827509045640987 0.6860492667617896778 -3.410684554035144897e-17 -4.448839987497039804e-17 0.1061647660875824073 2.021977855280410236e-17 5.122649311238649525e-17
1173 3.619852411596766295 0.6863705688852248521 -3.41729146341861375e-17 -4.436305581266714317e-17 0.1062249474802968302 -2.184294939487489434e-17 4.143970880981734246e-17
1174 3.622877144779098835 0.6866920395601840976 -3.444122596032914742e-17 -4.426048801584703772e-17 0.10628662743883599 -8.871075398400915655e-17 3.391160083022591212e-17
1175 3.625901708477333063 0.687013683436811462 -3.492224412484484703e-17 -4.41821495452190553e-17 0.1063498559058699139 -1.590461258605525828e-16 2.590220323959327251e-17
1176 3.628926102576296664 0.6873355054563922151 -3.555804682870892012e-17 -4.412922406449716742e-17 0.1064147294141439271 -2.102366170612263527e-16 1.750051384759007584e-17
1177 3.631950326960952324 0.6876575105518808462 -3.624052721570460191e-17 -4.409557665252048563e-17 0.1064812454884003223 -2.256838871398635409e-16 1.112658894202281391e-17
1178 3.634974381516396846 0.6879797029431854449 -3.683866556071980272e-17 -4.408205235277257803e-17 0.1065491686035484747 -1.978046195107762108e-16 4.472492004698491703e-18
1179 3.637998266127861147 0.6883020854573314029 -3.724625880892256329e-17 -4.411117497744278875e-17 0.1066180383469011589 -1.347988512402667887e-16 -9.631406722156586214e-18
1180 3.641021980680712034 0.6886246593570563013 -3.740885274121318893e-17 -4.422628624793344591e-17 0.1066873375123971873 -5.377593706915671406e-17 -3.807163250588997796e-17
1181 3.64404552506045043 0.6889474247581823807 -3.734098918870385421e-17 -4.447789333730132303e-17 0.1067566868261631691 2.244629689822502754e-17 -8.32206275802106716e-17
1182 3.647068899152713595 0.6892703814066786228 -3.71335714442774127e-17 -4.489969520035632803e-17 0.1068259639615982137 6.860859063984153238e-17 -1.395214832438126842e-16
1183 3.650092102843272901 0.68959352949322128 -3.691253190829773741e-17 -4.548675799054307636e-17 0.106895316015844663 7.311846188952083264e-17 -1.941966085875829067e-16
1184 3.653115136018036058 0.689916870395024695 -3.677791913928660061e-17 -4.619523241129018694e-17 0.106965135526008448 4.453155477855222086e-17 -2.343720265801297397e-16
1185 3.656137998563045777 0.6902404073882411062 -3.676038826760420652e-17 -4.694893689183642809e-17 0.1070360508017557527 5.799754931704623816e-18 -2.493487692620310988e-16
1186 3.659160690364480661 0.690564145867886614 -3.680769464447951022e-17 -4.766932552052717316e-17 0.1071087630573610699 -1.565129828677706109e-17 -2.383403265010498397e-16
1187 3.662183211308654762 0.6908880924608407081 -3.682267551358274511e-17 -4.829373289512900523e-17 0.1071836801856458771 -4.956695695489542866e-18 -2.065966483381844892e-16
1188 3.665205561282018021 0.6912122528946551547 -3.67283620202622277e-17 -4.878305240093077355e-17 0.1072605049885084344 3.120711803642866428e-17 -1.619095109030512739e-16
1189 3.668227740171155382 0.6915366290264411964 -3.651409728211306441e-17 -4.913034535674271764e-17 0.1073379570423097784 7.090145360729068694e-17 -1.149212679946316341e-16
1190 3.671249747862788126 0.6918612165560558136 -3.623514612018720959e-17 -4.935465684067559258e-17 0.1074139988707504684 9.231180208208455284e-17 -7.423018841934085664e-17
1191 3.674271584243772093 0.6921860057825217627 -3.59759846477366987e-17 -4.947595277363547951e-17 0.1074868428673085574 8.576777244016708755e-17 -4.014208546375665018e-17
1192 3.677293249201099901 0.6925109851834737595 -3.580106357364910627e-17 -4.950488059501303616e-17 0.1075558856805565178 5.789225714790754235e-17 -9.574014352780591461e-18
1193 3.680314742621898727 0.6928361440145981431 -3.573618171445891676e-17 -4.945231658966080456e-17 0.107621384186239441 2.147466046202545961e-17 1.739768529373420144e-17
1194 3.683336064393431197 0.6931614736415399047 -3.576401103072517792e-17 -4.933804674541850732e-17 0.1076840361786174233 -9.211497667191310761e-18 3.782329373806284816e-17
1195 3.686357214403095828 0.6934869664088811891 -3.584142000431024091e-17 -4.920384548569573177e-17 0.1077441652207649231 -2.562381126820268368e-17 4.442311520010745785e-17
1196 3.689378192538425694 0.6938126061640110809 -3.59179612976893383e-17 -4.910669710374202292e-17 0.1077989579946575377 -2.533803548199883732e-17 3.21597537785287197e-17
1197 3.692398998687090206 0.6941383629858610682 -3.5953250830866452e-17 -4.909549080538179489e-17 0.1078438554551991446 -1.168282307465293377e-17 3.709915923432914487e-18
1198 3.695419632736892446 0.694464201789935176 -3.591796828309137601e-17 -4.91792786542302268e-17 0.1078771464283734965 1.168117647470841893e-17 -2.774007860980375701e-17
1199 3.69844009457577183 0.6947900927833009499 -3.579691389851452084e-17 -4.93291307538691506e-17 0.107900580933066384 4.008039094740181274e-17 -4.961514412560398374e-17
1200 3.70146038409180278 0.6951160201154292784 -3.559537888761617025e-17 -4.951050213485609292e-17 0.1079187737907834344 6.673086025045864823e-17 -6.005442044100623276e-17
1201 3.704480501173194273 0.6954419848433014417 -3.535258436448926725e-17 -4.971525313399297885e-17 0.1079373227170148525 8.03970140197204479e-17 -6.779958928297603481e-17
1202 3.707500445708290293 0.6957680014051368378 -3.514216197254943177e-17 -4.996412400026834021e-17 0.1079606589783270315 6.96815522798227059e-17 -8.241379693207477553e-17
1203 3.710520217585570268 0.6960940890743207987 -3.503497914239369039e-17 -5.028458124374313281e-17 0.1079903846545697543 3.549571526530956886e-17 -1.061257577595111633e-16
1204 3.713539816693649076 0.6964202652463881149 -3.504733423896105698e-17 -5.06816838296447008e-17 0.1080258789179641549 -4.091868996275562989e-18 -1.315159093036395066e-16
1205 3.716559242921275708 0.6967465413360103277 -3.512587817891561659e-17 -5.113045545902401942e-17 0.1080651618504534922 -2.601435978158552383e-17 -1.486366310780437059e-16
1206 3.719578496157335046 0.6970729220127301895 -3.517547196308759929e-17 -5.158156539345513086e-17 0.1081059999358953139 -1.642678629874424735e-17 -1.494196624408224473e-16
1207 3.722597576290846977 0.6973994077771898947 -3.512119838280404359e-17 -5.197834787892768813e-17 0.1081470125109890434 1.797789124330073022e-17 -1.314325005611130063e-16
1208 3.72561648321096639 0.697725999025185728 -3.493927424405746079e-17 -5.228417644350850671e-17 0.1081881648737244711 6.026505253280812799e-17 -1.013102199492620673e-16
1209 3.728635216806984509 0.6980526980656927005 -3.466169644948350507e-17 -5.249713857659713798e-17 0.1082300908528440325 9.195701915394407935e-17 -7.055089900672173432e-17
1210 3.731653776968327563 0.6983795090321531784 -3.435498407357673103e-17 -5.26451322057519957e-17 0.1082733950326724703 1.016146752896172995e-16 -4.90307067885439025e-17
1211 3.734672163584558113 0.6987064371444676736 -3.408545506490278659e-17 -5.275992755277762377e-17 0.1083184376181524772 8.930085854547216599e-17 -3.803421048016186393e-17
1212 3.737690376545374171 0.6990334879143179636 -3.389267859283996799e-17 -5.286292097629611942e-17 0.1083653155884965191 6.387474104613834923e-17 -3.412593967668019659e-17
1213 3.740708415740610526 0.6993606667576928171 -3.378288892002083784e-17 -5.295372125851290432e-17 0.1084139975521460075 3.637991135822523541e-17 -3.008758595892995141e-17
1214 3.743726281060238748 0.6996879787183515331 -3.374207989406576326e-17 -5.302938673998147177e-17 0.1084643604722006771 1.352326047848326215e-17 -2.507396320254602048e-17
1215 3.74674397239436674 0.7000154280830421794 -3.376276154473892723e-17 -5.310177240562062967e-17 0.1085161537678046573 -6.853863304153168768e-18 -2.39884845417413304e-17
1216 3.749761489633240519 0.7003430182772504287 -3.385636504799370402e-17 -5.320865448949044768e-17 0.1085690922499289446 -3.102183019960224549e-17 -3.54225829364996357e-17
1217 3.752778832667242881 0.7006707523722239817 -3.40499836824059754e-17 -5.339635832075634384e-17 0.1086230587102370304 -6.417229276941295656e-17 -6.221191080341650359e-17
1218 3.755796001386895622 0.7009986339281243373 -3.43717996148463613e-17 -5.369742695246427693e-17 0.108678215381130136 -1.066677298233498157e-16 -9.979091843520350041e-17
1219 3.758812995682858649 0.7013266675365754654 -3.482023653693662818e-17 -5.410092389651582035e-17 0.1087349043739213594 -1.486455795534532215e-16 -1.337491052632724836e-16
1220 3.761829815445931313 0.7016548586189396142 -3.533596864276646096e-17 -5.454476112296824974e-17 0.108793401009057572 -1.709621401002369368e-16 -1.471294131831632013e-16
1221 3.764846460567052411 0.7019832126612358669 -3.579914527285581714e-17 -5.494484794512624865e-17 0.1088537270363449661 -1.535492059387054734e-16 -1.326340964937065462e-16
1222 3.767862930937301513 0.7023117345723464133 -3.607311752286194036e-17 -5.523187195260431023e-17 0.1089156914355284972 -9.083070575931077727e-17 -9.515778758073099566e-17
1223 3.77087922644789808 0.7026404286845160385 -3.606893937613540483e-17 -5.539417354622583822e-17 0.1089791033081124877 1.385271797970071758e-18 -5.381137502463743723e-17
1224 3.773895346990203681 0.7029692993209682994 -3.580806747852931952e-17 -5.547435643507433324e-17 0.1090439599164511886 8.649755129482107738e-17 -2.658631920411840635e-17
1225 3.776911292455722435 0.7032983513249161378 -3.542710642076203353e-17 -5.553271329789463641e-17 0.1091104339374987381 1.263229697056029352e-16 -1.935056632131253819e-17
1226 3.779927062736100574 0.7036275899422596014 -3.510941925295536493e-17 -5.560123624135898331e-17 0.109178659189864094 1.053480885772818384e-16 -2.272286025116224865e-17
1227 3.782942657723129098 0.7039570199810569751 -3.500187886918226665e-17 -5.567320297063594758e-17 0.1092484907802060423 3.566348918279259538e-17 -2.386624057903102179e-17
1228 3.785958077308742453 0.7042866447072456682 -3.51618444437359483e-17 -5.572895559039037803e-17 0.1093194175496181586 -5.305228051425835303e-17 -1.849025098599565297e-17
1229 3.788973321385020743 0.7046164651993508388 -3.554263795164833375e-17 -5.576219009309822634e-17 0.109390714198211475 -1.262968032298674068e-16 -1.10228020218791144e-17
1230 3.791988389844191065 0.7049464807431580216 -3.604553911263408002e-17 -5.579502382345966239e-17 0.1094617861650072077 -1.66805656215144808e-16 -1.089051361145292291e-17
1231 3.79500328257862618 0.7052766902731982812 -3.658374310473210379e-17 -5.586134575545246241e-17 0.1095325168996269388 -1.785255496797549898e-16 -2.199938970850413549e-17
1232 3.798017999480848061 0.7056070944726287042 -3.712183228633249044e-17 -5.597329444434142707e-17 0.1096034864083625382 -1.784978835126442056e-16 -3.713623078104678077e-17
1233 3.801032540443527008 0.7059376973765191243 -3.765510680859080891e-17 -5.610715096606946919e-17 0.1096758067148399102 -1.769110698692839276e-16 -4.440621008407931748e-17
1234 3.804046905359483421 0.7062685062057161289 -3.8183683776192864e-17 -5.621426461626234895e-17 0.1097505349847269773 -1.753629282378796049e-16 -3.553647718947281773e-17
1235 3.807061094121688694 0.7065995290439168741 -3.868670623989959255e-17 -5.625026816749932954e-17 0.1098279579223844782 -1.668946175383956284e-16 -1.194538881910339573e-17
1236 3.810075106623266095 0.7069307709331744682 -3.913393300290112099e-17 -5.61929895162606307e-17 0.109907066776426976 -1.483912008097284576e-16 1.900523077158204915e-17
1237 3.813088942757492106 0.7072622302711583098 -3.949918096234464465e-17 -5.605683838296680495e-17 0.1099856570898669339 -1.211974810077312877e-16 4.5178005694270212e-17
1238 3.816102602417796419 0.7075938981494822588 -3.97865797017246424e-17 -5.588112920397002697e-17 0.1100613043188003182 -9.537094841859542805e-17 5.830767067011404816e-17
1239 3.819116085497765045 0.7079257620866222789 -4.002275566633089847e-17 -5.57129565179773509e-17 0.1101328221616151709 -7.837768012092914954e-17 5.581001864345783676e-17
1240 3.822129391891139427 0.7082578095962820397 -4.023426881914121587e-17 -5.55823345751380365e-17 0.1102002083099677954 -7.019716402594448602e-17 4.335092085314521626e-17
1241 3.825142521491818659 0.7085900297527912839 -4.04335933463644511e-17 -5.548608656575332271e-17 0.1102639800100884276 -6.615587662167894203e-17 3.194474620178562586e-17
1242 3.828155474193860375 0.7089224136734409987 -4.061957631092950586e-17 -5.54032896954072124e-17 0.1103248147255442846 -6.173143414289637202e-17 2.7481923201740146e-17
1243 3.83116824989148208 0.7092549465083239912 -4.080542155779158749e-17 -5.530862059453827276e-17 0.1103807311913218431 -6.16893493969905246e-17 3.142439927418172497e-17
1244 3.834180848479061599 0.709587596384835817 -4.103234111610988216e-17 -5.517641243379445663e-17 0.1104260777045298764 -7.532796056409230165e-17 4.388767188058881754e-17
1245 3.837193269851139288 0.7099203208209554639 -4.135461076514181609e-17 -5.499354375017008964e-17 0.1104573303011060631 -1.069865666744689112e-16 6.070845539448215901e-17
1246 3.840205513902418488 0.7102530796345154496 -4.180134152803395966e-17 -5.476172312908356857e-17 0.1104752500358519435 -1.483137056573336941e-16 7.696397521078644068e-17
1247 3.843217580527766408 0.7105858468676535811 -4.234243642033821772e-17 -5.450703071916879334e-17 0.110484557267177555 -1.796529936315684344e-16 8.45623467291920867e-17
1248 3.84622946962221679 0.7109186170512502567 -4.287633838625505907e-17 -5.428027522550735044e-17 0.1104920534899126588 -1.772752712964065737e-16 7.529124113216711695e-17
1249 3.849241181080969465 0.7112514032296155531 -4.328695060688596377e-17 -5.413944631885179634e-17 0.1105038858869579199 -1.363465459871937184e-16 4.676318441797705646e-17
1250 3.85225271479939213 0.7115842286736019373 -4.350146501037642918e-17 -5.411750338568887734e-17 0.110523451213755855 -7.123515535607528062e-17 7.286728664344066321e-18
1251 3.855264070673022125 0.7119171161316195651 -4.352397125924867558e-17 -5.421050977192126668e-17 0.1105505773352565141 -7.474234148966726331e-18 -3.088704439358185003e-17
1252 3.858275248597566875 0.7122500825556755677 -4.343095343159483856e-17 -5.437223109217875088e-17 0.1105833405127296387 3.089267075009263928e-17 -5.371017175951619448e-17
1253 3.861286248468905669 0.7125831367297912333 -4.333829417998657482e-17 -5.453362265373054753e-17 0.1106190288672933564 3.077540299770311172e-17 -5.360382542461939513e-17
1254 3.864297070183090099 0.7129162811420586277 -4.3346852311538724e-17 -5.463389077041751794e-17 0.1106555516918076298 -2.842625400525372927e-18 -3.330454709890479533e-17
1255 3.867307713636345845 0.7132495163503556057 -4.350610932495648359e-17 -5.464025209816547426e-17 0.1106922679637409868 -5.290113278976273598e-17 -2.113071422675723874e-18
1256 3.870318178725073999 0.713582844902828084 -4.380924820076629672e-17 -5.45496047290023702e-17 0.110729838870418526 -1.007010009337470994e-16 3.011253763592541475e-17
1257 3.873328465345851956 0.713916272003948138 -4.421435606020749224e-17 -5.438289243709048629e-17 0.110769147029891088 -1.345824976274095694e-16 5.538415537442234269e-17
1258 3.87633857339543475 0.7142498045017596775 -4.467118764155502733e-17 -5.416903808026361921e-17 0.1108107387988043063 -1.517748506304564654e-16 7.104962614083753548e-17
1259 3.879348502770755491 0.714583449638202084 -4.513857885094864599e-17 -5.394051827080678224e-17 0.110854745454667003 -1.552923387331222992e-16 7.592649357577816933e-17
1260 3.882358253368928036 0.7149172142050842504 -4.558883145034748423e-17 -5.37210190578461727e-17 0.1109010178593129725 -1.496068681992966469e-16 7.293370402989781599e-17
1261 3.885367825087246541 0.7152511043545718428 -4.599782803540968164e-17 -5.351797332722971311e-17 0.1109493438659055337 -1.359066831581936687e-16 6.747066549056436403e-17
1262 3.888377217823188126 0.7155851255342696726 -4.635783145832189993e-17 -5.331722670325243605e-17 0.1109994897045350759 -1.196337198476047483e-16 6.67106584125615263e-17
1263 3.891386431474412877 0.7159192824595992377 -4.667484448889915061e-17 -5.30912441161512079e-17 0.1110512123700402309 -1.05353738660305276e-16 7.510136217394577107e-17
1264 3.894395465938765621 0.716253579406796459 -4.695557222935720496e-17 -5.281970135760770795e-17 0.1111043661782258052 -9.330051600453475041e-17 9.024786595035160601e-17
1265 3.897404321114276371 0.7165880208846386878 -4.719367852694829661e-17 -5.251515412027091396e-17 0.1111590286738018823 -7.913989895064298335e-17 1.012230160746201924e-16
1266 3.900412996899162099 0.7169226122331991968 -4.736400256452080515e-17 -5.222316946324799331e-17 0.1112154764412347924 -5.661434185169236905e-17 9.70533544398129666e-17
1267 3.903421493191827629 0.7172573596025663134 -4.743087866659096625e-17 -5.201680174037306734e-17 0.1112739790574601151 -2.223040615754401702e-17 6.859906835634967213e-17
1268 3.906429809890866522 0.7175922691952691945 -4.736440899341009086e-17 -5.195914606768142938e-17 0.1113345543223866752 2.209662428544655812e-17 1.916657140655763101e-17
1269 3.909437946895062854 0.7179273463495021712 -4.716005809963085627e-17 -5.205879400708553838e-17 0.1113969152570257054 6.793676891858910641e-17 -3.312811070855580483e-17
1270 3.912445904103391658 0.718262595310939167 -4.684968828985789632e-17 -5.22557009672398541e-17 0.1114606989490031508 1.031890920159113365e-16 -6.546593705360984199e-17
1271 3.915453681415019815 0.7185980199848526206 -4.649756267534576984e-17 -5.24346740567005215e-17 0.1115257924723002253 1.170787102513194062e-16 -5.950699869641899219e-17
1272 3.918461278729307384 0.7189336250830362651 -4.618206184186273068e-17 -5.247686672268075968e-17 0.1115924642388073512 1.049075704401394264e-16 -1.40295352931841373e-17
1273 3.921468695945808935 0.7192694166226220043 -4.596678255866628315e-17 -5.231297939551644127e-17 0.1116611485971383405 7.158706875266554218e-17 5.449764224036657714e-17
1274 3.924475932964274438 0.7196054011308393727 -4.587923916902216289e-17 -5.195365112057943741e-17 0.111732015542243962 2.911264993804100067e-17 1.194950106867805097e-16
1275 3.927482989684649706 0.7199415838532798873 -4.589774546024191625e-17 -5.149177095692591047e-17 0.1118046392307205789 -6.154656605499438415e-18 1.53607968578002602e-16
1276 3.93048986600707817 0.7202779672904719988 -4.596392304237466695e-17 -5.104721257422864484e-17 0.1118781069953839191 -2.201006885578143943e-17 1.478561213365882412e-16
1277 3.933496561831901328 0.7206145511701607109 -4.601486493972245431e-17 -5.071435988582419822e-17 0.1119514967298674418 -1.694383480165032756e-17 1.107104615108142714e-16
1278 3.936503077059660072 0.7209513343627269588 -4.601703349541452953e-17 -5.052186839202466666e-17 0.1120245232340963404 -7.213288040311514535e-19 6.402863413461941575e-17
1279 3.939509411591095134 0.7212883178274093199 -4.598938916429002143e-17 -5.042727452163682825e-17 0.1120978813028657289 9.195913965729375318e-18 3.146674411669143203e-17
1280 3.942515565327148863 0.7216255064668706254 -4.598136485831032423e-17 -5.034793449037797939e-17 0.1121728828586180254 2.66945391790352336e-18 2.639412776959840828e-17
1281 3.94552153816896567 0.7219629082680413257 -4.604745562962557803e-17 -5.019700678967594535e-17 0.112250554306078193 -2.198780708612746758e-17 5.021229289577118367e-17
1282 3.948527330017892467 0.7223005306517630286 -4.622047413919586441e-17 -4.993246010817473887e-17 0.112330707783557554 -5.75651751090765346e-17 8.801761200558560308e-17
1283 3.951532940775480451 0.7226383756498865329 -4.649522084509319234e-17 -4.956704504243333285e-17 0.1124115506548630655 -9.141678408376567019e-17 1.215849706249803652e-16
1284 3.954538370343485987 0.72297643683667423 -4.683764857032493412e-17 -4.915273132558290435e-17 0.1124902687722093564 -1.139432397205813673e-16 1.378633903743188548e-16
1285 3.957543618623870607 0.7233147015696530513 -4.719936105542693331e-17 -4.876097201424395234e-17 0.112564792999870808 -1.20367531821668045e-16 1.303662530772995241e-16
1286 3.960548685518802792 0.7236531558250219875 -4.751809307661008063e-17 -4.844347265435110228e-17 0.1126346628838399977 -1.060712731093184643e-16 1.056610540422518957e-16
1287 3.96355357093065841 0.7239917869225622749 -4.77364682578049319e-17 -4.822589631984585159e-17 0.1127003247393785212 -7.267777240320700002e-17 7.241190703529306403e-17
1288 3.966558274762021608 0.7243305847559214916 -4.781435298708941941e-17 -4.810343940885167771e-17 0.112762634466219383 -2.59225012501613008e-17 4.075753305558008857e-17
1289 3.969562796915685254 0.7246695367531574838 -4.775103654835554288e-17 -4.805040790750428744e-17 0.1128207707784397579 2.107498843244508227e-17 1.76516288629085801e-17
1290 3.972567137294653161 0.7250086119870652324 -4.759461432298833121e-17 -4.80430229649389434e-17 0.1128686229647490047 5.206856594864580379e-17 2.458239985320053775e-18
1291 3.975571295802138749 0.7253477605857298061 -4.741527193900664193e-17 -4.807932292360330098e-17 0.1128998826099412017 5.970165932645977214e-17 -1.208396876203749128e-17
1292 3.978575272341568159 0.7256869294766562506 -4.727352207254364775e-17 -4.819123606101944557e-17 0.1129134811812437661 4.719026805670095006e-17 -3.72572552307337676e-17
1293 3.981579066816578916 0.7260260784506785692 -4.719482841358806258e-17 -4.842532939765304843e-17 0.1129136980799824719 2.61996725000693917e-17 -7.793726757209946027e-17
1294 3.984582679131022154 0.7263651912862463256 -4.716403930746318216e-17 -4.880474942502439478e-17 0.1129085176034866494 1.025131450738582747e-17 -1.263289039704032246e-16
1295 3.987586109188962169 0.7267042770753092684 -4.715735819603391058e-17 -4.93013892623414466e-17 0.1129063674693026181 2.224628829833926078e-18 -1.653675906824816347e-16
1296 3.990589356894678641 0.7270433622625960268 -4.717053550873827761e-17 -4.983047757759346891e-17 0.1129130265766989522 -4.387954164270927531e-18 -1.761827565500698023e-16
1297 3.993592422152666188 0.72738247704539849 -4.722025911361203239e-17 -5.028640260459961601e-17 0.1129297461775488065 -1.65586236937882057e-17 -1.518291156472328667e-16
1298 3.996595304867635701 0.727721645955293428 -4.731615082596915711e-17 -5.058651502789191375e-17 0.1129546412266276417 -3.193516165518121253e-17 -9.994751910231812893e-17
1299 3.999598004944513896 0.7277670386021047877 -4.732990553970122385e-17 -5.06249106803616734e-17 0.1129184207414548474 -3.421612665218544755e-17 -9.551274809420922663e-17
