### WARNING in /lus/flare/projects/CompactBinaryMerger/hzhu/refgh_relative_damped_power_lag_20260831_9eff5b52/src_clean/src/mesh/load_balance.cpp at line 83
Number of MeshBlocks cannot be divided evenly by number of MPI ranks. This will result in poor load balancing.

Root grid = 3 x 3 x 3 MeshBlocks
Total number of MeshBlocks = 328
Number of logical  levels of refinement = 5 (6 levels total)
Number of physical levels of refinement = 3 (4 levels total)
  Physical level = 1 (logical level = 3): 208 MeshBlocks, cost = 208
  Physical level = 2 (logical level = 4): 56 MeshBlocks, cost = 56
  Physical level = 3 (logical level = 5): 64 MeshBlocks, cost = 64
Number of parallel ranks = 12
  Rank = 0: 27 MeshBlocks, cost = 27
  Rank = 1: 27 MeshBlocks, cost = 27
  Rank = 2: 27 MeshBlocks, cost = 27
  Rank = 3: 27 MeshBlocks, cost = 27
  Rank = 4: 27 MeshBlocks, cost = 27
  Rank = 5: 27 MeshBlocks, cost = 27
  Rank = 6: 27 MeshBlocks, cost = 27
  Rank = 7: 27 MeshBlocks, cost = 27
  Rank = 8: 28 MeshBlocks, cost = 28
  Rank = 9: 28 MeshBlocks, cost = 28
  Rank = 10: 28 MeshBlocks, cost = 28
  Rank = 11: 28 MeshBlocks, cost = 28
Load Balancing:
  Maximum normalized cost = 1.03704, Average = 1.01235
ref_gh reference allocation backend=generic_cache_oracle generic_bytes=16187904000 analytic_static_components=0 analytic_stage_components=0 analytic_static_bytes=0 analytic_stage_bytes=0
ref_gh power diagnostic native-cell list h=0.0625 stencil_radius=3 inner_count=264 blend_count=3168 outside_count=5032 legacy_count=1960
ref_gh debug fence passed: rank=3 ref_gh reference provider profiles
ref_gh debug fence passed: rank=7 ref_gh reference provider profiles
ref_gh debug fence passed: rank=9 ref_gh reference provider profiles
ref_gh debug fence passed: rank=10 ref_gh reference provider profiles
ref_gh debug fence passed: rank=6 ref_gh reference provider profiles
ref_gh debug fence passed: rank=5 ref_gh reference provider profiles
ref_gh debug fence passed: rank=11 ref_gh reference provider profiles
ref_gh debug fence passed: rank=2 ref_gh reference provider profiles
ref_gh debug fence passed: rank=1 ref_gh reference provider profiles
ref_gh debug fence passed: rank=8 ref_gh reference provider profiles
ref_gh debug fence passed: rank=4 ref_gh reference provider profiles
ref_gh debug fence passed: rank=3 ref_gh reference frame jets
ref_gh debug fence passed: rank=3 ref_gh reference spatial frame
ref_gh debug fence passed: rank=7 ref_gh reference frame jets
ref_gh debug fence passed: rank=7 ref_gh reference spatial frame
ref_gh debug fence passed: rank=0 ref_gh reference provider profiles
ref_gh debug fence passed: rank=9 ref_gh reference frame jets
ref_gh debug fence passed: rank=6 ref_gh reference frame jets
ref_gh debug fence passed: rank=5 ref_gh reference frame jets
ref_gh debug fence passed: rank=10 ref_gh reference frame jets
ref_gh debug fence passed: rank=9 ref_gh reference spatial frame
ref_gh debug fence passed: rank=6 ref_gh reference spatial frame
ref_gh debug fence passed: rank=5 ref_gh reference spatial frame
ref_gh debug fence passed: rank=11 ref_gh reference frame jets
ref_gh debug fence passed: rank=2 ref_gh reference frame jets
ref_gh debug fence passed: rank=10 ref_gh reference spatial frame
ref_gh debug fence passed: rank=2 ref_gh reference spatial frame
ref_gh debug fence passed: rank=11 ref_gh reference spatial frame
ref_gh debug fence passed: rank=1 ref_gh reference frame jets
ref_gh debug fence passed: rank=3 ref_gh reference structure coefficients
ref_gh debug fence passed: rank=1 ref_gh reference spatial frame
ref_gh debug fence passed: rank=7 ref_gh reference structure coefficients
ref_gh debug fence passed: rank=8 ref_gh reference frame jets
ref_gh debug fence passed: rank=8 ref_gh reference spatial frame
ref_gh debug fence passed: rank=4 ref_gh reference frame jets
ref_gh debug fence passed: rank=4 ref_gh reference spatial frame
ref_gh debug fence passed: rank=5 ref_gh reference structure coefficients
ref_gh debug fence passed: rank=6 ref_gh reference structure coefficients
ref_gh debug fence passed: rank=9 ref_gh reference structure coefficients
ref_gh debug fence passed: rank=10 ref_gh reference structure coefficients
ref_gh debug fence passed: rank=0 ref_gh reference frame jets
ref_gh debug fence passed: rank=2 ref_gh reference structure coefficients
ref_gh debug fence passed: rank=11 ref_gh reference structure coefficients
ref_gh debug fence passed: rank=0 ref_gh reference spatial frame
ref_gh debug fence passed: rank=1 ref_gh reference structure coefficients
ref_gh debug fence passed: rank=8 ref_gh reference structure coefficients
ref_gh debug fence passed: rank=4 ref_gh reference structure coefficients
ref_gh debug fence passed: rank=0 ref_gh reference structure coefficients
ref_gh debug fence passed: rank=3 ref_gh reference metric jets
ref_gh debug fence passed: rank=1 ref_gh reference metric jets
ref_gh debug fence passed: rank=7 ref_gh reference metric jets
ref_gh debug fence passed: rank=3 ref_gh reference connection
ref_gh debug fence passed: rank=1 ref_gh reference connection
ref_gh debug fence passed: rank=7 ref_gh reference connection
ref_gh debug fence passed: rank=2 ref_gh reference metric jets
ref_gh debug fence passed: rank=10 ref_gh reference metric jets
ref_gh debug fence passed: rank=4 ref_gh reference metric jets
ref_gh debug fence passed: rank=11 ref_gh reference metric jets
ref_gh debug fence passed: rank=3 ref_gh reference mixed gauge derivative
ref_gh debug fence passed: rank=1 ref_gh reference mixed gauge derivative
ref_gh debug fence passed: rank=9 ref_gh reference metric jets
ref_gh debug fence passed: rank=2 ref_gh reference connection
ref_gh debug fence passed: rank=7 ref_gh reference mixed gauge derivative
ref_gh debug fence passed: rank=0 ref_gh reference metric jets
ref_gh debug fence passed: rank=4 ref_gh reference connection
ref_gh debug fence passed: rank=10 ref_gh reference connection
ref_gh debug fence passed: rank=11 ref_gh reference connection
ref_gh debug fence passed: rank=6 ref_gh reference metric jets
ref_gh debug fence passed: rank=5 ref_gh reference metric jets
ref_gh debug fence passed: rank=9 ref_gh reference connection
ref_gh debug fence passed: rank=8 ref_gh reference metric jets
ref_gh debug fence passed: rank=0 ref_gh reference connection
ref_gh debug fence passed: rank=2 ref_gh reference mixed gauge derivative
ref_gh debug fence passed: rank=3 ref_gh reference theta time derivative
ref_gh debug fence passed: rank=6 ref_gh reference connection
ref_gh debug fence passed: rank=5 ref_gh reference connection
ref_gh debug fence passed: rank=1 ref_gh reference theta time derivative
ref_gh debug fence passed: rank=4 ref_gh reference mixed gauge derivative
ref_gh debug fence passed: rank=7 ref_gh reference theta time derivative
ref_gh debug fence passed: rank=10 ref_gh reference mixed gauge derivative
ref_gh debug fence passed: rank=11 ref_gh reference mixed gauge derivative
ref_gh debug fence passed: rank=3 ref_gh reference spin connection
ref_gh debug fence passed: rank=8 ref_gh reference connection
ref_gh debug fence passed: rank=9 ref_gh reference mixed gauge derivative
ref_gh debug fence passed: rank=1 ref_gh reference spin connection
ref_gh debug fence passed: rank=3 ref_gh reference coframe derivative
ref_gh debug fence passed: rank=7 ref_gh reference spin connection
ref_gh debug fence passed: rank=0 ref_gh reference mixed gauge derivative
ref_gh debug fence passed: rank=1 ref_gh reference coframe derivative
ref_gh debug fence passed: rank=6 ref_gh reference mixed gauge derivative
ref_gh debug fence passed: rank=5 ref_gh reference mixed gauge derivative
ref_gh debug fence passed: rank=7 ref_gh reference coframe derivative
ref_gh debug fence passed: rank=2 ref_gh reference theta time derivative
ref_gh debug fence passed: rank=8 ref_gh reference mixed gauge derivative
ref_gh debug fence passed: rank=4 ref_gh reference theta time derivative
ref_gh debug fence passed: rank=11 ref_gh reference theta time derivative
ref_gh debug fence passed: rank=10 ref_gh reference theta time derivative
ref_gh debug fence passed: rank=2 ref_gh reference spin connection
ref_gh debug fence passed: rank=9 ref_gh reference theta time derivative
ref_gh debug fence passed: rank=4 ref_gh reference spin connection
ref_gh debug fence passed: rank=2 ref_gh reference coframe derivative
ref_gh debug fence passed: rank=0 ref_gh reference theta time derivative
ref_gh debug fence passed: rank=11 ref_gh reference spin connection
ref_gh debug fence passed: rank=10 ref_gh reference spin connection
ref_gh debug fence passed: rank=5 ref_gh reference theta time derivative
ref_gh debug fence passed: rank=6 ref_gh reference theta time derivative
ref_gh debug fence passed: rank=4 ref_gh reference coframe derivative
ref_gh debug fence passed: rank=9 ref_gh reference spin connection
ref_gh debug fence passed: rank=11 ref_gh reference coframe derivative
ref_gh debug fence passed: rank=10 ref_gh reference coframe derivative
ref_gh debug fence passed: rank=0 ref_gh reference spin connection
ref_gh debug fence passed: rank=9 ref_gh reference coframe derivative
ref_gh debug fence passed: rank=8 ref_gh reference theta time derivative
ref_gh debug fence passed: rank=5 ref_gh reference spin connection
ref_gh debug fence passed: rank=6 ref_gh reference spin connection
ref_gh debug fence passed: rank=0 ref_gh reference coframe derivative
ref_gh debug fence passed: rank=5 ref_gh reference coframe derivative
ref_gh debug fence passed: rank=6 ref_gh reference coframe derivative
ref_gh debug fence passed: rank=8 ref_gh reference spin connection
ref_gh debug fence passed: rank=8 ref_gh reference coframe derivative
ref_gh debug fence passed: rank=3 ref_gh reference coordinate spin derivative
ref_gh debug fence passed: rank=1 ref_gh reference coordinate spin derivative
ref_gh debug fence passed: rank=3 ref_gh reference spin derivative
ref_gh debug fence passed: rank=1 ref_gh reference spin derivative
ref_gh debug fence passed: rank=7 ref_gh reference coordinate spin derivative
ref_gh debug fence passed: rank=7 ref_gh reference spin derivative
ref_gh debug fence passed: rank=3 ref_gh reference curvature
ref_gh debug fence passed: rank=3 ref_gh reference Ricci
ref_gh debug fence passed: rank=3 ref_gh diagnostics reference
ref_gh debug fence passed: rank=1 ref_gh reference curvature
ref_gh debug fence passed: rank=1 ref_gh reference Ricci
ref_gh debug fence passed: rank=1 ref_gh diagnostics reference
ref_gh debug fence passed: rank=7 ref_gh reference curvature
ref_gh debug fence passed: rank=7 ref_gh reference Ricci
ref_gh debug fence passed: rank=7 ref_gh diagnostics reference
ref_gh debug fence passed: rank=2 ref_gh reference coordinate spin derivative
ref_gh debug fence passed: rank=2 ref_gh reference spin derivative
ref_gh debug fence passed: rank=4 ref_gh reference coordinate spin derivative
ref_gh debug fence passed: rank=4 ref_gh reference spin derivative
ref_gh debug fence passed: rank=2 ref_gh reference curvature
ref_gh debug fence passed: rank=2 ref_gh reference Ricci
ref_gh debug fence passed: rank=2 ref_gh diagnostics reference
ref_gh debug fence passed: rank=0 ref_gh reference coordinate spin derivative
ref_gh debug fence passed: rank=10 ref_gh reference coordinate spin derivative
ref_gh debug fence passed: rank=11 ref_gh reference coordinate spin derivative
ref_gh debug fence passed: rank=9 ref_gh reference coordinate spin derivative
ref_gh debug fence passed: rank=0 ref_gh reference spin derivative
ref_gh debug fence passed: rank=10 ref_gh reference spin derivative
ref_gh debug fence passed: rank=11 ref_gh reference spin derivative
ref_gh debug fence passed: rank=9 ref_gh reference spin derivative
ref_gh debug fence passed: rank=6 ref_gh reference coordinate spin derivative
ref_gh debug fence passed: rank=4 ref_gh reference curvature
ref_gh debug fence passed: rank=5 ref_gh reference coordinate spin derivative
ref_gh debug fence passed: rank=6 ref_gh reference spin derivative
ref_gh debug fence passed: rank=4 ref_gh reference Ricci
ref_gh debug fence passed: rank=4 ref_gh diagnostics reference
ref_gh debug fence passed: rank=5 ref_gh reference spin derivative
ref_gh debug fence passed: rank=0 ref_gh reference curvature
ref_gh debug fence passed: rank=0 ref_gh reference Ricci
ref_gh debug fence passed: rank=0 ref_gh diagnostics reference
ref_gh debug fence passed: rank=10 ref_gh reference curvature
ref_gh debug fence passed: rank=11 ref_gh reference curvature
ref_gh debug fence passed: rank=10 ref_gh reference Ricci
ref_gh debug fence passed: rank=10 ref_gh diagnostics reference
ref_gh debug fence passed: rank=11 ref_gh reference Ricci
ref_gh debug fence passed: rank=11 ref_gh diagnostics reference
ref_gh debug fence passed: rank=9 ref_gh reference curvature
ref_gh debug fence passed: rank=9 ref_gh reference Ricci
ref_gh debug fence passed: rank=9 ref_gh diagnostics reference
ref_gh debug fence passed: rank=6 ref_gh reference curvature
ref_gh debug fence passed: rank=6 ref_gh reference Ricci
ref_gh debug fence passed: rank=6 ref_gh diagnostics reference
ref_gh debug fence passed: rank=8 ref_gh reference coordinate spin derivative
ref_gh debug fence passed: rank=5 ref_gh reference curvature
ref_gh debug fence passed: rank=5 ref_gh reference Ricci
ref_gh debug fence passed: rank=5 ref_gh diagnostics reference
ref_gh debug fence passed: rank=8 ref_gh reference spin derivative
ref_gh debug fence passed: rank=8 ref_gh reference curvature
ref_gh debug fence passed: rank=8 ref_gh reference Ricci
ref_gh debug fence passed: rank=8 ref_gh diagnostics reference
ref_gh debug fence passed: rank=3 ref_gh diagnostics ADM reconstruction
ref_gh debug fence passed: rank=1 ref_gh diagnostics ADM reconstruction
ref_gh debug fence passed: rank=7 ref_gh diagnostics ADM reconstruction
ref_gh debug fence passed: rank=2 ref_gh diagnostics ADM reconstruction
ref_gh debug fence passed: rank=4 ref_gh diagnostics ADM reconstruction
ref_gh debug fence passed: rank=0 ref_gh diagnostics ADM reconstruction
ref_gh debug fence passed: rank=6 ref_gh diagnostics ADM reconstruction
ref_gh debug fence passed: rank=11 ref_gh diagnostics ADM reconstruction
ref_gh debug fence passed: rank=10 ref_gh diagnostics ADM reconstruction
ref_gh debug fence passed: rank=9 ref_gh diagnostics ADM reconstruction
ref_gh debug fence passed: rank=5 ref_gh diagnostics ADM reconstruction
ref_gh debug fence passed: rank=8 ref_gh diagnostics ADM reconstruction
ref_gh debug fence passed: rank=3 ref_gh diagnostics constraints
ref_gh debug fence passed: rank=3 ref_gh diagnostics metric condition
ref_gh debug fence passed: rank=1 ref_gh diagnostics constraints
ref_gh debug fence passed: rank=1 ref_gh diagnostics metric condition
ref_gh debug fence passed: rank=7 ref_gh diagnostics constraints
ref_gh debug fence passed: rank=7 ref_gh diagnostics metric condition
ref_gh debug fence passed: rank=2 ref_gh diagnostics constraints
ref_gh debug fence passed: rank=2 ref_gh diagnostics metric condition
ref_gh debug fence passed: rank=0 ref_gh diagnostics constraints
ref_gh debug fence passed: rank=0 ref_gh diagnostics metric condition
ref_gh debug fence passed: rank=4 ref_gh diagnostics constraints
ref_gh debug fence passed: rank=4 ref_gh diagnostics metric condition
ref_gh debug fence passed: rank=6 ref_gh diagnostics constraints
ref_gh debug fence passed: rank=6 ref_gh diagnostics metric condition
ref_gh debug fence passed: rank=9 ref_gh diagnostics constraints
ref_gh debug fence passed: rank=9 ref_gh diagnostics metric condition
ref_gh debug fence passed: rank=5 ref_gh diagnostics constraints
ref_gh debug fence passed: rank=5 ref_gh diagnostics metric condition
ref_gh debug fence passed: rank=11 ref_gh diagnostics constraints
ref_gh debug fence passed: rank=11 ref_gh diagnostics metric condition
ref_gh debug fence passed: rank=10 ref_gh diagnostics constraints
ref_gh debug fence passed: rank=10 ref_gh diagnostics metric condition
ref_gh debug fence passed: rank=8 ref_gh diagnostics constraints
ref_gh debug fence passed: rank=8 ref_gh diagnostics metric condition
ref_gh debug fence passed: rank=0 ref_gh MeasureController
reference-GH puncture vertex audit passed; minimum cell radius=0.0541266, wormhole match state=0, G=0, lapse=3.94268e-16, shift=0
ref_gh debug fence passed: rank=1 ref_gh MeasureController
ref_gh debug fence passed: rank=2 ref_gh MeasureController
ref_gh debug fence passed: rank=3 ref_gh MeasureController
ref_gh debug fence passed: rank=4 ref_gh MeasureController
ref_gh debug fence passed: rank=5 ref_gh MeasureController
ref_gh debug fence passed: rank=6 ref_gh MeasureController
ref_gh debug fence passed: rank=7 ref_gh MeasureController
ref_gh debug fence passed: rank=8 ref_gh MeasureController
ref_gh debug fence passed: rank=9 ref_gh MeasureController
ref_gh debug fence passed: rank=10 ref_gh MeasureController
ref_gh debug fence passed: rank=11 ref_gh MeasureController
### WARNING in /lus/flare/projects/CompactBinaryMerger/hzhu/refgh_relative_damped_power_lag_20260831_9eff5b52/src_clean/src/parameter_input.cpp: input parameter <mesh_refinement>/num_levels = 4 was not used by the code (check for a typo)
### WARNING in /lus/flare/projects/CompactBinaryMerger/hzhu/refgh_relative_damped_power_lag_20260831_9eff5b52/src_clean/src/parameter_input.cpp: input parameter <mesh_refinement>/max_nmb_per_rank = 128 was not used by the code (check for a typo)
### WARNING in /lus/flare/projects/CompactBinaryMerger/hzhu/refgh_relative_damped_power_lag_20260831_9eff5b52/src_clean/src/parameter_input.cpp: input parameter <output2>/file_type = rst was not used by the code (check for a typo)
ref_gh debug fence passed: rank=2 ref_gh RestrictU
ref_gh debug fence passed: rank=3 ref_gh RestrictU
ref_gh debug fence passed: rank=4 ref_gh RestrictU
ref_gh debug fence passed: rank=8 ref_gh RestrictU
ref_gh debug fence passed: rank=9 ref_gh RestrictU
ref_gh debug fence passed: rank=0 ref_gh RestrictU
ref_gh debug fence passed: rank=1 ref_gh RestrictU
ref_gh debug fence passed: rank=5 ref_gh RestrictU
ref_gh debug fence passed: rank=6 ref_gh RestrictU
ref_gh debug fence passed: rank=7 ref_gh RestrictU
ref_gh debug fence passed: rank=10 ref_gh RestrictU
ref_gh debug fence passed: rank=11 ref_gh RestrictU
ref_gh debug fence passed: rank=0 ref_gh InitRecv
ref_gh debug fence passed: rank=3 ref_gh InitRecv
ref_gh debug fence passed: rank=1 ref_gh InitRecv
ref_gh debug fence passed: rank=2 ref_gh InitRecv
ref_gh debug fence passed: rank=4 ref_gh InitRecv
ref_gh debug fence passed: rank=5 ref_gh InitRecv
ref_gh debug fence passed: rank=6 ref_gh InitRecv
ref_gh debug fence passed: rank=7 ref_gh InitRecv
ref_gh debug fence passed: rank=8 ref_gh InitRecv
ref_gh debug fence passed: rank=9 ref_gh InitRecv
ref_gh debug fence passed: rank=10 ref_gh InitRecv
ref_gh debug fence passed: rank=11 ref_gh InitRecv
ref_gh debug fence passed: rank=0 ref_gh SendU
ref_gh debug fence passed: rank=0 ref_gh ClearSend enter
ref_gh debug fence passed: rank=6 ref_gh SendU
ref_gh debug fence passed: rank=6 ref_gh ClearSend enter
ref_gh debug fence passed: rank=2 ref_gh SendU
ref_gh debug fence passed: rank=2 ref_gh ClearSend enter
ref_gh debug fence passed: rank=4 ref_gh SendU
ref_gh debug fence passed: rank=4 ref_gh ClearSend enter
ref_gh debug fence passed: rank=3 ref_gh SendU
ref_gh debug fence passed: rank=3 ref_gh ClearSend enter
ref_gh debug fence passed: rank=9 ref_gh SendU
ref_gh debug fence passed: rank=9 ref_gh ClearSend enter
ref_gh debug fence passed: rank=5 ref_gh SendU
ref_gh debug fence passed: rank=5 ref_gh ClearSend enter
ref_gh debug fence passed: rank=7 ref_gh SendU
ref_gh debug fence passed: rank=7 ref_gh ClearSend enter
ref_gh debug fence passed: rank=8 ref_gh SendU
ref_gh debug fence passed: rank=8 ref_gh ClearSend enter
ref_gh debug fence passed: rank=10 ref_gh SendU
ref_gh debug fence passed: rank=10 ref_gh ClearSend enter
ref_gh debug fence passed: rank=11 ref_gh SendU
ref_gh debug fence passed: rank=11 ref_gh ClearSend enter
ref_gh debug fence passed: rank=1 ref_gh SendU
ref_gh debug fence passed: rank=1 ref_gh ClearSend enter
ref_gh debug fence passed: rank=0 ref_gh ClearSend exit
ref_gh debug fence passed: rank=0 ref_gh ClearRecv enter
ref_gh debug fence passed: rank=0 ref_gh ClearRecv exit
ref_gh debug fence passed: rank=6 ref_gh ClearSend exit
ref_gh debug fence passed: rank=6 ref_gh ClearRecv enter
ref_gh debug fence passed: rank=2 ref_gh ClearSend exit
ref_gh debug fence passed: rank=2 ref_gh ClearRecv enter
ref_gh debug fence passed: rank=4 ref_gh ClearSend exit
ref_gh debug fence passed: rank=4 ref_gh ClearRecv enter
ref_gh debug fence passed: rank=0 ref_gh RecvU
ref_gh debug fence passed: rank=6 ref_gh ClearRecv exit
ref_gh debug fence passed: rank=2 ref_gh ClearRecv exit
ref_gh debug fence passed: rank=3 ref_gh ClearSend exit
ref_gh debug fence passed: rank=3 ref_gh ClearRecv enter
ref_gh debug fence passed: rank=9 ref_gh ClearSend exit
ref_gh debug fence passed: rank=9 ref_gh ClearRecv enter
ref_gh debug fence passed: rank=0 ref_gh Prolongate
ref_gh debug fence passed: rank=9 ref_gh ClearRecv exit
ref_gh debug fence passed: rank=11 ref_gh ClearSend exit
ref_gh debug fence passed: rank=11 ref_gh ClearRecv enter
ref_gh debug fence passed: rank=11 ref_gh ClearRecv exit
ref_gh debug fence passed: rank=3 ref_gh ClearRecv exit
ref_gh debug fence passed: rank=5 ref_gh ClearSend exit
ref_gh debug fence passed: rank=5 ref_gh ClearRecv enter
ref_gh debug fence passed: rank=5 ref_gh ClearRecv exit
ref_gh debug fence passed: rank=8 ref_gh ClearSend exit
ref_gh debug fence passed: rank=8 ref_gh ClearRecv enter
ref_gh debug fence passed: rank=8 ref_gh ClearRecv exit
ref_gh debug fence passed: rank=7 ref_gh ClearSend exit
ref_gh debug fence passed: rank=7 ref_gh ClearRecv enter
ref_gh debug fence passed: rank=7 ref_gh ClearRecv exit
ref_gh debug fence passed: rank=10 ref_gh ClearSend exit
ref_gh debug fence passed: rank=10 ref_gh ClearRecv enter
ref_gh debug fence passed: rank=10 ref_gh ClearRecv exit
ref_gh debug fence passed: rank=4 ref_gh ClearRecv exit
ref_gh debug fence passed: rank=1 ref_gh ClearSend exit
ref_gh debug fence passed: rank=1 ref_gh ClearRecv enter
ref_gh debug fence passed: rank=1 ref_gh ClearRecv exit
ref_gh debug fence passed: rank=6 ref_gh RecvU
ref_gh debug fence passed: rank=0 ref_gh ApplyPhysicalBCs
ref_gh debug fence passed: rank=0 ref_gh diagnostics reference
ref_gh debug fence passed: rank=2 ref_gh RecvU
ref_gh debug fence passed: rank=11 ref_gh RecvU
ref_gh debug fence passed: rank=9 ref_gh RecvU
ref_gh debug fence passed: rank=11 ref_gh Prolongate
ref_gh debug fence passed: rank=9 ref_gh Prolongate
ref_gh debug fence passed: rank=3 ref_gh RecvU
ref_gh debug fence passed: rank=8 ref_gh RecvU
ref_gh debug fence passed: rank=7 ref_gh RecvU
ref_gh debug fence passed: rank=5 ref_gh RecvU
ref_gh debug fence passed: rank=10 ref_gh RecvU
ref_gh debug fence passed: rank=4 ref_gh RecvU
ref_gh debug fence passed: rank=8 ref_gh Prolongate
ref_gh debug fence passed: rank=1 ref_gh RecvU
ref_gh debug fence passed: rank=7 ref_gh Prolongate
ref_gh debug fence passed: rank=10 ref_gh Prolongate
ref_gh debug fence passed: rank=1 ref_gh Prolongate
ref_gh debug fence passed: rank=6 ref_gh Prolongate
ref_gh debug fence passed: rank=9 ref_gh ApplyPhysicalBCs
ref_gh debug fence passed: rank=9 ref_gh diagnostics reference
ref_gh debug fence passed: rank=11 ref_gh ApplyPhysicalBCs
ref_gh debug fence passed: rank=11 ref_gh diagnostics reference
ref_gh debug fence passed: rank=8 ref_gh ApplyPhysicalBCs
ref_gh debug fence passed: rank=8 ref_gh diagnostics reference
ref_gh debug fence passed: rank=7 ref_gh ApplyPhysicalBCs
ref_gh debug fence passed: rank=7 ref_gh diagnostics reference
ref_gh debug fence passed: rank=2 ref_gh Prolongate
ref_gh debug fence passed: rank=10 ref_gh ApplyPhysicalBCs
ref_gh debug fence passed: rank=10 ref_gh diagnostics reference
ref_gh debug fence passed: rank=1 ref_gh ApplyPhysicalBCs
ref_gh debug fence passed: rank=1 ref_gh diagnostics reference
ref_gh debug fence passed: rank=3 ref_gh Prolongate
ref_gh debug fence passed: rank=5 ref_gh Prolongate
ref_gh debug fence passed: rank=6 ref_gh ApplyPhysicalBCs
ref_gh debug fence passed: rank=6 ref_gh diagnostics reference
ref_gh debug fence passed: rank=4 ref_gh Prolongate
ref_gh debug fence passed: rank=2 ref_gh ApplyPhysicalBCs
ref_gh debug fence passed: rank=2 ref_gh diagnostics reference
ref_gh debug fence passed: rank=3 ref_gh ApplyPhysicalBCs
ref_gh debug fence passed: rank=3 ref_gh diagnostics reference
ref_gh debug fence passed: rank=5 ref_gh ApplyPhysicalBCs
ref_gh debug fence passed: rank=5 ref_gh diagnostics reference
ref_gh debug fence passed: rank=4 ref_gh ApplyPhysicalBCs
ref_gh debug fence passed: rank=4 ref_gh diagnostics reference
ref_gh debug fence passed: rank=0 ref_gh diagnostics ADM reconstruction
ref_gh debug fence passed: rank=1 ref_gh diagnostics ADM reconstruction
ref_gh debug fence passed: rank=2 ref_gh diagnostics ADM reconstruction
ref_gh debug fence passed: rank=3 ref_gh diagnostics ADM reconstruction
ref_gh debug fence passed: rank=7 ref_gh diagnostics ADM reconstruction
ref_gh debug fence passed: rank=6 ref_gh diagnostics ADM reconstruction
ref_gh debug fence passed: rank=5 ref_gh diagnostics ADM reconstruction
ref_gh debug fence passed: rank=9 ref_gh diagnostics ADM reconstruction
ref_gh debug fence passed: rank=4 ref_gh diagnostics ADM reconstruction
ref_gh debug fence passed: rank=8 ref_gh diagnostics ADM reconstruction
ref_gh debug fence passed: rank=11 ref_gh diagnostics ADM reconstruction
ref_gh debug fence passed: rank=10 ref_gh diagnostics ADM reconstruction
ref_gh debug fence passed: rank=0 ref_gh diagnostics constraints
ref_gh debug fence passed: rank=0 ref_gh diagnostics metric condition
ref_gh debug fence passed: rank=1 ref_gh diagnostics constraints
ref_gh debug fence passed: rank=1 ref_gh diagnostics metric condition
ref_gh debug fence passed: rank=0 ref_gh NewTimeStep
ref_gh debug fence passed: rank=1 ref_gh NewTimeStep
ref_gh debug fence passed: rank=3 ref_gh diagnostics constraints
ref_gh debug fence passed: rank=3 ref_gh diagnostics metric condition
ref_gh debug fence passed: rank=3 ref_gh NewTimeStep
ref_gh debug fence passed: rank=2 ref_gh diagnostics constraints
ref_gh debug fence passed: rank=2 ref_gh diagnostics metric condition
ref_gh debug fence passed: rank=2 ref_gh NewTimeStep
ref_gh debug fence passed: rank=7 ref_gh diagnostics constraints
ref_gh debug fence passed: rank=7 ref_gh diagnostics metric condition
ref_gh debug fence passed: rank=7 ref_gh NewTimeStep
ref_gh debug fence passed: rank=9 ref_gh diagnostics constraints
ref_gh debug fence passed: rank=9 ref_gh diagnostics metric condition
ref_gh debug fence passed: rank=6 ref_gh diagnostics constraints
ref_gh debug fence passed: rank=6 ref_gh diagnostics metric condition
ref_gh debug fence passed: rank=9 ref_gh NewTimeStep
ref_gh debug fence passed: rank=6 ref_gh NewTimeStep
ref_gh debug fence passed: rank=8 ref_gh diagnostics constraints
ref_gh debug fence passed: rank=8 ref_gh diagnostics metric condition
ref_gh debug fence passed: rank=8 ref_gh NewTimeStep
ref_gh debug fence passed: rank=4 ref_gh diagnostics constraints
ref_gh debug fence passed: rank=4 ref_gh diagnostics metric condition
ref_gh debug fence passed: rank=5 ref_gh diagnostics constraints
ref_gh debug fence passed: rank=5 ref_gh diagnostics metric condition
ref_gh debug fence passed: rank=4 ref_gh NewTimeStep
ref_gh debug fence passed: rank=5 ref_gh NewTimeStep
ref_gh debug fence passed: rank=11 ref_gh diagnostics constraints
ref_gh debug fence passed: rank=11 ref_gh diagnostics metric condition
ref_gh debug fence passed: rank=11 ref_gh NewTimeStep
ref_gh debug fence passed: rank=10 ref_gh diagnostics constraints
ref_gh debug fence passed: rank=10 ref_gh diagnostics metric condition
ref_gh debug fence passed: rank=10 ref_gh NewTimeStep
ref_gh debug fence passed: rank=0 ref_gh MeasureController
ref_gh debug fence passed: rank=0 ref_gh diagnostics reference
ref_gh debug fence passed: rank=1 ref_gh MeasureController
ref_gh debug fence passed: rank=1 ref_gh diagnostics reference
ref_gh debug fence passed: rank=2 ref_gh MeasureController
ref_gh debug fence passed: rank=2 ref_gh diagnostics reference
ref_gh debug fence passed: rank=3 ref_gh MeasureController
ref_gh debug fence passed: rank=3 ref_gh diagnostics reference
ref_gh debug fence passed: rank=4 ref_gh MeasureController
ref_gh debug fence passed: rank=4 ref_gh diagnostics reference
ref_gh debug fence passed: rank=5 ref_gh MeasureController
ref_gh debug fence passed: rank=5 ref_gh diagnostics reference
ref_gh debug fence passed: rank=6 ref_gh MeasureController
ref_gh debug fence passed: rank=6 ref_gh diagnostics reference
ref_gh debug fence passed: rank=7 ref_gh MeasureController
ref_gh debug fence passed: rank=7 ref_gh diagnostics reference
ref_gh debug fence passed: rank=8 ref_gh MeasureController
ref_gh debug fence passed: rank=8 ref_gh diagnostics reference
ref_gh debug fence passed: rank=9 ref_gh MeasureController
ref_gh debug fence passed: rank=9 ref_gh diagnostics reference
ref_gh debug fence passed: rank=10 ref_gh MeasureController
ref_gh debug fence passed: rank=10 ref_gh diagnostics reference
ref_gh debug fence passed: rank=11 ref_gh MeasureController
ref_gh debug fence passed: rank=11 ref_gh diagnostics reference
ref_gh debug fence passed: rank=1 ref_gh diagnostics ADM reconstruction
ref_gh debug fence passed: rank=0 ref_gh diagnostics ADM reconstruction
ref_gh debug fence passed: rank=3 ref_gh diagnostics ADM reconstruction
ref_gh debug fence passed: rank=2 ref_gh diagnostics ADM reconstruction
ref_gh debug fence passed: rank=7 ref_gh diagnostics ADM reconstruction
ref_gh debug fence passed: rank=6 ref_gh diagnostics ADM reconstruction
ref_gh debug fence passed: rank=5 ref_gh diagnostics ADM reconstruction
ref_gh debug fence passed: rank=4 ref_gh diagnostics ADM reconstruction
ref_gh debug fence passed: rank=8 ref_gh diagnostics ADM reconstruction
ref_gh debug fence passed: rank=9 ref_gh diagnostics ADM reconstruction
ref_gh debug fence passed: rank=11 ref_gh diagnostics ADM reconstruction
ref_gh debug fence passed: rank=10 ref_gh diagnostics ADM reconstruction
ref_gh debug fence passed: rank=1 ref_gh diagnostics constraints
ref_gh debug fence passed: rank=1 ref_gh diagnostics metric condition
ref_gh debug fence passed: rank=3 ref_gh diagnostics constraints
ref_gh debug fence passed: rank=3 ref_gh diagnostics metric condition
ref_gh debug fence passed: rank=2 ref_gh diagnostics constraints
ref_gh debug fence passed: rank=0 ref_gh diagnostics constraints
ref_gh debug fence passed: rank=0 ref_gh diagnostics metric condition
ref_gh debug fence passed: rank=2 ref_gh diagnostics metric condition
ref_gh debug fence passed: rank=7 ref_gh diagnostics constraints
ref_gh debug fence passed: rank=7 ref_gh diagnostics metric condition
ref_gh debug fence passed: rank=9 ref_gh diagnostics constraints
ref_gh debug fence passed: rank=9 ref_gh diagnostics metric condition
ref_gh debug fence passed: rank=4 ref_gh diagnostics constraints
ref_gh debug fence passed: rank=4 ref_gh diagnostics metric condition
ref_gh debug fence passed: rank=5 ref_gh diagnostics constraints
ref_gh debug fence passed: rank=5 ref_gh diagnostics metric condition
ref_gh debug fence passed: rank=6 ref_gh diagnostics constraints
ref_gh debug fence passed: rank=6 ref_gh diagnostics metric condition
ref_gh debug fence passed: rank=8 ref_gh diagnostics constraints
ref_gh debug fence passed: rank=8 ref_gh diagnostics metric condition
ref_gh debug fence passed: rank=11 ref_gh diagnostics constraints
ref_gh debug fence passed: rank=11 ref_gh diagnostics metric condition
ref_gh debug fence passed: rank=10 ref_gh diagnostics constraints
ref_gh debug fence passed: rank=10 ref_gh diagnostics metric condition
ref_gh debug fence passed: rank=0 ref_gh MeasureController
ref_gh debug fence passed: rank=1 ref_gh MeasureController
ref_gh debug fence passed: rank=2 ref_gh MeasureController
ref_gh debug fence passed: rank=3 ref_gh MeasureController
ref_gh debug fence passed: rank=4 ref_gh MeasureController
ref_gh debug fence passed: rank=5 ref_gh MeasureController
ref_gh debug fence passed: rank=6 ref_gh MeasureController
ref_gh debug fence passed: rank=6 ref_gh paired power sample kernel
ref_gh debug fence passed: rank=7 ref_gh MeasureController
ref_gh debug fence passed: rank=7 ref_gh paired power sample kernel
ref_gh debug fence passed: rank=8 ref_gh MeasureController
ref_gh debug fence passed: rank=8 ref_gh paired power sample kernel
ref_gh debug fence passed: rank=9 ref_gh MeasureController
ref_gh debug fence passed: rank=9 ref_gh paired power sample kernel
ref_gh debug fence passed: rank=10 ref_gh MeasureController
ref_gh debug fence passed: rank=10 ref_gh paired power sample kernel
ref_gh debug fence passed: rank=11 ref_gh MeasureController
ref_gh debug fence passed: rank=11 ref_gh paired power sample kernel
ref_gh debug fence passed: rank=0 ref_gh paired power sample kernel
ref_gh debug fence passed: rank=1 ref_gh paired power sample kernel
ref_gh debug fence passed: rank=2 ref_gh paired power sample kernel
ref_gh debug fence passed: rank=4 ref_gh paired power sample kernel
ref_gh debug fence passed: rank=5 ref_gh paired power sample kernel
ref_gh debug fence passed: rank=3 ref_gh paired power sample kernel
ref_gh debug fence passed: rank=0 ref_gh paired power diagnostic reduction
ref_gh debug fence passed: rank=1 ref_gh paired power diagnostic reduction
ref_gh debug fence passed: rank=2 ref_gh paired power diagnostic reduction
ref_gh debug fence passed: rank=3 ref_gh paired power diagnostic reduction
ref_gh debug fence passed: rank=4 ref_gh paired power diagnostic reduction
ref_gh debug fence passed: rank=5 ref_gh paired power diagnostic reduction
ref_gh debug fence passed: rank=6 ref_gh paired power diagnostic reduction
ref_gh debug fence passed: rank=7 ref_gh paired power diagnostic reduction
ref_gh debug fence passed: rank=8 ref_gh paired power diagnostic reduction
ref_gh debug fence passed: rank=9 ref_gh paired power diagnostic reduction
ref_gh debug fence passed: rank=10 ref_gh paired power diagnostic reduction
ref_gh debug fence passed: rank=11 ref_gh paired power diagnostic reduction
ref_gh debug fence passed: rank=1 ref_gh diagnostics reference
ref_gh debug fence passed: rank=4 ref_gh diagnostics reference
ref_gh debug fence passed: rank=2 ref_gh diagnostics reference
ref_gh debug fence passed: rank=3 ref_gh diagnostics reference
ref_gh debug fence passed: rank=5 ref_gh diagnostics reference
ref_gh debug fence passed: rank=6 ref_gh diagnostics reference
ref_gh debug fence passed: rank=7 ref_gh diagnostics reference
ref_gh debug fence passed: rank=8 ref_gh diagnostics reference
ref_gh debug fence passed: rank=9 ref_gh diagnostics reference
ref_gh debug fence passed: rank=10 ref_gh diagnostics reference
ref_gh debug fence passed: rank=11 ref_gh diagnostics reference
ref_gh debug fence passed: rank=0 ref_gh diagnostics reference
ref_gh debug fence passed: rank=1 ref_gh diagnostics ADM reconstruction
ref_gh debug fence passed: rank=3 ref_gh diagnostics ADM reconstruction
ref_gh debug fence passed: rank=2 ref_gh diagnostics ADM reconstruction
ref_gh debug fence passed: rank=0 ref_gh diagnostics ADM reconstruction
ref_gh debug fence passed: rank=5 ref_gh diagnostics ADM reconstruction
ref_gh debug fence passed: rank=7 ref_gh diagnostics ADM reconstruction
ref_gh debug fence passed: rank=6 ref_gh diagnostics ADM reconstruction
ref_gh debug fence passed: rank=4 ref_gh diagnostics ADM reconstruction
ref_gh debug fence passed: rank=9 ref_gh diagnostics ADM reconstruction
ref_gh debug fence passed: rank=8 ref_gh diagnostics ADM reconstruction
ref_gh debug fence passed: rank=11 ref_gh diagnostics ADM reconstruction
ref_gh debug fence passed: rank=10 ref_gh diagnostics ADM reconstruction
ref_gh debug fence passed: rank=1 ref_gh diagnostics constraints
ref_gh debug fence passed: rank=3 ref_gh diagnostics constraints
ref_gh debug fence passed: rank=1 ref_gh diagnostics metric condition
ref_gh debug fence passed: rank=3 ref_gh diagnostics metric condition
ref_gh debug fence passed: rank=2 ref_gh diagnostics constraints
ref_gh debug fence passed: rank=2 ref_gh diagnostics metric condition
ref_gh debug fence passed: rank=0 ref_gh diagnostics constraints
ref_gh debug fence passed: rank=0 ref_gh diagnostics metric condition
ref_gh debug fence passed: rank=7 ref_gh diagnostics constraints
ref_gh debug fence passed: rank=7 ref_gh diagnostics metric condition
ref_gh debug fence passed: rank=9 ref_gh diagnostics constraints
ref_gh debug fence passed: rank=9 ref_gh diagnostics metric condition
ref_gh debug fence passed: rank=8 ref_gh diagnostics constraints
ref_gh debug fence passed: rank=8 ref_gh diagnostics metric condition
ref_gh debug fence passed: rank=6 ref_gh diagnostics constraints
ref_gh debug fence passed: rank=6 ref_gh diagnostics metric condition
ref_gh debug fence passed: rank=4 ref_gh diagnostics constraints
ref_gh debug fence passed: rank=4 ref_gh diagnostics metric condition
ref_gh debug fence passed: rank=5 ref_gh diagnostics constraints
ref_gh debug fence passed: rank=5 ref_gh diagnostics metric condition
ref_gh debug fence passed: rank=11 ref_gh diagnostics constraints
ref_gh debug fence passed: rank=11 ref_gh diagnostics metric condition
ref_gh debug fence passed: rank=10 ref_gh diagnostics constraints
ref_gh debug fence passed: rank=10 ref_gh diagnostics metric condition
ref_gh debug fence passed: rank=5 ref_gh history sums
ref_gh debug fence passed: rank=5 ref_gh history state maxima
ref_gh debug fence passed: rank=5 ref_gh history diagnostic maxima
ref_gh debug fence passed: rank=5 ref_gh relative gauge diagnostic maxima
ref_gh debug fence passed: rank=5 ref_gh history geometry maxima
ref_gh debug fence passed: rank=3 ref_gh history sums
ref_gh debug fence passed: rank=3 ref_gh history state maxima
ref_gh debug fence passed: rank=3 ref_gh history diagnostic maxima
ref_gh debug fence passed: rank=3 ref_gh relative gauge diagnostic maxima
ref_gh debug fence passed: rank=3 ref_gh history geometry maxima
ref_gh debug fence passed: rank=9 ref_gh history sums
ref_gh debug fence passed: rank=7 ref_gh history sums
ref_gh debug fence passed: rank=9 ref_gh history state maxima
ref_gh debug fence passed: rank=7 ref_gh history state maxima
ref_gh debug fence passed: rank=9 ref_gh history diagnostic maxima
ref_gh debug fence passed: rank=7 ref_gh history diagnostic maxima
ref_gh debug fence passed: rank=9 ref_gh relative gauge diagnostic maxima
ref_gh debug fence passed: rank=7 ref_gh relative gauge diagnostic maxima
ref_gh debug fence passed: rank=9 ref_gh history geometry maxima
ref_gh debug fence passed: rank=7 ref_gh history geometry maxima
ref_gh debug fence passed: rank=2 ref_gh history sums
ref_gh debug fence passed: rank=2 ref_gh history state maxima
ref_gh debug fence passed: rank=2 ref_gh history diagnostic maxima
ref_gh debug fence passed: rank=2 ref_gh relative gauge diagnostic maxima
ref_gh debug fence passed: rank=2 ref_gh history geometry maxima
ref_gh debug fence passed: rank=6 ref_gh history sums
ref_gh debug fence passed: rank=6 ref_gh history state maxima
ref_gh debug fence passed: rank=6 ref_gh history diagnostic maxima
ref_gh debug fence passed: rank=6 ref_gh relative gauge diagnostic maxima
ref_gh debug fence passed: rank=6 ref_gh history geometry maxima
ref_gh debug fence passed: rank=8 ref_gh history sums
ref_gh debug fence passed: rank=8 ref_gh history state maxima
ref_gh debug fence passed: rank=8 ref_gh history diagnostic maxima
ref_gh debug fence passed: rank=8 ref_gh relative gauge diagnostic maxima
ref_gh debug fence passed: rank=8 ref_gh history geometry maxima
ref_gh debug fence passed: rank=10 ref_gh history sums
ref_gh debug fence passed: rank=10 ref_gh history state maxima
ref_gh debug fence passed: rank=10 ref_gh history diagnostic maxima
ref_gh debug fence passed: rank=10 ref_gh relative gauge diagnostic maxima
ref_gh debug fence passed: rank=10 ref_gh history geometry maxima
ref_gh debug fence passed: rank=11 ref_gh history sums
ref_gh debug fence passed: rank=11 ref_gh history state maxima
ref_gh debug fence passed: rank=0 ref_gh history sums
ref_gh debug fence passed: rank=11 ref_gh history diagnostic maxima
ref_gh debug fence passed: rank=0 ref_gh history state maxima
ref_gh debug fence passed: rank=11 ref_gh relative gauge diagnostic maxima
ref_gh debug fence passed: rank=11 ref_gh history geometry maxima
ref_gh debug fence passed: rank=0 ref_gh history diagnostic maxima
ref_gh debug fence passed: rank=0 ref_gh relative gauge diagnostic maxima
ref_gh debug fence passed: rank=0 ref_gh history geometry maxima
ref_gh debug fence passed: rank=1 ref_gh history sums
ref_gh debug fence passed: rank=1 ref_gh history state maxima
ref_gh debug fence passed: rank=1 ref_gh history diagnostic maxima
ref_gh debug fence passed: rank=1 ref_gh relative gauge diagnostic maxima
ref_gh debug fence passed: rank=1 ref_gh history geometry maxima
ref_gh debug fence passed: rank=4 ref_gh history sums
ref_gh debug fence passed: rank=4 ref_gh history state maxima
ref_gh debug fence passed: rank=4 ref_gh history diagnostic maxima
ref_gh debug fence passed: rank=4 ref_gh relative gauge diagnostic maxima
ref_gh debug fence passed: rank=4 ref_gh history geometry maxima
ref_gh debug fence passed: rank=2 ref_gh InitRecv
ref_gh debug fence passed: rank=4 ref_gh InitRecv
ref_gh debug fence passed: rank=1 ref_gh InitRecv
ref_gh debug fence passed: rank=3 ref_gh InitRecv
ref_gh debug fence passed: rank=5 ref_gh InitRecv
ref_gh debug fence passed: rank=6 ref_gh InitRecv
ref_gh debug fence passed: rank=7 ref_gh InitRecv
ref_gh debug fence passed: rank=8 ref_gh InitRecv
ref_gh debug fence passed: rank=9 ref_gh InitRecv
ref_gh debug fence passed: rank=10 ref_gh InitRecv
ref_gh debug fence passed: rank=11 ref_gh InitRecv
ref_gh debug fence passed: rank=5 ref_gh CopyU
ref_gh debug fence passed: rank=1 ref_gh CopyU
ref_gh debug fence passed: rank=2 ref_gh CopyU
ref_gh debug fence passed: rank=3 ref_gh CopyU
ref_gh debug fence passed: rank=4 ref_gh CopyU
ref_gh debug fence passed: rank=7 ref_gh CopyU
ref_gh debug fence passed: rank=9 ref_gh CopyU
ref_gh debug fence passed: rank=6 ref_gh CopyU
ref_gh debug fence passed: rank=8 ref_gh CopyU
ref_gh debug fence passed: rank=10 ref_gh CopyU
ref_gh debug fence passed: rank=11 ref_gh CopyU

Setup complete, executing task list(s)...

elapsed=1.761568e+01 cycle=0 time=0.000000e+00 dt=4.138311e-03
ref_gh debug fence passed: rank=0 ref_gh InitRecv
ref_gh debug fence passed: rank=0 ref_gh CopyU
ref_gh debug fence passed: rank=0 ref_gh MeasureController
ref_gh debug fence passed: rank=0 ref_gh UpdateReference
ref_gh debug fence passed: rank=1 ref_gh MeasureController
ref_gh debug fence passed: rank=1 ref_gh UpdateReference
ref_gh debug fence passed: rank=2 ref_gh MeasureController
ref_gh debug fence passed: rank=2 ref_gh UpdateReference
ref_gh debug fence passed: rank=3 ref_gh MeasureController
ref_gh debug fence passed: rank=3 ref_gh UpdateReference
ref_gh debug fence passed: rank=4 ref_gh MeasureController
ref_gh debug fence passed: rank=4 ref_gh UpdateReference
ref_gh debug fence passed: rank=5 ref_gh MeasureController
ref_gh debug fence passed: rank=5 ref_gh UpdateReference
ref_gh debug fence passed: rank=6 ref_gh MeasureController
ref_gh debug fence passed: rank=6 ref_gh UpdateReference
ref_gh debug fence passed: rank=7 ref_gh MeasureController
ref_gh debug fence passed: rank=7 ref_gh UpdateReference
ref_gh debug fence passed: rank=8 ref_gh MeasureController
ref_gh debug fence passed: rank=8 ref_gh UpdateReference
ref_gh debug fence passed: rank=9 ref_gh MeasureController
ref_gh debug fence passed: rank=9 ref_gh UpdateReference
ref_gh debug fence passed: rank=10 ref_gh MeasureController
ref_gh debug fence passed: rank=10 ref_gh UpdateReference
ref_gh debug fence passed: rank=11 ref_gh MeasureController
ref_gh debug fence passed: rank=11 ref_gh UpdateReference
ref_gh debug fence passed: rank=3 ref_gh CalcRHS zero
ref_gh debug fence passed: rank=0 ref_gh CalcRHS zero
ref_gh debug fence passed: rank=1 ref_gh CalcRHS zero
ref_gh debug fence passed: rank=2 ref_gh CalcRHS zero
ref_gh debug fence passed: rank=4 ref_gh CalcRHS zero
ref_gh debug fence passed: rank=5 ref_gh CalcRHS zero
ref_gh debug fence passed: rank=6 ref_gh CalcRHS zero
ref_gh debug fence passed: rank=7 ref_gh CalcRHS zero
ref_gh debug fence passed: rank=8 ref_gh CalcRHS zero
ref_gh debug fence passed: rank=9 ref_gh CalcRHS zero
ref_gh debug fence passed: rank=10 ref_gh CalcRHS zero
ref_gh debug fence passed: rank=11 ref_gh CalcRHS zero
ref_gh debug fence passed: rank=2 ref_gh CalcRHS psi
ref_gh debug fence passed: rank=4 ref_gh CalcRHS psi
ref_gh debug fence passed: rank=6 ref_gh CalcRHS psi
ref_gh debug fence passed: rank=0 ref_gh CalcRHS psi
ref_gh debug fence passed: rank=10 ref_gh CalcRHS psi
ref_gh debug fence passed: rank=3 ref_gh CalcRHS psi
ref_gh debug fence passed: rank=11 ref_gh CalcRHS psi
ref_gh debug fence passed: rank=7 ref_gh CalcRHS psi
ref_gh debug fence passed: rank=8 ref_gh CalcRHS psi
ref_gh debug fence passed: rank=1 ref_gh CalcRHS psi
ref_gh debug fence passed: rank=5 ref_gh CalcRHS psi
ref_gh debug fence passed: rank=9 ref_gh CalcRHS psi
ref_gh debug fence passed: rank=3 ref_gh CalcRHS primary
ref_gh debug fence passed: rank=1 ref_gh CalcRHS primary
ref_gh debug fence passed: rank=3 ref_gh CalcRHS compatible_phi
ref_gh debug fence passed: rank=7 ref_gh CalcRHS primary
ref_gh debug fence passed: rank=2 ref_gh CalcRHS primary
ref_gh debug fence passed: rank=6 ref_gh CalcRHS primary
ref_gh debug fence passed: rank=1 ref_gh CalcRHS compatible_phi
ref_gh debug fence passed: rank=7 ref_gh CalcRHS compatible_phi
ref_gh debug fence passed: rank=3 ref_gh CalcRHS gamma2
ref_gh debug fence passed: rank=2 ref_gh CalcRHS compatible_phi
ref_gh debug fence passed: rank=0 ref_gh CalcRHS primary
ref_gh debug fence passed: rank=6 ref_gh CalcRHS compatible_phi
ref_gh debug fence passed: rank=1 ref_gh CalcRHS gamma2
ref_gh debug fence passed: rank=5 ref_gh CalcRHS primary
ref_gh debug fence passed: rank=7 ref_gh CalcRHS gamma2
ref_gh debug fence passed: rank=9 ref_gh CalcRHS primary
ref_gh debug fence passed: rank=4 ref_gh CalcRHS primary
ref_gh debug fence passed: rank=2 ref_gh CalcRHS gamma2
ref_gh debug fence passed: rank=8 ref_gh CalcRHS primary
ref_gh debug fence passed: rank=0 ref_gh CalcRHS compatible_phi
ref_gh debug fence passed: rank=6 ref_gh CalcRHS gamma2
ref_gh debug fence passed: rank=5 ref_gh CalcRHS compatible_phi
ref_gh debug fence passed: rank=9 ref_gh CalcRHS compatible_phi
ref_gh debug fence passed: rank=4 ref_gh CalcRHS compatible_phi
ref_gh debug fence passed: rank=8 ref_gh CalcRHS compatible_phi
ref_gh debug fence passed: rank=3 ref_gh CalcRHS dissipation
ref_gh debug fence passed: rank=3 ref_gh CalcRHS
ref_gh debug fence passed: rank=0 ref_gh CalcRHS gamma2
ref_gh debug fence passed: rank=11 ref_gh CalcRHS primary
ref_gh debug fence passed: rank=5 ref_gh CalcRHS gamma2
ref_gh debug fence passed: rank=1 ref_gh CalcRHS dissipation
ref_gh debug fence passed: rank=1 ref_gh CalcRHS
ref_gh debug fence passed: rank=10 ref_gh CalcRHS primary
ref_gh debug fence passed: rank=9 ref_gh CalcRHS gamma2
ref_gh debug fence passed: rank=4 ref_gh CalcRHS gamma2
ref_gh debug fence passed: rank=8 ref_gh CalcRHS gamma2
ref_gh debug fence passed: rank=7 ref_gh CalcRHS dissipation
ref_gh debug fence passed: rank=7 ref_gh CalcRHS
ref_gh debug fence passed: rank=11 ref_gh CalcRHS compatible_phi
ref_gh debug fence passed: rank=2 ref_gh CalcRHS dissipation
ref_gh debug fence passed: rank=2 ref_gh CalcRHS
ref_gh debug fence passed: rank=3 ref_gh ExpRKUpdate
ref_gh debug fence passed: rank=6 ref_gh CalcRHS dissipation
ref_gh debug fence passed: rank=6 ref_gh CalcRHS
ref_gh debug fence passed: rank=10 ref_gh CalcRHS compatible_phi
ref_gh debug fence passed: rank=1 ref_gh ExpRKUpdate
ref_gh debug fence passed: rank=3 ref_gh RestrictU
ref_gh debug fence passed: rank=11 ref_gh CalcRHS gamma2
ref_gh debug fence passed: rank=7 ref_gh ExpRKUpdate
ref_gh debug fence passed: rank=0 ref_gh CalcRHS dissipation
ref_gh debug fence passed: rank=0 ref_gh CalcRHS
ref_gh debug fence passed: rank=2 ref_gh ExpRKUpdate
ref_gh debug fence passed: rank=5 ref_gh CalcRHS dissipation
ref_gh debug fence passed: rank=5 ref_gh CalcRHS
ref_gh debug fence passed: rank=10 ref_gh CalcRHS gamma2
ref_gh debug fence passed: rank=1 ref_gh RestrictU
ref_gh debug fence passed: rank=6 ref_gh ExpRKUpdate
ref_gh debug fence passed: rank=7 ref_gh RestrictU
ref_gh debug fence passed: rank=4 ref_gh CalcRHS dissipation
ref_gh debug fence passed: rank=4 ref_gh CalcRHS
ref_gh debug fence passed: rank=9 ref_gh CalcRHS dissipation
ref_gh debug fence passed: rank=9 ref_gh CalcRHS
ref_gh debug fence passed: rank=2 ref_gh RestrictU
ref_gh debug fence passed: rank=8 ref_gh CalcRHS dissipation
ref_gh debug fence passed: rank=8 ref_gh CalcRHS
ref_gh debug fence passed: rank=6 ref_gh RestrictU
ref_gh debug fence passed: rank=0 ref_gh ExpRKUpdate
ref_gh debug fence passed: rank=5 ref_gh ExpRKUpdate
ref_gh debug fence passed: rank=4 ref_gh ExpRKUpdate
ref_gh debug fence passed: rank=9 ref_gh ExpRKUpdate
ref_gh debug fence passed: rank=0 ref_gh RestrictU
ref_gh debug fence passed: rank=11 ref_gh CalcRHS dissipation
ref_gh debug fence passed: rank=11 ref_gh CalcRHS
ref_gh debug fence passed: rank=5 ref_gh RestrictU
ref_gh debug fence passed: rank=8 ref_gh ExpRKUpdate
ref_gh debug fence passed: rank=10 ref_gh CalcRHS dissipation
ref_gh debug fence passed: rank=10 ref_gh CalcRHS
ref_gh debug fence passed: rank=4 ref_gh RestrictU
ref_gh debug fence passed: rank=9 ref_gh RestrictU
ref_gh debug fence passed: rank=3 ref_gh SendU
ref_gh debug fence passed: rank=8 ref_gh RestrictU
ref_gh debug fence passed: rank=11 ref_gh ExpRKUpdate
ref_gh debug fence passed: rank=1 ref_gh SendU
ref_gh debug fence passed: rank=7 ref_gh SendU
ref_gh debug fence passed: rank=10 ref_gh ExpRKUpdate
ref_gh debug fence passed: rank=2 ref_gh SendU
ref_gh debug fence passed: rank=6 ref_gh SendU
ref_gh debug fence passed: rank=11 ref_gh RestrictU
ref_gh debug fence passed: rank=10 ref_gh RestrictU
ref_gh debug fence passed: rank=0 ref_gh SendU
ref_gh debug fence passed: rank=5 ref_gh SendU
ref_gh debug fence passed: rank=4 ref_gh SendU
ref_gh debug fence passed: rank=9 ref_gh SendU
ref_gh debug fence passed: rank=8 ref_gh SendU
ref_gh debug fence passed: rank=11 ref_gh SendU
ref_gh debug fence passed: rank=10 ref_gh SendU
ref_gh debug fence passed: rank=0 ref_gh RecvU
ref_gh debug fence passed: rank=0 ref_gh Prolongate
ref_gh debug fence passed: rank=2 ref_gh RecvU
ref_gh debug fence passed: rank=6 ref_gh RecvU
ref_gh debug fence passed: rank=1 ref_gh RecvU
ref_gh debug fence passed: rank=7 ref_gh RecvU
ref_gh debug fence passed: rank=3 ref_gh RecvU
ref_gh debug fence passed: rank=1 ref_gh Prolongate
ref_gh debug fence passed: rank=7 ref_gh Prolongate
ref_gh debug fence passed: rank=11 ref_gh RecvU
ref_gh debug fence passed: rank=9 ref_gh RecvU
ref_gh debug fence passed: rank=11 ref_gh Prolongate
ref_gh debug fence passed: rank=8 ref_gh RecvU
ref_gh debug fence passed: rank=9 ref_gh Prolongate
ref_gh debug fence passed: rank=5 ref_gh RecvU
ref_gh debug fence passed: rank=8 ref_gh Prolongate
ref_gh debug fence passed: rank=4 ref_gh RecvU
ref_gh debug fence passed: rank=6 ref_gh Prolongate
ref_gh debug fence passed: rank=10 ref_gh RecvU
ref_gh debug fence passed: rank=10 ref_gh Prolongate
ref_gh debug fence passed: rank=2 ref_gh Prolongate
ref_gh debug fence passed: rank=3 ref_gh Prolongate
ref_gh debug fence passed: rank=5 ref_gh Prolongate
ref_gh debug fence passed: rank=4 ref_gh Prolongate
ref_gh debug fence passed: rank=8 ref_gh ApplyPhysicalBCs
ref_gh debug fence passed: rank=8 ref_gh ClearSend enter
ref_gh debug fence passed: rank=8 ref_gh ClearSend exit
ref_gh debug fence passed: rank=8 ref_gh ClearRecv enter
ref_gh debug fence passed: rank=8 ref_gh ClearRecv exit
ref_gh debug fence passed: rank=8 ref_gh InitRecv
ref_gh debug fence passed: rank=10 ref_gh ApplyPhysicalBCs
ref_gh debug fence passed: rank=10 ref_gh ClearSend enter
ref_gh debug fence passed: rank=10 ref_gh ClearSend exit
ref_gh debug fence passed: rank=10 ref_gh ClearRecv enter
ref_gh debug fence passed: rank=10 ref_gh ClearRecv exit
ref_gh debug fence passed: rank=10 ref_gh InitRecv
ref_gh debug fence passed: rank=6 ref_gh ApplyPhysicalBCs
ref_gh debug fence passed: rank=4 ref_gh ApplyPhysicalBCs
ref_gh debug fence passed: rank=4 ref_gh ClearSend enter
ref_gh debug fence passed: rank=4 ref_gh ClearSend exit
ref_gh debug fence passed: rank=4 ref_gh ClearRecv enter
ref_gh debug fence passed: rank=6 ref_gh ClearSend enter
ref_gh debug fence passed: rank=6 ref_gh ClearSend exit
ref_gh debug fence passed: rank=6 ref_gh ClearRecv enter
ref_gh debug fence passed: rank=6 ref_gh ClearRecv exit
ref_gh debug fence passed: rank=6 ref_gh InitRecv
ref_gh debug fence passed: rank=4 ref_gh ClearRecv exit
ref_gh debug fence passed: rank=4 ref_gh InitRecv
ref_gh debug fence passed: rank=2 ref_gh ApplyPhysicalBCs
ref_gh debug fence passed: rank=2 ref_gh ClearSend enter
ref_gh debug fence passed: rank=2 ref_gh ClearSend exit
ref_gh debug fence passed: rank=2 ref_gh ClearRecv enter
ref_gh debug fence passed: rank=2 ref_gh ClearRecv exit
ref_gh debug fence passed: rank=0 ref_gh ApplyPhysicalBCs
ref_gh debug fence passed: rank=0 ref_gh ClearSend enter
ref_gh debug fence passed: rank=0 ref_gh ClearSend exit
ref_gh debug fence passed: rank=0 ref_gh ClearRecv enter
ref_gh debug fence passed: rank=0 ref_gh ClearRecv exit
ref_gh debug fence passed: rank=0 ref_gh InitRecv
ref_gh debug fence passed: rank=2 ref_gh InitRecv
ref_gh debug fence passed: rank=5 ref_gh ApplyPhysicalBCs
ref_gh debug fence passed: rank=5 ref_gh ClearSend enter
ref_gh debug fence passed: rank=5 ref_gh ClearSend exit
ref_gh debug fence passed: rank=5 ref_gh ClearRecv enter
ref_gh debug fence passed: rank=5 ref_gh ClearRecv exit
ref_gh debug fence passed: rank=5 ref_gh InitRecv
ref_gh debug fence passed: rank=9 ref_gh ApplyPhysicalBCs
ref_gh debug fence passed: rank=9 ref_gh ClearSend enter
ref_gh debug fence passed: rank=9 ref_gh ClearSend exit
ref_gh debug fence passed: rank=9 ref_gh ClearRecv enter
ref_gh debug fence passed: rank=9 ref_gh ClearRecv exit
ref_gh debug fence passed: rank=9 ref_gh InitRecv
ref_gh debug fence passed: rank=11 ref_gh ApplyPhysicalBCs
ref_gh debug fence passed: rank=11 ref_gh ClearSend enter
ref_gh debug fence passed: rank=11 ref_gh ClearSend exit
ref_gh debug fence passed: rank=11 ref_gh ClearRecv enter
ref_gh debug fence passed: rank=11 ref_gh ClearRecv exit
ref_gh debug fence passed: rank=11 ref_gh InitRecv
ref_gh debug fence passed: rank=1 ref_gh ApplyPhysicalBCs
ref_gh debug fence passed: rank=1 ref_gh ClearSend enter
ref_gh debug fence passed: rank=1 ref_gh ClearSend exit
ref_gh debug fence passed: rank=1 ref_gh ClearRecv enter
ref_gh debug fence passed: rank=1 ref_gh ClearRecv exit
ref_gh debug fence passed: rank=1 ref_gh InitRecv
ref_gh debug fence passed: rank=3 ref_gh ApplyPhysicalBCs
ref_gh debug fence passed: rank=3 ref_gh ClearSend enter
ref_gh debug fence passed: rank=3 ref_gh ClearSend exit
ref_gh debug fence passed: rank=3 ref_gh ClearRecv enter
ref_gh debug fence passed: rank=3 ref_gh ClearRecv exit
ref_gh debug fence passed: rank=3 ref_gh InitRecv
ref_gh debug fence passed: rank=7 ref_gh ApplyPhysicalBCs
ref_gh debug fence passed: rank=7 ref_gh ClearSend enter
ref_gh debug fence passed: rank=7 ref_gh ClearSend exit
ref_gh debug fence passed: rank=7 ref_gh ClearRecv enter
ref_gh debug fence passed: rank=7 ref_gh ClearRecv exit
ref_gh debug fence passed: rank=7 ref_gh InitRecv
ref_gh debug fence passed: rank=6 ref_gh CopyU
ref_gh debug fence passed: rank=8 ref_gh CopyU
ref_gh debug fence passed: rank=10 ref_gh CopyU
ref_gh debug fence passed: rank=4 ref_gh CopyU
ref_gh debug fence passed: rank=2 ref_gh CopyU
ref_gh debug fence passed: rank=0 ref_gh CopyU
ref_gh debug fence passed: rank=9 ref_gh CopyU
ref_gh debug fence passed: rank=11 ref_gh CopyU
ref_gh debug fence passed: rank=5 ref_gh CopyU
ref_gh debug fence passed: rank=7 ref_gh CopyU
ref_gh debug fence passed: rank=1 ref_gh CopyU
ref_gh debug fence passed: rank=3 ref_gh CopyU
ref_gh debug fence passed: rank=1 ref_gh MeasureController
ref_gh debug fence passed: rank=2 ref_gh MeasureController
ref_gh debug fence passed: rank=3 ref_gh MeasureController
ref_gh debug fence passed: rank=5 ref_gh MeasureController
ref_gh debug fence passed: rank=6 ref_gh MeasureController
ref_gh debug fence passed: rank=7 ref_gh MeasureController
ref_gh debug fence passed: rank=8 ref_gh MeasureController
ref_gh debug fence passed: rank=9 ref_gh MeasureController
ref_gh debug fence passed: rank=11 ref_gh MeasureController
ref_gh debug fence passed: rank=0 ref_gh MeasureController
ref_gh debug fence passed: rank=4 ref_gh MeasureController
ref_gh debug fence passed: rank=10 ref_gh MeasureController
ref_gh debug fence passed: rank=6 ref_gh reference provider profiles
ref_gh debug fence passed: rank=10 ref_gh reference provider profiles
ref_gh debug fence passed: rank=2 ref_gh reference provider profiles
ref_gh debug fence passed: rank=8 ref_gh reference provider profiles
ref_gh debug fence passed: rank=4 ref_gh reference provider profiles
ref_gh debug fence passed: rank=0 ref_gh reference provider profiles
ref_gh debug fence passed: rank=3 ref_gh reference provider profiles
ref_gh debug fence passed: rank=7 ref_gh reference provider profiles
ref_gh debug fence passed: rank=6 ref_gh reference frame jets
ref_gh debug fence passed: rank=6 ref_gh reference spatial frame
ref_gh debug fence passed: rank=10 ref_gh reference frame jets
ref_gh debug fence passed: rank=10 ref_gh reference spatial frame
ref_gh debug fence passed: rank=1 ref_gh reference provider profiles
ref_gh debug fence passed: rank=2 ref_gh reference frame jets
ref_gh debug fence passed: rank=11 ref_gh reference provider profiles
ref_gh debug fence passed: rank=9 ref_gh reference provider profiles
ref_gh debug fence passed: rank=2 ref_gh reference spatial frame
ref_gh debug fence passed: rank=8 ref_gh reference frame jets
ref_gh debug fence passed: rank=4 ref_gh reference frame jets
ref_gh debug fence passed: rank=5 ref_gh reference provider profiles
ref_gh debug fence passed: rank=8 ref_gh reference spatial frame
ref_gh debug fence passed: rank=4 ref_gh reference spatial frame
ref_gh debug fence passed: rank=0 ref_gh reference frame jets
ref_gh debug fence passed: rank=0 ref_gh reference spatial frame
ref_gh debug fence passed: rank=6 ref_gh reference structure coefficients
ref_gh debug fence passed: rank=3 ref_gh reference frame jets
ref_gh debug fence passed: rank=3 ref_gh reference spatial frame
ref_gh debug fence passed: rank=7 ref_gh reference frame jets
ref_gh debug fence passed: rank=10 ref_gh reference structure coefficients
ref_gh debug fence passed: rank=2 ref_gh reference structure coefficients
ref_gh debug fence passed: rank=7 ref_gh reference spatial frame
ref_gh debug fence passed: rank=4 ref_gh reference structure coefficients
ref_gh debug fence passed: rank=8 ref_gh reference structure coefficients
ref_gh debug fence passed: rank=0 ref_gh reference structure coefficients
ref_gh debug fence passed: rank=1 ref_gh reference frame jets
ref_gh debug fence passed: rank=1 ref_gh reference spatial frame
ref_gh debug fence passed: rank=11 ref_gh reference frame jets
ref_gh debug fence passed: rank=9 ref_gh reference frame jets
ref_gh debug fence passed: rank=11 ref_gh reference spatial frame
ref_gh debug fence passed: rank=9 ref_gh reference spatial frame
ref_gh debug fence passed: rank=3 ref_gh reference structure coefficients
ref_gh debug fence passed: rank=5 ref_gh reference frame jets
ref_gh debug fence passed: rank=5 ref_gh reference spatial frame
ref_gh debug fence passed: rank=7 ref_gh reference structure coefficients
ref_gh debug fence passed: rank=1 ref_gh reference structure coefficients
ref_gh debug fence passed: rank=11 ref_gh reference structure coefficients
ref_gh debug fence passed: rank=9 ref_gh reference structure coefficients
ref_gh debug fence passed: rank=5 ref_gh reference structure coefficients
ref_gh debug fence passed: rank=3 ref_gh reference metric jets
ref_gh debug fence passed: rank=1 ref_gh reference metric jets
ref_gh debug fence passed: rank=7 ref_gh reference metric jets
ref_gh debug fence passed: rank=3 ref_gh reference connection
ref_gh debug fence passed: rank=1 ref_gh reference connection
ref_gh debug fence passed: rank=2 ref_gh reference metric jets
ref_gh debug fence passed: rank=7 ref_gh reference connection
ref_gh debug fence passed: rank=10 ref_gh reference metric jets
ref_gh debug fence passed: rank=4 ref_gh reference metric jets
ref_gh debug fence passed: rank=9 ref_gh reference metric jets
ref_gh debug fence passed: rank=11 ref_gh reference metric jets
ref_gh debug fence passed: rank=3 ref_gh reference mixed gauge derivative
ref_gh debug fence passed: rank=0 ref_gh reference metric jets
ref_gh debug fence passed: rank=1 ref_gh reference mixed gauge derivative
ref_gh debug fence passed: rank=2 ref_gh reference connection
ref_gh debug fence passed: rank=4 ref_gh reference connection
ref_gh debug fence passed: rank=10 ref_gh reference connection
ref_gh debug fence passed: rank=7 ref_gh reference mixed gauge derivative
ref_gh debug fence passed: rank=9 ref_gh reference connection
ref_gh debug fence passed: rank=11 ref_gh reference connection
ref_gh debug fence passed: rank=8 ref_gh reference metric jets
ref_gh debug fence passed: rank=6 ref_gh reference metric jets
ref_gh debug fence passed: rank=0 ref_gh reference connection
ref_gh debug fence passed: rank=5 ref_gh reference metric jets
ref_gh debug fence passed: rank=2 ref_gh reference mixed gauge derivative
ref_gh debug fence passed: rank=8 ref_gh reference connection
ref_gh debug fence passed: rank=6 ref_gh reference connection
ref_gh debug fence passed: rank=1 ref_gh reference theta time derivative
ref_gh debug fence passed: rank=3 ref_gh reference theta time derivative
ref_gh debug fence passed: rank=4 ref_gh reference mixed gauge derivative
ref_gh debug fence passed: rank=5 ref_gh reference connection
ref_gh debug fence passed: rank=10 ref_gh reference mixed gauge derivative
ref_gh debug fence passed: rank=9 ref_gh reference mixed gauge derivative
ref_gh debug fence passed: rank=11 ref_gh reference mixed gauge derivative
ref_gh debug fence passed: rank=0 ref_gh reference mixed gauge derivative
ref_gh debug fence passed: rank=7 ref_gh reference theta time derivative
ref_gh debug fence passed: rank=3 ref_gh reference spin connection
ref_gh debug fence passed: rank=1 ref_gh reference spin connection
ref_gh debug fence passed: rank=3 ref_gh reference coframe derivative
ref_gh debug fence passed: rank=1 ref_gh reference coframe derivative
ref_gh debug fence passed: rank=7 ref_gh reference spin connection
ref_gh debug fence passed: rank=8 ref_gh reference mixed gauge derivative
ref_gh debug fence passed: rank=6 ref_gh reference mixed gauge derivative
ref_gh debug fence passed: rank=2 ref_gh reference theta time derivative
ref_gh debug fence passed: rank=5 ref_gh reference mixed gauge derivative
ref_gh debug fence passed: rank=7 ref_gh reference coframe derivative
ref_gh debug fence passed: rank=4 ref_gh reference theta time derivative
ref_gh debug fence passed: rank=10 ref_gh reference theta time derivative
ref_gh debug fence passed: rank=9 ref_gh reference theta time derivative
ref_gh debug fence passed: rank=2 ref_gh reference spin connection
ref_gh debug fence passed: rank=11 ref_gh reference theta time derivative
ref_gh debug fence passed: rank=0 ref_gh reference theta time derivative
ref_gh debug fence passed: rank=4 ref_gh reference spin connection
ref_gh debug fence passed: rank=2 ref_gh reference coframe derivative
ref_gh debug fence passed: rank=9 ref_gh reference spin connection
ref_gh debug fence passed: rank=10 ref_gh reference spin connection
ref_gh debug fence passed: rank=11 ref_gh reference spin connection
ref_gh debug fence passed: rank=4 ref_gh reference coframe derivative
ref_gh debug fence passed: rank=8 ref_gh reference theta time derivative
ref_gh debug fence passed: rank=0 ref_gh reference spin connection
ref_gh debug fence passed: rank=6 ref_gh reference theta time derivative
ref_gh debug fence passed: rank=9 ref_gh reference coframe derivative
ref_gh debug fence passed: rank=10 ref_gh reference coframe derivative
ref_gh debug fence passed: rank=5 ref_gh reference theta time derivative
ref_gh debug fence passed: rank=11 ref_gh reference coframe derivative
ref_gh debug fence passed: rank=0 ref_gh reference coframe derivative
ref_gh debug fence passed: rank=8 ref_gh reference spin connection
ref_gh debug fence passed: rank=6 ref_gh reference spin connection
ref_gh debug fence passed: rank=5 ref_gh reference spin connection
ref_gh debug fence passed: rank=8 ref_gh reference coframe derivative
ref_gh debug fence passed: rank=6 ref_gh reference coframe derivative
ref_gh debug fence passed: rank=5 ref_gh reference coframe derivative
ref_gh debug fence passed: rank=1 ref_gh reference coordinate spin derivative
ref_gh debug fence passed: rank=3 ref_gh reference coordinate spin derivative
ref_gh debug fence passed: rank=1 ref_gh reference spin derivative
ref_gh debug fence passed: rank=3 ref_gh reference spin derivative
ref_gh debug fence passed: rank=7 ref_gh reference coordinate spin derivative
ref_gh debug fence passed: rank=7 ref_gh reference spin derivative
ref_gh debug fence passed: rank=1 ref_gh reference curvature
ref_gh debug fence passed: rank=1 ref_gh UpdateReference
ref_gh debug fence passed: rank=1 ref_gh CalcRHS zero
ref_gh debug fence passed: rank=3 ref_gh reference curvature
ref_gh debug fence passed: rank=3 ref_gh UpdateReference
ref_gh debug fence passed: rank=3 ref_gh CalcRHS zero
ref_gh debug fence passed: rank=1 ref_gh CalcRHS psi
ref_gh debug fence passed: rank=3 ref_gh CalcRHS psi
ref_gh debug fence passed: rank=2 ref_gh reference coordinate spin derivative
ref_gh debug fence passed: rank=2 ref_gh reference spin derivative
ref_gh debug fence passed: rank=7 ref_gh reference curvature
ref_gh debug fence passed: rank=7 ref_gh UpdateReference
ref_gh debug fence passed: rank=7 ref_gh CalcRHS zero
ref_gh debug fence passed: rank=7 ref_gh CalcRHS psi
ref_gh debug fence passed: rank=4 ref_gh reference coordinate spin derivative
ref_gh debug fence passed: rank=2 ref_gh reference curvature
ref_gh debug fence passed: rank=2 ref_gh UpdateReference
ref_gh debug fence passed: rank=2 ref_gh CalcRHS zero
ref_gh debug fence passed: rank=0 ref_gh reference coordinate spin derivative
ref_gh debug fence passed: rank=4 ref_gh reference spin derivative
ref_gh debug fence passed: rank=2 ref_gh CalcRHS psi
ref_gh debug fence passed: rank=9 ref_gh reference coordinate spin derivative
ref_gh debug fence passed: rank=0 ref_gh reference spin derivative
ref_gh debug fence passed: rank=10 ref_gh reference coordinate spin derivative
ref_gh debug fence passed: rank=9 ref_gh reference spin derivative
ref_gh debug fence passed: rank=11 ref_gh reference coordinate spin derivative
ref_gh debug fence passed: rank=10 ref_gh reference spin derivative
ref_gh debug fence passed: rank=0 ref_gh reference curvature
ref_gh debug fence passed: rank=0 ref_gh UpdateReference
ref_gh debug fence passed: rank=11 ref_gh reference spin derivative
ref_gh debug fence passed: rank=0 ref_gh CalcRHS zero
ref_gh debug fence passed: rank=0 ref_gh CalcRHS psi
ref_gh debug fence passed: rank=6 ref_gh reference coordinate spin derivative
ref_gh debug fence passed: rank=4 ref_gh reference curvature
ref_gh debug fence passed: rank=4 ref_gh UpdateReference
ref_gh debug fence passed: rank=4 ref_gh CalcRHS zero
ref_gh debug fence passed: rank=6 ref_gh reference spin derivative
ref_gh debug fence passed: rank=4 ref_gh CalcRHS psi
ref_gh debug fence passed: rank=9 ref_gh reference curvature
ref_gh debug fence passed: rank=9 ref_gh UpdateReference
ref_gh debug fence passed: rank=5 ref_gh reference coordinate spin derivative
ref_gh debug fence passed: rank=8 ref_gh reference coordinate spin derivative
ref_gh debug fence passed: rank=9 ref_gh CalcRHS zero
ref_gh debug fence passed: rank=9 ref_gh CalcRHS psi
ref_gh debug fence passed: rank=5 ref_gh reference spin derivative
ref_gh debug fence passed: rank=10 ref_gh reference curvature
ref_gh debug fence passed: rank=10 ref_gh UpdateReference
ref_gh debug fence passed: rank=8 ref_gh reference spin derivative
ref_gh debug fence passed: rank=10 ref_gh CalcRHS zero
ref_gh debug fence passed: rank=6 ref_gh reference curvature
ref_gh debug fence passed: rank=6 ref_gh UpdateReference
ref_gh debug fence passed: rank=11 ref_gh reference curvature
ref_gh debug fence passed: rank=11 ref_gh UpdateReference
ref_gh debug fence passed: rank=6 ref_gh CalcRHS zero
ref_gh debug fence passed: rank=11 ref_gh CalcRHS zero
ref_gh debug fence passed: rank=10 ref_gh CalcRHS psi
ref_gh debug fence passed: rank=6 ref_gh CalcRHS psi
ref_gh debug fence passed: rank=11 ref_gh CalcRHS psi
ref_gh debug fence passed: rank=5 ref_gh reference curvature
ref_gh debug fence passed: rank=5 ref_gh UpdateReference
ref_gh debug fence passed: rank=5 ref_gh CalcRHS zero
ref_gh debug fence passed: rank=8 ref_gh reference curvature
ref_gh debug fence passed: rank=8 ref_gh UpdateReference
ref_gh debug fence passed: rank=5 ref_gh CalcRHS psi
ref_gh debug fence passed: rank=8 ref_gh CalcRHS zero
ref_gh debug fence passed: rank=8 ref_gh CalcRHS psi
ref_gh debug fence passed: rank=1 ref_gh CalcRHS primary
ref_gh debug fence passed: rank=1 ref_gh CalcRHS compatible_phi
ref_gh debug fence passed: rank=1 ref_gh CalcRHS gamma2
ref_gh debug fence passed: rank=1 ref_gh CalcRHS dissipation
ref_gh debug fence passed: rank=1 ref_gh CalcRHS
ref_gh debug fence passed: rank=1 ref_gh ExpRKUpdate
ref_gh debug fence passed: rank=1 ref_gh RestrictU
ref_gh debug fence passed: rank=3 ref_gh CalcRHS primary
ref_gh debug fence passed: rank=3 ref_gh CalcRHS compatible_phi
ref_gh debug fence passed: rank=3 ref_gh CalcRHS gamma2
ref_gh debug fence passed: rank=1 ref_gh SendU
ref_gh debug fence passed: rank=3 ref_gh CalcRHS dissipation
ref_gh debug fence passed: rank=3 ref_gh CalcRHS
ref_gh debug fence passed: rank=3 ref_gh ExpRKUpdate
ref_gh debug fence passed: rank=3 ref_gh RestrictU
ref_gh debug fence passed: rank=3 ref_gh SendU
ref_gh debug fence passed: rank=7 ref_gh CalcRHS primary
ref_gh debug fence passed: rank=7 ref_gh CalcRHS compatible_phi
ref_gh debug fence passed: rank=7 ref_gh CalcRHS gamma2
ref_gh debug fence passed: rank=7 ref_gh CalcRHS dissipation
ref_gh debug fence passed: rank=7 ref_gh CalcRHS
ref_gh debug fence passed: rank=7 ref_gh ExpRKUpdate
ref_gh debug fence passed: rank=7 ref_gh RestrictU
ref_gh debug fence passed: rank=2 ref_gh CalcRHS primary
ref_gh debug fence passed: rank=2 ref_gh CalcRHS compatible_phi
ref_gh debug fence passed: rank=2 ref_gh CalcRHS gamma2
ref_gh debug fence passed: rank=7 ref_gh SendU
ref_gh debug fence passed: rank=2 ref_gh CalcRHS dissipation
ref_gh debug fence passed: rank=2 ref_gh CalcRHS
ref_gh debug fence passed: rank=2 ref_gh ExpRKUpdate
ref_gh debug fence passed: rank=2 ref_gh RestrictU
ref_gh debug fence passed: rank=2 ref_gh SendU
ref_gh debug fence passed: rank=0 ref_gh CalcRHS primary
ref_gh debug fence passed: rank=0 ref_gh CalcRHS compatible_phi
ref_gh debug fence passed: rank=0 ref_gh CalcRHS gamma2
ref_gh debug fence passed: rank=0 ref_gh CalcRHS dissipation
ref_gh debug fence passed: rank=0 ref_gh CalcRHS
ref_gh debug fence passed: rank=0 ref_gh ExpRKUpdate
ref_gh debug fence passed: rank=0 ref_gh RestrictU
ref_gh debug fence passed: rank=0 ref_gh SendU
ref_gh debug fence passed: rank=4 ref_gh CalcRHS primary
ref_gh debug fence passed: rank=4 ref_gh CalcRHS compatible_phi
ref_gh debug fence passed: rank=4 ref_gh CalcRHS gamma2
ref_gh debug fence passed: rank=4 ref_gh CalcRHS dissipation
ref_gh debug fence passed: rank=4 ref_gh CalcRHS
ref_gh debug fence passed: rank=4 ref_gh ExpRKUpdate
ref_gh debug fence passed: rank=4 ref_gh RestrictU
ref_gh debug fence passed: rank=4 ref_gh SendU
ref_gh debug fence passed: rank=6 ref_gh CalcRHS primary
ref_gh debug fence passed: rank=6 ref_gh CalcRHS compatible_phi
ref_gh debug fence passed: rank=6 ref_gh CalcRHS gamma2
ref_gh debug fence passed: rank=6 ref_gh CalcRHS dissipation
ref_gh debug fence passed: rank=6 ref_gh CalcRHS
ref_gh debug fence passed: rank=6 ref_gh ExpRKUpdate
ref_gh debug fence passed: rank=6 ref_gh RestrictU
ref_gh debug fence passed: rank=9 ref_gh CalcRHS primary
ref_gh debug fence passed: rank=9 ref_gh CalcRHS compatible_phi
ref_gh debug fence passed: rank=6 ref_gh SendU
ref_gh debug fence passed: rank=9 ref_gh CalcRHS gamma2
ref_gh debug fence passed: rank=10 ref_gh CalcRHS primary
ref_gh debug fence passed: rank=10 ref_gh CalcRHS compatible_phi
ref_gh debug fence passed: rank=10 ref_gh CalcRHS gamma2
ref_gh debug fence passed: rank=9 ref_gh CalcRHS dissipation
ref_gh debug fence passed: rank=9 ref_gh CalcRHS
ref_gh debug fence passed: rank=9 ref_gh ExpRKUpdate
ref_gh debug fence passed: rank=10 ref_gh CalcRHS dissipation
ref_gh debug fence passed: rank=10 ref_gh CalcRHS
ref_gh debug fence passed: rank=9 ref_gh RestrictU
ref_gh debug fence passed: rank=10 ref_gh ExpRKUpdate
ref_gh debug fence passed: rank=10 ref_gh RestrictU
ref_gh debug fence passed: rank=8 ref_gh CalcRHS primary
ref_gh debug fence passed: rank=9 ref_gh SendU
ref_gh debug fence passed: rank=8 ref_gh CalcRHS compatible_phi
ref_gh debug fence passed: rank=8 ref_gh CalcRHS gamma2
ref_gh debug fence passed: rank=10 ref_gh SendU
ref_gh debug fence passed: rank=8 ref_gh CalcRHS dissipation
ref_gh debug fence passed: rank=8 ref_gh CalcRHS
ref_gh debug fence passed: rank=8 ref_gh ExpRKUpdate
ref_gh debug fence passed: rank=5 ref_gh CalcRHS primary
ref_gh debug fence passed: rank=8 ref_gh RestrictU
ref_gh debug fence passed: rank=5 ref_gh CalcRHS compatible_phi
ref_gh debug fence passed: rank=5 ref_gh CalcRHS gamma2
ref_gh debug fence passed: rank=11 ref_gh CalcRHS primary
ref_gh debug fence passed: rank=11 ref_gh CalcRHS compatible_phi
ref_gh debug fence passed: rank=11 ref_gh CalcRHS gamma2
ref_gh debug fence passed: rank=8 ref_gh SendU
ref_gh debug fence passed: rank=5 ref_gh CalcRHS dissipation
ref_gh debug fence passed: rank=5 ref_gh CalcRHS
ref_gh debug fence passed: rank=5 ref_gh ExpRKUpdate
ref_gh debug fence passed: rank=11 ref_gh CalcRHS dissipation
ref_gh debug fence passed: rank=11 ref_gh CalcRHS
ref_gh debug fence passed: rank=5 ref_gh RestrictU
ref_gh debug fence passed: rank=0 ref_gh RecvU
ref_gh debug fence passed: rank=11 ref_gh ExpRKUpdate
ref_gh debug fence passed: rank=0 ref_gh Prolongate
ref_gh debug fence passed: rank=0 ref_gh ApplyPhysicalBCs
ref_gh debug fence passed: rank=0 ref_gh ClearSend enter
ref_gh debug fence passed: rank=0 ref_gh ClearSend exit
ref_gh debug fence passed: rank=0 ref_gh ClearRecv enter
ref_gh debug fence passed: rank=0 ref_gh ClearRecv exit
ref_gh debug fence passed: rank=0 ref_gh InitRecv
ref_gh debug fence passed: rank=11 ref_gh RestrictU
ref_gh debug fence passed: rank=0 ref_gh CopyU
ref_gh debug fence passed: rank=5 ref_gh SendU
ref_gh debug fence passed: rank=11 ref_gh SendU
ref_gh debug fence passed: rank=1 ref_gh RecvU
ref_gh debug fence passed: rank=1 ref_gh Prolongate
ref_gh debug fence passed: rank=1 ref_gh ApplyPhysicalBCs
ref_gh debug fence passed: rank=1 ref_gh ClearSend enter
ref_gh debug fence passed: rank=1 ref_gh ClearSend exit
ref_gh debug fence passed: rank=1 ref_gh ClearRecv enter
ref_gh debug fence passed: rank=1 ref_gh ClearRecv exit
ref_gh debug fence passed: rank=1 ref_gh InitRecv
ref_gh debug fence passed: rank=3 ref_gh RecvU
ref_gh debug fence passed: rank=4 ref_gh RecvU
ref_gh debug fence passed: rank=7 ref_gh RecvU
ref_gh debug fence passed: rank=2 ref_gh RecvU
ref_gh debug fence passed: rank=6 ref_gh RecvU
ref_gh debug fence passed: rank=1 ref_gh CopyU
ref_gh debug fence passed: rank=9 ref_gh RecvU
ref_gh debug fence passed: rank=7 ref_gh Prolongate
ref_gh debug fence passed: rank=7 ref_gh ApplyPhysicalBCs
ref_gh debug fence passed: rank=7 ref_gh ClearSend enter
ref_gh debug fence passed: rank=7 ref_gh ClearSend exit
ref_gh debug fence passed: rank=7 ref_gh ClearRecv enter
ref_gh debug fence passed: rank=7 ref_gh ClearRecv exit
ref_gh debug fence passed: rank=7 ref_gh InitRecv
ref_gh debug fence passed: rank=9 ref_gh Prolongate
ref_gh debug fence passed: rank=8 ref_gh RecvU
ref_gh debug fence passed: rank=10 ref_gh RecvU
ref_gh debug fence passed: rank=9 ref_gh ApplyPhysicalBCs
ref_gh debug fence passed: rank=9 ref_gh ClearSend enter
ref_gh debug fence passed: rank=9 ref_gh ClearSend exit
ref_gh debug fence passed: rank=9 ref_gh ClearRecv enter
ref_gh debug fence passed: rank=9 ref_gh ClearRecv exit
ref_gh debug fence passed: rank=9 ref_gh InitRecv
ref_gh debug fence passed: rank=8 ref_gh Prolongate
ref_gh debug fence passed: rank=10 ref_gh Prolongate
ref_gh debug fence passed: rank=7 ref_gh CopyU
ref_gh debug fence passed: rank=8 ref_gh ApplyPhysicalBCs
ref_gh debug fence passed: rank=8 ref_gh ClearSend enter
ref_gh debug fence passed: rank=8 ref_gh ClearSend exit
ref_gh debug fence passed: rank=8 ref_gh ClearRecv enter
ref_gh debug fence passed: rank=8 ref_gh ClearRecv exit
ref_gh debug fence passed: rank=8 ref_gh InitRecv
ref_gh debug fence passed: rank=10 ref_gh ApplyPhysicalBCs
ref_gh debug fence passed: rank=10 ref_gh ClearSend enter
ref_gh debug fence passed: rank=10 ref_gh ClearSend exit
ref_gh debug fence passed: rank=10 ref_gh ClearRecv enter
ref_gh debug fence passed: rank=10 ref_gh ClearRecv exit
ref_gh debug fence passed: rank=10 ref_gh InitRecv
ref_gh debug fence passed: rank=9 ref_gh CopyU
ref_gh debug fence passed: rank=11 ref_gh RecvU
ref_gh debug fence passed: rank=8 ref_gh CopyU
ref_gh debug fence passed: rank=10 ref_gh CopyU
ref_gh debug fence passed: rank=11 ref_gh Prolongate
ref_gh debug fence passed: rank=6 ref_gh Prolongate
ref_gh debug fence passed: rank=11 ref_gh ApplyPhysicalBCs
ref_gh debug fence passed: rank=11 ref_gh ClearSend enter
ref_gh debug fence passed: rank=11 ref_gh ClearSend exit
ref_gh debug fence passed: rank=11 ref_gh ClearRecv enter
ref_gh debug fence passed: rank=11 ref_gh ClearRecv exit
ref_gh debug fence passed: rank=11 ref_gh InitRecv
ref_gh debug fence passed: rank=6 ref_gh ApplyPhysicalBCs
ref_gh debug fence passed: rank=6 ref_gh ClearSend enter
ref_gh debug fence passed: rank=6 ref_gh ClearSend exit
ref_gh debug fence passed: rank=6 ref_gh ClearRecv enter
ref_gh debug fence passed: rank=6 ref_gh ClearRecv exit
ref_gh debug fence passed: rank=6 ref_gh InitRecv
ref_gh debug fence passed: rank=5 ref_gh RecvU
ref_gh debug fence passed: rank=11 ref_gh CopyU
ref_gh debug fence passed: rank=6 ref_gh CopyU
ref_gh debug fence passed: rank=4 ref_gh Prolongate
ref_gh debug fence passed: rank=3 ref_gh Prolongate
ref_gh debug fence passed: rank=4 ref_gh ApplyPhysicalBCs
ref_gh debug fence passed: rank=4 ref_gh ClearSend enter
ref_gh debug fence passed: rank=4 ref_gh ClearSend exit
ref_gh debug fence passed: rank=4 ref_gh ClearRecv enter
ref_gh debug fence passed: rank=4 ref_gh ClearRecv exit
ref_gh debug fence passed: rank=4 ref_gh InitRecv
ref_gh debug fence passed: rank=3 ref_gh ApplyPhysicalBCs
ref_gh debug fence passed: rank=3 ref_gh ClearSend enter
ref_gh debug fence passed: rank=3 ref_gh ClearSend exit
ref_gh debug fence passed: rank=3 ref_gh ClearRecv enter
ref_gh debug fence passed: rank=3 ref_gh ClearRecv exit
ref_gh debug fence passed: rank=3 ref_gh InitRecv
ref_gh debug fence passed: rank=2 ref_gh Prolongate
ref_gh debug fence passed: rank=2 ref_gh ApplyPhysicalBCs
ref_gh debug fence passed: rank=2 ref_gh ClearSend enter
ref_gh debug fence passed: rank=2 ref_gh ClearSend exit
ref_gh debug fence passed: rank=2 ref_gh ClearRecv enter
ref_gh debug fence passed: rank=2 ref_gh ClearRecv exit
ref_gh debug fence passed: rank=2 ref_gh InitRecv
ref_gh debug fence passed: rank=4 ref_gh CopyU
ref_gh debug fence passed: rank=3 ref_gh CopyU
ref_gh debug fence passed: rank=2 ref_gh CopyU
ref_gh debug fence passed: rank=5 ref_gh Prolongate
ref_gh debug fence passed: rank=5 ref_gh ApplyPhysicalBCs
ref_gh debug fence passed: rank=5 ref_gh ClearSend enter
ref_gh debug fence passed: rank=5 ref_gh ClearSend exit
ref_gh debug fence passed: rank=5 ref_gh ClearRecv enter
ref_gh debug fence passed: rank=5 ref_gh ClearRecv exit
ref_gh debug fence passed: rank=5 ref_gh InitRecv
ref_gh debug fence passed: rank=5 ref_gh CopyU
ref_gh debug fence passed: rank=5 ref_gh MeasureController
ref_gh debug fence passed: rank=0 ref_gh MeasureController
ref_gh debug fence passed: rank=1 ref_gh MeasureController
ref_gh debug fence passed: rank=2 ref_gh MeasureController
ref_gh debug fence passed: rank=3 ref_gh MeasureController
ref_gh debug fence passed: rank=4 ref_gh MeasureController
ref_gh debug fence passed: rank=6 ref_gh MeasureController
ref_gh debug fence passed: rank=7 ref_gh MeasureController
ref_gh debug fence passed: rank=8 ref_gh MeasureController
ref_gh debug fence passed: rank=9 ref_gh MeasureController
ref_gh debug fence passed: rank=10 ref_gh MeasureController
ref_gh debug fence passed: rank=11 ref_gh MeasureController
ref_gh debug fence passed: rank=3 ref_gh reference provider profiles
ref_gh debug fence passed: rank=1 ref_gh reference provider profiles
ref_gh debug fence passed: rank=7 ref_gh reference provider profiles
ref_gh debug fence passed: rank=2 ref_gh reference provider profiles
ref_gh debug fence passed: rank=3 ref_gh reference frame jets
ref_gh debug fence passed: rank=0 ref_gh reference provider profiles
ref_gh debug fence passed: rank=3 ref_gh reference spatial frame
ref_gh debug fence passed: rank=6 ref_gh reference provider profiles
ref_gh debug fence passed: rank=1 ref_gh reference frame jets
ref_gh debug fence passed: rank=1 ref_gh reference spatial frame
ref_gh debug fence passed: rank=3 ref_gh reference structure coefficients
ref_gh debug fence passed: rank=7 ref_gh reference frame jets
ref_gh debug fence passed: rank=9 ref_gh reference provider profiles
ref_gh debug fence passed: rank=7 ref_gh reference spatial frame
ref_gh debug fence passed: rank=2 ref_gh reference frame jets
ref_gh debug fence passed: rank=2 ref_gh reference spatial frame
ref_gh debug fence passed: rank=0 ref_gh reference frame jets
ref_gh debug fence passed: rank=0 ref_gh reference spatial frame
ref_gh debug fence passed: rank=8 ref_gh reference provider profiles
ref_gh debug fence passed: rank=4 ref_gh reference provider profiles
ref_gh debug fence passed: rank=5 ref_gh reference provider profiles
ref_gh debug fence passed: rank=1 ref_gh reference structure coefficients
ref_gh debug fence passed: rank=6 ref_gh reference frame jets
ref_gh debug fence passed: rank=6 ref_gh reference spatial frame
ref_gh debug fence passed: rank=2 ref_gh reference structure coefficients
ref_gh debug fence passed: rank=11 ref_gh reference provider profiles
ref_gh debug fence passed: rank=7 ref_gh reference structure coefficients
ref_gh debug fence passed: rank=10 ref_gh reference provider profiles
ref_gh debug fence passed: rank=0 ref_gh reference structure coefficients
ref_gh debug fence passed: rank=9 ref_gh reference frame jets
ref_gh debug fence passed: rank=9 ref_gh reference spatial frame
ref_gh debug fence passed: rank=8 ref_gh reference frame jets
ref_gh debug fence passed: rank=4 ref_gh reference frame jets
ref_gh debug fence passed: rank=5 ref_gh reference frame jets
ref_gh debug fence passed: rank=6 ref_gh reference structure coefficients
ref_gh debug fence passed: rank=8 ref_gh reference spatial frame
ref_gh debug fence passed: rank=4 ref_gh reference spatial frame
ref_gh debug fence passed: rank=5 ref_gh reference spatial frame
ref_gh debug fence passed: rank=11 ref_gh reference frame jets
ref_gh debug fence passed: rank=11 ref_gh reference spatial frame
ref_gh debug fence passed: rank=9 ref_gh reference structure coefficients
ref_gh debug fence passed: rank=10 ref_gh reference frame jets
ref_gh debug fence passed: rank=10 ref_gh reference spatial frame
ref_gh debug fence passed: rank=8 ref_gh reference structure coefficients
ref_gh debug fence passed: rank=4 ref_gh reference structure coefficients
ref_gh debug fence passed: rank=5 ref_gh reference structure coefficients
ref_gh debug fence passed: rank=11 ref_gh reference structure coefficients
ref_gh debug fence passed: rank=10 ref_gh reference structure coefficients
ref_gh debug fence passed: rank=1 ref_gh reference metric jets
ref_gh debug fence passed: rank=3 ref_gh reference metric jets
ref_gh debug fence passed: rank=7 ref_gh reference metric jets
ref_gh debug fence passed: rank=1 ref_gh reference connection
ref_gh debug fence passed: rank=3 ref_gh reference connection
ref_gh debug fence passed: rank=2 ref_gh reference metric jets
ref_gh debug fence passed: rank=7 ref_gh reference connection
ref_gh debug fence passed: rank=1 ref_gh reference mixed gauge derivative
ref_gh debug fence passed: rank=9 ref_gh reference metric jets
ref_gh debug fence passed: rank=3 ref_gh reference mixed gauge derivative
ref_gh debug fence passed: rank=4 ref_gh reference metric jets
ref_gh debug fence passed: rank=0 ref_gh reference metric jets
ref_gh debug fence passed: rank=11 ref_gh reference metric jets
ref_gh debug fence passed: rank=2 ref_gh reference connection
ref_gh debug fence passed: rank=10 ref_gh reference metric jets
ref_gh debug fence passed: rank=7 ref_gh reference mixed gauge derivative
ref_gh debug fence passed: rank=9 ref_gh reference connection
ref_gh debug fence passed: rank=4 ref_gh reference connection
ref_gh debug fence passed: rank=0 ref_gh reference connection
ref_gh debug fence passed: rank=11 ref_gh reference connection
ref_gh debug fence passed: rank=6 ref_gh reference metric jets
ref_gh debug fence passed: rank=5 ref_gh reference metric jets
ref_gh debug fence passed: rank=10 ref_gh reference connection
ref_gh debug fence passed: rank=1 ref_gh reference theta time derivative
ref_gh debug fence passed: rank=2 ref_gh reference mixed gauge derivative
ref_gh debug fence passed: rank=3 ref_gh reference theta time derivative
ref_gh debug fence passed: rank=8 ref_gh reference metric jets
ref_gh debug fence passed: rank=9 ref_gh reference mixed gauge derivative
ref_gh debug fence passed: rank=6 ref_gh reference connection
ref_gh debug fence passed: rank=5 ref_gh reference connection
ref_gh debug fence passed: rank=1 ref_gh reference spin connection
ref_gh debug fence passed: rank=4 ref_gh reference mixed gauge derivative
ref_gh debug fence passed: rank=3 ref_gh reference spin connection
ref_gh debug fence passed: rank=0 ref_gh reference mixed gauge derivative
ref_gh debug fence passed: rank=7 ref_gh reference theta time derivative
ref_gh debug fence passed: rank=8 ref_gh reference connection
ref_gh debug fence passed: rank=11 ref_gh reference mixed gauge derivative
ref_gh debug fence passed: rank=1 ref_gh reference coframe derivative
ref_gh debug fence passed: rank=10 ref_gh reference mixed gauge derivative
ref_gh debug fence passed: rank=3 ref_gh reference coframe derivative
ref_gh debug fence passed: rank=7 ref_gh reference spin connection
ref_gh debug fence passed: rank=2 ref_gh reference theta time derivative
ref_gh debug fence passed: rank=5 ref_gh reference mixed gauge derivative
ref_gh debug fence passed: rank=6 ref_gh reference mixed gauge derivative
ref_gh debug fence passed: rank=7 ref_gh reference coframe derivative
ref_gh debug fence passed: rank=8 ref_gh reference mixed gauge derivative
ref_gh debug fence passed: rank=9 ref_gh reference theta time derivative
ref_gh debug fence passed: rank=2 ref_gh reference spin connection
ref_gh debug fence passed: rank=4 ref_gh reference theta time derivative
ref_gh debug fence passed: rank=0 ref_gh reference theta time derivative
ref_gh debug fence passed: rank=11 ref_gh reference theta time derivative
ref_gh debug fence passed: rank=2 ref_gh reference coframe derivative
ref_gh debug fence passed: rank=10 ref_gh reference theta time derivative
ref_gh debug fence passed: rank=9 ref_gh reference spin connection
ref_gh debug fence passed: rank=4 ref_gh reference spin connection
ref_gh debug fence passed: rank=0 ref_gh reference spin connection
ref_gh debug fence passed: rank=9 ref_gh reference coframe derivative
ref_gh debug fence passed: rank=11 ref_gh reference spin connection
ref_gh debug fence passed: rank=4 ref_gh reference coframe derivative
ref_gh debug fence passed: rank=5 ref_gh reference theta time derivative
ref_gh debug fence passed: rank=10 ref_gh reference spin connection
ref_gh debug fence passed: rank=0 ref_gh reference coframe derivative
ref_gh debug fence passed: rank=6 ref_gh reference theta time derivative
ref_gh debug fence passed: rank=11 ref_gh reference coframe derivative
ref_gh debug fence passed: rank=8 ref_gh reference theta time derivative
ref_gh debug fence passed: rank=10 ref_gh reference coframe derivative
ref_gh debug fence passed: rank=5 ref_gh reference spin connection
ref_gh debug fence passed: rank=6 ref_gh reference spin connection
ref_gh debug fence passed: rank=5 ref_gh reference coframe derivative
ref_gh debug fence passed: rank=8 ref_gh reference spin connection
ref_gh debug fence passed: rank=6 ref_gh reference coframe derivative
ref_gh debug fence passed: rank=8 ref_gh reference coframe derivative
ref_gh debug fence passed: rank=1 ref_gh reference coordinate spin derivative
ref_gh debug fence passed: rank=1 ref_gh reference spin derivative
ref_gh debug fence passed: rank=3 ref_gh reference coordinate spin derivative
ref_gh debug fence passed: rank=3 ref_gh reference spin derivative
ref_gh debug fence passed: rank=7 ref_gh reference coordinate spin derivative
ref_gh debug fence passed: rank=1 ref_gh reference curvature
ref_gh debug fence passed: rank=1 ref_gh UpdateReference
ref_gh debug fence passed: rank=1 ref_gh CalcRHS zero
ref_gh debug fence passed: rank=1 ref_gh CalcRHS psi
ref_gh debug fence passed: rank=7 ref_gh reference spin derivative
ref_gh debug fence passed: rank=3 ref_gh reference curvature
ref_gh debug fence passed: rank=3 ref_gh UpdateReference
ref_gh debug fence passed: rank=3 ref_gh CalcRHS zero
ref_gh debug fence passed: rank=3 ref_gh CalcRHS psi
ref_gh debug fence passed: rank=2 ref_gh reference coordinate spin derivative
ref_gh debug fence passed: rank=7 ref_gh reference curvature
ref_gh debug fence passed: rank=7 ref_gh UpdateReference
ref_gh debug fence passed: rank=7 ref_gh CalcRHS zero
ref_gh debug fence passed: rank=2 ref_gh reference spin derivative
ref_gh debug fence passed: rank=7 ref_gh CalcRHS psi
ref_gh debug fence passed: rank=0 ref_gh reference coordinate spin derivative
ref_gh debug fence passed: rank=9 ref_gh reference coordinate spin derivative
ref_gh debug fence passed: rank=4 ref_gh reference coordinate spin derivative
ref_gh debug fence passed: rank=2 ref_gh reference curvature
ref_gh debug fence passed: rank=2 ref_gh UpdateReference
ref_gh debug fence passed: rank=2 ref_gh CalcRHS zero
ref_gh debug fence passed: rank=0 ref_gh reference spin derivative
ref_gh debug fence passed: rank=2 ref_gh CalcRHS psi
ref_gh debug fence passed: rank=9 ref_gh reference spin derivative
ref_gh debug fence passed: rank=4 ref_gh reference spin derivative
ref_gh debug fence passed: rank=11 ref_gh reference coordinate spin derivative
ref_gh debug fence passed: rank=0 ref_gh reference curvature
ref_gh debug fence passed: rank=0 ref_gh UpdateReference
ref_gh debug fence passed: rank=0 ref_gh CalcRHS zero
ref_gh debug fence passed: rank=10 ref_gh reference coordinate spin derivative
ref_gh debug fence passed: rank=11 ref_gh reference spin derivative
ref_gh debug fence passed: rank=0 ref_gh CalcRHS psi
ref_gh debug fence passed: rank=4 ref_gh reference curvature
ref_gh debug fence passed: rank=4 ref_gh UpdateReference
ref_gh debug fence passed: rank=9 ref_gh reference curvature
ref_gh debug fence passed: rank=9 ref_gh UpdateReference
ref_gh debug fence passed: rank=4 ref_gh CalcRHS zero
ref_gh debug fence passed: rank=9 ref_gh CalcRHS zero
ref_gh debug fence passed: rank=10 ref_gh reference spin derivative
ref_gh debug fence passed: rank=4 ref_gh CalcRHS psi
ref_gh debug fence passed: rank=9 ref_gh CalcRHS psi
ref_gh debug fence passed: rank=6 ref_gh reference coordinate spin derivative
ref_gh debug fence passed: rank=5 ref_gh reference coordinate spin derivative
ref_gh debug fence passed: rank=6 ref_gh reference spin derivative
ref_gh debug fence passed: rank=5 ref_gh reference spin derivative
ref_gh debug fence passed: rank=11 ref_gh reference curvature
ref_gh debug fence passed: rank=11 ref_gh UpdateReference
ref_gh debug fence passed: rank=11 ref_gh CalcRHS zero
ref_gh debug fence passed: rank=8 ref_gh reference coordinate spin derivative
ref_gh debug fence passed: rank=11 ref_gh CalcRHS psi
ref_gh debug fence passed: rank=10 ref_gh reference curvature
ref_gh debug fence passed: rank=10 ref_gh UpdateReference
ref_gh debug fence passed: rank=10 ref_gh CalcRHS zero
ref_gh debug fence passed: rank=10 ref_gh CalcRHS psi
ref_gh debug fence passed: rank=8 ref_gh reference spin derivative
ref_gh debug fence passed: rank=6 ref_gh reference curvature
ref_gh debug fence passed: rank=6 ref_gh UpdateReference
ref_gh debug fence passed: rank=6 ref_gh CalcRHS zero
ref_gh debug fence passed: rank=5 ref_gh reference curvature
ref_gh debug fence passed: rank=5 ref_gh UpdateReference
ref_gh debug fence passed: rank=5 ref_gh CalcRHS zero
ref_gh debug fence passed: rank=6 ref_gh CalcRHS psi
ref_gh debug fence passed: rank=5 ref_gh CalcRHS psi
ref_gh debug fence passed: rank=8 ref_gh reference curvature
ref_gh debug fence passed: rank=8 ref_gh UpdateReference
ref_gh debug fence passed: rank=8 ref_gh CalcRHS zero
ref_gh debug fence passed: rank=8 ref_gh CalcRHS psi
ref_gh debug fence passed: rank=1 ref_gh CalcRHS primary
ref_gh debug fence passed: rank=1 ref_gh CalcRHS compatible_phi
ref_gh debug fence passed: rank=1 ref_gh CalcRHS gamma2
ref_gh debug fence passed: rank=3 ref_gh CalcRHS primary
ref_gh debug fence passed: rank=3 ref_gh CalcRHS compatible_phi
ref_gh debug fence passed: rank=3 ref_gh CalcRHS gamma2
ref_gh debug fence passed: rank=1 ref_gh CalcRHS dissipation
ref_gh debug fence passed: rank=1 ref_gh CalcRHS
ref_gh debug fence passed: rank=1 ref_gh ExpRKUpdate
ref_gh debug fence passed: rank=3 ref_gh CalcRHS dissipation
ref_gh debug fence passed: rank=3 ref_gh CalcRHS
ref_gh debug fence passed: rank=1 ref_gh RestrictU
ref_gh debug fence passed: rank=3 ref_gh ExpRKUpdate
ref_gh debug fence passed: rank=3 ref_gh RestrictU
ref_gh debug fence passed: rank=1 ref_gh SendU
ref_gh debug fence passed: rank=3 ref_gh SendU
ref_gh debug fence passed: rank=7 ref_gh CalcRHS primary
ref_gh debug fence passed: rank=7 ref_gh CalcRHS compatible_phi
ref_gh debug fence passed: rank=7 ref_gh CalcRHS gamma2
ref_gh debug fence passed: rank=2 ref_gh CalcRHS primary
ref_gh debug fence passed: rank=2 ref_gh CalcRHS compatible_phi
ref_gh debug fence passed: rank=2 ref_gh CalcRHS gamma2
ref_gh debug fence passed: rank=7 ref_gh CalcRHS dissipation
ref_gh debug fence passed: rank=7 ref_gh CalcRHS
ref_gh debug fence passed: rank=7 ref_gh ExpRKUpdate
ref_gh debug fence passed: rank=2 ref_gh CalcRHS dissipation
ref_gh debug fence passed: rank=2 ref_gh CalcRHS
ref_gh debug fence passed: rank=7 ref_gh RestrictU
ref_gh debug fence passed: rank=2 ref_gh ExpRKUpdate
ref_gh debug fence passed: rank=2 ref_gh RestrictU
ref_gh debug fence passed: rank=7 ref_gh SendU
ref_gh debug fence passed: rank=2 ref_gh SendU
ref_gh debug fence passed: rank=0 ref_gh CalcRHS primary
ref_gh debug fence passed: rank=0 ref_gh CalcRHS compatible_phi
ref_gh debug fence passed: rank=0 ref_gh CalcRHS gamma2
ref_gh debug fence passed: rank=0 ref_gh CalcRHS dissipation
ref_gh debug fence passed: rank=0 ref_gh CalcRHS
ref_gh debug fence passed: rank=0 ref_gh ExpRKUpdate
ref_gh debug fence passed: rank=0 ref_gh RestrictU
ref_gh debug fence passed: rank=0 ref_gh SendU
ref_gh debug fence passed: rank=9 ref_gh CalcRHS primary
ref_gh debug fence passed: rank=9 ref_gh CalcRHS compatible_phi
ref_gh debug fence passed: rank=9 ref_gh CalcRHS gamma2
ref_gh debug fence passed: rank=4 ref_gh CalcRHS primary
ref_gh debug fence passed: rank=9 ref_gh CalcRHS dissipation
ref_gh debug fence passed: rank=9 ref_gh CalcRHS
ref_gh debug fence passed: rank=4 ref_gh CalcRHS compatible_phi
ref_gh debug fence passed: rank=4 ref_gh CalcRHS gamma2
ref_gh debug fence passed: rank=9 ref_gh ExpRKUpdate
ref_gh debug fence passed: rank=9 ref_gh RestrictU
ref_gh debug fence passed: rank=4 ref_gh CalcRHS dissipation
ref_gh debug fence passed: rank=4 ref_gh CalcRHS
ref_gh debug fence passed: rank=4 ref_gh ExpRKUpdate
ref_gh debug fence passed: rank=9 ref_gh SendU
ref_gh debug fence passed: rank=4 ref_gh RestrictU
ref_gh debug fence passed: rank=4 ref_gh SendU
ref_gh debug fence passed: rank=6 ref_gh CalcRHS primary
ref_gh debug fence passed: rank=6 ref_gh CalcRHS compatible_phi
ref_gh debug fence passed: rank=6 ref_gh CalcRHS gamma2
ref_gh debug fence passed: rank=6 ref_gh CalcRHS dissipation
ref_gh debug fence passed: rank=6 ref_gh CalcRHS
ref_gh debug fence passed: rank=6 ref_gh ExpRKUpdate
ref_gh debug fence passed: rank=6 ref_gh RestrictU
ref_gh debug fence passed: rank=11 ref_gh CalcRHS primary
ref_gh debug fence passed: rank=11 ref_gh CalcRHS compatible_phi
ref_gh debug fence passed: rank=11 ref_gh CalcRHS gamma2
ref_gh debug fence passed: rank=6 ref_gh SendU
ref_gh debug fence passed: rank=10 ref_gh CalcRHS primary
ref_gh debug fence passed: rank=11 ref_gh CalcRHS dissipation
ref_gh debug fence passed: rank=11 ref_gh CalcRHS
ref_gh debug fence passed: rank=10 ref_gh CalcRHS compatible_phi
ref_gh debug fence passed: rank=5 ref_gh CalcRHS primary
ref_gh debug fence passed: rank=10 ref_gh CalcRHS gamma2
ref_gh debug fence passed: rank=11 ref_gh ExpRKUpdate
ref_gh debug fence passed: rank=5 ref_gh CalcRHS compatible_phi
ref_gh debug fence passed: rank=5 ref_gh CalcRHS gamma2
ref_gh debug fence passed: rank=11 ref_gh RestrictU
ref_gh debug fence passed: rank=10 ref_gh CalcRHS dissipation
ref_gh debug fence passed: rank=10 ref_gh CalcRHS
ref_gh debug fence passed: rank=5 ref_gh CalcRHS dissipation
ref_gh debug fence passed: rank=5 ref_gh CalcRHS
ref_gh debug fence passed: rank=5 ref_gh ExpRKUpdate
ref_gh debug fence passed: rank=10 ref_gh ExpRKUpdate
ref_gh debug fence passed: rank=11 ref_gh SendU
ref_gh debug fence passed: rank=5 ref_gh RestrictU
ref_gh debug fence passed: rank=10 ref_gh RestrictU
ref_gh debug fence passed: rank=8 ref_gh CalcRHS primary
ref_gh debug fence passed: rank=8 ref_gh CalcRHS compatible_phi
ref_gh debug fence passed: rank=5 ref_gh SendU
ref_gh debug fence passed: rank=8 ref_gh CalcRHS gamma2
ref_gh debug fence passed: rank=10 ref_gh SendU
ref_gh debug fence passed: rank=8 ref_gh CalcRHS dissipation
ref_gh debug fence passed: rank=8 ref_gh CalcRHS
ref_gh debug fence passed: rank=8 ref_gh ExpRKUpdate
ref_gh debug fence passed: rank=8 ref_gh RestrictU
ref_gh debug fence passed: rank=8 ref_gh SendU
ref_gh debug fence passed: rank=0 ref_gh RecvU
ref_gh debug fence passed: rank=4 ref_gh RecvU
ref_gh debug fence passed: rank=10 ref_gh RecvU
ref_gh debug fence passed: rank=6 ref_gh RecvU
ref_gh debug fence passed: rank=3 ref_gh RecvU
ref_gh debug fence passed: rank=2 ref_gh RecvU
ref_gh debug fence passed: rank=5 ref_gh RecvU
ref_gh debug fence passed: rank=0 ref_gh Prolongate
ref_gh debug fence passed: rank=9 ref_gh RecvU
ref_gh debug fence passed: rank=10 ref_gh Prolongate
ref_gh debug fence passed: rank=0 ref_gh ApplyPhysicalBCs
ref_gh debug fence passed: rank=0 ref_gh ClearSend enter
ref_gh debug fence passed: rank=0 ref_gh ClearSend exit
ref_gh debug fence passed: rank=0 ref_gh ClearRecv enter
ref_gh debug fence passed: rank=0 ref_gh ClearRecv exit
ref_gh debug fence passed: rank=0 ref_gh InitRecv
ref_gh debug fence passed: rank=11 ref_gh RecvU
ref_gh debug fence passed: rank=10 ref_gh ApplyPhysicalBCs
ref_gh debug fence passed: rank=10 ref_gh ClearSend enter
ref_gh debug fence passed: rank=1 ref_gh RecvU
ref_gh debug fence passed: rank=9 ref_gh Prolongate
ref_gh debug fence passed: rank=7 ref_gh RecvU
ref_gh debug fence passed: rank=9 ref_gh ApplyPhysicalBCs
ref_gh debug fence passed: rank=9 ref_gh ClearSend enter
ref_gh debug fence passed: rank=9 ref_gh ClearSend exit
ref_gh debug fence passed: rank=9 ref_gh ClearRecv enter
ref_gh debug fence passed: rank=9 ref_gh ClearRecv exit
ref_gh debug fence passed: rank=9 ref_gh InitRecv
ref_gh debug fence passed: rank=11 ref_gh Prolongate
ref_gh debug fence passed: rank=1 ref_gh Prolongate
ref_gh debug fence passed: rank=11 ref_gh ApplyPhysicalBCs
ref_gh debug fence passed: rank=11 ref_gh ClearSend enter
ref_gh debug fence passed: rank=11 ref_gh ClearSend exit
ref_gh debug fence passed: rank=11 ref_gh ClearRecv enter
ref_gh debug fence passed: rank=11 ref_gh ClearRecv exit
ref_gh debug fence passed: rank=11 ref_gh InitRecv
ref_gh debug fence passed: rank=7 ref_gh Prolongate
ref_gh debug fence passed: rank=1 ref_gh ApplyPhysicalBCs
ref_gh debug fence passed: rank=1 ref_gh ClearSend enter
ref_gh debug fence passed: rank=1 ref_gh ClearSend exit
ref_gh debug fence passed: rank=1 ref_gh ClearRecv enter
ref_gh debug fence passed: rank=1 ref_gh ClearRecv exit
ref_gh debug fence passed: rank=1 ref_gh InitRecv
ref_gh debug fence passed: rank=10 ref_gh ClearSend exit
ref_gh debug fence passed: rank=10 ref_gh ClearRecv enter
ref_gh debug fence passed: rank=10 ref_gh ClearRecv exit
ref_gh debug fence passed: rank=10 ref_gh InitRecv
ref_gh debug fence passed: rank=0 ref_gh CopyU
ref_gh debug fence passed: rank=7 ref_gh ApplyPhysicalBCs
ref_gh debug fence passed: rank=7 ref_gh ClearSend enter
ref_gh debug fence passed: rank=7 ref_gh ClearSend exit
ref_gh debug fence passed: rank=7 ref_gh ClearRecv enter
ref_gh debug fence passed: rank=7 ref_gh ClearRecv exit
ref_gh debug fence passed: rank=7 ref_gh InitRecv
ref_gh debug fence passed: rank=9 ref_gh CopyU
ref_gh debug fence passed: rank=11 ref_gh CopyU
ref_gh debug fence passed: rank=1 ref_gh CopyU
ref_gh debug fence passed: rank=10 ref_gh CopyU
ref_gh debug fence passed: rank=7 ref_gh CopyU
ref_gh debug fence passed: rank=6 ref_gh Prolongate
ref_gh debug fence passed: rank=6 ref_gh ApplyPhysicalBCs
ref_gh debug fence passed: rank=6 ref_gh ClearSend enter
ref_gh debug fence passed: rank=6 ref_gh ClearSend exit
ref_gh debug fence passed: rank=6 ref_gh ClearRecv enter
ref_gh debug fence passed: rank=6 ref_gh ClearRecv exit
ref_gh debug fence passed: rank=6 ref_gh InitRecv
ref_gh debug fence passed: rank=8 ref_gh RecvU
ref_gh debug fence passed: rank=6 ref_gh CopyU
ref_gh debug fence passed: rank=8 ref_gh Prolongate
ref_gh debug fence passed: rank=8 ref_gh ApplyPhysicalBCs
ref_gh debug fence passed: rank=8 ref_gh ClearSend enter
ref_gh debug fence passed: rank=8 ref_gh ClearSend exit
ref_gh debug fence passed: rank=8 ref_gh ClearRecv enter
ref_gh debug fence passed: rank=8 ref_gh ClearRecv exit
ref_gh debug fence passed: rank=8 ref_gh InitRecv
ref_gh debug fence passed: rank=4 ref_gh Prolongate
ref_gh debug fence passed: rank=4 ref_gh ApplyPhysicalBCs
ref_gh debug fence passed: rank=4 ref_gh ClearSend enter
ref_gh debug fence passed: rank=4 ref_gh ClearSend exit
ref_gh debug fence passed: rank=4 ref_gh ClearRecv enter
ref_gh debug fence passed: rank=4 ref_gh ClearRecv exit
ref_gh debug fence passed: rank=4 ref_gh InitRecv
ref_gh debug fence passed: rank=5 ref_gh Prolongate
ref_gh debug fence passed: rank=3 ref_gh Prolongate
ref_gh debug fence passed: rank=2 ref_gh Prolongate
ref_gh debug fence passed: rank=5 ref_gh ApplyPhysicalBCs
ref_gh debug fence passed: rank=5 ref_gh ClearSend enter
ref_gh debug fence passed: rank=5 ref_gh ClearSend exit
ref_gh debug fence passed: rank=5 ref_gh ClearRecv enter
ref_gh debug fence passed: rank=5 ref_gh ClearRecv exit
ref_gh debug fence passed: rank=5 ref_gh InitRecv
ref_gh debug fence passed: rank=3 ref_gh ApplyPhysicalBCs
ref_gh debug fence passed: rank=3 ref_gh ClearSend enter
ref_gh debug fence passed: rank=3 ref_gh ClearSend exit
ref_gh debug fence passed: rank=3 ref_gh ClearRecv enter
ref_gh debug fence passed: rank=3 ref_gh ClearRecv exit
ref_gh debug fence passed: rank=3 ref_gh InitRecv
ref_gh debug fence passed: rank=2 ref_gh ApplyPhysicalBCs
ref_gh debug fence passed: rank=2 ref_gh ClearSend enter
ref_gh debug fence passed: rank=2 ref_gh ClearSend exit
ref_gh debug fence passed: rank=2 ref_gh ClearRecv enter
ref_gh debug fence passed: rank=2 ref_gh ClearRecv exit
ref_gh debug fence passed: rank=2 ref_gh InitRecv
ref_gh debug fence passed: rank=8 ref_gh CopyU
ref_gh debug fence passed: rank=4 ref_gh CopyU
ref_gh debug fence passed: rank=5 ref_gh CopyU
ref_gh debug fence passed: rank=3 ref_gh CopyU
ref_gh debug fence passed: rank=2 ref_gh CopyU
ref_gh debug fence passed: rank=1 ref_gh MeasureController
ref_gh debug fence passed: rank=2 ref_gh MeasureController
ref_gh debug fence passed: rank=3 ref_gh MeasureController
ref_gh debug fence passed: rank=4 ref_gh MeasureController
ref_gh debug fence passed: rank=5 ref_gh MeasureController
ref_gh debug fence passed: rank=6 ref_gh MeasureController
ref_gh debug fence passed: rank=7 ref_gh MeasureController
ref_gh debug fence passed: rank=8 ref_gh MeasureController
ref_gh debug fence passed: rank=9 ref_gh MeasureController
ref_gh debug fence passed: rank=10 ref_gh MeasureController
ref_gh debug fence passed: rank=11 ref_gh MeasureController
ref_gh debug fence passed: rank=0 ref_gh MeasureController
ref_gh debug fence passed: rank=3 ref_gh reference provider profiles
ref_gh debug fence passed: rank=1 ref_gh reference provider profiles
ref_gh debug fence passed: rank=2 ref_gh reference provider profiles
ref_gh debug fence passed: rank=0 ref_gh reference provider profiles
ref_gh debug fence passed: rank=3 ref_gh reference frame jets
ref_gh debug fence passed: rank=3 ref_gh reference spatial frame
ref_gh debug fence passed: rank=7 ref_gh reference provider profiles
ref_gh debug fence passed: rank=1 ref_gh reference frame jets
ref_gh debug fence passed: rank=1 ref_gh reference spatial frame
ref_gh debug fence passed: rank=6 ref_gh reference provider profiles
ref_gh debug fence passed: rank=3 ref_gh reference structure coefficients
ref_gh debug fence passed: rank=2 ref_gh reference frame jets
ref_gh debug fence passed: rank=2 ref_gh reference spatial frame
ref_gh debug fence passed: rank=0 ref_gh reference frame jets
ref_gh debug fence passed: rank=0 ref_gh reference spatial frame
ref_gh debug fence passed: rank=7 ref_gh reference frame jets
ref_gh debug fence passed: rank=9 ref_gh reference provider profiles
ref_gh debug fence passed: rank=7 ref_gh reference spatial frame
ref_gh debug fence passed: rank=1 ref_gh reference structure coefficients
ref_gh debug fence passed: rank=5 ref_gh reference provider profiles
ref_gh debug fence passed: rank=4 ref_gh reference provider profiles
ref_gh debug fence passed: rank=11 ref_gh reference provider profiles
ref_gh debug fence passed: rank=2 ref_gh reference structure coefficients
ref_gh debug fence passed: rank=8 ref_gh reference provider profiles
ref_gh debug fence passed: rank=0 ref_gh reference structure coefficients
ref_gh debug fence passed: rank=10 ref_gh reference provider profiles
ref_gh debug fence passed: rank=6 ref_gh reference frame jets
ref_gh debug fence passed: rank=6 ref_gh reference spatial frame
ref_gh debug fence passed: rank=7 ref_gh reference structure coefficients
ref_gh debug fence passed: rank=9 ref_gh reference frame jets
ref_gh debug fence passed: rank=9 ref_gh reference spatial frame
ref_gh debug fence passed: rank=5 ref_gh reference frame jets
ref_gh debug fence passed: rank=4 ref_gh reference frame jets
ref_gh debug fence passed: rank=5 ref_gh reference spatial frame
ref_gh debug fence passed: rank=4 ref_gh reference spatial frame
ref_gh debug fence passed: rank=11 ref_gh reference frame jets
ref_gh debug fence passed: rank=11 ref_gh reference spatial frame
ref_gh debug fence passed: rank=8 ref_gh reference frame jets
ref_gh debug fence passed: rank=6 ref_gh reference structure coefficients
ref_gh debug fence passed: rank=8 ref_gh reference spatial frame
ref_gh debug fence passed: rank=10 ref_gh reference frame jets
ref_gh debug fence passed: rank=10 ref_gh reference spatial frame
ref_gh debug fence passed: rank=9 ref_gh reference structure coefficients
ref_gh debug fence passed: rank=5 ref_gh reference structure coefficients
ref_gh debug fence passed: rank=4 ref_gh reference structure coefficients
ref_gh debug fence passed: rank=11 ref_gh reference structure coefficients
ref_gh debug fence passed: rank=8 ref_gh reference structure coefficients
ref_gh debug fence passed: rank=10 ref_gh reference structure coefficients
ref_gh debug fence passed: rank=3 ref_gh reference metric jets
ref_gh debug fence passed: rank=1 ref_gh reference metric jets
ref_gh debug fence passed: rank=3 ref_gh reference connection
ref_gh debug fence passed: rank=7 ref_gh reference metric jets
ref_gh debug fence passed: rank=1 ref_gh reference connection
ref_gh debug fence passed: rank=2 ref_gh reference metric jets
ref_gh debug fence passed: rank=7 ref_gh reference connection
ref_gh debug fence passed: rank=3 ref_gh reference mixed gauge derivative
ref_gh debug fence passed: rank=1 ref_gh reference mixed gauge derivative
ref_gh debug fence passed: rank=11 ref_gh reference metric jets
ref_gh debug fence passed: rank=0 ref_gh reference metric jets
ref_gh debug fence passed: rank=2 ref_gh reference connection
ref_gh debug fence passed: rank=4 ref_gh reference metric jets
ref_gh debug fence passed: rank=9 ref_gh reference metric jets
ref_gh debug fence passed: rank=10 ref_gh reference metric jets
ref_gh debug fence passed: rank=7 ref_gh reference mixed gauge derivative
ref_gh debug fence passed: rank=11 ref_gh reference connection
ref_gh debug fence passed: rank=0 ref_gh reference connection
ref_gh debug fence passed: rank=4 ref_gh reference connection
ref_gh debug fence passed: rank=9 ref_gh reference connection
ref_gh debug fence passed: rank=3 ref_gh reference theta time derivative
ref_gh debug fence passed: rank=10 ref_gh reference connection
ref_gh debug fence passed: rank=6 ref_gh reference metric jets
ref_gh debug fence passed: rank=2 ref_gh reference mixed gauge derivative
ref_gh debug fence passed: rank=5 ref_gh reference metric jets
ref_gh debug fence passed: rank=1 ref_gh reference theta time derivative
ref_gh debug fence passed: rank=8 ref_gh reference metric jets
ref_gh debug fence passed: rank=3 ref_gh reference spin connection
ref_gh debug fence passed: rank=6 ref_gh reference connection
ref_gh debug fence passed: rank=3 ref_gh reference coframe derivative
ref_gh debug fence passed: rank=0 ref_gh reference mixed gauge derivative
ref_gh debug fence passed: rank=7 ref_gh reference theta time derivative
ref_gh debug fence passed: rank=1 ref_gh reference spin connection
ref_gh debug fence passed: rank=4 ref_gh reference mixed gauge derivative
ref_gh debug fence passed: rank=9 ref_gh reference mixed gauge derivative
ref_gh debug fence passed: rank=11 ref_gh reference mixed gauge derivative
ref_gh debug fence passed: rank=5 ref_gh reference connection
ref_gh debug fence passed: rank=10 ref_gh reference mixed gauge derivative
ref_gh debug fence passed: rank=8 ref_gh reference connection
ref_gh debug fence passed: rank=1 ref_gh reference coframe derivative
ref_gh debug fence passed: rank=7 ref_gh reference spin connection
ref_gh debug fence passed: rank=2 ref_gh reference theta time derivative
ref_gh debug fence passed: rank=6 ref_gh reference mixed gauge derivative
ref_gh debug fence passed: rank=7 ref_gh reference coframe derivative
ref_gh debug fence passed: rank=5 ref_gh reference mixed gauge derivative
ref_gh debug fence passed: rank=2 ref_gh reference spin connection
ref_gh debug fence passed: rank=8 ref_gh reference mixed gauge derivative
ref_gh debug fence passed: rank=0 ref_gh reference theta time derivative
ref_gh debug fence passed: rank=4 ref_gh reference theta time derivative
ref_gh debug fence passed: rank=11 ref_gh reference theta time derivative
ref_gh debug fence passed: rank=9 ref_gh reference theta time derivative
ref_gh debug fence passed: rank=2 ref_gh reference coframe derivative
ref_gh debug fence passed: rank=10 ref_gh reference theta time derivative
ref_gh debug fence passed: rank=0 ref_gh reference spin connection
ref_gh debug fence passed: rank=4 ref_gh reference spin connection
ref_gh debug fence passed: rank=11 ref_gh reference spin connection
ref_gh debug fence passed: rank=9 ref_gh reference spin connection
ref_gh debug fence passed: rank=10 ref_gh reference spin connection
ref_gh debug fence passed: rank=4 ref_gh reference coframe derivative
ref_gh debug fence passed: rank=0 ref_gh reference coframe derivative
ref_gh debug fence passed: rank=6 ref_gh reference theta time derivative
ref_gh debug fence passed: rank=9 ref_gh reference coframe derivative
ref_gh debug fence passed: rank=11 ref_gh reference coframe derivative
ref_gh debug fence passed: rank=5 ref_gh reference theta time derivative
ref_gh debug fence passed: rank=10 ref_gh reference coframe derivative
ref_gh debug fence passed: rank=8 ref_gh reference theta time derivative
ref_gh debug fence passed: rank=6 ref_gh reference spin connection
ref_gh debug fence passed: rank=5 ref_gh reference spin connection
ref_gh debug fence passed: rank=6 ref_gh reference coframe derivative
ref_gh debug fence passed: rank=8 ref_gh reference spin connection
ref_gh debug fence passed: rank=5 ref_gh reference coframe derivative
ref_gh debug fence passed: rank=8 ref_gh reference coframe derivative
ref_gh debug fence passed: rank=3 ref_gh reference coordinate spin derivative
ref_gh debug fence passed: rank=3 ref_gh reference spin derivative
ref_gh debug fence passed: rank=1 ref_gh reference coordinate spin derivative
ref_gh debug fence passed: rank=1 ref_gh reference spin derivative
ref_gh debug fence passed: rank=3 ref_gh reference curvature
ref_gh debug fence passed: rank=3 ref_gh UpdateReference
ref_gh debug fence passed: rank=3 ref_gh CalcRHS zero
ref_gh debug fence passed: rank=3 ref_gh CalcRHS psi
ref_gh debug fence passed: rank=7 ref_gh reference coordinate spin derivative
ref_gh debug fence passed: rank=7 ref_gh reference spin derivative
ref_gh debug fence passed: rank=1 ref_gh reference curvature
ref_gh debug fence passed: rank=1 ref_gh UpdateReference
ref_gh debug fence passed: rank=1 ref_gh CalcRHS zero
ref_gh debug fence passed: rank=1 ref_gh CalcRHS psi
ref_gh debug fence passed: rank=2 ref_gh reference coordinate spin derivative
ref_gh debug fence passed: rank=2 ref_gh reference spin derivative
ref_gh debug fence passed: rank=7 ref_gh reference curvature
ref_gh debug fence passed: rank=7 ref_gh UpdateReference
ref_gh debug fence passed: rank=7 ref_gh CalcRHS zero
ref_gh debug fence passed: rank=7 ref_gh CalcRHS psi
ref_gh debug fence passed: rank=0 ref_gh reference coordinate spin derivative
ref_gh debug fence passed: rank=2 ref_gh reference curvature
ref_gh debug fence passed: rank=2 ref_gh UpdateReference
ref_gh debug fence passed: rank=2 ref_gh CalcRHS zero
ref_gh debug fence passed: rank=2 ref_gh CalcRHS psi
ref_gh debug fence passed: rank=0 ref_gh reference spin derivative
ref_gh debug fence passed: rank=4 ref_gh reference coordinate spin derivative
ref_gh debug fence passed: rank=9 ref_gh reference coordinate spin derivative
ref_gh debug fence passed: rank=4 ref_gh reference spin derivative
ref_gh debug fence passed: rank=11 ref_gh reference coordinate spin derivative
ref_gh debug fence passed: rank=9 ref_gh reference spin derivative
ref_gh debug fence passed: rank=10 ref_gh reference coordinate spin derivative
ref_gh debug fence passed: rank=11 ref_gh reference spin derivative
ref_gh debug fence passed: rank=0 ref_gh reference curvature
ref_gh debug fence passed: rank=0 ref_gh UpdateReference
ref_gh debug fence passed: rank=0 ref_gh CalcRHS zero
ref_gh debug fence passed: rank=10 ref_gh reference spin derivative
ref_gh debug fence passed: rank=0 ref_gh CalcRHS psi
ref_gh debug fence passed: rank=6 ref_gh reference coordinate spin derivative
ref_gh debug fence passed: rank=4 ref_gh reference curvature
ref_gh debug fence passed: rank=4 ref_gh UpdateReference
ref_gh debug fence passed: rank=4 ref_gh CalcRHS zero
ref_gh debug fence passed: rank=4 ref_gh CalcRHS psi
ref_gh debug fence passed: rank=6 ref_gh reference spin derivative
ref_gh debug fence passed: rank=9 ref_gh reference curvature
ref_gh debug fence passed: rank=9 ref_gh UpdateReference
ref_gh debug fence passed: rank=9 ref_gh CalcRHS zero
ref_gh debug fence passed: rank=5 ref_gh reference coordinate spin derivative
ref_gh debug fence passed: rank=9 ref_gh CalcRHS psi
ref_gh debug fence passed: rank=11 ref_gh reference curvature
ref_gh debug fence passed: rank=11 ref_gh UpdateReference
ref_gh debug fence passed: rank=11 ref_gh CalcRHS zero
ref_gh debug fence passed: rank=5 ref_gh reference spin derivative
ref_gh debug fence passed: rank=11 ref_gh CalcRHS psi
ref_gh debug fence passed: rank=10 ref_gh reference curvature
ref_gh debug fence passed: rank=10 ref_gh UpdateReference
ref_gh debug fence passed: rank=10 ref_gh CalcRHS zero
ref_gh debug fence passed: rank=10 ref_gh CalcRHS psi
ref_gh debug fence passed: rank=8 ref_gh reference coordinate spin derivative
ref_gh debug fence passed: rank=6 ref_gh reference curvature
ref_gh debug fence passed: rank=6 ref_gh UpdateReference
ref_gh debug fence passed: rank=6 ref_gh CalcRHS zero
ref_gh debug fence passed: rank=8 ref_gh reference spin derivative
ref_gh debug fence passed: rank=6 ref_gh CalcRHS psi
ref_gh debug fence passed: rank=5 ref_gh reference curvature
ref_gh debug fence passed: rank=5 ref_gh UpdateReference
ref_gh debug fence passed: rank=5 ref_gh CalcRHS zero
ref_gh debug fence passed: rank=5 ref_gh CalcRHS psi
ref_gh debug fence passed: rank=8 ref_gh reference curvature
ref_gh debug fence passed: rank=8 ref_gh UpdateReference
ref_gh debug fence passed: rank=8 ref_gh CalcRHS zero
ref_gh debug fence passed: rank=8 ref_gh CalcRHS psi
ref_gh debug fence passed: rank=3 ref_gh CalcRHS primary
ref_gh debug fence passed: rank=3 ref_gh CalcRHS compatible_phi
ref_gh debug fence passed: rank=3 ref_gh CalcRHS gamma2
ref_gh debug fence passed: rank=3 ref_gh CalcRHS dissipation
ref_gh debug fence passed: rank=3 ref_gh CalcRHS
ref_gh debug fence passed: rank=3 ref_gh ExpRKUpdate
ref_gh debug fence passed: rank=3 ref_gh RestrictU
ref_gh debug fence passed: rank=3 ref_gh SendU
ref_gh debug fence passed: rank=1 ref_gh CalcRHS primary
ref_gh debug fence passed: rank=1 ref_gh CalcRHS compatible_phi
ref_gh debug fence passed: rank=1 ref_gh CalcRHS gamma2
ref_gh debug fence passed: rank=1 ref_gh CalcRHS dissipation
ref_gh debug fence passed: rank=1 ref_gh CalcRHS
ref_gh debug fence passed: rank=1 ref_gh ExpRKUpdate
ref_gh debug fence passed: rank=1 ref_gh RestrictU
ref_gh debug fence passed: rank=1 ref_gh SendU
ref_gh debug fence passed: rank=7 ref_gh CalcRHS primary
ref_gh debug fence passed: rank=7 ref_gh CalcRHS compatible_phi
ref_gh debug fence passed: rank=2 ref_gh CalcRHS primary
ref_gh debug fence passed: rank=7 ref_gh CalcRHS gamma2
ref_gh debug fence passed: rank=2 ref_gh CalcRHS compatible_phi
ref_gh debug fence passed: rank=2 ref_gh CalcRHS gamma2
ref_gh debug fence passed: rank=7 ref_gh CalcRHS dissipation
ref_gh debug fence passed: rank=7 ref_gh CalcRHS
ref_gh debug fence passed: rank=2 ref_gh CalcRHS dissipation
ref_gh debug fence passed: rank=2 ref_gh CalcRHS
ref_gh debug fence passed: rank=7 ref_gh ExpRKUpdate
ref_gh debug fence passed: rank=2 ref_gh ExpRKUpdate
ref_gh debug fence passed: rank=2 ref_gh RestrictU
ref_gh debug fence passed: rank=7 ref_gh RestrictU
ref_gh debug fence passed: rank=2 ref_gh SendU
ref_gh debug fence passed: rank=7 ref_gh SendU
ref_gh debug fence passed: rank=0 ref_gh CalcRHS primary
ref_gh debug fence passed: rank=0 ref_gh CalcRHS compatible_phi
ref_gh debug fence passed: rank=0 ref_gh CalcRHS gamma2
ref_gh debug fence passed: rank=0 ref_gh CalcRHS dissipation
ref_gh debug fence passed: rank=0 ref_gh CalcRHS
ref_gh debug fence passed: rank=0 ref_gh ExpRKUpdate
ref_gh debug fence passed: rank=0 ref_gh RestrictU
ref_gh debug fence passed: rank=0 ref_gh SendU
ref_gh debug fence passed: rank=4 ref_gh CalcRHS primary
ref_gh debug fence passed: rank=4 ref_gh CalcRHS compatible_phi
ref_gh debug fence passed: rank=9 ref_gh CalcRHS primary
ref_gh debug fence passed: rank=4 ref_gh CalcRHS gamma2
ref_gh debug fence passed: rank=9 ref_gh CalcRHS compatible_phi
ref_gh debug fence passed: rank=9 ref_gh CalcRHS gamma2
ref_gh debug fence passed: rank=4 ref_gh CalcRHS dissipation
ref_gh debug fence passed: rank=4 ref_gh CalcRHS
ref_gh debug fence passed: rank=9 ref_gh CalcRHS dissipation
ref_gh debug fence passed: rank=9 ref_gh CalcRHS
ref_gh debug fence passed: rank=4 ref_gh ExpRKUpdate
ref_gh debug fence passed: rank=9 ref_gh ExpRKUpdate
ref_gh debug fence passed: rank=4 ref_gh RestrictU
ref_gh debug fence passed: rank=9 ref_gh RestrictU
ref_gh debug fence passed: rank=6 ref_gh CalcRHS primary
ref_gh debug fence passed: rank=6 ref_gh CalcRHS compatible_phi
ref_gh debug fence passed: rank=6 ref_gh CalcRHS gamma2
ref_gh debug fence passed: rank=4 ref_gh SendU
ref_gh debug fence passed: rank=11 ref_gh CalcRHS primary
ref_gh debug fence passed: rank=9 ref_gh SendU
ref_gh debug fence passed: rank=6 ref_gh CalcRHS dissipation
ref_gh debug fence passed: rank=6 ref_gh CalcRHS
ref_gh debug fence passed: rank=11 ref_gh CalcRHS compatible_phi
ref_gh debug fence passed: rank=11 ref_gh CalcRHS gamma2
ref_gh debug fence passed: rank=6 ref_gh ExpRKUpdate
ref_gh debug fence passed: rank=6 ref_gh RestrictU
ref_gh debug fence passed: rank=10 ref_gh CalcRHS primary
ref_gh debug fence passed: rank=11 ref_gh CalcRHS dissipation
ref_gh debug fence passed: rank=11 ref_gh CalcRHS
ref_gh debug fence passed: rank=10 ref_gh CalcRHS compatible_phi
ref_gh debug fence passed: rank=6 ref_gh SendU
ref_gh debug fence passed: rank=11 ref_gh ExpRKUpdate
ref_gh debug fence passed: rank=10 ref_gh CalcRHS gamma2
ref_gh debug fence passed: rank=11 ref_gh RestrictU
ref_gh debug fence passed: rank=10 ref_gh CalcRHS dissipation
ref_gh debug fence passed: rank=10 ref_gh CalcRHS
ref_gh debug fence passed: rank=11 ref_gh SendU
ref_gh debug fence passed: rank=10 ref_gh ExpRKUpdate
ref_gh debug fence passed: rank=10 ref_gh RestrictU
ref_gh debug fence passed: rank=5 ref_gh CalcRHS primary
ref_gh debug fence passed: rank=10 ref_gh SendU
ref_gh debug fence passed: rank=5 ref_gh CalcRHS compatible_phi
ref_gh debug fence passed: rank=5 ref_gh CalcRHS gamma2
ref_gh debug fence passed: rank=5 ref_gh CalcRHS dissipation
ref_gh debug fence passed: rank=5 ref_gh CalcRHS
ref_gh debug fence passed: rank=5 ref_gh ExpRKUpdate
ref_gh debug fence passed: rank=5 ref_gh RestrictU
ref_gh debug fence passed: rank=8 ref_gh CalcRHS primary
ref_gh debug fence passed: rank=8 ref_gh CalcRHS compatible_phi
ref_gh debug fence passed: rank=5 ref_gh SendU
ref_gh debug fence passed: rank=8 ref_gh CalcRHS gamma2
ref_gh debug fence passed: rank=8 ref_gh CalcRHS dissipation
ref_gh debug fence passed: rank=8 ref_gh CalcRHS
ref_gh debug fence passed: rank=8 ref_gh ExpRKUpdate
ref_gh debug fence passed: rank=8 ref_gh RestrictU
ref_gh debug fence passed: rank=8 ref_gh SendU
ref_gh debug fence passed: rank=0 ref_gh RecvU
ref_gh debug fence passed: rank=10 ref_gh RecvU
ref_gh debug fence passed: rank=4 ref_gh RecvU
ref_gh debug fence passed: rank=6 ref_gh RecvU
ref_gh debug fence passed: rank=5 ref_gh RecvU
ref_gh debug fence passed: rank=2 ref_gh RecvU
ref_gh debug fence passed: rank=3 ref_gh RecvU
ref_gh debug fence passed: rank=0 ref_gh Prolongate
ref_gh debug fence passed: rank=9 ref_gh RecvU
ref_gh debug fence passed: rank=10 ref_gh Prolongate
ref_gh debug fence passed: rank=0 ref_gh ApplyPhysicalBCs
ref_gh debug fence passed: rank=11 ref_gh RecvU
ref_gh debug fence passed: rank=1 ref_gh RecvU
ref_gh debug fence passed: rank=10 ref_gh ApplyPhysicalBCs
ref_gh debug fence passed: rank=9 ref_gh Prolongate
ref_gh debug fence passed: rank=7 ref_gh RecvU
ref_gh debug fence passed: rank=9 ref_gh ApplyPhysicalBCs
ref_gh debug fence passed: rank=11 ref_gh Prolongate
ref_gh debug fence passed: rank=1 ref_gh Prolongate
ref_gh debug fence passed: rank=11 ref_gh ApplyPhysicalBCs
ref_gh debug fence passed: rank=1 ref_gh ApplyPhysicalBCs
ref_gh debug fence passed: rank=7 ref_gh Prolongate
ref_gh debug fence passed: rank=7 ref_gh ApplyPhysicalBCs
ref_gh debug fence passed: rank=0 ref_gh NewTimeStep
ref_gh debug fence passed: rank=0 ref_gh ClearSend enter
ref_gh debug fence passed: rank=0 ref_gh ClearSend exit
ref_gh debug fence passed: rank=0 ref_gh ClearRecv enter
ref_gh debug fence passed: rank=0 ref_gh ClearRecv exit
ref_gh debug fence passed: rank=10 ref_gh NewTimeStep
ref_gh debug fence passed: rank=10 ref_gh ClearSend enter
ref_gh debug fence passed: rank=10 ref_gh ClearSend exit
ref_gh debug fence passed: rank=10 ref_gh ClearRecv enter
ref_gh debug fence passed: rank=10 ref_gh ClearRecv exit
ref_gh debug fence passed: rank=9 ref_gh NewTimeStep
ref_gh debug fence passed: rank=9 ref_gh ClearSend enter
ref_gh debug fence passed: rank=9 ref_gh ClearSend exit
ref_gh debug fence passed: rank=9 ref_gh ClearRecv enter
ref_gh debug fence passed: rank=9 ref_gh ClearRecv exit
ref_gh debug fence passed: rank=11 ref_gh NewTimeStep
ref_gh debug fence passed: rank=11 ref_gh ClearSend enter
ref_gh debug fence passed: rank=11 ref_gh ClearSend exit
ref_gh debug fence passed: rank=11 ref_gh ClearRecv enter
ref_gh debug fence passed: rank=11 ref_gh ClearRecv exit
ref_gh debug fence passed: rank=1 ref_gh NewTimeStep
ref_gh debug fence passed: rank=1 ref_gh ClearSend enter
ref_gh debug fence passed: rank=1 ref_gh ClearSend exit
ref_gh debug fence passed: rank=1 ref_gh ClearRecv enter
ref_gh debug fence passed: rank=1 ref_gh ClearRecv exit
ref_gh debug fence passed: rank=7 ref_gh NewTimeStep
ref_gh debug fence passed: rank=7 ref_gh ClearSend enter
ref_gh debug fence passed: rank=7 ref_gh ClearSend exit
ref_gh debug fence passed: rank=7 ref_gh ClearRecv enter
ref_gh debug fence passed: rank=7 ref_gh ClearRecv exit
ref_gh debug fence passed: rank=6 ref_gh Prolongate
ref_gh debug fence passed: rank=6 ref_gh ApplyPhysicalBCs
ref_gh debug fence passed: rank=8 ref_gh RecvU
ref_gh debug fence passed: rank=8 ref_gh Prolongate
ref_gh debug fence passed: rank=8 ref_gh ApplyPhysicalBCs
ref_gh debug fence passed: rank=6 ref_gh NewTimeStep
ref_gh debug fence passed: rank=6 ref_gh ClearSend enter
ref_gh debug fence passed: rank=6 ref_gh ClearSend exit
ref_gh debug fence passed: rank=6 ref_gh ClearRecv enter
ref_gh debug fence passed: rank=6 ref_gh ClearRecv exit
ref_gh debug fence passed: rank=4 ref_gh Prolongate
ref_gh debug fence passed: rank=4 ref_gh ApplyPhysicalBCs
ref_gh debug fence passed: rank=5 ref_gh Prolongate
ref_gh debug fence passed: rank=3 ref_gh Prolongate
ref_gh debug fence passed: rank=2 ref_gh Prolongate
ref_gh debug fence passed: rank=5 ref_gh ApplyPhysicalBCs
ref_gh debug fence passed: rank=3 ref_gh ApplyPhysicalBCs
ref_gh debug fence passed: rank=2 ref_gh ApplyPhysicalBCs
ref_gh debug fence passed: rank=8 ref_gh NewTimeStep
ref_gh debug fence passed: rank=8 ref_gh ClearSend enter
ref_gh debug fence passed: rank=8 ref_gh ClearSend exit
ref_gh debug fence passed: rank=8 ref_gh ClearRecv enter
ref_gh debug fence passed: rank=8 ref_gh ClearRecv exit
ref_gh debug fence passed: rank=4 ref_gh NewTimeStep
ref_gh debug fence passed: rank=4 ref_gh ClearSend enter
ref_gh debug fence passed: rank=4 ref_gh ClearSend exit
ref_gh debug fence passed: rank=4 ref_gh ClearRecv enter
ref_gh debug fence passed: rank=4 ref_gh ClearRecv exit
ref_gh debug fence passed: rank=5 ref_gh NewTimeStep
ref_gh debug fence passed: rank=5 ref_gh ClearSend enter
ref_gh debug fence passed: rank=5 ref_gh ClearSend exit
ref_gh debug fence passed: rank=5 ref_gh ClearRecv enter
ref_gh debug fence passed: rank=5 ref_gh ClearRecv exit
ref_gh debug fence passed: rank=3 ref_gh NewTimeStep
ref_gh debug fence passed: rank=3 ref_gh ClearSend enter
ref_gh debug fence passed: rank=3 ref_gh ClearSend exit
ref_gh debug fence passed: rank=3 ref_gh ClearRecv enter
ref_gh debug fence passed: rank=3 ref_gh ClearRecv exit
ref_gh debug fence passed: rank=2 ref_gh NewTimeStep
ref_gh debug fence passed: rank=2 ref_gh ClearSend enter
ref_gh debug fence passed: rank=2 ref_gh ClearSend exit
ref_gh debug fence passed: rank=2 ref_gh ClearRecv enter
ref_gh debug fence passed: rank=2 ref_gh ClearRecv exit
ref_gh debug fence passed: rank=0 ref_gh MeasureController
ref_gh debug fence passed: rank=1 ref_gh MeasureController
ref_gh debug fence passed: rank=2 ref_gh MeasureController
ref_gh debug fence passed: rank=3 ref_gh MeasureController
ref_gh debug fence passed: rank=4 ref_gh MeasureController
ref_gh debug fence passed: rank=5 ref_gh MeasureController
ref_gh debug fence passed: rank=6 ref_gh MeasureController
ref_gh debug fence passed: rank=7 ref_gh MeasureController
ref_gh debug fence passed: rank=8 ref_gh MeasureController
ref_gh debug fence passed: rank=9 ref_gh MeasureController
ref_gh debug fence passed: rank=10 ref_gh MeasureController
ref_gh debug fence passed: rank=11 ref_gh MeasureController
ref_gh debug fence passed: rank=3 ref_gh reference provider profiles
ref_gh debug fence passed: rank=1 ref_gh reference provider profiles
ref_gh debug fence passed: rank=7 ref_gh reference provider profiles
ref_gh debug fence passed: rank=2 ref_gh reference provider profiles
ref_gh debug fence passed: rank=0 ref_gh reference provider profiles
ref_gh debug fence passed: rank=3 ref_gh reference frame jets
ref_gh debug fence passed: rank=3 ref_gh reference spatial frame
ref_gh debug fence passed: rank=6 ref_gh reference provider profiles
ref_gh debug fence passed: rank=1 ref_gh reference frame jets
ref_gh debug fence passed: rank=1 ref_gh reference spatial frame
ref_gh debug fence passed: rank=3 ref_gh reference structure coefficients
ref_gh debug fence passed: rank=2 ref_gh reference frame jets
ref_gh debug fence passed: rank=2 ref_gh reference spatial frame
ref_gh debug fence passed: rank=7 ref_gh reference frame jets
ref_gh debug fence passed: rank=7 ref_gh reference spatial frame
ref_gh debug fence passed: rank=0 ref_gh reference frame jets
ref_gh debug fence passed: rank=0 ref_gh reference spatial frame
ref_gh debug fence passed: rank=9 ref_gh reference provider profiles
ref_gh debug fence passed: rank=11 ref_gh reference provider profiles
ref_gh debug fence passed: rank=1 ref_gh reference structure coefficients
ref_gh debug fence passed: rank=4 ref_gh reference provider profiles
ref_gh debug fence passed: rank=5 ref_gh reference provider profiles
ref_gh debug fence passed: rank=10 ref_gh reference provider profiles
ref_gh debug fence passed: rank=2 ref_gh reference structure coefficients
ref_gh debug fence passed: rank=8 ref_gh reference provider profiles
ref_gh debug fence passed: rank=6 ref_gh reference frame jets
ref_gh debug fence passed: rank=6 ref_gh reference spatial frame
ref_gh debug fence passed: rank=0 ref_gh reference structure coefficients
ref_gh debug fence passed: rank=7 ref_gh reference structure coefficients
ref_gh debug fence passed: rank=9 ref_gh reference frame jets
ref_gh debug fence passed: rank=11 ref_gh reference frame jets
ref_gh debug fence passed: rank=9 ref_gh reference spatial frame
ref_gh debug fence passed: rank=11 ref_gh reference spatial frame
ref_gh debug fence passed: rank=5 ref_gh reference frame jets
ref_gh debug fence passed: rank=4 ref_gh reference frame jets
ref_gh debug fence passed: rank=5 ref_gh reference spatial frame
ref_gh debug fence passed: rank=4 ref_gh reference spatial frame
ref_gh debug fence passed: rank=10 ref_gh reference frame jets
ref_gh debug fence passed: rank=10 ref_gh reference spatial frame
ref_gh debug fence passed: rank=6 ref_gh reference structure coefficients
ref_gh debug fence passed: rank=8 ref_gh reference frame jets
ref_gh debug fence passed: rank=8 ref_gh reference spatial frame
ref_gh debug fence passed: rank=9 ref_gh reference structure coefficients
ref_gh debug fence passed: rank=11 ref_gh reference structure coefficients
ref_gh debug fence passed: rank=5 ref_gh reference structure coefficients
ref_gh debug fence passed: rank=4 ref_gh reference structure coefficients
ref_gh debug fence passed: rank=10 ref_gh reference structure coefficients
ref_gh debug fence passed: rank=8 ref_gh reference structure coefficients
ref_gh debug fence passed: rank=3 ref_gh reference metric jets
ref_gh debug fence passed: rank=1 ref_gh reference metric jets
ref_gh debug fence passed: rank=3 ref_gh reference connection
ref_gh debug fence passed: rank=7 ref_gh reference metric jets
ref_gh debug fence passed: rank=1 ref_gh reference connection
ref_gh debug fence passed: rank=2 ref_gh reference metric jets
ref_gh debug fence passed: rank=7 ref_gh reference connection
ref_gh debug fence passed: rank=3 ref_gh reference mixed gauge derivative
ref_gh debug fence passed: rank=1 ref_gh reference mixed gauge derivative
ref_gh debug fence passed: rank=11 ref_gh reference metric jets
ref_gh debug fence passed: rank=0 ref_gh reference metric jets
ref_gh debug fence passed: rank=4 ref_gh reference metric jets
ref_gh debug fence passed: rank=2 ref_gh reference connection
ref_gh debug fence passed: rank=9 ref_gh reference metric jets
ref_gh debug fence passed: rank=10 ref_gh reference metric jets
ref_gh debug fence passed: rank=7 ref_gh reference mixed gauge derivative
ref_gh debug fence passed: rank=11 ref_gh reference connection
ref_gh debug fence passed: rank=0 ref_gh reference connection
ref_gh debug fence passed: rank=4 ref_gh reference connection
ref_gh debug fence passed: rank=9 ref_gh reference connection
ref_gh debug fence passed: rank=3 ref_gh reference theta time derivative
ref_gh debug fence passed: rank=10 ref_gh reference connection
ref_gh debug fence passed: rank=6 ref_gh reference metric jets
ref_gh debug fence passed: rank=2 ref_gh reference mixed gauge derivative
ref_gh debug fence passed: rank=5 ref_gh reference metric jets
ref_gh debug fence passed: rank=1 ref_gh reference theta time derivative
ref_gh debug fence passed: rank=8 ref_gh reference metric jets
ref_gh debug fence passed: rank=3 ref_gh reference spin connection
ref_gh debug fence passed: rank=6 ref_gh reference connection
ref_gh debug fence passed: rank=1 ref_gh reference spin connection
ref_gh debug fence passed: rank=4 ref_gh reference mixed gauge derivative
ref_gh debug fence passed: rank=0 ref_gh reference mixed gauge derivative
ref_gh debug fence passed: rank=3 ref_gh reference coframe derivative
ref_gh debug fence passed: rank=7 ref_gh reference theta time derivative
ref_gh debug fence passed: rank=5 ref_gh reference connection
ref_gh debug fence passed: rank=11 ref_gh reference mixed gauge derivative
ref_gh debug fence passed: rank=9 ref_gh reference mixed gauge derivative
ref_gh debug fence passed: rank=8 ref_gh reference connection
ref_gh debug fence passed: rank=1 ref_gh reference coframe derivative
ref_gh debug fence passed: rank=10 ref_gh reference mixed gauge derivative
ref_gh debug fence passed: rank=7 ref_gh reference spin connection
ref_gh debug fence passed: rank=2 ref_gh reference theta time derivative
ref_gh debug fence passed: rank=7 ref_gh reference coframe derivative
ref_gh debug fence passed: rank=6 ref_gh reference mixed gauge derivative
ref_gh debug fence passed: rank=5 ref_gh reference mixed gauge derivative
ref_gh debug fence passed: rank=2 ref_gh reference spin connection
ref_gh debug fence passed: rank=8 ref_gh reference mixed gauge derivative
ref_gh debug fence passed: rank=4 ref_gh reference theta time derivative
ref_gh debug fence passed: rank=0 ref_gh reference theta time derivative
ref_gh debug fence passed: rank=11 ref_gh reference theta time derivative
ref_gh debug fence passed: rank=9 ref_gh reference theta time derivative
ref_gh debug fence passed: rank=2 ref_gh reference coframe derivative
ref_gh debug fence passed: rank=10 ref_gh reference theta time derivative
ref_gh debug fence passed: rank=4 ref_gh reference spin connection
ref_gh debug fence passed: rank=0 ref_gh reference spin connection
ref_gh debug fence passed: rank=11 ref_gh reference spin connection
ref_gh debug fence passed: rank=9 ref_gh reference spin connection
ref_gh debug fence passed: rank=4 ref_gh reference coframe derivative
ref_gh debug fence passed: rank=10 ref_gh reference spin connection
ref_gh debug fence passed: rank=0 ref_gh reference coframe derivative
ref_gh debug fence passed: rank=11 ref_gh reference coframe derivative
ref_gh debug fence passed: rank=9 ref_gh reference coframe derivative
ref_gh debug fence passed: rank=5 ref_gh reference theta time derivative
ref_gh debug fence passed: rank=6 ref_gh reference theta time derivative
ref_gh debug fence passed: rank=10 ref_gh reference coframe derivative
ref_gh debug fence passed: rank=8 ref_gh reference theta time derivative
ref_gh debug fence passed: rank=5 ref_gh reference spin connection
ref_gh debug fence passed: rank=6 ref_gh reference spin connection
ref_gh debug fence passed: rank=8 ref_gh reference spin connection
ref_gh debug fence passed: rank=5 ref_gh reference coframe derivative
ref_gh debug fence passed: rank=6 ref_gh reference coframe derivative
ref_gh debug fence passed: rank=8 ref_gh reference coframe derivative
ref_gh debug fence passed: rank=3 ref_gh reference coordinate spin derivative
ref_gh debug fence passed: rank=3 ref_gh reference spin derivative
ref_gh debug fence passed: rank=1 ref_gh reference coordinate spin derivative
ref_gh debug fence passed: rank=1 ref_gh reference spin derivative
ref_gh debug fence passed: rank=3 ref_gh reference curvature
ref_gh debug fence passed: rank=3 ref_gh reference Ricci
ref_gh debug fence passed: rank=3 ref_gh diagnostics reference
ref_gh debug fence passed: rank=7 ref_gh reference coordinate spin derivative
ref_gh debug fence passed: rank=1 ref_gh reference curvature
ref_gh debug fence passed: rank=1 ref_gh reference Ricci
ref_gh debug fence passed: rank=1 ref_gh diagnostics reference
ref_gh debug fence passed: rank=7 ref_gh reference spin derivative
ref_gh debug fence passed: rank=2 ref_gh reference coordinate spin derivative
ref_gh debug fence passed: rank=7 ref_gh reference curvature
ref_gh debug fence passed: rank=2 ref_gh reference spin derivative
ref_gh debug fence passed: rank=7 ref_gh reference Ricci
ref_gh debug fence passed: rank=7 ref_gh diagnostics reference
ref_gh debug fence passed: rank=0 ref_gh reference coordinate spin derivative
ref_gh debug fence passed: rank=2 ref_gh reference curvature
ref_gh debug fence passed: rank=4 ref_gh reference coordinate spin derivative
ref_gh debug fence passed: rank=2 ref_gh reference Ricci
ref_gh debug fence passed: rank=2 ref_gh diagnostics reference
ref_gh debug fence passed: rank=0 ref_gh reference spin derivative
ref_gh debug fence passed: rank=4 ref_gh reference spin derivative
ref_gh debug fence passed: rank=9 ref_gh reference coordinate spin derivative
ref_gh debug fence passed: rank=11 ref_gh reference coordinate spin derivative
ref_gh debug fence passed: rank=9 ref_gh reference spin derivative
ref_gh debug fence passed: rank=0 ref_gh reference curvature
ref_gh debug fence passed: rank=0 ref_gh reference Ricci
ref_gh debug fence passed: rank=0 ref_gh diagnostics reference
ref_gh debug fence passed: rank=11 ref_gh reference spin derivative
ref_gh debug fence passed: rank=10 ref_gh reference coordinate spin derivative
ref_gh debug fence passed: rank=4 ref_gh reference curvature
ref_gh debug fence passed: rank=10 ref_gh reference spin derivative
ref_gh debug fence passed: rank=4 ref_gh reference Ricci
ref_gh debug fence passed: rank=4 ref_gh diagnostics reference
ref_gh debug fence passed: rank=6 ref_gh reference coordinate spin derivative
ref_gh debug fence passed: rank=9 ref_gh reference curvature
ref_gh debug fence passed: rank=5 ref_gh reference coordinate spin derivative
ref_gh debug fence passed: rank=9 ref_gh reference Ricci
ref_gh debug fence passed: rank=9 ref_gh diagnostics reference
ref_gh debug fence passed: rank=6 ref_gh reference spin derivative
ref_gh debug fence passed: rank=11 ref_gh reference curvature
ref_gh debug fence passed: rank=11 ref_gh reference Ricci
ref_gh debug fence passed: rank=11 ref_gh diagnostics reference
ref_gh debug fence passed: rank=5 ref_gh reference spin derivative
ref_gh debug fence passed: rank=10 ref_gh reference curvature
ref_gh debug fence passed: rank=8 ref_gh reference coordinate spin derivative
ref_gh debug fence passed: rank=10 ref_gh reference Ricci
ref_gh debug fence passed: rank=10 ref_gh diagnostics reference
ref_gh debug fence passed: rank=8 ref_gh reference spin derivative
ref_gh debug fence passed: rank=6 ref_gh reference curvature
ref_gh debug fence passed: rank=6 ref_gh reference Ricci
ref_gh debug fence passed: rank=6 ref_gh diagnostics reference
ref_gh debug fence passed: rank=5 ref_gh reference curvature
ref_gh debug fence passed: rank=5 ref_gh reference Ricci
ref_gh debug fence passed: rank=5 ref_gh diagnostics reference
ref_gh debug fence passed: rank=8 ref_gh reference curvature
ref_gh debug fence passed: rank=8 ref_gh reference Ricci
ref_gh debug fence passed: rank=8 ref_gh diagnostics reference
ref_gh debug fence passed: rank=3 ref_gh diagnostics ADM reconstruction
ref_gh debug fence passed: rank=1 ref_gh diagnostics ADM reconstruction
ref_gh debug fence passed: rank=2 ref_gh diagnostics ADM reconstruction
ref_gh debug fence passed: rank=7 ref_gh diagnostics ADM reconstruction
ref_gh debug fence passed: rank=0 ref_gh diagnostics ADM reconstruction
ref_gh debug fence passed: rank=4 ref_gh diagnostics ADM reconstruction
ref_gh debug fence passed: rank=9 ref_gh diagnostics ADM reconstruction
ref_gh debug fence passed: rank=6 ref_gh diagnostics ADM reconstruction
ref_gh debug fence passed: rank=11 ref_gh diagnostics ADM reconstruction
ref_gh debug fence passed: rank=10 ref_gh diagnostics ADM reconstruction
ref_gh debug fence passed: rank=5 ref_gh diagnostics ADM reconstruction
ref_gh debug fence passed: rank=8 ref_gh diagnostics ADM reconstruction
ref_gh debug fence passed: rank=3 ref_gh diagnostics constraints
ref_gh debug fence passed: rank=3 ref_gh diagnostics metric condition
ref_gh debug fence passed: rank=1 ref_gh diagnostics constraints
ref_gh debug fence passed: rank=1 ref_gh diagnostics metric condition
ref_gh debug fence passed: rank=2 ref_gh diagnostics constraints
ref_gh debug fence passed: rank=2 ref_gh diagnostics metric condition
ref_gh debug fence passed: rank=7 ref_gh diagnostics constraints
ref_gh debug fence passed: rank=7 ref_gh diagnostics metric condition
ref_gh debug fence passed: rank=0 ref_gh diagnostics constraints
ref_gh debug fence passed: rank=0 ref_gh diagnostics metric condition
ref_gh debug fence passed: rank=4 ref_gh diagnostics constraints
ref_gh debug fence passed: rank=4 ref_gh diagnostics metric condition
ref_gh debug fence passed: rank=6 ref_gh diagnostics constraints
ref_gh debug fence passed: rank=6 ref_gh diagnostics metric condition
ref_gh debug fence passed: rank=9 ref_gh diagnostics constraints
ref_gh debug fence passed: rank=9 ref_gh diagnostics metric condition
ref_gh debug fence passed: rank=5 ref_gh diagnostics constraints
ref_gh debug fence passed: rank=5 ref_gh diagnostics metric condition
ref_gh debug fence passed: rank=10 ref_gh diagnostics constraints
ref_gh debug fence passed: rank=10 ref_gh diagnostics metric condition
ref_gh debug fence passed: rank=8 ref_gh diagnostics constraints
ref_gh debug fence passed: rank=8 ref_gh diagnostics metric condition
ref_gh debug fence passed: rank=11 ref_gh diagnostics constraints
ref_gh debug fence passed: rank=11 ref_gh diagnostics metric condition
ref_gh debug fence passed: rank=0 ref_gh MeasureController
ref_gh debug fence passed: rank=0 ref_gh paired power sample kernel
ref_gh debug fence passed: rank=1 ref_gh MeasureController
ref_gh debug fence passed: rank=1 ref_gh paired power sample kernel
ref_gh debug fence passed: rank=2 ref_gh MeasureController
ref_gh debug fence passed: rank=3 ref_gh MeasureController
ref_gh debug fence passed: rank=4 ref_gh MeasureController
ref_gh debug fence passed: rank=5 ref_gh MeasureController
ref_gh debug fence passed: rank=6 ref_gh MeasureController
ref_gh debug fence passed: rank=6 ref_gh paired power sample kernel
ref_gh debug fence passed: rank=7 ref_gh MeasureController
ref_gh debug fence passed: rank=7 ref_gh paired power sample kernel
ref_gh debug fence passed: rank=8 ref_gh MeasureController
ref_gh debug fence passed: rank=8 ref_gh paired power sample kernel
ref_gh debug fence passed: rank=9 ref_gh MeasureController
ref_gh debug fence passed: rank=9 ref_gh paired power sample kernel
ref_gh debug fence passed: rank=10 ref_gh MeasureController
ref_gh debug fence passed: rank=10 ref_gh paired power sample kernel
ref_gh debug fence passed: rank=11 ref_gh MeasureController
ref_gh debug fence passed: rank=11 ref_gh paired power sample kernel
ref_gh debug fence passed: rank=2 ref_gh paired power sample kernel
ref_gh debug fence passed: rank=4 ref_gh paired power sample kernel
ref_gh debug fence passed: rank=5 ref_gh paired power sample kernel
ref_gh debug fence passed: rank=3 ref_gh paired power sample kernel
ref_gh debug fence passed: rank=0 ref_gh paired power diagnostic reduction
ref_gh debug fence passed: rank=1 ref_gh paired power diagnostic reduction
ref_gh debug fence passed: rank=2 ref_gh paired power diagnostic reduction
ref_gh debug fence passed: rank=3 ref_gh paired power diagnostic reduction
ref_gh debug fence passed: rank=4 ref_gh paired power diagnostic reduction
ref_gh debug fence passed: rank=5 ref_gh paired power diagnostic reduction
ref_gh debug fence passed: rank=6 ref_gh paired power diagnostic reduction
ref_gh debug fence passed: rank=7 ref_gh paired power diagnostic reduction
ref_gh debug fence passed: rank=8 ref_gh paired power diagnostic reduction
ref_gh debug fence passed: rank=9 ref_gh paired power diagnostic reduction
ref_gh debug fence passed: rank=9 ref_gh diagnostics reference
ref_gh debug fence passed: rank=10 ref_gh paired power diagnostic reduction
ref_gh debug fence passed: rank=10 ref_gh diagnostics reference
ref_gh debug fence passed: rank=11 ref_gh paired power diagnostic reduction
ref_gh debug fence passed: rank=11 ref_gh diagnostics reference
ref_gh debug fence passed: rank=1 ref_gh diagnostics reference
ref_gh debug fence passed: rank=2 ref_gh diagnostics reference
ref_gh debug fence passed: rank=3 ref_gh diagnostics reference
ref_gh debug fence passed: rank=4 ref_gh diagnostics reference
ref_gh debug fence passed: rank=5 ref_gh diagnostics reference
ref_gh debug fence passed: rank=6 ref_gh diagnostics reference
ref_gh debug fence passed: rank=7 ref_gh diagnostics reference
ref_gh debug fence passed: rank=8 ref_gh diagnostics reference
ref_gh debug fence passed: rank=0 ref_gh diagnostics reference
ref_gh debug fence passed: rank=1 ref_gh diagnostics ADM reconstruction
ref_gh debug fence passed: rank=2 ref_gh diagnostics ADM reconstruction
ref_gh debug fence passed: rank=3 ref_gh diagnostics ADM reconstruction
ref_gh debug fence passed: rank=0 ref_gh diagnostics ADM reconstruction
ref_gh debug fence passed: rank=7 ref_gh diagnostics ADM reconstruction
ref_gh debug fence passed: rank=6 ref_gh diagnostics ADM reconstruction
ref_gh debug fence passed: rank=5 ref_gh diagnostics ADM reconstruction
ref_gh debug fence passed: rank=4 ref_gh diagnostics ADM reconstruction
ref_gh debug fence passed: rank=9 ref_gh diagnostics ADM reconstruction
ref_gh debug fence passed: rank=8 ref_gh diagnostics ADM reconstruction
ref_gh debug fence passed: rank=11 ref_gh diagnostics ADM reconstruction
ref_gh debug fence passed: rank=10 ref_gh diagnostics ADM reconstruction
ref_gh debug fence passed: rank=2 ref_gh diagnostics constraints
ref_gh debug fence passed: rank=2 ref_gh diagnostics metric condition
ref_gh debug fence passed: rank=1 ref_gh diagnostics constraints
ref_gh debug fence passed: rank=1 ref_gh diagnostics metric condition
ref_gh debug fence passed: rank=3 ref_gh diagnostics constraints
ref_gh debug fence passed: rank=3 ref_gh diagnostics metric condition
ref_gh debug fence passed: rank=0 ref_gh diagnostics constraints
ref_gh debug fence passed: rank=0 ref_gh diagnostics metric condition
ref_gh debug fence passed: rank=7 ref_gh diagnostics constraints
ref_gh debug fence passed: rank=7 ref_gh diagnostics metric condition
ref_gh debug fence passed: rank=6 ref_gh diagnostics constraints
ref_gh debug fence passed: rank=6 ref_gh diagnostics metric condition
ref_gh debug fence passed: rank=5 ref_gh diagnostics constraints
ref_gh debug fence passed: rank=5 ref_gh diagnostics metric condition
ref_gh debug fence passed: rank=9 ref_gh diagnostics constraints
ref_gh debug fence passed: rank=9 ref_gh diagnostics metric condition
ref_gh debug fence passed: rank=4 ref_gh diagnostics constraints
ref_gh debug fence passed: rank=4 ref_gh diagnostics metric condition
ref_gh debug fence passed: rank=8 ref_gh diagnostics constraints
ref_gh debug fence passed: rank=8 ref_gh diagnostics metric condition
ref_gh debug fence passed: rank=11 ref_gh diagnostics constraints
ref_gh debug fence passed: rank=11 ref_gh diagnostics metric condition
ref_gh debug fence passed: rank=10 ref_gh diagnostics constraints
ref_gh debug fence passed: rank=10 ref_gh diagnostics metric condition
ref_gh debug fence passed: rank=1 ref_gh history sums
ref_gh debug fence passed: rank=1 ref_gh history state maxima
ref_gh debug fence passed: rank=1 ref_gh history diagnostic maxima
ref_gh debug fence passed: rank=1 ref_gh relative gauge diagnostic maxima
ref_gh debug fence passed: rank=1 ref_gh history geometry maxima
ref_gh debug fence passed: rank=2 ref_gh history sums
ref_gh debug fence passed: rank=2 ref_gh history state maxima
ref_gh debug fence passed: rank=2 ref_gh history diagnostic maxima
ref_gh debug fence passed: rank=2 ref_gh relative gauge diagnostic maxima
ref_gh debug fence passed: rank=2 ref_gh history geometry maxima
ref_gh debug fence passed: rank=0 ref_gh history sums
ref_gh debug fence passed: rank=0 ref_gh history state maxima
ref_gh debug fence passed: rank=0 ref_gh history diagnostic maxima
ref_gh debug fence passed: rank=0 ref_gh relative gauge diagnostic maxima
ref_gh debug fence passed: rank=0 ref_gh history geometry maxima
ref_gh debug fence passed: rank=6 ref_gh history sums
ref_gh debug fence passed: rank=6 ref_gh history state maxima
ref_gh debug fence passed: rank=6 ref_gh history diagnostic maxima
ref_gh debug fence passed: rank=6 ref_gh relative gauge diagnostic maxima
ref_gh debug fence passed: rank=6 ref_gh history geometry maxima
ref_gh debug fence passed: rank=4 ref_gh history sums
ref_gh debug fence passed: rank=4 ref_gh history state maxima
ref_gh debug fence passed: rank=3 ref_gh history sums
ref_gh debug fence passed: rank=4 ref_gh history diagnostic maxima
ref_gh debug fence passed: rank=4 ref_gh relative gauge diagnostic maxima
ref_gh debug fence passed: rank=4 ref_gh history geometry maxima
ref_gh debug fence passed: rank=3 ref_gh history state maxima
ref_gh debug fence passed: rank=3 ref_gh history diagnostic maxima
ref_gh debug fence passed: rank=3 ref_gh relative gauge diagnostic maxima
ref_gh debug fence passed: rank=3 ref_gh history geometry maxima
ref_gh debug fence passed: rank=8 ref_gh history sums
ref_gh debug fence passed: rank=8 ref_gh history state maxima
ref_gh debug fence passed: rank=8 ref_gh history diagnostic maxima
ref_gh debug fence passed: rank=8 ref_gh relative gauge diagnostic maxima
ref_gh debug fence passed: rank=8 ref_gh history geometry maxima
ref_gh debug fence passed: rank=10 ref_gh history sums
ref_gh debug fence passed: rank=10 ref_gh history state maxima
ref_gh debug fence passed: rank=10 ref_gh history diagnostic maxima
ref_gh debug fence passed: rank=10 ref_gh relative gauge diagnostic maxima
ref_gh debug fence passed: rank=10 ref_gh history geometry maxima
ref_gh debug fence passed: rank=7 ref_gh history sums
ref_gh debug fence passed: rank=7 ref_gh history state maxima
ref_gh debug fence passed: rank=9 ref_gh history sums
ref_gh debug fence passed: rank=7 ref_gh history diagnostic maxima
ref_gh debug fence passed: rank=7 ref_gh relative gauge diagnostic maxima
ref_gh debug fence passed: rank=7 ref_gh history geometry maxima
ref_gh debug fence passed: rank=9 ref_gh history state maxima
ref_gh debug fence passed: rank=9 ref_gh history diagnostic maxima
ref_gh debug fence passed: rank=9 ref_gh relative gauge diagnostic maxima
ref_gh debug fence passed: rank=9 ref_gh history geometry maxima
ref_gh debug fence passed: rank=5 ref_gh history sums
ref_gh debug fence passed: rank=5 ref_gh history state maxima
ref_gh debug fence passed: rank=5 ref_gh history diagnostic maxima
ref_gh debug fence passed: rank=5 ref_gh relative gauge diagnostic maxima
ref_gh debug fence passed: rank=5 ref_gh history geometry maxima
ref_gh debug fence passed: rank=11 ref_gh history sums
ref_gh debug fence passed: rank=11 ref_gh history state maxima
ref_gh debug fence passed: rank=11 ref_gh history diagnostic maxima
ref_gh debug fence passed: rank=11 ref_gh relative gauge diagnostic maxima
ref_gh debug fence passed: rank=11 ref_gh history geometry maxima
ref_gh debug fence passed: rank=0 ref_gh MeasureController
ref_gh debug fence passed: rank=0 ref_gh diagnostics reference
ref_gh debug fence passed: rank=1 ref_gh MeasureController
ref_gh debug fence passed: rank=1 ref_gh diagnostics reference
ref_gh debug fence passed: rank=2 ref_gh MeasureController
ref_gh debug fence passed: rank=2 ref_gh diagnostics reference
ref_gh debug fence passed: rank=3 ref_gh MeasureController
ref_gh debug fence passed: rank=3 ref_gh diagnostics reference
ref_gh debug fence passed: rank=4 ref_gh MeasureController
ref_gh debug fence passed: rank=4 ref_gh diagnostics reference
ref_gh debug fence passed: rank=5 ref_gh MeasureController
ref_gh debug fence passed: rank=5 ref_gh diagnostics reference
ref_gh debug fence passed: rank=6 ref_gh MeasureController
ref_gh debug fence passed: rank=6 ref_gh diagnostics reference
ref_gh debug fence passed: rank=7 ref_gh MeasureController
ref_gh debug fence passed: rank=7 ref_gh diagnostics reference
ref_gh debug fence passed: rank=8 ref_gh MeasureController
ref_gh debug fence passed: rank=8 ref_gh diagnostics reference
ref_gh debug fence passed: rank=9 ref_gh MeasureController
ref_gh debug fence passed: rank=9 ref_gh diagnostics reference
ref_gh debug fence passed: rank=10 ref_gh MeasureController
ref_gh debug fence passed: rank=10 ref_gh diagnostics reference
ref_gh debug fence passed: rank=11 ref_gh MeasureController
ref_gh debug fence passed: rank=11 ref_gh diagnostics reference
ref_gh debug fence passed: rank=1 ref_gh diagnostics ADM reconstruction
ref_gh debug fence passed: rank=0 ref_gh diagnostics ADM reconstruction
ref_gh debug fence passed: rank=9 ref_gh diagnostics ADM reconstruction
ref_gh debug fence passed: rank=7 ref_gh diagnostics ADM reconstruction
ref_gh debug fence passed: rank=2 ref_gh diagnostics ADM reconstruction
ref_gh debug fence passed: rank=6 ref_gh diagnostics ADM reconstruction
ref_gh debug fence passed: rank=8 ref_gh diagnostics ADM reconstruction
ref_gh debug fence passed: rank=5 ref_gh diagnostics ADM reconstruction
ref_gh debug fence passed: rank=3 ref_gh diagnostics ADM reconstruction
ref_gh debug fence passed: rank=4 ref_gh diagnostics ADM reconstruction
ref_gh debug fence passed: rank=10 ref_gh diagnostics ADM reconstruction
ref_gh debug fence passed: rank=11 ref_gh diagnostics ADM reconstruction
ref_gh debug fence passed: rank=1 ref_gh diagnostics constraints
ref_gh debug fence passed: rank=1 ref_gh diagnostics metric condition
ref_gh debug fence passed: rank=2 ref_gh diagnostics constraints
ref_gh debug fence passed: rank=2 ref_gh diagnostics metric condition
ref_gh debug fence passed: rank=0 ref_gh diagnostics constraints
ref_gh debug fence passed: rank=0 ref_gh diagnostics metric condition
ref_gh debug fence passed: rank=3 ref_gh diagnostics constraints
ref_gh debug fence passed: rank=3 ref_gh diagnostics metric condition
ref_gh debug fence passed: rank=7 ref_gh diagnostics constraints
ref_gh debug fence passed: rank=7 ref_gh diagnostics metric condition
ref_gh debug fence passed: rank=9 ref_gh diagnostics constraints
ref_gh debug fence passed: rank=9 ref_gh diagnostics metric condition
ref_gh debug fence passed: rank=6 ref_gh diagnostics constraints
ref_gh debug fence passed: rank=6 ref_gh diagnostics metric condition
ref_gh debug fence passed: rank=5 ref_gh diagnostics constraints
ref_gh debug fence passed: rank=5 ref_gh diagnostics metric condition
ref_gh debug fence passed: rank=8 ref_gh diagnostics constraints
ref_gh debug fence passed: rank=8 ref_gh diagnostics metric condition
ref_gh debug fence passed: rank=4 ref_gh diagnostics constraints
ref_gh debug fence passed: rank=4 ref_gh diagnostics metric condition
ref_gh debug fence passed: rank=11 ref_gh diagnostics constraints
ref_gh debug fence passed: rank=11 ref_gh diagnostics metric condition
ref_gh debug fence passed: rank=10 ref_gh diagnostics constraints
ref_gh debug fence passed: rank=10 ref_gh diagnostics metric condition
ref_gh debug fence passed: rank=0 ref_gh MeasureController
ref_gh debug fence passed: rank=0 ref_gh paired power sample kernel
ref_gh debug fence passed: rank=1 ref_gh MeasureController
ref_gh debug fence passed: rank=1 ref_gh paired power sample kernel
ref_gh debug fence passed: rank=2 ref_gh MeasureController
ref_gh debug fence passed: rank=3 ref_gh MeasureController
ref_gh debug fence passed: rank=4 ref_gh MeasureController
ref_gh debug fence passed: rank=5 ref_gh MeasureController
ref_gh debug fence passed: rank=6 ref_gh MeasureController
ref_gh debug fence passed: rank=6 ref_gh paired power sample kernel
ref_gh debug fence passed: rank=7 ref_gh MeasureController
ref_gh debug fence passed: rank=7 ref_gh paired power sample kernel
ref_gh debug fence passed: rank=8 ref_gh MeasureController
ref_gh debug fence passed: rank=8 ref_gh paired power sample kernel
ref_gh debug fence passed: rank=9 ref_gh MeasureController
ref_gh debug fence passed: rank=9 ref_gh paired power sample kernel
ref_gh debug fence passed: rank=10 ref_gh MeasureController
ref_gh debug fence passed: rank=10 ref_gh paired power sample kernel
ref_gh debug fence passed: rank=11 ref_gh MeasureController
ref_gh debug fence passed: rank=11 ref_gh paired power sample kernel
ref_gh debug fence passed: rank=2 ref_gh paired power sample kernel
ref_gh debug fence passed: rank=4 ref_gh paired power sample kernel
ref_gh debug fence passed: rank=5 ref_gh paired power sample kernel
ref_gh debug fence passed: rank=3 ref_gh paired power sample kernel
ref_gh debug fence passed: rank=0 ref_gh paired power diagnostic reduction
ref_gh debug fence passed: rank=1 ref_gh paired power diagnostic reduction
ref_gh debug fence passed: rank=2 ref_gh paired power diagnostic reduction
ref_gh debug fence passed: rank=3 ref_gh paired power diagnostic reduction
ref_gh debug fence passed: rank=4 ref_gh paired power diagnostic reduction
ref_gh debug fence passed: rank=5 ref_gh paired power diagnostic reduction
ref_gh debug fence passed: rank=6 ref_gh paired power diagnostic reduction
ref_gh debug fence passed: rank=7 ref_gh paired power diagnostic reduction
ref_gh debug fence passed: rank=8 ref_gh paired power diagnostic reduction
ref_gh debug fence passed: rank=9 ref_gh paired power diagnostic reduction
ref_gh debug fence passed: rank=10 ref_gh paired power diagnostic reduction
ref_gh debug fence passed: rank=10 ref_gh diagnostics reference
ref_gh debug fence passed: rank=11 ref_gh paired power diagnostic reduction
ref_gh debug fence passed: rank=11 ref_gh diagnostics reference
ref_gh debug fence passed: rank=1 ref_gh diagnostics reference
ref_gh debug fence passed: rank=2 ref_gh diagnostics reference
ref_gh debug fence passed: rank=3 ref_gh diagnostics reference
ref_gh debug fence passed: rank=4 ref_gh diagnostics reference
ref_gh debug fence passed: rank=5 ref_gh diagnostics reference
ref_gh debug fence passed: rank=6 ref_gh diagnostics reference
ref_gh debug fence passed: rank=7 ref_gh diagnostics reference
ref_gh debug fence passed: rank=8 ref_gh diagnostics reference
ref_gh debug fence passed: rank=9 ref_gh diagnostics reference
ref_gh debug fence passed: rank=0 ref_gh diagnostics reference
ref_gh debug fence passed: rank=1 ref_gh diagnostics ADM reconstruction
ref_gh debug fence passed: rank=3 ref_gh diagnostics ADM reconstruction
ref_gh debug fence passed: rank=2 ref_gh diagnostics ADM reconstruction
ref_gh debug fence passed: rank=7 ref_gh diagnostics ADM reconstruction
ref_gh debug fence passed: rank=6 ref_gh diagnostics ADM reconstruction
ref_gh debug fence passed: rank=9 ref_gh diagnostics ADM reconstruction
ref_gh debug fence passed: rank=5 ref_gh diagnostics ADM reconstruction
ref_gh debug fence passed: rank=8 ref_gh diagnostics ADM reconstruction
ref_gh debug fence passed: rank=4 ref_gh diagnostics ADM reconstruction
ref_gh debug fence passed: rank=0 ref_gh diagnostics ADM reconstruction
ref_gh debug fence passed: rank=11 ref_gh diagnostics ADM reconstruction
ref_gh debug fence passed: rank=10 ref_gh diagnostics ADM reconstruction
ref_gh debug fence passed: rank=1 ref_gh diagnostics constraints
ref_gh debug fence passed: rank=1 ref_gh diagnostics metric condition
ref_gh debug fence passed: rank=1 ref_gh history sums
ref_gh debug fence passed: rank=1 ref_gh history state maxima
ref_gh debug fence passed: rank=1 ref_gh history diagnostic maxima
ref_gh debug fence passed: rank=1 ref_gh relative gauge diagnostic maxima
ref_gh debug fence passed: rank=1 ref_gh history geometry maxima
ref_gh debug fence passed: rank=2 ref_gh diagnostics constraints
ref_gh debug fence passed: rank=2 ref_gh diagnostics metric condition
ref_gh debug fence passed: rank=2 ref_gh history sums
ref_gh debug fence passed: rank=2 ref_gh history state maxima
ref_gh debug fence passed: rank=2 ref_gh history diagnostic maxima
ref_gh debug fence passed: rank=2 ref_gh relative gauge diagnostic maxima
ref_gh debug fence passed: rank=2 ref_gh history geometry maxima
ref_gh debug fence passed: rank=3 ref_gh diagnostics constraints
ref_gh debug fence passed: rank=3 ref_gh diagnostics metric condition
ref_gh debug fence passed: rank=3 ref_gh history sums
ref_gh debug fence passed: rank=3 ref_gh history state maxima
ref_gh debug fence passed: rank=3 ref_gh history diagnostic maxima
ref_gh debug fence passed: rank=3 ref_gh relative gauge diagnostic maxima
ref_gh debug fence passed: rank=3 ref_gh history geometry maxima
ref_gh debug fence passed: rank=7 ref_gh diagnostics constraints
ref_gh debug fence passed: rank=7 ref_gh diagnostics metric condition
ref_gh debug fence passed: rank=7 ref_gh history sums
ref_gh debug fence passed: rank=7 ref_gh history state maxima
ref_gh debug fence passed: rank=0 ref_gh diagnostics constraints
ref_gh debug fence passed: rank=0 ref_gh diagnostics metric condition
ref_gh debug fence passed: rank=7 ref_gh history diagnostic maxima
ref_gh debug fence passed: rank=7 ref_gh relative gauge diagnostic maxima
ref_gh debug fence passed: rank=7 ref_gh history geometry maxima
ref_gh debug fence passed: rank=0 ref_gh history sums
ref_gh debug fence passed: rank=0 ref_gh history state maxima
ref_gh debug fence passed: rank=6 ref_gh diagnostics constraints
ref_gh debug fence passed: rank=9 ref_gh diagnostics constraints
ref_gh debug fence passed: rank=6 ref_gh diagnostics metric condition
ref_gh debug fence passed: rank=9 ref_gh diagnostics metric condition
ref_gh debug fence passed: rank=0 ref_gh history diagnostic maxima
ref_gh debug fence passed: rank=0 ref_gh relative gauge diagnostic maxima
ref_gh debug fence passed: rank=0 ref_gh history geometry maxima
ref_gh debug fence passed: rank=6 ref_gh history sums
ref_gh debug fence passed: rank=9 ref_gh history sums
ref_gh debug fence passed: rank=6 ref_gh history state maxima
ref_gh debug fence passed: rank=9 ref_gh history state maxima
ref_gh debug fence passed: rank=6 ref_gh history diagnostic maxima
ref_gh debug fence passed: rank=6 ref_gh relative gauge diagnostic maxima
ref_gh debug fence passed: rank=9 ref_gh history diagnostic maxima
ref_gh debug fence passed: rank=9 ref_gh relative gauge diagnostic maxima
ref_gh debug fence passed: rank=6 ref_gh history geometry maxima
ref_gh debug fence passed: rank=9 ref_gh history geometry maxima
ref_gh debug fence passed: rank=5 ref_gh diagnostics constraints
ref_gh debug fence passed: rank=5 ref_gh diagnostics metric condition
ref_gh debug fence passed: rank=8 ref_gh diagnostics constraints
ref_gh debug fence passed: rank=8 ref_gh diagnostics metric condition
ref_gh debug fence passed: rank=4 ref_gh diagnostics constraints
ref_gh debug fence passed: rank=4 ref_gh diagnostics metric condition
ref_gh debug fence passed: rank=5 ref_gh history sums
ref_gh debug fence passed: rank=5 ref_gh history state maxima
ref_gh debug fence passed: rank=5 ref_gh history diagnostic maxima
ref_gh debug fence passed: rank=8 ref_gh history sums
ref_gh debug fence passed: rank=5 ref_gh relative gauge diagnostic maxima
ref_gh debug fence passed: rank=5 ref_gh history geometry maxima
ref_gh debug fence passed: rank=8 ref_gh history state maxima
ref_gh debug fence passed: rank=8 ref_gh history diagnostic maxima
ref_gh debug fence passed: rank=8 ref_gh relative gauge diagnostic maxima
ref_gh debug fence passed: rank=4 ref_gh history sums
ref_gh debug fence passed: rank=8 ref_gh history geometry maxima
ref_gh debug fence passed: rank=4 ref_gh history state maxima
ref_gh debug fence passed: rank=4 ref_gh history diagnostic maxima
ref_gh debug fence passed: rank=4 ref_gh relative gauge diagnostic maxima
ref_gh debug fence passed: rank=4 ref_gh history geometry maxima
ref_gh debug fence passed: rank=11 ref_gh diagnostics constraints
ref_gh debug fence passed: rank=11 ref_gh diagnostics metric condition
ref_gh debug fence passed: rank=11 ref_gh history sums
ref_gh debug fence passed: rank=10 ref_gh diagnostics constraints
ref_gh debug fence passed: rank=10 ref_gh diagnostics metric condition
ref_gh debug fence passed: rank=11 ref_gh history state maxima
ref_gh debug fence passed: rank=11 ref_gh history diagnostic maxima
ref_gh debug fence passed: rank=11 ref_gh relative gauge diagnostic maxima
ref_gh debug fence passed: rank=11 ref_gh history geometry maxima
ref_gh debug fence passed: rank=10 ref_gh history sums
ref_gh debug fence passed: rank=10 ref_gh history state maxima
ref_gh debug fence passed: rank=10 ref_gh history diagnostic maxima
ref_gh debug fence passed: rank=10 ref_gh relative gauge diagnostic maxima
ref_gh debug fence passed: rank=10 ref_gh history geometry maxima
ref_gh debug fence passed: rank=1 ref_gh diagnostics reference
ref_gh debug fence passed: rank=2 ref_gh diagnostics reference
ref_gh debug fence passed: rank=3 ref_gh diagnostics reference
ref_gh debug fence passed: rank=4 ref_gh diagnostics reference
ref_gh debug fence passed: rank=5 ref_gh diagnostics reference
ref_gh debug fence passed: rank=6 ref_gh diagnostics reference
ref_gh debug fence passed: rank=7 ref_gh diagnostics reference
ref_gh debug fence passed: rank=8 ref_gh diagnostics reference
ref_gh debug fence passed: rank=9 ref_gh diagnostics reference
ref_gh debug fence passed: rank=10 ref_gh diagnostics reference
ref_gh debug fence passed: rank=11 ref_gh diagnostics reference
ref_gh debug fence passed: rank=0 ref_gh diagnostics reference
ref_gh debug fence passed: rank=1 ref_gh diagnostics ADM reconstruction
ref_gh debug fence passed: rank=2 ref_gh diagnostics ADM reconstruction
ref_gh debug fence passed: rank=3 ref_gh diagnostics ADM reconstruction
ref_gh debug fence passed: rank=7 ref_gh diagnostics ADM reconstruction
ref_gh debug fence passed: rank=6 ref_gh diagnostics ADM reconstruction
ref_gh debug fence passed: rank=9 ref_gh diagnostics ADM reconstruction
ref_gh debug fence passed: rank=5 ref_gh diagnostics ADM reconstruction
ref_gh debug fence passed: rank=8 ref_gh diagnostics ADM reconstruction
ref_gh debug fence passed: rank=4 ref_gh diagnostics ADM reconstruction
ref_gh debug fence passed: rank=0 ref_gh diagnostics ADM reconstruction
ref_gh debug fence passed: rank=11 ref_gh diagnostics ADM reconstruction
ref_gh debug fence passed: rank=10 ref_gh diagnostics ADM reconstruction
ref_gh debug fence passed: rank=1 ref_gh diagnostics constraints
ref_gh debug fence passed: rank=1 ref_gh diagnostics metric condition
ref_gh debug fence passed: rank=2 ref_gh diagnostics constraints
ref_gh debug fence passed: rank=2 ref_gh diagnostics metric condition
ref_gh debug fence passed: rank=3 ref_gh diagnostics constraints
ref_gh debug fence passed: rank=3 ref_gh diagnostics metric condition
ref_gh debug fence passed: rank=7 ref_gh diagnostics constraints
ref_gh debug fence passed: rank=7 ref_gh diagnostics metric condition
ref_gh debug fence passed: rank=9 ref_gh diagnostics constraints
ref_gh debug fence passed: rank=9 ref_gh diagnostics metric condition
ref_gh debug fence passed: rank=0 ref_gh diagnostics constraints
ref_gh debug fence passed: rank=0 ref_gh diagnostics metric condition
ref_gh debug fence passed: rank=6 ref_gh diagnostics constraints
ref_gh debug fence passed: rank=6 ref_gh diagnostics metric condition
ref_gh debug fence passed: rank=8 ref_gh diagnostics constraints
ref_gh debug fence passed: rank=8 ref_gh diagnostics metric condition
ref_gh debug fence passed: rank=5 ref_gh diagnostics constraints
ref_gh debug fence passed: rank=5 ref_gh diagnostics metric condition
ref_gh debug fence passed: rank=4 ref_gh diagnostics constraints
ref_gh debug fence passed: rank=4 ref_gh diagnostics metric condition
ref_gh debug fence passed: rank=11 ref_gh diagnostics constraints
ref_gh debug fence passed: rank=11 ref_gh diagnostics metric condition
ref_gh debug fence passed: rank=10 ref_gh diagnostics constraints
ref_gh debug fence passed: rank=10 ref_gh diagnostics metric condition
reference-GH controlled Schwarzschild final: time=4.138311e-03 state Linf=1.000000e+00 bad-state=0.000000e+00

Terminating on cycle limit
time=4.138311e-03 cycle=1
tlim=2.000000e-02 nlim=1

MeshBlock-cycles = 328
cpu time used  = 4.247993e+01
zone-cycles/cpu_second = 2.530114e+05
particle-updates/cpu_second = 0.000000e+00
real 61.15
user 0.02
sys 0.02
