# gpu    pwr  gtemp  mtemp     sm    mem    enc    dec    jpg    ofa   mclk   pclk     fb   bar1   ccpm 
# Idx      W      C      C      %      %      %      %      %      %    MHz    MHz     MB     MB     MB 
    0     54     33     35      0      0      0      0      0      0   1215    210      0      1      0 
    1     52     31     33      0      0      0      0      0      0   1215    210      0      1      0 
    2     54     35     37      0      0      0      0      0      0   1215    210      0      1      0 
    3     53     33     42      0      0      0      0      0      0   1215    210      0      1      0 
# gpu    pwr  gtemp  mtemp     sm    mem    enc    dec    jpg    ofa   mclk   pclk     fb   bar1   ccpm 
# Idx      W      C      C      %      %      %      %      %      %    MHz    MHz     MB     MB     MB 
    0     57     34     36      0      0      0      0      0      0   1215    210      0      1      0 
    1     54     31     33      0      0      0      0      0      0   1215    210      0      1      0 
    2     54     32     35      0      0      0      0      0      0   1215    210      0      1      0 
    3     53     30     34      0      0      0      0      0      0   1215    210      0      1      0 
    0    107     37     35      0      0      0      0      0      0   1215   1410  20223  20223      0 
    1     99     34     33      0      0      0      0      0      0   1215   1410  20223  20223      0 
    2    103     38     37      0      0      0      0      0      0   1215   1410  20223  20223      0 
    3    102     36     43      0      0      0      0      0      0   1215   1410  20223  20223      0 
    0    106     38     38      0      0      0      0      0      0   1215   1410  20223  20223      0 
    1    105     34     34      0      0      0      0      0      0   1215   1410  20223  20223      0 
    2    108     36     37      0      0      0      0      0      0   1215   1410  20223  20223      0 
    3    103     34     36      0      0      0      0      0      0   1215   1410  20223  20223      0 
    0    107     36     35      0      0      0      0      0      0   1215   1410  20223  20223      0 
    1     99     34     33      0      0      0      0      0      0   1215   1410  20223  20223      0 
    2    103     38     37      0      0      0      0      0      0   1215   1410  20223  20223      0 
    3    102     36     43      0      0      0      0      0      0   1215   1410  20223  20223      0 
    0    106     38     38      0      0      0      0      0      0   1215   1410  20223  20223      0 
    1    106     34     34      0      0      0      0      0      0   1215   1410  20223  20223      0 
    2    108     36     36      0      0      0      0      0      0   1215   1410  20223  20223      0 
    3    103     34     36      0      0      0      0      0      0   1215   1410  20223  20223      0 
    0    266     47     52     96     61      0      0      0      0   1215   1410  20495  20495      0 
    1    366     45     50     95     62      0      0      0      0   1215   1410  20495  20495      0 
    2    257     50     55    100     73      0      0      0      0   1215   1410  20495  20495      0 
    3    270     47     52     96     62      0      0      0      0   1215   1410  20495  20495      0 
    0    299     51     51     96     67      0      0      0      0   1215   1410  20495  20495      0 
    1    279     45     52     96     72      0      0      0      0   1215   1410  20495  20495      0 
    2    234     47     55     95     71      0      0      0      0   1215   1410  20495  20495      0 
    3    221     43     53     95     65      0      0      0      0   1215   1410  20495  20495      0 
    0    240     50     56     96     69      0      0      0      0   1215   1410  20495  20495      0 
    1    292     47     53     95     61      0      0      0      0   1215   1410  20495  20495      0 
    2    296     54     59     95     61      0      0      0      0   1215   1410  20495  20495      0 
    3    219     50     57     96     62      0      0      0      0   1215   1410  20495  20495      0 
    0    241     54     58     95     63      0      0      0      0   1215   1410  20495  20495      0 
    1    296     46     55     96     62      0      0      0      0   1215   1410  20495  20495      0 
    2    341     51     59     94     62      0      0      0      0   1215   1410  20495  20495      0 
    3    303     45     56     95     61      0      0      0      0   1215   1410  20495  20495      0 
    0    314     51     56     94     62      0      0      0      0   1215   1410  20495  20495      0 
    1    256     48     53     99     75      0      0      0      0   1215   1410  20495  20495      0 
    2    299     55     62     95     61      0      0      0      0   1215   1410  20495  20495      0 
    3    290     51     57    100     75      0      0      0      0   1215   1410  20495  20495      0 
    0    310     55     59     97     70      0      0      0      0   1215   1410  20495  20495      0 
    1    296     47     56     96     67      0      0      0      0   1215   1410  20495  20495      0 
    2    299     51     60     94     61      0      0      0      0   1215   1410  20495  20495      0 
    3    289     45     56     94     61      0      0      0      0   1215   1410  20495  20495      0 
    0    303     52     58     95     60      0      0      0      0   1215   1410  20495  20495      0 
    1    232     48     54     95     70      0      0      0      0   1215   1410  20495  20495      0 
    2    285     56     63     97     71      0      0      0      0   1215   1410  20495  20495      0 
    3    287     51     58     95     71      0      0      0      0   1215   1410  20495  20495      0 
    0    304     55     60     95     64      0      0      0      0   1215   1410  20495  20495      0 
    1    280     47     56     96     66      0      0      0      0   1215   1410  20495  20495      0 
    2    258     52     60     98     74      0      0      0      0   1215   1410  20495  20495      0 
    3    266     46     55     99     69      0      0      0      0   1215   1410  20495  20495      0 
    0    267     52     60     95     61      0      0      0      0   1215   1410  20495  20495      0 
    1    363     49     54     97     68      0      0      0      0   1215   1410  20495  20495      0 
    2    319     56     63    100     72      0      0      0      0   1215   1410  20495  20495      0 
    3    261     51     58     95     63      0      0      0      0   1215   1410  20495  20495      0 
    0    299     56     60     94     64      0      0      0      0   1215   1410  20495  20495      0 
    1    234     47     56     98     68      0      0      0      0   1215   1410  20495  20495      0 
    2    353     53     60     95     62      0      0      0      0   1215   1410  20495  20495      0 
    3    202     46     55     94     61      0      0      0      0   1215   1410  20495  20495      0 
    0    324     52     60     95     61      0      0      0      0   1215   1410  20495  20495      0 
    1    291     49     56     96     67      0      0      0      0   1215   1410  20495  20495      0 
    2    298     56     65     94     62      0      0      0      0   1215   1410  20495  20495      0 
    3    213     52     58     95     62      0      0      0      0   1215   1410  20495  20495      0 
    0    244     56     60     99     71      0      0      0      0   1215   1410  20495  20495      0 
    1    318     47     56     95     62      0      0      0      0   1215   1410  20495  20495      0 
    2    312     53     60     95     64      0      0      0      0   1215   1410  20495  20495      0 
    3    356     46     53     95     60      0      0      0      0   1215   1410  20495  20495      0 
    0    304     52     61     95     70      0      0      0      0   1215   1410  20495  20495      0 
    1    276     49     56     96     67      0      0      0      0   1215   1410  20495  20495      0 
    2    289     57     65     96     61      0      0      0      0   1215   1410  20495  20495      0 
    3    361     52     57     96     71      0      0      0      0   1215   1410  20495  20495      0 
    0    329     56     60     95     62      0      0      0      0   1215   1410  20495  20495      0 
    1    296     47     56     95     62      0      0      0      0   1215   1410  20495  20495      0 
    2    308     53     60     99     74      0      0      0      0   1215   1410  20495  20495      0 
    3    290     47     55    100     74      0      0      0      0   1215   1410  20495  20495      0 
    0    290     52     60     95     60      0      0      0      0   1215   1410  20495  20495      0 
    1    263     49     56     95     71      0      0      0      0   1215   1410  20495  20495      0 
    2    228     57     64     95     69      0      0      0      0   1215   1410  20495  20495      0 
    3    291     53     58     96     68      0      0      0      0   1215   1410  20495  20495      0 
    0    305     57     60     95     62      0      0      0      0   1215   1410  20495  20495      0 
    1    290     48     58     96     69      0      0      0      0   1215   1410  20495  20495      0 
    2    268     54     64     99     74      0      0      0      0   1215   1410  20495  20495      0 
    3    279     47     57    100     73      0      0      0      0   1215   1410  20495  20495      0 
# gpu    pwr  gtemp  mtemp     sm    mem    enc    dec    jpg    ofa   mclk   pclk     fb   bar1   ccpm 
# Idx      W      C      C      %      %      %      %      %      %    MHz    MHz     MB     MB     MB 
    0    300     52     61     99     72      0      0      0      0   1215   1410  20495  20495      0 
    1    236     49     57     95     62      0      0      0      0   1215   1410  20495  20495      0 
    2    231     57     66     98     72      0      0      0      0   1215   1410  20495  20495      0 
    3    293     52     58     97     71      0      0      0      0   1215   1410  20495  20495      0 
# gpu    pwr  gtemp  mtemp     sm    mem    enc    dec    jpg    ofa   mclk   pclk     fb   bar1   ccpm 
# Idx      W      C      C      %      %      %      %      %      %    MHz    MHz     MB     MB     MB 
    0    383     56     60     95     63      0      0      0      0   1215   1410  20495  20495      0 
    1    281     47     57     96     68      0      0      0      0   1215   1410  20495  20495      0 
    2    235     54     60     95     71      0      0      0      0   1215   1410  20495  20495      0 
    3    288     47     53     99     73      0      0      0      0   1215   1410  20495  20495      0 
    0    262     53     61     96     61      0      0      0      0   1215   1410  20495  20495      0 
    1    276     49     57    100     71      0      0      0      0   1215   1410  20495  20495      0 
    2    351     57     65     95     70      0      0      0      0   1215   1410  20495  20495      0 
    3    292     52     58     97     61      0      0      0      0   1215   1410  20495  20495      0 
    0    306     56     60     95     61      0      0      0      0   1215   1410  20495  20495      0 
    1    217     48     56    100     74      0      0      0      0   1215   1410  20495  20495      0 
    2    311     53     64     95     62      0      0      0      0   1215   1410  20495  20495      0 
    3    202     46     54     95     70      0      0      0      0   1215   1410  20495  20495      0 
    0    326     53     61     94     60      0      0      0      0   1215   1410  20495  20495      0 
    1    337     49     56     96     68      0      0      0      0   1215   1410  20495  20495      0 
    2    297     57     65     95     60      0      0      0      0   1215   1410  20495  20495      0 
    3    363     53     60     95     62      0      0      0      0   1215   1410  20495  20495      0 
    0    293     57     61     99     73      0      0      0      0   1215   1410  20495  20495      0 
    1    361     47     56     96     66      0      0      0      0   1215   1410  20495  20495      0 
    2    309     53     64     95     72      0      0      0      0   1215   1410  20495  20495      0 
    3    287     46     58     94     61      0      0      0      0   1215   1410  20495  20495      0 
    0    305     53     61     95     69      0      0      0      0   1215   1410  20495  20495      0 
    1    282     49     56     96     62      0      0      0      0   1215   1410  20495  20495      0 
    2    274     58     65     95     62      0      0      0      0   1215   1410  20495  20495      0 
    3    293     52     60     95     65      0      0      0      0   1215   1410  20495  20495      0 
    0    229     57     64     96     69      0      0      0      0   1215   1410  20495  20495      0 
    1    295     47     55     95     66      0      0      0      0   1215   1410  20495  20495      0 
    2    284     54     64     95     62      0      0      0      0   1215   1410  20495  20495      0 
    3    283     47     58    100     73      0      0      0      0   1215   1410  20495  20495      0 
    0    306     53     60     97     67      0      0      0      0   1215   1410  20495  20495      0 
    1    226     49     55     95     63      0      0      0      0   1215   1410  20495  20495      0 
    2    322     58     65    100     72      0      0      0      0   1215   1410  20495  20495      0 
    3    284     52     60     95     64      0      0      0      0   1215   1410  20495  20495      0 
    0    306     57     63     95     70      0      0      0      0   1215   1410  20495  20495      0 
    1    292     49     59    100     75      0      0      0      0   1215   1410  20495  20495      0 
    2    353     54     63     94     63      0      0      0      0   1215   1410  20495  20495      0 
    3    213     46     58     95     69      0      0      0      0   1215   1410  20495  20495      0 
    0    301     54     62     94     63      0      0      0      0   1215   1410  20495  20495      0 
    1    310     50     54    100     75      0      0      0      0   1215   1410  20495  20495      0 
    2    301     58     66     95     61      0      0      0      0   1215   1410  20495  20495      0 
    3    262     53     60     95     71      0      0      0      0   1215   1410  20495  20495      0 
    0    298     57     63     95     62      0      0      0      0   1215   1410  20495  20495      0 
    1    318     48     59     99     74      0      0      0      0   1215   1410  20495  20495      0 
    2    313     54     63     95     72      0      0      0      0   1215   1410  20495  20495      0 
    3    333     47     58     95     61      0      0      0      0   1215   1410  20495  20495      0 
    0    366     54     62     96     70      0      0      0      0   1215   1410  20495  20495      0 
    1    294     50     56     96     62      0      0      0      0   1215   1410  20495  20495      0 
    2    298     58     66     96     62      0      0      0      0   1215   1410  20495  20495      0 
    3    318     53     60     95     66      0      0      0      0   1215   1410  20495  20495      0 
    0    279     57     62     95     60      0      0      0      0   1215   1410  20495  20495      0 
    1    295     48     58     95     65      0      0      0      0   1215   1410  20495  20495      0 
    2    308     54     62    100     74      0      0      0      0   1215   1410  20495  20495      0 
    3    291     47     57     95     60      0      0      0      0   1215   1410  20495  20495      0 
    0    218     51     58     95     61      0      0      0      0   1215   1410  20495  20495      0 
    1    112     47     54     96     63      0      0      0      0   1215   1410  20495  20495      0 
    2    200     56     62    100     70      0      0      0      0   1215   1410  20495  20495      0 
    3    194     52     59     80     54      0      0      0      0   1215   1410  20495  20495      0 
    0    291     56     62     72     49      0      0      0      0   1215   1410  20495  20495      0 
    1    296     48     59     95     61      0      0      0      0   1215   1410  20495  20495      0 
    2    307     53     63     70     50      0      0      0      0   1215   1410  20495  20495      0 
    3    330     46     58     71     45      0      0      0      0   1215   1410  20495  20495      0 
    0    252     53     62     95     60      0      0      0      0   1215   1410  20495  20495      0 
    1    272     49     57     94     62      0      0      0      0   1215   1410  20495  20495      0 
    2    294     58     66     95     61      0      0      0      0   1215   1410  20495  20495      0 
    3    266     53     61    100     70      0      0      0      0   1215   1410  20495  20495      0 
    0    268     57     63     96     60      0      0      0      0   1215   1410  20495  20495      0 
    1    296     48     59     96     62      0      0      0      0   1215   1410  20495  20495      0 
    2    298     54     63     97     68      0      0      0      0   1215   1410  20495  20495      0 
    3    288     47     58     95     70      0      0      0      0   1215   1410  20495  20495      0 
    0    335     53     61     95     64      0      0      0      0   1215   1410  20495  20495      0 
    1    291     49     56     94     62      0      0      0      0   1215   1410  20495  20495      0 
    2    367     59     67     95     62      0      0      0      0   1215   1410  20495  20495      0 
    3    260     53     61     97     67      0      0      0      0   1215   1410  20495  20495      0 
    0    361     57     63     96     70      0      0      0      0   1215   1410  20495  20495      0 
    1    283     48     59     95     71      0      0      0      0   1215   1410  20495  20495      0 
    2    272     54     64     96     66      0      0      0      0   1215   1410  20495  20495      0 
    3    279     47     58    100     69      0      0      0      0   1215   1410  20495  20495      0 
    0    303     54     63     96     67      0      0      0      0   1215   1410  20495  20495      0 
    1    285     50     59     97     67      0      0      0      0   1215   1410  20495  20495      0 
    2    300     58     67    100     73      0      0      0      0   1215   1410  20495  20495      0 
    3    292     53     60     95     61      0      0      0      0   1215   1410  20495  20495      0 
    0    305     57     63     95     64      0      0      0      0   1215   1410  20495  20495      0 
    1    259     48     59     99     74      0      0      0      0   1215   1410  20495  20495      0 
    2    360     54     63     95     67      0      0      0      0   1215   1410  20495  20495      0 
    3    252     47     58     95     63      0      0      0      0   1215   1410  20495  20495      0 
# gpu    pwr  gtemp  mtemp     sm    mem    enc    dec    jpg    ofa   mclk   pclk     fb   bar1   ccpm 
# Idx      W      C      C      %      %      %      %      %      %    MHz    MHz     MB     MB     MB 
    0    300     53     62     98     67      0      0      0      0   1215   1410  20495  20495      0 
    1    267     49     58     96     65      0      0      0      0   1215   1410  20495  20495      0 
    2    299     58     67     94     63      0      0      0      0   1215   1410  20495  20495      0 
    3    286     53     60     95     62      0      0      0      0   1215   1410  20495  20495      0 
# gpu    pwr  gtemp  mtemp     sm    mem    enc    dec    jpg    ofa   mclk   pclk     fb   bar1   ccpm 
# Idx      W      C      C      %      %      %      %      %      %    MHz    MHz     MB     MB     MB 
    0    291     57     62     97     68      0      0      0      0   1215   1410  20495  20495      0 
    1    343     48     58     96     62      0      0      0      0   1215   1410  20495  20495      0 
    2    309     54     62     94     62      0      0      0      0   1215   1410  20495  20495      0 
    3    342     47     58     94     63      0      0      0      0   1215   1410  20495  20495      0 
    0    307     53     62     95     60      0      0      0      0   1215   1410  20495  20495      0 
    1    292     49     58     95     62      0      0      0      0   1215   1410  20495  20495      0 
    2    295     58     67     99     69      0      0      0      0   1215   1410  20495  20495      0 
    3    282     53     60     96     71      0      0      0      0   1215   1410  20495  20495      0 
    0    251     57     62     95     66      0      0      0      0   1215   1410  20495  20495      0 
    1    294     48     59     95     62      0      0      0      0   1215   1410  20495  20495      0 
    2    308     55     66     95     71      0      0      0      0   1215   1410  20495  20495      0 
    3    291     47     57     96     60      0      0      0      0   1215   1410  20495  20495      0 
    0    306     53     62     99     70      0      0      0      0   1215   1410  20495  20495      0 
    1    292     49     58    100     75      0      0      0      0   1215   1410  20495  20495      0 
    2    290     58     67     97     67      0      0      0      0   1215   1410  20495  20495      0 
    3    248     53     60    100     73      0      0      0      0   1215   1410  20495  20495      0 
    0    331     57     61     95     60      0      0      0      0   1215   1410  20495  20495      0 
    1    291     48     58     95     65      0      0      0      0   1215   1410  20495  20495      0 
    2    267     54     65     98     73      0      0      0      0   1215   1410  20495  20495      0 
    3    289     47     55     95     61      0      0      0      0   1215   1410  20495  20495      0 
    0    302     53     63    100     70      0      0      0      0   1215   1410  20495  20495      0 
    1    287     49     57     96     71      0      0      0      0   1215   1410  20495  20495      0 
    2    263     58     67     96     61      0      0      0      0   1215   1410  20495  20495      0 
    3    335     53     60     95     62      0      0      0      0   1215   1410  20495  20495      0 
    0    311     57     62     95     69      0      0      0      0   1215   1410  20495  20495      0 
    1    249     48     58     96     67      0      0      0      0   1215   1410  20495  20495      0 
    2    329     54     65     95     62      0      0      0      0   1215   1410  20495  20495      0 
    3    287     47     56    100     72      0      0      0      0   1215   1410  20495  20495      0 
    0    390     54     60    100     71      0      0      0      0   1215   1410  20495  20495      0 
    1    292     49     55    100     71      0      0      0      0   1215   1410  20495  20495      0 
    2    258     59     65     95     63      0      0      0      0   1215   1410  20495  20495      0 
    3    261     53     61     95     62      0      0      0      0   1215   1410  20495  20495      0 
    0    242     57     63     95     61      0      0      0      0   1215   1410  20495  20495      0 
    1    291     48     59     98     70      0      0      0      0   1215   1410  20495  20495      0 
    2    349     55     64     96     62      0      0      0      0   1215   1410  20495  20495      0 
    3    287     47     58     96     68      0      0      0      0   1215   1410  20495  20495      0 
    0    304     54     63     97     72      0      0      0      0   1215   1410  20495  20495      0 
    1    281     50     59     99     70      0      0      0      0   1215   1410  20495  20495      0 
    2    354     59     66     95     62      0      0      0      0   1215   1410  20495  20495      0 
    3    344     53     60     96     63      0      0      0      0   1215   1410  20495  20495      0 
    0    352     57     63     97     71      0      0      0      0   1215   1410  20495  20495      0 
    1    282     48     58     96     66      0      0      0      0   1215   1410  20495  20495      0 
    2    328     55     66     94     62      0      0      0      0   1215   1410  20495  20495      0 
    3    275     47     58     95     66      0      0      0      0   1215   1410  20495  20495      0 
    0    295     53     64     95     61      0      0      0      0   1215   1410  20495  20495      0 
    1    212     49     58     95     63      0      0      0      0   1215   1410  20495  20495      0 
    2    304     58     67     96     68      0      0      0      0   1215   1410  20495  20495      0 
    3    294     53     59     99     70      0      0      0      0   1215   1410  20495  20495      0 
    0    302     58     62     95     60      0      0      0      0   1215   1410  20495  20495      0 
    1    214     48     58     96     62      0      0      0      0   1215   1410  20495  20495      0 
    2    313     54     65     96     68      0      0      0      0   1215   1410  20495  20495      0 
    3    291     48     57     96     70      0      0      0      0   1215   1410  20495  20495      0 
    0    238     53     63     97     64      0      0      0      0   1215   1410  20495  20495      0 
    1    359     49     58     96     63      0      0      0      0   1215   1410  20495  20495      0 
    2    294     58     67     99     67      0      0      0      0   1215   1410  20495  20495      0 
    3    247     53     59     97     69      0      0      0      0   1215   1410  20495  20495      0 
    0    311     58     65     95     61      0      0      0      0   1215   1410  20495  20495      0 
    1    351     48     58     96     65      0      0      0      0   1215   1410  20495  20495      0 
    2    311     54     65     95     68      0      0      0      0   1215   1410  20495  20495      0 
    3    288     47     60    100     71      0      0      0      0   1215   1410  20495  20495      0 
    0    341     53     62     98     68      0      0      0      0   1215   1410  20495  20495      0 
    1    286     49     57    100     70      0      0      0      0   1215   1410  20495  20495      0 
    2    228     58     67     94     61      0      0      0      0   1215   1410  20495  20495      0 
    3    218     53     58     96     65      0      0      0      0   1215   1410  20495  20495      0 
    0    311     58     64     97     71      0      0      0      0   1215   1410  20495  20495      0 
    1    287     48     57     95     67      0      0      0      0   1215   1410  20495  20495      0 
    2    310     54     65     95     66      0      0      0      0   1215   1410  20495  20495      0 
    3    285     47     59     95     61      0      0      0      0   1215   1410  20495  20495      0 
    0    389     53     62     96     65      0      0      0      0   1215   1410  20495  20495      0 
    1    244     49     57     96     63      0      0      0      0   1215   1410  20495  20495      0 
    2    343     58     67     94     61      0      0      0      0   1215   1410  20495  20495      0 
    3    292     53     61     96     71      0      0      0      0   1215   1410  20495  20495      0 
    0    307     58     64     97     70      0      0      0      0   1215   1410  20495  20495      0 
    1    263     48     57     95     67      0      0      0      0   1215   1410  20495  20495      0 
    2    260     54     65     94     64      0      0      0      0   1215   1410  20495  20495      0 
    3    218     47     59     95     69      0      0      0      0   1215   1410  20495  20495      0 
    0    305     53     62     98     72      0      0      0      0   1215   1410  20495  20495      0 
    1    240     49     56     95     62      0      0      0      0   1215   1410  20495  20495      0 
    2    303     58     67     99     72      0      0      0      0   1215   1410  20495  20495      0 
    3    288     53     61     96     62      0      0      0      0   1215   1410  20495  20495      0 
    0    311     58     64     95     61      0      0      0      0   1215   1410  20495  20495      0 
    1    219     48     56     96     62      0      0      0      0   1215   1410  20495  20495      0 
    2    228     54     65     94     62      0      0      0      0   1215   1410  20495  20495      0 
    3    291     47     59     98     71      0      0      0      0   1215   1410  20495  20495      0 
# gpu    pwr  gtemp  mtemp     sm    mem    enc    dec    jpg    ofa   mclk   pclk     fb   bar1   ccpm 
# Idx      W      C      C      %      %      %      %      %      %    MHz    MHz     MB     MB     MB 
    0    287     53     62     94     60      0      0      0      0   1215   1410  20495  20495      0 
    1    358     49     55    100     75      0      0      0      0   1215   1410  20495  20495      0 
    2    296     59     67     99     73      0      0      0      0   1215   1410  20495  20495      0 
    3    257     53     61     99     71      0      0      0      0   1215   1410  20495  20495      0 
# gpu    pwr  gtemp  mtemp     sm    mem    enc    dec    jpg    ofa   mclk   pclk     fb   bar1   ccpm 
# Idx      W      C      C      %      %      %      %      %      %    MHz    MHz     MB     MB     MB 
    0    272     58     64     95     66      0      0      0      0   1215   1410  20495  20495      0 
    1    294     48     59    100     75      0      0      0      0   1215   1410  20495  20495      0 
    2    396     54     65     95     62      0      0      0      0   1215   1410  20495  20495      0 
    3    286     47     59     94     60      0      0      0      0   1215   1410  20495  20495      0 
    0    296     53     62     96     69      0      0      0      0   1215   1410  20495  20495      0 
    1    319     49     57     96     62      0      0      0      0   1215   1410  20495  20495      0 
    2    300     58     67    100     73      0      0      0      0   1215   1410  20495  20495      0 
    3    285     54     60     96     65      0      0      0      0   1215   1410  20495  20495      0 
    0    293     59     63     94     60      0      0      0      0   1215   1410  20495  20495      0 
    1    332     48     56     96     72      0      0      0      0   1215   1410  20495  20495      0 
    2    272     54     65     95     63      0      0      0      0   1215   1410  20495  20495      0 
    3    291     48     57    100     70      0      0      0      0   1215   1410  20495  20495      0 
    0    246     53     62     95     61      0      0      0      0   1215   1410  20495  20495      0 
    1    293     49     57    100     74      0      0      0      0   1215   1410  20495  20495      0 
    2    275     58     67     95     61      0      0      0      0   1215   1410  20495  20495      0 
    3    251     53     61    100     74      0      0      0      0   1215   1410  20495  20495      0 
    0    351     58     63     99     71      0      0      0      0   1215   1410  20495  20495      0 
    1    295     48     57     99     73      0      0      0      0   1215   1410  20495  20495      0 
    2    311     54     65    100     74      0      0      0      0   1215   1410  20495  20495      0 
    3    286     48     58     96     61      0      0      0      0   1215   1410  20495  20495      0 
    0    243     53     62     95     60      0      0      0      0   1215   1410  20495  20495      0 
    1    278     49     56     96     62      0      0      0      0   1215   1410  20495  20495      0 
    2    225     59     67     96     63      0      0      0      0   1215   1410  20495  20495      0 
    3    210     53     61     95     70      0      0      0      0   1215   1410  20495  20495      0 
    0    311     58     64     95     70      0      0      0      0   1215   1410  20495  20495      0 
    1    291     49     59     95     62      0      0      0      0   1215   1410  20495  20495      0 
    2    311     54     65     96     72      0      0      0      0   1215   1410  20495  20495      0 
    3    270     47     59     95     61      0      0      0      0   1215   1410  20495  20495      0 
    0    373     54     62    100     73      0      0      0      0   1215   1410  20495  20495      0 
    1    232     49     56     97     67      0      0      0      0   1215   1410  20495  20495      0 
    2    322     58     67     99     70      0      0      0      0   1215   1410  20495  20495      0 
    3    294     53     61     95     66      0      0      0      0   1215   1410  20495  20495      0 
    0    311     59     65     96     60      0      0      0      0   1215   1410  20495  20495      0 
    1    278     48     58     95     66      0      0      0      0   1215   1410  20495  20495      0 
    2    297     54     65     95     62      0      0      0      0   1215   1410  20495  20495      0 
    3    220     48     59     99     69      0      0      0      0   1215   1410  20495  20495      0 
    0    304     53     62    100     69      0      0      0      0   1215   1410  20495  20495      0 
    1    325     50     55     98     71      0      0      0      0   1215   1410  20495  20495      0 
    2    374     59     66     96     67      0      0      0      0   1215   1410  20495  20495      0 
    3    292     53     61     95     65      0      0      0      0   1215   1410  20495  20495      0 
    0    296     58     64     95     68      0      0      0      0   1215   1410  20495  20495      0 
    1    344     49     59     96     68      0      0      0      0   1215   1410  20495  20495      0 
    2    340     54     63     97     68      0      0      0      0   1215   1410  20495  20495      0 
    3    291     47     59     95     63      0      0      0      0   1215   1410  20495  20495      0 
    0    294     54     63     95     64      0      0      0      0   1215   1410  20495  20495      0 
    1    292     50     56     96     71      0      0      0      0   1215   1410  20495  20495      0 
    2    294     59     65    100     73      0      0      0      0   1215   1410  20495  20495      0 
    3    278     53     60     96     69      0      0      0      0   1215   1410  20495  20495      0 
    0    234     58     64     95     65      0      0      0      0   1215   1410  20495  20495      0 
    1    296     49     59     95     65      0      0      0      0   1215   1410  20495  20495      0 
    2    314     54     63     94     65      0      0      0      0   1215   1410  20495  20495      0 
    3    289     47     59     95     61      0      0      0      0   1215   1410  20495  20495      0 
    0    288     54     62     95     68      0      0      0      0   1215   1410  20495  20495      0 
    1    282     50     59    100     75      0      0      0      0   1215   1410  20495  20495      0 
    2    267     59     66     95     61      0      0      0      0   1215   1410  20495  20495      0 
    3    229     53     60    100     75      0      0      0      0   1215   1410  20495  20495      0 
    0    325     58     64     99     69      0      0      0      0   1215   1410  20495  20495      0 
    1    294     49     59     97     67      0      0      0      0   1215   1410  20495  20495      0 
    2    313     54     62     96     67      0      0      0      0   1215   1410  20495  20495      0 
    3    265     47     58     95     64      0      0      0      0   1215   1410  20495  20495      0 
    0    286     53     62     94     60      0      0      0      0   1215   1410  20495  20495      0 
    1    291     49     56     97     62      0      0      0      0   1215   1410  20495  20495      0 
    2    286     59     67     98     71      0      0      0      0   1215   1410  20495  20495      0 
    3    264     53     61     97     72      0      0      0      0   1215   1410  20495  20495      0 
    0    307     59     63     95     64      0      0      0      0   1215   1410  20495  20495      0 
    1    298     48     57     97     68      0      0      0      0   1215   1410  20495  20495      0 
    2    372     54     65     97     70      0      0      0      0   1215   1410  20495  20495      0 
    3    275     47     59     98     69      0      0      0      0   1215   1410  20495  20495      0 
    0    276     54     62     97     70      0      0      0      0   1215   1410  20495  20495      0 
    1    240     49     55    100     70      0      0      0      0   1215   1410  20495  20495      0 
    2    295     59     66     95     62      0      0      0      0   1215   1410  20495  20495      0 
    3    281     53     60     95     62      0      0      0      0   1215   1410  20495  20495      0 
    0    309     58     64     99     73      0      0      0      0   1215   1410  20495  20495      0 
    1    293     48     58    100     74      0      0      0      0   1215   1410  20495  20495      0 
    2    314     54     64     95     63      0      0      0      0   1215   1410  20495  20495      0 
    3    269     47     59     98     68      0      0      0      0   1215   1410  20495  20495      0 
    0    387     53     61    100     72      0      0      0      0   1215   1410  20495  20495      0 
    1    356     50     56     99     69      0      0      0      0   1215   1410  20495  20495      0 
    2    304     59     64     95     61      0      0      0      0   1215   1410  20495  20495      0 
    3    334     53     60     96     61      0      0      0      0   1215   1410  20495  20495      0 
    0    295     58     64     95     62      0      0      0      0   1215   1410  20495  20495      0 
    1    265     49     59     95     64      0      0      0      0   1215   1410  20495  20495      0 
    2    288     54     64     94     62      0      0      0      0   1215   1410  20495  20495      0 
    3    292     47     59     96     62      0      0      0      0   1215   1410  20495  20495      0 
# gpu    pwr  gtemp  mtemp     sm    mem    enc    dec    jpg    ofa   mclk   pclk     fb   bar1   ccpm 
# Idx      W      C      C      %      %      %      %      %      %    MHz    MHz     MB     MB     MB 
    0    304     54     63     97     65      0      0      0      0   1215   1410  20495  20495      0 
    1    292     50     56     95     62      0      0      0      0   1215   1410  20495  20495      0 
    2    305     59     67    100     73      0      0      0      0   1215   1410  20495  20495      0 
    3    294     53     60     96     71      0      0      0      0   1215   1410  20495  20495      0 
# gpu    pwr  gtemp  mtemp     sm    mem    enc    dec    jpg    ofa   mclk   pclk     fb   bar1   ccpm 
# Idx      W      C      C      %      %      %      %      %      %    MHz    MHz     MB     MB     MB 
    0    265     58     64     95     70      0      0      0      0   1215   1410  20495  20495      0 
    1    350     49     59     96     70      0      0      0      0   1215   1410  20495  20495      0 
    2    275     54     63     96     72      0      0      0      0   1215   1410  20495  20495      0 
    3    289     47     58    100     73      0      0      0      0   1215   1410  20495  20495      0 
    0    304     54     61     96     66      0      0      0      0   1215   1410  20495  20495      0 
    1    291     50     59     95     71      0      0      0      0   1215   1410  20495  20495      0 
    2    293     59     67     97     70      0      0      0      0   1215   1410  20495  20495      0 
    3    291     53     62     97     71      0      0      0      0   1215   1410  20495  20495      0 
    0    382     58     63     94     60      0      0      0      0   1215   1410  20495  20495      0 
    1    296     48     60     95     71      0      0      0      0   1215   1410  20495  20495      0 
    2    381     54     62     97     73      0      0      0      0   1215   1410  20495  20495      0 
    3    222     47     57     95     63      0      0      0      0   1215   1410  20495  20495      0 
    0    298     54     64     95     66      0      0      0      0   1215   1410  20495  20495      0 
    1    267     50     58     98     71      0      0      0      0   1215   1410  20495  20495      0 
    2    260     60     68     95     60      0      0      0      0   1215   1410  20495  20495      0 
    3    279     53     62     99     69      0      0      0      0   1215   1410  20495  20495      0 
    0    311     58     62     93     60      0      0      0      0   1215   1410  20495  20495      0 
    1    294     48     59     96     62      0      0      0      0   1215   1410  20495  20495      0 
    2    312     55     63     95     62      0      0      0      0   1215   1410  20495  20495      0 
    3    314     47     57     96     65      0      0      0      0   1215   1410  20495  20495      0 
    0    242     54     64     97     71      0      0      0      0   1215   1410  20495  20495      0 
    1    305     49     58     95     62      0      0      0      0   1215   1410  20495  20495      0 
    2    304     59     68     96     70      0      0      0      0   1215   1410  20495  20495      0 
    3    369     53     61     97     67      0      0      0      0   1215   1410  20495  20495      0 
    0    267     58     62     97     72      0      0      0      0   1215   1410  20495  20495      0 
    1    259     48     59     95     61      0      0      0      0   1215   1410  20495  20495      0 
    2    304     55     64     95     66      0      0      0      0   1215   1410  20495  20495      0 
    3    291     48     56    100     73      0      0      0      0   1215   1410  20495  20495      0 
    0    304     53     63     99     71      0      0      0      0   1215   1410  20495  20495      0 
    1    291     49     58    100     75      0      0      0      0   1215   1410  20495  20495      0 
    2    300     59     68     96     67      0      0      0      0   1215   1410  20495  20495      0 
    3    294     53     61    100     70      0      0      0      0   1215   1410  20495  20495      0 
    0    345     58     62     99     72      0      0      0      0   1215   1410  20495  20495      0 
    1    308     48     58    100     75      0      0      0      0   1215   1410  20495  20495      0 
    2    269     54     65     98     69      0      0      0      0   1215   1410  20495  20495      0 
    3    287     48     57     96     62      0      0      0      0   1215   1410  20495  20495      0 
    0    356     54     63     99     70      0      0      0      0   1215   1410  20495  20495      0 
    1    294     50     59     95     63      0      0      0      0   1215   1410  20495  20495      0 
    2    305     60     68     96     69      0      0      0      0   1215   1410  20495  20495      0 
    3    368     53     62    100     71      0      0      0      0   1215   1410  20495  20495      0 
    0    228     58     63     99     73      0      0      0      0   1215   1410  20495  20495      0 
    1    309     48     59    100     75      0      0      0      0   1215   1410  20495  20495      0 
    2    306     54     62     99     72      0      0      0      0   1215   1410  20495  20495      0 
    3    290     47     57     96     68      0      0      0      0   1215   1410  20495  20495      0 
    0    308     54     63     99     68      0      0      0      0   1215   1410  20495  20495      0 
    1    292     50     58     95     67      0      0      0      0   1215   1410  20495  20495      0 
    2    300     59     68     98     72      0      0      0      0   1215   1410  20495  20495      0 
    3    296     54     61     95     62      0      0      0      0   1215   1410  20495  20495      0 
    0    392     58     62     95     61      0      0      0      0   1215   1410  20495  20495      0 
    1    294     48     58     94     70      0      0      0      0   1215   1410  20495  20495      0 
    2    341     55     64     97     73      0      0      0      0   1215   1410  20495  20495      0 
    3    215     47     55     95     66      0      0      0      0   1215   1410  20495  20495      0 
    0    307     54     64     95     61      0      0      0      0   1215   1410  20495  20495      0 
    1    286     50     58     97     68      0      0      0      0   1215   1410  20495  20495      0 
    2    306     59     68     95     61      0      0      0      0   1215   1410  20495  20495      0 
    3    293     54     63    100     75      0      0      0      0   1215   1410  20495  20495      0 
    0    312     58     61     96     61      0      0      0      0   1215   1410  20495  20495      0 
    1    278     48     58     95     64      0      0      0      0   1215   1410  20495  20495      0 
    2    335     55     66    100     72      0      0      0      0   1215   1410  20495  20495      0 
    3    309     48     55     95     61      0      0      0      0   1215   1410  20495  20495      0 
    0    302     53     63     95     69      0      0      0      0   1215   1410  20495  20495      0 
    1    292     50     58     95     62      0      0      0      0   1215   1410  20495  20495      0 
    2    238     59     68     99     69      0      0      0      0   1215   1410  20495  20495      0 
    3    289     53     62     95     71      0      0      0      0   1215   1410  20495  20495      0 
    0    305     58     63     95     70      0      0      0      0   1215   1410  20495  20495      0 
    1    212     48     57     95     62      0      0      0      0   1215   1410  20495  20495      0 
    2    307     54     65     99     69      0      0      0      0   1215   1410  20495  20495      0 
    3    291     47     58     95     69      0      0      0      0   1215   1410  20495  20495      0 
    0    304     53     63     98     69      0      0      0      0   1215   1410  20495  20495      0 
    1    292     49     54     94     65      0      0      0      0   1215   1410  20495  20495      0 
    2    304     59     68     97     71      0      0      0      0   1215   1410  20495  20495      0 
    3    286     53     61     95     61      0      0      0      0   1215   1410  20495  20495      0 
    0    242     59     63     99     72      0      0      0      0   1215   1410  20495  20495      0 
    1    341     48     55     95     70      0      0      0      0   1215   1410  20495  20495      0 
    2    250     54     65     97     70      0      0      0      0   1215   1410  20495  20495      0 
    3    287     47     60    100     69      0      0      0      0   1215   1410  20495  20495      0 
    0    238     53     63     96     61      0      0      0      0   1215   1410  20495  20495      0 
    1    231     49     55     95     62      0      0      0      0   1215   1410  20495  20495      0 
    2    329     59     68     96     70      0      0      0      0   1215   1410  20495  20495      0 
    3    257     53     61     96     63      0      0      0      0   1215   1410  20495  20495      0 
    0    312     58     64     94     61      0      0      0      0   1215   1410  20495  20495      0 
    1    296     48     58    100     73      0      0      0      0   1215   1410  20495  20495      0 
    2    394     54     65     95     71      0      0      0      0   1215   1410  20495  20495      0 
    3    248     47     59     96     61      0      0      0      0   1215   1410  20495  20495      0 
# gpu    pwr  gtemp  mtemp     sm    mem    enc    dec    jpg    ofa   mclk   pclk     fb   bar1   ccpm 
# Idx      W      C      C      %      %      %      %      %      %    MHz    MHz     MB     MB     MB 
    0    245     53     63     95     63      0      0      0      0   1215   1410  20495  20495      0 
    1    330     50     56    100     75      0      0      0      0   1215   1410  20495  20495      0 
    2    306     59     67     96     68      0      0      0      0   1215   1410  20495  20495      0 
    3    293     53     62     96     71      0      0      0      0   1215   1410  20495  20495      0 
# gpu    pwr  gtemp  mtemp     sm    mem    enc    dec    jpg    ofa   mclk   pclk     fb   bar1   ccpm 
# Idx      W      C      C      %      %      %      %      %      %    MHz    MHz     MB     MB     MB 
    0    309     58     64     96     60      0      0      0      0   1215   1410  20495  20495      0 
    1    277     49     59     95     62      0      0      0      0   1215   1410  20495  20495      0 
    2    314     54     64     99     72      0      0      0      0   1215   1410  20495  20495      0 
    3    333     47     59     96     70      0      0      0      0   1215   1410  20495  20495      0 
    0    300     54     63     96     62      0      0      0      0   1215   1410  20495  20495      0 
    1    292     50     59     95     70      0      0      0      0   1215   1410  20495  20495      0 
    2    305     59     67     94     62      0      0      0      0   1215   1410  20495  20495      0 
    3    286     54     62     98     74      0      0      0      0   1215   1410  20495  20495      0 
    0    282     58     64    100     73      0      0      0      0   1215   1410  20495  20495      0 
    1    364     49     60     95     70      0      0      0      0   1215   1410  20495  20495      0 
    2    302     55     62     94     65      0      0      0      0   1215   1410  20495  20495      0 
    3    289     47     59     98     69      0      0      0      0   1215   1410  20495  20495      0 
    0    350     53     63     96     60      0      0      0      0   1215   1410  20495  20495      0 
    1    359     50     57     95     66      0      0      0      0   1215   1410  20495  20495      0 
    2    370     59     67     95     61      0      0      0      0   1215   1410  20495  20495      0 
    3    287     53     61    100     75      0      0      0      0   1215   1410  20495  20495      0 
    0    310     59     65     99     72      0      0      0      0   1215   1410  20495  20495      0 
    1    326     49     58     96     62      0      0      0      0   1215   1410  20495  20495      0 
    2    297     54     64     94     66      0      0      0      0   1215   1410  20495  20495      0 
    3    290     47     59     95     64      0      0      0      0   1215   1410  20495  20495      0 
    0    295     54     62     95     60      0      0      0      0   1215   1410  20495  20495      0 
    1    293     50     56     96     62      0      0      0      0   1215   1410  20495  20495      0 
    2    306     59     67     95     61      0      0      0      0   1215   1410  20495  20495      0 
    3    280     53     60     95     61      0      0      0      0   1215   1410  20495  20495      0 
    0    305     58     64     96     68      0      0      0      0   1215   1410  20495  20495      0 
    1    296     49     59     99     74      0      0      0      0   1215   1410  20495  20495      0 
    2    230     54     63     94     61      0      0      0      0   1215   1410  20495  20495      0 
    3    272     47     59     95     60      0      0      0      0   1215   1410  20495  20495      0 
    0    284     54     61     95     61      0      0      0      0   1215   1410  20495  20495      0 
    1    285     50     54     95     64      0      0      0      0   1215   1410  20495  20495      0 
    2    237     59     65     99     71      0      0      0      0   1215   1410  20495  20495      0 
    3    225     53     59     95     62      0      0      0      0   1215   1410  20495  20495      0 
    0    312     58     63     94     61      0      0      0      0   1215   1410  20495  20495      0 
    1    296     49     60     96     71      0      0      0      0   1215   1410  20495  20495      0 
    2    369     54     62     94     64      0      0      0      0   1215   1410  20495  20495      0 
    3    303     47     58     98     72      0      0      0      0   1215   1410  20495  20495      0 
    0    215     54     59     95     68      0      0      0      0   1215   1410  20495  20495      0 
    1    291     51     55     99     69      0      0      0      0   1215   1410  20495  20495      0 
    2    338     59     67     95     70      0      0      0      0   1215   1410  20495  20495      0 
    3    342     53     60     95     66      0      0      0      0   1215   1410  20495  20495      0 
    0    295     58     62     95     62      0      0      0      0   1215   1410  20495  20495      0 
    1    288     48     59     95     62      0      0      0      0   1215   1410  20495  20495      0 
    2    308     55     63     96     68      0      0      0      0   1215   1410  20495  20495      0 
    3    312     47     57     95     62      0      0      0      0   1215   1410  20495  20495      0 
    0    355     54     62     95     61      0      0      0      0   1215   1410  20495  20495      0 
    1    309     50     56     96     66      0      0      0      0   1215   1410  20495  20495      0 
    2    307     59     66     95     61      0      0      0      0   1215   1410  20495  20495      0 
    3    293     54     62     97     69      0      0      0      0   1215   1410  20495  20495      0 
    0    220     58     61     95     66      0      0      0      0   1215   1410  20495  20495      0 
    1    279     48     59     96     70      0      0      0      0   1215   1410  20495  20495      0 
    2    314     54     63     95     62      0      0      0      0   1215   1410  20495  20495      0 
    3    291     47     55     96     61      0      0      0      0   1215   1410  20495  20495      0 
    0    307     54     63     95     61      0      0      0      0   1215   1410  20495  20495      0 
    1    292     51     56     95     62      0      0      0      0   1215   1410  20495  20495      0 
    2    304     60     66     98     68      0      0      0      0   1215   1410  20495  20495      0 
    3    294     54     61     96     67      0      0      0      0   1215   1410  20495  20495      0 
    0    359     58     62     94     65      0      0      0      0   1215   1410  20495  20495      0 
    1    297     48     59    100     73      0      0      0      0   1215   1410  20495  20495      0 
    2    305     55     64     96     62      0      0      0      0   1215   1410  20495  20495      0 
    3    290     48     56    100     72      0      0      0      0   1215   1410  20495  20495      0 
    0    305     54     63     96     67      0      0      0      0   1215   1410  20495  20495      0 
    1    286     51     59     99     75      0      0      0      0   1215   1410  20495  20495      0 
    2    289     59     67     96     68      0      0      0      0   1215   1410  20495  20495      0 
    3    287     54     61    100     75      0      0      0      0   1215   1410  20495  20495      0 
    0    312     58     63     95     64      0      0      0      0   1215   1410  20495  20495      0 
    1    296     48     59     97     62      0      0      0      0   1215   1410  20495  20495      0 
    2    301     54     66     96     71      0      0      0      0   1215   1410  20495  20495      0 
    3    304     47     55     95     68      0      0      0      0   1215   1410  20495  20495      0 
    0    309     54     62     98     66      0      0      0      0   1215   1410  20495  20495      0 
    1    293     49     55     95     62      0      0      0      0   1215   1410  20495  20495      0 
    2    288     59     67     97     68      0      0      0      0   1215   1410  20495  20495      0 
    3    293     53     59     96     72      0      0      0      0   1215   1410  20495  20495      0 
    0    270     58     64     95     64      0      0      0      0   1215   1410  20495  20495      0 
    1    294     48     59     95     64      0      0      0      0   1215   1410  20495  20495      0 
    2    300     54     63     94     62      0      0      0      0   1215   1410  20495  20495      0 
    3    288     47     59     99     70      0      0      0      0   1215   1410  20495  20495      0 
    0    304     54     62     94     64      0      0      0      0   1215   1410  20495  20495      0 
    1    288     49     56    100     76      0      0      0      0   1215   1410  20495  20495      0 
    2    227     59     66     96     68      0      0      0      0   1215   1410  20495  20495      0 
    3    217     53     62     96     62      0      0      0      0   1215   1410  20495  20495      0 
    0    292     58     64     95     63      0      0      0      0   1215   1410  20495  20495      0 
    1    288     48     59     96     64      0      0      0      0   1215   1410  20495  20495      0 
    2    246     54     63     96     71      0      0      0      0   1215   1410  20495  20495      0 
    3    229     47     58     95     61      0      0      0      0   1215   1410  20495  20495      0 
# gpu    pwr  gtemp  mtemp     sm    mem    enc    dec    jpg    ofa   mclk   pclk     fb   bar1   ccpm 
# Idx      W      C      C      %      %      %      %      %      %    MHz    MHz     MB     MB     MB 
    0    308     54     62     95     60      0      0      0      0   1215   1410  20495  20495      0 
    1    292     50     55     95     71      0      0      0      0   1215   1410  20495  20495      0 
    2    352     59     65     95     63      0      0      0      0   1215   1410  20495  20495      0 
    3    206     53     62     97     64      0      0      0      0   1215   1410  20495  20495      0 
# gpu    pwr  gtemp  mtemp     sm    mem    enc    dec    jpg    ofa   mclk   pclk     fb   bar1   ccpm 
# Idx      W      C      C      %      %      %      %      %      %    MHz    MHz     MB     MB     MB 
    0    386     58     64     96     62      0      0      0      0   1215   1410  20495  20495      0 
    1    282     48     59     96     70      0      0      0      0   1215   1410  20495  20495      0 
    2    257     54     63     95     64      0      0      0      0   1215   1410  20495  20495      0 
    3    199     47     58     96     63      0      0      0      0   1215   1410  20495  20495      0 
    0    302     54     63     98     71      0      0      0      0   1215   1410  20495  20495      0 
    1    357     50     56     95     62      0      0      0      0   1215   1410  20495  20495      0 
    2    306     59     64     94     62      0      0      0      0   1215   1410  20495  20495      0 
    3    346     53     60     96     69      0      0      0      0   1215   1410  20495  20495      0 
    0    307     58     64     95     61      0      0      0      0   1215   1410  20495  20495      0 
    1    232     48     59    100     71      0      0      0      0   1215   1410  20495  20495      0 
    2    311     54     62     94     62      0      0      0      0   1215   1410  20495  20495      0 
    3    359     47     59     96     62      0      0      0      0   1215   1410  20495  20495      0 
    0    221     54     62    100     72      0      0      0      0   1215   1410  20495  20495      0 
    1    285     50     58     95     66      0      0      0      0   1215   1410  20495  20495      0 
    2    282     59     68     95     62      0      0      0      0   1215   1410  20495  20495      0 
    3    290     53     61     96     65      0      0      0      0   1215   1410  20495  20495      0 
    0    269     58     63     96     70      0      0      0      0   1215   1410  20495  20495      0 
    1    295     48     59     95     61      0      0      0      0   1215   1410  20495  20495      0 
    2    303     54     66     96     71      0      0      0      0   1215   1410  20495  20495      0 
    3    291     47     57     95     63      0      0      0      0   1215   1410  20495  20495      0 
    0    308     54     63     95     65      0      0      0      0   1215   1410  20495  20495      0 
    1    209     50     58     96     69      0      0      0      0   1215   1410  20495  20495      0 
    2    218     60     68    100     70      0      0      0      0   1215   1410  20495  20495      0 
    3    278     53     61     96     62      0      0      0      0   1215   1410  20495  20495      0 
    0    218     58     63     95     61      0      0      0      0   1215   1410  20495  20495      0 
    1    290     48     59     95     63      0      0      0      0   1215   1410  20495  20495      0 
    2    304     54     65    100     75      0      0      0      0   1215   1410  20495  20495      0 
    3    252     47     57    100     69      0      0      0      0   1215   1410  20495  20495      0 
    0    302     54     63     96     66      0      0      0      0   1215   1410  20495  20495      0 
    1    282     50     58     96     64      0      0      0      0   1215   1410  20495  20495      0 
    2    305     59     68     96     69      0      0      0      0   1215   1410  20495  20495      0 
    3    219     53     61     96     62      0      0      0      0   1215   1410  20495  20495      0 
    0    387     58     62     95     61      0      0      0      0   1215   1410  20495  20495      0 
    1    289     48     59     99     72      0      0      0      0   1215   1410  20495  20495      0 
    2    240     54     65     94     61      0      0      0      0   1215   1410  20495  20495      0 
    3    292     47     60     95     66      0      0      0      0   1215   1410  20495  20495      0 
    0    293     54     63     97     66      0      0      0      0   1215   1410  20495  20495      0 
    1    294     50     57     96     70      0      0      0      0   1215   1410  20495  20495      0 
    2    298     59     68     95     61      0      0      0      0   1215   1410  20495  20495      0 
    3    309     53     61    100     74      0      0      0      0   1215   1410  20495  20495      0 
    0    310     58     65     96     63      0      0      0      0   1215   1410  20495  20495      0 
    1    226     48     58     96     62      0      0      0      0   1215   1410  20495  20495      0 
    2    311     54     65     94     62      0      0      0      0   1215   1410  20495  20495      0 
    3    290     47     59     95     61      0      0      0      0   1215   1410  20495  20495      0 
    0    306     54     64     96     67      0      0      0      0   1215   1410  20495  20495      0 
    1    293     50     58     99     68      0      0      0      0   1215   1410  20495  20495      0 
    2    303     59     68     96     69      0      0      0      0   1215   1410  20495  20495      0 
    3    204     53     61     95     68      0      0      0      0   1215   1410  20495  20495      0 
    0    311     58     62     99     71      0      0      0      0   1215   1410  20495  20495      0 
    1    259     48     59    100     72      0      0      0      0   1215   1410  20495  20495      0 
    2    384     55     64     95     61      0      0      0      0   1215   1410  20495  20495      0 
    3    291     47     56     95     61      0      0      0      0   1215   1410  20495  20495      0 
    0    297     54     63     99     72      0      0      0      0   1215   1410  20495  20495      0 
    1    286     50     58     96     64      0      0      0      0   1215   1410  20495  20495      0 
    2    278     59     68     96     65      0      0      0      0   1215   1410  20495  20495      0 
    3    360     53     61     99     74      0      0      0      0   1215   1410  20495  20495      0 
    0    263     58     63     94     60      0      0      0      0   1215   1410  20495  20495      0 
    1    245     48     59     96     62      0      0      0      0   1215   1410  20495  20495      0 
    2    313     54     66     94     62      0      0      0      0   1215   1410  20495  20495      0 
    3    290     47     57     95     62      0      0      0      0   1215   1410  20495  20495      0 
    0    261     54     63     95     61      0      0      0      0   1215   1410  20495  20495      0 
    1    243     50     58     95     69      0      0      0      0   1215   1410  20495  20495      0 
    2    228     59     68     99     73      0      0      0      0   1215   1410  20495  20495      0 
    3    289     53     61     96     62      0      0      0      0   1215   1410  20495  20495      0 
    0    348     59     63     95     64      0      0      0      0   1215   1410  20495  20495      0 
    1    375     48     59     95     62      0      0      0      0   1215   1410  20495  20495      0 
    2    307     55     66     98     72      0      0      0      0   1215   1410  20495  20495      0 
    3    272     48     57     99     69      0      0      0      0   1215   1410  20495  20495      0 
    0    272     54     63     95     63      0      0      0      0   1215   1410  20495  20495      0 
    1    257     49     57     99     73      0      0      0      0   1215   1410  20495  20495      0 
    2    377     59     68     95     69      0      0      0      0   1215   1410  20495  20495      0 
    3    245     53     60     96     62      0      0      0      0   1215   1410  20495  20495      0 
    0    311     58     63     94     65      0      0      0      0   1215   1410  20495  20495      0 
    1    290     48     59     99     73      0      0      0      0   1215   1410  20495  20495      0 
    2    276     54     65     95     62      0      0      0      0   1215   1410  20495  20495      0 
    3    343     47     60     97     70      0      0      0      0   1215   1410  20495  20495      0 
    0    381     54     63     96     68      0      0      0      0   1215   1410  20495  20495      0 
    1    292     50     58    100     71      0      0      0      0   1215   1410  20495  20495      0 
    2    303     59     68     95     63      0      0      0      0   1215   1410  20495  20495      0 
    3    377     53     60     96     71      0      0      0      0   1215   1410  20495  20495      0 
    0    310     59     63     95     65      0      0      0      0   1215   1410  20495  20495      0 
    1    269     49     58    100     76      0      0      0      0   1215   1410  20495  20495      0 
    2    293     54     65     94     62      0      0      0      0   1215   1410  20495  20495      0 
    3    292     47     59     95     61      0      0      0      0   1215   1410  20495  20495      0 
# gpu    pwr  gtemp  mtemp     sm    mem    enc    dec    jpg    ofa   mclk   pclk     fb   bar1   ccpm 
# Idx      W      C      C      %      %      %      %      %      %    MHz    MHz     MB     MB     MB 
    0    303     53     62     98     70      0      0      0      0   1215   1410  20495  20495      0 
    1    278     50     56     95     67      0      0      0      0   1215   1410  20495  20495      0 
    2    254     59     65     95     70      0      0      0      0   1215   1410  20495  20495      0 
    3    293     54     61     97     73      0      0      0      0   1215   1410  20495  20495      0 
# gpu    pwr  gtemp  mtemp     sm    mem    enc    dec    jpg    ofa   mclk   pclk     fb   bar1   ccpm 
# Idx      W      C      C      %      %      %      %      %      %    MHz    MHz     MB     MB     MB 
    0    299     59     65     95     63      0      0      0      0   1215   1410  20495  20495      0 
    1    320     48     58     95     62      0      0      0      0   1215   1410  20495  20495      0 
    2    343     54     65     94     66      0      0      0      0   1215   1410  20495  20495      0 
    3    288     47     59     97     71      0      0      0      0   1215   1410  20495  20495      0 
    0    286     54     63     96     70      0      0      0      0   1215   1410  20495  20495      0 
    1    358     51     57     96     71      0      0      0      0   1215   1410  20495  20495      0 
    2    306     59     67     95     61      0      0      0      0   1215   1410  20495  20495      0 
    3    287     54     61     96     64      0      0      0      0   1215   1410  20495  20495      0 
    0    271     58     64     96     61      0      0      0      0   1215   1410  20495  20495      0 
    1    296     49     57     97     69      0      0      0      0   1215   1410  20495  20495      0 
    2    306     55     65     99     71      0      0      0      0   1215   1410  20495  20495      0 
    3    240     47     59     99     73      0      0      0      0   1215   1410  20495  20495      0 
    0    279     54     63     99     72      0      0      0      0   1215   1410  20495  20495      0 
    1    293     50     58     95     62      0      0      0      0   1215   1410  20495  20495      0 
    2    305     60     67     99     73      0      0      0      0   1215   1410  20495  20495      0 
    3    267     53     62     95     69      0      0      0      0   1215   1410  20495  20495      0 
    0    356     58     64     95     61      0      0      0      0   1215   1410  20495  20495      0 
    1    294     49     60    100     72      0      0      0      0   1215   1410  20495  20495      0 
    2    288     55     65     95     65      0      0      0      0   1215   1410  20495  20495      0 
    3    295     47     59     95     61      0      0      0      0   1215   1410  20495  20495      0 
    0    107     41     42      0      0      0      0      0      0   1215   1410  20495  20495      0 
    1    101     37     38      0      0      0      0      0      0   1215   1410  20495  20495      0 
    2    104     44     46      0      0      0      0      0      0   1215   1410  20495  20495      0 
    3    101     40     48      0      0      0      0      0      0   1215   1410  20495  20495      0 
    0    110     43     44      0      0      0      0      0      0   1215   1410  20495  20495      0 
    1    103     36     38      0      0      0      0      0      0   1215   1410  20495  20495      0 
    2    109     40     43      0      0      0      0      0      0   1215   1410  20495  20495      0 
    3    101     36     39      0      0      0      0      0      0   1215   1410  20495  20495      0 
    0    106     39     40      0      0      0      0      0      0   1215   1410  20495  20495      0 
    1    100     36     37      0      0      0      0      0      0   1215   1410  20495  20495      0 
    2    103     42     43      0      0      0      0      0      0   1215   1410  20495  20495      0 
    3    100     39     46      0      0      0      0      0      0   1215   1410  20495  20495      0 
    0    109     42     42      0      0      0      0      0      0   1215   1410  20495  20495      0 
    1    103     36     37      0      0      0      0      0      0   1215   1410  20495  20495      0 
    2    107     39     41      0      0      0      0      0      0   1215   1410  20495  20495      0 
    3    100     35     38      0      0      0      0      0      0   1215   1410  20495  20495      0 
    0    258     50     57    100     68      0      0      0      0   1215   1410  20495  20495      0 
    1    289     47     53     97     72      0      0      0      0   1215   1410  20495  20495      0 
    2    290     54     61     95     61      0      0      0      0   1215   1410  20495  20495      0 
    3    257     50     55     95     62      0      0      0      0   1215   1410  20495  20495      0 
    0    330     54     57     96     67      0      0      0      0   1215   1410  20495  20495      0 
    1    234     46     54     98     73      0      0      0      0   1215   1410  20495  20495      0 
    2    253     50     60     94     65      0      0      0      0   1215   1410  20495  20495      0 
    3    290     46     55     96     66      0      0      0      0   1215   1410  20495  20495      0 
    0    378     52     59     95     60      0      0      0      0   1215   1410  20495  20495      0 
    1    236     48     54     95     65      0      0      0      0   1215   1410  20495  20495      0 
    2    261     57     64     96     70      0      0      0      0   1215   1410  20495  20495      0 
    3    360     52     60     98     69      0      0      0      0   1215   1410  20495  20495      0 
    0    301     56     63     95     70      0      0      0      0   1215   1410  20495  20495      0 
    1    316     47     54     95     65      0      0      0      0   1215   1410  20495  20495      0 
    2    276     53     63     95     65      0      0      0      0   1215   1410  20495  20495      0 
    3    288     46     58     95     61      0      0      0      0   1215   1410  20495  20495      0 
    0    305     53     60     96     61      0      0      0      0   1215   1410  20495  20495      0 
    1    333     49     55     95     65      0      0      0      0   1215   1410  20495  20495      0 
    2    365     57     65     95     64      0      0      0      0   1215   1410  20495  20495      0 
    3    293     53     60     97     69      0      0      0      0   1215   1410  20495  20495      0 
    0    297     58     62     99     72      0      0      0      0   1215   1410  20495  20495      0 
    1    295     48     58     96     63      0      0      0      0   1215   1410  20495  20495      0 
    2    313     53     63     98     72      0      0      0      0   1215   1410  20495  20495      0 
    3    256     47     58     99     71      0      0      0      0   1215   1410  20495  20495      0 
    0    301     54     63     97     70      0      0      0      0   1215   1410  20495  20495      0 
    1    293     50     56     95     71      0      0      0      0   1215   1410  20495  20495      0 
    2    301     58     63     95     61      0      0      0      0   1215   1410  20495  20495      0 
    3    291     53     60     96     64      0      0      0      0   1215   1410  20495  20495      0 
    0    265     57     63     95     63      0      0      0      0   1215   1410  20495  20495      0 
    1    289     48     58    100     75      0      0      0      0   1215   1410  20495  20495      0 
    2    299     54     63     94     64      0      0      0      0   1215   1410  20495  20495      0 
    3    236     47     58     95     68      0      0      0      0   1215   1410  20495  20495      0 
    0    300     54     63    100     73      0      0      0      0   1215   1410  20495  20495      0 
    1    290     50     58     94     66      0      0      0      0   1215   1410  20495  20495      0 
    2    296     58     66     98     72      0      0      0      0   1215   1410  20495  20495      0 
    3    285     53     61     96     63      0      0      0      0   1215   1410  20495  20495      0 
    0    357     57     63     96     61      0      0      0      0   1215   1410  20495  20495      0 
    1    252     49     58     96     68      0      0      0      0   1215   1410  20495  20495      0 
    2    262     54     63     96     68      0      0      0      0   1215   1410  20495  20495      0 
    3    318     47     58     95     60      0      0      0      0   1215   1410  20495  20495      0 
    0    288     53     63     94     61      0      0      0      0   1215   1410  20495  20495      0 
    1    287     49     58     98     68      0      0      0      0   1215   1410  20495  20495      0 
    2    344     59     66     95     68      0      0      0      0   1215   1410  20495  20495      0 
    3    370     53     59     99     71      0      0      0      0   1215   1410  20495  20495      0 
    0    310     58     63     95     69      0      0      0      0   1215   1410  20495  20495      0 
    1    328     48     59     96     63      0      0      0      0   1215   1410  20495  20495      0 
    2    394     54     62     95     68      0      0      0      0   1215   1410  20495  20495      0 
    3    292     47     58     94     61      0      0      0      0   1215   1410  20495  20495      0 
# gpu    pwr  gtemp  mtemp     sm    mem    enc    dec    jpg    ofa   mclk   pclk     fb   bar1   ccpm 
# Idx      W      C      C      %      %      %      %      %      %    MHz    MHz     MB     MB     MB 
    0    307     53     63     95     65      0      0      0      0   1215   1410  20495  20495      0 
    1    263     49     58     96     65      0      0      0      0   1215   1410  20495  20495      0 
    2    303     59     67     95     61      0      0      0      0   1215   1410  20495  20495      0 
    3    295     53     58     95     67      0      0      0      0   1215   1410  20495  20495      0 
# gpu    pwr  gtemp  mtemp     sm    mem    enc    dec    jpg    ofa   mclk   pclk     fb   bar1   ccpm 
# Idx      W      C      C      %      %      %      %      %      %    MHz    MHz     MB     MB     MB 
    0    295     58     63     95     60      0      0      0      0   1215   1410  20495  20495      0 
    1    296     48     59     95     62      0      0      0      0   1215   1410  20495  20495      0 
    2    314     54     63     94     62      0      0      0      0   1215   1410  20495  20495      0 
    3    250     47     57     99     73      0      0      0      0   1215   1410  20495  20495      0 
    0    306     53     63     95     66      0      0      0      0   1215   1410  20495  20495      0 
    1    292     49     58     96     62      0      0      0      0   1215   1410  20495  20495      0 
    2    300     58     68     98     72      0      0      0      0   1215   1410  20495  20495      0 
    3    254     53     58     95     62      0      0      0      0   1215   1410  20495  20495      0 
    0    265     58     63     94     61      0      0      0      0   1215   1410  20495  20495      0 
    1    290     48     59     95     64      0      0      0      0   1215   1410  20495  20495      0 
    2    304     55     65     96     72      0      0      0      0   1215   1410  20495  20495      0 
    3    318     47     55     96     60      0      0      0      0   1215   1410  20495  20495      0 
    0    304     53     63     96     64      0      0      0      0   1215   1410  20495  20495      0 
    1    293     49     58     96     62      0      0      0      0   1215   1410  20495  20495      0 
    2    374     58     66     95     61      0      0      0      0   1215   1410  20495  20495      0 
    3    292     53     61     96     62      0      0      0      0   1215   1410  20495  20495      0 
    0    303     58     64     95     60      0      0      0      0   1215   1410  20495  20495      0 
    1    295     48     59     95     66      0      0      0      0   1215   1410  20495  20495      0 
    2    313     55     63     94     62      0      0      0      0   1215   1410  20495  20495      0 
    3    279     47     59     96     68      0      0      0      0   1215   1410  20495  20495      0 
    0    300     54     63     94     61      0      0      0      0   1215   1410  20495  20495      0 
    1    287     49     58     96     68      0      0      0      0   1215   1410  20495  20495      0 
    2    299     58     64     96     69      0      0      0      0   1215   1410  20495  20495      0 
    3    293     53     60     96     62      0      0      0      0   1215   1410  20495  20495      0 
    0    254     58     64     96     62      0      0      0      0   1215   1410  20495  20495      0 
    1    289     48     59     95     67      0      0      0      0   1215   1410  20495  20495      0 
    2    304     54     66     98     72      0      0      0      0   1215   1410  20495  20495      0 
    3    221     47     58     95     61      0      0      0      0   1215   1410  20495  20495      0 
    0    291     54     62     96     61      0      0      0      0   1215   1410  20495  20495      0 
    1    279     49     58     95     66      0      0      0      0   1215   1410  20495  20495      0 
    2    298     59     66     99     70      0      0      0      0   1215   1410  20495  20495      0 
    3    273     53     60     95     71      0      0      0      0   1215   1410  20495  20495      0 
    0    259     58     63     98     70      0      0      0      0   1215   1410  20495  20495      0 
    1    277     48     59     96     66      0      0      0      0   1215   1410  20495  20495      0 
    2    372     55     66     95     70      0      0      0      0   1215   1410  20495  20495      0 
    3    291     48     58    100     71      0      0      0      0   1215   1410  20495  20495      0 
    0    271     54     62     95     61      0      0      0      0   1215   1410  20495  20495      0 
    1    258     50     58     97     64      0      0      0      0   1215   1410  20495  20495      0 
    2    319     59     66     95     61      0      0      0      0   1215   1410  20495  20495      0 
    3    269     53     60    100     75      0      0      0      0   1215   1410  20495  20495      0 
    0    307     59     63     94     60      0      0      0      0   1215   1410  20495  20495      0 
    1    216     48     58     95     63      0      0      0      0   1215   1410  20495  20495      0 
    2    312     54     65     96     62      0      0      0      0   1215   1410  20495  20495      0 
    3    284     48     58     94     60      0      0      0      0   1215   1410  20495  20495      0 
    0    367     54     62     97     70      0      0      0      0   1215   1410  20495  20495      0 
    1    364     50     57     96     63      0      0      0      0   1215   1410  20495  20495      0 
    2    303     59     68     95     69      0      0      0      0   1215   1410  20495  20495      0 
    3    371     54     59     95     62      0      0      0      0   1215   1410  20495  20495      0 
    0    306     58     64     96     61      0      0      0      0   1215   1410  20495  20495      0 
    1    338     48     59     95     61      0      0      0      0   1215   1410  20495  20495      0 
    2    313     54     66    100     73      0      0      0      0   1215   1410  20495  20495      0 
    3    361     47     60     95     69      0      0      0      0   1215   1410  20495  20495      0 
    0    307     54     62    100     72      0      0      0      0   1215   1410  20495  20495      0 
    1    293     50     57     96     62      0      0      0      0   1215   1410  20495  20495      0 
    2    304     59     69    100     71      0      0      0      0   1215   1410  20495  20495      0 
    3    292     53     59     95     66      0      0      0      0   1215   1410  20495  20495      0 
    0    340     59     64     95     64      0      0      0      0   1215   1410  20495  20495      0 
    1    261     48     58     96     62      0      0      0      0   1215   1410  20495  20495      0 
    2    312     54     65     95     67      0      0      0      0   1215   1410  20495  20495      0 
    3    291     47     59     95     65      0      0      0      0   1215   1410  20495  20495      0 
    0    304     54     61     94     61      0      0      0      0   1215   1410  20495  20495      0 
    1    273     50     56    100     71      0      0      0      0   1215   1410  20495  20495      0 
    2    273     59     67     96     61      0      0      0      0   1215   1410  20495  20495      0 
    3    291     54     61     95     67      0      0      0      0   1215   1410  20495  20495      0 
    0    312     58     65     94     64      0      0      0      0   1215   1410  20495  20495      0 
    1    347     49     58     95     62      0      0      0      0   1215   1410  20495  20495      0 
    2    306     54     65     98     69      0      0      0      0   1215   1410  20495  20495      0 
    3    292     47     59     95     66      0      0      0      0   1215   1410  20495  20495      0 
    0    304     54     63     95     61      0      0      0      0   1215   1410  20495  20495      0 
    1    289     50     58     96     67      0      0      0      0   1215   1410  20495  20495      0 
    2    297     59     68     99     73      0      0      0      0   1215   1410  20495  20495      0 
    3    293     53     60     97     69      0      0      0      0   1215   1410  20495  20495      0 
    0    298     58     63     95     66      0      0      0      0   1215   1410  20495  20495      0 
    1    284     48     59     96     62      0      0      0      0   1215   1410  20495  20495      0 
    2    313     55     63     95     67      0      0      0      0   1215   1410  20495  20495      0 
    3    369     47     57     99     70      0      0      0      0   1215   1410  20495  20495      0 
    0    296     54     62     94     60      0      0      0      0   1215   1410  20495  20495      0 
    1    267     50     58    100     75      0      0      0      0   1215   1410  20495  20495      0 
    2    242     59     68     95     61      0      0      0      0   1215   1410  20495  20495      0 
    3    281     53     60    100     71      0      0      0      0   1215   1410  20495  20495      0 
    0    311     58     62     96     67      0      0      0      0   1215   1410  20495  20495      0 
    1    266     49     59     95     62      0      0      0      0   1215   1410  20495  20495      0 
    2    305     54     64     94     64      0      0      0      0   1215   1410  20495  20495      0 
    3    290     47     55     94     63      0      0      0      0   1215   1410  20495  20495      0 
# gpu    pwr  gtemp  mtemp     sm    mem    enc    dec    jpg    ofa   mclk   pclk     fb   bar1   ccpm 
# Idx      W      C      C      %      %      %      %      %      %    MHz    MHz     MB     MB     MB 
    0    282     54     62     95     65      0      0      0      0   1215   1410  20495  20495      0 
    1    315     50     57     96     62      0      0      0      0   1215   1410  20495  20495      0 
    2    358     59     68     95     65      0      0      0      0   1215   1410  20495  20495      0 
    3    259     54     62     95     64      0      0      0      0   1215   1410  20495  20495      0 
# gpu    pwr  gtemp  mtemp     sm    mem    enc    dec    jpg    ofa   mclk   pclk     fb   bar1   ccpm 
# Idx      W      C      C      %      %      %      %      %      %    MHz    MHz     MB     MB     MB 
    0    310     58     64     95     63      0      0      0      0   1215   1410  20495  20495      0 
    1    363     49     59     95     71      0      0      0      0   1215   1410  20495  20495      0 
    2    274     54     65     95     63      0      0      0      0   1215   1410  20495  20495      0 
    3    286     48     58     95     62      0      0      0      0   1215   1410  20495  20495      0 
    0    257     54     61     96     66      0      0      0      0   1215   1410  20495  20495      0 
    1    294     50     57     96     63      0      0      0      0   1215   1410  20495  20495      0 
    2    304     59     68    100     71      0      0      0      0   1215   1410  20495  20495      0 
    3    353     53     62    100     75      0      0      0      0   1215   1410  20495  20495      0 
    0    296     59     63     95     62      0      0      0      0   1215   1410  20495  20495      0 
    1    296     49     58    100     74      0      0      0      0   1215   1410  20495  20495      0 
    2    391     54     65     95     71      0      0      0      0   1215   1410  20495  20495      0 
    3    252     48     58     96     63      0      0      0      0   1215   1410  20495  20495      0 
    0    373     54     62     97     66      0      0      0      0   1215   1410  20495  20495      0 
    1    292     50     57    100     75      0      0      0      0   1215   1410  20495  20495      0 
    2    294     59     68     95     62      0      0      0      0   1215   1410  20495  20495      0 
    3    292     54     61     95     63      0      0      0      0   1215   1410  20495  20495      0 
    0    337     59     63     94     61      0      0      0      0   1215   1410  20495  20495      0 
    1    289     49     57     95     62      0      0      0      0   1215   1410  20495  20495      0 
    2    305     54     65     95     62      0      0      0      0   1215   1410  20495  20495      0 
    3    369     47     60     95     68      0      0      0      0   1215   1410  20495  20495      0 
    0    305     55     62     96     70      0      0      0      0   1215   1410  20495  20495      0 
    1    272     50     56     95     62      0      0      0      0   1215   1410  20495  20495      0 
    2    225     59     67     95     69      0      0      0      0   1215   1410  20495  20495      0 
    3    291     54     61     95     72      0      0      0      0   1215   1410  20495  20495      0 
    0    313     59     64     95     67      0      0      0      0   1215   1410  20495  20495      0 
    1    260     49     57     95     65      0      0      0      0   1215   1410  20495  20495      0 
    2    288     54     65     94     62      0      0      0      0   1215   1410  20495  20495      0 
    3    286     47     59    100     68      0      0      0      0   1215   1410  20495  20495      0 
    0    302     55     63     96     61      0      0      0      0   1215   1410  20495  20495      0 
    1    306     50     56     96     67      0      0      0      0   1215   1410  20495  20495      0 
    2    358     59     67     94     64      0      0      0      0   1215   1410  20495  20495      0 
    3    276     53     62     99     75      0      0      0      0   1215   1410  20495  20495      0 
    0    309     58     65     96     70      0      0      0      0   1215   1410  20495  20495      0 
    1    347     49     58     96     67      0      0      0      0   1215   1410  20495  20495      0 
    2    267     54     64     96     67      0      0      0      0   1215   1410  20495  20495      0 
    3    265     47     59     94     61      0      0      0      0   1215   1410  20495  20495      0 
    0    266     54     64     95     69      0      0      0      0   1215   1410  20495  20495      0 
    1    294     50     56    100     72      0      0      0      0   1215   1410  20495  20495      0 
    2    306     59     67     96     63      0      0      0      0   1215   1410  20495  20495      0 
    3    229     54     61     96     62      0      0      0      0   1215   1410  20495  20495      0 
    0    293     58     64     95     61      0      0      0      0   1215   1410  20495  20495      0 
    1    297     49     59     96     66      0      0      0      0   1215   1410  20495  20495      0 
    2    386     55     64    100     71      0      0      0      0   1215   1410  20495  20495      0 
    3    275     47     59     96     61      0      0      0      0   1215   1410  20495  20495      0 
    0    303     54     62     95     60      0      0      0      0   1215   1410  20495  20495      0 
    1    332     49     56     95     61      0      0      0      0   1215   1410  20495  20495      0 
    2    374     59     67     96     65      0      0      0      0   1215   1410  20495  20495      0 
    3    278     54     61     96     71      0      0      0      0   1215   1410  20495  20495      0 
    0    311     59     63     96     61      0      0      0      0   1215   1410  20495  20495      0 
    1    367     48     58     95     69      0      0      0      0   1215   1410  20495  20495      0 
    2    252     54     65    100     73      0      0      0      0   1215   1410  20495  20495      0 
    3    212     47     59     94     61      0      0      0      0   1215   1410  20495  20495      0 
    0    282     54     63     99     72      0      0      0      0   1215   1410  20495  20495      0 
    1    292     49     55     96     71      0      0      0      0   1215   1410  20495  20495      0 
    2    302     59     67    100     73      0      0      0      0   1215   1410  20495  20495      0 
    3    316     53     62     96     66      0      0      0      0   1215   1410  20495  20495      0 
    0    226     58     65     99     72      0      0      0      0   1215   1410  20495  20495      0 
    1    297     48     57     95     65      0      0      0      0   1215   1410  20495  20495      0 
    2    396     54     65     94     61      0      0      0      0   1215   1410  20495  20495      0 
    3    333     47     59     99     69      0      0      0      0   1215   1410  20495  20495      0 
    0    389     54     63     97     70      0      0      0      0   1215   1410  20495  20495      0 
    1    292     49     56     96     67      0      0      0      0   1215   1410  20495  20495      0 
    2    269     59     67     95     69      0      0      0      0   1215   1410  20495  20495      0 
    3    295     54     62     96     64      0      0      0      0   1215   1410  20495  20495      0 
    0    311     58     64     95     61      0      0      0      0   1215   1410  20495  20495      0 
    1    293     48     58     95     62      0      0      0      0   1215   1410  20495  20495      0 
    2    301     54     64     94     61      0      0      0      0   1215   1410  20495  20495      0 
    3    287     47     59     96     70      0      0      0      0   1215   1410  20495  20495      0 
    0    307     55     63     96     64      0      0      0      0   1215   1410  20495  20495      0 
    1    273     51     56     95     65      0      0      0      0   1215   1410  20495  20495      0 
    2    266     59     65     94     61      0      0      0      0   1215   1410  20495  20495      0 
    3    293     54     62     95     70      0      0      0      0   1215   1410  20495  20495      0 
    0    306     58     64     95     61      0      0      0      0   1215   1410  20495  20495      0 
    1    228     49     59     96     63      0      0      0      0   1215   1410  20495  20495      0 
    2    267     54     63     95     66      0      0      0      0   1215   1410  20495  20495      0 
    3    231     47     58     95     61      0      0      0      0   1215   1410  20495  20495      0 
    0    303     54     63     96     64      0      0      0      0   1215   1410  20495  20495      0 
    1    359     51     59     96     69      0      0      0      0   1215   1410  20495  20495      0 
    2    378     59     64     95     61      0      0      0      0   1215   1410  20495  20495      0 
    3    224     53     61    100     75      0      0      0      0   1215   1410  20495  20495      0 
    0    276     58     64     99     70      0      0      0      0   1215   1410  20495  20495      0 
    1    363     49     59    100     72      0      0      0      0   1215   1410  20495  20495      0 
    2    218     54     62     95     64      0      0      0      0   1215   1410  20495  20495      0 
    3    272     47     58     95     62      0      0      0      0   1215   1410  20495  20495      0 
# gpu    pwr  gtemp  mtemp     sm    mem    enc    dec    jpg    ofa   mclk   pclk     fb   bar1   ccpm 
# Idx      W      C      C      %      %      %      %      %      %    MHz    MHz     MB     MB     MB 
    0    239     54     63     95     65      0      0      0      0   1215   1410  20495  20495      0 
    1    294     50     59     96     62      0      0      0      0   1215   1410  20495  20495      0 
    2    304     59     67     96     70      0      0      0      0   1215   1410  20495  20495      0 
    3    225     53     61     97     71      0      0      0      0   1215   1410  20495  20495      0 
# gpu    pwr  gtemp  mtemp     sm    mem    enc    dec    jpg    ofa   mclk   pclk     fb   bar1   ccpm 
# Idx      W      C      C      %      %      %      %      %      %    MHz    MHz     MB     MB     MB 
    0    221     58     64     96     69      0      0      0      0   1215   1410  20495  20495      0 
    1    297     49     60     96     72      0      0      0      0   1215   1410  20495  20495      0 
    2    348     54     61    100     72      0      0      0      0   1215   1410  20495  20495      0 
    3    373     47     58     96     70      0      0      0      0   1215   1410  20495  20495      0 
    0    340     54     62     95     60      0      0      0      0   1215   1410  20495  20495      0 
    1    289     50     59     96     71      0      0      0      0   1215   1410  20495  20495      0 
    2    302     60     66     98     68      0      0      0      0   1215   1410  20495  20495      0 
    3    360     53     60     95     61      0      0      0      0   1215   1410  20495  20495      0 
    0    373     58     63     94     60      0      0      0      0   1215   1410  20495  20495      0 
    1    295     49     60     96     63      0      0      0      0   1215   1410  20495  20495      0 
    2    312     54     63     95     72      0      0      0      0   1215   1410  20495  20495      0 
    3    291     47     57     94     61      0      0      0      0   1215   1410  20495  20495      0 
    0    375     54     62     97     70      0      0      0      0   1215   1410  20495  20495      0 
    1    267     50     58    100     71      0      0      0      0   1215   1410  20495  20495      0 
    2    288     60     66     96     64      0      0      0      0   1215   1410  20495  20495      0 
    3    295     53     60     95     61      0      0      0      0   1215   1410  20495  20495      0 
    0    312     58     63     94     64      0      0      0      0   1215   1410  20495  20495      0 
    1    216     49     59     95     62      0      0      0      0   1215   1410  20495  20495      0 
    2    313     55     63     96     63      0      0      0      0   1215   1410  20495  20495      0 
    3    288     47     55     94     63      0      0      0      0   1215   1410  20495  20495      0 
    0    263     54     63     96     70      0      0      0      0   1215   1410  20495  20495      0 
    1    232     50     59     96     67      0      0      0      0   1215   1410  20495  20495      0 
    2    283     59     67     95     63      0      0      0      0   1215   1410  20495  20495      0 
    3    341     53     61     96     61      0      0      0      0   1215   1410  20495  20495      0 
    0    312     58     65     96     67      0      0      0      0   1215   1410  20495  20495      0 
    1    260     48     60     96     63      0      0      0      0   1215   1410  20495  20495      0 
    2    311     54     64     94     62      0      0      0      0   1215   1410  20495  20495      0 
    3    278     47     58     96     63      0      0      0      0   1215   1410  20495  20495      0 
    0    371     54     62     99     69      0      0      0      0   1215   1410  20495  20495      0 
    1    294     50     58     95     71      0      0      0      0   1215   1410  20495  20495      0 
    2    274     59     66     95     63      0      0      0      0   1215   1410  20495  20495      0 
    3    291     53     61     95     62      0      0      0      0   1215   1410  20495  20495      0 
    0    304     58     64     94     65      0      0      0      0   1215   1410  20495  20495      0 
    1    265     48     59    100     75      0      0      0      0   1215   1410  20495  20495      0 
    2    307     54     63     94     61      0      0      0      0   1215   1410  20495  20495      0 
    3    211     47     58     96     61      0      0      0      0   1215   1410  20495  20495      0 
    0    308     54     63     95     62      0      0      0      0   1215   1410  20495  20495      0 
    1    292     50     58     99     74      0      0      0      0   1215   1410  20495  20495      0 
    2    304     59     67    100     70      0      0      0      0   1215   1410  20495  20495      0 
    3    268     53     61     95     66      0      0      0      0   1215   1410  20495  20495      0 
    0    270     58     64    100     69      0      0      0      0   1215   1410  20495  20495      0 
    1    295     48     59     97     71      0      0      0      0   1215   1410  20495  20495      0 
    2    267     55     62     96     72      0      0      0      0   1215   1410  20495  20495      0 
    3    359     47     57     96     70      0      0      0      0   1215   1410  20495  20495      0 
    0    289     54     62     95     62      0      0      0      0   1215   1410  20495  20495      0 
    1    263     50     58     95     64      0      0      0      0   1215   1410  20495  20495      0 
    2    298     59     69     96     66      0      0      0      0   1215   1410  20495  20495      0 
    3    208     53     60     97     67      0      0      0      0   1215   1410  20495  20495      0 
    0    361     58     63     96     70      0      0      0      0   1215   1410  20495  20495      0 
    1    283     48     59     96     66      0      0      0      0   1215   1410  20495  20495      0 
    2    387     55     63     98     74      0      0      0      0   1215   1410  20495  20495      0 
    3    291     47     54     95     64      0      0      0      0   1215   1410  20495  20495      0 
    0    266     54     61     96     64      0      0      0      0   1215   1410  20495  20495      0 
    1    298     50     58     96     62      0      0      0      0   1215   1410  20495  20495      0 
    2    273     59     68     96     68      0      0      0      0   1215   1410  20495  20495      0 
    3    369     54     60     96     65      0      0      0      0   1215   1410  20495  20495      0 
    0    309     59     63     95     64      0      0      0      0   1215   1410  20495  20495      0 
    1    255     49     59     96     63      0      0      0      0   1215   1410  20495  20495      0 
    2    311     54     65     95     66      0      0      0      0   1215   1410  20495  20495      0 
    3    282     47     58     94     61      0      0      0      0   1215   1410  20495  20495      0 
    0    356     54     63     95     61      0      0      0      0   1215   1410  20495  20495      0 
    1    295     50     58     96     72      0      0      0      0   1215   1410  20495  20495      0 
    2    370     59     68    100     74      0      0      0      0   1215   1410  20495  20495      0 
    3    293     54     61     96     62      0      0      0      0   1215   1410  20495  20495      0 
    0    308     59     64     95     65      0      0      0      0   1215   1410  20495  20495      0 
    1    338     49     58    100     73      0      0      0      0   1215   1410  20495  20495      0 
    2    299     55     66     96     67      0      0      0      0   1215   1410  20495  20495      0 
    3    262     48     57    100     72      0      0      0      0   1215   1410  20495  20495      0 
    0    307     54     63    100     71      0      0      0      0   1215   1410  20495  20495      0 
    1    292     50     57     95     62      0      0      0      0   1215   1410  20495  20495      0 
    2    303     59     68     96     68      0      0      0      0   1215   1410  20495  20495      0 
    3    294     53     61     96     62      0      0      0      0   1215   1410  20495  20495      0 
    0    272     59     63     96     70      0      0      0      0   1215   1410  20495  20495      0 
    1    295     49     58     95     68      0      0      0      0   1215   1410  20495  20495      0 
    2    290     55     65     99     72      0      0      0      0   1215   1410  20495  20495      0 
    3    289     47     59     98     67      0      0      0      0   1215   1410  20495  20495      0 
    0    260     54     62     96     62      0      0      0      0   1215   1410  20495  20495      0 
    1    293     50     58     96     67      0      0      0      0   1215   1410  20495  20495      0 
    2    305     59     69     96     65      0      0      0      0   1215   1410  20495  20495      0 
    3    332     54     61     96     62      0      0      0      0   1215   1410  20495  20495      0 
    0    272     58     63     94     62      0      0      0      0   1215   1410  20495  20495      0 
    1    297     49     59    100     71      0      0      0      0   1215   1410  20495  20495      0 
    2    264     55     66     95     71      0      0      0      0   1215   1410  20495  20495      0 
    3    292     48     58     96     64      0      0      0      0   1215   1410  20495  20495      0 
# gpu    pwr  gtemp  mtemp     sm    mem    enc    dec    jpg    ofa   mclk   pclk     fb   bar1   ccpm 
# Idx      W      C      C      %      %      %      %      %      %    MHz    MHz     MB     MB     MB 
    0    307     54     64     94     60      0      0      0      0   1215   1410  20495  20495      0 
    1    284     50     58     94     61      0      0      0      0   1215   1410  20495  20495      0 
    2    302     59     69     95     63      0      0      0      0   1215   1410  20495  20495      0 
    3    293     53     60     95     61      0      0      0      0   1215   1410  20495  20495      0 
# gpu    pwr  gtemp  mtemp     sm    mem    enc    dec    jpg    ofa   mclk   pclk     fb   bar1   ccpm 
# Idx      W      C      C      %      %      %      %      %      %    MHz    MHz     MB     MB     MB 
    0    361     59     63     95     68      0      0      0      0   1215   1410  20495  20495      0 
    1    287     48     58     96     63      0      0      0      0   1215   1410  20495  20495      0 
    2    347     55     66     95     66      0      0      0      0   1215   1410  20495  20495      0 
    3    289     47     60     94     61      0      0      0      0   1215   1410  20495  20495      0 
    0    252     51     56     99     72      0      0      0      0   1215   1410  20495  20495      0 
    1    226     47     51     96     66      0      0      0      0   1215   1410  20495  20495      0 
    2    242     56     61     95     65      0      0      0      0   1215   1410  20495  20495      0 
    3    227     51     54     97     67      0      0      0      0   1215   1410  20495  20495      0 
    0    247     55     58     95     69      0      0      0      0   1215   1410  20495  20495      0 
    1    255     46     53     96     62      0      0      0      0   1215   1410  20495  20495      0 
    2    247     52     58     94     63      0      0      0      0   1215   1410  20495  20495      0 
    3    212     45     53     96     70      0      0      0      0   1215   1410  20495  20495      0 
    0    191     50     54     97     65      0      0      0      0   1215   1410  20495  20495      0 
    1    230     46     48     95     62      0      0      0      0   1215   1410  20495  20495      0 
    2    240     55     58     95     61      0      0      0      0   1215   1410  20495  20495      0 
    3    228     49     53     96     65      0      0      0      0   1215   1410  20495  20495      0 
    0    289     54     55     95     69      0      0      0      0   1215   1410  20495  20495      0 
    1    234     45     52     97     67      0      0      0      0   1215   1410  20495  20495      0 
    2    275     51     55     95     62      0      0      0      0   1215   1410  20495  20495      0 
    3    230     44     50     94     64      0      0      0      0   1215   1410  20495  20495      0 
    0    241     50     52     99     69      0      0      0      0   1215   1410  20495  20495      0 
    1    215     46     50     99     71      0      0      0      0   1215   1410  20495  20495      0 
    2    235     54     56     94     64      0      0      0      0   1215   1410  20495  20495      0 
    3    196     49     52     96     62      0      0      0      0   1215   1410  20495  20495      0 
    0    246     53     54     95     61      0      0      0      0   1215   1410  20495  20495      0 
    1    237     45     51     96     67      0      0      0      0   1215   1410  20495  20495      0 
    2    246     51     57     95     65      0      0      0      0   1215   1410  20495  20495      0 
    3    224     44     51     95     64      0      0      0      0   1215   1410  20495  20495      0 
    0    223     49     54     96     66      0      0      0      0   1215   1410  20495  20495      0 
    1    230     46     49     96     62      0      0      0      0   1215   1410  20495  20495      0 
    2    236     54     58     96     61      0      0      0      0   1215   1410  20495  20495      0 
    3    236     49     52     99     73      0      0      0      0   1215   1410  20495  20495      0 
    0    248     53     56    100     70      0      0      0      0   1215   1410  20495  20495      0 
    1    243     45     50    100     70      0      0      0      0   1215   1410  20495  20495      0 
    2    243     50     56     96     71      0      0      0      0   1215   1410  20495  20495      0 
    3    229     44     51     94     60      0      0      0      0   1215   1410  20495  20495      0 
    0    240     49     53     95     64      0      0      0      0   1215   1410  20495  20495      0 
    1    278     46     49     96     72      0      0      0      0   1215   1410  20495  20495      0 
    2    229     54     57     96     65      0      0      0      0   1215   1410  20495  20495      0 
    3    230     49     53     95     63      0      0      0      0   1215   1410  20495  20495      0 
    0    244     53     55     95     61      0      0      0      0   1215   1410  20495  20495      0 
    1    229     45     49     97     67      0      0      0      0   1215   1410  20495  20495      0 
    2    247     50     55     96     66      0      0      0      0   1215   1410  20495  20495      0 
    3    234     44     51     95     63      0      0      0      0   1215   1410  20495  20495      0 
    0    226     49     52     99     72      0      0      0      0   1215   1410  20495  20495      0 
    1    230     46     50    100     72      0      0      0      0   1215   1410  20495  20495      0 
    2    236     54     56     94     60      0      0      0      0   1215   1410  20495  20495      0 
    3    255     49     51     95     70      0      0      0      0   1215   1410  20495  20495      0 
    0    231     53     54     95     65      0      0      0      0   1215   1410  20495  20495      0 
    1    236     45     51     96     72      0      0      0      0   1215   1410  20495  20495      0 
    2    240     50     54     98     71      0      0      0      0   1215   1410  20495  20495      0 
    3    273     44     49     96     61      0      0      0      0   1215   1410  20495  20495      0 
    0    239     50     54     96     65      0      0      0      0   1215   1410  20495  20495      0 
    1    265     45     47     96     72      0      0      0      0   1215   1410  20495  20495      0 
    2    228     53     57     98     66      0      0      0      0   1215   1410  20495  20495      0 
    3    231     49     51     96     71      0      0      0      0   1215   1410  20495  20495      0 
    0    244     53     54     94     61      0      0      0      0   1215   1410  20495  20495      0 
    1    190     44     49     98     70      0      0      0      0   1215   1410  20495  20495      0 
    2    247     50     56    100     74      0      0      0      0   1215   1410  20495  20495      0 
    3    228     43     51     99     69      0      0      0      0   1215   1410  20495  20495      0 
[2026-08-18T03:01:21.982] error: *** STEP 57196231.19 ON nid001133 CANCELLED AT 2026-08-18T03:01:21 DUE to SIGNAL Killed ***
srun: Job step aborted: Waiting up to 32 seconds for job step to finish.
srun: error: nid001136: task 1: Killed
srun: Terminating StepId=57196231.19
srun: error: nid001133: task 0: Killed
