AthenaK Kokkos default execution space: Cuda

Root grid = 4 x 8 x 1 MeshBlocks
Total number of MeshBlocks = 32
Number of logical  levels of refinement = 6 (7 levels total)
Number of physical levels of refinement = 3 (4 levels total)
  Physical level = 0 (logical level = 3): 32 MeshBlocks, cost = 32
Number of parallel ranks = 4
  Rank = 0: 8 MeshBlocks, cost = 8
  Rank = 1: 8 MeshBlocks, cost = 8
  Rank = 2: 8 MeshBlocks, cost = 8
  Rank = 3: 8 MeshBlocks, cost = 8
Load Balancing:
  Maximum normalized cost = 1, Average = 1
AssembleZ4cTasks
Initialized arXiv:1001.4077 Kerr puncture: M=1 chi=0.5 z_h=0 horizon_radius=0.466506 initial_gauge=precollapsed

Setup complete, executing task list(s)...

elapsed=2.199662e-01 cycle=0 time=0.000000e+00 dt=2.500000e-02
AMR_Z4C_CHI_PROLONGATION cycle=1 local_fallback_groups=0,1,1,0 global_fallback_groups=2 global_high_order_groups=1150
elapsed=2.487651e-01 cycle=1 time=2.500000e-02 dt=1.250000e-02
AMR_Z4C_CHI_PROLONGATION cycle=2 local_fallback_groups=0,0,0,0 global_fallback_groups=0 global_high_order_groups=5760
elapsed=2.614071e-01 cycle=2 time=3.750000e-02 dt=6.250000e-03
AMR_Z4C_CHI_PROLONGATION cycle=3 local_fallback_groups=0,0,0,0 global_fallback_groups=0 global_high_order_groups=3456
elapsed=2.756540e-01 cycle=3 time=4.375000e-02 dt=3.125000e-03
elapsed=2.862907e-01 cycle=4 time=4.687500e-02 dt=3.125000e-03
elapsed=2.967247e-01 cycle=5 time=5.000000e-02 dt=3.125000e-03
elapsed=3.071473e-01 cycle=6 time=5.312500e-02 dt=3.125000e-03
elapsed=3.174977e-01 cycle=7 time=5.625000e-02 dt=3.125000e-03
elapsed=3.305879e-01 cycle=8 time=5.937500e-02 dt=3.125000e-03
elapsed=3.409286e-01 cycle=9 time=6.250000e-02 dt=3.125000e-03
elapsed=3.512721e-01 cycle=10 time=6.562500e-02 dt=3.125000e-03
elapsed=3.616254e-01 cycle=11 time=6.875000e-02 dt=3.125000e-03
elapsed=3.717278e-01 cycle=12 time=7.187500e-02 dt=3.125000e-03
elapsed=3.816648e-01 cycle=13 time=7.500000e-02 dt=3.125000e-03
elapsed=3.916059e-01 cycle=14 time=7.812500e-02 dt=3.125000e-03
elapsed=4.015762e-01 cycle=15 time=8.125000e-02 dt=3.125000e-03
elapsed=4.145847e-01 cycle=16 time=8.437500e-02 dt=3.125000e-03
elapsed=4.249364e-01 cycle=17 time=8.750000e-02 dt=3.125000e-03
elapsed=4.351347e-01 cycle=18 time=9.062500e-02 dt=3.125000e-03
elapsed=4.452705e-01 cycle=19 time=9.375000e-02 dt=3.125000e-03
elapsed=4.552799e-01 cycle=20 time=9.687500e-02 dt=3.125000e-03
elapsed=4.664644e-01 cycle=21 time=1.000000e-01 dt=3.125000e-03
elapsed=4.765556e-01 cycle=22 time=1.031250e-01 dt=3.125000e-03
elapsed=4.864933e-01 cycle=23 time=1.062500e-01 dt=3.125000e-03
elapsed=4.997246e-01 cycle=24 time=1.093750e-01 dt=3.125000e-03
elapsed=5.099287e-01 cycle=25 time=1.125000e-01 dt=3.125000e-03
elapsed=5.199543e-01 cycle=26 time=1.156250e-01 dt=3.125000e-03
elapsed=5.299371e-01 cycle=27 time=1.187500e-01 dt=3.125000e-03
elapsed=5.400377e-01 cycle=28 time=1.218750e-01 dt=3.125000e-03
elapsed=5.500423e-01 cycle=29 time=1.250000e-01 dt=3.125000e-03
elapsed=5.600813e-01 cycle=30 time=1.281250e-01 dt=3.125000e-03
elapsed=5.701377e-01 cycle=31 time=1.312500e-01 dt=3.125000e-03
FastFlow wall time: cycle=32 time=1.343750e-01 seconds=1.909681e-01
elapsed=7.744869e-01 cycle=32 time=1.343750e-01 dt=3.125000e-03
elapsed=7.848653e-01 cycle=33 time=1.375000e-01 dt=3.125000e-03
elapsed=7.951443e-01 cycle=34 time=1.406250e-01 dt=3.125000e-03
elapsed=8.053230e-01 cycle=35 time=1.437500e-01 dt=3.125000e-03
elapsed=8.154435e-01 cycle=36 time=1.468750e-01 dt=3.125000e-03
elapsed=8.256666e-01 cycle=37 time=1.500000e-01 dt=3.125000e-03
elapsed=8.357606e-01 cycle=38 time=1.531250e-01 dt=3.125000e-03
elapsed=8.458325e-01 cycle=39 time=1.562500e-01 dt=3.125000e-03
elapsed=8.589166e-01 cycle=40 time=1.593750e-01 dt=3.125000e-03
elapsed=8.692928e-01 cycle=41 time=1.625000e-01 dt=3.125000e-03
elapsed=8.795531e-01 cycle=42 time=1.656250e-01 dt=3.125000e-03
elapsed=8.896556e-01 cycle=43 time=1.687500e-01 dt=3.125000e-03
elapsed=8.996767e-01 cycle=44 time=1.718750e-01 dt=3.125000e-03
elapsed=9.099219e-01 cycle=45 time=1.750000e-01 dt=3.125000e-03
elapsed=9.201167e-01 cycle=46 time=1.781250e-01 dt=3.125000e-03
elapsed=9.300813e-01 cycle=47 time=1.812500e-01 dt=3.125000e-03
elapsed=9.432435e-01 cycle=48 time=1.843750e-01 dt=3.125000e-03
elapsed=9.536071e-01 cycle=49 time=1.875000e-01 dt=3.125000e-03
elapsed=9.638322e-01 cycle=50 time=1.906250e-01 dt=3.125000e-03
elapsed=9.738894e-01 cycle=51 time=1.937500e-01 dt=3.125000e-03
elapsed=9.838448e-01 cycle=52 time=1.968750e-01 dt=3.125000e-03
elapsed=9.938195e-01 cycle=53 time=2.000000e-01 dt=3.125000e-03
elapsed=1.003788e+00 cycle=54 time=2.031250e-01 dt=3.125000e-03
elapsed=1.013888e+00 cycle=55 time=2.062500e-01 dt=3.125000e-03
elapsed=1.026878e+00 cycle=56 time=2.093750e-01 dt=3.125000e-03
elapsed=1.037078e+00 cycle=57 time=2.125000e-01 dt=3.125000e-03
elapsed=1.047239e+00 cycle=58 time=2.156250e-01 dt=3.125000e-03
elapsed=1.057259e+00 cycle=59 time=2.187500e-01 dt=3.125000e-03
elapsed=1.067305e+00 cycle=60 time=2.218750e-01 dt=3.125000e-03
elapsed=1.077386e+00 cycle=61 time=2.250000e-01 dt=3.125000e-03
elapsed=1.087440e+00 cycle=62 time=2.281250e-01 dt=3.125000e-03
elapsed=1.097409e+00 cycle=63 time=2.312500e-01 dt=3.125000e-03
FastFlow wall time: cycle=64 time=2.343750e-01 seconds=6.600738e-02
elapsed=1.176415e+00 cycle=64 time=2.343750e-01 dt=3.125000e-03
elapsed=1.186528e+00 cycle=65 time=2.375000e-01 dt=3.125000e-03
elapsed=1.196806e+00 cycle=66 time=2.406250e-01 dt=3.125000e-03
elapsed=1.206974e+00 cycle=67 time=2.437500e-01 dt=3.125000e-03
elapsed=1.217176e+00 cycle=68 time=2.468750e-01 dt=3.125000e-03
elapsed=1.227289e+00 cycle=69 time=2.500000e-01 dt=3.125000e-03
elapsed=1.237422e+00 cycle=70 time=2.531250e-01 dt=3.125000e-03
elapsed=1.247547e+00 cycle=71 time=2.562500e-01 dt=3.125000e-03
elapsed=1.260552e+00 cycle=72 time=2.593750e-01 dt=3.125000e-03
elapsed=1.270878e+00 cycle=73 time=2.625000e-01 dt=3.125000e-03
elapsed=1.281032e+00 cycle=74 time=2.656250e-01 dt=3.125000e-03
elapsed=1.291061e+00 cycle=75 time=2.687500e-01 dt=3.125000e-03
elapsed=1.301091e+00 cycle=76 time=2.718750e-01 dt=3.125000e-03
elapsed=1.311059e+00 cycle=77 time=2.750000e-01 dt=3.125000e-03
elapsed=1.321214e+00 cycle=78 time=2.781250e-01 dt=3.125000e-03
elapsed=1.331504e+00 cycle=79 time=2.812500e-01 dt=3.125000e-03
elapsed=1.400538e+00 cycle=80 time=2.843750e-01 dt=3.125000e-03
elapsed=1.410902e+00 cycle=81 time=2.875000e-01 dt=3.125000e-03
elapsed=1.421234e+00 cycle=82 time=2.906250e-01 dt=3.125000e-03
elapsed=1.431543e+00 cycle=83 time=2.937500e-01 dt=3.125000e-03
elapsed=1.441617e+00 cycle=84 time=2.968750e-01 dt=3.125000e-03
elapsed=1.451638e+00 cycle=85 time=3.000000e-01 dt=3.125000e-03
elapsed=1.461670e+00 cycle=86 time=3.031250e-01 dt=3.125000e-03
elapsed=1.471698e+00 cycle=87 time=3.062500e-01 dt=3.125000e-03
elapsed=1.484631e+00 cycle=88 time=3.093750e-01 dt=3.125000e-03
elapsed=1.494972e+00 cycle=89 time=3.125000e-01 dt=3.125000e-03
elapsed=1.505038e+00 cycle=90 time=3.156250e-01 dt=3.125000e-03
elapsed=1.515003e+00 cycle=91 time=3.187500e-01 dt=3.125000e-03
elapsed=1.525002e+00 cycle=92 time=3.218750e-01 dt=3.125000e-03
elapsed=1.535013e+00 cycle=93 time=3.250000e-01 dt=3.125000e-03
elapsed=1.545016e+00 cycle=94 time=3.281250e-01 dt=3.125000e-03
elapsed=1.554850e+00 cycle=95 time=3.312500e-01 dt=3.125000e-03
FastFlow wall time: cycle=96 time=3.343750e-01 seconds=6.570243e-02
elapsed=1.633408e+00 cycle=96 time=3.343750e-01 dt=3.125000e-03
elapsed=1.643709e+00 cycle=97 time=3.375000e-01 dt=3.125000e-03
elapsed=1.653750e+00 cycle=98 time=3.406250e-01 dt=3.125000e-03
elapsed=1.663754e+00 cycle=99 time=3.437500e-01 dt=3.125000e-03
elapsed=1.673739e+00 cycle=100 time=3.468750e-01 dt=3.125000e-03
elapsed=1.683839e+00 cycle=101 time=3.500000e-01 dt=3.125000e-03
elapsed=1.693846e+00 cycle=102 time=3.531250e-01 dt=3.125000e-03
elapsed=1.703829e+00 cycle=103 time=3.562500e-01 dt=3.125000e-03
elapsed=1.716723e+00 cycle=104 time=3.593750e-01 dt=3.125000e-03
elapsed=1.727068e+00 cycle=105 time=3.625000e-01 dt=3.125000e-03
elapsed=1.737116e+00 cycle=106 time=3.656250e-01 dt=3.125000e-03
elapsed=1.747090e+00 cycle=107 time=3.687500e-01 dt=3.125000e-03
elapsed=1.757211e+00 cycle=108 time=3.718750e-01 dt=3.125000e-03
elapsed=1.767323e+00 cycle=109 time=3.750000e-01 dt=3.125000e-03
elapsed=1.777291e+00 cycle=110 time=3.781250e-01 dt=3.125000e-03
elapsed=1.787297e+00 cycle=111 time=3.812500e-01 dt=3.125000e-03
elapsed=1.800333e+00 cycle=112 time=3.843750e-01 dt=3.125000e-03
elapsed=1.810552e+00 cycle=113 time=3.875000e-01 dt=3.125000e-03
elapsed=1.820723e+00 cycle=114 time=3.906250e-01 dt=3.125000e-03
elapsed=1.830786e+00 cycle=115 time=3.937500e-01 dt=3.125000e-03
elapsed=1.840815e+00 cycle=116 time=3.968750e-01 dt=3.125000e-03
elapsed=1.850892e+00 cycle=117 time=4.000000e-01 dt=3.125000e-03
elapsed=1.860973e+00 cycle=118 time=4.031250e-01 dt=3.125000e-03
elapsed=1.870936e+00 cycle=119 time=4.062500e-01 dt=3.125000e-03
elapsed=1.883898e+00 cycle=120 time=4.093750e-01 dt=3.125000e-03
elapsed=1.894246e+00 cycle=121 time=4.125000e-01 dt=3.125000e-03
elapsed=1.904409e+00 cycle=122 time=4.156250e-01 dt=3.125000e-03
elapsed=1.914534e+00 cycle=123 time=4.187500e-01 dt=3.125000e-03
elapsed=1.924648e+00 cycle=124 time=4.218750e-01 dt=3.125000e-03
elapsed=1.934769e+00 cycle=125 time=4.250000e-01 dt=3.125000e-03
elapsed=1.944653e+00 cycle=126 time=4.281250e-01 dt=3.125000e-03
elapsed=1.954521e+00 cycle=127 time=4.312500e-01 dt=3.125000e-03
FastFlow wall time: cycle=128 time=4.343750e-01 seconds=6.583946e-02
elapsed=2.033233e+00 cycle=128 time=4.343750e-01 dt=3.125000e-03
elapsed=2.043414e+00 cycle=129 time=4.375000e-01 dt=3.125000e-03
elapsed=2.053434e+00 cycle=130 time=4.406250e-01 dt=3.125000e-03
elapsed=2.063467e+00 cycle=131 time=4.437500e-01 dt=3.125000e-03
elapsed=2.073534e+00 cycle=132 time=4.468750e-01 dt=3.125000e-03
elapsed=2.083542e+00 cycle=133 time=4.500000e-01 dt=3.125000e-03
elapsed=2.093548e+00 cycle=134 time=4.531250e-01 dt=3.125000e-03
elapsed=2.103618e+00 cycle=135 time=4.562500e-01 dt=3.125000e-03
elapsed=2.116630e+00 cycle=136 time=4.593750e-01 dt=3.125000e-03
elapsed=2.126815e+00 cycle=137 time=4.625000e-01 dt=3.125000e-03
elapsed=2.136955e+00 cycle=138 time=4.656250e-01 dt=3.125000e-03
elapsed=2.147016e+00 cycle=139 time=4.687500e-01 dt=3.125000e-03
elapsed=2.157011e+00 cycle=140 time=4.718750e-01 dt=3.125000e-03
elapsed=2.167000e+00 cycle=141 time=4.750000e-01 dt=3.125000e-03
elapsed=2.177020e+00 cycle=142 time=4.781250e-01 dt=3.125000e-03
elapsed=2.186988e+00 cycle=143 time=4.812500e-01 dt=3.125000e-03
elapsed=2.200001e+00 cycle=144 time=4.843750e-01 dt=3.125000e-03
elapsed=2.210235e+00 cycle=145 time=4.875000e-01 dt=3.125000e-03
elapsed=2.220203e+00 cycle=146 time=4.906250e-01 dt=3.125000e-03
elapsed=2.230182e+00 cycle=147 time=4.937500e-01 dt=3.125000e-03
elapsed=2.240145e+00 cycle=148 time=4.968750e-01 dt=3.125000e-03
elapsed=2.250220e+00 cycle=149 time=5.000000e-01 dt=3.125000e-03
elapsed=2.260227e+00 cycle=150 time=5.031250e-01 dt=3.125000e-03
elapsed=2.270206e+00 cycle=151 time=5.062500e-01 dt=3.125000e-03
elapsed=2.283090e+00 cycle=152 time=5.093750e-01 dt=3.125000e-03
elapsed=2.293352e+00 cycle=153 time=5.125000e-01 dt=3.125000e-03
elapsed=2.303505e+00 cycle=154 time=5.156250e-01 dt=3.125000e-03
elapsed=2.313580e+00 cycle=155 time=5.187500e-01 dt=3.125000e-03
elapsed=2.323830e+00 cycle=156 time=5.218750e-01 dt=3.125000e-03
elapsed=2.333875e+00 cycle=157 time=5.250000e-01 dt=3.125000e-03
elapsed=2.343930e+00 cycle=158 time=5.281250e-01 dt=3.125000e-03
elapsed=2.354000e+00 cycle=159 time=5.312500e-01 dt=3.125000e-03
FastFlow wall time: cycle=160 time=5.343750e-01 seconds=1.042530e-01
elapsed=2.566580e+00 cycle=160 time=5.343750e-01 dt=3.125000e-03
elapsed=2.576964e+00 cycle=161 time=5.375000e-01 dt=3.125000e-03
elapsed=2.587290e+00 cycle=162 time=5.406250e-01 dt=3.125000e-03
elapsed=2.597626e+00 cycle=163 time=5.437500e-01 dt=3.125000e-03
elapsed=2.608006e+00 cycle=164 time=5.468750e-01 dt=3.125000e-03
elapsed=2.618161e+00 cycle=165 time=5.500000e-01 dt=3.125000e-03
elapsed=2.628176e+00 cycle=166 time=5.531250e-01 dt=3.125000e-03
elapsed=2.638200e+00 cycle=167 time=5.562500e-01 dt=3.125000e-03
elapsed=2.651425e+00 cycle=168 time=5.593750e-01 dt=3.125000e-03
elapsed=2.661752e+00 cycle=169 time=5.625000e-01 dt=3.125000e-03
elapsed=2.671952e+00 cycle=170 time=5.656250e-01 dt=3.125000e-03
elapsed=2.682146e+00 cycle=171 time=5.687500e-01 dt=3.125000e-03
elapsed=2.692144e+00 cycle=172 time=5.718750e-01 dt=3.125000e-03
elapsed=2.702222e+00 cycle=173 time=5.750000e-01 dt=3.125000e-03
elapsed=2.712354e+00 cycle=174 time=5.781250e-01 dt=3.125000e-03
elapsed=2.722336e+00 cycle=175 time=5.812500e-01 dt=3.125000e-03
elapsed=2.735607e+00 cycle=176 time=5.843750e-01 dt=3.125000e-03
elapsed=2.745742e+00 cycle=177 time=5.875000e-01 dt=3.125000e-03
elapsed=2.755904e+00 cycle=178 time=5.906250e-01 dt=3.125000e-03
elapsed=2.766032e+00 cycle=179 time=5.937500e-01 dt=3.125000e-03
elapsed=2.776146e+00 cycle=180 time=5.968750e-01 dt=3.125000e-03
elapsed=2.786180e+00 cycle=181 time=6.000000e-01 dt=3.125000e-03
elapsed=2.796183e+00 cycle=182 time=6.031250e-01 dt=3.125000e-03
elapsed=2.806339e+00 cycle=183 time=6.062500e-01 dt=3.125000e-03
elapsed=2.819758e+00 cycle=184 time=6.093750e-01 dt=3.125000e-03
elapsed=2.830109e+00 cycle=185 time=6.125000e-01 dt=3.125000e-03
elapsed=2.840370e+00 cycle=186 time=6.156250e-01 dt=3.125000e-03
elapsed=2.850476e+00 cycle=187 time=6.187500e-01 dt=3.125000e-03
elapsed=2.860475e+00 cycle=188 time=6.218750e-01 dt=3.125000e-03
elapsed=2.870494e+00 cycle=189 time=6.250000e-01 dt=3.125000e-03
elapsed=2.880537e+00 cycle=190 time=6.281250e-01 dt=3.125000e-03
elapsed=2.890574e+00 cycle=191 time=6.312500e-01 dt=3.125000e-03
FastFlow wall time: cycle=192 time=6.343750e-01 seconds=1.070935e-01
elapsed=3.011072e+00 cycle=192 time=6.343750e-01 dt=3.125000e-03
elapsed=3.021265e+00 cycle=193 time=6.375000e-01 dt=3.125000e-03
elapsed=3.031398e+00 cycle=194 time=6.406250e-01 dt=3.125000e-03
elapsed=3.041428e+00 cycle=195 time=6.437500e-01 dt=3.125000e-03
elapsed=3.051474e+00 cycle=196 time=6.468750e-01 dt=3.125000e-03
elapsed=3.061556e+00 cycle=197 time=6.500000e-01 dt=3.125000e-03
elapsed=3.071560e+00 cycle=198 time=6.531250e-01 dt=3.125000e-03
elapsed=3.081575e+00 cycle=199 time=6.562500e-01 dt=3.125000e-03
elapsed=3.094428e+00 cycle=200 time=6.593750e-01 dt=3.125000e-03
elapsed=3.104777e+00 cycle=201 time=6.625000e-01 dt=3.125000e-03
elapsed=3.114864e+00 cycle=202 time=6.656250e-01 dt=3.125000e-03
elapsed=3.124918e+00 cycle=203 time=6.687500e-01 dt=3.125000e-03
elapsed=3.134730e+00 cycle=204 time=6.718750e-01 dt=3.125000e-03
elapsed=3.144490e+00 cycle=205 time=6.750000e-01 dt=3.125000e-03
elapsed=3.154434e+00 cycle=206 time=6.781250e-01 dt=3.125000e-03
elapsed=3.164501e+00 cycle=207 time=6.812500e-01 dt=3.125000e-03
elapsed=3.177433e+00 cycle=208 time=6.843750e-01 dt=3.125000e-03
elapsed=3.187591e+00 cycle=209 time=6.875000e-01 dt=3.125000e-03
elapsed=3.197741e+00 cycle=210 time=6.906250e-01 dt=3.125000e-03
elapsed=3.207833e+00 cycle=211 time=6.937500e-01 dt=3.125000e-03
elapsed=3.217941e+00 cycle=212 time=6.968750e-01 dt=3.125000e-03
elapsed=3.228012e+00 cycle=213 time=7.000000e-01 dt=3.125000e-03
elapsed=3.238035e+00 cycle=214 time=7.031250e-01 dt=3.125000e-03
elapsed=3.248036e+00 cycle=215 time=7.062500e-01 dt=3.125000e-03
elapsed=3.261098e+00 cycle=216 time=7.093750e-01 dt=3.125000e-03
elapsed=3.271446e+00 cycle=217 time=7.125000e-01 dt=3.125000e-03
elapsed=3.281586e+00 cycle=218 time=7.156250e-01 dt=3.125000e-03
elapsed=3.291714e+00 cycle=219 time=7.187500e-01 dt=3.125000e-03
elapsed=3.301786e+00 cycle=220 time=7.218750e-01 dt=3.125000e-03
elapsed=3.311766e+00 cycle=221 time=7.250000e-01 dt=3.125000e-03
elapsed=3.322024e+00 cycle=222 time=7.281250e-01 dt=3.125000e-03
elapsed=3.332298e+00 cycle=223 time=7.312500e-01 dt=3.125000e-03
FastFlow wall time: cycle=224 time=7.343750e-01 seconds=1.116429e-01
elapsed=3.456988e+00 cycle=224 time=7.343750e-01 dt=3.125000e-03
elapsed=3.467368e+00 cycle=225 time=7.375000e-01 dt=3.125000e-03
elapsed=3.477627e+00 cycle=226 time=7.406250e-01 dt=3.125000e-03
elapsed=3.487687e+00 cycle=227 time=7.437500e-01 dt=3.125000e-03
elapsed=3.497824e+00 cycle=228 time=7.468750e-01 dt=3.125000e-03
elapsed=3.507844e+00 cycle=229 time=7.500000e-01 dt=3.125000e-03
elapsed=3.518038e+00 cycle=230 time=7.531250e-01 dt=3.125000e-03
elapsed=3.528144e+00 cycle=231 time=7.562500e-01 dt=3.125000e-03
elapsed=3.540595e+00 cycle=232 time=7.593750e-01 dt=3.125000e-03
elapsed=3.550744e+00 cycle=233 time=7.625000e-01 dt=3.125000e-03
elapsed=3.560873e+00 cycle=234 time=7.656250e-01 dt=3.125000e-03
elapsed=3.570943e+00 cycle=235 time=7.687500e-01 dt=3.125000e-03
elapsed=3.581051e+00 cycle=236 time=7.718750e-01 dt=3.125000e-03
elapsed=3.591113e+00 cycle=237 time=7.750000e-01 dt=3.125000e-03
elapsed=3.601136e+00 cycle=238 time=7.781250e-01 dt=3.125000e-03
elapsed=3.611155e+00 cycle=239 time=7.812500e-01 dt=3.125000e-03
elapsed=3.684833e+00 cycle=240 time=7.843750e-01 dt=3.125000e-03
elapsed=3.695272e+00 cycle=241 time=7.875000e-01 dt=3.125000e-03
elapsed=3.705616e+00 cycle=242 time=7.906250e-01 dt=3.125000e-03
elapsed=3.715951e+00 cycle=243 time=7.937500e-01 dt=3.125000e-03
elapsed=3.726273e+00 cycle=244 time=7.968750e-01 dt=3.125000e-03
elapsed=3.736614e+00 cycle=245 time=8.000000e-01 dt=3.125000e-03
elapsed=3.746963e+00 cycle=246 time=8.031250e-01 dt=3.125000e-03
elapsed=3.757276e+00 cycle=247 time=8.062500e-01 dt=3.125000e-03
elapsed=3.770508e+00 cycle=248 time=8.093750e-01 dt=3.125000e-03
elapsed=3.780859e+00 cycle=249 time=8.125000e-01 dt=3.125000e-03
elapsed=3.791139e+00 cycle=250 time=8.156250e-01 dt=3.125000e-03
elapsed=3.801286e+00 cycle=251 time=8.187500e-01 dt=3.125000e-03
elapsed=3.811304e+00 cycle=252 time=8.218750e-01 dt=3.125000e-03
elapsed=3.821358e+00 cycle=253 time=8.250000e-01 dt=3.125000e-03
elapsed=3.831539e+00 cycle=254 time=8.281250e-01 dt=3.125000e-03
elapsed=3.841567e+00 cycle=255 time=8.312500e-01 dt=3.125000e-03
FastFlow wall time: cycle=256 time=8.343750e-01 seconds=1.707430e-01
elapsed=4.025520e+00 cycle=256 time=8.343750e-01 dt=3.125000e-03
elapsed=4.036045e+00 cycle=257 time=8.375000e-01 dt=3.125000e-03
elapsed=4.046360e+00 cycle=258 time=8.406250e-01 dt=3.125000e-03
elapsed=4.056525e+00 cycle=259 time=8.437500e-01 dt=3.125000e-03
elapsed=4.066617e+00 cycle=260 time=8.468750e-01 dt=3.125000e-03
elapsed=4.076642e+00 cycle=261 time=8.500000e-01 dt=3.125000e-03
elapsed=4.086684e+00 cycle=262 time=8.531250e-01 dt=3.125000e-03
elapsed=4.096702e+00 cycle=263 time=8.562500e-01 dt=3.125000e-03
elapsed=4.109649e+00 cycle=264 time=8.593750e-01 dt=3.125000e-03
elapsed=4.119887e+00 cycle=265 time=8.625000e-01 dt=3.125000e-03
elapsed=4.129915e+00 cycle=266 time=8.656250e-01 dt=3.125000e-03
elapsed=4.139930e+00 cycle=267 time=8.687500e-01 dt=3.125000e-03
elapsed=4.149977e+00 cycle=268 time=8.718750e-01 dt=3.125000e-03
elapsed=4.159982e+00 cycle=269 time=8.750000e-01 dt=3.125000e-03
elapsed=4.170009e+00 cycle=270 time=8.781250e-01 dt=3.125000e-03
elapsed=4.181023e+00 cycle=271 time=8.812500e-01 dt=3.125000e-03
elapsed=4.193887e+00 cycle=272 time=8.843750e-01 dt=3.125000e-03
elapsed=4.204144e+00 cycle=273 time=8.875000e-01 dt=3.125000e-03
elapsed=4.214284e+00 cycle=274 time=8.906250e-01 dt=3.125000e-03
elapsed=4.224463e+00 cycle=275 time=8.937500e-01 dt=3.125000e-03
elapsed=4.234556e+00 cycle=276 time=8.968750e-01 dt=3.125000e-03
elapsed=4.244748e+00 cycle=277 time=9.000000e-01 dt=3.125000e-03
elapsed=4.254828e+00 cycle=278 time=9.031250e-01 dt=3.125000e-03
elapsed=4.264951e+00 cycle=279 time=9.062500e-01 dt=3.125000e-03
elapsed=4.277698e+00 cycle=280 time=9.093750e-01 dt=3.125000e-03
elapsed=4.288020e+00 cycle=281 time=9.125000e-01 dt=3.125000e-03
elapsed=4.298093e+00 cycle=282 time=9.156250e-01 dt=3.125000e-03
elapsed=4.308081e+00 cycle=283 time=9.187500e-01 dt=3.125000e-03
elapsed=4.318383e+00 cycle=284 time=9.218750e-01 dt=3.125000e-03
elapsed=4.328694e+00 cycle=285 time=9.250000e-01 dt=3.125000e-03
elapsed=4.339021e+00 cycle=286 time=9.281250e-01 dt=3.125000e-03
elapsed=4.349260e+00 cycle=287 time=9.312500e-01 dt=3.125000e-03
FastFlow wall time: cycle=288 time=9.343750e-01 seconds=1.870726e-01
elapsed=4.549968e+00 cycle=288 time=9.343750e-01 dt=3.125000e-03
elapsed=4.560228e+00 cycle=289 time=9.375000e-01 dt=3.125000e-03
elapsed=4.570348e+00 cycle=290 time=9.406250e-01 dt=3.125000e-03
elapsed=4.580326e+00 cycle=291 time=9.437500e-01 dt=3.125000e-03
elapsed=4.590270e+00 cycle=292 time=9.468750e-01 dt=3.125000e-03
elapsed=4.600330e+00 cycle=293 time=9.500000e-01 dt=3.125000e-03
elapsed=4.610480e+00 cycle=294 time=9.531250e-01 dt=3.125000e-03
elapsed=4.620526e+00 cycle=295 time=9.562500e-01 dt=3.125000e-03
elapsed=4.980755e+00 cycle=296 time=9.593750e-01 dt=3.125000e-03
elapsed=4.991020e+00 cycle=297 time=9.625000e-01 dt=3.125000e-03
elapsed=5.001106e+00 cycle=298 time=9.656250e-01 dt=3.125000e-03
elapsed=5.011224e+00 cycle=299 time=9.687500e-01 dt=3.125000e-03
elapsed=5.021321e+00 cycle=300 time=9.718750e-01 dt=3.125000e-03
elapsed=5.031387e+00 cycle=301 time=9.750000e-01 dt=3.125000e-03
elapsed=5.041452e+00 cycle=302 time=9.781250e-01 dt=3.125000e-03
elapsed=5.051580e+00 cycle=303 time=9.812500e-01 dt=3.125000e-03
elapsed=5.064531e+00 cycle=304 time=9.843750e-01 dt=3.125000e-03
elapsed=5.074893e+00 cycle=305 time=9.875000e-01 dt=3.125000e-03
elapsed=5.085106e+00 cycle=306 time=9.906250e-01 dt=3.125000e-03
elapsed=5.095135e+00 cycle=307 time=9.937500e-01 dt=3.125000e-03
elapsed=5.105197e+00 cycle=308 time=9.968750e-01 dt=3.125000e-03
elapsed=5.115277e+00 cycle=309 time=1.000000e+00 dt=3.125000e-03
elapsed=5.125321e+00 cycle=310 time=1.003125e+00 dt=3.125000e-03
elapsed=5.135290e+00 cycle=311 time=1.006250e+00 dt=3.125000e-03
elapsed=5.148189e+00 cycle=312 time=1.009375e+00 dt=3.125000e-03
elapsed=5.158479e+00 cycle=313 time=1.012500e+00 dt=3.125000e-03
elapsed=5.168617e+00 cycle=314 time=1.015625e+00 dt=3.125000e-03
elapsed=5.178621e+00 cycle=315 time=1.018750e+00 dt=3.125000e-03
elapsed=5.188635e+00 cycle=316 time=1.021875e+00 dt=3.125000e-03
elapsed=5.198646e+00 cycle=317 time=1.025000e+00 dt=3.125000e-03
elapsed=5.208619e+00 cycle=318 time=1.028125e+00 dt=3.125000e-03
elapsed=5.218640e+00 cycle=319 time=1.031250e+00 dt=3.125000e-03
FastFlow wall time: cycle=320 time=1.034375e+00 seconds=2.124060e-01
elapsed=5.541141e+00 cycle=320 time=1.034375e+00 dt=3.125000e-03
elapsed=5.551674e+00 cycle=321 time=1.037500e+00 dt=3.125000e-03
elapsed=5.561997e+00 cycle=322 time=1.040625e+00 dt=3.125000e-03
elapsed=5.572328e+00 cycle=323 time=1.043750e+00 dt=3.125000e-03
elapsed=5.582656e+00 cycle=324 time=1.046875e+00 dt=3.125000e-03
elapsed=5.593008e+00 cycle=325 time=1.050000e+00 dt=3.125000e-03
elapsed=5.603296e+00 cycle=326 time=1.053125e+00 dt=3.125000e-03
elapsed=5.613455e+00 cycle=327 time=1.056250e+00 dt=3.125000e-03
elapsed=5.626532e+00 cycle=328 time=1.059375e+00 dt=3.125000e-03
elapsed=5.636718e+00 cycle=329 time=1.062500e+00 dt=3.125000e-03
elapsed=5.646846e+00 cycle=330 time=1.065625e+00 dt=3.125000e-03
elapsed=5.657000e+00 cycle=331 time=1.068750e+00 dt=3.125000e-03
elapsed=5.666954e+00 cycle=332 time=1.071875e+00 dt=3.125000e-03
elapsed=5.677053e+00 cycle=333 time=1.075000e+00 dt=3.125000e-03
elapsed=5.687187e+00 cycle=334 time=1.078125e+00 dt=3.125000e-03
elapsed=5.697222e+00 cycle=335 time=1.081250e+00 dt=3.125000e-03
elapsed=5.710317e+00 cycle=336 time=1.084375e+00 dt=3.125000e-03
elapsed=5.720644e+00 cycle=337 time=1.087500e+00 dt=3.125000e-03
elapsed=5.730844e+00 cycle=338 time=1.090625e+00 dt=3.125000e-03
elapsed=5.740902e+00 cycle=339 time=1.093750e+00 dt=3.125000e-03
elapsed=5.750870e+00 cycle=340 time=1.096875e+00 dt=3.125000e-03
elapsed=5.760858e+00 cycle=341 time=1.100000e+00 dt=3.125000e-03
elapsed=5.770874e+00 cycle=342 time=1.103125e+00 dt=3.125000e-03
elapsed=5.780977e+00 cycle=343 time=1.106250e+00 dt=3.125000e-03
elapsed=5.793749e+00 cycle=344 time=1.109375e+00 dt=3.125000e-03
elapsed=5.804050e+00 cycle=345 time=1.112500e+00 dt=3.125000e-03
elapsed=5.814151e+00 cycle=346 time=1.115625e+00 dt=3.125000e-03
elapsed=5.824112e+00 cycle=347 time=1.118750e+00 dt=3.125000e-03
elapsed=5.834089e+00 cycle=348 time=1.121875e+00 dt=3.125000e-03
elapsed=5.844086e+00 cycle=349 time=1.125000e+00 dt=3.125000e-03
elapsed=5.854043e+00 cycle=350 time=1.128125e+00 dt=3.125000e-03
elapsed=5.864048e+00 cycle=351 time=1.131250e+00 dt=3.125000e-03
FastFlow wall time: cycle=352 time=1.134375e+00 seconds=2.310488e-01
elapsed=6.108241e+00 cycle=352 time=1.134375e+00 dt=3.125000e-03
elapsed=6.118596e+00 cycle=353 time=1.137500e+00 dt=3.125000e-03
elapsed=6.128724e+00 cycle=354 time=1.140625e+00 dt=3.125000e-03
elapsed=6.138720e+00 cycle=355 time=1.143750e+00 dt=3.125000e-03
elapsed=6.148686e+00 cycle=356 time=1.146875e+00 dt=3.125000e-03
elapsed=6.158568e+00 cycle=357 time=1.150000e+00 dt=3.125000e-03
elapsed=6.168549e+00 cycle=358 time=1.153125e+00 dt=3.125000e-03
elapsed=6.178525e+00 cycle=359 time=1.156250e+00 dt=3.125000e-03
elapsed=6.191688e+00 cycle=360 time=1.159375e+00 dt=3.125000e-03
elapsed=6.202052e+00 cycle=361 time=1.162500e+00 dt=3.125000e-03
elapsed=6.212155e+00 cycle=362 time=1.165625e+00 dt=3.125000e-03
elapsed=6.222152e+00 cycle=363 time=1.168750e+00 dt=3.125000e-03
elapsed=6.232207e+00 cycle=364 time=1.171875e+00 dt=3.125000e-03
elapsed=6.242246e+00 cycle=365 time=1.175000e+00 dt=3.125000e-03
elapsed=6.252267e+00 cycle=366 time=1.178125e+00 dt=3.125000e-03
elapsed=6.262348e+00 cycle=367 time=1.181250e+00 dt=3.125000e-03
elapsed=6.275516e+00 cycle=368 time=1.184375e+00 dt=3.125000e-03
elapsed=6.285935e+00 cycle=369 time=1.187500e+00 dt=3.125000e-03
elapsed=6.296348e+00 cycle=370 time=1.190625e+00 dt=3.125000e-03
elapsed=6.306546e+00 cycle=371 time=1.193750e+00 dt=3.125000e-03
elapsed=6.316653e+00 cycle=372 time=1.196875e+00 dt=3.125000e-03
elapsed=6.326935e+00 cycle=373 time=1.200000e+00 dt=3.125000e-03
elapsed=6.337212e+00 cycle=374 time=1.203125e+00 dt=3.125000e-03
elapsed=6.347367e+00 cycle=375 time=1.206250e+00 dt=3.125000e-03
elapsed=6.360634e+00 cycle=376 time=1.209375e+00 dt=3.125000e-03
elapsed=6.370987e+00 cycle=377 time=1.212500e+00 dt=3.125000e-03
elapsed=6.381214e+00 cycle=378 time=1.215625e+00 dt=3.125000e-03
elapsed=6.391212e+00 cycle=379 time=1.218750e+00 dt=3.125000e-03
elapsed=6.401258e+00 cycle=380 time=1.221875e+00 dt=3.125000e-03
elapsed=6.411256e+00 cycle=381 time=1.225000e+00 dt=3.125000e-03
elapsed=6.421271e+00 cycle=382 time=1.228125e+00 dt=3.125000e-03
elapsed=6.431294e+00 cycle=383 time=1.231250e+00 dt=3.125000e-03
FastFlow wall time: cycle=384 time=1.234375e+00 seconds=2.238628e-01
elapsed=6.668098e+00 cycle=384 time=1.234375e+00 dt=3.125000e-03
elapsed=6.678448e+00 cycle=385 time=1.237500e+00 dt=3.125000e-03
elapsed=6.688645e+00 cycle=386 time=1.240625e+00 dt=3.125000e-03
elapsed=6.698667e+00 cycle=387 time=1.243750e+00 dt=3.125000e-03
elapsed=6.708799e+00 cycle=388 time=1.246875e+00 dt=3.125000e-03
elapsed=6.718841e+00 cycle=389 time=1.250000e+00 dt=3.125000e-03
elapsed=6.728850e+00 cycle=390 time=1.253125e+00 dt=3.125000e-03
elapsed=6.738852e+00 cycle=391 time=1.256250e+00 dt=3.125000e-03
elapsed=6.751966e+00 cycle=392 time=1.259375e+00 dt=3.125000e-03
elapsed=6.762245e+00 cycle=393 time=1.262500e+00 dt=3.125000e-03
elapsed=6.772243e+00 cycle=394 time=1.265625e+00 dt=3.125000e-03
elapsed=6.782260e+00 cycle=395 time=1.268750e+00 dt=3.125000e-03
elapsed=6.792753e+00 cycle=396 time=1.271875e+00 dt=3.125000e-03
elapsed=6.802803e+00 cycle=397 time=1.275000e+00 dt=3.125000e-03
elapsed=6.812771e+00 cycle=398 time=1.278125e+00 dt=3.125000e-03
elapsed=6.822795e+00 cycle=399 time=1.281250e+00 dt=3.125000e-03
elapsed=6.897359e+00 cycle=400 time=1.284375e+00 dt=3.125000e-03
elapsed=6.907760e+00 cycle=401 time=1.287500e+00 dt=3.125000e-03
elapsed=6.918110e+00 cycle=402 time=1.290625e+00 dt=3.125000e-03
elapsed=6.928379e+00 cycle=403 time=1.293750e+00 dt=3.125000e-03
elapsed=6.938484e+00 cycle=404 time=1.296875e+00 dt=3.125000e-03
elapsed=6.948685e+00 cycle=405 time=1.300000e+00 dt=3.125000e-03
elapsed=6.958974e+00 cycle=406 time=1.303125e+00 dt=3.125000e-03
elapsed=6.969244e+00 cycle=407 time=1.306250e+00 dt=3.125000e-03
elapsed=6.982155e+00 cycle=408 time=1.309375e+00 dt=3.125000e-03
elapsed=6.992544e+00 cycle=409 time=1.312500e+00 dt=3.125000e-03
elapsed=7.002804e+00 cycle=410 time=1.315625e+00 dt=3.125000e-03
elapsed=7.012922e+00 cycle=411 time=1.318750e+00 dt=3.125000e-03
elapsed=7.023099e+00 cycle=412 time=1.321875e+00 dt=3.125000e-03
elapsed=7.033351e+00 cycle=413 time=1.325000e+00 dt=3.125000e-03
elapsed=7.043365e+00 cycle=414 time=1.328125e+00 dt=3.125000e-03
elapsed=7.053611e+00 cycle=415 time=1.331250e+00 dt=3.125000e-03
FastFlow wall time: cycle=416 time=1.334375e+00 seconds=2.314518e-01
elapsed=7.298463e+00 cycle=416 time=1.334375e+00 dt=3.125000e-03
elapsed=7.308870e+00 cycle=417 time=1.337500e+00 dt=3.125000e-03
elapsed=7.319197e+00 cycle=418 time=1.340625e+00 dt=3.125000e-03
elapsed=7.329420e+00 cycle=419 time=1.343750e+00 dt=3.125000e-03
elapsed=7.339459e+00 cycle=420 time=1.346875e+00 dt=3.125000e-03
elapsed=7.349552e+00 cycle=421 time=1.350000e+00 dt=3.125000e-03
elapsed=7.359643e+00 cycle=422 time=1.353125e+00 dt=3.125000e-03
elapsed=7.369783e+00 cycle=423 time=1.356250e+00 dt=3.125000e-03
elapsed=7.382831e+00 cycle=424 time=1.359375e+00 dt=3.125000e-03
elapsed=7.393093e+00 cycle=425 time=1.362500e+00 dt=3.125000e-03
elapsed=7.403197e+00 cycle=426 time=1.365625e+00 dt=3.125000e-03
elapsed=7.413381e+00 cycle=427 time=1.368750e+00 dt=3.125000e-03
elapsed=7.423499e+00 cycle=428 time=1.371875e+00 dt=3.125000e-03
elapsed=7.433472e+00 cycle=429 time=1.375000e+00 dt=3.125000e-03
elapsed=7.443470e+00 cycle=430 time=1.378125e+00 dt=3.125000e-03
elapsed=7.453564e+00 cycle=431 time=1.381250e+00 dt=3.125000e-03
elapsed=7.466711e+00 cycle=432 time=1.384375e+00 dt=3.125000e-03
elapsed=7.477070e+00 cycle=433 time=1.387500e+00 dt=3.125000e-03
elapsed=7.487132e+00 cycle=434 time=1.390625e+00 dt=3.125000e-03
elapsed=7.497111e+00 cycle=435 time=1.393750e+00 dt=3.125000e-03
elapsed=7.507132e+00 cycle=436 time=1.396875e+00 dt=3.125000e-03
elapsed=7.517275e+00 cycle=437 time=1.400000e+00 dt=3.125000e-03
elapsed=7.527219e+00 cycle=438 time=1.403125e+00 dt=3.125000e-03
elapsed=7.537238e+00 cycle=439 time=1.406250e+00 dt=3.125000e-03
elapsed=7.550418e+00 cycle=440 time=1.409375e+00 dt=3.125000e-03
elapsed=7.560802e+00 cycle=441 time=1.412500e+00 dt=3.125000e-03
elapsed=7.570847e+00 cycle=442 time=1.415625e+00 dt=3.125000e-03
elapsed=7.580968e+00 cycle=443 time=1.418750e+00 dt=3.125000e-03
elapsed=7.590972e+00 cycle=444 time=1.421875e+00 dt=3.125000e-03
elapsed=7.600940e+00 cycle=445 time=1.425000e+00 dt=3.125000e-03
elapsed=7.610922e+00 cycle=446 time=1.428125e+00 dt=3.125000e-03
elapsed=7.620916e+00 cycle=447 time=1.431250e+00 dt=3.125000e-03
FastFlow wall time: cycle=448 time=1.434375e+00 seconds=2.483212e-01
elapsed=7.882560e+00 cycle=448 time=1.434375e+00 dt=3.125000e-03
elapsed=7.892916e+00 cycle=449 time=1.437500e+00 dt=3.125000e-03
elapsed=7.903088e+00 cycle=450 time=1.440625e+00 dt=3.125000e-03
elapsed=7.913093e+00 cycle=451 time=1.443750e+00 dt=3.125000e-03
elapsed=7.923091e+00 cycle=452 time=1.446875e+00 dt=3.125000e-03
elapsed=7.933157e+00 cycle=453 time=1.450000e+00 dt=3.125000e-03
elapsed=7.943215e+00 cycle=454 time=1.453125e+00 dt=3.125000e-03
elapsed=7.953320e+00 cycle=455 time=1.456250e+00 dt=3.125000e-03
elapsed=7.966372e+00 cycle=456 time=1.459375e+00 dt=3.125000e-03
elapsed=7.976676e+00 cycle=457 time=1.462500e+00 dt=3.125000e-03
elapsed=7.986859e+00 cycle=458 time=1.465625e+00 dt=3.125000e-03
elapsed=7.997037e+00 cycle=459 time=1.468750e+00 dt=3.125000e-03
elapsed=8.007018e+00 cycle=460 time=1.471875e+00 dt=3.125000e-03
elapsed=8.017008e+00 cycle=461 time=1.475000e+00 dt=3.125000e-03
elapsed=8.027093e+00 cycle=462 time=1.478125e+00 dt=3.125000e-03
elapsed=8.037070e+00 cycle=463 time=1.481250e+00 dt=3.125000e-03
elapsed=8.049784e+00 cycle=464 time=1.484375e+00 dt=3.125000e-03
elapsed=8.060148e+00 cycle=465 time=1.487500e+00 dt=3.125000e-03
elapsed=8.070256e+00 cycle=466 time=1.490625e+00 dt=3.125000e-03
elapsed=8.080241e+00 cycle=467 time=1.493750e+00 dt=3.125000e-03
elapsed=8.090234e+00 cycle=468 time=1.496875e+00 dt=3.125000e-03
elapsed=8.100212e+00 cycle=469 time=1.500000e+00 dt=3.125000e-03
elapsed=8.110194e+00 cycle=470 time=1.503125e+00 dt=3.125000e-03
elapsed=8.120176e+00 cycle=471 time=1.506250e+00 dt=3.125000e-03
elapsed=8.133366e+00 cycle=472 time=1.509375e+00 dt=3.125000e-03
elapsed=8.143572e+00 cycle=473 time=1.512500e+00 dt=3.125000e-03
elapsed=8.153681e+00 cycle=474 time=1.515625e+00 dt=3.125000e-03
elapsed=8.163765e+00 cycle=475 time=1.518750e+00 dt=3.125000e-03
elapsed=8.173846e+00 cycle=476 time=1.521875e+00 dt=3.125000e-03
elapsed=8.184014e+00 cycle=477 time=1.525000e+00 dt=3.125000e-03
elapsed=8.194068e+00 cycle=478 time=1.528125e+00 dt=3.125000e-03
elapsed=8.204166e+00 cycle=479 time=1.531250e+00 dt=3.125000e-03
FastFlow wall time: cycle=480 time=1.534375e+00 seconds=2.841138e-01
elapsed=8.601869e+00 cycle=480 time=1.534375e+00 dt=3.125000e-03
elapsed=8.612433e+00 cycle=481 time=1.537500e+00 dt=3.125000e-03
elapsed=8.622808e+00 cycle=482 time=1.540625e+00 dt=3.125000e-03
elapsed=8.633162e+00 cycle=483 time=1.543750e+00 dt=3.125000e-03
elapsed=8.643508e+00 cycle=484 time=1.546875e+00 dt=3.125000e-03
elapsed=8.653806e+00 cycle=485 time=1.550000e+00 dt=3.125000e-03
elapsed=8.664151e+00 cycle=486 time=1.553125e+00 dt=3.125000e-03
elapsed=8.674389e+00 cycle=487 time=1.556250e+00 dt=3.125000e-03
elapsed=8.687176e+00 cycle=488 time=1.559375e+00 dt=3.125000e-03
elapsed=8.697512e+00 cycle=489 time=1.562500e+00 dt=3.125000e-03
elapsed=8.707717e+00 cycle=490 time=1.565625e+00 dt=3.125000e-03
elapsed=8.717852e+00 cycle=491 time=1.568750e+00 dt=3.125000e-03
elapsed=8.727900e+00 cycle=492 time=1.571875e+00 dt=3.125000e-03
elapsed=8.738005e+00 cycle=493 time=1.575000e+00 dt=3.125000e-03
elapsed=8.748127e+00 cycle=494 time=1.578125e+00 dt=3.125000e-03
elapsed=8.758242e+00 cycle=495 time=1.581250e+00 dt=3.125000e-03
elapsed=8.771447e+00 cycle=496 time=1.584375e+00 dt=3.125000e-03
elapsed=8.781822e+00 cycle=497 time=1.587500e+00 dt=3.125000e-03
elapsed=8.792171e+00 cycle=498 time=1.590625e+00 dt=3.125000e-03
elapsed=8.802243e+00 cycle=499 time=1.593750e+00 dt=3.125000e-03
elapsed=8.812229e+00 cycle=500 time=1.596875e+00 dt=3.125000e-03
elapsed=8.822240e+00 cycle=501 time=1.600000e+00 dt=3.125000e-03
elapsed=8.832224e+00 cycle=502 time=1.603125e+00 dt=3.125000e-03
elapsed=8.842195e+00 cycle=503 time=1.606250e+00 dt=3.125000e-03
elapsed=8.855406e+00 cycle=504 time=1.609375e+00 dt=3.125000e-03
elapsed=8.865798e+00 cycle=505 time=1.612500e+00 dt=3.125000e-03
elapsed=8.876015e+00 cycle=506 time=1.615625e+00 dt=3.125000e-03
elapsed=8.886134e+00 cycle=507 time=1.618750e+00 dt=3.125000e-03
elapsed=8.896159e+00 cycle=508 time=1.621875e+00 dt=3.125000e-03
elapsed=8.906116e+00 cycle=509 time=1.625000e+00 dt=3.125000e-03
elapsed=8.916095e+00 cycle=510 time=1.628125e+00 dt=3.125000e-03
elapsed=8.926081e+00 cycle=511 time=1.631250e+00 dt=3.125000e-03
FastFlow wall time: cycle=512 time=1.634375e+00 seconds=2.941495e-01
elapsed=9.233091e+00 cycle=512 time=1.634375e+00 dt=3.125000e-03
elapsed=9.243628e+00 cycle=513 time=1.637500e+00 dt=3.125000e-03
elapsed=9.253765e+00 cycle=514 time=1.640625e+00 dt=3.125000e-03
elapsed=9.263780e+00 cycle=515 time=1.643750e+00 dt=3.125000e-03
elapsed=9.273822e+00 cycle=516 time=1.646875e+00 dt=3.125000e-03
elapsed=9.283987e+00 cycle=517 time=1.650000e+00 dt=3.125000e-03
elapsed=9.293959e+00 cycle=518 time=1.653125e+00 dt=3.125000e-03
elapsed=9.304043e+00 cycle=519 time=1.656250e+00 dt=3.125000e-03
elapsed=9.316937e+00 cycle=520 time=1.659375e+00 dt=3.125000e-03
elapsed=9.327205e+00 cycle=521 time=1.662500e+00 dt=3.125000e-03
elapsed=9.337241e+00 cycle=522 time=1.665625e+00 dt=3.125000e-03
elapsed=9.347248e+00 cycle=523 time=1.668750e+00 dt=3.125000e-03
elapsed=9.357439e+00 cycle=524 time=1.671875e+00 dt=3.125000e-03
elapsed=9.367557e+00 cycle=525 time=1.675000e+00 dt=3.125000e-03
elapsed=9.377739e+00 cycle=526 time=1.678125e+00 dt=3.125000e-03
elapsed=9.387868e+00 cycle=527 time=1.681250e+00 dt=3.125000e-03
elapsed=9.400697e+00 cycle=528 time=1.684375e+00 dt=3.125000e-03
elapsed=9.410960e+00 cycle=529 time=1.687500e+00 dt=3.125000e-03
elapsed=9.421266e+00 cycle=530 time=1.690625e+00 dt=3.125000e-03
elapsed=9.431307e+00 cycle=531 time=1.693750e+00 dt=3.125000e-03
elapsed=9.441429e+00 cycle=532 time=1.696875e+00 dt=3.125000e-03
elapsed=9.451419e+00 cycle=533 time=1.700000e+00 dt=3.125000e-03
elapsed=9.461428e+00 cycle=534 time=1.703125e+00 dt=3.125000e-03
elapsed=9.471515e+00 cycle=535 time=1.706250e+00 dt=3.125000e-03
elapsed=9.484642e+00 cycle=536 time=1.709375e+00 dt=3.125000e-03
elapsed=9.494957e+00 cycle=537 time=1.712500e+00 dt=3.125000e-03
elapsed=9.504964e+00 cycle=538 time=1.715625e+00 dt=3.125000e-03
elapsed=9.515015e+00 cycle=539 time=1.718750e+00 dt=3.125000e-03
elapsed=9.525212e+00 cycle=540 time=1.721875e+00 dt=3.125000e-03
elapsed=9.535307e+00 cycle=541 time=1.725000e+00 dt=3.125000e-03
elapsed=9.545268e+00 cycle=542 time=1.728125e+00 dt=3.125000e-03
elapsed=9.555261e+00 cycle=543 time=1.731250e+00 dt=3.125000e-03
FastFlow wall time: cycle=544 time=1.734375e+00 seconds=3.019828e-01
elapsed=9.960019e+00 cycle=544 time=1.734375e+00 dt=3.125000e-03
elapsed=9.970238e+00 cycle=545 time=1.737500e+00 dt=3.125000e-03
elapsed=9.980266e+00 cycle=546 time=1.740625e+00 dt=3.125000e-03
elapsed=9.990289e+00 cycle=547 time=1.743750e+00 dt=3.125000e-03
elapsed=1.000021e+01 cycle=548 time=1.746875e+00 dt=3.125000e-03
elapsed=1.001024e+01 cycle=549 time=1.750000e+00 dt=3.125000e-03
elapsed=1.002030e+01 cycle=550 time=1.753125e+00 dt=3.125000e-03
elapsed=1.003032e+01 cycle=551 time=1.756250e+00 dt=3.125000e-03
elapsed=1.004331e+01 cycle=552 time=1.759375e+00 dt=3.125000e-03
elapsed=1.005365e+01 cycle=553 time=1.762500e+00 dt=3.125000e-03
elapsed=1.006387e+01 cycle=554 time=1.765625e+00 dt=3.125000e-03
elapsed=1.007383e+01 cycle=555 time=1.768750e+00 dt=3.125000e-03
elapsed=1.008383e+01 cycle=556 time=1.771875e+00 dt=3.125000e-03
elapsed=1.009379e+01 cycle=557 time=1.775000e+00 dt=3.125000e-03
elapsed=1.010382e+01 cycle=558 time=1.778125e+00 dt=3.125000e-03
elapsed=1.011379e+01 cycle=559 time=1.781250e+00 dt=3.125000e-03
elapsed=1.018676e+01 cycle=560 time=1.784375e+00 dt=3.125000e-03
elapsed=1.019712e+01 cycle=561 time=1.787500e+00 dt=3.125000e-03
elapsed=1.020754e+01 cycle=562 time=1.790625e+00 dt=3.125000e-03
elapsed=1.021785e+01 cycle=563 time=1.793750e+00 dt=3.125000e-03
elapsed=1.022814e+01 cycle=564 time=1.796875e+00 dt=3.125000e-03
elapsed=1.023847e+01 cycle=565 time=1.800000e+00 dt=3.125000e-03
elapsed=1.024881e+01 cycle=566 time=1.803125e+00 dt=3.125000e-03
elapsed=1.025889e+01 cycle=567 time=1.806250e+00 dt=3.125000e-03
elapsed=1.027182e+01 cycle=568 time=1.809375e+00 dt=3.125000e-03
elapsed=1.028212e+01 cycle=569 time=1.812500e+00 dt=3.125000e-03
elapsed=1.029214e+01 cycle=570 time=1.815625e+00 dt=3.125000e-03
elapsed=1.030213e+01 cycle=571 time=1.818750e+00 dt=3.125000e-03
elapsed=1.031232e+01 cycle=572 time=1.821875e+00 dt=3.125000e-03
elapsed=1.032242e+01 cycle=573 time=1.825000e+00 dt=3.125000e-03
elapsed=1.033271e+01 cycle=574 time=1.828125e+00 dt=3.125000e-03
elapsed=1.034287e+01 cycle=575 time=1.831250e+00 dt=3.125000e-03
FastFlow wall time: cycle=576 time=1.834375e+00 seconds=3.113936e-01
elapsed=1.066720e+01 cycle=576 time=1.834375e+00 dt=3.125000e-03
elapsed=1.067759e+01 cycle=577 time=1.837500e+00 dt=3.125000e-03
elapsed=1.068773e+01 cycle=578 time=1.840625e+00 dt=3.125000e-03
elapsed=1.069772e+01 cycle=579 time=1.843750e+00 dt=3.125000e-03
elapsed=1.070770e+01 cycle=580 time=1.846875e+00 dt=3.125000e-03
elapsed=1.071769e+01 cycle=581 time=1.850000e+00 dt=3.125000e-03
elapsed=1.072775e+01 cycle=582 time=1.853125e+00 dt=3.125000e-03
elapsed=1.073780e+01 cycle=583 time=1.856250e+00 dt=3.125000e-03
elapsed=1.075087e+01 cycle=584 time=1.859375e+00 dt=3.125000e-03
elapsed=1.076105e+01 cycle=585 time=1.862500e+00 dt=3.125000e-03
elapsed=1.077106e+01 cycle=586 time=1.865625e+00 dt=3.125000e-03
elapsed=1.078121e+01 cycle=587 time=1.868750e+00 dt=3.125000e-03
elapsed=1.079130e+01 cycle=588 time=1.871875e+00 dt=3.125000e-03
elapsed=1.080148e+01 cycle=589 time=1.875000e+00 dt=3.125000e-03
elapsed=1.081164e+01 cycle=590 time=1.878125e+00 dt=3.125000e-03
elapsed=1.082170e+01 cycle=591 time=1.881250e+00 dt=3.125000e-03
elapsed=1.083484e+01 cycle=592 time=1.884375e+00 dt=3.125000e-03
elapsed=1.084511e+01 cycle=593 time=1.887500e+00 dt=3.125000e-03
elapsed=1.085518e+01 cycle=594 time=1.890625e+00 dt=3.125000e-03
elapsed=1.086520e+01 cycle=595 time=1.893750e+00 dt=3.125000e-03
elapsed=1.087533e+01 cycle=596 time=1.896875e+00 dt=3.125000e-03
elapsed=1.088532e+01 cycle=597 time=1.900000e+00 dt=3.125000e-03
elapsed=1.089537e+01 cycle=598 time=1.903125e+00 dt=3.125000e-03
elapsed=1.090542e+01 cycle=599 time=1.906250e+00 dt=3.125000e-03
elapsed=1.091849e+01 cycle=600 time=1.909375e+00 dt=3.125000e-03
elapsed=1.092867e+01 cycle=601 time=1.912500e+00 dt=3.125000e-03
elapsed=1.093877e+01 cycle=602 time=1.915625e+00 dt=3.125000e-03
elapsed=1.094884e+01 cycle=603 time=1.918750e+00 dt=3.125000e-03
elapsed=1.095881e+01 cycle=604 time=1.921875e+00 dt=3.125000e-03
elapsed=1.096878e+01 cycle=605 time=1.925000e+00 dt=3.125000e-03
elapsed=1.097878e+01 cycle=606 time=1.928125e+00 dt=3.125000e-03
elapsed=1.098883e+01 cycle=607 time=1.931250e+00 dt=3.125000e-03
FastFlow wall time: cycle=608 time=1.934375e+00 seconds=3.232247e-01
elapsed=1.132512e+01 cycle=608 time=1.934375e+00 dt=3.125000e-03
elapsed=1.133551e+01 cycle=609 time=1.937500e+00 dt=3.125000e-03
elapsed=1.134576e+01 cycle=610 time=1.940625e+00 dt=3.125000e-03
elapsed=1.135588e+01 cycle=611 time=1.943750e+00 dt=3.125000e-03
elapsed=1.136596e+01 cycle=612 time=1.946875e+00 dt=3.125000e-03
elapsed=1.137597e+01 cycle=613 time=1.950000e+00 dt=3.125000e-03
elapsed=1.138597e+01 cycle=614 time=1.953125e+00 dt=3.125000e-03
elapsed=1.139597e+01 cycle=615 time=1.956250e+00 dt=3.125000e-03
elapsed=1.140883e+01 cycle=616 time=1.959375e+00 dt=3.125000e-03
elapsed=1.141923e+01 cycle=617 time=1.962500e+00 dt=3.125000e-03
elapsed=1.142933e+01 cycle=618 time=1.965625e+00 dt=3.125000e-03
elapsed=1.143942e+01 cycle=619 time=1.968750e+00 dt=3.125000e-03
elapsed=1.144940e+01 cycle=620 time=1.971875e+00 dt=3.125000e-03
elapsed=1.145941e+01 cycle=621 time=1.975000e+00 dt=3.125000e-03
elapsed=1.146949e+01 cycle=622 time=1.978125e+00 dt=3.125000e-03
elapsed=1.147965e+01 cycle=623 time=1.981250e+00 dt=3.125000e-03
elapsed=1.149273e+01 cycle=624 time=1.984375e+00 dt=3.125000e-03
elapsed=1.150314e+01 cycle=625 time=1.987500e+00 dt=3.125000e-03
elapsed=1.151346e+01 cycle=626 time=1.990625e+00 dt=3.125000e-03
elapsed=1.152383e+01 cycle=627 time=1.993750e+00 dt=3.125000e-03
elapsed=1.153420e+01 cycle=628 time=1.996875e+00 dt=3.125000e-03
elapsed=1.154445e+01 cycle=629 time=2.000000e+00 dt=3.125000e-03
elapsed=1.155461e+01 cycle=630 time=2.003125e+00 dt=3.125000e-03
elapsed=1.156494e+01 cycle=631 time=2.006250e+00 dt=3.125000e-03
elapsed=1.157824e+01 cycle=632 time=2.009375e+00 dt=3.125000e-03
elapsed=1.158858e+01 cycle=633 time=2.012500e+00 dt=3.125000e-03
elapsed=1.159890e+01 cycle=634 time=2.015625e+00 dt=3.125000e-03
elapsed=1.160927e+01 cycle=635 time=2.018750e+00 dt=3.125000e-03
elapsed=1.161953e+01 cycle=636 time=2.021875e+00 dt=3.125000e-03
elapsed=1.162972e+01 cycle=637 time=2.025000e+00 dt=3.125000e-03
elapsed=1.163982e+01 cycle=638 time=2.028125e+00 dt=3.125000e-03
elapsed=1.164992e+01 cycle=639 time=2.031250e+00 dt=3.125000e-03
FastFlow wall time: cycle=640 time=2.034375e+00 seconds=3.313468e-01
elapsed=1.209231e+01 cycle=640 time=2.034375e+00 dt=3.125000e-03
elapsed=1.210268e+01 cycle=641 time=2.037500e+00 dt=3.125000e-03
elapsed=1.211300e+01 cycle=642 time=2.040625e+00 dt=3.125000e-03
elapsed=1.212337e+01 cycle=643 time=2.043750e+00 dt=3.125000e-03
elapsed=1.213370e+01 cycle=644 time=2.046875e+00 dt=3.125000e-03
elapsed=1.214406e+01 cycle=645 time=2.050000e+00 dt=3.125000e-03
elapsed=1.215442e+01 cycle=646 time=2.053125e+00 dt=3.125000e-03
elapsed=1.216472e+01 cycle=647 time=2.056250e+00 dt=3.125000e-03
elapsed=1.217798e+01 cycle=648 time=2.059375e+00 dt=3.125000e-03
elapsed=1.218835e+01 cycle=649 time=2.062500e+00 dt=3.125000e-03
elapsed=1.219860e+01 cycle=650 time=2.065625e+00 dt=3.125000e-03
elapsed=1.220867e+01 cycle=651 time=2.068750e+00 dt=3.125000e-03
elapsed=1.221868e+01 cycle=652 time=2.071875e+00 dt=3.125000e-03
elapsed=1.222869e+01 cycle=653 time=2.075000e+00 dt=3.125000e-03
elapsed=1.223868e+01 cycle=654 time=2.078125e+00 dt=3.125000e-03
elapsed=1.224871e+01 cycle=655 time=2.081250e+00 dt=3.125000e-03
elapsed=1.226165e+01 cycle=656 time=2.084375e+00 dt=3.125000e-03
elapsed=1.227192e+01 cycle=657 time=2.087500e+00 dt=3.125000e-03
elapsed=1.228204e+01 cycle=658 time=2.090625e+00 dt=3.125000e-03
elapsed=1.229209e+01 cycle=659 time=2.093750e+00 dt=3.125000e-03
elapsed=1.230209e+01 cycle=660 time=2.096875e+00 dt=3.125000e-03
elapsed=1.231218e+01 cycle=661 time=2.100000e+00 dt=3.125000e-03
elapsed=1.232235e+01 cycle=662 time=2.103125e+00 dt=3.125000e-03
elapsed=1.233250e+01 cycle=663 time=2.106250e+00 dt=3.125000e-03
elapsed=1.234550e+01 cycle=664 time=2.109375e+00 dt=3.125000e-03
elapsed=1.235575e+01 cycle=665 time=2.112500e+00 dt=3.125000e-03
elapsed=1.236594e+01 cycle=666 time=2.115625e+00 dt=3.125000e-03
elapsed=1.237605e+01 cycle=667 time=2.118750e+00 dt=3.125000e-03
elapsed=1.238619e+01 cycle=668 time=2.121875e+00 dt=3.125000e-03
elapsed=1.239636e+01 cycle=669 time=2.125000e+00 dt=3.125000e-03
elapsed=1.240649e+01 cycle=670 time=2.128125e+00 dt=3.125000e-03
elapsed=1.241669e+01 cycle=671 time=2.131250e+00 dt=3.125000e-03
FastFlow wall time: cycle=672 time=2.134375e+00 seconds=3.397758e-01
elapsed=1.276969e+01 cycle=672 time=2.134375e+00 dt=3.125000e-03
elapsed=1.278004e+01 cycle=673 time=2.137500e+00 dt=3.125000e-03
elapsed=1.279025e+01 cycle=674 time=2.140625e+00 dt=3.125000e-03
elapsed=1.280038e+01 cycle=675 time=2.143750e+00 dt=3.125000e-03
elapsed=1.281044e+01 cycle=676 time=2.146875e+00 dt=3.125000e-03
elapsed=1.282060e+01 cycle=677 time=2.150000e+00 dt=3.125000e-03
elapsed=1.283063e+01 cycle=678 time=2.153125e+00 dt=3.125000e-03
elapsed=1.284075e+01 cycle=679 time=2.156250e+00 dt=3.125000e-03
elapsed=1.285373e+01 cycle=680 time=2.159375e+00 dt=3.125000e-03
elapsed=1.286411e+01 cycle=681 time=2.162500e+00 dt=3.125000e-03
elapsed=1.287426e+01 cycle=682 time=2.165625e+00 dt=3.125000e-03
elapsed=1.288433e+01 cycle=683 time=2.168750e+00 dt=3.125000e-03
elapsed=1.289434e+01 cycle=684 time=2.171875e+00 dt=3.125000e-03
elapsed=1.290441e+01 cycle=685 time=2.175000e+00 dt=3.125000e-03
elapsed=1.291438e+01 cycle=686 time=2.178125e+00 dt=3.125000e-03
elapsed=1.292446e+01 cycle=687 time=2.181250e+00 dt=3.125000e-03
elapsed=1.293738e+01 cycle=688 time=2.184375e+00 dt=3.125000e-03
elapsed=1.294769e+01 cycle=689 time=2.187500e+00 dt=3.125000e-03
elapsed=1.295788e+01 cycle=690 time=2.190625e+00 dt=3.125000e-03
elapsed=1.296791e+01 cycle=691 time=2.193750e+00 dt=3.125000e-03
elapsed=1.297788e+01 cycle=692 time=2.196875e+00 dt=3.125000e-03
elapsed=1.298788e+01 cycle=693 time=2.200000e+00 dt=3.125000e-03
elapsed=1.299786e+01 cycle=694 time=2.203125e+00 dt=3.125000e-03
elapsed=1.300782e+01 cycle=695 time=2.206250e+00 dt=3.125000e-03
elapsed=1.302086e+01 cycle=696 time=2.209375e+00 dt=3.125000e-03
elapsed=1.303107e+01 cycle=697 time=2.212500e+00 dt=3.125000e-03
elapsed=1.304112e+01 cycle=698 time=2.215625e+00 dt=3.125000e-03
elapsed=1.305122e+01 cycle=699 time=2.218750e+00 dt=3.125000e-03
elapsed=1.306128e+01 cycle=700 time=2.221875e+00 dt=3.125000e-03
elapsed=1.307140e+01 cycle=701 time=2.225000e+00 dt=3.125000e-03
elapsed=1.308134e+01 cycle=702 time=2.228125e+00 dt=3.125000e-03
elapsed=1.309140e+01 cycle=703 time=2.231250e+00 dt=3.125000e-03
FastFlow wall time: cycle=704 time=2.234375e+00 seconds=3.273762e-01
elapsed=1.343190e+01 cycle=704 time=2.234375e+00 dt=3.125000e-03
elapsed=1.344220e+01 cycle=705 time=2.237500e+00 dt=3.125000e-03
elapsed=1.345247e+01 cycle=706 time=2.240625e+00 dt=3.125000e-03
elapsed=1.346262e+01 cycle=707 time=2.243750e+00 dt=3.125000e-03
elapsed=1.347283e+01 cycle=708 time=2.246875e+00 dt=3.125000e-03
elapsed=1.348283e+01 cycle=709 time=2.250000e+00 dt=3.125000e-03
elapsed=1.349282e+01 cycle=710 time=2.253125e+00 dt=3.125000e-03
elapsed=1.350282e+01 cycle=711 time=2.256250e+00 dt=3.125000e-03
elapsed=1.351581e+01 cycle=712 time=2.259375e+00 dt=3.125000e-03
elapsed=1.352620e+01 cycle=713 time=2.262500e+00 dt=3.125000e-03
elapsed=1.353628e+01 cycle=714 time=2.265625e+00 dt=3.125000e-03
elapsed=1.354620e+01 cycle=715 time=2.268750e+00 dt=3.125000e-03
elapsed=1.355630e+01 cycle=716 time=2.271875e+00 dt=3.125000e-03
elapsed=1.356648e+01 cycle=717 time=2.275000e+00 dt=3.125000e-03
elapsed=1.357658e+01 cycle=718 time=2.278125e+00 dt=3.125000e-03
elapsed=1.358686e+01 cycle=719 time=2.281250e+00 dt=3.125000e-03
elapsed=1.366030e+01 cycle=720 time=2.284375e+00 dt=3.125000e-03
elapsed=1.367063e+01 cycle=721 time=2.287500e+00 dt=3.125000e-03
elapsed=1.368099e+01 cycle=722 time=2.290625e+00 dt=3.125000e-03
elapsed=1.369138e+01 cycle=723 time=2.293750e+00 dt=3.125000e-03
elapsed=1.370173e+01 cycle=724 time=2.296875e+00 dt=3.125000e-03
elapsed=1.371211e+01 cycle=725 time=2.300000e+00 dt=3.125000e-03
elapsed=1.372241e+01 cycle=726 time=2.303125e+00 dt=3.125000e-03
elapsed=1.373269e+01 cycle=727 time=2.306250e+00 dt=3.125000e-03
elapsed=1.374591e+01 cycle=728 time=2.309375e+00 dt=3.125000e-03
elapsed=1.375627e+01 cycle=729 time=2.312500e+00 dt=3.125000e-03
elapsed=1.376653e+01 cycle=730 time=2.315625e+00 dt=3.125000e-03
elapsed=1.377662e+01 cycle=731 time=2.318750e+00 dt=3.125000e-03
elapsed=1.378660e+01 cycle=732 time=2.321875e+00 dt=3.125000e-03
elapsed=1.379664e+01 cycle=733 time=2.325000e+00 dt=3.125000e-03
elapsed=1.380666e+01 cycle=734 time=2.328125e+00 dt=3.125000e-03
elapsed=1.381668e+01 cycle=735 time=2.331250e+00 dt=3.125000e-03
FastFlow wall time: cycle=736 time=2.334375e+00 seconds=3.312807e-01
elapsed=1.416121e+01 cycle=736 time=2.334375e+00 dt=3.125000e-03
elapsed=1.417149e+01 cycle=737 time=2.337500e+00 dt=3.125000e-03
elapsed=1.418158e+01 cycle=738 time=2.340625e+00 dt=3.125000e-03
elapsed=1.419151e+01 cycle=739 time=2.343750e+00 dt=3.125000e-03
elapsed=1.420163e+01 cycle=740 time=2.346875e+00 dt=3.125000e-03
elapsed=1.421171e+01 cycle=741 time=2.350000e+00 dt=3.125000e-03
elapsed=1.422190e+01 cycle=742 time=2.353125e+00 dt=3.125000e-03
elapsed=1.423221e+01 cycle=743 time=2.356250e+00 dt=3.125000e-03
elapsed=1.424521e+01 cycle=744 time=2.359375e+00 dt=3.125000e-03
elapsed=1.425546e+01 cycle=745 time=2.362500e+00 dt=3.125000e-03
elapsed=1.426558e+01 cycle=746 time=2.365625e+00 dt=3.125000e-03
elapsed=1.427559e+01 cycle=747 time=2.368750e+00 dt=3.125000e-03
elapsed=1.428557e+01 cycle=748 time=2.371875e+00 dt=3.125000e-03
elapsed=1.429569e+01 cycle=749 time=2.375000e+00 dt=3.125000e-03
elapsed=1.430571e+01 cycle=750 time=2.378125e+00 dt=3.125000e-03
elapsed=1.431577e+01 cycle=751 time=2.381250e+00 dt=3.125000e-03
elapsed=1.432905e+01 cycle=752 time=2.384375e+00 dt=3.125000e-03
elapsed=1.433943e+01 cycle=753 time=2.387500e+00 dt=3.125000e-03
elapsed=1.434971e+01 cycle=754 time=2.390625e+00 dt=3.125000e-03
elapsed=1.435977e+01 cycle=755 time=2.393750e+00 dt=3.125000e-03
elapsed=1.436976e+01 cycle=756 time=2.396875e+00 dt=3.125000e-03
elapsed=1.437992e+01 cycle=757 time=2.400000e+00 dt=3.125000e-03
elapsed=1.438999e+01 cycle=758 time=2.403125e+00 dt=3.125000e-03
elapsed=1.440019e+01 cycle=759 time=2.406250e+00 dt=3.125000e-03
elapsed=1.441328e+01 cycle=760 time=2.409375e+00 dt=3.125000e-03
elapsed=1.442366e+01 cycle=761 time=2.412500e+00 dt=3.125000e-03
elapsed=1.443386e+01 cycle=762 time=2.415625e+00 dt=3.125000e-03
elapsed=1.444398e+01 cycle=763 time=2.418750e+00 dt=3.125000e-03
elapsed=1.445484e+01 cycle=764 time=2.421875e+00 dt=3.125000e-03
elapsed=1.446492e+01 cycle=765 time=2.425000e+00 dt=3.125000e-03
elapsed=1.447494e+01 cycle=766 time=2.428125e+00 dt=3.125000e-03
elapsed=1.448529e+01 cycle=767 time=2.431250e+00 dt=3.125000e-03
FastFlow wall time: cycle=768 time=2.434375e+00 seconds=3.235462e-01
elapsed=1.494818e+01 cycle=768 time=2.434375e+00 dt=3.125000e-03
elapsed=1.495821e+01 cycle=769 time=2.437500e+00 dt=3.125000e-03
elapsed=1.496813e+01 cycle=770 time=2.440625e+00 dt=3.125000e-03
elapsed=1.497815e+01 cycle=771 time=2.443750e+00 dt=3.125000e-03
elapsed=1.498830e+01 cycle=772 time=2.446875e+00 dt=3.125000e-03
elapsed=1.499833e+01 cycle=773 time=2.450000e+00 dt=3.125000e-03
elapsed=1.500837e+01 cycle=774 time=2.453125e+00 dt=3.125000e-03
elapsed=1.501835e+01 cycle=775 time=2.456250e+00 dt=3.125000e-03
elapsed=1.503151e+01 cycle=776 time=2.459375e+00 dt=3.125000e-03
elapsed=1.504190e+01 cycle=777 time=2.462500e+00 dt=3.125000e-03
elapsed=1.505209e+01 cycle=778 time=2.465625e+00 dt=3.125000e-03
elapsed=1.506216e+01 cycle=779 time=2.468750e+00 dt=3.125000e-03
elapsed=1.507214e+01 cycle=780 time=2.471875e+00 dt=3.125000e-03
elapsed=1.508222e+01 cycle=781 time=2.475000e+00 dt=3.125000e-03
elapsed=1.509229e+01 cycle=782 time=2.478125e+00 dt=3.125000e-03
elapsed=1.510240e+01 cycle=783 time=2.481250e+00 dt=3.125000e-03
elapsed=1.511535e+01 cycle=784 time=2.484375e+00 dt=3.125000e-03
elapsed=1.512572e+01 cycle=785 time=2.487500e+00 dt=3.125000e-03
elapsed=1.513601e+01 cycle=786 time=2.490625e+00 dt=3.125000e-03
elapsed=1.514610e+01 cycle=787 time=2.493750e+00 dt=3.125000e-03
elapsed=1.515614e+01 cycle=788 time=2.496875e+00 dt=3.125000e-03
elapsed=1.516627e+01 cycle=789 time=2.500000e+00 dt=3.125000e-03
elapsed=1.517633e+01 cycle=790 time=2.503125e+00 dt=3.125000e-03
elapsed=1.518638e+01 cycle=791 time=2.506250e+00 dt=3.125000e-03
elapsed=1.519922e+01 cycle=792 time=2.509375e+00 dt=3.125000e-03
elapsed=1.520958e+01 cycle=793 time=2.512500e+00 dt=3.125000e-03
elapsed=1.521974e+01 cycle=794 time=2.515625e+00 dt=3.125000e-03
elapsed=1.522977e+01 cycle=795 time=2.518750e+00 dt=3.125000e-03
elapsed=1.523977e+01 cycle=796 time=2.521875e+00 dt=3.125000e-03
elapsed=1.524975e+01 cycle=797 time=2.525000e+00 dt=3.125000e-03
elapsed=1.525984e+01 cycle=798 time=2.528125e+00 dt=3.125000e-03
elapsed=1.526983e+01 cycle=799 time=2.531250e+00 dt=3.125000e-03
FastFlow wall time: cycle=800 time=2.534375e+00 seconds=3.617075e-01
elapsed=1.574536e+01 cycle=800 time=2.534375e+00 dt=3.125000e-03
elapsed=1.575583e+01 cycle=801 time=2.537500e+00 dt=3.125000e-03
elapsed=1.576624e+01 cycle=802 time=2.540625e+00 dt=3.125000e-03
elapsed=1.577662e+01 cycle=803 time=2.543750e+00 dt=3.125000e-03
elapsed=1.578706e+01 cycle=804 time=2.546875e+00 dt=3.125000e-03
elapsed=1.579738e+01 cycle=805 time=2.550000e+00 dt=3.125000e-03
elapsed=1.580776e+01 cycle=806 time=2.553125e+00 dt=3.125000e-03
elapsed=1.581779e+01 cycle=807 time=2.556250e+00 dt=3.125000e-03
elapsed=1.583079e+01 cycle=808 time=2.559375e+00 dt=3.125000e-03
elapsed=1.584109e+01 cycle=809 time=2.562500e+00 dt=3.125000e-03
elapsed=1.585112e+01 cycle=810 time=2.565625e+00 dt=3.125000e-03
elapsed=1.586117e+01 cycle=811 time=2.568750e+00 dt=3.125000e-03
elapsed=1.587124e+01 cycle=812 time=2.571875e+00 dt=3.125000e-03
elapsed=1.588122e+01 cycle=813 time=2.575000e+00 dt=3.125000e-03
elapsed=1.589121e+01 cycle=814 time=2.578125e+00 dt=3.125000e-03
elapsed=1.590119e+01 cycle=815 time=2.581250e+00 dt=3.125000e-03
elapsed=1.591426e+01 cycle=816 time=2.584375e+00 dt=3.125000e-03
elapsed=1.592460e+01 cycle=817 time=2.587500e+00 dt=3.125000e-03
elapsed=1.593468e+01 cycle=818 time=2.590625e+00 dt=3.125000e-03
elapsed=1.594465e+01 cycle=819 time=2.593750e+00 dt=3.125000e-03
elapsed=1.595474e+01 cycle=820 time=2.596875e+00 dt=3.125000e-03
elapsed=1.596473e+01 cycle=821 time=2.600000e+00 dt=3.125000e-03
elapsed=1.597471e+01 cycle=822 time=2.603125e+00 dt=3.125000e-03
elapsed=1.598468e+01 cycle=823 time=2.606250e+00 dt=3.125000e-03
elapsed=1.599776e+01 cycle=824 time=2.609375e+00 dt=3.125000e-03
elapsed=1.600813e+01 cycle=825 time=2.612500e+00 dt=3.125000e-03
elapsed=1.601828e+01 cycle=826 time=2.615625e+00 dt=3.125000e-03
elapsed=1.602834e+01 cycle=827 time=2.618750e+00 dt=3.125000e-03
elapsed=1.603840e+01 cycle=828 time=2.621875e+00 dt=3.125000e-03
elapsed=1.604839e+01 cycle=829 time=2.625000e+00 dt=3.125000e-03
elapsed=1.605836e+01 cycle=830 time=2.628125e+00 dt=3.125000e-03
elapsed=1.606835e+01 cycle=831 time=2.631250e+00 dt=3.125000e-03
FastFlow wall time: cycle=832 time=2.634375e+00 seconds=3.574663e-01
elapsed=1.643929e+01 cycle=832 time=2.634375e+00 dt=3.125000e-03
elapsed=1.644968e+01 cycle=833 time=2.637500e+00 dt=3.125000e-03
elapsed=1.645988e+01 cycle=834 time=2.640625e+00 dt=3.125000e-03
elapsed=1.646997e+01 cycle=835 time=2.643750e+00 dt=3.125000e-03
elapsed=1.648001e+01 cycle=836 time=2.646875e+00 dt=3.125000e-03
elapsed=1.648998e+01 cycle=837 time=2.650000e+00 dt=3.125000e-03
elapsed=1.649997e+01 cycle=838 time=2.653125e+00 dt=3.125000e-03
elapsed=1.650998e+01 cycle=839 time=2.656250e+00 dt=3.125000e-03
elapsed=1.652306e+01 cycle=840 time=2.659375e+00 dt=3.125000e-03
elapsed=1.653341e+01 cycle=841 time=2.662500e+00 dt=3.125000e-03
elapsed=1.654356e+01 cycle=842 time=2.665625e+00 dt=3.125000e-03
elapsed=1.655385e+01 cycle=843 time=2.668750e+00 dt=3.125000e-03
elapsed=1.656400e+01 cycle=844 time=2.671875e+00 dt=3.125000e-03
elapsed=1.657407e+01 cycle=845 time=2.675000e+00 dt=3.125000e-03
elapsed=1.658415e+01 cycle=846 time=2.678125e+00 dt=3.125000e-03
elapsed=1.659434e+01 cycle=847 time=2.681250e+00 dt=3.125000e-03
elapsed=1.660760e+01 cycle=848 time=2.684375e+00 dt=3.125000e-03
elapsed=1.661780e+01 cycle=849 time=2.687500e+00 dt=3.125000e-03
elapsed=1.662798e+01 cycle=850 time=2.690625e+00 dt=3.125000e-03
elapsed=1.663807e+01 cycle=851 time=2.693750e+00 dt=3.125000e-03
elapsed=1.664811e+01 cycle=852 time=2.696875e+00 dt=3.125000e-03
elapsed=1.665820e+01 cycle=853 time=2.700000e+00 dt=3.125000e-03
elapsed=1.666833e+01 cycle=854 time=2.703125e+00 dt=3.125000e-03
elapsed=1.667846e+01 cycle=855 time=2.706250e+00 dt=3.125000e-03
elapsed=1.669179e+01 cycle=856 time=2.709375e+00 dt=3.125000e-03
elapsed=1.670211e+01 cycle=857 time=2.712500e+00 dt=3.125000e-03
elapsed=1.671242e+01 cycle=858 time=2.715625e+00 dt=3.125000e-03
elapsed=1.672254e+01 cycle=859 time=2.718750e+00 dt=3.125000e-03
elapsed=1.673276e+01 cycle=860 time=2.721875e+00 dt=3.125000e-03
elapsed=1.674278e+01 cycle=861 time=2.725000e+00 dt=3.125000e-03
elapsed=1.675282e+01 cycle=862 time=2.728125e+00 dt=3.125000e-03
elapsed=1.676279e+01 cycle=863 time=2.731250e+00 dt=3.125000e-03
FastFlow wall time: cycle=864 time=2.734375e+00 seconds=3.636346e-01
elapsed=1.713978e+01 cycle=864 time=2.734375e+00 dt=3.125000e-03
elapsed=1.715005e+01 cycle=865 time=2.737500e+00 dt=3.125000e-03
elapsed=1.716024e+01 cycle=866 time=2.740625e+00 dt=3.125000e-03
elapsed=1.717028e+01 cycle=867 time=2.743750e+00 dt=3.125000e-03
elapsed=1.718037e+01 cycle=868 time=2.746875e+00 dt=3.125000e-03
elapsed=1.719036e+01 cycle=869 time=2.750000e+00 dt=3.125000e-03
elapsed=1.720036e+01 cycle=870 time=2.753125e+00 dt=3.125000e-03
elapsed=1.721040e+01 cycle=871 time=2.756250e+00 dt=3.125000e-03
elapsed=1.722338e+01 cycle=872 time=2.759375e+00 dt=3.125000e-03
elapsed=1.723360e+01 cycle=873 time=2.762500e+00 dt=3.125000e-03
elapsed=1.724365e+01 cycle=874 time=2.765625e+00 dt=3.125000e-03
elapsed=1.725366e+01 cycle=875 time=2.768750e+00 dt=3.125000e-03
elapsed=1.726365e+01 cycle=876 time=2.771875e+00 dt=3.125000e-03
elapsed=1.727363e+01 cycle=877 time=2.775000e+00 dt=3.125000e-03
elapsed=1.728362e+01 cycle=878 time=2.778125e+00 dt=3.125000e-03
elapsed=1.729367e+01 cycle=879 time=2.781250e+00 dt=3.125000e-03
elapsed=1.736650e+01 cycle=880 time=2.784375e+00 dt=3.125000e-03
elapsed=1.737686e+01 cycle=881 time=2.787500e+00 dt=3.125000e-03
elapsed=1.738720e+01 cycle=882 time=2.790625e+00 dt=3.125000e-03
elapsed=1.739751e+01 cycle=883 time=2.793750e+00 dt=3.125000e-03
elapsed=1.740785e+01 cycle=884 time=2.796875e+00 dt=3.125000e-03
elapsed=1.741816e+01 cycle=885 time=2.800000e+00 dt=3.125000e-03
elapsed=1.742855e+01 cycle=886 time=2.803125e+00 dt=3.125000e-03
elapsed=1.743880e+01 cycle=887 time=2.806250e+00 dt=3.125000e-03
elapsed=1.745192e+01 cycle=888 time=2.809375e+00 dt=3.125000e-03
elapsed=1.746231e+01 cycle=889 time=2.812500e+00 dt=3.125000e-03
elapsed=1.747264e+01 cycle=890 time=2.815625e+00 dt=3.125000e-03
elapsed=1.748279e+01 cycle=891 time=2.818750e+00 dt=3.125000e-03
elapsed=1.749283e+01 cycle=892 time=2.821875e+00 dt=3.125000e-03
elapsed=1.750279e+01 cycle=893 time=2.825000e+00 dt=3.125000e-03
elapsed=1.751275e+01 cycle=894 time=2.828125e+00 dt=3.125000e-03
elapsed=1.752274e+01 cycle=895 time=2.831250e+00 dt=3.125000e-03
FastFlow wall time: cycle=896 time=2.834375e+00 seconds=3.816038e-01
elapsed=1.791713e+01 cycle=896 time=2.834375e+00 dt=3.125000e-03
elapsed=1.792750e+01 cycle=897 time=2.837500e+00 dt=3.125000e-03
elapsed=1.793770e+01 cycle=898 time=2.840625e+00 dt=3.125000e-03
elapsed=1.794774e+01 cycle=899 time=2.843750e+00 dt=3.125000e-03
elapsed=1.795776e+01 cycle=900 time=2.846875e+00 dt=3.125000e-03
elapsed=1.796780e+01 cycle=901 time=2.850000e+00 dt=3.125000e-03
elapsed=1.797779e+01 cycle=902 time=2.853125e+00 dt=3.125000e-03
elapsed=1.798783e+01 cycle=903 time=2.856250e+00 dt=3.125000e-03
elapsed=1.800074e+01 cycle=904 time=2.859375e+00 dt=3.125000e-03
elapsed=1.801116e+01 cycle=905 time=2.862500e+00 dt=3.125000e-03
elapsed=1.802127e+01 cycle=906 time=2.865625e+00 dt=3.125000e-03
elapsed=1.803126e+01 cycle=907 time=2.868750e+00 dt=3.125000e-03
elapsed=1.804127e+01 cycle=908 time=2.871875e+00 dt=3.125000e-03
elapsed=1.805125e+01 cycle=909 time=2.875000e+00 dt=3.125000e-03
elapsed=1.806132e+01 cycle=910 time=2.878125e+00 dt=3.125000e-03
elapsed=1.807131e+01 cycle=911 time=2.881250e+00 dt=3.125000e-03
elapsed=1.808441e+01 cycle=912 time=2.884375e+00 dt=3.125000e-03
elapsed=1.809461e+01 cycle=913 time=2.887500e+00 dt=3.125000e-03
elapsed=1.810472e+01 cycle=914 time=2.890625e+00 dt=3.125000e-03
elapsed=1.811474e+01 cycle=915 time=2.893750e+00 dt=3.125000e-03
elapsed=1.812485e+01 cycle=916 time=2.896875e+00 dt=3.125000e-03
elapsed=1.813481e+01 cycle=917 time=2.900000e+00 dt=3.125000e-03
elapsed=1.814482e+01 cycle=918 time=2.903125e+00 dt=3.125000e-03
elapsed=1.815479e+01 cycle=919 time=2.906250e+00 dt=3.125000e-03
elapsed=1.816767e+01 cycle=920 time=2.909375e+00 dt=3.125000e-03
elapsed=1.817806e+01 cycle=921 time=2.912500e+00 dt=3.125000e-03
elapsed=1.818833e+01 cycle=922 time=2.915625e+00 dt=3.125000e-03
elapsed=1.819838e+01 cycle=923 time=2.918750e+00 dt=3.125000e-03
elapsed=1.820844e+01 cycle=924 time=2.921875e+00 dt=3.125000e-03
elapsed=1.821848e+01 cycle=925 time=2.925000e+00 dt=3.125000e-03
elapsed=1.822861e+01 cycle=926 time=2.928125e+00 dt=3.125000e-03
elapsed=1.823864e+01 cycle=927 time=2.931250e+00 dt=3.125000e-03
FastFlow wall time: cycle=928 time=2.934375e+00 seconds=3.746596e+00
elapsed=2.199891e+01 cycle=928 time=2.934375e+00 dt=3.125000e-03
elapsed=2.200934e+01 cycle=929 time=2.937500e+00 dt=3.125000e-03
elapsed=2.201937e+01 cycle=930 time=2.940625e+00 dt=3.125000e-03
elapsed=2.202939e+01 cycle=931 time=2.943750e+00 dt=3.125000e-03
elapsed=2.203946e+01 cycle=932 time=2.946875e+00 dt=3.125000e-03
elapsed=2.204942e+01 cycle=933 time=2.950000e+00 dt=3.125000e-03
elapsed=2.205941e+01 cycle=934 time=2.953125e+00 dt=3.125000e-03
elapsed=2.206947e+01 cycle=935 time=2.956250e+00 dt=3.125000e-03
elapsed=2.208237e+01 cycle=936 time=2.959375e+00 dt=3.125000e-03
elapsed=2.209273e+01 cycle=937 time=2.962500e+00 dt=3.125000e-03
elapsed=2.210288e+01 cycle=938 time=2.965625e+00 dt=3.125000e-03
elapsed=2.211289e+01 cycle=939 time=2.968750e+00 dt=3.125000e-03
elapsed=2.212282e+01 cycle=940 time=2.971875e+00 dt=3.125000e-03
elapsed=2.213293e+01 cycle=941 time=2.975000e+00 dt=3.125000e-03
elapsed=2.214293e+01 cycle=942 time=2.978125e+00 dt=3.125000e-03
elapsed=2.215295e+01 cycle=943 time=2.981250e+00 dt=3.125000e-03
elapsed=2.216645e+01 cycle=944 time=2.984375e+00 dt=3.125000e-03
elapsed=2.217663e+01 cycle=945 time=2.987500e+00 dt=3.125000e-03
elapsed=2.218665e+01 cycle=946 time=2.990625e+00 dt=3.125000e-03
elapsed=2.219665e+01 cycle=947 time=2.993750e+00 dt=3.125000e-03
elapsed=2.220665e+01 cycle=948 time=2.996875e+00 dt=3.125000e-03
elapsed=2.221667e+01 cycle=949 time=3.000000e+00 dt=3.125000e-03
elapsed=2.222664e+01 cycle=950 time=3.003125e+00 dt=3.125000e-03
elapsed=2.223667e+01 cycle=951 time=3.006250e+00 dt=3.125000e-03
elapsed=2.224954e+01 cycle=952 time=3.009375e+00 dt=3.125000e-03
elapsed=2.225988e+01 cycle=953 time=3.012500e+00 dt=3.125000e-03
elapsed=2.227000e+01 cycle=954 time=3.015625e+00 dt=3.125000e-03
elapsed=2.228003e+01 cycle=955 time=3.018750e+00 dt=3.125000e-03
elapsed=2.229006e+01 cycle=956 time=3.021875e+00 dt=3.125000e-03
elapsed=2.230006e+01 cycle=957 time=3.025000e+00 dt=3.125000e-03
elapsed=2.231008e+01 cycle=958 time=3.028125e+00 dt=3.125000e-03
elapsed=2.232026e+01 cycle=959 time=3.031250e+00 dt=3.125000e-03
FastFlow wall time: cycle=960 time=3.034375e+00 seconds=3.746049e+00
elapsed=2.619262e+01 cycle=960 time=3.034375e+00 dt=3.125000e-03
elapsed=2.620305e+01 cycle=961 time=3.037500e+00 dt=3.125000e-03
elapsed=2.621340e+01 cycle=962 time=3.040625e+00 dt=3.125000e-03
elapsed=2.622370e+01 cycle=963 time=3.043750e+00 dt=3.125000e-03
elapsed=2.623402e+01 cycle=964 time=3.046875e+00 dt=3.125000e-03
elapsed=2.624432e+01 cycle=965 time=3.050000e+00 dt=3.125000e-03
elapsed=2.625460e+01 cycle=966 time=3.053125e+00 dt=3.125000e-03
elapsed=2.626466e+01 cycle=967 time=3.056250e+00 dt=3.125000e-03
elapsed=2.627796e+01 cycle=968 time=3.059375e+00 dt=3.125000e-03
elapsed=2.628829e+01 cycle=969 time=3.062500e+00 dt=3.125000e-03
elapsed=2.629838e+01 cycle=970 time=3.065625e+00 dt=3.125000e-03
elapsed=2.630839e+01 cycle=971 time=3.068750e+00 dt=3.125000e-03
elapsed=2.631862e+01 cycle=972 time=3.071875e+00 dt=3.125000e-03
elapsed=2.632888e+01 cycle=973 time=3.075000e+00 dt=3.125000e-03
elapsed=2.633909e+01 cycle=974 time=3.078125e+00 dt=3.125000e-03
elapsed=2.634925e+01 cycle=975 time=3.081250e+00 dt=3.125000e-03
elapsed=2.636232e+01 cycle=976 time=3.084375e+00 dt=3.125000e-03
elapsed=2.637266e+01 cycle=977 time=3.087500e+00 dt=3.125000e-03
elapsed=2.638433e+01 cycle=978 time=3.090625e+00 dt=3.125000e-03
elapsed=2.639611e+01 cycle=979 time=3.093750e+00 dt=3.125000e-03
elapsed=2.640773e+01 cycle=980 time=3.096875e+00 dt=3.125000e-03
elapsed=2.641934e+01 cycle=981 time=3.100000e+00 dt=3.125000e-03
elapsed=2.643046e+01 cycle=982 time=3.103125e+00 dt=3.125000e-03
elapsed=2.644048e+01 cycle=983 time=3.106250e+00 dt=3.125000e-03
elapsed=2.645369e+01 cycle=984 time=3.109375e+00 dt=3.125000e-03
elapsed=2.646401e+01 cycle=985 time=3.112500e+00 dt=3.125000e-03
elapsed=2.647408e+01 cycle=986 time=3.115625e+00 dt=3.125000e-03
elapsed=2.648406e+01 cycle=987 time=3.118750e+00 dt=3.125000e-03
elapsed=2.649407e+01 cycle=988 time=3.121875e+00 dt=3.125000e-03
elapsed=2.650408e+01 cycle=989 time=3.125000e+00 dt=3.125000e-03
elapsed=2.651406e+01 cycle=990 time=3.128125e+00 dt=3.125000e-03
elapsed=2.652419e+01 cycle=991 time=3.131250e+00 dt=3.125000e-03
FastFlow wall time: cycle=992 time=3.134375e+00 seconds=3.750150e+00
elapsed=3.028809e+01 cycle=992 time=3.134375e+00 dt=3.125000e-03
elapsed=3.029848e+01 cycle=993 time=3.137500e+00 dt=3.125000e-03
elapsed=3.030867e+01 cycle=994 time=3.140625e+00 dt=3.125000e-03
elapsed=3.031875e+01 cycle=995 time=3.143750e+00 dt=3.125000e-03
elapsed=3.032902e+01 cycle=996 time=3.146875e+00 dt=3.125000e-03
elapsed=3.033922e+01 cycle=997 time=3.150000e+00 dt=3.125000e-03
elapsed=3.034944e+01 cycle=998 time=3.153125e+00 dt=3.125000e-03
elapsed=3.035959e+01 cycle=999 time=3.156250e+00 dt=3.125000e-03
elapsed=3.037258e+01 cycle=1000 time=3.159375e+00 dt=3.125000e-03
elapsed=3.038294e+01 cycle=1001 time=3.162500e+00 dt=3.125000e-03
elapsed=3.039320e+01 cycle=1002 time=3.165625e+00 dt=3.125000e-03
elapsed=3.040327e+01 cycle=1003 time=3.168750e+00 dt=3.125000e-03
elapsed=3.041325e+01 cycle=1004 time=3.171875e+00 dt=3.125000e-03
elapsed=3.042330e+01 cycle=1005 time=3.175000e+00 dt=3.125000e-03
elapsed=3.043328e+01 cycle=1006 time=3.178125e+00 dt=3.125000e-03
elapsed=3.044328e+01 cycle=1007 time=3.181250e+00 dt=3.125000e-03
elapsed=3.045660e+01 cycle=1008 time=3.184375e+00 dt=3.125000e-03
elapsed=3.046684e+01 cycle=1009 time=3.187500e+00 dt=3.125000e-03
elapsed=3.047686e+01 cycle=1010 time=3.190625e+00 dt=3.125000e-03
elapsed=3.048693e+01 cycle=1011 time=3.193750e+00 dt=3.125000e-03
elapsed=3.049700e+01 cycle=1012 time=3.196875e+00 dt=3.125000e-03
elapsed=3.050710e+01 cycle=1013 time=3.200000e+00 dt=3.125000e-03
elapsed=3.051723e+01 cycle=1014 time=3.203125e+00 dt=3.125000e-03
elapsed=3.052725e+01 cycle=1015 time=3.206250e+00 dt=3.125000e-03
elapsed=3.054043e+01 cycle=1016 time=3.209375e+00 dt=3.125000e-03
elapsed=3.055066e+01 cycle=1017 time=3.212500e+00 dt=3.125000e-03
elapsed=3.056077e+01 cycle=1018 time=3.215625e+00 dt=3.125000e-03
elapsed=3.057082e+01 cycle=1019 time=3.218750e+00 dt=3.125000e-03
elapsed=3.058090e+01 cycle=1020 time=3.221875e+00 dt=3.125000e-03
elapsed=3.059097e+01 cycle=1021 time=3.225000e+00 dt=3.125000e-03
elapsed=3.060095e+01 cycle=1022 time=3.228125e+00 dt=3.125000e-03
elapsed=3.061089e+01 cycle=1023 time=3.231250e+00 dt=3.125000e-03
FastFlow wall time: cycle=1024 time=3.234375e+00 seconds=3.732908e+00
elapsed=3.435691e+01 cycle=1024 time=3.234375e+00 dt=3.125000e-03
elapsed=3.436735e+01 cycle=1025 time=3.237500e+00 dt=3.125000e-03
elapsed=3.437749e+01 cycle=1026 time=3.240625e+00 dt=3.125000e-03
elapsed=3.438761e+01 cycle=1027 time=3.243750e+00 dt=3.125000e-03
elapsed=3.439763e+01 cycle=1028 time=3.246875e+00 dt=3.125000e-03
elapsed=3.440763e+01 cycle=1029 time=3.250000e+00 dt=3.125000e-03
elapsed=3.441762e+01 cycle=1030 time=3.253125e+00 dt=3.125000e-03
elapsed=3.442768e+01 cycle=1031 time=3.256250e+00 dt=3.125000e-03
elapsed=3.444075e+01 cycle=1032 time=3.259375e+00 dt=3.125000e-03
elapsed=3.445105e+01 cycle=1033 time=3.262500e+00 dt=3.125000e-03
elapsed=3.446112e+01 cycle=1034 time=3.265625e+00 dt=3.125000e-03
elapsed=3.447113e+01 cycle=1035 time=3.268750e+00 dt=3.125000e-03
elapsed=3.448114e+01 cycle=1036 time=3.271875e+00 dt=3.125000e-03
elapsed=3.449124e+01 cycle=1037 time=3.275000e+00 dt=3.125000e-03
elapsed=3.450128e+01 cycle=1038 time=3.278125e+00 dt=3.125000e-03
elapsed=3.451135e+01 cycle=1039 time=3.281250e+00 dt=3.125000e-03
elapsed=3.458444e+01 cycle=1040 time=3.284375e+00 dt=3.125000e-03
elapsed=3.459481e+01 cycle=1041 time=3.287500e+00 dt=3.125000e-03
elapsed=3.460517e+01 cycle=1042 time=3.290625e+00 dt=3.125000e-03
elapsed=3.461549e+01 cycle=1043 time=3.293750e+00 dt=3.125000e-03
elapsed=3.462581e+01 cycle=1044 time=3.296875e+00 dt=3.125000e-03
elapsed=3.463613e+01 cycle=1045 time=3.300000e+00 dt=3.125000e-03
elapsed=3.464646e+01 cycle=1046 time=3.303125e+00 dt=3.125000e-03
elapsed=3.465654e+01 cycle=1047 time=3.306250e+00 dt=3.125000e-03
elapsed=3.466984e+01 cycle=1048 time=3.309375e+00 dt=3.125000e-03
elapsed=3.468017e+01 cycle=1049 time=3.312500e+00 dt=3.125000e-03
elapsed=3.469010e+01 cycle=1050 time=3.315625e+00 dt=3.125000e-03
elapsed=3.470000e+01 cycle=1051 time=3.318750e+00 dt=3.125000e-03
elapsed=3.471015e+01 cycle=1052 time=3.321875e+00 dt=3.125000e-03
elapsed=3.472026e+01 cycle=1053 time=3.325000e+00 dt=3.125000e-03
elapsed=3.473032e+01 cycle=1054 time=3.328125e+00 dt=3.125000e-03
elapsed=3.474043e+01 cycle=1055 time=3.331250e+00 dt=3.125000e-03
FastFlow wall time: cycle=1056 time=3.334375e+00 seconds=3.741145e+00
elapsed=3.849492e+01 cycle=1056 time=3.334375e+00 dt=3.125000e-03
elapsed=3.850535e+01 cycle=1057 time=3.337500e+00 dt=3.125000e-03
elapsed=3.851561e+01 cycle=1058 time=3.340625e+00 dt=3.125000e-03
elapsed=3.852577e+01 cycle=1059 time=3.343750e+00 dt=3.125000e-03
elapsed=3.853576e+01 cycle=1060 time=3.346875e+00 dt=3.125000e-03
elapsed=3.854584e+01 cycle=1061 time=3.350000e+00 dt=3.125000e-03
elapsed=3.855583e+01 cycle=1062 time=3.353125e+00 dt=3.125000e-03
elapsed=3.856582e+01 cycle=1063 time=3.356250e+00 dt=3.125000e-03
elapsed=3.857876e+01 cycle=1064 time=3.359375e+00 dt=3.125000e-03
elapsed=3.858882e+01 cycle=1065 time=3.362500e+00 dt=3.125000e-03
elapsed=3.859876e+01 cycle=1066 time=3.365625e+00 dt=3.125000e-03
elapsed=3.860886e+01 cycle=1067 time=3.368750e+00 dt=3.125000e-03
elapsed=3.861886e+01 cycle=1068 time=3.371875e+00 dt=3.125000e-03
elapsed=3.862893e+01 cycle=1069 time=3.375000e+00 dt=3.125000e-03
elapsed=3.863897e+01 cycle=1070 time=3.378125e+00 dt=3.125000e-03
elapsed=3.864901e+01 cycle=1071 time=3.381250e+00 dt=3.125000e-03
elapsed=3.866259e+01 cycle=1072 time=3.384375e+00 dt=3.125000e-03
elapsed=3.867287e+01 cycle=1073 time=3.387500e+00 dt=3.125000e-03
elapsed=3.868299e+01 cycle=1074 time=3.390625e+00 dt=3.125000e-03
elapsed=3.869297e+01 cycle=1075 time=3.393750e+00 dt=3.125000e-03
elapsed=3.870298e+01 cycle=1076 time=3.396875e+00 dt=3.125000e-03
elapsed=3.871309e+01 cycle=1077 time=3.400000e+00 dt=3.125000e-03
elapsed=3.872310e+01 cycle=1078 time=3.403125e+00 dt=3.125000e-03
elapsed=3.873318e+01 cycle=1079 time=3.406250e+00 dt=3.125000e-03
elapsed=3.874626e+01 cycle=1080 time=3.409375e+00 dt=3.125000e-03
elapsed=3.875655e+01 cycle=1081 time=3.412500e+00 dt=3.125000e-03
elapsed=3.876651e+01 cycle=1082 time=3.415625e+00 dt=3.125000e-03
elapsed=3.877648e+01 cycle=1083 time=3.418750e+00 dt=3.125000e-03
elapsed=3.878657e+01 cycle=1084 time=3.421875e+00 dt=3.125000e-03
elapsed=3.879655e+01 cycle=1085 time=3.425000e+00 dt=3.125000e-03
elapsed=3.880656e+01 cycle=1086 time=3.428125e+00 dt=3.125000e-03
elapsed=3.881655e+01 cycle=1087 time=3.431250e+00 dt=3.125000e-03
FastFlow wall time: cycle=1088 time=3.434375e+00 seconds=3.748600e+00
elapsed=4.257812e+01 cycle=1088 time=3.434375e+00 dt=3.125000e-03
elapsed=4.258857e+01 cycle=1089 time=3.437500e+00 dt=3.125000e-03
elapsed=4.259879e+01 cycle=1090 time=3.440625e+00 dt=3.125000e-03
elapsed=4.260888e+01 cycle=1091 time=3.443750e+00 dt=3.125000e-03
elapsed=4.261889e+01 cycle=1092 time=3.446875e+00 dt=3.125000e-03
elapsed=4.262896e+01 cycle=1093 time=3.450000e+00 dt=3.125000e-03
elapsed=4.263907e+01 cycle=1094 time=3.453125e+00 dt=3.125000e-03
elapsed=4.264925e+01 cycle=1095 time=3.456250e+00 dt=3.125000e-03
elapsed=4.266226e+01 cycle=1096 time=3.459375e+00 dt=3.125000e-03
elapsed=4.267262e+01 cycle=1097 time=3.462500e+00 dt=3.125000e-03
elapsed=4.268288e+01 cycle=1098 time=3.465625e+00 dt=3.125000e-03
elapsed=4.269307e+01 cycle=1099 time=3.468750e+00 dt=3.125000e-03
elapsed=4.270306e+01 cycle=1100 time=3.471875e+00 dt=3.125000e-03
elapsed=4.271318e+01 cycle=1101 time=3.475000e+00 dt=3.125000e-03
elapsed=4.272328e+01 cycle=1102 time=3.478125e+00 dt=3.125000e-03
elapsed=4.273331e+01 cycle=1103 time=3.481250e+00 dt=3.125000e-03
elapsed=4.274642e+01 cycle=1104 time=3.484375e+00 dt=3.125000e-03
elapsed=4.275678e+01 cycle=1105 time=3.487500e+00 dt=3.125000e-03
elapsed=4.276696e+01 cycle=1106 time=3.490625e+00 dt=3.125000e-03
elapsed=4.277703e+01 cycle=1107 time=3.493750e+00 dt=3.125000e-03
elapsed=4.278702e+01 cycle=1108 time=3.496875e+00 dt=3.125000e-03
elapsed=4.279703e+01 cycle=1109 time=3.500000e+00 dt=3.125000e-03
elapsed=4.280704e+01 cycle=1110 time=3.503125e+00 dt=3.125000e-03
elapsed=4.281704e+01 cycle=1111 time=3.506250e+00 dt=3.125000e-03
elapsed=4.283017e+01 cycle=1112 time=3.509375e+00 dt=3.125000e-03
elapsed=4.284044e+01 cycle=1113 time=3.512500e+00 dt=3.125000e-03
elapsed=4.285052e+01 cycle=1114 time=3.515625e+00 dt=3.125000e-03
elapsed=4.286052e+01 cycle=1115 time=3.518750e+00 dt=3.125000e-03
elapsed=4.287062e+01 cycle=1116 time=3.521875e+00 dt=3.125000e-03
elapsed=4.288046e+01 cycle=1117 time=3.525000e+00 dt=3.125000e-03
elapsed=4.289030e+01 cycle=1118 time=3.528125e+00 dt=3.125000e-03
elapsed=4.290029e+01 cycle=1119 time=3.531250e+00 dt=3.125000e-03
FastFlow wall time: cycle=1120 time=3.534375e+00 seconds=3.755307e+00
elapsed=4.676606e+01 cycle=1120 time=3.534375e+00 dt=3.125000e-03
elapsed=4.677668e+01 cycle=1121 time=3.537500e+00 dt=3.125000e-03
elapsed=4.678705e+01 cycle=1122 time=3.540625e+00 dt=3.125000e-03
elapsed=4.679742e+01 cycle=1123 time=3.543750e+00 dt=3.125000e-03
elapsed=4.680776e+01 cycle=1124 time=3.546875e+00 dt=3.125000e-03
elapsed=4.681806e+01 cycle=1125 time=3.550000e+00 dt=3.125000e-03
elapsed=4.682838e+01 cycle=1126 time=3.553125e+00 dt=3.125000e-03
elapsed=4.683867e+01 cycle=1127 time=3.556250e+00 dt=3.125000e-03
elapsed=4.685175e+01 cycle=1128 time=3.559375e+00 dt=3.125000e-03
elapsed=4.686210e+01 cycle=1129 time=3.562500e+00 dt=3.125000e-03
elapsed=4.687242e+01 cycle=1130 time=3.565625e+00 dt=3.125000e-03
elapsed=4.688254e+01 cycle=1131 time=3.568750e+00 dt=3.125000e-03
elapsed=4.689264e+01 cycle=1132 time=3.571875e+00 dt=3.125000e-03
elapsed=4.690263e+01 cycle=1133 time=3.575000e+00 dt=3.125000e-03
elapsed=4.691262e+01 cycle=1134 time=3.578125e+00 dt=3.125000e-03
elapsed=4.692268e+01 cycle=1135 time=3.581250e+00 dt=3.125000e-03
elapsed=4.693574e+01 cycle=1136 time=3.584375e+00 dt=3.125000e-03
elapsed=4.694603e+01 cycle=1137 time=3.587500e+00 dt=3.125000e-03
elapsed=4.695609e+01 cycle=1138 time=3.590625e+00 dt=3.125000e-03
elapsed=4.696611e+01 cycle=1139 time=3.593750e+00 dt=3.125000e-03
elapsed=4.697612e+01 cycle=1140 time=3.596875e+00 dt=3.125000e-03
elapsed=4.698617e+01 cycle=1141 time=3.600000e+00 dt=3.125000e-03
elapsed=4.699629e+01 cycle=1142 time=3.603125e+00 dt=3.125000e-03
elapsed=4.700632e+01 cycle=1143 time=3.606250e+00 dt=3.125000e-03
elapsed=4.701930e+01 cycle=1144 time=3.609375e+00 dt=3.125000e-03
elapsed=4.702949e+01 cycle=1145 time=3.612500e+00 dt=3.125000e-03
elapsed=4.703932e+01 cycle=1146 time=3.615625e+00 dt=3.125000e-03
elapsed=4.704933e+01 cycle=1147 time=3.618750e+00 dt=3.125000e-03
elapsed=4.705951e+01 cycle=1148 time=3.621875e+00 dt=3.125000e-03
elapsed=4.706977e+01 cycle=1149 time=3.625000e+00 dt=3.125000e-03
elapsed=4.707988e+01 cycle=1150 time=3.628125e+00 dt=3.125000e-03
elapsed=4.708998e+01 cycle=1151 time=3.631250e+00 dt=3.125000e-03
FastFlow wall time: cycle=1152 time=3.634375e+00 seconds=3.751378e+00
elapsed=5.085494e+01 cycle=1152 time=3.634375e+00 dt=3.125000e-03
elapsed=5.086513e+01 cycle=1153 time=3.637500e+00 dt=3.125000e-03
elapsed=5.087524e+01 cycle=1154 time=3.640625e+00 dt=3.125000e-03
elapsed=5.088530e+01 cycle=1155 time=3.643750e+00 dt=3.125000e-03
elapsed=5.089539e+01 cycle=1156 time=3.646875e+00 dt=3.125000e-03
elapsed=5.090541e+01 cycle=1157 time=3.650000e+00 dt=3.125000e-03
elapsed=5.091543e+01 cycle=1158 time=3.653125e+00 dt=3.125000e-03
elapsed=5.092543e+01 cycle=1159 time=3.656250e+00 dt=3.125000e-03
elapsed=5.093852e+01 cycle=1160 time=3.659375e+00 dt=3.125000e-03
elapsed=5.094864e+01 cycle=1161 time=3.662500e+00 dt=3.125000e-03
elapsed=5.095864e+01 cycle=1162 time=3.665625e+00 dt=3.125000e-03
elapsed=5.096881e+01 cycle=1163 time=3.668750e+00 dt=3.125000e-03
elapsed=5.097881e+01 cycle=1164 time=3.671875e+00 dt=3.125000e-03
elapsed=5.098887e+01 cycle=1165 time=3.675000e+00 dt=3.125000e-03
elapsed=5.099904e+01 cycle=1166 time=3.678125e+00 dt=3.125000e-03
elapsed=5.100922e+01 cycle=1167 time=3.681250e+00 dt=3.125000e-03
elapsed=5.102275e+01 cycle=1168 time=3.684375e+00 dt=3.125000e-03
elapsed=5.103309e+01 cycle=1169 time=3.687500e+00 dt=3.125000e-03
elapsed=5.104316e+01 cycle=1170 time=3.690625e+00 dt=3.125000e-03
elapsed=5.105318e+01 cycle=1171 time=3.693750e+00 dt=3.125000e-03
elapsed=5.106316e+01 cycle=1172 time=3.696875e+00 dt=3.125000e-03
elapsed=5.107324e+01 cycle=1173 time=3.700000e+00 dt=3.125000e-03
elapsed=5.108330e+01 cycle=1174 time=3.703125e+00 dt=3.125000e-03
elapsed=5.109352e+01 cycle=1175 time=3.706250e+00 dt=3.125000e-03
elapsed=5.110647e+01 cycle=1176 time=3.709375e+00 dt=3.125000e-03
elapsed=5.111681e+01 cycle=1177 time=3.712500e+00 dt=3.125000e-03
elapsed=5.112697e+01 cycle=1178 time=3.715625e+00 dt=3.125000e-03
elapsed=5.113714e+01 cycle=1179 time=3.718750e+00 dt=3.125000e-03
elapsed=5.114720e+01 cycle=1180 time=3.721875e+00 dt=3.125000e-03
elapsed=5.115735e+01 cycle=1181 time=3.725000e+00 dt=3.125000e-03
elapsed=5.116747e+01 cycle=1182 time=3.728125e+00 dt=3.125000e-03
elapsed=5.117750e+01 cycle=1183 time=3.731250e+00 dt=3.125000e-03
FastFlow wall time: cycle=1184 time=3.734375e+00 seconds=3.745919e+00
elapsed=5.493761e+01 cycle=1184 time=3.734375e+00 dt=3.125000e-03
elapsed=5.494801e+01 cycle=1185 time=3.737500e+00 dt=3.125000e-03
elapsed=5.495832e+01 cycle=1186 time=3.740625e+00 dt=3.125000e-03
elapsed=5.496854e+01 cycle=1187 time=3.743750e+00 dt=3.125000e-03
elapsed=5.497860e+01 cycle=1188 time=3.746875e+00 dt=3.125000e-03
elapsed=5.498859e+01 cycle=1189 time=3.750000e+00 dt=3.125000e-03
elapsed=5.499861e+01 cycle=1190 time=3.753125e+00 dt=3.125000e-03
elapsed=5.500870e+01 cycle=1191 time=3.756250e+00 dt=3.125000e-03
elapsed=5.502162e+01 cycle=1192 time=3.759375e+00 dt=3.125000e-03
elapsed=5.503198e+01 cycle=1193 time=3.762500e+00 dt=3.125000e-03
elapsed=5.504205e+01 cycle=1194 time=3.765625e+00 dt=3.125000e-03
elapsed=5.505203e+01 cycle=1195 time=3.768750e+00 dt=3.125000e-03
elapsed=5.506206e+01 cycle=1196 time=3.771875e+00 dt=3.125000e-03
elapsed=5.507212e+01 cycle=1197 time=3.775000e+00 dt=3.125000e-03
elapsed=5.508214e+01 cycle=1198 time=3.778125e+00 dt=3.125000e-03
elapsed=5.509215e+01 cycle=1199 time=3.781250e+00 dt=3.125000e-03
elapsed=5.516518e+01 cycle=1200 time=3.784375e+00 dt=3.125000e-03
elapsed=5.517542e+01 cycle=1201 time=3.787500e+00 dt=3.125000e-03
elapsed=5.518577e+01 cycle=1202 time=3.790625e+00 dt=3.125000e-03
elapsed=5.519613e+01 cycle=1203 time=3.793750e+00 dt=3.125000e-03
elapsed=5.520644e+01 cycle=1204 time=3.796875e+00 dt=3.125000e-03
elapsed=5.521678e+01 cycle=1205 time=3.800000e+00 dt=3.125000e-03
elapsed=5.522713e+01 cycle=1206 time=3.803125e+00 dt=3.125000e-03
elapsed=5.523732e+01 cycle=1207 time=3.806250e+00 dt=3.125000e-03
elapsed=5.525093e+01 cycle=1208 time=3.809375e+00 dt=3.125000e-03
elapsed=5.526128e+01 cycle=1209 time=3.812500e+00 dt=3.125000e-03
elapsed=5.527136e+01 cycle=1210 time=3.815625e+00 dt=3.125000e-03
elapsed=5.528137e+01 cycle=1211 time=3.818750e+00 dt=3.125000e-03
elapsed=5.529148e+01 cycle=1212 time=3.821875e+00 dt=3.125000e-03
elapsed=5.530147e+01 cycle=1213 time=3.825000e+00 dt=3.125000e-03
elapsed=5.531160e+01 cycle=1214 time=3.828125e+00 dt=3.125000e-03
elapsed=5.532190e+01 cycle=1215 time=3.831250e+00 dt=3.125000e-03
FastFlow wall time: cycle=1216 time=3.834375e+00 seconds=3.756860e+00
elapsed=5.909216e+01 cycle=1216 time=3.834375e+00 dt=3.125000e-03
elapsed=5.910249e+01 cycle=1217 time=3.837500e+00 dt=3.125000e-03
elapsed=5.911265e+01 cycle=1218 time=3.840625e+00 dt=3.125000e-03
elapsed=5.912280e+01 cycle=1219 time=3.843750e+00 dt=3.125000e-03
elapsed=5.913288e+01 cycle=1220 time=3.846875e+00 dt=3.125000e-03
elapsed=5.914289e+01 cycle=1221 time=3.850000e+00 dt=3.125000e-03
elapsed=5.915295e+01 cycle=1222 time=3.853125e+00 dt=3.125000e-03
elapsed=5.916304e+01 cycle=1223 time=3.856250e+00 dt=3.125000e-03
elapsed=5.917594e+01 cycle=1224 time=3.859375e+00 dt=3.125000e-03
elapsed=5.918635e+01 cycle=1225 time=3.862500e+00 dt=3.125000e-03
elapsed=5.919653e+01 cycle=1226 time=3.865625e+00 dt=3.125000e-03
elapsed=5.920651e+01 cycle=1227 time=3.868750e+00 dt=3.125000e-03
elapsed=5.921654e+01 cycle=1228 time=3.871875e+00 dt=3.125000e-03
elapsed=5.922669e+01 cycle=1229 time=3.875000e+00 dt=3.125000e-03
elapsed=5.923675e+01 cycle=1230 time=3.878125e+00 dt=3.125000e-03
elapsed=5.924675e+01 cycle=1231 time=3.881250e+00 dt=3.125000e-03
elapsed=5.925965e+01 cycle=1232 time=3.884375e+00 dt=3.125000e-03
elapsed=5.926999e+01 cycle=1233 time=3.887500e+00 dt=3.125000e-03
elapsed=5.928018e+01 cycle=1234 time=3.890625e+00 dt=3.125000e-03
elapsed=5.929030e+01 cycle=1235 time=3.893750e+00 dt=3.125000e-03
elapsed=5.930044e+01 cycle=1236 time=3.896875e+00 dt=3.125000e-03
elapsed=5.931046e+01 cycle=1237 time=3.900000e+00 dt=3.125000e-03
elapsed=5.932061e+01 cycle=1238 time=3.903125e+00 dt=3.125000e-03
elapsed=5.933079e+01 cycle=1239 time=3.906250e+00 dt=3.125000e-03
elapsed=5.934378e+01 cycle=1240 time=3.909375e+00 dt=3.125000e-03
elapsed=5.935412e+01 cycle=1241 time=3.912500e+00 dt=3.125000e-03
elapsed=5.936420e+01 cycle=1242 time=3.915625e+00 dt=3.125000e-03
elapsed=5.937428e+01 cycle=1243 time=3.918750e+00 dt=3.125000e-03
elapsed=5.938428e+01 cycle=1244 time=3.921875e+00 dt=3.125000e-03
elapsed=5.939432e+01 cycle=1245 time=3.925000e+00 dt=3.125000e-03
elapsed=5.940438e+01 cycle=1246 time=3.928125e+00 dt=3.125000e-03
elapsed=5.941439e+01 cycle=1247 time=3.931250e+00 dt=3.125000e-03
FastFlow wall time: cycle=1248 time=3.934375e+00 seconds=3.747588e+00
elapsed=6.317547e+01 cycle=1248 time=3.934375e+00 dt=3.125000e-03
elapsed=6.318583e+01 cycle=1249 time=3.937500e+00 dt=3.125000e-03
elapsed=6.319603e+01 cycle=1250 time=3.940625e+00 dt=3.125000e-03
elapsed=6.320605e+01 cycle=1251 time=3.943750e+00 dt=3.125000e-03
elapsed=6.321630e+01 cycle=1252 time=3.946875e+00 dt=3.125000e-03
elapsed=6.322644e+01 cycle=1253 time=3.950000e+00 dt=3.125000e-03
elapsed=6.323646e+01 cycle=1254 time=3.953125e+00 dt=3.125000e-03
elapsed=6.324648e+01 cycle=1255 time=3.956250e+00 dt=3.125000e-03
elapsed=6.325941e+01 cycle=1256 time=3.959375e+00 dt=3.125000e-03
elapsed=6.326974e+01 cycle=1257 time=3.962500e+00 dt=3.125000e-03
elapsed=6.327981e+01 cycle=1258 time=3.965625e+00 dt=3.125000e-03
elapsed=6.328987e+01 cycle=1259 time=3.968750e+00 dt=3.125000e-03
elapsed=6.329988e+01 cycle=1260 time=3.971875e+00 dt=3.125000e-03
elapsed=6.330991e+01 cycle=1261 time=3.975000e+00 dt=3.125000e-03
elapsed=6.332013e+01 cycle=1262 time=3.978125e+00 dt=3.125000e-03
elapsed=6.333034e+01 cycle=1263 time=3.981250e+00 dt=3.125000e-03
elapsed=6.334367e+01 cycle=1264 time=3.984375e+00 dt=3.125000e-03
elapsed=6.335405e+01 cycle=1265 time=3.987500e+00 dt=3.125000e-03
elapsed=6.336420e+01 cycle=1266 time=3.990625e+00 dt=3.125000e-03
elapsed=6.337423e+01 cycle=1267 time=3.993750e+00 dt=3.125000e-03
elapsed=6.338430e+01 cycle=1268 time=3.996875e+00 dt=3.125000e-03
elapsed=6.339430e+01 cycle=1269 time=4.000000e+00 dt=3.125000e-03
elapsed=6.340429e+01 cycle=1270 time=4.003125e+00 dt=3.125000e-03
elapsed=6.341435e+01 cycle=1271 time=4.006250e+00 dt=3.125000e-03
elapsed=6.342723e+01 cycle=1272 time=4.009375e+00 dt=3.125000e-03
elapsed=6.343722e+01 cycle=1273 time=4.012500e+00 dt=3.125000e-03
elapsed=6.344724e+01 cycle=1274 time=4.015625e+00 dt=3.125000e-03
elapsed=6.345734e+01 cycle=1275 time=4.018750e+00 dt=3.125000e-03
elapsed=6.346748e+01 cycle=1276 time=4.021875e+00 dt=3.125000e-03
elapsed=6.347757e+01 cycle=1277 time=4.025000e+00 dt=3.125000e-03
elapsed=6.348768e+01 cycle=1278 time=4.028125e+00 dt=3.125000e-03
elapsed=6.349784e+01 cycle=1279 time=4.031250e+00 dt=3.125000e-03
FastFlow wall time: cycle=1280 time=4.034375e+00 seconds=3.746710e+00
elapsed=6.759775e+01 cycle=1280 time=4.034375e+00 dt=3.125000e-03
elapsed=6.760820e+01 cycle=1281 time=4.037500e+00 dt=3.125000e-03
elapsed=6.761856e+01 cycle=1282 time=4.040625e+00 dt=3.125000e-03
elapsed=6.762888e+01 cycle=1283 time=4.043750e+00 dt=3.125000e-03
elapsed=6.763921e+01 cycle=1284 time=4.046875e+00 dt=3.125000e-03
elapsed=6.764954e+01 cycle=1285 time=4.050000e+00 dt=3.125000e-03
elapsed=6.765971e+01 cycle=1286 time=4.053125e+00 dt=3.125000e-03
elapsed=6.766993e+01 cycle=1287 time=4.056250e+00 dt=3.125000e-03
elapsed=6.768314e+01 cycle=1288 time=4.059375e+00 dt=3.125000e-03
elapsed=6.769346e+01 cycle=1289 time=4.062500e+00 dt=3.125000e-03
elapsed=6.770358e+01 cycle=1290 time=4.065625e+00 dt=3.125000e-03
elapsed=6.771365e+01 cycle=1291 time=4.068750e+00 dt=3.125000e-03
elapsed=6.772370e+01 cycle=1292 time=4.071875e+00 dt=3.125000e-03
elapsed=6.773387e+01 cycle=1293 time=4.075000e+00 dt=3.125000e-03
elapsed=6.774396e+01 cycle=1294 time=4.078125e+00 dt=3.125000e-03
elapsed=6.775393e+01 cycle=1295 time=4.081250e+00 dt=3.125000e-03
elapsed=6.776721e+01 cycle=1296 time=4.084375e+00 dt=3.125000e-03
elapsed=6.777741e+01 cycle=1297 time=4.087500e+00 dt=3.125000e-03
elapsed=6.778754e+01 cycle=1298 time=4.090625e+00 dt=3.125000e-03
elapsed=6.779776e+01 cycle=1299 time=4.093750e+00 dt=3.125000e-03
elapsed=6.780775e+01 cycle=1300 time=4.096875e+00 dt=3.125000e-03
elapsed=6.781775e+01 cycle=1301 time=4.100000e+00 dt=3.125000e-03
elapsed=6.782776e+01 cycle=1302 time=4.103125e+00 dt=3.125000e-03
elapsed=6.783774e+01 cycle=1303 time=4.106250e+00 dt=3.125000e-03
elapsed=6.785065e+01 cycle=1304 time=4.109375e+00 dt=3.125000e-03
elapsed=6.786095e+01 cycle=1305 time=4.112500e+00 dt=3.125000e-03
elapsed=6.787108e+01 cycle=1306 time=4.115625e+00 dt=3.125000e-03
elapsed=6.788114e+01 cycle=1307 time=4.118750e+00 dt=3.125000e-03
elapsed=6.789126e+01 cycle=1308 time=4.121875e+00 dt=3.125000e-03
elapsed=6.790136e+01 cycle=1309 time=4.125000e+00 dt=3.125000e-03
elapsed=6.791138e+01 cycle=1310 time=4.128125e+00 dt=3.125000e-03
elapsed=6.792141e+01 cycle=1311 time=4.131250e+00 dt=3.125000e-03
FastFlow wall time: cycle=1312 time=4.134375e+00 seconds=3.750546e+00
elapsed=7.168519e+01 cycle=1312 time=4.134375e+00 dt=3.125000e-03
elapsed=7.169549e+01 cycle=1313 time=4.137500e+00 dt=3.125000e-03
elapsed=7.170571e+01 cycle=1314 time=4.140625e+00 dt=3.125000e-03
elapsed=7.171588e+01 cycle=1315 time=4.143750e+00 dt=3.125000e-03
elapsed=7.172588e+01 cycle=1316 time=4.146875e+00 dt=3.125000e-03
elapsed=7.173606e+01 cycle=1317 time=4.150000e+00 dt=3.125000e-03
elapsed=7.174613e+01 cycle=1318 time=4.153125e+00 dt=3.125000e-03
elapsed=7.175617e+01 cycle=1319 time=4.156250e+00 dt=3.125000e-03
elapsed=7.176910e+01 cycle=1320 time=4.159375e+00 dt=3.125000e-03
elapsed=7.177953e+01 cycle=1321 time=4.162500e+00 dt=3.125000e-03
elapsed=7.178997e+01 cycle=1322 time=4.165625e+00 dt=3.125000e-03
elapsed=7.180035e+01 cycle=1323 time=4.168750e+00 dt=3.125000e-03
elapsed=7.181072e+01 cycle=1324 time=4.171875e+00 dt=3.125000e-03
elapsed=7.182115e+01 cycle=1325 time=4.175000e+00 dt=3.125000e-03
elapsed=7.183147e+01 cycle=1326 time=4.178125e+00 dt=3.125000e-03
elapsed=7.184181e+01 cycle=1327 time=4.181250e+00 dt=3.125000e-03
elapsed=7.185477e+01 cycle=1328 time=4.184375e+00 dt=3.125000e-03
elapsed=7.186509e+01 cycle=1329 time=4.187500e+00 dt=3.125000e-03
elapsed=7.187519e+01 cycle=1330 time=4.190625e+00 dt=3.125000e-03
elapsed=7.188535e+01 cycle=1331 time=4.193750e+00 dt=3.125000e-03
elapsed=7.189543e+01 cycle=1332 time=4.196875e+00 dt=3.125000e-03
elapsed=7.190547e+01 cycle=1333 time=4.200000e+00 dt=3.125000e-03
elapsed=7.191554e+01 cycle=1334 time=4.203125e+00 dt=3.125000e-03
elapsed=7.192565e+01 cycle=1335 time=4.206250e+00 dt=3.125000e-03
elapsed=7.193874e+01 cycle=1336 time=4.209375e+00 dt=3.125000e-03
elapsed=7.194909e+01 cycle=1337 time=4.212500e+00 dt=3.125000e-03
elapsed=7.195927e+01 cycle=1338 time=4.215625e+00 dt=3.125000e-03
elapsed=7.196938e+01 cycle=1339 time=4.218750e+00 dt=3.125000e-03
elapsed=7.197939e+01 cycle=1340 time=4.221875e+00 dt=3.125000e-03
elapsed=7.198957e+01 cycle=1341 time=4.225000e+00 dt=3.125000e-03
elapsed=7.199961e+01 cycle=1342 time=4.228125e+00 dt=3.125000e-03
elapsed=7.200965e+01 cycle=1343 time=4.231250e+00 dt=3.125000e-03
FastFlow wall time: cycle=1344 time=4.234375e+00 seconds=3.751410e+00
elapsed=7.577428e+01 cycle=1344 time=4.234375e+00 dt=3.125000e-03
elapsed=7.578467e+01 cycle=1345 time=4.237500e+00 dt=3.125000e-03
elapsed=7.579480e+01 cycle=1346 time=4.240625e+00 dt=3.125000e-03
elapsed=7.580498e+01 cycle=1347 time=4.243750e+00 dt=3.125000e-03
elapsed=7.581511e+01 cycle=1348 time=4.246875e+00 dt=3.125000e-03
elapsed=7.582522e+01 cycle=1349 time=4.250000e+00 dt=3.125000e-03
elapsed=7.583551e+01 cycle=1350 time=4.253125e+00 dt=3.125000e-03
elapsed=7.584558e+01 cycle=1351 time=4.256250e+00 dt=3.125000e-03
elapsed=7.585823e+01 cycle=1352 time=4.259375e+00 dt=3.125000e-03
elapsed=7.586863e+01 cycle=1353 time=4.262500e+00 dt=3.125000e-03
elapsed=7.587895e+01 cycle=1354 time=4.265625e+00 dt=3.125000e-03
elapsed=7.588915e+01 cycle=1355 time=4.268750e+00 dt=3.125000e-03
elapsed=7.589927e+01 cycle=1356 time=4.271875e+00 dt=3.125000e-03
elapsed=7.590939e+01 cycle=1357 time=4.275000e+00 dt=3.125000e-03
elapsed=7.591978e+01 cycle=1358 time=4.278125e+00 dt=3.125000e-03
elapsed=7.593001e+01 cycle=1359 time=4.281250e+00 dt=3.125000e-03
elapsed=7.600244e+01 cycle=1360 time=4.284375e+00 dt=3.125000e-03
elapsed=7.601282e+01 cycle=1361 time=4.287500e+00 dt=3.125000e-03
elapsed=7.602325e+01 cycle=1362 time=4.290625e+00 dt=3.125000e-03
elapsed=7.603354e+01 cycle=1363 time=4.293750e+00 dt=3.125000e-03
elapsed=7.604390e+01 cycle=1364 time=4.296875e+00 dt=3.125000e-03
elapsed=7.605423e+01 cycle=1365 time=4.300000e+00 dt=3.125000e-03
elapsed=7.606458e+01 cycle=1366 time=4.303125e+00 dt=3.125000e-03
elapsed=7.607483e+01 cycle=1367 time=4.306250e+00 dt=3.125000e-03
elapsed=7.608748e+01 cycle=1368 time=4.309375e+00 dt=3.125000e-03
elapsed=7.609773e+01 cycle=1369 time=4.312500e+00 dt=3.125000e-03
elapsed=7.610792e+01 cycle=1370 time=4.315625e+00 dt=3.125000e-03
elapsed=7.611814e+01 cycle=1371 time=4.318750e+00 dt=3.125000e-03
elapsed=7.612836e+01 cycle=1372 time=4.321875e+00 dt=3.125000e-03
elapsed=7.613844e+01 cycle=1373 time=4.325000e+00 dt=3.125000e-03
elapsed=7.614848e+01 cycle=1374 time=4.328125e+00 dt=3.125000e-03
elapsed=7.615861e+01 cycle=1375 time=4.331250e+00 dt=3.125000e-03
FastFlow wall time: cycle=1376 time=4.334375e+00 seconds=1.297019e+00
elapsed=7.746943e+01 cycle=1376 time=4.334375e+00 dt=3.125000e-03
elapsed=7.747981e+01 cycle=1377 time=4.337500e+00 dt=3.125000e-03
elapsed=7.748999e+01 cycle=1378 time=4.340625e+00 dt=3.125000e-03
elapsed=7.750017e+01 cycle=1379 time=4.343750e+00 dt=3.125000e-03
elapsed=7.751025e+01 cycle=1380 time=4.346875e+00 dt=3.125000e-03
elapsed=7.752035e+01 cycle=1381 time=4.350000e+00 dt=3.125000e-03
elapsed=7.753032e+01 cycle=1382 time=4.353125e+00 dt=3.125000e-03
elapsed=7.754036e+01 cycle=1383 time=4.356250e+00 dt=3.125000e-03
elapsed=7.755336e+01 cycle=1384 time=4.359375e+00 dt=3.125000e-03
elapsed=7.756379e+01 cycle=1385 time=4.362500e+00 dt=3.125000e-03
elapsed=7.757410e+01 cycle=1386 time=4.365625e+00 dt=3.125000e-03
elapsed=7.758437e+01 cycle=1387 time=4.368750e+00 dt=3.125000e-03
elapsed=7.759444e+01 cycle=1388 time=4.371875e+00 dt=3.125000e-03
elapsed=7.760451e+01 cycle=1389 time=4.375000e+00 dt=3.125000e-03
elapsed=7.761452e+01 cycle=1390 time=4.378125e+00 dt=3.125000e-03
elapsed=7.762460e+01 cycle=1391 time=4.381250e+00 dt=3.125000e-03
elapsed=7.763744e+01 cycle=1392 time=4.384375e+00 dt=3.125000e-03
elapsed=7.764748e+01 cycle=1393 time=4.387500e+00 dt=3.125000e-03
elapsed=7.765761e+01 cycle=1394 time=4.390625e+00 dt=3.125000e-03
elapsed=7.766778e+01 cycle=1395 time=4.393750e+00 dt=3.125000e-03
elapsed=7.767788e+01 cycle=1396 time=4.396875e+00 dt=3.125000e-03
elapsed=7.768817e+01 cycle=1397 time=4.400000e+00 dt=3.125000e-03
elapsed=7.769832e+01 cycle=1398 time=4.403125e+00 dt=3.125000e-03
elapsed=7.770850e+01 cycle=1399 time=4.406250e+00 dt=3.125000e-03
elapsed=7.772139e+01 cycle=1400 time=4.409375e+00 dt=3.125000e-03
elapsed=7.773179e+01 cycle=1401 time=4.412500e+00 dt=3.125000e-03
elapsed=7.774202e+01 cycle=1402 time=4.415625e+00 dt=3.125000e-03
elapsed=7.775220e+01 cycle=1403 time=4.418750e+00 dt=3.125000e-03
elapsed=7.776224e+01 cycle=1404 time=4.421875e+00 dt=3.125000e-03
elapsed=7.777234e+01 cycle=1405 time=4.425000e+00 dt=3.125000e-03
elapsed=7.778263e+01 cycle=1406 time=4.428125e+00 dt=3.125000e-03
elapsed=7.779270e+01 cycle=1407 time=4.431250e+00 dt=3.125000e-03
FastFlow wall time: cycle=1408 time=4.434375e+00 seconds=1.296839e+00
elapsed=7.910273e+01 cycle=1408 time=4.434375e+00 dt=3.125000e-03
elapsed=7.911302e+01 cycle=1409 time=4.437500e+00 dt=3.125000e-03
elapsed=7.912311e+01 cycle=1410 time=4.440625e+00 dt=3.125000e-03
elapsed=7.913323e+01 cycle=1411 time=4.443750e+00 dt=3.125000e-03
elapsed=7.914328e+01 cycle=1412 time=4.446875e+00 dt=3.125000e-03
elapsed=7.915348e+01 cycle=1413 time=4.450000e+00 dt=3.125000e-03
elapsed=7.916352e+01 cycle=1414 time=4.453125e+00 dt=3.125000e-03
elapsed=7.917356e+01 cycle=1415 time=4.456250e+00 dt=3.125000e-03
elapsed=7.918648e+01 cycle=1416 time=4.459375e+00 dt=3.125000e-03
elapsed=7.919686e+01 cycle=1417 time=4.462500e+00 dt=3.125000e-03
elapsed=7.920705e+01 cycle=1418 time=4.465625e+00 dt=3.125000e-03
elapsed=7.921727e+01 cycle=1419 time=4.468750e+00 dt=3.125000e-03
elapsed=7.922742e+01 cycle=1420 time=4.471875e+00 dt=3.125000e-03
elapsed=7.923715e+01 cycle=1421 time=4.475000e+00 dt=3.125000e-03
elapsed=7.924770e+01 cycle=1422 time=4.478125e+00 dt=3.125000e-03
elapsed=7.925793e+01 cycle=1423 time=4.481250e+00 dt=3.125000e-03
elapsed=7.927103e+01 cycle=1424 time=4.484375e+00 dt=3.125000e-03
elapsed=7.928140e+01 cycle=1425 time=4.487500e+00 dt=3.125000e-03
elapsed=7.929164e+01 cycle=1426 time=4.490625e+00 dt=3.125000e-03
elapsed=7.930183e+01 cycle=1427 time=4.493750e+00 dt=3.125000e-03
elapsed=7.931199e+01 cycle=1428 time=4.496875e+00 dt=3.125000e-03
elapsed=7.932229e+01 cycle=1429 time=4.500000e+00 dt=3.125000e-03
elapsed=7.933260e+01 cycle=1430 time=4.503125e+00 dt=3.125000e-03
elapsed=7.934284e+01 cycle=1431 time=4.506250e+00 dt=3.125000e-03
elapsed=7.935558e+01 cycle=1432 time=4.509375e+00 dt=3.125000e-03
elapsed=7.936595e+01 cycle=1433 time=4.512500e+00 dt=3.125000e-03
elapsed=7.937618e+01 cycle=1434 time=4.515625e+00 dt=3.125000e-03
elapsed=7.938640e+01 cycle=1435 time=4.518750e+00 dt=3.125000e-03
elapsed=7.939645e+01 cycle=1436 time=4.521875e+00 dt=3.125000e-03
elapsed=7.940645e+01 cycle=1437 time=4.525000e+00 dt=3.125000e-03
elapsed=7.941661e+01 cycle=1438 time=4.528125e+00 dt=3.125000e-03
elapsed=7.942660e+01 cycle=1439 time=4.531250e+00 dt=3.125000e-03
FastFlow wall time: cycle=1440 time=4.534375e+00 seconds=1.293323e+00
elapsed=8.083214e+01 cycle=1440 time=4.534375e+00 dt=3.125000e-03
elapsed=8.084274e+01 cycle=1441 time=4.537500e+00 dt=3.125000e-03
elapsed=8.085308e+01 cycle=1442 time=4.540625e+00 dt=3.125000e-03
elapsed=8.086347e+01 cycle=1443 time=4.543750e+00 dt=3.125000e-03
elapsed=8.087379e+01 cycle=1444 time=4.546875e+00 dt=3.125000e-03
elapsed=8.088416e+01 cycle=1445 time=4.550000e+00 dt=3.125000e-03
elapsed=8.089450e+01 cycle=1446 time=4.553125e+00 dt=3.125000e-03
elapsed=8.090486e+01 cycle=1447 time=4.556250e+00 dt=3.125000e-03
elapsed=8.091797e+01 cycle=1448 time=4.559375e+00 dt=3.125000e-03
elapsed=8.092827e+01 cycle=1449 time=4.562500e+00 dt=3.125000e-03
elapsed=8.093846e+01 cycle=1450 time=4.565625e+00 dt=3.125000e-03
elapsed=8.094855e+01 cycle=1451 time=4.568750e+00 dt=3.125000e-03
elapsed=8.095866e+01 cycle=1452 time=4.571875e+00 dt=3.125000e-03
elapsed=8.096863e+01 cycle=1453 time=4.575000e+00 dt=3.125000e-03
elapsed=8.097870e+01 cycle=1454 time=4.578125e+00 dt=3.125000e-03
elapsed=8.098884e+01 cycle=1455 time=4.581250e+00 dt=3.125000e-03
elapsed=8.100207e+01 cycle=1456 time=4.584375e+00 dt=3.125000e-03
elapsed=8.101245e+01 cycle=1457 time=4.587500e+00 dt=3.125000e-03
elapsed=8.102257e+01 cycle=1458 time=4.590625e+00 dt=3.125000e-03
elapsed=8.103259e+01 cycle=1459 time=4.593750e+00 dt=3.125000e-03
elapsed=8.104272e+01 cycle=1460 time=4.596875e+00 dt=3.125000e-03
elapsed=8.105284e+01 cycle=1461 time=4.600000e+00 dt=3.125000e-03
elapsed=8.106300e+01 cycle=1462 time=4.603125e+00 dt=3.125000e-03
elapsed=8.107306e+01 cycle=1463 time=4.606250e+00 dt=3.125000e-03
elapsed=8.108619e+01 cycle=1464 time=4.609375e+00 dt=3.125000e-03
elapsed=8.109642e+01 cycle=1465 time=4.612500e+00 dt=3.125000e-03
elapsed=8.110654e+01 cycle=1466 time=4.615625e+00 dt=3.125000e-03
elapsed=8.111664e+01 cycle=1467 time=4.618750e+00 dt=3.125000e-03
elapsed=8.112660e+01 cycle=1468 time=4.621875e+00 dt=3.125000e-03
elapsed=8.113660e+01 cycle=1469 time=4.625000e+00 dt=3.125000e-03
elapsed=8.114658e+01 cycle=1470 time=4.628125e+00 dt=3.125000e-03
elapsed=8.115633e+01 cycle=1471 time=4.631250e+00 dt=3.125000e-03
FastFlow wall time: cycle=1472 time=4.634375e+00 seconds=1.295264e+00
elapsed=8.246505e+01 cycle=1472 time=4.634375e+00 dt=3.125000e-03
elapsed=8.247529e+01 cycle=1473 time=4.637500e+00 dt=3.125000e-03
elapsed=8.248554e+01 cycle=1474 time=4.640625e+00 dt=3.125000e-03
elapsed=8.249564e+01 cycle=1475 time=4.643750e+00 dt=3.125000e-03
elapsed=8.250568e+01 cycle=1476 time=4.646875e+00 dt=3.125000e-03
elapsed=8.251576e+01 cycle=1477 time=4.650000e+00 dt=3.125000e-03
elapsed=8.252589e+01 cycle=1478 time=4.653125e+00 dt=3.125000e-03
elapsed=8.253589e+01 cycle=1479 time=4.656250e+00 dt=3.125000e-03
elapsed=8.254860e+01 cycle=1480 time=4.659375e+00 dt=3.125000e-03
elapsed=8.255882e+01 cycle=1481 time=4.662500e+00 dt=3.125000e-03
elapsed=8.256897e+01 cycle=1482 time=4.665625e+00 dt=3.125000e-03
elapsed=8.257906e+01 cycle=1483 time=4.668750e+00 dt=3.125000e-03
elapsed=8.258909e+01 cycle=1484 time=4.671875e+00 dt=3.125000e-03
elapsed=8.259907e+01 cycle=1485 time=4.675000e+00 dt=3.125000e-03
elapsed=8.260912e+01 cycle=1486 time=4.678125e+00 dt=3.125000e-03
elapsed=8.261913e+01 cycle=1487 time=4.681250e+00 dt=3.125000e-03
elapsed=8.263220e+01 cycle=1488 time=4.684375e+00 dt=3.125000e-03
elapsed=8.264257e+01 cycle=1489 time=4.687500e+00 dt=3.125000e-03
elapsed=8.265278e+01 cycle=1490 time=4.690625e+00 dt=3.125000e-03
elapsed=8.266302e+01 cycle=1491 time=4.693750e+00 dt=3.125000e-03
elapsed=8.267314e+01 cycle=1492 time=4.696875e+00 dt=3.125000e-03
elapsed=8.268319e+01 cycle=1493 time=4.700000e+00 dt=3.125000e-03
elapsed=8.269319e+01 cycle=1494 time=4.703125e+00 dt=3.125000e-03
elapsed=8.270318e+01 cycle=1495 time=4.706250e+00 dt=3.125000e-03
elapsed=8.271622e+01 cycle=1496 time=4.709375e+00 dt=3.125000e-03
elapsed=8.272657e+01 cycle=1497 time=4.712500e+00 dt=3.125000e-03
elapsed=8.273649e+01 cycle=1498 time=4.715625e+00 dt=3.125000e-03
elapsed=8.274636e+01 cycle=1499 time=4.718750e+00 dt=3.125000e-03
elapsed=8.275637e+01 cycle=1500 time=4.721875e+00 dt=3.125000e-03
elapsed=8.276646e+01 cycle=1501 time=4.725000e+00 dt=3.125000e-03
elapsed=8.277667e+01 cycle=1502 time=4.728125e+00 dt=3.125000e-03
elapsed=8.278670e+01 cycle=1503 time=4.731250e+00 dt=3.125000e-03
FastFlow wall time: cycle=1504 time=4.734375e+00 seconds=1.302996e+00
elapsed=8.410299e+01 cycle=1504 time=4.734375e+00 dt=3.125000e-03
elapsed=8.411350e+01 cycle=1505 time=4.737500e+00 dt=3.125000e-03
elapsed=8.412385e+01 cycle=1506 time=4.740625e+00 dt=3.125000e-03
elapsed=8.413404e+01 cycle=1507 time=4.743750e+00 dt=3.125000e-03
elapsed=8.414410e+01 cycle=1508 time=4.746875e+00 dt=3.125000e-03
elapsed=8.415426e+01 cycle=1509 time=4.750000e+00 dt=3.125000e-03
elapsed=8.416428e+01 cycle=1510 time=4.753125e+00 dt=3.125000e-03
elapsed=8.417429e+01 cycle=1511 time=4.756250e+00 dt=3.125000e-03
elapsed=8.418721e+01 cycle=1512 time=4.759375e+00 dt=3.125000e-03
elapsed=8.419741e+01 cycle=1513 time=4.762500e+00 dt=3.125000e-03
elapsed=8.420751e+01 cycle=1514 time=4.765625e+00 dt=3.125000e-03
elapsed=8.421759e+01 cycle=1515 time=4.768750e+00 dt=3.125000e-03
elapsed=8.422756e+01 cycle=1516 time=4.771875e+00 dt=3.125000e-03
elapsed=8.423756e+01 cycle=1517 time=4.775000e+00 dt=3.125000e-03
elapsed=8.424748e+01 cycle=1518 time=4.778125e+00 dt=3.125000e-03
elapsed=8.425725e+01 cycle=1519 time=4.781250e+00 dt=3.125000e-03
elapsed=8.432957e+01 cycle=1520 time=4.784375e+00 dt=3.125000e-03
elapsed=8.433998e+01 cycle=1521 time=4.787500e+00 dt=3.125000e-03
elapsed=8.435031e+01 cycle=1522 time=4.790625e+00 dt=3.125000e-03
elapsed=8.436069e+01 cycle=1523 time=4.793750e+00 dt=3.125000e-03
elapsed=8.437104e+01 cycle=1524 time=4.796875e+00 dt=3.125000e-03
elapsed=8.438138e+01 cycle=1525 time=4.800000e+00 dt=3.125000e-03
elapsed=8.439172e+01 cycle=1526 time=4.803125e+00 dt=3.125000e-03
elapsed=8.440201e+01 cycle=1527 time=4.806250e+00 dt=3.125000e-03
elapsed=8.441500e+01 cycle=1528 time=4.809375e+00 dt=3.125000e-03
elapsed=8.442528e+01 cycle=1529 time=4.812500e+00 dt=3.125000e-03
elapsed=8.443536e+01 cycle=1530 time=4.815625e+00 dt=3.125000e-03
elapsed=8.444542e+01 cycle=1531 time=4.818750e+00 dt=3.125000e-03
elapsed=8.445542e+01 cycle=1532 time=4.821875e+00 dt=3.125000e-03
elapsed=8.446540e+01 cycle=1533 time=4.825000e+00 dt=3.125000e-03
elapsed=8.447541e+01 cycle=1534 time=4.828125e+00 dt=3.125000e-03
AMR_Z4C_CHI_PROLONGATION cycle=1535 local_fallback_groups=0,0,0,0 global_fallback_groups=0 global_high_order_groups=1152
elapsed=8.449005e+01 cycle=1535 time=4.831250e+00 dt=3.125000e-03
FastFlow wall time: cycle=1536 time=4.834375e+00 seconds=1.296154e+00
elapsed=8.579935e+01 cycle=1536 time=4.834375e+00 dt=3.125000e-03
elapsed=8.580924e+01 cycle=1537 time=4.837500e+00 dt=3.125000e-03
elapsed=8.581896e+01 cycle=1538 time=4.840625e+00 dt=3.125000e-03
elapsed=8.582864e+01 cycle=1539 time=4.843750e+00 dt=3.125000e-03
elapsed=8.583808e+01 cycle=1540 time=4.846875e+00 dt=3.125000e-03
elapsed=8.584783e+01 cycle=1541 time=4.850000e+00 dt=3.125000e-03
elapsed=8.586179e+01 cycle=1542 time=4.853125e+00 dt=3.125000e-03
elapsed=8.587221e+01 cycle=1543 time=4.856250e+00 dt=3.125000e-03
elapsed=8.588540e+01 cycle=1544 time=4.859375e+00 dt=3.125000e-03
elapsed=8.589579e+01 cycle=1545 time=4.862500e+00 dt=3.125000e-03
elapsed=8.590609e+01 cycle=1546 time=4.865625e+00 dt=3.125000e-03
elapsed=8.591641e+01 cycle=1547 time=4.868750e+00 dt=3.125000e-03
elapsed=8.592650e+01 cycle=1548 time=4.871875e+00 dt=3.125000e-03
elapsed=8.593662e+01 cycle=1549 time=4.875000e+00 dt=3.125000e-03
elapsed=8.594658e+01 cycle=1550 time=4.878125e+00 dt=3.125000e-03
elapsed=8.595665e+01 cycle=1551 time=4.881250e+00 dt=3.125000e-03
elapsed=8.596969e+01 cycle=1552 time=4.884375e+00 dt=3.125000e-03
elapsed=8.598005e+01 cycle=1553 time=4.887500e+00 dt=3.125000e-03
elapsed=8.599029e+01 cycle=1554 time=4.890625e+00 dt=3.125000e-03
elapsed=8.600049e+01 cycle=1555 time=4.893750e+00 dt=3.125000e-03
AMR_Z4C_CHI_PROLONGATION cycle=1556 local_fallback_groups=0,0,0,0 global_fallback_groups=0 global_high_order_groups=1152
elapsed=8.601403e+01 cycle=1556 time=4.896875e+00 dt=3.125000e-03
elapsed=8.602377e+01 cycle=1557 time=4.900000e+00 dt=3.125000e-03
elapsed=8.603342e+01 cycle=1558 time=4.903125e+00 dt=3.125000e-03
elapsed=8.604308e+01 cycle=1559 time=4.906250e+00 dt=3.125000e-03
elapsed=8.605579e+01 cycle=1560 time=4.909375e+00 dt=3.125000e-03
elapsed=8.606579e+01 cycle=1561 time=4.912500e+00 dt=3.125000e-03
elapsed=8.607570e+01 cycle=1562 time=4.915625e+00 dt=3.125000e-03
elapsed=8.608547e+01 cycle=1563 time=4.918750e+00 dt=3.125000e-03
elapsed=8.609519e+01 cycle=1564 time=4.921875e+00 dt=3.125000e-03
elapsed=8.610487e+01 cycle=1565 time=4.925000e+00 dt=3.125000e-03
elapsed=8.611457e+01 cycle=1566 time=4.928125e+00 dt=3.125000e-03
elapsed=8.612423e+01 cycle=1567 time=4.931250e+00 dt=3.125000e-03
FastFlow wall time: cycle=1568 time=4.934375e+00 seconds=1.306520e+00
elapsed=8.744368e+01 cycle=1568 time=4.934375e+00 dt=3.125000e-03
elapsed=8.745374e+01 cycle=1569 time=4.937500e+00 dt=3.125000e-03
elapsed=8.746357e+01 cycle=1570 time=4.940625e+00 dt=3.125000e-03
elapsed=8.747342e+01 cycle=1571 time=4.943750e+00 dt=3.125000e-03
elapsed=8.748319e+01 cycle=1572 time=4.946875e+00 dt=3.125000e-03
elapsed=8.749293e+01 cycle=1573 time=4.950000e+00 dt=3.125000e-03
elapsed=8.750257e+01 cycle=1574 time=4.953125e+00 dt=3.125000e-03
elapsed=8.751239e+01 cycle=1575 time=4.956250e+00 dt=3.125000e-03
elapsed=8.752495e+01 cycle=1576 time=4.959375e+00 dt=3.125000e-03
elapsed=8.753491e+01 cycle=1577 time=4.962500e+00 dt=3.125000e-03
elapsed=8.754477e+01 cycle=1578 time=4.965625e+00 dt=3.125000e-03
elapsed=8.755458e+01 cycle=1579 time=4.968750e+00 dt=3.125000e-03
elapsed=8.756425e+01 cycle=1580 time=4.971875e+00 dt=3.125000e-03
elapsed=8.757392e+01 cycle=1581 time=4.975000e+00 dt=3.125000e-03
elapsed=8.758366e+01 cycle=1582 time=4.978125e+00 dt=3.125000e-03
elapsed=8.759339e+01 cycle=1583 time=4.981250e+00 dt=3.125000e-03
elapsed=8.760630e+01 cycle=1584 time=4.984375e+00 dt=3.125000e-03
elapsed=8.761617e+01 cycle=1585 time=4.987500e+00 dt=3.125000e-03
elapsed=8.762586e+01 cycle=1586 time=4.990625e+00 dt=3.125000e-03
elapsed=8.763555e+01 cycle=1587 time=4.993750e+00 dt=3.125000e-03
elapsed=8.764524e+01 cycle=1588 time=4.996875e+00 dt=3.125000e-03
elapsed=8.765493e+01 cycle=1589 time=5.000000e+00 dt=1.501022e-13
output wall time = 3.051718e+00
elapsed=8.776753e+01 cycle=1590 time=5.000000e+00 dt=3.002043e-13

Terminating on time limit
time=5.000000e+00 cycle=1590
tlim=5.000000e+00 nlim=10000 nmb_total_limit=-1

Current number of MeshBlocks = 92
66 MeshBlocks created, 6 deleted by AMR
37 communicated for load balancing, load balancing efficiency = 9.773368e-01

MeshBlock-cycles = 136866
cpu time used  = 8.754752e+01
zone-cycles/cpu_second = 9.004803e+05
particle-updates/cpu_second = 0.000000e+00
AssembleZ4cTasks
AssembleZ4cTasks
AssembleZ4cTasks
