time	cycle	diagnostic	maximum	radius	r_over_r_core	level	rank	gid	x	y	z	i	j	k
0.00000000000000000e+00	0	reference_Ricci	0.00000000000000000e+00	3.42801722331340297e+00	1.14267240777113432e+01	3	0	0	-1.97916666666666674e+00	-1.97916666666666674e+00	-1.97916666666666674e+00	0	0	0
0.00000000000000000e+00	0	reference_Riemann	0.00000000000000000e+00	3.42801722331340297e+00	1.14267240777113432e+01	3	0	0	-1.97916666666666674e+00	-1.97916666666666674e+00	-1.97916666666666674e+00	0	0	0
0.00000000000000000e+00	0	spin_connection	0.00000000000000000e+00	3.42801722331340297e+00	1.14267240777113432e+01	3	0	0	-1.97916666666666674e+00	-1.97916666666666674e+00	-1.97916666666666674e+00	0	0	0
0.00000000000000000e+00	0	spin_derivative	0.00000000000000000e+00	3.42801722331340297e+00	1.14267240777113432e+01	3	0	0	-1.97916666666666674e+00	-1.97916666666666674e+00	-1.97916666666666674e+00	0	0	0
0.00000000000000000e+00	0	Psi	2.00000000000011502e+00	3.60843918243516498e-02	1.20281306081172171e-01	3	3	57	2.08333333333333287e-02	-2.08333333333333703e-02	-2.08333333333333703e-02	0	15	15
0.00000000000000000e+00	0	Q	3.19983816970116475e-11	3.60843918243516498e-02	1.20281306081172171e-01	3	3	58	-2.08333333333333703e-02	2.08333333333333287e-02	-2.08333333333333703e-02	15	0	15
0.00000000000000000e+00	0	Delta	1.60104595052710260e-11	3.60843918243516498e-02	1.20281306081172171e-01	3	3	58	-2.08333333333333703e-02	2.08333333333333287e-02	-2.08333333333333703e-02	15	0	15
0.00000000000000000e+00	0	Pi	3.19707238688621186e-11	3.60843918243516498e-02	1.20281306081172171e-01	3	3	57	2.08333333333333287e-02	-2.08333333333333703e-02	-2.08333333333333703e-02	0	15	15
0.00000000000000000e+00	0	Phi	8.92048749065036205e-13	3.60843918243516498e-02	1.20281306081172171e-01	3	3	57	2.08333333333333287e-02	-2.08333333333333703e-02	-2.08333333333333703e-02	0	15	15
0.00000000000000000e+00	0	GH_constraint	1.59257581568261100e-11	3.60843918243516498e-02	1.20281306081172171e-01	3	3	57	2.08333333333333287e-02	-2.08333333333333703e-02	-2.08333333333333703e-02	0	15	15
0.00000000000000000e+00	0	reduction_constraint	9.20140014204033852e-14	1.48779758927976069e-01	4.95932529759920249e-01	3	3	61	2.08333333333333287e-02	-1.45833333333333370e-01	2.08333333333333287e-02	0	12	0
0.00000000000000000e+00	0	curl_constraint	1.43754284980724832e-13	1.48779758927976014e-01	4.95932529759920082e-01	3	3	63	1.45833333333333315e-01	2.08333333333333287e-02	2.08333333333333287e-02	3	0	0
0.00000000000000000e+00	0	source_curvature	6.09410749307282455e-10	3.60843918243516013e-02	1.20281306081172004e-01	3	3	63	2.08333333333333287e-02	2.08333333333333287e-02	2.08333333333333287e-02	0	0	0
0.00000000000000000e+00	0	source_QQ	2.04447239399329170e-21	3.60843918243516498e-02	1.20281306081172171e-01	3	3	58	-2.08333333333333703e-02	2.08333333333333287e-02	-2.08333333333333703e-02	15	0	15
0.00000000000000000e+00	0	source_DeltaDelta	5.11120469815567780e-22	3.60843918243516498e-02	1.20281306081172171e-01	3	3	58	-2.08333333333333703e-02	2.08333333333333287e-02	-2.08333333333333703e-02	15	0	15
0.00000000000000000e+00	0	source_damping	0.00000000000000000e+00	3.42801722331340297e+00	1.14267240777113432e+01	3	0	0	-1.97916666666666674e+00	-1.97916666666666674e+00	-1.97916666666666674e+00	0	0	0
0.00000000000000000e+00	0	source_frame_correction	7.46083735372001696e-11	3.60843918243516498e-02	1.20281306081172171e-01	3	3	58	-2.08333333333333703e-02	2.08333333333333287e-02	-2.08333333333333703e-02	15	0	15
0.00000000000000000e+00	0	Psi_RHS_Linf	1.19704246515084371e-14	1.48779758927976097e-01	4.95932529759920360e-01	3	3	56	-2.08333333333333703e-02	-2.08333333333333703e-02	-1.45833333333333370e-01	15	15	12
0.00000000000000000e+00	0	Pi_RHS_Linf	6.23699626963366643e-13	1.48779758927976069e-01	4.95932529759920249e-01	3	3	60	-2.08333333333333703e-02	-1.45833333333333370e-01	2.08333333333333287e-02	15	12	0
0.00000000000000000e+00	0	Phi_RHS_Linf	1.67342342017344872e-14	1.80421959121758013e-01	6.01406530405860118e-01	3	3	63	2.08333333333333287e-02	1.45833333333333315e-01	1.04166666666666644e-01	0	3	2
0.00000000000000000e+00	0	Hhat_RHS_Linf	0.00000000000000000e+00	3.42801722331340297e+00	1.14267240777113432e+01	3	0	0	-1.97916666666666674e+00	-1.97916666666666674e+00	-1.97916666666666674e+00	0	0	0
0.00000000000000000e+00	0	theta_RHS_Linf	0.00000000000000000e+00	3.42801722331340297e+00	1.14267240777113432e+01	3	0	0	-1.97916666666666674e+00	-1.97916666666666674e+00	-1.97916666666666674e+00	0	0	0
0.00000000000000000e+00	0	Upsilon_RHS_Linf	0.00000000000000000e+00	3.42801722331340297e+00	1.14267240777113432e+01	3	0	0	-1.97916666666666674e+00	-1.97916666666666674e+00	-1.97916666666666674e+00	0	0	0
0.00000000000000000e+00	0	chi_beta	3.88264775877866910e+01	3.60843918243516776e-02	1.20281306081172268e-01	3	3	56	-2.08333333333333703e-02	-2.08333333333333703e-02	-2.08333333333333703e-02	15	15	15
0.00000000000000000e+00	0	chi_beta_near_r_lt_1	3.88264775877866910e+01	3.60843918243516776e-02	1.20281306081172268e-01	3	3	56	-2.08333333333333703e-02	-2.08333333333333703e-02	-2.08333333333333703e-02	15	15	15
0.00000000000000000e+00	0	chi_beta_inner_r_lt_0p5	3.88264775877866910e+01	3.60843918243516776e-02	1.20281306081172268e-01	3	3	56	-2.08333333333333703e-02	-2.08333333333333703e-02	-2.08333333333333703e-02	15	15	15
0.00000000000000000e+00	0	chi_beta_annulus_0p5_1	1.91125488339994543e+00	5.01300392313165144e-01	1.67100130771055055e+00	3	3	57	4.79166666666666574e-01	-1.04166666666666630e-01	-1.04166666666666630e-01	11	13	13
0.00000000000000000e+00	0	chi_beta_annulus_1_1p5	7.77645210784213115e-01	1.00065082987690235e+00	3.33550276625634146e+00	3	1	28	-2.08333333333333703e-02	-5.20833333333333370e-01	-8.54166666666666741e-01	15	3	11
0.00000000000000000e+00	0	chi_beta_annulus_1p5_2	4.38254956725824207e-01	1.50043396500256998e+00	5.00144655000856719e+00	3	2	39	-8.95833333333333481e-01	-1.10416666666666674e+00	4.79166666666666574e-01	10	5	11
0.00000000000000000e+00	0	chi_beta_outer_r_ge_2	2.84571871002504861e-01	2.00032549434669082e+00	6.66775164782230334e+00	3	4	72	9.79166666666666630e-01	-2.29166666666666685e-01	-1.72916666666666674e+00	7	10	6
0.00000000000000000e+00	0	chi_beta_first_ge_1	1.00000000000000000e+00	3.60843918243516776e-02	1.20281306081172268e-01	3	3	56	-2.08333333333333703e-02	-2.08333333333333703e-02	-2.08333333333333703e-02	15	15	15
5.10674585007534557e-02	15	reference_Ricci	0.00000000000000000e+00	3.42801722331340297e+00	1.18224445070954989e+01	3	0	0	-1.97916666666666674e+00	-1.97916666666666674e+00	-1.97916666666666674e+00	0	0	0
5.10674585007534557e-02	15	reference_Riemann	0.00000000000000000e+00	3.42801722331340297e+00	1.18224445070954989e+01	3	0	0	-1.97916666666666674e+00	-1.97916666666666674e+00	-1.97916666666666674e+00	0	0	0
5.10674585007534557e-02	15	spin_connection	0.00000000000000000e+00	3.42801722331340297e+00	1.18224445070954989e+01	3	0	0	-1.97916666666666674e+00	-1.97916666666666674e+00	-1.97916666666666674e+00	0	0	0
5.10674585007534557e-02	15	spin_derivative	0.00000000000000000e+00	3.42801722331340297e+00	1.18224445070954989e+01	3	0	0	-1.97916666666666674e+00	-1.97916666666666674e+00	-1.97916666666666674e+00	0	0	0
5.10674585007534557e-02	15	Psi	2.00000000000006928e+00	3.60843918243516498e-02	1.24446784285215925e-01	3	3	57	2.08333333333333287e-02	-2.08333333333333703e-02	-2.08333333333333703e-02	0	15	15
5.10674585007534557e-02	15	Q	3.13408269639938209e-11	3.60843918243516498e-02	1.24446784285215925e-01	3	3	58	-2.08333333333333703e-02	2.08333333333333287e-02	-2.08333333333333703e-02	15	0	15
5.10674585007534557e-02	15	Delta	1.56904604477782951e-11	3.60843918243516498e-02	1.24446784285215925e-01	3	3	58	-2.08333333333333703e-02	2.08333333333333287e-02	-2.08333333333333703e-02	15	0	15
5.10674585007534557e-02	15	Pi	3.13150082521792724e-11	3.60843918243516498e-02	1.24446784285215925e-01	3	3	58	-2.08333333333333703e-02	2.08333333333333287e-02	-2.08333333333333703e-02	15	0	15
5.10674585007534557e-02	15	Phi	8.72140658350141330e-13	3.60843918243516498e-02	1.24446784285215925e-01	3	3	58	-2.08333333333333703e-02	2.08333333333333287e-02	-2.08333333333333703e-02	15	0	15
5.10674585007534557e-02	15	GH_constraint	1.54915326301112086e-11	3.60843918243516498e-02	1.24446784285215925e-01	3	3	58	-2.08333333333333703e-02	2.08333333333333287e-02	-2.08333333333333703e-02	15	0	15
5.10674585007534557e-02	15	reduction_constraint	7.18531116736095622e-13	3.42801722331340297e+00	1.18224445070954989e+01	3	11	215	1.97916666666666652e+00	1.97916666666666652e+00	1.97916666666666652e+00	15	15	15
5.10674585007534557e-02	15	curl_constraint	1.40429713628320273e-13	1.48779758927976014e-01	5.13107236376400544e-01	3	3	63	1.45833333333333315e-01	2.08333333333333287e-02	2.08333333333333287e-02	3	0	0
5.10674585007534557e-02	15	source_curvature	6.09408757398661653e-10	3.60843918243516013e-02	1.24446784285215759e-01	3	3	63	2.08333333333333287e-02	2.08333333333333287e-02	2.08333333333333287e-02	0	0	0
5.10674585007534557e-02	15	source_QQ	1.96109744327819058e-21	3.60843918243516498e-02	1.24446784285215925e-01	3	3	58	-2.08333333333333703e-02	2.08333333333333287e-02	-2.08333333333333703e-02	15	0	15
5.10674585007534557e-02	15	source_DeltaDelta	4.90792032515892933e-22	3.60843918243516498e-02	1.24446784285215925e-01	3	3	58	-2.08333333333333703e-02	2.08333333333333287e-02	-2.08333333333333703e-02	15	0	15
5.10674585007534557e-02	15	source_damping	0.00000000000000000e+00	3.42801722331340297e+00	1.18224445070954989e+01	3	0	0	-1.97916666666666674e+00	-1.97916666666666674e+00	-1.97916666666666674e+00	0	0	0
5.10674585007534557e-02	15	source_frame_correction	7.30527576987240429e-11	3.60843918243516498e-02	1.24446784285215925e-01	3	3	58	-2.08333333333333703e-02	2.08333333333333287e-02	-2.08333333333333703e-02	15	0	15
5.10674585007534557e-02	15	Psi_RHS_Linf	9.44380217420017210e-15	1.48779758927976097e-01	5.13107236376400877e-01	3	3	56	-1.45833333333333370e-01	-2.08333333333333703e-02	-2.08333333333333703e-02	12	15	15
5.10674585007534557e-02	15	Pi_RHS_Linf	5.27450168995626634e-13	1.48779758927976069e-01	5.13107236376400766e-01	3	3	60	-2.08333333333333703e-02	-1.45833333333333370e-01	2.08333333333333287e-02	15	12	0
5.10674585007534557e-02	15	Phi_RHS_Linf	1.68967678671497752e-13	3.26193055907421536e+00	1.12496497270743827e+01	3	8	148	-1.97916666666666674e+00	-1.85416666666666674e+00	1.81250000000000000e+00	0	3	11
5.10674585007534557e-02	15	Hhat_RHS_Linf	0.00000000000000000e+00	3.42801722331340297e+00	1.18224445070954989e+01	3	0	0	-1.97916666666666674e+00	-1.97916666666666674e+00	-1.97916666666666674e+00	0	0	0
5.10674585007534557e-02	15	theta_RHS_Linf	0.00000000000000000e+00	3.42801722331340297e+00	1.18224445070954989e+01	3	0	0	-1.97916666666666674e+00	-1.97916666666666674e+00	-1.97916666666666674e+00	0	0	0
5.10674585007534557e-02	15	Upsilon_RHS_Linf	0.00000000000000000e+00	3.42801722331340297e+00	1.18224445070954989e+01	3	0	0	-1.97916666666666674e+00	-1.97916666666666674e+00	-1.97916666666666674e+00	0	0	0
5.10674585007534557e-02	15	chi_beta	3.88264775877818451e+01	3.60843918243516776e-02	1.24446784285216022e-01	3	3	56	-2.08333333333333703e-02	-2.08333333333333703e-02	-2.08333333333333703e-02	15	15	15
5.10674585007534557e-02	15	chi_beta_near_r_lt_1	3.88264775877818451e+01	3.60843918243516776e-02	1.24446784285216022e-01	3	3	56	-2.08333333333333703e-02	-2.08333333333333703e-02	-2.08333333333333703e-02	15	15	15
5.10674585007534557e-02	15	chi_beta_inner_r_lt_0p5	3.88264775877818451e+01	3.60843918243516776e-02	1.24446784285216022e-01	3	3	56	-2.08333333333333703e-02	-2.08333333333333703e-02	-2.08333333333333703e-02	15	15	15
5.10674585007534557e-02	15	chi_beta_annulus_0p5_1	1.91125488339994787e+00	5.01300392313165144e-01	1.72886998034950223e+00	3	3	60	-1.04166666666666630e-01	-1.04166666666666630e-01	4.79166666666666574e-01	13	13	11
5.10674585007534557e-02	15	chi_beta_annulus_1_1p5	7.77645210784213448e-01	1.00065082987690235e+00	3.45101501437735880e+00	3	1	29	6.45833333333333148e-01	-2.29166666666666685e-01	-7.29166666666666741e-01	15	10	14
5.10674585007534557e-02	15	chi_beta_annulus_1p5_2	4.38254956725824651e-01	1.50043396500256976e+00	5.17465232297124889e+00	3	4	86	9.79166666666666630e-01	-1.10416666666666674e+00	2.70833333333333259e-01	7	5	6
5.10674585007534557e-02	15	chi_beta_outer_r_ge_2	2.84571871002505139e-01	2.00032549434669127e+00	6.89866345834286054e+00	3	0	12	-2.70833333333333370e-01	-1.52083333333333348e+00	-1.27083333333333348e+00	9	11	1
5.10674585007534557e-02	15	chi_beta_first_ge_1	1.00000000000000000e+00	3.60843918243516776e-02	1.24446784285216022e-01	3	3	56	-2.08333333333333703e-02	-2.08333333333333703e-02	-2.08333333333333703e-02	15	15	15
1.02134917001506967e-01	30	reference_Ricci	0.00000000000000000e+00	3.42801722331340297e+00	1.22318691842734264e+01	3	0	0	-1.97916666666666674e+00	-1.97916666666666674e+00	-1.97916666666666674e+00	0	0	0
1.02134917001506967e-01	30	reference_Riemann	0.00000000000000000e+00	3.42801722331340297e+00	1.22318691842734264e+01	3	0	0	-1.97916666666666674e+00	-1.97916666666666674e+00	-1.97916666666666674e+00	0	0	0
1.02134917001506967e-01	30	spin_connection	0.00000000000000000e+00	3.42801722331340297e+00	1.22318691842734264e+01	3	0	0	-1.97916666666666674e+00	-1.97916666666666674e+00	-1.97916666666666674e+00	0	0	0
1.02134917001506967e-01	30	spin_derivative	0.00000000000000000e+00	3.42801722331340297e+00	1.22318691842734264e+01	3	0	0	-1.97916666666666674e+00	-1.97916666666666674e+00	-1.97916666666666674e+00	0	0	0
1.02134917001506967e-01	30	Psi	2.00000000000001998e+00	3.60843918243516498e-02	1.28756517729194109e-01	3	3	57	2.08333333333333287e-02	-2.08333333333333703e-02	-2.08333333333333703e-02	0	15	15
1.02134917001506967e-01	30	Q	3.06817446479743719e-11	3.60843918243516498e-02	1.28756517729194109e-01	3	3	58	-2.08333333333333703e-02	2.08333333333333287e-02	-2.08333333333333703e-02	15	0	15
1.02134917001506967e-01	30	Delta	1.53748714306772939e-11	3.60843918243516498e-02	1.28756517729194109e-01	3	3	58	-2.08333333333333703e-02	2.08333333333333287e-02	-2.08333333333333703e-02	15	0	15
1.02134917001506967e-01	30	Pi	3.06546070860278200e-11	3.60843918243516498e-02	1.28756517729194109e-01	3	3	58	-2.08333333333333703e-02	2.08333333333333287e-02	-2.08333333333333703e-02	15	0	15
1.02134917001506967e-01	30	Phi	8.53672881190999953e-13	3.60843918243516498e-02	1.28756517729194109e-01	3	3	58	-2.08333333333333703e-02	2.08333333333333287e-02	-2.08333333333333703e-02	15	0	15
1.02134917001506967e-01	30	GH_constraint	1.50602123448548581e-11	3.60843918243516498e-02	1.28756517729194109e-01	3	3	58	-2.08333333333333703e-02	2.08333333333333287e-02	-2.08333333333333703e-02	15	0	15
1.02134917001506967e-01	30	reduction_constraint	1.53062083072260296e-12	3.42801722331340297e+00	1.22318691842734264e+01	3	0	0	-1.97916666666666674e+00	-1.97916666666666674e+00	-1.97916666666666674e+00	0	0	0
1.02134917001506967e-01	30	curl_constraint	1.37154452877333822e-13	1.48779758927976014e-01	5.30876722584179617e-01	3	3	63	1.45833333333333315e-01	2.08333333333333287e-02	2.08333333333333287e-02	3	0	0
1.02134917001506967e-01	30	source_curvature	6.09408530952298644e-10	3.60843918243516013e-02	1.28756517729193942e-01	3	3	63	2.08333333333333287e-02	2.08333333333333287e-02	2.08333333333333287e-02	0	0	0
1.02134917001506967e-01	30	source_QQ	1.87832704854137893e-21	3.60843918243516498e-02	1.28756517729194109e-01	3	3	58	-2.08333333333333703e-02	2.08333333333333287e-02	-2.08333333333333703e-02	15	0	15
1.02134917001506967e-01	30	source_DeltaDelta	4.70936083454074817e-22	3.60843918243516498e-02	1.28756517729194109e-01	3	3	58	-2.08333333333333703e-02	2.08333333333333287e-02	-2.08333333333333703e-02	15	0	15
1.02134917001506967e-01	30	source_damping	0.00000000000000000e+00	3.42801722331340297e+00	1.22318691842734264e+01	3	0	0	-1.97916666666666674e+00	-1.97916666666666674e+00	-1.97916666666666674e+00	0	0	0
1.02134917001506967e-01	30	source_frame_correction	7.15038704452515844e-11	3.60843918243516498e-02	1.28756517729194109e-01	3	3	58	-2.08333333333333703e-02	2.08333333333333287e-02	-2.08333333333333703e-02	15	0	15
1.02134917001506967e-01	30	Psi_RHS_Linf	1.60313888570688467e-14	3.42801722331340297e+00	1.22318691842734264e+01	3	7	131	1.97916666666666652e+00	1.97916666666666652e+00	-1.97916666666666674e+00	15	15	0
1.02134917001506967e-01	30	Pi_RHS_Linf	4.76656760524816350e-13	1.48779758927976014e-01	5.30876722584179617e-01	3	3	62	-2.08333333333333703e-02	1.45833333333333315e-01	2.08333333333333287e-02	15	3	0
1.02134917001506967e-01	30	Phi_RHS_Linf	3.07160193569971376e-13	3.33248687169207036e+00	1.18909972784344191e+01	3	5	98	-1.89583333333333326e+00	1.97916666666666652e+00	-1.89583333333333326e+00	2	15	2
1.02134917001506967e-01	30	Hhat_RHS_Linf	0.00000000000000000e+00	3.42801722331340297e+00	1.22318691842734264e+01	3	0	0	-1.97916666666666674e+00	-1.97916666666666674e+00	-1.97916666666666674e+00	0	0	0
1.02134917001506967e-01	30	theta_RHS_Linf	0.00000000000000000e+00	3.42801722331340297e+00	1.22318691842734264e+01	3	0	0	-1.97916666666666674e+00	-1.97916666666666674e+00	-1.97916666666666674e+00	0	0	0
1.02134917001506967e-01	30	Upsilon_RHS_Linf	0.00000000000000000e+00	3.42801722331340297e+00	1.22318691842734264e+01	3	0	0	-1.97916666666666674e+00	-1.97916666666666674e+00	-1.97916666666666674e+00	0	0	0
1.02134917001506967e-01	30	chi_beta	3.88264775877904569e+01	3.60843918243516776e-02	1.28756517729194192e-01	3	3	56	-2.08333333333333703e-02	-2.08333333333333703e-02	-2.08333333333333703e-02	15	15	15
1.02134917001506967e-01	30	chi_beta_near_r_lt_1	3.88264775877904569e+01	3.60843918243516776e-02	1.28756517729194192e-01	3	3	56	-2.08333333333333703e-02	-2.08333333333333703e-02	-2.08333333333333703e-02	15	15	15
1.02134917001506967e-01	30	chi_beta_inner_r_lt_0p5	3.88264775877904569e+01	3.60843918243516776e-02	1.28756517729194192e-01	3	3	56	-2.08333333333333703e-02	-2.08333333333333703e-02	-2.08333333333333703e-02	15	15	15
1.02134917001506967e-01	30	chi_beta_annulus_0p5_1	1.91125488339994676e+00	5.01300392313165144e-01	1.78874271082942760e+00	3	3	59	4.79166666666666574e-01	1.04166666666666644e-01	-1.04166666666666630e-01	11	2	13
1.02134917001506967e-01	30	chi_beta_annulus_1_1p5	7.77645210784213559e-01	1.00065082987690235e+00	3.57052758281019234e+00	3	2	42	-6.45833333333333370e-01	-7.29166666666666741e-01	-2.29166666666666685e-01	0	14	10
1.02134917001506967e-01	30	chi_beta_annulus_1p5_2	4.38254956725824374e-01	1.50043396500256976e+00	5.35385640851962830e+00	3	4	86	9.79166666666666630e-01	-1.10416666666666674e+00	2.70833333333333259e-01	7	5	6
1.02134917001506967e-01	30	chi_beta_outer_r_ge_2	2.84571871002505139e-01	2.00032549434669127e+00	7.13757200705256345e+00	3	1	20	-1.64583333333333348e+00	-2.70833333333333370e-01	-1.10416666666666674e+00	8	9	5
1.02134917001506967e-01	30	chi_beta_first_ge_1	1.00000000000000000e+00	3.60843918243516776e-02	1.28756517729194192e-01	3	3	56	-2.08333333333333703e-02	-2.08333333333333703e-02	-2.08333333333333703e-02	15	15	15
1.53202375502260485e-01	45	reference_Ricci	0.00000000000000000e+00	3.42801722331340297e+00	1.26554727029068275e+01	3	0	0	-1.97916666666666674e+00	-1.97916666666666674e+00	-1.97916666666666674e+00	0	0	0
1.53202375502260485e-01	45	reference_Riemann	0.00000000000000000e+00	3.42801722331340297e+00	1.26554727029068275e+01	3	0	0	-1.97916666666666674e+00	-1.97916666666666674e+00	-1.97916666666666674e+00	0	0	0
1.53202375502260485e-01	45	spin_connection	0.00000000000000000e+00	3.42801722331340297e+00	1.26554727029068275e+01	3	0	0	-1.97916666666666674e+00	-1.97916666666666674e+00	-1.97916666666666674e+00	0	0	0
1.53202375502260485e-01	45	spin_derivative	0.00000000000000000e+00	3.42801722331340297e+00	1.26554727029068275e+01	3	0	0	-1.97916666666666674e+00	-1.97916666666666674e+00	-1.97916666666666674e+00	0	0	0
1.53202375502260485e-01	45	Psi	1.99999999999997491e+00	3.60843918243516498e-02	1.33215502135861474e-01	3	3	57	2.08333333333333287e-02	-2.08333333333333703e-02	-2.08333333333333703e-02	0	15	15
1.53202375502260485e-01	45	Q	3.00222579421404818e-11	3.60843918243516498e-02	1.33215502135861474e-01	3	3	58	-2.08333333333333703e-02	2.08333333333333287e-02	-2.08333333333333703e-02	15	0	15
1.53202375502260485e-01	45	Delta	1.50642838817085635e-11	3.60843918243516498e-02	1.33215502135861474e-01	3	3	58	-2.08333333333333703e-02	2.08333333333333287e-02	-2.08333333333333703e-02	15	0	15
1.53202375502260485e-01	45	Pi	2.99907236793632579e-11	3.60843918243516498e-02	1.33215502135861474e-01	3	3	58	-2.08333333333333703e-02	2.08333333333333287e-02	-2.08333333333333703e-02	15	0	15
1.53202375502260485e-01	45	Phi	8.36542400571943856e-13	3.60843918243516498e-02	1.33215502135861474e-01	3	3	58	-2.08333333333333703e-02	2.08333333333333287e-02	-2.08333333333333703e-02	15	0	15
1.53202375502260485e-01	45	GH_constraint	1.46356758736071374e-11	3.60843918243516498e-02	1.33215502135861474e-01	3	3	58	-2.08333333333333703e-02	2.08333333333333287e-02	-2.08333333333333703e-02	15	0	15
1.53202375502260485e-01	45	reduction_constraint	2.19779087931263877e-12	3.42801722331340297e+00	1.26554727029068275e+01	3	0	0	-1.97916666666666674e+00	-1.97916666666666674e+00	-1.97916666666666674e+00	0	0	0
1.53202375502260485e-01	45	curl_constraint	1.34021303098760026e-13	1.48779758927976014e-01	5.49261586275851199e-01	3	3	63	1.45833333333333315e-01	2.08333333333333287e-02	2.08333333333333287e-02	3	0	0
1.53202375502260485e-01	45	source_curvature	6.09406400888765303e-10	3.60843918243516013e-02	1.33215502135861308e-01	3	3	63	2.08333333333333287e-02	2.08333333333333287e-02	2.08333333333333287e-02	0	0	0
1.53202375502260485e-01	45	source_QQ	1.79638710598283649e-21	3.60843918243516498e-02	1.33215502135861474e-01	3	3	58	-2.08333333333333703e-02	2.08333333333333287e-02	-2.08333333333333703e-02	15	0	15
1.53202375502260485e-01	45	source_DeltaDelta	4.51588157697772467e-22	3.60843918243516498e-02	1.33215502135861474e-01	3	3	58	-2.08333333333333703e-02	2.08333333333333287e-02	-2.08333333333333703e-02	15	0	15
1.53202375502260485e-01	45	source_damping	0.00000000000000000e+00	3.42801722331340297e+00	1.26554727029068275e+01	3	0	0	-1.97916666666666674e+00	-1.97916666666666674e+00	-1.97916666666666674e+00	0	0	0
1.53202375502260485e-01	45	source_frame_correction	6.99640391142037949e-11	3.60843918243516498e-02	1.33215502135861474e-01	3	3	58	-2.08333333333333703e-02	2.08333333333333287e-02	-2.08333333333333703e-02	15	0	15
1.53202375502260485e-01	45	Psi_RHS_Linf	2.78384491674385981e-14	3.42801722331340297e+00	1.26554727029068275e+01	3	0	0	-1.97916666666666674e+00	-1.97916666666666674e+00	-1.97916666666666674e+00	0	0	0
1.53202375502260485e-01	45	Pi_RHS_Linf	5.94340276061898591e-13	3.35584843966469970e+00	1.23890416986351042e+01	3	0	0	-1.93750000000000000e+00	-1.93750000000000000e+00	-1.93750000000000000e+00	1	1	1
1.53202375502260485e-01	45	Phi_RHS_Linf	3.77006777990988041e-13	3.33248687169207036e+00	1.23027960159226506e+01	3	11	215	1.89583333333333348e+00	1.97916666666666652e+00	1.89583333333333348e+00	13	15	13
1.53202375502260485e-01	45	Hhat_RHS_Linf	0.00000000000000000e+00	3.42801722331340297e+00	1.26554727029068275e+01	3	0	0	-1.97916666666666674e+00	-1.97916666666666674e+00	-1.97916666666666674e+00	0	0	0
1.53202375502260485e-01	45	theta_RHS_Linf	0.00000000000000000e+00	3.42801722331340297e+00	1.26554727029068275e+01	3	0	0	-1.97916666666666674e+00	-1.97916666666666674e+00	-1.97916666666666674e+00	0	0	0
1.53202375502260485e-01	45	Upsilon_RHS_Linf	0.00000000000000000e+00	3.42801722331340297e+00	1.26554727029068275e+01	3	0	0	-1.97916666666666674e+00	-1.97916666666666674e+00	-1.97916666666666674e+00	0	0	0
1.53202375502260485e-01	45	chi_beta	3.88264775877844670e+01	3.60843918243516776e-02	1.33215502135861585e-01	3	3	56	-2.08333333333333703e-02	-2.08333333333333703e-02	-2.08333333333333703e-02	15	15	15
1.53202375502260485e-01	45	chi_beta_near_r_lt_1	3.88264775877844670e+01	3.60843918243516776e-02	1.33215502135861585e-01	3	3	56	-2.08333333333333703e-02	-2.08333333333333703e-02	-2.08333333333333703e-02	15	15	15
1.53202375502260485e-01	45	chi_beta_inner_r_lt_0p5	3.88264775877844670e+01	3.60843918243516776e-02	1.33215502135861585e-01	3	3	56	-2.08333333333333703e-02	-2.08333333333333703e-02	-2.08333333333333703e-02	15	15	15
1.53202375502260485e-01	45	chi_beta_annulus_0p5_1	1.91125488339994742e+00	5.01300392313165144e-01	1.85068890194888414e+00	3	3	60	-1.04166666666666630e-01	-1.04166666666666630e-01	4.79166666666666574e-01	13	13	11
1.53202375502260485e-01	45	chi_beta_annulus_1_1p5	7.77645210784213448e-01	1.00065082987690235e+00	3.69417900718943804e+00	3	2	43	6.45833333333333148e-01	-7.29166666666666741e-01	-2.29166666666666685e-01	15	14	10
1.53202375502260485e-01	45	chi_beta_annulus_1p5_2	4.38254956725824540e-01	1.50043396500256976e+00	5.53926653502938215e+00	3	4	86	9.79166666666666630e-01	-1.10416666666666674e+00	2.70833333333333259e-01	7	5	6
1.53202375502260485e-01	45	chi_beta_outer_r_ge_2	2.84571871002505028e-01	2.00032549434669127e+00	7.38475423007486764e+00	3	0	10	-2.70833333333333370e-01	-1.27083333333333348e+00	-1.52083333333333348e+00	9	1	11
1.53202375502260485e-01	45	chi_beta_first_ge_1	1.00000000000000000e+00	3.60843918243516776e-02	1.33215502135861585e-01	3	3	56	-2.08333333333333703e-02	-2.08333333333333703e-02	-2.08333333333333703e-02	15	15	15
2.00865336769630448e-01	59	reference_Ricci	0.00000000000000000e+00	3.42801722331340297e+00	1.30640613773971541e+01	3	0	0	-1.97916666666666674e+00	-1.97916666666666674e+00	-1.97916666666666674e+00	0	0	0
2.00865336769630448e-01	59	reference_Riemann	0.00000000000000000e+00	3.42801722331340297e+00	1.30640613773971541e+01	3	0	0	-1.97916666666666674e+00	-1.97916666666666674e+00	-1.97916666666666674e+00	0	0	0
2.00865336769630448e-01	59	spin_connection	0.00000000000000000e+00	3.42801722331340297e+00	1.30640613773971541e+01	3	0	0	-1.97916666666666674e+00	-1.97916666666666674e+00	-1.97916666666666674e+00	0	0	0
2.00865336769630448e-01	59	spin_derivative	0.00000000000000000e+00	3.42801722331340297e+00	1.30640613773971541e+01	3	0	0	-1.97916666666666674e+00	-1.97916666666666674e+00	-1.97916666666666674e+00	0	0	0
2.00865336769630448e-01	59	Psi	1.99999999999993050e+00	3.60843918243516498e-02	1.37516435551549132e-01	3	3	57	2.08333333333333287e-02	-2.08333333333333703e-02	-2.08333333333333703e-02	0	15	15
2.00865336769630448e-01	59	Q	2.94073848345844030e-11	3.60843918243516498e-02	1.37516435551549132e-01	3	3	58	-2.08333333333333703e-02	2.08333333333333287e-02	-2.08333333333333703e-02	15	0	15
2.00865336769630448e-01	59	Delta	1.47791657086240036e-11	3.60843918243516498e-02	1.37516435551549132e-01	3	3	58	-2.08333333333333703e-02	2.08333333333333287e-02	-2.08333333333333703e-02	15	0	15
2.00865336769630448e-01	59	Pi	2.93691022616581428e-11	3.60843918243516498e-02	1.37516435551549132e-01	3	3	58	-2.08333333333333703e-02	2.08333333333333287e-02	-2.08333333333333703e-02	15	0	15
2.00865336769630448e-01	59	Phi	8.21664181475845697e-13	3.60843918243516498e-02	1.37516435551549132e-01	3	3	58	-2.08333333333333703e-02	2.08333333333333287e-02	-2.08333333333333703e-02	15	0	15
2.00865336769630448e-01	59	GH_constraint	1.42432665393009497e-11	3.60843918243516498e-02	1.37516435551549132e-01	3	3	58	-2.08333333333333703e-02	2.08333333333333287e-02	-2.08333333333333703e-02	15	0	15
2.00865336769630448e-01	59	reduction_constraint	2.80742904405659031e-12	3.42801722331340297e+00	1.30640613773971541e+01	3	11	215	1.97916666666666652e+00	1.97916666666666652e+00	1.97916666666666652e+00	15	15	15
2.00865336769630448e-01	59	curl_constraint	1.31293118587553367e-13	1.48779758927976014e-01	5.66994789037480018e-01	3	3	63	1.45833333333333315e-01	2.08333333333333287e-02	2.08333333333333287e-02	3	0	0
2.00865336769630448e-01	59	source_curvature	6.09404754297530897e-10	3.60843918243516013e-02	1.37516435551548966e-01	3	3	63	2.08333333333333287e-02	2.08333333333333287e-02	2.08333333333333287e-02	0	0	0
2.00865336769630448e-01	59	source_QQ	1.72087348326771630e-21	3.60843918243516498e-02	1.37516435551549132e-01	3	3	58	-2.08333333333333703e-02	2.08333333333333287e-02	-2.08333333333333703e-02	15	0	15
2.00865336769630448e-01	59	source_DeltaDelta	4.34000864411847068e-22	3.60843918243516498e-02	1.37516435551549132e-01	3	3	58	-2.08333333333333703e-02	2.08333333333333287e-02	-2.08333333333333703e-02	15	0	15
2.00865336769630448e-01	59	source_damping	0.00000000000000000e+00	3.42801722331340297e+00	1.30640613773971541e+01	3	0	0	-1.97916666666666674e+00	-1.97916666666666674e+00	-1.97916666666666674e+00	0	0	0
2.00865336769630448e-01	59	source_frame_correction	6.85365630028255874e-11	3.60843918243516498e-02	1.37516435551549132e-01	3	3	58	-2.08333333333333703e-02	2.08333333333333287e-02	-2.08333333333333703e-02	15	0	15
2.00865336769630448e-01	59	Psi_RHS_Linf	4.07130274221720481e-14	3.35584843966469970e+00	1.27890285062940556e+01	3	0	0	-1.93750000000000000e+00	-1.93750000000000000e+00	-1.93750000000000000e+00	1	1	1
2.00865336769630448e-01	59	Pi_RHS_Linf	6.52733475677617607e-13	1.48779758927976041e-01	5.66994789037480129e-01	3	3	57	1.45833333333333315e-01	-2.08333333333333703e-02	-2.08333333333333703e-02	3	15	15
2.00865336769630448e-01	59	Phi_RHS_Linf	4.02985507955304286e-13	3.33248687169207036e+00	1.26999983357946000e+01	3	0	0	-1.89583333333333326e+00	-1.97916666666666674e+00	-1.89583333333333326e+00	2	0	2
2.00865336769630448e-01	59	Hhat_RHS_Linf	0.00000000000000000e+00	3.42801722331340297e+00	1.30640613773971541e+01	3	0	0	-1.97916666666666674e+00	-1.97916666666666674e+00	-1.97916666666666674e+00	0	0	0
2.00865336769630448e-01	59	theta_RHS_Linf	0.00000000000000000e+00	3.42801722331340297e+00	1.30640613773971541e+01	3	0	0	-1.97916666666666674e+00	-1.97916666666666674e+00	-1.97916666666666674e+00	0	0	0
2.00865336769630448e-01	59	Upsilon_RHS_Linf	0.00000000000000000e+00	3.42801722331340297e+00	1.30640613773971541e+01	3	0	0	-1.97916666666666674e+00	-1.97916666666666674e+00	-1.97916666666666674e+00	0	0	0
2.00865336769630448e-01	59	chi_beta	3.88264775877873802e+01	3.60843918243516776e-02	1.37516435551549243e-01	3	3	56	-2.08333333333333703e-02	-2.08333333333333703e-02	-2.08333333333333703e-02	15	15	15
2.00865336769630448e-01	59	chi_beta_near_r_lt_1	3.88264775877873802e+01	3.60843918243516776e-02	1.37516435551549243e-01	3	3	56	-2.08333333333333703e-02	-2.08333333333333703e-02	-2.08333333333333703e-02	15	15	15
2.00865336769630448e-01	59	chi_beta_inner_r_lt_0p5	3.88264775877873802e+01	3.60843918243516776e-02	1.37516435551549243e-01	3	3	56	-2.08333333333333703e-02	-2.08333333333333703e-02	-2.08333333333333703e-02	15	15	15
2.00865336769630448e-01	59	chi_beta_annulus_0p5_1	1.91125488339994698e+00	5.01300392313165144e-01	1.91043937852867796e+00	3	3	60	-1.04166666666666630e-01	-1.04166666666666630e-01	4.79166666666666574e-01	13	13	11
2.00865336769630448e-01	59	chi_beta_annulus_1_1p5	7.77645210784213559e-01	1.00065082987690235e+00	3.81344754336437131e+00	3	2	49	-7.29166666666666741e-01	-2.29166666666666685e-01	-6.45833333333333370e-01	14	10	0
2.00865336769630448e-01	59	chi_beta_annulus_1p5_2	4.38254956725824374e-01	1.50043396500256976e+00	5.71810470443860819e+00	3	4	86	9.79166666666666630e-01	-1.10416666666666674e+00	2.70833333333333259e-01	7	5	6
2.00865336769630448e-01	59	chi_beta_outer_r_ge_2	2.84571871002505028e-01	2.00032549434669127e+00	7.62317495232968145e+00	3	1	20	-1.64583333333333348e+00	-2.70833333333333370e-01	-1.10416666666666674e+00	8	9	5
2.00865336769630448e-01	59	chi_beta_first_ge_1	1.00000000000000000e+00	3.60843918243516776e-02	1.37516435551549243e-01	3	3	56	-2.08333333333333703e-02	-2.08333333333333703e-02	-2.08333333333333703e-02	15	15	15
2.51932795270383980e-01	74	reference_Ricci	0.00000000000000000e+00	3.42801722331340297e+00	1.35164846565982781e+01	3	0	0	-1.97916666666666674e+00	-1.97916666666666674e+00	-1.97916666666666674e+00	0	0	0
2.51932795270383980e-01	74	reference_Riemann	0.00000000000000000e+00	3.42801722331340297e+00	1.35164846565982781e+01	3	0	0	-1.97916666666666674e+00	-1.97916666666666674e+00	-1.97916666666666674e+00	0	0	0
2.51932795270383980e-01	74	spin_connection	0.00000000000000000e+00	3.42801722331340297e+00	1.35164846565982781e+01	3	0	0	-1.97916666666666674e+00	-1.97916666666666674e+00	-1.97916666666666674e+00	0	0	0
2.51932795270383980e-01	74	spin_derivative	0.00000000000000000e+00	3.42801722331340297e+00	1.35164846565982781e+01	3	0	0	-1.97916666666666674e+00	-1.97916666666666674e+00	-1.97916666666666674e+00	0	0	0
2.51932795270383980e-01	74	Psi	1.99999999999988187e+00	3.60843918243516498e-02	1.42278785858929391e-01	3	3	57	2.08333333333333287e-02	-2.08333333333333703e-02	-2.08333333333333703e-02	0	15	15
2.51932795270383980e-01	74	Q	2.87504801203987490e-11	3.60843918243516498e-02	1.42278785858929391e-01	3	3	58	-2.08333333333333703e-02	2.08333333333333287e-02	-2.08333333333333703e-02	15	0	15
2.51932795270383980e-01	74	Delta	1.44793334306542870e-11	3.60843918243516498e-02	1.42278785858929391e-01	3	3	58	-2.08333333333333703e-02	2.08333333333333287e-02	-2.08333333333333703e-02	15	0	15
2.51932795270383980e-01	74	Pi	2.87021547196495801e-11	3.60843918243516498e-02	1.42278785858929391e-01	3	3	58	-2.08333333333333703e-02	2.08333333333333287e-02	-2.08333333333333703e-02	15	0	15
2.51932795270383980e-01	74	Phi	8.06808136162700080e-13	3.60843918243516498e-02	1.42278785858929391e-01	3	3	58	-2.08333333333333703e-02	2.08333333333333287e-02	-2.08333333333333703e-02	15	0	15
2.51932795270383980e-01	74	GH_constraint	1.38290844870204316e-11	3.60843918243516498e-02	1.42278785858929391e-01	3	3	58	-2.08333333333333703e-02	2.08333333333333287e-02	-2.08333333333333703e-02	15	0	15
2.51932795270383980e-01	74	reduction_constraint	3.44167601946052134e-12	3.42801722331340297e+00	1.35164846565982781e+01	3	0	0	-1.97916666666666674e+00	-1.97916666666666674e+00	-1.97916666666666674e+00	0	0	0
2.51932795270383980e-01	74	curl_constraint	1.28676597517487441e-13	1.48779758927976014e-01	5.86630462381001472e-01	3	3	63	1.45833333333333315e-01	2.08333333333333287e-02	2.08333333333333287e-02	3	0	0
2.51932795270383980e-01	74	source_curvature	6.09401983839527677e-10	3.60843918243516013e-02	1.42278785858929196e-01	3	3	63	2.08333333333333287e-02	2.08333333333333287e-02	2.08333333333333287e-02	0	0	0
2.51932795270383980e-01	74	source_QQ	1.64119907278860580e-21	3.60843918243516498e-02	1.42278785858929391e-01	3	3	58	-2.08333333333333703e-02	2.08333333333333287e-02	-2.08333333333333703e-02	15	0	15
2.51932795270383980e-01	74	source_DeltaDelta	4.15689576335939525e-22	3.60843918243516498e-02	1.42278785858929391e-01	3	3	58	-2.08333333333333703e-02	2.08333333333333287e-02	-2.08333333333333703e-02	15	0	15
2.51932795270383980e-01	74	source_damping	0.00000000000000000e+00	3.42801722331340297e+00	1.35164846565982781e+01	3	0	0	-1.97916666666666674e+00	-1.97916666666666674e+00	-1.97916666666666674e+00	0	0	0
2.51932795270383980e-01	74	source_frame_correction	6.70197389459940268e-11	3.60843918243516498e-02	1.42278785858929391e-01	3	3	58	-2.08333333333333703e-02	2.08333333333333287e-02	-2.08333333333333703e-02	15	0	15
2.51932795270383980e-01	74	Psi_RHS_Linf	6.00354083800529347e-14	3.35584843966469970e+00	1.32319270848804180e+01	3	3	65	1.93750000000000000e+00	-1.93750000000000000e+00	-1.93750000000000000e+00	14	1	1
2.51932795270383980e-01	74	Pi_RHS_Linf	8.15990481562914706e-13	1.48779758927976041e-01	5.86630462381001583e-01	3	3	57	1.45833333333333315e-01	-2.08333333333333703e-02	-2.08333333333333703e-02	3	15	15
2.51932795270383980e-01	74	Phi_RHS_Linf	4.02909248243212740e-13	3.23842758054652879e+00	1.27689430514742810e+01	3	3	65	1.81250000000000000e+00	-1.81250000000000000e+00	-1.97916666666666674e+00	11	4	0
2.51932795270383980e-01	74	Hhat_RHS_Linf	0.00000000000000000e+00	3.42801722331340297e+00	1.35164846565982781e+01	3	0	0	-1.97916666666666674e+00	-1.97916666666666674e+00	-1.97916666666666674e+00	0	0	0
2.51932795270383980e-01	74	theta_RHS_Linf	0.00000000000000000e+00	3.42801722331340297e+00	1.35164846565982781e+01	3	0	0	-1.97916666666666674e+00	-1.97916666666666674e+00	-1.97916666666666674e+00	0	0	0
2.51932795270383980e-01	74	Upsilon_RHS_Linf	0.00000000000000000e+00	3.42801722331340297e+00	1.35164846565982781e+01	3	0	0	-1.97916666666666674e+00	-1.97916666666666674e+00	-1.97916666666666674e+00	0	0	0
2.51932795270383980e-01	74	chi_beta	3.88264775877836428e+01	3.60843918243516776e-02	1.42278785858929502e-01	3	3	56	-2.08333333333333703e-02	-2.08333333333333703e-02	-2.08333333333333703e-02	15	15	15
2.51932795270383980e-01	74	chi_beta_near_r_lt_1	3.88264775877836428e+01	3.60843918243516776e-02	1.42278785858929502e-01	3	3	56	-2.08333333333333703e-02	-2.08333333333333703e-02	-2.08333333333333703e-02	15	15	15
2.51932795270383980e-01	74	chi_beta_inner_r_lt_0p5	3.88264775877836428e+01	3.60843918243516776e-02	1.42278785858929502e-01	3	3	56	-2.08333333333333703e-02	-2.08333333333333703e-02	-2.08333333333333703e-02	15	15	15
2.51932795270383980e-01	74	chi_beta_annulus_0p5_1	1.91125488339994720e+00	5.01300392313165144e-01	1.97660006343209704e+00	3	3	61	1.04166666666666644e-01	-1.04166666666666630e-01	4.79166666666666574e-01	2	13	11
2.51932795270383980e-01	74	chi_beta_annulus_1_1p5	7.77645210784213448e-01	1.00065082987690235e+00	3.94551156180318552e+00	3	1	29	6.45833333333333148e-01	-2.29166666666666685e-01	-7.29166666666666741e-01	15	10	14
2.51932795270383980e-01	74	chi_beta_annulus_1p5_2	4.38254956725824429e-01	1.50043396500256976e+00	5.91612916302492486e+00	3	4	86	9.79166666666666630e-01	-1.10416666666666674e+00	2.70833333333333259e-01	7	5	6
2.51932795270383980e-01	74	chi_beta_outer_r_ge_2	2.84571871002505028e-01	2.00032549434669127e+00	7.88717415672901190e+00	3	0	10	-2.70833333333333370e-01	-1.27083333333333348e+00	-1.52083333333333348e+00	9	1	11
2.51932795270383980e-01	74	chi_beta_first_ge_1	1.00000000000000000e+00	3.60843918243516776e-02	1.42278785858929502e-01	3	3	56	-2.08333333333333703e-02	-2.08333333333333703e-02	-2.08333333333333703e-02	15	15	15
3.03000253771137096e-01	89	reference_Ricci	0.00000000000000000e+00	3.42801722331340297e+00	1.39845758676660701e+01	3	0	0	-1.97916666666666674e+00	-1.97916666666666674e+00	-1.97916666666666674e+00	0	0	0
3.03000253771137096e-01	89	reference_Riemann	0.00000000000000000e+00	3.42801722331340297e+00	1.39845758676660701e+01	3	0	0	-1.97916666666666674e+00	-1.97916666666666674e+00	-1.97916666666666674e+00	0	0	0
3.03000253771137096e-01	89	spin_connection	0.00000000000000000e+00	3.42801722331340297e+00	1.39845758676660701e+01	3	0	0	-1.97916666666666674e+00	-1.97916666666666674e+00	-1.97916666666666674e+00	0	0	0
3.03000253771137096e-01	89	spin_derivative	0.00000000000000000e+00	3.42801722331340297e+00	1.39845758676660701e+01	3	0	0	-1.97916666666666674e+00	-1.97916666666666674e+00	-1.97916666666666674e+00	0	0	0
3.03000253771137096e-01	89	Psi	1.99999999999983569e+00	3.60843918243516498e-02	1.47206061764906165e-01	3	3	58	-2.08333333333333703e-02	2.08333333333333287e-02	-2.08333333333333703e-02	15	0	15
3.03000253771137096e-01	89	Q	2.80967775617651655e-11	3.60843918243516498e-02	1.47206061764906165e-01	3	3	58	-2.08333333333333703e-02	2.08333333333333287e-02	-2.08333333333333703e-02	15	0	15
3.03000253771137096e-01	89	Delta	1.41858739057567403e-11	3.60843918243516498e-02	1.47206061764906165e-01	3	3	58	-2.08333333333333703e-02	2.08333333333333287e-02	-2.08333333333333703e-02	15	0	15
3.03000253771137096e-01	89	Pi	2.80354749935385202e-11	3.60843918243516498e-02	1.47206061764906165e-01	3	3	58	-2.08333333333333703e-02	2.08333333333333287e-02	-2.08333333333333703e-02	15	0	15
3.03000253771137096e-01	89	Phi	7.92964732190094190e-13	3.60843918243516498e-02	1.47206061764906165e-01	3	3	58	-2.08333333333333703e-02	2.08333333333333287e-02	-2.08333333333333703e-02	15	0	15
3.03000253771137096e-01	89	GH_constraint	1.34224118488712864e-11	3.60843918243516498e-02	1.47206061764906165e-01	3	3	58	-2.08333333333333703e-02	2.08333333333333287e-02	-2.08333333333333703e-02	15	0	15
3.03000253771137096e-01	89	reduction_constraint	4.01285422333553956e-12	3.42801722331340297e+00	1.39845758676660701e+01	3	11	215	1.97916666666666652e+00	1.97916666666666652e+00	1.97916666666666652e+00	15	15	15
3.03000253771137096e-01	89	curl_constraint	1.26457943920540946e-13	1.48779758927976014e-01	6.06946141387904592e-01	3	3	63	1.45833333333333315e-01	2.08333333333333287e-02	2.08333333333333287e-02	3	0	0
3.03000253771137096e-01	89	source_curvature	6.09399637179513703e-10	3.60843918243516013e-02	1.47206061764905971e-01	3	3	63	2.08333333333333287e-02	2.08333333333333287e-02	2.08333333333333287e-02	0	0	0
3.03000253771137096e-01	89	source_QQ	1.56299317992114520e-21	3.60843918243516498e-02	1.47206061764906165e-01	3	3	58	-2.08333333333333703e-02	2.08333333333333287e-02	-2.08333333333333703e-02	15	0	15
3.03000253771137096e-01	89	source_DeltaDelta	3.97952318748450700e-22	3.60843918243516498e-02	1.47206061764906165e-01	3	3	58	-2.08333333333333703e-02	2.08333333333333287e-02	-2.08333333333333703e-02	15	0	15
3.03000253771137096e-01	89	source_damping	0.00000000000000000e+00	3.42801722331340297e+00	1.39845758676660701e+01	3	0	0	-1.97916666666666674e+00	-1.97916666666666674e+00	-1.97916666666666674e+00	0	0	0
3.03000253771137096e-01	89	source_frame_correction	6.55174562479261811e-11	3.60843918243516498e-02	1.47206061764906165e-01	3	3	58	-2.08333333333333703e-02	2.08333333333333287e-02	-2.08333333333333703e-02	15	0	15
3.03000253771137096e-01	89	Psi_RHS_Linf	7.58958411174231398e-14	3.38007591548539654e+00	1.37889995876064653e+01	3	10	181	1.93750000000000000e+00	-1.93750000000000000e+00	1.97916666666666652e+00	14	1	15
3.03000253771137096e-01	89	Pi_RHS_Linf	9.77562913525026414e-13	1.48779758927976041e-01	6.06946141387904703e-01	3	3	57	1.45833333333333315e-01	-2.08333333333333703e-02	-2.08333333333333703e-02	3	15	15
3.03000253771137096e-01	89	Phi_RHS_Linf	3.92585508742597429e-13	3.23842758054652879e+00	1.32111460479540277e+01	3	3	65	1.97916666666666652e+00	-1.81250000000000000e+00	-1.81250000000000000e+00	15	4	4
3.03000253771137096e-01	89	Hhat_RHS_Linf	0.00000000000000000e+00	3.42801722331340297e+00	1.39845758676660701e+01	3	0	0	-1.97916666666666674e+00	-1.97916666666666674e+00	-1.97916666666666674e+00	0	0	0
3.03000253771137096e-01	89	theta_RHS_Linf	0.00000000000000000e+00	3.42801722331340297e+00	1.39845758676660701e+01	3	0	0	-1.97916666666666674e+00	-1.97916666666666674e+00	-1.97916666666666674e+00	0	0	0
3.03000253771137096e-01	89	Upsilon_RHS_Linf	0.00000000000000000e+00	3.42801722331340297e+00	1.39845758676660701e+01	3	0	0	-1.97916666666666674e+00	-1.97916666666666674e+00	-1.97916666666666674e+00	0	0	0
3.03000253771137096e-01	89	chi_beta	3.88264775877830957e+01	3.60843918243516776e-02	1.47206061764906276e-01	3	3	56	-2.08333333333333703e-02	-2.08333333333333703e-02	-2.08333333333333703e-02	15	15	15
3.03000253771137096e-01	89	chi_beta_near_r_lt_1	3.88264775877830957e+01	3.60843918243516776e-02	1.47206061764906276e-01	3	3	56	-2.08333333333333703e-02	-2.08333333333333703e-02	-2.08333333333333703e-02	15	15	15
3.03000253771137096e-01	89	chi_beta_inner_r_lt_0p5	3.88264775877830957e+01	3.60843918243516776e-02	1.47206061764906276e-01	3	3	56	-2.08333333333333703e-02	-2.08333333333333703e-02	-2.08333333333333703e-02	15	15	15
3.03000253771137096e-01	89	chi_beta_annulus_0p5_1	1.91125488339994742e+00	5.01300392313165144e-01	2.04505196797644473e+00	3	3	60	-1.04166666666666630e-01	-1.04166666666666630e-01	4.79166666666666574e-01	13	13	11
3.03000253771137096e-01	89	chi_beta_annulus_1_1p5	7.77645210784213670e-01	1.00065082987690235e+00	4.08214910715377055e+00	3	2	49	-7.29166666666666741e-01	-2.29166666666666685e-01	-6.45833333333333370e-01	14	10	0
3.03000253771137096e-01	89	chi_beta_annulus_1p5_2	4.38254956725824429e-01	1.50043396500256976e+00	6.12101143346067467e+00	3	4	86	9.79166666666666630e-01	-1.10416666666666674e+00	2.70833333333333259e-01	7	5	6
3.03000253771137096e-01	89	chi_beta_outer_r_ge_2	2.84571871002505139e-01	2.00032549434669127e+00	8.16031595333687498e+00	3	0	12	-2.70833333333333370e-01	-1.52083333333333348e+00	-1.27083333333333348e+00	9	11	1
3.03000253771137096e-01	89	chi_beta_first_ge_1	1.00000000000000000e+00	3.60843918243516776e-02	1.47206061764906276e-01	3	3	56	-2.08333333333333703e-02	-2.08333333333333703e-02	-2.08333333333333703e-02	15	15	15
3.50663215038506670e-01	103	reference_Ricci	0.00000000000000000e+00	3.42801722331340297e+00	1.44360753454980291e+01	3	0	0	-1.97916666666666674e+00	-1.97916666666666674e+00	-1.97916666666666674e+00	0	0	0
3.50663215038506670e-01	103	reference_Riemann	0.00000000000000000e+00	3.42801722331340297e+00	1.44360753454980291e+01	3	0	0	-1.97916666666666674e+00	-1.97916666666666674e+00	-1.97916666666666674e+00	0	0	0
3.50663215038506670e-01	103	spin_connection	0.00000000000000000e+00	3.42801722331340297e+00	1.44360753454980291e+01	3	0	0	-1.97916666666666674e+00	-1.97916666666666674e+00	-1.97916666666666674e+00	0	0	0
3.50663215038506670e-01	103	spin_derivative	0.00000000000000000e+00	3.42801722331340297e+00	1.44360753454980291e+01	3	0	0	-1.97916666666666674e+00	-1.97916666666666674e+00	-1.97916666666666674e+00	0	0	0
3.50663215038506670e-01	103	Psi	1.99999999999979106e+00	3.60843918243516498e-02	1.51958687847347840e-01	3	3	58	-2.08333333333333703e-02	2.08333333333333287e-02	-2.08333333333333703e-02	15	0	15
3.50663215038506670e-01	103	Q	2.74904719126622235e-11	3.60843918243516498e-02	1.51958687847347840e-01	3	3	58	-2.08333333333333703e-02	2.08333333333333287e-02	-2.08333333333333703e-02	15	0	15
3.50663215038506670e-01	103	Delta	1.39179844415109008e-11	3.60843918243516498e-02	1.51958687847347840e-01	3	3	58	-2.08333333333333703e-02	2.08333333333333287e-02	-2.08333333333333703e-02	15	0	15
3.50663215038506670e-01	103	Pi	2.74145860491667431e-11	3.60843918243516498e-02	1.51958687847347840e-01	3	3	58	-2.08333333333333703e-02	2.08333333333333287e-02	-2.08333333333333703e-02	15	0	15
3.50663215038506670e-01	103	Phi	7.80858044744814184e-13	3.60843918243516498e-02	1.51958687847347840e-01	3	3	58	-2.08333333333333703e-02	2.08333333333333287e-02	-2.08333333333333703e-02	15	0	15
3.50663215038506670e-01	103	GH_constraint	1.30492468644080235e-11	3.60843918243516498e-02	1.51958687847347840e-01	3	3	58	-2.08333333333333703e-02	2.08333333333333287e-02	-2.08333333333333703e-02	15	0	15
3.50663215038506670e-01	103	reduction_constraint	4.50325378300847590e-12	3.42801722331340297e+00	1.44360753454980291e+01	3	11	215	1.97916666666666652e+00	1.97916666666666652e+00	1.97916666666666652e+00	15	15	15
3.50663215038506670e-01	103	curl_constraint	1.24810926509311570e-13	1.48779758927976014e-01	6.26541720724877127e-01	3	3	63	1.45833333333333315e-01	2.08333333333333287e-02	2.08333333333333287e-02	3	0	0
3.50663215038506670e-01	103	source_curvature	6.09398004555378416e-10	3.60843918243516013e-02	1.51958687847347645e-01	3	3	63	2.08333333333333287e-02	2.08333333333333287e-02	2.08333333333333287e-02	0	0	0
3.50663215038506670e-01	103	source_QQ	1.49148922181060344e-21	3.60843918243516498e-02	1.51958687847347840e-01	3	3	58	-2.08333333333333703e-02	2.08333333333333287e-02	-2.08333333333333703e-02	15	0	15
3.50663215038506670e-01	103	source_DeltaDelta	3.81922141681300034e-22	3.60843918243516498e-02	1.51958687847347840e-01	3	3	58	-2.08333333333333703e-02	2.08333333333333287e-02	-2.08333333333333703e-02	15	0	15
3.50663215038506670e-01	103	source_damping	0.00000000000000000e+00	3.42801722331340297e+00	1.44360753454980291e+01	3	0	0	-1.97916666666666674e+00	-1.97916666666666674e+00	-1.97916666666666674e+00	0	0	0
3.50663215038506670e-01	103	source_frame_correction	6.41307173023176822e-11	3.60843918243516498e-02	1.51958687847347840e-01	3	3	58	-2.08333333333333703e-02	2.08333333333333287e-02	-2.08333333333333703e-02	15	0	15
3.50663215038506670e-01	103	Psi_RHS_Linf	8.71450848366067822e-14	3.38007591548539654e+00	1.42341847811041102e+01	3	10	181	1.93750000000000000e+00	-1.93750000000000000e+00	1.97916666666666652e+00	14	1	15
3.50663215038506670e-01	103	Pi_RHS_Linf	1.11863440359122863e-12	1.48779758927976041e-01	6.26541720724877238e-01	3	3	57	1.45833333333333315e-01	-2.08333333333333703e-02	-2.08333333333333703e-02	3	15	15
3.50663215038506670e-01	103	Phi_RHS_Linf	4.18664265269806397e-13	3.14155337992033656e+00	1.32297180381721020e+01	3	0	0	-1.89583333333333326e+00	-1.72916666666666674e+00	-1.81250000000000000e+00	2	6	4
3.50663215038506670e-01	103	Hhat_RHS_Linf	0.00000000000000000e+00	3.42801722331340297e+00	1.44360753454980291e+01	3	0	0	-1.97916666666666674e+00	-1.97916666666666674e+00	-1.97916666666666674e+00	0	0	0
3.50663215038506670e-01	103	theta_RHS_Linf	0.00000000000000000e+00	3.42801722331340297e+00	1.44360753454980291e+01	3	0	0	-1.97916666666666674e+00	-1.97916666666666674e+00	-1.97916666666666674e+00	0	0	0
3.50663215038506670e-01	103	Upsilon_RHS_Linf	0.00000000000000000e+00	3.42801722331340297e+00	1.44360753454980291e+01	3	0	0	-1.97916666666666674e+00	-1.97916666666666674e+00	-1.97916666666666674e+00	0	0	0
3.50663215038506670e-01	103	chi_beta	3.88264775877907482e+01	3.60843918243516776e-02	1.51958687847347951e-01	3	3	56	-2.08333333333333703e-02	-2.08333333333333703e-02	-2.08333333333333703e-02	15	15	15
3.50663215038506670e-01	103	chi_beta_near_r_lt_1	3.88264775877907482e+01	3.60843918243516776e-02	1.51958687847347951e-01	3	3	56	-2.08333333333333703e-02	-2.08333333333333703e-02	-2.08333333333333703e-02	15	15	15
3.50663215038506670e-01	103	chi_beta_inner_r_lt_0p5	3.88264775877907482e+01	3.60843918243516776e-02	1.51958687847347951e-01	3	3	56	-2.08333333333333703e-02	-2.08333333333333703e-02	-2.08333333333333703e-02	15	15	15
3.50663215038506670e-01	103	chi_beta_annulus_0p5_1	1.91125488339994742e+00	5.01300392313165144e-01	2.11107755962956389e+00	3	3	60	-1.04166666666666630e-01	-1.04166666666666630e-01	4.79166666666666574e-01	13	13	11
3.50663215038506670e-01	103	chi_beta_annulus_1_1p5	7.77645210784213559e-01	1.00065082987690235e+00	4.21394346457676150e+00	3	2	42	-6.45833333333333370e-01	-7.29166666666666741e-01	-2.29166666666666685e-01	0	14	10
3.50663215038506670e-01	103	chi_beta_annulus_1p5_2	4.38254956725824540e-01	1.50043396500256976e+00	6.31863154665987281e+00	3	4	86	9.79166666666666630e-01	-1.10416666666666674e+00	2.70833333333333259e-01	7	5	6
3.50663215038506670e-01	103	chi_beta_outer_r_ge_2	2.84571871002505083e-01	2.00032549434669127e+00	8.42377609876710665e+00	3	0	12	-2.70833333333333370e-01	-1.52083333333333348e+00	-1.27083333333333348e+00	9	11	1
3.50663215038506670e-01	103	chi_beta_first_ge_1	1.00000000000000000e+00	3.60843918243516776e-02	1.51958687847347951e-01	3	3	56	-2.08333333333333703e-02	-2.08333333333333703e-02	-2.08333333333333703e-02	15	15	15
4.01730673539259786e-01	118	reference_Ricci	0.00000000000000000e+00	3.42801722331340297e+00	1.49360130262796460e+01	3	0	0	-1.97916666666666674e+00	-1.97916666666666674e+00	-1.97916666666666674e+00	0	0	0
4.01730673539259786e-01	118	reference_Riemann	0.00000000000000000e+00	3.42801722331340297e+00	1.49360130262796460e+01	3	0	0	-1.97916666666666674e+00	-1.97916666666666674e+00	-1.97916666666666674e+00	0	0	0
4.01730673539259786e-01	118	spin_connection	0.00000000000000000e+00	3.42801722331340297e+00	1.49360130262796460e+01	3	0	0	-1.97916666666666674e+00	-1.97916666666666674e+00	-1.97916666666666674e+00	0	0	0
4.01730673539259786e-01	118	spin_derivative	0.00000000000000000e+00	3.42801722331340297e+00	1.49360130262796460e+01	3	0	0	-1.97916666666666674e+00	-1.97916666666666674e+00	-1.97916666666666674e+00	0	0	0
4.01730673539259786e-01	118	Psi	1.99999999999974398e+00	3.60843918243516498e-02	1.57221189750312240e-01	3	3	58	-2.08333333333333703e-02	2.08333333333333287e-02	-2.08333333333333703e-02	15	0	15
4.01730673539259786e-01	118	Q	2.68460619052896111e-11	3.60843918243516498e-02	1.57221189750312240e-01	3	3	58	-2.08333333333333703e-02	2.08333333333333287e-02	-2.08333333333333703e-02	15	0	15
4.01730673539259786e-01	118	Delta	1.36378405186166285e-11	3.60843918243516498e-02	1.57221189750312240e-01	3	3	58	-2.08333333333333703e-02	2.08333333333333287e-02	-2.08333333333333703e-02	15	0	15
4.01730673539259786e-01	118	Pi	2.67519551791510281e-11	3.60843918243516498e-02	1.57221189750312240e-01	3	3	58	-2.08333333333333703e-02	2.08333333333333287e-02	-2.08333333333333703e-02	15	0	15
4.01730673539259786e-01	118	Phi	7.68652250012713608e-13	3.60843918243516498e-02	1.57221189750312240e-01	3	3	58	-2.08333333333333703e-02	2.08333333333333287e-02	-2.08333333333333703e-02	15	0	15
4.01730673539259786e-01	118	GH_constraint	1.26570038557745387e-11	3.60843918243516498e-02	1.57221189750312240e-01	3	3	58	-2.08333333333333703e-02	2.08333333333333287e-02	-2.08333333333333703e-02	15	0	15
4.01730673539259786e-01	118	reduction_constraint	5.02363558332235468e-12	3.42801722331340297e+00	1.49360130262796460e+01	3	0	0	-1.97916666666666674e+00	-1.97916666666666674e+00	-1.97916666666666674e+00	0	0	0
4.01730673539259786e-01	118	curl_constraint	1.30611365367069865e-13	1.48779758927976097e-01	6.48239571925813607e-01	3	3	56	-2.08333333333333703e-02	-1.45833333333333370e-01	-2.08333333333333703e-02	15	12	15
4.01730673539259786e-01	118	source_curvature	6.09395208987484037e-10	3.60843918243516013e-02	1.57221189750312018e-01	3	3	63	2.08333333333333287e-02	2.08333333333333287e-02	2.08333333333333287e-02	0	0	0
4.01730673539259786e-01	118	source_QQ	1.41662920619328966e-21	3.60843918243516498e-02	1.57221189750312240e-01	3	3	58	-2.08333333333333703e-02	2.08333333333333287e-02	-2.08333333333333703e-02	15	0	15
4.01730673539259786e-01	118	source_DeltaDelta	3.65323407149890637e-22	3.60843918243516498e-02	1.57221189750312240e-01	3	3	58	-2.08333333333333703e-02	2.08333333333333287e-02	-2.08333333333333703e-02	15	0	15
4.01730673539259786e-01	118	source_damping	0.00000000000000000e+00	3.42801722331340297e+00	1.49360130262796460e+01	3	0	0	-1.97916666666666674e+00	-1.97916666666666674e+00	-1.97916666666666674e+00	0	0	0
4.01730673539259786e-01	118	source_frame_correction	6.26622578266667887e-11	3.60843918243516498e-02	1.57221189750312240e-01	3	3	58	-2.08333333333333703e-02	2.08333333333333287e-02	-2.08333333333333703e-02	15	0	15
4.01730673539259786e-01	118	Psi_RHS_Linf	1.05551534582617151e-13	3.26033346539208413e+00	1.42054079477591966e+01	3	0	0	-1.85416666666666674e+00	-1.93750000000000000e+00	-1.85416666666666674e+00	3	1	3
4.01730673539259786e-01	118	Pi_RHS_Linf	1.26042251491260194e-12	1.48779758927976041e-01	6.48239571925813274e-01	3	3	57	1.45833333333333315e-01	-2.08333333333333703e-02	-2.08333333333333703e-02	3	15	15
4.01730673539259786e-01	118	Phi_RHS_Linf	4.00575223970385528e-13	3.09422344862164067e+00	1.34816597246155556e+01	3	10	181	1.72916666666666674e+00	-1.72916666666666674e+00	1.89583333333333348e+00	9	6	13
4.01730673539259786e-01	118	Hhat_RHS_Linf	0.00000000000000000e+00	3.42801722331340297e+00	1.49360130262796460e+01	3	0	0	-1.97916666666666674e+00	-1.97916666666666674e+00	-1.97916666666666674e+00	0	0	0
4.01730673539259786e-01	118	theta_RHS_Linf	0.00000000000000000e+00	3.42801722331340297e+00	1.49360130262796460e+01	3	0	0	-1.97916666666666674e+00	-1.97916666666666674e+00	-1.97916666666666674e+00	0	0	0
4.01730673539259786e-01	118	Upsilon_RHS_Linf	0.00000000000000000e+00	3.42801722331340297e+00	1.49360130262796460e+01	3	0	0	-1.97916666666666674e+00	-1.97916666666666674e+00	-1.97916666666666674e+00	0	0	0
4.01730673539259786e-01	118	chi_beta	3.88264775877833515e+01	3.60843918243516776e-02	1.57221189750312351e-01	3	3	56	-2.08333333333333703e-02	-2.08333333333333703e-02	-2.08333333333333703e-02	15	15	15
4.01730673539259786e-01	118	chi_beta_near_r_lt_1	3.88264775877833515e+01	3.60843918243516776e-02	1.57221189750312351e-01	3	3	56	-2.08333333333333703e-02	-2.08333333333333703e-02	-2.08333333333333703e-02	15	15	15
4.01730673539259786e-01	118	chi_beta_inner_r_lt_0p5	3.88264775877833515e+01	3.60843918243516776e-02	1.57221189750312351e-01	3	3	56	-2.08333333333333703e-02	-2.08333333333333703e-02	-2.08333333333333703e-02	15	15	15
4.01730673539259786e-01	118	chi_beta_annulus_0p5_1	1.91125488339994720e+00	5.01300392313165144e-01	2.18418657256086979e+00	3	3	60	-1.04166666666666630e-01	-1.04166666666666630e-01	4.79166666666666574e-01	13	13	11
4.01730673539259786e-01	118	chi_beta_annulus_1_1p5	7.77645210784213670e-01	1.00065082987690235e+00	4.35987711151372803e+00	3	3	60	-6.04166666666666741e-01	-5.20833333333333370e-01	6.04166666666666519e-01	1	3	14
4.01730673539259786e-01	118	chi_beta_annulus_1p5_2	4.38254956725824651e-01	1.50043396500256976e+00	6.53745293166572328e+00	3	4	86	9.79166666666666630e-01	-1.10416666666666674e+00	2.70833333333333259e-01	7	5	6
4.01730673539259786e-01	118	chi_beta_outer_r_ge_2	2.84571871002505139e-01	2.00032549434669127e+00	8.71550102991708009e+00	3	0	10	-2.70833333333333370e-01	-1.27083333333333348e+00	-1.52083333333333348e+00	9	1	11
4.01730673539259786e-01	118	chi_beta_first_ge_1	1.00000000000000000e+00	3.60843918243516776e-02	1.57221189750312351e-01	3	3	56	-2.08333333333333703e-02	-2.08333333333333703e-02	-2.08333333333333703e-02	15	15	15
4.52798132040012902e-01	133	reference_Ricci	0.00000000000000000e+00	3.42801722331340297e+00	1.54532641166053093e+01	3	0	0	-1.97916666666666674e+00	-1.97916666666666674e+00	-1.97916666666666674e+00	0	0	0
4.52798132040012902e-01	133	reference_Riemann	0.00000000000000000e+00	3.42801722331340297e+00	1.54532641166053093e+01	3	0	0	-1.97916666666666674e+00	-1.97916666666666674e+00	-1.97916666666666674e+00	0	0	0
4.52798132040012902e-01	133	spin_connection	0.00000000000000000e+00	3.42801722331340297e+00	1.54532641166053093e+01	3	0	0	-1.97916666666666674e+00	-1.97916666666666674e+00	-1.97916666666666674e+00	0	0	0
4.52798132040012902e-01	133	spin_derivative	0.00000000000000000e+00	3.42801722331340297e+00	1.54532641166053093e+01	3	0	0	-1.97916666666666674e+00	-1.97916666666666674e+00	-1.97916666666666674e+00	0	0	0
4.52798132040012902e-01	133	Psi	1.99999999999969846e+00	3.60843918243516498e-02	1.62665938069529753e-01	3	3	58	-2.08333333333333703e-02	2.08333333333333287e-02	-2.08333333333333703e-02	15	0	15
4.52798132040012902e-01	133	Q	2.62083213603803682e-11	3.60843918243516498e-02	1.62665938069529753e-01	3	3	58	-2.08333333333333703e-02	2.08333333333333287e-02	-2.08333333333333703e-02	15	0	15
4.52798132040012902e-01	133	Delta	1.33652684439980812e-11	3.60843918243516498e-02	1.62665938069529753e-01	3	3	58	-2.08333333333333703e-02	2.08333333333333287e-02	-2.08333333333333703e-02	15	0	15
4.52798132040012902e-01	133	Pi	2.60931988418977438e-11	3.60843918243516498e-02	1.62665938069529753e-01	3	3	58	-2.08333333333333703e-02	2.08333333333333287e-02	-2.08333333333333703e-02	15	0	15
4.52798132040012902e-01	133	Phi	7.57130200615250255e-13	3.60843918243516498e-02	1.62665938069529753e-01	3	3	58	-2.08333333333333703e-02	2.08333333333333287e-02	-2.08333333333333703e-02	15	0	15
4.52798132040012902e-01	133	GH_constraint	1.22739783805178230e-11	3.60843918243516498e-02	1.62665938069529753e-01	3	3	58	-2.08333333333333703e-02	2.08333333333333287e-02	-2.08333333333333703e-02	15	0	15
4.52798132040012902e-01	133	reduction_constraint	5.55166544251518081e-12	3.42801722331340297e+00	1.54532641166053093e+01	3	7	131	1.97916666666666652e+00	1.97916666666666652e+00	-1.97916666666666674e+00	15	15	0
4.52798132040012902e-01	133	curl_constraint	1.39310505376911044e-13	1.48779758927976097e-01	6.70688844350851632e-01	3	3	56	-2.08333333333333703e-02	-1.45833333333333370e-01	-2.08333333333333703e-02	15	12	15
4.52798132040012902e-01	133	source_curvature	6.09391879572655956e-10	3.60843918243516013e-02	1.62665938069529531e-01	3	3	63	2.08333333333333287e-02	2.08333333333333287e-02	2.08333333333333287e-02	0	0	0
4.52798132040012902e-01	133	source_QQ	1.34372346439741052e-21	3.60843918243516498e-02	1.62665938069529753e-01	3	3	58	-2.08333333333333703e-02	2.08333333333333287e-02	-2.08333333333333703e-02	15	0	15
4.52798132040012902e-01	133	source_DeltaDelta	3.49335323991624061e-22	3.60843918243516498e-02	1.62665938069529753e-01	3	3	58	-2.08333333333333703e-02	2.08333333333333287e-02	-2.08333333333333703e-02	15	0	15
4.52798132040012902e-01	133	source_damping	0.00000000000000000e+00	3.42801722331340297e+00	1.54532641166053093e+01	3	0	0	-1.97916666666666674e+00	-1.97916666666666674e+00	-1.97916666666666674e+00	0	0	0
4.52798132040012902e-01	133	source_frame_correction	6.12142741790800141e-11	3.60843918243516498e-02	1.62665938069529753e-01	3	3	58	-2.08333333333333703e-02	2.08333333333333287e-02	-2.08333333333333703e-02	15	0	15
4.52798132040012902e-01	133	Psi_RHS_Linf	1.24750942602389377e-13	3.21151087236729360e+00	1.44772684881881339e+01	3	3	65	1.85416666666666674e+00	-1.85416666666666674e+00	-1.85416666666666674e+00	12	3	3
4.52798132040012902e-01	133	Pi_RHS_Linf	1.39168661495975036e-12	1.48779758927976041e-01	6.70688844350851410e-01	3	3	57	1.45833333333333315e-01	-2.08333333333333703e-02	-2.08333333333333703e-02	3	15	15
4.52798132040012902e-01	133	Phi_RHS_Linf	4.17707968956217715e-13	3.09197830864175227e+00	1.39384239732821271e+01	3	3	65	1.72916666666666674e+00	-1.81250000000000000e+00	-1.81250000000000000e+00	9	4	4
4.52798132040012902e-01	133	Hhat_RHS_Linf	0.00000000000000000e+00	3.42801722331340297e+00	1.54532641166053093e+01	3	0	0	-1.97916666666666674e+00	-1.97916666666666674e+00	-1.97916666666666674e+00	0	0	0
4.52798132040012902e-01	133	theta_RHS_Linf	0.00000000000000000e+00	3.42801722331340297e+00	1.54532641166053093e+01	3	0	0	-1.97916666666666674e+00	-1.97916666666666674e+00	-1.97916666666666674e+00	0	0	0
4.52798132040012902e-01	133	Upsilon_RHS_Linf	0.00000000000000000e+00	3.42801722331340297e+00	1.54532641166053093e+01	3	0	0	-1.97916666666666674e+00	-1.97916666666666674e+00	-1.97916666666666674e+00	0	0	0
4.52798132040012902e-01	133	chi_beta	3.88264775877887587e+01	3.60843918243516776e-02	1.62665938069529892e-01	3	3	56	-2.08333333333333703e-02	-2.08333333333333703e-02	-2.08333333333333703e-02	15	15	15
4.52798132040012902e-01	133	chi_beta_near_r_lt_1	3.88264775877887587e+01	3.60843918243516776e-02	1.62665938069529892e-01	3	3	56	-2.08333333333333703e-02	-2.08333333333333703e-02	-2.08333333333333703e-02	15	15	15
4.52798132040012902e-01	133	chi_beta_inner_r_lt_0p5	3.88264775877887587e+01	3.60843918243516776e-02	1.62665938069529892e-01	3	3	56	-2.08333333333333703e-02	-2.08333333333333703e-02	-2.08333333333333703e-02	15	15	15
4.52798132040012902e-01	133	chi_beta_annulus_0p5_1	1.91125488339994676e+00	5.01300392313165033e-01	2.25982743362224969e+00	3	3	63	3.54166666666666574e-01	2.29166666666666630e-01	2.70833333333333259e-01	8	5	6
4.52798132040012902e-01	133	chi_beta_annulus_1_1p5	7.77645210784213781e-01	1.00065082987690235e+00	4.51086460634574848e+00	3	2	51	-7.29166666666666741e-01	6.45833333333333148e-01	-2.29166666666666685e-01	14	15	10
4.52798132040012902e-01	133	chi_beta_annulus_1p5_2	4.38254956725824540e-01	1.50043396500256976e+00	6.76385234969696825e+00	3	4	86	9.79166666666666630e-01	-1.10416666666666674e+00	2.70833333333333259e-01	7	5	6
4.52798132040012902e-01	133	chi_beta_outer_r_ge_2	2.84571871002505139e-01	2.00032549434669127e+00	9.01732872667438379e+00	3	0	10	-2.70833333333333370e-01	-1.27083333333333348e+00	-1.52083333333333348e+00	9	1	11
4.52798132040012902e-01	133	chi_beta_first_ge_1	1.00000000000000000e+00	3.60843918243516776e-02	1.62665938069529892e-01	3	3	56	-2.08333333333333703e-02	-2.08333333333333703e-02	-2.08333333333333703e-02	15	15	15
5.00461093307382532e-01	147	reference_Ricci	0.00000000000000000e+00	3.42801722331340297e+00	1.59521809765423050e+01	3	0	0	-1.97916666666666674e+00	-1.97916666666666674e+00	-1.97916666666666674e+00	0	0	0
5.00461093307382532e-01	147	reference_Riemann	0.00000000000000000e+00	3.42801722331340297e+00	1.59521809765423050e+01	3	0	0	-1.97916666666666674e+00	-1.97916666666666674e+00	-1.97916666666666674e+00	0	0	0
5.00461093307382532e-01	147	spin_connection	0.00000000000000000e+00	3.42801722331340297e+00	1.59521809765423050e+01	3	0	0	-1.97916666666666674e+00	-1.97916666666666674e+00	-1.97916666666666674e+00	0	0	0
5.00461093307382532e-01	147	spin_derivative	0.00000000000000000e+00	3.42801722331340297e+00	1.59521809765423050e+01	3	0	0	-1.97916666666666674e+00	-1.97916666666666674e+00	-1.97916666666666674e+00	0	0	0
5.00461093307382532e-01	147	Psi	1.99999999999965583e+00	3.60843918243516498e-02	1.67917694489919167e-01	3	3	58	-2.08333333333333703e-02	2.08333333333333287e-02	-2.08333333333333703e-02	15	0	15
5.00461093307382532e-01	147	Q	2.56201026433630394e-11	3.60843918243516498e-02	1.67917694489919167e-01	3	3	58	-2.08333333333333703e-02	2.08333333333333287e-02	-2.08333333333333703e-02	15	0	15
5.00461093307382532e-01	147	Delta	1.31180597426096245e-11	3.60843918243516498e-02	1.67917694489919167e-01	3	3	58	-2.08333333333333703e-02	2.08333333333333287e-02	-2.08333333333333703e-02	15	0	15
5.00461093307382532e-01	147	Pi	2.54829018114833286e-11	3.60843918243516498e-02	1.67917694489919167e-01	3	3	58	-2.08333333333333703e-02	2.08333333333333287e-02	-2.08333333333333703e-02	15	0	15
5.00461093307382532e-01	147	Phi	7.46897686353580840e-13	3.60843918243516498e-02	1.67917694489919167e-01	3	3	58	-2.08333333333333703e-02	2.08333333333333287e-02	-2.08333333333333703e-02	15	0	15
5.00461093307382532e-01	147	GH_constraint	1.19250578378948980e-11	3.60843918243516498e-02	1.67917694489919167e-01	3	3	58	-2.08333333333333703e-02	2.08333333333333287e-02	-2.08333333333333703e-02	15	0	15
5.00461093307382532e-01	147	reduction_constraint	5.98238638032487770e-12	3.42801722331340297e+00	1.59521809765423050e+01	3	7	131	1.97916666666666652e+00	1.97916666666666652e+00	-1.97916666666666674e+00	15	15	0
5.00461093307382532e-01	147	curl_constraint	1.49182301879993005e-13	1.48779758927976097e-01	6.92342390792132889e-01	3	3	56	-2.08333333333333703e-02	-1.45833333333333370e-01	-2.08333333333333703e-02	15	12	15
5.00461093307382532e-01	147	source_curvature	6.09388255241817550e-10	3.60843918243516013e-02	1.67917694489918945e-01	3	3	63	2.08333333333333287e-02	2.08333333333333287e-02	2.08333333333333287e-02	0	0	0
5.00461093307382532e-01	147	source_QQ	1.27755854850321371e-21	3.60843918243516498e-02	1.67917694489919167e-01	3	3	58	-2.08333333333333703e-02	2.08333333333333287e-02	-2.08333333333333703e-02	15	0	15
5.00461093307382532e-01	147	source_DeltaDelta	3.34970589487130003e-22	3.60843918243516498e-02	1.67917694489919167e-01	3	3	58	-2.08333333333333703e-02	2.08333333333333287e-02	-2.08333333333333703e-02	15	0	15
5.00461093307382532e-01	147	source_damping	0.00000000000000000e+00	3.42801722331340297e+00	1.59521809765423050e+01	3	0	0	-1.97916666666666674e+00	-1.97916666666666674e+00	-1.97916666666666674e+00	0	0	0
5.00461093307382532e-01	147	source_frame_correction	5.98825325485737798e-11	3.60843918243516498e-02	1.67917694489919167e-01	3	3	58	-2.08333333333333703e-02	2.08333333333333287e-02	-2.08333333333333703e-02	15	0	15
5.00461093307382532e-01	147	Psi_RHS_Linf	1.38897328525529689e-13	3.21151087236729360e+00	1.49446748096027910e+01	3	3	65	1.85416666666666674e+00	-1.85416666666666674e+00	-1.85416666666666674e+00	12	3	3
5.00461093307382532e-01	147	Pi_RHS_Linf	1.50901829666841699e-12	1.48779758927976069e-01	6.92342390792132778e-01	3	3	57	2.08333333333333287e-02	-2.08333333333333703e-02	-1.45833333333333370e-01	0	15	12
5.00461093307382532e-01	147	Phi_RHS_Linf	4.36850600156933837e-13	3.04387762109816462e+00	1.41645982266308348e+01	3	3	65	1.81250000000000000e+00	-1.72916666666666674e+00	-1.72916666666666674e+00	11	6	6
5.00461093307382532e-01	147	Hhat_RHS_Linf	0.00000000000000000e+00	3.42801722331340297e+00	1.59521809765423050e+01	3	0	0	-1.97916666666666674e+00	-1.97916666666666674e+00	-1.97916666666666674e+00	0	0	0
5.00461093307382532e-01	147	theta_RHS_Linf	0.00000000000000000e+00	3.42801722331340297e+00	1.59521809765423050e+01	3	0	0	-1.97916666666666674e+00	-1.97916666666666674e+00	-1.97916666666666674e+00	0	0	0
5.00461093307382532e-01	147	Upsilon_RHS_Linf	0.00000000000000000e+00	3.42801722331340297e+00	1.59521809765423050e+01	3	0	0	-1.97916666666666674e+00	-1.97916666666666674e+00	-1.97916666666666674e+00	0	0	0
5.00461093307382532e-01	147	chi_beta	3.88264775877862007e+01	3.60843918243516776e-02	1.67917694489919306e-01	3	3	56	-2.08333333333333703e-02	-2.08333333333333703e-02	-2.08333333333333703e-02	15	15	15
5.00461093307382532e-01	147	chi_beta_near_r_lt_1	3.88264775877862007e+01	3.60843918243516776e-02	1.67917694489919306e-01	3	3	56	-2.08333333333333703e-02	-2.08333333333333703e-02	-2.08333333333333703e-02	15	15	15
5.00461093307382532e-01	147	chi_beta_inner_r_lt_0p5	3.88264775877862007e+01	3.60843918243516776e-02	1.67917694489919306e-01	3	3	56	-2.08333333333333703e-02	-2.08333333333333703e-02	-2.08333333333333703e-02	15	15	15
5.00461093307382532e-01	147	chi_beta_annulus_0p5_1	1.91125488339994631e+00	5.01300392313165144e-01	2.33278716553874332e+00	3	3	60	-1.04166666666666630e-01	-1.04166666666666630e-01	4.79166666666666574e-01	13	13	11
5.00461093307382532e-01	147	chi_beta_annulus_1_1p5	7.77645210784213781e-01	1.00065082987690235e+00	4.65650027192533500e+00	3	2	42	-6.45833333333333370e-01	-7.29166666666666741e-01	-2.29166666666666685e-01	0	14	10
5.00461093307382532e-01	147	chi_beta_annulus_1p5_2	4.38254956725824540e-01	1.50043396500256976e+00	6.98222692415092450e+00	3	4	86	9.79166666666666630e-01	-1.10416666666666674e+00	2.70833333333333259e-01	7	5	6
5.00461093307382532e-01	147	chi_beta_outer_r_ge_2	2.84571871002505139e-01	2.00032549434669127e+00	9.30845798579949957e+00	3	1	33	-1.10416666666666674e+00	-1.64583333333333348e+00	-2.70833333333333370e-01	5	8	9
5.00461093307382532e-01	147	chi_beta_first_ge_1	1.00000000000000000e+00	3.60843918243516776e-02	1.67917694489919306e-01	3	3	56	-2.08333333333333703e-02	-2.08333333333333703e-02	-2.08333333333333703e-02	15	15	15
5.51528551808135648e-01	162	reference_Ricci	0.00000000000000000e+00	3.42801722331340297e+00	1.65046231168022821e+01	3	0	0	-1.97916666666666674e+00	-1.97916666666666674e+00	-1.97916666666666674e+00	0	0	0
5.51528551808135648e-01	162	reference_Riemann	0.00000000000000000e+00	3.42801722331340297e+00	1.65046231168022821e+01	3	0	0	-1.97916666666666674e+00	-1.97916666666666674e+00	-1.97916666666666674e+00	0	0	0
5.51528551808135648e-01	162	spin_connection	0.00000000000000000e+00	3.42801722331340297e+00	1.65046231168022821e+01	3	0	0	-1.97916666666666674e+00	-1.97916666666666674e+00	-1.97916666666666674e+00	0	0	0
5.51528551808135648e-01	162	spin_derivative	0.00000000000000000e+00	3.42801722331340297e+00	1.65046231168022821e+01	3	0	0	-1.97916666666666674e+00	-1.97916666666666674e+00	-1.97916666666666674e+00	0	0	0
5.51528551808135648e-01	162	Psi	1.99999999999962363e+00	3.38007591548539699e+00	1.62738036179833578e+01	3	0	0	-1.93750000000000000e+00	-1.93750000000000000e+00	-1.97916666666666674e+00	1	1	0
5.51528551808135648e-01	162	Q	2.49983859806656159e-11	3.60843918243516498e-02	1.73732874913708424e-01	3	3	58	-2.08333333333333703e-02	2.08333333333333287e-02	-2.08333333333333703e-02	15	0	15
5.51528551808135648e-01	162	Delta	1.28611537581881964e-11	3.60843918243516498e-02	1.73732874913708424e-01	3	3	58	-2.08333333333333703e-02	2.08333333333333287e-02	-2.08333333333333703e-02	15	0	15
5.51528551808135648e-01	162	Pi	2.48349764833739606e-11	3.60843918243516498e-02	1.73732874913708424e-01	3	3	58	-2.08333333333333703e-02	2.08333333333333287e-02	-2.08333333333333703e-02	15	0	15
5.51528551808135648e-01	162	Phi	7.36393258480110150e-13	3.60843918243516498e-02	1.73732874913708424e-01	3	3	58	-2.08333333333333703e-02	2.08333333333333287e-02	-2.08333333333333703e-02	15	0	15
5.51528551808135648e-01	162	GH_constraint	1.15607107433048695e-11	3.60843918243516498e-02	1.73732874913708424e-01	3	3	58	-2.08333333333333703e-02	2.08333333333333287e-02	-2.08333333333333703e-02	15	0	15
5.51528551808135648e-01	162	reduction_constraint	6.51514880216295924e-12	3.42801722331340297e+00	1.65046231168022821e+01	3	3	65	1.97916666666666652e+00	-1.97916666666666674e+00	-1.97916666666666674e+00	15	0	0
5.51528551808135648e-01	162	curl_constraint	1.61747294521946536e-13	1.48779758927976097e-01	7.16318993911439938e-01	3	3	56	-2.08333333333333703e-02	-1.45833333333333370e-01	-2.08333333333333703e-02	15	12	15
5.51528551808135648e-01	162	source_curvature	6.09385264219909334e-10	3.60843918243516013e-02	1.73732874913708174e-01	3	3	63	2.08333333333333287e-02	2.08333333333333287e-02	2.08333333333333287e-02	0	0	0
5.51528551808135648e-01	162	source_QQ	1.20879044183134527e-21	3.60843918243516498e-02	1.73732874913708424e-01	3	3	58	-2.08333333333333703e-02	2.08333333333333287e-02	-2.08333333333333703e-02	15	0	15
5.51528551808135648e-01	162	source_DeltaDelta	3.20177522944846234e-22	3.60843918243516498e-02	1.73732874913708424e-01	3	3	58	-2.08333333333333703e-02	2.08333333333333287e-02	-2.08333333333333703e-02	15	0	15
5.51528551808135648e-01	162	source_damping	0.00000000000000000e+00	3.42801722331340297e+00	1.65046231168022821e+01	3	0	0	-1.97916666666666674e+00	-1.97916666666666674e+00	-1.97916666666666674e+00	0	0	0
5.51528551808135648e-01	162	source_frame_correction	5.84785738899845572e-11	3.60843918243516498e-02	1.73732874913708424e-01	3	3	58	-2.08333333333333703e-02	2.08333333333333287e-02	-2.08333333333333703e-02	15	0	15
5.51528551808135648e-01	162	Psi_RHS_Linf	1.46290692333470339e-13	3.11602878944766282e+00	1.50025152852732582e+01	3	5	98	-1.77083333333333348e+00	1.85416666666666674e+00	-1.77083333333333348e+00	5	12	5
5.51528551808135648e-01	162	Pi_RHS_Linf	1.65306745383184642e-12	1.48779758927976069e-01	7.16318993911439827e-01	3	3	58	-2.08333333333333703e-02	2.08333333333333287e-02	-1.45833333333333370e-01	15	0	12
5.51528551808135648e-01	162	Phi_RHS_Linf	4.17297809428713422e-13	2.53200006033877401e+00	1.21906349954740350e+01	3	3	71	1.81250000000000000e+00	-1.27083333333333348e+00	-1.22916666666666674e+00	11	1	2
5.51528551808135648e-01	162	Hhat_RHS_Linf	0.00000000000000000e+00	3.42801722331340297e+00	1.65046231168022821e+01	3	0	0	-1.97916666666666674e+00	-1.97916666666666674e+00	-1.97916666666666674e+00	0	0	0
5.51528551808135648e-01	162	theta_RHS_Linf	0.00000000000000000e+00	3.42801722331340297e+00	1.65046231168022821e+01	3	0	0	-1.97916666666666674e+00	-1.97916666666666674e+00	-1.97916666666666674e+00	0	0	0
5.51528551808135648e-01	162	Upsilon_RHS_Linf	0.00000000000000000e+00	3.42801722331340297e+00	1.65046231168022821e+01	3	0	0	-1.97916666666666674e+00	-1.97916666666666674e+00	-1.97916666666666674e+00	0	0	0
5.51528551808135648e-01	162	chi_beta	3.88264775877799266e+01	3.60843918243516776e-02	1.73732874913708535e-01	3	3	56	-2.08333333333333703e-02	-2.08333333333333703e-02	-2.08333333333333703e-02	15	15	15
5.51528551808135648e-01	162	chi_beta_near_r_lt_1	3.88264775877799266e+01	3.60843918243516776e-02	1.73732874913708535e-01	3	3	56	-2.08333333333333703e-02	-2.08333333333333703e-02	-2.08333333333333703e-02	15	15	15
5.51528551808135648e-01	162	chi_beta_inner_r_lt_0p5	3.88264775877799266e+01	3.60843918243516776e-02	1.73732874913708535e-01	3	3	56	-2.08333333333333703e-02	-2.08333333333333703e-02	-2.08333333333333703e-02	15	15	15
5.51528551808135648e-01	162	chi_beta_annulus_0p5_1	1.91125488339994676e+00	5.01300392313165033e-01	2.41357423386477965e+00	3	3	63	2.29166666666666630e-01	3.54166666666666574e-01	2.70833333333333259e-01	5	8	6
5.51528551808135648e-01	162	chi_beta_annulus_1_1p5	7.77645210784213781e-01	1.00065082987690235e+00	4.81776016360575010e+00	3	1	29	6.45833333333333148e-01	-2.29166666666666685e-01	-7.29166666666666741e-01	15	10	14
5.51528551808135648e-01	162	chi_beta_annulus_1p5_2	4.38254956725824707e-01	1.50043396500256976e+00	7.22402937056442163e+00	3	6	117	-1.10416666666666674e+00	9.79166666666666630e-01	2.70833333333333259e-01	5	7	6
5.51528551808135648e-01	162	chi_beta_outer_r_ge_2	2.84571871002505139e-01	2.00032549434669127e+00	9.63082045521712971e+00	3	1	20	-1.77083333333333348e+00	-5.20833333333333370e-01	-7.70833333333333370e-01	5	3	13
5.51528551808135648e-01	162	chi_beta_first_ge_1	1.00000000000000000e+00	3.60843918243516776e-02	1.73732874913708535e-01	3	3	56	-2.08333333333333703e-02	-2.08333333333333703e-02	-2.08333333333333703e-02	15	15	15
6.02596010308888763e-01	177	reference_Ricci	0.00000000000000000e+00	3.42801722331340297e+00	1.70761969556546838e+01	3	0	0	-1.97916666666666674e+00	-1.97916666666666674e+00	-1.97916666666666674e+00	0	0	0
6.02596010308888763e-01	177	reference_Riemann	0.00000000000000000e+00	3.42801722331340297e+00	1.70761969556546838e+01	3	0	0	-1.97916666666666674e+00	-1.97916666666666674e+00	-1.97916666666666674e+00	0	0	0
6.02596010308888763e-01	177	spin_connection	0.00000000000000000e+00	3.42801722331340297e+00	1.70761969556546838e+01	3	0	0	-1.97916666666666674e+00	-1.97916666666666674e+00	-1.97916666666666674e+00	0	0	0
6.02596010308888763e-01	177	spin_derivative	0.00000000000000000e+00	3.42801722331340297e+00	1.70761969556546838e+01	3	0	0	-1.97916666666666674e+00	-1.97916666666666674e+00	-1.97916666666666674e+00	0	0	0
6.02596010308888763e-01	177	Psi	1.99999999999959366e+00	3.40413096676507010e+00	1.69572108494651772e+01	3	0	0	-1.97916666666666674e+00	-1.93750000000000000e+00	-1.97916666666666674e+00	0	1	0
6.02596010308888763e-01	177	Q	2.43862724481682064e-11	3.60843918243516498e-02	1.79749441638470564e-01	3	3	58	-2.08333333333333703e-02	2.08333333333333287e-02	-2.08333333333333703e-02	15	0	15
6.02596010308888763e-01	177	Delta	1.26125942637259755e-11	3.60843918243516498e-02	1.79749441638470564e-01	3	3	58	-2.08333333333333703e-02	2.08333333333333287e-02	-2.08333333333333703e-02	15	0	15
6.02596010308888763e-01	177	Pi	2.41942868866883784e-11	3.60843918243516498e-02	1.79749441638470564e-01	3	3	58	-2.08333333333333703e-02	2.08333333333333287e-02	-2.08333333333333703e-02	15	0	15
6.02596010308888763e-01	177	Phi	7.26266397973740246e-13	3.60843918243516498e-02	1.79749441638470564e-01	3	3	58	-2.08333333333333703e-02	2.08333333333333287e-02	-2.08333333333333703e-02	15	0	15
6.02596010308888763e-01	177	GH_constraint	1.12059050957807091e-11	3.60843918243516498e-02	1.79749441638470564e-01	3	3	58	-2.08333333333333703e-02	2.08333333333333287e-02	-2.08333333333333703e-02	15	0	15
6.02596010308888763e-01	177	reduction_constraint	7.02487166702225486e-12	3.42801722331340297e+00	1.70761969556546838e+01	3	3	65	1.97916666666666652e+00	-1.97916666666666674e+00	-1.97916666666666674e+00	15	0	0
6.02596010308888763e-01	177	curl_constraint	1.87670345340134360e-13	3.28579381158073014e+00	1.63677305646647184e+01	3	0	0	-1.89583333333333326e+00	-1.81250000000000000e+00	-1.97916666666666674e+00	2	4	0
6.02596010308888763e-01	177	source_curvature	6.09381578959804690e-10	3.60843918243516013e-02	1.79749441638470314e-01	3	3	63	2.08333333333333287e-02	2.08333333333333287e-02	2.08333333333333287e-02	0	0	0
6.02596010308888763e-01	177	source_QQ	1.14231056249306242e-21	3.60843918243516498e-02	1.79749441638470564e-01	3	3	58	-2.08333333333333703e-02	2.08333333333333287e-02	-2.08333333333333703e-02	15	0	15
6.02596010308888763e-01	177	source_DeltaDelta	3.05993832037525067e-22	3.60843918243516498e-02	1.79749441638470564e-01	3	3	58	-2.08333333333333703e-02	2.08333333333333287e-02	-2.08333333333333703e-02	15	0	15
6.02596010308888763e-01	177	source_damping	0.00000000000000000e+00	3.42801722331340297e+00	1.70761969556546838e+01	3	0	0	-1.97916666666666674e+00	-1.97916666666666674e+00	-1.97916666666666674e+00	0	0	0
6.02596010308888763e-01	177	source_frame_correction	5.71000278809390722e-11	3.60843918243516498e-02	1.79749441638470564e-01	3	3	58	-2.08333333333333703e-02	2.08333333333333287e-02	-2.08333333333333703e-02	15	0	15
6.02596010308888763e-01	177	Psi_RHS_Linf	1.62245266321277245e-13	3.11602878944766282e+00	1.55220694243384401e+01	3	7	131	1.85416666666666674e+00	1.77083333333333348e+00	-1.77083333333333348e+00	12	10	5
6.02596010308888763e-01	177	Pi_RHS_Linf	1.77956705912253571e-12	1.48779758927976069e-01	7.41125934021210631e-01	3	3	58	-2.08333333333333703e-02	2.08333333333333287e-02	-1.45833333333333370e-01	15	0	12
6.02596010308888763e-01	177	Phi_RHS_Linf	4.33396887973841328e-13	2.99500452142118379e+00	1.49192036559930408e+01	3	8	148	-1.72916666666666674e+00	-1.72916666666666674e+00	1.72916666666666674e+00	6	6	9
6.02596010308888763e-01	177	Hhat_RHS_Linf	0.00000000000000000e+00	3.42801722331340297e+00	1.70761969556546838e+01	3	0	0	-1.97916666666666674e+00	-1.97916666666666674e+00	-1.97916666666666674e+00	0	0	0
6.02596010308888763e-01	177	theta_RHS_Linf	0.00000000000000000e+00	3.42801722331340297e+00	1.70761969556546838e+01	3	0	0	-1.97916666666666674e+00	-1.97916666666666674e+00	-1.97916666666666674e+00	0	0	0
6.02596010308888763e-01	177	Upsilon_RHS_Linf	0.00000000000000000e+00	3.42801722331340297e+00	1.70761969556546838e+01	3	0	0	-1.97916666666666674e+00	-1.97916666666666674e+00	-1.97916666666666674e+00	0	0	0
6.02596010308888763e-01	177	chi_beta	3.88264775877818025e+01	3.60843918243516776e-02	1.79749441638470703e-01	3	3	56	-2.08333333333333703e-02	-2.08333333333333703e-02	-2.08333333333333703e-02	15	15	15
6.02596010308888763e-01	177	chi_beta_near_r_lt_1	3.88264775877818025e+01	3.60843918243516776e-02	1.79749441638470703e-01	3	3	56	-2.08333333333333703e-02	-2.08333333333333703e-02	-2.08333333333333703e-02	15	15	15
6.02596010308888763e-01	177	chi_beta_inner_r_lt_0p5	3.88264775877818025e+01	3.60843918243516776e-02	1.79749441638470703e-01	3	3	56	-2.08333333333333703e-02	-2.08333333333333703e-02	-2.08333333333333703e-02	15	15	15
6.02596010308888763e-01	177	chi_beta_annulus_0p5_1	1.91125488339994631e+00	5.01300392313165033e-01	2.49715905009732531e+00	3	3	59	2.70833333333333259e-01	3.54166666666666574e-01	-2.29166666666666685e-01	6	8	10
6.02596010308888763e-01	177	chi_beta_annulus_1_1p5	7.77645210784213670e-01	1.00065082987690235e+00	4.98460466843900196e+00	3	1	29	6.45833333333333148e-01	-2.29166666666666685e-01	-7.29166666666666741e-01	15	10	14
6.02596010308888763e-01	177	chi_beta_annulus_1p5_2	4.38254956725824374e-01	1.50043396500256998e+00	7.47420571025390501e+00	3	2	39	-8.95833333333333481e-01	-1.10416666666666674e+00	4.79166666666666574e-01	10	5	11
6.02596010308888763e-01	177	chi_beta_outer_r_ge_2	2.84571871002505139e-01	2.00032549434669127e+00	9.96434670297995950e+00	3	0	10	-2.70833333333333370e-01	-1.27083333333333348e+00	-1.52083333333333348e+00	9	1	11
6.02596010308888763e-01	177	chi_beta_first_ge_1	1.00000000000000000e+00	3.60843918243516776e-02	1.79749441638470703e-01	3	3	56	-2.08333333333333703e-02	-2.08333333333333703e-02	-2.08333333333333703e-02	15	15	15
6.50258971576258338e-01	191	reference_Ricci	0.00000000000000000e+00	3.42801722331340297e+00	1.76275110664143746e+01	3	0	0	-1.97916666666666674e+00	-1.97916666666666674e+00	-1.97916666666666674e+00	0	0	0
6.50258971576258338e-01	191	reference_Riemann	0.00000000000000000e+00	3.42801722331340297e+00	1.76275110664143746e+01	3	0	0	-1.97916666666666674e+00	-1.97916666666666674e+00	-1.97916666666666674e+00	0	0	0
6.50258971576258338e-01	191	spin_connection	0.00000000000000000e+00	3.42801722331340297e+00	1.76275110664143746e+01	3	0	0	-1.97916666666666674e+00	-1.97916666666666674e+00	-1.97916666666666674e+00	0	0	0
6.50258971576258338e-01	191	spin_derivative	0.00000000000000000e+00	3.42801722331340297e+00	1.76275110664143746e+01	3	0	0	-1.97916666666666674e+00	-1.97916666666666674e+00	-1.97916666666666674e+00	0	0	0
6.50258971576258338e-01	191	Psi	1.99999999999956835e+00	3.38007591548539699e+00	1.73809878201105761e+01	3	0	0	-1.93750000000000000e+00	-1.93750000000000000e+00	-1.97916666666666674e+00	1	1	0
6.50258971576258338e-01	191	Q	2.38244027064856551e-11	3.60843918243516498e-02	1.85552748067519951e-01	3	3	58	-2.08333333333333703e-02	2.08333333333333287e-02	-2.08333333333333703e-02	15	0	15
6.50258971576258338e-01	191	Delta	1.23883115302966077e-11	3.60843918243516498e-02	1.85552748067519951e-01	3	3	58	-2.08333333333333703e-02	2.08333333333333287e-02	-2.08333333333333703e-02	15	0	15
6.50258971576258338e-01	191	Pi	2.36037878440782353e-11	3.60843918243516498e-02	1.85552748067519951e-01	3	3	58	-2.08333333333333703e-02	2.08333333333333287e-02	-2.08333333333333703e-02	15	0	15
6.50258971576258338e-01	191	Phi	7.17071920914794964e-13	3.60843918243516498e-02	1.85552748067519951e-01	3	3	58	-2.08333333333333703e-02	2.08333333333333287e-02	-2.08333333333333703e-02	15	0	15
6.50258971576258338e-01	191	GH_constraint	1.08834569898984421e-11	3.60843918243516498e-02	1.85552748067519951e-01	3	3	58	-2.08333333333333703e-02	2.08333333333333287e-02	-2.08333333333333703e-02	15	0	15
6.50258971576258338e-01	191	reduction_constraint	7.45063446611454005e-12	3.42801722331340297e+00	1.76275110664143746e+01	3	3	65	1.97916666666666652e+00	-1.97916666666666674e+00	-1.97916666666666674e+00	15	0	0
6.50258971576258338e-01	191	curl_constraint	2.20754320393208007e-13	3.28579381158073014e+00	1.68961714607756157e+01	3	0	0	-1.89583333333333326e+00	-1.81250000000000000e+00	-1.97916666666666674e+00	2	4	0
6.50258971576258338e-01	191	source_curvature	6.09377642473878993e-10	3.60843918243516013e-02	1.85552748067519702e-01	3	3	63	2.08333333333333287e-02	2.08333333333333287e-02	2.08333333333333287e-02	0	0	0
6.50258971576258338e-01	191	source_QQ	1.08239814936479032e-21	3.60843918243516498e-02	1.85552748067519951e-01	3	3	58	-2.08333333333333703e-02	2.08333333333333287e-02	-2.08333333333333703e-02	15	0	15
6.50258971576258338e-01	191	source_DeltaDelta	2.93300207466796553e-22	3.60843918243516498e-02	1.85552748067519951e-01	3	3	58	-2.08333333333333703e-02	2.08333333333333287e-02	-2.08333333333333703e-02	15	0	15
6.50258971576258338e-01	191	source_damping	0.00000000000000000e+00	3.42801722331340297e+00	1.76275110664143746e+01	3	0	0	-1.97916666666666674e+00	-1.97916666666666674e+00	-1.97916666666666674e+00	0	0	0
6.50258971576258338e-01	191	source_frame_correction	5.58375787083229678e-11	3.60843918243516498e-02	1.85552748067519951e-01	3	3	58	-2.08333333333333703e-02	2.08333333333333287e-02	-2.08333333333333703e-02	15	0	15
6.50258971576258338e-01	191	Psi_RHS_Linf	1.80033581979126579e-13	3.06717330506988706e+00	1.57719835857391786e+01	3	11	198	-1.77083333333333348e+00	1.77083333333333348e+00	1.77083333333333348e+00	5	10	10
6.50258971576258338e-01	191	Pi_RHS_Linf	1.88284218669279989e-12	1.48779758927976069e-01	7.65053579406007267e-01	3	3	58	-2.08333333333333703e-02	2.08333333333333287e-02	-1.45833333333333370e-01	15	0	12
6.50258971576258338e-01	191	Phi_RHS_Linf	4.56986105200599142e-13	2.99500452142118379e+00	1.54008780896041397e+01	3	8	148	-1.72916666666666674e+00	-1.72916666666666674e+00	1.72916666666666674e+00	6	6	9
6.50258971576258338e-01	191	Hhat_RHS_Linf	0.00000000000000000e+00	3.42801722331340297e+00	1.76275110664143746e+01	3	0	0	-1.97916666666666674e+00	-1.97916666666666674e+00	-1.97916666666666674e+00	0	0	0
6.50258971576258338e-01	191	theta_RHS_Linf	0.00000000000000000e+00	3.42801722331340297e+00	1.76275110664143746e+01	3	0	0	-1.97916666666666674e+00	-1.97916666666666674e+00	-1.97916666666666674e+00	0	0	0
6.50258971576258338e-01	191	Upsilon_RHS_Linf	0.00000000000000000e+00	3.42801722331340297e+00	1.76275110664143746e+01	3	0	0	-1.97916666666666674e+00	-1.97916666666666674e+00	-1.97916666666666674e+00	0	0	0
6.50258971576258338e-01	191	chi_beta	3.88264775877792445e+01	3.60843918243516776e-02	1.85552748067520090e-01	3	3	56	-2.08333333333333703e-02	-2.08333333333333703e-02	-2.08333333333333703e-02	15	15	15
6.50258971576258338e-01	191	chi_beta_near_r_lt_1	3.88264775877792445e+01	3.60843918243516776e-02	1.85552748067520090e-01	3	3	56	-2.08333333333333703e-02	-2.08333333333333703e-02	-2.08333333333333703e-02	15	15	15
6.50258971576258338e-01	191	chi_beta_inner_r_lt_0p5	3.88264775877792445e+01	3.60843918243516776e-02	1.85552748067520090e-01	3	3	56	-2.08333333333333703e-02	-2.08333333333333703e-02	-2.08333333333333703e-02	15	15	15
6.50258971576258338e-01	191	chi_beta_annulus_0p5_1	1.91125488339994698e+00	5.01300392313165033e-01	2.57778115961650744e+00	3	3	63	3.54166666666666574e-01	2.29166666666666630e-01	2.70833333333333259e-01	8	5	6
6.50258971576258338e-01	191	chi_beta_annulus_1_1p5	7.77645210784213781e-01	1.00065082987690235e+00	5.14553528416131822e+00	3	1	29	6.45833333333333148e-01	-2.29166666666666685e-01	-7.29166666666666741e-01	15	10	14
6.50258971576258338e-01	191	chi_beta_annulus_1p5_2	4.38254956725824540e-01	1.50043396500256998e+00	7.71551442117382180e+00	3	2	39	-8.95833333333333481e-01	-1.10416666666666674e+00	4.79166666666666574e-01	10	5	11
6.50258971576258338e-01	191	chi_beta_outer_r_ge_2	2.84571871002505195e-01	2.00032549434669127e+00	1.02860509417001342e+01	3	1	22	-1.77083333333333348e+00	5.20833333333333259e-01	-7.70833333333333370e-01	5	12	13
6.50258971576258338e-01	191	chi_beta_first_ge_1	1.00000000000000000e+00	3.60843918243516776e-02	1.85552748067520090e-01	3	3	56	-2.08333333333333703e-02	-2.08333333333333703e-02	-2.08333333333333703e-02	15	15	15
7.01326430077011453e-01	206	reference_Ricci	0.00000000000000000e+00	3.42801722331340297e+00	1.82379717899547096e+01	3	0	0	-1.97916666666666674e+00	-1.97916666666666674e+00	-1.97916666666666674e+00	0	0	0
7.01326430077011453e-01	206	reference_Riemann	0.00000000000000000e+00	3.42801722331340297e+00	1.82379717899547096e+01	3	0	0	-1.97916666666666674e+00	-1.97916666666666674e+00	-1.97916666666666674e+00	0	0	0
7.01326430077011453e-01	206	spin_connection	0.00000000000000000e+00	3.42801722331340297e+00	1.82379717899547096e+01	3	0	0	-1.97916666666666674e+00	-1.97916666666666674e+00	-1.97916666666666674e+00	0	0	0
7.01326430077011453e-01	206	spin_derivative	0.00000000000000000e+00	3.42801722331340297e+00	1.82379717899547096e+01	3	0	0	-1.97916666666666674e+00	-1.97916666666666674e+00	-1.97916666666666674e+00	0	0	0
7.01326430077011453e-01	206	Psi	1.99999999999954303e+00	3.40413096676507010e+00	1.81108904934742192e+01	3	0	0	-1.97916666666666674e+00	-1.93750000000000000e+00	-1.97916666666666674e+00	0	1	0
7.01326430077011453e-01	206	Q	2.32339782243540512e-11	3.60843918243516498e-02	1.91978650420576102e-01	3	3	58	-2.08333333333333703e-02	2.08333333333333287e-02	-2.08333333333333703e-02	15	0	15
7.01326430077011453e-01	206	Delta	1.21568215379710187e-11	3.60843918243516498e-02	1.91978650420576102e-01	3	3	58	-2.08333333333333703e-02	2.08333333333333287e-02	-2.08333333333333703e-02	15	0	15
7.01326430077011453e-01	206	Pi	2.29801181421151882e-11	3.60843918243516498e-02	1.91978650420576102e-01	3	3	58	-2.08333333333333703e-02	2.08333333333333287e-02	-2.08333333333333703e-02	15	0	15
7.01326430077011453e-01	206	Phi	7.07412333488239004e-13	3.60843918243516498e-02	1.91978650420576102e-01	3	3	58	-2.08333333333333703e-02	2.08333333333333287e-02	-2.08333333333333703e-02	15	0	15
7.01326430077011453e-01	206	GH_constraint	1.05493735496738004e-11	3.60843918243516498e-02	1.91978650420576102e-01	3	3	58	-2.08333333333333703e-02	2.08333333333333287e-02	-2.08333333333333703e-02	15	0	15
7.01326430077011453e-01	206	reduction_constraint	7.88614842014880076e-12	3.42801722331340297e+00	1.82379717899547096e+01	3	8	148	-1.97916666666666674e+00	-1.97916666666666674e+00	1.97916666666666652e+00	0	0	15
7.01326430077011453e-01	206	curl_constraint	2.57974439252177299e-13	3.28579381158073014e+00	1.74813050633667793e+01	3	0	0	-1.89583333333333326e+00	-1.81250000000000000e+00	-1.97916666666666674e+00	2	4	0
7.01326430077011453e-01	206	source_curvature	6.09373890209893663e-10	3.60843918243516013e-02	1.91978650420575853e-01	3	3	63	2.08333333333333287e-02	2.08333333333333287e-02	2.08333333333333287e-02	0	0	0
7.01326430077011453e-01	206	source_QQ	1.02055310738265159e-21	3.60843918243516498e-02	1.91978650420576102e-01	3	3	58	-2.08333333333333703e-02	2.08333333333333287e-02	-2.08333333333333703e-02	15	0	15
7.01326430077011453e-01	206	source_DeltaDelta	2.80298614392481945e-22	3.60843918243516498e-02	1.91978650420576102e-01	3	3	58	-2.08333333333333703e-02	2.08333333333333287e-02	-2.08333333333333703e-02	15	0	15
7.01326430077011453e-01	206	source_damping	0.00000000000000000e+00	3.42801722331340297e+00	1.82379717899547096e+01	3	0	0	-1.97916666666666674e+00	-1.97916666666666674e+00	-1.97916666666666674e+00	0	0	0
7.01326430077011453e-01	206	source_frame_correction	5.45123059195252535e-11	3.60843918243516498e-02	1.91978650420576102e-01	3	3	58	-2.08333333333333703e-02	2.08333333333333287e-02	-2.08333333333333703e-02	15	0	15
7.01326430077011453e-01	206	Psi_RHS_Linf	1.87309159287051027e-13	3.06717330506988706e+00	1.63181852857489531e+01	3	8	148	-1.77083333333333348e+00	-1.77083333333333348e+00	1.77083333333333348e+00	5	5	10
7.01326430077011453e-01	206	Pi_RHS_Linf	1.97309306139660627e-12	1.48779758927976069e-01	7.91548253547562863e-01	3	3	58	-2.08333333333333703e-02	2.08333333333333287e-02	-1.45833333333333370e-01	15	0	12
7.01326430077011453e-01	206	Phi_RHS_Linf	4.70049936525982576e-13	2.41621763069655815e+00	1.28549263659887583e+01	3	5	106	-2.08333333333333703e-02	1.72916666666666674e+00	-1.68750000000000000e+00	15	9	7
7.01326430077011453e-01	206	Hhat_RHS_Linf	0.00000000000000000e+00	3.42801722331340297e+00	1.82379717899547096e+01	3	0	0	-1.97916666666666674e+00	-1.97916666666666674e+00	-1.97916666666666674e+00	0	0	0
7.01326430077011453e-01	206	theta_RHS_Linf	0.00000000000000000e+00	3.42801722331340297e+00	1.82379717899547096e+01	3	0	0	-1.97916666666666674e+00	-1.97916666666666674e+00	-1.97916666666666674e+00	0	0	0
7.01326430077011453e-01	206	Upsilon_RHS_Linf	0.00000000000000000e+00	3.42801722331340297e+00	1.82379717899547096e+01	3	0	0	-1.97916666666666674e+00	-1.97916666666666674e+00	-1.97916666666666674e+00	0	0	0
7.01326430077011453e-01	206	chi_beta	3.88264775877821080e+01	3.60843918243516776e-02	1.91978650420576269e-01	3	3	56	-2.08333333333333703e-02	-2.08333333333333703e-02	-2.08333333333333703e-02	15	15	15
7.01326430077011453e-01	206	chi_beta_near_r_lt_1	3.88264775877821080e+01	3.60843918243516776e-02	1.91978650420576269e-01	3	3	56	-2.08333333333333703e-02	-2.08333333333333703e-02	-2.08333333333333703e-02	15	15	15
7.01326430077011453e-01	206	chi_beta_inner_r_lt_0p5	3.88264775877821080e+01	3.60843918243516776e-02	1.91978650420576269e-01	3	3	56	-2.08333333333333703e-02	-2.08333333333333703e-02	-2.08333333333333703e-02	15	15	15
7.01326430077011453e-01	206	chi_beta_annulus_0p5_1	1.91125488339994631e+00	5.01300392313165033e-01	2.66705264813801390e+00	3	3	59	2.70833333333333259e-01	3.54166666666666574e-01	-2.29166666666666685e-01	6	8	10
7.01326430077011453e-01	206	chi_beta_annulus_1_1p5	7.77645210784214225e-01	1.00065082987690235e+00	5.32373101359451439e+00	3	3	58	-6.04166666666666741e-01	6.04166666666666519e-01	-5.20833333333333370e-01	1	14	3
7.01326430077011453e-01	206	chi_beta_annulus_1p5_2	4.38254956725824873e-01	1.50043396500256976e+00	7.98271144622687157e+00	3	6	117	-1.10416666666666674e+00	9.79166666666666630e-01	2.70833333333333259e-01	5	7	6
7.01326430077011453e-01	206	chi_beta_outer_r_ge_2	2.84571871002505195e-01	2.00032549434669127e+00	1.06422685651970088e+01	3	0	10	-2.70833333333333370e-01	-1.27083333333333348e+00	-1.52083333333333348e+00	9	1	11
7.01326430077011453e-01	206	chi_beta_first_ge_1	1.00000000000000000e+00	3.60843918243516776e-02	1.91978650420576269e-01	3	3	56	-2.08333333333333703e-02	-2.08333333333333703e-02	-2.08333333333333703e-02	15	15	15
7.52393888577764569e-01	221	reference_Ricci	0.00000000000000000e+00	3.42801722331340297e+00	1.88695734615041744e+01	3	0	0	-1.97916666666666674e+00	-1.97916666666666674e+00	-1.97916666666666674e+00	0	0	0
7.52393888577764569e-01	221	reference_Riemann	0.00000000000000000e+00	3.42801722331340297e+00	1.88695734615041744e+01	3	0	0	-1.97916666666666674e+00	-1.97916666666666674e+00	-1.97916666666666674e+00	0	0	0
7.52393888577764569e-01	221	spin_connection	0.00000000000000000e+00	3.42801722331340297e+00	1.88695734615041744e+01	3	0	0	-1.97916666666666674e+00	-1.97916666666666674e+00	-1.97916666666666674e+00	0	0	0
7.52393888577764569e-01	221	spin_derivative	0.00000000000000000e+00	3.42801722331340297e+00	1.88695734615041744e+01	3	0	0	-1.97916666666666674e+00	-1.97916666666666674e+00	-1.97916666666666674e+00	0	0	0
7.52393888577764569e-01	221	Psi	1.99999999999951950e+00	3.38007591548539699e+00	1.86056797961664167e+01	3	0	0	-1.93750000000000000e+00	-1.93750000000000000e+00	-1.97916666666666674e+00	1	1	0
7.52393888577764569e-01	221	Q	2.26560506175116080e-11	3.60843918243516498e-02	1.98627089068465212e-01	3	3	58	-2.08333333333333703e-02	2.08333333333333287e-02	-2.08333333333333703e-02	15	0	15
7.52393888577764569e-01	221	Delta	1.19344034945752140e-11	3.60843918243516498e-02	1.98627089068465212e-01	3	3	58	-2.08333333333333703e-02	2.08333333333333287e-02	-2.08333333333333703e-02	15	0	15
7.52393888577764569e-01	221	Pi	2.23667084863888812e-11	3.60843918243516498e-02	1.98627089068465212e-01	3	3	58	-2.08333333333333703e-02	2.08333333333333287e-02	-2.08333333333333703e-02	15	0	15
7.52393888577764569e-01	221	Phi	6.97872102633780264e-13	3.60843918243516498e-02	1.98627089068465212e-01	3	3	58	-2.08333333333333703e-02	2.08333333333333287e-02	-2.08333333333333703e-02	15	0	15
7.52393888577764569e-01	221	GH_constraint	1.02262625494981542e-11	3.60843918243516498e-02	1.98627089068465212e-01	3	3	58	-2.08333333333333703e-02	2.08333333333333287e-02	-2.08333333333333703e-02	15	0	15
7.52393888577764569e-01	221	reduction_constraint	8.30575901621664101e-12	3.42801722331340297e+00	1.88695734615041744e+01	3	10	181	1.97916666666666652e+00	-1.97916666666666674e+00	1.97916666666666652e+00	15	0	15
7.52393888577764569e-01	221	curl_constraint	2.97408252935991899e-13	3.28579381158073014e+00	1.80867025070107026e+01	3	0	0	-1.81250000000000000e+00	-1.89583333333333326e+00	-1.97916666666666674e+00	4	2	0
7.52393888577764569e-01	221	source_curvature	6.09370453358350986e-10	3.60843918243516013e-02	1.98627089068464963e-01	3	3	63	2.08333333333333287e-02	2.08333333333333287e-02	2.08333333333333287e-02	0	0	0
7.52393888577764569e-01	221	source_QQ	9.61182558226849039e-22	3.60843918243516498e-02	1.98627089068465212e-01	3	3	58	-2.08333333333333703e-02	2.08333333333333287e-02	-2.08333333333333703e-02	15	0	15
7.52393888577764569e-01	221	source_DeltaDelta	2.67895508549819317e-22	3.60843918243516498e-02	1.98627089068465212e-01	3	3	58	-2.08333333333333703e-02	2.08333333333333287e-02	-2.08333333333333703e-02	15	0	15
7.52393888577764569e-01	221	source_damping	0.00000000000000000e+00	3.42801722331340297e+00	1.88695734615041744e+01	3	0	0	-1.97916666666666674e+00	-1.97916666666666674e+00	-1.97916666666666674e+00	0	0	0
7.52393888577764569e-01	221	source_frame_correction	5.32165801751999183e-11	3.60843918243516498e-02	1.98627089068465212e-01	3	3	58	-2.08333333333333703e-02	2.08333333333333287e-02	-2.08333333333333703e-02	15	0	15
7.52393888577764569e-01	221	Psi_RHS_Linf	1.90476387808950492e-13	3.01982741872592619e+00	1.66226864121866171e+01	3	8	148	-1.77083333333333348e+00	-1.68750000000000000e+00	1.77083333333333348e+00	5	7	10
7.52393888577764569e-01	221	Pi_RHS_Linf	2.04605608511615921e-12	1.48779758927976069e-01	8.18960468338248315e-01	3	3	58	-2.08333333333333703e-02	2.08333333333333287e-02	-1.45833333333333370e-01	15	0	12
7.52393888577764569e-01	221	Phi_RHS_Linf	4.62773723355742138e-13	2.28929801831624058e+00	1.26014761063949567e+01	3	4	85	1.35416666666666674e+00	-1.72916666666666674e+00	6.45833333333333148e-01	0	6	15
7.52393888577764569e-01	221	Hhat_RHS_Linf	0.00000000000000000e+00	3.42801722331340297e+00	1.88695734615041744e+01	3	0	0	-1.97916666666666674e+00	-1.97916666666666674e+00	-1.97916666666666674e+00	0	0	0
7.52393888577764569e-01	221	theta_RHS_Linf	0.00000000000000000e+00	3.42801722331340297e+00	1.88695734615041744e+01	3	0	0	-1.97916666666666674e+00	-1.97916666666666674e+00	-1.97916666666666674e+00	0	0	0
7.52393888577764569e-01	221	Upsilon_RHS_Linf	0.00000000000000000e+00	3.42801722331340297e+00	1.88695734615041744e+01	3	0	0	-1.97916666666666674e+00	-1.97916666666666674e+00	-1.97916666666666674e+00	0	0	0
7.52393888577764569e-01	221	chi_beta	3.88264775877784274e+01	3.60843918243516776e-02	1.98627089068465379e-01	3	3	56	-2.08333333333333703e-02	-2.08333333333333703e-02	-2.08333333333333703e-02	15	15	15
7.52393888577764569e-01	221	chi_beta_near_r_lt_1	3.88264775877784274e+01	3.60843918243516776e-02	1.98627089068465379e-01	3	3	56	-2.08333333333333703e-02	-2.08333333333333703e-02	-2.08333333333333703e-02	15	15	15
7.52393888577764569e-01	221	chi_beta_inner_r_lt_0p5	3.88264775877784274e+01	3.60843918243516776e-02	1.98627089068465379e-01	3	3	56	-2.08333333333333703e-02	-2.08333333333333703e-02	-2.08333333333333703e-02	15	15	15
7.52393888577764569e-01	221	chi_beta_annulus_0p5_1	1.91125488339994676e+00	5.01300392313165144e-01	2.75941570967110739e+00	3	3	60	-1.04166666666666630e-01	-1.04166666666666630e-01	4.79166666666666574e-01	13	13	11
7.52393888577764569e-01	221	chi_beta_annulus_1_1p5	7.77645210784213781e-01	1.00065082987690235e+00	5.50809786347186936e+00	3	2	42	-6.45833333333333370e-01	-7.29166666666666741e-01	-2.29166666666666685e-01	0	14	10
7.52393888577764569e-01	221	chi_beta_annulus_1p5_2	4.38254956725824818e-01	1.50043396500256976e+00	8.25916180764869168e+00	3	6	117	-1.10416666666666674e+00	9.79166666666666630e-01	2.70833333333333259e-01	5	7	6
7.52393888577764569e-01	221	chi_beta_outer_r_ge_2	2.84571871002505195e-01	2.00032549434669127e+00	1.10108224094659750e+01	3	0	10	-2.70833333333333370e-01	-1.27083333333333348e+00	-1.52083333333333348e+00	9	1	11
7.52393888577764569e-01	221	chi_beta_first_ge_1	1.00000000000000000e+00	3.60843918243516776e-02	1.98627089068465379e-01	3	3	56	-2.08333333333333703e-02	-2.08333333333333703e-02	-2.08333333333333703e-02	15	15	15
8.00056849845134144e-01	235	reference_Ricci	0.00000000000000000e+00	3.42801722331340297e+00	1.94787876876201942e+01	3	0	0	-1.97916666666666674e+00	-1.97916666666666674e+00	-1.97916666666666674e+00	0	0	0
8.00056849845134144e-01	235	reference_Riemann	0.00000000000000000e+00	3.42801722331340297e+00	1.94787876876201942e+01	3	0	0	-1.97916666666666674e+00	-1.97916666666666674e+00	-1.97916666666666674e+00	0	0	0
8.00056849845134144e-01	235	spin_connection	0.00000000000000000e+00	3.42801722331340297e+00	1.94787876876201942e+01	3	0	0	-1.97916666666666674e+00	-1.97916666666666674e+00	-1.97916666666666674e+00	0	0	0
8.00056849845134144e-01	235	spin_derivative	0.00000000000000000e+00	3.42801722331340297e+00	1.94787876876201942e+01	3	0	0	-1.97916666666666674e+00	-1.97916666666666674e+00	-1.97916666666666674e+00	0	0	0
8.00056849845134144e-01	235	Psi	1.99999999999949707e+00	3.40413096676507010e+00	1.93430604465804628e+01	3	0	0	-1.97916666666666674e+00	-1.93750000000000000e+00	-1.97916666666666674e+00	0	1	0
8.00056849845134144e-01	235	Q	2.21288112568007034e-11	3.60843918243516498e-02	2.05039870396002244e-01	3	3	58	-2.08333333333333703e-02	2.08333333333333287e-02	-2.08333333333333703e-02	15	0	15
8.00056849845134144e-01	235	Delta	1.17353063936613501e-11	3.60843918243516498e-02	2.05039870396002244e-01	3	3	58	-2.08333333333333703e-02	2.08333333333333287e-02	-2.08333333333333703e-02	15	0	15
8.00056849845134144e-01	235	Pi	2.18042796588376480e-11	3.60843918243516498e-02	2.05039870396002244e-01	3	3	58	-2.08333333333333703e-02	2.08333333333333287e-02	-2.08333333333333703e-02	15	0	15
8.00056849845134144e-01	235	Phi	6.89010239834445704e-13	3.60843918243516498e-02	2.05039870396002244e-01	3	3	58	-2.08333333333333703e-02	2.08333333333333287e-02	-2.08333333333333703e-02	15	0	15
8.00056849845134144e-01	235	GH_constraint	9.93518942072718670e-12	3.60843918243516498e-02	2.05039870396002244e-01	3	3	58	-2.08333333333333703e-02	2.08333333333333287e-02	-2.08333333333333703e-02	15	0	15
8.00056849845134144e-01	235	reduction_constraint	8.66720421887629153e-12	3.42801722331340297e+00	1.94787876876201942e+01	3	10	181	1.97916666666666652e+00	-1.97916666666666674e+00	1.97916666666666652e+00	15	0	15
8.00056849845134144e-01	235	curl_constraint	3.35929465846429806e-13	3.28579381158073014e+00	1.86706413275292675e+01	3	0	0	-1.81250000000000000e+00	-1.89583333333333326e+00	-1.97916666666666674e+00	4	2	0
8.00056849845134144e-01	235	source_curvature	6.09364265220456690e-10	3.60843918243516013e-02	2.05039870396001966e-01	3	3	63	2.08333333333333287e-02	2.08333333333333287e-02	2.08333333333333287e-02	0	0	0
8.00056849845134144e-01	235	source_QQ	9.08033613362995152e-22	3.60843918243516498e-02	2.05039870396002244e-01	3	3	58	-2.08333333333333703e-02	2.08333333333333287e-02	-2.08333333333333703e-02	15	0	15
8.00056849845134144e-01	235	source_DeltaDelta	2.56857740845277709e-22	3.60843918243516498e-02	2.05039870396002244e-01	3	3	58	-2.08333333333333703e-02	2.08333333333333287e-02	-2.08333333333333703e-02	15	0	15
8.00056849845134144e-01	235	source_damping	0.00000000000000000e+00	3.42801722331340297e+00	1.94787876876201942e+01	3	0	0	-1.97916666666666674e+00	-1.97916666666666674e+00	-1.97916666666666674e+00	0	0	0
8.00056849845134144e-01	235	source_frame_correction	5.20348428559584365e-11	3.60843918243516498e-02	2.05039870396002244e-01	3	3	58	-2.08333333333333703e-02	2.08333333333333287e-02	-2.08333333333333703e-02	15	0	15
8.00056849845134144e-01	235	Psi_RHS_Linf	2.03954289787506320e-13	2.97172730822403075e+00	1.68860427271857994e+01	3	10	181	1.68750000000000000e+00	-1.77083333333333348e+00	1.68750000000000000e+00	8	5	8
8.00056849845134144e-01	235	Pi_RHS_Linf	2.09097776829210764e-12	1.48779758927976069e-01	8.45401043105672101e-01	3	3	58	-2.08333333333333703e-02	2.08333333333333287e-02	-1.45833333333333370e-01	15	0	12
8.00056849845134144e-01	235	Phi_RHS_Linf	5.05757676799665848e-13	2.85066695412377769e+00	1.61981497612841636e+01	3	11	198	-1.64583333333333348e+00	1.64583333333333348e+00	1.64583333333333348e+00	8	7	7
8.00056849845134144e-01	235	Hhat_RHS_Linf	0.00000000000000000e+00	3.42801722331340297e+00	1.94787876876201942e+01	3	0	0	-1.97916666666666674e+00	-1.97916666666666674e+00	-1.97916666666666674e+00	0	0	0
8.00056849845134144e-01	235	theta_RHS_Linf	0.00000000000000000e+00	3.42801722331340297e+00	1.94787876876201942e+01	3	0	0	-1.97916666666666674e+00	-1.97916666666666674e+00	-1.97916666666666674e+00	0	0	0
8.00056849845134144e-01	235	Upsilon_RHS_Linf	0.00000000000000000e+00	3.42801722331340297e+00	1.94787876876201942e+01	3	0	0	-1.97916666666666674e+00	-1.97916666666666674e+00	-1.97916666666666674e+00	0	0	0
8.00056849845134144e-01	235	chi_beta	3.88264775877836570e+01	3.60843918243516776e-02	2.05039870396002410e-01	3	3	56	-2.08333333333333703e-02	-2.08333333333333703e-02	-2.08333333333333703e-02	15	15	15
8.00056849845134144e-01	235	chi_beta_near_r_lt_1	3.88264775877836570e+01	3.60843918243516776e-02	2.05039870396002410e-01	3	3	56	-2.08333333333333703e-02	-2.08333333333333703e-02	-2.08333333333333703e-02	15	15	15
8.00056849845134144e-01	235	chi_beta_inner_r_lt_0p5	3.88264775877836570e+01	3.60843918243516776e-02	2.05039870396002410e-01	3	3	56	-2.08333333333333703e-02	-2.08333333333333703e-02	-2.08333333333333703e-02	15	15	15
8.00056849845134144e-01	235	chi_beta_annulus_0p5_1	1.91125488339994853e+00	5.01300392313165144e-01	2.84850491508050485e+00	3	3	57	4.79166666666666574e-01	-1.04166666666666630e-01	-1.04166666666666630e-01	11	13	13
8.00056849845134144e-01	235	chi_beta_annulus_1_1p5	7.77645210784214336e-01	1.00065082987690235e+00	5.68592973572441895e+00	3	2	49	-7.29166666666666741e-01	-2.29166666666666685e-01	-6.45833333333333370e-01	14	10	0
8.00056849845134144e-01	235	chi_beta_annulus_1p5_2	4.38254956725824540e-01	1.50043396500256976e+00	8.52581324411484331e+00	3	6	117	-1.10416666666666674e+00	9.79166666666666630e-01	2.70833333333333259e-01	5	7	6
8.00056849845134144e-01	235	chi_beta_outer_r_ge_2	2.84571871002505195e-01	2.00032549434669127e+00	1.13663126735553366e+01	3	0	10	-2.70833333333333370e-01	-1.27083333333333348e+00	-1.52083333333333348e+00	9	1	11
8.00056849845134144e-01	235	chi_beta_first_ge_1	1.00000000000000000e+00	3.60843918243516776e-02	2.05039870396002410e-01	3	3	56	-2.08333333333333703e-02	-2.08333333333333703e-02	-2.08333333333333703e-02	15	15	15
8.51124308345887259e-01	250	reference_Ricci	0.00000000000000000e+00	3.42801722331340297e+00	2.01533602226009840e+01	3	0	0	-1.97916666666666674e+00	-1.97916666666666674e+00	-1.97916666666666674e+00	0	0	0
8.51124308345887259e-01	250	reference_Riemann	0.00000000000000000e+00	3.42801722331340297e+00	2.01533602226009840e+01	3	0	0	-1.97916666666666674e+00	-1.97916666666666674e+00	-1.97916666666666674e+00	0	0	0
8.51124308345887259e-01	250	spin_connection	0.00000000000000000e+00	3.42801722331340297e+00	2.01533602226009840e+01	3	0	0	-1.97916666666666674e+00	-1.97916666666666674e+00	-1.97916666666666674e+00	0	0	0
8.51124308345887259e-01	250	spin_derivative	0.00000000000000000e+00	3.42801722331340297e+00	2.01533602226009840e+01	3	0	0	-1.97916666666666674e+00	-1.97916666666666674e+00	-1.97916666666666674e+00	0	0	0
8.51124308345887259e-01	250	Psi	1.99999999999947486e+00	3.40413096676507010e+00	2.00129325930913744e+01	3	0	0	-1.97916666666666674e+00	-1.93750000000000000e+00	-1.97916666666666674e+00	0	1	0
8.51124308345887259e-01	250	Q	2.15780735587536833e-11	3.60843918243516498e-02	2.12140633922115851e-01	3	3	58	-2.08333333333333703e-02	2.08333333333333287e-02	-2.08333333333333703e-02	15	0	15
8.51124308345887259e-01	250	Delta	1.15313626764869559e-11	3.60843918243516498e-02	2.12140633922115851e-01	3	3	58	-2.08333333333333703e-02	2.08333333333333287e-02	-2.08333333333333703e-02	15	0	15
8.51124308345887259e-01	250	Pi	2.12133279683944455e-11	3.60843918243516498e-02	2.12140633922115851e-01	3	3	58	-2.08333333333333703e-02	2.08333333333333287e-02	-2.08333333333333703e-02	15	0	15
8.51124308345887259e-01	250	Phi	6.79498327826366217e-13	3.60843918243516498e-02	2.12140633922115851e-01	3	3	58	-2.08333333333333703e-02	2.08333333333333287e-02	-2.08333333333333703e-02	15	0	15
8.51124308345887259e-01	250	GH_constraint	9.63576256001066416e-12	3.60843918243516498e-02	2.12140633922115851e-01	3	3	58	-2.08333333333333703e-02	2.08333333333333287e-02	-2.08333333333333703e-02	15	0	15
8.51124308345887259e-01	250	reduction_constraint	9.03591185640788293e-12	3.42801722331340297e+00	2.01533602226009840e+01	3	10	181	1.97916666666666652e+00	-1.97916666666666674e+00	1.97916666666666652e+00	15	0	15
8.51124308345887259e-01	250	curl_constraint	3.78910365240524197e-13	3.33248687169207036e+00	1.95917359765723837e+01	3	3	65	1.97916666666666652e+00	-1.89583333333333326e+00	-1.89583333333333326e+00	15	2	2
8.51124308345887259e-01	250	source_curvature	6.09358400168140755e-10	3.60843918243516013e-02	2.12140633922115573e-01	3	3	63	2.08333333333333287e-02	2.08333333333333287e-02	2.08333333333333287e-02	0	0	0
8.51124308345887259e-01	250	source_QQ	8.53529381029882869e-22	3.60843918243516498e-02	2.12140633922115851e-01	3	3	58	-2.08333333333333703e-02	2.08333333333333287e-02	-2.08333333333333703e-02	15	0	15
8.51124308345887259e-01	250	source_DeltaDelta	2.45609544086653176e-22	3.60843918243516498e-02	2.12140633922115851e-01	3	3	58	-2.08333333333333703e-02	2.08333333333333287e-02	-2.08333333333333703e-02	15	0	15
8.51124308345887259e-01	250	source_damping	0.00000000000000000e+00	3.42801722331340297e+00	2.01533602226009840e+01	3	0	0	-1.97916666666666674e+00	-1.97916666666666674e+00	-1.97916666666666674e+00	0	0	0
8.51124308345887259e-01	250	source_frame_correction	5.07997902370209563e-11	3.60843918243516498e-02	2.12140633922115851e-01	3	3	58	-2.08333333333333703e-02	2.08333333333333287e-02	-2.08333333333333703e-02	15	0	15
8.51124308345887259e-01	250	Psi_RHS_Linf	2.19354286536806661e-13	2.92283573777248051e+00	1.71833913476913658e+01	3	8	148	-1.68750000000000000e+00	-1.68750000000000000e+00	1.68750000000000000e+00	7	7	8
8.51124308345887259e-01	250	Pi_RHS_Linf	2.11863282184358727e-12	1.48779758927976069e-01	8.74678241146371827e-01	3	3	58	-2.08333333333333703e-02	2.08333333333333287e-02	-1.45833333333333370e-01	15	0	12
8.51124308345887259e-01	250	Phi_RHS_Linf	4.92128525900134975e-13	2.41118271463058864e+00	1.41753762145600994e+01	3	0	2	-1.64583333333333348e+00	-7.29166666666666741e-01	-1.60416666666666674e+00	8	14	9
8.51124308345887259e-01	250	Hhat_RHS_Linf	0.00000000000000000e+00	3.42801722331340297e+00	2.01533602226009840e+01	3	0	0	-1.97916666666666674e+00	-1.97916666666666674e+00	-1.97916666666666674e+00	0	0	0
8.51124308345887259e-01	250	theta_RHS_Linf	0.00000000000000000e+00	3.42801722331340297e+00	2.01533602226009840e+01	3	0	0	-1.97916666666666674e+00	-1.97916666666666674e+00	-1.97916666666666674e+00	0	0	0
8.51124308345887259e-01	250	Upsilon_RHS_Linf	0.00000000000000000e+00	3.42801722331340297e+00	2.01533602226009840e+01	3	0	0	-1.97916666666666674e+00	-1.97916666666666674e+00	-1.97916666666666674e+00	0	0	0
8.51124308345887259e-01	250	chi_beta	3.88264775877787969e+01	3.60843918243516776e-02	2.12140633922116018e-01	3	3	56	-2.08333333333333703e-02	-2.08333333333333703e-02	-2.08333333333333703e-02	15	15	15
8.51124308345887259e-01	250	chi_beta_near_r_lt_1	3.88264775877787969e+01	3.60843918243516776e-02	2.12140633922116018e-01	3	3	56	-2.08333333333333703e-02	-2.08333333333333703e-02	-2.08333333333333703e-02	15	15	15
8.51124308345887259e-01	250	chi_beta_inner_r_lt_0p5	3.88264775877787969e+01	3.60843918243516776e-02	2.12140633922116018e-01	3	3	56	-2.08333333333333703e-02	-2.08333333333333703e-02	-2.08333333333333703e-02	15	15	15
8.51124308345887259e-01	250	chi_beta_annulus_0p5_1	1.91125488339994698e+00	5.01300392313165033e-01	2.94715187464936568e+00	3	3	59	2.70833333333333259e-01	3.54166666666666574e-01	-2.29166666666666685e-01	6	8	10
8.51124308345887259e-01	250	chi_beta_annulus_1_1p5	7.77645210784214114e-01	1.00065082987690235e+00	5.88283993861081278e+00	3	2	43	6.45833333333333148e-01	-7.29166666666666741e-01	-2.29166666666666685e-01	15	14	10
8.51124308345887259e-01	250	chi_beta_annulus_1p5_2	4.38254956725825040e-01	1.50043396500256976e+00	8.82107183746717105e+00	3	6	117	-1.10416666666666674e+00	9.79166666666666630e-01	2.70833333333333259e-01	5	7	6
8.51124308345887259e-01	250	chi_beta_outer_r_ge_2	2.84571871002505139e-01	2.00032549434669127e+00	1.17599409874189131e+01	3	0	5	-1.10416666666666674e+00	-1.47916666666666674e+00	-7.70833333333333370e-01	5	12	13
8.51124308345887259e-01	250	chi_beta_first_ge_1	1.00000000000000000e+00	3.60843918243516776e-02	2.12140633922116018e-01	3	3	56	-2.08333333333333703e-02	-2.08333333333333703e-02	-2.08333333333333703e-02	15	15	15
9.02191766846640375e-01	265	reference_Ricci	0.00000000000000000e+00	3.42801722331340297e+00	2.08512939704174087e+01	3	0	0	-1.97916666666666674e+00	-1.97916666666666674e+00	-1.97916666666666674e+00	0	0	0
9.02191766846640375e-01	265	reference_Riemann	0.00000000000000000e+00	3.42801722331340297e+00	2.08512939704174087e+01	3	0	0	-1.97916666666666674e+00	-1.97916666666666674e+00	-1.97916666666666674e+00	0	0	0
9.02191766846640375e-01	265	spin_connection	0.00000000000000000e+00	3.42801722331340297e+00	2.08512939704174087e+01	3	0	0	-1.97916666666666674e+00	-1.97916666666666674e+00	-1.97916666666666674e+00	0	0	0
9.02191766846640375e-01	265	spin_derivative	0.00000000000000000e+00	3.42801722331340297e+00	2.08512939704174087e+01	3	0	0	-1.97916666666666674e+00	-1.97916666666666674e+00	-1.97916666666666674e+00	0	0	0
9.02191766846640375e-01	265	Psi	1.99999999999945333e+00	3.40413096676507010e+00	2.07060031726481135e+01	3	0	0	-1.97916666666666674e+00	-1.93750000000000000e+00	-1.97916666666666674e+00	0	1	0
9.02191766846640375e-01	265	Q	2.10420802078079303e-11	3.60843918243516498e-02	2.19487304951762441e-01	3	3	58	-2.08333333333333703e-02	2.08333333333333287e-02	-2.08333333333333703e-02	15	0	15
9.02191766846640375e-01	265	Delta	1.13367271441637729e-11	3.60843918243516498e-02	2.19487304951762441e-01	3	3	58	-2.08333333333333703e-02	2.08333333333333287e-02	-2.08333333333333703e-02	15	0	15
9.02191766846640375e-01	265	Pi	2.06352076057158846e-11	3.60843918243516498e-02	2.19487304951762441e-01	3	3	58	-2.08333333333333703e-02	2.08333333333333287e-02	-2.08333333333333703e-02	15	0	15
9.02191766846640375e-01	265	Phi	6.69913656449771499e-13	3.60843918243516498e-02	2.19487304951762441e-01	3	3	58	-2.08333333333333703e-02	2.08333333333333287e-02	-2.08333333333333703e-02	15	0	15
9.02191766846640375e-01	265	GH_constraint	9.34782621036949980e-12	3.60843918243516498e-02	2.19487304951762441e-01	3	3	58	-2.08333333333333703e-02	2.08333333333333287e-02	-2.08333333333333703e-02	15	0	15
9.02191766846640375e-01	265	reduction_constraint	9.40835261411992972e-12	3.42801722331340297e+00	2.08512939704174087e+01	3	10	181	1.97916666666666652e+00	-1.97916666666666674e+00	1.97916666666666652e+00	15	0	15
9.02191766846640375e-01	265	curl_constraint	4.23590526981366578e-13	3.33248687169207036e+00	2.02702200390477145e+01	3	11	215	1.97916666666666652e+00	1.89583333333333348e+00	1.89583333333333348e+00	15	13	13
9.02191766846640375e-01	265	source_curvature	6.09354123939678678e-10	3.60843918243516013e-02	2.19487304951762163e-01	3	3	63	2.08333333333333287e-02	2.08333333333333287e-02	2.08333333333333287e-02	0	0	0
9.02191766846640375e-01	265	source_QQ	8.01553176594405227e-22	3.60843918243516498e-02	2.19487304951762441e-01	3	3	58	-2.08333333333333703e-02	2.08333333333333287e-02	-2.08333333333333703e-02	15	0	15
9.02191766846640375e-01	265	source_DeltaDelta	2.34924010239461715e-22	3.60843918243516498e-02	2.19487304951762441e-01	3	3	58	-2.08333333333333703e-02	2.08333333333333287e-02	-2.08333333333333703e-02	15	0	15
9.02191766846640375e-01	265	source_damping	0.00000000000000000e+00	3.42801722331340297e+00	2.08512939704174087e+01	3	0	0	-1.97916666666666674e+00	-1.97916666666666674e+00	-1.97916666666666674e+00	0	0	0
9.02191766846640375e-01	265	source_frame_correction	4.95976753918975956e-11	3.60843918243516498e-02	2.19487304951762441e-01	3	3	58	-2.08333333333333703e-02	2.08333333333333287e-02	-2.08333333333333703e-02	15	0	15
9.02191766846640375e-01	265	Psi_RHS_Linf	2.25579278599246966e-13	2.92283573777248051e+00	1.77784717010927409e+01	3	8	148	-1.68750000000000000e+00	-1.68750000000000000e+00	1.68750000000000000e+00	7	7	8
9.02191766846640375e-01	265	Pi_RHS_Linf	2.12679404801828445e-12	1.48779758927976069e-01	9.04969341798269933e-01	3	3	58	-2.08333333333333703e-02	2.08333333333333287e-02	-1.45833333333333370e-01	15	0	12
9.02191766846640375e-01	265	Phi_RHS_Linf	5.14655435474444244e-13	2.24333503590822003e+00	1.36453335151702362e+01	3	4	73	1.64583333333333348e+00	-1.04166666666666630e-01	-1.52083333333333348e+00	7	13	11
9.02191766846640375e-01	265	Hhat_RHS_Linf	0.00000000000000000e+00	3.42801722331340297e+00	2.08512939704174087e+01	3	0	0	-1.97916666666666674e+00	-1.97916666666666674e+00	-1.97916666666666674e+00	0	0	0
9.02191766846640375e-01	265	theta_RHS_Linf	0.00000000000000000e+00	3.42801722331340297e+00	2.08512939704174087e+01	3	0	0	-1.97916666666666674e+00	-1.97916666666666674e+00	-1.97916666666666674e+00	0	0	0
9.02191766846640375e-01	265	Upsilon_RHS_Linf	0.00000000000000000e+00	3.42801722331340297e+00	2.08512939704174087e+01	3	0	0	-1.97916666666666674e+00	-1.97916666666666674e+00	-1.97916666666666674e+00	0	0	0
9.02191766846640375e-01	265	chi_beta	3.88264775877862789e+01	3.60843918243516776e-02	2.19487304951762607e-01	3	3	56	-2.08333333333333703e-02	-2.08333333333333703e-02	-2.08333333333333703e-02	15	15	15
9.02191766846640375e-01	265	chi_beta_near_r_lt_1	3.88264775877862789e+01	3.60843918243516776e-02	2.19487304951762607e-01	3	3	56	-2.08333333333333703e-02	-2.08333333333333703e-02	-2.08333333333333703e-02	15	15	15
9.02191766846640375e-01	265	chi_beta_inner_r_lt_0p5	3.88264775877862789e+01	3.60843918243516776e-02	2.19487304951762607e-01	3	3	56	-2.08333333333333703e-02	-2.08333333333333703e-02	-2.08333333333333703e-02	15	15	15
9.02191766846640375e-01	265	chi_beta_annulus_0p5_1	1.91125488339994787e+00	5.01300392313165033e-01	3.04921509043764427e+00	3	3	63	2.29166666666666630e-01	3.54166666666666574e-01	2.70833333333333259e-01	5	8	6
9.02191766846640375e-01	265	chi_beta_annulus_1_1p5	7.77645210784214447e-01	1.00065082987690235e+00	6.08656936540656446e+00	3	2	46	-6.45833333333333370e-01	-7.29166666666666741e-01	2.29166666666666630e-01	0	14	5
9.02191766846640375e-01	265	chi_beta_annulus_1p5_2	4.38254956725824985e-01	1.50043396500256976e+00	9.12655557116122473e+00	3	4	86	9.79166666666666630e-01	-1.10416666666666674e+00	2.70833333333333259e-01	7	5	6
9.02191766846640375e-01	265	chi_beta_outer_r_ge_2	2.84571871002505361e-01	2.00032549434669127e+00	1.21672010967402748e+01	3	0	10	-2.70833333333333370e-01	-1.27083333333333348e+00	-1.52083333333333348e+00	9	1	11
9.02191766846640375e-01	265	chi_beta_first_ge_1	1.00000000000000000e+00	3.60843918243516776e-02	2.19487304951762607e-01	3	3	56	-2.08333333333333703e-02	-2.08333333333333703e-02	-2.08333333333333703e-02	15	15	15
9.53259225347393491e-01	280	reference_Ricci	0.00000000000000000e+00	3.42801722331340297e+00	2.15733979563956417e+01	3	0	0	-1.97916666666666674e+00	-1.97916666666666674e+00	-1.97916666666666674e+00	0	0	0
9.53259225347393491e-01	280	reference_Riemann	0.00000000000000000e+00	3.42801722331340297e+00	2.15733979563956417e+01	3	0	0	-1.97916666666666674e+00	-1.97916666666666674e+00	-1.97916666666666674e+00	0	0	0
9.53259225347393491e-01	280	spin_connection	0.00000000000000000e+00	3.42801722331340297e+00	2.15733979563956417e+01	3	0	0	-1.97916666666666674e+00	-1.97916666666666674e+00	-1.97916666666666674e+00	0	0	0
9.53259225347393491e-01	280	spin_derivative	0.00000000000000000e+00	3.42801722331340297e+00	2.15733979563956417e+01	3	0	0	-1.97916666666666674e+00	-1.97916666666666674e+00	-1.97916666666666674e+00	0	0	0
9.53259225347393491e-01	280	Psi	1.99999999999942935e+00	3.40413096676507010e+00	2.14230755733278961e+01	3	0	0	-1.97916666666666674e+00	-1.93750000000000000e+00	-1.97916666666666674e+00	0	1	0
9.53259225347393491e-01	280	Q	2.05213722491670513e-11	3.60843918243516498e-02	2.27088399541006986e-01	3	3	58	-2.08333333333333703e-02	2.08333333333333287e-02	-2.08333333333333703e-02	15	0	15
9.53259225347393491e-01	280	Delta	1.11514436016232576e-11	3.60843918243516498e-02	2.27088399541006986e-01	3	3	58	-2.08333333333333703e-02	2.08333333333333287e-02	-2.08333333333333703e-02	15	0	15
9.53259225347393491e-01	280	Pi	2.00706879342079908e-11	3.60843918243516498e-02	2.27088399541006986e-01	3	3	58	-2.08333333333333703e-02	2.08333333333333287e-02	-2.08333333333333703e-02	15	0	15
9.53259225347393491e-01	280	Phi	6.60207473578963916e-13	3.60843918243516498e-02	2.27088399541006986e-01	3	3	58	-2.08333333333333703e-02	2.08333333333333287e-02	-2.08333333333333703e-02	15	0	15
9.53259225347393491e-01	280	GH_constraint	9.07127846589226609e-12	3.60843918243516498e-02	2.27088399541006986e-01	3	3	58	-2.08333333333333703e-02	2.08333333333333287e-02	-2.08333333333333703e-02	15	0	15
9.53259225347393491e-01	280	reduction_constraint	9.79803072871249889e-12	3.42801722331340297e+00	2.15733979563956417e+01	3	10	181	1.97916666666666652e+00	-1.97916666666666674e+00	1.97916666666666652e+00	15	0	15
9.53259225347393491e-01	280	curl_constraint	4.69069572040281526e-13	3.33248687169207036e+00	2.09722007749971731e+01	3	11	215	1.97916666666666652e+00	1.89583333333333348e+00	1.89583333333333348e+00	15	13	13
9.53259225347393491e-01	280	source_curvature	6.09349269820451892e-10	3.60843918243516013e-02	2.27088399541006680e-01	3	3	63	2.08333333333333287e-02	2.08333333333333287e-02	2.08333333333333287e-02	0	0	0
9.53259225347393491e-01	280	source_QQ	7.52100677929260352e-22	3.60843918243516498e-02	2.27088399541006986e-01	3	3	58	-2.08333333333333703e-02	2.08333333333333287e-02	-2.08333333333333703e-02	15	0	15
9.53259225347393491e-01	280	source_DeltaDelta	2.24784607017296810e-22	3.60843918243516498e-02	2.27088399541006986e-01	3	3	58	-2.08333333333333703e-02	2.08333333333333287e-02	-2.08333333333333703e-02	15	0	15
9.53259225347393491e-01	280	source_damping	0.00000000000000000e+00	3.42801722331340297e+00	2.15733979563956417e+01	3	0	0	-1.97916666666666674e+00	-1.97916666666666674e+00	-1.97916666666666674e+00	0	0	0
9.53259225347393491e-01	280	source_frame_correction	4.84294124724214506e-11	3.60843918243516498e-02	2.27088399541006986e-01	3	3	58	-2.08333333333333703e-02	2.08333333333333287e-02	-2.08333333333333703e-02	15	0	15
9.53259225347393491e-01	280	Psi_RHS_Linf	2.32291609293665015e-13	2.82742951086121508e+00	1.77937443302890443e+01	3	5	98	-1.68750000000000000e+00	1.60416666666666674e+00	-1.60416666666666674e+00	7	6	9
9.53259225347393491e-01	280	Pi_RHS_Linf	2.11402348517909630e-12	1.48779758927976069e-01	9.36309457660036037e-01	3	3	58	-2.08333333333333703e-02	2.08333333333333287e-02	-1.45833333333333370e-01	15	0	12
9.53259225347393491e-01	280	Phi_RHS_Linf	4.99572492413543294e-13	2.70632938682637070e+00	1.70316299655755046e+01	3	5	98	-1.56250000000000000e+00	1.56250000000000000e+00	-1.56250000000000000e+00	10	5	10
9.53259225347393491e-01	280	Hhat_RHS_Linf	0.00000000000000000e+00	3.42801722331340297e+00	2.15733979563956417e+01	3	0	0	-1.97916666666666674e+00	-1.97916666666666674e+00	-1.97916666666666674e+00	0	0	0
9.53259225347393491e-01	280	theta_RHS_Linf	0.00000000000000000e+00	3.42801722331340297e+00	2.15733979563956417e+01	3	0	0	-1.97916666666666674e+00	-1.97916666666666674e+00	-1.97916666666666674e+00	0	0	0
9.53259225347393491e-01	280	Upsilon_RHS_Linf	0.00000000000000000e+00	3.42801722331340297e+00	2.15733979563956417e+01	3	0	0	-1.97916666666666674e+00	-1.97916666666666674e+00	-1.97916666666666674e+00	0	0	0
9.53259225347393491e-01	280	chi_beta	3.88264775877800332e+01	3.60843918243516776e-02	2.27088399541007152e-01	3	3	56	-2.08333333333333703e-02	-2.08333333333333703e-02	-2.08333333333333703e-02	15	15	15
9.53259225347393491e-01	280	chi_beta_near_r_lt_1	3.88264775877800332e+01	3.60843918243516776e-02	2.27088399541007152e-01	3	3	56	-2.08333333333333703e-02	-2.08333333333333703e-02	-2.08333333333333703e-02	15	15	15
9.53259225347393491e-01	280	chi_beta_inner_r_lt_0p5	3.88264775877800332e+01	3.60843918243516776e-02	2.27088399541007152e-01	3	3	56	-2.08333333333333703e-02	-2.08333333333333703e-02	-2.08333333333333703e-02	15	15	15
9.53259225347393491e-01	280	chi_beta_annulus_0p5_1	1.91125488339994787e+00	5.01300392313165033e-01	3.15481287127723364e+00	3	3	63	2.70833333333333259e-01	2.29166666666666630e-01	3.54166666666666574e-01	6	5	8
9.53259225347393491e-01	280	chi_beta_annulus_1_1p5	7.77645210784214447e-01	1.00065082987690235e+00	6.29735417357859539e+00	3	2	47	6.45833333333333148e-01	-7.29166666666666741e-01	2.29166666666666630e-01	15	14	5
9.53259225347393491e-01	280	chi_beta_annulus_1p5_2	4.38254956725824929e-01	1.50043396500256976e+00	9.44261855341725642e+00	3	6	117	-1.10416666666666674e+00	9.79166666666666630e-01	2.70833333333333259e-01	5	7	6
9.53259225347393491e-01	280	chi_beta_outer_r_ge_2	2.84571871002505306e-01	2.00032549434669127e+00	1.25885650860744569e+01	3	0	12	-2.70833333333333370e-01	-1.52083333333333348e+00	-1.27083333333333348e+00	9	11	1
9.53259225347393491e-01	280	chi_beta_first_ge_1	1.00000000000000000e+00	3.60843918243516776e-02	2.27088399541007152e-01	3	3	56	-2.08333333333333703e-02	-2.08333333333333703e-02	-2.08333333333333703e-02	15	15	15
1.00092218661476307e+00	294	reference_Ricci	0.00000000000000000e+00	3.42801722331340297e+00	2.22699065959529214e+01	3	0	0	-1.97916666666666674e+00	-1.97916666666666674e+00	-1.97916666666666674e+00	0	0	0
1.00092218661476307e+00	294	reference_Riemann	0.00000000000000000e+00	3.42801722331340297e+00	2.22699065959529214e+01	3	0	0	-1.97916666666666674e+00	-1.97916666666666674e+00	-1.97916666666666674e+00	0	0	0
1.00092218661476307e+00	294	spin_connection	0.00000000000000000e+00	3.42801722331340297e+00	2.22699065959529214e+01	3	0	0	-1.97916666666666674e+00	-1.97916666666666674e+00	-1.97916666666666674e+00	0	0	0
1.00092218661476307e+00	294	spin_derivative	0.00000000000000000e+00	3.42801722331340297e+00	2.22699065959529214e+01	3	0	0	-1.97916666666666674e+00	-1.97916666666666674e+00	-1.97916666666666674e+00	0	0	0
1.00092218661476307e+00	294	Psi	1.99999999999941092e+00	3.38007591548539654e+00	2.19584587887025329e+01	3	8	148	-1.93750000000000000e+00	-1.93750000000000000e+00	1.97916666666666652e+00	1	1	15
1.00092218661476307e+00	294	Q	2.00503717231801947e-11	3.60843918243516498e-02	2.34420069431083650e-01	3	3	58	-2.08333333333333703e-02	2.08333333333333287e-02	-2.08333333333333703e-02	15	0	15
1.00092218661476307e+00	294	Delta	1.09873721013725130e-11	3.60843918243516498e-02	2.34420069431083650e-01	3	3	58	-2.08333333333333703e-02	2.08333333333333287e-02	-2.08333333333333703e-02	15	0	15
1.00092218661476307e+00	294	Pi	1.95566695283807330e-11	3.60843918243516498e-02	2.34420069431083650e-01	3	3	58	-2.08333333333333703e-02	2.08333333333333287e-02	-2.08333333333333703e-02	15	0	15
1.00092218661476307e+00	294	Phi	6.62280546364369345e-13	3.24699380196513454e+00	2.10938988858139460e+01	3	5	98	-1.97916666666666674e+00	1.64583333333333348e+00	-1.97916666666666674e+00	0	7	0
1.00092218661476307e+00	294	GH_constraint	8.82517177085949480e-12	3.60843918243516498e-02	2.34420069431083650e-01	3	3	58	-2.08333333333333703e-02	2.08333333333333287e-02	-2.08333333333333703e-02	15	0	15
1.00092218661476307e+00	294	reduction_constraint	1.00988968674332586e-11	3.42801722331340297e+00	2.22699065959529214e+01	3	10	181	1.97916666666666652e+00	-1.97916666666666674e+00	1.97916666666666652e+00	15	0	15
1.00092218661476307e+00	294	curl_constraint	5.12515165743618384e-13	3.33248687169207036e+00	2.16492994434517172e+01	3	11	215	1.97916666666666652e+00	1.89583333333333348e+00	1.89583333333333348e+00	15	13	13
1.00092218661476307e+00	294	source_curvature	6.09345729231136007e-10	3.60843918243516013e-02	2.34420069431083344e-01	3	3	63	2.08333333333333287e-02	2.08333333333333287e-02	2.08333333333333287e-02	0	0	0
1.00092218661476307e+00	294	source_QQ	7.08202886458561376e-22	3.60843918243516498e-02	2.34420069431083650e-01	3	3	58	-2.08333333333333703e-02	2.08333333333333287e-02	-2.08333333333333703e-02	15	0	15
1.00092218661476307e+00	294	source_DeltaDelta	2.15822132233512897e-22	3.60843918243516498e-02	2.34420069431083650e-01	3	3	58	-2.08333333333333703e-02	2.08333333333333287e-02	-2.08333333333333703e-02	15	0	15
1.00092218661476307e+00	294	source_damping	0.00000000000000000e+00	3.42801722331340297e+00	2.22699065959529214e+01	3	0	0	-1.97916666666666674e+00	-1.97916666666666674e+00	-1.97916666666666674e+00	0	0	0
1.00092218661476307e+00	294	source_frame_correction	4.73704433568853862e-11	3.60843918243516498e-02	2.34420069431083650e-01	3	3	58	-2.08333333333333703e-02	2.08333333333333287e-02	-2.08333333333333703e-02	15	0	15
1.00092218661476307e+00	294	Psi_RHS_Linf	2.45541733107707122e-13	2.82742951086121508e+00	1.83682248400895674e+01	3	0	0	-1.68750000000000000e+00	-1.60416666666666674e+00	-1.60416666666666674e+00	7	9	9
1.00092218661476307e+00	294	Pi_RHS_Linf	2.08578064519013941e-12	1.48779758927976069e-01	9.66538707028982702e-01	3	3	58	-2.08333333333333703e-02	2.08333333333333287e-02	-1.45833333333333370e-01	15	0	12
1.00092218661476307e+00	294	Phi_RHS_Linf	4.97466224268641518e-13	2.47162719118847374e+00	1.60567765860237479e+01	3	11	215	1.56250000000000000e+00	1.35416666666666674e+00	1.35416666666666674e+00	5	0	0
1.00092218661476307e+00	294	Hhat_RHS_Linf	0.00000000000000000e+00	3.42801722331340297e+00	2.22699065959529214e+01	3	0	0	-1.97916666666666674e+00	-1.97916666666666674e+00	-1.97916666666666674e+00	0	0	0
1.00092218661476307e+00	294	theta_RHS_Linf	0.00000000000000000e+00	3.42801722331340297e+00	2.22699065959529214e+01	3	0	0	-1.97916666666666674e+00	-1.97916666666666674e+00	-1.97916666666666674e+00	0	0	0
1.00092218661476307e+00	294	Upsilon_RHS_Linf	0.00000000000000000e+00	3.42801722331340297e+00	2.22699065959529214e+01	3	0	0	-1.97916666666666674e+00	-1.97916666666666674e+00	-1.97916666666666674e+00	0	0	0
1.00092218661476307e+00	294	chi_beta	3.88264775877867478e+01	3.60843918243516776e-02	2.34420069431083844e-01	3	3	56	-2.08333333333333703e-02	-2.08333333333333703e-02	-2.08333333333333703e-02	15	15	15
1.00092218661476307e+00	294	chi_beta_near_r_lt_1	3.88264775877867478e+01	3.60843918243516776e-02	2.34420069431083844e-01	3	3	56	-2.08333333333333703e-02	-2.08333333333333703e-02	-2.08333333333333703e-02	15	15	15
1.00092218661476307e+00	294	chi_beta_inner_r_lt_0p5	3.88264775877867478e+01	3.60843918243516776e-02	2.34420069431083844e-01	3	3	56	-2.08333333333333703e-02	-2.08333333333333703e-02	-2.08333333333333703e-02	15	15	15
1.00092218661476307e+00	294	chi_beta_annulus_0p5_1	1.91125488339994809e+00	5.01300392313165144e-01	3.25666768457426015e+00	3	3	61	4.79166666666666574e-01	-1.04166666666666630e-01	1.04166666666666644e-01	11	13	2
1.00092218661476307e+00	294	chi_beta_annulus_1_1p5	7.77645210784214225e-01	1.00065082987690213e+00	6.50066760603438798e+00	3	5	92	7.29166666666666519e-01	-2.29166666666666685e-01	6.45833333333333148e-01	1	10	15
1.00092218661476307e+00	294	chi_beta_annulus_1p5_2	4.38254956725824929e-01	1.50043396500256976e+00	9.74747852103998547e+00	3	2	47	5.20833333333333259e-01	-1.27083333333333348e+00	6.04166666666666519e-01	12	1	14
1.00092218661476307e+00	294	chi_beta_outer_r_ge_2	2.84571871002505361e-01	2.00032549434669127e+00	1.29949936125310703e+01	3	0	10	-2.70833333333333370e-01	-1.27083333333333348e+00	-1.52083333333333348e+00	9	1	11
1.00092218661476307e+00	294	chi_beta_first_ge_1	1.00000000000000000e+00	3.60843918243516776e-02	2.34420069431083844e-01	3	3	56	-2.08333333333333703e-02	-2.08333333333333703e-02	-2.08333333333333703e-02	15	15	15
1.05198964511551618e+00	309	reference_Ricci	0.00000000000000000e+00	3.42801722331340297e+00	2.30411387479294625e+01	3	0	0	-1.97916666666666674e+00	-1.97916666666666674e+00	-1.97916666666666674e+00	0	0	0
1.05198964511551618e+00	309	reference_Riemann	0.00000000000000000e+00	3.42801722331340297e+00	2.30411387479294625e+01	3	0	0	-1.97916666666666674e+00	-1.97916666666666674e+00	-1.97916666666666674e+00	0	0	0
1.05198964511551618e+00	309	spin_connection	0.00000000000000000e+00	3.42801722331340297e+00	2.30411387479294625e+01	3	0	0	-1.97916666666666674e+00	-1.97916666666666674e+00	-1.97916666666666674e+00	0	0	0
1.05198964511551618e+00	309	spin_derivative	0.00000000000000000e+00	3.42801722331340297e+00	2.30411387479294625e+01	3	0	0	-1.97916666666666674e+00	-1.97916666666666674e+00	-1.97916666666666674e+00	0	0	0
1.05198964511551618e+00	309	Psi	1.99999999999939027e+00	3.38007591548539654e+00	2.27189051494778766e+01	3	8	148	-1.93750000000000000e+00	-1.93750000000000000e+00	1.97916666666666652e+00	1	1	15
1.05198964511551618e+00	309	Q	1.95621462262205620e-11	3.60843918243516498e-02	2.42538302609784095e-01	3	3	58	-2.08333333333333703e-02	2.08333333333333287e-02	-2.08333333333333703e-02	15	0	15
1.05198964511551618e+00	309	Delta	1.08208786512412874e-11	3.60843918243516498e-02	2.42538302609784095e-01	3	3	58	-2.08333333333333703e-02	2.08333333333333287e-02	-2.08333333333333703e-02	15	0	15
1.05198964511551618e+00	309	Pi	1.90202807993736561e-11	3.60843918243516498e-02	2.42538302609784095e-01	3	3	58	-2.08333333333333703e-02	2.08333333333333287e-02	-2.08333333333333703e-02	15	0	15
1.05198964511551618e+00	309	Phi	6.91578081336489923e-13	3.16577564218734020e+00	2.12785033051700196e+01	3	7	131	1.47916666666666674e+00	1.97916666666666652e+00	-1.97916666666666674e+00	3	15	0
1.05198964511551618e+00	309	GH_constraint	8.57407880175230768e-12	3.60843918243516498e-02	2.42538302609784095e-01	3	3	58	-2.08333333333333703e-02	2.08333333333333287e-02	-2.08333333333333703e-02	15	0	15
1.05198964511551618e+00	309	reduction_constraint	1.04544675442493634e-11	3.42801722331340297e+00	2.30411387479294625e+01	3	10	181	1.97916666666666652e+00	-1.97916666666666674e+00	1.97916666666666652e+00	15	0	15
1.05198964511551618e+00	309	curl_constraint	5.59403873350660560e-13	3.33248687169207036e+00	2.23990392650633652e+01	3	11	215	1.97916666666666652e+00	1.89583333333333348e+00	1.89583333333333348e+00	15	13	13
1.05198964511551618e+00	309	source_curvature	6.09340331331460322e-10	3.60843918243516013e-02	2.42538302609783762e-01	3	3	63	2.08333333333333287e-02	2.08333333333333287e-02	2.08333333333333287e-02	0	0	0
1.05198964511551618e+00	309	source_QQ	6.63557322729354699e-22	3.60843918243516498e-02	2.42538302609784095e-01	3	3	58	-2.08333333333333703e-02	2.08333333333333287e-02	-2.08333333333333703e-02	15	0	15
1.05198964511551618e+00	309	source_DeltaDelta	2.06734592507614133e-22	3.60843918243516498e-02	2.42538302609784095e-01	3	3	58	-2.08333333333333703e-02	2.08333333333333287e-02	-2.08333333333333703e-02	15	0	15
1.05198964511551618e+00	309	source_damping	0.00000000000000000e+00	3.42801722331340297e+00	2.30411387479294625e+01	3	0	0	-1.97916666666666674e+00	-1.97916666666666674e+00	-1.97916666666666674e+00	0	0	0
1.05198964511551618e+00	309	source_frame_correction	4.62697368412486106e-11	3.60843918243516498e-02	2.42538302609784095e-01	3	3	58	-2.08333333333333703e-02	2.08333333333333287e-02	-2.08333333333333703e-02	15	0	15
1.05198964511551618e+00	309	Psi_RHS_Linf	2.57387021683132795e-13	2.77849817047507397e+00	1.86754493009533533e+01	3	0	0	-1.60416666666666674e+00	-1.60416666666666674e+00	-1.60416666666666674e+00	9	9	9
1.05198964511551618e+00	309	Pi_RHS_Linf	2.04185885222478111e-12	1.48779758927976069e-01	1.00001103991815832e+00	3	3	58	-2.08333333333333703e-02	2.08333333333333287e-02	-1.45833333333333370e-01	15	0	12
1.05198964511551618e+00	309	Phi_RHS_Linf	5.21425391504630038e-13	2.19245470623429073e+00	1.47364058562306681e+01	3	1	32	-1.52083333333333348e+00	-1.56250000000000000e+00	-2.29166666666666685e-01	11	10	10
1.05198964511551618e+00	309	Hhat_RHS_Linf	0.00000000000000000e+00	3.42801722331340297e+00	2.30411387479294625e+01	3	0	0	-1.97916666666666674e+00	-1.97916666666666674e+00	-1.97916666666666674e+00	0	0	0
1.05198964511551618e+00	309	theta_RHS_Linf	0.00000000000000000e+00	3.42801722331340297e+00	2.30411387479294625e+01	3	0	0	-1.97916666666666674e+00	-1.97916666666666674e+00	-1.97916666666666674e+00	0	0	0
1.05198964511551618e+00	309	Upsilon_RHS_Linf	0.00000000000000000e+00	3.42801722331340297e+00	2.30411387479294625e+01	3	0	0	-1.97916666666666674e+00	-1.97916666666666674e+00	-1.97916666666666674e+00	0	0	0
1.05198964511551618e+00	309	chi_beta	3.88264775877826764e+01	3.60843918243516776e-02	2.42538302609784262e-01	3	3	56	-2.08333333333333703e-02	-2.08333333333333703e-02	-2.08333333333333703e-02	15	15	15
1.05198964511551618e+00	309	chi_beta_near_r_lt_1	3.88264775877826764e+01	3.60843918243516776e-02	2.42538302609784262e-01	3	3	56	-2.08333333333333703e-02	-2.08333333333333703e-02	-2.08333333333333703e-02	15	15	15
1.05198964511551618e+00	309	chi_beta_inner_r_lt_0p5	3.88264775877826764e+01	3.60843918243516776e-02	2.42538302609784262e-01	3	3	56	-2.08333333333333703e-02	-2.08333333333333703e-02	-2.08333333333333703e-02	15	15	15
1.05198964511551618e+00	309	chi_beta_annulus_0p5_1	1.91125488339994853e+00	5.01300392313165033e-01	3.36944978430264808e+00	3	3	63	3.54166666666666574e-01	2.29166666666666630e-01	2.70833333333333259e-01	8	5	6
1.05198964511551618e+00	309	chi_beta_annulus_1_1p5	7.77645210784214669e-01	1.00065082987690235e+00	6.72579310647080231e+00	3	2	51	-7.29166666666666741e-01	6.45833333333333148e-01	-2.29166666666666685e-01	14	15	10
1.05198964511551618e+00	309	chi_beta_annulus_1p5_2	4.38254956725825040e-01	1.50043396500256976e+00	1.00850447700826695e+01	3	4	86	9.79166666666666630e-01	-1.10416666666666674e+00	2.70833333333333259e-01	7	5	6
1.05198964511551618e+00	309	chi_beta_outer_r_ge_2	2.84571871002505195e-01	2.00032549434669127e+00	1.34450249966112825e+01	3	0	5	-1.10416666666666674e+00	-1.47916666666666674e+00	-7.70833333333333370e-01	5	12	13
1.05198964511551618e+00	309	chi_beta_first_ge_1	1.00000000000000000e+00	3.60843918243516776e-02	2.42538302609784262e-01	3	3	56	-2.08333333333333703e-02	-2.08333333333333703e-02	-2.08333333333333703e-02	15	15	15
1.10305710361626930e+00	324	reference_Ricci	0.00000000000000000e+00	3.42801722331340297e+00	2.38390795450311934e+01	3	0	0	-1.97916666666666674e+00	-1.97916666666666674e+00	-1.97916666666666674e+00	0	0	0
1.10305710361626930e+00	324	reference_Riemann	0.00000000000000000e+00	3.42801722331340297e+00	2.38390795450311934e+01	3	0	0	-1.97916666666666674e+00	-1.97916666666666674e+00	-1.97916666666666674e+00	0	0	0
1.10305710361626930e+00	324	spin_connection	0.00000000000000000e+00	3.42801722331340297e+00	2.38390795450311934e+01	3	0	0	-1.97916666666666674e+00	-1.97916666666666674e+00	-1.97916666666666674e+00	0	0	0
1.10305710361626930e+00	324	spin_derivative	0.00000000000000000e+00	3.42801722331340297e+00	2.38390795450311934e+01	3	0	0	-1.97916666666666674e+00	-1.97916666666666674e+00	-1.97916666666666674e+00	0	0	0
1.10305710361626930e+00	324	Psi	1.99999999999936873e+00	3.38007591548539654e+00	2.35056866311822930e+01	3	8	148	-1.93750000000000000e+00	-1.93750000000000000e+00	1.97916666666666652e+00	1	1	15
1.10305710361626930e+00	324	Q	1.90908909142514360e-11	3.60843918243516498e-02	2.50937679421381232e-01	3	3	58	-2.08333333333333703e-02	2.08333333333333287e-02	-2.08333333333333703e-02	15	0	15
1.10305710361626930e+00	324	Delta	1.06635962125832607e-11	3.60843918243516498e-02	2.50937679421381232e-01	3	3	58	-2.08333333333333703e-02	2.08333333333333287e-02	-2.08333333333333703e-02	15	0	15
1.10305710361626930e+00	324	Pi	1.84992496693320274e-11	3.60843918243516498e-02	2.50937679421381232e-01	3	3	58	-2.08333333333333703e-02	2.08333333333333287e-02	-2.08333333333333703e-02	15	0	15
1.10305710361626930e+00	324	Phi	7.19371864309010838e-13	3.16577564218734020e+00	2.20154020354892808e+01	3	7	131	1.47916666666666674e+00	1.97916666666666652e+00	-1.97916666666666674e+00	3	15	0
1.10305710361626930e+00	324	GH_constraint	8.33508885681808540e-12	3.60843918243516498e-02	2.50937679421381232e-01	3	3	58	-2.08333333333333703e-02	2.08333333333333287e-02	-2.08333333333333703e-02	15	0	15
1.10305710361626930e+00	324	reduction_constraint	1.07860059341059835e-11	3.42801722331340297e+00	2.38390795450311934e+01	3	10	181	1.97916666666666652e+00	-1.97916666666666674e+00	1.97916666666666652e+00	15	0	15
1.10305710361626930e+00	324	curl_constraint	6.06823120936997196e-13	3.33248687169207036e+00	2.31747434279960096e+01	3	11	215	1.97916666666666652e+00	1.89583333333333348e+00	1.89583333333333348e+00	15	13	13
1.10305710361626930e+00	324	source_curvature	6.09335498517857985e-10	3.60843918243516013e-02	2.50937679421380899e-01	3	3	63	2.08333333333333287e-02	2.08333333333333287e-02	2.08333333333333287e-02	0	0	0
1.10305710361626930e+00	324	source_QQ	6.21340804480877444e-22	3.60843918243516498e-02	2.50937679421381232e-01	3	3	58	-2.08333333333333703e-02	2.08333333333333287e-02	-2.08333333333333703e-02	15	0	15
1.10305710361626930e+00	324	source_DeltaDelta	1.98148499835105769e-22	3.60843918243516498e-02	2.50937679421381232e-01	3	3	58	-2.08333333333333703e-02	2.08333333333333287e-02	-2.08333333333333703e-02	15	0	15
1.10305710361626930e+00	324	source_damping	0.00000000000000000e+00	3.42801722331340297e+00	2.38390795450311934e+01	3	0	0	-1.97916666666666674e+00	-1.97916666666666674e+00	-1.97916666666666674e+00	0	0	0
1.10305710361626930e+00	324	source_frame_correction	4.52051906777606910e-11	3.60843918243516498e-02	2.50937679421381232e-01	3	3	58	-2.08333333333333703e-02	2.08333333333333287e-02	-2.08333333333333703e-02	15	0	15
1.10305710361626930e+00	324	Psi_RHS_Linf	2.62481911934353159e-13	2.77849817047507397e+00	1.93222013154463355e+01	3	0	0	-1.60416666666666674e+00	-1.60416666666666674e+00	-1.60416666666666674e+00	9	9	9
1.10305710361626930e+00	324	Pi_RHS_Linf	1.98198284201363342e-12	1.48779758927976069e-01	1.03464255770173708e+00	3	3	58	-2.08333333333333703e-02	2.08333333333333287e-02	-1.45833333333333370e-01	15	0	12
1.10305710361626930e+00	324	Phi_RHS_Linf	5.05301246485891787e-13	2.12571474907722369e+00	1.47826220500482695e+01	3	6	118	-1.56250000000000000e+00	1.43750000000000022e+00	1.04166666666666644e-01	10	2	2
1.10305710361626930e+00	324	Hhat_RHS_Linf	0.00000000000000000e+00	3.42801722331340297e+00	2.38390795450311934e+01	3	0	0	-1.97916666666666674e+00	-1.97916666666666674e+00	-1.97916666666666674e+00	0	0	0
1.10305710361626930e+00	324	theta_RHS_Linf	0.00000000000000000e+00	3.42801722331340297e+00	2.38390795450311934e+01	3	0	0	-1.97916666666666674e+00	-1.97916666666666674e+00	-1.97916666666666674e+00	0	0	0
1.10305710361626930e+00	324	Upsilon_RHS_Linf	0.00000000000000000e+00	3.42801722331340297e+00	2.38390795450311934e+01	3	0	0	-1.97916666666666674e+00	-1.97916666666666674e+00	-1.97916666666666674e+00	0	0	0
1.10305710361626930e+00	324	chi_beta	3.88264775877857744e+01	3.60843918243516776e-02	2.50937679421381454e-01	3	3	56	-2.08333333333333703e-02	-2.08333333333333703e-02	-2.08333333333333703e-02	15	15	15
1.10305710361626930e+00	324	chi_beta_near_r_lt_1	3.88264775877857744e+01	3.60843918243516776e-02	2.50937679421381454e-01	3	3	56	-2.08333333333333703e-02	-2.08333333333333703e-02	-2.08333333333333703e-02	15	15	15
1.10305710361626930e+00	324	chi_beta_inner_r_lt_0p5	3.88264775877857744e+01	3.60843918243516776e-02	2.50937679421381454e-01	3	3	56	-2.08333333333333703e-02	-2.08333333333333703e-02	-2.08333333333333703e-02	15	15	15
1.10305710361626930e+00	324	chi_beta_annulus_0p5_1	1.91125488339994942e+00	5.01300392313165033e-01	3.48613765620404470e+00	3	3	63	2.29166666666666630e-01	3.54166666666666574e-01	2.70833333333333259e-01	5	8	6
1.10305710361626930e+00	324	chi_beta_annulus_1_1p5	7.77645210784214669e-01	1.00065082987690235e+00	6.95871495860803257e+00	3	3	60	-6.04166666666666741e-01	-5.20833333333333370e-01	6.04166666666666519e-01	1	3	14
1.10305710361626930e+00	324	chi_beta_annulus_1p5_2	4.38254956725825262e-01	1.50043396500256976e+00	1.04343013216222307e+01	3	6	117	-1.10416666666666674e+00	9.79166666666666630e-01	2.70833333333333259e-01	5	7	6
1.10305710361626930e+00	324	chi_beta_outer_r_ge_2	2.84571871002505195e-01	2.00032549434669127e+00	1.39106414785142345e+01	3	0	5	-1.10416666666666674e+00	-1.47916666666666674e+00	-7.70833333333333370e-01	5	12	13
1.10305710361626930e+00	324	chi_beta_first_ge_1	1.00000000000000000e+00	3.60843918243516776e-02	2.50937679421381454e-01	3	3	56	-2.08333333333333703e-02	-2.08333333333333703e-02	-2.08333333333333703e-02	15	15	15
1.15072006488363887e+00	338	reference_Ricci	0.00000000000000000e+00	3.42801722331340297e+00	2.46087369210165576e+01	3	0	0	-1.97916666666666674e+00	-1.97916666666666674e+00	-1.97916666666666674e+00	0	0	0
1.15072006488363887e+00	338	reference_Riemann	0.00000000000000000e+00	3.42801722331340297e+00	2.46087369210165576e+01	3	0	0	-1.97916666666666674e+00	-1.97916666666666674e+00	-1.97916666666666674e+00	0	0	0
1.15072006488363887e+00	338	spin_connection	0.00000000000000000e+00	3.42801722331340297e+00	2.46087369210165576e+01	3	0	0	-1.97916666666666674e+00	-1.97916666666666674e+00	-1.97916666666666674e+00	0	0	0
1.15072006488363887e+00	338	spin_derivative	0.00000000000000000e+00	3.42801722331340297e+00	2.46087369210165576e+01	3	0	0	-1.97916666666666674e+00	-1.97916666666666674e+00	-1.97916666666666674e+00	0	0	0
1.15072006488363887e+00	338	Psi	1.99999999999935052e+00	3.38007591548539699e+00	2.42645802394324051e+01	3	0	0	-1.93750000000000000e+00	-1.93750000000000000e+00	-1.97916666666666674e+00	1	1	0
1.15072006488363887e+00	338	Q	1.86669794389961986e-11	3.60843918243516498e-02	2.59039336010700894e-01	3	3	58	-2.08333333333333703e-02	2.08333333333333287e-02	-2.08333333333333703e-02	15	0	15
1.15072006488363887e+00	338	Delta	1.05251157377753621e-11	3.60843918243516498e-02	2.59039336010700894e-01	3	3	58	-2.08333333333333703e-02	2.08333333333333287e-02	-2.08333333333333703e-02	15	0	15
1.15072006488363887e+00	338	Pi	1.80272260669704838e-11	3.60843918243516498e-02	2.59039336010700894e-01	3	3	58	-2.08333333333333703e-02	2.08333333333333287e-02	-2.08333333333333703e-02	15	0	15
1.15072006488363887e+00	338	Phi	7.43267059700920613e-13	3.16577564218734020e+00	2.27261810120806551e+01	3	7	131	1.97916666666666652e+00	1.47916666666666674e+00	-1.97916666666666674e+00	15	3	0
1.15072006488363887e+00	338	GH_constraint	8.12357187552461644e-12	3.60843918243516498e-02	2.59039336010700894e-01	3	3	58	-2.08333333333333703e-02	2.08333333333333287e-02	-2.08333333333333703e-02	15	0	15
1.15072006488363887e+00	338	reduction_constraint	1.11164047121763539e-11	3.42801722331340297e+00	2.46087369210165576e+01	3	10	181	1.97916666666666652e+00	-1.97916666666666674e+00	1.97916666666666652e+00	15	0	15
1.15072006488363887e+00	338	curl_constraint	6.51476707414264269e-13	3.33248687169207036e+00	2.39229523587239292e+01	3	11	215	1.97916666666666652e+00	1.89583333333333348e+00	1.89583333333333348e+00	15	13	13
1.15072006488363887e+00	338	source_curvature	6.09329913768097530e-10	3.60843918243516013e-02	2.59039336010700560e-01	3	3	63	2.08333333333333287e-02	2.08333333333333287e-02	2.08333333333333287e-02	0	0	0
1.15072006488363887e+00	338	source_QQ	5.84086103582449222e-22	3.60843918243516498e-02	2.59039336010700894e-01	3	3	58	-2.08333333333333703e-02	2.08333333333333287e-02	-2.08333333333333703e-02	15	0	15
1.15072006488363887e+00	338	source_DeltaDelta	1.90579117779356454e-22	3.60843918243516498e-02	2.59039336010700894e-01	3	3	58	-2.08333333333333703e-02	2.08333333333333287e-02	-2.08333333333333703e-02	15	0	15
1.15072006488363887e+00	338	source_damping	0.00000000000000000e+00	3.42801722331340297e+00	2.46087369210165576e+01	3	0	0	-1.97916666666666674e+00	-1.97916666666666674e+00	-1.97916666666666674e+00	0	0	0
1.15072006488363887e+00	338	source_frame_correction	4.42445421175793478e-11	3.60843918243516498e-02	2.59039336010700894e-01	3	3	58	-2.08333333333333703e-02	2.08333333333333287e-02	-2.08333333333333703e-02	15	0	15
1.15072006488363887e+00	338	Psi_RHS_Linf	2.62554679576993489e-13	2.78099639917462360e+00	1.99639629288192459e+01	3	5	98	-1.68750000000000000e+00	1.52083333333333348e+00	-1.60416666666666674e+00	7	4	9
1.15072006488363887e+00	338	Pi_RHS_Linf	1.91570751433571644e-12	1.48779758927976041e-01	1.06804654356198325e+00	3	3	58	-2.08333333333333703e-02	1.45833333333333315e-01	-2.08333333333333703e-02	15	3	15
1.15072006488363887e+00	338	Phi_RHS_Linf	5.31415349050037808e-13	2.56199181952896460e+00	1.83917928567597464e+01	3	7	131	1.47916666666666674e+00	1.47916666666666674e+00	-1.47916666666666674e+00	3	3	12
1.15072006488363887e+00	338	Hhat_RHS_Linf	0.00000000000000000e+00	3.42801722331340297e+00	2.46087369210165576e+01	3	0	0	-1.97916666666666674e+00	-1.97916666666666674e+00	-1.97916666666666674e+00	0	0	0
1.15072006488363887e+00	338	theta_RHS_Linf	0.00000000000000000e+00	3.42801722331340297e+00	2.46087369210165576e+01	3	0	0	-1.97916666666666674e+00	-1.97916666666666674e+00	-1.97916666666666674e+00	0	0	0
1.15072006488363887e+00	338	Upsilon_RHS_Linf	0.00000000000000000e+00	3.42801722331340297e+00	2.46087369210165576e+01	3	0	0	-1.97916666666666674e+00	-1.97916666666666674e+00	-1.97916666666666674e+00	0	0	0
1.15072006488363887e+00	338	chi_beta	3.88264775877842609e+01	3.60843918243516776e-02	2.59039336010701116e-01	3	3	56	-2.08333333333333703e-02	-2.08333333333333703e-02	-2.08333333333333703e-02	15	15	15
1.15072006488363887e+00	338	chi_beta_near_r_lt_1	3.88264775877842609e+01	3.60843918243516776e-02	2.59039336010701116e-01	3	3	56	-2.08333333333333703e-02	-2.08333333333333703e-02	-2.08333333333333703e-02	15	15	15
1.15072006488363887e+00	338	chi_beta_inner_r_lt_0p5	3.88264775877842609e+01	3.60843918243516776e-02	2.59039336010701116e-01	3	3	56	-2.08333333333333703e-02	-2.08333333333333703e-02	-2.08333333333333703e-02	15	15	15
1.15072006488363887e+00	338	chi_beta_annulus_0p5_1	1.91125488339994920e+00	5.01300392313165033e-01	3.59868946659292499e+00	3	3	59	2.70833333333333259e-01	3.54166666666666574e-01	-2.29166666666666685e-01	6	8	10
1.15072006488363887e+00	338	chi_beta_annulus_1_1p5	7.77645210784214891e-01	1.00065082987690235e+00	7.18338077614328618e+00	3	3	58	-6.04166666666666741e-01	6.04166666666666519e-01	-5.20833333333333370e-01	1	14	3
1.15072006488363887e+00	338	chi_beta_annulus_1p5_2	4.38254956725825096e-01	1.50043396500256998e+00	1.07711782954278039e+01	3	2	39	-1.10416666666666674e+00	-8.95833333333333481e-01	4.79166666666666574e-01	5	10	11
1.15072006488363887e+00	338	chi_beta_outer_r_ge_2	2.84571871002504917e-01	2.00032549434669127e+00	1.43597539452268190e+01	3	0	5	-1.10416666666666674e+00	-1.47916666666666674e+00	-7.70833333333333370e-01	5	12	13
1.15072006488363887e+00	338	chi_beta_first_ge_1	1.00000000000000000e+00	3.60843918243516776e-02	2.59039336010701116e-01	3	3	56	-2.08333333333333703e-02	-2.08333333333333703e-02	-2.08333333333333703e-02	15	15	15
1.20178752338439199e+00	353	reference_Ricci	0.00000000000000000e+00	3.42801722331340297e+00	2.54609654227952475e+01	3	0	0	-1.97916666666666674e+00	-1.97916666666666674e+00	-1.97916666666666674e+00	0	0	0
1.20178752338439199e+00	353	reference_Riemann	0.00000000000000000e+00	3.42801722331340297e+00	2.54609654227952475e+01	3	0	0	-1.97916666666666674e+00	-1.97916666666666674e+00	-1.97916666666666674e+00	0	0	0
1.20178752338439199e+00	353	spin_connection	0.00000000000000000e+00	3.42801722331340297e+00	2.54609654227952475e+01	3	0	0	-1.97916666666666674e+00	-1.97916666666666674e+00	-1.97916666666666674e+00	0	0	0
1.20178752338439199e+00	353	spin_derivative	0.00000000000000000e+00	3.42801722331340297e+00	2.54609654227952475e+01	3	0	0	-1.97916666666666674e+00	-1.97916666666666674e+00	-1.97916666666666674e+00	0	0	0
1.20178752338439199e+00	353	Psi	1.99999999999933342e+00	3.38007591548539699e+00	2.51048902045521416e+01	3	0	0	-1.93750000000000000e+00	-1.93750000000000000e+00	-1.97916666666666674e+00	1	1	0
1.20178752338439199e+00	353	Q	1.82297579227086771e-11	3.60843918243516498e-02	2.68010162345213410e-01	3	3	58	-2.08333333333333703e-02	2.08333333333333287e-02	-2.08333333333333703e-02	15	0	15
1.20178752338439199e+00	353	Delta	1.03853892512419729e-11	3.60843918243516498e-02	2.68010162345213410e-01	3	3	58	-2.08333333333333703e-02	2.08333333333333287e-02	-2.08333333333333703e-02	15	0	15
1.20178752338439199e+00	353	Pi	1.75371650850770318e-11	3.60843918243516498e-02	2.68010162345213410e-01	3	3	58	-2.08333333333333703e-02	2.08333333333333287e-02	-2.08333333333333703e-02	15	0	15
1.20178752338439199e+00	353	Phi	7.68877855608980187e-13	3.42801722331340297e+00	2.54609654227952475e+01	3	11	215	1.97916666666666652e+00	1.97916666666666652e+00	1.97916666666666652e+00	15	15	15
1.20178752338439199e+00	353	GH_constraint	7.90849436356398979e-12	3.60843918243516498e-02	2.68010162345213410e-01	3	3	58	-2.08333333333333703e-02	2.08333333333333287e-02	-2.08333333333333703e-02	15	0	15
1.20178752338439199e+00	353	reduction_constraint	1.14211719674249270e-11	3.42801722331340297e+00	2.54609654227952475e+01	3	3	65	1.97916666666666652e+00	-1.97916666666666674e+00	-1.97916666666666674e+00	15	0	0
1.20178752338439199e+00	353	curl_constraint	6.99624659093448364e-13	3.33248687169207036e+00	2.47514313624303881e+01	3	11	215	1.97916666666666652e+00	1.89583333333333348e+00	1.89583333333333348e+00	15	13	13
1.20178752338439199e+00	353	source_curvature	6.09324821473058111e-10	3.60843918243516013e-02	2.68010162345213077e-01	3	3	63	2.08333333333333287e-02	2.08333333333333287e-02	2.08333333333333287e-02	0	0	0
1.20178752338439199e+00	353	source_QQ	5.46423630965064363e-22	3.60843918243516498e-02	2.68010162345213410e-01	3	3	58	-2.08333333333333703e-02	2.08333333333333287e-02	-2.08333333333333703e-02	15	0	15
1.20178752338439199e+00	353	source_DeltaDelta	1.82916087319526406e-22	3.60843918243516498e-02	2.68010162345213410e-01	3	3	58	-2.08333333333333703e-02	2.08333333333333287e-02	-2.08333333333333703e-02	15	0	15
1.20178752338439199e+00	353	source_damping	0.00000000000000000e+00	3.42801722331340297e+00	2.54609654227952475e+01	3	0	0	-1.97916666666666674e+00	-1.97916666666666674e+00	-1.97916666666666674e+00	0	0	0
1.20178752338439199e+00	353	source_frame_correction	4.32505706845192784e-11	3.60843918243516498e-02	2.68010162345213410e-01	3	3	58	-2.08333333333333703e-02	2.08333333333333287e-02	-2.08333333333333703e-02	15	0	15
1.20178752338439199e+00	353	Psi_RHS_Linf	2.74039285430551631e-13	2.68313599170821027e+00	1.99284975130635509e+01	3	8	148	-1.60416666666666674e+00	-1.52083333333333348e+00	1.52083333333333348e+00	9	11	4
1.20178752338439199e+00	353	Pi_RHS_Linf	1.85361381078706445e-12	1.48779758927976041e-01	1.10503420808825070e+00	3	3	58	-2.08333333333333703e-02	1.45833333333333315e-01	-2.08333333333333703e-02	15	3	15
1.20178752338439199e+00	353	Phi_RHS_Linf	5.29390921437568329e-13	2.18769840370092084e+00	1.62487262413153601e+01	3	8	144	-1.43750000000000000e+00	-1.47916666666666674e+00	7.29166666666666519e-01	13	12	1
1.20178752338439199e+00	353	Hhat_RHS_Linf	0.00000000000000000e+00	3.42801722331340297e+00	2.54609654227952475e+01	3	0	0	-1.97916666666666674e+00	-1.97916666666666674e+00	-1.97916666666666674e+00	0	0	0
1.20178752338439199e+00	353	theta_RHS_Linf	0.00000000000000000e+00	3.42801722331340297e+00	2.54609654227952475e+01	3	0	0	-1.97916666666666674e+00	-1.97916666666666674e+00	-1.97916666666666674e+00	0	0	0
1.20178752338439199e+00	353	Upsilon_RHS_Linf	0.00000000000000000e+00	3.42801722331340297e+00	2.54609654227952475e+01	3	0	0	-1.97916666666666674e+00	-1.97916666666666674e+00	-1.97916666666666674e+00	0	0	0
1.20178752338439199e+00	353	chi_beta	3.88264775877839483e+01	3.60843918243516776e-02	2.68010162345213632e-01	3	3	56	-2.08333333333333703e-02	-2.08333333333333703e-02	-2.08333333333333703e-02	15	15	15
1.20178752338439199e+00	353	chi_beta_near_r_lt_1	3.88264775877839483e+01	3.60843918243516776e-02	2.68010162345213632e-01	3	3	56	-2.08333333333333703e-02	-2.08333333333333703e-02	-2.08333333333333703e-02	15	15	15
1.20178752338439199e+00	353	chi_beta_inner_r_lt_0p5	3.88264775877839483e+01	3.60843918243516776e-02	2.68010162345213632e-01	3	3	56	-2.08333333333333703e-02	-2.08333333333333703e-02	-2.08333333333333703e-02	15	15	15
1.20178752338439199e+00	353	chi_beta_annulus_0p5_1	1.91125488339994987e+00	5.01300392313165144e-01	3.72331616898422180e+00	3	3	57	4.79166666666666574e-01	-2.08333333333333703e-02	-1.45833333333333370e-01	11	15	12
1.20178752338439199e+00	353	chi_beta_annulus_1_1p5	7.77645210784214669e-01	1.00065082987690235e+00	7.43214940885316633e+00	3	1	29	6.45833333333333148e-01	-2.29166666666666685e-01	-7.29166666666666741e-01	15	10	14
1.20178752338439199e+00	353	chi_beta_annulus_1p5_2	4.38254956725824929e-01	1.50043396500256976e+00	1.11441964300263319e+01	3	4	86	9.79166666666666630e-01	-1.10416666666666674e+00	2.70833333333333259e-01	7	5	6
1.20178752338439199e+00	353	chi_beta_outer_r_ge_2	2.84571871002504695e-01	2.00032549434669127e+00	1.48570485292572503e+01	3	0	5	-1.10416666666666674e+00	-1.47916666666666674e+00	-7.70833333333333370e-01	5	12	13
1.20178752338439199e+00	353	chi_beta_first_ge_1	1.00000000000000000e+00	3.60843918243516776e-02	2.68010162345213632e-01	3	3	56	-2.08333333333333703e-02	-2.08333333333333703e-02	-2.08333333333333703e-02	15	15	15
1.25285498188514510e+00	368	reference_Ricci	0.00000000000000000e+00	3.42801722331340297e+00	2.63427075652607741e+01	3	0	0	-1.97916666666666674e+00	-1.97916666666666674e+00	-1.97916666666666674e+00	0	0	0
1.25285498188514510e+00	368	reference_Riemann	0.00000000000000000e+00	3.42801722331340297e+00	2.63427075652607741e+01	3	0	0	-1.97916666666666674e+00	-1.97916666666666674e+00	-1.97916666666666674e+00	0	0	0
1.25285498188514510e+00	368	spin_connection	0.00000000000000000e+00	3.42801722331340297e+00	2.63427075652607741e+01	3	0	0	-1.97916666666666674e+00	-1.97916666666666674e+00	-1.97916666666666674e+00	0	0	0
1.25285498188514510e+00	368	spin_derivative	0.00000000000000000e+00	3.42801722331340297e+00	2.63427075652607741e+01	3	0	0	-1.97916666666666674e+00	-1.97916666666666674e+00	-1.97916666666666674e+00	0	0	0
1.25285498188514510e+00	368	Psi	1.99999999999931299e+00	3.38007591548539699e+00	2.59743010579012150e+01	3	0	0	-1.93750000000000000e+00	-1.93750000000000000e+00	-1.97916666666666674e+00	1	1	0
1.25285498188514510e+00	368	Q	1.78103630307636618e-11	3.60843918243516498e-02	2.77291658581692690e-01	3	3	58	-2.08333333333333703e-02	2.08333333333333287e-02	-2.08333333333333703e-02	15	0	15
1.25285498188514510e+00	368	Delta	1.02543466883237062e-11	3.60843918243516498e-02	2.77291658581692690e-01	3	3	58	-2.08333333333333703e-02	2.08333333333333287e-02	-2.08333333333333703e-02	15	0	15
1.25285498188514510e+00	368	Pi	1.70636547783547710e-11	3.60843918243516498e-02	2.77291658581692690e-01	3	3	58	-2.08333333333333703e-02	2.08333333333333287e-02	-2.08333333333333703e-02	15	0	15
1.25285498188514510e+00	368	Phi	7.95102500505826139e-13	3.42801722331340297e+00	2.63427075652607741e+01	3	3	65	1.97916666666666652e+00	-1.97916666666666674e+00	-1.97916666666666674e+00	15	0	0
1.25285498188514510e+00	368	GH_constraint	7.70546472577554490e-12	3.60843918243516498e-02	2.77291658581692690e-01	3	3	58	-2.08333333333333703e-02	2.08333333333333287e-02	-2.08333333333333703e-02	15	0	15
1.25285498188514510e+00	368	reduction_constraint	1.17806835793139907e-11	3.42801722331340297e+00	2.63427075652607741e+01	3	3	65	1.97916666666666652e+00	-1.97916666666666674e+00	-1.97916666666666674e+00	15	0	0
1.25285498188514510e+00	368	curl_constraint	7.47900063808505025e-13	3.33248687169207036e+00	2.56086015347388773e+01	3	11	215	1.97916666666666652e+00	1.89583333333333348e+00	1.89583333333333348e+00	15	13	13
1.25285498188514510e+00	368	source_curvature	6.09319200943536981e-10	3.60843918243516013e-02	2.77291658581692302e-01	3	3	63	2.08333333333333287e-02	2.08333333333333287e-02	2.08333333333333287e-02	0	0	0
1.25285498188514510e+00	368	source_QQ	5.11023514193131448e-22	3.60843918243516498e-02	2.77291658581692690e-01	3	3	58	-2.08333333333333703e-02	2.08333333333333287e-02	-2.08333333333333703e-02	15	0	15
1.25285498188514510e+00	368	source_DeltaDelta	1.75705693248089326e-22	3.60843918243516498e-02	2.77291658581692690e-01	3	3	58	-2.08333333333333703e-02	2.08333333333333287e-02	-2.08333333333333703e-02	15	0	15
1.25285498188514510e+00	368	source_damping	0.00000000000000000e+00	3.42801722331340297e+00	2.63427075652607741e+01	3	0	0	-1.97916666666666674e+00	-1.97916666666666674e+00	-1.97916666666666674e+00	0	0	0
1.25285498188514510e+00	368	source_frame_correction	4.22938681362071207e-11	3.60843918243516498e-02	2.77291658581692690e-01	3	3	58	-2.08333333333333703e-02	2.08333333333333287e-02	-2.08333333333333703e-02	15	0	15
1.25285498188514510e+00	368	Psi_RHS_Linf	2.85554268624594967e-13	2.63416060317766787e+00	2.02422910764635446e+01	3	0	0	-1.52083333333333348e+00	-1.52083333333333348e+00	-1.52083333333333348e+00	11	11	11
1.25285498188514510e+00	368	Pi_RHS_Linf	1.77972505192050911e-12	1.48779758927976041e-01	1.14330279743502738e+00	3	3	58	-2.08333333333333703e-02	1.45833333333333315e-01	-2.08333333333333703e-02	15	3	15
1.25285498188514510e+00	368	Phi_RHS_Linf	5.35837353245329388e-13	2.10684647834941563e+00	1.61901288845957865e+01	3	4	81	1.35416666666666674e+00	-1.47916666666666674e+00	-6.45833333333333370e-01	0	12	0
1.25285498188514510e+00	368	Hhat_RHS_Linf	0.00000000000000000e+00	3.42801722331340297e+00	2.63427075652607741e+01	3	0	0	-1.97916666666666674e+00	-1.97916666666666674e+00	-1.97916666666666674e+00	0	0	0
1.25285498188514510e+00	368	theta_RHS_Linf	0.00000000000000000e+00	3.42801722331340297e+00	2.63427075652607741e+01	3	0	0	-1.97916666666666674e+00	-1.97916666666666674e+00	-1.97916666666666674e+00	0	0	0
1.25285498188514510e+00	368	Upsilon_RHS_Linf	0.00000000000000000e+00	3.42801722331340297e+00	2.63427075652607741e+01	3	0	0	-1.97916666666666674e+00	-1.97916666666666674e+00	-1.97916666666666674e+00	0	0	0
1.25285498188514510e+00	368	chi_beta	3.88264775877810564e+01	3.60843918243516776e-02	2.77291658581692857e-01	3	3	56	-2.08333333333333703e-02	-2.08333333333333703e-02	-2.08333333333333703e-02	15	15	15
1.25285498188514510e+00	368	chi_beta_near_r_lt_1	3.88264775877810564e+01	3.60843918243516776e-02	2.77291658581692857e-01	3	3	56	-2.08333333333333703e-02	-2.08333333333333703e-02	-2.08333333333333703e-02	15	15	15
1.25285498188514510e+00	368	chi_beta_inner_r_lt_0p5	3.88264775877810564e+01	3.60843918243516776e-02	2.77291658581692857e-01	3	3	56	-2.08333333333333703e-02	-2.08333333333333703e-02	-2.08333333333333703e-02	15	15	15
1.25285498188514510e+00	368	chi_beta_annulus_0p5_1	1.91125488339995075e+00	5.01300392313165033e-01	3.85225883558779802e+00	3	3	59	2.70833333333333259e-01	3.54166666666666574e-01	-2.29166666666666685e-01	6	8	10
1.25285498188514510e+00	368	chi_beta_annulus_1_1p5	7.77645210784215113e-01	1.00065082987690235e+00	7.68953318178029033e+00	3	2	42	-6.45833333333333370e-01	-7.29166666666666741e-01	-2.29166666666666685e-01	0	14	10
1.25285498188514510e+00	368	chi_beta_annulus_1p5_2	4.38254956725825484e-01	1.50043396500256998e+00	1.15301326061726854e+01	3	2	39	-8.95833333333333481e-01	-1.10416666666666674e+00	4.79166666666666574e-01	10	5	11
1.25285498188514510e+00	368	chi_beta_outer_r_ge_2	2.84571871002504528e-01	2.00032549434669127e+00	1.53715649893901034e+01	3	0	6	-1.47916666666666674e+00	-7.70833333333333370e-01	-1.10416666666666674e+00	12	13	5
1.25285498188514510e+00	368	chi_beta_first_ge_1	1.00000000000000000e+00	3.60843918243516776e-02	2.77291658581692857e-01	3	3	56	-2.08333333333333703e-02	-2.08333333333333703e-02	-2.08333333333333703e-02	15	15	15
1.30051794315251468e+00	382	reference_Ricci	0.00000000000000000e+00	3.42801722331340297e+00	2.71931959049103753e+01	3	0	0	-1.97916666666666674e+00	-1.97916666666666674e+00	-1.97916666666666674e+00	0	0	0
1.30051794315251468e+00	382	reference_Riemann	0.00000000000000000e+00	3.42801722331340297e+00	2.71931959049103753e+01	3	0	0	-1.97916666666666674e+00	-1.97916666666666674e+00	-1.97916666666666674e+00	0	0	0
1.30051794315251468e+00	382	spin_connection	0.00000000000000000e+00	3.42801722331340297e+00	2.71931959049103753e+01	3	0	0	-1.97916666666666674e+00	-1.97916666666666674e+00	-1.97916666666666674e+00	0	0	0
1.30051794315251468e+00	382	spin_derivative	0.00000000000000000e+00	3.42801722331340297e+00	2.71931959049103753e+01	3	0	0	-1.97916666666666674e+00	-1.97916666666666674e+00	-1.97916666666666674e+00	0	0	0
1.30051794315251468e+00	382	Psi	1.99999999999929523e+00	3.38007591548539699e+00	2.68128951973064353e+01	3	0	0	-1.93750000000000000e+00	-1.93750000000000000e+00	-1.97916666666666674e+00	1	1	0
1.30051794315251468e+00	382	Q	1.74342289686759335e-11	3.60843918243516498e-02	2.86244167420109552e-01	3	3	58	-2.08333333333333703e-02	2.08333333333333287e-02	-2.08333333333333703e-02	15	0	15
1.30051794315251468e+00	382	Delta	1.01391264612318766e-11	3.60843918243516498e-02	2.86244167420109552e-01	3	3	58	-2.08333333333333703e-02	2.08333333333333287e-02	-2.08333333333333703e-02	15	0	15
1.30051794315251468e+00	382	Pi	1.66368968275056025e-11	3.60843918243516498e-02	2.86244167420109552e-01	3	3	58	-2.08333333333333703e-02	2.08333333333333287e-02	-2.08333333333333703e-02	15	0	15
1.30051794315251468e+00	382	Phi	8.17137339150792966e-13	3.42801722331340297e+00	2.71931959049103753e+01	3	0	0	-1.97916666666666674e+00	-1.97916666666666674e+00	-1.97916666666666674e+00	0	0	0
1.30051794315251468e+00	382	GH_constraint	7.52498387674176522e-12	3.60843918243516498e-02	2.86244167420109552e-01	3	3	58	-2.08333333333333703e-02	2.08333333333333287e-02	-2.08333333333333703e-02	15	0	15
1.30051794315251468e+00	382	reduction_constraint	1.20366655282028188e-11	3.42801722331340297e+00	2.71931959049103753e+01	3	8	148	-1.97916666666666674e+00	-1.97916666666666674e+00	1.97916666666666652e+00	0	0	15
1.30051794315251468e+00	382	curl_constraint	7.93321228521832627e-13	3.33248687169207036e+00	2.64353888703258306e+01	3	11	215	1.97916666666666652e+00	1.89583333333333348e+00	1.89583333333333348e+00	15	13	13
1.30051794315251468e+00	382	source_curvature	6.09314778606686669e-10	3.60843918243516013e-02	2.86244167420109163e-01	3	3	63	2.08333333333333287e-02	2.08333333333333287e-02	2.08333333333333287e-02	0	0	0
1.30051794315251468e+00	382	source_QQ	4.79967710534745753e-22	3.60843918243516498e-02	2.86244167420109552e-01	3	3	58	-2.08333333333333703e-02	2.08333333333333287e-02	-2.08333333333333703e-02	15	0	15
1.30051794315251468e+00	382	source_DeltaDelta	1.69339016490807503e-22	3.60843918243516498e-02	2.86244167420109552e-01	3	3	58	-2.08333333333333703e-02	2.08333333333333287e-02	-2.08333333333333703e-02	15	0	15
1.30051794315251468e+00	382	source_damping	0.00000000000000000e+00	3.42801722331340297e+00	2.71931959049103753e+01	3	0	0	-1.97916666666666674e+00	-1.97916666666666674e+00	-1.97916666666666674e+00	0	0	0
1.30051794315251468e+00	382	source_frame_correction	4.14349535259162335e-11	3.60843918243516498e-02	2.86244167420109552e-01	3	3	58	-2.08333333333333703e-02	2.08333333333333287e-02	-2.08333333333333703e-02	15	0	15
1.30051794315251468e+00	382	Psi_RHS_Linf	2.88273396200396733e-13	2.63416060317766787e+00	2.08958242216679757e+01	3	10	181	1.52083333333333348e+00	-1.52083333333333348e+00	1.52083333333333348e+00	4	11	4
1.30051794315251468e+00	382	Pi_RHS_Linf	1.70381680750069535e-12	1.48779758927976041e-01	1.18021493699009583e+00	3	3	58	-2.08333333333333703e-02	1.45833333333333315e-01	-2.08333333333333703e-02	15	3	15
1.30051794315251468e+00	382	Phi_RHS_Linf	5.17147473704129713e-13	2.01071349276817690e+00	1.59502483084498703e+01	3	10	189	1.47916666666666674e+00	-1.45833333333333370e-01	1.35416666666666674e+00	3	12	0
1.30051794315251468e+00	382	Hhat_RHS_Linf	0.00000000000000000e+00	3.42801722331340297e+00	2.71931959049103753e+01	3	0	0	-1.97916666666666674e+00	-1.97916666666666674e+00	-1.97916666666666674e+00	0	0	0
1.30051794315251468e+00	382	theta_RHS_Linf	0.00000000000000000e+00	3.42801722331340297e+00	2.71931959049103753e+01	3	0	0	-1.97916666666666674e+00	-1.97916666666666674e+00	-1.97916666666666674e+00	0	0	0
1.30051794315251468e+00	382	Upsilon_RHS_Linf	0.00000000000000000e+00	3.42801722331340297e+00	2.71931959049103753e+01	3	0	0	-1.97916666666666674e+00	-1.97916666666666674e+00	-1.97916666666666674e+00	0	0	0
1.30051794315251468e+00	382	chi_beta	3.88264775877806656e+01	3.60843918243516776e-02	2.86244167420109719e-01	3	3	56	-2.08333333333333703e-02	-2.08333333333333703e-02	-2.08333333333333703e-02	15	15	15
1.30051794315251468e+00	382	chi_beta_near_r_lt_1	3.88264775877806656e+01	3.60843918243516776e-02	2.86244167420109719e-01	3	3	56	-2.08333333333333703e-02	-2.08333333333333703e-02	-2.08333333333333703e-02	15	15	15
1.30051794315251468e+00	382	chi_beta_inner_r_lt_0p5	3.88264775877806656e+01	3.60843918243516776e-02	2.86244167420109719e-01	3	3	56	-2.08333333333333703e-02	-2.08333333333333703e-02	-2.08333333333333703e-02	15	15	15
1.30051794315251468e+00	382	chi_beta_annulus_0p5_1	1.91125488339995075e+00	5.01300392313165033e-01	3.97663106319055837e+00	3	3	63	2.70833333333333259e-01	2.29166666666666630e-01	3.54166666666666574e-01	6	5	8
1.30051794315251468e+00	382	chi_beta_annulus_1_1p5	7.77645210784215335e-01	1.00065082987690213e+00	7.93779385476734411e+00	3	9	171	6.45833333333333148e-01	2.29166666666666630e-01	7.29166666666666519e-01	15	5	1
1.30051794315251468e+00	382	chi_beta_annulus_1p5_2	4.38254956725825762e-01	1.50043396500256976e+00	1.19023890764641216e+01	3	2	47	5.20833333333333259e-01	-1.27083333333333348e+00	6.04166666666666519e-01	12	1	14
1.30051794315251468e+00	382	chi_beta_outer_r_ge_2	2.84571871002503807e-01	2.00032549434669127e+00	1.58678441495050908e+01	3	0	5	-1.10416666666666674e+00	-1.47916666666666674e+00	-7.70833333333333370e-01	5	12	13
1.30051794315251468e+00	382	chi_beta_first_ge_1	1.00000000000000000e+00	3.60843918243516776e-02	2.86244167420109719e-01	3	3	56	-2.08333333333333703e-02	-2.08333333333333703e-02	-2.08333333333333703e-02	15	15	15
1.35158540165326779e+00	397	reference_Ricci	0.00000000000000000e+00	3.42801722331340297e+00	2.81349271558476808e+01	3	0	0	-1.97916666666666674e+00	-1.97916666666666674e+00	-1.97916666666666674e+00	0	0	0
1.35158540165326779e+00	397	reference_Riemann	0.00000000000000000e+00	3.42801722331340297e+00	2.81349271558476808e+01	3	0	0	-1.97916666666666674e+00	-1.97916666666666674e+00	-1.97916666666666674e+00	0	0	0
1.35158540165326779e+00	397	spin_connection	0.00000000000000000e+00	3.42801722331340297e+00	2.81349271558476808e+01	3	0	0	-1.97916666666666674e+00	-1.97916666666666674e+00	-1.97916666666666674e+00	0	0	0
1.35158540165326779e+00	397	spin_derivative	0.00000000000000000e+00	3.42801722331340297e+00	2.81349271558476808e+01	3	0	0	-1.97916666666666674e+00	-1.97916666666666674e+00	-1.97916666666666674e+00	0	0	0
1.35158540165326779e+00	397	Psi	1.99999999999927747e+00	3.38007591548539699e+00	2.77414562029236791e+01	3	0	0	-1.93750000000000000e+00	-1.93750000000000000e+00	-1.97916666666666674e+00	1	1	0
1.35158540165326779e+00	397	Q	1.70492621052938259e-11	3.60843918243516498e-02	2.96157127956291732e-01	3	3	58	-2.08333333333333703e-02	2.08333333333333287e-02	-2.08333333333333703e-02	15	0	15
1.35158540165326779e+00	397	Delta	1.00239062982060546e-11	3.60843918243516498e-02	2.96157127956291732e-01	3	3	58	-2.08333333333333703e-02	2.08333333333333287e-02	-2.08333333333333703e-02	15	0	15
1.35158540165326779e+00	397	Pi	1.61961301785434407e-11	3.60843918243516498e-02	2.96157127956291732e-01	3	3	58	-2.08333333333333703e-02	2.08333333333333287e-02	-2.08333333333333703e-02	15	0	15
1.35158540165326779e+00	397	Phi	8.36891204065651849e-13	3.42801722331340297e+00	2.81349271558476808e+01	3	7	131	1.97916666666666652e+00	1.97916666666666652e+00	-1.97916666666666674e+00	15	15	0
1.35158540165326779e+00	397	GH_constraint	7.34405672331039700e-12	3.60843918243516498e-02	2.96157127956291732e-01	3	3	58	-2.08333333333333703e-02	2.08333333333333287e-02	-2.08333333333333703e-02	15	0	15
1.35158540165326779e+00	397	reduction_constraint	1.23352641272629788e-11	3.42801722331340297e+00	2.81349271558476808e+01	3	10	181	1.97916666666666652e+00	-1.97916666666666674e+00	1.97916666666666652e+00	15	0	15
1.35158540165326779e+00	397	curl_constraint	8.42296732490530082e-13	3.33248687169207036e+00	2.73508764031969029e+01	3	11	215	1.97916666666666652e+00	1.89583333333333348e+00	1.89583333333333348e+00	15	13	13
1.35158540165326779e+00	397	source_curvature	6.09309974937500539e-10	3.60843918243516013e-02	2.96157127956291288e-01	3	3	63	2.08333333333333287e-02	2.08333333333333287e-02	2.08333333333333287e-02	0	0	0
1.35158540165326779e+00	397	source_QQ	4.48752825764053299e-22	3.60843918243516498e-02	2.96157127956291732e-01	3	3	58	-2.08333333333333703e-02	2.08333333333333287e-02	-2.08333333333333703e-02	15	0	15
1.35158540165326779e+00	397	source_DeltaDelta	1.62931172406627220e-22	3.60843918243516498e-02	2.96157127956291732e-01	3	3	58	-2.08333333333333703e-02	2.08333333333333287e-02	-2.08333333333333703e-02	15	0	15
1.35158540165326779e+00	397	source_damping	0.00000000000000000e+00	3.42801722331340297e+00	2.81349271558476808e+01	3	0	0	-1.97916666666666674e+00	-1.97916666666666674e+00	-1.97916666666666674e+00	0	0	0
1.35158540165326779e+00	397	source_frame_correction	4.05506468379206251e-11	3.60843918243516498e-02	2.96157127956291732e-01	3	3	58	-2.08333333333333703e-02	2.08333333333333287e-02	-2.08333333333333703e-02	15	0	15
1.35158540165326779e+00	397	Psi_RHS_Linf	2.96088022590948572e-13	2.68572292667893953e+00	2.20426602261542293e+01	3	8	148	-1.60416666666666674e+00	-1.43750000000000000e+00	1.60416666666666674e+00	9	13	6
1.35158540165326779e+00	397	Pi_RHS_Linf	1.61117710765247963e-12	1.48779758927976041e-01	1.22108712034335443e+00	3	3	58	-2.08333333333333703e-02	1.45833333333333315e-01	-2.08333333333333703e-02	15	3	15
1.35158540165326779e+00	397	Phi_RHS_Linf	5.26123500760192700e-13	2.06271042697601104e+00	1.69293804044787386e+01	3	8	149	-6.87500000000000111e-01	-1.35416666666666696e+00	1.39583333333333348e+00	15	15	1
1.35158540165326779e+00	397	Hhat_RHS_Linf	0.00000000000000000e+00	3.42801722331340297e+00	2.81349271558476808e+01	3	0	0	-1.97916666666666674e+00	-1.97916666666666674e+00	-1.97916666666666674e+00	0	0	0
1.35158540165326779e+00	397	theta_RHS_Linf	0.00000000000000000e+00	3.42801722331340297e+00	2.81349271558476808e+01	3	0	0	-1.97916666666666674e+00	-1.97916666666666674e+00	-1.97916666666666674e+00	0	0	0
1.35158540165326779e+00	397	Upsilon_RHS_Linf	0.00000000000000000e+00	3.42801722331340297e+00	2.81349271558476808e+01	3	0	0	-1.97916666666666674e+00	-1.97916666666666674e+00	-1.97916666666666674e+00	0	0	0
1.35158540165326779e+00	397	chi_beta	3.88264775877883466e+01	3.60843918243516776e-02	2.96157127956291955e-01	3	3	56	-2.08333333333333703e-02	-2.08333333333333703e-02	-2.08333333333333703e-02	15	15	15
1.35158540165326779e+00	397	chi_beta_near_r_lt_1	3.88264775877883466e+01	3.60843918243516776e-02	2.96157127956291955e-01	3	3	56	-2.08333333333333703e-02	-2.08333333333333703e-02	-2.08333333333333703e-02	15	15	15
1.35158540165326779e+00	397	chi_beta_inner_r_lt_0p5	3.88264775877883466e+01	3.60843918243516776e-02	2.96157127956291955e-01	3	3	56	-2.08333333333333703e-02	-2.08333333333333703e-02	-2.08333333333333703e-02	15	15	15
1.35158540165326779e+00	397	chi_beta_annulus_0p5_1	1.91125488339995186e+00	5.01300392313165144e-01	4.11434631220909619e+00	3	3	63	4.79166666666666574e-01	2.08333333333333287e-02	1.45833333333333315e-01	11	0	3
1.35158540165326779e+00	397	chi_beta_annulus_1_1p5	7.77645210784215335e-01	1.00065082987690235e+00	8.21268866899485239e+00	3	1	29	6.45833333333333148e-01	-2.29166666666666685e-01	-7.29166666666666741e-01	15	10	14
1.35158540165326779e+00	397	chi_beta_annulus_1p5_2	4.38254956725826039e-01	1.50043396500256976e+00	1.23145823248530348e+01	3	6	117	-1.10416666666666674e+00	9.79166666666666630e-01	2.70833333333333259e-01	5	7	6
1.35158540165326779e+00	397	chi_beta_outer_r_ge_2	2.84571871002503141e-01	2.00032549434669127e+00	1.64173656096837846e+01	3	0	6	-1.47916666666666674e+00	-7.70833333333333370e-01	-1.10416666666666674e+00	12	13	5
1.35158540165326779e+00	397	chi_beta_first_ge_1	1.00000000000000000e+00	3.60843918243516776e-02	2.96157127956291955e-01	3	3	56	-2.08333333333333703e-02	-2.08333333333333703e-02	-2.08333333333333703e-02	15	15	15
1.40265286015402091e+00	412	reference_Ricci	0.00000000000000000e+00	3.42801722331340297e+00	2.91092716293018690e+01	3	0	0	-1.97916666666666674e+00	-1.97916666666666674e+00	-1.97916666666666674e+00	0	0	0
1.40265286015402091e+00	412	reference_Riemann	0.00000000000000000e+00	3.42801722331340297e+00	2.91092716293018690e+01	3	0	0	-1.97916666666666674e+00	-1.97916666666666674e+00	-1.97916666666666674e+00	0	0	0
1.40265286015402091e+00	412	spin_connection	0.00000000000000000e+00	3.42801722331340297e+00	2.91092716293018690e+01	3	0	0	-1.97916666666666674e+00	-1.97916666666666674e+00	-1.97916666666666674e+00	0	0	0
1.40265286015402091e+00	412	spin_derivative	0.00000000000000000e+00	3.42801722331340297e+00	2.91092716293018690e+01	3	0	0	-1.97916666666666674e+00	-1.97916666666666674e+00	-1.97916666666666674e+00	0	0	0
1.40265286015402091e+00	412	Psi	1.99999999999926170e+00	3.38007591548539699e+00	2.87021743305081003e+01	3	0	0	-1.93750000000000000e+00	-1.93750000000000000e+00	-1.97916666666666674e+00	1	1	0
1.40265286015402091e+00	412	Q	1.66824402704859444e-11	3.60843918243516498e-02	3.06413385571598973e-01	3	3	58	-2.08333333333333703e-02	2.08333333333333287e-02	-2.08333333333333703e-02	15	0	15
1.40265286015402091e+00	412	Delta	9.91685837201401338e-12	3.60843918243516498e-02	3.06413385571598973e-01	3	3	58	-2.08333333333333703e-02	2.08333333333333287e-02	-2.08333333333333703e-02	15	0	15
1.40265286015402091e+00	412	Pi	1.57725119601031890e-11	3.60843918243516498e-02	3.06413385571598973e-01	3	3	58	-2.08333333333333703e-02	2.08333333333333287e-02	-2.08333333333333703e-02	15	0	15
1.40265286015402091e+00	412	Phi	8.58994987719116640e-13	3.09141676887618733e+00	2.62510030091434317e+01	3	11	211	1.97916666666666652e+00	1.97916666666666652e+00	1.31250000000000000e+00	15	15	15
1.40265286015402091e+00	412	GH_constraint	7.17489924808431233e-12	3.60843918243516498e-02	3.06413385571598973e-01	3	3	58	-2.08333333333333703e-02	2.08333333333333287e-02	-2.08333333333333703e-02	15	0	15
1.40265286015402091e+00	412	reduction_constraint	1.26267916843912960e-11	3.42801722331340297e+00	2.91092716293018690e+01	3	8	148	-1.97916666666666674e+00	-1.97916666666666674e+00	1.97916666666666652e+00	0	0	15
1.40265286015402091e+00	412	curl_constraint	8.91305494863754861e-13	3.33248687169207036e+00	2.82980683088295635e+01	3	11	215	1.97916666666666652e+00	1.89583333333333348e+00	1.89583333333333348e+00	15	13	13
1.40265286015402091e+00	412	source_curvature	6.09303889914776734e-10	3.60843918243516013e-02	3.06413385571598529e-01	3	3	63	2.08333333333333287e-02	2.08333333333333287e-02	2.08333333333333287e-02	0	0	0
1.40265286015402091e+00	412	source_QQ	4.19599838663407205e-22	3.60843918243516498e-02	3.06413385571598973e-01	3	3	58	-2.08333333333333703e-02	2.08333333333333287e-02	-2.08333333333333703e-02	15	0	15
1.40265286015402091e+00	412	source_DeltaDelta	1.56922843470902649e-22	3.60843918243516498e-02	3.06413385571598973e-01	3	3	58	-2.08333333333333703e-02	2.08333333333333287e-02	-2.08333333333333703e-02	15	0	15
1.40265286015402091e+00	412	source_damping	0.00000000000000000e+00	3.42801722331340297e+00	2.91092716293018690e+01	3	0	0	-1.97916666666666674e+00	-1.97916666666666674e+00	-1.97916666666666674e+00	0	0	0
1.40265286015402091e+00	412	source_frame_correction	3.97028071787954263e-11	3.60843918243516498e-02	3.06413385571598973e-01	3	3	58	-2.08333333333333703e-02	2.08333333333333287e-02	-2.08333333333333703e-02	15	0	15
1.40265286015402091e+00	412	Psi_RHS_Linf	3.11806000178669775e-13	2.48982303588026133e+00	2.11425236044403064e+01	3	11	198	-1.43750000000000000e+00	1.43750000000000022e+00	1.43750000000000022e+00	13	2	2
1.40265286015402091e+00	412	Pi_RHS_Linf	1.51107476711097642e-12	1.48779758927976041e-01	1.26337475381481168e+00	3	3	58	-2.08333333333333703e-02	1.45833333333333315e-01	-2.08333333333333703e-02	15	3	15
1.40265286015402091e+00	412	Phi_RHS_Linf	5.53953725355455632e-13	1.98464155033933864e+00	1.68527362064379247e+01	3	11	206	-3.95833333333333370e-01	1.35416666666666674e+00	1.39583333333333348e+00	6	0	1
1.40265286015402091e+00	412	Hhat_RHS_Linf	0.00000000000000000e+00	3.42801722331340297e+00	2.91092716293018690e+01	3	0	0	-1.97916666666666674e+00	-1.97916666666666674e+00	-1.97916666666666674e+00	0	0	0
1.40265286015402091e+00	412	theta_RHS_Linf	0.00000000000000000e+00	3.42801722331340297e+00	2.91092716293018690e+01	3	0	0	-1.97916666666666674e+00	-1.97916666666666674e+00	-1.97916666666666674e+00	0	0	0
1.40265286015402091e+00	412	Upsilon_RHS_Linf	0.00000000000000000e+00	3.42801722331340297e+00	2.91092716293018690e+01	3	0	0	-1.97916666666666674e+00	-1.97916666666666674e+00	-1.97916666666666674e+00	0	0	0
1.40265286015402091e+00	412	chi_beta	3.88264775877855683e+01	3.60843918243516776e-02	3.06413385571599195e-01	3	3	56	-2.08333333333333703e-02	-2.08333333333333703e-02	-2.08333333333333703e-02	15	15	15
1.40265286015402091e+00	412	chi_beta_near_r_lt_1	3.88264775877855683e+01	3.60843918243516776e-02	3.06413385571599195e-01	3	3	56	-2.08333333333333703e-02	-2.08333333333333703e-02	-2.08333333333333703e-02	15	15	15
1.40265286015402091e+00	412	chi_beta_inner_r_lt_0p5	3.88264775877855683e+01	3.60843918243516776e-02	3.06413385571599195e-01	3	3	56	-2.08333333333333703e-02	-2.08333333333333703e-02	-2.08333333333333703e-02	15	15	15
1.40265286015402091e+00	412	chi_beta_annulus_0p5_1	1.91125488339995164e+00	5.01300392313165033e-01	4.25683079667111919e+00	3	3	59	2.70833333333333259e-01	3.54166666666666574e-01	-2.29166666666666685e-01	6	8	10
1.40265286015402091e+00	412	chi_beta_annulus_1_1p5	7.77645210784215446e-01	1.00065082987690235e+00	8.49710340277075815e+00	3	2	51	-7.29166666666666741e-01	6.45833333333333148e-01	-2.29166666666666685e-01	14	15	10
1.40265286015402091e+00	412	chi_beta_annulus_1p5_2	4.38254956725825318e-01	1.50043396500256976e+00	1.27410502934620560e+01	3	4	86	9.79166666666666630e-01	-1.10416666666666674e+00	2.70833333333333259e-01	7	5	6
1.40265286015402091e+00	412	chi_beta_outer_r_ge_2	2.84571871002502474e-01	2.00032549434669127e+00	1.69859176219873795e+01	3	0	6	-1.47916666666666674e+00	-7.70833333333333370e-01	-1.10416666666666674e+00	12	13	5
1.40265286015402091e+00	412	chi_beta_first_ge_1	1.00000000000000000e+00	3.60843918243516776e-02	3.06413385571599195e-01	3	3	56	-2.08333333333333703e-02	-2.08333333333333703e-02	-2.08333333333333703e-02	15	15	15
1.45031582142139048e+00	426	reference_Ricci	0.00000000000000000e+00	3.42801722331340297e+00	3.00490799627877720e+01	3	0	0	-1.97916666666666674e+00	-1.97916666666666674e+00	-1.97916666666666674e+00	0	0	0
1.45031582142139048e+00	426	reference_Riemann	0.00000000000000000e+00	3.42801722331340297e+00	3.00490799627877720e+01	3	0	0	-1.97916666666666674e+00	-1.97916666666666674e+00	-1.97916666666666674e+00	0	0	0
1.45031582142139048e+00	426	spin_connection	0.00000000000000000e+00	3.42801722331340297e+00	3.00490799627877720e+01	3	0	0	-1.97916666666666674e+00	-1.97916666666666674e+00	-1.97916666666666674e+00	0	0	0
1.45031582142139048e+00	426	spin_derivative	0.00000000000000000e+00	3.42801722331340297e+00	3.00490799627877720e+01	3	0	0	-1.97916666666666674e+00	-1.97916666666666674e+00	-1.97916666666666674e+00	0	0	0
1.45031582142139048e+00	426	Psi	1.99999999999924616e+00	3.38007591548539699e+00	2.96288393109476544e+01	3	0	0	-1.93750000000000000e+00	-1.93750000000000000e+00	-1.97916666666666674e+00	1	1	0
1.45031582142139048e+00	426	Q	1.63563033178334041e-11	3.60843918243516498e-02	3.16306104871450611e-01	3	3	58	-2.08333333333333703e-02	2.08333333333333287e-02	-2.08333333333333703e-02	15	0	15
1.45031582142139048e+00	426	Delta	9.82396669271124664e-12	3.60843918243516498e-02	3.16306104871450611e-01	3	3	58	-2.08333333333333703e-02	2.08333333333333287e-02	-2.08333333333333703e-02	15	0	15
1.45031582142139048e+00	426	Pi	1.53926754644616661e-11	3.60843918243516498e-02	3.16306104871450611e-01	3	3	58	-2.08333333333333703e-02	2.08333333333333287e-02	-2.08333333333333703e-02	15	0	15
1.45031582142139048e+00	426	Phi	8.82892391541446198e-13	3.09141676887618733e+00	2.70985306183716332e+01	3	7	135	1.97916666666666652e+00	1.97916666666666652e+00	-1.31250000000000022e+00	15	15	0
1.45031582142139048e+00	426	GH_constraint	7.02724563606263866e-12	3.60843918243516498e-02	3.16306104871450611e-01	3	3	58	-2.08333333333333703e-02	2.08333333333333287e-02	-2.08333333333333703e-02	15	0	15
1.45031582142139048e+00	426	reduction_constraint	1.29051917516167944e-11	3.42801722331340297e+00	3.00490799627877720e+01	3	10	181	1.97916666666666652e+00	-1.97916666666666674e+00	1.97916666666666652e+00	15	0	15
1.45031582142139048e+00	426	curl_constraint	9.36956055755832915e-13	3.33248687169207036e+00	2.92116865111971080e+01	3	11	215	1.97916666666666652e+00	1.89583333333333348e+00	1.89583333333333348e+00	15	13	13
1.45031582142139048e+00	426	source_curvature	6.09298773747508632e-10	3.60843918243516013e-02	3.16306104871450167e-01	3	3	63	2.08333333333333287e-02	2.08333333333333287e-02	2.08333333333333287e-02	0	0	0
1.45031582142139048e+00	426	source_QQ	3.94184212621837539e-22	3.60843918243516498e-02	3.16306104871450611e-01	3	3	58	-2.08333333333333703e-02	2.08333333333333287e-02	-2.08333333333333703e-02	15	0	15
1.45031582142139048e+00	426	source_DeltaDelta	1.51653318576087089e-22	3.60843918243516498e-02	3.16306104871450611e-01	3	3	58	-2.08333333333333703e-02	2.08333333333333287e-02	-2.08333333333333703e-02	15	0	15
1.45031582142139048e+00	426	source_damping	0.00000000000000000e+00	3.42801722331340297e+00	3.00490799627877720e+01	3	0	0	-1.97916666666666674e+00	-1.97916666666666674e+00	-1.97916666666666674e+00	0	0	0
1.45031582142139048e+00	426	source_frame_correction	3.89439176209381221e-11	3.60843918243516498e-02	3.16306104871450611e-01	3	3	58	-2.08333333333333703e-02	2.08333333333333287e-02	-2.08333333333333703e-02	15	0	15
1.45031582142139048e+00	426	Psi_RHS_Linf	3.23579277361214126e-13	2.48982303588026133e+00	2.18251212361300695e+01	3	11	198	-1.43750000000000000e+00	1.43750000000000022e+00	1.43750000000000022e+00	13	2	2
1.45031582142139048e+00	426	Pi_RHS_Linf	1.41328121401463970e-12	1.48779758927976041e-01	1.30416348041268626e+00	3	3	58	-2.08333333333333703e-02	1.45833333333333315e-01	-2.08333333333333703e-02	15	3	15
1.45031582142139048e+00	426	Phi_RHS_Linf	5.69411117240015248e-13	1.88780350760701099e+00	1.65479794466388910e+01	3	2	37	-1.27083333333333348e+00	-1.39583333333333348e+00	2.08333333333333287e-02	1	14	0
1.45031582142139048e+00	426	Hhat_RHS_Linf	0.00000000000000000e+00	3.42801722331340297e+00	3.00490799627877720e+01	3	0	0	-1.97916666666666674e+00	-1.97916666666666674e+00	-1.97916666666666674e+00	0	0	0
1.45031582142139048e+00	426	theta_RHS_Linf	0.00000000000000000e+00	3.42801722331340297e+00	3.00490799627877720e+01	3	0	0	-1.97916666666666674e+00	-1.97916666666666674e+00	-1.97916666666666674e+00	0	0	0
1.45031582142139048e+00	426	Upsilon_RHS_Linf	0.00000000000000000e+00	3.42801722331340297e+00	3.00490799627877720e+01	3	0	0	-1.97916666666666674e+00	-1.97916666666666674e+00	-1.97916666666666674e+00	0	0	0
1.45031582142139048e+00	426	chi_beta	3.88264775877852415e+01	3.60843918243516776e-02	3.16306104871450833e-01	3	3	56	-2.08333333333333703e-02	-2.08333333333333703e-02	-2.08333333333333703e-02	15	15	15
1.45031582142139048e+00	426	chi_beta_near_r_lt_1	3.88264775877852415e+01	3.60843918243516776e-02	3.16306104871450833e-01	3	3	56	-2.08333333333333703e-02	-2.08333333333333703e-02	-2.08333333333333703e-02	15	15	15
1.45031582142139048e+00	426	chi_beta_inner_r_lt_0p5	3.88264775877852415e+01	3.60843918243516776e-02	3.16306104871450833e-01	3	3	56	-2.08333333333333703e-02	-2.08333333333333703e-02	-2.08333333333333703e-02	15	15	15
1.45031582142139048e+00	426	chi_beta_annulus_0p5_1	1.91125488339995231e+00	5.01300392313165033e-01	4.39426484544765739e+00	3	3	63	2.29166666666666630e-01	3.54166666666666574e-01	2.70833333333333259e-01	5	8	6
1.45031582142139048e+00	426	chi_beta_annulus_1_1p5	7.77645210784216001e-01	1.00065082987690235e+00	8.77143691032499540e+00	3	3	60	-6.04166666666666741e-01	-5.20833333333333370e-01	6.04166666666666519e-01	1	3	14
1.45031582142139048e+00	426	chi_beta_annulus_1p5_2	4.38254956725825762e-01	1.50043396500256998e+00	1.31524018860283700e+01	3	2	39	-8.95833333333333481e-01	-1.10416666666666674e+00	4.79166666666666574e-01	10	5	11
1.45031582142139048e+00	426	chi_beta_outer_r_ge_2	2.84571871002501198e-01	2.00032549434669127e+00	1.75343170163913165e+01	3	0	10	-2.70833333333333370e-01	-1.27083333333333348e+00	-1.52083333333333348e+00	9	1	11
1.45031582142139048e+00	426	chi_beta_first_ge_1	1.00000000000000000e+00	3.60843918243516776e-02	3.16306104871450833e-01	3	3	56	-2.08333333333333703e-02	-2.08333333333333703e-02	-2.08333333333333703e-02	15	15	15
1.50138327992214360e+00	441	reference_Ricci	0.00000000000000000e+00	3.42801722331340297e+00	3.10897137213877102e+01	3	0	0	-1.97916666666666674e+00	-1.97916666666666674e+00	-1.97916666666666674e+00	0	0	0
1.50138327992214360e+00	441	reference_Riemann	0.00000000000000000e+00	3.42801722331340297e+00	3.10897137213877102e+01	3	0	0	-1.97916666666666674e+00	-1.97916666666666674e+00	-1.97916666666666674e+00	0	0	0
1.50138327992214360e+00	441	spin_connection	0.00000000000000000e+00	3.42801722331340297e+00	3.10897137213877102e+01	3	0	0	-1.97916666666666674e+00	-1.97916666666666674e+00	-1.97916666666666674e+00	0	0	0
1.50138327992214360e+00	441	spin_derivative	0.00000000000000000e+00	3.42801722331340297e+00	3.10897137213877102e+01	3	0	0	-1.97916666666666674e+00	-1.97916666666666674e+00	-1.97916666666666674e+00	0	0	0
1.50138327992214360e+00	441	Psi	1.99999999999924083e+00	3.28526540023785607e+00	2.97950547323832104e+01	3	5	98	-1.85416666666666674e+00	1.97916666666666652e+00	-1.85416666666666674e+00	3	15	3
1.50138327992214360e+00	441	Q	1.60236748782841681e-11	3.60843918243516498e-02	3.27260144435660483e-01	3	3	58	-2.08333333333333703e-02	2.08333333333333287e-02	-2.08333333333333703e-02	15	0	15
1.50138327992214360e+00	441	Delta	9.73112027148189059e-12	3.60843918243516498e-02	3.27260144435660483e-01	3	3	58	-2.08333333333333703e-02	2.08333333333333287e-02	-2.08333333333333703e-02	15	0	15
1.50138327992214360e+00	441	Pi	1.50023709186470988e-11	3.60843918243516498e-02	3.27260144435660483e-01	3	3	58	-2.08333333333333703e-02	2.08333333333333287e-02	-2.08333333333333703e-02	15	0	15
1.50138327992214360e+00	441	Phi	9.08012747016315665e-13	3.09141676887618733e+00	2.80369835029475851e+01	3	11	211	1.97916666666666652e+00	1.97916666666666652e+00	1.31250000000000000e+00	15	15	15
1.50138327992214360e+00	441	GH_constraint	6.87893780904161372e-12	3.60843918243516498e-02	3.27260144435660483e-01	3	3	58	-2.08333333333333703e-02	2.08333333333333287e-02	-2.08333333333333703e-02	15	0	15
1.50138327992214360e+00	441	reduction_constraint	1.30619390318421749e-11	3.42801722331340297e+00	3.10897137213877102e+01	3	10	181	1.97916666666666652e+00	-1.97916666666666674e+00	1.97916666666666652e+00	15	0	15
1.50138327992214360e+00	441	curl_constraint	9.85478909464016058e-13	3.33248687169207036e+00	3.02233203837427986e+01	3	11	215	1.97916666666666652e+00	1.89583333333333348e+00	1.89583333333333348e+00	15	13	13
1.50138327992214360e+00	441	source_curvature	6.09294727605515665e-10	3.60843918243516013e-02	3.27260144435660039e-01	3	3	63	2.08333333333333287e-02	2.08333333333333287e-02	2.08333333333333287e-02	0	0	0
1.50138327992214360e+00	441	source_QQ	3.68785760508674635e-22	3.60843918243516498e-02	3.27260144435660483e-01	3	3	58	-2.08333333333333703e-02	2.08333333333333287e-02	-2.08333333333333703e-02	15	0	15
1.50138327992214360e+00	441	source_DeltaDelta	1.46345240895540096e-22	3.60843918243516498e-02	3.27260144435660483e-01	3	3	58	-2.08333333333333703e-02	2.08333333333333287e-02	-2.08333333333333703e-02	15	0	15
1.50138327992214360e+00	441	source_damping	0.00000000000000000e+00	3.42801722331340297e+00	3.10897137213877102e+01	3	0	0	-1.97916666666666674e+00	-1.97916666666666674e+00	-1.97916666666666674e+00	0	0	0
1.50138327992214360e+00	441	source_frame_correction	3.81670518155025409e-11	3.60843918243516498e-02	3.27260144435660483e-01	3	3	58	-2.08333333333333703e-02	2.08333333333333287e-02	-2.08333333333333703e-02	15	0	15
1.50138327992214360e+00	441	Psi_RHS_Linf	3.26551907201844563e-13	2.48982303588026133e+00	2.25809499660605510e+01	3	5	98	-1.43750000000000000e+00	1.43750000000000022e+00	-1.43750000000000000e+00	13	2	13
1.50138327992214360e+00	441	Pi_RHS_Linf	1.30483659499432983e-12	1.48779758927976041e-01	1.34932814256311828e+00	3	3	58	-2.08333333333333703e-02	1.45833333333333315e-01	-2.08333333333333703e-02	15	3	15
1.50138327992214360e+00	441	Phi_RHS_Linf	5.44176571757147412e-13	1.88780350760701099e+00	1.71210547644228548e+01	3	4	80	1.27083333333333348e+00	-1.39583333333333348e+00	-2.08333333333333703e-02	14	14	15
1.50138327992214360e+00	441	Hhat_RHS_Linf	0.00000000000000000e+00	3.42801722331340297e+00	3.10897137213877102e+01	3	0	0	-1.97916666666666674e+00	-1.97916666666666674e+00	-1.97916666666666674e+00	0	0	0
1.50138327992214360e+00	441	theta_RHS_Linf	0.00000000000000000e+00	3.42801722331340297e+00	3.10897137213877102e+01	3	0	0	-1.97916666666666674e+00	-1.97916666666666674e+00	-1.97916666666666674e+00	0	0	0
1.50138327992214360e+00	441	Upsilon_RHS_Linf	0.00000000000000000e+00	3.42801722331340297e+00	3.10897137213877102e+01	3	0	0	-1.97916666666666674e+00	-1.97916666666666674e+00	-1.97916666666666674e+00	0	0	0
1.50138327992214360e+00	441	chi_beta	3.88264775877836854e+01	3.60843918243516776e-02	3.27260144435660705e-01	3	3	56	-2.08333333333333703e-02	-2.08333333333333703e-02	-2.08333333333333703e-02	15	15	15
1.50138327992214360e+00	441	chi_beta_near_r_lt_1	3.88264775877836854e+01	3.60843918243516776e-02	3.27260144435660705e-01	3	3	56	-2.08333333333333703e-02	-2.08333333333333703e-02	-2.08333333333333703e-02	15	15	15
1.50138327992214360e+00	441	chi_beta_inner_r_lt_0p5	3.88264775877836854e+01	3.60843918243516776e-02	3.27260144435660705e-01	3	3	56	-2.08333333333333703e-02	-2.08333333333333703e-02	-2.08333333333333703e-02	15	15	15
1.50138327992214360e+00	441	chi_beta_annulus_0p5_1	1.91125488339995231e+00	5.01300392313165033e-01	4.54644322655166011e+00	3	3	63	2.29166666666666630e-01	2.70833333333333259e-01	3.54166666666666574e-01	5	6	8
1.50138327992214360e+00	441	chi_beta_annulus_1_1p5	7.77645210784215779e-01	1.00065082987690235e+00	9.07520173013370446e+00	3	2	46	-6.45833333333333370e-01	-7.29166666666666741e-01	2.29166666666666630e-01	0	14	5
1.50138327992214360e+00	441	chi_beta_annulus_1p5_2	4.38254956725826317e-01	1.50043396500256976e+00	1.36078844973503834e+01	3	7	140	9.79166666666666630e-01	1.10416666666666674e+00	2.70833333333333259e-01	7	10	6
1.50138327992214360e+00	441	chi_beta_outer_r_ge_2	2.84571871002500421e-01	2.00032549434669127e+00	1.81415503241613578e+01	3	0	11	2.70833333333333259e-01	-1.27083333333333348e+00	-1.52083333333333348e+00	6	1	11
1.50138327992214360e+00	441	chi_beta_first_ge_1	1.00000000000000000e+00	3.60843918243516776e-02	3.27260144435660705e-01	3	3	56	-2.08333333333333703e-02	-2.08333333333333703e-02	-2.08333333333333703e-02	15	15	15
1.55245073842289671e+00	456	reference_Ricci	0.00000000000000000e+00	3.42801722331340297e+00	3.21663858086445984e+01	3	0	0	-1.97916666666666674e+00	-1.97916666666666674e+00	-1.97916666666666674e+00	0	0	0
1.55245073842289671e+00	456	reference_Riemann	0.00000000000000000e+00	3.42801722331340297e+00	3.21663858086445984e+01	3	0	0	-1.97916666666666674e+00	-1.97916666666666674e+00	-1.97916666666666674e+00	0	0	0
1.55245073842289671e+00	456	spin_connection	0.00000000000000000e+00	3.42801722331340297e+00	3.21663858086445984e+01	3	0	0	-1.97916666666666674e+00	-1.97916666666666674e+00	-1.97916666666666674e+00	0	0	0
1.55245073842289671e+00	456	spin_derivative	0.00000000000000000e+00	3.42801722331340297e+00	3.21663858086445984e+01	3	0	0	-1.97916666666666674e+00	-1.97916666666666674e+00	-1.97916666666666674e+00	0	0	0
1.55245073842289671e+00	456	Psi	1.99999999999924083e+00	3.28526540023785607e+00	3.08268913088190857e+01	3	5	98	-1.85416666666666674e+00	1.97916666666666652e+00	-1.85416666666666674e+00	3	15	3
1.55245073842289671e+00	456	Q	1.57094272064176150e-11	3.60843918243516498e-02	3.38593534827838216e-01	3	3	58	-2.08333333333333703e-02	2.08333333333333287e-02	-2.08333333333333703e-02	15	0	15
1.55245073842289671e+00	456	Delta	9.64597514952251654e-12	3.60843918243516498e-02	3.38593534827838216e-01	3	3	58	-2.08333333333333703e-02	2.08333333333333287e-02	-2.08333333333333703e-02	15	0	15
1.55245073842289671e+00	456	Pi	1.46292270153121650e-11	3.60843918243516498e-02	3.38593534827838216e-01	3	3	58	-2.08333333333333703e-02	2.08333333333333287e-02	-2.08333333333333703e-02	15	0	15
1.55245073842289671e+00	456	Phi	9.32038974566351522e-13	3.05696779232842664e+00	2.86846882634950049e+01	3	5	96	-1.97916666666666674e+00	1.22916666666666674e+00	-1.97916666666666674e+00	0	13	0
1.55245073842289671e+00	456	GH_constraint	6.74263679001783741e-12	3.60843918243516498e-02	3.38593534827838216e-01	3	3	58	-2.08333333333333703e-02	2.08333333333333287e-02	-2.08333333333333703e-02	15	0	15
1.55245073842289671e+00	456	reduction_constraint	1.30327510493612413e-11	3.42801722331340297e+00	3.21663858086445984e+01	3	10	181	1.97916666666666652e+00	-1.97916666666666674e+00	1.97916666666666652e+00	15	0	15
1.55245073842289671e+00	456	curl_constraint	1.03325898755473731e-12	3.33248687169207036e+00	3.12699882859632083e+01	3	3	65	1.97916666666666652e+00	-1.89583333333333326e+00	-1.89583333333333326e+00	15	2	2
1.55245073842289671e+00	456	source_curvature	6.09291137170722479e-10	3.60843918243516013e-02	3.38593534827837772e-01	3	3	63	2.08333333333333287e-02	2.08333333333333287e-02	2.08333333333333287e-02	0	0	0
1.55245073842289671e+00	456	source_QQ	3.45226872787887217e-22	3.60843918243516498e-02	3.38593534827838216e-01	3	3	58	-2.08333333333333703e-02	2.08333333333333287e-02	-2.08333333333333703e-02	15	0	15
1.55245073842289671e+00	456	source_DeltaDelta	1.41395899920517860e-22	3.60843918243516498e-02	3.38593534827838216e-01	3	3	58	-2.08333333333333703e-02	2.08333333333333287e-02	-2.08333333333333703e-02	15	0	15
1.55245073842289671e+00	456	source_damping	0.00000000000000000e+00	3.42801722331340297e+00	3.21663858086445984e+01	3	0	0	-1.97916666666666674e+00	-1.97916666666666674e+00	-1.97916666666666674e+00	0	0	0
1.55245073842289671e+00	456	source_frame_correction	3.74251755551425711e-11	3.60843918243516498e-02	3.38593534827838216e-01	3	3	58	-2.08333333333333703e-02	2.08333333333333287e-02	-2.08333333333333703e-02	15	0	15
1.55245073842289671e+00	456	Psi_RHS_Linf	3.27798654234370428e-13	2.44549969331423167e+00	2.29470511685570777e+01	3	11	198	-1.52083333333333348e+00	1.35416666666666674e+00	1.35416666666666674e+00	11	0	0
1.55245073842289671e+00	456	Pi_RHS_Linf	1.28753886016620233e-12	2.20114790128544824e+00	2.06542056244981076e+01	3	8	147	-1.27083333333333348e+00	-1.27083333333333348e+00	1.27083333333333348e+00	1	1	14
1.55245073842289671e+00	456	Phi_RHS_Linf	5.55192268086670495e-13	2.04326043235913613e+00	1.91726876189014881e+01	3	11	208	1.02083333333333348e+00	1.18750000000000000e+00	1.31250000000000000e+00	8	12	15
1.55245073842289671e+00	456	Hhat_RHS_Linf	0.00000000000000000e+00	3.42801722331340297e+00	3.21663858086445984e+01	3	0	0	-1.97916666666666674e+00	-1.97916666666666674e+00	-1.97916666666666674e+00	0	0	0
1.55245073842289671e+00	456	theta_RHS_Linf	0.00000000000000000e+00	3.42801722331340297e+00	3.21663858086445984e+01	3	0	0	-1.97916666666666674e+00	-1.97916666666666674e+00	-1.97916666666666674e+00	0	0	0
1.55245073842289671e+00	456	Upsilon_RHS_Linf	0.00000000000000000e+00	3.42801722331340297e+00	3.21663858086445984e+01	3	0	0	-1.97916666666666674e+00	-1.97916666666666674e+00	-1.97916666666666674e+00	0	0	0
1.55245073842289671e+00	456	chi_beta	3.88264775877788111e+01	3.60843918243516776e-02	3.38593534827838494e-01	3	3	56	-2.08333333333333703e-02	-2.08333333333333703e-02	-2.08333333333333703e-02	15	15	15
1.55245073842289671e+00	456	chi_beta_near_r_lt_1	3.88264775877788111e+01	3.60843918243516776e-02	3.38593534827838494e-01	3	3	56	-2.08333333333333703e-02	-2.08333333333333703e-02	-2.08333333333333703e-02	15	15	15
1.55245073842289671e+00	456	chi_beta_inner_r_lt_0p5	3.88264775877788111e+01	3.60843918243516776e-02	3.38593534827838494e-01	3	3	56	-2.08333333333333703e-02	-2.08333333333333703e-02	-2.08333333333333703e-02	15	15	15
1.55245073842289671e+00	456	chi_beta_annulus_0p5_1	1.91125488339995275e+00	5.01300392313165033e-01	4.70389171778555770e+00	3	3	63	2.70833333333333259e-01	2.29166666666666630e-01	3.54166666666666574e-01	6	5	8
1.55245073842289671e+00	456	chi_beta_annulus_1_1p5	7.77645210784216001e-01	1.00065082987690235e+00	9.38948627056478990e+00	3	3	60	-6.04166666666666741e-01	-5.20833333333333370e-01	6.04166666666666519e-01	1	3	14
1.55245073842289671e+00	456	chi_beta_annulus_1p5_2	4.38254956725826206e-01	1.50043396500256998e+00	1.40791409886841645e+01	3	2	39	-8.95833333333333481e-01	-1.10416666666666674e+00	4.79166666666666574e-01	10	5	11
1.55245073842289671e+00	456	chi_beta_outer_r_ge_2	2.84571871002499366e-01	2.00032549434669127e+00	1.87698128108678048e+01	3	0	6	-1.52083333333333348e+00	-9.79166666666666741e-01	-8.54166666666666741e-01	11	8	11
1.55245073842289671e+00	456	chi_beta_first_ge_1	1.00000000000000000e+00	3.60843918243516776e-02	3.38593534827838494e-01	3	3	56	-2.08333333333333703e-02	-2.08333333333333703e-02	-2.08333333333333703e-02	15	15	15
1.60011369969026629e+00	470	reference_Ricci	0.00000000000000000e+00	3.42801722331340297e+00	3.32048947011397502e+01	3	0	0	-1.97916666666666674e+00	-1.97916666666666674e+00	-1.97916666666666674e+00	0	0	0
1.60011369969026629e+00	470	reference_Riemann	0.00000000000000000e+00	3.42801722331340297e+00	3.32048947011397502e+01	3	0	0	-1.97916666666666674e+00	-1.97916666666666674e+00	-1.97916666666666674e+00	0	0	0
1.60011369969026629e+00	470	spin_connection	0.00000000000000000e+00	3.42801722331340297e+00	3.32048947011397502e+01	3	0	0	-1.97916666666666674e+00	-1.97916666666666674e+00	-1.97916666666666674e+00	0	0	0
1.60011369969026629e+00	470	spin_derivative	0.00000000000000000e+00	3.42801722331340297e+00	3.32048947011397502e+01	3	0	0	-1.97916666666666674e+00	-1.97916666666666674e+00	-1.97916666666666674e+00	0	0	0
1.60011369969026629e+00	470	Psi	1.99999999999924083e+00	3.28526540023785607e+00	3.18221539081872287e+01	3	5	98	-1.85416666666666674e+00	1.97916666666666652e+00	-1.85416666666666674e+00	3	15	3
1.60011369969026629e+00	470	Q	1.54308301235116909e-11	3.60843918243516498e-02	3.49525207380418812e-01	3	3	58	-2.08333333333333703e-02	2.08333333333333287e-02	-2.08333333333333703e-02	15	0	15
1.60011369969026629e+00	470	Delta	9.57194884686469423e-12	3.60843918243516498e-02	3.49525207380418812e-01	3	3	58	-2.08333333333333703e-02	2.08333333333333287e-02	-2.08333333333333703e-02	15	0	15
1.60011369969026629e+00	470	Pi	1.42963076537859131e-11	3.60843918243516498e-02	3.49525207380418812e-01	3	3	58	-2.08333333333333703e-02	2.08333333333333287e-02	-2.08333333333333703e-02	15	0	15
1.60011369969026629e+00	470	Phi	9.52300069157148890e-13	3.05696779232842619e+00	2.96107886969507597e+01	3	10	194	-1.97916666666666674e+00	1.97916666666666652e+00	1.22916666666666674e+00	0	15	13
1.60011369969026629e+00	470	GH_constraint	6.62324436638678321e-12	3.60843918243516498e-02	3.49525207380418812e-01	3	3	58	-2.08333333333333703e-02	2.08333333333333287e-02	-2.08333333333333703e-02	15	0	15
1.60011369969026629e+00	470	reduction_constraint	1.29725401113371541e-11	3.42801722331340297e+00	3.32048947011397502e+01	3	10	181	1.97916666666666652e+00	-1.97916666666666674e+00	1.97916666666666652e+00	15	0	15
1.60011369969026629e+00	470	curl_constraint	1.07796088042672193e-12	3.33248687169207036e+00	3.22795565071609047e+01	3	3	65	1.97916666666666652e+00	-1.89583333333333326e+00	-1.89583333333333326e+00	15	2	2
1.60011369969026629e+00	470	source_curvature	6.09287053058893187e-10	3.60843918243516013e-02	3.49525207380418312e-01	3	3	63	2.08333333333333287e-02	2.08333333333333287e-02	2.08333333333333287e-02	0	0	0
1.60011369969026629e+00	470	source_QQ	3.24805318962138545e-22	3.60843918243516498e-02	3.49525207380418812e-01	3	3	58	-2.08333333333333703e-02	2.08333333333333287e-02	-2.08333333333333703e-02	15	0	15
1.60011369969026629e+00	470	source_DeltaDelta	1.37050327236953378e-22	3.60843918243516498e-02	3.49525207380418812e-01	3	3	58	-2.08333333333333703e-02	2.08333333333333287e-02	-2.08333333333333703e-02	15	0	15
1.60011369969026629e+00	470	source_damping	0.00000000000000000e+00	3.42801722331340297e+00	3.32048947011397502e+01	3	0	0	-1.97916666666666674e+00	-1.97916666666666674e+00	-1.97916666666666674e+00	0	0	0
1.60011369969026629e+00	470	source_frame_correction	3.67650301426708968e-11	3.60843918243516498e-02	3.49525207380418812e-01	3	3	58	-2.08333333333333703e-02	2.08333333333333287e-02	-2.08333333333333703e-02	15	0	15
1.60011369969026629e+00	470	Psi_RHS_Linf	3.37101742510342467e-13	2.44549969331423167e+00	2.36879089334565904e+01	3	5	98	-1.35416666666666696e+00	1.35416666666666674e+00	-1.52083333333333348e+00	15	0	11
1.60011369969026629e+00	470	Pi_RHS_Linf	1.28109218026514494e-12	2.20114790128544824e+00	2.13210376502055219e+01	3	9	178	1.27083333333333348e+00	-1.27083333333333348e+00	1.27083333333333348e+00	14	1	14
1.60011369969026629e+00	470	Phi_RHS_Linf	5.60448455309124682e-13	1.88872292980086320e+00	1.82947873123717351e+01	3	7	136	1.27083333333333348e+00	1.31250000000000000e+00	-4.79166666666666741e-01	14	15	4
1.60011369969026629e+00	470	Hhat_RHS_Linf	0.00000000000000000e+00	3.42801722331340297e+00	3.32048947011397502e+01	3	0	0	-1.97916666666666674e+00	-1.97916666666666674e+00	-1.97916666666666674e+00	0	0	0
1.60011369969026629e+00	470	theta_RHS_Linf	0.00000000000000000e+00	3.42801722331340297e+00	3.32048947011397502e+01	3	0	0	-1.97916666666666674e+00	-1.97916666666666674e+00	-1.97916666666666674e+00	0	0	0
1.60011369969026629e+00	470	Upsilon_RHS_Linf	0.00000000000000000e+00	3.42801722331340297e+00	3.32048947011397502e+01	3	0	0	-1.97916666666666674e+00	-1.97916666666666674e+00	-1.97916666666666674e+00	0	0	0
1.60011369969026629e+00	470	chi_beta	3.88264775877862718e+01	3.60843918243516776e-02	3.49525207380419034e-01	3	3	56	-2.08333333333333703e-02	-2.08333333333333703e-02	-2.08333333333333703e-02	15	15	15
1.60011369969026629e+00	470	chi_beta_near_r_lt_1	3.88264775877862718e+01	3.60843918243516776e-02	3.49525207380419034e-01	3	3	56	-2.08333333333333703e-02	-2.08333333333333703e-02	-2.08333333333333703e-02	15	15	15
1.60011369969026629e+00	470	chi_beta_inner_r_lt_0p5	3.88264775877862718e+01	3.60843918243516776e-02	3.49525207380419034e-01	3	3	56	-2.08333333333333703e-02	-2.08333333333333703e-02	-2.08333333333333703e-02	15	15	15
1.60011369969026629e+00	470	chi_beta_annulus_0p5_1	1.91125488339995364e+00	5.01300392313165033e-01	4.85575936643328898e+00	3	3	59	2.70833333333333259e-01	3.54166666666666574e-01	-2.29166666666666685e-01	6	8	10
1.60011369969026629e+00	470	chi_beta_annulus_1_1p5	7.77645210784216112e-01	1.00065082987690213e+00	9.69263083414588245e+00	3	3	62	-6.04166666666666741e-01	6.04166666666666519e-01	5.20833333333333259e-01	1	14	12
1.60011369969026629e+00	470	chi_beta_annulus_1p5_2	4.38254956725826261e-01	1.50043396500256998e+00	1.45336935517984234e+01	3	2	39	-1.10416666666666674e+00	-8.95833333333333481e-01	4.79166666666666574e-01	5	10	11
1.60011369969026629e+00	470	chi_beta_outer_r_ge_2	2.84571871002498422e-01	2.00032549434669127e+00	1.93758062112614908e+01	3	0	6	-1.52083333333333348e+00	-8.54166666666666741e-01	-9.79166666666666741e-01	11	11	8
1.60011369969026629e+00	470	chi_beta_first_ge_1	1.00000000000000000e+00	3.60843918243516776e-02	3.49525207380419034e-01	3	3	56	-2.08333333333333703e-02	-2.08333333333333703e-02	-2.08333333333333703e-02	15	15	15
1.65118115819101940e+00	485	reference_Ricci	0.00000000000000000e+00	3.42801722331340297e+00	3.43548179074260460e+01	3	0	0	-1.97916666666666674e+00	-1.97916666666666674e+00	-1.97916666666666674e+00	0	0	0
1.65118115819101940e+00	485	reference_Riemann	0.00000000000000000e+00	3.42801722331340297e+00	3.43548179074260460e+01	3	0	0	-1.97916666666666674e+00	-1.97916666666666674e+00	-1.97916666666666674e+00	0	0	0
1.65118115819101940e+00	485	spin_connection	0.00000000000000000e+00	3.42801722331340297e+00	3.43548179074260460e+01	3	0	0	-1.97916666666666674e+00	-1.97916666666666674e+00	-1.97916666666666674e+00	0	0	0
1.65118115819101940e+00	485	spin_derivative	0.00000000000000000e+00	3.42801722331340297e+00	3.43548179074260460e+01	3	0	0	-1.97916666666666674e+00	-1.97916666666666674e+00	-1.97916666666666674e+00	0	0	0
1.65118115819101940e+00	485	Psi	1.99999999999924083e+00	3.28526540023785607e+00	3.29241912307685496e+01	3	5	98	-1.85416666666666674e+00	1.97916666666666652e+00	-1.85416666666666674e+00	3	15	3
1.65118115819101940e+00	485	Q	1.51483934251606829e-11	3.60843918243516498e-02	3.61629662183432454e-01	3	3	58	-2.08333333333333703e-02	2.08333333333333287e-02	-2.08333333333333703e-02	15	0	15
1.65118115819101940e+00	485	Delta	9.49861342101975190e-12	3.60843918243516498e-02	3.61629662183432454e-01	3	3	58	-2.08333333333333703e-02	2.08333333333333287e-02	-2.08333333333333703e-02	15	0	15
1.65118115819101940e+00	485	Pi	1.39558845292158644e-11	3.60843918243516498e-02	3.61629662183432454e-01	3	3	58	-2.08333333333333703e-02	2.08333333333333287e-02	-2.08333333333333703e-02	15	0	15
1.65118115819101940e+00	485	Phi	9.74963252863880202e-13	3.02442315436624476e+00	3.03100888865505453e+01	3	7	135	1.97916666666666652e+00	1.97916666666666652e+00	-1.14583333333333348e+00	15	15	4
1.65118115819101940e+00	485	GH_constraint	6.50443389058085298e-12	3.60843918243516498e-02	3.61629662183432454e-01	3	3	58	-2.08333333333333703e-02	2.08333333333333287e-02	-2.08333333333333703e-02	15	0	15
1.65118115819101940e+00	485	reduction_constraint	1.29099091417466178e-11	3.42801722331340297e+00	3.43548179074260460e+01	3	11	215	1.97916666666666652e+00	1.97916666666666652e+00	1.97916666666666652e+00	15	15	15
1.65118115819101940e+00	485	curl_constraint	1.12557749415443569e-12	3.33248687169207036e+00	3.33974342011064280e+01	3	3	65	1.97916666666666652e+00	-1.89583333333333326e+00	-1.89583333333333326e+00	15	2	2
1.65118115819101940e+00	485	source_curvature	6.09282572678129646e-10	3.60843918243516013e-02	3.61629662183431955e-01	3	3	63	2.08333333333333287e-02	2.08333333333333287e-02	2.08333333333333287e-02	0	0	0
1.65118115819101940e+00	485	source_QQ	3.04534742971699691e-22	3.60843918243516498e-02	3.61629662183432454e-01	3	3	58	-2.08333333333333703e-02	2.08333333333333287e-02	-2.08333333333333703e-02	15	0	15
1.65118115819101940e+00	485	source_DeltaDelta	1.32686039564488424e-22	3.60843918243516498e-02	3.61629662183432454e-01	3	3	58	-2.08333333333333703e-02	2.08333333333333287e-02	-2.08333333333333703e-02	15	0	15
1.65118115819101940e+00	485	source_damping	0.00000000000000000e+00	3.42801722331340297e+00	3.43548179074260460e+01	3	0	0	-1.97916666666666674e+00	-1.97916666666666674e+00	-1.97916666666666674e+00	0	0	0
1.65118115819101940e+00	485	source_frame_correction	3.60912789707269214e-11	3.60843918243516498e-02	3.61629662183432454e-01	3	3	58	-2.08333333333333703e-02	2.08333333333333287e-02	-2.08333333333333703e-02	15	0	15
1.65118115819101940e+00	485	Psi_RHS_Linf	3.46185649399545055e-13	2.49817641824324888e+00	2.50361624106479042e+01	3	8	149	-1.27083333333333348e+00	-1.52083333333333348e+00	1.52083333333333348e+00	1	11	4
1.65118115819101940e+00	485	Pi_RHS_Linf	1.22478088374033211e-12	2.15411025071193230e+00	2.15880086343902704e+01	3	3	70	1.18750000000000000e+00	-1.27083333333333348e+00	-1.27083333333333348e+00	12	1	1
1.65118115819101940e+00	485	Phi_RHS_Linf	5.75903288646749280e-13	1.82989734836562778e+00	1.83388198183027242e+01	3	11	200	-1.04166666666666630e-01	1.27083333333333348e+00	1.31250000000000000e+00	13	14	15
1.65118115819101940e+00	485	Hhat_RHS_Linf	0.00000000000000000e+00	3.42801722331340297e+00	3.43548179074260460e+01	3	0	0	-1.97916666666666674e+00	-1.97916666666666674e+00	-1.97916666666666674e+00	0	0	0
1.65118115819101940e+00	485	theta_RHS_Linf	0.00000000000000000e+00	3.42801722331340297e+00	3.43548179074260460e+01	3	0	0	-1.97916666666666674e+00	-1.97916666666666674e+00	-1.97916666666666674e+00	0	0	0
1.65118115819101940e+00	485	Upsilon_RHS_Linf	0.00000000000000000e+00	3.42801722331340297e+00	3.43548179074260460e+01	3	0	0	-1.97916666666666674e+00	-1.97916666666666674e+00	-1.97916666666666674e+00	0	0	0
1.65118115819101940e+00	485	chi_beta	3.88264775877836357e+01	3.60843918243516776e-02	3.61629662183432732e-01	3	3	56	-2.08333333333333703e-02	-2.08333333333333703e-02	-2.08333333333333703e-02	15	15	15
1.65118115819101940e+00	485	chi_beta_near_r_lt_1	3.88264775877836357e+01	3.60843918243516776e-02	3.61629662183432732e-01	3	3	56	-2.08333333333333703e-02	-2.08333333333333703e-02	-2.08333333333333703e-02	15	15	15
1.65118115819101940e+00	485	chi_beta_inner_r_lt_0p5	3.88264775877836357e+01	3.60843918243516776e-02	3.61629662183432732e-01	3	3	56	-2.08333333333333703e-02	-2.08333333333333703e-02	-2.08333333333333703e-02	15	15	15
1.65118115819101940e+00	485	chi_beta_annulus_0p5_1	1.91125488339995386e+00	5.01300392313165033e-01	5.02391982680698224e+00	3	3	63	3.54166666666666574e-01	2.29166666666666630e-01	2.70833333333333259e-01	8	5	6
1.65118115819101940e+00	485	chi_beta_annulus_1_1p5	7.77645210784216667e-01	1.00065082987690235e+00	1.00282976455141455e+01	3	3	58	-6.04166666666666741e-01	6.04166666666666519e-01	-5.20833333333333370e-01	1	14	3
1.65118115819101940e+00	485	chi_beta_annulus_1p5_2	4.38254956725826705e-01	1.50043396500256998e+00	1.50370118619056630e+01	3	2	39	-1.10416666666666674e+00	-8.95833333333333481e-01	4.79166666666666574e-01	5	10	11
1.65118115819101940e+00	485	chi_beta_outer_r_ge_2	2.84571871002497367e-01	2.00032549434669127e+00	2.00468123807847718e+01	3	0	5	-9.79166666666666741e-01	-1.52083333333333348e+00	-8.54166666666666741e-01	8	11	11
1.65118115819101940e+00	485	chi_beta_first_ge_1	1.00000000000000000e+00	3.60843918243516776e-02	3.61629662183432732e-01	3	3	56	-2.08333333333333703e-02	-2.08333333333333703e-02	-2.08333333333333703e-02	15	15	15
1.70224861669177252e+00	500	reference_Ricci	0.00000000000000000e+00	3.42801722331340297e+00	3.55445642600363243e+01	3	0	0	-1.97916666666666674e+00	-1.97916666666666674e+00	-1.97916666666666674e+00	0	0	0
1.70224861669177252e+00	500	reference_Riemann	0.00000000000000000e+00	3.42801722331340297e+00	3.55445642600363243e+01	3	0	0	-1.97916666666666674e+00	-1.97916666666666674e+00	-1.97916666666666674e+00	0	0	0
1.70224861669177252e+00	500	spin_connection	0.00000000000000000e+00	3.42801722331340297e+00	3.55445642600363243e+01	3	0	0	-1.97916666666666674e+00	-1.97916666666666674e+00	-1.97916666666666674e+00	0	0	0
1.70224861669177252e+00	500	spin_derivative	0.00000000000000000e+00	3.42801722331340297e+00	3.55445642600363243e+01	3	0	0	-1.97916666666666674e+00	-1.97916666666666674e+00	-1.97916666666666674e+00	0	0	0
1.70224861669177252e+00	500	Psi	1.99999999999924083e+00	3.28526540023785607e+00	3.40643933571487025e+01	3	5	98	-1.85416666666666674e+00	1.97916666666666652e+00	-1.85416666666666674e+00	3	15	3
1.70224861669177252e+00	500	Q	1.48827859805519502e-11	3.60843918243516498e-02	3.74153308000382767e-01	3	3	58	-2.08333333333333703e-02	2.08333333333333287e-02	-2.08333333333333703e-02	15	0	15
1.70224861669177252e+00	500	Delta	9.43139384047456456e-12	3.60843918243516498e-02	3.74153308000382767e-01	3	3	58	-2.08333333333333703e-02	2.08333333333333287e-02	-2.08333333333333703e-02	15	0	15
1.70224861669177252e+00	500	Pi	1.36320601071251359e-11	3.60843918243516498e-02	3.74153308000382767e-01	3	3	58	-2.08333333333333703e-02	2.08333333333333287e-02	-2.08333333333333703e-02	15	0	15
1.70224861669177252e+00	500	Phi	9.95987831112369586e-13	3.02442315436624432e+00	3.13597616805452333e+01	3	11	199	-1.14583333333333348e+00	1.97916666666666652e+00	1.97916666666666652e+00	4	15	15
1.70224861669177252e+00	500	GH_constraint	6.39559368080022309e-12	3.60843918243516498e-02	3.74153308000382767e-01	3	3	58	-2.08333333333333703e-02	2.08333333333333287e-02	-2.08333333333333703e-02	15	0	15
1.70224861669177252e+00	500	reduction_constraint	1.30707877804171459e-11	3.42801722331340297e+00	3.55445642600363243e+01	3	11	215	1.97916666666666652e+00	1.97916666666666652e+00	1.97916666666666652e+00	15	15	15
1.70224861669177252e+00	500	curl_constraint	1.17336675271386591e-12	3.33248687169207036e+00	3.45540252688972203e+01	3	3	65	1.97916666666666652e+00	-1.89583333333333326e+00	-1.89583333333333326e+00	15	2	2
1.70224861669177252e+00	500	source_curvature	6.09278771810989518e-10	3.60843918243516013e-02	3.74153308000382212e-01	3	3	63	2.08333333333333287e-02	2.08333333333333287e-02	2.08333333333333287e-02	0	0	0
1.70224861669177252e+00	500	source_QQ	2.85853896410011937e-22	3.60843918243516498e-02	3.74153308000382767e-01	3	3	58	-2.08333333333333703e-02	2.08333333333333287e-02	-2.08333333333333703e-02	15	0	15
1.70224861669177252e+00	500	source_DeltaDelta	1.28617452217764611e-22	3.60843918243516498e-02	3.74153308000382767e-01	3	3	58	-2.08333333333333703e-02	2.08333333333333287e-02	-2.08333333333333703e-02	15	0	15
1.70224861669177252e+00	500	source_damping	0.00000000000000000e+00	3.42801722331340297e+00	3.55445642600363243e+01	3	0	0	-1.97916666666666674e+00	-1.97916666666666674e+00	-1.97916666666666674e+00	0	0	0
1.70224861669177252e+00	500	source_frame_correction	3.54511567484817632e-11	3.60843918243516498e-02	3.74153308000382767e-01	3	3	58	-2.08333333333333703e-02	2.08333333333333287e-02	-2.08333333333333703e-02	15	0	15
1.70224861669177252e+00	500	Psi_RHS_Linf	3.52094685114747405e-13	2.35435102522967066e+00	2.44118905639779697e+01	3	10	182	1.27083333333333348e+00	-1.27083333333333348e+00	1.52083333333333348e+00	14	1	4
1.70224861669177252e+00	500	Pi_RHS_Linf	1.27135643992641791e-12	2.05681033398804214e+00	2.13267385560217981e+01	3	3	70	1.18750000000000000e+00	-1.18750000000000022e+00	-1.18750000000000022e+00	12	3	3
1.70224861669177252e+00	500	Phi_RHS_Linf	5.61865506775768537e-13	2.03474592325976245e+00	2.10979561976201317e+01	3	11	208	1.22916666666666674e+00	1.10416666666666674e+00	1.18750000000000000e+00	13	10	12
1.70224861669177252e+00	500	Hhat_RHS_Linf	0.00000000000000000e+00	3.42801722331340297e+00	3.55445642600363243e+01	3	0	0	-1.97916666666666674e+00	-1.97916666666666674e+00	-1.97916666666666674e+00	0	0	0
1.70224861669177252e+00	500	theta_RHS_Linf	0.00000000000000000e+00	3.42801722331340297e+00	3.55445642600363243e+01	3	0	0	-1.97916666666666674e+00	-1.97916666666666674e+00	-1.97916666666666674e+00	0	0	0
1.70224861669177252e+00	500	Upsilon_RHS_Linf	0.00000000000000000e+00	3.42801722331340297e+00	3.55445642600363243e+01	3	0	0	-1.97916666666666674e+00	-1.97916666666666674e+00	-1.97916666666666674e+00	0	0	0
1.70224861669177252e+00	500	chi_beta	3.88264775877797135e+01	3.60843918243516776e-02	3.74153308000383045e-01	3	3	56	-2.08333333333333703e-02	-2.08333333333333703e-02	-2.08333333333333703e-02	15	15	15
1.70224861669177252e+00	500	chi_beta_near_r_lt_1	3.88264775877797135e+01	3.60843918243516776e-02	3.74153308000383045e-01	3	3	56	-2.08333333333333703e-02	-2.08333333333333703e-02	-2.08333333333333703e-02	15	15	15
1.70224861669177252e+00	500	chi_beta_inner_r_lt_0p5	3.88264775877797135e+01	3.60843918243516776e-02	3.74153308000383045e-01	3	3	56	-2.08333333333333703e-02	-2.08333333333333703e-02	-2.08333333333333703e-02	15	15	15
1.70224861669177252e+00	500	chi_beta_annulus_0p5_1	1.91125488339995497e+00	5.01300392313165033e-01	5.19790387486267136e+00	3	3	63	2.29166666666666630e-01	2.70833333333333259e-01	3.54166666666666574e-01	5	6	8
1.70224861669177252e+00	500	chi_beta_annulus_1_1p5	7.77645210784216667e-01	1.00065082987690235e+00	1.03755889796958840e+01	3	2	42	-6.45833333333333370e-01	-7.29166666666666741e-01	-2.29166666666666685e-01	0	14	10
1.70224861669177252e+00	500	chi_beta_annulus_1p5_2	4.38254956725826872e-01	1.50043396500256998e+00	1.55577606565890605e+01	3	6	117	-8.95833333333333481e-01	1.10416666666666674e+00	4.79166666666666574e-01	10	10	11
1.70224861669177252e+00	500	chi_beta_outer_r_ge_2	2.84571871002496035e-01	2.00032549434669127e+00	2.07410562558584246e+01	3	3	66	8.54166666666666630e-01	-9.79166666666666741e-01	-1.52083333333333348e+00	4	8	11
1.70224861669177252e+00	500	chi_beta_first_ge_1	1.00000000000000000e+00	3.60843918243516776e-02	3.74153308000383045e-01	3	3	56	-2.08333333333333703e-02	-2.08333333333333703e-02	-2.08333333333333703e-02	15	15	15
1.75331607519252564e+00	515	reference_Ricci	0.00000000000000000e+00	3.42801722331340297e+00	3.67755128797453139e+01	3	0	0	-1.97916666666666674e+00	-1.97916666666666674e+00	-1.97916666666666674e+00	0	0	0
1.75331607519252564e+00	515	reference_Riemann	0.00000000000000000e+00	3.42801722331340297e+00	3.67755128797453139e+01	3	0	0	-1.97916666666666674e+00	-1.97916666666666674e+00	-1.97916666666666674e+00	0	0	0
1.75331607519252564e+00	515	spin_connection	0.00000000000000000e+00	3.42801722331340297e+00	3.67755128797453139e+01	3	0	0	-1.97916666666666674e+00	-1.97916666666666674e+00	-1.97916666666666674e+00	0	0	0
1.75331607519252564e+00	515	spin_derivative	0.00000000000000000e+00	3.42801722331340297e+00	3.67755128797453139e+01	3	0	0	-1.97916666666666674e+00	-1.97916666666666674e+00	-1.97916666666666674e+00	0	0	0
1.75331607519252564e+00	515	Psi	1.99999999999924083e+00	3.28526540023785607e+00	3.52440819778177996e+01	3	5	98	-1.85416666666666674e+00	1.97916666666666652e+00	-1.85416666666666674e+00	3	15	3
1.75331607519252564e+00	515	Q	1.46327852792860056e-11	3.60843918243516498e-02	3.87110661892056340e-01	3	3	58	-2.08333333333333703e-02	2.08333333333333287e-02	-2.08333333333333703e-02	15	0	15
1.75331607519252564e+00	515	Delta	9.36966721469890174e-12	3.60843918243516498e-02	3.87110661892056340e-01	3	3	58	-2.08333333333333703e-02	2.08333333333333287e-02	-2.08333333333333703e-02	15	0	15
1.75331607519252564e+00	515	Pi	1.33245464081085896e-11	3.60843918243516498e-02	3.87110661892056340e-01	3	3	58	-2.08333333333333703e-02	2.08333333333333287e-02	-2.08333333333333703e-02	15	0	15
1.75331607519252564e+00	515	Phi	1.01637916556690427e-12	2.99384495905998582e+00	3.21177452385878226e+01	3	0	1	-1.06250000000000000e+00	-1.97916666666666674e+00	-1.97916666666666674e+00	6	0	0
1.75331607519252564e+00	515	GH_constraint	6.29509139421970508e-12	3.60843918243516498e-02	3.87110661892056340e-01	3	3	58	-2.08333333333333703e-02	2.08333333333333287e-02	-2.08333333333333703e-02	15	0	15
1.75331607519252564e+00	515	reduction_constraint	1.33134025622743651e-11	3.42801722331340297e+00	3.67755128797453139e+01	3	11	215	1.97916666666666652e+00	1.97916666666666652e+00	1.97916666666666652e+00	15	15	15
1.75331607519252564e+00	515	curl_constraint	1.22121363771022634e-12	3.33248687169207036e+00	3.57506703986269727e+01	3	3	65	1.97916666666666652e+00	-1.89583333333333326e+00	-1.89583333333333326e+00	15	2	2
1.75331607519252564e+00	515	source_curvature	6.09274925894229934e-10	3.60843918243516013e-02	3.87110661892055841e-01	3	3	63	2.08333333333333287e-02	2.08333333333333287e-02	2.08333333333333287e-02	0	0	0
1.75331607519252564e+00	515	source_QQ	2.68682228538938680e-22	3.60843918243516498e-02	3.87110661892056340e-01	3	3	58	-2.08333333333333703e-02	2.08333333333333287e-02	-2.08333333333333703e-02	15	0	15
1.75331607519252564e+00	515	source_DeltaDelta	1.24814071668943505e-22	3.60843918243516498e-02	3.87110661892056340e-01	3	3	58	-2.08333333333333703e-02	2.08333333333333287e-02	-2.08333333333333703e-02	15	0	15
1.75331607519252564e+00	515	source_damping	0.00000000000000000e+00	3.42801722331340297e+00	3.67755128797453139e+01	3	0	0	-1.97916666666666674e+00	-1.97916666666666674e+00	-1.97916666666666674e+00	0	0	0
1.75331607519252564e+00	515	source_frame_correction	3.48439116649849783e-11	3.60843918243516498e-02	3.87110661892056340e-01	3	3	58	-2.08333333333333703e-02	2.08333333333333287e-02	-2.08333333333333703e-02	15	0	15
1.75331607519252564e+00	515	Psi_RHS_Linf	3.65994466863925910e-13	2.35435102522967066e+00	2.52573020529015047e+01	3	10	182	1.27083333333333348e+00	-1.27083333333333348e+00	1.52083333333333348e+00	14	1	4
1.75331607519252564e+00	515	Pi_RHS_Linf	1.37711388060313365e-12	2.05681033398804214e+00	2.20653077278471912e+01	3	8	147	-1.18750000000000022e+00	-1.18750000000000022e+00	1.18750000000000000e+00	3	3	12
1.75331607519252564e+00	515	Phi_RHS_Linf	5.71982370250803916e-13	1.94933660367942729e+00	2.09123375717117206e+01	3	8	147	-9.37500000000000111e-01	-1.22916666666666674e+00	1.18750000000000000e+00	9	2	12
1.75331607519252564e+00	515	Hhat_RHS_Linf	0.00000000000000000e+00	3.42801722331340297e+00	3.67755128797453139e+01	3	0	0	-1.97916666666666674e+00	-1.97916666666666674e+00	-1.97916666666666674e+00	0	0	0
1.75331607519252564e+00	515	theta_RHS_Linf	0.00000000000000000e+00	3.42801722331340297e+00	3.67755128797453139e+01	3	0	0	-1.97916666666666674e+00	-1.97916666666666674e+00	-1.97916666666666674e+00	0	0	0
1.75331607519252564e+00	515	Upsilon_RHS_Linf	0.00000000000000000e+00	3.42801722331340297e+00	3.67755128797453139e+01	3	0	0	-1.97916666666666674e+00	-1.97916666666666674e+00	-1.97916666666666674e+00	0	0	0
1.75331607519252564e+00	515	chi_beta	3.88264775877908690e+01	3.60843918243516776e-02	3.87110661892056618e-01	3	3	56	-2.08333333333333703e-02	-2.08333333333333703e-02	-2.08333333333333703e-02	15	15	15
1.75331607519252564e+00	515	chi_beta_near_r_lt_1	3.88264775877908690e+01	3.60843918243516776e-02	3.87110661892056618e-01	3	3	56	-2.08333333333333703e-02	-2.08333333333333703e-02	-2.08333333333333703e-02	15	15	15
1.75331607519252564e+00	515	chi_beta_inner_r_lt_0p5	3.88264775877908690e+01	3.60843918243516776e-02	3.87110661892056618e-01	3	3	56	-2.08333333333333703e-02	-2.08333333333333703e-02	-2.08333333333333703e-02	15	15	15
1.75331607519252564e+00	515	chi_beta_annulus_0p5_1	1.91125488339995475e+00	5.01300392313165033e-01	5.37791318805422591e+00	3	3	63	2.70833333333333259e-01	2.29166666666666630e-01	3.54166666666666574e-01	6	5	8
1.75331607519252564e+00	515	chi_beta_annulus_1_1p5	7.77645210784217000e-01	1.00065082987690235e+00	1.07349074071152959e+01	3	2	47	6.45833333333333148e-01	-7.29166666666666741e-01	2.29166666666666630e-01	15	14	5
1.75331607519252564e+00	515	chi_beta_annulus_1p5_2	4.38254956725826927e-01	1.50043396500256998e+00	1.60965435733210818e+01	3	2	39	-8.95833333333333481e-01	-1.10416666666666674e+00	4.79166666666666574e-01	10	5	11
1.75331607519252564e+00	515	chi_beta_outer_r_ge_2	2.84571871002494814e-01	2.00032549434669127e+00	2.14593425846111145e+01	3	0	6	-1.52083333333333348e+00	-8.54166666666666741e-01	-9.79166666666666741e-01	11	11	8
1.75331607519252564e+00	515	chi_beta_first_ge_1	1.00000000000000000e+00	3.60843918243516776e-02	3.87110661892056618e-01	3	3	56	-2.08333333333333703e-02	-2.08333333333333703e-02	-2.08333333333333703e-02	15	15	15
1.80097903645989521e+00	529	reference_Ricci	0.00000000000000000e+00	3.42801722331340297e+00	3.79628298938135202e+01	3	0	0	-1.97916666666666674e+00	-1.97916666666666674e+00	-1.97916666666666674e+00	0	0	0
1.80097903645989521e+00	529	reference_Riemann	0.00000000000000000e+00	3.42801722331340297e+00	3.79628298938135202e+01	3	0	0	-1.97916666666666674e+00	-1.97916666666666674e+00	-1.97916666666666674e+00	0	0	0
1.80097903645989521e+00	529	spin_connection	0.00000000000000000e+00	3.42801722331340297e+00	3.79628298938135202e+01	3	0	0	-1.97916666666666674e+00	-1.97916666666666674e+00	-1.97916666666666674e+00	0	0	0
1.80097903645989521e+00	529	spin_derivative	0.00000000000000000e+00	3.42801722331340297e+00	3.79628298938135202e+01	3	0	0	-1.97916666666666674e+00	-1.97916666666666674e+00	-1.97916666666666674e+00	0	0	0
1.80097903645989521e+00	529	Psi	1.99999999999924083e+00	3.28526540023785607e+00	3.63819559298225528e+01	3	5	98	-1.85416666666666674e+00	1.97916666666666652e+00	-1.85416666666666674e+00	3	15	3
1.80097903645989521e+00	529	Q	1.44148413978725529e-11	3.60843918243516498e-02	3.99608735724353237e-01	3	3	58	-2.08333333333333703e-02	2.08333333333333287e-02	-2.08333333333333703e-02	15	0	15
1.80097903645989521e+00	529	Delta	9.36697422815602163e-12	3.60843918243516498e-02	3.99608735724353237e-01	3	3	60	-2.08333333333333703e-02	-2.08333333333333703e-02	2.08333333333333287e-02	15	15	0
1.80097903645989521e+00	529	Pi	1.30519515753361722e-11	3.60843918243516498e-02	3.99608735724353237e-01	3	3	58	-2.08333333333333703e-02	2.08333333333333287e-02	-2.08333333333333703e-02	15	0	15
1.80097903645989521e+00	529	Phi	1.03560351299968935e-12	2.99384495905998582e+00	3.31546837443805202e+01	3	0	1	-1.06250000000000000e+00	-1.97916666666666674e+00	-1.97916666666666674e+00	6	0	0
1.80097903645989521e+00	529	GH_constraint	6.21106815636848439e-12	3.60843918243516498e-02	3.99608735724353237e-01	3	3	58	-2.08333333333333703e-02	2.08333333333333287e-02	-2.08333333333333703e-02	15	0	15
1.80097903645989521e+00	529	reduction_constraint	1.32783601554033587e-11	3.42801722331340297e+00	3.79628298938135202e+01	3	10	181	1.97916666666666652e+00	-1.97916666666666674e+00	1.97916666666666652e+00	15	0	15
1.80097903645989521e+00	529	curl_constraint	1.26516732407682990e-12	3.33248687169207036e+00	3.69048998275253766e+01	3	3	65	1.97916666666666652e+00	-1.89583333333333326e+00	-1.89583333333333326e+00	15	2	2
1.80097903645989521e+00	529	source_curvature	6.09271189506035897e-10	3.60843918243516013e-02	3.99608735724352737e-01	3	3	63	2.08333333333333287e-02	2.08333333333333287e-02	2.08333333333333287e-02	0	0	0
1.80097903645989521e+00	529	source_QQ	2.53956751915686407e-22	3.60843918243516498e-02	3.99608735724353237e-01	3	3	58	-2.08333333333333703e-02	2.08333333333333287e-02	-2.08333333333333703e-02	15	0	15
1.80097903645989521e+00	529	source_DeltaDelta	1.21527829011311165e-22	3.60843918243516498e-02	3.99608735724353237e-01	3	3	58	-2.08333333333333703e-02	2.08333333333333287e-02	-2.08333333333333703e-02	15	0	15
1.80097903645989521e+00	529	source_damping	0.00000000000000000e+00	3.42801722331340297e+00	3.79628298938135202e+01	3	0	0	-1.97916666666666674e+00	-1.97916666666666674e+00	-1.97916666666666674e+00	0	0	0
1.80097903645989521e+00	529	source_frame_correction	3.43056049620216032e-11	3.60843918243516498e-02	3.99608735724353237e-01	3	3	58	-2.08333333333333703e-02	2.08333333333333287e-02	-2.08333333333333703e-02	15	0	15
1.80097903645989521e+00	529	Psi_RHS_Linf	3.73798746633146622e-13	2.35435102522967021e+00	2.60727474976715285e+01	3	10	194	-1.43750000000000000e+00	1.43750000000000022e+00	1.18750000000000000e+00	13	2	12
1.80097903645989521e+00	529	Pi_RHS_Linf	1.40388887536336145e-12	2.05681033398804214e+00	2.27776979362881136e+01	3	8	147	-1.18750000000000022e+00	-1.18750000000000022e+00	1.18750000000000000e+00	3	3	12
1.80097903645989521e+00	529	Phi_RHS_Linf	5.63844722492224309e-13	1.79928129942053383e+00	1.99257487495933390e+01	3	6	113	-1.22916666666666674e+00	1.18750000000000000e+00	-5.62500000000000000e-01	2	12	2
1.80097903645989521e+00	529	Hhat_RHS_Linf	0.00000000000000000e+00	3.42801722331340297e+00	3.79628298938135202e+01	3	0	0	-1.97916666666666674e+00	-1.97916666666666674e+00	-1.97916666666666674e+00	0	0	0
1.80097903645989521e+00	529	theta_RHS_Linf	0.00000000000000000e+00	3.42801722331340297e+00	3.79628298938135202e+01	3	0	0	-1.97916666666666674e+00	-1.97916666666666674e+00	-1.97916666666666674e+00	0	0	0
1.80097903645989521e+00	529	Upsilon_RHS_Linf	0.00000000000000000e+00	3.42801722331340297e+00	3.79628298938135202e+01	3	0	0	-1.97916666666666674e+00	-1.97916666666666674e+00	-1.97916666666666674e+00	0	0	0
1.80097903645989521e+00	529	chi_beta	3.88264775877804311e+01	3.60843918243516013e-02	3.99608735724352737e-01	3	3	63	2.08333333333333287e-02	2.08333333333333287e-02	2.08333333333333287e-02	0	0	0
1.80097903645989521e+00	529	chi_beta_near_r_lt_1	3.88264775877804311e+01	3.60843918243516013e-02	3.99608735724352737e-01	3	3	63	2.08333333333333287e-02	2.08333333333333287e-02	2.08333333333333287e-02	0	0	0
1.80097903645989521e+00	529	chi_beta_inner_r_lt_0p5	3.88264775877804311e+01	3.60843918243516013e-02	3.99608735724352737e-01	3	3	63	2.08333333333333287e-02	2.08333333333333287e-02	2.08333333333333287e-02	0	0	0
1.80097903645989521e+00	529	chi_beta_annulus_0p5_1	1.91125488339995631e+00	5.01300392313165033e-01	5.55154197874541921e+00	3	3	59	2.70833333333333259e-01	3.54166666666666574e-01	-2.29166666666666685e-01	6	8	10
1.80097903645989521e+00	529	chi_beta_annulus_1_1p5	7.77645210784217333e-01	1.00065082987690235e+00	1.10814896084456453e+01	3	3	60	-6.04166666666666741e-01	-5.20833333333333370e-01	6.04166666666666519e-01	1	3	14
1.80097903645989521e+00	529	chi_beta_annulus_1p5_2	4.38254956725827316e-01	1.50043396500256976e+00	1.66162290530257124e+01	3	6	117	-1.10416666666666674e+00	9.79166666666666630e-01	2.70833333333333259e-01	5	7	6
1.80097903645989521e+00	529	chi_beta_outer_r_ge_2	2.84571871002493038e-01	2.00032549434669127e+00	2.21521688857627197e+01	3	10	197	-8.54166666666666741e-01	9.79166666666666630e-01	1.52083333333333348e+00	11	7	4
1.80097903645989521e+00	529	chi_beta_first_ge_1	1.00000000000000000e+00	3.60843918243516776e-02	3.99608735724353570e-01	3	3	56	-2.08333333333333703e-02	-2.08333333333333703e-02	-2.08333333333333703e-02	15	15	15
1.85204649496064833e+00	544	reference_Ricci	0.00000000000000000e+00	3.42801722331340297e+00	3.92775257982609034e+01	3	0	0	-1.97916666666666674e+00	-1.97916666666666674e+00	-1.97916666666666674e+00	0	0	0
1.85204649496064833e+00	544	reference_Riemann	0.00000000000000000e+00	3.42801722331340297e+00	3.92775257982609034e+01	3	0	0	-1.97916666666666674e+00	-1.97916666666666674e+00	-1.97916666666666674e+00	0	0	0
1.85204649496064833e+00	544	spin_connection	0.00000000000000000e+00	3.42801722331340297e+00	3.92775257982609034e+01	3	0	0	-1.97916666666666674e+00	-1.97916666666666674e+00	-1.97916666666666674e+00	0	0	0
1.85204649496064833e+00	544	spin_derivative	0.00000000000000000e+00	3.42801722331340297e+00	3.92775257982609034e+01	3	0	0	-1.97916666666666674e+00	-1.97916666666666674e+00	-1.97916666666666674e+00	0	0	0
1.85204649496064833e+00	544	Psi	1.99999999999922951e+00	3.28526540023785607e+00	3.76419043738798749e+01	3	5	98	-1.85416666666666674e+00	1.97916666666666652e+00	-1.85416666666666674e+00	3	15	3
1.85204649496064833e+00	544	Q	1.41930060142928555e-11	3.60843918243516498e-02	4.13447639981694204e-01	3	3	58	-2.08333333333333703e-02	2.08333333333333287e-02	-2.08333333333333703e-02	15	0	15
1.85204649496064833e+00	544	Delta	9.38191244422543897e-12	3.60843918243516498e-02	4.13447639981694204e-01	3	3	60	-2.08333333333333703e-02	-2.08333333333333703e-02	2.08333333333333287e-02	15	15	0
1.85204649496064833e+00	544	Pi	1.27750041958514081e-11	3.60843918243516498e-02	4.13447639981694204e-01	3	3	58	-2.08333333333333703e-02	2.08333333333333287e-02	-2.08333333333333703e-02	15	0	15
1.85204649496064833e+00	544	Phi	1.05741930740482043e-12	2.99384495905998582e+00	3.43028680882217785e+01	3	0	1	-1.06250000000000000e+00	-1.97916666666666674e+00	-1.97916666666666674e+00	6	0	0
1.85204649496064833e+00	544	GH_constraint	6.12454354383130351e-12	3.60843918243516498e-02	4.13447639981694204e-01	3	3	58	-2.08333333333333703e-02	2.08333333333333287e-02	-2.08333333333333703e-02	15	0	15
1.85204649496064833e+00	544	reduction_constraint	1.32267305609282616e-11	3.42801722331340297e+00	3.92775257982609034e+01	3	7	131	1.97916666666666652e+00	1.97916666666666652e+00	-1.97916666666666674e+00	15	15	0
1.85204649496064833e+00	544	curl_constraint	1.31159767302023494e-12	3.33248687169207036e+00	3.81829584125413319e+01	3	3	65	1.97916666666666652e+00	-1.89583333333333326e+00	-1.89583333333333326e+00	15	2	2
1.85204649496064833e+00	544	source_curvature	6.09267179718199476e-10	3.60843918243516013e-02	4.13447639981693649e-01	3	3	63	2.08333333333333287e-02	2.08333333333333287e-02	2.08333333333333287e-02	0	0	0
1.85204649496064833e+00	544	source_QQ	2.39455267317912660e-22	3.60843918243516498e-02	4.13447639981694204e-01	3	3	58	-2.08333333333333703e-02	2.08333333333333287e-02	-2.08333333333333703e-02	15	0	15
1.85204649496064833e+00	544	source_DeltaDelta	1.18190615579338096e-22	3.60843918243516498e-02	4.13447639981694204e-01	3	3	58	-2.08333333333333703e-02	2.08333333333333287e-02	-2.08333333333333703e-02	15	0	15
1.85204649496064833e+00	544	source_damping	0.00000000000000000e+00	3.42801722331340297e+00	3.92775257982609034e+01	3	0	0	-1.97916666666666674e+00	-1.97916666666666674e+00	-1.97916666666666674e+00	0	0	0
1.85204649496064833e+00	544	source_frame_correction	3.37606371761328095e-11	3.60843918243516498e-02	4.13447639981694204e-01	3	3	58	-2.08333333333333703e-02	2.08333333333333287e-02	-2.08333333333333703e-02	15	0	15
1.85204649496064833e+00	544	Psi_RHS_Linf	3.86536111327615182e-13	2.35435102522967021e+00	2.69756763480432866e+01	3	10	194	-1.43750000000000000e+00	1.43750000000000022e+00	1.18750000000000000e+00	13	2	12
1.85204649496064833e+00	544	Pi_RHS_Linf	1.31582650523028973e-12	2.00984987692558192e+00	2.30284520902358558e+01	3	10	193	-1.10416666666666674e+00	1.18750000000000000e+00	1.18750000000000000e+00	5	12	12
1.85204649496064833e+00	544	Phi_RHS_Linf	5.88173836596404540e-13	1.71023775962421243e+00	1.95955572416500168e+01	3	1	21	-1.18750000000000022e+00	-6.25000000000000000e-02	-1.22916666666666674e+00	3	14	2
1.85204649496064833e+00	544	Hhat_RHS_Linf	0.00000000000000000e+00	3.42801722331340297e+00	3.92775257982609034e+01	3	0	0	-1.97916666666666674e+00	-1.97916666666666674e+00	-1.97916666666666674e+00	0	0	0
1.85204649496064833e+00	544	theta_RHS_Linf	0.00000000000000000e+00	3.42801722331340297e+00	3.92775257982609034e+01	3	0	0	-1.97916666666666674e+00	-1.97916666666666674e+00	-1.97916666666666674e+00	0	0	0
1.85204649496064833e+00	544	Upsilon_RHS_Linf	0.00000000000000000e+00	3.42801722331340297e+00	3.92775257982609034e+01	3	0	0	-1.97916666666666674e+00	-1.97916666666666674e+00	-1.97916666666666674e+00	0	0	0
1.85204649496064833e+00	544	chi_beta	3.88264775877842752e+01	3.60843918243516013e-02	4.13447639981693649e-01	3	3	63	2.08333333333333287e-02	2.08333333333333287e-02	2.08333333333333287e-02	0	0	0
1.85204649496064833e+00	544	chi_beta_near_r_lt_1	3.88264775877842752e+01	3.60843918243516013e-02	4.13447639981693649e-01	3	3	63	2.08333333333333287e-02	2.08333333333333287e-02	2.08333333333333287e-02	0	0	0
1.85204649496064833e+00	544	chi_beta_inner_r_lt_0p5	3.88264775877842752e+01	3.60843918243516013e-02	4.13447639981693649e-01	3	3	63	2.08333333333333287e-02	2.08333333333333287e-02	2.08333333333333287e-02	0	0	0
1.85204649496064833e+00	544	chi_beta_annulus_0p5_1	1.91125488339995608e+00	5.01300392313165033e-01	5.74379818101588580e+00	3	3	63	3.54166666666666574e-01	2.29166666666666630e-01	2.70833333333333259e-01	8	5	6
1.85204649496064833e+00	544	chi_beta_annulus_1_1p5	7.77645210784217444e-01	1.00065082987690235e+00	1.14652541761596538e+01	3	2	51	-7.29166666666666741e-01	2.29166666666666630e-01	-6.45833333333333370e-01	14	5	0
1.85204649496064833e+00	544	chi_beta_annulus_1p5_2	4.38254956725827149e-01	1.50043396500256998e+00	1.71916679321734627e+01	3	2	39	-8.95833333333333481e-01	-1.10416666666666674e+00	4.79166666666666574e-01	10	5	11
1.85204649496064833e+00	544	chi_beta_outer_r_ge_2	2.84571871002491539e-01	2.00032549434669127e+00	2.29193236471490671e+01	3	10	197	-8.54166666666666741e-01	9.79166666666666630e-01	1.52083333333333348e+00	11	7	4
1.85204649496064833e+00	544	chi_beta_first_ge_1	1.00000000000000000e+00	3.60843918243516776e-02	4.13447639981694481e-01	3	3	56	-2.08333333333333703e-02	-2.08333333333333703e-02	-2.08333333333333703e-02	15	15	15
1.90311395346140144e+00	559	reference_Ricci	0.00000000000000000e+00	3.42801722331340297e+00	4.06377511146621799e+01	3	0	0	-1.97916666666666674e+00	-1.97916666666666674e+00	-1.97916666666666674e+00	0	0	0
1.90311395346140144e+00	559	reference_Riemann	0.00000000000000000e+00	3.42801722331340297e+00	4.06377511146621799e+01	3	0	0	-1.97916666666666674e+00	-1.97916666666666674e+00	-1.97916666666666674e+00	0	0	0
1.90311395346140144e+00	559	spin_connection	0.00000000000000000e+00	3.42801722331340297e+00	4.06377511146621799e+01	3	0	0	-1.97916666666666674e+00	-1.97916666666666674e+00	-1.97916666666666674e+00	0	0	0
1.90311395346140144e+00	559	spin_derivative	0.00000000000000000e+00	3.42801722331340297e+00	4.06377511146621799e+01	3	0	0	-1.97916666666666674e+00	-1.97916666666666674e+00	-1.97916666666666674e+00	0	0	0
1.90311395346140144e+00	559	Psi	1.99999999999922329e+00	3.38007591548539699e+00	4.00694263926110992e+01	3	0	0	-1.93750000000000000e+00	-1.93750000000000000e+00	-1.97916666666666674e+00	1	1	0
1.90311395346140144e+00	559	Q	1.39852857375178583e-11	3.60843918243516498e-02	4.27765801206970830e-01	3	3	58	-2.08333333333333703e-02	2.08333333333333287e-02	-2.08333333333333703e-02	15	0	15
1.90311395346140144e+00	559	Delta	9.39889547294233903e-12	3.60843918243516498e-02	4.27765801206970830e-01	3	3	60	-2.08333333333333703e-02	-2.08333333333333703e-02	2.08333333333333287e-02	15	15	0
1.90311395346140144e+00	559	Pi	1.25132820560172027e-11	3.60843918243516498e-02	4.27765801206970830e-01	3	3	58	-2.08333333333333703e-02	2.08333333333333287e-02	-2.08333333333333703e-02	15	0	15
1.90311395346140144e+00	559	Phi	1.07896206728317458e-12	2.99384495905998582e+00	3.54908153596061382e+01	3	0	1	-1.06250000000000000e+00	-1.97916666666666674e+00	-1.97916666666666674e+00	6	0	0
1.90311395346140144e+00	559	GH_constraint	6.04517722056323090e-12	3.60843918243516498e-02	4.27765801206970830e-01	3	3	58	-2.08333333333333703e-02	2.08333333333333287e-02	-2.08333333333333703e-02	15	0	15
1.90311395346140144e+00	559	reduction_constraint	1.31959805855191937e-11	3.42801722331340297e+00	4.06377511146621799e+01	3	11	215	1.97916666666666652e+00	1.97916666666666652e+00	1.97916666666666652e+00	15	15	15
1.90311395346140144e+00	559	curl_constraint	1.35661907394813201e-12	3.33248687169207036e+00	3.95052776175391003e+01	3	3	65	1.97916666666666652e+00	-1.89583333333333326e+00	-1.89583333333333326e+00	15	2	2
1.90311395346140144e+00	559	source_curvature	6.09264315078266086e-10	3.60843918243516013e-02	4.27765801206970220e-01	3	3	63	2.08333333333333287e-02	2.08333333333333287e-02	2.08333333333333287e-02	0	0	0
1.90311395346140144e+00	559	source_QQ	2.26225690241311501e-22	3.60843918243516498e-02	4.27765801206970830e-01	3	3	58	-2.08333333333333703e-02	2.08333333333333287e-02	-2.08333333333333703e-02	15	0	15
1.90311395346140144e+00	559	source_DeltaDelta	1.15079413918438775e-22	3.60843918243516498e-02	4.27765801206970830e-01	3	3	58	-2.08333333333333703e-02	2.08333333333333287e-02	-2.08333333333333703e-02	15	0	15
1.90311395346140144e+00	559	source_damping	0.00000000000000000e+00	3.42801722331340297e+00	4.06377511146621799e+01	3	0	0	-1.97916666666666674e+00	-1.97916666666666674e+00	-1.97916666666666674e+00	0	0	0
1.90311395346140144e+00	559	source_frame_correction	3.32462354125478126e-11	3.60843918243516498e-02	4.27765801206970830e-01	3	3	58	-2.08333333333333703e-02	2.08333333333333287e-02	-2.08333333333333703e-02	15	0	15
1.90311395346140144e+00	559	Psi_RHS_Linf	3.90162039614213708e-13	2.35435102522967021e+00	2.79098746497418198e+01	3	0	2	-1.43750000000000000e+00	-1.18750000000000022e+00	-1.43750000000000000e+00	13	3	13
1.90311395346140144e+00	559	Pi_RHS_Linf	1.30529885720885586e-12	1.91247276669063559e+00	2.26715874639694306e+01	3	9	178	1.10416666666666674e+00	-1.10416666666666674e+00	1.10416666666666674e+00	10	5	10
1.90311395346140144e+00	559	Phi_RHS_Linf	5.68794658108541050e-13	1.94041000106220407e+00	2.30027720243919234e+01	3	7	132	1.18750000000000000e+00	1.02083333333333348e+00	-1.14583333333333348e+00	12	8	4
1.90311395346140144e+00	559	Hhat_RHS_Linf	0.00000000000000000e+00	3.42801722331340297e+00	4.06377511146621799e+01	3	0	0	-1.97916666666666674e+00	-1.97916666666666674e+00	-1.97916666666666674e+00	0	0	0
1.90311395346140144e+00	559	theta_RHS_Linf	0.00000000000000000e+00	3.42801722331340297e+00	4.06377511146621799e+01	3	0	0	-1.97916666666666674e+00	-1.97916666666666674e+00	-1.97916666666666674e+00	0	0	0
1.90311395346140144e+00	559	Upsilon_RHS_Linf	0.00000000000000000e+00	3.42801722331340297e+00	4.06377511146621799e+01	3	0	0	-1.97916666666666674e+00	-1.97916666666666674e+00	-1.97916666666666674e+00	0	0	0
1.90311395346140144e+00	559	chi_beta	3.88264775877896255e+01	3.60843918243516776e-02	4.27765801206971163e-01	3	3	56	-2.08333333333333703e-02	-2.08333333333333703e-02	-2.08333333333333703e-02	15	15	15
1.90311395346140144e+00	559	chi_beta_near_r_lt_1	3.88264775877896255e+01	3.60843918243516776e-02	4.27765801206971163e-01	3	3	56	-2.08333333333333703e-02	-2.08333333333333703e-02	-2.08333333333333703e-02	15	15	15
1.90311395346140144e+00	559	chi_beta_inner_r_lt_0p5	3.88264775877896255e+01	3.60843918243516776e-02	4.27765801206971163e-01	3	3	56	-2.08333333333333703e-02	-2.08333333333333703e-02	-2.08333333333333703e-02	15	15	15
1.90311395346140144e+00	559	chi_beta_annulus_0p5_1	1.91125488339995719e+00	5.01300392313165033e-01	5.94271243386995351e+00	3	3	63	2.29166666666666630e-01	3.54166666666666574e-01	2.70833333333333259e-01	5	8	6
1.90311395346140144e+00	559	chi_beta_annulus_1_1p5	7.77645210784217888e-01	1.00065082987690235e+00	1.18623089466024094e+01	3	3	60	-6.04166666666666741e-01	-5.20833333333333370e-01	6.04166666666666519e-01	1	3	14
1.90311395346140144e+00	559	chi_beta_annulus_1p5_2	4.38254956725827594e-01	1.50043396500256976e+00	1.77870349130931622e+01	3	4	86	9.79166666666666630e-01	-1.10416666666666674e+00	2.70833333333333259e-01	7	5	6
1.90311395346140144e+00	559	chi_beta_outer_r_ge_2	2.84571871002489651e-01	2.00032549434669127e+00	2.37130458489947600e+01	3	0	5	-9.79166666666666741e-01	-1.52083333333333348e+00	-8.54166666666666741e-01	8	11	11
1.90311395346140144e+00	559	chi_beta_first_ge_1	1.00000000000000000e+00	3.60843918243516776e-02	4.27765801206971163e-01	3	3	56	-2.08333333333333703e-02	-2.08333333333333703e-02	-2.08333333333333703e-02	15	15	15
1.95077691472877102e+00	573	reference_Ricci	0.00000000000000000e+00	3.42801722331340297e+00	4.19497625465539130e+01	3	0	0	-1.97916666666666674e+00	-1.97916666666666674e+00	-1.97916666666666674e+00	0	0	0
1.95077691472877102e+00	573	reference_Riemann	0.00000000000000000e+00	3.42801722331340297e+00	4.19497625465539130e+01	3	0	0	-1.97916666666666674e+00	-1.97916666666666674e+00	-1.97916666666666674e+00	0	0	0
1.95077691472877102e+00	573	spin_connection	0.00000000000000000e+00	3.42801722331340297e+00	4.19497625465539130e+01	3	0	0	-1.97916666666666674e+00	-1.97916666666666674e+00	-1.97916666666666674e+00	0	0	0
1.95077691472877102e+00	573	spin_derivative	0.00000000000000000e+00	3.42801722331340297e+00	4.19497625465539130e+01	3	0	0	-1.97916666666666674e+00	-1.97916666666666674e+00	-1.97916666666666674e+00	0	0	0
1.95077691472877102e+00	573	Psi	1.99999999999922329e+00	3.38007591548539699e+00	4.13630891582527269e+01	3	0	0	-1.93750000000000000e+00	-1.93750000000000000e+00	-1.97916666666666674e+00	1	1	0
1.95077691472877102e+00	573	Q	1.38043450813846487e-11	3.60843918243516498e-02	4.41576447858462728e-01	3	3	58	-2.08333333333333703e-02	2.08333333333333287e-02	-2.08333333333333703e-02	15	0	15
1.95077691472877102e+00	573	Delta	9.41747363796350462e-12	3.60843918243516498e-02	4.41576447858462728e-01	3	3	60	-2.08333333333333703e-02	-2.08333333333333703e-02	2.08333333333333287e-02	15	15	0
1.95077691472877102e+00	573	Pi	1.22823658030500418e-11	3.60843918243516498e-02	4.41576447858462728e-01	3	3	58	-2.08333333333333703e-02	2.08333333333333287e-02	-2.08333333333333703e-02	15	0	15
1.95077691472877102e+00	573	Phi	1.09619240112751298e-12	2.99384495905998582e+00	3.66366552302125896e+01	3	8	144	-1.97916666666666674e+00	-1.97916666666666674e+00	1.06250000000000000e+00	0	0	9
1.95077691472877102e+00	573	GH_constraint	5.97820602346152884e-12	3.60843918243516498e-02	4.41576447858462728e-01	3	3	58	-2.08333333333333703e-02	2.08333333333333287e-02	-2.08333333333333703e-02	15	0	15
1.95077691472877102e+00	573	reduction_constraint	1.31658940614477609e-11	3.42801722331340297e+00	4.19497625465539130e+01	3	11	215	1.97916666666666652e+00	1.97916666666666652e+00	1.97916666666666652e+00	15	15	15
1.95077691472877102e+00	573	curl_constraint	1.39752434997979080e-12	3.33248687169207036e+00	4.07807265396022842e+01	3	3	65	1.97916666666666652e+00	-1.89583333333333326e+00	-1.89583333333333326e+00	15	2	2
1.95077691472877102e+00	573	source_curvature	6.09261352775680997e-10	3.60843918243516013e-02	4.41576447858462173e-01	3	3	63	2.08333333333333287e-02	2.08333333333333287e-02	2.08333333333333287e-02	0	0	0
1.95077691472877102e+00	573	source_QQ	2.14979452951621481e-22	3.60843918243516498e-02	4.41576447858462728e-01	3	3	58	-2.08333333333333703e-02	2.08333333333333287e-02	-2.08333333333333703e-02	15	0	15
1.95077691472877102e+00	573	source_DeltaDelta	1.12378000935531124e-22	3.60843918243516498e-02	4.41576447858462728e-01	3	3	58	-2.08333333333333703e-02	2.08333333333333287e-02	-2.08333333333333703e-02	15	0	15
1.95077691472877102e+00	573	source_damping	0.00000000000000000e+00	3.42801722331340297e+00	4.19497625465539130e+01	3	0	0	-1.97916666666666674e+00	-1.97916666666666674e+00	-1.97916666666666674e+00	0	0	0
1.95077691472877102e+00	573	source_frame_correction	3.27913005083538151e-11	3.60843918243516498e-02	4.41576447858462728e-01	3	3	58	-2.08333333333333703e-02	2.08333333333333287e-02	-2.08333333333333703e-02	15	0	15
1.95077691472877102e+00	573	Psi_RHS_Linf	4.00959192076222325e-13	2.34548546858285478e+00	2.87024691108000489e+01	3	3	65	1.35416666666666674e+00	-1.35416666666666696e+00	-1.35416666666666696e+00	0	15	15
1.95077691472877102e+00	573	Pi_RHS_Linf	1.40564801999638331e-12	1.91247276669063559e+00	2.34035517364985033e+01	3	10	193	-1.10416666666666674e+00	1.10416666666666674e+00	1.10416666666666674e+00	5	10	10
1.95077691472877102e+00	573	Phi_RHS_Linf	6.05811069740074540e-13	3.40413096676507010e+00	4.16574586504375119e+01	3	8	148	-1.97916666666666674e+00	-1.93750000000000000e+00	1.97916666666666652e+00	0	1	15
1.95077691472877102e+00	573	Hhat_RHS_Linf	0.00000000000000000e+00	3.42801722331340297e+00	4.19497625465539130e+01	3	0	0	-1.97916666666666674e+00	-1.97916666666666674e+00	-1.97916666666666674e+00	0	0	0
1.95077691472877102e+00	573	theta_RHS_Linf	0.00000000000000000e+00	3.42801722331340297e+00	4.19497625465539130e+01	3	0	0	-1.97916666666666674e+00	-1.97916666666666674e+00	-1.97916666666666674e+00	0	0	0
1.95077691472877102e+00	573	Upsilon_RHS_Linf	0.00000000000000000e+00	3.42801722331340297e+00	4.19497625465539130e+01	3	0	0	-1.97916666666666674e+00	-1.97916666666666674e+00	-1.97916666666666674e+00	0	0	0
1.95077691472877102e+00	573	chi_beta	3.88264775877800048e+01	3.60843918243516290e-02	4.41576447858462506e-01	3	3	62	-2.08333333333333703e-02	2.08333333333333287e-02	2.08333333333333287e-02	15	0	0
1.95077691472877102e+00	573	chi_beta_near_r_lt_1	3.88264775877800048e+01	3.60843918243516290e-02	4.41576447858462506e-01	3	3	62	-2.08333333333333703e-02	2.08333333333333287e-02	2.08333333333333287e-02	15	0	0
1.95077691472877102e+00	573	chi_beta_inner_r_lt_0p5	3.88264775877800048e+01	3.60843918243516290e-02	4.41576447858462506e-01	3	3	62	-2.08333333333333703e-02	2.08333333333333287e-02	2.08333333333333287e-02	15	0	0
1.95077691472877102e+00	573	chi_beta_annulus_0p5_1	1.91125488339995742e+00	5.01300392313165033e-01	6.13457606893388707e+00	3	3	63	3.54166666666666574e-01	2.29166666666666630e-01	2.70833333333333259e-01	8	5	6
1.95077691472877102e+00	573	chi_beta_annulus_1_1p5	7.77645210784218222e-01	1.00065082987690235e+00	1.22452899069085159e+01	3	3	58	-6.04166666666666741e-01	6.04166666666666519e-01	-5.20833333333333370e-01	1	14	3
1.95077691472877102e+00	573	chi_beta_annulus_1p5_2	4.38254956725827927e-01	1.50043396500256976e+00	1.83612988057871540e+01	3	6	117	-1.10416666666666674e+00	9.79166666666666630e-01	2.70833333333333259e-01	5	7	6
1.95077691472877102e+00	573	chi_beta_outer_r_ge_2	2.84571871002487931e-01	2.00032549434669127e+00	2.44786341599982364e+01	3	8	145	-8.54166666666666741e-01	-1.52083333333333348e+00	9.79166666666666630e-01	11	11	7
1.95077691472877102e+00	573	chi_beta_first_ge_1	1.00000000000000000e+00	3.60843918243516776e-02	4.41576447858463061e-01	3	3	56	-2.08333333333333703e-02	-2.08333333333333703e-02	-2.08333333333333703e-02	15	15	15
2.00184437322952435e+00	588	reference_Ricci	0.00000000000000000e+00	3.42801722331340297e+00	4.34025304557629781e+01	3	0	0	-1.97916666666666674e+00	-1.97916666666666674e+00	-1.97916666666666674e+00	0	0	0
2.00184437322952435e+00	588	reference_Riemann	0.00000000000000000e+00	3.42801722331340297e+00	4.34025304557629781e+01	3	0	0	-1.97916666666666674e+00	-1.97916666666666674e+00	-1.97916666666666674e+00	0	0	0
2.00184437322952435e+00	588	spin_connection	0.00000000000000000e+00	3.42801722331340297e+00	4.34025304557629781e+01	3	0	0	-1.97916666666666674e+00	-1.97916666666666674e+00	-1.97916666666666674e+00	0	0	0
2.00184437322952435e+00	588	spin_derivative	0.00000000000000000e+00	3.42801722331340297e+00	4.34025304557629781e+01	3	0	0	-1.97916666666666674e+00	-1.97916666666666674e+00	-1.97916666666666674e+00	0	0	0
2.00184437322952435e+00	588	Psi	1.99999999999922218e+00	3.38007591548539699e+00	4.27955399018815328e+01	3	0	0	-1.93750000000000000e+00	-1.97916666666666674e+00	-1.93750000000000000e+00	1	0	1
2.00184437322952435e+00	588	Q	1.36213835199916592e-11	3.60843918243516498e-02	4.56868741639610831e-01	3	3	58	-2.08333333333333703e-02	2.08333333333333287e-02	-2.08333333333333703e-02	15	0	15
2.00184437322952435e+00	588	Delta	9.43918222675679172e-12	3.60843918243516498e-02	4.56868741639610831e-01	3	3	60	-2.08333333333333703e-02	-2.08333333333333703e-02	2.08333333333333287e-02	15	15	0
2.00184437322952435e+00	588	Pi	1.20488055084063184e-11	3.60843918243516498e-02	4.56868741639610831e-01	3	3	58	-2.08333333333333703e-02	2.08333333333333287e-02	-2.08333333333333703e-02	15	0	15
2.00184437322952435e+00	588	Phi	1.10747130143900474e-12	2.96529404106911443e+00	3.75439376595070087e+01	3	11	211	1.97916666666666652e+00	1.97916666666666652e+00	9.79166666666666630e-01	15	15	7
2.00184437322952435e+00	588	GH_constraint	5.91018964400688106e-12	3.60843918243516498e-02	4.56868741639610831e-01	3	3	58	-2.08333333333333703e-02	2.08333333333333287e-02	-2.08333333333333703e-02	15	0	15
2.00184437322952435e+00	588	reduction_constraint	1.33258539965182143e-11	3.42801722331340297e+00	4.34025304557629781e+01	3	11	215	1.97916666666666652e+00	1.97916666666666652e+00	1.97916666666666652e+00	15	15	15
2.00184437322952435e+00	588	curl_constraint	1.44091508149333213e-12	3.33248687169207036e+00	4.21930094044985395e+01	3	0	0	-1.97916666666666674e+00	-1.89583333333333326e+00	-1.89583333333333326e+00	0	2	2
2.00184437322952435e+00	588	source_curvature	6.09258501218463058e-10	3.60843918243516013e-02	4.56868741639610221e-01	3	3	63	2.08333333333333287e-02	2.08333333333333287e-02	2.08333333333333287e-02	0	0	0
2.00184437322952435e+00	588	source_QQ	2.03990225580529210e-22	3.60843918243516498e-02	4.56868741639610831e-01	3	3	58	-2.08333333333333703e-02	2.08333333333333287e-02	-2.08333333333333703e-02	15	0	15
2.00184437322952435e+00	588	source_DeltaDelta	1.09652850449458320e-22	3.60843918243516498e-02	4.56868741639610831e-01	3	3	58	-2.08333333333333703e-02	2.08333333333333287e-02	-2.08333333333333703e-02	15	0	15
2.00184437322952435e+00	588	source_damping	0.00000000000000000e+00	3.42801722331340297e+00	4.34025304557629781e+01	3	0	0	-1.97916666666666674e+00	-1.97916666666666674e+00	-1.97916666666666674e+00	0	0	0
2.00184437322952435e+00	588	source_frame_correction	3.23328904168549240e-11	3.60843918243516498e-02	4.56868741639610831e-01	3	3	58	-2.08333333333333703e-02	2.08333333333333287e-02	-2.08333333333333703e-02	15	0	15
2.00184437322952435e+00	588	Psi_RHS_Linf	4.09740696228749119e-13	2.34548546858285523e+00	2.96964682065746786e+01	3	0	0	-1.35416666666666696e+00	-1.35416666666666696e+00	-1.35416666666666696e+00	15	15	15
2.00184437322952435e+00	588	Pi_RHS_Linf	1.43162915703889781e-12	1.91247276669063559e+00	2.42140433068993524e+01	3	10	193	-1.10416666666666674e+00	1.10416666666666674e+00	1.10416666666666674e+00	5	10	10
2.00184437322952435e+00	588	Phi_RHS_Linf	6.47147291720009593e-13	3.40413096676506965e+00	4.31001037438250663e+01	3	11	198	-1.93750000000000000e+00	1.97916666666666652e+00	1.97916666666666652e+00	1	15	15
2.00184437322952435e+00	588	Hhat_RHS_Linf	0.00000000000000000e+00	3.42801722331340297e+00	4.34025304557629781e+01	3	0	0	-1.97916666666666674e+00	-1.97916666666666674e+00	-1.97916666666666674e+00	0	0	0
2.00184437322952435e+00	588	theta_RHS_Linf	0.00000000000000000e+00	3.42801722331340297e+00	4.34025304557629781e+01	3	0	0	-1.97916666666666674e+00	-1.97916666666666674e+00	-1.97916666666666674e+00	0	0	0
2.00184437322952435e+00	588	Upsilon_RHS_Linf	0.00000000000000000e+00	3.42801722331340297e+00	4.34025304557629781e+01	3	0	0	-1.97916666666666674e+00	-1.97916666666666674e+00	-1.97916666666666674e+00	0	0	0
2.00184437322952435e+00	588	chi_beta	3.88264775877842752e+01	3.60843918243516776e-02	4.56868741639611164e-01	3	3	56	-2.08333333333333703e-02	-2.08333333333333703e-02	-2.08333333333333703e-02	15	15	15
2.00184437322952435e+00	588	chi_beta_near_r_lt_1	3.88264775877842752e+01	3.60843918243516776e-02	4.56868741639611164e-01	3	3	56	-2.08333333333333703e-02	-2.08333333333333703e-02	-2.08333333333333703e-02	15	15	15
2.00184437322952435e+00	588	chi_beta_inner_r_lt_0p5	3.88264775877842752e+01	3.60843918243516776e-02	4.56868741639611164e-01	3	3	56	-2.08333333333333703e-02	-2.08333333333333703e-02	-2.08333333333333703e-02	15	15	15
2.00184437322952435e+00	588	chi_beta_annulus_0p5_1	1.91125488339995853e+00	5.01300392313165033e-01	6.34702340375869856e+00	3	3	63	2.29166666666666630e-01	3.54166666666666574e-01	2.70833333333333259e-01	5	8	6
2.00184437322952435e+00	588	chi_beta_annulus_1_1p5	7.77645210784218222e-01	1.00065082987690235e+00	1.26693582004054424e+01	3	3	55	-7.29166666666666741e-01	6.45833333333333148e-01	2.29166666666666630e-01	14	15	5
2.00184437322952435e+00	588	chi_beta_annulus_1p5_2	4.38254956725827483e-01	1.50043396500256998e+00	1.89971714319276295e+01	3	2	39	-1.10416666666666674e+00	-8.95833333333333481e-01	4.79166666666666574e-01	5	10	11
2.00184437322952435e+00	588	chi_beta_outer_r_ge_2	2.84571871002486099e-01	2.00032549434669127e+00	2.53263570554365494e+01	3	9	179	1.52083333333333348e+00	-8.54166666666666741e-01	9.79166666666666630e-01	4	11	7
2.00184437322952435e+00	588	chi_beta_first_ge_1	1.00000000000000000e+00	3.60843918243516776e-02	4.56868741639611164e-01	3	3	56	-2.08333333333333703e-02	-2.08333333333333703e-02	-2.08333333333333703e-02	15	15	15
2.05291183173027747e+00	603	reference_Ricci	0.00000000000000000e+00	3.42801722331340297e+00	4.49056093672258925e+01	3	0	0	-1.97916666666666674e+00	-1.97916666666666674e+00	-1.97916666666666674e+00	0	0	0
2.05291183173027747e+00	603	reference_Riemann	0.00000000000000000e+00	3.42801722331340297e+00	4.49056093672258925e+01	3	0	0	-1.97916666666666674e+00	-1.97916666666666674e+00	-1.97916666666666674e+00	0	0	0
2.05291183173027747e+00	603	spin_connection	0.00000000000000000e+00	3.42801722331340297e+00	4.49056093672258925e+01	3	0	0	-1.97916666666666674e+00	-1.97916666666666674e+00	-1.97916666666666674e+00	0	0	0
2.05291183173027747e+00	603	spin_derivative	0.00000000000000000e+00	3.42801722331340297e+00	4.49056093672258925e+01	3	0	0	-1.97916666666666674e+00	-1.97916666666666674e+00	-1.97916666666666674e+00	0	0	0
2.05291183173027747e+00	603	Psi	1.99999999999921418e+00	3.38007591548539699e+00	4.42775980412508403e+01	3	0	0	-1.93750000000000000e+00	-1.97916666666666674e+00	-1.93750000000000000e+00	1	0	1
2.05291183173027747e+00	603	Q	1.34522023750236943e-11	3.60843918243516498e-02	4.72690624918167768e-01	3	3	58	-2.08333333333333703e-02	2.08333333333333287e-02	-2.08333333333333703e-02	15	0	15
2.05291183173027747e+00	603	Delta	9.46243672411141652e-12	3.60843918243516498e-02	4.72690624918167768e-01	3	3	60	-2.08333333333333703e-02	-2.08333333333333703e-02	2.08333333333333287e-02	15	15	0
2.05291183173027747e+00	603	Pi	1.19821263124377315e-11	3.60843918243516013e-02	4.72690624918167157e-01	3	3	63	2.08333333333333287e-02	2.08333333333333287e-02	2.08333333333333287e-02	0	0	0
2.05291183173027747e+00	603	Phi	1.12451956042877558e-12	2.91450812983750129e+00	3.81788523949086169e+01	3	8	150	-1.97916666666666674e+00	-8.12500000000000111e-01	1.97916666666666652e+00	0	12	15
2.05291183173027747e+00	603	GH_constraint	5.85006758550036130e-12	3.60843918243516498e-02	4.72690624918167768e-01	3	3	58	-2.08333333333333703e-02	2.08333333333333287e-02	-2.08333333333333703e-02	15	0	15
2.05291183173027747e+00	603	reduction_constraint	1.35346214440075155e-11	3.42801722331340297e+00	4.49056093672258925e+01	3	11	215	1.97916666666666652e+00	1.97916666666666652e+00	1.97916666666666652e+00	15	15	15
2.05291183173027747e+00	603	curl_constraint	1.48307898858442671e-12	3.33248687169207036e+00	4.36542012285949923e+01	3	0	0	-1.97916666666666674e+00	-1.89583333333333326e+00	-1.89583333333333326e+00	0	2	2
2.05291183173027747e+00	603	source_curvature	6.09255895749614995e-10	3.60843918243516013e-02	4.72690624918167157e-01	3	3	63	2.08333333333333287e-02	2.08333333333333287e-02	2.08333333333333287e-02	0	0	0
2.05291183173027747e+00	603	source_QQ	1.94072733580195299e-22	3.60843918243516498e-02	4.72690624918167768e-01	3	3	58	-2.08333333333333703e-02	2.08333333333333287e-02	-2.08333333333333703e-02	15	0	15
2.05291183173027747e+00	603	source_DeltaDelta	1.07139614467630427e-22	3.60843918243516498e-02	4.72690624918167768e-01	3	3	58	-2.08333333333333703e-02	2.08333333333333287e-02	-2.08333333333333703e-02	15	0	15
2.05291183173027747e+00	603	source_damping	0.00000000000000000e+00	3.42801722331340297e+00	4.49056093672258925e+01	3	0	0	-1.97916666666666674e+00	-1.97916666666666674e+00	-1.97916666666666674e+00	0	0	0
2.05291183173027747e+00	603	source_frame_correction	3.19004852840361186e-11	3.60843918243516498e-02	4.72690624918167768e-01	3	3	58	-2.08333333333333703e-02	2.08333333333333287e-02	-2.08333333333333703e-02	15	0	15
2.05291183173027747e+00	603	Psi_RHS_Linf	4.14625363658319551e-13	2.34548546858285523e+00	3.07248906196808811e+01	3	0	0	-1.35416666666666696e+00	-1.35416666666666696e+00	-1.35416666666666696e+00	15	15	15
2.05291183173027747e+00	603	Pi_RHS_Linf	1.38314985204607298e-12	1.91247276669063559e+00	2.50526031206628694e+01	3	5	101	-1.10416666666666674e+00	1.10416666666666674e+00	-1.10416666666666674e+00	5	10	5
2.05291183173027747e+00	603	Phi_RHS_Linf	6.11338614330754467e-13	1.63445433470079626e+00	2.14106765227103608e+01	3	1	21	-1.02083333333333348e+00	-5.62500000000000000e-01	-1.14583333333333348e+00	7	2	4
2.05291183173027747e+00	603	Hhat_RHS_Linf	0.00000000000000000e+00	3.42801722331340297e+00	4.49056093672258925e+01	3	0	0	-1.97916666666666674e+00	-1.97916666666666674e+00	-1.97916666666666674e+00	0	0	0
2.05291183173027747e+00	603	theta_RHS_Linf	0.00000000000000000e+00	3.42801722331340297e+00	4.49056093672258925e+01	3	0	0	-1.97916666666666674e+00	-1.97916666666666674e+00	-1.97916666666666674e+00	0	0	0
2.05291183173027747e+00	603	Upsilon_RHS_Linf	0.00000000000000000e+00	3.42801722331340297e+00	4.49056093672258925e+01	3	0	0	-1.97916666666666674e+00	-1.97916666666666674e+00	-1.97916666666666674e+00	0	0	0
2.05291183173027747e+00	603	chi_beta	3.88264775877861510e+01	3.60843918243516776e-02	4.72690624918168156e-01	3	3	56	-2.08333333333333703e-02	-2.08333333333333703e-02	-2.08333333333333703e-02	15	15	15
2.05291183173027747e+00	603	chi_beta_near_r_lt_1	3.88264775877861510e+01	3.60843918243516776e-02	4.72690624918168156e-01	3	3	56	-2.08333333333333703e-02	-2.08333333333333703e-02	-2.08333333333333703e-02	15	15	15
2.05291183173027747e+00	603	chi_beta_inner_r_lt_0p5	3.88264775877861510e+01	3.60843918243516776e-02	4.72690624918168156e-01	3	3	56	-2.08333333333333703e-02	-2.08333333333333703e-02	-2.08333333333333703e-02	15	15	15
2.05291183173027747e+00	603	chi_beta_annulus_0p5_1	1.91125488339995897e+00	5.01300392313165033e-01	6.56682803101366286e+00	3	3	63	2.29166666666666630e-01	3.54166666666666574e-01	2.70833333333333259e-01	5	8	6
2.05291183173027747e+00	603	chi_beta_annulus_1_1p5	7.77645210784218777e-01	1.00065082987690235e+00	1.31081124604181909e+01	3	2	49	-7.29166666666666741e-01	-2.29166666666666685e-01	-6.45833333333333370e-01	14	10	0
2.05291183173027747e+00	603	chi_beta_annulus_1p5_2	4.38254956725827094e-01	1.50043396500256976e+00	1.96550650491184307e+01	3	4	86	8.95833333333333259e-01	-1.10416666666666674e+00	4.79166666666666574e-01	5	5	11
2.05291183173027747e+00	603	chi_beta_outer_r_ge_2	2.84571871002484100e-01	2.00032549434669127e+00	2.62034375572982086e+01	3	9	179	1.52083333333333348e+00	-8.54166666666666741e-01	9.79166666666666630e-01	4	11	7
2.05291183173027747e+00	603	chi_beta_first_ge_1	1.00000000000000000e+00	3.60843918243516776e-02	4.72690624918168156e-01	3	3	56	-2.08333333333333703e-02	-2.08333333333333703e-02	-2.08333333333333703e-02	15	15	15
2.10057479299764704e+00	617	reference_Ricci	0.00000000000000000e+00	3.42801722331340297e+00	4.63554108751791034e+01	3	0	0	-1.97916666666666674e+00	-1.97916666666666674e+00	-1.97916666666666674e+00	0	0	0
2.10057479299764704e+00	617	reference_Riemann	0.00000000000000000e+00	3.42801722331340297e+00	4.63554108751791034e+01	3	0	0	-1.97916666666666674e+00	-1.97916666666666674e+00	-1.97916666666666674e+00	0	0	0
2.10057479299764704e+00	617	spin_connection	0.00000000000000000e+00	3.42801722331340297e+00	4.63554108751791034e+01	3	0	0	-1.97916666666666674e+00	-1.97916666666666674e+00	-1.97916666666666674e+00	0	0	0
2.10057479299764704e+00	617	spin_derivative	0.00000000000000000e+00	3.42801722331340297e+00	4.63554108751791034e+01	3	0	0	-1.97916666666666674e+00	-1.97916666666666674e+00	-1.97916666666666674e+00	0	0	0
2.10057479299764704e+00	617	Psi	1.99999999999920353e+00	3.38007591548539699e+00	4.57071238691667432e+01	3	0	0	-1.93750000000000000e+00	-1.97916666666666674e+00	-1.93750000000000000e+00	1	0	1
2.10057479299764704e+00	617	Q	1.33046544471044967e-11	3.60843918243516498e-02	4.87951693422938482e-01	3	3	58	-2.08333333333333703e-02	2.08333333333333287e-02	-2.08333333333333703e-02	15	0	15
2.10057479299764704e+00	617	Delta	9.48489295743327084e-12	3.60843918243516498e-02	4.87951693422938482e-01	3	3	60	-2.08333333333333703e-02	-2.08333333333333703e-02	2.08333333333333287e-02	15	15	0
2.10057479299764704e+00	617	Pi	1.21790608397078320e-11	3.60843918243516013e-02	4.87951693422937816e-01	3	3	63	2.08333333333333287e-02	2.08333333333333287e-02	2.08333333333333287e-02	0	0	0
2.10057479299764704e+00	617	Phi	1.14112896704316816e-12	2.91450812983750085e+00	3.94114769724176313e+01	3	11	199	-8.12500000000000111e-01	1.97916666666666652e+00	1.97916666666666652e+00	12	15	15
2.10057479299764704e+00	617	GH_constraint	5.79850725776338704e-12	3.60843918243516498e-02	4.87951693422938482e-01	3	3	58	-2.08333333333333703e-02	2.08333333333333287e-02	-2.08333333333333703e-02	15	0	15
2.10057479299764704e+00	617	reduction_constraint	1.36977602481566827e-11	3.42801722331340297e+00	4.63554108751791034e+01	3	11	215	1.97916666666666652e+00	1.97916666666666652e+00	1.97916666666666652e+00	15	15	15
2.10057479299764704e+00	617	curl_constraint	1.52130238139368805e-12	3.33248687169207036e+00	4.50636003584930407e+01	3	0	0	-1.97916666666666674e+00	-1.89583333333333326e+00	-1.89583333333333326e+00	0	2	2
2.10057479299764704e+00	617	source_curvature	6.09253535738631621e-10	3.60843918243516013e-02	4.87951693422937816e-01	3	3	63	2.08333333333333287e-02	2.08333333333333287e-02	2.08333333333333287e-02	0	0	0
2.10057479299764704e+00	617	source_QQ	1.85696460647888909e-22	3.60843918243516498e-02	4.87951693422938482e-01	3	3	58	-2.08333333333333703e-02	2.08333333333333287e-02	-2.08333333333333703e-02	15	0	15
2.10057479299764704e+00	617	source_DeltaDelta	1.04952635568963809e-22	3.60843918243516498e-02	4.87951693422938482e-01	3	3	58	-2.08333333333333703e-02	2.08333333333333287e-02	-2.08333333333333703e-02	15	0	15
2.10057479299764704e+00	617	source_damping	0.00000000000000000e+00	3.42801722331340297e+00	4.63554108751791034e+01	3	0	0	-1.97916666666666674e+00	-1.97916666666666674e+00	-1.97916666666666674e+00	0	0	0
2.10057479299764704e+00	617	source_frame_correction	3.15207622747149971e-11	3.60843918243516498e-02	4.87951693422938482e-01	3	3	58	-2.08333333333333703e-02	2.08333333333333287e-02	-2.08333333333333703e-02	15	0	15
2.10057479299764704e+00	617	Psi_RHS_Linf	4.19751220954105996e-13	2.16054825218045066e+00	2.92160439756105852e+01	3	11	210	1.27083333333333348e+00	1.35416666666666674e+00	1.10416666666666674e+00	14	0	10
2.10057479299764704e+00	617	Pi_RHS_Linf	1.33508058472350339e-12	1.81752177886997179e+00	2.45774636898320260e+01	3	7	132	1.02083333333333348e+00	1.02083333333333348e+00	-1.10416666666666674e+00	8	8	5
2.10057479299764704e+00	617	Phi_RHS_Linf	5.88837694103318430e-13	1.59248997031552952e+00	2.15344679094773568e+01	3	9	163	-1.10416666666666674e+00	6.24999999999999861e-02	1.14583333333333348e+00	5	1	11
2.10057479299764704e+00	617	Hhat_RHS_Linf	0.00000000000000000e+00	3.42801722331340297e+00	4.63554108751791034e+01	3	0	0	-1.97916666666666674e+00	-1.97916666666666674e+00	-1.97916666666666674e+00	0	0	0
2.10057479299764704e+00	617	theta_RHS_Linf	0.00000000000000000e+00	3.42801722331340297e+00	4.63554108751791034e+01	3	0	0	-1.97916666666666674e+00	-1.97916666666666674e+00	-1.97916666666666674e+00	0	0	0
2.10057479299764704e+00	617	Upsilon_RHS_Linf	0.00000000000000000e+00	3.42801722331340297e+00	4.63554108751791034e+01	3	0	0	-1.97916666666666674e+00	-1.97916666666666674e+00	-1.97916666666666674e+00	0	0	0
2.10057479299764704e+00	617	chi_beta	3.88264775877846304e+01	3.60843918243516776e-02	4.87951693422938870e-01	3	3	56	-2.08333333333333703e-02	-2.08333333333333703e-02	-2.08333333333333703e-02	15	15	15
2.10057479299764704e+00	617	chi_beta_near_r_lt_1	3.88264775877846304e+01	3.60843918243516776e-02	4.87951693422938870e-01	3	3	56	-2.08333333333333703e-02	-2.08333333333333703e-02	-2.08333333333333703e-02	15	15	15
2.10057479299764704e+00	617	chi_beta_inner_r_lt_0p5	3.88264775877846304e+01	3.60843918243516776e-02	4.87951693422938870e-01	3	3	56	-2.08333333333333703e-02	-2.08333333333333703e-02	-2.08333333333333703e-02	15	15	15
2.10057479299764704e+00	617	chi_beta_annulus_0p5_1	1.91125488339995919e+00	5.01300392313165033e-01	6.77884157043534596e+00	3	3	63	3.54166666666666574e-01	2.29166666666666630e-01	2.70833333333333259e-01	8	5	6
2.10057479299764704e+00	617	chi_beta_annulus_1_1p5	7.77645210784218777e-01	1.00065082987690213e+00	1.35313148504831737e+01	3	3	61	6.04166666666666519e-01	-6.04166666666666741e-01	5.20833333333333259e-01	14	1	12
2.10057479299764704e+00	617	chi_beta_annulus_1p5_2	4.38254956725826761e-01	1.50043396500256998e+00	2.02896392893675390e+01	3	2	39	-8.95833333333333481e-01	-1.10416666666666674e+00	4.79166666666666574e-01	10	5	11
2.10057479299764704e+00	617	chi_beta_outer_r_ge_2	2.84571871002481991e-01	2.00032549434669127e+00	2.70494294905878476e+01	3	9	179	1.52083333333333348e+00	-8.54166666666666741e-01	9.79166666666666630e-01	4	11	7
2.10057479299764704e+00	617	chi_beta_first_ge_1	1.00000000000000000e+00	3.60843918243516776e-02	4.87951693422938870e-01	3	3	56	-2.08333333333333703e-02	-2.08333333333333703e-02	-2.08333333333333703e-02	15	15	15
2.15164225149840016e+00	632	reference_Ricci	0.00000000000000000e+00	3.42801722331340297e+00	4.79607513884400944e+01	3	0	0	-1.97916666666666674e+00	-1.97916666666666674e+00	-1.97916666666666674e+00	0	0	0
2.15164225149840016e+00	632	reference_Riemann	0.00000000000000000e+00	3.42801722331340297e+00	4.79607513884400944e+01	3	0	0	-1.97916666666666674e+00	-1.97916666666666674e+00	-1.97916666666666674e+00	0	0	0
2.15164225149840016e+00	632	spin_connection	0.00000000000000000e+00	3.42801722331340297e+00	4.79607513884400944e+01	3	0	0	-1.97916666666666674e+00	-1.97916666666666674e+00	-1.97916666666666674e+00	0	0	0
2.15164225149840016e+00	632	spin_derivative	0.00000000000000000e+00	3.42801722331340297e+00	4.79607513884400944e+01	3	0	0	-1.97916666666666674e+00	-1.97916666666666674e+00	-1.97916666666666674e+00	0	0	0
2.15164225149840016e+00	632	Psi	1.99999999999920131e+00	3.26033346539208413e+00	4.56147191191592540e+01	3	0	0	-1.85416666666666674e+00	-1.85416666666666674e+00	-1.93750000000000000e+00	3	3	1
2.15164225149840016e+00	632	Q	1.31571420410000869e-11	3.60843918243516498e-02	5.04850014615159437e-01	3	3	58	-2.08333333333333703e-02	2.08333333333333287e-02	-2.08333333333333703e-02	15	0	15
2.15164225149840016e+00	632	Delta	9.58811546444762093e-12	3.60843918243516013e-02	5.04850014615158771e-01	3	3	63	2.08333333333333287e-02	2.08333333333333287e-02	2.08333333333333287e-02	0	0	0
2.15164225149840016e+00	632	Pi	1.23808241754779054e-11	3.60843918243516013e-02	5.04850014615158771e-01	3	3	63	2.08333333333333287e-02	2.08333333333333287e-02	2.08333333333333287e-02	0	0	0
2.15164225149840016e+00	632	Phi	1.15963220152103675e-12	2.91450812983750085e+00	4.07763411700759804e+01	3	11	199	-8.12500000000000111e-01	1.97916666666666652e+00	1.97916666666666652e+00	12	15	15
2.15164225149840016e+00	632	GH_constraint	5.74790855890457734e-12	3.60843918243516498e-02	5.04850014615159437e-01	3	3	58	-2.08333333333333703e-02	2.08333333333333287e-02	-2.08333333333333703e-02	15	0	15
2.15164225149840016e+00	632	reduction_constraint	1.38659936342983934e-11	3.42801722331340297e+00	4.79607513884400944e+01	3	11	215	1.97916666666666652e+00	1.97916666666666652e+00	1.97916666666666652e+00	15	15	15
2.15164225149840016e+00	632	curl_constraint	1.56127817724205946e-12	3.33248687169207036e+00	4.66242040067637333e+01	3	0	0	-1.97916666666666674e+00	-1.89583333333333326e+00	-1.89583333333333326e+00	0	2	2
2.15164225149840016e+00	632	source_curvature	6.09251408833062721e-10	3.60843918243516013e-02	5.04850014615158771e-01	3	3	63	2.08333333333333287e-02	2.08333333333333287e-02	2.08333333333333287e-02	0	0	0
2.15164225149840016e+00	632	source_QQ	1.87995913590440699e-22	3.60843918243516013e-02	5.04850014615158771e-01	3	3	63	2.08333333333333287e-02	2.08333333333333287e-02	2.08333333333333287e-02	0	0	0
2.15164225149840016e+00	632	source_DeltaDelta	1.06963975631890324e-22	3.60843918243516013e-02	5.04850014615158771e-01	3	3	63	2.08333333333333287e-02	2.08333333333333287e-02	2.08333333333333287e-02	0	0	0
2.15164225149840016e+00	632	source_damping	0.00000000000000000e+00	3.42801722331340297e+00	4.79607513884400944e+01	3	0	0	-1.97916666666666674e+00	-1.97916666666666674e+00	-1.97916666666666674e+00	0	0	0
2.15164225149840016e+00	632	source_frame_correction	3.11377250558974088e-11	3.60843918243516498e-02	5.04850014615159437e-01	3	3	58	-2.08333333333333703e-02	2.08333333333333287e-02	-2.08333333333333703e-02	15	0	15
2.15164225149840016e+00	632	Psi_RHS_Linf	4.30611773151530459e-13	2.16054825218045066e+00	3.02278287520966380e+01	3	11	210	1.27083333333333348e+00	1.35416666666666674e+00	1.10416666666666674e+00	14	0	10
2.15164225149840016e+00	632	Pi_RHS_Linf	1.42385091716472387e-12	1.76813519939322905e+00	2.47376507161427881e+01	3	0	7	-1.02083333333333348e+00	-1.02083333333333348e+00	-1.02083333333333348e+00	7	7	7
2.15164225149840016e+00	632	Phi_RHS_Linf	6.03174138258003099e-13	1.74640006712220575e+00	2.44335585230942840e+01	3	3	70	1.02083333333333348e+00	-9.37500000000000111e-01	-1.06250000000000000e+00	8	9	6
2.15164225149840016e+00	632	Hhat_RHS_Linf	0.00000000000000000e+00	3.42801722331340297e+00	4.79607513884400944e+01	3	0	0	-1.97916666666666674e+00	-1.97916666666666674e+00	-1.97916666666666674e+00	0	0	0
2.15164225149840016e+00	632	theta_RHS_Linf	0.00000000000000000e+00	3.42801722331340297e+00	4.79607513884400944e+01	3	0	0	-1.97916666666666674e+00	-1.97916666666666674e+00	-1.97916666666666674e+00	0	0	0
2.15164225149840016e+00	632	Upsilon_RHS_Linf	0.00000000000000000e+00	3.42801722331340297e+00	4.79607513884400944e+01	3	0	0	-1.97916666666666674e+00	-1.97916666666666674e+00	-1.97916666666666674e+00	0	0	0
2.15164225149840016e+00	632	chi_beta	3.88264775877876644e+01	3.60843918243516776e-02	5.04850014615159881e-01	3	3	56	-2.08333333333333703e-02	-2.08333333333333703e-02	-2.08333333333333703e-02	15	15	15
2.15164225149840016e+00	632	chi_beta_near_r_lt_1	3.88264775877876644e+01	3.60843918243516776e-02	5.04850014615159881e-01	3	3	56	-2.08333333333333703e-02	-2.08333333333333703e-02	-2.08333333333333703e-02	15	15	15
2.15164225149840016e+00	632	chi_beta_inner_r_lt_0p5	3.88264775877876644e+01	3.60843918243516776e-02	5.04850014615159881e-01	3	3	56	-2.08333333333333703e-02	-2.08333333333333703e-02	-2.08333333333333703e-02	15	15	15
2.15164225149840016e+00	632	chi_beta_annulus_0p5_1	1.91125488339996075e+00	5.01300392313165033e-01	7.01360055111400804e+00	3	3	63	3.54166666666666574e-01	2.29166666666666630e-01	2.70833333333333259e-01	8	5	6
2.15164225149840016e+00	632	chi_beta_annulus_1_1p5	7.77645210784219332e-01	1.00065082987690235e+00	1.39999196480042780e+01	3	2	42	-6.45833333333333370e-01	-7.29166666666666741e-01	-2.29166666666666685e-01	0	14	10
2.15164225149840016e+00	632	chi_beta_annulus_1p5_2	4.38254956725825928e-01	1.50043396500256998e+00	2.09922925360053370e+01	3	2	39	-1.10416666666666674e+00	-8.95833333333333481e-01	4.79166666666666574e-01	5	10	11
2.15164225149840016e+00	632	chi_beta_outer_r_ge_2	2.84571871002479271e-01	2.00032549434669127e+00	2.79861819473563465e+01	3	8	146	-1.52083333333333348e+00	-9.79166666666666741e-01	8.54166666666666630e-01	11	8	4
2.15164225149840016e+00	632	chi_beta_first_ge_1	1.00000000000000000e+00	3.60843918243516776e-02	5.04850014615159881e-01	3	3	56	-2.08333333333333703e-02	-2.08333333333333703e-02	-2.08333333333333703e-02	15	15	15
2.20270970999915328e+00	647	reference_Ricci	0.00000000000000000e+00	3.42801722331340297e+00	4.96216866664731171e+01	3	0	0	-1.97916666666666674e+00	-1.97916666666666674e+00	-1.97916666666666674e+00	0	0	0
2.20270970999915328e+00	647	reference_Riemann	0.00000000000000000e+00	3.42801722331340297e+00	4.96216866664731171e+01	3	0	0	-1.97916666666666674e+00	-1.97916666666666674e+00	-1.97916666666666674e+00	0	0	0
2.20270970999915328e+00	647	spin_connection	0.00000000000000000e+00	3.42801722331340297e+00	4.96216866664731171e+01	3	0	0	-1.97916666666666674e+00	-1.97916666666666674e+00	-1.97916666666666674e+00	0	0	0
2.20270970999915328e+00	647	spin_derivative	0.00000000000000000e+00	3.42801722331340297e+00	4.96216866664731171e+01	3	0	0	-1.97916666666666674e+00	-1.97916666666666674e+00	-1.97916666666666674e+00	0	0	0
2.20270970999915328e+00	647	Psi	1.99999999999920131e+00	3.26033346539208413e+00	4.71944086358843791e+01	3	0	0	-1.93750000000000000e+00	-1.85416666666666674e+00	-1.85416666666666674e+00	1	3	3
2.20270970999915328e+00	647	Q	1.31801938870051610e-11	3.60843918243516013e-02	5.22333543857611549e-01	3	3	63	2.08333333333333287e-02	2.08333333333333287e-02	2.08333333333333287e-02	0	0	0
2.20270970999915328e+00	647	Delta	9.70085551702783820e-12	3.60843918243516013e-02	5.22333543857611549e-01	3	3	63	2.08333333333333287e-02	2.08333333333333287e-02	2.08333333333333287e-02	0	0	0
2.20270970999915328e+00	647	Pi	1.25732361439431578e-11	3.60843918243516013e-02	5.22333543857611549e-01	3	3	63	2.08333333333333287e-02	2.08333333333333287e-02	2.08333333333333287e-02	0	0	0
2.20270970999915328e+00	647	Phi	1.18325063549692479e-12	2.91450812983750085e+00	4.21884721646461287e+01	3	11	214	8.12499999999999889e-01	1.97916666666666652e+00	1.97916666666666652e+00	3	15	15
2.20270970999915328e+00	647	GH_constraint	5.70296937628559652e-12	3.60843918243516498e-02	5.22333543857612326e-01	3	3	58	-2.08333333333333703e-02	2.08333333333333287e-02	-2.08333333333333703e-02	15	0	15
2.20270970999915328e+00	647	reduction_constraint	1.40196079376215009e-11	3.42801722331340297e+00	4.96216866664731171e+01	3	11	215	1.97916666666666652e+00	1.97916666666666652e+00	1.97916666666666652e+00	15	15	15
2.20270970999915328e+00	647	curl_constraint	1.60011011898485528e-12	3.33248687169207036e+00	4.82388531313749809e+01	3	0	0	-1.97916666666666674e+00	-1.89583333333333326e+00	-1.89583333333333326e+00	0	2	2
2.20270970999915328e+00	647	source_curvature	6.09249077997394472e-10	3.60843918243516013e-02	5.22333543857611549e-01	3	3	63	2.08333333333333287e-02	2.08333333333333287e-02	2.08333333333333287e-02	0	0	0
2.20270970999915328e+00	647	source_QQ	1.94203878089259139e-22	3.60843918243516013e-02	5.22333543857611549e-01	3	3	63	2.08333333333333287e-02	2.08333333333333287e-02	2.08333333333333287e-02	0	0	0
2.20270970999915328e+00	647	source_DeltaDelta	1.09759924627868444e-22	3.60843918243516013e-02	5.22333543857611549e-01	3	3	63	2.08333333333333287e-02	2.08333333333333287e-02	2.08333333333333287e-02	0	0	0
2.20270970999915328e+00	647	source_damping	0.00000000000000000e+00	3.42801722331340297e+00	4.96216866664731171e+01	3	0	0	-1.97916666666666674e+00	-1.97916666666666674e+00	-1.97916666666666674e+00	0	0	0
2.20270970999915328e+00	647	source_frame_correction	3.07781005980176599e-11	3.60843918243516498e-02	5.22333543857612326e-01	3	3	58	-2.08333333333333703e-02	2.08333333333333287e-02	-2.08333333333333703e-02	15	0	15
2.20270970999915328e+00	647	Psi_RHS_Linf	4.42653393656849060e-13	2.20114790128544824e+00	3.18623461753143147e+01	3	7	132	1.27083333333333348e+00	1.27083333333333348e+00	-1.27083333333333348e+00	14	14	1
2.20270970999915328e+00	647	Pi_RHS_Linf	1.52076164742605427e-12	1.76813519939322905e+00	2.55943436490229779e+01	3	3	70	1.02083333333333348e+00	-1.02083333333333348e+00	-1.02083333333333348e+00	8	7	7
2.20270970999915328e+00	647	Phi_RHS_Linf	6.29497477010399219e-13	1.69903465238352336e+00	2.45940903046470503e+01	3	0	7	-9.37500000000000111e-01	-1.06250000000000000e+00	-9.37500000000000111e-01	9	6	9
2.20270970999915328e+00	647	Hhat_RHS_Linf	0.00000000000000000e+00	3.42801722331340297e+00	4.96216866664731171e+01	3	0	0	-1.97916666666666674e+00	-1.97916666666666674e+00	-1.97916666666666674e+00	0	0	0
2.20270970999915328e+00	647	theta_RHS_Linf	0.00000000000000000e+00	3.42801722331340297e+00	4.96216866664731171e+01	3	0	0	-1.97916666666666674e+00	-1.97916666666666674e+00	-1.97916666666666674e+00	0	0	0
2.20270970999915328e+00	647	Upsilon_RHS_Linf	0.00000000000000000e+00	3.42801722331340297e+00	4.96216866664731171e+01	3	0	0	-1.97916666666666674e+00	-1.97916666666666674e+00	-1.97916666666666674e+00	0	0	0
2.20270970999915328e+00	647	chi_beta	3.88264775877849502e+01	3.60843918243516776e-02	5.22333543857612659e-01	3	3	56	-2.08333333333333703e-02	-2.08333333333333703e-02	-2.08333333333333703e-02	15	15	15
2.20270970999915328e+00	647	chi_beta_near_r_lt_1	3.88264775877849502e+01	3.60843918243516776e-02	5.22333543857612659e-01	3	3	56	-2.08333333333333703e-02	-2.08333333333333703e-02	-2.08333333333333703e-02	15	15	15
2.20270970999915328e+00	647	chi_beta_inner_r_lt_0p5	3.88264775877849502e+01	3.60843918243516776e-02	5.22333543857612659e-01	3	3	56	-2.08333333333333703e-02	-2.08333333333333703e-02	-2.08333333333333703e-02	15	15	15
2.20270970999915328e+00	647	chi_beta_annulus_0p5_1	1.91125488339996119e+00	5.01300392313165033e-01	7.25648950185269115e+00	3	3	63	2.70833333333333259e-01	2.29166666666666630e-01	3.54166666666666574e-01	6	5	8
2.20270970999915328e+00	647	chi_beta_annulus_1_1p5	7.77645210784219554e-01	1.00065082987690235e+00	1.44847527617449128e+01	3	3	58	-6.04166666666666741e-01	6.04166666666666519e-01	-5.20833333333333370e-01	1	14	3
2.20270970999915328e+00	647	chi_beta_annulus_1p5_2	4.38254956725825207e-01	1.50043396500256998e+00	2.17192794624079184e+01	3	2	39	-1.10416666666666674e+00	-8.95833333333333481e-01	4.79166666666666574e-01	5	10	11
2.20270970999915328e+00	647	chi_beta_outer_r_ge_2	2.84571871002476828e-01	2.00032549434669127e+00	2.89553752053464386e+01	3	8	146	-1.52083333333333348e+00	-9.79166666666666741e-01	8.54166666666666630e-01	11	8	4
2.20270970999915328e+00	647	chi_beta_first_ge_1	1.00000000000000000e+00	3.60843918243516776e-02	5.22333543857612659e-01	3	3	56	-2.08333333333333703e-02	-2.08333333333333703e-02	-2.08333333333333703e-02	15	15	15
2.25037267126652285e+00	661	reference_Ricci	0.00000000000000000e+00	3.42801722331340297e+00	5.12237492410596431e+01	3	0	0	-1.97916666666666674e+00	-1.97916666666666674e+00	-1.97916666666666674e+00	0	0	0
2.25037267126652285e+00	661	reference_Riemann	0.00000000000000000e+00	3.42801722331340297e+00	5.12237492410596431e+01	3	0	0	-1.97916666666666674e+00	-1.97916666666666674e+00	-1.97916666666666674e+00	0	0	0
2.25037267126652285e+00	661	spin_connection	0.00000000000000000e+00	3.42801722331340297e+00	5.12237492410596431e+01	3	0	0	-1.97916666666666674e+00	-1.97916666666666674e+00	-1.97916666666666674e+00	0	0	0
2.25037267126652285e+00	661	spin_derivative	0.00000000000000000e+00	3.42801722331340297e+00	5.12237492410596431e+01	3	0	0	-1.97916666666666674e+00	-1.97916666666666674e+00	-1.97916666666666674e+00	0	0	0
2.25037267126652285e+00	661	Psi	1.99999999999920131e+00	3.33300779660387558e+00	4.98040542009624829e+01	3	11	198	-1.85416666666666674e+00	1.97916666666666652e+00	1.93750000000000000e+00	3	15	14
2.25037267126652285e+00	661	Q	1.33525886691982297e-11	3.60843918243516013e-02	5.39197360432206563e-01	3	3	63	2.08333333333333287e-02	2.08333333333333287e-02	2.08333333333333287e-02	0	0	0
2.25037267126652285e+00	661	Delta	9.80140839912196214e-12	3.60843918243516013e-02	5.39197360432206563e-01	3	3	63	2.08333333333333287e-02	2.08333333333333287e-02	2.08333333333333287e-02	0	0	0
2.25037267126652285e+00	661	Pi	1.27445888475987210e-11	3.60843918243516013e-02	5.39197360432206563e-01	3	3	63	2.08333333333333287e-02	2.08333333333333287e-02	2.08333333333333287e-02	0	0	0
2.25037267126652285e+00	661	Phi	1.20205317943063677e-12	2.93882948637718666e+00	4.39139755916723260e+01	3	10	180	8.95833333333333259e-01	-1.97916666666666674e+00	1.97916666666666652e+00	5	0	15
2.25037267126652285e+00	661	GH_constraint	5.66447933510365952e-12	3.60843918243516498e-02	5.39197360432207340e-01	3	3	58	-2.08333333333333703e-02	2.08333333333333287e-02	-2.08333333333333703e-02	15	0	15
2.25037267126652285e+00	661	reduction_constraint	1.41385155097331758e-11	3.42801722331340297e+00	5.12237492410596431e+01	3	7	131	1.97916666666666652e+00	1.97916666666666652e+00	-1.97916666666666674e+00	15	15	0
2.25037267126652285e+00	661	curl_constraint	1.63544262856462221e-12	3.33248687169207036e+00	4.97962701890052912e+01	3	0	0	-1.97916666666666674e+00	-1.89583333333333326e+00	-1.89583333333333326e+00	0	2	2
2.25037267126652285e+00	661	source_curvature	6.09246354793952552e-10	3.60843918243516013e-02	5.39197360432206563e-01	3	3	63	2.08333333333333287e-02	2.08333333333333287e-02	2.08333333333333287e-02	0	0	0
2.25037267126652285e+00	661	source_QQ	1.99857692197847161e-22	3.60843918243516013e-02	5.39197360432206563e-01	3	3	63	2.08333333333333287e-02	2.08333333333333287e-02	2.08333333333333287e-02	0	0	0
2.25037267126652285e+00	661	source_DeltaDelta	1.12291475669177888e-22	3.60843918243516013e-02	5.39197360432206563e-01	3	3	63	2.08333333333333287e-02	2.08333333333333287e-02	2.08333333333333287e-02	0	0	0
2.25037267126652285e+00	661	source_damping	0.00000000000000000e+00	3.42801722331340297e+00	5.12237492410596431e+01	3	0	0	-1.97916666666666674e+00	-1.97916666666666674e+00	-1.97916666666666674e+00	0	0	0
2.25037267126652285e+00	661	source_frame_correction	3.04630346123604867e-11	3.60843918243516498e-02	5.39197360432207340e-01	3	3	58	-2.08333333333333703e-02	2.08333333333333287e-02	-2.08333333333333703e-02	15	0	15
2.25037267126652285e+00	661	Psi_RHS_Linf	4.49668837181267051e-13	2.10602228409651726e+00	3.14696077496285653e+01	3	7	132	1.27083333333333348e+00	1.18750000000000000e+00	-1.18750000000000022e+00	14	12	3
2.25037267126652285e+00	661	Pi_RHS_Linf	1.53438515161104806e-12	1.76813519939322905e+00	2.64206706611781321e+01	3	11	208	1.02083333333333348e+00	1.02083333333333348e+00	1.02083333333333348e+00	8	8	8
2.25037267126652285e+00	661	Phi_RHS_Linf	6.20722239024063904e-13	1.69903465238352336e+00	2.53881236050043668e+01	3	10	193	-9.37500000000000111e-01	9.37500000000000000e-01	1.06250000000000000e+00	9	6	9
2.25037267126652285e+00	661	Hhat_RHS_Linf	0.00000000000000000e+00	3.42801722331340297e+00	5.12237492410596431e+01	3	0	0	-1.97916666666666674e+00	-1.97916666666666674e+00	-1.97916666666666674e+00	0	0	0
2.25037267126652285e+00	661	theta_RHS_Linf	0.00000000000000000e+00	3.42801722331340297e+00	5.12237492410596431e+01	3	0	0	-1.97916666666666674e+00	-1.97916666666666674e+00	-1.97916666666666674e+00	0	0	0
2.25037267126652285e+00	661	Upsilon_RHS_Linf	0.00000000000000000e+00	3.42801722331340297e+00	5.12237492410596431e+01	3	0	0	-1.97916666666666674e+00	-1.97916666666666674e+00	-1.97916666666666674e+00	0	0	0
2.25037267126652285e+00	661	chi_beta	3.88264775877857389e+01	3.60843918243516776e-02	5.39197360432207784e-01	3	3	56	-2.08333333333333703e-02	-2.08333333333333703e-02	-2.08333333333333703e-02	15	15	15
2.25037267126652285e+00	661	chi_beta_near_r_lt_1	3.88264775877857389e+01	3.60843918243516776e-02	5.39197360432207784e-01	3	3	56	-2.08333333333333703e-02	-2.08333333333333703e-02	-2.08333333333333703e-02	15	15	15
2.25037267126652285e+00	661	chi_beta_inner_r_lt_0p5	3.88264775877857389e+01	3.60843918243516776e-02	5.39197360432207784e-01	3	3	56	-2.08333333333333703e-02	-2.08333333333333703e-02	-2.08333333333333703e-02	15	15	15
2.25037267126652285e+00	661	chi_beta_annulus_0p5_1	1.91125488339996252e+00	5.01300392313165033e-01	7.49076912906360803e+00	3	3	63	2.29166666666666630e-01	3.54166666666666574e-01	2.70833333333333259e-01	5	8	6
2.25037267126652285e+00	661	chi_beta_annulus_1_1p5	7.77645210784220109e-01	1.00065082987690235e+00	1.49524007169162783e+01	3	3	58	-6.04166666666666741e-01	6.04166666666666519e-01	-5.20833333333333370e-01	1	14	3
2.25037267126652285e+00	661	chi_beta_annulus_1p5_2	4.38254956725823097e-01	1.50043396500256998e+00	2.24204979640599227e+01	3	2	39	-1.10416666666666674e+00	-8.95833333333333481e-01	4.79166666666666574e-01	5	10	11
2.25037267126652285e+00	661	chi_beta_outer_r_ge_2	2.84571871002473831e-01	2.00032549434669127e+00	2.98902149108443638e+01	3	8	146	-1.52083333333333348e+00	-9.79166666666666741e-01	8.54166666666666630e-01	11	8	4
2.25037267126652285e+00	661	chi_beta_first_ge_1	1.00000000000000000e+00	3.60843918243516776e-02	5.39197360432207784e-01	3	3	56	-2.08333333333333703e-02	-2.08333333333333703e-02	-2.08333333333333703e-02	15	15	15
2.30144012976727597e+00	676	reference_Ricci	0.00000000000000000e+00	3.42801722331340297e+00	5.29976858397281134e+01	3	0	0	-1.97916666666666674e+00	-1.97916666666666674e+00	-1.97916666666666674e+00	0	0	0
2.30144012976727597e+00	676	reference_Riemann	0.00000000000000000e+00	3.42801722331340297e+00	5.29976858397281134e+01	3	0	0	-1.97916666666666674e+00	-1.97916666666666674e+00	-1.97916666666666674e+00	0	0	0
2.30144012976727597e+00	676	spin_connection	0.00000000000000000e+00	3.42801722331340297e+00	5.29976858397281134e+01	3	0	0	-1.97916666666666674e+00	-1.97916666666666674e+00	-1.97916666666666674e+00	0	0	0
2.30144012976727597e+00	676	spin_derivative	0.00000000000000000e+00	3.42801722331340297e+00	5.29976858397281134e+01	3	0	0	-1.97916666666666674e+00	-1.97916666666666674e+00	-1.97916666666666674e+00	0	0	0
2.30144012976727597e+00	676	Psi	1.99999999999920131e+00	3.33300779660387558e+00	5.15288251483873410e+01	3	11	198	-1.85416666666666674e+00	1.97916666666666652e+00	1.93750000000000000e+00	3	15	14
2.30144012976727597e+00	676	Q	1.35290383490622790e-11	3.60843918243516013e-02	5.57870377260295758e-01	3	3	63	2.08333333333333287e-02	2.08333333333333287e-02	2.08333333333333287e-02	0	0	0
2.30144012976727597e+00	676	Delta	9.90383835801643692e-12	3.60843918243516013e-02	5.57870377260295758e-01	3	3	63	2.08333333333333287e-02	2.08333333333333287e-02	2.08333333333333287e-02	0	0	0
2.30144012976727597e+00	676	Pi	1.29195948738221856e-11	3.60843918243516013e-02	5.57870377260295758e-01	3	3	63	2.08333333333333287e-02	2.08333333333333287e-02	2.08333333333333287e-02	0	0	0
2.30144012976727597e+00	676	Phi	1.21605911287398082e-12	2.99384495905998582e+00	4.62853142959862112e+01	3	5	96	-1.97916666666666674e+00	1.06250000000000000e+00	-1.97916666666666674e+00	0	9	0
2.30144012976727597e+00	676	GH_constraint	5.62711300824662877e-12	3.60843918243516498e-02	5.57870377260296535e-01	3	3	58	-2.08333333333333703e-02	2.08333333333333287e-02	-2.08333333333333703e-02	15	0	15
2.30144012976727597e+00	676	reduction_constraint	1.41115277882289340e-11	3.42801722331340297e+00	5.29976858397281134e+01	3	7	131	1.97916666666666652e+00	1.97916666666666652e+00	-1.97916666666666674e+00	15	15	0
2.30144012976727597e+00	676	curl_constraint	1.67372376594768638e-12	3.33248687169207036e+00	5.15207715672576470e+01	3	0	0	-1.97916666666666674e+00	-1.89583333333333326e+00	-1.89583333333333326e+00	0	2	2
2.30144012976727597e+00	676	source_curvature	6.09244262462515144e-10	3.60843918243516013e-02	5.57870377260295758e-01	3	3	63	2.08333333333333287e-02	2.08333333333333287e-02	2.08333333333333287e-02	0	0	0
2.30144012976727597e+00	676	source_QQ	2.05747558770346623e-22	3.60843918243516013e-02	5.57870377260295758e-01	3	3	63	2.08333333333333287e-02	2.08333333333333287e-02	2.08333333333333287e-02	0	0	0
2.30144012976727597e+00	676	source_DeltaDelta	1.14898170700042726e-22	3.60843918243516013e-02	5.57870377260295758e-01	3	3	63	2.08333333333333287e-02	2.08333333333333287e-02	2.08333333333333287e-02	0	0	0
2.30144012976727597e+00	676	source_damping	0.00000000000000000e+00	3.42801722331340297e+00	5.29976858397281134e+01	3	0	0	-1.97916666666666674e+00	-1.97916666666666674e+00	-1.97916666666666674e+00	0	0	0
2.30144012976727597e+00	676	source_frame_correction	3.01463041763086487e-11	3.60843918243516498e-02	5.57870377260296535e-01	3	3	58	-2.08333333333333703e-02	2.08333333333333287e-02	-2.08333333333333703e-02	15	0	15
2.30144012976727597e+00	676	Psi_RHS_Linf	4.63536032772446509e-13	2.10602228409651726e+00	3.25594359984374080e+01	3	9	178	1.18750000000000000e+00	-1.27083333333333348e+00	1.18750000000000000e+00	12	1	12
2.30144012976727597e+00	676	Pi_RHS_Linf	1.46485338737644080e-12	1.76813519939322905e+00	2.73356484857545041e+01	3	11	208	1.02083333333333348e+00	1.02083333333333348e+00	1.02083333333333348e+00	8	8	8
2.30144012976727597e+00	676	Phi_RHS_Linf	6.04579834966024324e-13	2.99500452142118379e+00	4.63032413126045626e+01	3	5	98	-1.72916666666666674e+00	1.72916666666666674e+00	-1.72916666666666674e+00	6	9	6
2.30144012976727597e+00	676	Hhat_RHS_Linf	0.00000000000000000e+00	3.42801722331340297e+00	5.29976858397281134e+01	3	0	0	-1.97916666666666674e+00	-1.97916666666666674e+00	-1.97916666666666674e+00	0	0	0
2.30144012976727597e+00	676	theta_RHS_Linf	0.00000000000000000e+00	3.42801722331340297e+00	5.29976858397281134e+01	3	0	0	-1.97916666666666674e+00	-1.97916666666666674e+00	-1.97916666666666674e+00	0	0	0
2.30144012976727597e+00	676	Upsilon_RHS_Linf	0.00000000000000000e+00	3.42801722331340297e+00	5.29976858397281134e+01	3	0	0	-1.97916666666666674e+00	-1.97916666666666674e+00	-1.97916666666666674e+00	0	0	0
2.30144012976727597e+00	676	chi_beta	3.88264775877853481e+01	3.60843918243516776e-02	5.57870377260296979e-01	3	3	56	-2.08333333333333703e-02	-2.08333333333333703e-02	-2.08333333333333703e-02	15	15	15
2.30144012976727597e+00	676	chi_beta_near_r_lt_1	3.88264775877853481e+01	3.60843918243516776e-02	5.57870377260296979e-01	3	3	56	-2.08333333333333703e-02	-2.08333333333333703e-02	-2.08333333333333703e-02	15	15	15
2.30144012976727597e+00	676	chi_beta_inner_r_lt_0p5	3.88264775877853481e+01	3.60843918243516776e-02	5.57870377260296979e-01	3	3	56	-2.08333333333333703e-02	-2.08333333333333703e-02	-2.08333333333333703e-02	15	15	15
2.30144012976727597e+00	676	chi_beta_annulus_0p5_1	1.91125488339996252e+00	5.01300392313165033e-01	7.75018296946189089e+00	3	3	63	2.70833333333333259e-01	2.29166666666666630e-01	3.54166666666666574e-01	6	5	8
2.30144012976727597e+00	676	chi_beta_annulus_1_1p5	7.77645210784220442e-01	1.00065082987690235e+00	1.54702193315762351e+01	3	2	42	-6.45833333333333370e-01	-7.29166666666666741e-01	-2.29166666666666685e-01	0	14	10
2.30144012976727597e+00	676	chi_beta_annulus_1p5_2	4.38254956725821376e-01	1.50043396500256998e+00	2.31969452661042901e+01	3	2	39	-1.10416666666666674e+00	-8.95833333333333481e-01	4.79166666666666574e-01	5	10	11
2.30144012976727597e+00	676	chi_beta_outer_r_ge_2	2.84571871002470778e-01	2.00032549434669127e+00	3.09253469923108035e+01	3	11	204	-5.20833333333333370e-01	7.70833333333333259e-01	1.77083333333333348e+00	3	2	10
2.30144012976727597e+00	676	chi_beta_first_ge_1	1.00000000000000000e+00	3.60843918243516776e-02	5.57870377260296979e-01	3	3	56	-2.08333333333333703e-02	-2.08333333333333703e-02	-2.08333333333333703e-02	15	15	15
2.35250758826802908e+00	691	reference_Ricci	0.00000000000000000e+00	3.42801722331340297e+00	5.48330558770401808e+01	3	0	0	-1.97916666666666674e+00	-1.97916666666666674e+00	-1.97916666666666674e+00	0	0	0
2.35250758826802908e+00	691	reference_Riemann	0.00000000000000000e+00	3.42801722331340297e+00	5.48330558770401808e+01	3	0	0	-1.97916666666666674e+00	-1.97916666666666674e+00	-1.97916666666666674e+00	0	0	0
2.35250758826802908e+00	691	spin_connection	0.00000000000000000e+00	3.42801722331340297e+00	5.48330558770401808e+01	3	0	0	-1.97916666666666674e+00	-1.97916666666666674e+00	-1.97916666666666674e+00	0	0	0
2.35250758826802908e+00	691	spin_derivative	0.00000000000000000e+00	3.42801722331340297e+00	5.48330558770401808e+01	3	0	0	-1.97916666666666674e+00	-1.97916666666666674e+00	-1.97916666666666674e+00	0	0	0
2.35250758826802908e+00	691	Psi	1.99999999999919686e+00	3.33300779660387558e+00	5.33133268721276536e+01	3	11	198	-1.85416666666666674e+00	1.97916666666666652e+00	1.93750000000000000e+00	3	15	14
2.35250758826802908e+00	691	Q	1.36967004799439400e-11	3.60843918243516013e-02	5.77190061863580683e-01	3	3	63	2.08333333333333287e-02	2.08333333333333287e-02	2.08333333333333287e-02	0	0	0
2.35250758826802908e+00	691	Delta	1.00012576173324646e-11	3.60843918243516013e-02	5.77190061863580683e-01	3	3	63	2.08333333333333287e-02	2.08333333333333287e-02	2.08333333333333287e-02	0	0	0
2.35250758826802908e+00	691	Pi	1.30859788273640802e-11	3.60843918243516013e-02	5.77190061863580683e-01	3	3	63	2.08333333333333287e-02	2.08333333333333287e-02	2.08333333333333287e-02	0	0	0
2.35250758826802908e+00	691	Phi	1.23004766251556240e-12	2.91450812983750129e+00	4.66191902568679097e+01	3	8	144	-1.97916666666666674e+00	-1.97916666666666674e+00	8.12499999999999889e-01	0	0	3
2.35250758826802908e+00	691	GH_constraint	5.59356275626814387e-12	3.60843918243516498e-02	5.77190061863581461e-01	3	3	58	-2.08333333333333703e-02	2.08333333333333287e-02	-2.08333333333333703e-02	15	0	15
2.35250758826802908e+00	691	reduction_constraint	1.40538843057055097e-11	3.42801722331340297e+00	5.48330558770401808e+01	3	7	131	1.97916666666666652e+00	1.97916666666666652e+00	-1.97916666666666674e+00	15	15	0
2.35250758826802908e+00	691	curl_constraint	1.71301014718272812e-12	3.33248687169207036e+00	5.33049943863389331e+01	3	0	0	-1.97916666666666674e+00	-1.89583333333333326e+00	-1.89583333333333326e+00	0	2	2
2.35250758826802908e+00	691	source_curvature	6.09242403593228427e-10	3.60843918243516013e-02	5.77190061863580683e-01	3	3	63	2.08333333333333287e-02	2.08333333333333287e-02	2.08333333333333287e-02	0	0	0
2.35250758826802908e+00	691	source_QQ	2.11458140500681722e-22	3.60843918243516013e-02	5.77190061863580683e-01	3	3	63	2.08333333333333287e-02	2.08333333333333287e-02	2.08333333333333287e-02	0	0	0
2.35250758826802908e+00	691	source_DeltaDelta	1.17409478889304064e-22	3.60843918243516013e-02	5.77190061863580683e-01	3	3	63	2.08333333333333287e-02	2.08333333333333287e-02	2.08333333333333287e-02	0	0	0
2.35250758826802908e+00	691	source_damping	0.00000000000000000e+00	3.42801722331340297e+00	5.48330558770401808e+01	3	0	0	-1.97916666666666674e+00	-1.97916666666666674e+00	-1.97916666666666674e+00	0	0	0
2.35250758826802908e+00	691	source_frame_correction	2.98487307023355701e-11	3.60843918243516498e-02	5.77190061863581461e-01	3	3	58	-2.08333333333333703e-02	2.08333333333333287e-02	-2.08333333333333703e-02	15	0	15
2.35250758826802908e+00	691	Psi_RHS_Linf	4.74744485055153619e-13	2.05681033398804214e+00	3.28998335262241142e+01	3	0	7	-1.18750000000000022e+00	-1.18750000000000022e+00	-1.18750000000000022e+00	3	3	3
2.35250758826802908e+00	691	Pi_RHS_Linf	1.42706618859958427e-12	1.67329411474625256e+00	2.67652767519993979e+01	3	0	7	-9.37500000000000111e-01	-9.37500000000000111e-01	-1.02083333333333348e+00	9	9	7
2.35250758826802908e+00	691	Phi_RHS_Linf	6.52805258830431432e-13	1.64820504219320707e+00	2.63639629815059848e+01	3	8	147	-9.37500000000000111e-01	-9.79166666666666741e-01	9.37500000000000000e-01	9	8	6
2.35250758826802908e+00	691	Hhat_RHS_Linf	0.00000000000000000e+00	3.42801722331340297e+00	5.48330558770401808e+01	3	0	0	-1.97916666666666674e+00	-1.97916666666666674e+00	-1.97916666666666674e+00	0	0	0
2.35250758826802908e+00	691	theta_RHS_Linf	0.00000000000000000e+00	3.42801722331340297e+00	5.48330558770401808e+01	3	0	0	-1.97916666666666674e+00	-1.97916666666666674e+00	-1.97916666666666674e+00	0	0	0
2.35250758826802908e+00	691	Upsilon_RHS_Linf	0.00000000000000000e+00	3.42801722331340297e+00	5.48330558770401808e+01	3	0	0	-1.97916666666666674e+00	-1.97916666666666674e+00	-1.97916666666666674e+00	0	0	0
2.35250758826802908e+00	691	chi_beta	3.88264775877860160e+01	3.60843918243516776e-02	5.77190061863581905e-01	3	3	56	-2.08333333333333703e-02	-2.08333333333333703e-02	-2.08333333333333703e-02	15	15	15
2.35250758826802908e+00	691	chi_beta_near_r_lt_1	3.88264775877860160e+01	3.60843918243516776e-02	5.77190061863581905e-01	3	3	56	-2.08333333333333703e-02	-2.08333333333333703e-02	-2.08333333333333703e-02	15	15	15
2.35250758826802908e+00	691	chi_beta_inner_r_lt_0p5	3.88264775877860160e+01	3.60843918243516776e-02	5.77190061863581905e-01	3	3	56	-2.08333333333333703e-02	-2.08333333333333703e-02	-2.08333333333333703e-02	15	15	15
2.35250758826802908e+00	691	chi_beta_annulus_0p5_1	1.91125488339996252e+00	5.01300392313165033e-01	8.01858060570686249e+00	3	3	59	2.70833333333333259e-01	3.54166666666666574e-01	-2.29166666666666685e-01	6	8	10
2.35250758826802908e+00	691	chi_beta_annulus_1_1p5	7.77645210784220664e-01	1.00065082987690213e+00	1.60059705928235019e+01	3	3	59	6.04166666666666519e-01	6.04166666666666519e-01	-5.20833333333333370e-01	14	14	3
2.35250758826802908e+00	691	chi_beta_annulus_1p5_2	4.38254956725818878e-01	1.50043396500256998e+00	2.40002818198422787e+01	3	2	39	-1.10416666666666674e+00	-8.95833333333333481e-01	4.79166666666666574e-01	5	10	11
2.35250758826802908e+00	691	chi_beta_outer_r_ge_2	2.84571871002468335e-01	2.00032549434669127e+00	3.19963268731081278e+01	3	11	204	-5.20833333333333370e-01	7.70833333333333259e-01	1.77083333333333348e+00	3	2	10
2.35250758826802908e+00	691	chi_beta_first_ge_1	1.00000000000000000e+00	3.60843918243516776e-02	5.77190061863581905e-01	3	3	56	-2.08333333333333703e-02	-2.08333333333333703e-02	-2.08333333333333703e-02	15	15	15
2.40017054953539866e+00	705	reference_Ricci	0.00000000000000000e+00	3.42801722331340297e+00	5.66033702813300863e+01	3	0	0	-1.97916666666666674e+00	-1.97916666666666674e+00	-1.97916666666666674e+00	0	0	0
2.40017054953539866e+00	705	reference_Riemann	0.00000000000000000e+00	3.42801722331340297e+00	5.66033702813300863e+01	3	0	0	-1.97916666666666674e+00	-1.97916666666666674e+00	-1.97916666666666674e+00	0	0	0
2.40017054953539866e+00	705	spin_connection	0.00000000000000000e+00	3.42801722331340297e+00	5.66033702813300863e+01	3	0	0	-1.97916666666666674e+00	-1.97916666666666674e+00	-1.97916666666666674e+00	0	0	0
2.40017054953539866e+00	705	spin_derivative	0.00000000000000000e+00	3.42801722331340297e+00	5.66033702813300863e+01	3	0	0	-1.97916666666666674e+00	-1.97916666666666674e+00	-1.97916666666666674e+00	0	0	0
2.40017054953539866e+00	705	Psi	1.99999999999918998e+00	3.38007591548539699e+00	5.58117641072698092e+01	3	0	0	-1.93750000000000000e+00	-1.97916666666666674e+00	-1.93750000000000000e+00	1	0	1
2.40017054953539866e+00	705	Q	1.38457298396604796e-11	3.60843918243516013e-02	5.95824950329790215e-01	3	3	63	2.08333333333333287e-02	2.08333333333333287e-02	2.08333333333333287e-02	0	0	0
2.40017054953539866e+00	705	Delta	1.00876201991845844e-11	3.60843918243516013e-02	5.95824950329790215e-01	3	3	63	2.08333333333333287e-02	2.08333333333333287e-02	2.08333333333333287e-02	0	0	0
2.40017054953539866e+00	705	Pi	1.32337620616287695e-11	3.60843918243516013e-02	5.95824950329790215e-01	3	3	63	2.08333333333333287e-02	2.08333333333333287e-02	2.08333333333333287e-02	0	0	0
2.40017054953539866e+00	705	Phi	1.24265979246636792e-12	2.91450812983750129e+00	4.81243156362218372e+01	3	8	144	-1.97916666666666674e+00	-1.97916666666666674e+00	8.12499999999999889e-01	0	0	3
2.40017054953539866e+00	705	GH_constraint	5.56345614516139772e-12	3.60843918243516498e-02	5.95824950329791103e-01	3	3	58	-2.08333333333333703e-02	2.08333333333333287e-02	-2.08333333333333703e-02	15	0	15
2.40017054953539866e+00	705	reduction_constraint	1.40210234045777127e-11	3.42801722331340297e+00	5.66033702813300863e+01	3	7	131	1.97916666666666652e+00	1.97916666666666652e+00	-1.97916666666666674e+00	15	15	0
2.40017054953539866e+00	705	curl_constraint	1.74898115703943661e-12	3.33248687169207036e+00	5.50259745118008397e+01	3	0	0	-1.97916666666666674e+00	-1.89583333333333326e+00	-1.89583333333333326e+00	0	2	2
2.40017054953539866e+00	705	source_curvature	6.09240543280219340e-10	3.60843918243516013e-02	5.95824950329790215e-01	3	3	63	2.08333333333333287e-02	2.08333333333333287e-02	2.08333333333333287e-02	0	0	0
2.40017054953539866e+00	705	source_QQ	2.16613922541123659e-22	3.60843918243516013e-02	5.95824950329790215e-01	3	3	63	2.08333333333333287e-02	2.08333333333333287e-02	2.08333333333333287e-02	0	0	0
2.40017054953539866e+00	705	source_DeltaDelta	1.19664216955593414e-22	3.60843918243516013e-02	5.95824950329790215e-01	3	3	63	2.08333333333333287e-02	2.08333333333333287e-02	2.08333333333333287e-02	0	0	0
2.40017054953539866e+00	705	source_damping	0.00000000000000000e+00	3.42801722331340297e+00	5.66033702813300863e+01	3	0	0	-1.97916666666666674e+00	-1.97916666666666674e+00	-1.97916666666666674e+00	0	0	0
2.40017054953539866e+00	705	source_frame_correction	2.95900756167951686e-11	3.60843918243516498e-02	5.95824950329791103e-01	3	3	58	-2.08333333333333703e-02	2.08333333333333287e-02	-2.08333333333333703e-02	15	0	15
2.40017054953539866e+00	705	Psi_RHS_Linf	4.85980175546515176e-13	2.05681033398804169e+00	3.39620221687980504e+01	3	10	193	-1.18750000000000022e+00	1.18750000000000000e+00	1.18750000000000000e+00	3	12	12
2.40017054953539866e+00	705	Pi_RHS_Linf	1.47529984480127274e-12	1.62379763209582251e+00	2.68121227648405700e+01	3	8	147	-9.37500000000000111e-01	-9.37500000000000111e-01	9.37500000000000000e-01	9	9	6
2.40017054953539866e+00	705	Phi_RHS_Linf	6.59579530562038807e-13	1.64820504219320707e+00	2.72151375635862962e+01	3	10	193	-9.37500000000000111e-01	9.79166666666666630e-01	9.37500000000000000e-01	9	7	6
2.40017054953539866e+00	705	Hhat_RHS_Linf	0.00000000000000000e+00	3.42801722331340297e+00	5.66033702813300863e+01	3	0	0	-1.97916666666666674e+00	-1.97916666666666674e+00	-1.97916666666666674e+00	0	0	0
2.40017054953539866e+00	705	theta_RHS_Linf	0.00000000000000000e+00	3.42801722331340297e+00	5.66033702813300863e+01	3	0	0	-1.97916666666666674e+00	-1.97916666666666674e+00	-1.97916666666666674e+00	0	0	0
2.40017054953539866e+00	705	Upsilon_RHS_Linf	0.00000000000000000e+00	3.42801722331340297e+00	5.66033702813300863e+01	3	0	0	-1.97916666666666674e+00	-1.97916666666666674e+00	-1.97916666666666674e+00	0	0	0
2.40017054953539866e+00	705	chi_beta	3.88264775877845523e+01	3.60843918243516776e-02	5.95824950329791547e-01	3	3	56	-2.08333333333333703e-02	-2.08333333333333703e-02	-2.08333333333333703e-02	15	15	15
2.40017054953539866e+00	705	chi_beta_near_r_lt_1	3.88264775877845523e+01	3.60843918243516776e-02	5.95824950329791547e-01	3	3	56	-2.08333333333333703e-02	-2.08333333333333703e-02	-2.08333333333333703e-02	15	15	15
2.40017054953539866e+00	705	chi_beta_inner_r_lt_0p5	3.88264775877845523e+01	3.60843918243516776e-02	5.95824950329791547e-01	3	3	56	-2.08333333333333703e-02	-2.08333333333333703e-02	-2.08333333333333703e-02	15	15	15
2.40017054953539866e+00	705	chi_beta_annulus_0p5_1	1.91125488339996386e+00	5.01300392313165033e-01	8.27746474997332271e+00	3	3	59	2.70833333333333259e-01	3.54166666666666574e-01	-2.29166666666666685e-01	6	8	10
2.40017054953539866e+00	705	chi_beta_annulus_1_1p5	7.77645210784221219e-01	1.00065082987690213e+00	1.65227318756281107e+01	3	3	59	6.04166666666666519e-01	6.04166666666666519e-01	-5.20833333333333370e-01	14	14	3
2.40017054953539866e+00	705	chi_beta_annulus_1p5_2	4.38254956725816880e-01	1.50043396500256998e+00	2.47751436971004182e+01	3	4	86	1.10416666666666674e+00	-8.95833333333333481e-01	4.79166666666666574e-01	10	10	11
2.40017054953539866e+00	705	chi_beta_outer_r_ge_2	2.84571871002465171e-01	2.00032549434669127e+00	3.30293453223233513e+01	3	5	105	5.20833333333333259e-01	7.70833333333333259e-01	-1.77083333333333348e+00	12	2	5
2.40017054953539866e+00	705	chi_beta_first_ge_1	1.00000000000000000e+00	3.60843918243516776e-02	5.95824950329791547e-01	3	3	56	-2.08333333333333703e-02	-2.08333333333333703e-02	-2.08333333333333703e-02	15	15	15
2.45123800803615177e+00	720	reference_Ricci	0.00000000000000000e+00	3.42801722331340297e+00	5.85636092649605118e+01	3	0	0	-1.97916666666666674e+00	-1.97916666666666674e+00	-1.97916666666666674e+00	0	0	0
2.45123800803615177e+00	720	reference_Riemann	0.00000000000000000e+00	3.42801722331340297e+00	5.85636092649605118e+01	3	0	0	-1.97916666666666674e+00	-1.97916666666666674e+00	-1.97916666666666674e+00	0	0	0
2.45123800803615177e+00	720	spin_connection	0.00000000000000000e+00	3.42801722331340297e+00	5.85636092649605118e+01	3	0	0	-1.97916666666666674e+00	-1.97916666666666674e+00	-1.97916666666666674e+00	0	0	0
2.45123800803615177e+00	720	spin_derivative	0.00000000000000000e+00	3.42801722331340297e+00	5.85636092649605118e+01	3	0	0	-1.97916666666666674e+00	-1.97916666666666674e+00	-1.97916666666666674e+00	0	0	0
2.45123800803615177e+00	720	Psi	1.99999999999918887e+00	3.38007591548539699e+00	5.77445888702564289e+01	3	0	0	-1.93750000000000000e+00	-1.97916666666666674e+00	-1.93750000000000000e+00	1	0	1
2.45123800803615177e+00	720	Q	1.39972004488255954e-11	3.60843918243516013e-02	6.16459044894321018e-01	3	3	63	2.08333333333333287e-02	2.08333333333333287e-02	2.08333333333333287e-02	0	0	0
2.45123800803615177e+00	720	Delta	1.01757693095051013e-11	3.60843918243516013e-02	6.16459044894321018e-01	3	3	63	2.08333333333333287e-02	2.08333333333333287e-02	2.08333333333333287e-02	0	0	0
2.45123800803615177e+00	720	Pi	1.33843212709730966e-11	3.60843918243516013e-02	6.16459044894321018e-01	3	3	63	2.08333333333333287e-02	2.08333333333333287e-02	2.08333333333333287e-02	0	0	0
2.45123800803615177e+00	720	Phi	1.25180579702508824e-12	2.87250797794076362e+00	4.90733925391438888e+01	3	2	36	-1.97916666666666674e+00	-1.97916666666666674e+00	6.45833333333333148e-01	0	0	15
2.45123800803615177e+00	720	GH_constraint	5.53597219671802031e-12	3.60843918243516498e-02	6.16459044894321795e-01	3	3	58	-2.08333333333333703e-02	2.08333333333333287e-02	-2.08333333333333703e-02	15	0	15
2.45123800803615177e+00	720	reduction_constraint	1.40005025447262690e-11	3.42801722331340297e+00	5.85636092649605118e+01	3	7	131	1.97916666666666652e+00	1.97916666666666652e+00	-1.97916666666666674e+00	15	15	0
2.45123800803615177e+00	720	curl_constraint	1.78558156029092435e-12	3.33248687169207036e+00	5.69315864888647525e+01	3	0	0	-1.97916666666666674e+00	-1.89583333333333326e+00	-1.89583333333333326e+00	0	2	2
2.45123800803615177e+00	720	source_curvature	6.09237983513891009e-10	3.60843918243516013e-02	6.16459044894321018e-01	3	3	63	2.08333333333333287e-02	2.08333333333333287e-02	2.08333333333333287e-02	0	0	0
2.45123800803615177e+00	720	source_QQ	2.21955388834707965e-22	3.60843918243516013e-02	6.16459044894321018e-01	3	3	63	2.08333333333333287e-02	2.08333333333333287e-02	2.08333333333333287e-02	0	0	0
2.45123800803615177e+00	720	source_DeltaDelta	1.21995485213524092e-22	3.60843918243516013e-02	6.16459044894321018e-01	3	3	63	2.08333333333333287e-02	2.08333333333333287e-02	2.08333333333333287e-02	0	0	0
2.45123800803615177e+00	720	source_damping	0.00000000000000000e+00	3.42801722331340297e+00	5.85636092649605118e+01	3	0	0	-1.97916666666666674e+00	-1.97916666666666674e+00	-1.97916666666666674e+00	0	0	0
2.45123800803615177e+00	720	source_frame_correction	2.93292309296763541e-11	3.60843918243516498e-02	6.16459044894321795e-01	3	3	58	-2.08333333333333703e-02	2.08333333333333287e-02	-2.08333333333333703e-02	15	0	15
2.45123800803615177e+00	720	Psi_RHS_Linf	4.90674923213959320e-13	2.05681033398804169e+00	3.51381655589763042e+01	3	10	193	-1.18750000000000022e+00	1.18750000000000000e+00	1.18750000000000000e+00	3	12	12
2.45123800803615177e+00	720	Pi_RHS_Linf	1.58998569156081452e-12	1.62379763209582251e+00	2.77406570202444520e+01	3	8	147	-9.37500000000000111e-01	-9.37500000000000111e-01	9.37500000000000000e-01	9	9	6
2.45123800803615177e+00	720	Phi_RHS_Linf	6.45372964259154668e-13	1.55944145093327857e+00	2.66412079796281063e+01	3	10	193	-9.37500000000000111e-01	7.70833333333333259e-01	9.79166666666666630e-01	9	2	7
2.45123800803615177e+00	720	Hhat_RHS_Linf	0.00000000000000000e+00	3.42801722331340297e+00	5.85636092649605118e+01	3	0	0	-1.97916666666666674e+00	-1.97916666666666674e+00	-1.97916666666666674e+00	0	0	0
2.45123800803615177e+00	720	theta_RHS_Linf	0.00000000000000000e+00	3.42801722331340297e+00	5.85636092649605118e+01	3	0	0	-1.97916666666666674e+00	-1.97916666666666674e+00	-1.97916666666666674e+00	0	0	0
2.45123800803615177e+00	720	Upsilon_RHS_Linf	0.00000000000000000e+00	3.42801722331340297e+00	5.85636092649605118e+01	3	0	0	-1.97916666666666674e+00	-1.97916666666666674e+00	-1.97916666666666674e+00	0	0	0
2.45123800803615177e+00	720	chi_beta	3.88264775877806940e+01	3.60843918243516776e-02	6.16459044894322350e-01	3	3	56	-2.08333333333333703e-02	-2.08333333333333703e-02	-2.08333333333333703e-02	15	15	15
2.45123800803615177e+00	720	chi_beta_near_r_lt_1	3.88264775877806940e+01	3.60843918243516776e-02	6.16459044894322350e-01	3	3	56	-2.08333333333333703e-02	-2.08333333333333703e-02	-2.08333333333333703e-02	15	15	15
2.45123800803615177e+00	720	chi_beta_inner_r_lt_0p5	3.88264775877806940e+01	3.60843918243516776e-02	6.16459044894322350e-01	3	3	56	-2.08333333333333703e-02	-2.08333333333333703e-02	-2.08333333333333703e-02	15	15	15
2.45123800803615177e+00	720	chi_beta_annulus_0p5_1	1.91125488339996563e+00	5.01300392313165033e-01	8.56412275298407621e+00	3	3	63	3.54166666666666574e-01	2.29166666666666630e-01	2.70833333333333259e-01	8	5	6
2.45123800803615177e+00	720	chi_beta_annulus_1_1p5	7.77645210784221774e-01	1.00065082987690235e+00	1.70949328413604000e+01	3	2	46	-6.45833333333333370e-01	-7.29166666666666741e-01	2.29166666666666630e-01	0	14	5
2.45123800803615177e+00	720	chi_beta_annulus_1p5_2	4.38254956725813327e-01	1.50043396500256998e+00	2.56331350544829064e+01	3	2	39	-8.95833333333333481e-01	-1.10416666666666674e+00	4.79166666666666574e-01	10	5	11
2.45123800803615177e+00	720	chi_beta_outer_r_ge_2	2.84571871002462118e-01	2.00032549434669127e+00	3.41731890542921661e+01	3	5	105	5.20833333333333259e-01	7.70833333333333259e-01	-1.77083333333333348e+00	12	2	5
2.45123800803615177e+00	720	chi_beta_first_ge_1	1.00000000000000000e+00	3.60843918243516776e-02	6.16459044894322350e-01	3	3	56	-2.08333333333333703e-02	-2.08333333333333703e-02	-2.08333333333333703e-02	15	15	15
2.50230546653690489e+00	735	reference_Ricci	0.00000000000000000e+00	3.42801722331340297e+00	6.05917335503644310e+01	3	0	0	-1.97916666666666674e+00	-1.97916666666666674e+00	-1.97916666666666674e+00	0	0	0
2.50230546653690489e+00	735	reference_Riemann	0.00000000000000000e+00	3.42801722331340297e+00	6.05917335503644310e+01	3	0	0	-1.97916666666666674e+00	-1.97916666666666674e+00	-1.97916666666666674e+00	0	0	0
2.50230546653690489e+00	735	spin_connection	0.00000000000000000e+00	3.42801722331340297e+00	6.05917335503644310e+01	3	0	0	-1.97916666666666674e+00	-1.97916666666666674e+00	-1.97916666666666674e+00	0	0	0
2.50230546653690489e+00	735	spin_derivative	0.00000000000000000e+00	3.42801722331340297e+00	6.05917335503644310e+01	3	0	0	-1.97916666666666674e+00	-1.97916666666666674e+00	-1.97916666666666674e+00	0	0	0
2.50230546653690489e+00	735	Psi	1.99999999999918887e+00	3.38007591548539699e+00	5.97443495494279304e+01	3	0	0	-1.93750000000000000e+00	-1.97916666666666674e+00	-1.93750000000000000e+00	1	0	1
2.50230546653690489e+00	735	Q	1.41416277915380636e-11	3.60843918243516013e-02	6.37807721582783316e-01	3	3	63	2.08333333333333287e-02	2.08333333333333287e-02	2.08333333333333287e-02	0	0	0
2.50230546653690489e+00	735	Delta	1.02589310102933584e-11	3.60843918243516013e-02	6.37807721582783316e-01	3	3	63	2.08333333333333287e-02	2.08333333333333287e-02	2.08333333333333287e-02	0	0	0
2.50230546653690489e+00	735	Pi	1.35271012355500605e-11	3.60843918243516013e-02	6.37807721582783316e-01	3	3	63	2.08333333333333287e-02	2.08333333333333287e-02	2.08333333333333287e-02	0	0	0
2.50230546653690489e+00	735	Phi	1.27227596142333840e-12	2.87250797794076318e+00	5.07728598435838308e+01	3	11	206	-6.45833333333333370e-01	1.97916666666666652e+00	1.97916666666666652e+00	0	15	15
2.50230546653690489e+00	735	GH_constraint	5.50937592853884806e-12	3.60843918243516498e-02	6.37807721582784204e-01	3	3	58	-2.08333333333333703e-02	2.08333333333333287e-02	-2.08333333333333703e-02	15	0	15
2.50230546653690489e+00	735	reduction_constraint	1.39929209756435710e-11	3.42801722331340297e+00	6.05917335503644310e+01	3	7	131	1.97916666666666652e+00	1.97916666666666652e+00	-1.97916666666666674e+00	15	15	0
2.50230546653690489e+00	735	curl_constraint	1.82085209371259881e-12	3.33248687169207036e+00	5.89031919724380515e+01	3	0	0	-1.97916666666666674e+00	-1.89583333333333326e+00	-1.89583333333333326e+00	0	2	2
2.50230546653690489e+00	735	source_curvature	6.09237523248736215e-10	3.60843918243516013e-02	6.37807721582783316e-01	3	3	63	2.08333333333333287e-02	2.08333333333333287e-02	2.08333333333333287e-02	0	0	0
2.50230546653690489e+00	735	source_QQ	2.27097375355669121e-22	3.60843918243516013e-02	6.37807721582783316e-01	3	3	63	2.08333333333333287e-02	2.08333333333333287e-02	2.08333333333333287e-02	0	0	0
2.50230546653690489e+00	735	source_DeltaDelta	1.24205862456418291e-22	3.60843918243516013e-02	6.37807721582783316e-01	3	3	63	2.08333333333333287e-02	2.08333333333333287e-02	2.08333333333333287e-02	0	0	0
2.50230546653690489e+00	735	source_damping	0.00000000000000000e+00	3.42801722331340297e+00	6.05917335503644310e+01	3	0	0	-1.97916666666666674e+00	-1.97916666666666674e+00	-1.97916666666666674e+00	0	0	0
2.50230546653690489e+00	735	source_frame_correction	2.90858462339567653e-11	3.60843918243516498e-02	6.37807721582784204e-01	3	3	58	-2.08333333333333703e-02	2.08333333333333287e-02	-2.08333333333333703e-02	15	0	15
2.50230546653690489e+00	735	Psi_RHS_Linf	4.90920181264645798e-13	2.05681033398804169e+00	3.63550401302186543e+01	3	9	178	1.18750000000000000e+00	-1.18750000000000022e+00	1.18750000000000000e+00	12	3	12
2.50230546653690489e+00	735	Pi_RHS_Linf	1.61021275806889851e-12	1.62379763209582273e+00	2.87013474712252616e+01	3	0	7	-9.37500000000000111e-01	-9.37500000000000111e-01	-9.37500000000000111e-01	9	9	9
2.50230546653690489e+00	735	Phi_RHS_Linf	6.17915286262024514e-13	1.60010307827686882e+00	2.82825356630963825e+01	3	0	7	-9.37500000000000111e-01	-9.37500000000000111e-01	-8.95833333333333481e-01	9	9	10
2.50230546653690489e+00	735	Hhat_RHS_Linf	0.00000000000000000e+00	3.42801722331340297e+00	6.05917335503644310e+01	3	0	0	-1.97916666666666674e+00	-1.97916666666666674e+00	-1.97916666666666674e+00	0	0	0
2.50230546653690489e+00	735	theta_RHS_Linf	0.00000000000000000e+00	3.42801722331340297e+00	6.05917335503644310e+01	3	0	0	-1.97916666666666674e+00	-1.97916666666666674e+00	-1.97916666666666674e+00	0	0	0
2.50230546653690489e+00	735	Upsilon_RHS_Linf	0.00000000000000000e+00	3.42801722331340297e+00	6.05917335503644310e+01	3	0	0	-1.97916666666666674e+00	-1.97916666666666674e+00	-1.97916666666666674e+00	0	0	0
2.50230546653690489e+00	735	chi_beta	3.88264775877825770e+01	3.60843918243516776e-02	6.37807721582784648e-01	3	3	56	-2.08333333333333703e-02	-2.08333333333333703e-02	-2.08333333333333703e-02	15	15	15
2.50230546653690489e+00	735	chi_beta_near_r_lt_1	3.88264775877825770e+01	3.60843918243516776e-02	6.37807721582784648e-01	3	3	56	-2.08333333333333703e-02	-2.08333333333333703e-02	-2.08333333333333703e-02	15	15	15
2.50230546653690489e+00	735	chi_beta_inner_r_lt_0p5	3.88264775877825770e+01	3.60843918243516776e-02	6.37807721582784648e-01	3	3	56	-2.08333333333333703e-02	-2.08333333333333703e-02	-2.08333333333333703e-02	15	15	15
2.50230546653690489e+00	735	chi_beta_annulus_0p5_1	1.91125488339996563e+00	5.01300392313165033e-01	8.86070804812741208e+00	3	3	63	3.54166666666666574e-01	2.29166666666666630e-01	2.70833333333333259e-01	8	5	6
2.50230546653690489e+00	735	chi_beta_annulus_1_1p5	7.77645210784221996e-01	1.00065082987690235e+00	1.76869497762465500e+01	3	3	56	-5.20833333333333370e-01	-6.04166666666666741e-01	-6.04166666666666741e-01	3	1	1
2.50230546653690489e+00	735	chi_beta_annulus_1p5_2	4.38254956725811384e-01	1.50043396500256998e+00	2.65208396267852820e+01	3	4	86	1.10416666666666674e+00	-8.95833333333333481e-01	4.79166666666666574e-01	10	10	11
2.50230546653690489e+00	735	chi_beta_outer_r_ge_2	2.84571871002458954e-01	2.00032549434669127e+00	3.53566453934863603e+01	3	5	105	5.20833333333333259e-01	7.70833333333333259e-01	-1.77083333333333348e+00	12	2	5
2.50230546653690489e+00	735	chi_beta_first_ge_1	1.00000000000000000e+00	3.60843918243516776e-02	6.37807721582784648e-01	3	3	56	-2.08333333333333703e-02	-2.08333333333333703e-02	-2.08333333333333703e-02	15	15	15
2.55337292503765800e+00	750	reference_Ricci	0.00000000000000000e+00	3.42801722331340297e+00	6.26900940826231903e+01	3	0	0	-1.97916666666666674e+00	-1.97916666666666674e+00	-1.97916666666666674e+00	0	0	0
2.55337292503765800e+00	750	reference_Riemann	0.00000000000000000e+00	3.42801722331340297e+00	6.26900940826231903e+01	3	0	0	-1.97916666666666674e+00	-1.97916666666666674e+00	-1.97916666666666674e+00	0	0	0
2.55337292503765800e+00	750	spin_connection	0.00000000000000000e+00	3.42801722331340297e+00	6.26900940826231903e+01	3	0	0	-1.97916666666666674e+00	-1.97916666666666674e+00	-1.97916666666666674e+00	0	0	0
2.55337292503765800e+00	750	spin_derivative	0.00000000000000000e+00	3.42801722331340297e+00	6.26900940826231903e+01	3	0	0	-1.97916666666666674e+00	-1.97916666666666674e+00	-1.97916666666666674e+00	0	0	0
2.55337292503765800e+00	750	Psi	1.99999999999918887e+00	3.38007591548539699e+00	6.18133642115647461e+01	3	0	0	-1.93750000000000000e+00	-1.97916666666666674e+00	-1.93750000000000000e+00	1	0	1
2.55337292503765800e+00	750	Q	1.42785521063513149e-11	3.60843918243516013e-02	6.59895727185507153e-01	3	3	63	2.08333333333333287e-02	2.08333333333333287e-02	2.08333333333333287e-02	0	0	0
2.55337292503765800e+00	750	Delta	1.03377145621379681e-11	3.60843918243516013e-02	6.59895727185507153e-01	3	3	63	2.08333333333333287e-02	2.08333333333333287e-02	2.08333333333333287e-02	0	0	0
2.55337292503765800e+00	750	Pi	1.36623990494079518e-11	3.60843918243516013e-02	6.59895727185507153e-01	3	3	63	2.08333333333333287e-02	2.08333333333333287e-02	2.08333333333333287e-02	0	0	0
2.55337292503765800e+00	750	Phi	1.28384170559154877e-12	2.85492690605011612e+00	5.22096666032215708e+01	3	10	189	1.97916666666666652e+00	-5.62500000000000000e-01	1.97916666666666652e+00	15	2	15
2.55337292503765800e+00	750	GH_constraint	5.48399833787359635e-12	3.60843918243516498e-02	6.59895727185508041e-01	3	3	58	-2.08333333333333703e-02	2.08333333333333287e-02	-2.08333333333333703e-02	15	0	15
2.55337292503765800e+00	750	reduction_constraint	1.40288223844768760e-11	3.42801722331340297e+00	6.26900940826231903e+01	3	8	148	-1.97916666666666674e+00	-1.97916666666666674e+00	1.97916666666666652e+00	0	0	15
2.55337292503765800e+00	750	curl_constraint	1.85515756639635526e-12	3.33248687169207036e+00	6.09430763925840395e+01	3	0	0	-1.97916666666666674e+00	-1.89583333333333326e+00	-1.89583333333333326e+00	0	2	2
2.55337292503765800e+00	750	source_curvature	6.09237302025638167e-10	3.60843918243516013e-02	6.59895727185507153e-01	3	3	63	2.08333333333333287e-02	2.08333333333333287e-02	2.08333333333333287e-02	0	0	0
2.55337292503765800e+00	750	source_QQ	2.32041931412840959e-22	3.60843918243516013e-02	6.59895727185507153e-01	3	3	63	2.08333333333333287e-02	2.08333333333333287e-02	2.08333333333333287e-02	0	0	0
2.55337292503765800e+00	750	source_DeltaDelta	1.26319306439191774e-22	3.60843918243516013e-02	6.59895727185507153e-01	3	3	63	2.08333333333333287e-02	2.08333333333333287e-02	2.08333333333333287e-02	0	0	0
2.55337292503765800e+00	750	source_damping	0.00000000000000000e+00	3.42801722331340297e+00	6.26900940826231903e+01	3	0	0	-1.97916666666666674e+00	-1.97916666666666674e+00	-1.97916666666666674e+00	0	0	0
2.55337292503765800e+00	750	source_frame_correction	2.88596038786008878e-11	3.60843918243516498e-02	6.59895727185508041e-01	3	3	58	-2.08333333333333703e-02	2.08333333333333287e-02	-2.08333333333333703e-02	15	0	15
2.55337292503765800e+00	750	Psi_RHS_Linf	4.91407837060259686e-13	2.00984987692558237e+00	3.67552639524454889e+01	3	0	7	-1.10416666666666674e+00	-1.18750000000000022e+00	-1.18750000000000022e+00	5	3	3
2.55337292503765800e+00	750	Pi_RHS_Linf	1.54231055128504410e-12	1.62379763209582251e+00	2.96953077233478275e+01	3	3	70	9.37500000000000000e-01	-9.37500000000000111e-01	-9.37500000000000111e-01	6	9	9
2.55337292503765800e+00	750	Phi_RHS_Linf	6.53405024101240694e-13	1.60010307827686882e+00	2.92619919867599485e+01	3	0	7	-9.37500000000000111e-01	-9.37500000000000111e-01	-8.95833333333333481e-01	9	9	10
2.55337292503765800e+00	750	Hhat_RHS_Linf	0.00000000000000000e+00	3.42801722331340297e+00	6.26900940826231903e+01	3	0	0	-1.97916666666666674e+00	-1.97916666666666674e+00	-1.97916666666666674e+00	0	0	0
2.55337292503765800e+00	750	theta_RHS_Linf	0.00000000000000000e+00	3.42801722331340297e+00	6.26900940826231903e+01	3	0	0	-1.97916666666666674e+00	-1.97916666666666674e+00	-1.97916666666666674e+00	0	0	0
2.55337292503765800e+00	750	Upsilon_RHS_Linf	0.00000000000000000e+00	3.42801722331340297e+00	6.26900940826231903e+01	3	0	0	-1.97916666666666674e+00	-1.97916666666666674e+00	-1.97916666666666674e+00	0	0	0
2.55337292503765800e+00	750	chi_beta	3.88264775877820796e+01	3.60843918243516776e-02	6.59895727185508485e-01	3	3	56	-2.08333333333333703e-02	-2.08333333333333703e-02	-2.08333333333333703e-02	15	15	15
2.55337292503765800e+00	750	chi_beta_near_r_lt_1	3.88264775877820796e+01	3.60843918243516776e-02	6.59895727185508485e-01	3	3	56	-2.08333333333333703e-02	-2.08333333333333703e-02	-2.08333333333333703e-02	15	15	15
2.55337292503765800e+00	750	chi_beta_inner_r_lt_0p5	3.88264775877820796e+01	3.60843918243516776e-02	6.59895727185508485e-01	3	3	56	-2.08333333333333703e-02	-2.08333333333333703e-02	-2.08333333333333703e-02	15	15	15
2.55337292503765800e+00	750	chi_beta_annulus_0p5_1	1.91125488339996652e+00	5.01300392313165033e-01	9.16756442880190647e+00	3	3	63	2.70833333333333259e-01	3.54166666666666574e-01	2.29166666666666630e-01	6	8	5
2.55337292503765800e+00	750	chi_beta_annulus_1_1p5	7.77645210784222440e-01	1.00065082987690235e+00	1.82994689297985680e+01	3	3	55	-7.29166666666666741e-01	6.45833333333333148e-01	2.29166666666666630e-01	14	15	5
2.55337292503765800e+00	750	chi_beta_annulus_1p5_2	4.38254956725808664e-01	1.50043396500256998e+00	2.74392864163783443e+01	3	2	39	-1.10416666666666674e+00	-8.95833333333333481e-01	4.79166666666666574e-01	5	10	11
2.55337292503765800e+00	750	chi_beta_outer_r_ge_2	2.84571871002455568e-01	2.00032549434669127e+00	3.65810861694726128e+01	3	11	204	-5.20833333333333370e-01	7.70833333333333259e-01	1.77083333333333348e+00	3	2	10
2.55337292503765800e+00	750	chi_beta_first_ge_1	1.00000000000000000e+00	3.60843918243516776e-02	6.59895727185508485e-01	3	3	56	-2.08333333333333703e-02	-2.08333333333333703e-02	-2.08333333333333703e-02	15	15	15
2.60103588630502758e+00	764	reference_Ricci	0.00000000000000000e+00	3.42801722331340297e+00	6.47140771487799640e+01	3	0	0	-1.97916666666666674e+00	-1.97916666666666674e+00	-1.97916666666666674e+00	0	0	0
2.60103588630502758e+00	764	reference_Riemann	0.00000000000000000e+00	3.42801722331340297e+00	6.47140771487799640e+01	3	0	0	-1.97916666666666674e+00	-1.97916666666666674e+00	-1.97916666666666674e+00	0	0	0
2.60103588630502758e+00	764	spin_connection	0.00000000000000000e+00	3.42801722331340297e+00	6.47140771487799640e+01	3	0	0	-1.97916666666666674e+00	-1.97916666666666674e+00	-1.97916666666666674e+00	0	0	0
2.60103588630502758e+00	764	spin_derivative	0.00000000000000000e+00	3.42801722331340297e+00	6.47140771487799640e+01	3	0	0	-1.97916666666666674e+00	-1.97916666666666674e+00	-1.97916666666666674e+00	0	0	0
2.60103588630502758e+00	764	Psi	1.99999999999918887e+00	3.38007591548539699e+00	6.38090415870285455e+01	3	0	0	-1.93750000000000000e+00	-1.97916666666666674e+00	-1.93750000000000000e+00	1	0	1
2.60103588630502758e+00	764	Q	1.43995718160158888e-11	3.60843918243516013e-02	6.81200812092420449e-01	3	3	63	2.08333333333333287e-02	2.08333333333333287e-02	2.08333333333333287e-02	0	0	0
2.60103588630502758e+00	764	Delta	1.04075584411609617e-11	3.60843918243516013e-02	6.81200812092420449e-01	3	3	63	2.08333333333333287e-02	2.08333333333333287e-02	2.08333333333333287e-02	0	0	0
2.60103588630502758e+00	764	Pi	1.37821981414358588e-11	3.60843918243516013e-02	6.81200812092420449e-01	3	3	63	2.08333333333333287e-02	2.08333333333333287e-02	2.08333333333333287e-02	0	0	0
2.60103588630502758e+00	764	Phi	1.29174918317362200e-12	2.85492690605011612e+00	5.38952834880094684e+01	3	0	16	-1.97916666666666674e+00	-5.62500000000000000e-01	-1.97916666666666674e+00	0	2	0
2.60103588630502758e+00	764	GH_constraint	5.46416754194977643e-12	3.60843918243516498e-02	6.81200812092421448e-01	3	3	58	-2.08333333333333703e-02	2.08333333333333287e-02	-2.08333333333333703e-02	15	0	15
2.60103588630502758e+00	764	reduction_constraint	1.40710376747861173e-11	3.42801722331340297e+00	6.47140771487799640e+01	3	11	198	-1.97916666666666674e+00	1.97916666666666652e+00	1.97916666666666652e+00	0	15	15
2.60103588630502758e+00	764	curl_constraint	1.88639052553113871e-12	3.33248687169207036e+00	6.29106560624361961e+01	3	0	0	-1.97916666666666674e+00	-1.89583333333333326e+00	-1.89583333333333326e+00	0	2	2
2.60103588630502758e+00	764	source_curvature	6.09236615925487072e-10	3.60843918243516013e-02	6.81200812092420449e-01	3	3	63	2.08333333333333287e-02	2.08333333333333287e-02	2.08333333333333287e-02	0	0	0
2.60103588630502758e+00	764	source_QQ	2.36482030065596836e-22	3.60843918243516013e-02	6.81200812092420449e-01	3	3	63	2.08333333333333287e-02	2.08333333333333287e-02	2.08333333333333287e-02	0	0	0
2.60103588630502758e+00	764	source_DeltaDelta	1.28210989515527021e-22	3.60843918243516013e-02	6.81200812092420449e-01	3	3	63	2.08333333333333287e-02	2.08333333333333287e-02	2.08333333333333287e-02	0	0	0
2.60103588630502758e+00	764	source_damping	0.00000000000000000e+00	3.42801722331340297e+00	6.47140771487799640e+01	3	0	0	-1.97916666666666674e+00	-1.97916666666666674e+00	-1.97916666666666674e+00	0	0	0
2.60103588630502758e+00	764	source_frame_correction	2.86614928970498831e-11	3.60843918243516498e-02	6.81200812092421448e-01	3	3	58	-2.08333333333333703e-02	2.08333333333333287e-02	-2.08333333333333703e-02	15	0	15
2.60103588630502758e+00	764	Psi_RHS_Linf	4.98222513050075822e-13	1.91247276669063559e+00	3.61036430408982980e+01	3	9	178	1.10416666666666674e+00	-1.10416666666666674e+00	1.10416666666666674e+00	10	5	10
2.60103588630502758e+00	764	Pi_RHS_Linf	1.51484355701736256e-12	1.57715351010751159e+00	2.97734892445829260e+01	3	8	147	-9.37500000000000111e-01	-9.37500000000000111e-01	8.54166666666666630e-01	9	9	4
2.60103588630502758e+00	764	Phi_RHS_Linf	7.93235937556111500e-13	3.11547158459910278e+00	5.88138434980510780e+01	3	5	98	-1.81250000000000000e+00	1.81250000000000000e+00	-1.77083333333333348e+00	4	11	5
2.60103588630502758e+00	764	Hhat_RHS_Linf	0.00000000000000000e+00	3.42801722331340297e+00	6.47140771487799640e+01	3	0	0	-1.97916666666666674e+00	-1.97916666666666674e+00	-1.97916666666666674e+00	0	0	0
2.60103588630502758e+00	764	theta_RHS_Linf	0.00000000000000000e+00	3.42801722331340297e+00	6.47140771487799640e+01	3	0	0	-1.97916666666666674e+00	-1.97916666666666674e+00	-1.97916666666666674e+00	0	0	0
2.60103588630502758e+00	764	Upsilon_RHS_Linf	0.00000000000000000e+00	3.42801722331340297e+00	6.47140771487799640e+01	3	0	0	-1.97916666666666674e+00	-1.97916666666666674e+00	-1.97916666666666674e+00	0	0	0
2.60103588630502758e+00	764	chi_beta	3.88264775877829038e+01	3.60843918243516776e-02	6.81200812092421892e-01	3	3	56	-2.08333333333333703e-02	-2.08333333333333703e-02	-2.08333333333333703e-02	15	15	15
2.60103588630502758e+00	764	chi_beta_near_r_lt_1	3.88264775877829038e+01	3.60843918243516776e-02	6.81200812092421892e-01	3	3	56	-2.08333333333333703e-02	-2.08333333333333703e-02	-2.08333333333333703e-02	15	15	15
2.60103588630502758e+00	764	chi_beta_inner_r_lt_0p5	3.88264775877829038e+01	3.60843918243516776e-02	6.81200812092421892e-01	3	3	56	-2.08333333333333703e-02	-2.08333333333333703e-02	-2.08333333333333703e-02	15	15	15
2.60103588630502758e+00	764	chi_beta_annulus_0p5_1	1.91125488339996807e+00	5.01300392313165033e-01	9.46354412756167207e+00	3	3	63	2.29166666666666630e-01	3.54166666666666574e-01	2.70833333333333259e-01	5	8	6
2.60103588630502758e+00	764	chi_beta_annulus_1_1p5	7.77645210784223551e-01	1.00065082987690235e+00	1.88902770275621457e+01	3	3	58	-6.04166666666666741e-01	6.04166666666666519e-01	-5.20833333333333370e-01	1	14	3
2.60103588630502758e+00	764	chi_beta_annulus_1p5_2	4.38254956725805833e-01	1.50043396500256998e+00	2.83251783880984718e+01	3	4	86	1.10416666666666674e+00	-8.95833333333333481e-01	4.79166666666666574e-01	10	10	11
2.60103588630502758e+00	764	chi_beta_outer_r_ge_2	2.84571871002452514e-01	2.00032549434669127e+00	3.77621260136791435e+01	3	0	17	-7.70833333333333370e-01	-5.20833333333333370e-01	-1.77083333333333348e+00	13	3	5
2.60103588630502758e+00	764	chi_beta_first_ge_1	1.00000000000000000e+00	3.60843918243516776e-02	6.81200812092421892e-01	3	3	56	-2.08333333333333703e-02	-2.08333333333333703e-02	-2.08333333333333703e-02	15	15	15
2.65210334480578069e+00	779	reference_Ricci	0.00000000000000000e+00	3.42801722331340297e+00	6.69551991206026713e+01	3	0	0	-1.97916666666666674e+00	-1.97916666666666674e+00	-1.97916666666666674e+00	0	0	0
2.65210334480578069e+00	779	reference_Riemann	0.00000000000000000e+00	3.42801722331340297e+00	6.69551991206026713e+01	3	0	0	-1.97916666666666674e+00	-1.97916666666666674e+00	-1.97916666666666674e+00	0	0	0
2.65210334480578069e+00	779	spin_connection	0.00000000000000000e+00	3.42801722331340297e+00	6.69551991206026713e+01	3	0	0	-1.97916666666666674e+00	-1.97916666666666674e+00	-1.97916666666666674e+00	0	0	0
2.65210334480578069e+00	779	spin_derivative	0.00000000000000000e+00	3.42801722331340297e+00	6.69551991206026713e+01	3	0	0	-1.97916666666666674e+00	-1.97916666666666674e+00	-1.97916666666666674e+00	0	0	0
2.65210334480578069e+00	779	Psi	1.99999999999918887e+00	3.38007591548539699e+00	6.60188211497173256e+01	3	0	0	-1.93750000000000000e+00	-1.97916666666666674e+00	-1.93750000000000000e+00	1	0	1
2.65210334480578069e+00	779	Q	1.45227194207097993e-11	3.60843918243516013e-02	7.04791569690554343e-01	3	3	63	2.08333333333333287e-02	2.08333333333333287e-02	2.08333333333333287e-02	0	0	0
2.65210334480578069e+00	779	Delta	1.04783580225920161e-11	3.60843918243516013e-02	7.04791569690554343e-01	3	3	63	2.08333333333333287e-02	2.08333333333333287e-02	2.08333333333333287e-02	0	0	0
2.65210334480578069e+00	779	Pi	1.39039090654789255e-11	3.60843918243516013e-02	7.04791569690554343e-01	3	3	63	2.08333333333333287e-02	2.08333333333333287e-02	2.08333333333333287e-02	0	0	0
2.65210334480578069e+00	779	Phi	1.29615604908447075e-12	2.85492690605011612e+00	5.57617383510665476e+01	3	0	16	-1.97916666666666674e+00	-5.62500000000000000e-01	-1.97916666666666674e+00	0	2	0
2.65210334480578069e+00	779	GH_constraint	5.44337797004941392e-12	3.60843918243516498e-02	7.04791569690555231e-01	3	3	58	-2.08333333333333703e-02	2.08333333333333287e-02	-2.08333333333333703e-02	15	0	15
2.65210334480578069e+00	779	reduction_constraint	1.40894421714249870e-11	3.42801722331340297e+00	6.69551991206026713e+01	3	11	198	-1.97916666666666674e+00	1.97916666666666652e+00	1.97916666666666652e+00	0	15	15
2.65210334480578069e+00	779	curl_constraint	1.91934601284545738e-12	3.33248687169207036e+00	6.50893235143286972e+01	3	0	0	-1.97916666666666674e+00	-1.89583333333333326e+00	-1.89583333333333326e+00	0	2	2
2.65210334480578069e+00	779	source_curvature	6.09236232346444958e-10	3.60843918243516013e-02	7.04791569690554343e-01	3	3	63	2.08333333333333287e-02	2.08333333333333287e-02	2.08333333333333287e-02	0	0	0
2.65210334480578069e+00	779	source_QQ	2.41045873837388280e-22	3.60843918243516013e-02	7.04791569690554343e-01	3	3	63	2.08333333333333287e-02	2.08333333333333287e-02	2.08333333333333287e-02	0	0	0
2.65210334480578069e+00	779	source_DeltaDelta	1.30143610455654347e-22	3.60843918243516013e-02	7.04791569690554343e-01	3	3	63	2.08333333333333287e-02	2.08333333333333287e-02	2.08333333333333287e-02	0	0	0
2.65210334480578069e+00	779	source_damping	0.00000000000000000e+00	3.42801722331340297e+00	6.69551991206026713e+01	3	0	0	-1.97916666666666674e+00	-1.97916666666666674e+00	-1.97916666666666674e+00	0	0	0
2.65210334480578069e+00	779	source_frame_correction	2.84640032940697307e-11	3.60843918243516498e-02	7.04791569690555231e-01	3	3	58	-2.08333333333333703e-02	2.08333333333333287e-02	-2.08333333333333703e-02	15	0	15
2.65210334480578069e+00	779	Psi_RHS_Linf	5.09776990111525973e-13	1.91247276669063559e+00	3.73539531935993949e+01	3	8	147	-1.10416666666666674e+00	-1.10416666666666674e+00	1.10416666666666674e+00	5	5	10
2.65210334480578069e+00	779	Pi_RHS_Linf	1.51053782256346489e-12	1.52908719139520932e+00	2.98657593305998716e+01	3	0	7	-8.54166666666666741e-01	-8.54166666666666741e-01	-9.37500000000000111e-01	11	11	9
2.65210334480578069e+00	779	Phi_RHS_Linf	7.31500207339999563e-13	1.50390117693949565e+00	2.93738322184873120e+01	3	8	147	-8.54166666666666741e-01	-8.54166666666666741e-01	8.95833333333333259e-01	11	11	5
2.65210334480578069e+00	779	Hhat_RHS_Linf	0.00000000000000000e+00	3.42801722331340297e+00	6.69551991206026713e+01	3	0	0	-1.97916666666666674e+00	-1.97916666666666674e+00	-1.97916666666666674e+00	0	0	0
2.65210334480578069e+00	779	theta_RHS_Linf	0.00000000000000000e+00	3.42801722331340297e+00	6.69551991206026713e+01	3	0	0	-1.97916666666666674e+00	-1.97916666666666674e+00	-1.97916666666666674e+00	0	0	0
2.65210334480578069e+00	779	Upsilon_RHS_Linf	0.00000000000000000e+00	3.42801722331340297e+00	6.69551991206026713e+01	3	0	0	-1.97916666666666674e+00	-1.97916666666666674e+00	-1.97916666666666674e+00	0	0	0
2.65210334480578069e+00	779	chi_beta	3.88264775877824277e+01	3.60843918243516776e-02	7.04791569690555786e-01	3	3	56	-2.08333333333333703e-02	-2.08333333333333703e-02	-2.08333333333333703e-02	15	15	15
2.65210334480578069e+00	779	chi_beta_near_r_lt_1	3.88264775877824277e+01	3.60843918243516776e-02	7.04791569690555786e-01	3	3	56	-2.08333333333333703e-02	-2.08333333333333703e-02	-2.08333333333333703e-02	15	15	15
2.65210334480578069e+00	779	chi_beta_inner_r_lt_0p5	3.88264775877824277e+01	3.60843918243516776e-02	7.04791569690555786e-01	3	3	56	-2.08333333333333703e-02	-2.08333333333333703e-02	-2.08333333333333703e-02	15	15	15
2.65210334480578069e+00	779	chi_beta_annulus_0p5_1	1.91125488339996763e+00	5.01300392313165144e-01	9.79127740616243614e+00	3	3	57	3.54166666666666574e-01	-2.29166666666666685e-01	-2.70833333333333370e-01	8	10	9
2.65210334480578069e+00	779	chi_beta_annulus_1_1p5	7.77645210784223551e-01	1.00065082987690235e+00	1.95444687701555964e+01	3	3	58	-6.04166666666666741e-01	6.04166666666666519e-01	-5.20833333333333370e-01	1	14	3
2.65210334480578069e+00	779	chi_beta_annulus_1p5_2	4.38254956725802558e-01	1.50043396500256976e+00	2.93061114777479119e+01	3	6	117	-1.10416666666666674e+00	8.95833333333333259e-01	4.79166666666666574e-01	5	5	11
2.65210334480578069e+00	779	chi_beta_outer_r_ge_2	2.84571871002449295e-01	2.00032549434669127e+00	3.90698713148665178e+01	3	5	105	5.20833333333333259e-01	7.70833333333333259e-01	-1.77083333333333348e+00	12	2	5
2.65210334480578069e+00	779	chi_beta_first_ge_1	1.00000000000000000e+00	3.60843918243516776e-02	7.04791569690555786e-01	3	3	56	-2.08333333333333703e-02	-2.08333333333333703e-02	-2.08333333333333703e-02	15	15	15
2.70317080330653381e+00	794	reference_Ricci	0.00000000000000000e+00	3.42801722331340297e+00	6.92739336910110097e+01	3	0	0	-1.97916666666666674e+00	-1.97916666666666674e+00	-1.97916666666666674e+00	0	0	0
2.70317080330653381e+00	794	reference_Riemann	0.00000000000000000e+00	3.42801722331340297e+00	6.92739336910110097e+01	3	0	0	-1.97916666666666674e+00	-1.97916666666666674e+00	-1.97916666666666674e+00	0	0	0
2.70317080330653381e+00	794	spin_connection	0.00000000000000000e+00	3.42801722331340297e+00	6.92739336910110097e+01	3	0	0	-1.97916666666666674e+00	-1.97916666666666674e+00	-1.97916666666666674e+00	0	0	0
2.70317080330653381e+00	794	spin_derivative	0.00000000000000000e+00	3.42801722331340297e+00	6.92739336910110097e+01	3	0	0	-1.97916666666666674e+00	-1.97916666666666674e+00	-1.97916666666666674e+00	0	0	0
2.70317080330653381e+00	794	Psi	1.99999999999918887e+00	3.38007591548539699e+00	6.83051278877753987e+01	3	0	0	-1.93750000000000000e+00	-1.97916666666666674e+00	-1.93750000000000000e+00	1	0	1
2.70317080330653381e+00	794	Q	1.46388625430815889e-11	3.60843918243516013e-02	7.29199302010641981e-01	3	3	63	2.08333333333333287e-02	2.08333333333333287e-02	2.08333333333333287e-02	0	0	0
2.70317080330653381e+00	794	Delta	1.05454307384562719e-11	3.60843918243516013e-02	7.29199302010641981e-01	3	3	63	2.08333333333333287e-02	2.08333333333333287e-02	2.08333333333333287e-02	0	0	0
2.70317080330653381e+00	794	Pi	1.40190328064183669e-11	3.60843918243516013e-02	7.29199302010641981e-01	3	3	63	2.08333333333333287e-02	2.08333333333333287e-02	2.08333333333333287e-02	0	0	0
2.70317080330653381e+00	794	Phi	1.30177088934838145e-12	2.83968344773380243e+00	5.73847883621874075e+01	3	0	9	4.79166666666666574e-01	-1.97916666666666674e+00	-1.97916666666666674e+00	11	0	0
2.70317080330653381e+00	794	GH_constraint	5.42402153523180556e-12	3.60843918243516498e-02	7.29199302010642980e-01	3	3	58	-2.08333333333333703e-02	2.08333333333333287e-02	-2.08333333333333703e-02	15	0	15
2.70317080330653381e+00	794	reduction_constraint	1.41021592375707221e-11	3.42801722331340297e+00	6.92739336910110097e+01	3	11	198	-1.97916666666666674e+00	1.97916666666666652e+00	1.97916666666666652e+00	0	15	15
2.70317080330653381e+00	794	curl_constraint	1.95168569245507124e-12	3.33248687169207036e+00	6.73434406938671231e+01	3	3	65	1.97916666666666652e+00	-1.89583333333333326e+00	-1.89583333333333326e+00	15	2	2
2.70317080330653381e+00	794	source_curvature	6.09235056773308094e-10	3.60843918243516013e-02	7.29199302010641981e-01	3	3	63	2.08333333333333287e-02	2.08333333333333287e-02	2.08333333333333287e-02	0	0	0
2.70317080330653381e+00	794	source_QQ	2.45414729537917390e-22	3.60843918243516013e-02	7.29199302010641981e-01	3	3	63	2.08333333333333287e-02	2.08333333333333287e-02	2.08333333333333287e-02	0	0	0
2.70317080330653381e+00	794	source_DeltaDelta	1.31996708560222254e-22	3.60843918243516013e-02	7.29199302010641981e-01	3	3	63	2.08333333333333287e-02	2.08333333333333287e-02	2.08333333333333287e-02	0	0	0
2.70317080330653381e+00	794	source_damping	0.00000000000000000e+00	3.42801722331340297e+00	6.92739336910110097e+01	3	0	0	-1.97916666666666674e+00	-1.97916666666666674e+00	-1.97916666666666674e+00	0	0	0
2.70317080330653381e+00	794	source_frame_correction	2.82797032932030971e-11	3.60843918243516498e-02	7.29199302010642980e-01	3	3	58	-2.08333333333333703e-02	2.08333333333333287e-02	-2.08333333333333703e-02	15	0	15
2.70317080330653381e+00	794	Psi_RHS_Linf	5.16933754549979503e-13	1.91247276669063559e+00	3.86475630065640416e+01	3	8	147	-1.10416666666666674e+00	-1.10416666666666674e+00	1.10416666666666674e+00	5	5	10
2.70317080330653381e+00	794	Pi_RHS_Linf	1.67397410965191005e-12	1.47946006479841596e+00	2.98971713824363299e+01	3	8	147	-8.54166666666666741e-01	-8.54166666666666741e-01	8.54166666666666630e-01	11	11	4
2.70317080330653381e+00	794	Phi_RHS_Linf	7.74513699715550757e-13	3.16358128199320632e+00	6.39301688639401178e+01	3	5	98	-1.81250000000000000e+00	1.81250000000000000e+00	-1.85416666666666674e+00	4	11	3
2.70317080330653381e+00	794	Hhat_RHS_Linf	0.00000000000000000e+00	3.42801722331340297e+00	6.92739336910110097e+01	3	0	0	-1.97916666666666674e+00	-1.97916666666666674e+00	-1.97916666666666674e+00	0	0	0
2.70317080330653381e+00	794	theta_RHS_Linf	0.00000000000000000e+00	3.42801722331340297e+00	6.92739336910110097e+01	3	0	0	-1.97916666666666674e+00	-1.97916666666666674e+00	-1.97916666666666674e+00	0	0	0
2.70317080330653381e+00	794	Upsilon_RHS_Linf	0.00000000000000000e+00	3.42801722331340297e+00	6.92739336910110097e+01	3	0	0	-1.97916666666666674e+00	-1.97916666666666674e+00	-1.97916666666666674e+00	0	0	0
2.70317080330653381e+00	794	chi_beta	3.88264775877910608e+01	3.60843918243516776e-02	7.29199302010643535e-01	3	3	56	-2.08333333333333703e-02	-2.08333333333333703e-02	-2.08333333333333703e-02	15	15	15
2.70317080330653381e+00	794	chi_beta_near_r_lt_1	3.88264775877910608e+01	3.60843918243516776e-02	7.29199302010643535e-01	3	3	56	-2.08333333333333703e-02	-2.08333333333333703e-02	-2.08333333333333703e-02	15	15	15
2.70317080330653381e+00	794	chi_beta_inner_r_lt_0p5	3.88264775877910608e+01	3.60843918243516776e-02	7.29199302010643535e-01	3	3	56	-2.08333333333333703e-02	-2.08333333333333703e-02	-2.08333333333333703e-02	15	15	15
2.70317080330653381e+00	794	chi_beta_annulus_0p5_1	1.91125488339996941e+00	5.01300392313165033e-01	1.01303604603287347e+01	3	3	63	2.70833333333333259e-01	2.29166666666666630e-01	3.54166666666666574e-01	6	5	8
2.70317080330653381e+00	794	chi_beta_annulus_1_1p5	7.77645210784224106e-01	1.00065082987690235e+00	2.02213159156027515e+01	3	3	60	-6.04166666666666741e-01	-5.20833333333333370e-01	6.04166666666666519e-01	1	3	14
2.70317080330653381e+00	794	chi_beta_annulus_1p5_2	4.38254956725798728e-01	1.50043396500256976e+00	3.03210153941009111e+01	3	4	86	8.95833333333333259e-01	-1.10416666666666674e+00	4.79166666666666574e-01	5	5	11
2.70317080330653381e+00	794	chi_beta_outer_r_ge_2	2.84571871002445964e-01	2.00032549434669127e+00	4.04229053207247659e+01	3	5	105	5.20833333333333259e-01	7.70833333333333259e-01	-1.77083333333333348e+00	12	2	5
2.70317080330653381e+00	794	chi_beta_first_ge_1	1.00000000000000000e+00	3.60843918243516776e-02	7.29199302010643535e-01	3	3	56	-2.08333333333333703e-02	-2.08333333333333703e-02	-2.08333333333333703e-02	15	15	15
2.75083376457390338e+00	808	reference_Ricci	0.00000000000000000e+00	3.42801722331340297e+00	7.15104795244226210e+01	3	0	0	-1.97916666666666674e+00	-1.97916666666666674e+00	-1.97916666666666674e+00	0	0	0
2.75083376457390338e+00	808	reference_Riemann	0.00000000000000000e+00	3.42801722331340297e+00	7.15104795244226210e+01	3	0	0	-1.97916666666666674e+00	-1.97916666666666674e+00	-1.97916666666666674e+00	0	0	0
2.75083376457390338e+00	808	spin_connection	0.00000000000000000e+00	3.42801722331340297e+00	7.15104795244226210e+01	3	0	0	-1.97916666666666674e+00	-1.97916666666666674e+00	-1.97916666666666674e+00	0	0	0
2.75083376457390338e+00	808	spin_derivative	0.00000000000000000e+00	3.42801722331340297e+00	7.15104795244226210e+01	3	0	0	-1.97916666666666674e+00	-1.97916666666666674e+00	-1.97916666666666674e+00	0	0	0
2.75083376457390338e+00	808	Psi	1.99999999999918887e+00	3.38007591548539699e+00	7.05103953099988132e+01	3	0	0	-1.93750000000000000e+00	-1.97916666666666674e+00	-1.93750000000000000e+00	1	0	1
2.75083376457390338e+00	808	Q	1.47414645971041290e-11	3.60843918243516013e-02	7.52741889730764280e-01	3	3	63	2.08333333333333287e-02	2.08333333333333287e-02	2.08333333333333287e-02	0	0	0
2.75083376457390338e+00	808	Delta	1.06046851415823283e-11	3.60843918243516013e-02	7.52741889730764280e-01	3	3	63	2.08333333333333287e-02	2.08333333333333287e-02	2.08333333333333287e-02	0	0	0
2.75083376457390338e+00	808	Pi	1.41207688061411811e-11	3.60843918243516013e-02	7.52741889730764280e-01	3	3	63	2.08333333333333287e-02	2.08333333333333287e-02	2.08333333333333287e-02	0	0	0
2.75083376457390338e+00	808	Phi	1.31627917406167048e-12	2.85492690605011612e+00	5.95554744213008291e+01	3	9	166	-1.97916666666666674e+00	5.62499999999999889e-01	1.97916666666666652e+00	0	13	15
2.75083376457390338e+00	808	GH_constraint	5.40808915169704599e-12	3.60843918243516498e-02	7.52741889730765279e-01	3	3	58	-2.08333333333333703e-02	2.08333333333333287e-02	-2.08333333333333703e-02	15	0	15
2.75083376457390338e+00	808	reduction_constraint	1.41068542309390512e-11	3.42801722331340297e+00	7.15104795244226210e+01	3	11	198	-1.97916666666666674e+00	1.97916666666666652e+00	1.97916666666666652e+00	0	15	15
2.75083376457390338e+00	808	curl_constraint	1.98065750582129480e-12	3.33248687169207036e+00	6.95176595329946991e+01	3	3	65	1.97916666666666652e+00	-1.89583333333333326e+00	-1.89583333333333326e+00	15	2	2
2.75083376457390338e+00	808	source_curvature	6.09234106551797095e-10	3.60843918243516013e-02	7.52741889730764280e-01	3	3	63	2.08333333333333287e-02	2.08333333333333287e-02	2.08333333333333287e-02	0	0	0
2.75083376457390338e+00	808	source_QQ	2.49316072134827955e-22	3.60843918243516013e-02	7.52741889730764280e-01	3	3	63	2.08333333333333287e-02	2.08333333333333287e-02	2.08333333333333287e-02	0	0	0
2.75083376457390338e+00	808	source_DeltaDelta	1.33648596888760843e-22	3.60843918243516013e-02	7.52741889730764280e-01	3	3	63	2.08333333333333287e-02	2.08333333333333287e-02	2.08333333333333287e-02	0	0	0
2.75083376457390338e+00	808	source_damping	0.00000000000000000e+00	3.42801722331340297e+00	7.15104795244226210e+01	3	0	0	-1.97916666666666674e+00	-1.97916666666666674e+00	-1.97916666666666674e+00	0	0	0
2.75083376457390338e+00	808	source_frame_correction	2.81186762305457255e-11	3.60843918243516498e-02	7.52741889730765279e-01	3	3	58	-2.08333333333333703e-02	2.08333333333333287e-02	-2.08333333333333703e-02	15	0	15
2.75083376457390338e+00	808	Psi_RHS_Linf	5.22842767339600919e-13	1.91247276669063559e+00	3.98953201557305235e+01	3	5	101	-1.10416666666666674e+00	1.10416666666666674e+00	-1.10416666666666674e+00	5	10	5
2.75083376457390338e+00	808	Pi_RHS_Linf	1.75133310377045336e-12	1.47946006479841596e+00	3.08624174789613406e+01	3	8	147	-8.54166666666666741e-01	-8.54166666666666741e-01	8.54166666666666630e-01	11	11	4
2.75083376457390338e+00	808	Phi_RHS_Linf	6.54837744564396446e-13	1.50390117693949565e+00	3.13722736247917418e+01	3	0	7	-8.54166666666666741e-01	-8.54166666666666741e-01	-8.95833333333333481e-01	11	11	10
2.75083376457390338e+00	808	Hhat_RHS_Linf	0.00000000000000000e+00	3.42801722331340297e+00	7.15104795244226210e+01	3	0	0	-1.97916666666666674e+00	-1.97916666666666674e+00	-1.97916666666666674e+00	0	0	0
2.75083376457390338e+00	808	theta_RHS_Linf	0.00000000000000000e+00	3.42801722331340297e+00	7.15104795244226210e+01	3	0	0	-1.97916666666666674e+00	-1.97916666666666674e+00	-1.97916666666666674e+00	0	0	0
2.75083376457390338e+00	808	Upsilon_RHS_Linf	0.00000000000000000e+00	3.42801722331340297e+00	7.15104795244226210e+01	3	0	0	-1.97916666666666674e+00	-1.97916666666666674e+00	-1.97916666666666674e+00	0	0	0
2.75083376457390338e+00	808	chi_beta	3.88264775877839767e+01	3.60843918243516776e-02	7.52741889730765834e-01	3	3	56	-2.08333333333333703e-02	-2.08333333333333703e-02	-2.08333333333333703e-02	15	15	15
2.75083376457390338e+00	808	chi_beta_near_r_lt_1	3.88264775877839767e+01	3.60843918243516776e-02	7.52741889730765834e-01	3	3	56	-2.08333333333333703e-02	-2.08333333333333703e-02	-2.08333333333333703e-02	15	15	15
2.75083376457390338e+00	808	chi_beta_inner_r_lt_0p5	3.88264775877839767e+01	3.60843918243516776e-02	7.52741889730765834e-01	3	3	56	-2.08333333333333703e-02	-2.08333333333333703e-02	-2.08333333333333703e-02	15	15	15
2.75083376457390338e+00	808	chi_beta_annulus_0p5_1	1.91125488339997029e+00	5.01300392313165033e-01	1.04574245415972431e+01	3	3	63	3.54166666666666574e-01	2.29166666666666630e-01	2.70833333333333259e-01	8	5	6
2.75083376457390338e+00	808	chi_beta_annulus_1_1p5	7.77645210784224772e-01	1.00065082987690235e+00	2.08741718665707836e+01	3	3	58	-6.04166666666666741e-01	6.04166666666666519e-01	-5.20833333333333370e-01	1	14	3
2.75083376457390338e+00	808	chi_beta_annulus_1p5_2	4.38254956725793843e-01	1.50043396500256998e+00	3.12999455202139281e+01	3	2	39	-1.10416666666666674e+00	-8.95833333333333481e-01	4.79166666666666574e-01	5	10	11
2.75083376457390338e+00	808	chi_beta_outer_r_ge_2	2.84571871002442855e-01	2.00032549434669127e+00	4.17279803417667807e+01	3	7	142	7.70833333333333259e-01	1.77083333333333348e+00	5.20833333333333259e-01	2	10	12
2.75083376457390338e+00	808	chi_beta_first_ge_1	1.00000000000000000e+00	3.60843918243516776e-02	7.52741889730765834e-01	3	3	56	-2.08333333333333703e-02	-2.08333333333333703e-02	-2.08333333333333703e-02	15	15	15
2.80190122307465650e+00	823	reference_Ricci	0.00000000000000000e+00	3.42801722331340297e+00	7.39869686275478813e+01	3	0	0	-1.97916666666666674e+00	-1.97916666666666674e+00	-1.97916666666666674e+00	0	0	0
2.80190122307465650e+00	823	reference_Riemann	0.00000000000000000e+00	3.42801722331340297e+00	7.39869686275478813e+01	3	0	0	-1.97916666666666674e+00	-1.97916666666666674e+00	-1.97916666666666674e+00	0	0	0
2.80190122307465650e+00	823	spin_connection	0.00000000000000000e+00	3.42801722331340297e+00	7.39869686275478813e+01	3	0	0	-1.97916666666666674e+00	-1.97916666666666674e+00	-1.97916666666666674e+00	0	0	0
2.80190122307465650e+00	823	spin_derivative	0.00000000000000000e+00	3.42801722331340297e+00	7.39869686275478813e+01	3	0	0	-1.97916666666666674e+00	-1.97916666666666674e+00	-1.97916666666666674e+00	0	0	0
2.80190122307465650e+00	823	Psi	1.99999999999918332e+00	3.38007591548539699e+00	7.29522503612242730e+01	3	0	0	-1.93750000000000000e+00	-1.97916666666666674e+00	-1.93750000000000000e+00	1	0	1
2.80190122307465650e+00	823	Q	1.48457227638084203e-11	3.60843918243516013e-02	7.78810196079451234e-01	3	3	63	2.08333333333333287e-02	2.08333333333333287e-02	2.08333333333333287e-02	0	0	0
2.80190122307465650e+00	823	Delta	1.06646322522385855e-11	3.60843918243516013e-02	7.78810196079451234e-01	3	3	63	2.08333333333333287e-02	2.08333333333333287e-02	2.08333333333333287e-02	0	0	0
2.80190122307465650e+00	823	Pi	1.42239171398920886e-11	3.60843918243516013e-02	7.78810196079451234e-01	3	3	63	2.08333333333333287e-02	2.08333333333333287e-02	2.08333333333333287e-02	0	0	0
2.80190122307465650e+00	823	Phi	1.33953549791016008e-12	2.85492690605011612e+00	6.16179481232906952e+01	3	8	156	-5.62500000000000000e-01	-1.97916666666666674e+00	1.97916666666666652e+00	2	0	15
2.80190122307465650e+00	823	GH_constraint	5.39336395942190889e-12	3.60843918243516498e-02	7.78810196079452233e-01	3	3	58	-2.08333333333333703e-02	2.08333333333333287e-02	-2.08333333333333703e-02	15	0	15
2.80190122307465650e+00	823	reduction_constraint	1.41594617532224684e-11	3.42801722331340297e+00	7.39869686275478813e+01	3	8	148	-1.97916666666666674e+00	-1.97916666666666674e+00	1.97916666666666652e+00	0	0	15
2.80190122307465650e+00	823	curl_constraint	2.00964221244906980e-12	3.33248687169207036e+00	7.19251350170520567e+01	3	0	0	-1.97916666666666674e+00	-1.89583333333333326e+00	-1.89583333333333326e+00	0	2	2
2.80190122307465650e+00	823	source_curvature	6.09233491679853908e-10	3.60843918243516013e-02	7.78810196079451234e-01	3	3	63	2.08333333333333287e-02	2.08333333333333287e-02	2.08333333333333287e-02	0	0	0
2.80190122307465650e+00	823	source_QQ	2.53317044263107112e-22	3.60843918243516013e-02	7.78810196079451234e-01	3	3	63	2.08333333333333287e-02	2.08333333333333287e-02	2.08333333333333287e-02	0	0	0
2.80190122307465650e+00	823	source_DeltaDelta	1.35322206688340468e-22	3.60843918243516013e-02	7.78810196079451234e-01	3	3	63	2.08333333333333287e-02	2.08333333333333287e-02	2.08333333333333287e-02	0	0	0
2.80190122307465650e+00	823	source_damping	0.00000000000000000e+00	3.42801722331340297e+00	7.39869686275478813e+01	3	0	0	-1.97916666666666674e+00	-1.97916666666666674e+00	-1.97916666666666674e+00	0	0	0
2.80190122307465650e+00	823	source_frame_correction	2.81372323656206849e-11	3.60843918243516013e-02	7.78810196079451234e-01	3	3	63	2.08333333333333287e-02	2.08333333333333287e-02	2.08333333333333287e-02	0	0	0
2.80190122307465650e+00	823	Psi_RHS_Linf	5.29663439391698803e-13	1.91247276669063559e+00	4.12769403922109319e+01	3	7	132	1.10416666666666674e+00	1.10416666666666674e+00	-1.10416666666666674e+00	10	10	5
2.80190122307465650e+00	823	Pi_RHS_Linf	1.73406049276268690e-12	1.47946006479841596e+00	3.19312180392575051e+01	3	0	7	-8.54166666666666741e-01	-8.54166666666666741e-01	-8.54166666666666741e-01	11	11	11
2.80190122307465650e+00	823	Phi_RHS_Linf	7.23918632823450124e-13	2.88757816152028868e+00	6.23226608644322653e+01	3	5	102	-1.85416666666666674e+00	1.81250000000000000e+00	-1.27083333333333348e+00	3	11	1
2.80190122307465650e+00	823	Hhat_RHS_Linf	0.00000000000000000e+00	3.42801722331340297e+00	7.39869686275478813e+01	3	0	0	-1.97916666666666674e+00	-1.97916666666666674e+00	-1.97916666666666674e+00	0	0	0
2.80190122307465650e+00	823	theta_RHS_Linf	0.00000000000000000e+00	3.42801722331340297e+00	7.39869686275478813e+01	3	0	0	-1.97916666666666674e+00	-1.97916666666666674e+00	-1.97916666666666674e+00	0	0	0
2.80190122307465650e+00	823	Upsilon_RHS_Linf	0.00000000000000000e+00	3.42801722331340297e+00	7.39869686275478813e+01	3	0	0	-1.97916666666666674e+00	-1.97916666666666674e+00	-1.97916666666666674e+00	0	0	0
2.80190122307465650e+00	823	chi_beta	3.88264775877778234e+01	3.60843918243516776e-02	7.78810196079452899e-01	3	3	56	-2.08333333333333703e-02	-2.08333333333333703e-02	-2.08333333333333703e-02	15	15	15
2.80190122307465650e+00	823	chi_beta_near_r_lt_1	3.88264775877778234e+01	3.60843918243516776e-02	7.78810196079452899e-01	3	3	56	-2.08333333333333703e-02	-2.08333333333333703e-02	-2.08333333333333703e-02	15	15	15
2.80190122307465650e+00	823	chi_beta_inner_r_lt_0p5	3.88264775877778234e+01	3.60843918243516776e-02	7.78810196079452899e-01	3	3	56	-2.08333333333333703e-02	-2.08333333333333703e-02	-2.08333333333333703e-02	15	15	15
2.80190122307465650e+00	823	chi_beta_annulus_0p5_1	1.91125488339997163e+00	5.01300392313165033e-01	1.08195770274461953e+01	3	3	63	2.29166666666666630e-01	2.70833333333333259e-01	3.54166666666666574e-01	5	6	8
2.80190122307465650e+00	823	chi_beta_annulus_1_1p5	7.77645210784225216e-01	1.00065082987690235e+00	2.15970681400697089e+01	3	3	60	-6.04166666666666741e-01	-5.20833333333333370e-01	6.04166666666666519e-01	1	3	14
2.80190122307465650e+00	823	chi_beta_annulus_1p5_2	4.38254956725788736e-01	1.50043396500256998e+00	3.23838981733736802e+01	3	4	86	1.10416666666666674e+00	-8.95833333333333481e-01	4.79166666666666574e-01	10	10	11
2.80190122307465650e+00	823	chi_beta_outer_r_ge_2	2.84571871002439636e-01	2.00032549434669127e+00	4.31730676813995373e+01	3	8	158	-5.20833333333333370e-01	-7.70833333333333370e-01	1.77083333333333348e+00	3	13	10
2.80190122307465650e+00	823	chi_beta_first_ge_1	1.00000000000000000e+00	3.60843918243516776e-02	7.78810196079452899e-01	3	3	56	-2.08333333333333703e-02	-2.08333333333333703e-02	-2.08333333333333703e-02	15	15	15
2.85296868157540962e+00	838	reference_Ricci	0.00000000000000000e+00	3.42801722331340297e+00	7.65492213602654203e+01	3	0	0	-1.97916666666666674e+00	-1.97916666666666674e+00	-1.97916666666666674e+00	0	0	0
2.85296868157540962e+00	838	reference_Riemann	0.00000000000000000e+00	3.42801722331340297e+00	7.65492213602654203e+01	3	0	0	-1.97916666666666674e+00	-1.97916666666666674e+00	-1.97916666666666674e+00	0	0	0
2.85296868157540962e+00	838	spin_connection	0.00000000000000000e+00	3.42801722331340297e+00	7.65492213602654203e+01	3	0	0	-1.97916666666666674e+00	-1.97916666666666674e+00	-1.97916666666666674e+00	0	0	0
2.85296868157540962e+00	838	spin_derivative	0.00000000000000000e+00	3.42801722331340297e+00	7.65492213602654203e+01	3	0	0	-1.97916666666666674e+00	-1.97916666666666674e+00	-1.97916666666666674e+00	0	0	0
2.85296868157540962e+00	838	Psi	1.99999999999917510e+00	3.38007591548539699e+00	7.54786696254991938e+01	3	0	0	-1.93750000000000000e+00	-1.97916666666666674e+00	-1.93750000000000000e+00	1	0	1
2.85296868157540962e+00	838	Q	1.49440646848435142e-11	3.60843918243516013e-02	8.05781277476477875e-01	3	3	63	2.08333333333333287e-02	2.08333333333333287e-02	2.08333333333333287e-02	0	0	0
2.85296868157540962e+00	838	Delta	1.07212373339151561e-11	3.60843918243516013e-02	8.05781277476477875e-01	3	3	63	2.08333333333333287e-02	2.08333333333333287e-02	2.08333333333333287e-02	0	0	0
2.85296868157540962e+00	838	Pi	1.43213083751741009e-11	3.60843918243516013e-02	8.05781277476477875e-01	3	3	63	2.08333333333333287e-02	2.08333333333333287e-02	2.08333333333333287e-02	0	0	0
2.85296868157540962e+00	838	Phi	1.36062588443736527e-12	2.85492690605011612e+00	6.37518476314341385e+01	3	7	139	1.97916666666666652e+00	1.97916666666666652e+00	-5.62500000000000000e-01	15	15	2
2.85296868157540962e+00	838	GH_constraint	5.37969192293910452e-12	3.60843918243516498e-02	8.05781277476478985e-01	3	3	58	-2.08333333333333703e-02	2.08333333333333287e-02	-2.08333333333333703e-02	15	0	15
2.85296868157540962e+00	838	reduction_constraint	1.41831368532948166e-11	3.42801722331340297e+00	7.65492213602654203e+01	3	11	215	1.97916666666666652e+00	1.97916666666666652e+00	1.97916666666666652e+00	15	15	15
2.85296868157540962e+00	838	curl_constraint	2.03804001289634278e-12	3.33248687169207036e+00	7.44159841107112499e+01	3	0	0	-1.97916666666666674e+00	-1.89583333333333326e+00	-1.89583333333333326e+00	0	2	2
2.85296868157540962e+00	838	source_curvature	6.09232842035818470e-10	3.60843918243516013e-02	8.05781277476477875e-01	3	3	63	2.08333333333333287e-02	2.08333333333333287e-02	2.08333333333333287e-02	0	0	0
2.85296868157540962e+00	838	source_QQ	2.57128286744913296e-22	3.60843918243516013e-02	8.05781277476477875e-01	3	3	63	2.08333333333333287e-02	2.08333333333333287e-02	2.08333333333333287e-02	0	0	0
2.85296868157540962e+00	838	source_DeltaDelta	1.36919011280659639e-22	3.60843918243516013e-02	8.05781277476477875e-01	3	3	63	2.08333333333333287e-02	2.08333333333333287e-02	2.08333333333333287e-02	0	0	0
2.85296868157540962e+00	838	source_damping	0.00000000000000000e+00	3.42801722331340297e+00	7.65492213602654203e+01	3	0	0	-1.97916666666666674e+00	-1.97916666666666674e+00	-1.97916666666666674e+00	0	0	0
2.85296868157540962e+00	838	source_frame_correction	2.83631738770124662e-11	3.60843918243516013e-02	8.05781277476477875e-01	3	3	63	2.08333333333333287e-02	2.08333333333333287e-02	2.08333333333333287e-02	0	0	0
2.85296868157540962e+00	838	Psi_RHS_Linf	5.39332426666366927e-13	1.86932010070209476e+00	4.17427885743023239e+01	3	9	178	1.02083333333333348e+00	-1.02083333333333348e+00	1.18750000000000000e+00	8	7	12
2.85296868157540962e+00	838	Pi_RHS_Linf	1.56263928235900634e-12	1.43296385741813714e+00	3.19987504078920679e+01	3	8	147	-8.54166666666666741e-01	-7.70833333333333370e-01	8.54166666666666630e-01	11	13	4
2.85296868157540962e+00	838	Phi_RHS_Linf	7.28133730100490954e-13	1.45580137343282146e+00	3.25087227781699895e+01	3	8	147	-8.12500000000000111e-01	-8.54166666666666741e-01	8.54166666666666630e-01	12	11	4
2.85296868157540962e+00	838	Hhat_RHS_Linf	0.00000000000000000e+00	3.42801722331340297e+00	7.65492213602654203e+01	3	0	0	-1.97916666666666674e+00	-1.97916666666666674e+00	-1.97916666666666674e+00	0	0	0
2.85296868157540962e+00	838	theta_RHS_Linf	0.00000000000000000e+00	3.42801722331340297e+00	7.65492213602654203e+01	3	0	0	-1.97916666666666674e+00	-1.97916666666666674e+00	-1.97916666666666674e+00	0	0	0
2.85296868157540962e+00	838	Upsilon_RHS_Linf	0.00000000000000000e+00	3.42801722331340297e+00	7.65492213602654203e+01	3	0	0	-1.97916666666666674e+00	-1.97916666666666674e+00	-1.97916666666666674e+00	0	0	0
2.85296868157540962e+00	838	chi_beta	3.88264775877812269e+01	3.60843918243516290e-02	8.05781277476478430e-01	3	3	59	2.08333333333333287e-02	2.08333333333333287e-02	-2.08333333333333703e-02	0	0	15
2.85296868157540962e+00	838	chi_beta_near_r_lt_1	3.88264775877812269e+01	3.60843918243516290e-02	8.05781277476478430e-01	3	3	59	2.08333333333333287e-02	2.08333333333333287e-02	-2.08333333333333703e-02	0	0	15
2.85296868157540962e+00	838	chi_beta_inner_r_lt_0p5	3.88264775877812269e+01	3.60843918243516290e-02	8.05781277476478430e-01	3	3	59	2.08333333333333287e-02	2.08333333333333287e-02	-2.08333333333333703e-02	0	0	15
2.85296868157540962e+00	838	chi_beta_annulus_0p5_1	1.91125488339997207e+00	5.01300392313165033e-01	1.11942712650892791e+01	3	3	63	2.70833333333333259e-01	2.29166666666666630e-01	3.54166666666666574e-01	6	5	8
2.85296868157540962e+00	838	chi_beta_annulus_1_1p5	7.77645210784225549e-01	1.00065082987690235e+00	2.23449991323387529e+01	3	3	56	-5.20833333333333370e-01	-6.04166666666666741e-01	-6.04166666666666741e-01	3	1	1
2.85296868157540962e+00	838	chi_beta_annulus_1p5_2	4.38254956725782796e-01	1.50043396500256998e+00	3.35053893376958030e+01	3	2	39	-1.10416666666666674e+00	-8.95833333333333481e-01	4.79166666666666574e-01	5	10	11
2.85296868157540962e+00	838	chi_beta_outer_r_ge_2	2.84571871002435861e-01	2.00032549434669127e+00	4.46682000364407372e+01	3	8	158	-5.20833333333333370e-01	-7.70833333333333370e-01	1.77083333333333348e+00	3	13	10
2.85296868157540962e+00	838	chi_beta_first_ge_1	1.00000000000000000e+00	3.60843918243516776e-02	8.05781277476479540e-01	3	3	56	-2.08333333333333703e-02	-2.08333333333333703e-02	-2.08333333333333703e-02	15	15	15
2.90063164284277919e+00	852	reference_Ricci	0.00000000000000000e+00	3.42801722331340297e+00	7.90206537297314213e+01	3	0	0	-1.97916666666666674e+00	-1.97916666666666674e+00	-1.97916666666666674e+00	0	0	0
2.90063164284277919e+00	852	reference_Riemann	0.00000000000000000e+00	3.42801722331340297e+00	7.90206537297314213e+01	3	0	0	-1.97916666666666674e+00	-1.97916666666666674e+00	-1.97916666666666674e+00	0	0	0
2.90063164284277919e+00	852	spin_connection	0.00000000000000000e+00	3.42801722331340297e+00	7.90206537297314213e+01	3	0	0	-1.97916666666666674e+00	-1.97916666666666674e+00	-1.97916666666666674e+00	0	0	0
2.90063164284277919e+00	852	spin_derivative	0.00000000000000000e+00	3.42801722331340297e+00	7.90206537297314213e+01	3	0	0	-1.97916666666666674e+00	-1.97916666666666674e+00	-1.97916666666666674e+00	0	0	0
2.90063164284277919e+00	852	Psi	1.99999999999917044e+00	3.38007591548539699e+00	7.79155386622039430e+01	3	0	0	-1.93750000000000000e+00	-1.97916666666666674e+00	-1.93750000000000000e+00	1	0	1
2.90063164284277919e+00	852	Q	1.50309689789312727e-11	3.60843918243516013e-02	8.31796355049804204e-01	3	3	63	2.08333333333333287e-02	2.08333333333333287e-02	2.08333333333333287e-02	0	0	0
2.90063164284277919e+00	852	Delta	1.07711013528386153e-11	3.60843918243516013e-02	8.31796355049804204e-01	3	3	63	2.08333333333333287e-02	2.08333333333333287e-02	2.08333333333333287e-02	0	0	0
2.90063164284277919e+00	852	Pi	1.44072326365778690e-11	3.60843918243516013e-02	8.31796355049804204e-01	3	3	63	2.08333333333333287e-02	2.08333333333333287e-02	2.08333333333333287e-02	0	0	0
2.90063164284277919e+00	852	Phi	1.37815457758632393e-12	2.85492690605011612e+00	6.58101099762341022e+01	3	7	139	1.97916666666666652e+00	1.97916666666666652e+00	-5.62500000000000000e-01	15	15	2
2.90063164284277919e+00	852	GH_constraint	5.36806181226047334e-12	3.60843918243516498e-02	8.31796355049805314e-01	3	3	58	-2.08333333333333703e-02	2.08333333333333287e-02	-2.08333333333333703e-02	15	0	15
2.90063164284277919e+00	852	reduction_constraint	1.41856206654829828e-11	3.42801722331340297e+00	7.90206537297314213e+01	3	5	98	-1.97916666666666674e+00	1.97916666666666652e+00	-1.97916666666666674e+00	0	15	0
2.90063164284277919e+00	852	curl_constraint	2.06502704207287096e-12	3.33248687169207036e+00	7.68185437797550463e+01	3	0	0	-1.97916666666666674e+00	-1.89583333333333326e+00	-1.89583333333333326e+00	0	2	2
2.90063164284277919e+00	852	source_curvature	6.09232644400406108e-10	3.60843918243516013e-02	8.31796355049804204e-01	3	3	63	2.08333333333333287e-02	2.08333333333333287e-02	2.08333333333333287e-02	0	0	0
2.90063164284277919e+00	852	source_QQ	2.60522143126884177e-22	3.60843918243516013e-02	8.31796355049804204e-01	3	3	63	2.08333333333333287e-02	2.08333333333333287e-02	2.08333333333333287e-02	0	0	0
2.90063164284277919e+00	852	source_DeltaDelta	1.38330329027098158e-22	3.60843918243516013e-02	8.31796355049804204e-01	3	3	63	2.08333333333333287e-02	2.08333333333333287e-02	2.08333333333333287e-02	0	0	0
2.90063164284277919e+00	852	source_damping	0.00000000000000000e+00	3.42801722331340297e+00	7.90206537297314213e+01	3	0	0	-1.97916666666666674e+00	-1.97916666666666674e+00	-1.97916666666666674e+00	0	0	0
2.90063164284277919e+00	852	source_frame_correction	2.85619497627740619e-11	3.60843918243516013e-02	8.31796355049804204e-01	3	3	63	2.08333333333333287e-02	2.08333333333333287e-02	2.08333333333333287e-02	0	0	0
2.90063164284277919e+00	852	Psi_RHS_Linf	5.51976910839150346e-13	1.76813519939322905e+00	4.07580213974404160e+01	3	9	178	1.02083333333333348e+00	-1.02083333333333348e+00	1.02083333333333348e+00	8	7	8
2.90063164284277919e+00	852	Pi_RHS_Linf	1.55697156195294369e-12	2.92283573777248051e+00	6.73755047590341576e+01	3	11	215	1.68750000000000000e+00	1.68750000000000000e+00	1.68750000000000000e+00	8	8	8
2.90063164284277919e+00	852	Phi_RHS_Linf	7.27181647266894161e-13	1.40852439532378093e+00	3.24684828757011488e+01	3	8	147	-8.12500000000000111e-01	-7.70833333333333370e-01	8.54166666666666630e-01	12	13	4
2.90063164284277919e+00	852	Hhat_RHS_Linf	0.00000000000000000e+00	3.42801722331340297e+00	7.90206537297314213e+01	3	0	0	-1.97916666666666674e+00	-1.97916666666666674e+00	-1.97916666666666674e+00	0	0	0
2.90063164284277919e+00	852	theta_RHS_Linf	0.00000000000000000e+00	3.42801722331340297e+00	7.90206537297314213e+01	3	0	0	-1.97916666666666674e+00	-1.97916666666666674e+00	-1.97916666666666674e+00	0	0	0
2.90063164284277919e+00	852	Upsilon_RHS_Linf	0.00000000000000000e+00	3.42801722331340297e+00	7.90206537297314213e+01	3	0	0	-1.97916666666666674e+00	-1.97916666666666674e+00	-1.97916666666666674e+00	0	0	0
2.90063164284277919e+00	852	chi_beta	3.88264775877814259e+01	3.60843918243516776e-02	8.31796355049805980e-01	3	3	56	-2.08333333333333703e-02	-2.08333333333333703e-02	-2.08333333333333703e-02	15	15	15
2.90063164284277919e+00	852	chi_beta_near_r_lt_1	3.88264775877814259e+01	3.60843918243516776e-02	8.31796355049805980e-01	3	3	56	-2.08333333333333703e-02	-2.08333333333333703e-02	-2.08333333333333703e-02	15	15	15
2.90063164284277919e+00	852	chi_beta_inner_r_lt_0p5	3.88264775877814259e+01	3.60843918243516776e-02	8.31796355049805980e-01	3	3	56	-2.08333333333333703e-02	-2.08333333333333703e-02	-2.08333333333333703e-02	15	15	15
2.90063164284277919e+00	852	chi_beta_annulus_0p5_1	1.91125488339997296e+00	5.01300392313165033e-01	1.15556842731579064e+01	3	3	63	2.70833333333333259e-01	2.29166666666666630e-01	3.54166666666666574e-01	6	5	8
2.90063164284277919e+00	852	chi_beta_annulus_1_1p5	7.77645210784226104e-01	1.00065082987690235e+00	2.30664193266925110e+01	3	3	58	-6.04166666666666741e-01	6.04166666666666519e-01	-5.20833333333333370e-01	1	14	3
2.90063164284277919e+00	852	chi_beta_annulus_1p5_2	4.38254956725777689e-01	1.50043396500256998e+00	3.45871286720651128e+01	3	2	39	-1.10416666666666674e+00	-8.95833333333333481e-01	4.79166666666666574e-01	5	10	11
2.90063164284277919e+00	852	chi_beta_outer_r_ge_2	2.84571871002432475e-01	2.00032549434669127e+00	4.61103366577433889e+01	3	7	142	7.70833333333333259e-01	1.77083333333333348e+00	5.20833333333333259e-01	2	10	12
2.90063164284277919e+00	852	chi_beta_first_ge_1	1.00000000000000000e+00	3.60843918243516776e-02	8.31796355049805980e-01	3	3	56	-2.08333333333333703e-02	-2.08333333333333703e-02	-2.08333333333333703e-02	15	15	15
2.95169910134353231e+00	867	reference_Ricci	0.00000000000000000e+00	3.42801722331340297e+00	8.17572286930790000e+01	3	0	0	-1.97916666666666674e+00	-1.97916666666666674e+00	-1.97916666666666674e+00	0	0	0
2.95169910134353231e+00	867	reference_Riemann	0.00000000000000000e+00	3.42801722331340297e+00	8.17572286930790000e+01	3	0	0	-1.97916666666666674e+00	-1.97916666666666674e+00	-1.97916666666666674e+00	0	0	0
2.95169910134353231e+00	867	spin_connection	0.00000000000000000e+00	3.42801722331340297e+00	8.17572286930790000e+01	3	0	0	-1.97916666666666674e+00	-1.97916666666666674e+00	-1.97916666666666674e+00	0	0	0
2.95169910134353231e+00	867	spin_derivative	0.00000000000000000e+00	3.42801722331340297e+00	8.17572286930790000e+01	3	0	0	-1.97916666666666674e+00	-1.97916666666666674e+00	-1.97916666666666674e+00	0	0	0
2.95169910134353231e+00	867	Psi	1.99999999999916933e+00	3.38007591548539699e+00	8.06138422359505569e+01	3	0	0	-1.93750000000000000e+00	-1.97916666666666674e+00	-1.93750000000000000e+00	1	0	1
2.95169910134353231e+00	867	Q	1.51191831089817779e-11	3.60843918243516013e-02	8.60602407295568250e-01	3	3	63	2.08333333333333287e-02	2.08333333333333287e-02	2.08333333333333287e-02	0	0	0
2.95169910134353231e+00	867	Delta	1.08214458039974752e-11	3.60843918243516013e-02	8.60602407295568250e-01	3	3	63	2.08333333333333287e-02	2.08333333333333287e-02	2.08333333333333287e-02	0	0	0
2.95169910134353231e+00	867	Pi	1.44942203392423301e-11	3.60843918243516013e-02	8.60602407295568250e-01	3	3	63	2.08333333333333287e-02	2.08333333333333287e-02	2.08333333333333287e-02	0	0	0
2.95169910134353231e+00	867	Phi	1.38848674679106511e-12	2.80276091559733276e+00	6.68450448819595096e+01	3	8	157	1.45833333333333315e-01	-1.97916666666666674e+00	1.97916666666666652e+00	3	0	15
2.95169910134353231e+00	867	GH_constraint	5.35569895221229949e-12	3.60843918243516498e-02	8.60602407295569360e-01	3	3	58	-2.08333333333333703e-02	2.08333333333333287e-02	-2.08333333333333703e-02	15	0	15
2.95169910134353231e+00	867	reduction_constraint	1.41974373235919381e-11	3.42801722331340297e+00	8.17572286930790000e+01	3	11	215	1.97916666666666652e+00	1.97916666666666652e+00	1.97916666666666652e+00	15	15	15
2.95169910134353231e+00	867	curl_constraint	2.09460718582189095e-12	3.33248687169207036e+00	7.94788571751301021e+01	3	0	0	-1.97916666666666674e+00	-1.89583333333333326e+00	-1.89583333333333326e+00	0	2	2
2.95169910134353231e+00	867	source_curvature	6.09233088356763410e-10	3.60843918243516013e-02	8.60602407295568250e-01	3	3	63	2.08333333333333287e-02	2.08333333333333287e-02	2.08333333333333287e-02	0	0	0
2.95169910134353231e+00	867	source_QQ	2.63984597003009621e-22	3.60843918243516013e-02	8.60602407295568250e-01	3	3	63	2.08333333333333287e-02	2.08333333333333287e-02	2.08333333333333287e-02	0	0	0
2.95169910134353231e+00	867	source_DeltaDelta	1.39761011757233887e-22	3.60843918243516013e-02	8.60602407295568250e-01	3	3	63	2.08333333333333287e-02	2.08333333333333287e-02	2.08333333333333287e-02	0	0	0
2.95169910134353231e+00	867	source_damping	0.00000000000000000e+00	3.42801722331340297e+00	8.17572286930790000e+01	3	0	0	-1.97916666666666674e+00	-1.97916666666666674e+00	-1.97916666666666674e+00	0	0	0
2.95169910134353231e+00	867	source_frame_correction	2.87629604053722722e-11	3.60843918243516013e-02	8.60602407295568250e-01	3	3	63	2.08333333333333287e-02	2.08333333333333287e-02	2.08333333333333287e-02	0	0	0
2.95169910134353231e+00	867	Psi_RHS_Linf	5.62391335406043225e-13	1.76813519939322905e+00	4.21695179574828529e+01	3	9	178	1.02083333333333348e+00	-1.02083333333333348e+00	1.02083333333333348e+00	8	7	8
2.95169910134353231e+00	867	Pi_RHS_Linf	1.63705101531950000e-12	1.33512249750100964e+00	3.18422890699360330e+01	3	0	7	-7.70833333333333370e-01	-7.70833333333333370e-01	-7.70833333333333370e-01	13	13	13
2.95169910134353231e+00	867	Phi_RHS_Linf	7.49859449033451049e-13	2.83478822940189978e+00	6.76088871407840060e+01	3	5	99	-1.27083333333333348e+00	1.81250000000000000e+00	-1.77083333333333348e+00	1	11	5
2.95169910134353231e+00	867	Hhat_RHS_Linf	0.00000000000000000e+00	3.42801722331340297e+00	8.17572286930790000e+01	3	0	0	-1.97916666666666674e+00	-1.97916666666666674e+00	-1.97916666666666674e+00	0	0	0
2.95169910134353231e+00	867	theta_RHS_Linf	0.00000000000000000e+00	3.42801722331340297e+00	8.17572286930790000e+01	3	0	0	-1.97916666666666674e+00	-1.97916666666666674e+00	-1.97916666666666674e+00	0	0	0
2.95169910134353231e+00	867	Upsilon_RHS_Linf	0.00000000000000000e+00	3.42801722331340297e+00	8.17572286930790000e+01	3	0	0	-1.97916666666666674e+00	-1.97916666666666674e+00	-1.97916666666666674e+00	0	0	0
2.95169910134353231e+00	867	chi_beta	3.88264775877819872e+01	3.60843918243516290e-02	8.60602407295568805e-01	3	3	62	-2.08333333333333703e-02	2.08333333333333287e-02	2.08333333333333287e-02	15	0	0
2.95169910134353231e+00	867	chi_beta_near_r_lt_1	3.88264775877819872e+01	3.60843918243516290e-02	8.60602407295568805e-01	3	3	62	-2.08333333333333703e-02	2.08333333333333287e-02	2.08333333333333287e-02	15	0	0
2.95169910134353231e+00	867	chi_beta_inner_r_lt_0p5	3.88264775877819872e+01	3.60843918243516290e-02	8.60602407295568805e-01	3	3	62	-2.08333333333333703e-02	2.08333333333333287e-02	2.08333333333333287e-02	15	0	0
2.95169910134353231e+00	867	chi_beta_annulus_0p5_1	1.91125488339997385e+00	5.01300392313165144e-01	1.19558707405393516e+01	3	3	57	4.79166666666666574e-01	-1.04166666666666630e-01	-1.04166666666666630e-01	11	13	13
2.95169910134353231e+00	867	chi_beta_annulus_1_1p5	7.77645210784226881e-01	1.00065082987690235e+00	2.38652356189418597e+01	3	3	60	-6.04166666666666741e-01	-5.20833333333333370e-01	6.04166666666666519e-01	1	3	14
2.95169910134353231e+00	867	chi_beta_annulus_1p5_2	4.38254956725769973e-01	1.50043396500256998e+00	3.57849202102341053e+01	3	2	39	-1.10416666666666674e+00	-8.95833333333333481e-01	4.79166666666666574e-01	5	10	11
2.95169910134353231e+00	867	chi_beta_outer_r_ge_2	2.84571871002428811e-01	2.00032549434669127e+00	4.77071899725829240e+01	3	8	158	-5.20833333333333370e-01	-7.70833333333333370e-01	1.77083333333333348e+00	3	13	10
2.95169910134353231e+00	867	chi_beta_first_ge_1	1.00000000000000000e+00	3.60843918243516776e-02	8.60602407295570027e-01	3	3	56	-2.08333333333333703e-02	-2.08333333333333703e-02	-2.08333333333333703e-02	15	15	15
3.00000000000000000e+00	882	reference_Ricci	0.00000000000000000e+00	3.42801722331340297e+00	8.44327052372107119e+01	3	0	0	-1.97916666666666674e+00	-1.97916666666666674e+00	-1.97916666666666674e+00	0	0	0
3.00000000000000000e+00	882	reference_Riemann	0.00000000000000000e+00	3.42801722331340297e+00	8.44327052372107119e+01	3	0	0	-1.97916666666666674e+00	-1.97916666666666674e+00	-1.97916666666666674e+00	0	0	0
3.00000000000000000e+00	882	spin_connection	0.00000000000000000e+00	3.42801722331340297e+00	8.44327052372107119e+01	3	0	0	-1.97916666666666674e+00	-1.97916666666666674e+00	-1.97916666666666674e+00	0	0	0
3.00000000000000000e+00	882	spin_derivative	0.00000000000000000e+00	3.42801722331340297e+00	8.44327052372107119e+01	3	0	0	-1.97916666666666674e+00	-1.97916666666666674e+00	-1.97916666666666674e+00	0	0	0
3.00000000000000000e+00	882	Psi	1.99999999999916578e+00	3.38007591548539699e+00	8.32519018605532466e+01	3	0	0	-1.93750000000000000e+00	-1.97916666666666674e+00	-1.93750000000000000e+00	1	0	1
3.00000000000000000e+00	882	Q	1.51978262793259829e-11	3.60843918243516013e-02	8.88765318286428352e-01	3	3	63	2.08333333333333287e-02	2.08333333333333287e-02	2.08333333333333287e-02	0	0	0
3.00000000000000000e+00	882	Delta	1.08664526951771408e-11	3.60843918243516013e-02	8.88765318286428352e-01	3	3	63	2.08333333333333287e-02	2.08333333333333287e-02	2.08333333333333287e-02	0	0	0
3.00000000000000000e+00	882	Pi	1.45719083678505634e-11	3.60843918243516013e-02	8.88765318286428352e-01	3	3	63	2.08333333333333287e-02	2.08333333333333287e-02	2.08333333333333287e-02	0	0	0
3.00000000000000000e+00	882	Phi	1.39447929570683138e-12	2.83968344773380199e+00	6.99419343283662158e+01	3	6	118	-1.97916666666666674e+00	1.97916666666666652e+00	4.79166666666666574e-01	0	15	11
3.00000000000000000e+00	882	GH_constraint	5.34581641458458186e-12	3.60843918243516498e-02	8.88765318286429573e-01	3	3	58	-2.08333333333333703e-02	2.08333333333333287e-02	-2.08333333333333703e-02	15	0	15
3.00000000000000000e+00	882	reduction_constraint	1.42452141450085959e-11	3.42801722331340297e+00	8.44327052372107119e+01	3	11	215	1.97916666666666652e+00	1.97916666666666652e+00	1.97916666666666652e+00	15	15	15
3.00000000000000000e+00	882	curl_constraint	2.12207699035921366e-12	3.33248687169207036e+00	8.20797748129420484e+01	3	3	65	1.97916666666666652e+00	-1.89583333333333326e+00	-1.89583333333333326e+00	15	2	2
3.00000000000000000e+00	882	source_curvature	6.09233119664602163e-10	3.60843918243516013e-02	8.88765318286428352e-01	3	3	63	2.08333333333333287e-02	2.08333333333333287e-02	2.08333333333333287e-02	0	0	0
3.00000000000000000e+00	882	source_QQ	2.67102042009981087e-22	3.60843918243516013e-02	8.88765318286428352e-01	3	3	63	2.08333333333333287e-02	2.08333333333333287e-02	2.08333333333333287e-02	0	0	0
3.00000000000000000e+00	882	source_DeltaDelta	1.41049541143122639e-22	3.60843918243516013e-02	8.88765318286428352e-01	3	3	63	2.08333333333333287e-02	2.08333333333333287e-02	2.08333333333333287e-02	0	0	0
3.00000000000000000e+00	882	source_damping	0.00000000000000000e+00	3.42801722331340297e+00	8.44327052372107119e+01	3	0	0	-1.97916666666666674e+00	-1.97916666666666674e+00	-1.97916666666666674e+00	0	0	0
3.00000000000000000e+00	882	source_frame_correction	2.89418659610142736e-11	3.60843918243516013e-02	8.88765318286428352e-01	3	3	63	2.08333333333333287e-02	2.08333333333333287e-02	2.08333333333333287e-02	0	0	0
3.00000000000000000e+00	882	Psi_RHS_Linf	5.66123115326148587e-13	1.76813519939322905e+00	4.35495005960350028e+01	3	0	7	-1.02083333333333348e+00	-1.02083333333333348e+00	-1.02083333333333348e+00	7	7	7
3.00000000000000000e+00	882	Pi_RHS_Linf	1.75486647410256009e-12	1.33512249750100964e+00	3.28843167765978563e+01	3	0	7	-7.70833333333333370e-01	-7.70833333333333370e-01	-7.70833333333333370e-01	13	13	13
3.00000000000000000e+00	882	Phi_RHS_Linf	7.89065256244796878e-13	2.68313599170821027e+00	6.60861412126396317e+01	3	0	0	-1.60416666666666674e+00	-1.52083333333333348e+00	-1.52083333333333348e+00	9	11	11
3.00000000000000000e+00	882	Hhat_RHS_Linf	0.00000000000000000e+00	3.42801722331340297e+00	8.44327052372107119e+01	3	0	0	-1.97916666666666674e+00	-1.97916666666666674e+00	-1.97916666666666674e+00	0	0	0
3.00000000000000000e+00	882	theta_RHS_Linf	0.00000000000000000e+00	3.42801722331340297e+00	8.44327052372107119e+01	3	0	0	-1.97916666666666674e+00	-1.97916666666666674e+00	-1.97916666666666674e+00	0	0	0
3.00000000000000000e+00	882	Upsilon_RHS_Linf	0.00000000000000000e+00	3.42801722331340297e+00	8.44327052372107119e+01	3	0	0	-1.97916666666666674e+00	-1.97916666666666674e+00	-1.97916666666666674e+00	0	0	0
3.00000000000000000e+00	882	chi_beta	3.88264775877819446e+01	3.60843918243516776e-02	8.88765318286430239e-01	3	3	56	-2.08333333333333703e-02	-2.08333333333333703e-02	-2.08333333333333703e-02	15	15	15
3.00000000000000000e+00	882	chi_beta_near_r_lt_1	3.88264775877819446e+01	3.60843918243516776e-02	8.88765318286430239e-01	3	3	56	-2.08333333333333703e-02	-2.08333333333333703e-02	-2.08333333333333703e-02	15	15	15
3.00000000000000000e+00	882	chi_beta_inner_r_lt_0p5	3.88264775877819446e+01	3.60843918243516776e-02	8.88765318286430239e-01	3	3	56	-2.08333333333333703e-02	-2.08333333333333703e-02	-2.08333333333333703e-02	15	15	15
3.00000000000000000e+00	882	chi_beta_annulus_0p5_1	1.91125488339997740e+00	5.01300392313165144e-01	1.23471224040597356e+01	3	3	57	4.79166666666666574e-01	-1.04166666666666630e-01	-1.04166666666666630e-01	11	13	13
3.00000000000000000e+00	882	chi_beta_annulus_1_1p5	7.77645210784227325e-01	1.00065082987690213e+00	2.46462170580064672e+01	3	3	62	-6.04166666666666741e-01	6.04166666666666519e-01	5.20833333333333259e-01	1	14	12
3.00000000000000000e+00	882	chi_beta_annulus_1p5_2	4.38254956725763700e-01	1.50043396500256998e+00	3.69559691338164598e+01	3	2	39	-1.10416666666666674e+00	-8.95833333333333481e-01	4.79166666666666574e-01	5	10	11
3.00000000000000000e+00	882	chi_beta_outer_r_ge_2	2.84571871002425980e-01	2.00032549434669127e+00	4.92683909794962887e+01	3	5	104	-5.20833333333333370e-01	7.70833333333333259e-01	-1.77083333333333348e+00	3	2	5
3.00000000000000000e+00	882	chi_beta_first_ge_1	1.00000000000000000e+00	3.60843918243516776e-02	8.88765318286430239e-01	3	3	56	-2.08333333333333703e-02	-2.08333333333333703e-02	-2.08333333333333703e-02	15	15	15
