axis_tau,coordinate_time,resolution,record,variable,term,abs_max,value,rho,z,rhs_difference,geometric_difference,trace_difference,nonlinear_difference,lie_difference,hessian_difference,ricci_tensor_difference,trace_lapse_difference,trace_ricci_difference
0.0,0.0,128,Z4C_RHS_STAGE_DIAGNOSTIC,z4c_chi,,,,,,,,,,,,,,
0.0,0.0,128,Z4C_RHS_STAGE_DIAGNOSTIC,z4c_gxx,,,,,,,,,,,,,,
0.0,0.0,128,Z4C_RHS_STAGE_DIAGNOSTIC,z4c_gxy,,,,,,,,,,,,,,
0.0,0.0,128,Z4C_RHS_STAGE_DIAGNOSTIC,z4c_gxz,,,,,,,,,,,,,,
0.0,0.0,128,Z4C_RHS_STAGE_DIAGNOSTIC,z4c_gyy,,,,,,,,,,,,,,
0.0,0.0,128,Z4C_RHS_STAGE_DIAGNOSTIC,z4c_gyz,,,,,,,,,,,,,,
0.0,0.0,128,Z4C_RHS_STAGE_DIAGNOSTIC,z4c_gzz,,,,,,,,,,,,,,
0.0,0.0,128,Z4C_RHS_STAGE_DIAGNOSTIC,z4c_Khat,,,,,,,,,,,,,,
0.0,0.0,128,Z4C_RHS_STAGE_DIAGNOSTIC,z4c_Axx,,,,,,,,,,,,,,
0.0,0.0,128,Z4C_RHS_STAGE_DIAGNOSTIC,z4c_Axy,,,,,,,,,,,,,,
0.0,0.0,128,Z4C_RHS_STAGE_DIAGNOSTIC,z4c_Axz,,,,,,,,,,,,,,
0.0,0.0,128,Z4C_RHS_STAGE_DIAGNOSTIC,z4c_Ayy,,,,,,,,,,,,,,
0.0,0.0,128,Z4C_RHS_STAGE_DIAGNOSTIC,z4c_Ayz,,,,,,,,,,,,,,
0.0,0.0,128,Z4C_RHS_STAGE_DIAGNOSTIC,z4c_Azz,,,,,,,,,,,,,,
0.0,0.0,128,Z4C_RHS_STAGE_DIAGNOSTIC,z4c_Gamx,,,,,,,,,,,,,,
0.0,0.0,128,Z4C_RHS_STAGE_DIAGNOSTIC,z4c_Gamy,,,,,,,,,,,,,,
0.0,0.0,128,Z4C_RHS_STAGE_DIAGNOSTIC,z4c_Gamz,,,,,,,,,,,,,,
0.0,0.0,128,Z4C_RHS_STAGE_DIAGNOSTIC,z4c_Theta,,,,,,,,,,,,,,
0.0,0.0,128,Z4C_RHS_STAGE_DIAGNOSTIC,z4c_alpha,,,,,,,,,,,,,,
0.0,0.0,128,Z4C_RHS_STAGE_DIAGNOSTIC,z4c_betax,,,,,,,,,,,,,,
0.0,0.0,128,Z4C_RHS_STAGE_DIAGNOSTIC,z4c_betay,,,,,,,,,,,,,,
0.0,0.0,128,Z4C_RHS_STAGE_DIAGNOSTIC,z4c_betaz,,,,,,,,,,,,,,
0.0,0.0,128,Z4C_RHS_STAGE_DIAGNOSTIC,z4c_Bx,,,,,,,,,,,,,,
0.0,0.0,128,Z4C_RHS_STAGE_DIAGNOSTIC,z4c_By,,,,,,,,,,,,,,
0.0,0.0,128,Z4C_RHS_STAGE_DIAGNOSTIC,z4c_Bz,,,,,,,,,,,,,,
0.0,0.0,128,Z4C_AXIS_RHS_PHASE_DIAGNOSTIC,z4c_chi,,,,0,0,,,,,,,,,
0.0,0.0,128,Z4C_AXIS_RHS_PHASE_DIAGNOSTIC,z4c_gxx,,,,0,0,,,,,,,,,
0.0,0.0,128,Z4C_AXIS_RHS_PHASE_DIAGNOSTIC,z4c_gxy,,,,0,0,,,,,,,,,
0.0,0.0,128,Z4C_AXIS_RHS_PHASE_DIAGNOSTIC,z4c_gxz,,,,0,0,,,,,,,,,
0.0,0.0,128,Z4C_AXIS_RHS_PHASE_DIAGNOSTIC,z4c_gyy,,,,0,0,,,,,,,,,
0.0,0.0,128,Z4C_AXIS_RHS_PHASE_DIAGNOSTIC,z4c_gyz,,,,0,0,,,,,,,,,
0.0,0.0,128,Z4C_AXIS_RHS_PHASE_DIAGNOSTIC,z4c_gzz,,,,0,0,,,,,,,,,
0.0,0.0,128,Z4C_AXIS_RHS_PHASE_DIAGNOSTIC,z4c_Khat,,,,0,0,,,,,,,,,
0.0,0.0,128,Z4C_AXIS_RHS_PHASE_DIAGNOSTIC,z4c_Axx,,,,0,0,,,,,,,,,
0.0,0.0,128,Z4C_AXIS_RHS_PHASE_DIAGNOSTIC,z4c_Axy,,,,0,0,,,,,,,,,
0.0,0.0,128,Z4C_AXIS_RHS_PHASE_DIAGNOSTIC,z4c_Axz,,,,0,0,,,,,,,,,
0.0,0.0,128,Z4C_AXIS_RHS_PHASE_DIAGNOSTIC,z4c_Ayy,,,,0,0,,,,,,,,,
0.0,0.0,128,Z4C_AXIS_RHS_PHASE_DIAGNOSTIC,z4c_Ayz,,,,0,0,,,,,,,,,
0.0,0.0,128,Z4C_AXIS_RHS_PHASE_DIAGNOSTIC,z4c_Azz,,,,0,0,,,,,,,,,
0.0,0.0,128,Z4C_AXIS_RHS_PHASE_DIAGNOSTIC,z4c_Gamx,,,,0,0,,,,,,,,,
0.0,0.0,128,Z4C_AXIS_RHS_PHASE_DIAGNOSTIC,z4c_Gamy,,,,0,0,,,,,,,,,
0.0,0.0,128,Z4C_AXIS_RHS_PHASE_DIAGNOSTIC,z4c_Gamz,,,,0,0,,,,,,,,,
0.0,0.0,128,Z4C_AXIS_RHS_PHASE_DIAGNOSTIC,z4c_Theta,,,,0,0,,,,,,,,,
0.0,0.0,128,Z4C_AXIS_RHS_PHASE_DIAGNOSTIC,z4c_alpha,,,,0,0,,,,,,,,,
0.0,0.0,128,Z4C_AXIS_RHS_PHASE_DIAGNOSTIC,z4c_betax,,,,0,0,,,,,,,,,
0.0,0.0,128,Z4C_AXIS_RHS_PHASE_DIAGNOSTIC,z4c_betay,,,,0,0,,,,,,,,,
0.0,0.0,128,Z4C_AXIS_RHS_PHASE_DIAGNOSTIC,z4c_betaz,,,,0,0,,,,,,,,,
0.0,0.0,128,Z4C_AXIS_RHS_PHASE_DIAGNOSTIC,z4c_Bx,,,,0,0,,,,,,,,,
0.0,0.0,128,Z4C_AXIS_RHS_PHASE_DIAGNOSTIC,z4c_By,,,,0,0,,,,,,,,,
0.0,0.0,128,Z4C_AXIS_RHS_PHASE_DIAGNOSTIC,z4c_Bz,,,,0,0,,,,,,,,,
0.0,0.0,128,Z4C_AXIS_TERM_POINT_DIAGNOSTIC,,A_geometric_xx,,-3.2693330528926947e-10,0,0,,,,,,,,,
0.0,0.0,128,Z4C_AXIS_TERM_POINT_DIAGNOSTIC,,A_geometric_xy,,1.0846877923960316e-15,0,0,,,,,,,,,
0.0,0.0,128,Z4C_AXIS_TERM_POINT_DIAGNOSTIC,,A_geometric_xz,,0,0,0,,,,,,,,,
0.0,0.0,128,Z4C_AXIS_TERM_POINT_DIAGNOSTIC,,A_geometric_yy,,7.6633379151876762e-10,0,0,,,,,,,,,
0.0,0.0,128,Z4C_AXIS_TERM_POINT_DIAGNOSTIC,,A_geometric_yz,,0,0,0,,,,,,,,,
0.0,0.0,128,Z4C_AXIS_TERM_POINT_DIAGNOSTIC,,A_geometric_zz,,-3.2693330528926947e-10,0,0,,,,,,,,,
0.0,0.0,128,Z4C_AXIS_TERM_POINT_DIAGNOSTIC,,A_trace_xx,,-3.7489060387870131e-11,0,0,,,,,,,,,
0.0,0.0,128,Z4C_AXIS_TERM_POINT_DIAGNOSTIC,,A_trace_xy,,-0,0,0,,,,,,,,,
0.0,0.0,128,Z4C_AXIS_TERM_POINT_DIAGNOSTIC,,A_trace_xz,,-0,0,0,,,,,,,,,
0.0,0.0,128,Z4C_AXIS_TERM_POINT_DIAGNOSTIC,,A_trace_yy,,-3.7489060387870131e-11,0,0,,,,,,,,,
0.0,0.0,128,Z4C_AXIS_TERM_POINT_DIAGNOSTIC,,A_trace_yz,,-0,0,0,,,,,,,,,
0.0,0.0,128,Z4C_AXIS_TERM_POINT_DIAGNOSTIC,,A_trace_zz,,-3.7489060387870131e-11,0,0,,,,,,,,,
0.0,0.0,128,Z4C_AXIS_TERM_POINT_DIAGNOSTIC,,A_nonlinear_xx,,0,0,0,,,,,,,,,
0.0,0.0,128,Z4C_AXIS_TERM_POINT_DIAGNOSTIC,,A_nonlinear_xy,,0,0,0,,,,,,,,,
0.0,0.0,128,Z4C_AXIS_TERM_POINT_DIAGNOSTIC,,A_nonlinear_xz,,0,0,0,,,,,,,,,
0.0,0.0,128,Z4C_AXIS_TERM_POINT_DIAGNOSTIC,,A_nonlinear_yy,,0,0,0,,,,,,,,,
0.0,0.0,128,Z4C_AXIS_TERM_POINT_DIAGNOSTIC,,A_nonlinear_yz,,0,0,0,,,,,,,,,
0.0,0.0,128,Z4C_AXIS_TERM_POINT_DIAGNOSTIC,,A_nonlinear_zz,,0,0,0,,,,,,,,,
0.0,0.0,128,Z4C_AXIS_TERM_POINT_DIAGNOSTIC,,A_lie_xx,,0,0,0,,,,,,,,,
0.0,0.0,128,Z4C_AXIS_TERM_POINT_DIAGNOSTIC,,A_lie_xy,,0,0,0,,,,,,,,,
0.0,0.0,128,Z4C_AXIS_TERM_POINT_DIAGNOSTIC,,A_lie_xz,,0,0,0,,,,,,,,,
0.0,0.0,128,Z4C_AXIS_TERM_POINT_DIAGNOSTIC,,A_lie_yy,,0,0,0,,,,,,,,,
0.0,0.0,128,Z4C_AXIS_TERM_POINT_DIAGNOSTIC,,A_lie_yz,,0,0,0,,,,,,,,,
0.0,0.0,128,Z4C_AXIS_TERM_POINT_DIAGNOSTIC,,A_lie_zz,,0,0,0,,,,,,,,,
0.0,0.0,128,Z4C_AXIS_TERM_POINT_DIAGNOSTIC,,Gamma_divergence_x,,0,0,0,,,,,,,,,
0.0,0.0,128,Z4C_AXIS_TERM_POINT_DIAGNOSTIC,,Gamma_divergence_y,,0,0,0,,,,,,,,,
0.0,0.0,128,Z4C_AXIS_TERM_POINT_DIAGNOSTIC,,Gamma_divergence_z,,0,0,0,,,,,,,,,
0.0,0.0,128,Z4C_AXIS_TERM_POINT_DIAGNOSTIC,,Gamma_lie_x,,0,0,0,,,,,,,,,
0.0,0.0,128,Z4C_AXIS_TERM_POINT_DIAGNOSTIC,,Gamma_lie_y,,0,0,0,,,,,,,,,
0.0,0.0,128,Z4C_AXIS_TERM_POINT_DIAGNOSTIC,,Gamma_lie_z,,0,0,0,,,,,,,,,
0.0,0.0,128,Z4C_AXIS_TERM_POINT_DIAGNOSTIC,,Gamma_damping_x,,0,0,0,,,,,,,,,
0.0,0.0,128,Z4C_AXIS_TERM_POINT_DIAGNOSTIC,,Gamma_damping_y,,-0,0,0,,,,,,,,,
0.0,0.0,128,Z4C_AXIS_TERM_POINT_DIAGNOSTIC,,Gamma_damping_z,,-0,0,0,,,,,,,,,
0.0,0.0,128,Z4C_AXIS_TERM_POINT_DIAGNOSTIC,,Gamma_lapse_gradient_x,,0,0,0,,,,,,,,,
0.0,0.0,128,Z4C_AXIS_TERM_POINT_DIAGNOSTIC,,Gamma_lapse_gradient_y,,0,0,0,,,,,,,,,
0.0,0.0,128,Z4C_AXIS_TERM_POINT_DIAGNOSTIC,,Gamma_lapse_gradient_z,,0,0,0,,,,,,,,,
0.0,0.0,128,Z4C_AXIS_TERM_POINT_DIAGNOSTIC,,A_hessian_xx,,0.0021137292888553975,0,0,,,,,,,,,
0.0,0.0,128,Z4C_AXIS_TERM_POINT_DIAGNOSTIC,,A_hessian_xy,,1.2800065212251743e-15,0,0,,,,,,,,,
0.0,0.0,128,Z4C_AXIS_TERM_POINT_DIAGNOSTIC,,A_hessian_xz,,-0,0,0,,,,,,,,,
0.0,0.0,128,Z4C_AXIS_TERM_POINT_DIAGNOSTIC,,A_hessian_yy,,-0.0042274579039451206,0,0,,,,,,,,,
0.0,0.0,128,Z4C_AXIS_TERM_POINT_DIAGNOSTIC,,A_hessian_yz,,-0,0,0,,,,,,,,,
0.0,0.0,128,Z4C_AXIS_TERM_POINT_DIAGNOSTIC,,A_hessian_zz,,0.0021137292888553975,0,0,,,,,,,,,
0.0,0.0,128,Z4C_AXIS_TERM_POINT_DIAGNOSTIC,,A_ricci_tensor_xx,,-0.002113729615788703,0,0,,,,,,,,,
0.0,0.0,128,Z4C_AXIS_TERM_POINT_DIAGNOSTIC,,A_ricci_tensor_xy,,-1.9531872882914254e-16,0,0,,,,,,,,,
0.0,0.0,128,Z4C_AXIS_TERM_POINT_DIAGNOSTIC,,A_ricci_tensor_xz,,0,0,0,,,,,,,,,
0.0,0.0,128,Z4C_AXIS_TERM_POINT_DIAGNOSTIC,,A_ricci_tensor_yy,,0.0042274586702789121,0,0,,,,,,,,,
0.0,0.0,128,Z4C_AXIS_TERM_POINT_DIAGNOSTIC,,A_ricci_tensor_yz,,0,0,0,,,,,,,,,
0.0,0.0,128,Z4C_AXIS_TERM_POINT_DIAGNOSTIC,,A_ricci_tensor_zz,,-0.002113729615788703,0,0,,,,,,,,,
0.0,0.0,128,Z4C_AXIS_TERM_POINT_DIAGNOSTIC,,A_trace_lapse_xx,,-2.2458855827335257e-10,0,0,,,,,,,,,
0.0,0.0,128,Z4C_AXIS_TERM_POINT_DIAGNOSTIC,,A_trace_lapse_xy,,-0,0,0,,,,,,,,,
0.0,0.0,128,Z4C_AXIS_TERM_POINT_DIAGNOSTIC,,A_trace_lapse_xz,,-0,0,0,,,,,,,,,
0.0,0.0,128,Z4C_AXIS_TERM_POINT_DIAGNOSTIC,,A_trace_lapse_yy,,-2.2458855827335257e-10,0,0,,,,,,,,,
0.0,0.0,128,Z4C_AXIS_TERM_POINT_DIAGNOSTIC,,A_trace_lapse_yz,,-0,0,0,,,,,,,,,
0.0,0.0,128,Z4C_AXIS_TERM_POINT_DIAGNOSTIC,,A_trace_lapse_zz,,-2.2458855827335257e-10,0,0,,,,,,,,,
0.0,0.0,128,Z4C_AXIS_TERM_POINT_DIAGNOSTIC,,A_trace_ricci_xx,,1.8709949788548244e-10,0,0,,,,,,,,,
0.0,0.0,128,Z4C_AXIS_TERM_POINT_DIAGNOSTIC,,A_trace_ricci_xy,,0,0,0,,,,,,,,,
0.0,0.0,128,Z4C_AXIS_TERM_POINT_DIAGNOSTIC,,A_trace_ricci_xz,,0,0,0,,,,,,,,,
0.0,0.0,128,Z4C_AXIS_TERM_POINT_DIAGNOSTIC,,A_trace_ricci_yy,,1.8709949788548244e-10,0,0,,,,,,,,,
0.0,0.0,128,Z4C_AXIS_TERM_POINT_DIAGNOSTIC,,A_trace_ricci_yz,,0,0,0,,,,,,,,,
0.0,0.0,128,Z4C_AXIS_TERM_POINT_DIAGNOSTIC,,A_trace_ricci_zz,,1.8709949788548244e-10,0,0,,,,,,,,,
0.0,0.0,128,Z4C_AXIS_TERM_POINT_DIAGNOSTIC,,Gamma_advective_x,,0,0,0,,,,,,,,,
0.0,0.0,128,Z4C_AXIS_TERM_POINT_DIAGNOSTIC,,Gamma_advective_y,,0,0,0,,,,,,,,,
0.0,0.0,128,Z4C_AXIS_TERM_POINT_DIAGNOSTIC,,Gamma_advective_z,,0,0,0,,,,,,,,,
0.0,0.0,128,Z4C_AXIS_TERM_POINT_DIAGNOSTIC,,Gamma_expansion_x,,0,0,0,,,,,,,,,
0.0,0.0,128,Z4C_AXIS_TERM_POINT_DIAGNOSTIC,,Gamma_expansion_y,,0,0,0,,,,,,,,,
0.0,0.0,128,Z4C_AXIS_TERM_POINT_DIAGNOSTIC,,Gamma_expansion_z,,0,0,0,,,,,,,,,
0.0,0.0,128,Z4C_AXIS_TERM_POINT_DIAGNOSTIC,,Gamma_ddiv_x,,0,0,0,,,,,,,,,
0.0,0.0,128,Z4C_AXIS_TERM_POINT_DIAGNOSTIC,,Gamma_ddiv_y,,0,0,0,,,,,,,,,
0.0,0.0,128,Z4C_AXIS_TERM_POINT_DIAGNOSTIC,,Gamma_ddiv_z,,0,0,0,,,,,,,,,
0.0,0.0,128,Z4C_AXIS_TERM_POINT_DIAGNOSTIC,,Gamma_contraction_x,,0,0,0,,,,,,,,,
0.0,0.0,128,Z4C_AXIS_TERM_POINT_DIAGNOSTIC,,Gamma_contraction_y,,0,0,0,,,,,,,,,
0.0,0.0,128,Z4C_AXIS_TERM_POINT_DIAGNOSTIC,,Gamma_contraction_z,,0,0,0,,,,,,,,,
0.0,0.0,128,Z4C_AXIS_TERM_POINT_DIAGNOSTIC,,Gamma_second_x,,0,0,0,,,,,,,,,
0.0,0.0,128,Z4C_AXIS_TERM_POINT_DIAGNOSTIC,,Gamma_second_y,,0,0,0,,,,,,,,,
0.0,0.0,128,Z4C_AXIS_TERM_POINT_DIAGNOSTIC,,Gamma_second_z,,0,0,0,,,,,,,,,
0.0,0.0,128,Z4C_RHS_TERM_DIAGNOSTIC,,A_geometric_xx,0.39409171709867241,-0.39409171709867241,5.25,0,,,,,,,,,
0.0,0.0,128,Z4C_RHS_TERM_DIAGNOSTIC,,A_geometric_xy,0.070205175790996138,-0.070205175790996138,4.625,-0.625,,,,,,,,,
0.0,0.0,128,Z4C_RHS_TERM_DIAGNOSTIC,,A_geometric_xz,0,0,16,16,,,,,,,,,
0.0,0.0,128,Z4C_RHS_TERM_DIAGNOSTIC,,A_geometric_yy,0.3958697810303175,-0.3958697810303175,5.25,0,,,,,,,,,
0.0,0.0,128,Z4C_RHS_TERM_DIAGNOSTIC,,A_geometric_yz,0,0,16,16,,,,,,,,,
0.0,0.0,128,Z4C_RHS_TERM_DIAGNOSTIC,,A_geometric_zz,4.4866720112498308,4.4866720112498308,5.25,0,,,,,,,,,
0.0,0.0,128,Z4C_RHS_TERM_DIAGNOSTIC,,A_trace_xx,0.13216909715936723,0.13216909715936723,5.25,0,,,,,,,,,
0.0,0.0,128,Z4C_RHS_TERM_DIAGNOSTIC,,A_trace_xy,0,-0,16,16,,,,,,,,,
0.0,0.0,128,Z4C_RHS_TERM_DIAGNOSTIC,,A_trace_xz,0,-0,16,16,,,,,,,,,
0.0,0.0,128,Z4C_RHS_TERM_DIAGNOSTIC,,A_trace_yy,0.13216909715936723,0.13216909715936723,5.25,0,,,,,,,,,
0.0,0.0,128,Z4C_RHS_TERM_DIAGNOSTIC,,A_trace_yz,0,-0,16,16,,,,,,,,,
0.0,0.0,128,Z4C_RHS_TERM_DIAGNOSTIC,,A_trace_zz,1.5071624065853757,1.5071624065853757,5.25,0,,,,,,,,,
0.0,0.0,128,Z4C_RHS_TERM_DIAGNOSTIC,,A_nonlinear_xx,0,0,16,16,,,,,,,,,
0.0,0.0,128,Z4C_RHS_TERM_DIAGNOSTIC,,A_nonlinear_xy,0,0,16,16,,,,,,,,,
0.0,0.0,128,Z4C_RHS_TERM_DIAGNOSTIC,,A_nonlinear_xz,0,0,16,16,,,,,,,,,
0.0,0.0,128,Z4C_RHS_TERM_DIAGNOSTIC,,A_nonlinear_yy,0,0,16,16,,,,,,,,,
0.0,0.0,128,Z4C_RHS_TERM_DIAGNOSTIC,,A_nonlinear_yz,0,0,16,16,,,,,,,,,
0.0,0.0,128,Z4C_RHS_TERM_DIAGNOSTIC,,A_nonlinear_zz,0,0,16,16,,,,,,,,,
0.0,0.0,128,Z4C_RHS_TERM_DIAGNOSTIC,,A_lie_xx,0,0,16,16,,,,,,,,,
0.0,0.0,128,Z4C_RHS_TERM_DIAGNOSTIC,,A_lie_xy,0,0,16,16,,,,,,,,,
0.0,0.0,128,Z4C_RHS_TERM_DIAGNOSTIC,,A_lie_xz,0,0,16,16,,,,,,,,,
0.0,0.0,128,Z4C_RHS_TERM_DIAGNOSTIC,,A_lie_yy,0,0,16,16,,,,,,,,,
0.0,0.0,128,Z4C_RHS_TERM_DIAGNOSTIC,,A_lie_yz,0,0,16,16,,,,,,,,,
0.0,0.0,128,Z4C_RHS_TERM_DIAGNOSTIC,,A_lie_zz,0,0,16,16,,,,,,,,,
0.0,0.0,128,Z4C_RHS_TERM_DIAGNOSTIC,,Gamma_divergence_x,0,0,16,16,,,,,,,,,
0.0,0.0,128,Z4C_RHS_TERM_DIAGNOSTIC,,Gamma_divergence_y,0,0,16,16,,,,,,,,,
0.0,0.0,128,Z4C_RHS_TERM_DIAGNOSTIC,,Gamma_divergence_z,0,0,16,16,,,,,,,,,
0.0,0.0,128,Z4C_RHS_TERM_DIAGNOSTIC,,Gamma_lie_x,0,0,16,16,,,,,,,,,
0.0,0.0,128,Z4C_RHS_TERM_DIAGNOSTIC,,Gamma_lie_y,0,0,16,16,,,,,,,,,
0.0,0.0,128,Z4C_RHS_TERM_DIAGNOSTIC,,Gamma_lie_z,0,0,16,16,,,,,,,,,
0.0,0.0,128,Z4C_RHS_TERM_DIAGNOSTIC,,Gamma_damping_x,0,-0,16,16,,,,,,,,,
0.0,0.0,128,Z4C_RHS_TERM_DIAGNOSTIC,,Gamma_damping_y,0,-0,16,16,,,,,,,,,
0.0,0.0,128,Z4C_RHS_TERM_DIAGNOSTIC,,Gamma_damping_z,0,-0,16,16,,,,,,,,,
0.0,0.0,128,Z4C_RHS_TERM_DIAGNOSTIC,,Gamma_lapse_gradient_x,0,0,16,16,,,,,,,,,
0.0,0.0,128,Z4C_RHS_TERM_DIAGNOSTIC,,Gamma_lapse_gradient_y,0,0,16,16,,,,,,,,,
0.0,0.0,128,Z4C_RHS_TERM_DIAGNOSTIC,,Gamma_lapse_gradient_z,0,0,16,16,,,,,,,,,
0.0,0.0,128,Z4C_RHS_TERM_DIAGNOSTIC,,A_hessian_xx,0.20762241666079861,-0.20762241666079861,5.25,0.375,,,,,,,,,
0.0,0.0,128,Z4C_RHS_TERM_DIAGNOSTIC,,A_hessian_xy,0.11195681087350676,-0.11195681087350676,6,-0.75,,,,,,,,,
0.0,0.0,128,Z4C_RHS_TERM_DIAGNOSTIC,,A_hessian_xz,0,-0,16,16,,,,,,,,,
0.0,0.0,128,Z4C_RHS_TERM_DIAGNOSTIC,,A_hessian_yy,0.2191198430401276,-0.2191198430401276,5.75,0,,,,,,,,,
0.0,0.0,128,Z4C_RHS_TERM_DIAGNOSTIC,,A_hessian_yz,0,-0,16,16,,,,,,,,,
0.0,0.0,128,Z4C_RHS_TERM_DIAGNOSTIC,,A_hessian_zz,0.27710401042146282,0.27710401042146282,4.625,0,,,,,,,,,
0.0,0.0,128,Z4C_RHS_TERM_DIAGNOSTIC,,A_ricci_tensor_xx,0.20569381112520821,-0.20569381112520821,5.625,0,,,,,,,,,
0.0,0.0,128,Z4C_RHS_TERM_DIAGNOSTIC,,A_ricci_tensor_xy,0.15599657487708826,-0.15599657487708826,4.625,-0.625,,,,,,,,,
0.0,0.0,128,Z4C_RHS_TERM_DIAGNOSTIC,,A_ricci_tensor_xz,0,0,16,16,,,,,,,,,
0.0,0.0,128,Z4C_RHS_TERM_DIAGNOSTIC,,A_ricci_tensor_yy,0.20913772153247917,-0.20913772153247917,5.25,0.375,,,,,,,,,
0.0,0.0,128,Z4C_RHS_TERM_DIAGNOSTIC,,A_ricci_tensor_yz,0,0,16,16,,,,,,,,,
0.0,0.0,128,Z4C_RHS_TERM_DIAGNOSTIC,,A_ricci_tensor_zz,4.4982216004814433,4.4982216004814433,5.25,0,,,,,,,,,
0.0,0.0,128,Z4C_RHS_TERM_DIAGNOSTIC,,A_trace_lapse_xx,0.13137165717783858,0.13137165717783858,5.25,0,,,,,,,,,
0.0,0.0,128,Z4C_RHS_TERM_DIAGNOSTIC,,A_trace_lapse_xy,0,0,16,16,,,,,,,,,
0.0,0.0,128,Z4C_RHS_TERM_DIAGNOSTIC,,A_trace_lapse_xz,0,0,16,16,,,,,,,,,
0.0,0.0,128,Z4C_RHS_TERM_DIAGNOSTIC,,A_trace_lapse_yy,0.13137165717783858,0.13137165717783858,5.25,0,,,,,,,,,
0.0,0.0,128,Z4C_RHS_TERM_DIAGNOSTIC,,A_trace_lapse_yz,0,0,16,16,,,,,,,,,
0.0,0.0,128,Z4C_RHS_TERM_DIAGNOSTIC,,A_trace_lapse_zz,1.4980689680471755,1.4980689680471755,5.25,0,,,,,,,,,
0.0,0.0,128,Z4C_RHS_TERM_DIAGNOSTIC,,A_trace_ricci_xx,0.00099168946974439749,-0.00099168946974439749,16,0,,,,,,,,,
0.0,0.0,128,Z4C_RHS_TERM_DIAGNOSTIC,,A_trace_ricci_xy,0,-0,16,16,,,,,,,,,
0.0,0.0,128,Z4C_RHS_TERM_DIAGNOSTIC,,A_trace_ricci_xz,0,-0,16,16,,,,,,,,,
0.0,0.0,128,Z4C_RHS_TERM_DIAGNOSTIC,,A_trace_ricci_yy,0.00099168946974439749,-0.00099168946974439749,16,0,,,,,,,,,
0.0,0.0,128,Z4C_RHS_TERM_DIAGNOSTIC,,A_trace_ricci_yz,0,-0,16,16,,,,,,,,,
0.0,0.0,128,Z4C_RHS_TERM_DIAGNOSTIC,,A_trace_ricci_zz,0.0090934385382001361,0.0090934385382001361,5.25,0,,,,,,,,,
0.0,0.0,128,Z4C_RHS_TERM_DIAGNOSTIC,,Gamma_advective_x,0,0,16,16,,,,,,,,,
0.0,0.0,128,Z4C_RHS_TERM_DIAGNOSTIC,,Gamma_advective_y,0,0,16,16,,,,,,,,,
0.0,0.0,128,Z4C_RHS_TERM_DIAGNOSTIC,,Gamma_advective_z,0,0,16,16,,,,,,,,,
0.0,0.0,128,Z4C_RHS_TERM_DIAGNOSTIC,,Gamma_expansion_x,0,0,16,16,,,,,,,,,
0.0,0.0,128,Z4C_RHS_TERM_DIAGNOSTIC,,Gamma_expansion_y,0,0,16,16,,,,,,,,,
0.0,0.0,128,Z4C_RHS_TERM_DIAGNOSTIC,,Gamma_expansion_z,0,0,16,16,,,,,,,,,
0.0,0.0,128,Z4C_RHS_TERM_DIAGNOSTIC,,Gamma_ddiv_x,0,0,16,16,,,,,,,,,
0.0,0.0,128,Z4C_RHS_TERM_DIAGNOSTIC,,Gamma_ddiv_y,0,0,16,16,,,,,,,,,
0.0,0.0,128,Z4C_RHS_TERM_DIAGNOSTIC,,Gamma_ddiv_z,0,0,16,16,,,,,,,,,
0.0,0.0,128,Z4C_RHS_TERM_DIAGNOSTIC,,Gamma_contraction_x,0,0,16,16,,,,,,,,,
0.0,0.0,128,Z4C_RHS_TERM_DIAGNOSTIC,,Gamma_contraction_y,0,0,16,16,,,,,,,,,
0.0,0.0,128,Z4C_RHS_TERM_DIAGNOSTIC,,Gamma_contraction_z,0,0,16,16,,,,,,,,,
0.0,0.0,128,Z4C_RHS_TERM_DIAGNOSTIC,,Gamma_second_x,0,0,16,16,,,,,,,,,
0.0,0.0,128,Z4C_RHS_TERM_DIAGNOSTIC,,Gamma_second_y,0,0,16,16,,,,,,,,,
0.0,0.0,128,Z4C_RHS_TERM_DIAGNOSTIC,,Gamma_second_z,0,0,16,16,,,,,,,,,
0.0,0.0,128,Z4C_AXIS_RHS_PAIR_DIAGNOSTIC,,,,,,16,0,0,0,0,0,0,0,0,0
0.0,0.0,256,Z4C_RHS_STAGE_DIAGNOSTIC,z4c_chi,,,,,,,,,,,,,,
0.0,0.0,256,Z4C_RHS_STAGE_DIAGNOSTIC,z4c_gxx,,,,,,,,,,,,,,
0.0,0.0,256,Z4C_RHS_STAGE_DIAGNOSTIC,z4c_gxy,,,,,,,,,,,,,,
0.0,0.0,256,Z4C_RHS_STAGE_DIAGNOSTIC,z4c_gxz,,,,,,,,,,,,,,
0.0,0.0,256,Z4C_RHS_STAGE_DIAGNOSTIC,z4c_gyy,,,,,,,,,,,,,,
0.0,0.0,256,Z4C_RHS_STAGE_DIAGNOSTIC,z4c_gyz,,,,,,,,,,,,,,
0.0,0.0,256,Z4C_RHS_STAGE_DIAGNOSTIC,z4c_gzz,,,,,,,,,,,,,,
0.0,0.0,256,Z4C_RHS_STAGE_DIAGNOSTIC,z4c_Khat,,,,,,,,,,,,,,
0.0,0.0,256,Z4C_RHS_STAGE_DIAGNOSTIC,z4c_Axx,,,,,,,,,,,,,,
0.0,0.0,256,Z4C_RHS_STAGE_DIAGNOSTIC,z4c_Axy,,,,,,,,,,,,,,
0.0,0.0,256,Z4C_RHS_STAGE_DIAGNOSTIC,z4c_Axz,,,,,,,,,,,,,,
0.0,0.0,256,Z4C_RHS_STAGE_DIAGNOSTIC,z4c_Ayy,,,,,,,,,,,,,,
0.0,0.0,256,Z4C_RHS_STAGE_DIAGNOSTIC,z4c_Ayz,,,,,,,,,,,,,,
0.0,0.0,256,Z4C_RHS_STAGE_DIAGNOSTIC,z4c_Azz,,,,,,,,,,,,,,
0.0,0.0,256,Z4C_RHS_STAGE_DIAGNOSTIC,z4c_Gamx,,,,,,,,,,,,,,
0.0,0.0,256,Z4C_RHS_STAGE_DIAGNOSTIC,z4c_Gamy,,,,,,,,,,,,,,
0.0,0.0,256,Z4C_RHS_STAGE_DIAGNOSTIC,z4c_Gamz,,,,,,,,,,,,,,
0.0,0.0,256,Z4C_RHS_STAGE_DIAGNOSTIC,z4c_Theta,,,,,,,,,,,,,,
0.0,0.0,256,Z4C_RHS_STAGE_DIAGNOSTIC,z4c_alpha,,,,,,,,,,,,,,
0.0,0.0,256,Z4C_RHS_STAGE_DIAGNOSTIC,z4c_betax,,,,,,,,,,,,,,
0.0,0.0,256,Z4C_RHS_STAGE_DIAGNOSTIC,z4c_betay,,,,,,,,,,,,,,
0.0,0.0,256,Z4C_RHS_STAGE_DIAGNOSTIC,z4c_betaz,,,,,,,,,,,,,,
0.0,0.0,256,Z4C_RHS_STAGE_DIAGNOSTIC,z4c_Bx,,,,,,,,,,,,,,
0.0,0.0,256,Z4C_RHS_STAGE_DIAGNOSTIC,z4c_By,,,,,,,,,,,,,,
0.0,0.0,256,Z4C_RHS_STAGE_DIAGNOSTIC,z4c_Bz,,,,,,,,,,,,,,
0.0,0.0,256,Z4C_AXIS_RHS_PHASE_DIAGNOSTIC,z4c_chi,,,,0,0,,,,,,,,,
0.0,0.0,256,Z4C_AXIS_RHS_PHASE_DIAGNOSTIC,z4c_gxx,,,,0,0,,,,,,,,,
0.0,0.0,256,Z4C_AXIS_RHS_PHASE_DIAGNOSTIC,z4c_gxy,,,,0,0,,,,,,,,,
0.0,0.0,256,Z4C_AXIS_RHS_PHASE_DIAGNOSTIC,z4c_gxz,,,,0,0,,,,,,,,,
0.0,0.0,256,Z4C_AXIS_RHS_PHASE_DIAGNOSTIC,z4c_gyy,,,,0,0,,,,,,,,,
0.0,0.0,256,Z4C_AXIS_RHS_PHASE_DIAGNOSTIC,z4c_gyz,,,,0,0,,,,,,,,,
0.0,0.0,256,Z4C_AXIS_RHS_PHASE_DIAGNOSTIC,z4c_gzz,,,,0,0,,,,,,,,,
0.0,0.0,256,Z4C_AXIS_RHS_PHASE_DIAGNOSTIC,z4c_Khat,,,,0,0,,,,,,,,,
0.0,0.0,256,Z4C_AXIS_RHS_PHASE_DIAGNOSTIC,z4c_Axx,,,,0,0,,,,,,,,,
0.0,0.0,256,Z4C_AXIS_RHS_PHASE_DIAGNOSTIC,z4c_Axy,,,,0,0,,,,,,,,,
0.0,0.0,256,Z4C_AXIS_RHS_PHASE_DIAGNOSTIC,z4c_Axz,,,,0,0,,,,,,,,,
0.0,0.0,256,Z4C_AXIS_RHS_PHASE_DIAGNOSTIC,z4c_Ayy,,,,0,0,,,,,,,,,
0.0,0.0,256,Z4C_AXIS_RHS_PHASE_DIAGNOSTIC,z4c_Ayz,,,,0,0,,,,,,,,,
0.0,0.0,256,Z4C_AXIS_RHS_PHASE_DIAGNOSTIC,z4c_Azz,,,,0,0,,,,,,,,,
0.0,0.0,256,Z4C_AXIS_RHS_PHASE_DIAGNOSTIC,z4c_Gamx,,,,0,0,,,,,,,,,
0.0,0.0,256,Z4C_AXIS_RHS_PHASE_DIAGNOSTIC,z4c_Gamy,,,,0,0,,,,,,,,,
0.0,0.0,256,Z4C_AXIS_RHS_PHASE_DIAGNOSTIC,z4c_Gamz,,,,0,0,,,,,,,,,
0.0,0.0,256,Z4C_AXIS_RHS_PHASE_DIAGNOSTIC,z4c_Theta,,,,0,0,,,,,,,,,
0.0,0.0,256,Z4C_AXIS_RHS_PHASE_DIAGNOSTIC,z4c_alpha,,,,0,0,,,,,,,,,
0.0,0.0,256,Z4C_AXIS_RHS_PHASE_DIAGNOSTIC,z4c_betax,,,,0,0,,,,,,,,,
0.0,0.0,256,Z4C_AXIS_RHS_PHASE_DIAGNOSTIC,z4c_betay,,,,0,0,,,,,,,,,
0.0,0.0,256,Z4C_AXIS_RHS_PHASE_DIAGNOSTIC,z4c_betaz,,,,0,0,,,,,,,,,
0.0,0.0,256,Z4C_AXIS_RHS_PHASE_DIAGNOSTIC,z4c_Bx,,,,0,0,,,,,,,,,
0.0,0.0,256,Z4C_AXIS_RHS_PHASE_DIAGNOSTIC,z4c_By,,,,0,0,,,,,,,,,
0.0,0.0,256,Z4C_AXIS_RHS_PHASE_DIAGNOSTIC,z4c_Bz,,,,0,0,,,,,,,,,
0.0,0.0,256,Z4C_AXIS_TERM_POINT_DIAGNOSTIC,,A_geometric_xx,,-2.2892417428017015e-11,0,0,,,,,,,,,
0.0,0.0,256,Z4C_AXIS_TERM_POINT_DIAGNOSTIC,,A_geometric_xy,,-3.4259039652403131e-15,0,0,,,,,,,,,
0.0,0.0,256,Z4C_AXIS_TERM_POINT_DIAGNOSTIC,,A_geometric_xz,,0,0,0,,,,,,,,,
0.0,0.0,256,Z4C_AXIS_TERM_POINT_DIAGNOSTIC,,A_geometric_yy,,4.635082523992232e-11,0,0,,,,,,,,,
0.0,0.0,256,Z4C_AXIS_TERM_POINT_DIAGNOSTIC,,A_geometric_yz,,0,0,0,,,,,,,,,
0.0,0.0,256,Z4C_AXIS_TERM_POINT_DIAGNOSTIC,,A_geometric_zz,,-2.2892417428017015e-11,0,0,,,,,,,,,
0.0,0.0,256,Z4C_AXIS_TERM_POINT_DIAGNOSTIC,,A_trace_xx,,-1.8866349259382983e-13,0,0,,,,,,,,,
0.0,0.0,256,Z4C_AXIS_TERM_POINT_DIAGNOSTIC,,A_trace_xy,,-0,0,0,,,,,,,,,
0.0,0.0,256,Z4C_AXIS_TERM_POINT_DIAGNOSTIC,,A_trace_xz,,-0,0,0,,,,,,,,,
0.0,0.0,256,Z4C_AXIS_TERM_POINT_DIAGNOSTIC,,A_trace_yy,,-1.8866349259382983e-13,0,0,,,,,,,,,
0.0,0.0,256,Z4C_AXIS_TERM_POINT_DIAGNOSTIC,,A_trace_yz,,-0,0,0,,,,,,,,,
0.0,0.0,256,Z4C_AXIS_TERM_POINT_DIAGNOSTIC,,A_trace_zz,,-1.8866349259382983e-13,0,0,,,,,,,,,
0.0,0.0,256,Z4C_AXIS_TERM_POINT_DIAGNOSTIC,,A_nonlinear_xx,,0,0,0,,,,,,,,,
0.0,0.0,256,Z4C_AXIS_TERM_POINT_DIAGNOSTIC,,A_nonlinear_xy,,0,0,0,,,,,,,,,
0.0,0.0,256,Z4C_AXIS_TERM_POINT_DIAGNOSTIC,,A_nonlinear_xz,,0,0,0,,,,,,,,,
0.0,0.0,256,Z4C_AXIS_TERM_POINT_DIAGNOSTIC,,A_nonlinear_yy,,0,0,0,,,,,,,,,
0.0,0.0,256,Z4C_AXIS_TERM_POINT_DIAGNOSTIC,,A_nonlinear_yz,,0,0,0,,,,,,,,,
0.0,0.0,256,Z4C_AXIS_TERM_POINT_DIAGNOSTIC,,A_nonlinear_zz,,0,0,0,,,,,,,,,
0.0,0.0,256,Z4C_AXIS_TERM_POINT_DIAGNOSTIC,,A_lie_xx,,0,0,0,,,,,,,,,
0.0,0.0,256,Z4C_AXIS_TERM_POINT_DIAGNOSTIC,,A_lie_xy,,0,0,0,,,,,,,,,
0.0,0.0,256,Z4C_AXIS_TERM_POINT_DIAGNOSTIC,,A_lie_xz,,0,0,0,,,,,,,,,
0.0,0.0,256,Z4C_AXIS_TERM_POINT_DIAGNOSTIC,,A_lie_yy,,0,0,0,,,,,,,,,
0.0,0.0,256,Z4C_AXIS_TERM_POINT_DIAGNOSTIC,,A_lie_yz,,0,0,0,,,,,,,,,
0.0,0.0,256,Z4C_AXIS_TERM_POINT_DIAGNOSTIC,,A_lie_zz,,0,0,0,,,,,,,,,
0.0,0.0,256,Z4C_AXIS_TERM_POINT_DIAGNOSTIC,,Gamma_divergence_x,,0,0,0,,,,,,,,,
0.0,0.0,256,Z4C_AXIS_TERM_POINT_DIAGNOSTIC,,Gamma_divergence_y,,0,0,0,,,,,,,,,
0.0,0.0,256,Z4C_AXIS_TERM_POINT_DIAGNOSTIC,,Gamma_divergence_z,,0,0,0,,,,,,,,,
0.0,0.0,256,Z4C_AXIS_TERM_POINT_DIAGNOSTIC,,Gamma_lie_x,,0,0,0,,,,,,,,,
0.0,0.0,256,Z4C_AXIS_TERM_POINT_DIAGNOSTIC,,Gamma_lie_y,,0,0,0,,,,,,,,,
0.0,0.0,256,Z4C_AXIS_TERM_POINT_DIAGNOSTIC,,Gamma_lie_z,,0,0,0,,,,,,,,,
0.0,0.0,256,Z4C_AXIS_TERM_POINT_DIAGNOSTIC,,Gamma_damping_x,,-0,0,0,,,,,,,,,
0.0,0.0,256,Z4C_AXIS_TERM_POINT_DIAGNOSTIC,,Gamma_damping_y,,-0,0,0,,,,,,,,,
0.0,0.0,256,Z4C_AXIS_TERM_POINT_DIAGNOSTIC,,Gamma_damping_z,,-0,0,0,,,,,,,,,
0.0,0.0,256,Z4C_AXIS_TERM_POINT_DIAGNOSTIC,,Gamma_lapse_gradient_x,,0,0,0,,,,,,,,,
0.0,0.0,256,Z4C_AXIS_TERM_POINT_DIAGNOSTIC,,Gamma_lapse_gradient_y,,0,0,0,,,,,,,,,
0.0,0.0,256,Z4C_AXIS_TERM_POINT_DIAGNOSTIC,,Gamma_lapse_gradient_z,,0,0,0,,,,,,,,,
0.0,0.0,256,Z4C_AXIS_TERM_POINT_DIAGNOSTIC,,A_hessian_xx,,0.002113730294788803,0,0,,,,,,,,,
0.0,0.0,256,Z4C_AXIS_TERM_POINT_DIAGNOSTIC,,A_hessian_xy,,-4.6126039067791694e-15,0,0,,,,,,,,,
0.0,0.0,256,Z4C_AXIS_TERM_POINT_DIAGNOSTIC,,A_hessian_xz,,-0,0,0,,,,,,,,,
0.0,0.0,256,Z4C_AXIS_TERM_POINT_DIAGNOSTIC,,A_hessian_yy,,-0.0042274605448494509,0,0,,,,,,,,,
0.0,0.0,256,Z4C_AXIS_TERM_POINT_DIAGNOSTIC,,A_hessian_yz,,-0,0,0,,,,,,,,,
0.0,0.0,256,Z4C_AXIS_TERM_POINT_DIAGNOSTIC,,A_hessian_zz,,0.002113730294788803,0,0,,,,,,,,,
0.0,0.0,256,Z4C_AXIS_TERM_POINT_DIAGNOSTIC,,A_ricci_tensor_xx,,-0.0021137303176812206,0,0,,,,,,,,,
0.0,0.0,256,Z4C_AXIS_TERM_POINT_DIAGNOSTIC,,A_ricci_tensor_xy,,1.1866999415388569e-15,0,0,,,,,,,,,
0.0,0.0,256,Z4C_AXIS_TERM_POINT_DIAGNOSTIC,,A_ricci_tensor_xz,,0,0,0,,,,,,,,,
0.0,0.0,256,Z4C_AXIS_TERM_POINT_DIAGNOSTIC,,A_ricci_tensor_yy,,0.004227460591200276,0,0,,,,,,,,,
0.0,0.0,256,Z4C_AXIS_TERM_POINT_DIAGNOSTIC,,A_ricci_tensor_yz,,0,0,0,,,,,,,,,
0.0,0.0,256,Z4C_AXIS_TERM_POINT_DIAGNOSTIC,,A_ricci_tensor_zz,,-0.0021137303176812206,0,0,,,,,,,,,
0.0,0.0,256,Z4C_AXIS_TERM_POINT_DIAGNOSTIC,,A_trace_lapse_xx,,-1.4909385066441797e-11,0,0,,,,,,,,,
0.0,0.0,256,Z4C_AXIS_TERM_POINT_DIAGNOSTIC,,A_trace_lapse_xy,,-0,0,0,,,,,,,,,
0.0,0.0,256,Z4C_AXIS_TERM_POINT_DIAGNOSTIC,,A_trace_lapse_xz,,-0,0,0,,,,,,,,,
0.0,0.0,256,Z4C_AXIS_TERM_POINT_DIAGNOSTIC,,A_trace_lapse_yy,,-1.4909385066441797e-11,0,0,,,,,,,,,
0.0,0.0,256,Z4C_AXIS_TERM_POINT_DIAGNOSTIC,,A_trace_lapse_yz,,-0,0,0,,,,,,,,,
0.0,0.0,256,Z4C_AXIS_TERM_POINT_DIAGNOSTIC,,A_trace_lapse_zz,,-1.4909385066441797e-11,0,0,,,,,,,,,
0.0,0.0,256,Z4C_AXIS_TERM_POINT_DIAGNOSTIC,,A_trace_ricci_xx,,1.4720721573847969e-11,0,0,,,,,,,,,
0.0,0.0,256,Z4C_AXIS_TERM_POINT_DIAGNOSTIC,,A_trace_ricci_xy,,0,0,0,,,,,,,,,
0.0,0.0,256,Z4C_AXIS_TERM_POINT_DIAGNOSTIC,,A_trace_ricci_xz,,0,0,0,,,,,,,,,
0.0,0.0,256,Z4C_AXIS_TERM_POINT_DIAGNOSTIC,,A_trace_ricci_yy,,1.4720721573847969e-11,0,0,,,,,,,,,
0.0,0.0,256,Z4C_AXIS_TERM_POINT_DIAGNOSTIC,,A_trace_ricci_yz,,0,0,0,,,,,,,,,
0.0,0.0,256,Z4C_AXIS_TERM_POINT_DIAGNOSTIC,,A_trace_ricci_zz,,1.4720721573847969e-11,0,0,,,,,,,,,
0.0,0.0,256,Z4C_AXIS_TERM_POINT_DIAGNOSTIC,,Gamma_advective_x,,0,0,0,,,,,,,,,
0.0,0.0,256,Z4C_AXIS_TERM_POINT_DIAGNOSTIC,,Gamma_advective_y,,0,0,0,,,,,,,,,
0.0,0.0,256,Z4C_AXIS_TERM_POINT_DIAGNOSTIC,,Gamma_advective_z,,0,0,0,,,,,,,,,
0.0,0.0,256,Z4C_AXIS_TERM_POINT_DIAGNOSTIC,,Gamma_expansion_x,,-0,0,0,,,,,,,,,
0.0,0.0,256,Z4C_AXIS_TERM_POINT_DIAGNOSTIC,,Gamma_expansion_y,,0,0,0,,,,,,,,,
0.0,0.0,256,Z4C_AXIS_TERM_POINT_DIAGNOSTIC,,Gamma_expansion_z,,0,0,0,,,,,,,,,
0.0,0.0,256,Z4C_AXIS_TERM_POINT_DIAGNOSTIC,,Gamma_ddiv_x,,0,0,0,,,,,,,,,
0.0,0.0,256,Z4C_AXIS_TERM_POINT_DIAGNOSTIC,,Gamma_ddiv_y,,0,0,0,,,,,,,,,
0.0,0.0,256,Z4C_AXIS_TERM_POINT_DIAGNOSTIC,,Gamma_ddiv_z,,0,0,0,,,,,,,,,
0.0,0.0,256,Z4C_AXIS_TERM_POINT_DIAGNOSTIC,,Gamma_contraction_x,,0,0,0,,,,,,,,,
0.0,0.0,256,Z4C_AXIS_TERM_POINT_DIAGNOSTIC,,Gamma_contraction_y,,0,0,0,,,,,,,,,
0.0,0.0,256,Z4C_AXIS_TERM_POINT_DIAGNOSTIC,,Gamma_contraction_z,,0,0,0,,,,,,,,,
0.0,0.0,256,Z4C_AXIS_TERM_POINT_DIAGNOSTIC,,Gamma_second_x,,0,0,0,,,,,,,,,
0.0,0.0,256,Z4C_AXIS_TERM_POINT_DIAGNOSTIC,,Gamma_second_y,,0,0,0,,,,,,,,,
0.0,0.0,256,Z4C_AXIS_TERM_POINT_DIAGNOSTIC,,Gamma_second_z,,0,0,0,,,,,,,,,
0.0,0.0,256,Z4C_RHS_TERM_DIAGNOSTIC,,A_geometric_xx,0.39321743536304954,-0.39321743536304954,5.25,0,,,,,,,,,
0.0,0.0,256,Z4C_RHS_TERM_DIAGNOSTIC,,A_geometric_xy,0.070822380616532718,0.070822380616532718,4.6875,0.625,,,,,,,,,
0.0,0.0,256,Z4C_RHS_TERM_DIAGNOSTIC,,A_geometric_xz,0,0,16,16,,,,,,,,,
0.0,0.0,256,Z4C_RHS_TERM_DIAGNOSTIC,,A_geometric_yy,0.39504963089393491,-0.39504963089393491,5.25,0,,,,,,,,,
0.0,0.0,256,Z4C_RHS_TERM_DIAGNOSTIC,,A_geometric_yz,0,0,16,16,,,,,,,,,
0.0,0.0,256,Z4C_RHS_TERM_DIAGNOSTIC,,A_geometric_zz,4.4932645182918467,4.4932645182918467,5.25,0,,,,,,,,,
0.0,0.0,256,Z4C_RHS_TERM_DIAGNOSTIC,,A_trace_xx,0.13141157876878079,0.13141157876878079,5.25,0,,,,,,,,,
0.0,0.0,256,Z4C_RHS_TERM_DIAGNOSTIC,,A_trace_xy,0,-0,16,16,,,,,,,,,
0.0,0.0,256,Z4C_RHS_TERM_DIAGNOSTIC,,A_trace_xz,0,-0,16,16,,,,,,,,,
0.0,0.0,256,Z4C_RHS_TERM_DIAGNOSTIC,,A_trace_yy,0.13141157876878079,0.13141157876878079,5.25,0,,,,,,,,,
0.0,0.0,256,Z4C_RHS_TERM_DIAGNOSTIC,,A_trace_yz,0,-0,16,16,,,,,,,,,
0.0,0.0,256,Z4C_RHS_TERM_DIAGNOSTIC,,A_trace_zz,1.4985242054844612,1.4985242054844612,5.25,0,,,,,,,,,
0.0,0.0,256,Z4C_RHS_TERM_DIAGNOSTIC,,A_nonlinear_xx,0,0,16,16,,,,,,,,,
0.0,0.0,256,Z4C_RHS_TERM_DIAGNOSTIC,,A_nonlinear_xy,0,0,16,16,,,,,,,,,
0.0,0.0,256,Z4C_RHS_TERM_DIAGNOSTIC,,A_nonlinear_xz,0,0,16,16,,,,,,,,,
0.0,0.0,256,Z4C_RHS_TERM_DIAGNOSTIC,,A_nonlinear_yy,0,0,16,16,,,,,,,,,
0.0,0.0,256,Z4C_RHS_TERM_DIAGNOSTIC,,A_nonlinear_yz,0,0,16,16,,,,,,,,,
0.0,0.0,256,Z4C_RHS_TERM_DIAGNOSTIC,,A_nonlinear_zz,0,0,16,16,,,,,,,,,
0.0,0.0,256,Z4C_RHS_TERM_DIAGNOSTIC,,A_lie_xx,0,0,16,16,,,,,,,,,
0.0,0.0,256,Z4C_RHS_TERM_DIAGNOSTIC,,A_lie_xy,0,0,16,16,,,,,,,,,
0.0,0.0,256,Z4C_RHS_TERM_DIAGNOSTIC,,A_lie_xz,0,0,16,16,,,,,,,,,
0.0,0.0,256,Z4C_RHS_TERM_DIAGNOSTIC,,A_lie_yy,0,0,16,16,,,,,,,,,
0.0,0.0,256,Z4C_RHS_TERM_DIAGNOSTIC,,A_lie_yz,0,0,16,16,,,,,,,,,
0.0,0.0,256,Z4C_RHS_TERM_DIAGNOSTIC,,A_lie_zz,0,0,16,16,,,,,,,,,
0.0,0.0,256,Z4C_RHS_TERM_DIAGNOSTIC,,Gamma_divergence_x,0,0,16,16,,,,,,,,,
0.0,0.0,256,Z4C_RHS_TERM_DIAGNOSTIC,,Gamma_divergence_y,0,0,16,16,,,,,,,,,
0.0,0.0,256,Z4C_RHS_TERM_DIAGNOSTIC,,Gamma_divergence_z,0,0,16,16,,,,,,,,,
0.0,0.0,256,Z4C_RHS_TERM_DIAGNOSTIC,,Gamma_lie_x,0,0,16,16,,,,,,,,,
0.0,0.0,256,Z4C_RHS_TERM_DIAGNOSTIC,,Gamma_lie_y,0,0,16,16,,,,,,,,,
0.0,0.0,256,Z4C_RHS_TERM_DIAGNOSTIC,,Gamma_lie_z,0,0,16,16,,,,,,,,,
0.0,0.0,256,Z4C_RHS_TERM_DIAGNOSTIC,,Gamma_damping_x,0,0,16,16,,,,,,,,,
0.0,0.0,256,Z4C_RHS_TERM_DIAGNOSTIC,,Gamma_damping_y,0,-0,16,16,,,,,,,,,
0.0,0.0,256,Z4C_RHS_TERM_DIAGNOSTIC,,Gamma_damping_z,0,-0,16,16,,,,,,,,,
0.0,0.0,256,Z4C_RHS_TERM_DIAGNOSTIC,,Gamma_lapse_gradient_x,0,0,16,16,,,,,,,,,
0.0,0.0,256,Z4C_RHS_TERM_DIAGNOSTIC,,Gamma_lapse_gradient_y,0,0,16,16,,,,,,,,,
0.0,0.0,256,Z4C_RHS_TERM_DIAGNOSTIC,,Gamma_lapse_gradient_z,0,0,16,16,,,,,,,,,
0.0,0.0,256,Z4C_RHS_TERM_DIAGNOSTIC,,A_hessian_xx,0.20795285082402698,-0.20795285082402698,5.25,0.4375,,,,,,,,,
0.0,0.0,256,Z4C_RHS_TERM_DIAGNOSTIC,,A_hessian_xy,0.11243552498546093,0.11243552498546093,5.9375,0.75,,,,,,,,,
0.0,0.0,256,Z4C_RHS_TERM_DIAGNOSTIC,,A_hessian_xz,0,-0,16,16,,,,,,,,,
0.0,0.0,256,Z4C_RHS_TERM_DIAGNOSTIC,,A_hessian_yy,0.21978153348577015,-0.21978153348577015,5.6875,0,,,,,,,,,
0.0,0.0,256,Z4C_RHS_TERM_DIAGNOSTIC,,A_hessian_yz,0,-0,16,16,,,,,,,,,
0.0,0.0,256,Z4C_RHS_TERM_DIAGNOSTIC,,A_hessian_zz,0.27784035136553642,0.27784035136553642,4.6875,-0.125,,,,,,,,,
0.0,0.0,256,Z4C_RHS_TERM_DIAGNOSTIC,,A_ricci_tensor_xx,0.20655335871216568,-0.20655335871216568,5.6875,0,,,,,,,,,
0.0,0.0,256,Z4C_RHS_TERM_DIAGNOSTIC,,A_ricci_tensor_xy,0.15670338847214921,-0.15670338847214921,4.625,-0.6875,,,,,,,,,
0.0,0.0,256,Z4C_RHS_TERM_DIAGNOSTIC,,A_ricci_tensor_xz,0,0,16,16,,,,,,,,,
0.0,0.0,256,Z4C_RHS_TERM_DIAGNOSTIC,,A_ricci_tensor_yy,0.20999580391809211,-0.20999580391809211,5.25,-0.4375,,,,,,,,,
0.0,0.0,256,Z4C_RHS_TERM_DIAGNOSTIC,,A_ricci_tensor_yz,0,0,16,16,,,,,,,,,
0.0,0.0,256,Z4C_RHS_TERM_DIAGNOSTIC,,A_ricci_tensor_zz,4.504716997767293,4.504716997767293,5.25,0,,,,,,,,,
0.0,0.0,256,Z4C_RHS_TERM_DIAGNOSTIC,,A_trace_lapse_xx,0.13135867023001702,0.13135867023001702,5.25,0,,,,,,,,,
0.0,0.0,256,Z4C_RHS_TERM_DIAGNOSTIC,,A_trace_lapse_xy,0,0,16,16,,,,,,,,,
0.0,0.0,256,Z4C_RHS_TERM_DIAGNOSTIC,,A_trace_lapse_xz,0,0,16,16,,,,,,,,,
0.0,0.0,256,Z4C_RHS_TERM_DIAGNOSTIC,,A_trace_lapse_yy,0.13135867023001702,0.13135867023001702,5.25,0,,,,,,,,,
0.0,0.0,256,Z4C_RHS_TERM_DIAGNOSTIC,,A_trace_lapse_yz,0,0,16,16,,,,,,,,,
0.0,0.0,256,Z4C_RHS_TERM_DIAGNOSTIC,,A_trace_lapse_zz,1.4979208741284484,1.4979208741284484,5.25,0,,,,,,,,,
0.0,0.0,256,Z4C_RHS_TERM_DIAGNOSTIC,,A_trace_ricci_xx,0.00099061324787214512,-0.00099061324787214512,16,0,,,,,,,,,
0.0,0.0,256,Z4C_RHS_TERM_DIAGNOSTIC,,A_trace_ricci_xy,0,-0,16,16,,,,,,,,,
0.0,0.0,256,Z4C_RHS_TERM_DIAGNOSTIC,,A_trace_ricci_xz,0,-0,16,16,,,,,,,,,
0.0,0.0,256,Z4C_RHS_TERM_DIAGNOSTIC,,A_trace_ricci_yy,0.00099061324787214512,-0.00099061324787214512,16,0,,,,,,,,,
0.0,0.0,256,Z4C_RHS_TERM_DIAGNOSTIC,,A_trace_ricci_yz,0,-0,16,16,,,,,,,,,
0.0,0.0,256,Z4C_RHS_TERM_DIAGNOSTIC,,A_trace_ricci_zz,0.00099061324787214512,-0.00099061324787214512,16,0,,,,,,,,,
0.0,0.0,256,Z4C_RHS_TERM_DIAGNOSTIC,,Gamma_advective_x,0,0,16,16,,,,,,,,,
0.0,0.0,256,Z4C_RHS_TERM_DIAGNOSTIC,,Gamma_advective_y,0,0,16,16,,,,,,,,,
0.0,0.0,256,Z4C_RHS_TERM_DIAGNOSTIC,,Gamma_advective_z,0,0,16,16,,,,,,,,,
0.0,0.0,256,Z4C_RHS_TERM_DIAGNOSTIC,,Gamma_expansion_x,0,0,16,16,,,,,,,,,
0.0,0.0,256,Z4C_RHS_TERM_DIAGNOSTIC,,Gamma_expansion_y,0,0,16,16,,,,,,,,,
0.0,0.0,256,Z4C_RHS_TERM_DIAGNOSTIC,,Gamma_expansion_z,0,0,16,16,,,,,,,,,
0.0,0.0,256,Z4C_RHS_TERM_DIAGNOSTIC,,Gamma_ddiv_x,0,0,16,16,,,,,,,,,
0.0,0.0,256,Z4C_RHS_TERM_DIAGNOSTIC,,Gamma_ddiv_y,0,0,16,16,,,,,,,,,
0.0,0.0,256,Z4C_RHS_TERM_DIAGNOSTIC,,Gamma_ddiv_z,0,0,16,16,,,,,,,,,
0.0,0.0,256,Z4C_RHS_TERM_DIAGNOSTIC,,Gamma_contraction_x,0,0,16,16,,,,,,,,,
0.0,0.0,256,Z4C_RHS_TERM_DIAGNOSTIC,,Gamma_contraction_y,0,0,16,16,,,,,,,,,
0.0,0.0,256,Z4C_RHS_TERM_DIAGNOSTIC,,Gamma_contraction_z,0,0,16,16,,,,,,,,,
0.0,0.0,256,Z4C_RHS_TERM_DIAGNOSTIC,,Gamma_second_x,0,0,16,16,,,,,,,,,
0.0,0.0,256,Z4C_RHS_TERM_DIAGNOSTIC,,Gamma_second_y,0,0,16,16,,,,,,,,,
0.0,0.0,256,Z4C_RHS_TERM_DIAGNOSTIC,,Gamma_second_z,0,0,16,16,,,,,,,,,
0.0,0.0,256,Z4C_AXIS_RHS_PAIR_DIAGNOSTIC,,,,,,16,0,0,0,0,0,0,0,0,0
0.0,0.0,512,Z4C_RHS_STAGE_DIAGNOSTIC,z4c_chi,,,,,,,,,,,,,,
0.0,0.0,512,Z4C_RHS_STAGE_DIAGNOSTIC,z4c_gxx,,,,,,,,,,,,,,
0.0,0.0,512,Z4C_RHS_STAGE_DIAGNOSTIC,z4c_gxy,,,,,,,,,,,,,,
0.0,0.0,512,Z4C_RHS_STAGE_DIAGNOSTIC,z4c_gxz,,,,,,,,,,,,,,
0.0,0.0,512,Z4C_RHS_STAGE_DIAGNOSTIC,z4c_gyy,,,,,,,,,,,,,,
0.0,0.0,512,Z4C_RHS_STAGE_DIAGNOSTIC,z4c_gyz,,,,,,,,,,,,,,
0.0,0.0,512,Z4C_RHS_STAGE_DIAGNOSTIC,z4c_gzz,,,,,,,,,,,,,,
0.0,0.0,512,Z4C_RHS_STAGE_DIAGNOSTIC,z4c_Khat,,,,,,,,,,,,,,
0.0,0.0,512,Z4C_RHS_STAGE_DIAGNOSTIC,z4c_Axx,,,,,,,,,,,,,,
0.0,0.0,512,Z4C_RHS_STAGE_DIAGNOSTIC,z4c_Axy,,,,,,,,,,,,,,
0.0,0.0,512,Z4C_RHS_STAGE_DIAGNOSTIC,z4c_Axz,,,,,,,,,,,,,,
0.0,0.0,512,Z4C_RHS_STAGE_DIAGNOSTIC,z4c_Ayy,,,,,,,,,,,,,,
0.0,0.0,512,Z4C_RHS_STAGE_DIAGNOSTIC,z4c_Ayz,,,,,,,,,,,,,,
0.0,0.0,512,Z4C_RHS_STAGE_DIAGNOSTIC,z4c_Azz,,,,,,,,,,,,,,
0.0,0.0,512,Z4C_RHS_STAGE_DIAGNOSTIC,z4c_Gamx,,,,,,,,,,,,,,
0.0,0.0,512,Z4C_RHS_STAGE_DIAGNOSTIC,z4c_Gamy,,,,,,,,,,,,,,
0.0,0.0,512,Z4C_RHS_STAGE_DIAGNOSTIC,z4c_Gamz,,,,,,,,,,,,,,
0.0,0.0,512,Z4C_RHS_STAGE_DIAGNOSTIC,z4c_Theta,,,,,,,,,,,,,,
0.0,0.0,512,Z4C_RHS_STAGE_DIAGNOSTIC,z4c_alpha,,,,,,,,,,,,,,
0.0,0.0,512,Z4C_RHS_STAGE_DIAGNOSTIC,z4c_betax,,,,,,,,,,,,,,
0.0,0.0,512,Z4C_RHS_STAGE_DIAGNOSTIC,z4c_betay,,,,,,,,,,,,,,
0.0,0.0,512,Z4C_RHS_STAGE_DIAGNOSTIC,z4c_betaz,,,,,,,,,,,,,,
0.0,0.0,512,Z4C_RHS_STAGE_DIAGNOSTIC,z4c_Bx,,,,,,,,,,,,,,
0.0,0.0,512,Z4C_RHS_STAGE_DIAGNOSTIC,z4c_By,,,,,,,,,,,,,,
0.0,0.0,512,Z4C_RHS_STAGE_DIAGNOSTIC,z4c_Bz,,,,,,,,,,,,,,
0.0,0.0,512,Z4C_AXIS_RHS_PHASE_DIAGNOSTIC,z4c_chi,,,,0,0,,,,,,,,,
0.0,0.0,512,Z4C_AXIS_RHS_PHASE_DIAGNOSTIC,z4c_gxx,,,,0,0,,,,,,,,,
0.0,0.0,512,Z4C_AXIS_RHS_PHASE_DIAGNOSTIC,z4c_gxy,,,,0,0,,,,,,,,,
0.0,0.0,512,Z4C_AXIS_RHS_PHASE_DIAGNOSTIC,z4c_gxz,,,,0,0,,,,,,,,,
0.0,0.0,512,Z4C_AXIS_RHS_PHASE_DIAGNOSTIC,z4c_gyy,,,,0,0,,,,,,,,,
0.0,0.0,512,Z4C_AXIS_RHS_PHASE_DIAGNOSTIC,z4c_gyz,,,,0,0,,,,,,,,,
0.0,0.0,512,Z4C_AXIS_RHS_PHASE_DIAGNOSTIC,z4c_gzz,,,,0,0,,,,,,,,,
0.0,0.0,512,Z4C_AXIS_RHS_PHASE_DIAGNOSTIC,z4c_Khat,,,,0,0,,,,,,,,,
0.0,0.0,512,Z4C_AXIS_RHS_PHASE_DIAGNOSTIC,z4c_Axx,,,,0,0,,,,,,,,,
0.0,0.0,512,Z4C_AXIS_RHS_PHASE_DIAGNOSTIC,z4c_Axy,,,,0,0,,,,,,,,,
0.0,0.0,512,Z4C_AXIS_RHS_PHASE_DIAGNOSTIC,z4c_Axz,,,,0,0,,,,,,,,,
0.0,0.0,512,Z4C_AXIS_RHS_PHASE_DIAGNOSTIC,z4c_Ayy,,,,0,0,,,,,,,,,
0.0,0.0,512,Z4C_AXIS_RHS_PHASE_DIAGNOSTIC,z4c_Ayz,,,,0,0,,,,,,,,,
0.0,0.0,512,Z4C_AXIS_RHS_PHASE_DIAGNOSTIC,z4c_Azz,,,,0,0,,,,,,,,,
0.0,0.0,512,Z4C_AXIS_RHS_PHASE_DIAGNOSTIC,z4c_Gamx,,,,0,0,,,,,,,,,
0.0,0.0,512,Z4C_AXIS_RHS_PHASE_DIAGNOSTIC,z4c_Gamy,,,,0,0,,,,,,,,,
0.0,0.0,512,Z4C_AXIS_RHS_PHASE_DIAGNOSTIC,z4c_Gamz,,,,0,0,,,,,,,,,
0.0,0.0,512,Z4C_AXIS_RHS_PHASE_DIAGNOSTIC,z4c_Theta,,,,0,0,,,,,,,,,
0.0,0.0,512,Z4C_AXIS_RHS_PHASE_DIAGNOSTIC,z4c_alpha,,,,0,0,,,,,,,,,
0.0,0.0,512,Z4C_AXIS_RHS_PHASE_DIAGNOSTIC,z4c_betax,,,,0,0,,,,,,,,,
0.0,0.0,512,Z4C_AXIS_RHS_PHASE_DIAGNOSTIC,z4c_betay,,,,0,0,,,,,,,,,
0.0,0.0,512,Z4C_AXIS_RHS_PHASE_DIAGNOSTIC,z4c_betaz,,,,0,0,,,,,,,,,
0.0,0.0,512,Z4C_AXIS_RHS_PHASE_DIAGNOSTIC,z4c_Bx,,,,0,0,,,,,,,,,
0.0,0.0,512,Z4C_AXIS_RHS_PHASE_DIAGNOSTIC,z4c_By,,,,0,0,,,,,,,,,
0.0,0.0,512,Z4C_AXIS_RHS_PHASE_DIAGNOSTIC,z4c_Bz,,,,0,0,,,,,,,,,
0.0,0.0,512,Z4C_AXIS_TERM_POINT_DIAGNOSTIC,,A_geometric_xx,,7.6908606761405332e-12,0,0,,,,,,,,,
0.0,0.0,512,Z4C_AXIS_TERM_POINT_DIAGNOSTIC,,A_geometric_xy,,5.6631967487677693e-16,0,0,,,,,,,,,
0.0,0.0,512,Z4C_AXIS_TERM_POINT_DIAGNOSTIC,,A_geometric_xz,,0,0,0,,,,,,,,,
0.0,0.0,512,Z4C_AXIS_TERM_POINT_DIAGNOSTIC,,A_geometric_yy,,1.2702555896135631e-11,0,0,,,,,,,,,
0.0,0.0,512,Z4C_AXIS_TERM_POINT_DIAGNOSTIC,,A_geometric_yz,,0,0,0,,,,,,,,,
0.0,0.0,512,Z4C_AXIS_TERM_POINT_DIAGNOSTIC,,A_geometric_zz,,7.6908606761405332e-12,0,0,,,,,,,,,
0.0,0.0,512,Z4C_AXIS_TERM_POINT_DIAGNOSTIC,,A_trace_xx,,-9.3614258978904403e-12,0,0,,,,,,,,,
0.0,0.0,512,Z4C_AXIS_TERM_POINT_DIAGNOSTIC,,A_trace_xy,,-0,0,0,,,,,,,,,
0.0,0.0,512,Z4C_AXIS_TERM_POINT_DIAGNOSTIC,,A_trace_xz,,-0,0,0,,,,,,,,,
0.0,0.0,512,Z4C_AXIS_TERM_POINT_DIAGNOSTIC,,A_trace_yy,,-9.3614258978904403e-12,0,0,,,,,,,,,
0.0,0.0,512,Z4C_AXIS_TERM_POINT_DIAGNOSTIC,,A_trace_yz,,-0,0,0,,,,,,,,,
0.0,0.0,512,Z4C_AXIS_TERM_POINT_DIAGNOSTIC,,A_trace_zz,,-9.3614258978904403e-12,0,0,,,,,,,,,
0.0,0.0,512,Z4C_AXIS_TERM_POINT_DIAGNOSTIC,,A_nonlinear_xx,,0,0,0,,,,,,,,,
0.0,0.0,512,Z4C_AXIS_TERM_POINT_DIAGNOSTIC,,A_nonlinear_xy,,0,0,0,,,,,,,,,
0.0,0.0,512,Z4C_AXIS_TERM_POINT_DIAGNOSTIC,,A_nonlinear_xz,,0,0,0,,,,,,,,,
0.0,0.0,512,Z4C_AXIS_TERM_POINT_DIAGNOSTIC,,A_nonlinear_yy,,0,0,0,,,,,,,,,
0.0,0.0,512,Z4C_AXIS_TERM_POINT_DIAGNOSTIC,,A_nonlinear_yz,,0,0,0,,,,,,,,,
0.0,0.0,512,Z4C_AXIS_TERM_POINT_DIAGNOSTIC,,A_nonlinear_zz,,0,0,0,,,,,,,,,
0.0,0.0,512,Z4C_AXIS_TERM_POINT_DIAGNOSTIC,,A_lie_xx,,0,0,0,,,,,,,,,
0.0,0.0,512,Z4C_AXIS_TERM_POINT_DIAGNOSTIC,,A_lie_xy,,0,0,0,,,,,,,,,
0.0,0.0,512,Z4C_AXIS_TERM_POINT_DIAGNOSTIC,,A_lie_xz,,0,0,0,,,,,,,,,
0.0,0.0,512,Z4C_AXIS_TERM_POINT_DIAGNOSTIC,,A_lie_yy,,0,0,0,,,,,,,,,
0.0,0.0,512,Z4C_AXIS_TERM_POINT_DIAGNOSTIC,,A_lie_yz,,0,0,0,,,,,,,,,
0.0,0.0,512,Z4C_AXIS_TERM_POINT_DIAGNOSTIC,,A_lie_zz,,0,0,0,,,,,,,,,
0.0,0.0,512,Z4C_AXIS_TERM_POINT_DIAGNOSTIC,,Gamma_divergence_x,,0,0,0,,,,,,,,,
0.0,0.0,512,Z4C_AXIS_TERM_POINT_DIAGNOSTIC,,Gamma_divergence_y,,0,0,0,,,,,,,,,
0.0,0.0,512,Z4C_AXIS_TERM_POINT_DIAGNOSTIC,,Gamma_divergence_z,,0,0,0,,,,,,,,,
0.0,0.0,512,Z4C_AXIS_TERM_POINT_DIAGNOSTIC,,Gamma_lie_x,,0,0,0,,,,,,,,,
0.0,0.0,512,Z4C_AXIS_TERM_POINT_DIAGNOSTIC,,Gamma_lie_y,,0,0,0,,,,,,,,,
0.0,0.0,512,Z4C_AXIS_TERM_POINT_DIAGNOSTIC,,Gamma_lie_z,,0,0,0,,,,,,,,,
0.0,0.0,512,Z4C_AXIS_TERM_POINT_DIAGNOSTIC,,Gamma_damping_x,,-0,0,0,,,,,,,,,
0.0,0.0,512,Z4C_AXIS_TERM_POINT_DIAGNOSTIC,,Gamma_damping_y,,-0,0,0,,,,,,,,,
0.0,0.0,512,Z4C_AXIS_TERM_POINT_DIAGNOSTIC,,Gamma_damping_z,,-0,0,0,,,,,,,,,
0.0,0.0,512,Z4C_AXIS_TERM_POINT_DIAGNOSTIC,,Gamma_lapse_gradient_x,,0,0,0,,,,,,,,,
0.0,0.0,512,Z4C_AXIS_TERM_POINT_DIAGNOSTIC,,Gamma_lapse_gradient_y,,0,0,0,,,,,,,,,
0.0,0.0,512,Z4C_AXIS_TERM_POINT_DIAGNOSTIC,,Gamma_lapse_gradient_z,,0,0,0,,,,,,,,,
0.0,0.0,512,Z4C_AXIS_TERM_POINT_DIAGNOSTIC,,A_hessian_xx,,0.0021137303509442527,0,0,,,,,,,,,
0.0,0.0,512,Z4C_AXIS_TERM_POINT_DIAGNOSTIC,,A_hessian_xy,,9.0994010575636545e-15,0,0,,,,,,,,,
0.0,0.0,512,Z4C_AXIS_TERM_POINT_DIAGNOSTIC,,A_hessian_xz,,-0,0,0,,,,,,,,,
0.0,0.0,512,Z4C_AXIS_TERM_POINT_DIAGNOSTIC,,A_hessian_yy,,-0.0042274607080549321,0,0,,,,,,,,,
0.0,0.0,512,Z4C_AXIS_TERM_POINT_DIAGNOSTIC,,A_hessian_yz,,-0,0,0,,,,,,,,,
0.0,0.0,512,Z4C_AXIS_TERM_POINT_DIAGNOSTIC,,A_hessian_zz,,0.0021137303509442527,0,0,,,,,,,,,
0.0,0.0,512,Z4C_AXIS_TERM_POINT_DIAGNOSTIC,,A_ricci_tensor_xx,,-0.0021137303432533917,0,0,,,,,,,,,
0.0,0.0,512,Z4C_AXIS_TERM_POINT_DIAGNOSTIC,,A_ricci_tensor_xy,,-8.5330813826868776e-15,0,0,,,,,,,,,
0.0,0.0,512,Z4C_AXIS_TERM_POINT_DIAGNOSTIC,,A_ricci_tensor_xz,,0,0,0,,,,,,,,,
0.0,0.0,512,Z4C_AXIS_TERM_POINT_DIAGNOSTIC,,A_ricci_tensor_yy,,0.0042274607207574881,0,0,,,,,,,,,
0.0,0.0,512,Z4C_AXIS_TERM_POINT_DIAGNOSTIC,,A_ricci_tensor_yz,,0,0,0,,,,,,,,,
0.0,0.0,512,Z4C_AXIS_TERM_POINT_DIAGNOSTIC,,A_ricci_tensor_zz,,-0.0021137303432533917,0,0,,,,,,,,,
0.0,0.0,512,Z4C_AXIS_TERM_POINT_DIAGNOSTIC,,A_trace_lapse_xx,,2.0554754891661007e-12,0,0,,,,,,,,,
0.0,0.0,512,Z4C_AXIS_TERM_POINT_DIAGNOSTIC,,A_trace_lapse_xy,,0,0,0,,,,,,,,,
0.0,0.0,512,Z4C_AXIS_TERM_POINT_DIAGNOSTIC,,A_trace_lapse_xz,,0,0,0,,,,,,,,,
0.0,0.0,512,Z4C_AXIS_TERM_POINT_DIAGNOSTIC,,A_trace_lapse_yy,,2.0554754891661007e-12,0,0,,,,,,,,,
0.0,0.0,512,Z4C_AXIS_TERM_POINT_DIAGNOSTIC,,A_trace_lapse_yz,,0,0,0,,,,,,,,,
0.0,0.0,512,Z4C_AXIS_TERM_POINT_DIAGNOSTIC,,A_trace_lapse_zz,,2.0554754891661007e-12,0,0,,,,,,,,,
0.0,0.0,512,Z4C_AXIS_TERM_POINT_DIAGNOSTIC,,A_trace_ricci_xx,,-1.1416901387056542e-11,0,0,,,,,,,,,
0.0,0.0,512,Z4C_AXIS_TERM_POINT_DIAGNOSTIC,,A_trace_ricci_xy,,-0,0,0,,,,,,,,,
0.0,0.0,512,Z4C_AXIS_TERM_POINT_DIAGNOSTIC,,A_trace_ricci_xz,,-0,0,0,,,,,,,,,
0.0,0.0,512,Z4C_AXIS_TERM_POINT_DIAGNOSTIC,,A_trace_ricci_yy,,-1.1416901387056542e-11,0,0,,,,,,,,,
0.0,0.0,512,Z4C_AXIS_TERM_POINT_DIAGNOSTIC,,A_trace_ricci_yz,,-0,0,0,,,,,,,,,
0.0,0.0,512,Z4C_AXIS_TERM_POINT_DIAGNOSTIC,,A_trace_ricci_zz,,-1.1416901387056542e-11,0,0,,,,,,,,,
0.0,0.0,512,Z4C_AXIS_TERM_POINT_DIAGNOSTIC,,Gamma_advective_x,,0,0,0,,,,,,,,,
0.0,0.0,512,Z4C_AXIS_TERM_POINT_DIAGNOSTIC,,Gamma_advective_y,,0,0,0,,,,,,,,,
0.0,0.0,512,Z4C_AXIS_TERM_POINT_DIAGNOSTIC,,Gamma_advective_z,,0,0,0,,,,,,,,,
0.0,0.0,512,Z4C_AXIS_TERM_POINT_DIAGNOSTIC,,Gamma_expansion_x,,-0,0,0,,,,,,,,,
0.0,0.0,512,Z4C_AXIS_TERM_POINT_DIAGNOSTIC,,Gamma_expansion_y,,0,0,0,,,,,,,,,
0.0,0.0,512,Z4C_AXIS_TERM_POINT_DIAGNOSTIC,,Gamma_expansion_z,,0,0,0,,,,,,,,,
0.0,0.0,512,Z4C_AXIS_TERM_POINT_DIAGNOSTIC,,Gamma_ddiv_x,,0,0,0,,,,,,,,,
0.0,0.0,512,Z4C_AXIS_TERM_POINT_DIAGNOSTIC,,Gamma_ddiv_y,,0,0,0,,,,,,,,,
0.0,0.0,512,Z4C_AXIS_TERM_POINT_DIAGNOSTIC,,Gamma_ddiv_z,,0,0,0,,,,,,,,,
0.0,0.0,512,Z4C_AXIS_TERM_POINT_DIAGNOSTIC,,Gamma_contraction_x,,0,0,0,,,,,,,,,
0.0,0.0,512,Z4C_AXIS_TERM_POINT_DIAGNOSTIC,,Gamma_contraction_y,,0,0,0,,,,,,,,,
0.0,0.0,512,Z4C_AXIS_TERM_POINT_DIAGNOSTIC,,Gamma_contraction_z,,0,0,0,,,,,,,,,
0.0,0.0,512,Z4C_AXIS_TERM_POINT_DIAGNOSTIC,,Gamma_second_x,,0,0,0,,,,,,,,,
0.0,0.0,512,Z4C_AXIS_TERM_POINT_DIAGNOSTIC,,Gamma_second_y,,0,0,0,,,,,,,,,
0.0,0.0,512,Z4C_AXIS_TERM_POINT_DIAGNOSTIC,,Gamma_second_z,,0,0,0,,,,,,,,,
0.0,0.0,512,Z4C_RHS_TERM_DIAGNOSTIC,,A_geometric_xx,0.39318904739080307,-0.39318904739080307,5.28125,0,,,,,,,,,
0.0,0.0,512,Z4C_RHS_TERM_DIAGNOSTIC,,A_geometric_xy,0.070825894313992471,0.070825894313992471,4.6875,0.625,,,,,,,,,
0.0,0.0,512,Z4C_RHS_TERM_DIAGNOSTIC,,A_geometric_xz,0,0,16,16,,,,,,,,,
0.0,0.0,512,Z4C_RHS_TERM_DIAGNOSTIC,,A_geometric_yy,0.39561942290721502,-0.39561942290721502,5.28125,0,,,,,,,,,
0.0,0.0,512,Z4C_RHS_TERM_DIAGNOSTIC,,A_geometric_yz,0,0,16,16,,,,,,,,,
0.0,0.0,512,Z4C_RHS_TERM_DIAGNOSTIC,,A_geometric_zz,4.5055383044856923,4.5055383044856923,5.21875,0,,,,,,,,,
0.0,0.0,512,Z4C_RHS_TERM_DIAGNOSTIC,,A_trace_xx,0.13147015262582495,0.13147015262582495,5.28125,0,,,,,,,,,
0.0,0.0,512,Z4C_RHS_TERM_DIAGNOSTIC,,A_trace_xy,0,-0,16,16,,,,,,,,,
0.0,0.0,512,Z4C_RHS_TERM_DIAGNOSTIC,,A_trace_xz,0,-0,16,16,,,,,,,,,
0.0,0.0,512,Z4C_RHS_TERM_DIAGNOSTIC,,A_trace_yy,0.13147015262582495,0.13147015262582495,5.28125,0,,,,,,,,,
0.0,0.0,512,Z4C_RHS_TERM_DIAGNOSTIC,,A_trace_yz,0,-0,16,16,,,,,,,,,
0.0,0.0,512,Z4C_RHS_TERM_DIAGNOSTIC,,A_trace_zz,1.5018957950050025,1.5018957950050025,5.21875,0,,,,,,,,,
0.0,0.0,512,Z4C_RHS_TERM_DIAGNOSTIC,,A_nonlinear_xx,0,0,16,16,,,,,,,,,
0.0,0.0,512,Z4C_RHS_TERM_DIAGNOSTIC,,A_nonlinear_xy,0,0,16,16,,,,,,,,,
0.0,0.0,512,Z4C_RHS_TERM_DIAGNOSTIC,,A_nonlinear_xz,0,0,16,16,,,,,,,,,
0.0,0.0,512,Z4C_RHS_TERM_DIAGNOSTIC,,A_nonlinear_yy,0,0,16,16,,,,,,,,,
0.0,0.0,512,Z4C_RHS_TERM_DIAGNOSTIC,,A_nonlinear_yz,0,0,16,16,,,,,,,,,
0.0,0.0,512,Z4C_RHS_TERM_DIAGNOSTIC,,A_nonlinear_zz,0,0,16,16,,,,,,,,,
0.0,0.0,512,Z4C_RHS_TERM_DIAGNOSTIC,,A_lie_xx,0,0,16,16,,,,,,,,,
0.0,0.0,512,Z4C_RHS_TERM_DIAGNOSTIC,,A_lie_xy,0,0,16,16,,,,,,,,,
0.0,0.0,512,Z4C_RHS_TERM_DIAGNOSTIC,,A_lie_xz,0,0,16,16,,,,,,,,,
0.0,0.0,512,Z4C_RHS_TERM_DIAGNOSTIC,,A_lie_yy,0,0,16,16,,,,,,,,,
0.0,0.0,512,Z4C_RHS_TERM_DIAGNOSTIC,,A_lie_yz,0,0,16,16,,,,,,,,,
0.0,0.0,512,Z4C_RHS_TERM_DIAGNOSTIC,,A_lie_zz,0,0,16,16,,,,,,,,,
0.0,0.0,512,Z4C_RHS_TERM_DIAGNOSTIC,,Gamma_divergence_x,0,0,16,16,,,,,,,,,
0.0,0.0,512,Z4C_RHS_TERM_DIAGNOSTIC,,Gamma_divergence_y,0,0,16,16,,,,,,,,,
0.0,0.0,512,Z4C_RHS_TERM_DIAGNOSTIC,,Gamma_divergence_z,0,0,16,16,,,,,,,,,
0.0,0.0,512,Z4C_RHS_TERM_DIAGNOSTIC,,Gamma_lie_x,0,0,16,16,,,,,,,,,
0.0,0.0,512,Z4C_RHS_TERM_DIAGNOSTIC,,Gamma_lie_y,0,0,16,16,,,,,,,,,
0.0,0.0,512,Z4C_RHS_TERM_DIAGNOSTIC,,Gamma_lie_z,0,0,16,16,,,,,,,,,
0.0,0.0,512,Z4C_RHS_TERM_DIAGNOSTIC,,Gamma_damping_x,0,-0,16,16,,,,,,,,,
0.0,0.0,512,Z4C_RHS_TERM_DIAGNOSTIC,,Gamma_damping_y,0,-0,16,16,,,,,,,,,
0.0,0.0,512,Z4C_RHS_TERM_DIAGNOSTIC,,Gamma_damping_z,0,-0,16,16,,,,,,,,,
0.0,0.0,512,Z4C_RHS_TERM_DIAGNOSTIC,,Gamma_lapse_gradient_x,0,0,16,16,,,,,,,,,
0.0,0.0,512,Z4C_RHS_TERM_DIAGNOSTIC,,Gamma_lapse_gradient_y,0,0,16,16,,,,,,,,,
0.0,0.0,512,Z4C_RHS_TERM_DIAGNOSTIC,,Gamma_lapse_gradient_z,0,0,16,16,,,,,,,,,
0.0,0.0,512,Z4C_RHS_TERM_DIAGNOSTIC,,A_hessian_xx,0.2079524241934867,-0.2079524241934867,5.25,-0.4375,,,,,,,,,
0.0,0.0,512,Z4C_RHS_TERM_DIAGNOSTIC,,A_hessian_xy,0.11254018525928518,0.11254018525928518,5.9375,0.71875,,,,,,,,,
0.0,0.0,512,Z4C_RHS_TERM_DIAGNOSTIC,,A_hessian_xz,0,-0,16,16,,,,,,,,,
0.0,0.0,512,Z4C_RHS_TERM_DIAGNOSTIC,,A_hessian_yy,0.21978147500235481,-0.21978147500235481,5.6875,0,,,,,,,,,
0.0,0.0,512,Z4C_RHS_TERM_DIAGNOSTIC,,A_hessian_yz,0,-0,16,16,,,,,,,,,
0.0,0.0,512,Z4C_RHS_TERM_DIAGNOSTIC,,A_hessian_zz,0.27870657165834328,0.27870657165834328,4.65625,0,,,,,,,,,
0.0,0.0,512,Z4C_RHS_TERM_DIAGNOSTIC,,A_ricci_tensor_xx,0.20673510081072521,-0.20673510081072521,5.65625,0,,,,,,,,,
0.0,0.0,512,Z4C_RHS_TERM_DIAGNOSTIC,,A_ricci_tensor_xy,0.15671846115584509,-0.15671846115584509,4.59375,-0.6875,,,,,,,,,
0.0,0.0,512,Z4C_RHS_TERM_DIAGNOSTIC,,A_ricci_tensor_xz,0,0,16,16,,,,,,,,,
0.0,0.0,512,Z4C_RHS_TERM_DIAGNOSTIC,,A_ricci_tensor_yy,0.21003804516840863,-0.21003804516840863,5.25,-0.4375,,,,,,,,,
0.0,0.0,512,Z4C_RHS_TERM_DIAGNOSTIC,,A_ricci_tensor_yz,0,0,16,16,,,,,,,,,
0.0,0.0,512,Z4C_RHS_TERM_DIAGNOSTIC,,A_ricci_tensor_zz,4.5218364123685149,4.5218364123685149,5.21875,0,,,,,,,,,
0.0,0.0,512,Z4C_RHS_TERM_DIAGNOSTIC,,A_trace_lapse_xx,0.13146692592119091,0.13146692592119091,5.28125,0,,,,,,,,,
0.0,0.0,512,Z4C_RHS_TERM_DIAGNOSTIC,,A_trace_lapse_xy,0,0,16,16,,,,,,,,,
0.0,0.0,512,Z4C_RHS_TERM_DIAGNOSTIC,,A_trace_lapse_xz,0,0,16,16,,,,,,,,,
0.0,0.0,512,Z4C_RHS_TERM_DIAGNOSTIC,,A_trace_lapse_yy,0.13146692592119091,0.13146692592119091,5.28125,0,,,,,,,,,
0.0,0.0,512,Z4C_RHS_TERM_DIAGNOSTIC,,A_trace_lapse_yz,0,0,16,16,,,,,,,,,
0.0,0.0,512,Z4C_RHS_TERM_DIAGNOSTIC,,A_trace_lapse_zz,1.5018566150678516,1.5018566150678516,5.21875,0,,,,,,,,,
0.0,0.0,512,Z4C_RHS_TERM_DIAGNOSTIC,,A_trace_ricci_xx,0.00099007940531744675,-0.00099007940531744675,16,0,,,,,,,,,
0.0,0.0,512,Z4C_RHS_TERM_DIAGNOSTIC,,A_trace_ricci_xy,0,-0,16,16,,,,,,,,,
0.0,0.0,512,Z4C_RHS_TERM_DIAGNOSTIC,,A_trace_ricci_xz,0,-0,16,16,,,,,,,,,
0.0,0.0,512,Z4C_RHS_TERM_DIAGNOSTIC,,A_trace_ricci_yy,0.00099007940531744675,-0.00099007940531744675,16,0,,,,,,,,,
0.0,0.0,512,Z4C_RHS_TERM_DIAGNOSTIC,,A_trace_ricci_yz,0,-0,16,16,,,,,,,,,
0.0,0.0,512,Z4C_RHS_TERM_DIAGNOSTIC,,A_trace_ricci_zz,0.00099007940531744675,-0.00099007940531744675,16,0,,,,,,,,,
0.0,0.0,512,Z4C_RHS_TERM_DIAGNOSTIC,,Gamma_advective_x,0,0,16,16,,,,,,,,,
0.0,0.0,512,Z4C_RHS_TERM_DIAGNOSTIC,,Gamma_advective_y,0,0,16,16,,,,,,,,,
0.0,0.0,512,Z4C_RHS_TERM_DIAGNOSTIC,,Gamma_advective_z,0,0,16,16,,,,,,,,,
0.0,0.0,512,Z4C_RHS_TERM_DIAGNOSTIC,,Gamma_expansion_x,0,0,16,16,,,,,,,,,
0.0,0.0,512,Z4C_RHS_TERM_DIAGNOSTIC,,Gamma_expansion_y,0,0,16,16,,,,,,,,,
0.0,0.0,512,Z4C_RHS_TERM_DIAGNOSTIC,,Gamma_expansion_z,0,0,16,16,,,,,,,,,
0.0,0.0,512,Z4C_RHS_TERM_DIAGNOSTIC,,Gamma_ddiv_x,0,0,16,16,,,,,,,,,
0.0,0.0,512,Z4C_RHS_TERM_DIAGNOSTIC,,Gamma_ddiv_y,0,0,16,16,,,,,,,,,
0.0,0.0,512,Z4C_RHS_TERM_DIAGNOSTIC,,Gamma_ddiv_z,0,0,16,16,,,,,,,,,
0.0,0.0,512,Z4C_RHS_TERM_DIAGNOSTIC,,Gamma_contraction_x,0,0,16,16,,,,,,,,,
0.0,0.0,512,Z4C_RHS_TERM_DIAGNOSTIC,,Gamma_contraction_y,0,0,16,16,,,,,,,,,
0.0,0.0,512,Z4C_RHS_TERM_DIAGNOSTIC,,Gamma_contraction_z,0,0,16,16,,,,,,,,,
0.0,0.0,512,Z4C_RHS_TERM_DIAGNOSTIC,,Gamma_second_x,0,0,16,16,,,,,,,,,
0.0,0.0,512,Z4C_RHS_TERM_DIAGNOSTIC,,Gamma_second_y,0,0,16,16,,,,,,,,,
0.0,0.0,512,Z4C_RHS_TERM_DIAGNOSTIC,,Gamma_second_z,0,0,16,16,,,,,,,,,
0.0,0.0,512,Z4C_AXIS_RHS_PAIR_DIAGNOSTIC,,,,,,16,0,0,0,0,0,0,0,0,0
0.125,0.2029627528643316,128,Z4C_RHS_STAGE_DIAGNOSTIC,z4c_chi,,,,,,,,,,,,,,
0.125,0.2029627528643316,128,Z4C_RHS_STAGE_DIAGNOSTIC,z4c_gxx,,,,,,,,,,,,,,
0.125,0.2029627528643316,128,Z4C_RHS_STAGE_DIAGNOSTIC,z4c_gxy,,,,,,,,,,,,,,
0.125,0.2029627528643316,128,Z4C_RHS_STAGE_DIAGNOSTIC,z4c_gxz,,,,,,,,,,,,,,
0.125,0.2029627528643316,128,Z4C_RHS_STAGE_DIAGNOSTIC,z4c_gyy,,,,,,,,,,,,,,
0.125,0.2029627528643316,128,Z4C_RHS_STAGE_DIAGNOSTIC,z4c_gyz,,,,,,,,,,,,,,
0.125,0.2029627528643316,128,Z4C_RHS_STAGE_DIAGNOSTIC,z4c_gzz,,,,,,,,,,,,,,
0.125,0.2029627528643316,128,Z4C_RHS_STAGE_DIAGNOSTIC,z4c_Khat,,,,,,,,,,,,,,
0.125,0.2029627528643316,128,Z4C_RHS_STAGE_DIAGNOSTIC,z4c_Axx,,,,,,,,,,,,,,
0.125,0.2029627528643316,128,Z4C_RHS_STAGE_DIAGNOSTIC,z4c_Axy,,,,,,,,,,,,,,
0.125,0.2029627528643316,128,Z4C_RHS_STAGE_DIAGNOSTIC,z4c_Axz,,,,,,,,,,,,,,
0.125,0.2029627528643316,128,Z4C_RHS_STAGE_DIAGNOSTIC,z4c_Ayy,,,,,,,,,,,,,,
0.125,0.2029627528643316,128,Z4C_RHS_STAGE_DIAGNOSTIC,z4c_Ayz,,,,,,,,,,,,,,
0.125,0.2029627528643316,128,Z4C_RHS_STAGE_DIAGNOSTIC,z4c_Azz,,,,,,,,,,,,,,
0.125,0.2029627528643316,128,Z4C_RHS_STAGE_DIAGNOSTIC,z4c_Gamx,,,,,,,,,,,,,,
0.125,0.2029627528643316,128,Z4C_RHS_STAGE_DIAGNOSTIC,z4c_Gamy,,,,,,,,,,,,,,
0.125,0.2029627528643316,128,Z4C_RHS_STAGE_DIAGNOSTIC,z4c_Gamz,,,,,,,,,,,,,,
0.125,0.2029627528643316,128,Z4C_RHS_STAGE_DIAGNOSTIC,z4c_Theta,,,,,,,,,,,,,,
0.125,0.2029627528643316,128,Z4C_RHS_STAGE_DIAGNOSTIC,z4c_alpha,,,,,,,,,,,,,,
0.125,0.2029627528643316,128,Z4C_RHS_STAGE_DIAGNOSTIC,z4c_betax,,,,,,,,,,,,,,
0.125,0.2029627528643316,128,Z4C_RHS_STAGE_DIAGNOSTIC,z4c_betay,,,,,,,,,,,,,,
0.125,0.2029627528643316,128,Z4C_RHS_STAGE_DIAGNOSTIC,z4c_betaz,,,,,,,,,,,,,,
0.125,0.2029627528643316,128,Z4C_RHS_STAGE_DIAGNOSTIC,z4c_Bx,,,,,,,,,,,,,,
0.125,0.2029627528643316,128,Z4C_RHS_STAGE_DIAGNOSTIC,z4c_By,,,,,,,,,,,,,,
0.125,0.2029627528643316,128,Z4C_RHS_STAGE_DIAGNOSTIC,z4c_Bz,,,,,,,,,,,,,,
0.125,0.2029627528643316,128,Z4C_AXIS_RHS_PHASE_DIAGNOSTIC,z4c_chi,,,,0,0,,,,,,,,,
0.125,0.2029627528643316,128,Z4C_AXIS_RHS_PHASE_DIAGNOSTIC,z4c_gxx,,,,0,0,,,,,,,,,
0.125,0.2029627528643316,128,Z4C_AXIS_RHS_PHASE_DIAGNOSTIC,z4c_gxy,,,,0,0,,,,,,,,,
0.125,0.2029627528643316,128,Z4C_AXIS_RHS_PHASE_DIAGNOSTIC,z4c_gxz,,,,0,0,,,,,,,,,
0.125,0.2029627528643316,128,Z4C_AXIS_RHS_PHASE_DIAGNOSTIC,z4c_gyy,,,,0,0,,,,,,,,,
0.125,0.2029627528643316,128,Z4C_AXIS_RHS_PHASE_DIAGNOSTIC,z4c_gyz,,,,0,0,,,,,,,,,
0.125,0.2029627528643316,128,Z4C_AXIS_RHS_PHASE_DIAGNOSTIC,z4c_gzz,,,,0,0,,,,,,,,,
0.125,0.2029627528643316,128,Z4C_AXIS_RHS_PHASE_DIAGNOSTIC,z4c_Khat,,,,0,0,,,,,,,,,
0.125,0.2029627528643316,128,Z4C_AXIS_RHS_PHASE_DIAGNOSTIC,z4c_Axx,,,,0,0,,,,,,,,,
0.125,0.2029627528643316,128,Z4C_AXIS_RHS_PHASE_DIAGNOSTIC,z4c_Axy,,,,0,0,,,,,,,,,
0.125,0.2029627528643316,128,Z4C_AXIS_RHS_PHASE_DIAGNOSTIC,z4c_Axz,,,,0,0,,,,,,,,,
0.125,0.2029627528643316,128,Z4C_AXIS_RHS_PHASE_DIAGNOSTIC,z4c_Ayy,,,,0,0,,,,,,,,,
0.125,0.2029627528643316,128,Z4C_AXIS_RHS_PHASE_DIAGNOSTIC,z4c_Ayz,,,,0,0,,,,,,,,,
0.125,0.2029627528643316,128,Z4C_AXIS_RHS_PHASE_DIAGNOSTIC,z4c_Azz,,,,0,0,,,,,,,,,
0.125,0.2029627528643316,128,Z4C_AXIS_RHS_PHASE_DIAGNOSTIC,z4c_Gamx,,,,0,0,,,,,,,,,
0.125,0.2029627528643316,128,Z4C_AXIS_RHS_PHASE_DIAGNOSTIC,z4c_Gamy,,,,0,0,,,,,,,,,
0.125,0.2029627528643316,128,Z4C_AXIS_RHS_PHASE_DIAGNOSTIC,z4c_Gamz,,,,0,0,,,,,,,,,
0.125,0.2029627528643316,128,Z4C_AXIS_RHS_PHASE_DIAGNOSTIC,z4c_Theta,,,,0,0,,,,,,,,,
0.125,0.2029627528643316,128,Z4C_AXIS_RHS_PHASE_DIAGNOSTIC,z4c_alpha,,,,0,0,,,,,,,,,
0.125,0.2029627528643316,128,Z4C_AXIS_RHS_PHASE_DIAGNOSTIC,z4c_betax,,,,0,0,,,,,,,,,
0.125,0.2029627528643316,128,Z4C_AXIS_RHS_PHASE_DIAGNOSTIC,z4c_betay,,,,0,0,,,,,,,,,
0.125,0.2029627528643316,128,Z4C_AXIS_RHS_PHASE_DIAGNOSTIC,z4c_betaz,,,,0,0,,,,,,,,,
0.125,0.2029627528643316,128,Z4C_AXIS_RHS_PHASE_DIAGNOSTIC,z4c_Bx,,,,0,0,,,,,,,,,
0.125,0.2029627528643316,128,Z4C_AXIS_RHS_PHASE_DIAGNOSTIC,z4c_By,,,,0,0,,,,,,,,,
0.125,0.2029627528643316,128,Z4C_AXIS_RHS_PHASE_DIAGNOSTIC,z4c_Bz,,,,0,0,,,,,,,,,
0.125,0.2029627528643316,128,Z4C_AXIS_TERM_POINT_DIAGNOSTIC,,A_geometric_xx,,-2.7547559602267787e-07,0,0,,,,,,,,,
0.125,0.2029627528643316,128,Z4C_AXIS_TERM_POINT_DIAGNOSTIC,,A_geometric_xy,,-1.2247938448258988e-15,0,0,,,,,,,,,
0.125,0.2029627528643316,128,Z4C_AXIS_TERM_POINT_DIAGNOSTIC,,A_geometric_xz,,0,0,0,,,,,,,,,
0.125,0.2029627528643316,128,Z4C_AXIS_TERM_POINT_DIAGNOSTIC,,A_geometric_yy,,-2.1211987307659435e-06,0,0,,,,,,,,,
0.125,0.2029627528643316,128,Z4C_AXIS_TERM_POINT_DIAGNOSTIC,,A_geometric_yz,,0,0,0,,,,,,,,,
0.125,0.2029627528643316,128,Z4C_AXIS_TERM_POINT_DIAGNOSTIC,,A_geometric_zz,,-2.7547559602267787e-07,0,0,,,,,,,,,
0.125,0.2029627528643316,128,Z4C_AXIS_TERM_POINT_DIAGNOSTIC,,A_trace_xx,,8.907166310712939e-07,0,0,,,,,,,,,
0.125,0.2029627528643316,128,Z4C_AXIS_TERM_POINT_DIAGNOSTIC,,A_trace_xy,,0,0,0,,,,,,,,,
0.125,0.2029627528643316,128,Z4C_AXIS_TERM_POINT_DIAGNOSTIC,,A_trace_xz,,0,0,0,,,,,,,,,
0.125,0.2029627528643316,128,Z4C_AXIS_TERM_POINT_DIAGNOSTIC,,A_trace_yy,,8.9071664349953103e-07,0,0,,,,,,,,,
0.125,0.2029627528643316,128,Z4C_AXIS_TERM_POINT_DIAGNOSTIC,,A_trace_yz,,0,0,0,,,,,,,,,
0.125,0.2029627528643316,128,Z4C_AXIS_TERM_POINT_DIAGNOSTIC,,A_trace_zz,,8.907166310712939e-07,0,0,,,,,,,,,
0.125,0.2029627528643316,128,Z4C_AXIS_TERM_POINT_DIAGNOSTIC,,A_nonlinear_xx,,-6.7891995802189515e-15,0,0,,,,,,,,,
0.125,0.2029627528643316,128,Z4C_AXIS_TERM_POINT_DIAGNOSTIC,,A_nonlinear_xy,,-0,0,0,,,,,,,,,
0.125,0.2029627528643316,128,Z4C_AXIS_TERM_POINT_DIAGNOSTIC,,A_nonlinear_xz,,-0,0,0,,,,,,,,,
0.125,0.2029627528643316,128,Z4C_AXIS_TERM_POINT_DIAGNOSTIC,,A_nonlinear_yy,,7.4148976976271585e-16,0,0,,,,,,,,,
0.125,0.2029627528643316,128,Z4C_AXIS_TERM_POINT_DIAGNOSTIC,,A_nonlinear_yz,,-0,0,0,,,,,,,,,
0.125,0.2029627528643316,128,Z4C_AXIS_TERM_POINT_DIAGNOSTIC,,A_nonlinear_zz,,-6.7891995802189515e-15,0,0,,,,,,,,,
0.125,0.2029627528643316,128,Z4C_AXIS_TERM_POINT_DIAGNOSTIC,,A_lie_xx,,-1.6472196224272509e-15,0,0,,,,,,,,,
0.125,0.2029627528643316,128,Z4C_AXIS_TERM_POINT_DIAGNOSTIC,,A_lie_xy,,2.0563337651250946e-41,0,0,,,,,,,,,
0.125,0.2029627528643316,128,Z4C_AXIS_TERM_POINT_DIAGNOSTIC,,A_lie_xz,,0,0,0,,,,,,,,,
0.125,0.2029627528643316,128,Z4C_AXIS_TERM_POINT_DIAGNOSTIC,,A_lie_yy,,-6.5888785816458149e-15,0,0,,,,,,,,,
0.125,0.2029627528643316,128,Z4C_AXIS_TERM_POINT_DIAGNOSTIC,,A_lie_yz,,0,0,0,,,,,,,,,
0.125,0.2029627528643316,128,Z4C_AXIS_TERM_POINT_DIAGNOSTIC,,A_lie_zz,,-1.6472196224272509e-15,0,0,,,,,,,,,
0.125,0.2029627528643316,128,Z4C_AXIS_TERM_POINT_DIAGNOSTIC,,Gamma_divergence_x,,2.1879805699204826e-23,0,0,,,,,,,,,
0.125,0.2029627528643316,128,Z4C_AXIS_TERM_POINT_DIAGNOSTIC,,Gamma_divergence_y,,1.895859314271918e-16,0,0,,,,,,,,,
0.125,0.2029627528643316,128,Z4C_AXIS_TERM_POINT_DIAGNOSTIC,,Gamma_divergence_z,,0,0,0,,,,,,,,,
0.125,0.2029627528643316,128,Z4C_AXIS_TERM_POINT_DIAGNOSTIC,,Gamma_lie_x,,-1.6342764226660226e-23,0,0,,,,,,,,,
0.125,0.2029627528643316,128,Z4C_AXIS_TERM_POINT_DIAGNOSTIC,,Gamma_lie_y,,-1.505450895061052e-15,0,0,,,,,,,,,
0.125,0.2029627528643316,128,Z4C_AXIS_TERM_POINT_DIAGNOSTIC,,Gamma_lie_z,,0,0,0,,,,,,,,,
0.125,0.2029627528643316,128,Z4C_AXIS_TERM_POINT_DIAGNOSTIC,,Gamma_damping_x,,-0,0,0,,,,,,,,,
0.125,0.2029627528643316,128,Z4C_AXIS_TERM_POINT_DIAGNOSTIC,,Gamma_damping_y,,-0,0,0,,,,,,,,,
0.125,0.2029627528643316,128,Z4C_AXIS_TERM_POINT_DIAGNOSTIC,,Gamma_damping_z,,-0,0,0,,,,,,,,,
0.125,0.2029627528643316,128,Z4C_AXIS_TERM_POINT_DIAGNOSTIC,,Gamma_lapse_gradient_x,,4.7577249390863097e-24,0,0,,,,,,,,,
0.125,0.2029627528643316,128,Z4C_AXIS_TERM_POINT_DIAGNOSTIC,,Gamma_lapse_gradient_y,,-6.4404266925469974e-24,0,0,,,,,,,,,
0.125,0.2029627528643316,128,Z4C_AXIS_TERM_POINT_DIAGNOSTIC,,Gamma_lapse_gradient_z,,0,0,0,,,,,,,,,
0.125,0.2029627528643316,128,Z4C_AXIS_TERM_POINT_DIAGNOSTIC,,A_hessian_xx,,0.0021132862822632013,0,0,,,,,,,,,
0.125,0.2029627528643316,128,Z4C_AXIS_TERM_POINT_DIAGNOSTIC,,A_hessian_xy,,-7.7876299204795609e-16,0,0,,,,,,,,,
0.125,0.2029627528643316,128,Z4C_AXIS_TERM_POINT_DIAGNOSTIC,,A_hessian_xz,,-0,0,0,,,,,,,,,
0.125,0.2029627528643316,128,Z4C_AXIS_TERM_POINT_DIAGNOSTIC,,A_hessian_yy,,-0.0042292386319282456,0,0,,,,,,,,,
0.125,0.2029627528643316,128,Z4C_AXIS_TERM_POINT_DIAGNOSTIC,,A_hessian_yz,,-0,0,0,,,,,,,,,
0.125,0.2029627528643316,128,Z4C_AXIS_TERM_POINT_DIAGNOSTIC,,A_hessian_zz,,0.0021132862822632013,0,0,,,,,,,,,
0.125,0.2029627528643316,128,Z4C_AXIS_TERM_POINT_DIAGNOSTIC,,A_ricci_tensor_xx,,-0.0021135617578592241,0,0,,,,,,,,,
0.125,0.2029627528643316,128,Z4C_AXIS_TERM_POINT_DIAGNOSTIC,,A_ricci_tensor_xy,,-4.4603085277794273e-16,0,0,,,,,,,,,
0.125,0.2029627528643316,128,Z4C_AXIS_TERM_POINT_DIAGNOSTIC,,A_ricci_tensor_xz,,0,0,0,,,,,,,,,
0.125,0.2029627528643316,128,Z4C_AXIS_TERM_POINT_DIAGNOSTIC,,A_ricci_tensor_yy,,0.0042271174331974795,0,0,,,,,,,,,
0.125,0.2029627528643316,128,Z4C_AXIS_TERM_POINT_DIAGNOSTIC,,A_ricci_tensor_yz,,0,0,0,,,,,,,,,
0.125,0.2029627528643316,128,Z4C_AXIS_TERM_POINT_DIAGNOSTIC,,A_ricci_tensor_zz,,-0.0021135617578592241,0,0,,,,,,,,,
0.125,0.2029627528643316,128,Z4C_AXIS_TERM_POINT_DIAGNOSTIC,,A_trace_lapse_xx,,8.8866946365147711e-07,0,0,,,,,,,,,
0.125,0.2029627528643316,128,Z4C_AXIS_TERM_POINT_DIAGNOSTIC,,A_trace_lapse_xy,,0,0,0,,,,,,,,,
0.125,0.2029627528643316,128,Z4C_AXIS_TERM_POINT_DIAGNOSTIC,,A_trace_lapse_xz,,0,0,0,,,,,,,,,
0.125,0.2029627528643316,128,Z4C_AXIS_TERM_POINT_DIAGNOSTIC,,A_trace_lapse_yy,,8.8866947605114997e-07,0,0,,,,,,,,,
0.125,0.2029627528643316,128,Z4C_AXIS_TERM_POINT_DIAGNOSTIC,,A_trace_lapse_yz,,0,0,0,,,,,,,,,
0.125,0.2029627528643316,128,Z4C_AXIS_TERM_POINT_DIAGNOSTIC,,A_trace_lapse_zz,,8.8866946365147711e-07,0,0,,,,,,,,,
0.125,0.2029627528643316,128,Z4C_AXIS_TERM_POINT_DIAGNOSTIC,,A_trace_ricci_xx,,2.0471674198168256e-09,0,0,,,,,,,,,
0.125,0.2029627528643316,128,Z4C_AXIS_TERM_POINT_DIAGNOSTIC,,A_trace_ricci_xy,,0,0,0,,,,,,,,,
0.125,0.2029627528643316,128,Z4C_AXIS_TERM_POINT_DIAGNOSTIC,,A_trace_ricci_xz,,0,0,0,,,,,,,,,
0.125,0.2029627528643316,128,Z4C_AXIS_TERM_POINT_DIAGNOSTIC,,A_trace_ricci_yy,,2.0471674483811088e-09,0,0,,,,,,,,,
0.125,0.2029627528643316,128,Z4C_AXIS_TERM_POINT_DIAGNOSTIC,,A_trace_ricci_yz,,0,0,0,,,,,,,,,
0.125,0.2029627528643316,128,Z4C_AXIS_TERM_POINT_DIAGNOSTIC,,A_trace_ricci_zz,,2.0471674198168256e-09,0,0,,,,,,,,,
0.125,0.2029627528643316,128,Z4C_AXIS_TERM_POINT_DIAGNOSTIC,,Gamma_advective_x,,0,0,0,,,,,,,,,
0.125,0.2029627528643316,128,Z4C_AXIS_TERM_POINT_DIAGNOSTIC,,Gamma_advective_y,,-7.2517698287057115e-24,0,0,,,,,,,,,
0.125,0.2029627528643316,128,Z4C_AXIS_TERM_POINT_DIAGNOSTIC,,Gamma_advective_z,,0,0,0,,,,,,,,,
0.125,0.2029627528643316,128,Z4C_AXIS_TERM_POINT_DIAGNOSTIC,,Gamma_expansion_x,,-2.9407193866813026e-24,0,0,,,,,,,,,
0.125,0.2029627528643316,128,Z4C_AXIS_TERM_POINT_DIAGNOSTIC,,Gamma_expansion_y,,-3.9218801895249009e-23,0,0,,,,,,,,,
0.125,0.2029627528643316,128,Z4C_AXIS_TERM_POINT_DIAGNOSTIC,,Gamma_expansion_z,,0,0,0,,,,,,,,,
0.125,0.2029627528643316,128,Z4C_AXIS_TERM_POINT_DIAGNOSTIC,,Gamma_ddiv_x,,-6.843989262891707e-24,0,0,,,,,,,,,
0.125,0.2029627528643316,128,Z4C_AXIS_TERM_POINT_DIAGNOSTIC,,Gamma_ddiv_y,,-9.1645112410305482e-16,0,0,,,,,,,,,
0.125,0.2029627528643316,128,Z4C_AXIS_TERM_POINT_DIAGNOSTIC,,Gamma_ddiv_z,,0,0,0,,,,,,,,,
0.125,0.2029627528643316,128,Z4C_AXIS_TERM_POINT_DIAGNOSTIC,,Gamma_contraction_x,,7.3902234918365925e-25,0,0,,,,,,,,,
0.125,0.2029627528643316,128,Z4C_AXIS_TERM_POINT_DIAGNOSTIC,,Gamma_contraction_y,,3.9116311092804576e-23,0,0,,,,,,,,,
0.125,0.2029627528643316,128,Z4C_AXIS_TERM_POINT_DIAGNOSTIC,,Gamma_contraction_z,,0,0,0,,,,,,,,,
0.125,0.2029627528643316,128,Z4C_AXIS_TERM_POINT_DIAGNOSTIC,,Gamma_second_x,,-7.2970779262708746e-24,0,0,,,,,,,,,
0.125,0.2029627528643316,128,Z4C_AXIS_TERM_POINT_DIAGNOSTIC,,Gamma_second_y,,-5.8899976360373656e-16,0,0,,,,,,,,,
0.125,0.2029627528643316,128,Z4C_AXIS_TERM_POINT_DIAGNOSTIC,,Gamma_second_z,,0,0,0,,,,,,,,,
0.125,0.2029627528643316,128,Z4C_RHS_TERM_DIAGNOSTIC,,A_geometric_xx,0.38102030093339911,-0.38102030093339911,5.25,0,,,,,,,,,
0.125,0.2029627528643316,128,Z4C_RHS_TERM_DIAGNOSTIC,,A_geometric_xy,0.076839282496465391,0.076839282496465391,4.75,0.625,,,,,,,,,
0.125,0.2029627528643316,128,Z4C_RHS_TERM_DIAGNOSTIC,,A_geometric_xz,0,0,16,16,,,,,,,,,
0.125,0.2029627528643316,128,Z4C_RHS_TERM_DIAGNOSTIC,,A_geometric_yy,0.38235345945919674,-0.38235345945919674,5.25,0,,,,,,,,,
0.125,0.2029627528643316,128,Z4C_RHS_TERM_DIAGNOSTIC,,A_geometric_yz,0,0,16,16,,,,,,,,,
0.125,0.2029627528643316,128,Z4C_RHS_TERM_DIAGNOSTIC,,A_geometric_zz,4.1718026724889805,4.1718026724889805,5.25,0,,,,,,,,,
0.125,0.2029627528643316,128,Z4C_RHS_TERM_DIAGNOSTIC,,A_trace_xx,0.11379785440791951,0.11379785440791951,5.25,0,,,,,,,,,
0.125,0.2029627528643316,128,Z4C_RHS_TERM_DIAGNOSTIC,,A_trace_xy,0.0024910352775523985,-0.0024910352775523985,4.875,-0.375,,,,,,,,,
0.125,0.2029627528643316,128,Z4C_RHS_TERM_DIAGNOSTIC,,A_trace_xz,0,-0,16,16,,,,,,,,,
0.125,0.2029627528643316,128,Z4C_RHS_TERM_DIAGNOSTIC,,A_trace_yy,0.11300343543333831,0.11300343543333831,5.25,0,,,,,,,,,
0.125,0.2029627528643316,128,Z4C_RHS_TERM_DIAGNOSTIC,,A_trace_yz,0,-0,16,16,,,,,,,,,
0.125,0.2029627528643316,128,Z4C_RHS_TERM_DIAGNOSTIC,,A_trace_zz,1.1179133256245342,1.1179133256245342,5.25,0,,,,,,,,,
0.125,0.2029627528643316,128,Z4C_RHS_TERM_DIAGNOSTIC,,A_nonlinear_xx,0.0012976401480393096,-0.0012976401480393096,5,0,,,,,,,,,
0.125,0.2029627528643316,128,Z4C_RHS_TERM_DIAGNOSTIC,,A_nonlinear_xy,0.00062218733936911512,0.00062218733936911512,4.875,0.375,,,,,,,,,
0.125,0.2029627528643316,128,Z4C_RHS_TERM_DIAGNOSTIC,,A_nonlinear_xz,0,-0,16,16,,,,,,,,,
0.125,0.2029627528643316,128,Z4C_RHS_TERM_DIAGNOSTIC,,A_nonlinear_yy,0.0012877211973460908,-0.0012877211973460908,5.25,-0.25,,,,,,,,,
0.125,0.2029627528643316,128,Z4C_RHS_TERM_DIAGNOSTIC,,A_nonlinear_yz,0,-0,16,16,,,,,,,,,
0.125,0.2029627528643316,128,Z4C_RHS_TERM_DIAGNOSTIC,,A_nonlinear_zz,0.23295638413056965,-0.23295638413056965,5.25,0,,,,,,,,,
0.125,0.2029627528643316,128,Z4C_RHS_TERM_DIAGNOSTIC,,A_lie_xx,0.021535738991590583,0.021535738991590583,4.5,0,,,,,,,,,
0.125,0.2029627528643316,128,Z4C_RHS_TERM_DIAGNOSTIC,,A_lie_xy,0.0053615507581955216,0.0053615507581955216,5.625,0.5,,,,,,,,,
0.125,0.2029627528643316,128,Z4C_RHS_TERM_DIAGNOSTIC,,A_lie_xz,0,0,16,16,,,,,,,,,
0.125,0.2029627528643316,128,Z4C_RHS_TERM_DIAGNOSTIC,,A_lie_yy,0.020317549394437834,0.020317549394437834,5,0.625,,,,,,,,,
0.125,0.2029627528643316,128,Z4C_RHS_TERM_DIAGNOSTIC,,A_lie_yz,0,0,16,16,,,,,,,,,
0.125,0.2029627528643316,128,Z4C_RHS_TERM_DIAGNOSTIC,,A_lie_zz,0.80297755068934906,-0.80297755068934906,5,0,,,,,,,,,
0.125,0.2029627528643316,128,Z4C_RHS_TERM_DIAGNOSTIC,,Gamma_divergence_x,0.16421868238167861,-0.16421868238167861,5.875,0,,,,,,,,,
0.125,0.2029627528643316,128,Z4C_RHS_TERM_DIAGNOSTIC,,Gamma_divergence_y,0.14889116662875826,-0.14889116662875826,5.25,0.625,,,,,,,,,
0.125,0.2029627528643316,128,Z4C_RHS_TERM_DIAGNOSTIC,,Gamma_divergence_z,0,0,16,16,,,,,,,,,
0.125,0.2029627528643316,128,Z4C_RHS_TERM_DIAGNOSTIC,,Gamma_lie_x,4.0887296356968266,4.0887296356968266,4.875,0,,,,,,,,,
0.125,0.2029627528643316,128,Z4C_RHS_TERM_DIAGNOSTIC,,Gamma_lie_y,3.662894140731531,-3.662894140731531,5.25,0.375,,,,,,,,,
0.125,0.2029627528643316,128,Z4C_RHS_TERM_DIAGNOSTIC,,Gamma_lie_z,0,0,16,16,,,,,,,,,
0.125,0.2029627528643316,128,Z4C_RHS_TERM_DIAGNOSTIC,,Gamma_damping_x,0,-0,16,16,,,,,,,,,
0.125,0.2029627528643316,128,Z4C_RHS_TERM_DIAGNOSTIC,,Gamma_damping_y,0,-0,16,16,,,,,,,,,
0.125,0.2029627528643316,128,Z4C_RHS_TERM_DIAGNOSTIC,,Gamma_damping_z,0,-0,16,16,,,,,,,,,
0.125,0.2029627528643316,128,Z4C_RHS_TERM_DIAGNOSTIC,,Gamma_lapse_gradient_x,0.061775691545862571,0.061775691545862571,5.625,0,,,,,,,,,
0.125,0.2029627528643316,128,Z4C_RHS_TERM_DIAGNOSTIC,,Gamma_lapse_gradient_y,0.049726581448180304,0.049726581448180304,5.25,0.5,,,,,,,,,
0.125,0.2029627528643316,128,Z4C_RHS_TERM_DIAGNOSTIC,,Gamma_lapse_gradient_z,0,0,16,16,,,,,,,,,
0.125,0.2029627528643316,128,Z4C_RHS_TERM_DIAGNOSTIC,,A_hessian_xx,0.19110881831477958,-0.19110881831477958,5.25,0.5,,,,,,,,,
0.125,0.2029627528643316,128,Z4C_RHS_TERM_DIAGNOSTIC,,A_hessian_xy,0.10081411642134558,0.10081411642134558,6,0.75,,,,,,,,,
0.125,0.2029627528643316,128,Z4C_RHS_TERM_DIAGNOSTIC,,A_hessian_xz,0,-0,16,16,,,,,,,,,
0.125,0.2029627528643316,128,Z4C_RHS_TERM_DIAGNOSTIC,,A_hessian_yy,0.20123332987061426,-0.20123332987061426,5.75,0,,,,,,,,,
0.125,0.2029627528643316,128,Z4C_RHS_TERM_DIAGNOSTIC,,A_hessian_yz,0,-0,16,16,,,,,,,,,
0.125,0.2029627528643316,128,Z4C_RHS_TERM_DIAGNOSTIC,,A_hessian_zz,0.23132111897707475,0.23132111897707475,4.625,0,,,,,,,,,
0.125,0.2029627528643316,128,Z4C_RHS_TERM_DIAGNOSTIC,,A_ricci_tensor_xx,0.20753733741780844,-0.20753733741780844,5.5,0,,,,,,,,,
0.125,0.2029627528643316,128,Z4C_RHS_TERM_DIAGNOSTIC,,A_ricci_tensor_xy,0.15450051394871503,-0.15450051394871503,4.625,-0.625,,,,,,,,,
0.125,0.2029627528643316,128,Z4C_RHS_TERM_DIAGNOSTIC,,A_ricci_tensor_xz,0,0,16,16,,,,,,,,,
0.125,0.2029627528643316,128,Z4C_RHS_TERM_DIAGNOSTIC,,A_ricci_tensor_yy,0.21212335965683907,-0.21212335965683907,5.25,0.25,,,,,,,,,
0.125,0.2029627528643316,128,Z4C_RHS_TERM_DIAGNOSTIC,,A_ricci_tensor_yz,0,0,16,16,,,,,,,,,
0.125,0.2029627528643316,128,Z4C_RHS_TERM_DIAGNOSTIC,,A_ricci_tensor_zz,4.1829055708718732,4.1829055708718732,5.25,0,,,,,,,,,
0.125,0.2029627528643316,128,Z4C_RHS_TERM_DIAGNOSTIC,,A_trace_lapse_xx,0.11660145930709433,0.11660145930709433,5.25,0,,,,,,,,,
0.125,0.2029627528643316,128,Z4C_RHS_TERM_DIAGNOSTIC,,A_trace_lapse_xy,0.0025312816850665059,-0.0025312816850665059,4.875,-0.375,,,,,,,,,
0.125,0.2029627528643316,128,Z4C_RHS_TERM_DIAGNOSTIC,,A_trace_lapse_xz,0,0,16,16,,,,,,,,,
0.125,0.2029627528643316,128,Z4C_RHS_TERM_DIAGNOSTIC,,A_trace_lapse_yy,0.11578746846149041,0.11578746846149041,5.25,0,,,,,,,,,
0.125,0.2029627528643316,128,Z4C_RHS_TERM_DIAGNOSTIC,,A_trace_lapse_yz,0,0,16,16,,,,,,,,,
0.125,0.2029627528643316,128,Z4C_RHS_TERM_DIAGNOSTIC,,A_trace_lapse_zz,1.1454550336196512,1.1454550336196512,5.25,0,,,,,,,,,
0.125,0.2029627528643316,128,Z4C_RHS_TERM_DIAGNOSTIC,,A_trace_ricci_xx,0.0028036048991748152,-0.0028036048991748152,5.25,0,,,,,,,,,
0.125,0.2029627528643316,128,Z4C_RHS_TERM_DIAGNOSTIC,,A_trace_ricci_xy,4.1979720816246453e-05,-4.1979720816246453e-05,5.625,-0.375,,,,,,,,,
0.125,0.2029627528643316,128,Z4C_RHS_TERM_DIAGNOSTIC,,A_trace_ricci_xz,0,-0,16,16,,,,,,,,,
0.125,0.2029627528643316,128,Z4C_RHS_TERM_DIAGNOSTIC,,A_trace_ricci_yy,0.0027840330281521022,-0.0027840330281521022,5.25,0,,,,,,,,,
0.125,0.2029627528643316,128,Z4C_RHS_TERM_DIAGNOSTIC,,A_trace_ricci_yz,0,-0,16,16,,,,,,,,,
0.125,0.2029627528643316,128,Z4C_RHS_TERM_DIAGNOSTIC,,A_trace_ricci_zz,0.02754170799511698,-0.02754170799511698,5.25,0,,,,,,,,,
0.125,0.2029627528643316,128,Z4C_RHS_TERM_DIAGNOSTIC,,Gamma_advective_x,0.30396456497012342,-0.30396456497012342,4.875,0,,,,,,,,,
0.125,0.2029627528643316,128,Z4C_RHS_TERM_DIAGNOSTIC,,Gamma_advective_y,0.21587156320314307,0.21587156320314307,5.25,0.375,,,,,,,,,
0.125,0.2029627528643316,128,Z4C_RHS_TERM_DIAGNOSTIC,,Gamma_advective_z,0,0,16,16,,,,,,,,,
0.125,0.2029627528643316,128,Z4C_RHS_TERM_DIAGNOSTIC,,Gamma_expansion_x,0.36723184009439203,-0.36723184009439203,4.875,0,,,,,,,,,
0.125,0.2029627528643316,128,Z4C_RHS_TERM_DIAGNOSTIC,,Gamma_expansion_y,0.25712853964619403,0.25712853964619403,5.25,0.375,,,,,,,,,
0.125,0.2029627528643316,128,Z4C_RHS_TERM_DIAGNOSTIC,,Gamma_expansion_z,0,0,16,16,,,,,,,,,
0.125,0.2029627528643316,128,Z4C_RHS_TERM_DIAGNOSTIC,,Gamma_ddiv_x,1.1090259255297583,1.1090259255297583,4.875,0,,,,,,,,,
0.125,0.2029627528643316,128,Z4C_RHS_TERM_DIAGNOSTIC,,Gamma_ddiv_y,1.0105552302446033,-1.0105552302446033,5.25,0.375,,,,,,,,,
0.125,0.2029627528643316,128,Z4C_RHS_TERM_DIAGNOSTIC,,Gamma_ddiv_z,0,0,16,16,,,,,,,,,
0.125,0.2029627528643316,128,Z4C_RHS_TERM_DIAGNOSTIC,,Gamma_contraction_x,0.26286046409726493,0.26286046409726493,5,0,,,,,,,,,
0.125,0.2029627528643316,128,Z4C_RHS_TERM_DIAGNOSTIC,,Gamma_contraction_y,0.14857966549358059,0.14857966549358059,4.875,0.875,,,,,,,,,
0.125,0.2029627528643316,128,Z4C_RHS_TERM_DIAGNOSTIC,,Gamma_contraction_z,0,0,16,16,,,,,,,,,
0.125,0.2029627528643316,128,Z4C_RHS_TERM_DIAGNOSTIC,,Gamma_second_x,3.4186090772111961,3.4186090772111961,4.875,0,,,,,,,,,
0.125,0.2029627528643316,128,Z4C_RHS_TERM_DIAGNOSTIC,,Gamma_second_y,2.9796366974477282,-2.9796366974477282,5.25,0.375,,,,,,,,,
0.125,0.2029627528643316,128,Z4C_RHS_TERM_DIAGNOSTIC,,Gamma_second_z,0,0,16,16,,,,,,,,,
0.125,0.2029627528643316,128,Z4C_AXIS_RHS_PAIR_DIAGNOSTIC,,,,,,16,0,0,0,0,0,0,0,0,0
0.125,0.2029627528643316,256,Z4C_RHS_STAGE_DIAGNOSTIC,z4c_chi,,,,,,,,,,,,,,
0.125,0.2029627528643316,256,Z4C_RHS_STAGE_DIAGNOSTIC,z4c_gxx,,,,,,,,,,,,,,
0.125,0.2029627528643316,256,Z4C_RHS_STAGE_DIAGNOSTIC,z4c_gxy,,,,,,,,,,,,,,
0.125,0.2029627528643316,256,Z4C_RHS_STAGE_DIAGNOSTIC,z4c_gxz,,,,,,,,,,,,,,
0.125,0.2029627528643316,256,Z4C_RHS_STAGE_DIAGNOSTIC,z4c_gyy,,,,,,,,,,,,,,
0.125,0.2029627528643316,256,Z4C_RHS_STAGE_DIAGNOSTIC,z4c_gyz,,,,,,,,,,,,,,
0.125,0.2029627528643316,256,Z4C_RHS_STAGE_DIAGNOSTIC,z4c_gzz,,,,,,,,,,,,,,
0.125,0.2029627528643316,256,Z4C_RHS_STAGE_DIAGNOSTIC,z4c_Khat,,,,,,,,,,,,,,
0.125,0.2029627528643316,256,Z4C_RHS_STAGE_DIAGNOSTIC,z4c_Axx,,,,,,,,,,,,,,
0.125,0.2029627528643316,256,Z4C_RHS_STAGE_DIAGNOSTIC,z4c_Axy,,,,,,,,,,,,,,
0.125,0.2029627528643316,256,Z4C_RHS_STAGE_DIAGNOSTIC,z4c_Axz,,,,,,,,,,,,,,
0.125,0.2029627528643316,256,Z4C_RHS_STAGE_DIAGNOSTIC,z4c_Ayy,,,,,,,,,,,,,,
0.125,0.2029627528643316,256,Z4C_RHS_STAGE_DIAGNOSTIC,z4c_Ayz,,,,,,,,,,,,,,
0.125,0.2029627528643316,256,Z4C_RHS_STAGE_DIAGNOSTIC,z4c_Azz,,,,,,,,,,,,,,
0.125,0.2029627528643316,256,Z4C_RHS_STAGE_DIAGNOSTIC,z4c_Gamx,,,,,,,,,,,,,,
0.125,0.2029627528643316,256,Z4C_RHS_STAGE_DIAGNOSTIC,z4c_Gamy,,,,,,,,,,,,,,
0.125,0.2029627528643316,256,Z4C_RHS_STAGE_DIAGNOSTIC,z4c_Gamz,,,,,,,,,,,,,,
0.125,0.2029627528643316,256,Z4C_RHS_STAGE_DIAGNOSTIC,z4c_Theta,,,,,,,,,,,,,,
0.125,0.2029627528643316,256,Z4C_RHS_STAGE_DIAGNOSTIC,z4c_alpha,,,,,,,,,,,,,,
0.125,0.2029627528643316,256,Z4C_RHS_STAGE_DIAGNOSTIC,z4c_betax,,,,,,,,,,,,,,
0.125,0.2029627528643316,256,Z4C_RHS_STAGE_DIAGNOSTIC,z4c_betay,,,,,,,,,,,,,,
0.125,0.2029627528643316,256,Z4C_RHS_STAGE_DIAGNOSTIC,z4c_betaz,,,,,,,,,,,,,,
0.125,0.2029627528643316,256,Z4C_RHS_STAGE_DIAGNOSTIC,z4c_Bx,,,,,,,,,,,,,,
0.125,0.2029627528643316,256,Z4C_RHS_STAGE_DIAGNOSTIC,z4c_By,,,,,,,,,,,,,,
0.125,0.2029627528643316,256,Z4C_RHS_STAGE_DIAGNOSTIC,z4c_Bz,,,,,,,,,,,,,,
0.125,0.2029627528643316,256,Z4C_AXIS_RHS_PHASE_DIAGNOSTIC,z4c_chi,,,,0,0,,,,,,,,,
0.125,0.2029627528643316,256,Z4C_AXIS_RHS_PHASE_DIAGNOSTIC,z4c_gxx,,,,0,0,,,,,,,,,
0.125,0.2029627528643316,256,Z4C_AXIS_RHS_PHASE_DIAGNOSTIC,z4c_gxy,,,,0,0,,,,,,,,,
0.125,0.2029627528643316,256,Z4C_AXIS_RHS_PHASE_DIAGNOSTIC,z4c_gxz,,,,0,0,,,,,,,,,
0.125,0.2029627528643316,256,Z4C_AXIS_RHS_PHASE_DIAGNOSTIC,z4c_gyy,,,,0,0,,,,,,,,,
0.125,0.2029627528643316,256,Z4C_AXIS_RHS_PHASE_DIAGNOSTIC,z4c_gyz,,,,0,0,,,,,,,,,
0.125,0.2029627528643316,256,Z4C_AXIS_RHS_PHASE_DIAGNOSTIC,z4c_gzz,,,,0,0,,,,,,,,,
0.125,0.2029627528643316,256,Z4C_AXIS_RHS_PHASE_DIAGNOSTIC,z4c_Khat,,,,0,0,,,,,,,,,
0.125,0.2029627528643316,256,Z4C_AXIS_RHS_PHASE_DIAGNOSTIC,z4c_Axx,,,,0,0,,,,,,,,,
0.125,0.2029627528643316,256,Z4C_AXIS_RHS_PHASE_DIAGNOSTIC,z4c_Axy,,,,0,0,,,,,,,,,
0.125,0.2029627528643316,256,Z4C_AXIS_RHS_PHASE_DIAGNOSTIC,z4c_Axz,,,,0,0,,,,,,,,,
0.125,0.2029627528643316,256,Z4C_AXIS_RHS_PHASE_DIAGNOSTIC,z4c_Ayy,,,,0,0,,,,,,,,,
0.125,0.2029627528643316,256,Z4C_AXIS_RHS_PHASE_DIAGNOSTIC,z4c_Ayz,,,,0,0,,,,,,,,,
0.125,0.2029627528643316,256,Z4C_AXIS_RHS_PHASE_DIAGNOSTIC,z4c_Azz,,,,0,0,,,,,,,,,
0.125,0.2029627528643316,256,Z4C_AXIS_RHS_PHASE_DIAGNOSTIC,z4c_Gamx,,,,0,0,,,,,,,,,
0.125,0.2029627528643316,256,Z4C_AXIS_RHS_PHASE_DIAGNOSTIC,z4c_Gamy,,,,0,0,,,,,,,,,
0.125,0.2029627528643316,256,Z4C_AXIS_RHS_PHASE_DIAGNOSTIC,z4c_Gamz,,,,0,0,,,,,,,,,
0.125,0.2029627528643316,256,Z4C_AXIS_RHS_PHASE_DIAGNOSTIC,z4c_Theta,,,,0,0,,,,,,,,,
0.125,0.2029627528643316,256,Z4C_AXIS_RHS_PHASE_DIAGNOSTIC,z4c_alpha,,,,0,0,,,,,,,,,
0.125,0.2029627528643316,256,Z4C_AXIS_RHS_PHASE_DIAGNOSTIC,z4c_betax,,,,0,0,,,,,,,,,
0.125,0.2029627528643316,256,Z4C_AXIS_RHS_PHASE_DIAGNOSTIC,z4c_betay,,,,0,0,,,,,,,,,
0.125,0.2029627528643316,256,Z4C_AXIS_RHS_PHASE_DIAGNOSTIC,z4c_betaz,,,,0,0,,,,,,,,,
0.125,0.2029627528643316,256,Z4C_AXIS_RHS_PHASE_DIAGNOSTIC,z4c_Bx,,,,0,0,,,,,,,,,
0.125,0.2029627528643316,256,Z4C_AXIS_RHS_PHASE_DIAGNOSTIC,z4c_By,,,,0,0,,,,,,,,,
0.125,0.2029627528643316,256,Z4C_AXIS_RHS_PHASE_DIAGNOSTIC,z4c_Bz,,,,0,0,,,,,,,,,
0.125,0.2029627528643316,256,Z4C_AXIS_TERM_POINT_DIAGNOSTIC,,A_geometric_xx,,-2.766336119046732e-07,0,0,,,,,,,,,
0.125,0.2029627528643316,256,Z4C_AXIS_TERM_POINT_DIAGNOSTIC,,A_geometric_xy,,6.3537092404410527e-15,0,0,,,,,,,,,
0.125,0.2029627528643316,256,Z4C_AXIS_TERM_POINT_DIAGNOSTIC,,A_geometric_xz,,0,0,0,,,,,,,,,
0.125,0.2029627528643316,256,Z4C_AXIS_TERM_POINT_DIAGNOSTIC,,A_geometric_yy,,-2.1210167277172572e-06,0,0,,,,,,,,,
0.125,0.2029627528643316,256,Z4C_AXIS_TERM_POINT_DIAGNOSTIC,,A_geometric_yz,,0,0,0,,,,,,,,,
0.125,0.2029627528643316,256,Z4C_AXIS_TERM_POINT_DIAGNOSTIC,,A_geometric_zz,,-2.766336119046732e-07,0,0,,,,,,,,,
0.125,0.2029627528643316,256,Z4C_AXIS_TERM_POINT_DIAGNOSTIC,,A_trace_xx,,8.9142797396709414e-07,0,0,,,,,,,,,
0.125,0.2029627528643316,256,Z4C_AXIS_TERM_POINT_DIAGNOSTIC,,A_trace_xy,,0,0,0,,,,,,,,,
0.125,0.2029627528643316,256,Z4C_AXIS_TERM_POINT_DIAGNOSTIC,,A_trace_xz,,0,0,0,,,,,,,,,
0.125,0.2029627528643316,256,Z4C_AXIS_TERM_POINT_DIAGNOSTIC,,A_trace_yy,,8.9142798641801185e-07,0,0,,,,,,,,,
0.125,0.2029627528643316,256,Z4C_AXIS_TERM_POINT_DIAGNOSTIC,,A_trace_yz,,0,0,0,,,,,,,,,
0.125,0.2029627528643316,256,Z4C_AXIS_TERM_POINT_DIAGNOSTIC,,A_trace_zz,,8.9142797396709414e-07,0,0,,,,,,,,,
0.125,0.2029627528643316,256,Z4C_AXIS_TERM_POINT_DIAGNOSTIC,,A_nonlinear_xx,,-6.7963348499917348e-15,0,0,,,,,,,,,
0.125,0.2029627528643316,256,Z4C_AXIS_TERM_POINT_DIAGNOSTIC,,A_nonlinear_xy,,-0,0,0,,,,,,,,,
0.125,0.2029627528643316,256,Z4C_AXIS_TERM_POINT_DIAGNOSTIC,,A_nonlinear_xz,,-0,0,0,,,,,,,,,
0.125,0.2029627528643316,256,Z4C_AXIS_TERM_POINT_DIAGNOSTIC,,A_nonlinear_yy,,7.476047118323246e-16,0,0,,,,,,,,,
0.125,0.2029627528643316,256,Z4C_AXIS_TERM_POINT_DIAGNOSTIC,,A_nonlinear_yz,,-0,0,0,,,,,,,,,
0.125,0.2029627528643316,256,Z4C_AXIS_TERM_POINT_DIAGNOSTIC,,A_nonlinear_zz,,-6.7963348499917348e-15,0,0,,,,,,,,,
0.125,0.2029627528643316,256,Z4C_AXIS_TERM_POINT_DIAGNOSTIC,,A_lie_xx,,-1.6476931291978594e-15,0,0,,,,,,,,,
0.125,0.2029627528643316,256,Z4C_AXIS_TERM_POINT_DIAGNOSTIC,,A_lie_xy,,5.6915871777764574e-40,0,0,,,,,,,,,
0.125,0.2029627528643316,256,Z4C_AXIS_TERM_POINT_DIAGNOSTIC,,A_lie_xz,,0,0,0,,,,,,,,,
0.125,0.2029627528643316,256,Z4C_AXIS_TERM_POINT_DIAGNOSTIC,,A_lie_yy,,-6.5907726088476572e-15,0,0,,,,,,,,,
0.125,0.2029627528643316,256,Z4C_AXIS_TERM_POINT_DIAGNOSTIC,,A_lie_yz,,0,0,0,,,,,,,,,
0.125,0.2029627528643316,256,Z4C_AXIS_TERM_POINT_DIAGNOSTIC,,A_lie_zz,,-1.6476931291978594e-15,0,0,,,,,,,,,
0.125,0.2029627528643316,256,Z4C_AXIS_TERM_POINT_DIAGNOSTIC,,Gamma_divergence_x,,-1.4108410514975343e-23,0,0,,,,,,,,,
0.125,0.2029627528643316,256,Z4C_AXIS_TERM_POINT_DIAGNOSTIC,,Gamma_divergence_y,,1.8069702284595191e-13,0,0,,,,,,,,,
0.125,0.2029627528643316,256,Z4C_AXIS_TERM_POINT_DIAGNOSTIC,,Gamma_divergence_z,,0,0,0,,,,,,,,,
0.125,0.2029627528643316,256,Z4C_AXIS_TERM_POINT_DIAGNOSTIC,,Gamma_lie_x,,4.030543272203405e-24,0,0,,,,,,,,,
0.125,0.2029627528643316,256,Z4C_AXIS_TERM_POINT_DIAGNOSTIC,,Gamma_lie_y,,-1.4651817608509082e-13,0,0,,,,,,,,,
0.125,0.2029627528643316,256,Z4C_AXIS_TERM_POINT_DIAGNOSTIC,,Gamma_lie_z,,0,0,0,,,,,,,,,
0.125,0.2029627528643316,256,Z4C_AXIS_TERM_POINT_DIAGNOSTIC,,Gamma_damping_x,,0,0,0,,,,,,,,,
0.125,0.2029627528643316,256,Z4C_AXIS_TERM_POINT_DIAGNOSTIC,,Gamma_damping_y,,-0,0,0,,,,,,,,,
0.125,0.2029627528643316,256,Z4C_AXIS_TERM_POINT_DIAGNOSTIC,,Gamma_damping_z,,-0,0,0,,,,,,,,,
0.125,0.2029627528643316,256,Z4C_AXIS_TERM_POINT_DIAGNOSTIC,,Gamma_lapse_gradient_x,,3.1120590712096409e-23,0,0,,,,,,,,,
0.125,0.2029627528643316,256,Z4C_AXIS_TERM_POINT_DIAGNOSTIC,,Gamma_lapse_gradient_y,,3.6495462961618042e-23,0,0,,,,,,,,,
0.125,0.2029627528643316,256,Z4C_AXIS_TERM_POINT_DIAGNOSTIC,,Gamma_lapse_gradient_z,,0,0,0,,,,,,,,,
0.125,0.2029627528643316,256,Z4C_AXIS_TERM_POINT_DIAGNOSTIC,,A_hessian_xx,,0.0021132843095489806,0,0,,,,,,,,,
0.125,0.2029627528643316,256,Z4C_AXIS_TERM_POINT_DIAGNOSTIC,,A_hessian_xy,,5.0074651806547626e-15,0,0,,,,,,,,,
0.125,0.2029627528643316,256,Z4C_AXIS_TERM_POINT_DIAGNOSTIC,,A_hessian_xz,,-0,0,0,,,,,,,,,
0.125,0.2029627528643316,256,Z4C_AXIS_TERM_POINT_DIAGNOSTIC,,A_hessian_yy,,-0.0042292413273573148,0,0,,,,,,,,,
0.125,0.2029627528643316,256,Z4C_AXIS_TERM_POINT_DIAGNOSTIC,,A_hessian_yz,,-0,0,0,,,,,,,,,
0.125,0.2029627528643316,256,Z4C_AXIS_TERM_POINT_DIAGNOSTIC,,A_hessian_zz,,0.0021132843095489806,0,0,,,,,,,,,
0.125,0.2029627528643316,256,Z4C_AXIS_TERM_POINT_DIAGNOSTIC,,A_ricci_tensor_xx,,-0.0021135609431608853,0,0,,,,,,,,,
0.125,0.2029627528643316,256,Z4C_AXIS_TERM_POINT_DIAGNOSTIC,,A_ricci_tensor_xy,,1.3462440597862905e-15,0,0,,,,,,,,,
0.125,0.2029627528643316,256,Z4C_AXIS_TERM_POINT_DIAGNOSTIC,,A_ricci_tensor_xz,,0,0,0,,,,,,,,,
0.125,0.2029627528643316,256,Z4C_AXIS_TERM_POINT_DIAGNOSTIC,,A_ricci_tensor_yy,,0.0042271203106295976,0,0,,,,,,,,,
0.125,0.2029627528643316,256,Z4C_AXIS_TERM_POINT_DIAGNOSTIC,,A_ricci_tensor_yz,,0,0,0,,,,,,,,,
0.125,0.2029627528643316,256,Z4C_AXIS_TERM_POINT_DIAGNOSTIC,,A_ricci_tensor_zz,,-0.0021135609431608853,0,0,,,,,,,,,
0.125,0.2029627528643316,256,Z4C_AXIS_TERM_POINT_DIAGNOSTIC,,A_trace_lapse_xx,,8.9088306263737512e-07,0,0,,,,,,,,,
0.125,0.2029627528643316,256,Z4C_AXIS_TERM_POINT_DIAGNOSTIC,,A_trace_lapse_xy,,0,0,0,,,,,,,,,
0.125,0.2029627528643316,256,Z4C_AXIS_TERM_POINT_DIAGNOSTIC,,A_trace_lapse_xz,,0,0,0,,,,,,,,,
0.125,0.2029627528643316,256,Z4C_AXIS_TERM_POINT_DIAGNOSTIC,,A_trace_lapse_yy,,8.9088307508068183e-07,0,0,,,,,,,,,
0.125,0.2029627528643316,256,Z4C_AXIS_TERM_POINT_DIAGNOSTIC,,A_trace_lapse_yz,,0,0,0,,,,,,,,,
0.125,0.2029627528643316,256,Z4C_AXIS_TERM_POINT_DIAGNOSTIC,,A_trace_lapse_zz,,8.9088306263737512e-07,0,0,,,,,,,,,
0.125,0.2029627528643316,256,Z4C_AXIS_TERM_POINT_DIAGNOSTIC,,A_trace_ricci_xx,,5.4491132971895098e-10,0,0,,,,,,,,,
0.125,0.2029627528643316,256,Z4C_AXIS_TERM_POINT_DIAGNOSTIC,,A_trace_ricci_xy,,0,0,0,,,,,,,,,
0.125,0.2029627528643316,256,Z4C_AXIS_TERM_POINT_DIAGNOSTIC,,A_trace_ricci_xz,,0,0,0,,,,,,,,,
0.125,0.2029627528643316,256,Z4C_AXIS_TERM_POINT_DIAGNOSTIC,,A_trace_ricci_yy,,5.449113373299373e-10,0,0,,,,,,,,,
0.125,0.2029627528643316,256,Z4C_AXIS_TERM_POINT_DIAGNOSTIC,,A_trace_ricci_yz,,0,0,0,,,,,,,,,
0.125,0.2029627528643316,256,Z4C_AXIS_TERM_POINT_DIAGNOSTIC,,A_trace_ricci_zz,,5.4491132971895098e-10,0,0,,,,,,,,,
0.125,0.2029627528643316,256,Z4C_AXIS_TERM_POINT_DIAGNOSTIC,,Gamma_advective_x,,0,0,0,,,,,,,,,
0.125,0.2029627528643316,256,Z4C_AXIS_TERM_POINT_DIAGNOSTIC,,Gamma_advective_y,,4.9053547615351514e-23,0,0,,,,,,,,,
0.125,0.2029627528643316,256,Z4C_AXIS_TERM_POINT_DIAGNOSTIC,,Gamma_advective_z,,0,0,0,,,,,,,,,
0.125,0.2029627528643316,256,Z4C_AXIS_TERM_POINT_DIAGNOSTIC,,Gamma_expansion_x,,2.3525753914158412e-23,0,0,,,,,,,,,
0.125,0.2029627528643316,256,Z4C_AXIS_TERM_POINT_DIAGNOSTIC,,Gamma_expansion_y,,-2.69921794302276e-23,0,0,,,,,,,,,
0.125,0.2029627528643316,256,Z4C_AXIS_TERM_POINT_DIAGNOSTIC,,Gamma_expansion_z,,0,0,0,,,,,,,,,
0.125,0.2029627528643316,256,Z4C_AXIS_TERM_POINT_DIAGNOSTIC,,Gamma_ddiv_x,,-3.3957138962270402e-24,0,0,,,,,,,,,
0.125,0.2029627528643316,256,Z4C_AXIS_TERM_POINT_DIAGNOSTIC,,Gamma_ddiv_y,,-2.9807613758733388e-14,0,0,,,,,,,,,
0.125,0.2029627528643316,256,Z4C_AXIS_TERM_POINT_DIAGNOSTIC,,Gamma_ddiv_z,,0,0,0,,,,,,,,,
0.125,0.2029627528643316,256,Z4C_AXIS_TERM_POINT_DIAGNOSTIC,,Gamma_contraction_x,,-5.912355057046847e-24,0,0,,,,,,,,,
0.125,0.2029627528643316,256,Z4C_AXIS_TERM_POINT_DIAGNOSTIC,,Gamma_contraction_y,,2.692123540543832e-23,0,0,,,,,,,,,
0.125,0.2029627528643316,256,Z4C_AXIS_TERM_POINT_DIAGNOSTIC,,Gamma_contraction_z,,0,0,0,,,,,,,,,
0.125,0.2029627528643316,256,Z4C_AXIS_TERM_POINT_DIAGNOSTIC,,Gamma_second_x,,-1.0187141688681121e-23,0,0,,,,,,,,,
0.125,0.2029627528643316,256,Z4C_AXIS_TERM_POINT_DIAGNOSTIC,,Gamma_second_y,,-1.1671056237534005e-13,0,0,,,,,,,,,
0.125,0.2029627528643316,256,Z4C_AXIS_TERM_POINT_DIAGNOSTIC,,Gamma_second_z,,0,0,0,,,,,,,,,
0.125,0.2029627528643316,256,Z4C_RHS_TERM_DIAGNOSTIC,,A_geometric_xx,0.38046285069076996,-0.38046285069076996,5.25,0,,,,,,,,,
0.125,0.2029627528643316,256,Z4C_RHS_TERM_DIAGNOSTIC,,A_geometric_xy,0.077510774047756359,0.077510774047756359,4.6875,0.625,,,,,,,,,
0.125,0.2029627528643316,256,Z4C_RHS_TERM_DIAGNOSTIC,,A_geometric_xz,0,0,16,16,,,,,,,,,
0.125,0.2029627528643316,256,Z4C_RHS_TERM_DIAGNOSTIC,,A_geometric_yy,0.38182513300687498,-0.38182513300687498,5.25,0,,,,,,,,,
0.125,0.2029627528643316,256,Z4C_RHS_TERM_DIAGNOSTIC,,A_geometric_yz,0,0,16,16,,,,,,,,,
0.125,0.2029627528643316,256,Z4C_RHS_TERM_DIAGNOSTIC,,A_geometric_zz,4.1754664176504459,4.1754664176504459,5.25,0,,,,,,,,,
0.125,0.2029627528643316,256,Z4C_RHS_TERM_DIAGNOSTIC,,A_trace_xx,0.11326993376218836,0.11326993376218836,5.25,0,,,,,,,,,
0.125,0.2029627528643316,256,Z4C_RHS_TERM_DIAGNOSTIC,,A_trace_xy,0.0024985241268539386,0.0024985241268539386,4.875,0.375,,,,,,,,,
0.125,0.2029627528643316,256,Z4C_RHS_TERM_DIAGNOSTIC,,A_trace_xz,0,-0,16,16,,,,,,,,,
0.125,0.2029627528643316,256,Z4C_RHS_TERM_DIAGNOSTIC,,A_trace_yy,0.11247701226719062,0.11247701226719062,5.25,0,,,,,,,,,
0.125,0.2029627528643316,256,Z4C_RHS_TERM_DIAGNOSTIC,,A_trace_yz,0,-0,16,16,,,,,,,,,
0.125,0.2029627528643316,256,Z4C_RHS_TERM_DIAGNOSTIC,,A_trace_zz,1.1123901165949899,1.1123901165949899,5.25,0,,,,,,,,,
0.125,0.2029627528643316,256,Z4C_RHS_TERM_DIAGNOSTIC,,A_nonlinear_xx,0.0013137881135885454,-0.0013137881135885454,4.9375,0,,,,,,,,,
0.125,0.2029627528643316,256,Z4C_RHS_TERM_DIAGNOSTIC,,A_nonlinear_xy,0.00063678671433742046,0.00063678671433742046,4.9375,0.375,,,,,,,,,
0.125,0.2029627528643316,256,Z4C_RHS_TERM_DIAGNOSTIC,,A_nonlinear_xz,0,0,16,16,,,,,,,,,
0.125,0.2029627528643316,256,Z4C_RHS_TERM_DIAGNOSTIC,,A_nonlinear_yy,0.0013031079084554727,-0.0013031079084554727,5.25,-0.25,,,,,,,,,
0.125,0.2029627528643316,256,Z4C_RHS_TERM_DIAGNOSTIC,,A_nonlinear_yz,0,0,16,16,,,,,,,,,
0.125,0.2029627528643316,256,Z4C_RHS_TERM_DIAGNOSTIC,,A_nonlinear_zz,0.23248926424383778,-0.23248926424383778,5.25,0,,,,,,,,,
0.125,0.2029627528643316,256,Z4C_RHS_TERM_DIAGNOSTIC,,A_lie_xx,0.021645089317493316,0.021645089317493316,4.5,0,,,,,,,,,
0.125,0.2029627528643316,256,Z4C_RHS_TERM_DIAGNOSTIC,,A_lie_xy,0.005387453926058639,0.005387453926058639,5.625,0.5,,,,,,,,,
0.125,0.2029627528643316,256,Z4C_RHS_TERM_DIAGNOSTIC,,A_lie_xz,0,0,16,16,,,,,,,,,
0.125,0.2029627528643316,256,Z4C_RHS_TERM_DIAGNOSTIC,,A_lie_yy,0.020686486860864797,0.020686486860864797,5,0.6875,,,,,,,,,
0.125,0.2029627528643316,256,Z4C_RHS_TERM_DIAGNOSTIC,,A_lie_yz,0,0,16,16,,,,,,,,,
0.125,0.2029627528643316,256,Z4C_RHS_TERM_DIAGNOSTIC,,A_lie_zz,0.81256721632070272,-0.81256721632070272,5.0625,0,,,,,,,,,
0.125,0.2029627528643316,256,Z4C_RHS_TERM_DIAGNOSTIC,,Gamma_divergence_x,0.16459520589714643,-0.16459520589714643,5.875,0,,,,,,,,,
0.125,0.2029627528643316,256,Z4C_RHS_TERM_DIAGNOSTIC,,Gamma_divergence_y,0.14972423429010343,0.14972423429010343,5.25,-0.6875,,,,,,,,,
0.125,0.2029627528643316,256,Z4C_RHS_TERM_DIAGNOSTIC,,Gamma_divergence_z,0,0,16,16,,,,,,,,,
0.125,0.2029627528643316,256,Z4C_RHS_TERM_DIAGNOSTIC,,Gamma_lie_x,4.1937974953600339,4.1937974953600339,4.8125,0,,,,,,,,,
0.125,0.2029627528643316,256,Z4C_RHS_TERM_DIAGNOSTIC,,Gamma_lie_y,3.6910633203596941,3.6910633203596941,5.1875,-0.375,,,,,,,,,
0.125,0.2029627528643316,256,Z4C_RHS_TERM_DIAGNOSTIC,,Gamma_lie_z,0,0,16,16,,,,,,,,,
0.125,0.2029627528643316,256,Z4C_RHS_TERM_DIAGNOSTIC,,Gamma_damping_x,0,-0,16,16,,,,,,,,,
0.125,0.2029627528643316,256,Z4C_RHS_TERM_DIAGNOSTIC,,Gamma_damping_y,0,-0,16,16,,,,,,,,,
0.125,0.2029627528643316,256,Z4C_RHS_TERM_DIAGNOSTIC,,Gamma_damping_z,0,-0,16,16,,,,,,,,,
0.125,0.2029627528643316,256,Z4C_RHS_TERM_DIAGNOSTIC,,Gamma_lapse_gradient_x,0.061955425936680499,0.061955425936680499,5.625,0,,,,,,,,,
0.125,0.2029627528643316,256,Z4C_RHS_TERM_DIAGNOSTIC,,Gamma_lapse_gradient_y,0.050767479625267925,0.050767479625267925,5.25,0.4375,,,,,,,,,
0.125,0.2029627528643316,256,Z4C_RHS_TERM_DIAGNOSTIC,,Gamma_lapse_gradient_z,0,0,16,16,,,,,,,,,
0.125,0.2029627528643316,256,Z4C_RHS_TERM_DIAGNOSTIC,,A_hessian_xx,0.19117815195627755,-0.19117815195627755,5.25,-0.5,,,,,,,,,
0.125,0.2029627528643316,256,Z4C_RHS_TERM_DIAGNOSTIC,,A_hessian_xy,0.10092887716667062,-0.10092887716667062,5.9375,-0.75,,,,,,,,,
0.125,0.2029627528643316,256,Z4C_RHS_TERM_DIAGNOSTIC,,A_hessian_xz,0,-0,16,16,,,,,,,,,
0.125,0.2029627528643316,256,Z4C_RHS_TERM_DIAGNOSTIC,,A_hessian_yy,0.20129848849622639,-0.20129848849622639,5.75,0,,,,,,,,,
0.125,0.2029627528643316,256,Z4C_RHS_TERM_DIAGNOSTIC,,A_hessian_yz,0,-0,16,16,,,,,,,,,
0.125,0.2029627528643316,256,Z4C_RHS_TERM_DIAGNOSTIC,,A_hessian_zz,0.23128845330678821,0.23128845330678821,4.625,0,,,,,,,,,
0.125,0.2029627528643316,256,Z4C_RHS_TERM_DIAGNOSTIC,,A_ricci_tensor_xx,0.20745746518698185,-0.20745746518698185,5.5,0,,,,,,,,,
0.125,0.2029627528643316,256,Z4C_RHS_TERM_DIAGNOSTIC,,A_ricci_tensor_xy,0.15483173388999485,-0.15483173388999485,4.625,-0.6875,,,,,,,,,
0.125,0.2029627528643316,256,Z4C_RHS_TERM_DIAGNOSTIC,,A_ricci_tensor_xz,0,0,16,16,,,,,,,,,
0.125,0.2029627528643316,256,Z4C_RHS_TERM_DIAGNOSTIC,,A_ricci_tensor_yy,0.21195979594234068,-0.21195979594234068,5.25,0.25,,,,,,,,,
0.125,0.2029627528643316,256,Z4C_RHS_TERM_DIAGNOSTIC,,A_ricci_tensor_yz,0,0,16,16,,,,,,,,,
0.125,0.2029627528643316,256,Z4C_RHS_TERM_DIAGNOSTIC,,A_ricci_tensor_zz,4.1864805031642769,4.1864805031642769,5.25,0,,,,,,,,,
0.125,0.2029627528643316,256,Z4C_RHS_TERM_DIAGNOSTIC,,A_trace_lapse_xx,0.11662271960385993,0.11662271960385993,5.25,0,,,,,,,,,
0.125,0.2029627528643316,256,Z4C_RHS_TERM_DIAGNOSTIC,,A_trace_lapse_xy,0.0025352899924278526,0.0025352899924278526,4.875,0.375,,,,,,,,,
0.125,0.2029627528643316,256,Z4C_RHS_TERM_DIAGNOSTIC,,A_trace_lapse_xz,0,0,16,16,,,,,,,,,
0.125,0.2029627528643316,256,Z4C_RHS_TERM_DIAGNOSTIC,,A_trace_lapse_yy,0.11580632766199526,0.11580632766199526,5.25,0,,,,,,,,,
0.125,0.2029627528643316,256,Z4C_RHS_TERM_DIAGNOSTIC,,A_trace_lapse_yz,0,0,16,16,,,,,,,,,
0.125,0.2029627528643316,256,Z4C_RHS_TERM_DIAGNOSTIC,,A_trace_lapse_zz,1.1453168228219524,1.1453168228219524,5.25,0,,,,,,,,,
0.125,0.2029627528643316,256,Z4C_RHS_TERM_DIAGNOSTIC,,A_trace_ricci_xx,0.0033527858416715654,-0.0033527858416715654,5.25,0,,,,,,,,,
0.125,0.2029627528643316,256,Z4C_RHS_TERM_DIAGNOSTIC,,A_trace_ricci_xy,4.3064022362507238e-05,4.3064022362507238e-05,5.5,0.3125,,,,,,,,,
0.125,0.2029627528643316,256,Z4C_RHS_TERM_DIAGNOSTIC,,A_trace_ricci_xz,0,-0,16,16,,,,,,,,,
0.125,0.2029627528643316,256,Z4C_RHS_TERM_DIAGNOSTIC,,A_trace_ricci_yy,0.0033293153948046406,-0.0033293153948046406,5.25,0,,,,,,,,,
0.125,0.2029627528643316,256,Z4C_RHS_TERM_DIAGNOSTIC,,A_trace_ricci_yz,0,-0,16,16,,,,,,,,,
0.125,0.2029627528643316,256,Z4C_RHS_TERM_DIAGNOSTIC,,A_trace_ricci_zz,0.032926706226962379,-0.032926706226962379,5.25,0,,,,,,,,,
0.125,0.2029627528643316,256,Z4C_RHS_TERM_DIAGNOSTIC,,Gamma_advective_x,0.30310350969046174,-0.30310350969046174,4.875,0,,,,,,,,,
0.125,0.2029627528643316,256,Z4C_RHS_TERM_DIAGNOSTIC,,Gamma_advective_y,0.2174694384746286,0.2174694384746286,5.1875,0.375,,,,,,,,,
0.125,0.2029627528643316,256,Z4C_RHS_TERM_DIAGNOSTIC,,Gamma_advective_z,0,0,16,16,,,,,,,,,
0.125,0.2029627528643316,256,Z4C_RHS_TERM_DIAGNOSTIC,,Gamma_expansion_x,0.37341130702658754,-0.37341130702658754,4.9375,0,,,,,,,,,
0.125,0.2029627528643316,256,Z4C_RHS_TERM_DIAGNOSTIC,,Gamma_expansion_y,0.25700973079223216,0.25700973079223216,5.25,0.375,,,,,,,,,
0.125,0.2029627528643316,256,Z4C_RHS_TERM_DIAGNOSTIC,,Gamma_expansion_z,0,-0,16,16,,,,,,,,,
0.125,0.2029627528643316,256,Z4C_RHS_TERM_DIAGNOSTIC,,Gamma_ddiv_x,1.1387298268597541,1.1387298268597541,4.8125,0,,,,,,,,,
0.125,0.2029627528643316,256,Z4C_RHS_TERM_DIAGNOSTIC,,Gamma_ddiv_y,1.0191874729581722,1.0191874729581722,5.1875,-0.4375,,,,,,,,,
0.125,0.2029627528643316,256,Z4C_RHS_TERM_DIAGNOSTIC,,Gamma_ddiv_z,0,0,16,16,,,,,,,,,
0.125,0.2029627528643316,256,Z4C_RHS_TERM_DIAGNOSTIC,,Gamma_contraction_x,0.26298275584422054,0.26298275584422054,5,0,,,,,,,,,
0.125,0.2029627528643316,256,Z4C_RHS_TERM_DIAGNOSTIC,,Gamma_contraction_y,0.15537765069423026,0.15537765069423026,5.25,-0.3125,,,,,,,,,
0.125,0.2029627528643316,256,Z4C_RHS_TERM_DIAGNOSTIC,,Gamma_contraction_z,0,0,16,16,,,,,,,,,
0.125,0.2029627528643316,256,Z4C_RHS_TERM_DIAGNOSTIC,,Gamma_second_x,3.5023356109274157,3.5023356109274157,4.8125,0,,,,,,,,,
0.125,0.2029627528643316,256,Z4C_RHS_TERM_DIAGNOSTIC,,Gamma_second_y,3.0138081843351401,-3.0138081843351401,5.1875,0.4375,,,,,,,,,
0.125,0.2029627528643316,256,Z4C_RHS_TERM_DIAGNOSTIC,,Gamma_second_z,0,0,16,16,,,,,,,,,
0.125,0.2029627528643316,256,Z4C_AXIS_RHS_PAIR_DIAGNOSTIC,,,,,,16,0,0,0,0,0,0,0,0,0
0.125,0.2029627528643316,512,Z4C_RHS_STAGE_DIAGNOSTIC,z4c_chi,,,,,,,,,,,,,,
0.125,0.2029627528643316,512,Z4C_RHS_STAGE_DIAGNOSTIC,z4c_gxx,,,,,,,,,,,,,,
0.125,0.2029627528643316,512,Z4C_RHS_STAGE_DIAGNOSTIC,z4c_gxy,,,,,,,,,,,,,,
0.125,0.2029627528643316,512,Z4C_RHS_STAGE_DIAGNOSTIC,z4c_gxz,,,,,,,,,,,,,,
0.125,0.2029627528643316,512,Z4C_RHS_STAGE_DIAGNOSTIC,z4c_gyy,,,,,,,,,,,,,,
0.125,0.2029627528643316,512,Z4C_RHS_STAGE_DIAGNOSTIC,z4c_gyz,,,,,,,,,,,,,,
0.125,0.2029627528643316,512,Z4C_RHS_STAGE_DIAGNOSTIC,z4c_gzz,,,,,,,,,,,,,,
0.125,0.2029627528643316,512,Z4C_RHS_STAGE_DIAGNOSTIC,z4c_Khat,,,,,,,,,,,,,,
0.125,0.2029627528643316,512,Z4C_RHS_STAGE_DIAGNOSTIC,z4c_Axx,,,,,,,,,,,,,,
0.125,0.2029627528643316,512,Z4C_RHS_STAGE_DIAGNOSTIC,z4c_Axy,,,,,,,,,,,,,,
0.125,0.2029627528643316,512,Z4C_RHS_STAGE_DIAGNOSTIC,z4c_Axz,,,,,,,,,,,,,,
0.125,0.2029627528643316,512,Z4C_RHS_STAGE_DIAGNOSTIC,z4c_Ayy,,,,,,,,,,,,,,
0.125,0.2029627528643316,512,Z4C_RHS_STAGE_DIAGNOSTIC,z4c_Ayz,,,,,,,,,,,,,,
0.125,0.2029627528643316,512,Z4C_RHS_STAGE_DIAGNOSTIC,z4c_Azz,,,,,,,,,,,,,,
0.125,0.2029627528643316,512,Z4C_RHS_STAGE_DIAGNOSTIC,z4c_Gamx,,,,,,,,,,,,,,
0.125,0.2029627528643316,512,Z4C_RHS_STAGE_DIAGNOSTIC,z4c_Gamy,,,,,,,,,,,,,,
0.125,0.2029627528643316,512,Z4C_RHS_STAGE_DIAGNOSTIC,z4c_Gamz,,,,,,,,,,,,,,
0.125,0.2029627528643316,512,Z4C_RHS_STAGE_DIAGNOSTIC,z4c_Theta,,,,,,,,,,,,,,
0.125,0.2029627528643316,512,Z4C_RHS_STAGE_DIAGNOSTIC,z4c_alpha,,,,,,,,,,,,,,
0.125,0.2029627528643316,512,Z4C_RHS_STAGE_DIAGNOSTIC,z4c_betax,,,,,,,,,,,,,,
0.125,0.2029627528643316,512,Z4C_RHS_STAGE_DIAGNOSTIC,z4c_betay,,,,,,,,,,,,,,
0.125,0.2029627528643316,512,Z4C_RHS_STAGE_DIAGNOSTIC,z4c_betaz,,,,,,,,,,,,,,
0.125,0.2029627528643316,512,Z4C_RHS_STAGE_DIAGNOSTIC,z4c_Bx,,,,,,,,,,,,,,
0.125,0.2029627528643316,512,Z4C_RHS_STAGE_DIAGNOSTIC,z4c_By,,,,,,,,,,,,,,
0.125,0.2029627528643316,512,Z4C_RHS_STAGE_DIAGNOSTIC,z4c_Bz,,,,,,,,,,,,,,
0.125,0.2029627528643316,512,Z4C_AXIS_RHS_PHASE_DIAGNOSTIC,z4c_chi,,,,0,0,,,,,,,,,
0.125,0.2029627528643316,512,Z4C_AXIS_RHS_PHASE_DIAGNOSTIC,z4c_gxx,,,,0,0,,,,,,,,,
0.125,0.2029627528643316,512,Z4C_AXIS_RHS_PHASE_DIAGNOSTIC,z4c_gxy,,,,0,0,,,,,,,,,
0.125,0.2029627528643316,512,Z4C_AXIS_RHS_PHASE_DIAGNOSTIC,z4c_gxz,,,,0,0,,,,,,,,,
0.125,0.2029627528643316,512,Z4C_AXIS_RHS_PHASE_DIAGNOSTIC,z4c_gyy,,,,0,0,,,,,,,,,
0.125,0.2029627528643316,512,Z4C_AXIS_RHS_PHASE_DIAGNOSTIC,z4c_gyz,,,,0,0,,,,,,,,,
0.125,0.2029627528643316,512,Z4C_AXIS_RHS_PHASE_DIAGNOSTIC,z4c_gzz,,,,0,0,,,,,,,,,
0.125,0.2029627528643316,512,Z4C_AXIS_RHS_PHASE_DIAGNOSTIC,z4c_Khat,,,,0,0,,,,,,,,,
0.125,0.2029627528643316,512,Z4C_AXIS_RHS_PHASE_DIAGNOSTIC,z4c_Axx,,,,0,0,,,,,,,,,
0.125,0.2029627528643316,512,Z4C_AXIS_RHS_PHASE_DIAGNOSTIC,z4c_Axy,,,,0,0,,,,,,,,,
0.125,0.2029627528643316,512,Z4C_AXIS_RHS_PHASE_DIAGNOSTIC,z4c_Axz,,,,0,0,,,,,,,,,
0.125,0.2029627528643316,512,Z4C_AXIS_RHS_PHASE_DIAGNOSTIC,z4c_Ayy,,,,0,0,,,,,,,,,
0.125,0.2029627528643316,512,Z4C_AXIS_RHS_PHASE_DIAGNOSTIC,z4c_Ayz,,,,0,0,,,,,,,,,
0.125,0.2029627528643316,512,Z4C_AXIS_RHS_PHASE_DIAGNOSTIC,z4c_Azz,,,,0,0,,,,,,,,,
0.125,0.2029627528643316,512,Z4C_AXIS_RHS_PHASE_DIAGNOSTIC,z4c_Gamx,,,,0,0,,,,,,,,,
0.125,0.2029627528643316,512,Z4C_AXIS_RHS_PHASE_DIAGNOSTIC,z4c_Gamy,,,,0,0,,,,,,,,,
0.125,0.2029627528643316,512,Z4C_AXIS_RHS_PHASE_DIAGNOSTIC,z4c_Gamz,,,,0,0,,,,,,,,,
0.125,0.2029627528643316,512,Z4C_AXIS_RHS_PHASE_DIAGNOSTIC,z4c_Theta,,,,0,0,,,,,,,,,
0.125,0.2029627528643316,512,Z4C_AXIS_RHS_PHASE_DIAGNOSTIC,z4c_alpha,,,,0,0,,,,,,,,,
0.125,0.2029627528643316,512,Z4C_AXIS_RHS_PHASE_DIAGNOSTIC,z4c_betax,,,,0,0,,,,,,,,,
0.125,0.2029627528643316,512,Z4C_AXIS_RHS_PHASE_DIAGNOSTIC,z4c_betay,,,,0,0,,,,,,,,,
0.125,0.2029627528643316,512,Z4C_AXIS_RHS_PHASE_DIAGNOSTIC,z4c_betaz,,,,0,0,,,,,,,,,
0.125,0.2029627528643316,512,Z4C_AXIS_RHS_PHASE_DIAGNOSTIC,z4c_Bx,,,,0,0,,,,,,,,,
0.125,0.2029627528643316,512,Z4C_AXIS_RHS_PHASE_DIAGNOSTIC,z4c_By,,,,0,0,,,,,,,,,
0.125,0.2029627528643316,512,Z4C_AXIS_RHS_PHASE_DIAGNOSTIC,z4c_Bz,,,,0,0,,,,,,,,,
0.125,0.2029627528643316,512,Z4C_AXIS_TERM_POINT_DIAGNOSTIC,,A_geometric_xx,,-2.7672931848908469e-07,0,0,,,,,,,,,
0.125,0.2029627528643316,512,Z4C_AXIS_TERM_POINT_DIAGNOSTIC,,A_geometric_xy,,2.6412220346493829e-15,0,0,,,,,,,,,
0.125,0.2029627528643316,512,Z4C_AXIS_TERM_POINT_DIAGNOSTIC,,A_geometric_xz,,0,0,0,,,,,,,,,
0.125,0.2029627528643316,512,Z4C_AXIS_TERM_POINT_DIAGNOSTIC,,A_geometric_yy,,-2.1209027379145397e-06,0,0,,,,,,,,,
0.125,0.2029627528643316,512,Z4C_AXIS_TERM_POINT_DIAGNOSTIC,,A_geometric_yz,,0,0,0,,,,,,,,,
0.125,0.2029627528643316,512,Z4C_AXIS_TERM_POINT_DIAGNOSTIC,,A_geometric_zz,,-2.7672931848908469e-07,0,0,,,,,,,,,
0.125,0.2029627528643316,512,Z4C_AXIS_TERM_POINT_DIAGNOSTIC,,A_trace_xx,,8.9145378175657757e-07,0,0,,,,,,,,,
0.125,0.2029627528643316,512,Z4C_AXIS_TERM_POINT_DIAGNOSTIC,,A_trace_xy,,0,0,0,,,,,,,,,
0.125,0.2029627528643316,512,Z4C_AXIS_TERM_POINT_DIAGNOSTIC,,A_trace_xz,,0,0,0,,,,,,,,,
0.125,0.2029627528643316,512,Z4C_AXIS_TERM_POINT_DIAGNOSTIC,,A_trace_yy,,8.9145379420772091e-07,0,0,,,,,,,,,
0.125,0.2029627528643316,512,Z4C_AXIS_TERM_POINT_DIAGNOSTIC,,A_trace_yz,,0,0,0,,,,,,,,,
0.125,0.2029627528643316,512,Z4C_AXIS_TERM_POINT_DIAGNOSTIC,,A_trace_zz,,8.9145378175657757e-07,0,0,,,,,,,,,
0.125,0.2029627528643316,512,Z4C_AXIS_TERM_POINT_DIAGNOSTIC,,A_nonlinear_xx,,-6.7955747067137704e-15,0,0,,,,,,,,,
0.125,0.2029627528643316,512,Z4C_AXIS_TERM_POINT_DIAGNOSTIC,,A_nonlinear_xy,,-0,0,0,,,,,,,,,
0.125,0.2029627528643316,512,Z4C_AXIS_TERM_POINT_DIAGNOSTIC,,A_nonlinear_xz,,-0,0,0,,,,,,,,,
0.125,0.2029627528643316,512,Z4C_AXIS_TERM_POINT_DIAGNOSTIC,,A_nonlinear_yy,,7.4950323864642647e-16,0,0,,,,,,,,,
0.125,0.2029627528643316,512,Z4C_AXIS_TERM_POINT_DIAGNOSTIC,,A_nonlinear_yz,,-0,0,0,,,,,,,,,
0.125,0.2029627528643316,512,Z4C_AXIS_TERM_POINT_DIAGNOSTIC,,A_nonlinear_zz,,-6.7955747067137704e-15,0,0,,,,,,,,,
0.125,0.2029627528643316,512,Z4C_AXIS_TERM_POINT_DIAGNOSTIC,,A_lie_xx,,-1.6476468704772855e-15,0,0,,,,,,,,,
0.125,0.2029627528643316,512,Z4C_AXIS_TERM_POINT_DIAGNOSTIC,,A_lie_xy,,-1.1022562535959596e-39,0,0,,,,,,,,,
0.125,0.2029627528643316,512,Z4C_AXIS_TERM_POINT_DIAGNOSTIC,,A_lie_xz,,0,0,0,,,,,,,,,
0.125,0.2029627528643316,512,Z4C_AXIS_TERM_POINT_DIAGNOSTIC,,A_lie_yy,,-6.5905875739583763e-15,0,0,,,,,,,,,
0.125,0.2029627528643316,512,Z4C_AXIS_TERM_POINT_DIAGNOSTIC,,A_lie_yz,,0,0,0,,,,,,,,,
0.125,0.2029627528643316,512,Z4C_AXIS_TERM_POINT_DIAGNOSTIC,,A_lie_zz,,-1.6476468704772855e-15,0,0,,,,,,,,,
0.125,0.2029627528643316,512,Z4C_AXIS_TERM_POINT_DIAGNOSTIC,,Gamma_divergence_x,,-1.6905877516530737e-22,0,0,,,,,,,,,
0.125,0.2029627528643316,512,Z4C_AXIS_TERM_POINT_DIAGNOSTIC,,Gamma_divergence_y,,4.0207305211928839e-13,0,0,,,,,,,,,
0.125,0.2029627528643316,512,Z4C_AXIS_TERM_POINT_DIAGNOSTIC,,Gamma_divergence_z,,0,0,0,,,,,,,,,
0.125,0.2029627528643316,512,Z4C_AXIS_TERM_POINT_DIAGNOSTIC,,Gamma_lie_x,,-9.1753427319265e-23,0,0,,,,,,,,,
0.125,0.2029627528643316,512,Z4C_AXIS_TERM_POINT_DIAGNOSTIC,,Gamma_lie_y,,-9.6697367572310749e-13,0,0,,,,,,,,,
0.125,0.2029627528643316,512,Z4C_AXIS_TERM_POINT_DIAGNOSTIC,,Gamma_lie_z,,0,0,0,,,,,,,,,
0.125,0.2029627528643316,512,Z4C_AXIS_TERM_POINT_DIAGNOSTIC,,Gamma_damping_x,,-0,0,0,,,,,,,,,
0.125,0.2029627528643316,512,Z4C_AXIS_TERM_POINT_DIAGNOSTIC,,Gamma_damping_y,,-0,0,0,,,,,,,,,
0.125,0.2029627528643316,512,Z4C_AXIS_TERM_POINT_DIAGNOSTIC,,Gamma_damping_z,,-0,0,0,,,,,,,,,
0.125,0.2029627528643316,512,Z4C_AXIS_TERM_POINT_DIAGNOSTIC,,Gamma_lapse_gradient_x,,1.2869936520930282e-23,0,0,,,,,,,,,
0.125,0.2029627528643316,512,Z4C_AXIS_TERM_POINT_DIAGNOSTIC,,Gamma_lapse_gradient_y,,-9.0195630038542235e-22,0,0,,,,,,,,,
0.125,0.2029627528643316,512,Z4C_AXIS_TERM_POINT_DIAGNOSTIC,,Gamma_lapse_gradient_z,,0,0,0,,,,,,,,,
0.125,0.2029627528643316,512,Z4C_AXIS_TERM_POINT_DIAGNOSTIC,,A_hessian_xx,,0.0021132837773164171,0,0,,,,,,,,,
0.125,0.2029627528643316,512,Z4C_AXIS_TERM_POINT_DIAGNOSTIC,,A_hessian_xy,,6.4791490705309868e-15,0,0,,,,,,,,,
0.125,0.2029627528643316,512,Z4C_AXIS_TERM_POINT_DIAGNOSTIC,,A_hessian_xz,,-0,0,0,,,,,,,,,
0.125,0.2029627528643316,512,Z4C_AXIS_TERM_POINT_DIAGNOSTIC,,A_hessian_yy,,-0.0042292414947760724,0,0,,,,,,,,,
0.125,0.2029627528643316,512,Z4C_AXIS_TERM_POINT_DIAGNOSTIC,,A_hessian_yz,,-0,0,0,,,,,,,,,
0.125,0.2029627528643316,512,Z4C_AXIS_TERM_POINT_DIAGNOSTIC,,A_hessian_zz,,0.0021132837773164171,0,0,,,,,,,,,
0.125,0.2029627528643316,512,Z4C_AXIS_TERM_POINT_DIAGNOSTIC,,A_ricci_tensor_xx,,-0.0021135605066349059,0,0,,,,,,,,,
0.125,0.2029627528643316,512,Z4C_AXIS_TERM_POINT_DIAGNOSTIC,,A_ricci_tensor_xy,,-3.8379270358816043e-15,0,0,,,,,,,,,
0.125,0.2029627528643316,512,Z4C_AXIS_TERM_POINT_DIAGNOSTIC,,A_ricci_tensor_xz,,0,0,0,,,,,,,,,
0.125,0.2029627528643316,512,Z4C_AXIS_TERM_POINT_DIAGNOSTIC,,A_ricci_tensor_yy,,0.0042271205920381581,0,0,,,,,,,,,
0.125,0.2029627528643316,512,Z4C_AXIS_TERM_POINT_DIAGNOSTIC,,A_ricci_tensor_yz,,0,0,0,,,,,,,,,
0.125,0.2029627528643316,512,Z4C_AXIS_TERM_POINT_DIAGNOSTIC,,A_ricci_tensor_zz,,-0.0021135605066349059,0,0,,,,,,,,,
0.125,0.2029627528643316,512,Z4C_AXIS_TERM_POINT_DIAGNOSTIC,,A_trace_lapse_xx,,8.9129369081176803e-07,0,0,,,,,,,,,
0.125,0.2029627528643316,512,Z4C_AXIS_TERM_POINT_DIAGNOSTIC,,A_trace_lapse_xy,,0,0,0,,,,,,,,,
0.125,0.2029627528643316,512,Z4C_AXIS_TERM_POINT_DIAGNOSTIC,,A_trace_lapse_xz,,0,0,0,,,,,,,,,
0.125,0.2029627528643316,512,Z4C_AXIS_TERM_POINT_DIAGNOSTIC,,A_trace_lapse_yy,,8.9129370326067531e-07,0,0,,,,,,,,,
0.125,0.2029627528643316,512,Z4C_AXIS_TERM_POINT_DIAGNOSTIC,,A_trace_lapse_yz,,0,0,0,,,,,,,,,
0.125,0.2029627528643316,512,Z4C_AXIS_TERM_POINT_DIAGNOSTIC,,A_trace_lapse_zz,,8.9129369081176803e-07,0,0,,,,,,,,,
0.125,0.2029627528643316,512,Z4C_AXIS_TERM_POINT_DIAGNOSTIC,,A_trace_ricci_xx,,1.6009094480952676e-10,0,0,,,,,,,,,
0.125,0.2029627528643316,512,Z4C_AXIS_TERM_POINT_DIAGNOSTIC,,A_trace_ricci_xy,,0,0,0,,,,,,,,,
0.125,0.2029627528643316,512,Z4C_AXIS_TERM_POINT_DIAGNOSTIC,,A_trace_ricci_xz,,0,0,0,,,,,,,,,
0.125,0.2029627528643316,512,Z4C_AXIS_TERM_POINT_DIAGNOSTIC,,A_trace_ricci_yy,,1.6009094704555438e-10,0,0,,,,,,,,,
0.125,0.2029627528643316,512,Z4C_AXIS_TERM_POINT_DIAGNOSTIC,,A_trace_ricci_yz,,0,0,0,,,,,,,,,
0.125,0.2029627528643316,512,Z4C_AXIS_TERM_POINT_DIAGNOSTIC,,A_trace_ricci_zz,,1.6009094480952676e-10,0,0,,,,,,,,,
0.125,0.2029627528643316,512,Z4C_AXIS_TERM_POINT_DIAGNOSTIC,,Gamma_advective_x,,0,0,0,,,,,,,,,
0.125,0.2029627528643316,512,Z4C_AXIS_TERM_POINT_DIAGNOSTIC,,Gamma_advective_y,,9.7130286592485334e-23,0,0,,,,,,,,,
0.125,0.2029627528643316,512,Z4C_AXIS_TERM_POINT_DIAGNOSTIC,,Gamma_advective_z,,0,0,0,,,,,,,,,
0.125,0.2029627528643316,512,Z4C_AXIS_TERM_POINT_DIAGNOSTIC,,Gamma_expansion_x,,-9.4092910196660769e-23,0,0,,,,,,,,,
0.125,0.2029627528643316,512,Z4C_AXIS_TERM_POINT_DIAGNOSTIC,,Gamma_expansion_y,,-1.3988084052360516e-21,0,0,,,,,,,,,
0.125,0.2029627528643316,512,Z4C_AXIS_TERM_POINT_DIAGNOSTIC,,Gamma_expansion_z,,0,0,0,,,,,,,,,
0.125,0.2029627528643316,512,Z4C_AXIS_TERM_POINT_DIAGNOSTIC,,Gamma_ddiv_x,,7.9092832089780576e-24,0,0,,,,,,,,,
0.125,0.2029627528643316,512,Z4C_AXIS_TERM_POINT_DIAGNOSTIC,,Gamma_ddiv_y,,-1.1332163633318972e-13,0,0,,,,,,,,,
0.125,0.2029627528643316,512,Z4C_AXIS_TERM_POINT_DIAGNOSTIC,,Gamma_ddiv_z,,0,0,0,,,,,,,,,
0.125,0.2029627528643316,512,Z4C_AXIS_TERM_POINT_DIAGNOSTIC,,Gamma_contraction_x,,2.3641909491350387e-23,0,0,,,,,,,,,
0.125,0.2029627528643316,512,Z4C_AXIS_TERM_POINT_DIAGNOSTIC,,Gamma_contraction_y,,1.3952796951997395e-21,0,0,,,,,,,,,
0.125,0.2029627528643316,512,Z4C_AXIS_TERM_POINT_DIAGNOSTIC,,Gamma_contraction_z,,0,0,0,,,,,,,,,
0.125,0.2029627528643316,512,Z4C_AXIS_TERM_POINT_DIAGNOSTIC,,Gamma_second_x,,-2.9211709822932672e-23,0,0,,,,,,,,,
0.125,0.2029627528643316,512,Z4C_AXIS_TERM_POINT_DIAGNOSTIC,,Gamma_second_y,,-8.536520394835194e-13,0,0,,,,,,,,,
0.125,0.2029627528643316,512,Z4C_AXIS_TERM_POINT_DIAGNOSTIC,,Gamma_second_z,,0,0,0,,,,,,,,,
0.125,0.2029627528643316,512,Z4C_RHS_TERM_DIAGNOSTIC,,A_geometric_xx,0.3804238698985315,-0.3804238698985315,5.25,0,,,,,,,,,
0.125,0.2029627528643316,512,Z4C_RHS_TERM_DIAGNOSTIC,,A_geometric_xy,0.07751646288462502,-0.07751646288462502,4.6875,-0.625,,,,,,,,,
0.125,0.2029627528643316,512,Z4C_RHS_TERM_DIAGNOSTIC,,A_geometric_xz,0,0,16,16,,,,,,,,,
0.125,0.2029627528643316,512,Z4C_RHS_TERM_DIAGNOSTIC,,A_geometric_yy,0.38211213088216722,-0.38211213088216722,5.28125,0,,,,,,,,,
0.125,0.2029627528643316,512,Z4C_RHS_TERM_DIAGNOSTIC,,A_geometric_yz,0,0,16,16,,,,,,,,,
0.125,0.2029627528643316,512,Z4C_RHS_TERM_DIAGNOSTIC,,A_geometric_zz,4.1800616150782979,4.1800616150782979,5.21875,0,,,,,,,,,
0.125,0.2029627528643316,512,Z4C_RHS_TERM_DIAGNOSTIC,,A_trace_xx,0.11323516230758944,0.11323516230758944,5.25,0,,,,,,,,,
0.125,0.2029627528643316,512,Z4C_RHS_TERM_DIAGNOSTIC,,A_trace_xy,0.002499015086816948,0.002499015086816948,4.875,0.375,,,,,,,,,
0.125,0.2029627528643316,512,Z4C_RHS_TERM_DIAGNOSTIC,,A_trace_xz,0,-0,16,16,,,,,,,,,
0.125,0.2029627528643316,512,Z4C_RHS_TERM_DIAGNOSTIC,,A_trace_yy,0.11244234352118285,0.11244234352118285,5.25,0,,,,,,,,,
0.125,0.2029627528643316,512,Z4C_RHS_TERM_DIAGNOSTIC,,A_trace_yz,0,-0,16,16,,,,,,,,,
0.125,0.2029627528643316,512,Z4C_RHS_TERM_DIAGNOSTIC,,A_trace_zz,1.1153666221700693,1.1153666221700693,5.21875,0,,,,,,,,,
0.125,0.2029627528643316,512,Z4C_RHS_TERM_DIAGNOSTIC,,A_nonlinear_xx,0.0013153331881020807,-0.0013153331881020807,4.96875,0,,,,,,,,,
0.125,0.2029627528643316,512,Z4C_RHS_TERM_DIAGNOSTIC,,A_nonlinear_xy,0.00063698220821475394,-0.00063698220821475394,4.9375,-0.375,,,,,,,,,
0.125,0.2029627528643316,512,Z4C_RHS_TERM_DIAGNOSTIC,,A_nonlinear_xz,0,-0,16,16,,,,,,,,,
0.125,0.2029627528643316,512,Z4C_RHS_TERM_DIAGNOSTIC,,A_nonlinear_yy,0.0013144815196067174,-0.0013144815196067174,5.28125,-0.21875,,,,,,,,,
0.125,0.2029627528643316,512,Z4C_RHS_TERM_DIAGNOSTIC,,A_nonlinear_yz,0,-0,16,16,,,,,,,,,
0.125,0.2029627528643316,512,Z4C_RHS_TERM_DIAGNOSTIC,,A_nonlinear_zz,0.23245693487009267,-0.23245693487009267,5.25,0,,,,,,,,,
0.125,0.2029627528643316,512,Z4C_RHS_TERM_DIAGNOSTIC,,A_lie_xx,0.021652253008129035,0.021652253008129035,4.5,0,,,,,,,,,
0.125,0.2029627528643316,512,Z4C_RHS_TERM_DIAGNOSTIC,,A_lie_xy,0.0053891970549261288,0.0053891970549261288,5.625,0.5,,,,,,,,,
0.125,0.2029627528643316,512,Z4C_RHS_TERM_DIAGNOSTIC,,A_lie_xz,0,0,16,16,,,,,,,,,
0.125,0.2029627528643316,512,Z4C_RHS_TERM_DIAGNOSTIC,,A_lie_yy,0.020692046012910505,0.020692046012910505,5,0.6875,,,,,,,,,
0.125,0.2029627528643316,512,Z4C_RHS_TERM_DIAGNOSTIC,,A_lie_yz,0,0,16,16,,,,,,,,,
0.125,0.2029627528643316,512,Z4C_RHS_TERM_DIAGNOSTIC,,A_lie_zz,0.81245666032630726,-0.81245666032630726,5.0625,0,,,,,,,,,
0.125,0.2029627528643316,512,Z4C_RHS_TERM_DIAGNOSTIC,,Gamma_divergence_x,0.16462083580716236,-0.16462083580716236,5.875,0,,,,,,,,,
0.125,0.2029627528643316,512,Z4C_RHS_TERM_DIAGNOSTIC,,Gamma_divergence_y,0.15022836349099328,0.15022836349099328,5.28125,-0.65625,,,,,,,,,
0.125,0.2029627528643316,512,Z4C_RHS_TERM_DIAGNOSTIC,,Gamma_divergence_z,0,0,16,16,,,,,,,,,
0.125,0.2029627528643316,512,Z4C_RHS_TERM_DIAGNOSTIC,,Gamma_lie_x,4.1944110547237283,4.1944110547237283,4.8125,0,,,,,,,,,
0.125,0.2029627528643316,512,Z4C_RHS_TERM_DIAGNOSTIC,,Gamma_lie_y,3.7152044967310336,-3.7152044967310336,5.21875,0.40625,,,,,,,,,
0.125,0.2029627528643316,512,Z4C_RHS_TERM_DIAGNOSTIC,,Gamma_lie_z,0,0,16,16,,,,,,,,,
0.125,0.2029627528643316,512,Z4C_RHS_TERM_DIAGNOSTIC,,Gamma_damping_x,0,-0,16,16,,,,,,,,,
0.125,0.2029627528643316,512,Z4C_RHS_TERM_DIAGNOSTIC,,Gamma_damping_y,0,-0,16,16,,,,,,,,,
0.125,0.2029627528643316,512,Z4C_RHS_TERM_DIAGNOSTIC,,Gamma_damping_z,0,-0,16,16,,,,,,,,,
0.125,0.2029627528643316,512,Z4C_RHS_TERM_DIAGNOSTIC,,Gamma_lapse_gradient_x,0.062163082722502268,0.062163082722502268,5.59375,0,,,,,,,,,
0.125,0.2029627528643316,512,Z4C_RHS_TERM_DIAGNOSTIC,,Gamma_lapse_gradient_y,0.050872277118345847,-0.050872277118345847,5.28125,-0.4375,,,,,,,,,
0.125,0.2029627528643316,512,Z4C_RHS_TERM_DIAGNOSTIC,,Gamma_lapse_gradient_z,0,0,16,16,,,,,,,,,
0.125,0.2029627528643316,512,Z4C_RHS_TERM_DIAGNOSTIC,,A_hessian_xx,0.19128462034862431,-0.19128462034862431,5.25,-0.46875,,,,,,,,,
0.125,0.2029627528643316,512,Z4C_RHS_TERM_DIAGNOSTIC,,A_hessian_xy,0.10104629798664798,0.10104629798664798,5.96875,0.75,,,,,,,,,
0.125,0.2029627528643316,512,Z4C_RHS_TERM_DIAGNOSTIC,,A_hessian_xz,0,-0,16,16,,,,,,,,,
0.125,0.2029627528643316,512,Z4C_RHS_TERM_DIAGNOSTIC,,A_hessian_yy,0.20141913381930837,-0.20141913381930837,5.71875,0,,,,,,,,,
0.125,0.2029627528643316,512,Z4C_RHS_TERM_DIAGNOSTIC,,A_hessian_yz,0,-0,16,16,,,,,,,,,
0.125,0.2029627528643316,512,Z4C_RHS_TERM_DIAGNOSTIC,,A_hessian_zz,0.23178536245269632,0.23178536245269632,4.65625,0,,,,,,,,,
0.125,0.2029627528643316,512,Z4C_RHS_TERM_DIAGNOSTIC,,A_ricci_tensor_xx,0.20754037427230207,-0.20754037427230207,5.53125,0,,,,,,,,,
0.125,0.2029627528643316,512,Z4C_RHS_TERM_DIAGNOSTIC,,A_ricci_tensor_xy,0.15502418453099048,0.15502418453099048,4.625,0.65625,,,,,,,,,
0.125,0.2029627528643316,512,Z4C_RHS_TERM_DIAGNOSTIC,,A_ricci_tensor_xz,0,0,16,16,,,,,,,,,
0.125,0.2029627528643316,512,Z4C_RHS_TERM_DIAGNOSTIC,,A_ricci_tensor_yy,0.21194962972969933,-0.21194962972969933,5.25,0.25,,,,,,,,,
0.125,0.2029627528643316,512,Z4C_RHS_TERM_DIAGNOSTIC,,A_ricci_tensor_yz,0,0,16,16,,,,,,,,,
0.125,0.2029627528643316,512,Z4C_RHS_TERM_DIAGNOSTIC,,A_ricci_tensor_zz,4.1958861586195519,4.1958861586195519,5.21875,0,,,,,,,,,
0.125,0.2029627528643316,512,Z4C_RHS_TERM_DIAGNOSTIC,,A_trace_lapse_xx,0.11662396976877094,0.11662396976877094,5.25,0,,,,,,,,,
0.125,0.2029627528643316,512,Z4C_RHS_TERM_DIAGNOSTIC,,A_trace_lapse_xy,0.0025355459605512095,0.0025355459605512095,4.875,0.375,,,,,,,,,
0.125,0.2029627528643316,512,Z4C_RHS_TERM_DIAGNOSTIC,,A_trace_lapse_xz,0,0,16,16,,,,,,,,,
0.125,0.2029627528643316,512,Z4C_RHS_TERM_DIAGNOSTIC,,A_trace_lapse_yy,0.11580742416320333,0.11580742416320333,5.25,0,,,,,,,,,
0.125,0.2029627528643316,512,Z4C_RHS_TERM_DIAGNOSTIC,,A_trace_lapse_yz,0,0,16,16,,,,,,,,,
0.125,0.2029627528643316,512,Z4C_RHS_TERM_DIAGNOSTIC,,A_trace_lapse_zz,1.1484570556647395,1.1484570556647395,5.21875,0,,,,,,,,,
0.125,0.2029627528643316,512,Z4C_RHS_TERM_DIAGNOSTIC,,A_trace_ricci_xx,0.0033949042199230483,-0.0033949042199230483,5.28125,0,,,,,,,,,
0.125,0.2029627528643316,512,Z4C_RHS_TERM_DIAGNOSTIC,,A_trace_ricci_xy,4.3411202055779418e-05,4.3411202055779418e-05,5.53125,0.28125,,,,,,,,,
0.125,0.2029627528643316,512,Z4C_RHS_TERM_DIAGNOSTIC,,A_trace_ricci_xz,0,-0,16,16,,,,,,,,,
0.125,0.2029627528643316,512,Z4C_RHS_TERM_DIAGNOSTIC,,A_trace_ricci_yy,0.0033746432158646895,-0.0033746432158646895,5.28125,0,,,,,,,,,
0.125,0.2029627528643316,512,Z4C_RHS_TERM_DIAGNOSTIC,,A_trace_ricci_yz,0,-0,16,16,,,,,,,,,
0.125,0.2029627528643316,512,Z4C_RHS_TERM_DIAGNOSTIC,,A_trace_ricci_zz,0.033279796424054021,-0.033279796424054021,5.25,0,,,,,,,,,
0.125,0.2029627528643316,512,Z4C_RHS_TERM_DIAGNOSTIC,,Gamma_advective_x,0.30301582440823238,-0.30301582440823238,4.875,0,,,,,,,,,
0.125,0.2029627528643316,512,Z4C_RHS_TERM_DIAGNOSTIC,,Gamma_advective_y,0.21742307350663334,0.21742307350663334,5.1875,0.375,,,,,,,,,
0.125,0.2029627528643316,512,Z4C_RHS_TERM_DIAGNOSTIC,,Gamma_advective_z,0,0,16,16,,,,,,,,,
0.125,0.2029627528643316,512,Z4C_RHS_TERM_DIAGNOSTIC,,Gamma_expansion_x,0.37341758499555716,-0.37341758499555716,4.9375,0,,,,,,,,,
0.125,0.2029627528643316,512,Z4C_RHS_TERM_DIAGNOSTIC,,Gamma_expansion_y,0.25726817040785865,-0.25726817040785865,5.21875,-0.375,,,,,,,,,
0.125,0.2029627528643316,512,Z4C_RHS_TERM_DIAGNOSTIC,,Gamma_expansion_z,0,-0,16,16,,,,,,,,,
0.125,0.2029627528643316,512,Z4C_RHS_TERM_DIAGNOSTIC,,Gamma_ddiv_x,1.1389062748539762,1.1389062748539762,4.8125,0,,,,,,,,,
0.125,0.2029627528643316,512,Z4C_RHS_TERM_DIAGNOSTIC,,Gamma_ddiv_y,1.0257212050407674,-1.0257212050407674,5.21875,0.40625,,,,,,,,,
0.125,0.2029627528643316,512,Z4C_RHS_TERM_DIAGNOSTIC,,Gamma_ddiv_z,0,0,16,16,,,,,,,,,
0.125,0.2029627528643316,512,Z4C_RHS_TERM_DIAGNOSTIC,,Gamma_contraction_x,0.26316754603742187,0.26316754603742187,4.96875,0,,,,,,,,,
0.125,0.2029627528643316,512,Z4C_RHS_TERM_DIAGNOSTIC,,Gamma_contraction_y,0.15536665763503049,0.15536665763503049,5.25,-0.3125,,,,,,,,,
0.125,0.2029627528643316,512,Z4C_RHS_TERM_DIAGNOSTIC,,Gamma_contraction_z,0,0,16,16,,,,,,,,,
0.125,0.2029627528643316,512,Z4C_RHS_TERM_DIAGNOSTIC,,Gamma_second_x,3.5027389030777152,3.5027389030777152,4.8125,0,,,,,,,,,
0.125,0.2029627528643316,512,Z4C_RHS_TERM_DIAGNOSTIC,,Gamma_second_y,3.0308626282296856,3.0308626282296856,5.1875,-0.40625,,,,,,,,,
0.125,0.2029627528643316,512,Z4C_RHS_TERM_DIAGNOSTIC,,Gamma_second_z,0,0,16,16,,,,,,,,,
0.125,0.2029627528643316,512,Z4C_AXIS_RHS_PAIR_DIAGNOSTIC,,,,,,16,0,0,0,0,0,0,0,0,0
0.25,0.40592555529852264,128,Z4C_RHS_STAGE_DIAGNOSTIC,z4c_chi,,,,,,,,,,,,,,
0.25,0.40592555529852264,128,Z4C_RHS_STAGE_DIAGNOSTIC,z4c_gxx,,,,,,,,,,,,,,
0.25,0.40592555529852264,128,Z4C_RHS_STAGE_DIAGNOSTIC,z4c_gxy,,,,,,,,,,,,,,
0.25,0.40592555529852264,128,Z4C_RHS_STAGE_DIAGNOSTIC,z4c_gxz,,,,,,,,,,,,,,
0.25,0.40592555529852264,128,Z4C_RHS_STAGE_DIAGNOSTIC,z4c_gyy,,,,,,,,,,,,,,
0.25,0.40592555529852264,128,Z4C_RHS_STAGE_DIAGNOSTIC,z4c_gyz,,,,,,,,,,,,,,
0.25,0.40592555529852264,128,Z4C_RHS_STAGE_DIAGNOSTIC,z4c_gzz,,,,,,,,,,,,,,
0.25,0.40592555529852264,128,Z4C_RHS_STAGE_DIAGNOSTIC,z4c_Khat,,,,,,,,,,,,,,
0.25,0.40592555529852264,128,Z4C_RHS_STAGE_DIAGNOSTIC,z4c_Axx,,,,,,,,,,,,,,
0.25,0.40592555529852264,128,Z4C_RHS_STAGE_DIAGNOSTIC,z4c_Axy,,,,,,,,,,,,,,
0.25,0.40592555529852264,128,Z4C_RHS_STAGE_DIAGNOSTIC,z4c_Axz,,,,,,,,,,,,,,
0.25,0.40592555529852264,128,Z4C_RHS_STAGE_DIAGNOSTIC,z4c_Ayy,,,,,,,,,,,,,,
0.25,0.40592555529852264,128,Z4C_RHS_STAGE_DIAGNOSTIC,z4c_Ayz,,,,,,,,,,,,,,
0.25,0.40592555529852264,128,Z4C_RHS_STAGE_DIAGNOSTIC,z4c_Azz,,,,,,,,,,,,,,
0.25,0.40592555529852264,128,Z4C_RHS_STAGE_DIAGNOSTIC,z4c_Gamx,,,,,,,,,,,,,,
0.25,0.40592555529852264,128,Z4C_RHS_STAGE_DIAGNOSTIC,z4c_Gamy,,,,,,,,,,,,,,
0.25,0.40592555529852264,128,Z4C_RHS_STAGE_DIAGNOSTIC,z4c_Gamz,,,,,,,,,,,,,,
0.25,0.40592555529852264,128,Z4C_RHS_STAGE_DIAGNOSTIC,z4c_Theta,,,,,,,,,,,,,,
0.25,0.40592555529852264,128,Z4C_RHS_STAGE_DIAGNOSTIC,z4c_alpha,,,,,,,,,,,,,,
0.25,0.40592555529852264,128,Z4C_RHS_STAGE_DIAGNOSTIC,z4c_betax,,,,,,,,,,,,,,
0.25,0.40592555529852264,128,Z4C_RHS_STAGE_DIAGNOSTIC,z4c_betay,,,,,,,,,,,,,,
0.25,0.40592555529852264,128,Z4C_RHS_STAGE_DIAGNOSTIC,z4c_betaz,,,,,,,,,,,,,,
0.25,0.40592555529852264,128,Z4C_RHS_STAGE_DIAGNOSTIC,z4c_Bx,,,,,,,,,,,,,,
0.25,0.40592555529852264,128,Z4C_RHS_STAGE_DIAGNOSTIC,z4c_By,,,,,,,,,,,,,,
0.25,0.40592555529852264,128,Z4C_RHS_STAGE_DIAGNOSTIC,z4c_Bz,,,,,,,,,,,,,,
0.25,0.40592555529852264,128,Z4C_AXIS_RHS_PHASE_DIAGNOSTIC,z4c_chi,,,,0,0,,,,,,,,,
0.25,0.40592555529852264,128,Z4C_AXIS_RHS_PHASE_DIAGNOSTIC,z4c_gxx,,,,0,0,,,,,,,,,
0.25,0.40592555529852264,128,Z4C_AXIS_RHS_PHASE_DIAGNOSTIC,z4c_gxy,,,,0,0,,,,,,,,,
0.25,0.40592555529852264,128,Z4C_AXIS_RHS_PHASE_DIAGNOSTIC,z4c_gxz,,,,0,0,,,,,,,,,
0.25,0.40592555529852264,128,Z4C_AXIS_RHS_PHASE_DIAGNOSTIC,z4c_gyy,,,,0,0,,,,,,,,,
0.25,0.40592555529852264,128,Z4C_AXIS_RHS_PHASE_DIAGNOSTIC,z4c_gyz,,,,0,0,,,,,,,,,
0.25,0.40592555529852264,128,Z4C_AXIS_RHS_PHASE_DIAGNOSTIC,z4c_gzz,,,,0,0,,,,,,,,,
0.25,0.40592555529852264,128,Z4C_AXIS_RHS_PHASE_DIAGNOSTIC,z4c_Khat,,,,0,0,,,,,,,,,
0.25,0.40592555529852264,128,Z4C_AXIS_RHS_PHASE_DIAGNOSTIC,z4c_Axx,,,,0,0,,,,,,,,,
0.25,0.40592555529852264,128,Z4C_AXIS_RHS_PHASE_DIAGNOSTIC,z4c_Axy,,,,0,0,,,,,,,,,
0.25,0.40592555529852264,128,Z4C_AXIS_RHS_PHASE_DIAGNOSTIC,z4c_Axz,,,,0,0,,,,,,,,,
0.25,0.40592555529852264,128,Z4C_AXIS_RHS_PHASE_DIAGNOSTIC,z4c_Ayy,,,,0,0,,,,,,,,,
0.25,0.40592555529852264,128,Z4C_AXIS_RHS_PHASE_DIAGNOSTIC,z4c_Ayz,,,,0,0,,,,,,,,,
0.25,0.40592555529852264,128,Z4C_AXIS_RHS_PHASE_DIAGNOSTIC,z4c_Azz,,,,0,0,,,,,,,,,
0.25,0.40592555529852264,128,Z4C_AXIS_RHS_PHASE_DIAGNOSTIC,z4c_Gamx,,,,0,0,,,,,,,,,
0.25,0.40592555529852264,128,Z4C_AXIS_RHS_PHASE_DIAGNOSTIC,z4c_Gamy,,,,0,0,,,,,,,,,
0.25,0.40592555529852264,128,Z4C_AXIS_RHS_PHASE_DIAGNOSTIC,z4c_Gamz,,,,0,0,,,,,,,,,
0.25,0.40592555529852264,128,Z4C_AXIS_RHS_PHASE_DIAGNOSTIC,z4c_Theta,,,,0,0,,,,,,,,,
0.25,0.40592555529852264,128,Z4C_AXIS_RHS_PHASE_DIAGNOSTIC,z4c_alpha,,,,0,0,,,,,,,,,
0.25,0.40592555529852264,128,Z4C_AXIS_RHS_PHASE_DIAGNOSTIC,z4c_betax,,,,0,0,,,,,,,,,
0.25,0.40592555529852264,128,Z4C_AXIS_RHS_PHASE_DIAGNOSTIC,z4c_betay,,,,0,0,,,,,,,,,
0.25,0.40592555529852264,128,Z4C_AXIS_RHS_PHASE_DIAGNOSTIC,z4c_betaz,,,,0,0,,,,,,,,,
0.25,0.40592555529852264,128,Z4C_AXIS_RHS_PHASE_DIAGNOSTIC,z4c_Bx,,,,0,0,,,,,,,,,
0.25,0.40592555529852264,128,Z4C_AXIS_RHS_PHASE_DIAGNOSTIC,z4c_By,,,,0,0,,,,,,,,,
0.25,0.40592555529852264,128,Z4C_AXIS_RHS_PHASE_DIAGNOSTIC,z4c_Bz,,,,0,0,,,,,,,,,
0.25,0.40592555529852264,128,Z4C_AXIS_TERM_POINT_DIAGNOSTIC,,A_geometric_xx,,-1.0905445823440484e-06,0,0,,,,,,,,,
0.25,0.40592555529852264,128,Z4C_AXIS_TERM_POINT_DIAGNOSTIC,,A_geometric_xy,,-5.0526421473610875e-16,0,0,,,,,,,,,
0.25,0.40592555529852264,128,Z4C_AXIS_TERM_POINT_DIAGNOSTIC,,A_geometric_xz,,0,0,0,,,,,,,,,
0.25,0.40592555529852264,128,Z4C_AXIS_TERM_POINT_DIAGNOSTIC,,A_geometric_yy,,-8.3538076250129388e-06,0,0,,,,,,,,,
0.25,0.40592555529852264,128,Z4C_AXIS_TERM_POINT_DIAGNOSTIC,,A_geometric_yz,,0,0,0,,,,,,,,,
0.25,0.40592555529852264,128,Z4C_AXIS_TERM_POINT_DIAGNOSTIC,,A_geometric_zz,,-1.0905445823440484e-06,0,0,,,,,,,,,
0.25,0.40592555529852264,128,Z4C_AXIS_TERM_POINT_DIAGNOSTIC,,A_trace_xx,,3.5116316648474349e-06,0,0,,,,,,,,,
0.25,0.40592555529852264,128,Z4C_AXIS_TERM_POINT_DIAGNOSTIC,,A_trace_xy,,0,0,0,,,,,,,,,
0.25,0.40592555529852264,128,Z4C_AXIS_TERM_POINT_DIAGNOSTIC,,A_trace_xz,,0,0,0,,,,,,,,,
0.25,0.40592555529852264,128,Z4C_AXIS_TERM_POINT_DIAGNOSTIC,,A_trace_yy,,3.5116324194659024e-06,0,0,,,,,,,,,
0.25,0.40592555529852264,128,Z4C_AXIS_TERM_POINT_DIAGNOSTIC,,A_trace_yz,,0,0,0,,,,,,,,,
0.25,0.40592555529852264,128,Z4C_AXIS_TERM_POINT_DIAGNOSTIC,,A_trace_zz,,3.5116316648474349e-06,0,0,,,,,,,,,
0.25,0.40592555529852264,128,Z4C_AXIS_TERM_POINT_DIAGNOSTIC,,A_nonlinear_xx,,-4.2672668384461319e-13,0,0,,,,,,,,,
0.25,0.40592555529852264,128,Z4C_AXIS_TERM_POINT_DIAGNOSTIC,,A_nonlinear_xy,,-0,0,0,,,,,,,,,
0.25,0.40592555529852264,128,Z4C_AXIS_TERM_POINT_DIAGNOSTIC,,A_nonlinear_xz,,-0,0,0,,,,,,,,,
0.25,0.40592555529852264,128,Z4C_AXIS_TERM_POINT_DIAGNOSTIC,,A_nonlinear_yy,,4.6718061135780409e-14,0,0,,,,,,,,,
0.25,0.40592555529852264,128,Z4C_AXIS_TERM_POINT_DIAGNOSTIC,,A_nonlinear_yz,,-0,0,0,,,,,,,,,
0.25,0.40592555529852264,128,Z4C_AXIS_TERM_POINT_DIAGNOSTIC,,A_nonlinear_zz,,-4.2672668384461319e-13,0,0,,,,,,,,,
0.25,0.40592555529852264,128,Z4C_AXIS_TERM_POINT_DIAGNOSTIC,,A_lie_xx,,-9.4118734811469843e-14,0,0,,,,,,,,,
0.25,0.40592555529852264,128,Z4C_AXIS_TERM_POINT_DIAGNOSTIC,,A_lie_xy,,9.8155674334957849e-40,0,0,,,,,,,,,
0.25,0.40592555529852264,128,Z4C_AXIS_TERM_POINT_DIAGNOSTIC,,A_lie_xz,,0,0,0,,,,,,,,,
0.25,0.40592555529852264,128,Z4C_AXIS_TERM_POINT_DIAGNOSTIC,,A_lie_yy,,-3.7647502014700418e-13,0,0,,,,,,,,,
0.25,0.40592555529852264,128,Z4C_AXIS_TERM_POINT_DIAGNOSTIC,,A_lie_yz,,0,0,0,,,,,,,,,
0.25,0.40592555529852264,128,Z4C_AXIS_TERM_POINT_DIAGNOSTIC,,A_lie_zz,,-9.4118734811469843e-14,0,0,,,,,,,,,
0.25,0.40592555529852264,128,Z4C_AXIS_TERM_POINT_DIAGNOSTIC,,Gamma_divergence_x,,1.274029672849366e-23,0,0,,,,,,,,,
0.25,0.40592555529852264,128,Z4C_AXIS_TERM_POINT_DIAGNOSTIC,,Gamma_divergence_y,,1.2448080551412333e-15,0,0,,,,,,,,,
0.25,0.40592555529852264,128,Z4C_AXIS_TERM_POINT_DIAGNOSTIC,,Gamma_divergence_z,,0,0,0,,,,,,,,,
0.25,0.40592555529852264,128,Z4C_AXIS_TERM_POINT_DIAGNOSTIC,,Gamma_lie_x,,-3.6406529180342637e-22,0,0,,,,,,,,,
0.25,0.40592555529852264,128,Z4C_AXIS_TERM_POINT_DIAGNOSTIC,,Gamma_lie_y,,3.851361010037333e-15,0,0,,,,,,,,,
0.25,0.40592555529852264,128,Z4C_AXIS_TERM_POINT_DIAGNOSTIC,,Gamma_lie_z,,0,0,0,,,,,,,,,
0.25,0.40592555529852264,128,Z4C_AXIS_TERM_POINT_DIAGNOSTIC,,Gamma_damping_x,,-0,0,0,,,,,,,,,
0.25,0.40592555529852264,128,Z4C_AXIS_TERM_POINT_DIAGNOSTIC,,Gamma_damping_y,,-0,0,0,,,,,,,,,
0.25,0.40592555529852264,128,Z4C_AXIS_TERM_POINT_DIAGNOSTIC,,Gamma_damping_z,,-0,0,0,,,,,,,,,
0.25,0.40592555529852264,128,Z4C_AXIS_TERM_POINT_DIAGNOSTIC,,Gamma_lapse_gradient_x,,1.1107833436564381e-22,0,0,,,,,,,,,
0.25,0.40592555529852264,128,Z4C_AXIS_TERM_POINT_DIAGNOSTIC,,Gamma_lapse_gradient_y,,-2.6602648479237563e-23,0,0,,,,,,,,,
0.25,0.40592555529852264,128,Z4C_AXIS_TERM_POINT_DIAGNOSTIC,,Gamma_lapse_gradient_z,,0,0,0,,,,,,,,,
0.25,0.40592555529852264,128,Z4C_AXIS_TERM_POINT_DIAGNOSTIC,,A_hessian_xx,,0.0021119693704202813,0,0,,,,,,,,,
0.25,0.40592555529852264,128,Z4C_AXIS_TERM_POINT_DIAGNOSTIC,,A_hessian_xy,,-6.2903374628459954e-16,0,0,,,,,,,,,
0.25,0.40592555529852264,128,Z4C_AXIS_TERM_POINT_DIAGNOSTIC,,A_hessian_xz,,-0,0,0,,,,,,,,,
0.25,0.40592555529852264,128,Z4C_AXIS_TERM_POINT_DIAGNOSTIC,,A_hessian_yy,,-0.004234448573128019,0,0,,,,,,,,,
0.25,0.40592555529852264,128,Z4C_AXIS_TERM_POINT_DIAGNOSTIC,,A_hessian_yz,,-0,0,0,,,,,,,,,
0.25,0.40592555529852264,128,Z4C_AXIS_TERM_POINT_DIAGNOSTIC,,A_hessian_zz,,0.0021119693704202813,0,0,,,,,,,,,
0.25,0.40592555529852264,128,Z4C_AXIS_TERM_POINT_DIAGNOSTIC,,A_ricci_tensor_xx,,-0.0021130599150026249,0,0,,,,,,,,,
0.25,0.40592555529852264,128,Z4C_AXIS_TERM_POINT_DIAGNOSTIC,,A_ricci_tensor_xy,,1.2376953154849081e-16,0,0,,,,,,,,,
0.25,0.40592555529852264,128,Z4C_AXIS_TERM_POINT_DIAGNOSTIC,,A_ricci_tensor_xz,,0,0,0,,,,,,,,,
0.25,0.40592555529852264,128,Z4C_AXIS_TERM_POINT_DIAGNOSTIC,,A_ricci_tensor_yy,,0.0042260947655030062,0,0,,,,,,,,,
0.25,0.40592555529852264,128,Z4C_AXIS_TERM_POINT_DIAGNOSTIC,,A_ricci_tensor_yz,,0,0,0,,,,,,,,,
0.25,0.40592555529852264,128,Z4C_AXIS_TERM_POINT_DIAGNOSTIC,,A_ricci_tensor_zz,,-0.0021130599150026249,0,0,,,,,,,,,
0.25,0.40592555529852264,128,Z4C_AXIS_TERM_POINT_DIAGNOSTIC,,A_trace_lapse_xx,,3.5029741140828543e-06,0,0,,,,,,,,,
0.25,0.40592555529852264,128,Z4C_AXIS_TERM_POINT_DIAGNOSTIC,,A_trace_lapse_xy,,0,0,0,,,,,,,,,
0.25,0.40592555529852264,128,Z4C_AXIS_TERM_POINT_DIAGNOSTIC,,A_trace_lapse_xz,,0,0,0,,,,,,,,,
0.25,0.40592555529852264,128,Z4C_AXIS_TERM_POINT_DIAGNOSTIC,,A_trace_lapse_yy,,3.5029748668408905e-06,0,0,,,,,,,,,
0.25,0.40592555529852264,128,Z4C_AXIS_TERM_POINT_DIAGNOSTIC,,A_trace_lapse_yz,,0,0,0,,,,,,,,,
0.25,0.40592555529852264,128,Z4C_AXIS_TERM_POINT_DIAGNOSTIC,,A_trace_lapse_zz,,3.5029741140828543e-06,0,0,,,,,,,,,
0.25,0.40592555529852264,128,Z4C_AXIS_TERM_POINT_DIAGNOSTIC,,A_trace_ricci_xx,,8.6575507645810605e-09,0,0,,,,,,,,,
0.25,0.40592555529852264,128,Z4C_AXIS_TERM_POINT_DIAGNOSTIC,,A_trace_ricci_xy,,0,0,0,,,,,,,,,
0.25,0.40592555529852264,128,Z4C_AXIS_TERM_POINT_DIAGNOSTIC,,A_trace_ricci_xz,,0,0,0,,,,,,,,,
0.25,0.40592555529852264,128,Z4C_AXIS_TERM_POINT_DIAGNOSTIC,,A_trace_ricci_yy,,8.6575526250118557e-09,0,0,,,,,,,,,
0.25,0.40592555529852264,128,Z4C_AXIS_TERM_POINT_DIAGNOSTIC,,A_trace_ricci_yz,,0,0,0,,,,,,,,,
0.25,0.40592555529852264,128,Z4C_AXIS_TERM_POINT_DIAGNOSTIC,,A_trace_ricci_zz,,8.6575507645810605e-09,0,0,,,,,,,,,
0.25,0.40592555529852264,128,Z4C_AXIS_TERM_POINT_DIAGNOSTIC,,Gamma_advective_x,,0,0,0,,,,,,,,,
0.25,0.40592555529852264,128,Z4C_AXIS_TERM_POINT_DIAGNOSTIC,,Gamma_advective_y,,-2.5395238448831137e-23,0,0,,,,,,,,,
0.25,0.40592555529852264,128,Z4C_AXIS_TERM_POINT_DIAGNOSTIC,,Gamma_advective_z,,0,0,0,,,,,,,,,
0.25,0.40592555529852264,128,Z4C_AXIS_TERM_POINT_DIAGNOSTIC,,Gamma_expansion_x,,-1.0776333637471018e-23,0,0,,,,,,,,,
0.25,0.40592555529852264,128,Z4C_AXIS_TERM_POINT_DIAGNOSTIC,,Gamma_expansion_y,,-8.1927206054654036e-23,0,0,,,,,,,,,
0.25,0.40592555529852264,128,Z4C_AXIS_TERM_POINT_DIAGNOSTIC,,Gamma_expansion_z,,0,0,0,,,,,,,,,
0.25,0.40592555529852264,128,Z4C_AXIS_TERM_POINT_DIAGNOSTIC,,Gamma_ddiv_x,,-3.0076863605358203e-22,0,0,,,,,,,,,
0.25,0.40592555529852264,128,Z4C_AXIS_TERM_POINT_DIAGNOSTIC,,Gamma_ddiv_y,,8.6176266430959893e-16,0,0,,,,,,,,,
0.25,0.40592555529852264,128,Z4C_AXIS_TERM_POINT_DIAGNOSTIC,,Gamma_ddiv_z,,0,0,0,,,,,,,,,
0.25,0.40592555529852264,128,Z4C_AXIS_TERM_POINT_DIAGNOSTIC,,Gamma_contraction_x,,2.7525781207900807e-24,0,0,,,,,,,,,
0.25,0.40592555529852264,128,Z4C_AXIS_TERM_POINT_DIAGNOSTIC,,Gamma_contraction_y,,8.1037792560784322e-23,0,0,,,,,,,,,
0.25,0.40592555529852264,128,Z4C_AXIS_TERM_POINT_DIAGNOSTIC,,Gamma_contraction_z,,0,0,0,,,,,,,,,
0.25,0.40592555529852264,128,Z4C_AXIS_TERM_POINT_DIAGNOSTIC,,Gamma_second_x,,-5.5272900233163373e-23,0,0,,,,,,,,,
0.25,0.40592555529852264,128,Z4C_AXIS_TERM_POINT_DIAGNOSTIC,,Gamma_second_y,,2.9895983720123856e-15,0,0,,,,,,,,,
0.25,0.40592555529852264,128,Z4C_AXIS_TERM_POINT_DIAGNOSTIC,,Gamma_second_z,,0,0,0,,,,,,,,,
0.25,0.40592555529852264,128,Z4C_RHS_TERM_DIAGNOSTIC,,A_geometric_xx,0.33010536353896458,-0.33010536353896458,5.125,0,,,,,,,,,
0.25,0.40592555529852264,128,Z4C_RHS_TERM_DIAGNOSTIC,,A_geometric_xy,0.094356329859068125,-0.094356329859068125,4.75,-0.625,,,,,,,,,
0.25,0.40592555529852264,128,Z4C_RHS_TERM_DIAGNOSTIC,,A_geometric_xz,0,0,16,16,,,,,,,,,
0.25,0.40592555529852264,128,Z4C_RHS_TERM_DIAGNOSTIC,,A_geometric_yy,0.32840801190282659,-0.32840801190282659,5.25,0,,,,,,,,,
0.25,0.40592555529852264,128,Z4C_RHS_TERM_DIAGNOSTIC,,A_geometric_yz,0,0,16,16,,,,,,,,,
0.25,0.40592555529852264,128,Z4C_RHS_TERM_DIAGNOSTIC,,A_geometric_zz,3.5157502249371086,3.5157502249371086,5.25,0,,,,,,,,,
0.25,0.40592555529852264,128,Z4C_RHS_TERM_DIAGNOSTIC,,A_trace_xx,0.066518143498576335,0.066518143498576335,5.125,-0.25,,,,,,,,,
0.25,0.40592555529852264,128,Z4C_RHS_TERM_DIAGNOSTIC,,A_trace_xy,0.0048613588211833345,0.0048613588211833345,4.75,0.375,,,,,,,,,
0.25,0.40592555529852264,128,Z4C_RHS_TERM_DIAGNOSTIC,,A_trace_xz,0,-0,16,16,,,,,,,,,
0.25,0.40592555529852264,128,Z4C_RHS_TERM_DIAGNOSTIC,,A_trace_yy,0.068403334684727465,0.068403334684727465,4.875,0,,,,,,,,,
0.25,0.40592555529852264,128,Z4C_RHS_TERM_DIAGNOSTIC,,A_trace_yz,0,-0,16,16,,,,,,,,,
0.25,0.40592555529852264,128,Z4C_RHS_TERM_DIAGNOSTIC,,A_trace_zz,0.46742799588492828,0.46742799588492828,5.125,0,,,,,,,,,
0.25,0.40592555529852264,128,Z4C_RHS_TERM_DIAGNOSTIC,,A_nonlinear_xx,0.0076411423350350978,-0.0076411423350350978,5.125,0,,,,,,,,,
0.25,0.40592555529852264,128,Z4C_RHS_TERM_DIAGNOSTIC,,A_nonlinear_xy,0.0031644237123354649,-0.0031644237123354649,5,-0.375,,,,,,,,,
0.25,0.40592555529852264,128,Z4C_RHS_TERM_DIAGNOSTIC,,A_nonlinear_xz,0,0,16,16,,,,,,,,,
0.25,0.40592555529852264,128,Z4C_RHS_TERM_DIAGNOSTIC,,A_nonlinear_yy,0.0078403904842074216,-0.0078403904842074216,5.25,0,,,,,,,,,
0.25,0.40592555529852264,128,Z4C_RHS_TERM_DIAGNOSTIC,,A_nonlinear_yz,0,0,16,16,,,,,,,,,
0.25,0.40592555529852264,128,Z4C_RHS_TERM_DIAGNOSTIC,,A_nonlinear_zz,0.77182486522829208,-0.77182486522829208,5.25,0,,,,,,,,,
0.25,0.40592555529852264,128,Z4C_RHS_TERM_DIAGNOSTIC,,A_lie_xx,0.042680893633497363,0.042680893633497363,4.5,0,,,,,,,,,
0.25,0.40592555529852264,128,Z4C_RHS_TERM_DIAGNOSTIC,,A_lie_xy,0.0092873421787636485,-0.0092873421787636485,5.125,-0.375,,,,,,,,,
0.25,0.40592555529852264,128,Z4C_RHS_TERM_DIAGNOSTIC,,A_lie_xz,0,0,16,16,,,,,,,,,
0.25,0.40592555529852264,128,Z4C_RHS_TERM_DIAGNOSTIC,,A_lie_yy,0.044016106211397274,0.044016106211397274,4.75,0.5,,,,,,,,,
0.25,0.40592555529852264,128,Z4C_RHS_TERM_DIAGNOSTIC,,A_lie_yz,0,0,16,16,,,,,,,,,
0.25,0.40592555529852264,128,Z4C_RHS_TERM_DIAGNOSTIC,,A_lie_zz,1.2656473852465187,-1.2656473852465187,5,0,,,,,,,,,
0.25,0.40592555529852264,128,Z4C_RHS_TERM_DIAGNOSTIC,,Gamma_divergence_x,0.26447323600356598,-0.26447323600356598,6,0,,,,,,,,,
0.25,0.40592555529852264,128,Z4C_RHS_TERM_DIAGNOSTIC,,Gamma_divergence_y,0.24463540401904132,0.24463540401904132,5.25,-0.75,,,,,,,,,
0.25,0.40592555529852264,128,Z4C_RHS_TERM_DIAGNOSTIC,,Gamma_divergence_z,0,0,16,16,,,,,,,,,
0.25,0.40592555529852264,128,Z4C_RHS_TERM_DIAGNOSTIC,,Gamma_lie_x,3.0405587806698811,3.0405587806698811,4.625,0,,,,,,,,,
0.25,0.40592555529852264,128,Z4C_RHS_TERM_DIAGNOSTIC,,Gamma_lie_y,2.7009076672353984,-2.7009076672353984,5.25,0.625,,,,,,,,,
0.25,0.40592555529852264,128,Z4C_RHS_TERM_DIAGNOSTIC,,Gamma_lie_z,0,0,16,16,,,,,,,,,
0.25,0.40592555529852264,128,Z4C_RHS_TERM_DIAGNOSTIC,,Gamma_damping_x,0,-0,16,16,,,,,,,,,
0.25,0.40592555529852264,128,Z4C_RHS_TERM_DIAGNOSTIC,,Gamma_damping_y,0,-0,16,16,,,,,,,,,
0.25,0.40592555529852264,128,Z4C_RHS_TERM_DIAGNOSTIC,,Gamma_damping_z,0,-0,16,16,,,,,,,,,
0.25,0.40592555529852264,128,Z4C_RHS_TERM_DIAGNOSTIC,,Gamma_lapse_gradient_x,0.093031010168608014,0.093031010168608014,5.625,0,,,,,,,,,
0.25,0.40592555529852264,128,Z4C_RHS_TERM_DIAGNOSTIC,,Gamma_lapse_gradient_y,0.072456915875838149,-0.072456915875838149,5.25,-0.5,,,,,,,,,
0.25,0.40592555529852264,128,Z4C_RHS_TERM_DIAGNOSTIC,,Gamma_lapse_gradient_z,0,0,16,16,,,,,,,,,
0.25,0.40592555529852264,128,Z4C_RHS_TERM_DIAGNOSTIC,,A_hessian_xx,0.14635591020120417,-0.14635591020120417,5.25,-0.625,,,,,,,,,
0.25,0.40592555529852264,128,Z4C_RHS_TERM_DIAGNOSTIC,,A_hessian_xy,0.074103059476472152,-0.074103059476472152,6,-0.75,,,,,,,,,
0.25,0.40592555529852264,128,Z4C_RHS_TERM_DIAGNOSTIC,,A_hessian_xz,0,-0,16,16,,,,,,,,,
0.25,0.40592555529852264,128,Z4C_RHS_TERM_DIAGNOSTIC,,A_hessian_yy,0.15133359118219791,-0.15133359118219791,5.875,0,,,,,,,,,
0.25,0.40592555529852264,128,Z4C_RHS_TERM_DIAGNOSTIC,,A_hessian_yz,0,-0,16,16,,,,,,,,,
0.25,0.40592555529852264,128,Z4C_RHS_TERM_DIAGNOSTIC,,A_hessian_zz,0.14515390116268445,0.14515390116268445,5.75,0,,,,,,,,,
0.25,0.40592555529852264,128,Z4C_RHS_TERM_DIAGNOSTIC,,A_ricci_tensor_xx,0.21140529360961924,-0.21140529360961924,5,0,,,,,,,,,
0.25,0.40592555529852264,128,Z4C_RHS_TERM_DIAGNOSTIC,,A_ricci_tensor_xy,0.14964890665289698,0.14964890665289698,4.625,0.625,,,,,,,,,
0.25,0.40592555529852264,128,Z4C_RHS_TERM_DIAGNOSTIC,,A_ricci_tensor_xz,0,0,16,16,,,,,,,,,
0.25,0.40592555529852264,128,Z4C_RHS_TERM_DIAGNOSTIC,,A_ricci_tensor_yy,0.21417367148756924,-0.21417367148756924,5.25,0,,,,,,,,,
0.25,0.40592555529852264,128,Z4C_RHS_TERM_DIAGNOSTIC,,A_ricci_tensor_yz,0,0,16,16,,,,,,,,,
0.25,0.40592555529852264,128,Z4C_RHS_TERM_DIAGNOSTIC,,A_ricci_tensor_zz,3.5263111557248195,3.5263111557248195,5.25,0,,,,,,,,,
0.25,0.40592555529852264,128,Z4C_RHS_TERM_DIAGNOSTIC,,A_trace_lapse_xx,0.078340779451854317,0.078340779451854317,5.25,0.125,,,,,,,,,
0.25,0.40592555529852264,128,Z4C_RHS_TERM_DIAGNOSTIC,,A_trace_lapse_xy,0.0051927207953130407,0.0051927207953130407,4.875,0.375,,,,,,,,,
0.25,0.40592555529852264,128,Z4C_RHS_TERM_DIAGNOSTIC,,A_trace_lapse_xz,0,0,16,16,,,,,,,,,
0.25,0.40592555529852264,128,Z4C_RHS_TERM_DIAGNOSTIC,,A_trace_lapse_yy,0.078105428659442866,0.078105428659442866,5,0,,,,,,,,,
0.25,0.40592555529852264,128,Z4C_RHS_TERM_DIAGNOSTIC,,A_trace_lapse_yz,0,0,16,16,,,,,,,,,
0.25,0.40592555529852264,128,Z4C_RHS_TERM_DIAGNOSTIC,,A_trace_lapse_zz,0.57756744540606786,0.57756744540606786,5.25,0,,,,,,,,,
0.25,0.40592555529852264,128,Z4C_RHS_TERM_DIAGNOSTIC,,A_trace_ricci_xx,0.016227808875646264,-0.016227808875646264,5.25,0,,,,,,,,,
0.25,0.40592555529852264,128,Z4C_RHS_TERM_DIAGNOSTIC,,A_trace_ricci_xy,0.00037919588875729072,0.00037919588875729072,5,-0.25,,,,,,,,,
0.25,0.40592555529852264,128,Z4C_RHS_TERM_DIAGNOSTIC,,A_trace_ricci_xz,0,-0,16,16,,,,,,,,,
0.25,0.40592555529852264,128,Z4C_RHS_TERM_DIAGNOSTIC,,A_trace_ricci_yy,0.01591770433666093,-0.01591770433666093,5.25,0,,,,,,,,,
0.25,0.40592555529852264,128,Z4C_RHS_TERM_DIAGNOSTIC,,A_trace_ricci_yz,0,-0,16,16,,,,,,,,,
0.25,0.40592555529852264,128,Z4C_RHS_TERM_DIAGNOSTIC,,A_trace_ricci_zz,0.11993861719225897,-0.11993861719225897,5.25,0,,,,,,,,,
0.25,0.40592555529852264,128,Z4C_RHS_TERM_DIAGNOSTIC,,Gamma_advective_x,0.3426878316288508,-0.3426878316288508,4.625,0,,,,,,,,,
0.25,0.40592555529852264,128,Z4C_RHS_TERM_DIAGNOSTIC,,Gamma_advective_y,0.25528180271880963,0.25528180271880963,5,0.625,,,,,,,,,
0.25,0.40592555529852264,128,Z4C_RHS_TERM_DIAGNOSTIC,,Gamma_advective_z,0,0,16,16,,,,,,,,,
0.25,0.40592555529852264,128,Z4C_RHS_TERM_DIAGNOSTIC,,Gamma_expansion_x,0.13870586917336181,-0.13870586917336181,5.5,0,,,,,,,,,
0.25,0.40592555529852264,128,Z4C_RHS_TERM_DIAGNOSTIC,,Gamma_expansion_y,0.064402467057301849,-0.064402467057301849,5.25,-0.75,,,,,,,,,
0.25,0.40592555529852264,128,Z4C_RHS_TERM_DIAGNOSTIC,,Gamma_expansion_z,0,-0,16,16,,,,,,,,,
0.25,0.40592555529852264,128,Z4C_RHS_TERM_DIAGNOSTIC,,Gamma_ddiv_x,0.85208094612770657,0.85208094612770657,4.625,0,,,,,,,,,
0.25,0.40592555529852264,128,Z4C_RHS_TERM_DIAGNOSTIC,,Gamma_ddiv_y,0.77007304615880789,-0.77007304615880789,5.25,0.625,,,,,,,,,
0.25,0.40592555529852264,128,Z4C_RHS_TERM_DIAGNOSTIC,,Gamma_ddiv_z,0,0,16,16,,,,,,,,,
0.25,0.40592555529852264,128,Z4C_RHS_TERM_DIAGNOSTIC,,Gamma_contraction_x,0.18659762193393642,-0.18659762193393642,4.125,0,,,,,,,,,
0.25,0.40592555529852264,128,Z4C_RHS_TERM_DIAGNOSTIC,,Gamma_contraction_y,0.11298961456633817,0.11298961456633817,4.75,1,,,,,,,,,
0.25,0.40592555529852264,128,Z4C_RHS_TERM_DIAGNOSTIC,,Gamma_contraction_z,0,0,16,16,,,,,,,,,
0.25,0.40592555529852264,128,Z4C_RHS_TERM_DIAGNOSTIC,,Gamma_second_x,2.588901314628917,2.588901314628917,4.625,0,,,,,,,,,
0.25,0.40592555529852264,128,Z4C_RHS_TERM_DIAGNOSTIC,,Gamma_second_y,2.2025519443830954,-2.2025519443830954,5.125,0.625,,,,,,,,,
0.25,0.40592555529852264,128,Z4C_RHS_TERM_DIAGNOSTIC,,Gamma_second_z,0,0,16,16,,,,,,,,,
0.25,0.40592555529852264,128,Z4C_AXIS_RHS_PAIR_DIAGNOSTIC,,,,,,16,0,0,0,0,0,0,0,0,0
0.25,0.40592555529852264,256,Z4C_RHS_STAGE_DIAGNOSTIC,z4c_chi,,,,,,,,,,,,,,
0.25,0.40592555529852264,256,Z4C_RHS_STAGE_DIAGNOSTIC,z4c_gxx,,,,,,,,,,,,,,
0.25,0.40592555529852264,256,Z4C_RHS_STAGE_DIAGNOSTIC,z4c_gxy,,,,,,,,,,,,,,
0.25,0.40592555529852264,256,Z4C_RHS_STAGE_DIAGNOSTIC,z4c_gxz,,,,,,,,,,,,,,
0.25,0.40592555529852264,256,Z4C_RHS_STAGE_DIAGNOSTIC,z4c_gyy,,,,,,,,,,,,,,
0.25,0.40592555529852264,256,Z4C_RHS_STAGE_DIAGNOSTIC,z4c_gyz,,,,,,,,,,,,,,
0.25,0.40592555529852264,256,Z4C_RHS_STAGE_DIAGNOSTIC,z4c_gzz,,,,,,,,,,,,,,
0.25,0.40592555529852264,256,Z4C_RHS_STAGE_DIAGNOSTIC,z4c_Khat,,,,,,,,,,,,,,
0.25,0.40592555529852264,256,Z4C_RHS_STAGE_DIAGNOSTIC,z4c_Axx,,,,,,,,,,,,,,
0.25,0.40592555529852264,256,Z4C_RHS_STAGE_DIAGNOSTIC,z4c_Axy,,,,,,,,,,,,,,
0.25,0.40592555529852264,256,Z4C_RHS_STAGE_DIAGNOSTIC,z4c_Axz,,,,,,,,,,,,,,
0.25,0.40592555529852264,256,Z4C_RHS_STAGE_DIAGNOSTIC,z4c_Ayy,,,,,,,,,,,,,,
0.25,0.40592555529852264,256,Z4C_RHS_STAGE_DIAGNOSTIC,z4c_Ayz,,,,,,,,,,,,,,
0.25,0.40592555529852264,256,Z4C_RHS_STAGE_DIAGNOSTIC,z4c_Azz,,,,,,,,,,,,,,
0.25,0.40592555529852264,256,Z4C_RHS_STAGE_DIAGNOSTIC,z4c_Gamx,,,,,,,,,,,,,,
0.25,0.40592555529852264,256,Z4C_RHS_STAGE_DIAGNOSTIC,z4c_Gamy,,,,,,,,,,,,,,
0.25,0.40592555529852264,256,Z4C_RHS_STAGE_DIAGNOSTIC,z4c_Gamz,,,,,,,,,,,,,,
0.25,0.40592555529852264,256,Z4C_RHS_STAGE_DIAGNOSTIC,z4c_Theta,,,,,,,,,,,,,,
0.25,0.40592555529852264,256,Z4C_RHS_STAGE_DIAGNOSTIC,z4c_alpha,,,,,,,,,,,,,,
0.25,0.40592555529852264,256,Z4C_RHS_STAGE_DIAGNOSTIC,z4c_betax,,,,,,,,,,,,,,
0.25,0.40592555529852264,256,Z4C_RHS_STAGE_DIAGNOSTIC,z4c_betay,,,,,,,,,,,,,,
0.25,0.40592555529852264,256,Z4C_RHS_STAGE_DIAGNOSTIC,z4c_betaz,,,,,,,,,,,,,,
0.25,0.40592555529852264,256,Z4C_RHS_STAGE_DIAGNOSTIC,z4c_Bx,,,,,,,,,,,,,,
0.25,0.40592555529852264,256,Z4C_RHS_STAGE_DIAGNOSTIC,z4c_By,,,,,,,,,,,,,,
0.25,0.40592555529852264,256,Z4C_RHS_STAGE_DIAGNOSTIC,z4c_Bz,,,,,,,,,,,,,,
0.25,0.40592555529852264,256,Z4C_AXIS_RHS_PHASE_DIAGNOSTIC,z4c_chi,,,,0,0,,,,,,,,,
0.25,0.40592555529852264,256,Z4C_AXIS_RHS_PHASE_DIAGNOSTIC,z4c_gxx,,,,0,0,,,,,,,,,
0.25,0.40592555529852264,256,Z4C_AXIS_RHS_PHASE_DIAGNOSTIC,z4c_gxy,,,,0,0,,,,,,,,,
0.25,0.40592555529852264,256,Z4C_AXIS_RHS_PHASE_DIAGNOSTIC,z4c_gxz,,,,0,0,,,,,,,,,
0.25,0.40592555529852264,256,Z4C_AXIS_RHS_PHASE_DIAGNOSTIC,z4c_gyy,,,,0,0,,,,,,,,,
0.25,0.40592555529852264,256,Z4C_AXIS_RHS_PHASE_DIAGNOSTIC,z4c_gyz,,,,0,0,,,,,,,,,
0.25,0.40592555529852264,256,Z4C_AXIS_RHS_PHASE_DIAGNOSTIC,z4c_gzz,,,,0,0,,,,,,,,,
0.25,0.40592555529852264,256,Z4C_AXIS_RHS_PHASE_DIAGNOSTIC,z4c_Khat,,,,0,0,,,,,,,,,
0.25,0.40592555529852264,256,Z4C_AXIS_RHS_PHASE_DIAGNOSTIC,z4c_Axx,,,,0,0,,,,,,,,,
0.25,0.40592555529852264,256,Z4C_AXIS_RHS_PHASE_DIAGNOSTIC,z4c_Axy,,,,0,0,,,,,,,,,
0.25,0.40592555529852264,256,Z4C_AXIS_RHS_PHASE_DIAGNOSTIC,z4c_Axz,,,,0,0,,,,,,,,,
0.25,0.40592555529852264,256,Z4C_AXIS_RHS_PHASE_DIAGNOSTIC,z4c_Ayy,,,,0,0,,,,,,,,,
0.25,0.40592555529852264,256,Z4C_AXIS_RHS_PHASE_DIAGNOSTIC,z4c_Ayz,,,,0,0,,,,,,,,,
0.25,0.40592555529852264,256,Z4C_AXIS_RHS_PHASE_DIAGNOSTIC,z4c_Azz,,,,0,0,,,,,,,,,
0.25,0.40592555529852264,256,Z4C_AXIS_RHS_PHASE_DIAGNOSTIC,z4c_Gamx,,,,0,0,,,,,,,,,
0.25,0.40592555529852264,256,Z4C_AXIS_RHS_PHASE_DIAGNOSTIC,z4c_Gamy,,,,0,0,,,,,,,,,
0.25,0.40592555529852264,256,Z4C_AXIS_RHS_PHASE_DIAGNOSTIC,z4c_Gamz,,,,0,0,,,,,,,,,
0.25,0.40592555529852264,256,Z4C_AXIS_RHS_PHASE_DIAGNOSTIC,z4c_Theta,,,,0,0,,,,,,,,,
0.25,0.40592555529852264,256,Z4C_AXIS_RHS_PHASE_DIAGNOSTIC,z4c_alpha,,,,0,0,,,,,,,,,
0.25,0.40592555529852264,256,Z4C_AXIS_RHS_PHASE_DIAGNOSTIC,z4c_betax,,,,0,0,,,,,,,,,
0.25,0.40592555529852264,256,Z4C_AXIS_RHS_PHASE_DIAGNOSTIC,z4c_betay,,,,0,0,,,,,,,,,
0.25,0.40592555529852264,256,Z4C_AXIS_RHS_PHASE_DIAGNOSTIC,z4c_betaz,,,,0,0,,,,,,,,,
0.25,0.40592555529852264,256,Z4C_AXIS_RHS_PHASE_DIAGNOSTIC,z4c_Bx,,,,0,0,,,,,,,,,
0.25,0.40592555529852264,256,Z4C_AXIS_RHS_PHASE_DIAGNOSTIC,z4c_By,,,,0,0,,,,,,,,,
0.25,0.40592555529852264,256,Z4C_AXIS_RHS_PHASE_DIAGNOSTIC,z4c_Bz,,,,0,0,,,,,,,,,
0.25,0.40592555529852264,256,Z4C_AXIS_TERM_POINT_DIAGNOSTIC,,A_geometric_xx,,-1.0915399847582032e-06,0,0,,,,,,,,,
0.25,0.40592555529852264,256,Z4C_AXIS_TERM_POINT_DIAGNOSTIC,,A_geometric_xy,,8.5280419285650804e-16,0,0,,,,,,,,,
0.25,0.40592555529852264,256,Z4C_AXIS_TERM_POINT_DIAGNOSTIC,,A_geometric_xz,,0,0,0,,,,,,,,,
0.25,0.40592555529852264,256,Z4C_AXIS_TERM_POINT_DIAGNOSTIC,,A_geometric_yy,,-8.3520506271696308e-06,0,0,,,,,,,,,
0.25,0.40592555529852264,256,Z4C_AXIS_TERM_POINT_DIAGNOSTIC,,A_geometric_yz,,0,0,0,,,,,,,,,
0.25,0.40592555529852264,256,Z4C_AXIS_TERM_POINT_DIAGNOSTIC,,A_geometric_zz,,-1.0915399847582032e-06,0,0,,,,,,,,,
0.25,0.40592555529852264,256,Z4C_AXIS_TERM_POINT_DIAGNOSTIC,,A_trace_xx,,3.5117096006487327e-06,0,0,,,,,,,,,
0.25,0.40592555529852264,256,Z4C_AXIS_TERM_POINT_DIAGNOSTIC,,A_trace_xy,,0,0,0,,,,,,,,,
0.25,0.40592555529852264,256,Z4C_AXIS_TERM_POINT_DIAGNOSTIC,,A_trace_xz,,0,0,0,,,,,,,,,
0.25,0.40592555529852264,256,Z4C_AXIS_TERM_POINT_DIAGNOSTIC,,A_trace_yy,,3.511710355266464e-06,0,0,,,,,,,,,
0.25,0.40592555529852264,256,Z4C_AXIS_TERM_POINT_DIAGNOSTIC,,A_trace_yz,,0,0,0,,,,,,,,,
0.25,0.40592555529852264,256,Z4C_AXIS_TERM_POINT_DIAGNOSTIC,,A_trace_zz,,3.5117096006487327e-06,0,0,,,,,,,,,
0.25,0.40592555529852264,256,Z4C_AXIS_TERM_POINT_DIAGNOSTIC,,A_nonlinear_xx,,-4.265698771812937e-13,0,0,,,,,,,,,
0.25,0.40592555529852264,256,Z4C_AXIS_TERM_POINT_DIAGNOSTIC,,A_nonlinear_xy,,-0,0,0,,,,,,,,,
0.25,0.40592555529852264,256,Z4C_AXIS_TERM_POINT_DIAGNOSTIC,,A_nonlinear_xz,,-0,0,0,,,,,,,,,
0.25,0.40592555529852264,256,Z4C_AXIS_TERM_POINT_DIAGNOSTIC,,A_nonlinear_yy,,4.7217029917749031e-14,0,0,,,,,,,,,
0.25,0.40592555529852264,256,Z4C_AXIS_TERM_POINT_DIAGNOSTIC,,A_nonlinear_yz,,-0,0,0,,,,,,,,,
0.25,0.40592555529852264,256,Z4C_AXIS_TERM_POINT_DIAGNOSTIC,,A_nonlinear_zz,,-4.265698771812937e-13,0,0,,,,,,,,,
0.25,0.40592555529852264,256,Z4C_AXIS_TERM_POINT_DIAGNOSTIC,,A_lie_xx,,-9.4119580992980994e-14,0,0,,,,,,,,,
0.25,0.40592555529852264,256,Z4C_AXIS_TERM_POINT_DIAGNOSTIC,,A_lie_xy,,3.9976326760428447e-40,0,0,,,,,,,,,
0.25,0.40592555529852264,256,Z4C_AXIS_TERM_POINT_DIAGNOSTIC,,A_lie_xz,,0,0,0,,,,,,,,,
0.25,0.40592555529852264,256,Z4C_AXIS_TERM_POINT_DIAGNOSTIC,,A_lie_yy,,-3.7647840487190086e-13,0,0,,,,,,,,,
0.25,0.40592555529852264,256,Z4C_AXIS_TERM_POINT_DIAGNOSTIC,,A_lie_yz,,0,0,0,,,,,,,,,
0.25,0.40592555529852264,256,Z4C_AXIS_TERM_POINT_DIAGNOSTIC,,A_lie_zz,,-9.4119580992980994e-14,0,0,,,,,,,,,
0.25,0.40592555529852264,256,Z4C_AXIS_TERM_POINT_DIAGNOSTIC,,Gamma_divergence_x,,1.250164508931821e-21,0,0,,,,,,,,,
0.25,0.40592555529852264,256,Z4C_AXIS_TERM_POINT_DIAGNOSTIC,,Gamma_divergence_y,,-4.0330323229969033e-13,0,0,,,,,,,,,
0.25,0.40592555529852264,256,Z4C_AXIS_TERM_POINT_DIAGNOSTIC,,Gamma_divergence_z,,0,0,0,,,,,,,,,
0.25,0.40592555529852264,256,Z4C_AXIS_TERM_POINT_DIAGNOSTIC,,Gamma_lie_x,,-1.9426462752250267e-22,0,0,,,,,,,,,
0.25,0.40592555529852264,256,Z4C_AXIS_TERM_POINT_DIAGNOSTIC,,Gamma_lie_y,,4.0651582502015842e-13,0,0,,,,,,,,,
0.25,0.40592555529852264,256,Z4C_AXIS_TERM_POINT_DIAGNOSTIC,,Gamma_lie_z,,0,0,0,,,,,,,,,
0.25,0.40592555529852264,256,Z4C_AXIS_TERM_POINT_DIAGNOSTIC,,Gamma_damping_x,,-0,0,0,,,,,,,,,
0.25,0.40592555529852264,256,Z4C_AXIS_TERM_POINT_DIAGNOSTIC,,Gamma_damping_y,,-0,0,0,,,,,,,,,
0.25,0.40592555529852264,256,Z4C_AXIS_TERM_POINT_DIAGNOSTIC,,Gamma_damping_z,,-0,0,0,,,,,,,,,
0.25,0.40592555529852264,256,Z4C_AXIS_TERM_POINT_DIAGNOSTIC,,Gamma_lapse_gradient_x,,7.5414790786125904e-23,0,0,,,,,,,,,
0.25,0.40592555529852264,256,Z4C_AXIS_TERM_POINT_DIAGNOSTIC,,Gamma_lapse_gradient_y,,-6.3590125955630524e-21,0,0,,,,,,,,,
0.25,0.40592555529852264,256,Z4C_AXIS_TERM_POINT_DIAGNOSTIC,,Gamma_lapse_gradient_z,,0,0,0,,,,,,,,,
0.25,0.40592555529852264,256,Z4C_AXIS_TERM_POINT_DIAGNOSTIC,,A_hessian_xx,,0.0021119607352925469,0,0,,,,,,,,,
0.25,0.40592555529852264,256,Z4C_AXIS_TERM_POINT_DIAGNOSTIC,,A_hessian_xy,,8.057045662713397e-16,0,0,,,,,,,,,
0.25,0.40592555529852264,256,Z4C_AXIS_TERM_POINT_DIAGNOSTIC,,A_hessian_xz,,-0,0,0,,,,,,,,,
0.25,0.40592555529852264,256,Z4C_AXIS_TERM_POINT_DIAGNOSTIC,,A_hessian_yy,,-0.0042344519508830201,0,0,,,,,,,,,
0.25,0.40592555529852264,256,Z4C_AXIS_TERM_POINT_DIAGNOSTIC,,A_hessian_yz,,-0,0,0,,,,,,,,,
0.25,0.40592555529852264,256,Z4C_AXIS_TERM_POINT_DIAGNOSTIC,,A_hessian_zz,,0.0021119607352925469,0,0,,,,,,,,,
0.25,0.40592555529852264,256,Z4C_AXIS_TERM_POINT_DIAGNOSTIC,,A_ricci_tensor_xx,,-0.0021130522752773047,0,0,,,,,,,,,
0.25,0.40592555529852264,256,Z4C_AXIS_TERM_POINT_DIAGNOSTIC,,A_ricci_tensor_xy,,4.7099626585168346e-17,0,0,,,,,,,,,
0.25,0.40592555529852264,256,Z4C_AXIS_TERM_POINT_DIAGNOSTIC,,A_ricci_tensor_xz,,0,0,0,,,,,,,,,
0.25,0.40592555529852264,256,Z4C_AXIS_TERM_POINT_DIAGNOSTIC,,A_ricci_tensor_yy,,0.0042260999002558504,0,0,,,,,,,,,
0.25,0.40592555529852264,256,Z4C_AXIS_TERM_POINT_DIAGNOSTIC,,A_ricci_tensor_yz,,0,0,0,,,,,,,,,
0.25,0.40592555529852264,256,Z4C_AXIS_TERM_POINT_DIAGNOSTIC,,A_ricci_tensor_zz,,-0.0021130522752773047,0,0,,,,,,,,,
0.25,0.40592555529852264,256,Z4C_AXIS_TERM_POINT_DIAGNOSTIC,,A_trace_lapse_xx,,3.5098567910248449e-06,0,0,,,,,,,,,
0.25,0.40592555529852264,256,Z4C_AXIS_TERM_POINT_DIAGNOSTIC,,A_trace_lapse_xy,,0,0,0,,,,,,,,,
0.25,0.40592555529852264,256,Z4C_AXIS_TERM_POINT_DIAGNOSTIC,,A_trace_lapse_xz,,0,0,0,,,,,,,,,
0.25,0.40592555529852264,256,Z4C_AXIS_TERM_POINT_DIAGNOSTIC,,A_trace_lapse_yy,,3.5098575452444331e-06,0,0,,,,,,,,,
0.25,0.40592555529852264,256,Z4C_AXIS_TERM_POINT_DIAGNOSTIC,,A_trace_lapse_yz,,0,0,0,,,,,,,,,
0.25,0.40592555529852264,256,Z4C_AXIS_TERM_POINT_DIAGNOSTIC,,A_trace_lapse_zz,,3.5098567910248449e-06,0,0,,,,,,,,,
0.25,0.40592555529852264,256,Z4C_AXIS_TERM_POINT_DIAGNOSTIC,,A_trace_ricci_xx,,1.8528096238879388e-09,0,0,,,,,,,,,
0.25,0.40592555529852264,256,Z4C_AXIS_TERM_POINT_DIAGNOSTIC,,A_trace_ricci_xy,,0,0,0,,,,,,,,,
0.25,0.40592555529852264,256,Z4C_AXIS_TERM_POINT_DIAGNOSTIC,,A_trace_ricci_xz,,0,0,0,,,,,,,,,
0.25,0.40592555529852264,256,Z4C_AXIS_TERM_POINT_DIAGNOSTIC,,A_trace_ricci_yy,,1.8528100220310527e-09,0,0,,,,,,,,,
0.25,0.40592555529852264,256,Z4C_AXIS_TERM_POINT_DIAGNOSTIC,,A_trace_ricci_yz,,0,0,0,,,,,,,,,
0.25,0.40592555529852264,256,Z4C_AXIS_TERM_POINT_DIAGNOSTIC,,A_trace_ricci_zz,,1.8528096238879388e-09,0,0,,,,,,,,,
0.25,0.40592555529852264,256,Z4C_AXIS_TERM_POINT_DIAGNOSTIC,,Gamma_advective_x,,0,0,0,,,,,,,,,
0.25,0.40592555529852264,256,Z4C_AXIS_TERM_POINT_DIAGNOSTIC,,Gamma_advective_y,,-1.0904920467260607e-21,0,0,,,,,,,,,
0.25,0.40592555529852264,256,Z4C_AXIS_TERM_POINT_DIAGNOSTIC,,Gamma_advective_z,,0,0,0,,,,,,,,,
0.25,0.40592555529852264,256,Z4C_AXIS_TERM_POINT_DIAGNOSTIC,,Gamma_expansion_x,,-3.2311138382432132e-22,0,0,,,,,,,,,
0.25,0.40592555529852264,256,Z4C_AXIS_TERM_POINT_DIAGNOSTIC,,Gamma_expansion_y,,-2.3847355734839953e-21,0,0,,,,,,,,,
0.25,0.40592555529852264,256,Z4C_AXIS_TERM_POINT_DIAGNOSTIC,,Gamma_expansion_z,,0,0,0,,,,,,,,,
0.25,0.40592555529852264,256,Z4C_AXIS_TERM_POINT_DIAGNOSTIC,,Gamma_ddiv_x,,-1.6350958860353252e-24,0,0,,,,,,,,,
0.25,0.40592555529852264,256,Z4C_AXIS_TERM_POINT_DIAGNOSTIC,,Gamma_ddiv_y,,7.3440163657208883e-14,0,0,,,,,,,,,
0.25,0.40592555529852264,256,Z4C_AXIS_TERM_POINT_DIAGNOSTIC,,Gamma_ddiv_z,,0,0,0,,,,,,,,,
0.25,0.40592555529852264,256,Z4C_AXIS_TERM_POINT_DIAGNOSTIC,,Gamma_contraction_x,,8.2447576850573877e-23,0,0,,,,,,,,,
0.25,0.40592555529852264,256,Z4C_AXIS_TERM_POINT_DIAGNOSTIC,,Gamma_contraction_y,,2.3600885516730337e-21,0,0,,,,,,,,,
0.25,0.40592555529852264,256,Z4C_AXIS_TERM_POINT_DIAGNOSTIC,,Gamma_contraction_z,,0,0,0,,,,,,,,,
0.25,0.40592555529852264,256,Z4C_AXIS_TERM_POINT_DIAGNOSTIC,,Gamma_second_x,,4.8034275337280088e-23,0,0,,,,,,,,,
0.25,0.40592555529852264,256,Z4C_AXIS_TERM_POINT_DIAGNOSTIC,,Gamma_second_y,,3.3307566247808865e-13,0,0,,,,,,,,,
0.25,0.40592555529852264,256,Z4C_AXIS_TERM_POINT_DIAGNOSTIC,,Gamma_second_z,,0,0,0,,,,,,,,,
0.25,0.40592555529852264,256,Z4C_RHS_TERM_DIAGNOSTIC,,A_geometric_xx,0.33013784960687886,-0.33013784960687886,5.0625,0,,,,,,,,,
0.25,0.40592555529852264,256,Z4C_RHS_TERM_DIAGNOSTIC,,A_geometric_xy,0.095194314188026985,0.095194314188026985,4.75,0.5625,,,,,,,,,
0.25,0.40592555529852264,256,Z4C_RHS_TERM_DIAGNOSTIC,,A_geometric_xz,0,0,16,16,,,,,,,,,
0.25,0.40592555529852264,256,Z4C_RHS_TERM_DIAGNOSTIC,,A_geometric_yy,0.32804699767616802,-0.32804699767616802,5.25,0,,,,,,,,,
0.25,0.40592555529852264,256,Z4C_RHS_TERM_DIAGNOSTIC,,A_geometric_yz,0,0,16,16,,,,,,,,,
0.25,0.40592555529852264,256,Z4C_RHS_TERM_DIAGNOSTIC,,A_geometric_zz,3.5185532884689414,3.5185532884689414,5.25,0,,,,,,,,,
0.25,0.40592555529852264,256,Z4C_RHS_TERM_DIAGNOSTIC,,A_trace_xx,0.066781779186899218,0.066781779186899218,5.125,-0.3125,,,,,,,,,
0.25,0.40592555529852264,256,Z4C_RHS_TERM_DIAGNOSTIC,,A_trace_xy,0.0050691005325503736,0.0050691005325503736,4.8125,0.4375,,,,,,,,,
0.25,0.40592555529852264,256,Z4C_RHS_TERM_DIAGNOSTIC,,A_trace_xz,0,-0,16,16,,,,,,,,,
0.25,0.40592555529852264,256,Z4C_RHS_TERM_DIAGNOSTIC,,A_trace_yy,0.068386983104957694,0.068386983104957694,4.875,0,,,,,,,,,
0.25,0.40592555529852264,256,Z4C_RHS_TERM_DIAGNOSTIC,,A_trace_yz,0,-0,16,16,,,,,,,,,
0.25,0.40592555529852264,256,Z4C_RHS_TERM_DIAGNOSTIC,,A_trace_zz,0.46475749599474636,0.46475749599474636,5.125,0,,,,,,,,,
0.25,0.40592555529852264,256,Z4C_RHS_TERM_DIAGNOSTIC,,A_nonlinear_xx,0.007711351429623931,-0.007711351429623931,5.1875,0,,,,,,,,,
0.25,0.40592555529852264,256,Z4C_RHS_TERM_DIAGNOSTIC,,A_nonlinear_xy,0.0032709943513419461,0.0032709943513419461,5,0.3125,,,,,,,,,
0.25,0.40592555529852264,256,Z4C_RHS_TERM_DIAGNOSTIC,,A_nonlinear_xz,0,-0,16,16,,,,,,,,,
0.25,0.40592555529852264,256,Z4C_RHS_TERM_DIAGNOSTIC,,A_nonlinear_yy,0.0079089650602728705,-0.0079089650602728705,5.25,0,,,,,,,,,
0.25,0.40592555529852264,256,Z4C_RHS_TERM_DIAGNOSTIC,,A_nonlinear_yz,0,-0,16,16,,,,,,,,,
0.25,0.40592555529852264,256,Z4C_RHS_TERM_DIAGNOSTIC,,A_nonlinear_zz,0.77086131524414081,-0.77086131524414081,5.25,0,,,,,,,,,
0.25,0.40592555529852264,256,Z4C_RHS_TERM_DIAGNOSTIC,,A_lie_xx,0.04318869797972865,0.04318869797972865,4.4375,0,,,,,,,,,
0.25,0.40592555529852264,256,Z4C_RHS_TERM_DIAGNOSTIC,,A_lie_xy,0.010093708409127046,0.010093708409127046,5.0625,0.3125,,,,,,,,,
0.25,0.40592555529852264,256,Z4C_RHS_TERM_DIAGNOSTIC,,A_lie_xz,0,0,16,16,,,,,,,,,
0.25,0.40592555529852264,256,Z4C_RHS_TERM_DIAGNOSTIC,,A_lie_yy,0.044056009041844091,0.044056009041844091,4.75,-0.5,,,,,,,,,
0.25,0.40592555529852264,256,Z4C_RHS_TERM_DIAGNOSTIC,,A_lie_yz,0,0,16,16,,,,,,,,,
0.25,0.40592555529852264,256,Z4C_RHS_TERM_DIAGNOSTIC,,A_lie_zz,1.2659383684478149,-1.2659383684478149,5,0,,,,,,,,,
0.25,0.40592555529852264,256,Z4C_RHS_TERM_DIAGNOSTIC,,Gamma_divergence_x,0.26468785595617589,-0.26468785595617589,6,0,,,,,,,,,
0.25,0.40592555529852264,256,Z4C_RHS_TERM_DIAGNOSTIC,,Gamma_divergence_y,0.24480475979997146,-0.24480475979997146,5.25,0.75,,,,,,,,,
0.25,0.40592555529852264,256,Z4C_RHS_TERM_DIAGNOSTIC,,Gamma_divergence_z,0,0,16,16,,,,,,,,,
0.25,0.40592555529852264,256,Z4C_RHS_TERM_DIAGNOSTIC,,Gamma_lie_x,3.0472504156724161,3.0472504156724161,4.625,0,,,,,,,,,
0.25,0.40592555529852264,256,Z4C_RHS_TERM_DIAGNOSTIC,,Gamma_lie_y,2.7070860940053869,-2.7070860940053869,5.25,0.625,,,,,,,,,
0.25,0.40592555529852264,256,Z4C_RHS_TERM_DIAGNOSTIC,,Gamma_lie_z,0,0,16,16,,,,,,,,,
0.25,0.40592555529852264,256,Z4C_RHS_TERM_DIAGNOSTIC,,Gamma_damping_x,0,-0,16,16,,,,,,,,,
0.25,0.40592555529852264,256,Z4C_RHS_TERM_DIAGNOSTIC,,Gamma_damping_y,0,-0,16,16,,,,,,,,,
0.25,0.40592555529852264,256,Z4C_RHS_TERM_DIAGNOSTIC,,Gamma_damping_z,0,-0,16,16,,,,,,,,,
0.25,0.40592555529852264,256,Z4C_RHS_TERM_DIAGNOSTIC,,Gamma_lapse_gradient_x,0.093213715469215183,0.093213715469215183,5.625,0,,,,,,,,,
0.25,0.40592555529852264,256,Z4C_RHS_TERM_DIAGNOSTIC,,Gamma_lapse_gradient_y,0.074032084700082781,-0.074032084700082781,5.3125,-0.4375,,,,,,,,,
0.25,0.40592555529852264,256,Z4C_RHS_TERM_DIAGNOSTIC,,Gamma_lapse_gradient_z,0,0,16,16,,,,,,,,,
0.25,0.40592555529852264,256,Z4C_RHS_TERM_DIAGNOSTIC,,A_hessian_xx,0.14681255497493395,-0.14681255497493395,5.1875,-0.5625,,,,,,,,,
0.25,0.40592555529852264,256,Z4C_RHS_TERM_DIAGNOSTIC,,A_hessian_xy,0.074413567726970026,-0.074413567726970026,6,-0.8125,,,,,,,,,
0.25,0.40592555529852264,256,Z4C_RHS_TERM_DIAGNOSTIC,,A_hessian_xz,0,-0,16,16,,,,,,,,,
0.25,0.40592555529852264,256,Z4C_RHS_TERM_DIAGNOSTIC,,A_hessian_yy,0.15230809088662128,-0.15230809088662128,5.8125,0,,,,,,,,,
0.25,0.40592555529852264,256,Z4C_RHS_TERM_DIAGNOSTIC,,A_hessian_yz,0,-0,16,16,,,,,,,,,
0.25,0.40592555529852264,256,Z4C_RHS_TERM_DIAGNOSTIC,,A_hessian_zz,0.14515283321826616,0.14515283321826616,5.75,-0.0625,,,,,,,,,
0.25,0.40592555529852264,256,Z4C_RHS_TERM_DIAGNOSTIC,,A_ricci_tensor_xx,0.21189849652680987,-0.21189849652680987,5.0625,0,,,,,,,,,
0.25,0.40592555529852264,256,Z4C_RHS_TERM_DIAGNOSTIC,,A_ricci_tensor_xy,0.14980286700388318,0.14980286700388318,4.625,0.625,,,,,,,,,
0.25,0.40592555529852264,256,Z4C_RHS_TERM_DIAGNOSTIC,,A_ricci_tensor_xz,0,0,16,16,,,,,,,,,
0.25,0.40592555529852264,256,Z4C_RHS_TERM_DIAGNOSTIC,,A_ricci_tensor_yy,0.21407113684635409,-0.21407113684635409,5.25,-0.125,,,,,,,,,
0.25,0.40592555529852264,256,Z4C_RHS_TERM_DIAGNOSTIC,,A_ricci_tensor_yz,0,0,16,16,,,,,,,,,
0.25,0.40592555529852264,256,Z4C_RHS_TERM_DIAGNOSTIC,,A_ricci_tensor_zz,3.5290302683006036,3.5290302683006036,5.25,0,,,,,,,,,
0.25,0.40592555529852264,256,Z4C_RHS_TERM_DIAGNOSTIC,,A_trace_lapse_xx,0.078446355115644129,0.078446355115644129,5.1875,0.125,,,,,,,,,
0.25,0.40592555529852264,256,Z4C_RHS_TERM_DIAGNOSTIC,,A_trace_lapse_xy,0.0053236739418183517,0.0053236739418183517,4.8125,0.4375,,,,,,,,,
0.25,0.40592555529852264,256,Z4C_RHS_TERM_DIAGNOSTIC,,A_trace_lapse_xz,0,0,16,16,,,,,,,,,
0.25,0.40592555529852264,256,Z4C_RHS_TERM_DIAGNOSTIC,,A_trace_lapse_yy,0.078082393310857312,0.078082393310857312,5,0,,,,,,,,,
0.25,0.40592555529852264,256,Z4C_RHS_TERM_DIAGNOSTIC,,A_trace_lapse_yz,0,0,16,16,,,,,,,,,
0.25,0.40592555529852264,256,Z4C_RHS_TERM_DIAGNOSTIC,,A_trace_lapse_zz,0.58052599404429828,0.58052599404429828,5.1875,0,,,,,,,,,
0.25,0.40592555529852264,256,Z4C_RHS_TERM_DIAGNOSTIC,,A_trace_ricci_xx,0.016699084976139488,-0.016699084976139488,5.25,0,,,,,,,,,
0.25,0.40592555529852264,256,Z4C_RHS_TERM_DIAGNOSTIC,,A_trace_ricci_xy,0.00038305590679198984,0.00038305590679198984,5,-0.3125,,,,,,,,,
0.25,0.40592555529852264,256,Z4C_RHS_TERM_DIAGNOSTIC,,A_trace_ricci_xz,0,-0,16,16,,,,,,,,,
0.25,0.40592555529852264,256,Z4C_RHS_TERM_DIAGNOSTIC,,A_trace_ricci_yy,0.016379648937146701,-0.016379648937146701,5.25,0,,,,,,,,,
0.25,0.40592555529852264,256,Z4C_RHS_TERM_DIAGNOSTIC,,A_trace_ricci_yz,0,-0,16,16,,,,,,,,,
0.25,0.40592555529852264,256,Z4C_RHS_TERM_DIAGNOSTIC,,A_trace_ricci_zz,0.12338154026647374,-0.12338154026647374,5.25,0,,,,,,,,,
0.25,0.40592555529852264,256,Z4C_RHS_TERM_DIAGNOSTIC,,Gamma_advective_x,0.34537505343567365,-0.34537505343567365,4.5625,0,,,,,,,,,
0.25,0.40592555529852264,256,Z4C_RHS_TERM_DIAGNOSTIC,,Gamma_advective_y,0.25538000737127425,-0.25538000737127425,5.0625,-0.625,,,,,,,,,
0.25,0.40592555529852264,256,Z4C_RHS_TERM_DIAGNOSTIC,,Gamma_advective_z,0,0,16,16,,,,,,,,,
0.25,0.40592555529852264,256,Z4C_RHS_TERM_DIAGNOSTIC,,Gamma_expansion_x,0.14187811876130299,-0.14187811876130299,5.4375,0,,,,,,,,,
0.25,0.40592555529852264,256,Z4C_RHS_TERM_DIAGNOSTIC,,Gamma_expansion_y,0.066841698090134016,0.066841698090134016,5.3125,0.6875,,,,,,,,,
0.25,0.40592555529852264,256,Z4C_RHS_TERM_DIAGNOSTIC,,Gamma_expansion_z,0,-0,16,16,,,,,,,,,
0.25,0.40592555529852264,256,Z4C_RHS_TERM_DIAGNOSTIC,,Gamma_ddiv_x,0.85459945963970452,0.85459945963970452,4.5625,0,,,,,,,,,
0.25,0.40592555529852264,256,Z4C_RHS_TERM_DIAGNOSTIC,,Gamma_ddiv_y,0.77132774734308562,-0.77132774734308562,5.25,0.625,,,,,,,,,
0.25,0.40592555529852264,256,Z4C_RHS_TERM_DIAGNOSTIC,,Gamma_ddiv_z,0,0,16,16,,,,,,,,,
0.25,0.40592555529852264,256,Z4C_RHS_TERM_DIAGNOSTIC,,Gamma_contraction_x,0.18708430665787681,-0.18708430665787681,4.125,0,,,,,,,,,
0.25,0.40592555529852264,256,Z4C_RHS_TERM_DIAGNOSTIC,,Gamma_contraction_y,0.11350282867909116,-0.11350282867909116,4.8125,-1.0625,,,,,,,,,
0.25,0.40592555529852264,256,Z4C_RHS_TERM_DIAGNOSTIC,,Gamma_contraction_z,0,0,16,16,,,,,,,,,
0.25,0.40592555529852264,256,Z4C_RHS_TERM_DIAGNOSTIC,,Gamma_second_x,2.592787788742148,2.592787788742148,4.625,0,,,,,,,,,
0.25,0.40592555529852264,256,Z4C_RHS_TERM_DIAGNOSTIC,,Gamma_second_y,2.2164228314852612,2.2164228314852612,5.1875,-0.625,,,,,,,,,
0.25,0.40592555529852264,256,Z4C_RHS_TERM_DIAGNOSTIC,,Gamma_second_z,0,0,16,16,,,,,,,,,
0.25,0.40592555529852264,256,Z4C_AXIS_RHS_PAIR_DIAGNOSTIC,,,,,,16,0,0,0,0,0,0,0,0,0
0.25,0.40592555529852264,512,Z4C_RHS_STAGE_DIAGNOSTIC,z4c_chi,,,,,,,,,,,,,,
0.25,0.40592555529852264,512,Z4C_RHS_STAGE_DIAGNOSTIC,z4c_gxx,,,,,,,,,,,,,,
0.25,0.40592555529852264,512,Z4C_RHS_STAGE_DIAGNOSTIC,z4c_gxy,,,,,,,,,,,,,,
0.25,0.40592555529852264,512,Z4C_RHS_STAGE_DIAGNOSTIC,z4c_gxz,,,,,,,,,,,,,,
0.25,0.40592555529852264,512,Z4C_RHS_STAGE_DIAGNOSTIC,z4c_gyy,,,,,,,,,,,,,,
0.25,0.40592555529852264,512,Z4C_RHS_STAGE_DIAGNOSTIC,z4c_gyz,,,,,,,,,,,,,,
0.25,0.40592555529852264,512,Z4C_RHS_STAGE_DIAGNOSTIC,z4c_gzz,,,,,,,,,,,,,,
0.25,0.40592555529852264,512,Z4C_RHS_STAGE_DIAGNOSTIC,z4c_Khat,,,,,,,,,,,,,,
0.25,0.40592555529852264,512,Z4C_RHS_STAGE_DIAGNOSTIC,z4c_Axx,,,,,,,,,,,,,,
0.25,0.40592555529852264,512,Z4C_RHS_STAGE_DIAGNOSTIC,z4c_Axy,,,,,,,,,,,,,,
0.25,0.40592555529852264,512,Z4C_RHS_STAGE_DIAGNOSTIC,z4c_Axz,,,,,,,,,,,,,,
0.25,0.40592555529852264,512,Z4C_RHS_STAGE_DIAGNOSTIC,z4c_Ayy,,,,,,,,,,,,,,
0.25,0.40592555529852264,512,Z4C_RHS_STAGE_DIAGNOSTIC,z4c_Ayz,,,,,,,,,,,,,,
0.25,0.40592555529852264,512,Z4C_RHS_STAGE_DIAGNOSTIC,z4c_Azz,,,,,,,,,,,,,,
0.25,0.40592555529852264,512,Z4C_RHS_STAGE_DIAGNOSTIC,z4c_Gamx,,,,,,,,,,,,,,
0.25,0.40592555529852264,512,Z4C_RHS_STAGE_DIAGNOSTIC,z4c_Gamy,,,,,,,,,,,,,,
0.25,0.40592555529852264,512,Z4C_RHS_STAGE_DIAGNOSTIC,z4c_Gamz,,,,,,,,,,,,,,
0.25,0.40592555529852264,512,Z4C_RHS_STAGE_DIAGNOSTIC,z4c_Theta,,,,,,,,,,,,,,
0.25,0.40592555529852264,512,Z4C_RHS_STAGE_DIAGNOSTIC,z4c_alpha,,,,,,,,,,,,,,
0.25,0.40592555529852264,512,Z4C_RHS_STAGE_DIAGNOSTIC,z4c_betax,,,,,,,,,,,,,,
0.25,0.40592555529852264,512,Z4C_RHS_STAGE_DIAGNOSTIC,z4c_betay,,,,,,,,,,,,,,
0.25,0.40592555529852264,512,Z4C_RHS_STAGE_DIAGNOSTIC,z4c_betaz,,,,,,,,,,,,,,
0.25,0.40592555529852264,512,Z4C_RHS_STAGE_DIAGNOSTIC,z4c_Bx,,,,,,,,,,,,,,
0.25,0.40592555529852264,512,Z4C_RHS_STAGE_DIAGNOSTIC,z4c_By,,,,,,,,,,,,,,
0.25,0.40592555529852264,512,Z4C_RHS_STAGE_DIAGNOSTIC,z4c_Bz,,,,,,,,,,,,,,
0.25,0.40592555529852264,512,Z4C_AXIS_RHS_PHASE_DIAGNOSTIC,z4c_chi,,,,0,0,,,,,,,,,
0.25,0.40592555529852264,512,Z4C_AXIS_RHS_PHASE_DIAGNOSTIC,z4c_gxx,,,,0,0,,,,,,,,,
0.25,0.40592555529852264,512,Z4C_AXIS_RHS_PHASE_DIAGNOSTIC,z4c_gxy,,,,0,0,,,,,,,,,
0.25,0.40592555529852264,512,Z4C_AXIS_RHS_PHASE_DIAGNOSTIC,z4c_gxz,,,,0,0,,,,,,,,,
0.25,0.40592555529852264,512,Z4C_AXIS_RHS_PHASE_DIAGNOSTIC,z4c_gyy,,,,0,0,,,,,,,,,
0.25,0.40592555529852264,512,Z4C_AXIS_RHS_PHASE_DIAGNOSTIC,z4c_gyz,,,,0,0,,,,,,,,,
0.25,0.40592555529852264,512,Z4C_AXIS_RHS_PHASE_DIAGNOSTIC,z4c_gzz,,,,0,0,,,,,,,,,
0.25,0.40592555529852264,512,Z4C_AXIS_RHS_PHASE_DIAGNOSTIC,z4c_Khat,,,,0,0,,,,,,,,,
0.25,0.40592555529852264,512,Z4C_AXIS_RHS_PHASE_DIAGNOSTIC,z4c_Axx,,,,0,0,,,,,,,,,
0.25,0.40592555529852264,512,Z4C_AXIS_RHS_PHASE_DIAGNOSTIC,z4c_Axy,,,,0,0,,,,,,,,,
0.25,0.40592555529852264,512,Z4C_AXIS_RHS_PHASE_DIAGNOSTIC,z4c_Axz,,,,0,0,,,,,,,,,
0.25,0.40592555529852264,512,Z4C_AXIS_RHS_PHASE_DIAGNOSTIC,z4c_Ayy,,,,0,0,,,,,,,,,
0.25,0.40592555529852264,512,Z4C_AXIS_RHS_PHASE_DIAGNOSTIC,z4c_Ayz,,,,0,0,,,,,,,,,
0.25,0.40592555529852264,512,Z4C_AXIS_RHS_PHASE_DIAGNOSTIC,z4c_Azz,,,,0,0,,,,,,,,,
0.25,0.40592555529852264,512,Z4C_AXIS_RHS_PHASE_DIAGNOSTIC,z4c_Gamx,,,,0,0,,,,,,,,,
0.25,0.40592555529852264,512,Z4C_AXIS_RHS_PHASE_DIAGNOSTIC,z4c_Gamy,,,,0,0,,,,,,,,,
0.25,0.40592555529852264,512,Z4C_AXIS_RHS_PHASE_DIAGNOSTIC,z4c_Gamz,,,,0,0,,,,,,,,,
0.25,0.40592555529852264,512,Z4C_AXIS_RHS_PHASE_DIAGNOSTIC,z4c_Theta,,,,0,0,,,,,,,,,
0.25,0.40592555529852264,512,Z4C_AXIS_RHS_PHASE_DIAGNOSTIC,z4c_alpha,,,,0,0,,,,,,,,,
0.25,0.40592555529852264,512,Z4C_AXIS_RHS_PHASE_DIAGNOSTIC,z4c_betax,,,,0,0,,,,,,,,,
0.25,0.40592555529852264,512,Z4C_AXIS_RHS_PHASE_DIAGNOSTIC,z4c_betay,,,,0,0,,,,,,,,,
0.25,0.40592555529852264,512,Z4C_AXIS_RHS_PHASE_DIAGNOSTIC,z4c_betaz,,,,0,0,,,,,,,,,
0.25,0.40592555529852264,512,Z4C_AXIS_RHS_PHASE_DIAGNOSTIC,z4c_Bx,,,,0,0,,,,,,,,,
0.25,0.40592555529852264,512,Z4C_AXIS_RHS_PHASE_DIAGNOSTIC,z4c_By,,,,0,0,,,,,,,,,
0.25,0.40592555529852264,512,Z4C_AXIS_RHS_PHASE_DIAGNOSTIC,z4c_Bz,,,,0,0,,,,,,,,,
0.25,0.40592555529852264,512,Z4C_AXIS_TERM_POINT_DIAGNOSTIC,,A_geometric_xx,,-1.0903690917513265e-06,0,0,,,,,,,,,
0.25,0.40592555529852264,512,Z4C_AXIS_TERM_POINT_DIAGNOSTIC,,A_geometric_xy,,6.0047571479915565e-16,0,0,,,,,,,,,
0.25,0.40592555529852264,512,Z4C_AXIS_TERM_POINT_DIAGNOSTIC,,A_geometric_xz,,0,0,0,,,,,,,,,
0.25,0.40592555529852264,512,Z4C_AXIS_TERM_POINT_DIAGNOSTIC,,A_geometric_yy,,-8.3513129783627396e-06,0,0,,,,,,,,,
0.25,0.40592555529852264,512,Z4C_AXIS_TERM_POINT_DIAGNOSTIC,,A_geometric_yz,,0,0,0,,,,,,,,,
0.25,0.40592555529852264,512,Z4C_AXIS_TERM_POINT_DIAGNOSTIC,,A_geometric_zz,,-1.0903690917513265e-06,0,0,,,,,,,,,
0.25,0.40592555529852264,512,Z4C_AXIS_TERM_POINT_DIAGNOSTIC,,A_trace_xx,,3.5106831224207417e-06,0,0,,,,,,,,,
0.25,0.40592555529852264,512,Z4C_AXIS_TERM_POINT_DIAGNOSTIC,,A_trace_xy,,0,0,0,,,,,,,,,
0.25,0.40592555529852264,512,Z4C_AXIS_TERM_POINT_DIAGNOSTIC,,A_trace_xz,,0,0,0,,,,,,,,,
0.25,0.40592555529852264,512,Z4C_AXIS_TERM_POINT_DIAGNOSTIC,,A_trace_yy,,3.5106838768272777e-06,0,0,,,,,,,,,
0.25,0.40592555529852264,512,Z4C_AXIS_TERM_POINT_DIAGNOSTIC,,A_trace_yz,,0,0,0,,,,,,,,,
0.25,0.40592555529852264,512,Z4C_AXIS_TERM_POINT_DIAGNOSTIC,,A_trace_zz,,3.5106831224207417e-06,0,0,,,,,,,,,
0.25,0.40592555529852264,512,Z4C_AXIS_TERM_POINT_DIAGNOSTIC,,A_nonlinear_xx,,-4.2652655927729458e-13,0,0,,,,,,,,,
0.25,0.40592555529852264,512,Z4C_AXIS_TERM_POINT_DIAGNOSTIC,,A_nonlinear_xy,,-0,0,0,,,,,,,,,
0.25,0.40592555529852264,512,Z4C_AXIS_TERM_POINT_DIAGNOSTIC,,A_nonlinear_xz,,-0,0,0,,,,,,,,,
0.25,0.40592555529852264,512,Z4C_AXIS_TERM_POINT_DIAGNOSTIC,,A_nonlinear_yy,,4.709998871368239e-14,0,0,,,,,,,,,
0.25,0.40592555529852264,512,Z4C_AXIS_TERM_POINT_DIAGNOSTIC,,A_nonlinear_yz,,-0,0,0,,,,,,,,,
0.25,0.40592555529852264,512,Z4C_AXIS_TERM_POINT_DIAGNOSTIC,,A_nonlinear_zz,,-4.2652655927729458e-13,0,0,,,,,,,,,
0.25,0.40592555529852264,512,Z4C_AXIS_TERM_POINT_DIAGNOSTIC,,A_lie_xx,,-9.4124541519532184e-14,0,0,,,,,,,,,
0.25,0.40592555529852264,512,Z4C_AXIS_TERM_POINT_DIAGNOSTIC,,A_lie_xy,,-2.1675284467206064e-38,0,0,,,,,,,,,
0.25,0.40592555529852264,512,Z4C_AXIS_TERM_POINT_DIAGNOSTIC,,A_lie_xz,,0,0,0,,,,,,,,,
0.25,0.40592555529852264,512,Z4C_AXIS_TERM_POINT_DIAGNOSTIC,,A_lie_yy,,-3.7649824698343443e-13,0,0,,,,,,,,,
0.25,0.40592555529852264,512,Z4C_AXIS_TERM_POINT_DIAGNOSTIC,,A_lie_yz,,0,0,0,,,,,,,,,
0.25,0.40592555529852264,512,Z4C_AXIS_TERM_POINT_DIAGNOSTIC,,A_lie_zz,,-9.4124541519532184e-14,0,0,,,,,,,,,
0.25,0.40592555529852264,512,Z4C_AXIS_TERM_POINT_DIAGNOSTIC,,Gamma_divergence_x,,-3.4052069592252501e-22,0,0,,,,,,,,,
0.25,0.40592555529852264,512,Z4C_AXIS_TERM_POINT_DIAGNOSTIC,,Gamma_divergence_y,,1.7570062150620084e-12,0,0,,,,,,,,,
0.25,0.40592555529852264,512,Z4C_AXIS_TERM_POINT_DIAGNOSTIC,,Gamma_divergence_z,,0,0,0,,,,,,,,,
0.25,0.40592555529852264,512,Z4C_AXIS_TERM_POINT_DIAGNOSTIC,,Gamma_lie_x,,-3.0260754667542799e-23,0,0,,,,,,,,,
0.25,0.40592555529852264,512,Z4C_AXIS_TERM_POINT_DIAGNOSTIC,,Gamma_lie_y,,-5.2342217291422055e-12,0,0,,,,,,,,,
0.25,0.40592555529852264,512,Z4C_AXIS_TERM_POINT_DIAGNOSTIC,,Gamma_lie_z,,0,0,0,,,,,,,,,
0.25,0.40592555529852264,512,Z4C_AXIS_TERM_POINT_DIAGNOSTIC,,Gamma_damping_x,,-0,0,0,,,,,,,,,
0.25,0.40592555529852264,512,Z4C_AXIS_TERM_POINT_DIAGNOSTIC,,Gamma_damping_y,,0,0,0,,,,,,,,,
0.25,0.40592555529852264,512,Z4C_AXIS_TERM_POINT_DIAGNOSTIC,,Gamma_damping_z,,-0,0,0,,,,,,,,,
0.25,0.40592555529852264,512,Z4C_AXIS_TERM_POINT_DIAGNOSTIC,,Gamma_lapse_gradient_x,,-3.3799762059183359e-22,0,0,,,,,,,,,
0.25,0.40592555529852264,512,Z4C_AXIS_TERM_POINT_DIAGNOSTIC,,Gamma_lapse_gradient_y,,-2.9534305989339671e-20,0,0,,,,,,,,,
0.25,0.40592555529852264,512,Z4C_AXIS_TERM_POINT_DIAGNOSTIC,,Gamma_lapse_gradient_z,,0,0,0,,,,,,,,,
0.25,0.40592555529852264,512,Z4C_AXIS_TERM_POINT_DIAGNOSTIC,,A_hessian_xx,,0.0021119595929927635,0,0,,,,,,,,,
0.25,0.40592555529852264,512,Z4C_AXIS_TERM_POINT_DIAGNOSTIC,,A_hessian_xy,,6.397332831630398e-16,0,0,,,,,,,,,
0.25,0.40592555529852264,512,Z4C_AXIS_TERM_POINT_DIAGNOSTIC,,A_hessian_xz,,-0,0,0,,,,,,,,,
0.25,0.40592555529852264,512,Z4C_AXIS_TERM_POINT_DIAGNOSTIC,,A_hessian_yy,,-0.0042344521494990048,0,0,,,,,,,,,
0.25,0.40592555529852264,512,Z4C_AXIS_TERM_POINT_DIAGNOSTIC,,A_hessian_yz,,-0,0,0,,,,,,,,,
0.25,0.40592555529852264,512,Z4C_AXIS_TERM_POINT_DIAGNOSTIC,,A_hessian_zz,,0.0021119595929927635,0,0,,,,,,,,,
0.25,0.40592555529852264,512,Z4C_AXIS_TERM_POINT_DIAGNOSTIC,,A_ricci_tensor_xx,,-0.0021130499620845146,0,0,,,,,,,,,
0.25,0.40592555529852264,512,Z4C_AXIS_TERM_POINT_DIAGNOSTIC,,A_ricci_tensor_xy,,-3.9257568363884131e-17,0,0,,,,,,,,,
0.25,0.40592555529852264,512,Z4C_AXIS_TERM_POINT_DIAGNOSTIC,,A_ricci_tensor_xz,,0,0,0,,,,,,,,,
0.25,0.40592555529852264,512,Z4C_AXIS_TERM_POINT_DIAGNOSTIC,,A_ricci_tensor_yy,,0.0042261008365206427,0,0,,,,,,,,,
0.25,0.40592555529852264,512,Z4C_AXIS_TERM_POINT_DIAGNOSTIC,,A_ricci_tensor_yz,,0,0,0,,,,,,,,,
0.25,0.40592555529852264,512,Z4C_AXIS_TERM_POINT_DIAGNOSTIC,,A_ricci_tensor_zz,,-0.0021130499620845146,0,0,,,,,,,,,
0.25,0.40592555529852264,512,Z4C_AXIS_TERM_POINT_DIAGNOSTIC,,A_trace_lapse_xx,,3.5106845257564252e-06,0,0,,,,,,,,,
0.25,0.40592555529852264,512,Z4C_AXIS_TERM_POINT_DIAGNOSTIC,,A_trace_lapse_xy,,0,0,0,,,,,,,,,
0.25,0.40592555529852264,512,Z4C_AXIS_TERM_POINT_DIAGNOSTIC,,A_trace_lapse_xz,,0,0,0,,,,,,,,,
0.25,0.40592555529852264,512,Z4C_AXIS_TERM_POINT_DIAGNOSTIC,,A_trace_lapse_yy,,3.5106852801632627e-06,0,0,,,,,,,,,
0.25,0.40592555529852264,512,Z4C_AXIS_TERM_POINT_DIAGNOSTIC,,A_trace_lapse_yz,,0,0,0,,,,,,,,,
0.25,0.40592555529852264,512,Z4C_AXIS_TERM_POINT_DIAGNOSTIC,,A_trace_lapse_zz,,3.5106845257564252e-06,0,0,,,,,,,,,
0.25,0.40592555529852264,512,Z4C_AXIS_TERM_POINT_DIAGNOSTIC,,A_trace_ricci_xx,,-1.4033356840151742e-12,0,0,,,,,,,,,
0.25,0.40592555529852264,512,Z4C_AXIS_TERM_POINT_DIAGNOSTIC,,A_trace_ricci_xy,,-0,0,0,,,,,,,,,
0.25,0.40592555529852264,512,Z4C_AXIS_TERM_POINT_DIAGNOSTIC,,A_trace_ricci_xz,,-0,0,0,,,,,,,,,
0.25,0.40592555529852264,512,Z4C_AXIS_TERM_POINT_DIAGNOSTIC,,A_trace_ricci_yy,,-1.4033359855763164e-12,0,0,,,,,,,,,
0.25,0.40592555529852264,512,Z4C_AXIS_TERM_POINT_DIAGNOSTIC,,A_trace_ricci_yz,,-0,0,0,,,,,,,,,
0.25,0.40592555529852264,512,Z4C_AXIS_TERM_POINT_DIAGNOSTIC,,A_trace_ricci_zz,,-1.4033356840151742e-12,0,0,,,,,,,,,
0.25,0.40592555529852264,512,Z4C_AXIS_TERM_POINT_DIAGNOSTIC,,Gamma_advective_x,,0,0,0,,,,,,,,,
0.25,0.40592555529852264,512,Z4C_AXIS_TERM_POINT_DIAGNOSTIC,,Gamma_advective_y,,2.6931305291099764e-21,0,0,,,,,,,,,
0.25,0.40592555529852264,512,Z4C_AXIS_TERM_POINT_DIAGNOSTIC,,Gamma_advective_z,,0,0,0,,,,,,,,,
0.25,0.40592555529852264,512,Z4C_AXIS_TERM_POINT_DIAGNOSTIC,,Gamma_expansion_x,,-8.6159912081435154e-23,0,0,,,,,,,,,
0.25,0.40592555529852264,512,Z4C_AXIS_TERM_POINT_DIAGNOSTIC,,Gamma_expansion_y,,5.990168017585577e-20,0,0,,,,,,,,,
0.25,0.40592555529852264,512,Z4C_AXIS_TERM_POINT_DIAGNOSTIC,,Gamma_expansion_z,,0,0,0,,,,,,,,,
0.25,0.40592555529852264,512,Z4C_AXIS_TERM_POINT_DIAGNOSTIC,,Gamma_ddiv_x,,8.4788462741292634e-24,0,0,,,,,,,,,
0.25,0.40592555529852264,512,Z4C_AXIS_TERM_POINT_DIAGNOSTIC,,Gamma_ddiv_y,,-1.0289169872276852e-12,0,0,,,,,,,,,
0.25,0.40592555529852264,512,Z4C_AXIS_TERM_POINT_DIAGNOSTIC,,Gamma_ddiv_z,,0,0,0,,,,,,,,,
0.25,0.40592555529852264,512,Z4C_AXIS_TERM_POINT_DIAGNOSTIC,,Gamma_contraction_x,,2.1983772317375301e-23,0,0,,,,,,,,,
0.25,0.40592555529852264,512,Z4C_AXIS_TERM_POINT_DIAGNOSTIC,,Gamma_contraction_y,,-5.9284594494091729e-20,0,0,,,,,,,,,
0.25,0.40592555529852264,512,Z4C_AXIS_TERM_POINT_DIAGNOSTIC,,Gamma_contraction_z,,0,0,0,,,,,,,,,
0.25,0.40592555529852264,512,Z4C_AXIS_TERM_POINT_DIAGNOSTIC,,Gamma_second_x,,2.5436538822387793e-23,0,0,,,,,,,,,
0.25,0.40592555529852264,512,Z4C_AXIS_TERM_POINT_DIAGNOSTIC,,Gamma_second_y,,-4.2053047452247362e-12,0,0,,,,,,,,,
0.25,0.40592555529852264,512,Z4C_AXIS_TERM_POINT_DIAGNOSTIC,,Gamma_second_z,,0,0,0,,,,,,,,,
0.25,0.40592555529852264,512,Z4C_RHS_TERM_DIAGNOSTIC,,A_geometric_xx,0.33032763785226116,-0.33032763785226116,5.09375,0,,,,,,,,,
0.25,0.40592555529852264,512,Z4C_RHS_TERM_DIAGNOSTIC,,A_geometric_xy,0.095198509340100879,-0.095198509340100879,4.75,-0.5625,,,,,,,,,
0.25,0.40592555529852264,512,Z4C_RHS_TERM_DIAGNOSTIC,,A_geometric_xz,0,0,16,16,,,,,,,,,
0.25,0.40592555529852264,512,Z4C_RHS_TERM_DIAGNOSTIC,,A_geometric_yy,0.32801229190468784,-0.32801229190468784,5.25,0,,,,,,,,,
0.25,0.40592555529852264,512,Z4C_RHS_TERM_DIAGNOSTIC,,A_geometric_yz,0,0,16,16,,,,,,,,,
0.25,0.40592555529852264,512,Z4C_RHS_TERM_DIAGNOSTIC,,A_geometric_zz,3.5186729012437516,3.5186729012437516,5.25,0,,,,,,,,,
0.25,0.40592555529852264,512,Z4C_RHS_TERM_DIAGNOSTIC,,A_trace_xx,0.066832956369360999,0.066832956369360999,5.15625,-0.3125,,,,,,,,,
0.25,0.40592555529852264,512,Z4C_RHS_TERM_DIAGNOSTIC,,A_trace_xy,0.0050695637807359906,-0.0050695637807359906,4.8125,-0.4375,,,,,,,,,
0.25,0.40592555529852264,512,Z4C_RHS_TERM_DIAGNOSTIC,,A_trace_xz,0,-0,16,16,,,,,,,,,
0.25,0.40592555529852264,512,Z4C_RHS_TERM_DIAGNOSTIC,,A_trace_yy,0.068506170476580447,0.068506170476580447,4.90625,0,,,,,,,,,
0.25,0.40592555529852264,512,Z4C_RHS_TERM_DIAGNOSTIC,,A_trace_yz,0,-0,16,16,,,,,,,,,
0.25,0.40592555529852264,512,Z4C_RHS_TERM_DIAGNOSTIC,,A_trace_zz,0.46457171861769381,0.46457171861769381,5.125,0,,,,,,,,,
0.25,0.40592555529852264,512,Z4C_RHS_TERM_DIAGNOSTIC,,A_nonlinear_xx,0.0077202149887179274,-0.0077202149887179274,5.15625,0,,,,,,,,,
0.25,0.40592555529852264,512,Z4C_RHS_TERM_DIAGNOSTIC,,A_nonlinear_xy,0.0032764146628240505,-0.0032764146628240505,4.96875,-0.3125,,,,,,,,,
0.25,0.40592555529852264,512,Z4C_RHS_TERM_DIAGNOSTIC,,A_nonlinear_xz,0,-0,16,16,,,,,,,,,
0.25,0.40592555529852264,512,Z4C_RHS_TERM_DIAGNOSTIC,,A_nonlinear_yy,0.0079964425261625886,-0.0079964425261625886,5.28125,0,,,,,,,,,
0.25,0.40592555529852264,512,Z4C_RHS_TERM_DIAGNOSTIC,,A_nonlinear_yz,0,-0,16,16,,,,,,,,,
0.25,0.40592555529852264,512,Z4C_RHS_TERM_DIAGNOSTIC,,A_nonlinear_zz,0.77077746858041107,-0.77077746858041107,5.25,0,,,,,,,,,
0.25,0.40592555529852264,512,Z4C_RHS_TERM_DIAGNOSTIC,,A_lie_xx,0.043243304272004075,0.043243304272004075,4.46875,0,,,,,,,,,
0.25,0.40592555529852264,512,Z4C_RHS_TERM_DIAGNOSTIC,,A_lie_xy,0.010101634264399131,0.010101634264399131,5.0625,0.3125,,,,,,,,,
0.25,0.40592555529852264,512,Z4C_RHS_TERM_DIAGNOSTIC,,A_lie_xz,0,0,16,16,,,,,,,,,
0.25,0.40592555529852264,512,Z4C_RHS_TERM_DIAGNOSTIC,,A_lie_yy,0.044058416429830938,0.044058416429830938,4.75,0.5,,,,,,,,,
0.25,0.40592555529852264,512,Z4C_RHS_TERM_DIAGNOSTIC,,A_lie_yz,0,0,16,16,,,,,,,,,
0.25,0.40592555529852264,512,Z4C_RHS_TERM_DIAGNOSTIC,,A_lie_zz,1.2658408014212432,-1.2658408014212432,5,0,,,,,,,,,
0.25,0.40592555529852264,512,Z4C_RHS_TERM_DIAGNOSTIC,,Gamma_divergence_x,0.26524702129433408,-0.26524702129433408,5.96875,0,,,,,,,,,
0.25,0.40592555529852264,512,Z4C_RHS_TERM_DIAGNOSTIC,,Gamma_divergence_y,0.24500115293210012,0.24500115293210012,5.28125,-0.75,,,,,,,,,
0.25,0.40592555529852264,512,Z4C_RHS_TERM_DIAGNOSTIC,,Gamma_divergence_z,0,0,16,16,,,,,,,,,
0.25,0.40592555529852264,512,Z4C_RHS_TERM_DIAGNOSTIC,,Gamma_lie_x,3.0493557262821902,3.0493557262821902,4.59375,0,,,,,,,,,
0.25,0.40592555529852264,512,Z4C_RHS_TERM_DIAGNOSTIC,,Gamma_lie_y,2.7095738221752508,2.7095738221752508,5.21875,-0.625,,,,,,,,,
0.25,0.40592555529852264,512,Z4C_RHS_TERM_DIAGNOSTIC,,Gamma_lie_z,0,0,16,16,,,,,,,,,
0.25,0.40592555529852264,512,Z4C_RHS_TERM_DIAGNOSTIC,,Gamma_damping_x,0,-0,16,16,,,,,,,,,
0.25,0.40592555529852264,512,Z4C_RHS_TERM_DIAGNOSTIC,,Gamma_damping_y,0,-0,16,16,,,,,,,,,
0.25,0.40592555529852264,512,Z4C_RHS_TERM_DIAGNOSTIC,,Gamma_damping_z,0,-0,16,16,,,,,,,,,
0.25,0.40592555529852264,512,Z4C_RHS_TERM_DIAGNOSTIC,,Gamma_lapse_gradient_x,0.093609607205983103,0.093609607205983103,5.59375,0,,,,,,,,,
0.25,0.40592555529852264,512,Z4C_RHS_TERM_DIAGNOSTIC,,Gamma_lapse_gradient_y,0.074041318647434629,0.074041318647434629,5.3125,0.4375,,,,,,,,,
0.25,0.40592555529852264,512,Z4C_RHS_TERM_DIAGNOSTIC,,Gamma_lapse_gradient_z,0,0,16,16,,,,,,,,,
0.25,0.40592555529852264,512,Z4C_RHS_TERM_DIAGNOSTIC,,A_hessian_xx,0.14705595316797615,-0.14705595316797615,5.21875,0.59375,,,,,,,,,
0.25,0.40592555529852264,512,Z4C_RHS_TERM_DIAGNOSTIC,,A_hessian_xy,0.074476478551932665,0.074476478551932665,6.03125,0.8125,,,,,,,,,
0.25,0.40592555529852264,512,Z4C_RHS_TERM_DIAGNOSTIC,,A_hessian_xz,0,-0,16,16,,,,,,,,,
0.25,0.40592555529852264,512,Z4C_RHS_TERM_DIAGNOSTIC,,A_hessian_yy,0.15231221440476747,-0.15231221440476747,5.8125,0,,,,,,,,,
0.25,0.40592555529852264,512,Z4C_RHS_TERM_DIAGNOSTIC,,A_hessian_yz,0,-0,16,16,,,,,,,,,
0.25,0.40592555529852264,512,Z4C_RHS_TERM_DIAGNOSTIC,,A_hessian_zz,0.14515835522588039,0.14515835522588039,5.75,0.09375,,,,,,,,,
0.25,0.40592555529852264,512,Z4C_RHS_TERM_DIAGNOSTIC,,A_ricci_tensor_xx,0.2119132880130192,-0.2119132880130192,5.0625,0,,,,,,,,,
0.25,0.40592555529852264,512,Z4C_RHS_TERM_DIAGNOSTIC,,A_ricci_tensor_xy,0.1501147035211306,-0.1501147035211306,4.65625,-0.625,,,,,,,,,
0.25,0.40592555529852264,512,Z4C_RHS_TERM_DIAGNOSTIC,,A_ricci_tensor_xz,0,0,16,16,,,,,,,,,
0.25,0.40592555529852264,512,Z4C_RHS_TERM_DIAGNOSTIC,,A_ricci_tensor_yy,0.21408658694193361,-0.21408658694193361,5.25,0.15625,,,,,,,,,
0.25,0.40592555529852264,512,Z4C_RHS_TERM_DIAGNOSTIC,,A_ricci_tensor_yz,0,0,16,16,,,,,,,,,
0.25,0.40592555529852264,512,Z4C_RHS_TERM_DIAGNOSTIC,,A_ricci_tensor_zz,3.5291440111130283,3.5291440111130283,5.25,0,,,,,,,,,
0.25,0.40592555529852264,512,Z4C_RHS_TERM_DIAGNOSTIC,,A_trace_lapse_xx,0.07846596358237852,0.07846596358237852,5.21875,0.15625,,,,,,,,,
0.25,0.40592555529852264,512,Z4C_RHS_TERM_DIAGNOSTIC,,A_trace_lapse_xy,0.005332532870987631,0.005332532870987631,4.8125,0.40625,,,,,,,,,
0.25,0.40592555529852264,512,Z4C_RHS_TERM_DIAGNOSTIC,,A_trace_lapse_xz,0,0,16,16,,,,,,,,,
0.25,0.40592555529852264,512,Z4C_RHS_TERM_DIAGNOSTIC,,A_trace_lapse_yy,0.07812787019627819,0.07812787019627819,5.03125,0,,,,,,,,,
0.25,0.40592555529852264,512,Z4C_RHS_TERM_DIAGNOSTIC,,A_trace_lapse_yz,0,0,16,16,,,,,,,,,
0.25,0.40592555529852264,512,Z4C_RHS_TERM_DIAGNOSTIC,,A_trace_lapse_zz,0.58055129052272048,0.58055129052272048,5.21875,0,,,,,,,,,
0.25,0.40592555529852264,512,Z4C_RHS_TERM_DIAGNOSTIC,,A_trace_ricci_xx,0.016771084001198221,-0.016771084001198221,5.28125,0,,,,,,,,,
0.25,0.40592555529852264,512,Z4C_RHS_TERM_DIAGNOSTIC,,A_trace_ricci_xy,0.00038653697229068491,-0.00038653697229068491,4.96875,0.28125,,,,,,,,,
0.25,0.40592555529852264,512,Z4C_RHS_TERM_DIAGNOSTIC,,A_trace_ricci_xz,0,-0,16,16,,,,,,,,,
0.25,0.40592555529852264,512,Z4C_RHS_TERM_DIAGNOSTIC,,A_trace_ricci_yy,0.016463297401576215,-0.016463297401576215,5.28125,0,,,,,,,,,
0.25,0.40592555529852264,512,Z4C_RHS_TERM_DIAGNOSTIC,,A_trace_ricci_yz,0,-0,16,16,,,,,,,,,
0.25,0.40592555529852264,512,Z4C_RHS_TERM_DIAGNOSTIC,,A_trace_ricci_zz,0.12364060052269538,-0.12364060052269538,5.25,0,,,,,,,,,
0.25,0.40592555529852264,512,Z4C_RHS_TERM_DIAGNOSTIC,,Gamma_advective_x,0.34780590990466537,-0.34780590990466537,4.59375,0,,,,,,,,,
0.25,0.40592555529852264,512,Z4C_RHS_TERM_DIAGNOSTIC,,Gamma_advective_y,0.255783769000126,0.255783769000126,5.03125,0.625,,,,,,,,,
0.25,0.40592555529852264,512,Z4C_RHS_TERM_DIAGNOSTIC,,Gamma_advective_z,0,0,16,16,,,,,,,,,
0.25,0.40592555529852264,512,Z4C_RHS_TERM_DIAGNOSTIC,,Gamma_expansion_x,0.14181789800435055,-0.14181789800435055,5.4375,0,,,,,,,,,
0.25,0.40592555529852264,512,Z4C_RHS_TERM_DIAGNOSTIC,,Gamma_expansion_y,0.066825157407099184,0.066825157407099184,5.3125,0.6875,,,,,,,,,
0.25,0.40592555529852264,512,Z4C_RHS_TERM_DIAGNOSTIC,,Gamma_expansion_z,0,-0,16,16,,,,,,,,,
0.25,0.40592555529852264,512,Z4C_RHS_TERM_DIAGNOSTIC,,Gamma_ddiv_x,0.85937286982440309,0.85937286982440309,4.59375,0,,,,,,,,,
0.25,0.40592555529852264,512,Z4C_RHS_TERM_DIAGNOSTIC,,Gamma_ddiv_y,0.77385829946370044,-0.77385829946370044,5.25,0.65625,,,,,,,,,
0.25,0.40592555529852264,512,Z4C_RHS_TERM_DIAGNOSTIC,,Gamma_ddiv_z,0,0,16,16,,,,,,,,,
0.25,0.40592555529852264,512,Z4C_RHS_TERM_DIAGNOSTIC,,Gamma_contraction_x,0.18745314013231179,-0.18745314013231179,4.09375,0,,,,,,,,,
0.25,0.40592555529852264,512,Z4C_RHS_TERM_DIAGNOSTIC,,Gamma_contraction_y,0.11366544570286638,-0.11366544570286638,4.75,-1.03125,,,,,,,,,
0.25,0.40592555529852264,512,Z4C_RHS_TERM_DIAGNOSTIC,,Gamma_contraction_z,0,0,16,16,,,,,,,,,
0.25,0.40592555529852264,512,Z4C_RHS_TERM_DIAGNOSTIC,,Gamma_second_x,2.602547256988371,2.602547256988371,4.59375,0,,,,,,,,,
0.25,0.40592555529852264,512,Z4C_RHS_TERM_DIAGNOSTIC,,Gamma_second_y,2.216630108489885,2.216630108489885,5.1875,-0.65625,,,,,,,,,
0.25,0.40592555529852264,512,Z4C_RHS_TERM_DIAGNOSTIC,,Gamma_second_z,0,0,16,16,,,,,,,,,
0.25,0.40592555529852264,512,Z4C_AXIS_RHS_PAIR_DIAGNOSTIC,,,,,,16,0,0,0,0,0,0,0,0,0
0.5,0.8118505357236993,128,Z4C_RHS_STAGE_DIAGNOSTIC,z4c_chi,,,,,,,,,,,,,,
0.5,0.8118505357236993,128,Z4C_RHS_STAGE_DIAGNOSTIC,z4c_gxx,,,,,,,,,,,,,,
0.5,0.8118505357236993,128,Z4C_RHS_STAGE_DIAGNOSTIC,z4c_gxy,,,,,,,,,,,,,,
0.5,0.8118505357236993,128,Z4C_RHS_STAGE_DIAGNOSTIC,z4c_gxz,,,,,,,,,,,,,,
0.5,0.8118505357236993,128,Z4C_RHS_STAGE_DIAGNOSTIC,z4c_gyy,,,,,,,,,,,,,,
0.5,0.8118505357236993,128,Z4C_RHS_STAGE_DIAGNOSTIC,z4c_gyz,,,,,,,,,,,,,,
0.5,0.8118505357236993,128,Z4C_RHS_STAGE_DIAGNOSTIC,z4c_gzz,,,,,,,,,,,,,,
0.5,0.8118505357236993,128,Z4C_RHS_STAGE_DIAGNOSTIC,z4c_Khat,,,,,,,,,,,,,,
0.5,0.8118505357236993,128,Z4C_RHS_STAGE_DIAGNOSTIC,z4c_Axx,,,,,,,,,,,,,,
0.5,0.8118505357236993,128,Z4C_RHS_STAGE_DIAGNOSTIC,z4c_Axy,,,,,,,,,,,,,,
0.5,0.8118505357236993,128,Z4C_RHS_STAGE_DIAGNOSTIC,z4c_Axz,,,,,,,,,,,,,,
0.5,0.8118505357236993,128,Z4C_RHS_STAGE_DIAGNOSTIC,z4c_Ayy,,,,,,,,,,,,,,
0.5,0.8118505357236993,128,Z4C_RHS_STAGE_DIAGNOSTIC,z4c_Ayz,,,,,,,,,,,,,,
0.5,0.8118505357236993,128,Z4C_RHS_STAGE_DIAGNOSTIC,z4c_Azz,,,,,,,,,,,,,,
0.5,0.8118505357236993,128,Z4C_RHS_STAGE_DIAGNOSTIC,z4c_Gamx,,,,,,,,,,,,,,
0.5,0.8118505357236993,128,Z4C_RHS_STAGE_DIAGNOSTIC,z4c_Gamy,,,,,,,,,,,,,,
0.5,0.8118505357236993,128,Z4C_RHS_STAGE_DIAGNOSTIC,z4c_Gamz,,,,,,,,,,,,,,
0.5,0.8118505357236993,128,Z4C_RHS_STAGE_DIAGNOSTIC,z4c_Theta,,,,,,,,,,,,,,
0.5,0.8118505357236993,128,Z4C_RHS_STAGE_DIAGNOSTIC,z4c_alpha,,,,,,,,,,,,,,
0.5,0.8118505357236993,128,Z4C_RHS_STAGE_DIAGNOSTIC,z4c_betax,,,,,,,,,,,,,,
0.5,0.8118505357236993,128,Z4C_RHS_STAGE_DIAGNOSTIC,z4c_betay,,,,,,,,,,,,,,
0.5,0.8118505357236993,128,Z4C_RHS_STAGE_DIAGNOSTIC,z4c_betaz,,,,,,,,,,,,,,
0.5,0.8118505357236993,128,Z4C_RHS_STAGE_DIAGNOSTIC,z4c_Bx,,,,,,,,,,,,,,
0.5,0.8118505357236993,128,Z4C_RHS_STAGE_DIAGNOSTIC,z4c_By,,,,,,,,,,,,,,
0.5,0.8118505357236993,128,Z4C_RHS_STAGE_DIAGNOSTIC,z4c_Bz,,,,,,,,,,,,,,
0.5,0.8118505357236993,128,Z4C_AXIS_RHS_PHASE_DIAGNOSTIC,z4c_chi,,,,0,0,,,,,,,,,
0.5,0.8118505357236993,128,Z4C_AXIS_RHS_PHASE_DIAGNOSTIC,z4c_gxx,,,,0,0,,,,,,,,,
0.5,0.8118505357236993,128,Z4C_AXIS_RHS_PHASE_DIAGNOSTIC,z4c_gxy,,,,0,0,,,,,,,,,
0.5,0.8118505357236993,128,Z4C_AXIS_RHS_PHASE_DIAGNOSTIC,z4c_gxz,,,,0,0,,,,,,,,,
0.5,0.8118505357236993,128,Z4C_AXIS_RHS_PHASE_DIAGNOSTIC,z4c_gyy,,,,0,0,,,,,,,,,
0.5,0.8118505357236993,128,Z4C_AXIS_RHS_PHASE_DIAGNOSTIC,z4c_gyz,,,,0,0,,,,,,,,,
0.5,0.8118505357236993,128,Z4C_AXIS_RHS_PHASE_DIAGNOSTIC,z4c_gzz,,,,0,0,,,,,,,,,
0.5,0.8118505357236993,128,Z4C_AXIS_RHS_PHASE_DIAGNOSTIC,z4c_Khat,,,,0,0,,,,,,,,,
0.5,0.8118505357236993,128,Z4C_AXIS_RHS_PHASE_DIAGNOSTIC,z4c_Axx,,,,0,0,,,,,,,,,
0.5,0.8118505357236993,128,Z4C_AXIS_RHS_PHASE_DIAGNOSTIC,z4c_Axy,,,,0,0,,,,,,,,,
0.5,0.8118505357236993,128,Z4C_AXIS_RHS_PHASE_DIAGNOSTIC,z4c_Axz,,,,0,0,,,,,,,,,
0.5,0.8118505357236993,128,Z4C_AXIS_RHS_PHASE_DIAGNOSTIC,z4c_Ayy,,,,0,0,,,,,,,,,
0.5,0.8118505357236993,128,Z4C_AXIS_RHS_PHASE_DIAGNOSTIC,z4c_Ayz,,,,0,0,,,,,,,,,
0.5,0.8118505357236993,128,Z4C_AXIS_RHS_PHASE_DIAGNOSTIC,z4c_Azz,,,,0,0,,,,,,,,,
0.5,0.8118505357236993,128,Z4C_AXIS_RHS_PHASE_DIAGNOSTIC,z4c_Gamx,,,,0,0,,,,,,,,,
0.5,0.8118505357236993,128,Z4C_AXIS_RHS_PHASE_DIAGNOSTIC,z4c_Gamy,,,,0,0,,,,,,,,,
0.5,0.8118505357236993,128,Z4C_AXIS_RHS_PHASE_DIAGNOSTIC,z4c_Gamz,,,,0,0,,,,,,,,,
0.5,0.8118505357236993,128,Z4C_AXIS_RHS_PHASE_DIAGNOSTIC,z4c_Theta,,,,0,0,,,,,,,,,
0.5,0.8118505357236993,128,Z4C_AXIS_RHS_PHASE_DIAGNOSTIC,z4c_alpha,,,,0,0,,,,,,,,,
0.5,0.8118505357236993,128,Z4C_AXIS_RHS_PHASE_DIAGNOSTIC,z4c_betax,,,,0,0,,,,,,,,,
0.5,0.8118505357236993,128,Z4C_AXIS_RHS_PHASE_DIAGNOSTIC,z4c_betay,,,,0,0,,,,,,,,,
0.5,0.8118505357236993,128,Z4C_AXIS_RHS_PHASE_DIAGNOSTIC,z4c_betaz,,,,0,0,,,,,,,,,
0.5,0.8118505357236993,128,Z4C_AXIS_RHS_PHASE_DIAGNOSTIC,z4c_Bx,,,,0,0,,,,,,,,,
0.5,0.8118505357236993,128,Z4C_AXIS_RHS_PHASE_DIAGNOSTIC,z4c_By,,,,0,0,,,,,,,,,
0.5,0.8118505357236993,128,Z4C_AXIS_RHS_PHASE_DIAGNOSTIC,z4c_Bz,,,,0,0,,,,,,,,,
0.5,0.8118505357236993,128,Z4C_AXIS_TERM_POINT_DIAGNOSTIC,,A_geometric_xx,,-4.2589438659998904e-06,0,0,,,,,,,,,
0.5,0.8118505357236993,128,Z4C_AXIS_TERM_POINT_DIAGNOSTIC,,A_geometric_xy,,-7.8921713952003534e-17,0,0,,,,,,,,,
0.5,0.8118505357236993,128,Z4C_AXIS_TERM_POINT_DIAGNOSTIC,,A_geometric_xz,,0,0,0,,,,,,,,,
0.5,0.8118505357236993,128,Z4C_AXIS_TERM_POINT_DIAGNOSTIC,,A_geometric_yy,,-3.1930713610396355e-05,0,0,,,,,,,,,
0.5,0.8118505357236993,128,Z4C_AXIS_TERM_POINT_DIAGNOSTIC,,A_geometric_yz,,0,0,0,,,,,,,,,
0.5,0.8118505357236993,128,Z4C_AXIS_TERM_POINT_DIAGNOSTIC,,A_geometric_zz,,-4.2589438659998904e-06,0,0,,,,,,,,,
0.5,0.8118505357236993,128,Z4C_AXIS_TERM_POINT_DIAGNOSTIC,,A_trace_xx,,1.3482833376863855e-05,0,0,,,,,,,,,
0.5,0.8118505357236993,128,Z4C_AXIS_TERM_POINT_DIAGNOSTIC,,A_trace_xy,,0,0,0,,,,,,,,,
0.5,0.8118505357236993,128,Z4C_AXIS_TERM_POINT_DIAGNOSTIC,,A_trace_xz,,0,0,0,,,,,,,,,
0.5,0.8118505357236993,128,Z4C_AXIS_TERM_POINT_DIAGNOSTIC,,A_trace_yy,,1.3482876113967746e-05,0,0,,,,,,,,,
0.5,0.8118505357236993,128,Z4C_AXIS_TERM_POINT_DIAGNOSTIC,,A_trace_yz,,0,0,0,,,,,,,,,
0.5,0.8118505357236993,128,Z4C_AXIS_TERM_POINT_DIAGNOSTIC,,A_trace_zz,,1.3482833376863855e-05,0,0,,,,,,,,,
0.5,0.8118505357236993,128,Z4C_AXIS_TERM_POINT_DIAGNOSTIC,,A_nonlinear_xx,,-2.5669246870874462e-11,0,0,,,,,,,,,
0.5,0.8118505357236993,128,Z4C_AXIS_TERM_POINT_DIAGNOSTIC,,A_nonlinear_xy,,-0,0,0,,,,,,,,,
0.5,0.8118505357236993,128,Z4C_AXIS_TERM_POINT_DIAGNOSTIC,,A_nonlinear_xz,,-0,0,0,,,,,,,,,
0.5,0.8118505357236993,128,Z4C_AXIS_TERM_POINT_DIAGNOSTIC,,A_nonlinear_yy,,2.9553334471347228e-12,0,0,,,,,,,,,
0.5,0.8118505357236993,128,Z4C_AXIS_TERM_POINT_DIAGNOSTIC,,A_nonlinear_yz,,-0,0,0,,,,,,,,,
0.5,0.8118505357236993,128,Z4C_AXIS_TERM_POINT_DIAGNOSTIC,,A_nonlinear_zz,,-2.5669246870874462e-11,0,0,,,,,,,,,
0.5,0.8118505357236993,128,Z4C_AXIS_TERM_POINT_DIAGNOSTIC,,A_lie_xx,,-4.7139499456205194e-12,0,0,,,,,,,,,
0.5,0.8118505357236993,128,Z4C_AXIS_TERM_POINT_DIAGNOSTIC,,A_lie_xy,,6.4851954738736045e-39,0,0,,,,,,,,,
0.5,0.8118505357236993,128,Z4C_AXIS_TERM_POINT_DIAGNOSTIC,,A_lie_xz,,0,0,0,,,,,,,,,
0.5,0.8118505357236993,128,Z4C_AXIS_TERM_POINT_DIAGNOSTIC,,A_lie_yy,,-1.8855859550503575e-11,0,0,,,,,,,,,
0.5,0.8118505357236993,128,Z4C_AXIS_TERM_POINT_DIAGNOSTIC,,A_lie_yz,,0,0,0,,,,,,,,,
0.5,0.8118505357236993,128,Z4C_AXIS_TERM_POINT_DIAGNOSTIC,,A_lie_zz,,-4.7139499456205194e-12,0,0,,,,,,,,,
0.5,0.8118505357236993,128,Z4C_AXIS_TERM_POINT_DIAGNOSTIC,,Gamma_divergence_x,,1.0209430010010174e-21,0,0,,,,,,,,,
0.5,0.8118505357236993,128,Z4C_AXIS_TERM_POINT_DIAGNOSTIC,,Gamma_divergence_y,,-4.797360868270389e-14,0,0,,,,,,,,,
0.5,0.8118505357236993,128,Z4C_AXIS_TERM_POINT_DIAGNOSTIC,,Gamma_divergence_z,,0,0,0,,,,,,,,,
0.5,0.8118505357236993,128,Z4C_AXIS_TERM_POINT_DIAGNOSTIC,,Gamma_lie_x,,-2.6489983386374438e-22,0,0,,,,,,,,,
0.5,0.8118505357236993,128,Z4C_AXIS_TERM_POINT_DIAGNOSTIC,,Gamma_lie_y,,2.2822497562589561e-14,0,0,,,,,,,,,
0.5,0.8118505357236993,128,Z4C_AXIS_TERM_POINT_DIAGNOSTIC,,Gamma_lie_z,,0,0,0,,,,,,,,,
0.5,0.8118505357236993,128,Z4C_AXIS_TERM_POINT_DIAGNOSTIC,,Gamma_damping_x,,-0,0,0,,,,,,,,,
0.5,0.8118505357236993,128,Z4C_AXIS_TERM_POINT_DIAGNOSTIC,,Gamma_damping_y,,-0,0,0,,,,,,,,,
0.5,0.8118505357236993,128,Z4C_AXIS_TERM_POINT_DIAGNOSTIC,,Gamma_damping_z,,-0,0,0,,,,,,,,,
0.5,0.8118505357236993,128,Z4C_AXIS_TERM_POINT_DIAGNOSTIC,,Gamma_lapse_gradient_x,,1.974048738644978e-22,0,0,,,,,,,,,
0.5,0.8118505357236993,128,Z4C_AXIS_TERM_POINT_DIAGNOSTIC,,Gamma_lapse_gradient_y,,1.3089891376627853e-21,0,0,,,,,,,,,
0.5,0.8118505357236993,128,Z4C_AXIS_TERM_POINT_DIAGNOSTIC,,Gamma_lapse_gradient_z,,0,0,0,,,,,,,,,
0.5,0.8118505357236993,128,Z4C_AXIS_TERM_POINT_DIAGNOSTIC,,A_hessian_xx,,0.0021067781857836651,0,0,,,,,,,,,
0.5,0.8118505357236993,128,Z4C_AXIS_TERM_POINT_DIAGNOSTIC,,A_hessian_xy,,2.0851484434087208e-16,0,0,,,,,,,,,
0.5,0.8118505357236993,128,Z4C_AXIS_TERM_POINT_DIAGNOSTIC,,A_hessian_xz,,-0,0,0,,,,,,,,,
0.5,0.8118505357236993,128,Z4C_AXIS_TERM_POINT_DIAGNOSTIC,,A_hessian_yy,,-0.004253939572761543,0,0,,,,,,,,,
0.5,0.8118505357236993,128,Z4C_AXIS_TERM_POINT_DIAGNOSTIC,,A_hessian_yz,,-0,0,0,,,,,,,,,
0.5,0.8118505357236993,128,Z4C_AXIS_TERM_POINT_DIAGNOSTIC,,A_hessian_zz,,0.0021067781857836651,0,0,,,,,,,,,
0.5,0.8118505357236993,128,Z4C_AXIS_TERM_POINT_DIAGNOSTIC,,A_ricci_tensor_xx,,-0.0021110371296496652,0,0,,,,,,,,,
0.5,0.8118505357236993,128,Z4C_AXIS_TERM_POINT_DIAGNOSTIC,,A_ricci_tensor_xy,,-2.8743655829287564e-16,0,0,,,,,,,,,
0.5,0.8118505357236993,128,Z4C_AXIS_TERM_POINT_DIAGNOSTIC,,A_ricci_tensor_xz,,0,0,0,,,,,,,,,
0.5,0.8118505357236993,128,Z4C_AXIS_TERM_POINT_DIAGNOSTIC,,A_ricci_tensor_yy,,0.0042220088591511471,0,0,,,,,,,,,
0.5,0.8118505357236993,128,Z4C_AXIS_TERM_POINT_DIAGNOSTIC,,A_ricci_tensor_yz,,0,0,0,,,,,,,,,
0.5,0.8118505357236993,128,Z4C_AXIS_TERM_POINT_DIAGNOSTIC,,A_ricci_tensor_zz,,-0.0021110371296496652,0,0,,,,,,,,,
0.5,0.8118505357236993,128,Z4C_AXIS_TERM_POINT_DIAGNOSTIC,,A_trace_lapse_xx,,1.3456572448605452e-05,0,0,,,,,,,,,
0.5,0.8118505357236993,128,Z4C_AXIS_TERM_POINT_DIAGNOSTIC,,A_trace_lapse_xy,,0,0,0,,,,,,,,,
0.5,0.8118505357236993,128,Z4C_AXIS_TERM_POINT_DIAGNOSTIC,,A_trace_lapse_xz,,0,0,0,,,,,,,,,
0.5,0.8118505357236993,128,Z4C_AXIS_TERM_POINT_DIAGNOSTIC,,A_trace_lapse_yy,,1.3456615102468974e-05,0,0,,,,,,,,,
0.5,0.8118505357236993,128,Z4C_AXIS_TERM_POINT_DIAGNOSTIC,,A_trace_lapse_yz,,0,0,0,,,,,,,,,
0.5,0.8118505357236993,128,Z4C_AXIS_TERM_POINT_DIAGNOSTIC,,A_trace_lapse_zz,,1.3456572448605452e-05,0,0,,,,,,,,,
0.5,0.8118505357236993,128,Z4C_AXIS_TERM_POINT_DIAGNOSTIC,,A_trace_ricci_xx,,2.6260928258402925e-08,0,0,,,,,,,,,
0.5,0.8118505357236993,128,Z4C_AXIS_TERM_POINT_DIAGNOSTIC,,A_trace_ricci_xy,,0,0,0,,,,,,,,,
0.5,0.8118505357236993,128,Z4C_AXIS_TERM_POINT_DIAGNOSTIC,,A_trace_ricci_xz,,0,0,0,,,,,,,,,
0.5,0.8118505357236993,128,Z4C_AXIS_TERM_POINT_DIAGNOSTIC,,A_trace_ricci_yy,,2.6261011498771463e-08,0,0,,,,,,,,,
0.5,0.8118505357236993,128,Z4C_AXIS_TERM_POINT_DIAGNOSTIC,,A_trace_ricci_yz,,0,0,0,,,,,,,,,
0.5,0.8118505357236993,128,Z4C_AXIS_TERM_POINT_DIAGNOSTIC,,A_trace_ricci_zz,,2.6260928258402925e-08,0,0,,,,,,,,,
0.5,0.8118505357236993,128,Z4C_AXIS_TERM_POINT_DIAGNOSTIC,,Gamma_advective_x,,0,0,0,,,,,,,,,
0.5,0.8118505357236993,128,Z4C_AXIS_TERM_POINT_DIAGNOSTIC,,Gamma_advective_y,,-9.0629718447195017e-22,0,0,,,,,,,,,
0.5,0.8118505357236993,128,Z4C_AXIS_TERM_POINT_DIAGNOSTIC,,Gamma_advective_z,,0,0,0,,,,,,,,,
0.5,0.8118505357236993,128,Z4C_AXIS_TERM_POINT_DIAGNOSTIC,,Gamma_expansion_x,,-6.6322299193861659e-22,0,0,,,,,,,,,
0.5,0.8118505357236993,128,Z4C_AXIS_TERM_POINT_DIAGNOSTIC,,Gamma_expansion_y,,-4.8210595533825141e-20,0,0,,,,,,,,,
0.5,0.8118505357236993,128,Z4C_AXIS_TERM_POINT_DIAGNOSTIC,,Gamma_expansion_z,,0,0,0,,,,,,,,,
0.5,0.8118505357236993,128,Z4C_AXIS_TERM_POINT_DIAGNOSTIC,,Gamma_ddiv_x,,1.6090904627607118e-22,0,0,,,,,,,,,
0.5,0.8118505357236993,128,Z4C_AXIS_TERM_POINT_DIAGNOSTIC,,Gamma_ddiv_y,,2.6145049936325113e-15,0,0,,,,,,,,,
0.5,0.8118505357236993,128,Z4C_AXIS_TERM_POINT_DIAGNOSTIC,,Gamma_ddiv_z,,0,0,0,,,,,,,,,
0.5,0.8118505357236993,128,Z4C_AXIS_TERM_POINT_DIAGNOSTIC,,Gamma_contraction_x,,1.7820389407658973e-22,0,0,,,,,,,,,
0.5,0.8118505357236993,128,Z4C_AXIS_TERM_POINT_DIAGNOSTIC,,Gamma_contraction_y,,4.6408118798631089e-20,0,0,,,,,,,,,
0.5,0.8118505357236993,128,Z4C_AXIS_TERM_POINT_DIAGNOSTIC,,Gamma_contraction_z,,0,0,0,,,,,,,,,
0.5,0.8118505357236993,128,Z4C_AXIS_TERM_POINT_DIAGNOSTIC,,Gamma_second_x,,5.921021772221128e-23,0,0,,,,,,,,,
0.5,0.8118505357236993,128,Z4C_AXIS_TERM_POINT_DIAGNOSTIC,,Gamma_second_y,,2.0207995277730969e-14,0,0,,,,,,,,,
0.5,0.8118505357236993,128,Z4C_AXIS_TERM_POINT_DIAGNOSTIC,,Gamma_second_z,,0,0,0,,,,,,,,,
0.5,0.8118505357236993,128,Z4C_RHS_TERM_DIAGNOSTIC,,A_geometric_xx,0.21672786298829999,-0.21672786298829999,4.75,0,,,,,,,,,
0.5,0.8118505357236993,128,Z4C_RHS_TERM_DIAGNOSTIC,,A_geometric_xy,0.12388030867150517,0.12388030867150517,4.75,0.625,,,,,,,,,
0.5,0.8118505357236993,128,Z4C_RHS_TERM_DIAGNOSTIC,,A_geometric_xz,0,0,16,16,,,,,,,,,
0.5,0.8118505357236993,128,Z4C_RHS_TERM_DIAGNOSTIC,,A_geometric_yy,0.18997165936934401,-0.18997165936934401,5.25,-0.625,,,,,,,,,
0.5,0.8118505357236993,128,Z4C_RHS_TERM_DIAGNOSTIC,,A_geometric_yz,0,0,16,16,,,,,,,,,
0.5,0.8118505357236993,128,Z4C_RHS_TERM_DIAGNOSTIC,,A_geometric_zz,1.7075312918854455,1.7075312918854455,5.25,0,,,,,,,,,
0.5,0.8118505357236993,128,Z4C_RHS_TERM_DIAGNOSTIC,,A_trace_xx,0.070210485618814544,-0.070210485618814544,5.25,0,,,,,,,,,
0.5,0.8118505357236993,128,Z4C_RHS_TERM_DIAGNOSTIC,,A_trace_xy,0.0048181694505748931,-0.0048181694505748931,4.625,-0.625,,,,,,,,,
0.5,0.8118505357236993,128,Z4C_RHS_TERM_DIAGNOSTIC,,A_trace_xz,0,-0,16,16,,,,,,,,,
0.5,0.8118505357236993,128,Z4C_RHS_TERM_DIAGNOSTIC,,A_trace_yy,0.068282300920283173,-0.068282300920283173,5.25,0,,,,,,,,,
0.5,0.8118505357236993,128,Z4C_RHS_TERM_DIAGNOSTIC,,A_trace_yz,0,-0,16,16,,,,,,,,,
0.5,0.8118505357236993,128,Z4C_RHS_TERM_DIAGNOSTIC,,A_trace_zz,0.30656719894688833,-0.30656719894688833,5.25,0,,,,,,,,,
0.5,0.8118505357236993,128,Z4C_RHS_TERM_DIAGNOSTIC,,A_nonlinear_xx,0.053435259255767247,-0.053435259255767247,5.25,0,,,,,,,,,
0.5,0.8118505357236993,128,Z4C_RHS_TERM_DIAGNOSTIC,,A_nonlinear_xy,0.019238871946045257,0.019238871946045257,5,0.25,,,,,,,,,
0.5,0.8118505357236993,128,Z4C_RHS_TERM_DIAGNOSTIC,,A_nonlinear_xz,0,-0,16,16,,,,,,,,,
0.5,0.8118505357236993,128,Z4C_RHS_TERM_DIAGNOSTIC,,A_nonlinear_yy,0.054220716994539987,-0.054220716994539987,5.25,0,,,,,,,,,
0.5,0.8118505357236993,128,Z4C_RHS_TERM_DIAGNOSTIC,,A_nonlinear_yz,0,-0,16,16,,,,,,,,,
0.5,0.8118505357236993,128,Z4C_RHS_TERM_DIAGNOSTIC,,A_nonlinear_zz,1.6916270274080363,-1.6916270274080363,5.25,0,,,,,,,,,
0.5,0.8118505357236993,128,Z4C_RHS_TERM_DIAGNOSTIC,,A_lie_xx,0.026155314755473742,0.026155314755473742,4.25,0,,,,,,,,,
0.5,0.8118505357236993,128,Z4C_RHS_TERM_DIAGNOSTIC,,A_lie_xy,0.019818063184406782,-0.019818063184406782,5.125,-0.5,,,,,,,,,
0.5,0.8118505357236993,128,Z4C_RHS_TERM_DIAGNOSTIC,,A_lie_xz,0,0,16,16,,,,,,,,,
0.5,0.8118505357236993,128,Z4C_RHS_TERM_DIAGNOSTIC,,A_lie_yy,0.046466957751824987,0.046466957751824987,4.875,0,,,,,,,,,
0.5,0.8118505357236993,128,Z4C_RHS_TERM_DIAGNOSTIC,,A_lie_yz,0,0,16,16,,,,,,,,,
0.5,0.8118505357236993,128,Z4C_RHS_TERM_DIAGNOSTIC,,A_lie_zz,0.51561726145982567,-0.51561726145982567,5,0,,,,,,,,,
0.5,0.8118505357236993,128,Z4C_RHS_TERM_DIAGNOSTIC,,Gamma_divergence_x,0.32082178669965661,-0.32082178669965661,5.125,0,,,,,,,,,
0.5,0.8118505357236993,128,Z4C_RHS_TERM_DIAGNOSTIC,,Gamma_divergence_y,0.29334605216109061,0.29334605216109061,5.25,-0.875,,,,,,,,,
0.5,0.8118505357236993,128,Z4C_RHS_TERM_DIAGNOSTIC,,Gamma_divergence_z,0,0,16,16,,,,,,,,,
0.5,0.8118505357236993,128,Z4C_RHS_TERM_DIAGNOSTIC,,Gamma_lie_x,1.2634503827290953,1.2634503827290953,4,0,,,,,,,,,
0.5,0.8118505357236993,128,Z4C_RHS_TERM_DIAGNOSTIC,,Gamma_lie_y,1.0792658747621717,1.0792658747621717,5.25,-1.25,,,,,,,,,
0.5,0.8118505357236993,128,Z4C_RHS_TERM_DIAGNOSTIC,,Gamma_lie_z,0,0,16,16,,,,,,,,,
0.5,0.8118505357236993,128,Z4C_RHS_TERM_DIAGNOSTIC,,Gamma_damping_x,0,-0,16,16,,,,,,,,,
0.5,0.8118505357236993,128,Z4C_RHS_TERM_DIAGNOSTIC,,Gamma_damping_y,0,-0,16,16,,,,,,,,,
0.5,0.8118505357236993,128,Z4C_RHS_TERM_DIAGNOSTIC,,Gamma_damping_z,0,-0,16,16,,,,,,,,,
0.5,0.8118505357236993,128,Z4C_RHS_TERM_DIAGNOSTIC,,Gamma_lapse_gradient_x,0.061950577841799866,0.061950577841799866,5.375,0,,,,,,,,,
0.5,0.8118505357236993,128,Z4C_RHS_TERM_DIAGNOSTIC,,Gamma_lapse_gradient_y,0.037556756243971284,0.037556756243971284,5.5,0.625,,,,,,,,,
0.5,0.8118505357236993,128,Z4C_RHS_TERM_DIAGNOSTIC,,Gamma_lapse_gradient_z,0,0,16,16,,,,,,,,,
0.5,0.8118505357236993,128,Z4C_RHS_TERM_DIAGNOSTIC,,A_hessian_xx,0.069180581615062575,-0.069180581615062575,4.625,0,,,,,,,,,
0.5,0.8118505357236993,128,Z4C_RHS_TERM_DIAGNOSTIC,,A_hessian_xy,0.036338444204188039,0.036338444204188039,6.5,1.25,,,,,,,,,
0.5,0.8118505357236993,128,Z4C_RHS_TERM_DIAGNOSTIC,,A_hessian_xz,0,-0,16,16,,,,,,,,,
0.5,0.8118505357236993,128,Z4C_RHS_TERM_DIAGNOSTIC,,A_hessian_yy,0.062272680687843536,-0.062272680687843536,4.25,0,,,,,,,,,
0.5,0.8118505357236993,128,Z4C_RHS_TERM_DIAGNOSTIC,,A_hessian_yz,0,-0,16,16,,,,,,,,,
0.5,0.8118505357236993,128,Z4C_RHS_TERM_DIAGNOSTIC,,A_hessian_zz,0.037291269927018603,0.037291269927018603,4.25,0,,,,,,,,,
0.5,0.8118505357236993,128,Z4C_RHS_TERM_DIAGNOSTIC,,A_ricci_tensor_xx,0.1558308566938082,-0.1558308566938082,4.75,0,,,,,,,,,
0.5,0.8118505357236993,128,Z4C_RHS_TERM_DIAGNOSTIC,,A_ricci_tensor_xy,0.12331963938908559,-0.12331963938908559,4.625,-0.625,,,,,,,,,
0.5,0.8118505357236993,128,Z4C_RHS_TERM_DIAGNOSTIC,,A_ricci_tensor_xz,0,0,16,16,,,,,,,,,
0.5,0.8118505357236993,128,Z4C_RHS_TERM_DIAGNOSTIC,,A_ricci_tensor_yy,0.1677299504089757,0.1677299504089757,4.25,0,,,,,,,,,
0.5,0.8118505357236993,128,Z4C_RHS_TERM_DIAGNOSTIC,,A_ricci_tensor_yz,0,0,16,16,,,,,,,,,
0.5,0.8118505357236993,128,Z4C_RHS_TERM_DIAGNOSTIC,,A_ricci_tensor_zz,1.7150236041663189,1.7150236041663189,5.25,0,,,,,,,,,
0.5,0.8118505357236993,128,Z4C_RHS_TERM_DIAGNOSTIC,,A_trace_lapse_xx,0.035441063084512003,0.035441063084512003,4.875,-0.625,,,,,,,,,
0.5,0.8118505357236993,128,Z4C_RHS_TERM_DIAGNOSTIC,,A_trace_lapse_xy,0.0052594207779375849,-0.0052594207779375849,4.625,-0.625,,,,,,,,,
0.5,0.8118505357236993,128,Z4C_RHS_TERM_DIAGNOSTIC,,A_trace_lapse_xz,0,0,16,16,,,,,,,,,
0.5,0.8118505357236993,128,Z4C_RHS_TERM_DIAGNOSTIC,,A_trace_lapse_yy,0.042521538176909013,0.042521538176909013,4.5,0,,,,,,,,,
0.5,0.8118505357236993,128,Z4C_RHS_TERM_DIAGNOSTIC,,A_trace_lapse_yz,0,0,16,16,,,,,,,,,
0.5,0.8118505357236993,128,Z4C_RHS_TERM_DIAGNOSTIC,,A_trace_lapse_zz,0.10374435607010551,0.10374435607010551,4.625,0,,,,,,,,,
0.5,0.8118505357236993,128,Z4C_RHS_TERM_DIAGNOSTIC,,A_trace_ricci_xx,0.07818862137225574,-0.07818862137225574,5.25,0,,,,,,,,,
0.5,0.8118505357236993,128,Z4C_RHS_TERM_DIAGNOSTIC,,A_trace_ricci_xy,0.0014145073025069047,-0.0014145073025069047,5,0.25,,,,,,,,,
0.5,0.8118505357236993,128,Z4C_RHS_TERM_DIAGNOSTIC,,A_trace_ricci_xz,0,-0,16,16,,,,,,,,,
0.5,0.8118505357236993,128,Z4C_RHS_TERM_DIAGNOSTIC,,A_trace_ricci_yy,0.076041333798320399,-0.076041333798320399,5.25,0,,,,,,,,,
0.5,0.8118505357236993,128,Z4C_RHS_TERM_DIAGNOSTIC,,A_trace_ricci_yz,0,-0,16,16,,,,,,,,,
0.5,0.8118505357236993,128,Z4C_RHS_TERM_DIAGNOSTIC,,A_trace_ricci_zz,0.34140294618882261,-0.34140294618882261,5.25,0,,,,,,,,,
0.5,0.8118505357236993,128,Z4C_RHS_TERM_DIAGNOSTIC,,Gamma_advective_x,0.20205907444523327,-0.20205907444523327,4.125,0,,,,,,,,,
0.5,0.8118505357236993,128,Z4C_RHS_TERM_DIAGNOSTIC,,Gamma_advective_y,0.1385513150668834,-0.1385513150668834,4.625,-1,,,,,,,,,
0.5,0.8118505357236993,128,Z4C_RHS_TERM_DIAGNOSTIC,,Gamma_advective_z,0,0,16,16,,,,,,,,,
0.5,0.8118505357236993,128,Z4C_RHS_TERM_DIAGNOSTIC,,Gamma_expansion_x,0.058392572478057084,-0.058392572478057084,6.125,0,,,,,,,,,
0.5,0.8118505357236993,128,Z4C_RHS_TERM_DIAGNOSTIC,,Gamma_expansion_y,0.033772453459754111,-0.033772453459754111,5.5,0.75,,,,,,,,,
0.5,0.8118505357236993,128,Z4C_RHS_TERM_DIAGNOSTIC,,Gamma_expansion_z,0,-0,16,16,,,,,,,,,
0.5,0.8118505357236993,128,Z4C_RHS_TERM_DIAGNOSTIC,,Gamma_ddiv_x,0.36254397702475671,0.36254397702475671,4,0,,,,,,,,,
0.5,0.8118505357236993,128,Z4C_RHS_TERM_DIAGNOSTIC,,Gamma_ddiv_y,0.30761351075419713,0.30761351075419713,5.25,-1.25,,,,,,,,,
0.5,0.8118505357236993,128,Z4C_RHS_TERM_DIAGNOSTIC,,Gamma_ddiv_z,0,0,16,16,,,,,,,,,
0.5,0.8118505357236993,128,Z4C_RHS_TERM_DIAGNOSTIC,,Gamma_contraction_x,0.071147200876154643,-0.071147200876154643,3.625,0,,,,,,,,,
0.5,0.8118505357236993,128,Z4C_RHS_TERM_DIAGNOSTIC,,Gamma_contraction_y,0.038686561343050922,0.038686561343050922,4.5,1.5,,,,,,,,,
0.5,0.8118505357236993,128,Z4C_RHS_TERM_DIAGNOSTIC,,Gamma_contraction_z,0,0,16,16,,,,,,,,,
0.5,0.8118505357236993,128,Z4C_RHS_TERM_DIAGNOSTIC,,Gamma_second_x,1.1012604929037657,1.1012604929037657,4.125,0.125,,,,,,,,,
0.5,0.8118505357236993,128,Z4C_RHS_TERM_DIAGNOSTIC,,Gamma_second_y,0.91396399625093538,0.91396399625093538,4.875,-1.125,,,,,,,,,
0.5,0.8118505357236993,128,Z4C_RHS_TERM_DIAGNOSTIC,,Gamma_second_z,0,0,16,16,,,,,,,,,
0.5,0.8118505357236993,128,Z4C_AXIS_RHS_PAIR_DIAGNOSTIC,,,,,,16,0,0,0,0,0,0,0,0,0
0.5,0.8118505357236993,256,Z4C_RHS_STAGE_DIAGNOSTIC,z4c_chi,,,,,,,,,,,,,,
0.5,0.8118505357236993,256,Z4C_RHS_STAGE_DIAGNOSTIC,z4c_gxx,,,,,,,,,,,,,,
0.5,0.8118505357236993,256,Z4C_RHS_STAGE_DIAGNOSTIC,z4c_gxy,,,,,,,,,,,,,,
0.5,0.8118505357236993,256,Z4C_RHS_STAGE_DIAGNOSTIC,z4c_gxz,,,,,,,,,,,,,,
0.5,0.8118505357236993,256,Z4C_RHS_STAGE_DIAGNOSTIC,z4c_gyy,,,,,,,,,,,,,,
0.5,0.8118505357236993,256,Z4C_RHS_STAGE_DIAGNOSTIC,z4c_gyz,,,,,,,,,,,,,,
0.5,0.8118505357236993,256,Z4C_RHS_STAGE_DIAGNOSTIC,z4c_gzz,,,,,,,,,,,,,,
0.5,0.8118505357236993,256,Z4C_RHS_STAGE_DIAGNOSTIC,z4c_Khat,,,,,,,,,,,,,,
0.5,0.8118505357236993,256,Z4C_RHS_STAGE_DIAGNOSTIC,z4c_Axx,,,,,,,,,,,,,,
0.5,0.8118505357236993,256,Z4C_RHS_STAGE_DIAGNOSTIC,z4c_Axy,,,,,,,,,,,,,,
0.5,0.8118505357236993,256,Z4C_RHS_STAGE_DIAGNOSTIC,z4c_Axz,,,,,,,,,,,,,,
0.5,0.8118505357236993,256,Z4C_RHS_STAGE_DIAGNOSTIC,z4c_Ayy,,,,,,,,,,,,,,
0.5,0.8118505357236993,256,Z4C_RHS_STAGE_DIAGNOSTIC,z4c_Ayz,,,,,,,,,,,,,,
0.5,0.8118505357236993,256,Z4C_RHS_STAGE_DIAGNOSTIC,z4c_Azz,,,,,,,,,,,,,,
0.5,0.8118505357236993,256,Z4C_RHS_STAGE_DIAGNOSTIC,z4c_Gamx,,,,,,,,,,,,,,
0.5,0.8118505357236993,256,Z4C_RHS_STAGE_DIAGNOSTIC,z4c_Gamy,,,,,,,,,,,,,,
0.5,0.8118505357236993,256,Z4C_RHS_STAGE_DIAGNOSTIC,z4c_Gamz,,,,,,,,,,,,,,
0.5,0.8118505357236993,256,Z4C_RHS_STAGE_DIAGNOSTIC,z4c_Theta,,,,,,,,,,,,,,
0.5,0.8118505357236993,256,Z4C_RHS_STAGE_DIAGNOSTIC,z4c_alpha,,,,,,,,,,,,,,
0.5,0.8118505357236993,256,Z4C_RHS_STAGE_DIAGNOSTIC,z4c_betax,,,,,,,,,,,,,,
0.5,0.8118505357236993,256,Z4C_RHS_STAGE_DIAGNOSTIC,z4c_betay,,,,,,,,,,,,,,
0.5,0.8118505357236993,256,Z4C_RHS_STAGE_DIAGNOSTIC,z4c_betaz,,,,,,,,,,,,,,
0.5,0.8118505357236993,256,Z4C_RHS_STAGE_DIAGNOSTIC,z4c_Bx,,,,,,,,,,,,,,
0.5,0.8118505357236993,256,Z4C_RHS_STAGE_DIAGNOSTIC,z4c_By,,,,,,,,,,,,,,
0.5,0.8118505357236993,256,Z4C_RHS_STAGE_DIAGNOSTIC,z4c_Bz,,,,,,,,,,,,,,
0.5,0.8118505357236993,256,Z4C_AXIS_RHS_PHASE_DIAGNOSTIC,z4c_chi,,,,0,0,,,,,,,,,
0.5,0.8118505357236993,256,Z4C_AXIS_RHS_PHASE_DIAGNOSTIC,z4c_gxx,,,,0,0,,,,,,,,,
0.5,0.8118505357236993,256,Z4C_AXIS_RHS_PHASE_DIAGNOSTIC,z4c_gxy,,,,0,0,,,,,,,,,
0.5,0.8118505357236993,256,Z4C_AXIS_RHS_PHASE_DIAGNOSTIC,z4c_gxz,,,,0,0,,,,,,,,,
0.5,0.8118505357236993,256,Z4C_AXIS_RHS_PHASE_DIAGNOSTIC,z4c_gyy,,,,0,0,,,,,,,,,
0.5,0.8118505357236993,256,Z4C_AXIS_RHS_PHASE_DIAGNOSTIC,z4c_gyz,,,,0,0,,,,,,,,,
0.5,0.8118505357236993,256,Z4C_AXIS_RHS_PHASE_DIAGNOSTIC,z4c_gzz,,,,0,0,,,,,,,,,
0.5,0.8118505357236993,256,Z4C_AXIS_RHS_PHASE_DIAGNOSTIC,z4c_Khat,,,,0,0,,,,,,,,,
0.5,0.8118505357236993,256,Z4C_AXIS_RHS_PHASE_DIAGNOSTIC,z4c_Axx,,,,0,0,,,,,,,,,
0.5,0.8118505357236993,256,Z4C_AXIS_RHS_PHASE_DIAGNOSTIC,z4c_Axy,,,,0,0,,,,,,,,,
0.5,0.8118505357236993,256,Z4C_AXIS_RHS_PHASE_DIAGNOSTIC,z4c_Axz,,,,0,0,,,,,,,,,
0.5,0.8118505357236993,256,Z4C_AXIS_RHS_PHASE_DIAGNOSTIC,z4c_Ayy,,,,0,0,,,,,,,,,
0.5,0.8118505357236993,256,Z4C_AXIS_RHS_PHASE_DIAGNOSTIC,z4c_Ayz,,,,0,0,,,,,,,,,
0.5,0.8118505357236993,256,Z4C_AXIS_RHS_PHASE_DIAGNOSTIC,z4c_Azz,,,,0,0,,,,,,,,,
0.5,0.8118505357236993,256,Z4C_AXIS_RHS_PHASE_DIAGNOSTIC,z4c_Gamx,,,,0,0,,,,,,,,,
0.5,0.8118505357236993,256,Z4C_AXIS_RHS_PHASE_DIAGNOSTIC,z4c_Gamy,,,,0,0,,,,,,,,,
0.5,0.8118505357236993,256,Z4C_AXIS_RHS_PHASE_DIAGNOSTIC,z4c_Gamz,,,,0,0,,,,,,,,,
0.5,0.8118505357236993,256,Z4C_AXIS_RHS_PHASE_DIAGNOSTIC,z4c_Theta,,,,0,0,,,,,,,,,
0.5,0.8118505357236993,256,Z4C_AXIS_RHS_PHASE_DIAGNOSTIC,z4c_alpha,,,,0,0,,,,,,,,,
0.5,0.8118505357236993,256,Z4C_AXIS_RHS_PHASE_DIAGNOSTIC,z4c_betax,,,,0,0,,,,,,,,,
0.5,0.8118505357236993,256,Z4C_AXIS_RHS_PHASE_DIAGNOSTIC,z4c_betay,,,,0,0,,,,,,,,,
0.5,0.8118505357236993,256,Z4C_AXIS_RHS_PHASE_DIAGNOSTIC,z4c_betaz,,,,0,0,,,,,,,,,
0.5,0.8118505357236993,256,Z4C_AXIS_RHS_PHASE_DIAGNOSTIC,z4c_Bx,,,,0,0,,,,,,,,,
0.5,0.8118505357236993,256,Z4C_AXIS_RHS_PHASE_DIAGNOSTIC,z4c_By,,,,0,0,,,,,,,,,
0.5,0.8118505357236993,256,Z4C_AXIS_RHS_PHASE_DIAGNOSTIC,z4c_Bz,,,,0,0,,,,,,,,,
0.5,0.8118505357236993,256,Z4C_AXIS_TERM_POINT_DIAGNOSTIC,,A_geometric_xx,,-4.2459717859176528e-06,0,0,,,,,,,,,
0.5,0.8118505357236993,256,Z4C_AXIS_TERM_POINT_DIAGNOSTIC,,A_geometric_xy,,-1.9049636800414517e-15,0,0,,,,,,,,,
0.5,0.8118505357236993,256,Z4C_AXIS_TERM_POINT_DIAGNOSTIC,,A_geometric_xz,,0,0,0,,,,,,,,,
0.5,0.8118505357236993,256,Z4C_AXIS_TERM_POINT_DIAGNOSTIC,,A_geometric_yy,,-3.1928264637015748e-05,0,0,,,,,,,,,
0.5,0.8118505357236993,256,Z4C_AXIS_TERM_POINT_DIAGNOSTIC,,A_geometric_yz,,0,0,0,,,,,,,,,
0.5,0.8118505357236993,256,Z4C_AXIS_TERM_POINT_DIAGNOSTIC,,A_geometric_zz,,-4.2459717859176528e-06,0,0,,,,,,,,,
0.5,0.8118505357236993,256,Z4C_AXIS_TERM_POINT_DIAGNOSTIC,,A_trace_xx,,1.34733689927768e-05,0,0,,,,,,,,,
0.5,0.8118505357236993,256,Z4C_AXIS_TERM_POINT_DIAGNOSTIC,,A_trace_xy,,0,0,0,,,,,,,,,
0.5,0.8118505357236993,256,Z4C_AXIS_TERM_POINT_DIAGNOSTIC,,A_trace_xz,,0,0,0,,,,,,,,,
0.5,0.8118505357236993,256,Z4C_AXIS_TERM_POINT_DIAGNOSTIC,,A_trace_yy,,1.3473411711054624e-05,0,0,,,,,,,,,
0.5,0.8118505357236993,256,Z4C_AXIS_TERM_POINT_DIAGNOSTIC,,A_trace_yz,,0,0,0,,,,,,,,,
0.5,0.8118505357236993,256,Z4C_AXIS_TERM_POINT_DIAGNOSTIC,,A_trace_zz,,1.34733689927768e-05,0,0,,,,,,,,,
0.5,0.8118505357236993,256,Z4C_AXIS_TERM_POINT_DIAGNOSTIC,,A_nonlinear_xx,,-2.5666469760449304e-11,0,0,,,,,,,,,
0.5,0.8118505357236993,256,Z4C_AXIS_TERM_POINT_DIAGNOSTIC,,A_nonlinear_xy,,-0,0,0,,,,,,,,,
0.5,0.8118505357236993,256,Z4C_AXIS_TERM_POINT_DIAGNOSTIC,,A_nonlinear_xz,,-0,0,0,,,,,,,,,
0.5,0.8118505357236993,256,Z4C_AXIS_TERM_POINT_DIAGNOSTIC,,A_nonlinear_yy,,2.9325272063996103e-12,0,0,,,,,,,,,
0.5,0.8118505357236993,256,Z4C_AXIS_TERM_POINT_DIAGNOSTIC,,A_nonlinear_yz,,-0,0,0,,,,,,,,,
0.5,0.8118505357236993,256,Z4C_AXIS_TERM_POINT_DIAGNOSTIC,,A_nonlinear_zz,,-2.5666469760449304e-11,0,0,,,,,,,,,
0.5,0.8118505357236993,256,Z4C_AXIS_TERM_POINT_DIAGNOSTIC,,A_lie_xx,,-4.7200767988954093e-12,0,0,,,,,,,,,
0.5,0.8118505357236993,256,Z4C_AXIS_TERM_POINT_DIAGNOSTIC,,A_lie_xy,,-1.3599707627990595e-36,0,0,,,,,,,,,
0.5,0.8118505357236993,256,Z4C_AXIS_TERM_POINT_DIAGNOSTIC,,A_lie_xz,,0,0,0,,,,,,,,,
0.5,0.8118505357236993,256,Z4C_AXIS_TERM_POINT_DIAGNOSTIC,,A_lie_yy,,-1.8880367056942854e-11,0,0,,,,,,,,,
0.5,0.8118505357236993,256,Z4C_AXIS_TERM_POINT_DIAGNOSTIC,,A_lie_yz,,0,0,0,,,,,,,,,
0.5,0.8118505357236993,256,Z4C_AXIS_TERM_POINT_DIAGNOSTIC,,A_lie_zz,,-4.7200767988954093e-12,0,0,,,,,,,,,
0.5,0.8118505357236993,256,Z4C_AXIS_TERM_POINT_DIAGNOSTIC,,Gamma_divergence_x,,-4.6824168902603354e-21,0,0,,,,,,,,,
0.5,0.8118505357236993,256,Z4C_AXIS_TERM_POINT_DIAGNOSTIC,,Gamma_divergence_y,,2.7574081627501812e-13,0,0,,,,,,,,,
0.5,0.8118505357236993,256,Z4C_AXIS_TERM_POINT_DIAGNOSTIC,,Gamma_divergence_z,,0,0,0,,,,,,,,,
0.5,0.8118505357236993,256,Z4C_AXIS_TERM_POINT_DIAGNOSTIC,,Gamma_lie_x,,3.1693932492050568e-22,0,0,,,,,,,,,
0.5,0.8118505357236993,256,Z4C_AXIS_TERM_POINT_DIAGNOSTIC,,Gamma_lie_y,,-3.7641804241209115e-13,0,0,,,,,,,,,
0.5,0.8118505357236993,256,Z4C_AXIS_TERM_POINT_DIAGNOSTIC,,Gamma_lie_z,,0,0,0,,,,,,,,,
0.5,0.8118505357236993,256,Z4C_AXIS_TERM_POINT_DIAGNOSTIC,,Gamma_damping_x,,-0,0,0,,,,,,,,,
0.5,0.8118505357236993,256,Z4C_AXIS_TERM_POINT_DIAGNOSTIC,,Gamma_damping_y,,0,0,0,,,,,,,,,
0.5,0.8118505357236993,256,Z4C_AXIS_TERM_POINT_DIAGNOSTIC,,Gamma_damping_z,,-0,0,0,,,,,,,,,
0.5,0.8118505357236993,256,Z4C_AXIS_TERM_POINT_DIAGNOSTIC,,Gamma_lapse_gradient_x,,1.9103189909125269e-21,0,0,,,,,,,,,
0.5,0.8118505357236993,256,Z4C_AXIS_TERM_POINT_DIAGNOSTIC,,Gamma_lapse_gradient_y,,-1.7837319015902795e-20,0,0,,,,,,,,,
0.5,0.8118505357236993,256,Z4C_AXIS_TERM_POINT_DIAGNOSTIC,,Gamma_lapse_gradient_z,,0,0,0,,,,,,,,,
0.5,0.8118505357236993,256,Z4C_AXIS_TERM_POINT_DIAGNOSTIC,,A_hessian_xx,,0.0021067586562284,0,0,,,,,,,,,
0.5,0.8118505357236993,256,Z4C_AXIS_TERM_POINT_DIAGNOSTIC,,A_hessian_xy,,-2.236663052310487e-16,0,0,,,,,,,,,
0.5,0.8118505357236993,256,Z4C_AXIS_TERM_POINT_DIAGNOSTIC,,A_hessian_xz,,-0,0,0,,,,,,,,,
0.5,0.8118505357236993,256,Z4C_AXIS_TERM_POINT_DIAGNOSTIC,,A_hessian_yy,,-0.0042539507879068867,0,0,,,,,,,,,
0.5,0.8118505357236993,256,Z4C_AXIS_TERM_POINT_DIAGNOSTIC,,A_hessian_yz,,-0,0,0,,,,,,,,,
0.5,0.8118505357236993,256,Z4C_AXIS_TERM_POINT_DIAGNOSTIC,,A_hessian_zz,,0.0021067586562284,0,0,,,,,,,,,
0.5,0.8118505357236993,256,Z4C_AXIS_TERM_POINT_DIAGNOSTIC,,A_ricci_tensor_xx,,-0.0021110046280143177,0,0,,,,,,,,,
0.5,0.8118505357236993,256,Z4C_AXIS_TERM_POINT_DIAGNOSTIC,,A_ricci_tensor_xy,,-1.6812973748104032e-15,0,0,,,,,,,,,
0.5,0.8118505357236993,256,Z4C_AXIS_TERM_POINT_DIAGNOSTIC,,A_ricci_tensor_xz,,0,0,0,,,,,,,,,
0.5,0.8118505357236993,256,Z4C_AXIS_TERM_POINT_DIAGNOSTIC,,A_ricci_tensor_yy,,0.0042220225232698716,0,0,,,,,,,,,
0.5,0.8118505357236993,256,Z4C_AXIS_TERM_POINT_DIAGNOSTIC,,A_ricci_tensor_yz,,0,0,0,,,,,,,,,
0.5,0.8118505357236993,256,Z4C_AXIS_TERM_POINT_DIAGNOSTIC,,A_ricci_tensor_zz,,-0.0021110046280143177,0,0,,,,,,,,,
0.5,0.8118505357236993,256,Z4C_AXIS_TERM_POINT_DIAGNOSTIC,,A_trace_lapse_xx,,1.3473329346108033e-05,0,0,,,,,,,,,
0.5,0.8118505357236993,256,Z4C_AXIS_TERM_POINT_DIAGNOSTIC,,A_trace_lapse_xy,,0,0,0,,,,,,,,,
0.5,0.8118505357236993,256,Z4C_AXIS_TERM_POINT_DIAGNOSTIC,,A_trace_lapse_xz,,0,0,0,,,,,,,,,
0.5,0.8118505357236993,256,Z4C_AXIS_TERM_POINT_DIAGNOSTIC,,A_trace_lapse_yy,,1.3473372064260155e-05,0,0,,,,,,,,,
0.5,0.8118505357236993,256,Z4C_AXIS_TERM_POINT_DIAGNOSTIC,,A_trace_lapse_yz,,0,0,0,,,,,,,,,
0.5,0.8118505357236993,256,Z4C_AXIS_TERM_POINT_DIAGNOSTIC,,A_trace_lapse_zz,,1.3473329346108033e-05,0,0,,,,,,,,,
0.5,0.8118505357236993,256,Z4C_AXIS_TERM_POINT_DIAGNOSTIC,,A_trace_ricci_xx,,3.964666876674278e-11,0,0,,,,,,,,,
0.5,0.8118505357236993,256,Z4C_AXIS_TERM_POINT_DIAGNOSTIC,,A_trace_ricci_xy,,0,0,0,,,,,,,,,
0.5,0.8118505357236993,256,Z4C_AXIS_TERM_POINT_DIAGNOSTIC,,A_trace_ricci_xz,,0,0,0,,,,,,,,,
0.5,0.8118505357236993,256,Z4C_AXIS_TERM_POINT_DIAGNOSTIC,,A_trace_ricci_yy,,3.9646794469335214e-11,0,0,,,,,,,,,
0.5,0.8118505357236993,256,Z4C_AXIS_TERM_POINT_DIAGNOSTIC,,A_trace_ricci_yz,,0,0,0,,,,,,,,,
0.5,0.8118505357236993,256,Z4C_AXIS_TERM_POINT_DIAGNOSTIC,,A_trace_ricci_zz,,3.964666876674278e-11,0,0,,,,,,,,,
0.5,0.8118505357236993,256,Z4C_AXIS_TERM_POINT_DIAGNOSTIC,,Gamma_advective_x,,0,0,0,,,,,,,,,
0.5,0.8118505357236993,256,Z4C_AXIS_TERM_POINT_DIAGNOSTIC,,Gamma_advective_y,,-9.3523143735354099e-21,0,0,,,,,,,,,
0.5,0.8118505357236993,256,Z4C_AXIS_TERM_POINT_DIAGNOSTIC,,Gamma_advective_z,,0,0,0,,,,,,,,,
0.5,0.8118505357236993,256,Z4C_AXIS_TERM_POINT_DIAGNOSTIC,,Gamma_expansion_x,,-2.9445410418244496e-22,0,0,,,,,,,,,
0.5,0.8118505357236993,256,Z4C_AXIS_TERM_POINT_DIAGNOSTIC,,Gamma_expansion_y,,2.2996861281290279e-19,0,0,,,,,,,,,
0.5,0.8118505357236993,256,Z4C_AXIS_TERM_POINT_DIAGNOSTIC,,Gamma_expansion_z,,0,0,0,,,,,,,,,
0.5,0.8118505357236993,256,Z4C_AXIS_TERM_POINT_DIAGNOSTIC,,Gamma_ddiv_x,,5.5662259006409748e-22,0,0,,,,,,,,,
0.5,0.8118505357236993,256,Z4C_AXIS_TERM_POINT_DIAGNOSTIC,,Gamma_ddiv_y,,-6.8633781358159702e-14,0,0,,,,,,,,,
0.5,0.8118505357236993,256,Z4C_AXIS_TERM_POINT_DIAGNOSTIC,,Gamma_ddiv_z,,0,0,0,,,,,,,,,
0.5,0.8118505357236993,256,Z4C_AXIS_TERM_POINT_DIAGNOSTIC,,Gamma_contraction_x,,7.8970753738870334e-23,0,0,,,,,,,,,
0.5,0.8118505357236993,256,Z4C_AXIS_TERM_POINT_DIAGNOSTIC,,Gamma_contraction_y,,-2.2160062470445177e-19,0,0,,,,,,,,,
0.5,0.8118505357236993,256,Z4C_AXIS_TERM_POINT_DIAGNOSTIC,,Gamma_contraction_z,,0,0,0,,,,,,,,,
0.5,0.8118505357236993,256,Z4C_AXIS_TERM_POINT_DIAGNOSTIC,,Gamma_second_x,,-2.4199914700017134e-23,0,0,,,,,,,,,
0.5,0.8118505357236993,256,Z4C_AXIS_TERM_POINT_DIAGNOSTIC,,Gamma_second_y,,-3.0778426006960524e-13,0,0,,,,,,,,,
0.5,0.8118505357236993,256,Z4C_AXIS_TERM_POINT_DIAGNOSTIC,,Gamma_second_z,,0,0,0,,,,,,,,,
0.5,0.8118505357236993,256,Z4C_RHS_TERM_DIAGNOSTIC,,A_geometric_xx,0.21757843830497889,-0.21757843830497889,4.6875,0,,,,,,,,,
0.5,0.8118505357236993,256,Z4C_RHS_TERM_DIAGNOSTIC,,A_geometric_xy,0.12543671780223561,0.12543671780223561,4.75,0.5625,,,,,,,,,
0.5,0.8118505357236993,256,Z4C_RHS_TERM_DIAGNOSTIC,,A_geometric_xz,0,0,16,16,,,,,,,,,
0.5,0.8118505357236993,256,Z4C_RHS_TERM_DIAGNOSTIC,,A_geometric_yy,0.19069699677460256,-0.19069699677460256,5.25,0.5625,,,,,,,,,
0.5,0.8118505357236993,256,Z4C_RHS_TERM_DIAGNOSTIC,,A_geometric_yz,0,0,16,16,,,,,,,,,
0.5,0.8118505357236993,256,Z4C_RHS_TERM_DIAGNOSTIC,,A_geometric_zz,1.7151295919041172,1.7151295919041172,5.1875,0,,,,,,,,,
0.5,0.8118505357236993,256,Z4C_RHS_TERM_DIAGNOSTIC,,A_trace_xx,0.071582158680948652,-0.071582158680948652,5.3125,0,,,,,,,,,
0.5,0.8118505357236993,256,Z4C_RHS_TERM_DIAGNOSTIC,,A_trace_xy,0.0048363577855198943,0.0048363577855198943,4.625,0.625,,,,,,,,,
0.5,0.8118505357236993,256,Z4C_RHS_TERM_DIAGNOSTIC,,A_trace_xz,0,-0,16,16,,,,,,,,,
0.5,0.8118505357236993,256,Z4C_RHS_TERM_DIAGNOSTIC,,A_trace_yy,0.069517371983145018,-0.069517371983145018,5.3125,0,,,,,,,,,
0.5,0.8118505357236993,256,Z4C_RHS_TERM_DIAGNOSTIC,,A_trace_yz,0,-0,16,16,,,,,,,,,
0.5,0.8118505357236993,256,Z4C_RHS_TERM_DIAGNOSTIC,,A_trace_zz,0.30896292926880359,-0.30896292926880359,5.25,0,,,,,,,,,
0.5,0.8118505357236993,256,Z4C_RHS_TERM_DIAGNOSTIC,,A_nonlinear_xx,0.053726184718770678,-0.053726184718770678,5.25,0,,,,,,,,,
0.5,0.8118505357236993,256,Z4C_RHS_TERM_DIAGNOSTIC,,A_nonlinear_xy,0.019368199631281478,0.019368199631281478,5,0.3125,,,,,,,,,
0.5,0.8118505357236993,256,Z4C_RHS_TERM_DIAGNOSTIC,,A_nonlinear_xz,0,-0,16,16,,,,,,,,,
0.5,0.8118505357236993,256,Z4C_RHS_TERM_DIAGNOSTIC,,A_nonlinear_yy,0.055334440829537757,-0.055334440829537757,5.3125,0,,,,,,,,,
0.5,0.8118505357236993,256,Z4C_RHS_TERM_DIAGNOSTIC,,A_nonlinear_yz,0,-0,16,16,,,,,,,,,
0.5,0.8118505357236993,256,Z4C_RHS_TERM_DIAGNOSTIC,,A_nonlinear_zz,1.690522816628508,-1.690522816628508,5.25,0,,,,,,,,,
0.5,0.8118505357236993,256,Z4C_RHS_TERM_DIAGNOSTIC,,A_lie_xx,0.026310251770789411,0.026310251770789411,4.1875,0,,,,,,,,,
0.5,0.8118505357236993,256,Z4C_RHS_TERM_DIAGNOSTIC,,A_lie_xy,0.020192514484096875,0.020192514484096875,5.125,0.4375,,,,,,,,,
0.5,0.8118505357236993,256,Z4C_RHS_TERM_DIAGNOSTIC,,A_lie_xz,0,0,16,16,,,,,,,,,
0.5,0.8118505357236993,256,Z4C_RHS_TERM_DIAGNOSTIC,,A_lie_yy,0.047744490968660465,0.047744490968660465,4.8125,0,,,,,,,,,
0.5,0.8118505357236993,256,Z4C_RHS_TERM_DIAGNOSTIC,,A_lie_yz,0,0,16,16,,,,,,,,,
0.5,0.8118505357236993,256,Z4C_RHS_TERM_DIAGNOSTIC,,A_lie_zz,0.51643576905503985,-0.51643576905503985,5,0,,,,,,,,,
0.5,0.8118505357236993,256,Z4C_RHS_TERM_DIAGNOSTIC,,Gamma_divergence_x,0.35309263431652155,-0.35309263431652155,5.0625,0,,,,,,,,,
0.5,0.8118505357236993,256,Z4C_RHS_TERM_DIAGNOSTIC,,Gamma_divergence_y,0.29312305744500444,0.29312305744500444,5.1875,-0.875,,,,,,,,,
0.5,0.8118505357236993,256,Z4C_RHS_TERM_DIAGNOSTIC,,Gamma_divergence_z,0,0,16,16,,,,,,,,,
0.5,0.8118505357236993,256,Z4C_RHS_TERM_DIAGNOSTIC,,Gamma_lie_x,1.3215908819458302,1.3215908819458302,4.0625,0,,,,,,,,,
0.5,0.8118505357236993,256,Z4C_RHS_TERM_DIAGNOSTIC,,Gamma_lie_y,1.1139629519374843,1.1139629519374843,5.125,-1.1875,,,,,,,,,
0.5,0.8118505357236993,256,Z4C_RHS_TERM_DIAGNOSTIC,,Gamma_lie_z,0,0,16,16,,,,,,,,,
0.5,0.8118505357236993,256,Z4C_RHS_TERM_DIAGNOSTIC,,Gamma_damping_x,0,-0,16,16,,,,,,,,,
0.5,0.8118505357236993,256,Z4C_RHS_TERM_DIAGNOSTIC,,Gamma_damping_y,0,-0,16,16,,,,,,,,,
0.5,0.8118505357236993,256,Z4C_RHS_TERM_DIAGNOSTIC,,Gamma_damping_z,0,-0,16,16,,,,,,,,,
0.5,0.8118505357236993,256,Z4C_RHS_TERM_DIAGNOSTIC,,Gamma_lapse_gradient_x,0.062146243824797748,0.062146243824797748,5.3125,0,,,,,,,,,
0.5,0.8118505357236993,256,Z4C_RHS_TERM_DIAGNOSTIC,,Gamma_lapse_gradient_y,0.037470053883966875,0.037470053883966875,5.5,0.625,,,,,,,,,
0.5,0.8118505357236993,256,Z4C_RHS_TERM_DIAGNOSTIC,,Gamma_lapse_gradient_z,0,0,16,16,,,,,,,,,
0.5,0.8118505357236993,256,Z4C_RHS_TERM_DIAGNOSTIC,,A_hessian_xx,0.069776314152055222,-0.069776314152055222,4.625,0,,,,,,,,,
0.5,0.8118505357236993,256,Z4C_RHS_TERM_DIAGNOSTIC,,A_hessian_xy,0.0364502937696203,0.0364502937696203,6.4375,1.25,,,,,,,,,
0.5,0.8118505357236993,256,Z4C_RHS_TERM_DIAGNOSTIC,,A_hessian_xz,0,-0,16,16,,,,,,,,,
0.5,0.8118505357236993,256,Z4C_RHS_TERM_DIAGNOSTIC,,A_hessian_yy,0.06226400734655662,-0.06226400734655662,4.25,0,,,,,,,,,
0.5,0.8118505357236993,256,Z4C_RHS_TERM_DIAGNOSTIC,,A_hessian_yz,0,-0,16,16,,,,,,,,,
0.5,0.8118505357236993,256,Z4C_RHS_TERM_DIAGNOSTIC,,A_hessian_zz,0.037323665543156012,0.037323665543156012,4.1875,0,,,,,,,,,
0.5,0.8118505357236993,256,Z4C_RHS_TERM_DIAGNOSTIC,,A_ricci_tensor_xx,0.15638853530415062,-0.15638853530415062,4.8125,0,,,,,,,,,
0.5,0.8118505357236993,256,Z4C_RHS_TERM_DIAGNOSTIC,,A_ricci_tensor_xy,0.12327904335579927,0.12327904335579927,4.625,0.625,,,,,,,,,
0.5,0.8118505357236993,256,Z4C_RHS_TERM_DIAGNOSTIC,,A_ricci_tensor_xz,0,0,16,16,,,,,,,,,
0.5,0.8118505357236993,256,Z4C_RHS_TERM_DIAGNOSTIC,,A_ricci_tensor_yy,0.1686253217122444,0.1686253217122444,4.1875,0,,,,,,,,,
0.5,0.8118505357236993,256,Z4C_RHS_TERM_DIAGNOSTIC,,A_ricci_tensor_yz,0,0,16,16,,,,,,,,,
0.5,0.8118505357236993,256,Z4C_RHS_TERM_DIAGNOSTIC,,A_ricci_tensor_zz,1.7280893413096516,1.7280893413096516,5.1875,0,,,,,,,,,
0.5,0.8118505357236993,256,Z4C_RHS_TERM_DIAGNOSTIC,,A_trace_lapse_xx,0.035582206579609227,0.035582206579609227,4.9375,0.6875,,,,,,,,,
0.5,0.8118505357236993,256,Z4C_RHS_TERM_DIAGNOSTIC,,A_trace_lapse_xy,0.0052740022915932511,-0.0052740022915932511,4.625,-0.625,,,,,,,,,
0.5,0.8118505357236993,256,Z4C_RHS_TERM_DIAGNOSTIC,,A_trace_lapse_xz,0,0,16,16,,,,,,,,,
0.5,0.8118505357236993,256,Z4C_RHS_TERM_DIAGNOSTIC,,A_trace_lapse_yy,0.042960471084081311,0.042960471084081311,4.5625,0,,,,,,,,,
0.5,0.8118505357236993,256,Z4C_RHS_TERM_DIAGNOSTIC,,A_trace_lapse_yz,0,0,16,16,,,,,,,,,
0.5,0.8118505357236993,256,Z4C_RHS_TERM_DIAGNOSTIC,,A_trace_lapse_zz,0.10535536815404827,0.10535536815404827,4.6875,0,,,,,,,,,
0.5,0.8118505357236993,256,Z4C_RHS_TERM_DIAGNOSTIC,,A_trace_ricci_xx,0.078737170660478473,-0.078737170660478473,5.3125,0,,,,,,,,,
0.5,0.8118505357236993,256,Z4C_RHS_TERM_DIAGNOSTIC,,A_trace_ricci_xy,0.0014378467300253869,0.0014378467300253869,5,-0.3125,,,,,,,,,
0.5,0.8118505357236993,256,Z4C_RHS_TERM_DIAGNOSTIC,,A_trace_ricci_xz,0,-0,16,16,,,,,,,,,
0.5,0.8118505357236993,256,Z4C_RHS_TERM_DIAGNOSTIC,,A_trace_ricci_yy,0.07649079746825603,-0.07649079746825603,5.25,0,,,,,,,,,
0.5,0.8118505357236993,256,Z4C_RHS_TERM_DIAGNOSTIC,,A_trace_ricci_yz,0,-0,16,16,,,,,,,,,
0.5,0.8118505357236993,256,Z4C_RHS_TERM_DIAGNOSTIC,,A_trace_ricci_zz,0.34324317165714485,-0.34324317165714485,5.25,0,,,,,,,,,
0.5,0.8118505357236993,256,Z4C_RHS_TERM_DIAGNOSTIC,,Gamma_advective_x,0.20289427687553188,-0.20289427687553188,4.125,0,,,,,,,,,
0.5,0.8118505357236993,256,Z4C_RHS_TERM_DIAGNOSTIC,,Gamma_advective_y,0.14042157341966638,0.14042157341966638,4.75,1.0625,,,,,,,,,
0.5,0.8118505357236993,256,Z4C_RHS_TERM_DIAGNOSTIC,,Gamma_advective_z,0,0,16,16,,,,,,,,,
0.5,0.8118505357236993,256,Z4C_RHS_TERM_DIAGNOSTIC,,Gamma_expansion_x,0.059522316589278763,-0.059522316589278763,6.0625,0,,,,,,,,,
0.5,0.8118505357236993,256,Z4C_RHS_TERM_DIAGNOSTIC,,Gamma_expansion_y,0.035105614259905278,0.035105614259905278,5.3125,-0.8125,,,,,,,,,
0.5,0.8118505357236993,256,Z4C_RHS_TERM_DIAGNOSTIC,,Gamma_expansion_z,0,-0,16,16,,,,,,,,,
0.5,0.8118505357236993,256,Z4C_RHS_TERM_DIAGNOSTIC,,Gamma_ddiv_x,0.37908646391583684,0.37908646391583684,4.0625,0,,,,,,,,,
0.5,0.8118505357236993,256,Z4C_RHS_TERM_DIAGNOSTIC,,Gamma_ddiv_y,0.31421039649217647,0.31421039649217647,5.1875,-1.1875,,,,,,,,,
0.5,0.8118505357236993,256,Z4C_RHS_TERM_DIAGNOSTIC,,Gamma_ddiv_z,0,0,16,16,,,,,,,,,
0.5,0.8118505357236993,256,Z4C_RHS_TERM_DIAGNOSTIC,,Gamma_contraction_x,0.071362445389949722,-0.071362445389949722,3.625,0,,,,,,,,,
0.5,0.8118505357236993,256,Z4C_RHS_TERM_DIAGNOSTIC,,Gamma_contraction_y,0.038804441265014117,0.038804441265014117,4.4375,1.4375,,,,,,,,,
0.5,0.8118505357236993,256,Z4C_RHS_TERM_DIAGNOSTIC,,Gamma_contraction_z,0,0,16,16,,,,,,,,,
0.5,0.8118505357236993,256,Z4C_RHS_TERM_DIAGNOSTIC,,Gamma_second_x,1.1529127073276129,1.1529127073276129,4.0625,0,,,,,,,,,
0.5,0.8118505357236993,256,Z4C_RHS_TERM_DIAGNOSTIC,,Gamma_second_y,0.93481940939063013,-0.93481940939063013,5.0625,1.1875,,,,,,,,,
0.5,0.8118505357236993,256,Z4C_RHS_TERM_DIAGNOSTIC,,Gamma_second_z,0,0,16,16,,,,,,,,,
0.5,0.8118505357236993,256,Z4C_AXIS_RHS_PAIR_DIAGNOSTIC,,,,,,16,0,0,0,0,0,0,0,0,0
0.5,0.8118505357236993,512,Z4C_RHS_STAGE_DIAGNOSTIC,z4c_chi,,,,,,,,,,,,,,
0.5,0.8118505357236993,512,Z4C_RHS_STAGE_DIAGNOSTIC,z4c_gxx,,,,,,,,,,,,,,
0.5,0.8118505357236993,512,Z4C_RHS_STAGE_DIAGNOSTIC,z4c_gxy,,,,,,,,,,,,,,
0.5,0.8118505357236993,512,Z4C_RHS_STAGE_DIAGNOSTIC,z4c_gxz,,,,,,,,,,,,,,
0.5,0.8118505357236993,512,Z4C_RHS_STAGE_DIAGNOSTIC,z4c_gyy,,,,,,,,,,,,,,
0.5,0.8118505357236993,512,Z4C_RHS_STAGE_DIAGNOSTIC,z4c_gyz,,,,,,,,,,,,,,
0.5,0.8118505357236993,512,Z4C_RHS_STAGE_DIAGNOSTIC,z4c_gzz,,,,,,,,,,,,,,
0.5,0.8118505357236993,512,Z4C_RHS_STAGE_DIAGNOSTIC,z4c_Khat,,,,,,,,,,,,,,
0.5,0.8118505357236993,512,Z4C_RHS_STAGE_DIAGNOSTIC,z4c_Axx,,,,,,,,,,,,,,
0.5,0.8118505357236993,512,Z4C_RHS_STAGE_DIAGNOSTIC,z4c_Axy,,,,,,,,,,,,,,
0.5,0.8118505357236993,512,Z4C_RHS_STAGE_DIAGNOSTIC,z4c_Axz,,,,,,,,,,,,,,
0.5,0.8118505357236993,512,Z4C_RHS_STAGE_DIAGNOSTIC,z4c_Ayy,,,,,,,,,,,,,,
0.5,0.8118505357236993,512,Z4C_RHS_STAGE_DIAGNOSTIC,z4c_Ayz,,,,,,,,,,,,,,
0.5,0.8118505357236993,512,Z4C_RHS_STAGE_DIAGNOSTIC,z4c_Azz,,,,,,,,,,,,,,
0.5,0.8118505357236993,512,Z4C_RHS_STAGE_DIAGNOSTIC,z4c_Gamx,,,,,,,,,,,,,,
0.5,0.8118505357236993,512,Z4C_RHS_STAGE_DIAGNOSTIC,z4c_Gamy,,,,,,,,,,,,,,
0.5,0.8118505357236993,512,Z4C_RHS_STAGE_DIAGNOSTIC,z4c_Gamz,,,,,,,,,,,,,,
0.5,0.8118505357236993,512,Z4C_RHS_STAGE_DIAGNOSTIC,z4c_Theta,,,,,,,,,,,,,,
0.5,0.8118505357236993,512,Z4C_RHS_STAGE_DIAGNOSTIC,z4c_alpha,,,,,,,,,,,,,,
0.5,0.8118505357236993,512,Z4C_RHS_STAGE_DIAGNOSTIC,z4c_betax,,,,,,,,,,,,,,
0.5,0.8118505357236993,512,Z4C_RHS_STAGE_DIAGNOSTIC,z4c_betay,,,,,,,,,,,,,,
0.5,0.8118505357236993,512,Z4C_RHS_STAGE_DIAGNOSTIC,z4c_betaz,,,,,,,,,,,,,,
0.5,0.8118505357236993,512,Z4C_RHS_STAGE_DIAGNOSTIC,z4c_Bx,,,,,,,,,,,,,,
0.5,0.8118505357236993,512,Z4C_RHS_STAGE_DIAGNOSTIC,z4c_By,,,,,,,,,,,,,,
0.5,0.8118505357236993,512,Z4C_RHS_STAGE_DIAGNOSTIC,z4c_Bz,,,,,,,,,,,,,,
0.5,0.8118505357236993,512,Z4C_AXIS_RHS_PHASE_DIAGNOSTIC,z4c_chi,,,,0,0,,,,,,,,,
0.5,0.8118505357236993,512,Z4C_AXIS_RHS_PHASE_DIAGNOSTIC,z4c_gxx,,,,0,0,,,,,,,,,
0.5,0.8118505357236993,512,Z4C_AXIS_RHS_PHASE_DIAGNOSTIC,z4c_gxy,,,,0,0,,,,,,,,,
0.5,0.8118505357236993,512,Z4C_AXIS_RHS_PHASE_DIAGNOSTIC,z4c_gxz,,,,0,0,,,,,,,,,
0.5,0.8118505357236993,512,Z4C_AXIS_RHS_PHASE_DIAGNOSTIC,z4c_gyy,,,,0,0,,,,,,,,,
0.5,0.8118505357236993,512,Z4C_AXIS_RHS_PHASE_DIAGNOSTIC,z4c_gyz,,,,0,0,,,,,,,,,
0.5,0.8118505357236993,512,Z4C_AXIS_RHS_PHASE_DIAGNOSTIC,z4c_gzz,,,,0,0,,,,,,,,,
0.5,0.8118505357236993,512,Z4C_AXIS_RHS_PHASE_DIAGNOSTIC,z4c_Khat,,,,0,0,,,,,,,,,
0.5,0.8118505357236993,512,Z4C_AXIS_RHS_PHASE_DIAGNOSTIC,z4c_Axx,,,,0,0,,,,,,,,,
0.5,0.8118505357236993,512,Z4C_AXIS_RHS_PHASE_DIAGNOSTIC,z4c_Axy,,,,0,0,,,,,,,,,
0.5,0.8118505357236993,512,Z4C_AXIS_RHS_PHASE_DIAGNOSTIC,z4c_Axz,,,,0,0,,,,,,,,,
0.5,0.8118505357236993,512,Z4C_AXIS_RHS_PHASE_DIAGNOSTIC,z4c_Ayy,,,,0,0,,,,,,,,,
0.5,0.8118505357236993,512,Z4C_AXIS_RHS_PHASE_DIAGNOSTIC,z4c_Ayz,,,,0,0,,,,,,,,,
0.5,0.8118505357236993,512,Z4C_AXIS_RHS_PHASE_DIAGNOSTIC,z4c_Azz,,,,0,0,,,,,,,,,
0.5,0.8118505357236993,512,Z4C_AXIS_RHS_PHASE_DIAGNOSTIC,z4c_Gamx,,,,0,0,,,,,,,,,
0.5,0.8118505357236993,512,Z4C_AXIS_RHS_PHASE_DIAGNOSTIC,z4c_Gamy,,,,0,0,,,,,,,,,
0.5,0.8118505357236993,512,Z4C_AXIS_RHS_PHASE_DIAGNOSTIC,z4c_Gamz,,,,0,0,,,,,,,,,
0.5,0.8118505357236993,512,Z4C_AXIS_RHS_PHASE_DIAGNOSTIC,z4c_Theta,,,,0,0,,,,,,,,,
0.5,0.8118505357236993,512,Z4C_AXIS_RHS_PHASE_DIAGNOSTIC,z4c_alpha,,,,0,0,,,,,,,,,
0.5,0.8118505357236993,512,Z4C_AXIS_RHS_PHASE_DIAGNOSTIC,z4c_betax,,,,0,0,,,,,,,,,
0.5,0.8118505357236993,512,Z4C_AXIS_RHS_PHASE_DIAGNOSTIC,z4c_betay,,,,0,0,,,,,,,,,
0.5,0.8118505357236993,512,Z4C_AXIS_RHS_PHASE_DIAGNOSTIC,z4c_betaz,,,,0,0,,,,,,,,,
0.5,0.8118505357236993,512,Z4C_AXIS_RHS_PHASE_DIAGNOSTIC,z4c_Bx,,,,0,0,,,,,,,,,
0.5,0.8118505357236993,512,Z4C_AXIS_RHS_PHASE_DIAGNOSTIC,z4c_By,,,,0,0,,,,,,,,,
0.5,0.8118505357236993,512,Z4C_AXIS_RHS_PHASE_DIAGNOSTIC,z4c_Bz,,,,0,0,,,,,,,,,
0.5,0.8118505357236993,512,Z4C_AXIS_TERM_POINT_DIAGNOSTIC,,A_geometric_xx,,-4.248930971089738e-06,0,0,,,,,,,,,
0.5,0.8118505357236993,512,Z4C_AXIS_TERM_POINT_DIAGNOSTIC,,A_geometric_xy,,2.4105438225213132e-14,0,0,,,,,,,,,
0.5,0.8118505357236993,512,Z4C_AXIS_TERM_POINT_DIAGNOSTIC,,A_geometric_xz,,0,0,0,,,,,,,,,
0.5,0.8118505357236993,512,Z4C_AXIS_TERM_POINT_DIAGNOSTIC,,A_geometric_yy,,-3.1929581655196066e-05,0,0,,,,,,,,,
0.5,0.8118505357236993,512,Z4C_AXIS_TERM_POINT_DIAGNOSTIC,,A_geometric_yz,,0,0,0,,,,,,,,,
0.5,0.8118505357236993,512,Z4C_AXIS_TERM_POINT_DIAGNOSTIC,,A_geometric_zz,,-4.248930971089738e-06,0,0,,,,,,,,,
0.5,0.8118505357236993,512,Z4C_AXIS_TERM_POINT_DIAGNOSTIC,,A_trace_xx,,1.3475780786890641e-05,0,0,,,,,,,,,
0.5,0.8118505357236993,512,Z4C_AXIS_TERM_POINT_DIAGNOSTIC,,A_trace_xy,,0,0,0,,,,,,,,,
0.5,0.8118505357236993,512,Z4C_AXIS_TERM_POINT_DIAGNOSTIC,,A_trace_xz,,0,0,0,,,,,,,,,
0.5,0.8118505357236993,512,Z4C_AXIS_TERM_POINT_DIAGNOSTIC,,A_trace_yy,,1.3475823513662519e-05,0,0,,,,,,,,,
0.5,0.8118505357236993,512,Z4C_AXIS_TERM_POINT_DIAGNOSTIC,,A_trace_yz,,0,0,0,,,,,,,,,
0.5,0.8118505357236993,512,Z4C_AXIS_TERM_POINT_DIAGNOSTIC,,A_trace_zz,,1.3475780786890641e-05,0,0,,,,,,,,,
0.5,0.8118505357236993,512,Z4C_AXIS_TERM_POINT_DIAGNOSTIC,,A_nonlinear_xx,,-2.5664944060022609e-11,0,0,,,,,,,,,
0.5,0.8118505357236993,512,Z4C_AXIS_TERM_POINT_DIAGNOSTIC,,A_nonlinear_xy,,-0,0,0,,,,,,,,,
0.5,0.8118505357236993,512,Z4C_AXIS_TERM_POINT_DIAGNOSTIC,,A_nonlinear_xz,,-0,0,0,,,,,,,,,
0.5,0.8118505357236993,512,Z4C_AXIS_TERM_POINT_DIAGNOSTIC,,A_nonlinear_yy,,2.9318270646606599e-12,0,0,,,,,,,,,
0.5,0.8118505357236993,512,Z4C_AXIS_TERM_POINT_DIAGNOSTIC,,A_nonlinear_yz,,-0,0,0,,,,,,,,,
0.5,0.8118505357236993,512,Z4C_AXIS_TERM_POINT_DIAGNOSTIC,,A_nonlinear_zz,,-2.5664944060022609e-11,0,0,,,,,,,,,
0.5,0.8118505357236993,512,Z4C_AXIS_TERM_POINT_DIAGNOSTIC,,A_lie_xx,,-4.7204737782655755e-12,0,0,,,,,,,,,
0.5,0.8118505357236993,512,Z4C_AXIS_TERM_POINT_DIAGNOSTIC,,A_lie_xy,,-6.6327074166564832e-37,0,0,,,,,,,,,
0.5,0.8118505357236993,512,Z4C_AXIS_TERM_POINT_DIAGNOSTIC,,A_lie_xz,,0,0,0,,,,,,,,,
0.5,0.8118505357236993,512,Z4C_AXIS_TERM_POINT_DIAGNOSTIC,,A_lie_yy,,-1.8881954980645422e-11,0,0,,,,,,,,,
0.5,0.8118505357236993,512,Z4C_AXIS_TERM_POINT_DIAGNOSTIC,,A_lie_yz,,0,0,0,,,,,,,,,
0.5,0.8118505357236993,512,Z4C_AXIS_TERM_POINT_DIAGNOSTIC,,A_lie_zz,,-4.7204737782655755e-12,0,0,,,,,,,,,
0.5,0.8118505357236993,512,Z4C_AXIS_TERM_POINT_DIAGNOSTIC,,Gamma_divergence_x,,-3.7438058666094723e-21,0,0,,,,,,,,,
0.5,0.8118505357236993,512,Z4C_AXIS_TERM_POINT_DIAGNOSTIC,,Gamma_divergence_y,,3.3653509834337394e-12,0,0,,,,,,,,,
0.5,0.8118505357236993,512,Z4C_AXIS_TERM_POINT_DIAGNOSTIC,,Gamma_divergence_z,,0,0,0,,,,,,,,,
0.5,0.8118505357236993,512,Z4C_AXIS_TERM_POINT_DIAGNOSTIC,,Gamma_lie_x,,-1.7883139136856289e-21,0,0,,,,,,,,,
0.5,0.8118505357236993,512,Z4C_AXIS_TERM_POINT_DIAGNOSTIC,,Gamma_lie_y,,-5.3097671525227856e-12,0,0,,,,,,,,,
0.5,0.8118505357236993,512,Z4C_AXIS_TERM_POINT_DIAGNOSTIC,,Gamma_lie_z,,0,0,0,,,,,,,,,
0.5,0.8118505357236993,512,Z4C_AXIS_TERM_POINT_DIAGNOSTIC,,Gamma_damping_x,,-0,0,0,,,,,,,,,
0.5,0.8118505357236993,512,Z4C_AXIS_TERM_POINT_DIAGNOSTIC,,Gamma_damping_y,,0,0,0,,,,,,,,,
0.5,0.8118505357236993,512,Z4C_AXIS_TERM_POINT_DIAGNOSTIC,,Gamma_damping_z,,-0,0,0,,,,,,,,,
0.5,0.8118505357236993,512,Z4C_AXIS_TERM_POINT_DIAGNOSTIC,,Gamma_lapse_gradient_x,,4.1994326602989652e-21,0,0,,,,,,,,,
0.5,0.8118505357236993,512,Z4C_AXIS_TERM_POINT_DIAGNOSTIC,,Gamma_lapse_gradient_y,,-8.9027401134249957e-19,0,0,,,,,,,,,
0.5,0.8118505357236993,512,Z4C_AXIS_TERM_POINT_DIAGNOSTIC,,Gamma_lapse_gradient_z,,0,0,0,,,,,,,,,
0.5,0.8118505357236993,512,Z4C_AXIS_TERM_POINT_DIAGNOSTIC,,A_hessian_xx,,0.0021067556198173308,0,0,,,,,,,,,
0.5,0.8118505357236993,512,Z4C_AXIS_TERM_POINT_DIAGNOSTIC,,A_hessian_xy,,1.6623292816293357e-14,0,0,,,,,,,,,
0.5,0.8118505357236993,512,Z4C_AXIS_TERM_POINT_DIAGNOSTIC,,A_hessian_xz,,-0,0,0,,,,,,,,,
0.5,0.8118505357236993,512,Z4C_AXIS_TERM_POINT_DIAGNOSTIC,,A_hessian_yy,,-0.0042539514961651903,0,0,,,,,,,,,
0.5,0.8118505357236993,512,Z4C_AXIS_TERM_POINT_DIAGNOSTIC,,A_hessian_yz,,-0,0,0,,,,,,,,,
0.5,0.8118505357236993,512,Z4C_AXIS_TERM_POINT_DIAGNOSTIC,,A_hessian_zz,,0.0021067556198173308,0,0,,,,,,,,,
0.5,0.8118505357236993,512,Z4C_AXIS_TERM_POINT_DIAGNOSTIC,,A_ricci_tensor_xx,,-0.0021110045507884206,0,0,,,,,,,,,
0.5,0.8118505357236993,512,Z4C_AXIS_TERM_POINT_DIAGNOSTIC,,A_ricci_tensor_xy,,7.4821454089197768e-15,0,0,,,,,,,,,
0.5,0.8118505357236993,512,Z4C_AXIS_TERM_POINT_DIAGNOSTIC,,A_ricci_tensor_xz,,0,0,0,,,,,,,,,
0.5,0.8118505357236993,512,Z4C_AXIS_TERM_POINT_DIAGNOSTIC,,A_ricci_tensor_yy,,0.0042220219145099941,0,0,,,,,,,,,
0.5,0.8118505357236993,512,Z4C_AXIS_TERM_POINT_DIAGNOSTIC,,A_ricci_tensor_yz,,0,0,0,,,,,,,,,
0.5,0.8118505357236993,512,Z4C_AXIS_TERM_POINT_DIAGNOSTIC,,A_ricci_tensor_zz,,-0.0021110045507884206,0,0,,,,,,,,,
0.5,0.8118505357236993,512,Z4C_AXIS_TERM_POINT_DIAGNOSTIC,,A_trace_lapse_xx,,1.3475589616351473e-05,0,0,,,,,,,,,
0.5,0.8118505357236993,512,Z4C_AXIS_TERM_POINT_DIAGNOSTIC,,A_trace_lapse_xy,,0,0,0,,,,,,,,,
0.5,0.8118505357236993,512,Z4C_AXIS_TERM_POINT_DIAGNOSTIC,,A_trace_lapse_xz,,0,0,0,,,,,,,,,
0.5,0.8118505357236993,512,Z4C_AXIS_TERM_POINT_DIAGNOSTIC,,A_trace_lapse_yy,,1.3475632342517221e-05,0,0,,,,,,,,,
0.5,0.8118505357236993,512,Z4C_AXIS_TERM_POINT_DIAGNOSTIC,,A_trace_lapse_yz,,0,0,0,,,,,,,,,
0.5,0.8118505357236993,512,Z4C_AXIS_TERM_POINT_DIAGNOSTIC,,A_trace_lapse_zz,,1.3475589616351473e-05,0,0,,,,,,,,,
0.5,0.8118505357236993,512,Z4C_AXIS_TERM_POINT_DIAGNOSTIC,,A_trace_ricci_xx,,1.9117053916767068e-10,0,0,,,,,,,,,
0.5,0.8118505357236993,512,Z4C_AXIS_TERM_POINT_DIAGNOSTIC,,A_trace_ricci_xy,,0,0,0,,,,,,,,,
0.5,0.8118505357236993,512,Z4C_AXIS_TERM_POINT_DIAGNOSTIC,,A_trace_ricci_xz,,0,0,0,,,,,,,,,
0.5,0.8118505357236993,512,Z4C_AXIS_TERM_POINT_DIAGNOSTIC,,A_trace_ricci_yy,,1.911711452995265e-10,0,0,,,,,,,,,
0.5,0.8118505357236993,512,Z4C_AXIS_TERM_POINT_DIAGNOSTIC,,A_trace_ricci_yz,,0,0,0,,,,,,,,,
0.5,0.8118505357236993,512,Z4C_AXIS_TERM_POINT_DIAGNOSTIC,,A_trace_ricci_zz,,1.9117053916767068e-10,0,0,,,,,,,,,
0.5,0.8118505357236993,512,Z4C_AXIS_TERM_POINT_DIAGNOSTIC,,Gamma_advective_x,,0,0,0,,,,,,,,,
0.5,0.8118505357236993,512,Z4C_AXIS_TERM_POINT_DIAGNOSTIC,,Gamma_advective_y,,-4.5701088272496134e-21,0,0,,,,,,,,,
0.5,0.8118505357236993,512,Z4C_AXIS_TERM_POINT_DIAGNOSTIC,,Gamma_advective_z,,0,0,0,,,,,,,,,
0.5,0.8118505357236993,512,Z4C_AXIS_TERM_POINT_DIAGNOSTIC,,Gamma_expansion_x,,-2.3554346337086577e-21,0,0,,,,,,,,,
0.5,0.8118505357236993,512,Z4C_AXIS_TERM_POINT_DIAGNOSTIC,,Gamma_expansion_y,,2.9820231362266436e-18,0,0,,,,,,,,,
0.5,0.8118505357236993,512,Z4C_AXIS_TERM_POINT_DIAGNOSTIC,,Gamma_expansion_z,,0,0,0,,,,,,,,,
0.5,0.8118505357236993,512,Z4C_AXIS_TERM_POINT_DIAGNOSTIC,,Gamma_ddiv_x,,-1.6119273653602717e-23,0,0,,,,,,,,,
0.5,0.8118505357236993,512,Z4C_AXIS_TERM_POINT_DIAGNOSTIC,,Gamma_ddiv_y,,-1.2468768047789772e-12,0,0,,,,,,,,,
0.5,0.8118505357236993,512,Z4C_AXIS_TERM_POINT_DIAGNOSTIC,,Gamma_ddiv_z,,0,0,0,,,,,,,,,
0.5,0.8118505357236993,512,Z4C_AXIS_TERM_POINT_DIAGNOSTIC,,Gamma_contraction_x,,6.3159781463743968e-22,0,0,,,,,,,,,
0.5,0.8118505357236993,512,Z4C_AXIS_TERM_POINT_DIAGNOSTIC,,Gamma_contraction_y,,-2.8738060362333611e-18,0,0,,,,,,,,,
0.5,0.8118505357236993,512,Z4C_AXIS_TERM_POINT_DIAGNOSTIC,,Gamma_contraction_z,,0,0,0,,,,,,,,,
0.5,0.8118505357236993,512,Z4C_AXIS_TERM_POINT_DIAGNOSTIC,,Gamma_second_x,,-4.835782096080815e-23,0,0,,,,,,,,,
0.5,0.8118505357236993,512,Z4C_AXIS_TERM_POINT_DIAGNOSTIC,,Gamma_second_y,,-4.0628904513907997e-12,0,0,,,,,,,,,
0.5,0.8118505357236993,512,Z4C_AXIS_TERM_POINT_DIAGNOSTIC,,Gamma_second_z,,0,0,0,,,,,,,,,
0.5,0.8118505357236993,512,Z4C_RHS_TERM_DIAGNOSTIC,,A_geometric_xx,0.21751523148731081,-0.21751523148731081,4.6875,0,,,,,,,,,
0.5,0.8118505357236993,512,Z4C_RHS_TERM_DIAGNOSTIC,,A_geometric_xy,0.12546371606036263,-0.12546371606036263,4.75,-0.5625,,,,,,,,,
0.5,0.8118505357236993,512,Z4C_RHS_TERM_DIAGNOSTIC,,A_geometric_xz,0,0,16,16,,,,,,,,,
0.5,0.8118505357236993,512,Z4C_RHS_TERM_DIAGNOSTIC,,A_geometric_yy,0.19102033773335894,-0.19102033773335894,5.28125,0.59375,,,,,,,,,
0.5,0.8118505357236993,512,Z4C_RHS_TERM_DIAGNOSTIC,,A_geometric_yz,0,0,16,16,,,,,,,,,
0.5,0.8118505357236993,512,Z4C_RHS_TERM_DIAGNOSTIC,,A_geometric_zz,1.7145959204798333,1.7145959204798333,5.1875,0,,,,,,,,,
0.5,0.8118505357236993,512,Z4C_RHS_TERM_DIAGNOSTIC,,A_trace_xx,0.071849023336896453,-0.071849023336896453,5.28125,0,,,,,,,,,
0.5,0.8118505357236993,512,Z4C_RHS_TERM_DIAGNOSTIC,,A_trace_xy,0.004838048701928996,-0.004838048701928996,4.625,-0.625,,,,,,,,,
0.5,0.8118505357236993,512,Z4C_RHS_TERM_DIAGNOSTIC,,A_trace_xz,0,-0,16,16,,,,,,,,,
0.5,0.8118505357236993,512,Z4C_RHS_TERM_DIAGNOSTIC,,A_trace_yy,0.069787444488518938,-0.069787444488518938,5.28125,0,,,,,,,,,
0.5,0.8118505357236993,512,Z4C_RHS_TERM_DIAGNOSTIC,,A_trace_yz,0,-0,16,16,,,,,,,,,
0.5,0.8118505357236993,512,Z4C_RHS_TERM_DIAGNOSTIC,,A_trace_zz,0.31187306856778008,-0.31187306856778008,5.28125,0,,,,,,,,,
0.5,0.8118505357236993,512,Z4C_RHS_TERM_DIAGNOSTIC,,A_nonlinear_xx,0.053743731637588631,-0.053743731637588631,5.25,0,,,,,,,,,
0.5,0.8118505357236993,512,Z4C_RHS_TERM_DIAGNOSTIC,,A_nonlinear_xy,0.019745709604417412,-0.019745709604417412,5.03125,-0.28125,,,,,,,,,
0.5,0.8118505357236993,512,Z4C_RHS_TERM_DIAGNOSTIC,,A_nonlinear_xz,0,-0,16,16,,,,,,,,,
0.5,0.8118505357236993,512,Z4C_RHS_TERM_DIAGNOSTIC,,A_nonlinear_yy,0.055798398921475999,-0.055798398921475999,5.28125,0,,,,,,,,,
0.5,0.8118505357236993,512,Z4C_RHS_TERM_DIAGNOSTIC,,A_nonlinear_yz,0,-0,16,16,,,,,,,,,
0.5,0.8118505357236993,512,Z4C_RHS_TERM_DIAGNOSTIC,,A_nonlinear_zz,1.6920417405247956,-1.6920417405247956,5.28125,0,,,,,,,,,
0.5,0.8118505357236993,512,Z4C_RHS_TERM_DIAGNOSTIC,,A_lie_xx,0.026303408132060592,0.026303408132060592,4.1875,0,,,,,,,,,
0.5,0.8118505357236993,512,Z4C_RHS_TERM_DIAGNOSTIC,,A_lie_xy,0.020195947278703694,-0.020195947278703694,5.125,-0.4375,,,,,,,,,
0.5,0.8118505357236993,512,Z4C_RHS_TERM_DIAGNOSTIC,,A_lie_xz,0,0,16,16,,,,,,,,,
0.5,0.8118505357236993,512,Z4C_RHS_TERM_DIAGNOSTIC,,A_lie_yy,0.047760677474803219,0.047760677474803219,4.8125,0,,,,,,,,,
0.5,0.8118505357236993,512,Z4C_RHS_TERM_DIAGNOSTIC,,A_lie_yz,0,0,16,16,,,,,,,,,
0.5,0.8118505357236993,512,Z4C_RHS_TERM_DIAGNOSTIC,,A_lie_zz,0.51942995528687685,-0.51942995528687685,4.96875,0,,,,,,,,,
0.5,0.8118505357236993,512,Z4C_RHS_TERM_DIAGNOSTIC,,Gamma_divergence_x,0.3533905246195857,-0.3533905246195857,5.0625,0,,,,,,,,,
0.5,0.8118505357236993,512,Z4C_RHS_TERM_DIAGNOSTIC,,Gamma_divergence_y,0.29762831566551462,0.29762831566551462,5.28125,0.21875,,,,,,,,,
0.5,0.8118505357236993,512,Z4C_RHS_TERM_DIAGNOSTIC,,Gamma_divergence_z,0,0,16,16,,,,,,,,,
0.5,0.8118505357236993,512,Z4C_RHS_TERM_DIAGNOSTIC,,Gamma_lie_x,1.322921130549239,1.322921130549239,4.0625,0,,,,,,,,,
0.5,0.8118505357236993,512,Z4C_RHS_TERM_DIAGNOSTIC,,Gamma_lie_y,1.115120097892095,1.115120097892095,5.09375,-1.1875,,,,,,,,,
0.5,0.8118505357236993,512,Z4C_RHS_TERM_DIAGNOSTIC,,Gamma_lie_z,0,0,16,16,,,,,,,,,
0.5,0.8118505357236993,512,Z4C_RHS_TERM_DIAGNOSTIC,,Gamma_damping_x,0,-0,16,16,,,,,,,,,
0.5,0.8118505357236993,512,Z4C_RHS_TERM_DIAGNOSTIC,,Gamma_damping_y,0,-0,16,16,,,,,,,,,
0.5,0.8118505357236993,512,Z4C_RHS_TERM_DIAGNOSTIC,,Gamma_damping_z,0,-0,16,16,,,,,,,,,
0.5,0.8118505357236993,512,Z4C_RHS_TERM_DIAGNOSTIC,,Gamma_lapse_gradient_x,0.062150031591330993,0.062150031591330993,5.34375,0,,,,,,,,,
0.5,0.8118505357236993,512,Z4C_RHS_TERM_DIAGNOSTIC,,Gamma_lapse_gradient_y,0.037462219105322075,-0.037462219105322075,5.5,-0.625,,,,,,,,,
0.5,0.8118505357236993,512,Z4C_RHS_TERM_DIAGNOSTIC,,Gamma_lapse_gradient_z,0,0,16,16,,,,,,,,,
0.5,0.8118505357236993,512,Z4C_RHS_TERM_DIAGNOSTIC,,A_hessian_xx,0.070064945775407242,-0.070064945775407242,4.59375,0,,,,,,,,,
0.5,0.8118505357236993,512,Z4C_RHS_TERM_DIAGNOSTIC,,A_hessian_xy,0.036467796916014004,0.036467796916014004,6.46875,1.21875,,,,,,,,,
0.5,0.8118505357236993,512,Z4C_RHS_TERM_DIAGNOSTIC,,A_hessian_xz,0,-0,16,16,,,,,,,,,
0.5,0.8118505357236993,512,Z4C_RHS_TERM_DIAGNOSTIC,,A_hessian_yy,0.062263594054154957,-0.062263594054154957,4.25,0,,,,,,,,,
0.5,0.8118505357236993,512,Z4C_RHS_TERM_DIAGNOSTIC,,A_hessian_yz,0,-0,16,16,,,,,,,,,
0.5,0.8118505357236993,512,Z4C_RHS_TERM_DIAGNOSTIC,,A_hessian_zz,0.037417108860487255,0.037417108860487255,4.21875,0,,,,,,,,,
0.5,0.8118505357236993,512,Z4C_RHS_TERM_DIAGNOSTIC,,A_ricci_tensor_xx,0.15652807480359224,-0.15652807480359224,4.78125,0,,,,,,,,,
0.5,0.8118505357236993,512,Z4C_RHS_TERM_DIAGNOSTIC,,A_ricci_tensor_xy,0.12355525977806296,0.12355525977806296,4.65625,0.65625,,,,,,,,,
0.5,0.8118505357236993,512,Z4C_RHS_TERM_DIAGNOSTIC,,A_ricci_tensor_xz,0,0,16,16,,,,,,,,,
0.5,0.8118505357236993,512,Z4C_RHS_TERM_DIAGNOSTIC,,A_ricci_tensor_yy,0.16863144273262876,0.16863144273262876,4.1875,0,,,,,,,,,
0.5,0.8118505357236993,512,Z4C_RHS_TERM_DIAGNOSTIC,,A_ricci_tensor_yz,0,0,16,16,,,,,,,,,
0.5,0.8118505357236993,512,Z4C_RHS_TERM_DIAGNOSTIC,,A_ricci_tensor_zz,1.7275522599141981,1.7275522599141981,5.1875,0,,,,,,,,,
0.5,0.8118505357236993,512,Z4C_RHS_TERM_DIAGNOSTIC,,A_trace_lapse_xx,0.035617311771072024,0.035617311771072024,4.90625,0.65625,,,,,,,,,
0.5,0.8118505357236993,512,Z4C_RHS_TERM_DIAGNOSTIC,,A_trace_lapse_xy,0.0052938637584375621,-0.0052938637584375621,4.625,-0.59375,,,,,,,,,
0.5,0.8118505357236993,512,Z4C_RHS_TERM_DIAGNOSTIC,,A_trace_lapse_xz,0,0,16,16,,,,,,,,,
0.5,0.8118505357236993,512,Z4C_RHS_TERM_DIAGNOSTIC,,A_trace_lapse_yy,0.043147091200884426,0.043147091200884426,4.53125,0,,,,,,,,,
0.5,0.8118505357236993,512,Z4C_RHS_TERM_DIAGNOSTIC,,A_trace_lapse_yz,0,0,16,16,,,,,,,,,
0.5,0.8118505357236993,512,Z4C_RHS_TERM_DIAGNOSTIC,,A_trace_lapse_zz,0.10542234763629003,0.10542234763629003,4.65625,0,,,,,,,,,
0.5,0.8118505357236993,512,Z4C_RHS_TERM_DIAGNOSTIC,,A_trace_ricci_xx,0.07930402874447337,-0.07930402874447337,5.28125,0,,,,,,,,,
0.5,0.8118505357236993,512,Z4C_RHS_TERM_DIAGNOSTIC,,A_trace_ricci_xy,0.0014370487831617559,0.0014370487831617559,5,-0.3125,,,,,,,,,
0.5,0.8118505357236993,512,Z4C_RHS_TERM_DIAGNOSTIC,,A_trace_ricci_xz,0,-0,16,16,,,,,,,,,
0.5,0.8118505357236993,512,Z4C_RHS_TERM_DIAGNOSTIC,,A_trace_ricci_yy,0.077028541888039342,-0.077028541888039342,5.28125,0,,,,,,,,,
0.5,0.8118505357236993,512,Z4C_RHS_TERM_DIAGNOSTIC,,A_trace_ricci_yz,0,-0,16,16,,,,,,,,,
0.5,0.8118505357236993,512,Z4C_RHS_TERM_DIAGNOSTIC,,A_trace_ricci_zz,0.34423280436750731,-0.34423280436750731,5.28125,0,,,,,,,,,
0.5,0.8118505357236993,512,Z4C_RHS_TERM_DIAGNOSTIC,,Gamma_advective_x,0.20499038593678864,-0.20499038593678864,4.09375,0,,,,,,,,,
0.5,0.8118505357236993,512,Z4C_RHS_TERM_DIAGNOSTIC,,Gamma_advective_y,0.14042152571170818,-0.14042152571170818,4.75,-1.0625,,,,,,,,,
0.5,0.8118505357236993,512,Z4C_RHS_TERM_DIAGNOSTIC,,Gamma_advective_z,0,0,16,16,,,,,,,,,
0.5,0.8118505357236993,512,Z4C_RHS_TERM_DIAGNOSTIC,,Gamma_expansion_x,0.05974954592799387,-0.05974954592799387,6.09375,0,,,,,,,,,
0.5,0.8118505357236993,512,Z4C_RHS_TERM_DIAGNOSTIC,,Gamma_expansion_y,0.035102577157685014,-0.035102577157685014,5.3125,0.8125,,,,,,,,,
0.5,0.8118505357236993,512,Z4C_RHS_TERM_DIAGNOSTIC,,Gamma_expansion_z,0,-0,16,16,,,,,,,,,
0.5,0.8118505357236993,512,Z4C_RHS_TERM_DIAGNOSTIC,,Gamma_ddiv_x,0.3794639472154942,0.3794639472154942,4.0625,0,,,,,,,,,
0.5,0.8118505357236993,512,Z4C_RHS_TERM_DIAGNOSTIC,,Gamma_ddiv_y,0.31603610051187808,0.31603610051187808,5.21875,-1.21875,,,,,,,,,
0.5,0.8118505357236993,512,Z4C_RHS_TERM_DIAGNOSTIC,,Gamma_ddiv_z,0,0,16,16,,,,,,,,,
0.5,0.8118505357236993,512,Z4C_RHS_TERM_DIAGNOSTIC,,Gamma_contraction_x,0.071512532154730468,-0.071512532154730468,3.59375,0,,,,,,,,,
0.5,0.8118505357236993,512,Z4C_RHS_TERM_DIAGNOSTIC,,Gamma_contraction_y,0.038848972519500077,0.038848972519500077,4.46875,1.46875,,,,,,,,,
0.5,0.8118505357236993,512,Z4C_RHS_TERM_DIAGNOSTIC,,Gamma_contraction_z,0,0,16,16,,,,,,,,,
0.5,0.8118505357236993,512,Z4C_RHS_TERM_DIAGNOSTIC,,Gamma_second_x,1.1540200694425544,1.1540200694425544,4.0625,0,,,,,,,,,
0.5,0.8118505357236993,512,Z4C_RHS_TERM_DIAGNOSTIC,,Gamma_second_y,0.93561783678311861,0.93561783678311861,5.0625,-1.1875,,,,,,,,,
0.5,0.8118505357236993,512,Z4C_RHS_TERM_DIAGNOSTIC,,Gamma_second_z,0,0,16,16,,,,,,,,,
0.5,0.8118505357236993,512,Z4C_AXIS_RHS_PAIR_DIAGNOSTIC,,,,,,16,0,0,0,0,0,0,0,0,0
0.75,1.2177724040009463,128,Z4C_RHS_STAGE_DIAGNOSTIC,z4c_chi,,,,,,,,,,,,,,
0.75,1.2177724040009463,128,Z4C_RHS_STAGE_DIAGNOSTIC,z4c_gxx,,,,,,,,,,,,,,
0.75,1.2177724040009463,128,Z4C_RHS_STAGE_DIAGNOSTIC,z4c_gxy,,,,,,,,,,,,,,
0.75,1.2177724040009463,128,Z4C_RHS_STAGE_DIAGNOSTIC,z4c_gxz,,,,,,,,,,,,,,
0.75,1.2177724040009463,128,Z4C_RHS_STAGE_DIAGNOSTIC,z4c_gyy,,,,,,,,,,,,,,
0.75,1.2177724040009463,128,Z4C_RHS_STAGE_DIAGNOSTIC,z4c_gyz,,,,,,,,,,,,,,
0.75,1.2177724040009463,128,Z4C_RHS_STAGE_DIAGNOSTIC,z4c_gzz,,,,,,,,,,,,,,
0.75,1.2177724040009463,128,Z4C_RHS_STAGE_DIAGNOSTIC,z4c_Khat,,,,,,,,,,,,,,
0.75,1.2177724040009463,128,Z4C_RHS_STAGE_DIAGNOSTIC,z4c_Axx,,,,,,,,,,,,,,
0.75,1.2177724040009463,128,Z4C_RHS_STAGE_DIAGNOSTIC,z4c_Axy,,,,,,,,,,,,,,
0.75,1.2177724040009463,128,Z4C_RHS_STAGE_DIAGNOSTIC,z4c_Axz,,,,,,,,,,,,,,
0.75,1.2177724040009463,128,Z4C_RHS_STAGE_DIAGNOSTIC,z4c_Ayy,,,,,,,,,,,,,,
0.75,1.2177724040009463,128,Z4C_RHS_STAGE_DIAGNOSTIC,z4c_Ayz,,,,,,,,,,,,,,
0.75,1.2177724040009463,128,Z4C_RHS_STAGE_DIAGNOSTIC,z4c_Azz,,,,,,,,,,,,,,
0.75,1.2177724040009463,128,Z4C_RHS_STAGE_DIAGNOSTIC,z4c_Gamx,,,,,,,,,,,,,,
0.75,1.2177724040009463,128,Z4C_RHS_STAGE_DIAGNOSTIC,z4c_Gamy,,,,,,,,,,,,,,
0.75,1.2177724040009463,128,Z4C_RHS_STAGE_DIAGNOSTIC,z4c_Gamz,,,,,,,,,,,,,,
0.75,1.2177724040009463,128,Z4C_RHS_STAGE_DIAGNOSTIC,z4c_Theta,,,,,,,,,,,,,,
0.75,1.2177724040009463,128,Z4C_RHS_STAGE_DIAGNOSTIC,z4c_alpha,,,,,,,,,,,,,,
0.75,1.2177724040009463,128,Z4C_RHS_STAGE_DIAGNOSTIC,z4c_betax,,,,,,,,,,,,,,
0.75,1.2177724040009463,128,Z4C_RHS_STAGE_DIAGNOSTIC,z4c_betay,,,,,,,,,,,,,,
0.75,1.2177724040009463,128,Z4C_RHS_STAGE_DIAGNOSTIC,z4c_betaz,,,,,,,,,,,,,,
0.75,1.2177724040009463,128,Z4C_RHS_STAGE_DIAGNOSTIC,z4c_Bx,,,,,,,,,,,,,,
0.75,1.2177724040009463,128,Z4C_RHS_STAGE_DIAGNOSTIC,z4c_By,,,,,,,,,,,,,,
0.75,1.2177724040009463,128,Z4C_RHS_STAGE_DIAGNOSTIC,z4c_Bz,,,,,,,,,,,,,,
0.75,1.2177724040009463,128,Z4C_AXIS_RHS_PHASE_DIAGNOSTIC,z4c_chi,,,,0,0,,,,,,,,,
0.75,1.2177724040009463,128,Z4C_AXIS_RHS_PHASE_DIAGNOSTIC,z4c_gxx,,,,0,0,,,,,,,,,
0.75,1.2177724040009463,128,Z4C_AXIS_RHS_PHASE_DIAGNOSTIC,z4c_gxy,,,,0,0,,,,,,,,,
0.75,1.2177724040009463,128,Z4C_AXIS_RHS_PHASE_DIAGNOSTIC,z4c_gxz,,,,0,0,,,,,,,,,
0.75,1.2177724040009463,128,Z4C_AXIS_RHS_PHASE_DIAGNOSTIC,z4c_gyy,,,,0,0,,,,,,,,,
0.75,1.2177724040009463,128,Z4C_AXIS_RHS_PHASE_DIAGNOSTIC,z4c_gyz,,,,0,0,,,,,,,,,
0.75,1.2177724040009463,128,Z4C_AXIS_RHS_PHASE_DIAGNOSTIC,z4c_gzz,,,,0,0,,,,,,,,,
0.75,1.2177724040009463,128,Z4C_AXIS_RHS_PHASE_DIAGNOSTIC,z4c_Khat,,,,0,0,,,,,,,,,
0.75,1.2177724040009463,128,Z4C_AXIS_RHS_PHASE_DIAGNOSTIC,z4c_Axx,,,,0,0,,,,,,,,,
0.75,1.2177724040009463,128,Z4C_AXIS_RHS_PHASE_DIAGNOSTIC,z4c_Axy,,,,0,0,,,,,,,,,
0.75,1.2177724040009463,128,Z4C_AXIS_RHS_PHASE_DIAGNOSTIC,z4c_Axz,,,,0,0,,,,,,,,,
0.75,1.2177724040009463,128,Z4C_AXIS_RHS_PHASE_DIAGNOSTIC,z4c_Ayy,,,,0,0,,,,,,,,,
0.75,1.2177724040009463,128,Z4C_AXIS_RHS_PHASE_DIAGNOSTIC,z4c_Ayz,,,,0,0,,,,,,,,,
0.75,1.2177724040009463,128,Z4C_AXIS_RHS_PHASE_DIAGNOSTIC,z4c_Azz,,,,0,0,,,,,,,,,
0.75,1.2177724040009463,128,Z4C_AXIS_RHS_PHASE_DIAGNOSTIC,z4c_Gamx,,,,0,0,,,,,,,,,
0.75,1.2177724040009463,128,Z4C_AXIS_RHS_PHASE_DIAGNOSTIC,z4c_Gamy,,,,0,0,,,,,,,,,
0.75,1.2177724040009463,128,Z4C_AXIS_RHS_PHASE_DIAGNOSTIC,z4c_Gamz,,,,0,0,,,,,,,,,
0.75,1.2177724040009463,128,Z4C_AXIS_RHS_PHASE_DIAGNOSTIC,z4c_Theta,,,,0,0,,,,,,,,,
0.75,1.2177724040009463,128,Z4C_AXIS_RHS_PHASE_DIAGNOSTIC,z4c_alpha,,,,0,0,,,,,,,,,
0.75,1.2177724040009463,128,Z4C_AXIS_RHS_PHASE_DIAGNOSTIC,z4c_betax,,,,0,0,,,,,,,,,
0.75,1.2177724040009463,128,Z4C_AXIS_RHS_PHASE_DIAGNOSTIC,z4c_betay,,,,0,0,,,,,,,,,
0.75,1.2177724040009463,128,Z4C_AXIS_RHS_PHASE_DIAGNOSTIC,z4c_betaz,,,,0,0,,,,,,,,,
0.75,1.2177724040009463,128,Z4C_AXIS_RHS_PHASE_DIAGNOSTIC,z4c_Bx,,,,0,0,,,,,,,,,
0.75,1.2177724040009463,128,Z4C_AXIS_RHS_PHASE_DIAGNOSTIC,z4c_By,,,,0,0,,,,,,,,,
0.75,1.2177724040009463,128,Z4C_AXIS_RHS_PHASE_DIAGNOSTIC,z4c_Bz,,,,0,0,,,,,,,,,
0.75,1.2177724040009463,128,Z4C_AXIS_TERM_POINT_DIAGNOSTIC,,A_geometric_xx,,-9.6448119494639924e-06,0,0,,,,,,,,,
0.75,1.2177724040009463,128,Z4C_AXIS_TERM_POINT_DIAGNOSTIC,,A_geometric_xy,,1.34096926305183e-15,0,0,,,,,,,,,
0.75,1.2177724040009463,128,Z4C_AXIS_TERM_POINT_DIAGNOSTIC,,A_geometric_xz,,0,0,0,,,,,,,,,
0.75,1.2177724040009463,128,Z4C_AXIS_TERM_POINT_DIAGNOSTIC,,A_geometric_yy,,-6.8826426510392279e-05,0,0,,,,,,,,,
0.75,1.2177724040009463,128,Z4C_AXIS_TERM_POINT_DIAGNOSTIC,,A_geometric_yz,,0,0,0,,,,,,,,,
0.75,1.2177724040009463,128,Z4C_AXIS_TERM_POINT_DIAGNOSTIC,,A_geometric_zz,,-9.6448119494639924e-06,0,0,,,,,,,,,
0.75,1.2177724040009463,128,Z4C_AXIS_TERM_POINT_DIAGNOSTIC,,A_trace_xx,,2.9371674316611609e-05,0,0,,,,,,,,,
0.75,1.2177724040009463,128,Z4C_AXIS_TERM_POINT_DIAGNOSTIC,,A_trace_xy,,0,0,0,,,,,,,,,
0.75,1.2177724040009463,128,Z4C_AXIS_TERM_POINT_DIAGNOSTIC,,A_trace_xz,,0,0,0,,,,,,,,,
0.75,1.2177724040009463,128,Z4C_AXIS_TERM_POINT_DIAGNOSTIC,,A_trace_yy,,2.93721127914448e-05,0,0,,,,,,,,,
0.75,1.2177724040009463,128,Z4C_AXIS_TERM_POINT_DIAGNOSTIC,,A_trace_yz,,0,0,0,,,,,,,,,
0.75,1.2177724040009463,128,Z4C_AXIS_TERM_POINT_DIAGNOSTIC,,A_trace_zz,,2.9371674316611609e-05,0,0,,,,,,,,,
0.75,1.2177724040009463,128,Z4C_AXIS_TERM_POINT_DIAGNOSTIC,,A_nonlinear_xx,,-2.7310456222477848e-10,0,0,,,,,,,,,
0.75,1.2177724040009463,128,Z4C_AXIS_TERM_POINT_DIAGNOSTIC,,A_nonlinear_xy,,-0,0,0,,,,,,,,,
0.75,1.2177724040009463,128,Z4C_AXIS_TERM_POINT_DIAGNOSTIC,,A_nonlinear_xz,,-0,0,0,,,,,,,,,
0.75,1.2177724040009463,128,Z4C_AXIS_TERM_POINT_DIAGNOSTIC,,A_nonlinear_yy,,3.4780429964784955e-11,0,0,,,,,,,,,
0.75,1.2177724040009463,128,Z4C_AXIS_TERM_POINT_DIAGNOSTIC,,A_nonlinear_yz,,-0,0,0,,,,,,,,,
0.75,1.2177724040009463,128,Z4C_AXIS_TERM_POINT_DIAGNOSTIC,,A_nonlinear_zz,,-2.7310456222477848e-10,0,0,,,,,,,,,
0.75,1.2177724040009463,128,Z4C_AXIS_TERM_POINT_DIAGNOSTIC,,A_lie_xx,,-4.54923909753609e-11,0,0,,,,,,,,,
0.75,1.2177724040009463,128,Z4C_AXIS_TERM_POINT_DIAGNOSTIC,,A_lie_xy,,6.1410104256638971e-37,0,0,,,,,,,,,
0.75,1.2177724040009463,128,Z4C_AXIS_TERM_POINT_DIAGNOSTIC,,A_lie_xz,,0,0,0,,,,,,,,,
0.75,1.2177724040009463,128,Z4C_AXIS_TERM_POINT_DIAGNOSTIC,,A_lie_yy,,-1.8197228043279717e-10,0,0,,,,,,,,,
0.75,1.2177724040009463,128,Z4C_AXIS_TERM_POINT_DIAGNOSTIC,,A_lie_yz,,0,0,0,,,,,,,,,
0.75,1.2177724040009463,128,Z4C_AXIS_TERM_POINT_DIAGNOSTIC,,A_lie_zz,,-4.54923909753609e-11,0,0,,,,,,,,,
0.75,1.2177724040009463,128,Z4C_AXIS_TERM_POINT_DIAGNOSTIC,,Gamma_divergence_x,,-1.0534654161923166e-20,0,0,,,,,,,,,
0.75,1.2177724040009463,128,Z4C_AXIS_TERM_POINT_DIAGNOSTIC,,Gamma_divergence_y,,3.4471532862774464e-14,0,0,,,,,,,,,
0.75,1.2177724040009463,128,Z4C_AXIS_TERM_POINT_DIAGNOSTIC,,Gamma_divergence_z,,0,0,0,,,,,,,,,
0.75,1.2177724040009463,128,Z4C_AXIS_TERM_POINT_DIAGNOSTIC,,Gamma_lie_x,,1.2190726820325013e-21,0,0,,,,,,,,,
0.75,1.2177724040009463,128,Z4C_AXIS_TERM_POINT_DIAGNOSTIC,,Gamma_lie_y,,-8.6037698818645973e-14,0,0,,,,,,,,,
0.75,1.2177724040009463,128,Z4C_AXIS_TERM_POINT_DIAGNOSTIC,,Gamma_lie_z,,0,0,0,,,,,,,,,
0.75,1.2177724040009463,128,Z4C_AXIS_TERM_POINT_DIAGNOSTIC,,Gamma_damping_x,,0,0,0,,,,,,,,,
0.75,1.2177724040009463,128,Z4C_AXIS_TERM_POINT_DIAGNOSTIC,,Gamma_damping_y,,0,0,0,,,,,,,,,
0.75,1.2177724040009463,128,Z4C_AXIS_TERM_POINT_DIAGNOSTIC,,Gamma_damping_z,,-0,0,0,,,,,,,,,
0.75,1.2177724040009463,128,Z4C_AXIS_TERM_POINT_DIAGNOSTIC,,Gamma_lapse_gradient_x,,6.4185330306952037e-22,0,0,,,,,,,,,
0.75,1.2177724040009463,128,Z4C_AXIS_TERM_POINT_DIAGNOSTIC,,Gamma_lapse_gradient_y,,3.0114934558734494e-20,0,0,,,,,,,,,
0.75,1.2177724040009463,128,Z4C_AXIS_TERM_POINT_DIAGNOSTIC,,Gamma_lapse_gradient_z,,0,0,0,,,,,,,,,
0.75,1.2177724040009463,128,Z4C_AXIS_TERM_POINT_DIAGNOSTIC,,A_hessian_xx,,0.0020979033574399747,0,0,,,,,,,,,
0.75,1.2177724040009463,128,Z4C_AXIS_TERM_POINT_DIAGNOSTIC,,A_hessian_xy,,1.0016154455422359e-15,0,0,,,,,,,,,
0.75,1.2177724040009463,128,Z4C_AXIS_TERM_POINT_DIAGNOSTIC,,A_hessian_xz,,-0,0,0,,,,,,,,,
0.75,1.2177724040009463,128,Z4C_AXIS_TERM_POINT_DIAGNOSTIC,,A_hessian_yy,,-0.0042840298890328941,0,0,,,,,,,,,
0.75,1.2177724040009463,128,Z4C_AXIS_TERM_POINT_DIAGNOSTIC,,A_hessian_yz,,-0,0,0,,,,,,,,,
0.75,1.2177724040009463,128,Z4C_AXIS_TERM_POINT_DIAGNOSTIC,,A_hessian_zz,,0.0020979033574399747,0,0,,,,,,,,,
0.75,1.2177724040009463,128,Z4C_AXIS_TERM_POINT_DIAGNOSTIC,,A_ricci_tensor_xx,,-0.0021075481693894386,0,0,,,,,,,,,
0.75,1.2177724040009463,128,Z4C_AXIS_TERM_POINT_DIAGNOSTIC,,A_ricci_tensor_xy,,3.3935381750959411e-16,0,0,,,,,,,,,
0.75,1.2177724040009463,128,Z4C_AXIS_TERM_POINT_DIAGNOSTIC,,A_ricci_tensor_xz,,0,0,0,,,,,,,,,
0.75,1.2177724040009463,128,Z4C_AXIS_TERM_POINT_DIAGNOSTIC,,A_ricci_tensor_yy,,0.0042152034625225019,0,0,,,,,,,,,
0.75,1.2177724040009463,128,Z4C_AXIS_TERM_POINT_DIAGNOSTIC,,A_ricci_tensor_yz,,0,0,0,,,,,,,,,
0.75,1.2177724040009463,128,Z4C_AXIS_TERM_POINT_DIAGNOSTIC,,A_ricci_tensor_zz,,-0.0021075481693894386,0,0,,,,,,,,,
0.75,1.2177724040009463,128,Z4C_AXIS_TERM_POINT_DIAGNOSTIC,,A_trace_lapse_xx,,2.9386406999213485e-05,0,0,,,,,,,,,
0.75,1.2177724040009463,128,Z4C_AXIS_TERM_POINT_DIAGNOSTIC,,A_trace_lapse_xy,,0,0,0,,,,,,,,,
0.75,1.2177724040009463,128,Z4C_AXIS_TERM_POINT_DIAGNOSTIC,,A_trace_lapse_xz,,0,0,0,,,,,,,,,
0.75,1.2177724040009463,128,Z4C_AXIS_TERM_POINT_DIAGNOSTIC,,A_trace_lapse_yy,,2.9386845693983426e-05,0,0,,,,,,,,,
0.75,1.2177724040009463,128,Z4C_AXIS_TERM_POINT_DIAGNOSTIC,,A_trace_lapse_yz,,0,0,0,,,,,,,,,
0.75,1.2177724040009463,128,Z4C_AXIS_TERM_POINT_DIAGNOSTIC,,A_trace_lapse_zz,,2.9386406999213485e-05,0,0,,,,,,,,,
0.75,1.2177724040009463,128,Z4C_AXIS_TERM_POINT_DIAGNOSTIC,,A_trace_ricci_xx,,-1.4732682601876822e-08,0,0,,,,,,,,,
0.75,1.2177724040009463,128,Z4C_AXIS_TERM_POINT_DIAGNOSTIC,,A_trace_ricci_xy,,-0,0,0,,,,,,,,,
0.75,1.2177724040009463,128,Z4C_AXIS_TERM_POINT_DIAGNOSTIC,,A_trace_ricci_xz,,-0,0,0,,,,,,,,,
0.75,1.2177724040009463,128,Z4C_AXIS_TERM_POINT_DIAGNOSTIC,,A_trace_ricci_yy,,-1.473290253862529e-08,0,0,,,,,,,,,
0.75,1.2177724040009463,128,Z4C_AXIS_TERM_POINT_DIAGNOSTIC,,A_trace_ricci_yz,,-0,0,0,,,,,,,,,
0.75,1.2177724040009463,128,Z4C_AXIS_TERM_POINT_DIAGNOSTIC,,A_trace_ricci_zz,,-1.4732682601876822e-08,0,0,,,,,,,,,
0.75,1.2177724040009463,128,Z4C_AXIS_TERM_POINT_DIAGNOSTIC,,Gamma_advective_x,,0,0,0,,,,,,,,,
0.75,1.2177724040009463,128,Z4C_AXIS_TERM_POINT_DIAGNOSTIC,,Gamma_advective_y,,9.9541589198441496e-21,0,0,,,,,,,,,
0.75,1.2177724040009463,128,Z4C_AXIS_TERM_POINT_DIAGNOSTIC,,Gamma_advective_z,,0,0,0,,,,,,,,,
0.75,1.2177724040009463,128,Z4C_AXIS_TERM_POINT_DIAGNOSTIC,,Gamma_expansion_x,,1.9935113839565154e-22,0,0,,,,,,,,,
0.75,1.2177724040009463,128,Z4C_AXIS_TERM_POINT_DIAGNOSTIC,,Gamma_expansion_y,,9.8040814438526887e-20,0,0,,,,,,,,,
0.75,1.2177724040009463,128,Z4C_AXIS_TERM_POINT_DIAGNOSTIC,,Gamma_expansion_z,,0,0,0,,,,,,,,,
0.75,1.2177724040009463,128,Z4C_AXIS_TERM_POINT_DIAGNOSTIC,,Gamma_ddiv_x,,5.8483820667133554e-22,0,0,,,,,,,,,
0.75,1.2177724040009463,128,Z4C_AXIS_TERM_POINT_DIAGNOSTIC,,Gamma_ddiv_y,,-1.9152743542042431e-14,0,0,,,,,,,,,
0.75,1.2177724040009463,128,Z4C_AXIS_TERM_POINT_DIAGNOSTIC,,Gamma_ddiv_z,,0,0,0,,,,,,,,,
0.75,1.2177724040009463,128,Z4C_AXIS_TERM_POINT_DIAGNOSTIC,,Gamma_contraction_x,,-4.9075539735809389e-23,0,0,,,,,,,,,
0.75,1.2177724040009463,128,Z4C_AXIS_TERM_POINT_DIAGNOSTIC,,Gamma_contraction_y,,-9.8790557909085166e-20,0,0,,,,,,,,,
0.75,1.2177724040009463,128,Z4C_AXIS_TERM_POINT_DIAGNOSTIC,,Gamma_contraction_z,,0,0,0,,,,,,,,,
0.75,1.2177724040009463,128,Z4C_AXIS_TERM_POINT_DIAGNOSTIC,,Gamma_second_x,,4.8395887670132353e-22,0,0,,,,,,,,,
0.75,1.2177724040009463,128,Z4C_AXIS_TERM_POINT_DIAGNOSTIC,,Gamma_second_y,,-6.6884964481018997e-14,0,0,,,,,,,,,
0.75,1.2177724040009463,128,Z4C_AXIS_TERM_POINT_DIAGNOSTIC,,Gamma_second_z,,0,0,0,,,,,,,,,
0.75,1.2177724040009463,128,Z4C_RHS_TERM_DIAGNOSTIC,,A_geometric_xx,0.19534627496562512,0.19534627496562512,5.25,0,,,,,,,,,
0.75,1.2177724040009463,128,Z4C_RHS_TERM_DIAGNOSTIC,,A_geometric_xy,0.11153885713713599,-0.11153885713713599,4.625,-0.75,,,,,,,,,
0.75,1.2177724040009463,128,Z4C_RHS_TERM_DIAGNOSTIC,,A_geometric_xz,0,0,16,16,,,,,,,,,
0.75,1.2177724040009463,128,Z4C_RHS_TERM_DIAGNOSTIC,,A_geometric_yy,0.18808340483858507,0.18808340483858507,5.375,0,,,,,,,,,
0.75,1.2177724040009463,128,Z4C_RHS_TERM_DIAGNOSTIC,,A_geometric_yz,0,0,16,16,,,,,,,,,
0.75,1.2177724040009463,128,Z4C_RHS_TERM_DIAGNOSTIC,,A_geometric_zz,0.62645886887670765,0.62645886887670765,4.875,0,,,,,,,,,
0.75,1.2177724040009463,128,Z4C_RHS_TERM_DIAGNOSTIC,,A_trace_xx,0.14600736388853369,-0.14600736388853369,5.25,0,,,,,,,,,
0.75,1.2177724040009463,128,Z4C_RHS_TERM_DIAGNOSTIC,,A_trace_xy,0.0040125712326753611,0.0040125712326753611,4.375,0.875,,,,,,,,,
0.75,1.2177724040009463,128,Z4C_RHS_TERM_DIAGNOSTIC,,A_trace_xz,0,-0,16,16,,,,,,,,,
0.75,1.2177724040009463,128,Z4C_RHS_TERM_DIAGNOSTIC,,A_trace_yy,0.14227101830491087,-0.14227101830491087,5.25,0,,,,,,,,,
0.75,1.2177724040009463,128,Z4C_RHS_TERM_DIAGNOSTIC,,A_trace_yz,0,-0,16,16,,,,,,,,,
0.75,1.2177724040009463,128,Z4C_RHS_TERM_DIAGNOSTIC,,A_trace_zz,0.3703711263025769,-0.3703711263025769,5.25,0,,,,,,,,,
0.75,1.2177724040009463,128,Z4C_RHS_TERM_DIAGNOSTIC,,A_nonlinear_xx,0.12157113366113448,-0.12157113366113448,5.25,0,,,,,,,,,
0.75,1.2177724040009463,128,Z4C_RHS_TERM_DIAGNOSTIC,,A_nonlinear_xy,0.040357151710496239,-0.040357151710496239,5,-0.25,,,,,,,,,
0.75,1.2177724040009463,128,Z4C_RHS_TERM_DIAGNOSTIC,,A_nonlinear_xz,0,-0,16,16,,,,,,,,,
0.75,1.2177724040009463,128,Z4C_RHS_TERM_DIAGNOSTIC,,A_nonlinear_yy,0.12220618906195899,-0.12220618906195899,5.25,0,,,,,,,,,
0.75,1.2177724040009463,128,Z4C_RHS_TERM_DIAGNOSTIC,,A_nonlinear_yz,0,-0,16,16,,,,,,,,,
0.75,1.2177724040009463,128,Z4C_RHS_TERM_DIAGNOSTIC,,A_nonlinear_zz,1.3691481539796198,-1.3691481539796198,5.25,0,,,,,,,,,
0.75,1.2177724040009463,128,Z4C_RHS_TERM_DIAGNOSTIC,,A_lie_xx,0.020194457886345833,-0.020194457886345833,6.125,0,,,,,,,,,
0.75,1.2177724040009463,128,Z4C_RHS_TERM_DIAGNOSTIC,,A_lie_xy,0.016365983495795315,0.016365983495795315,5.375,0.5,,,,,,,,,
0.75,1.2177724040009463,128,Z4C_RHS_TERM_DIAGNOSTIC,,A_lie_xz,0,0,16,16,,,,,,,,,
0.75,1.2177724040009463,128,Z4C_RHS_TERM_DIAGNOSTIC,,A_lie_yy,0.031573411144820498,0.031573411144820498,4.875,-0.125,,,,,,,,,
0.75,1.2177724040009463,128,Z4C_RHS_TERM_DIAGNOSTIC,,A_lie_yz,0,0,16,16,,,,,,,,,
0.75,1.2177724040009463,128,Z4C_RHS_TERM_DIAGNOSTIC,,A_lie_zz,0.11782782742978802,-0.11782782742978802,4.875,0,,,,,,,,,
0.75,1.2177724040009463,128,Z4C_RHS_TERM_DIAGNOSTIC,,Gamma_divergence_x,0.48750057324336676,-0.48750057324336676,5,0,,,,,,,,,
0.75,1.2177724040009463,128,Z4C_RHS_TERM_DIAGNOSTIC,,Gamma_divergence_y,0.43259847735469598,0.43259847735469598,5.25,0.25,,,,,,,,,
0.75,1.2177724040009463,128,Z4C_RHS_TERM_DIAGNOSTIC,,Gamma_divergence_z,0,0,16,16,,,,,,,,,
0.75,1.2177724040009463,128,Z4C_RHS_TERM_DIAGNOSTIC,,Gamma_lie_x,0.86539407573654903,0.86539407573654903,3.625,-0.125,,,,,,,,,
0.75,1.2177724040009463,128,Z4C_RHS_TERM_DIAGNOSTIC,,Gamma_lie_y,0.71778881113857274,-0.71778881113857274,4.75,1.625,,,,,,,,,
0.75,1.2177724040009463,128,Z4C_RHS_TERM_DIAGNOSTIC,,Gamma_lie_z,0,0,16,16,,,,,,,,,
0.75,1.2177724040009463,128,Z4C_RHS_TERM_DIAGNOSTIC,,Gamma_damping_x,0,-0,16,16,,,,,,,,,
0.75,1.2177724040009463,128,Z4C_RHS_TERM_DIAGNOSTIC,,Gamma_damping_y,0,-0,16,16,,,,,,,,,
0.75,1.2177724040009463,128,Z4C_RHS_TERM_DIAGNOSTIC,,Gamma_damping_z,0,-0,16,16,,,,,,,,,
0.75,1.2177724040009463,128,Z4C_RHS_TERM_DIAGNOSTIC,,Gamma_lapse_gradient_x,0.076168637184861804,0.076168637184861804,4.875,0,,,,,,,,,
0.75,1.2177724040009463,128,Z4C_RHS_TERM_DIAGNOSTIC,,Gamma_lapse_gradient_y,0.037861344618644495,0.037861344618644495,5,-0.5,,,,,,,,,
0.75,1.2177724040009463,128,Z4C_RHS_TERM_DIAGNOSTIC,,Gamma_lapse_gradient_z,0,0,16,16,,,,,,,,,
0.75,1.2177724040009463,128,Z4C_RHS_TERM_DIAGNOSTIC,,A_hessian_xx,0.07633897228593936,-0.07633897228593936,4.25,0,,,,,,,,,
0.75,1.2177724040009463,128,Z4C_RHS_TERM_DIAGNOSTIC,,A_hessian_xy,0.033286356599233291,0.033286356599233291,4.625,0.625,,,,,,,,,
0.75,1.2177724040009463,128,Z4C_RHS_TERM_DIAGNOSTIC,,A_hessian_xz,0,-0,16,16,,,,,,,,,
0.75,1.2177724040009463,128,Z4C_RHS_TERM_DIAGNOSTIC,,A_hessian_yy,0.067391700078101219,-0.067391700078101219,5.375,-1.125,,,,,,,,,
0.75,1.2177724040009463,128,Z4C_RHS_TERM_DIAGNOSTIC,,A_hessian_yz,0,-0,16,16,,,,,,,,,
0.75,1.2177724040009463,128,Z4C_RHS_TERM_DIAGNOSTIC,,A_hessian_zz,0.028521451669838337,-0.028521451669838337,4.625,0,,,,,,,,,
0.75,1.2177724040009463,128,Z4C_RHS_TERM_DIAGNOSTIC,,A_ricci_tensor_xx,0.16900632472937605,0.16900632472937605,5.25,0,,,,,,,,,
0.75,1.2177724040009463,128,Z4C_RHS_TERM_DIAGNOSTIC,,A_ricci_tensor_xy,0.082271756358485382,-0.082271756358485382,4.5,-0.75,,,,,,,,,
0.75,1.2177724040009463,128,Z4C_RHS_TERM_DIAGNOSTIC,,A_ricci_tensor_xz,0,0,16,16,,,,,,,,,
0.75,1.2177724040009463,128,Z4C_RHS_TERM_DIAGNOSTIC,,A_ricci_tensor_yy,0.16624644882627301,0.16624644882627301,5.375,0,,,,,,,,,
0.75,1.2177724040009463,128,Z4C_RHS_TERM_DIAGNOSTIC,,A_ricci_tensor_yz,0,0,16,16,,,,,,,,,
0.75,1.2177724040009463,128,Z4C_RHS_TERM_DIAGNOSTIC,,A_ricci_tensor_zz,0.64546564357529856,0.64546564357529856,4.875,0,,,,,,,,,
0.75,1.2177724040009463,128,Z4C_RHS_TERM_DIAGNOSTIC,,A_trace_lapse_xx,0.032017018790281196,0.032017018790281196,5,-1.125,,,,,,,,,
0.75,1.2177724040009463,128,Z4C_RHS_TERM_DIAGNOSTIC,,A_trace_lapse_xy,0.0045327500455570064,0.0045327500455570064,4.375,0.75,,,,,,,,,
0.75,1.2177724040009463,128,Z4C_RHS_TERM_DIAGNOSTIC,,A_trace_lapse_xz,0,0,16,16,,,,,,,,,
0.75,1.2177724040009463,128,Z4C_RHS_TERM_DIAGNOSTIC,,A_trace_lapse_yy,0.038497175434587111,0.038497175434587111,4.25,0,,,,,,,,,
0.75,1.2177724040009463,128,Z4C_RHS_TERM_DIAGNOSTIC,,A_trace_lapse_yz,0,0,16,16,,,,,,,,,
0.75,1.2177724040009463,128,Z4C_RHS_TERM_DIAGNOSTIC,,A_trace_lapse_zz,0.057386856250820295,0.057386856250820295,4.25,0,,,,,,,,,
0.75,1.2177724040009463,128,Z4C_RHS_TERM_DIAGNOSTIC,,A_trace_ricci_xx,0.13065701629998885,-0.13065701629998885,5.25,0,,,,,,,,,
0.75,1.2177724040009463,128,Z4C_RHS_TERM_DIAGNOSTIC,,A_trace_ricci_xy,0.00095550661177481772,0.00095550661177481772,4.875,-0.375,,,,,,,,,
0.75,1.2177724040009463,128,Z4C_RHS_TERM_DIAGNOSTIC,,A_trace_ricci_xz,0,-0,16,16,,,,,,,,,
0.75,1.2177724040009463,128,Z4C_RHS_TERM_DIAGNOSTIC,,A_trace_ricci_yy,0.12731348791333508,-0.12731348791333508,5.25,0,,,,,,,,,
0.75,1.2177724040009463,128,Z4C_RHS_TERM_DIAGNOSTIC,,A_trace_ricci_yz,0,-0,16,16,,,,,,,,,
0.75,1.2177724040009463,128,Z4C_RHS_TERM_DIAGNOSTIC,,A_trace_ricci_zz,0.33143250448179151,-0.33143250448179151,5.25,0,,,,,,,,,
0.75,1.2177724040009463,128,Z4C_RHS_TERM_DIAGNOSTIC,,Gamma_advective_x,0.095060761404420963,-0.095060761404420963,3.625,0,,,,,,,,,
0.75,1.2177724040009463,128,Z4C_RHS_TERM_DIAGNOSTIC,,Gamma_advective_y,0.062191438229991111,-0.062191438229991111,4.5,-1.5,,,,,,,,,
0.75,1.2177724040009463,128,Z4C_RHS_TERM_DIAGNOSTIC,,Gamma_advective_z,0,0,16,16,,,,,,,,,
0.75,1.2177724040009463,128,Z4C_RHS_TERM_DIAGNOSTIC,,Gamma_expansion_x,0.024770207366716264,-0.024770207366716264,6.625,0,,,,,,,,,
0.75,1.2177724040009463,128,Z4C_RHS_TERM_DIAGNOSTIC,,Gamma_expansion_y,0.014408119665997528,-0.014408119665997528,5.25,1.375,,,,,,,,,
0.75,1.2177724040009463,128,Z4C_RHS_TERM_DIAGNOSTIC,,Gamma_expansion_z,0,-0,16,16,,,,,,,,,
0.75,1.2177724040009463,128,Z4C_RHS_TERM_DIAGNOSTIC,,Gamma_ddiv_x,0.2350505693540462,0.2350505693540462,3.625,-0.25,,,,,,,,,
0.75,1.2177724040009463,128,Z4C_RHS_TERM_DIAGNOSTIC,,Gamma_ddiv_y,0.18951888127625363,0.18951888127625363,5.25,-1.75,,,,,,,,,
0.75,1.2177724040009463,128,Z4C_RHS_TERM_DIAGNOSTIC,,Gamma_ddiv_z,0,0,16,16,,,,,,,,,
0.75,1.2177724040009463,128,Z4C_RHS_TERM_DIAGNOSTIC,,Gamma_contraction_x,0.032834904614341964,-0.032834904614341964,3.125,0,,,,,,,,,
0.75,1.2177724040009463,128,Z4C_RHS_TERM_DIAGNOSTIC,,Gamma_contraction_y,0.017606464569824717,0.017606464569824717,5.625,1.25,,,,,,,,,
0.75,1.2177724040009463,128,Z4C_RHS_TERM_DIAGNOSTIC,,Gamma_contraction_z,0,0,16,16,,,,,,,,,
0.75,1.2177724040009463,128,Z4C_RHS_TERM_DIAGNOSTIC,,Gamma_second_x,0.72567596323302075,0.72567596323302075,3.625,-0.125,,,,,,,,,
0.75,1.2177724040009463,128,Z4C_RHS_TERM_DIAGNOSTIC,,Gamma_second_y,0.58870233611459022,-0.58870233611459022,4.75,1.625,,,,,,,,,
0.75,1.2177724040009463,128,Z4C_RHS_TERM_DIAGNOSTIC,,Gamma_second_z,0,0,16,16,,,,,,,,,
0.75,1.2177724040009463,128,Z4C_AXIS_RHS_PAIR_DIAGNOSTIC,,,,,,16,0,0,0,0,0,0,0,0,0
0.75,1.2177724040009463,256,Z4C_RHS_STAGE_DIAGNOSTIC,z4c_chi,,,,,,,,,,,,,,
0.75,1.2177724040009463,256,Z4C_RHS_STAGE_DIAGNOSTIC,z4c_gxx,,,,,,,,,,,,,,
0.75,1.2177724040009463,256,Z4C_RHS_STAGE_DIAGNOSTIC,z4c_gxy,,,,,,,,,,,,,,
0.75,1.2177724040009463,256,Z4C_RHS_STAGE_DIAGNOSTIC,z4c_gxz,,,,,,,,,,,,,,
0.75,1.2177724040009463,256,Z4C_RHS_STAGE_DIAGNOSTIC,z4c_gyy,,,,,,,,,,,,,,
0.75,1.2177724040009463,256,Z4C_RHS_STAGE_DIAGNOSTIC,z4c_gyz,,,,,,,,,,,,,,
0.75,1.2177724040009463,256,Z4C_RHS_STAGE_DIAGNOSTIC,z4c_gzz,,,,,,,,,,,,,,
0.75,1.2177724040009463,256,Z4C_RHS_STAGE_DIAGNOSTIC,z4c_Khat,,,,,,,,,,,,,,
0.75,1.2177724040009463,256,Z4C_RHS_STAGE_DIAGNOSTIC,z4c_Axx,,,,,,,,,,,,,,
0.75,1.2177724040009463,256,Z4C_RHS_STAGE_DIAGNOSTIC,z4c_Axy,,,,,,,,,,,,,,
0.75,1.2177724040009463,256,Z4C_RHS_STAGE_DIAGNOSTIC,z4c_Axz,,,,,,,,,,,,,,
0.75,1.2177724040009463,256,Z4C_RHS_STAGE_DIAGNOSTIC,z4c_Ayy,,,,,,,,,,,,,,
0.75,1.2177724040009463,256,Z4C_RHS_STAGE_DIAGNOSTIC,z4c_Ayz,,,,,,,,,,,,,,
0.75,1.2177724040009463,256,Z4C_RHS_STAGE_DIAGNOSTIC,z4c_Azz,,,,,,,,,,,,,,
0.75,1.2177724040009463,256,Z4C_RHS_STAGE_DIAGNOSTIC,z4c_Gamx,,,,,,,,,,,,,,
0.75,1.2177724040009463,256,Z4C_RHS_STAGE_DIAGNOSTIC,z4c_Gamy,,,,,,,,,,,,,,
0.75,1.2177724040009463,256,Z4C_RHS_STAGE_DIAGNOSTIC,z4c_Gamz,,,,,,,,,,,,,,
0.75,1.2177724040009463,256,Z4C_RHS_STAGE_DIAGNOSTIC,z4c_Theta,,,,,,,,,,,,,,
0.75,1.2177724040009463,256,Z4C_RHS_STAGE_DIAGNOSTIC,z4c_alpha,,,,,,,,,,,,,,
0.75,1.2177724040009463,256,Z4C_RHS_STAGE_DIAGNOSTIC,z4c_betax,,,,,,,,,,,,,,
0.75,1.2177724040009463,256,Z4C_RHS_STAGE_DIAGNOSTIC,z4c_betay,,,,,,,,,,,,,,
0.75,1.2177724040009463,256,Z4C_RHS_STAGE_DIAGNOSTIC,z4c_betaz,,,,,,,,,,,,,,
0.75,1.2177724040009463,256,Z4C_RHS_STAGE_DIAGNOSTIC,z4c_Bx,,,,,,,,,,,,,,
0.75,1.2177724040009463,256,Z4C_RHS_STAGE_DIAGNOSTIC,z4c_By,,,,,,,,,,,,,,
0.75,1.2177724040009463,256,Z4C_RHS_STAGE_DIAGNOSTIC,z4c_Bz,,,,,,,,,,,,,,
0.75,1.2177724040009463,256,Z4C_AXIS_RHS_PHASE_DIAGNOSTIC,z4c_chi,,,,0,0,,,,,,,,,
0.75,1.2177724040009463,256,Z4C_AXIS_RHS_PHASE_DIAGNOSTIC,z4c_gxx,,,,0,0,,,,,,,,,
0.75,1.2177724040009463,256,Z4C_AXIS_RHS_PHASE_DIAGNOSTIC,z4c_gxy,,,,0,0,,,,,,,,,
0.75,1.2177724040009463,256,Z4C_AXIS_RHS_PHASE_DIAGNOSTIC,z4c_gxz,,,,0,0,,,,,,,,,
0.75,1.2177724040009463,256,Z4C_AXIS_RHS_PHASE_DIAGNOSTIC,z4c_gyy,,,,0,0,,,,,,,,,
0.75,1.2177724040009463,256,Z4C_AXIS_RHS_PHASE_DIAGNOSTIC,z4c_gyz,,,,0,0,,,,,,,,,
0.75,1.2177724040009463,256,Z4C_AXIS_RHS_PHASE_DIAGNOSTIC,z4c_gzz,,,,0,0,,,,,,,,,
0.75,1.2177724040009463,256,Z4C_AXIS_RHS_PHASE_DIAGNOSTIC,z4c_Khat,,,,0,0,,,,,,,,,
0.75,1.2177724040009463,256,Z4C_AXIS_RHS_PHASE_DIAGNOSTIC,z4c_Axx,,,,0,0,,,,,,,,,
0.75,1.2177724040009463,256,Z4C_AXIS_RHS_PHASE_DIAGNOSTIC,z4c_Axy,,,,0,0,,,,,,,,,
0.75,1.2177724040009463,256,Z4C_AXIS_RHS_PHASE_DIAGNOSTIC,z4c_Axz,,,,0,0,,,,,,,,,
0.75,1.2177724040009463,256,Z4C_AXIS_RHS_PHASE_DIAGNOSTIC,z4c_Ayy,,,,0,0,,,,,,,,,
0.75,1.2177724040009463,256,Z4C_AXIS_RHS_PHASE_DIAGNOSTIC,z4c_Ayz,,,,0,0,,,,,,,,,
0.75,1.2177724040009463,256,Z4C_AXIS_RHS_PHASE_DIAGNOSTIC,z4c_Azz,,,,0,0,,,,,,,,,
0.75,1.2177724040009463,256,Z4C_AXIS_RHS_PHASE_DIAGNOSTIC,z4c_Gamx,,,,0,0,,,,,,,,,
0.75,1.2177724040009463,256,Z4C_AXIS_RHS_PHASE_DIAGNOSTIC,z4c_Gamy,,,,0,0,,,,,,,,,
0.75,1.2177724040009463,256,Z4C_AXIS_RHS_PHASE_DIAGNOSTIC,z4c_Gamz,,,,0,0,,,,,,,,,
0.75,1.2177724040009463,256,Z4C_AXIS_RHS_PHASE_DIAGNOSTIC,z4c_Theta,,,,0,0,,,,,,,,,
0.75,1.2177724040009463,256,Z4C_AXIS_RHS_PHASE_DIAGNOSTIC,z4c_alpha,,,,0,0,,,,,,,,,
0.75,1.2177724040009463,256,Z4C_AXIS_RHS_PHASE_DIAGNOSTIC,z4c_betax,,,,0,0,,,,,,,,,
0.75,1.2177724040009463,256,Z4C_AXIS_RHS_PHASE_DIAGNOSTIC,z4c_betay,,,,0,0,,,,,,,,,
0.75,1.2177724040009463,256,Z4C_AXIS_RHS_PHASE_DIAGNOSTIC,z4c_betaz,,,,0,0,,,,,,,,,
0.75,1.2177724040009463,256,Z4C_AXIS_RHS_PHASE_DIAGNOSTIC,z4c_Bx,,,,0,0,,,,,,,,,
0.75,1.2177724040009463,256,Z4C_AXIS_RHS_PHASE_DIAGNOSTIC,z4c_By,,,,0,0,,,,,,,,,
0.75,1.2177724040009463,256,Z4C_AXIS_RHS_PHASE_DIAGNOSTIC,z4c_Bz,,,,0,0,,,,,,,,,
0.75,1.2177724040009463,256,Z4C_AXIS_TERM_POINT_DIAGNOSTIC,,A_geometric_xx,,-9.7085119217627648e-06,0,0,,,,,,,,,
0.75,1.2177724040009463,256,Z4C_AXIS_TERM_POINT_DIAGNOSTIC,,A_geometric_xy,,1.7090063401383895e-15,0,0,,,,,,,,,
0.75,1.2177724040009463,256,Z4C_AXIS_TERM_POINT_DIAGNOSTIC,,A_geometric_xz,,0,0,0,,,,,,,,,
0.75,1.2177724040009463,256,Z4C_AXIS_TERM_POINT_DIAGNOSTIC,,A_geometric_yy,,-6.8831444474675942e-05,0,0,,,,,,,,,
0.75,1.2177724040009463,256,Z4C_AXIS_TERM_POINT_DIAGNOSTIC,,A_geometric_yz,,0,0,0,,,,,,,,,
0.75,1.2177724040009463,256,Z4C_AXIS_TERM_POINT_DIAGNOSTIC,,A_geometric_zz,,-9.7085119217627648e-06,0,0,,,,,,,,,
0.75,1.2177724040009463,256,Z4C_AXIS_TERM_POINT_DIAGNOSTIC,,A_trace_xx,,2.9415813124880574e-05,0,0,,,,,,,,,
0.75,1.2177724040009463,256,Z4C_AXIS_TERM_POINT_DIAGNOSTIC,,A_trace_xy,,0,0,0,,,,,,,,,
0.75,1.2177724040009463,256,Z4C_AXIS_TERM_POINT_DIAGNOSTIC,,A_trace_xz,,0,0,0,,,,,,,,,
0.75,1.2177724040009463,256,Z4C_AXIS_TERM_POINT_DIAGNOSTIC,,A_trace_yy,,2.9416252860878643e-05,0,0,,,,,,,,,
0.75,1.2177724040009463,256,Z4C_AXIS_TERM_POINT_DIAGNOSTIC,,A_trace_yz,,0,0,0,,,,,,,,,
0.75,1.2177724040009463,256,Z4C_AXIS_TERM_POINT_DIAGNOSTIC,,A_trace_zz,,2.9415813124880574e-05,0,0,,,,,,,,,
0.75,1.2177724040009463,256,Z4C_AXIS_TERM_POINT_DIAGNOSTIC,,A_nonlinear_xx,,-2.7307629377173501e-10,0,0,,,,,,,,,
0.75,1.2177724040009463,256,Z4C_AXIS_TERM_POINT_DIAGNOSTIC,,A_nonlinear_xy,,-0,0,0,,,,,,,,,
0.75,1.2177724040009463,256,Z4C_AXIS_TERM_POINT_DIAGNOSTIC,,A_nonlinear_xz,,-0,0,0,,,,,,,,,
0.75,1.2177724040009463,256,Z4C_AXIS_TERM_POINT_DIAGNOSTIC,,A_nonlinear_yy,,3.4826891298044251e-11,0,0,,,,,,,,,
0.75,1.2177724040009463,256,Z4C_AXIS_TERM_POINT_DIAGNOSTIC,,A_nonlinear_yz,,-0,0,0,,,,,,,,,
0.75,1.2177724040009463,256,Z4C_AXIS_TERM_POINT_DIAGNOSTIC,,A_nonlinear_zz,,-2.7307629377173501e-10,0,0,,,,,,,,,
0.75,1.2177724040009463,256,Z4C_AXIS_TERM_POINT_DIAGNOSTIC,,A_lie_xx,,-4.5900023246820928e-11,0,0,,,,,,,,,
0.75,1.2177724040009463,256,Z4C_AXIS_TERM_POINT_DIAGNOSTIC,,A_lie_xy,,-7.1077552462617341e-38,0,0,,,,,,,,,
0.75,1.2177724040009463,256,Z4C_AXIS_TERM_POINT_DIAGNOSTIC,,A_lie_xz,,0,0,0,,,,,,,,,
0.75,1.2177724040009463,256,Z4C_AXIS_TERM_POINT_DIAGNOSTIC,,A_lie_yy,,-1.8360283761888014e-10,0,0,,,,,,,,,
0.75,1.2177724040009463,256,Z4C_AXIS_TERM_POINT_DIAGNOSTIC,,A_lie_yz,,0,0,0,,,,,,,,,
0.75,1.2177724040009463,256,Z4C_AXIS_TERM_POINT_DIAGNOSTIC,,A_lie_zz,,-4.5900023246820928e-11,0,0,,,,,,,,,
0.75,1.2177724040009463,256,Z4C_AXIS_TERM_POINT_DIAGNOSTIC,,Gamma_divergence_x,,2.1279545526124745e-20,0,0,,,,,,,,,
0.75,1.2177724040009463,256,Z4C_AXIS_TERM_POINT_DIAGNOSTIC,,Gamma_divergence_y,,7.3502695006270528e-13,0,0,,,,,,,,,
0.75,1.2177724040009463,256,Z4C_AXIS_TERM_POINT_DIAGNOSTIC,,Gamma_divergence_z,,0,0,0,,,,,,,,,
0.75,1.2177724040009463,256,Z4C_AXIS_TERM_POINT_DIAGNOSTIC,,Gamma_lie_x,,3.6153733217603321e-21,0,0,,,,,,,,,
0.75,1.2177724040009463,256,Z4C_AXIS_TERM_POINT_DIAGNOSTIC,,Gamma_lie_y,,-3.4788262139418565e-13,0,0,,,,,,,,,
0.75,1.2177724040009463,256,Z4C_AXIS_TERM_POINT_DIAGNOSTIC,,Gamma_lie_z,,0,0,0,,,,,,,,,
0.75,1.2177724040009463,256,Z4C_AXIS_TERM_POINT_DIAGNOSTIC,,Gamma_damping_x,,-0,0,0,,,,,,,,,
0.75,1.2177724040009463,256,Z4C_AXIS_TERM_POINT_DIAGNOSTIC,,Gamma_damping_y,,0,0,0,,,,,,,,,
0.75,1.2177724040009463,256,Z4C_AXIS_TERM_POINT_DIAGNOSTIC,,Gamma_damping_z,,-0,0,0,,,,,,,,,
0.75,1.2177724040009463,256,Z4C_AXIS_TERM_POINT_DIAGNOSTIC,,Gamma_lapse_gradient_x,,1.8997011681864539e-21,0,0,,,,,,,,,
0.75,1.2177724040009463,256,Z4C_AXIS_TERM_POINT_DIAGNOSTIC,,Gamma_lapse_gradient_y,,1.5340567051576399e-18,0,0,,,,,,,,,
0.75,1.2177724040009463,256,Z4C_AXIS_TERM_POINT_DIAGNOSTIC,,Gamma_lapse_gradient_z,,0,0,0,,,,,,,,,
0.75,1.2177724040009463,256,Z4C_AXIS_TERM_POINT_DIAGNOSTIC,,A_hessian_xx,,0.0020978680166516563,0,0,,,,,,,,,
0.75,1.2177724040009463,256,Z4C_AXIS_TERM_POINT_DIAGNOSTIC,,A_hessian_xy,,2.6305675513073099e-15,0,0,,,,,,,,,
0.75,1.2177724040009463,256,Z4C_AXIS_TERM_POINT_DIAGNOSTIC,,A_hessian_xz,,-0,0,0,,,,,,,,,
0.75,1.2177724040009463,256,Z4C_AXIS_TERM_POINT_DIAGNOSTIC,,A_hessian_yy,,-0.0042840529074373301,0,0,,,,,,,,,
0.75,1.2177724040009463,256,Z4C_AXIS_TERM_POINT_DIAGNOSTIC,,A_hessian_yz,,-0,0,0,,,,,,,,,
0.75,1.2177724040009463,256,Z4C_AXIS_TERM_POINT_DIAGNOSTIC,,A_hessian_zz,,0.0020978680166516563,0,0,,,,,,,,,
0.75,1.2177724040009463,256,Z4C_AXIS_TERM_POINT_DIAGNOSTIC,,A_ricci_tensor_xx,,-0.0021075765285734189,0,0,,,,,,,,,
0.75,1.2177724040009463,256,Z4C_AXIS_TERM_POINT_DIAGNOSTIC,,A_ricci_tensor_xy,,-9.2156121116892039e-16,0,0,,,,,,,,,
0.75,1.2177724040009463,256,Z4C_AXIS_TERM_POINT_DIAGNOSTIC,,A_ricci_tensor_xz,,0,0,0,,,,,,,,,
0.75,1.2177724040009463,256,Z4C_AXIS_TERM_POINT_DIAGNOSTIC,,A_ricci_tensor_yy,,0.0042152214629626542,0,0,,,,,,,,,
0.75,1.2177724040009463,256,Z4C_AXIS_TERM_POINT_DIAGNOSTIC,,A_ricci_tensor_yz,,0,0,0,,,,,,,,,
0.75,1.2177724040009463,256,Z4C_AXIS_TERM_POINT_DIAGNOSTIC,,A_ricci_tensor_zz,,-0.0021075765285734189,0,0,,,,,,,,,
0.75,1.2177724040009463,256,Z4C_AXIS_TERM_POINT_DIAGNOSTIC,,A_trace_lapse_xx,,2.9417610976325132e-05,0,0,,,,,,,,,
0.75,1.2177724040009463,256,Z4C_AXIS_TERM_POINT_DIAGNOSTIC,,A_trace_lapse_xy,,0,0,0,,,,,,,,,
0.75,1.2177724040009463,256,Z4C_AXIS_TERM_POINT_DIAGNOSTIC,,A_trace_lapse_xz,,0,0,0,,,,,,,,,
0.75,1.2177724040009463,256,Z4C_AXIS_TERM_POINT_DIAGNOSTIC,,A_trace_lapse_yy,,2.9418050739199221e-05,0,0,,,,,,,,,
0.75,1.2177724040009463,256,Z4C_AXIS_TERM_POINT_DIAGNOSTIC,,A_trace_lapse_yz,,0,0,0,,,,,,,,,
0.75,1.2177724040009463,256,Z4C_AXIS_TERM_POINT_DIAGNOSTIC,,A_trace_lapse_zz,,2.9417610976325132e-05,0,0,,,,,,,,,
0.75,1.2177724040009463,256,Z4C_AXIS_TERM_POINT_DIAGNOSTIC,,A_trace_ricci_xx,,-1.7978514445571902e-09,0,0,,,,,,,,,
0.75,1.2177724040009463,256,Z4C_AXIS_TERM_POINT_DIAGNOSTIC,,A_trace_ricci_xy,,-0,0,0,,,,,,,,,
0.75,1.2177724040009463,256,Z4C_AXIS_TERM_POINT_DIAGNOSTIC,,A_trace_ricci_xz,,-0,0,0,,,,,,,,,
0.75,1.2177724040009463,256,Z4C_AXIS_TERM_POINT_DIAGNOSTIC,,A_trace_ricci_yy,,-1.7978783205777848e-09,0,0,,,,,,,,,
0.75,1.2177724040009463,256,Z4C_AXIS_TERM_POINT_DIAGNOSTIC,,A_trace_ricci_yz,,-0,0,0,,,,,,,,,
0.75,1.2177724040009463,256,Z4C_AXIS_TERM_POINT_DIAGNOSTIC,,A_trace_ricci_zz,,-1.7978514445571902e-09,0,0,,,,,,,,,
0.75,1.2177724040009463,256,Z4C_AXIS_TERM_POINT_DIAGNOSTIC,,Gamma_advective_x,,0,0,0,,,,,,,,,
0.75,1.2177724040009463,256,Z4C_AXIS_TERM_POINT_DIAGNOSTIC,,Gamma_advective_y,,-6.5285056578143107e-21,0,0,,,,,,,,,
0.75,1.2177724040009463,256,Z4C_AXIS_TERM_POINT_DIAGNOSTIC,,Gamma_advective_z,,0,0,0,,,,,,,,,
0.75,1.2177724040009463,256,Z4C_AXIS_TERM_POINT_DIAGNOSTIC,,Gamma_expansion_x,,-3.9513815595032018e-22,0,0,,,,,,,,,
0.75,1.2177724040009463,256,Z4C_AXIS_TERM_POINT_DIAGNOSTIC,,Gamma_expansion_y,,1.1534917862405607e-18,0,0,,,,,,,,,
0.75,1.2177724040009463,256,Z4C_AXIS_TERM_POINT_DIAGNOSTIC,,Gamma_expansion_z,,0,0,0,,,,,,,,,
0.75,1.2177724040009463,256,Z4C_AXIS_TERM_POINT_DIAGNOSTIC,,Gamma_ddiv_x,,9.7876092989522107e-22,0,0,,,,,,,,,
0.75,1.2177724040009463,256,Z4C_AXIS_TERM_POINT_DIAGNOSTIC,,Gamma_ddiv_y,,-1.0605030977339569e-13,0,0,,,,,,,,,
0.75,1.2177724040009463,256,Z4C_AXIS_TERM_POINT_DIAGNOSTIC,,Gamma_ddiv_z,,0,0,0,,,,,,,,,
0.75,1.2177724040009463,256,Z4C_AXIS_TERM_POINT_DIAGNOSTIC,,Gamma_contraction_x,,9.5467758129768233e-23,0,0,,,,,,,,,
0.75,1.2177724040009463,256,Z4C_AXIS_TERM_POINT_DIAGNOSTIC,,Gamma_contraction_y,,-1.1728565548341909e-18,0,0,,,,,,,,,
0.75,1.2177724040009463,256,Z4C_AXIS_TERM_POINT_DIAGNOSTIC,,Gamma_contraction_z,,0,0,0,,,,,,,,,
0.75,1.2177724040009463,256,Z4C_AXIS_TERM_POINT_DIAGNOSTIC,,Gamma_second_x,,2.9362827896856634e-21,0,0,,,,,,,,,
0.75,1.2177724040009463,256,Z4C_AXIS_TERM_POINT_DIAGNOSTIC,,Gamma_second_y,,-2.4183228572751573e-13,0,0,,,,,,,,,
0.75,1.2177724040009463,256,Z4C_AXIS_TERM_POINT_DIAGNOSTIC,,Gamma_second_z,,0,0,0,,,,,,,,,
0.75,1.2177724040009463,256,Z4C_RHS_TERM_DIAGNOSTIC,,A_geometric_xx,0.20121694889220387,0.20121694889220387,5.3125,0,,,,,,,,,
0.75,1.2177724040009463,256,Z4C_RHS_TERM_DIAGNOSTIC,,A_geometric_xy,0.11279852891921407,0.11279852891921407,4.5625,0.75,,,,,,,,,
0.75,1.2177724040009463,256,Z4C_RHS_TERM_DIAGNOSTIC,,A_geometric_xz,0,0,16,16,,,,,,,,,
0.75,1.2177724040009463,256,Z4C_RHS_TERM_DIAGNOSTIC,,A_geometric_yy,0.19864536484038064,0.19864536484038064,5.3125,0,,,,,,,,,
0.75,1.2177724040009463,256,Z4C_RHS_TERM_DIAGNOSTIC,,A_geometric_yz,0,0,16,16,,,,,,,,,
0.75,1.2177724040009463,256,Z4C_RHS_TERM_DIAGNOSTIC,,A_geometric_zz,0.63321070574541449,0.63321070574541449,4.875,0,,,,,,,,,
0.75,1.2177724040009463,256,Z4C_RHS_TERM_DIAGNOSTIC,,A_trace_xx,0.14662178849553259,-0.14662178849553259,5.3125,0,,,,,,,,,
0.75,1.2177724040009463,256,Z4C_RHS_TERM_DIAGNOSTIC,,A_trace_xy,0.0040611359538224928,0.0040611359538224928,4.375,0.8125,,,,,,,,,
0.75,1.2177724040009463,256,Z4C_RHS_TERM_DIAGNOSTIC,,A_trace_xz,0,0,16,16,,,,,,,,,
0.75,1.2177724040009463,256,Z4C_RHS_TERM_DIAGNOSTIC,,A_trace_yy,0.14281242046351822,-0.14281242046351822,5.3125,0,,,,,,,,,
0.75,1.2177724040009463,256,Z4C_RHS_TERM_DIAGNOSTIC,,A_trace_yz,0,0,16,16,,,,,,,,,
0.75,1.2177724040009463,256,Z4C_RHS_TERM_DIAGNOSTIC,,A_trace_zz,0.37036851645765262,-0.37036851645765262,5.25,0,,,,,,,,,
0.75,1.2177724040009463,256,Z4C_RHS_TERM_DIAGNOSTIC,,A_nonlinear_xx,0.1217258454088728,-0.1217258454088728,5.25,0,,,,,,,,,
0.75,1.2177724040009463,256,Z4C_RHS_TERM_DIAGNOSTIC,,A_nonlinear_xy,0.042059206038281845,0.042059206038281845,5,0.3125,,,,,,,,,
0.75,1.2177724040009463,256,Z4C_RHS_TERM_DIAGNOSTIC,,A_nonlinear_xz,0,-0,16,16,,,,,,,,,
0.75,1.2177724040009463,256,Z4C_RHS_TERM_DIAGNOSTIC,,A_nonlinear_yy,0.12501264227754408,-0.12501264227754408,5.3125,0,,,,,,,,,
0.75,1.2177724040009463,256,Z4C_RHS_TERM_DIAGNOSTIC,,A_nonlinear_yz,0,-0,16,16,,,,,,,,,
0.75,1.2177724040009463,256,Z4C_RHS_TERM_DIAGNOSTIC,,A_nonlinear_zz,1.3625555949389334,-1.3625555949389334,5.25,0,,,,,,,,,
0.75,1.2177724040009463,256,Z4C_RHS_TERM_DIAGNOSTIC,,A_lie_xx,0.020127450193274565,-0.020127450193274565,6.125,0,,,,,,,,,
0.75,1.2177724040009463,256,Z4C_RHS_TERM_DIAGNOSTIC,,A_lie_xy,0.016507757796644724,0.016507757796644724,5.3125,0.5,,,,,,,,,
0.75,1.2177724040009463,256,Z4C_RHS_TERM_DIAGNOSTIC,,A_lie_xz,0,0,16,16,,,,,,,,,
0.75,1.2177724040009463,256,Z4C_RHS_TERM_DIAGNOSTIC,,A_lie_yy,0.031583359154325558,0.031583359154325558,4.875,0.125,,,,,,,,,
0.75,1.2177724040009463,256,Z4C_RHS_TERM_DIAGNOSTIC,,A_lie_yz,0,0,16,16,,,,,,,,,
0.75,1.2177724040009463,256,Z4C_RHS_TERM_DIAGNOSTIC,,A_lie_zz,0.11799756393253416,-0.11799756393253416,4.875,0,,,,,,,,,
0.75,1.2177724040009463,256,Z4C_RHS_TERM_DIAGNOSTIC,,Gamma_divergence_x,0.48933411888587119,-0.48933411888587119,5,0,,,,,,,,,
0.75,1.2177724040009463,256,Z4C_RHS_TERM_DIAGNOSTIC,,Gamma_divergence_y,0.44295293276325648,0.44295293276325648,5.3125,0.3125,,,,,,,,,
0.75,1.2177724040009463,256,Z4C_RHS_TERM_DIAGNOSTIC,,Gamma_divergence_z,0,0,16,16,,,,,,,,,
0.75,1.2177724040009463,256,Z4C_RHS_TERM_DIAGNOSTIC,,Gamma_lie_x,0.90063155406454687,0.90063155406454687,3.5625,0,,,,,,,,,
0.75,1.2177724040009463,256,Z4C_RHS_TERM_DIAGNOSTIC,,Gamma_lie_y,0.7379739418524256,0.7379739418524256,5,-1.6875,,,,,,,,,
0.75,1.2177724040009463,256,Z4C_RHS_TERM_DIAGNOSTIC,,Gamma_lie_z,0,0,16,16,,,,,,,,,
0.75,1.2177724040009463,256,Z4C_RHS_TERM_DIAGNOSTIC,,Gamma_damping_x,0,-0,16,16,,,,,,,,,
0.75,1.2177724040009463,256,Z4C_RHS_TERM_DIAGNOSTIC,,Gamma_damping_y,0,-0,16,16,,,,,,,,,
0.75,1.2177724040009463,256,Z4C_RHS_TERM_DIAGNOSTIC,,Gamma_damping_z,0,-0,16,16,,,,,,,,,
0.75,1.2177724040009463,256,Z4C_RHS_TERM_DIAGNOSTIC,,Gamma_lapse_gradient_x,0.076231389627971713,0.076231389627971713,4.875,0,,,,,,,,,
0.75,1.2177724040009463,256,Z4C_RHS_TERM_DIAGNOSTIC,,Gamma_lapse_gradient_y,0.038127854048837839,0.038127854048837839,5,-0.4375,,,,,,,,,
0.75,1.2177724040009463,256,Z4C_RHS_TERM_DIAGNOSTIC,,Gamma_lapse_gradient_z,0,0,16,16,,,,,,,,,
0.75,1.2177724040009463,256,Z4C_RHS_TERM_DIAGNOSTIC,,A_hessian_xx,0.077536944875713346,-0.077536944875713346,4.25,0,,,,,,,,,
0.75,1.2177724040009463,256,Z4C_RHS_TERM_DIAGNOSTIC,,A_hessian_xy,0.03396335615924178,-0.03396335615924178,4.6875,-0.75,,,,,,,,,
0.75,1.2177724040009463,256,Z4C_RHS_TERM_DIAGNOSTIC,,A_hessian_xz,0,-0,16,16,,,,,,,,,
0.75,1.2177724040009463,256,Z4C_RHS_TERM_DIAGNOSTIC,,A_hessian_yy,0.068300576515680944,-0.068300576515680944,5.375,1.0625,,,,,,,,,
0.75,1.2177724040009463,256,Z4C_RHS_TERM_DIAGNOSTIC,,A_hessian_yz,0,-0,16,16,,,,,,,,,
0.75,1.2177724040009463,256,Z4C_RHS_TERM_DIAGNOSTIC,,A_hessian_zz,0.028627912798156158,-0.028627912798156158,4.625,0,,,,,,,,,
0.75,1.2177724040009463,256,Z4C_RHS_TERM_DIAGNOSTIC,,A_ricci_tensor_xx,0.17373801293919772,0.17373801293919772,5.3125,0,,,,,,,,,
0.75,1.2177724040009463,256,Z4C_RHS_TERM_DIAGNOSTIC,,A_ricci_tensor_xy,0.082635993750586764,-0.082635993750586764,4.5,-0.8125,,,,,,,,,
0.75,1.2177724040009463,256,Z4C_RHS_TERM_DIAGNOSTIC,,A_ricci_tensor_xz,0,0,16,16,,,,,,,,,
0.75,1.2177724040009463,256,Z4C_RHS_TERM_DIAGNOSTIC,,A_ricci_tensor_yy,0.17740887553911247,0.17740887553911247,5.3125,0,,,,,,,,,
0.75,1.2177724040009463,256,Z4C_RHS_TERM_DIAGNOSTIC,,A_ricci_tensor_yz,0,0,16,16,,,,,,,,,
0.75,1.2177724040009463,256,Z4C_RHS_TERM_DIAGNOSTIC,,A_ricci_tensor_zz,0.65215602839758868,0.65215602839758868,4.875,0,,,,,,,,,
0.75,1.2177724040009463,256,Z4C_RHS_TERM_DIAGNOSTIC,,A_trace_lapse_xx,0.032116541737983971,0.032116541737983971,5,1.125,,,,,,,,,
0.75,1.2177724040009463,256,Z4C_RHS_TERM_DIAGNOSTIC,,A_trace_lapse_xy,0.0045800672131314103,0.0045800672131314103,4.375,0.8125,,,,,,,,,
0.75,1.2177724040009463,256,Z4C_RHS_TERM_DIAGNOSTIC,,A_trace_lapse_xz,0,0,16,16,,,,,,,,,
0.75,1.2177724040009463,256,Z4C_RHS_TERM_DIAGNOSTIC,,A_trace_lapse_yy,0.039360334126605896,0.039360334126605896,4.1875,0,,,,,,,,,
0.75,1.2177724040009463,256,Z4C_RHS_TERM_DIAGNOSTIC,,A_trace_lapse_yz,0,0,16,16,,,,,,,,,
0.75,1.2177724040009463,256,Z4C_RHS_TERM_DIAGNOSTIC,,A_trace_lapse_zz,0.058464400360741083,0.058464400360741083,4.3125,0,,,,,,,,,
0.75,1.2177724040009463,256,Z4C_RHS_TERM_DIAGNOSTIC,,A_trace_ricci_xx,0.13064266923641485,-0.13064266923641485,5.25,0,,,,,,,,,
0.75,1.2177724040009463,256,Z4C_RHS_TERM_DIAGNOSTIC,,A_trace_ricci_xy,0.000965870481922761,-0.000965870481922761,4.875,0.4375,,,,,,,,,
0.75,1.2177724040009463,256,Z4C_RHS_TERM_DIAGNOSTIC,,A_trace_ricci_xz,0,-0,16,16,,,,,,,,,
0.75,1.2177724040009463,256,Z4C_RHS_TERM_DIAGNOSTIC,,A_trace_ricci_yy,0.12731181851529552,-0.12731181851529552,5.25,0,,,,,,,,,
0.75,1.2177724040009463,256,Z4C_RHS_TERM_DIAGNOSTIC,,A_trace_ricci_yz,0,-0,16,16,,,,,,,,,
0.75,1.2177724040009463,256,Z4C_RHS_TERM_DIAGNOSTIC,,A_trace_ricci_zz,0.33109656886426919,-0.33109656886426919,5.25,0,,,,,,,,,
0.75,1.2177724040009463,256,Z4C_RHS_TERM_DIAGNOSTIC,,Gamma_advective_x,0.096386547989769797,-0.096386547989769797,3.625,0,,,,,,,,,
0.75,1.2177724040009463,256,Z4C_RHS_TERM_DIAGNOSTIC,,Gamma_advective_y,0.062904455028669162,-0.062904455028669162,4.4375,-1.4375,,,,,,,,,
0.75,1.2177724040009463,256,Z4C_RHS_TERM_DIAGNOSTIC,,Gamma_advective_z,0,0,16,16,,,,,,,,,
0.75,1.2177724040009463,256,Z4C_RHS_TERM_DIAGNOSTIC,,Gamma_expansion_x,0.024741431148395731,-0.024741431148395731,6.625,0,,,,,,,,,
0.75,1.2177724040009463,256,Z4C_RHS_TERM_DIAGNOSTIC,,Gamma_expansion_y,0.014500608101907843,-0.014500608101907843,5.1875,1.3125,,,,,,,,,
0.75,1.2177724040009463,256,Z4C_RHS_TERM_DIAGNOSTIC,,Gamma_expansion_z,0,-0,16,16,,,,,,,,,
0.75,1.2177724040009463,256,Z4C_RHS_TERM_DIAGNOSTIC,,Gamma_ddiv_x,0.24502164703385437,0.24502164703385437,3.5625,0,,,,,,,,,
0.75,1.2177724040009463,256,Z4C_RHS_TERM_DIAGNOSTIC,,Gamma_ddiv_y,0.19598885932241994,0.19598885932241994,5.0625,-1.6875,,,,,,,,,
0.75,1.2177724040009463,256,Z4C_RHS_TERM_DIAGNOSTIC,,Gamma_ddiv_z,0,0,16,16,,,,,,,,,
0.75,1.2177724040009463,256,Z4C_RHS_TERM_DIAGNOSTIC,,Gamma_contraction_x,0.032925723995711913,-0.032925723995711913,3.125,0,,,,,,,,,
0.75,1.2177724040009463,256,Z4C_RHS_TERM_DIAGNOSTIC,,Gamma_contraction_y,0.017628365443353559,-0.017628365443353559,5.4375,-1.3125,,,,,,,,,
0.75,1.2177724040009463,256,Z4C_RHS_TERM_DIAGNOSTIC,,Gamma_contraction_z,0,0,16,16,,,,,,,,,
0.75,1.2177724040009463,256,Z4C_RHS_TERM_DIAGNOSTIC,,Gamma_second_x,0.75091541648633686,0.75091541648633686,3.5625,0,,,,,,,,,
0.75,1.2177724040009463,256,Z4C_RHS_TERM_DIAGNOSTIC,,Gamma_second_y,0.59955920948936448,0.59955920948936448,5,-1.6875,,,,,,,,,
0.75,1.2177724040009463,256,Z4C_RHS_TERM_DIAGNOSTIC,,Gamma_second_z,0,0,16,16,,,,,,,,,
0.75,1.2177724040009463,256,Z4C_AXIS_RHS_PAIR_DIAGNOSTIC,,,,,,16,0,0,0,0,0,0,0,0,0
0.75,1.2177724040009463,512,Z4C_RHS_STAGE_DIAGNOSTIC,z4c_chi,,,,,,,,,,,,,,
0.75,1.2177724040009463,512,Z4C_RHS_STAGE_DIAGNOSTIC,z4c_gxx,,,,,,,,,,,,,,
0.75,1.2177724040009463,512,Z4C_RHS_STAGE_DIAGNOSTIC,z4c_gxy,,,,,,,,,,,,,,
0.75,1.2177724040009463,512,Z4C_RHS_STAGE_DIAGNOSTIC,z4c_gxz,,,,,,,,,,,,,,
0.75,1.2177724040009463,512,Z4C_RHS_STAGE_DIAGNOSTIC,z4c_gyy,,,,,,,,,,,,,,
0.75,1.2177724040009463,512,Z4C_RHS_STAGE_DIAGNOSTIC,z4c_gyz,,,,,,,,,,,,,,
0.75,1.2177724040009463,512,Z4C_RHS_STAGE_DIAGNOSTIC,z4c_gzz,,,,,,,,,,,,,,
0.75,1.2177724040009463,512,Z4C_RHS_STAGE_DIAGNOSTIC,z4c_Khat,,,,,,,,,,,,,,
0.75,1.2177724040009463,512,Z4C_RHS_STAGE_DIAGNOSTIC,z4c_Axx,,,,,,,,,,,,,,
0.75,1.2177724040009463,512,Z4C_RHS_STAGE_DIAGNOSTIC,z4c_Axy,,,,,,,,,,,,,,
0.75,1.2177724040009463,512,Z4C_RHS_STAGE_DIAGNOSTIC,z4c_Axz,,,,,,,,,,,,,,
0.75,1.2177724040009463,512,Z4C_RHS_STAGE_DIAGNOSTIC,z4c_Ayy,,,,,,,,,,,,,,
0.75,1.2177724040009463,512,Z4C_RHS_STAGE_DIAGNOSTIC,z4c_Ayz,,,,,,,,,,,,,,
0.75,1.2177724040009463,512,Z4C_RHS_STAGE_DIAGNOSTIC,z4c_Azz,,,,,,,,,,,,,,
0.75,1.2177724040009463,512,Z4C_RHS_STAGE_DIAGNOSTIC,z4c_Gamx,,,,,,,,,,,,,,
0.75,1.2177724040009463,512,Z4C_RHS_STAGE_DIAGNOSTIC,z4c_Gamy,,,,,,,,,,,,,,
0.75,1.2177724040009463,512,Z4C_RHS_STAGE_DIAGNOSTIC,z4c_Gamz,,,,,,,,,,,,,,
0.75,1.2177724040009463,512,Z4C_RHS_STAGE_DIAGNOSTIC,z4c_Theta,,,,,,,,,,,,,,
0.75,1.2177724040009463,512,Z4C_RHS_STAGE_DIAGNOSTIC,z4c_alpha,,,,,,,,,,,,,,
0.75,1.2177724040009463,512,Z4C_RHS_STAGE_DIAGNOSTIC,z4c_betax,,,,,,,,,,,,,,
0.75,1.2177724040009463,512,Z4C_RHS_STAGE_DIAGNOSTIC,z4c_betay,,,,,,,,,,,,,,
0.75,1.2177724040009463,512,Z4C_RHS_STAGE_DIAGNOSTIC,z4c_betaz,,,,,,,,,,,,,,
0.75,1.2177724040009463,512,Z4C_RHS_STAGE_DIAGNOSTIC,z4c_Bx,,,,,,,,,,,,,,
0.75,1.2177724040009463,512,Z4C_RHS_STAGE_DIAGNOSTIC,z4c_By,,,,,,,,,,,,,,
0.75,1.2177724040009463,512,Z4C_RHS_STAGE_DIAGNOSTIC,z4c_Bz,,,,,,,,,,,,,,
0.75,1.2177724040009463,512,Z4C_AXIS_RHS_PHASE_DIAGNOSTIC,z4c_chi,,,,0,0,,,,,,,,,
0.75,1.2177724040009463,512,Z4C_AXIS_RHS_PHASE_DIAGNOSTIC,z4c_gxx,,,,0,0,,,,,,,,,
0.75,1.2177724040009463,512,Z4C_AXIS_RHS_PHASE_DIAGNOSTIC,z4c_gxy,,,,0,0,,,,,,,,,
0.75,1.2177724040009463,512,Z4C_AXIS_RHS_PHASE_DIAGNOSTIC,z4c_gxz,,,,0,0,,,,,,,,,
0.75,1.2177724040009463,512,Z4C_AXIS_RHS_PHASE_DIAGNOSTIC,z4c_gyy,,,,0,0,,,,,,,,,
0.75,1.2177724040009463,512,Z4C_AXIS_RHS_PHASE_DIAGNOSTIC,z4c_gyz,,,,0,0,,,,,,,,,
0.75,1.2177724040009463,512,Z4C_AXIS_RHS_PHASE_DIAGNOSTIC,z4c_gzz,,,,0,0,,,,,,,,,
0.75,1.2177724040009463,512,Z4C_AXIS_RHS_PHASE_DIAGNOSTIC,z4c_Khat,,,,0,0,,,,,,,,,
0.75,1.2177724040009463,512,Z4C_AXIS_RHS_PHASE_DIAGNOSTIC,z4c_Axx,,,,0,0,,,,,,,,,
0.75,1.2177724040009463,512,Z4C_AXIS_RHS_PHASE_DIAGNOSTIC,z4c_Axy,,,,0,0,,,,,,,,,
0.75,1.2177724040009463,512,Z4C_AXIS_RHS_PHASE_DIAGNOSTIC,z4c_Axz,,,,0,0,,,,,,,,,
0.75,1.2177724040009463,512,Z4C_AXIS_RHS_PHASE_DIAGNOSTIC,z4c_Ayy,,,,0,0,,,,,,,,,
0.75,1.2177724040009463,512,Z4C_AXIS_RHS_PHASE_DIAGNOSTIC,z4c_Ayz,,,,0,0,,,,,,,,,
0.75,1.2177724040009463,512,Z4C_AXIS_RHS_PHASE_DIAGNOSTIC,z4c_Azz,,,,0,0,,,,,,,,,
0.75,1.2177724040009463,512,Z4C_AXIS_RHS_PHASE_DIAGNOSTIC,z4c_Gamx,,,,0,0,,,,,,,,,
0.75,1.2177724040009463,512,Z4C_AXIS_RHS_PHASE_DIAGNOSTIC,z4c_Gamy,,,,0,0,,,,,,,,,
0.75,1.2177724040009463,512,Z4C_AXIS_RHS_PHASE_DIAGNOSTIC,z4c_Gamz,,,,0,0,,,,,,,,,
0.75,1.2177724040009463,512,Z4C_AXIS_RHS_PHASE_DIAGNOSTIC,z4c_Theta,,,,0,0,,,,,,,,,
0.75,1.2177724040009463,512,Z4C_AXIS_RHS_PHASE_DIAGNOSTIC,z4c_alpha,,,,0,0,,,,,,,,,
0.75,1.2177724040009463,512,Z4C_AXIS_RHS_PHASE_DIAGNOSTIC,z4c_betax,,,,0,0,,,,,,,,,
0.75,1.2177724040009463,512,Z4C_AXIS_RHS_PHASE_DIAGNOSTIC,z4c_betay,,,,0,0,,,,,,,,,
0.75,1.2177724040009463,512,Z4C_AXIS_RHS_PHASE_DIAGNOSTIC,z4c_betaz,,,,0,0,,,,,,,,,
0.75,1.2177724040009463,512,Z4C_AXIS_RHS_PHASE_DIAGNOSTIC,z4c_Bx,,,,0,0,,,,,,,,,
0.75,1.2177724040009463,512,Z4C_AXIS_RHS_PHASE_DIAGNOSTIC,z4c_By,,,,0,0,,,,,,,,,
0.75,1.2177724040009463,512,Z4C_AXIS_RHS_PHASE_DIAGNOSTIC,z4c_Bz,,,,0,0,,,,,,,,,
0.75,1.2177724040009463,512,Z4C_AXIS_TERM_POINT_DIAGNOSTIC,,A_geometric_xx,,-9.7165458360052176e-06,0,0,,,,,,,,,
0.75,1.2177724040009463,512,Z4C_AXIS_TERM_POINT_DIAGNOSTIC,,A_geometric_xy,,2.1822021249598311e-14,0,0,,,,,,,,,
0.75,1.2177724040009463,512,Z4C_AXIS_TERM_POINT_DIAGNOSTIC,,A_geometric_xz,,0,0,0,,,,,,,,,
0.75,1.2177724040009463,512,Z4C_AXIS_TERM_POINT_DIAGNOSTIC,,A_geometric_yy,,-6.8831035739696269e-05,0,0,,,,,,,,,
0.75,1.2177724040009463,512,Z4C_AXIS_TERM_POINT_DIAGNOSTIC,,A_geometric_yz,,0,0,0,,,,,,,,,
0.75,1.2177724040009463,512,Z4C_AXIS_TERM_POINT_DIAGNOSTIC,,A_geometric_zz,,-9.7165458360052176e-06,0,0,,,,,,,,,
0.75,1.2177724040009463,512,Z4C_AXIS_TERM_POINT_DIAGNOSTIC,,A_trace_xx,,2.9421032795057863e-05,0,0,,,,,,,,,
0.75,1.2177724040009463,512,Z4C_AXIS_TERM_POINT_DIAGNOSTIC,,A_trace_xy,,0,0,0,,,,,,,,,
0.75,1.2177724040009463,512,Z4C_AXIS_TERM_POINT_DIAGNOSTIC,,A_trace_xz,,0,0,0,,,,,,,,,
0.75,1.2177724040009463,512,Z4C_AXIS_TERM_POINT_DIAGNOSTIC,,A_trace_yy,,2.9421472647163525e-05,0,0,,,,,,,,,
0.75,1.2177724040009463,512,Z4C_AXIS_TERM_POINT_DIAGNOSTIC,,A_trace_yz,,0,0,0,,,,,,,,,
0.75,1.2177724040009463,512,Z4C_AXIS_TERM_POINT_DIAGNOSTIC,,A_trace_zz,,2.9421032795057863e-05,0,0,,,,,,,,,
0.75,1.2177724040009463,512,Z4C_AXIS_TERM_POINT_DIAGNOSTIC,,A_nonlinear_xx,,-2.7307698257457416e-10,0,0,,,,,,,,,
0.75,1.2177724040009463,512,Z4C_AXIS_TERM_POINT_DIAGNOSTIC,,A_nonlinear_xy,,-0,0,0,,,,,,,,,
0.75,1.2177724040009463,512,Z4C_AXIS_TERM_POINT_DIAGNOSTIC,,A_nonlinear_xz,,-0,0,0,,,,,,,,,
0.75,1.2177724040009463,512,Z4C_AXIS_TERM_POINT_DIAGNOSTIC,,A_nonlinear_yy,,3.4889457708982718e-11,0,0,,,,,,,,,
0.75,1.2177724040009463,512,Z4C_AXIS_TERM_POINT_DIAGNOSTIC,,A_nonlinear_yz,,-0,0,0,,,,,,,,,
0.75,1.2177724040009463,512,Z4C_AXIS_TERM_POINT_DIAGNOSTIC,,A_nonlinear_zz,,-2.7307698257457416e-10,0,0,,,,,,,,,
0.75,1.2177724040009463,512,Z4C_AXIS_TERM_POINT_DIAGNOSTIC,,A_lie_xx,,-4.592819558559871e-11,0,0,,,,,,,,,
0.75,1.2177724040009463,512,Z4C_AXIS_TERM_POINT_DIAGNOSTIC,,A_lie_xy,,-1.1319159151814455e-36,0,0,,,,,,,,,
0.75,1.2177724040009463,512,Z4C_AXIS_TERM_POINT_DIAGNOSTIC,,A_lie_xz,,0,0,0,,,,,,,,,
0.75,1.2177724040009463,512,Z4C_AXIS_TERM_POINT_DIAGNOSTIC,,A_lie_yy,,-1.8371552889635562e-10,0,0,,,,,,,,,
0.75,1.2177724040009463,512,Z4C_AXIS_TERM_POINT_DIAGNOSTIC,,A_lie_yz,,0,0,0,,,,,,,,,
0.75,1.2177724040009463,512,Z4C_AXIS_TERM_POINT_DIAGNOSTIC,,A_lie_zz,,-4.592819558559871e-11,0,0,,,,,,,,,
0.75,1.2177724040009463,512,Z4C_AXIS_TERM_POINT_DIAGNOSTIC,,Gamma_divergence_x,,-4.2622518267739798e-20,0,0,,,,,,,,,
0.75,1.2177724040009463,512,Z4C_AXIS_TERM_POINT_DIAGNOSTIC,,Gamma_divergence_y,,-3.5670265987295258e-12,0,0,,,,,,,,,
0.75,1.2177724040009463,512,Z4C_AXIS_TERM_POINT_DIAGNOSTIC,,Gamma_divergence_z,,0,0,0,,,,,,,,,
0.75,1.2177724040009463,512,Z4C_AXIS_TERM_POINT_DIAGNOSTIC,,Gamma_lie_x,,1.2556203086007311e-20,0,0,,,,,,,,,
0.75,1.2177724040009463,512,Z4C_AXIS_TERM_POINT_DIAGNOSTIC,,Gamma_lie_y,,-6.5129842113115971e-12,0,0,,,,,,,,,
0.75,1.2177724040009463,512,Z4C_AXIS_TERM_POINT_DIAGNOSTIC,,Gamma_lie_z,,0,0,0,,,,,,,,,
0.75,1.2177724040009463,512,Z4C_AXIS_TERM_POINT_DIAGNOSTIC,,Gamma_damping_x,,-0,0,0,,,,,,,,,
0.75,1.2177724040009463,512,Z4C_AXIS_TERM_POINT_DIAGNOSTIC,,Gamma_damping_y,,-0,0,0,,,,,,,,,
0.75,1.2177724040009463,512,Z4C_AXIS_TERM_POINT_DIAGNOSTIC,,Gamma_damping_z,,-0,0,0,,,,,,,,,
0.75,1.2177724040009463,512,Z4C_AXIS_TERM_POINT_DIAGNOSTIC,,Gamma_lapse_gradient_x,,2.5681990930652847e-21,0,0,,,,,,,,,
0.75,1.2177724040009463,512,Z4C_AXIS_TERM_POINT_DIAGNOSTIC,,Gamma_lapse_gradient_y,,-5.3115957069267436e-18,0,0,,,,,,,,,
0.75,1.2177724040009463,512,Z4C_AXIS_TERM_POINT_DIAGNOSTIC,,Gamma_lapse_gradient_z,,0,0,0,,,,,,,,,
0.75,1.2177724040009463,512,Z4C_AXIS_TERM_POINT_DIAGNOSTIC,,A_hessian_xx,,0.0020978631933579045,0,0,,,,,,,,,
0.75,1.2177724040009463,512,Z4C_AXIS_TERM_POINT_DIAGNOSTIC,,A_hessian_xy,,1.8457551139959219e-14,0,0,,,,,,,,,
0.75,1.2177724040009463,512,Z4C_AXIS_TERM_POINT_DIAGNOSTIC,,A_hessian_xz,,-0,0,0,,,,,,,,,
0.75,1.2177724040009463,512,Z4C_AXIS_TERM_POINT_DIAGNOSTIC,,A_hessian_yy,,-0.0042840534710100438,0,0,,,,,,,,,
0.75,1.2177724040009463,512,Z4C_AXIS_TERM_POINT_DIAGNOSTIC,,A_hessian_yz,,-0,0,0,,,,,,,,,
0.75,1.2177724040009463,512,Z4C_AXIS_TERM_POINT_DIAGNOSTIC,,A_hessian_zz,,0.0020978631933579045,0,0,,,,,,,,,
0.75,1.2177724040009463,512,Z4C_AXIS_TERM_POINT_DIAGNOSTIC,,A_ricci_tensor_xx,,-0.0021075797391939097,0,0,,,,,,,,,
0.75,1.2177724040009463,512,Z4C_AXIS_TERM_POINT_DIAGNOSTIC,,A_ricci_tensor_xy,,3.3644701096390946e-15,0,0,,,,,,,,,
0.75,1.2177724040009463,512,Z4C_AXIS_TERM_POINT_DIAGNOSTIC,,A_ricci_tensor_xz,,0,0,0,,,,,,,,,
0.75,1.2177724040009463,512,Z4C_AXIS_TERM_POINT_DIAGNOSTIC,,A_ricci_tensor_yy,,0.0042152224352703478,0,0,,,,,,,,,
0.75,1.2177724040009463,512,Z4C_AXIS_TERM_POINT_DIAGNOSTIC,,A_ricci_tensor_yz,,0,0,0,,,,,,,,,
0.75,1.2177724040009463,512,Z4C_AXIS_TERM_POINT_DIAGNOSTIC,,A_ricci_tensor_zz,,-0.0021075797391939097,0,0,,,,,,,,,
0.75,1.2177724040009463,512,Z4C_AXIS_TERM_POINT_DIAGNOSTIC,,A_trace_lapse_xx,,2.9421012512063049e-05,0,0,,,,,,,,,
0.75,1.2177724040009463,512,Z4C_AXIS_TERM_POINT_DIAGNOSTIC,,A_trace_lapse_xy,,0,0,0,,,,,,,,,
0.75,1.2177724040009463,512,Z4C_AXIS_TERM_POINT_DIAGNOSTIC,,A_trace_lapse_xz,,0,0,0,,,,,,,,,
0.75,1.2177724040009463,512,Z4C_AXIS_TERM_POINT_DIAGNOSTIC,,A_trace_lapse_yy,,2.9421452363865477e-05,0,0,,,,,,,,,
0.75,1.2177724040009463,512,Z4C_AXIS_TERM_POINT_DIAGNOSTIC,,A_trace_lapse_yz,,0,0,0,,,,,,,,,
0.75,1.2177724040009463,512,Z4C_AXIS_TERM_POINT_DIAGNOSTIC,,A_trace_lapse_zz,,2.9421012512063049e-05,0,0,,,,,,,,,
0.75,1.2177724040009463,512,Z4C_AXIS_TERM_POINT_DIAGNOSTIC,,A_trace_ricci_xx,,2.028299481161097e-11,0,0,,,,,,,,,
0.75,1.2177724040009463,512,Z4C_AXIS_TERM_POINT_DIAGNOSTIC,,A_trace_ricci_xy,,0,0,0,,,,,,,,,
0.75,1.2177724040009463,512,Z4C_AXIS_TERM_POINT_DIAGNOSTIC,,A_trace_ricci_xz,,0,0,0,,,,,,,,,
0.75,1.2177724040009463,512,Z4C_AXIS_TERM_POINT_DIAGNOSTIC,,A_trace_ricci_yy,,2.0283298047667948e-11,0,0,,,,,,,,,
0.75,1.2177724040009463,512,Z4C_AXIS_TERM_POINT_DIAGNOSTIC,,A_trace_ricci_yz,,0,0,0,,,,,,,,,
0.75,1.2177724040009463,512,Z4C_AXIS_TERM_POINT_DIAGNOSTIC,,A_trace_ricci_zz,,2.028299481161097e-11,0,0,,,,,,,,,
0.75,1.2177724040009463,512,Z4C_AXIS_TERM_POINT_DIAGNOSTIC,,Gamma_advective_x,,0,0,0,,,,,,,,,
0.75,1.2177724040009463,512,Z4C_AXIS_TERM_POINT_DIAGNOSTIC,,Gamma_advective_y,,-6.878347575478128e-22,0,0,,,,,,,,,
0.75,1.2177724040009463,512,Z4C_AXIS_TERM_POINT_DIAGNOSTIC,,Gamma_advective_z,,0,0,0,,,,,,,,,
0.75,1.2177724040009463,512,Z4C_AXIS_TERM_POINT_DIAGNOSTIC,,Gamma_expansion_x,,-8.6878808908841755e-21,0,0,,,,,,,,,
0.75,1.2177724040009463,512,Z4C_AXIS_TERM_POINT_DIAGNOSTIC,,Gamma_expansion_y,,-1.216661404836832e-18,0,0,,,,,,,,,
0.75,1.2177724040009463,512,Z4C_AXIS_TERM_POINT_DIAGNOSTIC,,Gamma_expansion_z,,0,0,0,,,,,,,,,
0.75,1.2177724040009463,512,Z4C_AXIS_TERM_POINT_DIAGNOSTIC,,Gamma_ddiv_x,,1.8339610156136217e-20,0,0,,,,,,,,,
0.75,1.2177724040009463,512,Z4C_AXIS_TERM_POINT_DIAGNOSTIC,,Gamma_ddiv_y,,-1.0771452655507635e-12,0,0,,,,,,,,,
0.75,1.2177724040009463,512,Z4C_AXIS_TERM_POINT_DIAGNOSTIC,,Gamma_ddiv_z,,0,0,0,,,,,,,,,
0.75,1.2177724040009463,512,Z4C_AXIS_TERM_POINT_DIAGNOSTIC,,Gamma_contraction_x,,2.0960221270248611e-21,0,0,,,,,,,,,
0.75,1.2177724040009463,512,Z4C_AXIS_TERM_POINT_DIAGNOSTIC,,Gamma_contraction_y,,1.23793313219243e-18,0,0,,,,,,,,,
0.75,1.2177724040009463,512,Z4C_AXIS_TERM_POINT_DIAGNOSTIC,,Gamma_contraction_z,,0,0,0,,,,,,,,,
0.75,1.2177724040009463,512,Z4C_AXIS_TERM_POINT_DIAGNOSTIC,,Gamma_second_x,,8.0845169373040867e-22,0,0,,,,,,,,,
0.75,1.2177724040009463,512,Z4C_AXIS_TERM_POINT_DIAGNOSTIC,,Gamma_second_y,,-5.4358389663447268e-12,0,0,,,,,,,,,
0.75,1.2177724040009463,512,Z4C_AXIS_TERM_POINT_DIAGNOSTIC,,Gamma_second_z,,0,0,0,,,,,,,,,
0.75,1.2177724040009463,512,Z4C_RHS_TERM_DIAGNOSTIC,,A_geometric_xx,0.20131987285572475,0.20131987285572475,5.3125,0,,,,,,,,,
0.75,1.2177724040009463,512,Z4C_RHS_TERM_DIAGNOSTIC,,A_geometric_xy,0.11283666112854919,0.11283666112854919,4.5625,0.75,,,,,,,,,
0.75,1.2177724040009463,512,Z4C_RHS_TERM_DIAGNOSTIC,,A_geometric_xz,0,0,16,16,,,,,,,,,
0.75,1.2177724040009463,512,Z4C_RHS_TERM_DIAGNOSTIC,,A_geometric_yy,0.19874001093069513,0.19874001093069513,5.3125,0,,,,,,,,,
0.75,1.2177724040009463,512,Z4C_RHS_TERM_DIAGNOSTIC,,A_geometric_yz,0,0,16,16,,,,,,,,,
0.75,1.2177724040009463,512,Z4C_RHS_TERM_DIAGNOSTIC,,A_geometric_zz,0.63372714024096577,0.63372714024096577,4.875,0,,,,,,,,,
0.75,1.2177724040009463,512,Z4C_RHS_TERM_DIAGNOSTIC,,A_trace_xx,0.14704791012939517,-0.14704791012939517,5.28125,0,,,,,,,,,
0.75,1.2177724040009463,512,Z4C_RHS_TERM_DIAGNOSTIC,,A_trace_xy,0.0040656185877201096,-0.0040656185877201096,4.40625,-0.84375,,,,,,,,,
0.75,1.2177724040009463,512,Z4C_RHS_TERM_DIAGNOSTIC,,A_trace_xz,0,-0,16,16,,,,,,,,,
0.75,1.2177724040009463,512,Z4C_RHS_TERM_DIAGNOSTIC,,A_trace_yy,0.14327523251190327,-0.14327523251190327,5.28125,0,,,,,,,,,
0.75,1.2177724040009463,512,Z4C_RHS_TERM_DIAGNOSTIC,,A_trace_yz,0,-0,16,16,,,,,,,,,
0.75,1.2177724040009463,512,Z4C_RHS_TERM_DIAGNOSTIC,,A_trace_zz,0.37041391891120273,-0.37041391891120273,5.28125,0,,,,,,,,,
0.75,1.2177724040009463,512,Z4C_RHS_TERM_DIAGNOSTIC,,A_nonlinear_xx,0.12180439439959896,-0.12180439439959896,5.21875,0,,,,,,,,,
0.75,1.2177724040009463,512,Z4C_RHS_TERM_DIAGNOSTIC,,A_nonlinear_xy,0.042065322281875574,-0.042065322281875574,5,-0.3125,,,,,,,,,
0.75,1.2177724040009463,512,Z4C_RHS_TERM_DIAGNOSTIC,,A_nonlinear_xz,0,-0,16,16,,,,,,,,,
0.75,1.2177724040009463,512,Z4C_RHS_TERM_DIAGNOSTIC,,A_nonlinear_yy,0.1251908582085402,-0.1251908582085402,5.28125,0,,,,,,,,,
0.75,1.2177724040009463,512,Z4C_RHS_TERM_DIAGNOSTIC,,A_nonlinear_yz,0,-0,16,16,,,,,,,,,
0.75,1.2177724040009463,512,Z4C_RHS_TERM_DIAGNOSTIC,,A_nonlinear_zz,1.3620636683280591,-1.3620636683280591,5.25,0,,,,,,,,,
0.75,1.2177724040009463,512,Z4C_RHS_TERM_DIAGNOSTIC,,A_lie_xx,0.02012389845520704,-0.02012389845520704,6.09375,0,,,,,,,,,
0.75,1.2177724040009463,512,Z4C_RHS_TERM_DIAGNOSTIC,,A_lie_xy,0.016609446420934419,0.016609446420934419,5.34375,0.46875,,,,,,,,,
0.75,1.2177724040009463,512,Z4C_RHS_TERM_DIAGNOSTIC,,A_lie_xz,0,0,16,16,,,,,,,,,
0.75,1.2177724040009463,512,Z4C_RHS_TERM_DIAGNOSTIC,,A_lie_yy,0.031753025154691333,0.031753025154691333,4.90625,0.1875,,,,,,,,,
0.75,1.2177724040009463,512,Z4C_RHS_TERM_DIAGNOSTIC,,A_lie_yz,0,0,16,16,,,,,,,,,
0.75,1.2177724040009463,512,Z4C_RHS_TERM_DIAGNOSTIC,,A_lie_zz,0.11820911179352118,-0.11820911179352118,4.90625,0,,,,,,,,,
0.75,1.2177724040009463,512,Z4C_RHS_TERM_DIAGNOSTIC,,Gamma_divergence_x,0.49087791463579789,-0.49087791463579789,5.03125,0,,,,,,,,,
0.75,1.2177724040009463,512,Z4C_RHS_TERM_DIAGNOSTIC,,Gamma_divergence_y,0.44870863966900221,0.44870863966900221,5.28125,0.28125,,,,,,,,,
0.75,1.2177724040009463,512,Z4C_RHS_TERM_DIAGNOSTIC,,Gamma_divergence_z,0,0,16,16,,,,,,,,,
0.75,1.2177724040009463,512,Z4C_RHS_TERM_DIAGNOSTIC,,Gamma_lie_x,0.90230805787539947,0.90230805787539947,3.5625,0,,,,,,,,,
0.75,1.2177724040009463,512,Z4C_RHS_TERM_DIAGNOSTIC,,Gamma_lie_y,0.73924477787697018,0.73924477787697018,5.03125,-1.6875,,,,,,,,,
0.75,1.2177724040009463,512,Z4C_RHS_TERM_DIAGNOSTIC,,Gamma_lie_z,0,0,16,16,,,,,,,,,
0.75,1.2177724040009463,512,Z4C_RHS_TERM_DIAGNOSTIC,,Gamma_damping_x,0,-0,16,16,,,,,,,,,
0.75,1.2177724040009463,512,Z4C_RHS_TERM_DIAGNOSTIC,,Gamma_damping_y,0,-0,16,16,,,,,,,,,
0.75,1.2177724040009463,512,Z4C_RHS_TERM_DIAGNOSTIC,,Gamma_damping_z,0,-0,16,16,,,,,,,,,
0.75,1.2177724040009463,512,Z4C_RHS_TERM_DIAGNOSTIC,,Gamma_lapse_gradient_x,0.076271903606309782,0.076271903606309782,4.84375,0,,,,,,,,,
0.75,1.2177724040009463,512,Z4C_RHS_TERM_DIAGNOSTIC,,Gamma_lapse_gradient_y,0.038232001359934868,0.038232001359934868,4.96875,-0.4375,,,,,,,,,
0.75,1.2177724040009463,512,Z4C_RHS_TERM_DIAGNOSTIC,,Gamma_lapse_gradient_z,0,0,16,16,,,,,,,,,
0.75,1.2177724040009463,512,Z4C_RHS_TERM_DIAGNOSTIC,,A_hessian_xx,0.077785095019895709,-0.077785095019895709,4.28125,0,,,,,,,,,
0.75,1.2177724040009463,512,Z4C_RHS_TERM_DIAGNOSTIC,,A_hessian_xy,0.034113543684840944,0.034113543684840944,4.6875,0.71875,,,,,,,,,
0.75,1.2177724040009463,512,Z4C_RHS_TERM_DIAGNOSTIC,,A_hessian_xz,0,-0,16,16,,,,,,,,,
0.75,1.2177724040009463,512,Z4C_RHS_TERM_DIAGNOSTIC,,A_hessian_yy,0.068465379044573699,-0.068465379044573699,5.375,-1.09375,,,,,,,,,
0.75,1.2177724040009463,512,Z4C_RHS_TERM_DIAGNOSTIC,,A_hessian_yz,0,-0,16,16,,,,,,,,,
0.75,1.2177724040009463,512,Z4C_RHS_TERM_DIAGNOSTIC,,A_hessian_zz,0.028773980846944214,-0.028773980846944214,4.65625,0,,,,,,,,,
0.75,1.2177724040009463,512,Z4C_RHS_TERM_DIAGNOSTIC,,A_ricci_tensor_xx,0.17385447455270192,0.17385447455270192,5.28125,0,,,,,,,,,
0.75,1.2177724040009463,512,Z4C_RHS_TERM_DIAGNOSTIC,,A_ricci_tensor_xy,0.082644775093461451,-0.082644775093461451,4.5,-0.78125,,,,,,,,,
0.75,1.2177724040009463,512,Z4C_RHS_TERM_DIAGNOSTIC,,A_ricci_tensor_xz,0,0,16,16,,,,,,,,,
0.75,1.2177724040009463,512,Z4C_RHS_TERM_DIAGNOSTIC,,A_ricci_tensor_yy,0.17748801419825863,0.17748801419825863,5.3125,0,,,,,,,,,
0.75,1.2177724040009463,512,Z4C_RHS_TERM_DIAGNOSTIC,,A_ricci_tensor_yz,0,0,16,16,,,,,,,,,
0.75,1.2177724040009463,512,Z4C_RHS_TERM_DIAGNOSTIC,,A_ricci_tensor_zz,0.65266764398268462,0.65266764398268462,4.875,0,,,,,,,,,
0.75,1.2177724040009463,512,Z4C_RHS_TERM_DIAGNOSTIC,,A_trace_lapse_xx,0.032131662067964355,0.032131662067964355,4.9375,1.09375,,,,,,,,,
0.75,1.2177724040009463,512,Z4C_RHS_TERM_DIAGNOSTIC,,A_trace_lapse_xy,0.0045919672116994685,0.0045919672116994685,4.40625,0.8125,,,,,,,,,
0.75,1.2177724040009463,512,Z4C_RHS_TERM_DIAGNOSTIC,,A_trace_lapse_xz,0,0,16,16,,,,,,,,,
0.75,1.2177724040009463,512,Z4C_RHS_TERM_DIAGNOSTIC,,A_trace_lapse_yy,0.039457061617909281,0.039457061617909281,4.21875,0,,,,,,,,,
0.75,1.2177724040009463,512,Z4C_RHS_TERM_DIAGNOSTIC,,A_trace_lapse_yz,0,0,16,16,,,,,,,,,
0.75,1.2177724040009463,512,Z4C_RHS_TERM_DIAGNOSTIC,,A_trace_lapse_zz,0.05877461534939956,0.05877461534939956,4.28125,0,,,,,,,,,
0.75,1.2177724040009463,512,Z4C_RHS_TERM_DIAGNOSTIC,,A_trace_ricci_xx,0.13121583908963524,-0.13121583908963524,5.28125,0,,,,,,,,,
0.75,1.2177724040009463,512,Z4C_RHS_TERM_DIAGNOSTIC,,A_trace_ricci_xy,0.00096554045131716254,0.00096554045131716254,4.875,-0.4375,,,,,,,,,
0.75,1.2177724040009463,512,Z4C_RHS_TERM_DIAGNOSTIC,,A_trace_ricci_xz,0,-0,16,16,,,,,,,,,
0.75,1.2177724040009463,512,Z4C_RHS_TERM_DIAGNOSTIC,,A_trace_ricci_yy,0.12784935085625421,-0.12784935085625421,5.28125,0,,,,,,,,,
0.75,1.2177724040009463,512,Z4C_RHS_TERM_DIAGNOSTIC,,A_trace_ricci_yz,0,-0,16,16,,,,,,,,,
0.75,1.2177724040009463,512,Z4C_RHS_TERM_DIAGNOSTIC,,A_trace_ricci_zz,0.33108107464339093,-0.33108107464339093,5.25,0,,,,,,,,,
0.75,1.2177724040009463,512,Z4C_RHS_TERM_DIAGNOSTIC,,Gamma_advective_x,0.096451171465783053,-0.096451171465783053,3.625,0,,,,,,,,,
0.75,1.2177724040009463,512,Z4C_RHS_TERM_DIAGNOSTIC,,Gamma_advective_y,0.062997425660088452,0.062997425660088452,4.46875,1.46875,,,,,,,,,
0.75,1.2177724040009463,512,Z4C_RHS_TERM_DIAGNOSTIC,,Gamma_advective_z,0,0,16,16,,,,,,,,,
0.75,1.2177724040009463,512,Z4C_RHS_TERM_DIAGNOSTIC,,Gamma_expansion_x,0.024727250525897786,-0.024727250525897786,6.625,0,,,,,,,,,
0.75,1.2177724040009463,512,Z4C_RHS_TERM_DIAGNOSTIC,,Gamma_expansion_y,0.01460285428530079,0.01460285428530079,5.28125,-1.34375,,,,,,,,,
0.75,1.2177724040009463,512,Z4C_RHS_TERM_DIAGNOSTIC,,Gamma_expansion_z,0,-0,16,16,,,,,,,,,
0.75,1.2177724040009463,512,Z4C_RHS_TERM_DIAGNOSTIC,,Gamma_ddiv_x,0.24549315421024337,0.24549315421024337,3.5625,0,,,,,,,,,
0.75,1.2177724040009463,512,Z4C_RHS_TERM_DIAGNOSTIC,,Gamma_ddiv_y,0.19666556014460815,-0.19666556014460815,5.21875,1.71875,,,,,,,,,
0.75,1.2177724040009463,512,Z4C_RHS_TERM_DIAGNOSTIC,,Gamma_ddiv_z,0,0,16,16,,,,,,,,,
0.75,1.2177724040009463,512,Z4C_RHS_TERM_DIAGNOSTIC,,Gamma_contraction_x,0.032931408104375968,-0.032931408104375968,3.125,0,,,,,,,,,
0.75,1.2177724040009463,512,Z4C_RHS_TERM_DIAGNOSTIC,,Gamma_contraction_y,0.01761302884358296,-0.01761302884358296,5.4375,-1.3125,,,,,,,,,
0.75,1.2177724040009463,512,Z4C_RHS_TERM_DIAGNOSTIC,,Gamma_contraction_z,0,0,16,16,,,,,,,,,
0.75,1.2177724040009463,512,Z4C_RHS_TERM_DIAGNOSTIC,,Gamma_second_x,0.75407337935153229,0.75407337935153229,3.59375,0,,,,,,,,,
0.75,1.2177724040009463,512,Z4C_RHS_TERM_DIAGNOSTIC,,Gamma_second_y,0.60102115582590676,-0.60102115582590676,4.875,1.65625,,,,,,,,,
0.75,1.2177724040009463,512,Z4C_RHS_TERM_DIAGNOSTIC,,Gamma_second_z,0,0,16,16,,,,,,,,,
0.75,1.2177724040009463,512,Z4C_AXIS_RHS_PAIR_DIAGNOSTIC,,,,,,16,0,0,0,0,0,0,0,0,0
1.0,1.6236846569991397,128,Z4C_RHS_STAGE_DIAGNOSTIC,z4c_chi,,,,,,,,,,,,,,
1.0,1.6236846569991397,128,Z4C_RHS_STAGE_DIAGNOSTIC,z4c_gxx,,,,,,,,,,,,,,
1.0,1.6236846569991397,128,Z4C_RHS_STAGE_DIAGNOSTIC,z4c_gxy,,,,,,,,,,,,,,
1.0,1.6236846569991397,128,Z4C_RHS_STAGE_DIAGNOSTIC,z4c_gxz,,,,,,,,,,,,,,
1.0,1.6236846569991397,128,Z4C_RHS_STAGE_DIAGNOSTIC,z4c_gyy,,,,,,,,,,,,,,
1.0,1.6236846569991397,128,Z4C_RHS_STAGE_DIAGNOSTIC,z4c_gyz,,,,,,,,,,,,,,
1.0,1.6236846569991397,128,Z4C_RHS_STAGE_DIAGNOSTIC,z4c_gzz,,,,,,,,,,,,,,
1.0,1.6236846569991397,128,Z4C_RHS_STAGE_DIAGNOSTIC,z4c_Khat,,,,,,,,,,,,,,
1.0,1.6236846569991397,128,Z4C_RHS_STAGE_DIAGNOSTIC,z4c_Axx,,,,,,,,,,,,,,
1.0,1.6236846569991397,128,Z4C_RHS_STAGE_DIAGNOSTIC,z4c_Axy,,,,,,,,,,,,,,
1.0,1.6236846569991397,128,Z4C_RHS_STAGE_DIAGNOSTIC,z4c_Axz,,,,,,,,,,,,,,
1.0,1.6236846569991397,128,Z4C_RHS_STAGE_DIAGNOSTIC,z4c_Ayy,,,,,,,,,,,,,,
1.0,1.6236846569991397,128,Z4C_RHS_STAGE_DIAGNOSTIC,z4c_Ayz,,,,,,,,,,,,,,
1.0,1.6236846569991397,128,Z4C_RHS_STAGE_DIAGNOSTIC,z4c_Azz,,,,,,,,,,,,,,
1.0,1.6236846569991397,128,Z4C_RHS_STAGE_DIAGNOSTIC,z4c_Gamx,,,,,,,,,,,,,,
1.0,1.6236846569991397,128,Z4C_RHS_STAGE_DIAGNOSTIC,z4c_Gamy,,,,,,,,,,,,,,
1.0,1.6236846569991397,128,Z4C_RHS_STAGE_DIAGNOSTIC,z4c_Gamz,,,,,,,,,,,,,,
1.0,1.6236846569991397,128,Z4C_RHS_STAGE_DIAGNOSTIC,z4c_Theta,,,,,,,,,,,,,,
1.0,1.6236846569991397,128,Z4C_RHS_STAGE_DIAGNOSTIC,z4c_alpha,,,,,,,,,,,,,,
1.0,1.6236846569991397,128,Z4C_RHS_STAGE_DIAGNOSTIC,z4c_betax,,,,,,,,,,,,,,
1.0,1.6236846569991397,128,Z4C_RHS_STAGE_DIAGNOSTIC,z4c_betay,,,,,,,,,,,,,,
1.0,1.6236846569991397,128,Z4C_RHS_STAGE_DIAGNOSTIC,z4c_betaz,,,,,,,,,,,,,,
1.0,1.6236846569991397,128,Z4C_RHS_STAGE_DIAGNOSTIC,z4c_Bx,,,,,,,,,,,,,,
1.0,1.6236846569991397,128,Z4C_RHS_STAGE_DIAGNOSTIC,z4c_By,,,,,,,,,,,,,,
1.0,1.6236846569991397,128,Z4C_RHS_STAGE_DIAGNOSTIC,z4c_Bz,,,,,,,,,,,,,,
1.0,1.6236846569991397,128,Z4C_AXIS_RHS_PHASE_DIAGNOSTIC,z4c_chi,,,,0,0,,,,,,,,,
1.0,1.6236846569991397,128,Z4C_AXIS_RHS_PHASE_DIAGNOSTIC,z4c_gxx,,,,0,0,,,,,,,,,
1.0,1.6236846569991397,128,Z4C_AXIS_RHS_PHASE_DIAGNOSTIC,z4c_gxy,,,,0,0,,,,,,,,,
1.0,1.6236846569991397,128,Z4C_AXIS_RHS_PHASE_DIAGNOSTIC,z4c_gxz,,,,0,0,,,,,,,,,
1.0,1.6236846569991397,128,Z4C_AXIS_RHS_PHASE_DIAGNOSTIC,z4c_gyy,,,,0,0,,,,,,,,,
1.0,1.6236846569991397,128,Z4C_AXIS_RHS_PHASE_DIAGNOSTIC,z4c_gyz,,,,0,0,,,,,,,,,
1.0,1.6236846569991397,128,Z4C_AXIS_RHS_PHASE_DIAGNOSTIC,z4c_gzz,,,,0,0,,,,,,,,,
1.0,1.6236846569991397,128,Z4C_AXIS_RHS_PHASE_DIAGNOSTIC,z4c_Khat,,,,0,0,,,,,,,,,
1.0,1.6236846569991397,128,Z4C_AXIS_RHS_PHASE_DIAGNOSTIC,z4c_Axx,,,,0,0,,,,,,,,,
1.0,1.6236846569991397,128,Z4C_AXIS_RHS_PHASE_DIAGNOSTIC,z4c_Axy,,,,0,0,,,,,,,,,
1.0,1.6236846569991397,128,Z4C_AXIS_RHS_PHASE_DIAGNOSTIC,z4c_Axz,,,,0,0,,,,,,,,,
1.0,1.6236846569991397,128,Z4C_AXIS_RHS_PHASE_DIAGNOSTIC,z4c_Ayy,,,,0,0,,,,,,,,,
1.0,1.6236846569991397,128,Z4C_AXIS_RHS_PHASE_DIAGNOSTIC,z4c_Ayz,,,,0,0,,,,,,,,,
1.0,1.6236846569991397,128,Z4C_AXIS_RHS_PHASE_DIAGNOSTIC,z4c_Azz,,,,0,0,,,,,,,,,
1.0,1.6236846569991397,128,Z4C_AXIS_RHS_PHASE_DIAGNOSTIC,z4c_Gamx,,,,0,0,,,,,,,,,
1.0,1.6236846569991397,128,Z4C_AXIS_RHS_PHASE_DIAGNOSTIC,z4c_Gamy,,,,0,0,,,,,,,,,
1.0,1.6236846569991397,128,Z4C_AXIS_RHS_PHASE_DIAGNOSTIC,z4c_Gamz,,,,0,0,,,,,,,,,
1.0,1.6236846569991397,128,Z4C_AXIS_RHS_PHASE_DIAGNOSTIC,z4c_Theta,,,,0,0,,,,,,,,,
1.0,1.6236846569991397,128,Z4C_AXIS_RHS_PHASE_DIAGNOSTIC,z4c_alpha,,,,0,0,,,,,,,,,
1.0,1.6236846569991397,128,Z4C_AXIS_RHS_PHASE_DIAGNOSTIC,z4c_betax,,,,0,0,,,,,,,,,
1.0,1.6236846569991397,128,Z4C_AXIS_RHS_PHASE_DIAGNOSTIC,z4c_betay,,,,0,0,,,,,,,,,
1.0,1.6236846569991397,128,Z4C_AXIS_RHS_PHASE_DIAGNOSTIC,z4c_betaz,,,,0,0,,,,,,,,,
1.0,1.6236846569991397,128,Z4C_AXIS_RHS_PHASE_DIAGNOSTIC,z4c_Bx,,,,0,0,,,,,,,,,
1.0,1.6236846569991397,128,Z4C_AXIS_RHS_PHASE_DIAGNOSTIC,z4c_By,,,,0,0,,,,,,,,,
1.0,1.6236846569991397,128,Z4C_AXIS_RHS_PHASE_DIAGNOSTIC,z4c_Bz,,,,0,0,,,,,,,,,
1.0,1.6236846569991397,128,Z4C_AXIS_TERM_POINT_DIAGNOSTIC,,A_geometric_xx,,-1.7562498761404616e-05,0,0,,,,,,,,,
1.0,1.6236846569991397,128,Z4C_AXIS_TERM_POINT_DIAGNOSTIC,,A_geometric_xy,,6.8601997560682628e-16,0,0,,,,,,,,,
1.0,1.6236846569991397,128,Z4C_AXIS_TERM_POINT_DIAGNOSTIC,,A_geometric_xz,,0,0,0,,,,,,,,,
1.0,1.6236846569991397,128,Z4C_AXIS_TERM_POINT_DIAGNOSTIC,,A_geometric_yy,,-0.00011785347513207713,0,0,,,,,,,,,
1.0,1.6236846569991397,128,Z4C_AXIS_TERM_POINT_DIAGNOSTIC,,A_geometric_yz,,0,0,0,,,,,,,,,
1.0,1.6236846569991397,128,Z4C_AXIS_TERM_POINT_DIAGNOSTIC,,A_geometric_zz,,-1.7562498761404616e-05,0,0,,,,,,,,,
1.0,1.6236846569991397,128,Z4C_AXIS_TERM_POINT_DIAGNOSTIC,,A_trace_xx,,5.0990902480056186e-05,0,0,,,,,,,,,
1.0,1.6236846569991397,128,Z4C_AXIS_TERM_POINT_DIAGNOSTIC,,A_trace_xy,,0,0,0,,,,,,,,,
1.0,1.6236846569991397,128,Z4C_AXIS_TERM_POINT_DIAGNOSTIC,,A_trace_xz,,0,0,0,,,,,,,,,
1.0,1.6236846569991397,128,Z4C_AXIS_TERM_POINT_DIAGNOSTIC,,A_trace_yy,,5.0993397000328754e-05,0,0,,,,,,,,,
1.0,1.6236846569991397,128,Z4C_AXIS_TERM_POINT_DIAGNOSTIC,,A_trace_yz,,0,0,0,,,,,,,,,
1.0,1.6236846569991397,128,Z4C_AXIS_TERM_POINT_DIAGNOSTIC,,A_trace_zz,,5.0990902480056186e-05,0,0,,,,,,,,,
1.0,1.6236846569991397,128,Z4C_AXIS_TERM_POINT_DIAGNOSTIC,,A_nonlinear_xx,,-1.4404078989285971e-09,0,0,,,,,,,,,
1.0,1.6236846569991397,128,Z4C_AXIS_TERM_POINT_DIAGNOSTIC,,A_nonlinear_xy,,-0,0,0,,,,,,,,,
1.0,1.6236846569991397,128,Z4C_AXIS_TERM_POINT_DIAGNOSTIC,,A_nonlinear_xz,,-0,0,0,,,,,,,,,
1.0,1.6236846569991397,128,Z4C_AXIS_TERM_POINT_DIAGNOSTIC,,A_nonlinear_yy,,2.1135512100559712e-10,0,0,,,,,,,,,
1.0,1.6236846569991397,128,Z4C_AXIS_TERM_POINT_DIAGNOSTIC,,A_nonlinear_yz,,-0,0,0,,,,,,,,,
1.0,1.6236846569991397,128,Z4C_AXIS_TERM_POINT_DIAGNOSTIC,,A_nonlinear_zz,,-1.4404078989285971e-09,0,0,,,,,,,,,
1.0,1.6236846569991397,128,Z4C_AXIS_TERM_POINT_DIAGNOSTIC,,A_lie_xx,,-4.6466150403488114e-10,0,0,,,,,,,,,
1.0,1.6236846569991397,128,Z4C_AXIS_TERM_POINT_DIAGNOSTIC,,A_lie_xy,,2.918386127754595e-36,0,0,,,,,,,,,
1.0,1.6236846569991397,128,Z4C_AXIS_TERM_POINT_DIAGNOSTIC,,A_lie_xz,,0,0,0,,,,,,,,,
1.0,1.6236846569991397,128,Z4C_AXIS_TERM_POINT_DIAGNOSTIC,,A_lie_yy,,-1.8587369427546915e-09,0,0,,,,,,,,,
1.0,1.6236846569991397,128,Z4C_AXIS_TERM_POINT_DIAGNOSTIC,,A_lie_yz,,0,0,0,,,,,,,,,
1.0,1.6236846569991397,128,Z4C_AXIS_TERM_POINT_DIAGNOSTIC,,A_lie_zz,,-4.6466150403488114e-10,0,0,,,,,,,,,
1.0,1.6236846569991397,128,Z4C_AXIS_TERM_POINT_DIAGNOSTIC,,Gamma_divergence_x,,-6.3368642446718327e-21,0,0,,,,,,,,,
1.0,1.6236846569991397,128,Z4C_AXIS_TERM_POINT_DIAGNOSTIC,,Gamma_divergence_y,,-1.3999719892519033e-13,0,0,,,,,,,,,
1.0,1.6236846569991397,128,Z4C_AXIS_TERM_POINT_DIAGNOSTIC,,Gamma_divergence_z,,0,0,0,,,,,,,,,
1.0,1.6236846569991397,128,Z4C_AXIS_TERM_POINT_DIAGNOSTIC,,Gamma_lie_x,,3.9982325529973162e-21,0,0,,,,,,,,,
1.0,1.6236846569991397,128,Z4C_AXIS_TERM_POINT_DIAGNOSTIC,,Gamma_lie_y,,2.6740918149255229e-13,0,0,,,,,,,,,
1.0,1.6236846569991397,128,Z4C_AXIS_TERM_POINT_DIAGNOSTIC,,Gamma_lie_z,,0,0,0,,,,,,,,,
1.0,1.6236846569991397,128,Z4C_AXIS_TERM_POINT_DIAGNOSTIC,,Gamma_damping_x,,0,0,0,,,,,,,,,
1.0,1.6236846569991397,128,Z4C_AXIS_TERM_POINT_DIAGNOSTIC,,Gamma_damping_y,,-0,0,0,,,,,,,,,
1.0,1.6236846569991397,128,Z4C_AXIS_TERM_POINT_DIAGNOSTIC,,Gamma_damping_z,,-0,0,0,,,,,,,,,
1.0,1.6236846569991397,128,Z4C_AXIS_TERM_POINT_DIAGNOSTIC,,Gamma_lapse_gradient_x,,-4.8633314004336525e-21,0,0,,,,,,,,,
1.0,1.6236846569991397,128,Z4C_AXIS_TERM_POINT_DIAGNOSTIC,,Gamma_lapse_gradient_y,,-2.5443367806765e-20,0,0,,,,,,,,,
1.0,1.6236846569991397,128,Z4C_AXIS_TERM_POINT_DIAGNOSTIC,,Gamma_lapse_gradient_z,,0,0,0,,,,,,,,,
1.0,1.6236846569991397,128,Z4C_AXIS_TERM_POINT_DIAGNOSTIC,,A_hessian_xx,,0.002084469501599546,0,0,,,,,,,,,
1.0,1.6236846569991397,128,Z4C_AXIS_TERM_POINT_DIAGNOSTIC,,A_hessian_xy,,6.2966393847140967e-16,0,0,,,,,,,,,
1.0,1.6236846569991397,128,Z4C_AXIS_TERM_POINT_DIAGNOSTIC,,A_hessian_xz,,-0,0,0,,,,,,,,,
1.0,1.6236846569991397,128,Z4C_AXIS_TERM_POINT_DIAGNOSTIC,,A_hessian_yy,,-0.0043235769861810283,0,0,,,,,,,,,
1.0,1.6236846569991397,128,Z4C_AXIS_TERM_POINT_DIAGNOSTIC,,A_hessian_yz,,-0,0,0,,,,,,,,,
1.0,1.6236846569991397,128,Z4C_AXIS_TERM_POINT_DIAGNOSTIC,,A_hessian_zz,,0.002084469501599546,0,0,,,,,,,,,
1.0,1.6236846569991397,128,Z4C_AXIS_TERM_POINT_DIAGNOSTIC,,A_ricci_tensor_xx,,-0.0021020320003609506,0,0,,,,,,,,,
1.0,1.6236846569991397,128,Z4C_AXIS_TERM_POINT_DIAGNOSTIC,,A_ricci_tensor_xy,,5.6356037135416547e-17,0,0,,,,,,,,,
1.0,1.6236846569991397,128,Z4C_AXIS_TERM_POINT_DIAGNOSTIC,,A_ricci_tensor_xz,,0,0,0,,,,,,,,,
1.0,1.6236846569991397,128,Z4C_AXIS_TERM_POINT_DIAGNOSTIC,,A_ricci_tensor_yy,,0.0042057235110489512,0,0,,,,,,,,,
1.0,1.6236846569991397,128,Z4C_AXIS_TERM_POINT_DIAGNOSTIC,,A_ricci_tensor_yz,,0,0,0,,,,,,,,,
1.0,1.6236846569991397,128,Z4C_AXIS_TERM_POINT_DIAGNOSTIC,,A_ricci_tensor_zz,,-0.0021020320003609506,0,0,,,,,,,,,
1.0,1.6236846569991397,128,Z4C_AXIS_TERM_POINT_DIAGNOSTIC,,A_trace_lapse_xx,,5.1475493366557268e-05,0,0,,,,,,,,,
1.0,1.6236846569991397,128,Z4C_AXIS_TERM_POINT_DIAGNOSTIC,,A_trace_lapse_xy,,0,0,0,,,,,,,,,
1.0,1.6236846569991397,128,Z4C_AXIS_TERM_POINT_DIAGNOSTIC,,A_trace_lapse_xz,,0,0,0,,,,,,,,,
1.0,1.6236846569991397,128,Z4C_AXIS_TERM_POINT_DIAGNOSTIC,,A_trace_lapse_yy,,5.1478011593446734e-05,0,0,,,,,,,,,
1.0,1.6236846569991397,128,Z4C_AXIS_TERM_POINT_DIAGNOSTIC,,A_trace_lapse_yz,,0,0,0,,,,,,,,,
1.0,1.6236846569991397,128,Z4C_AXIS_TERM_POINT_DIAGNOSTIC,,A_trace_lapse_zz,,5.1475493366557268e-05,0,0,,,,,,,,,
1.0,1.6236846569991397,128,Z4C_AXIS_TERM_POINT_DIAGNOSTIC,,A_trace_ricci_xx,,-4.8459088650108443e-07,0,0,,,,,,,,,
1.0,1.6236846569991397,128,Z4C_AXIS_TERM_POINT_DIAGNOSTIC,,A_trace_ricci_xy,,-0,0,0,,,,,,,,,
1.0,1.6236846569991397,128,Z4C_AXIS_TERM_POINT_DIAGNOSTIC,,A_trace_ricci_xz,,-0,0,0,,,,,,,,,
1.0,1.6236846569991397,128,Z4C_AXIS_TERM_POINT_DIAGNOSTIC,,A_trace_ricci_yy,,-4.8461459311798055e-07,0,0,,,,,,,,,
1.0,1.6236846569991397,128,Z4C_AXIS_TERM_POINT_DIAGNOSTIC,,A_trace_ricci_yz,,-0,0,0,,,,,,,,,
1.0,1.6236846569991397,128,Z4C_AXIS_TERM_POINT_DIAGNOSTIC,,A_trace_ricci_zz,,-4.8459088650108443e-07,0,0,,,,,,,,,
1.0,1.6236846569991397,128,Z4C_AXIS_TERM_POINT_DIAGNOSTIC,,Gamma_advective_x,,0,0,0,,,,,,,,,
1.0,1.6236846569991397,128,Z4C_AXIS_TERM_POINT_DIAGNOSTIC,,Gamma_advective_y,,-3.7983123520375343e-20,0,0,,,,,,,,,
1.0,1.6236846569991397,128,Z4C_AXIS_TERM_POINT_DIAGNOSTIC,,Gamma_advective_z,,0,0,0,,,,,,,,,
1.0,1.6236846569991397,128,Z4C_AXIS_TERM_POINT_DIAGNOSTIC,,Gamma_expansion_x,,-5.6934947672701566e-22,0,0,,,,,,,,,
1.0,1.6236846569991397,128,Z4C_AXIS_TERM_POINT_DIAGNOSTIC,,Gamma_expansion_y,,7.5924333283946336e-20,0,0,,,,,,,,,
1.0,1.6236846569991397,128,Z4C_AXIS_TERM_POINT_DIAGNOSTIC,,Gamma_expansion_z,,-0,0,0,,,,,,,,,
1.0,1.6236846569991397,128,Z4C_AXIS_TERM_POINT_DIAGNOSTIC,,Gamma_ddiv_x,,1.4653251314828045e-21,0,0,,,,,,,,,
1.0,1.6236846569991397,128,Z4C_AXIS_TERM_POINT_DIAGNOSTIC,,Gamma_ddiv_y,,5.4446033385733531e-14,0,0,,,,,,,,,
1.0,1.6236846569991397,128,Z4C_AXIS_TERM_POINT_DIAGNOSTIC,,Gamma_ddiv_z,,0,0,0,,,,,,,,,
1.0,1.6236846569991397,128,Z4C_AXIS_TERM_POINT_DIAGNOSTIC,,Gamma_contraction_x,,2.0944685420489315e-21,0,0,,,,,,,,,
1.0,1.6236846569991397,128,Z4C_AXIS_TERM_POINT_DIAGNOSTIC,,Gamma_contraction_y,,4.4471988908288119e-19,0,0,,,,,,,,,
1.0,1.6236846569991397,128,Z4C_AXIS_TERM_POINT_DIAGNOSTIC,,Gamma_contraction_z,,0,0,0,,,,,,,,,
1.0,1.6236846569991397,128,Z4C_AXIS_TERM_POINT_DIAGNOSTIC,,Gamma_second_x,,1.0077883561925963e-21,0,0,,,,,,,,,
1.0,1.6236846569991397,128,Z4C_AXIS_TERM_POINT_DIAGNOSTIC,,Gamma_second_y,,2.1296266544571992e-13,0,0,,,,,,,,,
1.0,1.6236846569991397,128,Z4C_AXIS_TERM_POINT_DIAGNOSTIC,,Gamma_second_z,,0,0,0,,,,,,,,,
1.0,1.6236846569991397,128,Z4C_RHS_TERM_DIAGNOSTIC,,A_geometric_xx,0.35755064285342469,0.35755064285342469,5.25,0,,,,,,,,,
1.0,1.6236846569991397,128,Z4C_RHS_TERM_DIAGNOSTIC,,A_geometric_xy,0.093398176417016587,-0.093398176417016587,4.375,-1,,,,,,,,,
1.0,1.6236846569991397,128,Z4C_RHS_TERM_DIAGNOSTIC,,A_geometric_xz,0,0,16,16,,,,,,,,,
1.0,1.6236846569991397,128,Z4C_RHS_TERM_DIAGNOSTIC,,A_geometric_yy,0.3496550799233184,0.3496550799233184,5.25,0,,,,,,,,,
1.0,1.6236846569991397,128,Z4C_RHS_TERM_DIAGNOSTIC,,A_geometric_yz,0,0,16,16,,,,,,,,,
1.0,1.6236846569991397,128,Z4C_RHS_TERM_DIAGNOSTIC,,A_geometric_zz,0.42820118232485016,-0.42820118232485016,5.375,0,,,,,,,,,
1.0,1.6236846569991397,128,Z4C_RHS_TERM_DIAGNOSTIC,,A_trace_xx,0.14136278055898582,-0.14136278055898582,5.25,0,,,,,,,,,
1.0,1.6236846569991397,128,Z4C_RHS_TERM_DIAGNOSTIC,,A_trace_xy,0.0031000585321741248,0.0031000585321741248,4.125,1,,,,,,,,,
1.0,1.6236846569991397,128,Z4C_RHS_TERM_DIAGNOSTIC,,A_trace_xz,0,-0,16,16,,,,,,,,,
1.0,1.6236846569991397,128,Z4C_RHS_TERM_DIAGNOSTIC,,A_trace_yy,0.13795548070370242,-0.13795548070370242,5.25,0,,,,,,,,,
1.0,1.6236846569991397,128,Z4C_RHS_TERM_DIAGNOSTIC,,A_trace_yz,0,-0,16,16,,,,,,,,,
1.0,1.6236846569991397,128,Z4C_RHS_TERM_DIAGNOSTIC,,A_trace_zz,0.2124214113684238,-0.2124214113684238,5.125,0,,,,,,,,,
1.0,1.6236846569991397,128,Z4C_RHS_TERM_DIAGNOSTIC,,A_nonlinear_xx,0.15603752342192956,-0.15603752342192956,5.125,0,,,,,,,,,
1.0,1.6236846569991397,128,Z4C_RHS_TERM_DIAGNOSTIC,,A_nonlinear_xy,0.051988077954808337,0.051988077954808337,5,0.375,,,,,,,,,
1.0,1.6236846569991397,128,Z4C_RHS_TERM_DIAGNOSTIC,,A_nonlinear_xz,0,-0,16,16,,,,,,,,,
1.0,1.6236846569991397,128,Z4C_RHS_TERM_DIAGNOSTIC,,A_nonlinear_yy,0.15423047591414787,-0.15423047591414787,5.25,0,,,,,,,,,
1.0,1.6236846569991397,128,Z4C_RHS_TERM_DIAGNOSTIC,,A_nonlinear_yz,0,-0,16,16,,,,,,,,,
1.0,1.6236846569991397,128,Z4C_RHS_TERM_DIAGNOSTIC,,A_nonlinear_zz,0.67156385512460071,-0.67156385512460071,5.125,0,,,,,,,,,
1.0,1.6236846569991397,128,Z4C_RHS_TERM_DIAGNOSTIC,,A_lie_xx,0.019251319340528456,0.019251319340528456,4.75,0,,,,,,,,,
1.0,1.6236846569991397,128,Z4C_RHS_TERM_DIAGNOSTIC,,A_lie_xy,0.013301127401846358,-0.013301127401846358,5.5,-0.5,,,,,,,,,
1.0,1.6236846569991397,128,Z4C_RHS_TERM_DIAGNOSTIC,,A_lie_xz,0,0,16,16,,,,,,,,,
1.0,1.6236846569991397,128,Z4C_RHS_TERM_DIAGNOSTIC,,A_lie_yy,0.023938762059944146,0.023938762059944146,4.875,-0.375,,,,,,,,,
1.0,1.6236846569991397,128,Z4C_RHS_TERM_DIAGNOSTIC,,A_lie_yz,0,0,16,16,,,,,,,,,
1.0,1.6236846569991397,128,Z4C_RHS_TERM_DIAGNOSTIC,,A_lie_zz,0.052204089613097582,0.052204089613097582,6,0,,,,,,,,,
1.0,1.6236846569991397,128,Z4C_RHS_TERM_DIAGNOSTIC,,Gamma_divergence_x,0.46002152014229158,0.46002152014229158,5.625,0,,,,,,,,,
1.0,1.6236846569991397,128,Z4C_RHS_TERM_DIAGNOSTIC,,Gamma_divergence_y,0.42363036581438723,-0.42363036581438723,5.375,-0.375,,,,,,,,,
1.0,1.6236846569991397,128,Z4C_RHS_TERM_DIAGNOSTIC,,Gamma_divergence_z,0,0,16,16,,,,,,,,,
1.0,1.6236846569991397,128,Z4C_RHS_TERM_DIAGNOSTIC,,Gamma_lie_x,0.63929604971247089,0.63929604971247089,3.125,0,,,,,,,,,
1.0,1.6236846569991397,128,Z4C_RHS_TERM_DIAGNOSTIC,,Gamma_lie_y,0.51321728277642209,-0.51321728277642209,4.875,2.125,,,,,,,,,
1.0,1.6236846569991397,128,Z4C_RHS_TERM_DIAGNOSTIC,,Gamma_lie_z,0,0,16,16,,,,,,,,,
1.0,1.6236846569991397,128,Z4C_RHS_TERM_DIAGNOSTIC,,Gamma_damping_x,0,-0,16,16,,,,,,,,,
1.0,1.6236846569991397,128,Z4C_RHS_TERM_DIAGNOSTIC,,Gamma_damping_y,0,-0,16,16,,,,,,,,,
1.0,1.6236846569991397,128,Z4C_RHS_TERM_DIAGNOSTIC,,Gamma_damping_z,0,-0,16,16,,,,,,,,,
1.0,1.6236846569991397,128,Z4C_RHS_TERM_DIAGNOSTIC,,Gamma_lapse_gradient_x,0.072773704611662465,0.072773704611662465,4.625,0,,,,,,,,,
1.0,1.6236846569991397,128,Z4C_RHS_TERM_DIAGNOSTIC,,Gamma_lapse_gradient_y,0.04366958691969048,-0.04366958691969048,4.875,0.625,,,,,,,,,
1.0,1.6236846569991397,128,Z4C_RHS_TERM_DIAGNOSTIC,,Gamma_lapse_gradient_z,0,0,16,16,,,,,,,,,
1.0,1.6236846569991397,128,Z4C_RHS_TERM_DIAGNOSTIC,,A_hessian_xx,0.082325187307430658,-0.082325187307430658,4,0,,,,,,,,,
1.0,1.6236846569991397,128,Z4C_RHS_TERM_DIAGNOSTIC,,A_hessian_xy,0.040125837717387446,-0.040125837717387446,4.375,-0.875,,,,,,,,,
1.0,1.6236846569991397,128,Z4C_RHS_TERM_DIAGNOSTIC,,A_hessian_xz,0,-0,16,16,,,,,,,,,
1.0,1.6236846569991397,128,Z4C_RHS_TERM_DIAGNOSTIC,,A_hessian_yy,0.075002935070867166,-0.075002935070867166,5.375,-1.375,,,,,,,,,
1.0,1.6236846569991397,128,Z4C_RHS_TERM_DIAGNOSTIC,,A_hessian_yz,0,-0,16,16,,,,,,,,,
1.0,1.6236846569991397,128,Z4C_RHS_TERM_DIAGNOSTIC,,A_hessian_zz,0.026086607249771982,-0.026086607249771982,4.375,0,,,,,,,,,
1.0,1.6236846569991397,128,Z4C_RHS_TERM_DIAGNOSTIC,,A_ricci_tensor_xx,0.32241702765383529,0.32241702765383529,5.25,0,,,,,,,,,
1.0,1.6236846569991397,128,Z4C_RHS_TERM_DIAGNOSTIC,,A_ricci_tensor_xy,0.085654175917483408,-0.085654175917483408,5,0.375,,,,,,,,,
1.0,1.6236846569991397,128,Z4C_RHS_TERM_DIAGNOSTIC,,A_ricci_tensor_xz,0,0,16,16,,,,,,,,,
1.0,1.6236846569991397,128,Z4C_RHS_TERM_DIAGNOSTIC,,A_ricci_tensor_yy,0.31985427947509082,0.31985427947509082,5.25,0,,,,,,,,,
1.0,1.6236846569991397,128,Z4C_RHS_TERM_DIAGNOSTIC,,A_ricci_tensor_yz,0,0,16,16,,,,,,,,,
1.0,1.6236846569991397,128,Z4C_RHS_TERM_DIAGNOSTIC,,A_ricci_tensor_zz,0.42664895059857966,-0.42664895059857966,5.375,0,,,,,,,,,
1.0,1.6236846569991397,128,Z4C_RHS_TERM_DIAGNOSTIC,,A_trace_lapse_xx,0.031089917709935237,0.031089917709935237,4.625,-1.25,,,,,,,,,
1.0,1.6236846569991397,128,Z4C_RHS_TERM_DIAGNOSTIC,,A_trace_lapse_xy,0.0034893240727699457,0.0034893240727699457,4.125,1,,,,,,,,,
1.0,1.6236846569991397,128,Z4C_RHS_TERM_DIAGNOSTIC,,A_trace_lapse_xz,0,0,16,16,,,,,,,,,
1.0,1.6236846569991397,128,Z4C_RHS_TERM_DIAGNOSTIC,,A_trace_lapse_yy,0.037314018026286123,0.037314018026286123,3.875,0,,,,,,,,,
1.0,1.6236846569991397,128,Z4C_RHS_TERM_DIAGNOSTIC,,A_trace_lapse_yz,0,0,16,16,,,,,,,,,
1.0,1.6236846569991397,128,Z4C_RHS_TERM_DIAGNOSTIC,,A_trace_lapse_zz,0.046940682160004014,0.046940682160004014,4,0,,,,,,,,,
1.0,1.6236846569991397,128,Z4C_RHS_TERM_DIAGNOSTIC,,A_trace_ricci_xx,0.11965155669560397,-0.11965155669560397,5.25,0,,,,,,,,,
1.0,1.6236846569991397,128,Z4C_RHS_TERM_DIAGNOSTIC,,A_trace_ricci_xy,0.0019781897108504015,-0.0019781897108504015,5,-0.25,,,,,,,,,
1.0,1.6236846569991397,128,Z4C_RHS_TERM_DIAGNOSTIC,,A_trace_ricci_xz,0,-0,16,16,,,,,,,,,
1.0,1.6236846569991397,128,Z4C_RHS_TERM_DIAGNOSTIC,,A_trace_ricci_yy,0.11676756749985347,-0.11676756749985347,5.25,0,,,,,,,,,
1.0,1.6236846569991397,128,Z4C_RHS_TERM_DIAGNOSTIC,,A_trace_ricci_yz,0,-0,16,16,,,,,,,,,
1.0,1.6236846569991397,128,Z4C_RHS_TERM_DIAGNOSTIC,,A_trace_ricci_zz,0.18179414519062861,-0.18179414519062861,5.125,0,,,,,,,,,
1.0,1.6236846569991397,128,Z4C_RHS_TERM_DIAGNOSTIC,,Gamma_advective_x,0.047680917841667635,-0.047680917841667635,3.125,0,,,,,,,,,
1.0,1.6236846569991397,128,Z4C_RHS_TERM_DIAGNOSTIC,,Gamma_advective_y,0.030639874252374535,-0.030639874252374535,4.25,-1.875,,,,,,,,,
1.0,1.6236846569991397,128,Z4C_RHS_TERM_DIAGNOSTIC,,Gamma_advective_z,0,0,16,16,,,,,,,,,
1.0,1.6236846569991397,128,Z4C_RHS_TERM_DIAGNOSTIC,,Gamma_expansion_x,0.011838597461297345,0.011838597461297345,2.625,0,,,,,,,,,
1.0,1.6236846569991397,128,Z4C_RHS_TERM_DIAGNOSTIC,,Gamma_expansion_y,0.0062277296024431331,0.0062277296024431331,5,-1.75,,,,,,,,,
1.0,1.6236846569991397,128,Z4C_RHS_TERM_DIAGNOSTIC,,Gamma_expansion_z,0,-0,16,16,,,,,,,,,
1.0,1.6236846569991397,128,Z4C_RHS_TERM_DIAGNOSTIC,,Gamma_ddiv_x,0.16860643789901114,0.16860643789901114,3.125,0,,,,,,,,,
1.0,1.6236846569991397,128,Z4C_RHS_TERM_DIAGNOSTIC,,Gamma_ddiv_y,0.13197237509956003,-0.13197237509956003,4.875,2.125,,,,,,,,,
1.0,1.6236846569991397,128,Z4C_RHS_TERM_DIAGNOSTIC,,Gamma_ddiv_z,0,0,16,16,,,,,,,,,
1.0,1.6236846569991397,128,Z4C_RHS_TERM_DIAGNOSTIC,,Gamma_contraction_x,0.017408029552215824,-0.017408029552215824,2.625,0,,,,,,,,,
1.0,1.6236846569991397,128,Z4C_RHS_TERM_DIAGNOSTIC,,Gamma_contraction_y,0.0089133915562346552,0.0089133915562346552,3.875,2.25,,,,,,,,,
1.0,1.6236846569991397,128,Z4C_RHS_TERM_DIAGNOSTIC,,Gamma_contraction_z,0,0,16,16,,,,,,,,,
1.0,1.6236846569991397,128,Z4C_RHS_TERM_DIAGNOSTIC,,Gamma_second_x,0.51812724171718993,0.51812724171718993,3.125,0,,,,,,,,,
1.0,1.6236846569991397,128,Z4C_RHS_TERM_DIAGNOSTIC,,Gamma_second_y,0.40925954586425894,0.40925954586425894,4.75,-2.125,,,,,,,,,
1.0,1.6236846569991397,128,Z4C_RHS_TERM_DIAGNOSTIC,,Gamma_second_z,0,0,16,16,,,,,,,,,
1.0,1.6236846569991397,128,Z4C_AXIS_RHS_PAIR_DIAGNOSTIC,,,,,,16,0,0,0,0,0,0,0,0,0
1.0,1.6236846569991397,256,Z4C_RHS_STAGE_DIAGNOSTIC,z4c_chi,,,,,,,,,,,,,,
1.0,1.6236846569991397,256,Z4C_RHS_STAGE_DIAGNOSTIC,z4c_gxx,,,,,,,,,,,,,,
1.0,1.6236846569991397,256,Z4C_RHS_STAGE_DIAGNOSTIC,z4c_gxy,,,,,,,,,,,,,,
1.0,1.6236846569991397,256,Z4C_RHS_STAGE_DIAGNOSTIC,z4c_gxz,,,,,,,,,,,,,,
1.0,1.6236846569991397,256,Z4C_RHS_STAGE_DIAGNOSTIC,z4c_gyy,,,,,,,,,,,,,,
1.0,1.6236846569991397,256,Z4C_RHS_STAGE_DIAGNOSTIC,z4c_gyz,,,,,,,,,,,,,,
1.0,1.6236846569991397,256,Z4C_RHS_STAGE_DIAGNOSTIC,z4c_gzz,,,,,,,,,,,,,,
1.0,1.6236846569991397,256,Z4C_RHS_STAGE_DIAGNOSTIC,z4c_Khat,,,,,,,,,,,,,,
1.0,1.6236846569991397,256,Z4C_RHS_STAGE_DIAGNOSTIC,z4c_Axx,,,,,,,,,,,,,,
1.0,1.6236846569991397,256,Z4C_RHS_STAGE_DIAGNOSTIC,z4c_Axy,,,,,,,,,,,,,,
1.0,1.6236846569991397,256,Z4C_RHS_STAGE_DIAGNOSTIC,z4c_Axz,,,,,,,,,,,,,,
1.0,1.6236846569991397,256,Z4C_RHS_STAGE_DIAGNOSTIC,z4c_Ayy,,,,,,,,,,,,,,
1.0,1.6236846569991397,256,Z4C_RHS_STAGE_DIAGNOSTIC,z4c_Ayz,,,,,,,,,,,,,,
1.0,1.6236846569991397,256,Z4C_RHS_STAGE_DIAGNOSTIC,z4c_Azz,,,,,,,,,,,,,,
1.0,1.6236846569991397,256,Z4C_RHS_STAGE_DIAGNOSTIC,z4c_Gamx,,,,,,,,,,,,,,
1.0,1.6236846569991397,256,Z4C_RHS_STAGE_DIAGNOSTIC,z4c_Gamy,,,,,,,,,,,,,,
1.0,1.6236846569991397,256,Z4C_RHS_STAGE_DIAGNOSTIC,z4c_Gamz,,,,,,,,,,,,,,
1.0,1.6236846569991397,256,Z4C_RHS_STAGE_DIAGNOSTIC,z4c_Theta,,,,,,,,,,,,,,
1.0,1.6236846569991397,256,Z4C_RHS_STAGE_DIAGNOSTIC,z4c_alpha,,,,,,,,,,,,,,
1.0,1.6236846569991397,256,Z4C_RHS_STAGE_DIAGNOSTIC,z4c_betax,,,,,,,,,,,,,,
1.0,1.6236846569991397,256,Z4C_RHS_STAGE_DIAGNOSTIC,z4c_betay,,,,,,,,,,,,,,
1.0,1.6236846569991397,256,Z4C_RHS_STAGE_DIAGNOSTIC,z4c_betaz,,,,,,,,,,,,,,
1.0,1.6236846569991397,256,Z4C_RHS_STAGE_DIAGNOSTIC,z4c_Bx,,,,,,,,,,,,,,
1.0,1.6236846569991397,256,Z4C_RHS_STAGE_DIAGNOSTIC,z4c_By,,,,,,,,,,,,,,
1.0,1.6236846569991397,256,Z4C_RHS_STAGE_DIAGNOSTIC,z4c_Bz,,,,,,,,,,,,,,
1.0,1.6236846569991397,256,Z4C_AXIS_RHS_PHASE_DIAGNOSTIC,z4c_chi,,,,0,0,,,,,,,,,
1.0,1.6236846569991397,256,Z4C_AXIS_RHS_PHASE_DIAGNOSTIC,z4c_gxx,,,,0,0,,,,,,,,,
1.0,1.6236846569991397,256,Z4C_AXIS_RHS_PHASE_DIAGNOSTIC,z4c_gxy,,,,0,0,,,,,,,,,
1.0,1.6236846569991397,256,Z4C_AXIS_RHS_PHASE_DIAGNOSTIC,z4c_gxz,,,,0,0,,,,,,,,,
1.0,1.6236846569991397,256,Z4C_AXIS_RHS_PHASE_DIAGNOSTIC,z4c_gyy,,,,0,0,,,,,,,,,
1.0,1.6236846569991397,256,Z4C_AXIS_RHS_PHASE_DIAGNOSTIC,z4c_gyz,,,,0,0,,,,,,,,,
1.0,1.6236846569991397,256,Z4C_AXIS_RHS_PHASE_DIAGNOSTIC,z4c_gzz,,,,0,0,,,,,,,,,
1.0,1.6236846569991397,256,Z4C_AXIS_RHS_PHASE_DIAGNOSTIC,z4c_Khat,,,,0,0,,,,,,,,,
1.0,1.6236846569991397,256,Z4C_AXIS_RHS_PHASE_DIAGNOSTIC,z4c_Axx,,,,0,0,,,,,,,,,
1.0,1.6236846569991397,256,Z4C_AXIS_RHS_PHASE_DIAGNOSTIC,z4c_Axy,,,,0,0,,,,,,,,,
1.0,1.6236846569991397,256,Z4C_AXIS_RHS_PHASE_DIAGNOSTIC,z4c_Axz,,,,0,0,,,,,,,,,
1.0,1.6236846569991397,256,Z4C_AXIS_RHS_PHASE_DIAGNOSTIC,z4c_Ayy,,,,0,0,,,,,,,,,
1.0,1.6236846569991397,256,Z4C_AXIS_RHS_PHASE_DIAGNOSTIC,z4c_Ayz,,,,0,0,,,,,,,,,
1.0,1.6236846569991397,256,Z4C_AXIS_RHS_PHASE_DIAGNOSTIC,z4c_Azz,,,,0,0,,,,,,,,,
1.0,1.6236846569991397,256,Z4C_AXIS_RHS_PHASE_DIAGNOSTIC,z4c_Gamx,,,,0,0,,,,,,,,,
1.0,1.6236846569991397,256,Z4C_AXIS_RHS_PHASE_DIAGNOSTIC,z4c_Gamy,,,,0,0,,,,,,,,,
1.0,1.6236846569991397,256,Z4C_AXIS_RHS_PHASE_DIAGNOSTIC,z4c_Gamz,,,,0,0,,,,,,,,,
1.0,1.6236846569991397,256,Z4C_AXIS_RHS_PHASE_DIAGNOSTIC,z4c_Theta,,,,0,0,,,,,,,,,
1.0,1.6236846569991397,256,Z4C_AXIS_RHS_PHASE_DIAGNOSTIC,z4c_alpha,,,,0,0,,,,,,,,,
1.0,1.6236846569991397,256,Z4C_AXIS_RHS_PHASE_DIAGNOSTIC,z4c_betax,,,,0,0,,,,,,,,,
1.0,1.6236846569991397,256,Z4C_AXIS_RHS_PHASE_DIAGNOSTIC,z4c_betay,,,,0,0,,,,,,,,,
1.0,1.6236846569991397,256,Z4C_AXIS_RHS_PHASE_DIAGNOSTIC,z4c_betaz,,,,0,0,,,,,,,,,
1.0,1.6236846569991397,256,Z4C_AXIS_RHS_PHASE_DIAGNOSTIC,z4c_Bx,,,,0,0,,,,,,,,,
1.0,1.6236846569991397,256,Z4C_AXIS_RHS_PHASE_DIAGNOSTIC,z4c_By,,,,0,0,,,,,,,,,
1.0,1.6236846569991397,256,Z4C_AXIS_RHS_PHASE_DIAGNOSTIC,z4c_Bz,,,,0,0,,,,,,,,,
1.0,1.6236846569991397,256,Z4C_AXIS_TERM_POINT_DIAGNOSTIC,,A_geometric_xx,,-1.8251145694240745e-05,0,0,,,,,,,,,
1.0,1.6236846569991397,256,Z4C_AXIS_TERM_POINT_DIAGNOSTIC,,A_geometric_xy,,-9.8210037545353216e-16,0,0,,,,,,,,,
1.0,1.6236846569991397,256,Z4C_AXIS_TERM_POINT_DIAGNOSTIC,,A_geometric_xz,,0,0,0,,,,,,,,,
1.0,1.6236846569991397,256,Z4C_AXIS_TERM_POINT_DIAGNOSTIC,,A_geometric_yy,,-0.00011789108295877041,0,0,,,,,,,,,
1.0,1.6236846569991397,256,Z4C_AXIS_TERM_POINT_DIAGNOSTIC,,A_geometric_yz,,0,0,0,,,,,,,,,
1.0,1.6236846569991397,256,Z4C_AXIS_TERM_POINT_DIAGNOSTIC,,A_geometric_zz,,-1.8251145694240745e-05,0,0,,,,,,,,,
1.0,1.6236846569991397,256,Z4C_AXIS_TERM_POINT_DIAGNOSTIC,,A_trace_xx,,5.1462524983839979e-05,0,0,,,,,,,,,
1.0,1.6236846569991397,256,Z4C_AXIS_TERM_POINT_DIAGNOSTIC,,A_trace_xy,,0,0,0,,,,,,,,,
1.0,1.6236846569991397,256,Z4C_AXIS_TERM_POINT_DIAGNOSTIC,,A_trace_xz,,0,0,0,,,,,,,,,
1.0,1.6236846569991397,256,Z4C_AXIS_TERM_POINT_DIAGNOSTIC,,A_trace_yy,,5.1465056695506867e-05,0,0,,,,,,,,,
1.0,1.6236846569991397,256,Z4C_AXIS_TERM_POINT_DIAGNOSTIC,,A_trace_yz,,0,0,0,,,,,,,,,
1.0,1.6236846569991397,256,Z4C_AXIS_TERM_POINT_DIAGNOSTIC,,A_trace_zz,,5.1462524983839979e-05,0,0,,,,,,,,,
1.0,1.6236846569991397,256,Z4C_AXIS_TERM_POINT_DIAGNOSTIC,,A_nonlinear_xx,,-1.4395704055245583e-09,0,0,,,,,,,,,
1.0,1.6236846569991397,256,Z4C_AXIS_TERM_POINT_DIAGNOSTIC,,A_nonlinear_xy,,-0,0,0,,,,,,,,,
1.0,1.6236846569991397,256,Z4C_AXIS_TERM_POINT_DIAGNOSTIC,,A_nonlinear_xz,,-0,0,0,,,,,,,,,
1.0,1.6236846569991397,256,Z4C_AXIS_TERM_POINT_DIAGNOSTIC,,A_nonlinear_yy,,2.2010270264820666e-10,0,0,,,,,,,,,
1.0,1.6236846569991397,256,Z4C_AXIS_TERM_POINT_DIAGNOSTIC,,A_nonlinear_yz,,-0,0,0,,,,,,,,,
1.0,1.6236846569991397,256,Z4C_AXIS_TERM_POINT_DIAGNOSTIC,,A_nonlinear_zz,,-1.4395704055245583e-09,0,0,,,,,,,,,
1.0,1.6236846569991397,256,Z4C_AXIS_TERM_POINT_DIAGNOSTIC,,A_lie_xx,,-4.7433196015000972e-10,0,0,,,,,,,,,
1.0,1.6236846569991397,256,Z4C_AXIS_TERM_POINT_DIAGNOSTIC,,A_lie_xy,,1.2474945744078056e-35,0,0,,,,,,,,,
1.0,1.6236846569991397,256,Z4C_AXIS_TERM_POINT_DIAGNOSTIC,,A_lie_xz,,0,0,0,,,,,,,,,
1.0,1.6236846569991397,256,Z4C_AXIS_TERM_POINT_DIAGNOSTIC,,A_lie_yy,,-1.897421180113237e-09,0,0,,,,,,,,,
1.0,1.6236846569991397,256,Z4C_AXIS_TERM_POINT_DIAGNOSTIC,,A_lie_yz,,0,0,0,,,,,,,,,
1.0,1.6236846569991397,256,Z4C_AXIS_TERM_POINT_DIAGNOSTIC,,A_lie_zz,,-4.7433196015000972e-10,0,0,,,,,,,,,
1.0,1.6236846569991397,256,Z4C_AXIS_TERM_POINT_DIAGNOSTIC,,Gamma_divergence_x,,2.2064272825232305e-20,0,0,,,,,,,,,
1.0,1.6236846569991397,256,Z4C_AXIS_TERM_POINT_DIAGNOSTIC,,Gamma_divergence_y,,-1.5528777201141729e-12,0,0,,,,,,,,,
1.0,1.6236846569991397,256,Z4C_AXIS_TERM_POINT_DIAGNOSTIC,,Gamma_divergence_z,,0,0,0,,,,,,,,,
1.0,1.6236846569991397,256,Z4C_AXIS_TERM_POINT_DIAGNOSTIC,,Gamma_lie_x,,-1.018972067109826e-20,0,0,,,,,,,,,
1.0,1.6236846569991397,256,Z4C_AXIS_TERM_POINT_DIAGNOSTIC,,Gamma_lie_y,,2.1235967298392846e-12,0,0,,,,,,,,,
1.0,1.6236846569991397,256,Z4C_AXIS_TERM_POINT_DIAGNOSTIC,,Gamma_lie_z,,0,0,0,,,,,,,,,
1.0,1.6236846569991397,256,Z4C_AXIS_TERM_POINT_DIAGNOSTIC,,Gamma_damping_x,,0,0,0,,,,,,,,,
1.0,1.6236846569991397,256,Z4C_AXIS_TERM_POINT_DIAGNOSTIC,,Gamma_damping_y,,0,0,0,,,,,,,,,
1.0,1.6236846569991397,256,Z4C_AXIS_TERM_POINT_DIAGNOSTIC,,Gamma_damping_z,,-0,0,0,,,,,,,,,
1.0,1.6236846569991397,256,Z4C_AXIS_TERM_POINT_DIAGNOSTIC,,Gamma_lapse_gradient_x,,2.9287473954914312e-21,0,0,,,,,,,,,
1.0,1.6236846569991397,256,Z4C_AXIS_TERM_POINT_DIAGNOSTIC,,Gamma_lapse_gradient_y,,3.9838973801053464e-18,0,0,,,,,,,,,
1.0,1.6236846569991397,256,Z4C_AXIS_TERM_POINT_DIAGNOSTIC,,Gamma_lapse_gradient_z,,0,0,0,,,,,,,,,
1.0,1.6236846569991397,256,Z4C_AXIS_TERM_POINT_DIAGNOSTIC,,A_hessian_xx,,0.0020844439279253898,0,0,,,,,,,,,
1.0,1.6236846569991397,256,Z4C_AXIS_TERM_POINT_DIAGNOSTIC,,A_hessian_xy,,8.2460702110694337e-16,0,0,,,,,,,,,
1.0,1.6236846569991397,256,Z4C_AXIS_TERM_POINT_DIAGNOSTIC,,A_hessian_xz,,-0,0,0,,,,,,,,,
1.0,1.6236846569991397,256,Z4C_AXIS_TERM_POINT_DIAGNOSTIC,,A_hessian_yy,,-0.0043235988774284464,0,0,,,,,,,,,
1.0,1.6236846569991397,256,Z4C_AXIS_TERM_POINT_DIAGNOSTIC,,A_hessian_yz,,-0,0,0,,,,,,,,,
1.0,1.6236846569991397,256,Z4C_AXIS_TERM_POINT_DIAGNOSTIC,,A_hessian_zz,,0.0020844439279253898,0,0,,,,,,,,,
1.0,1.6236846569991397,256,Z4C_AXIS_TERM_POINT_DIAGNOSTIC,,A_ricci_tensor_xx,,-0.0021026950736196307,0,0,,,,,,,,,
1.0,1.6236846569991397,256,Z4C_AXIS_TERM_POINT_DIAGNOSTIC,,A_ricci_tensor_xy,,-1.8067073965604755e-15,0,0,,,,,,,,,
1.0,1.6236846569991397,256,Z4C_AXIS_TERM_POINT_DIAGNOSTIC,,A_ricci_tensor_xz,,0,0,0,,,,,,,,,
1.0,1.6236846569991397,256,Z4C_AXIS_TERM_POINT_DIAGNOSTIC,,A_ricci_tensor_yy,,0.0042057077944696753,0,0,,,,,,,,,
1.0,1.6236846569991397,256,Z4C_AXIS_TERM_POINT_DIAGNOSTIC,,A_ricci_tensor_yz,,0,0,0,,,,,,,,,
1.0,1.6236846569991397,256,Z4C_AXIS_TERM_POINT_DIAGNOSTIC,,A_ricci_tensor_zz,,-0.0021026950736196307,0,0,,,,,,,,,
1.0,1.6236846569991397,256,Z4C_AXIS_TERM_POINT_DIAGNOSTIC,,A_trace_lapse_xx,,5.1499443841006824e-05,0,0,,,,,,,,,
1.0,1.6236846569991397,256,Z4C_AXIS_TERM_POINT_DIAGNOSTIC,,A_trace_lapse_xy,,0,0,0,,,,,,,,,
1.0,1.6236846569991397,256,Z4C_AXIS_TERM_POINT_DIAGNOSTIC,,A_trace_lapse_xz,,0,0,0,,,,,,,,,
1.0,1.6236846569991397,256,Z4C_AXIS_TERM_POINT_DIAGNOSTIC,,A_trace_lapse_yy,,5.1501977368906043e-05,0,0,,,,,,,,,
1.0,1.6236846569991397,256,Z4C_AXIS_TERM_POINT_DIAGNOSTIC,,A_trace_lapse_yz,,0,0,0,,,,,,,,,
1.0,1.6236846569991397,256,Z4C_AXIS_TERM_POINT_DIAGNOSTIC,,A_trace_lapse_zz,,5.1499443841006824e-05,0,0,,,,,,,,,
1.0,1.6236846569991397,256,Z4C_AXIS_TERM_POINT_DIAGNOSTIC,,A_trace_ricci_xx,,-3.6918857166847807e-08,0,0,,,,,,,,,
1.0,1.6236846569991397,256,Z4C_AXIS_TERM_POINT_DIAGNOSTIC,,A_trace_ricci_xy,,-0,0,0,,,,,,,,,
1.0,1.6236846569991397,256,Z4C_AXIS_TERM_POINT_DIAGNOSTIC,,A_trace_ricci_xz,,-0,0,0,,,,,,,,,
1.0,1.6236846569991397,256,Z4C_AXIS_TERM_POINT_DIAGNOSTIC,,A_trace_ricci_yy,,-3.6920673399173113e-08,0,0,,,,,,,,,
1.0,1.6236846569991397,256,Z4C_AXIS_TERM_POINT_DIAGNOSTIC,,A_trace_ricci_yz,,-0,0,0,,,,,,,,,
1.0,1.6236846569991397,256,Z4C_AXIS_TERM_POINT_DIAGNOSTIC,,A_trace_ricci_zz,,-3.6918857166847807e-08,0,0,,,,,,,,,
1.0,1.6236846569991397,256,Z4C_AXIS_TERM_POINT_DIAGNOSTIC,,Gamma_advective_x,,0,0,0,,,,,,,,,
1.0,1.6236846569991397,256,Z4C_AXIS_TERM_POINT_DIAGNOSTIC,,Gamma_advective_y,,-9.8272051389917624e-21,0,0,,,,,,,,,
1.0,1.6236846569991397,256,Z4C_AXIS_TERM_POINT_DIAGNOSTIC,,Gamma_advective_z,,0,0,0,,,,,,,,,
1.0,1.6236846569991397,256,Z4C_AXIS_TERM_POINT_DIAGNOSTIC,,Gamma_expansion_x,,-1.2647219529110762e-21,0,0,,,,,,,,,
1.0,1.6236846569991397,256,Z4C_AXIS_TERM_POINT_DIAGNOSTIC,,Gamma_expansion_y,,1.9157862267748371e-19,0,0,,,,,,,,,
1.0,1.6236846569991397,256,Z4C_AXIS_TERM_POINT_DIAGNOSTIC,,Gamma_expansion_z,,-0,0,0,,,,,,,,,
1.0,1.6236846569991397,256,Z4C_AXIS_TERM_POINT_DIAGNOSTIC,,Gamma_ddiv_x,,-1.5057840142047579e-20,0,0,,,,,,,,,
1.0,1.6236846569991397,256,Z4C_AXIS_TERM_POINT_DIAGNOSTIC,,Gamma_ddiv_y,,4.7114871923388767e-13,0,0,,,,,,,,,
1.0,1.6236846569991397,256,Z4C_AXIS_TERM_POINT_DIAGNOSTIC,,Gamma_ddiv_z,,0,0,0,,,,,,,,,
1.0,1.6236846569991397,256,Z4C_AXIS_TERM_POINT_DIAGNOSTIC,,Gamma_contraction_x,,3.8717389765975736e-21,0,0,,,,,,,,,
1.0,1.6236846569991397,256,Z4C_AXIS_TERM_POINT_DIAGNOSTIC,,Gamma_contraction_y,,8.8560517488883701e-19,0,0,,,,,,,,,
1.0,1.6236846569991397,256,Z4C_AXIS_TERM_POINT_DIAGNOSTIC,,Gamma_contraction_z,,0,0,0,,,,,,,,,
1.0,1.6236846569991397,256,Z4C_AXIS_TERM_POINT_DIAGNOSTIC,,Gamma_second_x,,2.2611024472628206e-21,0,0,,,,,,,,,
1.0,1.6236846569991397,256,Z4C_AXIS_TERM_POINT_DIAGNOSTIC,,Gamma_second_y,,1.6524469432488046e-12,0,0,,,,,,,,,
1.0,1.6236846569991397,256,Z4C_AXIS_TERM_POINT_DIAGNOSTIC,,Gamma_second_z,,0,0,0,,,,,,,,,
1.0,1.6236846569991397,256,Z4C_RHS_TERM_DIAGNOSTIC,,A_geometric_xx,0.35701915561266218,0.35701915561266218,5.25,0,,,,,,,,,
1.0,1.6236846569991397,256,Z4C_RHS_TERM_DIAGNOSTIC,,A_geometric_xy,0.09452522898785172,-0.09452522898785172,4.375,-0.9375,,,,,,,,,
1.0,1.6236846569991397,256,Z4C_RHS_TERM_DIAGNOSTIC,,A_geometric_xz,0,0,16,16,,,,,,,,,
1.0,1.6236846569991397,256,Z4C_RHS_TERM_DIAGNOSTIC,,A_geometric_yy,0.36056631998121863,0.36056631998121863,5.3125,0,,,,,,,,,
1.0,1.6236846569991397,256,Z4C_RHS_TERM_DIAGNOSTIC,,A_geometric_yz,0,0,16,16,,,,,,,,,
1.0,1.6236846569991397,256,Z4C_RHS_TERM_DIAGNOSTIC,,A_geometric_zz,0.44550392001278438,-0.44550392001278438,5.3125,0,,,,,,,,,
1.0,1.6236846569991397,256,Z4C_RHS_TERM_DIAGNOSTIC,,A_trace_xx,0.14109107672233767,-0.14109107672233767,5.1875,0,,,,,,,,,
1.0,1.6236846569991397,256,Z4C_RHS_TERM_DIAGNOSTIC,,A_trace_xy,0.0031136437541176487,0.0031136437541176487,4.1875,1.0625,,,,,,,,,
1.0,1.6236846569991397,256,Z4C_RHS_TERM_DIAGNOSTIC,,A_trace_xz,0,0,16,16,,,,,,,,,
1.0,1.6236846569991397,256,Z4C_RHS_TERM_DIAGNOSTIC,,A_trace_yy,0.13753188231465441,-0.13753188231465441,5.25,0,,,,,,,,,
1.0,1.6236846569991397,256,Z4C_RHS_TERM_DIAGNOSTIC,,A_trace_yz,0,0,16,16,,,,,,,,,
1.0,1.6236846569991397,256,Z4C_RHS_TERM_DIAGNOSTIC,,A_trace_zz,0.21216848169992861,-0.21216848169992861,5.125,0,,,,,,,,,
1.0,1.6236846569991397,256,Z4C_RHS_TERM_DIAGNOSTIC,,A_nonlinear_xx,0.1563285715688108,-0.1563285715688108,5.125,0,,,,,,,,,
1.0,1.6236846569991397,256,Z4C_RHS_TERM_DIAGNOSTIC,,A_nonlinear_xy,0.05237844705732108,0.05237844705732108,4.9375,0.375,,,,,,,,,
1.0,1.6236846569991397,256,Z4C_RHS_TERM_DIAGNOSTIC,,A_nonlinear_xz,0,-0,16,16,,,,,,,,,
1.0,1.6236846569991397,256,Z4C_RHS_TERM_DIAGNOSTIC,,A_nonlinear_yy,0.15540253696053588,-0.15540253696053588,5.3125,0,,,,,,,,,
1.0,1.6236846569991397,256,Z4C_RHS_TERM_DIAGNOSTIC,,A_nonlinear_yz,0,-0,16,16,,,,,,,,,
1.0,1.6236846569991397,256,Z4C_RHS_TERM_DIAGNOSTIC,,A_nonlinear_zz,0.67458993288513647,-0.67458993288513647,5.0625,0,,,,,,,,,
1.0,1.6236846569991397,256,Z4C_RHS_TERM_DIAGNOSTIC,,A_lie_xx,0.020024623426694917,0.020024623426694917,4.6875,0,,,,,,,,,
1.0,1.6236846569991397,256,Z4C_RHS_TERM_DIAGNOSTIC,,A_lie_xy,0.013610144879118805,-0.013610144879118805,5.4375,-0.4375,,,,,,,,,
1.0,1.6236846569991397,256,Z4C_RHS_TERM_DIAGNOSTIC,,A_lie_xz,0,0,16,16,,,,,,,,,
1.0,1.6236846569991397,256,Z4C_RHS_TERM_DIAGNOSTIC,,A_lie_yy,0.02417797632754335,0.02417797632754335,4.9375,0.375,,,,,,,,,
1.0,1.6236846569991397,256,Z4C_RHS_TERM_DIAGNOSTIC,,A_lie_yz,0,0,16,16,,,,,,,,,
1.0,1.6236846569991397,256,Z4C_RHS_TERM_DIAGNOSTIC,,A_lie_zz,0.052053482883076846,0.052053482883076846,6,0,,,,,,,,,
1.0,1.6236846569991397,256,Z4C_RHS_TERM_DIAGNOSTIC,,Gamma_divergence_x,0.46784142917226251,0.46784142917226251,5.5625,0,,,,,,,,,
1.0,1.6236846569991397,256,Z4C_RHS_TERM_DIAGNOSTIC,,Gamma_divergence_y,0.4446918060817443,0.4446918060817443,5.3125,0.3125,,,,,,,,,
1.0,1.6236846569991397,256,Z4C_RHS_TERM_DIAGNOSTIC,,Gamma_divergence_z,0,0,16,16,,,,,,,,,
1.0,1.6236846569991397,256,Z4C_RHS_TERM_DIAGNOSTIC,,Gamma_lie_x,0.6554614325878525,0.6554614325878525,3.125,0,,,,,,,,,
1.0,1.6236846569991397,256,Z4C_RHS_TERM_DIAGNOSTIC,,Gamma_lie_y,0.52592480910177741,0.52592480910177741,4.8125,-2.125,,,,,,,,,
1.0,1.6236846569991397,256,Z4C_RHS_TERM_DIAGNOSTIC,,Gamma_lie_z,0,0,16,16,,,,,,,,,
1.0,1.6236846569991397,256,Z4C_RHS_TERM_DIAGNOSTIC,,Gamma_damping_x,0,-0,16,16,,,,,,,,,
1.0,1.6236846569991397,256,Z4C_RHS_TERM_DIAGNOSTIC,,Gamma_damping_y,0,-0,16,16,,,,,,,,,
1.0,1.6236846569991397,256,Z4C_RHS_TERM_DIAGNOSTIC,,Gamma_damping_z,0,-0,16,16,,,,,,,,,
1.0,1.6236846569991397,256,Z4C_RHS_TERM_DIAGNOSTIC,,Gamma_lapse_gradient_x,0.072548531600810387,0.072548531600810387,4.625,0,,,,,,,,,
1.0,1.6236846569991397,256,Z4C_RHS_TERM_DIAGNOSTIC,,Gamma_lapse_gradient_y,0.043914500799224244,0.043914500799224244,4.9375,-0.625,,,,,,,,,
1.0,1.6236846569991397,256,Z4C_RHS_TERM_DIAGNOSTIC,,Gamma_lapse_gradient_z,0,0,16,16,,,,,,,,,
1.0,1.6236846569991397,256,Z4C_RHS_TERM_DIAGNOSTIC,,A_hessian_xx,0.083841754936396687,-0.083841754936396687,4,0,,,,,,,,,
1.0,1.6236846569991397,256,Z4C_RHS_TERM_DIAGNOSTIC,,A_hessian_xy,0.040797134410509528,0.040797134410509528,4.4375,0.9375,,,,,,,,,
1.0,1.6236846569991397,256,Z4C_RHS_TERM_DIAGNOSTIC,,A_hessian_xz,0,-0,16,16,,,,,,,,,
1.0,1.6236846569991397,256,Z4C_RHS_TERM_DIAGNOSTIC,,A_hessian_yy,0.075874264256670543,-0.075874264256670543,5.375,1.375,,,,,,,,,
1.0,1.6236846569991397,256,Z4C_RHS_TERM_DIAGNOSTIC,,A_hessian_yz,0,-0,16,16,,,,,,,,,
1.0,1.6236846569991397,256,Z4C_RHS_TERM_DIAGNOSTIC,,A_hessian_zz,0.026113727488338203,-0.026113727488338203,4.375,0,,,,,,,,,
1.0,1.6236846569991397,256,Z4C_RHS_TERM_DIAGNOSTIC,,A_ricci_tensor_xx,0.32178389914600547,0.32178389914600547,5.25,0,,,,,,,,,
1.0,1.6236846569991397,256,Z4C_RHS_TERM_DIAGNOSTIC,,A_ricci_tensor_xy,0.085862987638149146,-0.085862987638149146,5,0.375,,,,,,,,,
1.0,1.6236846569991397,256,Z4C_RHS_TERM_DIAGNOSTIC,,A_ricci_tensor_xz,0,0,16,16,,,,,,,,,
1.0,1.6236846569991397,256,Z4C_RHS_TERM_DIAGNOSTIC,,A_ricci_tensor_yy,0.32925165979232396,0.32925165979232396,5.3125,0,,,,,,,,,
1.0,1.6236846569991397,256,Z4C_RHS_TERM_DIAGNOSTIC,,A_ricci_tensor_yz,0,0,16,16,,,,,,,,,
1.0,1.6236846569991397,256,Z4C_RHS_TERM_DIAGNOSTIC,,A_ricci_tensor_zz,0.44417694743136404,-0.44417694743136404,5.3125,0,,,,,,,,,
1.0,1.6236846569991397,256,Z4C_RHS_TERM_DIAGNOSTIC,,A_trace_lapse_xx,0.031249994988812157,0.031249994988812157,4.625,1.25,,,,,,,,,
1.0,1.6236846569991397,256,Z4C_RHS_TERM_DIAGNOSTIC,,A_trace_lapse_xy,0.0035229276603487639,-0.0035229276603487639,4.1875,-1,,,,,,,,,
1.0,1.6236846569991397,256,Z4C_RHS_TERM_DIAGNOSTIC,,A_trace_lapse_xz,0,0,16,16,,,,,,,,,
1.0,1.6236846569991397,256,Z4C_RHS_TERM_DIAGNOSTIC,,A_trace_lapse_yy,0.03803911277174573,0.03803911277174573,3.9375,0,,,,,,,,,
1.0,1.6236846569991397,256,Z4C_RHS_TERM_DIAGNOSTIC,,A_trace_lapse_yz,0,0,16,16,,,,,,,,,
1.0,1.6236846569991397,256,Z4C_RHS_TERM_DIAGNOSTIC,,A_trace_lapse_zz,0.047749791812679479,0.047749791812679479,4,0,,,,,,,,,
1.0,1.6236846569991397,256,Z4C_RHS_TERM_DIAGNOSTIC,,A_trace_ricci_xx,0.12007173437881022,-0.12007173437881022,5.1875,0,,,,,,,,,
1.0,1.6236846569991397,256,Z4C_RHS_TERM_DIAGNOSTIC,,A_trace_ricci_xy,0.0020036329852550581,0.0020036329852550581,5.0625,0.25,,,,,,,,,
1.0,1.6236846569991397,256,Z4C_RHS_TERM_DIAGNOSTIC,,A_trace_ricci_xz,0,-0,16,16,,,,,,,,,
1.0,1.6236846569991397,256,Z4C_RHS_TERM_DIAGNOSTIC,,A_trace_ricci_yy,0.1164008004574958,-0.1164008004574958,5.1875,0,,,,,,,,,
1.0,1.6236846569991397,256,Z4C_RHS_TERM_DIAGNOSTIC,,A_trace_ricci_yz,0,-0,16,16,,,,,,,,,
1.0,1.6236846569991397,256,Z4C_RHS_TERM_DIAGNOSTIC,,A_trace_ricci_zz,0.18138897791640846,-0.18138897791640846,5.125,0,,,,,,,,,
1.0,1.6236846569991397,256,Z4C_RHS_TERM_DIAGNOSTIC,,Gamma_advective_x,0.049007305320320417,-0.049007305320320417,3.125,0,,,,,,,,,
1.0,1.6236846569991397,256,Z4C_RHS_TERM_DIAGNOSTIC,,Gamma_advective_y,0.03105539179517653,0.03105539179517653,4.125,1.8125,,,,,,,,,
1.0,1.6236846569991397,256,Z4C_RHS_TERM_DIAGNOSTIC,,Gamma_advective_z,0,0,16,16,,,,,,,,,
1.0,1.6236846569991397,256,Z4C_RHS_TERM_DIAGNOSTIC,,Gamma_expansion_x,0.011864834037074506,0.011864834037074506,2.625,0,,,,,,,,,
1.0,1.6236846569991397,256,Z4C_RHS_TERM_DIAGNOSTIC,,Gamma_expansion_y,0.0061116336108842694,-0.0061116336108842694,5,1.75,,,,,,,,,
1.0,1.6236846569991397,256,Z4C_RHS_TERM_DIAGNOSTIC,,Gamma_expansion_z,0,-0,16,16,,,,,,,,,
1.0,1.6236846569991397,256,Z4C_RHS_TERM_DIAGNOSTIC,,Gamma_ddiv_x,0.17300715016898086,0.17300715016898086,3.125,0,,,,,,,,,
1.0,1.6236846569991397,256,Z4C_RHS_TERM_DIAGNOSTIC,,Gamma_ddiv_y,0.13626557116104507,-0.13626557116104507,5.1875,2.1875,,,,,,,,,
1.0,1.6236846569991397,256,Z4C_RHS_TERM_DIAGNOSTIC,,Gamma_ddiv_z,0,0,16,16,,,,,,,,,
1.0,1.6236846569991397,256,Z4C_RHS_TERM_DIAGNOSTIC,,Gamma_contraction_x,0.01744590843176274,-0.01744590843176274,2.625,0,,,,,,,,,
1.0,1.6236846569991397,256,Z4C_RHS_TERM_DIAGNOSTIC,,Gamma_contraction_y,0.0089453262762028245,0.0089453262762028245,3.8125,2.1875,,,,,,,,,
1.0,1.6236846569991397,256,Z4C_RHS_TERM_DIAGNOSTIC,,Gamma_contraction_z,0,0,16,16,,,,,,,,,
1.0,1.6236846569991397,256,Z4C_RHS_TERM_DIAGNOSTIC,,Gamma_second_x,0.53119731687800731,0.53119731687800731,3.125,0,,,,,,,,,
1.0,1.6236846569991397,256,Z4C_RHS_TERM_DIAGNOSTIC,,Gamma_second_y,0.41907331988856589,0.41907331988856589,4.8125,-2.125,,,,,,,,,
1.0,1.6236846569991397,256,Z4C_RHS_TERM_DIAGNOSTIC,,Gamma_second_z,0,0,16,16,,,,,,,,,
1.0,1.6236846569991397,256,Z4C_AXIS_RHS_PAIR_DIAGNOSTIC,,,,,,16,0,0,0,0,0,0,0,0,0
1.0,1.6236846569991397,512,Z4C_RHS_STAGE_DIAGNOSTIC,z4c_chi,,,,,,,,,,,,,,
1.0,1.6236846569991397,512,Z4C_RHS_STAGE_DIAGNOSTIC,z4c_gxx,,,,,,,,,,,,,,
1.0,1.6236846569991397,512,Z4C_RHS_STAGE_DIAGNOSTIC,z4c_gxy,,,,,,,,,,,,,,
1.0,1.6236846569991397,512,Z4C_RHS_STAGE_DIAGNOSTIC,z4c_gxz,,,,,,,,,,,,,,
1.0,1.6236846569991397,512,Z4C_RHS_STAGE_DIAGNOSTIC,z4c_gyy,,,,,,,,,,,,,,
1.0,1.6236846569991397,512,Z4C_RHS_STAGE_DIAGNOSTIC,z4c_gyz,,,,,,,,,,,,,,
1.0,1.6236846569991397,512,Z4C_RHS_STAGE_DIAGNOSTIC,z4c_gzz,,,,,,,,,,,,,,
1.0,1.6236846569991397,512,Z4C_RHS_STAGE_DIAGNOSTIC,z4c_Khat,,,,,,,,,,,,,,
1.0,1.6236846569991397,512,Z4C_RHS_STAGE_DIAGNOSTIC,z4c_Axx,,,,,,,,,,,,,,
1.0,1.6236846569991397,512,Z4C_RHS_STAGE_DIAGNOSTIC,z4c_Axy,,,,,,,,,,,,,,
1.0,1.6236846569991397,512,Z4C_RHS_STAGE_DIAGNOSTIC,z4c_Axz,,,,,,,,,,,,,,
1.0,1.6236846569991397,512,Z4C_RHS_STAGE_DIAGNOSTIC,z4c_Ayy,,,,,,,,,,,,,,
1.0,1.6236846569991397,512,Z4C_RHS_STAGE_DIAGNOSTIC,z4c_Ayz,,,,,,,,,,,,,,
1.0,1.6236846569991397,512,Z4C_RHS_STAGE_DIAGNOSTIC,z4c_Azz,,,,,,,,,,,,,,
1.0,1.6236846569991397,512,Z4C_RHS_STAGE_DIAGNOSTIC,z4c_Gamx,,,,,,,,,,,,,,
1.0,1.6236846569991397,512,Z4C_RHS_STAGE_DIAGNOSTIC,z4c_Gamy,,,,,,,,,,,,,,
1.0,1.6236846569991397,512,Z4C_RHS_STAGE_DIAGNOSTIC,z4c_Gamz,,,,,,,,,,,,,,
1.0,1.6236846569991397,512,Z4C_RHS_STAGE_DIAGNOSTIC,z4c_Theta,,,,,,,,,,,,,,
1.0,1.6236846569991397,512,Z4C_RHS_STAGE_DIAGNOSTIC,z4c_alpha,,,,,,,,,,,,,,
1.0,1.6236846569991397,512,Z4C_RHS_STAGE_DIAGNOSTIC,z4c_betax,,,,,,,,,,,,,,
1.0,1.6236846569991397,512,Z4C_RHS_STAGE_DIAGNOSTIC,z4c_betay,,,,,,,,,,,,,,
1.0,1.6236846569991397,512,Z4C_RHS_STAGE_DIAGNOSTIC,z4c_betaz,,,,,,,,,,,,,,
1.0,1.6236846569991397,512,Z4C_RHS_STAGE_DIAGNOSTIC,z4c_Bx,,,,,,,,,,,,,,
1.0,1.6236846569991397,512,Z4C_RHS_STAGE_DIAGNOSTIC,z4c_By,,,,,,,,,,,,,,
1.0,1.6236846569991397,512,Z4C_RHS_STAGE_DIAGNOSTIC,z4c_Bz,,,,,,,,,,,,,,
1.0,1.6236846569991397,512,Z4C_AXIS_RHS_PHASE_DIAGNOSTIC,z4c_chi,,,,0,0,,,,,,,,,
1.0,1.6236846569991397,512,Z4C_AXIS_RHS_PHASE_DIAGNOSTIC,z4c_gxx,,,,0,0,,,,,,,,,
1.0,1.6236846569991397,512,Z4C_AXIS_RHS_PHASE_DIAGNOSTIC,z4c_gxy,,,,0,0,,,,,,,,,
1.0,1.6236846569991397,512,Z4C_AXIS_RHS_PHASE_DIAGNOSTIC,z4c_gxz,,,,0,0,,,,,,,,,
1.0,1.6236846569991397,512,Z4C_AXIS_RHS_PHASE_DIAGNOSTIC,z4c_gyy,,,,0,0,,,,,,,,,
1.0,1.6236846569991397,512,Z4C_AXIS_RHS_PHASE_DIAGNOSTIC,z4c_gyz,,,,0,0,,,,,,,,,
1.0,1.6236846569991397,512,Z4C_AXIS_RHS_PHASE_DIAGNOSTIC,z4c_gzz,,,,0,0,,,,,,,,,
1.0,1.6236846569991397,512,Z4C_AXIS_RHS_PHASE_DIAGNOSTIC,z4c_Khat,,,,0,0,,,,,,,,,
1.0,1.6236846569991397,512,Z4C_AXIS_RHS_PHASE_DIAGNOSTIC,z4c_Axx,,,,0,0,,,,,,,,,
1.0,1.6236846569991397,512,Z4C_AXIS_RHS_PHASE_DIAGNOSTIC,z4c_Axy,,,,0,0,,,,,,,,,
1.0,1.6236846569991397,512,Z4C_AXIS_RHS_PHASE_DIAGNOSTIC,z4c_Axz,,,,0,0,,,,,,,,,
1.0,1.6236846569991397,512,Z4C_AXIS_RHS_PHASE_DIAGNOSTIC,z4c_Ayy,,,,0,0,,,,,,,,,
1.0,1.6236846569991397,512,Z4C_AXIS_RHS_PHASE_DIAGNOSTIC,z4c_Ayz,,,,0,0,,,,,,,,,
1.0,1.6236846569991397,512,Z4C_AXIS_RHS_PHASE_DIAGNOSTIC,z4c_Azz,,,,0,0,,,,,,,,,
1.0,1.6236846569991397,512,Z4C_AXIS_RHS_PHASE_DIAGNOSTIC,z4c_Gamx,,,,0,0,,,,,,,,,
1.0,1.6236846569991397,512,Z4C_AXIS_RHS_PHASE_DIAGNOSTIC,z4c_Gamy,,,,0,0,,,,,,,,,
1.0,1.6236846569991397,512,Z4C_AXIS_RHS_PHASE_DIAGNOSTIC,z4c_Gamz,,,,0,0,,,,,,,,,
1.0,1.6236846569991397,512,Z4C_AXIS_RHS_PHASE_DIAGNOSTIC,z4c_Theta,,,,0,0,,,,,,,,,
1.0,1.6236846569991397,512,Z4C_AXIS_RHS_PHASE_DIAGNOSTIC,z4c_alpha,,,,0,0,,,,,,,,,
1.0,1.6236846569991397,512,Z4C_AXIS_RHS_PHASE_DIAGNOSTIC,z4c_betax,,,,0,0,,,,,,,,,
1.0,1.6236846569991397,512,Z4C_AXIS_RHS_PHASE_DIAGNOSTIC,z4c_betay,,,,0,0,,,,,,,,,
1.0,1.6236846569991397,512,Z4C_AXIS_RHS_PHASE_DIAGNOSTIC,z4c_betaz,,,,0,0,,,,,,,,,
1.0,1.6236846569991397,512,Z4C_AXIS_RHS_PHASE_DIAGNOSTIC,z4c_Bx,,,,0,0,,,,,,,,,
1.0,1.6236846569991397,512,Z4C_AXIS_RHS_PHASE_DIAGNOSTIC,z4c_By,,,,0,0,,,,,,,,,
1.0,1.6236846569991397,512,Z4C_AXIS_RHS_PHASE_DIAGNOSTIC,z4c_Bz,,,,0,0,,,,,,,,,
1.0,1.6236846569991397,512,Z4C_AXIS_TERM_POINT_DIAGNOSTIC,,A_geometric_xx,,-1.8308519168731692e-05,0,0,,,,,,,,,
1.0,1.6236846569991397,512,Z4C_AXIS_TERM_POINT_DIAGNOSTIC,,A_geometric_xy,,1.030600180726465e-14,0,0,,,,,,,,,
1.0,1.6236846569991397,512,Z4C_AXIS_TERM_POINT_DIAGNOSTIC,,A_geometric_xz,,0,0,0,,,,,,,,,
1.0,1.6236846569991397,512,Z4C_AXIS_TERM_POINT_DIAGNOSTIC,,A_geometric_yy,,-0.00011788975604435211,0,0,,,,,,,,,
1.0,1.6236846569991397,512,Z4C_AXIS_TERM_POINT_DIAGNOSTIC,,A_geometric_yz,,0,0,0,,,,,,,,,
1.0,1.6236846569991397,512,Z4C_AXIS_TERM_POINT_DIAGNOSTIC,,A_geometric_zz,,-1.8308519168731692e-05,0,0,,,,,,,,,
1.0,1.6236846569991397,512,Z4C_AXIS_TERM_POINT_DIAGNOSTIC,,A_trace_xx,,5.150033098221673e-05,0,0,,,,,,,,,
1.0,1.6236846569991397,512,Z4C_AXIS_TERM_POINT_DIAGNOSTIC,,A_trace_xy,,0,0,0,,,,,,,,,
1.0,1.6236846569991397,512,Z4C_AXIS_TERM_POINT_DIAGNOSTIC,,A_trace_xz,,0,0,0,,,,,,,,,
1.0,1.6236846569991397,512,Z4C_AXIS_TERM_POINT_DIAGNOSTIC,,A_trace_yy,,5.1502865473294549e-05,0,0,,,,,,,,,
1.0,1.6236846569991397,512,Z4C_AXIS_TERM_POINT_DIAGNOSTIC,,A_trace_yz,,0,0,0,,,,,,,,,
1.0,1.6236846569991397,512,Z4C_AXIS_TERM_POINT_DIAGNOSTIC,,A_trace_zz,,5.150033098221673e-05,0,0,,,,,,,,,
1.0,1.6236846569991397,512,Z4C_AXIS_TERM_POINT_DIAGNOSTIC,,A_nonlinear_xx,,-1.4394667862049933e-09,0,0,,,,,,,,,
1.0,1.6236846569991397,512,Z4C_AXIS_TERM_POINT_DIAGNOSTIC,,A_nonlinear_xy,,-0,0,0,,,,,,,,,
1.0,1.6236846569991397,512,Z4C_AXIS_TERM_POINT_DIAGNOSTIC,,A_nonlinear_xz,,-0,0,0,,,,,,,,,
1.0,1.6236846569991397,512,Z4C_AXIS_TERM_POINT_DIAGNOSTIC,,A_nonlinear_yy,,2.2101671755269418e-10,0,0,,,,,,,,,
1.0,1.6236846569991397,512,Z4C_AXIS_TERM_POINT_DIAGNOSTIC,,A_nonlinear_yz,,-0,0,0,,,,,,,,,
1.0,1.6236846569991397,512,Z4C_AXIS_TERM_POINT_DIAGNOSTIC,,A_nonlinear_zz,,-1.4394667862049933e-09,0,0,,,,,,,,,
1.0,1.6236846569991397,512,Z4C_AXIS_TERM_POINT_DIAGNOSTIC,,A_lie_xx,,-4.74965683480637e-10,0,0,,,,,,,,,
1.0,1.6236846569991397,512,Z4C_AXIS_TERM_POINT_DIAGNOSTIC,,A_lie_xy,,-6.3107552974736803e-36,0,0,,,,,,,,,
1.0,1.6236846569991397,512,Z4C_AXIS_TERM_POINT_DIAGNOSTIC,,A_lie_xz,,0,0,0,,,,,,,,,
1.0,1.6236846569991397,512,Z4C_AXIS_TERM_POINT_DIAGNOSTIC,,A_lie_yy,,-1.8999562320623921e-09,0,0,,,,,,,,,
1.0,1.6236846569991397,512,Z4C_AXIS_TERM_POINT_DIAGNOSTIC,,A_lie_yz,,0,0,0,,,,,,,,,
1.0,1.6236846569991397,512,Z4C_AXIS_TERM_POINT_DIAGNOSTIC,,A_lie_zz,,-4.74965683480637e-10,0,0,,,,,,,,,
1.0,1.6236846569991397,512,Z4C_AXIS_TERM_POINT_DIAGNOSTIC,,Gamma_divergence_x,,-2.0955146408291361e-19,0,0,,,,,,,,,
1.0,1.6236846569991397,512,Z4C_AXIS_TERM_POINT_DIAGNOSTIC,,Gamma_divergence_y,,-1.3559322197018768e-11,0,0,,,,,,,,,
1.0,1.6236846569991397,512,Z4C_AXIS_TERM_POINT_DIAGNOSTIC,,Gamma_divergence_z,,0,0,0,,,,,,,,,
1.0,1.6236846569991397,512,Z4C_AXIS_TERM_POINT_DIAGNOSTIC,,Gamma_lie_x,,-7.0066763351864723e-21,0,0,,,,,,,,,
1.0,1.6236846569991397,512,Z4C_AXIS_TERM_POINT_DIAGNOSTIC,,Gamma_lie_y,,8.0550734862772727e-12,0,0,,,,,,,,,
1.0,1.6236846569991397,512,Z4C_AXIS_TERM_POINT_DIAGNOSTIC,,Gamma_lie_z,,0,0,0,,,,,,,,,
1.0,1.6236846569991397,512,Z4C_AXIS_TERM_POINT_DIAGNOSTIC,,Gamma_damping_x,,-0,0,0,,,,,,,,,
1.0,1.6236846569991397,512,Z4C_AXIS_TERM_POINT_DIAGNOSTIC,,Gamma_damping_y,,-0,0,0,,,,,,,,,
1.0,1.6236846569991397,512,Z4C_AXIS_TERM_POINT_DIAGNOSTIC,,Gamma_damping_z,,-0,0,0,,,,,,,,,
1.0,1.6236846569991397,512,Z4C_AXIS_TERM_POINT_DIAGNOSTIC,,Gamma_lapse_gradient_x,,2.8314856240589471e-20,0,0,,,,,,,,,
1.0,1.6236846569991397,512,Z4C_AXIS_TERM_POINT_DIAGNOSTIC,,Gamma_lapse_gradient_y,,-1.1626327665183343e-18,0,0,,,,,,,,,
1.0,1.6236846569991397,512,Z4C_AXIS_TERM_POINT_DIAGNOSTIC,,Gamma_lapse_gradient_z,,0,0,0,,,,,,,,,
1.0,1.6236846569991397,512,Z4C_AXIS_TERM_POINT_DIAGNOSTIC,,A_hessian_xx,,0.002084438798326844,0,0,,,,,,,,,
1.0,1.6236846569991397,512,Z4C_AXIS_TERM_POINT_DIAGNOSTIC,,A_hessian_xy,,4.5708146239136089e-15,0,0,,,,,,,,,
1.0,1.6236846569991397,512,Z4C_AXIS_TERM_POINT_DIAGNOSTIC,,A_hessian_xz,,-0,0,0,,,,,,,,,
1.0,1.6236846569991397,512,Z4C_AXIS_TERM_POINT_DIAGNOSTIC,,A_hessian_yy,,-0.0043235971366180842,0,0,,,,,,,,,
1.0,1.6236846569991397,512,Z4C_AXIS_TERM_POINT_DIAGNOSTIC,,A_hessian_yz,,-0,0,0,,,,,,,,,
1.0,1.6236846569991397,512,Z4C_AXIS_TERM_POINT_DIAGNOSTIC,,A_hessian_zz,,0.002084438798326844,0,0,,,,,,,,,
1.0,1.6236846569991397,512,Z4C_AXIS_TERM_POINT_DIAGNOSTIC,,A_ricci_tensor_xx,,-0.0021027473174955753,0,0,,,,,,,,,
1.0,1.6236846569991397,512,Z4C_AXIS_TERM_POINT_DIAGNOSTIC,,A_ricci_tensor_xy,,5.7351871833510398e-15,0,0,,,,,,,,,
1.0,1.6236846569991397,512,Z4C_AXIS_TERM_POINT_DIAGNOSTIC,,A_ricci_tensor_xz,,0,0,0,,,,,,,,,
1.0,1.6236846569991397,512,Z4C_AXIS_TERM_POINT_DIAGNOSTIC,,A_ricci_tensor_yy,,0.0042057073805737326,0,0,,,,,,,,,
1.0,1.6236846569991397,512,Z4C_AXIS_TERM_POINT_DIAGNOSTIC,,A_ricci_tensor_yz,,0,0,0,,,,,,,,,
1.0,1.6236846569991397,512,Z4C_AXIS_TERM_POINT_DIAGNOSTIC,,A_ricci_tensor_zz,,-0.0021027473174955753,0,0,,,,,,,,,
1.0,1.6236846569991397,512,Z4C_AXIS_TERM_POINT_DIAGNOSTIC,,A_trace_lapse_xx,,5.1502257601800672e-05,0,0,,,,,,,,,
1.0,1.6236846569991397,512,Z4C_AXIS_TERM_POINT_DIAGNOSTIC,,A_trace_lapse_xy,,0,0,0,,,,,,,,,
1.0,1.6236846569991397,512,Z4C_AXIS_TERM_POINT_DIAGNOSTIC,,A_trace_lapse_xz,,0,0,0,,,,,,,,,
1.0,1.6236846569991397,512,Z4C_AXIS_TERM_POINT_DIAGNOSTIC,,A_trace_lapse_yy,,5.1504792187693414e-05,0,0,,,,,,,,,
1.0,1.6236846569991397,512,Z4C_AXIS_TERM_POINT_DIAGNOSTIC,,A_trace_lapse_yz,,0,0,0,,,,,,,,,
1.0,1.6236846569991397,512,Z4C_AXIS_TERM_POINT_DIAGNOSTIC,,A_trace_lapse_zz,,5.1502257601800672e-05,0,0,,,,,,,,,
1.0,1.6236846569991397,512,Z4C_AXIS_TERM_POINT_DIAGNOSTIC,,A_trace_ricci_xx,,-1.9266195839399178e-09,0,0,,,,,,,,,
1.0,1.6236846569991397,512,Z4C_AXIS_TERM_POINT_DIAGNOSTIC,,A_trace_ricci_xy,,-0,0,0,,,,,,,,,
1.0,1.6236846569991397,512,Z4C_AXIS_TERM_POINT_DIAGNOSTIC,,A_trace_ricci_xz,,-0,0,0,,,,,,,,,
1.0,1.6236846569991397,512,Z4C_AXIS_TERM_POINT_DIAGNOSTIC,,A_trace_ricci_yy,,-1.9267143988673701e-09,0,0,,,,,,,,,
1.0,1.6236846569991397,512,Z4C_AXIS_TERM_POINT_DIAGNOSTIC,,A_trace_ricci_yz,,-0,0,0,,,,,,,,,
1.0,1.6236846569991397,512,Z4C_AXIS_TERM_POINT_DIAGNOSTIC,,A_trace_ricci_zz,,-1.9266195839399178e-09,0,0,,,,,,,,,
1.0,1.6236846569991397,512,Z4C_AXIS_TERM_POINT_DIAGNOSTIC,,Gamma_advective_x,,0,0,0,,,,,,,,,
1.0,1.6236846569991397,512,Z4C_AXIS_TERM_POINT_DIAGNOSTIC,,Gamma_advective_y,,-7.4700016019113136e-20,0,0,,,,,,,,,
1.0,1.6236846569991397,512,Z4C_AXIS_TERM_POINT_DIAGNOSTIC,,Gamma_advective_z,,0,0,0,,,,,,,,,
1.0,1.6236846569991397,512,Z4C_AXIS_TERM_POINT_DIAGNOSTIC,,Gamma_expansion_x,,7.333565756057207e-22,0,0,,,,,,,,,
1.0,1.6236846569991397,512,Z4C_AXIS_TERM_POINT_DIAGNOSTIC,,Gamma_expansion_y,,4.7637151701490948e-20,0,0,,,,,,,,,
1.0,1.6236846569991397,512,Z4C_AXIS_TERM_POINT_DIAGNOSTIC,,Gamma_expansion_z,,-0,0,0,,,,,,,,,
1.0,1.6236846569991397,512,Z4C_AXIS_TERM_POINT_DIAGNOSTIC,,Gamma_ddiv_x,,-1.3798628316431891e-21,0,0,,,,,,,,,
1.0,1.6236846569991397,512,Z4C_AXIS_TERM_POINT_DIAGNOSTIC,,Gamma_ddiv_y,,2.2157005253259239e-12,0,0,,,,,,,,,
1.0,1.6236846569991397,512,Z4C_AXIS_TERM_POINT_DIAGNOSTIC,,Gamma_ddiv_z,,0,0,0,,,,,,,,,
1.0,1.6236846569991397,512,Z4C_AXIS_TERM_POINT_DIAGNOSTIC,,Gamma_contraction_x,,-2.220581584219438e-21,0,0,,,,,,,,,
1.0,1.6236846569991397,512,Z4C_AXIS_TERM_POINT_DIAGNOSTIC,,Gamma_contraction_y,,2.1703198855128928e-19,0,0,,,,,,,,,
1.0,1.6236846569991397,512,Z4C_AXIS_TERM_POINT_DIAGNOSTIC,,Gamma_contraction_z,,0,0,0,,,,,,,,,
1.0,1.6236846569991397,512,Z4C_AXIS_TERM_POINT_DIAGNOSTIC,,Gamma_second_x,,-4.1395884949295672e-21,0,0,,,,,,,,,
1.0,1.6236846569991397,512,Z4C_AXIS_TERM_POINT_DIAGNOSTIC,,Gamma_second_y,,5.8393727709822254e-12,0,0,,,,,,,,,
1.0,1.6236846569991397,512,Z4C_AXIS_TERM_POINT_DIAGNOSTIC,,Gamma_second_z,,0,0,0,,,,,,,,,
1.0,1.6236846569991397,512,Z4C_RHS_TERM_DIAGNOSTIC,,A_geometric_xx,0.35810898003809366,0.35810898003809366,5.28125,0,,,,,,,,,
1.0,1.6236846569991397,512,Z4C_RHS_TERM_DIAGNOSTIC,,A_geometric_xy,0.094559207854206295,-0.094559207854206295,4.375,-0.9375,,,,,,,,,
1.0,1.6236846569991397,512,Z4C_RHS_TERM_DIAGNOSTIC,,A_geometric_xz,0,0,16,16,,,,,,,,,
1.0,1.6236846569991397,512,Z4C_RHS_TERM_DIAGNOSTIC,,A_geometric_yy,0.36054433695798238,0.36054433695798238,5.3125,0,,,,,,,,,
1.0,1.6236846569991397,512,Z4C_RHS_TERM_DIAGNOSTIC,,A_geometric_yz,0,0,16,16,,,,,,,,,
1.0,1.6236846569991397,512,Z4C_RHS_TERM_DIAGNOSTIC,,A_geometric_zz,0.44560216700759425,-0.44560216700759425,5.3125,0,,,,,,,,,
1.0,1.6236846569991397,512,Z4C_RHS_TERM_DIAGNOSTIC,,A_trace_xx,0.14124034571788913,-0.14124034571788913,5.21875,0,,,,,,,,,
1.0,1.6236846569991397,512,Z4C_RHS_TERM_DIAGNOSTIC,,A_trace_xy,0.0031159435783593946,-0.0031159435783593946,4.1875,-1.03125,,,,,,,,,
1.0,1.6236846569991397,512,Z4C_RHS_TERM_DIAGNOSTIC,,A_trace_xz,0,-0,16,16,,,,,,,,,
1.0,1.6236846569991397,512,Z4C_RHS_TERM_DIAGNOSTIC,,A_trace_yy,0.1374865337435448,-0.1374865337435448,5.25,0,,,,,,,,,
1.0,1.6236846569991397,512,Z4C_RHS_TERM_DIAGNOSTIC,,A_trace_yz,0,-0,16,16,,,,,,,,,
1.0,1.6236846569991397,512,Z4C_RHS_TERM_DIAGNOSTIC,,A_trace_zz,0.21213265592476699,-0.21213265592476699,5.125,0,,,,,,,,,
1.0,1.6236846569991397,512,Z4C_RHS_TERM_DIAGNOSTIC,,A_nonlinear_xx,0.15656456542883526,-0.15656456542883526,5.15625,0,,,,,,,,,
1.0,1.6236846569991397,512,Z4C_RHS_TERM_DIAGNOSTIC,,A_nonlinear_xy,0.052657765093015479,-0.052657765093015479,4.96875,-0.34375,,,,,,,,,
1.0,1.6236846569991397,512,Z4C_RHS_TERM_DIAGNOSTIC,,A_nonlinear_xz,0,-0,16,16,,,,,,,,,
1.0,1.6236846569991397,512,Z4C_RHS_TERM_DIAGNOSTIC,,A_nonlinear_yy,0.15596241410461265,-0.15596241410461265,5.28125,0,,,,,,,,,
1.0,1.6236846569991397,512,Z4C_RHS_TERM_DIAGNOSTIC,,A_nonlinear_yz,0,-0,16,16,,,,,,,,,
1.0,1.6236846569991397,512,Z4C_RHS_TERM_DIAGNOSTIC,,A_nonlinear_zz,0.67441804761974178,-0.67441804761974178,5.0625,0,,,,,,,,,
1.0,1.6236846569991397,512,Z4C_RHS_TERM_DIAGNOSTIC,,A_lie_xx,0.020039979616440402,0.020039979616440402,4.6875,0,,,,,,,,,
1.0,1.6236846569991397,512,Z4C_RHS_TERM_DIAGNOSTIC,,A_lie_xy,0.013633848587298247,-0.013633848587298247,5.46875,-0.4375,,,,,,,,,
1.0,1.6236846569991397,512,Z4C_RHS_TERM_DIAGNOSTIC,,A_lie_xz,0,0,16,16,,,,,,,,,
1.0,1.6236846569991397,512,Z4C_RHS_TERM_DIAGNOSTIC,,A_lie_yy,0.024217375993279753,0.024217375993279753,4.9375,0.40625,,,,,,,,,
1.0,1.6236846569991397,512,Z4C_RHS_TERM_DIAGNOSTIC,,A_lie_yz,0,0,16,16,,,,,,,,,
1.0,1.6236846569991397,512,Z4C_RHS_TERM_DIAGNOSTIC,,A_lie_zz,0.052045275186266574,0.052045275186266574,6,0,,,,,,,,,
1.0,1.6236846569991397,512,Z4C_RHS_TERM_DIAGNOSTIC,,Gamma_divergence_x,0.46788283865160085,0.46788283865160085,5.5625,0,,,,,,,,,
1.0,1.6236846569991397,512,Z4C_RHS_TERM_DIAGNOSTIC,,Gamma_divergence_y,0.44482243425639634,0.44482243425639634,5.3125,0.3125,,,,,,,,,
1.0,1.6236846569991397,512,Z4C_RHS_TERM_DIAGNOSTIC,,Gamma_divergence_z,0,0,16,16,,,,,,,,,
1.0,1.6236846569991397,512,Z4C_RHS_TERM_DIAGNOSTIC,,Gamma_lie_x,0.65717131906673232,0.65717131906673232,3.125,0,,,,,,,,,
1.0,1.6236846569991397,512,Z4C_RHS_TERM_DIAGNOSTIC,,Gamma_lie_y,0.52784570190857849,-0.52784570190857849,4.9375,2.15625,,,,,,,,,
1.0,1.6236846569991397,512,Z4C_RHS_TERM_DIAGNOSTIC,,Gamma_lie_z,0,0,16,16,,,,,,,,,
1.0,1.6236846569991397,512,Z4C_RHS_TERM_DIAGNOSTIC,,Gamma_damping_x,0,-0,16,16,,,,,,,,,
1.0,1.6236846569991397,512,Z4C_RHS_TERM_DIAGNOSTIC,,Gamma_damping_y,0,-0,16,16,,,,,,,,,
1.0,1.6236846569991397,512,Z4C_RHS_TERM_DIAGNOSTIC,,Gamma_damping_z,0,-0,16,16,,,,,,,,,
1.0,1.6236846569991397,512,Z4C_RHS_TERM_DIAGNOSTIC,,Gamma_lapse_gradient_x,0.072673375825896128,0.072673375825896128,4.65625,0,,,,,,,,,
1.0,1.6236846569991397,512,Z4C_RHS_TERM_DIAGNOSTIC,,Gamma_lapse_gradient_y,0.043912647640228487,0.043912647640228487,4.9375,-0.625,,,,,,,,,
1.0,1.6236846569991397,512,Z4C_RHS_TERM_DIAGNOSTIC,,Gamma_lapse_gradient_z,0,0,16,16,,,,,,,,,
1.0,1.6236846569991397,512,Z4C_RHS_TERM_DIAGNOSTIC,,A_hessian_xx,0.084044812117007553,-0.084044812117007553,3.96875,0,,,,,,,,,
1.0,1.6236846569991397,512,Z4C_RHS_TERM_DIAGNOSTIC,,A_hessian_xy,0.040861151624627959,0.040861151624627959,4.4375,0.90625,,,,,,,,,
1.0,1.6236846569991397,512,Z4C_RHS_TERM_DIAGNOSTIC,,A_hessian_xz,0,-0,16,16,,,,,,,,,
1.0,1.6236846569991397,512,Z4C_RHS_TERM_DIAGNOSTIC,,A_hessian_yy,0.076000321707447901,-0.076000321707447901,5.34375,1.375,,,,,,,,,
1.0,1.6236846569991397,512,Z4C_RHS_TERM_DIAGNOSTIC,,A_hessian_yz,0,-0,16,16,,,,,,,,,
1.0,1.6236846569991397,512,Z4C_RHS_TERM_DIAGNOSTIC,,A_hessian_zz,0.026108050654103446,-0.026108050654103446,4.375,0,,,,,,,,,
1.0,1.6236846569991397,512,Z4C_RHS_TERM_DIAGNOSTIC,,A_ricci_tensor_xx,0.32255087778041924,0.32255087778041924,5.28125,0,,,,,,,,,
1.0,1.6236846569991397,512,Z4C_RHS_TERM_DIAGNOSTIC,,A_ricci_tensor_xy,0.08604479512249491,0.08604479512249491,4.96875,-0.375,,,,,,,,,
1.0,1.6236846569991397,512,Z4C_RHS_TERM_DIAGNOSTIC,,A_ricci_tensor_xz,0,0,16,16,,,,,,,,,
1.0,1.6236846569991397,512,Z4C_RHS_TERM_DIAGNOSTIC,,A_ricci_tensor_yy,0.3292296961090142,0.3292296961090142,5.3125,0,,,,,,,,,
1.0,1.6236846569991397,512,Z4C_RHS_TERM_DIAGNOSTIC,,A_ricci_tensor_yz,0,0,16,16,,,,,,,,,
1.0,1.6236846569991397,512,Z4C_RHS_TERM_DIAGNOSTIC,,A_ricci_tensor_zz,0.44427475474334421,-0.44427475474334421,5.3125,0,,,,,,,,,
1.0,1.6236846569991397,512,Z4C_RHS_TERM_DIAGNOSTIC,,A_trace_lapse_xx,0.031273186379037914,0.031273186379037914,4.71875,1.3125,,,,,,,,,
1.0,1.6236846569991397,512,Z4C_RHS_TERM_DIAGNOSTIC,,A_trace_lapse_xy,0.0035236632206367426,0.0035236632206367426,4.1875,1,,,,,,,,,
1.0,1.6236846569991397,512,Z4C_RHS_TERM_DIAGNOSTIC,,A_trace_lapse_xz,0,0,16,16,,,,,,,,,
1.0,1.6236846569991397,512,Z4C_RHS_TERM_DIAGNOSTIC,,A_trace_lapse_yy,0.038097140298546106,0.038097140298546106,3.9375,0,,,,,,,,,
1.0,1.6236846569991397,512,Z4C_RHS_TERM_DIAGNOSTIC,,A_trace_lapse_yz,0,0,16,16,,,,,,,,,
1.0,1.6236846569991397,512,Z4C_RHS_TERM_DIAGNOSTIC,,A_trace_lapse_zz,0.047844930183033686,0.047844930183033686,4,0,,,,,,,,,
1.0,1.6236846569991397,512,Z4C_RHS_TERM_DIAGNOSTIC,,A_trace_ricci_xx,0.12003100015793344,-0.12003100015793344,5.1875,0,,,,,,,,,
1.0,1.6236846569991397,512,Z4C_RHS_TERM_DIAGNOSTIC,,A_trace_ricci_xy,0.0020304655252846556,-0.0020304655252846556,5.03125,-0.28125,,,,,,,,,
1.0,1.6236846569991397,512,Z4C_RHS_TERM_DIAGNOSTIC,,A_trace_ricci_xz,0,-0,16,16,,,,,,,,,
1.0,1.6236846569991397,512,Z4C_RHS_TERM_DIAGNOSTIC,,A_trace_ricci_yy,0.11659370524786439,-0.11659370524786439,5.21875,0,,,,,,,,,
1.0,1.6236846569991397,512,Z4C_RHS_TERM_DIAGNOSTIC,,A_trace_ricci_yz,0,-0,16,16,,,,,,,,,
1.0,1.6236846569991397,512,Z4C_RHS_TERM_DIAGNOSTIC,,A_trace_ricci_zz,0.18134570114327586,-0.18134570114327586,5.125,0,,,,,,,,,
1.0,1.6236846569991397,512,Z4C_RHS_TERM_DIAGNOSTIC,,Gamma_advective_x,0.049125364944130612,-0.049125364944130612,3.125,0,,,,,,,,,
1.0,1.6236846569991397,512,Z4C_RHS_TERM_DIAGNOSTIC,,Gamma_advective_y,0.031066473753381754,-0.031066473753381754,4.125,-1.8125,,,,,,,,,
1.0,1.6236846569991397,512,Z4C_RHS_TERM_DIAGNOSTIC,,Gamma_advective_z,0,0,16,16,,,,,,,,,
1.0,1.6236846569991397,512,Z4C_RHS_TERM_DIAGNOSTIC,,Gamma_expansion_x,0.011866408492687943,0.011866408492687943,2.625,0,,,,,,,,,
1.0,1.6236846569991397,512,Z4C_RHS_TERM_DIAGNOSTIC,,Gamma_expansion_y,0.0061317499283957463,-0.0061317499283957463,5.125,1.78125,,,,,,,,,
1.0,1.6236846569991397,512,Z4C_RHS_TERM_DIAGNOSTIC,,Gamma_expansion_z,0,-0,16,16,,,,,,,,,
1.0,1.6236846569991397,512,Z4C_RHS_TERM_DIAGNOSTIC,,Gamma_ddiv_x,0.17346685348434523,0.17346685348434523,3.125,0,,,,,,,,,
1.0,1.6236846569991397,512,Z4C_RHS_TERM_DIAGNOSTIC,,Gamma_ddiv_y,0.13662436572987993,0.13662436572987993,5.1875,-2.1875,,,,,,,,,
1.0,1.6236846569991397,512,Z4C_RHS_TERM_DIAGNOSTIC,,Gamma_ddiv_z,0,0,16,16,,,,,,,,,
1.0,1.6236846569991397,512,Z4C_RHS_TERM_DIAGNOSTIC,,Gamma_contraction_x,0.017525255485864148,-0.017525255485864148,2.65625,0,,,,,,,,,
1.0,1.6236846569991397,512,Z4C_RHS_TERM_DIAGNOSTIC,,Gamma_contraction_y,0.0089480124731903671,-0.0089480124731903671,3.84375,-2.21875,,,,,,,,,
1.0,1.6236846569991397,512,Z4C_RHS_TERM_DIAGNOSTIC,,Gamma_contraction_z,0,0,16,16,,,,,,,,,
1.0,1.6236846569991397,512,Z4C_RHS_TERM_DIAGNOSTIC,,Gamma_second_x,0.5325633091561911,0.5325633091561911,3.125,0,,,,,,,,,
1.0,1.6236846569991397,512,Z4C_RHS_TERM_DIAGNOSTIC,,Gamma_second_y,0.42000937848344616,0.42000937848344616,4.8125,-2.125,,,,,,,,,
1.0,1.6236846569991397,512,Z4C_RHS_TERM_DIAGNOSTIC,,Gamma_second_z,0,0,16,16,,,,,,,,,
1.0,1.6236846569991397,512,Z4C_AXIS_RHS_PAIR_DIAGNOSTIC,,,,,,16,0,0,0,0,0,0,0,0,0
1.25,2.0295751268186133,128,Z4C_RHS_STAGE_DIAGNOSTIC,z4c_chi,,,,,,,,,,,,,,
1.25,2.0295751268186133,128,Z4C_RHS_STAGE_DIAGNOSTIC,z4c_gxx,,,,,,,,,,,,,,
1.25,2.0295751268186133,128,Z4C_RHS_STAGE_DIAGNOSTIC,z4c_gxy,,,,,,,,,,,,,,
1.25,2.0295751268186133,128,Z4C_RHS_STAGE_DIAGNOSTIC,z4c_gxz,,,,,,,,,,,,,,
1.25,2.0295751268186133,128,Z4C_RHS_STAGE_DIAGNOSTIC,z4c_gyy,,,,,,,,,,,,,,
1.25,2.0295751268186133,128,Z4C_RHS_STAGE_DIAGNOSTIC,z4c_gyz,,,,,,,,,,,,,,
1.25,2.0295751268186133,128,Z4C_RHS_STAGE_DIAGNOSTIC,z4c_gzz,,,,,,,,,,,,,,
1.25,2.0295751268186133,128,Z4C_RHS_STAGE_DIAGNOSTIC,z4c_Khat,,,,,,,,,,,,,,
1.25,2.0295751268186133,128,Z4C_RHS_STAGE_DIAGNOSTIC,z4c_Axx,,,,,,,,,,,,,,
1.25,2.0295751268186133,128,Z4C_RHS_STAGE_DIAGNOSTIC,z4c_Axy,,,,,,,,,,,,,,
1.25,2.0295751268186133,128,Z4C_RHS_STAGE_DIAGNOSTIC,z4c_Axz,,,,,,,,,,,,,,
1.25,2.0295751268186133,128,Z4C_RHS_STAGE_DIAGNOSTIC,z4c_Ayy,,,,,,,,,,,,,,
1.25,2.0295751268186133,128,Z4C_RHS_STAGE_DIAGNOSTIC,z4c_Ayz,,,,,,,,,,,,,,
1.25,2.0295751268186133,128,Z4C_RHS_STAGE_DIAGNOSTIC,z4c_Azz,,,,,,,,,,,,,,
1.25,2.0295751268186133,128,Z4C_RHS_STAGE_DIAGNOSTIC,z4c_Gamx,,,,,,,,,,,,,,
1.25,2.0295751268186133,128,Z4C_RHS_STAGE_DIAGNOSTIC,z4c_Gamy,,,,,,,,,,,,,,
1.25,2.0295751268186133,128,Z4C_RHS_STAGE_DIAGNOSTIC,z4c_Gamz,,,,,,,,,,,,,,
1.25,2.0295751268186133,128,Z4C_RHS_STAGE_DIAGNOSTIC,z4c_Theta,,,,,,,,,,,,,,
1.25,2.0295751268186133,128,Z4C_RHS_STAGE_DIAGNOSTIC,z4c_alpha,,,,,,,,,,,,,,
1.25,2.0295751268186133,128,Z4C_RHS_STAGE_DIAGNOSTIC,z4c_betax,,,,,,,,,,,,,,
1.25,2.0295751268186133,128,Z4C_RHS_STAGE_DIAGNOSTIC,z4c_betay,,,,,,,,,,,,,,
1.25,2.0295751268186133,128,Z4C_RHS_STAGE_DIAGNOSTIC,z4c_betaz,,,,,,,,,,,,,,
1.25,2.0295751268186133,128,Z4C_RHS_STAGE_DIAGNOSTIC,z4c_Bx,,,,,,,,,,,,,,
1.25,2.0295751268186133,128,Z4C_RHS_STAGE_DIAGNOSTIC,z4c_By,,,,,,,,,,,,,,
1.25,2.0295751268186133,128,Z4C_RHS_STAGE_DIAGNOSTIC,z4c_Bz,,,,,,,,,,,,,,
1.25,2.0295751268186133,128,Z4C_AXIS_RHS_PHASE_DIAGNOSTIC,z4c_chi,,,,0,0,,,,,,,,,
1.25,2.0295751268186133,128,Z4C_AXIS_RHS_PHASE_DIAGNOSTIC,z4c_gxx,,,,0,0,,,,,,,,,
1.25,2.0295751268186133,128,Z4C_AXIS_RHS_PHASE_DIAGNOSTIC,z4c_gxy,,,,0,0,,,,,,,,,
1.25,2.0295751268186133,128,Z4C_AXIS_RHS_PHASE_DIAGNOSTIC,z4c_gxz,,,,0,0,,,,,,,,,
1.25,2.0295751268186133,128,Z4C_AXIS_RHS_PHASE_DIAGNOSTIC,z4c_gyy,,,,0,0,,,,,,,,,
1.25,2.0295751268186133,128,Z4C_AXIS_RHS_PHASE_DIAGNOSTIC,z4c_gyz,,,,0,0,,,,,,,,,
1.25,2.0295751268186133,128,Z4C_AXIS_RHS_PHASE_DIAGNOSTIC,z4c_gzz,,,,0,0,,,,,,,,,
1.25,2.0295751268186133,128,Z4C_AXIS_RHS_PHASE_DIAGNOSTIC,z4c_Khat,,,,0,0,,,,,,,,,
1.25,2.0295751268186133,128,Z4C_AXIS_RHS_PHASE_DIAGNOSTIC,z4c_Axx,,,,0,0,,,,,,,,,
1.25,2.0295751268186133,128,Z4C_AXIS_RHS_PHASE_DIAGNOSTIC,z4c_Axy,,,,0,0,,,,,,,,,
1.25,2.0295751268186133,128,Z4C_AXIS_RHS_PHASE_DIAGNOSTIC,z4c_Axz,,,,0,0,,,,,,,,,
1.25,2.0295751268186133,128,Z4C_AXIS_RHS_PHASE_DIAGNOSTIC,z4c_Ayy,,,,0,0,,,,,,,,,
1.25,2.0295751268186133,128,Z4C_AXIS_RHS_PHASE_DIAGNOSTIC,z4c_Ayz,,,,0,0,,,,,,,,,
1.25,2.0295751268186133,128,Z4C_AXIS_RHS_PHASE_DIAGNOSTIC,z4c_Azz,,,,0,0,,,,,,,,,
1.25,2.0295751268186133,128,Z4C_AXIS_RHS_PHASE_DIAGNOSTIC,z4c_Gamx,,,,0,0,,,,,,,,,
1.25,2.0295751268186133,128,Z4C_AXIS_RHS_PHASE_DIAGNOSTIC,z4c_Gamy,,,,0,0,,,,,,,,,
1.25,2.0295751268186133,128,Z4C_AXIS_RHS_PHASE_DIAGNOSTIC,z4c_Gamz,,,,0,0,,,,,,,,,
1.25,2.0295751268186133,128,Z4C_AXIS_RHS_PHASE_DIAGNOSTIC,z4c_Theta,,,,0,0,,,,,,,,,
1.25,2.0295751268186133,128,Z4C_AXIS_RHS_PHASE_DIAGNOSTIC,z4c_alpha,,,,0,0,,,,,,,,,
1.25,2.0295751268186133,128,Z4C_AXIS_RHS_PHASE_DIAGNOSTIC,z4c_betax,,,,0,0,,,,,,,,,
1.25,2.0295751268186133,128,Z4C_AXIS_RHS_PHASE_DIAGNOSTIC,z4c_betay,,,,0,0,,,,,,,,,
1.25,2.0295751268186133,128,Z4C_AXIS_RHS_PHASE_DIAGNOSTIC,z4c_betaz,,,,0,0,,,,,,,,,
1.25,2.0295751268186133,128,Z4C_AXIS_RHS_PHASE_DIAGNOSTIC,z4c_Bx,,,,0,0,,,,,,,,,
1.25,2.0295751268186133,128,Z4C_AXIS_RHS_PHASE_DIAGNOSTIC,z4c_By,,,,0,0,,,,,,,,,
1.25,2.0295751268186133,128,Z4C_AXIS_RHS_PHASE_DIAGNOSTIC,z4c_Bz,,,,0,0,,,,,,,,,
1.25,2.0295751268186133,128,Z4C_AXIS_TERM_POINT_DIAGNOSTIC,,A_geometric_xx,,-2.7273066173672652e-05,0,0,,,,,,,,,
1.25,2.0295751268186133,128,Z4C_AXIS_TERM_POINT_DIAGNOSTIC,,A_geometric_xy,,9.5554174942451258e-16,0,0,,,,,,,,,
1.25,2.0295751268186133,128,Z4C_AXIS_TERM_POINT_DIAGNOSTIC,,A_geometric_xz,,0,0,0,,,,,,,,,
1.25,2.0295751268186133,128,Z4C_AXIS_TERM_POINT_DIAGNOSTIC,,A_geometric_yy,,-0.00017627919815537324,0,0,,,,,,,,,
1.25,2.0295751268186133,128,Z4C_AXIS_TERM_POINT_DIAGNOSTIC,,A_geometric_yz,,0,0,0,,,,,,,,,
1.25,2.0295751268186133,128,Z4C_AXIS_TERM_POINT_DIAGNOSTIC,,A_geometric_zz,,-2.7273066173672652e-05,0,0,,,,,,,,,
1.25,2.0295751268186133,128,Z4C_AXIS_TERM_POINT_DIAGNOSTIC,,A_trace_xx,,7.6930115626992529e-05,0,0,,,,,,,,,
1.25,2.0295751268186133,128,Z4C_AXIS_TERM_POINT_DIAGNOSTIC,,A_trace_xy,,0,0,0,,,,,,,,,
1.25,2.0295751268186133,128,Z4C_AXIS_TERM_POINT_DIAGNOSTIC,,A_trace_xz,,0,0,0,,,,,,,,,
1.25,2.0295751268186133,128,Z4C_AXIS_TERM_POINT_DIAGNOSTIC,,A_trace_yy,,7.6945385881807332e-05,0,0,,,,,,,,,
1.25,2.0295751268186133,128,Z4C_AXIS_TERM_POINT_DIAGNOSTIC,,A_trace_yz,,0,0,0,,,,,,,,,
1.25,2.0295751268186133,128,Z4C_AXIS_TERM_POINT_DIAGNOSTIC,,A_trace_zz,,7.6930115626992529e-05,0,0,,,,,,,,,
1.25,2.0295751268186133,128,Z4C_AXIS_TERM_POINT_DIAGNOSTIC,,A_nonlinear_xx,,-5.1647170666082542e-09,0,0,,,,,,,,,
1.25,2.0295751268186133,128,Z4C_AXIS_TERM_POINT_DIAGNOSTIC,,A_nonlinear_xy,,-0,0,0,,,,,,,,,
1.25,2.0295751268186133,128,Z4C_AXIS_TERM_POINT_DIAGNOSTIC,,A_nonlinear_xz,,-0,0,0,,,,,,,,,
1.25,2.0295751268186133,128,Z4C_AXIS_TERM_POINT_DIAGNOSTIC,,A_nonlinear_yy,,8.5693546530729253e-10,0,0,,,,,,,,,
1.25,2.0295751268186133,128,Z4C_AXIS_TERM_POINT_DIAGNOSTIC,,A_nonlinear_yz,,-0,0,0,,,,,,,,,
1.25,2.0295751268186133,128,Z4C_AXIS_TERM_POINT_DIAGNOSTIC,,A_nonlinear_zz,,-5.1647170666082542e-09,0,0,,,,,,,,,
1.25,2.0295751268186133,128,Z4C_AXIS_TERM_POINT_DIAGNOSTIC,,A_lie_xx,,-8.0587003761226557e-09,0,0,,,,,,,,,
1.25,2.0295751268186133,128,Z4C_AXIS_TERM_POINT_DIAGNOSTIC,,A_lie_xy,,-2.2477285084067938e-35,0,0,,,,,,,,,
1.25,2.0295751268186133,128,Z4C_AXIS_TERM_POINT_DIAGNOSTIC,,A_lie_xz,,0,0,0,,,,,,,,,
1.25,2.0295751268186133,128,Z4C_AXIS_TERM_POINT_DIAGNOSTIC,,A_lie_yy,,-3.2241199956239546e-08,0,0,,,,,,,,,
1.25,2.0295751268186133,128,Z4C_AXIS_TERM_POINT_DIAGNOSTIC,,A_lie_yz,,0,0,0,,,,,,,,,
1.25,2.0295751268186133,128,Z4C_AXIS_TERM_POINT_DIAGNOSTIC,,A_lie_zz,,-8.0587003761226557e-09,0,0,,,,,,,,,
1.25,2.0295751268186133,128,Z4C_AXIS_TERM_POINT_DIAGNOSTIC,,Gamma_divergence_x,,-3.8042928101212366e-20,0,0,,,,,,,,,
1.25,2.0295751268186133,128,Z4C_AXIS_TERM_POINT_DIAGNOSTIC,,Gamma_divergence_y,,3.5640757950188833e-13,0,0,,,,,,,,,
1.25,2.0295751268186133,128,Z4C_AXIS_TERM_POINT_DIAGNOSTIC,,Gamma_divergence_z,,0,0,0,,,,,,,,,
1.25,2.0295751268186133,128,Z4C_AXIS_TERM_POINT_DIAGNOSTIC,,Gamma_lie_x,,-2.2664555295120853e-19,0,0,,,,,,,,,
1.25,2.0295751268186133,128,Z4C_AXIS_TERM_POINT_DIAGNOSTIC,,Gamma_lie_y,,-4.6769383417855853e-13,0,0,,,,,,,,,
1.25,2.0295751268186133,128,Z4C_AXIS_TERM_POINT_DIAGNOSTIC,,Gamma_lie_z,,0,0,0,,,,,,,,,
1.25,2.0295751268186133,128,Z4C_AXIS_TERM_POINT_DIAGNOSTIC,,Gamma_damping_x,,-0,0,0,,,,,,,,,
1.25,2.0295751268186133,128,Z4C_AXIS_TERM_POINT_DIAGNOSTIC,,Gamma_damping_y,,0,0,0,,,,,,,,,
1.25,2.0295751268186133,128,Z4C_AXIS_TERM_POINT_DIAGNOSTIC,,Gamma_damping_z,,-0,0,0,,,,,,,,,
1.25,2.0295751268186133,128,Z4C_AXIS_TERM_POINT_DIAGNOSTIC,,Gamma_lapse_gradient_x,,-9.1605677889748665e-21,0,0,,,,,,,,,
1.25,2.0295751268186133,128,Z4C_AXIS_TERM_POINT_DIAGNOSTIC,,Gamma_lapse_gradient_y,,-3.5525589909884412e-19,0,0,,,,,,,,,
1.25,2.0295751268186133,128,Z4C_AXIS_TERM_POINT_DIAGNOSTIC,,Gamma_lapse_gradient_z,,0,0,0,,,,,,,,,
1.25,2.0295751268186133,128,Z4C_AXIS_TERM_POINT_DIAGNOSTIC,,A_hessian_xx,,0.0020663503901903789,0,0,,,,,,,,,
1.25,2.0295751268186133,128,Z4C_AXIS_TERM_POINT_DIAGNOSTIC,,A_hessian_xy,,1.0625615926854201e-15,0,0,,,,,,,,,
1.25,2.0295751268186133,128,Z4C_AXIS_TERM_POINT_DIAGNOSTIC,,A_hessian_xz,,-0,0,0,,,,,,,,,
1.25,2.0295751268186133,128,Z4C_AXIS_TERM_POINT_DIAGNOSTIC,,A_hessian_yy,,-0.0043699966487332877,0,0,,,,,,,,,
1.25,2.0295751268186133,128,Z4C_AXIS_TERM_POINT_DIAGNOSTIC,,A_hessian_yz,,-0,0,0,,,,,,,,,
1.25,2.0295751268186133,128,Z4C_AXIS_TERM_POINT_DIAGNOSTIC,,A_hessian_zz,,0.0020663503901903789,0,0,,,,,,,,,
1.25,2.0295751268186133,128,Z4C_AXIS_TERM_POINT_DIAGNOSTIC,,A_ricci_tensor_xx,,-0.0020936234563640518,0,0,,,,,,,,,
1.25,2.0295751268186133,128,Z4C_AXIS_TERM_POINT_DIAGNOSTIC,,A_ricci_tensor_xy,,-1.0701984326090754e-16,0,0,,,,,,,,,
1.25,2.0295751268186133,128,Z4C_AXIS_TERM_POINT_DIAGNOSTIC,,A_ricci_tensor_xz,,0,0,0,,,,,,,,,
1.25,2.0295751268186133,128,Z4C_AXIS_TERM_POINT_DIAGNOSTIC,,A_ricci_tensor_yy,,0.0041937174505779148,0,0,,,,,,,,,
1.25,2.0295751268186133,128,Z4C_AXIS_TERM_POINT_DIAGNOSTIC,,A_ricci_tensor_yz,,0,0,0,,,,,,,,,
1.25,2.0295751268186133,128,Z4C_AXIS_TERM_POINT_DIAGNOSTIC,,A_ricci_tensor_zz,,-0.0020936234563640518,0,0,,,,,,,,,
1.25,2.0295751268186133,128,Z4C_AXIS_TERM_POINT_DIAGNOSTIC,,A_trace_lapse_xx,,7.8809539119612949e-05,0,0,,,,,,,,,
1.25,2.0295751268186133,128,Z4C_AXIS_TERM_POINT_DIAGNOSTIC,,A_trace_lapse_xy,,0,0,0,,,,,,,,,
1.25,2.0295751268186133,128,Z4C_AXIS_TERM_POINT_DIAGNOSTIC,,A_trace_lapse_xz,,0,0,0,,,,,,,,,
1.25,2.0295751268186133,128,Z4C_AXIS_TERM_POINT_DIAGNOSTIC,,A_trace_lapse_yy,,7.882518243087518e-05,0,0,,,,,,,,,
1.25,2.0295751268186133,128,Z4C_AXIS_TERM_POINT_DIAGNOSTIC,,A_trace_lapse_yz,,0,0,0,,,,,,,,,
1.25,2.0295751268186133,128,Z4C_AXIS_TERM_POINT_DIAGNOSTIC,,A_trace_lapse_zz,,7.8809539119612949e-05,0,0,,,,,,,,,
1.25,2.0295751268186133,128,Z4C_AXIS_TERM_POINT_DIAGNOSTIC,,A_trace_ricci_xx,,-1.8794234926204089e-06,0,0,,,,,,,,,
1.25,2.0295751268186133,128,Z4C_AXIS_TERM_POINT_DIAGNOSTIC,,A_trace_ricci_xy,,-0,0,0,,,,,,,,,
1.25,2.0295751268186133,128,Z4C_AXIS_TERM_POINT_DIAGNOSTIC,,A_trace_ricci_xz,,-0,0,0,,,,,,,,,
1.25,2.0295751268186133,128,Z4C_AXIS_TERM_POINT_DIAGNOSTIC,,A_trace_ricci_yy,,-1.8797965490678525e-06,0,0,,,,,,,,,
1.25,2.0295751268186133,128,Z4C_AXIS_TERM_POINT_DIAGNOSTIC,,A_trace_ricci_yz,,-0,0,0,,,,,,,,,
1.25,2.0295751268186133,128,Z4C_AXIS_TERM_POINT_DIAGNOSTIC,,A_trace_ricci_zz,,-1.8794234926204089e-06,0,0,,,,,,,,,
1.25,2.0295751268186133,128,Z4C_AXIS_TERM_POINT_DIAGNOSTIC,,Gamma_advective_x,,0,0,0,,,,,,,,,
1.25,2.0295751268186133,128,Z4C_AXIS_TERM_POINT_DIAGNOSTIC,,Gamma_advective_y,,3.1258065264252284e-19,0,0,,,,,,,,,
1.25,2.0295751268186133,128,Z4C_AXIS_TERM_POINT_DIAGNOSTIC,,Gamma_advective_z,,0,0,0,,,,,,,,,
1.25,2.0295751268186133,128,Z4C_AXIS_TERM_POINT_DIAGNOSTIC,,Gamma_expansion_x,,1.2783183249471416e-20,0,0,,,,,,,,,
1.25,2.0295751268186133,128,Z4C_AXIS_TERM_POINT_DIAGNOSTIC,,Gamma_expansion_y,,-1.4553719283853414e-17,0,0,,,,,,,,,
1.25,2.0295751268186133,128,Z4C_AXIS_TERM_POINT_DIAGNOSTIC,,Gamma_expansion_z,,-0,0,0,,,,,,,,,
1.25,2.0295751268186133,128,Z4C_AXIS_TERM_POINT_DIAGNOSTIC,,Gamma_ddiv_x,,-5.7217815527742204e-20,0,0,,,,,,,,,
1.25,2.0295751268186133,128,Z4C_AXIS_TERM_POINT_DIAGNOSTIC,,Gamma_ddiv_y,,-1.0493503766720231e-13,0,0,,,,,,,,,
1.25,2.0295751268186133,128,Z4C_AXIS_TERM_POINT_DIAGNOSTIC,,Gamma_ddiv_z,,0,0,0,,,,,,,,,
1.25,2.0295751268186133,128,Z4C_AXIS_TERM_POINT_DIAGNOSTIC,,Gamma_contraction_x,,-1.0557474089711113e-20,0,0,,,,,,,,,
1.25,2.0295751268186133,128,Z4C_AXIS_TERM_POINT_DIAGNOSTIC,,Gamma_contraction_y,,-2.2088971968147509e-18,0,0,,,,,,,,,
1.25,2.0295751268186133,128,Z4C_AXIS_TERM_POINT_DIAGNOSTIC,,Gamma_contraction_z,,0,0,0,,,,,,,,,
1.25,2.0295751268186133,128,Z4C_AXIS_TERM_POINT_DIAGNOSTIC,,Gamma_second_x,,-1.7165344658322661e-19,0,0,,,,,,,,,
1.25,2.0295751268186133,128,Z4C_AXIS_TERM_POINT_DIAGNOSTIC,,Gamma_second_y,,-3.6274234647552818e-13,0,0,,,,,,,,,
1.25,2.0295751268186133,128,Z4C_AXIS_TERM_POINT_DIAGNOSTIC,,Gamma_second_z,,0,0,0,,,,,,,,,
1.25,2.0295751268186133,128,Z4C_RHS_TERM_DIAGNOSTIC,,A_geometric_xx,0.38411649751097554,0.38411649751097554,5.25,0,,,,,,,,,
1.25,2.0295751268186133,128,Z4C_RHS_TERM_DIAGNOSTIC,,A_geometric_xy,0.11459206631610157,0.11459206631610157,4.875,-0.5,,,,,,,,,
1.25,2.0295751268186133,128,Z4C_RHS_TERM_DIAGNOSTIC,,A_geometric_xz,0,0,16,16,,,,,,,,,
1.25,2.0295751268186133,128,Z4C_RHS_TERM_DIAGNOSTIC,,A_geometric_yy,0.38163448612073136,0.38163448612073136,5.25,0,,,,,,,,,
1.25,2.0295751268186133,128,Z4C_RHS_TERM_DIAGNOSTIC,,A_geometric_yz,0,0,16,16,,,,,,,,,
1.25,2.0295751268186133,128,Z4C_RHS_TERM_DIAGNOSTIC,,A_geometric_zz,0.46370427864626285,-0.46370427864626285,5.25,0,,,,,,,,,
1.25,2.0295751268186133,128,Z4C_RHS_TERM_DIAGNOSTIC,,A_trace_xx,0.10584178595049475,-0.10584178595049475,5,0,,,,,,,,,
1.25,2.0295751268186133,128,Z4C_RHS_TERM_DIAGNOSTIC,,A_trace_xy,0.0048598308716060797,-0.0048598308716060797,5,-0.375,,,,,,,,,
1.25,2.0295751268186133,128,Z4C_RHS_TERM_DIAGNOSTIC,,A_trace_xz,0,0,16,16,,,,,,,,,
1.25,2.0295751268186133,128,Z4C_RHS_TERM_DIAGNOSTIC,,A_trace_yy,0.096200891988029905,-0.096200891988029905,5,0,,,,,,,,,
1.25,2.0295751268186133,128,Z4C_RHS_TERM_DIAGNOSTIC,,A_trace_yz,0,0,16,16,,,,,,,,,
1.25,2.0295751268186133,128,Z4C_RHS_TERM_DIAGNOSTIC,,A_trace_zz,0.11449690429396076,-0.11449690429396076,4.875,0,,,,,,,,,
1.25,2.0295751268186133,128,Z4C_RHS_TERM_DIAGNOSTIC,,A_nonlinear_xx,0.15169516098736607,-0.15169516098736607,5,0,,,,,,,,,
1.25,2.0295751268186133,128,Z4C_RHS_TERM_DIAGNOSTIC,,A_nonlinear_xy,0.049525624414208831,0.049525624414208831,4.875,0.375,,,,,,,,,
1.25,2.0295751268186133,128,Z4C_RHS_TERM_DIAGNOSTIC,,A_nonlinear_xz,0,-0,16,16,,,,,,,,,
1.25,2.0295751268186133,128,Z4C_RHS_TERM_DIAGNOSTIC,,A_nonlinear_yy,0.13706587506835782,-0.13706587506835782,5.25,-0.125,,,,,,,,,
1.25,2.0295751268186133,128,Z4C_RHS_TERM_DIAGNOSTIC,,A_nonlinear_yz,0,-0,16,16,,,,,,,,,
1.25,2.0295751268186133,128,Z4C_RHS_TERM_DIAGNOSTIC,,A_nonlinear_zz,0.34821968715817009,-0.34821968715817009,4.875,0,,,,,,,,,
1.25,2.0295751268186133,128,Z4C_RHS_TERM_DIAGNOSTIC,,A_lie_xx,0.017823489078249401,0.017823489078249401,4.5,0,,,,,,,,,
1.25,2.0295751268186133,128,Z4C_RHS_TERM_DIAGNOSTIC,,A_lie_xy,0.0109197776774197,0.0109197776774197,5.5,0.375,,,,,,,,,
1.25,2.0295751268186133,128,Z4C_RHS_TERM_DIAGNOSTIC,,A_lie_xz,0,0,16,16,,,,,,,,,
1.25,2.0295751268186133,128,Z4C_RHS_TERM_DIAGNOSTIC,,A_lie_yy,0.019067815620276082,0.019067815620276082,4.875,-0.5,,,,,,,,,
1.25,2.0295751268186133,128,Z4C_RHS_TERM_DIAGNOSTIC,,A_lie_yz,0,0,16,16,,,,,,,,,
1.25,2.0295751268186133,128,Z4C_RHS_TERM_DIAGNOSTIC,,A_lie_zz,0.031696565471673988,-0.031696565471673988,5.375,0,,,,,,,,,
1.25,2.0295751268186133,128,Z4C_RHS_TERM_DIAGNOSTIC,,Gamma_divergence_x,0.49690582180204135,0.49690582180204135,5.625,0,,,,,,,,,
1.25,2.0295751268186133,128,Z4C_RHS_TERM_DIAGNOSTIC,,Gamma_divergence_y,0.40042817800092539,0.40042817800092539,5.375,0.25,,,,,,,,,
1.25,2.0295751268186133,128,Z4C_RHS_TERM_DIAGNOSTIC,,Gamma_divergence_z,0,0,16,16,,,,,,,,,
1.25,2.0295751268186133,128,Z4C_RHS_TERM_DIAGNOSTIC,,Gamma_lie_x,0.45220753832009797,0.45220753832009797,2.625,0,,,,,,,,,
1.25,2.0295751268186133,128,Z4C_RHS_TERM_DIAGNOSTIC,,Gamma_lie_y,0.36875551382522742,-0.36875551382522742,5.375,0.25,,,,,,,,,
1.25,2.0295751268186133,128,Z4C_RHS_TERM_DIAGNOSTIC,,Gamma_lie_z,0,0,16,16,,,,,,,,,
1.25,2.0295751268186133,128,Z4C_RHS_TERM_DIAGNOSTIC,,Gamma_damping_x,0,-0,16,16,,,,,,,,,
1.25,2.0295751268186133,128,Z4C_RHS_TERM_DIAGNOSTIC,,Gamma_damping_y,0,-0,16,16,,,,,,,,,
1.25,2.0295751268186133,128,Z4C_RHS_TERM_DIAGNOSTIC,,Gamma_damping_z,0,-0,16,16,,,,,,,,,
1.25,2.0295751268186133,128,Z4C_RHS_TERM_DIAGNOSTIC,,Gamma_lapse_gradient_x,0.054967011208907422,0.054967011208907422,4.5,0,,,,,,,,,
1.25,2.0295751268186133,128,Z4C_RHS_TERM_DIAGNOSTIC,,Gamma_lapse_gradient_y,0.033989899487977371,-0.033989899487977371,4.75,0.75,,,,,,,,,
1.25,2.0295751268186133,128,Z4C_RHS_TERM_DIAGNOSTIC,,Gamma_lapse_gradient_z,0,0,16,16,,,,,,,,,
1.25,2.0295751268186133,128,Z4C_RHS_TERM_DIAGNOSTIC,,A_hessian_xx,0.080344993602047818,-0.080344993602047818,3.75,0,,,,,,,,,
1.25,2.0295751268186133,128,Z4C_RHS_TERM_DIAGNOSTIC,,A_hessian_xy,0.039850418254090296,-0.039850418254090296,4.25,-1.125,,,,,,,,,
1.25,2.0295751268186133,128,Z4C_RHS_TERM_DIAGNOSTIC,,A_hessian_xz,0,-0,16,16,,,,,,,,,
1.25,2.0295751268186133,128,Z4C_RHS_TERM_DIAGNOSTIC,,A_hessian_yy,0.07251596397677379,-0.07251596397677379,5.375,-1.75,,,,,,,,,
1.25,2.0295751268186133,128,Z4C_RHS_TERM_DIAGNOSTIC,,A_hessian_yz,0,-0,16,16,,,,,,,,,
1.25,2.0295751268186133,128,Z4C_RHS_TERM_DIAGNOSTIC,,A_hessian_zz,0.023146238598381927,-0.023146238598381927,4.125,0,,,,,,,,,
1.25,2.0295751268186133,128,Z4C_RHS_TERM_DIAGNOSTIC,,A_ricci_tensor_xx,0.34916404374933624,0.34916404374933624,5.25,0,,,,,,,,,
1.25,2.0295751268186133,128,Z4C_RHS_TERM_DIAGNOSTIC,,A_ricci_tensor_xy,0.11197308824864198,0.11197308824864198,4.875,-0.5,,,,,,,,,
1.25,2.0295751268186133,128,Z4C_RHS_TERM_DIAGNOSTIC,,A_ricci_tensor_xz,0,0,16,16,,,,,,,,,
1.25,2.0295751268186133,128,Z4C_RHS_TERM_DIAGNOSTIC,,A_ricci_tensor_yy,0.35029426948878251,0.35029426948878251,5.25,0,,,,,,,,,
1.25,2.0295751268186133,128,Z4C_RHS_TERM_DIAGNOSTIC,,A_ricci_tensor_yz,0,0,16,16,,,,,,,,,
1.25,2.0295751268186133,128,Z4C_RHS_TERM_DIAGNOSTIC,,A_ricci_tensor_zz,0.46332700061639331,-0.46332700061639331,5.25,0,,,,,,,,,
1.25,2.0295751268186133,128,Z4C_RHS_TERM_DIAGNOSTIC,,A_trace_lapse_xx,0.029415236767070922,0.029415236767070922,3.75,-0.5,,,,,,,,,
1.25,2.0295751268186133,128,Z4C_RHS_TERM_DIAGNOSTIC,,A_trace_lapse_xy,0.0025759833258916735,0.0025759833258916735,4,1.25,,,,,,,,,
1.25,2.0295751268186133,128,Z4C_RHS_TERM_DIAGNOSTIC,,A_trace_lapse_xz,0,0,16,16,,,,,,,,,
1.25,2.0295751268186133,128,Z4C_RHS_TERM_DIAGNOSTIC,,A_trace_lapse_yy,0.034922790778096534,0.034922790778096534,3.625,0,,,,,,,,,
1.25,2.0295751268186133,128,Z4C_RHS_TERM_DIAGNOSTIC,,A_trace_lapse_yz,0,0,16,16,,,,,,,,,
1.25,2.0295751268186133,128,Z4C_RHS_TERM_DIAGNOSTIC,,A_trace_lapse_zz,0.04001051891553891,0.04001051891553891,3.75,0.375,,,,,,,,,
1.25,2.0295751268186133,128,Z4C_RHS_TERM_DIAGNOSTIC,,A_trace_ricci_xx,0.087705365534513288,-0.087705365534513288,5,0,,,,,,,,,
1.25,2.0295751268186133,128,Z4C_RHS_TERM_DIAGNOSTIC,,A_trace_ricci_xy,0.0039988011887425561,-0.0039988011887425561,5,-0.375,,,,,,,,,
1.25,2.0295751268186133,128,Z4C_RHS_TERM_DIAGNOSTIC,,A_trace_ricci_xz,0,-0,16,16,,,,,,,,,
1.25,2.0295751268186133,128,Z4C_RHS_TERM_DIAGNOSTIC,,A_trace_ricci_yy,0.079716477956095502,-0.079716477956095502,5,0,,,,,,,,,
1.25,2.0295751268186133,128,Z4C_RHS_TERM_DIAGNOSTIC,,A_trace_ricci_yz,0,-0,16,16,,,,,,,,,
1.25,2.0295751268186133,128,Z4C_RHS_TERM_DIAGNOSTIC,,A_trace_ricci_zz,0.09569739630404181,-0.09569739630404181,4.875,0,,,,,,,,,
1.25,2.0295751268186133,128,Z4C_RHS_TERM_DIAGNOSTIC,,Gamma_advective_x,0.024109614668405107,-0.024109614668405107,2.75,-0.375,,,,,,,,,
1.25,2.0295751268186133,128,Z4C_RHS_TERM_DIAGNOSTIC,,Gamma_advective_y,0.015575419168437497,0.015575419168437497,3.625,2,,,,,,,,,
1.25,2.0295751268186133,128,Z4C_RHS_TERM_DIAGNOSTIC,,Gamma_advective_z,0,0,16,16,,,,,,,,,
1.25,2.0295751268186133,128,Z4C_RHS_TERM_DIAGNOSTIC,,Gamma_expansion_x,0.0071622803408992195,0.0071622803408992195,2.25,0,,,,,,,,,
1.25,2.0295751268186133,128,Z4C_RHS_TERM_DIAGNOSTIC,,Gamma_expansion_y,0.0031759009584294818,-0.0031759009584294818,3.125,2.25,,,,,,,,,
1.25,2.0295751268186133,128,Z4C_RHS_TERM_DIAGNOSTIC,,Gamma_expansion_z,0,-0,16,16,,,,,,,,,
1.25,2.0295751268186133,128,Z4C_RHS_TERM_DIAGNOSTIC,,Gamma_ddiv_x,0.11732789806541812,0.11732789806541812,2.625,0,,,,,,,,,
1.25,2.0295751268186133,128,Z4C_RHS_TERM_DIAGNOSTIC,,Gamma_ddiv_y,0.091398154396365131,-0.091398154396365131,5,2.625,,,,,,,,,
1.25,2.0295751268186133,128,Z4C_RHS_TERM_DIAGNOSTIC,,Gamma_ddiv_z,0,0,16,16,,,,,,,,,
1.25,2.0295751268186133,128,Z4C_RHS_TERM_DIAGNOSTIC,,Gamma_contraction_x,0.0097569261389321219,-0.0097569261389321219,2.25,-0.125,,,,,,,,,
1.25,2.0295751268186133,128,Z4C_RHS_TERM_DIAGNOSTIC,,Gamma_contraction_y,0.0050350570641939573,-0.0050350570641939573,3.5,-2.5,,,,,,,,,
1.25,2.0295751268186133,128,Z4C_RHS_TERM_DIAGNOSTIC,,Gamma_contraction_z,0,0,16,16,,,,,,,,,
1.25,2.0295751268186133,128,Z4C_RHS_TERM_DIAGNOSTIC,,Gamma_second_x,0.35826819865343906,0.35826819865343906,2.625,0,,,,,,,,,
1.25,2.0295751268186133,128,Z4C_RHS_TERM_DIAGNOSTIC,,Gamma_second_y,0.28203914813577358,0.28203914813577358,4.5,-2.5,,,,,,,,,
1.25,2.0295751268186133,128,Z4C_RHS_TERM_DIAGNOSTIC,,Gamma_second_z,0,0,16,16,,,,,,,,,
1.25,2.0295751268186133,128,Z4C_AXIS_RHS_PAIR_DIAGNOSTIC,,,,,,16,0,0,0,0,0,0,0,0,0
1.25,2.0295751268186133,256,Z4C_RHS_STAGE_DIAGNOSTIC,z4c_chi,,,,,,,,,,,,,,
1.25,2.0295751268186133,256,Z4C_RHS_STAGE_DIAGNOSTIC,z4c_gxx,,,,,,,,,,,,,,
1.25,2.0295751268186133,256,Z4C_RHS_STAGE_DIAGNOSTIC,z4c_gxy,,,,,,,,,,,,,,
1.25,2.0295751268186133,256,Z4C_RHS_STAGE_DIAGNOSTIC,z4c_gxz,,,,,,,,,,,,,,
1.25,2.0295751268186133,256,Z4C_RHS_STAGE_DIAGNOSTIC,z4c_gyy,,,,,,,,,,,,,,
1.25,2.0295751268186133,256,Z4C_RHS_STAGE_DIAGNOSTIC,z4c_gyz,,,,,,,,,,,,,,
1.25,2.0295751268186133,256,Z4C_RHS_STAGE_DIAGNOSTIC,z4c_gzz,,,,,,,,,,,,,,
1.25,2.0295751268186133,256,Z4C_RHS_STAGE_DIAGNOSTIC,z4c_Khat,,,,,,,,,,,,,,
1.25,2.0295751268186133,256,Z4C_RHS_STAGE_DIAGNOSTIC,z4c_Axx,,,,,,,,,,,,,,
1.25,2.0295751268186133,256,Z4C_RHS_STAGE_DIAGNOSTIC,z4c_Axy,,,,,,,,,,,,,,
1.25,2.0295751268186133,256,Z4C_RHS_STAGE_DIAGNOSTIC,z4c_Axz,,,,,,,,,,,,,,
1.25,2.0295751268186133,256,Z4C_RHS_STAGE_DIAGNOSTIC,z4c_Ayy,,,,,,,,,,,,,,
1.25,2.0295751268186133,256,Z4C_RHS_STAGE_DIAGNOSTIC,z4c_Ayz,,,,,,,,,,,,,,
1.25,2.0295751268186133,256,Z4C_RHS_STAGE_DIAGNOSTIC,z4c_Azz,,,,,,,,,,,,,,
1.25,2.0295751268186133,256,Z4C_RHS_STAGE_DIAGNOSTIC,z4c_Gamx,,,,,,,,,,,,,,
1.25,2.0295751268186133,256,Z4C_RHS_STAGE_DIAGNOSTIC,z4c_Gamy,,,,,,,,,,,,,,
1.25,2.0295751268186133,256,Z4C_RHS_STAGE_DIAGNOSTIC,z4c_Gamz,,,,,,,,,,,,,,
1.25,2.0295751268186133,256,Z4C_RHS_STAGE_DIAGNOSTIC,z4c_Theta,,,,,,,,,,,,,,
1.25,2.0295751268186133,256,Z4C_RHS_STAGE_DIAGNOSTIC,z4c_alpha,,,,,,,,,,,,,,
1.25,2.0295751268186133,256,Z4C_RHS_STAGE_DIAGNOSTIC,z4c_betax,,,,,,,,,,,,,,
1.25,2.0295751268186133,256,Z4C_RHS_STAGE_DIAGNOSTIC,z4c_betay,,,,,,,,,,,,,,
1.25,2.0295751268186133,256,Z4C_RHS_STAGE_DIAGNOSTIC,z4c_betaz,,,,,,,,,,,,,,
1.25,2.0295751268186133,256,Z4C_RHS_STAGE_DIAGNOSTIC,z4c_Bx,,,,,,,,,,,,,,
1.25,2.0295751268186133,256,Z4C_RHS_STAGE_DIAGNOSTIC,z4c_By,,,,,,,,,,,,,,
1.25,2.0295751268186133,256,Z4C_RHS_STAGE_DIAGNOSTIC,z4c_Bz,,,,,,,,,,,,,,
1.25,2.0295751268186133,256,Z4C_AXIS_RHS_PHASE_DIAGNOSTIC,z4c_chi,,,,0,0,,,,,,,,,
1.25,2.0295751268186133,256,Z4C_AXIS_RHS_PHASE_DIAGNOSTIC,z4c_gxx,,,,0,0,,,,,,,,,
1.25,2.0295751268186133,256,Z4C_AXIS_RHS_PHASE_DIAGNOSTIC,z4c_gxy,,,,0,0,,,,,,,,,
1.25,2.0295751268186133,256,Z4C_AXIS_RHS_PHASE_DIAGNOSTIC,z4c_gxz,,,,0,0,,,,,,,,,
1.25,2.0295751268186133,256,Z4C_AXIS_RHS_PHASE_DIAGNOSTIC,z4c_gyy,,,,0,0,,,,,,,,,
1.25,2.0295751268186133,256,Z4C_AXIS_RHS_PHASE_DIAGNOSTIC,z4c_gyz,,,,0,0,,,,,,,,,
1.25,2.0295751268186133,256,Z4C_AXIS_RHS_PHASE_DIAGNOSTIC,z4c_gzz,,,,0,0,,,,,,,,,
1.25,2.0295751268186133,256,Z4C_AXIS_RHS_PHASE_DIAGNOSTIC,z4c_Khat,,,,0,0,,,,,,,,,
1.25,2.0295751268186133,256,Z4C_AXIS_RHS_PHASE_DIAGNOSTIC,z4c_Axx,,,,0,0,,,,,,,,,
1.25,2.0295751268186133,256,Z4C_AXIS_RHS_PHASE_DIAGNOSTIC,z4c_Axy,,,,0,0,,,,,,,,,
1.25,2.0295751268186133,256,Z4C_AXIS_RHS_PHASE_DIAGNOSTIC,z4c_Axz,,,,0,0,,,,,,,,,
1.25,2.0295751268186133,256,Z4C_AXIS_RHS_PHASE_DIAGNOSTIC,z4c_Ayy,,,,0,0,,,,,,,,,
1.25,2.0295751268186133,256,Z4C_AXIS_RHS_PHASE_DIAGNOSTIC,z4c_Ayz,,,,0,0,,,,,,,,,
1.25,2.0295751268186133,256,Z4C_AXIS_RHS_PHASE_DIAGNOSTIC,z4c_Azz,,,,0,0,,,,,,,,,
1.25,2.0295751268186133,256,Z4C_AXIS_RHS_PHASE_DIAGNOSTIC,z4c_Gamx,,,,0,0,,,,,,,,,
1.25,2.0295751268186133,256,Z4C_AXIS_RHS_PHASE_DIAGNOSTIC,z4c_Gamy,,,,0,0,,,,,,,,,
1.25,2.0295751268186133,256,Z4C_AXIS_RHS_PHASE_DIAGNOSTIC,z4c_Gamz,,,,0,0,,,,,,,,,
1.25,2.0295751268186133,256,Z4C_AXIS_RHS_PHASE_DIAGNOSTIC,z4c_Theta,,,,0,0,,,,,,,,,
1.25,2.0295751268186133,256,Z4C_AXIS_RHS_PHASE_DIAGNOSTIC,z4c_alpha,,,,0,0,,,,,,,,,
1.25,2.0295751268186133,256,Z4C_AXIS_RHS_PHASE_DIAGNOSTIC,z4c_betax,,,,0,0,,,,,,,,,
1.25,2.0295751268186133,256,Z4C_AXIS_RHS_PHASE_DIAGNOSTIC,z4c_betay,,,,0,0,,,,,,,,,
1.25,2.0295751268186133,256,Z4C_AXIS_RHS_PHASE_DIAGNOSTIC,z4c_betaz,,,,0,0,,,,,,,,,
1.25,2.0295751268186133,256,Z4C_AXIS_RHS_PHASE_DIAGNOSTIC,z4c_Bx,,,,0,0,,,,,,,,,
1.25,2.0295751268186133,256,Z4C_AXIS_RHS_PHASE_DIAGNOSTIC,z4c_By,,,,0,0,,,,,,,,,
1.25,2.0295751268186133,256,Z4C_AXIS_RHS_PHASE_DIAGNOSTIC,z4c_Bz,,,,0,0,,,,,,,,,
1.25,2.0295751268186133,256,Z4C_AXIS_TERM_POINT_DIAGNOSTIC,,A_geometric_xx,,-2.9747666481010143e-05,0,0,,,,,,,,,
1.25,2.0295751268186133,256,Z4C_AXIS_TERM_POINT_DIAGNOSTIC,,A_geometric_xy,,-1.8964003849714134e-15,0,0,,,,,,,,,
1.25,2.0295751268186133,256,Z4C_AXIS_TERM_POINT_DIAGNOSTIC,,A_geometric_xz,,0,0,0,,,,,,,,,
1.25,2.0295751268186133,256,Z4C_AXIS_TERM_POINT_DIAGNOSTIC,,A_geometric_yy,,-0.00017620690876115917,0,0,,,,,,,,,
1.25,2.0295751268186133,256,Z4C_AXIS_TERM_POINT_DIAGNOSTIC,,A_geometric_yz,,0,0,0,,,,,,,,,
1.25,2.0295751268186133,256,Z4C_AXIS_TERM_POINT_DIAGNOSTIC,,A_geometric_zz,,-2.9747666481010143e-05,0,0,,,,,,,,,
1.25,2.0295751268186133,256,Z4C_AXIS_TERM_POINT_DIAGNOSTIC,,A_trace_xx,,7.8555650489157204e-05,0,0,,,,,,,,,
1.25,2.0295751268186133,256,Z4C_AXIS_TERM_POINT_DIAGNOSTIC,,A_trace_xy,,0,0,0,,,,,,,,,
1.25,2.0295751268186133,256,Z4C_AXIS_TERM_POINT_DIAGNOSTIC,,A_trace_xz,,0,0,0,,,,,,,,,
1.25,2.0295751268186133,256,Z4C_AXIS_TERM_POINT_DIAGNOSTIC,,A_trace_yy,,7.8571386559567224e-05,0,0,,,,,,,,,
1.25,2.0295751268186133,256,Z4C_AXIS_TERM_POINT_DIAGNOSTIC,,A_trace_yz,,0,0,0,,,,,,,,,
1.25,2.0295751268186133,256,Z4C_AXIS_TERM_POINT_DIAGNOSTIC,,A_trace_zz,,7.8555650489157204e-05,0,0,,,,,,,,,
1.25,2.0295751268186133,256,Z4C_AXIS_TERM_POINT_DIAGNOSTIC,,A_nonlinear_xx,,-5.1516111558661388e-09,0,0,,,,,,,,,
1.25,2.0295751268186133,256,Z4C_AXIS_TERM_POINT_DIAGNOSTIC,,A_nonlinear_xy,,-0,0,0,,,,,,,,,
1.25,2.0295751268186133,256,Z4C_AXIS_TERM_POINT_DIAGNOSTIC,,A_nonlinear_xz,,-0,0,0,,,,,,,,,
1.25,2.0295751268186133,256,Z4C_AXIS_TERM_POINT_DIAGNOSTIC,,A_nonlinear_yy,,9.5787137670815831e-10,0,0,,,,,,,,,
1.25,2.0295751268186133,256,Z4C_AXIS_TERM_POINT_DIAGNOSTIC,,A_nonlinear_yz,,-0,0,0,,,,,,,,,
1.25,2.0295751268186133,256,Z4C_AXIS_TERM_POINT_DIAGNOSTIC,,A_nonlinear_zz,,-5.1516111558661388e-09,0,0,,,,,,,,,
1.25,2.0295751268186133,256,Z4C_AXIS_TERM_POINT_DIAGNOSTIC,,A_lie_xx,,-8.0946293464329648e-09,0,0,,,,,,,,,
1.25,2.0295751268186133,256,Z4C_AXIS_TERM_POINT_DIAGNOSTIC,,A_lie_xy,,-9.3166892371686826e-36,0,0,,,,,,,,,
1.25,2.0295751268186133,256,Z4C_AXIS_TERM_POINT_DIAGNOSTIC,,A_lie_xz,,0,0,0,,,,,,,,,
1.25,2.0295751268186133,256,Z4C_AXIS_TERM_POINT_DIAGNOSTIC,,A_lie_yy,,-3.2385003368932075e-08,0,0,,,,,,,,,
1.25,2.0295751268186133,256,Z4C_AXIS_TERM_POINT_DIAGNOSTIC,,A_lie_yz,,0,0,0,,,,,,,,,
1.25,2.0295751268186133,256,Z4C_AXIS_TERM_POINT_DIAGNOSTIC,,A_lie_zz,,-8.0946293464329648e-09,0,0,,,,,,,,,
1.25,2.0295751268186133,256,Z4C_AXIS_TERM_POINT_DIAGNOSTIC,,Gamma_divergence_x,,-1.0289202928680677e-19,0,0,,,,,,,,,
1.25,2.0295751268186133,256,Z4C_AXIS_TERM_POINT_DIAGNOSTIC,,Gamma_divergence_y,,-4.3960051969199478e-12,0,0,,,,,,,,,
1.25,2.0295751268186133,256,Z4C_AXIS_TERM_POINT_DIAGNOSTIC,,Gamma_divergence_z,,0,0,0,,,,,,,,,
1.25,2.0295751268186133,256,Z4C_AXIS_TERM_POINT_DIAGNOSTIC,,Gamma_lie_x,,-6.7630229815503763e-20,0,0,,,,,,,,,
1.25,2.0295751268186133,256,Z4C_AXIS_TERM_POINT_DIAGNOSTIC,,Gamma_lie_y,,4.4823740810858407e-12,0,0,,,,,,,,,
1.25,2.0295751268186133,256,Z4C_AXIS_TERM_POINT_DIAGNOSTIC,,Gamma_lie_z,,0,0,0,,,,,,,,,
1.25,2.0295751268186133,256,Z4C_AXIS_TERM_POINT_DIAGNOSTIC,,Gamma_damping_x,,0,0,0,,,,,,,,,
1.25,2.0295751268186133,256,Z4C_AXIS_TERM_POINT_DIAGNOSTIC,,Gamma_damping_y,,-0,0,0,,,,,,,,,
1.25,2.0295751268186133,256,Z4C_AXIS_TERM_POINT_DIAGNOSTIC,,Gamma_damping_z,,-0,0,0,,,,,,,,,
1.25,2.0295751268186133,256,Z4C_AXIS_TERM_POINT_DIAGNOSTIC,,Gamma_lapse_gradient_x,,2.8608847597421838e-21,0,0,,,,,,,,,
1.25,2.0295751268186133,256,Z4C_AXIS_TERM_POINT_DIAGNOSTIC,,Gamma_lapse_gradient_y,,7.0415845387991193e-18,0,0,,,,,,,,,
1.25,2.0295751268186133,256,Z4C_AXIS_TERM_POINT_DIAGNOSTIC,,Gamma_lapse_gradient_z,,0,0,0,,,,,,,,,
1.25,2.0295751268186133,256,Z4C_AXIS_TERM_POINT_DIAGNOSTIC,,A_hessian_xx,,0.0020664666876290716,0,0,,,,,,,,,
1.25,2.0295751268186133,256,Z4C_AXIS_TERM_POINT_DIAGNOSTIC,,A_hessian_xy,,-2.1790403270938486e-15,0,0,,,,,,,,,
1.25,2.0295751268186133,256,Z4C_AXIS_TERM_POINT_DIAGNOSTIC,,A_hessian_xz,,-0,0,0,,,,,,,,,
1.25,2.0295751268186133,256,Z4C_AXIS_TERM_POINT_DIAGNOSTIC,,A_hessian_yy,,-0.0043698974926508561,0,0,,,,,,,,,
1.25,2.0295751268186133,256,Z4C_AXIS_TERM_POINT_DIAGNOSTIC,,A_hessian_yz,,-0,0,0,,,,,,,,,
1.25,2.0295751268186133,256,Z4C_AXIS_TERM_POINT_DIAGNOSTIC,,A_hessian_zz,,0.0020664666876290716,0,0,,,,,,,,,
1.25,2.0295751268186133,256,Z4C_AXIS_TERM_POINT_DIAGNOSTIC,,A_ricci_tensor_xx,,-0.0020962143541100819,0,0,,,,,,,,,
1.25,2.0295751268186133,256,Z4C_AXIS_TERM_POINT_DIAGNOSTIC,,A_ricci_tensor_xy,,2.8263994212243525e-16,0,0,,,,,,,,,
1.25,2.0295751268186133,256,Z4C_AXIS_TERM_POINT_DIAGNOSTIC,,A_ricci_tensor_xz,,0,0,0,,,,,,,,,
1.25,2.0295751268186133,256,Z4C_AXIS_TERM_POINT_DIAGNOSTIC,,A_ricci_tensor_yy,,0.0041936905838896969,0,0,,,,,,,,,
1.25,2.0295751268186133,256,Z4C_AXIS_TERM_POINT_DIAGNOSTIC,,A_ricci_tensor_yz,,0,0,0,,,,,,,,,
1.25,2.0295751268186133,256,Z4C_AXIS_TERM_POINT_DIAGNOSTIC,,A_ricci_tensor_zz,,-0.0020962143541100819,0,0,,,,,,,,,
1.25,2.0295751268186133,256,Z4C_AXIS_TERM_POINT_DIAGNOSTIC,,A_trace_lapse_xx,,7.8696308609824741e-05,0,0,,,,,,,,,
1.25,2.0295751268186133,256,Z4C_AXIS_TERM_POINT_DIAGNOSTIC,,A_trace_lapse_xy,,0,0,0,,,,,,,,,
1.25,2.0295751268186133,256,Z4C_AXIS_TERM_POINT_DIAGNOSTIC,,A_trace_lapse_xz,,0,0,0,,,,,,,,,
1.25,2.0295751268186133,256,Z4C_AXIS_TERM_POINT_DIAGNOSTIC,,A_trace_lapse_yy,,7.8712072856515866e-05,0,0,,,,,,,,,
1.25,2.0295751268186133,256,Z4C_AXIS_TERM_POINT_DIAGNOSTIC,,A_trace_lapse_yz,,0,0,0,,,,,,,,,
1.25,2.0295751268186133,256,Z4C_AXIS_TERM_POINT_DIAGNOSTIC,,A_trace_lapse_zz,,7.8696308609824741e-05,0,0,,,,,,,,,
1.25,2.0295751268186133,256,Z4C_AXIS_TERM_POINT_DIAGNOSTIC,,A_trace_ricci_xx,,-1.4065812066753126e-07,0,0,,,,,,,,,
1.25,2.0295751268186133,256,Z4C_AXIS_TERM_POINT_DIAGNOSTIC,,A_trace_ricci_xy,,-0,0,0,,,,,,,,,
1.25,2.0295751268186133,256,Z4C_AXIS_TERM_POINT_DIAGNOSTIC,,A_trace_ricci_xz,,-0,0,0,,,,,,,,,
1.25,2.0295751268186133,256,Z4C_AXIS_TERM_POINT_DIAGNOSTIC,,A_trace_ricci_yy,,-1.4068629694863623e-07,0,0,,,,,,,,,
1.25,2.0295751268186133,256,Z4C_AXIS_TERM_POINT_DIAGNOSTIC,,A_trace_ricci_yz,,-0,0,0,,,,,,,,,
1.25,2.0295751268186133,256,Z4C_AXIS_TERM_POINT_DIAGNOSTIC,,A_trace_ricci_zz,,-1.4065812066753126e-07,0,0,,,,,,,,,
1.25,2.0295751268186133,256,Z4C_AXIS_TERM_POINT_DIAGNOSTIC,,Gamma_advective_x,,0,0,0,,,,,,,,,
1.25,2.0295751268186133,256,Z4C_AXIS_TERM_POINT_DIAGNOSTIC,,Gamma_advective_y,,-5.6827216964918155e-19,0,0,,,,,,,,,
1.25,2.0295751268186133,256,Z4C_AXIS_TERM_POINT_DIAGNOSTIC,,Gamma_advective_z,,0,0,0,,,,,,,,,
1.25,2.0295751268186133,256,Z4C_AXIS_TERM_POINT_DIAGNOSTIC,,Gamma_expansion_x,,-3.8867451281648777e-20,0,0,,,,,,,,,
1.25,2.0295751268186133,256,Z4C_AXIS_TERM_POINT_DIAGNOSTIC,,Gamma_expansion_y,,2.8125488624759074e-17,0,0,,,,,,,,,
1.25,2.0295751268186133,256,Z4C_AXIS_TERM_POINT_DIAGNOSTIC,,Gamma_expansion_z,,-0,0,0,,,,,,,,,
1.25,2.0295751268186133,256,Z4C_AXIS_TERM_POINT_DIAGNOSTIC,,Gamma_ddiv_x,,-1.1821641327660397e-20,0,0,,,,,,,,,
1.25,2.0295751268186133,256,Z4C_AXIS_TERM_POINT_DIAGNOSTIC,,Gamma_ddiv_y,,9.9465188868360123e-13,0,0,,,,,,,,,
1.25,2.0295751268186133,256,Z4C_AXIS_TERM_POINT_DIAGNOSTIC,,Gamma_ddiv_z,,0,0,0,,,,,,,,,
1.25,2.0295751268186133,256,Z4C_AXIS_TERM_POINT_DIAGNOSTIC,,Gamma_contraction_x,,3.2077218808493164e-20,0,0,,,,,,,,,
1.25,2.0295751268186133,256,Z4C_AXIS_TERM_POINT_DIAGNOSTIC,,Gamma_contraction_y,,4.2355701661098507e-18,0,0,,,,,,,,,
1.25,2.0295751268186133,256,Z4C_AXIS_TERM_POINT_DIAGNOSTIC,,Gamma_contraction_z,,0,0,0,,,,,,,,,
1.25,2.0295751268186133,256,Z4C_AXIS_TERM_POINT_DIAGNOSTIC,,Gamma_second_x,,-4.901835601468776e-20,0,0,,,,,,,,,
1.25,2.0295751268186133,256,Z4C_AXIS_TERM_POINT_DIAGNOSTIC,,Gamma_second_y,,3.4876903996156182e-12,0,0,,,,,,,,,
1.25,2.0295751268186133,256,Z4C_AXIS_TERM_POINT_DIAGNOSTIC,,Gamma_second_z,,0,0,0,,,,,,,,,
1.25,2.0295751268186133,256,Z4C_RHS_TERM_DIAGNOSTIC,,A_geometric_xx,0.38336657472175922,0.38336657472175922,5.1875,0,,,,,,,,,
1.25,2.0295751268186133,256,Z4C_RHS_TERM_DIAGNOSTIC,,A_geometric_xy,0.11467026142207529,0.11467026142207529,4.875,-0.5,,,,,,,,,
1.25,2.0295751268186133,256,Z4C_RHS_TERM_DIAGNOSTIC,,A_geometric_xz,0,0,16,16,,,,,,,,,
1.25,2.0295751268186133,256,Z4C_RHS_TERM_DIAGNOSTIC,,A_geometric_yy,0.38411353585407154,0.38411353585407154,5.3125,0,,,,,,,,,
1.25,2.0295751268186133,256,Z4C_RHS_TERM_DIAGNOSTIC,,A_geometric_yz,0,0,16,16,,,,,,,,,
1.25,2.0295751268186133,256,Z4C_RHS_TERM_DIAGNOSTIC,,A_geometric_zz,0.46735278601058727,-0.46735278601058727,5.3125,0,,,,,,,,,
1.25,2.0295751268186133,256,Z4C_RHS_TERM_DIAGNOSTIC,,A_trace_xx,0.10582086202973263,-0.10582086202973263,5,0,,,,,,,,,
1.25,2.0295751268186133,256,Z4C_RHS_TERM_DIAGNOSTIC,,A_trace_xy,0.0049304824393907624,-0.0049304824393907624,4.9375,-0.375,,,,,,,,,
1.25,2.0295751268186133,256,Z4C_RHS_TERM_DIAGNOSTIC,,A_trace_xz,0,0,16,16,,,,,,,,,
1.25,2.0295751268186133,256,Z4C_RHS_TERM_DIAGNOSTIC,,A_trace_yy,0.096455280057023127,-0.096455280057023127,5.0625,-0.0625,,,,,,,,,
1.25,2.0295751268186133,256,Z4C_RHS_TERM_DIAGNOSTIC,,A_trace_yz,0,0,16,16,,,,,,,,,
1.25,2.0295751268186133,256,Z4C_RHS_TERM_DIAGNOSTIC,,A_trace_zz,0.11482614919270964,-0.11482614919270964,4.875,0,,,,,,,,,
1.25,2.0295751268186133,256,Z4C_RHS_TERM_DIAGNOSTIC,,A_nonlinear_xx,0.15215064896691935,-0.15215064896691935,5,0,,,,,,,,,
1.25,2.0295751268186133,256,Z4C_RHS_TERM_DIAGNOSTIC,,A_nonlinear_xy,0.049874689681381132,-0.049874689681381132,4.875,-0.4375,,,,,,,,,
1.25,2.0295751268186133,256,Z4C_RHS_TERM_DIAGNOSTIC,,A_nonlinear_xz,0,-0,16,16,,,,,,,,,
1.25,2.0295751268186133,256,Z4C_RHS_TERM_DIAGNOSTIC,,A_nonlinear_yy,0.13775907104289112,-0.13775907104289112,5.25,0.1875,,,,,,,,,
1.25,2.0295751268186133,256,Z4C_RHS_TERM_DIAGNOSTIC,,A_nonlinear_yz,0,-0,16,16,,,,,,,,,
1.25,2.0295751268186133,256,Z4C_RHS_TERM_DIAGNOSTIC,,A_nonlinear_zz,0.34830140433920892,-0.34830140433920892,4.875,0,,,,,,,,,
1.25,2.0295751268186133,256,Z4C_RHS_TERM_DIAGNOSTIC,,A_lie_xx,0.018295850828095216,0.018295850828095216,4.5625,0,,,,,,,,,
1.25,2.0295751268186133,256,Z4C_RHS_TERM_DIAGNOSTIC,,A_lie_xy,0.011118942583742091,-0.011118942583742091,5.5625,-0.4375,,,,,,,,,
1.25,2.0295751268186133,256,Z4C_RHS_TERM_DIAGNOSTIC,,A_lie_xz,0,0,16,16,,,,,,,,,
1.25,2.0295751268186133,256,Z4C_RHS_TERM_DIAGNOSTIC,,A_lie_yy,0.019047284950256569,0.019047284950256569,4.875,-0.5,,,,,,,,,
1.25,2.0295751268186133,256,Z4C_RHS_TERM_DIAGNOSTIC,,A_lie_yz,0,0,16,16,,,,,,,,,
1.25,2.0295751268186133,256,Z4C_RHS_TERM_DIAGNOSTIC,,A_lie_zz,0.032135035372972,-0.032135035372972,5.375,0,,,,,,,,,
1.25,2.0295751268186133,256,Z4C_RHS_TERM_DIAGNOSTIC,,Gamma_divergence_x,0.50758493590937881,0.50758493590937881,5.5625,0,,,,,,,,,
1.25,2.0295751268186133,256,Z4C_RHS_TERM_DIAGNOSTIC,,Gamma_divergence_y,0.41652748945232665,-0.41652748945232665,5.3125,-0.3125,,,,,,,,,
1.25,2.0295751268186133,256,Z4C_RHS_TERM_DIAGNOSTIC,,Gamma_divergence_z,0,0,16,16,,,,,,,,,
1.25,2.0295751268186133,256,Z4C_RHS_TERM_DIAGNOSTIC,,Gamma_lie_x,0.46731820270992641,0.46731820270992641,2.625,0,,,,,,,,,
1.25,2.0295751268186133,256,Z4C_RHS_TERM_DIAGNOSTIC,,Gamma_lie_y,0.37776838359372578,0.37776838359372578,5.3125,-0.3125,,,,,,,,,
1.25,2.0295751268186133,256,Z4C_RHS_TERM_DIAGNOSTIC,,Gamma_lie_z,0,0,16,16,,,,,,,,,
1.25,2.0295751268186133,256,Z4C_RHS_TERM_DIAGNOSTIC,,Gamma_damping_x,0,-0,16,16,,,,,,,,,
1.25,2.0295751268186133,256,Z4C_RHS_TERM_DIAGNOSTIC,,Gamma_damping_y,0,-0,16,16,,,,,,,,,
1.25,2.0295751268186133,256,Z4C_RHS_TERM_DIAGNOSTIC,,Gamma_damping_z,0,-0,16,16,,,,,,,,,
1.25,2.0295751268186133,256,Z4C_RHS_TERM_DIAGNOSTIC,,Gamma_lapse_gradient_x,0.055223242417574772,0.055223242417574772,4.4375,0,,,,,,,,,
1.25,2.0295751268186133,256,Z4C_RHS_TERM_DIAGNOSTIC,,Gamma_lapse_gradient_y,0.034072807889923867,-0.034072807889923867,4.8125,0.75,,,,,,,,,
1.25,2.0295751268186133,256,Z4C_RHS_TERM_DIAGNOSTIC,,Gamma_lapse_gradient_z,0,0,16,16,,,,,,,,,
1.25,2.0295751268186133,256,Z4C_RHS_TERM_DIAGNOSTIC,,A_hessian_xx,0.082832432190869942,-0.082832432190869942,3.6875,0,,,,,,,,,
1.25,2.0295751268186133,256,Z4C_RHS_TERM_DIAGNOSTIC,,A_hessian_xy,0.0400730303274804,-0.0400730303274804,4.25,-1.125,,,,,,,,,
1.25,2.0295751268186133,256,Z4C_RHS_TERM_DIAGNOSTIC,,A_hessian_xz,0,-0,16,16,,,,,,,,,
1.25,2.0295751268186133,256,Z4C_RHS_TERM_DIAGNOSTIC,,A_hessian_yy,0.073741495861566433,-0.073741495861566433,5.375,-1.6875,,,,,,,,,
1.25,2.0295751268186133,256,Z4C_RHS_TERM_DIAGNOSTIC,,A_hessian_yz,0,-0,16,16,,,,,,,,,
1.25,2.0295751268186133,256,Z4C_RHS_TERM_DIAGNOSTIC,,A_hessian_zz,0.023082756662273992,-0.023082756662273992,4.125,0,,,,,,,,,
1.25,2.0295751268186133,256,Z4C_RHS_TERM_DIAGNOSTIC,,A_ricci_tensor_xx,0.34945579762714907,0.34945579762714907,5.1875,0,,,,,,,,,
1.25,2.0295751268186133,256,Z4C_RHS_TERM_DIAGNOSTIC,,A_ricci_tensor_xy,0.11204319071647646,0.11204319071647646,4.875,-0.5,,,,,,,,,
1.25,2.0295751268186133,256,Z4C_RHS_TERM_DIAGNOSTIC,,A_ricci_tensor_xz,0,0,16,16,,,,,,,,,
1.25,2.0295751268186133,256,Z4C_RHS_TERM_DIAGNOSTIC,,A_ricci_tensor_yy,0.35170955990128566,0.35170955990128566,5.3125,0,,,,,,,,,
1.25,2.0295751268186133,256,Z4C_RHS_TERM_DIAGNOSTIC,,A_ricci_tensor_yz,0,0,16,16,,,,,,,,,
1.25,2.0295751268186133,256,Z4C_RHS_TERM_DIAGNOSTIC,,A_ricci_tensor_zz,0.46654884066920638,-0.46654884066920638,5.3125,0,,,,,,,,,
1.25,2.0295751268186133,256,Z4C_RHS_TERM_DIAGNOSTIC,,A_trace_lapse_xx,0.029813217459423402,0.029813217459423402,3.6875,-0.0625,,,,,,,,,
1.25,2.0295751268186133,256,Z4C_RHS_TERM_DIAGNOSTIC,,A_trace_lapse_xy,0.0025754563172705382,0.0025754563172705382,3.9375,1.1875,,,,,,,,,
1.25,2.0295751268186133,256,Z4C_RHS_TERM_DIAGNOSTIC,,A_trace_lapse_xz,0,0,16,16,,,,,,,,,
1.25,2.0295751268186133,256,Z4C_RHS_TERM_DIAGNOSTIC,,A_trace_lapse_yy,0.035208222758608659,0.035208222758608659,3.625,0,,,,,,,,,
1.25,2.0295751268186133,256,Z4C_RHS_TERM_DIAGNOSTIC,,A_trace_lapse_yz,0,0,16,16,,,,,,,,,
1.25,2.0295751268186133,256,Z4C_RHS_TERM_DIAGNOSTIC,,A_trace_lapse_zz,0.040824591913213061,0.040824591913213061,3.6875,0,,,,,,,,,
1.25,2.0295751268186133,256,Z4C_RHS_TERM_DIAGNOSTIC,,A_trace_ricci_xx,0.087619547762306446,-0.087619547762306446,5,0,,,,,,,,,
1.25,2.0295751268186133,256,Z4C_RHS_TERM_DIAGNOSTIC,,A_trace_ricci_xy,0.0040312413279241822,0.0040312413279241822,4.9375,0.3125,,,,,,,,,
1.25,2.0295751268186133,256,Z4C_RHS_TERM_DIAGNOSTIC,,A_trace_ricci_xz,0,-0,16,16,,,,,,,,,
1.25,2.0295751268186133,256,Z4C_RHS_TERM_DIAGNOSTIC,,A_trace_ricci_yy,0.079649800853219016,-0.079649800853219016,5,0,,,,,,,,,
1.25,2.0295751268186133,256,Z4C_RHS_TERM_DIAGNOSTIC,,A_trace_ricci_yz,0,-0,16,16,,,,,,,,,
1.25,2.0295751268186133,256,Z4C_RHS_TERM_DIAGNOSTIC,,A_trace_ricci_zz,0.095940863424180123,-0.095940863424180123,4.875,0,,,,,,,,,
1.25,2.0295751268186133,256,Z4C_RHS_TERM_DIAGNOSTIC,,Gamma_advective_x,0.025723466192264604,-0.025723466192264604,2.6875,0,,,,,,,,,
1.25,2.0295751268186133,256,Z4C_RHS_TERM_DIAGNOSTIC,,Gamma_advective_y,0.015692256191851751,-0.015692256191851751,3.6875,-2.0625,,,,,,,,,
1.25,2.0295751268186133,256,Z4C_RHS_TERM_DIAGNOSTIC,,Gamma_advective_z,0,0,16,16,,,,,,,,,
1.25,2.0295751268186133,256,Z4C_RHS_TERM_DIAGNOSTIC,,Gamma_expansion_x,0.0072967000314947779,0.0072967000314947779,2.1875,0,,,,,,,,,
1.25,2.0295751268186133,256,Z4C_RHS_TERM_DIAGNOSTIC,,Gamma_expansion_y,0.0031859807949572382,0.0031859807949572382,3.125,-2.1875,,,,,,,,,
1.25,2.0295751268186133,256,Z4C_RHS_TERM_DIAGNOSTIC,,Gamma_expansion_z,0,-0,16,16,,,,,,,,,
1.25,2.0295751268186133,256,Z4C_RHS_TERM_DIAGNOSTIC,,Gamma_ddiv_x,0.12138748118599826,0.12138748118599826,2.625,0,,,,,,,,,
1.25,2.0295751268186133,256,Z4C_RHS_TERM_DIAGNOSTIC,,Gamma_ddiv_y,0.094119658267490608,0.094119658267490608,5,-2.625,,,,,,,,,
1.25,2.0295751268186133,256,Z4C_RHS_TERM_DIAGNOSTIC,,Gamma_ddiv_z,0,0,16,16,,,,,,,,,
1.25,2.0295751268186133,256,Z4C_RHS_TERM_DIAGNOSTIC,,Gamma_contraction_x,0.009924164476396902,-0.009924164476396902,2.1875,0,,,,,,,,,
1.25,2.0295751268186133,256,Z4C_RHS_TERM_DIAGNOSTIC,,Gamma_contraction_y,0.0050532030249210609,0.0050532030249210609,3.5625,2.5625,,,,,,,,,
1.25,2.0295751268186133,256,Z4C_RHS_TERM_DIAGNOSTIC,,Gamma_contraction_z,0,0,16,16,,,,,,,,,
1.25,2.0295751268186133,256,Z4C_RHS_TERM_DIAGNOSTIC,,Gamma_second_x,0.37031741328312479,0.37031741328312479,2.625,0,,,,,,,,,
1.25,2.0295751268186133,256,Z4C_RHS_TERM_DIAGNOSTIC,,Gamma_second_y,0.28949718916646333,-0.28949718916646333,4.625,2.5625,,,,,,,,,
1.25,2.0295751268186133,256,Z4C_RHS_TERM_DIAGNOSTIC,,Gamma_second_z,0,0,16,16,,,,,,,,,
1.25,2.0295751268186133,256,Z4C_AXIS_RHS_PAIR_DIAGNOSTIC,,,,,,16,0,0,0,0,0,0,0,0,0
1.25,2.0295751268186133,512,Z4C_RHS_STAGE_DIAGNOSTIC,z4c_chi,,,,,,,,,,,,,,
1.25,2.0295751268186133,512,Z4C_RHS_STAGE_DIAGNOSTIC,z4c_gxx,,,,,,,,,,,,,,
1.25,2.0295751268186133,512,Z4C_RHS_STAGE_DIAGNOSTIC,z4c_gxy,,,,,,,,,,,,,,
1.25,2.0295751268186133,512,Z4C_RHS_STAGE_DIAGNOSTIC,z4c_gxz,,,,,,,,,,,,,,
1.25,2.0295751268186133,512,Z4C_RHS_STAGE_DIAGNOSTIC,z4c_gyy,,,,,,,,,,,,,,
1.25,2.0295751268186133,512,Z4C_RHS_STAGE_DIAGNOSTIC,z4c_gyz,,,,,,,,,,,,,,
1.25,2.0295751268186133,512,Z4C_RHS_STAGE_DIAGNOSTIC,z4c_gzz,,,,,,,,,,,,,,
1.25,2.0295751268186133,512,Z4C_RHS_STAGE_DIAGNOSTIC,z4c_Khat,,,,,,,,,,,,,,
1.25,2.0295751268186133,512,Z4C_RHS_STAGE_DIAGNOSTIC,z4c_Axx,,,,,,,,,,,,,,
1.25,2.0295751268186133,512,Z4C_RHS_STAGE_DIAGNOSTIC,z4c_Axy,,,,,,,,,,,,,,
1.25,2.0295751268186133,512,Z4C_RHS_STAGE_DIAGNOSTIC,z4c_Axz,,,,,,,,,,,,,,
1.25,2.0295751268186133,512,Z4C_RHS_STAGE_DIAGNOSTIC,z4c_Ayy,,,,,,,,,,,,,,
1.25,2.0295751268186133,512,Z4C_RHS_STAGE_DIAGNOSTIC,z4c_Ayz,,,,,,,,,,,,,,
1.25,2.0295751268186133,512,Z4C_RHS_STAGE_DIAGNOSTIC,z4c_Azz,,,,,,,,,,,,,,
1.25,2.0295751268186133,512,Z4C_RHS_STAGE_DIAGNOSTIC,z4c_Gamx,,,,,,,,,,,,,,
1.25,2.0295751268186133,512,Z4C_RHS_STAGE_DIAGNOSTIC,z4c_Gamy,,,,,,,,,,,,,,
1.25,2.0295751268186133,512,Z4C_RHS_STAGE_DIAGNOSTIC,z4c_Gamz,,,,,,,,,,,,,,
1.25,2.0295751268186133,512,Z4C_RHS_STAGE_DIAGNOSTIC,z4c_Theta,,,,,,,,,,,,,,
1.25,2.0295751268186133,512,Z4C_RHS_STAGE_DIAGNOSTIC,z4c_alpha,,,,,,,,,,,,,,
1.25,2.0295751268186133,512,Z4C_RHS_STAGE_DIAGNOSTIC,z4c_betax,,,,,,,,,,,,,,
1.25,2.0295751268186133,512,Z4C_RHS_STAGE_DIAGNOSTIC,z4c_betay,,,,,,,,,,,,,,
1.25,2.0295751268186133,512,Z4C_RHS_STAGE_DIAGNOSTIC,z4c_betaz,,,,,,,,,,,,,,
1.25,2.0295751268186133,512,Z4C_RHS_STAGE_DIAGNOSTIC,z4c_Bx,,,,,,,,,,,,,,
1.25,2.0295751268186133,512,Z4C_RHS_STAGE_DIAGNOSTIC,z4c_By,,,,,,,,,,,,,,
1.25,2.0295751268186133,512,Z4C_RHS_STAGE_DIAGNOSTIC,z4c_Bz,,,,,,,,,,,,,,
1.25,2.0295751268186133,512,Z4C_AXIS_RHS_PHASE_DIAGNOSTIC,z4c_chi,,,,0,0,,,,,,,,,
1.25,2.0295751268186133,512,Z4C_AXIS_RHS_PHASE_DIAGNOSTIC,z4c_gxx,,,,0,0,,,,,,,,,
1.25,2.0295751268186133,512,Z4C_AXIS_RHS_PHASE_DIAGNOSTIC,z4c_gxy,,,,0,0,,,,,,,,,
1.25,2.0295751268186133,512,Z4C_AXIS_RHS_PHASE_DIAGNOSTIC,z4c_gxz,,,,0,0,,,,,,,,,
1.25,2.0295751268186133,512,Z4C_AXIS_RHS_PHASE_DIAGNOSTIC,z4c_gyy,,,,0,0,,,,,,,,,
1.25,2.0295751268186133,512,Z4C_AXIS_RHS_PHASE_DIAGNOSTIC,z4c_gyz,,,,0,0,,,,,,,,,
1.25,2.0295751268186133,512,Z4C_AXIS_RHS_PHASE_DIAGNOSTIC,z4c_gzz,,,,0,0,,,,,,,,,
1.25,2.0295751268186133,512,Z4C_AXIS_RHS_PHASE_DIAGNOSTIC,z4c_Khat,,,,0,0,,,,,,,,,
1.25,2.0295751268186133,512,Z4C_AXIS_RHS_PHASE_DIAGNOSTIC,z4c_Axx,,,,0,0,,,,,,,,,
1.25,2.0295751268186133,512,Z4C_AXIS_RHS_PHASE_DIAGNOSTIC,z4c_Axy,,,,0,0,,,,,,,,,
1.25,2.0295751268186133,512,Z4C_AXIS_RHS_PHASE_DIAGNOSTIC,z4c_Axz,,,,0,0,,,,,,,,,
1.25,2.0295751268186133,512,Z4C_AXIS_RHS_PHASE_DIAGNOSTIC,z4c_Ayy,,,,0,0,,,,,,,,,
1.25,2.0295751268186133,512,Z4C_AXIS_RHS_PHASE_DIAGNOSTIC,z4c_Ayz,,,,0,0,,,,,,,,,
1.25,2.0295751268186133,512,Z4C_AXIS_RHS_PHASE_DIAGNOSTIC,z4c_Azz,,,,0,0,,,,,,,,,
1.25,2.0295751268186133,512,Z4C_AXIS_RHS_PHASE_DIAGNOSTIC,z4c_Gamx,,,,0,0,,,,,,,,,
1.25,2.0295751268186133,512,Z4C_AXIS_RHS_PHASE_DIAGNOSTIC,z4c_Gamy,,,,0,0,,,,,,,,,
1.25,2.0295751268186133,512,Z4C_AXIS_RHS_PHASE_DIAGNOSTIC,z4c_Gamz,,,,0,0,,,,,,,,,
1.25,2.0295751268186133,512,Z4C_AXIS_RHS_PHASE_DIAGNOSTIC,z4c_Theta,,,,0,0,,,,,,,,,
1.25,2.0295751268186133,512,Z4C_AXIS_RHS_PHASE_DIAGNOSTIC,z4c_alpha,,,,0,0,,,,,,,,,
1.25,2.0295751268186133,512,Z4C_AXIS_RHS_PHASE_DIAGNOSTIC,z4c_betax,,,,0,0,,,,,,,,,
1.25,2.0295751268186133,512,Z4C_AXIS_RHS_PHASE_DIAGNOSTIC,z4c_betay,,,,0,0,,,,,,,,,
1.25,2.0295751268186133,512,Z4C_AXIS_RHS_PHASE_DIAGNOSTIC,z4c_betaz,,,,0,0,,,,,,,,,
1.25,2.0295751268186133,512,Z4C_AXIS_RHS_PHASE_DIAGNOSTIC,z4c_Bx,,,,0,0,,,,,,,,,
1.25,2.0295751268186133,512,Z4C_AXIS_RHS_PHASE_DIAGNOSTIC,z4c_By,,,,0,0,,,,,,,,,
1.25,2.0295751268186133,512,Z4C_AXIS_RHS_PHASE_DIAGNOSTIC,z4c_Bz,,,,0,0,,,,,,,,,
1.25,2.0295751268186133,512,Z4C_AXIS_TERM_POINT_DIAGNOSTIC,,A_geometric_xx,,-2.9945684744186041e-05,0,0,,,,,,,,,
1.25,2.0295751268186133,512,Z4C_AXIS_TERM_POINT_DIAGNOSTIC,,A_geometric_xy,,5.0977663869004557e-15,0,0,,,,,,,,,
1.25,2.0295751268186133,512,Z4C_AXIS_TERM_POINT_DIAGNOSTIC,,A_geometric_xz,,0,0,0,,,,,,,,,
1.25,2.0295751268186133,512,Z4C_AXIS_TERM_POINT_DIAGNOSTIC,,A_geometric_yy,,-0.00017620112132010941,0,0,,,,,,,,,
1.25,2.0295751268186133,512,Z4C_AXIS_TERM_POINT_DIAGNOSTIC,,A_geometric_yz,,0,0,0,,,,,,,,,
1.25,2.0295751268186133,512,Z4C_AXIS_TERM_POINT_DIAGNOSTIC,,A_geometric_zz,,-2.9945684744186041e-05,0,0,,,,,,,,,
1.25,2.0295751268186133,512,Z4C_AXIS_TERM_POINT_DIAGNOSTIC,,A_trace_xx,,7.8685726733922765e-05,0,0,,,,,,,,,
1.25,2.0295751268186133,512,Z4C_AXIS_TERM_POINT_DIAGNOSTIC,,A_trace_xy,,0,0,0,,,,,,,,,
1.25,2.0295751268186133,512,Z4C_AXIS_TERM_POINT_DIAGNOSTIC,,A_trace_xz,,0,0,0,,,,,,,,,
1.25,2.0295751268186133,512,Z4C_AXIS_TERM_POINT_DIAGNOSTIC,,A_trace_yy,,7.870149847044403e-05,0,0,,,,,,,,,
1.25,2.0295751268186133,512,Z4C_AXIS_TERM_POINT_DIAGNOSTIC,,A_trace_yz,,0,0,0,,,,,,,,,
1.25,2.0295751268186133,512,Z4C_AXIS_TERM_POINT_DIAGNOSTIC,,A_trace_zz,,7.8685726733922765e-05,0,0,,,,,,,,,
1.25,2.0295751268186133,512,Z4C_AXIS_TERM_POINT_DIAGNOSTIC,,A_nonlinear_xx,,-5.1503287091175457e-09,0,0,,,,,,,,,
1.25,2.0295751268186133,512,Z4C_AXIS_TERM_POINT_DIAGNOSTIC,,A_nonlinear_xy,,-0,0,0,,,,,,,,,
1.25,2.0295751268186133,512,Z4C_AXIS_TERM_POINT_DIAGNOSTIC,,A_nonlinear_xz,,-0,0,0,,,,,,,,,
1.25,2.0295751268186133,512,Z4C_AXIS_TERM_POINT_DIAGNOSTIC,,A_nonlinear_yy,,9.6627486662793578e-10,0,0,,,,,,,,,
1.25,2.0295751268186133,512,Z4C_AXIS_TERM_POINT_DIAGNOSTIC,,A_nonlinear_yz,,-0,0,0,,,,,,,,,
1.25,2.0295751268186133,512,Z4C_AXIS_TERM_POINT_DIAGNOSTIC,,A_nonlinear_zz,,-5.1503287091175457e-09,0,0,,,,,,,,,
1.25,2.0295751268186133,512,Z4C_AXIS_TERM_POINT_DIAGNOSTIC,,A_lie_xx,,-8.0962340539948964e-09,0,0,,,,,,,,,
1.25,2.0295751268186133,512,Z4C_AXIS_TERM_POINT_DIAGNOSTIC,,A_lie_xy,,1.6151153146690652e-34,0,0,,,,,,,,,
1.25,2.0295751268186133,512,Z4C_AXIS_TERM_POINT_DIAGNOSTIC,,A_lie_xz,,0,0,0,,,,,,,,,
1.25,2.0295751268186133,512,Z4C_AXIS_TERM_POINT_DIAGNOSTIC,,A_lie_yy,,-3.239142744002309e-08,0,0,,,,,,,,,
1.25,2.0295751268186133,512,Z4C_AXIS_TERM_POINT_DIAGNOSTIC,,A_lie_yz,,0,0,0,,,,,,,,,
1.25,2.0295751268186133,512,Z4C_AXIS_TERM_POINT_DIAGNOSTIC,,A_lie_zz,,-8.0962340539948964e-09,0,0,,,,,,,,,
1.25,2.0295751268186133,512,Z4C_AXIS_TERM_POINT_DIAGNOSTIC,,Gamma_divergence_x,,-1.0261323295089663e-20,0,0,,,,,,,,,
1.25,2.0295751268186133,512,Z4C_AXIS_TERM_POINT_DIAGNOSTIC,,Gamma_divergence_y,,-2.0349600271424052e-11,0,0,,,,,,,,,
1.25,2.0295751268186133,512,Z4C_AXIS_TERM_POINT_DIAGNOSTIC,,Gamma_divergence_z,,0,0,0,,,,,,,,,
1.25,2.0295751268186133,512,Z4C_AXIS_TERM_POINT_DIAGNOSTIC,,Gamma_lie_x,,-8.7652268998432494e-19,0,0,,,,,,,,,
1.25,2.0295751268186133,512,Z4C_AXIS_TERM_POINT_DIAGNOSTIC,,Gamma_lie_y,,1.8496711470181469e-11,0,0,,,,,,,,,
1.25,2.0295751268186133,512,Z4C_AXIS_TERM_POINT_DIAGNOSTIC,,Gamma_lie_z,,0,0,0,,,,,,,,,
1.25,2.0295751268186133,512,Z4C_AXIS_TERM_POINT_DIAGNOSTIC,,Gamma_damping_x,,-0,0,0,,,,,,,,,
1.25,2.0295751268186133,512,Z4C_AXIS_TERM_POINT_DIAGNOSTIC,,Gamma_damping_y,,0,0,0,,,,,,,,,
1.25,2.0295751268186133,512,Z4C_AXIS_TERM_POINT_DIAGNOSTIC,,Gamma_damping_z,,-0,0,0,,,,,,,,,
1.25,2.0295751268186133,512,Z4C_AXIS_TERM_POINT_DIAGNOSTIC,,Gamma_lapse_gradient_x,,5.3069129046842651e-20,0,0,,,,,,,,,
1.25,2.0295751268186133,512,Z4C_AXIS_TERM_POINT_DIAGNOSTIC,,Gamma_lapse_gradient_y,,-7.3018326692340937e-18,0,0,,,,,,,,,
1.25,2.0295751268186133,512,Z4C_AXIS_TERM_POINT_DIAGNOSTIC,,Gamma_lapse_gradient_z,,0,0,0,,,,,,,,,
1.25,2.0295751268186133,512,Z4C_AXIS_TERM_POINT_DIAGNOSTIC,,A_hessian_xx,,0.002066467177379544,0,0,,,,,,,,,
1.25,2.0295751268186133,512,Z4C_AXIS_TERM_POINT_DIAGNOSTIC,,A_hessian_xy,,6.9302648931745497e-15,0,0,,,,,,,,,
1.25,2.0295751268186133,512,Z4C_AXIS_TERM_POINT_DIAGNOSTIC,,A_hessian_xz,,-0,0,0,,,,,,,,,
1.25,2.0295751268186133,512,Z4C_AXIS_TERM_POINT_DIAGNOSTIC,,A_hessian_yy,,-0.0043698911962022262,0,0,,,,,,,,,
1.25,2.0295751268186133,512,Z4C_AXIS_TERM_POINT_DIAGNOSTIC,,A_hessian_yz,,-0,0,0,,,,,,,,,
1.25,2.0295751268186133,512,Z4C_AXIS_TERM_POINT_DIAGNOSTIC,,A_hessian_zz,,0.002066467177379544,0,0,,,,,,,,,
1.25,2.0295751268186133,512,Z4C_AXIS_TERM_POINT_DIAGNOSTIC,,A_ricci_tensor_xx,,-0.0020964128621237298,0,0,,,,,,,,,
1.25,2.0295751268186133,512,Z4C_AXIS_TERM_POINT_DIAGNOSTIC,,A_ricci_tensor_xy,,-1.8324985062740943e-15,0,0,,,,,,,,,
1.25,2.0295751268186133,512,Z4C_AXIS_TERM_POINT_DIAGNOSTIC,,A_ricci_tensor_xz,,0,0,0,,,,,,,,,
1.25,2.0295751268186133,512,Z4C_AXIS_TERM_POINT_DIAGNOSTIC,,A_ricci_tensor_yy,,0.0041936900748821161,0,0,,,,,,,,,
1.25,2.0295751268186133,512,Z4C_AXIS_TERM_POINT_DIAGNOSTIC,,A_ricci_tensor_yz,,0,0,0,,,,,,,,,
1.25,2.0295751268186133,512,Z4C_AXIS_TERM_POINT_DIAGNOSTIC,,A_ricci_tensor_zz,,-0.0020964128621237298,0,0,,,,,,,,,
1.25,2.0295751268186133,512,Z4C_AXIS_TERM_POINT_DIAGNOSTIC,,A_trace_lapse_xx,,7.8693705892622079e-05,0,0,,,,,,,,,
1.25,2.0295751268186133,512,Z4C_AXIS_TERM_POINT_DIAGNOSTIC,,A_trace_lapse_xy,,0,0,0,,,,,,,,,
1.25,2.0295751268186133,512,Z4C_AXIS_TERM_POINT_DIAGNOSTIC,,A_trace_lapse_xz,,0,0,0,,,,,,,,,
1.25,2.0295751268186133,512,Z4C_AXIS_TERM_POINT_DIAGNOSTIC,,A_trace_lapse_yy,,7.8709479228482819e-05,0,0,,,,,,,,,
1.25,2.0295751268186133,512,Z4C_AXIS_TERM_POINT_DIAGNOSTIC,,A_trace_lapse_yz,,0,0,0,,,,,,,,,
1.25,2.0295751268186133,512,Z4C_AXIS_TERM_POINT_DIAGNOSTIC,,A_trace_lapse_zz,,7.8693705892622079e-05,0,0,,,,,,,,,
1.25,2.0295751268186133,512,Z4C_AXIS_TERM_POINT_DIAGNOSTIC,,A_trace_ricci_xx,,-7.9791586993147412e-09,0,0,,,,,,,,,
1.25,2.0295751268186133,512,Z4C_AXIS_TERM_POINT_DIAGNOSTIC,,A_trace_ricci_xy,,-0,0,0,,,,,,,,,
1.25,2.0295751268186133,512,Z4C_AXIS_TERM_POINT_DIAGNOSTIC,,A_trace_ricci_xz,,-0,0,0,,,,,,,,,
1.25,2.0295751268186133,512,Z4C_AXIS_TERM_POINT_DIAGNOSTIC,,A_trace_ricci_yy,,-7.9807580387869748e-09,0,0,,,,,,,,,
1.25,2.0295751268186133,512,Z4C_AXIS_TERM_POINT_DIAGNOSTIC,,A_trace_ricci_yz,,-0,0,0,,,,,,,,,
1.25,2.0295751268186133,512,Z4C_AXIS_TERM_POINT_DIAGNOSTIC,,A_trace_ricci_zz,,-7.9791586993147412e-09,0,0,,,,,,,,,
1.25,2.0295751268186133,512,Z4C_AXIS_TERM_POINT_DIAGNOSTIC,,Gamma_advective_x,,0,0,0,,,,,,,,,
1.25,2.0295751268186133,512,Z4C_AXIS_TERM_POINT_DIAGNOSTIC,,Gamma_advective_y,,-4.3174137401144414e-19,0,0,,,,,,,,,
1.25,2.0295751268186133,512,Z4C_AXIS_TERM_POINT_DIAGNOSTIC,,Gamma_advective_z,,0,0,0,,,,,,,,,
1.25,2.0295751268186133,512,Z4C_AXIS_TERM_POINT_DIAGNOSTIC,,Gamma_expansion_x,,1.2960379749978946e-19,0,0,,,,,,,,,
1.25,2.0295751268186133,512,Z4C_AXIS_TERM_POINT_DIAGNOSTIC,,Gamma_expansion_y,,8.6751769801760721e-18,0,0,,,,,,,,,
1.25,2.0295751268186133,512,Z4C_AXIS_TERM_POINT_DIAGNOSTIC,,Gamma_expansion_z,,-0,0,0,,,,,,,,,
1.25,2.0295751268186133,512,Z4C_AXIS_TERM_POINT_DIAGNOSTIC,,Gamma_ddiv_x,,-2.2648670566499362e-19,0,0,,,,,,,,,
1.25,2.0295751268186133,512,Z4C_AXIS_TERM_POINT_DIAGNOSTIC,,Gamma_ddiv_y,,4.7454804658099466e-12,0,0,,,,,,,,,
1.25,2.0295751268186133,512,Z4C_AXIS_TERM_POINT_DIAGNOSTIC,,Gamma_ddiv_z,,0,0,0,,,,,,,,,
1.25,2.0295751268186133,512,Z4C_AXIS_TERM_POINT_DIAGNOSTIC,,Gamma_contraction_x,,-1.0695638111580879e-19,0,0,,,,,,,,,
1.25,2.0295751268186133,512,Z4C_AXIS_TERM_POINT_DIAGNOSTIC,,Gamma_contraction_y,,1.3057275559963339e-18,0,0,,,,,,,,,
1.25,2.0295751268186133,512,Z4C_AXIS_TERM_POINT_DIAGNOSTIC,,Gamma_contraction_z,,0,0,0,,,,,,,,,
1.25,2.0295751268186133,512,Z4C_AXIS_TERM_POINT_DIAGNOSTIC,,Gamma_second_x,,-6.7268340070331199e-19,0,0,,,,,,,,,
1.25,2.0295751268186133,512,Z4C_AXIS_TERM_POINT_DIAGNOSTIC,,Gamma_second_y,,1.3751221455208357e-11,0,0,,,,,,,,,
1.25,2.0295751268186133,512,Z4C_AXIS_TERM_POINT_DIAGNOSTIC,,Gamma_second_z,,0,0,0,,,,,,,,,
1.25,2.0295751268186133,512,Z4C_RHS_TERM_DIAGNOSTIC,,A_geometric_xx,0.38373941054927524,0.38373941054927524,5.21875,0,,,,,,,,,
1.25,2.0295751268186133,512,Z4C_RHS_TERM_DIAGNOSTIC,,A_geometric_xy,0.11506410696777125,0.11506410696777125,4.875,-0.46875,,,,,,,,,
1.25,2.0295751268186133,512,Z4C_RHS_TERM_DIAGNOSTIC,,A_geometric_xz,0,0,16,16,,,,,,,,,
1.25,2.0295751268186133,512,Z4C_RHS_TERM_DIAGNOSTIC,,A_geometric_yy,0.38407095414593728,0.38407095414593728,5.3125,0,,,,,,,,,
1.25,2.0295751268186133,512,Z4C_RHS_TERM_DIAGNOSTIC,,A_geometric_yz,0,0,16,16,,,,,,,,,
1.25,2.0295751268186133,512,Z4C_RHS_TERM_DIAGNOSTIC,,A_geometric_zz,0.46736695002799794,-0.46736695002799794,5.3125,0,,,,,,,,,
1.25,2.0295751268186133,512,Z4C_RHS_TERM_DIAGNOSTIC,,A_trace_xx,0.10582159577596963,-0.10582159577596963,5,0,,,,,,,,,
1.25,2.0295751268186133,512,Z4C_RHS_TERM_DIAGNOSTIC,,A_trace_xy,0.0049552537328166569,0.0049552537328166569,4.96875,0.34375,,,,,,,,,
1.25,2.0295751268186133,512,Z4C_RHS_TERM_DIAGNOSTIC,,A_trace_xz,0,-0,16,16,,,,,,,,,
1.25,2.0295751268186133,512,Z4C_RHS_TERM_DIAGNOSTIC,,A_trace_yy,0.0967313398223211,-0.0967313398223211,5.03125,0,,,,,,,,,
1.25,2.0295751268186133,512,Z4C_RHS_TERM_DIAGNOSTIC,,A_trace_yz,0,-0,16,16,,,,,,,,,
1.25,2.0295751268186133,512,Z4C_RHS_TERM_DIAGNOSTIC,,A_trace_zz,0.11523227479887549,-0.11523227479887549,4.90625,0,,,,,,,,,
1.25,2.0295751268186133,512,Z4C_RHS_TERM_DIAGNOSTIC,,A_nonlinear_xx,0.15245785045828733,-0.15245785045828733,5.03125,0,,,,,,,,,
1.25,2.0295751268186133,512,Z4C_RHS_TERM_DIAGNOSTIC,,A_nonlinear_xy,0.050072282696018711,0.050072282696018711,4.90625,0.40625,,,,,,,,,
1.25,2.0295751268186133,512,Z4C_RHS_TERM_DIAGNOSTIC,,A_nonlinear_xz,0,-0,16,16,,,,,,,,,
1.25,2.0295751268186133,512,Z4C_RHS_TERM_DIAGNOSTIC,,A_nonlinear_yy,0.13793338962389787,-0.13793338962389787,5.28125,-0.1875,,,,,,,,,
1.25,2.0295751268186133,512,Z4C_RHS_TERM_DIAGNOSTIC,,A_nonlinear_yz,0,-0,16,16,,,,,,,,,
1.25,2.0295751268186133,512,Z4C_RHS_TERM_DIAGNOSTIC,,A_nonlinear_zz,0.34826250684318583,-0.34826250684318583,4.875,0,,,,,,,,,
1.25,2.0295751268186133,512,Z4C_RHS_TERM_DIAGNOSTIC,,A_lie_xx,0.018308988703595593,0.018308988703595593,4.5625,0,,,,,,,,,
1.25,2.0295751268186133,512,Z4C_RHS_TERM_DIAGNOSTIC,,A_lie_xy,0.011167410364383127,-0.011167410364383127,5.53125,-0.4375,,,,,,,,,
1.25,2.0295751268186133,512,Z4C_RHS_TERM_DIAGNOSTIC,,A_lie_xz,0,0,16,16,,,,,,,,,
1.25,2.0295751268186133,512,Z4C_RHS_TERM_DIAGNOSTIC,,A_lie_yy,0.019100970613058734,0.019100970613058734,4.875,0.53125,,,,,,,,,
1.25,2.0295751268186133,512,Z4C_RHS_TERM_DIAGNOSTIC,,A_lie_yz,0,0,16,16,,,,,,,,,
1.25,2.0295751268186133,512,Z4C_RHS_TERM_DIAGNOSTIC,,A_lie_zz,0.03216449858647067,-0.03216449858647067,5.375,0,,,,,,,,,
1.25,2.0295751268186133,512,Z4C_RHS_TERM_DIAGNOSTIC,,Gamma_divergence_x,0.50746863173621182,0.50746863173621182,5.5625,0,,,,,,,,,
1.25,2.0295751268186133,512,Z4C_RHS_TERM_DIAGNOSTIC,,Gamma_divergence_y,0.41729272656932848,0.41729272656932848,5.3125,0.28125,,,,,,,,,
1.25,2.0295751268186133,512,Z4C_RHS_TERM_DIAGNOSTIC,,Gamma_divergence_z,0,0,16,16,,,,,,,,,
1.25,2.0295751268186133,512,Z4C_RHS_TERM_DIAGNOSTIC,,Gamma_lie_x,0.47402460162076432,0.47402460162076432,2.65625,0,,,,,,,,,
1.25,2.0295751268186133,512,Z4C_RHS_TERM_DIAGNOSTIC,,Gamma_lie_y,0.38148511401337781,-0.38148511401337781,5.3125,0.28125,,,,,,,,,
1.25,2.0295751268186133,512,Z4C_RHS_TERM_DIAGNOSTIC,,Gamma_lie_z,0,0,16,16,,,,,,,,,
1.25,2.0295751268186133,512,Z4C_RHS_TERM_DIAGNOSTIC,,Gamma_damping_x,0,-0,16,16,,,,,,,,,
1.25,2.0295751268186133,512,Z4C_RHS_TERM_DIAGNOSTIC,,Gamma_damping_y,0,-0,16,16,,,,,,,,,
1.25,2.0295751268186133,512,Z4C_RHS_TERM_DIAGNOSTIC,,Gamma_damping_z,0,-0,16,16,,,,,,,,,
1.25,2.0295751268186133,512,Z4C_RHS_TERM_DIAGNOSTIC,,Gamma_lapse_gradient_x,0.055210169571923637,0.055210169571923637,4.4375,0,,,,,,,,,
1.25,2.0295751268186133,512,Z4C_RHS_TERM_DIAGNOSTIC,,Gamma_lapse_gradient_y,0.034139616791208333,-0.034139616791208333,4.8125,0.78125,,,,,,,,,
1.25,2.0295751268186133,512,Z4C_RHS_TERM_DIAGNOSTIC,,Gamma_lapse_gradient_z,0,0,16,16,,,,,,,,,
1.25,2.0295751268186133,512,Z4C_RHS_TERM_DIAGNOSTIC,,A_hessian_xx,0.083022972566481848,-0.083022972566481848,3.71875,0,,,,,,,,,
1.25,2.0295751268186133,512,Z4C_RHS_TERM_DIAGNOSTIC,,A_hessian_xy,0.040195290349127229,-0.040195290349127229,4.21875,-1.125,,,,,,,,,
1.25,2.0295751268186133,512,Z4C_RHS_TERM_DIAGNOSTIC,,A_hessian_xz,0,-0,16,16,,,,,,,,,
1.25,2.0295751268186133,512,Z4C_RHS_TERM_DIAGNOSTIC,,A_hessian_yy,0.073865563610437543,-0.073865563610437543,5.34375,-1.6875,,,,,,,,,
1.25,2.0295751268186133,512,Z4C_RHS_TERM_DIAGNOSTIC,,A_hessian_yz,0,-0,16,16,,,,,,,,,
1.25,2.0295751268186133,512,Z4C_RHS_TERM_DIAGNOSTIC,,A_hessian_zz,0.023072743482831858,-0.023072743482831858,4.125,0,,,,,,,,,
1.25,2.0295751268186133,512,Z4C_RHS_TERM_DIAGNOSTIC,,A_ricci_tensor_xx,0.349365601596201,0.349365601596201,5.1875,0,,,,,,,,,
1.25,2.0295751268186133,512,Z4C_RHS_TERM_DIAGNOSTIC,,A_ricci_tensor_xy,0.11247206262525965,0.11247206262525965,4.875,-0.46875,,,,,,,,,
1.25,2.0295751268186133,512,Z4C_RHS_TERM_DIAGNOSTIC,,A_ricci_tensor_xz,0,0,16,16,,,,,,,,,
1.25,2.0295751268186133,512,Z4C_RHS_TERM_DIAGNOSTIC,,A_ricci_tensor_yy,0.35176187819964388,0.35176187819964388,5.28125,0,,,,,,,,,
1.25,2.0295751268186133,512,Z4C_RHS_TERM_DIAGNOSTIC,,A_ricci_tensor_yz,0,0,16,16,,,,,,,,,
1.25,2.0295751268186133,512,Z4C_RHS_TERM_DIAGNOSTIC,,A_ricci_tensor_zz,0.46667853151425687,-0.46667853151425687,5.28125,0,,,,,,,,,
1.25,2.0295751268186133,512,Z4C_RHS_TERM_DIAGNOSTIC,,A_trace_lapse_xx,0.029873199987290548,0.029873199987290548,3.6875,0,,,,,,,,,
1.25,2.0295751268186133,512,Z4C_RHS_TERM_DIAGNOSTIC,,A_trace_lapse_xy,0.0025781192996101824,-0.0025781192996101824,3.96875,-1.21875,,,,,,,,,
1.25,2.0295751268186133,512,Z4C_RHS_TERM_DIAGNOSTIC,,A_trace_lapse_xz,0,0,16,16,,,,,,,,,
1.25,2.0295751268186133,512,Z4C_RHS_TERM_DIAGNOSTIC,,A_trace_lapse_yy,0.035419877077800858,0.035419877077800858,3.65625,0,,,,,,,,,
1.25,2.0295751268186133,512,Z4C_RHS_TERM_DIAGNOSTIC,,A_trace_lapse_yz,0,0,16,16,,,,,,,,,
1.25,2.0295751268186133,512,Z4C_RHS_TERM_DIAGNOSTIC,,A_trace_lapse_zz,0.041018008075476599,0.041018008075476599,3.71875,0,,,,,,,,,
1.25,2.0295751268186133,512,Z4C_RHS_TERM_DIAGNOSTIC,,A_trace_ricci_xx,0.087809591673551582,-0.087809591673551582,4.96875,0,,,,,,,,,
1.25,2.0295751268186133,512,Z4C_RHS_TERM_DIAGNOSTIC,,A_trace_ricci_xy,0.004082591037295696,0.004082591037295696,4.96875,0.34375,,,,,,,,,
1.25,2.0295751268186133,512,Z4C_RHS_TERM_DIAGNOSTIC,,A_trace_ricci_xz,0,-0,16,16,,,,,,,,,
1.25,2.0295751268186133,512,Z4C_RHS_TERM_DIAGNOSTIC,,A_trace_ricci_yy,0.07964991912798651,-0.07964991912798651,5,0,,,,,,,,,
1.25,2.0295751268186133,512,Z4C_RHS_TERM_DIAGNOSTIC,,A_trace_ricci_yz,0,-0,16,16,,,,,,,,,
1.25,2.0295751268186133,512,Z4C_RHS_TERM_DIAGNOSTIC,,A_trace_ricci_zz,0.096431831318687197,-0.096431831318687197,4.90625,0,,,,,,,,,
1.25,2.0295751268186133,512,Z4C_RHS_TERM_DIAGNOSTIC,,Gamma_advective_x,0.025769307669797306,-0.025769307669797306,2.6875,0,,,,,,,,,
1.25,2.0295751268186133,512,Z4C_RHS_TERM_DIAGNOSTIC,,Gamma_advective_y,0.015722719035875,-0.015722719035875,3.8125,-2.15625,,,,,,,,,
1.25,2.0295751268186133,512,Z4C_RHS_TERM_DIAGNOSTIC,,Gamma_advective_z,0,0,16,16,,,,,,,,,
1.25,2.0295751268186133,512,Z4C_RHS_TERM_DIAGNOSTIC,,Gamma_expansion_x,0.0072979857218930123,0.0072979857218930123,2.1875,0,,,,,,,,,
1.25,2.0295751268186133,512,Z4C_RHS_TERM_DIAGNOSTIC,,Gamma_expansion_y,0.0031957211341971394,-0.0031957211341971394,3.125,2.21875,,,,,,,,,
1.25,2.0295751268186133,512,Z4C_RHS_TERM_DIAGNOSTIC,,Gamma_expansion_z,0,-0,16,16,,,,,,,,,
1.25,2.0295751268186133,512,Z4C_RHS_TERM_DIAGNOSTIC,,Gamma_ddiv_x,0.12310444732236765,0.12310444732236765,2.65625,0,,,,,,,,,
1.25,2.0295751268186133,512,Z4C_RHS_TERM_DIAGNOSTIC,,Gamma_ddiv_y,0.09443220893700309,0.09443220893700309,5.03125,-2.625,,,,,,,,,
1.25,2.0295751268186133,512,Z4C_RHS_TERM_DIAGNOSTIC,,Gamma_ddiv_z,0,0,16,16,,,,,,,,,
1.25,2.0295751268186133,512,Z4C_RHS_TERM_DIAGNOSTIC,,Gamma_contraction_x,0.0099345671421834057,-0.0099345671421834057,2.21875,0,,,,,,,,,
1.25,2.0295751268186133,512,Z4C_RHS_TERM_DIAGNOSTIC,,Gamma_contraction_y,0.0050560397224252542,-0.0050560397224252542,3.53125,-2.53125,,,,,,,,,
1.25,2.0295751268186133,512,Z4C_RHS_TERM_DIAGNOSTIC,,Gamma_contraction_z,0,0,16,16,,,,,,,,,
1.25,2.0295751268186133,512,Z4C_RHS_TERM_DIAGNOSTIC,,Gamma_second_x,0.37615511142615699,0.37615511142615699,2.65625,0,,,,,,,,,
1.25,2.0295751268186133,512,Z4C_RHS_TERM_DIAGNOSTIC,,Gamma_second_y,0.29049465217807047,-0.29049465217807047,4.65625,2.5625,,,,,,,,,
1.25,2.0295751268186133,512,Z4C_RHS_TERM_DIAGNOSTIC,,Gamma_second_z,0,0,16,16,,,,,,,,,
1.25,2.0295751268186133,512,Z4C_AXIS_RHS_PAIR_DIAGNOSTIC,,,,,,16,0,0,0,0,0,0,0,0,0
