cycle,time,dt_spatial,dt_source,dt_final,max_source_rate,max_coordinate_speed,negative_real_stability_radius,limiter
0,0,0.036028027330188006,1.3957170865364181,0.0054042040995282009,2,1.7347605359350617,3.489292716341045,z4c_spatial_or_other
1,0.0054042040995282009,0.035982404244362991,1.3957170865364181,0.0053973606366544483,2,1.7369600868121884,3.489292716341045,z4c_spatial_or_other
2,0.010801564736182649,0.035939083943497534,1.3957170865364181,2.1748201223177263e-05,2,1.7390537860748156,3.489292716341045,z4c_spatial_or_other
3,0.010823312937405826,0.017965896135178787,1.3957170865364181,4.3496402446354526e-05,2,1.7394066939310522,3.489292716341045,z4c_spatial_or_other
4,0.010866809339852181,0.017965673172555732,1.3957170865364181,8.6992804892709052e-05,2,1.7394282808025996,3.489292716341045,z4c_spatial_or_other
5,0.01095380214474489,0.017965227484344058,1.3957170865364181,0.0001739856097854181,2,1.7394714332024497,3.489292716341045,z4c_spatial_or_other
6,0.011127787754530308,0.017964337055824908,1.3957170865364181,0.00034797121957083621,2,1.7395576526364072,3.489292716341045,z4c_spatial_or_other
7,0.011475758974101144,0.017962559988534237,1.3957170865364181,0.00069594243914167242,2,1.739729750099503,3.489292716341045,z4c_spatial_or_other
8,0.012171701413242817,0.017959020997988878,1.3957170865364181,0.0013918848782833448,2,1.7400725798750107,3.489292716341045,z4c_spatial_or_other
9,0.013563586291526162,0.017952003473372887,1.3957170865364181,0.0026505891449740155,2,1.7407527826268094,3.489292716341045,z4c_spatial_or_other
10,0.016214175436500177,0.008969430970133932,1.3957170865364181,0.0013454146455200897,2,1.7420280118134057,3.489292716341045,z4c_spatial_or_other
11,0.017559590082020266,0.008966041437489386,1.3957170865364181,0.0013449062156234079,2,1.7426865700918748,3.489292716341045,z4c_spatial_or_other
12,0.018904496297643673,0.0089624027149649878,1.3957170865364181,0.0013443604072447481,2,1.74339409831586,3.489292716341045,z4c_spatial_or_other
13,0.020248856704888421,0.0089588042811554851,1.3957170865364181,0.0013438206421733227,2,1.7440943578672226,3.489292716341045,z4c_spatial_or_other
14,0.021592677347061745,0.0089552459565443963,1.3957170865364181,0.0013432868934816595,2,1.7447873655085286,3.489292716341045,z4c_spatial_or_other
15,0.022935964240543404,0.0089517275626103988,1.3957170865364181,0.0013427591343915597,2,1.7454731380859427,3.489292716341045,z4c_spatial_or_other
16,0.024278723374934964,0.0089480614673243721,1.3957170865364181,0.0013422092200986557,2,1.7461882729636802,3.489292716341045,z4c_spatial_or_other
17,0.025620932595033619,0.0089442372003054344,1.3957170865364181,0.0013416355800458151,2,1.7469348866850742,3.489292716341045,z4c_spatial_or_other
18,0.026962568175079433,0.0089404544626804101,1.3957170865364181,0.0013410681694020616,2,1.7476740209597261,3.489292716341045,z4c_spatial_or_other
19,0.028303636344481495,0.0089367130759923433,1.3957170865364181,0.0013405069613988514,2,1.7484056908993892,3.489292716341045,z4c_spatial_or_other
20,0.029644143305880347,0.0089330128627976603,1.3957170865364181,0.0013399519294196489,2,1.7491299117089292,3.489292716341045,z4c_spatial_or_other
21,0.030984095235299994,0.0089291676832321063,1.3957170865364181,0.0013393751524848159,2,1.7498831418903527,3.489292716341045,z4c_spatial_or_other
22,0.032323470387784811,0.0089251766753253511,1.3957170865364181,0.0013387765012988027,2,1.7506656247149774,3.489292716341045,z4c_spatial_or_other
23,0.033662246889083612,0.0089212284529657706,1.3957170865364181,0.0013381842679448656,2,1.7514404078292187,3.489292716341045,z4c_spatial_or_other
24,0.035000431157028479,0.0089173228380996419,1.3957170865364181,0.0013375984257149463,2,1.7522075048400763,3.489292716341045,z4c_spatial_or_other
25,0.036338029582743424,0.0089134596536858887,1.3957170865364181,0.0013370189480528833,2,1.7529669294614196,3.489292716341045,z4c_spatial_or_other
26,0.037675048530796305,0.0089095378016384834,1.3957170865364181,0.0013364306702457725,2,1.7537385606160769,3.489292716341045,z4c_spatial_or_other
27,0.039011479201042081,0.0089053993221624977,1.3957170865364181,0.0013358098983243746,2,1.7545535505763015,3.489292716341045,z4c_spatial_or_other
28,0.040347289099366454,0.0089013048818959925,1.3957170865364181,0.0013351957322843989,2,1.7553606136757613,3.489292716341045,z4c_spatial_or_other
29,0.041682484831650851,0.0088972543020071609,1.3957170865364181,0.0013345881453010742,2,1.7561597622847653,3.489292716341045,z4c_spatial_or_other
30,0.043017072976951926,0.0088932474046513801,1.3957170865364181,0.0013339871106977069,2,1.7569510089000508,3.489292716341045,z4c_spatial_or_other
31,0.044351060087649635,0.0088892840129778678,1.3957170865364181,0.0013333926019466801,2,1.7577343661411149,3.489292716341045,z4c_spatial_or_other
32,0.045684452689596318,0.0088850897946757806,1.3957170865364181,0.001332763469201367,2,1.7585641069562381,3.489292716341045,z4c_spatial_or_other
33,0.047017216158797684,0.0088808685961449096,1.3957170865364181,0.0013321302894217363,2,1.7593999765724093,3.489292716341045,z4c_spatial_or_other
34,0.048349346448219421,0.0088766924874323899,1.3957170865364181,0.0013315038731148583,2,1.760227699914338,3.489292716341045,z4c_spatial_or_other
35,0.049680850321334277,0.0088725612892549613,1.3957170865364181,0.0013308841933882441,2,1.7610472884444901,3.489292716341045,z4c_spatial_or_other
36,0.051011734514722525,0.0088684748233301414,1.3957170865364181,0.0013302712234995212,2,1.7618587537617614,3.489292716341045,z4c_spatial_or_other
37,0.052342005738222043,0.0088644329123682818,1.3957170865364181,0.0013296649368552422,2,1.7626621076006903,3.489292716341045,z4c_spatial_or_other
38,0.053671670675077283,0.0088601083405546177,1.3957170865364181,0.0013290162510831926,2,1.7635224536116585,3.489292716341045,z4c_spatial_or_other
39,0.055000686926160475,0.0088558260568941879,1.3957170865364181,0.0013283739085341282,2,1.7643752146459635,3.489292716341045,z4c_spatial_or_other
40,0.056329060834694605,0.0088515898701833091,1.3957170865364181,0.0013277384805274962,2,1.7652196079071634,3.489292716341045,z4c_spatial_or_other
41,0.0576567993152221,0.0088473995994501776,1.3957170865364181,0.0013271099399175266,2,1.7660556443015207,3.489292716341045,z4c_spatial_or_other
42,0.058983909255139626,0.0088432550646846877,1.3957170865364181,0.0013264882597027032,2,1.7668833348930573,3.489292716341045,z4c_spatial_or_other
43,0.06031039751484233,0.0088391560868411687,1.3957170865364181,0.0013258734130261753,2,1.7677026909006506,3.489292716341045,z4c_spatial_or_other
44,0.061636270927868504,0.008834843983598531,1.3957170865364181,0.0013252265975397797,2,1.7685654697476345,3.489292716341045,z4c_spatial_or_other
45,0.062961497525408278,0.0088305217627774445,1.3957170865364181,0.0013245782644166167,2,1.7694311185396483,3.489292716341045,z4c_spatial_or_other
46,0.064286075789824898,0.0088262465807274499,1.3957170865364181,0.0013239369871091175,2,1.7702881804954291,3.489292716341045,z4c_spatial_or_other
47,0.065610012776934012,0.0088220182543564066,1.3957170865364181,0.001323302738153461,2,1.7711366661800103,3.489292716341045,z4c_spatial_or_other
48,0.06693331551508748,0.0088178366015946464,1.3957170865364181,0.0013226754902391968,2,1.7719765863175923,3.489292716341045,z4c_spatial_or_other
49,0.068255991005326672,0.0088137014413927593,1.3957170865364181,0.0013220552162089138,2,1.7728079517895383,3.489292716341045,z4c_spatial_or_other
50,0.069578046221535586,0.0088095434207450685,1.3957170865364181,0.0013214315131117602,2,1.7736447002696665,3.489292716341045,z4c_spatial_or_other
51,0.070899477734647345,0.008805201701350792,1.3957170865364181,0.0013207802552026187,2,1.774519259178696,3.489292716341045,z4c_spatial_or_other
52,0.072220257989849962,0.0088009078852147073,1.3957170865364181,0.001320136182782206,2,1.7753850175218384,3.489292716341045,z4c_spatial_or_other
53,0.073540394172632167,0.0087966617865409599,1.3957170865364181,0.001319499267981144,2,1.7762419857844838,3.489292716341045,z4c_spatial_or_other
54,0.074859893440613307,0.0087924632205319368,1.3957170865364181,0.0013188694830797904,2,1.7770901746296643,3.489292716341045,z4c_spatial_or_other
55,0.076178762923693091,0.0087883120033875519,1.3957170865364181,0.0013182468005081328,2,1.7779295948957172,3.489292716341045,z4c_spatial_or_other
56,0.077497009724201218,0.008784207952306021,1.3957170865364181,0.0013176311928459032,2,1.7787602575936448,3.489292716341045,z4c_spatial_or_other
57,0.078814640917047124,0.0087801052925550009,1.3957170865364181,0.0013170157938832501,2,1.7795914148374801,3.489292716341045,z4c_spatial_or_other
58,0.08013165671093038,0.0087758122214958208,1.3957170865364181,0.0013163718332243732,2,1.7804619795450394,3.489292716341045,z4c_spatial_or_other
59,0.081448028544154755,0.0087715676348715608,1.3957170865364181,0.0013157351452307341,2,1.7813235501807529,3.489292716341045,z4c_spatial_or_other
60,0.082763763689385483,0.0087673713449596159,1.3957170865364181,0.0013151057017439423,2,1.7821761375469574,3.489292716341045,z4c_spatial_or_other
61,0.084078869391129421,0.0087632231650751746,1.3957170865364181,0.0013144834747612761,2,1.7830197526261402,3.489292716341045,z4c_spatial_or_other
62,0.085393352865890698,0.0087591229095588356,1.3957170865364181,0.0013138684364338252,2,1.7838544065808724,3.489292716341045,z4c_spatial_or_other
63,0.086707221302324528,0.0087550703937648439,1.3957170865364181,0.0013132605590647265,2,1.7846801107536221,3.489292716341045,z4c_spatial_or_other
64,0.088020481861389249,0.008751065434049899,1.3957170865364181,0.0013126598151074849,2,1.7854968766664698,3.489292716341045,z4c_spatial_or_other
65,0.089333141676496738,0.008746962739128835,1.3957170865364181,0.0013120444108693252,2,1.786334350105645,3.489292716341045,z4c_spatial_or_other
66,0.090645186087366061,0.0087427866969571281,1.3957170865364181,0.0013114180045435693,2,1.7871876029456584,3.489292716341045,z4c_spatial_or_other
67,0.09195660409190963,0.0087386594233367157,1.3957170865364181,0.0013107989135005074,2,1.7880316926270421,3.489292716341045,z4c_spatial_or_other
68,0.093267403005410143,0.0087345807292331431,1.3957170865364181,0.0013101871093849713,2,1.7888666307365853,3.489292716341045,z4c_spatial_or_other
69,0.094577590114795121,0.0087305504265872674,1.3957170865364181,0.0013095825639880901,2,1.78969242906117,3.489292716341045,z4c_spatial_or_other
70,0.095887172678783217,0.0087265683283089084,1.3957170865364181,0.0013089852492463362,2,1.7905090995864483,3.489292716341045,z4c_spatial_or_other
71,0.097196157928029547,0.0087226342482735822,1.3957170865364181,0.0013083951372410373,2,1.791316654494892,3.489292716341045,z4c_spatial_or_other
72,0.098504553065270589,0.0087187480013217536,1.3957170865364181,0.0013078122001982629,2,1.7921151061633236,3.489292716341045,z4c_spatial_or_other
73,0.099812365265468855,0.008714832516090407,1.3957170865364181,0.0013072248774135609,2,1.7929202851748651,3.489292716341045,z4c_spatial_or_other
74,0.10111959014288241,0.008710791747759768,1.3957170865364181,0.0013066187621639652,2,1.7937519863241389,3.489292716341045,z4c_spatial_or_other
75,0.10242620890504638,0.0087067999094987032,1.3957170865364181,0.0013060199864248054,2,1.79457437432941,3.489292716341045,z4c_spatial_or_other
76,0.10373222889147118,0.0087028568109326406,1.3957170865364181,0.001305428521639896,2,1.7953874617782606,3.489292716341045,z4c_spatial_or_other
77,0.10503765741311108,0.0086989622626947507,1.3957170865364181,0.0013048443394042125,2,1.7961912614573998,3.489292716341045,z4c_spatial_or_other
78,0.10634250175251529,0.0086951160764172052,1.3957170865364181,0.0013042674114625808,2,1.7969857863517138,3.489292716341045,z4c_spatial_or_other
79,0.10764676916397788,0.0086913180647238512,1.3957170865364181,0.0013036977097085776,2,1.797771049643027,3.489292716341045,z4c_spatial_or_other
80,0.10895046687368645,0.0086875680412241401,1.3957170865364181,0.0013031352061836209,2,1.7985470647086095,3.489292716341045,z4c_spatial_or_other
81,0.11025360207987007,0.0086838658205079418,1.3957170865364181,0.0013025798730761913,2,1.7993138451195063,3.489292716341045,z4c_spatial_or_other
82,0.11155618195294627,0.0086801234438236598,1.3957170865364181,0.001302018516573549,2,1.8000896071493047,3.489292716341045,z4c_spatial_or_other
83,0.11285820046951982,0.0086762829405931958,1.3957170865364181,0.0013014424410889792,2,1.8008864057321443,3.489292716341045,z4c_spatial_or_other
84,0.1141596429106088,0.0086724912131123898,1.3957170865364181,0.0013008736819668583,2,1.8016737770083584,3.489292716341045,z4c_spatial_or_other
85,0.11546051659257565,0.0086687480707875429,1.3957170865364181,0.0013003122106181313,2,1.8024517349459079,3.489292716341045,z4c_spatial_or_other
86,0.11676082880319379,0.0086650533240299355,1.3957170865364181,0.0012997579986044902,2,1.8032202937134538,3.489292716341045,z4c_spatial_or_other
87,0.11806058680179828,0.0086614067842495437,1.3957170865364181,0.0012992110176374314,2,1.8039794676787957,3.489292716341045,z4c_spatial_or_other
88,0.1193597978194357,0.0086578082638492891,1.3957170865364181,0.0012986712395773932,2,1.8047292714072043,3.489292716341045,z4c_spatial_or_other
89,0.12065846905901309,0.0086542575762195498,1.3957170865364181,0.0012981386364329325,2,1.8054697196597065,3.489292716341045,z4c_spatial_or_other
90,0.12195660769544603,0.0086507545357325851,1.3957170865364181,0.0012976131803598878,2,1.8062008273913881,3.489292716341045,z4c_spatial_or_other
91,0.12325422087580591,0.0086472989577366516,1.3957170865364181,0.0012970948436604977,2,1.8069226097497726,3.489292716341045,z4c_spatial_or_other
92,0.12455131571946641,0.0086437441111111221,1.3957170865364181,0.0012965616166666684,2,1.8076657290114366,3.489292716341045,z4c_spatial_or_other
93,0.12584787733613309,0.0086401657105882983,1.3957170865364181,0.0012960248565882448,2,1.8084143896513429,3.489292716341045,z4c_spatial_or_other
94,0.12714390219272134,0.0086366356152994487,1.3957170865364181,0.0012954953422949173,2,1.8091535519133106,3.489292716341045,z4c_spatial_or_other
95,0.12843939753501626,0.0086331536358404612,1.3957170865364181,0.001294973045376069,2,1.8098832314454534,3.489292716341045,z4c_spatial_or_other
96,0.12973437058039233,0.0086297195837790955,1.3957170865364181,0.0012944579375668644,2,1.8106034440991137,3.489292716341045,z4c_spatial_or_other
97,0.13102882851795919,0.0086263332716445176,1.3957170865364181,0.0012939499907466776,2,1.8113142059281073,3.489292716341045,z4c_spatial_or_other
98,0.13232277850870586,0.0086229945129182584,1.3957170865364181,0.0012934491769377387,2,1.8120155331876779,3.489292716341045,z4c_spatial_or_other
99,0.1336162276856436,0.0086197031220264179,1.3957170865364181,0.0012929554683039626,2,1.812707442333199,3.489292716341045,z4c_spatial_or_other
100,0.13490918315394756,0.008616458914332957,1.3957170865364181,0.0012924688371499435,2,1.8133899500186508,3.489292716341045,z4c_spatial_or_other
101,0.13620165199109752,0.0086132617061337666,1.3957170865364181,0.001291989255920065,2,1.8140630730949416,3.489292716341045,z4c_spatial_or_other
102,0.13749364124701757,0.008610085531528984,1.3957170865364181,0.0012915128297293476,2,1.8147322628542233,3.489292716341045,z4c_spatial_or_other
103,0.13878515407674691,0.0086067788630496862,1.3957170865364181,0.0012910168294574529,2,1.8154294711905157,3.489292716341045,z4c_spatial_or_other
104,0.14007617090620436,0.0086035199091965518,1.3957170865364181,0.0012905279863794827,2,1.8161171433215357,3.489292716341045,z4c_spatial_or_other
105,0.14136669889258385,0.0086003084818864466,1.3957170865364181,0.001290046272282967,2,1.8167952966929755,3.489292716341045,z4c_spatial_or_other
106,0.14265674516486682,0.0085971443940040249,1.3957170865364181,0.0012895716591006037,2,1.8174639489476843,3.489292716341045,z4c_spatial_or_other
107,0.14394631682396741,0.0085940274593968666,1.3957170865364181,0.0012891041189095299,2,1.8181231179236388,3.489292716341045,z4c_spatial_or_other
108,0.14523542094287695,0.0085909574928707058,1.3957170865364181,0.0012886436239306059,2,1.8187728216519015,3.489292716341045,z4c_spatial_or_other
109,0.14652406456680755,0.0085879343101844304,1.3957170865364181,0.0012881901465276646,2,1.8194130783546298,3.489292716341045,z4c_spatial_or_other
110,0.14781225471333523,0.0085849577280446166,1.3957170865364181,0.0012877436592066925,2,1.8200439064431926,3.489292716341045,z4c_spatial_or_other
111,0.14909999837254193,0.0085820275640993045,1.3957170865364181,0.0012873041346148956,2,1.8206653245164524,3.489292716341045,z4c_spatial_or_other
112,0.15038730250715682,0.0085791436369308735,1.3957170865364181,0.001286871545539631,2,1.8212773513592471,3.489292716341045,z4c_spatial_or_other
113,0.15167417405269645,0.0085763057660478148,1.3957170865364181,0.0012864458649071721,2,1.8218800059411138,3.489292716341045,z4c_spatial_or_other
114,0.15296061991760362,0.0085733838392747681,1.3957170865364181,0.0012860075758912152,2,1.8225009276292634,3.489292716341045,z4c_spatial_or_other
115,0.15424662749349483,0.0085704493538131428,1.3957170865364181,0.0012855674030719715,2,1.8231249442070576,3.489292716341045,z4c_spatial_or_other
116,0.15553219489656681,0.0085675615114192381,1.3957170865364181,0.0012851342267128857,2,1.8237394594919785,3.489292716341045,z4c_spatial_or_other
117,0.1568173291232797,0.0085647201279484466,1.3957170865364181,0.001284708019192267,2,1.8243444930573276,3.489292716341045,z4c_spatial_or_other
118,0.15810203714247195,0.0085619250201999595,1.3957170865364181,0.0012842887530299938,2,1.8249400646625946,3.489292716341045,z4c_spatial_or_other
119,0.15938632589550195,0.0085591760059076771,1.3957170865364181,0.0012838764008861515,2,1.8255261942522716,3.489292716341045,z4c_spatial_or_other
120,0.16067020229638809,0.0085564729037305564,1.3957170865364181,0.0012834709355595835,2,1.8261029019548021,3.489292716341045,z4c_spatial_or_other
121,0.16195367323194768,0.0085538155332423385,1.3957170865364181,0.0012830723299863506,2,1.8266702080816697,3.489292716341045,z4c_spatial_or_other
122,0.16323674556193402,0.0085512037149206785,1.3957170865364181,0.0012826805572381018,2,1.8272281331266285,3.489292716341045,z4c_spatial_or_other
123,0.16451942611917211,0.0085486372701356565,1.3957170865364181,0.0012822955905203485,2,1.8277766977650756,3.489292716341045,z4c_spatial_or_other
124,0.16580172170969246,0.0085461160211377802,1.3957170865364181,0.001281917403170667,2,1.8283159228535464,3.489292716341045,z4c_spatial_or_other
125,0.16708363911286311,0.0085436397910455403,1.3957170865364181,0.001281545968656831,2,1.8288458294293173,3.489292716341045,z4c_spatial_or_other
126,0.16836518508151996,0.0085411521450627376,1.3957170865364181,0.0012811728217594106,2,1.8293784883614468,3.489292716341045,z4c_spatial_or_other
127,0.16964635790327937,0.0085385897209657134,1.3957170865364181,0.0012807884581448571,2,1.8299274834150028,3.489292716341045,z4c_spatial_or_other
128,0.17092714636142423,0.0085360727852176882,1.3957170865364181,0.0012804109177826531,2,1.8304670535446388,3.489292716341045,z4c_spatial_or_other
129,0.17220755727920689,0.0085336011579250567,1.3957170865364181,0.0012800401736887586,2,1.8309972203808988,3.489292716341045,z4c_spatial_or_other
130,0.17348759745289566,0.0085311746600901482,1.3957170865364181,0.0012796761990135222,2,1.8315180057320375,3.489292716341045,z4c_spatial_or_other
131,0.17476727365190919,0.008528793113602778,1.3957170865364181,0.0012793189670404167,2,1.8320294315826833,3.489292716341045,z4c_spatial_or_other
132,0.17604659261894962,0.0085264563412316557,1.3957170865364181,0.0012789684511847483,2,1.8325315200925492,3.489292716341045,z4c_spatial_or_other
133,0.17732556107013436,0.0085241641666155363,1.3957170865364181,0.0012786246249923304,2,1.8330242935952046,3.489292716341045,z4c_spatial_or_other
134,0.1786041856951267,0.0085219164142540261,1.3957170865364181,0.001278287462138104,2,1.8335077745969359,3.489292716341045,z4c_spatial_or_other
135,0.1798824731572648,0.0085197129094979999,1.3957170865364181,0.0012779569364246999,2,1.8339819857756989,3.489292716341045,z4c_spatial_or_other
136,0.18116043009368951,0.008517553478539561,1.3957170865364181,0.0012776330217809341,2,1.8344469499801836,3.489292716341045,z4c_spatial_or_other
137,0.18243806311547045,0.0085154379484015334,1.3957170865364181,0.00127731569226023,2,1.8349026902289896,3.489292716341045,z4c_spatial_or_other
138,0.18371537880773067,0.0085133661469264845,1.3957170865364181,0.0012770049220389727,2,1.8353492297099161,3.489292716341045,z4c_spatial_or_other
139,0.18499238372976964,0.0085113331873288758,1.3957170865364181,0.0012766999780993314,2,1.8357876088391762,3.489292716341045,z4c_spatial_or_other
140,0.18626908370786899,0.0085091838746658363,1.3957170865364181,0.0012763775811998753,2,1.8362513056651519,3.489292716341045,z4c_spatial_or_other
141,0.18754546128906888,0.008507078653698541,1.3957170865364181,0.0012760617980547811,2,1.8367057172096166,3.489292716341045,z4c_spatial_or_other
142,0.18882152308712366,0.0085050173502371762,1.3957170865364181,0.0012757526025355763,2,1.8371508671365933,3.489292716341045,z4c_spatial_or_other
143,0.19009727568965923,0.0085029997909497404,1.3957170865364181,0.0012754499686424611,2,1.8375867792717855,3.489292716341045,z4c_spatial_or_other
144,0.19137272565830168,0.0085010258033503001,1.3957170865364181,0.0012751538705025451,2,1.8380134776019741,3.489292716341045,z4c_spatial_or_other
145,0.19264787952880422,0.0084990952157866922,1.3957170865364181,0.0012748642823680039,2,1.8384309862745454,3.489292716341045,z4c_spatial_or_other
146,0.19392274381117222,0.0084972078574278489,1.3957170865364181,0.0012745811786141774,2,1.8388393295971193,3.489292716341045,z4c_spatial_or_other
147,0.1951973249897864,0.0084953635582507726,1.3957170865364181,0.0012743045337376159,2,1.8392385320372617,3.489292716341045,z4c_spatial_or_other
148,0.19647162952352401,0.0084935621490273092,1.3957170865364181,0.0012740343223540964,2,1.8396286182222603,3.489292716341045,z4c_spatial_or_other
149,0.19774566384587811,0.0084918034613108168,1.3957170865364181,0.0012737705191966226,2,1.8400096129389321,3.489292716341045,z4c_spatial_or_other
150,0.19901943436507472,0.0084900873274228392,1.3957170865364181,0.0012735130991134258,2,1.8403815411334479,3.489292716341045,z4c_spatial_or_other
151,0.20029294746418813,0.0084884135804398683,1.3957170865364181,0.0012732620370659801,2,1.8407444279111476,3.489292716341045,z4c_spatial_or_other
152,0.20156620950125412,0.0084867820541803182,1.3957170865364181,0.0012730173081270477,2,1.8410982985363249,3.489292716341045,z4c_spatial_or_other
153,0.20283922680938116,0.0084851925831917526,1.3957170865364181,0.0012727788874787628,2,1.84144317843197,3.489292716341045,z4c_spatial_or_other
154,0.20411200569685992,0.0084835105688571538,1.3957170865364181,0.0012725265853285731,2,1.8418082789168853,3.489292716341045,z4c_spatial_or_other
155,0.20538453228218848,0.0084818509515921289,1.3957170865364181,0.0012722776427388192,2,1.8421686597861084,3.489292716341045,z4c_spatial_or_other
156,0.2066568099249273,0.0084802336606390749,1.3957170865364181,0.0012720350490958612,2,1.8425199853305094,3.489292716341045,z4c_spatial_or_other
157,0.20792884497402317,0.0084786585294648279,1.3957170865364181,0.0012717987794197241,2,1.8428622813031541,3.489292716341045,z4c_spatial_or_other
158,0.20920064375344288,0.0084771253922995855,1.3957170865364181,0.0012715688088449377,2,1.8431955736072243,3.489292716341045,z4c_spatial_or_other
159,0.21047221256228782,0.0084756340841234071,1.3957170865364181,0.001271345112618511,2,1.8435198882958876,3.489292716341045,z4c_spatial_or_other
160,0.21174355767490632,0.0084741844406529473,1.3957170865364181,0.0012711276660979421,2,1.8438352515721352,3.489292716341045,z4c_spatial_or_other
161,0.21301468534100426,0.008472776298328516,1.3957170865364181,0.0012709164447492773,2,1.844141689788559,3.489292716341045,z4c_spatial_or_other
162,0.21428560178575354,0.0084714094943014861,1.3957170865364181,0.001270711424145223,2,1.8444392294470668,3.489292716341045,z4c_spatial_or_other
163,0.21555631320989876,0.0084700838664221994,1.3957170865364181,0.0012705125799633299,2,1.8447278971985044,3.489292716341045,z4c_spatial_or_other
164,0.21682682578986209,0.0084687992532283731,1.3957170865364181,0.001270319887984256,2,1.8450077198421755,3.489292716341045,z4c_spatial_or_other
165,0.21809714567784635,0.0084675554939340394,1.3957170865364181,0.0012701333240901058,2,1.8452787243252657,3.489292716341045,z4c_spatial_or_other
166,0.21936727900193645,0.0084663524284190345,1.3957170865364181,0.001269952864262855,2,1.8455409377421508,3.489292716341045,z4c_spatial_or_other
167,0.2206372318661993,0.0084651898972190436,1.3957170865364181,0.0012697784845828565,2,1.8457943873335996,3.489292716341045,z4c_spatial_or_other
168,0.22190701035078214,0.0084640677415161337,1.3957170865364181,0.0012696101612274201,2,1.8460391004858803,3.489292716341045,z4c_spatial_or_other
169,0.22317662051200957,0.0084628480706582399,1.3957170865364181,0.001269427210598736,2,1.8463051527740222,3.489292716341045,z4c_spatial_or_other
170,0.22444604772260829,0.0084616608963372537,1.3957170865364181,0.0012692491344505881,2,1.8465641901064005,3.489292716341045,z4c_spatial_or_other
171,0.22571529685705888,0.0084605142951955283,1.3957170865364181,0.0012690771442793291,2,1.8468144435230101,3.489292716341045,z4c_spatial_or_other
172,0.2269843740013382,0.008459408108232919,1.3957170865364181,0.0012689112162349379,2,1.847055940567915,3.489292716341045,z4c_spatial_or_other
173,0.22825328521757313,0.0084583421771396716,1.3957170865364181,0.0012687513265709507,2,1.8472887089185899,3.489292716341045,z4c_spatial_or_other
174,0.22952203654414408,0.0084573163442862448,1.3957170865364181,0.0012685974516429366,2,1.8475127763851751,3.489292716341045,z4c_spatial_or_other
175,0.230790633995787,0.0084563304527130977,1.3957170865364181,0.0012684495679069646,2,1.8477281709097513,3.489292716341045,z4c_spatial_or_other
176,0.23205908356369398,0.008455384346120429,1.3957170865364181,0.0012683076519180642,2,1.8479349205656386,3.489292716341045,z4c_spatial_or_other
177,0.23332739121561205,0.008454477868857873,1.3957170865364181,0.001268171680328681,2,1.8481330535567186,3.489292716341045,z4c_spatial_or_other
178,0.23459556289594075,0.0084536108659141011,1.3957170865364181,0.001268041629887115,2,1.8483225982167855,3.489292716341045,z4c_spatial_or_other
179,0.23586360452582786,0.0084527831829064055,1.3957170865364181,0.0012679174774359607,2,1.848503583008916,3.489292716341045,z4c_spatial_or_other
180,0.23713152200326382,0.0084519946660702068,1.3957170865364181,0.0012677991999105311,2,1.8486760365248687,3.489292716341045,z4c_spatial_or_other
181,0.23839932120317434,0.0084512451622485319,1.3957170865364181,0.0012676867743372797,2,1.8488399874844978,3.489292716341045,z4c_spatial_or_other
182,0.23966700797751161,0.0084505345188814786,1.3957170865364181,0.0012675801778322217,2,1.8489954647351872,3.489292716341045,z4c_spatial_or_other
183,0.24093458815534383,0.0084498625839956702,1.3957170865364181,0.0012674793875993506,2,1.8491424972512909,3.489292716341045,z4c_spatial_or_other
184,0.24220206754294318,0.0084491729692163162,1.3957170865364181,0.0012673759453824473,2,1.8492934227915636,3.489292716341045,z4c_spatial_or_other
185,0.24346944348832564,0.0084484392952166032,1.3957170865364181,0.0012672658942824903,2,1.8494540179565087,3.489292716341045,z4c_spatial_or_other
186,0.24473670938260814,0.0084477444756057302,1.3957170865364181,0.0012671616713408596,2,1.8496061339354892,3.489292716341045,z4c_spatial_or_other
187,0.246003871053949,0.0084470883590414114,1.3957170865364181,0.0012670632538562116,2,1.8497497996780927,3.489292716341045,z4c_spatial_or_other
188,0.2472709343078052,0.0084464707947824978,1.3957170865364181,0.0012669706192173747,2,1.8498850442544335,3.489292716341045,z4c_spatial_or_other
189,0.24853790492702257,0.0084458916326789323,1.3957170865364181,0.0012668837449018398,2,1.8500118968545118,3.489292716341045,z4c_spatial_or_other
190,0.2498047886719244,0.0084453507231619495,1.3957170865364181,0.0012668026084742925,2,1.8501303867875343,3.489292716341045,z4c_spatial_or_other
191,0.25107159128039869,0.0084448479172345992,1.3957170865364181,0.0012667271875851898,2,1.8502405434811735,3.489292716341045,z4c_spatial_or_other
192,0.25233831846798388,0.0084443830664623978,1.3957170865364181,0.0012666574599693597,2,1.8503423964808094,3.489292716341045,z4c_spatial_or_other
193,0.25360497592795322,0.0084439560229642493,1.3957170865364181,0.0012665934034446374,2,1.8504359754487265,3.489292716341045,z4c_spatial_or_other
194,0.25487156933139787,0.0084435666394034551,1.3957170865364181,0.0012665349959105183,2,1.8505213101632985,3.489292716341045,z4c_spatial_or_other
195,0.25613810432730838,0.0084432147689788555,1.3957170865364181,0.0012664822153468282,2,1.8505984305181578,3.489292716341045,z4c_spatial_or_other
196,0.25740458654265519,0.0084429002654160517,1.3957170865364181,0.0012664350398124077,2,1.850667366521358,3.489292716341045,z4c_spatial_or_other
197,0.25867102158246758,0.0084426229829586523,1.3957170865364181,0.0012663934474437977,2,1.850728148294541,3.489292716341045,z4c_spatial_or_other
198,0.25993741502991136,0.0084423827763595444,1.3957170865364181,0.0012663574164539315,2,1.850780806072108,3.489292716341045,z4c_spatial_or_other
199,0.26120377244636528,0.0084421795008721746,1.3957170865364181,0.0012663269251308262,2,1.8508253702004034,3.489292716341045,z4c_spatial_or_other
200,0.26247009937149612,0.0084419555421328431,1.3957170865364181,0.0012662933313199265,2,1.8508744712072216,3.489292716341045,z4c_spatial_or_other
201,0.26373639270281607,0.00844169261367839,1.3957170865364181,0.0012662538920517584,2,1.8509321193100809,3.489292716341045,z4c_spatial_or_other
202,0.26500264659486783,0.0084414667269369845,1.3957170865364181,0.0012662200090405476,2,1.8509816487388542,3.489292716341045,z4c_spatial_or_other
203,0.26626886660390836,0.008441277738467784,1.3957170865364181,0.0012661916607701676,2,1.8510230896437923,3.489292716341045,z4c_spatial_or_other
204,0.26753505826467855,0.0084411255053432437,1.3957170865364181,0.0012661688258014865,2,1.8510564722807823,3.489292716341045,z4c_spatial_or_other
205,0.26880122709048004,0.0084410098851403475,1.3957170865364181,0.0012661514827710522,2,1.8510818270105847,3.489292716341045,z4c_spatial_or_other
206,0.27006737857325108,0.0084409307359319882,1.3957170865364181,0.0012661396103897983,2,1.8510991842980449,3.489292716341045,z4c_spatial_or_other
207,0.27133351818364088,0.0084408879162785402,1.3957170865364181,0.0012661331874417811,2,1.8511085747112759,3.489292716341045,z4c_spatial_or_other
208,0.27259965137108266,0.008440881285219538,1.3957170865364181,0.0012661321927829306,2,1.8511100289208264,3.489292716341045,z4c_spatial_or_other
209,0.27386578356386559,0.0084409107022654258,1.3957170865364181,0.0012661366053398138,2,1.8511035776988451,3.489292716341045,z4c_spatial_or_other
210,0.2751319201692054,0.0084409760273894095,1.3957170865364181,0.0012661464041084113,2,1.8510892519182329,3.489292716341045,z4c_spatial_or_other
211,0.27639806657331384,0.0084410771210192918,1.3957170865364181,0.0012661615681528937,2,1.8510670825518087,3.489292716341045,z4c_spatial_or_other
212,0.27766422814146674,0.0084412138440293164,1.3957170865364181,0.0012661820766043973,2,1.8510371006714819,3.489292716341045,z4c_spatial_or_other
213,0.27893041021807113,0.0084413860577319793,1.3957170865364181,0.0012662079086597968,2,1.8509993374474456,3.489292716341045,z4c_spatial_or_other
214,0.28019661812673091,0.0084415936238697708,1.3957170865364181,0.0012662390435804656,2,1.8509538241473926,3.489292716341045,z4c_spatial_or_other
215,0.28146285717031139,0.0084418364046068353,1.3957170865364181,0.0012662754606910253,2,1.8509005921357593,3.489292716341045,z4c_spatial_or_other
216,0.28272913263100241,0.0084420863563527109,1.3957170865364181,0.0012663129534529066,2,1.8508457910101941,3.489292716341045,z4c_spatial_or_other
217,0.28399544558445533,0.0084422703655330916,1.3957170865364181,0.0012663405548299638,2,1.8508054496562372,3.489292716341045,z4c_spatial_or_other
218,0.28526178613928527,0.0084424896812750633,1.3957170865364181,0.0012663734521912594,2,1.8507573701458369,3.489292716341045,z4c_spatial_or_other
219,0.28652815959147654,0.0084427441676972106,1.3957170865364181,0.0012664116251545816,2,1.8507015834712632,3.489292716341045,z4c_spatial_or_other
220,0.2877945712166311,0.008443033689350711,1.3957170865364181,0.0012664550534026067,2,1.8506381207157778,3.489292716341045,z4c_spatial_or_other
221,0.28906102627003372,0.0084433581112098016,1.3957170865364181,0.0012665037166814702,2,1.8505670130531964,3.489292716341045,z4c_spatial_or_other
222,0.29032752998671518,0.0084437172986621817,1.3957170865364181,0.0012665575947993272,2,1.850488291747477,3.489292716341045,z4c_spatial_or_other
223,0.29159408758151451,0.0084441111174993842,1.3957170865364181,0.0012666166676249075,2,1.8504019881523237,3.489292716341045,z4c_spatial_or_other
224,0.2928607042491394,0.0084445394339071889,1.3957170865364181,0.0012666809150860784,2,1.8503081337107921,3.489292716341045,z4c_spatial_or_other
225,0.29412738516422549,0.0084450021144559882,1.3957170865364181,0.0012667503171683982,2,1.8502067599549128,3.489292716341045,z4c_spatial_or_other
226,0.29539413548139387,0.0084454990260912355,1.3957170865364181,0.0012668248539136854,2,1.8500978985053056,3.489292716341045,z4c_spatial_or_other
227,0.29666096033530753,0.0084460300361239513,1.3957170865364181,0.0012669045054185927,2,1.8499815810707938,3.489292716341045,z4c_spatial_or_other
228,0.29792786484072614,0.0084465950122212686,1.3957170865364181,6.4084816137566225e-05,2,1.8498578394480132,3.489292716341045,z4c_spatial_or_other
229,0.29799194965686371,0.016893248979902402,1.3957170865364181,0.00012816963227513245,2,1.8498513836608677,3.489292716341045,z4c_spatial_or_other
230,0.29812011928913884,0.016893367407697556,1.3957170865364181,0.0002563392645502649,2,1.8498384156234455,3.489292716341045,z4c_spatial_or_other
231,0.29837645855368911,0.016893606336862124,1.3957170865364181,0.0005126785291005298,2,1.8498122530422645,3.489292716341045,z4c_spatial_or_other
232,0.29888913708278964,0.016894092481314245,1.3957170865364181,0.0010253570582010596,2,1.849759022839738,3.489292716341045,z4c_spatial_or_other
233,0.2999144941409907,0.016895097849292932,1.3957170865364181,0.0020507141164021192,2,1.8496489501721249,3.489292716341045,z4c_spatial_or_other
234,0.30196520825739281,0.016897240377809951,1.3957170865364181,0.0025345860566714927,2,1.8494144192349062,3.489292716341045,z4c_spatial_or_other
235,0.30449979431406432,0.016900129740450413,1.3957170865364181,0.0025350194610675616,2,1.8490982306013435,3.489292716341045,z4c_spatial_or_other
236,0.30703481377513187,0.016903284304312479,1.3957170865364181,0.0025354926456468718,2,1.8487531439098666,3.489292716341045,z4c_spatial_or_other
237,0.30957030642077876,0.016906701988122264,1.3957170865364181,0.0025360052982183394,2,1.8483794191176117,3.489292716341045,z4c_spatial_or_other
238,0.31210631171899711,0.016910380719441415,1.3957170865364181,0.002536557107916212,2,1.8479773175108178,3.489292716341045,z4c_spatial_or_other
239,0.31464286882691334,0.016913819742259556,1.3957170865364181,0.0025370729613389334,2,1.8476015752917823,3.489292716341045,z4c_spatial_or_other
240,0.31717994178825226,0.016917028263547653,1.3957170865364181,0.002537554239532148,2,1.8472511550587547,3.489292716341045,z4c_spatial_or_other
241,0.31971749602778443,0.016920499282199415,1.3957170865364181,0.0025380748923299122,2,1.8468722156961057,3.489292716341045,z4c_spatial_or_other
242,0.32225557092011436,0.016924230808561584,1.3957170865364181,0.0025386346212842377,2,1.8464650094579977,3.489292716341045,z4c_spatial_or_other
243,0.3247942055413986,0.016928220862136557,1.3957170865364181,0.0025392331293204837,2,1.8460297898107558,3.489292716341045,z4c_spatial_or_other
244,0.32733343867071907,0.01693246747099799,1.3957170865364181,0.0025398701206496986,2,1.8455668114245694,3.489292716341045,z4c_spatial_or_other
245,0.32987330879136878,0.016936968671215875,1.3957170865364181,0.0025405453006823813,2,1.8450763301646125,3.489292716341045,z4c_spatial_or_other
246,0.33241385409205115,0.016941722506292476,1.3957170865364181,0.0025412583759438713,2,1.8445586030814258,3.489292716341045,z4c_spatial_or_other
247,0.33495511246799503,0.016946727026610094,1.3957170865364181,0.002542009053991514,2,1.8440138884004338,3.489292716341045,z4c_spatial_or_other
248,0.33749712152198652,0.016951980288891333,1.3957170865364181,0.0025427970433336998,2,1.8434424455105218,3.489292716341045,z4c_spatial_or_other
249,0.34003991856532023,0.01695748035567227,1.3957170865364181,0.0025436220533508404,2,1.8428445349516143,3.489292716341045,z4c_spatial_or_other
250,0.34258354061867108,0.016963225294788418,1.3957170865364181,0.0025444837942182625,2,1.8422204184012625,3.489292716341045,z4c_spatial_or_other
251,0.34512802441288937,0.016969213178873132,1.3957170865364181,0.0025453819768309696,2,1.8415703586602716,3.489292716341045,z4c_spatial_or_other
252,0.34767340638972033,0.016975442084867991,1.3957170865364181,0.0025463163127301988,2,1.8408946196374134,3.489292716341045,z4c_spatial_or_other
253,0.35021972270245055,0.016981910093544283,1.3957170865364181,0.0025472865140316425,2,1.8401934663333173,3.489292716341045,z4c_spatial_or_other
254,0.35276700921648219,0.016988615289034906,1.3957170865364181,0.0025482922933552357,2,1.8394671648236058,3.489292716341045,z4c_spatial_or_other
255,0.35531530150983742,0.016995007802439462,1.3957170865364181,0.0025492511703659191,2,1.8387752664352635,3.489292716341045,z4c_spatial_or_other
256,0.35786455268020334,0.017001229367923615,1.3957170865364181,0.0025501844051885421,2,1.8381023703473869,3.489292716341045,z4c_spatial_or_other
257,0.3604147370853919,0.017007690042250809,1.3957170865364181,0.0025511535063376212,2,1.8374041343867502,3.489292716341045,z4c_spatial_or_other
258,0.36296589059172951,0.017014388009030344,1.3957170865364181,0.0025521582013545516,2,1.8366808129339793,3.489292716341045,z4c_spatial_or_other
259,0.36551804879308408,0.017021321454955284,1.3957170865364181,0.0025531982182432924,2,1.8359326614387177,3.489292716341045,z4c_spatial_or_other
260,0.36807124701132737,0.017028488569294689,1.3957170865364181,0.0025542732853942032,2,1.8351599364108662,3.489292716341045,z4c_spatial_or_other
261,0.37062552029672158,0.017035887543395769,1.3957170865364181,0.0025553831315093651,2,1.8343628954110205,3.489292716341045,z4c_spatial_or_other
262,0.37318090342823096,0.017043516570196125,1.3957170865364181,0.0025565274855294186,2,1.8335417970400927,3.489292716341045,z4c_spatial_or_other
263,0.37573743091376038,0.017051373843745884,1.3957170865364181,0.0025577060765618826,2,1.8326969009281266,3.489292716341045,z4c_spatial_or_other
264,0.37829513699032224,0.017059457558739874,1.3957170865364181,0.002558918633810981,2,1.8318284677222958,3.489292716341045,z4c_spatial_or_other
265,0.38085405562413321,0.017067765910059714,1.3957170865364181,0.0025601648865089571,2,1.8309367590740919,3.489292716341045,z4c_spatial_or_other
266,0.38341422051064217,0.017076297092325964,1.3957170865364181,0.0025614445638488946,2,1.8300220376256897,3.489292716341045,z4c_spatial_or_other
267,0.38597566507449105,0.017085049299460388,1.3957170865364181,0.0025627573949190581,2,1.8290845669954838,3.489292716341045,z4c_spatial_or_other
268,0.38853842246941012,0.017094020724258679,1.3957170865364181,0.0025641031086388018,2,1.8281246117627616,3.489292716341045,z4c_spatial_or_other
269,0.39110252557804892,0.017103209557973956,1.3957170865364181,0.0025654814336960935,2,1.8271424374514811,3.489292716341045,z4c_spatial_or_other
270,0.39366800701174504,0.017112281517961236,1.3957170865364181,0.0025668422276941853,2,1.8261737902803703,3.489292716341045,z4c_spatial_or_other
271,0.39623484923943925,0.01712096607990209,1.3957170865364181,0.0025681449119853133,2,1.8252474687560802,3.489292716341045,z4c_spatial_or_other
272,0.39880299415142456,0.017129870711640342,1.3957170865364181,0.0025694806067460513,2,1.8242986491873836,3.489292716341045,z4c_spatial_or_other
273,0.40137247475817062,0.017138993710436638,1.3957170865364181,0.0025708490565654958,2,1.8233275843359804,3.489292716341045,z4c_spatial_or_other
274,0.40394332381473613,0.017148333371260496,1.3957170865364181,0.0025722500056890745,2,1.8223345279940142,3.489292716341045,z4c_spatial_or_other
275,0.40651557382042519,0.017157887986348524,1.3957170865364181,0.0025736831979522785,2,1.8213197349734247,3.489292716341045,z4c_spatial_or_other
276,0.40908925701837745,0.017167655844775913,1.3957170865364181,0.002575148376716387,2,1.8202834610940386,3.489292716341045,z4c_spatial_or_other
277,0.41166440539509386,0.017177635232041324,1.3957170865364181,0.0025766452848061984,2,1.81922596317039,3.489292716341045,z4c_spatial_or_other
278,0.41424105067990008,0.017187824429665263,1.3957170865364181,0.0025781736644497895,2,1.8181474989972655,3.489292716341045,z4c_spatial_or_other
279,0.41681922434434987,0.017198221714802051,1.3957170865364181,0.0025797332572203074,2,1.8170483273339799,3.489292716341045,z4c_spatial_or_other
280,0.4193989576015702,0.017208825359865353,1.3957170865364181,0.0025813238039798028,2,1.8159287078873878,3.489292716341045,z4c_spatial_or_other
281,0.42198028140555,0.01721963363216741,1.3957170865364181,0.0025829450448251116,2,1.8147889012936338,3.489292716341045,z4c_spatial_or_other
282,0.42456322645037509,0.017230644793572007,1.3957170865364181,0.0025845967190358007,2,1.8136291690986512,3.489292716341045,z4c_spatial_or_other
283,0.42714782316941091,0.017241857100161163,1.3957170865364181,0.0025862785650241746,2,1.8124497737374183,3.489292716341045,z4c_spatial_or_other
284,0.4297341017344351,0.0172532409085367,1.3957170865364181,0.0025879861362805051,2,1.8112539067681983,3.489292716341045,z4c_spatial_or_other
285,0.43232208787071563,0.017263925764661622,1.3957170865364181,0.0025895888646992431,2,1.810132899433984,3.489292716341045,z4c_spatial_or_other
286,0.43491167673541486,0.017274815239977353,1.3957170865364181,0.0025912222859966029,2,1.8089918511939447,3.489292716341045,z4c_spatial_or_other
287,0.43750289902141148,0.017285907697609945,1.3957170865364181,0.0025928861546414919,2,1.8078310116350336,3.489292716341045,z4c_spatial_or_other
288,0.44009578517605297,0.017297201493862518,1.3957170865364181,0.0025945802240793779,2,1.8066506313803585,3.489292716341045,z4c_spatial_or_other
289,0.44269036540013235,0.017308694977853725,1.3957170865364181,0.0025963042466780584,2,1.8054509620733401,3.489292716341045,z4c_spatial_or_other
290,0.44528666964681041,0.017320386491169223,1.3957170865364181,0.0025980579736753833,2,1.8042322563606057,3.489292716341045,z4c_spatial_or_other
291,0.44788472762048581,0.017332274367526126,1.3957170865364181,0.0025998411551289187,2,1.8029947678736395,3.489292716341045,z4c_spatial_or_other
292,0.45048456877561471,0.017344356932450705,1.3957170865364181,0.0026016535398676057,2,1.8017387512091791,3.489292716341045,z4c_spatial_or_other
293,0.45308622231548235,0.017356632502969389,1.3957170865364181,0.002603494875445408,2,1.8004644619083641,3.489292716341045,z4c_spatial_or_other
294,0.45568971719092777,0.01736909938731352,1.3957170865364181,0.0026053649080970279,2,1.7991721564346141,3.489292716341045,z4c_spatial_or_other
295,0.45829508209902481,0.017381755884638174,1.3957170865364181,0.0026072633826957261,2,1.7978620921502209,3.489292716341045,z4c_spatial_or_other
296,0.46090234548172054,0.017394600284755573,1.3957170865364181,0.0026091900427133359,2,1.796534527291618,3.489292716341045,z4c_spatial_or_other
297,0.46351153552443386,0.017407630867883606,1.3957170865364181,0.0026111446301825408,2,1.795189720943303,3.489292716341045,z4c_spatial_or_other
298,0.46612268015461639,0.017420249814289017,1.3957170865364181,0.0026130374721433525,2,1.793889314627801,3.489292716341045,z4c_spatial_or_other
299,0.46873571762675975,0.017432734429521368,1.3957170865364181,0.0026149101644282052,2,1.7926046040763324,3.489292716341045,z4c_spatial_or_other
300,0.47135062779118797,0.017445409602874166,1.3957170865364181,0.0026168114404311249,2,1.791302165519318,3.489292716341045,z4c_spatial_or_other
301,0.4739674392316191,0.017458273718707926,1.3957170865364181,0.002618741057806189,2,1.78998224586851,3.489292716341045,z4c_spatial_or_other
302,0.47658618028942529,0.01747132515042123,1.3957170865364181,0.0026206987725631843,2,1.788645093085373,3.489292716341045,z4c_spatial_or_other
303,0.47920687906198844,0.017484562260170675,1.3957170865364181,0.0026226843390256011,2,1.787290956158885,3.489292716341045,z4c_spatial_or_other
304,0.48182956340101407,0.01749798339860725,1.3957170865364181,0.0026246975097910874,2,1.7859200850817667,3.489292716341045,z4c_spatial_or_other
305,0.48445426091080518,0.01751158690462961,1.3957170865364181,0.0026267380356944413,2,1.7845327308251149,3.489292716341045,z4c_spatial_or_other
306,0.48708099894649964,0.017525371105154848,1.3957170865364181,0.002628805665773227,2,1.7831291453114075,3.489292716341045,z4c_spatial_or_other
307,0.48970980461227287,0.017539334314907215,1.3957170865364181,0.0026309001472360821,2,1.781709581385861,3.489292716341045,z4c_spatial_or_other
308,0.49234070475950897,0.017553474836225418,1.3957170865364181,0.0026330212254338128,2,1.7802742927861108,3.489292716341045,z4c_spatial_or_other
309,0.49497372598494277,0.017567790958888801,1.3957170865364181,0.0026351686438333202,2,1.7788235341102117,3.489292716341045,z4c_spatial_or_other
310,0.49760889462877611,0.017582115840501809,1.3957170865364181,0.0026373173760752713,2,1.7773742525352454,3.489292716341045,z4c_spatial_or_other
311,0.50024621200485142,0.017595860457320443,1.3957170865364181,0.0026393790685980663,2,1.7759858959894737,3.489292716341045,z4c_spatial_or_other
312,0.50288559107344943,0.017609785759689668,1.3957170865364181,0.0026414678639534502,2,1.7745814984038004,3.489292716341045,z4c_spatial_or_other
313,0.50552705893740291,0.017623890138466474,1.3957170865364181,0.0026435835207699711,2,1.7731613028949118,3.489292716341045,z4c_spatial_or_other
314,0.50817064245817289,0.017638171970386442,1.3957170865364181,0.0026457257955579661,2,1.7717255536722907,3.489292716341045,z4c_spatial_or_other
315,0.51081636825373089,0.017652629617862934,1.3957170865364181,0.00264789444267944,2,1.7702744960092349,3.489292716341045,z4c_spatial_or_other
316,0.51346426269641032,0.017667261428805377,1.3957170865364181,0.0026500892143208063,2,1.7688083762121054,3.489292716341045,z4c_spatial_or_other
317,0.51611435191073118,0.017682065736456976,1.3957170865364181,0.0026523098604685461,2,1.7673274415878109,3.489292716341045,z4c_spatial_or_other
318,0.51876666177119968,0.017697040859252007,1.3957170865364181,0.0026545561288878008,2,1.7658319404095464,3.489292716341045,z4c_spatial_or_other
319,0.52142121790008744,0.0177121851006929,1.3957170865364181,0.0026568277651039351,2,1.7643221218808005,3.489292716341045,z4c_spatial_or_other
320,0.52407804566519134,0.017727496749247298,1.3957170865364181,0.0026591245123870947,2,1.7627982360976522,3.489292716341045,z4c_spatial_or_other
321,0.52673717017757848,0.017742974078265212,1.3957170865364181,0.0026614461117397815,2,1.7612605340093814,3.489292716341045,z4c_spatial_or_other
322,0.52939861628931828,0.017758097063256824,1.3957170865364181,0.0026637145594885234,2,1.7597606257406486,3.489292716341045,z4c_spatial_or_other
323,0.53206233084880683,0.01777298185531425,1.3957170865364181,0.0026659472782971376,2,1.758286834162047,3.489292716341045,z4c_spatial_or_other
324,0.534728278127104,0.017788038134799795,1.3957170865364181,0.002668205720219969,2,1.7567985723430493,3.489292716341045,z4c_spatial_or_other
325,0.53739648384732397,0.017803264271803121,1.3957170865364181,0.0026704896407704682,2,1.7552960807021145,3.489292716341045,z4c_spatial_or_other
326,0.5400669734880944,0.017818658619514028,1.3957170865364181,0.0026727987929271043,2,1.7537796007706603,3.489292716341045,z4c_spatial_or_other
327,0.54273977228102155,0.017834219514107848,1.3957170865364181,0.002675132927116177,2,1.7522493751565371,3.489292716341045,z4c_spatial_or_other
328,0.54541490520813773,0.017849945274651564,1.3957170865364181,0.0026774917911977347,2,1.7507056475056901,3.489292716341045,z4c_spatial_or_other
329,0.54809239699933543,0.017865834203031002,1.3957170865364181,0.0026798751304546501,2,1.7491486624620265,3.489292716341045,z4c_spatial_or_other
330,0.55077227212979007,0.017881884583899305,1.3957170865364181,0.0026822826875848955,2,1.747578665625503,3.489292716341045,z4c_spatial_or_other
331,0.55345455481737493,0.017898094684646992,1.3957170865364181,0.0026847142026970488,2,1.7459959035084494,3.489292716341045,z4c_spatial_or_other
332,0.55613926902007194,0.017914462755393903,1.3957170865364181,0.0026871694133090854,2,1.7444006234901392,3.489292716341045,z4c_spatial_or_other
333,0.55882643843338098,0.017930328806334439,1.3957170865364181,0.0026895493209501656,2,1.7428570517323687,3.489292716341045,z4c_spatial_or_other
334,0.56151598775433109,0.017946080279038139,1.3957170865364181,0.002691912041855721,2,1.7413273268648788,3.489292716341045,z4c_spatial_or_other
335,0.5642078997961868,0.017961996141347879,1.3957170865364181,0.0026942994212021819,2,1.7397843621658291,3.489292716341045,z4c_spatial_or_other
336,0.56690219921738894,0.017978074736492503,1.3957170865364181,0.0026967112104738754,2,1.7382283953113007,3.489292716341045,z4c_spatial_or_other
337,0.56959891042786281,0.017994314388470833,1.3957170865364181,0.0026991471582706247,2,1.7366596651230146,3.489292716341045,z4c_spatial_or_other
338,0.57229805758613339,0.018010713402012261,1.3957170865364181,0.0027016070103018392,2,1.7350784115252518,3.489292716341045,z4c_spatial_or_other
339,0.57499966459643526,0.018027270062560698,1.3957170865364181,0.0027040905093841045,2,1.7334848754998387,3.489292716341045,z4c_spatial_or_other
340,0.57770375510581939,0.018043982636282159,1.3957170865364181,0.0027065973954423237,2,1.7318792990392087,3.489292716341045,z4c_spatial_or_other
341,0.58041035250126172,0.018060849370096384,1.3957170865364181,0.0027091274055144575,2,1.7302619250975586,3.489292716341045,z4c_spatial_or_other
342,0.58311947990677615,0.018077868491732815,1.3957170865364181,0.002711680273759922,2,1.72863299754011,3.489292716341045,z4c_spatial_or_other
343,0.58583116018053605,0.018094546403031715,1.3957170865364181,0.0027141819604547574,2,1.727039700468209,3.489292716341045,z4c_spatial_or_other
344,0.58854534214099086,0.018110920333254225,1.3957170865364181,0.0027166380499881338,2,1.7254782984507173,3.489292716341045,z4c_spatial_or_other
345,0.59126198019097898,0.018127453571844372,1.3957170865364181,0.0027191180357766559,2,1.7239045669678403,3.489292716341045,z4c_spatial_or_other
346,0.5939810982267556,0.018144144437551087,1.3957170865364181,0.0027216216656326627,2,1.722318740768237,3.489292716341045,z4c_spatial_or_other
347,0.59670271989238821,0.018160991227845598,1.3957170865364181,0.0027241486841768398,2,1.7207210558025872,3.489292716341045,z4c_spatial_or_other
348,0.59942686857656502,0.01817799221894676,1.3957170865364181,0.0027266988328420142,2,1.7191117491748293,3.489292716341045,z4c_spatial_or_other
349,0.60215356740940706,0.01819514566587235,1.3957170865364181,0.0027292718498808525,2,1.7174910590913233,3.489292716341045,z4c_spatial_or_other
350,0.60488283925928787,0.018212449802516593,1.3957170865364181,0.0027318674703774889,2,1.7158592248079596,3.489292716341045,z4c_spatial_or_other
351,0.60761470672966533,0.018229902841754273,1.3957170865364181,0.0027344854262631407,2,1.7142164865752405,3.489292716341045,z4c_spatial_or_other
352,0.61034919215592842,0.018247502975571501,1.3957170865364181,0.0027371254463357249,2,1.712563085581372,3.489292716341045,z4c_spatial_or_other
353,0.61308631760226417,0.018264370148409977,1.3957170865364181,0.0027396555222614963,2,1.7109815310395744,3.489292716341045,z4c_spatial_or_other
354,0.61582597312452569,0.018281299787808666,1.3957170865364181,0.0027421949681713,2,1.7093970539687682,3.489292716341045,z4c_spatial_or_other
355,0.61856816809269699,0.018298383941573286,1.3957170865364181,0.0027447575912359929,2,1.7078010877780905,3.489292716341045,z4c_spatial_or_other
356,0.62131292568393304,0.01831562089041909,1.3957170865364181,0.0027473431335628636,2,1.7061938651693151,3.489292716341045,z4c_spatial_or_other
357,0.62406026881749588,0.018333008891948561,1.3957170865364181,0.0027499513337922842,2,1.7045756200840705,3.489292716341045,z4c_spatial_or_other
358,0.62681022015128818,0.018350546180751319,1.3957170865364181,0.0027525819271126978,2,1.7029465876486813,3.489292716341045,z4c_spatial_or_other
359,0.62956280207840087,0.018368230968531862,1.3957170865364181,0.0027552346452797793,2,1.7013070041168887,3.489292716341045,z4c_spatial_or_other
360,0.6323180367236807,0.018386061444265519,1.3957170865364181,0.0027579092166398278,2,1.6996571068104775,3.489292716341045,z4c_spatial_or_other
361,0.63507594594032057,0.018404035774382686,1.3957170865364181,0.0027606053661574028,2,1.697997134057853,3.489292716341045,z4c_spatial_or_other
362,0.63783655130647798,0.018421377546079816,1.3957170865364181,0.0027632066319119722,2,1.6963986499831656,3.489292716341045,z4c_spatial_or_other
363,0.64059975793838997,0.018438649927960602,1.3957170865364181,0.0027657974891940901,2,1.6948095507042575,3.489292716341045,z4c_spatial_or_other
364,0.64336555542758411,0.018456073969115899,1.3957170865364181,0.0027684110953673847,2,1.6932095120713786,3.489292716341045,z4c_spatial_or_other
365,0.64613396652295152,0.018473647924646824,1.3957170865364181,0.0027710471886970233,2,1.6915987642217358,3.489292716341045,z4c_spatial_or_other
366,0.64890501371164855,0.018491370024793671,1.3957170865364181,0.0027737055037190504,2,1.6899775386085105,3.489292716341045,z4c_spatial_or_other
367,0.65167871921536757,0.018509238475088417,1.3957170865364181,0.0027763857712632626,2,1.6883460679411189,3.489292716341045,z4c_spatial_or_other
368,0.65445510498663084,0.018527251456536907,1.3957170865364181,0.0027790877184805359,2,1.6867045861232788,3.489292716341045,z4c_spatial_or_other
369,0.65723419270511141,0.018545407125830731,1.3957170865364181,0.0027818110688746095,2,1.6850533281889422,3.489292716341045,z4c_spatial_or_other
370,0.66001600377398606,0.018563648801904659,1.3957170865364181,0.0027845473202856986,2,1.683397500861668,3.489292716341045,z4c_spatial_or_other
371,0.66280055109427172,0.018581063854169792,1.3957170865364181,0.0027871595781254689,2,1.6818197410686559,3.489292716341045,z4c_spatial_or_other
372,0.66558771067239719,0.018598629664690093,1.3957170865364181,0.002789794449703514,2,1.6802313161452327,3.489292716341045,z4c_spatial_or_other
373,0.6683775051221007,0.018616344481450827,1.3957170865364181,0.0027924516722176241,2,1.678632452850088,3.489292716341045,z4c_spatial_or_other
374,0.67116995679431835,0.018634206525766063,1.3957170865364181,0.0027951309788649095,2,1.6770233793850953,3.489292716341045,z4c_spatial_or_other
375,0.6739650877731832,0.01865221399245522,1.3957170865364181,0.002797832098868283,2,1.6754043253332049,3.489292716341045,z4c_spatial_or_other
376,0.6767629198720515,0.018670365050051159,1.3957170865364181,0.0028005547575076736,2,1.6737755215940124,3.489292716341045,z4c_spatial_or_other
377,0.67956347462955913,0.018688657841040231,1.3957170865364181,0.0028032986761560344,2,1.6721372003170341,3.489292716341045,z4c_spatial_or_other
378,0.68236677330571516,0.018707090482134259,1.3957170865364181,0.0028060635723201389,2,1.6704895948327472,3.489292716341045,z4c_spatial_or_other
379,0.68517283687803532,0.018724969364435039,1.3957170865364181,0.0028087454046652558,2,1.6688945862498537,3.489292716341045,z4c_spatial_or_other
380,0.68798158228270057,0.018742635097194402,1.3957170865364181,0.0028113952645791602,2,1.667321581941156,3.489292716341045,z4c_spatial_or_other
381,0.69079297754727975,0.018760449125418799,1.3957170865364181,0.0028140673688128197,2,1.6657383728441197,3.489292716341045,z4c_spatial_or_other
382,0.6936070449160926,0.01877840965729069,1.3957170865364181,0.0028167614485936033,2,1.6641451843003774,3.489292716341045,z4c_spatial_or_other
383,0.69642380636468615,0.018796514872756825,1.3957170865364181,0.0028194772309135239,2,1.6625422431523691,3.489292716341045,z4c_spatial_or_other
384,0.69924328359559962,0.018814762923765126,1.3957170865364181,0.0028222144385647687,2,1.6609297776762202,3.489292716341045,z4c_spatial_or_other
385,0.7020654980341644,0.018833151934535379,1.3957170865364181,0.0028249727901803069,2,1.6593080175122026,3.489292716341045,z4c_spatial_or_other
386,0.70489047082434475,0.018851680001864168,1.3957170865364181,0.0028277520002796251,2,1.6576771935928158,3.489292716341045,z4c_spatial_or_other
387,0.70771822282462438,0.01886977613086906,1.3957170865364181,0.0028304664196303589,2,1.6560874799610441,3.489292716341045,z4c_spatial_or_other
388,0.71054868924425474,0.018887503339424586,1.3957170865364181,0.0028331255009136878,2,1.6545331290436209,3.489292716341045,z4c_spatial_or_other
389,0.71338181474516837,0.018905378298982676,1.3957170865364181,0.0028358067448474014,2,1.6529687745884252,3.489292716341045,z4c_spatial_or_other
390,0.71621762149001578,0.018923399200786482,1.3957170865364181,0.0028385098801179723,2,1.6513946394314405,3.489292716341045,z4c_spatial_or_other
391,0.7190561313701338,0.018941564206148225,1.3957170865364181,0.0028412346309222335,2,1.6498109480238485,3.489292716341045,z4c_spatial_or_other
392,0.72189736600105603,0.018959871446716681,1.3957170865364181,0.0028439807170075018,2,1.6482179263621339,3.489292716341045,z4c_spatial_or_other
393,0.72474134671806356,0.018978319024780942,1.3957170865364181,0.002846747853717141,2,1.6466158019156127,3.489292716341045,z4c_spatial_or_other
394,0.72758809457178075,0.018996905013610621,1.3957170865364181,0.0028495357520415929,2,1.6450048035514451,3.489292716341045,z4c_spatial_or_other
395,0.73043763032382236,0.01901495618004935,1.3957170865364181,0.0028522434270074025,2,1.6434431772600011,3.489292716341045,z4c_spatial_or_other
396,0.73328987375082977,0.019032709719207334,1.3957170865364181,0.0028549064578811002,2,1.6419101883565892,3.489292716341045,z4c_spatial_or_other
397,0.73614478020871088,0.019050610601360696,1.3957170865364181,0.0028575915902041044,2,1.640367369525046,3.489292716341045,z4c_spatial_or_other
398,0.73900237179891504,0.019068656997383911,1.3957170865364181,0.0028602985496075867,2,1.6388149414134034,3.489292716341045,z4c_spatial_or_other
399,0.7418626703485226,0.019086847046579595,1.3957170865364181,0.0028630270569869392,2,1.637253126393134,3.489292716341045,z4c_spatial_or_other
400,0.74472569740550953,0.019105178856979047,1.3957170865364181,0.002865776828546857,2,1.6356821484863773,3.489292716341045,z4c_spatial_or_other
401,0.74759147423405636,0.019123650505681378,1.3957170865364181,0.0028685475758522066,2,1.6341022332904509,3.489292716341045,z4c_spatial_or_other
402,0.75046002180990856,0.019142260039231408,1.3957170865364181,0.0028713390058847112,2,1.6325136078997042,3.489292716341045,z4c_spatial_or_other
403,0.75333136081579333,0.019160040320846436,1.3957170865364181,0.0028740060481269652,2,1.630998655362927,3.489292716341045,z4c_spatial_or_other
404,0.75620536686392026,0.019177788229708868,1.3957170865364181,0.00287666823445633,2,1.6294892625620778,3.489292716341045,z4c_spatial_or_other
405,0.75908203509837657,0.019195683182557141,1.3957170865364181,0.002879352477383571,2,1.6279701901100583,3.489292716341045,z4c_spatial_or_other
406,0.76196138757576015,0.019213723326883685,1.3957170865364181,0.0028820584990325525,2,1.626441656744128,3.489292716341045,z4c_spatial_or_other
407,0.76484344607479271,0.019231906777026429,1.3957170865364181,0.0028847860165539642,2,1.6249038830268168,3.489292716341045,z4c_spatial_or_other
408,0.76772823209134666,0.019250231614503874,1.3957170865364181,0.0028875347421755812,2,1.6233570912702699,3.489292716341045,z4c_spatial_or_other
409,0.77061576683352229,0.019268695888391023,1.3957170865364181,0.0028903043832586533,2,1.6218015054577439,3.489292716341045,z4c_spatial_or_other
410,0.77350607121678094,0.019287049860124989,1.3957170865364181,0.0028930574790187484,2,1.6202581642414795,3.489292716341045,z4c_spatial_or_other
411,0.77639912869579975,0.019304614576246999,1.3957170865364181,0.0028956921864370499,2,1.6187839377249715,3.489292716341045,z4c_spatial_or_other
412,0.77929482088223678,0.01932232796453609,1.3957170865364181,0.0028983491946804134,2,1.6172999473643022,3.489292716341045,z4c_spatial_or_other
413,0.78219317007691724,0.019340188181428509,1.3957170865364181,0.0029010282272142764,2,1.6158064082338111,3.489292716341045,z4c_spatial_or_other
414,0.78509419830413152,0.019358193348351233,1.3957170865364181,0.0029037290022526849,2,1.6143035374043111,3.489292716341045,z4c_spatial_or_other
415,0.78799792730638418,0.019376341552050359,1.3957170865364181,0.0029064512328075536,2,1.6127915538675668,3.489292716341045,z4c_spatial_or_other
416,0.79090437853919171,0.019394630844962426,1.3957170865364181,0.0029091946267443638,2,1.6112706784577391,3.489292716341045,z4c_spatial_or_other
417,0.79381357316593604,0.019413059245629118,1.3957170865364181,0.0029119588868443676,2,1.6097411337698353,3.489292716341045,z4c_spatial_or_other
418,0.79672553205278041,0.019430812797966573,1.3957170865364181,0.002914621919694986,2,1.6082703448859483,3.489292716341045,z4c_spatial_or_other
419,0.79964015397247534,0.019448317166850936,1.3957170865364181,0.0029172475750276401,2,1.6068228285203345,3.489292716341045,z4c_spatial_or_other
420,0.80255740154750299,0.019465970078513591,1.3957170865364181,0.0029198955117770383,2,1.605365665001897,3.489292716341045,z4c_spatial_or_other
421,0.80547729705928006,0.019483769662462198,1.3957170865364181,0.0029225654493693297,2,1.6038990678588674,3.489292716341045,z4c_spatial_or_other
422,0.80839986250864937,0.019501714011695311,1.3957170865364181,0.0029252571017542965,2,1.6024232527078985,3.489292716341045,z4c_spatial_or_other
423,0.81132511961040366,0.019519801183066541,1.3957170865364181,0.002927970177459981,2,1.6009384371757549,3.489292716341045,z4c_spatial_or_other
424,0.81425308978786359,0.019538029197694349,1.3957170865364181,0.0029307043796541524,2,1.5994448408178119,3.489292716341045,z4c_spatial_or_other
425,0.81718379416751774,0.019556143564912875,1.3957170865364181,0.0029334215347369312,2,1.5979633150202446,3.489292716341045,z4c_spatial_or_other
426,0.82011721570225471,0.019573414051492283,1.3957170865364181,0.0029360121077238424,2,1.596553361502997,3.489292716341045,z4c_spatial_or_other
427,0.82305322780997858,0.019590834851100941,1.3957170865364181,0.0029386252276651409,2,1.5951336549725368,3.489292716341045,z4c_spatial_or_other
428,0.82599185303764378,0.019608404102535979,1.3957170865364181,0.0029412606153803966,2,1.5937044053451754,3.489292716341045,z4c_spatial_or_other
429,0.82893311365302413,0.019626119906295418,1.3957170865364181,0.0029439179859443126,2,1.5922658247887307,3.489292716341045,z4c_spatial_or_other
430,0.83187703163896842,0.019643980324932114,1.3957170865364181,0.0029465970487398169,2,1.5908181276448103,3.489292716341045,z4c_spatial_or_other
431,0.83482362868770821,0.019661983383455473,1.3957170865364181,0.0029492975075183208,2,1.5893615303477082,3.489292716341045,z4c_spatial_or_other
432,0.83777292619522647,0.019680127069781096,1.3957170865364181,0.0029520190604671644,2,1.5878962513399868,3.489292716341045,z4c_spatial_or_other
433,0.84072494525569363,0.019697416046752649,1.3957170865364181,0.0029546124070128975,2,1.5865025100666406,3.489292716341045,z4c_spatial_or_other
434,0.84367955766270653,0.0197145824141138,1.3957170865364181,0.0029571873621170698,2,1.5851210714779289,3.489292716341045,z4c_spatial_or_other
435,0.84663674502482356,0.019731899050374209,1.3957170865364181,0.0029597848575561312,2,1.5837299755193788,3.489292716341045,z4c_spatial_or_other
436,0.84959652988237966,0.019749364064965105,1.3957170865364181,0.0029624046097447656,2,1.5823294308213574,3.489292716341045,z4c_spatial_or_other
437,0.85255893449212439,0.01976697552761017,1.3957170865364181,0.0029650463291415255,2,1.5809196483473427,3.489292716341045,z4c_spatial_or_other
438,0.85552398082126591,0.019784731468715983,1.3957170865364181,0.0029677097203073973,2,1.5795008413135723,3.489292716341045,z4c_spatial_or_other
439,0.85849169054157326,0.019802629879812763,1.3957170865364181,0.0029703944819719145,2,1.5780732251051632,3.489292716341045,z4c_spatial_or_other
440,0.86146208502354515,0.019820151990661897,1.3957170865364181,0.0029730227985992844,2,1.5766781210720877,3.489292716341045,z4c_spatial_or_other
441,0.86443510782214439,0.019837043996435856,1.3957170865364181,0.0029755565994653782,2,1.5753355190226288,3.489292716341045,z4c_spatial_or_other
442,0.86741066442160975,0.019854088106836375,1.3957170865364181,0.0029781132160254563,2,1.5739831430102127,3.489292716341045,z4c_spatial_or_other
443,0.87038877763763522,0.019871282441803195,1.3957170865364181,0.0029806923662704793,2,1.5726211980289411,3.489292716341045,z4c_spatial_or_other
444,0.87336947000390575,0.01988862507984665,1.3957170865364181,0.0029832937619769973,2,1.5712498915606765,3.489292716341045,z4c_spatial_or_other
445,0.87635276376588278,0.019906114058424053,1.3957170865364181,0.0029859171087636078,2,1.5698694334957524,3.489292716341045,z4c_spatial_or_other
446,0.87933868087464639,0.019923747374368691,1.3957170865364181,0.0029885621061553035,2,1.5684800360499549,3.489292716341045,z4c_spatial_or_other
447,0.88232724298080167,0.019941479571299811,1.3957170865364181,0.0029912219356949717,2,1.5670853252521766,3.489292716341045,z4c_spatial_or_other
448,0.88531846491649668,0.019958079568678375,1.3957170865364181,0.0029937119353017562,2,1.5657819126567085,3.489292716341045,z4c_spatial_or_other
449,0.88831217685179842,0.019974833506789101,1.3957170865364181,0.0029962250260183649,2,1.5644686094318967,3.489292716341045,z4c_spatial_or_other
450,0.89130840187781679,0.019991739517764368,1.3957170865364181,0.0029987609276646552,2,1.5631456168299764,3.489292716341045,z4c_spatial_or_other
451,0.89430716280548139,0.02000879569063263,1.3957170865364181,0.0030013193535948944,2,1.5618131387402832,3.489292716341045,z4c_spatial_or_other
452,0.89730848215907633,0.020026000071677978,1.3957170865364181,0.0030039000107516967,2,1.5604713816113336,3.489292716341045,z4c_spatial_or_other
453,0.90031238216982801,0.020043350664854721,1.3957170865364181,0.0030065025997282079,2,1.5591205543689721,3.489292716341045,z4c_spatial_or_other
454,0.90331888476955624,0.020060845432257477,1.3957170865364181,0.0030091268148386215,2,1.5577608683306321,3.489292716341045,z4c_spatial_or_other
455,0.90632801158439491,0.020077574505379257,1.3957170865364181,0.0030116361758068884,2,1.5564629079885812,3.489292716341045,z4c_spatial_or_other
456,0.90933964776020182,0.020094022760469364,1.3957170865364181,0.0030141034140704044,2,1.5551888425983871,3.489292716341045,z4c_spatial_or_other
457,0.9123537511742722,0.020110624921620031,1.3957170865364181,0.0030165937382430046,2,1.5539049692287048,3.489292716341045,z4c_spatial_or_other
458,0.91537034491251523,0.020127379090235094,1.3957170865364181,0.0030191068635352643,2,1.5526114880581299,3.489292716341045,z4c_spatial_or_other
459,0.91838945177605047,0.020144283323332655,1.3957170865364181,0.0030216424984998982,2,1.5513086019696642,3.489292716341045,z4c_spatial_or_other
460,0.92141109427455037,0.020161335633942144,1.3957170865364181,0.0030242003450913217,2,1.5499965164703571,3.489292716341045,z4c_spatial_or_other
461,0.92443529461964169,0.020178533991559184,1.3957170865364181,0.0030267800987338776,2,1.5486754396068656,3.489292716341045,z4c_spatial_or_other
462,0.92746207471837561,0.020195437525441208,1.3957170865364181,0.0030293156288161813,2,1.5473792018931407,3.489292716341045,z4c_spatial_or_other
463,0.93049139034719175,0.020211566595011082,1.3957170865364181,0.0030317349892516623,2,1.5461443749597117,3.489292716341045,z4c_spatial_or_other
464,0.93352312533644344,0.020227851372851737,1.3957170865364181,0.0030341777059277606,2,1.5448996249765481,3.489292716341045,z4c_spatial_or_other
465,0.93655730304237117,0.02024428997469694,1.3957170865364181,0.0030366434962045409,2,1.5436451482891693,3.489292716341045,z4c_spatial_or_other
466,0.93959394653857575,0.020260880470307267,1.3957170865364181,0.0030391320705460902,2,1.5423811440868778,3.489292716341045,z4c_spatial_or_other
467,0.94263307860912182,0.020277620883846513,1.3957170865364181,0.0030416431325769769,2,1.5411078143242269,3.489292716341045,z4c_spatial_or_other
468,0.94567472174169875,0.020294509194318026,1.3957170865364181,0.0030441763791477037,2,1.5398253636382222,3.489292716341045,z4c_spatial_or_other
469,0.94871889812084642,0.020311543336061725,1.3957170865364181,0.0030467315004092587,2,1.5385339992612876,3.489292716341045,z4c_spatial_or_other
470,0.95176562962125566,0.020327396040281703,1.3957170865364181,0.0030491094060422553,2,1.5373341444262494,3.489292716341045,z4c_spatial_or_other
471,0.95481473902729797,0.020343351762450081,1.3957170865364181,0.0030515027643675122,2,1.5361283806575816,3.489292716341045,z4c_spatial_or_other
472,0.95786624179166546,0.020359463081574394,1.3957170865364181,0.0030539194622361591,2,1.5349127761763863,3.489292716341045,z4c_spatial_or_other
473,0.96092016125390167,0.020375728082245997,1.3957170865364181,0.0030563592123368996,2,1.5336875263480323,3.489292716341045,z4c_spatial_or_other
474,0.96397652046623861,0.020392144801905543,1.3957170865364181,0.0030588217202858312,2,1.5324528294385122,3.489292716341045,z4c_spatial_or_other
475,0.96703534218652443,0.020408711231257558,1.3957170865364181,0.0030613066846886337,2,1.5312088865336166,3.489292716341045,z4c_spatial_or_other
476,0.97009664887121305,0.020425425314747718,1.3957170865364181,0.0030638137972121577,2,1.5299559014536965,3.489292716341045,z4c_spatial_or_other
477,0.97316046266842526,0.020441459744543665,1.3957170865364181,0.0030662189616815498,2,1.5287557929096234,3.489292716341045,z4c_spatial_or_other
478,0.97622668163010684,0.020457076464690641,1.3957170865364181,0.0030685614697035959,2,1.5275887565820161,3.489292716341045,z4c_spatial_or_other
479,0.97929524309981042,0.020472850497950067,1.3957170865364181,0.0030709275746925099,2,1.5264117716841161,3.489292716341045,z4c_spatial_or_other
480,0.98236617067450294,0.020488779945886375,1.3957170865364181,0.003073316991882956,2,1.5252250296277015,3.489292716341045,z4c_spatial_or_other
481,0.98543948766638589,0.020504862861416007,1.3957170865364181,0.003075729429212401,2,1.5240287248544888,3.489292716341045,z4c_spatial_or_other
482,0.98851521709559831,0.020521097249196773,1.3957170865364181,0.0030781645873795157,2,1.5228230547576189,3.489292716341045,z4c_spatial_or_other
483,0.99159338168297784,0.020537481066082112,1.3957170865364181,0.0030806221599123168,2,1.5216082195985434,3.489292716341045,z4c_spatial_or_other
484,0.99467400384289018,0.020553722405850558,1.3957170865364181,0.0030830583608775835,2,1.5204058604540061,3.489292716341045,z4c_spatial_or_other
485,0.99775706220376781,0.020568991775537077,1.3957170865364181,0.0030853487663305614,2,1.5192771887422289,3.489292716341045,z4c_spatial_or_other
486,1.0008424109700984,0.020584420105756708,1.3957170865364181,0.0030876630158635063,2,1.518138467804615,3.489292716341045,z4c_spatial_or_other
487,1.003930073985962,0.020600005517214449,1.3957170865364181,0.0030900008275821672,2,1.5169898849728878,3.489292716341045,z4c_spatial_or_other
488,1.0070200748135443,0.020615746080529265,1.3957170865364181,0.0030923619120793895,2,1.5158316307317325,3.489292716341045,z4c_spatial_or_other
489,1.0101124367256236,0.020631639816595302,1.3957170865364181,0.0030947459724892951,2,1.5146638986428842,3.489292716341045,z4c_spatial_or_other
490,1.0132071826981128,0.020647684697010234,1.3957170865364181,0.0030971527045515349,2,1.5134868852644274,3.489292716341045,z4c_spatial_or_other
491,1.0163043354026644,0.02066387864457158,1.3957170865364181,0.003099581796685737,2,1.5123007900653445,3.489292716341045,z4c_spatial_or_other
492,1.0194039171993501,0.020679077230514285,1.3957170865364181,0.0031018615845771428,2,1.5111892881703222,3.489292716341045,z4c_spatial_or_other
493,1.0225057787839271,0.020694152897604824,1.3957170865364181,0.0031041229346407237,2,1.5100883884750329,3.489292716341045,z4c_spatial_or_other
494,1.0256099017185678,0.020709387235342519,1.3957170865364181,0.0031064080853013777,2,1.5089775300868842,3.489292716341045,z4c_spatial_or_other
495,1.0287163098038692,0.020724778334281737,1.3957170865364181,0.0031087167501422605,2,1.5078568994056765,3.489292716341045,z4c_spatial_or_other
496,1.0318250265540114,0.020740324233847009,1.3957170865364181,0.0031110486350770512,2,1.5067266860274926,3.489292716341045,z4c_spatial_or_other
497,1.0349360751890884,0.02075602292273284,1.3957170865364181,0.0031134034384099258,2,1.5055870826666764,3.489292716341045,z4c_spatial_or_other
498,1.0380494786274983,0.020771872339373675,1.3957170865364181,0.0031157808509060512,2,1.5044382850728739,3.489292716341045,z4c_spatial_or_other
499,1.0411652594784044,0.02078732385780575,1.3957170865364181,0.0031180985786708622,2,1.5033200143396745,3.489292716341045,z4c_spatial_or_other
500,1.0442833580570754,0.020802041236792322,1.3957170865364181,0.0031203061855188483,2,1.5022564201405628,3.489292716341045,z4c_spatial_or_other
501,1.0474036642425943,0.020816918789402825,1.3957170865364181,0.0031225378184104235,2,1.5011827790723908,3.489292716341045,z4c_spatial_or_other
502,1.0505262020610047,0.020831954628357741,1.3957170865364181,0.0031247931942536612,2,1.500099273327937,3.489292716341045,z4c_spatial_or_other
503,1.0536509952552584,0.020847146813908989,1.3957170865364181,0.0031270720220863482,2,1.4990060884087189,3.489292716341045,z4c_spatial_or_other
504,1.0567780672773448,0.020862493354208467,1.3957170865364181,0.0031293740031312699,2,1.4979034130499134,3.489292716341045,z4c_spatial_or_other
505,1.0599074412804761,0.020877992205748642,1.3957170865364181,0.0031316988308622961,2,1.4967914391401813,3.489292716341045,z4c_spatial_or_other
506,1.0630391401113384,0.020893641273876284,1.3957170865364181,0.0031340461910814425,2,1.4956703616364118,3.489292716341045,z4c_spatial_or_other
507,1.0661731863024198,0.02090808726381669,1.3957170865364181,0.0031362130895725032,2,1.4946369606023653,3.489292716341045,z4c_spatial_or_other
508,1.0693093993919922,0.020922603533664427,1.3957170865364181,0.0031383905300496639,2,1.4935999695123416,3.489292716341045,z4c_spatial_or_other
509,1.0724477899220419,0.020937279522864661,1.3957170865364181,0.0031405919284296989,2,1.4925530303912349,3.489292716341045,z4c_spatial_or_other
510,1.0755883818504717,0.020952113314779846,1.3957170865364181,0.0031428169972169766,2,1.4914963245237851,3.489292716341045,z4c_spatial_or_other
511,1.0787311988476886,0.020967102939367748,1.3957170865364181,0.003145065440905162,2,1.4904300365371472,3.489292716341045,z4c_spatial_or_other
512,1.0818762642885937,0.020982246373589405,1.3957170865364181,0.0031473369560384109,2,1.4893543543237933,3.489292716341045,z4c_spatial_or_other
513,1.0850236012446322,0.020997541541892085,1.3957170865364181,0.0031496312312838128,2,1.4882694689591773,3.489292716341045,z4c_spatial_or_other
514,1.0881732324759159,0.021012300831832632,1.3957170865364181,0.0031518451247748948,2,1.4872240907886558,3.489292716341045,z4c_spatial_or_other
515,1.0913250776006909,0.021026452424846784,1.3957170865364181,0.0031539678637270176,2,1.4862231330603415,3.489292716341045,z4c_spatial_or_other
516,1.094479045464418,0.021040765071490962,1.3957170865364181,0.003156114760723644,2,1.4852121533518745,3.489292716341045,z4c_spatial_or_other
517,1.0976351602251417,0.021055236880480329,1.3957170865364181,0.0031582855320720494,2,1.4841913286176764,3.489292716341045,z4c_spatial_or_other
518,1.1007934457572137,0.021069865905886061,1.3957170865364181,0.003160479885882909,2,1.4831608392566953,3.489292716341045,z4c_spatial_or_other
519,1.1039539256430966,0.021084650147507725,1.3957170865364181,0.0031626975221261586,2,1.4821208690386476,3.489292716341045,z4c_spatial_or_other
520,1.1071166231652227,0.021099587551322505,1.3957170865364181,0.0031649381326983757,2,1.4810716050248705,3.489292716341045,z4c_spatial_or_other
521,1.1102815612979211,0.021114676010012354,1.3957170865364181,0.0031672014015018532,2,1.4800132374838042,3.489292716341045,z4c_spatial_or_other
522,1.1134487626994229,0.021128483354937531,1.3957170865364181,0.0031692725032406296,2,1.4790460571651569,3.489292716341045,z4c_spatial_or_other
523,1.1166180352026636,0.021142430169527347,1.3957170865364181,0.003171364525429102,2,1.4780703897057552,3.489292716341045,z4c_spatial_or_other
524,1.1197893997280928,0.021156537404074454,1.3957170865364181,0.0031734806106111682,2,1.4770848084990358,3.489292716341045,z4c_spatial_or_other
525,1.122962880338704,0.021170803139001076,1.3957170865364181,0.0031756204708501615,2,1.4760894896061323,3.489292716341045,z4c_spatial_or_other
526,1.1261385008095541,0.021185225399247953,1.3957170865364181,0.0031777838098871929,2,1.4750846125578316,3.489292716341045,z4c_spatial_or_other
527,1.1293162846194413,0.021199802154687499,1.3957170865364181,0.0031799703232031247,2,1.4740703602788243,3.489292716341045,z4c_spatial_or_other
528,1.1324962549426445,0.021214531320616955,1.3957170865364181,0.0031821796980925432,2,1.4730469190064197,3.489292716341045,z4c_spatial_or_other
529,1.1356784346407371,0.02122871910947376,1.3957170865364181,0.0031843078664210637,2,1.4720624376274325,3.489292716341045,z4c_spatial_or_other
530,1.1388627425071582,0.021242298510552132,1.3957170865364181,0.0031863447765828196,2,1.4711214035748783,3.489292716341045,z4c_spatial_or_other
531,1.142049087283741,0.021256039482727807,1.3957170865364181,0.0031884059224091708,2,1.4701703967662023,3.489292716341045,z4c_spatial_or_other
532,1.1452374932061502,0.021269940134935942,1.3957170865364181,0.0031904910202403911,2,1.4692095888258649,3.489292716341045,z4c_spatial_or_other
533,1.1484279842263907,0.021283998519490258,1.3957170865364181,0.0031925997779235385,2,1.4682391549399725,3.489292716341045,z4c_spatial_or_other
534,1.1516205840043143,0.021298212632458131,1.3957170865364181,0.0031947318948687196,2,1.4672592737841064,3.489292716341045,z4c_spatial_or_other
535,1.154815315899183,0.021312580414117384,1.3957170865364181,0.0031968870621176073,2,1.466270127445483,3.489292716341045,z4c_spatial_or_other
536,1.1580122029613005,0.021327099749495908,1.3957170865364181,0.003199064962424386,2,1.4652719013394511,3.489292716341045,z4c_spatial_or_other
537,1.1612112679237248,0.021340398400567569,1.3957170865364181,0.003201059760085135,2,1.4643587909384519,3.489292716341045,z4c_spatial_or_other
538,1.1644123276838099,0.021353772249794623,1.3957170865364181,0.0032030658374691931,2,1.4634416642848926,3.489292716341045,z4c_spatial_or_other
539,1.167615393521279,0.021367306850844113,1.3957170865364181,0.0032050960276266169,2,1.4625146827413804,3.489292716341045,z4c_spatial_or_other
540,1.1708204895489056,0.021381000285558227,1.3957170865364181,0.0032071500428337341,2,1.4615780170541308,3.489292716341045,z4c_spatial_or_other
541,1.1740276395917393,0.021394850578425051,1.3957170865364181,0.0032092275867637576,2,1.4606318415475665,3.489292716341045,z4c_spatial_or_other
542,1.177236867178503,0.021408855696996298,1.3957170865364181,0.0032113283545494448,2,1.4596763340501395,3.489292716341045,z4c_spatial_or_other
543,1.1804481955330524,0.021423013552389566,1.3957170865364181,0.0032134520328584346,2,1.4587116758143632,3.489292716341045,z4c_spatial_or_other
544,1.1836616475659107,0.021436761008618313,1.3957170865364181,0.003215514151292747,2,1.4577761998389789,3.489292716341045,z4c_spatial_or_other
545,1.1868771617172036,0.021449767624464783,1.3957170865364181,0.0032174651436697173,2,1.4568922399120747,3.489292716341045,z4c_spatial_or_other
546,1.1900946268608732,0.021462935953512344,1.3957170865364181,0.0032194403930268516,2,1.4559983810083557,3.489292716341045,z4c_spatial_or_other
547,1.1933140672539,0.021476264109191276,1.3957170865364181,0.0032214396163786911,2,1.4550947893505288,3.489292716341045,z4c_spatial_or_other
548,1.1965355068702788,0.021489750146539886,1.3957170865364181,0.003223462521980983,2,1.4541816348214562,3.489292716341045,z4c_spatial_or_other
549,1.1997589693922597,0.021503392062580486,1.3957170865364181,0.0032255088093870727,2,1.4532590908938618,3.489292716341045,z4c_spatial_or_other
550,1.2029844782016468,0.021517187796781516,1.3957170865364181,0.0032275781695172271,2,1.4523273345541137,3.489292716341045,z4c_spatial_or_other
551,1.206212056371164,0.021531135231607181,1.3957170865364181,0.0032296702847410771,2,1.4513865462200879,3.489292716341045,z4c_spatial_or_other
552,1.209441726655905,0.021544060183499626,1.3957170865364181,0.0032316090275249436,2,1.4505158142815648,3.489292716341045,z4c_spatial_or_other
553,1.2126733356834298,0.021556862705479594,1.3957170865364181,0.0032335294058219392,2,1.4496543595862157,3.489292716341045,z4c_spatial_or_other
554,1.2159068650892517,0.02156982593683392,1.3957170865364181,0.0032354738905250881,2,1.4487831330449281,3.489292716341045,z4c_spatial_or_other
555,1.2191423389797769,0.021582947965159083,1.3957170865364181,0.0032374421947738625,2,1.4479023000215838,3.489292716341045,z4c_spatial_or_other
556,1.2223797811745507,0.021596226819023671,1.3957170865364181,0.0032394340228535505,2,1.4470120295491857,3.489292716341045,z4c_spatial_or_other
557,1.2256192151974044,0.021609660468388223,1.3957170865364181,0.0032414490702582332,2,1.4461124942575654,3.489292716341045,z4c_spatial_or_other
558,1.2288606642676625,0.021623246825114111,1.3957170865364181,0.0032434870237671165,2,1.4452038702950469,3.489292716341045,z4c_spatial_or_other
559,1.2321041512914297,0.021636686033409253,1.3957170865364181,0.0032455029050113878,2,1.4443062099134225,3.489292716341045,z4c_spatial_or_other
560,1.235349654196441,0.021649123837485261,1.3957170865364181,0.0032473685756227891,2,1.4434764304821848,3.489292716341045,z4c_spatial_or_other
561,1.2385970227720637,0.021661723122274781,1.3957170865364181,0.003249258468341217,2,1.4426368495064725,3.489292716341045,z4c_spatial_or_other
562,1.241846281240405,0.021674482009809651,1.3957170865364181,0.0032511723014714477,2,1.4417876277669088,3.489292716341045,z4c_spatial_or_other
563,1.2450974535418764,0.02168739856215262,1.3957170865364181,0.0032531097843228928,2,1.440928929785769,3.489292716341045,z4c_spatial_or_other
564,1.2483505633261993,0.021700470781773236,1.3957170865364181,0.0032550706172659854,2,1.4400609237587441,3.489292716341045,z4c_spatial_or_other
565,1.2516056339434654,0.02171369661201436,1.3957170865364181,0.0032570544918021538,2,1.4391837814805393,3.489292716341045,z4c_spatial_or_other
566,1.2548626884352676,0.021727073937650793,1.3957170865364181,0.0032590610906476189,2,1.4382976782643038,3.489292716341045,z4c_spatial_or_other
567,1.2581217495259152,0.021739757166750903,1.3957170865364181,0.0032609635750126356,2,1.4374585585433401,3.489292716341045,z4c_spatial_or_other
568,1.2613827131009279,0.021751994051576622,1.3957170865364181,0.0032627991077364932,2,1.4366498963682341,3.489292716341045,z4c_spatial_or_other
569,1.2646455122086644,0.021764391234719772,1.3957170865364181,0.0032646586852079656,2,1.4358315683164276,3.489292716341045,z4c_spatial_or_other
570,1.2679101708938723,0.021776946813561689,1.3957170865364181,0.0032665420220342532,2,1.4350037343407078,3.489292716341045,z4c_spatial_or_other
571,1.2711767129159066,0.021789658824976955,1.3957170865364181,0.003268448823746543,2,1.4341665581371512,3.489292716341045,z4c_spatial_or_other
572,1.2744451617396531,0.021802525245755482,1.3957170865364181,0.0032703787868633223,2,1.433320207074809,3.489292716341045,z4c_spatial_or_other
573,1.2777155405265164,0.021815543993118171,1.3957170865364181,0.0032723315989677255,2,1.4324648521191119,3.489292716341045,z4c_spatial_or_other
574,1.2809878721254842,0.021828712925327499,1.3957170865364181,0.0032743069387991246,2,1.4316006677489965,3.489292716341045,z4c_spatial_or_other
575,1.2842621790642832,0.021840677814185715,1.3957170865364181,0.0032761016721278573,2,1.4308163998327399,3.489292716341045,z4c_spatial_or_other
576,1.2875382807364111,0.021852715251120307,1.3957170865364181,0.0032779072876680461,2,1.4300282432132971,3.489292716341045,z4c_spatial_or_other
577,1.2908161880240792,0.021864911706027734,1.3957170865364181,0.0032797367559041601,2,1.4292305599105153,3.489292716341045,z4c_spatial_or_other
578,1.2940959247799833,0.021877265251951768,1.3957170865364181,0.0032815897877927652,2,1.4284235090678004,3.489292716341045,z4c_spatial_or_other
579,1.2973775145677759,0.021889773900963354,1.3957170865364181,0.0032834660851445031,2,1.4276072535689694,3.489292716341045,z4c_spatial_or_other
580,1.3006609806529204,0.021902435604631156,1.3957170865364181,0.0032853653406946732,2,1.4267819599657834,3.489292716341045,z4c_spatial_or_other
581,1.3039463459936149,0.021915248254588546,1.3957170865364181,0.0032872872381882819,2,1.4259477983990883,3.489292716341045,z4c_spatial_or_other
582,1.3072336332318033,0.0219278134333541,1.3957170865364181,0.003289172015003115,2,1.4251306950863623,3.489292716341045,z4c_spatial_or_other
583,1.3105228052468063,0.021939493557221901,1.3957170865364181,0.0032909240335832852,2,1.4243719855471926,3.489292716341045,z4c_spatial_or_other
584,1.3138137292803895,0.021951333212999451,1.3957170865364181,0.0032926999819499177,2,1.4236037372661234,3.489292716341045,z4c_spatial_or_other
585,1.3171064292623393,0.02196333051152264,1.3957170865364181,0.0032944995767283957,2,1.4228261047934094,3.489292716341045,z4c_spatial_or_other
586,1.3204009288390677,0.021975483501836465,1.3957170865364181,0.0032963225252754698,2,1.4220392464806735,3.489292716341045,z4c_spatial_or_other
587,1.3236972513643432,0.021987790171618754,1.3957170865364181,0.0032981685257428132,2,1.421243324412685,3.489292716341045,z4c_spatial_or_other
588,1.326995419890086,0.022000248447701595,1.3957170865364181,0.0033000372671552389,2,1.420438504332652,3.489292716341045,z4c_spatial_or_other
589,1.3302954571572412,0.022012856196691993,1.3957170865364181,0.0033019284295037988,2,1.4196249555610203,3.489292716341045,z4c_spatial_or_other
590,1.3335973855867449,0.022024765636150925,1.3957170865364181,0.0033037148454226387,2,1.4188573225363632,3.489292716341045,z4c_spatial_or_other
591,1.3369011004321676,0.022036251255757366,1.3957170865364181,0.0033054376883636049,2,1.418117793144847,3.489292716341045,z4c_spatial_or_other
592,1.3402065381205313,0.022047894963645443,1.3957170865364181,0.0033071842445468163,2,1.4173688713379584,3.489292716341045,z4c_spatial_or_other
593,1.3435137223650782,0.02205969484738177,1.3957170865364181,0.0033089542271072655,2,1.4166107109006094,3.489292716341045,z4c_spatial_or_other
594,1.3468226765921854,0.022071648932370638,1.3957170865364181,0.0033107473398555957,2,1.4158434694096753,3.489292716341045,z4c_spatial_or_other
595,1.3501334239320411,0.02208375518232835,1.3957170865364181,0.0033125632773492526,2,1.4150673081635399,3.489292716341045,z4c_spatial_or_other
596,1.3534459872093902,0.022096011499858081,1.3957170865364181,0.0033144017249787119,2,1.4142823921050509,3.489292716341045,z4c_spatial_or_other
597,1.3567603889343689,0.022108415727126903,1.3957170865364181,0.0033162623590690353,2,1.4134888897378759,3.489292716341045,z4c_spatial_or_other
598,1.3600766512934379,0.022119705283363333,1.3957170865364181,0.0033179557925045,2,1.4127674668208055,3.489292716341045,z4c_spatial_or_other
599,1.3633946070859424,0.02213099846051381,1.3957170865364181,0.0033196497690770716,2,1.4120465489054341,3.489292716341045,z4c_spatial_or_other
600,1.3667142568550195,0.022142448193675189,1.3957170865364181,0.0033213672290512784,2,1.4113163877211332,3.489292716341045,z4c_spatial_or_other
601,1.3700356240840708,0.022154052547453458,1.3957170865364181,0.0033231078821180184,2,1.4105771363078261,3.489292716341045,z4c_spatial_or_other
602,1.3733587319661889,0.022165809523993499,1.3957170865364181,0.0033248714285990248,2,1.4098289514837377,3.489292716341045,z4c_spatial_or_other
603,1.3766836033947878,0.022177717063506498,1.3957170865364181,0.0033266575595259748,2,1.4090719937726128,3.489292716341045,z4c_spatial_or_other
604,1.3800102609543137,0.022189773044900808,1.3957170865364181,0.0033284659567351213,2,1.4083064273242409,3.489292716341045,z4c_spatial_or_other
605,1.3833387269110489,0.022201733893078515,1.3957170865364181,0.003330260083961777,2,1.4075477235470479,3.489292716341045,z4c_spatial_or_other
606,1.3866689869950106,0.022212679967574294,1.3957170865364181,0.003331901995136144,2,1.4068541052055961,3.489292716341045,z4c_spatial_or_other
607,1.3900008889901467,0.022223782875469555,1.3957170865364181,0.0033335674313204333,2,1.4061512468470665,3.489292716341045,z4c_spatial_or_other
608,1.3933344564214671,0.022235040721901789,1.3957170865364181,0.0033352561082852683,2,1.4054392969570038,3.489292716341045,z4c_spatial_or_other
609,1.3966697125297525,0.022246451548843395,1.3957170865364181,0.003336967732326509,2,1.4047184078498445,3.489292716341045,z4c_spatial_or_other
610,1.400006680262079,0.022258013335580414,1.3957170865364181,0.0033387020003370622,2,1.4039887356004725,3.489292716341045,z4c_spatial_or_other
611,1.403345382262416,0.02226972399929569,1.3957170865364181,0.0033404585998943535,2,1.4032504399690056,3.489292716341045,z4c_spatial_or_other
612,1.4066858408623104,0.022281581395758181,1.3957170865364181,0.0033422372093637269,2,1.4025036843187964,3.489292716341045,z4c_spatial_or_other
613,1.4100280780716741,0.02229297759310149,1.3957170865364181,0.0033439466389652236,2,1.4017867227243004,3.489292716341045,z4c_spatial_or_other
614,1.4133720247106394,0.022303737340676796,1.3957170865364181,0.0033455606011015193,2,1.4011104741180445,3.489292716341045,z4c_spatial_or_other
615,1.4167175853117409,0.02231465224449421,1.3957170865364181,0.0033471978366741316,2,1.400425140289177,3.489292716341045,z4c_spatial_or_other
616,1.420064783148415,0.022325720387606614,1.3957170865364181,0.0033488580581409922,2,1.3997308690360293,3.489292716341045,z4c_spatial_or_other
617,1.4234136412065559,0.022336939789696607,1.3957170865364181,0.003350540968454491,2,1.3990278119662003,3.489292716341045,z4c_spatial_or_other
618,1.4267641821750103,0.022348308407610762,1.3957170865364181,0.0033522462611416141,2,1.3983161244256745,3.489292716341045,z4c_spatial_or_other
619,1.4301164284361521,0.022359824136001141,1.3957170865364181,0.003353973620400171,2,1.3975959654210763,3.489292716341045,z4c_spatial_or_other
620,1.4334704020565523,0.022371484808075645,1.3957170865364181,0.0033557227212113465,2,1.3968674975350492,3.489292716341045,z4c_spatial_or_other
621,1.4368261247777636,0.022382349025713587,1.3957170865364181,0.0033573523538570379,2,1.3961894689471137,3.489292716341045,z4c_spatial_or_other
622,1.4401834771316206,0.022392924865407587,1.3957170865364181,0.0033589387298111379,2,1.3955300697799755,3.489292716341045,z4c_spatial_or_other
623,1.4435424158614318,0.022403654105549214,1.3957170865364181,0.003360548115832382,2,1.3948617423199554,3.489292716341045,z4c_spatial_or_other
624,1.4469029639772641,0.022414534807397642,1.3957170865364181,0.003362180221109646,2,1.3941846336996617,3.489292716341045,z4c_spatial_or_other
625,1.4502651441983738,0.022425564968711256,1.3957170865364181,0.0033638347453066883,2,1.3934988948372462,3.489292716341045,z4c_spatial_or_other
626,1.4536289789436805,0.022436742524340011,1.3957170865364181,0.0033655113786510015,2,1.3928046803629857,3.489292716341045,z4c_spatial_or_other
627,1.4569944903223315,0.022448065346927625,1.3957170865364181,0.0033672098020391438,2,1.3921021485389189,3.489292716341045,z4c_spatial_or_other
628,1.4603617001243707,0.022459531247725227,1.3957170865364181,0.003368929687158784,2,1.3913914611715281,3.489292716341045,z4c_spatial_or_other
629,1.4637306298115296,0.022469895112883193,1.3957170865364181,0.0033704842669324787,2,1.3907497050167672,3.489292716341045,z4c_spatial_or_other
630,1.467101114078462,0.022480289519998541,1.3957170865364181,0.0033720434279997809,2,1.3901066519717149,3.489292716341045,z4c_spatial_or_other
631,1.4704731575064618,0.022490835496524385,1.3957170865364181,0.0033736253244786578,2,1.3894548294939604,3.489292716341045,z4c_spatial_or_other
632,1.4738467828309405,0.02250153108223819,1.3957170865364181,0.0033752296623357284,2,1.3887943840704913,3.489292716341045,z4c_spatial_or_other
633,1.4772220124932762,0.022512374253361375,1.3957170865364181,0.0033768561380042063,2,1.3881254659460891,3.489292716341045,z4c_spatial_or_other
634,1.4805988686312805,0.022523362923212061,1.3957170865364181,0.0033785044384818091,2,1.3874482290472916,3.489292716341045,z4c_spatial_or_other
635,1.4839773730697623,0.022534494942970225,1.3957170865364181,0.0033801742414455338,2,1.3867628308993289,3.489292716341045,z4c_spatial_or_other
636,1.4873575473112077,0.022545598142354961,1.3957170865364181,0.0033818397213532443,2,1.3860798814333801,3.489292716341045,z4c_spatial_or_other
637,1.4907393870325609,0.022555662049990519,1.3957170865364181,0.0033833493074985777,2,1.3854614389389264,3.489292716341045,z4c_spatial_or_other
638,1.4941227363400595,0.022565877541367595,1.3957170865364181,0.0033848816312051391,2,1.3848342455423122,3.489292716341045,z4c_spatial_or_other
639,1.4975076179712647,0.022576242699247569,1.3957170865364181,0.0033864364048871352,2,1.3841984433061358,3.489292716341045,z4c_spatial_or_other
640,1.500894054376152,0.022586755542253447,1.3957170865364181,0.003388013331338017,2,1.3835541780907872,3.489292716341045,z4c_spatial_or_other
641,1.50428206770749,0.022597414025471819,1.3957170865364181,0.0033896121038207729,2,1.3829015994827984,3.489292716341045,z4c_spatial_or_other
642,1.5076716798113108,0.022608216041168284,1.3957170865364181,0.0033912324061752424,2,1.3822408607161005,3.489292716341045,z4c_spatial_or_other
643,1.5110629122174861,0.022619159419617913,1.3957170865364181,0.003392873912942687,2,1.3815721185861769,3.489292716341045,z4c_spatial_or_other
644,1.5144557861304289,0.022629805783638074,1.3957170865364181,0.0033944708675457112,2,1.3809221474889788,3.489292716341045,z4c_spatial_or_other
645,1.5178502569979746,0.022639695273013367,1.3957170865364181,0.0033959542909520047,2,1.3803189319977358,3.489292716341045,z4c_spatial_or_other
646,1.5212462112889267,0.022649734395437559,1.3957170865364181,0.0033974601593156338,2,1.3797071283226541,3.489292716341045,z4c_spatial_or_other
647,1.5246436714482423,0.022659921212817867,1.3957170865364181,0.00339898818192268,2,1.3790868779509722,3.489292716341045,z4c_spatial_or_other
648,1.5280426596301651,0.022670253722956949,1.3957170865364181,0.0034005380584435424,2,1.3784583261348682,3.489292716341045,z4c_spatial_or_other
649,1.5314431976886087,0.022680729860217807,1.3957170865364181,0.0034021094790326711,2,1.3778216218170636,3.489292716341045,z4c_spatial_or_other
650,1.5348453071676413,0.022691347496304786,1.3957170865364181,0.0034037021244457178,2,1.3771769175492536,3.489292716341045,z4c_spatial_or_other
651,1.5382490092920871,0.022702104441161924,1.3957170865364181,0.0034053156661742884,2,1.376524369403376,3.489292716341045,z4c_spatial_or_other
652,1.5416543249582613,0.022712321648337551,1.3957170865364181,0.0034068482472506324,2,1.3759051357168224,3.489292716341045,z4c_spatial_or_other
653,1.545061173205512,0.022722039351352998,1.3957170865364181,0.0034083059027029496,2,1.3753166921673867,3.489292716341045,z4c_spatial_or_other
654,1.548469479108215,0.022731904670903087,1.3957170865364181,0.0034097857006354631,2,1.3747198245116743,3.489292716341045,z4c_spatial_or_other
655,1.5518792648088504,0.022741915648322005,1.3957170865364181,0.0034112873472483007,2,1.3741146736821073,3.489292716341045,z4c_spatial_or_other
656,1.5552905521560987,0.022752070260950351,1.3957170865364181,0.0034128105391425527,2,1.3735013843392856,3.489292716341045,z4c_spatial_or_other
657,1.5587033626952413,0.022762366422865644,1.3957170865364181,0.0034143549634298464,2,1.3728801047947374,3.489292716341045,z4c_spatial_or_other
658,1.5621177176586711,0.022772801985731211,1.3957170865364181,0.0034159202978596816,2,1.3722509869264379,3.489292716341045,z4c_spatial_or_other
659,1.5655336379565308,0.022783374739764755,1.3957170865364181,0.003417506210964713,2,1.3716141860871076,3.489292716341045,z4c_spatial_or_other
660,1.5689511441674955,0.022793189272965298,1.3957170865364181,0.0034189783909447948,2,1.3710235819023893,3.489292716341045,z4c_spatial_or_other
661,1.5723701225584403,0.022802737827505661,1.3957170865364181,0.0034204106741258489,2,1.3704494713044888,3.489292716341045,z4c_spatial_or_other
662,1.5757905332325661,0.022812431919270206,1.3957170865364181,0.0034218647878905308,2,1.3698671018762527,3.489292716341045,z4c_spatial_or_other
663,1.5792123980204567,0.022822269569327504,1.3957170865364181,0.0034233404353991256,2,1.3692766140138459,3.489292716341045,z4c_spatial_or_other
664,1.5826357384558558,0.022832248734941992,1.3957170865364181,0.0034248373102412988,2,1.3686781518009508,3.489292716341045,z4c_spatial_or_other
665,1.586060575766097,0.022842367310372421,1.3957170865364181,0.003426355096555863,2,1.3680718629285757,3.489292716341045,z4c_spatial_or_other
666,1.5894869308626529,0.022852623127790961,1.3957170865364181,0.003427893469168644,2,1.3674578986075796,3.489292716341045,z4c_spatial_or_other
667,1.5929148243318216,0.022863013958323984,1.3957170865364181,0.0034294520937485974,2,1.3668364134739319,3.489292716341045,z4c_spatial_or_other
668,1.5963442764255702,0.022872451095771747,1.3957170865364181,0.0034308676643657618,2,1.3662724589135506,3.489292716341045,z4c_spatial_or_other
669,1.5997751440899359,0.02288183313669934,1.3957170865364181,0.0034322749705049008,2,1.3657122579868508,3.489292716341045,z4c_spatial_or_other
670,1.6032074190604408,0.022891358575712537,1.3957170865364181,0.0034337037863568804,2,1.3651439645507053,3.489292716341045,z4c_spatial_or_other
671,1.6066411228467978,0.022901025413950182,1.3957170865364181,0.0034351538120925272,2,1.3645677184814629,3.489292716341045,z4c_spatial_or_other
672,1.6100762766588903,0.022910831589016148,1.3957170865364181,0.0034366247383524223,2,1.3639836632984459,3.489292716341045,z4c_spatial_or_other
673,1.6135129013972427,0.022920774975847966,1.3957170865364181,0.0034381162463771949,2,1.3633919460807362,3.489292716341045,z4c_spatial_or_other
674,1.6169510176436199,0.022930853387708235,1.3957170865364181,0.0034396280081562349,2,1.3627927173766297,3.489292716341045,z4c_spatial_or_other
675,1.6203906456517763,0.022941064577299643,1.3957170865364181,0.0034411596865949463,2,1.362186131105795,3.489292716341045,z4c_spatial_or_other
676,1.6238318053383711,0.022950148395899074,1.3957170865364181,0.0034425222593848612,2,1.3616469689400359,3.489292716341045,z4c_spatial_or_other
677,1.6272743275977559,0.02295936654722382,1.3957170865364181,0.0034439049820835731,2,1.3611002697188377,3.489292716341045,z4c_spatial_or_other
678,1.6307182325798395,0.022968725900584398,1.3957170865364181,0.0034453088850876596,2,1.3605456452072904,3.489292716341045,z4c_spatial_or_other
679,1.6341635414649271,0.02297822443755752,1.3957170865364181,0.0034467336656336281,2,1.3599832347760692,3.489292716341045,z4c_spatial_or_other
680,1.6376102751305608,0.022987860076534722,1.3957170865364181,0.0034481790114802083,2,1.3594131813904249,3.489292716341045,z4c_spatial_or_other
681,1.641058454142041,0.022997630673663311,1.3957170865364181,0.0034496446010494966,2,1.3588356315238697,3.489292716341045,z4c_spatial_or_other
682,1.6445080987430905,0.023007534023912046,1.3957170865364181,0.0034511301035868068,2,1.3582507350644988,3.489292716341045,z4c_spatial_or_other
683,1.6479592288466773,0.023017405246875875,1.3957170865364181,0.0034526107870313811,2,1.3576682369200379,3.489292716341045,z4c_spatial_or_other
684,1.6514118396337087,0.023026321188131103,1.3957170865364181,0.0034539481782196652,2,1.3571425389526741,3.489292716341045,z4c_spatial_or_other
685,1.6548657878119284,0.023035378055289671,1.3957170865364181,0.0034553067082934504,2,1.3566089484181045,3.489292716341045,z4c_spatial_or_other
686,1.6583210945202218,0.023044573874410734,1.3957170865364181,0.00345668608116161,2,1.3560676005686865,3.489292716341045,z4c_spatial_or_other
687,1.6617777806013834,0.023053906607909624,1.3957170865364181,0.0034580859911864438,2,1.3555186342812007,3.489292716341045,z4c_spatial_or_other
688,1.6652358665925697,0.023063374155447666,1.3957170865364181,0.0034595061233171497,2,1.3549621919747861,3.489292716341045,z4c_spatial_or_other
689,1.6686953727158869,0.023072974354947606,1.3957170865364181,0.0034609461532421407,2,1.3543984195214507,3.489292716341045,z4c_spatial_or_other
690,1.6721563188691291,0.023082704983735595,1.3957170865364181,0.0034624057475603391,2,1.3538274661491883,3.489292716341045,z4c_spatial_or_other
691,1.6756187246166894,0.023092248811557952,1.3957170865364181,0.0034638373217336926,2,1.3532679409014072,3.489292716341045,z4c_spatial_or_other
692,1.6790825619384231,0.023101008333069765,1.3957170865364181,0.0034651512499604647,2,1.3527548040084776,3.489292716341045,z4c_spatial_or_other
693,1.6825477131883835,0.023109906498373137,1.3957170865364181,0.0034664859747559704,2,1.352233943577396,3.489292716341045,z4c_spatial_or_other
694,1.6860141991631394,0.023118941314361839,1.3957170865364181,0.0034678411971542757,2,1.3517054944288052,3.489292716341045,z4c_spatial_or_other
695,1.6894820403602937,0.023128110724725124,1.3957170865364181,0.0034692166087087685,2,1.3511695949549465,3.489292716341045,z4c_spatial_or_other
696,1.6929512569690024,0.02313741261091232,1.3957170865364181,0.0034706118916368479,2,1.3506263870343711,3.489292716341045,z4c_spatial_or_other
697,1.6964218688606392,0.023146844793224874,1.3957170865364181,0.0034720267189837311,2,1.3500760159391976,3.489292716341045,z4c_spatial_or_other
698,1.699893895579623,0.023156405032036503,1.3957170865364181,0.0034734607548054753,2,1.3495186302349671,3.489292716341045,z4c_spatial_or_other
699,1.7033673563344285,0.02316564175435357,1.3957170865364181,0.0034748462631530356,2,1.3489805433137685,3.489292716341045,z4c_spatial_or_other
700,1.7068422025975816,0.023174247459390288,1.3957170865364181,0.003476137118908543,2,1.34847960240182,3.489292716341045,z4c_spatial_or_other
701,1.7103183397164901,0.023182989477287422,1.3957170865364181,0.0034774484215931135,2,1.347971107462905,3.489292716341045,z4c_spatial_or_other
702,1.7137957881380832,0.023191865796166961,1.3957170865364181,0.0034787798694250441,2,1.3474551928963321,3.489292716341045,z4c_spatial_or_other
703,1.7172745680075083,0.023200874341467993,1.3957170865364181,0.0034801311512201987,2,1.3469319966164135,3.489292716341045,z4c_spatial_or_other
704,1.7207546991587286,0.023210012976988159,1.3957170865364181,0.0034815019465482236,2,1.3464016599638777,3.489292716341045,z4c_spatial_or_other
705,1.7242362011052768,0.023219279506054256,1.3957170865364181,0.0034828919259081385,2,1.3458643276098121,3.489292716341045,z4c_spatial_or_other
706,1.727719093031185,0.023228671672822224,1.3957170865364181,0.0034843007509233336,2,1.3453201474522027,3.489292716341045,z4c_spatial_or_other
707,1.7312033937821083,0.023237620507078088,1.3957170865364181,0.003485643076061713,2,1.3448020631235187,3.489292716341045,z4c_spatial_or_other
708,1.73468903685817,0.023246074964506112,1.3957170865364181,0.0034869112446759168,2,1.3443129667143763,3.489292716341045,z4c_spatial_or_other
709,1.7381759481028458,0.023254663357757846,1.3957170865364181,0.0034881995036636767,2,1.3438164861489976,3.489292716341045,z4c_spatial_or_other
710,1.7416641476065096,0.023263383656620024,1.3957170865364181,0.0034895075484930034,2,1.3433127554128281,3.489292716341045,z4c_spatial_or_other
711,1.7451536551550026,0.023272233768801515,1.3957170865364181,0.0034908350653202274,2,1.3428019119459595,3.489292716341045,z4c_spatial_or_other
712,1.7486444902203229,0.023281211541053528,1.3957170865364181,0.0034921817311580291,2,1.3422840965511826,3.489292716341045,z4c_spatial_or_other
713,1.7521366719514808,0.023290314760420316,1.3957170865364181,0.0034935472140630473,2,1.3417594532945691,3.489292716341045,z4c_spatial_or_other
714,1.755630219165544,0.023299541155620482,1.3957170865364181,0.0034949311733430723,2,1.3412281293986621,3.489292716341045,z4c_spatial_or_other
715,1.7591251503388869,0.02330822028997594,1.3957170865364181,0.003496233043496391,2,1.3407287047754368,3.489292716341045,z4c_spatial_or_other
716,1.7626213833823834,0.023316526031320374,1.3957170865364181,0.0034974789046980561,2,1.3402511145109195,3.489292716341045,z4c_spatial_or_other
717,1.7661188622870814,0.023324963288035329,1.3957170865364181,0.0034987444932052993,2,1.3397663102016484,3.489292716341045,z4c_spatial_or_other
718,1.7696176067802867,0.0233335300120537,1.3957170865364181,0.0035000295018080547,2,1.3392744254237052,3.489292716341045,z4c_spatial_or_other
719,1.7731176362820946,0.023342224093919721,1.3957170865364181,0.0035013336140879581,2,1.3387755971437241,3.489292716341045,z4c_spatial_or_other
720,1.7766189698961825,0.023351043363989615,1.3957170865364181,0.0035026565045984423,2,1.3382699656235326,3.489292716341045,z4c_spatial_or_other
721,1.7801216264007809,0.023359985593763882,1.3957170865364181,0.0035039978390645822,2,1.3377576743173341,3.489292716341045,z4c_spatial_or_other
722,1.7836256242398454,0.023369048497351046,1.3957170865364181,0.0035053572746026568,2,1.3372388697615261,3.489292716341045,z4c_spatial_or_other
723,1.787130981514448,0.023377475137496724,1.3957170865364181,0.0035066212706245086,2,1.3367568488983652,3.489292716341045,z4c_spatial_or_other
724,1.7906376027850726,0.023385634654772371,1.3957170865364181,0.0035078451982158555,2,1.3362904390376562,3.489292716341045,z4c_spatial_or_other
725,1.7941454479832883,0.023393923226214572,1.3957170865364181,0.0035090884839321856,2,1.3358169853691804,3.489292716341045,z4c_spatial_or_other
726,1.7976545364672205,0.023402338786430919,1.3957170865364181,0.0035103508179646376,2,1.3353366210611091,3.489292716341045,z4c_spatial_or_other
727,1.8011648872851851,0.023410879209414454,1.3957170865364181,0.0035116318814121679,2,1.3348494826043578,3.489292716341045,z4c_spatial_or_other
728,1.8046765191665972,0.023419542309826204,1.3957170865364181,0.0035129313464739307,2,1.3343557097137781,3.489292716341045,z4c_spatial_or_other
729,1.8081894505130711,0.023428325844410392,1.3957170865364181,0.0035142488766615586,2,1.3338554452219098,3.489292716341045,z4c_spatial_or_other
730,1.8117036993897326,0.023437227513541603,1.3957170865364181,0.0035155841270312405,2,1.3333488349654121,3.489292716341045,z4c_spatial_or_other
731,1.815219283516764,0.02344541793264452,1.3957170865364181,0.0035168126898966778,2,1.3328830430652581,3.489292716341045,z4c_spatial_or_other
732,1.8187360962066608,0.023453433676863891,1.3957170865364181,0.0035180150515295833,2,1.3324274999795527,3.489292716341045,z4c_spatial_or_other
733,1.8222541112581903,0.023461575975942013,1.3957170865364181,0.003519236396391302,2,1.3319650833364476,3.489292716341045,z4c_spatial_or_other
734,1.8257733476545817,0.023469842747738931,1.3957170865364181,0.0035204764121608396,2,1.3314959258945442,3.489292716341045,z4c_spatial_or_other
735,1.8292938240667425,0.023478231850359639,1.3957170865364181,0.0035217347775539456,2,1.3310201636637009,3.489292716341045,z4c_spatial_or_other
736,1.8328155588442965,0.023486741083520075,1.3957170865364181,0.003523011162528011,2,1.3305379358027312,3.489292716341045,z4c_spatial_or_other
737,1.8363385700068244,0.023495368190046169,1.3957170865364181,0.0035243052285069253,2,1.3300493845097132,3.489292716341045,z4c_spatial_or_other
738,1.8398628752353314,0.023504110857505346,1.3957170865364181,0.0035256166286258017,2,1.3295546549050261,3.489292716341045,z4c_spatial_or_other
739,1.8433884918639571,0.023512080447722478,1.3957170865364181,0.0035268120671583716,2,1.329103992710567,3.489292716341045,z4c_spatial_or_other
740,1.8469153039311155,0.023519954828024974,1.3957170865364181,0.0035279932242037459,2,1.328659014377203,3.489292716341045,z4c_spatial_or_other
741,1.8504432971553193,0.023527953228403113,1.3957170865364181,0.003529192984260467,2,1.3282073326410211,3.489292716341045,z4c_spatial_or_other
742,1.8539724901395798,0.023536073550598152,1.3957170865364181,0.0035304110325897224,2,1.3277490798462348,3.489292716341045,z4c_spatial_or_other
743,1.8575029011721695,0.023544313637542114,1.3957170865364181,0.003531647045631317,2,1.3272843915131567,3.489292716341045,z4c_spatial_or_other
744,1.8610345482178008,0.023552671274808229,1.3957170865364181,0.0035329006912212342,2,1.3268134062323869,3.489292716341045,z4c_spatial_or_other
745,1.864567448909022,0.023561144192194933,1.3957170865364181,0.0035341716288292396,2,1.3263362655516595,3.489292716341045,z4c_spatial_or_other
746,1.8681016205378513,0.023569730065442215,1.3957170865364181,0.0035354595098163319,2,1.3258531138554932,3.489292716341045,z4c_spatial_or_other
747,1.8716370800476676,0.023577493390356388,1.3957170865364181,0.0035366240085534578,2,1.325416552243921,3.489292716341045,z4c_spatial_or_other
748,1.8751737040562211,0.0235852287736306,1.3957170865364181,0.0035377843160445898,2,1.3249818477461188,3.489292716341045,z4c_spatial_or_other
749,1.8787114883722658,0.023593085609333642,1.3957170865364181,0.0035389628414000461,2,1.3245406097978643,3.489292716341045,z4c_spatial_or_other
750,1.8822504512136657,0.023601061783771207,1.3957170865364181,0.0035401592675656807,2,1.3240929703208706,3.489292716341045,z4c_spatial_or_other
751,1.8857906104812314,0.023609155125472486,1.3957170865364181,0.0035413732688208727,2,1.3236390643341414,3.489292716341045,z4c_spatial_or_other
752,1.8893319837500524,0.023617363406725999,1.3957170865364181,0.0035426045110088997,2,1.3231790298446395,3.489292716341045,z4c_spatial_or_other
753,1.8928745882610614,0.023625684345249115,1.3957170865364181,0.0035438526517873672,2,1.3227130077306759,3.489292716341045,z4c_spatial_or_other
754,1.8964184409128488,0.023634115605989561,1.3957170865364181,0.003545117340898434,2,1.3222411416181934,3.489292716341045,z4c_spatial_or_other
755,1.8999635582537473,0.023641686452460314,1.3957170865364181,0.0035462529678690468,2,1.3218177164661582,3.489292716341045,z4c_spatial_or_other
756,1.9035098112216164,0.023649285163412716,1.3957170865364181,0.0035473927745119072,2,1.321393005499641,3.489292716341045,z4c_spatial_or_other
757,1.9070572039961284,0.02365700272888745,1.3957170865364181,0.0035485504093331175,2,1.3209619307284763,3.489292716341045,z4c_spatial_or_other
758,1.9106057544054615,0.023664837020494874,1.3957170865364181,0.003549725553074231,2,1.3205246236403831,3.489292716341045,z4c_spatial_or_other
759,1.9141554799585359,0.023672785853188653,1.3957170865364181,0.0035509178779782979,2,1.3200812187379594,3.489292716341045,z4c_spatial_or_other
760,1.9177063978365141,0.023680846986887702,1.3957170865364181,0.0035521270480331551,2,1.3196318534258258,3.489292716341045,z4c_spatial_or_other
761,1.9212585248845473,0.023689018128231452,1.3957170865364181,0.0035533527192347179,2,1.3191766678905836,3.489292716341045,z4c_spatial_or_other
762,1.9248118776037819,0.023695022385637841,1.3957170865364181,0.0035542533578456761,2,1.3188423919338192,3.489292716341045,z4c_spatial_or_other
763,1.9283661309616276,0.023694955605477144,1.3957170865364181,0.0035542433408215714,2,1.3188461088644745,3.489292716341045,z4c_spatial_or_other
764,1.9319203743024491,0.0236949238809308,1.3957170865364181,0.0035542385821396199,2,1.3188478746348442,3.489292716341045,z4c_spatial_or_other
765,1.9354746128845888,0.023694927279543816,1.3957170865364181,0.0035542390919315724,2,1.3188476854697331,3.489292716341045,z4c_spatial_or_other
766,1.9390288519765204,0.023694965867459377,1.3957170865364181,0.0035542448801189064,2,1.3188455376893391,3.489292716341045,z4c_spatial_or_other
767,1.9425830968566393,0.023695039709428194,1.3957170865364181,0.0035542559564142292,2,1.3188414277088427,3.489292716341045,z4c_spatial_or_other
768,1.9461373528130534,0.023695148868817788,1.3957170865364181,0.0035542723303226679,2,1.3188353520379947,3.489292716341045,z4c_spatial_or_other
769,1.949691625143376,0.023695293407621974,1.3957170865364181,0.0035542940111432959,2,1.3188273072806911,3.489292716341045,z4c_spatial_or_other
770,1.9532459191545193,0.023695473386470149,1.3957170865364181,0.0035543210079705223,2,1.3188172901345538,3.489292716341045,z4c_spatial_or_other
771,1.9568002401624898,0.023695688864636785,1.3957170865364181,0.0035543533296955175,2,1.3188052973904969,3.489292716341045,z4c_spatial_or_other
772,1.9603545934921853,0.0236959399000508,1.3957170865364181,0.0035543909850076199,2,1.3187913259322963,3.489292716341045,z4c_spatial_or_other
773,1.9639089844771929,0.023696226549305081,1.3957170865364181,0.003554433982395762,2,1.3187753727361473,3.489292716341045,z4c_spatial_or_other
774,1.9674634184595887,0.023696548867665913,1.3957170865364181,0.0035544823301498869,2,1.3187574348702236,3.489292716341045,z4c_spatial_or_other
775,1.9710179007897386,0.023696906909082494,1.3957170865364181,0.0035545360363623737,2,1.3187375094942275,3.489292716341045,z4c_spatial_or_other
776,1.9745724368261011,0.023697300726196489,1.3957170865364181,0.0035545951089294733,2,1.3187155938589361,3.489292716341045,z4c_spatial_or_other
777,1.9781270319350306,0.023697386693263895,1.3957170865364181,0.0035546080039895842,2,1.3187108099511653,3.489292716341045,z4c_spatial_or_other
778,1.9816816399390202,0.023696963384345546,1.3957170865364181,0.0035545445076518318,2,1.3187343666422706,3.489292716341045,z4c_spatial_or_other
779,1.9852361844466722,0.023696575429083565,1.3957170865364181,0.0035544863143625346,2,1.3187559566791189,3.489292716341045,z4c_spatial_or_other
780,1.9887906707610348,0.023696222888080126,1.3957170865364181,0.0035544334332120188,2,1.3187755764957645,3.489292716341045,z4c_spatial_or_other
781,1.9923451041942468,0.023695905820643383,1.3957170865364181,0.0035543858730965072,2,1.3187932226155139,3.489292716341045,z4c_spatial_or_other
782,1.9958994900673432,0.023695624284796355,1.3957170865364181,0.0035543436427194529,2,1.3188088916505443,3.489292716341045,z4c_spatial_or_other
783,1.9994538337100627,0.023695378337285893,1.3957170865364181,0.003554306750592884,2,1.3188225803015148,3.489292716341045,z4c_spatial_or_other
784,2.0030081404606555,0.023695168033591646,1.3957170865364181,0.0035542752050387468,2,1.3188342853571744,3.489292716341045,z4c_spatial_or_other
785,2.006562415665694,0.023694993427934945,1.3957170865364181,0.0035542490141902416,2,1.3188440036939688,3.489292716341045,z4c_spatial_or_other
786,2.0101166646798845,0.0236948545732878,1.3957170865364181,0.0035542281859931701,2,1.3188517322756406,3.489292716341045,z4c_spatial_or_other
787,2.0136708928658775,0.023694751521381736,1.3957170865364181,0.0035542127282072603,2,1.3188574681528329,3.489292716341045,z4c_spatial_or_other
788,2.0172251055940849,0.023694684322716677,1.3957170865364181,0.0035542026484075015,2,1.318861208462687,3.489292716341045,z4c_spatial_or_other
789,2.0207793082424925,0.023694653026569801,1.3957170865364181,0.0035541979539854699,2,1.3188629504284395,3.489292716341045,z4c_spatial_or_other
790,2.024333506196478,0.023694657681004334,1.3957170865364181,0.0035541986521506501,2,1.3188626913590178,3.489292716341045,z4c_spatial_or_other
791,2.0278877048486286,0.023694698332878381,1.3957170865364181,0.0035542047499317569,2,1.3188604286486316,3.489292716341045,z4c_spatial_or_other
792,2.0314419095985605,0.0236947750278537,1.3957170865364181,0.0035542162541780547,2,1.3188561597763633,3.489292716341045,z4c_spatial_or_other
793,2.0349961258527385,0.023694887810404495,1.3957170865364181,0.003554233171560674,2,1.3188498823057535,3.489292716341045,z4c_spatial_or_other
794,2.038550359024299,0.023694240103706403,1.3957170865364181,0.0035541360155559604,2,1.3188859344390487,3.489292716341045,z4c_spatial_or_other
795,2.042104495039855,0.023693567907382852,1.3957170865364181,0.0035540351861074277,2,1.3189233517786312,3.489292716341045,z4c_spatial_or_other
796,2.0456585302259627,0.023692931355477006,1.3957170865364181,0.0035539397033215506,2,1.3189587869538166,3.489292716341045,z4c_spatial_or_other
797,2.0492124699292842,0.023692330500196122,1.3957170865364181,0.0035538495750294182,2,1.3189922367384381,3.489292716341045,z4c_spatial_or_other
798,2.0527663195043138,0.023691765392569904,1.3957170865364181,0.0035537648088854856,2,1.3190236979891956,3.489292716341045,z4c_spatial_or_other
799,2.0563200843131995,0.023691236082458721,1.3957170865364181,0.0035536854123688079,2,1.3190531676453083,3.489292716341045,z4c_spatial_or_other
800,2.0598737697255682,0.023690742618561821,1.3957170865364181,0.0035536113927842729,2,1.3190806427281625,3.489292716341045,z4c_spatial_or_other
801,2.0634273811183523,0.023690285048425654,1.3957170865364181,0.0035535427572638478,2,1.3191061203409509,3.489292716341045,z4c_spatial_or_other
802,2.066980923875616,0.023689863418452067,1.3957170865364181,0.00355347951276781,2,1.3191295976683146,3.489292716341045,z4c_spatial_or_other
803,2.0705344033883839,0.023689477773906602,1.3957170865364181,0.0035534216660859904,2,1.319151071975978,3.489292716341045,z4c_spatial_or_other
804,2.0740878250544701,0.023689128158926796,1.3957170865364181,0.0035533692238390192,2,1.3191705406103784,3.489292716341045,z4c_spatial_or_other
805,2.0776411942783093,0.023688814616530447,1.3957170865364181,0.0035533221924795668,2,1.3191880009982953,3.489292716341045,z4c_spatial_or_other
806,2.0811945164707888,0.023688537188623932,1.3957170865364181,0.0035532805782935895,2,1.3192034506464734,3.489292716341045,z4c_spatial_or_other
807,2.0847477970490824,0.02368829591601047,1.3957170865364181,0.0035532443874015706,2,1.3192168871412451,3.489292716341045,z4c_spatial_or_other
808,2.088301041436484,0.02368809083839845,1.3957170865364181,0.0035532136257597673,2,1.3192283081481466,3.489292716341045,z4c_spatial_or_other
809,2.0918542550622439,0.023687921994409739,1.3957170865364181,0.0035531882991614609,2,1.3192377114115321,3.489292716341045,z4c_spatial_or_other
810,2.0954074433614052,0.023687789421587908,1.3957170865364181,0.0035531684132381861,2,1.3192450947541883,3.489292716341045,z4c_spatial_or_other
811,2.0989606117746433,0.023686999916774237,1.3957170865364181,0.0035530499875161352,2,1.3192890661459382,3.489292716341045,z4c_spatial_or_other
812,2.1025136617621594,0.023686113163261718,1.3957170865364181,0.0035529169744892577,2,1.3193384572894056,3.489292716341045,z4c_spatial_or_other
813,2.1060665787366486,0.023685262213432954,1.3957170865364181,0.0035527893320149431,2,1.3193858576865047,3.489292716341045,z4c_spatial_or_other
814,2.1096193680686635,0.023684447112336273,1.3957170865364181,0.0035526670668504408,2,1.3194312643981094,3.489292716341045,z4c_spatial_or_other
815,2.1131720351355141,0.02368366790394788,1.3957170865364181,0.0035525501855921821,2,1.3194746745621642,3.489292716341045,z4c_spatial_or_other
816,2.1167245853211063,0.023682924631179568,1.3957170865364181,0.0035524386946769351,2,1.3195160853933581,3.489292716341045,z4c_spatial_or_other
817,2.1202770240157833,0.0236822173358864,1.3957170865364181,0.00355233260038296,2,1.3195554941827978,3.489292716341045,z4c_spatial_or_other
818,2.1238293566161661,0.023681546058874389,1.3957170865364181,0.0035522319088311582,2,1.3195928982976777,3.489292716341045,z4c_spatial_or_other
819,2.1273815885249974,0.023680910839908257,1.3957170865364181,0.0035521366259862385,2,1.319628295180941,3.489292716341045,z4c_spatial_or_other
820,2.1309337251509834,0.02368031171771914,1.3957170865364181,0.003552046757657871,2,1.3196616823509435,3.489292716341045,z4c_spatial_or_other
821,2.1344857719086412,0.023679748730012284,1.3957170865364181,0.0035519623095018422,2,1.3196930574011116,3.489292716341045,z4c_spatial_or_other
822,2.1380377342181429,0.023679221913474786,1.3957170865364181,0.0035518832870212176,2,1.3197224179995974,3.489292716341045,z4c_spatial_or_other
823,2.1415896175051641,0.023678731303783253,1.3957170865364181,0.0035518096955674877,2,1.3197497618889342,3.489292716341045,z4c_spatial_or_other
824,2.1451414272007314,0.023678276935611496,1.3957170865364181,0.0035517415403417242,2,1.3197750868856861,3.489292716341045,z4c_spatial_or_other
825,2.1486931687410733,0.023677858842638178,1.3957170865364181,0.0035516788263957265,2,1.3197983908800994,3.489292716341045,z4c_spatial_or_other
826,2.1522448475674691,0.023677477057554411,1.3957170865364181,0.0035516215586331615,2,1.3198196718357516,3.489292716341045,z4c_spatial_or_other
827,2.1557964691261025,0.023677131612071353,1.3957170865364181,0.0035515697418107028,2,1.3198389277891989,3.489292716341045,z4c_spatial_or_other
828,2.1593480388679134,0.023676726223925568,1.3957170865364181,0.0035515089335888348,2,1.3198615258059436,3.489292716341045,z4c_spatial_or_other
829,2.1628995478015023,0.023675655837683371,1.3957170865364181,0.0035513483756525054,2,1.3199211972941809,3.489292716341045,z4c_spatial_or_other
830,2.1664508961771549,0.023674621296830664,1.3957170865364181,0.0035511931945245994,2,1.3199788756149378,3.489292716341045,z4c_spatial_or_other
831,2.1700020893716796,0.023673622640356742,1.3957170865364181,0.003551043396053511,2,1.3200345580708761,3.489292716341045,z4c_spatial_or_other
832,2.1735531327677333,0.023672659906273961,1.3957170865364181,0.0035508989859410938,2,1.3200882420364524,3.489292716341045,z4c_spatial_or_other
833,2.1771040317536743,0.023671733131624833,1.3957170865364181,0.0035507599697437247,2,1.3201399249576193,3.489292716341045,z4c_spatial_or_other
834,2.180654791723418,0.023670842352489067,1.3957170865364181,0.0035506263528733597,2,1.3201896043515309,3.489292716341045,z4c_spatial_or_other
835,2.1842054180762913,0.023669987603990569,1.3957170865364181,0.0035504981405985853,2,1.3202372778062419,3.489292716341045,z4c_spatial_or_other
836,2.18775591621689,0.023669168920304497,1.3957170865364181,0.0035503753380456745,2,1.3202829429804068,3.489292716341045,z4c_spatial_or_other
837,2.1913062915549357,0.023668386334664178,1.3957170865364181,0.0035502579501996267,2,1.3203265976029792,3.489292716341045,z4c_spatial_or_other
838,2.1948565495051353,0.023667639879368114,1.3957170865364181,0.0035501459819052171,2,1.3203682394729053,3.489292716341045,z4c_spatial_or_other
839,2.1984066954870407,0.023666929585786922,1.3957170865364181,0.0035500394378680383,2,1.3204078664588186,3.489292716341045,z4c_spatial_or_other
840,2.201956734924909,0.023666255484370301,1.3957170865364181,0.003549938322655545,2,1.320445476498729,3.489292716341045,z4c_spatial_or_other
841,2.2055066732475646,0.023665617604653962,1.3957170865364181,0.0035498426406980941,2,1.3204810675997118,3.489292716341045,z4c_spatial_or_other
842,2.2090565158882627,0.02366501597526658,1.3957170865364181,0.0035497523962899867,2,1.3205146378375929,3.489292716341045,z4c_spatial_or_other
843,2.2126062682845529,0.023664450623936715,1.3957170865364181,0.0035496675935905069,2,1.320546185356632,3.489292716341045,z4c_spatial_or_other
844,2.2161559358781435,0.02366392157749975,1.3957170865364181,0.0035495882366249625,2,1.3205757083692029,3.489292716341045,z4c_spatial_or_other
845,2.2197055241147683,0.023663428861904891,1.3957170865364181,0.0035495143292857334,2,1.3206032051554677,3.489292716341045,z4c_spatial_or_other
846,2.2232550384440541,0.02366297250222197,1.3957170865364181,0.0035494458753332955,2,1.320628674063058,3.489292716341045,z4c_spatial_or_other
847,2.2268044843193873,0.023661942133458781,1.3957170865364181,0.003549291320018817,2,1.320686181368496,3.489292716341045,z4c_spatial_or_other
848,2.2303537756394061,0.023660787280503179,1.3957170865364181,0.0035491180920754766,2,1.3207506423824891,3.489292716341045,z4c_spatial_or_other
849,2.2339028937314818,0.023659668276835445,1.3957170865364181,0.0035489502415253166,2,1.3208131083814074,3.489292716341045,z4c_spatial_or_other
850,2.2374518439730071,0.023658585154569246,1.3957170865364181,0.0035487877731853867,2,1.3208735770052844,3.489292716341045,z4c_spatial_or_other
851,2.2410006317461924,0.023657537944938429,1.3957170865364181,0.0035486306917407642,2,1.3209320459606826,3.489292716341045,z4c_spatial_or_other
852,2.2445492624379333,0.023655072791490716,1.3957170865364181,0.0035482609187236073,2,1.3210697035454213,3.489292716341045,z4c_spatial_or_other
853,2.2480975233566567,0.023652289085951635,1.3957170865364181,0.0035478433628927451,2,1.3212251840165887,3.489292716341045,z4c_spatial_or_other
854,2.2516453667195493,0.023649543581005846,1.3957170865364181,0.0035474315371508769,2,1.3213785666924442,3.489292716341045,z4c_spatial_or_other
855,2.2551927982567004,0.023646836287572089,1.3957170865364181,0.0035470254431358133,2,1.3215298494887393,3.489292716341045,z4c_spatial_or_other
856,2.2587398236998362,0.023644167215640059,1.3957170865364181,0.0035466250823460088,2,1.3216790303922763,3.489292716341045,z4c_spatial_or_other
857,2.2622864487821821,0.023641536374280001,1.3957170865364181,0.0035462304561420001,2,1.3218261074604849,3.489292716341045,z4c_spatial_or_other
858,2.2658326792383243,0.0236389437716522,1.3957170865364181,0.0035458415657478298,2,1.3219710788209993,3.489292716341045,z4c_spatial_or_other
859,2.269378520804072,0.023636389415016234,1.3957170865364181,0.0035454584122524349,2,1.3221139426712452,3.489292716341045,z4c_spatial_or_other
860,2.2729239792163245,0.02363387331074028,1.3957170865364181,0.0035450809966110419,2,1.3222546972780214,3.489292716341045,z4c_spatial_or_other
861,2.2764690602129356,0.023631395464310249,1.3957170865364181,0.0035447093196465372,2,1.3223933409770865,3.489292716341045,z4c_spatial_or_other
862,2.2800137695325819,0.02362895588033884,1.3957170865364181,0.003544343382050826,2,1.3225298721727468,3.489292716341045,z4c_spatial_or_other
863,2.283558112914633,0.023626554562574544,1.3957170865364181,0.0035439831843861814,2,1.3226642893374438,3.489292716341045,z4c_spatial_or_other
864,2.2871020960990189,0.023624191513910663,1.3957170865364181,0.0035436287270865993,2,1.3227965910113377,3.489292716341045,z4c_spatial_or_other
865,2.2906457248261054,0.023621866736394184,1.3957170865364181,0.0035432800104591273,2,1.3229267758018954,3.489292716341045,z4c_spatial_or_other
866,2.2941890048365647,0.02361958023123471,1.3957170865364181,0.0035429370346852064,2,1.3230548423834716,3.489292716341045,z4c_spatial_or_other
867,2.2977319418712501,0.02361733199881336,1.3957170865364181,0.0035425997998220038,2,1.323180789496889,3.489292716341045,z4c_spatial_or_other
868,2.3012745416710723,0.023615122038691549,1.3957170865364181,0.0035422683058037321,2,1.3233046159490218,3.489292716341045,z4c_spatial_or_other
869,2.304816809976876,0.023612950349619771,1.3957170865364181,0.0035419425524429657,2,1.3234263206123755,3.489292716341045,z4c_spatial_or_other
870,2.308358752529319,0.023610816929546335,1.3957170865364181,0.00354162253943195,2,1.3235459024246665,3.489292716341045,z4c_spatial_or_other
871,2.3119003750687508,0.023608009300250511,1.3957170865364181,0.0035412013950375763,2,1.3237033077443086,3.489292716341045,z4c_spatial_or_other
872,2.3154415764637886,0.023604986303607012,1.3957170865364181,0.0035407479455410516,2,1.3238728291583366,3.489292716341045,z4c_spatial_or_other
873,2.3189823244093297,0.023602001347899415,1.3957170865364181,0.0035403002021849122,2,1.3240402599494496,3.489292716341045,z4c_spatial_or_other
874,2.3225226246115147,0.023599054439448656,1.3957170865364181,0.003539858165917298,2,1.3242055981599783,3.489292716341045,z4c_spatial_or_other
875,2.3260624827774321,0.023596145583743369,1.3957170865364181,0.003539421837561505,2,1.3243688418980504,3.489292716341045,z4c_spatial_or_other
876,2.3296019046149934,0.023593274785448197,1.3957170865364181,0.0035389912178172295,2,1.3245299893372284,3.489292716341045,z4c_spatial_or_other
877,2.3331408958328108,0.023590442048412055,1.3957170865364181,0.0035385663072618079,2,1.3246890387161496,3.489292716341045,z4c_spatial_or_other
878,2.3366794621400726,0.023587647375676351,1.3957170865364181,0.0035381471063514526,2,1.3248459883381625,3.489292716341045,z4c_spatial_or_other
879,2.340217609246424,0.023584890769483068,1.3957170865364181,0.0035377336154224599,2,1.3250008365709693,3.489292716341045,z4c_spatial_or_other
880,2.3437553428618463,0.023582172231282963,1.3957170865364181,0.0035373258346924445,2,1.3251535818462588,3.489292716341045,z4c_spatial_or_other
881,2.3472926686965385,0.023579491761743586,1.3957170865364181,0.0035369237642615377,2,1.3253042226593446,3.489292716341045,z4c_spatial_or_other
882,2.3508295924608,0.023576849360757414,1.3957170865364181,0.0035365274041136117,2,1.3254527575687951,3.489292716341045,z4c_spatial_or_other
883,2.3543661198649137,0.023574245027450001,1.3957170865364181,0.0035361367541174998,2,1.3255991851960605,3.489292716341045,z4c_spatial_or_other
884,2.3579022566190311,0.023571678760188078,1.3957170865364181,0.0035357518140282113,2,1.3257435042250956,3.489292716341045,z4c_spatial_or_other
885,2.3614380084330593,0.023569150556587804,1.3957170865364181,0.0035353725834881703,2,1.3258857134019759,3.489292716341045,z4c_spatial_or_other
886,2.3649733810165476,0.023566660413523004,1.3957170865364181,0.0035349990620284506,2,1.3260258115345078,3.489292716341045,z4c_spatial_or_other
887,2.368508380078576,0.023564208327133452,1.3957170865364181,0.0035346312490700175,2,1.3261637974918341,3.489292716341045,z4c_spatial_or_other
888,2.3720430113276461,0.02356179429283321,1.3957170865364181,0.0035342691439249813,2,1.3262996702040351,3.489292716341045,z4c_spatial_or_other
889,2.3755772804715711,0.023559418305318935,1.3957170865364181,0.0035339127457978403,2,1.326433428661725,3.489292716341045,z4c_spatial_or_other
890,2.3791111932173692,0.023557080358578227,1.3957170865364181,0.0035335620537867338,2,1.326565071915647,3.489292716341045,z4c_spatial_or_other
891,2.3826447552711558,0.023554780445897927,1.3957170865364181,0.0035332170668846887,2,1.3266945990762651,3.489292716341045,z4c_spatial_or_other
892,2.3861779723380403,0.023552518559872383,1.3957170865364181,0.003532877783980857,2,1.3268220093133567,3.489292716341045,z4c_spatial_or_other
893,2.3897108501220212,0.023549583204540925,1.3957170865364181,0.0035324374806811384,2,1.3269873920305413,3.489292716341045,z4c_spatial_or_other
894,2.3932432876027026,0.023546464343923369,1.3957170865364181,0.0035319696515885052,2,1.3271631589166668,3.489292716341045,z4c_spatial_or_other
895,2.3967752572542911,0.02354338326137689,1.3957170865364181,0.0035315074892065335,2,1.3273368425032555,3.489292716341045,z4c_spatial_or_other
896,2.4003067647434975,0.023540339957370475,1.3957170865364181,0.0035310509936055711,2,1.3275084411096465,3.489292716341045,z4c_spatial_or_other
897,2.403837815737103,0.023537334431650566,1.3957170865364181,0.0035306001647475846,2,1.3276779531151259,3.489292716341045,z4c_spatial_or_other
898,2.4073684159018507,0.023534366683248931,1.3957170865364181,0.0035301550024873394,2,1.3278453769585747,3.489292716341045,z4c_spatial_or_other
899,2.410898570904338,0.023531436710490423,1.3957170865364181,0.0035297155065735632,2,1.3280107111381179,3.489292716341045,z4c_spatial_or_other
900,2.4144282864109115,0.023528544511000688,1.3957170865364181,0.0035292816766501031,2,1.3281739542107747,3.489292716341045,z4c_spatial_or_other
901,2.4179575680875613,0.023525690081713811,1.3957170865364181,0.0035288535122570716,2,1.3283351047921093,3.489292716341045,z4c_spatial_or_other
902,2.4214864215998184,0.023522873418879948,1.3957170865364181,0.0035284310128319918,2,1.3284941615558794,3.489292716341045,z4c_spatial_or_other
903,2.4250148526126503,0.023520094518072868,1.3957170865364181,0.0035280141777109301,2,1.3286511232336871,3.489292716341045,z4c_spatial_or_other
904,2.428542866790361,0.023517353374197539,1.3957170865364181,0.0035276030061296305,2,1.3288059886146231,3.489292716341045,z4c_spatial_or_other
905,2.4320704697964906,0.023514649981497701,1.3957170865364181,0.0035271974972246548,2,1.328958756544911,3.489292716341045,z4c_spatial_or_other
906,2.4355976672937154,0.023511984333563395,1.3957170865364181,0.0035267976500345092,2,1.3291094259275502,3.489292716341045,z4c_spatial_or_other
907,2.4391244649437498,0.023509356423338561,1.3957170865364181,0.0035264034635007838,2,1.3292579957219515,3.489292716341045,z4c_spatial_or_other
908,2.4426508684072505,0.02350676624312854,1.3957170865364181,0.0035260149364692807,2,1.3294044649435754,3.489292716341045,z4c_spatial_or_other
909,2.4461768833437199,0.023504213784607687,1.3957170865364181,0.0035256320676911529,2,1.3295488326635641,3.489292716341045,z4c_spatial_or_other
910,2.4497025154114112,0.023501699038826828,1.3957170865364181,0.0035252548558240239,2,1.3296910980083743,3.489292716341045,z4c_spatial_or_other
911,2.4532277702672354,0.023499221996220721,1.3957170865364181,0.003524883299433108,2,1.3298312601594131,3.489292716341045,z4c_spatial_or_other
912,2.4567526535666686,0.023496782646615484,1.3957170865364181,0.0035245173969923223,2,1.3299693183526682,3.489292716341045,z4c_spatial_or_other
913,2.4602771709636611,0.023494380979235924,1.3957170865364181,0.0035241571468853884,2,1.3301052718783444,3.489292716341045,z4c_spatial_or_other
914,2.4638013281105464,0.023492016982712739,1.3957170865364181,0.0035238025474069105,2,1.3302391200805019,3.489292716341045,z4c_spatial_or_other
915,2.4673251306579531,0.023489604762131633,1.3957170865364181,0.0035234407143197449,2,1.3303757264736593,3.489292716341045,z4c_spatial_or_other
916,2.4708485713722728,0.023486414237502969,1.3957170865364181,0.003522962135625445,2,1.3305564520828463,3.489292716341045,z4c_spatial_or_other
917,2.4743715335078984,0.023483261111432143,1.3957170865364181,0.0035224891667148214,2,1.3307351075182163,3.489292716341045,z4c_spatial_or_other
918,2.4778940226746133,0.023480145379957778,1.3957170865364181,0.0035220218069936665,2,1.3309116913166317,3.489292716341045,z4c_spatial_or_other
919,2.4814160444816071,0.023477067038491947,1.3957170865364181,0.0035215600557737918,2,1.3310862020696155,3.489292716341045,z4c_spatial_or_other
920,2.484937604537381,0.02347402608182703,1.3957170865364181,0.0035211039122740543,2,1.3312586384230409,3.489292716341045,z4c_spatial_or_other
921,2.488458708449655,0.023471022504142475,1.3957170865364181,0.0035206533756213711,2,1.3314289990768229,3.489292716341045,z4c_spatial_or_other
922,2.4919793618252766,0.023468056299011573,1.3957170865364181,0.0035202084448517357,2,1.3315972827846074,3.489292716341045,z4c_spatial_or_other
923,2.4954995702701281,0.02346512745940808,1.3957170865364181,0.0035197691189112119,2,1.3317634883534657,3.489292716341045,z4c_spatial_or_other
924,2.4990193393890392,0.023462235977712891,1.3957170865364181,0.00098066061096080404,2,1.3319276146435837,3.489292716341045,z4c_spatial_or_other
925,2.5,0.023461436957520104,1.3957170865364181,0.0019613212219216081,2,1.3319729757636787,3.489292716341045,z4c_spatial_or_other
