axisTau,field,n128,n256,n512,E_128_256,E_256_512,Q,p
0.0,C-norm2,0.1305083885462906,0.0006854074319407438,2.9331766164378906e-06,0.12982298111434987,0.0006824742553243058,190.22399761095622,7.5715554499080895
0.0038418496973092763,C-norm2,0.12143084420480739,0.000748684224341603,3.249133392581999e-06,0.12068215998046579,0.000745435090949021,161.8949274668893,7.33891397323479
0.007683699394618553,C-norm2,0.1123532998633242,0.0008119610167424624,3.533526239418527e-06,0.11154133884658173,0.0008084274905030439,137.97321362386518,7.108244396466322
0.01152554909192783,C-norm2,0.10327575552184098,0.0008752378091433216,4.751907550233462e-06,0.10240051771269766,0.0008704859015930882,117.63604387537244,6.878186361793807
0.015367398789237105,C-norm2,0.09419821118035779,0.0008871257732306138,4.385810577506509e-06,0.09331108540712718,0.0008827399626531073,105.70619814999345,6.723916162314545
0.01920924848654638,C-norm2,0.09044941163086201,0.0008549446099452817,3.7777638257352043e-06,0.08959446702091672,0.0008511668461195465,105.26075754639199,6.717823872622193
0.02305109818385566,C-norm2,0.08925560739146267,0.0008075689793078989,3.082636746143933e-06,0.08844803841215478,0.000804486342561755,109.94349280126556,6.780618408054385
0.026892947881164933,C-norm2,0.08806180315206334,0.0007555743308695337,2.4176470442920497e-06,0.08730622882119381,0.0007531566838252416,115.92040633267735,6.856990746831127
0.03073479757847421,C-norm2,0.08668315997201693,0.000692850468402144,1.8911827035104947e-06,0.08599030950361479,0.0006909592856986335,124.45061711077437,6.959429573974321
0.03457664727578349,C-norm2,0.08473028030971723,0.0006285653556368911,1.5852960733235024e-06,0.08410171495408034,0.0006269800595635676,134.13778264754131,7.067571848797534
0.03841849697309276,C-norm2,0.08277740064741752,0.0005618838721044188,1.5714118768684735e-06,0.08221551677531311,0.0005603124602275504,146.7315517879511,7.197035317865788
0.04226034667040204,C-norm2,0.08082452098511782,0.0004980490104946441,1.8212873466928487e-06,0.08032647197462317,0.0004962277231479513,161.87421263981594,7.338729365286531
0.04610219636771132,C-norm2,0.07845494710100641,0.0004354783554340791,2.2764306885204453e-06,0.07801946874557233,0.00043320192474555864,180.09954316661245,7.492650711540298
0.04994404606502059,C-norm2,0.07600377856704488,0.0003838907499456622,2.8563876842930388e-06,0.07561988781709922,0.00038103436226136916,198.4594968503865,7.63270079081811
0.053785895762329866,C-norm2,0.07355261003308336,0.0003372411783847904,3.4655810982501493e-06,0.07321536885469856,0.00033377559728654024,219.35506804544644,7.777124228976941
0.05762774545963915,C-norm2,0.07101327475019387,0.000301620270717582,4.002374378880556e-06,0.07071165447947629,0.0002976178963387014,237.5920781289426,7.892342923915849
0.06146959515694842,C-norm2,0.0683678531311624,0.0002775453311720218,4.370156039454887e-06,0.06809030779999038,0.00027317517513256694,249.2551080710295,7.961479260348971
0.0653114448542577,C-norm2,0.06572243151213096,0.0002603963946654942,4.534195732461983e-06,0.06546203511746547,0.00025586219893303225,255.84879435277225,7.999147624665087
0.06915329455156698,C-norm2,0.06308590208014016,0.0002608749380734518,4.486193388434198e-06,0.06282502714206671,0.00025638874468501756,245.0381635092813,7.936862649279419
0.07299514424887625,C-norm2,0.060532227283720694,0.00026688620197392053,4.2511958826285e-06,0.060265341081746776,0.000262635006091292,229.46423623665203,7.842125505833637
0.07683699394618553,C-norm2,0.05797855248730122,0.00028478912242494006,3.879707750995623e-06,0.057693763364876284,0.0002809094146739444,205.38209241524447,7.682166586085198
0.0806788436434948,C-norm2,0.05542487769088175,0.00031038946343045547,3.4474662364383386e-06,0.0551144882274513,0.0003069419971940171,179.5599453033258,7.488321751674165
0.08452069334080407,C-norm2,0.05311247942471119,0.00034085072841461434,3.0420101905558215e-06,0.05277162869629657,0.0003378087182240585,156.21748595989376,7.287412138105475
0.08836254303811336,C-norm2,0.05087545825029133,0.0003784868265183125,2.7266376013380815e-06,0.05049697142377302,0.0003757601889169744,134.38616679780972,7.070240829979806
0.09220439273542264,C-norm2,0.04863843707587148,0.00041711892050584013,2.5459101235950475e-06,0.04822131815536564,0.0004145730103822451,116.31562341915256,6.86190108121612
0.09604624243273191,C-norm2,0.04661229050915488,0.00045726330420915896,2.529292474461625e-06,0.04615502720494572,0.00045473401173469735,101.49895546382324,6.6653210703387105
0.09988809213004118,C-norm2,0.044845492411505566,0.0004955719006001287,2.6732672298580934e-06,0.04434992051090544,0.0004928986333702707,89.97777130696426,6.491496727594377
0.10372994182735046,C-norm2,0.043078694313856254,0.0005328658784182811,2.9311255166020333e-06,0.04254582843543797,0.0005299347529016791,80.28503169961316,6.327059132372601
0.10757179152465973,C-norm2,0.04139699926737204,0.0005632806356769731,3.2572741762868147e-06,0.04083371863169506,0.0005600233615006863,72.91431293557747,6.188130135425128
0.11141364122196902,C-norm2,0.040188530391022596,0.0005901732906827048,3.6006463012504215e-06,0.03959835710033989,0.0005865726443814544,67.50801879296073,6.076986974617221
0.1152554909192783,C-norm2,0.03898006151467316,0.0006108387357634061,3.904296171571022e-06,0.03836922277890976,0.0006069344395918351,63.2180681734145,5.982265044726141
0.11909734061658757,C-norm2,0.03777159263832373,0.000623355658087474,4.129397648974995e-06,0.037148236980236254,0.000619226260438499,59.99137852120499,5.906683277968245
0.12293919031389684,C-norm2,0.03707265183617644,0.0006317425737598141,4.25840410966307e-06,0.036440909262416624,0.000627484169650151,58.07462725750352,5.859836084249006
0.12678104001120613,C-norm2,0.03644969497700733,0.0006296476032606874,4.288741699383264e-06,0.03582004737374664,0.0006253588615613041,57.279187320247466,5.839939118610933
0.1306228897085154,C-norm2,0.03582673811783822,0.0006227554955727354,4.2296635155204825e-06,0.035203982622265484,0.000618525832057215,56.91594562053641,5.830760990738499
0.13446473940582468,C-norm2,0.035535907643385725,0.0006101250470765034,4.106069726401656e-06,0.03492578259630922,0.0006060189773501017,57.6314998401978,5.848785660748676
0.13830658910313395,C-norm2,0.035465905760048086,0.0005903794641078136,3.9576950243543986e-06,0.03487552629594027,0.0005864217690834592,59.47174565236306,5.894132518122001
0.14214843880044323,C-norm2,0.035395903876710454,0.000567933860087549,3.8149488171998964e-06,0.034827970016622904,0.0005641189112703491,61.73870317198408,5.948103274196137
0.1459902884977525,C-norm2,0.03548410867757573,0.0005406261893277687,3.703654271207335e-06,0.03494348248824796,0.0005369225350565615,65.08105025721612,6.0241656278377445
0.14983213819506178,C-norm2,0.03587962992931579,0.0005114855747837329,3.6504082594615083e-06,0.035368144354532054,0.0005078351665242714,69.64492946914041,6.121946415466746
0.15367398789237105,C-norm2,0.036275151181055836,0.0004809646633407285,3.655879500403733e-06,0.035794186517715106,0.00047730878384032475,74.99167777664327,6.228658595875216
0.15751583758968032,C-norm2,0.03669920475244255,0.000449995630885256,3.7158236216949762e-06,0.036249209121557296,0.000446279807263561,81.22529527792297,6.343857178073956
0.1613576872869896,C-norm2,0.03743453524100158,0.0004195957697275141,3.819555008052608e-06,0.037014939471274065,0.0004157762147194615,89.02611106854518,6.476156630789688
0.16519953698429887,C-norm2,0.038169865729560604,0.00039045755551859156,3.952927833468773e-06,0.03777940817404201,0.00038650462768512276,97.74632816251842,6.6109706035352644
0.16904138668160815,C-norm2,0.03890519621811962,0.00036383586147841504,4.095215060243246e-06,0.038541360356641206,0.0003597406464181718,107.13651832336937,6.743306507621919
0.17288323637891745,C-norm2,0.03980858056146196,0.00033865623602878035,4.229632791187243e-06,0.039469924325433184,0.0003344266032375931,118.02268104069402,6.882920326315801
0.17672508607622672,C-norm2,0.040746260361951114,0.00031790154967208795,4.344416040497461e-06,0.040428358812279026,0.0003135571336315905,128.9345847247722,7.0104954862012745
0.180566935773536,C-norm2,0.041683940162440265,33418.77778898609,4.430850895600424e-06,33418.73610504592,33418.777784555234,0.9999987528116803,-1.7993135259717546e-06
0.18440878547084527,C-norm2,8233.625749098348,107984.97504972915,1093167.67123023,99751.3493006308,985182.6961805009,0.10125162539634658,-3.3039830270636625
0.18825063516815455,C-norm2,20000.864731928647,153070.979332867,1193316.3524101416,133070.11460093834,1040245.3730772746,0.12792185194468847,-2.9666653646831995
0.19209248486546382,C-norm2,20271.798407849892,152998.21441456582,1134002.3432236933,132726.41600671594,981004.1288091275,0.13529649071695224,-2.8858036753135523
0.1959343345627731,C-norm2,20128.412601138574,149396.651144031,1045734.8732372854,129268.23854289242,896338.2220932544,0.1442181481907657,-2.7936753723517675
0.19977618426008237,C-norm2,19933.261596549255,144727.44489557398,948190.8082144232,124794.18329902472,803463.3633188492,0.15532031576840044,-2.6866815495059138
0.20361803395739164,C-norm2,19699.40952062954,139380.27653852207,852285.2056396991,119680.86701789254,712904.929101177,0.1678777381561731,-2.574517164082798
0.20745988365470092,C-norm2,19431.019901723896,133609.0523319025,764914.52527273,114178.0324301786,631305.4729408275,0.1808601973594494,-2.467053151772531
0.2113017333520102,C-norm2,19130.50115558166,127559.79424478843,689492.4537210838,108429.29308920677,561932.6594762953,0.1929578059945113,-2.3736426864485916
0.21514358304931946,C-norm2,18802.769401609447,121414.67493781958,631967.2743225493,102611.90553621014,510552.59938472975,0.2009820450622882,-2.3148614723718137
0.21898543274662874,C-norm2,18453.147072480686,115301.94202272952,594607.0452289253,96848.79495024883,479305.10320619575,0.2020608466348516,-2.3071382973560906
0.22282728244393804,C-norm2,18086.85159947552,109315.16095093597,574382.4025330071,91228.30935146046,465067.2415820711,0.1961615465349031,-2.3498858365135673
0.22666913214124731,C-norm2,17707.001966880107,103539.49296261839,565862.7196118113,85832.49099573828,462323.226649193,0.18565472389918938,-2.429306070514912
0.2305109818385566,C-norm2,17316.44610094367,98051.077690126,564914.9533379499,80734.63158918233,466863.8756478239,0.17292970349687975,-2.5317423982202016
0.23435283153586586,C-norm2,16917.18255749376,92985.48159798779,571056.1646791396,76068.29904049402,478070.6830811518,0.15911517215453586,-2.651856686946301
0.23819468123317514,C-norm2,16512.294863587987,88444.57650667251,585989.4899274558,71932.28164308453,497544.91342078324,0.14457444886437823,-2.7901154924868248
0.2420365309304844,C-norm2,16104.205524543147,84521.64237733524,610893.6769024158,68417.4368527921,526372.0345250806,0.12997923971117076,-2.943646880537346
0.24587838062779369,C-norm2,15694.933090804456,81268.67297332136,644859.7721263701,65573.73988251691,563591.0991530487,0.11634985006161304,-3.103458743323359
0.24972023032510296,C-norm2,15286.354559330439,78635.97274088756,684415.0076430695,63349.618181557125,605779.034902182,0.10457545496236345,-3.257383820352531
0.25356208002241226,C-norm2,14880.325520876715,76589.96035746994,724689.6075972357,61709.63483659323,648099.6472397657,0.09521627592209386,-3.392647986146109
0.25740392971972154,C-norm2,14478.483370320808,75024.33262621093,760692.0241963877,60545.84925589013,685667.6915701767,0.08830203026956153,-3.5014095805968513
0.2612457794170308,C-norm2,14082.065564489376,73850.89601970174,788210.6418548584,59768.830455212366,714359.7458351566,0.08366769096897633,-3.5791855691199204
0.2650876291143401,C-norm2,13692.642399008348,73003.2100912001,804620.0133041743,59310.567692191755,731616.8032129742,0.08106780411784283,-3.6247271244299135
0.26892947881164936,C-norm2,13311.890096857605,72419.35985541076,809036.1715169274,59107.469758553154,736616.8116615167,0.08024181477100698,-3.6395019550668373
0.27277132850895863,C-norm2,12941.82901533155,72083.42829129906,802766.2727853607,59141.599275967514,730682.8444940617,0.08094017770037869,-3.62700017339435
0.2766131782062679,C-norm2,12584.72155552008,72005.3934547812,789151.3283892891,59420.67189926111,717145.9349345079,0.0828571550150216,-3.593229905013773
0.2804550279035772,C-norm2,12245.09819286703,72224.46455902029,772746.6822777863,59979.366366153256,700522.2177187661,0.08562093371067464,-3.545892621322175
0.28429687760088646,C-norm2,11923.377433143896,72751.36677664639,757475.7031240399,60827.98934350249,684724.3363473936,0.0888357344913202,-3.4927160672180277
0.28813872729819573,C-norm2,11621.383180328889,73628.48925394625,745967.780082455,62007.10607361735,672339.2908285088,0.09222591468246244,-3.4386839973557564
0.291980576995505,C-norm2,11340.476471730442,74849.3488333724,739193.4113423686,63508.87236164195,664344.0625089962,0.09559635728780513,-3.386900544612059
0.2958224266928143,C-norm2,11082.365229492641,76413.17299286183,736873.5413798216,65330.80776336919,660460.3683869598,0.09891707495322756,-3.3376366109128845
0.29966427639012355,C-norm2,10847.858892825341,78313.52446481993,737976.121104113,67465.66557199458,659662.596639293,0.10227298912459815,-3.289502923425179
0.3035061260874328,C-norm2,10635.409488197989,80489.1131553901,741077.7076026095,69853.70366719212,660588.5944472194,0.10574464084661606,-3.2413435456785624
0.3073479757847421,C-norm2,10444.362650528232,82878.71995101158,744756.404226804,72434.35730048335,661877.6842757924,0.10943767862447114,-3.191818561455911
0.3111898254820514,C-norm2,10273.708823522975,85415.0096685103,747940.4695771509,75141.30084498733,662525.4599086406,0.11341647286332059,-3.140297899119794
0.31503167517936065,C-norm2,10122.143784388243,88009.83172883223,750044.6024086962,77887.68794444398,662034.770679864,0.11764893838500161,-3.087439792545328
0.3188735248766699,C-norm2,9988.401742735281,90578.50954993459,751037.115775715,80590.10780719931,660458.6062257804,0.12202143638907971,-3.034793476152082
0.3227153745739792,C-norm2,9872.030397614264,93031.01437310074,751236.9746078908,83158.98397548648,658205.9602347901,0.12634188840499508,-2.9845950537431944
0.32655722427128847,C-norm2,9769.833555990634,95291.7404448218,751101.5330120226,85521.90688883117,655809.7925672008,0.13040657193307728,-2.938911517831046
0.33039907396859775,C-norm2,9680.472110399847,97301.57656753577,751012.2941456493,87621.10445713592,653710.7175781135,0.13403651202439687,-2.899302045388255
0.334240923665907,C-norm2,9602.774230865572,98994.52041806535,751165.9506766855,89391.74618719978,652171.4302586202,0.13706786596240694,-2.8670377079460296
0.3380827733632163,C-norm2,9535.722821155228,100338.9956355595,751628.5862983215,90803.27281440428,651289.5906627619,0.1394207340577968,-2.842482966263598
0.34192462306052557,C-norm2,9478.45765506292,101314.83329855456,752398.8011539313,91836.37564349163,651083.9678553768,0.14105150821942977,-2.8257060025969247
0.3457664727578349,C-norm2,9430.530258095083,101893.31321567176,753439.7774939347,92462.78295757668,651546.4642782629,0.1419127998185063,-2.816923375806885
0.34960832245514417,C-norm2,9391.986292003121,102098.17993804897,754687.8717484404,92706.19364604585,652589.6918103915,0.142058930457304,-2.8154385662709513
0.35345017215245345,C-norm2,9361.950449535738,101959.34145084264,756055.8829478358,92597.3910013069,654096.5414969932,0.14156532732826346,-2.820460136082701
0.3572920218497627,C-norm2,9340.54201899732,101502.6686884582,757474.6180586084,92162.12666946088,655971.9493701502,0.1404970544212339,-2.831388210821411
0.361133871547072,C-norm2,9328.044589912204,100800.02940512092,758932.2349013648,91471.98481520872,658132.2054962439,0.13898724914432223,-2.846975560428109
0.36497572124438127,C-norm2,9324.825012085497,99917.9081342138,760454.0706521253,90593.0831221283,660536.1625179115,0.137150830284287,-2.866164738881284
0.36881757094169054,C-norm2,9331.270427950556,98921.48626357976,762071.9370871758,89590.2158356292,663150.450823596,0.13509787367913742,-2.887923126787085
0.3726594206389998,C-norm2,9348.426510010291,97885.94400818915,763815.2883107907,88537.51749817886,665929.3443026015,0.1329533204320652,-2.9110082867699676
0.3765012703363091,C-norm2,9376.53981143116,96869.54639770235,765687.018904707,87493.00658627119,668817.4725070047,0.13081746542642073,-2.934372927125022
0.38034312003361836,C-norm2,9415.33920394054,95926.38566699457,767680.3302880089,86511.04646305402,671753.9446210143,0.12878383097826282,-2.956976622799619
0.38418496973092764,C-norm2,9465.041155852432,95089.78358687702,769799.7169447319,85624.74243102458,674709.9333578548,0.12690600537758892,-2.9781677536557973
0.3880268194282369,C-norm2,9525.801553130532,94382.03035832779,772045.271576269,84856.22880519726,677663.2412179412,0.12521887516384692,-2.997476048169529
0.3918686691255462,C-norm2,9597.69880712326,93822.14899811047,774414.9075507562,84224.4501909872,680592.7585526458,0.12375161083126952,-3.014480790518071
0.39571051882285546,C-norm2,9681.030090085198,93401.71913265962,776912.3666484144,83720.68904257442,683510.6475157548,0.12248629827034943,-3.0293077213574935
0.39955236852016474,C-norm2,9776.326386381092,93112.72655556748,779534.3584484002,83336.4001691864,686421.6318928327,0.12140701326585998,-3.0420763313528294
0.403394218217474,C-norm2,9882.251717671817,92948.32664171649,782280.7528673742,83066.07492404466,689332.4262256577,0.12050220149784803,-3.0528685910793025
0.4072360679147833,C-norm2,9998.980170535688,92884.66069125269,785161.473382375,82885.680520717,692276.8126911223,0.1197291011358756,-3.062154241171414
0.41107791761209256,C-norm2,10125.275937344613,92888.06210019068,788091.1253518699,82762.78616284607,695203.0632516792,0.11904836232415171,-3.0703803204200284
0.41491976730940183,C-norm2,10259.686709692058,92968.98205817695,791227.3412397985,82709.29534848488,698258.3591816216,0.11845084883111533,-3.077639557769304
0.4187616170067111,C-norm2,10402.250347288338,93091.11940492371,794503.5050925257,82688.86905763537,701412.385687602,0.11788909170255754,-3.0844978632082958
0.4226034667040204,C-norm2,10552.119504902415,93236.43815590358,797919.2383906813,82684.31865100117,704682.8002347777,0.11733551411138941,-3.091288352810299
0.42644531640132965,C-norm2,10707.480626117738,93388.55828429334,801471.187646726,82681.07765817559,708082.6293624328,0.1167675554089256,-3.0982886267733947
0.43028716609863893,C-norm2,10867.062212060478,93532.91751469423,805167.8328503866,82665.85530263375,711634.9153356923,0.11616329317349279,-3.1057738361507607
0.4341290157959482,C-norm2,11029.502878461406,93659.14600903503,809004.1288612102,82629.64313057362,715344.9828521751,0.11551020152698674,-3.1139078229649724
0.4379708654932575,C-norm2,11193.371908573847,93758.88302868477,812974.2099224685,82565.51112011092,719215.3268937838,0.11479943214878746,-3.122812589094619
0.44181271519056675,C-norm2,11357.166058293371,93830.08991549147,817089.5498311631,82472.9238571981,723259.4599156717,0.11402951282077113,-3.1325208276049743
0.4456545648878761,C-norm2,11517.668021805091,93871.75373495017,821341.6085157747,82354.08571314508,727469.8547808245,0.1132061832829583,-3.142975335056471
0.44949641458518536,C-norm2,11670.686336854531,93841.42586497017,825326.7600364384,82170.73952811564,731485.3341714682,0.1123340902264131,-3.1541322834695102
0.45333826428249463,C-norm2,11824.179929448574,93832.26743168221,829848.7979041383,82008.08750223364,736016.5304724561,0.11142152941808502,-3.1659000706143483
0.4571801139798039,C-norm2,11971.986932295338,93806.77136268067,834496.9607034007,81834.78443038533,740690.18934072,0.11048449892825711,-3.1780841224476255
0.4610219636771132,C-norm2,12112.976688489145,93770.909247548,839268.0862178461,81657.93255905886,745497.1769702982,0.10953486489501789,-3.1905379428220577
0.46486381337442245,C-norm2,12245.111802617163,93730.41789437346,844161.4529061944,81485.3060917563,750431.035011821,0.10858466972980765,-3.2031076608608338
0.4687056630717317,C-norm2,12368.284760068545,93690.06848152512,849162.4863787555,81321.78372145657,755472.4178972305,0.10764361715257095,-3.2156653190453963
0.472547512769041,C-norm2,12481.83481399158,93653.56662479445,854310.4270434359,81171.73181080287,760656.8604186415,0.10671267957292664,-3.2281964878893312
0.4763893624663503,C-norm2,12585.124747455624,93623.23873385621,859572.6158621348,81038.11398640058,765949.3771282786,0.10580087458290158,-3.2405765416206798
0.48023121216365955,C-norm2,12677.61273930492,93600.86883358365,864935.260425288,80923.25609427872,771334.3915917043,0.10491332549983637,-3.2527301623336946
0.4840730618609688,C-norm2,12758.55775041571,93586.45318704279,870435.077015032,80827.89543662708,776848.6238279892,0.10404587580826312,-3.264708314522309
0.4879149115582781,C-norm2,12826.663606126043,93580.08345959782,876011.4922517377,80753.41985347177,782431.40879214,0.1032083054770679,-3.2763690215250247
0.49175676125558737,C-norm2,12882.937205489152,93581.45463184328,881705.0711280714,80698.51742635413,788123.6164962281,0.10239322326758411,-3.2878078588636317
0.49559861095289665,C-norm2,12927.322003772384,93589.67682103792,887512.826509828,80662.35481726554,793923.1496887901,0.1015997012417189,-3.2990319350777195
0.4994404606502059,C-norm2,12959.89014266063,93604.47104248893,893365.8474793462,80644.5808998283,799761.3764368573,0.10083580337315196,-3.3099201130174705
0.5032823103475152,C-norm2,12980.83767707433,93625.23429224636,899342.2013869203,80644.39661517202,805716.9670946739,0.10009023007913906,-3.320626936939918
0.5071241600448245,C-norm2,12989.602030314825,93651.53054838964,905355.6525618194,80661.92851807481,811704.1220134298,0.09937356030420681,-3.3309941356931563
0.5109660097421338,C-norm2,12987.015526043446,93683.2618153688,911424.3401109462,80696.24628932535,817741.0782955774,0.09868190363815527,-3.341070643341832
0.5148078594394431,C-norm2,12974.232699188608,93719.58252365071,917601.2292622938,80745.3498244621,823881.6467386431,0.09800600625598915,-3.3509860228917456
0.5186497091367523,C-norm2,12951.929109093859,93760.10929860198,923757.6877819283,80808.18018950812,829997.5784833264,0.09735953728584457,-3.360533878306934
0.5224915588340616,C-norm2,12920.885274924067,93804.5127977824,930008.5326529569,80883.62752285834,836204.0198551745,0.09672714505350848,-3.3699353720638987
0.5263334085313709,C-norm2,12881.88408349319,93852.3751918609,936265.600448279,80970.49110836771,842413.225256418,0.0961173076119757,-3.3790599527640066
0.5301752582286802,C-norm2,12835.297839699419,93903.59668164252,942522.0915216464,81068.2988419431,848618.4948400038,0.0955297337200122,-3.3879063465331622
0.5340171079259894,C-norm2,12783.079321737545,93957.76809952095,948871.8790466705,81174.6887777834,854914.1109471496,0.09495069474037678,-3.396677633372259
0.5378589576232987,C-norm2,12726.29128816482,94014.54116384253,955121.3660764354,81288.2498756777,861106.8249125929,0.09439972779675612,-3.405073490217653
0.541700807320608,C-norm2,12666.000039408847,94074.01038278962,961435.1271761099,81408.01034338078,867361.1167933203,0.09385711299158819,-3.4133901054662523
0.5455426570179173,C-norm2,12603.252640756087,94136.25200786238,967709.4718419479,81532.9993671063,873573.2198340856,0.09333275965418394,-3.4214726360805
0.5493845067152265,C-norm2,12539.01679215636,94201.73370813893,973937.0264814598,81662.71691598257,879735.2927733209,0.09282646449086406,-3.4293200186169783
0.5532263564125358,C-norm2,12474.4286372851,94270.98966846909,980214.9171539423,81796.56103118398,885943.9274854732,0.09232701810298846,-3.43710329727367
0.5570682061098451,C-norm2,12410.40435680373,94344.06060245584,986324.0055806063,81933.6562456521,891979.9449781504,0.09185593993109242,-3.4444831724985514
0.5609100558071544,C-norm2,12347.716725734928,94421.12239275631,992504.2100627053,82073.40566702138,898083.087669949,0.09138731905080018,-3.4518621996747427
0.5647519055044636,C-norm2,12287.053596316273,94502.17133538675,998569.387556472,82215.11773907048,904067.2162210853,0.090939164991207,-3.458954432542672
0.5685937552017729,C-norm2,12229.084669864746,94587.11410090282,1004580.6542292295,82358.02943103807,909993.5401283267,0.09050397151107686,-3.46587508759415
0.5724356048990822,C-norm2,12174.658327028637,94676.17040993772,1010572.8421195376,82501.51208290909,915896.6717095999,0.09007731399319632,-3.4726923813005244
0.5762774545963915,C-norm2,12123.85093730829,94769.17363745291,1016378.4162296384,82645.32270014462,921609.2425921855,0.08967501505051137,-3.479150107458707
0.5801193042937007,C-norm2,12076.948222868703,94865.96244113916,1022266.3524341207,82789.01421827046,927400.3899929816,0.08926997994781627,-3.485681087908476
0.58396115399101,C-norm2,12034.139791775298,94966.71946183634,1027933.4180767691,82932.57967006104,932966.6986149327,0.08889125388203181,-3.49181471224666
0.5878030036883193,C-norm2,11995.5229227982,95071.32053348779,1033598.5659777074,83075.79761068958,938527.2454442196,0.0885171933089364,-3.4978984826876958
0.5916448533856286,C-norm2,11961.458687722603,95179.96802254456,1039127.7327937592,83218.50933482195,943947.7647712147,0.08816007881007239,-3.5037306761781566
0.5954867030829378,C-norm2,11931.704768808424,95293.10187387415,1044551.3655286871,83361.39710506573,949258.2636548129,0.08781740470091831,-3.5093492911613455
0.5993285527802471,C-norm2,11905.913704586048,95410.62795217663,1049981.0637697289,83504.71424759057,954570.4358175523,0.08747883981559941,-3.514922102943594
0.6031704024775564,C-norm2,11883.887678618012,95532.66779341253,1055140.2629131163,83648.78011479453,959607.5951197037,0.08716977704241699,-3.520028170242098
0.6070122521748657,C-norm2,11865.387578730077,95659.35485974856,1060363.6293452336,83793.96728101849,964704.2744854849,0.08685974499875533,-3.525168472414316
0.6108541018721749,C-norm2,11850.149536514764,95790.36648277807,1065351.488852533,83940.2169462633,969561.122369755,0.08657547730575318,-3.5298977535001286
0.6146959515694842,C-norm2,11838.209437668434,95925.65940039206,1070374.0884474604,84087.44996272362,974448.4290470683,0.08629235519929396,-3.534623435754014
0.6185378012667935,C-norm2,11828.853598318836,96065.25814048642,1075183.3997269291,84236.40454216758,979118.1415864427,0.08603293204809918,-3.5389671833540954
0.6223796509641027,C-norm2,11821.778864362566,96208.95608277088,1079907.6047879048,84387.17721840831,983698.6487051339,0.08578559839386703,-3.5431207200181265
0.626221500661412,C-norm2,11816.693246764742,96356.83608654964,1084625.084394512,84540.1428397849,988268.2483079623,0.08554372052783046,-3.54719423448562
0.6300633503587213,C-norm2,11813.321337420233,96509.0177631655,1089130.1961372464,84695.69642574526,992621.1783740809,0.08532529656930884,-3.550882665996115
0.6339052000560306,C-norm2,11811.446334789567,96665.46778242986,1093643.1012556932,84854.02144764029,996977.6334732634,0.08511125886748981,-3.5545061996038707
0.6377470497533398,C-norm2,11810.872811036079,96826.52619442478,1097907.5971884392,85015.6533833887,1001081.0709940144,0.0849238446782069,-3.5576865032626426
0.6415888994506491,C-norm2,11811.254289084201,96992.58619942969,1102309.3173168388,85181.33191034549,1005316.7311174091,0.084730840812394,-3.560969004295806
0.6454307491479584,C-norm2,11812.395148913287,97163.67615484733,1106424.0944651866,85351.28100593404,1009260.4183103392,0.08456814461110594,-3.5637418629096853
0.6492725988452677,C-norm2,11814.117385844906,97339.99635753749,1110541.0895398485,85525.87897169258,1013201.093182311,0.08441155417930785,-3.5664157024973933
0.6531144485425769,C-norm2,11816.259778675434,97521.69222925155,1114552.2606034426,85705.43245057612,1017030.568374191,0.08427026199181355,-3.5688325793192606
0.6569562982398862,C-norm2,11818.681829045061,97708.47553611247,1118548.8387191154,85889.79370706741,1020840.3631830029,0.08413636137903201,-3.5711267621355125
0.6607981479371955,C-norm2,11821.242158461208,97900.3617300053,1122425.5789681429,86079.1195715441,1024525.2172381375,0.08401854646739859,-3.573148362560327
0.6646399976345048,C-norm2,11823.80700113056,98097.64956996057,1126158.178155115,86273.84256883,1028060.5285851546,0.08391903022243492,-3.574858183706159
0.668481847331814,C-norm2,11826.277402601398,98300.31434561127,1130033.7563113011,86474.03694300988,1031733.4419656899,0.08381432008083108,-3.5766594333845707
0.6723236970291233,C-norm2,11828.566629354515,98508.69292911222,1133665.2370253052,86680.12629975771,1035156.5440961929,0.08373624916358823,-3.578003893553261
0.6761655467264326,C-norm2,11830.59839066267,98723.5528744103,1137347.6811776743,86892.95448374764,1038624.128303264,0.08366159818152817,-3.579290631829326
0.6800073964237419,C-norm2,11832.300567630178,98945.13927248336,1140880.8718451,87112.83870485317,1041935.7325726168,0.08360672926511993,-3.5802371244217817
0.6838492461210511,C-norm2,11833.575344189787,99174.15106192479,1144578.9648961993,87340.575717735,1045404.8138342745,0.08354713366718904,-3.5812658565818225
0.6876910958183604,C-norm2,11833.695673256547,99401.54542410915,1147925.0279777865,87567.8497508526,1048523.4825536774,0.08351539208028154,-3.5818140756437282
0.6915329455156698,C-norm2,11832.98779134758,99646.78217754494,1151415.6309791775,87813.79438619736,1051768.8488016326,0.08349153379685174,-3.5822262768412734
0.6953747952129791,C-norm2,11832.862213339888,99900.74817320489,1154916.1947327175,88067.885959865,1055015.4465595125,0.08347544696815694,-3.582504276574479
0.6992166449102883,C-norm2,11832.277995885835,100161.95255526889,1158355.623111798,88329.67455938306,1058193.670556529,0.0834721252045747,-3.5825616873146937
0.7030584946075976,C-norm2,11831.204503645897,100427.39283659872,1161735.743521603,88596.18833295282,1061308.3506850044,0.08347827309167015,-3.582455433884704
0.7069003443049069,C-norm2,11829.71637665844,100693.08302830246,1165159.6633331846,88863.36665164401,1064466.580304882,0.08348159378211008,-3.5823980459181186
0.7107421940022162,C-norm2,11827.863276056862,100955.32691267667,1168662.9779420386,89127.46363661981,1067707.6510293619,0.08347553148157483,-3.5825028159410643
0.7145840436995254,C-norm2,11825.702025269435,101210.90986074613,1171924.5207250898,89385.2078354767,1070713.6108643436,0.08348190116245899,-3.5823927339053916
0.7184258933968347,C-norm2,11823.297876611117,101458.97035865491,1175430.5827345813,89635.6724820438,1073971.6123759265,0.08346186384176817,-3.5827390510419606
0.722267743094144,C-norm2,11820.718655843319,101700.58890869214,1178847.0594934358,89879.87025284882,1077146.4705847437,0.08344257044639092,-3.5830725890462127
0.7261095927914533,C-norm2,11818.02796552419,101939.03163913716,1182308.0687110487,90121.00367361297,1080369.0370719116,0.08341687014454333,-3.583517007392418
0.7299514424887625,C-norm2,11815.281348433296,102179.80632465403,1185695.23009293,90364.52497622072,1083515.4237682759,0.08339938961085465,-3.5838193649610868
0.7337932921860718,C-norm2,11812.529548428101,102428.90881573099,1189346.0938145518,90616.3792673029,1086917.1849988208,0.08337008607275007,-3.584326365050471
0.7376351418833811,C-norm2,11809.80176444331,102691.39196503596,1192757.9625909338,90881.59020059265,1090066.5706258977,0.08337251379831782,-3.58428435457876
0.7414769915806904,C-norm2,11807.117894129466,102970.95364618352,1196345.6001745474,91163.83575205406,1093374.646528364,0.08337840651556494,-3.584182389396951
0.7453188412779996,C-norm2,11804.49178341702,103267.49891273888,1200121.2047527756,91463.00712932186,1096853.7058400367,0.08338669655063433,-3.584038954202496
0.7491606909753089,C-norm2,11801.933715364978,103579.26517032005,1204188.2972809123,91777.33145495507,1100609.0321105924,0.08338776875105003,-3.5840204039020076
0.7530025406726182,C-norm2,11799.45113195781,103903.82054070455,1209002.4573741711,92104.36940874673,1105098.6368334666,0.0833449307951924,-3.5847617354825037
0.7568443903699275,C-norm2,11797.055421648525,104238.61123866998,1214704.7927093534,92441.55581702146,1110466.1814706833,0.08324571910383922,-3.5864801060167655
0.7606862400672367,C-norm2,11794.743933207837,104579.73232382459,1219553.0892161268,92784.98839061675,1114973.3568923022,0.08321722471398844,-3.5869740143231974
0.764528089764546,C-norm2,11792.518857963907,104923.54949175501,1221278.7752680422,93131.0306337911,1116355.2257762873,0.08342419015329997,-3.583390413371493
0.7683699394618553,C-norm2,11790.389236910118,105266.57537137816,1219951.4353579232,93476.18613446804,1114684.859986545,0.08385884610973936,-3.5758932108092374
0.7722117891591646,C-norm2,11788.371655795087,105606.31221995024,1218346.6255437196,93817.94056415516,1112740.3133237695,0.08431252057716843,-3.5681092996121118
0.7760536388564738,C-norm2,11786.49003250101,105942.5763668166,1220558.3983862554,94156.0863343156,1114615.8220194387,0.08447402636338454,-3.565348372604786
0.7798954885537831,C-norm2,11784.77263478486,106276.939923361,1225779.4856206921,94492.16728857614,1119502.5456973312,0.08440549568354715,-3.566519253196805
0.7837373382510924,C-norm2,11783.247159553062,106611.88611291623,1229308.8159404562,94828.63895336316,1122696.92982754,0.08446503810064752,-3.5655018873898983
0.7875791879484016,C-norm2,11781.95694424808,106950.08108888318,1227597.5868597308,95168.12414463509,1120647.5057708477,0.08492244318981715,-3.5577103120885543
0.7914210376457109,C-norm2,11780.896659713006,107293.80725104698,1226080.660772257,95512.91059133397,1118786.8535212101,0.08537185639134186,-3.5500956390908325
0.7952628873430202,C-norm2,11779.241419062326,107635.97841480779,1220461.437649794,95856.73699574546,1112825.4592349862,0.08613815958312307,-3.5372036903029893
0.7991047370403295,C-norm2,11778.062977264472,107995.97074497923,1207032.1975913763,96217.90776771476,1099036.226846397,0.08754753066130033,-3.513789702754238
0.8029465867376387,C-norm2,11777.738304582428,108369.23026006634,1203636.6577527963,96591.49195548391,1095267.4274927299,0.088189869917523,-3.5032432421448547
0.806788436434948,C-norm2,11777.673244375546,108752.20956017343,1195927.5145921025,96974.53631579789,1087175.3050319292,0.08919861945627053,-3.486834808317543
0.8106302861322573,C-norm2,11777.857660199594,109141.10582758972,1187754.5344996678,97363.24816739013,1078613.428672078,0.09026704617172969,-3.4696567912348835
0.8144721358295666,C-norm2,11778.283653033985,109531.86714371141,1179374.9258375985,97753.58349067743,1069843.0586938872,0.09137189113515343,-3.4521057745668102
0.8183139855268758,C-norm2,11778.947483631326,109922.59449014232,1172272.5346740447,98143.64700651099,1062349.9401839024,0.09238353888316823,-3.436220378038862
0.8221558352241851,C-norm2,11779.843142788835,110314.74099091726,1166144.1639315484,98534.89784812843,1055829.4229406312,0.09332463720673279,-3.4215981946156786
0.8259976849214944,C-norm2,11780.963115847637,110711.20369112004,1161545.2558226902,98930.2405752724,1050834.0521315702,0.09414449443715381,-3.4089794611642126
0.8298395346188037,C-norm2,11783.461182130404,111131.10630129122,1157686.0941728926,99347.64511916082,1046554.9878716014,0.09492826107609119,-3.3970185340921435
0.8336813843161129,C-norm2,11786.872102898931,111623.31221310206,1161070.6346691756,99836.44011020314,1049447.3224560735,0.09513239776204391,-3.3939194487839446
0.8375232340134222,C-norm2,11788.434442581287,112043.4629542834,1159414.2660174265,100255.02851170211,1047370.803063143,0.09572066379786034,-3.3850257881494548
0.8413650837107315,C-norm2,11791.137215404486,112502.75540890027,1160553.3234927566,100711.61819349579,1048050.5680838563,0.09609423558409605,-3.379406299292541
0.8452069334080408,C-norm2,11793.287341112436,112937.02960943714,1161835.5810336792,101143.74226832471,1048898.551424242,0.09642852698288805,-3.3743961797460496
0.84904878310535,C-norm2,11795.192039931537,113375.48504442697,1164245.296795302,101580.29300449543,1050869.811750875,0.09666306127421291,-3.370891504804338
0.8528906328026593,C-norm2,11797.18625355847,113817.32151743663,1167340.594241174,102020.13526387817,1053523.2727237374,0.0968370969158748,-3.3682963604156755
0.8567324824999686,C-norm2,11799.260535633071,114260.78478735655,1170182.5420209519,102461.52425172347,1055921.7572335952,0.09703514824825844,-3.3653487721807287
0.8605743321972779,C-norm2,11801.405373210351,114704.8756534939,1173045.093589018,102903.47028028355,1058340.2179355242,0.09723099296085959,-3.36243993495759
0.8644161818945871,C-norm2,11803.611789954075,115151.050992264,1176278.7911093454,103347.43920230994,1061127.7401170814,0.0973939661504909,-3.360023794001084
0.8682580315918964,C-norm2,11805.87175673183,115602.92358954194,1179600.8483043795,103797.0518328101,1063997.9247148375,0.0975538104180314,-3.3576579646714793
0.8720998812892057,C-norm2,11808.178555443299,116064.59979497308,1183504.5621511864,104256.42123952978,1067439.9623562132,0.09766958790768841,-3.355946780139405
0.875941730986515,C-norm2,11810.528656946419,116539.3799790212,1187744.7989154712,104728.85132207478,1071205.41893645,0.09776729044748035,-3.3545043197136266
0.8797835806838242,C-norm2,11812.925545703481,117034.45649933259,1192181.6371251997,105221.53095362912,1075147.180625867,0.09786709471011897,-3.3530323174667447
0.8836254303811335,C-norm2,11815.381970803073,117567.25775236808,1197069.0673165608,105751.875781565,1079501.8095641928,0.09796359287647535,-3.3516105031531556
0.8874672800784429,C-norm2,11816.658379244307,118162.48439547679,1202060.6204598339,106345.82601623247,1083898.1360643571,0.0981142253850302,-3.3493938647004518
0.8913091297757522,C-norm2,11819.133235538471,118860.39350877318,1207141.261324752,107041.26027323471,1088280.8678159788,0.09835812007616282,-3.345812028882167
0.8951509794730614,C-norm2,11821.730124103093,119641.34072772777,1212464.1603007661,107819.61060362468,1092822.8195730383,0.0986615658755638,-3.3413680049865793
0.8989928291703707,C-norm2,11824.481202294215,120415.67552757432,1217806.168950432,108591.1943252801,1097390.4934228577,0.0989540140689342,-3.3370979584000064
0.90283467886768,C-norm2,11827.41736291613,121017.21354761248,1223529.0343748245,109189.79618469634,1102511.820827212,0.09903730202436424,-3.3358841766067098
0.9066765285649893,C-norm2,11830.566831560835,121306.63320694855,1229254.6593398997,109476.06637538772,1107948.026132951,0.09880974900735177,-3.3392027982614594
0.9105183782622985,C-norm2,11833.953493204981,121292.88450453736,1235205.8566988679,109458.93101133237,1113912.9721943305,0.09826524490122954,-3.3471749448741543
0.9143602279596078,C-norm2,11837.595320103566,121206.95049024616,1241389.6624556314,109369.3551701426,1120182.7119653854,0.09763528217486203,-3.3564536053006084
0.9182020776569171,C-norm2,11841.502601262515,121351.61186312005,1247554.12826641,109510.10926185753,1126202.51640329,0.09723838090115071,-3.362330318264598
0.9220439273542264,C-norm2,11845.676269048132,121847.09512177069,1254068.8474228983,110001.41885272256,1132221.7523011276,0.09715536610134513,-3.363562508590954
0.9258857770515356,C-norm2,11850.107449391164,122517.89219372845,1260560.4607659935,110667.78474433729,1138042.568572265,0.09724397645614953,-3.362247301176984
0.9297276267488449,C-norm2,11854.778558014716,123004.69408801621,1267243.409197654,111149.9155300015,1144238.715109638,0.09713874741543892,-3.3638093065547987
0.9335694764461542,C-norm2,11859.673837119735,123109.65442690536,1274114.0734935633,111249.98058978561,1151004.419066658,0.09665469458405511,-3.371016382960028
0.9374113261434635,C-norm2,11864.758330657298,122923.62472431836,1280949.987207556,111058.86639366107,1158026.3624832376,0.09590357352099456,-3.3822716163982105
0.9412531758407727,C-norm2,11870.003186645876,122721.18654462844,1288102.312892051,110851.18335798256,1165381.1263474226,0.09512011208334575,-3.3941057747122683
0.945095025538082,C-norm2,11875.384409897246,122661.79353779626,1295203.42385306,110786.40912789901,1172541.6303152638,0.09448398782916699,-3.403786332787855
0.9489368752353913,C-norm2,11880.880862014521,122687.01444300706,1302510.964183312,110806.13358099255,1179823.9497403048,0.0939175150711108,-3.412461952557722
0.9527787249327005,C-norm2,11886.474960834097,122634.2146967769,1309952.459170788,110747.7397359428,1187318.2444740112,0.09327553101401612,-3.4223575215018247
0.9566205746300098,C-norm2,11892.153862847774,122439.58538178775,1317378.8499959116,110547.43151893998,1194939.2646141239,0.09251301283052117,-3.4341998811656618
0.9604624243273191,C-norm2,11897.910770991424,122168.01949862034,1325081.6954644693,110270.10872762892,1202913.6759658488,0.09166917870402491,-3.4474194418346835
0.9643042740246284,C-norm2,11903.745652484602,121918.84772574395,1332681.2619136602,110015.10207325935,1210762.4141879163,0.09086431886560402,-3.4601423101129676
0.9681461237219376,C-norm2,11909.664991015718,121722.90866261165,1340496.497210069,109813.24367159593,1218773.5885474575,0.09010143040798257,-3.472306180005366
0.9719879734192469,C-norm2,11915.680767129692,121547.04287467164,1348371.8654577322,109631.36210754194,1226824.8225830607,0.08936187146646968,-3.4841967899078075
0.9758298231165562,C-norm2,11921.809064542316,121363.14231912402,1356206.1636790985,109441.3332545817,1234843.0213599745,0.08862772948585014,-3.496098035771652
0.9796716728138655,C-norm2,11928.0685942794,121183.60635854515,1364208.4680922134,109255.53776426575,1243024.8617336683,0.08789489343912653,-3.5080768403793776
0.9835135225111747,C-norm2,11934.47921031577,121033.01816029185,1372156.1876947193,109098.53894997608,1251123.1695344273,0.08720047842337876,-3.5195201394383195
0.987355372208484,C-norm2,11941.060289184346,120910.19479746874,1380385.577430195,108969.13450828439,1259475.382632726,0.08651946358848422,-3.530831469003643
0.9911972219057933,C-norm2,11938.06000410374,120807.64004794027,1388490.2942498026,108869.58004383653,1267682.6542018624,0.08588078387203398,-3.541520830399941
0.9950390716031026,C-norm2,11944.377349635339,120743.1648884798,1396497.592835819,108798.78753884447,1275754.4279473394,0.08528192037232378,-3.551616264805745
0.9988809213004118,C-norm2,11950.913005233862,120600.77888727414,1405001.7165723084,108649.86588204028,1284400.9376850342,0.08459186122821394,-3.563337324662683
1.0027227709977211,C-norm2,11957.650312996646,120491.87833778809,1413386.5995706124,108534.22802479145,1292894.7212328243,0.08394668664228123,-3.5743828063525545
1.0065646206950305,C-norm2,11964.572128302656,120461.0036042501,1421984.2568418523,108496.43147594745,1301523.2532376023,0.08336111645032643,-3.5844815901026017
1.0104064703923397,C-norm2,11971.66443964867,120478.56137008253,1430906.7537974748,108506.89693043387,1310428.1924273924,0.08280262707828302,-3.5941796489500457
1.014248320089649,C-norm2,11978.913932043053,120493.96151079902,1439872.7296082384,108515.04757875597,1319378.7680974393,0.08224707733870541,-3.6038917763842573
1.0180901697869582,C-norm2,11986.30623675323,120474.28499878712,1448907.4612474628,108487.97876203389,1328433.1762486757,0.08166611667166426,-3.614118562434563
1.0219320194842676,C-norm2,11993.825647967877,120427.0767467805,1458096.2467554738,108433.25109881262,1337669.1700086934,0.08106133678636544,-3.6248422226411683
1.0257738691815768,C-norm2,12001.454415227792,120383.06848218056,1467387.8834506194,108381.61406695277,1347004.8149684388,0.08046119276083821,-3.635563065067562
1.0296157188788861,C-norm2,12009.176292792632,120365.72263267983,1476741.283493187,108356.5463398872,1356375.5608605072,0.079886831838185,-3.6458984739481575
1.0334575685761953,C-norm2,12016.984100757343,120376.11889791288,1486165.0205490042,108359.13479715554,1365788.9016510914,0.07933812807100793,-3.6558418312949743
1.0372994182735047,C-norm2,12024.885647126388,120398.5457714703,1495674.896588547,108373.6601243439,1375276.3508170766,0.07880136967378022,-3.6656354838951377
1.0411412679708139,C-norm2,12032.903796861558,120422.38422228419,1505279.3542894041,108389.48042542263,1384856.97006712,0.0782676354079868,-3.675440330393315
1.0449831176681232,C-norm2,12041.070768942413,120448.58691010375,1514966.7696802185,108407.51614116134,1394518.1827701149,0.07773833104550651,-3.685230054804295
1.0488249673654324,C-norm2,12049.419016227163,120478.96744038165,1524711.744924296,108429.54842415449,1404232.7774839143,0.07721622095906144,-3.6949522407401303
1.0526668170627418,C-norm2,12057.970668452897,120507.059082236,1534516.0586197828,108449.0884137831,1414008.999537547,0.07669617976211714,-3.7047014709188595
1.056508666760051,C-norm2,12066.728082696203,120525.04677641773,1544396.8793706459,108458.31869372152,1423871.8325942282,0.07617140546710269,-3.714606674116561
1.0603505164573603,C-norm2,12075.668580141048,120537.08907003647,1554352.5684691195,108461.42048989542,1433815.479399083,0.0756453128371525,-3.724605497366961
1.0641923661546695,C-norm2,12084.744894691084,120559.96676048914,1564364.4708709917,108475.22186579806,1443804.5041105025,0.07513151646013692,-3.7344379677511403
1.0680342158519789,C-norm2,12093.890670477878,120609.05971249857,1574429.8998009698,108515.16904202069,1453820.8400884713,0.0746413629862515,-3.743880859057289
1.071876065549288,C-norm2,12103.02956667256,120681.30650434348,1584561.0306107644,108578.27693767092,1463879.724106421,0.07417158332727716,-3.7529896234830367
1.0757179152465974,C-norm2,12112.08560861521,120755.50892724394,1594757.6347800335,108643.42331862873,1474002.1258527895,0.07370642240815811,-3.762065855763598
1.0795597649439066,C-norm2,12120.99184003877,120813.7700392163,1605010.818524194,108692.77819917753,1484197.0484849776,0.0732333879184895,-3.771354650521365
1.083401614641216,C-norm2,12129.695723770144,120856.642474146,1615318.7045605842,108726.94675037586,1494462.062086438,0.07275323309216745,-3.780844828181364
1.0872434643385251,C-norm2,12138.157133951021,120901.10143418469,1625684.217623328,108762.94430023366,1504783.1161891434,0.07227815299767273,-3.790296549858104
1.0910853140358345,C-norm2,12146.363103619318,120961.78824294214,1636109.7190196966,108815.42513932282,1515147.9307767544,0.07181835049171575,-3.7995036718981634
1.0949271637331437,C-norm2,12154.324657136354,121030.73017657838,1646590.3013792553,108876.40551944202,1525559.571202677,0.07136817701167131,-3.8085752682056246
1.098769013430453,C-norm2,12162.071457088266,121083.87757168467,1657122.250570231,108921.8061145964,1536038.372998546,0.07091086266417089,-3.817849542404033
1.1026108631277622,C-norm2,12169.6528689798,121105.23166658878,1667709.6401220048,108935.57879760898,1546604.408455416,0.07043532153539006,-3.8275571043115675
1.1064527128250716,C-norm2,12177.135133412956,121108.6318481274,1678353.6928795492,108931.49671471445,1557245.0610314219,0.06995141576661353,-3.8375029329736496
1.1102945625223808,C-norm2,12184.597438407538,121134.45249476112,1689051.0373160734,108949.85505635358,1567916.5848213122,0.06948702253109343,-3.847112626014056
1.1141364122196902,C-norm2,12192.12642772454,121216.97534062841,1699799.099346377,109024.84891290388,1578582.1240057484,0.06906504720593609,-3.855900420991729
1.1179782619169993,C-norm2,12199.809599540189,121353.74819050437,1710594.8689833253,109153.93859096419,1589241.120792821,0.06868305706594781,-3.863901935004743
1.1218201116143087,C-norm2,12207.728647347845,121514.04707411674,1721439.0328568518,109306.31842676889,1599924.985782735,0.06831965210749721,-3.871555561187317
1.1256619613116179,C-norm2,12215.953255370336,121667.2133641266,1732334.051061673,109451.26010875627,1610666.8376975465,0.06795400361332155,-3.8792976377087602
1.1295038110089273,C-norm2,12224.535369602785,121805.82244633531,1743279.7699154946,109581.28707673252,1621473.9474691593,0.06758128136919497,-3.887232484915838
1.1333456607062364,C-norm2,12233.504364362987,121944.27264141968,1754272.4399276562,109710.76827705669,1632328.1672862365,0.06721122043703506,-3.895154088949505
1.1371875104035458,C-norm2,12242.86398385663,122099.36274864338,1765305.4578559084,109856.49876478675,1643206.095107265,0.06685497278271449,-3.9028213154375435
1.141029360100855,C-norm2,12252.591710152074,122273.01709071848,1776376.7970324121,110020.4253805664,1654103.7799416936,0.06651361705034285,-3.9102064620944383
1.1448712097981644,C-norm2,12262.640728933367,122456.45881632362,1787486.4066685971,110193.81808739025,1665029.9478522735,0.06618128294300625,-3.91743293079921
1.1487130594954735,C-norm2,12272.944354858015,122642.09582718107,1798636.2717302514,110369.15147232305,1675994.1759030703,0.06585294451447196,-3.924608239931464
1.152554909192783,C-norm2,12283.422665413538,122829.91881120138,1809826.5910931735,110546.49614578784,1686996.6722819721,0.0655285798496884,-3.9317319241234783
1.156396758890092,C-norm2,12293.99095173879,123023.47658020901,1821052.565211559,110729.48562847023,1698029.0886313498,0.06521059407628918,-3.938749826856083
1.1602386085874015,C-norm2,12304.569202060638,123222.50719560629,1832317.7628449167,110917.93799354565,1709095.2556493103,0.06489862845673064,-3.9456682006039574
1.1640804582847106,C-norm2,12315.091263822156,123421.49723530843,1843623.2780666712,111106.40597148627,1720201.7808313628,0.06458917041568765,-3.952563899427033
1.16792230798202,C-norm2,12325.51198643666,123617.19530684104,1854966.4182884716,111291.68332040438,1731349.2229816306,0.06428032071354398,-3.9594790627112326
1.1717641576793292,C-norm2,12335.810890948962,123813.51851349404,1866346.2422144727,111477.70762254507,1742532.7237009788,0.0639745274830631,-3.9663586032405087
1.1756060073766386,C-norm2,12345.991775014018,124018.8232626817,1877756.986032295,111672.83148766769,1753738.1627696133,0.06367702651307248,-3.9730832209629305
1.1794478570739477,C-norm2,12356.078738042606,124237.71796116573,1889201.6479692156,111881.63922312313,1764963.9300080498,0.06339032618225396,-3.9795934982074463
1.183289706771257,C-norm2,12366.109726444569,124465.83683473163,1900680.2688297543,112099.72710828706,1776214.4319950226,0.06311159569983789,-3.9859510891355963
1.1871315564685665,C-norm2,12376.128575289615,124693.07155077817,1912185.1467784303,112316.94297548855,1787492.0752276522,0.06283493198770351,-3.992289366416029
1.1909734061658757,C-norm2,12386.176293520339,124913.98832034711,1923712.277257469,112527.81202682677,1798798.2889371219,0.06255721540257717,-3.998679894110001
1.194815255863185,C-norm2,12396.28262829373,125131.65553904444,1935254.6193273154,112735.37291075071,1810122.963788271,0.06228050533915955,-4.005075539395319
1.1986571055604942,C-norm2,12406.459481785916,125353.84646099976,1946816.1093242904,112947.38697921384,1821462.2628632907,0.06200918310635957,-4.011374305872643
1.2024989552578036,C-norm2,12416.697777573505,125585.52323362611,1958388.861986758,113168.82545605261,1832803.338753132,0.0617463003603224,-4.01750349213351
1.2063408049551128,C-norm2,12426.968589246708,125824.62835816437,1969973.6557570882,113397.65976891766,1844149.0273989239,0.061490507591384386,-4.023492473758885
1.2101826546524221,C-norm2,12437.228349004454,126065.59979830706,1981566.4586543718,113628.3714493026,1855500.8588560647,0.06123865203670973,-4.029413662674402
1.2140245043497313,C-norm2,12447.427215177064,126306.16382350655,1993155.866419439,113858.73660832949,1866849.7025959324,0.06098977140473824,-4.0352888812142345
1.2178663540470407,C-norm2,12457.51911870775,126548.62866588737,2004747.1123708673,114091.10954717963,1878198.48370498,0.060744969467827876,-4.04109125141551
1.2217082037443499,C-norm2,12467.47162910669,126795.91556986672,2016327.7599533207,114328.44394076003,1889531.844383454,0.06050622765665265,-4.0467725490903215
1.2255500534416592,C-norm2,12477.273706321612,127046.9873016897,2027898.913656236,114569.71359536808,1900851.926354546,0.060272823993760466,-4.052348528062705
1.2293919031389684,C-norm2,12486.939792352383,127296.82150850941,2039448.2480978305,114809.88171615703,1912151.426589321,0.06004225403891881,-4.057878051761327
1.2332337528362778,C-norm2,12496.509474121409,127542.3032435907,2050982.9619177165,115045.79376946928,1923440.6586741258,0.05981249967377373,-4.063409178044735
1.237075602533587,C-norm2,12506.042636511656,127785.80012685903,2062497.8440218456,115279.75749034737,1934712.0438949866,0.05958496917105282,-4.068907745618422
1.2409174522308963,C-norm2,12515.61047932653,128033.27976875527,2073982.1715783977,115517.66928942874,1945948.8918096425,0.0593631568514642,-4.074288375227525
1.2447593019282055,C-norm2,12525.283672182813,128288.7139595844,2085436.703105791,115763.4302874016,1957147.9891462065,0.059149042856949545,-4.07950136654702
1.2486011516255149,C-norm2,12535.12030369075,128549.55338716968,2096845.2164302273,116014.43308347893,1968295.6630430575,0.058941568211412075,-4.084570744163009
1.252443001322824,C-norm2,12545.156818668083,128809.43939098496,2108216.0771619524,116264.28257231688,1979406.6377709673,0.05873693679396944,-4.089588160533187
1.2562848510201334,C-norm2,12555.404108486633,129064.62736172952,2119532.056999186,116509.22325324289,1990467.4296374565,0.058533599454307,-4.094591191557521
1.2601267007174426,C-norm2,12565.849324081253,129316.9294274847,2130796.9846357643,116751.08010340345,2001480.0552082795,0.05833237248584724,-4.099559437344971
1.263968550414752,C-norm2,12576.462768291503,129571.3456938487,2142003.983102093,116994.8829255572,2012432.6374082442,0.05813604925242698,-4.104423156098904
1.2678104001120611,C-norm2,12587.20843609665,129830.64606774747,2153161.9845599825,117243.43763165081,2023331.3384922352,0.057945742944415304,-4.109153514023161
1.2716522498093705,C-norm2,12598.056291493107,130092.47296561117,2164276.468951003,117494.41667411807,2034183.995985392,0.057759974960968,-4.113786072959875
1.2754940995066797,C-norm2,12608.99388068358,130352.86418412215,2175338.7302544806,117743.87030343857,2044985.8660703585,0.05757686263607044,-4.118367011201588
1.279335949203989,C-norm2,12620.034501330705,130610.68686796034,2186352.586649587,117990.65236662963,2055741.8997816266,0.057395654765397985,-4.122914670394715
1.2831777989012982,C-norm2,12631.21968926841,130868.87488830213,2197295.809102152,118237.65519903372,2066426.93421385,0.05721840595540629,-4.127376883519848
1.2870196485986076,C-norm2,12642.615426600381,131131.11224929805,2208170.524283522,118488.49682269766,2077039.4120342238,0.05704682161358299,-4.131709681351204
1.2908614982959168,C-norm2,12654.302952480011,131397.20245982494,2218971.5514174136,118742.89950734493,2087574.3489575887,0.05688080022952865,-4.1359144280689515
1.2947033479932262,C-norm2,12666.366032404258,131663.4721906123,2229698.946886681,118997.10615820803,2098035.4746960686,0.05671834799430477,-4.140040677210216
1.2985451976905353,C-norm2,12678.877261328138,131926.6605276011,2240353.199683535,119247.78326627298,2108426.539155934,0.056557713086846,-4.144132403873688
1.3023870473878447,C-norm2,12691.886262108843,132187.55880041514,2250942.527372482,119495.67253830629,2118754.968572067,0.05639900522278906,-4.148186473476999
1.3062288970851539,C-norm2,12705.412198389206,132450.73953233653,2261473.0962653067,119745.32733394732,2129022.35673297,0.056244278955200386,-4.152149833760111
1.3100707467824633,C-norm2,12719.442025296685,132719.68331661515,2271917.1731704595,120000.24129131847,2139197.4898538445,0.056095915342307734,-4.155960465820144
1.3139125964797724,C-norm2,12733.934707809978,132993.71828471698,2282273.1823092597,120259.783576907,2149279.464024543,0.05595353493571264,-4.159626911600315
1.3177544461770818,C-norm2,12748.830457081142,133269.20647163154,2292542.4021946727,120520.37601455039,2159273.195723041,0.055815251286066965,-4.1631968034121245
1.321596295874391,C-norm2,12764.063009880458,133543.51859556636,2302702.5352234854,120779.45558568591,2169159.016627919,0.05568031419542696,-4.166688837659466
1.3254381455717004,C-norm2,12779.572245280537,133818.07738441133,2312732.9812662774,121038.5051391308,2178914.903881866,0.05554990005506572,-4.1700718738433595
1.3292799952690095,C-norm2,12795.314185037256,134096.37506601342,2322665.626238429,121301.06088097618,2188569.2511724154,0.055424821862956934,-4.173323961539907
1.333121844966319,C-norm2,12811.26578078751,134380.10769525223,2332564.3933701026,121568.84191446472,2198184.2856748505,0.05530420843543727,-4.176466921648901
1.336963694663628,C-norm2,12827.422888833307,134667.39289100404,2342391.9845238,121839.97000217074,2207724.591632796,0.05518802955039784,-4.17950081373267
1.3408055443609375,C-norm2,12843.791305561195,134954.65707617265,2352128.512641907,122110.86577061145,2217173.8555657347,0.05507500706995916,-4.182458414650303
1.3446473940582466,C-norm2,12860.372409521471,135240.77730929616,2361805.5782735124,122380.40489977469,2226564.8009642162,0.054963774172113795,-4.185375117342805
1.348489243755556,C-norm2,12877.146424522305,135528.12635971722,2371447.0428436506,122650.97993519492,2235918.916483933,0.054854842468110704,-4.1882372054934525
1.3523310934528652,C-norm2,12894.057088813692,135819.9737892255,2381018.5240515275,122925.91670041182,2245198.550262302,0.05475057726455891,-4.190982013876877
1.3561729431501746,C-norm2,12911.001327173391,136117.3289050813,2390549.673133797,123206.3275779079,2254432.3442287156,0.054650709697859276,-4.193615958819283
1.3600147928474837,C-norm2,12927.82644850074,136417.54404368167,2400097.30758057,123489.71759518093,2263679.7635368886,0.05455264458530756,-4.196207053031016
1.363856642544793,C-norm2,12944.335710830352,136717.99506913195,2409652.644092333,123773.65935830161,2272934.6490232013,0.054455441299860345,-4.198779976569723
1.3676984922421023,C-norm2,12960.301250530452,137018.7830441147,2419259.725333782,124058.48179358426,2282240.942289667,0.054358187820923984,-4.201358829058404
1.3715403419394117,C-norm2,12975.481859755066,137322.92107382548,2428958.5726502,124347.43921407041,2291635.6515763747,0.05426143511449303,-4.203928985037688
1.3753821916367208,C-norm2,12989.642272155766,137633.1974409483,2438809.156636079,124643.55516879255,2301175.9591951305,0.054165156154503034,-4.206491109568227
1.3792240413340302,C-norm2,13002.570599300112,137949.3449980777,2448778.375691316,124946.77439877758,2310829.0306932386,0.05407010762769156,-4.209024961636996
1.3830658910313396,C-norm2,13014.09125713537,138268.98827676848,2458702.170449748,125254.8970196331,2320433.1821729797,0.05397910096352682,-4.211455241244555
1.3869077407286488,C-norm2,13024.071911305595,138590.61843124157,2468266.8188797757,125566.54651993598,2329676.200448534,0.05389871197368998,-4.213605392703679
1.3907495904259581,C-norm2,13032.42436828869,138916.0770548375,2477252.9719935074,125883.6526865488,2338336.89493867,0.05383469463233632,-4.215319949305606
1.3945914401232673,C-norm2,13039.100682657543,139249.45475136468,2485721.7780232965,126210.35406870714,2346472.3232719316,0.0537872758254906,-4.216591267450351
1.3984332898205767,C-norm2,13044.086766383483,139594.28642643164,2494205.880070445,126550.19966004817,2354611.5936440136,0.05374567933057621,-4.217707410121916
1.4022751395178858,C-norm2,13047.345494675337,139952.06222902797,2503457.085344516,126904.71673435264,2363505.0231154882,0.05369344067103837,-4.219110334140573
1.4061169892151952,C-norm2,13048.932843974102,140323.2143326175,2514039.1089058467,127274.28148864339,2373715.8945732294,0.053618161204387116,-4.221134445776886
1.4099588389125044,C-norm2,13048.954600810515,140709.0653744707,2526055.35235129,127660.11077366018,2385346.2869768194,0.053518481350335184,-4.223819011378037
1.4138006886098138,C-norm2,13047.512190418503,141113.7002471537,2538663.788779768,128066.18805673519,2397550.0885326145,0.053415437979490235,-4.226599423936735
1.417642538307123,C-norm2,13044.749243804712,141541.96288136547,2549689.2355166725,128497.21363756075,2408147.272635307,0.053359366803568634,-4.228114643094273
1.4214843880044323,C-norm2,13040.861333664852,141995.41442491228,2556201.0681230137,128954.55309124742,2414205.6536981016,0.053414899800981616,-4.226613959647875
1.4253262377017415,C-norm2,13036.102849898038,142469.48330686794,2556908.450892799,129433.3804569699,2414438.967585931,0.05360805644484087,-4.221406358502141
1.4291680873990509,C-norm2,13030.787989446157,142956.54758728755,2554481.444511845,129925.7595978414,2411524.896924557,0.053877013570764735,-4.214186306050544
1.43300993709636,C-norm2,13025.2837610356,143446.4469899364,2553904.54726496,130421.16322890081,2410458.100275024,0.054106380531576244,-4.208057454900462
1.4368517867936694,C-norm2,13019.994437996666,143926.1042971632,2557455.536939469,130906.10985916654,2413529.432642306,0.05423845596772024,-4.204540080611296
1.4406936364909786,C-norm2,13015.338590335294,144379.45221510692,2562219.5610520025,131364.11362477162,2417840.108836896,0.054331183085536805,-4.202075727100969
1.444535486188288,C-norm2,13011.721770286213,144786.39468242732,2564046.687603308,131774.6729121411,2419260.2929208805,0.05446899339344907,-4.1984209838722615
1.4483773358855971,C-norm2,13009.508428539326,145120.97727463202,2562938.087193259,132111.4688460927,2417817.109918627,0.05464080318735894,-4.193877499230486
1.4522191855829065,C-norm2,13008.996933065739,145368.71753316047,2562094.2617549435,132359.72060009473,2416725.544221783,0.05476820523396101,-4.1905175860650115
1.4560610352802157,C-norm2,13010.401371559394,145523.6181264327,2562832.5650442727,132513.2167548733,2417308.94691784,0.05481848603747265,-4.189193705032984
1.459902884977525,C-norm2,13013.842906235375,145590.73279783656,2562812.305124664,132576.8898916012,2417221.572326828,0.054846809001452904,-4.188448502996705
1.4637447346748342,C-norm2,13023.426955086468,145912.3578546897,2559722.4767417405,132888.93089960323,2413810.118887051,0.05505359757165782,-4.1830193475254065
1.4675865843721436,C-norm2,13085.52223502165,146541.8660401321,2573466.8355439906,133456.34380511043,2426924.9695038586,0.05498989275815692,-4.184689716731436
1.4714284340694528,C-norm2,13201.712204530835,146261.6029055182,2589823.0982927717,133059.89070098737,2443561.4953872534,0.05445326051837306,-4.198837753452283
1.4752702837667622,C-norm2,13207.446291111488,146650.5487235437,2599592.421471082,133443.1024324322,2452941.8727475386,0.054401249338600376,-4.200216406058181
1.4791121334640713,C-norm2,13212.760326628275,147002.0146384379,2613570.9565878534,133789.2543118096,2466568.9419494155,0.05424103581149907,-4.204471460676492
1.4829539831613807,C-norm2,13218.349645279615,147335.28084272603,2631069.9585359306,134116.93119744642,2483734.6776932045,0.05399809102074018,-4.210947784787373
1.4867958328586899,C-norm2,13224.840469568202,147665.4246905883,2650050.1513914354,134440.58422102008,2502384.726700847,0.05372498592503281,-4.218262990081424
1.4906376825559993,C-norm2,13232.739869546513,147998.2014544064,2671443.1435417957,134765.46158485988,2523444.942087389,0.05340535049414715,-4.226871902081312
1.4944795322533084,C-norm2,13242.404457629453,148331.77146741978,2698453.767193285,135089.36700979032,2550121.995725865,0.05297368801814463,-4.2385802374869606
1.4983213819506178,C-norm2,13254.007092957585,148662.77209367324,2728147.4730094783,135408.76500071565,2579484.700915805,0.052494502081226115,-4.251689857195934
1.502163231647927,C-norm2,13267.527011160448,148990.70335233404,2765826.3427402484,135723.1763411736,2616835.6393879144,0.051865380575800944,-4.269084308933224
1.5060050813452364,C-norm2,13282.759420889633,149318.6072566893,2823896.357456529,136035.84783579968,2674577.75019984,0.05086255122911843,-4.297252361382441
1.5098469310425455,C-norm2,13299.346863263205,149650.89065324786,2890965.676274825,136351.54378998466,2741314.785621577,0.04973946972641004,-4.329465062741749
1.513688780739855,C-norm2,13316.825545417658,149991.89639371846,2996273.2198368,136675.0708483008,2846281.323443081,0.04801882010839607,-4.380256234866925
1.517530630437164,C-norm2,13334.68103946927,150345.00911227582,3240298.63890827,137010.32807280656,3089953.629795994,0.044340577396254424,-4.495228632891805
1.5213724801344735,C-norm2,13352.405930745588,150714.80799288084,3593033.7615939598,137362.40206213525,3442318.953601079,0.03990403094938012,-4.647321700546531
1.5252143298317826,C-norm2,13369.552395885472,151107.14449448008,4576472.274750011,137737.5920985946,4425365.130255531,0.031124571203606274,-5.005802228150378
1.529056179529092,C-norm2,13385.773754597856,151525.35806187065,12522681.584574148,138139.5843072728,12371156.226512277,0.011166263021659182,-6.484709745418825
1.5328980292264012,C-norm2,13400.85061623949,151971.4609071836,76370350.7567704,138570.6102909441,76218379.29586321,0.00181807343020301,-9.103373814915352
1.5367398789237106,C-norm2,13414.700341502512,152443.9391184465,61215321024.42016,139029.23877694397,61215168580.48104,2.2711566757209678e-06,-18.74814133554315
0.0,H-norm2,0.1297873911159934,0.0006818808093213485,2.918561975175879e-06,0.12910551030667206,0.0006789622473461726,190.15123567076168,7.571003503922234
0.0038418496973092763,H-norm2,0.11572544281219986,0.0007167538397129247,3.033613067965279e-06,0.11500868897248694,0.0007137202266449595,161.13973610236224,7.332168487723506
0.007683699394618553,H-norm2,0.10166349450840631,0.000751626870104501,3.1608711666071057e-06,0.1009118676383018,0.0007484659989378938,134.82491894287807,7.074943356271127
0.01152554909192783,H-norm2,0.08760154620461276,0.0007864999004960772,4.286219922172665e-06,0.08681504630411668,0.0007822136805739046,110.98635636290727,6.7942385256529505
0.015367398789237105,H-norm2,0.07353959790081921,0.0007818965063066428,3.8091547766965056e-06,0.07275770139451257,0.0007780873515299463,93.50839754874532,6.547024027351958
0.01920924848654638,H-norm2,0.0680706398518561,0.0007434396143791205,3.0480996621204057e-06,0.06732720023747699,0.0007403915147170001,90.93459190062634,6.50675730096947
0.02305109818385566,H-norm2,0.06672179838903705,0.0006866853033660129,2.182352112810868e-06,0.06603511308567103,0.000684502951253202,96.47162654999894,6.592032785924644
0.026892947881164933,H-norm2,0.06537295692621801,0.0006243682954832151,1.3551527944928174e-06,0.0647485886307348,0.0006230131426887222,103.92812638157348,6.699442337759621
0.03073479757847421,H-norm2,0.06381196289639804,0.0005491274946049199,6.989149752323962e-07,0.06326283540179312,0.0005484285796296875,115.35291513164712,6.8499106532046286
0.03457664727578349,H-norm2,0.06159187753360924,0.0004719937578935543,3.140316842547737e-07,0.061119883775715686,0.00047167972620929953,129.5792046584483,7.017690397631806
0.03841849697309276,H-norm2,0.05937179217082045,0.0003919545446543051,2.882167437434281e-07,0.05897983762616614,0.00039166632791056165,150.58694971510135,7.234452937227413
0.04226034667040204,H-norm2,0.05715170680803165,0.00031532570626032104,5.869307109222133e-07,0.05683638110177133,0.00031473877554939885,180.58271022551764,7.496515959304553
0.04610219636771132,H-norm2,0.05444938610125725,0.00024021144139655103,1.1385513487814863e-06,0.0542091746598607,0.00023907289004776954,226.74747709382305,7.824942688469077
0.04994404606502059,H-norm2,0.05165263686157258,0.00017837366861267996,1.8444363541240361e-06,0.0514742631929599,0.00017652923225855592,291.5905911694411,8.187800358368984
0.053785895762329866,H-norm2,0.04885588762188791,0.00012253399821126584,2.587217180195977e-06,0.048733353623676645,0.00011994678103106986,406.29146697195006,8.666371254844526
0.05762774545963915,H-norm2,0.045953035456194245,8.009101323601519e-05,3.2418978359253366e-06,0.04587294444295823,7.684911540008986e-05,596.9222183513201,9.221399143861827
0.06146959515694842,H-norm2,0.04292251531123287,5.172461295398284e-05,3.6893833325523602e-06,0.042870790698278885,4.803522962143048e-05,892.4864320655287,9.801686426658126
0.0653114448542577,H-norm2,0.039891995166271496,3.180223982820357e-05,3.886378542560883e-06,0.03986019292644329,2.791586128564269e-05,1427.8689995835325,10.47964790946287
0.06915329455156698,H-norm2,0.0368708632681084,3.344696774279137e-05,3.822007409849151e-06,0.03683741630036561,2.962496033294222e-05,1243.458755264672,10.280142939734432
0.07299514424887625,H-norm2,0.03393720813618615,4.189163008891692e-05,3.526267402965006e-06,0.033895316506097235,3.836536268595191e-05,883.487451521175,9.787065833598886
0.07683699394618553,H-norm2,0.031003553004263898,6.496541530372736e-05,3.060338856953408e-06,0.03093858758896017,6.190507644677396e-05,499.7746447427651,8.965133900259428
0.0806788436434948,H-norm2,0.028069897872341643,9.76161887773484e-05,2.5163522774823088e-06,0.027972281683564294,9.50998364998661e-05,294.13595977742483,8.200339362375027
0.08452069334080407,H-norm2,0.02541741835844036,0.0001363148339426428,2.002026508952236e-06,0.02528110352449772,0.00013431280743369056,188.22556096877693,7.5563187486534
0.08836254303811336,H-norm2,0.02285278079226505,0.00018418643047681536,1.5954118285659827e-06,0.02266859436178823,0.00018259101864824938,124.14955855774,6.95593532146514
0.09220439273542264,H-norm2,0.020288143226089746,0.00023344777333522636,1.3518523078799478e-06,0.02005469545275452,0.0002320959210273464,86.4069276357149,6.433075079325057
0.09604624243273191,H-norm2,0.01797568465108786,0.00028491580250839107,1.3082922981727545e-06,0.01769076884857947,0.0002836075102102183,62.377645907425176,5.962957202236032
0.09988809213004118,H-norm2,0.015973373589834028,0.00033446340305965674,1.4614119542147168e-06,0.015638910186774373,0.000333001991105442,46.9634134464453,5.553465366693258
0.10372994182735046,H-norm2,0.013971062528580196,0.00038294715344289415,1.7547994740151135e-06,0.013588115375137303,0.00038119235396887903,35.64634818526987,5.155682381237944
0.10757179152465973,H-norm2,0.012071483327436804,0.0004234199584628049,2.133126511475202e-06,0.011648063368973999,0.0004212868319513297,27.64877153891122,4.789143476465157
0.11141364122196902,H-norm2,0.010743157495536011,0.0004596803885605075,2.5340590976009065e-06,0.010283477106975504,0.0004571463294629066,22.494935306726372,4.4915283127579
0.1152554909192783,H-norm2,0.009414831663635222,0.000488493180560401,2.8878274359826736e-06,0.00892633848307482,0.0004856053531244184,18.38187825904748,4.200212283525588
0.11909734061658757,H-norm2,0.008086505831734436,0.0005074286875727708,3.1461920551751394e-06,0.007579077144161664,0.0005042824955175957,15.029427377570379,3.9097181383880186
0.12293919031389684,H-norm2,0.00737296319676896,0.0005213465681428253,3.286892878501e-06,0.006851616628626135,0.0005180596752643244,13.225535504438373,3.725254233404861
0.12678104001120613,H-norm2,0.006751100792481698,0.0005224401516467134,3.305997796547876e-06,0.0062286606408349845,0.0005191341538501656,11.9981715605495,3.584742660594899
0.1306228897085154,H-norm2,0.006129238388194438,0.0005176074115373346,3.2140423408739414e-06,0.0056116309766571035,0.0005143933691964607,10.909221060572946,3.4474761890175025
0.13446473940582468,H-norm2,0.005907194828650344,0.0005056855965704964,3.0408728095406267e-06,0.005401509232079847,0.0005026447237609558,10.746177124200072,3.425751617507073
0.13830658910313395,H-norm2,0.0059509881199217565,0.00048484452846254945,2.8352546121201058e-06,0.005466143591459207,0.00048200927385042935,11.340328678313744,3.5033905496032687
0.14214843880044323,H-norm2,0.005994781411193169,0.000460578103359802,2.634692435273941e-06,0.005534203307833367,0.00045794341092452806,12.084906509868832,3.595134407190666
0.1459902884977525,H-norm2,0.0062303772212596534,0.00043005094404216884,2.4713647813344995e-06,0.005800326277217485,0.0004275795792608343,13.565489463375751,3.7618691980652192
0.14983213819506178,H-norm2,0.00683854938384827,0.00039700661371949784,2.3786583253408093e-06,0.006441542770128772,0.00039462795539415706,16.323077678809945,4.02884119468084
0.15367398789237105,H-norm2,0.007446721546436887,0.000362066729718492,2.3584226469888656e-06,0.007084654816718395,0.00035970830707150313,19.69555519692266,4.299798180463718
0.15751583758968032,H-norm2,0.008090450530962589,0.00032610127494552,2.406227390067777e-06,0.007764349256017069,0.00032369504755545224,23.98661738773423,4.584157816836293
0.1613576872869896,H-norm2,0.009122091120786555,0.00029066208894750574,2.509518331995493e-06,0.008831429031839049,0.00028815257061551026,30.648447844746325,4.9377421070288925
0.16519953698429887,H-norm2,0.010153731710610521,0.0002564647652937775,2.6513488231547276e-06,0.009897266945316743,0.0002538134164706228,38.99426233231562,5.285189954408892
0.16904138668160815,H-norm2,0.011185372300434489,0.00022513163370504595,2.805992607130224e-06,0.010960240666729442,0.00022232564109791572,49.29814038814524,5.623461321543265
0.17288323637891745,H-norm2,0.012440086848581937,0.00019545991468881727,2.952159585079908e-06,0.012244626933893119,0.00019250775510373737,63.605889161685,5.991088443274641
0.17672508607622672,H-norm2,0.01374032503787476,0.00017108230189989243,3.074639247577884e-06,0.013569242735974868,0.00016800766265231455,80.7656181971646,6.3356693654288465
0.180566935773536,H-norm2,0.015040563227167585,33119.004045309564,3.1618218339913753e-06,33118.989004746334,33119.004042147746,0.999999545958526,-6.550435315686634e-07
0.18440878547084527,H-norm2,7975.050701915956,107016.32653888232,1090541.3730257794,99041.27583696636,983525.046486897,0.10070030874225006,-3.3118599883030395
0.18825063516815455,H-norm2,19370.504930106854,151505.21785654884,1184016.3677828969,132134.71292644198,1032511.149926348,0.12797412690009935,-2.966075931271049
0.19209248486546382,H-norm2,19606.132980718845,150746.33551164164,1104960.7392338843,131140.20253092278,954214.4037222427,0.13743263780065063,-2.863203435697782
0.1959343345627731,H-norm2,19420.23415884691,146016.05436183125,987059.4062834921,126595.82020298434,841043.3519216608,0.1505223481212133,-2.7319503944135324
0.19977618426008237,H-norm2,19166.464992158744,139841.5832801095,855266.1529908206,120675.11828795077,715424.569710711,0.16867622862987072,-2.5676714244880574
0.20361803395739164,H-norm2,18860.121761665312,132720.343080903,724874.735284983,113860.22131923768,592154.39220408,0.1922813084193031,-2.378709569138434
0.20745988365470092,H-norm2,18506.637406654565,124943.17950298297,605765.8788518303,106436.5420963284,480822.69934884727,0.22136338870953842,-2.1755114603686643
0.2113017333520102,H-norm2,18110.98331723792,116791.30649597343,503904.5322299394,98680.32317873552,387113.225733966,0.25491333444275327,-1.9719212525932757
0.21514358304931946,H-norm2,17678.023795734745,108487.24804049137,426597.6163369788,90809.22424475662,318110.36829648743,0.2854645220495296,-1.8086166384189488
0.21898543274662874,H-norm2,17214.74009143664,100216.16632566066,376534.89250795764,83001.42623422401,276318.726182297,0.3003829214943077,-1.7351253052571876
0.22282728244393804,H-norm2,16728.226647108633,92118.22516434513,349660.24865125783,75389.9985172365,257542.02348691272,0.2927289204942801,-1.7723628093643014
0.22666913214124731,H-norm2,16222.771681063665,84322.6519719085,338816.60591408913,68099.88029084484,254493.9539421806,0.2675893837003165,-1.9019072150317775
0.2305109818385566,H-norm2,15702.317806394953,76937.52773904195,338483.2165651263,61235.209932647,261545.68882608437,0.23412815637487164,-2.0946296507418207
0.23435283153586586,H-norm2,15169.665042794282,70143.07421919351,347786.04480409715,54973.40917639923,277642.9705849036,0.19800036377866187,-2.33642501397041
0.23819468123317514,H-norm2,14629.191692680468,64066.058314902155,368777.01214841125,49436.866622221685,304710.9538335091,0.16224184263895375,-2.6237821521340097
0.2420365309304844,H-norm2,14084.349163061237,58823.72773536998,402941.4546306795,44739.37857230875,344117.7268953095,0.13001183919223014,-2.943285090355123
0.24587838062779369,H-norm2,13538.00089124832,54482.50990232822,449054.8466195913,40944.50901107989,394572.3367172631,0.10376933505203968,-3.2685479200203646
0.24972023032510296,H-norm2,12992.81287385089,50976.1862029131,502561.9355966207,37983.37332906221,451585.7493937076,0.08411109823562442,-3.5715600169622874
0.25356208002241226,H-norm2,12451.478890016731,48263.285126747156,557037.3745150382,35811.80623673042,508774.08938829106,0.07038842382831965,-3.8285180089054065
0.25740392971972154,H-norm2,11916.478007273401,46205.69482539847,605863.8918502969,34289.21681812507,559658.1970248984,0.06126814009051241,-4.028719133512884
0.2612457794170308,H-norm2,11389.680312990333,44686.896152889625,643467.2503392113,33297.21583989929,598780.3541863217,0.05560839731481611,-4.1685534318316515
0.2650876291143401,H-norm2,10873.11211704409,43623.43015605825,666201.0854285782,32750.318039014164,622577.6552725199,0.052604390410829024,-4.248672976576512
0.26892947881164936,H-norm2,10369.185517117534,42928.56005748327,672882.4890726629,32559.374540365738,629953.9290151796,0.0516853265623194,-4.274101431487249
0.27277132850895863,H-norm2,9880.555929744593,42577.47665348856,665204.819657999,32696.920723743962,622627.3430045104,0.0525144311298052,-4.251142255405862
0.2766131782062679,H-norm2,9411.287956684922,42586.53085217468,647630.3182131273,33175.242895489755,605043.7873609527,0.05483114377587734,-4.188860621254452
0.2804550279035772,H-norm2,8965.000320047271,42986.37840981777,626128.3044143259,34021.3780897705,583141.926004508,0.058341505854112595,-4.099333565619141
0.28429687760088646,H-norm2,8543.095420774443,43796.19120161534,605978.5501725486,35253.09578084089,562182.3589709332,0.0627075809446799,-3.9952163236188265
0.28813872729819573,H-norm2,8147.842825611045,45070.01376432227,590737.3599959553,36922.17093871123,545667.346231633,0.06766424854573937,-3.885462424947905
0.291980576995505,H-norm2,7780.935879659868,46797.25085998633,581760.6039196037,39016.31498032646,534963.3530596175,0.07293268736480796,-3.777290635444894
0.2958224266928143,H-norm2,7444.499815585132,48975.02675536726,578729.5581179052,41530.526939782125,529754.5313625379,0.07839579367629926,-3.6730799411120674
0.29966427639012355,H-norm2,7139.727856440753,51594.61233805689,580290.1249021746,44454.884481616136,528695.5125641177,0.08408409646984635,-3.5720232325016625
0.3035061260874328,H-norm2,6864.462508506249,54575.42941357215,584550.8285581229,47710.9669050659,529975.3991445507,0.09002487093189158,-3.4735325637407675
0.3073479757847421,H-norm2,6617.858678786146,57837.021071311254,589591.4970264682,51219.162392525104,531754.475955157,0.09632107430882149,-3.3760047066122656
0.3111898254820514,H-norm2,6398.630204680144,61290.37357703853,593948.0638032556,54891.74337235839,532657.690226217,0.10305256899425622,-3.2785476246625334
0.31503167517936065,H-norm2,6205.124222231094,64819.04187274518,596806.0073773466,58613.91765051409,531986.9655046015,0.11017923643094805,-3.1820757250665097
0.3188735248766699,H-norm2,6035.7578920359865,68311.5404507362,598100.127023191,62275.78255870021,529788.5865724548,0.11754836577662525,-3.088673612913419
0.3227153745739792,H-norm2,5890.059952313289,71649.51249515252,598244.8406632897,65759.45254283924,526595.3281681371,0.12487663491356088,-3.00142452865148
0.32655722427128847,H-norm2,5763.775359602052,74732.93811567369,597845.7847578974,68969.16275607164,523112.84664222365,0.13184375646435276,-2.9230988417068122
0.33039907396859775,H-norm2,5655.127005397928,77482.5536245902,597418.7693027861,71827.42661919228,519936.2156781959,0.1381466119368158,-2.8557279145819976
0.334240923665907,H-norm2,5562.537678832342,79809.68565214418,597238.1589082822,74247.14797331183,517428.473256138,0.1434925826676684,-2.8009519309838917
0.3380827733632163,H-norm2,5484.62896787962,81672.04184761744,597405.0959885046,76187.41287973782,515733.05414088716,0.14772644930942327,-2.7589999419643565
0.34192462306052557,H-norm2,5420.230944055264,83042.77851110697,597927.5786621608,77622.5475670517,514884.8001510538,0.15075711604669484,-2.729701992974416
0.3457664727578349,H-norm2,5368.726405176775,83883.25124896211,598761.540926448,78514.52484378534,514878.2896774858,0.1524914264553007,-2.7131999627569283
0.34960832245514417,H-norm2,5330.138474149513,84224.47441694654,599824.7557001906,78894.33594279703,515600.281283244,0.15301453239405155,-2.7082594170204426
0.35345017215245345,H-norm2,5303.173617399066,84105.858042584,601002.4977762388,78802.68442518494,516896.6397336548,0.152453466259309,-2.713559142320841
0.3572920218497627,H-norm2,5287.87165025179,83561.47793946102,602199.7253441872,78273.60628920923,518638.2474047262,0.15092139208955677,-2.728130782235783
0.361133871547072,H-norm2,5284.4770113385,82686.72622272198,603392.6560579948,77402.24921138347,520705.92983527284,0.14864868014057367,-2.7500214413498614
0.36497572124438127,H-norm2,5293.350742324536,81569.50199851538,604610.804781297,76276.15125619085,523041.3027827816,0.1458319846833745,-2.777620920603696
0.36881757094169054,H-norm2,5314.901936584201,80295.69918363345,605894.1515602139,74980.79724704925,525598.4523765804,0.1426579490636077,-2.8093679571150587
0.3726594206389998,H-norm2,5350.423638138316,78965.41187261192,607278.2926643915,73614.9882344736,528312.8807917795,0.13933975663085715,-2.8433211462744548
0.3765012703363091,H-norm2,5400.1934824169375,77656.49347748423,608770.3659639192,72256.29999506728,531113.872486435,0.13604671942910465,-2.877825926395505
0.38034312003361836,H-norm2,5463.837165767332,76441.22585528578,610363.1092187625,70977.38868951846,533921.8833634767,0.1329359048600736,-2.9111972779512
0.38418496973092764,H-norm2,5541.618052535652,75364.71675557042,612058.1245175601,69823.09870303478,536693.4077619897,0.13009867028961083,-2.9423218782304845
0.3880268194282369,H-norm2,5633.717007698127,74457.24815031684,613856.983396218,68823.53114261871,539399.7352459012,0.12759281594983263,-2.9703809937260024
0.3918686691255462,H-norm2,5740.2097483278485,73744.7574341014,615759.2963558403,68004.54768577355,542014.5389217389,0.1254662795965934,-2.994628418325304
0.39571051882285546,H-norm2,5861.449519843484,73216.78386213859,617764.8424473972,67355.3343422951,544548.0585852586,0.12369033968697814,-3.015195265793102
0.39955236852016474,H-norm2,5998.084330915787,72863.0689229118,619869.6652031192,66864.984591996,547006.5962802074,0.12223798587932204,-3.0322354175549644
0.403394218217474,H-norm2,6148.3636491689595,72674.6807189794,622075.596315233,66526.31706981045,549400.9155962536,0.12108883545927622,-3.0458622419943207
0.4072360679147833,H-norm2,6311.230113223815,72619.975700776,624387.808051467,66308.74558755218,551767.832350691,0.1201750839751888,-3.056790283293841
0.41107791761209256,H-norm2,6486.511854701113,72664.26304852711,626754.9674049194,66177.751193826,554090.7043563924,0.11943486991122725,-3.065703991085429
0.41491976730940183,H-norm2,6673.193420159094,72801.80405886324,629276.1919483668,66128.61063870415,556474.3878895036,0.11883495822602888,-3.0729687920787083
0.4187616170067111,H-norm2,6870.287379188045,72993.72373811057,631907.7869612874,66123.43635892252,558914.0632231769,0.11830698261124116,-3.0793928692120165
0.4226034667040204,H-norm2,7076.673187163413,73215.85772905394,634650.1518938892,66139.18454189053,561434.2941648352,0.11780396251047728,-3.0855400277217964
0.42644531640132965,H-norm2,7290.00202265217,73446.2361605644,637506.4853210167,66156.23413791222,564060.2491604524,0.11728575845644007,-3.0919002516116483
0.43028716609863893,H-norm2,7508.617872916245,73665.40276704718,640475.4545087381,66156.78489413093,566810.051741691,0.11671773408189341,-3.0989043142343693
0.4341290157959482,H-norm2,7730.752090804101,73859.30178544662,643555.1483662244,66128.54969464251,569695.8465807778,0.11607693840763517,-3.1068467217343945
0.4379708654932575,H-norm2,7954.551616081281,74016.27336765372,646747.6454867184,66061.72175157243,572731.3721190647,0.11534503777425155,-3.1159721553005286
0.44181271519056675,H-norm2,8178.074477784985,74133.22303681326,650051.4331288331,65955.14855902827,575918.2100920198,0.1145217279177368,-3.126306751715283
0.4456545648878761,H-norm2,8397.927633051218,74208.46719810167,653466.4043593416,65810.53956505045,579257.9371612399,0.11361180459186646,-3.137815352110262
0.44949641458518536,H-norm2,8610.164303942025,74218.00542136686,656760.2489882965,65607.84111742483,582542.2435669296,0.1126233193248019,-3.1504225179927476
0.45333826428249463,H-norm2,8820.13716766852,74221.03406763643,660397.1055032474,65400.896899967905,586176.0714356109,0.1115721027980446,-3.1639517503918033
0.4571801139798039,H-norm2,9022.508874637913,74199.54856647243,664141.9555422615,65177.039691834514,589942.406975789,0.11048034337105953,-3.1781383862997337
0.4610219636771132,H-norm2,9215.793215284722,74161.57466474072,667985.4522837431,64945.781449456,593823.8776190024,0.10936876049825205,-3.192727381530954
0.46486381337442245,H-norm2,9397.283512325057,74114.9030050991,671911.4295956568,64717.61949277404,597796.5265905578,0.10826028023595456,-3.2074240672449976
0.4687056630717317,H-norm2,9566.833406620464,74065.83043177046,675929.2266103239,64498.99702515,601863.3961785535,0.10716550870957972,-3.222087446745552
0.472547512769041,H-norm2,9723.55682756921,74019.47977071507,680063.9669133291,64295.922943145866,606044.487142614,0.10609109447771578,-3.23662453658062
0.4763893624663503,H-norm2,9866.600565464181,73979.07317360779,684281.6348462255,64112.47260814361,610302.5616726177,0.10505030887046354,-3.250847691036985
0.48023121216365955,H-norm2,9995.242022749733,73946.979820609,688591.7426335195,63951.73779785927,614644.7628129105,0.10404666510975431,-3.2646973701478292
0.4840730618609688,H-norm2,10108.496284166806,73923.47385349193,693003.0679102822,63814.97756932513,619079.5940567902,0.10308040869373442,-3.2781579325611365
0.4879149115582781,H-norm2,10204.640559937081,73908.76217770697,697473.7204344514,63704.121617769895,623564.9582567444,0.10216116344296015,-3.291081234782724
0.49175676125558737,H-norm2,10285.019591481074,73902.50766516778,702051.8132257808,63617.488073686705,628149.305560613,0.10127765407128665,-3.303612202256875
0.49559861095289665,H-norm2,10349.55789553438,73903.66762365484,706708.1892266816,63554.10972812046,632804.5216030268,0.10043245197920607,-3.3157025831222877
0.4994404606502059,H-norm2,10398.349862886691,73911.83311321492,711408.0586684692,63513.48325032822,637496.2255552543,0.09962958321048641,-3.3272820015579443
0.5032823103475152,H-norm2,10431.655525722494,73926.23971843465,716207.6391793268,63494.58419271215,642281.3994608922,0.0988578903982074,-3.3385000697072966
0.5071241600448245,H-norm2,10448.726602019193,73946.29848146034,721020.6127613888,63497.57187944115,647074.3142799285,0.09813026182333008,-3.3491580803440155
0.5109660097421338,H-norm2,10450.676323851929,73971.7187915928,725893.7666102452,63521.04246774087,651922.0478186525,0.09743656113531345,-3.3593929732030765
0.5148078594394431,H-norm2,10439.046490649698,74001.43061161076,730844.3859922359,63562.38412096106,656842.9553806251,0.09676953006845929,-3.3693033337943317
0.5186497091367523,H-norm2,10414.737112374185,74034.80916763462,735775.6200784673,63620.07205526044,661740.8109108327,0.09614046920831822,-3.3787123452872456
0.5224915588340616,H-norm2,10378.781917402712,74071.30488731606,740793.6872543099,63692.52296991335,666722.3823669938,0.0955308006066821,-3.3878902344447783
0.5263334085313709,H-norm2,10332.209858411217,74110.3881613618,745796.4236910405,63778.17830295058,671686.0355296787,0.09495236603014433,-3.3966522397693355
0.5301752582286802,H-norm2,10275.489394364404,74151.83070327618,750816.2375173514,63876.341308911775,676664.4068140752,0.09439884921634849,-3.4050869174756038
0.5340171079259894,H-norm2,10211.198924695931,74195.20269203847,755907.9191229922,63984.00376734254,681712.7164309537,0.0938577236791549,-3.413380718505268
0.5378589576232987,H-norm2,10140.72837096309,74240.15747860019,760905.9631036188,64099.4291076371,686665.8056250187,0.09334880022064351,-3.42122470965695
0.541700807320608,H-norm2,10065.474431754961,74286.71805169672,765971.2661338019,64221.24361994176,691684.5480821051,0.09284759041966989,-3.428991719944678
0.5455426570179173,H-norm2,9986.812115268343,74335.06544664099,770982.5782362812,64348.253331372645,696647.5127896402,0.09236845341440737,-3.436455977457829
0.5493845067152265,H-norm2,9906.0020610495,74385.73769859555,775971.7198931566,64479.73563754605,701585.982194561,0.09190567838293096,-3.443702188741229
0.5532263564125358,H-norm2,9824.553697974998,74439.3414464685,780995.5266403314,64614.78774849351,706556.1851938629,0.09145031789759889,-3.4508680047270066
0.5570682061098451,H-norm2,9743.691582653984,74496.0490836119,785867.3407904169,64752.357500957914,711371.291706805,0.09102469871337723,-3.4575981293363096
0.5609100558071544,H-norm2,9664.444378638946,74556.07985470079,790820.697918234,64891.63547606184,716264.6180635332,0.09059729301092728,-3.464388245662764
0.5647519055044636,H-norm2,9587.728590477076,74619.44435066641,795659.0934596907,65031.715760189334,721039.6491090243,0.09019159465162263,-3.4708632010774094
0.5685937552017729,H-norm2,9514.433071722922,74686.02911116561,800474.0362946657,65171.59603944269,725788.0071835001,0.08979425864633422,-3.4772329863145384
0.5724356048990822,H-norm2,9445.674195676103,74755.95891890433,805258.2897838039,65310.28472322823,730502.3308648996,0.089404621948163,-3.4835067734742777
0.5762774545963915,H-norm2,9381.57483261873,74829.05234364445,809886.2560851268,65447.47751102572,735057.2037414823,0.08903725747859403,-3.489447034235094
0.5801193042937007,H-norm2,9322.521575641069,74905.15692306357,814604.9735076835,65582.6353474225,739699.8165846199,0.0886611485862387,-3.495554137344442
0.58396115399101,H-norm2,9268.777519700036,74984.4172335113,819116.1624665449,65715.63971381127,744131.7452330336,0.08831183474538053,-3.501249402134578
0.5878030036883193,H-norm2,9220.488092393787,75066.74370939232,823650.5425771624,65846.25561699853,748583.79886777,0.08796110163830786,-3.50699051693506
0.5916448533856286,H-norm2,9178.148936812335,75152.29850870711,828047.7938548558,65974.14957189478,752895.4953461487,0.08762723376577347,-3.512476873456277
0.5954867030829378,H-norm2,9141.472748548878,75241.42601732718,832383.3354715714,66099.95326877829,757141.9094542442,0.08730193434467765,-3.5178425698426072
0.5993285527802471,H-norm2,9110.033598367174,75334.05700634405,836724.6066325192,66224.02340797689,761390.5496261751,0.08697773230898562,-3.523210094553209
0.6031704024775564,H-norm2,9083.60269785918,75430.32288256117,840823.6920357342,66346.72018470199,765393.3691531731,0.08668316562254469,-3.5281043489348223
0.6070122521748657,H-norm2,9061.897662103556,75530.3884089086,845001.4212453415,66468.49074680505,769471.0328364329,0.0863820571669711,-3.533124515401036
0.6108541018721749,H-norm2,9044.60317512698,75634.01693482103,848963.7338270822,66589.41375969406,773329.7168922612,0.08610740322678065,-3.537718908721609
0.6146959515694842,H-norm2,9031.816631210688,75741.13343551454,852990.8876670937,66709.31680430385,777249.7542315791,0.08582738873974351,-3.5424180840818633
0.6185378012667935,H-norm2,9022.604312794232,75851.6696644719,856800.8872802315,66829.06535167768,780949.2176157596,0.08557414982206785,-3.5466811356226318
0.6223796509641027,H-norm2,9016.580224509236,75965.40092764416,860567.7195158671,66948.82070313493,784602.3185882228,0.0853283493013372,-3.5508310507922736
0.626221500661412,H-norm2,9013.36299621718,76082.40669183638,864331.2771363059,67069.0436956192,788248.8704444695,0.0850861272503962,-3.554932260901767
0.6300633503587213,H-norm2,9012.582318118439,76202.86129977524,867914.953667376,67190.2789816568,791712.0923676008,0.08486706168744433,-3.558651461209892
0.6339052000560306,H-norm2,9013.93895655765,76326.7993425068,871510.4608497154,67312.86038594914,795183.6615072086,0.08465070856506642,-3.562334045587309
0.6377470497533398,H-norm2,9017.151066580444,76454.4598849163,874884.6497383323,67437.30881833586,798430.1898534159,0.08446237338635292,-3.56554740244355
0.6415888994506491,H-norm2,9021.710456726794,76586.0246530098,878419.4308509943,67564.314196283,801833.4061979845,0.08426228400316907,-3.5689691678291453
0.6454307491479584,H-norm2,9027.317365099327,76721.4150359177,881669.8492812029,67694.09767081837,804948.4342452852,0.0840974338117546,-3.5717944116907474
0.6492725988452677,H-norm2,9033.692483886187,76860.82955602393,884955.129918427,67827.13707213775,808094.300362403,0.08393468069471541,-3.5745891535049354
0.6531144485425769,H-norm2,9040.578670464427,77004.5758719213,888135.9150231711,67963.99720145688,811131.3391512498,0.08378913983593943,-3.5770929258044157
0.6569562982398862,H-norm2,9047.744359495055,77152.60695248209,891334.3786640797,68104.86259298703,814181.7717115976,0.08364822814666426,-3.5795212086395356
0.6607981479371955,H-norm2,9054.957286302766,77304.95347320118,894405.8332522502,68249.99618689841,817100.8797790491,0.08352701346418055,-3.5816133348451054
0.6646399976345048,H-norm2,9062.022803226908,77461.68429843508,897366.1557495677,68399.66149520817,819904.4714511326,0.08342394007700553,-3.583394738068801
0.668481847331814,H-norm2,9068.79255747123,77622.58667074131,900470.5605074009,68553.79411327008,822847.9738366596,0.0833128309153234,-3.5853174892331543
0.6723236970291233,H-norm2,9075.142353517389,77787.90230462115,903341.8188141395,68712.75995110377,825553.9165095183,0.08323231054565719,-3.586712502573563
0.6761655467264326,H-norm2,9080.968879641834,77958.38926255118,906280.4052814795,68877.42038290935,828322.0160189283,0.08315295144990496,-3.588088718005145
0.6800073964237419,H-norm2,9086.177412120474,78134.38399673345,909071.7967878275,69048.20658461297,830937.412791094,0.08309675978204195,-3.5890639671415387
0.6838492461210511,H-norm2,9090.629640841496,78316.36211249014,912041.7646631331,69225.73247164865,833725.402550643,0.08303181390403139,-3.5901919741884467
0.6876910958183604,H-norm2,9093.8463106834,78498.85860627986,914687.5555640827,69405.01229559646,836188.6969578029,0.08300161500401014,-3.590716781801804
0.6915329455156698,H-norm2,9096.015437729648,78692.8096894486,917478.2295445582,69596.79425171895,838785.4198551096,0.08297329996954522,-3.591209024382051
0.6953747952129791,H-norm2,9098.160259128075,78893.0071460178,920256.3758738522,69794.84688688972,841363.3687278344,0.08295446353033117,-3.591536579421493
0.6992166449102883,H-norm2,9099.533241989073,79098.47305034014,922997.180156749,69998.93980835106,843898.7071064089,0.08294708739199994,-3.591664866566963
0.7030584946075976,H-norm2,9100.073237033688,79307.31440552027,925672.2079079443,70207.24116848658,846364.893502424,0.0829515043776866,-3.5915880441746886
0.7069003443049069,H-norm2,9099.889916713628,79516.87494001738,928395.5922873385,70416.98502330376,848878.7173473211,0.08295293966534026,-3.5915630818249196
0.7107421940022162,H-norm2,9099.046046710515,79724.60306608565,931191.6409384939,70625.55701937513,851467.0378724083,0.08294573233962149,-3.591688435125864
0.7145840436995254,H-norm2,9097.612787156604,79928.30184818522,933764.1219444814,70830.68906102862,853835.8200962961,0.08295586504328231,-3.591512205341811
0.7184258933968347,H-norm2,9095.674632776349,80127.45666017581,936573.4129194907,71031.78202739946,856445.9562593149,0.08293784506572233,-3.591825626897672
0.722267743094144,H-norm2,9093.323276544026,80322.9767827936,939278.9647424596,71229.65350624957,858955.987959666,0.08292584777882042,-3.592034333529616
0.7261095927914533,H-norm2,9090.648397681747,80517.17754481373,942046.7198294111,71426.52914713198,861529.5422845974,0.0829066510681963,-3.592368345252711
0.7299514424887625,H-norm2,9087.724069796082,80713.60762538896,944719.5263708918,71625.88355559288,864005.9187455028,0.08289976029283502,-3.5924882596440266
0.7337932921860718,H-norm2,9084.655030841077,80915.91936241386,947661.8151294036,71831.26433157278,866745.8957669898,0.08287465182400289,-3.5929252856395695
0.7376351418833811,H-norm2,9081.504323877363,81127.26137930914,950364.3947819596,72045.75705543178,869237.1334026505,0.08288389242347122,-3.5927644327906
0.7414769915806904,H-norm2,9078.324804047008,81350.30284114342,953243.2707131932,72271.97803709641,871892.9678720498,0.08289088305584583,-3.59264275745566
0.7453188412779996,H-norm2,9075.160703082534,81585.62707699502,956250.6624822785,72510.46637391248,874665.0354052836,0.08290084025173607,-3.592469465365287
0.7491606909753089,H-norm2,9072.048355995845,81832.76197144827,959485.1149204917,72760.71361545243,877652.3529490434,0.08290379826472924,-3.592417988992674
0.7530025406726182,H-norm2,9069.015414141448,82090.41681012891,963200.2132619182,73021.40139598746,881109.7964517892,0.08287434970084673,-3.5929305450568223
0.7568443903699275,H-norm2,9066.088865798787,82356.6882011522,967461.7427247828,73290.59933535341,885105.0545236305,0.08280440718395728,-3.59414863396762
0.7606862400672367,H-norm2,9063.271669523716,82628.27442147529,970979.7587560635,73565.00275195157,888351.4843345883,0.08281069379543478,-3.594039106960079
0.764528089764546,H-norm2,9060.566200367255,82902.36149620461,972544.076372643,73841.79529583736,889641.7148764384,0.08300172312186732,-3.5907149025492764
0.7683699394618553,H-norm2,9057.97901764334,83176.71488014415,972594.5273166021,74118.7358625008,889417.812436458,0.08333399087146798,-3.584951117241994
0.7722117891591646,H-norm2,9055.522846689175,83450.0199832598,972257.7988154737,74394.49713657063,888807.7788322138,0.08370144693638486,-3.578603627095835
0.7760536388564738,H-norm2,9053.21730013065,83722.08350843313,973365.4765298197,74668.86620830248,889643.3930213866,0.0839312322150944,-3.574648428248239
0.7798954885537831,H-norm2,9051.08588912074,83993.33480262752,976199.707189743,74942.24891350677,892206.3723871155,0.08399654074762695,-3.5735262755619925
0.7837373382510924,H-norm2,9049.15040639805,84264.5066239905,979510.451948431,75215.35621759245,895245.9453244405,0.08401641650589561,-3.5731849369118005
0.7875791879484016,H-norm2,9047.444959949746,84536.79898665618,980176.8804913827,75489.35402670644,895640.0815047265,0.0842853681803521,-3.5685739866715114
0.7914210376457109,H-norm2,9045.952993505674,84812.08895290653,978790.426542446,75766.13595940085,893978.3375895395,0.08475164640307879,-3.560614795160129
0.7952628873430202,H-norm2,9044.130342036218,85087.0779703047,972382.678560035,76042.94762826848,887295.6005897303,0.08570193245377014,-3.544528454397992
0.7991047370403295,H-norm2,9042.651055612636,85374.48637386295,962371.6215429042,76331.83531825032,876997.1351690412,0.08703772481940589,-3.5222153449817504
0.8029465867376387,H-norm2,9041.750137921186,85671.85959908599,958579.1346178402,76630.1094611648,872907.2750187542,0.08778722741143201,-3.509845139429062
0.806788436434948,H-norm2,9041.040748107027,85976.34126226034,952921.0582055171,76935.3005141533,866944.7169432568,0.08874302941186142,-3.494222386640585
0.8106302861322573,H-norm2,9040.506490115607,86284.9287806433,946222.9622081689,77244.4222905277,859938.0334275257,0.08982556799197293,-3.476730036957674
0.8144721358295666,H-norm2,9040.136051176802,86595.10777548014,940248.8134288185,77554.97172430334,853653.7056533383,0.0908506238662048,-3.460359768374337
0.8183139855268758,H-norm2,9039.923087278648,86906.31114516352,934662.6527882956,77866.38805788488,847756.3416431322,0.09184996234526922,-3.444577059883984
0.8221558352241851,H-norm2,9039.86131293601,87219.91188308368,929941.6491580014,78180.05057014766,842721.7372749178,0.09277089591038198,-3.430183915794319
0.8259976849214944,H-norm2,9039.94509943097,87537.53616122363,926350.0407905141,78497.59106179266,838812.5046292904,0.09358180836429511,-3.417628082331114
0.8298395346188037,H-norm2,9040.97290531758,87871.67229075755,923483.9541820541,78830.69938543996,835612.2818912966,0.09433884720676582,-3.4060042181126797
0.8336813843161129,H-norm2,9042.416011502239,88252.58034448801,924992.1399903529,79210.16433298578,836739.5596458649,0.09466525565793742,-3.4010211694398347
0.8375232340134222,H-norm2,9042.779267634669,88585.6727969993,923554.7681844257,79542.89352936462,834969.0953874263,0.09526447621687921,-3.391917851190639
0.8413650837107315,H-norm2,9043.683803392265,88945.49191432323,924001.301837578,79901.80811093096,835055.8099232548,0.09568439278121336,-3.385572565934809
0.8452069334080408,H-norm2,9044.367487774987,89290.76145700592,924703.0364961319,80246.39396923094,835412.2750391259,0.09605603887670032,-3.379979873295686
0.84904878310535,H-norm2,9044.969411066972,89639.41011054642,926671.4842565076,80594.44069947946,837032.0741459612,0.09628596464682838,-3.3765306742620504
0.8528906328026593,H-norm2,9045.65031643583,89989.80650756929,929532.7644628847,80944.15619113346,839542.9579553155,0.09641454963575753,-3.3746053140305556
0.8567324824999686,H-norm2,9046.41323365017,90340.22176341567,932100.0903477957,81293.8085297655,841759.86858438,0.09657600886400113,-3.372191346383124
0.8605743321972779,H-norm2,9047.25970959956,90690.96953906509,934541.6408669674,81643.70982946553,843850.6713279022,0.09675137154419652,-3.3695740767762246
0.8644161818945871,H-norm2,9048.190660384475,91044.63024875266,937148.7808008378,81996.43958836819,846104.1505520851,0.09691057482091926,-3.3672020895699464
0.8682580315918964,H-norm2,9049.206137726127,91404.5355148135,939728.6766794672,82355.32937708737,848324.1411646537,0.09708002564211218,-3.364681700221162
0.8720998812892057,H-norm2,9050.304882999963,91773.23722038702,942833.0692095463,82722.93233738706,851059.8319891593,0.09719990208448795,-3.3629013292594587
0.875941730986515,H-norm2,9051.485673659105,92151.63890354155,946241.8089848614,83100.15322988245,854090.1700813198,0.09729669786735785,-3.3614653472681115
0.8797835806838242,H-norm2,9052.750998336118,92543.27742732203,949796.932222549,83490.5264289859,857253.654795227,0.09739302476223256,-3.3600377388355462
0.8836254303811335,H-norm2,9054.109611306127,92957.8425545935,953766.5143742671,83903.73294328738,860808.6718196736,0.09747082678189369,-3.3588857078866434
0.8874672800784429,H-norm2,9054.757302044341,93407.18290545854,957759.4212337789,84352.4256034142,864352.2383283204,0.09759033628067415,-3.35711789536983
0.8913091297757522,H-norm2,9056.209389716683,93904.31628290912,961833.2676533608,84848.10689319244,867928.9513704517,0.09775927713808609,-3.3546225723058285
0.8951509794730614,H-norm2,9057.80437785504,94424.5411311724,966109.8208653372,85366.73675331737,871685.2797341647,0.09793297964071553,-3.352061410110927
0.8989928291703707,H-norm2,9059.564879416042,94903.63546420033,970358.2337747037,85844.07058478429,875454.5983105034,0.09805656484122709,-3.3502419683646045
0.90283467886768,H-norm2,9061.512099401205,95252.94825285845,974969.4124762239,86191.43615345724,879716.4642233654,0.09797638177608632,-3.3514221752521633
0.9066765285649893,H-norm2,9063.664799089554,95419.70417368296,979532.8409142676,86356.0393745934,884113.1367405846,0.09767532659107166,-3.3558620155057124
0.9105183782622985,H-norm2,9066.037730497486,95442.88951580504,984301.2024841623,86376.85178530756,888858.3129683572,0.09717730095458141,-3.3632368268144375
0.9143602279596078,H-norm2,9068.640099551001,95470.48458081397,989269.6965772584,86401.84448126296,893799.2119964445,0.09666806965321723,-3.370816756743647
0.9182020776569171,H-norm2,9071.473799528232,95655.36501213927,994182.0663269663,86583.89121261104,898526.701314827,0.09636206813432655,-3.375390832571126
0.9220439273542264,H-norm2,9074.531747970594,96034.06182054966,999433.2845718169,86959.53007257906,903399.2227512673,0.09625814134281319,-3.376947623332467
0.9258857770515356,H-norm2,9077.797431160408,96486.66152014192,1004617.5996737372,87408.86408898151,908130.9381535953,0.09625138888748855,-3.377048831140756
0.9297276267488449,H-norm2,9081.245976548364,96807.71301621459,1009979.795661691,87726.46703966623,913172.0826454764,0.09606783727500848,-3.3798026804231296
0.9335694764461542,H-norm2,9084.851686684106,96878.84509133229,1015502.4185787906,87793.99340464818,918623.5734874583,0.09557123933946901,-3.3872796626252546
0.9374113261434635,H-norm2,9088.574699938748,96741.1521159644,1020960.0932382846,87652.57741602566,924218.9411223201,0.09483962459110093,-3.3983662376425823
0.9412531758407727,H-norm2,9092.381085626424,96568.20204603544,1026725.682640417,87475.82096040901,930157.4805943816,0.09404409767742869,-3.4105187884899606
0.945095025538082,H-norm2,9096.241844533368,96499.66537503415,1032399.43032216,87403.42353050079,935899.7649471259,0.09338972698154133,-3.420592329860269
0.9489368752353913,H-norm2,9100.132264385638,96536.0227667702,1038270.7493842302,87435.89050238456,941734.72661746,0.09284556258898764,-3.4290232293592338
0.9527787249327005,H-norm2,9104.033231256422,96563.84271786062,1044247.8533898921,87459.8094866042,947684.0106720316,0.09228794461202715,-3.437713985937826
0.9566205746300098,H-norm2,9107.932970546162,96484.90559764951,1050185.9663207873,87376.97262710336,953701.0607231378,0.09161882714154719,-3.448212095461743
0.9604624243273191,H-norm2,9111.828813146272,96301.38105620194,1056392.1687328327,87189.55224305566,960090.7876766308,0.090813861941171,-3.4609436606791872
0.9643042740246284,H-norm2,9115.72814911142,96087.8299935542,1062464.9142172742,86972.10184444278,966377.08422372,0.08999810039401597,-3.473961639233026
0.9681461237219376,H-norm2,9119.648128049059,95913.25214164416,1068764.5728367313,86793.6040135951,972851.3206950872,0.08921569223093866,-3.4865587003395433
0.9719879734192469,H-norm2,9123.614328719126,95787.19074416699,1075089.4820321307,86663.57641544787,979302.2912879637,0.08849522480078059,-3.4982565802525256
0.9758298231165562,H-norm2,9127.658819268423,95683.38424515398,1081360.831960825,86555.72542588555,985677.447715671,0.08781343798265887,-3.5094144592682115
0.9796716728138655,H-norm2,9131.817945825322,95577.50052113885,1087815.815962756,86445.68257531352,992238.3154416172,0.08712189524432846,-3.5208208510797157
0.9835135225111747,H-norm2,9136.129972486862,95467.11218129072,1094198.9091627253,86330.98220880386,998731.7969814346,0.08644060644682636,-3.5321469959350114
0.987355372208484,H-norm2,9140.632482923715,95359.83462691253,1100842.8415819926,86219.20214398882,1005483.0069550801,0.08574903956366978,-3.5437356773754614
0.9911972219057933,H-norm2,9140.533077393236,95276.25291896336,1107341.8205198022,86135.71984157013,1012065.5676008388,0.08510883345805345,-3.554547312566722
0.9950390716031026,H-norm2,9145.148521462597,95243.1914597443,1113788.811778777,86098.0429382817,1018545.6203190328,0.0845303747036031,-3.5643863447109
0.9988809213004118,H-norm2,9149.948955851982,95133.63359355774,1120695.605491794,85983.68463770575,1025561.9718982362,0.08384055473367112,-3.576207927230603
1.0027227709977211,H-norm2,9154.913745058144,95043.78904801261,1127388.525639145,85888.87530295446,1032344.7365911324,0.08319786235997575,-3.5873097287434614
1.0065646206950305,H-norm2,9160.022434274464,95018.16332271331,1134292.6295984446,85858.14088843885,1039274.4662757312,0.08261353826589608,-3.597477967589849
1.0104064703923397,H-norm2,9165.258119390332,95040.987498516,1141514.6809925577,85875.72937912567,1046473.6934940417,0.08206200491519056,-3.6071417876053493
1.014248320089649,H-norm2,9170.605870152462,95075.04792631445,1148724.9603711697,85904.44205616199,1053649.9124448553,0.08153034612495919,-3.6165190499973967
1.0180901697869582,H-norm2,9176.051942213413,95084.30960755314,1155985.12853658,85908.25766533973,1060900.8189290268,0.08097670972868473,-3.6263491656112596
1.0219320194842676,H-norm2,9181.584307510786,95057.49542096346,1163387.5502643718,85875.91111345268,1068330.0548434083,0.08038331480437479,-3.6369601180607276
1.0257738691815768,H-norm2,9187.192395839902,95013.00294377723,1170870.9445427712,85825.81054793733,1075857.941598994,0.07977429661427113,-3.6479322067411695
1.0296157188788861,H-norm2,9192.870449922884,94980.7910173296,1178397.6079454222,85787.92056740672,1083416.8169280926,0.0791827477910568,-3.6586700572924538
1.0334575685761953,H-norm2,9198.624102944179,94980.61081487178,1185979.0612349263,85781.9867119276,1090998.4504200546,0.07862704725098367,-3.668830513135553
1.0372994182735047,H-norm2,9204.474779193288,95008.1914399802,1193628.6972090513,85803.71666078691,1098620.5057690712,0.07810132453400861,-3.6785091742827327
1.0411412679708139,H-norm2,9210.45819873511,95045.35840563272,1201355.7346615996,85834.90020689761,1106310.376255967,0.07758663576616225,-3.688048018990079
1.0449831176681232,H-norm2,9216.61742339219,95077.18137252254,1209152.0133095058,85860.56394913034,1114074.8319369832,0.07706893781977743,-3.6977066822026616
1.0488249673654324,H-norm2,9222.992912306827,95097.41696219503,1216992.6626025296,85874.4240498882,1121895.2456403347,0.07654406628746731,-3.707565645745857
1.0526668170627418,H-norm2,9229.611464890022,95107.00803882374,1224877.8475825395,85877.39657393371,1129770.8395437158,0.07601311130372004,-3.7176079030420506
1.056508666760051,H-norm2,9236.476361314306,95112.58272527208,1232826.394339786,85876.10636395778,1137713.8116145139,0.07548129018675812,-3.727737106924736
1.0603505164573603,H-norm2,9243.561561022292,95123.04365223521,1240837.1684981477,85879.48209121292,1145714.1248459124,0.07495716446959479,-3.7377898109909093
1.0641923661546695,H-norm2,9250.81150885117,95147.25297601846,1248891.7645385289,85896.44146716729,1153744.5115625104,0.07445014091623992,-3.7475816102894703
1.0680342158519789,H-norm2,9258.14611321175,95189.25018258828,1256987.9427816735,85931.10406937652,1161798.6925990852,0.07396384986209459,-3.757035869948782
1.071876065549288,H-norm2,9265.469786652697,95243.66130236977,1265136.9221996518,85978.19151571707,1169893.260897282,0.07349233848032745,-3.7662623318333814
1.0757179152465974,H-norm2,9272.682479963609,95298.09693762024,1273339.7267639623,86025.41445765663,1178041.629826342,0.07302408699286617,-3.7754837743662626
1.0795597649439066,H-norm2,9279.689986207908,95343.40759000278,1281587.4260519634,86063.71760379488,1186244.0184619606,0.07255144495091478,-3.784851842157274
1.083401614641216,H-norm2,9286.412062320365,95380.61638456883,1289878.2719954532,86094.20432224846,1194497.6556108843,0.07207565784481894,-3.794344090310848
1.0872434643385251,H-norm2,9292.781463232466,95420.04415348006,1298216.0282217572,86127.26269024759,1202795.984068277,0.0716058781630905,-3.803778165851525
1.0910853140358345,H-norm2,9298.767952128665,95470.99539024264,1306602.6892627508,86172.22743811397,1211131.6938725081,0.07115017126055413,-3.812988960409407
1.0949271637331437,H-norm2,9304.376655844673,95528.09165789012,1315034.2484196653,86223.71500204544,1219506.1567617753,0.07070379638836775,-3.8220685082106836
1.098769013430453,H-norm2,9309.641228339706,95573.50222073913,1323506.6313888675,86263.86099239942,1227933.1291681284,0.07025126934301337,-3.8313318967069803
1.1026108631277622,H-norm2,9314.625647887628,95592.94282291277,1332023.8113882358,86278.31717502513,1236430.868565323,0.06978013843599448,-3.8410397300939048
1.1064527128250716,H-norm2,9319.418960575173,95593.32959127774,1340587.768655515,86273.91063070256,1244994.4390642373,0.06929662328094233,-3.851071136034592
1.1102945625223808,H-norm2,9324.127557571652,95603.71812883033,1349194.3840905072,86279.59057125867,1253590.6659616767,0.06882596760966654,-3.860903202268024
1.1141364122196902,H-norm2,9328.865332763957,95653.52756428404,1357841.9215166816,86324.66223152008,1262188.3939523976,0.0683928505800979,-3.8700106683437676
1.1179782619169993,H-norm2,9333.743058710583,95747.46635167085,1366527.5191569861,86413.72329296028,1270780.0528053152,0.06800053487005665,-3.878310095597873
1.1218201116143087,H-norm2,9338.858773874868,95867.1187655306,1375252.2672022039,86528.25999165574,1279385.1484366732,0.06763269066972345,-3.8861354393164307
1.1256619613116179,H-norm2,9344.290151071538,95988.74729598012,1384019.9679425838,86644.45714490858,1288031.2206466037,0.06726891068790417,-3.8939162935481195
1.1295038110089273,H-norm2,9350.089043020538,96101.33301549734,1392829.5734337864,86751.2439724768,1296728.240418289,0.06690009615622562,-3.901847905305445
1.1333456607062364,H-norm2,9356.278424676435,96210.25170419629,1401677.664714997,86853.97327951985,1305467.4130108007,0.06653093935084022,-3.9098307864885884
1.1371875104035458,H-norm2,9362.85214510308,96327.6775423497,1410557.979845858,86964.82539724662,1314230.3023035082,0.06617167877260144,-3.917642308645532
1.141029360100855,H-norm2,9369.77753913115,96459.75385444856,1419468.8648241835,87089.97631531741,1323009.1109697348,0.06582719317139282,-3.9251725062829883
1.1448712097981644,H-norm2,9377.00045918137,96604.31603646473,1428411.2558418473,87227.31557728336,1331806.9398053826,0.06549546557403425,-3.9324611612971827
1.1487130594954735,H-norm2,9384.452032613422,96755.47714905518,1437385.3076653392,87371.02511644176,1340629.830516284,0.06517162540146872,-3.9396122130896156
1.152554909192783,H-norm2,9392.05643583113,96908.69222963521,1446390.583938487,87516.63579380409,1349481.8917088518,0.06485202679006058,-3.946704526719847
1.156396758890092,H-norm2,9399.738997021937,97062.17692953948,1455422.8583890432,87662.43793251754,1358360.6814595037,0.06453546479152193,-3.953763993305249
1.1602386085874015,H-norm2,9407.433830526781,97215.46164015357,1464486.9907101314,87808.0278096268,1367271.5290699778,0.06422135321530031,-3.9608031252025624
1.1640804582847106,H-norm2,9415.090003554591,97368.35593367941,1473586.4427497254,87953.26593012482,1376218.086816046,0.0639093954458987,-3.967828149575851
1.16792230798202,H-norm2,9422.675216592763,97521.74123867138,1482717.671033762,88099.06602207862,1385195.9297950906,0.06360043667982114,-3.974819518704565
1.1717641576793292,H-norm2,9430.1763686795,97678.38719491095,1491878.908710739,88248.21082623144,1394200.521515828,0.06329664166979698,-3.9817272331678555
1.1756060073766386,H-norm2,9437.597156874888,97841.80238535482,1501064.1758688092,88404.20522847993,1403222.3734834543,0.0630008521094339,-3.988484848055171
1.1794478570739477,H-norm2,9444.95368884587,98013.49723048364,1510276.6425286185,88568.54354163777,1412263.1452981348,0.06271390982375355,-3.9950707242896244
1.183289706771257,H-norm2,9452.269366097507,98191.22763129184,1519518.3835640296,88738.95826519433,1421327.1559327377,0.06243387238102821,-4.001527239891751
1.1871315564685665,H-norm2,9459.569807197462,98369.88117946046,1528780.1975830712,88910.311372263,1430410.3164036106,0.06215720786732335,-4.007934491151995
1.1909734061658757,H-norm2,9466.878021876402,98545.88485703821,1538059.0001824747,89079.00683516181,1439513.1153254365,0.061881344384294386,-4.014351649815733
1.194815255863185,H-norm2,9474.210099567377,98719.3283467178,1547348.3618569227,89245.11824715041,1448629.0335102049,0.061606606096316185,-4.020771129903363
1.1986571055604942,H-norm2,9481.572123496733,98893.48396741544,1556653.1341641087,89411.9118439187,1457759.6501966931,0.061335153454037845,-4.027142016715051
1.2024989552578036,H-norm2,9488.95913215191,99072.15477382985,1565967.4611121009,89583.19564167794,1466895.3063382711,0.06106993134043047,-4.03339396658269
1.2063408049551128,H-norm2,9496.356429979412,99256.99497626271,1575290.5843696077,89760.6385462833,1476033.589393345,0.06081205684700931,-4.039498803129921
1.2101826546524221,H-norm2,9503.74294166119,99446.81254333176,1584620.0385400176,89943.06960167058,1485173.2259966857,0.060560659206141176,-4.045475280549912
1.2140245043497313,H-norm2,9511.095984976293,99639.65158509128,1593943.1315525945,90128.555600115,1494303.479967503,0.060314759892063585,-4.051345096150289
1.2178663540470407,H-norm2,9518.396622142693,99834.09111690159,1603268.3857840346,90315.69449475889,1503434.2946671331,0.06007292424758422,-4.057141296264854
1.2217082037443499,H-norm2,9525.634574541687,100029.34303054471,1612583.350374686,90503.70845600302,1512554.0073441414,0.05983502606622053,-4.062865937140168
1.2255500534416592,H-norm2,9532.811678186594,100224.60079624041,1621889.29127069,90691.78911805381,1521664.6904744497,0.0596003769330919,-4.068534734963415
1.2293919031389684,H-norm2,9539.943157183727,100418.97462930685,1631175.3836695426,90879.03147212311,1530756.4090402357,0.059368708786986614,-4.074153453573455
1.2332337528362778,H-norm2,9547.056546829363,100612.40414739367,1640447.7866943555,91065.3476005643,1539835.3825469618,0.059139664299658994,-4.0797301356061695
1.237075602533587,H-norm2,9554.188441633314,100806.23218823232,1649705.6185051952,91252.043746599,1548899.386316963,0.05891411963405956,-4.085242751222928
1.2409174522308963,H-norm2,9561.379236552948,101002.59652157755,1658936.3210976752,91441.2172850246,1557933.7245760977,0.05869390709152604,-4.090645442232788
1.2447593019282055,H-norm2,9568.666465729973,101202.90272751592,1668143.3295595301,91634.23626178595,1566940.4268320142,0.05847971926223696,-4.095919804270125
1.2486011516255149,H-norm2,9576.07836218551,101406.29588783682,1677308.2333830437,91830.21752565131,1575901.937495207,0.058271530315908766,-4.101064990807661
1.252443001322824,H-norm2,9583.629633313154,101610.31263115161,1686441.8115218396,92026.68299783845,1584831.498890688,0.058067171849028154,-4.106133420220812
1.2562848510201334,H-norm2,9591.320507009706,101812.96869141524,1695531.4493514209,92221.64818440554,1593718.4806600057,0.057865707967578964,-4.1111475497018795
1.2601267007174426,H-norm2,9599.138866286916,102014.03568555202,1704578.9125309943,92414.89681926511,1602564.8768454422,0.057666867753384546,-4.116113527001348
1.263968550414752,H-norm2,9607.064636589232,102214.85088577907,1713576.4480363864,92607.78624918984,1611361.5971506073,0.05747175954357449,-4.121002970670484
1.2678104001120611,H-norm2,9615.075448488236,102416.90507786308,1722526.648161056,92801.82962937484,1620109.743083193,0.05728119963822071,-4.125794482542865
1.2716522498093705,H-norm2,9623.152704853406,102620.44615584803,1731440.7902891028,92997.29345099462,1628820.3441332548,0.05709487469625223,-4.1304949465013925
1.2754940995066797,H-norm2,9631.287063571719,102824.8007423485,1740312.123592511,93193.51367877677,1637487.3228501626,0.05691251002576732,-4.1351103813835595
1.279335949203989,H-norm2,9639.482010384194,103029.45358811527,1749148.05404121,93389.97157773108,1646118.6004530948,0.05673344044106266,-4.13965683490114
1.2831777989012982,H-norm2,9647.754433833788,103234.67849519392,1757927.8660356463,93586.92406136013,1654693.1875404525,0.0565584754721015,-4.1441129567999955
1.2870196485986076,H-norm2,9656.132155391919,103441.06859770877,1766653.8755101587,93784.93644231686,1663212.80691245,0.05638781522877825,-4.14847274360777
1.2908614982959168,H-norm2,9664.649106932811,103648.5247341745,1775322.8123997038,93983.87562724168,1671674.2876655292,0.05622140408613266,-4.15273670541247
1.2947033479932262,H-norm2,9673.339118386088,103856.20007501291,1783927.68023736,94182.86095662683,1680071.4801623472,0.056058841584243686,-4.156914257354626
1.2985451976905353,H-norm2,9682.229500769314,104063.33697105876,1792469.9897893174,94381.10747028944,1688406.6528182586,0.055899511715824,-4.161020508642501
1.3023870473878447,H-norm2,9691.33572418656,104270.24472343591,1800955.1223339397,94578.90899924935,1696684.8776105037,0.05574335590970075,-4.165056330344443
1.3062288970851539,H-norm2,9700.658242902658,104478.37593228629,1809391.1155866978,94777.71768938363,1704912.7396544116,0.05559094931075195,-4.169006170987181
1.3100707467824633,H-norm2,9710.182036454942,104689.0733715865,1817749.6208156138,94978.89133513157,1713060.5474440274,0.05544397801749907,-4.172825417504701
1.3139125964797724,H-norm2,9719.878957829227,104902.58644244488,1826032.9032459918,95182.70748461565,1721130.3168035469,0.05530244081772222,-4.176513033403106
1.3177544461770818,H-norm2,9729.712539681635,105118.12184732451,1834251.5773943898,95388.40930764287,1729133.4555470652,0.055165440817558975,-4.180091436813087
1.321596295874391,H-norm2,9739.644474775096,105334.84902200209,1842380.0108513522,95595.204547227,1737045.16182935,0.05503322921469236,-4.183553204822927
1.3254381455717004,H-norm2,9749.641558101861,105552.74809543976,1850396.7597807536,95803.1065373379,1744844.011685314,0.05490640188792772,-4.18688181771175
1.3292799952690095,H-norm2,9759.681581305498,105772.56713571523,1858327.376254273,96012.88555440973,1752554.809118558,0.05478452659788661,-4.190087715434194
1.333121844966319,H-norm2,9769.7566567269,105994.85819724193,1866235.324160865,96225.10154051504,1760240.465963623,0.054665884236355024,-4.193215429845806
1.336963694663628,H-norm2,9779.872844752877,106219.35806186391,1874074.9616743438,96439.48521711104,1767855.60361248,0.054551675498860995,-4.196232681644248
1.3408055443609375,H-norm2,9790.045734251784,106445.20831351554,1881824.9293422352,96655.16257926376,1775379.7210287196,0.05444196609571402,-4.199137021071718
1.3446473940582466,H-norm2,9800.29265022173,106671.9061412725,1889525.909535956,96871.61349105077,1782854.0033946836,0.05433513529801104,-4.201970784973097
1.348489243755556,H-norm2,9810.623158616998,106899.86824672401,1897202.6987936175,97089.24508810701,1790302.8305468936,0.054230627037800426,-4.204748338265503
1.3523310934528652,H-norm2,9821.030108661305,107129.91736663607,1904819.2384290586,97308.88725797477,1797689.3210624226,0.054129980146105476,-4.207428330876436
1.3561729431501746,H-norm2,9831.483380491329,107362.55908389218,1912397.7432424705,97531.07570340086,1805035.1841585783,0.05403278371488654,-4.210021179691505
1.3600147928474837,H-norm2,9841.927843617595,107597.31781930312,1919999.350080275,97755.38997568552,1812402.0322609718,0.053936923616078526,-4.212582952413249
1.363856642544793,H-norm2,9852.285973399637,107833.6393637922,1927611.284869149,97981.35339039256,1819777.6455053568,0.0538424865435595,-4.215111152017683
1.3676984922421023,H-norm2,9862.464426931667,108071.58978503148,1935272.5313486105,98209.12535809982,1827200.941563579,0.05374839905350527,-4.217634406458046
1.3715403419394117,H-norm2,9872.362995692856,108312.12118575678,1942993.6409456248,98439.75819006393,1834681.519759868,0.05365495707557364,-4.220144724888389
1.3753821916367208,H-norm2,9881.883958617616,108556.28051212605,1950788.5801155833,98674.39655350843,1842232.299603457,0.053562407181085805,-4.222635390610324
1.3792240413340302,H-norm2,9890.939990151826,108804.41345396335,1958603.0596155787,98913.47346381153,1849798.6461616154,0.05347256236188722,-4.225057378603657
1.3830658910313396,H-norm2,9899.459315889508,109056.28456950137,1966312.4702949116,99156.82525361187,1857256.1857254102,0.05338887872104894,-4.227316940089948
1.3869077407286488,H-norm2,9907.387566751057,109311.80248009556,1973739.4733240108,99404.4149133445,1864427.6708439153,0.053316316029760516,-4.229279091065949
1.3907495904259581,H-norm2,9914.686565905833,109571.68250309743,1980826.3412853668,99656.99593719159,1871254.6587822693,0.053256779065038645,-4.230891011834749
1.3945914401232673,H-norm2,9921.330959701621,109837.25354609669,1987694.6072178818,99915.92258639507,1877857.3536717852,0.053207408108517346,-4.232229062518908
1.3984332898205767,H-norm2,9927.304051910152,110110.0033129132,1994720.488874783,100182.69926100306,1884610.4855618698,0.053158305139714326,-4.23356108225448
1.4022751395178858,H-norm2,9932.572827779468,110391.04634666131,2002298.3828220656,100458.47351888184,1891907.3364754042,0.05309904538244168,-4.235170265362944
1.4061169892151952,H-norm2,9937.134117758578,110681.07028296543,2010528.0244364722,100743.93616520686,1899846.9541535068,0.05302739567782406,-4.237118294302872
1.4099588389125044,H-norm2,9941.000812153577,110980.31859531124,2019168.3368237645,101039.31778315766,1908188.0182284534,0.05295039944594231,-4.239214622148116
1.4138006886098138,H-norm2,9944.179890995325,111289.54446188251,2027536.5510770064,101345.36457088719,1916247.006615124,0.052887422248295936,-4.240931530149475
1.417642538307123,H-norm2,9946.693435274823,111609.43347262069,2034460.4896160276,101662.74003734587,1922851.0561434068,0.052870834541520424,-4.241384090606264
1.4214843880044323,H-norm2,9948.584995425865,111939.31093180695,2038721.539155423,101990.72593638109,1926782.228223616,0.052933188007661225,-4.2396836439761545
1.4253262377017415,H-norm2,9949.924872234824,112276.17303670965,2040247.6886538435,102326.24816447482,1927971.5156171338,0.05307456429496092,-4.235835567112358
1.4291680873990509,H-norm2,9950.81269005505,112615.63153578406,2040798.2902472706,102664.81884572901,1928182.6587114865,0.05324434299929606,-4.23122793693204
1.43300993709636,H-norm2,9951.376041907402,112951.73813668147,2042559.496155698,103000.36209477406,1929607.7580190166,0.05337891168126148,-4.227586298458446
1.4368517867936694,H-norm2,9951.764766622766,113277.43210462351,2045632.3805000319,103325.66733800074,1932354.9483954085,0.053471370476630316,-4.225089536144602
1.4406936364909786,H-norm2,9952.141367098697,113585.23446530053,2047476.0369459747,103633.09309820183,1933890.802480674,0.0535878721617931,-4.221949658341595
1.444535486188288,H-norm2,9952.669022335725,113867.01775411064,2046125.9268155056,103914.34873177491,1932258.9090613949,0.05377868785827043,-4.216821634330763
1.4483773358855971,H-norm2,9953.499264961716,114113.12088403078,2043388.767526525,104159.62161906906,1929275.6466424942,0.05398897860984114,-4.2111912663466144
1.4522191855829065,H-norm2,9954.76138515002,114319.80112798653,2042707.4620827879,104365.03974283651,1928387.6609548014,0.05412036275484272,-4.207684680414844
1.4560610352802157,H-norm2,9956.555531084938,114486.48607557891,2044677.933474081,104529.93054449398,1930191.4473985021,0.054155213818493836,-4.2067559491159345
1.459902884977525,H-norm2,9958.950862707074,114616.74159380228,2046344.5833204247,104657.7907310952,1931727.8417266223,0.054178331165714154,-4.206140234330559
1.4637447346748342,H-norm2,9964.782602444135,114972.42997104807,2044754.1583402401,105007.64736860394,1929781.728369192,0.05441426137729222,-4.199871374294629
1.4675865843721436,H-norm2,10005.893756481291,115549.85333095769,2052621.2843288663,105543.9595744764,1937071.4309979086,0.05448635392867469,-4.197961236665636
1.4714284340694528,H-norm2,10083.694494467023,115533.91941395489,2062121.4903362365,105450.22491948787,1946587.5709222816,0.054171837165037574,-4.206313171073107
1.4752702837667622,H-norm2,10083.737427500282,115871.04019978775,2067744.7799977064,105787.30277228747,1951873.7397979186,0.05419782059429717,-4.205621350760457
1.4791121334640713,H-norm2,10083.271312515863,116161.28910798904,2077002.9510727285,106078.01779547318,1960841.6619647394,0.054098206832868034,-4.208275415245799
1.4829539831613807,H-norm2,10083.10391342933,116422.54877043855,2088959.8938543375,106339.44485700922,1972537.3450838989,0.053909977989535215,-4.2133038692317735
1.4867958328586899,H-norm2,10083.951596806754,116669.82288205724,2102046.3705968107,106585.87128525048,1985376.5477147535,0.053685469090452895,-4.21932453932901
1.4906376825559993,H-norm2,10086.387289841132,116911.53258676661,2115231.4392982,106825.14529692548,1998319.9067114333,0.05345747942466527,-4.225464375150426
1.4944795322533084,H-norm2,10090.812024395804,117149.04896232107,2130525.7941179136,107058.23693792528,2013376.7451555924,0.053173474460514784,-4.233149451712356
1.4983213819506178,H-norm2,10097.421904074767,117381.0443653756,2147423.707568951,107283.62246130082,2030042.6632035754,0.05284796443243138,-4.2420082859963415
1.502163231647927,H-norm2,10106.200133509183,117607.68914389913,2165346.746249005,107501.48901038995,2047739.057105106,0.05249765034142831,-4.251603336836503
1.5060050813452364,H-norm2,10116.929069802269,117832.29634556375,2188441.9470594865,107715.36727576148,2070609.6507139227,0.05202108820396082,-4.264759611139012
1.5098469310425455,H-norm2,10129.224742964714,118060.28338449831,2216575.164348836,107931.0586415336,2098514.880964338,0.05143211497834872,-4.2811867087260485
1.513688780739855,H-norm2,10142.586403840005,118297.99529558212,2248294.265571536,108155.40889174212,2129996.2702759537,0.05077727618637095,-4.299673182300343
1.517530630437164,H-norm2,10156.45532384467,118550.22844980576,2288134.8636183087,108393.77312596109,2169584.635168503,0.049960610602103835,-4.323065080578173
1.5213724801344735,H-norm2,10170.275285427602,118821.23058133497,2363843.9415851366,108650.95529590736,2245022.711003802,0.048396372456885745,-4.36895727522098
1.5252143298317826,H-norm2,10183.547717126141,119114.68490658794,2481253.3976617185,108931.13718946179,2362138.7127551306,0.04611547010395831,-4.438605384927319
1.529056179529092,H-norm2,10195.875617601107,119431.57727420703,2953663.675531484,109235.70165660592,2834232.098257277,0.038541551245493674,-4.69744155044149
1.5328980292264012,H-norm2,10206.991974461649,119772.87745102025,28426671.976428237,109565.8854765586,28306899.098977216,0.0038706424569308418,-8.013211237025725
1.5367398789237106,H-norm2,10216.771547342052,120137.86180719723,51939643700.55059,109921.09025985518,51939523562.68878,2.1163284281417236e-06,-18.850005035972515
0.0,M-norm2,0.0,0.0,0.0,0.0,0.0,nan,nan
0.0038418496973092763,M-norm2,4.2784713695652784e-05,9.152799402991974e-07,9.750652396330123e-09,4.1869433755353584e-05,9.055292879028672e-07,46.237525737372685,5.530992293289774
0.007683699394618553,M-norm2,8.556942739130557e-05,1.8305598805983947e-06,2.278917347691937e-08,8.373886751070717e-05,1.8077707071214753e-06,46.32161987182827,5.53361380029117
0.01152554909192783,M-norm2,0.00012835414108695837,2.7458398208975924e-06,6.927117792979081e-08,0.00012560830126606077,2.6765686429678015e-06,46.92885482166646,5.552403350410992
0.015367398789237105,M-norm2,0.00017113885478261113,6.674429780845175e-06,1.7943398539519224e-07,0.00016446442500176595,6.494995795449983e-06,25.32171385191353,4.662303149020881
0.01920924848654638,M-norm2,0.00033559311526099153,1.3187121138450614e-05,3.3331555886451253e-07,0.0003224059941225409,1.2853805579586102e-05,25.082532338482945,4.648611105217957
0.02305109818385566,M-norm2,0.0005583847766745531,2.290472081409254e-05,5.04921672270667e-07,0.0005354800558604605,2.2399799141821873e-05,23.90557399511162,4.579275141441375
0.026892947881164933,M-norm2,0.0007811764380881144,3.35975052409442e-05,6.68101684242442e-07,0.0007475789328471702,3.292940355670176e-05,22.70247414472297,4.50477762772577
0.03073479757847421,M-norm2,0.0010411558670321702,4.656131799340444e-05,7.987351653847385e-07,0.0009945945490387657,4.57625828280197e-05,21.733794020686073,4.441868139495954
0.03457664727578349,M-norm2,0.00141666599927288,5.987023504219574e-05,8.783997514206876e-07,0.0013567957642306842,5.8991835290775056e-05,22.999721190957004,4.5235444674108525
0.03841849697309276,M-norm2,0.0017921761315135897,7.370885437415167e-05,8.906897294854934e-07,0.001718467277139438,7.281816464466618e-05,23.599431344158617,4.56068019147251
0.04226034667040204,M-norm2,0.002167686263754299,8.698324340012204e-05,8.418802604195021e-07,0.002080703020354177,8.614136313970254e-05,24.154516999919416,4.594221099435954
0.04610219636771132,M-norm2,0.0026331315061814613,0.0001000070534354642,7.451651298545886e-07,0.0025331244527459973,9.926188830560961e-05,25.519607736525824,4.6735342484055735
0.04994404606502059,M-norm2,0.00311618732115986,0.00011072387067370864,6.188619135396403e-07,0.0030054634504861513,0.000110105008760169,27.296337235962255,4.770635470719982
0.053785895762329866,M-norm2,0.003599243136138258,0.00012037251825655161,4.848901227746524e-07,0.0034788706178817065,0.00011988762813377697,29.017761649265413,4.85886433303601
0.05762774545963915,M-norm2,0.004106574538919933,0.0001276350195968868,3.6667939379120365e-07,0.003978939519323046,0.00012726834020309558,31.264173894099905,4.96643849172601
0.06146959515694842,M-norm2,0.00464311545888417,0.0001323328761023136,2.8675125783496305e-07,0.004510782582781856,0.00013204612484447862,34.16065854332771,5.094263882141882
0.0653114448542577,M-norm2,0.005179656378848407,0.00013549229618270724,2.537220916500442e-07,0.0050441640826657,0.0001352385740910572,37.29826431968607,5.22103659090021
0.06915329455156698,M-norm2,0.0057160394425050855,0.00013462724165675397,2.7023858071184903e-07,0.005581412200848332,0.00013435700307604212,41.54165449559348,5.376486770989389
0.07299514424887625,M-norm2,0.00625095165014225,0.00013246124240759238,3.3136207716844636e-07,0.0061184904077346575,0.00013212988033042394,46.3066370183174,5.533147081184653
0.07683699394618553,M-norm2,0.006785863857779416,0.00012748208592943988,4.2632746130688627e-07,0.006658381771849976,0.000127055758468133,52.40519479107255,5.711637924357176
0.0806788436434948,M-norm2,0.007320776065416581,0.0001205742918200494,5.385725469595014e-07,0.007200201773596532,0.0001200357192730899,59.98382662426969,5.906501655702893
0.08452069334080407,M-norm2,0.007816666958260563,0.00011244856232029972,6.477997002003429e-07,0.007704218395940263,0.00011180076262009937,68.91024904829415,6.106646666372964
0.08836254303811336,M-norm2,0.00830036721978883,0.00010229945685118067,7.392111695243296e-07,0.00819806776293765,0.00010156024568165634,80.72122815294028,6.334876219736454
0.09220439273542264,M-norm2,0.008784067481317097,9.17614640927302e-05,8.01995913611627e-07,0.008692306017224366,9.095946817911858e-05,95.56241028264769,6.578371336908587
0.09604624243273191,M-norm2,0.009227082752953902,8.054340150469191e-05,8.28615048736296e-07,0.00914653935144921,7.971478645595562e-05,114.74081231470022,6.842234826562457
0.09988809213004118,M-norm2,0.009620060753829224,6.943486829224858e-05,8.188280640616915e-07,0.009550625885536975,6.861604022818689e-05,139.18940605980436,7.120905599189758
0.10372994182735046,M-norm2,0.010013038754704549,5.838914965231098e-05,7.823959224581117e-07,0.009954649605052239,5.760675372985287e-05,172.80351626364182,7.4329887640151435
0.10757179152465973,M-norm2,0.010388075251528147,4.851114118565694e-05,7.291245865403597e-07,0.010339564110342491,4.778201659911658e-05,216.39028333797143,7.757491908464176
0.11141364122196902,M-norm2,0.010663345768958304,3.93371028705635e-05,6.70341578155472e-07,0.010624008666087741,3.866676129240803e-05,274.75817241962017,8.102018583174566
0.1152554909192783,M-norm2,0.01093861628638846,3.1407710394766605e-05,6.188863556342794e-07,0.010907208575993694,3.0788824039132324e-05,354.2586934184536,8.468659446722683
0.11909734061658757,M-norm2,0.011213886803818615,2.5249667697842415e-05,5.84196083081189e-07,0.011188637136120772,2.4665471614761226e-05,453.6153741907312,8.825325727525872
0.12293919031389684,M-norm2,0.01137478884447248,2.000366409677549e-05,5.710186275721703e-07,0.011354785180375705,1.943264546920332e-05,584.3149456089582,9.19060238078653
0.12678104001120613,M-norm2,0.011518635558329132,1.7184311215039308e-05,5.807463220650548e-07,0.011501451247114092,1.6603564892974252e-05,692.7097476506925,9.436107165020308
0.1306228897085154,M-norm2,0.011662482272185784,1.5547251531154675e-05,6.120960500043514e-07,0.01164693502065463,1.4935155481150324e-05,779.8335300462214,9.607022376558803
0.13446473940582468,M-norm2,0.011726699912161158,1.532445227750905e-05,6.600632460898317e-07,0.011711375459883648,1.466438903141922e-05,798.6268936804264,9.6413778451743
0.13830658910313395,M-norm2,0.011737972718464293,1.7001543337023114e-05,7.155552988310083e-07,0.011720971175127269,1.6285988038192106e-05,719.6966587253127,9.49124515026477
0.14214843880044323,M-norm2,0.011749245524767426,1.9442689422262285e-05,7.714277647687463e-07,0.011729802835345164,1.867126165749354e-05,628.2276500922751,9.295143631289184
0.1459902884977525,M-norm2,0.011718705306956687,2.3357625401770295e-05,8.212954487407073e-07,0.011695347681554917,2.253632995302959e-05,518.9552915639086,9.019466444316748
0.14983213819506178,M-norm2,0.011606943298576493,2.799275062878788e-05,8.583110791625424e-07,0.011578950547947706,2.7134439549625336e-05,426.7252517514254,8.737163675281248
0.15367398789237105,M-norm2,0.011495181290196301,3.317021381158272e-05,8.813095897276197e-07,0.011462011076384719,3.22889042218551e-05,354.98296868887024,8.471605998680696
0.15751583758968032,M-norm2,0.011374581282868385,3.895884452199105e-05,8.904755864697798e-07,0.011335622438346394,3.806836893552127e-05,297.7701108641201,8.218055138213872
0.1613576872869896,M-norm2,0.011157562018344138,4.4797281099237005e-05,8.876866296478847e-07,0.011112764737244901,4.390959446958912e-05,253.08283693991694,7.983465862765609
0.16519953698429887,M-norm2,0.010940542753819891,5.066598012168191e-05,8.757397270043981e-07,0.01088987677369821,4.9790240394677515e-05,218.7150872816898,7.772908932774906
0.16904138668160815,M-norm2,0.010723523489295644,5.6187784669018586e-05,8.596617201448125e-07,0.010667335704626626,5.5328122948873775e-05,192.80133024725654,7.590971195359713
0.17288323637891745,M-norm2,0.010438549352175565,6.148988483291568e-05,8.439877037527313e-07,0.01037705946734265,6.0645897129162956e-05,171.10901080812943,7.418771925673956
0.17672508607622672,M-norm2,0.010139707378319264,6.59138541916131e-05,8.321749891921397e-07,0.010073793524127652,6.508167920242096e-05,154.78693309057888,7.274139875978551
0.180566935773536,M-norm2,0.009840865404462964,39.13512405728983,8.27122038384442e-07,39.125283191885366,39.13512323016779,0.9997485624812128,-0.0003627932732795345
0.18440878547084527,M-norm2,8.907214911318528,126.45586117354092,508.95010969280054,117.54864626222239,382.4942485192596,0.3073213433072145,-1.702180130057985
0.18825063516815455,M-norm2,25.871486595850385,375.9799032774417,6933.189250636009,350.1084166815913,6557.209347358567,0.053392899042124534,-4.227208305500736
0.19209248486546382,M-norm2,55.37644214661454,1056.7683077703168,26711.3150776153,1001.3918656237023,25654.546769844987,0.03903369935191231,-4.6791359915700825
0.1959343345627731,M-norm2,98.76930360033916,2193.1150899826393,56413.06626795046,2094.3457863823,54219.95117796782,0.03862684751426581,-4.6942522512968585
0.19977618426008237,M-norm2,158.8487087830075,3710.1015391772444,90755.1682346416,3551.2528303942368,87045.06669546437,0.04079786443060168,-4.615362553656778
0.20361803395739164,M-norm2,233.25136769476467,5499.486546585979,125351.50394642525,5266.235178891215,119852.01739983927,0.04393947881012704,-4.508338432496569
0.20745988365470092,M-norm2,320.74131045415135,7524.326903868896,157208.97738558488,7203.585593414745,149684.65048171597,0.048125078758791406,-4.377067288044502
0.2113017333520102,M-norm2,418.82319149040904,9649.005043336834,183769.41831558503,9230.181851846424,174120.4132722482,0.05301033737735538,-4.237582467291022
0.21514358304931946,M-norm2,527.5015282424462,11832.659003053677,203666.60076702805,11305.15747481123,191833.94176397438,0.05893199801274319,-4.084805010057094
0.21898543274662874,M-norm2,645.1098274791623,14017.868791925956,216474.15190601093,13372.758964446793,202456.28311408497,0.06605257569067978,-3.920241369957141
0.22282728244393804,M-norm2,769.7358434490756,16157.578692915047,223215.63549635143,15387.842849465971,207058.0568034364,0.07431656167851465,-3.75017243407278
0.22666913214124731,M-norm2,900.1948144803082,18207.285182623273,225615.67559974338,17307.090368142963,207408.3904171201,0.08344450450310416,-3.5830391502190304
0.2305109818385566,M-norm2,1035.3632366177299,20134.492421397816,225061.31877461207,19099.129184780086,204926.82635321424,0.09319975097774952,-3.4235300896553174
0.23435283153586586,M-norm2,1174.4403075874752,21894.047085551392,221943.44361813355,20719.606777963916,200049.39653258215,0.10357245328950195,-3.271287748108999
0.23819468123317514,M-norm2,1316.0748137360683,23460.565091754128,215913.9193887578,22144.49027801806,192453.35429700365,0.1150641949521107,-3.1194891215490577
0.2420365309304844,M-norm2,1459.198559103823,24809.709419008585,206667.4198858382,23350.51085990476,181857.71046682962,0.12839989462071136,-2.9612840764632797
0.24587838062779369,M-norm2,1602.9431928467059,25926.701205278543,194521.41757894366,24323.758012431837,168594.7163736651,0.1442735486355447,-2.793121277042908
0.24972023032510296,M-norm2,1746.4917711354203,26827.81965115014,180560.92257099788,25081.32788001472,153733.10291984773,0.16314851781201245,-2.6157422141383857
0.25356208002241226,M-norm2,1888.9851040020928,27520.636212696772,166344.3988804358,25631.65110869468,138823.762667739,0.1846344647064603,-2.4372562167675187
0.25740392971972154,M-norm2,2029.53412848986,28036.824849188004,153500.5411419794,26007.290720698144,125463.71629279139,0.20728933821795625,-2.27028218054157
0.2612457794170308,M-norm2,2167.456186518464,28404.543046133247,143394.9500499313,26237.086859614785,114990.40700379806,0.2281676145276031,-2.131834060824692
0.2650876291143401,M-norm2,2302.3333161111823,28640.713610804276,137050.681149324,26338.380294693095,108409.96753851972,0.24295164819908896,-2.0412588750660956
0.26892947881164936,M-norm2,2433.3582128558705,28770.124513616152,134768.58328422095,26336.766300760282,105998.4587706048,0.24846367207806913,-2.008893164403926
0.27277132850895863,M-norm2,2559.860225481263,28801.607685078987,136163.37354380894,26241.747459597726,107361.76585872995,0.24442358273174694,-2.0325446074034583
0.2766131782062679,M-norm2,2680.060333060844,28728.754793856482,140114.10427724232,26048.69446079564,111385.34948338584,0.23386104709112615,-2.0962765147208464
0.2804550279035772,M-norm2,2794.6994977133068,28560.02607048869,145205.6615957325,25765.326572775382,116645.63552524381,0.22088547468370037,-2.1786295439659833
0.28429687760088646,M-norm2,2902.832613569599,28287.121199097524,150080.85786960216,25384.288585527924,121793.73667050463,0.2084203119098107,-2.262432210439936
0.28813872729819573,M-norm2,3003.991757626535,27898.31078797921,153811.73896638563,24894.319030352675,125913.42817840642,0.19770980260405568,-2.3385436921173413
0.291980576995505,M-norm2,3097.8250522947756,27397.896541479484,156011.98522841698,24300.07148918471,128614.0886869375,0.18893786627322043,-2.404016224236251
0.2958224266928143,M-norm2,3183.8792194096113,26788.055380946073,156720.55450438068,23604.17616153646,129932.49912343461,0.1816649130954737,-2.460648291667619
0.29966427639012355,M-norm2,3261.7690062930533,26071.107533322574,156259.05165544967,22809.338527029522,130187.9441221271,0.17520315479928364,-2.5128993417958574
0.3035061260874328,M-norm2,3332.07574331205,25266.56909522151,155095.3444096067,21934.493351909463,129828.7753143852,0.168949397379697,-2.5653368902801326
0.3073479757847421,M-norm2,3394.970723867194,24393.841241038503,153727.80663148413,20998.870517171308,129333.96539044562,0.16236160743837033,-2.6227175664680806
0.3111898254820514,M-norm2,3450.7136396140886,23474.722279825957,152548.99915583487,20024.00864021187,129074.27687600891,0.15513554772379082,-2.6883987918227272
0.31503167517936065,M-norm2,3499.6382455288017,22537.74182812472,151788.4151851581,19038.10358259592,129250.67335703339,0.14729597214558673,-2.7632101149211903
0.3188735248766699,M-norm2,3542.0445053885105,21609.91370664116,151479.8039366525,18067.86920125265,129869.89023001133,0.13912284956314985,-2.845568707040211
0.3227153745739792,M-norm2,3577.919402237102,20719.73237490388,151527.8612525641,17141.81297266678,130808.12887766022,0.13104547186588728,-2.9318605911217803
0.32655722427128847,M-norm2,3608.330566901398,19891.82963966568,151784.38411632722,16283.499072764283,131892.55447666155,0.12346033585728795,-3.0178804737500866
0.33039907396859775,M-norm2,3633.7074054643826,19146.54919229049,152115.08964308852,15512.84178682611,132968.54045079803,0.11666550399239949,-3.0995500512031233
0.334240923665907,M-norm2,3654.4486700456046,18506.735075891615,152442.28866596278,14852.28640584601,133935.55359007115,0.11089129068226014,-3.172782033111079
0.3380827733632163,M-norm2,3670.909662842668,17983.275483469475,152730.87922722884,14312.365820626808,134747.60374375936,0.10621610643142636,-3.2349255443114773
0.34192462306052557,M-norm2,3683.3934550097224,17582.98620180881,152971.4128379192,13899.592746799088,135388.42663611038,0.1026645562855801,-3.2839899005417896
0.3457664727578349,M-norm2,3692.0545253444034,17315.92821501933,153171.0970732891,13623.873689674925,135855.16885826978,0.10028233599185293,-3.3178605868556708
0.34960832245514417,M-norm2,3696.8925056589296,17174.912909017043,153348.48899851172,13478.020403358114,136173.5760894947,0.0989767676696705,-3.3367662615633558
0.35345017215245345,M-norm2,3698.343961075598,17150.49371155864,153531.10744476548,13452.149750483042,136380.61373320685,0.0986368178163406,-3.3417299329642147
0.3572920218497627,M-norm2,3696.486991583304,17234.5265474908,153744.80331335537,13538.039555907497,136510.27676586458,0.09917231051496034,-3.3339188217736337
0.361133871547072,M-norm2,3691.360706605405,17403.467797764755,154001.51759720448,13712.10709115935,136598.04979943973,0.10038289061441338,-3.3164146993952213
0.36497572124438127,M-norm2,3682.971084114639,17635.878963733358,154297.0748460778,13952.907879618719,136661.19588234444,0.1020985349171917,-3.291965930756537
0.36881757094169054,M-norm2,3671.2961456731414,17911.0336489759,154623.30391905046,14239.737503302758,136712.27027007457,0.10415844514301614,-3.2631482773810334
0.3726594206389998,M-norm2,3656.070869672585,18203.941122618555,154974.0594097227,14547.87025294597,136770.11828710412,0.10636731498913728,-3.2328731935525963
0.3765012703363091,M-norm2,3637.2685945349403,18494.95317769076,155345.09900959855,14857.68458315582,136850.14583190778,0.10856900804041104,-3.203315762716585
0.38034312003361836,M-norm2,3615.008987820628,18765.830373693014,155736.88730593058,15150.821385872387,136971.05693223755,0.11061330565162986,-3.1764031573885707
0.38418496973092764,M-norm2,3589.247650756794,19004.704171730787,156152.3141437861,15415.456520973994,137147.6099720553,0.11240047510937297,-3.153279961139132
0.3880268194282369,M-norm2,3559.9622881670607,19203.520623546305,156589.90051904152,15643.558335379244,137386.37989549522,0.11386542353964582,-3.134598371203202
0.3918686691255462,M-norm2,3527.1585200508775,19355.309037453448,157047.9474124967,15828.15051740257,137692.63837504326,0.11495277237908905,-3.120886834143741
0.39571051882285546,M-norm2,3490.7765814188424,19462.05052164519,157530.41415771327,15971.273940226347,138068.36363606807,0.1156765642730781,-3.1118314865503662
0.39955236852016474,M-norm2,3450.6888036182545,19525.944074976403,158037.966826488,16075.25527135815,138512.0227515116,0.11605675054068705,-3.1070976541668007
0.403394218217474,M-norm2,3407.33982926727,19549.034065644955,158568.63914060002,16141.694236377685,139019.60507495506,0.11611091995028028,-3.1064244343352807
0.4072360679147833,M-norm2,3361.9754159267345,19539.078285456093,159127.17715445205,16177.102869529359,139588.09886899596,0.11589170567264219,-3.1091507780092775
0.41107791761209256,M-norm2,3313.529001952939,19497.081388916537,159679.52027257657,16183.552386963598,140182.43888366004,0.11544636058439975,-3.11470540163327
0.41491976730940183,M-norm2,3261.5742636167706,19439.21341656703,160284.17064133927,16177.639152950258,140844.95722477225,0.11486133030047088,-3.1220349189546805
0.4187616170067111,M-norm2,3207.140429228287,19368.052211212034,160918.20728285014,16160.911781983748,141550.15507163812,0.11417092248189173,-3.1307328288864356
0.4226034667040204,M-norm2,3150.5025413549083,19289.73212792233,161580.84981845916,16139.22958656742,142291.11769053683,0.11342401302706732,-3.1402019889315733
0.42644531640132965,M-norm2,3092.2242516017877,19209.845887073745,162265.54254408012,16117.621635471958,143055.69665700637,0.112666758557095,-3.14986617244593
0.43028716609863893,M-norm2,3032.7014357497173,19133.3089681695,162982.0936244033,16100.607532419781,143848.7846562338,0.11192731013262718,-3.159365999719474
0.4341290157959482,M-norm2,2972.353288669508,19063.823220190745,163727.36697991355,16091.469931521237,144663.54375972282,0.1112337601673036,-3.1683333730672727
0.4379708654932575,M-norm2,2911.614547788471,19004.701178111383,164493.41192662367,16093.086630322912,145488.7107485123,0.11061398886227654,-3.1763942465115105
0.44181271519056675,M-norm2,2850.9349331154044,18957.018898361763,165293.21263553126,16106.083965246358,146336.1937371695,0.11006220370999989,-3.1836089745940965
0.4456545648878761,M-norm2,2790.499416388038,18921.459130558065,166118.32755765063,16130.959714170027,147196.86842709256,0.10958765554282007,-3.1898427992365344
0.44949641458518536,M-norm2,2730.099110459936,18879.64378823971,166797.57117877976,16149.544677779775,147917.92739054005,0.10917908980120421,-3.1952315200283916
0.45333826428249463,M-norm2,2672.3221483511493,18865.431021129418,167670.333173508,16193.108872778268,148804.90215237858,0.10882107133941238,-3.199970158027861
0.4571801139798039,M-norm2,2616.3736490810134,18859.38321829887,168560.98730334555,16243.009569217857,149701.60408504668,0.10850257529632129,-3.204198809608029
0.4610219636771132,M-norm2,2562.6221075819117,18859.45331396247,169475.7144024677,16296.831206380557,150616.26108850524,0.1082010075711825,-3.208214161238528
0.46486381337442245,M-norm2,2511.7441248509094,18863.59152775307,170429.95965515717,16351.84740290216,151566.3681274041,0.107885724286519,-3.212424118510076
0.4687056630717317,M-norm2,2463.7994234686425,18870.274852598737,171399.80321654712,16406.475429130096,152529.5283639484,0.10756261823601036,-3.2167513167679656
0.472547512769041,M-norm2,2419.0267224874956,18878.08689569067,172399.35900848007,16459.060173203176,153521.2721127894,0.1072102904482904,-3.2214847071307835
0.4763893624663503,M-norm2,2377.65441267337,18886.13065092451,173429.97537205665,16508.47623825114,154543.84472113213,0.10682066482841805,-3.2267373264988337
0.48023121216365955,M-norm2,2339.874970111973,18893.819337739704,174468.34475962378,16553.94436762773,155574.5254218841,0.10640523776458294,-3.2323589260877053
0.4840730618609688,M-norm2,2305.9435338776775,18900.872017621554,175542.40408395886,16594.928483743875,156641.5320663373,0.10594207209819656,-3.23865246350154
0.4879149115582781,M-norm2,2276.299295595118,18907.16970157816,176633.46241155232,16630.87040598304,157726.29270997416,0.10544133207114524,-3.2454875933257994
0.49175676125558737,M-norm2,2250.6130451489216,18912.741444704323,177733.96879468777,16662.1283995554,158821.22734998344,0.1049112179623081,-3.252759144014202
0.49559861095289665,M-norm2,2228.91227799161,18917.737127849265,178870.0905642678,16688.824849857654,159952.35343641852,0.10433622570293413,-3.260687944047042
0.4994404606502059,M-norm2,2211.1825962438525,18922.283223870912,180007.69960086182,16711.10062762706,161085.4163769909,0.10374061788757953,-3.2689472272384776
0.5032823103475152,M-norm2,2197.367079926937,18926.54002114415,181168.64819492595,16729.17294121721,162242.1081737818,0.10311239868319605,-3.2777102758255614
0.5071241600448245,M-norm2,2187.6623917209654,18930.659473695556,182353.01340203168,16742.99708197459,163422.35392833612,0.1024523064287565,-3.2869756319059484
0.5109660097421338,M-norm2,2181.7917258396947,18934.832414922817,183532.14513697886,16753.040689083122,164597.31272205603,0.10178198180776384,-3.296445907317961
0.5148078594394431,M-norm2,2179.3684725145044,18939.284404765756,184741.7235213194,16759.915932251253,165802.43911655364,0.10108365125117119,-3.3063784128404725
0.5186497091367523,M-norm2,2180.170633077131,18944.25582123516,185949.9612764452,16764.08518815803,167005.70545521003,0.10038031420821165,-3.3164517277785253
0.5224915588340616,M-norm2,2183.946474380335,18949.966596665545,187165.4596057412,16766.02012228521,168215.49300907564,0.09966989260246463,-3.3266984158714896
0.5263334085313709,M-norm2,2190.4515069956683,18956.529614189985,188402.21432531954,16766.078107194317,169445.68471112955,0.09894662195603902,-3.3372057353615636
0.5301752582286802,M-norm2,2199.5965915736283,18964.071899029328,189621.0165482656,16764.4753074557,170656.94464923625,0.0982349434528607,-3.3476198884643478
0.5340171079259894,M-norm2,2210.746827608036,18972.61407637779,190860.95210330628,16761.867248769755,171888.33802692848,0.09751602372316728,-3.358216889409524
0.5378589576232987,M-norm2,2223.573395496724,18982.154730484654,192093.92543774884,16758.581334987928,173111.7707072642,0.09680786734789432,-3.368731893074667
0.541700807320608,M-norm2,2237.7436201144737,18992.763955149923,193323.6196887309,16755.02033503545,174330.85573358097,0.09611046916812653,-3.3791625996259538
0.5455426570179173,M-norm2,2252.92668228532,19004.33856849517,194567.59222174398,16751.41188620985,175563.2536532488,0.09541525084340943,-3.3896363097318263
0.5493845067152265,M-norm2,2268.830845104022,19016.80788344606,195786.65006942177,16747.97703834204,176769.8421859757,0.09474453804581587,-3.399813414420778
0.5532263564125358,M-norm2,2285.0763775565597,19030.09867216456,197021.0872255817,16745.022294608,177990.98855341715,0.09407792175716033,-3.4099999993257364
0.5570682061098451,M-norm2,2301.348178337026,19044.08057666509,198238.4211020045,16742.732398328062,179194.34052533942,0.09343337713258033,-3.419918174938344
0.5609100558071544,M-norm2,2317.3861952876646,19058.709742768886,199445.04076927292,16741.32354748122,180386.33102650405,0.09280816041999007,-3.4296045258028145
0.5647519055044636,M-norm2,2332.9574511125916,19073.972232428398,200651.3035968702,16741.014781315807,181577.33136444178,0.09219771353349779,-3.439125216937752
0.5685937552017729,M-norm2,2347.839020978576,19089.88901461084,201826.82259404528,16742.049993632263,182736.93357943444,0.09161831527809135,-3.4482201556493184
0.5724356048990822,M-norm2,2361.7605145961566,19106.553572890483,203013.67242797872,16744.793058294326,183907.11885508822,0.0910502712594208,-3.4571928744502802
0.5762774545963915,M-norm2,2374.6670402701143,19123.981051254435,204169.9149852119,16749.314010984323,185045.93393395745,0.0905143585427936,-3.465709520724107
0.5801193042937007,M-norm2,2386.4533113397288,19142.163198755246,205317.49489637665,16755.709887415516,186175.3316976214,0.08999962419634346,-3.473937212456897
0.58396115399101,M-norm2,2397.0415716032394,19161.137139011746,206451.45820704062,16764.095567408505,187290.32106802886,0.08950860606042389,-3.4818297886962224
0.5878030036883193,M-norm2,2406.3795485038913,19180.869644837818,207560.04713383727,16774.490096333928,188379.17748899944,0.08904641330283698,-3.4892986875373397
0.5916448533856286,M-norm2,2414.329097596383,19201.400976972363,208669.52098734977,16787.07187937598,189468.1200103774,0.08860103683119108,-3.4965326081223624
0.5954867030829378,M-norm2,2420.9305361186043,19222.8255056762,209734.91400752898,16801.894969557594,190512.08850185276,0.08819332726696864,-3.5031866845931137
0.5993285527802471,M-norm2,2426.258453102472,19245.11941132476,210800.38859223007,16818.860958222285,191555.2691809053,0.08780160958317731,-3.5096088022192973
0.6031704024775564,M-norm2,2430.3406270451637,19268.272526494144,211837.29928955637,16837.93189944898,192569.02676306223,0.08743842238018082,-3.5155888185547304
0.6070122521748657,M-norm2,2433.2174483768385,19292.25261792055,212859.4899583347,16859.03516954371,193567.23734041417,0.08709653245654798,-3.5212409073148154
0.6108541018721749,M-norm2,2434.937756492764,19316.974383411718,213861.3423106893,16882.036626918954,194544.36792727758,0.08677730847098905,-3.5265383502872196
0.6146959515694842,M-norm2,2435.436182726777,19342.468958391175,214832.86200887512,16907.032775664396,195490.39305048395,0.08648523598445208,-3.531402320493399
0.6185378012667935,M-norm2,2434.931881467155,19368.82822135685,215808.01580550396,16933.896339889696,196439.18758414712,0.08620426783548907,-3.536096893167118
0.6223796509641027,M-norm2,2433.505960144393,19396.070633304367,216741.00595580676,16962.564673159974,197344.9353225024,0.08595388903920761,-3.540293272925991
0.626221500661412,M-norm2,2431.2463069967835,19424.198761769076,217670.32628035927,16992.95245477229,198246.1275185902,0.08571644080754519,-3.544284243352297
0.6300633503587213,M-norm2,2428.246586822397,19453.157492547092,218566.9431021267,17024.910905724697,199113.78560957962,0.08550342636298913,-3.5478739557662773
0.6339052000560306,M-norm2,2424.587662565074,19482.879849600897,219459.3129439227,17058.292187035822,199976.4330943218,0.08530151239866364,-3.5512848689731413
0.6377470497533398,M-norm2,2420.35415955386,19513.465981131845,220324.38722701167,17093.111821577986,200810.9212458798,0.0851204292850616,-3.554350763020822
0.6415888994506491,M-norm2,2415.7093719256086,19545.12634326168,221165.89572532073,17129.41697133607,201620.76938205905,0.08495859342187546,-3.5570963087560465
0.6454307491479584,M-norm2,2410.7576119746564,19577.96859757439,222004.623551176,17167.210985599733,202426.6549536016,0.08480706747604284,-3.5596716916398896
0.6492725988452677,M-norm2,2405.600631016766,19611.994247799626,222810.5181893829,17206.39361678286,203198.5239415833,0.08467774904570398,-3.561873270497272
0.6531144485425769,M-norm2,2400.335038271924,19647.04063017624,223614.89841828952,17246.705591904316,203967.8577881133,0.08455599710136981,-3.563949108923272
0.6569562982398862,M-norm2,2395.0521957788355,19682.86762387352,224386.82500080433,17287.815428094684,204703.9573769308,0.08445276608044189,-3.5657115134007187
0.6607981479371955,M-norm2,2389.843478648231,19719.459806277944,225165.7414380282,17329.616327629712,205446.28163175026,0.08435108287183302,-3.567449600292168
0.6646399976345048,M-norm2,2384.772348366639,19757.04612682404,225911.479431347,17372.273778457402,206154.43330452294,0.08426825220292879,-3.5688669870327887
0.668481847331814,M-norm2,2379.889350123457,19795.81569075592,226655.94349656295,17415.926340632464,206860.12780580702,0.08419179918994307,-3.5701764771980367
0.6723236970291233,M-norm2,2375.233053306945,19835.863060748416,227389.27147765,17460.630007441472,207553.4084169016,0.08412596131579407,-3.571305104136706
0.6761655467264326,M-norm2,2370.8315540098974,19877.194565546168,228106.06952588438,17506.36301153627,208228.8749603382,0.0840726965214154,-3.5722188433812514
0.6800073964237419,M-norm2,2366.7084017570223,19919.717613052,228820.65344569614,17553.009211294975,208900.93583264414,0.08402551736463802,-3.5730286692054496
0.6838492461210511,M-norm2,2362.904465893597,19963.654502575246,229521.25039313387,17600.75003668165,209557.59589055862,0.08399003606566299,-3.5736380020176974
0.6876910958183604,M-norm2,2359.173657618335,20005.42940655616,230193.88634149398,17646.255748937823,210188.45693493783,0.08395444738623341,-3.5742494375473206
0.6915329455156698,M-norm2,2355.6551987073676,20053.568740577797,230866.0250060882,17697.913541870428,210812.4562655104,0.08395098589231638,-3.5743089219846182
0.6953747952129791,M-norm2,2352.738755805779,20104.169926604704,231560.26722337602,17751.431170798925,211456.09729677133,0.08394854249998478,-3.5743509122157255
0.6992166449102883,M-norm2,2350.13082990628,20156.714704294387,232230.91487667488,17806.583874388107,212074.2001723805,0.08396393271748456,-3.574086448357414
0.7030584946075976,M-norm2,2347.862668718809,20210.086327507408,232907.63978834503,17862.2236587886,212697.55346083763,0.08397945048332413,-3.5738198417968046
0.7069003443049069,M-norm2,2345.9007021251423,20262.95529376134,233579.97420465498,17917.0545916362,213317.01891089365,0.08399261663749612,-3.573593676271834
0.7107421940022162,M-norm2,2344.232777247296,20314.182119353838,234258.86309616032,17969.94934210654,213944.68097680647,0.08399343821057484,-3.573579564631347
0.7145840436995254,M-norm2,2342.8452301391685,20362.753180896132,234919.29192823314,18019.907950756962,214556.538747337,0.08398675731797346,-3.573694322095457
0.7184258933968347,M-norm2,2341.7191224101857,20408.322429154574,235587.63396722465,18066.60330674439,215179.3115380701,0.08396068923916042,-3.5741421799117212
0.722267743094144,M-norm2,2340.830468057467,20451.057705997056,236269.7803674117,18110.22723793959,215818.72266141465,0.08391406924575151,-3.5749434729188816
0.7261095927914533,M-norm2,2340.1527048517487,20491.907684449314,236934.19594546856,18151.754979597565,216442.28826101925,0.08386417980255041,-3.5758014536741762
0.7299514424887625,M-norm2,2339.6664902650023,20532.83317244463,237619.6948847613,18193.166682179628,217086.86171231666,0.08380593159197813,-3.576803831584168
0.7337932921860718,M-norm2,2339.3176310262434,20576.18011211399,238299.1680884533,18236.862481087748,217722.9879763393,0.08376176833963721,-3.5775642896753514
0.7376351418833811,M-norm2,2339.07247026851,20623.85014951428,238979.2526687653,18284.77767924577,218355.40251925102,0.08373860902128911,-3.577963236047539
0.7414769915806904,M-norm2,2338.8988040438016,20676.865723873518,239658.70055635576,18337.966919829716,218981.83483248224,0.08374195482405188,-3.5779055938597715
0.7453188412779996,M-norm2,2338.7673667682907,20734.548996473375,240397.39421827794,18395.781629705085,219662.84522180457,0.08374553107117384,-3.5778439840748844
0.7491606909753089,M-norm2,2338.6531904367694,20795.61645035917,241200.41834714348,18456.963259922402,220404.8018967843,0.08374120300956876,-3.577918546075869
0.7530025406726182,M-norm2,2338.5366604379974,20858.933965070442,242269.74038407364,18520.397304632446,221410.8064190032,0.08364721489512122,-3.5795386844649344
0.7568443903699275,M-norm2,2338.4020046546566,20923.84813852846,243680.64464355263,18585.446133873804,222756.79650502416,0.08343380056399141,-3.5832242254436486
0.7606862400672367,M-norm2,2338.242329221667,20989.74548041083,244980.91082112174,18651.503151189165,223991.1653407109,0.08326892323105037,-3.58607802150332
0.764528089764546,M-norm2,2338.055940231069,21055.797982864453,245112.0959619673,18717.742042633385,224056.29797910285,0.08354035218585616,-3.5813829642089345
0.7683699394618553,M-norm2,2337.8440489498685,21120.757103702195,243703.8898952151,18782.913054752327,222583.1327915129,0.08438605755605809,-3.566851536296502
0.7722117891591646,M-norm2,2337.6099059250296,21183.450351373096,242405.30783154085,18845.840445448066,221221.85748016776,0.08518977582103328,-3.5531758961475677
0.7760536388564738,M-norm2,2337.358035300456,21243.891043746848,243479.2047185536,18906.533008446393,222235.31367480676,0.08507438667516184,-3.555131344335449
0.7798954885537831,M-norm2,2337.094056927144,21303.213635451906,245835.46876909473,18966.119578524762,224532.25513364282,0.08446946549944917,-3.5654262677129167
0.7837373382510924,M-norm2,2336.824931927518,21363.159654035542,246022.36106213782,19026.334722108026,224659.20140810226,0.08468976388617148,-3.5616685824731222
0.7875791879484016,M-norm2,2336.560591401197,21425.195220942907,243614.45193531254,19088.63462954171,222189.25671436964,0.08591160037085263,-3.5410032427234435
0.7914210376457109,M-norm2,2336.3122289586468,21489.733084053147,243455.60621630555,19153.4208550945,221965.8731322524,0.08628993540679314,-3.5346638920792706
0.7952628873430202,M-norm2,2335.799544699721,21552.99064119851,244206.22857461867,19217.19109649879,222653.23793342017,0.08630995567306905,-3.5343292089132228
0.7991047370403295,M-norm2,2335.417575093148,21621.617010359518,240750.13544713604,19286.199435266368,219128.51843677653,0.08801318775324475,-3.506136478743767
0.8029465867376387,M-norm2,2335.3069567062967,21693.50980351608,241127.01209611612,19358.202846809785,219433.50229260002,0.0882189941123799,-3.5027668790992363
0.806788436434948,M-norm2,2335.260297789521,21767.977629874786,239060.9762185666,19432.717332085263,217292.99858869181,0.08943094097969048,-3.4830821338118056
0.8106302861322573,M-norm2,2335.284235734847,21844.222216499908,237568.61308689797,19508.937980765062,215724.39087039806,0.090434548926299,-3.4669821556021927
0.8144721358295666,M-norm2,2335.383042396298,21920.70810851156,235142.1712807814,19585.325066115263,213221.46317226984,0.09185437889192011,-3.444507690484117
0.8183139855268758,M-norm2,2335.560219263585,21996.104735081113,233604.1688374285,19660.544515817528,211608.0641023474,0.09291018562651948,-3.4280194236581316
0.8221558352241851,M-norm2,2335.81672221331,22070.4910693812,232174.97058133542,19734.674347167893,210104.4795119542,0.0939279085958044,-3.412302303349821
0.8259976849214944,M-norm2,2336.150884960992,22145.136173588733,231145.99950665093,19808.98528862774,209000.8633330622,0.0947794424038349,-3.399282016286681
0.8298395346188037,M-norm2,2336.9064822098876,22226.65081331939,230130.99005237158,19889.7443311095,207904.33923905218,0.09566776914761703,-3.3858232329099773
0.8336813843161129,M-norm2,2338.1497629635455,22333.65173417719,231984.8494885158,19995.501971213645,209651.19775433862,0.0953750905570481,-3.390243668012173
0.8375232340134222,M-norm2,2338.6378676108434,22416.428876031143,231743.0486615141,20077.7910084203,209326.61978548297,0.0959160905048576,-3.382083333401643
0.8413650837107315,M-norm2,2339.7210849670755,22511.5780455677,232412.24576287277,20171.856960600628,209900.66771730507,0.09610191896944394,-3.3792909506585342
0.8452069334080408,M-norm2,2340.46854362377,22596.24713225696,232968.92090801708,20255.77858863319,210372.6737757601,0.09628521720565371,-3.3765418735460315
0.84904878310535,M-norm2,2341.048626553177,22681.691388778134,233385.81172175455,20340.642762224958,210704.12033297642,0.09653652111824189,-3.3727813523841017
0.8528906328026593,M-norm2,2341.6356531656697,22768.74262718667,233594.82472946058,20427.106974021,210826.0821022739,0.09689079629204322,-3.3674965599904674
0.8567324824999686,M-norm2,2342.218092992304,22857.37439504189,233843.9029457737,20515.156302049585,210986.5285507318,0.09723443692338256,-3.3623888349995528
0.8605743321972779,M-norm2,2342.785701932816,22946.271853131766,234238.84816721038,20603.48615119895,211292.57631407861,0.09751164243732174,-3.3582817095397917
0.8644161818945871,M-norm2,2343.3291420339765,23034.310122286453,234838.9319832861,20690.980980252476,211804.62186099964,0.09768899657832435,-3.355660119657681
0.8682580315918964,M-norm2,2343.840657055553,23121.769309926654,235554.2938397246,20777.9286528711,212432.52452979793,0.09780954540205815,-3.3538809226317983
0.8720998812892057,M-norm2,2344.3148762981286,23210.203125180087,236326.54200390485,20865.888248881958,213116.33887872475,0.09790843986277292,-3.3524229619850643
0.875941730986515,M-norm2,2344.749392470696,23302.010362662197,237130.70288736894,20957.2609701915,213828.69252470674,0.09800958291773683,-3.3509333736898266
0.8797835806838242,M-norm2,2345.1450142018534,23400.8432942133,237984.8602145001,21055.698280011446,214584.0169202868,0.09812332988357268,-3.349259996186971
0.8836254303811335,M-norm2,2345.5056052160257,23514.426183413878,238874.9072359935,21168.920578197853,215360.48105257962,0.09829528832186032,-3.34673392557509
0.8874672800784429,M-norm2,2345.3908874452777,23655.56757607833,239845.51618620352,21310.17668863305,216189.9486101252,0.09857154241274932,-3.3426849888693795
0.8913091297757522,M-norm2,2345.6745051819926,23851.473539459108,240824.033471435,21505.799034277115,216972.55993197588,0.09911759828532928,-3.3347149597601344
0.8951509794730614,M-norm2,2345.9368900644117,24107.11001767034,241841.8717228691,21761.17312760593,217734.76170519876,0.09994349527462866,-3.3227435161556382
0.8989928291703707,M-norm2,2346.188047163125,24396.940563099724,242906.72843870276,22050.752515936598,218509.78787560304,0.10091425528493957,-3.3087981089839467
0.90283467886768,M-norm2,2346.437956586306,24643.382251775136,243989.42031760735,22296.94429518883,219346.03806583222,0.10165191262080996,-3.2982907345733983
0.9066765285649893,M-norm2,2346.6961232233484,24759.948280700006,245122.37331631983,22413.252157476658,220362.42503561982,0.10171086179439955,-3.2974543407640713
0.9105183782622985,M-norm2,2346.9714760164075,24716.81444928217,246275.7029396639,22369.842973265764,221558.88849038174,0.10096567610392611,-3.3080631715224147
0.9143602279596078,M-norm2,2347.2724062960724,24597.33956092094,247461.2411134368,22250.067154624867,222863.90155251586,0.0998370171195349,-3.324281359051538
0.9182020776569171,M-norm2,2347.6068823478695,24551.73590926727,248683.2851323986,22204.1290269194,224131.54922313133,0.09906739637450308,-3.335445853130397
0.9220439273542264,M-norm2,2347.982573601351,24663.819260419394,249916.43185076807,22315.836686818042,225252.61259034867,0.0990702679546821,-3.3354040355941086
0.9258857770515356,M-norm2,2348.40696948506,24877.89156039812,251193.06953848273,22529.48459091306,226315.1779780846,0.09954915437927331,-3.3284471287562236
0.9297276267488449,M-norm2,2348.887447404895,25039.790269209265,252482.8395698954,22690.90282180437,227443.04930068614,0.09976520668172346,-3.3253194293196082
0.9335694764461542,M-norm2,2349.4342119011726,25069.796895343436,253799.57706879472,22720.36268344226,228729.7801734513,0.09933277016317187,-3.331586444301306
0.9374113261434635,M-norm2,2350.0525629769822,25017.55209274999,255146.1930344461,22667.499529773006,230128.64094169613,0.09849925431713602,-3.3437433870030917
0.9412531758407727,M-norm2,2350.7478798372726,24984.0493650589,256500.9893529471,22633.30148522163,231516.9399878882,0.0977608873303426,-3.35459880988327
0.945095025538082,M-norm2,2351.5253318145833,24989.07062862654,257896.08382203957,22637.545296811957,232907.01319341303,0.09719563608852368,-3.3629646489352183
0.9489368752353913,M-norm2,2352.3885211438214,24973.68765311872,259299.67270535076,22621.299131974898,234325.98505223205,0.09653773194181829,-3.372763257281918
0.9527787249327005,M-norm2,2353.3388943177006,24888.70001718847,260731.08122142413,22535.361122870767,235842.38120423566,0.09555263565353639,-3.387560521785556
0.9566205746300098,M-norm2,2354.3752195365505,24768.580098091545,262186.05807349033,22414.204878554992,237417.4779753988,0.0944084027414256,-3.4049409185998125
0.9604624243273191,M-norm2,2355.4931652564005,24676.117659756463,263649.0519508734,22320.62449450006,238972.93429111695,0.09340231169153686,-3.420397932937809
0.9643042740246284,M-norm2,2356.6850946297004,24636.116281582646,265141.808197881,22279.431186952945,240505.69191629832,0.09263577510135068,-3.432286732856494
0.9681461237219376,M-norm2,2357.940131101356,24610.398434032704,266622.92750015465,22252.458302931347,242012.52906612193,0.09194754663652806,-3.443045108911675
0.9719879734192469,M-norm2,2359.2444550625596,24556.234369709353,268138.63632853015,22196.989914646794,243582.4019588208,0.09112723142618218,-3.4559739527294235
0.9758298231165562,M-norm2,2360.581805988773,24471.77269262628,269666.50731749914,22111.19088663751,245194.73462487286,0.09017808200680065,-3.4710793640829833
0.9796716728138655,M-norm2,2361.934161606419,24393.760710347247,271178.2994313877,22031.826548740828,246784.53872104044,0.0892755545502188,-3.4855909993910985
0.9835135225111747,M-norm2,2363.2825729463807,24349.21570514348,272707.0127649166,21985.9331321971,248357.7970597731,0.08852523815431361,-3.4977673699545226
0.987355372208484,M-norm2,2364.608138436556,24329.322510164675,274256.32085988164,21964.714371728118,249926.99834971697,0.08788452034699112,-3.5082471129758948
0.9911972219057933,M-norm2,2360.8916311820763,24305.87962924579,275825.9782286086,21944.987998063712,251520.09859936283,0.08724944098013845,-3.518710301979835
0.9950390716031026,M-norm2,2361.784337605366,24269.908418452014,277349.7430642031,21908.124080846646,253079.8346457511,0.08656605972385187,-3.5300546967611472
0.9988809213004118,M-norm2,2362.7098420495995,24232.706909345347,278909.9329044583,21869.997067295746,254677.22599511297,0.08587339123803481,-3.541645023205262
1.0027227709977211,M-norm2,2363.6719914945315,24209.234164137735,280564.3287594786,21845.562172643204,256355.09459534084,0.08521602508866324,-3.5527314313660394
1.0065646206950305,M-norm2,2364.6737266295577,24199.530228331234,282219.8803166962,21834.856501701677,258020.35008836497,0.08462455187826787,-3.5627799007291867
1.0104064703923397,M-norm2,2365.7173553772254,24189.758268515456,283881.87702325097,21824.04091313823,259692.1187547355,0.08403813337804757,-3.572812071982487
1.014248320089649,M-norm2,2366.8038358860604,24166.528223349702,285598.69224747946,21799.72438746364,261432.16402412974,0.08338577798503616,-3.5840548466336295
1.0180901697869582,M-norm2,2367.931949709317,24132.958915152045,287333.94837498607,21765.02696544273,263200.989459834,0.08269356057555474,-3.5960812000083964
1.0219320194842676,M-norm2,2369.0975295793696,24107.8957618179,289080.5710008055,21738.798232238532,264972.67523898755,0.08204166038113778,-3.607499500012132
1.0257738691815768,M-norm2,2370.2929863039376,24103.692672203353,290848.6288934619,21733.399685899414,266744.93622125854,0.08147633463554142,-3.6174751103309015
1.0296157188788861,M-norm2,2371.507492143807,24113.854145427227,292634.7340533404,21742.34665328342,268520.87990791316,0.0809707858127821,-3.6264547109804006
1.0334575685761953,M-norm2,2372.727984878765,24119.694440959105,294435.93838136666,21746.96645608034,270316.2439404076,0.08045009111947618,-3.6357621347981355
1.0372994182735047,M-norm2,2373.9407010919635,24109.76205715785,296254.64858450985,21735.821356065888,272144.886527352,0.0798685642542151,-3.6462284102578146
1.0411412679708139,M-norm2,2375.132720314229,24091.61809764402,298090.0836862636,21716.48537732979,273998.4655886196,0.07925768974901798,-3.657305274401839
1.0449831176681232,M-norm2,2376.293181853125,24081.15939302063,299938.7808045349,21704.866211167504,275857.6214115143,0.07868140854730629,-3.667833404933774
1.0488249673654324,M-norm2,2377.4140801200756,24086.45240534914,301800.2167076888,21709.038325229063,277713.7643023397,0.0781705522582417,-3.6772309596349473
1.0526668170627418,M-norm2,2378.490741457505,24100.084630722453,303676.00191227754,21721.593889264946,279575.91728155507,0.07769479610573747,-3.68603821770372
1.056508666760051,M-norm2,2379.5222114597896,24107.605472359675,305564.46037181624,21728.083260899886,281456.85489945655,0.07719862878685865,-3.695280967410486
1.0603505164573603,M-norm2,2380.5117836505974,24104.268237034896,307465.07489781163,21723.7564533843,283360.8066607767,0.07666464783674452,-3.70529472479885
1.0641923661546695,M-norm2,2381.467656835128,24097.997171010156,309377.60143484,21716.52951417503,285279.6042638298,0.07612366671012112,-3.71551113503216
1.0680342158519789,M-norm2,2382.4034839008614,24100.139843710516,311301.5921178132,21717.736359809656,287201.45227410266,0.07561847681425521,-3.7251174004158867
1.071876065549288,M-norm2,2383.3384547187015,24113.009383103916,313237.9885715646,21729.670928385214,289124.9791884607,0.0751566709641547,-3.7339550252236764
1.0757179152465974,M-norm2,2384.296611454198,24127.791568344634,315185.5263878211,21743.494956890434,291057.7348194765,0.07470509234319596,-3.7426496007378254
1.0795597649439066,M-norm2,2385.305190390613,24135.73525551835,317144.239012131,21750.430065127737,293008.50375661266,0.07423139528808598,-3.751826703106072
1.083401614641216,M-norm2,2386.3919031345067,24136.374391978115,319113.99708797893,21749.98248884361,294977.6226960008,0.0737343473381328,-3.761519369760538
1.0872434643385251,M-norm2,2387.583805682179,24136.37291668652,321093.955103379,21748.789111004342,296957.58218669245,0.0732387061844113,-3.7712498846829043
1.0910853140358345,M-norm2,2388.898274825846,24141.07291438917,323084.470454918,21752.174639563324,298943.3975405288,0.07276352252139741,-3.78064080344915
1.0949271637331437,M-norm2,2390.341359247989,24147.875232559112,325084.6373298114,21757.533873311124,300936.7620972523,0.07229935525882958,-3.789873408006861
1.098769013430453,M-norm2,2391.909181525246,24150.55109990653,327094.81262423506,21758.641918381283,302944.2615243285,0.07182391179452632,-3.7993919601517456
1.1026108631277622,M-norm2,2393.5872614633176,24147.380682679766,329115.0919593262,21753.793421216447,304967.7112766464,0.0713314643381471,-3.809317599338327
1.1064527128250716,M-norm2,2395.352943685976,24145.290481826996,331144.71373293904,21749.93753814102,306999.42325111205,0.07084683517581246,-3.81915278233561
1.1102945625223808,M-norm2,2397.17919278898,24155.605839984615,333184.4224737017,21758.426647195636,309028.8166337171,0.07040905403001711,-3.8280952301689237
1.1141364122196902,M-norm2,2399.0389423994407,24183.190652743797,335233.37631431903,21784.151710344355,311050.18566157523,0.07003420256448799,-3.835796527442958
1.1179782619169993,M-norm2,2400.9091110004074,24220.877357892143,337291.42084738234,21819.968246891734,313070.54348949017,0.06969665048549747,-3.8427668657337875
1.1218201116143087,M-norm2,2402.7735457788967,24256.349060769913,339358.1463042878,21853.57551499102,315101.7972435179,0.0693540173561818,-3.8498767361807817
1.1256619613116179,M-norm2,2404.6244390190413,24282.68271973659,341432.20424526476,21878.05828071755,317149.52152552817,0.06898341884761926,-3.8576065586234063
1.1295038110089273,M-norm2,2406.462048979255,24303.479135403577,343514.479829328,21897.017086424323,319211.00069392443,0.06859731349741384,-3.8657041130829373
1.1333456607062364,M-norm2,2408.292928686298,24327.769210284212,345604.6299146475,21919.476281597912,321276.86070436327,0.06822612818595754,-3.8735318437003166
1.1371875104035458,M-norm2,2410.1271261521383,24360.179854054055,347702.2991260255,21950.052727901915,323342.11927197146,0.06788491637688301,-3.88076513792151
1.141029360100855,M-norm2,2411.9749498172214,24396.48746359715,349807.10270796163,21984.51251377993,325410.6152443645,0.06755929734274599,-3.8877018664519953
1.1448712097981644,M-norm2,2413.843903250561,24430.074284808583,351918.0424518288,22016.230381558024,327487.9681670202,0.06722760077197602,-3.8948025263890504
1.1487130594954735,M-norm2,2415.736343149172,24459.235106357486,354036.9416065581,22043.498763208314,329577.7065002006,0.06688407112631842,-3.902193525146079
1.152554909192783,M-norm2,2417.6483212284343,24488.51066415614,356164.434923914,22070.862342927707,331675.9242597579,0.06654345621312724,-3.909559389197987
1.156396758890092,M-norm2,2419.569912162097,24523.23844150761,358299.95287062816,22103.668529345512,333776.71442912053,0.06622291961603978,-3.916525572535293
1.1602386085874015,M-norm2,2421.487045566893,24563.624112268288,360442.2012373581,22142.137066701394,335878.5771250898,0.06592304057086408,-3.923073404241708
1.1640804582847106,M-norm2,2423.3844898563652,24604.33924135903,362588.8012553231,22180.954751502664,337984.4620139641,0.06562714338798877,-3.9295635527985087
1.16792230798202,M-norm2,2425.249308173984,24641.247368365355,364740.5900757293,22215.99806019137,340099.34270736395,0.0653220846689697,-3.936285356413496
1.1717641576793292,M-norm2,2427.073960807318,24675.498307405203,366898.3778638977,22248.424346597887,342222.8795564925,0.06501150471128926,-3.943161143614715
1.1756060073766386,M-norm2,2428.8583132064437,24711.94589115704,369062.36122156715,22283.087577950595,344350.4153304101,0.06471050007757241,-3.949856363480158
1.1794478570739477,M-norm2,2430.6100571105844,24753.69194082907,371232.3423913023,22323.081883718485,346478.6504504732,0.06442844849082388,-3.9561583363089565
1.183289706771257,M-norm2,2432.3433897064565,24798.612678089667,373406.25704111945,22366.26928838321,348607.6443630298,0.06415886068491267,-3.962207666729093
1.1871315564685665,M-norm2,2434.0761590400916,24841.708127656028,375585.5765452647,22407.631968615937,350743.86841760867,0.06388602620398934,-3.9683557849066404
1.1909734061658757,M-norm2,2435.8260104407063,24881.115608632626,377769.35250457015,22445.28959819192,352888.23689593753,0.06360452758534642,-3.9747267246984475
1.194815255863185,M-norm2,2437.606301459096,24919.81589358117,379956.9445329745,22482.209592122075,355037.1286393933,0.06332354500015397,-3.9811141665961776
1.1986571055604942,M-norm2,2439.4226410913902,24962.312529100007,382147.40560000297,22522.889888008616,357185.093070903,0.06305663457107857,-3.9872080165371777
1.2024989552578036,M-norm2,2441.270821778944,25009.763206309635,384338.6812600944,22568.49238453069,359328.91805378476,0.06280733681766357,-3.992923092883846
1.2063408049551128,M-norm2,2443.136649612171,25058.450648650698,386532.2840242676,22615.313999038528,361473.8333756169,0.06256418006206929,-3.9985192840131614
1.2101826546524221,M-norm2,2444.997793651593,25104.00125532758,388726.6305665244,22659.003461675988,363622.6293111968,0.06231461310479629,-4.004285667268969
1.2140245043497313,M-norm2,2446.8273595894857,25146.09877946445,390923.0068436175,22699.271419874964,365776.90806415305,0.062057693964359756,-4.010246101802625
1.2178663540470407,M-norm2,2448.598552069829,25188.47888884846,393118.1178541049,22739.88033677863,367929.63896525645,0.06180497010442248,-4.0161333313102805
1.2217082037443499,M-norm2,2450.2895871016485,25234.856921528943,395311.94474257214,22784.567334427295,370077.0878210432,0.061567084491988715,-4.0216969383979455
1.2255500534416592,M-norm2,2451.8879491855937,25285.00215433069,397504.2804912026,22833.114205145095,372219.27833687194,0.061343180039375333,-4.026953231710422
1.2293919031389684,M-norm2,2453.3931735609694,25334.776663028893,399693.6033431788,22881.383489467924,374358.82668014994,0.06112152795322667,-4.032175580579899
1.2332337528362778,M-norm2,2454.8175554842915,25381.119407592934,401880.961525334,22926.30185210864,376499.84211774106,0.06089325754601248,-4.037573696346616
1.237075602533587,M-norm2,2456.1845315916858,25425.051731860367,404062.04418733605,22968.86720026868,378636.9924554757,0.060661973494229075,-4.043063756368785
1.2409174522308963,M-norm2,2457.524941516322,25470.403487326785,406238.6616098913,23012.87854581046,380768.25812256447,0.06043801723200075,-4.048399858465918
1.2447593019282055,M-norm2,2458.8718431935636,25519.74149832472,408408.07019245886,23060.86965513116,382888.32869413414,0.06022870880860164,-4.053404859218331
1.2486011516255149,M-norm2,2460.254918715901,25571.372269025112,410572.43575709884,23111.11735030921,385001.0634880737,0.0600287104168613,-4.058203514566586
1.252443001322824,M-norm2,2461.695671046174,25621.403324821287,412729.35921429296,23159.707653775113,387107.9558894717,0.05982751659174824,-4.063047011039392
1.2562848510201334,M-norm2,2463.2045190512545,25668.08002433889,414874.23017500096,23204.875505287637,389206.15015066206,0.05962104015135683,-4.068034644903304
1.2601267007174426,M-norm2,2464.7805353257004,25713.45066856744,417009.01235269156,23248.67013324174,391295.5616841241,0.05941460218250413,-4.073038647513971
1.263968550414752,M-norm2,2466.4140093090527,25761.18296358871,419134.42147292994,23294.768954279658,393373.23850934126,0.059217980975405086,-4.077820886804449
1.2678104001120611,M-norm2,2468.0913719635273,25812.552880560812,421256.8162122684,23344.461508597284,395444.26333170757,0.059033506547585,-4.082322150402227
1.2716522498093705,M-norm2,2469.801434912128,25864.944735659945,423370.6367496936,23395.143300747815,397505.6920140337,0.058854863642862916,-4.086694548283204
1.2754940995066797,M-norm2,2471.5415283844986,25915.058691242066,425474.19535233296,23443.517162857566,399559.1366610909,0.05867346035123341,-4.091148110253101
1.279335949203989,M-norm2,2473.3220802069623,25962.272249872403,427563.9226855196,23488.95016966544,401601.6504356472,0.05848818137122999,-4.095711059090723
1.2831777989012982,M-norm2,2475.1684832828537,26009.248829238957,429638.1150221029,23534.080345956103,403628.86619286396,0.058306237033876884,-4.100205972617216
1.2870196485986076,M-norm2,2477.1197022236533,26059.088627038363,431696.38398358657,23581.96892481471,405637.2953565482,0.0581356033943737,-4.104434220484552
1.2908614982959168,M-norm2,2479.223813325605,26111.70351489956,433736.75893086905,23632.479701573953,407625.0554159695,0.05797602327820034,-4.108399811076679
1.2947033479932262,M-norm2,2481.5313819159383,26164.271296724208,435766.26714610774,23682.73991480827,409601.99584938353,0.05781890751215175,-4.112314840414817
1.2985451976905353,M-norm2,2484.088081165431,26214.28909768347,437783.86646163603,23730.20101651804,411569.5773639526,0.05765781127095633,-4.116340117570243
1.3023870473878447,M-norm2,2486.9281275818944,26262.236651814765,439792.3809950025,23775.30852423287,413530.14434318774,0.05749353184879745,-4.120456531014324
1.3062288970851539,M-norm2,2490.0699109790667,26311.229927798206,441789.99325255194,23821.16001681914,415478.76332475373,0.05733424213116672,-4.124459162522957
1.3100707467824633,M-norm2,2493.5146811854847,26363.401481473735,443777.3331652745,23869.886800288252,417413.93168380077,0.05718517037512336,-4.128215123192804
1.3139125964797724,M-norm2,2497.2484349228116,26417.824550904403,445750.52322963567,23920.576115981592,419332.6986787313,0.05704438549951519,-4.131771291176783
1.3177544461770818,M-norm2,2501.2464028842473,26471.652181255355,447700.1686770633,23970.405778371107,421228.51649580797,0.056905942593299376,-4.135276871123059
1.321596295874391,M-norm2,2505.47894114093,26523.08867045356,449629.5912418738,24017.60972931263,423106.5025714202,0.05676492699437647,-4.138856374127786
1.3254381455717004,M-norm2,2509.9173221913543,26573.58637597511,451539.6489361841,24063.669053783753,424966.062560209,0.0566249194319474,-4.142419097334839
1.3292799952690095,M-norm2,2514.5379655101433,26625.897658715905,453436.66703838715,24111.359693205763,426810.76937967126,0.056491919658562796,-4.145811663878677
1.333121844966319,M-norm2,2519.3240162403813,26681.168530435007,455321.1077959001,24161.844514194625,428639.9392654651,0.056368626207812904,-4.148963782617174
1.336963694663628,M-norm2,2524.2637847455967,26737.774230772113,457201.28710596595,24213.510446026517,430463.51287519385,0.05624985561330687,-4.152006796666979
1.3408055443609375,M-norm2,2529.3462615873477,26792.990041889287,459078.6172067592,24263.64378030194,432285.6271648699,0.05612873122669887,-4.155116741799258
1.3446473940582466,M-norm2,2534.5545777101156,26846.189991379557,460943.9368234155,24311.635413669443,434097.74683203595,0.056004979503098566,-4.158301084300018
1.348489243755556,M-norm2,2539.8587574547773,26899.32944268753,462796.2299224437,24359.47068523275,435896.9004797562,0.05588356021440453,-4.161432255282693
1.3523310934528652,M-norm2,2545.209315759765,26954.858315361253,464637.1502776095,24409.648999601486,437682.2919622482,0.05577024578756984,-4.16436056061567
1.3561729431501746,M-norm2,2550.5331368664583,27013.283050792244,466474.1665480857,24462.749913925785,439460.88349729346,0.05566536370483687,-4.16707626174578
1.3600147928474837,M-norm2,2555.7326611624594,27072.433965666693,468303.0089753467,24516.701304504233,441230.57500968,0.055564375392540215,-4.1696959815896655
1.363856642544793,M-norm2,2560.68878504604,27130.241868528232,470127.7359588236,24569.55308348219,442997.49409029534,0.055462058840617785,-4.172355017248436
1.3676984922421023,M-norm2,2565.2671789390142,27186.74314421115,471953.4618079918,24621.475965272133,444766.71866378066,0.055358179764985124,-4.175059683346371
1.3715403419394117,M-norm2,2569.3270979011195,27244.00078130147,473809.6439514741,24674.673683400353,446565.64317017264,0.05525430373065575,-4.177769350084026
1.3753821916367208,M-norm2,2572.7313252226895,27303.757912516543,475742.18450346595,24731.026587293854,448438.4265909494,0.05514921362850261,-4.180515875170178
1.3792240413340302,M-norm2,2575.355736403013,27365.40150055627,477772.02852434636,24790.045764153256,450406.6270237901,0.05503925625597837,-4.183395214703125
1.3830658910313396,M-norm2,2577.097125697928,27426.79001944073,479859.3458149149,24849.692893742802,452432.55579547415,0.05492463478904977,-4.1864028180215485
1.3869077407286488,M-norm2,2577.8783654097206,27486.505230624396,481867.41955744365,24908.626865214675,454380.91432681924,0.05481882288589883,-4.189184839993177
1.3907495904259581,M-norm2,2577.650580589069,27545.6748678838,483634.58028817014,24968.02428729473,456088.90542028635,0.05474376594249025,-4.191161505534532
1.3945914401232673,M-norm2,2576.392686769608,27607.0630092839,485100.8546378792,25030.670322514292,457493.79162859527,0.05471259016086235,-4.19198333349168
1.3984332898205767,M-norm2,2574.1092057815504,27672.717054525227,486423.4752752445,25098.607848743675,458750.7582207193,0.054710771369816356,-4.192031293283557
1.4022751395178858,M-norm2,2570.7983170534562,27743.010022393482,487960.6497705883,25172.211705340025,460217.63974819484,0.054696320895289544,-4.192412395232762
1.4061169892151952,M-norm2,2566.522179968355,27817.682386126857,490176.64484197105,25251.1602061585,462358.9624558442,0.05461375739757616,-4.194591772893474
1.4099588389125044,M-norm2,2561.3768980977775,27897.810658226525,493415.4397745517,25336.433760128748,465517.6291163252,0.054426367929876165,-4.199550426803635
1.4138006886098138,M-norm2,2555.460248276816,27986.723519926036,497516.57377161464,25431.26327164922,469529.8502516886,0.05416325129918139,-4.206541846496629
1.417642538307123,M-norm2,2548.8972193177005,28088.572767746922,501475.6247492067,25539.675548429223,473387.0519814598,0.053950938120355445,-4.21220814368854
1.4214843880044323,M-norm2,2541.8432632965287,28205.58110574755,503579.7324987777,25663.737842451024,475374.15139303013,0.05398639738245411,-4.211260243628095
1.4253262377017415,M-norm2,2534.4857759414867,28336.163267468924,502610.55402799905,25801.677491527436,474274.39076053014,0.05440242609379088,-4.200185199412431
1.4291680873990509,M-norm2,2527.042405175712,28477.063874390347,499480.8476701349,25950.021469214636,471003.7837957446,0.05509514437461105,-4.181931012454685
1.43300993709636,M-norm2,2519.7553114873035,28624.045860047332,496991.58341722185,26104.290548560028,468367.5375571745,0.055734628161272656,-4.165282231081813
1.4368517867936694,M-norm2,2512.8812548327546,28771.07427606534,497320.98285345733,26258.193021232586,468549.908577392,0.05604140037281734,-4.157363183226607
1.4406936364909786,M-norm2,2506.678130256565,28909.549262921384,500094.5711568951,26402.87113266482,471185.0218939737,0.05603503911592081,-4.1575269527722885
1.444535486188288,M-norm2,2501.3895839734064,29027.494357740543,503124.89931845834,26526.104773767136,474097.4049607178,0.055950748720012516,-4.159698752631648
1.4483773358855971,M-norm2,2497.2292042203376,29108.61173871777,504604.16187435435,26611.382534497432,475495.5501356366,0.055965576390581265,-4.159316470477521
1.4522191855829065,M-norm2,2494.3661038998353,29142.188170284888,504288.54590801813,26647.82206638505,475146.3577377332,0.05608339753094322,-4.156282439346113
1.4560610352802157,M-norm2,2492.9136073337577,29122.838580933443,502899.02907430765,26629.924973599685,473776.1904933742,0.05620781607000597,-4.153085429054771
1.459902884977525,M-norm2,2492.922456548084,29052.110646343015,501050.68364104966,26559.18818979493,471998.5729947066,0.0562696366247124,-4.1514995429141415
1.4637447346748342,M-norm2,2495.687484620256,29011.6651951906,499386.4257264838,26515.977710570343,470374.7605312932,0.05637202489483124,-4.148876799459628
1.4675865843721436,M-norm2,2516.036890434727,29057.94790710191,505085.8709726798,26541.91101666718,476027.9230655779,0.055757046447484866,-4.164702048733795
1.4714284340694528,M-norm2,2554.1748279974568,28788.801772644532,511763.0983122389,26234.626944647076,482974.29653959436,0.054318888463863325,-4.202402231990303
1.4752702837667622,M-norm2,2558.693181791177,28833.626891278014,515733.4556972167,26274.93370948684,486899.82880593865,0.053963735772762235,-4.21186596390737
1.4791121334640713,M-norm2,2563.2943713075742,28887.855272841465,520274.7278010687,26324.560901533892,491386.8725282272,0.05357196614979108,-4.222377944258515
1.4829539831613807,M-norm2,2567.8648133566453,28952.892791135077,525634.2026058553,26385.02797777843,496681.30981472024,0.05312265119784955,-4.23452904055705
1.4867958328586899,M-norm2,2572.313918656351,29028.81964775404,531342.1794653422,26456.50572909769,502313.3598175882,0.05266932525685799,-4.24689321243247
1.4906376825559993,M-norm2,2576.5751530521534,29112.970295459207,539361.2409126733,26536.395142407055,510248.2706172141,0.0520068301462496,-4.265155082462628
1.4944795322533084,M-norm2,2580.6035930074418,29202.129229942482,550885.0703525682,26621.52563693504,521682.9411226257,0.05103008654959534,-4.292508101166789
1.4983213819506178,M-norm2,2584.375731441145,29294.254215617228,563485.032267683,26709.878484176083,534190.7780520658,0.05000063569343902,-4.321909752768522
1.502163231647927,M-norm2,2587.887613951225,29388.66451824432,583041.30242851,26800.776904293096,553652.6379102657,0.04840720529292752,-4.368634384698445
1.5060050813452364,M-norm2,2591.1523937941793,29485.075913711924,617811.6220778755,26893.923519917746,588326.5461641636,0.04571257866105774,-4.4512649856525375
1.5098469310425455,M-norm2,2594.197138662101,29582.461579279247,656538.3573873134,26988.264440617146,626955.8958080341,0.0430465119174517,-4.537959849789579
1.513688780739855,M-norm2,2597.0595639481226,29678.80131022138,729911.8586280829,27081.74174627326,700233.0573178615,0.03867532596933632,-4.692442738504727
1.517530630437164,M-norm2,2599.784867919082,29772.670884415173,933872.2487467912,27172.88601649609,904099.577862376,0.03005519157606819,-5.056241973742388
1.5213724801344735,M-norm2,2602.422824467369,29864.392342517633,1210662.3983453962,27261.969518050264,1180798.0060028785,0.02308775030060798,-5.436728587831183
1.5252143298317826,M-norm2,2605.025170111123,29956.13117255915,2076440.6348298732,27351.10600244803,2046484.503657314,0.013364922115739607,-6.225404759493669
1.529056179529092,M-norm2,2607.6431913416377,30050.250204899363,9549929.863101773,27442.607013557725,9519879.612896873,0.002882663240444804,-8.438381977041102
1.5328980292264012,M-norm2,2610.3254346265803,30147.80326160312,47923957.77005308,27537.477826976537,47893809.96679148,0.0005749694552609287,-10.764227063342986
1.5367398789237106,M-norm2,2613.1153908749334,30248.01821951009,9275648603.772444,27634.902828635157,9275618355.754225,2.9793057205174427e-06,-18.3565923964437
0.0,Z-norm2,0.00018024935757430345,8.816556548488162e-07,3.653660315503079e-09,0.00017936770191945463,8.780019945333132e-07,204.2907681716537,7.67448020043469
0.0038418496973092763,Z-norm2,0.0014149794748061356,7.750537396077496e-06,5.143078660810248e-08,0.0014072289374100582,7.699106609469393e-06,182.7782116537079,7.513950291830254
0.007683699394618553,Z-norm2,0.002649709592037968,1.4619419137306177e-05,8.74431176016184e-08,0.0026350901729006618,1.4531976019704558e-05,181.33047902966706,7.502477631399658
0.01152554909192783,Z-norm2,0.0038844397092698004,2.148830087853486e-05,9.906591860551665e-08,0.0038629514083912656,2.1389234959929342e-05,180.60259825225776,7.4966748381786745
0.015367398789237105,Z-norm2,0.0051191698265016326,2.4623627473378935e-05,9.924407281549482e-08,0.005094546199028253,2.452438340056344e-05,207.7339159080023,7.6985929683922105
0.01920924848654638,Z-norm2,0.005506604546550818,2.4557197525054275e-05,9.899570080351801e-08,0.0054820473490257635,2.4458201824250758e-05,224.1394272734397,7.808252638394104
0.02305109818385566,Z-norm2,0.005487783037305044,2.446274251419276e-05,9.871493022547664e-08,0.005463320294790851,2.4364027583967285e-05,224.23715766870916,7.808881552407758
0.026892947881164933,Z-norm2,0.00546896152805927,2.4359601942466038e-05,9.8436320924694e-08,0.005444601926116804,2.4261165621541343e-05,224.41633724649137,7.810033896053659
0.03073479757847421,Z-norm2,0.005447401719001417,2.423522533498354e-05,9.818615583668113e-08,0.005423166493666433,2.4137039179146858e-05,224.68234208078704,7.811742936484347
0.03457664727578349,Z-norm2,0.005417334873244811,2.4106916434320553e-05,9.798680251957213e-08,0.005393227956810491,2.400892963180098e-05,224.63425231864153,7.811434116990499
0.03841849697309276,Z-norm2,0.005387268027488205,2.3972571837498686e-05,9.786890122974638e-08,0.005363295455650706,2.3874702936268938e-05,224.64344247413135,7.811493138802201
0.04226034667040204,Z-norm2,0.005357201181731598,2.3837991632756525e-05,9.783736270426492e-08,0.005333363190098842,2.374015427005226e-05,224.6557932787646,7.8115724554054005
0.04610219636771132,Z-norm2,0.005320282121493176,2.3703306792736496e-05,9.787497755244249e-08,0.00529657881470044,2.3605431815184052e-05,224.37966211206725,7.80979810502722
0.04994404606502059,Z-norm2,0.0052820213002893355,2.357236878090238e-05,9.794735467842278e-08,0.0052584489315084335,2.3474421426223954e-05,224.00760538592309,7.807403904496404
0.053785895762329866,Z-norm2,0.005243760479085495,2.3443778498733406e-05,9.802003798395822e-08,0.005220316700586762,2.3345758460749448e-05,223.6087856971334,7.804833063254025
0.05762774545963915,Z-norm2,0.005203625173968577,2.332044202643624e-05,9.807283333825685e-08,0.005180304731942141,2.3222369193097984e-05,223.0739115749568,7.801377990482713
0.06146959515694842,Z-norm2,0.00516123440255724,2.3206525615182256e-05,9.80937633560489e-08,0.005138027876942058,2.3108431851826207e-05,222.3442901659297,7.796651546319026
0.0653114448542577,Z-norm2,0.005118843631145903,2.3098259953239678e-05,9.806949397266757e-08,0.005095745371192664,2.300019045926701e-05,221.55231193485776,7.791503571437452
0.06915329455156698,Z-norm2,0.00507633427115577,2.3012701695378112e-05,9.798239752294538e-08,0.0050533215694603915,2.2914719297855166e-05,220.52731712639334,7.784813565928341
0.07299514424887625,Z-norm2,0.005032719939640171,2.2936044702737235e-05,9.783041386307218e-08,0.0050097838949374335,2.2838214288874162e-05,219.35970262692535,7.777154710228832
0.07683699394618553,Z-norm2,0.004989105608124572,2.2879317386074388e-05,9.763738921308968e-08,0.004966226290738498,2.2781679996861297e-05,217.99210117176216,7.76813205043389
0.0806788436434948,Z-norm2,0.004945491276608973,2.2835447354788044e-05,9.744757672682853e-08,0.004922655829254185,2.2737999778061215e-05,216.49467311561042,7.758187717432325
0.08452069334080407,Z-norm2,0.00490160066497494,2.27996967040584e-05,9.729283704629035e-08,0.004878800968270881,2.270240386701211e-05,214.9023952199202,7.747537752357282
0.08836254303811336,Z-norm2,0.004857623740793993,2.277059475257666e-05,9.718608381135915e-08,0.004834853146041417,2.26734086687653e-05,213.23891862372994,7.736326960804889
0.09220439273542264,Z-norm2,0.004813646816613046,2.2740188173146365e-05,9.713544579353048e-08,0.004790906628439899,2.2643052727352835e-05,211.58395407755592,7.725086411505938
0.09604624243273191,Z-norm2,0.0047695881703763,2.2705952820258606e-05,9.715613836387094e-08,0.004746882217556041,2.2608796681894735e-05,209.95731371043615,7.7139522340562445
0.09988809213004118,Z-norm2,0.004725429016590109,2.266481116250637e-05,9.725841159122238e-08,0.004702764205427603,2.2567552750915148e-05,208.3860956184936,7.703115208027102
0.10372994182735046,Z-norm2,0.004681269862803919,2.2619898262852685e-05,9.74264595640052e-08,0.004658649964541066,2.252247180328868e-05,206.84452422583655,7.692402955533436
0.10757179152465973,Z-norm2,0.004637241091551678,2.256432222753966e-05,9.764119459770549e-08,0.004614676769324138,2.2466681032941956e-05,205.4009118016956,7.682298775758315
0.11141364122196902,Z-norm2,0.004593937328702181,2.2504550820911537e-05,9.788603446515347e-08,0.004571432777881269,2.2406664786446383e-05,204.02111699580087,7.672574674365721
0.1152554909192783,Z-norm2,0.004550633565852685,2.2437361839205746e-05,9.815527734137936e-08,0.00452819620401348,2.2339206561864365e-05,202.70174732810966,7.663214714942306
0.11909734061658757,Z-norm2,0.004507329803003188,2.2357793695897992e-05,9.844226670221324e-08,0.0044849720093072904,2.225935142919578e-05,201.48709289996282,7.654543613611707
0.12293919031389684,Z-norm2,0.004466699409595902,2.227124302632669e-05,9.873822581885846e-08,0.004444428166569575,2.2172504800507832e-05,200.44772598122435,7.647082240417712
0.12678104001120613,Z-norm2,0.0044264676853916305,2.2161407076414098e-05,9.903484471348565e-08,0.0044043062783152166,2.2062372231700612e-05,199.62976927688814,7.6411830646869925
0.1306228897085154,Z-norm2,0.00438623596118736,2.203725773135464e-05,9.933280783622002e-08,0.004364198703456006,2.1937924923518418e-05,198.9339793381002,7.636145909564751
0.13446473940582468,Z-norm2,0.004349285725992298,2.189598668719771e-05,9.964771173941573e-08,0.004327389739305101,2.1796338975458294e-05,198.53745824826584,7.633267417448882
0.13830658910313395,Z-norm2,0.004314517330687135,2.1729167552603134e-05,9.999658324358051e-08,0.004292788163134532,2.1629170969359552e-05,198.47215453684322,7.632792802535606
0.14214843880044323,Z-norm2,0.004279748935381971,2.155203384206727e-05,1.003927286123169e-07,0.004258196901539904,2.1451641113454953e-05,198.50215090858794,7.633010829829814
0.1459902884977525,Z-norm2,0.004247194700289826,2.1354918052259043e-05,1.0084437556728111e-07,0.004225839782237568,2.1254073676691762e-05,198.82493335250956,7.635354877099795
0.14983213819506178,Z-norm2,0.004218941470946972,2.1148247350024233e-05,1.0136637851449232e-07,0.004197793223596947,2.104688097150974e-05,199.4496585636285,7.639880843463117
0.15367398789237105,Z-norm2,0.0041906882416041175,2.0934381328377227e-05,1.0195468484148301e-07,0.00416975386027574,2.0832426643535743e-05,200.15689634359546,7.644987513965343
0.15751583758968032,Z-norm2,0.004162921141560363,2.0711631946093347e-05,1.0260923452983042e-07,0.00414220950961427,2.0609022711563518e-05,200.99009873428483,7.65098062222975
0.1613576872869896,Z-norm2,0.0041404575300322665,2.048712455040153e-05,1.0332717791611741e-07,0.004119970405481865,2.0383797372485413e-05,202.11986658791602,7.6590673225722234
0.16519953698429887,Z-norm2,0.00411799391850417,2.0259985421837605e-05,1.0410857678390305e-07,0.004097733933082332,2.01558768450537e-05,203.30219144437396,7.667481956206219
0.16904138668160815,Z-norm2,0.004095530306976072,2.0032901954310932e-05,1.0494580496881569e-07,0.004075497405021761,1.9927956149342116e-05,204.5115602663701,7.676038585350473
0.17288323637891745,Z-norm2,0.004076523556596329,1.9806062764735574e-05,1.0583127933227478e-07,0.004056717493831593,1.97002314854033e-05,205.9223261836989,7.685956445817438
0.17672508607622672,Z-norm2,0.0040582222624141176,1.9582043939214056e-05,1.0676183384113356e-07,0.0040386402184749036,1.9475282105372922e-05,207.37261707550346,7.6960815930023685
0.180566935773536,Z-norm2,0.004039920968231905,65.15201981829331,1.07736740083883e-07,65.14797989732509,65.15201971055657,0.9999379940445525,-8.945845793689573e-05
0.18440878547084527,Z-norm2,62.41410752383778,210.5234928862264,529.2980743198644,148.10938536238862,318.77458143363805,0.46462106450360685,-1.1058735318598953
0.18825063516815455,Z-norm2,151.1126456706474,297.3667882628022,591.2076642926665,146.25414259215478,293.8408760298644,0.4977324617603247,-1.0065576132503342
0.19209248486546382,Z-norm2,152.54209158655084,298.5474971919364,580.8398827409311,146.00540560538553,282.29238554899473,0.5172134038310602,-0.9511684311273907
0.1959343345627731,Z-norm2,152.28934923172895,296.3857445788455,561.9483871910276,144.09639534711656,265.56264261218206,0.5426079283205117,-0.8820179671623121
0.19977618426008237,Z-norm2,151.87706558043368,293.10419002149183,536.2638584421019,141.22712444105815,243.15966842061005,0.580799954854223,-0.783886753694868
0.20361803395739164,Z-norm2,151.33995994035848,288.8419830767822,505.80705376867706,137.5020231364237,216.96507069189488,0.6337518877943533,-0.6580099553236597
0.20745988365470092,Z-norm2,150.6699952993961,283.6033251647858,472.9504473097679,132.9333298653897,189.3471221449821,0.702061527840932,-0.5103306227318769
0.2113017333520102,Z-norm2,149.85074038862655,277.50775349330456,439.57532084480647,127.65701310467801,162.0675673515019,0.7876777272025549,-0.3443226130070586
0.21514358304931946,Z-norm2,148.89346075355039,270.6910401845726,407.70999913735255,121.79757943102223,137.01895895277994,0.8889104132881103,-0.16989006707826093
0.21898543274662874,Z-norm2,147.8007225865719,263.29044107665015,378.6251290537803,115.48971849007825,115.33468797713016,1.0013441794109577,0.0019379387931369395
0.22282728244393804,Z-norm2,146.58257074225878,255.4310339667392,353.18953138850725,108.84846322448041,97.75849742176806,1.113442474006796,0.15502702322764877
0.22666913214124731,Z-norm2,145.24338608330893,247.23100512435653,331.90178763657923,101.9876190410476,84.6707825122227,1.204519623121767,0.268457897063187
0.2305109818385566,Z-norm2,143.79090157088555,238.83992729893222,314.94209973327287,95.04902572804667,76.10217243434064,1.2489659977847936,0.32073420112922263
0.23435283153586586,Z-norm2,142.22471483674713,230.39097236452264,302.3753450073594,88.16625752777551,71.98437264283675,1.2247971926521894,0.29254288116440935
0.23819468123317514,Z-norm2,140.56010345522435,222.01552155849987,294.0481599276415,81.45541810327552,72.03263836914164,1.1308126419838391,0.17735991706262622
0.2420365309304844,Z-norm2,138.80783976316877,213.81379975142676,289.6409308937757,75.00595998825798,75.82713114234895,0.989170483681502,-0.01570890376610657
0.24587838062779369,Z-norm2,136.9743891086238,205.87966213109792,288.65009723022587,68.90527302247412,82.77043509912795,0.8324865387013061,-0.2645011508786984
0.24972023032510296,Z-norm2,135.06734033744567,198.2793284966441,290.3921950235794,63.21198815919843,92.1128665269353,0.6862449356161792,-0.5432044976014143
0.25356208002241226,Z-norm2,133.09230011844747,191.09884823946805,294.08222924628734,58.006548121020586,102.98338100681929,0.5632612519992867,-0.8281238661134261
0.25740392971972154,Z-norm2,131.06177033272868,184.37507500837137,298.91474298082966,53.313304675642684,114.53966797245829,0.46545712607148615,-1.1032798097084358
0.2612457794170308,Z-norm2,128.9892191494404,178.15323487741384,304.08554060755563,49.164015727973435,125.93230573014179,0.3904003459868842,-1.3569737634175547
0.2650876291143401,Z-norm2,126.86572342450818,172.45981846013905,308.9914990743262,45.59409503563087,136.53168061418717,0.333945168114287,-1.582316855013173
0.26892947881164936,Z-norm2,124.70974774065446,167.30331562671321,313.10963754017604,42.59356788605875,145.80632191346282,0.29212428739090174,-1.7753457851907417
0.27277132850895863,Z-norm2,122.53078557545015,162.70010135221983,316.17975096408827,40.16931577676968,153.47964961186844,0.2617240518749752,-1.9338815838514472
0.2766131782062679,Z-norm2,120.32314553587803,158.66028841240922,318.1217987826129,38.33714287653119,159.4615103702037,0.24041627843313532,-2.0563935115684266
0.2804550279035772,Z-norm2,118.1310906564705,155.21062067212296,319.2306383790749,37.07953001565245,164.02001770695193,0.22606710165036673,-2.1451770353019874
0.28429687760088646,Z-norm2,115.94512773093737,152.31319342847823,319.7184196695859,36.36806569754086,167.40522624110767,0.21724570083111536,-2.202600467679679
0.28813872729819573,Z-norm2,113.77136042925095,149.98966862633264,319.8657861622063,36.2183081970817,169.87611753587365,0.21320423802029315,-2.2296919789755845
0.291980576995505,Z-norm2,111.61519076724593,148.1900531067057,319.9319229886324,36.57486233945977,171.74186988192668,0.21296415582644557,-2.2313174652017427
0.2958224266928143,Z-norm2,109.48584918538604,146.8946704152847,320.1125348575164,37.40882122989866,173.21786444223167,0.2159639904946094,-2.211137315210212
0.29966427639012355,Z-norm2,107.3848394214317,146.09781713215327,320.531489896224,38.71297771072156,174.43367276407074,0.2219352324426636,-2.1717893798740024
0.3035061260874328,Z-norm2,105.31926619889836,145.73749417048,321.2360539120691,40.41822797158164,175.4985597415891,0.23030518330802835,-2.1183812137234423
0.3073479757847421,Z-norm2,103.29437787885985,145.76964646562266,322.20196223184513,42.47526858676281,176.43231576622247,0.24074540087680804,-2.0544198573403256
0.3111898254820514,Z-norm2,101.31476061293031,146.16228203906843,323.3669549125618,44.847521426138115,177.2046728734934,0.2530831760749041,-1.9823164886636984
0.31503167517936065,Z-norm2,99.38445802702319,146.85187845958671,324.6573371137368,47.46742043256353,177.80545865415007,0.26696267252903944,-1.905290060547373
0.3188735248766699,Z-norm2,97.50808380760998,147.7831318942132,326.00834688923436,50.27504808660322,178.22521499502116,0.282087178786726,-1.8257869997584908
0.3227153745739792,Z-norm2,95.69421409456524,148.9114438022886,327.37826869340785,53.21722970772336,178.46682489111924,0.2981911609633367,-1.74569060126117
0.32655722427128847,Z-norm2,93.94051519017812,150.17776425482762,328.744521640669,56.237249064649504,178.56675738584138,0.31493683308105236,-1.6668655987800174
0.33039907396859775,Z-norm2,92.24931072367595,151.53002272933782,330.10011123497173,59.28071200566187,178.57008850563392,0.3319744784905091,-1.5908557604550884
0.334240923665907,Z-norm2,90.62240570149616,152.92118128096044,331.44926845258425,62.29877557946428,178.5280871716238,0.3489578394439123,-1.5188753521470548
0.3380827733632163,Z-norm2,89.06142954529565,154.30383329618684,332.80315184879134,65.24240375089119,178.4993185526045,0.36550505783395454,-1.4520367246563624
0.34192462306052557,Z-norm2,87.5681508636164,155.63903294828862,334.1751576814928,68.07088208467222,178.5361247332042,0.38127231778103216,-1.3911063066762075
0.3457664727578349,Z-norm2,86.14635632516311,156.88912309337465,335.5762424021168,70.74276676821154,178.68711930874215,0.395903000965501,-1.336781091773868
0.34960832245514417,Z-norm2,84.80215620777628,158.0312235503795,337.0134790656955,73.22906734260323,178.98225551531598,0.4091414935618399,-1.2893282376411705
0.35345017215245345,Z-norm2,83.53066280999872,159.0495917708722,338.4881532270685,75.5189289608735,179.43856145619628,0.4208623182665719,-1.2485797505293057
0.3572920218497627,Z-norm2,82.33230363767395,159.9271272932822,339.9991788225549,77.59482365560827,180.07205152927267,0.43090986633755535,-1.2145419633610772
0.361133871547072,Z-norm2,81.20716947373697,160.66833363969272,341.5456755859639,79.46116416595575,180.8773419462712,0.4393096631725124,-1.1866898612027914
0.36497572124438127,Z-norm2,80.15529500226873,161.2790406337917,343.126832838835,81.12374563152298,181.8477922050433,0.4461079491141225,-1.164535239433689
0.36881757094169054,Z-norm2,79.17676214171797,161.76229317064477,344.7433944789703,82.5855310289268,182.98110130832552,0.45133366472512976,-1.147733702508854
0.3726594206389998,Z-norm2,78.27640082088966,162.1384514112422,346.3961577570647,83.86205059035252,184.25770634582253,0.45513456263781304,-1.1356349470501037
0.3765012703363091,Z-norm2,77.45311963712535,162.42337736659658,348.08490490954534,84.97025772947123,185.66152754294876,0.45766217080065336,-1.127645047549603
0.38034312003361836,Z-norm2,76.70257152407062,162.63021537697688,349.80936191271337,85.92764385290626,187.1791465357365,0.45906633000114055,-1.1232254727297266
0.38418496973092764,Z-norm2,76.02416935258891,162.7814034064702,351.57009999563843,86.75723405388128,188.78869658916824,0.4595467611213911,-1.1217164246559135
0.3880268194282369,Z-norm2,75.41725964840403,162.89384025216322,353.367227995286,87.47658060375919,190.47338774312277,0.45925880586390533,-1.1226207109391082
0.3918686691255462,Z-norm2,74.88110620277435,162.98277568616072,355.2011498474333,88.10166948338637,192.2183741612726,0.4583415600501773,-1.1255049870938694
0.39571051882285546,Z-norm2,74.41675478280213,163.06456742273403,357.0724756083062,88.6478126399319,194.00790818557218,0.45692886165825064,-1.1299585224303779
0.39955236852016474,Z-norm2,74.02713883882147,163.15166600853595,358.9811363325424,89.12452716971448,195.82947032400645,0.4551129460864851,-1.135703469273145
0.403394218217474,Z-norm2,73.70415420260328,163.25578038498583,360.9281720395711,89.55162618238255,197.67239165458528,0.4530305189956216,-1.142319852296764
0.4072360679147833,Z-norm2,73.44538446931918,163.3845241943207,362.9147659955441,89.93913972500152,199.53024180122338,0.4507544265625707,-1.1495864354016554
0.41107791761209256,Z-norm2,73.24992025665104,163.54345874989406,364.9408117904304,90.29353849324302,201.39735304053636,0.44833527913879356,-1.1573500665315326
0.41491976730940183,Z-norm2,73.11400101068617,163.73805352384773,367.0094750971189,90.62405251316156,203.2714215732712,0.44582780900410646,-1.165441485779539
0.4187616170067111,Z-norm2,73.03777482861152,163.9675962821322,369.1205684758878,90.92982145352069,205.1529721937556,0.44322936431865345,-1.1738746305725711
0.4226034667040204,Z-norm2,73.02078687870569,164.23074683217234,371.27460113181905,91.20995995346665,207.0438542996467,0.44053449575693243,-1.182673102055119
0.42644531640132965,Z-norm2,73.05536435769514,164.526956157293,373.47244570780543,91.47159179959786,208.94548955051243,0.4377772977840934,-1.1917309535789322
0.43028716609863893,Z-norm2,73.1384691667738,164.85060345636433,375.715142635752,91.71213428959052,210.86453917938766,0.4349338900058902,-1.2011319670499307
0.4341290157959482,Z-norm2,73.26691206474379,165.19746653532906,378.0031497515739,91.93055447058526,212.80568321624486,0.4319929481261504,-1.2109203329302605
0.4379708654932575,Z-norm2,73.43738048686751,165.56390997985307,380.33793625803025,92.12652949298555,214.7740262781772,0.42894632600341753,-1.221130960107112
0.44181271519056675,Z-norm2,73.64694977166782,165.94440427598863,382.7200885587898,92.29745450432081,216.7756842828012,0.42577401985691077,-1.2318401736718514
0.4456545648878761,Z-norm2,73.89334864633149,166.33557773650261,385.15162344678424,92.44222909017112,218.81604571028163,0.4224654951153223,-1.2430945808507614
0.44949641458518536,Z-norm2,74.16712975281156,166.72001524743501,387.60017802227895,92.55288549462345,220.88016277484394,0.41901854984129117,-1.2549139818179547
0.45333826428249463,Z-norm2,74.47233316700135,167.1231518322319,390.13175024515806,92.65081866523056,223.00859841292615,0.4154585039527349,-1.2672237072569053
0.4571801139798039,Z-norm2,74.80146796682511,167.52898981851254,392.71714690129454,92.72752185168743,225.188157082782,0.4117779684905882,-1.2800614519003235
0.4610219636771132,Z-norm2,75.15105172736324,167.935546821497,395.3570914492342,92.78449509413377,227.42154462773718,0.40798463156167236,-1.2934132867772483
0.46486381337442245,Z-norm2,75.51919801407828,168.34165638543837,398.05144559928084,92.82245837136009,229.70978921384247,0.4040857757478911,-1.3072665268828392
0.4687056630717317,Z-norm2,75.90019647923023,168.7464927697624,400.8017735406738,92.84629629053217,232.05528077091142,0.400104216469831,-1.321552262384647
0.472547512769041,Z-norm2,76.29042208187232,169.1497911311351,403.6086781010018,92.85936904926277,234.45888696986668,0.39605821834852145,-1.3362155808721992
0.4763893624663503,Z-norm2,76.68651926114829,169.55182568281373,406.47410144881763,92.86530642166544,236.9222757660039,0.391965281109252,-1.3512022236840842
0.48023121216365955,Z-norm2,77.0853115622268,169.9529387568155,409.39881728714676,92.8676271945887,239.44587853033124,0.3878439159804746,-1.366451924294385
0.4840730618609688,Z-norm2,77.48374617120844,170.3539634107817,412.3832558902873,92.87021723957325,242.02929247950559,0.3837147821577723,-1.3818937507573827
0.4879149115582781,Z-norm2,77.8784355028643,170.75585539989595,415.42933833791193,92.87741989703164,244.67348293801598,0.3795974078668779,-1.3974579541362666
0.49175676125558737,Z-norm2,78.26694053052883,171.15942343841758,418.5377217222995,92.89248290788875,247.37829828388195,0.37550780950594487,-1.4130851828379898
0.49559861095289665,Z-norm2,78.6469092775649,171.5654952692867,421.70899952129594,92.91858599172181,250.14350425200922,0.3714611189667759,-1.4287168838795647
0.4994404606502059,Z-norm2,79.01618119523611,171.97498016300304,424.94487328555704,92.95879896776692,252.969893122554,0.3674698116061267,-1.4443023604078944
0.5032823103475152,Z-norm2,79.37281147313972,172.3882326038656,428.24466218174007,93.01542113072587,255.85642957787448,0.3635453730210636,-1.4597926610109666
0.5071241600448245,Z-norm2,79.71383152968257,172.80554625897236,431.6097119057364,93.09171472928979,258.80416564676403,0.35969944493222944,-1.4751361616974663
0.5109660097421338,Z-norm2,80.0380732252162,173.2273545833304,435.0405507326856,93.1892813581142,261.8131961493552,0.35593806091024155,-1.4903018845725688
0.5148078594394431,Z-norm2,80.34529130489477,173.6534149604751,438.53712275332987,93.30812365558032,264.8837077928548,0.35226071257107827,-1.5052845140070497
0.5186497091367523,Z-norm2,80.63477123010244,174.08396078021943,442.10099465481414,93.44918955011698,268.01703387459474,0.34866884465948494,-1.520070637177533
0.5224915588340616,Z-norm2,80.90605854807863,174.51904212019292,445.7315484714736,93.61298357211429,271.2125063512807,0.3451647006678394,-1.534643164482392
0.5263334085313709,Z-norm2,81.15867074185834,174.95838976123497,449.4299810295868,93.79971901937662,274.47159126835186,0.34174654865343895,-1.5490013269630085
0.5301752582286802,Z-norm2,81.39065507937768,175.40232725508892,453.19668490342167,94.01167217571124,277.7943576483327,0.3384218202686576,-1.5631055034433863
0.5340171079259894,Z-norm2,81.60444319128916,175.85085218661186,457.0308908762006,94.2464089953227,281.18003868958874,0.33518171999174834,-1.5769846248369261
0.5378589576232987,Z-norm2,81.80042465620168,176.3039049074593,460.93373407152006,94.50348025125761,284.62982916406077,0.33202240442896713,-1.5906474988934998
0.541700807320608,Z-norm2,81.97915780684627,176.76179243464333,464.903974547145,94.78263462779705,288.1421821125017,0.32894397457846103,-1.6040862084364707
0.5455426570179173,Z-norm2,82.1413646917267,177.22414467765822,468.9422185807851,95.08277998593152,291.7180739031269,0.3259406546661432,-1.6173187838442575
0.5493845067152265,Z-norm2,82.28664781665505,177.6910273763327,473.048354651328,95.40437955967765,295.3573272749953,0.3230134171374407,-1.6303340029228783
0.5532263564125358,Z-norm2,82.41670566803057,178.16260082641486,477.22158429561927,95.74589515838429,299.0589834692044,0.3201572280079783,-1.6431475136494356
0.5570682061098451,Z-norm2,82.53332956954421,178.6385500281597,481.4626296351497,96.10522045861549,302.82407960699004,0.3173632050111153,-1.655793222622089
0.5609100558071544,Z-norm2,82.63761413734193,179.11896806191115,485.7700184727488,96.48135392456922,306.6510504108377,0.3146291323486671,-1.6682758349757891
0.5647519055044636,Z-norm2,82.73070199639385,179.60376642392134,490.1449226567203,96.8730644275275,310.541156232799,0.31194919733893833,-1.6806169975784264
0.5685937552017729,Z-norm2,82.81358185269384,180.09275902200298,494.586127942594,97.27917716930914,314.493368920591,0.3093202807524757,-1.692826667273919
0.5724356048990822,Z-norm2,82.88684648462005,180.58627470768639,499.09224825387,97.69942822306633,318.50597354618367,0.30674284420885384,-1.7048984062390047
0.5762774545963915,Z-norm2,82.95279195022786,181.08423475386206,503.6637826466024,98.1314428036342,322.5795478927403,0.30420850746639244,-1.716867594987507
0.5801193042937007,Z-norm2,83.01260305296398,181.586479101608,508.2990740852895,98.57387604864402,326.71259498368147,0.30171434331623354,-1.7287448119283515
0.58396115399101,Z-norm2,83.06742907545961,182.09319718640177,512.9985656154153,99.02576811094215,330.9053684290135,0.29925706125914775,-1.7405428055352432
0.5878030036883193,Z-norm2,83.11838268700453,182.60408656858175,517.7602224580828,99.48570388157722,335.15613588950106,0.2968339028540926,-1.7522722162502256
0.5916448533856286,Z-norm2,83.16639415072349,183.1191379994059,522.5835222832741,99.9527438486824,339.4643842838682,0.2944425055357193,-1.7639421419056875
0.5954867030829378,Z-norm2,83.21274266009205,183.63861886506908,527.467168161244,100.42587620497703,343.8285492961749,0.29208126088002623,-1.7755582930457692
0.5993285527802471,Z-norm2,83.2585006707941,184.1622983984322,532.4107980746948,100.90379772763809,348.24849967626255,0.2897465396733651,-1.7871366630805878
0.6031704024775564,Z-norm2,83.3045386486247,184.6902434776568,537.4137281671407,101.3857048290321,352.7234846894839,0.28743678612238094,-1.7986833853531854
0.6070122521748657,Z-norm2,83.35164628350702,185.22266289212214,542.4743606686986,101.87101660861512,357.2516977765765,0.2851519453724885,-1.8101972197470977
0.6108541018721749,Z-norm2,83.40054128029887,185.75940721491077,547.5940634876454,102.3588659346119,361.8346562727346,0.2828885076653863,-1.8216945263926114
0.6146959515694842,Z-norm2,83.4522400694318,186.30061873338158,552.7689988147356,102.84837866394979,366.468380081354,0.28064734709476985,-1.8331696730409528
0.6185378012667935,Z-norm2,83.5070470841931,186.84650216531742,557.9994660642645,103.33945508112431,371.1529638989471,0.27842820920934447,-1.8446227083245803
0.6223796509641027,Z-norm2,83.56545121487714,187.3969825470468,563.2838825442907,103.83153133216966,375.88689999724386,0.2762307793459442,-1.8560540123090967
0.626221500661412,Z-norm2,83.62787772075164,187.95223920111582,568.6209194742909,104.32436148036417,380.668680273175,0.2740555419623675,-1.867459785667754
0.6300633503587213,Z-norm2,83.69468422822953,188.51234106079426,574.0103918477537,104.81765683256472,385.4980507869594,0.27190191135490555,-1.8788418019559083
0.6339052000560306,Z-norm2,83.76631279763397,189.07707663304868,579.4506817966786,105.3107638354147,390.3736051636299,0.26976917097474457,-1.8902026073244864
0.6377470497533398,Z-norm2,83.843266185739,189.64664765976576,584.9408267002808,105.80338147402676,395.294179040515,0.2676573222779044,-1.9015409740128126
0.6415888994506491,Z-norm2,83.92517110032905,190.22130342364636,590.4793244247363,106.29613232331731,400.25802100108996,0.26556902484417133,-1.9128412099108143
0.6454307491479584,Z-norm2,84.01201331376487,190.80090108208873,596.0670004647586,106.78888776832386,405.2660993826699,0.2635031351770905,-1.9241079676452422
0.6492725988452677,Z-norm2,84.10370375954008,191.38549219963508,601.701250132901,107.281788440095,410.3157579332659,0.2614615363067372,-1.935329368151291
0.6531144485425769,Z-norm2,84.20008806708456,191.97515561368408,607.3814735049323,107.77506754659952,415.4063178912482,0.25944494078401237,-1.946499691510144
0.6569562982398862,Z-norm2,84.30111579321887,192.569645260782,613.1069555901563,108.26852946756314,420.5373103293743,0.25745285093197745,-1.9576198488240348
0.6607981479371955,Z-norm2,84.40668552636069,193.1690013218716,618.8776441584992,108.76231579551091,425.7086428366275,0.25548533633424536,-1.968687605309431
0.6646399976345048,Z-norm2,84.51612866191049,193.77342645618364,624.6908970481949,109.25729779427316,430.9174705920112,0.253545760500662,-1.979681943361163
0.668481847331814,Z-norm2,84.62915440465378,194.38268608307905,630.5470624140506,109.75353167842528,436.16437633097155,0.2516334153689383,-1.9906045789259639
0.6723236970291233,Z-norm2,84.74547751695812,194.99691890585467,636.4499252595656,110.25144138889655,441.4530063537109,0.24974672230583567,-2.0014623507801645
0.6761655467264326,Z-norm2,84.8648169951184,195.61685720827523,642.3947827722365,110.75204021315683,446.7779255639612,0.24789058249320656,-2.012224631241777
0.6800073964237419,Z-norm2,84.98692421503571,196.24282214140365,648.3795866541058,111.25589792636794,452.13676451270214,0.24606691306396156,-2.0228774133921976
0.6838492461210511,Z-norm2,85.11170555294453,196.87504736398574,654.4430123293257,111.76334181104122,457.56796496533997,0.24425517162135052,-2.033538986149225
0.6876910958183604,Z-norm2,85.23849562437915,197.51290462890032,660.533422475567,112.27440900452116,463.02051784666673,0.24248257836751375,-2.044046997095534
0.6915329455156698,Z-norm2,85.36714332379223,198.15586915583907,666.6654485484736,112.78872583204684,468.5095793926345,0.24073942304074902,-2.0544556806685375
0.6953747952129791,Z-norm2,85.49736594624366,198.8033190043047,672.8942485882866,113.30595305806105,474.09092958398185,0.238996247317973,-2.064940129477384
0.6992166449102883,Z-norm2,85.62889509339591,199.4565630658007,679.0723635632235,113.8276679724048,479.61580049742275,0.23733093833512364,-2.0750279131365397
0.7030584946075976,Z-norm2,85.76153006482286,200.11732745344037,685.3543632228472,114.3557973886175,485.2370357694068,0.23566996943522958,-2.085160161955294
0.7069003443049069,Z-norm2,85.89486630680429,200.7854698152057,691.5963197527885,114.8906035084014,490.8108499375828,0.2340832594124849,-2.094906331843566
0.7107421940022162,Z-norm2,86.02863925672355,201.4596099138333,697.8826599255278,115.43097065710975,496.4230500116945,0.23252540480219538,-2.1045397469252873
0.7145840436995254,Z-norm2,86.16265609608186,202.13869295397998,704.2376406675529,115.97603685789812,502.0989477135729,0.23098243361397713,-2.1141449571059936
0.7184258933968347,Z-norm2,86.29681725509032,202.82270462667094,710.5435229827224,116.52588737158062,507.72081835605144,0.22950779869314722,-2.123384917523793
0.722267743094144,Z-norm2,86.43113003091894,203.5126816154189,716.9386467731541,117.08155158449996,513.4259651577352,0.22803979449798584,-2.1326424884128117
0.7261095927914533,Z-norm2,86.56569394532777,204.20927210906757,723.351585441487,117.6435781637398,519.1423133324195,0.22661142261468822,-2.1417075111595283
0.7299514424887625,Z-norm2,86.70068419767266,204.91207511928334,729.7712609156986,118.21139092161069,524.8591857964152,0.22522496341992776,-2.150561353587463
0.7337932921860718,Z-norm2,86.83613636608301,205.62050363183263,736.254917030418,118.78436726574962,530.6344133985854,0.223853493603938,-2.159373260828413
0.7376351418833811,Z-norm2,86.97198702692278,206.33526759584433,742.7669133570556,119.36328056892155,536.4316457612113,0.22251349545111526,-2.1680352566511853
0.7414769915806904,Z-norm2,87.10803414719956,207.05806145758973,749.3088725090872,119.95002731039017,542.2508110514975,0.22120764942295038,-2.17652681965044
0.7453188412779996,Z-norm2,87.24398819967625,207.7889024873694,755.9046561067721,120.54491428769315,548.1157536194028,0.2199260165242329,-2.184909814521969
0.7491606909753089,Z-norm2,87.37957386708325,208.52602576159757,762.527053205939,121.14645189451431,554.0010274443414,0.21867550039279574,-2.19313649974933
0.7530025406726182,Z-norm2,87.51464349281231,209.26750354929865,769.1821713863388,121.75286005648634,559.9146678370402,0.21744895615401486,-2.2012513116086776
0.7568443903699275,Z-norm2,87.64923631827003,210.0138535793632,775.8783725338967,122.36461726109317,565.8645189545335,0.21624366462694758,-2.209270228705273
0.7606862400672367,Z-norm2,87.78368990755183,210.76755258469962,782.6019712910322,122.98386267714778,571.8344187063326,0.21506901063314018,-2.2171284335701102
0.764528089764546,Z-norm2,87.91839112693633,211.53048876258148,789.3664951473434,123.61209763564516,577.8360063847618,0.21392245597332327,-2.224840161141352
0.7683699394618553,Z-norm2,88.05366088589997,212.30156409142765,796.1897534318701,124.24790320552768,583.8881893404425,0.21279399973114296,-2.2324706239362757
0.7722117891591646,Z-norm2,88.18964992914792,213.0780353324312,803.0419068115356,124.88838540328328,589.9638714791043,0.21168819217721646,-2.239987295841659
0.7760536388564738,Z-norm2,88.32629705177202,213.85894635544292,809.8348694128247,125.53264930367091,595.9759230573818,0.210633759598346,-2.2471914101771286
0.7798954885537831,Z-norm2,88.4633770668793,214.64633712709943,816.7464355217159,126.18296006022013,602.1000983946165,0.2095713991687804,-2.2544862534548926
0.7837373382510924,Z-norm2,88.6006163776055,215.4424218136626,823.9449066618113,126.8418054360571,608.5024848481487,0.20844911663378066,-2.2622328365849764
0.7875791879484016,Z-norm2,88.73782084617059,216.24719416912922,830.7791862509845,127.50937332295862,614.5319920818553,0.20749021200831877,-2.2688848134645347
0.7914210376457109,Z-norm2,88.87501027962158,217.05883665987227,837.1332622894995,128.1838263802507,620.0744256296273,0.2067232917243637,-2.2742271470425885
0.7952628873430202,Z-norm2,89.01227256498376,217.87624813763708,845.8655597590913,128.86397557265332,627.9893116214542,0.20520090579237638,-2.2848909956222916
0.7991047370403295,Z-norm2,89.15006304393468,218.70079873319858,854.5972861491186,129.5507356892639,635.8964874159201,0.20372928338654084,-2.295274731372102
0.8029465867376387,Z-norm2,89.28863576911844,219.53335271868272,858.8591451285553,130.2447169495643,639.3257924098725,0.20372198102413527,-2.295326443480767
0.806788436434948,Z-norm2,89.42813910855654,220.37406321798065,861.8456546819086,130.9459241094241,641.471591463928,0.20413362937957577,-2.292414220490595
0.8106302861322573,Z-norm2,89.56848846941945,221.22243652729742,865.4879564374527,131.65394805787798,644.2655199101553,0.20434734436236401,-2.2909046002449287
0.8144721358295666,Z-norm2,89.7094729869665,222.07790064893481,870.0379737931049,132.36842766196833,647.9600731441701,0.20428485202747448,-2.291345864458263
0.8183139855268758,Z-norm2,89.8508666888783,222.94010121669282,874.8022633450945,133.08923452781454,651.8621621284017,0.20416775548570507,-2.2921730576338564
0.8221558352241851,Z-norm2,89.9924966548999,223.8093202875975,879.5942163107724,133.8168236326976,655.7848960231748,0.20405597085903096,-2.2929631691348478
0.8259976849214944,Z-norm2,90.13430561146913,224.6860066703334,884.3649691565488,134.55170105886427,659.6789624862154,0.20396542668537176,-2.293603467086131
0.8298395346188037,Z-norm2,90.27780910659962,225.57400062842484,889.2229016207395,135.29619152182522,663.6489009923147,0.20386712208748464,-2.2942989660552144
0.8336813843161129,Z-norm2,90.42427109699854,226.47466249626348,894.2402349317042,136.05039139926492,667.7655724354407,0.20373975091747967,-2.295200608169072
0.8375232340134222,Z-norm2,90.56808890711403,227.37108754779803,899.3444786320582,136.802998640684,671.9733910842601,0.20358395206683114,-2.2963042524624013
0.8413650837107315,Z-norm2,90.71220510026649,228.2761487461992,904.5930017754566,137.5639436459327,676.3168530292575,0.20340162015744076,-2.2975969241295293
0.8452069334080408,Z-norm2,90.85767895796687,229.18449532275,909.9836368454537,138.32681636478313,680.7991415227037,0.20318300645238124,-2.2991483499233833
0.84904878310535,Z-norm2,91.00423634808071,230.09861380175704,915.5192126396893,139.09437745367632,685.4205988379322,0.20293288192607298,-2.300925445918211
0.8528906328026593,Z-norm2,91.15162784683515,231.01834807650724,921.2228035540392,139.86672022967207,690.204455477532,0.20264534533162704,-2.3029710571492967
0.8567324824999686,Z-norm2,91.29961907393735,231.94396578603326,927.0713744964334,140.6443467120959,695.1274087104001,0.20232887518134152,-2.3052258673876707
0.8605743321972779,Z-norm2,91.44800522875897,232.87598165063116,933.0573431659494,141.4279764218722,700.1813615153183,0.20198763376933748,-2.3076611249091448
0.8644161818945871,Z-norm2,91.59664426751768,233.81477746555186,939.1566527114627,142.2181331980342,705.3418752459108,0.20163007215253054,-2.3102172689967744
0.8682580315918964,Z-norm2,91.74545107312352,234.76063129273592,945.3459371956731,143.0151802196124,710.5853059029371,0.20126391445413264,-2.31283956696428
0.8720998812892057,Z-norm2,91.89440024291109,235.71370491359,951.6115869201126,143.8193046706789,715.8978820065227,0.20089360268475906,-2.3154964716918323
0.875941730986515,Z-norm2,92.0435153696602,236.6735562380672,957.950288493595,144.63004086840698,721.2767322555278,0.20051948773687694,-2.3181856412739132
0.8797835806838242,Z-norm2,92.19284325821731,237.64101699753056,964.3510018523467,145.44817373931323,726.7099848548162,0.20014610610912578,-2.3208745468696326
0.8836254303811335,Z-norm2,92.3424176958573,238.61969028947075,970.8185186908394,146.27727259361345,732.1988284013686,0.1997780751889278,-2.3235298328372007
0.8874672800784429,Z-norm2,92.49266884143208,239.61896129455235,977.3508120455921,147.12629245312027,737.7318507510397,0.1994305821327085,-2.326041434859719
0.8913091297757522,Z-norm2,92.64260673947842,240.65043237713184,983.947621836848,148.0078256376534,743.2971894597163,0.19912334895983735,-2.328265695257706
0.8951509794730614,Z-norm2,92.79257023429875,241.73516113859915,990.6061887295356,148.9425909043004,748.8710275909364,0.19888950889639553,-2.329960916565491
0.8989928291703707,Z-norm2,92.94244312607808,242.90008442880898,997.3266526687667,149.9576413027309,754.4265682399576,0.1987703609810232,-2.3308254448963823
0.90283467886768,Z-norm2,93.09215090301653,244.15761245407214,1004.114960267787,151.0654615510556,759.9573478137148,0.19878150002187445,-2.3307445988957625
0.9066765285649893,Z-norm2,93.24168173268119,245.49289071662633,1010.9692383913035,152.25120898394516,765.4763476746772,0.19889733947553792,-2.329904116609717
0.9105183782622985,Z-norm2,93.39108542850914,246.85289009977228,1017.8927139748406,153.46180467126314,771.0398238750684,0.19903226774980246,-2.328925750807913
0.9143602279596078,Z-norm2,93.54045585457396,248.14856021476373,1024.8862984881905,154.60810436018977,776.7377382734268,0.1990480142034308,-2.3288116163902943
0.9182020776569171,Z-norm2,93.68990187496117,249.30303758416014,1031.9525188121625,155.61313570919896,782.6494812280023,0.19882864480410428,-2.330402477122812
0.9220439273542264,Z-norm2,93.83951397083472,250.28607467167342,1039.096959508698,156.4465607008387,788.8108848370247,0.1983321524945259,-2.3340095167443895
0.9258857770515356,Z-norm2,93.98933579736226,251.12324386888545,1046.3205101631502,157.1339080715232,795.1972662942648,0.19760368242183493,-2.339318262528445
0.9297276267488449,Z-norm2,94.13935261433447,251.89060758200475,1053.6267989924277,157.75125496767026,801.7361914104229,0.1967620479875713,-2.345476118418828
0.9335694764461542,Z-norm2,94.28950483039148,252.64907781821546,1061.0155096446167,158.35957298782398,808.3664318264013,0.19590072862133903,-2.351805331399077
0.9374113261434635,Z-norm2,94.43970310641042,253.42804634942706,1068.4859636643653,158.98834324301663,815.0579173149382,0.1950638597153625,-2.357981586233945
0.9412531758407727,Z-norm2,94.58987860837466,254.2329968146536,1076.0374308675403,159.64311820627893,821.8044340528867,0.1942592563281366,-2.3639447511293405
0.945095025538082,Z-norm2,94.7399935674622,255.06471381980964,1083.6728886296175,160.32472025234745,828.6081748098079,0.19348677110160917,-2.3696931637555583
0.9489368752353913,Z-norm2,94.89004222273118,255.9276137105123,1091.400877350934,161.03757148778112,835.4732636404217,0.19275011959818966,-2.375196339578899
0.9527787249327005,Z-norm2,95.04004532722024,256.82124083523183,1099.2178187211532,161.7811955080116,842.3965778859214,0.19204873304924588,-2.380455648485706
0.9566205746300098,Z-norm2,95.19004176097086,257.73018648174246,1107.115532744293,162.5401447207716,849.3853462625505,0.191362077808356,-2.385623135379087
0.9604624243273191,Z-norm2,95.34008008684337,258.637785542738,1115.1010013115947,163.29770545589463,856.4632157688567,0.19066517096043692,-2.3908867660336512
0.9643042740246284,Z-norm2,95.49021177784279,259.5355392667536,1123.190834621974,164.0453274889108,863.6552953552205,0.18994305757303223,-2.3963611124869275
0.9681461237219376,Z-norm2,95.6404883735126,260.42755193992275,1131.3793345024703,164.78706356641015,870.9517825625476,0.18920342878404517,-2.4019898611523613
0.9719879734192469,Z-norm2,95.79096528777924,261.32068068319774,1139.6419226401338,165.5297153954185,878.3212419569361,0.188461473420148,-2.4076584668127565
0.9758298231165562,Z-norm2,95.94171267090834,262.21631540195204,1147.9872530381222,166.2746027310437,885.7709376361702,0.18771738342959823,-2.41336583882391
0.9796716728138655,Z-norm2,96.09282905329026,263.1106799787554,1156.4459738617516,167.01785092546515,893.3352938829962,0.18695987057614244,-2.4191994543661286
0.9835135225111747,Z-norm2,96.24445090122667,264.0022365946736,1165.0015113761801,167.75778569344692,900.9992747815065,0.18619081101272628,-2.4251462208816124
0.987355372208484,Z-norm2,96.39675303188359,264.89534484866806,1173.6176192761795,168.49859181678448,908.7222744275115,0.18542363993766675,-2.431102907845798
0.9911972219057933,Z-norm2,96.56669361383324,265.8226002950952,1182.2183421803759,169.25590668126193,916.3957418852807,0.18469739539934515,-2.4367645732932877
0.9950390716031026,Z-norm2,96.73295443886123,266.7754374623558,1190.9380570346993,170.04248302349458,924.1626195723436,0.1839962788174464,-2.442251505702374
0.9988809213004118,Z-norm2,96.89932832603691,267.67756582794954,1199.8056088335723,170.77823750191263,932.1280430056227,0.18321328146210755,-2.448404004089022
1.0027227709977211,Z-norm2,97.06584257441949,268.59162605537097,1208.7790624756788,171.52578348095147,940.1874364203078,0.18243785955492328,-2.4545229458431024
1.0065646206950305,Z-norm2,97.23258400249252,269.516348059164,1217.8610906429399,172.2837640566715,948.3447425837759,0.18166786435414028,-2.460624854386388
1.0104064703923397,Z-norm2,97.39969355387531,270.45482754916725,1227.0545406967494,173.05513399529195,956.5997131475822,0.18090652925859008,-2.466683616397536
1.014248320089649,Z-norm2,97.56733068680141,271.4104845502597,1236.3553541834835,173.84315386345827,964.9448696332238,0.18015863841997126,-2.472660265732349
1.0180901697869582,Z-norm2,97.73563957622305,272.38267477990837,1245.7618701324577,174.64703520368533,973.3791953525493,0.17942343131797647,-2.4785597874681873
1.0219320194842676,Z-norm2,97.90473910797286,273.3655676219156,1255.276091043477,175.46082851394274,981.9105234215614,0.17869329671967732,-2.4844425789783897
1.0257738691815768,Z-norm2,98.07472905205533,274.35422302355,1264.9004583819708,176.27949397149467,990.5462353584207,0.17796190392638203,-2.4903596564978407
1.0296157188788861,Z-norm2,98.2456926012887,275.34842293240985,1274.6358774786504,177.10273033112117,999.2874545462405,0.17722901405936345,-2.4963132888891137
1.0334575685761953,Z-norm2,98.4176910093331,276.3517509950064,1284.4825604373445,177.9340599856733,1008.1308094423382,0.1764989804091991,-2.502268245457994
1.0372994182735047,Z-norm2,98.59076053403363,277.36689381059915,1294.4410976547892,178.77613327656553,1017.0742038441902,0.17577491652118726,-2.508198885568786
1.0411412679708139,Z-norm2,98.7649174092734,278.3923486620715,1304.512622164931,179.62743125279815,1026.1202735028594,0.17505494812962352,-2.514120253108505
1.0449831176681232,Z-norm2,98.94016621428602,279.4245844756602,1314.6968573566753,180.48441826137417,1035.2722728810152,0.17433521884934847,-2.5200640456378642
1.0488249673654324,Z-norm2,99.11650685798807,280.46116637001217,1324.9927619513521,181.3446595120241,1044.5315955813398,0.17361337874235935,-2.5260499679485986
1.0526668170627418,Z-norm2,99.2939401489938,281.5028117524982,1335.4010162481632,182.2088716035044,1053.898204495665,0.1728903900075426,-2.532070414882139
1.056508666760051,Z-norm2,99.47247325288302,282.55130428904965,1345.9261263028832,183.07883103616663,1063.3748220138336,0.17216773168415767,-2.5381133220804273
1.0603505164573603,Z-norm2,99.65212195377318,283.6072704146893,1356.5712771694107,183.95514846091612,1072.9640067547214,0.17144577758699048,-2.5441757212601974
1.0641923661546695,Z-norm2,99.8329069107447,284.6692698684361,1367.335182887979,184.83636295769142,1082.665913019543,0.17072336048909575,-2.5502676155732704
1.0680342158519789,Z-norm2,100.01484636655073,285.735461468664,1378.2180063182618,185.7206151021133,1092.4825448495978,0.16999870247600293,-2.5564043599277957
1.071876065549288,Z-norm2,100.1979516391881,286.80566867982117,1389.2233040353447,186.60771704063308,1102.4176353555235,0.1692713460452337,-2.5625903178566154
1.0757179152465974,Z-norm2,100.38222774972782,287.88123829886797,1400.3539687844363,187.49901054914017,1112.4727304855683,0.16854256775112253,-2.568815084919199
1.0795597649439066,Z-norm2,100.56767522603926,288.9631828947505,1411.610790769694,188.39550766871125,1122.6476078749433,0.1678135742215,-2.575068676666359
1.083401614641216,Z-norm2,100.75428978348188,290.0505031163802,1422.9938244340992,189.2962133328983,1132.943321317719,0.16708356876381875,-2.581358231198141
1.0872434643385251,Z-norm2,100.94208332190162,291.1408428210563,1434.5046962411238,190.19875949915468,1143.3638534200675,0.1663501596016228,-2.5877048444985085
1.0910853140358345,Z-norm2,101.13102786691739,292.2327570679881,1446.1456931392845,191.10172920107067,1153.9129360712964,0.16561191336645448,-2.594121637409428
1.0949271637331437,Z-norm2,101.32108557897439,293.32711670252377,1457.918069338222,192.00603112354938,1164.5909526356982,0.1648699319610907,-2.60059978262497
1.098769013430453,Z-norm2,101.51222787673004,294.4260417096531,1469.822612737041,192.91381383292304,1175.3965710273878,0.1641265753092179,-2.607119236519301
1.1026108631277622,Z-norm2,101.70442227248084,295.5306528432306,1481.8604572363747,193.82623057074977,1186.329804393144,0.16338309115473987,-2.613669411094515
1.1064527128250716,Z-norm2,101.89763250185631,296.6401421188668,1494.0326312722202,194.74250961701046,1197.3924891533534,0.16263882676824545,-2.6202563817596833
1.1102945625223808,Z-norm2,102.09181832641622,297.75305507520244,1506.3398929868101,195.66123674878622,1208.5868379116077,0.16189257619823283,-2.6268912644510682
1.1141364122196902,Z-norm2,102.286935747114,298.8693163164044,1518.7832396810834,196.58238056929042,1219.913923364679,0.1611444683138717,-2.6335734297484796
1.1179782619169993,Z-norm2,102.48293855699254,299.9908159062511,1531.364220608647,197.50787734925856,1231.3734047023959,0.16039641313919167,-2.640286214965852
1.1218201116143087,Z-norm2,102.67978074462437,301.11975822337826,1544.0843808849227,198.4399774787539,1242.9646226615444,0.1596505434352885,-2.6470106311740853
1.1256619613116179,Z-norm2,102.87741923220653,302.2565652866539,1556.945263641612,199.37914605444735,1254.688698354958,0.15890726226820762,-2.653743035657737
1.1295038110089273,Z-norm2,103.07581527632675,303.3995122691975,1569.9491107989827,200.32369699287074,1266.5495985297853,0.15816490505023026,-2.6604985767885827
1.1333456607062364,Z-norm2,103.27493367342423,304.546416754332,1583.0990287140767,201.27148308090773,1278.5526119597448,0.15742135380131292,-2.667296842900177
1.1371875104035458,Z-norm2,103.47474046227835,305.69664825166507,1596.3984745650555,202.2219077893867,1290.7018263133905,0.15667592906952776,-2.6741445467267106
1.141029360100855,Z-norm2,103.67520083223958,306.85132741319256,1609.8503985588084,203.176126580953,1302.9990711456157,0.15592960200832498,-2.681033256546395
1.1448712097981644,Z-norm2,103.87627891320402,308.0118315880156,1623.4575352688448,204.13555267481155,1315.4457036808292,0.1551835640981664,-2.687952328919819
1.1487130594954735,Z-norm2,104.07794007596547,309.17818529145205,1637.2215718899347,205.10024521548658,1328.0433865984826,0.15443791015051836,-2.6949011578718176
1.152554909192783,Z-norm2,104.28015506846914,310.34913226721716,1651.142621209173,206.06897719874803,1340.793488941956,0.15369180928925955,-2.7018878134802473
1.156396758890092,Z-norm2,104.48290464767511,311.52360877925884,1665.219794490831,207.0407041315837,1353.696185711572,0.15294473480602483,-2.7089176525874215
1.1602386085874015,Z-norm2,104.6861834153544,312.70214068399054,1679.4539908717447,208.01595726863613,1366.7518501877541,0.1521973116334618,-2.7159852191426634
1.1640804582847106,Z-norm2,104.89000228346411,313.8860928053942,1693.848057106013,208.99609052193006,1379.9619643006188,0.15145061670438995,-2.723080642111927
1.16792230798202,Z-norm2,105.09438969522604,315.0763835508149,1708.405509901136,209.98199385558888,1393.329126350321,0.1507052353133639,-2.730198559640837
1.1717641576793292,Z-norm2,105.29939180827384,316.2724262855787,1723.1302385780086,210.97303447730488,1406.85781229243,0.14996045274364367,-2.737346008520397
1.1756060073766386,Z-norm2,105.50507162734827,317.47271513623417,1738.0271219165186,211.96764350888589,1420.5544067802844,0.14921473088054044,-2.7445381255191887
1.1794478570739477,Z-norm2,105.71150668461944,318.67628943540944,1753.1026269657796,212.96478275079,1434.4263375303701,0.14846686593711617,-2.7517871011135093
1.183289706771257,Z-norm2,105.91878464328745,319.8836884801996,1768.3642706984451,213.96490383691219,1448.4805822182454,0.14771679128017035,-2.759094265265747
1.1871315564685665,Z-norm2,106.12699654355704,321.09592209415786,1783.8190350663021,214.96892555060083,1462.7231129721442,0.14696487916554488,-2.766456665726893
1.1909734061658757,Z-norm2,106.3362280993695,322.3134746448499,1799.4738831007908,215.9772465454804,1477.1604084559408,0.1462110988821038,-2.7738752644834115
1.194815255863185,Z-norm2,106.54655017477786,323.5358311793123,1815.33595228069,216.98928100453446,1491.8001211013777,0.1454546610737194,-2.7813585667530543
1.1986571055604942,Z-norm2,106.7580100044471,324.7623300032149,1831.4131216596095,218.0043199987678,1506.6507916563946,0.14469465731942857,-2.788916441857155
1.2024989552578036,Z-norm2,106.97062479863474,325.99330959004413,1847.711665846566,219.0226847914094,1521.7183562565217,0.14393115775393062,-2.7965491590197766
1.2063408049551128,Z-norm2,107.18437903216,327.2301451898706,1864.237627569087,220.0457661577106,1537.0074823792163,0.14316505851818623,-2.804248669699039
1.2101826546524221,Z-norm2,107.39922602594177,328.4737071895093,1880.995156983439,221.07448116356753,1552.5214497939298,0.1423970542841204,-2.8120087927800164
1.2140245043497313,Z-norm2,107.61509351601234,329.7235786352282,1897.9847478153986,222.10848511921586,1568.2611691801703,0.14162722987990964,-2.819829423845196
1.2178663540470407,Z-norm2,107.8318921695602,330.978134941594,1915.2080162239981,223.14624277203382,1584.2298812824042,0.14085471143329348,-2.827720273824373
1.2217082037443499,Z-norm2,108.04952557242959,332.2358803182685,1932.6733930746418,224.18635474583894,1600.4375127563733,0.14007816797528772,-2.8356959742945933
1.2255500534416592,Z-norm2,108.26790024288614,333.49684514590547,1950.3922332215093,225.22894490301934,1616.895388075604,0.13929716576845597,-2.843762190669597
1.2293919031389684,Z-norm2,108.4869346574406,334.76239189709605,1968.3695559475925,226.27545723965545,1633.6071640504965,0.13851277235991666,-2.8519090805571565
1.2332337528362778,Z-norm2,108.70656676413248,336.0341665876758,1986.6029096001325,227.32759982354335,1650.5687430124567,0.13772682948584575,-2.8601184679064726
1.237075602533587,Z-norm2,108.92675966945328,337.31304435450716,2005.0877949067246,228.38628468505388,1667.7747505522175,0.136940725724162,-2.8683765316905556
1.2409174522308963,Z-norm2,109.14750491946458,338.59901621922904,2023.8308241317964,229.45151129976446,1685.2318079125673,0.1361542727964394,-2.876685837107136
1.2447593019282055,Z-norm2,109.36882252929743,339.8919062038738,2042.8489010510302,230.52308367457638,1702.9569948471565,0.13536635650348072,-2.8850588739710243
1.2486011516255149,Z-norm2,109.59075680402286,341.1914469981742,2062.147295439444,231.6006901941513,1720.9558484412698,0.13457677627460354,-2.893498627318243
1.252443001322824,Z-norm2,109.81336754990669,342.49688950569237,2081.721976925352,232.6835219557857,1739.2250874196598,0.13378574379984273,-2.9020037042073725
1.2562848510201334,Z-norm2,110.03671729878012,343.80678388299316,2101.5722302736926,233.77006658421305,1757.7654463906995,0.13299275342123937,-2.910580457341831
1.2601267007174426,Z-norm2,110.26085629281651,345.1191825772295,2121.7232834302736,234.85832628441295,1776.6041008530442,0.1321950828390212,-2.9192595798851175
1.263968550414752,Z-norm2,110.48580772817164,346.4328988177039,2142.2148925506785,235.94709108953228,1795.7819937329746,0.1313896073760369,-2.928076928664026
1.2678104001120611,Z-norm2,110.71155572610448,347.74877499195793,2163.0414392020602,237.03721926585345,1815.2926642101024,0.13057796350925963,-2.937016648373471
1.2716522498093705,Z-norm2,110.93803780351263,349.06940854909107,2184.1437223120834,238.13137074557844,1835.0743137629922,0.12976660888313984,-2.946008893338114
1.2754940995066797,Z-norm2,111.16514294736726,350.39758422285865,2205.457123159156,239.2324412754914,1855.059538936297,0.12896213639195042,-2.9549805459666723
1.279335949203989,Z-norm2,111.3927160180448,351.73451949186114,2226.979544518014,240.34180347381636,1875.2450250261527,0.12816554651062972,-2.963919606398958
1.2831777989012982,Z-norm2,111.62056894687854,353.0793356113556,2248.759439592756,241.45876666447705,1895.6801039814002,0.12737316077610011,-2.9728667803577586
1.2870196485986076,Z-norm2,111.84849877378275,354.42962789078035,2270.8456365018383,242.5811291169976,1916.4160086110578,0.12658062134056727,-2.9818715403249603
1.2908614982959168,Z-norm2,112.07631125606457,355.78301844138895,2293.251339944628,243.70670718532438,1937.468321503239,0.12578616356227065,-2.9909548599352562
1.2947033479932262,Z-norm2,112.30384726379046,357.1383903971141,2315.9815517392717,244.83454313332365,1958.8431613421576,0.12498935492393798,-3.000122866019303
1.2985451976905353,Z-norm2,112.53100839380427,358.49564731760955,2339.040787673233,245.9646389238053,1980.5451403556233,0.12419037259592089,-3.009374756646765
1.3023870473878447,Z-norm2,112.75777839619712,359.85540978813896,2362.4317935011923,247.09763139194183,2002.5763837130532,0.12338986587557209,-3.018704185419765
1.3062288970851539,Z-norm2,112.98423766086448,361.2187359597553,2386.140769151046,248.2344982988908,2024.9220331912904,0.12258965739420179,-3.028090827567574
1.3100707467824633,Z-norm2,113.21056881601156,362.58700485354535,2410.1639050253852,249.37643603753378,2047.57690017184,0.12179099892004311,-3.037520581456492
1.3139125964797724,Z-norm2,113.43705234186767,363.96163323579566,2434.510416120936,250.52458089392798,2070.5487828851406,0.12099429048217954,-3.046989124142779
1.3177544461770818,Z-norm2,113.66405206549729,365.3432007526291,2459.195092808752,251.67914868713183,2093.8518920561232,0.12019911706361792,-3.0565017962810117
1.321596295874391,Z-norm2,113.89199177190227,366.7309362448169,2484.2213592162075,252.83894447291465,2117.4904229713907,0.11940500024463664,-3.0660648422285806
1.3254381455717004,Z-norm2,114.12132575560646,368.12233503508224,2509.585877312115,254.0010092794758,2141.4635422770325,0.11861094259367816,-3.075690981315458
1.3292799952690095,Z-norm2,114.35250731375784,369.51529276400436,2535.2906517190704,255.16278545024653,2165.775358955066,0.11781590569640443,-3.0853937720154727
1.333121844966319,Z-norm2,114.58595951006414,370.90927297227734,2561.33465626245,256.3233134622132,2190.4253832901727,0.11701987906896769,-3.0951744625309825
1.336963694663628,Z-norm2,114.82205187934956,372.30567043276875,2587.725010064647,257.4836185534192,2215.4193396318783,0.11622342278378935,-3.1050272470682994
1.3408055443609375,Z-norm2,115.06108533066423,373.7068915041544,2614.4769955525258,258.64580617349014,2240.770104048371,0.1154271942963707,-3.1149449362891084
1.3446473940582466,Z-norm2,115.30328582565903,375.1144097383699,2641.6101366915645,259.81112391271085,2266.4957269531947,0.11463119953107954,-3.1249283345380685
1.348489243755556,Z-norm2,115.54880602432111,376.52841039627987,2669.1442742675135,260.97960437195877,2292.6158638712336,0.11383485933455831,-3.134985677067004
1.3523310934528652,Z-norm2,115.79773319589728,377.94811452074185,2697.0849895291244,262.1503813248446,2319.1368750083825,0.1130379082622698,-3.1451214205605096
1.3561729431501746,Z-norm2,116.05010123331267,379.3728345483575,2725.424020611027,263.32273331504484,2346.05118606267,0.11224083041298602,-3.155330507008422
1.3600147928474837,Z-norm2,116.30590432182726,380.8019434108766,2754.1487566996016,264.49603908904936,2373.346813288725,0.11144432731368897,-3.165604911799736
1.363856642544793,Z-norm2,116.56510965900006,382.2352440389908,2783.242218464562,265.6701343799907,2401.006974425571,0.11064946383321146,-3.1759316345034403
1.3676984922421023,Z-norm2,116.82766672833158,383.67238599097993,2812.6903730176036,266.84471926264837,2429.017987026624,0.10985703715981728,-3.18630080682492
1.3715403419394117,Z-norm2,117.09351113192483,385.11288465108817,2842.496184016573,268.0193735191633,2457.3832993654846,0.10906697933056189,-3.1967137115280817
1.3753821916367208,Z-norm2,117.3625619305618,386.5563040282915,2872.684905842548,269.1937420977297,2486.1286018142564,0.10827828532332764,-3.207184148316407
1.3792240413340302,Z-norm2,117.63471260094971,388.00270756133415,2903.3167867230377,270.3679949603844,2515.3140791617034,0.1074887614235801,-3.217742269361592
1.3830658910313396,Z-norm2,117.90981678579418,389.45248325433363,2934.486640446143,271.54266646853944,2545.0341571918098,0.10669509707805241,-3.228434212855281
1.3869077407286488,Z-norm2,118.18767082457896,390.9058323242814,2966.2777111773003,272.71816149970243,2575.3718788530186,0.10589467243121473,-3.23929808582535
1.3907495904259581,Z-norm2,118.46799564652642,392.36238280158614,2998.7016061200716,273.8943871550597,2606.3392233184854,0.10508777395688633,-3.250333260770618
1.3945914401232673,Z-norm2,118.75042093012345,393.82151247126274,3031.6549954013767,275.07109154113925,2637.833482930114,0.10427917202551748,-3.261477061824751
1.3984332898205767,Z-norm2,119.03447443785304,395.2831455145693,3064.9353058395795,276.2486710767163,2669.6521603250103,0.1034774024804359,-3.2726123502440294
1.4022751395178858,Z-norm2,119.31958838084456,396.7479031478548,3098.342718316573,277.42831476701025,2701.5948151687185,0.10269057121716621,-3.2836243716801974
1.4061169892151952,Z-norm2,119.60501408218484,398.2167767230742,3131.80505748424,278.61176264088937,2733.588280761166,0.10192162609188173,-3.2944678947552797
1.4099588389125044,Z-norm2,119.88995288665411,399.69040160254366,3165.446258243604,279.80044871588956,2765.7558566410603,0.10116599700730637,-3.305203628888046
1.4138006886098138,Z-norm2,120.1735727087777,401.1695152564263,3199.5657616453186,280.9959425476486,2798.3962463888925,0.10041320735412346,-3.315979055368166
1.417642538307123,Z-norm2,120.45501293960824,402.6557357618569,3234.5164085057822,282.2007228222486,2831.8606727439255,0.09965205051871807,-3.3269566983807404
1.4214843880044323,Z-norm2,120.73341352701519,404.15233112012726,3270.509641882975,283.41891759311204,2866.3573107628476,0.09887773465258712,-3.3382104991509287
1.4253262377017415,Z-norm2,121.00794367124762,405.66365907637055,3307.4252739765907,284.6557154051229,2901.76161490022,0.09809755354935008,-3.3496390321908716
1.4291680873990509,Z-norm2,121.27782907287111,407.19512479037877,3344.7513741863545,285.91729571750767,2937.5562493959756,0.09733168370011583,-3.3609466779192894
1.43300993709636,Z-norm2,121.54237704372997,408.75297564219153,3381.832699721138,287.21059859846156,2973.0797240789466,0.0966037325781564,-3.3717772567389117
1.4368517867936694,Z-norm2,121.80099906774741,410.3418005683288,3418.2927339016583,288.5408015005814,3007.9509333333294,0.09592603333486836,-3.3819337888566317
1.4406936364909786,Z-norm2,122.05323077844902,411.9644589184574,3454.2700651177142,289.9112281400084,3042.305606199257,0.09529326296124262,-3.39148196762242
1.444535486188288,Z-norm2,122.29874675163151,413.6228953039874,3490.286485845885,291.32414855235584,3076.663590541898,0.0946883336377522,-3.4006695047333855
1.4483773358855971,Z-norm2,122.53737293263792,415.3182084980236,3526.910834564807,292.78083556538564,3111.5926260667834,0.09409356260606518,-3.409760165162992
1.4522191855829065,Z-norm2,122.7690951888876,417.0437675866622,3564.4926510635146,294.2746723977746,3147.448883476852,0.09349625150153415,-3.418947664865947
1.4560610352802157,Z-norm2,122.99406359019278,418.78959741167165,3603.1358646625426,295.7955338214789,3184.346267250871,0.0928905053020025,-3.4283250490737105
1.459902884977525,Z-norm2,123.21259154458436,420.54072549729676,3642.7888372221705,297.3281339527124,3222.2481117248735,0.09227350708060537,-3.4379396988896516
1.4637447346748342,Z-norm2,123.41879254224102,421.99641632827286,3683.2766791215067,298.57762378603184,3261.2802627932338,0.09155227386998778,-3.449260471308464
1.4675865843721436,Z-norm2,123.54004873381608,423.3109504860988,3726.941087421735,299.7709017522827,3303.630136935636,0.09073984959779506,-3.4621199213654923
1.4714284340694528,Z-norm2,123.56738467988833,424.37891157596044,3770.8482286012586,300.8115268960721,3346.469317025298,0.0898892230583682,-3.4757080303446437
1.4752702837667622,Z-norm2,123.81999538598959,425.986269317026,3813.9281835956704,302.16627393103636,3387.9419142786446,0.0891887410045438,-3.4869945908637456
1.4791121334640713,Z-norm2,124.07409073310644,427.5907397198117,3857.8338763404754,303.51664898670526,3430.243136620664,0.08848254683360945,-3.4984632778533453
1.4829539831613807,Z-norm2,124.32997245248751,429.190313679625,3902.5835694512302,304.8603412271375,3473.3932557716053,0.08777017710867109,-3.510125371269848
1.4867958328586899,Z-norm2,124.58776971748972,430.7834183019408,3948.0896935709998,306.1956485844511,3517.306275269059,0.08705401936060528,-3.5219452798622206
1.4906376825559993,Z-norm2,124.84766715737952,432.37000629760905,3994.3391939177236,307.5223391402295,3561.9691876201146,0.08633492401030475,-3.5339119165310056
1.4944795322533084,Z-norm2,125.10980605436586,433.95127604341513,4041.4409233768747,308.8414699890493,3607.4896473334597,0.08561118677563911,-3.546056864512236
1.4983213819506178,Z-norm2,125.37426673553273,435.52904017027413,4089.3431723388444,310.1547734347414,3653.8141321685703,0.08488520822778192,-3.5583430126234057
1.502163231647927,Z-norm2,125.64105933157242,437.1058986213388,4138.1243874398115,311.46483928976636,3701.0184888184726,0.08415652076064056,-3.570781128503913
1.5060050813452364,Z-norm2,125.91012110004648,438.6851453198213,4188.081762334235,312.7750242197748,3749.396617014413,0.08342009559629697,-3.583461224272298
1.5098469310425455,Z-norm2,126.1813244129551,440.2708417264503,4239.199352866544,314.0895173134952,3798.928511140094,0.08267844903963038,-3.5963448641925555
1.513688780739855,Z-norm2,126.45448986274138,441.8674773048677,4291.654530044835,315.41298744212634,3849.7870527399673,0.08192998291103942,-3.609464675867753
1.517530630437164,Z-norm2,126.72940234070944,443.4781368176593,4346.450354686852,316.74873447694983,3902.9722178691927,0.08115577482892695,-3.6231624330097256
1.5213724801344735,Z-norm2,127.00582736786038,445.10512907572803,4404.134991790006,318.09930170786765,3959.029862714278,0.0803477904280776,-3.6375978395804673
1.5252143298317826,Z-norm2,127.28352514371586,446.7490947932246,4465.678190025694,319.4655696495087,4018.929095232469,0.07949022291248702,-3.653078766146216
1.529056179529092,Z-norm2,127.56226066109153,448.4076897595615,4542.1441052283735,320.84542909846994,4093.736415468812,0.07837471603841083,-3.6734678789186592
1.5328980292264012,Z-norm2,127.84180817103992,450.0780413109988,4695.342352294337,322.23623313995887,4245.264310983338,0.07590486941090335,-3.7196637501205054
1.5367398789237106,Z-norm2,128.12194976157537,451.75558108667366,6743.5143216342585,323.6336313250983,6291.758740547585,0.05143770520624441,-4.281029908722782
