cycle,time,dt_spatial,dt_source,dt_final,max_source_rate,max_coordinate_speed,negative_real_stability_radius,limiter
0,0,0.036028027330188006,1.3957170865364181,0.0054042040995282009,2,1.7347605359350617,3.489292716341045,z4c_spatial_or_other
1,0.0054042040995282009,0.035982404242476923,1.3957170865364181,0.0053973606363715383,2,1.7369600869032336,3.489292716341045,z4c_spatial_or_other
2,0.01080156473589974,0.035939083938589314,1.3957170865364181,2.4008435232992717e-05,2,1.7390537863123192,3.489292716341045,z4c_spatial_or_other
3,0.010825573171132733,0.017965943967892167,1.3957170865364181,4.8016870465985434e-05,2,1.7394020629168405,3.489292716341045,z4c_spatial_or_other
4,0.010873590041598718,0.017965697848884923,1.3957170865364181,9.6033740931970868e-05,2,1.7394258916549459,3.489292716341045,z4c_spatial_or_other
5,0.010969623782530689,0.017965205899581206,1.3957170865364181,0.00019206748186394174,2,1.7394735231355449,3.489292716341045,z4c_spatial_or_other
6,0.011161691264394631,0.01796422315549763,1.3957170865364181,0.00038413496372788347,2,1.7395686821245311,3.489292716341045,z4c_spatial_or_other
7,0.011545826228122514,0.017962262282873086,1.3957170865364181,0.00076826992745576694,2,1.7397585842957375,3.489292716341045,z4c_spatial_or_other
8,0.012314096155578281,0.017958358979378624,1.3957170865364181,0.0015365398549115339,2,1.7401367260719098,3.489292716341045,z4c_spatial_or_other
9,0.013850636010489815,0.017950625976220852,1.3957170865364181,0.0023672594288290019,2,1.7408863647093309,3.489292716341045,z4c_spatial_or_other
10,0.016217895439318817,0.0089694517540727867,1.3957170865364181,0.001345417763110918,2,1.7420239752006146,3.489292716341045,z4c_spatial_or_other
11,0.017563313202429737,0.0089660487605680381,1.3957170865364181,0.0013449073140852058,2,1.7426851467412818,3.489292716341045,z4c_spatial_or_other
12,0.018908220516514942,0.0089624103358236715,1.3957170865364181,1.0811121357243159e-06,2,1.7433926158842867,3.489292716341045,z4c_spatial_or_other
13,0.018909301628650666,0.0045211729114400323,1.3957170865364181,2.1622242714486317e-06,2,1.7433931817772195,3.489292716341045,z4c_spatial_or_other
14,0.018911463852922115,0.0045211673369162106,1.3957170865364181,4.3244485428972634e-06,2,1.7433943135495442,3.489292716341045,z4c_spatial_or_other
15,0.018915788301465012,0.0045211561880570579,1.3957170865364181,8.6488970857945269e-06,2,1.7433965770400293,3.489292716341045,z4c_spatial_or_other
16,0.018924437198550807,0.004521133891092711,1.3957170865364181,1.7297794171589054e-05,2,1.743401103804346,3.489292716341045,z4c_spatial_or_other
17,0.018941734992722396,0.0045210893001797325,1.3957170865364181,3.4595588343178107e-05,2,1.7434101564663684,3.489292716341045,z4c_spatial_or_other
18,0.018976330581065574,0.00452100013041579,1.3957170865364181,6.9191176686356215e-05,2,1.7434282583240164,3.489292716341045,z4c_spatial_or_other
19,0.01904552175775193,0.0045208218391294954,1.3957170865364181,0.00013838235337271243,2,1.7434644481740742,3.489292716341045,z4c_spatial_or_other
20,0.019183904111124642,0.0045204654494775832,1.3957170865364181,0.00027676470674542486,2,1.7435367724160482,3.489292716341045,z4c_spatial_or_other
21,0.019460668817870067,0.0045197534415824256,1.3957170865364181,0.00055352941349084972,2,1.7436811990898449,3.489292716341045,z4c_spatial_or_other
22,0.020014198231360917,0.0045183325105930721,1.3957170865364181,0.00067774987658896077,2,1.7439691653752494,3.489292716341045,z4c_spatial_or_other
23,0.020691948107949876,0.0045165983053401396,1.3957170865364181,0.00067748974580102096,2,1.7443201455246895,3.489292716341045,z4c_spatial_or_other
24,0.021369437853750898,0.0045148709463616859,1.3957170865364181,0.0006772306419542529,2,1.744669220052794,3.489292716341045,z4c_spatial_or_other
25,0.022046668495705152,0.004513150452993578,1.3957170865364181,0.00067697256794903673,2,1.7450163922479183,3.489292716341045,z4c_spatial_or_other
26,0.022723641063654189,0.0045114368620310435,1.3957170865364181,0.00067671552930465646,2,1.7453616653779944,3.489292716341045,z4c_spatial_or_other
27,0.023400356592958846,0.0045097302322250725,1.3957170865364181,0.00067645953483376085,2,1.7457050426932275,3.489292716341045,z4c_spatial_or_other
28,0.024076816127792607,0.0045080306488483237,1.3957170865364181,0.00067620459732724856,2,1.7460746141839216,3.489292716341045,z4c_spatial_or_other
29,0.024753020725119857,0.0045063382270021058,1.3957170865364181,0.0006759507340503159,2,1.7464521157119492,3.489292716341045,z4c_spatial_or_other
30,0.025428971459170172,0.0045046531124780234,1.3957170865364181,0.00067569796687170353,2,1.7468276548795052,3.489292716341045,z4c_spatial_or_other
31,0.026104669426041876,0.0045029743103411155,1.3957170865364181,0.00067544614655116726,2,1.7472012350294526,3.489292716341045,z4c_spatial_or_other
32,0.026780115572593043,0.0045012883130219538,1.3957170865364181,0.00067519324695329303,2,1.7475728594171804,3.489292716341045,z4c_spatial_or_other
33,0.027455308819546335,0.0044996089028010869,1.3957170865364181,0.00067494133542016297,2,1.7479425301820486,3.489292716341045,z4c_spatial_or_other
34,0.028130250154966497,0.0044979362548946827,1.3957170865364181,0.00067469043823420243,2,1.7483102505942343,3.489292716341045,z4c_spatial_or_other
35,0.028804940593200698,0.0044962705558865643,1.3957170865364181,0.00067444058338298461,2,1.7486760239185879,3.489292716341045,z4c_spatial_or_other
36,0.029479381176583684,0.0044946119915341125,1.3957170865364181,0.00067419179873011686,2,1.74903985341118,3.489292716341045,z4c_spatial_or_other
37,0.030153572975313802,0.0044929607351148204,1.3957170865364181,0.00067394411026722308,2,1.74940174231545,3.489292716341045,z4c_spatial_or_other
38,0.030827517085581024,0.0044913169373056484,1.3957170865364181,0.00067369754059584729,2,1.7497873632622976,3.489292716341045,z4c_spatial_or_other
39,0.031501214626176874,0.0044896807183992327,1.3957170865364181,0.00067345210775988484,2,1.7501822391451158,3.489292716341045,z4c_spatial_or_other
40,0.032174666733936756,0.0044880521633908765,1.3957170865364181,0.0006732078245086315,2,1.7505751101713389,3.489292716341045,z4c_spatial_or_other
41,0.032847874558445386,0.0044864313201553813,1.3957170865364181,0.00067296469802330719,2,1.7509659793069161,3.489292716341045,z4c_spatial_or_other
42,0.03352083925646869,0.0044848101627287572,1.3957170865364181,0.00067272152440931354,2,1.7513548495306746,3.489292716341045,z4c_spatial_or_other
43,0.034193560780878006,0.0044831786728347974,1.3957170865364181,0.00067247680092521957,2,1.7517417231346568,3.489292716341045,z4c_spatial_or_other
44,0.034866037581803226,0.0044815544841731933,1.3957170865364181,0.00067223317262597899,2,1.7521266015653161,3.489292716341045,z4c_spatial_or_other
45,0.035538270754429203,0.0044799377359154256,1.3957170865364181,0.00067199066038731387,2,1.7525094877962775,3.489292716341045,z4c_spatial_or_other
46,0.036210261414816515,0.0044783285488454927,1.3957170865364181,0.00067174928232682383,2,1.7528903848035624,3.489292716341045,z4c_spatial_or_other
47,0.036882010697143336,0.0044767270236702869,1.3957170865364181,0.00067150905355054305,2,1.7532692955595452,3.489292716341045,z4c_spatial_or_other
48,0.037553519750693876,0.0044751332399386888,1.3957170865364181,0.00067126998599080327,2,1.7536584647297642,3.489292716341045,z4c_spatial_or_other
49,0.038224789736684681,0.0044735472556185407,1.3957170865364181,0.00067103208834278112,2,1.7540690840818551,3.489292716341045,z4c_spatial_or_other
50,0.03889582182502746,0.0044719691073748895,1.3957170865364181,0.0006707953661062334,2,1.7544776514176701,3.489292716341045,z4c_spatial_or_other
51,0.039566617191133691,0.0044703988115712906,1.3957170865364181,0.00067055982173569353,2,1.7548841693153803,3.489292716341045,z4c_spatial_or_other
52,0.040237177012869385,0.0044688363659798735,1.3957170865364181,0.00067032545489698102,2,1.7552886403878165,3.489292716341045,z4c_spatial_or_other
53,0.040907502467766366,0.0044672817521397351,1.3957170865364181,0.00067009226282096026,2,1.7556910672779771,3.489292716341045,z4c_spatial_or_other
54,0.041577594730587329,0.0044657349382534609,1.3957170865364181,0.00066986024073801913,2,1.7560914526539944,3.489292716341045,z4c_spatial_or_other
55,0.04224745497132535,0.0044641958824656889,1.3957170865364181,0.00066962938236985326,2,1.7564897992036463,3.489292716341045,z4c_spatial_or_other
56,0.042917084353695206,0.004462664536332644,1.3957170865364181,0.00066939968044989662,2,1.7568861096285178,3.489292716341045,z4c_spatial_or_other
57,0.043586484034145105,0.0044611408482730574,1.3957170865364181,0.00066917112724095864,2,1.7572803866379447,3.489292716341045,z4c_spatial_or_other
58,0.044255655161386062,0.0044596247667920731,1.3957170865364181,0.00066894371501881095,2,1.7576726329428729,3.489292716341045,z4c_spatial_or_other
59,0.044924598876404875,0.0044581162432908387,1.3957170865364181,0.00066871743649362574,2,1.7580797341422316,3.489292716341045,z4c_spatial_or_other
60,0.045593316312898501,0.004456615234312988,1.3957170865364181,0.00066849228514694818,2,1.7585022930990986,3.489292716341045,z4c_spatial_or_other
61,0.046261808598045448,0.0044551217031303398,1.3957170865364181,0.00066826825546955097,2,1.7589227592184442,3.489292716341045,z4c_spatial_or_other
62,0.046930076853514996,0.0044536356206274167,1.3957170865364181,0.00066804534309411251,2,1.7593411346663228,3.489292716341045,z4c_spatial_or_other
63,0.047598122196609111,0.0044521569655011422,1.3957170865364181,0.00066782354482517131,2,1.7597574216577268,3.489292716341045,z4c_spatial_or_other
64,0.04826594574143428,0.004450685723842121,1.3957170865364181,0.00066760285857631811,2,1.7601716224666479,3.489292716341045,z4c_spatial_or_other
65,0.048933548600010597,0.0044492218882023022,1.3957170865364181,0.00066738328323034534,2,1.7605837394348194,3.489292716341045,z4c_spatial_or_other
66,0.04960093188324094,0.0044477654562781023,1.3957170865364181,0.00066716481844171537,2,1.7609937749786559,3.489292716341045,z4c_spatial_or_other
67,0.050268096701682655,0.0044463164293473819,1.3957170865364181,0.00066694746440210725,2,1.7614017315940347,3.489292716341045,z4c_spatial_or_other
68,0.050935044166084763,0.0044448748105946735,1.3957170865364181,0.00066673122158920103,2,1.7618076118586625,3.489292716341045,z4c_spatial_or_other
69,0.051601775387673965,0.0044434406034446943,1.3957170865364181,0.00066651609051670408,2,1.7622114184319408,3.489292716341045,z4c_spatial_or_other
70,0.052268291478190669,0.0044420138100031764,1.3957170865364181,0.00066630207150047646,2,1.7626131540523553,3.489292716341045,z4c_spatial_or_other
71,0.052934593549691149,0.0044405944296805689,1.3957170865364181,0.00066608916445208533,2,1.7630408676770486,3.489292716341045,z4c_spatial_or_other
72,0.053600682714143234,0.0044391824580513328,1.3957170865364181,0.00066587736870769995,2,1.763471364721287,3.489292716341045,z4c_spatial_or_other
73,0.054266560082850933,0.0044377778859819193,1.3957170865364181,0.00066566668289728785,2,1.7638997302078585,3.489292716341045,z4c_spatial_or_other
74,0.054932226765748222,0.0044363806990450443,1.3957170865364181,0.00066545710485675657,2,1.764325965975704,3.489292716341045,z4c_spatial_or_other
75,0.055597683870604979,0.0044349908772263608,1.3957170865364181,0.00066524863158395409,2,1.7647500738038173,3.489292716341045,z4c_spatial_or_other
76,0.056262932502188931,0.0044336083949211439,1.3957170865364181,0.00066504125923817152,2,1.7651720554336343,3.489292716341045,z4c_spatial_or_other
77,0.056927973761427102,0.0044322332212113919,1.3957170865364181,0.00066483498318170879,2,1.7655919125923414,3.489292716341045,z4c_spatial_or_other
78,0.057592808744608807,0.0044308653204061972,1.3957170865364181,0.00066462979806092954,2,1.7660096470151621,3.489292716341045,z4c_spatial_or_other
79,0.058257438542669737,0.0044295046528193818,1.3957170865364181,0.00066442569792290725,2,1.7664252604646777,3.489292716341045,z4c_spatial_or_other
80,0.058921864240592647,0.0044281511757475233,1.3957170865364181,0.00066422267636212843,2,1.7668387547454487,3.489292716341045,z4c_spatial_or_other
81,0.059586086916954772,0.0044268048445994315,1.3957170865364181,0.00066402072668991471,2,1.7672501317124361,3.489292716341045,z4c_spatial_or_other
82,0.06025010764364469,0.0044254656141159542,1.3957170865364181,0.00066381984211739313,2,1.7676593932721398,3.489292716341045,z4c_spatial_or_other
83,0.060913927485762083,0.004424133439608709,1.3957170865364181,0.00066362001594130629,2,1.7680966573091588,3.489292716341045,z4c_spatial_or_other
84,0.06157754750170339,0.0044228082781399905,1.3957170865364181,0.00066342124172099855,2,1.7685337122030218,3.489292716341045,z4c_spatial_or_other
85,0.062240968743424392,0.0044214900895654871,1.3957170865364181,0.00066322351343482309,2,1.7689685825578096,3.489292716341045,z4c_spatial_or_other
86,0.062904192256859212,0.0044201788373677137,1.3957170865364181,0.00066302682560515698,2,1.7694012686558034,3.489292716341045,z4c_spatial_or_other
87,0.063567219082464363,0.0044188744892215285,1.3957170865364181,0.00066283117338322923,2,1.7698317703613844,3.489292716341045,z4c_spatial_or_other
88,0.06423005025584759,0.0044175770172528587,1.3957170865364181,0.00066263655258792873,2,1.7702600871535712,3.489292716341045,z4c_spatial_or_other
89,0.064892686808435518,0.0044162863979761045,1.3957170865364181,0.00066244295969641561,2,1.7706862181860954,3.489292716341045,z4c_spatial_or_other
90,0.065555129768131937,0.0044150026119220906,1.3957170865364181,0.00066225039178831357,2,1.7711101623726193,3.489292716341045,z4c_spatial_or_other
91,0.06621738015992025,0.0044137256429939119,1.3957170865364181,0.0006620588464490868,2,1.7715319184933556,3.489292716341045,z4c_spatial_or_other
92,0.066879439006369334,0.004412455477609923,1.3957170865364181,0.00066186832164148843,2,1.7719514853181366,3.489292716341045,z4c_spatial_or_other
93,0.067541307328010822,0.0044111921037087495,1.3957170865364181,0.00066167881555631244,2,1.7723688617400406,3.489292716341045,z4c_spatial_or_other
94,0.068202986143567138,0.0044099355096993828,1.3957170865364181,0.00066149032645490742,2,1.7727840469130145,3.489292716341045,z4c_spatial_or_other
95,0.068864476470022043,0.0044086856834390066,1.3957170865364181,0.000661302852515851,2,1.7731970403866097,3.489292716341045,z4c_spatial_or_other
96,0.069525779322537895,0.0044074426113134002,1.3957170865364181,0.00066111639169701001,2,1.7736078422309236,3.489292716341045,z4c_spatial_or_other
97,0.070186895714234906,0.0044062062774802811,1.3957170865364181,0.00066093094162204217,2,1.7740164531452021,3.489292716341045,z4c_spatial_or_other
98,0.070847826655856955,0.004404976663317072,1.3957170865364181,0.00066074649949756075,2,1.7744312114396146,3.489292716341045,z4c_spatial_or_other
99,0.071508573155354513,0.0044037537470939751,1.3957170865364181,0.00066056306206409624,2,1.774864196186575,3.489292716341045,z4c_spatial_or_other
100,0.072169136217418606,0.0044025375038730611,1.3957170865364181,0.00066038062558095912,2,1.7752949791628563,3.489292716341045,z4c_spatial_or_other
101,0.07282951684299957,0.0044013279056165809,1.3957170865364181,0.00066019918584248711,2,1.775723567129516,3.489292716341045,z4c_spatial_or_other
102,0.07348971602884205,0.0044001249214743387,1.3957170865364181,0.00066001873822115083,2,1.7761499662371698,3.489292716341045,z4c_spatial_or_other
103,0.0741497347670632,0.004398928518211556,1.3957170865364181,0.0006598392777317334,2,1.7765741818611656,3.489292716341045,z4c_spatial_or_other
104,0.074809574044794935,0.0043977386607351177,1.3957170865364181,0.0006596607991102676,2,1.7769962184725707,3.489292716341045,z4c_spatial_or_other
105,0.075469234843905206,0.0043965553126770794,1.3957170865364181,0.00065948329690156192,2,1.7774444663618394,3.489292716341045,z4c_spatial_or_other
106,0.076128718140806767,0.0043953784369984428,1.3957170865364181,0.00065930676554976639,2,1.777894248178858,3.489292716341045,z4c_spatial_or_other
107,0.076788024906356528,0.0043942079965824414,1.3957170865364181,0.00065913119948736616,2,1.7783416721160139,3.489292716341045,z4c_spatial_or_other
108,0.077447156105843892,0.0043930439547934666,1.3957170865364181,0.00065895659321901995,2,1.7787867386809373,3.489292716341045,z4c_spatial_or_other
109,0.07810611269906291,0.0043918862759842799,1.3957170865364181,0.00065878294139764192,2,1.7792294484361668,3.489292716341045,z4c_spatial_or_other
110,0.078764895640460547,0.0043907349259395918,1.3957170865364181,0.00065861023889093873,2,1.7796698020696706,3.489292716341045,z4c_spatial_or_other
111,0.079423505879351486,0.0043895898722480751,1.3957170865364181,0.00065843848083721121,2,1.7801078004554207,3.489292716341045,z4c_spatial_or_other
112,0.0800819443601887,0.004388451084597505,1.3957170865364181,0.00065826766268962575,2,1.7805434447009312,3.489292716341045,z4c_spatial_or_other
113,0.08074021202287833,0.0043873185349893647,1.3957170865364181,0.00065809778024840469,2,1.7809767361797082,3.489292716341045,z4c_spatial_or_other
114,0.081398309803126734,0.0043861921978704281,1.3957170865364181,0.00065792882968056417,2,1.7814076765477103,3.489292716341045,z4c_spatial_or_other
115,0.082056238632807296,0.0043850720501801251,1.3957170865364181,0.00065776080752701874,2,1.7818362677440083,3.489292716341045,z4c_spatial_or_other
116,0.082713999440334321,0.0043839580713142586,1.3957170865364181,0.00065759371069713877,2,1.7822625119768514,3.489292716341045,z4c_spatial_or_other
117,0.083371593151031459,0.0043828502430082522,1.3957170865364181,0.00065742753645123785,2,1.7826864116971919,3.489292716341045,z4c_spatial_or_other
118,0.084029020687482692,0.004381748549146379,1.3957170865364181,0.0006572622823719568,2,1.7831079695623924,3.489292716341045,z4c_spatial_or_other
119,0.084686282969854643,0.004380652975507199,1.3957170865364181,0.00065709794632607982,2,1.7835271883932515,3.489292716341045,z4c_spatial_or_other
120,0.085343380916180725,0.0043795635094592313,1.3957170865364181,0.00065693452641888469,2,1.7839440711276675,3.489292716341045,z4c_spatial_or_other
121,0.086000315442599604,0.0043784801396241418,1.3957170865364181,0.00065677202094362121,2,1.7843586207742281,3.489292716341045,z4c_spatial_or_other
122,0.086657087463543225,0.0043774028555269772,1.3957170865364181,0.00065661042832904656,2,1.7847708403687566,3.489292716341045,z4c_spatial_or_other
123,0.087313697891872266,0.0043763316472537322,1.3957170865364181,0.00065644974708805985,2,1.78518073293642,3.489292716341045,z4c_spatial_or_other
124,0.087970147638960328,0.0043752517441554431,1.3957170865364181,0.00065628776162331647,2,1.7856115389099858,3.489292716341045,z4c_spatial_or_other
125,0.088626435400583639,0.0043741566329176121,1.3957170865364181,0.00065612349493764175,2,1.7860585835466469,3.489292716341045,z4c_spatial_or_other
126,0.08928255889552128,0.0043730679208692841,1.3957170865364181,0.00065596018813039259,2,1.7865032378566446,3.489292716341045,z4c_spatial_or_other
127,0.089938519083651677,0.0043719855992316557,1.3957170865364181,0.00065579783988474829,2,1.7869455016898934,3.489292716341045,z4c_spatial_or_other
128,0.090594316923536422,0.0043709096606891883,1.3957170865364181,0.00065563644910337821,2,1.7873853743223225,3.489292716341045,z4c_spatial_or_other
129,0.091249953372639803,0.004369840098469328,1.3957170865364181,0.0006554760147703992,2,1.7878228548309056,3.489292716341045,z4c_spatial_or_other
130,0.091905429387410198,0.0043687769054035945,1.3957170865364181,0.00065531653581053914,2,1.7882579424774423,3.489292716341045,z4c_spatial_or_other
131,0.092560745923220736,0.0043677200730455855,1.3957170865364181,0.00065515801095683784,2,1.7886906370701523,3.489292716341045,z4c_spatial_or_other
132,0.093215903934177571,0.0043666695909183812,1.3957170865364181,0.00065500043863775718,2,1.7891209392732885,3.489292716341045,z4c_spatial_or_other
133,0.093870904372815325,0.0043656254459512548,1.3957170865364181,0.00065484381689268816,2,1.7895488508400159,3.489292716341045,z4c_spatial_or_other
134,0.09452574818970802,0.0043645876221456931,1.3957170865364181,0.0006546881433218539,2,1.7899743747518728,3.489292716341045,z4c_spatial_or_other
135,0.095180436333029875,0.0043635561004862567,1.3957170865364181,0.00065453341507293848,2,1.7903975152581186,3.489292716341045,z4c_spatial_or_other
136,0.095834969748102808,0.0043625308590866333,1.3957170865364181,0.00065437962886299495,2,1.7908182778185948,3.489292716341045,z4c_spatial_or_other
137,0.096489349376965808,0.004361511873538575,1.3957170865364181,0.00065422678103078621,2,1.7912366689630435,3.489292716341045,z4c_spatial_or_other
138,0.097143576157996597,0.0043604991174145801,1.3957170865364181,0.000654074867612187,2,1.7916526960868127,3.489292716341045,z4c_spatial_or_other
139,0.097797651025608778,0.004359492562865535,1.3957170865364181,0.0006539238844298302,2,1.7920663672069144,3.489292716341045,z4c_spatial_or_other
140,0.098451574910038614,0.004358492181253012,1.3957170865364181,0.00065377382718795178,2,1.7924776907031192,3.489292716341045,z4c_spatial_or_other
141,0.099105348737226567,0.0043574979437616436,1.3957170865364181,0.00065362469156424652,2,1.7928866750665176,3.489292716341045,z4c_spatial_or_other
142,0.099758973428790809,0.0043565098219481447,1.3957170865364181,0.00065347647329222166,2,1.7932933286734574,3.489292716341045,z4c_spatial_or_other
143,0.10041244990208303,0.0043555004667804407,1.3957170865364181,0.0006533250700170661,2,1.7937089112000377,3.489292716341045,z4c_spatial_or_other
144,0.10106577497210011,0.0043544852988672954,1.3957170865364181,0.00065317279483009425,2,1.7941270813412129,3.489292716341045,z4c_spatial_or_other
145,0.1017189477669302,0.0043534765754184336,1.3957170865364181,0.00065302148631276506,2,1.7945427900342161,3.489292716341045,z4c_spatial_or_other
146,0.10237196925324298,0.004352474270963743,1.3957170865364181,0.00065287114064456139,2,1.7949560442249606,3.489292716341045,z4c_spatial_or_other
147,0.10302484039388754,0.0043514783588174113,1.3957170865364181,0.00065272175382261163,2,1.7953668513987924,3.489292716341045,z4c_spatial_or_other
148,0.10367756214771015,0.0043504888118450682,1.3957170865364181,0.00065257332177676023,2,1.7957752192647685,3.489292716341045,z4c_spatial_or_other
149,0.10433013546948691,0.0043495056031067824,1.3957170865364181,0.0006524258404660173,2,1.7961811554903289,3.489292716341045,z4c_spatial_or_other
150,0.10498256130995293,0.0043485287063485638,1.3957170865364181,0.00065227930595228452,2,1.7965846674978292,3.489292716341045,z4c_spatial_or_other
151,0.10563484061590521,0.0043475580963372885,1.3957170865364181,0.00065213371445059325,2,1.7969857623252559,3.489292716341045,z4c_spatial_or_other
152,0.1062869743303558,0.0043465937490528104,1.3957170865364181,0.00065198906235792151,2,1.7973844465456346,3.489292716341045,z4c_spatial_or_other
153,0.10693896339271372,0.0043456356417644519,1.3957170865364181,0.00065184534626466773,2,1.7977807262340804,3.489292716341045,z4c_spatial_or_other
154,0.10759080873897839,0.0043446837530256325,1.3957170865364181,0.00065170256295384488,2,1.7981746069686624,3.489292716341045,z4c_spatial_or_other
155,0.10824251130193223,0.0043437380626203115,1.3957170865364181,0.00065156070939304672,2,1.7985660938512475,3.489292716341045,z4c_spatial_or_other
156,0.10889407201132528,0.004342776147781083,1.3957170865364181,0.00065141642216716238,2,1.7989644720674245,3.489292716341045,z4c_spatial_or_other
157,0.10954548843349245,0.0043418113691974835,1.3957170865364181,0.00065127170537962248,2,1.7993642136148396,3.489292716341045,z4c_spatial_or_other
158,0.11019676013887207,0.0043408526519711586,1.3957170865364181,0.00065112789779567378,2,1.7997616197482273,3.489292716341045,z4c_spatial_or_other
159,0.11084788803666774,0.0043398999852173048,1.3957170865364181,0.00065098499778259566,2,1.8001566917696645,3.489292716341045,z4c_spatial_or_other
160,0.11149887303445034,0.0043389533665033151,1.3957170865364181,0.00065084300497549724,2,1.8005494274984462,3.489292716341045,z4c_spatial_or_other
161,0.11214971603942583,0.0043380128012889992,1.3957170865364181,0.00065070192019334985,2,1.8009398214958217,3.489292716341045,z4c_spatial_or_other
162,0.11280041795961919,0.0043370783019545354,1.3957170865364181,0.00065056174529318027,2,1.8013278654616958,3.489292716341045,z4c_spatial_or_other
163,0.11345097970491237,0.0043361498864611684,1.3957170865364181,0.00065042248296917529,2,1.8017135487850862,3.489292716341045,z4c_spatial_or_other
164,0.11410140218788155,0.0043352275767138387,1.3957170865364181,0.00065028413650707582,2,1.8020968592200139,3.489292716341045,z4c_spatial_or_other
165,0.11475168632438862,0.0043343113967162098,1.3957170865364181,0.00065014670950743142,2,1.8024777836495456,3.489292716341045,z4c_spatial_or_other
166,0.11540183303389605,0.0043334013706244328,1.3957170865364181,0.00065001020559366494,2,1.8028563088939618,3.489292716341045,z4c_spatial_or_other
167,0.11605184323948971,0.0043324975208143771,1.3957170865364181,0.00064987462812215655,2,1.8032324225153831,3.489292716341045,z4c_spatial_or_other
168,0.11670171786761187,0.0043315998660767218,1.3957170865364181,0.00064973997991150825,2,1.8036061135711614,3.489292716341045,z4c_spatial_or_other
169,0.11735145784752338,0.0043307084200450005,1.3957170865364181,0.00064960626300675001,2,1.8039773732720663,3.489292716341045,z4c_spatial_or_other
170,0.11800106411053013,0.0043298231899441307,1.3957170865364181,0.00064947347849161961,2,1.8043461955084608,3.489292716341045,z4c_spatial_or_other
171,0.11865053758902175,0.0043289441757231395,1.3957170865364181,0.00064934162635847095,2,1.8047125772175017,3.489292716341045,z4c_spatial_or_other
172,0.11929987921538023,0.0043280571724399223,1.3957170865364181,0.00064920857586598833,2,1.8050824397025558,3.489292716341045,z4c_spatial_or_other
173,0.11994908779124622,0.0043271568103995942,1.3957170865364181,0.00064907352155993913,2,1.8054580275953878,3.489292716341045,z4c_spatial_or_other
174,0.12059816131280615,0.0043262625509504033,1.3957170865364181,0.0006489393826425605,2,1.8058312245251349,3.489292716341045,z4c_spatial_or_other
175,0.12124710069544871,0.0043253744071026891,1.3957170865364181,0.00064880616106540335,2,1.8062020219963175,3.489292716341045,z4c_spatial_or_other
176,0.12189590685651411,0.0043244923854918486,1.3957170865364181,0.00064867385782377729,2,1.8065704141854884,3.489292716341045,z4c_spatial_or_other
177,0.12254458071433788,0.0043236164858159827,1.3957170865364181,0.00064854247287239738,2,1.80693639818185,3.489292716341045,z4c_spatial_or_other
178,0.12319312318721028,0.0043227467006609378,1.3957170865364181,0.00064841200509914063,2,1.80729997406637,3.489292716341045,z4c_spatial_or_other
179,0.12384153519230942,0.0043218830157069291,1.3957170865364181,0.00064828245235603937,2,1.8076611448313604,3.489292716341045,z4c_spatial_or_other
180,0.12448981764466546,0.0043210254102870205,1.3957170865364181,0.00064815381154305308,2,1.8080199161525092,3.489292716341045,z4c_spatial_or_other
181,0.1251379714562085,0.0043201722701735525,1.3957170865364181,0.00064802584052603288,2,1.808376960784055,3.489292716341045,z4c_spatial_or_other
182,0.12578599729673454,0.0043192986912814098,1.3957170865364181,0.0006478948036922114,2,1.8087427053307721,3.489292716341045,z4c_spatial_or_other
183,0.12643389210042674,0.0043184311901714239,1.3957170865364181,0.00064776467852571359,2,1.809106051702511,3.489292716341045,z4c_spatial_or_other
184,0.12708165677895245,0.0043175697560327566,1.3957170865364181,0.00064763546340491343,2,1.8094670014500462,3.489292716341045,z4c_spatial_or_other
185,0.12772929224235735,0.0043167143728126455,1.3957170865364181,0.00064750715592189678,2,1.8098255583469616,3.489292716341045,z4c_spatial_or_other
186,0.12837679939827926,0.0043158650195102453,1.3957170865364181,0.00064737975292653677,2,1.8101817282706734,3.489292716341045,z4c_spatial_or_other
187,0.12902417915120579,0.0043150216706942445,1.3957170865364181,0.0006472532506041367,2,1.8105355189891885,3.489292716341045,z4c_spatial_or_other
188,0.12967143240180992,0.0043141842972156336,1.3957170865364181,0.00064712764458234502,2,1.8108869398653582,3.489292716341045,z4c_spatial_or_other
189,0.13031856004639228,0.0043133528670764275,1.3957170865364181,0.00064700293006146408,2,1.8112360014948834,3.489292716341045,z4c_spatial_or_other
190,0.13096556297645373,0.0043125273464076483,1.3957170865364181,0.00064687910196114726,2,1.8115827152975255,3.489292716341045,z4c_spatial_or_other
191,0.13161244207841488,0.0043117077005060712,1.3957170865364181,0.00064675615507591062,2,1.8119270930826401,3.489292716341045,z4c_spatial_or_other
192,0.1322591982334908,0.0043108918259684931,1.3957170865364181,0.0006466337738952739,2,1.8122700163660055,3.489292716341045,z4c_spatial_or_other
193,0.13290583200738607,0.0043100600740486146,1.3957170865364181,0.00064650901110729214,2,1.8126197467733671,3.489292716341045,z4c_spatial_or_other
194,0.13355234101849336,0.0043092342284616666,1.3957170865364181,0.00064638513426924999,2,1.8129671272914185,3.489292716341045,z4c_spatial_or_other
195,0.13419872615276263,0.004308414271828819,1.3957170865364181,0.00064626214077432285,2,1.813312162454559,3.489292716341045,z4c_spatial_or_other
196,0.13484498829353694,0.0043076001876173348,1.3957170865364181,0.00064614002814260025,2,1.8136548564692425,3.489292716341045,z4c_spatial_or_other
197,0.13549112832167953,0.0043067919604618159,1.3957170865364181,0.00064601879406927241,2,1.8139952130778725,3.489292716341045,z4c_spatial_or_other
198,0.13613714711574881,0.0043059748591171617,1.3957170865364181,0.00064589622886757428,2,1.8143394366222028,3.489292716341045,z4c_spatial_or_other
199,0.13678304334461638,0.0043051530922894174,1.3957170865364181,0.0006457729638434126,2,1.8146857573990307,3.489292716341045,z4c_spatial_or_other
200,0.13742881630845979,0.0043043372307089304,1.3957170865364181,0.00064565058460633957,2,1.815029720316145,3.489292716341045,z4c_spatial_or_other
201,0.13807446689306613,0.0043035272606671404,1.3957170865364181,0.00064552908910007101,2,1.8153713283993216,3.489292716341045,z4c_spatial_or_other
202,0.13871999598216619,0.0043027231703928791,1.3957170865364181,0.00064540847555893184,2,1.8157105838827752,3.489292716341045,z4c_spatial_or_other
203,0.13936540445772513,0.0043019249499636003,1.3957170865364181,0.00064528874249454007,2,1.8160474882450246,3.489292716341045,z4c_spatial_or_other
204,0.14001069320021967,0.0043011325910677816,1.3957170865364181,0.00064516988866016717,2,1.8163820423077217,3.489292716341045,z4c_spatial_or_other
205,0.14065586308887984,0.0043003460866479059,1.3957170865364181,0.00064505191299718588,2,1.8167142463851782,3.489292716341045,z4c_spatial_or_other
206,0.14130091500187703,0.0042995654304618562,1.3957170865364181,0.00064493481456927846,2,1.8170441004687272,3.489292716341045,z4c_spatial_or_other
207,0.14194584981644631,0.0042987906166048881,1.3957170865364181,0.00064481859249073314,2,1.8173716044281729,3.489292716341045,z4c_spatial_or_other
208,0.14259066840893705,0.0042980216390344087,1.3957170865364181,0.00064470324585516126,2,1.8176967582124952,3.489292716341045,z4c_spatial_or_other
209,0.14323537165479222,0.0042972584911363755,1.3957170865364181,0.00064458877367045634,2,1.8180195620333854,3.489292716341045,z4c_spatial_or_other
210,0.14387996042846268,0.0042965011653654855,1.3957170865364181,0.00064447517480482278,2,1.8183400165179342,3.489292716341045,z4c_spatial_or_other
211,0.1445244356032675,0.0042957376495382374,1.3957170865364181,0.00064436064743073561,2,1.818663204639555,3.489292716341045,z4c_spatial_or_other
212,0.14516879625069823,0.0042949676560189894,1.3957170865364181,0.00064424514840284838,2,1.8189892510718964,3.489292716341045,z4c_spatial_or_other
213,0.14581304139910109,0.0042942035272959291,1.3957170865364181,0.00064413052909438931,2,1.8193129297063269,3.489292716341045,z4c_spatial_or_other
214,0.14645717192819549,0.0042934452558337118,1.3957170865364181,0.00064401678837505672,2,1.8196342411457975,3.489292716341045,z4c_spatial_or_other
215,0.14710118871657055,0.0042926928321433246,1.3957170865364181,0.00064390392482149871,2,1.8199531868436181,3.489292716341045,z4c_spatial_or_other
216,0.14774509264139205,0.0042919462447217616,1.3957170865364181,0.00064379193670826423,2,1.8202697691304541,3.489292716341045,z4c_spatial_or_other
217,0.14838888457810032,0.0042912054801585772,1.3957170865364181,0.00064368082202378659,2,1.8205839911705408,3.489292716341045,z4c_spatial_or_other
218,0.14903256540012411,0.0042904705233941017,1.3957170865364181,0.00064357057850911528,2,1.8208958568534097,3.489292716341045,z4c_spatial_or_other
219,0.14967613597863322,0.0042897413581017936,1.388488081108064,0.00064346120371526906,2.010412772751474,1.8212053706326536,3.489292716341045,z4c_spatial_or_other
220,0.1503195971823485,0.0042890040448613246,1.3807971537069677,0.00064335060672919867,2.0216106077411813,1.8215184500374142,3.489292716341045,z4c_spatial_or_other
221,0.15096294778907771,0.0042882630001361416,1.3731170017922789,0.0006432394500204212,2.0329179301030287,1.8218332223914373,3.489292716341045,z4c_spatial_or_other
222,0.15160618723909813,0.0042875277896146135,1.3654497110742709,0.00064312916844219204,2.0443331969191809,1.8221456240875422,3.489292716341045,z4c_spatial_or_other
223,0.15224931640754033,0.004286798395347821,1.3577973294320256,0.0006430197593021731,2.0558548117343176,1.8224556602611381,3.489292716341045,z4c_spatial_or_other
224,0.1528923361668425,0.0042860747987688722,1.3501618772399699,0.00064291121981533078,2.0674811073611012,1.8227633363384266,3.489292716341045,z4c_spatial_or_other
225,0.15353524738665783,0.004285356981273615,1.3425453409822254,0.00064280354719104221,2.0792103535442483,1.8230686577896511,3.489292716341045,z4c_spatial_or_other
226,0.15417805093384887,0.004284644924787924,1.3349496673496171,0.00064269673871818862,2.0910407645667233,1.8233716298875555,3.489292716341045,z4c_spatial_or_other
227,0.15482074767256707,0.0042839386122757034,1.32737675781946,0.00064259079184135546,2.1029705067749171,1.8236722574906046,3.489292716341045,z4c_spatial_or_other
228,0.15546333846440843,0.0042832380281479978,1.3198284637163225,0.00064248570422219969,2.1149977059994773,1.8239705448678969,3.489292716341045,z4c_spatial_or_other
229,0.15610582416863064,0.0042825431585432764,1.3123065817499882,0.00064238147378149139,2.1271204548485922,1.8242664955786345,3.489292716341045,z4c_spatial_or_other
230,0.15674820564241213,0.0042818539914608036,1.3048128500248737,0.00064227809871912048,2.1393368198509259,1.8245601124139863,3.489292716341045,z4c_spatial_or_other
231,0.15739048374113124,0.0042811705167420397,1.2973489445131046,0.00064217557751130596,2.151644848426236,1.8248513974036458,3.489292716341045,z4c_spatial_or_other
232,0.15803265931864255,0.004280492725907986,1.2899164759813715,0.00064207390888619792,2.1640425756629758,1.8251403518838589,3.489292716341045,z4c_spatial_or_other
233,0.15867473322752876,0.0042798097999366454,1.2825169873596336,0.00064197146999049679,2.1765280308837607,1.8254315881317082,3.489292716341045,z4c_spatial_or_other
234,0.15931670469751927,0.0042791206906727143,1.2751519701039005,0.00064186810360090712,2.1890992121083324,1.8257255554929928,3.489292716341045,z4c_spatial_or_other
235,0.15995857280112016,0.0042784373027156767,1.2678228452613602,0.00064176559540735144,2.2017541200698156,1.8260171757200059,3.489292716341045,z4c_spatial_or_other
236,0.16060033839652751,0.0042777596284263959,1.2605309399718583,0.00064166394426395934,2.2144908026891872,1.826306449779153,3.489292716341045,z4c_spatial_or_other
237,0.16124200234079147,0.0042770876612279211,1.2532775070902091,0.00064156314918418817,2.2273073260157958,1.8265933782047123,3.489292716341045,z4c_spatial_or_other
238,0.16188356548997565,0.0042764213951882561,1.2460637245185373,0.0006414632092782384,2.2402017795289,1.82687796127633,3.489292716341045,z4c_spatial_or_other
239,0.16252502869925389,0.0042757608245659476,1.238890694870268,0.00064136412368489214,2.253172281163307,1.8271601992127526,3.489292716341045,z4c_spatial_or_other
240,0.16316639282293879,0.0042751059433577872,1.2317594454429233,0.00064126589150366811,2.266216982057788,1.8274400923650198,3.489292716341045,z4c_spatial_or_other
241,0.16380765871444247,0.004274456744886722,1.2246709284763211,0.0006411685117330083,2.2793340710273982,1.8277176413928222,3.489292716341045,z4c_spatial_or_other
242,0.16444882722617549,0.0042738132214634834,1.2176260216725092,0.00064107198321952251,2.2925217787630494,1.8279928474096401,3.489292716341045,z4c_spatial_or_other
243,0.16508989920939501,0.0042731753641482668,1.2106255289537633,0.00064097630462224,2.3057783817637039,1.8282657120853252,3.489292716341045,z4c_spatial_or_other
244,0.16573087551401725,0.0042725323782850646,1.2036701814353765,0.00064087985674275965,2.319102206008004,1.8285408531265079,3.489292716341045,z4c_spatial_or_other
245,0.16637175537076002,0.0042718837670323046,1.1967606559770165,0.00064078256505484569,2.3324915964871469,1.8288184852527896,3.489292716341045,z4c_spatial_or_other
246,0.16701253793581486,0.0042712408516540528,1.1898975594472541,0.00064068612774810789,2.3459449520759987,1.8290937625244388,3.489292716341045,z4c_spatial_or_other
247,0.16765322406356298,0.0042706036216995083,1.1830814113684771,0.0006405905432549262,2.359460765970423,1.8293666872532124,3.489292716341045,z4c_spatial_or_other
248,0.16829381460681792,0.0042699720651816842,1.1763126640405432,0.00064049580977725256,2.3730375931552716,1.8296372624319697,3.489292716341045,z4c_spatial_or_other
249,0.16893431041659518,0.0042693461686987037,1.1695917042728983,0.00064040192530480551,2.3866740528979649,1.8299054916835775,3.489292716341045,z4c_spatial_or_other
250,0.1695747123419,0.0042687259176743221,1.1629188552123237,0.00064030888765114825,2.4003688310335125,1.8301713791585825,3.489292716341045,z4c_spatial_or_other
251,0.17021502122955115,0.0042681112966954466,1.1562943782508883,0.000640216694504317,2.4141206820493264,1.83043492939108,3.489292716341045,z4c_spatial_or_other
252,0.17085523792405546,0.0042675022899168929,1.1497184750001186,0.00064012534348753395,2.42792843097746,1.8306961471254755,3.489292716341045,z4c_spatial_or_other
253,0.171495363267543,0.0042668988814985945,1.1429751902425254,0.00064003483222478913,2.4422526375927092,1.8309550371290122,3.489292716341045,z4c_spatial_or_other
254,0.1721353980997678,0.0042663010560384206,1.1362620778666581,0.00063994515840576306,2.4566816295706868,1.8312116040058575,3.489292716341045,z4c_spatial_or_other
255,0.17277534325817356,0.0042657087989648318,1.1296008165237683,0.00063985631984472477,2.4711686927273928,1.831465852028126,3.489292716341045,z4c_spatial_or_other
256,0.17341519957801829,0.0042651220968575694,1.122991507898822,0.00063976831452863543,2.4857126286696158,1.8317177849975375,3.489292716341045,z4c_spatial_or_other
257,0.17405496789254693,0.0042645409376711133,1.1164342014953823,0.00063968114065066702,2.5003123062101764,1.8319674061486311,3.489292716341045,z4c_spatial_or_other
258,0.17469464903319759,0.0042639484052444578,1.1099288967799035,0.00063959226078666865,2.5149666624333067,1.8322219824215014,3.489292716341045,z4c_spatial_or_other
259,0.17533424129398426,0.0042633571204365867,1.1034755708162018,0.00063950356806548802,2.5296746451832286,1.8324760932060895,3.489292716341045,z4c_spatial_or_other
260,0.17597374486204975,0.004262771399759448,1.0970741352156512,0.00063941570996391714,2.5444353152343036,1.8327278822507034,3.489292716341045,z4c_spatial_or_other
261,0.17661316057201368,0.0042621912310748591,1.0907244513449961,0.00063932868466122885,2.559247818851643,1.8329773528321505,3.489292716341045,z4c_spatial_or_other
262,0.17725248925667492,0.0042616166040188872,1.0844263390650442,0.00063924249060283303,2.5741113734654553,1.8332245074867779,3.489292716341045,z4c_spatial_or_other
263,0.17789173174727774,0.004261047509951571,1.0781795788102364,0.00063915712649273567,2.5890252680848995,1.8334693480309947,3.489292716341045,z4c_spatial_or_other
264,0.17853088887377047,0.0042604839417739633,1.0719839136369307,0.00063907259126609443,2.6039888636036612,1.833711875638959,3.489292716341045,z4c_spatial_or_other
265,0.17916996146503655,0.0042599258936297417,1.0658390512361586,0.00063898888404446128,2.6190015930034978,1.833952090970115,3.489292716341045,z4c_spatial_or_other
266,0.17980895034908101,0.0042593733605173672,1.0597446659072323,0.00063890600407760507,2.6340629614616926,1.8341899943354698,3.489292716341045,z4c_spatial_or_other
267,0.1804478563531586,0.0042588263378453431,1.053700400489167,0.00063882395067680145,2.6491725463679696,1.83442558588866,3.489292716341045,z4c_spatial_or_other
268,0.1810866803038354,0.0042582848209668477,1.0477058682474374,0.00063874272314502713,2.6643299972560439,1.8346588658262093,3.489292716341045,z4c_spatial_or_other
269,0.18172542302698041,0.0042577488047308189,1.0417606547141223,0.00063866232070962283,2.6795350356544763,1.8348898345810041,3.489292716341045,z4c_spatial_or_other
270,0.18236408534769002,0.004257212342505947,1.0358643194800101,0.00063858185137589203,2.6947874548609785,1.8351210537460023,3.489292716341045,z4c_spatial_or_other
271,0.18300266719906591,0.0042566666472453251,1.0300164060662522,0.00063849999708679871,2.7100870982566536,1.8353563122110605,3.489292716341045,z4c_spatial_or_other
272,0.1836411671961527,0.0042561264638726216,1.024216447143806,0.00063841896958089319,2.7254338483405576,1.8355892538238765,3.489292716341045,z4c_spatial_or_other
273,0.18427958616573359,0.0042555917875684102,1.0184639340209736,0.00063833876813526147,2.7408277110530959,1.8358198788761082,3.489292716341045,z4c_spatial_or_other
274,0.18491792493386885,0.0042550626126385341,1.0127583387499806,0.00063825939189578011,2.7562687625146842,1.8360481880560449,3.489292716341045,z4c_spatial_or_other
275,0.18555618432576462,0.0042545389321740259,1.0070991156735518,0.00063818083982610386,2.7717571484569463,1.8362741825958313,3.489292716341045,z4c_spatial_or_other
276,0.18619436516559074,0.0042540207378206369,1.0014857029243713,0.00063810311067309547,2.7872930835874703,1.836497864371577,3.489292716341045,z4c_spatial_or_other
277,0.18683246827626382,0.0042535080196726832,0.99591752387852006,0.00063802620295090248,2.8028768508880355,1.836719235949904,3.489292716341045,z4c_spatial_or_other
278,0.18747049447921471,0.0042530007662956075,0.99039398856410699,0.00063795011494434113,2.8185088008459274,1.8369383005789439,3.489292716341045,z4c_spatial_or_other
279,0.18810844459415904,0.0042524989648713039,0.98491449502634343,0.00063787484473069552,2.8341893506178666,1.8371550621262609,3.489292716341045,z4c_spatial_or_other
280,0.18874631943888973,0.0042520026014506154,0.97947843065036011,0.00063780039021759229,2.8499189831259097,1.8373695249703479,3.489292716341045,z4c_spatial_or_other
281,0.18938411982910733,0.0042515116612893951,0.97408517344302559,0.00063772674919340927,2.8656982460847482,1.8375816938558347,3.489292716341045,z4c_spatial_or_other
282,0.19002184657830073,0.0042510261292385259,0.96873409327496651,0.00063765391938577884,2.8815277509599455,1.8377915737251491,3.489292716341045,z4c_spatial_or_other
283,0.19065950049768651,0.0042505459901549291,0.96342455308392205,0.00063758189852323934,2.897408171856795,1.837999169540862,3.489292716341045,z4c_spatial_or_other
284,0.19129708239620974,0.004250069077996875,0.95815591004044876,0.00063751036169953121,2.9133402443397705,1.8382054165769359,3.489292716341045,z4c_spatial_or_other
285,0.19193459275790928,0.004249579682540504,0.95292751931390263,0.0006374369523810756,2.9293247560765567,1.8384171103080704,3.489292716341045,z4c_spatial_or_other
286,0.19257202971029036,0.0042490957013485162,0.94773875154716536,0.00063736435520227739,2.945362494164002,1.8386265099937811,3.489292716341045,z4c_spatial_or_other
287,0.19320939406549265,0.0042486171195924806,0.94258895262738318,0.00063729256793887206,2.9614543702129765,1.8388336204673958,3.489292716341045,z4c_spatial_or_other
288,0.19384668663343152,0.0042481439228259045,0.93747746700134138,0.00063722158842388567,2.9776013518507769,1.8390384464194549,3.489292716341045,z4c_spatial_or_other
289,0.19448390822185541,0.0042476760973381303,0.93240363866514164,0.0006371514146007195,2.9938044611978789,1.8392409922441639,3.489292716341045,z4c_spatial_or_other
290,0.19512105963645612,0.004247213630438171,0.92736681211947847,0.00063708204456572565,3.0100647732832586,1.8394412619159943,3.489292716341045,z4c_spatial_or_other
291,0.19575814168102185,0.0042467565106470559,0.92236633329079454,0.00063701347659705834,3.0263834144006863,1.8396392589057693,3.489292716341045,z4c_spatial_or_other
292,0.19639515515761891,0.0042463047277853366,0.91740155041861471,0.00063694570916780042,3.0427615604084073,1.839834986142084,3.489292716341045,z4c_spatial_or_other
293,0.19703210086678671,0.004245858272951355,0.9124718149093467,0.00063687874094270325,3.0592004349747097,1.8400284460200371,3.489292716341045,z4c_spatial_or_other
294,0.19766897960772942,0.0042454171383948993,0.90757648215684272,0.00063681257075923485,3.075701307771916,1.8402196404553399,3.489292716341045,z4c_spatial_or_other
295,0.19830579217848865,0.0042449813172992339,0.90271491233001788,0.00063674719759488501,3.0922654926213662,1.8404085709782378,3.489292716341045,z4c_spatial_or_other
296,0.19894253937608353,0.0042445508034915629,0.89788647112783482,0.00063668262052373446,3.1088943455919509,1.8405952388585964,3.489292716341045,z4c_spatial_or_other
297,0.19957922199660727,0.0042441255911072539,0.89309053050194664,0.00063661883866608811,3.1255892630548407,1.8407796452512117,3.489292716341045,z4c_spatial_or_other
298,0.20021584083527336,0.0042436968927405836,0.88832646934729276,0.00063655453391108755,3.1423516796970734,1.8409656008571997,3.489292716341045,z4c_spatial_or_other
299,0.20085239536918445,0.0042432628751955309,0.88359368392468873,0.00063648943127932959,3.1591830315875802,1.8411539020287537,3.489292716341045,z4c_spatial_or_other
300,0.20148888480046379,0.0042428341694591108,0.878891580495064,0.00063642512541886662,3.1760847811290569,1.8413399364594918,3.489292716341045,z4c_spatial_or_other
301,0.20212530992588265,0.0042424107697091066,0.87421956217900298,0.00063636161545636599,3.1930584647581579,1.8415237052907272,3.489292716341045,z4c_spatial_or_other
302,0.20276167154133901,0.0042419926701289124,0.86957704150095172,0.00063629890051933682,3.2101056488964135,1.8417052096798132,3.489292716341045,z4c_spatial_or_other
303,0.20339797044185834,0.0042415798645598253,0.86496344092099764,0.0006362369796839738,3.2272279278076388,1.8418844509510963,3.489292716341045,z4c_spatial_or_other
304,0.20403420742154232,0.0042411723461883762,0.86037819333575949,0.00063617585192825646,3.2444269214334782,1.8420614307318222,3.489292716341045,z4c_spatial_or_other
305,0.20467038327347059,0.0042407701072933344,0.85582074254839047,0.00063611551609400014,3.2617042732111634,1.8422361510622693,3.489292716341045,z4c_spatial_or_other
306,0.20530649878956458,0.0042403731390715073,0.85129054370761281,0.00063605597086072608,3.2790616478779917,1.8424086144717591,3.489292716341045,z4c_spatial_or_other
307,0.20594255476042531,0.004239981431554571,0.84678706371563517,0.00063599721473318568,3.2965007292674526,1.8425788240151753,3.489292716341045,z4c_spatial_or_other
308,0.20657855197515848,0.0042395949736214215,0.84230978160476455,0.00063593924604321323,3.3140232181022631,1.8427467832679869,3.489292716341045,z4c_spatial_or_other
309,0.2072144912212017,0.0042392137531026969,0.83785818888249675,0.00063588206296540453,3.3316308297898773,1.8429124962811796,3.489292716341045,z4c_spatial_or_other
310,0.20785037328416711,0.0042388377569667433,0.83343178984489541,0.00063582566354501149,3.3493252922261725,1.8430759675007053,3.489292716341045,z4c_spatial_or_other
311,0.20848619894771211,0.0042384669715699605,0.82903010185810966,0.00063577004573549408,3.3671083436130722,1.8432372016588325,3.489292716341045,z4c_spatial_or_other
312,0.20912196899344762,0.0042381013829497563,0.82465265560796686,0.0006357152074424634,3.3849817302957446,1.8433962036468392,3.489292716341045,z4c_spatial_or_other
313,0.20975768420089008,0.0042377285817289615,0.82029899531769246,0.00063565928725934425,3.4029472046247546,1.8435583707941385,3.489292716341045,z4c_spatial_or_other
314,0.21039334348814942,0.0042373545484151098,0.81596869156920404,0.00063560318226226647,3.4210064698739595,1.8437211025737972,3.489292716341045,z4c_spatial_or_other
315,0.21102894667041169,0.0042369857300632169,0.8116613224824949,0.00063554785950948255,3.4391612557502875,1.8438815935977757,3.489292716341045,z4c_spatial_or_other
316,0.21166449452992117,0.0042366221129452857,0.8073764735364185,0.00063549331694179279,3.4574133190257275,1.8440398486634852,3.489292716341045,z4c_spatial_or_other
317,0.21229998784686296,0.0042362636832148593,0.80311374431862759,0.00063543955248222892,3.4757644142189674,1.844195872640102,3.489292716341045,z4c_spatial_or_other
318,0.21293542739934521,0.0042359104272162336,0.79887274859082813,0.000635386564082435,3.4942162916394226,1.8443496703338553,3.489292716341045,z4c_spatial_or_other
319,0.21357081396342764,0.0042355623317704922,0.79465311432583174,0.0006353343497655738,3.5127706954763962,1.8445012463632722,3.489292716341045,z4c_spatial_or_other
320,0.21420614831319321,0.0042352193844156236,0.79045448371765969,0.00063528290766234354,3.5314293619338883,1.8446506050543048,3.489292716341045,z4c_spatial_or_other
321,0.21484143122085556,0.0042348815735823008,0.78627651316611291,0.00063523223603734506,3.5501940174106448,1.8447977503633897,3.489292716341045,z4c_spatial_or_other
322,0.2154766634568929,0.0042345488886926441,0.78211887323735607,0.00063518233330389661,3.5690663767241642,1.8449426858340032,3.489292716341045,z4c_spatial_or_other
323,0.21611184579019679,0.0042342213201758214,0.777981248602165,0.00063513319802637315,3.5880481413765892,1.8450854145894278,3.489292716341045,z4c_spatial_or_other
324,0.21674697898822318,0.0042338988594013086,0.77386333795352968,0.00063508482891019629,3.6071409978598332,1.8452259393614143,3.489292716341045,z4c_spatial_or_other
325,0.21738206381713338,0.0042335814985372706,0.76976485390530502,0.0006350372247805906,3.6263466159968809,1.8453642625515225,3.489292716341045,z4c_spatial_or_other
326,0.21801710104191396,0.0042332692303474343,0.76568552287356129,0.00063499038455211508,3.6456666473159762,1.8455003863193484,3.489292716341045,z4c_spatial_or_other
327,0.21865209142646608,0.0042329620479444651,0.76162508494218273,0.0006349443071916697,3.6651027234544702,1.845634312689802,3.489292716341045,z4c_spatial_or_other
328,0.21928703573365774,0.004232642296406154,0.75758329371413569,0.00063489634446092303,3.6846564545893328,1.8457737396409395,3.489292716341045,z4c_spatial_or_other
329,0.21992193207811866,0.0042323270278291992,0.75355993289072476,0.00063484905417437987,3.7043293455964936,1.8459112324330724,3.489292716341045,z4c_spatial_or_other
330,0.22055678113229304,0.0042320168515737385,0.74955478294900324,0.00063480252773606075,3.7241229548164387,1.8460465243882016,3.489292716341045,z4c_spatial_or_other
331,0.22119158366002911,0.00423171176053535,0.7455676367794799,0.00063475676408030249,3.744038817364161,1.8461796176334204,3.489292716341045,z4c_spatial_or_other
332,0.22182634042410942,0.0042314117478375801,0.74159830007941796,0.00063471176217563699,3.764078440813444,1.8463105142137253,3.489292716341045,z4c_spatial_or_other
333,0.22246105218628506,0.0042311168065662028,0.73764659114560405,0.00063466752098493044,3.7842433037446725,1.8464392162078591,3.489292716341045,z4c_spatial_or_other
334,0.22309571970726999,0.0042308269295128461,0.73371234065740043,0.00063462403942692687,3.8045348543159756,1.8465657258401638,3.489292716341045,z4c_spatial_or_other
335,0.22373034374669692,0.0042305421089488746,0.72979539145021954,0.00063458131634233118,3.8249545088600962,1.8466900455793132,3.489292716341045,z4c_spatial_or_other
336,0.22436492506303926,0.0042302623364474266,0.72589559827938199,0.00063453935046711393,3.8455036505104578,1.8468121782160998,3.489292716341045,z4c_spatial_or_other
337,0.22499946441350638,0.0042299876027672321,0.72201282757423746,0.00063449814041508477,3.8661836278605737,1.8469321269142986,3.489292716341045,z4c_spatial_or_other
338,0.22563396255392146,0.004229717897806475,0.71814695718235488,0.00063445768467097123,3.8869957536616333,1.8470498952309682,3.489292716341045,z4c_spatial_or_other
339,0.22626842023859242,0.0042294532106291506,0.71429787610359607,0.00063441798159437259,3.9079413035633737,1.8471654871050942,3.489292716341045,z4c_spatial_or_other
340,0.22690283822018678,0.0042291935295604597,0.71046548421391786,0.00063437902943406892,3.9290215149035284,1.84727890681606,3.489292716341045,z4c_spatial_or_other
341,0.22753721724962084,0.0042289388423422314,0.70664969197885485,0.00063434082635133464,3.9502375855508962,1.8473901589158439,3.489292716341045,z4c_spatial_or_other
342,0.22817155807597217,0.0042286891363348096,0.70285042015677179,0.0006343033704502214,3.9715906728066024,1.8474992481408639,3.489292716341045,z4c_spatial_or_other
343,0.2288058614464224,0.0042284340266955274,0.69906759949214492,0.00063426510400432909,3.9930818923674094,1.8476107113595857,3.489292716341045,z4c_spatial_or_other
344,0.22944012655042673,0.0042281764237597323,0.6953011796200208,0.00063422646356395978,4.0147122641131476,1.8477232776046404,3.489292716341045,z4c_spatial_or_other
345,0.23007435301399068,0.0042279238153617822,0.69155111677482672,0.00063418857230426728,4.0364827781512274,1.847833674678333,3.489292716341045,z4c_spatial_or_other
346,0.23070854158629495,0.0042276761892588175,0.6878173694796279,0.00063415142838882258,4.0583944182519138,1.8479419071519909,3.489292716341045,z4c_spatial_or_other
347,0.23134269301468377,0.0042274335329115197,0.68409990493155193,0.00063411502993672788,4.0804481230736833,1.8480479797441951,3.489292716341045,z4c_spatial_or_other
348,0.23197680804462051,0.0042271958337094283,0.68039869865736224,0.00063407937505641427,4.1026447854488879,1.8481518972222333,3.489292716341045,z4c_spatial_or_other
349,0.23261088741967692,0.0042269630792001233,0.67671373416509883,0.00063404446188001845,4.124985251728031,1.8482536643017888,3.489292716341045,z4c_spatial_or_other
350,0.23324493188155693,0.0042267352573037605,0.67304500259338584,0.00063401028859556407,4.1474703211774031,1.8483532855529738,3.489292716341045,z4c_spatial_or_other
351,0.23387894217015248,0.0042265123564960202,0.66939250236010428,0.00063397685347440298,4.1701007454235945,1.848450765320117,3.489292716341045,z4c_spatial_or_other
352,0.23451291902362689,0.0042262943659453871,0.66575623881218138,0.00063394415489180804,4.1928772279373812,1.8485461076614829,3.489292716341045,z4c_spatial_or_other
353,0.23514686317851871,0.0042260812755946977,0.66213622387822302,0.00063391219133920461,4.2158004235488313,1.8486393163133426,3.489292716341045,z4c_spatial_or_other
354,0.23578077536985792,0.0042258730761815045,0.65853247572565476,0.00063388096142722567,4.2388709379850695,1.8487303946808,3.489292716341045,z4c_spatial_or_other
355,0.23641465633128514,0.0042256697591968448,0.65494501842390385,0.00063385046387952673,4.2620893274221689,1.8488193458555759,3.489292716341045,z4c_spatial_or_other
356,0.23704850679516468,0.0042254713167869081,0.6513738816149599,0.00063382069751803617,4.2854560980431033,1.8489061726587948,3.489292716341045,z4c_spatial_or_other
357,0.2376823274926827,0.0042252777416065378,0.64781910019243594,0.00063379166124098068,4.3089717055944092,1.8489908777048882,3.489292716341045,z4c_spatial_or_other
358,0.23831611915392367,0.0042250848433243518,0.64428071398996511,0.00063376272649865275,4.3326365549354531,1.8490752942733861,3.489292716341045,z4c_spatial_or_other
359,0.23894988188042232,0.0042248835832529421,0.6407587709591519,0.00063373253748794133,4.3564509759177206,1.8491633783633818,3.489292716341045,z4c_spatial_or_other
360,0.23958361441791026,0.0042246871958227482,0.63725333081109126,0.00063370307937341225,4.3804151945662175,1.8492493379686856,3.489292716341045,z4c_spatial_or_other
361,0.24021731749728367,0.0042244956731558496,0.63376444620454631,0.0006336743509733774,4.4045294585236263,1.8493331759442382,3.489292716341045,z4c_spatial_or_other
362,0.24085099184825706,0.0042243090078016004,0.63029217359057343,0.00063364635117023999,4.4287939626013859,1.849414894973735,3.489292716341045,z4c_spatial_or_other
363,0.24148463819942731,0.0042241271925604878,0.62683657294851114,0.00063361907888407319,4.4532088482688561,1.8494944976465995,3.489292716341045,z4c_spatial_or_other
364,0.24211825727831138,0.0042239502202929312,0.62339770753000134,0.0006335925330439397,4.4777742031374039,1.849571986541594,3.489292716341045,z4c_spatial_or_other
365,0.24275184981135531,0.0042237780837286101,0.61997564360994994,0.00063356671255929153,4.5024900604466858,1.8496473643102449,3.489292716341045,z4c_spatial_or_other
366,0.2433854165239146,0.0042236107752915914,0.61657045024318058,0.00063354161629373864,4.5273563985621941,1.8497206337533878,3.489292716341045,z4c_spatial_or_other
367,0.24401895814020833,0.0042234482869548985,0.61318219902543791,0.00063351724304323473,4.5523731404946304,1.8497917978848519,3.489292716341045,z4c_spatial_or_other
368,0.24465247538325155,0.0042232906101355577,0.60981096385736488,0.00063349359152033364,4.5775401534527909,1.8498608599774378,3.489292716341045,z4c_spatial_or_other
369,0.2452859689747719,0.004223137735637642,0.60645682071010976,0.00063347066034564624,4.6028572484423584,1.849927823587882,3.489292716341045,z4c_spatial_or_other
370,0.24591943963511753,0.0042229896536468978,0.6031198473913213,0.00063344844804703469,4.6283241799231893,1.8499926925592314,3.489292716341045,z4c_spatial_or_other
371,0.24655288808316456,0.0042228463537762675,0.59980012331043819,0.00063342695306644009,4.6539406455374728,1.8500554710009032,3.489292716341045,z4c_spatial_or_other
372,0.24718631503623101,0.0042227078251576601,0.59649772924240185,0.00063340617377364899,4.6797062859202718,1.8501161632484744,3.489292716341045,z4c_spatial_or_other
373,0.24781972121000465,0.0042225740565716673,0.59321274708917382,0.00063338610848575011,4.7056206846027502,1.8501747738068128,3.489292716341045,z4c_spatial_or_other
374,0.24845310731849041,0.0042224368087560556,0.58994525963872546,0.00063336552131340834,4.7316833680166752,1.8502349126455226,3.489292716341045,z4c_spatial_or_other
375,0.24908647283980381,0.0042222955066623059,0.58669535663832462,0.00063334432599934589,4.7578937543793263,1.8502968320603701,3.489292716341045,z4c_spatial_or_other
376,0.24971981716580316,0.0042221589747296175,0.58346312852496074,0.00063332384620944256,4.7842512004653912,1.8503566650993535,3.489292716341045,z4c_spatial_or_other
377,0.25035314101201261,0.0042220272020221921,0.58024865902677258,0.00063330408030332877,4.8107550610367547,1.8504144161501628,3.489292716341045,z4c_spatial_or_other
378,0.25098644509231594,0.0042219001773239504,0.57705203177161302,0.0006332850265985925,4.8374046349041127,1.8504700897385855,3.489292716341045,z4c_spatial_or_other
379,0.25161973011891453,0.0042217778892897333,0.57387333003995944,0.00063326668339345994,4.8641991654821553,1.8505236904621634,3.489292716341045,z4c_spatial_or_other
380,0.252252996802308,0.0042216603266064384,0.570712636519634,0.0006332490489909657,4.8911378414464171,1.8505752229194719,3.489292716341045,z4c_spatial_or_other
381,0.25288624585129899,0.0042215474781510274,0.56757003306384357,0.00063323212172265405,4.9182197974832818,1.8506246916407425,3.489292716341045,z4c_spatial_or_other
382,0.25351947797302166,0.0042214393331328403,0.56444560045417691,0.00063321589996992607,4.9454441151223953,1.8506721010253484,3.489292716341045,z4c_spatial_or_other
383,0.25415269387299161,0.0042213358812091028,0.5613394181702368,0.00063320038218136543,4.972809823639146,1.8507174552910233,3.489292716341045,z4c_spatial_or_other
384,0.25478589425517295,0.004221237112564836,0.55825156416757671,0.00063318556688472534,5.0003159010135789,1.8507607584386803,3.489292716341045,z4c_spatial_or_other
385,0.25541907982205769,0.0042211430179513532,0.55518211466553469,0.00063317145269270296,5.0279612749314069,1.850802014235386,3.489292716341045,z4c_spatial_or_other
386,0.2560522512747504,0.0042210535886809163,0.55213114394641183,0.00063315803830213738,5.0557448238126632,1.8508412262165603,3.489292716341045,z4c_spatial_or_other
387,0.25668540931305256,0.0042209688165786305,0.54909872416725369,0.00063314532248679454,5.0836653778539365,1.8508783977069367,3.489292716341045,z4c_spatial_or_other
388,0.25731855463553938,0.0042208886938960117,0.54608492518523988,0.00063313330408440178,5.1117217200711806,1.8509135318583392,3.489292716341045,z4c_spatial_or_other
389,0.25795168793962375,0.0042208132131936159,0.54308981439741377,0.0006331219819790424,5.1399125873315752,1.8509466317010477,3.489292716341045,z4c_spatial_or_other
390,0.25858480992160282,0.0042207329235507381,0.54011345659516163,0.00063310993853261065,5.1682366713650252,1.8509818416626203,3.489292716341045,z4c_spatial_or_other
391,0.25921791986013543,0.0042206500978167133,0.53715592043103189,0.00063309751467250698,5.1966925559209995,1.8510181651971822,3.489292716341045,z4c_spatial_or_other
392,0.25985101737480792,0.004220571917818129,0.53421726995364438,0.00063308578767271929,5.2252787958634457,1.851052452635082,3.489292716341045,z4c_spatial_or_other
393,0.26048410316248066,0.0042204983757600754,0.53129756116986415,0.00063307475636401132,5.2539939519511005,1.8510847071687442,3.489292716341045,z4c_spatial_or_other
394,0.2611171779188447,0.0042204294641200162,0.52839684704272016,0.00063306441961800237,5.2828365435858711,1.8511149318850071,3.489292716341045,z4c_spatial_or_other
395,0.26175024233846272,0.0042203651755174168,0.5255151774144915,0.00063305477632761252,5.3118050496782097,1.8511431298222167,3.489292716341045,z4c_spatial_or_other
396,0.26238329711479036,0.0042203055025756345,0.5226525989407026,0.00063304582538634515,5.3408979094917646,1.8511693040307304,3.489292716341045,z4c_spatial_or_other
397,0.26301634294017673,0.0042202504377869422,0.51980915503361569,0.0006330375656680413,5.3701135234763537,1.8511934576320541,3.489292716341045,z4c_spatial_or_other
398,0.26364938050584474,0.0042201999733911776,0.51698488581369983,0.00063302999600867659,5.3994502541003779,1.8512155938720123,3.489292716341045,z4c_spatial_or_other
399,0.26428241050185342,0.0042201541012772638,0.5141798280675195,0.00063302311519158958,5.4289064266952911,1.8512357161638915,3.489292716341045,z4c_spatial_or_other
400,0.264915433617045,0.0042201128129148984,0.51139401521050798,0.0006330169219372347,5.4584803303256937,1.851253828118349,3.489292716341045,z4c_spatial_or_other
401,0.26554845053898224,0.0042200760993212289,0.50862747725316881,0.00063301141489818433,5.4881702186989845,1.8512699335579728,3.489292716341045,z4c_spatial_or_other
402,0.26618146195388043,0.0042200439510645393,0.50588024076939531,0.00063300659265968086,5.5179743111281292,1.8512840365155998,3.489292716341045,z4c_spatial_or_other
403,0.26681446854654012,0.0042200163583040124,0.50315232886577077,0.00063300245374560188,5.5478907935603043,1.8512961412168021,3.489292716341045,z4c_spatial_or_other
404,0.26744747100028571,0.0042199933108618623,0.50044376115095723,0.00063299899662927928,5.5779178196824581,1.8513062520481647,3.489292716341045,z4c_spatial_or_other
405,0.26808046999691498,0.004219974798321654,0.49775455370452831,0.00063299621974824806,5.6080535121128339,1.851314373514066,3.489292716341045,z4c_spatial_or_other
406,0.26871346621666325,0.0042199549548175069,0.4950847190448876,0.00063299324322262606,5.6382959636848469,1.8513230789540156,3.489292716341045,z4c_spatial_or_other
407,0.26934645945988589,0.0042199291526054897,0.4924342697610215,0.0006329893728908234,5.668643196639259,1.8513343986299788,3.489292716341045,z4c_spatial_or_other
408,0.26997944883277669,0.0042199078913689857,0.4898032175749048,0.0006329861837053478,5.6990931723431295,1.8513437262407964,3.489292716341045,z4c_spatial_or_other
409,0.27061243501648202,0.0042198911610107324,0.48719156387213886,0.0006329836741516098,5.729643902055404,1.8513510661561186,3.489292716341045,z4c_spatial_or_other
410,0.27124541869063362,0.0042198789512376293,0.48459930634306986,0.00063298184268564437,5.7602933733806321,1.851356422844477,3.489292716341045,z4c_spatial_or_other
411,0.27187840053331924,0.0042198712516654064,0.4820264389508731,0.00063298068774981099,5.7910395519971303,1.8513598008272727,3.489292716341045,z4c_spatial_or_other
412,0.27251138122106905,0.0042198680519303861,0.47947295190201278,0.00063298020778955791,5.8218803834492547,1.8513612046296468,3.489292716341045,z4c_spatial_or_other
413,0.27314436142885862,0.0042198693417994405,0.47693883162023293,0.00063298040126991606,5.852813794989002,1.8513606387321431,3.489292716341045,z4c_spatial_or_other
414,0.27377734183012853,0.0042198751112695427,0.47442406072529053,0.00063298126669043137,5.8838376974501347,1.8513581075269363,3.489292716341045,z4c_spatial_or_other
415,0.27441032309681895,0.0042198853506492289,0.47192861801763197,0.00063298280259738431,5.9149499871367075,1.8513536152819998,3.489292716341045,z4c_spatial_or_other
416,0.27504330589941633,0.0042199000506158331,0.46945247847016375,0.00063298500759237494,5.9461485477070433,1.851347166115908,3.489292716341045,z4c_spatial_or_other
417,0.27567629090700874,0.0042199192022443401,0.46698032318612481,0.00063298788033665102,5.9776269672935483,1.851338763985094,3.489292716341045,z4c_spatial_or_other
418,0.2763092787873454,0.0042199427970059673,0.46452101154372855,0.00063299141955089507,6.0092742926657889,1.8513284126843943,3.489292716341045,z4c_spatial_or_other
419,0.27694227020689632,0.0042199708267370148,0.4620811206850628,0.00063299562401055224,6.0410045944624802,1.8513161158606439,3.489292716341045,z4c_spatial_or_other
420,0.27757526583090686,0.0042200032835807708,0.45966057820271211,0.00063300049253711558,6.0728161287779674,1.8513018770380936,3.489292716341045,z4c_spatial_or_other
421,0.27820826632344398,0.0042200401599073916,0.45725930919600472,0.00063300602398610876,6.1047071474192443,1.8512856996534945,3.489292716341045,z4c_spatial_or_other
422,0.27884127234743006,0.0042200785667299342,0.45487723634177474,0.00063301178500949008,6.1366758985834924,1.8512688511516908,3.489292716341045,z4c_spatial_or_other
423,0.27947428413243952,0.0042201081579101201,0.45251428156324303,0.00063301622368651801,6.168720605744479,1.851255870150234,3.489292716341045,z4c_spatial_or_other
424,0.28010730035612602,0.0042201421700897848,0.45017037014414996,0.00063302132551346774,6.2008394114854459,1.8512409499781819,3.489292716341045,z4c_spatial_or_other
425,0.28074032168163948,0.0042201805954046089,0.44784541760134361,0.00063302708931069131,6.2330305577842795,1.8512240941790736,3.489292716341045,z4c_spatial_or_other
426,0.28137334877095016,0.0042202234261919918,0.44553933723219047,0.00063303351392879879,6.2652922869032661,1.8512053062198666,3.489292716341045,z4c_spatial_or_other
427,0.28200638228487895,0.0042202706549069212,0.44325204014962744,0.00063304059823603815,6.2976228425943379,1.8511845895277792,3.489292716341045,z4c_spatial_or_other
428,0.282639422883115,0.0042203222740309822,0.44098343531433437,0.00063304834110464734,6.3300204713655361,1.8511619475301346,3.489292716341045,z4c_spatial_or_other
429,0.28327247122421967,0.004220378275981743,0.43873342956578321,0.00063305674139726141,6.3624834237854486,1.8511373836940386,3.489292716341045,z4c_spatial_or_other
430,0.28390552796561691,0.0042204386530295011,0.43650192765390944,0.00063306579795442512,6.395009955800445,1.8511109015628167,3.489292716341045,z4c_spatial_or_other
431,0.28453859376357132,0.0042205033972278283,0.43428883227308451,0.00063307550958417421,6.4275983300384727,1.8510825047864004,3.489292716341045,z4c_spatial_or_other
432,0.28517166927315551,0.0042205725003631317,0.43209404409992319,0.00063308587505446978,6.4602468170732479,1.8510521971433556,3.489292716341045,z4c_spatial_or_other
433,0.28580475514820997,0.0042206459539269386,0.429917461836264,0.00063309689308904075,6.4929536966236707,1.851019982552945,3.489292716341045,z4c_spatial_or_other
434,0.28643785204129901,0.0042207237491127935,0.42775898225841597,0.00063310856236691905,6.5257172586652707,1.850985865076388,3.489292716341045,z4c_spatial_or_other
435,0.28707096060366594,0.0042208058768377129,0.42561850027347159,0.00063312088152565687,6.5585358044334612,1.8509498489073455,3.489292716341045,z4c_spatial_or_other
436,0.28770408148519161,0.0042208923277862551,0.42348950630587762,0.00063313384916793825,6.5915073018518706,1.8509119383524872,3.489292716341045,z4c_spatial_or_other
437,0.28833721533435952,0.0042209830924735525,0.42129479596613417,0.00063314746387103287,6.6258453695621391,1.850872137803748,3.489292716341045,z4c_spatial_or_other
438,0.28897036279823057,0.004221077832776662,0.41907381605122884,0.00063316167491649924,6.6609605901305056,1.8508305957629947,3.489292716341045,z4c_spatial_or_other
439,0.28960352447314708,0.0042211612960383772,0.41687381977272908,0.0006331741944057566,6.6961129259560312,1.8507940000615821,3.489292716341045,z4c_spatial_or_other
440,0.29023669866755286,0.0042212490806671134,0.41469469448522328,0.00063318736210006695,6.731299460047234,1.8507555111543752,3.489292716341045,z4c_spatial_or_other
441,0.29086988602965291,0.0042213411775894388,0.41253631792594719,0.00063320117663841582,6.7665173992606293,1.8507151332556497,3.489292716341045,z4c_spatial_or_other
442,0.29150308720629131,0.0042214375775801475,0.41039856648910827,0.00063321563663702209,6.8017639460904871,1.8506728706570987,3.489292716341045,z4c_spatial_or_other
443,0.29213630284292835,0.0042215382713283239,0.4082813152469752,0.00063323074069924861,6.8370363002878491,1.8506287276987698,3.489292716341045,z4c_spatial_or_other
444,0.29276953358362762,0.0042216432495105266,0.4061844379716717,0.00063324648742657899,6.8723316604943827,1.8505827087368907,3.489292716341045,z4c_spatial_or_other
445,0.29340278007105419,0.0042217525028653601,0.40410780715866673,0.00063326287542980395,6.907647225872136,1.8505348181110928,3.489292716341045,z4c_spatial_or_other
446,0.294036042946484,0.004221866022263601,0.4020512940528142,0.00063327990333954015,6.9429801977111616,1.850485060113594,3.489292716341045,z4c_spatial_or_other
447,0.29466932284982356,0.0042219837987685091,0.40001476867765268,0.00063329756981527635,6.9783277809982103,1.8504334389626962,3.489292716341045,z4c_spatial_or_other
448,0.29530262041963884,0.004222105823681723,0.3979980998684905,0.00063331587355225838,7.0136871859317989,1.8503799587826091,3.489292716341045,z4c_spatial_or_other
449,0.29593593629319109,0.0042222320885713337,0.3960011553096196,0.00063333481328570001,7.0490556293713595,1.850324623591096,3.489292716341045,z4c_spatial_or_other
450,0.2965692711064768,0.0042223625852801042,0.39402380157579486,0.00037360147861581483,7.0844303362112324,1.8502674372958268,3.489292716341045,z4c_spatial_or_other
451,0.29694287258509261,0.0084459109432831799,0.39286662905836939,0.00074720295723162966,7.1052972347470735,1.8500076670150269,3.489292716341045,z4c_spatial_or_other
452,0.29769007554232424,0.008446269473257207,0.39067976555299883,0.0012669404209885811,7.1450697456051273,1.8499291372921824,3.489292716341045,z4c_spatial_or_other
453,0.29895701596331281,0.0084466168944402238,0.38751832090274413,0.0012669925341660334,7.2033605187234624,1.849853047115795,3.489292716341045,z4c_spatial_or_other
454,0.30022400849747882,0.0084468265118876652,0.38503541280301051,0.0012670239767831497,7.2498115244817054,1.8498071409434198,3.489292716341045,z4c_spatial_or_other
455,0.30149103247426196,0.0084469145231992407,0.38322259509681272,0.001267037178479886,7.2841064404556892,1.8497878671657357,3.489292716341045,z4c_spatial_or_other
456,0.30275806965274182,0.0084469059834192083,0.36187230392524594,0.0012670358975128812,7.7138652027082983,1.84978973729209,3.489292716341045,z4c_spatial_or_other
457,0.30402510555025469,0.0084463043171633043,0.30858349999570134,0.0012669456475744956,9.0459605685712994,1.8499215056991536,3.489292716341045,z4c_spatial_or_other
458,0.30529205119782921,0.0084454623261362178,0.27164099926454316,0.0012668193489204327,10.276188721991634,1.8501059381492033,3.489292716341045,z4c_spatial_or_other
459,0.30655887054674963,0.0084442079007555695,0.24493591541486628,0.0012666311851133353,11.396589872680678,1.8503807797770953,3.489292716341045,z4c_spatial_or_other
460,0.30782550173186296,0.0084424209074278837,0.2251004632962981,0.0012663631361141826,12.400837084899695,1.8507724468289275,3.489292716341045,z4c_spatial_or_other
461,0.30909186486797713,0.0084401044561379056,0.21013116080217964,0.0012660156684206859,13.284246669634737,1.8512804054974716,3.489292716341045,z4c_spatial_or_other
462,0.31035788053639779,0.0084375484857115643,0.19876649490987833,0.0012656322728567346,14.043786274635902,1.851841210330218,3.489292716341045,z4c_spatial_or_other
463,0.31162351280925454,0.0084343964304178995,0.19017711047123284,0.0012651594645626848,14.678076484367885,1.8525332700333874,3.489292716341045,z4c_spatial_or_other
464,0.31288867227381723,0.0084312007258807563,0.18380048036000032,0.0012646801088821134,15.187306189871762,1.8532354415471175,3.489292716341045,z4c_spatial_or_other
465,0.31415335238269931,0.0084282245679678965,0.1792454586453493,0.0012642336851951845,15.573249075146165,1.853889852363924,3.489292716341045,z4c_spatial_or_other
466,0.3154175860678945,0.0084253475602234628,0.17623634937833199,0.0012638021340335194,15.839151133801455,1.8545229010808408,3.489292716341045,z4c_spatial_or_other
467,0.31668138820192804,0.0084231528389099621,0.17457789707692192,0.0012634729258364944,15.989619647227643,1.8550061121794896,3.489292716341045,z4c_spatial_or_other
468,0.31794486112776454,0.0084215255757220994,0.17413251334062818,0.0012632288363583148,16.03051675715718,1.8553645487991342,3.489292716341045,z4c_spatial_or_other
469,0.31920808996412287,0.0084207097609128034,0.1748055599800695,0.0012631064641369205,15.968795119509371,1.855544300140592,3.489292716341045,z4c_spatial_or_other
470,0.32047119642825977,0.0084210830860972762,0.17653517717149994,0.0012631624629145914,15.812339601647896,1.8554620397696797,3.489292716341045,z4c_spatial_or_other
471,0.32173435889117435,0.0084225749559084621,0.17928542723340415,0.0012633862433862693,15.569777288361454,1.8551333863807309,3.489292716341045,z4c_spatial_or_other
472,0.32299774513456064,0.0084250958427947303,0.18304127998163422,0.0012637643764192095,15.250298584848839,1.8545783088465084,3.489292716341045,z4c_spatial_or_other
473,0.32426150951097987,0.0084285457731754828,0.18780488663028946,0.0012642818659763225,14.863479982648276,1.8538192020891437,3.489292716341045,z4c_spatial_or_other
474,0.3255257913769562,0.0084328224703205772,0.19359269681142321,0.0012649233705480866,14.419108876777234,1.8528790396089068,3.489292716341045,z4c_spatial_or_other
475,0.32679071474750426,0.0084378286850584714,0.20043305122673963,0.0012656743027587706,13.927015310040009,1.8517797152801192,3.489292716341045,z4c_spatial_or_other
476,0.32805638905026302,0.0084351498926490184,0.20836395494256479,0.0012652724838973528,13.396914902302996,1.8523677941534533,3.489292716341045,z4c_spatial_or_other
477,0.32932166153416037,0.0084312925494988075,0.21742126148541346,0.001264693882424821,12.83882796926974,1.8532152583092159,3.489292716341045,z4c_spatial_or_other
478,0.33058635541658521,0.0084276755042525919,0.22764925436505598,0.0012641513256378886,12.261995677774202,1.8540106334321547,3.489292716341045,z4c_spatial_or_other
479,0.33185050674222311,0.008424799093693168,0.23909452091707287,0.0012637198640539752,11.675023594710531,1.8546436331872798,3.489292716341045,z4c_spatial_or_other
480,0.3331142266062771,0.0084228159250910421,0.25180150710282201,0.0012634223887636562,11.085851729763343,1.8550803126842772,3.489292716341045,z4c_spatial_or_other
481,0.33437764899504074,0.0084215670696868271,0.26580730060993768,0.001263235060453024,10.501721234395898,1.8553554072188903,3.489292716341045,z4c_spatial_or_other
482,0.33564088405549375,0.0084210618653206577,0.28113496226671059,0.0012631592797980986,9.9291605375806089,1.8554667154680771,3.489292716341045,z4c_spatial_or_other
483,0.33690404333529184,0.0084212442676001743,0.28986809246631595,0.0012631866401400262,9.6300153263581922,1.8554265264713312,3.489292716341045,z4c_spatial_or_other
484,0.33816722997543186,0.008422045660887837,0.29468200387230109,0.0012633068491331755,9.4726998472648152,1.8552499747849671,3.489292716341045,z4c_spatial_or_other
485,0.33943053682456503,0.0084233903652761559,0.29519108037982261,0.0012635085547914233,9.4563635509619584,1.854953803923314,3.489292716341045,z4c_spatial_or_other
486,0.34069404537935644,0.0084252011256566901,0.29559996551113854,0.0012637801688485035,9.4432831487175939,1.8545551336950585,3.489292716341045,z4c_spatial_or_other
487,0.34195782554820492,0.0084274042457901412,0.29606784783985468,0.0012641106368685212,9.4283597271350583,1.8540703097048388,3.489292716341045,z4c_spatial_or_other
488,0.34322193618507346,0.0084297733447455652,0.29656337290688289,0.0012644660017118348,9.4126059658395871,1.8535492427847249,3.489292716341045,z4c_spatial_or_other
489,0.34448640218678528,0.0084316502060851044,0.28596782574289403,0.0012647475309127657,9.7613574737688822,1.8531366479984512,3.489292716341045,z4c_spatial_or_other
490,0.34575114971769805,0.0084335488321184097,0.27345653421292032,0.0012650323248177614,10.20796296240394,1.8527194554792401,3.489292716341045,z4c_spatial_or_other
491,0.34701618204251583,0.0084336448140489035,0.26280643252584757,0.0012650467221073354,10.621635651168061,1.8526983699825275,3.489292716341045,z4c_spatial_or_other
492,0.34828122876462314,0.0084333831651691085,0.25378879267889093,0.0012650074747753662,10.999044298243419,1.8527558506452235,3.489292716341045,z4c_spatial_or_other
493,0.34954623623939851,0.0084339495003563705,0.24621568978147162,0.0012650924250534555,11.337352934536257,1.8526314390831693,3.489292716341045,z4c_spatial_or_other
494,0.35081132866445197,0.0084346659922417168,0.23993320843039201,0.0012651998988362574,11.634213501890759,1.8524740652886575,3.489292716341045,z4c_spatial_or_other
495,0.35207652856328825,0.0084357625062790563,0.23481685771328348,0.0012653643759418583,11.887707723613431,1.8522332733252889,3.489292716341045,z4c_spatial_or_other
496,0.35334189293923013,0.0084373080670079332,0.23076571551209304,0.0012655962100511899,12.09639901177848,1.8518939780210006,3.489292716341045,z4c_spatial_or_other
497,0.35460748914928131,0.0084392432547523242,0.22769874146749314,0.0012658864882128485,12.259330706363823,1.8514693235322039,3.489292716341045,z4c_spatial_or_other
498,0.35587337563749416,0.0084415096716903872,0.22555180004188691,0.001266226450753558,12.376022592390941,1.8509722321826281,3.489292716341045,z4c_spatial_or_other
499,0.35713960208824774,0.0084440531825059166,0.22427524355101877,0.0012666079773758874,12.446465908921565,1.850414683835875,3.489292716341045,z4c_spatial_or_other
500,0.35840621006562362,0.0084464215484215174,0.22383201151004045,0.0012669632322632276,12.471112394697041,1.8498958298997079,3.489292716341045,z4c_spatial_or_other
501,0.35967317329788684,0.0084484931197092977,0.22419609919693598,0.0012672739679563947,12.450859685211624,1.8494422352725592,3.489292716341045,z4c_spatial_or_other
502,0.36094044726584323,0.008450580318173315,0.22535125271595963,0.0012675870477259971,12.387036412845038,1.8489854438041142,3.489292716341045,z4c_spatial_or_other
503,0.36220803431356924,0.0084526555395236531,0.22729012633843015,0.001267898330928548,12.281370150309346,1.8485314972246631,3.489292716341045,z4c_spatial_or_other
504,0.36347593264449779,0.0084547038352467668,0.23001358199571059,0.001268205575287015,12.135953663487978,1.8480836590468168,3.489292716341045,z4c_spatial_or_other
505,0.3647441382197848,0.0084567233145144954,0.23353010450023545,0.0012685084971771742,11.953209112146917,1.8476423336663272,3.489292716341045,z4c_spatial_or_other
506,0.36601264671696199,0.0084587248506198913,0.23785532748694146,0.0012688087275929837,11.735848856385566,1.847205137409681,3.489292716341045,z4c_spatial_or_other
507,0.36728145544455498,0.0084607311184753363,0.24301163059969791,0.0012691096677713003,11.486833639131618,1.8467671151823222,3.489292716341045,z4c_spatial_or_other
508,0.36855056511232626,0.0084622787104860816,0.24902776683078826,0.0012693418065729122,11.209329018195735,1.8464293761251553,3.489292716341045,z4c_spatial_or_other
509,0.36981990691889916,0.0084636955581659859,0.25593804249930313,0.0012695543337248978,10.906679389330865,1.8461202783841402,3.489292716341045,z4c_spatial_or_other
510,0.37108946125262404,0.0084650870692496629,0.26378234953802371,0.0012697630603874493,10.5823387272182,1.8458168087555165,3.489292716341045,z4c_spatial_or_other
511,0.37235922431301149,0.0084664838537407954,0.27260546495826798,0.0012699725780611192,10.239832035282804,1.8455122893899238,3.489292716341045,z4c_spatial_or_other
512,0.3736291968910726,0.0084679205884116392,0.28245617233154147,0.0012701880882617458,9.882716139749661,1.8451991651153217,3.489292716341045,z4c_spatial_or_other
513,0.37489938497933434,0.0084694344714759829,0.29338612708967138,0.0012704151707213973,9.5145404479866702,1.8448693419404902,3.489292716341045,z4c_spatial_or_other
514,0.37616980015005574,0.0084710636777317588,0.30544829620227459,0.0012706595516597638,9.1388107505575569,1.8445145254986213,3.489292716341045,z4c_spatial_or_other
515,0.37744045970171552,0.0084728458819791352,0.31869483305152435,0.0012709268822968702,8.7589564799173782,1.8441265446870401,3.489292716341045,z4c_spatial_or_other
516,0.37871138658401238,0.0084748169096741689,0.33317422592653956,0.0012712225364511253,8.378301668774073,1.8436976475755784,3.489292716341045,z4c_spatial_or_other
517,0.3799826091204635,0.0084770095625268556,0.34892754056051162,0.0012715514343790283,8.0000396890102774,1.8432207590128573,3.489292716341045,z4c_spatial_or_other
518,0.38125416055484251,0.0084786186896962951,0.35168394524822066,0.0012717928034544441,7.9373375179314065,1.8428709406389978,3.489292716341045,z4c_spatial_or_other
519,0.38252595335829698,0.0084802724640964822,0.34624628834830573,0.0012720408696144723,8.0619901700283325,1.8425115544521296,3.489292716341045,z4c_spatial_or_other
520,0.38379799422791144,0.0084820339442989324,0.3414798221075982,0.0012723050916448398,8.1745215744937116,1.8421289165556924,3.489292716341045,z4c_spatial_or_other
521,0.38507029931955628,0.0084839154908971127,0.33736365502661603,0.0012725873236345668,8.2742587456630687,1.841720372717641,3.489292716341045,z4c_spatial_or_other
522,0.38634288664319083,0.0084859287430901695,0.33387523366768823,0.0012728893114635255,8.3607105037662031,1.8412834320253935,3.489292716341045,z4c_spatial_or_other
523,0.38761577595465435,0.0084880848516826757,0.33099126373621585,0.0012732127277524012,8.4335584618253705,1.8408157167399786,3.489292716341045,z4c_spatial_or_other
524,0.38888898868240673,0.0084903947231749228,0.32868842559780798,0.0012735592084762383,8.492645179080661,1.840314909900578,3.489292716341045,z4c_spatial_or_other
525,0.39016254789088295,0.0084928692433433629,0.32694391758399521,0.0012739303865015044,8.5379602523288671,1.8397787075606677,3.489292716341045,z4c_spatial_or_other
526,0.39143647827738448,0.0084955194522376397,0.32573585496607366,0.0012743279178356458,8.5696251441634281,1.83920478174934,3.489292716341045,z4c_spatial_or_other
527,0.39271080619522014,0.0084976376364282128,0.32504354762381471,0.0012746456454642318,8.5878775120417696,1.8387463279226874,3.489292716341045,z4c_spatial_or_other
528,0.3939854518406844,0.0084995309297128969,0.32484767067926579,0.0012749296394569344,8.5930558382514093,1.8383367422521741,3.489292716341045,z4c_spatial_or_other
529,0.39526038148014131,0.0085014835957410492,0.32513021699849387,0.0012752225393611574,8.5855882570452291,1.8379145032788851,3.489292716341045,z4c_spatial_or_other
530,0.39653560401950244,0.0085035074188768919,0.32587460163688253,0.0012755261128315337,8.5659764800672988,1.8374770821407345,3.489292716341045,z4c_spatial_or_other
531,0.39781113013233399,0.0085056166081844756,0.32706564466745164,0.0012758424912276713,8.5347825997165323,1.8370214318107101,3.489292716341045,z4c_spatial_or_other
532,0.39908697262356169,0.0085071773241829889,0.3286894707503516,0.0012760765986274483,8.492618174535334,1.836684414180892,3.489292716341045,z4c_spatial_or_other
533,0.40036304922218913,0.0085081782385877259,0.33073319171991111,0.0012762267357881588,8.4401391906162999,1.8364683439675562,3.489292716341045,z4c_spatial_or_other
534,0.40163927595797727,0.0085093172492013702,0.32675473888342904,0.0012763975873802055,8.5429034100977201,1.8362225243707375,3.489292716341045,z4c_spatial_or_other
535,0.40291567354535746,0.0085106111568891366,0.3204810305912198,0.0012765916735333704,8.7101385312048887,1.8359433549436619,3.489292716341045,z4c_spatial_or_other
536,0.40419226521889084,0.0085120764025184634,0.31519936715907942,0.0012768114603777694,8.8560906648775557,1.835627320659039,3.489292716341045,z4c_spatial_or_other
537,0.40546907667926863,0.0085137289506453002,0.31084268976543122,0.001277059342596795,8.9802149607549531,1.835271018208267,3.489292716341045,z4c_spatial_or_other
538,0.40674613602186543,0.0085155841500318373,0.30735285497788833,0.0012773376225047755,9.0821807179037215,1.8348711873091623,3.489292716341045,z4c_spatial_or_other
539,0.40802347364437019,0.0085176565671130529,0.30467964814804288,0.0012776484850669579,9.1618662094439838,1.8344247478031259,3.489292716341045,z4c_spatial_or_other
540,0.40930112212943714,0.0085189283066898821,0.30277986362619258,0.0012778392460034824,9.2193521049969771,1.8341508975641627,3.489292716341045,z4c_spatial_or_other
541,0.41057896137544064,0.0085202350366667748,0.30161654653419789,0.0012780352555000162,9.2549105980707118,1.8338695978171864,3.489292716341045,z4c_spatial_or_other
542,0.41185699663094066,0.0085216658085488853,0.30115774816089141,0.0012782498712823327,9.2690099793863912,1.8335616945134237,3.489292716341045,z4c_spatial_or_other
543,0.413135246502223,0.0085232353042818693,0.30137607822639734,0.0012784852956422804,9.2622951015238755,1.8332240566150242,3.489292716341045,z4c_spatial_or_other
544,0.41441373179786528,0.0085249588381371387,0.30224801040534671,0.0012787438257205708,9.235575014469827,1.8328534244763992,3.489292716341045,z4c_spatial_or_other
545,0.41569247562358586,0.0085268521248839518,0.30375319527903499,0.0012790278187325926,9.1898100709971384,1.8324464610335496,3.489292716341045,z4c_spatial_or_other
546,0.41697150344231843,0.0085289310020570681,0.30587378920381425,0.0012793396503085603,9.1260979907395967,1.8319998128993484,3.489292716341045,z4c_spatial_or_other
547,0.418250843092627,0.0085312111138708315,0.308593787017786,0.0012796816670806246,9.0456590200630007,1.8315101796737194,3.489292716341045,z4c_spatial_or_other
548,0.41953052475970765,0.0085337075662452709,0.31189834644681785,0.0012800561349367906,8.9498203657479376,1.8309743893503037,3.489292716341045,z4c_spatial_or_other
549,0.42081058089464446,0.0085354030623394517,0.31305311352716653,0.0012803104593509178,8.9168069329251303,1.8306106795286332,3.489292716341045,z4c_spatial_or_other
550,0.42209089135399536,0.0085371356867246489,0.31295490559403027,0.0012805703530086973,8.9196051034072177,1.8302391543684924,3.489292716341045,z4c_spatial_or_other
551,0.42337146170700407,0.0085390005345696018,0.31329703444904256,0.0012808500801854401,8.909864652826327,1.8298394451134157,3.489292716341045,z4c_spatial_or_other
552,0.42465231178718948,0.0085410104100827125,0.31407760959009218,0.0012811515615124068,8.8877210212978337,1.8294088462361078,3.489292716341045,z4c_spatial_or_other
553,0.42593346334870191,0.0085431785457940369,0.31529451556826626,0.0012814767818691054,8.8534181066922066,1.828944568610529,3.489292716341045,z4c_spatial_or_other
554,0.42721494013057104,0.0085455184082151164,0.31694538973126685,0.0012818277612322675,8.8073032879249347,1.828443782296358,3.489292716341045,z4c_spatial_or_other
555,0.4284967678918033,0.0085480434662826375,0.31902756575353197,0.0012822065199423955,8.7498212465733687,1.8279036672698366,3.489292716341045,z4c_spatial_or_other
556,0.42977897441174567,0.0085507669271804951,0.3215379822447027,0.0012826150390770742,8.6815067805844723,1.8273214710522045,3.489292716341045,z4c_spatial_or_other
557,0.43106158945082274,0.0085537014458965926,0.32447305482144545,0.0012830552168844888,8.6029768314935637,1.826694571797999,3.489292716341045,z4c_spatial_or_other
558,0.43234464466770722,0.0085561581088574243,0.32782850946198461,0.0012834237163286135,8.5149219561593199,1.8261700872293181,3.489292716341045,z4c_spatial_or_other
559,0.43362806838403584,0.0085582888255096769,0.33159884893503622,0.0012837433238264515,8.4181057384180136,1.8257154343081514,3.489292716341045,z4c_spatial_or_other
560,0.43491181170786231,0.0085605424852967724,0.33577736779285711,0.0012840813727945158,8.3133481908610563,1.8252347940375091,3.489292716341045,z4c_spatial_or_other
561,0.43619589308065682,0.0085629319132766446,0.34035606332772445,0.0012844397869914966,8.2015115164409469,1.8247254746675925,3.489292716341045,z4c_spatial_or_other
562,0.43748033286764831,0.0085654704100191405,0.34532514037510409,0.001284820561502871,8.0834953691488671,1.8241846917973399,3.489292716341045,z4c_spatial_or_other
563,0.43876515342915118,0.0085681714354313796,0.35067263555081996,0.0012852257153147069,7.9602281161408097,1.8236096368691919,3.489292716341045,z4c_spatial_or_other
564,0.44005037914446588,0.0085710482691434744,0.35638400415950527,0.001285657240371521,7.8326584260035581,1.8229975505156553,3.489292716341045,z4c_spatial_or_other
565,0.44133603638483737,0.0085741136602361604,0.36244167689940782,0.001286117049035424,7.7017472078620024,1.8223457979643385,3.489292716341045,z4c_spatial_or_other
566,0.44262215343387279,0.0085773794792507792,0.36506138110345526,0.0012866069218876168,7.6464789691949582,1.821651943673223,3.489292716341045,z4c_spatial_or_other
567,0.44390876035576038,0.0085806036817458898,0.36075480726387438,0.0012870905522618834,7.7377601541731904,1.8209674493229584,3.489292716341045,z4c_spatial_or_other
568,0.44519585090802227,0.0085830569984768328,0.35687097083075286,0.001287458549771525,7.8219704073287666,1.820446957625103,3.489292716341045,z4c_spatial_or_other
569,0.4464833094577938,0.0085856318432783289,0.35339156313020015,0.0012878447764917494,7.8989836326239278,1.8199010026539604,3.489292716341045,z4c_spatial_or_other
570,0.44777115423428554,0.00858833876806314,0.35029855789393721,0.001288250815209471,7.9687287034679191,1.8193273952005253,3.489292716341045,z4c_spatial_or_other
571,0.44905940504949499,0.0085911879691062294,0.34757472317942123,0.0012886781953659343,8.0311771452720766,1.8187240293411393,3.489292716341045,z4c_spatial_or_other
572,0.45034808324486092,0.008594189144465407,0.34520362630547013,0.0012891283716698111,8.0863408155588168,1.8180889130258882,3.489292716341045,z4c_spatial_or_other
573,0.45163721161653075,0.0085973513774286435,0.34316960743689806,0.0012896027066142965,8.134269797147244,1.8174201930401077,3.489292716341045,z4c_spatial_or_other
574,0.45292681432314508,0.0086006830448993685,0.34145773092824122,0.0012901024567349053,8.1750504388476362,1.8167161745678326,3.489292716341045,z4c_spatial_or_other
575,0.45421691677987996,0.0086041917479326002,0.34005372208290419,0.00129062876218989,8.208803467801161,1.8159753359464994,3.489292716341045,z4c_spatial_or_other
576,0.45550754554206985,0.0086078842602994449,0.33894389568352951,0.0012911826390449167,8.235682095538273,1.8151963394842916,3.489292716341045,z4c_spatial_or_other
577,0.45679872818111478,0.0086111258058663397,0.33811508148502389,0.001291668870879951,8.2558700452303757,1.8145130325880794,3.489292716341045,z4c_spatial_or_other
578,0.45809039705199472,0.0086139276842921372,0.33755458260418075,0.0012920891526438205,8.2695786605453812,1.8139228204217284,3.489292716341045,z4c_spatial_or_other
579,0.45938248620463856,0.0086168288686492012,0.33725000017912576,0.0012925243302973801,8.2770472100524941,1.8133120940638363,3.489292716341045,z4c_spatial_or_other
580,0.46067501053493592,0.0086198371100618745,0.33718918464873149,0.0012929755665092811,8.2785400604732526,1.8126792653379782,3.489292716341045,z4c_spatial_or_other
581,0.46196798610144518,0.0086229610248272481,0.33736024289936828,0.0012934441537240872,8.2743424331286644,1.8120225703227077,3.489292716341045,z4c_spatial_or_other
582,0.46326143025516925,0.0086262100824467357,0.33775149547860606,0.0012939315123670103,8.2647574043077832,1.8113400729475546,3.489292716341045,z4c_spatial_or_other
583,0.46455536176753626,0.0086295945382143593,0.33835144389236904,0.0012944391807321539,8.2501027362566912,1.8106296803178812,3.489292716341045,z4c_spatial_or_other
584,0.46584980094826839,0.0086331253075705126,0.3363231039609389,0.0012949687961355768,8.2998584997509948,1.8098891702982942,3.489292716341045,z4c_spatial_or_other
585,0.46714476974440394,0.0086368137827017768,0.33148669697301775,0.0012955220674052664,8.420953837855075,1.8091162311840618,3.489292716341045,z4c_spatial_or_other
586,0.46844029181180918,0.008640003315865381,0.32720954727490542,0.0012960004973798071,8.5310291106133587,1.808448380026461,3.489292716341045,z4c_spatial_or_other
587,0.46973629230918901,0.0086425265709819139,0.3234701484896938,0.001296378985647287,8.6296500190396248,1.8079203889823596,3.489292716341045,z4c_spatial_or_other
588,0.47103267129483628,0.0086452423925516639,0.32024785201192607,0.0012967863588827495,8.7164805494741699,1.8073524477997018,3.489292716341045,z4c_spatial_or_other
589,0.47232945765371903,0.0086480274717190431,0.31752260498538759,0.0012972041207578563,8.7912927433979018,1.806770393722406,3.489292716341045,z4c_spatial_or_other
590,0.47362666177447688,0.0086498932278578806,0.31527543941502717,0.001297483984178682,8.8539537943461717,1.8063806787438788,3.489292716341045,z4c_spatial_or_other
591,0.47492414575865555,0.0086518857215450804,0.31348855881180654,0.0012977828582317621,8.9044212128602442,1.8059646767051427,3.489292716341045,z4c_spatial_or_other
592,0.47622192861688734,0.0086540142744563949,0.31214475237953582,0.0012981021411684593,8.9427554100885231,1.8055204792207822,3.489292716341045,z4c_spatial_or_other
593,0.47752003075805577,0.0086562882566627274,0.31122765077046155,0.0012984432384994091,8.9691072311938989,1.8050461741466928,3.489292716341045,z4c_spatial_or_other
594,0.47881847399655519,0.0086587170746401584,0.31072160065996285,0.0012988075611960238,8.9837145764694775,1.8045398487222599,3.489292716341045,z4c_spatial_or_other
595,0.48011728155775124,0.0086613101288624261,0.310611518870612,0.0012991965193293639,8.9868984357776931,1.803999599082845,3.489292716341045,z4c_spatial_or_other
596,0.4814164780770806,0.0086640767366557205,0.31088272924621407,0.001299611510498358,8.9790583730435074,1.80342354701156,3.489292716341045,z4c_spatial_or_other
597,0.48271608958757894,0.0086670260182761735,0.31152078487776463,0.0013000539027414259,8.9606675014257764,1.8028098643123414,3.489292716341045,z4c_spatial_or_other
598,0.48401614349032035,0.0086701667466244914,0.3125112779471278,0.0013005250119936737,8.9322669934014503,1.8021568046639007,3.489292716341045,z4c_spatial_or_other
599,0.48531666850231403,0.0086729650892194074,0.31383963936239201,0.001300944763382911,8.8944601731763875,1.8015753366080132,3.489292716341045,z4c_spatial_or_other
600,0.48661761326569697,0.0086752049363305692,0.3154908175477199,0.0013012807404495853,8.8479094091244512,1.8011101887131959,3.489292716341045,z4c_spatial_or_other
601,0.48791889400614658,0.0086775813088827269,0.31744904895984322,0.0013016371963324089,8.793329771247631,1.8006169511780445,3.489292716341045,z4c_spatial_or_other
602,0.48922053120247899,0.0086801073190133464,0.31969786804767253,0.0013020160978520019,8.7314757214977252,1.800092951129096,3.489292716341045,z4c_spatial_or_other
603,0.49052254730033101,0.0086827962230671338,0.32221980692321811,0.0013024194334600701,8.6631365083587433,1.7995354950850826,3.489292716341045,z4c_spatial_or_other
604,0.49182496673379106,0.0086856610937058477,0.32499619398332885,0.0013028491640558772,8.5891288105854766,1.7989419379168288,3.489292716341045,z4c_spatial_or_other
605,0.49312781589784693,0.0086887144717600426,0.32800696577009597,0.0013033071707640063,8.5102893059575635,1.7983097558084331,3.489292716341045,z4c_spatial_or_other
606,0.49443112306861092,0.0086919680114349342,0.33123049880127892,0.0013037952017152402,8.4274672265235804,1.7976366203193734,3.489292716341045,z4c_spatial_or_other
607,0.49573491827032617,0.0086954321328251809,0.33464346909434384,0.0013043148199237771,8.3415169602065813,1.796920470578542,3.489292716341045,z4c_spatial_or_other
608,0.49703923309024994,0.0086991156953981786,0.33822074799692753,0.0013048673543097267,8.2532907564209932,1.7961595807106701,3.489292716341045,z4c_spatial_or_other
609,0.49834410044455968,0.0087021393976197195,0.34108566179438049,0.001305320909642958,8.1839680929057046,1.7955354753652737,3.489292716341045,z4c_spatial_or_other
610,0.49964942135420265,0.0087048954325442112,0.34159661890492993,0.0013057343148816316,8.171726587989804,1.794966995420096,3.489292716341045,z4c_spatial_or_other
611,0.50095515566908433,0.0087078180508453253,0.3424635010817158,0.0013061727076267987,8.1510413934790886,1.7943645478999388,3.489292716341045,z4c_spatial_or_other
612,0.50226132837671111,0.0087109172104767266,0.34367940723738993,0.0013066375815715089,8.1222037581806781,1.7937261510426963,3.489292716341045,z4c_spatial_or_other
613,0.50356796595828257,0.008714201665736606,0.34523700811639957,0.0013071302498604909,8.0855589274823068,1.7930500807017102,3.489292716341045,z4c_spatial_or_other
614,0.50487509620814308,0.008717678815925332,0.34712848463488899,0.0013076518223887998,8.0415013363391274,1.7923349012877683,3.489292716341045,z4c_spatial_or_other
615,0.50618274803053187,0.0087213545961166497,0.34934544665606637,0.0013082031894174975,7.9904696047778385,1.7915794877733018,3.489292716341045,z4c_spatial_or_other
616,0.50749095121994936,0.008725233410481285,0.35187883483684906,0.0013087850115721927,7.9329413898028367,1.7907830386784029,3.489292716341045,z4c_spatial_or_other
617,0.50879973623152153,0.0087293181066733592,0.35382964848087656,0.0013093977160010038,7.8892037031309004,1.7899450803671657,3.489292716341045,z4c_spatial_or_other
618,0.51010913394752255,0.0087334981481069444,0.35155433411281634,0.0013100247222160417,7.9402638574128481,1.7890883738707661,3.489292716341045,z4c_spatial_or_other
619,0.51141915866973864,0.008736663379240641,0.34948612649325828,0.0013104995068860962,7.9872531739158577,1.7884401998509949,3.489292716341045,z4c_spatial_or_other
620,0.51272965817662475,0.0087399744490020831,0.34761909598835794,0.0013109961673503125,8.0301519832682722,1.7877626635148844,3.489292716341045,z4c_spatial_or_other
621,0.51404065434397506,0.0087434362405613836,0.34594716301702988,0.0013115154360842074,8.0689610191583583,1.7870548340610735,3.489292716341045,z4c_spatial_or_other
622,0.51535216978005927,0.0087470534043910496,0.34446439038463145,0.0013120580106586574,8.1036944630354988,1.7863158343307015,3.489292716341045,z4c_spatial_or_other
623,0.51666422779071797,0.0087508304061777696,0.34316496159982762,0.0013126245609266654,8.1343799205467562,1.7855448311476037,3.489292716341045,z4c_spatial_or_other
624,0.51797685235164459,0.0087547715587123556,0.3420431606086185,0.0013132157338068533,8.1610582948241532,1.7847410289593109,3.489292716341045,z4c_spatial_or_other
625,0.51929006808545142,0.0087588810320875423,0.3410933530007334,0.0013138321548131313,8.1837835551923934,1.7839036679181868,3.489292716341045,z4c_spatial_or_other
626,0.52060390024026459,0.0087631628379757562,0.34030996862616025,0.0013144744256963633,8.2026224043389764,1.7830320272365603,3.489292716341045,z4c_spatial_or_other
627,0.52191837466596092,0.0087676207854616058,0.33968748547300198,0.0013151431178192409,8.2176538508207617,1.7821254342921904,3.489292716341045,z4c_spatial_or_other
628,0.52323351778378013,0.0087721272728206422,0.33922041459851049,0.0013158190909230963,8.228968696877164,1.7812099065653255,3.489292716341045,z4c_spatial_or_other
629,0.52454933687470318,0.0087756199356241894,0.33890328950596371,0.0013163429903436284,8.2366688654514082,1.7805009919095398,3.489292716341045,z4c_spatial_or_other
630,0.52586567986504684,0.0087792384599950559,0.33873065264900071,0.0013168857689992584,8.2408667513340603,1.7797671257250256,3.489292716341045,z4c_spatial_or_other
631,0.52718256563404609,0.0087829925303859364,0.33869696890998668,0.0013174488795578904,8.2416863134511775,1.7790064088001014,3.489292716341045,z4c_spatial_or_other
632,0.52850001451360396,0.0087868922433937974,0.33879668328405144,0.0013180338365090696,8.239260626800359,1.7782168674877354,3.489292716341045,z4c_spatial_or_other
633,0.52981804835011304,0.0087909478643141414,0.3390242084618999,0.0013186421796471213,8.2337311124097567,1.7773965039000994,3.489292716341045,z4c_spatial_or_other
634,0.5311366905297602,0.0087951695560049437,0.33937391221620328,0.0013192754334007415,8.2252467635005218,1.7765433514959308,3.489292716341045,z4c_spatial_or_other
635,0.53245596596316092,0.0087995670901643702,0.33920827735862547,0.0013199350635246555,8.2292631382978101,1.7756555339483338,3.489292716341045,z4c_spatial_or_other
636,0.5337759010266856,0.0088025121546116778,0.3384903749948025,0.0013203768231917516,8.246716536964156,1.7750614512714973,3.489292716341045,z4c_spatial_or_other
637,0.53509627784987734,0.0088049743359041605,0.33810371603105965,0.0013207461503856241,8.2561475686839341,1.7745650815000937,3.489292716341045,z4c_spatial_or_other
638,0.53641702400026292,0.0088077507153757652,0.33802957203212008,0.0013211626073063648,8.2579584865657552,1.7740057030364524,3.489292716341045,z4c_spatial_or_other
639,0.53773818660756934,0.0088108731786954563,0.33824907791739822,0.0013216309768043185,8.2525995052513217,1.7733770175901509,3.489292716341045,z4c_spatial_or_other
640,0.5390598175843736,0.0088143748780340689,0.33874318449302104,0.0013221562317051103,8.2405618794976725,1.7726725055611605,3.489292716341045,z4c_spatial_or_other
641,0.54038197381607866,0.0088182892384645467,0.33949253932052015,0.001322743385769682,8.2223726584972177,1.77188563194834,3.489292716341045,z4c_spatial_or_other
642,0.54170471720184832,0.0088226489129781815,0.34047737685673307,0.0013233973369467273,8.1985892832093299,1.7710100621838767,3.489292716341045,z4c_spatial_or_other
643,0.54302811453879507,0.0088261187124471039,0.34167742129555068,0.0013239178068670655,8.1697940779594216,1.7703138275224783,3.489292716341045,z4c_spatial_or_other
644,0.5443520323456621,0.0088286525442839419,0.34307157617455286,0.0013242978816425913,8.1365941305862375,1.7698057457382115,3.489292716341045,z4c_spatial_or_other
645,0.54567633022730466,0.0088314854495237568,0.34463798016153296,0.0013247228174285634,8.0996127349762261,1.7692380392069365,3.489292716341045,z4c_spatial_or_other
646,0.54700105304473323,0.0088346476921837124,0.34635425997559049,0.0013251971538275568,8.0594769449914203,1.7686047643783149,3.489292716341045,z4c_spatial_or_other
647,0.54832625019856074,0.0088381677787317137,0.34819738262461641,0.001325725166809757,8.0168154970946954,1.767900360253424,3.489292716341045,z4c_spatial_or_other
648,0.54965197536537047,0.0088420718040730199,0.34948114729380381,0.0013263107706109529,7.9873669715468729,1.7671197821309803,3.489292716341045,z4c_spatial_or_other
649,0.55097828613598143,0.0088455253504691571,0.34911747844944596,0.0013268288025703736,7.9956872553920286,1.766429847965024,3.489292716341045,z4c_spatial_or_other
650,0.55230511493855183,0.0088452850656449665,0.348967231867095,0.001326792759846745,7.999129769685541,1.7664778335621318,3.489292716341045,z4c_spatial_or_other
651,0.55363190769839854,0.0088454765285430267,0.34902557467135564,0.0013268214792814539,7.9977926422763304,1.7664395976384615,3.489292716341045,z4c_spatial_or_other
652,0.55495872917767997,0.0088461350582741613,0.34928660745449919,0.0012873866281362112,7.9918156422200362,1.7663080991947193,3.489292716341045,z4c_spatial_or_other
653,0.55624611580581618,0.0088472544375706244,0.3497272563201938,0.0013270881656355937,7.9817461253781445,1.7660846209697663,3.489292716341045,z4c_spatial_or_other
654,0.55757320397145183,0.0088476638427804725,0.35036732028567918,0.0013271495764170709,7.9671647766600575,1.7660028994828625,3.489292716341045,z4c_spatial_or_other
655,0.55890035354786893,0.0088468717698850716,0.35118787527841105,0.0013270307654827606,7.9485493935685341,1.7661610122108713,3.489292716341045,z4c_spatial_or_other
656,0.56022738431335173,0.0088464314942611512,0.35217979134812716,0.0013269647241391726,7.9261622661180002,1.7662489117941211,3.489292716341045,z4c_spatial_or_other
657,0.56155434903749091,0.0088463846465198382,0.35333336915487279,0.0013269576969779757,7.9002845945447548,1.7662582653069312,3.489292716341045,z4c_spatial_or_other
658,0.5628813067344689,0.0088467728372618026,0.35463827827652838,0.0013270159255892703,7.8712151058217739,1.766180763022299,3.489292716341045,z4c_spatial_or_other
659,0.56420832266005816,0.0088476366714826619,0.35608358979142851,0.0013271455007223992,7.8392665461159936,1.7660083229188035,3.489292716341045,z4c_spatial_or_other
660,0.5655354681607806,0.0088490147874089545,0.35765781130426177,0.0013273522181113432,7.8047622192099855,1.765733290697223,3.489292716341045,z4c_spatial_or_other
661,0.56686282037889191,0.008850942947768255,0.35934892605485713,0.0013276414421652383,7.7680326019583106,1.7653486292033784,3.489292716341045,z4c_spatial_or_other
662,0.56819046182105715,0.008853453207744685,0.36114443765778143,0.0013280179811617028,7.7294120634303791,1.7648480918532226,3.489292716341045,z4c_spatial_or_other
663,0.56951847980221881,0.0088565731795542772,0.36303142188441268,0.0013284859769331415,7.6892357101849287,1.7642263755095349,3.489292716341045,z4c_spatial_or_other
664,0.57084696577915195,0.0088577205633219979,0.36499658671219798,0.0013286580844982996,7.647836376272469,1.7639978466581929,3.489292716341045,z4c_spatial_or_other
665,0.57217562386365028,0.0088589389056383527,0.3653245952022941,0.0013288408358457528,7.6409697286521681,1.763755249520383,3.489292716341045,z4c_spatial_or_other
666,0.57350446469949601,0.0088605968185075986,0.3642214616981681,0.0013290895227761397,7.6641122685573917,1.7634252319621668,3.489292716341045,z4c_spatial_or_other
667,0.57483355422227211,0.0088627148003892816,0.36331458655328297,0.0013294072200583922,7.6832427774364911,1.7630038145099396,3.489292716341045,z4c_spatial_or_other
668,0.57616296144233048,0.0088653107033185297,0.36259809655359715,0.0013297966054977794,7.6984247838163231,1.7624875791607768,3.489292716341045,z4c_spatial_or_other
669,0.57749275804782829,0.0088683997257004658,0.36206544858360007,0.0013302599588550699,7.7097502233171538,1.7618736731858202,3.489292716341045,z4c_spatial_or_other
670,0.57882301800668334,0.0088719944667850856,0.36170948246720525,0.0013307991700177628,7.7173375550803387,1.7611597999183579,3.489292716341045,z4c_spatial_or_other
671,0.58015381717670111,0.008876105026395454,0.36152246738153537,0.001331415753959318,7.7213297234079672,1.760344199796523,3.489292716341045,z4c_spatial_or_other
672,0.58148523293066046,0.008880739132104078,0.36149614323337154,0.0013321108698156117,7.7218919906173564,1.7594256252292404,3.489292716341045,z4c_spatial_or_other
673,0.58281734380047612,0.0088845392959607961,0.3616217584158033,0.0013326808943941195,7.7192096662036676,1.7586730700942073,3.489292716341045,z4c_spatial_or_other
674,0.58415002469487021,0.0088872323281244912,0.36189005369119032,0.0013330848492186737,7.7134868576820175,1.7581401524244171,3.489292716341045,z4c_spatial_or_other
675,0.58548310954408889,0.0088902492478693251,0.36229125568217418,0.0013335373871803987,7.7049449284022096,1.7575435248617752,3.489292716341045,z4c_spatial_or_other
676,0.58681664693126934,0.0088936011001948621,0.36281522153545409,0.0013340401650292293,7.6938176994320484,1.756881135545606,3.489292716341045,z4c_spatial_or_other
677,0.58815068709629859,0.0088973005464733617,0.36345147203136774,0.0013345950819710043,7.6803490641301382,1.7561506344970339,3.489292716341045,z4c_spatial_or_other
678,0.58948528217826957,0.0089013619108728025,0.36361495792378251,0.0013352042866309204,7.6768958818738966,1.7553493674843659,3.489292716341045,z4c_spatial_or_other
679,0.59082048646490049,0.0089058011039962557,0.36324234662383653,0.0013358701655994383,7.6847707846232103,1.7544743945593699,3.489292716341045,z4c_spatial_or_other
680,0.59215635663049992,0.0089106354180578592,0.36297071220529592,0.0013365953127086789,7.6905217947557256,1.7535225342443184,3.489292716341045,z4c_spatial_or_other
681,0.59349295194320861,0.0089158831935019604,0.36279429542595393,0.0013373824790252941,7.6942614816901553,1.7524904331842024,3.489292716341045,z4c_spatial_or_other
682,0.59483033442223388,0.0089215624845536273,0.36175363851593956,0.0013382343726830441,7.716395568333283,1.7513748322732019,3.489292716341045,z4c_spatial_or_other
683,0.59616856879491686,0.0089247979228408315,0.36059307496896548,0.0013387196884261246,7.7412306748072792,1.7507399198374727,3.489292716341045,z4c_spatial_or_other
684,0.597507288483343,0.0089263300472747064,0.35949944689666619,0.0013389495070912059,7.7647801607750475,1.7504394210440899,3.489292716341045,z4c_spatial_or_other
685,0.59884623799043424,0.0089244076298516922,0.35848426343068196,0.0013386611444777539,7.7867690658410167,1.7508164853132846,3.489292716341045,z4c_spatial_or_other
686,0.60018489913491202,0.0089225447866458918,0.35755780446239116,0.0013383817179968838,7.8069451658870062,1.7511820196616412,3.489292716341045,z4c_spatial_or_other
687,0.60152328085290896,0.0089189588349518553,0.35672853889089556,0.0013378438252427782,7.8250935059798756,1.7518860989433354,3.489292716341045,z4c_spatial_or_other
688,0.60286112467815178,0.0089152464913237976,0.35600371973100725,0.0013372869736985695,7.841025299348038,1.7526155911904451,3.489292716341045,z4c_spatial_or_other
689,0.6041984116518504,0.0089115696136135743,0.35538908843149103,0.0013367354420420361,7.85458604087375,1.7533387133205798,3.489292716341045,z4c_spatial_or_other
690,0.60553514709389245,0.0089079294779249828,0.35488908035013456,0.0013361894216887473,7.8656524746233378,1.754055197531682,3.489292716341045,z4c_spatial_or_other
691,0.60687133651558123,0.0089043269885334484,0.35450688822841936,0.0013356490482800173,7.8741323956284655,1.7547648486091201,3.489292716341045,z4c_spatial_or_other
692,0.60820698556386121,0.0089007627079913075,0.35424451468880569,0.0013351144061986961,7.8799644237964737,1.75546753830113,3.489292716341045,z4c_spatial_or_other
693,0.60954209997005993,0.0088972368863310895,0.35410282787296998,0.0013345855329496635,7.8831174262020545,1.7561631998362139,3.489292716341045,z4c_spatial_or_other
694,0.61087668550300955,0.0088937494891297587,0.35408161895994394,0.0013340624233694638,7.8835896121131936,1.7568518226308716,3.489292716341045,z4c_spatial_or_other
695,0.61221074792637897,0.0088903002243064036,0.35417966068270512,0.0013335450336459606,7.8814073278294945,1.7575334472148287,3.489292716341045,z4c_spatial_or_other
696,0.61354429296002488,0.0088868885675977369,0.35439476629982719,0.0013330332851396605,7.8766235805841731,1.7582081603869686,3.489292716341045,z4c_spatial_or_other
697,0.61487732624516456,0.008883513786699538,0.35472384877032626,0.0013325270680049307,7.8693163223998841,1.7588760906066092,3.489292716341045,z4c_spatial_or_other
698,0.61620985331316946,0.0088801749640872851,0.35516298012206304,0.0013320262446130926,7.8595865259196529,1.7595374036198348,3.489292716341045,z4c_spatial_or_other
699,0.6175418795577825,0.0088768710185438901,0.35570745119590336,0.0013315306527815834,7.8475560848891908,1.7601922983176377,3.489292716341045,z4c_spatial_or_other
700,0.61887341021056408,0.0088736007254332332,0.35635183208937626,0.0013310401088149849,7.8333655721818181,1.7608410028204358,3.489292716341045,z4c_spatial_or_other
701,0.6202044503193791,0.0088703627357695318,0.35709003371572007,0.0013305544103654296,7.8171718880709546,1.7614837707811597,3.489292716341045,z4c_spatial_or_other
702,0.62153500472974454,0.0088671555941469207,0.35791537093855386,0.0013300733391220382,7.799145830906669,1.7621208778961579,3.489292716341045,z4c_spatial_or_other
703,0.6228650780688666,0.008863977755611591,0.35882062774108231,0.0013295966633417387,7.7794696214819581,1.762752618609422,3.489292716341045,z4c_spatial_or_other
704,0.62419467473220835,0.0088608276015794303,0.35979812484443147,0.0013291241402369144,7.758334411219594,1.7633793029913893,3.489292716341045,z4c_spatial_or_other
705,0.62552379887244525,0.0088577034549234285,0.36083979010578776,0.0013286555182385142,7.735937802908234,1.7640012537691205,3.489292716341045,z4c_spatial_or_other
706,0.62685245439068371,0.0088544929783880202,0.3619372319075751,0.0013281739467582031,7.7124814111018605,1.7646408482267006,3.489292716341045,z4c_spatial_or_other
707,0.62818062833744193,0.0088508284119690559,0.36308180103422494,0.0013276242617953583,7.6881687959064333,1.7653714740272413,3.489292716341045,z4c_spatial_or_other
708,0.62950825259923726,0.0088471767734311733,0.36426463328581205,0.001327076516014676,7.6632039402040997,1.7661001243835444,3.489292716341045,z4c_spatial_or_other
709,0.63083532911525197,0.0088435388082591659,0.36547684289728366,0.0013265308212388749,7.6377867088486422,1.7668266447146119,3.489292716341045,z4c_spatial_or_other
710,0.63216185993649088,0.0088399152359012311,0.36670955042080206,0.0013259872853851847,7.6121120103625444,1.7675508851649104,3.489292716341045,z4c_spatial_or_other
711,0.63348784722187601,0.0088363067617556416,0.36795396828309668,0.0013254460142633462,7.5863678984028802,1.7682726982302668,3.489292716341045,z4c_spatial_or_other
712,0.63481329323613933,0.0088327140863553779,0.36768965449072966,0.0013249071129533066,7.5918213607046567,1.7689919369333178,3.489292716341045,z4c_spatial_or_other
713,0.63613820034909263,0.0088291379117912596,0.36736471616480032,0.0013243706867686889,7.5985364142064071,1.7697084535436816,3.489292716341045,z4c_spatial_or_other
714,0.63746257103586135,0.0088255789454992004,0.36700765330266849,0.0013238368418248801,7.6059290533943198,1.7704220988208728,3.489292716341045,z4c_spatial_or_other
715,0.63878640787768626,0.0088220379015595592,0.36662296772137487,0.0013233056852339339,7.6139097078998681,1.7711327217533053,3.489292716341045,z4c_spatial_or_other
716,0.64010971356292024,0.0088185154996538555,0.36621542678360353,0.0013227773249480782,7.6223828078173588,1.7718401697670445,3.489292716341045,z4c_spatial_or_other
717,0.64143249088786836,0.0088150124618804927,0.36578999303826926,0.0013222518692820738,7.6312480554403628,1.7725442893664092,3.489292716341045,z4c_spatial_or_other
718,0.64275474275715039,0.0088115295076652608,0.36535175447744278,0.0013217294261497891,7.6404017193386231,1.7732449271613531,3.489292716341045,z4c_spatial_or_other
719,0.64407647218330022,0.0088080673470351933,0.36490585650449398,0.0013212101020552789,7.6497379346348158,1.7739419312296012,3.489292716341045,z4c_spatial_or_other
720,0.64539768228535555,0.0088046266725558577,0.36445743658337931,0.0013206940008833785,7.6591499935938927,1.7746351527547828,3.489292716341045,z4c_spatial_or_other
721,0.64671837628623896,0.0088012081502609526,0.36401156239969629,0.0013201812225391428,7.668531611113365,1.775324447875571,3.489292716341045,z4c_spatial_or_other
722,0.64803855750877815,0.0087978124099264646,0.36357317421735985,0.0013196718614889697,7.6777781503868479,1.7760096796756546,3.489292716341045,z4c_spatial_or_other
723,0.6493582293702671,0.0087944400350574593,0.36314703196684589,0.0013191660052586189,7.6867877948887786,1.7766907202407132,3.489292716341045,z4c_spatial_or_other
724,0.65067739537552571,0.0087910915529610459,0.36273766745746527,0.0013186637329441568,7.6954626538755058,1.7773674527069545,3.489292716341045,z4c_spatial_or_other
725,0.65199605910846992,0.0087877674252726679,0.3623493419716467,0.0013181651137909001,7.7037097897952354,1.7780397732266096,3.489292716341045,z4c_spatial_or_other
726,0.65331422422226082,0.0087844680392829451,0.36198600937726577,0.0013176702058924417,7.711442157322641,1.7787075927793383,3.489292716341045,z4c_spatial_or_other
727,0.65463189442815328,0.0087811937003790305,0.36165128478706265,0.0013171790550568546,7.7185794451591949,1.7793708387648439,3.489292716341045,z4c_spatial_or_other
728,0.65594907348321019,0.0087779446258680893,0.36134841870356432,0.0013166916938802133,7.7250488132419814,1.7800294563210206,3.489292716341045,z4c_spatial_or_other
729,0.65726576517709046,0.0087747209403929438,0.3610802765141008,9.4080392537776447e-05,7.7307855195569681,1.7806834093233614,3.489292716341045,z4c_spatial_or_other
730,0.65735984556962823,0.009050752816271582,0.36106251979961196,0.00018816078507555289,7.7311657123039783,1.7807299658617346,3.489292716341045,z4c_spatial_or_other
731,0.65754800635470378,0.0090505380311448821,0.36106028113854016,0.00037632157015110579,7.7312136474013116,1.7808203154648246,3.489292716341045,z4c_spatial_or_other
732,0.65792432792485489,0.0090501336312895485,0.36105352845568622,0.00075264314030221158,7.7313582421212708,1.7810010787732229,3.489292716341045,z4c_spatial_or_other
733,0.6586769710651571,0.0090494270791570998,0.36103909450971966,0.001357414061873565,7.7316673333216741,1.7813631129787801,3.489292716341045,z4c_spatial_or_other
734,0.66003438512703072,0.0090485068513811769,0.36101239992757411,0.0013572760277071765,7.7322390411876452,1.7820199872399882,3.489292716341045,z4c_spatial_or_other
735,0.66139166115473791,0.0090480576970719713,0.36098922144108536,0.0013572086545607957,7.7327355147317256,1.7826860777541984,3.489292716341045,z4c_spatial_or_other
736,0.6627488698092987,0.0090480958836875753,0.3609745011177089,0.0013572143825531363,7.7330508510422105,1.7833665961307625,3.489292716341045,z4c_spatial_or_other
737,0.6641060841918518,0.0090486359848768443,0.36097296772819654,0.0013572953977315266,7.7330837005354791,1.784066859159007,3.489292716341045,z4c_spatial_or_other
738,0.66546337958958335,0.0090496911437096747,0.3609891382222164,0.0013574536715564511,7.7327372973601642,1.7847921089619323,3.489292716341045,z4c_spatial_or_other
739,0.66682083326113983,0.0090492037760176725,0.36102731757932155,0.0013573805664026507,7.731919545006531,1.7855473249172693,3.489292716341045,z4c_spatial_or_other
740,0.6681782138275425,0.0090483590987475351,0.36109157906761458,0.0013572538648121302,7.7305435376828289,1.7863368471832017,3.489292716341045,z4c_spatial_or_other
741,0.66953546769235461,0.0090478351507651076,0.36118576356575244,0.001357175272614766,7.7285276847980384,1.7871644444034898,3.489292716341045,z4c_spatial_or_other
742,0.67089264296496942,0.0090476572927525502,0.36131348100082189,0.0013571485939128825,7.7257957974352101,1.7880331003871004,3.489292716341045,z4c_spatial_or_other
743,0.67224979155888231,0.0090478520088971993,0.36147810208355186,0.0013571778013345798,7.7222773854987921,1.7889447885147629,3.489292716341045,z4c_spatial_or_other
744,0.67360696936021691,0.0090484465944115147,0.36168275127629557,0.0013572669891617271,7.7179079268295334,1.7899003146291841,3.489292716341045,z4c_spatial_or_other
745,0.67496423634937863,0.0090494687883442455,0.36193029955283917,0.0013574203182516369,7.712629134730145,1.7908991784943891,3.489292716341045,z4c_spatial_or_other
746,0.67632165666763022,0.0090509463567326979,0.36222335739500677,0.0013576419535099046,7.7063892100938158,1.7919394568674598,3.489292716341045,z4c_spatial_or_other
747,0.67767929862114018,0.0090529066319190981,0.36256426846308637,0.0013579359947878647,7.6991430647751207,1.7930177106989964,3.489292716341045,z4c_spatial_or_other
748,0.67903723461592802,0.0090538797332976213,0.36295510434939732,0.0013580819599946432,7.6908525038558846,1.7941289184256131,3.489292716341045,z4c_spatial_or_other
749,0.68039531657592267,0.0090542572346499397,0.36339758351876444,0.001358138585197491,7.6814879891150882,1.7952662470848151,3.489292716341045,z4c_spatial_or_other
750,0.68175345516112018,0.0090549452056037302,0.36389313215717672,0.0013582417808405596,7.6710273604920065,1.7964212695381105,3.489292716341045,z4c_spatial_or_other
751,0.68311169694196072,0.0090559690682254258,0.36444292639469378,0.0013583953602338138,7.6594549404141734,1.7975840667172758,3.489292716341045,z4c_spatial_or_other
752,0.68447009230219458,0.0090573563201348621,0.36504785986401866,0.0013586034480202293,7.6467621919839583,1.7987431747760865,3.489292716341045,z4c_spatial_or_other
753,0.68582869575021477,0.0090591361256379625,0.36570854946874692,0.0013588704188456943,7.632947540132335,1.799885667083299,3.489292716341045,z4c_spatial_or_other
754,0.68718756616906052,0.0090613387858205184,0.36642534387201431,0.0013592008178730777,7.6180161109375488,1.8009972624961275,3.489292716341045,z4c_spatial_or_other
755,0.68854676698693362,0.0090639951005515394,0.36719833467617774,0.0013595992650827309,7.6019793922391461,1.8020624577547346,3.489292716341045,z4c_spatial_or_other
756,0.6899063662520164,0.0090671356396728759,0.36802737015510234,0.0013600703459509314,7.5848548217933018,1.803064681431934,3.489292716341045,z4c_spatial_or_other
757,0.69126643659796738,0.0090707899441885217,0.35585988606847424,0.0013606184916282783,7.8441945337320513,1.8039864665468337,3.489292716341045,z4c_spatial_or_other
758,0.69262705508959566,0.0090721958484849055,0.34293404585794635,0.0013608293772727359,8.1398572314080848,1.8048096387281449,3.489292716341045,z4c_spatial_or_other
759,0.69398788446686843,0.0090737929401739116,0.33105017159651262,0.0013610689410260867,8.4320577742369061,1.8055153198965699,3.489292716341045,z4c_spatial_or_other
760,0.69534895340789449,0.0090757708739899919,0.32010138030994761,0.0013613656310984988,8.7204690288118965,1.8060846463729261,3.489292716341045,z4c_spatial_or_other
761,0.69671031903899294,0.0090781611554682298,0.30999582219816285,0.0013617241733202344,9.0047477197561392,1.8064987414087299,3.489292716341045,z4c_spatial_or_other
762,0.6980720432123132,0.0090809934121458321,0.30065439250908227,0.0013621490118218749,9.2845281579862888,1.8067389204198474,3.489292716341045,z4c_spatial_or_other
763,0.69943419222413505,0.0090842948305868317,0.29200869641891886,0.0013626442245880247,9.5594213710273017,1.8067869086401167,3.489292716341045,z4c_spatial_or_other
764,0.70079683644872304,0.0090880896499328147,0.28399939721393974,0.0013632134474899221,9.8290144291046477,1.8066250529262056,3.489292716341045,z4c_spatial_or_other
765,0.70216004989621295,0.0090891907419418071,0.27657487052883123,0.001363378611291271,10.09286985377743,1.8062365248905714,3.489292716341045,z4c_spatial_or_other
766,0.70352342850750427,0.009088894016744101,0.26969244265815095,0.0013633341025116152,10.350435279386463,1.8056057799666445,3.489292716341045,z4c_spatial_or_other
767,0.70488676261001593,0.0090887164292172817,0.26331359827791778,0.0013633074643825923,10.601177422392674,1.804718696945135,3.489292716341045,z4c_spatial_or_other
768,0.70625007007439855,0.0090886590650464394,0.2574035237130744,0.0013632988597569659,10.844584148678653,1.8035625584144261,3.489292716341045,z4c_spatial_or_other
769,0.7076133689341555,0.0090887209939004045,0.25193175825315722,0.0013633081490850606,11.080120237432805,1.8021262406640657,3.489292716341045,z4c_spatial_or_other
770,0.70897667708324053,0.0090888991851654447,0.24687166740572564,0.0013633348777748167,11.307227769014109,1.8004003377153832,3.489292716341045,z4c_spatial_or_other
771,0.71034001196101537,0.0090891885143938294,0.24220000396588465,0.0013633782771590743,11.525326702579356,1.7983772640785276,3.489292716341045,z4c_spatial_or_other
772,0.71170339023817442,0.0090895818610092407,0.23789654214450534,0.0013634372791513861,11.733815665875619,1.7960513357968841,3.489292716341045,z4c_spatial_or_other
773,0.71306682751732575,0.0090900702939454708,0.23394377276788969,0.0013635105440918205,11.932072993635071,1.7943894765201529,3.489292716341045,z4c_spatial_or_other
774,0.71443033806141754,0.0090906433382276775,0.23032665027018101,0.0013635965007341515,12.119458038391949,1.7956352818009043,3.489292716341045,z4c_spatial_or_other
775,0.71579393456215168,0.0090912893121896914,0.22703238411919077,0.0013636933968284536,12.295312776204423,1.7968008445001731,3.489292716341045,z4c_spatial_or_other
776,0.71715762795898008,0.0090914556846659368,0.22405026871152223,0.0013637183526998904,12.458963736691476,1.7978724697359891,3.489292716341045,z4c_spatial_or_other
777,0.71852134631167996,0.0090891120739186038,0.22137169733822878,0.0013633668110877904,12.609715725347977,1.7988361417645704,3.489292716341045,z4c_spatial_or_other
778,0.71988471312276781,0.0090868477464408591,0.21899033222865583,0.0013630271619661288,12.746837472981216,1.7996775705273462,3.489292716341045,z4c_spatial_or_other
779,0.72124774028473393,0.0090846713637866058,0.21690071876126077,0.0013627007045679909,12.869640031692676,1.8003828193373805,3.489292716341045,z4c_spatial_or_other
780,0.72261044098930194,0.0090825908041661241,0.21509912059146952,0.0013623886206249186,12.9774318249051,1.8009381258630985,3.489292716341045,z4c_spatial_or_other
781,0.72397282960992682,0.0090806129709452565,0.21358348910778982,0.0013620919456417884,13.06952229656701,1.8013300411546034,3.489292716341045,z4c_spatial_or_other
782,0.72533492155556856,0.0090787436631214347,0.21235345663957714,0.0013618115494682152,13.145225970164811,1.8015455668981006,3.489292716341045,z4c_spatial_or_other
783,0.7266967331050368,0.0090769875146230385,0.21141035327926611,0.0013615481271934558,13.203866933543429,1.8015722892892765,3.489292716341045,z4c_spatial_or_other
784,0.72805828123223026,0.009075348006615809,0.21075724780687416,0.0013613022009923714,13.244783760085662,1.8013985080172157,3.489292716341045,z4c_spatial_or_other
785,0.72941958343322266,0.0090737721417489588,0.21039901385301588,0.0013610658212623438,13.267334869843657,1.8010133589630462,3.489292716341045,z4c_spatial_or_other
786,0.73078064925448505,0.009072270150303114,0.2103424225434177,0.0013608405225454671,13.270904363082744,1.8004069337362596,3.489292716341045,z4c_spatial_or_other
787,0.73214148977703053,0.0090709768013325764,0.21059625870389717,0.0013606465201998865,13.2549086591213,1.7995703865123012,3.489292716341045,z4c_spatial_or_other
788,0.73350213629723038,0.0090699052841911702,0.21117148803529306,0.0013604857926286754,13.218802401043384,1.798496013502253,3.489292716341045,z4c_spatial_or_other
789,0.73486262208985909,0.0090689581007472719,0.21208146091673533,0.0013603437151120908,13.162084799900416,1.7971773402751565,3.489292716341045,z4c_spatial_or_other
790,0.73622296580497115,0.0090680465612193381,0.21334213619880429,0.0013602069841829006,13.084307782835827,1.795609214766936,3.489292716341045,z4c_spatial_or_other
791,0.73758317278915408,0.0090672593686330905,0.21497235305541879,0.0013600889052949635,12.98508451620855,1.7937878815266204,3.489292716341045,z4c_spatial_or_other
792,0.73894326169444902,0.009066599077081898,0.21699420355996077,0.0013599898615622847,12.864095571573621,1.7917110016975044,3.489292716341045,z4c_spatial_or_other
793,0.74030325155601129,0.0090660697630975118,0.21943344634479572,0.0013599104644646267,12.721097077820382,1.7893777018245798,3.489292716341045,z4c_spatial_or_other
794,0.74166316202047589,0.0090656773939384906,0.22232001414953695,0.0013598516090907735,12.555928370872003,1.7867885980457423,3.489292716341045,z4c_spatial_or_other
795,0.74302301362956669,0.0090654301517639826,0.22568862679919763,0.0013598145227645974,12.368519462686368,1.7839458070651848,3.489292716341045,z4c_spatial_or_other
796,0.74438282815233126,0.0090653386980205069,0.22957953331291078,0.0013598008047030761,12.158898194414334,1.7808529439342742,3.489292716341045,z4c_spatial_or_other
797,0.74574262895703436,0.0090654163641358584,0.23403941340814119,0.0013598124546203786,11.927196929881447,1.7775151067940704,3.489292716341045,z4c_spatial_or_other
798,0.74710244141165472,0.0090656792569574242,0.23912247729738409,0.0013598518885436135,11.673658639799369,1.7739388488592807,3.489292716341045,z4c_spatial_or_other
799,0.74846229330019831,0.0090661462701917359,0.24489181413064282,0.0013599219405287604,11.398642224862957,1.7701321380438373,3.489292716341045,z4c_spatial_or_other
800,0.74982221524072712,0.0090668389962722876,0.24562970196343414,0.0013600258494408431,11.364399951469979,1.7661043047449287,3.489292716341045,z4c_spatial_or_other
801,0.75118224109016796,0.0090677815364649753,0.244044508922584,0.0013601672304697462,11.438217501375281,1.7629378998755365,3.489292716341045,z4c_spatial_or_other
802,0.75254240832063768,0.0090690002104592531,0.24274436105621933,0.0013603500315688879,11.499481021626464,1.7623855531918258,3.489292716341045,z4c_spatial_or_other
803,0.75390275835220655,0.0090705231700248107,0.24173265098486985,0.0013605784755037216,11.547609152921396,1.761644619714315,3.489292716341045,z4c_spatial_or_other
804,0.7552633368277103,0.0090723799244008842,0.24101421106631229,0.0013608569886601326,11.582031452513831,1.760707728956947,3.489292716341045,z4c_spatial_or_other
805,0.75662419381637047,0.0090746007878754007,0.2396620079817241,0.00136119011818131,11.647378725482858,1.759568324241181,3.489292716341045,z4c_spatial_or_other
806,0.75798538393455173,0.0090763833117631018,0.23840983725999698,0.0013614574967644652,11.708552822963625,1.7582207279318971,3.489292716341045,z4c_spatial_or_other
807,0.75934684143131614,0.009077433164662526,0.23746299079309649,0.0013616149746993789,11.755238842692066,1.7566603535016978,3.489292716341045,z4c_spatial_or_other
808,0.76070845640601548,0.0090787178099989551,0.23682641643623847,0.0013618076714998432,11.786836177645677,1.7548837521458278,3.489292716341045,z4c_spatial_or_other
809,0.76207026407751532,0.0090802665367723818,0.23650684174558168,0.0013620399805158573,11.802762881911363,1.7528884066137393,3.489292716341045,z4c_spatial_or_other
810,0.7634323040580312,0.0090821090624780745,0.23651418591435591,0.0013623163593717111,11.802396385997929,1.750672896081882,3.489292716341045,z4c_spatial_or_other
811,0.76479462041740287,0.0090842750127200292,0.23685960239229945,0.0013626412519080044,11.78518474606537,1.7482369243993694,3.489292716341045,z4c_spatial_or_other
812,0.76615726166931086,0.0090847428779116546,0.2375559434539346,0.0013627114316867482,11.750639165187353,1.7455813402877765,3.489292716341045,z4c_spatial_or_other
813,0.76751997310099762,0.0090851563958201514,0.23861851664136377,0.0013627734593730228,11.69831332607048,1.7427088221154432,3.489292716341045,z4c_spatial_or_other
814,0.76888274656037059,0.0090859196313219162,0.24006564266435509,0.0013628879446982874,11.627795390011917,1.7429129859071706,3.489292716341045,z4c_spatial_or_other
815,0.77024563450506889,0.0090870615278417256,0.2419190989051507,0.0013630592291762587,11.538709368983202,1.7430379269865186,3.489292716341045,z4c_spatial_or_other
816,0.77160869373424512,0.0090886118643493403,0.2442045728793649,0.001363291779652401,11.43072031845932,1.7430293878522505,3.489292716341045,z4c_spatial_or_other
817,0.77297198551389756,0.0090906007677889408,0.24695223632237762,0.001363590115168341,11.303538751634662,1.7428781512691263,3.489292716341045,z4c_spatial_or_other
818,0.77433557562906585,0.0090918327897962191,0.25019744135153643,0.0013637749184694328,11.156925338619953,1.7425752837787551,3.489292716341045,z4c_spatial_or_other
819,0.77569935054753525,0.0090922979382961969,0.25398101989234168,0.0013638446907444294,10.990719598874273,1.7421122821535346,3.489292716341045,z4c_spatial_or_other
820,0.77706319523827971,0.0090930606767201366,0.25216098968548339,0.0013639591015080204,11.070047657072372,1.7414811677754469,3.489292716341045,z4c_spatial_or_other
821,0.77842715433978771,0.0090941561396763442,0.24536790768460826,0.0013641234209514515,11.376525151206401,1.740674465003776,3.489292716341045,z4c_spatial_or_other
822,0.7797912777607392,0.0090956203204128547,0.23895210666198685,0.0013643430480619282,11.68198185011819,1.7396852952264374,3.489292716341045,z4c_spatial_or_other
823,0.78115562080880108,0.0090974894061126299,0.23289363512911174,0.0013646234109168944,11.985875747636122,1.7385074422065259,3.489292716341045,z4c_spatial_or_other
824,0.782520244219718,0.0090997990716190739,0.22717426997145951,0.001364969860742861,12.287633513353125,1.7371354139794377,3.489292716341045,z4c_spatial_or_other
825,0.78388521408046086,0.0091025837475067154,0.22177739109141137,0.0013653875621260072,12.586648978670118,1.7355645009683187,3.489292716341045,z4c_spatial_or_other
826,0.78525060164258687,0.0091058758785474286,0.21668787194267228,0.0013658813817821142,12.882281541863811,1.7337908300441158,3.489292716341045,z4c_spatial_or_other
827,0.78661648302436893,0.009109705188366549,0.21189198440081211,0.0013664557782549823,13.173854504059936,1.7318114142969514,3.489292716341045,z4c_spatial_or_other
828,0.78798293880262393,0.0091140979655178582,0.20737731668312614,0.0013671146948276787,13.460653352643025,1.7296241983156313,3.489292716341045,z4c_spatial_or_other
829,0.78935005349745158,0.0091190763854180398,0.20313270317992507,0.0013678614578127059,13.741924019985692,1.7272280987884121,3.489292716341045,z4c_spatial_or_other
830,0.79071791495526433,0.0091235708348612679,0.19914816530990329,0.0013685356252291902,14.01687115082864,1.7246230402399612,3.489292716341045,z4c_spatial_or_other
831,0.79208645058049354,0.0091265545118274834,0.19541529278574457,0.0013689831767741225,14.284624981389735,1.7218103330386776,3.489292716341045,z4c_spatial_or_other
832,0.79345543375726768,0.0091299944077586834,0.19192704274987329,0.0013694991611638025,14.544246256692135,1.7203129218990065,3.489292716341045,z4c_spatial_or_other
833,0.79482493291843148,0.009133915561373258,0.18867655445231582,0.0013700873342059887,14.794812112059819,1.7202078060756125,3.489292716341045,z4c_spatial_or_other
834,0.79619502025263744,0.0091383404026988135,0.1856580036087552,0.0013707510604048219,15.035355970730683,1.7199839545702145,3.489292716341045,z4c_spatial_or_other
835,0.79756577131304229,0.0091432884175583831,0.18286659083442372,0.0013714932626337575,15.264866919296026,1.7196338947055565,3.489292716341045,z4c_spatial_or_other
836,0.79893726457567604,0.0091487758373726778,0.18029854026866673,0.0013723163756059016,15.482289368029603,1.7192896138477369,3.489292716341045,z4c_spatial_or_other
837,0.80030958095128191,0.0091548153516248839,0.17795110858901148,0.0013732223027437325,15.686523086067517,1.7197816771745205,3.489292716341045,z4c_spatial_or_other
838,0.80168280325402563,0.0091614158398844545,0.17582260465066341,0.001374212375982668,15.876423731857756,1.7202995482319099,3.489292716341045,z4c_spatial_or_other
839,0.80305701563000831,0.0091685821203236727,0.17391242087081235,0.0013752873180485508,16.050803956931873,1.720843040101574,3.489292716341045,z4c_spatial_or_other
840,0.8044323029480569,0.0091763147122187437,0.17222107754942242,0.0013764472068328116,16.208435185709344,1.7214117538356306,3.489292716341045,z4c_spatial_or_other
841,0.80580875015488973,0.0091800087296286925,0.17075028166449951,0.0013770013094443038,16.348050181010038,1.7220050875290169,3.489292716341045,z4c_spatial_or_other
842,0.80718575146433402,0.0091828551576560152,0.16950357000221664,0.0013774282736484023,16.46829133472724,1.7226219323104315,3.489292716341045,z4c_spatial_or_other
843,0.80856317973798242,0.0091861978869356205,0.16848505778492961,0.001377929683040343,16.567844114913079,1.72326118270992,3.489292716341045,z4c_spatial_or_other
844,0.80994110942102271,0.0091900676052428416,0.16770007334622078,0.0013785101407864262,16.645396256385972,1.7239216580608747,3.489292716341045,z4c_spatial_or_other
845,0.81131961956180909,0.0091944907589460393,0.16715553255078519,0.0013791736138419059,16.699621786223215,1.7246020364544048,3.489292716341045,z4c_spatial_or_other
846,0.81269879317565097,0.0091994889206854624,0.1668600980311295,0.0013799233381028193,16.729189338915916,1.7253008725629342,3.489292716341045,z4c_spatial_or_other
847,0.81407871651375374,0.0092050782668657155,0.16682437691953866,0.0013807617400298574,16.732771460727093,1.7260166161420865,3.489292716341045,z4c_spatial_or_other
848,0.81545947825378362,0.0092083476116264391,0.1670611763716508,0.0013812521417439659,16.709053735279003,1.726747631002429,3.489292716341045,z4c_spatial_or_other
849,0.81684073039552763,0.0092117954931721022,0.16758558399214182,0.0013817693239758153,16.656767882873076,1.7274919762037704,3.489292716341045,z4c_spatial_or_other
850,0.81822249971950345,0.0092158664419697296,0.16841539918767978,0.0013823799662954594,16.574696770822605,1.7282478563175729,3.489292716341045,z4c_spatial_or_other
851,0.81960487968579887,0.009220585784245932,0.16957182464793211,0.0013830878676368897,16.461662654562215,1.7290134869428253,3.489292716341045,z4c_spatial_or_other
852,0.82098796755343573,0.0092259757850288449,0.17108449676115275,0.0013838963677543267,16.316114118568528,1.7297870812614553,3.489292716341045,z4c_spatial_or_other
853,0.8223718639211901,0.0092320557020619427,0.17298683982393429,0.0013848083553092913,16.136685171623188,1.7305668686548872,3.489292716341045,z4c_spatial_or_other
854,0.8237566722764994,0.009233351704720328,0.17532003011553535,0.0013850027557080491,15.921935281629201,1.7313511124844332,3.489292716341045,z4c_spatial_or_other
855,0.82514167503220748,0.0092349037065486209,0.17812478782333607,0.001385235555982293,15.67122805974302,1.7321376588789403,3.489292716341045,z4c_spatial_or_other
856,0.82652691058818972,0.0092369984583035841,0.18144861014273339,0.0013855497687455375,15.384158472622101,1.7329248494068163,3.489292716341045,z4c_spatial_or_other
857,0.82791246035693522,0.0092397045620923757,0.18534761919412102,0.0013859556843138564,15.060534282608023,1.7337111358105459,3.489292716341045,z4c_spatial_or_other
858,0.8292984160412491,0.0092430904805478487,0.18988834526488316,0.0013864635720821773,14.700397589851807,1.7344950744052285,3.489292716341045,z4c_spatial_or_other
859,0.83068487961333126,0.0092472233379882404,0.19515005607917882,0.001387083500698236,14.304039820210246,1.7352753372038576,3.489292716341045,z4c_spatial_or_other
860,0.83207196311402953,0.0092521675791726009,0.20122774411564889,0.00138782513687589,13.872014444829999,1.7360507211577341,3.489292716341045,z4c_spatial_or_other
861,0.83345978825090539,0.0092579835041311058,0.20463621223730058,0.0013886975256196658,13.640958961045609,1.7368201555132889,3.489292716341045,z4c_spatial_or_other
862,0.83484848577652504,0.0092647257057856848,0.2015929347667812,0.0013897088558678526,13.846884943176159,1.7375827073322223,3.489292716341045,z4c_spatial_or_other
863,0.83623819463239291,0.009272441444870454,0.19879979855384319,0.0013908662167305681,14.041433609988296,1.7383375855981709,3.489292716341045,z4c_spatial_or_other
864,0.83762906084912347,0.0092811690035769692,0.19625328688008914,0.0013921753505365454,14.223630174298197,1.7390841433734996,3.489292716341045,z4c_spatial_or_other
865,0.83902123619966007,0.0092909360650800243,0.19395100725451628,0.0013936404097620037,14.392470617127129,1.7398218782183525,3.489292716341045,z4c_spatial_or_other
866,0.84041487660942205,0.0093017581703337526,0.19189170791953072,0.0013952637255500628,14.546924425954959,1.7405504310499662,3.489292716341045,z4c_spatial_or_other
867,0.84181014033497215,0.0093103508838329602,0.18999391689971934,0.0013965526325749439,14.692229196717824,1.7412695835817851,3.489292716341045,z4c_spatial_or_other
868,0.84320669296754713,0.0093189223022412029,0.18711514822214739,0.0013978383453361804,14.918269309541852,1.7419790058906155,3.489292716341045,z4c_spatial_or_other
869,0.84460453131288327,0.0093279463904344714,0.18450653575950327,0.0013991919585651707,15.129188576340496,1.7426786801651453,3.489292716341045,z4c_spatial_or_other
870,0.84600372327144846,0.0093375937521783872,0.18216632933098098,0.0014006390628267581,15.323546252068537,1.7433687557185475,3.489292716341045,z4c_spatial_or_other
871,0.84740436233427519,0.0093478318207448046,0.18009401165474057,0.0014021747731117206,15.49987224685912,1.7440495178458977,3.489292716341045,z4c_spatial_or_other
872,0.84880653710738696,0.0093584165411519562,0.17829044392726476,0.0014037624811727935,15.656667354598252,1.7447213649401152,3.489292716341045,z4c_spatial_or_other
873,0.85021029958855976,0.0093688360943770324,0.1767617807303932,0.0014053254141565548,15.79206863349315,1.7453847855379867,3.489292716341045,z4c_spatial_or_other
874,0.85161562500271626,0.0093796541910993007,0.17551927395578606,0.001406948128664895,15.903861212279221,1.7460403319320243,3.489292716341045,z4c_spatial_or_other
875,0.85302257313138119,0.0093908507319227646,0.17456825117815106,0.0014086276097884146,15.990503165573397,1.7466886866482125,3.489292716341045,z4c_spatial_or_other
876,0.85443120074116963,0.0093959698715194231,0.17391563125303555,0.0014093954807279133,16.050507668350335,1.7473306103930546,3.489292716341045,z4c_spatial_or_other
877,0.85584059622189756,0.0094009297638540431,0.17357059890365137,0.0014101394645781064,16.082413673195624,1.7479664984636043,3.489292716341045,z4c_spatial_or_other
878,0.8572507356864757,0.0094067056721599158,0.17354393377817398,0.0014110058508239873,16.08488474532842,1.7485972148988533,3.489292716341045,z4c_spatial_or_other
879,0.85866174153729968,0.0094134592081945127,0.17384904699122536,0.0014120188812291768,16.056655019878985,1.7492237347910076,3.489292716341045,z4c_spatial_or_other
880,0.8600737604185289,0.0094213452933578357,0.17450244841686804,0.0014132017940036753,15.996532990782988,1.7498470782646149,3.489292716341045,z4c_spatial_or_other
881,0.86148696221253263,0.009430506088040894,0.17552422904841464,0.0014145759132061341,15.903412242322844,1.7504683006453359,3.489292716341045,z4c_spatial_or_other
882,0.86290153812573878,0.0094410650976054691,0.17693864827591987,0.0014161597646408202,15.776282910898281,1.7510884830440112,3.489292716341045,z4c_spatial_or_other
883,0.8643176978903796,0.0094531217596672597,0.17877485241728039,0.0014179682639500889,15.61424403560585,1.7517087234293249,3.489292716341045,z4c_spatial_or_other
884,0.86573566615432973,0.009466746793311151,0.18106775907840761,0.0014200120189966725,15.41651692869333,1.7523301282426116,3.489292716341045,z4c_spatial_or_other
885,0.86715567817332639,0.0094819785453864967,0.18385915316462104,0.0014222967818079745,15.182459643842066,1.7529538045905593,3.489292716341045,z4c_spatial_or_other
886,0.86857797495513434,0.0094988205076149673,0.18226267293261295,0.001424823076142245,15.315446263124315,1.7535808530571559,3.489292716341045,z4c_spatial_or_other
887,0.87000279803127656,0.009517240107894516,0.17751794748740249,0.0014275860161841773,15.724799731987266,1.7542123612048877,3.489292716341045,z4c_spatial_or_other
888,0.87143038404746076,0.0095371688072601758,0.17302896634038006,0.0014305753210890264,16.132756451781418,1.7548493982601823,3.489292716341045,z4c_spatial_or_other
889,0.87286095936854979,0.0095585034669433706,0.16878476618214242,0.0014337755200415055,16.538424860336551,1.7554930098578083,3.489292716341045,z4c_spatial_or_other
890,0.87429473488859133,0.0095381303326089965,0.16477558189468333,0.0014307195498913495,16.940824246986956,1.7561442133640308,3.489292716341045,z4c_spatial_or_other
891,0.87572545443848271,0.009517520351131372,0.1610092456986465,0.0014276280526697058,17.337104841155728,1.7568010171527926,3.489292716341045,z4c_spatial_or_other
892,0.87715308249115242,0.0094971487373421374,0.15747571368756705,0.0014245723106013205,17.726124922418588,1.7574641651138474,3.489292716341045,z4c_spatial_or_other
893,0.87857765480175376,0.0094770305636437593,0.15416584635274178,0.0014215545845465639,18.106696386473615,1.7581343838144827,3.489292716341045,z4c_spatial_or_other
894,0.87999920938630027,0.0094571534031670304,0.15107155393911509,0.0014185730104750544,18.477563116864747,1.7588123522948278,3.489292716341045,z4c_spatial_or_other
895,0.88141778239677537,0.0094375041397478116,0.148185761529701,0.0014156256209621717,18.837398035123279,1.7594987014870256,3.489292716341045,z4c_spatial_or_other
896,0.88283340801773758,0.0094180693743486747,0.14550237334386817,0.0014127104061523012,19.184801655955077,1.7601940157497149,3.489292716341045,z4c_spatial_or_other
897,0.88424611842388989,0.0093988358120893553,0.14301624670268578,0.0014098253718134032,19.518301154105274,1.7608988345919394,3.489292716341045,z4c_spatial_or_other
898,0.88565594379570334,0.0093797906198402527,0.1406018028981415,0.0014069685929760378,19.853473536858424,1.7616136544772036,3.489292716341045,z4c_spatial_or_other
899,0.8870629123886794,0.0093609217453747926,0.13781758844006631,0.0014041382618062189,20.2545567998149,1.762338930609153,3.489292716341045,z4c_spatial_or_other
900,0.88846705065048559,0.0093422181901657471,0.13523131950886352,0.0014013327285248621,20.64192069714942,1.763075078668408,3.489292716341045,z4c_spatial_or_other
901,0.88986838337901042,0.0093236702290638851,0.1328365212680141,0.0013985505343595828,21.014056574402254,1.7638224763351884,3.489292716341045,z4c_spatial_or_other
902,0.89126693391336997,0.0093052695717699523,0.13062768455316037,0.0013957904357654928,21.369391814771326,1.7645814645321423,3.489292716341045,z4c_spatial_or_other
903,0.89266272434913552,0.0092870094631160183,0.12860023445913377,0.0013930514194674026,21.706291476162829,1.7653523483672817,3.489292716341045,z4c_spatial_or_other
904,0.89405577576860296,0.0092688847215444195,0.12675050972231611,0.001390332708231663,22.023060729209575,1.7661353977497702,3.489292716341045,z4c_spatial_or_other
905,0.89544610847683459,0.009250891717760867,0.12507575286800271,0.0013876337576641301,22.317948195912482,1.766930847662834,3.489292716341045,z4c_spatial_or_other
906,0.89683374223449874,0.0092330282981913821,0.12357411139747256,0.0013849542447287072,22.589150279982746,1.767738898093145,3.489292716341045,z4c_spatial_or_other
907,0.89821869647922747,0.0092152936603617525,0.12224465054599971,0.0013822940490542629,22.834816579744249,1.7685597136303506,3.489292716341045,z4c_spatial_or_other
908,0.89960099052828169,0.009197143039276174,0.12108737842002872,0.001379571455891426,23.053056474555842,1.7693934227637866,3.489292716341045,z4c_spatial_or_other
909,0.90098056198417309,0.0091780915679600707,0.12010333792140139,0.0013767137351940106,23.241936663738855,1.7702400662974294,3.489292716341045,z4c_spatial_or_other
910,0.90235727571936708,0.0091593425253702326,0.11929460397611501,0.0013739013788055348,23.399500732084523,1.7710995973730645,3.489292716341045,z4c_spatial_or_other
911,0.90373117709817263,0.0091408974984192645,0.11866420485563284,0.0013711346247628896,23.523809698711602,1.7719720382911708,3.489292716341045,z4c_spatial_or_other
912,0.90510231172293554,0.009122758820905753,0.11821637362647078,0.0013684138231358628,23.612923383125871,1.7728573713287095,3.489292716341045,z4c_spatial_or_other
913,0.90647072554607144,0.0091049297721002894,0.1179589781429055,0.0013657394658150434,23.664448582210134,1.773755537383122,3.489292716341045,z4c_spatial_or_other
914,0.90783646501188653,0.0090874145724533263,0.11790358798714164,0.0013631121858679988,23.675565949504993,1.7746664346961021,3.489292716341045,z4c_spatial_or_other
915,0.90919957719775457,0.0090702181812449909,0.11805920908676505,0.0013605327271867486,23.644357730885122,1.7755899177083845,3.489292716341045,z4c_spatial_or_other
916,0.9105601099249413,0.0090533459218603406,0.11843652605980876,0.001358001888279051,23.569031159046339,1.7765257960921472,3.489292716341045,z4c_spatial_or_other
917,0.91191811181322036,0.0090368029775889421,0.11904834493768321,0.0013555204466383414,23.447904080766804,1.7774738340035396,3.489292716341045,z4c_spatial_or_other
918,0.91327363225985869,0.0090205938127295611,0.11990981709217179,0.0013530890719094342,23.279446510431487,1.7784337495935365,3.489292716341045,z4c_spatial_or_other
919,0.91462672133176814,0.0090047215793437139,0.12104352988051721,0.0013507082369015571,23.061407543453811,1.7794052148125414,3.489292716341045,z4c_spatial_or_other
920,0.91597742956866968,0.0089891875690285179,0.12247571541185154,0.0013483781353542776,22.791736008122303,1.7803878555415473,3.489292716341045,z4c_spatial_or_other
921,0.91732580770402394,0.0089739907620894864,0.12423239297831935,0.0013460986143134228,22.469455076503184,1.7813812520804309,3.489292716341045,z4c_spatial_or_other
922,0.91867190631833739,0.0089591275146229197,0.12634430960165413,0.001343869127193438,22.093865421195751,1.7823849400224334,3.489292716341045,z4c_spatial_or_other
923,0.92001577544553081,0.0089445679000663535,0.12884791149447486,0.0013416851850099529,21.664566702678268,1.7833984115403356,3.489292716341045,z4c_spatial_or_other
924,0.9213574606305408,0.0089302296193134074,0.13178652247388145,0.001339534442897011,21.181484423993854,1.7844211144028908,3.489292716341045,z4c_spatial_or_other
925,0.92269699507343783,0.0089161960570479475,0.13521182929551273,0.001337429408557192,20.644896142718448,1.7854524482494938,3.489292716341045,z4c_spatial_or_other
926,0.92403442448199502,0.0089024506515469008,0.13918587889401632,0.0013353675977320352,20.055440934481478,1.7864917865393746,3.489292716341045,z4c_spatial_or_other
927,0.92536979207972703,0.0088889747391470691,0.14378356698391245,0.0013333462108720603,19.414139123319721,1.7875384686113311,3.489292716341045,z4c_spatial_or_other
928,0.92670313829059914,0.0088757481165167556,0.14909593185981701,0.0013313622174775132,18.722403342952365,1.7885918031295476,3.489292716341045,z4c_spatial_or_other
929,0.92803450050807668,0.0088620350134455492,0.15523452538843394,0.0013293052520168323,17.982044690689779,1.7896510719354575,3.489292716341045,z4c_spatial_or_other
930,0.92936380576009348,0.0088475745366098091,0.15996944853656356,0.0013271361804914714,17.449795561649445,1.7907154481967835,3.489292716341045,z4c_spatial_or_other
931,0.93069094194058499,0.00883325210485068,0.15660632293794638,0.0013249878157276019,17.8245304576809,1.7917840562732166,3.489292716341045,z4c_spatial_or_other
932,0.93201592975631264,0.0088190673195121111,0.15344860094020413,0.0013228600979268165,18.191330230248255,1.7928561164762917,3.489292716341045,z4c_spatial_or_other
933,0.93333878985423946,0.0088050198661482268,0.1504884221189062,0.001320752979922234,18.54916234597254,1.793930844990639,3.489292716341045,z4c_spatial_or_other
934,0.93465954283416164,0.0087911094825436839,0.14771865332376954,0.0013186664223815525,18.896964670768927,1.7950074589115061,3.489292716341045,z4c_spatial_or_other
935,0.93597820925654318,0.0087773359209972132,0.14513287776597031,0.0013166003881495819,19.233644478366095,1.7960851811708121,3.489292716341045,z4c_spatial_or_other
936,0.93729480964469281,0.0087636989065342161,0.14272761912003937,0.0013145548359801325,19.557771581162115,1.7971632453128361,3.489292716341045,z4c_spatial_or_other
937,0.93860936448067289,0.0087501980926571882,0.14050338382432026,0.0013125297138985783,19.867380393935086,1.7982409000495432,3.489292716341045,z4c_spatial_or_other
938,0.93992189419457151,0.0087368330162202884,0.1384560098735258,0.0013105249524330432,20.161162925485886,1.7993174135294507,3.489292716341045,z4c_spatial_or_other
939,0.94123241914700451,0.0087236030530188063,0.13658176333991451,0.0013085404579528208,20.437824968811707,1.8003920772595181,3.489292716341045,z4c_spatial_or_other
940,0.94254095960495732,0.0087105073757105973,0.13487763243099288,0.0013065761063565896,20.696049617426457,1.8014642096263278,3.489292716341045,z4c_spatial_or_other
941,0.94384753571131386,0.0086975449157193924,0.1333413393450924,0.0013046317373579088,20.934499284190476,1.8025331589698035,3.489292716341045,z4c_spatial_or_other
942,0.94515216744867181,0.0086843488203861494,0.13197135715323874,0.0013026523230579223,21.151818343669515,1.8035983061709677,3.489292716341045,z4c_spatial_or_other
943,0.94645481977172974,0.0086709930476630923,0.13076697970043,0.0013006489571494638,21.346628785551566,1.8046590221477896,3.489292716341045,z4c_spatial_or_other
944,0.94775546872887917,0.0086577504784452683,0.12972826763005602,0.0012986625717667903,21.517547594431182,1.8057147237724549,3.489292716341045,z4c_spatial_or_other
945,0.94905413130064598,0.0086446209926818781,0.12885607380974004,0.0012966931489022816,21.663194372928626,1.8074823654186083,3.489292716341045,z4c_spatial_or_other
946,0.95035082444954821,0.0086316042254198158,0.12815213455774296,0.0012947406338129723,21.782190228092283,1.8102081133406049,3.489292716341045,z4c_spatial_or_other
947,0.95164556508336118,0.0086186995748627777,0.12761912594828329,0.0012928049362294165,21.873164796662564,1.8129185109980785,3.489292716341045,z4c_spatial_or_other
948,0.95293837001959059,0.0086059062225960214,0.12726073263250293,0.0012908859333894032,21.934764285333777,1.8156135560685471,3.489292716341045,z4c_spatial_or_other
949,0.95422925595298003,0.008593223165629979,0.1270817314607007,0.0012889834748444969,21.965660531907936,1.8182932874936588,3.489292716341045,z4c_spatial_or_other
950,0.95551823942782455,0.0085806492594041467,0.12708809271599347,0.0012870973889106219,21.964561064827016,1.8209577769275964,3.489292716341045,z4c_spatial_or_other
951,0.95680533681673519,0.008568183270387518,0.12728710234087837,0.0012852274905581277,21.930220122360069,1.823607117975818,3.489292716341045,z4c_spatial_or_other
952,0.95809056430729334,0.0085558239364470108,0.12768750939828569,0.0012833735904670515,21.861450553990629,1.8262414135754899,3.489292716341045,z4c_spatial_or_other
953,0.95937393789776038,0.008543570032762432,0.12829970418928341,0.0012815355049143648,21.757136469734732,1.8288607619627477,3.489292716341045,z4c_spatial_or_other
954,0.96065547340267476,0.008531420440772413,0.12913595219570254,0.0012797130661158619,21.616243390086151,1.8314652417464674,3.489292716341045,z4c_spatial_or_other
955,0.96193518646879062,0.0085193742174589637,0.13021065862268039,0.0012779061326188446,21.43783160763936,1.834054896658877,3.489292716341045,z4c_spatial_or_other
956,0.96321309260140942,0.0085074306622256526,0.13154066308682097,0.0012761145993338478,21.221074210568652,1.8366297205779754,3.489292716341045,z4c_spatial_or_other
957,0.96448920720074327,0.008495589378993796,0.13314562084835563,0.0012743384068490693,20.965272123009601,1.8391896433500416,3.489292716341045,z4c_spatial_or_other
958,0.96576354560759237,0.0084838502921840368,0.13504846996240166,0.0012725775438276056,20.669868928170668,1.84173452640895,3.489292716341045,z4c_spatial_or_other
959,0.96703612315141996,0.0084722137333986952,0.1364375444088976,0.0012708320600098042,20.459428415884013,1.8442641429599425,3.489292716341045,z4c_spatial_or_other
960,0.96830695521142973,0.0084606805151740995,0.13381092686424487,0.0012691020772761148,20.861033089658129,1.8467781606901248,3.489292716341045,z4c_spatial_or_other
961,0.96957605728870588,0.0084492519527358517,0.13131907961393441,0.0012673877929103778,21.256881949518586,1.8492761356158465,3.489292716341045,z4c_spatial_or_other
962,0.97084344508161624,0.0084379298694915623,0.12895804103486019,0.0012656894804237344,21.646065267990927,1.8517575094448497,3.489292716341045,z4c_spatial_or_other
963,0.97210913456203996,0.0084267165873225212,0.12672430590788783,0.0012640074880983781,22.027614616424472,1.8542216102896893,3.489292716341045,z4c_spatial_or_other
964,0.97337314205013836,0.0084156149016625572,0.12461481946284846,0.0012623422352493836,22.400499275329363,1.8566676567998834,3.489292716341045,z4c_spatial_or_other
965,0.97463548428538771,0.0084046280416735595,0.12262697418528079,0.001260694206251034,22.763622698992592,1.8590947657082388,3.489292716341045,z4c_spatial_or_other
966,0.97589617849163879,0.0083937596161095234,0.12075860947311313,0.0012590639424164285,23.115819114283095,1.8615019627214593,3.489292716341045,z4c_spatial_or_other
967,0.97715524243405527,0.008383013545683389,0.11900801429416358,0.0012574520318525083,23.455850344439657,1.8638881966313512,3.489292716341045,z4c_spatial_or_other
968,0.97841269446590773,0.0083723939829095928,0.11737393306756648,0.0012558590974364389,23.78240295880639,1.8662523564819111,3.489292716341045,z4c_spatial_or_other
969,0.97966855356334415,0.0083619052205270768,0.11585557506718247,0.0012542857830790614,24.09408586038381,1.8685932915913999,3.489292716341045,z4c_spatial_or_other
970,0.98092283934642321,0.0083515515896865518,0.11445262772485067,0.0012527327384529827,24.389428434824328,1.8709098342032076,3.489292716341045,z4c_spatial_or_other
971,0.98217557208487616,0.0083413373490344462,0.11316527432010771,0.0012512006023551669,24.666879392496128,1.8732008245426826,3.489292716341045,z4c_spatial_or_other
972,0.98342677268723133,0.0083312665659095089,0.1119942166564908,0.0012496899848864263,24.924806444557191,1.8754651380302161,3.489292716341045,z4c_spatial_or_other
973,0.98467646267211772,0.0083213429908998975,0.11094070345050666,0.0012482014486349846,25.161496964170258,1.8777017143851993,3.489292716341045,z4c_spatial_or_other
974,0.98592466412075275,0.0083115699270231332,0.11000656532074363,0.0012467354890534699,25.375159790998978,1.879909588343708,3.489292716341045,z4c_spatial_or_other
975,0.98717139960980627,0.0083019500948711307,0.1091942574543605,0.0012452925142306696,25.563928343388948,1.8820879216863737,3.489292716341045,z4c_spatial_or_other
976,0.98841669212403693,0.0082918253719745875,0.10850691125768182,0.0012437738057961881,25.725865207274666,1.8843860427657699,3.489292716341045,z4c_spatial_or_other
977,0.98966046592983314,0.0082800473685830135,0.10717257887371696,0.001242007105287452,26.046160336983441,1.887066499074141,3.489292716341045,z4c_spatial_or_other
978,0.99090247303512058,0.0082683819804217993,0.10544536241968659,0.0012402572970632699,26.472801733684182,1.8897288534803411,3.489292716341045,z4c_spatial_or_other
979,0.99214273033218381,0.0082568250312285672,0.10382428453927318,0.001238523754684285,26.886139263660727,1.8923738774775869,3.489292716341045,z4c_spatial_or_other
980,0.99338125408686806,0.0082453724790330554,0.10230778223283846,0.0012368058718549583,27.284670942430512,1.8950023227855877,3.489292716341045,z4c_spatial_or_other
981,0.99461805995872299,0.008234020646909904,0.10089463907806932,0.0012351030970364856,27.666823515894695,1.8976148676362394,3.489292716341045,z4c_spatial_or_other
982,0.99585316305575944,0.0082227664342735731,0.099583989692161812,0.0012334149651410358,28.030953386200274,1.900212066692414,3.489292716341045,z4c_spatial_or_other
983,0.9970865780209005,0.0082116075017858916,0.098375323493321176,0.0012317411252678837,28.375349365558634,1.9027943063038286,3.489292716341045,z4c_spatial_or_other
984,0.99831831914616842,0.0082005424253513669,0.097268488131731223,0.001230081363802705,28.698237493857029,1.9053617662773714,3.489292716341045,z4c_spatial_or_other
985,0.99954840050997118,0.0081895708168189772,0.096263700878743932,0.0012284356225228466,28.997785744690969,1.907914388860382,3.489292716341045,z4c_spatial_or_other
986,1.000776836132494,0.0081786934107162933,0.095361564629163578,0.0012268040116074439,29.272109616992974,1.9104518552470786,3.489292716341045,z4c_spatial_or_other
987,1.0020036401441015,0.0081679121175180346,0.094563088639959492,0.0012251868176277052,29.519278750517259,1.9129735696455969,3.489292716341045,z4c_spatial_or_other
988,1.0032288269617291,0.0081572300445855381,0.09386971484192215,0.0012235845066878306,29.737324522330216,1.9154786507916723,3.489292716341045,z4c_spatial_or_other
989,1.004452411468417,0.008146651486073098,0.093283353936787661,0.0012219977229109647,29.924247523994666,1.9179659307522021,3.489292716341045,z4c_spatial_or_other
990,1.0056744091913279,0.0081361818829089466,0.09280727153053954,0.0012204272824363419,30.077752820847401,1.9204339609002892,3.489292716341045,z4c_spatial_or_other
991,1.0068948364737642,0.0081258277535879667,0.092451671487347384,0.0012188741630381949,30.193441915810709,1.9228810250255139,3.489292716341045,z4c_spatial_or_other
992,1.0081137106368023,0.0081155965961372672,0.092222252073497907,0.00121733948942059,30.268553524892894,1.9253051596276902,3.489292716341045,z4c_spatial_or_other
993,1.0093310501262229,0.0081054967613986059,0.092123656001275048,0.0012158245142097907,30.300948683953674,1.9277041814897846,3.489292716341045,z4c_spatial_or_other
994,1.0105468746404327,0.0080955372978438762,0.092161292260325087,0.0012143305946765814,30.288574569765803,1.930075722603549,3.489292716341045,z4c_spatial_or_other
995,1.0117612052351093,0.008085727768572859,0.092341442141065863,0.0012128591652859288,30.229484274335764,1.9324172724105739,3.489292716341045,z4c_spatial_or_other
996,1.0129740644003953,0.0080760780419518712,0.092671383731141393,0.0012114117062927807,30.121857046737929,1.9347262271160104,3.489292716341045,z4c_spatial_or_other
997,1.014185476106688,0.0080665980584898149,0.093159538496221148,0.0012099897087734723,29.964018909197002,1.9369999455415075,3.489292716341045,z4c_spatial_or_other
998,1.0153954658154614,0.0080572975779140289,0.093815644788391397,0.0012085946366871042,29.754463441243054,1.9392358106308381,3.489292716341045,z4c_spatial_or_other
999,1.0166040604521485,0.0080481859118612421,0.094650964097157897,0.0012072278867791863,29.491872583648149,1.9414312953397628,3.489292716341045,z4c_spatial_or_other
1000,1.0178112883389276,0.0080392716489783144,0.095678527450436326,0.001205890747346747,29.175137279562158,1.9435840312705108,3.489292716341045,z4c_spatial_or_other
1001,1.0190171790862743,0.0080305623803726585,0.096913431405295819,0.0012045843570558988,28.803377742337361,1.9456918780917212,3.489292716341045,z4c_spatial_or_other
1002,1.0202217634433302,0.0080220644341227904,0.098373195739359515,0.0012033096651184185,28.375963107559919,1.947752991553799,3.489292716341045,z4c_spatial_or_other
1003,1.0214250731084487,0.0080137826278514328,0.10007819848808,0.0012020673941777148,27.892530193829529,1.9497658877963855,3.489292716341045,z4c_spatial_or_other
1004,1.0226271405026264,0.0080057200481200731,0.10205220865805813,0.0012008580072180109,27.353001074439973,1.9517295016666374,3.489292716341045,z4c_spatial_or_other
1005,1.0238279985098444,0.0079978778646212518,0.10432304215668275,0.0011996816796931878,26.757599427366983,1.9536432369288175,3.489292716341045,z4c_spatial_or_other
1006,1.0250276801895375,0.0079902551858694708,0.1069233759864071,0.0011985382778804206,26.106865288538067,1.9555070065387083,3.489292716341045,z4c_spatial_or_other
1007,1.026226218467418,0.0079828489614148703,0.10989177739702947,0.0011974273442122306,25.401665522140263,1.9573212615600639,3.489292716341045,z4c_spatial_or_other
1008,1.0274236458116301,0.0079753458640037158,0.11327400015017841,0.0011963018796005574,24.643202935995543,1.9591626829028916,3.489292716341045,z4c_spatial_or_other
1009,1.0286199476912308,0.0079670979027009359,0.11712448072445819,0.0011950646854051404,23.833054847345188,1.9611909117751583,3.489292716341045,z4c_spatial_or_other
1010,1.0298150123766359,0.0079590008556794552,0.12150816794494855,0.0011938501283519183,22.973222461370213,1.9631861188769908,3.489292716341045,z4c_spatial_or_other
1011,1.0310088625049878,0.00795104797888657,0.1251629204549205,0.0011926571968329854,22.302405240521832,1.9651497565466907,3.489292716341045,z4c_spatial_or_other
1012,1.0322015197018208,0.0079413719636935113,0.12316359830697923,0.0011912057945540266,22.664441535033131,1.9675441562786151,3.489292716341045,z4c_spatial_or_other
1013,1.0333927254963748,0.0079302223966948061,0.12127300469659771,0.0011895333595042209,23.017770360819213,1.9703104425560951,3.489292716341045,z4c_spatial_or_other
1014,1.0345822588558791,0.0079192683836019837,0.1194887229506341,0.0011878902575402975,23.361486374125004,1.973035796129081,3.489292716341045,z4c_spatial_or_other
1015,1.0357701491134195,0.007908510313383469,0.11780816092482502,0.0011862765470075202,23.69474365068892,1.9757197475683903,3.489292716341045,z4c_spatial_or_other
1016,1.0369564256604269,0.0078979456925797886,0.11622899140075788,0.0011846918538869682,24.016677245765333,1.9783625525153798,3.489292716341045,z4c_spatial_or_other
1017,1.0381411175143138,0.0078875690390776375,0.11474916192926565,0.0011831353558616456,24.32640139710605,1.9809652280174739,3.489292716341045,z4c_spatial_or_other
1018,1.0393242528701754,0.007877371837995039,0.11336690415197603,0.0011816057756992558,24.623007869481285,1.9835295732309748,3.489292716341045,z4c_spatial_or_other
1019,1.0405058586458746,0.0078673425626504118,0.11208074328819939,0.0011801013843975618,24.905564427736419,1.9860581734648819,3.489292716341045,z4c_spatial_or_other
1020,1.0416859600302721,0.0078555127381098357,0.11088950794069855,0.0011783269107164753,25.173113533569275,1.9890490310323945,3.489292716341045,z4c_spatial_or_other
1021,1.0428642869409885,0.007839775936792347,0.10979260176220788,0.0011759663905188519,25.424610841435456,1.9930416539931097,3.489292716341045,z4c_spatial_or_other
1022,1.0440402533315074,0.0078240700097402301,0.10878991612845247,0.0011736105014610344,25.658942229322815,1.9970424575123109,3.489292716341045,z4c_spatial_or_other
1023,1.0452138638329684,0.0078084466371856117,0.10788105168665774,0.0011712669955778418,25.87511086915061,2.0010381995300026,3.489292716341045,z4c_spatial_or_other
1024,1.0463851308285463,0.0077928669384028414,0.10706594427349278,0.0011689300407604262,26.072101563334694,2.0050387262485923,3.489292716341045,z4c_spatial_or_other
1025,1.0475540608693068,0.0077772431316767187,0.10634488867507141,0.0011665864697515077,26.2488795451359,2.0090666750997355,3.489292716341045,z4c_spatial_or_other
1026,1.0487206473390582,0.007761818900349657,0.10571855475623744,0.0011642728350524485,26.404392109873601,2.0130590781106887,3.489292716341045,z4c_spatial_or_other
1027,1.0498849201741107,0.0077466420597741992,0.10518797866408733,0.0011619963089661298,26.537577853712211,2.0170029645664873,3.489292716341045,z4c_spatial_or_other
1028,1.0510469164830769,0.0077317581183677072,0.10475460776891213,0.0011597637177551559,26.647364087608622,2.0208857753686011,3.489292716341045,z4c_spatial_or_other
1029,1.0522066802008321,0.0077172094643691526,0.1044203279674636,0.0011575814196553729,26.732670040479292,2.0246955939373708,3.489292716341045,z4c_spatial_or_other
1030,1.0533642616204875,0.0077030345978654378,0.10418749505305017,0.0011554551896798156,26.792410851719723,2.0284213710178314,3.489292716341045,z4c_spatial_or_other
1031,1.0545197168101672,0.0076892674251133339,0.10405896903171857,0.001153390113767,26.825502876373584,2.0320531379840387,3.489292716341045,z4c_spatial_or_other
1032,1.0556731069239342,0.0076759366297533896,0.1040381587769301,0.0011513904944630085,26.830868653279374,2.035582203666785,3.489292716341045,z4c_spatial_or_other
1033,1.0568244974183973,0.0076630651329739887,0.1041290747103497,0.0011494597699460982,26.807442405856577,2.0390013302596102,3.489292716341045,z4c_spatial_or_other
1034,1.0579739571883435,0.0076506696550125491,0.1043363884253643,0.0011476004482518824,26.754176708633661,2.0423048836990167,3.489292716341045,z4c_spatial_or_other
1035,1.0591215576365953,0.0076387603862826314,0.10466550262772799,0.0011458140579423946,26.670049853974803,2.0454889549957249,3.489292716341045,z4c_spatial_or_other
1036,1.0602673716945377,0.007627340774464501,0.10512263329044126,0.001144101116169675,26.554073901102129,2.0485514495839472,3.489292716341045,z4c_spatial_or_other
1037,1.0614114728107074,0.0076164074317842797,0.10571718039214761,0.001142461114767642,26.404735377147613,2.0514921424495753,3.489292716341045,z4c_spatial_or_other
1038,1.062553933925475,0.007605045442038382,0.10646518087614978,0.0011407568163057573,26.219221628149889,2.0545570856986264,3.489292716341045,z4c_spatial_or_other
1039,1.0636946907417808,0.0075912820999444255,0.10737740889440979,0.0011386923149916638,25.996475439427016,2.0582820917845206,3.489292716341045,z4c_spatial_or_other
1040,1.0648333830567724,0.00757782478477966,0.10846522144626962,0.001136673717716949,25.735753229025843,2.0619373558733356,3.489292716341045,z4c_spatial_or_other
1041,1.0659700567744894,0.0075646819309100437,0.1097417629635294,0.0011347022896365064,25.436389007168735,2.0655197591526875,3.489292716341045,z4c_spatial_or_other
1042,1.0671047590641258,0.0075518594842308917,0.11122197118189064,0.0011327789226346337,25.097866396449394,2.0690268446634512,3.489292716341045,z4c_spatial_or_other
1043,1.0682375379867604,0.007539258978233843,0.11128028232509635,0.0011308888467350764,25.08471505237457,2.0724848483266101,3.489292716341045,z4c_spatial_or_other
1044,1.0693684268334955,0.0075263988454127026,0.10982707082861774,0.0011289598268119053,25.41663136430904,2.0760260412618643,3.489292716341045,z4c_spatial_or_other
1045,1.0704973866603074,0.0075138802501118398,0.10844871696213776,0.0011270820375167759,25.739669875922992,2.0794848307260994,3.489292716341045,z4c_spatial_or_other
1046,1.0716244686978242,0.0075017033140707063,0.10714449900562979,0.0011252554971106059,26.052986378014268,2.0828602979662878,3.489292716341045,z4c_spatial_or_other
1047,1.0727497241949349,0.0074898653857773077,0.10591393639336626,0.001123479807866596,26.355683379620597,2.0861523131871906,3.489292716341045,z4c_spatial_or_other
1048,1.0738732040028014,0.0074783610394824314,0.10475679600498644,0.0011217541559223646,26.646807458104803,2.089361548273335,3.489292716341045,z4c_spatial_or_other
1049,1.0749949581587237,0.0074671821027307139,0.10367309965028881,0.001120077315409607,26.925346907625325,2.0924894806417016,3.489292716341045,z4c_spatial_or_other
1050,1.0761150354741333,0.0074563177165496543,0.10266313292005044,0.0011184476574824481,27.190229770668338,2.0955383869063899,3.489292716341045,z4c_spatial_or_other
1051,1.0772334831316157,0.0074457544319564781,0.10172745564188924,0.0011168631647934717,27.440322334410002,2.0985113251840497,3.489292716341045,z4c_spatial_or_other
1052,1.0783503462964092,0.0074353272353781972,0.10086691424057406,0.0011152990853067295,27.674428171908644,2.1014542474545488,3.489292716341045,z4c_spatial_or_other
1053,1.079465645381716,0.0074249742449810528,0.10008267127139255,0.001113746136747158,27.891283651925615,2.1043844038330226,3.489292716341045,z4c_spatial_or_other
1054,1.0805793915184632,0.0074143975461968669,0.099376205309652951,0.0011121596319295299,28.089562932845144,2.1073863254088216,3.489292716341045,z4c_spatial_or_other
1055,1.0816915511503926,0.0074017971846446597,0.098749346866521898,0.001110269577696699,28.267874792589549,2.1109738094978772,3.489292716341045,z4c_spatial_or_other
1056,1.0828018207280894,0.0073894924360179129,0.098204388051650673,0.0011084238654026869,28.424739754039088,2.1144889361873518,3.489292716341045,z4c_spatial_or_other
1057,1.0839102445934921,0.0073773288802762068,0.097743773178819882,0.001106599332041431,28.558690567080674,2.1179752527740097,3.489292716341045,z4c_spatial_or_other
1058,1.0850168439255334,0.0073653051654079824,0.097370371014514942,0.0011047957748111974,28.668209271347223,2.1214328054436415,3.489292716341045,z4c_spatial_or_other
1059,1.0861216397003446,0.0073536163706657944,0.097087498678338768,0.0011030424555998691,28.751736434380241,2.1248048867941307,3.489292716341045,z4c_spatial_or_other
1060,1.0872246821559444,0.0073422693268156269,0.096898962175396078,0.0011013403990223439,28.807678745001237,2.128088647325149,3.489292716341045,z4c_spatial_or_other
1061,1.0883260225549667,0.0073312673447386567,0.096809122939048586,0.0010996901017107984,28.8344123810556,2.1312822552042667,3.489292716341045,z4c_spatial_or_other
1062,1.0894257126566775,0.0073206101693688956,0.096822961094109539,0.0010980915254053343,28.830291302076898,2.1343849267344637,3.489292716341045,z4c_spatial_or_other
1063,1.0905238041820828,0.007310293992329667,0.096946149724220373,0.00109654409884945,28.7936569014194,2.1373969386723086,3.489292716341045,z4c_spatial_or_other
1064,1.0916203482809324,0.007300311523529608,0.096315148393755518,0.0010950467285294411,28.982296343051843,2.1403196219283407,3.489292716341045,z4c_spatial_or_other
1065,1.0927153950094617,0.0072906521214750547,0.095045863791070634,0.0010935978182212581,29.369338777423849,2.1431553364033955,3.489292716341045,z4c_spatial_or_other
1066,1.0938089928276828,0.0072813019811641764,0.093829823270570531,0.0010921952971746265,29.74996728943389,2.145907427053559,3.489292716341045,z4c_spatial_or_other
1067,1.0949011881248574,0.0072722443764048359,0.092666420688704357,0.0010908366564607254,30.123470317798734,2.1485801619505667,3.489292716341045,z4c_spatial_or_other
1068,1.0959920247813182,0.0072634599528788825,0.091555199929561029,0.0010895189929318323,30.489083910258032,2.1511786533368316,3.489292716341045,z4c_spatial_or_other
1069,1.09708154377425,0.0072549270674248404,0.090495851595578256,0.001088239060113726,30.84599043885045,2.1537087629946559,3.489292716341045,z4c_spatial_or_other
1070,1.0981697828343637,0.0072466221679510882,0.08948821018144977,0.0010869933251926632,31.193317727696375,2.1561769936209902,3.489292716341045,z4c_spatial_or_other
1071,1.0992567761595564,0.0072385202074430879,0.088532251842007734,0.0010857780311164631,31.530138621734761,2.1585903682265641,3.489292716341045,z4c_spatial_or_other
1072,1.1003425541906728,0.0072305950846290332,0.087628092871610899,0.0010845892626943549,31.85547102072313,2.1609562998785519,3.489292716341045,z4c_spatial_or_other
1073,1.1014271434533671,0.0072228201030910787,0.086775989018864588,0.0010834230154636618,32.168278398601657,2.1632824543578377,3.489292716341045,z4c_spatial_or_other
1074,1.1025105664688308,0.0072151684399504147,0.085976335766580828,0.0010822752659925621,32.467470824197093,2.1655766085077537,3.489292716341045,z4c_spatial_or_other
1075,1.1035928417348233,0.0072076136144294785,0.085229669713484613,0.0010811420421644217,32.751906495200103,2.1678465072987687,3.489292716341045,z4c_spatial_or_other
1076,1.1046739837769877,0.0072001299466688783,0.084536671201439761,0.0010800194920003317,33.020393793614325,2.1700997226069325,3.489292716341045,z4c_spatial_or_other
1077,1.1057540032689881,0.0071926929989261758,0.083898168340533735,0.0010789039498389262,33.271693867531198,2.1723435161674098,3.489292716341045,z4c_spatial_or_other
1078,1.106832907218827,0.0071852799881862491,0.083315142594755254,0.0010777919982279374,33.504523741264762,2.1745847100864548,3.489292716341045,z4c_spatial_or_other
1079,1.1079106992170549,0.0071778701615861935,0.082788736104428481,0.0010766805242379289,33.717559953467131,2.1768295675812457,3.489292716341045,z4c_spatial_or_other
1080,1.1089873797412928,0.0071704451266276434,0.082320260938280168,0.0010755667689941464,33.909442721102664,2.179083686447322,3.489292716341045,z4c_spatial_or_other
1081,1.1100629465102869,0.0071629891289565276,0.081911210527575731,0.0010744483693434792,34.07878061004957,2.1813519075207894,3.489292716341045,z4c_spatial_or_other
1082,1.1111373948796304,0.0071553957892530684,0.081563275336224428,0.0010733093683879603,34.224154946767882,2.1836667684361664,3.489292716341045,z4c_spatial_or_other
1083,1.1122107042480183,0.0071474216965919579,0.081278362223073455,0.0010721132544887937,34.344124275186225,2.1861029981553113,3.489292716341045,z4c_spatial_or_other
1084,1.1132828175025071,0.0071393859869529844,0.081058611420791807,0.0010709078980429476,34.437231580268893,2.1885635583444043,3.489292716341045,z4c_spatial_or_other
1085,1.11435372540055,0.007131290641313682,0.080906398187481604,0.0010696935961970523,34.502020057849343,2.1910479863882899,3.489292716341045,z4c_spatial_or_other
1086,1.1154234189967471,0.0071224557511831779,0.080824376802151099,0.0010683683626774767,34.537033052614191,2.1937658226103243,3.489292716341045,z4c_spatial_or_other
1087,1.1164917873594247,0.0071132944221807921,0.080815508899430524,0.0010669941633271187,34.540822808485792,2.1965912097322819,3.489292716341045,z4c_spatial_or_other
1088,1.1175587815227519,0.0071042982559716677,0.080883078027840297,0.0010656447383957501,34.511967659193346,2.1993727511181103,3.489292716341045,z4c_spatial_or_other
1089,1.1186244262611476,0.0070954784384970448,0.0810307527083034,0.0010643217657745566,34.449071244858274,2.2021066141537973,3.489292716341045,z4c_spatial_or_other
1090,1.1196887480269222,0.0070868441884454764,0.081262642841477523,0.0010630266282668215,34.350767775522698,2.2047895487070668,3.489292716341045,z4c_spatial_or_other
1091,1.1207517746551889,0.0070784026889174831,0.081583355659388915,0.0010617604033376223,34.215731266645783,2.2074189173305663,3.489292716341045,z4c_spatial_or_other
1092,1.1218135350585265,0.0070701590605754113,0.081998060423484842,0.0010605238590863117,34.042685383730728,2.2099927124876233,3.489292716341045,z4c_spatial_or_other
1093,1.1228740589176129,0.007062116375350664,0.082512563430718916,0.0010593174563025996,33.830413903170566,2.212509560807705,3.489292716341045,z4c_spatial_or_other
1094,1.1239333763739154,0.0070542757050496537,0.083134678375023932,0.0010581413557574481,33.577253531679794,2.2149687158973919,3.489292716341045,z4c_spatial_or_other
1095,1.124991517729673,0.0070466361983534337,0.083876466300051869,0.0010569954297530151,33.280302523559101,2.2173700415598363,3.489292716341045,z4c_spatial_or_other
1096,1.126048513159426,0.0070391952280968199,0.08474650733904858,0.001055879284214523,32.938633823634042,2.2197139720792367,3.489292716341045,z4c_spatial_or_other
1097,1.1271043924436406,0.0070319485396373423,0.085754182829083286,0.0010547922809456013,32.551580354237011,2.2220014711321858,3.489292716341045,z4c_spatial_or_other
1098,1.1281591847245862,0.007024890432343573,0.086910138327538675,0.0010537335648515358,32.118625361666602,2.2242339792319501,3.489292716341045,z4c_spatial_or_other
1099,1.1292129182894377,0.0070178618026291327,0.088226484039864689,0.0010526792703943698,31.639413079314608,2.2264616259821954,3.489292716341045,z4c_spatial_or_other
1100,1.1302655975598321,0.0070103433805024729,0.089716999308975615,0.0010515515070753708,31.113771019686467,2.2288494517197335,3.489292716341045,z4c_spatial_or_other
1101,1.1313171490669076,0.0070029767218144781,0.091397305884083749,0.0010504465082721718,30.541755537226909,2.2311940508566401,3.489292716341045,z4c_spatial_or_other
1102,1.1323675955751797,0.0069957704483706905,0.093285460567367237,0.0010493655672556036,29.92357175593262,2.2334923816202474,3.489292716341045,z4c_spatial_or_other
1103,1.1334169611424354,0.0069887313864536475,0.095402262467096183,0.0010483097079680471,29.259622370440006,2.2357419588748466,3.489292716341045,z4c_spatial_or_other
1104,1.1344652708504035,0.0069818645345052143,0.09777176394762907,0.0010472796801757822,28.550514589959256,2.2379408713502489,3.489292716341045,z4c_spatial_or_other
1105,1.1355125505305792,0.0069751730705747868,0.10042189962494255,0.0010462759605862179,27.797066013472488,2.24008778590958,3.489292716341045,z4c_spatial_or_other
1106,1.1365588264911655,0.0069686583971882866,0.10245600140002127,0.001045298759578243,27.245199255572906,2.2421819393965952,3.489292716341045,z4c_spatial_or_other
1107,1.1376041252507436,0.0069623202207318149,0.10106587510941746,0.0010443480331097721,27.619947584194286,2.2442231188208179,3.489292716341045,z4c_spatial_or_other
1108,1.1386484732838533,0.0069561566619989121,0.099718224994273547,0.0010434234992998369,27.993219626935179,2.2462116308217275,3.489292716341045,z4c_spatial_or_other
1109,1.1396918967831531,0.0069501643944500239,0.098416157804083068,0.0010425246591675035,28.363576015939792,2.2481482614248907,3.489292716341045,z4c_spatial_or_other
1110,1.1407344214423205,0.0069443388056244799,0.097158995316315763,0.001041650820843672,28.73057882067328,2.2500342274983369,3.489292716341045,z4c_spatial_or_other
1111,1.1417760722631642,0.0069386741771805096,0.09594588211021364,0.0010408011265770763,29.093840315796964,2.2518711213428282,3.489292716341045,z4c_spatial_or_other
1112,1.1428168733897413,0.0069331638790635234,0.094776045256348501,0.0010399745818595284,29.45295053747618,2.2536608498731319,3.489292716341045,z4c_spatial_or_other
1113,1.1438568479716007,0.0069278005732455687,0.093648797029829284,0.0010391700859868353,29.807474966108753,2.2554055698921376,3.489292716341045,z4c_spatial_or_other
1114,1.1448960180575876,0.0069225764224807316,0.092563537415847316,0.0010383864633721096,30.156952197409531,2.2571076209803289,3.489292716341045,z4c_spatial_or_other
1115,1.1459344045209596,0.0069174832995970896,0.091519756403366029,0.0010376224949395635,30.500891641033359,2.2587694575150015,3.489292716341045,z4c_spatial_or_other
1116,1.1469720270158992,0.006912512992994788,0.090517036071744578,0.0010368769489492182,30.838771287874714,2.260393581297357,3.489292716341045,z4c_spatial_or_other
1117,1.1480089039648484,0.0069076574042412024,0.089555052485147724,0.0010361486106361803,31.170035588285568,2.2619824762019141,3.489292716341045,z4c_spatial_or_other
1118,1.1490450525754847,0.0069029087339461861,0.088633577420639889,0.0010354363100919279,31.49409348361473,2.2635385461727893,3.489292716341045,z4c_spatial_or_other
1119,1.1500804888855767,0.0068982596524599475,0.08775247996772656,0.0010347389478689922,31.810316632640635,2.2650640577769585,3.489292716341045,z4c_spatial_or_other
1120,1.1511152278334458,0.0068937034523585258,0.086911728049591644,0.0010340555178537788,32.118037872633828,2.2665610883877312,3.489292716341045,z4c_spatial_or_other
1121,1.1521492833512996,0.0068892341801602601,0.086111389929145951,0.001033385127024039,32.416549951982894,2.2680314809151292,3.489292716341045,z4c_spatial_or_other
1122,1.1531826684783237,0.0068846491552008665,0.085351635776006254,0.0010326973732801299,32.705104567633306,2.269541940012501,3.489292716341045,z4c_spatial_or_other
1123,1.1542153658516039,0.0068801114233922626,0.084632759436048394,0.0010320167135088394,32.982903921290031,2.2710388013303482,3.489292716341045,z4c_spatial_or_other
1124,1.1552473825651128,0.0068756441262290326,0.083955139663137265,0.0010313466189343548,33.249115947793364,2.2725143583848597,3.489292716341045,z4c_spatial_or_other
1125,1.1562787291840473,0.0068712470999973347,0.083319259946948512,0.0010306870649996001,33.502868062560964,2.2739685784267691,3.489292716341045,z4c_spatial_or_other
1126,1.1573094162490469,0.0068669212659198267,0.082725714111356374,0.0010300381898879739,33.743246619972489,2.2754010705708922,3.489292716341045,z4c_spatial_or_other
1127,1.1583394544389349,0.0068626685678968811,0.08217520978098064,0.0010294002851845322,33.969297802984258,2.2768111042244903,3.489292716341045,z4c_spatial_or_other
1128,1.1593688547241194,0.0068584918887778182,0.081668572627985617,0.0010287737833166728,34.180028905222805,2.278197634900808,3.489292716341045,z4c_spatial_or_other
1129,1.1603976285074362,0.0068543949480430067,0.081206751556384127,0.0010281592422064509,34.37441000376262,2.279559336518985,3.489292716341045,z4c_spatial_or_other
1130,1.1614257877496428,0.0068503821840863628,0.080790825509318431,0.0010275573276129545,34.551375796387568,2.2808946391775526,3.489292716341045,z4c_spatial_or_other
1131,1.1624533450772558,0.006846458624497293,0.080422018498495201,0.001026968793674594,34.709824811535505,2.2822017713058593,3.489292716341045,z4c_spatial_or_other
1132,1.1634803138709304,0.0068426297478508804,0.080101704658742848,0.001026394462177632,34.848623820993303,2.2834788050467685,3.489292716341045,z4c_spatial_or_other
1133,1.164506708333108,0.0068389013405277298,0.079831414723182656,0.0010258352010791595,34.966612864775115,2.284723703704473,3.489292716341045,z4c_spatial_or_other
1134,1.1655325435341872,0.0068352793520064436,0.07961284896366147,0.0010252919028009666,35.0626087297411,2.2859343701019919,3.489292716341045,z4c_spatial_or_other
1135,1.1665578354369881,0.0068317697519105396,0.079447892202979042,0.0010247654627865809,35.13540882797853,2.2871086947317552,3.489292716341045,z4c_spatial_or_other
1136,1.1675826008997747,0.0068283783918615167,0.079338631342438654,0.0010242567587792275,35.183795407618575,2.2882446026457526,3.489292716341045,z4c_spatial_or_other
1137,1.168606857658554,0.0068251108748992638,0.079287375731683624,0.0010237666312348896,35.206540099388931,2.2893400981168117,3.489292716341045,z4c_spatial_or_other
1138,1.1696306242897889,0.0068219724348958163,0.07929668076739077,0.0010232958652343725,35.202408802724563,2.2903933062049409,3.489292716341045,z4c_spatial_or_other
1139,1.1706539201550232,0.0068189678280199378,0.079369375173984513,0.0010228451742029907,35.170166918333074,2.2914025104789384,3.489292716341045,z4c_spatial_or_other
1140,1.1716767653292262,0.0068161012379227524,0.079508592458454139,0.0010224151856884128,35.108584956166247,2.2923661862689428,3.489292716341045,z4c_spatial_or_other
1141,1.1726991805149145,0.0068133761959192959,0.079717805503758787,0.0010220064293878944,35.016445265057087,2.2932830289568056,3.489292716341045,z4c_spatial_or_other
1142,1.1737211869443025,0.0068107955170478175,0.080000866041939345,0.0010216193275571727,34.892549433270702,2.2941519769445016,3.489292716341045,z4c_spatial_or_other
1143,1.1747428062718597,0.0068083612525069457,0.080362056393285239,0.0010212541878760418,34.735723528673645,2.2949722290729841,3.489292716341045,z4c_spatial_or_other
1144,1.1757640604597357,0.0068060746586078441,0.080806145530179924,0.0010209111987911767,34.544825208006934,2.2957432563920821,3.489292716341045,z4c_spatial_or_other
1145,1.1767849716585268,0.0068039361820401373,0.081338453850182874,0.0010205904273060205,34.318751352396902,2.2964648083037864,3.489292716341045,z4c_spatial_or_other
1146,1.1778055620858328,0.006801945460940876,0.081964928470687828,0.0010202918191411314,34.056446155151647,2.297136913214632,3.489292716341045,z4c_spatial_or_other
1147,1.1788258539049739,0.0068001013409782788,0.082692231009094952,0.0010200152011467418,33.756909675901944,2.2977598739362537,3.489292716341045,z4c_spatial_or_other
1148,1.1798458691061207,0.0067984019054186428,0.083528983543196239,0.0010197602858127964,33.4187494527486,2.2983342581653119,3.489292716341045,z4c_spatial_or_other
1149,1.1808656293919335,0.0067968445179369796,0.084492072152338879,0.0010195266776905469,33.037823572842328,2.2988608844538638,3.489292716341045,z4c_spatial_or_other
1150,1.181885156069624,0.0067954258767596734,0.085592935673965614,0.001019313881513951,32.612903753012567,2.2993408041484833,3.489292716341045,z4c_spatial_or_other
1151,1.182904469951138,0.0067941420785904644,0.086843075903719022,0.0010191213117885696,32.143428178058052,2.2997752798307118,3.489292716341045,z4c_spatial_or_other
1152,1.1839235912629265,0.0067929886906708701,0.088255519091572573,0.0010189483036006305,31.629004075954583,2.3001657608319803,3.489292716341045,z4c_spatial_or_other
1153,1.1849425395665272,0.0067919608292615107,0.089845072670265855,0.0010187941243892265,31.06941861260978,2.3005138564232421,3.489292716341045,z4c_spatial_or_other
1154,1.1859613336909165,0.0067910532427988331,0.091628634681231599,0.001018657986419825,30.464648772558967,2.3008213072940635,3.489292716341045,z4c_spatial_or_other
1155,1.1869799916773363,0.0067902603979823097,0.093625567365432316,0.0010185390596973464,29.814870570316749,2.3010899559379028,3.489292716341045,z4c_spatial_or_other
1156,1.1879985307370335,0.0067895765670753176,0.095112379013812587,0.0010184364850612975,29.348799830434832,2.3013217165515574,3.489292716341045,z4c_spatial_or_other
1157,1.1890169672220949,0.0067889959147801856,0.09554228790349624,0.0010183493872170277,29.216739878496124,2.3015185450300728,3.489292716341045,z4c_spatial_or_other
1158,1.1900353166093121,0.0067884138618132242,0.095698684729619538,0.0010182620792719835,29.168992039541209,2.3017158820995149,3.489292716341045,z4c_spatial_or_other
1159,1.1910535786885841,0.0067867731815368692,0.095605059131918538,0.0010180159772305304,29.197557100206769,2.3022723144051955,3.489292716341045,z4c_spatial_or_other
1160,1.1920715946658147,0.0067852108576788514,0.095511376048460661,0.0010177816286518276,29.226195753441093,2.3028024224651946,3.489292716341045,z4c_spatial_or_other
1161,1.1930893762944665,0.0067837234280438904,0.095417155473174434,0.0010175585142065836,29.255055437673569,2.303307345256191,3.489292716341045,z4c_spatial_or_other
1162,1.194106934808673,0.0067823077876933346,0.094989423559655839,0.0010173461681540002,29.386789270489075,2.3037881041541568,3.489292716341045,z4c_spatial_or_other
1163,1.195124280976827,0.0067809612109432987,0.093634641876624375,0.0010171441816414948,29.811981090832898,2.3042455949731657,3.489292716341045,z4c_spatial_or_other
1164,1.1961414251584686,0.0067796813661677377,0.09231410495439106,0.0010169522049251606,30.238436200534895,2.304680582478781,3.489292716341045,z4c_spatial_or_other
1165,1.1971583773633938,0.0067784663236278324,0.091026985213570721,0.0010167699485441749,30.666007080466027,2.3050936973066656,3.489292716341045,z4c_spatial_or_other
1166,1.198175147311938,0.0067773145563884722,0.089772541006011744,0.0010165971834582709,31.094521128525301,2.305485435270445,3.489292716341045,z4c_spatial_or_other
1167,1.1991917444953963,0.006776224934590091,0.088550117961021246,0.0010164337401885135,31.52377701294078,2.3058561589713804,3.489292716341045,z4c_spatial_or_other
1168,1.2002081782355849,0.0067751967134802842,0.087359149827306914,0.0010162795070220425,31.953540969560621,2.3062061015751301,3.489292716341045,z4c_spatial_or_other
1169,1.201224457742607,0.0067742295156937981,0.08619915878309678,0.0010161344273540696,32.38354309346488,2.3065353725913331,3.489292716341045,z4c_spatial_or_other
1170,1.202240592169961,0.0067733233083326688,0.085069755201021099,0.0010159984962499003,32.813473677885113,2.3068439654693336,3.489292716341045,z4c_spatial_or_other
1171,1.2032565906662109,0.0067724783754501035,0.083970636869725543,0.0010158717563175156,33.242979654942324,2.3071317668048739,3.489292716341045,z4c_spatial_or_other
1172,1.2042724624225285,0.0067716952865808809,0.082901587690541761,0.0010157542929871322,33.671661192941315,2.3073985669383643,3.489292716341045,z4c_spatial_or_other
1173,1.2052882167155157,0.0067709748619694983,0.081862475884510136,0.0010156462292954247,34.099068503754189,2.307644071721616,3.489292716341045,z4c_spatial_or_other
1174,1.2063038629448111,0.006770318135180752,0.080853251760803824,0.0010155477202771128,34.524698911690187,2.3078679152176722,3.489292716341045,z4c_spatial_or_other
1175,1.2073194106650882,0.0067697263137681167,0.079873945113156125,0.0010154589470652174,34.947994231639072,2.3080696731007024,3.489292716341045,z4c_spatial_or_other
1176,1.2083348696121534,0.0067692007386651121,0.078924662324820205,0.0010153801107997667,35.36833849962494,2.3082488765255991,3.489292716341045,z4c_spatial_or_other
1177,1.2093502497229531,0.0067687428429447664,0.078005583274607049,0.0010153114264417149,35.785056093305627,2.3084050262429954,3.489292716341045,z4c_spatial_or_other
1178,1.2103655611493949,0.0067683541105643119,0.077116958146270731,0.0010152531165846467,36.197410273603047,2.308537606744288,3.489292716341045,z4c_spatial_or_other
1179,1.2113808142659794,0.0067680360356776308,0.076259104250686383,0.0010152054053516445,36.604602171782155,2.3086461002324716,3.489292716341045,z4c_spatial_or_other
1180,1.212396019671331,0.006767790083058221,0.075432402974794865,0.0010151685124587331,37.005770239157989,2.3087300002276954,3.489292716341045,z4c_spatial_or_other
1181,1.2134111881837897,0.0067676176501314149,0.074637296973195766,0.0010151426475197122,37.399990169463322,2.3087888246311596,3.489292716341045,z4c_spatial_or_other
1182,1.2144263308313095,0.0067675200310677768,0.073874287717740766,0.0010151280046601665,37.786275297006739,2.3088221280868071,3.489292716341045,z4c_spatial_or_other
1183,1.2154414588359697,0.0067674983833404525,0.07314393351781584,0.0010151247575010678,38.163577467335962,2.3088295134970487,3.489292716341045,z4c_spatial_or_other
1184,1.2164565835934706,0.006766938213421129,0.07244684811962307,0.0010150407320131693,38.530788371409407,2.3090206393506501,3.489292716341045,z4c_spatial_or_other
1185,1.2174716243254837,0.0067663153856990649,0.071783758763977815,0.0010149473078548596,38.886709488854748,2.3092331807388398,3.489292716341045,z4c_spatial_or_other
1186,1.2184865716333386,0.0067657775887982764,0.071155391809153076,0.0010148666383197414,39.230114571778103,2.3094167366467158,3.489292716341045,z4c_spatial_or_other
1187,1.2195014382716585,0.0067653247754836951,0.070562513392345774,0.0010147987163225541,39.559732765636369,2.3095713093659826,3.489292716341045,z4c_spatial_or_other
1188,1.220516236987981,0.0067649567140794283,0.070005946809648903,0.0010147435071119141,39.874243550522102,2.3096969663502485,3.489292716341045,z4c_spatial_or_other
1189,1.2215309804950929,0.0067646729885439735,0.06948657535344667,0.0010147009482815959,40.172280168853874,2.3097938402138669,3.489292716341045,z4c_spatial_or_other
1190,1.2225456814433744,0.0067644730002702717,0.069005346253823749,0.0010146709500405407,40.452433392697543,2.309862128117846,3.489292716341045,z4c_spatial_or_other
1191,1.2235603523934149,0.006764355971354356,0.068563275798576323,0.0010146533957031533,40.713255610386092,2.3099020906304508,3.489292716341045,z4c_spatial_or_other
1192,1.224575005789118,0.0067643209490725479,0.068161455708594193,0.0010146481423608821,40.953265214975097,2.3099140501519719,3.489292716341045,z4c_spatial_or_other
1193,1.225589653931479,0.0067643668113113956,0.067801060850602904,0.0010146550216967093,41.170951280890087,2.3098983889921265,3.489292716341045,z4c_spatial_or_other
1194,1.2266043089531757,0.006764492272704899,0.067483358378156791,0.0010146738409057348,41.364778519623528,2.3098555471853728,3.489292716341045,z4c_spatial_or_other
1195,1.2276189827940815,0.0067646958912500792,0.067209718404773439,0.0010147043836875118,41.533192510364394,2.309786020124045,3.489292716341045,z4c_spatial_or_other
1196,1.228633687177769,0.006764976075193648,0.066981626330589461,0.0010147464112790472,41.674625206853655,2.3096903560819664,3.489292716341045,z4c_spatial_or_other
1197,1.2296484335890481,0.0067653310900085209,0.066800696959290515,0.001014799663501278,41.787500731825958,2.3095691536924203,3.489292716341045,z4c_spatial_or_other
1198,1.2306632332525493,0.0067657590653082186,0.066668690579768042,0.0010148638597962327,41.870241470138502,2.3094230594343803,3.489292716341045,z4c_spatial_or_other
1199,1.2316780971123455,0.006766258001578645,0.066587531256347879,0.0010149387002367967,41.921274454918688,2.3092527651701293,3.489292716341045,z4c_spatial_or_other
1200,1.2326930358125823,0.0067668257766394921,0.066559327532982507,0.0010150238664959237,41.939038096344674,2.3090590057661586,3.489292716341045,z4c_spatial_or_other
1201,1.2337080596790782,0.0067674601517802475,0.066586395863551445,0.001015119022767037,41.921989272298667,2.3088425568179649,3.489292716341045,z4c_spatial_or_other
1202,1.2347231787018451,0.0067681587775477456,0.066671287135063914,0.0010152238166321618,41.868610807196475,2.3086042324883644,3.489292716341045,z4c_spatial_or_other
1203,1.2357384025184772,0.0067689191991920101,0.066816816721402286,0.0010153378798788014,41.777419369017977,2.3083448834586648,3.489292716341045,z4c_spatial_or_other
1204,1.2367537403983559,0.0067697388618044576,0.067026098595613731,0.0010154608292706686,41.646973814100392,2.3080653949826351,3.489292716341045,z4c_spatial_or_other
1205,1.2377692012276267,0.0067706151152059219,0.067302584135618973,0.0010155922672808882,41.475884008375061,2.3077666850251584,3.489292716341045,z4c_spatial_or_other
1206,1.2387847934949077,0.0067715452186615276,0.067650106389694042,0.0010157317827992291,41.262820149800817,2.3074497024607417,3.489292716341045,z4c_spatial_or_other
1207,1.2398005252777069,0.0067725263455139283,0.068072930727590783,0.0010158789518270892,41.006522610924321,2.3071154253020936,3.489292716341045,z4c_spatial_or_other
1208,1.240816404229534,0.0067735555878361336,0.068575812998389704,0.0010160333381754199,40.705812312256285,2.3067648589256695,3.489292716341045,z4c_spatial_or_other
1209,1.2418324375677094,0.0067746299612095025,0.06916406655768928,0.0010161944941814254,40.35960162557128,2.3063990342596372,3.489292716341045,z4c_spatial_or_other
1210,1.2428486320618908,0.0067757464097316002,0.069843639896328955,0.0010163619614597401,39.96690575142199,2.3060190059000356,3.489292716341045,z4c_spatial_or_other
1211,1.2438649940233506,0.0067769018113527863,0.070621206766439668,0.0010165352717029178,39.526854621795707,2.3056258501229459,3.489292716341045,z4c_spatial_or_other
1212,1.2448815292950535,0.0067780929836297301,0.0715042712714902,0.0010167139475444594,39.03870528900589,2.3052206627641558,3.489292716341045,z4c_spatial_or_other
1213,1.245898243242598,0.0067793166899691301,0.07250129115090799,0.0010168975034953694,38.501854639562197,2.3048045569429134,3.489292716341045,z4c_spatial_or_other
1214,1.2469151407460934,0.0067805696464164258,0.0736218230045734,0.0010170854469624638,37.915852381153776,2.3043786606126688,3.489292716341045,z4c_spatial_or_other
1215,1.2479322261930559,0.0067817486914375823,0.074876694218894715,0.0010172623037156374,37.280414182179982,2.303978031466666,3.489292716341045,z4c_spatial_or_other
1216,1.2489494884967716,0.0067825665658322494,0.076278185981253341,0.0010173849848748374,36.595445174310761,2.3037002067495003,3.489292716341045,z4c_spatial_or_other
1217,1.2499668734816465,0.0067834240839619135,0.077840218974210881,0.001017513612594287,35.861078114357078,2.3034089873493642,3.489292716341045,z4c_spatial_or_other
1218,1.2509843870942408,0.006784316590110407,0.079578786086180381,0.001017647488516561,35.077616917275336,2.3031059639487905,3.489292716341045,z4c_spatial_or_other
1219,1.2520020345827574,0.0067852394255501483,0.07998552411156698,0.0010177859138325222,34.899242132604307,2.302792726983709,3.489292716341045,z4c_spatial_or_other
1220,1.2530198204965899,0.0067861879591749746,0.079526873672673831,0.0010179281938762462,35.100514381618382,2.3024708560974778,3.489292716341045,z4c_spatial_or_other
1221,1.2540377486904661,0.006787157617259564,0.079064063071681567,0.0010180736425889345,35.305979285962678,2.3021419099309015,3.489292716341045,z4c_spatial_or_other
1222,1.255055822333055,0.0067879917905831373,0.078597284530564818,0.0010181987685874705,35.515656676246962,2.3018590007248227,3.489292716341045,z4c_spatial_or_other
1223,1.2560740211016426,0.0067887789594738108,0.078126744893536659,0.0010183168439210715,35.729559408583121,2.3015920967930694,3.489292716341045,z4c_spatial_or_other
1224,1.2570923379455636,0.0067895814631374011,0.077041500928439019,0.0010184372194706102,36.232863319546375,2.3013200570363046,3.489292716341045,z4c_spatial_or_other
1225,1.2581107751650342,0.0067903944562570564,0.075954232725665677,0.0010185591684385585,36.751528820718157,2.3010445270380773,3.489292716341045,z4c_spatial_or_other
1226,1.2591293343334728,0.0067912131593781018,0.07488995912912412,0.0010186819739067153,37.273810875766245,2.3007671285392024,3.489292716341045,z4c_spatial_or_other
1227,1.2601480163073795,0.0067920328882698482,0.073848526396547459,0.0010188049332404772,37.799456661918448,2.3004894494820674,3.489292716341045,z4c_spatial_or_other
1228,1.26116682124062,0.0067928490827260804,0.072829831250184704,0.0010189273624089121,38.328170272476868,2.3002130342824332,3.489292716341045,z4c_spatial_or_other
1229,1.2621857486030288,0.0067936573344370794,0.071833820421093514,0.0010190486001655618,38.859608979576848,2.2999393744510495,3.489292716341045,z4c_spatial_or_other
1230,1.2632047972031943,0.0067944534135711554,0.070860489784724562,0.0010191680120356732,39.393379604815934,2.2996698996847669,3.489292716341045,z4c_spatial_or_other
1231,1.2642239652152301,0.0067952332937130005,0.069909882823517053,0.0010192849940569501,39.929035214085971,2.2994059695428506,3.489292716341045,z4c_spatial_or_other
1232,1.265243250209287,0.0067959931748213433,0.068982088796863558,0.0010193989762232014,40.466072016070292,2.2991488658183883,3.489292716341045,z4c_spatial_or_other
1233,1.2662626491855102,0.0067967295038891071,0.068077240644625212,0.0010195094255833661,41.003926519945161,2.2988997857071305,3.489292716341045,z4c_spatial_or_other
1234,1.2672821586110936,0.006797438993015101,0.067195512667382648,0.001019615848952265,41.541973001834471,2.2986598358669945,3.489292716341045,z4c_spatial_or_other
1235,1.2683017744600458,0.0067981186346272142,0.066337118037701689,0.0010197177951940821,42.079521324492383,2.2984300274507965,3.489292716341045,z4c_spatial_or_other
1236,1.2693214922552398,0.0067987657136323147,0.065502306207158259,0.0010198148570448472,42.615815147708204,2.2982112721828405,3.489292716341045,z4c_spatial_or_other
1237,1.2703413071122847,0.0067993778163075325,0.064691360283300872,0.0010199066724461299,43.150030558151741,2.2980043795367893,3.489292716341045,z4c_spatial_or_other
1238,1.2713612137847308,0.0067999528357905294,0.063904594459218242,0.0010199929253685795,43.681275136707669,2.2978100550580529,3.489292716341045,z4c_spatial_or_other
1239,1.2723812067100992,0.0068004889740723683,0.063142351588768963,0.0010200733461108553,44.208587466820681,2.2976288998588301,3.489292716341045,z4c_spatial_or_other
1240,1.27340128005621,0.006800984740444882,0.062405000976070671,0.0010201477110667323,44.73093709498086,2.297461411298197,3.489292716341045,z4c_spatial_or_other
1241,1.2744214277672767,0.0068014389464044773,0.061692936502624793,0.0010202158419606716,45.247224906437573,2.2973079848434166,3.489292716341045,z4c_spatial_or_other
1242,1.2754416436092375,0.0068018506970652665,0.061006575187586808,0.00102027760455979,45.756283883983997,2.2971689170921641,3.489292716341045,z4c_spatial_or_other
1243,1.2764619212137973,0.0068022193791854374,0.06034635627014126,0.0010203329068778156,46.256880209584558,2.2970444099189118,3.489292716341045,z4c_spatial_or_other
1244,1.2774822541206752,0.0068025446459611776,0.059712740906539899,0.0010203816968941766,46.747714653425177,2.2969345756924815,3.489292716341045,z4c_spatial_or_other
1245,1.2785026358175693,0.0068028263987912271,0.059106212571275976,0.0010204239598186841,47.227424185006875,2.2968394434960677,3.489292716341045,z4c_spatial_or_other
1246,1.2795230597773879,0.006803064766261308,0.058527278247430939,0.0010204597149391962,47.694583733617691,2.2967589662661516,3.489292716341045,z4c_spatial_or_other
1247,1.2805435194923271,0.0068032600806406654,0.057976470486863677,0.0010204890120960998,48.147708020710233,2.2966930287528546,3.489292716341045,z4c_spatial_or_other
1248,1.2815640085044233,0.0068034128522213985,0.057454350416954264,0.0010205119278332098,48.585253384904846,2.2966414561918351,3.489292716341045,z4c_spatial_or_other
1249,1.2825845204322566,0.0068035237418648774,0.056961511767706405,0.0010205285612797316,49.005619521766342,2.2966040235669283,3.489292716341045,z4c_spatial_or_other
1250,1.2836050489935362,0.0068035935321470757,0.056498585991746328,0.0010205390298220613,49.407151065349261,2.2965804653337467,3.489292716341045,z4c_spatial_or_other
1251,1.2846255880233584,0.0068036230975158374,0.056066248550759867,0.0010205434646273755,49.788138946831744,2.2965704854675231,3.489292716341045,z4c_spatial_or_other
1252,1.2856461314879857,0.0068036133738871565,0.055665226445857786,0.0010205420060830734,50.146821477280724,2.2965737676938067,3.489292716341045,z4c_spatial_or_other
1253,1.2866666734940688,0.0068035653281141922,0.055296307076854199,0.0010205347992171287,50.481385116606972,2.2965899857583829,3.489292716341045,z4c_spatial_or_other
1254,1.287687208293286,0.0068034799277618043,0.054960348527637863,0.0010205219891642706,50.789964908412294,2.2966188135929846,3.489292716341045,z4c_spatial_or_other
1255,1.2887077302824503,0.0068033581116106528,0.054658291388303457,0.0010205037167415978,51.070644584221057,2.2996957046173625,3.489292716341045,z4c_spatial_or_other
1256,1.289728233999192,0.0068032007612986905,0.054391172250318066,0.0010204801141948036,51.321456361082795,2.3045600251428704,3.489292716341045,z4c_spatial_or_other
1257,1.2907487141133869,0.0068030086744843574,0.054160139038327275,0.0010204513011726536,51.540380483466521,2.3095460166809207,3.489292716341045,z4c_spatial_or_other
1258,1.2917691654145596,0.006802782539885633,0.053966468378627203,0.0010204173809828449,51.72534458783209,2.3146550772314534,3.489292716341045,z4c_spatial_or_other
1259,1.2927895827955425,0.0068025229145126792,0.053811585249708756,0.0010203784371769018,51.874222997136926,2.319888459934774,3.489292716341045,z4c_spatial_or_other
1260,1.2938099612327194,0.0068022302033704206,0.053697085216270105,0.001020334530505563,51.984836082444147,2.3252472762429344,3.489292716341045,z4c_spatial_or_other
1261,1.2948302957632249,0.0068019046418614382,0.053624759617849599,0.0010202856962792156,52.054949858342603,2.3307325000874992,3.489292716341045,z4c_spatial_or_other
1262,1.2958505814595043,0.0068015462810705135,0.053596624167889878,0.0010202319421605769,52.082276009189485,2.3363449730026224,3.489292716341045,z4c_spatial_or_other
1263,1.2968708134016649,0.0068011549760609649,0.053615212509328915,0.0010201732464091447,52.064219135327193,2.3420854101233388,3.489292716341045,z4c_spatial_or_other
1264,1.2978909866480741,0.0068007303772606728,0.053687426354504117,0.0010201095565891009,51.994188632561418,2.3479544069588605,3.489292716341045,z4c_spatial_or_other
1265,1.2989110962046633,0.0068002719249639935,0.053818755172200826,0.001020040788744599,51.867312132011271,2.3539524468022002,3.489292716341045,z4c_spatial_or_other
1266,1.2999311369934079,0.0067997788469254432,0.054012980964968343,0.0010199668270388165,51.680801970239344,2.3600799086094155,3.489292716341045,z4c_spatial_or_other
1267,1.3009511038204467,0.0067992501589719005,0.05427435532940459,0.001019887523845785,51.431917636440389,2.366337075182928,3.489292716341045,z4c_spatial_or_other
1268,1.3019709913442925,0.0067986846685148617,0.054607670736679326,0.0010198027002772292,51.117986455295977,2.3727241414674389,3.489292716341045,z4c_spatial_or_other
1269,1.3029907940445697,0.0067980809808035909,0.055018343790816028,0.0010197121471205385,50.736426812229816,2.3792412227502395,3.489292716341045,z4c_spatial_or_other
1270,1.3040105061916902,0.0067974375077241647,0.055512513022369751,0.0010196156261586247,50.284774028298422,2.3858883625478771,3.489292716341045,z4c_spatial_or_other
1271,1.3050301218178488,0.0067967524789190993,0.056078754408806934,0.0010195128718378649,49.777035929215522,2.3926655399800545,3.489292716341045,z4c_spatial_or_other
1272,1.3060496346896866,0.0067960239549766438,0.055753446266356858,0.0010194035932464965,50.067473134073566,2.399572676456688,3.489292716341045,z4c_spatial_or_other
1273,1.3070690382829331,0.0067952498423538947,0.055439047443785257,0.0010192874763530842,50.351409372668748,2.4066096437917439,3.489292716341045,z4c_spatial_or_other
1274,1.3080883257592861,0.0067944279097516781,0.055135885230627429,0.0010191641864627516,50.628264358077679,2.4137762717247218,3.489292716341045,z4c_spatial_or_other
1275,1.3091074899457489,0.0067935558057545826,0.05484428712805467,0.0010190333708631873,50.89744655729011,2.421072352751052,3.489292716341045,z4c_spatial_or_other
1276,1.3101265233166122,0.006792631077471723,0.054564580933439993,0.0010188946616207584,51.158354473168899,2.4284976452767264,3.489292716341045,z4c_spatial_or_other
1277,1.3111454179782329,0.0067916511898872631,0.054297094814085782,0.0010187476784830893,51.410378080646055,2.4360518751068589,3.489292716341045,z4c_spatial_or_other
1278,1.312164165656716,0.0067905669534685667,0.054042157357925481,0.0010185850430202851,51.652900430768277,2.4437347351571495,3.489292716341045,z4c_spatial_or_other
1279,1.3131827506997362,0.0067886524524388391,0.053800099208916471,0.0010182978678658259,51.885297873395047,2.4515458292746075,3.489292716341045,z4c_spatial_or_other
1280,1.3142010485676021,0.0067866489678054063,0.053571274793697006,0.0010179973451708109,52.106920804529103,2.4594838660538243,3.489292716341045,z4c_spatial_or_other
1281,1.3152190459127728,0.0067845549758250934,0.053356009681362872,0.001017683246373764,52.317146460970783,2.4675483419284991,3.489292716341045,z4c_spatial_or_other
1282,1.3162367291591466,0.0067823690445724324,0.053154629039564867,0.0010173553566858648,52.515354231803087,2.4757387004502469,3.489292716341045,z4c_spatial_or_other
1283,1.3172540845158325,0.0067800898512150225,0.052967457319529614,0.0010170134776822533,52.700928349898483,2.4840543232263741,3.489292716341045,z4c_spatial_or_other
1284,1.3182710979935148,0.0067777161978334098,0.05279481780797117,0.0010166574296750115,52.873260842115727,2.4924945193702452,3.489292716341045,z4c_spatial_or_other
1285,1.3192877554231899,0.0067752470255584979,0.052637032020633669,0.0010162870538337747,53.031754753546828,2.5010585136772931,3.489292716341045,z4c_spatial_or_other
1286,1.3203040424770236,0.0067726814268400685,0.052494418910255358,0.0010159022140260102,53.17582765979526,2.5097454337836158,3.489292716341045,z4c_spatial_or_other
1287,1.3213199446910495,0.0067700186557033458,0.052367293859824068,0.0010155027983555019,53.304915479209264,2.5185542966043002,3.489292716341045,z4c_spatial_or_other
1288,1.3223354474894051,0.0067672581358958839,0.052255967430136774,0.0010150887203843825,53.418476594176987,2.5274839943839336,3.489292716341045,z4c_spatial_or_other
1289,1.3233505362097895,0.00676439946687312,0.05216074382890782,0.0010146599200309679,53.515996286958725,2.5365332807213732,3.489292716341045,z4c_spatial_or_other
1290,1.3243651961298204,0.0067614424276166421,0.052081919067048128,0.0010142163641424962,53.596991491025094,2.5457007569535857,3.489292716341045,z4c_spatial_or_other
1291,1.3253794124939628,0.0067583869783234144,0.052019778766306736,0.0010137580467485122,53.661015853470929,2.5549848592997284,3.489292716341045,z4c_spatial_or_other
1292,1.3263931705407113,0.0067552332600458384,0.051974595581303705,0.0010132849890068757,53.707665097772704,2.5643838471728664,3.489292716341045,z4c_spatial_or_other
1293,1.327406455529718,0.006751981592400611,0.051946626198170684,0.0010127972388600916,53.736582668984525,2.5738957930661956,3.489292716341045,z4c_spatial_or_other
1294,1.3284192527685781,0.0067486324695048222,0.051936707680618421,0.0010122948704257232,53.746844914363621,2.5835185630011344,3.489292716341045,z4c_spatial_or_other
1295,1.3294315476390037,0.0067451865541485806,0.051952970133962169,0.0010117779831222871,53.730020937687414,2.5932502968068452,3.489292716341045,z4c_spatial_or_other
1296,1.330443325622126,0.0067416446703888857,0.051998973801072018,0.0010112467005583328,53.682485807350446,2.6030890689108697,3.489292716341045,z4c_spatial_or_other
1297,1.3314545723226843,0.0067380077937896016,0.052074524419321491,0.0010107011690684402,53.604602330983852,2.6130316908453164,3.489292716341045,z4c_spatial_or_other
1298,1.3324652734917528,0.0067341257648327376,0.052179254798987551,0.0010101188647249106,53.49701109811555,2.6230735186709913,3.489292716341045,z4c_spatial_or_other
1299,1.3334753923564777,0.0067301356259947646,0.052312603505309384,0.0010095203438992147,53.360643248993028,2.6332082558065881,3.489292716341045,z4c_spatial_or_other
1300,1.3344849127003768,0.0067260671912128906,0.051832932973626601,0.0010089100786819336,53.854451464152362,2.6434284349028481,3.489292716341045,z4c_spatial_or_other
1301,1.3354938227790587,0.0067219209128795169,0.050693260392960786,0.0010082881369319276,55.065193113135251,2.6537253378948304,3.489292716341045,z4c_spatial_or_other
1302,1.3365021109159907,0.0067176971662616259,0.049589323633997914,0.0010076545749392438,56.29103138561581,2.6640890500692986,3.489292716341045,z4c_spatial_or_other
1303,1.33750976549093,0.0067133962654952377,0.048518374685936214,0.0010070094398242856,57.533546643762072,2.6745085706949512,3.489292716341045,z4c_spatial_or_other
1304,1.3385167749307543,0.006709018485360152,0.047477776571339003,0.0010063527728040227,58.794542934808504,2.6849719350108963,3.489292716341045,z4c_spatial_or_other
1305,1.3395231277035582,0.0067045640890768575,0.046464999849491512,0.0010056846133615286,60.076061166787767,2.6954663449171181,3.489292716341045,z4c_spatial_or_other
1306,1.3405288123169197,0.0067000333620842152,0.045477620906032246,0.0010050050043126323,61.380391442213167,2.7059783053233502,3.489292716341045,z4c_spatial_or_other
1307,1.3415338173212323,0.0066954266514368289,0.044513321650641681,0.0010043139977155243,62.71008474678942,2.7164937630701833,3.489292716341045,z4c_spatial_or_other
1308,1.3425381313189479,0.0066907444101232619,0.043569890258838798,0.0010036116615184892,64.067964286564901,2.726998245438927,3.489292716341045,z4c_spatial_or_other
1309,1.3435417429804664,0.0066859872452942884,0.042645222620871941,0.0010028980867941432,65.457136849524119,2.737476997196759,3.489292716341045,z4c_spatial_or_other
1310,1.3445446410672606,0.006681155969122634,0.041737324199828882,0.001002173395368395,66.881004630485648,2.7479151100239232,3.489292716341045,z4c_spatial_or_other
1311,1.345546814462629,0.006676251650762524,0.040844312050568286,0.0010014377476143786,68.343277997113375,2.758297646539384,3.489292716341045,z4c_spatial_or_other
1312,1.3465482522102434,0.0066712756677130081,0.039964416807856812,0.0010006913501569511,69.847989687767793,2.7686097464474377,3.489292716341045,z4c_spatial_or_other
1313,1.3475489435604004,0.0066662297548208882,0.039095984512347352,0.00099993446322313309,71.3995109188577,2.7788367129141327,3.489292716341045,z4c_spatial_or_other
1314,1.3485488780236237,0.0066611160491711072,0.038237478202614535,0.00099916740737566599,73.002569842118106,2.7889640857641815,3.489292716341045,z4c_spatial_or_other
1315,1.3495480454309994,0.0066559371292120566,0.037387479256464053,0.00099839056938180845,74.662272733731186,2.798977702391432,3.489292716341045,z4c_spatial_or_other
1316,1.3505464360003812,0.0066506960466405848,0.036544688511948198,0.00099760440699608768,76.384128220443955,2.8088637470565643,3.489292716341045,z4c_spatial_or_other
1317,1.3515440404073773,0.0066453963498163187,0.035707927235814063,0.00099680945247244772,78.174074754837775,2.81860878961422,3.489292716341045,z4c_spatial_or_other
1318,1.3525408498598497,0.0066400420977721858,0.034876138033613023,0.00099600631466582792,80.03851144247966,2.8281998149280532,3.489292716341045,z4c_spatial_or_other
1319,1.3535368561745156,0.0066346378642210208,0.034048385811816198,0.00099519567963315307,81.984332194217941,2.8376242444352253,3.489292716341045,z4c_spatial_or_other
1320,1.3545320518541488,0.0066291887313094889,0.0332238589095422,0.00099437830969642321,84.018963019106437,2.8468699514373879,3.489292716341045,z4c_spatial_or_other
1321,1.3555264301638452,0.0066237002732105268,0.032401870518293102,0.00099355504098157894,86.15040207314199,2.8559252717360106,3.489292716341045,z4c_spatial_or_other
1322,1.3565199852048269,0.0066181785299844025,0.031581860505304482,0.00099272677949766041,88.387261814546605,2.8647790111981317,3.489292716341045,z4c_spatial_or_other
1323,1.3575127119843244,0.0066126299724341116,0.030763397752800441,0.00099189449586511665,90.738812256806952,2.8734204517439812,3.489292716341045,z4c_spatial_or_other
1324,1.3585046064801896,0.0066070614589317086,0.029946183124521412,0.00099105921883975629,93.215023813404528,2.8818393570987619,3.489292716341045,z4c_spatial_or_other
1325,1.3594956656990294,0.0066014801853930506,0.029130053174914138,0.00099022202780895763,95.826607535228575,2.8900259794585725,3.489292716341045,z4c_spatial_or_other
1326,1.3604858877268382,0.0065958936298203584,0.028314984727385823,0.00098938404447305377,98.585049575287371,2.8979710680150204,3.489292716341045,z4c_spatial_or_other
1327,1.3614752717713112,0.0065903094929383784,0.027501100467500129,0.00098854642394075672,101.50263537168844,2.9056658800389674,3.489292716341045,z4c_spatial_or_other
1328,1.362463818195252,0.0065847356354961188,0.026688675725855298,0.00098771034532441787,104.59245718095211,2.913102194812383,3.489292716341045,z4c_spatial_or_other
1329,1.3634515285405764,0.0065791800142799657,0.025878146664102313,0.00098687700214199485,107.86839603722713,2.9202723307137468,3.489292716341045,z4c_spatial_or_other
1330,1.3644384055427183,0.0065736506180830963,0.025070120125552067,0.00098604759271246449,111.34506572338836,2.9271691653920393,3.489292716341045,z4c_spatial_or_other
1331,1.3654244531354307,0.0065681554047628942,0.02426538546827468,0.00098522331071443413,115.03770161502047,2.9337861587584784,3.489292716341045,z4c_spatial_or_other
1332,1.3664096764461451,0.00656270224043848,0.02346492876106852,0.00098440533606577204,118.96197092676462,2.9401173783570593,3.489292716341045,z4c_spatial_or_other
1333,1.3673940817822108,0.0065572988417127798,0.022669949786625478,0.00098359482625691701,123.13367252007282,2.9461575265311586,3.489292716341045,z4c_spatial_or_other
1334,1.3683776766084677,0.0065519527216253252,0.021881882353292109,0.00098279290824379866,127.56828356920892,2.9519019686980936,3.489292716341045,z4c_spatial_or_other
1335,1.3693604695167114,0.0065466711399164356,0.021102418452492746,0.00098200067098746526,132.28029665685523,2.9573467619779406,3.489292716341045,z4c_spatial_or_other
1336,1.3703424701876989,0.0065414610574562413,0.0203335368115991,0.00098121915861843607,137.28227405477662,2.9624886833965549,3.489292716341045,z4c_spatial_or_other
1337,1.3713236893463174,0.0065363290955343673,0.019577536180506092,0.00098044936433015501,142.58352773993832,2.9673252568936439,3.489292716341045,z4c_spatial_or_other
1338,1.3723041387106476,0.0065312815007583071,0.018837073508370668,0.00097969222511374611,148.18831448698234,2.9718547784104343,3.489292716341045,z4c_spatial_or_other
1339,1.3732838309357613,0.0065263241145892322,0.018115206527251512,0.0009789486171883847,154.09342249968597,2.9760763384067666,3.489292716341045,z4c_spatial_or_other
1340,1.3742627795529496,0.0065214623475934276,0.017415438759583585,0.00097821935213901414,160.28503281530769,2.9799898412547536,3.489292716341045,z4c_spatial_or_other
1341,1.3752409989050887,0.00651670115817284,0.01674175311518444,0.00097750517372592605,166.7348785917205,2.9835960210731951,3.489292716341045,z4c_spatial_or_other
1342,1.3762185040788146,0.0065120450351882023,0.016073472138458975,0.00097680675527823035,173.66715473962688,2.9868964536806413,3.489292716341045,z4c_spatial_or_other
1343,1.3771953108340929,0.0065074979815246984,0.014975180438232658,0.00097612469722870476,186.40404264820171,2.9898935642748175,3.489292716341045,z4c_spatial_or_other
1344,1.3781714355313215,0.0065030635069154774,0.013881860756622259,0.00097545952603732158,201.08501461096986,2.9925906301688951,3.489292716341045,z4c_spatial_or_other
1345,1.3791468950573589,0.0064987446218046805,0.01279124022716637,0.00097481169327070204,218.23014215183883,2.9949917842140419,3.489292716341045,z4c_spatial_or_other
1346,1.3801217067506295,0.006494543832375254,0.011700424620110323,0.00097418157485628808,238.57545890044082,2.9979705802442562,3.489292716341045,z4c_spatial_or_other
1347,1.3810958883254858,0.0064904631381111641,0.010605739400583862,0.0009735694707166746,263.20033593500926,3.0034456313256759,3.489292716341045,z4c_spatial_or_other
1348,1.3820694577962025,0.0064865040310767728,0.0095025326716384213,0.0009729756046615159,293.75686141066842,3.008620202994325,3.489292716341045,z4c_spatial_or_other
1349,1.383042433400864,0.0064826674965678243,0.0083848860911918781,0.00097240012448517358,332.91259329153809,3.0276857840038063,3.489292716341045,z4c_spatial_or_other
1350,1.384014833525349,0.0064789540148114163,0.0072453385914235851,0.00097184310222171244,385.27311565219304,3.2945643340877391,3.489292716341045,z4c_spatial_or_other
1351,1.3849866766275707,0.0064753635636307771,0.0060745624448485967,0.00097130453454461656,459.52843491469127,3.6292334053121924,3.489292716341045,z4c_spatial_or_other
1352,1.3859579811621152,0.0064718956212389527,0.0048609702535542358,0.00097078434318584284,574.25452686771746,4.0748601500479849,3.489292716341045,z4c_spatial_or_other
1353,1.3869287655053011,0.0064685491689184769,0.0035904567638881881,0.00097028237533777154,777.45934755385497,4.7297379732154861,3.489292716341045,z4c_spatial_or_other
1354,1.3878990478806388,0.0053049451114721017,0.0022478102286635155,0.00079574176672081518,1241.84601416844,5.8907301288416622,3.489292716341045,z4c_spatial_or_other
1355,1.3886947896473596,0.0037984413348519297,0.0010851291328254598,0.00056976620022778941,2572.444226803218,8.2270587446674845,3.489292716341045,z4c_spatial_or_other
1356,1.3892645558475873,0.001886055696823004,0.00025331951797549177,0.00025331951797549177,11019.420040673307,16.568969862681971,3.489292716341045,z4c_source
