# Black Hole
# 1:iter 2:time 3:x 4:y 5:z 6:vx 7:vy 8:vz
0 0 0.002922439648801433351 3.884094258964709184e-20 3.884004050470419087e-20 0.9623834059096554316 1.27906417617542243e-17 1.279034469776519436e-17
1 0.003036668785907744444 0.00583973743400393458 1.141009551453208546e-19 1.141049041625342668e-19 0.956529554589525266 2.467640658880618878e-17 2.467799717808657644e-17
2 0.006086546096237583844 0.008751855414424497548 2.245556772593569071e-19 2.245474189487129833e-19 0.9506857026135165922 3.605888422308978707e-17 3.60548990370021613e-17
3 0.009149722467161117839 0.01165875560355914865 3.544827795093222722e-19 3.545057701204839355e-19 0.944852004480981722 4.223119990708384946e-17 4.224135698317343843e-17
4 0.01222628914146419582 0.01456039877946156344 4.823090788092447273e-19 4.820714334840077394e-19 0.9390282291185247932 4.136707933740008188e-17 4.128273247358386189e-17
5 0.01531633807282190007 0.01745674496062903092 6.126419365833973212e-19 6.135708955430710146e-19 0.93321430508661396 4.199376721211963899e-17 4.236965177113157185e-17
6 0.01841996193004368648 0.02034775414941396993 7.472511781282730396e-19 7.508418244072165197e-19 0.9274104029967191742 4.318146460153035874e-17 4.403531055919497646e-17
7 0.02153725410128016354 0.02323338635253260204 9.207239221845759899e-19 9.233464547559136892e-19 0.9216166993620233949 5.5403934581010882e-17 5.50947372554312372e-17
8 0.02466830869818164435 0.02611360126845227447 1.157932419976223892e-18 1.163542421695008249e-18 0.9158332705238173554 7.542611946344958295e-17 7.637605678401977506e-17
9 0.02781322056000155168 0.0289883576447752811 1.438462906134338611e-18 1.452873343475721433e-18 0.9100599903725274942 8.880737638672481647e-17 9.159332528449535715e-17
10 0.03097208525764224424 0.03185761399275583577 1.737661148257376237e-18 1.752339298351032095e-18 0.9042969625608481277 9.429762584505108055e-17 9.438200026105241663e-17
11 0.03414499909764365931 0.03472132889294418656 2.03683332758948646e-18 2.016622405751945283e-18 0.8985443871799217996 9.387089564033488539e-17 8.29237934146099503e-17
12 0.03733205912611493871 0.03757946089984412485 2.316253104979066635e-18 2.245471499374049426e-18 0.8928024333533431944 8.728311238886758504e-17 7.148621098090336947e-17
13 0.04053336313260701845 0.04043196841420097776 2.505168390062752212e-18 2.522395053604780899e-18 0.8870712298286090869 5.874877223956806621e-17 8.611753574130398894e-17
14 0.04374900965392186647 0.04327880944313810402 2.560581210099427721e-18 2.899855257301418972e-18 0.881350831135256807 1.715520273118529534e-17 1.168575487240046047e-16
15 0.04697909797785315006 0.0461199418905410205 2.547996024439355607e-18 3.332960852771104108e-18 0.8756413826596968208 -3.87877354415069092e-18 1.334838095286248987e-16
16 0.05022372814685359399 0.04895532384187537694 2.57569077330074324e-18 3.661337283460367139e-18 0.8699431169074797188 8.497217150975738279e-18 1.007514403829553341e-16
17 0.05348300096162534462 0.05178491339004956395 2.755831458646032059e-18 3.719569093369136423e-18 0.8642562113428980952 5.502130382326685347e-17 1.778604371926199687e-17
18 0.05675701798463003711 0.0546086685887715792 3.097017811283457112e-18 3.484162854576632807e-18 0.8585808283513270966 1.037398926798563472e-16 -7.157677251661623167e-17
19 0.0600458815435150825 0.05742654745142759809 3.489984209215715844e-18 3.111368613768072831e-18 0.8529171293298303258 1.189432862034212306e-16 -1.128375665522511879e-16
20 0.06334969473445209442 0.06023850798625447062 3.788648134304311439e-18 2.845395472833021114e-18 0.8472652856202412819 8.99897323097497822e-17 -8.0139748204369369e-17
21 0.06666856142538275798 0.06304450839343823942 3.887392875792264435e-18 2.755971136508113052e-18 0.8416255268256210842 2.961727833798403621e-17 -2.682173672455682274e-17
22 0.07000258625916747079 0.06584450687092850696 3.791172141598378618e-18 2.739698981189923577e-18 0.8359980226277065052 -2.872870973629110716e-17 -4.858391809587888133e-18
23 0.07335187465663201012 0.06863846161299462512 3.523205004567797118e-18 2.634345592156786347e-18 0.8303829413916814506 -7.964171219151982391e-17 -3.13117659902482075e-17
24 0.0767165328195075491 0.07142633089039636396 3.118406754792917487e-18 2.334689382624873721e-18 0.8247804743116454729 -1.197580156129170765e-16 -8.865214471551622669e-17
25 0.08009666773325956057 0.07420807310464928863 2.649567969227119611e-18 1.812507550459780142e-18 0.8191908272276032799 -1.380675860675243774e-16 -1.537764947674822089e-16
26 0.08349238716980061925 0.07697827294908475559 2.187493210243012302e-18 1.140268627729363319e-18 0.8136250482505940074 -1.357142513847916907e-16 -1.974407828522293196e-16
27 0.08689714941303756934 0.07972819041045259292 1.775116030232084412e-18 4.679624720178557327e-19 0.8081008060385468372 -1.211826668401076389e-16 -1.975663466149659464e-16
28 0.09030008805734907051 0.08245800368367973976 1.464102077815953288e-18 -1.235812870077401328e-20 0.8026177555617571846 -9.144410091519679601e-17 -1.412235211396394561e-16
29 0.09370122546592350721 0.08516788914486433937 1.262168145225801264e-18 -1.988367340934702623e-19 0.7971756258968891729 -5.94035472746530976e-17 -5.485700451166592647e-17
30 0.097100583616313213 0.08785802150426437473 1.095421189902491604e-18 -1.827919324997163566e-19 0.7917741844799234263 -4.907785823410882288e-17 4.722392060987634358e-18
31 0.1004981841091444478 0.0905285736739951663 9.014373008889131635e-19 -2.188350227971083358e-19 0.7864131533819366249 -5.712357301742508631e-17 -1.061382010045482106e-17
32 0.1038940481765830426 0.09317971660503435172 6.35877868437513641e-19 -4.769446837614831933e-19 0.7810922003321194573 -7.824036908153654279e-17 -7.604548236507771548e-17
33 0.1072881966905637474 0.09581161931038609247 2.842606005512621592e-19 -9.72745454228615843e-19 0.7758109936337846957 -1.036468944778764206e-16 -1.461481412661475466e-16
34 0.1106806501707913171 0.09842444903234585929 -9.87003738581192295e-20 -1.53831784455393943e-18 0.7705692448382885917 -1.129418983460705483e-16 -1.667972030674414339e-16
35 0.1140714287925206349 0.1010183713977336473 -4.018925810553545962e-19 -1.916758294981457454e-18 0.7653667054695667549 -8.946035696480916451e-17 -1.116632188476565786e-16
36 0.1174605523941233132 0.1035935505393139749 -5.76605698077519924e-19 -1.92099508657183575e-18 0.7602031572998784181 -5.157600923268039181e-17 -1.250717781851363009e-18
37 0.1208480404844476941 0.1061501487941162308 -6.720499551273367537e-19 -1.585741250416864699e-18 0.7550782876152787315 -2.818897573778645862e-17 9.901551487209626083e-17
38 0.1242339122499789561 0.1086883265861040143 -7.743231143091765238e-19 -1.097196366581726185e-18 0.7499917436118517244 -3.022011508477089919e-17 1.44357353695547817e-16
39 0.1276181865618057631 0.1112082425033131677 -9.755229968040354578e-19 -6.815255281290782889e-19 0.7449431899389404865 -5.947916010112653036e-17 1.22881544676480111e-16
40 0.1310008819823997861 0.1137100534988999961 -1.306658306168778387e-18 -4.925694182713920565e-19 0.7399323455319426479 -9.793614568762724688e-17 5.588541173422811138e-17
41 0.1343820167722139247 0.116193915093734404 -1.697983143498977443e-18 -5.529815327209795288e-19 0.7349589843328506733 -1.157905519319386522e-16 -1.78755637470327161e-17
42 0.1377616088961051699 0.1186599814570022809 -2.053231834888968686e-18 -7.634113177063461797e-19 0.7300228994341508848 -1.051633011875028046e-16 -6.229295531153372711e-17
43 0.141139676029587352 0.1211084051689307467 -2.349446425872825767e-18 -9.877240367960646552e-19 0.725123809104585515 -8.772674904271111974e-17 -6.643233052535311305e-17
44 0.144516235564919493 0.1235393369899562693 -2.737569460155933984e-18 -1.202557029775903132e-18 0.7202613586534132306 -1.149970647385346473e-16 -6.365291781073470297e-17
45 0.1478913046170346191 0.1259529259287230085 -3.480670719593837432e-18 -1.575072738466290438e-18 0.7154352089706971229 -2.202698215479880264e-16 -1.104209791531252271e-16
46 0.1512649000293140589 0.1283493194305140583 -4.792684288642788541e-18 -2.330952861533600321e-18 0.7106450723955153315 -3.890746561713848627e-16 -2.241545407204740355e-16
47 0.1546370383792121661 0.1307286636354057507 -6.618515928542633958e-18 -3.550094749545750114e-18 0.7058907336268860355 -5.416776745114759765e-16 -3.616883004799809156e-16
48 0.1580077359837359363 0.1330911034897858392 -8.553377646156229328e-18 -5.007569648481490077e-18 0.70117200646518274 -5.742668412304584738e-16 -4.32578462204945808e-16
49 0.1613770089047840139 0.1354367826101872396 -1.002159439930235638e-17 -6.24738057717560113e-18 0.6964886604327605868 -4.359489372308928304e-16 -3.681297434954757793e-16
50 0.1647448729543493084 0.1377658428429923143 -1.058960574189176344e-17 -6.841463344074611149e-18 0.6918403304404138199 -1.687260592988917865e-16 -1.764704974011578932e-16
51 0.1681113436995896604 0.1400784243581930932 -1.022820757482573043e-17 -6.683536498611911227e-18 0.6872266753143033702 1.073961973599484197e-16 4.693090394298317524e-17
52 0.171476436467770027 0.1423746658249368802 -9.303052816609178227e-18 -6.069903331960260581e-18 0.6826474022592609048 2.750383622676691505e-16 1.824264099493385083e-16
53 0.1748401663510805726 0.144654704700928699 -8.336965230143636109e-18 -5.514733369337736781e-18 0.6781023009147133518 2.873223883002655332e-16 1.65112109717561418e-16
54 0.178202548211334133 0.1469186773745832786 -7.660471556195915824e-18 -5.384575976559111444e-18 0.6735911997992422018 2.012745961087378647e-16 3.872523524012828357e-17
55 0.1815635966845465521 0.1491667191452645536 -7.281355460016711149e-18 -5.703047104592236864e-18 0.6691139182805638796 1.128412558458918473e-16 -9.479070501118681609e-17
56 0.1849233261854036359 0.1513989639380617924 -7.04224188733097095e-18 -6.226795682934433182e-18 0.6646701875952338856 7.119813370219088174e-17 -1.559506676609654683e-16
57 0.1882817509116178067 0.1536155439354706664 -6.866859274267119713e-18 -6.619171471823931724e-18 0.6602596260070798806 5.224176823983272086e-17 -1.168782051309950527e-16
58 0.1916388848481779261 0.1558165897005248379 -6.791973956260078818e-18 -6.661225849364744541e-18 0.6558818851187547816 2.231481249594415346e-17 -1.253163603269537537e-17
59 0.1949947417714952003 0.1580022304920519205 -6.85529521472921969e-18 -6.341799574713331303e-18 0.6515367072896394163 -1.88759856625823749e-17 9.52205614092557273e-17
60 0.1983493352534483889 0.1601725946239069276 -6.961853382902963532e-18 -5.774149379712355688e-18 0.6472239389989822289 -3.17766942079809879e-17 1.692788734340437215e-16
61 0.2017026786653310921 0.1623278095911710461 -6.866443355759318256e-18 -5.070388131460796447e-18 0.6429434615926651331 2.846270745802035144e-17 2.099459682483644605e-16
62 0.2050547851817039746 0.1644680019077853772 -6.345649658529840406e-18 -4.305156508401408384e-18 0.6386951052982281496 1.554198576961700794e-16 2.283671837681518033e-16
63 0.2084056677841547855 0.1665932967284079469 -5.379658447853511774e-18 -3.521849061701720179e-18 0.6344785847793786848 2.883838657639497216e-16 2.338460506310283416e-16
64 0.2117553392649685617 0.1687038174335546703 -4.262227853499789781e-18 -2.716260049022696129e-18 0.6302934880284828401 3.337134884426456078e-16 2.40583997816587361e-16
65 0.2151038122307107614 0.170799685824156805 -3.392874277094287643e-18 -1.858878968506952067e-18 0.6261394582717761947 2.597188734836464535e-16 2.561420973252825679e-16
66 0.2184510991057257989 0.1728810225383262955 -2.976157676610313456e-18 -9.234727648621711858e-19 0.6220162605436090342 1.245375146533728439e-16 2.795500914961697253e-16
67 0.2217972121355532289 0.174947947453765601 -2.895744980204380984e-18 6.588435303549630515e-20 0.6179237776719277431 2.404002040169851261e-17 2.95776243825482483e-16
68 0.2251421633902639385 0.1770005797846043172 -2.823745930776617522e-18 9.820344458202395111e-19 0.6138619191553559284 2.153209515170642668e-17 2.739846029617030576e-16
69 0.2284859647677187078 0.1790390378985553255 -2.446713079562691338e-18 1.638372046141884395e-18 0.6098305375923431804 1.127941480730802787e-16 1.963516978381414954e-16
70 0.2318286279967511632 0.1810634389823382873 -1.698512035018190564e-18 1.821060581075396689e-18 0.605829383228555729 2.239092741939847781e-16 5.467201303551801986e-17
71 0.235170164640277124 0.18307389859632478 -7.412244241325008808e-19 1.487898217902322395e-18 0.6018580706749427911 2.865768954325069752e-16 -9.973662526015699414e-17
72 0.238510586098332672 0.1850705306188425991 1.749521906847319812e-19 7.940140853600883098e-19 0.5979161954256559941 2.743604378230333197e-16 -2.077922000232680129e-16
73 0.2418499036110426659 0.1870534476208436381 8.998834368120439765e-19 2.519382500512563073e-20 0.5940034628036815478 2.171607132621603622e-16 -2.303081250821992389e-16
74 0.2451881282615215041 0.1890227613866579948 1.497618316268889907e-18 -5.844317052475844356e-19 0.5901197319707184308 1.791157676231230558e-16 -1.826788908706321017e-16
75 0.2485252709787084124 0.1909785832434610642 2.164973461161248261e-18 -9.49529021980005336e-19 0.5862649588861666983 2.000422151035312767e-16 -1.094392940947345707e-16
76 0.251861342540138422 0.192921024031296906 3.037718789396356595e-18 -1.103554078101208748e-18 0.582439088726878107 2.616918862346597851e-16 -4.618427181416976514e-17
77 0.2551963535746514244 0.1948501937545789042 4.123014451909664283e-18 -1.118411614366323192e-18 0.5786419603718819804 3.255274028826374363e-16 -4.456421748168551754e-18
78 0.2585303145650402756 0.1967662011426599411 5.273198899382310228e-18 -1.014829005735704684e-18 0.5748732789937851528 3.450979932955709495e-16 3.107862435220157997e-17
79 0.2618632358506402524 0.1986691531150809042 6.310743228595390176e-18 -7.847297870007959065e-19 0.5711325872853143526 3.113979678703026119e-16 6.905963157924948848e-17
80 0.2651951276298609161 0.2005591548950898806 7.177690407546974053e-18 -4.853156452893034461e-19 0.5674194598804990219 2.602763157309287687e-16 8.989060876424806659e-17
81 0.2685259999626621319 0.2023386436505996977 7.899227317575484238e-18 -2.401184421684067882e-19 0.5639263289607800989 2.286576184436228789e-16 7.770386758516084228e-17
82 0.2716815340530620571 0.2041074285335607308 8.595008501270645952e-18 -6.971016630111982555e-20 0.5604558905367357236 2.204647194144786182e-16 5.399544225307245745e-17
83 0.2748375092383119056 0.2058655787563309636 9.250903929541306089e-18 8.074168077670555318e-20 0.5570085210251780605 2.077975691249927111e-16 4.766541546960759594e-17
84 0.2779939245468862619 0.2076131637222666526 9.757862895990120087e-18 3.50305003233036682e-19 0.5535842678196073452 1.605899076305510852e-16 8.538984793400920262e-17
85 0.2811507790088435543 0.2093502526643741812 9.963755849580086564e-18 8.617857732153279089e-19 0.5501830638813227647 6.521186871425669994e-17 1.619997976636802626e-16
86 0.2843080716558636922 0.2110769141489940992 9.761690926436795419e-18 1.643961833926134466e-18 0.546804685079008812 -6.399056656389345084e-17 2.477020182375010248e-16
87 0.2874658015212733786 0.2127932156930587848 9.161789130848989306e-18 2.62929538715073486e-18 0.543448786258409644 -1.899525778636410039e-16 3.11995479705408934e-16
88 0.2906239676400740879 0.2144992235272243364 8.34723215724907954e-18 3.682055747012983836e-18 0.5401149475079657369 -2.578853321933023066e-16 3.332995283597761466e-16
89 0.2937825690489721531 0.2161950031146120388 7.554338694270193238e-18 4.662274523601427485e-18 0.5368029133992536783 -2.509922422158378585e-16 3.102904993990982886e-16
90 0.2969416047864075758 0.2178806197543161349 6.949870912975592626e-18 5.473260491866928821e-18 0.5335126197027038053 -1.913194150604585241e-16 2.566842532756526968e-16
91 0.300101073892580561 0.2195561391174899457 6.597351058177894801e-18 6.043979352356995159e-18 0.53024417191985318 -1.115603929150908289e-16 1.806128632296839794e-16
92 0.3032609754094746646 0.2212216273548221479 6.451826793977117549e-18 6.35073242950490271e-18 0.526997709545881432 -4.60471303237806151e-17 9.706353093915882533e-17
93 0.3064213083808785543 0.2228771507761655446 6.38436578630651722e-18 6.395537632526594221e-18 0.5237732706847535447 -2.134326351157711734e-17 1.417543686052035831e-17
94 0.3095820718524070481 0.2245227753061461717 6.229718476459894744e-18 6.218066302955142467e-18 0.5205707212529042671 -4.892055275064823976e-17 -5.614061795603540941e-17
95 0.3127432648715225971 0.2261585659117817393 5.828736197841064742e-18 5.882805828845674391e-18 0.5173897462426934046 -1.268280418457373916e-16 -1.060406698920399686e-16
96 0.3159048864875572682 0.2277845863537634463 5.098248872904972038e-18 5.431939133289552158e-18 0.5142299522030233661 -2.310170601108752795e-16 -1.425868662654658033e-16
97 0.3190669357517350035 0.2294008990904009559 4.100486893156546543e-18 4.900468478159805952e-18 0.5110909155646312652 -3.155002569651618239e-16 -1.680552392917960622e-16
98 0.322229411717193881 0.2310075658452599712 2.974355723024771705e-18 4.326067102551614508e-18 0.5079723924957199044 -3.560436805117280455e-16 -1.816058246914601005e-16
99 0.3253923134390085403 0.2326046483534749687 1.845661244580416356e-18 3.814289770947143417e-18 0.5048743752632697257 -3.568061867414683017e-16 -1.617845410231778465e-16
100 0.3285556399742128875 0.2341922088977172467 8.090369120076677455e-19 3.575746445216863217e-18 0.5017970255882059361 -3.276567993730536512e-16 -7.539890794055061574e-17
101 0.331719390381823076 0.2357703104070545952 -2.896872486564167198e-20 3.861774444123790954e-18 0.4987405363891386778 -2.648418865062812219e-16 9.039580581673295413e-17
102 0.3348835637228607665 0.2373390160610904243 -5.090520463584850759e-19 4.837512939285529662e-18 0.4957049754322383484 -1.517044899237696689e-16 3.083296254642013455e-16
103 0.3380481590603757192 0.2388983886474460583 -4.620215887211074767e-19 6.461297104445034755e-18 0.4926902074830263878 1.485946728455351394e-17 5.130413117687262472e-16
104 0.3412131754594673327 0.2404484899756150484 2.113431125065945458e-19 8.463561395117292335e-18 0.4896959122499313088 2.127241204509524165e-16 6.325397059974127267e-16
105 0.3443786119873055718 0.241989380481301225 1.539886401024551013e-18 1.045967323512005056e-17 0.4867216446747499869 4.196474519265798582e-16 6.305125731748499885e-16
106 0.3475444677131503957 0.2435211193585638811 3.434994243283802664e-18 1.208948872721489365e-17 0.4837670017107422171 5.98529326621684248e-16 5.147424052861195734e-16
107 0.3507107417083711876 0.2450437647747957248 5.69251624445463034e-18 1.313816888729322808e-17 0.4808316484511498401 7.128961304228027367e-16 3.311595757575247061e-16
108 0.3538774330464654616 0.2465573747215808464 8.021870492013345903e-18 1.355382447708325543e-17 0.4779155188594432224 7.354831052702606941e-16 1.312413791170270882e-16
109 0.3570445408030777368 0.2480620077022595293 1.012066124952948419e-17 1.343003438026715817e-17 0.4750187640396897337 6.62596795640849245e-16 -3.908103806378867968e-17
110 0.3602120640560180775 0.2495577230516027312 1.175180563183390961e-17 1.294749492477015111e-17 0.4721416359649048822 5.148915383494273677e-16 -1.523197365300913025e-16
111 0.3633800018852808011 0.2510445807373439808 1.277523246975766899e-17 1.231805657379690039e-17 0.4692843238747004264 3.230155624684643793e-16 -1.98664306469939717e-16
112 0.3665483533730629628 0.2525226407263042039 1.319224051539928214e-17 1.168399677677416257e-17 0.4664468169108462736 1.315995811865360268e-16 -2.000968676923909567e-16
113 0.3697171176037828411 0.2539919622455106829 1.312027585559416603e-17 1.106863268708691799e-17 0.4636288711143239372 -2.270768756152952403e-17 -1.941716326186192982e-16
114 0.3728862936640980341 0.2554526032527941748 1.273565566071855969e-17 1.041304881816971294e-17 0.460830075666422867 -1.21347102144557044e-16 -2.068357402074246664e-16
115 0.3760558806429236123 0.2569046202485437136 1.219669225615686398e-17 9.625338275244705424e-18 0.4580499606166897331 -1.700201629567614293e-16 -2.484893663230857309e-16
116 0.3792258776314499924 0.2583480684884297274 1.159751882149964056e-17 8.740861732227955301e-18 0.4552881233921980408 -1.889894913537618658e-16 -2.78978943842355932e-16
117 0.3823962837231604239 0.259783002534567653 1.101559234532745063e-17 7.937019857038685228e-18 0.4525443354888391556 -1.835258778419116425e-16 -2.535127577638293509e-16
118 0.3855670980138484194 0.2612094768437316916 1.05153789087652116e-17 7.456801811276065597e-18 0.4498185540417775075 -1.577352520835506076e-16 -1.514299876149210394e-16
119 0.3887383196016345188 0.2626275464957128492 1.007624411041300949e-17 7.470361778537788705e-18 0.4471109658925919716 -1.384572214587584238e-16 4.275396523288222173e-18
120 0.391909947586983054 0.2640372674258922858 9.609712064667546881e-18 7.956988366273333516e-18 0.4444218311436333724 -1.470766458940158945e-16 1.53411554425229612e-16
121 0.3950819810727184134 0.2654386962305277375 8.994354087568221034e-18 8.668531911315310554e-18 0.4417513484246465838 -1.939700506000394205e-16 2.242891821871126115e-16
122 0.3982544191640409736 0.2668318895704010485 8.117429108217161693e-18 9.249385351121135988e-18 0.4390995283460441545 -2.763847154644985628e-16 1.83070406782242639e-16
123 0.4014272609685426429 0.268216903436212184 6.900146387585524115e-18 9.4410798947311486e-18 0.4364661500502844405 -3.836082191752469693e-16 6.040963307331905621e-17
124 0.4046005055962223484 0.2695937925928341694 5.344902916288321019e-18 9.221556264751234093e-18 0.4338508177166139346 -4.900493612907123837e-16 -6.917078685445121291e-17
125 0.4077741521595010799 0.2709626103913793105 3.58369214919476363e-18 8.794583824356814074e-18 0.4312530765517453291 -5.548784962998103838e-16 -1.345198599248236169e-16
126 0.4109481997732365999 0.2723234089315240691 1.841659038968096277e-18 8.439835839941946288e-18 0.4286725231628002453 -5.487672912366255888e-16 -1.117510851752234541e-16
127 0.4141226475547380437 0.2736762394894475259 3.682351879974449349e-19 8.340772303671647375e-18 0.426108889185502604 -4.640928583105284411e-16 -3.120261672956147811e-17
128 0.4172974946237803517 0.2750211531129769238 -6.40705807293174768e-19 8.480589494136528515e-18 0.4235620938578802397 -3.177521240530534383e-16 4.403350588063797651e-17
129 0.4204727401026183142 0.2763582010169192138 -1.094269864072143397e-18 8.685891643493235951e-18 0.4210321809812890281 -1.42825895375406229e-16 6.464900131770473435e-17
130 0.4236483831160005598 0.2776874351182971323 -1.047172001716589734e-18 8.792268975025409773e-18 0.4185193628922595499 1.482911650114910182e-17 3.349370360937292348e-17
131 0.4268244227911831001 0.2790089080692118584 -7.067619889249630922e-19 8.761111286240254414e-18 0.4160238622013319731 1.071673000613049615e-16 -9.809010480838564987e-18
132 0.4300008582579429861 0.2803226730097508335 -3.318004886998897746e-19 8.690453700335938931e-18 0.4135458236632169049 1.180300658571045276e-16 -2.224153549786970295e-17
133 0.433177688648591297 0.2816287830312017015 -1.156686895978071433e-19 8.740659495161158563e-18 0.4110852230473000524 6.802534808116575302e-17 1.580177781735879722e-17
134 0.4363549130979862412 0.2829272905250528325 -1.170001371716470711e-19 9.049633007234688861e-18 0.4086418312995221958 -4.190081131065374237e-19 9.723432663627680043e-17
135 0.4395325307435457574 0.284218246677060471 -2.385406974819456373e-19 9.63794642316412949e-18 0.4062152603156227726 -3.824423491733095946e-17 1.851200654857972364e-16
136 0.4427105407252598934 0.2855017013049701569 -2.844374268886839724e-19 1.040650158964015602e-17 0.4038050711601248177 -1.444019264965308538e-17 2.418055667419877845e-16
137 0.4458889421857030744 0.2867777030657285287 -6.425774046357649242e-20 1.120376049352121988e-17 0.401410890332618564 6.92652053305411157e-17 2.508056150661631719e-16
138 0.4490677342700459262 0.288046299860302335 5.381855940653540875e-19 1.192219671604671718e-17 0.3990324718830434159 1.894963427109263098e-16 2.259814804758159559e-16
139 0.452246916126066989 0.2893075393013143093 1.578197341857075588e-18 1.256630323801387279e-17 0.3966697170889073587 3.270918688006458708e-16 2.025765636054272937e-16
140 0.4554264869041641517 0.2905614691655950543 3.026992633335232681e-18 1.324170513316091648e-17 0.3943226696214303106 4.556018987539833542e-16 2.123932812737686619e-16
141 0.4586064457573656994 0.2918081375537502353 4.759121720787081049e-18 1.40699120992354814e-17 0.3919914233349072741 5.446354081335047581e-16 2.604141009205074692e-16
142 0.4617867918413413042 0.2930475932007799988 6.51490057116716788e-18 1.509375356642861724e-17 0.3896761697260506252 5.520045666351282665e-16 3.218885825391251828e-16
143 0.464967524314412739 0.2942798854002642295 7.972475680695781154e-18 1.621015919178453856e-17 0.3873770763976096543 4.581958603612464137e-16 3.509475653625308482e-16
144 0.4681486423375643136 0.2955050637488528253 8.889588156540999268e-18 1.718406283226825172e-17 0.3850942305920265762 2.882639279895972094e-16 3.06114349420958508e-16
145 0.4713301450744530885 0.2967231776663734055 9.252950271046433021e-18 1.776740713757519828e-17 0.3828275687215173528 1.141970655296095565e-16 1.833328385105091703e-16
146 0.4745120316914189229 0.2979342757993447832 9.303020830808907388e-18 1.779699906508862733e-17 0.3805768398204510405 1.573422903038501802e-17 9.29900059347401773e-18
147 0.4776943013574941888 0.2991384055518464535 9.432537317767657274e-18 1.728854613620092518e-17 0.3783416456731139577 4.069451877255792277e-17 -1.597576319852825465e-16
148 0.4808769532444133743 0.3003356129579364819 9.95913195638522197e-18 1.646610674826734246e-17 0.376121548204200129 1.654379932377219605e-16 -2.583822772229300152e-16
149 0.484059986526622521 0.3015259429410388492 1.09641930257132395e-17 1.56888711416768456e-17 0.3739161910593951088 3.157180043854291307e-16 -2.441516064432939368e-16
150 0.4872434003812883274 0.3027094398285851695 1.229711113276284197e-17 1.53080305058121795e-17 0.3717253797285486328 4.186571969084873375e-16 -1.196185063708592414e-16
151 0.4904271939883070308 0.3038861478027536367 1.369283789137443574e-17 1.553475609070253187e-17 0.369549061379432664 4.383326406465059093e-16 7.12039256351088941e-17
152 0.4936113665303130671 0.3050561112455441037 1.495368898445353449e-17 1.634955827611206827e-17 0.3673872915929923821 3.959274719589307259e-16 2.55860958670375738e-16
153 0.4967959171926876194 0.3062193748817096384 1.600947896940707475e-17 1.753768789531431062e-17 0.3652401708301046823 3.314957181471352837e-16 3.730475634192162871e-16
154 0.4999808451635669448 0.3073759837294111619 1.687460862954336134e-17 1.881332882705995389e-17 0.3631077840413236557 2.716003032700121195e-16 4.00476922581960196e-16
155 0.5031661496338503126 0.3085259832690865345 1.758111819650366151e-17 1.995013638463425541e-17 0.3609902691748269055 2.217766789920503657e-16 3.568492438914985806e-16
156 0.5063518297972079418 0.3096694193515963645 1.811444957864656279e-17 2.084597370601585841e-17 0.358887735312677314 1.673955324973769726e-16 2.81174463878664768e-16
157 0.5095378848500885516 0.3108063379567247431 1.843456280568473739e-17 2.148151504850200155e-17 0.3568002157248164052 1.004614296471028752e-16 1.994525263974277055e-16
158 0.5127243139917267989 0.3119367847196179988 1.852201696657647489e-17 2.184325364809829532e-17 0.3547275950939334788 2.744260516495696105e-17 1.13511460866164026e-16
159 0.515911116424150773 0.3130608043456667433 1.83849863308230412e-17 2.188416762055116505e-17 0.3526695746005676368 -4.299438808581119793e-17 1.283706523069858862e-17
160 0.5190982913521887676 0.3141784402012516297 1.806717465549278882e-17 2.155202531644051339e-17 0.3506257272018232785 -9.970416501856629744e-17 -1.041999827862934e-16
161 0.5222858379834761644 0.3152897343072506575 1.763013229209435278e-17 2.08461898864875144e-17 0.3485956240452013355 -1.370933712152727746e-16 -2.214095628235949464e-16
162 0.5254737555284620942 0.3163947277536836022 1.714179139225407677e-17 1.987631843147809708e-17 0.3465789665572416856 -1.531671386293121745e-16 -3.04198226383715687e-16
163 0.5286620432004158765 0.317493461309666436 1.666698213971033731e-17 1.886710629985902826e-17 0.3445756476184586026 -1.489057149475599489e-16 -3.165006856698630032e-16
164 0.5318507002154334584 0.3185859759177621098 1.627058327712391257e-17 1.806609907063371974e-17 0.3425857152014847862 -1.243009355096292873e-16 -2.511761696111674724e-16
165 0.5350397257924430772 0.3196723128034472672 1.601418958198676108e-17 1.764397627122299678e-17 0.3406092516049785135 -8.038948669391767382e-17 -1.323520656320167144e-16
166 0.5382291191532113661 0.3207525134148765944 1.592524746346619954e-17 1.761409922849069064e-17 0.3386463202316921106 -2.788363645780953706e-17 -9.366547726086571819e-18
167 0.5414188795223490169 0.3218266192317682517 1.601627941736801276e-17 1.787402286826083447e-17 0.336696924573224643 2.853553014481384147e-17 8.1477531131657597e-17
168 0.5446090061273162197 0.3228946717634087471 1.628594695259051416e-17 1.831883238011414761e-17 0.3347610675203362418 8.45222395831071589e-17 1.394172127493592422e-16
169 0.5477994981984278811 0.3239567128769653137 1.669781995125653437e-17 1.888995768299912268e-17 0.3328388548800917945 1.29079124604647644e-16 1.789880724755525374e-16
170 0.550990354968858731 0.32501278484849494 1.717840451292104506e-17 1.957010722802065605e-17 0.3309304084213644526 1.505958396398736384e-16 2.131314652689543422e-16
171 0.554181575674648208 0.3260629300878536418 1.762766545903033757e-17 2.033396238123084355e-17 0.3290357636910836159 1.407642609415823705e-16 2.393341932772712767e-16
172 0.5573731595547052331 0.3271071905291051962 1.795932336934287236e-17 2.108864969980017261e-17 0.3271547652681368046 1.039046022537992053e-16 2.364348421180083988e-16
173 0.5605651058508126505 0.3281456069570167222 1.810614406852264569e-17 2.16954372186839878e-17 0.3252870468506509072 4.599202243823279715e-17 1.900780022139307245e-16
174 0.5637574138076317798 0.3291782186681301847 1.80007021229683334e-17 2.202645251177431439e-17 0.3234321361696700925 -3.302627049982261204e-17 1.036798074211184214e-16
175 0.5669500826727063014 0.330205063673587651 1.757145092724309689e-17 2.20452876425434216e-17 0.3215896247157258303 -1.344338534135054581e-16 5.898828550868602035e-18
176 0.5701431116964664758 0.3312261793186136449 1.67791517379581655e-17 2.182076979233333685e-17 0.3197592981766312348 -2.481061121193733435e-16 -7.030709064248607209e-17
177 0.5733365001322326959 0.3322416029677183746 1.566888112326161484e-17 2.147133399410768e-17 0.3179411569053595121 -3.476388638632526898e-16 -1.094124822185962399e-16
178 0.5765302472362195951 0.3332513724016604728 1.437960886453673175e-17 2.110957729727187929e-17 0.316135325557837854 -4.036411595996603636e-16 -1.132576084031793018e-16
179 0.5797243522675390448 0.334255525787137131 1.309992111217757501e-17 2.080391040815563591e-17 0.3143419192691936925 -4.005956758796440349e-16 -9.568649368864380202e-17
180 0.582918814488203707 0.3352541012888408667 1.200500993260065505e-17 2.059807171000324307e-17 0.3125609317175744306 -3.427146548785276001e-16 -6.442891415649030378e-17
181 0.5861136331631302543 0.3362471368436444896 1.118327186982840056e-17 2.053112691749236077e-17 0.3107922859335350285 -2.571809737649220852e-16 -2.095184305854797323e-17
182 0.5893088075601421449 0.337234670184664298 1.066614250784615911e-17 2.063968644374587364e-17 0.3090359125353639436 -1.618290113769534457e-16 3.397231350742745613e-17
183 0.5925043369499725099 0.3382167391202400841 1.044635044552212603e-17 2.095380409614735141e-17 0.3072918294887309054 -6.877348676043056997e-17 9.828820012982105867e-17
184 0.595700220606266817 0.339193382066564908 1.050001422695376372e-17 2.147575728539767163e-17 0.3055602214169336195 1.678967425918159364e-17 1.633023948790759789e-16
185 0.5988964578055854249 0.3401646379820318922 1.078663554904194603e-17 2.21369667474835759e-17 0.3038412523461100911 8.966471149933576063e-17 2.068483782944914935e-16
186 0.6020930478274058029 0.3411305458340992414 1.124397632842388666e-17 2.279549709856196561e-17 0.3021349194890272094 1.430556954908982682e-16 2.059875734298106903e-16
187 0.6052899899541248629 0.342091143819077903 1.178860965963045055e-17 2.326344114142396227e-17 0.3004409760600550428 1.703419871593536501e-16 1.463562980324871772e-16
188 0.6084872834710606249 0.3430464687369878529 1.231559507486898922e-17 2.337988339337280943e-17 0.2987589799034022775 1.648042693422957558e-16 3.641501206312293276e-17
189 0.6116849276664546586 0.3439965558778384502 1.275343826786372792e-17 2.310627690085062943e-17 0.2970884535197726439 1.369118173460484284e-16 -8.555565720383336194e-17
190 0.6148829218314731948 0.3449414394626004188 1.307522690097448342e-17 2.255171532276957335e-17 0.2954290575153930565 1.006110320172684842e-16 -1.73390253560187047e-16
191 0.6180812652602090118 0.345881153366844718 1.330850856281503655e-17 2.193708206709822492e-17 0.2937806788952216919 7.293032983739459002e-17 -1.921514349283954057e-16
192 0.6212799572496827682 0.3468157317279549345 1.350574098533712392e-17 2.147381931355487844e-17 0.2921433945447815539 6.165363101435744888e-17 -1.448130611814496847e-16
193 0.6244789970998443351 0.3477452091764561826 1.369176942324350274e-17 2.125511082740909716e-17 0.2905173536407466561 5.814502500262579905e-17 -6.835949674335684689e-17
194 0.6276783841135737951 0.3486696206669283593 1.388288397636800798e-17 2.122308649579843475e-17 0.2889026524715627708 5.972827241187141957e-17 -1.000843719632190477e-17
195 0.6308781175966825527 0.3495890011275747389 1.40823104135198472e-17 2.124108489853632805e-17 0.2872992777974656686 6.231921801683912126e-17 5.624361545022228784e-18
196 0.6340781968579138894 0.3505033851200700656 1.428853115903367842e-17 2.117566026561445109e-17 0.285707110121529495 6.443543820914527907e-17 -2.044248691609377493e-17
197 0.6372786212089438518 0.3514128067703372049 1.449883348812284247e-17 2.096024711979612795e-17 0.2841260083916076207 6.570369344298222662e-17 -6.730044007470202029e-17
198 0.6404793899643816957 0.3523173001467451715 1.472183201534341038e-17 2.061108423694725174e-17 0.2825559497821306665 6.966282153336960195e-17 -1.090754808883534377e-16
199 0.6436805024417703303 0.3532168995063165728 1.499654891927602174e-17 2.020195220709026375e-17 0.2809969884020296904 8.58100018045474318e-17 -1.277956314946604999e-16
200 0.6468819579615866511 0.3541116397957168593 1.536534354868601963e-17 1.980616950222050831e-17 0.2794493348281254508 1.151836070172772484e-16 -1.236126448340228451e-16
201 0.650083755847241318 0.3550015565310727927 1.584969268331782783e-17 1.944619618290635512e-17 0.2779131620354990395 1.512579707593042467e-16 -1.124164985828675897e-16
202 0.6532858954250791994 0.3558866852086558508 1.639522314810709417e-17 1.909426604139289968e-17 0.2763884589266906722 1.70346220023493843e-16 -1.098929815813467769e-16
203 0.6564883760243788169 0.3567670605226636593 1.686485238038949794e-17 1.871056931478006156e-17 0.2748749702010180873 1.466298738449275783e-16 -1.197996179763368588e-16
204 0.6596911969773523454 0.3576427157921505673 1.708997674827097959e-17 1.831237114354804056e-17 0.2733722617785383502 7.028194744409823432e-17 -1.24314143360963863e-16
205 0.6628943576191450582 0.3585136828710260848 1.697187868443278641e-17 1.801320853268181886e-17 0.2718798716878706445 -3.686532731451572571e-17 -9.338618442516457376e-17
206 0.6660978572878348825 0.359379992582158081 1.657080644254280018e-17 1.800738023443960868e-17 0.2703974736663825595 -1.25184930482949417e-16 -1.819161323273790033e-18
207 0.6693016953244316225 0.3602416754247823594 1.611528410988444852e-17 1.846630386616498623e-17 0.2689249623846659554 -1.421652145265404506e-16 1.432267352838451289e-16
208 0.6725058710728760714 0.3610987621839592543 1.592926972948326647e-17 1.943541246069553068e-17 0.2674624227623462192 -5.80476320722948608e-17 3.024199473830051249e-16
209 0.6757103838800395668 0.3619512841623377941 1.629982329298041922e-17 2.077817065679622054e-17 0.2660100120176424054 1.156227761617810799e-16 4.189770269159475994e-16
210 0.6789152330957223258 0.3627992730286660472 1.73588698070436613e-17 2.22441719663175919e-17 0.2645678400565572574 3.304166597827486561e-16 4.573843070128467997e-16
211 0.6821204180726528898 0.3636427604706501948 1.904796117317771127e-17 2.35770479490676408e-17 0.2631359084620246702 5.269320786300409648e-16 4.158064662624075901e-16
212 0.6853259381664863481 0.3644817778935017794 2.115605429442592584e-17 2.461265736742828251e-17 0.261714124802094994 6.575760302493461654e-16 3.230369300817255755e-16
213 0.6885317927358033385 0.3653163563118205226 2.340094420673311982e-17 2.533659681048033175e-17 0.2603023629795295224 7.001740471310372876e-16 2.257944173300648264e-16
214 0.6917379811421083824 0.3661465263821229721 2.550247062337112585e-17 2.586866415296735018e-17 0.2589005071114388601 6.553913161160499843e-16 1.65932872931857753e-16
215 0.694944502749828108 0.3669723186041248808 2.72417122369615169e-17 2.639762138991386897e-17 0.2575085041465352553 5.423513255905148324e-16 1.649458340905376537e-16
216 0.6981513569263099184 0.3677937637533343906 2.847137160982471157e-17 2.713438150613810361e-17 0.2561264359548793834 3.834075505991312781e-16 2.297216593266210446e-16
217 0.7013585430418197708 0.3686108929642896159 2.912311561904167097e-17 2.825093208432218437e-17 0.2547544103402982207 2.031926634550131243e-16 3.481042904192372615e-16
218 0.7045660604695405116 0.3694237379662799747 2.922719493196103246e-17 2.983312348916459686e-17 0.2533926085616899915 3.24452122278765526e-17 4.932251614209589903e-16
219 0.7077739085855696555 0.370232330782556851 2.894752453864797114e-17 3.180713341841984996e-17 0.2520411180631886849 -8.717420832942475048e-17 6.153055773215878069e-16
220 0.7109820867689172763 0.3710367030616599227 2.85353663097510735e-17 3.392993142699947978e-17 0.2506998178635050367 -1.284579237745622689e-16 6.616153837441136516e-16
221 0.7141905944015037866 0.3718368853949455821 2.82349920250331531e-17 3.587420166211667049e-17 0.2493683743628528904 -9.360847392487156478e-17 6.059112875717277533e-16
222 0.7173994308681573839 0.3726329069868038468 2.818475050675450589e-17 3.73182898479985906e-17 0.2480463513518305074 -1.5655637262680208e-17 4.499888058339003856e-16
223 0.7206085955566118306 0.3734247958145000545 2.838088341091516525e-17 3.805344860896159114e-17 0.2467333626181863748 6.111025849981441438e-17 2.290576490115701518e-16
224 0.7238180878575035671 0.3742125791886574682 2.86913408247617583e-17 3.804489250186214764e-17 0.2454291967377445483 9.672114974899660039e-17 -2.665603973763457218e-18
225 0.7270279071643693802 0.374996284401639679 2.892174445670166188e-17 3.744564199525016528e-17 0.2441338443666538072 7.177357441261114069e-17 -1.866739272553142966e-16
226 0.7302380528736434062 0.37577593915416313 2.88940053338626918e-17 3.652354219148059515e-17 0.2428474290612827602 -8.640202145957294412e-18 -2.872163171693278825e-16
227 0.7334485243846542435 0.3765515716106640487 2.849034186145056385e-17 3.552505990387251323e-17 0.2415700915866607346 -1.257206569728873632e-16 -3.10976488468884109e-16
228 0.7366593210996219554 0.3773232101588815945 2.76790717222132887e-17 3.456653245501898679e-17 0.2403018977957492863 -2.526438765067686942e-16 -2.985024083891136674e-16
229 0.7398704424236550725 0.3780908831061182696 2.652454332153310126e-17 3.358387808402578166e-17 0.2390428189494130384 -3.595042973041803076e-16 -3.059850835446464566e-16
230 0.743081887764747373 0.3788546185021471335 2.51795893050903824e-17 3.242892715589685758e-17 0.237792771196334074 -4.18758046784925674e-16 -3.595996509047215273e-16
231 0.7462936565337747741 0.3796144441131175662 2.384164022089261217e-17 3.098840339092312231e-17 0.236551662609927299 -4.165351572582337991e-16 -4.484690785803202954e-16
232 0.749505748144491557 0.3803703874883250791 2.27176082569672821e-17 2.927800718655575776e-17 0.2353194220999977326 -3.499025996493717899e-16 -5.324333271169477302e-16
233 0.7527181620135273699 0.3811224760192860606 2.195224591310344151e-17 2.744163282541094198e-17 0.2340959970069633467 -2.382276202636132171e-16 -5.715921321136611853e-16
234 0.7559308975603834524 0.3818707369572760246 2.156440283328120173e-17 2.564992096953238447e-17 0.2328813401649713621 -1.207084475709022528e-16 -5.576346926612832967e-16
235 0.7591439542074290836 0.3826151975517907977 2.14517780594593277e-17 2.401740160694209022e-17 0.231675447530126366 -3.504872530582863322e-17 -5.080385136787839442e-16
236 0.7623573313798976958 0.3833558853828150093 2.141670977668486302e-17 2.258087850297176716e-17 0.2304784184654775914 -1.091213060835969388e-17 -4.47000152053757891e-16
237 0.765571028505883322 0.3840928283382653574 2.125582008652737631e-17 2.133517739787303002e-17 0.2292903452902361194 -5.005876280790867651e-17 -3.875839159653282654e-16
238 0.76878504501633671 0.3848260547365627282 2.083516549472370901e-17 2.02793215704743472e-17 0.228111358433897099 -1.308682974189291646e-16 -3.284834092956075026e-16
239 0.7719993803450609926 0.3855555928740566074 2.014560424061899087e-17 1.942728409399699537e-17 0.2269414475030970268 -2.14505618151982503e-16 -2.650479917374742342e-16
240 0.775214033928708135 0.3862814703283855566 1.931552196539828679e-17 1.879270117607058132e-17 0.2257803854364507923 -2.58192749927136723e-16 -1.973836974083609765e-16
241 0.7784290052067744936 0.3870037134363006337 1.855776521478052872e-17 1.834944612129807645e-17 0.2246277828718606651 -2.356730261349464011e-16 -1.378585674395962276e-16
242 0.7816442936215965975 0.3877223472724525277 1.806719621938419691e-17 1.801226634235751208e-17 0.2234832440172566936 -1.52558848456845747e-16 -1.048573376647007248e-16
243 0.7848598986183470405 0.3884373960869690889 1.794326192544826176e-17 1.766889411074038619e-17 0.2223465093152668659 -3.853772928738925151e-17 -1.06772594466127618e-16
244 0.7880758196450301512 0.3891488839328148819 1.819624007579626798e-17 1.721834693492214353e-17 0.2212175143831457413 7.865657570960346392e-17 -1.400852128800258018e-16
245 0.79129205615247733 0.3898568351457414316 1.878625063713705603e-17 1.66320791107732247e-17 0.2200963440883143829 1.83429543100554668e-16 -1.822659561785002507e-16
246 0.7945086075943427195 0.3905612744796624347 1.966711612644479252e-17 1.598364514317997667e-17 0.2189831253601102479 2.7382723902821848e-16 -2.01573208615215476e-16
247 0.7977254734270985415 0.391262226949523062 2.078183312223123539e-17 1.543236260028943555e-17 0.2178779362493625527 3.464888833223358625e-16 -1.713558449393512361e-16
248 0.8009426531100306557 0.3919597175732904559 2.203680082716955281e-17 1.516678584303122984e-17 0.216780774599136028 3.900452019039096554e-16 -8.254151839776165345e-17
249 0.8041601461052335642 0.392653771198793744 2.329216221295273332e-17 1.532480980153192241e-17 0.2156915844524862624 3.901296332306969659e-16 4.910922836221891916e-17
250 0.8073779518776057484 0.3933444124906743666 2.438862935738851455e-17 1.591016132430075441e-17 0.2146103058312120448 3.407168843908490158e-16 1.818924973021988742e-16
251 0.810596069894844895 0.394031666014144244 2.518655554984947092e-17 1.678684449865333254e-17 0.2135369048169741824 2.479240681811789765e-16 2.723946915705696211e-16
252 0.8138144996274428999 0.3947155562759817604 2.56394273579350755e-17 1.777970379806321836e-17 0.2124713602530274026 1.406984343155633583e-16 3.084620116079556147e-16
253 0.8170332405486807614 0.3953961076573496713 2.579788406371765943e-17 1.878285744696690008e-17 0.2114136301324638367 4.922465563289875484e-17 3.116301873770050114e-16
254 0.8202522921346238061 0.3960733443223839467 2.578742934068840837e-17 1.982262248667417348e-17 0.2103636440820274567 -3.247452106259276767e-18 3.229724172285456249e-16
255 0.8234716538641163597 0.3967472901951682451 2.576742048019812191e-17 2.10399846653269336e-17 0.209321324615582699 -6.214566111328826173e-18 3.781013788536952916e-16
256 0.8266913252187765293 0.3974179690643784846 2.587847942025359179e-17 2.260191795961666062e-17 0.208286626786670731 3.449056330922751062e-17 4.850753946020232492e-16
257 0.8299113056829912072 0.3980854048198662065 2.621529073835061112e-17 2.458564002202257914e-17 0.207259579143861089 1.04590399099412248e-16 6.16007453020269929e-16
258 0.8331315947439105196 0.3987496217979693558 2.67903286080162869e-17 2.690116480991563865e-17 0.2062403174554580942 1.78550077306729175e-16 7.189737436324402424e-16
259 0.836352191891442498 0.3994106446456925918 2.753248680944207782e-17 2.934132659736940947e-17 0.2052289352808249756 2.304191723677199145e-16 7.576013556520046581e-16
260 0.8395730966182479715 0.4000684980841640037 2.831021472399262789e-17 3.169297080751418539e-17 0.2042254527217965687 2.414395458850635948e-16 7.300495450375026283e-16
261 0.8427943084197346835 0.4007232065463043336 2.899627737168563056e-17 3.384584363408752153e-17 0.2032297774117373668 2.1296251269664661e-16 6.682789220563261687e-16
262 0.8460158267940518506 0.40137479360187861 2.95079160476687859e-17 3.580592565605986654e-17 0.2022416385759649438 1.588040205901123333e-16 6.08376419506358151e-16
263 0.8492376512420848345 0.4020232817062581177 2.98261901182314506e-17 3.764070612173327136e-17 0.2012606875807746443 9.877753785764000084e-17 5.694309203012179554e-16
264 0.8524597812674491459 0.4026686923752220149 2.996780882235095424e-17 3.938042685068748735e-17 0.2002866301804181737 4.394772876027655899e-17 5.398776608645821211e-16
265 0.8556822163764851163 0.4033110466663215599 2.994757918189483442e-17 4.09758240712773617e-17 0.1993193216155317582 -6.277156186406071516e-18 4.950437727612138992e-16
266 0.8589049560782516801 0.4039503656522127062 2.974980897752894471e-17 4.234061077579251451e-17 0.1983587640501688065 -6.13613144137821131e-17 4.234465264978449525e-16
267 0.8621279998845210457 0.404586670680319338 2.932876279699575362e-17 4.343670417520824779e-17 0.1974050402143674721 -1.306238903181016817e-16 3.400481719187345545e-16
268 0.8653513473097725894 0.4052199833685964925 2.865556378737369426e-17 4.432051048159449717e-17 0.1964582315023921666 -2.08831260335706516e-16 2.741631853542134562e-16
269 0.8685749978711868602 0.4058503254411840455 2.774822466823207873e-17 4.511334765114726175e-17 0.1955183683110305604 -2.814368131118210685e-16 2.459208047004763315e-16
270 0.8717989510886400284 0.4064777185707011409 2.666115975620174742e-17 4.589519580659242755e-17 0.1945854321231139383 -3.371522347018807448e-16 2.424895237521259889e-16
271 0.8750232064846973357 0.4071021843201644841 2.545097262433508509e-17 4.661812530537034764e-17 0.1936593864257340203 -3.753033655072657541e-16 2.241949751170615271e-16
272 0.8782477635846075437 0.4077237441736232815 2.415036463295215502e-17 4.709748684836510378e-17 0.1927402042288342277 -4.033070161881274549e-16 1.486457678727518966e-16
273 0.8814726219162966059 0.408342419588589689 2.27774605195403704e-17 4.710409236214345085e-17 0.1918278748186266203 -4.256857021218922682e-16 2.048120289786916625e-18
274 0.8846977810103614503 0.4089582320068252397 2.135450509898054459e-17 4.649108061104472498e-17 0.1909223908388325008 -4.411636448137377014e-16 -1.900540906066956215e-16
275 0.8879232404000638734 0.4095712027970532243 1.993359372505246605e-17 4.527765882437554596e-17 0.1900237271858183086 -4.404889752970443629e-16 -3.761662614716103943e-16
276 0.8911489996213244336 0.4101813531442768945 1.859854014964785414e-17 4.365621436765293253e-17 0.1891318244658651559 -4.138342617108774722e-16 -5.026084960295604828e-16
277 0.8943750582127161231 0.4107887039546186947 1.744451089416664197e-17 4.190680752466044643e-17 0.1882465938215621692 -3.576879668482254411e-16 -5.422234955381874596e-16
278 0.8976014157154578177 0.4113932758692215308 1.655275319256193619e-17 4.028127806993873762e-17 0.1873679507457759186 -2.763721057422950454e-16 -5.037814616449534742e-16
279 0.9008280716734082816 0.4119950894081926274 1.596108005172588485e-17 3.893404127298999957e-17 0.1864958553781524142 -1.833534497963471574e-16 -4.174948926430637831e-16
280 0.9040550256330596168 0.4125941651552604839 1.565341593273636526e-17 3.792589939807803284e-17 0.1856303250998959098 -9.533317065350512793e-17 -3.123840430908396815e-16
281 0.9072822771435307132 0.4131905238928036961 1.558483792159973418e-17 3.727899502014855012e-17 0.1847714191307899823 -2.124770820175105686e-17 -2.004321097807230948e-16
282 0.9105098257565609199 0.4137841866523173651 1.570961603579485311e-17 3.701890936759027973e-17 0.1839192123122495859 3.865678301157857343e-17 -8.057562578360494063e-17
283 0.9137376710265034951 0.4143751746853526208 1.600048117655201227e-17 3.716296838793726646e-17 0.1830737704645719888 9.010297169916998635e-17 4.462599333679409472e-17
284 0.916965812510319167 0.4149635090456386677 1.642510856556238105e-17 3.76582933295910548e-17 0.1822350299559848119 1.31527223599207558e-16 1.534256056986741976e-16
285 0.9201942497675694721 0.4155492104009461118 1.692606427307159817e-17 3.835248255235987832e-17 0.1814028689171085507 1.55155527162589555e-16 2.150036284541259639e-16
286 0.923422982360410094 0.4161322988784326715 1.742195474872895283e-17 3.903584543578271798e-17 0.1805771176365532082 1.535727015968770844e-16 2.116311752895849562e-16
287 0.9266520098535843131 0.416712793867609288 1.784985224983347935e-17 3.950571421695039389e-17 0.1797575454591855415 1.32503821636377352e-16 1.455007542966117398e-16
288 0.9298813318144163453 0.4172907140637846513 1.823065984437312991e-17 3.96471311068147997e-17 0.1789439352739665423 1.179111060663823445e-16 4.378752456483387416e-17
289 0.9331109478128046808 0.417866006359901121 1.867199257256504237e-17 3.945684831274914663e-17 0.178136245813126648 1.366563673549627942e-16 -5.892007038249238994e-17
290 0.9363404550559289996 0.4184386668515192031 1.933109958025753424e-17 3.901558570056506327e-17 0.1773344688029621641 2.04104164342125053e-16 -1.366447870590315991e-16
291 0.9395697228654170674 0.4190087153233084671 2.032100761068881776e-17 3.843884007290552768e-17 0.1765386382762813011 3.065651858736853918e-16 -1.786126843200258289e-16
292 0.9427987523705454453 0.4195761717110087496 2.163408244639269333e-17 3.783270261477368738e-17 0.1757488037486190369 4.06676771306806784e-16 -1.877288466266546615e-16
293 0.946027544690019373 0.4201410560138604811 2.313505847916066658e-17 3.726294903810700288e-17 0.1749649875987037417 4.649062677674042995e-16 -1.764731768479765895e-16
294 0.9492561009320680254 0.4207033881738812542 2.463411336116351219e-17 3.674175884727401082e-17 0.174187174788968252 4.643450140572479636e-16 -1.614430995118070689e-16
295 0.952484422194537772 0.4212631880102529758 2.599813959648919993e-17 3.62639973489633085e-17 0.1734153299246312674 4.225493547086190893e-16 -1.480014149197118872e-16
296 0.9557125095649854352 0.4218204752426155113 2.720745673842921491e-17 3.584027015543198923e-17 0.172649424790213335 3.746504438290343991e-16 -1.312720837350164556e-16
297 0.9589403641207693285 0.4223752695647682853 2.833626339529008945e-17 3.551823638105286966e-17 0.1718894539702396362 3.497331391800900145e-16 -9.977429008863844145e-17
298 0.9621679869291404064 0.4229275907033701043 2.947237876890664589e-17 3.536315381486939634e-17 0.1711354302096272095 3.520227267126462637e-16 -4.80519752494142522e-17
299 0.9653953790473315255 0.4234774584154520349 3.062378874561930829e-17 3.541916484814158291e-17 0.1703873654605103649 3.567871111293622163e-16 1.735612436641360176e-17
300 0.9686225415226463742 0.4240248924139084497 3.169084978196093309e-17 3.567684642008548211e-17 0.1696452485632458096 3.306733510391227827e-16 7.985337857321813377e-17
301 0.9718494753925468466 0.4245699122455910968 3.25253663058334835e-17 3.608211515397477143e-17 0.1689090305496153688 2.586279779760743941e-16 1.255982717949368553e-16
302 0.9750761816847398622 0.4251125371701667821 3.301858833762681962e-17 3.656975949951327114e-17 0.1681786248665932126 1.528669239176089006e-16 1.511382019924053352e-16
303 0.9783026614172630753 0.425652786094788016 3.316856463819461365e-17 3.710794780194024035e-17 0.1674539246633212908 4.648620106771888259e-17 1.668152204328163155e-16
304 0.9815289155985698066 0.4261906776191722868 3.311104452813791922e-17 3.771598666043646619e-17 0.1667348370088869713 -1.783000054892938925e-17 1.884790062131691092e-16
305 0.9847549452276126436 0.4267262302021103682 3.305564215061434018e-17 3.842609774608034271e-17 0.166021320540841566 -1.71747390837066772e-17 2.201344628430569459e-16
306 0.9879807512939264846 0.4272594623936267211 3.319688849728933485e-17 3.921735959628771144e-17 0.1653134058371200921 4.37893941933510486e-17 2.453081292687665454e-16
307 0.9912063347777108069 0.427790392986636403 3.363212079174953918e-17 3.997686263584990528e-17 0.164611170481646335 1.349406087458252184e-16 2.354783958068579044e-16
308 0.9944316966499104904 0.4283190409956780242 3.434065441839626136e-17 4.0525402542004826e-17 0.1639146854631466088 2.196907291156002422e-16 1.70082445490287454e-16
309 0.9976568378722963093 0.4288454254698735313 3.520845980761200132e-17 4.071080246840603158e-17 0.1632239637691727807 2.690934903133915243e-16 5.748974818447855362e-17
310 1.000881759397544091 0.4293695652742479663 3.610397633181905948e-17 4.049286482425453054e-17 0.1625389505547574776 2.777051367483465261e-16 -6.75837928566368299e-17
311 1.004106462169313652 0.4298914789730310382 3.692417990956907503e-17 3.996759090198754814e-17 0.1618595547470258467 2.543673143779854639e-16 -1.62901650936916729e-16
312 1.007330947122326181 0.4304111846264527252 3.761629972268850496e-17 3.931371931124420019e-17 0.1611856222038775543 2.146595134818887694e-16 -2.027969072522063913e-16
313 1.010555215182440847 0.4309286998331835483 3.817183009342338235e-17 3.869643500341096665e-17 0.160517011884654115 1.723081253686041088e-16 -1.914622629209268566e-16
314 1.013779267266731621 0.4314440419297935203 3.859719157438131893e-17 3.8206678619338407e-17 0.1598536445607058876 1.319426133322974141e-16 -1.519172282952921112e-16
315 1.017003104283561443 0.4319572279249143665 3.888664524098322187e-17 3.785573141833773267e-17 0.1591954205389463917 8.979141796412588644e-17 -1.088673264302839246e-16
316 1.020226727132657718 0.4324682745322779853 3.902003205903905288e-17 3.761707680293841089e-17 0.1585422503299711294 4.138066077382183747e-17 -7.403794337317740748e-17
317 1.023450136705184699 0.4329771982139171693 3.897387277408193213e-17 3.748400432513323738e-17 0.1578940578047452747 -1.432096219961836122e-17 -4.12858632066733153e-17
318 1.026673333883817651 0.4334840152812087788 3.873642297635657155e-17 3.749145214185096494e-17 0.1572507981464197069 -7.367386108672015678e-17 2.310843890025056969e-18
319 1.029896319542813687 0.4339887420037451538 3.832059420621892946e-17 3.768253263832389693e-17 0.1566124602899786333 -1.290281727572250408e-16 5.929067221896327376e-17
320 1.033119094548083705 0.4344913946352078615 3.776578474315559384e-17 3.80682909547618986e-17 0.1559790411784348352 -1.72163921301900643e-16 1.197053562606665576e-16
321 1.036341659757262779 0.4349919893895870526 3.711788014870914227e-17 3.858222452809942177e-17 0.1553505303563803008 -2.010654755909545949e-16 1.594899916299457395e-16
322 1.039564016019779658 0.4354905424326230845 3.641812359872097693e-17 3.909757701532371969e-17 0.1547269146920652871 -2.17170817684509623e-16 1.599406551437634629e-16
323 1.042786164176926267 0.435987069910803493 3.569541471361683573e-17 3.946668010022857154e-17 0.1541081900329407395 -2.243085490701918921e-16 1.145592355909792606e-16
324 1.046008105061925653 0.4364815879899551776 3.496670052107178547e-17 3.957836178440493909e-17 0.1534943641870489262 -2.261869209122904169e-16 3.466508066478918512e-17
325 1.049229839499999706 0.4369741128777574479 3.425226911394753003e-17 3.937791283055900273e-17 0.1528854519358966713 -2.217678157194751173e-16 -6.222168596506890925e-17
326 1.052451368308435997 0.4374646608202158449 3.356053719653813859e-17 3.887157489039993402e-17 0.1522814669535381416 -2.147352827407166414e-16 -1.571831774795217053e-16
327 1.055672692296653725 0.4379532480748045686 3.288453896073712202e-17 3.81188820728003716e-17 0.1516824145630872311 -2.098643459968975567e-16 -2.336742576183158546e-16
328 1.058893812266269663 0.4384398908643525328 3.220497491026608202e-17 3.720048233918526125e-17 0.1510882857557597769 -2.109846681223541372e-16 -2.85136129355476621e-16
329 1.062114729011162995 0.4389246053089591593 3.150488569160958645e-17 3.619526918236115575e-17 0.1504990503650379119 -2.173707917124463116e-16 -3.121087625916349536e-16
330 1.065335443317538822 0.4394074073361729504 3.080529703262457573e-17 3.518151854422750955e-17 0.1499146503105743544 -2.17228974323535177e-16 -3.147792756690764114e-16
331 1.06855595596399211 0.4398883125945591277 3.017987529100989026e-17 3.423338126803515861e-17 0.1493350006422363985 -1.942115511465219311e-16 -2.944240643661556047e-16
332 1.07177626772157053 0.4403673364225522691 2.974862135453167947e-17 3.342009131159452898e-17 0.1487600067007731897 -1.339251509658784076e-16 -2.525657645813673474e-16
333 1.074996379353836629 0.4408444939107337701 2.963312975699238179e-17 3.279950263357727606e-17 0.1481895931298554403 -3.586793306857732178e-17 -1.92734654645900286e-16
334 1.078216291616929334 0.4413198000507423946 2.990559480858719685e-17 3.240330310058383997e-17 0.147623730789533919 8.462400133408236846e-17 -1.230542765479473572e-16
335 1.0814360052596248 0.4417932699120593609 3.053001737916027435e-17 3.223625399300191259e-17 0.1470624454288234351 1.939492198173022485e-16 -5.188640772058641097e-17
336 1.084655521023396796 0.4422649187600780074 3.135660126415444625e-17 3.227386758496763359e-17 0.1465057994643280403 2.567574020462928916e-16 1.168371211932801781e-17
337 1.087874839642476443 0.4427347620587255839 3.216359891301473554e-17 3.248736286178403491e-17 0.1459538561282678892 2.506887276601434668e-16 6.632096063989841274e-17
338 1.091093961843911497 0.4432028153455613295 3.273754583149116548e-17 3.28690408925137941e-17 0.145406639852094649 1.783038282527960181e-16 1.185730802767593348e-16
339 1.094312888347624524 0.4436690940284359619 3.293040261685517497e-17 3.342414706663051789e-17 0.1448641118852189158 5.991701520763306189e-17 1.724611608226551484e-16
340 1.097531619866470853 0.4441336132171374018 3.2687818398998176e-17 3.414170328654890205e-17 0.1443261811463937283 -7.537095263504165311e-17 2.22944824449915013e-16
341 1.100750157106296312 0.4445963876384989577 3.204800094339370371e-17 3.496434985116110626e-17 0.1437927301415465042 -1.988033358950638556e-16 2.556117840720825403e-16
342 1.103968500765993177 0.4450574316906810712 3.112751050419133708e-17 3.580529972827144246e-17 0.1432636582027059236 -2.860308619894088699e-16 2.613146296752309497e-16
343 1.107186651537557243 0.4455167595806962533 3.007794044713248836e-17 3.657576555908522864e-17 0.1427389073617114923 -3.261602145238637914e-16 2.394268957764700643e-16
344 1.110404610106143108 0.4459743853088817267 2.905001653290337672e-17 3.722853318782176608e-17 0.1422184147986262359 -3.194525583054790759e-16 2.028635447549384464e-16
345 1.113622377150118803 0.446430322772161603 2.816645961357976409e-17 3.777566460493221416e-17 0.1417021497594646851 -2.746032624788813745e-16 1.70044587798870466e-16
346 1.116839953341121072 0.4468845858152485917 2.750646296537714016e-17 3.826940178623372897e-17 0.1411900973850009622 -2.051344313643761865e-16 1.534591065054046596e-16
347 1.120057339344108893 0.4473371881029500896 2.708850050165262287e-17 3.87703682446353979e-17 0.1406822031096225389 -1.299151193258438485e-16 1.557152205524244681e-16
348 1.123274535817416986 0.4477881430592422496 2.686606424622796607e-17 3.932004261049765326e-17 0.1401783934045064128 -6.914383905815951414e-17 1.708651128612849294e-16
349 1.126491543412808882 0.4482374638321082738 2.674642682508526633e-17 3.992361914816536275e-17 0.1396785837816162945 -3.719121518888554245e-17 1.876314674869754982e-16
350 1.129708362775529107 0.4486851633441131249 2.663427319078500477e-17 4.053372938719831293e-17 0.139182705444792304 -3.486679308063781351e-17 1.896736346839096671e-16
351 1.132924994544355135 0.4491312544196429668 2.647273917155185577e-17 4.103853144436964154e-17 0.1386907291299724898 -5.022129366773622338e-17 1.569441067437768266e-16
352 1.136141439351648685 0.4495757498918655504 2.626086103016176776e-17 4.129273924613226307e-17 0.1382026588116940236 -6.58772120619647743e-17 7.903836212009296719e-17
353 1.139357697823406568 0.4500186626375142218 2.602708719454250485e-17 4.116998085541501309e-17 0.137718509270497752 -7.26892248286477218e-17 -3.817027786198532966e-17
354 1.142573770579311532 0.4504600055752467358 2.579026203166193148e-17 4.06259045574102897e-17 0.1372382947695144073 -7.36422376649406991e-17 -1.69183863564912341e-16
355 1.145789658232781338 0.4508997916609286949 2.554166627294034951e-17 3.974081847998721037e-17 0.1367620280980804404 -7.730681175741352753e-17 -2.752387374922383405e-16
356 1.14900536139101872 0.4513380338804188208 2.526071056331138339e-17 3.870145680623589023e-17 0.1362897197945221739 -8.737491103562643866e-17 -3.232329177356510892e-16
357 1.152220880655060231 0.4517747452201759661 2.495438380567192641e-17 3.771893916173476328e-17 0.1358213712479698632 -9.527052880209141559e-17 -3.055723119662306113e-16
358 1.155436216619824208 0.4522099386309187952 2.468827578368027355e-17 3.694045991415490471e-17 0.1353569725349753616 -8.276682352010102579e-17 -2.421281929656541222e-16
359 1.15865136987415962 0.45264362702107791 2.455147239599470725e-17 3.639289087943800853e-17 0.1348965116833941436 -4.255198018670474895e-17 -1.703184921829598096e-16
360 1.161866341000892477 0.453075823286223478 2.461680172728980711e-17 3.600290222614541527e-17 0.1344399858624123478 2.032149531129322014e-17 -1.213107869349561399e-16
361 1.165081130576873791 0.4535065403337149026 2.488679569876914115e-17 3.566641409958009923e-17 0.1339873998990096238 8.398968751670774572e-17 -1.046746801362064282e-16
362 1.16829573917302576 0.4539357910461521151 2.529289582392617285e-17 3.533872927553453055e-17 0.1335387472415889287 1.263366615286816883e-16 -1.019418713242764747e-16
363 1.171510167354388177 0.4543635881695614609 2.57164560370498294e-17 3.506865758265255354e-17 0.133093986540741227 1.317758213412093862e-16 -8.402328180938771037e-17
364 1.174724415680163503 0.454789944180403749 2.602770723302811572e-17 3.496502485017861871e-17 0.132653035050504603 9.684023388822930497e-17 -3.224346823699297941e-17
365 1.177938484703763056 0.4552148712251741225 2.611421404779437224e-17 3.512247906305264178e-17 0.1322157912040208272 2.691654273274422271e-17 4.899178244772702732e-17
366 1.181152374972850971 0.4556383811923444549 2.591879781287702461e-17 3.552934720425354607e-17 0.1317821757891083911 -6.08070142811229305e-17 1.266037946284325442e-16
367 1.184366087029389281 0.4560604858934541594 2.546196320785111755e-17 3.605875640998617742e-17 0.1313521659199619884 -1.421595511246166812e-16 1.647435947719479389e-16
368 1.187579621409681874 0.4564811972520678718 2.48389615446627141e-17 3.651956500869291238e-17 0.1309257975011117736 -1.938787435315118933e-16 1.434040989048867001e-16
369 1.190792978644417355 0.4569005273987521432 2.417589987829279017e-17 3.674208218780299778e-17 0.1305031359951066561 -2.063567990606933103e-16 6.925137607269605669e-17
370 1.194006159258713007 0.4573184886320432185 2.356896431983365515e-17 3.664426154271576829e-17 0.1300842347224114293 -1.88899690591631114e-16 -3.04452249220057203e-17
371 1.197219163772157202 0.4577350932849056919 2.305531082367366885e-17 3.624460015123094228e-17 0.1296691054419304434 -1.598757692612078193e-16 -1.243954784408584624e-16
372 1.200431992698852035 0.4581503535836388141 2.261630957846285698e-17 3.563515663680663724e-17 0.1292577159888401994 -1.366475399775024867e-16 -1.897009585048756051e-16
373 1.203644646547454622 0.4585642815638361625 2.221711152733540316e-17 3.492704278608606252e-17 0.1288500080226882838 -1.242647865116327182e-16 -2.204259671038031406e-16
374 1.206857125821219734 0.4589768890387663225 2.184748654372038614e-17 3.420910203837207088e-17 0.1284459133393062169 -1.150653381194681774e-16 -2.234970538990849696e-16
375 1.210069431018039765 0.4593881875964448414 2.153604487088312472e-17 3.35284135705105415e-17 0.1280453628004492306 -9.695794270398432089e-17 -2.11911761406017956e-16
376 1.213281562630486476 0.4597981885987183492 2.134091053890509344e-17 3.289245119137618929e-17 0.1276482869602041659 -6.075244466720286009e-17 -1.979983166321153184e-16
377 1.216493521145850965 0.4602069031701875867 2.131191467950575934e-17 3.228191421905961995e-17 0.1272546129014645588 -9.027955255774387024e-18 -1.900926746870906405e-16
378 1.219705307046183851 0.4606143422368668139 2.146489469692195886e-17 3.166591213075053717e-17 0.126864279721578127 4.763337958600947476e-17 -1.918045362641855457e-16
379 1.222916920808335028 0.4610205166262185128 2.176818885469205104e-17 3.101301442177514709e-17 0.1264772576472497911 9.444173325752507808e-17 -2.033035905763939552e-16
380 1.226128362903992741 0.461425437122654436 2.215882823201771227e-17 3.029411598595395059e-17 0.1260935341749989946 1.21646348131231687e-16 -2.238672660027257573e-16
381 1.229339633799722664 0.4618291144739415377 2.255984162312616784e-17 2.948856731917956981e-17 0.1257130987868508853 1.248834889808105767e-16 -2.508637623610366403e-16
382 1.232550733957006761 0.462231559503515077 2.290315762385851293e-17 2.859646992071543568e-17 0.1253359759341264867 1.069210521774607863e-16 -2.778314797011847647e-16
383 1.23576166383228081 0.4626327829198277342 2.315220461147363029e-17 2.765505099082055348e-17 0.1249621306879993149 7.756636564193404302e-17 -2.932075012740777526e-16
384 1.238972423876973039 0.4630327952162487937 2.330497275815949133e-17 2.672971086302408099e-17 0.1245914969273125283 4.758256745779338495e-17 -2.882149191926646676e-16
385 1.24218301453754143 0.4634316065682592134 2.339047620210712673e-17 2.588122610540753893e-17 0.1242239764882484276 2.663308794263777912e-17 -2.642907481180327456e-16
386 1.245393436255511022 0.4638292268646057037 2.343631730561490365e-17 2.511242651194674595e-17 0.1238594808846472106 1.427959119749004769e-17 -2.394825400648152127e-16
387 1.248603689467510103 0.4642256658548729598 2.344741015102758542e-17 2.436174910503991209e-17 0.1234979675770342539 3.455623429442880501e-18 -2.338496876820573632e-16
388 1.251813774605307961 0.4646209333457146928 2.342061026018346707e-17 2.3539172546664029e-17 0.1231394551437557522 -8.349090256395959681e-18 -2.562609664577366295e-16
389 1.255023692095849963 0.4650150393044460428 2.338475713009353553e-17 2.259301058016458614e-17 0.1227839944354148505 -1.117006842430135084e-17 -2.947774400662036694e-16
390 1.258233442361294196 0.4654079938287690177 2.342439918178476076e-17 2.155429334439343807e-17 0.1224316268747696473 1.235115154755506294e-17 -3.236299194097254695e-16
391 1.261443025819046548 0.4657998070590854134 2.36652070047058826e-17 2.052375473861243103e-17 0.1220823665655775131 7.503163914596307051e-17 -3.210983756963408607e-16
392 1.264652442881796013 0.466190489112497497 2.422321523776216172e-17 1.962697616861781497e-17 0.1217362070433467836 1.738749072243066299e-16 -2.794354660405766469e-16
393 1.267861693957550218 0.4665800500605727374 2.513043681171624646e-17 1.895810837205647764e-17 0.1213931349077180671 2.827040838213989061e-16 -2.08429410249100407e-16
394 1.271070779449669397 0.4669684999251588753 2.628745636217697283e-17 1.85404647240596734e-17 0.1210531354458297126 3.605635041335812938e-16 -1.301508320588841701e-16
395 1.274279699756900808 0.4673558486718452087 2.747920574870664022e-17 1.834442990614483623e-17 0.1207161918984116372 3.714054811583715176e-16 -6.10937221318560622e-17
396 1.277488455273412704 0.4677421062262894225 2.846283157950840169e-17 1.831648098857382856e-17 0.1203822925858178267 3.065600431528766561e-16 -8.710651050776904396e-18
397 1.280697046388828308 0.4681272825327367215 2.907319884721087378e-17 1.841118604309672562e-17 0.1200514440598122734 1.902387832999960055e-16 2.951759587733656006e-17
398 1.283905473488259119 0.4685113876193481297 2.927799456676318248e-17 1.86018734800310395e-17 0.1197236732307148943 6.383382220484354677e-17 5.943633964894970252e-17
399 1.287113736952337995 0.4688944315933633034 2.918358725394239068e-17 1.887986614734558344e-17 0.1193990055012716101 -2.942779426783035651e-17 8.665336166517741965e-17
400 1.290321837157252016 0.4692764245208953522 2.897418906744905131e-17 1.924238027813780354e-17 0.1190774288030766043 -6.527502434338162287e-17 1.130053660375633893e-16
401 1.293529774474774685 0.4696573762404441799 2.883136706216523576e-17 1.968348449629302005e-17 0.1187588729242690794 -4.452370078910890936e-17 1.375109681937972135e-16
402 1.296737549272299006 0.4700372962277493682 2.886733874036029195e-17 2.017986279830661019e-17 0.1184432255004966295 1.121447076872485845e-17 1.547500766568528289e-16
403 1.299945161912868352 0.470416193615003031 2.910297262761921348e-17 2.070143342974517376e-17 0.1181303801298919792 7.346453580780795036e-17 1.626121979964440638e-16
404 1.303152612755209105 0.4707940773689456293 2.947697131217299081e-17 2.122889816750454038e-17 0.1178202859128216068 1.166089610505942305e-16 1.644581053388700522e-16
405 1.306359902153761521 0.4711709565248561882 2.988981177250552165e-17 2.177489807955346125e-17 0.1175129648941382471 1.287258946564084505e-16 1.702457339191169223e-16
406 1.309567030458711034 0.4715468403422553578 3.024426862267701288e-17 2.239028464194135973e-17 0.1172084876700915934 1.105271081909466727e-16 1.918904857598181623e-16
407 1.312773998016019572 0.4719217383043737835 3.0480125345268407e-17 2.31313887173980541e-17 0.1169069246806959117 7.35487703043835645e-17 2.311034123535991751e-16
408 1.315980805167455081 0.472295659989757699 3.058360180432941586e-17 2.401903366796255646e-17 0.1166083063355021765 3.22693631002195578e-17 2.768140451825249766e-16
409 1.31918745225062306 0.4726686149138811799 3.057366160237975074e-17 2.500629078372994536e-17 0.116312613649548896 -3.100028432891904414e-18 3.078936569852178628e-16
410 1.322393939598996093 0.4730406124295926662 3.048467776581333826e-17 2.599508493482906758e-17 0.1160197965806190612 -2.775256871716705522e-17 3.083883397748249508e-16
411 1.325600267541943378 0.4734116617155318396 3.034818095676906506e-17 2.686762982726808361e-17 0.1157298014594040914 -4.257318153989399623e-17 2.721456447781434114e-16
412 1.328806436404760705 0.4737817718209443307 3.018543549026123173e-17 2.75315125019187804e-17 0.1154425885800357127 -5.076261809277609939e-17 2.070744174620763242e-16
413 1.332012446508699766 0.4741509517042946653 2.999918740815327507e-17 2.794515339947415616e-17 0.1151581302691258024 -5.809628820271194516e-17 1.290268362756932252e-16
414 1.33521829817099702 0.4745192102167689052 2.978732823527310308e-17 2.81336705466924826e-17 0.1148763936974402378 -6.608840509531307985e-17 5.88069774058076561e-17
415 1.33842399170490256 0.4748865560377439898 2.955986240592120646e-17 2.817340125697477034e-17 0.1145973258941767325 -7.096031664886583843e-17 1.239440574590130135e-17
416 1.341629527419708756 0.4752529976100037246 2.936143791888645127e-17 2.81544311397633098e-17 0.1143208536631963868 -6.190361155152356318e-17 -5.918214956702808599e-18
417 1.344834905620778676 0.4756185431229550398 2.925951923441929843e-17 2.81482287814241852e-17 0.1140468985536899904 -3.179770905764003732e-17 -1.935079784141117354e-18
418 1.348040126609573841 0.4759832005783729003 2.931849744332256311e-17 2.819431671341866341e-17 0.11377540260852817 1.840156937257649768e-17 1.437972250439208133e-17
419 1.351245190683682651 0.4763469779403275428 2.955523926546822286e-17 2.829885903262501875e-17 0.1135063546360685627 7.386853617626578507e-17 3.261945024438380922e-17
420 1.354450098136847025 0.4767098832858865931 2.991219877486691761e-17 2.844776161476304695e-17 0.1132397904634362268 1.113844713033092784e-16 4.646307200242382316e-17
421 1.357654849258991048 0.4770719248183960537 3.026657714960945446e-17 2.860603342564181545e-17 0.1129757500655809016 1.105844470827729485e-16 4.938902016110115318e-17
422 1.36085944433624717 0.4774331108066863782 3.04700641454991185e-17 2.874857292728751082e-17 0.1127142544498612592 6.350159135605589569e-17 4.448188517417017431e-17
423 1.364063883650983522 0.4777934494607147808 3.041098936641671705e-17 2.886014542773287576e-17 0.1124552858144035883 -1.843618799112020288e-17 3.481979323157114384e-17
424 1.367268167481830554 0.4781529487542675594 3.005157997072798659e-17 2.893964295027496816e-17 0.112198771016293386 -1.121707141326161523e-16 2.481096482809490908e-17
425 1.37047229610370791 0.478511616359035552 2.943873955529810671e-17 2.899225412892004671e-17 0.111944616319161902 -1.91275108925864427e-16 1.642060261152429202e-17
426 1.373676269787849957 0.4788694596430579931 2.867980592290921272e-17 2.901686309062963748e-17 0.1116927274795040254 -2.368840527747062908e-16 7.681133547864797672e-18
427 1.376880088801832658 0.4792264857995000016 2.789847857501093341e-17 2.900728571103983635e-17 0.1114430504293485308 -2.438855009991319044e-16 -2.989507567859555683e-18
428 1.380083753409598879 0.4795827020343031433 2.719323997578263888e-17 2.896278005456834861e-17 0.1111955896636807883 -2.201455583239074797e-16 -1.389277700229168812e-17
429 1.383287263871484596 0.4799381157286226052 2.661168063875796717e-17 2.888965707794982573e-17 0.1109504003837289143 -1.815468630530255483e-16 -2.282698630566357211e-17
430 1.386490620444243538 0.4802927344841884105 2.615608114398378667e-17 2.878918161425050907e-17 0.1107075519594834939 -1.422324791026568097e-16 -3.136718643207922263e-17
431 1.389693823381073168 0.4806465660198593892 2.580734927856449393e-17 2.864262801492025077e-17 0.1104670814750398078 -1.088749517963763319e-16 -4.57543965576046755e-17
432 1.392896872931639329 0.4809996180203737204 2.556204568957837651e-17 2.841471426801679561e-17 0.1102289787959222778 -7.658804954942028607e-17 -7.115863821227671615e-17
433 1.396099769342101338 0.4813518980576466655 2.544272011827893881e-17 2.806268810161158992e-17 0.1099932092092982677 -3.725729856724304714e-17 -1.099139425222458039e-16
434 1.399302512855136182 0.4817034136152052448 2.548162032959089748e-17 2.756741312217344138e-17 0.1097597456224406326 1.214648173160318446e-17 -1.546482213585358055e-16
435 1.402505103709963397 0.482054172157061589 2.569056578359008911e-17 2.694830547263954254e-17 0.1095285824411029313 6.524573646283053439e-17 -1.93323825766353772e-16
436 1.40570754214236926 0.4824041811655880863 2.605618862322326456e-17 2.625927900747258008e-17 0.1092997258947210337 1.141755645690175031e-16 -2.151670441112500198e-16
437 1.408909828384730334 0.4827534481295088775 2.654239092079349751e-17 2.556552660249225258e-17 0.1090731784608875848 1.518369483779728769e-16 -2.16653126956637252e-16
438 1.41211196266603789 0.4831019805345353468 2.709228473045237153e-17 2.491969213232369083e-17 0.1088489396903682821 1.717354175980328715e-16 -2.016983106291138231e-16
439 1.41531394521192122 0.4834497859054437408 2.763928892296503758e-17 2.434515891658773266e-17 0.1086270222728503848 1.70841055295445802e-16 -1.794389553537913007e-16
440 1.418515776244670956 0.4837968718667721713 2.810999645418752698e-17 2.384526522515833191e-17 0.1084074578555821872 1.470189305784653575e-16 -1.561348205455710299e-16
441 1.421717455983262601 0.4841432461365434703 2.842306977923260123e-17 2.342524084677323624e-17 0.1081902761284810333 9.77886997999367835e-17 -1.311949455950665397e-16
442 1.424918984643379627 0.4844889163965322987 2.851303765847762776e-17 2.31057115942112744e-17 0.1079754662603764209 2.810286227762926201e-17 -9.980991720352314931e-17
443 1.428120362437435897 0.4848338900891881464 2.836077261576529745e-17 2.291518436632383593e-17 0.1077629539781939233 -4.756458576296683255e-17 -5.951693513890380008e-17
444 1.431321589574598985 0.48517817427747717 2.80156503476850368e-17 2.287687508200886136e-17 0.1075526212076835381 -1.07814433052061488e-16 -1.196762466827739141e-17
445 1.434522666260812374 0.4855217756792116757 2.758822107218859965e-17 2.299853955091705306e-17 0.107344360574755826 -1.335329892063474319e-16 3.800914243565632057e-17
446 1.437723592698817443 0.48586470087028516 2.720092135350358347e-17 2.327175847339642625e-17 0.1071381281783849587 -1.210018044286460564e-16 8.536020303939767941e-17
447 1.440924369088176116 0.4862069565323284825 2.694130857658935567e-17 2.367049939940596419e-17 0.1069339574843425067 -8.111311141851832289e-17 1.245821470844653023e-16
448 1.444124995625293062 0.4865485495925394588 2.682799085374303637e-17 2.415593553956397504e-17 0.1067319256526284288 -3.540651195457107263e-17 1.516761903431048223e-16
449 1.447325472503436572 0.4868894871907888944 2.681215225629340629e-17 2.468477061721639465e-17 0.1065320995770771412 -4.949055338364120257e-18 1.652440547525118107e-16
450 1.450525799912761205 0.487229776528767311 2.680098802354412748e-17 2.521555605021659568e-17 0.1063344990227345216 -3.488628540113334381e-18 1.658612151704275564e-16
451 1.453725978040328881 0.4875694247200615949 2.670569609030288921e-17 2.571930077200797816e-17 0.1061390969054394201 -2.977845899328070379e-17 1.574187974859384771e-16
452 1.45692600707012998 0.4879084387320001825 2.648048329611896815e-17 2.618013495578066513e-17 0.1059458479597215896 -7.038163500899131162e-17 1.440160779474559447e-16
453 1.460125887183104654 0.48824682542268244 2.613994986936007437e-17 2.658508390621519326e-17 0.1057547184821859276 -1.064256298261859713e-16 1.265571709292481167e-16
454 1.463325618557164143 0.4885845916064265326 2.575275926463247854e-17 2.691007931730628528e-17 0.105565695216100694 -1.210128406465293448e-16 1.015743083975109201e-16
455 1.466525201367211206 0.4889217440782237523 2.541018718996744886e-17 2.712065813368970259e-17 0.1053787725435889056 -1.07072697831565624e-16 6.581751299605309886e-17
456 1.469724635785160771 0.4892582895785981267 2.518707773693112655e-17 2.718264959898766404e-17 0.1051939338598044948 -6.973725995471931059e-17 1.937665514223688893e-17
457 1.472923921979960804 0.489594234726167532 2.510531266966222161e-17 2.707962858521520891e-17 0.1050111414744998167 -2.555846723421643655e-17 -3.220274003174880201e-17
458 1.476123060117612518 0.4899295859580908297 2.512203026574912604e-17 2.683141200035612824e-17 0.1048303390723076128 5.225897803365766933e-18 -7.7592166889964148e-17
459 1.479322050361190577 0.4902643494973842886 2.514536272606852505e-17 2.649937463783447381e-17 0.1046514601082086104 7.294032215980718498e-18 -1.037992215989531861e-16
460 1.482520892870863083 0.4905985313526481928 2.506515483121616824e-17 2.615867330988431455e-17 0.1044744379375373428 -2.507519364340071591e-17 -1.065126043843900615e-16
461 1.485719587803911779 0.4909321373493043539 2.480092941928537818e-17 2.587016994471679307e-17 0.1042992156676156718 -8.26079372075510712e-17 -9.019824285549196996e-17
462 1.488918135314751146 0.4912651732000236637 2.433301573804296205e-17 2.565825351309831621e-17 0.1041257584131163177 -1.462961624882462994e-16 -6.625700841160979423e-17
463 1.492116535554948831 0.4915976446148582202 2.371195305274143252e-17 2.550875339839083714e-17 0.1039540657156338699 -1.941880965420349795e-16 -4.674430358630649137e-17
464 1.495314788673244744 0.4919295574216600575 2.304276399073682031e-17 2.538023840254961849e-17 0.1037841747680319643 -2.092454197026625815e-16 -4.018471874349971963e-17
465 1.498512894815570373 0.4922609176321453006 2.245441909987207829e-17 2.522425178339747639e-17 0.1036161434265631259 -1.839751022214066499e-16 -4.877692429946522469e-17
466 1.501710854125068106 0.4925917313831273958 2.205871071802109972e-17 2.500173824048558273e-17 0.1034500111792357596 -1.237434550549229459e-16 -6.958304615038174007e-17
467 1.50490866674210988 0.49292200474952097 2.192951283200890103e-17 2.470542443066013319e-17 0.1032857590406667109 -4.04038081209275356e-17 -9.266565177883793354e-17
468 1.508106332804316496 0.4932517436248930465 2.209233508720156632e-17 2.43667441176760961e-17 0.1031233306635942343 5.092142454443064497e-17 -1.059196974141754919e-16
469 1.511303852446576279 0.4935809536131482989 2.252704855924265493e-17 2.405546186989893604e-17 0.102962635812689246 1.359595592522876818e-16 -9.735561452037066552e-17
470 1.5145012258010635 0.4939096400866093139 2.317780264764050414e-17 2.386196390432137854e-17 0.1028036024003402688 2.035370176922717256e-16 -6.052055537621126032e-17
471 1.51769845299725703 0.4942378082655224381 2.395236429654967424e-17 2.385437487630502602e-17 0.1026461831924532775 2.422714998483545234e-16 -2.373736425631986887e-18
472 1.520895534161958551 0.494565463333152544 2.472500808493824036e-17 2.404134047734295759e-17 0.1024903669464564959 2.4168265109892656e-16 5.848276114067118686e-17
473 1.52409246941931098 0.4948926105488813398 2.535504976044266899e-17 2.435624860673052783e-17 0.1023361777948854079 1.970857577955402186e-16 9.850762216108260774e-17
474 1.527289258890816237 0.4952192553061997016 2.572689370764396816e-17 2.468049954675156421e-17 0.1021836580149171614 1.163232345979591047e-16 1.014348047038589302e-16
475 1.530485902695353451 0.4955454031390154057 2.578907089086148941e-17 2.489242805565430977e-17 0.1020328518633056014 1.945165561807059475e-17 6.630021106626411293e-17
476 1.533682400949196722 0.495871059654934554 2.557636595524150227e-17 2.491268964653142127e-17 0.1018837827300792254 -6.654613799191371404e-17 6.338971959037656136e-18
477 1.536878753766032446 0.4961962304321094752 2.520112791406507608e-17 2.472887119745808888e-17 0.1017364417348256417 -1.174010267604698281e-16 -5.751142552356477548e-17
478 1.540074961256977293 0.4965209209554772851 2.481121024007522015e-17 2.43816808158762088e-17 0.1015908000441493181 -1.219993981995954961e-16 -1.086306685723079274e-16
479 1.543271023530595532 0.4968451366424753712 2.45338552282683234e-17 2.393691014472880262e-17 0.1014468368644038804 -8.678416796181637218e-17 -1.391683978518478829e-16
480 1.546466940692916348 0.4971688829215002992 2.443516218234559965e-17 2.34634417045452772e-17 0.1013045559476360435 -3.088237870233937742e-17 -1.481546297071659632e-16
481 1.549662712847450718 0.4974921652831855723 2.450913158316681424e-17 2.302897379349827547e-17 0.1011639770915221531 2.314706787942762663e-17 -1.359570054210037167e-16
482 1.552858340095209178 0.4978149892585256309 2.469883599459825109e-17 2.270215508506739008e-17 0.1010251132501026883 5.936643840878143654e-17 -1.022752321809446428e-16
483 1.556053822534717801 0.498137360355854375 2.495136126237035784e-17 2.255001898754789779e-17 0.1008879576555104102 7.902928870809921341e-17 -4.761189911752462765e-17
484 1.559249160262035971 0.4984592840333166852 2.524987996621500153e-17 2.26212365019831772e-17 0.1007524949218499694 9.342743730525517986e-17 2.228895469277181363e-17
485 1.562444353370772365 0.4987807657604314548 2.56192593962281161e-17 2.29238724753585866e-17 0.1006187289274374091 1.156099572856672088e-16 9.472030414307384202e-17
486 1.565639401952101606 0.4991018111270080215 2.609645921722656571e-17 2.341445281361724017e-17 0.1004866976407338963 1.493627976575808966e-16 1.535508786336133749e-16
487 1.568834306094781361 0.4994224258859869536 2.668768466157682252e-17 2.401423875259353625e-17 0.1003564524455655138 1.850610008706465634e-16 1.877405433676441191e-16
488 1.572029065885168109 0.4997426158505239857 2.734360955178408756e-17 2.463619667193996352e-17 0.1002280125183985793 2.053220131426778639e-16 1.94689443862829509e-16
489 1.575223681407233345 0.5000623866732113454 2.796540143077252743e-17 2.521441184139333736e-17 0.1001013279252653404 1.946462540165499878e-16 1.810049641252008601e-16
490 1.578418152742579794 0.5003817436419421005 2.844837957204838318e-17 2.570780435447077051e-17 0.09997628481629614039 1.511987053363663536e-16 1.544589761410249167e-16
491 1.581612479970457841 0.5007006916382125139 2.872700569595235336e-17 2.609540563913079719e-17 0.09985275626573797414 8.722922471619524043e-17 1.213459782096685633e-16
492 1.584806663167780627 0.5010192352966381657 2.879416563863033054e-17 2.636582076967199448e-17 0.09973066526571475188 2.102664920590665948e-17 8.466243214534158212e-17
493 1.588000702409140708 0.5013373792673252449 2.869557115981934324e-17 2.651848887045695712e-17 0.09961001694112585347 -3.086966471014223864e-17 4.7799969531770538e-17
494 1.591194597766824703 0.5016551284188057735 2.848749810138516756e-17 2.657232573216536419e-17 0.09949087995806413232 -6.515004550830871228e-17 1.685693485126008054e-17
495 1.594388349310829955 0.5019724878719910022 2.821128851109530137e-17 2.657371690426958905e-17 0.09937333362573116946 -8.648826272862635458e-17 4.356114439204151845e-19
496 1.59758195710887918 0.5022894628807786921 2.788244479631749479e-17 2.659352527482577614e-17 0.09925741987988991044 -1.029739814422572828e-16 6.202784758809992396e-18
497 1.600775421226436013 0.5026060586723055668 2.749600409463651227e-17 2.671780167677358741e-17 0.09914313063742688503 -1.210153198360721369e-16 3.891761003530614599e-17
498 1.603968741726720326 0.5029222803590078783 2.704328136601166457e-17 2.702660600511773905e-17 0.09903043027295579948 -1.417781527813879132e-16 9.670755293536601732e-17
499 1.607161918670723111 0.5032381329576138818 2.653425138771810594e-17 2.75677896706416982e-17 0.09891928910181820023 -1.594189308764291302e-16 1.694888809001767949e-16
500 1.610354952117222238 0.5035536214626518126 2.600152527905331754e-17 2.834229394631176039e-17 0.09880970045543541191 -1.668476232299850344e-16 2.425715493856604024e-16
501 1.613547842122796228 0.5038687508920317581 2.54926254261834148e-17 2.929410467936074072e-17 0.09870167193984272225 -1.593924960516706623e-16 2.981165894505197483e-16
502 1.616740588741840012 0.5041835262601573886 2.505945788191006501e-17 3.032921694847947556e-17 0.09859520273948627067 -1.356784747870006001e-16 3.242220147008860357e-16
503 1.619933192026578928 0.504497952497995561 2.474480751427209274e-17 3.134745561551327208e-17 0.09849026700050574068 -9.856047298577825959e-17 3.189511119552516905e-16
504 1.623125652027084032 0.5048120343775116536 2.457918905492546987e-17 3.226939922381830383e-17 0.0983868151926811374 -5.188033380766544225e-17 2.88800791526528815e-16
505 1.626317968791286317 0.5051257764836357689 2.456855583812760683e-17 3.304867168007145428e-17 0.09828478899409134883 -3.331027136322707275e-18 2.441197003422336619e-16
506 1.629510142364990921 0.5054391832338718249 2.468103334212274145e-17 3.366342631550379309e-17 0.09818413621462218632 3.523697739446333693e-17 1.925904685154451807e-16
507 1.632702172791891559 0.5057522589132877888 2.483741883612608002e-17 3.410526879664099667e-17 0.09808481561620382982 4.899467877217426773e-17 1.38426716423941229e-16
508 1.635894060113584736 0.5060650076922154073 2.492327959588441957e-17 3.437172306009823386e-17 0.09798679149801309274 2.690088956749787842e-17 8.348233507630799578e-17
509 1.639085804369584398 0.5063774336265940423 2.482835020987797465e-17 3.447376787354530038e-17 0.09789002825982608125 -2.974349839856160614e-17 3.197292085232858282e-17
510 1.642277405597335038 0.5066895406766055432 2.450091763749618653e-17 3.444363182208592013e-17 0.0977944961332664342 -1.025965399772653861e-16 -9.44272155277242271e-18
511 1.645468863832226347 0.5070013327743534415 2.39835479309442041e-17 3.433877676846426593e-17 0.09770018655104308059 -1.621180177788358258e-16 -3.285637568640223816e-17
512 1.64866017910760676 0.5073128139239653223 2.340005381503314284e-17 3.423260455477347772e-17 0.09760712231231639946 -1.828463186655353566e-16 -3.327059843203377274e-17
513 1.651851351454797445 0.5076239882756854449 2.289502717702178401e-17 3.418424461149323476e-17 0.09751534943844142322 -1.582644868034956879e-16 -1.515496615234291779e-17
514 1.655042380903105848 0.5079348601223167003 2.256526333122988665e-17 3.421033535677139812e-17 0.09742491284334314772 -1.03345524155073577e-16 8.176644531461468414e-18
515 1.658233267479839235 0.508245433791176926 2.24161278620331279e-17 3.427942976996624677e-17 0.09733582358669347345 -4.674003360788891679e-17 2.165464199923999091e-17
516 1.661424011210318463 0.5085557134688287739 2.237595690446321242e-17 3.431694255575999021e-17 0.09724803779609819676 -1.259040498439435867e-17 1.17572792337357338e-17
517 1.664614612117891079 0.5088657031171489598 2.234931102526390008e-17 3.423177914579393464e-17 0.0971614852838914439 -8.351740820151773045e-18 -2.669316039739328485e-17
518 1.667805070223944863 0.5091754064999400864 2.227727020358431987e-17 3.395183352880542821e-17 0.09707610419057197126 -2.258109759188086182e-17 -8.774857296538115133e-17
519 1.670995385547921153 0.5094848272885939 2.215706675894264837e-17 3.343981650470915626e-17 0.09699186576646035007 -3.767929239038618185e-17 -1.604982221373946313e-16
520 1.67418555810732772 0.5097939691175633614 2.202838987146784597e-17 3.270438381117608279e-17 0.09690875864522061067 -4.033720533090258764e-17 -2.305410097202681585e-16
521 1.677375587917752542 0.510102835627756046 2.193471219575168094e-17 3.178349399295968167e-17 0.09682678506126354834 -2.936708212861932809e-17 -2.886904133372274346e-16
522 1.680565474992875785 0.510411430506602648 2.18975026902100817e-17 3.072802015102842601e-17 0.09674595981054508187 -1.166535666811156215e-17 -3.308960611213971658e-16
523 1.683755219344483578 0.5107197575116187993 2.191044815800277631e-17 2.95871003623852543e-17 0.09666630507807839889 4.058647211136647098e-18 -3.576997751228882741e-16
524 1.686944820982480664 0.511027820491328999 2.194828259196604126e-17 2.839936800425021334e-17 0.09658784961253599755 1.186233614067209539e-17 -3.723930557816995912e-16
525 1.690134279914903059 0.5113356233772430315 2.198091092031621616e-17 2.719669001315633382e-17 0.09651061965146237598 1.023050897627555815e-17 -3.77095873604249968e-16
526 1.693323596147930932 0.5116431701232755369 2.198589323008224521e-17 2.600943780230645242e-17 0.09643462244084922974 1.562257339310569444e-18 -3.722758252928273068e-16
527 1.696512769685901034 0.5119504646417933902 2.194597032658976386e-17 2.48701830518579065e-17 0.09635984517345974609 -1.251882011421667546e-17 -3.572416842832646032e-16
528 1.699701800531319362 0.5122575107922497928 2.184878557206211144e-17 2.382109415757141301e-17 0.09628627147495610883 -3.047606245434859298e-17 -3.289826559508467754e-16
529 1.702890688684873588 0.5125643124310730325 2.168395137207158653e-17 2.291066247778779075e-17 0.09621390061287103668 -5.169249224456822206e-17 -2.855140653403810922e-16
530 1.706079434145445717 0.5128708734628655286 2.144969656456092512e-17 2.219533266842128056e-17 0.09614274791091660666 -7.346628752431374479e-17 -2.243395813647949298e-16
531 1.709268036910123856 0.5131771978368765419 2.116462132224513727e-17 2.171754365908273298e-17 0.09607282758874811923 -8.940844062196504708e-17 -1.498494570214284189e-16
532 1.71245649697421487 0.5134832894933486491 2.086025506563602401e-17 2.148515537769729138e-17 0.09600413703989968406 -9.546297389025378334e-17 -7.288743727853475067e-17
533 1.715644814331256596 0.5137891523240326608 2.056852882195700809e-17 2.145421735797703649e-17 0.09593666127208536065 -9.150259206527446773e-17 -9.703991530102430292e-18
534 1.718832988973029607 0.5140947902069012976 2.030517811346350678e-17 2.152917477684477079e-17 0.09587039617857952278 -8.260604516760917539e-17 2.351212937324672965e-17
535 1.722021020889569876 0.5144002071170532542 2.006419482684908272e-17 2.160222580829300743e-17 0.09580537244063162816 -7.559337010702110691e-17 2.291517280948084892e-17
536 1.725208910069179868 0.5147054072295972338 1.982265948906077859e-17 2.159768969300938202e-17 0.09574165301933974803 -7.576993438724761636e-17 -1.422984978349107388e-18
537 1.728396656498440986 0.5150103949027723393 1.954432038065711486e-17 2.149850345724367795e-17 0.09567929559127778816 -8.731923343104731194e-17 -3.111623847487498489e-17
538 1.731584260162225553 0.515315174505222684 1.91887509483788359e-17 2.133747060633755529e-17 0.09561830365383729158 -1.115525634664160812e-16 -5.052073010264948717e-17
539 1.734771721043707915 0.5156197501641522907 1.87237679524519042e-17 2.117018095504887836e-17 0.09555860168989303849 -1.45885344405091336e-16 -5.248602337598479131e-17
540 1.737959039124376659 0.5159241255807728299 1.813614688619960095e-17 2.104188884036465245e-17 0.09550005626364165001 -1.843704905996535901e-16 -4.025260747585586398e-17
541 1.741146214384045932 0.5162283040340651663 1.743865383774972408e-17 2.097400579103544203e-17 0.09544253509529138091 -2.188534527507463077e-16 -2.129976744852782527e-17
542 1.74433324680086721 0.5165322885777549056 1.667642209125365781e-17 2.097088647661714694e-17 0.09538596768895254985 -2.391773340192799973e-16 -9.787958976587160516e-19
543 1.747520136351340403 0.5168360823155142558 1.592481391286556704e-17 2.102867009874712642e-17 0.09533036989393599281 -2.358543865634608578e-16 1.813248064983650447e-17
544 1.750706883010325621 0.5171396885985310998 1.527853636788141758e-17 2.113676512493247782e-17 0.09527581956187607115 -2.028107658081182783e-16 3.392170316119762811e-17
545 1.753893486751054054 0.517443111051882676 1.483270762453992844e-17 2.127764606370501766e-17 0.09522240283476607337 -1.399134563867769523e-16 4.421235592605520833e-17
546 1.757079947545139742 0.5177463534529386235 1.46617167456006863e-17 2.142298533486694947e-17 0.09517016770742810217 -5.366410029871028697e-17 4.561355128039670118e-17
547 1.760266265362590454 0.518049419570975278 1.480797511672451718e-17 2.153608119202038212e-17 0.09511911184500096428 4.590406361264795129e-17 3.549581047024378202e-17
548 1.763452440171818791 0.5183523130753493469 1.526783846365137742e-17 2.158527751302448147e-17 0.09506920409017592666 1.443373388707471724e-16 1.544125250123957831e-17
549 1.766638471939653066 0.5186550375482015252 1.598723695891329794e-17 2.156202046174817144e-17 0.09502041726732973759 2.258077933284771233e-16 -7.300020034263322083e-18
550 1.769824360631348625 0.5189575965561606941 1.685651369801217455e-17 2.148675950423269104e-17 0.09497274670328451074 2.728644574635410642e-16 -2.362428374873663442e-17
551 1.773010106210598513 0.5192599937024908741 1.772383598130893517e-17 2.139627255730405742e-17 0.09492620409327517939 2.722631912306226454e-16 -2.840497172730494531e-17
552 1.776195708639544124 0.5195622326105910904 1.842664264729071745e-17 2.133621616919493976e-17 0.09488079595458814852 2.206296214133814425e-16 -1.885329040449562743e-17
553 1.779381167878786307 0.5198643168483618737 1.883487609287432076e-17 2.133635768301794089e-17 0.09483650506079244202 1.281610504201693118e-16 4.442693365968545869e-20
554 1.782566483887396025 0.5201662498419741265 1.888424791145191461e-17 2.140235386597882494e-17 0.09479328710949437575 1.550051525522752617e-17 2.071981284554523898e-17
555 1.785751656622924566 0.5204680348274296486 1.858737485338984799e-17 2.152746333233526338e-17 0.09475108258139651463 -9.320889042300377622e-17 3.928047434354785211e-17
556 1.788936686041414426 0.520769674859545284 1.801809138775269365e-17 2.170907681191667835e-17 0.09470983476719078975 -1.787453163561418765e-16 5.702354068194623301e-17
557 1.792121572097409743 0.5210711728612217319 1.729388613799691495e-17 2.196261672119724434e-17 0.09466950241721269754 -2.27398358400705217e-16 7.961079980973185735e-17
558 1.795306314743966736 0.5213725316806540055 1.655298723785075485e-17 2.232121502170315192e-17 0.09463006223888295598 -2.326505962746440491e-16 1.126039037435682028e-16
559 1.798490913932663915 0.5216737541144358392 1.593466481053544512e-17 2.281359980898090641e-17 0.09459149819039308627 -1.941689535874103921e-16 1.546213345732766311e-16
560 1.801675369613612743 0.5219748428897574843 1.555128474358092706e-17 2.344596215460862382e-17 0.09455378863624436248 -1.203965102300412878e-16 1.985867972199316232e-16
561 1.804859681735467403 0.5222758006433806388 1.546551953189870656e-17 2.417215209865626393e-17 0.09451690533370461778 -2.69348847002704589e-17 2.280626611858988552e-16
562 1.808043850245435458 0.5225766299419751792 1.567173470098452897e-17 2.490301757724173523e-17 0.09448082642174228385 6.476556534538033886e-17 2.295413869011255204e-16
563 1.81122787508928762 0.5228773333524279199 1.608701680034811503e-17 2.553552355600674643e-17 0.09444555211790664484 1.304326648641316708e-16 1.986587923708853392e-16
564 1.814411756211368409 0.5231779135177931916 1.658064112111800504e-17 2.600357256680445888e-17 0.09441110649526888998 1.550455541875829554e-16 1.470124449153918577e-16
565 1.817595493554605479 0.5234783732041295989 1.70108521213356215e-17 2.630866247707920564e-17 0.0943775283428071321 1.351337723922147791e-16 9.583193008401552916e-17
566 1.820779087060520274 0.5237787152872894758 1.727637149121010122e-17 2.650711124826217718e-17 0.09434485230658552768 8.340617961955467662e-17 6.233765115664262312e-17
567 1.823962536669237577 0.5240789426244597538 1.7345553761490542e-17 2.666837710901693424e-17 0.09431307268465814742 2.173283934416622931e-17 5.06598732489519805e-17
568 1.82714584231949595 0.5243790579488643022 1.725835417282244369e-17 2.683020806145138003e-17 0.09428215069419884631 -2.739401853467499605e-17 5.083969062454030143e-17
569 1.83032900394865683 0.5246790638516176664 1.709293870664258544e-17 2.698578961941556504e-17 0.09425204184420289677 -5.196812895003981778e-17 4.887863664295860233e-17
570 1.833512021492714972 0.5249789628451670964 1.694152623716317795e-17 2.710186547043278425e-17 0.09422272156759246842 -4.757099977151976987e-17 3.646888727992139765e-17
571 1.836694894886308438 0.5252787573783932462 1.687730273660825118e-17 2.715041321076824319e-17 0.09419417003727112436 -2.017875131530613851e-17 1.525349398093662733e-17
572 1.839877624062727479 0.5255784498447699793 1.69386502799060026e-17 2.713648975691658182e-17 0.09416636998613509002 1.927601160535611896e-17 -4.374888440579385068e-18
573 1.843060208953924972 0.5258780426242264383 1.712610957416201018e-17 2.709319629679930332e-17 0.09413931729782260005 5.890425668604607354e-17 -1.360385516064379276e-17
574 1.846242649490525745 0.5261775381475338742 1.740448839876744018e-17 2.70594682025556823e-17 0.09411302808779503648 8.747734807455863406e-17 -1.059866620323066368e-17
575 1.849424945601836345 0.526476938949788309 1.771377069757695469e-17 2.705871185931220678e-17 0.09408753528130255062 9.719282307199297674e-17 -2.376829690150848808e-19
576 1.85260709721585437 0.5267762477058847148 1.7981107160464562e-17 2.710145481413136282e-17 0.09406288295777159858 8.401504435387582092e-17 1.343270276773604831e-17
577 1.855789104259278233 0.5270754671916558776 1.813935039820660698e-17 2.719564091186102131e-17 0.0940391029910231796 4.973289788699306456e-17 2.960093364873585563e-17
578 1.858970966657516488 0.5273746001979843223 1.814728799461953895e-17 2.736145989657224781e-17 0.09401620026623838666 2.494751960509168893e-18 5.211618425496864393e-17
579 1.862152684334696939 0.5276736494613960549 1.800091611511876094e-17 2.763341447573089098e-17 0.09399415785429732217 -4.600613755160297858e-17 8.547802910800452473e-17
580 1.865334257213676405 0.527972617670209754 1.772728103595407494e-17 2.805006389206970933e-17 0.0939729607555516433 -8.601014354577669621e-17 1.309630191310305762e-16
581 1.868515685216049826 0.5282715075244277525 1.737682962517762104e-17 2.863051856595628101e-17 0.09395261279362338014 -1.101603993410882762e-16 1.824592988028636782e-16
582 1.871696968262159366 0.5285703217788567665 1.699602943242589884e-17 2.935577704407136873e-17 0.09393313134758751737 -1.197056498903969684e-16 2.279871153266228384e-16
583 1.874878106271103739 0.5288690632238256528 1.661163516272004157e-17 3.016759704475979783e-17 0.09391452773802207166 -1.208409710557187742e-16 2.55209624432519229e-16
584 1.878059099160747314 0.5291677346288428119 1.622474738358814477e-17 3.09820687884527325e-17 0.09389679557417794642 -1.216304008253255009e-16 2.560549337292474249e-16
585 1.881239946847728994 0.5294663387225554407 1.581788161277988006e-17 3.170847300278199475e-17 0.09387992216336828177 -1.279169565946117878e-16 2.283785538653421529e-16
586 1.884420649247471768 0.5297648782557542457 1.537738837543981193e-17 3.227019429963014655e-17 0.09386391461962897975 -1.384956262816830017e-16 1.76610981073210695e-16
587 1.887601206274190924 0.5300633561277761086 1.490729814991721128e-17 3.262340025493003278e-17 0.09384881980241287225 -1.478079851182667148e-16 1.110566817819086742e-16
588 1.890781617840903372 0.5303617754807682383 1.443359290985232411e-17 3.276337538399724095e-17 0.09383471421985148386 -1.489514516409402554e-16 4.401365428284638529e-17
589 1.893961883859436757 0.5306601396541327231 1.399824705383670009e-17 3.272027276807155584e-17 0.09382166006891212717 -1.368960302938651241e-16 -1.355376865077067095e-17
590 1.897142004240437663 0.5309584519786402224 1.364937624880546929e-17 3.25395766989903256e-17 0.09380965481324930744 -1.097086747871891946e-16 -5.682311615723078126e-17
591 1.900321978893380725 0.5312567155015746057 1.342228286024070319e-17 3.225792084911511596e-17 0.09379860947879677113 -7.141685935858080526e-17 -8.857578965722605309e-17
592 1.903501807726577288 0.5315549327919416589 1.332207833489486214e-17 3.189723115708474916e-17 0.09378837381374637017 -3.151399930365005846e-17 -1.13435742190763471e-16
593 1.906681490647184507 0.5318531059440247954 1.33131670266806749e-17 3.147101636090107215e-17 0.09377879865697605344 -2.80270632332311444e-18 -1.340493309900488363e-16
594 1.909861027561212898 0.5321512367881433558 1.333135989788242966e-17 3.099698134988041509e-17 0.09376980110874151564 5.722124858397134722e-18 -1.490961756520510218e-16
595 1.913040418373536111 0.5324493271984197529 1.331014621226328621e-17 3.050098947420048227e-17 0.09376139505900185633 -6.672555336984123771e-18 -1.560093468238472653e-16
596 1.916219662987898698 0.5327473793357764276 1.321181087443902972e-17 3.001472293505341195e-17 0.09375367083581287453 -3.093183285202124805e-17 -1.529573766992029424e-16
597 1.919398761306924772 0.5330453957129204223 1.304358893625164763e-17 2.956692234436013309e-17 0.09374673922602722032 -5.291742125880008941e-17 -1.408642223064893772e-16
598 1.922577713232126673 0.5333433790805335306 1.285198491959552968e-17 2.917382192218656886e-17 0.0937406752339868532 -6.027547793273900848e-17 -1.236629389904635248e-16
599 1.925756518663913175 0.5336413322337527632 1.269169534340778377e-17 2.883288968972940915e-17 0.09373549299687068681 -5.042679456109682184e-17 -1.072566292472838207e-16
600 1.928935177501597931 0.5339392578639821085 1.260059782168311228e-17 2.851753473344810874e-17 0.09373116003251756589 -2.866042904992499308e-17 -9.92146457876107981e-17
601 1.932113689643407906 0.5342371585264958922 1.259273563884776502e-17 2.818903656691819688e-17 0.09372763365987411832 -2.473656105159764802e-18 -1.033544388610769231e-16
602 1.935292054986491594 0.5345350367053585128 1.266533034996582459e-17 2.781555277077324031e-17 0.09372489161626987308 2.2841322105005069e-17 -1.175135703050508935e-16
603 1.938470273426927459 0.5348328948976101005 1.281758669776720546e-17 2.739010814142495499e-17 0.09372293812438418914 4.790840955611734997e-17 -1.338688063952316217e-16
604 1.941648344859731701 0.5351307356420090811 1.305564194784750074e-17 2.693997286723440076e-17 0.09372178645211226566 7.49090368977252528e-17 -1.416444285599017402e-16
605 1.94482626917886714 0.5354285614699748619 1.339000414595618636e-17 2.652178557972089667e-17 0.09372143443201114144 1.052188960260074458e-16 -1.315974263034921438e-16
606 1.948004046277250989 0.5357263748128284764 1.382230067558789716e-17 2.620465403192043205e-17 0.09372185070486679925 1.360437058399205794e-16 -9.980128926383217227e-17
607 1.951181676046763291 0.5360241779246224247 1.432500328381927358e-17 2.604184915773155965e-17 0.09372297961893208407 1.582078374596062353e-16 -5.123706671012516772e-17
608 1.954359158378254691 0.5363219728663706221 1.483831394872726896e-17 2.604921414566816214e-17 0.09372476054880998775 1.615538493475415557e-16 2.317976681371798798e-18
609 1.957536493161554869 0.5366197615524197495 1.52891860136990975e-17 2.61940183046382475e-17 0.09372714745274055015 1.419091943236694319e-16 4.557621358831697634e-17
610 1.960713680285480542 0.5369175458322583694 1.561513666807114931e-17 2.640732279711240389e-17 0.09373012003051590935 1.025957245791298006e-16 6.71393926284015616e-17
611 1.96389071963784323 0.5372153275450737286 1.57848555416930638e-17 2.660443550484423186e-17 0.09373367515100657077 5.34229372806917892e-17 6.204577957454154075e-17
612 1.96706761110545747 0.5375131085067771375 1.580253935389788558e-17 2.671091268273489803e-17 0.09373780559815070301 5.566647851521174125e-18 3.351771363979181036e-17
613 1.970244354574148593 0.5378108904533992485 1.569515531449158243e-17 2.667762128007289045e-17 0.09374248633515411266 -3.380475868617800533e-17 -1.048021511889167786e-17
614 1.973420949928760937 0.5381086749954808734 1.550325534970145243e-17 2.649122036366079041e-17 0.09374767796188844537 -6.04133981377422819e-17 -5.868220345303271724e-17
615 1.976597397053165395 0.5384064636320261554 1.526103990665078384e-17 2.617481352207420082e-17 0.09375334546362157351 -7.625713449780237538e-17 -9.961494928234715445e-17
616 1.97977369583026741 0.5387042577963426782 1.499899100429021526e-17 2.577457936179542892e-17 0.09375946825157850661 -8.250519548504129499e-17 -1.260123485965046497e-16
617 1.982949846142014527 0.5390020589359580949 1.475033125673073512e-17 2.533625515636679931e-17 0.0937660508957313954 -7.829332881498037426e-17 -1.380113246313816741e-16
618 1.986125847869404382 0.5392998685989215391 1.454865681062330361e-17 2.488133415094197279e-17 0.09377312514098845586 -6.350244946516561738e-17 -1.432437213301863867e-16
619 1.989301700892492253 0.5395976884723746592 1.442609135294337668e-17 2.439963535528116618e-17 0.09378073488376403866 -3.859473365332020277e-17 -1.516825137487234974e-16
620 1.992477405090398612 0.5398955202896787986 1.439912761379519813e-17 2.387974020306630919e-17 0.09378889478243099265 -8.491031337081445786e-18 -1.63717873296186479e-16
621 1.995652960341316673 0.5401933658157379581 1.445068906676859889e-17 2.333358042587047101e-17 0.09379761487591814495 1.623775039508683855e-17 -1.719968237225062394e-16
622 1.998828366522520383 0.5404912268520326579 1.453239825070693443e-17 2.281804354543553101e-17 0.09380690679035022517 2.57330931798517285e-17 -1.62360678964730912e-16
623 2.002003623510371089 0.5407891051687132578 1.458818003191156338e-17 2.242046633845741244e-17 0.09381676076670093789 1.756846916798553071e-17 -1.252169212213884623e-16
624 2.005178731180325524 0.5410870023990765887 1.45835112217896289e-17 2.22160686233482671e-17 0.093827133807901128 -1.470510724453872556e-18 -6.437808012575943979e-17
625 2.008353689406943587 0.5413849200240987702 1.452036880536957804e-17 2.222050606758281066e-17 0.09383797803684920669 -1.988857384580013033e-17 1.397704464748411547e-18
626 2.011528498063894332 0.5416828594677540742 1.443196833545035352e-17 2.237257722856187272e-17 0.09384927559232909833 -2.784565870888145517e-17 4.790157396171741049e-17
627 2.014703157023965296 0.5419808222330929626 1.435565419506292017e-17 2.255863698124626635e-17 0.09386105147535780957 -2.403966633568070045e-17 5.861055828348864219e-17
628 2.017877666159067829 0.5422788100185914617 1.430798008530059453e-17 2.266782666144815482e-17 0.09387336734463259946 -1.501849886585178676e-17 3.439739297598052933e-17
629 2.021052025340245528 0.5425768247377787956 1.428128087503842648e-17 2.264304491084592644e-17 0.09388629105373752504 -8.411295362908592552e-18 -7.807220583623091977e-18
630 2.024226234437681793 0.542874868408965261 1.425832568592260206e-17 2.24972786410669114e-17 0.09389985572749406928 -7.232124532597086726e-18 -4.592424877768585144e-17
631 2.027400293320705593 0.5431729430106667644 1.422254154989915945e-17 2.229426218290204482e-17 0.09391404894559375605 -1.127446982331790361e-17 -6.396418037638564869e-17
632 2.030574201857800354 0.5434710504087517657 1.416530699810625397e-17 2.210312480163897096e-17 0.09392883533058415946 -1.803368458854212901e-17 -6.022430749960836396e-17
633 2.033747959916609283 0.5437691924043069891 1.40717448897582693e-17 2.197052017371005693e-17 0.09394419458070527029 -2.948131106339199305e-17 -4.178356338313393481e-17
634 2.036921567363944252 0.5440673708342315118 1.392631034988761971e-17 2.191155898953057989e-17 0.09396013808879938312 -4.582843048904848445e-17 -1.857948279084442966e-17
635 2.040095024065792462 0.5443655876240298674 1.372520490474805229e-17 2.191711424807497895e-17 0.09397669388656169909 -6.337411407848831837e-17 1.750621861500682144e-18
636 2.04326832988732221 0.5446638447531949589 1.347985537104036992e-17 2.196348741007125678e-17 0.09399387910149806236 -7.732037947755100346e-17 1.461421356275349594e-17
637 2.046441484692892221 0.5449621441893428564 1.322746881711318521e-17 2.201788298913261632e-17 0.09401169010642122792 -7.954184158454247022e-17 1.714324501552668176e-17
638 2.049614488346056529 0.5452604878857364445 1.301104226307550752e-17 2.204911864320632535e-17 0.09403012249294780134 -6.82119838055691527e-17 9.84466041750712621e-18
639 2.05278734070957336 0.545558877879458004 1.285315004442089321e-17 2.203833599876882714e-17 0.09404920279471010169 -4.976586884415150795e-17 -3.398569438329731025e-18
640 2.055960041645410907 0.5458573164352255036 1.273775950559615833e-17 2.197721818423053047e-17 0.09406900288181239966 -3.637155025536764062e-17 -1.926457477033123925e-17
641 2.059132591014754876 0.5461558061063422898 1.260561437136924369e-17 2.186984028432712643e-17 0.0940896138506278068 -4.165465627379435842e-17 -3.384755358602677512e-17
642 2.062304988678015594 0.5464543496093351438 1.237784707833482995e-17 2.171535596316485256e-17 0.09411108729658507199 -7.180001367700305262e-17 -4.869872326514381765e-17
643 2.065477234494834669 0.5467529495325995637 1.199888804324610347e-17 2.149809923765961969e-17 0.09413338297573425884 -1.194665276271160412e-16 -6.849000603368827886e-17
644 2.068649328324091652 0.5470516080216695221 1.146321110748692828e-17 2.119384672329775818e-17 0.09415636141324611186 -1.688798176175680115e-16 -9.591995791698141855e-17
645 2.071821270023911588 0.5473503266167857317 1.082839490652233028e-17 2.079598763938583483e-17 0.09417983189608147843 -2.00144497427377182e-16 -1.254367898542481947e-16
646 2.074993059451672117 0.5476491063467204823 1.018657604848129307e-17 2.033206597618949802e-17 0.0942036332570748286 -2.023620154338104193e-16 -1.462719918426169095e-16
647 2.078164696464009253 0.5479479480430604621 9.629182108679301435e-18 1.986094114721603153e-17 0.0942277033944305259 -1.757517490924646614e-16 -1.48550256506895878e-16
648 2.081336180916825374 0.5482468527149632065 9.216835221797751433e-18 1.945767971735225453e-17 0.0942520983643369975 -1.300232582354450584e-16 -1.271583870272665965e-16
649 2.084507512665294993 0.5485458217967186245 8.960978949200381963e-18 1.917902282418823302e-17 0.09427695229984187075 -8.068175299480318299e-17 -8.787170389189031553e-17
650 2.087678691563872757 0.5488448571623850691 8.826844753690603326e-18 1.904657944721857255e-17 0.09430240397522432483 -4.229993687757960334e-17 -4.176672819617929785e-17
651 2.09084971746629833 0.5491439609384780596 8.757232064464842342e-18 1.904638155976530357e-17 0.09432853311918205919 -2.195379458902437202e-17 -6.240788208498200247e-20
652 2.094020590225605272 0.5494431352522364254 8.702170971433773623e-18 1.914347231531527932e-17 0.09435534008245238802 -1.736548867779550999e-17 3.062104879157346382e-17
653 2.097191309694126371 0.5497423820638763781 8.637017231776506519e-18 1.929614501484113113e-17 0.09438277230866483347 -2.054956088397069825e-17 4.815313673060545108e-17
654 2.100361875723500305 0.5500417031519255762 8.572629651933106944e-18 1.946723175223992299e-17 0.09441077260535073179 -2.030889704037130782e-17 5.396355855051220686e-17
655 2.103532288164678299 0.550341100213002643 8.544296576407190108e-18 1.962783159473714925e-17 0.09443931524256773957 -8.937149355300490333e-18 5.065827666758513098e-17
656 2.10670254686793168 0.5506405749731346777 8.591472121579306539e-18 1.975069553429781621e-17 0.09446840960023830669 1.488138340095577659e-17 3.875705906700986818e-17
657 2.109872651682856759 0.5509401292212371404 8.735571199756247676e-18 1.981255409670207317e-17 0.09449807562161016694 4.545782833269134811e-17 1.951404510184929599e-17
658 2.113042602458382824 0.5512397647438415094 8.963111315629037255e-18 1.980477559135378134e-17 0.09452831266192471271 7.178382265695044133e-17 -2.45394464319421904e-18
659 2.11621239904277747 0.5515394832105935397 9.232720957647420733e-18 1.973486430626369424e-17 0.09455908395174729419 8.505995993536611449e-17 -2.205652240132892541e-17
660 2.119382041283653706 0.5518392860966158109 9.486508800040583696e-18 1.963708912783735875e-17 0.0945903282192056688 8.007219552993953597e-17 -3.084888988811221036e-17
661 2.122551529027976613 0.5521391746832853276 9.666353620164842859e-18 1.955618242188656875e-17 0.09462198442585020852 5.674531984646956315e-17 -2.552799076297976899e-17
662 2.125720862122068677 0.5524391501378007607 9.726280473141176567e-18 1.953141127091652848e-17 0.09465401662781591785 1.890927158435956112e-17 -7.816269299751917079e-18
663 2.128890040411617335 0.5527392136009818824 9.638910477831813592e-18 1.957804556924389941e-17 0.09468641657967535874 -2.757000697360275285e-17 1.471566898386783525e-17
664 2.132059063741680749 0.5530393662006907185 9.398652319011738036e-18 1.968306645245053827e-17 0.09471918026971964943 -7.581828669357947514e-17 3.314144864373522721e-17
665 2.135227931956694469 0.5533396089997617562 9.027670963932247525e-18 1.981902910728573826e-17 0.09475228725283588171 -1.170763529739817376e-16 4.290784846951294578e-17
666 2.138396644900476762 0.5536399429356287927 8.570260011719933168e-18 1.996413838979782369e-17 0.09478569802608625972 -1.443593654012209267e-16 4.579663830949936887e-17
667 2.141565202416236158 0.5539403688086795841 8.089649213637436463e-18 2.011862801405932748e-17 0.0948193694031740919 -1.516887088977263741e-16 4.875947801384991536e-17
668 2.144733604346577227 0.5542408872896589234 7.662436676803624536e-18 2.030369280522449515e-17 0.09485326052600488722 -1.348419635432106445e-16 5.841237714691144241e-17
669 2.147901850533506352 0.5545414989437401632 7.35331729390739291e-18 2.053926997475660721e-17 0.09488733812639084386 -9.757278205310124284e-17 7.435936111181819937e-17
670 2.151069940818438386 0.5548422042858615066 7.199322257595424169e-18 2.082183203095567325e-17 0.0949215863970727658 -4.861055357676132718e-17 8.919442016169061954e-17
671 2.154237875042202877 0.5551430039014022544 7.195377835909262863e-18 2.112296128324842414e-17 0.09495602762261926011 -1.245169858056956411e-18 9.506008691962319369e-17
672 2.157405653045050276 0.5554438984544304292 7.294452522219483094e-18 2.140912249972345202e-17 0.09499068669554915079 3.127731091188502419e-17 9.033945674667600035e-17
673 2.160573274666657717 0.55574488877378736 7.422804473989697121e-18 2.167114584011155867e-17 0.09502561569096178162 4.052197847478768448e-17 8.272335568459013709e-17
674 2.163740739746134789 0.5560459759768832111 7.499604164997651698e-18 2.193683831027158671e-17 0.09506090577955220167 2.424762034300775002e-17 8.388588625661264578e-17
675 2.166908048122030639 0.5563471614257319287 7.47185715388738052e-18 2.225926121593180374e-17 0.09509663426849805645 -8.760872670586446513e-18 1.018021729022916496e-16
676 2.170075199632339302 0.5566484464910336216 7.330909740878351553e-18 2.267918930834940774e-17 0.09513280398755973033 -4.450510217264175725e-17 1.325951449496335105e-16
677 2.173242194114506365 0.5569498323339919788 7.103941154554298405e-18 2.319296870918963924e-17 0.09516934887113502606 -7.167042871900088317e-17 1.622373850125552409e-16
678 2.176409031405433403 0.5572513198575761439 6.839303223054621365e-18 2.37415533336908283e-17 0.09520618744945631706 -8.35695229210943282e-17 1.732365239238874906e-16
679 2.179575711341485533 0.5575529098352938195 6.581188543655566648e-18 2.423571983532766559e-17 0.09524327890351337589 -8.151361190825626331e-17 1.560596883767676919e-16
680 2.182742233758496742 0.5578546031237344716 6.363023701224372315e-18 2.459716559741367628e-17 0.09528064953154517791 -6.890073027223339583e-17 1.141516510360025365e-16
681 2.1859085984917761 0.5581564008386659115 6.206123442486429137e-18 2.479032917312518248e-17 0.09531838125435417031 -4.955464518573349233e-17 6.100788191292159498e-17
682 2.189074805376113098 0.5584583043534810942 6.128094135432974111e-18 2.483509724982983703e-17 0.09535655551856421497 -2.464564201801911337e-17 1.414004601556045945e-17
683 2.192240854245783854 0.5587603151522392286 6.151978851703737418e-18 2.478364414713304945e-17 0.09539520736742905516 7.544390700369761373e-18 -1.625233078301129686e-17
684 2.195406744934556453 0.5590624346625031604 6.300816062683207526e-18 2.469065766217877254e-17 0.09543431904765027618 4.701509633180449937e-17 -2.937281959875083794e-17
685 2.198572477275697601 0.5593646641990613899 6.581883780240281999e-18 2.458508320083536839e-17 0.09547385502404914792 8.878886830047946156e-17 -3.335081319757065856e-17
686 2.2017380511019784 0.5596670050258854001 6.973853941414478008e-18 2.446720899940252003e-17 0.09551379932763283398 1.238289903156300195e-16 -3.72381492100466481e-17
687 2.204903466245678345 0.5599694584433393407 7.42300276051227675e-18 2.431814152218192183e-17 0.09555416353831236442 1.418996686312887191e-16 -4.709491536411969959e-17
688 2.208068722538593764 0.5602720258151768773 7.862191018551741485e-18 2.411532211194438673e-17 0.09559496776793177664 1.387597979132822044e-16 -6.407999271902767341e-17
689 2.211233819812041368 0.5605747085385391904 8.229676537165365134e-18 2.384466363684798992e-17 0.09563622265272364587 1.161114400233597141e-16 -8.551777881351401445e-17
690 2.214398757896864911 0.5608775080351635633 8.498582745185641145e-18 2.351811982960657827e-17 0.09567793605337689133 8.496840735252419811e-17 -1.031806124388180391e-16
691 2.217563536623440523 0.5611804258239339038 8.682353243363150868e-18 2.317944646385491536e-17 0.09572013875749293965 5.807033537545017698e-17 -1.07018678879211031e-16
692 2.220728155821682481 0.5614834636475705132 8.817981955758196679e-18 2.289133209755792648e-17 0.09576290159416868397 4.285999312747699518e-17 -9.104694383183852909e-17
693 2.223892615321049426 0.5617866235475469372 8.945859257627059833e-18 2.270659272887677233e-17 0.09580631908250386575 4.041251361809056549e-17 -5.838238798845314516e-17
694 2.227056914950548805 0.5620899077682557365 9.089034282897455504e-18 2.264259673836931026e-17 0.09585045547306006442 4.524927591835225325e-17 -2.022540053107375876e-17
695 2.23022105453874353 0.5623933184762202053 9.236717309078515015e-18 2.266880260972023223e-17 0.09589528628427942958 4.667635552474402908e-17 8.282567060290646868e-18
696 2.233385033913756423 0.5626968574178483617 9.354492538692372072e-18 2.271541567247884965e-17 0.09594067885476111057 3.722565355475713211e-17 1.473316359532939036e-17
697 2.236548852903276874 0.563000525702649357 9.400480277416582838e-18 2.271186163292918814e-17 0.09598643197307592245 1.453625279814674463e-17 -1.123395469786081531e-18
698 2.23971251133456617 0.5633043238437296374 9.354905794864122909e-18 2.262310327885820494e-17 0.09603235718812036525 -1.440635868139063349e-17 -2.805703132766438996e-17
699 2.242876009034462381 0.5636082520528027384 9.239806178899430017e-18 2.247188689417473172e-17 0.09607835926949763461 -3.638550790715340434e-17 -4.780280902309358234e-17
700 2.246039345829386136 0.5639123106470921298 9.11529499654067745e-18 2.23156369576894428e-17 0.09612447160464832052 -3.93627144171937214e-17 -4.939654022282027649e-17
701 2.249202521545346389 0.5642165003678362156 9.060429928738266249e-18 2.220506472884178956e-17 0.09617082828452627741 -1.734581629365155882e-17 -3.495786382107939496e-17
702 2.252365536007945757 0.5645208224659060692 9.136438720577079175e-18 2.21495233362956843e-17 0.09621759049697563293 2.403171788608884452e-17 -1.756053535884428211e-17
703 2.255528389042385395 0.5648252785469786152 9.37596663901111218e-18 2.211220976395228504e-17 0.09626487050873927531 7.573546887304982877e-17 -1.179804389914645211e-17
704 2.25869108047347078 0.565129870297466641 9.778934064308583468e-18 2.204200072384338412e-17 0.09631269394779556903 1.274193350326211035e-16 -2.220027883730520354e-17
705 2.261853610125617475 0.5654345992547595845 1.032819934448497314e-17 2.190653981369074974e-17 0.0963610137932785632 1.736879872179599762e-16 -4.28352813845579605e-17
706 2.265015977822855575 0.5657394667290686074 1.100020888232472789e-17 2.170762898087920694e-17 0.09640975829933587371 2.125129198017263617e-16 -6.290256236073551012e-17
707 2.268178183388835922 0.5660444738747278937 1.175488770014160105e-17 2.147069913624084182e-17 0.09645887825464877219 2.386680877650236786e-16 -7.492934957136210829e-17
708 2.271340226646834992 0.566349621820166349 1.253580039243985221e-17 2.121631302164929369e-17 0.09650836554352201779 2.469772734586521907e-16 -8.045405025068423449e-17
709 2.274502107419759778 0.5666549117509057654 1.327483944020072689e-17 2.094270551920650575e-17 0.09655823829955047233 2.33746027304391513e-16 -8.653760167402088159e-17
710 2.277663825530153563 0.5669603448888898001 1.391447780336442559e-17 2.063457493469934327e-17 0.09660850812183491287 2.02317628043261423e-16 -9.746171051519430681e-17
711 2.280825380800201252 0.5672659224018257174 1.444133327008004441e-17 2.028440126345886631e-17 0.09665915793517627919 1.666529885559671475e-16 -1.107656511369931287e-16
712 2.283986773051734254 0.5675716453212102941 1.490240342128982158e-17 1.98998798974939045e-17 0.09671014472972430664 1.458515480089232699e-16 -1.216366670480453654e-16
713 2.287148002106235367 0.5678775145280815506 1.53843036061318298e-17 1.950255359894312875e-17 0.09676142097934119224 1.524486467025840848e-16 -1.25693781448270512e-16
714 2.290309067784844999 0.5681835308109800531 1.597178176265566552e-17 1.910849989487417676e-17 0.09681295748498759679 1.858577499608281627e-16 -1.246649496473900562e-16
715 2.293469969908365158 0.5684896948962749885 1.67059403049411243e-17 1.871269531767298147e-17 0.09686473463609082679 2.322743776782499514e-16 -1.252253519592827021e-16
716 2.296630708297264789 0.5687960074094634555 1.756575805790765811e-17 1.830328379264493011e-17 0.09691672057324884904 2.720447690523109327e-16 -1.295370599052355865e-16
717 2.299791282771685985 0.5691024688117816144 1.848381269483282735e-17 1.788120759534887675e-17 0.09696886337313714854 2.904858947446169931e-16 -1.335510729868938007e-16
718 2.302951693151447543 0.5694090793805361983 1.93752969028626714e-17 1.747265425895718649e-17 0.09702110487788372095 2.82093285941045599e-16 -1.292789621025468215e-16
719 2.306111939256050736 0.5697158392430297091 2.016360323834582339e-17 1.713252226320696815e-17 0.09707339765293047928 2.494575846874355163e-16 -1.076339264516537707e-16
720 2.309272020904684197 0.5700227483999624756 2.07883776151956852e-17 1.692252394340698281e-17 0.09712570165970872693 1.977186029149631622e-16 -6.645690979628659447e-17
721 2.312431937916228808 0.5703298067593070009 2.121823605494557745e-17 1.688816659291976058e-17 0.09717798757173573554 1.360418202090128438e-16 -1.087343196183424923e-17
722 2.315591690109263912 0.5706370142090869679 2.145081036855484235e-17 1.704246191518021956e-17 0.09723024909058960996 7.360908226834132624e-17 4.883401306720214736e-17
723 2.31875127730206998 0.5709443706687382658 2.151520213830592878e-17 1.736479065603254655e-17 0.097282496172865357 2.03808701514853432e-17 1.020214266325908029e-16
724 2.321910699312635717 0.5712518760274895024 2.146822364498593021e-17 1.781399416851703431e-17 0.09733471927264798762 -1.487010983393547381e-17 1.421864580231278791e-16
725 2.32506995595866206 0.5715595303831672025 2.138188688136532277e-17 1.834261158630462737e-17 0.09738698443496908441 -2.732962137449749708e-17 1.673321221951741986e-16
726 2.328229047057566614 0.5718673342225453204 2.131663012420187884e-17 1.890857761207157587e-17 0.09743941481055400089 -2.065789771592050709e-17 1.791641016070812291e-16
727 2.331387972426489874 0.5721752883741182405 2.130619250044243052e-17 1.946953260064758263e-17 0.09749211862479066626 -3.304342703352052878e-18 1.77587118115112633e-16
728 2.33454673188229922 0.5724833937910426274 2.134764632485468437e-17 1.999026101778924446e-17 0.09754513540586610965 1.31241409376974106e-17 1.648608598537719342e-16
729 2.337705325241593357 0.5727916513451756231 2.141637977921793631e-17 2.045608570437007787e-17 0.09759843948000263003 2.176192536397118323e-17 1.474862882417121032e-16
730 2.340863752320708535 0.5731000617470125569 2.148585153174219627e-17 2.088545638916309143e-17 0.09765197981786942483 2.199683971423961337e-17 1.35951631968502867e-16
731 2.344022012935722543 0.5734086255951348354 2.153861013397485299e-17 2.132880750529232789e-17 0.09770572103687971688 1.67058367446765196e-17 1.403856632509619481e-16
732 2.347180106902459595 0.573717343527109902 2.156862884547468788e-17 2.185193725626714316e-17 0.09775967553139644495 9.505827786936314008e-18 1.656560549914687988e-16
733 2.350338034036494772 0.5740262163432252596 2.156982012649829588e-17 2.250020565082143159e-17 0.09781389488241062913 3.772550730886723049e-19 2.052937432241927956e-16
734 2.353495794153160237 0.5743352449953975647 2.152645409255892464e-17 2.327431135631278485e-17 0.0978684271693769231 -1.373389005966275131e-17 2.451569047941885456e-16
735 2.3566533870675479 0.5746444304876257014 2.142041105088143563e-17 2.412364587995478276e-17 0.0979232889540343765 -3.358528673812078037e-17 2.6899590073864141e-16
736 2.359810812594516083 0.574953773788226874 2.124631435871383224e-17 2.497010126859838104e-17 0.0979784690040591405 -5.514173839906282855e-17 2.680982678414604882e-16
737 2.362968070548693511 0.5752632758336105878 2.102816132594388084e-17 2.574307254758974599e-17 0.0980339572801653264 -6.909939825629987135e-17 2.448366156982571426e-16
738 2.366125160744483313 0.5755729375908368306 2.081057171417744607e-17 2.640504510713610134e-17 0.09808976355710734285 -6.892460264331936512e-17 2.096892184195351268e-16
739 2.369282082996069683 0.5758827601015125142 2.06370559765909217e-17 2.695023698659372081e-17 0.09814591151722476536 -5.496650385690743784e-17 1.72706475860833659e-16
740 2.372438837117420096 0.5761927444678487387 2.052581555490375137e-17 2.737935884451720199e-17 0.09820242043088305006 -3.524074064942897266e-17 1.35944936855866568e-16
741 2.375595422922292421 0.576502891818528207 2.046686966791460763e-17 2.768952098294343847e-17 0.09825929875885343334 -1.867493469663157248e-17 9.826398373722638541e-17
742 2.378751840224237579 0.5768132033237817202 2.041839196945443674e-17 2.787136860015125237e-17 0.09831655974043312929 -1.535927755190472933e-17 5.761511197034461821e-17
743 2.381908088836605319 0.5771236802770812746 2.033209187851541202e-17 2.791652197538139464e-17 0.09837424250206033838 -2.734407814738799272e-17 1.430679165545361593e-17
744 2.38506416857254866 0.57743432419095575 2.016849465279665253e-17 2.783328404312364813e-17 0.09843241653935648483 -5.183835751289271877e-17 -2.637524977611054066e-17
745 2.388220079245028327 0.5777451368014617783 1.99228527539846459e-17 2.764271997418326763e-17 0.09849115277950142022 -7.783967885199493984e-17 -6.038646500775058461e-17
746 2.391375820666817642 0.5780561199044258469 1.962959406489556125e-17 2.736349675480082767e-17 0.09855047027023607076 -9.293360779122403154e-17 -8.848577082879852341e-17
747 2.394531392650506074 0.5783672750637067761 1.934819237305339836e-17 2.699680415341131392e-17 0.09861029560685606599 -8.918092208709110502e-17 -1.16211043723124671e-16
748 2.397686795008505456 0.5786786033361592807 1.913798652299334694e-17 2.652420954419182169e-17 0.09867046820065497603 -6.662134948604532612e-17 -1.497812292904239699e-16
749 2.400842027553053093 0.5789901051696279 1.902761434707134038e-17 2.592643005142695655e-17 0.0987307950974143228 -3.4982563550492502e-17 -1.894667647904794221e-16
750 2.403997090096217093 0.5793017805497751027 1.899830206596144029e-17 2.52111901627503916e-17 0.09879112984105518913 -9.291055866194918285e-18 -2.267081752699509856e-16
751 2.407151982449899918 0.5796136293434483999 1.899338190934991541e-17 2.44396965146193371e-17 0.09885143478608333922 -1.559616552280296832e-18 -2.445520251907852508e-16
752 2.41030670442584416 0.5799256516740968204 1.893644639508229775e-17 2.371132696477837925e-17 0.09891179128668478593 -1.804868802926670704e-17 -2.308948104570573434e-16
753 2.413461255835636088 0.5802378481497013629 1.876442913242580416e-17 2.312281057132568171e-17 0.09897235297277738597 -5.453281688745621849e-17 -1.865711395693505612e-16
754 2.416615636490710095 0.5805502198509921996 1.845612245713678719e-17 2.272382877775728834e-17 0.0990332697720434918 -9.774450764986174386e-17 -1.264918410768857308e-16
755 2.41976984620235358 0.5808627681169133972 1.803090182607958113e-17 2.249565028571924396e-17 0.09909462362532182877 -1.348178281141495991e-16 -7.234486398848450432e-17
756 2.422923884781710946 0.5811754942643486688 1.753536777967508437e-17 2.235931960144666484e-17 0.09915640762445095124 -1.571194999204328942e-16 -4.322651307642534843e-17
757 2.426077752039788038 0.581488399392394717 1.701502426807410073e-17 2.221854336362656042e-17 0.09921855279709114461 -1.649948356577177713e-16 -4.46384968886696244e-17
758 2.429231447787456588 0.5818014843482196552 1.65065893174635671e-17 2.199919216718143049e-17 0.09928097932957116734 -1.61227548251219329e-16 -6.95574833444333456e-17
759 2.432384971835458209 0.5821147498272730703 1.603170427430057729e-17 2.167598068504000444e-17 0.09934363916956807927 -1.505968947410566925e-16 -1.024977439402048177e-16
760 2.435538323994408838 0.582428196505127671 1.560302403028602485e-17 2.127125061732943226e-17 0.09940652606662847557 -1.359517163893929614e-16 -1.283561539117240601e-16
761 2.438691504074804062 0.5827418251121078141 1.523024831476326549e-17 2.083182324696257599e-17 0.09946965743785869674 -1.18228605104725826e-16 -1.393676757362132742e-16
762 2.441844511887021341 0.5830556364297189154 1.492544143718376388e-17 2.041341641917416982e-17 0.09953304957160660771 -9.667706788536166879e-17 -1.327081121496286966e-16
763 2.444997347241326224 0.5833696312348667368 1.469567700995382069e-17 2.006445404933079803e-17 0.09959670106654465449 -7.287948271556118009e-17 -1.106881396219318731e-16
764 2.448150009947875461 0.5836838102610577561 1.454474303517385476e-17 1.982280534005560589e-17 0.09966059821344568082 -4.787770335808376568e-17 -7.665328655399008708e-17
765 2.451302499816721436 0.5839981741372398671 1.446232800297734506e-17 1.970877509471458701e-17 0.0997247078986102653 -2.61442730382024102e-17 -3.61734721124702265e-17
766 2.454454816657816174 0.5843127232913508662 1.443325353408192695e-17 1.971669666033974321e-17 0.09978896640236206705 -9.223713247526469396e-18 2.513072553817623685e-18
767 2.457606960281016661 0.5846274578699851565 1.443533661818649722e-17 1.981030946513298049e-17 0.09985328450422241431 6.608831817672527643e-19 2.969977455549789369e-17
768 2.460758930496087071 0.5849423777283442316 1.444324292529495482e-17 1.993319621533541369e-17 0.09991756977551731478 2.508508025794714028e-18 3.898942893539707706e-17
769 2.463910727112704535 0.5852574825076980458 1.442358781259713151e-17 2.003195867589503586e-17 0.09998175434524257665 -6.236505372632368976e-18 3.133701777058123996e-17
770 2.467062349940462695 0.5855727716751290002 1.434620035823557138e-17 2.007545476375918646e-17 0.1000457829387773889 -2.455615118123839827e-17 1.380193363635215646e-17
771 2.470213798788875259 0.5858882445778081927 1.418737376091574935e-17 2.006923864745249215e-17 0.100109617492562461 -5.040074684797929943e-17 -1.972572035402973868e-18
772 2.473365073467381325 0.5862039005457011509 1.39480869833222378e-17 2.004463351678005776e-17 0.1001732525280913944 -7.593753084571160443e-17 -7.808425054621429456e-18
773 2.476516173785347608 0.5865197390408847244 1.365853045720720781e-17 2.003705142439815395e-17 0.100236729953707901 -9.189569909029719987e-17 -2.406306255123304611e-18
774 2.479667099552074649 0.586835759513355204 1.337288462258549313e-17 2.006276042855269455e-17 0.1003000459225652369 -9.065960222822031027e-17 8.159643193890910885e-18
775 2.48281785057679949 0.58715196159234051 1.314772965774329056e-17 2.010423554172413063e-17 0.1003632573097319458 -7.146469670136049716e-17 1.316429502466651365e-17
776 2.48596842666869966 0.5874683452510951476 1.301592303876866139e-17 2.013087454675402539e-17 0.1004264733119386716 -4.183804547585220085e-17 8.455750648506890692e-18
777 2.489118827636897624 0.5877849107740057422 1.297017312072119607e-17 2.012046953406528071e-17 0.1004897927080755649 -1.452274315513555788e-17 -3.302942021618710644e-18
778 2.492269053290464331 0.5881016585377780714 1.296234174754034402e-17 2.00707825634735538e-17 0.1005532448356575986 -2.486110637294374694e-18 -1.577339034552269258e-17
779 2.495419103438423214 0.5884185888457369451 1.292422407249039918e-17 1.999847540663957138e-17 0.1006168064333225337 -1.210133154158892075e-17 -2.2955567896813889e-17
780 2.498568977889754628 0.5887357019238298461 1.278952738337588005e-17 1.992825704670059016e-17 0.1006804529656173813 -4.276494603935799183e-17 -2.22936762106276979e-17
781 2.501718676453399404 0.5890529980440899482 1.251349018746662418e-17 1.987011236421261547e-17 0.1007441990921133373 -8.764414200435122259e-17 -1.846142796802412222e-17
782 2.504868198938262847 0.5893704776873173179 1.208561184081483672e-17 1.981563984030207087e-17 0.1008081111310822758 -1.358625941536636053e-16 -1.729645462663958074e-17
783 2.508017545153217842 0.58968814162872496 1.152942041687257694e-17 1.975556282079613006e-17 0.1008722826119601984 -1.766152565306900858e-16 -1.907709783878779009e-17
784 2.511166714907109299 0.5900059908427706112 1.090031539162656754e-17 1.970297001687875129e-17 0.100936776863429431 -1.997797406785279708e-16 -1.670146685612915279e-17
785 2.514315708008758588 0.5903240263150097977 1.026904086086766829e-17 1.970028154053968714e-17 0.1010015974765709618 -2.004799515098218552e-16 -8.538054045090472907e-19
786 2.517464524266966652 0.5906422489032159273 9.697207173717088285e-18 1.98016677697856144e-17 0.1010667039354305324 -1.816129592979189873e-16 3.220001468811911572e-17
787 2.520613163490517561 0.5909606593522197526 9.232360034646974104e-18 2.004847265786377326e-17 0.1011320604282384267 -1.47642607538171493e-16 7.838903193406552102e-17
788 2.523761625488182503 0.5912792584112857019 8.899247332693617082e-18 2.04484035175163825e-17 0.1011976684176249391 -1.058076846077393688e-16 1.270313560992656096e-16
789 2.52690991006872423 0.5915980469222044125 8.707496829332563196e-18 2.097111827679337716e-17 0.1012635573493410324 -6.090978008557452451e-17 1.660409776087831829e-16
790 2.530058017040899276 0.591917025796098395 8.66099197029323592e-18 2.155692033836793763e-17 0.1013297493075783762 -1.477315927074884097e-17 1.860912458514424293e-16
791 2.533205946213463289 0.5922361959208922721 8.751685422044646285e-18 2.213722890063042662e-17 0.1013962369860687829 2.881214127672106355e-17 1.84356554493337844e-16
792 2.53635369739517369 0.5925555581201368271 8.955001012810709762e-18 2.265027061173424023e-17 0.1014629999949321904 6.459440044459700382e-17 1.629959690103247121e-16
793 2.539501270394793675 0.5928751132391547607 9.22896546983359985e-18 2.305650452066778505e-17 0.1015300453103179651 8.704483852562355005e-17 1.290698997636718304e-16
794 2.542648665021095766 0.5931948623199518877 9.520003959603215518e-18 2.334282797940170213e-17 0.1015974354863134754 9.247489973915407682e-17 9.097674043163978543e-17
795 2.545795881082865364 0.5935148067256176274 9.774180271715617371e-18 2.351430469118023686e-17 0.101665272620620431 8.076685701329895522e-17 5.448829966186279404e-17
796 2.548942918388904744 0.5938349480655014112 9.955706281134779682e-18 2.357733392527228851e-17 0.1017336350569674891 5.768483633603346563e-17 2.002925676942584551e-17
797 2.552089776748035721 0.5941552879016848143 1.005164386882656299e-17 2.353056439140201796e-17 0.1018025078751365192 3.048851851482863154e-17 -1.486314002301879907e-17
798 2.555236455969104536 0.5944758273772952073 1.005863778105115318e-17 2.336281010701355929e-17 0.1018717580247355398 2.222759404072936937e-18 -5.331456861682868127e-17
799 2.558382955860984076 0.594796566978734953 9.980224584722172708e-18 2.306993027378148491e-17 0.1019411768539301849 -2.492219070788750728e-17 -9.308646248369300845e-17
800 2.561529276232578312 0.5951175065787672747 9.820663859287182081e-18 2.266799278032014925e-17 0.1020105693580711931 -5.071633555712673594e-17 -1.277557289602626989e-16
801 2.564675416892824966 0.5954386457505164154 9.589089528967410589e-18 2.219587479887697764e-17 0.1020798402984899045 -7.361005051957378652e-17 -1.500711603796608852e-16
802 2.567821377650699954 0.5957599841962435416 9.303985986373587895e-18 2.170996318451353073e-17 0.1021490307163863825 -9.063045806383830434e-17 -1.544645562368137141e-16
803 2.570967158315220047 0.5960815220798872938 8.99114923683142097e-18 2.126110880042072271e-17 0.1022182873784375501 -9.945215911997682425e-17 -1.426927549075567968e-16
804 2.574112758695446868 0.5964032601110579312 8.666345836800739949e-18 2.087864997821545456e-17 0.1022877837883574281 -1.03262333753897564e-16 -1.215922941137700432e-16
805 2.577258178600489558 0.5967251993690718681 8.335380929558731325e-18 2.056709112930646683e-17 0.1023576375430929747 -1.052272600239971846e-16 -9.905728157139847203e-17
806 2.580403417839509217 0.5970473409898704453 7.996959792051617893e-18 2.031969401613824951e-17 0.1024278667195847453 -1.07604087549261274e-16 -7.86621687430140295e-17
807 2.583548476221721568 0.5973696858910160223 7.655746352097091005e-18 2.011601549023381651e-17 0.1024984019538990598 -1.084981713569382031e-16 -6.476517340071048224e-17
808 2.58669335355640051 0.5976922346631705629 7.344460893176738201e-18 1.992270187478242767e-17 0.1025691393567664395 -9.898745359487555381e-17 -6.147290851657868097e-17
809 2.589838049652881224 0.5980149876365632444 7.114530518840827131e-18 1.970648849981168035e-17 0.1026399961525783083 -7.312110091232995504e-17 -6.875890171315281751e-17
810 2.592982564320563732 0.5983379450541407296 7.015997421258878788e-18 1.943181696345481166e-17 0.1027109446140397619 -3.133672421678342454e-17 -8.73544666334770341e-17
811 2.596126897368916442 0.5986611072477593387 7.061403324846845728e-18 1.907552494988226003e-17 0.1027820130453923064 1.444138660731912325e-17 -1.133189807165296785e-16
812 2.599271048607479262 0.598984474735334893 7.215428095987149297e-18 1.863787702295802064e-17 0.1028532606576646469 4.899054649125785677e-17 -1.392023565563617684e-16
813 2.602415017845866707 0.5993080482187227442 7.40732895571174059e-18 1.814944872463216574e-17 0.1029247460013237164 6.104130362535274295e-17 -1.553630353720730203e-16
814 2.605558804893771452 0.5996318284132390319 7.572064591935310077e-18 1.766536055724101072e-17 0.102996473409972325 5.240342017005001124e-17 -1.539914266074189756e-16
815 2.608702409560966995 0.5999558157834131711 7.690734942914484353e-18 1.724273503989223201e-17 0.103068363154564982 3.775196182440168635e-17 -1.344475875003436338e-16
816 2.611845831657311212 0.60028001034085543 7.798808445388458522e-18 1.692605103378254192e-17 0.1031402711804427497 3.438284232939961885e-17 -1.007508408727118465e-16
817 2.614989070992750353 0.6006044116228955732 7.957761043702821649e-18 1.672658684438440157e-17 0.1032120466029994854 5.057262068051389007e-17 -6.346185527479270609e-17
818 2.618132127377321261 0.6009290187872956546 8.21408243498903617e-18 1.661159455163793108e-17 0.1032835686380624146 8.155638850188721897e-17 -3.658826933988394056e-17
819 2.621275000621154039 0.6012538307004937632 8.571657972720232417e-18 1.651957159866575192e-17 0.1033547445521534741 1.137800889026172026e-16 -2.92815885468291346e-17
820 2.624417690534476488 0.6015788460530958615 8.986139462087206483e-18 1.636951876730688596e-17 0.1034255183415191126 1.318951936809919381e-16 -4.774941164365494747e-17
821 2.627560196927616776 0.6019040636019939994 9.393145458619637015e-18 1.609728206638096978e-17 0.1034959110397265375 1.295239342171847905e-16 -8.663550130132327582e-17
822 2.630702519611005652 0.6022294823537502895 9.750297249972948994e-18 1.568189152046210898e-17 0.1035660020477714161 1.136651866404025387e-16 -1.321999359197337876e-16
823 2.633844658395180893 0.6025551013886767393 1.006198059863603407e-17 1.51558333554762376e-17 0.1036358147944169555 9.920045922328403313e-17 -1.674302197040568601e-16
824 2.636986613090789078 0.6028809201406912788 1.035927910490757756e-17 1.459438014891376657e-17 0.1037054617895003528 9.462769927017048454e-17 -1.787059943595546264e-16
825 2.640128383508589582 0.6032069385075491397 1.066581280391185458e-17 1.409240735308637455e-17 0.1037750906569389203 9.757291501753794934e-17 -1.597832444115663778e-16
826 2.643269969459456803 0.6035331567122556029 1.09766067036639282e-17 1.37266220847689474e-17 0.1038448049388935174 9.89347971091562379e-17 -1.16440159653621378e-16
827 2.646411370754384151 0.6038595749924174916 1.126497285021089164e-17 1.353093110727713254e-17 0.1039146093072710331 9.180078836581023274e-17 -6.229783289384456796e-17
828 2.649552587204485388 0.60418619340436297 1.150713578126431574e-17 1.349244150206253972e-17 0.1039844460734540704 7.709662812675060676e-17 -1.225381096547843708e-17
829 2.652693618620999505 0.6045130118532707764 1.171186259257697093e-17 1.356439354015850601e-17 0.1040542671276768888 6.518205561440631863e-17 2.290848823693501146e-17
830 2.655834464815291618 0.6048400302820855501 1.191948844737764265e-17 1.367867794243949854e-17 0.104124084500288247 6.610897168108624645e-17 3.638864880887449622e-17
831 2.658975125598857847 0.6051672489077341011 1.217515014722517803e-17 1.37596735968235941e-17 0.1041939854410759425 8.140860373994866022e-17 2.579089138633134422e-17
832 2.662115600783326208 0.6054946683345241443 1.250187861997541164e-17 1.374747591498226122e-17 0.1042640933312598689 1.040440645528776505e-16 -3.884254060298239137e-18
833 2.665255890180461051 0.6058222894319035268 1.289013335264955927e-17 1.362356383231245937e-17 0.1043344926523191996 1.236439315949085809e-16 -3.946114698430766809e-17
834 2.668395993602165284 0.6061501130969088047 1.331626510505915714e-17 1.342485544904314722e-17 0.1044051922504995733 1.357143253634353194e-16 -6.32845922111255226e-17
835 2.671535910860483032 0.6064781400770842268 1.375594499910538292e-17 1.322547888711237945e-17 0.1044761445739094269 1.400374449444849691e-16 -6.350116230619633496e-17
836 2.674675641767602308 0.6068063709736576383 1.419520336545205079e-17 1.310713953208335833e-17 0.1045473030711411566 1.399115014229473656e-16 -3.769316217523449455e-17
837 2.677815186135858561 0.6071348063655430671 1.463462766339270596e-17 1.31216383618730332e-17 0.1046186606789350632 1.39972678511979657e-16 4.618406516118829467e-18
838 2.68095454377773601 0.6074634469119289948 1.507120798955792477e-17 1.326103372725149391e-17 0.1046902430123965166 1.390750500608945277e-16 4.440515583592627011e-17
839 2.684093714505872086 0.6077922933470446543 1.549890329627127924e-17 1.345275298569017527e-17 0.1047620740253495525 1.362527994759495283e-16 6.107685837485854948e-17
840 2.687232698133058761 0.6081213464096384413 1.591153297331727726e-17 1.358867760283810487e-17 0.1048341552096289792 1.314611183575132672e-16 4.330469468533095433e-17
841 2.690371494472245661 0.6084506068243773491 1.631189792747082303e-17 1.358145890827148168e-17 0.1049064821310991408 1.275612768152791993e-16 -2.299966284024225659e-18
842 2.693510103336543171 0.608780075398256848 1.671867170748035078e-17 1.340634877225247476e-17 0.104979081073652003 1.296109584213970068e-16 -5.579561337063840821e-17
843 2.696648524539224212 0.6091097531855232949 1.714917955179842627e-17 1.311417830827559188e-17 0.105052030880161712 1.371815909420238728e-16 -9.310029910861539801e-17
844 2.699786757893727351 0.6094396415757699081 1.760569880866657988e-17 1.280314418622116246e-17 0.1051254384859456326 1.454788603492961284e-16 -9.911715426122825265e-17
845 2.702924803213659466 0.6097697421663441641 1.806142550022191713e-17 1.258247823001034102e-17 0.1051993701895944516 1.452350050231736582e-16 -7.032377486897891813e-17
846 2.706062660312797519 0.6101000564275750326 1.847599739512838427e-17 1.253363873086595075e-17 0.1052737856109706854 1.32127364474309128e-16 -1.556553732531620837e-17
847 2.709200329005092112 0.6104305853266385196 1.880681948235708547e-17 1.269540957911692656e-17 0.10534852447605772 1.054419714959303786e-16 5.156075675914508252e-17
848 2.712337809104669706 0.6107613291202099726 1.902292687411013916e-17 1.304821795446124481e-17 0.1054233603810387776 6.888343147962599131e-17 1.124563641776733678e-16
849 2.715475100425833954 0.6110922874410125161 1.911349669804017317e-17 1.351735967607854184e-17 0.1054980944562396439 2.887053516794840395e-17 1.495461952445359639e-16
850 2.718612202783069698 0.6114234596535798039 1.907768255505039775e-17 1.399475845341339236e-17 0.1055726411955995037 -1.141700156023616016e-17 1.52187435763654711e-16
851 2.721749115991044743 0.6117548453031619315 1.892121562481447379e-17 1.438419318274526438e-17 0.105647058185361048 -4.988227735137063612e-17 1.241533348260731772e-16
852 2.724885839864611636 0.6120864444343228072 1.865323634012043574e-17 1.464108832102263546e-17 0.105721504601729091 -8.543801993920133185e-17 8.190413662565620836e-17
853 2.728022374218810331 0.6124182576343949469 1.828528902388176247e-17 1.480019503639320439e-17 0.1057961535144594095 -1.173172458044391374e-16 5.072998446374886424e-17
854 2.731158718868871738 0.6127502858099767025 1.783571570137055952e-17 1.496161621671818254e-17 0.1058711067687599511 -1.433517656884593533e-16 5.147105057267735521e-17
855 2.734294873630217726 0.6130825298436349824 1.732996524784242985e-17 1.5246610624106866e-17 0.1059463567633517345 -1.612742820171240144e-16 9.087934199538789487e-17
856 2.737430838318465121 0.6134149903168031326 1.680407188704875049e-17 1.573232502897506981e-17 0.1060218075271905092 -1.677076500149774578e-16 1.548945613154985348e-16
857 2.740566612749427033 0.6137476674313713243 1.630231889913343268e-17 1.642163143571531322e-17 0.1060973380595610915 -1.600189915388411928e-16 2.198335011937228851e-16
858 2.743702196739115529 0.614080561162267724 1.5874091937347661e-17 1.725020511615505665e-17 0.1061728759944212397 -1.365783849059455318e-16 2.642646660502626145e-16
859 2.746837590103743842 0.614413671526000571 1.556189525713941922e-17 1.813453578030537121e-17 0.1062484346017827791 -9.9577834169706866e-17 2.820649219178411557e-16
860 2.74997279265972816 0.6147469988371286886 1.538473976943460349e-17 1.901067478911548895e-17 0.106324108963395822 -5.650871905587789638e-17 2.794691473810913857e-16
861 2.753107804223689392 0.6150805437314399438 1.532839937019016036e-17 1.984896498134455184e-17 0.1064000015779236613 -1.797244889893331707e-17 2.67412511170652704e-16
862 2.756242624612456282 0.6154143068938680017 1.534807762269044904e-17 2.065376809897219366e-17 0.1064761281698091006 6.277697395171228476e-18 2.567458891526569225e-16
863 2.759377253643066297 0.6157482886765486274 1.538823792710696227e-17 2.144789430847777185e-17 0.1065523826134487373 1.2812603393259773e-17 2.53355255006577429e-16
864 2.762511691132768288 0.6160824888410976197 1.540681455659369195e-17 2.226072568917194158e-17 0.1066285765293565196 5.926985588280625297e-18 2.5933875047238038e-16
865 2.765645936899024271 0.6164169065436129191 1.539687210557657052e-17 2.311213782898727747e-17 0.1067045167064539779 -3.172393155864846835e-18 2.716648078546171189e-16
866 2.768779990759511644 0.6167515403604306723 1.538557726503893514e-17 2.400074515735521576e-17 0.1067800181048391972 -3.604128502520672423e-18 2.835502625334185092e-16
867 2.771913852532124967 0.6170863884335374694 1.542726321700910141e-17 2.489706722583555499e-17 0.1068549420422327118 1.330260001324967271e-17 2.860295470420379619e-16
868 2.775047522034977288 0.6174214487943338048 1.558148326865590015e-17 2.575639612862002501e-17 0.1069292531259629225 4.921690796383108607e-17 2.74241326386436504e-16
869 2.778180999086403258 0.6177567197951958633 1.590084769784361111e-17 2.652651831407437397e-17 0.107003053689149516 1.019264090091460507e-16 2.457875132220819072e-16
870 2.781314283504959128 0.6180921999869285477 1.63981536570682859e-17 2.717309889483219913e-17 0.1070764069758887299 1.587269132238661439e-16 2.063714255388953179e-16
871 2.784447375109426304 0.6184278883503666613 1.703910457347703984e-17 2.768784237876544633e-17 0.1071494501713188274 2.045871878804421254e-16 1.643026309217802673e-16
872 2.787580273718811785 0.6187637844882806215 1.775676081448126973e-17 2.809599778146948087e-17 0.107222381752773932 2.290851330357718737e-16 1.302884715346202969e-16
873 2.790712979152351281 0.6190998885476890479 1.846351796811094588e-17 2.843493243143747936e-17 0.1072953754462080272 2.256199293798045759e-16 1.081989922527436257e-16
874 2.79384549122950876 0.619436200833111128 1.908448232697532325e-17 2.873100718747565407e-17 0.1073684815502377182 1.982443199314155001e-16 9.452255644267527149e-17
875 2.79697780976998045 0.6197727214422481534 1.957363016214713542e-17 2.897871551482967816e-17 0.1074416340591242691 1.561712456247905614e-16 7.908635233134285515e-17
876 2.800109934593694838 0.6201094501650304958 1.993019211287926839e-17 2.914093316266306279e-17 0.1075147347173276563 1.138473226355595885e-16 5.179477185422774242e-17
877 2.803241865520814891 0.6204463866600476996 2.018069132999021619e-17 2.916278341251180167e-17 0.1075877415810756049 7.998731344141717231e-17 6.977038904877759366e-18
878 2.806373602371739384 0.6207835307559433913 2.036424992514923971e-17 2.900910066199232315e-17 0.1076607089408952445 5.861603014140181729e-17 -4.907573371249102447e-17
879 2.809505144967104684 0.6211208827134742094 2.052385320814793449e-17 2.868719267238511207e-17 0.1077337747896630754 5.096951051395333945e-17 -1.028017240782228353e-16
880 2.812636493127786075 0.6214584432251624158 2.070030848151222541e-17 2.825555649280039291e-17 0.1078070770433792736 5.635471742579082641e-17 -1.378521280065485642e-16
881 2.81576764667489865 0.6217962131861370922 2.09288141789768685e-17 2.779982426140194427e-17 0.1078806804611867204 7.298265973863713806e-17 -1.455567661774779788e-16
882 2.818898605429799531 0.6221341934185923295 2.123257652909901005e-17 2.740056079500360475e-17 0.1079545618073325108 9.70249980680291894e-17 -1.275290931886610643e-16
883 2.822029369214089201 0.6224723845516056953 2.161123586207450121e-17 2.710743289403311153e-17 0.1080286594505181219 1.20955448374088578e-16 -9.363407581752728308e-17
884 2.825159937849611946 0.6228107870947436897 2.204773770971539562e-17 2.692504226853453753e-17 0.1081029352574993385 1.394408284811978184e-16 -5.826481620679882601e-17
885 2.828290311158457637 0.6231494015784432294 2.251599861815663504e-17 2.681363812208527264e-17 0.1081773959332330975 1.495956260909890153e-16 -3.559035729180677551e-17
886 2.831420488962963944 0.6234882286200983392 2.299643943326851841e-17 2.671620012346350441e-17 0.1082520692984722671 1.534963447936392103e-16 -3.113052880190101124e-17
887 2.834550471085715895 0.6238272688876197458 2.347254965385709384e-17 2.658753113275852337e-17 0.1083269715377428027 1.521222794318128538e-16 -4.111111106591140786e-17
888 2.83768025734954854 0.6241665230542743359 2.392457482020362796e-17 2.642296838254378453e-17 0.1084021044095508368 1.444358952499967121e-16 -5.258284255316334747e-17
889 2.84080984757754651 0.6245059918496779217 2.433580414192238228e-17 2.627226884537749686e-17 0.1084774859676361503 1.314086112780609194e-16 -4.815614026864607087e-17
890 2.843939241593046674 0.6248456762088898664 2.469431443114153285e-17 2.621107322058079328e-17 0.108553181916444183 1.145693982932109958e-16 -1.955633107882619253e-17
891 2.847068439219638147 0.6251855774103712848 2.500185424606286207e-17 2.628975671639046023e-17 0.1086293020673036042 9.828690015571170763e-17 2.514652256822568001e-17
892 2.850197440281164063 0.6255256970401343874 2.528368011754002015e-17 2.650058843102231601e-17 0.1087059448007982321 9.007462359515336684e-17 6.738411643277490141e-17
893 2.853326244601722017 0.6258660367189167184 2.557898573819682706e-17 2.67743621857393939e-17 0.1087831213188813345 9.438883903573562917e-17 8.750658659569160786e-17
894 2.856454852005665401 0.6262065976918029797 2.591559794305444741e-17 2.701362832841734975e-17 0.1088607116485502263 1.075984833489124389e-16 7.648170119019280795e-17
895 2.859583262317603403 0.6265473804947853109 2.628795919132682092e-17 2.71347743589051543e-17 0.1089384891955785806 1.190332125528983469e-16 3.872691173933998857e-17
896 2.86271147536240278 0.6268883848949834414 2.665316957797467991e-17 2.710034404741187224e-17 0.1090162081974429542 1.167546563139158019e-16 -1.100707792589524368e-17
897 2.865839490965188752 0.6272296101534660107 2.695684030087157721e-17 2.691889064646775047e-17 0.1090937068566012746 9.70870825095699661e-17 -5.801277495916286325e-17
898 2.868967308951345441 0.6275710554845658207 2.715407791143589058e-17 2.662817723027053688e-17 0.1091709701923053583 6.306315928925457291e-17 -9.295035779796262114e-17
899 2.872094929146515874 0.6279127204792953609 2.723495573056103897e-17 2.627556950178952258e-17 0.1092481186078875788 2.586085701734041863e-17 -1.127470813146744072e-16
900 2.875222351376603314 0.6282546052871672559 2.721395306518003906e-17 2.590561869672329728e-17 0.1093253306782024509 -6.716073031129551528e-18 -1.183000623814862294e-16
901 2.878349575467772592 0.6285967104934877536 2.710628479976258745e-17 2.55635457713697196e-17 0.1094027457826848709 -3.443152472603232604e-17 -1.093924225652915976e-16
902 2.881476601246449665 0.628939036786444472 2.690408331392180676e-17 2.529066536393963579e-17 0.1094803968665443161 -6.466666269087804343e-17 -8.727070025650463962e-17
903 2.884603428539321612 0.6292815846239603328 2.658235087982645701e-17 2.511521251276762852e-17 0.1095582103320763695 -1.029007508582846277e-16 -5.611566697212682652e-17
904 2.887730057173338416 0.6296243541127701793 2.612636076083793213e-17 2.503643354815977812e-17 0.1096360738851638178 -1.458501062912767268e-16 -2.519773978229737353e-17
905 2.890856486975712958 0.6299673451487241005 2.555793086514048778e-17 2.500735339361349907e-17 0.1097139200824751026 -1.818259534847393844e-16 -9.301985817218887716e-18
906 2.893982717773920577 0.6303105577536692872 2.494005893330672416e-17 2.494707722813926635e-17 0.1097917892301451676 -1.976537689282974335e-16 -1.928200759527844577e-17
907 2.897108749395699956 0.6306539922692102618 2.434803829503855159e-17 2.478115478593996864e-17 0.1098697836312334808 -1.893961628443217927e-16 -5.30810445632994967e-17
908 2.900234581669054013 0.6309976492179559804 2.384534887212246072e-17 2.4474373259296249e-17 0.109947961223050561 -1.608280507050494121e-16 -9.815021497013706709e-17
909 2.90336021442224812 0.6313415289480380777 2.345232108909862232e-17 2.405904315676859611e-17 0.1100262662192359187 -1.257514639674022311e-16 -1.328872173380576871e-16
910 2.906485647483812329 0.6316856313059834305 2.314356373079346895e-17 2.361039359526380246e-17 0.1101045381462842643 -9.879498222111051763e-17 -1.435571469314368157e-16
911 2.909610880682540479 0.6320299554534276609 2.28718266794699717e-17 2.321180760797489287e-17 0.1101825578384942328 -8.695493358962661127e-17 -1.275461623126326889e-16
912 2.912735913847489311 0.6323744997303294424 2.259962838923359693e-17 2.291525025415671005e-17 0.1102600623003138214 -8.710810903430280269e-17 -9.490342606078066612e-17
913 2.915860746807979798 0.6327192617557372278 2.231500261494214745e-17 2.272121660591985236e-17 0.1103368207177001237 -9.10909575742419601e-17 -6.209806846733586921e-17
914 2.918985379393595814 0.6330642389243574808 2.202383847900627462e-17 2.260533330014495777e-17 0.1104127611478437077 -9.318946040540463218e-17 -3.708939873534166964e-17
915 2.922109811434185023 0.6334094290330612997 2.173466619142427854e-17 2.254369251645314814e-17 0.1104880121607252907 -9.255789902808515698e-17 -1.972990385996350718e-17
916 2.925234042759857545 0.6337548301749724722 2.146386271958444892e-17 2.252811241588015981e-17 0.1105626684567014018 -8.668400546762030587e-17 -4.987179499876211164e-18
917 2.9283580732009864 0.6341004410795854085 2.122617296169564276e-17 2.257514517574844806e-17 0.1106369336388390995 -7.608922525066307834e-17 1.50561231226993858e-17
918 2.931481902588206179 0.6344462612891098585 2.104183326225020669e-17 2.27045148258362893e-17 0.1107110678175893814 -5.901461049613760351e-17 4.141646933852872707e-17
919 2.934605530752413038 0.6347922910170308297 2.09389402209854736e-17 2.291448623180295591e-17 0.1107852858866574391 -3.294235746954372559e-17 6.722469302797580701e-17
920 2.937728957524764262 0.6351385306568766431 2.094286978463202318e-17 2.317097969706841594e-17 0.1108596455116837159 1.258174924933453658e-18 8.212455006034688351e-17
921 2.940852182736676923 0.6354849803283830756 2.106136020204631117e-17 2.342180916028034261e-17 0.1109340590538361593 3.794093065695923159e-17 8.031622706815069986e-17
922 2.943975206219827889 0.6358316397438164014 2.125577288910017429e-17 2.361972613433385127e-17 0.1110083960452280943 6.225545766214087238e-17 6.337761174708501349e-17
923 2.947098027806152487 0.6361785084121858169 2.145502745655118368e-17 2.375203341908432391e-17 0.11108259138196791 6.38100690996309757e-17 4.23706070596754198e-17
924 2.950220647327844059 0.6365255859958622864 2.157840270069098311e-17 2.384531766863343723e-17 0.1111566941557245447 3.95127341096718862e-17 2.987565110613089918e-17
925 2.953343064617352631 0.6368728726372262505 2.157218178495725623e-17 2.39625133903696586e-17 0.1112308580914142669 -1.99246879309587361e-18 3.753608443493275033e-17
926 2.956465279507384025 0.6372203689924275105 2.140674346954108034e-17 2.417409065794189467e-17 0.1113052477672796664 -5.29909232484865414e-17 6.776951710878455283e-17
927 2.959587291830898526 0.6375680759913715523 2.10919959750152902e-17 2.453104729532503747e-17 0.1113799509215336742 -1.008221307003281704e-16 1.143428601483086881e-16
928 2.962709101421109548 0.6379159945206525073 2.0666272650562015e-17 2.503404040905146867e-17 0.1114549537435065296 -1.363795528008444727e-16 1.611327638672618194e-16
929 2.965830708111483194 0.6382641252581692237 2.019089537307578482e-17 2.561679774459330438e-17 0.1115301894352254131 -1.522959971573693695e-16 1.866972060306067054e-16
930 2.968952111735736032 0.6386124687272378697 1.974140979746958309e-17 2.615960100095141722e-17 0.1116056085186143965 -1.440104828719432418e-16 1.739084929414500879e-16
931 2.972073312127834654 0.6389610254457734895 1.939868899706562755e-17 2.65292536977745686e-17 0.1116812093020281421 -1.098113202433240107e-16 1.184405808512664114e-16
932 2.975194309121993008 0.6393097960143215852 1.922290915811308897e-17 2.662986699666420255e-17 0.111757018301673644 -5.632536816585334708e-17 3.223965351265243212e-17
933 2.978315102552671512 0.6396587810957845566 1.923915532382902291e-17 2.645500160125715798e-17 0.1118330555439763507 5.206120402826938477e-18 -5.603600989272827623e-17
934 2.98143569225457572 0.6400079813725236821 1.942787135294516815e-17 2.608590597228079381e-17 0.1119093273130279814 6.047842822114314822e-17 -1.182852543492566699e-16
935 2.984556078062654105 0.6403573975905246796 1.973433138648535383e-17 2.565509555668274352e-17 0.1119858540495104332 9.82186481909002502e-17 -1.380722182850383696e-16
936 2.987676259812096724 0.6407070307056020875 2.008631564048715865e-17 2.527638812700407764e-17 0.1120627030602819041 1.128162786564531333e-16 -1.213814607618165304e-16
937 2.990796237338333441 0.6410568820346009833 2.041529029248359565e-17 2.500538239369016883e-17 0.1121399901355655537 1.054482609378685314e-16 -8.686712823835713667e-17
938 2.993916010477032152 0.6414069532390498374 2.068328371722502166e-17 2.482802157772281519e-17 0.1122178258559531766 8.590720712239906606e-17 -5.685427680700043248e-17
939 2.997035579064096122 0.6417572460430169823 2.089214933671381955e-17 2.468994375973915472e-17 0.112296230382135806 6.69577606487704659e-17 -4.426473591049890705e-17
940 3.000154942935663094 0.6421077617831985052 2.108123077094050529e-17 2.452646631106621835e-17 0.1123750796388059969 6.061936396476827199e-17 -5.241074567509243232e-17
941 3.003274101928102624 0.6424585010322234613 2.130029967808203682e-17 2.429406364066156549e-17 0.1124541287423532071 7.02379421625246235e-17 -7.45130175490958933e-17
942 3.006393055878015197 0.642809463507640233 2.15874596277944473e-17 2.398648961646782998e-17 0.1125331035621166265 9.207537165192498078e-17 -9.862096931162876837e-17
943 3.00951180462222867 0.6431606483278657915 2.195536393327036248e-17 2.361972306299531989e-17 0.1126118119686497498 1.179731243625546854e-16 -1.176082899298137282e-16
944 3.012630347997796942 0.6435120544892402039 2.239577524873102404e-17 2.322809243154033209e-17 0.1126902147655000075 1.412327135366973694e-16 -1.255895451428719974e-16
945 3.015748685841997734 0.6438636813196138009 2.289132214639184185e-17 2.284882573944708627e-17 0.1127684182134499752 1.589242770252187846e-16 -1.21632655002354633e-16
946 3.018866817992331253 0.6442155286938782144 2.34212211118849345e-17 2.250994148457037804e-17 0.1128465977276571358 1.699523707411962509e-16 -1.086889884179457472e-16
947 3.021984744286516644 0.6445675969203268352 2.395617937411563717e-17 2.223039218347854102e-17 0.1129248923201166266 1.715863563364660172e-16 -8.966465120239274949e-17
948 3.025102464562490656 0.6449198864368860251 2.447773767287634339e-17 2.201807461676784994e-17 0.1130033436002086805 1.672994195741139977e-16 -6.810476558514821837e-17
949 3.028219978658405864 0.6452723975407668178 2.496505918786510118e-17 2.187503435502388281e-17 0.1130819064634917132 1.563276883165640637e-16 -4.588583259072137377e-17
950 3.031337286412627563 0.6456251303568371069 2.538589838492802296e-17 2.179612549400563374e-17 0.1131605256471300558 1.350097937671364614e-16 -2.531482125910595041e-17
951 3.034454387663732433 0.6459780850298284527 2.569705454826969318e-17 2.177095321575581392e-17 0.1132392075398138548 9.982890170943958021e-17 -8.076076219144929966e-18
952 3.037571282250505877 0.6463312618093478568 2.585811524303866479e-17 2.178307912012186716e-17 0.1133179858084107788 5.167687849964794475e-17 3.890638169180089513e-18
953 3.040687970011940244 0.6466846609236477361 2.587037803204642254e-17 2.181807884289371204e-17 0.1133968536246495323 3.934819397886104045e-18 1.123052741070202109e-17
954 3.043804450787232607 0.6470382823254792193 2.579355826032049349e-17 2.185889551802072461e-17 0.1134757226040083583 -2.465116382019294562e-17 1.309791115679562774e-17
955 3.046920724415782544 0.6473921255092072169 2.572010420318452171e-17 2.189616484520334605e-17 0.1135544456473895486 -2.357268734343991923e-17 1.196037675019148839e-17
956 3.050036790737190362 0.647746189245258841 2.572989202856065801e-17 2.193537434957215302e-17 0.1136327903908951886 3.141292925822828937e-18 1.258385126067387588e-17
957 3.053152649591255319 0.6481004713432146902 2.582804722059556764e-17 2.199808295107121733e-17 0.1137104483703931107 3.150390877938911697e-17 2.012696445652014439e-17
958 3.05626830081797296 0.6484549688255480948 2.594199478872820342e-17 2.211732456086138589e-17 0.1137871668064580066 3.657507200602160659e-17 3.827436193383939177e-17
959 3.059383744257534232 0.6488096786196155819 2.596416199161898397e-17 2.231742383352252799e-17 0.1138629149830467646 7.115739064382550785e-18 6.423247074720136735e-17
960 3.062498979750321926 0.6491645982440019669 2.581663900489202503e-17 2.259865807856758973e-17 0.1139378825092555447 -4.735848787784851808e-17 9.028307303358413452e-17
961 3.065614007136911123 0.6495197255505328338 2.549207379206329474e-17 2.292298857629401134e-17 0.114012176218802691 -1.042003404385107526e-16 1.041249861103206331e-16
962 3.068728826258066089 0.6498750593526453345 2.505922013677683232e-17 2.322804886478466708e-17 0.1140861047231765957 -1.389752034656819257e-16 9.794491774415291567e-17
963 3.071843436954738493 0.6502305994559927083 2.462643987709667496e-17 2.345123428236686231e-17 0.1141599865431115746 -1.389609446474517716e-16 7.166236390189894722e-17
964 3.074957839068066967 0.6505863463196311924 2.428085593510768398e-17 2.355489529205599654e-17 0.1142340314882669128 -1.109706112577970963e-16 3.328663230877263169e-17
965 3.078072032439374439 0.6509423004142654845 2.406350661870317813e-17 2.353133068458958943e-17 0.1143082433367484801 -6.979781641272294285e-17 -7.56734906272825371e-18
966 3.081186016910167691 0.6512984617710775304 2.396572935090428333e-17 2.340038214698404001e-17 0.1143824809725082076 -3.140151580074923709e-17 -4.205458656467161131e-17
967 3.08429979232213558 0.6516548299586797377 2.396560978487558766e-17 2.320341693331217996e-17 0.1144565958395428046 -3.840163375557556484e-20 -6.326032637025544229e-17
968 3.08741335851714771 0.6520114044015650201 2.403183119970427097e-17 2.29838592885206035e-17 0.114530541627148888 2.127010126209346449e-17 -7.05211954420634438e-17
969 3.090526715337253538 0.6523681848054193599 2.41334659337506291e-17 2.277080551488166243e-17 0.1146044086301502424 3.26469404312426534e-17 -6.843677923601717605e-17
970 3.093639862624681935 0.6527251714581746578 2.423555159695921943e-17 2.256904716824913905e-17 0.1146783838780811443 3.279399603185565953e-17 -6.481284649482420695e-17
971 3.096752800221839408 0.6530823651794575024 2.430039337478890623e-17 2.236318022958593508e-17 0.114752638210552621 2.083117543470552004e-17 -6.613714890364392056e-17
972 3.099865527971309653 0.653439767012374384 2.429780751496137766e-17 2.212843457548436454e-17 0.1148272434891394328 -8.307936017593400528e-19 -7.541986050139917922e-17
973 3.102978045715852673 0.6537973778930191715 2.422807268131121122e-17 2.185206403500478755e-17 0.1149021654059751291 -2.240615099905151906e-17 -8.879923759106918196e-17
974 3.106090353298405216 0.6541551985263068802 2.411212488986119858e-17 2.154993209066040286e-17 0.1149773297462043653 -3.725712329219489112e-17 -9.708306609533162366e-17
975 3.109202450562079445 0.6545132294788338356 2.397143622909381304e-17 2.127012242125252825e-17 0.1150526921152978804 -4.521008325436183264e-17 -8.991640392555364463e-17
976 3.112314337350162496 0.6548714713338880111 2.379875058347833984e-17 2.107070025221131133e-17 0.1151282579225450658 -5.549602110265255767e-17 -6.408834308146200208e-17
977 3.11542601350611692 0.6552299247589082887 2.355316483296288386e-17 2.099887043299660736e-17 0.1152040542596461381 -7.892928942213100007e-17 -2.308552747069831694e-17
978 3.118537478873580238 0.6555885904687447363 2.317511653222618948e-17 2.106306214481867524e-17 0.1152800964170082876 -1.215099279467795478e-16 2.063209982184929207e-17
979 3.121648733296364941 0.6559474691947614344 2.261675784127717087e-17 2.123542051003390423e-17 0.1153563897577345176 -1.794763470452553888e-16 5.540211027958304089e-17
980 3.124759776618459384 0.6563065617668891738 2.186633054247837582e-17 2.147805659121488657e-17 0.1154329660229716364 -2.412304113439840028e-16 7.799716476715488776e-17
981 3.127870608684026443 0.6566658692962132893 2.096457470208582096e-17 2.175975456103939003e-17 0.1155099156606542721 -2.898957927939427921e-16 9.056005254722676218e-17
982 3.130981229337405747 0.6570253933103901156 1.998524682117733759e-17 2.207204364473012287e-17 0.1155873726799801354 -3.148550090754004532e-16 1.004012896971558833e-16
983 3.13409163842311278 0.6573851356547641966 1.900824204431935332e-17 2.241876487591801885e-17 0.1156654393335845576 -3.141295110613621843e-16 1.114788519027666207e-16
984 3.137201835785840665 0.6577450981234752581 1.810151265194051101e-17 2.279348207195145545e-17 0.1157440992864058882 -2.91554220064123943e-16 1.204884067423034415e-16
985 3.140311821270459713 0.6581052819711047386 1.731269488729385519e-17 2.31574336756968029e-17 0.1158231791607933492 -2.536576303495836083e-16 1.170347645622928161e-16
986 3.143421594722019208 0.6584656875601848647 1.667186281314285269e-17 2.344144999982655785e-17 0.1159023921747323188 -2.060844022035768217e-16 9.133646197700402141e-17
987 3.146531155985748285 0.6588263143363176644 1.619239109742942781e-17 2.358737223552306332e-17 0.1159814434660039334 -1.542032521431302001e-16 4.693015785282881431e-17
988 3.149640504907056382 0.6591871611478495874 1.587517219938907879e-17 2.358240257027999218e-17 0.1160601409095363967 -1.02027976496269726e-16 -1.598406941536726713e-18
989 3.152749641331534569 0.6595482267539672927 1.570373037488008339e-17 2.346905233123983113e-17 0.116138455759007192 -5.514507173659861265e-17 -3.645963918741555313e-17
990 3.155858565104956881 0.659909510262427057 1.564606856155048642e-17 2.33194640620318759e-17 0.116216500067361353 -1.8548463950851043e-17 -4.811906630501008267e-17
991 3.158967276073282093 0.6602710113136024406 1.565690725782307369e-17 2.319644317281330861e-17 0.1162944451260438383 3.486795307543112269e-18 -3.957566929354797661e-17
992 3.162075774082654167 0.6606327300231793487 1.568405071656110159e-17 2.31183731674373706e-17 0.1163724438371274983 8.732616101697865527e-18 -2.51167470065423547e-17
993 3.165184058979404469 0.660994666786854479 1.568642976202413733e-17 2.306958715173308209e-17 0.1164505863076265579 7.654410019301090208e-19 -1.569655448838787657e-17
994 3.168292130610053103 0.6613568221708742145 1.564056877331037988e-17 2.303441344384641871e-17 0.1165289274484813953 -1.475646107265846103e-17 -1.131766814819870347e-17
995 3.171399988821310245 0.661719196753867811 1.555907387792675729e-17 2.301633870683624194e-17 0.1166074712896819771 -2.622400720049429277e-17 -5.816217460868608566e-18
996 3.174507633460077916 0.6620817908568138455 1.549409163687416959e-17 2.302411450189619714e-17 0.1166861349629521455 -2.091188601262468757e-17 2.502322747221431818e-18
997 3.177615064373452203 0.6624446043085127078 1.552589301548366352e-17 2.305089047795864427e-17 0.1167647600989359657 1.023468211215941098e-17 8.617349788733005305e-18
998 3.18072228140872415 0.6628076363879429334 1.573323534977122355e-17 2.305306950976631496e-17 0.1168431697317360712 6.67338698986498084e-17 7.013291600950104591e-19
999 3.183829284413381977 0.6631708857733102924 1.615215568945325292e-17 2.294560808341865242e-17 0.1169211704466421586 1.348403009408755684e-16 -3.458922782133950888e-17
1000 3.186936073235113742 0.663534350261105077 1.675549944166728842e-17 2.266079867266319132e-17 0.1169984783405784018 1.94215124986820815e-16 -9.167956924110478612e-17
1001 3.190042647721807345 0.6638980266335818836 1.744990824911445673e-17 2.220119776883273303e-17 0.1170747667709097911 2.235442149344721942e-16 -1.479548100889695964e-16
1002 3.193149007721553634 0.6642619112799745817 1.810199644867418945e-17 2.165789832707108088e-17 0.1171499089998710996 2.099348625879518315e-16 -1.749111450373597694e-16
1003 3.19625515308264907 0.6646260010841207322 1.858583648827798304e-17 2.116787837777805304e-17 0.1172240640379944854 1.557794124987047361e-16 -1.577691252588816248e-16
1004 3.199361083653595283 0.6649902934049203296 1.882333892916248632e-17 2.084534069574251909e-17 0.1172973846473158305 7.647269396718834261e-17 -1.038529345607202071e-16
1005 3.202466799283103516 0.6653547864529583133 1.881431282459447115e-17 2.071253280378980311e-17 0.1173701449078217995 -2.906489456530572108e-18 -4.276537401000534712e-17
1006 3.205572299820095061 0.6657194796212384524 1.863303851443714357e-17 2.070645903578900142e-17 0.117442725481881019 -5.837605663172239064e-17 -1.955945243840531285e-18
1007 3.208677585113703046 0.666084373295155574 1.839230043094846669e-17 2.071956257921934661e-17 0.1175154459380789856 -7.753064867293970946e-17 4.220047810244290512e-18
1008 3.211782655013275534 0.6664494682207078302 1.821222162608256955e-17 2.065759117606212135e-17 0.1175884224496781677 -5.799911502131178472e-17 -1.995952018020474305e-17
1009 3.214887509368375973 0.6668147647898138297 1.818241608468024413e-17 2.04956714176418325e-17 0.1176615410238243536 -9.600325404177557664e-18 -5.215413970233192956e-17
1010 3.217992148028785859 0.6671802627630152305 1.833758725464689363e-17 2.027512089046857828e-17 0.1177345983126263651 4.998390334617457181e-17 -7.104397186374989829e-17
1011 3.221096570844506513 0.6675459614995022939 1.86642923958673976e-17 2.007955430990249356e-17 0.1178074650127021727 1.052459323855546503e-16 -6.300049958883420533e-17
1012 3.224200777665760853 0.6679118604430677175 1.910366281312873296e-17 1.999688323013108477e-17 0.1178801683423837954 1.415501729705378507e-16 -2.663380414695451792e-17
1013 3.22730476834299429 0.668277959591673465 1.957427978142043865e-17 2.00770788503802545e-17 0.1179528868163582794 1.516273124539665656e-16 2.583809592140214885e-17
1014 3.23040854272687783 0.6686442596591252174 1.99916007661900543e-17 2.030510293753271338e-17 0.1180258510923512111 1.344653435331904983e-16 7.347183183161635217e-17
1015 3.23351210066830852 0.6690107618152919544 2.029855853067441894e-17 2.060421597597755071e-17 0.1180992081823476758 9.891202090101591769e-17 9.638418875027100866e-17
1016 3.236615442018411226 0.6693774672550212301 2.048812870602848854e-17 2.08741295454926092e-17 0.1181729662199552666 6.109009439557039165e-17 8.698122164798748791e-17
1017 3.239718566628541296 0.6697443768953066368 2.060405269449117452e-17 2.102955137148761515e-17 0.1182470357446554904 3.735979244576178714e-17 5.008909059908479263e-17
1018 3.242821474350284561 0.6701114913762210579 2.071768455224395991e-17 2.104296223471763494e-17 0.1183213275717527185 3.662365001310724444e-17 4.322333287716281175e-18
1019 3.245924165035459996 0.670478811266332464 2.089349608921101272e-17 2.094498560271346239e-17 0.1183958187018514518 5.666818328333268997e-17 -3.158016723860697682e-17
1020 3.249026638536119282 0.6708463372510896638 2.116121650871438922e-17 2.081304305777640758e-17 0.1184705468546217721 8.629861783424558636e-17 -4.253115725248987334e-17
1021 3.252128894704550355 0.6712140701640020302 2.151261328490724057e-17 2.073543738399789067e-17 0.1185455598115899706 1.132793015992532428e-16 -2.501763567957467143e-17
1022 3.255230933393277404 0.6715820109090037127 2.191413977612082375e-17 2.077906132531200971e-17 0.1186208803386023664 1.294486313735409555e-16 1.406397740075552905e-17
1023 3.258332754455061764 0.6719501604316970855 2.232419829450746746e-17 2.09592957179725115e-17 0.1186965219364386342 1.322085645169687282e-16 5.811007273787396375e-17
1024 3.261434357742903245 0.6723185198211101277 2.271003197380885025e-17 2.124060518320974041e-17 0.1187725309198917334 1.244068806764692827e-16 9.070445363478120614e-17
1025 3.26453574311004191 0.6726870904697641596 2.304066788392896126e-17 2.157542368379374724e-17 0.1188490052323196988 1.066165988945557691e-16 1.079653137684714866e-16
1026 3.267636910409958517 0.6730558741324438321 2.326602678651742952e-17 2.193443617228536387e-17 0.1189260617967519418 7.267417049046607761e-17 1.157750348318446211e-16
1027 3.270737859496374966 0.6734248727328502326 2.332436035399479844e-17 2.231285162123496878e-17 0.1190037552140504051 1.881284529858492204e-17 1.220407324212671194e-16
1028 3.273838590223255185 0.6737940879339754385 2.3176432409553242e-17 2.272435018834051527e-17 0.1190820015347113653 -4.771080836685360364e-17 1.327195436435225116e-16
1029 3.27693910244480735 0.6741635206662623947 2.282284235050957353e-17 2.316824019059486699e-17 0.1191605645934072366 -1.140505087609111853e-16 1.431767644370860967e-16
1030 3.280039396015482556 0.6745331708625671441 2.230941815884178377e-17 2.360038673084366802e-17 0.1192391226644289454 -1.656167121812725028e-16 1.393987473477448023e-16
1031 3.283139470789976588 0.6749030375449849295 2.171650508088205867e-17 2.394582169729612038e-17 0.1193173819408114011 -1.912711783558484439e-16 1.114358167069499042e-16
1032 3.286239326623230372 0.6752731192216836487 2.112188898767741261e-17 2.413600616416290216e-17 0.1193951765583515373 -1.91834121769814027e-16 6.13570177339501315e-17
1033 3.289338963370430857 0.6756434143941936199 2.058021032263876291e-17 2.413198943892533683e-17 0.1194725042783652547 -1.747678917541859158e-16 -1.29596132695257157e-18
1034 3.292438380887010574 0.6760139220236495161 2.011397660276240423e-17 2.395379622485067705e-17 0.1195495133008714073 -1.504368867586714189e-16 -5.749655424756127267e-17
1035 3.295537579028648967 0.6763846417624853613 1.972232268156251958e-17 2.367257390060369107e-17 0.1196264266327713571 -1.263816143618028499e-16 -9.074677772668976549e-17
1036 3.298636557651272394 0.6767555740347690474 1.93918966228132386e-17 2.338111308320404179e-17 0.1197034932687041087 -1.066317396860361222e-16 -9.405727298651329071e-17
1037 3.301735316611054571 0.6771267198615389393 1.911455505497128567e-17 2.316861881190114006e-17 0.1197809059043767471 -8.950720133421293297e-17 -6.85788562885548184e-17
1038 3.304833855764417017 0.6774980802769470234 1.88754996497682755e-17 2.308641212516596927e-17 0.1198586688470321127 -7.715648049572541727e-17 -2.653267185619165422e-17
1039 3.307932174968029049 0.6778696556678442953 1.864729169120829516e-17 2.313958249148745108e-17 0.1199365732375997501 -7.366063847538152592e-17 1.716225479568823528e-17
1040 3.311030274078807789 0.6782414454022330785 1.839736929593768512e-17 2.327860740490015596e-17 0.1200142902215370205 -8.06753282959101807e-17 4.487745293388386814e-17
1041 3.314128152953919493 0.678613447906343259 1.809221938422401757e-17 2.343282715265295269e-17 0.1200915157327166333 -9.850986221464901536e-17 4.978591019931627178e-17
1042 3.317225811450779105 0.6789856604734514356 1.770718004879906327e-17 2.354293972129880433e-17 0.1201678838961949408 -1.243089735370653691e-16 3.554956370052011521e-17
1043 3.320323249427049817 0.6793580791810370778 1.722819960378497967e-17 2.359561946082603947e-17 0.1202430019847022108 -1.546486398973854732e-16 1.700873209509789784e-17
1044 3.323420466740644841 0.6797306995024033904 1.666595095266078814e-17 2.36299394027891815e-17 0.1203166746471224374 -1.815464271514609527e-16 1.108168571146563059e-17
1045 3.326517463249725637 0.6801035173500872277 1.606409175678355945e-17 2.370509122170518361e-17 0.1203890434104467333 -1.943502793913682146e-16 2.426776412680069943e-17
1046 3.32961423881270413 0.6804765298385349048 1.55079643699202054e-17 2.386396745968019899e-17 0.1204604961399882018 -1.795955444209903079e-16 5.130742547245284859e-17
1047 3.33271079328824138 0.6808497347112044684 1.510305806630994041e-17 2.411360106575917889e-17 0.1205312357868044831 -1.307696140270659196e-16 8.062233169517185058e-17
1048 3.335807126535248468 0.681223131133715798 1.494331472146366066e-17 2.442247538048875583e-17 0.1206017215360333517 -5.159482317162201035e-17 9.976200051441255053e-17
1049 3.338903238412886054 0.6815967194873535639 1.506202839209589335e-17 2.474612094353664145e-17 0.1206723460035543372 3.83455667137178133e-17 1.045403824459112086e-16
1050 3.341999128780566153 0.681970500815649916 1.542067886990025771e-17 2.505917900715511569e-17 0.1207433231460739165 1.158555745291126368e-16 1.011277666309814947e-16
1051 3.345094797497950356 0.6823444759663722659 1.592786164276057953e-17 2.536304584475462561e-17 0.1208145897964368332 1.63847995078250324e-16 9.816573979960384349e-17
1052 3.348190244424952056 0.6827186450414107766 1.648637308557386959e-17 2.568768241773211144e-17 0.1208859050399975765 1.804429220472972757e-16 1.048830289607172584e-16
1053 3.351285469421734664 0.6830930074543414277 1.702704945279985752e-17 2.60699932421944322e-17 0.1209570464917309462 1.746933298553290993e-16 1.23525189953685913e-16
1054 3.354380472348713838 0.6834675624540329508 1.753426509468127151e-17 2.654214772625473759e-17 0.1210279608930154294 1.638938872008064337e-16 1.525647621293724277e-16
1055 3.35747525306655703 0.683842309723200148 1.802334662622314193e-17 2.711094843741183562e-17 0.1210987883910564361 1.58045663750356236e-16 1.838067482390762059e-16
1056 3.360569811436183496 0.6842172497710369283 1.850376863618525744e-17 2.776065007776548306e-17 0.1211697960610112895 1.55258520145249362e-16 2.099648082842889495e-16
1057 3.363664147318766062 0.6845923838413426887 1.895148597179952643e-17 2.845638077106785433e-17 0.121241221361714932 1.446997244223599693e-16 2.248562465308794028e-16
1058 3.366758260575730244 0.6849677134603526785 1.932327915121271528e-17 2.914433701076593787e-17 0.12131315567121638 1.201701159919473444e-16 2.223595958709781722e-16
1059 3.369852151068755131 0.6853432399553466281 1.960334438011579303e-17 2.97562230942945115e-17 0.121385534788561178 9.052854602610113869e-17 1.977866288235916711e-16
1060 3.372945818659774719 0.685718964253026253 1.982101571633590546e-17 3.022375546612361364e-17 0.1214582293170558686 7.036535894443197222e-17 1.511364965786267981e-16
1061 3.376039263210977914 0.6860948870181974302 2.005564205537667749e-17 3.049160235464576987e-17 0.1215311546568897949 7.585177738188771752e-17 8.659156786776203024e-17
1062 3.379132484584809415 0.6864710089271357507 2.039732139155319246e-17 3.054312117094118407e-17 0.1216043145660110625 1.104686552144666716e-16 1.665659509317036987e-17
1063 3.382225482643970604 0.6868473308423731494 2.089142604846524362e-17 3.040708813649958093e-17 0.1216777693178313219 1.597609653551300733e-16 -4.398414100850307318e-17
1064 3.385318257251420437 0.6872238538097685812 2.151036481528935236e-17 3.014733745189164972e-17 0.1217515782561132548 2.00138579131040124e-16 -8.399236844138477276e-17
1065 3.388410808270376329 0.6876005789783518063 2.217375305157706147e-17 2.98374396202075642e-17 0.1218257748206977575 2.145271742703348947e-16 -1.002150814668016344e-16
1066 3.391503135564315041 0.6879775075714608112 2.279579740350265192e-17 2.953482468321014009e-17 0.1219003831268862387 2.011719095019831612e-16 -9.786701628451867529e-17
1067 3.394595238996973574 0.6883546409637411045 2.333561482544954375e-17 2.92823827454453138e-17 0.1219754522007333447 1.745920024468769011e-16 -8.164675985627412543e-17
1068 3.397687118432351383 0.6887319807960381457 2.380593566058532162e-17 2.911453170631428948e-17 0.122051068244627206 1.521258966926315482e-16 -5.429164079287545899e-17
1069 3.400778773734709493 0.6891095289561920412 2.424469982090909808e-17 2.90582347654278663e-17 0.1221273112736606797 1.419291439845708245e-16 -1.821064104931421662e-17
1070 3.403870204768574492 0.6894872873093237375 2.467655973539616869e-17 2.91324610007788216e-17 0.1222041740741786203 1.397059356282204244e-16 2.401205879499583102e-17
1071 3.406961411398737649 0.689865257239953289 2.509729058782119649e-17 2.932884834400598472e-17 0.1222815012958486797 1.361155904394778973e-16 6.353558105884011916e-17
1072 3.410052393490257128 0.6902434392194098933 2.54595588517799289e-17 2.95987727291924815e-17 0.1223589975807401892 1.172101899117510681e-16 8.733276302979077655e-17
1073 3.413143150908460211 0.690621832642745237 2.570484690140940815e-17 2.986664044592711989e-17 0.1224363147153986336 7.936756557669596655e-17 8.667364189136227805e-17
1074 3.416233683518943742 0.6910004360019631475 2.579073391834291054e-17 3.006610112363873831e-17 0.1225131604405575447 2.779238384749311906e-17 6.454395455059712186e-17
1075 3.419323991187576794 0.6913792473863452637 2.571509082091468873e-17 3.017776159639326141e-17 0.1225894043251237048 -2.447931249521051081e-17 3.613510946606336604e-17
1076 3.422414073780501553 0.6917582651462422794 2.551755915700169244e-17 3.02408456130475505e-17 0.1226651307288278009 -6.392905541829389734e-17 2.0416481675954209e-17
1077 3.425503931164135984 0.6921374885275337618 2.526187390019985099e-17 3.033780445516142405e-17 0.1227406293870380027 -8.275589241877901703e-17 3.138200304307646305e-17
1078 3.428593563205175165 0.692516918035912421 2.501467855087952731e-17 3.05498583821300434e-17 0.1228163080333528751 -8.001386158991956006e-17 6.863904846397150055e-17
1079 3.431682969770593061 0.6928965550290102637 2.483066550984217591e-17 3.091719000033702168e-17 0.1228924424874407034 -5.956693492405957453e-17 1.189090646724495341e-16
1080 3.434772150727644746 0.6932764007496157177 2.473127721742070966e-17 3.141071678674286015e-17 0.1229689956689188346 -3.217537499392390413e-17 1.597714281559031034e-16
1081 3.437861105943869511 0.6936564553749658968 2.471200604699641239e-17 3.194107279809342053e-17 0.1230456226876098652 -6.239190386360431898e-18 1.717068581986451523e-16
1082 3.440949835287091307 0.6940367176617390221 2.475961799876030744e-17 3.239997219578059181e-17 0.1231218636074647987 1.54158654041244853e-17 1.485830991315059277e-16
1083 3.444038338625421858 0.6944171846893620881 2.486742932252029642e-17 3.270796269119035295e-17 0.1231971752393714453 3.49098596770060643e-17 9.972890232330496456e-17
1084 3.447126615827263318 0.6947978516723004594 2.503918458055993691e-17 3.285364993337927527e-17 0.1232709534487859276 5.561930865387200422e-17 4.717773291323070746e-17
1085 3.4502146667613105 0.6951787126315086551 2.527733566684684624e-17 3.288870345258597476e-17 0.1233428113746053573 7.712584817202911735e-17 1.135217328790212404e-17
1086 3.453302491296552201 0.6955597619225845074 2.555833474708135812e-17 3.288039506025884784e-17 0.1234128569747894172 9.100895897513485164e-17 -2.69089185565317396e-18
1087 3.45639008930227476 0.6959409957195590302 2.582883973995617315e-17 3.287482085925267671e-17 0.1234816788380311281 8.761660408739388826e-17 -1.80548446618645182e-18
1088 3.459477460648064273 0.6963224114398740561 2.601521761083998307e-17 3.288177788832128995e-17 0.1235496794619371647 6.037225258433615456e-17 2.253548203845502887e-18
1089 3.462564605203809709 0.6967040081177687805 2.605247728386665664e-17 3.289083450740767815e-17 0.1236173824198004839 1.207018697014242604e-17 2.933871309386359543e-18
1090 3.465651522839703791 0.697085786294776466 2.591600876981528749e-17 3.28916755504027276e-17 0.1236852759625377968 -4.421191895497193012e-17 2.724740207891775678e-19
1091 3.468738213426247885 0.6974677473993324828 2.564409179869592718e-17 3.288083087361200009e-17 0.1237536474805958631 -8.809985254128939266e-17 -3.513625582795517421e-18
1092 3.471824676834253331 0.6978498928512490984 2.53214134434359401e-17 3.286060640487318605e-17 0.1238224942814417778 -1.045540084241207327e-16 -6.553117804221751519e-18
1093 3.474910912934844109 0.6982322232524079686 2.50442282438988435e-17 3.282846974783111435e-17 0.1238915514213217162 -8.981996801087968756e-17 -1.041366390527428908e-17
1094 3.477996921599459945 0.6986147382350831325 2.488298199379150015e-17 3.279022410613350686e-17 0.1239605047246001013 -5.225459773749798599e-17 -1.239415255108567769e-17
1095 3.481082702699859421 0.698997436944705397 2.484337073804636286e-17 3.276221868577653737e-17 0.1240291963825759791 -1.283765033496617345e-17 -9.076303875336406261e-18
1096 3.484168256108121753 0.6993803187762056561 2.48708014083128974e-17 3.275597547925682475e-17 0.1240977071994665143 8.890688998437647859e-18 -2.023516267755621378e-18
1097 3.487253581696650784 0.6997633839578155657 2.489478024630701262e-17 3.276565173687418474e-17 0.1241663072357049175 7.772472958831158324e-18 3.136451011182552718e-18
1098 3.490338679338177208 0.7001466337090124226 2.486613758864126459e-17 3.275861131164088723e-17 0.1242353178313044121 -9.284884510751555961e-18 -2.282244055722550682e-18
1099 3.493423548905760789 0.7005300698654431946 2.478338046155994022e-17 3.269461013183969444e-17 0.1243049388264822475 -2.682876783206104772e-17 -2.074833738702495733e-17
1100 3.496508190272794803 0.7009136942767276723 2.468414195745080931e-17 3.254940963009341644e-17 0.1243751748819071773 -3.217419418713713615e-17 -4.707556992311286e-17
1101 3.499592603313007366 0.7012975083556192146 2.461544565203451616e-17 3.231964551017283624e-17 0.1244458844818777665 -2.227373345151454127e-17 -7.449752549019854078e-17
1102 3.50267678790046455 0.7016815130281541801 2.459837551039014133e-17 3.201411072774844976e-17 0.1245169099042583299 -5.535144338618793949e-18 -9.907235431434874552e-17
1103 3.505760743909574373 0.702065709012035355 2.4613606650832153e-17 3.16349440497270963e-17 0.1245881836549766197 4.939198227669935031e-18 -1.229572658202958582e-16
1104 3.508844471215088134 0.7024500971553396811 2.461416117799049358e-17 3.117420770210552634e-17 0.1246597480652223977 1.798370138577269683e-19 -1.494200016818088221e-16
1105 3.511927969692103968 0.7028346786037216187 2.45644032559028185e-17 3.062394267983904655e-17 0.1247316997079349898 -1.613803843644362662e-17 -1.784680249291692439e-16
1106 3.515011239216069949 0.7032194547358732173 2.446366172362830758e-17 2.999250395173333524e-17 0.1248041142507312906 -3.267603329103963543e-17 -2.048103938364911013e-16
1107 3.518094279662785873 0.70360442700343373 2.435816629037888413e-17 2.932627250475726849e-17 0.1248770154537909433 -3.422052952455973991e-17 -2.161116571513735455e-16
1108 3.521177090908406804 0.7039895968681514349 2.430619626610489278e-17 2.869257510441579496e-17 0.1249504066992608298 -1.685925162905947671e-17 -2.055735797372762376e-16
1109 3.524259672829446188 0.7043749658810282144 2.434692101381902652e-17 2.815597136296527224e-17 0.1250243170471364296 1.321222931721452332e-17 -1.740890265124694184e-16
1110 3.527342025302777184 0.7047605357921201685 2.446921974033685137e-17 2.775159671462559804e-17 0.125098811190895276 3.968002911381405152e-17 -1.312000400647499345e-16
1111 3.530424148205636659 0.70514630848879023 2.464010654790032389e-17 2.747591473049824488e-17 0.1251739338077914876 5.544864663366466167e-17 -8.945215338210102103e-17
1112 3.533506041415627408 0.7055322856630569239 2.4826332317231962e-17 2.731407091317371828e-17 0.125249621643070963 6.043027594388551095e-17 -5.25183307113409427e-17
1113 3.536587704810720378 0.7059184683222133883 2.502386862472342557e-17 2.726201937433810392e-17 0.1253256526070920807 6.41053295972322965e-17 -1.68919885942709699e-17
1114 3.539669138269257331 0.7063048563831759719 2.524310792200493411e-17 2.732338266306327512e-17 0.1254016728902633826 7.115378920844009641e-17 1.991536446808192122e-17
1115 3.542750341669953951 0.7066914485902211496 2.548539424349820544e-17 2.749486664717683476e-17 0.1254773018769518023 7.863954148231393139e-17 5.565903101395366567e-17
1116 3.545831314891902064 0.7070782429464103069 2.572031855213161524e-17 2.774479169143266709e-17 0.1255522988766996639 7.625573263669042541e-17 8.112492685346333327e-17
1117 3.548912057814570975 0.7074652374888625861 2.588004850093308649e-17 2.801370233904583466e-17 0.1256266747968865227 5.185174500459188618e-17 8.72941263281072196e-17
1118 3.551992570317811015 0.7078524312523756246 2.589077298760013911e-17 2.823971610011986021e-17 0.125700753383149566 3.481657456113998134e-18 7.337437407100490507e-17
1119 3.555072852281856211 0.7082398246675228881 2.571485487522627489e-17 2.838508375089324467e-17 0.1257749877281079398 -5.711531884598848055e-17 4.719650303073447081e-17
1120 3.558152903587325167 0.7086274189897170395 2.536590091109884214e-17 2.845770751177218762e-17 0.1258496456800267393 -1.133033438040899012e-16 2.35805171830867533e-17
1121 3.56123272411522418 0.7090152151990214424 2.492497308596803264e-17 2.850443912527725787e-17 0.1259246379158570628 -1.431774612398169446e-16 1.517462360038381612e-17
1122 3.564312313746949012 0.7094032130853044071 2.451185284407109681e-17 2.85839360612110536e-17 0.1259995779960337015 -1.341578858567914739e-16 2.581606945232070566e-17
1123 3.56739167236428667 0.7097914106507051679 2.425569037548515194e-17 2.873948096392723537e-17 0.1260738853052605635 -8.319319996423372952e-17 5.051590214021969925e-17
1124 3.570470799849418508 0.7101798033574963087 2.425679738271517344e-17 2.898422865589735696e-17 0.1261467347657292681 3.59546780841614285e-19 7.949202352062751601e-17
1125 3.573549696084920679 0.7105683841042716997 2.454932939980380844e-17 2.930472158505136712e-17 0.1262172933168215772 9.501911690642346071e-17 1.041012720796984824e-16
1126 3.576628360953767238 0.7109571450609862842 2.508895473574376703e-17 2.967889138567108886e-17 0.1262853237421636687 1.752921919540362052e-16 1.215455245432232965e-16
1127 3.579706794339331033 0.7113460796581732026 2.57644168470514792e-17 3.010644209415358103e-17 0.1263512349804183921 2.19433993693264304e-16 1.388962576850717305e-16
1128 3.582784996125385479 0.7117351843054952054 2.644009274807156026e-17 3.06076208753744208e-17 0.1264159944319305506 2.195199711157846558e-16 1.628276980299949623e-16
1129 3.585862966196107227 0.7121244570167764021 2.701467463029384088e-17 3.121047597323336538e-17 0.126480123041641801 1.866896524078921529e-16 1.958760137655591648e-16
1130 3.588940704436076157 0.7125138983065655296 2.744862271625412181e-17 3.193153641198944024e-17 0.1265444332389819015 1.410064007920496338e-16 2.343002320140122194e-16
1131 3.592018210730278049 0.7129035102065187646 2.776537802281378048e-17 3.276085851087606435e-17 0.1266094180591265106 1.029337272179664468e-16 2.694989253054527971e-16
1132 3.59509548496410547 0.7132932951433668123 2.801796280696577141e-17 3.365030321207371155e-17 0.1266752060394658319 8.208688061068038809e-17 2.890583502174845227e-16
1133 3.598172527023359102 0.713683254822493951 2.824768850340836729e-17 3.453234101647122695e-17 0.1267415629060203164 7.466360079067810253e-17 2.866728430020423835e-16
1134 3.601249336794249079 0.7140733896216672205 2.846715695647078466e-17 3.533433792213519927e-17 0.1268080572540197792 7.133526212059316331e-17 2.606782828563214118e-16
1135 3.604325914163396316 0.7144636988481878337 2.866805741961508373e-17 3.600841885001767723e-17 0.1268743411381745567 6.530492277369765499e-17 2.191174786240742907e-16
1136 3.607402259017833845 0.7148541815711116909 2.885302084800092747e-17 3.652142260991373659e-17 0.1269403370509348261 6.012895977980431161e-17 1.667701702702638597e-16
1137 3.610478371245006812 0.7152448374757659488 2.904924824328864354e-17 3.686454488691071655e-17 0.1270062452732320102 6.379554077723308135e-17 1.115525749176976862e-16
1138 3.613554250732774253 0.7156356673713648586 2.929513440866656564e-17 3.704372670344375743e-17 0.127072431190106222 7.994616886382567383e-17 5.82582584093753851e-17
1139 3.616629897369409985 0.7160266731297070253 2.961692766600256984e-17 3.707959869527622724e-17 0.1271392403640812241 1.046341375263810181e-16 1.16641192479204483e-17
1140 3.619705311043602602 0.7164178570983689154 3.000858329365291705e-17 3.700080434483741676e-17 0.1272068276422942679 1.273602036711035809e-16 -2.562267413396731908e-17
1141 3.622780491644457701 0.7168092214126668971 3.043675383011669537e-17 3.684219175937064613e-17 0.1272751241628597152 1.392448319900106822e-16 -5.15822106706086227e-17
1142 3.625855439061496988 0.7172007676011767918 3.087969402237180609e-17 3.663962065434485806e-17 0.1273439327449008562 1.44058983863990207e-16 -6.5882907129396368e-17
1143 3.628930153184660057 0.7175924966747180278 3.135523130378227616e-17 3.642401132021113582e-17 0.1274130850905863255 1.546723901607802757e-16 -7.012869937878037443e-17
1144 3.632004633904303503 0.7179844095299086071 3.191228158046723725e-17 3.622061047832850407e-17 0.1274825441204056331 1.811989209699431994e-16 -6.616281261512573013e-17
1145 3.635078881111202698 0.7183765073282561975 3.258088891076944978e-17 3.605055073526316962e-17 0.1275523960650245536 2.175030499178554478e-16 -5.532172787910955523e-17
1146 3.638152894696551343 0.7187687915833317343 3.332723933576840179e-17 3.591988227644334247e-17 0.1276227555415348769 2.428119319232280394e-16 -4.251067576938457167e-17
1147 3.641226674551961917 0.719161263988449595 3.405103230957560769e-17 3.581416994483029545e-17 0.1276936811366013724 2.354911784905888021e-16 -3.439425699533784728e-17
1148 3.644300220569466564 0.7195539262156906979 3.463744458029528666e-17 3.569011713597429049e-17 0.1277651660604941508 1.908079156857670588e-16 -4.036453374982950872e-17
1149 3.647373532641516203 0.719946779873471443 3.503723172606345314e-17 3.549296757445598969e-17 0.1278371897141569458 1.3009339275993311e-16 -6.415377685485118841e-17
1150 3.650446610660980973 0.720339826621688939 3.529922459718670412e-17 3.518539530899522203e-17 0.1279097689642146318 8.52607171223971318e-17 -1.000936850217147203e-16
1151 3.653519454521151122 0.7207330682730224147 3.554693195252771865e-17 3.4762312792123747e-17 0.1279829536517158028 8.061790725955608215e-17 -1.37694849881743429e-16
1152 3.65659206411573523 0.7211265066614719332 3.590336323394070497e-17 3.426084127187692232e-17 0.1280567508447650327 1.160116377485489561e-16 -1.632194910543808469e-16
1153 3.659664439338861985 0.7215201432432022388 3.641972617309061188e-17 3.3738697773227664e-17 0.1281310376860383127 1.680791935674951649e-16 -1.699607999055086223e-16
1154 3.662736580085078408 0.7219139785558011946 3.703608417640952048e-17 3.325348421100471638e-17 0.1282055152528422115 2.006434996248960511e-16 -1.579519478381809005e-16
1155 3.665808486249350739 0.7223080119148126421 3.761044319057757846e-17 3.28380697480078719e-17 0.1282797857356742788 1.869858213469076873e-16 -1.35240524909950846e-16
1156 3.668880157727063995 0.7227022416464673471 3.799895477815614007e-17 3.249347729855296779e-17 0.1283535269761141018 1.264918105681382944e-16 -1.121925940776380742e-16
1157 3.671951594414020636 0.7230966658586065465 3.813193137586270834e-17 3.21994611204615109e-17 0.1284266677339455098 4.329790313183628476e-17 -9.573326598630163075e-17
1158 3.6750227962064419 0.7234912835402833586 3.805719781263473036e-17 3.191771053110827327e-17 0.1284994948107168189 -2.433551654197293767e-17 -9.17465437450136033e-17
1159 3.678093763000965577 0.7238860948921584937 3.790535239993316158e-17 3.16078040624242862e-17 0.1285724026907119344 -4.944926090874111903e-17 -1.009226788917186466e-16
1160 3.681164494694646461 0.7242811007045923954 3.780982201380154882e-17 3.123915196013034554e-17 0.1286455834359504224 -3.111235802844983085e-17 -1.200627010834863815e-16
1161 3.684234991184955899 0.7246763012781505253 3.783339230089856016e-17 3.08116218705434221e-17 0.1287188775702276244 7.676964817687058969e-18 -1.392487687041045355e-16
1162 3.68730525236978135 0.7250716957562601817 3.793792272346469424e-17 3.035799442105352017e-17 0.1287919081947264122 3.404871168423624216e-17 -1.477601435119525766e-16
1163 3.690375278147424165 0.7254672812043295727 3.801001190836695329e-17 2.992525094421997183e-17 0.1288639983133007261 2.348342348534240611e-17 -1.409684176729099189e-16
1164 3.693445068416600918 0.7258630514726368554 3.792440405290389291e-17 2.956327636464174888e-17 0.1289341002736198449 -2.788934062099669458e-17 -1.179241354825803302e-16
1165 3.69651462307644163 0.7262589975040910639 3.763130563034373141e-17 2.929030347865145742e-17 0.1290012663715266183 -9.54929830787613666e-17 -8.893597909924248426e-17
1166 3.699583942026488881 0.7266551098305209511 3.716514202813318715e-17 2.910071899612599605e-17 0.1290653619774628502 -1.518901837826844355e-16 -6.177235150188997914e-17
1167 3.702653025166696921 0.72705138108377243 3.663000857042963382e-17 2.897362129251485775e-17 0.1291270706742309038 -1.743760498548561082e-16 -4.14154547473852618e-17
1168 3.705721872397431671 0.7274478072475858426 3.614217003590421311e-17 2.889995718420416409e-17 0.1291874842164455195 -1.589769766277275298e-16 -2.40056830209280044e-17
1169 3.708790483619468947 0.7278443868663488914 3.577335913565163172e-17 2.890416047315801457e-17 0.1292474368227306547 -1.201974616815007268e-16 1.369874541725736061e-18
1170 3.711858858733994015 0.7282411215998391141 3.554342528395629458e-17 2.903605297635723983e-17 0.1293079437757750361 -7.494245161143293674e-17 4.298778742686109485e-17
1171 3.714926997642599815 0.7286380147788561468 3.54358219878051771e-17 2.934060948660537918e-17 0.1293695498711938396 -3.507389575755583263e-17 9.927189663155386385e-17
1172 3.717994900247286516 0.7290350698542275021 3.541716863384867116e-17 2.981596804790290604e-17 0.1294322944786006069 -6.080633524338820689e-18 1.549577202388056238e-16
1173 3.721062566450460629 0.7294322890636001366 3.543982382390080114e-17 3.039514774561612926e-17 0.1294957823461579671 7.385724282153426636e-18 1.888159643458431254e-16
1174 3.724129996154934119 0.7298296728950860457 3.545258085349178551e-17 3.097157778969104245e-17 0.1295594432321309775 4.159186962699935809e-18 1.879340568371157815e-16
1175 3.727197189263921739 0.7302272205988112885 3.540424331693522607e-17 3.142614280180038785e-17 0.1296228735126544462 -1.576075104514992792e-17 1.482137175383037502e-16
1176 3.730264145681041921 0.7306249312820579656 3.527387328292672707e-17 3.168736090310381324e-17 0.1296860265446108662 -4.251123342482675166e-17 8.517834457706863184e-17
1177 3.733330865310314106 0.7310228048977923665 3.508893736054406673e-17 3.175899761947490611e-17 0.1297491780358139557 -6.030880905273721056e-17 2.336119988549233309e-17
1178 3.736397348056158751 0.7314208427285886494 3.492914659549413293e-17 3.170466277351771215e-17 0.1298127616022861919 -5.211283673257782425e-17 -1.772031666142997348e-17
1179 3.73946359382339466 0.7318190472032144456 3.489407293421514724e-17 3.161345652489228034e-17 0.1298771511722182082 -1.143951788179894813e-17 -2.974755055604969882e-17
1180 3.742529602517239429 0.7322174211760623663 3.505585651484212411e-17 3.156290880645710653e-17 0.1299424857529965782 5.277091891923225908e-17 -1.648776433774812035e-17
1181 3.745595374043306336 0.732615967175490157 3.542974747623383289e-17 3.158725966472883296e-17 0.1300086591982583251 1.219660030377233065e-16 7.94343046669411557e-18
1182 3.748660908307605233 0.733014687034932777 3.595506769095003474e-17 3.167969535634956403e-17 0.1300754449856222628 1.713766171182807133e-16 3.015554263318742448e-17
1183 3.75172620521653899 0.7334135820561775709 3.651505434736725912e-17 3.181508238109147321e-17 0.1301426697925241738 1.82700095596359491e-16 4.417109243478830682e-17
1184 3.754791264676903939 0.7338126534560769354 3.699573416625974493e-17 3.196503515842092556e-17 0.1302103059977095523 1.568377646724144735e-16 4.892707677422264664e-17
1185 3.757856086595888101 0.7342119026996842823 3.734092233051640266e-17 3.211517066587613343e-17 0.1302784346764356282 1.12637843222595195e-16 4.899049707367860527e-17
1186 3.760920670881069405 0.7346113315377436059 3.758985154019095817e-17 3.227253400834642902e-17 0.1303471491634051183 8.12340265220369136e-17 5.135298486079976533e-17
1187 3.76398501744041436 0.7350109418307358977 3.786202261448732757e-17 3.245801948746672265e-17 0.1304164853983788563 8.882552716808196446e-17 6.053488787329265554e-17
1188 3.767049126182278052 0.7354107353840921846 3.829951095280218498e-17 3.269572244763788432e-17 0.1304864255484037006 1.427894197056911867e-16 7.758256568827197137e-17
1189 3.770112997015401479 0.7358107139460335899 3.898504930435699802e-17 3.300476224719533501e-17 0.1305569510701896918 2.237664853492483725e-16 1.008736413114857274e-16
1190 3.773176629848910224 0.73621087931406759 3.988867944853892947e-17 3.339049456216444414e-17 0.1306280781788249079 2.949767234952641043e-16 1.259166210295471993e-16
1191 3.776240024592314448 0.7366112333649746935 4.087719298040884469e-17 3.383628020743646905e-17 0.130699832884135031 3.227107434691388307e-16 1.455314594849033654e-16
1192 3.779303181155505786 0.7370117778591397384 4.179262850580080212e-17 3.429330913956936913e-17 0.130772177321035743 2.988769003106025461e-16 1.492135566070154341e-16
1193 3.782366099448758234 0.7374125139582128341 4.251755496254058379e-17 3.469276183629055064e-17 0.1308449161235079594 2.366967728817852784e-16 1.304258705883726806e-16
1194 3.78542877938272504 0.7378134417911834664 4.302533410970874166e-17 3.496426684017134216e-17 0.1309177121721310511 1.658086038662180269e-16 8.865638907628806028e-17
1195 3.788491220868438702 0.7382145604297859487 4.338187654854355591e-17 3.507141455241109531e-17 0.1309902202107407765 1.164333144432468176e-16 3.499040201737463106e-17
1196 3.791553423817308754 0.7386158684759041027 4.369336355968795303e-17 3.501788459219622759e-17 0.1310622867148623638 1.017278381469079227e-16 -1.748222858070989075e-17
1197 3.794615388141121315 0.7390173651033101754 4.404178830007526099e-17 3.483942321834614678e-17 0.1311340983576649577 1.138001194963560675e-16 -5.828784043018241861e-17
1198 3.797677113752037314 0.7394190503412386706 4.446556544642334606e-17 3.459043726701854736e-17 0.1312059344968080632 1.384220062248888048e-16 -8.132844161508735802e-17
1199 3.800738600562592495 0.7398209244554541097 4.49674323457113859e-17 3.432394709160306119e-17 0.1312778723939861392 1.639419321449172437e-16 -8.705279092371036122e-17
1200 3.80379984848569519 0.7402229869455615452 4.552390431510533295e-17 3.406758023257946259e-17 0.1313496617669192845 1.817936434287344995e-16 -8.375240428918602563e-17
1201 3.80686085743462499 0.7406252361271387086 4.610843951355066314e-17 3.383100253117175011e-17 0.1314209157312098697 1.909765254353317404e-16 -7.729352745649577611e-17
1202 3.809921627323033633 0.7410276681784726538 4.667883912327304364e-17 3.361996073483417541e-17 0.1314909358117108684 1.863727757777231778e-16 -6.895594723091538428e-17
1203 3.812982158064941451 0.7414302756517991977 4.719079448949591998e-17 3.344728665665297271e-17 0.1315585368379804665 1.672897384396327846e-16 -5.642406209619146638e-17
1204 3.816042449574737816 0.7418330477700770809 4.758311126635054298e-17 3.332043095202878497e-17 0.1316226302520547842 1.282059102859444407e-16 -4.145540554421751357e-17
1205 3.819102501767180691 0.7422359733126669967 4.780214508223661431e-17 3.323182909264243375e-17 0.1316830702448809898 7.158405788309050878e-17 -2.895662756549418761e-17
1206 3.822162314557394414 0.742639043350352912 4.783572505528181659e-17 3.315772545265343693e-17 0.131740604883732404 1.097537784339556664e-17 -2.422025316564061589e-17
1207 3.825221887860869252 0.743042253320732371 4.771742116789790619e-17 3.306725603525456631e-17 0.1317966608493471858 -3.866982085791022379e-17 -2.957160784227679902e-17
1208 3.828281221593461403 0.7434456014237179611 4.751716649507831868e-17 3.294065825997902254e-17 0.1318521407679225654 -6.54620837797446929e-17 -4.138407386320089904e-17
1209 3.831340315671391661 0.7438490897863055951 4.730018697654188885e-17 3.278271069778185872e-17 0.1319083283341759005 -7.09348973272497728e-17 -5.163618291310800064e-17
1210 3.834399170011244085 0.7442527226900815807 4.709472067789285753e-17 3.261541171467321692e-17 0.131965928136870414 -6.717626474058104126e-17 -5.469763583629463143e-17
1211 3.837457784529965554 0.7446565046961783896 4.688887679516993387e-17 3.246727006672687106e-17 0.1320250319007712503 -6.730499322091357167e-17 -4.84380321575306452e-17
1212 3.840516159144866659 0.7450604390514610209 4.66578346081186202e-17 3.23648822518234035e-17 0.1320852102078696466 -7.555003788227865002e-17 -3.348047987843240883e-17
1213 3.843574293773618589 0.7454645269358541881 4.639422001728798406e-17 3.231327495386139646e-17 0.1321457873646263159 -8.620787460239661337e-17 -1.68767421304673632e-17
1214 3.846632188334254465 0.7458687679394363501 4.612175227089203624e-17 3.230456712899825979e-17 0.1322062434980720291 -8.911005292928387834e-17 -2.847877389954322309e-18
1215 3.849689842745168011 0.7462731612898433342 4.587394523107855839e-17 3.232814114834489553e-17 0.1322664600234935983 -8.105118418006802249e-17 7.710443518338767868e-18
1216 3.852747256925113106 0.7466777070498973323 4.566863916033318872e-17 3.236455547511546951e-17 0.1323267100626641934 -6.715551015539545211e-17 1.191110755938705433e-17
1217 3.855804430793203785 0.7470824067195206419 4.549922234216313655e-17 3.240191953684964255e-17 0.1323874637243586949 -5.542051193336035161e-17 1.222272647771745184e-17
1218 3.858861364268913352 0.7474872631135213163 4.535243936572808457e-17 3.243156298638586663e-17 0.1324491512827586648 -4.802018923171446529e-17 9.69788248462364794e-18
1219 3.861918057272074378 0.7478922796361030523 4.52179185523318474e-17 3.245120455439605515e-17 0.1325119657841273835 -4.40120746392950475e-17 6.426263233712300368e-18
1220 3.86497450972287826 0.7482974594570308557 4.509660966677204711e-17 3.247650944392587067e-17 0.1325758307749710374 -3.969256476457865417e-17 8.279821893406827721e-18
1221 3.868030721541875216 0.7487028050364535892 4.499904575907861759e-17 3.253151994167044067e-17 0.1326405142864832687 -3.192566429535206684e-17 1.800098750894579736e-17
1222 3.871086692649973404 0.7491083181805855418 4.493135481701229919e-17 3.263616065639520944e-17 0.1327058024988295171 -2.215213222752723197e-17 3.424409349621772043e-17
1223 3.874142422968438915 0.7495140004134320799 4.488773032374530725e-17 3.279158161108905306e-17 0.1327716031831585597 -1.427741577064017005e-17 5.086614017618328842e-17
1224 3.877197912418897108 0.7499198533421791435 4.486013045404233989e-17 3.297170472962526854e-17 0.1328379436756987053 -9.033592410869579213e-18 5.895530863524749264e-17
1225 3.880253160923329947 0.750325878808017932 4.483578532942141099e-17 3.31340718062440441e-17 0.1329049006909098496 -7.968924716010276871e-18 5.314784911067300264e-17
1226 3.883308168404077776 0.7507320788190025018 4.480089869980020807e-17 3.32412357509657266e-17 0.1329725289880666628 -1.142039203139534724e-17 3.508089699810461011e-17
1227 3.886362934783839318 0.7511384554158923033 4.473724489767591278e-17 3.326819696326506167e-17 0.1330408394228276836 -2.083918053324463878e-17 8.82664588367922509e-18
1228 3.889417459985670344 0.751545010603114183 4.462102943019006881e-17 3.321194081847208445e-17 0.1331098202507974559 -3.80499879809940326e-17 -1.841876713605807136e-17
1229 3.892471743932984563 0.7519517463333678098 4.443232717365736022e-17 3.308171898004721491e-17 0.1331794546831251425 -6.178769592439606871e-17 -4.263916872619354895e-17
1230 3.895525786549553615 0.7523586644614786989 4.415462451265403957e-17 3.28871728878620644e-17 0.1332497108143743669 -9.093671850616058334e-17 -6.370620705468555018e-17
1231 3.898579587759507081 0.7527657665207604376 4.378561874804744482e-17 3.263968439474821472e-17 0.1333204834907748826 -1.208444561421228705e-16 -8.104917380806209185e-17
1232 3.90163314748733292 0.7531730533859182231 4.33448893879658534e-17 3.235898894090379735e-17 0.1333915571220298801 -1.443443936938588326e-16 -9.193128202372055717e-17
1233 3.904686465657876582 0.7535805251413755235 4.286007227636944659e-17 3.207799109149325377e-17 0.133462672921416059 -1.587962520716907533e-16 -9.203760399394779029e-17
1234 3.907739542196342342 0.7539881812884874357 4.236462476815947957e-17 3.184554007920284694e-17 0.1335336398960831061 -1.622909641310061545e-16 -7.614267560681942068e-17
1235 3.910792377028292854 0.7543960215620469922 4.187704178649392181e-17 3.171987566920184095e-17 0.133604534472229225 -1.597274754487660037e-16 -4.116644698027406483e-17
1236 3.913844970079649155 0.7548040462718819121 4.139185065041484165e-17 3.173985757014740378e-17 0.1336755450127764255 -1.589565239246914313e-16 6.546396418907481181e-18
1237 3.916897321276690658 0.7552122556699200073 4.088883261822600872e-17 3.190920910353130379e-17 0.1337466525643066784 -1.648099683840716989e-16 5.548672030969440557e-17
1238 3.919949430546056046 0.7556206489744281551 4.034481569768276101e-17 3.220669566938136443e-17 0.1338175184413766816 -1.782570710479531942e-16 9.747690173238028291e-17
1239 3.923001297814742827 0.7560292239009689386 3.976811745627830589e-17 3.259711242194521299e-17 0.1338876501482774428 -1.889806920850943073e-16 1.279373211221332927e-16
1240 3.92605292301010822 0.7564379761385224832 3.920424050553001895e-17 3.304023698266446699e-17 0.133956383347450525 -1.847938923278201427e-16 1.452208895091378676e-16
1241 3.929104306059868268 0.7568468977900095762 3.871824432544037974e-17 3.34973684028324056e-17 0.1340225423774278612 -1.592834309566617472e-16 1.498231138133851397e-16
1242 3.932155446892098727 0.7572559765731060599 3.835983151592050793e-17 3.393448300448088535e-17 0.1340846892522140621 -1.174777871018308317e-16 1.43274053682265956e-16
1243 3.935206345435235065 0.7576651988851486053 3.813197520116722073e-17 3.432217624726249114e-17 0.1341423901994318879 -7.469091929636237003e-17 1.270851972643340535e-16
1244 3.938257001618072906 0.7580745530014230127 3.799306295087127398e-17 3.464137361315014171e-17 0.134196259785085481 -4.553882246917463046e-17 1.046406788948988944e-16
1245 3.941307415369767586 0.7584840323035111354 3.789249168097617128e-17 3.488480703651169888e-17 0.1342479711849670354 -3.297233553457296797e-17 7.980975604443138128e-17
1246 3.944357586619834155 0.758893633892974151 3.781405693536193681e-17 3.506323684681544766e-17 0.1342987435658239415 -2.571691140580428448e-17 5.850294519095396463e-17
1247 3.947407515298148706 0.7593033591885333111 3.780760273156447202e-17 3.519613310620404894e-17 0.1343499922993118545 -2.116350247070436167e-18 4.357702982701892822e-17
1248 3.950457201334947044 0.7597132128477792623 3.797473250206355129e-17 3.529228476706824358e-17 0.1344027796050098755 5.4806649161429428e-17 3.153088960474418104e-17
1249 3.953506644660825575 0.7601232004977517276 3.84185177731615212e-17 3.534694037709173363e-17 0.1344574237734696143 1.455415163467907851e-16 1.792457045723252607e-17
1250 3.956555845206740862 0.7605333268495255705 3.919368932299670222e-17 3.534203048908423595e-17 0.1345136248171487914 2.542414906344623801e-16 -1.610349665360842222e-18
1251 3.959604802904010068 0.7609435945522206035 4.026323677039859352e-17 3.527932330054936069e-17 0.1345707067601000506 3.508191236230651896e-16 -2.056840113088076961e-17
1252 3.962653517684310955 0.7613540042107229677 4.150442598906942202e-17 3.518282101438011256e-17 0.1346279992242633283 4.071512882473357447e-16 -3.165595506436803668e-17
1253 3.965701989479681444 0.7617645554482999071 4.274655215356497533e-17 3.509190513348796969e-17 0.1346851802186585512 4.074911265808974051e-16 -2.982580657889869181e-17
1254 3.968750218222520054 0.762175248282331852 4.383742771159167581e-17 3.504736174349732271e-17 0.1347423790073341288 3.579004932870276594e-16 -1.461404202617396776e-17
1255 3.971798203845585018 0.7625860840481268887 4.468419436350252112e-17 3.506277096667222746e-17 0.1348000280099132531 2.778340590054310699e-16 5.055946654422034211e-18
1256 3.974845946281994724 0.7629970655969204874 4.527962311907896976e-17 3.51214943707820903e-17 0.1348586247552708839 1.953827449248869626e-16 1.926937484772709618e-17
1257 3.977893445465227718 0.7634081968147476971 4.56964514701402204e-17 3.518177508832869406e-17 0.1349185090423470346 1.367881036837224176e-16 1.978196785535475889e-17
1258 3.980940701329122255 0.7638194817403578529 4.604690994425723884e-17 3.519976544005964324e-17 0.1349797312869370769 1.15017078715858866e-16 5.904259288858045298e-18
1259 3.983987713807875863 0.7642309238164657348 4.643471123447669592e-17 3.514370737524782377e-17 0.1350420961693476474 1.272827991337599832e-16 -1.839918428129073199e-17
1260 3.987034482836045335 0.7646425255745517013 4.692243790386604737e-17 3.500367474098098488e-17 0.1351053048454955718 1.600927572698960785e-16 -4.596470099864229449e-17
1261 3.990081008348546288 0.7650542888193181401 4.752063896325689346e-17 3.479656166362077856e-17 0.1351691189271320981 1.963708785736751057e-16 -6.798880798829815964e-17
1262 3.993127290280652719 0.7654662151261680814 4.820905786364944081e-17 3.45557397747499736e-17 0.1352334632697868577 2.260046773715368318e-16 -7.906069003511537488e-17
1263 3.996173328567997007 0.7658783063167945437 4.895798917066225622e-17 3.431473740701919058e-17 0.1352984188512520447 2.458902882951568884e-16 -7.912627116297586929e-17
1264 3.999219123146568577 0.7662905646612383492 4.974116487705464292e-17 3.409820101469999195e-17 0.1353641330204764792 2.571540441262141843e-16 -7.109925465114524433e-17
1265 4.002264673952715235 0.7667029927592868832 5.052133435914873312e-17 3.392754287494356909e-17 0.135430714228146537 2.561874680191106978e-16 -5.603971665707418827e-17
1266 4.0053099809231405 0.7671155932283215684 5.125042024543280751e-17 3.382951278693709271e-17 0.135498168448690004 2.394321132605929048e-16 -3.219312234137433687e-17
1267 4.00835504399490361 0.7675283683754778874 5.186733700241317504e-17 3.383156131078884055e-17 0.1355663939872549517 2.026119564375593673e-16 6.727900007829046433e-19
1268 4.011399863105420849 0.7679413200038934795 5.232620197534224833e-17 3.395622211495340243e-17 0.135635225478004301 1.507156039219026662e-16 4.094522243683164461e-17
1269 4.014444438192462883 0.7683544492664645675 5.260819694382615186e-17 3.421081291203104937e-17 0.1357044494641231336 9.262953612050135614e-17 8.362783052704402167e-17
1270 4.017488769194153875 0.7687677566936936824 5.271619300395792037e-17 3.457685744195693777e-17 0.1357738615686341077 3.547732547801975658e-17 1.202477285910643934e-16
1271 4.02053285604897237 0.7691812424408265292 5.266930177750412325e-17 3.49966403009570201e-17 0.1358433385413594374 -1.540527283939286094e-17 1.379121418922314985e-16
1272 4.023576698695750409 0.7695949067844937153 5.250006100210094515e-17 3.539122823700625041e-17 0.1359129202683330706 -5.560548876320114752e-17 1.296452051333980771e-16
1273 4.026620297073670862 0.7700087508678435944 5.225234739227431456e-17 3.568483140097367334e-17 0.1359828914879037398 -8.139493659657896453e-17 9.647354835452442479e-17
1274 4.029663651122269208 0.7704227763015149 5.197294905700642413e-17 3.582971468215315332e-17 0.1360534059049843258 -9.181342986661267375e-17 4.761027284812860572e-17
1275 4.032706760781430866 0.7708369837837778515 5.16973240147943411e-17 3.582159409587434914e-17 0.1361241638003030385 -9.058075964384413768e-17 -2.668730199491024817e-18
1276 4.035749625991392087 0.7712513717196327612 5.142752264964549683e-17 3.569122952344618821e-17 0.1361944115057942273 -8.8674005612879436e-17 -4.284614653761316377e-17
1277 4.038792246692736398 0.7716659361429775155 5.112651537721739388e-17 3.548583407486993948e-17 0.1362633695282490232 -9.893821776271426036e-17 -6.751152374087929698e-17
1278 4.041834622826396384 0.7720806700503574094 5.074492469592260055e-17 3.524081372648296743e-17 0.1363300391159360248 -1.254353010002314331e-16 -8.054232626125990323e-17
1279 4.044876754333651014 0.7724955617418344245 5.026503424657563424e-17 3.497424771038277296e-17 0.1363928757675778036 -1.577607838007557845e-16 -8.763179949056612828e-17
1280 4.04791864115612654 0.7729105949657516517 4.972399041178706276e-17 3.471342207068897885e-17 0.1364503820786699961 -1.778788630014065497e-16 -8.575158840591324321e-17
1281 4.050960283235794712 0.7733257533737677436 4.920999786017995151e-17 3.449329561914713169e-17 0.136502524960699978 -1.689988200904866849e-16 -7.237675033414530596e-17
1282 4.054001680514970118 0.7737410241345256123 4.881603754790780231e-17 3.436051492091630468e-17 0.136550459570359467 -1.295431000128035721e-16 -4.366130987022702106e-17
1283 4.057042832936312848 0.7741564014125645876 4.859557810692379295e-17 3.43533772209866358e-17 0.13659648547338199 -7.249791074275975195e-17 -2.347226909856938345e-18
1284 4.060083740442824052 0.7745718836369388516 4.852789826290775674e-17 3.44733347853646476e-17 0.1366420046910129804 -2.225825563886453541e-17 3.945112717914233848e-17
1285 4.063124402977845939 0.7749874742119456927 4.852250655413349767e-17 3.468645865176922124e-17 0.1366886534564286937 -1.773344865125509003e-18 7.009690803933656848e-17
1286 4.06616482048506267 0.7754031795743829836 4.847170179299600182e-17 3.49455246172251132e-17 0.1367374295065777456 -1.671114465280734728e-17 8.521423438319013637e-17
1287 4.069204992908497687 0.7758190064522171303 4.830382374818974815e-17 3.520935479824701353e-17 0.1367884291248601669 -5.522436200663193542e-17 8.678831971055774654e-17
1288 4.072244920192511941 0.776234959970841798 4.802124373236459511e-17 3.547446601314508961e-17 0.1368411256195903036 -9.296367433307486798e-17 8.72167572496700366e-17
1289 4.075284602281805668 0.7766510428544598499 4.769537754586146783e-17 3.578009787372261971e-17 0.1368947293774602503 -1.072126856714452018e-16 1.005554241478924048e-16
1290 4.078324039121413946 0.7770672558351826575 4.742289263565809141e-17 3.618181626831103597e-17 0.1369485851382717667 -8.965703774802428046e-17 1.321793608343567096e-16
1291 4.081363230656708474 0.7774835989760693344 4.726530719661017499e-17 3.672654625517443486e-17 0.1370024727915984397 -5.185529123773782611e-17 1.792496329952259428e-16
1292 4.084402176833395792 0.7779000730840999189 4.723060929665337968e-17 3.741088061949557728e-17 0.137056637148441518 -1.141866299127056413e-17 2.25206236955496503e-16
1293 4.087440877597515509 0.7783166805088396201 4.728573350430791322e-17 3.817811009199439496e-17 0.1371115859510114998 1.814218155264188788e-17 2.525064209510874768e-16
1294 4.090479332895440301 0.7787334251400802598 4.739593916232982499e-17 3.893766911940858424e-17 0.1371678263294243694 3.627322208103193753e-17 2.500021666725122483e-16
1295 4.09351754267387502 0.7791503117780854692 4.755602087174359131e-17 3.96198879885617906e-17 0.13722565828284633 5.269374441564713356e-17 2.245644855888805495e-16
1296 4.096555506879854036 0.7795673451729098202 4.778335844067183951e-17 4.021251506146463476e-17 0.1372850656567891348 7.483825867162427014e-17 1.950895242999126373e-16
1297 4.099593225460743895 0.7799845292066164282 4.810056893429294269e-17 4.075523643840592705e-17 0.1373457630606540192 1.044323698348341907e-16 1.786752982444003447e-16
1298 4.102630698364238881 0.7804018665578120739 4.850622563332484916e-17 4.13072608193258814e-17 0.1374073545605538349 1.335615269374805113e-16 1.817527465917364607e-16
1299 4.105667925538361906 0.7808193590275931406 4.896462722826990038e-17 4.190577480196091551e-17 0.1374695514201776658 1.50939876018441582e-16 1.970752879798878531e-16
1300 4.108704906931463618 0.7812370082841499919 4.941719939004721606e-17 4.253976090702143143e-17 0.1375323100088576833 1.490324569665761303e-16 2.087722465049218098e-16
1301 4.111741642492219739 0.7816548165515234681 4.98185787639944156e-17 4.314619475826152292e-17 0.1375958135083379108 1.321853246967132919e-16 1.997154331697039123e-16
1302 4.114778132169633729 0.7820727868339738542 5.015726717242140159e-17 4.363221120042646683e-17 0.1376603190567348423 1.115484911787123002e-16 1.600716158646830214e-16
1303 4.117814375913033231 0.7824909225665452883 5.045620276610264427e-17 4.392721044737026363e-17 0.1377259687781096642 9.84637069614164085e-17 9.716714910799521549e-17
1304 4.120850373672069189 0.7829092269220347955 5.074134313717448853e-17 4.400023539245383925e-17 0.1377926765529578768 9.392743443302988841e-17 2.405497936167422353e-17
1305 4.123886125396717617 0.7833277022154406799 5.102016788902357104e-17 4.387913212401348487e-17 0.137860160038755758 9.18544667233164328e-17 -3.989558339878090609e-17
1306 4.12692163103727605 0.783746349609403925 5.127230183992897973e-17 4.363445124873197955e-17 0.1379280397559260185 8.306833412978731191e-17 -8.061283547917839569e-17
1307 4.129956890544364434 0.784165169306500931 5.147366756404814103e-17 4.336014170650061978e-17 0.1379959994599881112 6.63475585064792589e-17 -9.038165994581491765e-17
1308 4.132991903868924233 0.7845841612447097546 5.162500143835567171e-17 4.315231853596910422e-17 0.1380639519700739282 4.986671782555457224e-17 -6.848076446815445527e-17
1309 4.136026670962217544 0.7850033258871307318 5.176019675511859894e-17 4.307796065090160615e-17 0.1381320703226621149 4.455244338961526347e-17 -2.450399573271015509e-17
1310 4.139061191775826209 0.7854226652049706159 5.193422233180941116e-17 4.315245513019431039e-17 0.1382008515704927221 5.735327423530608241e-17 2.455100210632546498e-17
1311 4.142095466261652703 0.7858421822365455611 5.219592134099876983e-17 4.33347436839474092e-17 0.1382706475775920818 8.625464223746997369e-17 6.00813661338034832e-17
1312 4.145129494371918355 0.7862618791247305561 5.255516362702785636e-17 4.354031681215017533e-17 0.1383411634231514475 1.184140202110443044e-16 6.776134521056738248e-17
1313 4.148163276059161575 0.786681755124943316 5.296245514016172758e-17 4.367865755704023638e-17 0.1384114474257593097 1.342629915225514332e-16 4.560380380990777045e-17
1314 4.151196811276239629 0.7871018060395427174 5.331414036346241526e-17 4.368452565864289663e-17 0.1384803611299220416 1.159418895044822698e-16 1.934567455611565858e-18
1315 4.154230099976326862 0.787522023960067985 5.350412550114914316e-17 4.354474136322224534e-17 0.1385466807256520161 6.263847620015803887e-17 -4.608715907188428363e-17
1316 4.1572631421129147 0.787942395517295946 5.347897861443266438e-17 4.32896391663656795e-17 0.1386086049982418467 -8.291652534257942295e-18 -8.411453874624647294e-17
1317 4.160295937639810759 0.7883629011756654315 5.325726322160335314e-17 4.297464241968858667e-17 0.1386640994791904502 -7.311189439534341411e-17 -1.038719440452293151e-16
1318 4.163328486511139737 0.7887835202504728249 5.292254533247116908e-17 4.265637879772274262e-17 0.1387127836206272224 -1.103840812507224839e-16 -1.0495775292235065e-16
1319 4.166360788681340743 0.7892042358362050258 5.258709090818013681e-17 4.236161750575891063e-17 0.1387559021599691078 -1.106359803501166776e-16 -9.721500789446293555e-17
1320 4.169392844105168194 0.789625038802937218 5.2351163238179547e-17 4.209863783180066654e-17 0.1387960183957741012 -7.781746759003763809e-17 -8.674019564993329949e-17
1321 4.172424652737691808 0.7900459275519572389 5.227550778206748173e-17 4.186613178717206928e-17 0.1388356158504232551 -2.495593399970648231e-17 -7.669513611403009235e-17
1322 4.175456214534295718 0.7904669056841939767 5.236878606880152582e-17 4.165447494960845706e-17 0.1388764096932861847 3.077155930911642801e-17 -6.982344078465804213e-17
1323 4.178487529450677584 0.7908879812946705279 5.259460216201234033e-17 4.144903920867699908e-17 0.1389198828809332931 7.450050404479972206e-17 -6.777668513608668486e-17
1324 4.181518597442848595 0.7913091631998034892 5.289904410185725049e-17 4.125295054445567802e-17 0.1389662740748981717 1.00448669652677686e-16 -6.469819981122398284e-17
1325 4.184549418467134352 0.7917304582638375887 5.324099164499682747e-17 4.108827155003603709e-17 0.139014939817159483 1.128325992595185798e-16 -5.433920891259957189e-17
1326 4.187579992480173985 0.792151870364609878 5.359515605491042242e-17 4.099785561665444786e-17 0.1390648951448410497 1.168733323946125764e-16 -2.983702241129717781e-17
1327 4.190610319438917486 0.7925734007985117957 5.394659684000830246e-17 4.103029598556485772e-17 0.1391152884214112984 1.159840007977159013e-16 1.070611019872238524e-17
1328 4.193640399300629262 0.7929950498080967636 5.427405125114303738e-17 4.120412922891511248e-17 0.1391657719212703037 1.080767293618144564e-16 5.737387482595724318e-17
1329 4.196670232022884584 0.793416818327882245 5.454344777197006119e-17 4.149538544192834851e-17 0.1392165740565155796 8.892190605253009512e-17 9.613731287720657303e-17
1330 4.199699817563571358 0.7938387090844397642 5.471534030360795298e-17 4.184857898284821059e-17 0.1392682864590521763 5.674259974703571348e-17 1.165909858601214791e-16
1331 4.202729155880888356 0.7942607266408822086 5.476603727816346246e-17 4.220766710501107745e-17 0.1393215156407526245 1.67366954896784603e-17 1.185464933024669454e-16
1332 4.205758246933346989 0.7946828766633550201 5.471522142997949904e-17 4.254017773799261953e-17 0.1393766261371087167 -1.677730924349889848e-17 1.097813756072159492e-16
1333 4.208787090679769527 0.7951051648256228788 5.461251891589773583e-17 4.284232990029314273e-17 0.1394336209126494641 -3.391092788002350902e-17 9.976640081477212574e-17
1334 4.211815687079288217 0.795527595792946407 5.451107977999915514e-17 4.311899358686940833e-17 0.1394921673960094755 -3.34965142705435635e-17 9.135792653841794821e-17
1335 4.214844036091346169 0.795950172804071876 5.444507190802098613e-17 4.3361535167431134e-17 0.1395517948635954797 -2.179843381718034646e-17 8.009691016152836604e-17
1336 4.217872137675697353 0.7963728980408850688 5.44021780181270807e-17 4.354696768889349326e-17 0.1396121545224491833 -1.416643214652271191e-17 6.124222446489807504e-17
1337 4.220899991792404826 0.7967957735479423986 5.433799281607934216e-17 4.365610500295645556e-17 0.1396732011811537277 -2.119998081906287195e-17 3.604738928854759026e-17
1338 4.223927598401842509 0.7972188021109203326 5.420876286882117246e-17 4.368637402125692872e-17 0.1397351798037676507 -4.268735375463356449e-17 9.998489664447009837e-18
1339 4.226954957464692519 0.7976419875326045128 5.399696160147072182e-17 4.367021693389764993e-17 0.139798426606995374 -6.996810951360826102e-17 -5.337460308509170136e-18
1340 4.229982068941946949 0.7980653341148764568 5.371622174974773765e-17 4.365453514423062066e-17 0.1398631067789537774 -9.274941502520635932e-17 -5.180870507833604169e-18
1341 4.233008932794906976 0.7984888456524555922 5.340955026511273345e-17 4.368898782292648381e-17 0.1399290530923414932 -1.013248675601515797e-16 1.138323346269233134e-17
1342 4.236035548985181975 0.798912524566958826 5.313431987051876719e-17 4.380020847837663722e-17 0.1399958121333136629 -9.094411191109906765e-17 3.675053313427252574e-17
1343 4.239061917474689523 0.7993363715467723951 5.294220590104193106e-17 4.398204026533791796e-17 0.1400628113330786018 -6.348522920493612683e-17 6.008741948030023747e-17
1344 4.2420880382256545 0.7997603860892137373 5.286294008449904986e-17 4.420736608419102821e-17 0.1401296571107517874 -2.619601589324163849e-17 7.446638398836760047e-17
1345 4.245113911200610879 0.8001845676547787445 5.290656093424897115e-17 4.443670709048588172e-17 0.1401963372470111657 1.441713610160211785e-17 7.579954357576789341e-17
1346 4.248139536362398161 0.8006715841178840831 5.310158918348407786e-17 4.466784386902107187e-17 0.1402840399236907065 5.617746580371172514e-17 6.657844965058103572e-17
1347 4.251611181913597548 0.8011587827478499069 5.341832345635278405e-17 4.486248395881092053e-17 0.1403626415882065492 9.125160968637075527e-17 5.607609603456487629e-17
1348 4.255082181208375225 0.801646170042528472 5.382760009683861575e-17 4.507384920427321456e-17 0.1404431264328279971 1.179351443776540102e-16 6.090596988487795213e-17
1349 4.258552534703472503 0.8021337478669455789 5.428701838896450452e-17 4.538066961960372183e-17 0.1405241602417882651 1.324083386644652116e-16 8.842830631376347755e-17
1350 4.262022242855993959 0.8026215101765833415 5.475055488930491858e-17 4.583642826353809291e-17 0.1406034632521164507 1.336200768362638489e-16 1.313780144100398599e-16
1351 4.265491306123398552 0.8031094429642570143 5.517057677054342629e-17 4.642100881239148479e-17 0.1406787386910229309 1.210989504455641476e-16 1.685438165942550302e-16
1352 4.268959724963472091 0.8035975203227071484 5.551100722416381911e-17 4.702935674455288409e-17 0.1407465526547849455 9.816971005974894488e-17 1.754289003249018042e-16
1353 4.272427499834287268 0.8040857040021611724 5.574593639831169088e-17 4.753012495089000167e-17 0.1408033410855746848 6.775894818009269732e-17 1.444330065285025238e-16
1354 4.275894631194169904 0.8045739571325927209 5.585470669213457357e-17 4.783330588529838223e-17 0.1408494958348148474 3.137766066797798643e-17 8.74605385948264716e-17
1355 4.279361119501690069 0.8050622549557442387 5.584040015382501753e-17 4.793239541701507519e-17 0.1408885055620247295 -4.127863583724016827e-18 2.859028932445806075e-17
1356 4.282826965215672743 0.805550591842147945 5.575670564004392935e-17 4.789328645315489918e-17 0.1409258865153643625 -2.415284177677950957e-17 -1.128619515777625036e-17
1357 4.286292168795218238 0.8060389742640198252 5.568728245054306307e-17 4.779439073321711055e-17 0.1409651307537391762 -2.003808603066075117e-17 -2.854494238056859271e-17
1358 4.289756730699715526 0.80652741810272921 5.570121361381417303e-17 4.771595956572289698e-17 0.1410089556158813373 4.021790485809030631e-18 -2.264231041446938064e-17
1359 4.293220651388837794 0.807015940383426833 5.579034921954464335e-17 4.772568873709512375e-17 0.1410576938773454025 2.573733785231828296e-17 2.80923620340088168e-18
1360 4.296683931322525574 0.8075045529066435801 5.585702178900234396e-17 4.788737048304195846e-17 0.1411098393818103203 1.925483920348831103e-17 4.66932060016153012e-17
1361 4.300146570960960979 0.8079932608989286447 5.577621798078406741e-17 4.821727313411104319e-17 0.1411634950925210463 -2.334021167025131173e-17 9.529251004765780686e-17
1362 4.303608570764556163 0.808482065508486003 5.549921869767414837e-17 4.86817626825790769e-17 0.141217483567317309 -8.002613098546214866e-17 1.341927712943971029e-16
1363 4.30706993119394177 0.8089709680109934409 5.509953539882336792e-17 4.921745347354578279e-17 0.1412718417946845773 -1.154913208127046088e-16 1.547916492228631411e-16
1364 4.310530652709967825 0.8094599729292404344 5.47608915257212719e-17 4.973641043447301479e-17 0.141327508397843693 -9.787160217383466928e-17 1.499839603178046463e-16
1365 4.313990735773701068 0.8099490884413104164 5.468285726535938696e-17 5.017062413221622547e-17 0.1413855406831822648 -2.255687219238791711e-17 1.255154189807898888e-16
1366 4.317450180846418739 0.8104383246309850852 5.498607526893542029e-17 5.049765166323171207e-17 0.1414464908980803126 8.766547423948536078e-17 9.454921296799377503e-17
1367 4.320908988389599692 0.8109276910231325575 5.565689534779681017e-17 5.073991742657518953e-17 0.1415101990031107648 1.939812058576139083e-16 7.005604988918803783e-17
1368 4.324367158864907523 0.8114171948747458396 5.656586338169443189e-17 5.094512551927388804e-17 0.1415760105673151137 2.628949037853803354e-16 5.935100000676397486e-17
1369 4.327824692734181689 0.8119068412674621538 5.752938235332043122e-17 5.116694939647614844e-17 0.1416432974397752453 2.787235979209311147e-16 6.416848134733251095e-17
1370 4.331281590459430397 0.8123966346564703844 5.838746632559441883e-17 5.142929140556325604e-17 0.1417118791511936815 2.482693619582885316e-16 7.590339094471979464e-17
1371 4.334737852502824396 0.812886580548438431 5.90460296887863787e-17 5.171696368123677935e-17 0.1417820606623295121 1.905771070658560813e-16 8.32474946908497295e-17
1372 4.338193479326692525 0.8133766858297315494 5.947411043867143132e-17 5.198614656623072542e-17 0.1418542421556573119 1.239020934362401591e-16 7.791128887928767846e-17
1373 4.341648471393516395 0.8138669573426872139 5.970181302303524898e-17 5.219840727290640778e-17 0.1419284119533347488 6.591748723395838833e-17 6.144722714349832369e-17
1374 4.345102829165917946 0.8143573998246042001 5.978169945294670196e-17 5.234909218548463262e-17 0.1420039616173727759 2.313051977584433385e-17 4.362969222901832844e-17
1375 4.348556553106652345 0.8148480145860902413 5.976436012162581036e-17 5.247475672605027821e-17 0.1420798995172786183 -5.021394880795993826e-18 3.639190399076709113e-17
1376 4.352009643678597328 0.8153388004058509386 5.96828183455554397e-17 5.262386619413799134e-17 0.1421554924689946153 -2.361847239134314312e-17 4.318936899630774928e-17
1377 4.355462101344752313 0.8158297562617181642 5.953616012468234124e-17 5.282053239887060554e-17 0.1422307979346380813 -4.248715139899841712e-17 5.697455461955583936e-17
1378 4.358913926568237507 0.8163208849864418415 5.930260599708837985e-17 5.303088999335130366e-17 0.1423069327021745656 -6.767344251047956804e-17 6.095213440834953326e-17
1379 4.362365119812290359 0.8168121943346676739 5.895100376825583697e-17 5.318348897025277762e-17 0.1423853235961664299 -1.018970986614324848e-16 4.422438690617327412e-17
1380 4.365815681540262894 0.8173036919583044346 5.845724466787963194e-17 5.322424132791713452e-17 0.1424659420401391263 -1.431214557162860774e-16 1.181251494574927569e-17
1381 4.369265612215611938 0.8177953786072047482 5.78276902253753338e-17 5.315565226711487237e-17 0.1425467882183036605 -1.825165763363061959e-16 -1.98849213134831288e-17
1382 4.372714912301892021 0.818287245696869503 5.707756634322541436e-17 5.302398284491905316e-17 0.142625155566668993 -2.175110667778689013e-16 -3.817976892264024029e-17
1383 4.376163582262744711 0.8187792735469711092 5.621964418827237805e-17 5.286763438892412582e-17 0.1426978246811226037 -2.488144222573232982e-16 -4.534414984461107171e-17
1384 4.379611622561895068 0.819271426520150281 5.529469269472237688e-17 5.267833148430858629e-17 0.1427601637069298712 -2.683032183818327519e-16 -5.491161310788600219e-17
1385 4.383059033663142756 0.819763657767841325 5.438923104109214561e-17 5.242120585323315865e-17 0.1428089143001857186 -2.626976574565993744e-16 -7.45987427349952531e-17
1386 4.386505816030358496 0.8202559259632676847 5.36244441880538483e-17 5.206017303462895902e-17 0.1428456713059167993 -2.219247403005009814e-16 -1.04763979912037102e-16
1387 4.389951970127476066 0.8207482066111629893 5.310746226069377135e-17 5.15791890999696136e-17 0.1428753131792388775 -1.500444006795148886e-16 -1.395966520163678696e-16
1388 4.393397496418486092 0.8212404984367095429 5.288967570038647358e-17 5.096849726324667538e-17 0.1429045765471934903 -6.32200141528488481e-17 -1.772742381631695727e-16
1389 4.396842395367428935 0.8217328130165626465 5.295846383901745673e-17 5.023396129565974396e-17 0.142937192448769318 1.997174938963296321e-17 -2.132630502042748228e-16
1390 4.40028666743839203 0.822225171417509948 5.324478626350669591e-17 4.940040069522200744e-17 0.1429759185385334197 8.314514703266012958e-17 -2.420575992525285272e-16
1391 4.403730313095507221 0.8227175938438193725 5.364880134791505536e-17 4.854069428275850702e-17 0.1430205076213772186 1.17343238998761033e-16 -2.496954666289308372e-16
1392 4.407173332802954313 0.8232100931528630872 5.403705878806664794e-17 4.778828273020711214e-17 0.1430688286354817873 1.127870357409231553e-16 -2.185721634500132812e-16
1393 4.410615727024959298 0.8237026745337515665 5.426938073708405595e-17 4.730749275236309954e-17 0.1431186555938970539 6.750073449456999252e-17 -1.396926841366461881e-16
1394 4.414057496225797905 0.8241953392219327768 5.424967733080235485e-17 4.721945922276856086e-17 0.143168840356733662 -5.725829141201209104e-18 -2.558262982291278978e-17
1395 4.417498640869797377 0.8246880893878220098 5.397467055683303979e-17 4.751588437756571588e-17 0.1432196548480986487 -7.993173412269692308e-17 8.615706558257016917e-17
1396 4.420939161421336472 0.8251809312248445938 5.35296028270974659e-17 4.806424162451102976e-17 0.143272268902541744 -1.293840308682966427e-16 1.594109530425384831e-16
1397 4.424379058344849902 0.825673874926511786 5.304029798211422511e-17 4.86513620455684977e-17 0.1433278465364609677 -1.422698159934053161e-16 1.707105807887053628e-16
1398 4.427818332104829224 0.8261669323454605696 5.262550211403322416e-17 4.908099806122442281e-17 0.1433868718290806366 -1.206274962834248323e-16 1.249431849973015369e-16
1399 4.431256983165830832 0.8266601143595997403 5.234608402080800366e-17 4.927390587582773869e-17 0.1434490631133508998 -8.127276044329183966e-17 5.61100049854573864e-17
1400 4.434695011992477731 0.8271534294877251892 5.22026765826679331e-17 4.928143017725092358e-17 0.1435137357744415143 -4.171965547363157324e-17 2.188946871420577536e-18
1401 4.438132419049463095 0.8276468842861057773 5.216072789357210238e-17 4.923039540154510641e-17 0.143580320094255115 -1.220579114374755914e-17 -1.48495656660493771e-17
1402 4.441569204801553816 0.8281404847817054327 5.216132577228044341e-17 4.924962133745366795e-17 0.143648663040065766 1.739959296609720479e-19 5.5951726418013111e-18
1403 4.445005369713593169 0.828634237612082325 5.213759262858962502e-17 4.940831878589486496e-17 0.1437189432627940244 -6.908117020705362019e-18 4.619280778817873247e-17
1404 4.448440914250502587 0.8291281497837225123 5.203418088066937918e-17 4.970274070488416459e-17 0.1437912691849537461 -3.010597295610078346e-17 8.571422985337244555e-17
1405 4.451875838877287883 0.8296222271638934442 5.183067240195749308e-17 5.007804840488096995e-17 0.1438653101640758325 -5.925754059166436475e-17 1.092819886802393634e-16
1406 4.455310144059041022 0.8301164728138413773 5.155936338483509487e-17 5.047596369556882759e-17 0.143940249890709554 -7.90139229881157313e-17 1.158857470631729795e-16
1407 4.458743830260942786 0.8306108865348398318 5.12972274297086566e-17 5.086340188314813787e-17 0.1440151392365806304 -7.63561860706643245e-17 1.128548059247265888e-16
1408 4.46217689794826633 0.8311054669789301741 5.115047563885744847e-17 5.123871058524502759e-17 0.1440896433260841214 -4.275424443865070105e-17 1.093413572422598841e-16
1409 4.465609347586378952 0.8316002151659938058 5.123214532407308697e-17 5.161422496851631407e-17 0.1441644518806039776 2.379769287130118252e-17 1.09420967379158672e-16
1410 4.469041179640742989 0.8320951379715363361 5.164174941347834732e-17 5.197053102778770669e-17 0.1442412716046162779 1.193758179025442251e-16 1.038425356321845154e-16
1411 4.472472394576917587 0.8325902453844706841 5.244457606713448967e-17 5.225054518665861474e-17 0.1443210110886910258 2.34019429638316651e-16 8.162254385949829998e-17
1412 4.475902992860559593 0.8330855429811522272 5.361007337582116257e-17 5.239539134366394139e-17 0.1444023854043423039 3.397969073226079451e-16 4.222942071263643514e-17
1413 4.47933297495742444 0.83358102628184505 5.4972776464409259e-17 5.241301313357887221e-17 0.1444824630488238393 3.973629350739502629e-16 5.13849731500087156e-18
1414 4.482762341333366152 0.8340766798041293617 5.629410540302567059e-17 5.241065077634631497e-17 0.1445580343387806999 3.853674098814924449e-16 -6.889847496106209573e-19
1415 4.486191092454335561 0.8345724721445055838 5.732566763156052992e-17 5.253731858073262546e-17 0.1446244525754356858 3.009105031476618052e-16 3.694946528299126404e-17
1416 4.489619228786382088 0.8350683531859117714 5.793136937410196725e-17 5.290338802880477957e-17 0.1446762530088882837 1.767170979220330606e-16 1.068029460007800474e-16
1417 4.493046750795648414 0.83556426898526448 5.814539832247271146e-17 5.350829880089355004e-17 0.1447123112881504858 6.245540844177870425e-17 1.765179412842508937e-16
1418 4.496473658948370478 0.8360601794164377321 5.811564012823103305e-17 5.424687775600792181e-17 0.1447366515573054735 -8.685240559960112625e-18 2.155620010271619116e-16
1419 4.499899953710874811 0.8365560686578683569 5.801056448508843779e-17 5.499519744827144646e-17 0.1447563623184804915 -3.067291362424909457e-17 2.184440142134060074e-16
1420 4.503325635549574102 0.8370519442560028223 5.792164212987568314e-17 5.567298186308476724e-17 0.1447782637130520245 -2.596220552374499832e-17 1.978892510895887673e-16
1421 4.506750704930965412 0.8375478268109725066 5.785021116814978161e-17 5.626365445347827051e-17 0.1448061688028416949 -2.085905986763809306e-17 1.724864768371675244e-16
1422 4.510175162321623077 0.8380437427847802212 5.775421963827846294e-17 5.676812199929865719e-17 0.1448417928649065878 -2.803617149020820198e-17 1.473394438532674594e-16
1423 4.513599008188197814 0.8385397132516716479 5.759645345503422012e-17 5.71683944376595232e-17 0.1448835661394232144 -4.608687163954611852e-17 1.169281281212611451e-16
1424 4.517022242997411396 0.8390357495426118417 5.737458065505289819e-17 5.743207973544889967e-17 0.1449286451718677093 -6.482534622785564889e-17 7.704184886939728103e-17
1425 4.520444867216053986 0.8395318554986515025 5.711928149944789889e-17 5.755920890564660716e-17 0.1449748429661180948 -7.460493981704813553e-17 3.715039350253862375e-17
1426 4.523866881310979693 0.8400280328263213248 5.685536951343556974e-17 5.76173297456912122e-17 0.1450215362267409658 -7.71355713085446374e-17 1.698742171401091981e-17
1427 4.527288285749103913 0.8405242860954911244 5.659545396523565941e-17 5.77015931637921758e-17 0.1450695622360292647 -7.59810305306043281e-17 2.463269853490077941e-17
1428 4.530709080997402438 0.841020624773488934 5.633727006166952703e-17 5.785976722793031452e-17 0.1451203536113804815 -7.548825236313173468e-17 4.624720405121492334e-17
1429 4.534129267522905238 0.8415170618193773544 5.606650074864367286e-17 5.805029841303994729e-17 0.1451749329074436545 -7.918207792405282792e-17 5.571774355712494652e-17
1430 4.537548845792694685 0.8420136107465696629 5.577927401469020845e-17 5.81765267755148899e-17 0.1452334642612007343 -8.400971448345349511e-17 3.6919991900725462e-17
1431 4.540967816273900226 0.8425102834087581094 5.549324856641522122e-17 5.816121490990146761e-17 0.1452954642238910854 -8.367321870273663056e-17 -4.479297516865998098e-18
1432 4.544386179433696604 0.8430070893428778245 5.525051703684639231e-17 5.803102530347866415e-17 0.1453602567585345062 -7.10207246699547829e-17 -3.809212675859598592e-17
1433 4.54780393573929409 0.8435040364583753503 5.509683192975486149e-17 5.79184869229171259e-17 0.1454273670541715857 -4.497464575759240245e-17 -3.293340451572667484e-17
1434 4.551221085657936705 0.8440011320201681322 5.506163088437288393e-17 5.798782577334390395e-17 0.1454966076668249286 -1.030311489994524221e-17 2.029502633302274167e-17
1435 4.554637629656894227 0.8444983829423545751 5.513045389489884634e-17 5.833433568750450546e-17 0.1455678770002435951 2.014761377812602476e-17 1.01439153379747229e-16
1436 4.558053568203456862 0.8449957950768091086 5.525161857209988741e-17 5.893200681764140508e-17 0.145640865087278415 3.547667453857646563e-17 1.749964152488806244e-16
1437 4.561468901764929917 0.8454933720264391495 5.536913771164046788e-17 5.962485789399083134e-17 0.1457149142034898648 3.441536298688092942e-17 2.029007477559227154e-16
1438 4.564883630808624027 0.8459911144778378134 5.547084528979091345e-17 6.021197133690198846e-17 0.1457891706910844909 2.97902327396153112e-17 1.719660071249414477e-16
1439 4.568297755801853377 0.8464890217223525193 5.561030745960842271e-17 6.055658909388010015e-17 0.1458632258890103783 4.085580638396377027e-17 1.009566707157687769e-16
1440 4.571711277211927715 0.8469870945422215414 5.585918129728728976e-17 6.066438256609046681e-17 0.1459375164980637463 7.292112386647650034e-17 3.15839592154806789e-17
1441 4.57512419550614613 0.8474853391477068509 5.624527287204801843e-17 6.066078366571065897e-17 0.14601363332878875 1.131465007504375747e-16 -1.05467979915545424e-18
1442 4.578536511151791721 0.8479837663118708901 5.671305886206670682e-17 6.068042571274126789e-17 0.1460929147113012583 1.371117460212230943e-16 5.757238184261522043e-18
1443 4.581948224616123611 0.848482383922246397 5.715659507682388251e-17 6.077733232672193017e-17 0.1461745163696368532 1.30026878985931962e-16 2.840909975276484559e-17
1444 4.585359336366373384 0.8489811895300513056 5.749490974583966782e-17 6.089657071627701443e-17 0.1462554087763240918 9.919766225098317858e-17 3.496203557725183544e-17
1445 4.588769846869733549 0.8494801696987366313 5.771496548030408663e-17 6.093993726406769901e-17 0.1463323692204573645 6.453418192864769068e-17 1.271779938638093514e-17
1446 4.592179756593354867 0.8499792965864615413 5.785868372888697139e-17 6.086687607830107024e-17 0.1464011703125475683 4.215465106219889709e-17 -2.142990763212912533e-17
1447 4.595589066004333922 0.8504785196657066448 5.797511216950629217e-17 6.073169078780619246e-17 0.1464551525058452874 3.415616331822393275e-17 -3.965878814319710693e-17
1448 4.598997775569708679 0.8509777755065511817 5.808102389073306866e-17 6.064481439410325906e-17 0.1464905221629032306 3.10763782341249685e-17 -2.549107538860801795e-17
1449 4.602405885756450488 0.8514770102006785635 5.817778237400950441e-17 6.071299492750495987e-17 0.1465100637491141555 2.839564581519803544e-17 2.000889443910284269e-17
1450 4.605813397031458756 0.8519761938143780577 5.828017132657518523e-17 6.096769929738436037e-17 0.1465208059595304035 3.00532938973980328e-17 7.476104690129072712e-17
1451 4.609220309861554732 0.8524753278095890119 5.843267703779618332e-17 6.137650829484976331e-17 0.1465319610515737891 4.477146648233025331e-17 1.200150353790682072e-16
1452 4.612626624713474399 0.8529744316702192464 5.867971635987504982e-17 6.187200596041649932e-17 0.1465488209226109839 7.253664863755123383e-17 1.454899558721519277e-16
1453 4.616032342053866699 0.85347353673440296 5.899688275408481683e-17 6.241127993496669276e-17 0.146574869867258456 9.314396164984090204e-17 1.583714899222222351e-16
1454 4.619437462349287316 0.8539726722760390132 5.929837983501282856e-17 6.298730197551298995e-17 0.1466095063921448449 8.85577854637330741e-17 1.691931349121793908e-16
1455 4.622841986066194231 0.8544718566289470907 5.948060609848755002e-17 6.36068412411865146e-17 0.1466495210450233233 5.353411841679871425e-17 1.820071804140577933e-16
1456 4.626245913670940624 0.8549710973372701694 5.946567954293883241e-17 6.425913619357434794e-17 0.1466917463127455634 -4.385865301791374206e-18 1.916636285493816078e-16
1457 4.629649245629773091 0.8554703968476465858 5.925013406322640717e-17 6.492140960147546565e-17 0.1467346852835541005 -6.334474092724830303e-17 1.94629632235731041e-16
1458 4.63305198240882099 0.8559697590009242019 5.890921108978620697e-17 6.5558286578992123e-17 0.1467787481230272695 -1.002083296050516703e-16 1.871988192431161438e-16
1459 4.636454124474095551 0.8564691928184056113 5.855108984531619542e-17 6.612720726992663303e-17 0.1468254583777564848 -1.05281849233373602e-16 1.672534744409128506e-16
1460 4.639855672291480104 0.8569687121772689986 5.827072262754711233e-17 6.658956509521441942e-17 0.14687624522000986 -8.243781446709784774e-17 1.359494484475614485e-16
1461 4.643256626326730085 0.857468332883977169 5.810831664610388939e-17 6.690476554360979853e-17 0.146931678146652811 -4.776139794471082547e-17 9.269617974893397784e-17
1462 4.64665698704546859 0.8579680698422510465 5.805139612262395755e-17 6.70327013314791955e-17 0.1469914940426743089 -1.674247351427820512e-17 3.7630742111622523e-17
1463 4.650056754913184598 0.8584679356509962167 5.803796270609614787e-17 6.697553429999094744e-17 0.147055017131293847 -3.951963233069148389e-18 -1.681791122292030484e-17
1464 4.653455930395234752 0.8589679404904571047 5.800264982882917369e-17 6.679889441387508775e-17 0.1471215376630955196 -1.03904690371152662e-17 -5.197456025829978483e-17
1465 4.656854513956846908 0.8594680925698204854 5.790009816860879409e-17 6.662302457759642482e-17 0.1471904771173815352 -3.018007606052331715e-17 -5.175698788528284815e-17
1466 4.660252506063120137 0.8599683984338767351 5.774962015888008297e-17 6.658028233179731526e-17 0.1472613468316580632 -4.429209404330439467e-17 -1.258086529699009857e-17
1467 4.663649907179030052 0.8604688629742659467 5.761817462697352122e-17 6.674408964908282307e-17 0.1473336611123371998 -3.869675049823371187e-17 4.8223859684239409e-17
1468 4.667046717769432362 0.86096948922426908 5.757153792356169149e-17 6.710877381032272051e-17 0.1474068735039894273 -1.373194202347079478e-17 1.073794113362190348e-16
1469 4.67044293829906465 0.8614702782751547661 5.761747231883801816e-17 6.759042713772758717e-17 0.1474804125347255745 1.35274993590699416e-17 1.418450169762384025e-16
1470 4.673838569232547258 0.8619712307588729416 5.770131290652625772e-17 6.80750503061104659e-17 0.1475541430586024549 2.469500895184514794e-17 1.427443892209900216e-16
1471 4.677233611034384175 0.8624723490361667633 5.776324698352424356e-17 6.846391906637822913e-17 0.1476285744496670382 1.824567155371977207e-17 1.145600616212937742e-16
1472 4.680628064168961266 0.8629736406882715372 5.778857111802375217e-17 6.870539025962909054e-17 0.1477052452616312572 7.461739052670358663e-18 7.114932329908701382e-17
1473 4.684021929100547155 0.8634751175111600174 5.78255908198274923e-17 6.878301878937429528e-17 0.1477853987174196915 1.090971933648442346e-17 2.287715542696919838e-17
1474 4.687415206293291448 0.863976787749562658 5.794496614045542601e-17 6.868989844197809857e-17 0.1478679898658054048 3.518603925368197776e-17 -2.74473499343428763e-17
1475 4.690807896211223849 0.8644786483754024475 5.818932169103883372e-17 6.842936014819097379e-17 0.1479496966939039815 7.203659289627530766e-17 -7.680730377772417339e-17
1476 4.694199999318255045 0.8649806846144778572 5.852767942907437901e-17 6.800653589366290306e-17 0.1480270553303435488 9.976590475197383827e-17 -1.246711381539064319e-16
1477 4.697591516078181151 0.8654828663603923999 5.888378398752851227e-17 6.743927652506926438e-17 0.1480955419627948133 1.050167554052513277e-16 -1.672872108729488551e-16
1478 4.700982446954687255 0.8659851383961079119 5.916238202206775665e-17 6.677967806256620144e-17 0.1481477454541601513 8.217393716962504613e-17 -1.94551992100546882e-16
1479 4.704372792411351867 0.8664874286681416571 5.928780364855952475e-17 6.612362781291681704e-17 0.1481786904971506558 3.700014395724774578e-17 -1.935388206898184332e-16
1480 4.707762552911654019 0.8669896741919091987 5.922773594035410262e-17 6.558076667824400923e-17 0.1481910419175071214 -1.772339591557721028e-17 -1.601749609637508668e-16
1481 4.711151728918980375 0.8674918383316476689 5.8985339723786442e-17 6.523977921510607042e-17 0.1481925658357527709 -7.15330196631485535e-17 -1.006280677599787483e-16
1482 4.714540320896630554 0.8679939196261061696 5.859238857554503325e-17 6.514320336846029827e-17 0.1481936387170862679 -1.159829317257431069e-16 -2.850519683681155989e-17
1483 4.717928329307821578 0.8684959400214523617 5.809355960927239713e-17 6.525450214431065747e-17 0.1482011704229312665 -1.472590303656663434e-16 3.285645165130927379e-17
1484 4.721315754615688753 0.8689979350970793437 5.75621219781252397e-17 6.548401871283206388e-17 0.1482191896392519581 -1.569124058319760788e-16 6.776711853703974194e-17
1485 4.724702597283286565 0.8694999398914226019 5.708538878624736847e-17 6.573544731029491739e-17 0.1482475420249982911 -1.40784559617772298e-16 7.424963265026975949e-17
1486 4.728088857773586007 0.8700019776034486618 5.674715349775251053e-17 6.595255186904360796e-17 0.1482827359766270559 -9.99017659040996626e-17 6.412438188026016846e-17
1487 4.731474536549470145 0.8705040586680873327 5.661178380755499206e-17 6.612412888481852148e-17 0.1483210043553099544 -3.998989371131219477e-17 5.068598896940211054e-17
1488 4.734859634073728785 0.8710061869089150699 5.66835800259563956e-17 6.625486935505552817e-17 0.1483603953224191252 2.121313735935007514e-17 3.862899210175400718e-17
1489 4.738244150809050481 0.8715083669179934933 5.691045390501845395e-17 6.633698012036133821e-17 0.1484011365424742768 6.704436834591054029e-17 2.426486652886690073e-17
1490 4.741628087218019871 0.8720106085464078838 5.720434896602099589e-17 6.634301753496777153e-17 0.148444783078964887 8.686493932458586529e-17 1.784445276747975446e-18
1491 4.745011443763107906 0.8725129270557836492 5.74744859298795849e-17 6.625089468340116834e-17 0.1484929358504482599 7.985656529945269138e-17 -2.723290588085443275e-17
1492 4.748394220906672736 0.8730153403690846803 5.765373411704078613e-17 6.606704228001018359e-17 0.1485463840247748246 5.299754075154810245e-17 -5.435884956661221341e-17
1493 4.751776419110954386 0.8735178659322233585 5.772716933592467007e-17 6.583441807066191251e-17 0.1486049892330259803 2.17159896173312841e-17 -6.879076540828200198e-17
1494 4.755158038838073864 0.8740205188462006891 5.772395709375482108e-17 6.560206916843964951e-17 0.1486680605563520663 -9.50074693988363214e-19 -6.872109900339717009e-17
1495 4.758539080550034051 0.8745233111457333397 5.769932478979620756e-17 6.537868409234594064e-17 0.1487346932049198323 -7.286663251644395709e-18 -6.608118459697201326e-17
1496 4.761919544708722363 0.8750262517331636181 5.772935548080825268e-17 6.513066930014975939e-17 0.1488039622132387718 8.885116696241184388e-18 -7.337960921955357076e-17
1497 4.765299431775906314 0.8755293465683027243 5.785960889920485717e-17 6.483881856983766632e-17 0.1488749981598236627 3.854437785819139731e-17 -8.636398925889610151e-17
1498 4.768678742213237065 0.8760325992441381215 5.812175319427642181e-17 6.455230811729541719e-17 0.1489471014194937715 7.758653809391678657e-17 -8.479816100673053479e-17
1499 4.772057476482244098 0.8765360117756330061 5.852872398153947101e-17 6.437177766551982972e-17 0.1490198053887092366 1.204711915627925645e-16 -5.344049086431490566e-17
1500 4.775435635044334326 0.8770395854050684337 5.909034176688385421e-17 6.441889442318187029e-17 0.1490928815828146403 1.662779960480360065e-16 1.394984320078122129e-17
1501 4.77881321836078321 0.8775433223930586557 5.98113378356468285e-17 6.475509309937853694e-17 0.1491666317170968481 2.135014057389825729e-16 9.955517524349894359e-17
1502 4.782190226892729434 0.8780472279881872399 6.066617797844404602e-17 6.534243981610880421e-17 0.149241941060066885 2.531783799196981013e-16 1.739547346318255322e-16
1503 4.785566661101165131 0.8785513130478096455 6.160490703260962312e-17 6.605721833730277341e-17 0.1493204718183394342 2.780710568621038077e-16 2.117322542950529699e-16
1504 4.788942521446929668 0.8790555906214592152 6.256712207724168734e-17 6.676921166838622786e-17 0.1494028750890175616 2.850765166523907749e-16 2.109430525300272752e-16
1505 4.792317808390698985 0.8795600669277356953 6.352905136477077369e-17 6.738762818689410509e-17 0.1494871286679432809 2.850402395221786167e-16 1.832500526236748124e-16
1506 4.795692522392980273 0.8800647342089658043 6.451504235009226063e-17 6.789292584243315995e-17 0.1495690912993652977 2.92219807363873648e-16 1.497559163939947623e-16
1507 4.799066663914104858 0.8805695728561453439 6.555468965437716674e-17 6.83107825371662219e-17 0.1496452487970213741 3.08174265936359413e-16 1.23861890119099912e-16
1508 4.802440233414225546 0.881074547732189739 6.662360228385958451e-17 6.866597024429511114e-17 0.1497109945406915332 3.169028409699592729e-16 1.053032683515526266e-16
1509 4.805813231353312176 0.8815795961007540926 6.763616099233571988e-17 6.897161997311385158e-17 0.1497581394197819715 3.002463084193980303e-16 9.063198210534284208e-17
1510 4.809185658191152513 0.8820846379074213095 6.849633743645364013e-17 6.921325065224015689e-17 0.1497815379068078157 2.551047239463252741e-16 7.166102735897482052e-17
1511 4.812557514387351354 0.8825896042076887271 6.914623916139396837e-17 6.936640239490144258e-17 0.1497844733950032814 1.927756121094211113e-16 4.542828523784071861e-17
1512 4.815928800401327869 0.883094455801368583 6.960291732650757558e-17 6.941149359728168599e-17 0.1497757598374766519 1.354840116132115309e-16 1.337733540516203656e-17
1513 4.81929951669232004 0.8835991925350948906 6.99237998017894446e-17 6.933589939930301215e-17 0.1497669774267441078 9.521319773455362926e-17 -2.243053414931897844e-17
1514 4.822669663719379329 0.8841038408450899722 7.015522553939287558e-17 6.914720992969400088e-17 0.1497660172129597622 6.868092157442515657e-17 -5.599794905415389824e-17
1515 4.826039241941369795 0.8846084419515465314 7.029883625041759431e-17 6.88911243271188828e-17 0.149777271391080713 4.262697834901767904e-17 -7.601212582664323909e-17
1516 4.829408251816967201 0.8851130363220514052 7.031457922810718854e-17 6.865297627014495393e-17 0.149800522719276491 4.673667454313776741e-18 -7.069976500842758639e-17
1517 4.832776693804652801 0.8856176508101053502 7.017978161554375014e-17 6.852465838399478342e-17 0.1498317349280596233 -4.002453483336908796e-17 -3.810055390665561424e-17
1518 4.83614456836271156 0.8861222975768842103 6.99304409149604235e-17 6.857106339946741712e-17 0.1498665488119053646 -7.40474976452945188e-17 1.378104443398422284e-17
1519 4.83951187594922505 0.8866269813967320168 6.964235982979412882e-17 6.880488616837942086e-17 0.1499027721253705925 -8.556674806087351854e-17 6.945077267686639498e-17
1520 4.842878617022069676 0.887131708031106303 6.937875660753330297e-17 6.917482083020476535e-17 0.149940698819495899 -7.830942269543317956e-17 1.098976315771602438e-16
1521 4.846244792038913118 0.8876364890838532862 6.917706970298581489e-17 6.958289206512357442e-17 0.1499820656557281084 -5.992582010581398845e-17 1.212473535104703055e-16
1522 4.849610401457213449 0.8881413421581294543 6.902833360847076206e-17 6.993219119597166531e-17 0.1500286571937482494 -4.420033802573057853e-17 1.038022391667524767e-16
1523 4.852975445734215576 0.8886462878811018928 6.89001347357630114e-17 7.015395130619362607e-17 0.1500813748617257082 -3.81036261846976069e-17 6.591215791606686231e-17
1524 4.85633992532695391 0.8891513462487812269 6.87867273263975027e-17 7.023882455033664796e-17 0.1501400341070851518 -3.371291993115588827e-17 2.523049331697051191e-17
1525 4.859703840692252363 0.8896565342252704678 6.869846263586274561e-17 7.023590830462618509e-17 0.1502037364512080753 -2.624307571047933755e-17 -8.670653746845622828e-19
1526 4.863067192286727014 0.8901618645578500688 6.863998496573227162e-17 7.02345962703651297e-17 0.1502712304477045457 -1.738963778280164375e-17 -3.901626126244514225e-19
1527 4.866429980566786107 0.8906673455120536209 6.858284101505282035e-17 7.031134323448948824e-17 0.1503411850136838479 -1.699587133811875485e-17 2.282623991410123651e-17
1528 4.869792205988632716 0.8911729814113444892 6.845570093178955135e-17 7.047067886258201571e-17 0.1504124287109310232 -3.782059133253928888e-17 4.739785848906821416e-17
1529 4.873153869008266525 0.8916787742184584253 6.817701141092845171e-17 7.065857255249151612e-17 0.1504842597993423514 -8.291613813157986863e-17 5.590242180061400494e-17
1530 4.876514970081483824 0.8921847252706256448 6.771925612748451965e-17 7.081826273035135552e-17 0.1505564924209470135 -1.362148167639377711e-16 4.751920753929096843e-17
1531 4.879875509663879285 0.8926908371528166075 6.715015634339436475e-17 7.094874498854436242e-17 0.1506294981104088215 -1.693760171785375347e-16 3.883425336476855815e-17
1532 4.8832354882108433 0.8931971153413310605 6.65952561272847765e-17 7.110987963600729697e-17 0.1507041378981845148 -1.651774865784606903e-16 4.796504902311485954e-17
1533 4.886594906177564646 0.8937035695540331837 6.613687088338023184e-17 7.137027614149781658e-17 0.1507816753809150534 -1.364705699199490802e-16 7.752531300255957297e-17
1534 4.889953764019027815 0.8942102144656793872 6.576332363816115646e-17 7.176305910536844989e-17 0.1508635879993129592 -1.112311135582042793e-16 1.169589309443300332e-16
1535 4.893312062190012135 0.8947170626172649133 6.539022007277670634e-17 7.225622546547021605e-17 0.1509492424414163314 -1.111175020976030138e-16 1.468745386997575767e-16
1536 4.896669801145093537 0.8952241148332458209 6.492331668984517227e-17 7.277591869904126579e-17 0.1510351505573648556 -1.39076056694463565e-16 1.548005181758427522e-16
1537 4.900026981338642784 0.8957313565337406969 6.432966555997085587e-17 7.32639937667405672e-17 0.151116723209986703 -1.768596970418594976e-16 1.454066273322175152e-16
1538 4.903383603224825471 0.8962387608197300848 6.36656089018284188e-17 7.370054605952643545e-17 0.1511902875015727343 -1.978676961037629566e-16 1.300786541979503079e-16
1539 4.90673966725760291 0.8967462814817369621 6.303910727117067769e-17 7.408750796902743688e-17 0.151250084561266096 -1.86708506093256004e-16 1.153214556873134073e-16
1540 4.910095173890733022 0.8972538418803037708 6.255840459455235655e-17 7.442749634575520617e-17 0.1512870373371655031 -1.432816350349180746e-16 1.013393369330061326e-16
1541 4.913450123577768558 0.8977613529403981607 6.229220398281239725e-17 7.472075859418781365e-17 0.1512974271944337035 -7.935879794687904462e-17 8.742631869510947544e-17
1542 4.916804516772057099 0.8982687444307004832 6.223717292629381947e-17 7.498695820550773428e-17 0.1512868594688727142 -1.640838656751562596e-17 7.937165671507042579e-17
1543 4.920158353926741945 0.8987759827853776251 6.234451012333196329e-17 7.527430688093896594e-17 0.1512662579590460521 3.200959861583820373e-17 8.569178269186368525e-17
1544 4.923511635494760341 0.8992830779420941667 6.25283857037624831e-17 7.565720082167696867e-17 0.1512485932529621657 5.484359790333004889e-17 1.14203752756565055e-16
1545 4.926864361928839919 0.8997900655898747324 6.267894186160176017e-17 7.620136233409893955e-17 0.1512415488192626334 4.49130202591199249e-17 1.623310356905532841e-16
1546 4.930216533681500479 0.900296994412765117 6.270077225194025736e-17 7.690516070944403219e-17 0.1512490071819156401 6.51338948585474027e-18 2.099876762190043836e-16
1547 4.933568151205050434 0.9008039082674874631 6.254146600163319246e-17 7.768400779574149347e-17 0.1512695350085606627 -4.753900920917972222e-17 2.324178664469810604e-16
1548 4.936919214951585033 0.9013108342527940131 6.223689356961268677e-17 7.84052555555968605e-17 0.1512981371639866568 -9.090329344300171967e-17 2.152650399916240238e-16
1549 4.940269725372986365 0.9018177839426507747 6.190984612085976688e-17 7.894497942319830202e-17 0.1513301833240992822 -9.762734126425575812e-17 1.611136439428318256e-16
1550 4.943619682920920688 0.9023247626212697048 6.168634466807813602e-17 7.924107418087295274e-17 0.1513637973192272779 -6.672870088254488148e-17 8.84021927905118496e-17
1551 4.946969088046835772 0.9028317781665964326 6.162985423699413821e-17 7.933221198481984891e-17 0.1513997544355582814 -1.686859007166019705e-17 2.721463131562342256e-17
1552 4.950317941201960892 0.9033388454457043082 6.169771520136191206e-17 7.9328868860545944e-17 0.1514401431923923791 2.026727928315768634e-17 -9.984537350561136496e-19
1553 4.953666242837305056 0.9038459856202862852 6.180029458562418255e-17 7.935244557592269616e-17 0.1514868460271731609 3.064128650842965524e-17 7.042554368814783846e-18
1554 4.957013993403654339 0.9043532223458212727 6.187047886978312489e-17 7.946853991882646346e-17 0.1515406110862647926 2.096805845215587999e-17 3.468401789862607832e-17
1555 4.96036119335156922 0.9048605774273883462 6.191935655256620333e-17 7.967169029387581961e-17 0.1516008889330015541 1.460495898851207024e-17 6.070260959923332166e-17
1556 4.963707843131381914 0.9053680679795147457 6.203119303351381766e-17 7.99199980024403884e-17 0.1516662809693713754 3.342293382794588968e-17 7.420809419253501799e-17
1557 4.96705394319319371 0.9058757053276004223 6.229202214275173277e-17 8.018455187118824597e-17 0.1517350593048452656 7.796297988690460586e-17 7.907632705741507731e-17
1558 4.970399493986868755 0.9063834953555702789 6.272669309120213163e-17 8.047397557112545018e-17 0.1518055988426856573 1.299463951524358621e-16 8.652422392754330583e-17
1559 4.973744495962033163 0.9068914402511889516 6.325700559659887569e-17 8.082198938853527451e-17 0.1518767952714158431 1.5856476658539416e-16 1.040570025494620778e-16
1560 4.977088949568068799 0.9073995411339614847 6.374302753516738078e-17 8.124357527667073832e-17 0.1519483294320755629 1.453455881238535787e-16 1.260758908049345576e-16
1561 4.980432855254110613 0.9079078004501964783 6.404825473897522671e-17 8.171795929185789123e-17 0.1520205983208213485 9.129359888645350427e-17 1.418884799924528708e-16
1562 4.983776213469043981 0.9084162245215916531 6.409859999130815986e-17 8.218866599400892087e-17 0.152094761601467815 1.506075259247831654e-17 1.408116327997814582e-16
1563 4.987119024661499367 0.9089248235513490703 6.390601614671199081e-17 8.259301042166978506e-17 0.1521719815255161701 -5.762076513590830727e-17 1.209791784410286198e-16
1564 4.99046128927985233 0.9094336123297757091 6.355550138856193917e-17 8.287877645212988023e-17 0.1522536322519549568 -1.048905702112655395e-16 8.551469284821782345e-17
1565 4.993803007772220859 0.909942607205134979 6.317565656280058428e-17 8.302291151522973826e-17 0.152340182222718501 -1.136860757821859548e-16 4.313906257271396201e-17
1566 4.997144180586463591 0.9104518161497752171 6.289249771410488999e-17 8.303261050755103683e-17 0.1524291265277785135 -8.47621716578233626e-17 2.90334438013232625e-18
1567 5.000484808170178042 0.9109612306536818416 6.279280298001641918e-17 8.294597553791718289e-17 0.1525155315990419924 -2.984798283229449246e-17 -2.593797064560233907e-17
1568 5.003824890970701489 0.9114708272954993307 6.289700400191868084e-17 8.283856484363136828e-17 0.1525949310807524495 3.12022224067473604e-17 -3.216333497298023707e-17
1569 5.007164429435106534 0.9119805689504928425 6.315895438750126682e-17 8.279900108147621605e-17 0.1526632174833470468 7.84518751651842988e-17 -1.184900462260476883e-17
1570 5.010503424010201989 0.9124903922953285784 6.349976483073645928e-17 8.290271282436093616e-17 0.1527125378290392077 1.020863956746668861e-16 3.106582626909801886e-17
1571 5.013841875142528437 0.9130002016969661627 6.386898122470301952e-17 8.318206647891089371e-17 0.1527332032194837763 1.10613108252840993e-16 8.369123510360599325e-17
1572 5.017179783278358229 0.9135099035273488433 6.426044099377770914e-17 8.361847651086369848e-17 0.1527258004405034619 1.17296040564147246e-16 1.307648265657899913e-16
1573 5.020517148863691936 0.9140194338967945198 6.469089495480348016e-17 8.414793188462422561e-17 0.1526992279973498068 1.29001118438811256e-16 1.58670477130208223e-16
1574 5.023853972344256569 0.9145287731455258307 6.515052999394381556e-17 8.467068288222299394e-17 0.1526667338135278273 1.37768648983154462e-16 1.566867026249279475e-16
1575 5.027190254165503802 0.9150379477910774995 6.556674914467738297e-17 8.508121341240156196e-17 0.152642158226368424 1.247756344864385593e-16 1.230702798965517341e-16
1576 5.030525994772607312 0.9155470052727832098 6.581873809254877245e-17 8.532552753109419971e-17 0.1526317781405054641 7.555437758519600718e-17 7.32532173693551378e-17
1577 5.033861194610462775 0.9160560014318206434 6.581828162656684922e-17 8.541972982958700326e-17 0.1526381200297207696 -1.368853342023099599e-19 2.824945039194920497e-17
1578 5.037195854123684313 0.9165649807688573958 6.559173798443119107e-17 8.542360614767477598e-17 0.1526577906834869214 -6.794706461595370373e-17 1.162621175764564514e-18
1579 5.040529973756608939 0.9170739679205373029 6.527473137307718823e-17 8.540529541827877831e-17 0.1526848378167310616 -9.509494076947112918e-17 -5.492812026602897359e-18
1580 5.043863553953293888 0.917582972770115135 6.505249456523601267e-17 8.54102761065899843e-17 0.1527148386083215514 -6.66768858301478138e-17 1.49433745520330938e-18
1581 5.047196595157517507 0.9180920017012451639 6.505182798780025938e-17 8.546375791388380072e-17 0.1527467443502223965 -2.000230771620735657e-19 1.604854153959557229e-17
1582 5.05052909781278192 0.9186010663353347816 6.529450405476246968e-17 8.557272263308047086e-17 0.1527821279374790564 7.28327277660779951e-17 3.270284469623431672e-17
1583 5.053861062362313028 0.9191101863909801883 6.570726792916585774e-17 8.574121569397769378e-17 0.1528234216006311985 1.239000249547961966e-16 5.057684488510704524e-17
1584 5.057192489249063172 0.9196193871706778156 6.620452146562444962e-17 8.596786529961545786e-17 0.1528723045966550176 1.49285502140057094e-16 6.804476530917129999e-17
1585 5.060523378915710246 0.920128694450306206 6.673818484535924638e-17 8.622863232336893806e-17 0.1529289227331144807 1.602422918920308148e-16 7.830011786996954126e-17
1586 5.063853731804661251 0.9206381296312406981 6.728776886178115861e-17 8.64896087585760744e-17 0.1529919660036158646 1.650493375866148673e-16 7.837561950416335485e-17
1587 5.067183548358050516 0.9211477072618773354 6.779844334422126204e-17 8.672137734682896657e-17 0.1530593791043963481 1.533888351988475042e-16 6.961521479969935027e-17
1588 5.070512829017741474 0.9216574350585682307 6.817799216776452155e-17 8.691505257628471684e-17 0.1531291116933209129 1.140215906817926963e-16 5.818265363609894381e-17
1589 5.073841574225326667 0.9221673158272327697 6.835352634481946363e-17 8.706718408513022974e-17 0.1531996894771689433 5.274131340132595023e-17 4.570970577271663123e-17
1590 5.077169784422126853 0.92267735086960323 6.831427014503355904e-17 8.717952039938207706e-17 0.1532706608246001689 -1.179688292530733979e-17 3.37581924566591046e-17
1591 5.08049746004919367 0.9231875429469538208 6.812408405798569649e-17 8.724801620488590762e-17 0.1533424645870445358 -5.716200743361455377e-17 2.058698301309638885e-17
1592 5.083824601547306976 0.9236978987187212109 6.787815240111148374e-17 8.725503688644131132e-17 0.153416272962408673 -7.39286597473904136e-17 2.110462656582445014e-18
1593 5.087151209356978399 0.9242084297290298345 6.766413337575121673e-17 8.717390778931688763e-17 0.1534935555031214094 -6.434582911623312444e-17 -2.439184559005854112e-17
1594 5.090477283918449558 0.9247191522198300317 6.753510077525968955e-17 8.699485835804748015e-17 0.1535757265119372106 -3.88004752505844992e-17 -5.384068057324942196e-17
1595 5.093802825671693846 0.9252300858444379994 6.750403797223076251e-17 8.673844899271115308e-17 0.1536638142904407645 -9.342170031656863591e-18 -7.711538094131616611e-17
1596 5.097127835056416423 0.9257412439040942909 6.756756266829630192e-17 8.646807312563307787e-17 0.1537559109595207363 1.91081747171333747e-17 -8.132883157904738849e-17
1597 5.100452312512055997 0.926252622451101626 6.771508065910974615e-17 8.628319405655600517e-17 0.1538468291240983055 4.438038173134386718e-17 -5.562035935096453129e-17
1598 5.10377625847778571 0.9267641976692405636 6.791923875386796126e-17 8.626572455576088233e-17 0.1539305898496482194 6.143021560551449955e-17 -5.256491062165169323e-18
1599 5.107099673392512251 0.9272759339856901928 6.811593192002623623e-17 8.646657776781751589e-17 0.1540036516124338173 5.91935042752966014e-17 6.044544250721182385e-17
1600 5.110422557694875856 0.9277877784676461514 6.822653680458425036e-17 8.689185050782603263e-17 0.154060784064032591 3.329111837095962245e-17 1.280034347862872093e-16
1601 5.113744911823252082 0.9282996443059855496 6.81838502702436697e-17 8.749413264411680225e-17 0.1540917814606888037 -1.285032840296780299e-17 1.813106489467520302e-16
1602 5.117066736215749145 0.9288114254134979264 6.797468825335832343e-17 8.81873560208029765e-17 0.1540908269084907967 -6.297604125398829598e-17 2.087208022685460617e-16
1603 5.12038803131020881 0.9293230336671035596 6.766231067633924232e-17 8.887498355340890321e-17 0.1540633147760465393 -9.406792137947391387e-17 2.070689365504128508e-16
1604 5.123708797544203719 0.9298344217912513088 6.735752248138142952e-17 8.950088163562363555e-17 0.1540215349873131079 -9.179709777510711809e-17 1.885100158103885029e-16
1605 5.127029035355038289 0.930345593051309816 6.71633335418259126e-17 9.00422641651144757e-17 0.1539807052574377055 -5.849575710209859749e-17 1.630812806172269054e-16
1606 5.130348745179745151 0.9308565898152633133 6.711739669316649574e-17 9.052001041962309573e-17 0.1539526068664620884 -1.383980897967416943e-17 1.439349257972613416e-16
1607 5.133667927455085156 0.9313674715879725063 6.717808314108178156e-17 9.096755188178785134e-17 0.1539424097111475875 1.8286457900713724e-17 1.348562716691601249e-16
1608 5.136986582617543817 0.9318782974384622886 6.726491496083598713e-17 9.141963120843100598e-17 0.1539499909897568131 2.616891423166248205e-17 1.362452745816053907e-16
1609 5.140304711103331314 0.9323891083293528448 6.732559852521410243e-17 9.188628443104947071e-17 0.1539699015012633287 1.829139236587855239e-17 1.406597862401463788e-16
1610 5.143622313348380715 0.9328999242676578874 6.73700777559843989e-17 9.234204344835349549e-17 0.1539958296259359982 1.34091666488002561e-17 1.373978036239842284e-16
1611 5.146939389788345309 0.9334107541906441208 6.744993151096723389e-17 9.276142847299523204e-17 0.1540244405002405559 2.407734821244342978e-17 1.264521533840727884e-16
1612 5.150255940858598613 0.9339216083328228946 6.761774098550788291e-17 9.313644203713980361e-17 0.1540561266057622059 5.060559467174497091e-17 1.130912570667132174e-16
1613 5.153571966994229925 0.9344325048641710652 6.78703295837905115e-17 9.348634515511968205e-17 0.1540932828473164096 7.618412717827810143e-17 1.055354985201203678e-16
1614 5.156887468630043436 0.9349434693481909475 6.812893623430079671e-17 9.383786781705153186e-17 0.1541381421596328405 7.801158379185200001e-17 1.060407361601930266e-16
1615 5.160202446200557347 0.9354545295001175376 6.829116949570535279e-17 9.421027323940320343e-17 0.1541913573891826872 4.894720649877246014e-17 1.123580019984596706e-16
1616 5.163516900139999422 0.9359657092651242349 6.82845029065710097e-17 9.459389121937315501e-17 0.1542517948492227453 -2.011686318375800111e-18 1.157592025302968708e-16
1617 5.166830830882305214 0.9364770251753943286 6.810933609451673098e-17 9.496014904804082461e-17 0.1543172206804289126 -5.286605608925867401e-17 1.105381018607272029e-16
1618 5.170144238861113628 0.9369884863407180742 6.781560893123193048e-17 9.52958908870061629e-17 0.1543853967709122033 -8.866202894880081167e-17 1.013442281359786896e-16
1619 5.173457124509765137 0.9375000969413054275 6.746300973702636755e-17 9.562966054051474717e-17 0.1544548361727150765 -1.06449418196434501e-16 1.007647947343301941e-16
1620 5.176769488261297347 0.9380118599460952611 6.708619168326674499e-17 9.601903352081115082e-17 0.1545251737307274387 -1.137789849541571553e-16 1.175699041611238074e-16
1621 5.180081330548442331 0.9385237801407574354 6.670509375196671563e-17 9.651402594628597955e-17 0.1545969584984296097 -1.15089386360138368e-16 1.494848694310144749e-16
1622 5.183392651803623075 0.9390358659799522556 6.633473384028478127e-17 9.711639866128834709e-17 0.1546712993338520137 -1.11864153187855795e-16 1.819417046547901714e-16
1623 5.186703452458949926 0.9395481307047380826 6.599803473883362845e-17 9.774951838058520053e-17 0.1547496433477452138 -1.017131638077448672e-16 1.912586325333472463e-16
1624 5.190013732946218816 0.9400605914307696986 6.572522671299289969e-17 9.829200645984345899e-17 0.154833163069228813 -8.242530091756523675e-17 1.639055267500113515e-16
1625 5.193323493696908599 0.9405732686872720905 6.552014631772370969e-17 9.865308801288176018e-17 0.1549228924456916567 -6.197202551125693603e-17 1.09113088002205959e-16
1626 5.196632735142178383 0.9410861788507347558 6.535339892486321872e-17 9.880971352601883366e-17 0.1550175792936247798 -5.039630531056592519e-17 4.733715498678600353e-17
1627 5.199941457712869308 0.9415993218329685721 6.517642839583047687e-17 9.881470352828812902e-17 0.1551122490002867504 -5.349444056614259154e-17 1.508371937850812499e-18
1628 5.203249661839500995 0.9421126754855942975 6.493930751794701954e-17 9.875969070585788083e-17 0.1552002321634376736 -7.168784153005467503e-17 -1.663181467487344769e-17
1629 5.206557347952271542 0.9426262039475521437 6.462681635799658223e-17 9.871455756161150201e-17 0.1552773792710370193 -9.448903411793977323e-17 -1.364706511128960811e-17
1630 5.209864516481059304 0.9431398590817288152 6.425943629385425522e-17 9.868912705327980772e-17 0.1553399726862978725 -1.111033557969387997e-16 -7.690713490045879411e-18
1631 5.213171167855422894 0.9436535654316861033 6.387233135704894485e-17 9.864773905978112773e-17 0.1553797423481773632 -1.170868636284456736e-16 -1.251854443042814802e-17
1632 5.216477302504598512 0.9441672100531924849 6.350891055249551758e-17 9.854454777685808295e-17 0.1553853369234194093 -1.099403396747434838e-16 -3.121693792399528462e-17
1633 5.219782920857503505 0.9446806848862380201 6.319846764022154325e-17 9.836664808951994148e-17 0.155358218191473163 -9.392837700533789258e-17 -5.3825770345440121e-17
1634 5.223088023342733699 0.9451939177285613169 6.295684472034605307e-17 9.815628282474127754e-17 0.1553092217591374724 -7.31174323824691537e-17 -6.365856364536982361e-17
1635 5.226392610388564286 0.9457068886918114092 6.278534124758341713e-17 9.798418057513036152e-17 0.1552541705846274822 -5.190669906039516341e-17 -5.208792296896952876e-17
1636 5.229696682422948051 0.9462196317473736684 6.267022282804762265e-17 9.791183382580546555e-17 0.1552093654294245673 -3.484680416743141583e-17 -2.18996492137453776e-17
1637 5.233000239873516257 0.9467322072826626078 6.256434159749918936e-17 9.79741941619820178e-17 0.1551828085968382787 -3.205565931844938665e-17 1.887966055083877716e-17
1638 5.236303283167575096 0.9472446844770678887 6.243295842015275948e-17 9.816684198954290157e-17 0.1551771708296567076 -3.978258930895346356e-17 5.83334149767756191e-17
1639 5.239605812732106571 0.9477571189770388482 6.225237380958388927e-17 9.844315432329881036e-17 0.1551883635222335023 -5.468919480064800017e-17 8.367988279286878453e-17
1640 5.242907828993767616 0.9482695424052735023 6.199966767574859041e-17 9.872260343689986612e-17 0.1552091179261093079 -7.654274563952140675e-17 8.46429886640451094e-17
1641 5.246209332378888313 0.9487819686143952325 6.16577399053041141e-17 9.891193906539182591e-17 0.1552340552508176263 -1.035833715452185556e-16 5.735720946952212101e-17
1642 5.249510323313472782 0.9492944080936183138 6.122993308688371841e-17 9.89307756651411089e-17 0.1552621583833899976 -1.296196188860881634e-16 5.707232272799335869e-18
1643 5.252810802223200071 0.9498068785264544012 6.075203050192950728e-17 9.872669566196067973e-17 0.1552956089136081075 -1.448203997275114506e-16 -6.184303782289346961e-17
1644 5.256110769533423266 0.9503194061238322554 6.031151277440145635e-17 9.829895632344590154e-17 0.1553369938229761937 -1.335122242587859659e-16 -1.296393468852036117e-16
1645 5.259410225669171268 0.9508320203946297733 6.002416077874432125e-17 9.771355574599361451e-17 0.1553873164969500897 -8.710419908079423524e-17 -1.774508241148818962e-16
1646 5.262709171055152346 0.9513447472129104021 5.997971062936614122e-17 9.707489036099644413e-17 0.1554454791016328385 -1.347613294229525884e-17 -1.936267876321130398e-16
1647 5.26600760611575236 0.9518576045051995171 6.019658370014500968e-17 9.648544400252544243e-17 0.1555090754090171778 6.57604585622690747e-17 -1.787324848202872242e-16
1648 5.269305531275040977 0.9523706022531370774 6.060459033807517919e-17 9.60284630615976073e-17 0.155575698502310622 1.237352755343656778e-16 -1.385876046686699268e-16
1649 5.272602946956770786 0.9528837460101513557 6.109253064727643173e-17 9.573879613635628972e-17 0.1556440066324698002 1.479994322905682198e-16 -8.786021503172855021e-17
1650 5.27589985358438085 0.9533970412627081892 6.156447768213113681e-17 9.560617296312365991e-17 0.1557139802547294616 1.431705259313791013e-16 -4.023275507653110596e-17
1651 5.27919625158099759 0.9539104963184557029 6.198131056880173061e-17 9.55991789476004767e-17 0.1557864760977593077 1.264705173494334397e-16 -2.122041685893327149e-18
1652 5.282492141369436567 0.954424122812088549 6.235914631594969366e-17 9.568008363408308342e-17 0.1558625049239909799 1.146561299511206795e-16 2.455092806073594442e-17
1653 5.285787523372204255 0.9549379361649549258 6.27290324234654051e-17 9.582292420737012735e-17 0.1559432176079439125 1.122610563401955762e-16 4.335235446700669576e-17
1654 5.289082398011498931 0.9554519537689992736 6.31053772909293879e-17 9.601070092684227041e-17 0.156029214468628552 1.142388773802302696e-16 5.699932026492400923e-17
1655 5.292376765709208009 0.9559661952816150832 6.345937271025723125e-17 9.622418325839178132e-17 0.1561211857065823161 1.074712625183373858e-16 6.481218243035104026e-17
1656 5.295670626886910703 0.9564806785308370696 6.374112677526929111e-17 9.644180106528931984e-17 0.1562185785881691769 8.555228885329321212e-17 6.607784513959216597e-17
1657 5.298963981965875369 0.9569954072511293042 6.390175564336450186e-17 9.662889853069913888e-17 0.1563171155373948851 4.878111584375277788e-17 5.681932047743136831e-17
1658 5.302256831367059497 0.957510362455304187 6.391095389791727507e-17 9.674945510964965061e-17 0.1564098956986783306 2.793831431445199114e-18 3.661724706647941287e-17
1659 5.30554917551110794 0.9580255059139343166 6.376290145924246588e-17 9.676030235381177371e-17 0.1564910709634427799 -4.497559718331790035e-17 3.295192489577128106e-18
1660 5.308841014818352022 0.9585407912798751262 6.347585316338803523e-17 9.662907104118343903e-17 0.1565581695849952715 -8.721333605004356288e-17 -3.987175933051906593e-17
1661 5.312132349708806878 0.9590561477214379904 6.30875923899949321e-17 9.63441100578580571e-17 0.156603744848186649 -1.179825964852972125e-16 -8.659241163076092554e-17
1662 5.315423180602170561 0.9595714627816697151 6.265301022881441097e-17 9.595352582666976845e-17 0.1566151360625821776 -1.320787020527957443e-16 -1.187068013963182108e-16
1663 5.318713507917824934 0.9600866124519398248 6.226501663083953449e-17 9.555845625939741704e-17 0.1565888162054882848 -1.179374882843925587e-16 -1.20088353789588635e-16
1664 5.322003332074833004 0.960601502648131822 6.202800778083537759e-17 9.526509465106023554e-17 0.1565338654697401577 -7.205402572445368845e-17 -8.91860572857261453e-17
1665 5.325292653491938921 0.9611160926899710022 6.202342692268074432e-17 9.514700535010179435e-17 0.1564665087609281302 -1.392858050697967437e-18 -3.590629266152449919e-17
1666 5.328581472587567092 0.9616304022482585756 6.226771410067802447e-17 9.524787917334844853e-17 0.1564050936141274384 7.428942030672881791e-17 3.067642728756231201e-17
1667 5.331869789779822177 0.9621444925913801294 6.267468762771226388e-17 9.557800768577852388e-17 0.1563622748316479405 1.237823416346217406e-16 1.004096767835013525e-16
1668 5.335157605486488208 0.9626584403564385495 6.310401539944918247e-17 9.612232587273953365e-17 0.1563427361143961414 1.306013627972888816e-16 1.655814081741210506e-16
1669 5.338444920125029469 0.9631723151226794233 6.341495763532917335e-17 9.68242027118595994e-17 0.1563443408072933694 9.460293069735842806e-17 2.135432189887017439e-16
1670 5.341731734112586949 0.9636861616158645116 6.353396384077232142e-17 9.759008909061276713e-17 0.1563595358643723177 3.621267303534207557e-17 2.330533345949005009e-16
1671 5.345018047865979227 0.9641999997157203461 6.347310485165775817e-17 9.830041678819257626e-17 0.1563807658947569679 -1.852173930268545175e-17 2.161801341997844969e-16
1672 5.348303861801700698 0.9647138385980965625 6.331922960598070616e-17 9.884498750296133121e-17 0.1564047755623639846 -4.683729489957434029e-17 1.657590800201072002e-16
1673 5.351589176335918907 0.9652276920565701079 6.317910541218658898e-17 9.917662306811636961e-17 0.1564329719212472214 -4.265816199505459408e-17 1.009601788145960084e-16
1674 5.354873991884473661 0.9657415844741985556 6.311196847170643331e-17 9.934897131741584589e-17 0.1564685811413547567 -2.044167506417194828e-17 5.247613139445790815e-17
1675 5.358158308862871699 0.966255547520388447 6.310768863716064682e-17 9.950736085759371083e-17 0.1565138254659654282 -1.303310193384948735e-18 4.82333370673336441e-17
1676 5.361442127686287584 0.9667696125328043566 6.310659788416300906e-17 9.980087255922985134e-17 0.1565686082409900592 -3.322102742855009479e-19 8.939476042465130954e-17
1677 5.364725448769557481 0.9672838042567495354 6.305677873570207733e-17 1.003000950258911475e-16 0.1566309256631105151 -1.517569998854294636e-17 1.520710533126248783e-16
1678 5.368008272527179159 0.9677981388072859348 6.294839061490493337e-17 1.009683790814493144e-16 0.1566981518439754251 -3.302173301995949802e-17 2.036007036734162657e-16
1679 5.371290599373309327 0.9683126259153410631 6.281554506884742047e-17 1.017062184330833606e-16 0.1567683437074016417 -4.047910219377601268e-17 2.248255617426065168e-16
1680 5.374572429721758304 0.9688272733531326786 6.2721683623821049e-17 1.024045523424588603e-16 0.1568409056648130129 -2.860465818719414954e-17 2.128201070482262181e-16
1681 5.377853763985993574 0.9693420903209967188 6.271568594367764294e-17 1.030054276936054913e-16 0.1569162740710477733 -1.828093633118443903e-18 1.831468797041901745e-16
1682 5.381134602579133563 0.9698570882933170711 6.28052494335948712e-17 1.035079308635466764e-16 0.156995143421261002 2.730308409081858476e-17 1.531861511592030299e-16
1683 5.384414945913949424 0.9703722819713290759 6.293939682995631673e-17 1.03954143930551574e-16 0.1570784991298356525 4.090048574341960365e-17 1.360468535400323307e-16
1684 5.38769479440286414 0.9708876879864661857 6.303852271352170065e-17 1.043797111130313849e-16 0.157166931803955412 3.022725875285607156e-17 1.297716487243900601e-16
1685 5.390974148457952531 0.9714033257542793454 6.304371965640734883e-17 1.047874062250276677e-16 0.1572612928351865835 1.584984669477740868e-18 1.243405048994587633e-16
1686 5.394253008490939472 0.9719192148383052343 6.294346889490763199e-17 1.051530699644967304e-16 0.1573616300247886179 -3.057948642314914071e-17 1.115383982052212638e-16
1687 5.39753137491320345 0.9724353617223991941 6.275479149275527568e-17 1.054395775567904497e-16 0.1574639557564939119 -5.756092116475541874e-17 8.740655078452947147e-17
1688 5.400809248135772123 0.9729517486460826925 6.248770411368240483e-17 1.056112865635925175e-16 0.1575608734330847249 -8.149416416180975711e-17 5.239214985359102184e-17
1689 5.404086628569327644 0.9734683358286015942 6.213283699596388719e-17 1.056395085381403392e-16 0.1576456607207980809 -1.082939397916146128e-16 8.612431695928191781e-18
1690 5.407363516624203115 0.9739850737689174087 6.167825134931130686e-17 1.055189924459524605e-16 0.1577153453745571698 -1.38745632303120566e-16 -3.678312664827122633e-17
1691 5.41063991271038347 0.9745018925529593812 6.114232631680585059e-17 1.052703066364103767e-16 0.1577636893147677521 -1.635960474635822931e-16 -7.591363163457365719e-17
1692 5.413915817237507255 0.9750186794159434456 6.060565375660834335e-17 1.049514518970536241e-16 0.1577776003959437401 -1.638488026908715113e-16 -9.734793829721087049e-17
1693 5.417191230614863962 0.9755352985986952552 6.019592591763745949e-17 1.0465253595845796e-16 0.1577500417838829938 -1.25110692509312946e-16 -9.127419843793592992e-17
1694 5.420466153251395802 0.9760516398744273348 6.003812363922840113e-17 1.044678706580170344e-16 0.1576887923606994368 -4.819225555580150426e-17 -5.639612710830629959e-17
1695 5.423740585555696825 0.9765676471342911169 6.019984381158150266e-17 1.044559655945459503e-16 0.1576103669281953279 4.939615716064848201e-17 -3.636308183875026415e-18
1696 5.427014527936014687 0.9770833280945626642 6.065904489862123728e-17 1.045990073147385505e-16 0.1575342556191055288 1.402803419156539677e-16 4.36975041722529416e-17
1697 5.43028798080024977 0.9775987459929359469 6.131386356191832739e-17 1.048027450755500059e-16 0.1574774231686967008 2.000690237266849134e-16 6.22487066825014834e-17
1698 5.433560944555956951 0.9781139823543807399 6.204618941378781075e-17 1.049704387015444311e-16 0.1574454664685881466 2.237834787732692515e-16 5.124366823502997456e-17
1699 5.436833419610343832 0.9786291175068445591 6.27742565828519139e-17 1.050602350009727837e-16 0.1574380308539340134 2.225153163759157788e-16 2.744396784484973986e-17
1700 5.440105406370276064 0.9791442075364139574 6.34723193322005862e-17 1.051218942090233444e-16 0.1574477173072047487 2.133770411242885742e-16 1.88473878375149051e-17
1701 5.443376905242275576 0.9796592793300683555 6.415266091821840909e-17 1.052594963227977612e-16 0.15746560687317257 2.079912005339407348e-16 4.206714601626587046e-17
1702 5.446647916632523234 0.9801743429086441362 6.482873680095722301e-17 1.05555043804897879e-16 0.1574865462145605688 2.067178891699186668e-16 9.036700348150791147e-17
1703 5.44991844094686062 0.9806894094755488345 6.549003914903252969e-17 1.060026670811134391e-16 0.1575108983410256625 2.022308059060098928e-16 1.368862762317806871e-16
1704 5.453188478590792698 0.9812045018352097969 6.609976308568946858e-17 1.06527234359051705e-16 0.1575422129829945617 1.864855039839136471e-16 1.604401390835162647e-16
1705 5.456458029969486034 0.9817196529236035252 6.66343196929379227e-17 1.070318880984250915e-16 0.1575835924706332491 1.635196982923780394e-16 1.543724763392559922e-16
1706 5.459727095487774129 0.9822348979560149296 6.711184178645808791e-17 1.074636212788149699e-16 0.1576357386319863496 1.460946601908135437e-16 1.320858513942170857e-16
1707 5.462995675550156527 0.9827502666571966694 6.76114975358749704e-17 1.07825427919112891e-16 0.1576969762211082871 1.528889912287330886e-16 1.107087275980786925e-16
1708 5.466263770560799706 0.9832657798724241394 6.82380576307132094e-17 1.081366654770896667e-16 0.1577645918576570938 1.917487170388538491e-16 9.524928722401370865e-17
1709 5.469531380923539743 0.9837814508241994327 6.907238551725765674e-17 1.083849834441268513e-16 0.15783625519697983 2.553705783993325335e-16 7.600501420595029979e-17
1710 5.472798507041881422 0.9842972894558351671 7.011837714789956692e-17 1.085268020160056272e-16 0.1579109641876103587 3.202039102869829062e-16 4.341417267271250402e-17
1711 5.476065149318999126 0.9848133063658399688 7.131078716455273922e-17 1.085359007581139995e-16 0.1579889207727595557 3.650802289559141595e-16 2.785762284569744329e-18
1712 5.479331308157737723 0.9853295138706892331 7.253942024296109494e-17 1.084413729659918388e-16 0.1580706524495713305 3.762262859426202298e-16 -2.89458592426538542e-17
1713 5.482596983960612569 0.9858459270985771017 7.368663291038341184e-17 1.083429206318099335e-16 0.1581570219978486458 3.513460331366927962e-16 -3.015207036162047415e-17
1714 5.485862177129809503 0.9863625627875614033 7.466586534153798806e-17 1.083600588732824071e-16 0.1582485245691323539 2.999446045725658335e-16 5.24954331370639502e-18
1715 5.489126888067183963 0.9868794403109429902 7.543664422145775211e-17 1.085560859479597016e-16 0.1583459697300810265 2.36128915782336583e-16 6.00530992913963178e-17
1716 5.49239111717426276 0.9873965797177076675 7.599505748453229128e-17 1.089028247316153834e-16 0.1584495671199127875 1.710957212905629721e-16 1.062394577849835216e-16
1717 5.495654864852243193 0.987913988338425586 7.635921763328049313e-17 1.093062433658151803e-16 0.1585554219902775008 1.115937457259618906e-16 1.23624170960933028e-16
1718 5.498918131501993045 0.9884316483479108628 7.654715871699131125e-17 1.096598383215770828e-16 0.1586558254160506387 5.760141254754398735e-17 1.083720946980960698e-16
1719 5.502180917524049697 0.9889495166997267495 7.656975217451066567e-17 1.09917566556871343e-16 0.158743043855049587 6.925609964880994955e-18 7.900186295327864958e-17
1720 5.505443223318619239 0.9894675403606775221 7.644021381327824491e-17 1.101010967429543397e-16 0.1588140097596290046 -3.971344962747954615e-17 5.62660877502668515e-17
1721 5.508705049285578248 0.9899856486974255576 7.619426415553689484e-17 1.103059341552390098e-16 0.1588633193588999959 -7.541353082487904395e-17 6.28076194424437259e-17
1722 5.511966395824470233 0.9905037288473359514 7.590428821673105377e-17 1.106344294738266836e-16 0.1588780127728778302 -8.892601061320246275e-17 1.007386278579290565e-16
1723 5.515227263334507413 0.9910216359062812286 7.564726522922609841e-17 1.111291389564182754e-16 0.1588482472482308228 -7.883200346951771965e-17 1.517332750142176444e-16
1724 5.518487652214568051 0.9915392464002280581 7.548580999433697465e-17 1.117549630048169527e-16 0.1587805770580394682 -4.952750314093833711e-17 1.919758287430380828e-16
1725 5.521747562863196457 0.9920564914442463467 7.54322299910851498e-17 1.12415423809301604e-16 0.1586917335967034659 -1.643844382943396532e-17 2.026305930784853027e-16
1726 5.525006995678599431 0.992573370253902576 7.545402031764413907e-17 1.129974515059830982e-16 0.1586026040186102326 6.686291776924959945e-18 1.785933309319458776e-16
1727 5.528265951058648042 0.9930899442634848473 7.552449105627295387e-17 1.13420757389010415e-16 0.158532282657242507 2.162688568943532928e-17 1.299090675367730913e-16
1728 5.531524429400874077 0.9936063009043011318 7.566698209499201315e-17 1.13654134726306462e-16 0.1584887572537635736 4.373571648207970209e-17 7.163204892798335783e-17
1729 5.534782431102468259 0.9941225295953418639 7.593537196707510769e-17 1.137015326182078473e-16 0.1584726497847573079 8.239072128798583379e-17 1.455027520589600904e-17
1730 5.538039956560280253 0.9946386967713709559 7.636697603363586407e-17 1.135968230276549262e-16 0.1584769155371245908 1.325138140864213305e-16 -3.214860167134914296e-17
1731 5.541297006170815997 0.9951548371166568652 7.6941183976353722e-17 1.1340750341225572e-16 0.1584918137954522965 1.763226982124301256e-16 -5.813459363471604596e-17
1732 5.544553580330235931 0.9956709632049048908 7.75819832148872078e-17 1.132164045580859882e-16 0.1585105587219568513 1.967996728732006504e-16 -5.868950792313065503e-17
1733 5.547809679434355878 0.9961870848384886123 7.819438133763424442e-17 1.131139123805460852e-16 0.1585323007663029526 1.881046580240051845e-16 -3.148157267333994045e-17
1734 5.551065303878641721 0.9967032232300810923 7.872764191972688977e-17 1.131797694119202081e-16 0.1585605465553487081 1.638205774466018694e-16 2.023164147308615211e-17
1735 5.554320454058212064 0.9972194118289615661 7.919663921834237954e-17 1.134624939302617854e-16 0.1585990586389002532 1.440995214267214108e-16 8.686716940351730825e-17
1736 5.557575130367834682 0.9977356884982445662 7.965488764288651644e-17 1.139605684158007076e-16 0.1586491978540859604 1.408174130215797051e-16 1.530557592542015723e-16
1737 5.560829333201925628 0.9982520866178899999 8.012348552680350355e-17 1.146026760686876818e-16 0.1587095914247935724 1.440186861060884612e-16 1.97345109061200337e-16
1738 5.564083062954548353 0.998768630597427598 8.055885608428637384e-17 1.152619639459966234e-16 0.158777486450820432 1.338260545669358415e-16 2.026547131578529889e-16
1739 5.56733632001941281 0.9992853366165601603 8.086027786695649391e-17 1.157881021458540119e-16 0.15885035610856299 9.266576301241599883e-17 1.617500809260437189e-16
1740 5.570589104789875456 0.9998022167794178294 8.092835379800761316e-17 1.160595641289120659e-16 0.1589269494255820259 2.093154434762292241e-17 8.346736429952409079e-17
1741 5.57384141765893748 1.000319283344207166 8.073498922223499902e-17 1.160231977231067762e-16 0.1590073153939301209 -5.946310239265991096e-17 -1.118332716016829553e-17
1742 5.577093259019243909 1.000836550022807137 8.034984426453814196e-17 1.157127113919505311e-16 0.1590919027385283291 -1.184561980987795949e-16 -9.54939941842755905e-17
1743 5.580344629263084499 1.001354033145749778 7.989797052191554913e-17 1.152218847214089716e-16 0.159181518797870597 -1.389996030141587941e-16 -1.509818029214844481e-16
1744 5.583595528782391959 1.001871750149522011 7.948744765192297656e-17 1.146790544117157258e-16 0.159276505990791073 -1.262980506440805309e-16 -1.670026567484992186e-16
1745 5.586845957968741061 1.002389720591728484 7.91487000401189158e-17 1.142097761996010345e-16 0.1593775192920393047 -1.042313414747339238e-16 -1.443951067671965692e-16
1746 5.590095917213352195 1.002907964441694277 7.885462984055161919e-17 1.139073159718988972e-16 0.159484688000349567 -9.049734797872051213e-17 -9.307930050838027999e-17
1747 5.593345406907088702 1.003426488441657494 7.8561505936354686e-17 1.138223036414048635e-16 0.1595939436633353747 -9.021916026278008708e-17 -2.616552577029368953e-17
1748 5.596594427440455988 1.00394527314748605 7.825640500561158179e-17 1.139540576968836749e-16 0.1596972262266312115 -9.391906085783961996e-17 4.055778238579583491e-17
1749 5.599842979203605964 1.004464271647741214 7.796757456307108914e-17 1.142531771043055482e-16 0.1597860766183190895 -8.892334601888018509e-17 9.209104945164394266e-17
1750 5.603091062586333493 1.004983427692685893 7.77264886798309201e-17 1.146383384398638745e-16 0.1598576131471361461 -7.423473969631809411e-17 1.1859819870819641e-16
1751 5.606338677978081719 1.005502669880978583 7.753269693727027107e-17 1.150165710830548649e-16 0.1599071621915696684 -5.968060436485190113e-17 1.164814993553645595e-16
1752 5.609585825767938516 1.006021885242364799 7.735755732235756869e-17 1.153326367514359448e-16 0.1599219107392334527 -5.394420879265654551e-17 9.735040479470113877e-17
1753 5.612832506344640926 1.00654091930617362 7.717176246145403293e-17 1.155922889631882573e-16 0.1598890595234354339 -5.723432746621619845e-17 7.998617207434351691e-17
1754 5.616078720096575161 1.007059635474270243 7.69837718868680986e-17 1.158456755667465552e-16 0.1598140944820335696 -5.791904185067807465e-17 7.806726123487241334e-17
1755 5.619324467411777491 1.007577953052936293 7.683986285647369016e-17 1.161587929307187629e-16 0.1597142238705079598 -4.43440856406011056e-17 9.648389100731348157e-17
1756 5.622569748677936907 1.008095864491515448 7.679778971853035069e-17 1.165689362866793284e-16 0.1596119785258315882 -1.296626467325990078e-17 1.263995881297511299e-16
1757 5.625814564282396013 1.008613430905625163 7.688907557905742801e-17 1.170482055937397611e-16 0.1595285223556036081 2.813686909513578837e-17 1.477242770809535188e-16
1758 5.629058914612151021 1.00913074701921035 7.710636193713238483e-17 1.175154941379542077e-16 0.1594742240075329165 6.698336361740721537e-17 1.440521105359371684e-16
1759 5.632302800053856195 1.009647911531948328 7.739843706922849623e-17 1.178894021650560571e-16 0.1594503218392877564 9.005156515363427839e-17 1.152819920764359359e-16
1760 5.635546220993822963 1.010165000631229271 7.767547501908312537e-17 1.181256242242709984e-16 0.1594498870358839748 8.542757886484407833e-17 7.284156774834912127e-17
1761 5.63878917781802258 1.010682056215558955 7.784571356202960028e-17 1.182508909804554099e-16 0.1594623548392802848 5.250236099441393202e-17 3.863285211423309174e-17
1762 5.642031670912087016 1.011199093411394134 7.786648777811632645e-17 1.183529644770138396e-16 0.1594794729934580768 6.407780832890037693e-18 3.148444167820874673e-17
1763 5.645273700661309846 1.011716121026899895 7.776496776039387437e-17 1.18540893064704833e-16 0.1594992943555850473 -3.131819404628078693e-17 5.797461533389759626e-17
1764 5.648515267450647137 1.012233158735186489 7.761317821325472604e-17 1.188915349184691694e-16 0.1595251723291034041 -4.683266476902027179e-17 1.081859238718151448e-16
1765 5.651756371664720113 1.012750240728530038 7.749091688173728928e-17 1.194077229185726458e-16 0.1595615898512051656 -3.772750295964319709e-17 1.59285720676607825e-16
1766 5.654997013687814267 1.013267407458678937 7.744179977309143634e-17 1.200181472908296005e-16 0.1596104832639834714 -1.515875826977270052e-17 1.883921052384966193e-16
1767 5.658237193903881135 1.013784695604678321 7.744572092421452239e-17 1.206151011577137463e-16 0.1596706933860535249 1.210336876142184242e-18 1.842610130969481806e-16
1768 5.661476912696537411 1.014302132409055757 7.744061081519933962e-17 1.211104680035756198e-16 0.1597393118757341468 -1.577555540676551917e-18 1.529260354397164191e-16
1769 5.664716170449067612 1.014819736160813335 7.737213953336192591e-17 1.214690617562576007e-16 0.1598135778557558395 -2.114096061640250966e-17 1.10718190156545387e-16
1770 5.667954967544422296 1.015337520510915637 7.723454666942896865e-17 1.217258911503871149e-16 0.1598920614980862687 -4.248874392847273484e-17 7.930904298779754026e-17
1771 5.671193304365218957 1.015855498832166859 7.707407913976476517e-17 1.219484212844532563e-16 0.1599746786817414779 -4.955949012475288319e-17 6.872717492933970764e-17
1772 5.674431181293740245 1.016373686140401356 7.695626196852739056e-17 1.221834391260146353e-16 0.1600619386682189671 -3.639233253494787896e-17 7.259423521988776808e-17
1773 5.677668598711934855 1.016892100384451547 7.691124618634999251e-17 1.224310621101302289e-16 0.1601547495173789859 -1.390681564346047388e-17 7.649866385989700611e-17
1774 5.680905557001416639 1.017410760208790732 7.690295600593216745e-17 1.226385341839486366e-16 0.160253328511539006 -2.561465036570328108e-18 6.410384772901430189e-17
1775 5.684142056543463717 1.017929685748272917 7.684736600804596937e-17 1.227464354189535731e-16 0.1603581386425345645 -1.717839634000045824e-17 3.334359149077041582e-17
1776 5.687378097719015813 1.018448896506126022 7.665949373216064003e-17 1.227221884917174986e-16 0.1604689873258324517 -5.80644245172762835e-17 -7.493835211401064674e-18
1777 5.690613680908675143 1.018968397239453871 7.630431210529889655e-17 1.225764527935623188e-16 0.1605813189734483781 -1.097891310975428815e-16 -4.50479260757993873e-17
1778 5.693848806492701975 1.01948816533591069 7.583675142228353271e-17 1.223439056025376481e-16 0.1606866729076038836 -1.445467142910216663e-16 -7.18921278056209674e-17
1779 5.697083474851015517 1.020008150031662675 7.537575079947000479e-17 1.220676940586251898e-16 0.1607763418671110944 -1.425387984298989448e-16 -8.540305507933220073e-17
1780 5.700317686363190361 1.020528292624115707 7.506165989927000866e-17 1.217781736999095139e-16 0.1608478642236360612 -9.712884736276095424e-17 -8.953070181975890005e-17
1781 5.703551441408453826 1.021048520114822056 7.499730246199691277e-17 1.214863705402317096e-16 0.1608968108385889495 -1.99045736643466197e-17 -9.024935941202287343e-17
1782 5.706784740365685948 1.02156871719364406 7.521528872308119666e-17 1.211933477852712005e-16 0.1609100840838525448 6.742865161723490621e-17 -9.06393327812328092e-17
1783 5.710017583613415049 1.022088718849849309 7.565701705376160081e-17 1.209018941831790602e-16 0.160872293070609601 1.366569675746636037e-16 -9.016665376493910749e-17
1784 5.71324997152981684 1.02260837614847655 7.620835891505144141e-17 1.20620204378003749e-16 0.1607883902895731465 1.705919855455264197e-16 -8.715830693567763213e-17
1785 5.716481904492709099 1.02312759901209116 7.673173417380270221e-17 1.203678049862743353e-16 0.1606765701198997753 1.619615532265528148e-16 -7.810647682404426389e-17
1786 5.719713382879552555 1.023646376496333721 7.712273943106514195e-17 1.20191227940123877e-16 0.1605613124736834929 1.210158867666000526e-16 -5.465048723931275069e-17
1787 5.722944407067447337 1.024164772509382315 7.734899687638209445e-17 1.201374942221799409e-16 0.1604657860282059922 7.003637739033740015e-17 -1.663288889006788284e-17
1788 5.72617497743312942 1.024682890823251702 7.746157340061134124e-17 1.202366121193427639e-16 0.1604023404500198591 3.485215149265713622e-17 3.068554471016907695e-17
1789 5.729405094352968852 1.025200839428052957 7.754457333670317579e-17 1.204826017925220653e-16 0.1603722953400611162 2.569924919333345934e-17 7.616572021245029447e-17
1790 5.732634758202967973 1.025718702842866925 7.765479363328191719e-17 1.208373039382541111e-16 0.160368396438088201 3.413226675533622055e-17 1.098417318099631612e-16
1791 5.735863969358757863 1.026236528344125265 7.78002618838195184e-17 1.212424766815650412e-16 0.1603791200971610986 4.505392254070433148e-17 1.25488698222958116e-16
1792 5.739092728195598347 1.02675433318314302 7.795081013155597065e-17 1.216399129121800019e-16 0.1603951719016760702 4.663380921851872561e-17 1.23109804555620234e-16
1793 5.74232103508837266 1.027272125224530708 7.806969252050402152e-17 1.219992843795688763e-16 0.1604136460713014023 3.683014789821286511e-17 1.113344407985719466e-16
1794 5.745548890411588339 1.027789922801965128 7.813227434799269041e-17 1.223049496354832333e-16 0.1604377874392974579 1.939076267204106387e-17 9.470932173716680936e-17
1795 5.748776294539374554 1.028307760972454465 7.814097842398275253e-17 1.22538971087763954e-16 0.160472780783466995 2.697304597989695099e-18 7.252086723346054968e-17
1796 5.752003247845481226 1.028825683349767983 7.812304454754034199e-17 1.22687430719166052e-16 0.1605212826829571227 -5.558301738081007591e-18 4.601255227262984196e-17
1797 5.755229750703276359 1.029343730249004718 7.812369369290475074e-17 1.227327217166453216e-16 0.1605822762886666422 2.012196973157080894e-19 1.403913715403586456e-17
1798 5.758455803485747815 1.029861931463562641 7.819422232249469614e-17 1.226574574444625105e-16 0.1606525048946089163 2.186525367385753317e-17 -2.333339543704758482e-17
1799 5.761681406565499763 1.030380306403542612 7.839611934775796854e-17 1.224651950576574969e-16 0.1607287528849870584 6.260074432420468983e-17 -5.961340195006610572e-17
1800 5.76490656031475357 1.030898869109711402 7.875773006922963071e-17 1.221918145592261515e-16 0.1608093577066187774 1.121376203262120477e-16 -8.477690709202947345e-17
1801 5.768131265105346905 1.031417633050821792 7.924743805214818876e-17 1.219166291649140964e-16 0.1608941437610669767 1.518824659169584708e-16 -8.534848875313194779e-17
1802 5.771355521308734637 1.031936614010072084 7.978187713909971668e-17 1.217278850433305953e-16 0.1609838307065092622 1.657788209051456284e-16 -5.854694892802627545e-17
1803 5.774579329295988828 1.03245583174722233 8.025854852678614833e-17 1.217007000654128469e-16 0.1610796542451490287 1.478802760832246465e-16 -8.433738931351567073e-18
1804 5.777802689437797845 1.03297530680134364 8.060433453337722681e-17 1.218550586870027261e-16 0.1611818587246007517 1.072899089592994223e-16 4.789413724611904078e-17
1805 5.781025602104470806 1.033495060800727394 8.080069282519772699e-17 1.221505409671205182e-16 0.1612907847951387252 6.093417852737420619e-17 9.16944725962064195e-17
1806 5.784248067665934023 1.034015112975426476 8.087561045284882844e-17 1.225115837278348611e-16 0.1614056909086297453 2.325176595840309891e-17 1.120548265650059993e-16
1807 5.787470086491735444 1.03453546498879434 8.086378686489976275e-17 1.228642066906602118e-16 0.1615211266983017369 -3.670129447160257371e-18 1.094567846227996449e-16
1808 5.790691658951044651 1.035056089172714966 8.079289136213901765e-17 1.231532542702335724e-16 0.1616279863971163966 -2.200953722421681218e-17 8.973493683597660828e-17
1809 5.793912785412655531 1.035576930119516348 8.068396493704801236e-17 1.233468236637074449e-16 0.1617176534764686313 -3.382093127561259317e-17 6.010201058441415489e-17
1810 5.797133466244988043 1.036097926165395533 8.057910877508665941e-17 1.234105794458968641e-16 0.1617881780309983197 -3.256164328546089565e-17 1.979848392507636084e-17
1811 5.800353701816089114 1.036619000422648762 8.05331512531893017e-17 1.233096337123568325e-16 0.1618348238867632072 -1.427345020216010548e-17 -3.135164476496333681e-17
1812 5.803573492493637076 1.037140031329004897 8.059670309474949678e-17 1.230389319726403154e-16 0.1618437042394406666 1.974060525751071587e-17 -8.408593763886130514e-17
1813 5.806792838644941668 1.037660843125977284 8.07841177300699285e-17 1.226610560733340702e-16 0.1617979665941207679 5.822315677389949863e-17 -1.173927942648104397e-16
1814 5.810011740636948474 1.038181277336605701 8.106452557783716534e-17 1.222982621538731549e-16 0.1617029578768246212 8.712489968921368103e-17 -1.12722893073685542e-16
1815 5.813230198836240703 1.038701239060272341 8.138355976137056525e-17 1.220875313617664329e-16 0.1615784141395209261 9.914006182629608113e-17 -6.548471868055634719e-17
1816 5.816448213609041851 1.039220718720233361 8.169518724532474194e-17 1.221271162887249857e-16 0.161450841327063277 9.685176021870346666e-17 1.230273339635397524e-17
1817 5.819665785321218365 1.039739786540006872 8.200419217242299292e-17 1.224331136992020721e-16 0.1613450430555277981 9.604990208947369909e-17 9.511505719975831465e-17
1818 5.8228829143382832 1.040258556479564112 8.235023530320883724e-17 1.229380667395743846e-16 0.1612746251089538785 1.075775058143179597e-16 1.569792427702560322e-16
1819 5.82609960102539759 1.040777145186289943 8.275850770408501932e-17 1.235374543343425493e-16 0.1612404377012523482 1.269407138351501564e-16 1.863625583814046117e-16
1820 5.829315845747373714 1.041295643572840879 8.32194451449512815e-17 1.241311874395036532e-16 0.1612344932175162338 1.433350934366983437e-16 1.846298056083072496e-16
1821 5.832531648868678253 1.041814102304203349 8.370375033896254814e-17 1.246544961144610186e-16 0.1612442860072551276 1.506222973865823621e-16 1.627526523338773788e-16
1822 5.835747010753435049 1.042332539743476616 8.418002612042023046e-17 1.250908172966402405e-16 0.1612597750737509994 1.481454068953675898e-16 1.357175434643720172e-16
1823 5.838961931765425106 1.042850962988691954 8.46307937753435979e-17 1.254462312326798788e-16 0.1612774582970761816 1.402303279019970615e-16 1.105665241226166488e-16
1824 5.842176412268091035 1.043369389596228825 8.504972316561758231e-17 1.257382908968587096e-16 0.1613005905470237256 1.303435376701654008e-16 9.086994305874253306e-17
1825 5.845390452624537936 1.043887855614922922 8.541905506571869611e-17 1.259746463517834247e-16 0.1613349285067883776 1.149277552425961122e-16 7.354848543113541948e-17
1826 5.848604053197536956 1.04440640748188307 8.568129514149298359e-17 1.26157061088619692e-16 0.1613837098208298348 8.161435526257251371e-17 5.677111361917799961e-17
1827 5.851817214349525287 1.044925088457305806 8.577881459314836733e-17 1.263013521155173588e-16 0.1614459515622147512 3.03541510376315763e-17 4.491238977947209756e-17
1828 5.855029936442608829 1.045443930172250235 8.568407460667353345e-17 1.264344476096173291e-16 0.1615180390367276231 -2.949303495270764853e-17 4.143329765600687072e-17
1829 5.858242219838561304 1.045962952653710198 8.543533087311447103e-17 1.265817132509433101e-16 0.1615963633740165606 -7.744574501309793406e-17 4.585079247680354593e-17
1830 5.861454064898828697 1.046482170228578923 8.513150298750810448e-17 1.267575413738845278e-16 0.1616791521638102636 -9.460896033996075386e-17 5.475111633284454367e-17
1831 5.864665471984527478 1.047001596685654956 8.488050181873135931e-17 1.269566892007409225e-16 0.1617662396415306958 -7.816990194764340431e-17 6.202109007825733978e-17
1832 5.867876441456446379 1.047521248866570609 8.474555497506682654e-17 1.271657480343044201e-16 0.1618585784329662214 -4.203254615630437689e-17 6.511656614203510422e-17
1833 5.871086973675044618 1.048041148079476015 8.473626040491674885e-17 1.273795770085249026e-16 0.1619575620667975113 -2.895418736168452344e-18 6.661140948926882366e-17
1834 5.874297069000454563 1.048561317129274029 8.482296549033943362e-17 1.275935585767679633e-16 0.1620636595672865499 2.701380147887016837e-17 6.666801118383914283e-17
1835 5.877506727792479957 1.049081780303714462 8.49824488564697266e-17 1.27817663410428464e-16 0.1621773358764461159 4.969532659716965018e-17 6.983150137215286155e-17
1836 5.880715950410595916 1.049602556332459802 8.520447537467421215e-17 1.280661268084954863e-16 0.1622968619172107663 6.919329073922424418e-17 7.743219269273701839e-17
1837 5.883924737213947154 1.050123641290581222 8.548810823878064289e-17 1.283499277578422124e-16 0.1624151789184341554 8.840455218103748933e-17 8.845694209164853868e-17
1838 5.887133088561347982 1.050644998658986307 8.581775806107686687e-17 1.286628338802690995e-16 0.1625221258242104394 1.027613555382175793e-16 9.754186146019264247e-17
1839 5.890341004811281422 1.051166566056428442 8.616523437307433936e-17 1.289945229934177552e-16 0.1626096349164014576 1.083330678127326321e-16 1.03411075652662139e-16
1840 5.893548486321895652 1.051688278371205598 8.650457220272287382e-17 1.293471534230458163e-16 0.1626768468856459315 1.058100539179700106e-16 1.099548635962820254e-16
1841 5.896755533451004894 1.052210054616313117 8.684443059709677007e-17 1.29713222936918504e-16 0.1627188026770698126 1.059867165874529741e-16 1.141607989104072914e-16
1842 5.899962146556086751 1.05273176573627647 8.722430470625232498e-17 1.300703928196449989e-16 0.162720499591685247 1.184818618167237531e-16 1.11400465760529864e-16
1843 5.903168325994279542 1.053253227608805132 8.768980138898803453e-17 1.303904527168111002e-16 0.1626647437729167589 1.452069702760141478e-16 9.983943967378842753e-17
1844 5.906374072122381413 1.053774276167672941 8.824801490416044226e-17 1.306422745464137047e-16 0.1625577690874090708 1.741525663136744968e-16 7.856387688061474779e-17
1845 5.909579385296847676 1.05429481574901307 8.885111471115567118e-17 1.308049098366844233e-16 0.1624208980156852389 1.881816786978457693e-16 5.074613121025165834e-17
1846 5.912784265873790801 1.054814841413488802 8.941299994281534688e-17 1.308829781984274442e-16 0.1622824305718832405 1.753453864399646302e-16 2.436249662254233302e-17
1847 5.915988714208974208 1.055334431768083059 8.986065315310918534e-17 1.309066645633145583e-16 0.1621684416702376397 1.397162647076541758e-16 7.392710139081515198e-18
1848 5.919192730657814039 1.055853711137032969 9.017120715017626504e-17 1.309093702423275006e-16 0.1620932119212036004 9.693952402030303181e-17 8.4457852143109651e-19
1849 5.922396315575375603 1.056372804079022343 9.037132441156371319e-17 1.309158986831215451e-16 0.1620568302250651738 6.247507224715497445e-17 2.038129082129444044e-18
1850 5.925599469316371604 1.056891806256379684 9.049904342189601426e-17 1.309309213516179521e-16 0.1620502898683155724 3.987825783589469297e-17 4.690592623009422985e-18
1851 5.928802192235158586 1.057410770057178206 9.056809358591403121e-17 1.309374193271986381e-16 0.1620600893915549456 2.15627289148908629e-17 2.029163694753810856e-18
1852 5.932004484685736934 1.057929714308307512 9.056719111134312497e-17 1.309238240018968872e-16 0.1620757536302328827 -2.818592669491667721e-19 -4.246068030107761898e-18
1853 5.935206347021748208 1.058448645519044939 9.046368051919849077e-17 1.309064364824376359e-16 0.1620934374299636271 -3.233258540624108361e-17 -5.431168407705126069e-18
1854 5.938407779596474256 1.058967580794239804 9.026002002274895654e-17 1.309351875437994235e-16 0.1621164516950700518 -6.362395969797288129e-17 8.981890947172721257e-18
1855 5.941608782762833663 1.05948655704849215 9.000788760667412805e-17 1.311006532028849581e-16 0.1621509880186185193 -7.877724663328263809e-17 5.169874321614554261e-17
1856 5.944809356873382633 1.060005623312792133 8.980443255861800117e-17 1.315029507233689366e-16 0.162200837241890411 -6.357681360838223236e-17 1.25712262828041706e-16
1857 5.948009502280313221 1.06052482515306612 8.976050459045253036e-17 1.321915320561802278e-16 0.1622649225938340711 -1.372870394741477353e-17 2.152006946069751983e-16
1858 5.951209219335450662 1.061044195253949551 8.994116535983054531e-17 1.331377580934002677e-16 0.1623392234920497113 5.646903617751461299e-17 2.957613460401174937e-16
1859 5.954408508390254262 1.06156375354949617 9.032429086971827097e-17 1.34220565590942766e-16 0.1624197580562273258 1.197693370589980519e-16 3.384977841365379808e-16
1860 5.957607369795815622 1.062083513848119942 9.079982176400987023e-17 1.352618936455632049e-16 0.1625046135792072022 1.48676157887458681e-16 3.255743341177185295e-16
1861 5.960805803902860411 1.062603489793328526 9.121240438601823526e-17 1.361038887583791551e-16 0.1625937402185228531 1.290124135157586594e-16 2.63287438390110071e-16
1862 5.96400381106174482 1.063123699689449309 9.144370776265476203e-17 1.36687251068535945e-16 0.1626885972826651039 7.233699737807450285e-17 1.824386591925520597e-16
1863 5.967201391622458218 1.063644167386589512 9.145678438938853771e-17 1.370589686804771124e-16 0.1627909216517330615 4.090083072943382655e-18 1.16265145703733249e-16
1864 5.970398545934623158 1.064164918014944394 9.13009269680357582e-17 1.373305129423745208e-16 0.1629011167348856093 -4.875529016642962131e-17 8.494442655938567328e-17
1865 5.9735952743474936 1.064685976942036927 9.106176453928246266e-17 1.37602295007204606e-16 0.1630192599116532248 -7.482470812194685322e-17 8.503013529214566152e-17
1866 5.976791577209958461 1.065207359286556077 9.080726535547142509e-17 1.379094240242227548e-16 0.1631421474450420461 -7.963358139454615915e-17 9.610161890932626469e-17
1867 5.979987454870541619 1.065729053287702399 9.056161592431344181e-17 1.382190006372888142e-16 0.163261369414215346 -7.687468600089562252e-17 9.688035836471741803e-17
1868 5.983182907677401019 1.06625101408419054 9.030311441792617618e-17 1.384783696703772876e-16 0.1633665643386963684 -8.0907423045964359e-17 8.117894699489005686e-17
1869 5.986377935978332232 1.066773175104303473 8.999428233058823991e-17 1.386695985112518548e-16 0.1634509306415936614 -9.667303790019140165e-17 5.985994894775121763e-17
1870 5.989572540120769339 1.067295470499702414 8.962103724088877531e-17 1.388129055424080391e-16 0.1635146864838079306 -1.168516022952973231e-16 4.486504088845970536e-17
1871 5.992766720451786711 1.067817815119079805 8.921459089408893345e-17 1.38949094200077056e-16 0.1635517796883912967 -1.272627704027930836e-16 4.264214947153088378e-17
1872 5.995960477318099002 1.068340068581840718 8.884646018044143084e-17 1.390971297888992009e-16 0.1635449044728154444 -1.152810018313827848e-16 4.635769402945244631e-17
1873 5.9991538110660656 1.068862036641810898 8.859895563680045018e-17 1.392303489603921692e-16 0.1634771730108164067 -7.751689462390690742e-17 4.172342182729333178e-17
1874 6.002346722041689731 1.069383550635584434 8.853326385700560198e-17 1.392964188568538418e-16 0.1633565745905960764 -2.057698212160963572e-17 2.069542159633947739e-17
1875 6.005539210590623789 1.069904517673572197 8.865912302550058464e-17 1.392557455107650233e-16 0.1632068264507561817 3.942874303360973566e-17 -1.274201101460915054e-17
1876 6.008731277058167564 1.070424942095043352 8.89330312926513613e-17 1.391050400665201407e-16 0.1630583806521515022 8.582041242912617928e-17 -4.721874047449296764e-17
1877 6.011922921789273566 1.070944914696886352 8.928733436640610403e-17 1.388868160274854927e-16 0.1629383300891693032 1.110242173884609918e-16 -6.838256550363095951e-17
1878 6.015114145128547918 1.071464571143671662 8.964147383333995637e-17 1.386798128116745818e-16 0.1628607476358934492 1.109875932628481129e-16 -6.48749740305361931e-17
1879 6.018304947420252127 1.071984042849823959 8.994882086475622952e-17 1.385611796236703423e-16 0.1628243179741995506 9.633550813078414875e-17 -3.718463911917161722e-17
1880 6.021495329008305752 1.072503427847810498 9.019142430088912579e-17 1.385700136274792754e-16 0.1628185927247171871 7.605215825343881148e-17 2.769313849787915659e-18
1881 6.02468529023628907 1.073022778172306513 9.037501239797022146e-17 1.38683674393315202e-16 0.1628291626017520921 5.755940586034610109e-17 3.563545924362039545e-17
1882 6.027874831447443071 1.073542112116246949 9.053812120796515817e-17 1.388327401612348904e-16 0.1628454537958569648 5.114537282157017255e-17 4.67419526598418461e-17
1883 6.031063952984673016 1.074061435695168987 9.07217389710545713e-17 1.389607352034837958e-16 0.1628636182973596525 5.758385425609996272e-17 4.014016800093561545e-17
1884 6.034252655190551096 1.074580766199142223 9.096360977406620003e-17 1.390580475984754958e-16 0.1628871930957365433 7.586239570554060467e-17 3.052187913544789849e-17
1885 6.037440938407317326 1.075100141489768957 9.128441008645729004e-17 1.391617218499274246e-16 0.1629226334097594597 1.00631725530029238e-16 3.252153571447655164e-17
1886 6.040628802976879541 1.075619612844884054 9.168954929813892698e-17 1.393321154887893613e-16 0.16297415300524834 1.271046405598380058e-16 5.345772908856066055e-17
1887 6.043816249240817839 1.076139228262610548 9.215451721414591317e-17 1.395992478990044435e-16 0.1630407291323435759 1.458938773999576284e-16 8.381865019884037418e-17
1888 6.047003277540382804 1.076659021587328402 9.264352658434561069e-17 1.399336400751067055e-16 0.1631179260815925347 1.534575195723241737e-16 1.04936627059085821e-16
1889 6.050189888216500833 1.077179012395383051 9.311008795078543802e-17 1.402612195057360075e-16 0.1632012699395776201 1.464322182782320795e-16 1.028121617856965017e-16
1890 6.053376081609769699 1.077699213083894492 9.352214279064588841e-17 1.405059310204964082e-16 0.1632885095870802161 1.29342044627969523e-16 7.681377477288208451e-17
1891 6.056561858060463877 1.078219636152032646 9.38790182566660751e-17 1.406292666841719963e-16 0.1633796785796517992 1.120361538544817126e-16 3.871953862617590594e-17
1892 6.059747217908533656 1.078740300315179867 9.418665462596382675e-17 1.40647424979256013e-16 0.1634767301963817032 9.6590837822020619e-17 5.701292534389836929e-18
1893 6.062932161493603367 1.079261230857886389 9.445168286527543962e-17 1.406194729268434915e-16 0.1635817295686853023 8.322372027927403666e-17 -8.777456309008749256e-18
1894 6.066116689154974928 1.079782455560083898 9.467843630392488249e-17 1.406073536079814592e-16 0.163695463491871307 7.121402550877257943e-17 -3.80618476054783292e-18
1895 6.069300801231626075 1.080304001560594029 9.486583800245122133e-17 1.406489362144619858e-16 0.1638177339939432264 5.886292209925175795e-17 1.30611074776559655e-17
1896 6.072484498062210356 1.080825881009336964 9.502886850475309854e-17 1.407664960642661831e-16 0.1639438357618790421 5.121459746677146137e-17 3.693039217181406193e-17
1897 6.075667779985058026 1.081348074423682082 9.519778878688834636e-17 1.409774237386942383e-16 0.1640638318886318836 5.307173167928723454e-17 6.626970307815363739e-17
1898 6.078850647338172486 1.081870528160852718 9.542778264382663333e-17 1.41285686128910627e-16 0.1641669860627875677 7.226936208933440078e-17 9.686313623171951671e-17
1899 6.082033100459233843 1.082393170234128288 9.576274659206428858e-17 1.416545470106783703e-16 0.164247526851956871 1.052670707082274559e-16 1.159196526277948569e-16
1900 6.085215139685594465 1.082915934006480008 9.622609097070980065e-17 1.420102254530770821e-16 0.1643071268555540976 1.456313302993826916e-16 1.117914171674165671e-16
1901 6.08839676535428076 1.083438730386908411 9.679451210879177753e-17 1.422670333457075377e-16 0.16433871959870619 1.786806594733689394e-16 8.072642014688263268e-17
1902 6.091577977801992283 1.083961407144708122 9.740402423032014182e-17 1.423840506644040151e-16 0.1643224439107039414 1.916222979272381188e-16 3.678864900943820691e-17
1903 6.09475877736509819 1.084483760718613965 9.798158342816118356e-17 1.424003307685102624e-16 0.1642421414493215603 1.816002880153833201e-16 5.118906608480061468e-18
1904 6.09793916437963901 1.085005619068964311 9.847636904603185095e-17 1.424398090477868696e-16 0.1641076998703701606 1.555941945226932643e-16 1.241465160531664758e-17
1905 6.10111913918132398 1.085526893037156881 9.88719660957081828e-17 1.426373886784716283e-16 0.1639451649860657056 1.24418688702331697e-16 6.214050024943601243e-17
1906 6.104298702105530161 1.08604759683551011 9.919014448139047951e-17 1.430592653849357086e-16 0.1637870412018782029 1.000828043315580504e-16 1.327010437071174977e-16
1907 6.107477853487302433 1.086567833985738973 9.945838622462079173e-17 1.436692856935867284e-16 0.1636614261449348129 8.438618085881124692e-17 1.919063135865934485e-16
1908 6.110656593661349945 1.087087751643086353 9.968460068664910711e-17 1.443450460280171772e-16 0.1635820609379524393 7.11740164805254672e-17 2.126149528566333788e-16
1909 6.113834922962046114 1.087607488627403418 9.983658564586965757e-17 1.449572474885509366e-16 0.1635463406530793806 4.782531292725365921e-17 1.926422625942900762e-16
1910 6.117012841723429517 1.088127145600225054 9.984498950097021534e-17 1.454249383436691641e-16 0.1635422733569081299 2.644793854385727646e-18 1.471879137096037272e-16
1911 6.120190350279199443 1.088646774098189551 9.965817550901692114e-17 1.457372069954131215e-16 0.1635544091407314382 -5.880018550334616562e-17 9.828736304727496201e-17
1912 6.123367448962717674 1.089166391385700594 9.929755692169806581e-17 1.45938976443012124e-16 0.163571965625093324 -1.135202630598520904e-16 6.351564110761740123e-17
1913 6.126544138107004933 1.089686003381912904 9.886255753650436695e-17 1.46092349494849635e-16 0.1635913730521300069 -1.369524707269900867e-16 4.828700707871671048e-17
1914 6.129720418044742658 1.090205627132088573 9.851474058812162217e-17 1.462620404020791116e-16 0.1636161354732483253 -1.095185986538282992e-16 5.343129611849622228e-17
1915 6.13289628910826945 1.090725301044019435 9.840467960874005532e-17 1.464961740199610333e-16 0.1636529823427723129 -3.465982629075362611e-17 7.373213077160864352e-17
1916 6.136071751629584625 1.091245078294279747 9.861784761553956945e-17 1.46816756506874316e-16 0.1637065698369672972 6.713838124823752494e-17 1.00969134867109182e-16
1917 6.139246805940342 1.091765008999564746 9.914444631014155526e-17 1.472207741452312329e-16 0.1637759405658267553 1.658763285809371642e-16 1.272638219949208828e-16
1918 6.142421452371855217 1.092285127808222178 9.988440678506098535e-17 1.476635394882692301e-16 0.1638562275208272634 2.33114299880459539e-16 1.394870894487589443e-16
1919 6.145595691255093307 1.092805453498514545 1.006835313988786828e-16 1.480872674844508665e-16 0.163942434607903087 2.517854435954190839e-16 1.335067643239058389e-16
1920 6.14876952292068335 1.093325996377761733 1.01393013746225948e-16 1.484378981850470675e-16 0.1640318947589811116 2.235699274221451631e-16 1.104896838904718742e-16
1921 6.151942947698907815 1.093846767510531448 1.019306690069419089e-16 1.486896442317851092e-16 0.1641248478675470801 1.694460048138433727e-16 7.933961585465613865e-17
1922 6.155115965919707222 1.094367786267554932 1.022951036830013775e-16 1.488579174942390201e-16 0.164223913348946815 1.148689713292476045e-16 5.303934512846273414e-17
1923 6.158288577912678363 1.094889079377789454 1.025506642109456892e-16 1.489781346398359124e-16 0.1643314131307232195 8.056239737877084763e-17 3.789701615199549993e-17
1924 6.161460784007076974 1.09541067769043976 1.027876341397793503e-16 1.490759162697812732e-16 0.1644486494601157256 7.471148547500757889e-17 3.082842984061700117e-17
1925 6.164632584531815951 1.095932609571768301 1.030805859542138264e-16 1.491421573437448229e-16 0.1645748431358213526 9.237316330281366823e-17 2.088704435711304232e-17
1926 6.16780397981546713 1.096454883047270679 1.034677903239310126e-16 1.491405264112295588e-16 0.1647035829287385178 1.221083398055862449e-16 -5.14329065862955443e-19
1927 6.170974970186261288 1.096977469416452688 1.039608851692793745e-16 1.490211060685234379e-16 0.164823286446883599 1.555216854728593027e-16 -3.766507225254318745e-17
1928 6.174145555972089916 1.097500305542372434 1.045543383756084639e-16 1.487683128352243785e-16 0.1649230876003305035 1.871984935278252539e-16 -7.974093314001253544e-17
1929 6.177315737500505222 1.09802331497552319 1.052264274103741484e-16 1.484059638205282488e-16 0.1649987789191099674 2.120303440670043003e-16 -1.143137029235202918e-16
1930 6.180485515098721905 1.098546431447548377 1.059442368950927711e-16 1.479876865281493596e-16 0.1650535635326673689 2.264830486635275598e-16 -1.319747347749667655e-16
1931 6.183654889093616269 1.099069563663479077 1.066539090537701115e-16 1.475848030888591235e-16 0.1650795360589246141 2.239440568575799845e-16 -1.271338472732914875e-16
1932 6.186823859811730664 1.09959254844484744 1.073054882747300263e-16 1.472785633689442267e-16 0.1650539990736768214 2.05638404718659282e-16 -9.66492568194720201e-17
1933 6.189992427579270817 1.100115173419152104 1.07863776699473483e-16 1.471313250566327135e-16 0.1649614053376735889 1.76218220822657143e-16 -4.647431736452394245e-17
1934 6.19316059272211028 1.100637263237329799 1.083212381941448312e-16 1.471714454473546075e-16 0.1648134168943847511 1.44411534968365133e-16 1.266521286527803959e-17
1935 6.196328355565788648 1.101158732313366917 1.086951949994501009e-16 1.473759192486628026e-16 0.1646383527122909085 1.180657401180529767e-16 6.45565218862565944e-17
1936 6.199495716435516002 1.101679604785449351 1.089896124326897459e-16 1.476911985189363752e-16 0.1644708490988293637 9.29653376398059344e-17 9.955267760233549526e-17
1937 6.202662675656170244 1.102199997449074154 1.091788394158054135e-16 1.480394409417995262e-16 0.1643401702082711024 5.975794200598294251e-17 1.099750689190005951e-16
1938 6.205829233552302426 1.10272006945244061 1.092191908627797858e-16 1.483537381460102769e-16 0.1642597067918417086 1.274461383372618954e-17 9.926772884326342421e-17
1939 6.208995390448134977 1.103239967694476631 1.090875133294577265e-16 1.486152890365247551e-16 0.1642256086698473949 -4.159433771745854039e-17 8.261877175169243573e-17
1940 6.212161146667563472 1.103759795565879775 1.088243486630910631e-16 1.488529162670276715e-16 0.1642241483458706242 -8.313904580016072673e-17 7.507125281257353793e-17
1941 6.215326502534158415 1.104279603583005143 1.085393530896766479e-16 1.491258133615556052e-16 0.164238632036309673 -9.004725123871875243e-17 8.622461373300261761e-17
1942 6.218491458371165237 1.104799407112372123 1.083488004276187993e-16 1.494982811316622384e-16 0.1642579584489964328 -6.021465703543330068e-17 1.176998462866671893e-16
1943 6.221656014501506071 1.105319211030566073 1.083226088479983307e-16 1.499918726510643792e-16 0.1642788141915184907 -8.277586011286399816e-18 1.559946484899840971e-16
1944 6.224820171247779754 1.105839031575728937 1.084244689439989948e-16 1.505687908830801543e-16 0.1643047910124185995 3.219592211510328159e-17 1.823522183274017796e-16
1945 6.227983928932262714 1.106358907739974917 1.085312815103325065e-16 1.511318482386650844e-16 0.1643430838368325764 3.376555370495127592e-17 1.779935079886402832e-16
1946 6.231147287876909857 1.10687889477359902 1.085152426999423849e-16 1.515538769130336807e-16 0.1643988375057865714 -5.070822179419699158e-18 1.334283721975343383e-16
1947 6.234310248403354571 1.107399045296992179 1.083066003728078734e-16 1.517341665667071348e-16 0.1644712270442935664 -6.597255604653137309e-17 5.700746078197669085e-17
1948 6.237472810832910497 1.107919395077850755 1.079532866653307147e-16 1.516593455022398105e-16 0.1645549292496646943 -1.117315972362002309e-16 -2.366134362445281508e-17
1949 6.240634975486568869 1.10843996176990367 1.075974856236742302e-16 1.514223832971269529e-16 0.1646442193185107539 -1.125323337634493391e-16 -7.494612671996454729e-17
1950 6.243796742685002954 1.108960752938794592 1.074227395196844146e-16 1.511908214999398764e-16 0.1647359082993420654 -5.527543453518226604e-17 -7.324729232309503448e-17
1951 6.246958112748563607 1.109481778103119209 1.075589629162152221e-16 1.5111958026190858e-16 0.1648306149177216351 4.309539683262593287e-17 -2.253775417435074133e-17
1952 6.250119085997281054 1.110003057353929679 1.080122032441036879e-16 1.512640845899653075e-16 0.1649316854017462142 1.434043097907064614e-16 4.572087290485655317e-17
1953 6.253279662750866663 1.110524618494940663 1.086675564259924841e-16 1.515556377266593492e-16 0.1650415627094090343 2.07378396818150169e-16 9.22583787579321348e-17
1954 6.256439843328709394 1.111046493647625866 1.093606323247901356e-16 1.518349567610429177e-16 0.1651616166092327309 2.193427590667046057e-16 8.83981217177295933e-17
1955 6.259599628049876685 1.111568709568116819 1.099681810253461426e-16 1.519210173475598291e-16 0.165290152685637709 1.922994178049374323e-16 2.723962814504810393e-17
1956 6.262759017233115344 1.112091267716495802 1.104474121718592278e-16 1.516855379104330093e-16 0.1654191664745071344 1.517037234052228193e-16 -7.454254102102519454e-17
1957 6.265918011196849768 1.112614131403429463 1.108321410037043157e-16 1.511164212705745097e-16 0.1655365801785977919 1.218036301071926526e-16 -1.80180082570687544e-16
1958 6.269076610259181059 1.113137231420966655 1.111695473156863202e-16 1.503367943128905441e-16 0.1656320928755778132 1.068348532392136645e-16 -2.468576569188353831e-16
1959 6.272234814737887021 1.113660493940484164 1.114997700904418224e-16 1.495691509998680707e-16 0.1657042330917725403 1.045733443525505279e-16 -2.430935557732824039e-16
1960 6.275392624950423048 1.114183850688975852 1.118280533493729613e-16 1.490385037228902035e-16 0.1657547516121069819 1.039721188259655346e-16 -1.680637688204201589e-16
1961 6.278550041213918576 1.114707203357461873 1.121208199004752482e-16 1.488930755109356218e-16 0.1657741263252620889 9.273501817928942116e-17 -4.606498873799974156e-17
1962 6.281707063845177963 1.115230373425015298 1.123337157412534846e-16 1.49140267450791887e-16 0.1657369349590796792 6.74440422043355532e-17 7.830882728048850623e-17
1963 6.284863693160681386 1.115753138758867502 1.124213612964553896e-16 1.496480514086099334e-16 0.1656293387217629975 2.776900917094844246e-17 1.608827435575716429e-16
1964 6.288019929476581282 1.116275324310773476 1.123498948594473317e-16 1.502097640181881519e-16 0.1654662311499308647 -2.264574717219995374e-17 1.77991267964154444e-16
1965 6.291175773108704128 1.116796854453038446 1.121237475776034533e-16 1.506527485040956778e-16 0.1652790991388400355 -7.166876079976854949e-17 1.403870473244595539e-16
1966 6.294331224372549549 1.117317769200650623 1.117973510367763414e-16 1.508954208688127053e-16 0.165104586893029065 -1.034517956798042446e-16 7.691531236275805359e-17
1967 6.297486283583289435 1.117838201516269558 1.114815142359340407e-16 1.509593432639769158e-16 0.1649721627269481738 -1.001173035186306761e-16 2.026279971563097383e-17
1968 6.300640951055766159 1.118358321592674454 1.113063903454986062e-16 1.5091710753369454e-16 0.1648936454418772346 -5.551951944916115947e-17 -1.338999175401803162e-17
1969 6.303795227104495247 1.118878281250736739 1.113592367427545822e-16 1.508355242287595049e-16 0.1648632299818498514 1.675596867839749794e-17 -2.586755906084552201e-17
1970 6.306949112043662709 1.119398183263894619 1.116638147436165351e-16 1.507721108297669396e-16 0.1648653809094669798 9.658429253570394296e-17 -2.010893190462620418e-17
1971 6.310102606187126817 1.11991807523778486 1.121711249265717926e-16 1.507609925007131077e-16 0.1648826140012557562 1.608923262446352652e-16 -3.526153989267411687e-18
1972 6.313255709848415442 1.120437970436521269 1.127784027517249944e-16 1.507997547764447325e-16 0.1649040421858749828 1.926206826702612667e-16 1.229489321694948425e-17
1973 6.316408423340728717 1.120957873576623465 1.133655111500794026e-16 1.5086257992829627e-16 0.1649269555099692752 1.862462317036738152e-16 1.992979119589848787e-17
1974 6.319560746976938148 1.121477800724210327 1.138263915402625304e-16 1.509043674472651161e-16 0.1649549553715778938 1.462214553464905588e-16 1.325773881703853901e-17
1975 6.322712681069585727 1.121997790982824039 1.141041829547998395e-16 1.508860932454399903e-16 0.1649953535484156575 8.814452173870215386e-17 -5.798490146698636094e-18
1976 6.325864225930885709 1.122517900197013585 1.14197985634936398e-16 1.508005199652450911e-16 0.1650534672956087134 2.976770488922273577e-17 -2.715615532025793773e-17
1977 6.329015381872723722 1.123038183092409881 1.141390558459913848e-16 1.506743597871879038e-16 0.1651289480478285443 -1.870331341521658568e-17 -4.004109624292801547e-17
1978 6.332166149206659433 1.123558676712493209 1.139693652007882949e-16 1.5056266726192014e-16 0.1652161895208949793 -5.386356473169085461e-17 -3.545367841348430569e-17
1979 6.335316528243924772 1.124079397847415285 1.137315114662266757e-16 1.505247506801436314e-16 0.1653087664087201369 -7.550933658948494901e-17 -1.20370442825339984e-17
1980 6.338466519295424817 1.124600351371088491 1.13464769051887186e-16 1.50602873423079743e-16 0.1654028972633294625 -8.469079514749495682e-17 2.480399390080752482e-17
1981 6.341616122671741351 1.125121544883624924 1.132101824967737179e-16 1.508264342793297139e-16 0.1654994483234851488 -8.084124880375526992e-17 7.098936860522776457e-17
1982 6.344765338683130196 1.12564299749125718 1.130029476490326119e-16 1.512168235196472907e-16 0.1656020745660076177 -6.581330729962614956e-17 1.239791826497493121e-16
1983 6.347914167639523875 1.126164737691601969 1.128747612553795912e-16 1.517924287242133241e-16 0.1657137610849060416 -4.071422788222860159e-17 1.828222231786350225e-16
1984 6.351062609850532503 1.126686799819667462 1.128421124351043968e-16 1.525610651944140932e-16 0.1658363654882447635 -1.037110604436980401e-17 2.441622782945797441e-16
1985 6.354210665625443788 1.127209208765128645 1.129059028457724941e-16 1.534937793471156556e-16 0.165966891039356329 2.026591663234547593e-17 2.963189460999705315e-16
1986 6.357358335273225691 1.127731957563092857 1.130500360334777988e-16 1.544996349529528904e-16 0.1660952193435965007 4.579605638470726355e-17 3.195948190224049637e-16
1987 6.360505619102525543 1.128254998669437903 1.132545025027355666e-16 1.554588644065797765e-16 0.1662084545797370139 6.497396754565889865e-17 3.048174285741888977e-16
1988 6.363652517421672705 1.128778254910013601 1.135002731337662863e-16 1.5628013007206508e-16 0.166297174401588338 7.810888494390903608e-17 2.610081811026336903e-16
1989 6.366799030538678572 1.129301654963357437 1.137783113091134204e-16 1.569546317451276309e-16 0.1663632300777604933 8.837471192478297442e-17 2.143910309268355676e-16
1990 6.369945158761238346 1.129825132791272502 1.140927395836951945e-16 1.575651599252915919e-16 0.1664082927829128589 9.995355979876762482e-17 1.940807169648490476e-16
1991 6.373090902396731039 1.130348589121281888 1.14456967781135328e-16 1.582229922211735029e-16 0.1664217886887063014 1.157985960505421255e-16 2.091437643631417394e-16
1992 6.376236261752220358 1.130871835488260313 1.148679282219992828e-16 1.589971808036012741e-16 0.1663753458719277045 1.306720692266976341e-16 2.461668179663335421e-16
1993 6.379381237134457372 1.13139464201997697 1.153272791006090463e-16 1.598694174868429625e-16 0.1662557746853456642 1.460764767511592336e-16 2.773767668991616984e-16
1994 6.382525828849879623 1.131916832545382778 1.15828757581707602e-16 1.607592687555611801e-16 0.166080127807035155 1.594927640033168934e-16 2.830128185935778785e-16
1995 6.385670037204612015 1.13243833792118509 1.163615007579218866e-16 1.615750282013089435e-16 0.165882428589865738 1.694569912134818004e-16 2.594798908785836253e-16
1996 6.3888138625044677 1.1329592105538977 1.169099150850874751e-16 1.622692750675236382e-16 0.1657013367821962568 1.744629712038998921e-16 2.208555922577863809e-16
1997 6.39195730505494808 1.133479597595091093 1.174450330762678931e-16 1.628462807975297251e-16 0.1655670027279767809 1.70253820507063281e-16 1.835808767544916922e-16
1998 6.39510036516124547 1.133999680050233438 1.179369823559072591e-16 1.633490663026377076e-16 0.165490215861852058 1.565382405725121505e-16 1.599863270714867459e-16
1999 6.398243043128240437 1.134519615737971554 1.183703681480580063e-16 1.638196846243225708e-16 0.1654636182757115159 1.379200985231566005e-16 1.497689275217463923e-16
2000 6.401385339260504459 1.135039508066979286 1.187436971510260622e-16 1.642507093468607666e-16 0.1654699108342705394 1.188221356350285284e-16 1.371853717131852142e-16
2001 6.404527253862298153 1.135559402365993842 1.190562291339153997e-16 1.645970061902158056e-16 0.1654906177683990454 9.948389705134115798e-17 1.102317887438020105e-16
2002 6.407668787237573937 1.13607930962864323 1.192933803159872775e-16 1.64805770313999533e-16 0.1655148136003819215 7.549814460315255926e-17 6.646099702170901542e-17
2003 6.410809939689974257 1.13659923459564971 1.19427272733917545e-16 1.648601336529604266e-16 0.1655405087269159192 4.263041858995411281e-17 1.730891062895848248e-17
2004 6.413950711522831583 1.13711919276775153 1.194440266610498183e-16 1.648109060433450614e-16 0.1655711300316502765 5.334980382258644946e-18 -1.567562813720938622e-17
2005 6.417091103039169298 1.137639222002936989 1.193540525470225853e-16 1.647617238423406549e-16 0.1656137994292228299 -2.865407147544622976e-17 -1.566306396163834757e-17
2006 6.420231114541699036 1.138159377577776077 1.192022664484459533e-16 1.64834311167846493e-16 0.1656740692680933047 -4.834519098885308459e-17 2.311969375230951347e-17
2007 6.423370746332824233 1.138679715095353595 1.19055341602399531e-16 1.651158030141815845e-16 0.1657520499442038664 -4.680249568262287291e-17 8.966843442278418586e-17
2008 6.426509998714636573 1.139200272253525936 1.189645568121193868e-16 1.656097064920543727e-16 0.1658420435249089719 -2.892273193188642217e-17 1.573505633119725381e-16
2009 6.429648871988915992 1.139721064857661004 1.189337325821209974e-16 1.662424965748064368e-16 0.1659370788794555795 -9.821342784112973097e-18 2.016221755878282955e-16
2010 6.432787366457131562 1.140242095749328666 1.189351384728726005e-16 1.669038894673027905e-16 0.1660330267458793863 4.480047162220821351e-19 2.107611382847056685e-16
2011 6.435925482420440602 1.14076337128918448 1.189135671890285336e-16 1.674910983805522402e-16 0.1661310089792661648 -6.87478862135589342e-18 1.871440376173120798e-16
2012 6.43906322017968602 1.141284910072204006 1.188443233958833076e-16 1.67954255550853554e-16 0.1662349258628974813 -2.207072071097415378e-17 1.476264093384496587e-16
2013 6.442200580035398083 1.141806741431946826 1.187338039865942151e-16 1.682918669099434599e-16 0.1663482027495182536 -3.523112354389704999e-17 1.076229739050281466e-16
2014 6.445337562287791755 1.142328900747369591 1.186402981279424133e-16 1.685317619142085095e-16 0.166472770373316814 -2.981116849997326933e-17 7.64823776559128144e-17
2015 6.448474167236768473 1.142851410091545672 1.186087355305771948e-16 1.687062074759971582e-16 0.1666043901512255232 -1.006387224311109738e-17 5.562273050296450576e-17
2016 6.451610395181913482 1.143374254696125858 1.18647894987794152e-16 1.688401096416853531e-16 0.1667313161460225734 1.248766418196145521e-17 4.270042020978218182e-17
2017 6.454746246422494949 1.143897378135801723 1.187048517012317414e-16 1.689661502746197526e-16 0.1668402609523343127 1.816525931012074916e-17 4.019826009402399617e-17
2018 6.457881721257464847 1.144420697303863088 1.186964949053064198e-16 1.691206362333249189e-16 0.1669227075335203148 -2.665560688952965967e-18 4.92762659516318671e-17
2019 6.461016819985457182 1.14494414376812581 1.185525293818885422e-16 1.693391659204211701e-16 0.1669833276283313739 -4.592607612305655765e-17 6.971260067314568768e-17
2020 6.464151542904787995 1.145467654010426717 1.182524187510599894e-16 1.696540613447505903e-16 0.167023681182706718 -9.574900025402209645e-17 1.004660247484967067e-16
2021 6.467285890313453578 1.145991122280953345 1.178520403717627658e-16 1.70080983814488605e-16 0.1670302854787265034 -1.277542857110395529e-16 1.36224077012121211e-16
2022 6.470419862509132258 1.14651434639239902 1.174522818369191191e-16 1.70604056411608151e-16 0.1669723530770237385 -1.275717646899645474e-16 1.669240015140694408e-16
2023 6.473553459789182618 1.147037091905793726 1.171351433562531969e-16 1.711785848116297151e-16 0.1668395673964804538 -1.01217983824428498e-16 1.833666043236127918e-16
2024 6.476686682450641719 1.14755918528370926 1.169353190269392969e-16 1.717079455379744266e-16 0.166651341310874973 -6.378359488039583487e-17 1.689710668900814109e-16
2025 6.479819530790227766 1.148080566908419309 1.168199916124302061e-16 1.720861422310331473e-16 0.1664440223376784378 -3.68167151409933803e-17 1.207341721383202218e-16
2026 6.482952005104338333 1.148601302960405635 1.16724824093622358e-16 1.722531440760026752e-16 0.1662577678788779434 -3.038456659800212184e-17 5.331943864914743576e-17
2027 6.486084105689050361 1.149121554391729472 1.165947686305906588e-16 1.722336085619409158e-16 0.1661228473067873357 -4.152835057397204672e-17 -6.237936167294299835e-18
2028 6.489215832840121045 1.149641511737431676 1.164324143054966554e-16 1.721280504211108176e-16 0.1660487263867224395 -5.184796239166121215e-17 -3.371006293009948681e-17
2029 6.492347186852986063 1.150161337552333185 1.162848967022405899e-16 1.72063399296194727e-16 0.166026490328155002 -4.711545527008693708e-17 -2.064883862610669527e-17
2030 6.495478168022762233 1.150681135344762129 1.162029017277644763e-16 1.721448888811569559e-16 0.1660372966655282723 -2.619138461238953065e-17 2.60299497046735119e-17
2031 6.498608776644244855 1.151200948443273253 1.162089224238489797e-16 1.724165840144288852e-16 0.1660619318976515046 1.923399825870806679e-18 8.67970023217173345e-17
2032 6.501739013011912149 1.151720786163884291 1.162757348625093755e-16 1.72870252368515564e-16 0.1660895338727030324 2.134675179199697741e-17 1.449482453379429227e-16
2033 6.504868877419921702 1.15224065341632409 1.16329788000830259e-16 1.734572746020284346e-16 0.1661186956694000738 1.727217244895240251e-17 1.875774388604851474e-16
2034 6.507998370162114021 1.152760564486183137 1.162962022625685509e-16 1.741235278151235178e-16 0.1661524141763224272 -1.073328078124867353e-17 2.129202208340857847e-16
2035 6.511127491532010758 1.153280555038769251 1.161303110590249779e-16 1.748194488675537836e-16 0.1661975243323308149 -5.302155433464309676e-17 2.224278027156721542e-16
2036 6.514256241822818261 1.153800678125995294 1.158471226834126744e-16 1.755152124479195899e-16 0.1662595878984766407 -9.052238553386566466e-17 2.224038289923429273e-16
2037 6.517384621327425798 1.154320990042767336 1.15514922649659194e-16 1.761825593650934285e-16 0.1663396476625593201 -1.062017508860072625e-16 2.133455865475204796e-16
2038 6.520512630338407334 1.154841530811143047 1.152294027634959703e-16 1.767915385808284863e-16 0.1664325070960900876 -9.128927716502094734e-17 1.947089330975536135e-16
2039 6.523640269148024196 1.155362317025526719 1.150792683960270894e-16 1.773205250872320113e-16 0.1665306793254733575 -4.800814137194202458e-17 1.691528689361077429e-16
2040 6.526767538048224182 1.155883350682374022 1.151090816937078113e-16 1.77764169165793094e-16 0.166629497718990216 9.534460495205820742e-18 1.418798747549922992e-16
2041 6.529894437330643342 1.156404636369387173 1.153064741685760186e-16 1.78141516525029792e-16 0.1667297912879354693 6.3134682107153824e-17 1.206920658210949626e-16
2042 6.533020967286605973 1.156926189095049073 1.156127886346245172e-16 1.785008707180375477e-16 0.1668348939551169974 9.798422852694986944e-17 1.149506382248901114e-16
2043 6.536147128207128176 1.157448035673617204 1.159529968923806455e-16 1.788907656170835531e-16 0.1669485843013367998 1.088390521901032731e-16 1.247347479035720593e-16
2044 6.539272920382916965 1.157970208313535254 1.162480651106996862e-16 1.79330780043389721e-16 0.1670725912564952065 9.440902886012682347e-17 1.407855271864444378e-16
2045 6.542398344104372931 1.158492723269048286 1.164358301656892001e-16 1.79804437712899184e-16 0.1672018131986390821 6.00837494091693104e-17 1.515677596245399016e-16
2046 6.545523399661589359 1.159015559162954956 1.164860153607835118e-16 1.802732687639637963e-16 0.1673242086850386945 1.606086757762307516e-17 1.500409316587112e-16
2047 6.548648087344354884 1.159538656134577739 1.164053750153903772e-16 1.806969145478768421e-16 0.1674274578943637792 -2.581052608852098447e-17 1.355961523313355993e-16
2048 6.551772407442154389 1.160061933443113702 1.162340991035361439e-16 1.810489757925477114e-16 0.167504870175504611 -5.482666439255023679e-17 1.126973635593334221e-16
2049 6.554896360244168996 1.160585328093842516 1.16047169203722199e-16 1.813130927929500468e-16 0.1675621177264003947 -5.984465037156902009e-17 8.455570543822556622e-17
2050 6.558019946039278736 1.161108773511154935 1.158967314043948868e-16 1.81485596780453266e-16 0.1675980469009104579 -4.81675462491878675e-17 5.523275289445393065e-17
2051 6.56114316511606166 1.161632148935735742 1.157984652354572885e-16 1.815658199752125835e-16 0.1675952994862603129 -3.146679656511214672e-17 2.568907464884803263e-17
2052 6.564266017762795613 1.162155234021261974 1.157073665479469625e-16 1.815586467944069949e-16 0.1675219683880299071 -2.91750460328022538e-17 -2.297265591023028308e-18
2053 6.567388504267458238 1.162677792710010483 1.155327056906538923e-16 1.814949050347001139e-16 0.1673729965250874696 -5.594301977984166779e-17 -2.041617440420603969e-17
2054 6.57051062491772786 1.163199662081364494 1.151791672283509964e-16 1.814347591114855779e-16 0.1671717855616536019 -1.132499036196701538e-16 -1.926670145814846162e-17
2055 6.573632380000983488 1.163720801068957034 1.146009793558073836e-16 1.814508943957969193e-16 0.1669573556746779264 -1.852341133197145406e-16 5.169262837394012385e-18
2056 6.576753769804305705 1.164241295234494489 1.138230812286817302e-16 1.815894348046885776e-16 0.1667702748921543465 -2.492444547670620653e-16 4.438939685456941725e-17
2057 6.579874794614477551 1.164761319284994601 1.12931565056746667e-16 1.818471460775083477e-16 0.1666391190492345353 -2.856819206083308652e-16 8.258229485817013952e-17
2058 6.582995454717982753 1.1652810688212214 1.120259175645421721e-16 1.82176140967206617e-16 0.1665706038868348116 -2.902441256229293442e-16 1.054370877375833345e-16
2059 6.586115750401007496 1.165800705184341091 1.111744586330943399e-16 1.825233983332852722e-16 0.1665537705084283171 -2.729094911955723684e-16 1.113028797869234712e-16
2060 6.589235681949440426 1.166320328032553366 1.104026243805786272e-16 1.828702264139574276e-16 0.1665688641112159918 -2.474170548234380622e-16 1.111782509914213383e-16
2061 6.592355249648871762 1.166839978141334333 1.097130319179794923e-16 1.832563824165482827e-16 0.1665970183963120521 -2.210796192212894711e-16 1.237995289145584025e-16
2062 6.59547445378459507 1.167359665083305131 1.091248596647091294e-16 1.837474724557039953e-16 0.1666282333075195798 -1.885868116510455995e-16 1.574591528298280234e-16
2063 6.598593294641604601 1.167879396221006338 1.08660550915005051e-16 1.843938537489926699e-16 0.1666618012169092389 -1.488895448687477672e-16 2.072746133489005875e-16
2064 6.601711772504596176 1.168399185340179836 1.083465544901198816e-16 1.852042140408404803e-16 0.1666997829157488287 -1.007007148358839069e-16 2.598878655816973131e-16
2065 6.604829887657968079 1.168919064953939158 1.082003684816885817e-16 1.861344089286245597e-16 0.1667481866394047163 -4.688826253774559007e-17 2.983542855962634972e-16
2066 6.607947640385820165 1.169439084278466101 1.082063584572622003e-16 1.871268261853684783e-16 0.1668123740541605504 1.921470989316349336e-18 3.183487052147519715e-16
2067 6.611065030971952972 1.16995929881796612 1.083475820431977096e-16 1.88115687737857735e-16 0.1668943679733145002 4.530711721415631701e-17 3.172449273994800934e-16
2068 6.614182059699866834 1.170479749520615398 1.085855763246174785e-16 1.890437059206197172e-16 0.1669895042097694349 7.636178961185360892e-17 2.977597982829483609e-16
2069 6.617298726852764545 1.171000453510804507 1.08863948943324157e-16 1.898695951717239413e-16 0.1670901424477651553 8.932775893720618208e-17 2.650218842435937899e-16
2070 6.620415032713547809 1.171521412157496833 1.09108489087145186e-16 1.905619872815308112e-16 0.1671912282015785012 7.848025414226325343e-17 2.222093595541147465e-16
2071 6.623530977564819011 1.172042627595366593 1.092371527187114356e-16 1.910996008585039245e-16 0.167293007383340131 4.129679265363409896e-17 1.725562705309314614e-16
2072 6.626646561688878556 1.17256411084876544 1.091877600354007512e-16 1.914752416417698972e-16 0.1673983338466142057 -1.585526061773596238e-17 1.205822830047329901e-16
2073 6.629761785367727533 1.173085885859992628 1.089629365073479e-16 1.917149241569741438e-16 0.1675113560058600071 -7.217764982186017044e-17 7.694799917368256222e-17
2074 6.632876648883064163 1.173607981015024393 1.086368902886733133e-16 1.918715869327294919e-16 0.167633503285259805 -1.046864146173113335e-16 5.030104125878836287e-17
2075 6.635991152516286462 1.174130406813018057 1.083307711914959417e-16 1.920290783304418176e-16 0.1677590350963933663 -9.829959501289483258e-17 5.057293307044209954e-17
2076 6.639105296548489576 1.174653136229725225 1.081488252517730134e-16 1.922730364834385969e-16 0.1678759018554800697 -5.843240832387726273e-17 7.834779073143871869e-17
2077 6.642219081260467561 1.175176108071425363 1.081252203179326179e-16 1.926550701305245891e-16 0.1679731256674184825 -7.58165966537281042e-18 1.227052408836275992e-16
2078 6.645332506932711603 1.175699249205010233 1.082068608461313545e-16 1.93173951507913877e-16 0.1680468644764908093 2.622511191958940295e-17 1.666785173400738829e-16
2079 6.648445573845411793 1.176222505243651462 1.082850138550253821e-16 1.93770788749277721e-16 0.1681031326565796125 2.510771907332642e-17 1.917420966988212809e-16
2080 6.651558282278455358 1.176745805278623935 1.082513037854375506e-16 1.943646818706252111e-16 0.1681366156767088171 -1.083106561424420292e-17 1.908182167468809407e-16
2081 6.654670632511427542 1.177269012241959567 1.080712038274234108e-16 1.948767516205238913e-16 0.1681260462267434863 -5.787288011894106089e-17 1.645472412941653493e-16
2082 6.657782624823612494 1.177791886126005938 1.077915036683637778e-16 1.952574325578815452e-16 0.1680383269358904641 -8.988849549792095903e-17 1.223411414525596836e-16
2083 6.660894259493992386 1.178314186172385591 1.075032873633190469e-16 1.954921419448424228e-16 0.1678731899472330757 -9.26360065598972932e-17 7.543827302484672677e-17
2084 6.664005536801249185 1.178835758163651048 1.072706603082120555e-16 1.955899087119247713e-16 0.1676584270758894324 -7.477757012967891935e-17 3.142696054201326738e-17
2085 6.667116457023764653 1.179356579352240919 1.070975158974878492e-16 1.955678758183515371e-16 0.1674362869231654505 -5.566335984073843747e-17 -7.083248475476913307e-18
2086 6.670227020439620347 1.179876755780607134 1.069276238010658905e-16 1.954462171908134046e-16 0.1672481758509086758 -5.46240499734021234e-17 -3.911592764052854568e-17
2087 6.673337227326599397 1.1803964774431428 1.067012309146135931e-16 1.952475920021747388e-16 0.1671211011192411666 -7.279863664885040935e-17 -6.386968761963829735e-17
2088 6.676447077962186505 1.180915946254813109 1.064078784380115638e-16 1.949955177155325339e-16 0.1670589173609537126 -9.434088446756908915e-17 -8.106599756312216939e-17
2089 6.679556572623569721 1.181435322577376157 1.061012863560107065e-16 1.947304318266086659e-16 0.1670482820372624355 -9.860996421964720159e-17 -8.526022541522175731e-17
2090 6.682665711587639557 1.181954701717714107 1.058803554668454352e-16 1.945074019806820228e-16 0.1670682867092084523 -7.106666838790160065e-17 -7.174183818730682036e-17
2091 6.685774495130993422 1.182474121115680621 1.058440539053595436e-16 1.944041722163268034e-16 0.167100325728542054 -1.167842936265769058e-17 -3.320963236291497474e-17
2092 6.688882923529932079 1.18299358998933668 1.060416347694313475e-16 1.94487521136647944e-16 0.1671353230716251803 6.357020261290564664e-17 2.681690748379371513e-17
2093 6.691990997060464963 1.183513117873130183 1.064536049573401288e-16 1.948024780329641678e-16 0.1671733815651986477 1.325635284748787286e-16 1.013466476909691955e-16
2094 6.695098715998308414 1.184032720646770676 1.069887449161133258e-16 1.953422582991149608e-16 0.1672165442700491444 1.722166607770998527e-16 1.737099864547046905e-16
2095 6.698206080618888336 1.184552426938005887 1.075281072705390631e-16 1.960513729829348284e-16 0.1672689159282515214 1.73595274559545394e-16 2.282305341146393823e-16
2096 6.701313091197340199 1.185072281053328735 1.079789693199435185e-16 1.968460989342570235e-16 0.1673355465122016994 1.451277295204953046e-16 2.558138859962956274e-16
2097 6.704419748008509927 1.185592335401937758 1.083042073625125009e-16 1.976549836930082332e-16 0.167419049363483452 1.047026028133176347e-16 2.604010863806358123e-16
2098 6.707526051326956562 1.186112631055447064 1.085095043947849545e-16 1.98456675195000062e-16 0.1675157799573684381 6.609798150743627403e-17 2.581147398321924254e-16
2099 6.710632001426951376 1.186633186288523101 1.08614250043207862e-16 1.992768752172378734e-16 0.167618402196651084 3.372802175467457183e-17 2.641038039263466975e-16
2100 6.713737598582479649 1.187154002963260124 1.086384835116306799e-16 2.001510647447016244e-16 0.1677216326420246928 7.804045234353131239e-18 2.815203542759469984e-16
2101 6.716842843067242441 1.187675079835299297 1.085855033038106221e-16 2.010912109982896792e-16 0.1678244709861520523 -1.70634618944822937e-17 3.027951462143379611e-16
2102 6.71994773515465571 1.18819642220453181 1.084498557672583744e-16 2.020625309413475819e-16 0.1679290250448030042 -4.36932808597289416e-17 3.128708132516528463e-16
2103 6.723052275117852972 1.188718049381922715 1.082485026634195325e-16 2.029865178151556577e-16 0.1680398089930826289 -6.486498130422681466e-17 2.976581445840562532e-16
2104 6.726156463229686189 1.1892399843025383 1.080332991146926151e-16 2.037874808675984328e-16 0.1681579925553337573 -6.933469157807347296e-17 2.580558105806253528e-16
2105 6.729260299762723996 1.189762231024174 1.078681529017875202e-16 2.044299524700066056e-16 0.1682774956268808519 -5.321314614076717631e-17 2.070161626405894693e-16
2106 6.732363784989255251 1.190284759203467102 1.078136886019958616e-16 2.049160693101590134e-16 0.1683872326999727997 -1.755138399477131801e-17 1.566535025783217117e-16
2107 6.73546691918128726 1.190807509133872788 1.079083907389209624e-16 2.052764987628332819e-16 0.1684777369492299337 3.052167161651172425e-17 1.1616326465941966e-16
2108 6.738569702610549328 1.191330415167337842 1.081706187471361046e-16 2.0554293682641361e-16 0.1685470867299586062 8.452334456877414617e-17 8.588036193204624081e-17
2109 6.741672135548490985 1.191853432074087005 1.085948444823496917e-16 2.057199379960493987e-16 0.1686018569877495155 1.36755133182159546e-16 5.705881684606901963e-17
2110 6.744774218266281984 1.192376487319790401 1.091496425912729683e-16 2.057913141541854546e-16 0.168633239784523159 1.788671527579170923e-16 2.301170457370828558e-17
2111 6.747875951034814079 1.192899434819225002 1.097611451679326959e-16 2.057561406195491135e-16 0.168617511696614264 1.971709263050432016e-16 -1.134124150964910618e-17
2112 6.750977334124701024 1.193422019534634337 1.103107709983374175e-16 2.056503644958702119e-16 0.1685195225431467547 1.772395552070994345e-16 -3.410995640174595828e-17
2113 6.754078367806276795 1.193943996590453693 1.106756474088620374e-16 2.055541896313324796e-16 0.1683425219581649035 1.176760826284394597e-16 -3.101730059734199633e-17
2114 6.757179052349598258 1.194465217869861151 1.107704159933268209e-16 2.055591983188700644e-16 0.1681176924280991525 3.056720123362673118e-17 1.615530724052265182e-18
2115 6.760279388024443392 1.19498567404836642 1.105925148476754993e-16 2.057324980847712109e-16 0.1678897897854410293 -5.738770559276068524e-17 5.590338335607083235e-17
2116 6.763379375100312174 1.19550548620960928 1.102402159470803491e-16 2.061019967541529402e-16 0.1677008851094733966 -1.136580516155065843e-16 1.192070107670058731e-16
2117 6.766479013846425694 1.19602485546832793 1.098762873086452342e-16 2.066458278570848674e-16 0.1675768140052236732 -1.174232027222521511e-16 1.754695374368810242e-16
2118 6.769578304531725266 1.196543988364196398 1.096608607292781267e-16 2.072932895158468363e-16 0.1675193489419360138 -6.951615011796339675e-17 2.089298451395960894e-16
2119 6.772677247424874203 1.197063044922576536 1.096853276428081717e-16 2.07957043518163316e-16 0.1675135009589399093 7.896130540896577379e-18 2.14211254839999834e-16
2120 6.775775842794255155 1.197582118199810086 1.099534900579856445e-16 2.085777477644263139e-16 0.167537672317317865 8.655291807982268877e-17 2.003403935001304239e-16
2121 6.778874090907971883 1.198101244489011341 1.103976813222578003e-16 2.0912062279911273e-16 0.167573549996543808 1.433845840211012579e-16 1.752396260009731112e-16
2122 6.781971992033847485 1.198620434006800073 1.109197905205847796e-16 2.095889036780428396e-16 0.1676127195228366562 1.68555295554098839e-16 1.511776122759826912e-16
2123 6.785069546439424393 1.199139698747458516 1.114284598701346357e-16 2.100023959218812671e-16 0.1676557559632037286 1.642348067499015804e-16 1.335048373161960172e-16
2124 6.788166754391965263 1.19965905576866616 1.118608253669435624e-16 2.103765029443447561e-16 0.1677042956285792474 1.396140768980789839e-16 1.208019765402591512e-16
2125 6.7912636161584512 1.200178528301773628 1.121928403725202711e-16 2.107025131764958471e-16 0.1677603341151218674 1.072221238216214774e-16 1.052829206261373142e-16
2126 6.794360132005582642 1.200698154580697175 1.124419873445779056e-16 2.10969466456925046e-16 0.1678287194605562471 8.0469404596934294e-17 8.622048004006305164e-17
2127 6.797456302199777589 1.201217982664483763 1.126614202880821973e-16 2.111901765732625565e-16 0.167912629469453234 7.08802846272364286e-17 7.129283149686899508e-17
2128 6.800552127007173375 1.201738055075350475 1.129212282152211535e-16 2.114074568050724428e-16 0.1680102806498519341 8.393139463198801628e-17 7.01927500157124926e-17
2129 6.803647606693625782 1.202258393278472282 1.13287022905703947e-16 2.116981346199967869e-16 0.1681148743170738369 1.181837659572401021e-16 9.391442725054203933e-17
2130 6.806742741524708151 1.202779000879140581 1.137852605356298607e-16 2.121508370369520376e-16 0.1682206418291068706 1.609923746444523488e-16 1.462788692290248285e-16
2131 6.809837531765713159 1.203299872502033185 1.143811535421095245e-16 2.128428707008617696e-16 0.1683246813944409837 1.925685640231923464e-16 2.23637343391700665e-16
2132 6.812931977681651041 1.203821005971508873 1.150034696738917663e-16 2.137799109914715321e-16 0.168428026547496279 2.01129814345233823e-16 3.028472669422831098e-16
2133 6.816026079537252258 1.204342412685029728 1.155604170004236303e-16 2.149032639359359998e-16 0.1685350642996062409 1.800229092845627014e-16 3.631030361078559119e-16
2134 6.81911983759696394 1.204864108318934202 1.159822649540896262e-16 2.16107979310593347e-16 0.1686471790909424562 1.363696814148223724e-16 3.894451790268494803e-16
2135 6.82221325212495433 1.205386091451166486 1.162639201606969066e-16 2.17289660892314677e-16 0.1687588446332566328 9.106004450512264227e-17 3.820414993160851241e-16
2136 6.825306323385110119 1.205908331727450156 1.164594340882782502e-16 2.183726686577207762e-16 0.1688607058452665233 6.321729922652500116e-17 3.501787663788988147e-16
2137 6.82839905164103822 1.206430775023330293 1.166446591267218885e-16 2.193281266245735648e-16 0.1689450727734624902 5.989713686844128209e-17 3.089711687658126735e-16
2138 6.831491437156066659 1.20695336525892305 1.168774782001086286e-16 2.201681690099018565e-16 0.1690113071873382278 7.529619432441020786e-17 2.71678749366687415e-16
2139 6.834583480193243687 1.207476067050498258 1.171512945237519798e-16 2.209069405677876241e-16 0.1690660971590230988 8.856494835669929462e-17 2.389531201097272958e-16
2140 6.837675181015340442 1.207998807614818038 1.174113459753492978e-16 2.215357391400381734e-16 0.1690973408088972951 8.412205200836324648e-17 2.034052333595715928e-16
2141 6.840766539884849173 1.208521432893947312 1.17606799232736885e-16 2.220228998138969417e-16 0.1690787364939023707 6.323266616143000796e-17 1.576052948353038589e-16
2142 6.843857557063985908 1.2090436738199839 1.177171160255110857e-16 2.223303510447427722e-16 0.1689730557848317938 3.569342165676071288e-17 9.947702562321858877e-17
2143 6.846948232814689561 1.209565279680909988 1.177511921628102538e-16 2.224419246161430643e-16 0.1687862096348204666 1.102668218396093287e-17 3.610404257850861741e-17
2144 6.850038567398626377 1.210086105279705393 1.17753689111815237e-16 2.223888776036339939e-16 0.168552318540118734 8.080757647821673826e-19 -1.716735308461961465e-17
2145 6.853128561077185488 1.210606151111044637 1.177796394181032156e-16 2.222606532910398055e-16 0.1683185217130099831 8.399100481475793349e-18 -4.150120132285048077e-17
2146 6.856218214111484244 1.211125550544489782 1.17878689488944345e-16 2.221843933906871609e-16 0.168127830408124207 3.206217111526036423e-17 -2.468507042525293732e-17
2147 6.859307526762366436 1.211644514772987069 1.180830196626642048e-16 2.222678126404616739e-16 0.1680054528768116784 6.614826511570855648e-17 2.700550070203615313e-17
2148 6.862396499290405849 1.212163255787626071 1.183927436899071508e-16 2.225412734027549475e-16 0.1679516701463485695 1.002786866508180214e-16 8.853780682566084798e-17
2149 6.865485131955903597 1.212681934892090529 1.187741102915412523e-16 2.229348581390487436e-16 0.1679500921335445596 1.234878276949882302e-16 1.274441020544695114e-16
2150 6.868573425018893452 1.213200644398001238 1.19164400180036887e-16 2.233324310156669239e-16 0.1679783937530984483 1.2639110681509387e-16 1.287496227717192345e-16
2151 6.871661378739139181 1.213719420116091907 1.194927441648836379e-16 2.236300099561313912e-16 0.1680182856611322495 1.063422814856156458e-16 9.637826459904617751e-17
2152 6.874748993376137207 1.214238273093905862 1.197084487174965985e-16 2.237963701942901505e-16 0.168061750632254675 6.986889597167379062e-17 5.388577122241545319e-17
2153 6.877836269189117502 1.214757217297554037 1.197953921714906946e-16 2.238646561845099537e-16 0.1681097353037748765 2.816495672288557177e-17 2.212095184820750166e-17
2154 6.880923206437042694 1.215276272723025075 1.197711267706746154e-16 2.238916396318708366e-16 0.1681641947324157282 -7.861533446820257038e-18 8.742129402525261329e-18
2155 6.884009805378612512 1.215795458738743395 1.196953799549510834e-16 2.239202914306105865e-16 0.168224927706859928 -2.45432315458017477e-17 9.283660625949449865e-18
2156 6.887096066272260231 1.216314805693016865 1.196462153756988989e-16 2.239561281469000621e-16 0.1682954943426311911 -1.59318873468098188e-17 1.161296477032833811e-17
2157 6.890181989376156224 1.2168343539168891 1.197068997918083586e-16 2.239819517015329249e-16 0.1683791331467871799 1.966706632904003455e-17 8.369093654956599842e-18
2158 6.893267574948207077 1.217354145383175323 1.199355093099315501e-16 2.23972228769975794e-16 0.1684763805390900038 7.409760772981509837e-17 -3.151425952950088882e-18
2159 6.896352823246057362 1.217874206583186014 1.203290174243801676e-16 2.239145145565825172e-16 0.1685822225126552554 1.275589728846286918e-16 -1.870854884810858694e-17
2160 6.89943773452708875 1.21839454528835156 1.208026097305781007e-16 2.238128552695827726e-16 0.1686905930029468925 1.535356993071487043e-16 -3.295731268499235692e-17
2161 6.902522309048421789 1.218915152488794007 1.212296730890625633e-16 2.236820146674253143e-16 0.1687960518354214012 1.384664075611859409e-16 -4.242234268980898531e-17
2162 6.905606547066915901 1.219436016684863677 1.214927939524582354e-16 2.235406840348444149e-16 0.168897790700201389 8.532076662208284562e-17 -4.582851303908867782e-17
2163 6.90869044883916672 1.219957137707128103 1.215489531794814844e-16 2.234087737768083921e-16 0.1689994827573245983 1.821243034437674539e-17 -4.277848028776122778e-17
2164 6.911774014621511419 1.220478521768686653 1.214286147530616243e-16 2.233033888801399918e-16 0.1691031980601149787 -3.902998625675892836e-17 -3.418003036110353447e-17
2165 6.914857244670024272 1.221000163040698361 1.212343262199366438e-16 2.232383965200715082e-16 0.169205031208088913 -6.302146527632823169e-17 -2.10816032083955613e-17
2166 6.917940139240518427 1.221522034593560679 1.210845469655005459e-16 2.232302281188003805e-16 0.1692981363671484385 -4.858925247681853658e-17 -2.649876401036074369e-18
2167 6.921022698588545907 1.222044092328625986 1.210565227361261591e-16 2.233016689319198001e-16 0.1693769403384069727 -9.092209362981321903e-18 2.317832976834943609e-17
2168 6.924104922969398501 1.222566296865798652 1.211578495543935009e-16 2.234821088395538562e-16 0.1694429695116091428 3.287814592982659451e-17 5.854846442630604916e-17
2169 6.927186812638105096 1.223088619053436243 1.213443521124235613e-16 2.237919419654226677e-16 0.1694995389722291357 6.052221856823564023e-17 1.005444019726924843e-16
2170 6.930268367849432565 1.223610981240057072 1.215531017701125676e-16 2.242279338676322504e-16 0.1695309051792658617 6.774900505877067792e-17 1.414997174864127419e-16
2171 6.933349588857887547 1.224133214751200516 1.217403964278665241e-16 2.247434636311073188e-16 0.1695075155312809334 6.079244520069282231e-17 1.673316007579643862e-16
2172 6.93643047591771289 1.224655037216667797 1.218877785558786124e-16 2.252677811000097003e-16 0.169392444671165987 4.784274464390809189e-17 1.702023652079546336e-16
2173 6.939511029282889432 1.225176194381588646 1.220066978753654719e-16 2.257211188311697377e-16 0.1691947905467731383 3.860741194184947609e-17 1.471770660242766156e-16
2174 6.942591249207135107 1.225696547407856496 1.221218656394749909e-16 2.260541835628219254e-16 0.1689520007522907485 3.739350630481435692e-17 1.08141876672217758e-16
2175 6.94567113594390495 1.226216109442332503 1.222459827188559223e-16 2.262685857630317109e-16 0.1687134136304237197 4.03035917998110326e-17 6.962118993885412707e-17
2176 6.948750689746390208 1.226735027278866408 1.22389263931943335e-16 2.264271528414322459e-16 0.1685224334729348294 4.653164142849150336e-17 5.1495840072189557e-17
2177 6.951829910867519224 1.227253521680443882 1.225539755209983666e-16 2.266321333705583059e-16 0.1684031003950658412 5.349709116140235401e-17 6.657614145962725619e-17
2178 6.95490879955995478 1.227771808971862999 1.227448003681336237e-16 2.26971128331462611e-16 0.1683539960048220374 6.198516939180335803e-17 1.101149058420392346e-16
2179 6.957987356076095864 1.228290050306241499 1.229696779066170848e-16 2.274789773466024346e-16 0.1683572198495192906 7.305429859446669386e-17 1.649811441512940965e-16
2180 6.961065580668077679 1.228808336346516317 1.232215804309514289e-16 2.281244533360721934e-16 0.1683898867822862522 8.184252373522572371e-17 2.097135950832202436e-16
2181 6.964143473587769861 1.229326702092370827 1.234906008449302062e-16 2.288363792004393286e-16 0.1684339195242514353 8.741349736330316083e-17 2.313279083446654543e-16
2182 6.967221035086775593 1.22984515945481987 1.237695648770862433e-16 2.295482204586663388e-16 0.1684818186834885489 9.065425797584131855e-17 2.313253094401160407e-16
2183 6.970298265416435157 1.230363724512205881 1.240604916427524948e-16 2.302214089612046041e-16 0.1685349399031168538 9.455192606870416068e-17 2.187879460885279887e-16
2184 6.973375164827821493 1.230882421922807834 1.243632587204238724e-16 2.308430536644669797e-16 0.1685960736703090157 9.841063303706226315e-17 2.020577971776359116e-16
2185 6.976451733571742864 1.231401267922969112 1.246791340781164085e-16 2.314120821994363206e-16 0.1686624848300859458 1.026823425610975693e-16 1.849754389882946975e-16
2186 6.979527971898741967 1.231920283097381219 1.249915870678815656e-16 2.319200221208710091e-16 0.1687355887610073879 1.015807278619016086e-16 1.651349438782258696e-16
2187 6.982603880059095935 1.23243949746030057 1.252823948789074837e-16 2.323529494543743267e-16 0.1688184535637505534 9.455386531610210882e-17 1.407629067435220447e-16
2188 6.985679458302817224 1.23295895101398334 1.255250152222380922e-16 2.327281548648807231e-16 0.1689143302417239478 7.889454698337376621e-17 1.220081567821244682e-16
2189 6.988754706879651835 1.233478675739419383 1.257076505951278141e-16 2.330944130242261268e-16 0.1690206143606713396 5.939517867637996931e-17 1.191114758975882307e-16
2190 6.991829626039081091 1.233998683766895033 1.258268884223734281e-16 2.335158333311247761e-16 0.169130852880227639 3.878170018938410614e-17 1.370655300703818671e-16
2191 6.99490421603032253 1.234518962937933617 1.25883732154479939e-16 2.340300925859125354e-16 0.1692371463751104199 1.84902097691366931e-17 1.672789794823510663e-16
2192 6.997978477102329897 1.235039491835942638 1.258747232599957944e-16 2.346338418506108633e-16 0.1693364817525376542 -2.930739296625678341e-18 1.964094149926340876e-16
2193 7.00105240950379315 1.235560257334410661 1.25813317838641777e-16 2.352682447300744241e-16 0.1694315539566556006 -1.997831268005265935e-17 2.064035847580308276e-16
2194 7.004126013483139346 1.236081255282223124 1.257334718109117469e-16 2.358479880956211868e-16 0.169525282077859607 -2.598075564513315238e-17 1.886402009638576748e-16
2195 7.00719928928853264 1.236602476906828008 1.256927277544948152e-16 2.363279576648322489e-16 0.1696161617672011235 -1.325894809047060619e-17 1.561919004345459356e-16
2196 7.010272237167876952 1.237123901679171967 1.257706574939219012e-16 2.367127902950128719e-16 0.169700365891255589 2.536263330017553842e-17 1.252457528148964997e-16
2197 7.013344857368814189 1.237645498153283397 1.260223177658017778e-16 2.370480052581415578e-16 0.1697743389626001909 8.191285490251736413e-17 1.091090557552137044e-16
2198 7.016417150138726022 1.238167243058268197 1.264424330004917368e-16 2.373723787976555461e-16 0.1698407388939564278 1.367577933174613341e-16 1.055915277798574061e-16
2199 7.01948911572473655 1.238689113845563128 1.269418915050630153e-16 2.376917181342744495e-16 0.1698997984249843718 1.626032752056388029e-16 1.039638359562993115e-16
2200 7.022560754373709635 1.239211029152086807 1.273962674165808346e-16 2.379760488929641723e-16 0.1699323655716009074 1.479419601951983417e-16 9.257631999863003409e-17
2201 7.025632066332252457 1.239732807098214318 1.277028206899934555e-16 2.382011194165997425e-16 0.1699057008475395036 9.982244200400456072e-17 7.328934720648829902e-17
2202 7.02870305184671551 1.24025415438295683 1.27839055493270208e-16 2.383861246424601069e-16 0.1697834995712347028 4.436662919450062247e-17 6.024934933929059558e-17
2203 7.031773711163192608 1.240774813501291929 1.278581823348007703e-16 2.385966737038011294e-16 0.1695773899942298601 6.229565086570566123e-18 6.857530969997970901e-17
2204 7.034844044527521767 1.241294650437583247 1.278515082721817445e-16 2.389006377777655968e-16 0.169327569908943959 -2.173956342468373576e-18 9.901085203993814423e-17
2205 7.037914052185286984 1.241813687904126162 1.27877007280681868e-16 2.393244933778984439e-16 0.1690850822047130775 8.306725865281932519e-18 1.380780071017601688e-16
2206 7.040983734381818238 1.242332082507551672 1.279350238160483386e-16 2.398351700269367897e-16 0.1688935522130625977 1.890185329937921485e-17 1.663790338834970872e-16
2207 7.044053091362193264 1.242850061816308971 1.279941571735857273e-16 2.403621329983244549e-16 0.1687761180825471941 1.926775522808771735e-17 1.717033155193870102e-16
2208 7.04712212337123578 1.243367845801677474 1.280335745153567741e-16 2.408474054636071275e-16 0.1687303277044614191 1.284493376042610516e-17 1.581357948620895712e-16
2209 7.05019083065351726 1.243885596392279913 1.280695737705781331e-16 2.412884088252613365e-16 0.1687372874822407331 1.173232206334011845e-17 1.437250142573211625e-16
2210 7.053259213453358711 1.244403404540456837 1.281552724513392966e-16 2.417228898456409081e-16 0.1687738802249313663 2.793254399943404926e-17 1.416143178737480572e-16
2211 7.056327272014830676 1.244921306157878327 1.283403524474838695e-16 2.42195548633051848e-16 0.1688221735367449738 6.033116363464085027e-17 1.54074212452248068e-16
2212 7.059395006581751453 1.245439314812055498 1.286201905870094919e-16 2.427316088758981163e-16 0.1688748867564198175 9.122942974297394081e-17 1.747598463370542836e-16
2213 7.062462417397691539 1.245957448577054594 1.289314244202237899e-16 2.433280801309370582e-16 0.168933490611980458 1.014753744943222809e-16 1.944748209250712523e-16
2214 7.065529504705969188 1.246475735559460452 1.291899298375568726e-16 2.43954176369089684e-16 0.1690012583370353039 8.429256820890705815e-17 2.041553341677949352e-16
2215 7.068596268749655742 1.246994187736734983 1.293276460768358391e-16 2.445635397846789148e-16 0.1690729329437672124 4.491077385629608108e-17 1.987200833911223126e-16
2216 7.071662709771572075 1.247512814926147406 1.293324795446531861e-16 2.451166969399398978e-16 0.1691478111269577866 1.576412726036824553e-18 1.804095965883163908e-16
2217 7.07472882801429126 1.248031637346129541 1.292420998634061185e-16 2.455832926212751247e-16 0.1692292865415259695 -2.94800077757134304e-17 1.521939901101840339e-16
2218 7.077794623720135903 1.248550692102134985 1.29107918784903739e-16 2.459571286894789181e-16 0.1693228700451228363 -4.37717313152583243e-17 1.219505172860781247e-16
2219 7.080860097131182584 1.24907001752612512 1.28939581942366485e-16 2.462615667312403513e-16 0.1694289655948440776 -5.491958564911319873e-17 9.932235188303442532e-17
2220 7.083925248489256532 1.249589629625366793 1.287152663648590732e-16 2.465331791649731835e-16 0.1695402929681997517 -7.319022937193564043e-17 8.862236205828780529e-17
2221 7.086990078035936946 1.250109513166038466 1.284135940559738709e-16 2.468110214523900796e-16 0.1696466593132765766 -9.844069951428961424e-17 9.06645665591288958e-17
2222 7.090054586012552562 1.250629637385931359 1.280509372206388969e-16 2.471221934410110323e-16 0.1697429953540509351 -1.183533762916155917e-16 1.015512514100202522e-16
2223 7.093118772660185201 1.251149976105661699 1.276953246002607974e-16 2.474616347476439223e-16 0.1698307936914190963 -1.160666528848550044e-16 1.107885773847105735e-16
2224 7.096182638219666217 1.251670514442363435 1.274313290639655204e-16 2.477834968145591702e-16 0.1699137390349745591 -8.617322778701066035e-17 1.050619779315639244e-16
2225 7.099246182931578275 1.252191241380485653 1.273168321338230143e-16 2.480132383853316123e-16 0.1699930923523156057 -3.73779149777811495e-17 7.499992260497238951e-17
2226 7.102309407036255351 1.252712144153692364 1.273425692914407668e-16 2.480928490351934654e-16 0.1700682809011116181 8.402862062693158368e-18 2.599188766087113203e-17
2227 7.105372310773781841 1.253233204510070919 1.274148843091777584e-16 2.480150592517517122e-16 0.1701375122107433857 2.361242236649353613e-17 -2.540005215935287002e-17
2228 7.108434894383992564 1.253754413813720658 1.273927702945429664e-16 2.478277177281662753e-16 0.1702039245749853991 -7.221459886829896607e-18 -6.117746234924158469e-17
2229 7.11149715810647276 1.254275756394371388 1.271529149690862402e-16 2.476160407808191995e-16 0.1702652197547913637 -7.833432605344864243e-17 -6.913155244692042678e-17
2230 7.114559102180557204 1.254797149443805049 1.266520303535642543e-16 2.474715336950512783e-16 0.1702994672837621071 -1.636009211988267585e-16 -4.719947792118403242e-17
2231 7.117620726845331092 1.255318405301544704 1.259662659127159976e-16 2.474460651868926127e-16 0.1702724078699812682 -2.240104563643343265e-16 -8.319492519157287664e-18
2232 7.120682032339629153 1.255839223109870506 1.252595957465250943e-16 2.475479418667398129e-16 0.1701470417159463844 -2.308635310163969113e-16 3.328230221536754693e-17
2233 7.123743018902035651 1.256359342142192137 1.247059677616598575e-16 2.477597546510910632e-16 0.1699364500197070305 -1.808846985652582766e-16 6.92047596888901714e-17
2234 7.126803686770885271 1.256878630248672302 1.244207551121344778e-16 2.48045740681468917e-16 0.1696826199682884562 -9.319610639187320892e-17 9.34488163762603296e-17
2235 7.129864036184262233 1.257397114686523487 1.244138036139433745e-16 2.483644351169831388e-16 0.1694376314115207116 -2.271708275647508375e-18 1.041474465874985509e-16
2236 7.132924067380000288 1.257914956463330958 1.245902575500404272e-16 2.486740187974407361e-16 0.1692452005479407606 5.767008986090488176e-17 1.011806200890841748e-16
2237 7.135983780595683612 1.258432385891721017 1.248026287397373107e-16 2.489431371066347417e-16 0.1691279970055929449 6.941606326272966181e-17 8.796453795279228058e-17
2238 7.139043176068645913 1.258949625382737914 1.249355451303525132e-16 2.491611694922536485e-16 0.1690834612721265895 4.344982116666175468e-17 7.12738896973828615e-17
2239 7.142102254035972209 1.259466838601535965 1.249434310911868316e-16 2.493699357481316806e-16 0.1690924102194646117 2.578155538003602179e-18 6.825190868272922186e-17
2240 7.145161014734497051 1.259984119302495431 1.24862993029272025e-16 2.496328699187351503e-16 0.1691320022199164774 -2.630032483543769285e-17 8.596992434418374876e-17
2241 7.148219458400805415 1.260501506852518938 1.247798011298416087e-16 2.500181309262219113e-16 0.1691844622361565464 -2.720354745084438145e-17 1.259794062869372645e-16
2242 7.151277585271234472 1.261019017972019984 1.247716469682181188e-16 2.505522478548645308e-16 0.1692423881562237498 -2.666666926699982001e-18 1.746730092394658936e-16
2243 7.154335395581872703 1.261536672926586666 1.248761494248853676e-16 2.512174959584879649e-16 0.1693069411814181469 3.417912091479412363e-17 2.175795296801989083e-16
2244 7.157392889568559902 1.262054502251334975 1.250836203832225557e-16 2.519431361128807744e-16 0.1693814825206177155 6.786355430954203123e-17 2.373562084134700324e-16
2245 7.160450067466888946 1.262572521174081919 1.253505555275074458e-16 2.526571604868718024e-16 0.1694610077483516275 8.732325513148675648e-17 2.335808300819815704e-16
2246 7.163506929512204913 1.263090726421073118 1.256395738834186488e-16 2.533206078176946308e-16 0.1695394653080962155 9.455716207028283306e-17 2.170578286902440007e-16
2247 7.166563475939606853 1.263609125001583733 1.259402473074327285e-16 2.539588923906453316e-16 0.1696202194760213222 9.838046261942106594e-17 2.088469633644341608e-16
2248 7.169619706983947793 1.264127745933861791 1.262555008303711864e-16 2.546288648154322998e-16 0.1697104730454186694 1.031617144185120598e-16 2.192378480339578407e-16
2249 7.172675622879834734 1.264646630133884786 1.266026775570018932e-16 2.553532512479240181e-16 0.1698141226928606418 1.136197850109080724e-16 2.370683989197196934e-16
2250 7.175731223861630426 1.265165796239637652 1.269987162221144594e-16 2.561040848936488931e-16 0.1699238809283975249 1.296240764331622409e-16 2.457490302225115074e-16
2251 7.178786510163452483 1.265685226521946483 1.27452908299587564e-16 2.568170660425203481e-16 0.1700278453746071061 1.486730807755799838e-16 2.333838681805467054e-16
2252 7.181841482019176048 1.266204882120366415 1.27967182863351331e-16 2.574461590451169803e-16 0.1701190965105293107 1.683575129602493507e-16 2.059455022677614646e-16
2253 7.184896139662432901 1.266724725942471652 1.285273792483944743e-16 2.579991868196353751e-16 0.1701982092590850204 1.834097425292651652e-16 1.810627209387225183e-16
2254 7.187950483326613238 1.267244735707679926 1.291036139399145973e-16 2.585327208180443565e-16 0.1702700298057197303 1.886801069224924061e-16 1.746983535493713325e-16
2255 7.191004513244864782 1.267764901860141347 1.296545123755125452e-16 2.59118675296577089e-16 0.1703387228658750085 1.804026184797441964e-16 1.91882414990893225e-16
2256 7.19405822965009456 1.268285222115673294 1.301348042029695567e-16 2.59782394843090503e-16 0.1704066689698111314 1.572972214327987139e-16 2.173704287869525539e-16
2257 7.197111632774968903 1.268805692163181842 1.304967697367660796e-16 2.604938395443697356e-16 0.1704732039969640844 1.185571092479755714e-16 2.330244713875834275e-16
2258 7.20016472285191611 1.269326316108554842 1.307176878639181306e-16 2.611715849216887646e-16 0.1705410846669658531 7.236627773645189593e-17 2.220094423302216856e-16
2259 7.203217500113123783 1.269847084001520354 1.307975873373600698e-16 2.617230099185671127e-16 0.1706057065355590097 2.61753965682420731e-17 1.806491000396880371e-16
2260 7.206269964790540605 1.270367911548406337 1.307604624874913229e-16 2.621005103777721912e-16 0.1706427109034639733 -1.216349838130470024e-17 1.236833614335526055e-16
2261 7.209322117115879003 1.270888610515066075 1.306380812845545128e-16 2.623259479206989831e-16 0.1706180310005384893 -4.010078992570336078e-17 7.386937971954483016e-17
2262 7.212373957320611595 1.271408872638079224 1.304470767393809939e-16 2.624703733525920757e-16 0.1704923137674296263 -6.259307646332389984e-17 4.732888473162412179e-17
2263 7.215425485635974745 1.27192843102830877 1.301997121843962052e-16 2.626230995468858885e-16 0.1702790881922030264 -8.107079332366920456e-17 5.00541952482365101e-17
2264 7.218476702292967673 1.272447150905813729 1.298969097051749362e-16 2.628682125572386095e-16 0.1700216291574464522 -9.925004431630310575e-17 8.034107647524941352e-17
2265 7.221527607522352454 1.272965059717694247 1.295340278250557035e-16 2.632593701854601903e-16 0.1697731020241923516 -1.189544974771211296e-16 1.282234292992340661e-16
2266 7.22457820155465491 1.273482320089052822 1.29122558721134025e-16 2.638075044255912245e-16 0.169577826139275939 -1.348953835053262369e-16 1.796994666917929107e-16
2267 7.227628484620164606 1.273999164325917866 1.286861066672629346e-16 2.644821824671935053e-16 0.1694586642605525051 -1.431003323388040023e-16 2.212079221959567158e-16
2268 7.230678456948933963 1.274515818779935472 1.282763795839205879e-16 2.652367171504819587e-16 0.1694136872214970224 -1.343516452897107487e-16 2.474158537458795253e-16
2269 7.233728118770780924 1.275032450614183022 1.279593559822883719e-16 2.66024851752667391e-16 0.1694235074924448914 -1.039642681420134991e-16 2.584597383025921248e-16
2270 7.236777470315286287 1.275549158020248708 1.277903017086124439e-16 2.66807057111130009e-16 0.1694655211014319818 -5.544505506714374471e-17 2.565413948476289216e-16
2271 7.239826511811794596 1.27606598469794319 1.277927147401414831e-16 2.675551976756063342e-16 0.1695218642848503598 7.914870130265858689e-19 2.453940338429989041e-16
2272 7.242875243489415915 1.276582950664837401 1.279524119912423749e-16 2.682568806453706705e-16 0.16958477272421843 5.238685671192659795e-17 2.301790728446674249e-16
2273 7.245923665577022277 1.277100078437804598 1.282170494993479765e-16 2.689079480600623902e-16 0.1696550683698461459 8.682011850432058827e-17 2.135968952491758442e-16
2274 7.248971778303250346 1.277617400635660649 1.285180391952492409e-16 2.695044228059585026e-16 0.169736067967752452 9.875626387734673655e-17 1.95706425183448846e-16
2275 7.252019581896499645 1.27813493878601947 1.28783753664483419e-16 2.700307564646313362e-16 0.1698241353209753168 8.719111808218796513e-17 1.727102792566772235e-16
2276 7.255067076584934327 1.27865268288199152 1.289602147732028495e-16 2.70483142848754603e-16 0.1699089238431803206 5.790952966137462697e-17 1.484603770196274723e-16
2277 7.258114262596481403 1.279170625432260122 1.290254757114200813e-16 2.708720193318582649e-16 0.1699912581551463742 2.141895658153718726e-17 1.27631148658223977e-16
2278 7.261161140158831628 1.279688779624221784 1.289716532122126174e-16 2.712339751481595123e-16 0.1700779250469412196 -1.76665925472649673e-17 1.188076737584982768e-16
2279 7.264207709499436838 1.280207181188378396 1.287948321742606569e-16 2.716091030283720368e-16 0.1701763260806273825 -5.804526199950709178e-17 1.231436956962801801e-16
2280 7.267253970845512612 1.280725851650400093 1.284830321348136965e-16 2.720386420961288809e-16 0.1702818012981653084 -1.023653287578874039e-16 1.410195712716226282e-16
2281 7.270299924424037386 1.281244776767820781 1.280535202683329227e-16 2.725512668909786537e-16 0.1703826088110519665 -1.41024879832450658e-16 1.683139762474121828e-16
2282 7.273345570461751564 1.28176391618019192 1.275634612701380058e-16 2.731706368926505096e-16 0.1704701708159012952 -1.609210149362301356e-16 2.033829593114554033e-16
2283 7.27639090918515663 1.282283224871424876 1.271050114899482845e-16 2.738992362375223534e-16 0.1705429543662337066 -1.50556655919773591e-16 2.392748030631519875e-16
2284 7.279435940820516926 1.282802671523886495 1.267804632821246018e-16 2.74709120568376394e-16 0.1706054540659607544 -1.06593610912022764e-16 2.659959080522881566e-16
2285 7.282480665593857871 1.283322242871863361 1.266597579275365195e-16 2.755336220261611333e-16 0.1706635963187287941 -3.964808681067728038e-17 2.708239869335966895e-16
2286 7.285525083730966855 1.2838419415414839 1.267624769282108479e-16 2.762836754352933033e-16 0.1707226003267673931 3.374350546421761639e-17 2.463948358468788277e-16
2287 7.288569195457392347 1.284361773861684153 1.270549739046510583e-16 2.768879427392669601e-16 0.1707836828565739984 9.60958157461907165e-17 1.985236230842560815e-16
2288 7.291613000998444782 1.284881755901731593 1.27467097346032183e-16 2.773036787262749766e-16 0.1708500449075161243 1.354110393139617648e-16 1.365980102765038867e-16
2289 7.294656500579195679 1.285401887677354305 1.279013446571376777e-16 2.775401561812244843e-16 0.1709164128432881791 1.426945942922828247e-16 7.770699698147816014e-17
2290 7.297699694424479411 1.285922090456439459 1.282661353912140867e-16 2.77645930433142597e-16 0.1709569073575414599 1.198830499138478405e-16 3.47611349131586314e-17
2291 7.300742582758889654 1.286442177888834859 1.284980815407508266e-16 2.776916552732935438e-16 0.1709361500437467929 7.623330107529102997e-17 1.502829649385887632e-17
2292 7.303785165806784718 1.286961840291993786 1.28578498448713002e-16 2.777406777399475544e-16 0.1708135829914263215 2.643312292483053625e-17 1.611373677477561364e-17
2293 7.306827443792283105 1.287480804666849998 1.285362400862563447e-16 2.778292358017968534e-16 0.1706012347186490474 -1.389176051687230836e-17 2.911204588939868383e-17
2294 7.309869416939266173 1.287998929703118245 1.284291239450054379e-16 2.779557252253179671e-16 0.1703423732067191054 -3.521624401870564153e-17 4.158553839305322576e-17
2295 7.312911085471379025 1.288516237496525108 1.283239178070839692e-16 2.781060757025343906e-16 0.170090712418400708 -3.459175983411923077e-17 4.943521073551137154e-17
2296 7.31595244961202873 1.289032887652135972 1.282744243187296927e-16 2.782697388157896005e-16 0.1698914721534594552 -1.627507803336782918e-17 5.381778549020778993e-17
2297 7.318993509584386992 1.289549112171059386 1.282864839131482455e-16 2.784585516705393891e-16 0.1697684767667747563 3.965985534997455525e-18 6.209404933285269007e-17
2298 7.322034265611388371 1.290065141506049118 1.283366743978750563e-16 2.786903334965251245e-16 0.1697212399129375549 1.650757180274792342e-17 7.623267947814126478e-17
2299 7.325074717915733835 1.290581147733407708 1.283605634060924905e-16 2.789762148206214516e-16 0.1697305824811792818 7.857841755902304215e-18 9.403530633292989276e-17
2300 7.328114866719888099 1.291097234934266647 1.283019934052124855e-16 2.793106397531918297e-16 0.1697741534600707147 -1.926742670813756309e-17 1.100137917169381044e-16
2301 7.331154712246082283 1.291613452173195231 1.281264128240853379e-16 2.796822718542218238e-16 0.1698338628211816248 -5.776546399555857326e-17 1.2226580305082753e-16
2302 7.334194254716313921 1.292129823381527487 1.278488039681182557e-16 2.800960262609759949e-16 0.1699014458123018489 -9.134154894390076647e-17 1.361374739420226881e-16
2303 7.337233494352348728 1.29264637352779288 1.275189572725290143e-16 2.805739108239543958e-16 0.1699772460874235114 -1.085401550123259086e-16 1.572538553130381879e-16
2304 7.340272431375718831 1.293163136973531468 1.272025524211847936e-16 2.811414614370616024e-16 0.1700643572924123159 -1.041273103424390651e-16 1.867781690924831576e-16
2305 7.343311066007725429 1.293680143641495306 1.269610914594315479e-16 2.817880328264207806e-16 0.1701613218693237284 -7.947154065457962773e-17 2.128046872771595845e-16
2306 7.346349398469439684 1.294197379383174029 1.268364734563226157e-16 2.824777462074436347e-16 0.1702536362261242164 -4.101933887954155572e-17 2.270264825316075911e-16
2307 7.349387428981702719 1.294714821505578373 1.268169773120584595e-16 2.831581428621315677e-16 0.1703384861833879271 -6.418000306853657965e-18 2.239820284155781693e-16
2308 7.352425157765127395 1.29523246545380144 1.268516751197470635e-16 2.837897818669512644e-16 0.1704218410391767913 1.142342006819926538e-17 2.079519763401518091e-16
2309 7.355462585040098311 1.295750333853196601 1.268682625179923601e-16 2.843630183587533888e-16 0.1705126496784830359 5.46154434095445149e-18 1.887430729963944966e-16
2310 7.358499711026772694 1.296268447302498794 1.267950116405643887e-16 2.848867091005912646e-16 0.1706102469650441211 -2.412087604601370985e-17 1.724468008282807343e-16
2311 7.361536535945081283 1.296786794878419968 1.265848907787345049e-16 2.853895173042482852e-16 0.1707042539535295611 -6.919782521409528916e-17 1.655867670152518614e-16
2312 7.364573060014729222 1.297305339489541076 1.262447184759819857e-16 2.858857772254211532e-16 0.1707860509242494218 -1.120379673704265527e-16 1.634464428929870077e-16
2313 7.367609283455197833 1.297824035562980427 1.258192639907037729e-16 2.863660006024881159e-16 0.1708528405432154784 -1.401400763450117203e-16 1.581803531365208936e-16
2314 7.37064520648574284 1.298342848790861481 1.25382999135428791e-16 2.868039230716046478e-16 0.1709083292903048334 -1.437151050439419092e-16 1.442611589936875051e-16
2315 7.373680829325398811 1.298861764865907764 1.250009584449931776e-16 2.871706483455908728e-16 0.1709591030954210056 -1.2586492676490661e-16 1.208191978202270458e-16
2316 7.376716152192977383 1.299380790442284939 1.24709674437351954e-16 2.874511796712942839e-16 0.1710120670803146614 -9.597423040665610763e-17 9.243136383411047583e-17
2317 7.379751175307067257 1.299899939803524251 1.245123053064095795e-16 2.876606710026730273e-16 0.1710697359182347943 -6.503693855679527027e-17 6.903143760123570037e-17
2318 7.382785898886037756 1.30041923659354608 1.243892324932848964e-16 2.878416505381908448e-16 0.1711351957354681486 -4.055886800865102247e-17 5.964213303466736944e-17
2319 7.385820323148037048 1.300938689554634653 1.243003577146051503e-16 2.880294458406395851e-16 0.1712035374909440799 -2.929173119316218974e-17 6.189438219013494901e-17
2320 7.388854448310993916 1.301458227141309765 1.24201780771615594e-16 2.882573850614743542e-16 0.1712482978415886814 -3.249261290491893461e-17 7.51325882485319964e-17
2321 7.391888274592616881 1.301977666767217823 1.240606893533167898e-16 2.885250265597227508e-16 0.1712328652831455189 -4.651067538395272041e-17 8.822780998589344708e-17
2322 7.394921802210396855 1.302496701371066878 1.238785449713044392e-16 2.887996700463000602e-16 0.171116184947658706 -6.004966052064417586e-17 9.054491799837509449e-17
2323 7.397955031381604485 1.303015050499586991 1.236809206975884926e-16 2.890366440247154083e-16 0.1709070000226390607 -6.515950330402453607e-17 7.813365453130981265e-17
2324 7.400987962323294589 1.303532562997812949 1.235005430388481169e-16 2.89200132454177162e-16 0.1706479189339850655 -5.947889604936341856e-17 5.390973233124033867e-17
2325 7.404020595252302606 1.304049251455114078 1.233482596382195047e-16 2.892978345364793172e-16 0.1703929264570781532 -5.021984508707553549e-17 3.222008057112774632e-17
2326 7.407052930385248146 1.304565268879719131 1.232053438408669495e-16 2.893800738953118442e-16 0.1701883355785225038 -4.713523326839300508e-17 2.712346314558414459e-17
2327 7.41008496793853233 1.305080845751642959 1.23040470814150837e-16 2.895206694108273967e-16 0.1700597147661912223 -5.438230731987848903e-17 4.63745264149789931e-17
2328 7.41311670812833956 1.305596216743029059 1.228376005767597045e-16 2.897844331127381313e-16 0.1700084692983476753 -6.692200201701512351e-17 8.700928839185018505e-17
2329 7.416148151170637526 1.306111561021158662 1.225853415952649055e-16 2.901792147570165994e-16 0.1700163104436763772 -8.322231007527012726e-17 1.30241707222809671e-16
2330 7.419179297281177199 1.306626989661912708 1.222806745781395608e-16 2.906522244185973775e-16 0.1700607894673147324 -1.005219915237857546e-16 1.560650497737573485e-16
2331 7.422210146675493725 1.307142557051072629 1.219197457585121824e-16 2.911202002713965492e-16 0.1701232109430906858 -1.190966903801809691e-16 1.544192988073566769e-16
2332 7.425240699568904645 1.307658289970348386 1.215043508202642824e-16 2.915174103441818123e-16 0.1701944706534147256 -1.370824296546396611e-16 1.310813321182125311e-16
2333 7.428270956176512563 1.308174214321212059 1.210487518057724193e-16 2.918439363113709196e-16 0.1702742806767003902 -1.5036466943217505e-16 1.077657491690886176e-16
2334 7.431300916713202476 1.308690366343712164 1.205782490470743661e-16 2.921623030611986832e-16 0.1703660559640287619 -1.552986248728003503e-16 1.050831637848102091e-16
2335 7.434330581393642667 1.309206783851095235 1.201332169547785183e-16 2.925473065180945588e-16 0.1704703193290965091 -1.469058693803795473e-16 1.270903122018908476e-16
2336 7.437359950432285594 1.309723465563291223 1.197446280032151399e-16 2.930291195726520694e-16 0.1705741683879126447 -1.282864008790571089e-16 1.590628411257054452e-16
2337 7.440389024043366994 1.310240373214970555 1.194288063814655612e-16 2.935630403033937116e-16 0.1706653917299897905 -1.042735982289707425e-16 1.762825339666491246e-16
2338 7.443417802440905895 1.31075747908740925 1.191914781804394437e-16 2.940490534055869165e-16 0.1707474681269984251 -7.836536307202845965e-17 1.604806889634837773e-16
2339 7.446446285838704604 1.311274780679256402 1.190395103040391434e-16 2.943979050198980735e-16 0.1708287224441947527 -5.018441579760419852e-17 1.152014154500772136e-16
2340 7.449474474450347827 1.311792290008027217 1.189692693536277335e-16 2.945840948245632991e-16 0.1709139494743686927 -2.319795524876771609e-17 6.149151927902990568e-17
2341 7.452502368489204443 1.312310003081728738 1.189623747736492371e-16 2.946500925788731222e-16 0.1709978625162232035 -2.277242934663752147e-18 2.179870567525854084e-17
2342 7.455529968168424837 1.312827896204478817 1.189932249288290411e-16 2.946656142994658924e-16 0.1710739524594943328 1.019063151982904301e-17 5.127239529035692636e-18
2343 7.458557273700941792 1.313345934276352267 1.190304143545357232e-16 2.946751885567347151e-16 0.1711384495934091809 1.228585504091112066e-17 3.162940397549706525e-18
2344 7.461584285299470487 1.313864084964297074 1.190575360976341596e-16 2.946769888441090232e-16 0.1711922646889977584 8.960776722597604807e-18 5.947985400206093739e-19
2345 7.464611003176507609 1.31438232960246304 1.190753891809536488e-16 2.946500063774251599e-16 0.1712399105940402566 5.89906805843002735e-18 -8.915625637548068921e-18
2346 7.467637427544333129 1.31490066928986149 1.191141590096711363e-16 2.94593706720211827e-16 0.1712879169120528067 1.281168191728856319e-17 -1.860450056474071481e-17
2347 7.47066355861500675 1.315419116301988822 1.192066065601995219e-16 2.945634565642530135e-16 0.1713399774327023783 3.055271001803412808e-17 -9.997282109999653128e-18
2348 7.473689396600370571 1.315937694309974759 1.193874006644467953e-16 2.946577801296230552e-16 0.1713998598085649527 5.975587789106710615e-17 3.117572598934499989e-17
2349 7.476714941712047313 1.316456422112326052 1.196463789808010216e-16 2.949671194814661121e-16 0.1714659556610967917 8.560552241058088314e-17 1.022524093501908127e-16
2350 7.479740194161441202 1.31697524274772193 1.19946326701724683e-16 2.955232822047519625e-16 0.1715132218899761418 9.915758261026920531e-17 1.838578769965211445e-16
2351 7.48276515415973531 1.317493993669235364 1.202504174282676752e-16 2.962736404156988482e-16 0.171506744869401595 1.005369021845724074e-16 2.48079548215665226e-16
2352 7.485789821917895992 1.318012381197643634 1.205524995763158487e-16 2.970971768026511025e-16 0.171403150566511564 9.988247993608639588e-17 2.722996283556598473e-16
2353 7.488814197646667559 1.318530115573795181 1.208910286303386411e-16 2.978873915527754859e-16 0.1712037071640938324 1.119443322699196546e-16 2.613071507491875327e-16
2354 7.491838281556574941 1.319047027470924505 1.213216272065657032e-16 2.985828739222864699e-16 0.1709482152258684495 1.424034898279599574e-16 2.300033534712755015e-16
2355 7.494862073857924578 1.319563109525258682 1.218811895525503816e-16 2.991874240952300427e-16 0.1706902266320327599 1.850710034358815873e-16 1.999503861131177969e-16
2356 7.497885574760800864 1.320078499219874413 1.225671779245624031e-16 2.997384717331045759e-16 0.1704776523385076181 2.269073060906507529e-16 1.82272382651307926e-16
2357 7.50090878447507059 1.320593420199404289 1.233252487221555932e-16 3.002637373110899896e-16 0.1703390082953830653 2.507744547475888832e-16 1.737610647121269979e-16
2358 7.503931703210378501 1.321108110725192297 1.241005419923744771e-16 3.007605495388671964e-16 0.1702791516575291042 2.564964259571872361e-16 1.643643324295884266e-16
2359 7.506954331176150852 1.321622761344575014 1.248493087449471966e-16 3.011826879098306488e-16 0.170282318068113947 2.477442628425225967e-16 1.396728142275880729e-16
2360 7.509976668581593628 1.32213749597326502 1.255402265936510802e-16 3.014787609491718344e-16 0.1703264772108870617 2.286257746274855834e-16 9.797102230412712479e-17
2361 7.51299871563569166 1.322652378637543702 1.261585537629428675e-16 3.016012299958593533e-16 0.1703918214981861856 2.046250533702982088e-16 4.052908631419893691e-17
2362 7.516020472547211284 1.323167439007370438 1.266700448153880712e-16 3.015146570340759633e-16 0.1704669862898710864 1.692856669479524039e-16 -2.865262550557435024e-17
2363 7.51904193952469857 1.32368270058728843 1.270382723166437088e-16 3.012121022222843619e-16 0.1705499336770201491 1.218821242740475299e-16 -1.00144674269979473e-16
2364 7.522063116776480207 1.324198196476249256 1.272056061418975362e-16 3.007069397041834892e-16 0.1706438419169520326 5.539226875607352346e-17 -1.672232014399509998e-16
2365 7.525084004510664393 1.324713966105432128 1.271482000948840506e-16 3.00043334628012819e-16 0.1707508105030210444 -1.900485895389670657e-17 -2.196932471373953846e-16
2366 7.528104602935138168 1.325230025972686354 1.269003001440156266e-16 2.992825455712920214e-16 0.1708632501384712565 -8.207766967021627456e-17 -2.518911063414722034e-16
2367 7.531124912257570081 1.32574633315939705 1.265566617257870969e-16 2.98526612420942835e-16 0.1709614881909719553 -1.137867860298906575e-16 -2.503072970568708092e-16
2368 7.53414493268541019 1.326262835557864062 1.262395997947555791e-16 2.978881426238946816e-16 0.1710424775629381944 -1.049967209938800654e-16 -2.114326211462502833e-16
2369 7.537164664425890059 1.326779502663690158 1.260624401389451782e-16 2.974536547986610667e-16 0.1711133680331298201 -5.867295410036890828e-17 -1.438966682932651549e-16
2370 7.540184107686022763 1.327296336924760789 1.260863606468602067e-16 2.972760495204458272e-16 0.1711850711102664568 7.922914862388546089e-18 -5.8826154670656206e-17
2371 7.543203262672602882 1.327813348416104322 1.263060523374889059e-16 2.973511744286156469e-16 0.1712601135167898248 7.277289674547157184e-17 2.488513411504438268e-17
2372 7.546222129592207395 1.32833053497952025 1.266630128486475997e-16 2.976281785093318983e-16 0.1713344435607389304 1.182544847038851634e-16 9.176638256048173955e-17
2373 7.549240708651196563 1.328847876608988621 1.270776764170631239e-16 2.980203885530103268e-16 0.1714021478159096501 1.373835434825882117e-16 1.299443927420433273e-16
2374 7.552259000055713045 1.329365340393425354 1.274693189778620809e-16 2.984578826480687569e-16 0.1714589483598786268 1.297687367255164466e-16 1.449614054325218204e-16
2375 7.555277004011683673 1.329882893808885802 1.277988491017257744e-16 2.989071335217502294e-16 0.1715049703663534542 1.091984951500844892e-16 1.4887112223818711e-16
2376 7.558294720724819449 1.330400521359094146 1.280679648084990109e-16 2.993704599347931395e-16 0.1715458538637709696 8.918706836215980079e-17 1.535500286085987486e-16
2377 7.56131215040061555 1.33091822692919326 1.283217696742860961e-16 2.998767650340528024e-16 0.1715880211550901424 8.412093126910611662e-17 1.678094559926504577e-16
2378 7.564329293244352215 1.331436032839526273 1.28635825096505366e-16 3.00450837302669825e-16 0.1716375833422597308 1.041002287335274145e-16 1.902882429168247372e-16
2379 7.567346149461096516 1.331953977185165172 1.290801031743531599e-16 3.010995056677749887e-16 0.1716997718949360985 1.472792304167240953e-16 2.150350925959776846e-16
2380 7.570362719255701478 1.332472030177508593 1.296911410106686829e-16 3.018098006597733376e-16 0.1717520846764660769 2.025797046913253189e-16 2.354868081335211664e-16
2381 7.573379002832807849 1.332990066672480989 1.304396816708546933e-16 3.025592683643263603e-16 0.1717629023145389178 2.48190074525226216e-16 2.484974502267340667e-16
2382 7.576395000396844104 1.33350781601385826 1.31240092503923791e-16 3.033087625873887471e-16 0.1716839616675605862 2.654135733275658285e-16 2.485297945913473269e-16
2383 7.57941071215202733 1.334024969339059785 1.319625397395302724e-16 3.040051545927419476e-16 0.1715025669402392428 2.395837933307426622e-16 2.309431472149786256e-16
2384 7.582426138302364116 1.334541323718028361 1.324862434379688991e-16 3.046088008904181706e-16 0.1712538225919986168 1.736912940340173703e-16 2.002050145813770209e-16
2385 7.58544127905165233 1.335056837577380584 1.327457874973720151e-16 3.051009433040692517e-16 0.170991230090445534 8.608838962307129296e-17 1.632391354048568508e-16
2386 7.588456134603481118 1.335571624008142555 1.327758313318854099e-16 3.054948112679453842e-16 0.1707660911895449718 9.96620710573514383e-18 1.306547504298903377e-16
2387 7.591470705161230903 1.33608589721619242 1.326778087258848362e-16 3.058327262565847541e-16 0.1706119617809455646 -3.251934739524134553e-17 1.121044966459862503e-16
2388 7.594484990928076051 1.336599900478501857 1.325710919927667551e-16 3.061647661686238295e-16 0.1705385073856077738 -3.540699780241580928e-17 1.101658202268234802e-16
2389 7.597498992106984872 1.337113839911890922 1.325204708789705842e-16 3.065170834600627843e-16 0.1705334205448451323 -1.679690470630823075e-17 1.169045784830922164e-16
2390 7.600512708900719616 1.337627856211466293 1.325110872079431914e-16 3.06887215773708861e-16 0.1705750105971016728 -3.113947527075130655e-18 1.228274733207392946e-16
2391 7.603526141511838254 1.338142027397157152 1.324753959009091067e-16 3.072417035139488337e-16 0.1706424901928138838 -1.184518635043487552e-17 1.176469479830968466e-16
2392 7.606539290142697141 1.338656390115713357 1.323446432190608152e-16 3.07537441459044029e-16 0.1707221344782929584 -4.339812379201593261e-17 9.815838397968444205e-17
2393 7.609552154995448348 1.339170967170213 1.321045090267513073e-16 3.077209424106296786e-16 0.1708093516007579138 -7.971044438708247603e-17 6.091153556962951518e-17
2394 7.612564736272042332 1.339685785797391171 1.317972307373786076e-16 3.077624888266462591e-16 0.1709056155449775738 -1.020079352541960616e-16 1.37922666899571532e-17
2395 7.615577034174229709 1.340200879519796828 1.314992498374807783e-16 3.076588627096016851e-16 0.1710130157696932995 -9.893075787313404209e-17 -3.440425308529963849e-17
2396 7.618589048903561256 1.340716270954894096 1.312828621940267519e-16 3.074354448990631803e-16 0.1711279345372513638 -7.184824574487805857e-17 -7.418250644596024405e-17
2397 7.621600780661388796 1.341231921272993066 1.311584943847284006e-16 3.071598340673658675e-16 0.1712299694411015261 -4.129832841783888023e-17 -9.152100296021018431e-17
2398 7.624612229648865203 1.34174775819838854 1.310872817536164663e-16 3.069140996757493182e-16 0.1713080095135342262 -2.36495169062472616e-17 -8.160770860785670871e-17
2399 7.627623396066946171 1.342263732515709851 1.310149695224009533e-16 3.067695321357340487e-16 0.1713697069856082167 -2.401694320604007715e-17 -4.801498086313813101e-17
2400 7.630634280116391999 1.3427798367949626 1.309032924589312267e-16 3.067644567162080834e-16 0.1714289366672993309 -3.7094596984284094e-17 -1.68584878570107547e-18
2401 7.633644881997766696 1.343296100700078988 1.307492924463764984e-16 3.068872303869249824e-16 0.1714980201178915309 -5.115735767990673998e-17 4.078426022406160869e-17
2402 7.636655201911439761 1.343812549829791259 1.305764473627297148e-16 3.070816334190924278e-16 0.1715756095561520311 -5.742288810129732011e-17 6.458490647911642644e-17
2403 7.639665240057586182 1.344329181996639422 1.304377283818234745e-16 3.072784162955810978e-16 0.1716524753268938996 -4.608976748901074156e-17 6.53816583998066843e-17
2404 7.642674996636187323 1.344845961489553599 1.303862392791640213e-16 3.074463876562344012e-16 0.1717174778686076098 -1.71089971015287839e-17 5.581416987521132827e-17
2405 7.645684471847031816 1.345362833584687889 1.304684476799909774e-16 3.076364633881651333e-16 0.1717642956229551432 2.731907602529986073e-17 6.316499675148963807e-17
2406 7.648693665889715554 1.345879755054825377 1.306943530973401847e-16 3.079434256292140506e-16 0.1717967443514701875 7.507874498158469137e-17 1.020176500639754935e-16
2407 7.651702578963643475 1.346396712155765174 1.310213136682411415e-16 3.084476528284838912e-16 0.1718246195077830774 1.086741541744305275e-16 1.675934937396205526e-16
2408 7.65471121126802867 1.346913727005812467 1.313695652384918873e-16 3.09157453926393187e-16 0.1718598407983004672 1.157615867620902813e-16 2.359435201406118939e-16
2409 7.657719563001894159 1.347430852725616912 1.316384093392925274e-16 3.099994084854006365e-16 0.1719127166684593644 8.937424297211405889e-17 2.798984657059973314e-16
2410 7.660727634364071115 1.34794808859745352 1.317496918291162529e-16 3.108514088525471404e-16 0.171965352417419004 3.699807693629455234e-17 2.832644667042406798e-16
2411 7.663735425553200642 1.348465335900981055 1.316669443434748608e-16 3.115879476173799639e-16 0.1719851620263468384 -2.751360834217929265e-17 2.448997567402458336e-16
2412 7.666742936767733774 1.348982347305577978 1.314006631212903858e-16 3.121265033495846016e-16 0.1719227186939155383 -8.854696675557679598e-17 1.790868921373437647e-16
2413 7.669750168205932361 1.349498809330905491 1.310020120909641243e-16 3.124486632551003929e-16 0.1717560005562753511 -1.325764591173105224e-16 1.071383648698875503e-16
2414 7.67275712006586641 1.350014497935522417 1.305455472034863987e-16 3.125841293404939806e-16 0.1715147253731237886 -1.518172965570219659e-16 4.505515193788973842e-17
2415 7.675763792545416742 1.350529346668380093 1.301093341861953667e-16 3.125875720226891685e-16 0.1712512908393912237 -1.450951270238321395e-16 1.145120366910763789e-18
2416 7.678770185842273222 1.351043448879304387 1.297556983111899808e-16 3.125151319895575788e-16 0.1710188494594684083 -1.176388647741509784e-16 -2.409756437090490653e-17
2417 7.681776300153936532 1.351557008773612178 1.295215643917908025e-16 3.124281320817078574e-16 0.1708542900118927566 -7.789312407381537066e-17 -2.894366879407480562e-17
2418 7.684782135677715509 1.352070269363910615 1.294117479740932974e-16 3.123888389990587665e-16 0.1707705432763052811 -3.653779320941354134e-17 -1.307347806908326942e-17
2419 7.687787692610727142 1.352583447272325934 1.294071486259253557e-16 3.124492660789608182e-16 0.1707588503782237754 -1.530423256277962095e-18 2.010698147090294096e-17
2420 7.690792971149899238 1.353096694045949233 1.294364203508059196e-16 3.126279092787767145e-16 0.1707975757734855327 9.741005506988137065e-18 5.944864541782102358e-17
2421 7.693797971491965093 1.353610099072295458 1.294141472107311493e-16 3.128896254122632061e-16 0.1708660461750451665 -7.412711573088200545e-18 8.710160332340855848e-17
2422 7.696802693833467046 1.354123707260926013 1.292677426832056635e-16 3.131466738291173526e-16 0.1709494657852896615 -4.872931608773469389e-17 8.555605326178806145e-17
2423 7.699807138370753812 1.354637544843983354 1.289682656368064817e-16 3.132851030528980173e-16 0.1710416215751519309 -9.968721893771079009e-17 4.607907184981997485e-17
2424 7.702811305299979594 1.355151638214056042 1.285417148264275524e-16 3.13209505663130189e-16 0.1711425693726603692 -1.419995002968606168e-16 -2.516650140986188501e-17
2425 7.705815194817105862 1.355666018565619746 1.280504629166363405e-16 3.128861566202898237e-16 0.1712539103092502735 -1.635537015418603806e-16 -1.076533888062391415e-16
2426 7.708818807117897798 1.356180711554092699 1.275864005277123984e-16 3.123542748128523217e-16 0.1713738029502731297 -1.545156786223829967e-16 -1.770970463985937821e-16
2427 7.711822142397925184 1.356695700852455388 1.272327084304273976e-16 3.117065161423981662e-16 0.1714882697564265868 -1.177772935918333954e-16 -2.156996542822407034e-16
2428 7.714825200852560627 1.357210902507521633 1.270455207041143735e-16 3.110541054211568591e-16 0.1715747880437953898 -6.233810421750962906e-17 -2.172687725548198203e-16
2429 7.717827982676978671 1.3577262380495001 1.270300046045993366e-16 3.10504296883375713e-16 0.1716351763549756604 -5.167717457214610191e-18 -1.831165864890021044e-16
2430 7.720830488066156683 1.358241669865751788 1.271620945874236481e-16 3.101390080662614444e-16 0.1716830364105356166 4.399730209828364541e-17 -1.216725303165326086e-16
2431 7.72383271721487219 1.358757223316608753 1.274120913196334687e-16 3.100198830141301141e-16 0.1717393420873077614 8.327802721972876887e-17 -3.96825160323256922e-17
2432 7.726834670317701992 1.359272945751220707 1.277463603355595823e-16 3.101371262582894208e-16 0.1718114212262525087 1.113607453229968918e-16 3.905924399691644694e-17
2433 7.729836347569022159 1.359788859194165589 1.281399443792631845e-16 3.104265886251006097e-16 0.171890840592215266 1.311334159655345873e-16 9.644239790880311124e-17
2434 7.732837749163007146 1.360304938952487275 1.285685037093531874e-16 3.107896328786430134e-16 0.1719620355359834096 1.427995063977794466e-16 1.209693420873979308e-16
2435 7.735838875293627126 1.360821119438330173 1.289876630606260937e-16 3.111354342924844066e-16 0.1720113760225436828 1.396801676208955993e-16 1.152344551116941129e-16
2436 7.738839726154649767 1.361337331378396298 1.293533010389900802e-16 3.114054245125856753e-16 0.1720376277942874677 1.218559385146639714e-16 8.997947042435197784e-17
2437 7.741840301939636682 1.3618535378363823 1.296205757603297725e-16 3.115789016968978646e-16 0.172051562424561405 8.908263872268014757e-17 5.781992872071514996e-17
2438 7.744840602841945199 1.362369749095840188 1.297753305609995552e-16 3.116748826505284682e-16 0.1720689163510315534 5.15844828323537293e-17 3.199337166512773467e-17
2439 7.747840629054725703 1.362886029593139092 1.298421953609884496e-16 3.117231003920968036e-16 0.1721077429546932214 2.229011142084793808e-17 1.607391082001575273e-17
2440 7.750840380770921634 1.36340241762190395 1.29872481875428031e-16 3.117680524428572739e-16 0.1721593323688298538 1.009726371498227315e-17 1.498662752899545898e-17
2441 7.753839858183267708 1.363918854678690895 1.299296696677085975e-16 3.118611970387290024e-16 0.1721914138367282576 1.906766115556463201e-17 3.105644617019863824e-17
2442 7.756839061484290809 1.364435139899326188 1.30044598311377189e-16 3.120256704366162237e-16 0.1721565114973505339 3.832322440058286836e-17 5.484403830026584452e-17
2443 7.759837990866309099 1.364950955407252753 1.301989624858866522e-16 3.122391091147282954e-16 0.1720155853992494377 5.147779280552800129e-17 7.117812201862805083e-17
2444 7.762836646521430239 1.365466042500641519 1.303414779314917977e-16 3.124452500415855876e-16 0.1717883420969102126 4.753078156674408403e-17 6.875071908743707811e-17
2445 7.765835028641552285 1.36598029179444036 1.304053973586303063e-16 3.125760664736828026e-16 0.1715245616758612479 2.131991595266248313e-17 4.363298393610484639e-17
2446 7.7688331374183619 1.36649376223384067 1.303562290216251729e-16 3.125934801108525406e-16 0.1712803847959149806 -1.640127850757672976e-17 5.808736484645118733e-18
2447 7.771830973043335256 1.367006641147830104 1.301956941672858108e-16 3.124942464175195438e-16 0.1710986462702167032 -5.355512872034703019e-17 -3.31047936083054059e-17
2448 7.774828535707737132 1.367519172457802634 1.299592360062023992e-16 3.123052698159253762e-16 0.1709982443964821741 -7.889065434976706766e-17 -6.304915714581472892e-17
2449 7.777825825602621812 1.368031586667336041 1.296749096893166465e-16 3.120612545756306561e-16 0.1709747243574474551 -9.486976112816885915e-17 -8.141936283617087197e-17
2450 7.780822842918831306 1.368544052600339622 1.293609658853625995e-16 3.118089450558153355e-16 0.1710075249272307307 -1.047616034996854196e-16 -8.419452634892322351e-17
2451 7.783819587846995347 1.36905667434574041 1.290213375996833038e-16 3.115866959743655447e-16 0.1710750577425400043 -1.133426919651107847e-16 -7.417023328286845922e-17
2452 7.78681606057753406 1.369569506743116172 1.286684198427449092e-16 3.114250681869744554e-16 0.1711608950022326658 -1.177884225896546089e-16 -5.394424550525857609e-17
2453 7.789812261300655294 1.370082580427231411 1.283423312078382987e-16 3.113410277233779056e-16 0.171256962452992656 -1.088439162512119808e-16 -2.805155470700034415e-17
2454 7.792808190206355512 1.370595922197149541 1.281058868803001849e-16 3.113301687042921089e-16 0.1713619824526709245 -7.892903145810215716e-17 -3.624920368994963276e-18
2455 7.795803847484420679 1.371109562422809791 1.280139730935443026e-16 3.113427065893927636e-16 0.1714771495544821778 -3.068512427623570127e-17 4.185732914003821465e-18
2456 7.798799233324428037 1.371623529011780862 1.280907956047988564e-16 3.11311132101799253e-16 0.1716016443783097978 2.564927281157290646e-17 -1.054199651829140178e-17
2457 7.801794347915742556 1.372137826847457109 1.283267094945494124e-16 3.111755270686016779e-16 0.1717277815080310022 7.877336069386122882e-17 -4.527950517567686682e-17
2458 7.804789191447522256 1.372652381620441453 1.286907024098170993e-16 3.109201190674648044e-16 0.1718291159378182165 1.215508710089566616e-16 -8.529030016425523393e-17
2459 7.807783764108715552 1.373167084231173174 1.291430508375920305e-16 3.105905121998992079e-16 0.1718940221398873314 1.510697420950673973e-16 -1.100780314874248131e-16
2460 7.810778066088063909 1.373681862542890375 1.296770870662767069e-16 3.102748995029133188e-16 0.1719348357282638184 1.783669380816412823e-16 -1.05413953880456836e-16
2461 7.813772097574101849 1.374196714084183313 1.303041116188376271e-16 3.100811988471379484e-16 0.1719748203532870112 2.094437447210065451e-16 -6.4701438779084102e-17
2462 7.816765858755158725 1.374711697327706705 1.310334535970063445e-16 3.10076337541379719e-16 0.1720343346543873331 2.436426107601397363e-16 -1.623958666980763379e-18
2463 7.81975934981935783 1.375226864393415349 1.318427491119103636e-16 3.102500902331758413e-16 0.1721112615567925996 2.703761193484105321e-16 5.804873209972493415e-17
2464 7.822752570954620843 1.375742216662160233 1.326915307510160805e-16 3.105337466786508493e-16 0.1721886529031010915 2.835935260407778131e-16 9.477482529099548278e-17
2465 7.825745522348665162 1.376257693804987969 1.335428331982300607e-16 3.108480654112518916e-16 0.1722458885802345407 2.844613937031083694e-16 1.050291174837966135e-16
2466 7.828738204189008343 1.376773206459791066 1.34371248548379823e-16 3.111458761761535378e-16 0.1722732608854359582 2.768386234714844032e-16 9.952196346369114789e-17
2467 7.831730616662967215 1.377288687254822452 1.35177029800916605e-16 3.11429191543100492e-16 0.1722781111270723087 2.692990185214837954e-16 9.468643010825046959e-17
2468 7.834722759957661431 1.377804119016709627 1.359590739356192063e-16 3.117314403985993616e-16 0.1722772114731114801 2.61389368560042697e-16 1.010232466187887458e-16
2469 7.837714634260012581 1.378319560606213079 1.367058197295823225e-16 3.121054857923903493e-16 0.1722959762127489469 2.496137257329352495e-16 1.250316574826597326e-16
2470 7.840706239756747742 1.378835083144565266 1.373955517064902499e-16 3.125738078092762938e-16 0.1723385093146255487 2.305764964357841697e-16 1.565594368139837061e-16
2471 7.843697576634398594 1.379350674991386416 1.380166845860866085e-16 3.131402567709355394e-16 0.1723771476038932216 2.076625430133108461e-16 1.893801402718461096e-16
2472 7.846688645079305857 1.379866191116207785 1.385596204935844966e-16 3.137975435910351002e-16 0.1723672899019395299 1.815353321843671275e-16 2.197695521319850491e-16
2473 7.849679445277619294 1.380381331002785039 1.390150222405692593e-16 3.14514200374970526e-16 0.1722569304929415512 1.522811747270272728e-16 2.396418934629926212e-16
2474 7.852669977415298597 1.380895806289902161 1.393751746072936668e-16 3.152439452691969601e-16 0.172050107247821521 1.204416516635732858e-16 2.440402687147884721e-16
2475 7.85566024167811694 1.381409460370007336 1.396317267051738248e-16 3.1592925716332262e-16 0.1717908591100136273 8.580347554580822518e-17 2.292015650417058644e-16
2476 7.85865023825166098 1.381922308702310698 1.397880143233549895e-16 3.165298159561341978e-16 0.1715367246837555815 5.227484315101128326e-17 2.0087398517261669e-16
2477 7.861639967321333522 1.382434512874790133 1.398865195913843015e-16 3.170366350917868603e-16 0.1713365866964131623 3.295083738591032111e-17 1.695352467645793503e-16
2478 7.864629429072354405 1.382946312394812471 1.399918857286779561e-16 3.174780297922423807e-16 0.1712165266997205393 3.524900542775047051e-17 1.476634200680052264e-16
2479 7.867618623689763169 1.383457949753027272 1.402000784044831399e-16 3.179082534570300677e-16 0.1711775643084184895 6.96546383468431787e-17 1.439391355298288481e-16
2480 7.87060755135841994 1.383969613788091468 1.405896917401827483e-16 3.183689500982990956e-16 0.1712017694208559093 1.303638479365774268e-16 1.541481807326931041e-16
2481 7.87359621226300721 1.384481425211637307 1.412054802061641938e-16 3.188735490606497707e-16 0.1712663617582680375 2.060599770335035969e-16 1.688528712979229531e-16
2482 7.876584606588030724 1.384993450773302381 1.420405691894384509e-16 3.193923965871911605e-16 0.1713532933312915119 2.79468952767465237e-16 1.736363163599457827e-16
2483 7.879572734517823029 1.385505727181159497 1.430317187743669915e-16 3.198675621738896883e-16 0.1714525155724771488 3.31725386994557107e-16 1.590319872306960804e-16
2484 7.882560596236542594 1.386018283116256633 1.44090347168857789e-16 3.202254605221404343e-16 0.1715613449745859997 3.543412508777236475e-16 1.197947731859514843e-16
2485 7.885548191928177353 1.386531149364431892 1.451200042917106887e-16 3.204019913552470868e-16 0.1716804886663098606 3.446747346683377041e-16 5.909318423712117355e-17
2486 7.888535521776544712 1.387044355960928455 1.46025050113872769e-16 3.20391920620471115e-16 0.1718096981074179463 3.029884076716037819e-16 -3.371449068251564112e-18
2487 7.891522585965294212 1.387557918808909996 1.467369542761837087e-16 3.202545671824592217e-16 0.1719442444557095773 2.383502307351895463e-16 -4.598684117274622105e-17
2488 7.894509384677907526 1.388071803422580075 1.472078477441165795e-16 3.20086307744718867e-16 0.1720672570628111187 1.576722580139468675e-16 -5.633937883474649662e-17
2489 7.89749591809770024 1.388585889615331359 1.474329986395882065e-16 3.199875926642520705e-16 0.1721500345459400783 7.539540057681553012e-17 -3.305633326119955518e-17
2490 7.900482186407824514 1.38910006351604487 1.474487683971305211e-16 3.200172794043027494e-16 0.1721946812132021387 5.281225610712186023e-18 9.941964639179716683e-18
2491 7.903468189791267307 1.389614276033399598 1.473304762940581112e-16 3.201815596503207128e-16 0.1722228833217923638 -3.961904150084082307e-17 5.502164316724059714e-17
2492 7.90645392843085304 1.390128564041152703 1.471755619081560385e-16 3.204337117425761233e-16 0.1722634309489458615 -5.188937563493072843e-17 8.445964883109890446e-17
2493 7.909439402509246264 1.390642999462686324 1.470599632781929412e-16 3.206853884642606592e-16 0.1723280684720137623 -3.872378880941017411e-17 8.430788688299320131e-17
2494 7.912424612208948993 1.391157614496447481 1.470358223380058174e-16 3.208571653587848546e-16 0.1724034938603256906 -8.087564801425708256e-18 5.75477489726600624e-17
2495 7.915409557712304256 1.391672370078747445 1.471270735805252359e-16 3.209166828629962212e-16 0.1724658340141457524 3.057319276775974272e-17 1.994099016156729603e-17
2496 7.918394239201496099 1.392187172951550034 1.473443797859276487e-16 3.208886512260626273e-16 0.1724969263554124166 7.281360398362592558e-17 -9.39266555649349873e-18
2497 7.921378656858549583 1.392701930131513333 1.476906131464920497e-16 3.20823745788049188e-16 0.1724968546507422429 1.160239584745259628e-16 -2.175002961172739851e-17
2498 7.924362810865330786 1.393216595890298004 1.481477310052909499e-16 3.207614065552690573e-16 0.1724814473562673867 1.531952506112302078e-16 -2.089193017694926921e-17
2499 7.927346701403549467 1.39373120707366116 1.486735839789204124e-16 3.20712294172236143e-16 0.1724783761627093626 1.76246202811203209e-16 -1.646062959540681033e-17
2500 7.930330328654757288 1.394245850169411716 1.492078989652190008e-16 3.206641090001511141e-16 0.1725042839678153361 1.790981456581589102e-16 -1.615128751756185917e-17
2501 7.933313692800349592 1.394760553919645263 1.496948132376696198e-16 3.206155354855125168e-16 0.172539820832504992 1.632241872947604343e-16 -1.628289187547086345e-17
2502 7.936296794021563628 1.395275240755669666 1.501154550166265172e-16 3.206044582753670048e-16 0.1725493484930885613 1.410206359047697723e-16 -3.713647328713792659e-18
2503 7.939279632499479433 1.395789661580846719 1.504769750950711093e-16 3.206924087224350807e-16 0.1724753500813115958 1.2121068790263828e-16 2.948808330738923832e-17
2504 7.94226220841502073 1.396303507543545708 1.507986694555485636e-16 3.209153835266829827e-16 0.1722977671034841007 1.078673844373627018e-16 7.476571517747261396e-17
2505 7.945244521948953142 1.396816572392517219 1.51084347180936123e-16 3.212541637901958982e-16 0.1720509782328262793 9.579906362868746092e-17 1.136064492826206749e-16
2506 7.948226573281885088 1.39732881789772323 1.513410754970649923e-16 3.216296119345122908e-16 0.1717913143893288752 8.609874448969908197e-17 1.259137064974329599e-16
2507 7.951208362594266887 1.397840367612842361 1.515756934083734076e-16 3.219478612305360166e-16 0.1715730342591767765 7.869050797018714184e-17 1.067403533924621761e-16
2508 7.954189890066389879 1.398351447508157319 1.518166635136861441e-16 3.221642559939144664e-16 0.171430502190834555 8.082811815809864877e-17 7.258486060105994562e-17
2509 7.957171155878386415 1.39886230774495246 1.521098183677724897e-16 3.22310167784230257e-16 0.1713718532168280462 9.834096883220321084e-17 4.894719164183317686e-17
2510 7.960152160210228089 1.399373159310621118 1.524941100032083352e-16 3.224782933857104214e-16 0.1713839671082471594 1.289247786121629848e-16 5.640392335181868437e-17
2511 7.963132903241727512 1.399884142466269576 1.529852850151489229e-16 3.227641207316457511e-16 0.1714431326678074741 1.647971793284651452e-16 9.589970833202214156e-17
2512 7.966113385152534754 1.400395338402470546 1.535658732155581526e-16 3.23212386635017956e-16 0.1715295414048171874 1.948138095567357132e-16 1.504136464860515851e-16
2513 7.969093606122137352 1.400906791441430377 1.54176567995552017e-16 3.237908263512425869e-16 0.1716308283695457404 2.049338707312914658e-16 1.94109879294892787e-16
2514 7.972073566329860306 1.401418532816215645 1.547384049603515966e-16 3.244159965237113001e-16 0.1717426046878760548 1.88554899992365584e-16 2.098097966731363009e-16
2515 7.975053265954862525 1.401930594115406103 1.551728310516943195e-16 3.250085596519246833e-16 0.1718649924233892345 1.458080058289392409e-16 1.98884113487537337e-16
2516 7.978032705176137718 1.402443007535983721 1.554249312087443928e-16 3.255096737405279475e-16 0.17199819856444995 8.462068152224206931e-17 1.682054315007073519e-16
2517 7.981011884172513504 1.402955796296014412 1.55485226680778683e-16 3.259025575886077298e-16 0.1721392117792885645 2.024072257204348896e-17 1.318880622992449706e-16
2518 7.983990803122648749 1.403468955008113639 1.553889455746731287e-16 3.262017836235582973e-16 0.17227843063148221 -3.23236407533107268e-17 1.004566238279103444e-16
2519 7.986969462205031789 1.403982389316651203 1.552308062017806433e-16 3.264353918950850166e-16 0.1723859834758511289 -5.309542208033196497e-17 7.843416570648333011e-17
2520 7.989947861597981316 1.404495946777783333 1.55107807817357431e-16 3.266437493652901419e-16 0.1724423571552900769 -4.130040539080881845e-17 6.996228467575572452e-17
2521 7.992926001479643716 1.405009530086008374 1.55101454447053451e-16 3.268697234801278492e-16 0.172466054257932544 -2.133520871919334719e-18 7.58842106554921301e-17
2522 7.995903882027991294 1.405523130577041258 1.552429542617351981e-16 3.271480122241726289e-16 0.1724868353879444316 4.752109016359104791e-17 9.346008351324383949e-17
2523 7.99888150342082227 1.406036819733676557 1.555075016480407661e-16 3.274769113681208888e-16 0.172531618609389481 8.885293405284480443e-17 1.104666137714889819e-16
2524 8.001858865835757229 1.406550664628092306 1.558230461859531025e-16 3.278008013601751987e-16 0.1725989286756654251 1.059904453367086042e-16 1.087936578622548584e-16
2525 8.004835969450237343 1.407064664856244596 1.561201089968047147e-16 3.280541886808153811e-16 0.1726661044347721496 9.97911586665479617e-17 8.511942052122978177e-17
2526 8.007812814441528815 1.40757874318100451 1.563586834327314404e-16 3.281998940166591032e-16 0.1727073333687392243 8.015034412916882217e-17 4.895047855385708142e-17
2527 8.010789400986713105 1.408092790512878389 1.565519892165237227e-16 3.282519907874593911e-16 0.1727119068225204668 6.494773622671816432e-17 1.750370455463133137e-17
2528 8.013765729262690485 1.408606725689813599 1.567637128310515476e-16 3.282725609349536457e-16 0.1726891992623867389 7.114200992387279401e-17 6.91184892358707743e-18
2529 8.016741799446178263 1.409120543704450057 1.570771671045114114e-16 3.283440531609823979e-16 0.1726647948335709448 1.053340215308600645e-16 2.402444092620862265e-17
2530 8.019717611713709005 1.409634328568078798 1.575329147182040054e-16 3.28524167966963699e-16 0.1726686097693137523 1.531639260569146489e-16 6.053150909898431784e-17
2531 8.022693166241628759 1.410148148365161891 1.581296000396496931e-16 3.288337311683020931e-16 0.1726952983918422224 2.00546476056558012e-16 1.040444718747058475e-16
2532 8.025668463206095282 1.410661978521266624 1.58820962251256438e-16 3.292530112895208721e-16 0.1727137212155943347 2.323875678680437058e-16 1.409326196741428849e-16
2533 8.028643502783079811 1.411175637262762406 1.595383358133761177e-16 3.297606220213899481e-16 0.1726710321703894269 2.411516117923867286e-16 1.706379390280818747e-16
2534 8.031618285148363512 1.411688818677638846 1.602383769147646667e-16 3.303399819923467702e-16 0.1725254815763734295 2.353454833694388984e-16 1.947739241871434162e-16
2535 8.034592810477535707 1.412201274701649467 1.608864713838276213e-16 3.309558056812461017e-16 0.1722964922115254038 2.179004605455010303e-16 2.070504715462328459e-16
2536 8.03756707894599387 1.412712909617083401 1.614545532064347119e-16 3.315414044900678891e-16 0.172035268443517797 1.910153234307723966e-16 1.969053425339667031e-16
2537 8.04054109072894363 1.413223799733785535 1.619390886235274935e-16 3.319997151104652999e-16 0.1717996505746278713 1.629372200130453421e-16 1.541184725733050047e-16
2538 8.04351484600139699 1.413734149526613804 1.623371051259355247e-16 3.322321336642814739e-16 0.1716327477088311071 1.338545971836044139e-16 7.816332164832236255e-17
2539 8.046488344938172332 1.41424421424528135 1.626632469589500319e-16 3.322043144090554867e-16 0.1715516549245295341 1.096922981458684218e-16 -9.356536725871121919e-18
2540 8.049461587713894417 1.414754227097299699 1.629492930931365959e-16 3.319710024649652233e-16 0.1715489802676157527 9.621507072810827526e-17 -7.84772892183707208e-17
2541 8.052434574502989051 1.415264352907068313 1.63230355777141565e-16 3.316735159084959329e-16 0.171601740543158604 9.454696244219156552e-17 -1.000718056227612496e-16
2542 8.055407305479690194 1.415774688434011885 1.635313535198034307e-16 3.314837915770482439e-16 0.171687051650247835 1.012616450602595978e-16 -6.38270497992875881e-17
2543 8.058379780818034632 1.416285285209117895 1.63839528514932419e-16 3.315439591865408699e-16 0.1717897049279510369 1.036851270131754014e-16 2.024332386119951216e-17
2544 8.061352000691863751 1.416796175977587557 1.641236683358100092e-16 3.319214880926421641e-16 0.1719033838422739657 9.560673182549492172e-17 1.270300824802291738e-16
2545 8.064323965274819983 1.417307392761627538 1.643298036114344972e-16 3.32599137484101128e-16 0.1720278479337484234 6.936589125396593048e-17 2.28033527274032801e-16
2546 8.06729567474035214 1.417818970580648985 1.644299629932147691e-16 3.334826559178204965e-16 0.1721641086356680284 3.370718988303167152e-17 2.973353377506730434e-16
2547 8.070267129261711858 1.418330939801683011 1.644375348521998006e-16 3.344636790523311824e-16 0.1723106031467718235 2.548418020166105771e-18 3.301774424389337251e-16
2548 8.073238329011955372 1.418843311915588545 1.644090392301770384e-16 3.354566459681352105e-16 0.1724609804939691016 -9.591433219054961152e-18 3.342259331646179281e-16
2549 8.076209274163943519 1.419356049255832142 1.644119626660898663e-16 3.36415662589235052e-16 0.1725986941984608836 9.840929878180951805e-19 3.22826140256920624e-16
2550 8.07917996489033996 1.419868997769284213 1.645113251206430058e-16 3.373501423417625124e-16 0.1726845593456663164 3.345045600100660422e-17 3.14593414447451477e-16
2551 8.08215040136361651 1.420382005665499436 1.64729428082044375e-16 3.382958478079053811e-16 0.1727193244165940444 7.34308310348174216e-17 3.18399795430750244e-16
2552 8.085120583756049584 1.420895000827812282 1.650493128227351649e-16 3.392647314340056033e-16 0.1727298031360082198 1.07707893455784971e-16 3.262312986411937374e-16
2553 8.088090512239723751 1.421408010592827287 1.654252558717972043e-16 3.402127762886935321e-16 0.1727494789007237852 1.265940148720503298e-16 3.192419828832231794e-16
2554 8.09106018698652818 1.421921115265627256 1.657724053406388317e-16 3.410156482019963862e-16 0.1727961920570758314 1.169081270749953719e-16 2.703799374331723179e-16
2555 8.094029608168161971 1.422434353210010105 1.660227688065368755e-16 3.415287582809012759e-16 0.1728558239321912327 8.432109054672592587e-17 1.728127595157964248e-16
2556 8.096998775956134153 1.422947681824688004 1.661577308049610007e-16 3.416905892015460323e-16 0.1729011068962406916 4.545836380289100548e-17 5.450844645993743851e-17
2557 8.099967690521763686 1.423460999602274235 1.6621813713878156e-16 3.415640854300978386e-16 0.172912194634855132 2.034800314120309447e-17 -4.261306680931989088e-17
2558 8.10293635203618301 1.423974203155717655 1.663067886234084543e-16 3.413133913318613772e-16 0.1728884451888074159 2.986498678348113584e-17 -8.445403889218456983e-17
2559 8.105904760670334497 1.424487241674852633 1.665422470311118558e-16 3.411261150681392834e-16 0.1728475633223205965 7.932818008268759305e-17 -6.30951568842454144e-17
2560 8.108872916594975777 1.425000171156240336 1.669929840899389567e-16 3.411159235266197893e-16 0.1728255319422900005 1.518705295456229658e-16 -3.433919570493855792e-18
2561 8.11184081998067974 1.425513092028974027 1.676481086062696101e-16 3.412830191916054635e-16 0.1728373281657365756 2.20755241281117339e-16 5.630569902580836077e-17
2562 8.114808470997836309 1.426026041353364082 1.684105560119509742e-16 3.415501411663120368e-16 0.1728616056382662747 2.569413322018531238e-16 9.001889904807447774e-17
2563 8.117775869816654222 1.426538925966263971 1.691404875732630005e-16 3.418319384769913344e-16 0.1728544791045916462 2.460045332597850958e-16 9.497248723279781202e-17
2564 8.120743016607161024 1.427051474609175585 1.697053838662383521e-16 3.421044483793780747e-16 0.1727559130508801721 1.903998307705302712e-16 9.185020320179478722e-17
2565 8.12370991153920663 1.427563396775541671 1.700280554884840497e-16 3.42404469416872674e-16 0.1725593960547961436 1.087665741336928882e-16 1.011314852828175379e-16
2566 8.126676554782461537 1.428074520633967559 1.700889210912552184e-16 3.427774214489094446e-16 0.1723049097991739831 2.051839690609155122e-17 1.257258200339381146e-16
2567 8.129642946506422163 1.42858484834078503 1.699305046778537498e-16 3.432364023021805447e-16 0.1720510975451617353 -5.340826576880621795e-17 1.547400983771236017e-16
2568 8.132609086880409066 1.429094539800800812 1.696438548418672874e-16 3.437444259216758272e-16 0.1718511470997602097 -9.664886896223761223e-17 1.712888062934020291e-16
2569 8.135574976073570497 1.429603845092664693 1.693117335175665149e-16 3.442632559854628441e-16 0.1717354784115874278 -1.119898328775520853e-16 1.749471891263980057e-16
2570 8.138540614254885952 1.4301130224096259 1.690181686911776425e-16 3.447820754672455926e-16 0.1717068493512089455 -9.899712681701877867e-17 1.749584194570754312e-16
2571 8.141506001593162622 1.430622276179173813 1.688124601759311197e-16 3.453292542220350572e-16 0.1717471493817172568 -6.937572819243916192e-17 1.845374486294781295e-16
2572 8.144471138257038945 1.431131731789807127 1.687125557207049181e-16 3.45948685457882796e-16 0.1718297376334004811 -3.369588237252568565e-17 2.089224350779542547e-16
2573 8.147436024414988154 1.431641454995492779 1.686990394140426839e-16 3.466525178560951285e-16 0.1719345095239000754 -4.559179434294797956e-18 2.374093955775575665e-16
2574 8.150400660235318284 1.432151480044132175 1.68752868489455249e-16 3.473975604732172751e-16 0.1720508424712293427 1.815859397275532782e-17 2.513312048001987532e-16
2575 8.153365045886173945 1.432661835102216008 1.688560790733037829e-16 3.481081943634789627e-16 0.1721766877279335139 3.481979101417780257e-17 2.397440516645102038e-16
2576 8.156329181535538098 1.43317255348797068 1.690053785789204778e-16 3.487089445698041647e-16 0.1723137858586370752 5.03728938632580812e-17 2.026900642205953028e-16
2577 8.159293067351230277 1.433683670124388687 1.691995592240117996e-16 3.491590116659625769e-16 0.1724626811806155013 6.552108129471493393e-17 1.518631415690572513e-16
2578 8.162256703500913702 1.434195209208450672 1.694438403709115479e-16 3.494735840406462677e-16 0.1726197571480967696 8.243309957638038669e-17 1.061529971321220256e-16
2579 8.165220090152089938 1.434707165202112833 1.69729005937276881e-16 3.497118150664367171e-16 0.1727749808298961742 9.62377154912715884e-17 8.039824012918603736e-17
2580 8.168183227472106012 1.435219448681469112 1.700396775415903068e-16 3.499544463866897599e-16 0.1729000395477833518 1.048543137476439981e-16 8.189013809305360862e-17
2581 8.171146115628154405 1.435731878101334846 1.703491161518245678e-16 3.502948117546637455e-16 0.1729638313491867474 1.044469453129893491e-16 1.148858668551505181e-16
2582 8.174108754787269504 1.4362443151371731 1.706128993886096217e-16 3.50774100250723888e-16 0.172980930571637076 8.904405141918879653e-17 1.617911358126998922e-16
2583 8.177071145116334705 1.436756713416061926 1.707797772231441889e-16 3.513529693738535264e-16 0.1729823677287262162 5.633688505322071117e-17 1.954224977904848862e-16
2584 8.180033286782082413 1.437269121124924443 1.708153941131166179e-16 3.519276523074083466e-16 0.1730000643588950338 1.202504207279161296e-17 1.940255440567658519e-16
2585 8.182995179951090492 1.43778161029346796 1.707050156064632993e-16 3.523645495694821091e-16 0.173042075081791813 -3.726932588644066753e-17 1.475184520321514083e-16
2586 8.185956824789789366 1.438294189471571061 1.704951040373222751e-16 3.525791136891656245e-16 0.173086970242065763 -7.088262472118934112e-17 7.245369102996041453e-17
2587 8.188918221464456693 1.438806790168355665 1.702642260445804063e-16 3.525762484076832637e-16 0.1731087333798045913 -7.796906469211403129e-17 -9.676249979695978733e-19
2588 8.19187937014122447 1.439319305962617701 1.700961981686938589e-16 3.524520994277533027e-16 0.1730945482870110685 -5.674890335444185626e-17 -4.192946215873558846e-17
2589 8.194840270986075481 1.439831651460700579 1.700375425505863186e-16 3.523426247623406569e-16 0.1730515082809124805 -1.981171537690778836e-17 -3.697652470666039199e-17
2590 8.197800924164845071 1.440343828952991734 1.700685011262528632e-16 3.523726209781582521e-16 0.173009225063920774 1.045754502251431172e-17 1.013246800486464716e-17
2591 8.200761329843222924 1.44085592519500949 1.700995954748754969e-16 3.525972892402557489e-16 0.1729962328322774967 1.050428558680965653e-17 7.589737981028367472e-17
2592 8.203721488186753064 1.441368005989931422 1.700150885806030625e-16 3.530045931816106587e-16 0.1730054602334857583 -2.855048320789651368e-17 1.376068122995169801e-16
2593 8.206681399360833851 1.44188004946244086 1.697259814230299418e-16 3.535496001619538529e-16 0.1730072883673714201 -9.768241968634101528e-17 1.841448722085066074e-16
2594 8.20964106353071621 1.442391863302501687 1.692250401289929292e-16 3.5418984219470878e-16 0.1729441247556564587 -1.692702441201949129e-16 2.163405701835132813e-16
2595 8.212600480861510732 1.442903152962883517 1.685978037606581215e-16 3.549164406811137534e-16 0.1727814038806971819 -2.119635671978695722e-16 2.455412582466180078e-16
2596 8.215559651518178796 1.443413695596836188 1.680019612234102208e-16 3.557400130992633496e-16 0.1725433328216426365 -2.013713456557265372e-16 2.783350897600046488e-16
2597 8.218518575665543224 1.443923425875864419 1.675860413569586184e-16 3.566544999144013594e-16 0.1722831322008414046 -1.40576262162469977e-16 3.09086313586625065e-16
2598 8.221477253468277624 1.444432449402013763 1.674298227355497479e-16 3.576152293410228262e-16 0.1720585739599785891 -5.280454015344326852e-17 3.247428195634318642e-16
2599 8.224435685090917048 1.4449409938625144 1.675295899403459267e-16 3.585740077684595178e-16 0.171910937335688796 3.37258096863084975e-17 3.241103009864804229e-16
2600 8.22739387069784911 1.445449328244958975 1.6781886155913725e-16 3.595004403611397274e-16 0.1718542040973755625 9.779496632961820344e-17 3.132019815368604718e-16
2601 8.230351810453319317 1.445957688798902296 1.682140349969410086e-16 3.604085710558037779e-16 0.1718773281605266989 1.336086250651359164e-16 3.070401041321168631e-16
2602 8.233309504521431066 1.446466234330029854 1.686473111545459619e-16 3.613240368226658681e-16 0.17195414339060211 1.46503362967962643e-16 3.095457970009658403e-16
2603 8.236266953066142094 1.446975049596618046 1.691049000666936111e-16 3.622722771971994412e-16 0.1720596234804856739 1.547370550827147911e-16 3.206544546221689366e-16
2604 8.239224156251268028 1.447484174353997233 1.696074819261843708e-16 3.63241770089810373e-16 0.1721785562178287932 1.699658437233041953e-16 3.2786833500780957e-16
2605 8.242181114240480611 1.447993633778961398 1.701930165697302156e-16 3.642079502244703016e-16 0.1723060142812466444 1.980356741070594978e-16 3.267750873245201141e-16
2606 8.245137827197305924 1.448503457770049074 1.708812874048304575e-16 3.651351604177629237e-16 0.1724435968674693787 2.328017129410926042e-16 3.136209036425703493e-16
2607 8.248094295285126165 1.449013683266093144 1.716692542819263921e-16 3.66011622210921388e-16 0.1725936879944296176 2.665451068005510113e-16 2.964802316628118933e-16
2608 8.251050518667179645 1.449524344021421829 1.725089462958341342e-16 3.668503077671188822e-16 0.1727552134424636954 2.840656376564077432e-16 2.837251556147708032e-16
2609 8.254006497506560791 1.450035454271948021 1.73351835014717247e-16 3.676551339308610364e-16 0.1729215724559522993 2.851706506074305279e-16 2.722931219726813554e-16
2610 8.256962231966218368 1.450546983867789352 1.741474879469693171e-16 3.684110568452325921e-16 0.1730777481329710821 2.692118284633430896e-16 2.557690441475482157e-16
2611 8.259917722208951929 1.451058792588553858 1.748805723302321429e-16 3.690975372839924029e-16 0.173186492131100267 2.480620349409411002e-16 2.322921323572347977e-16
2612 8.262872968397420692 1.451570681518453698 1.755532257671995234e-16 3.6969384105403334e-16 0.173227929626181415 2.2763211985183903e-16 2.017946891969068755e-16
2613 8.26582797069413111 1.452082526257026052 1.761830749496454788e-16 3.701785753151165454e-16 0.17322726270566291 2.131643476434702342e-16 1.640520705972438258e-16
2614 8.268782729261447528 1.452594300496169666 1.767757639295061949e-16 3.705473328360054056e-16 0.1732176817921077805 2.00604491712987914e-16 1.248115243523367878e-16
2615 8.271737244261583299 1.453106066501771654 1.773128931225788011e-16 3.708204810739954594e-16 0.1732291663583697405 1.818144255855301157e-16 9.245874294369930992e-17
2616 8.274691515856606117 1.45361787945457821 1.777626557124451755e-16 3.710433861424744544e-16 0.1732593231511734277 1.52253985507087808e-16 7.545799902063412903e-17
2617 8.277645544208430906 1.454129725157839115 1.781006619021232359e-16 3.712840925957824489e-16 0.1732846691297227348 1.14431537412567279e-16 8.149084353571354248e-17
2618 8.280599329478826931 1.454641525567000659 1.78333647428991908e-16 3.716172821983683912e-16 0.1732835857458009943 7.888342174017705184e-17 1.1281016590804864e-16
2619 8.283552871829412467 1.4551531819637058 1.784988716718830316e-16 3.720958287914496938e-16 0.1732490662476056098 5.594564240121020691e-17 1.620379437083200821e-16
2620 8.286506171421653022 1.455664638584969639 1.78644394035289626e-16 3.727459563897549242e-16 0.173195648473176117 4.927854885380023982e-17 2.201540977229611709e-16
2621 8.289459228416864889 1.456175940572241645 1.788091417301526859e-16 3.735402144003572064e-16 0.1731575000718369173 5.579344437382532346e-17 2.689833698118535869e-16
2622 8.292412042976209818 1.456687167519705284 1.790138660919624836e-16 3.743859185170051005e-16 0.1731462935383688562 6.933762905152501361e-17 2.864296061743735556e-16
2623 8.295364615260700347 1.457198349380810498 1.792574137879044955e-16 3.751530748979424324e-16 0.1731452214303109416 8.249338044106837101e-17 2.598477597813964678e-16
2624 8.298316945431192693 1.45770939874639005 1.795154787005787338e-16 3.757276886880115719e-16 0.1731145304542855146 8.741775099096919846e-17 1.946465511165615621e-16
2625 8.301269033648388529 1.458220059804772983 1.797742517900260323e-16 3.760471500601832212e-16 0.1729971634544494596 8.766482134841281209e-17 1.082242522936241608e-16
2626 8.30422088007283854 1.458730071540984774 1.800398781019521321e-16 3.761166689290202425e-16 0.1727913362851883072 8.99938611827365955e-17 2.355290553234821525e-17
2627 8.307172484864933537 1.459239291190520982 1.803368631355071693e-16 3.760073622565151251e-16 0.1725370936506522013 1.006263890130814433e-16 -3.703599342215851701e-17
2628 8.310123848184911566 1.459747743696977462 1.80678351741728986e-16 3.757991821504781287e-16 0.1722912523062239132 1.157148383912779055e-16 -7.054269714259440452e-17
2629 8.313074970192852575 1.460255604883587965 1.810570620800773731e-16 3.755502948051583129e-16 0.1721049447346343908 1.283380647512725354e-16 -8.434340709770843376e-17
2630 8.316025851048680195 1.460763135648955879 1.814402334415242292e-16 3.752885554039791151e-16 0.1720070184267296909 1.298604300001483309e-16 -8.870598015667305111e-17
2631 8.318976490912158184 1.461270601124377455 1.818164661425783299e-16 3.750283463205638584e-16 0.1719989296820333968 1.275192599830019057e-16 -8.819453935024636368e-17
2632 8.321926889942893979 1.461778208978618654 1.822028786398813352e-16 3.748027124547323519e-16 0.172061222734166408 1.309802561371236321e-16 -7.648195062553717103e-17
2633 8.324877048300336924 1.462286081691986928 1.82639293060579794e-16 3.746753463786503512e-16 0.1721650365612417133 1.479412118778561425e-16 -4.317614348660580022e-17
2634 8.327826966143776488 1.462794277105271323 1.83159240796196366e-16 3.747107497326483752e-16 0.1722884672154188501 1.762727408784418813e-16 1.200244912716223873e-17
2635 8.330776643632340495 1.463302820305528718 1.837676227943776812e-16 3.749609371743053762e-16 0.172420414403595651 2.062705315674295425e-16 8.482548256910565962e-17
2636 8.333726080924998669 1.463811732434614266 1.844401452225317635e-16 3.754294364370474715e-16 0.1725595424741397099 2.280357568101269669e-16 1.588565369301101326e-16
2637 8.33667527818055909 1.464321044161947416 1.851332566493654118e-16 3.760814783762198249e-16 0.1727090839922680865 2.350360952021241915e-16 2.211093128145439712e-16
2638 8.339624235557669962 1.464830792248478675 1.858010778183458389e-16 3.768454668401771925e-16 0.1728711073084931438 2.264785057876034186e-16 2.590917655698026265e-16
2639 8.342572953214817844 1.465341005187478451 1.864242334350293439e-16 3.776422330786737502e-16 0.1730428114003919604 2.113482266096131858e-16 2.702296617735310077e-16
2640 8.345521431310329419 1.465851683526703253 1.870026153183947424e-16 3.783961671290805067e-16 0.17321471989494866 1.961787846172204182e-16 2.5572354519427701e-16
2641 8.348469670002366172 1.466362774983022588 1.875518009948162488e-16 3.790916353665489177e-16 0.1733689118953763986 1.862909699868235959e-16 2.359119294538589431e-16
2642 8.351417669448933268 1.466874086383600506 1.880876486173262124e-16 3.797483821660249907e-16 0.1734575875640015641 1.817812702737238238e-16 2.227951799016160994e-16
2643 8.354365429807868892 1.467385418619551851 1.886136152632575392e-16 3.803873553756310959e-16 0.1734787170410415358 1.784437055348168493e-16 2.1678322787500885e-16
2644 8.357312951236853138 1.467896656173435233 1.891307872015371486e-16 3.809965724146384503e-16 0.1734606461131590338 1.754741565523620138e-16 2.067046530651962936e-16
2645 8.360260233893404447 1.468407785051824233 1.896426105725504473e-16 3.815463999937512501e-16 0.1734378147038660167 1.736734720658283974e-16 1.865691762238549239e-16
2646 8.36320727793487606 1.468918868711343917 1.901597979540952121e-16 3.820070699052536677e-16 0.1734365043850957244 1.755078056134458175e-16 1.563285729022186582e-16
2647 8.366154083518463125 1.46942995225613604 1.906882259494999275e-16 3.823761708655856771e-16 0.1734504919629190067 1.793368162679006863e-16 1.252647317761178871e-16
2648 8.369100650801197361 1.469941017366573233 1.912505117442887389e-16 3.826927472853580579e-16 0.173458254787373839 1.908428313025403489e-16 1.074477442484082488e-16
2649 8.372046979939950617 1.470451992050094248 1.918839074224627734e-16 3.830290557325613386e-16 0.173441573002267313 2.149952753007648614e-16 1.1415412148198776e-16
2650 8.374993071091433094 1.470962792425556165 1.926246821916757437e-16 3.834641797536614287e-16 0.1733964049947856745 2.514635620152498029e-16 1.477072935144375373e-16
2651 8.377938924412193344 1.471473400434559098 1.93503060088281552e-16 3.840692582265190349e-16 0.1733450898870549373 2.981984080885682189e-16 2.0541664137044536e-16
2652 8.380884540058621823 1.471983872100520729 1.944959347642598613e-16 3.84854285964125041e-16 0.1733127780953975794 3.370958269940887664e-16 2.665286776106431216e-16
2653 8.383829918186947339 1.472494255569132937 1.955340937987294879e-16 3.857742952978677847e-16 0.1732967994106268117 3.524989522916656807e-16 3.12382125931749028e-16
2654 8.386775058953240602 1.473004537224632537 1.965110252921593202e-16 3.86738387832037958e-16 0.1732761854755266728 3.317363280220464664e-16 3.273766065583837005e-16
2655 8.389719962513410678 1.473514551169318176 1.973262136411160537e-16 3.876416592960810444e-16 0.173199220688820793 2.768355419005852164e-16 3.067483061451089264e-16
2656 8.39266462902321031 1.474024031058225104 1.97906477693061246e-16 3.884143636128615979e-16 0.1730317771250418635 1.970718026285274668e-16 2.624292028711964796e-16
2657 8.395609058638232369 1.474532773569442234 1.982332335618322225e-16 3.890338142097683367e-16 0.172795238864727696 1.109831735108194456e-16 2.103974240354598671e-16
2658 8.398553251513913409 1.475040719756108176 1.983668869015844156e-16 3.895471102556303931e-16 0.1725386304518702341 4.5399226928990182e-17 1.743558650389869774e-16
2659 8.401497207805531886 1.475547973061237528 1.983967414331257509e-16 3.900275386744587277e-16 0.1723171119509265825 1.014177059435569215e-17 1.632045307433703953e-16
2660 8.404440927668209937 1.476054760099535734 1.983760829874948352e-16 3.905074983103177405e-16 0.172172537412150245 -7.018366166600009885e-18 1.630583699195356243e-16
2661 8.407384411256913381 1.476561356938895786 1.983157149720530676e-16 3.90954161194362491e-16 0.1721217276503680671 -2.051068286526812603e-17 1.517585213839998526e-16
2662 8.410327658726455269 1.477068014522379791 1.982073176710596654e-16 3.913013641642861498e-16 0.1721561681350079198 -3.683210235773314139e-17 1.179754035380810329e-16
2663 8.413270670231488779 1.477574909822947369 1.980715942012117888e-16 3.914955827154466479e-16 0.1722507432095026492 -4.612090213913664704e-17 6.599842165632171809e-17
2664 8.416213445926517878 1.478082135162807287 1.979703259960661733e-16 3.915332000303865668e-16 0.1723766994069927394 -3.441523438614507156e-17 1.278396026445325266e-17
2665 8.41915598596589021 1.478589727762833705 1.979843024186164783e-16 3.914725072611751428e-16 0.1725153169857870372 4.75016177632848785e-18 -2.062762995107655719e-17
2666 8.422098290503800655 1.479097702773950918 1.981781528162379287e-16 3.914077255370188355e-16 0.1726590974674460932 6.588913620653685004e-17 -2.201910287006734611e-17
2667 8.425040359694293102 1.47960607902304897 1.985630274919073849e-16 3.914204460913799184e-16 0.1728092916263883339 1.308281419231680808e-16 4.324021808915746256e-18
2668 8.427982193691258672 1.480114887378034538 1.990906781926242609e-16 3.915654493277258847e-16 0.17296999434404281 1.793754717750184818e-16 4.929401949647454546e-17
2669 8.430923792648437498 1.480624162539021738 1.996659961053418469e-16 3.918640639081181749e-16 0.1731425109905615767 1.955956144271547144e-16 1.015224818098217164e-16
2670 8.433865156719418721 1.481133924994278761 2.002022804062279786e-16 3.923129683281270159e-16 0.1733220122733055146 1.823395842938430714e-16 1.526299486985430829e-16
2671 8.436806286057642268 1.481644165987193285 2.006453583354205005e-16 3.929063896578424961e-16 0.1734985556335882362 1.506609265337804809e-16 2.01782579246889705e-16
2672 8.439747180816398853 1.48215481020666151 2.009913590781339313e-16 3.936075498213317293e-16 0.1736495078458152874 1.17660900477928479e-16 2.384362980507450763e-16
2673 8.442687841148828198 1.482665642037789278 2.012551612633902473e-16 3.943361930221525152e-16 0.173727147311668384 8.971563302541903484e-17 2.47801912435988527e-16
2674 8.445628267207924367 1.483176452277570112 2.014616967964964962e-16 3.949858121256321533e-16 0.1737336372748684854 7.024559532802484361e-17 2.209444543225948691e-16
2675 8.448568459146533982 1.483687118451262998 2.01635019531369555e-16 3.954685275453792371e-16 0.1736984605771868528 5.895415396866055104e-17 1.641912655004957405e-16
2676 8.451508417117352678 1.484197626114010404 2.017984152673036539e-16 3.957655575361455879e-16 0.1736583555903819243 5.558199589030175534e-17 1.010400891534336677e-16
2677 8.454448141272933981 1.484708033487710743 2.01945543759680725e-16 3.959265913095080466e-16 0.1736380420211370845 5.005237905687937629e-17 5.478288627222117408e-17
2678 8.457387631765680425 1.485218380432860252 2.02063215258994781e-16 3.96040468169817936e-16 0.1736312776476964803 4.003443728390059874e-17 3.874341746930393361e-17
2679 8.460326888747852436 1.485728653333084015 2.021629412347738045e-16 3.961944842775868366e-16 0.1736198702544694827 3.393166865840145192e-17 5.24038345681498547e-17
2680 8.463265912371564781 1.486238793103223488 2.022789681819846679e-16 3.964226631860307212e-16 0.1735883468076462877 3.948119148986734302e-17 7.764381805074000507e-17
2681 8.466204702788784786 1.486748742342374419 2.024622494976420648e-16 3.967095935470931575e-16 0.1735372756882203049 6.237118866320187987e-17 9.764327377744224952e-17
2682 8.469143260151337671 1.487258513627306877 2.027642145235721605e-16 3.970022298217965532e-16 0.1734904677640422832 1.027677610439354309e-16 9.959290702251706459e-17
2683 8.472081584610902993 1.487768149870712042 2.031961091861153557e-16 3.972142555628519331e-16 0.1734582491070540966 1.469983599731114017e-16 7.216443941143557474e-17
2684 8.475019676319016426 1.488277665904132796 2.03719170235670358e-16 3.972914138418761494e-16 0.1734310648267887445 1.780415705168014585e-16 2.626343748504036631e-17
2685 8.477957535427069757 1.488786995753584197 2.042622622974040046e-16 3.972308394849326922e-16 0.1733814090530117202 1.848744325711566096e-16 -2.062016858161852427e-17
2686 8.480895162086314443 1.48929592055661808 2.047606968542072003e-16 3.971038844698448201e-16 0.1732572274588922989 1.69685951375529406e-16 -4.322028282959978145e-17
2687 8.483832556447856277 1.489804202679306355 2.051925622078207803e-16 3.970221773184741254e-16 0.1730521113634366503 1.47034900366478202e-16 -2.781839932399276533e-17
2688 8.486769718662658946 1.490311706428860239 2.05573155683967924e-16 3.970892027969277429e-16 0.1728007517136415649 1.295888726602677498e-16 2.28216108175229337e-17
2689 8.489706648881544027 1.490818448813982844 2.059605378002798788e-16 3.973577791825919121e-16 0.1725551352736289512 1.319107606651660056e-16 9.14552165364614119e-17
2690 8.492643347255190989 1.491324592926861481 2.0639747196207089e-16 3.977968069085892618e-16 0.1723650114974016045 1.487958862000557598e-16 1.495088397034495838e-16
2691 8.495579813934138969 1.491830395043198809 2.068639351190359594e-16 3.98278722104161153e-16 0.1722621292720161179 1.588643741303719487e-16 1.641269085999418246e-16
2692 8.498516049068784994 1.492336130762816904 2.07272743020640075e-16 3.986384046377611331e-16 0.1722530910383159308 1.392395711051589736e-16 1.22507518851677412e-16
2693 8.501452052809383986 1.492842030919085072 2.075240945675937292e-16 3.987729769417929768e-16 0.1723226703848965424 8.561683415150177911e-17 4.583880535179822965e-17
2694 8.50438782530605053 1.493348242927333258 2.075646662383023636e-16 3.987195058142638424e-16 0.1724424693111814011 1.382084772205659524e-17 -1.821508205600721739e-17
2695 8.507323366708758883 1.493854837004877867 2.07414726211893644e-16 3.98638522905161352e-16 0.172586199890045755 -5.10814881506731449e-17 -2.758921423990437913e-17
2696 8.510258677167342967 1.494361836981803249 2.071635214171151585e-16 3.987354850784470116e-16 0.1727380633369124119 -8.558704482420827946e-17 3.30356189202894713e-17
2697 8.513193756831496373 1.494869252698677986 2.069317694688159674e-16 3.991526868871431301e-16 0.1728932948652631973 -7.896554363685525115e-17 1.421544365505669922e-16
2698 8.51612860585077236 1.495377101856814495 2.068306368658101984e-16 3.999169159770657736e-16 0.1730545738793127508 -3.446192484138987156e-17 2.604185463022104285e-16
2699 8.519063224374583854 1.495885413770184469 2.069146461107320013e-16 4.009165877998998084e-16 0.1732258592255709051 2.862922007471299287e-17 3.406747036596803696e-16
2700 8.521997612552207002 1.496394217558839834 2.071786079363591989e-16 4.019831797796171571e-16 0.1734070871524319435 8.996169510139473461e-17 3.635087090678240715e-16
2701 8.524931770532775843 1.496903529283463818 2.075809581331921358e-16 4.029888276134984286e-16 0.1735938088255698508 1.371370415662464839e-16 3.427650088940871776e-16
2702 8.52786569846528586 1.497413334277636121 2.08041206460698712e-16 4.038723591338800421e-16 0.1737755516703315961 1.568833336904685018e-16 3.011664835133852764e-16
2703 8.530799396498593978 1.497923524782676985 2.08462940788066993e-16 4.046158703945562362e-16 0.1739205799592049295 1.437664520995203794e-16 2.53458087489541213e-16
2704 8.53373286478141857 1.498433854516287633 2.087446311719234732e-16 4.052454370739826802e-16 0.1739816595661994036 9.603391148785180858e-17 2.146319300645451381e-16
2705 8.536666103462341226 1.49894410030663261 2.088226391525306759e-16 4.057904784318059483e-16 0.1739666502128609238 2.659656842427233585e-17 1.858300862881839133e-16
2706 8.539599112689803206 1.499454134839277142 2.08687967262359218e-16 4.062765999023053827e-16 0.1739082188764179693 -4.59195349597182473e-17 1.657545002958717091e-16
2707 8.54253189261210899 1.499963951765683756 2.083825774884668045e-16 4.067305309092308317e-16 0.1738476047666740743 -1.041379325822751648e-16 1.547905026212871719e-16
2708 8.545464443377422725 1.500473618503370465 2.079526629499470029e-16 4.071679096249855829e-16 0.17380996358351955 -1.466123346077182109e-16 1.491578183080588613e-16
2709 8.548396765133775332 1.500983183635637763 2.074152090366085505e-16 4.07596987437555651e-16 0.1737888772512146685 -1.833004384695321019e-16 1.463384101031067017e-16
2710 8.5513288580290574 1.501492642552475276 2.067864089370750942e-16 4.080251392724418536e-16 0.1737662064878370272 -2.144710875086205868e-16 1.460339934980685917e-16
2711 8.554260722211020962 1.502001944238970044 2.061068605897943296e-16 4.084553576218140596e-16 0.1737261219195099515 -2.317983665878096043e-16 1.467502806233415353e-16
2712 8.557192357827284823 1.502511055109846394 2.054579389095009609e-16 4.089187756254315267e-16 0.1736745653131972211 -2.213686589587928751e-16 1.580872162443119967e-16
2713 8.560123765025329234 1.503019992733077181 2.049303498770733041e-16 4.094301352063824352e-16 0.1736289854274658262 -1.799920938082153806e-16 1.744552596947015057e-16
2714 8.563054943952497666 1.503528774648299038 2.045893667683233535e-16 4.09996727021405784e-16 0.1735893740059742396 -1.163387349738990224e-16 1.933133146918371812e-16
2715 8.565985894755998586 1.504037385358201417 2.044487839290916363e-16 4.106262905899284333e-16 0.1735444598286826623 -4.796865740466666606e-17 2.148151175346999199e-16
2716 8.56891661758290013 1.504545705139504364 2.044711277459674136e-16 4.113078126727354143e-16 0.173458675678280938 7.624587961020051466e-18 2.325621041663645252e-16
2717 8.571847112580138983 1.505053499836342734 2.045920455568108771e-16 4.120258560010984281e-16 0.1732929601156837085 4.126511265722438662e-17 2.450436261703862562e-16
2718 8.574777379894513274 1.505560579116340003 2.047636274036897824e-16 4.127501485576160285e-16 0.173062251159346675 5.855956228206966979e-17 2.471954687826809107e-16
2719 8.577707419672687905 1.506066875081964129 2.049651793652279223e-16 4.134481176865343325e-16 0.1728083230214507993 6.879347030180974745e-17 2.3822997392526688e-16
2720 8.580637232061187447 1.506572468467289871 2.05190505505017604e-16 4.140953936804440188e-16 0.1725819050356247053 7.691400953390623697e-17 2.209445917508988266e-16
2721 8.58356681720640502 1.507077565274706821 2.054390591470612182e-16 4.147116098040041988e-16 0.1724257667063191501 8.484918468638828504e-17 2.103587589576038905e-16
2722 8.586496175254596963 1.507582437074955095 2.056726119396763837e-16 4.152958620952021097e-16 0.1723623093263848272 7.973449629190428627e-17 1.994626637704843556e-16
2723 8.589425306351884615 1.508087351217758165 2.058002475081372148e-16 4.157890057896251432e-16 0.1723901132989344998 4.357792393332850275e-17 1.68371392574329786e-16
2724 8.592354210644252532 1.508592517036806635 2.057187524764241974e-16 4.160714499408325326e-16 0.1724893901959089482 -2.78265626733306167e-17 9.644084688457005679e-17
2725 8.595282888277553823 1.509098057291589745 2.053824379631035814e-16 4.160458462186603158e-16 0.1726305934695141486 -1.148438200076876575e-16 -8.743093575233245648e-18
2726 8.598211339397501263 1.509604024918488552 2.048538574388994554e-16 4.157040718956759327e-16 0.1727898879766036344 -1.805122792611164232e-16 -1.167172440334092795e-16
2727 8.601139564149677952 1.510110434210097052 2.042845968349321019e-16 4.151679317338906095e-16 0.172954079875989597 -1.944197027983165926e-16 -1.831080706904452651e-16
2728 8.604067562679528436 1.510617291485716107 2.03857922732642134e-16 4.146527274721088809e-16 0.1731204469555524539 -1.45733355021091272e-16 -1.759714151565471978e-16
2729 8.606995335132364033 1.51112461264772624 2.037147134181761622e-16 4.143671158661094123e-16 0.173292263119187967 -4.891786123256637579e-17 -9.75600571847715187e-17
2730 8.609922881653359283 1.511632423197554198 2.03892529086128809e-16 4.144446084523669654e-16 0.1734728087343840042 6.074348665498249312e-17 2.64721884938123078e-17
2731 8.612850202387557275 1.512140750712953619 2.043388825878462313e-16 4.149320799810043179e-16 0.1736627951497956845 1.524902634322842891e-16 1.665376468015454831e-16
2732 8.615777297479866093 1.512649610491032748 2.049471648142754695e-16 4.157507118616576219e-16 0.1738580286991176505 2.078268971835802323e-16 2.79695372147326158e-16
2733 8.618704167075055267 1.513158978767884744 2.055933116864339425e-16 4.167218571301713638e-16 0.1740451638838650117 2.207808051040778342e-16 3.31828943997264608e-16
2734 8.621630811317764653 1.513668701212913748 2.061700925279827832e-16 4.176088944284444858e-16 0.1741795822743218702 1.970944128997132649e-16 3.031135622567074658e-16
2735 8.624557230352495552 1.514178490406520528 2.066281791163419749e-16 4.181927980717426064e-16 0.174215789738413257 1.565468977381743796e-16 1.995437243944366493e-16
2736 8.627483424323617811 1.514688110194530202 2.069822292268125093e-16 4.183397775521062353e-16 0.1741712844520988956 1.210026846522153894e-16 5.02327528980299531e-17
2737 8.630409393375362725 1.515197437742681119 2.07294770148517749e-16 4.180480235437044619e-16 0.1740847798104520339 1.068244153184824964e-16 -9.9719586140263775e-17
2738 8.633335137651831914 1.51570648666016039 2.076288905687254103e-16 4.174385711920679738e-16 0.174002905200693031 1.142089135380223604e-16 -2.083227684507818e-16
2739 8.636260657296990217 1.516215350913332705 2.080102496837725397e-16 4.167123320516642116e-16 0.1739531314769194315 1.303660295769754214e-16 -2.482618338521571719e-16
2740 8.639185952454667472 1.51672410222724352 2.084309813417822284e-16 4.16068839141565247e-16 0.1739278623596121343 1.438364008185633362e-16 -2.199922501167429735e-16
2741 8.642111023268560288 1.517232749435638794 2.088623967865639526e-16 4.156503859218248792e-16 0.1739056010726201806 1.475001946309181086e-16 -1.430684323016480861e-16
2742 8.645035869882228496 1.51774124632161822 2.092938613520347847e-16 4.155351509974437445e-16 0.1738675251561934698 1.475282902598631726e-16 -3.940163974674992253e-17
2743 8.647960492439100477 1.518249568162757912 2.097455159476262625e-16 4.157083844257561975e-16 0.1738209810390350107 1.544435799187563467e-16 5.923728240855036119e-17
2744 8.650884891082469608 1.518757713805120035 2.102462233451041036e-16 4.160589801011935351e-16 0.1737740266663661548 1.712303193960545648e-16 1.198955912902532456e-16
2745 8.653809065955494262 1.51926567170569915 2.108220328646385495e-16 4.164506617622250581e-16 0.1737231088669950185 1.969285638331312364e-16 1.339562900055545559e-16
2746 8.656733017201197811 1.519773405241256592 2.114887558128105383e-16 4.167745334917082417e-16 0.1736596485770051101 2.280386556516589619e-16 1.107735589384126958e-16
2747 8.659656744962470398 1.520280751675538111 2.122255256805233992e-16 4.169805421659376944e-16 0.1735405053197733305 2.520159924418436286e-16 7.046634609084672701e-17
2748 8.662580249382067166 1.52078749033677818 2.12982878794098223e-16 4.170808286508232372e-16 0.1733458476998749331 2.59076379053981557e-16 3.430613660457726362e-17
2749 8.665503530602610027 1.521293476457294958 2.136953560510716877e-16 4.171410649342558051e-16 0.1731016258083376835 2.437437837378489799e-16 2.060728184438268116e-17
2750 8.668426588766585894 1.521798694732104273 2.143030193489089927e-16 4.172460491777498144e-16 0.17285212187388449 2.079020012799415317e-16 3.591863191828593158e-17
2751 8.671349424016348451 1.522303268556185918 2.147396743482996459e-16 4.174648974633823479e-16 0.1726447922602337148 1.494057124275326527e-16 7.488104813663792152e-17
2752 8.674272036494118154 1.522807428448196054 2.149610781034684355e-16 4.178237930491156836e-16 0.1725163028400941989 7.576119775085427103e-17 1.22808935295252012e-16
2753 8.677194426341978684 1.523311451655973814 2.149613609073485014e-16 4.183016214218381795e-16 0.1724826629350221796 9.677881011842871379e-20 1.635184826438391419e-16
2754 8.68011659370188049 1.52381559697984148 2.147247287353514229e-16 4.188173983131051595e-16 0.1725375807872226164 -8.098447126233440239e-17 1.765183426922223871e-16
2755 8.683038538715642574 1.524320058091151342 2.142386366435533925e-16 4.192433948561261328e-16 0.172658785324666747 -1.663717345978182621e-16 1.458032027077772237e-16
2756 8.685960261524947157 1.524824942249019433 2.135141610286310682e-16 4.194901708605256227e-16 0.1728167136327881659 -2.47980636601116686e-16 8.446891711521274837e-17
2757 8.688881762271345011 1.52533029223646599 2.126219694963544737e-16 4.195471496680286982e-16 0.1729893028826722801 -3.05411289285265328e-16 1.950474806351564305e-17
2758 8.691803041096251903 1.525836116986609259 2.116997278460976286e-16 4.194815221282738384e-16 0.1731649681615010927 -3.157218897626262174e-16 -2.246705173867338384e-17
2759 8.694724098140950375 1.526342419588571087 2.109075986462120585e-16 4.193884950550543283e-16 0.1733417093562162892 -2.71199533652538241e-16 -3.184947465368376228e-17
2760 8.697644933546591517 1.526849212861445038 2.104116926463585394e-16 4.193595137231521676e-16 0.1735228581756163013 -1.697951237455240115e-16 -9.92302742472986909e-18
2761 8.700565547454189641 1.527356522677515871 2.10299863171428271e-16 4.19454251967790519e-16 0.1737128852744947716 -3.829261751592157872e-17 3.244024322145880159e-17
2762 8.703485940004627608 1.527864377863801693 2.105443482933078588e-16 4.196669746917434071e-16 0.1739128044878422152 8.372286893946011601e-17 7.284597361602195987e-17
2763 8.706406111338655052 1.528372789523455566 2.109919683299473387e-16 4.199282810021141332e-16 0.1741165481227586187 1.532971444897679885e-16 8.948998690433448606e-17
2764 8.709326061596890156 1.528881717308427257 2.114243053341806152e-16 4.201414088478225508e-16 0.1743064951178420474 1.480743440286630094e-16 7.29957547896780253e-17
2765 8.712245790919814326 1.529390960248528497 2.116531651550345575e-16 4.202321365597107227e-16 0.174427625479865317 7.838984495567243261e-17 3.10763647439724005e-17
2766 8.71516529944777929 1.529900192648971258 2.115868264469734476e-16 4.201906465810439625e-16 0.1744371992613397149 -2.27242776122171612e-17 -1.421236290099836731e-17
2767 8.718084587321003553 1.530409167620555566 2.112685809519446482e-16 4.200732077734404442e-16 0.1743621880085735876 -1.090230049315716372e-16 -4.023161961604401208e-17
2768 8.721003654679572392 1.530917770877550987 2.108275025175030951e-16 4.199885030394297631e-16 0.1742480026554022732 -1.511139285065769373e-16 -2.90199296088187067e-17
2769 8.723922501663437856 1.531426041281102712 2.104217020990723062e-16 4.200464076380670252e-16 0.1741471065900085935 -1.390381344829587978e-16 1.983967242725085559e-17
2770 8.726841128412422322 1.53193410669866914 2.101460157912762993e-16 4.203284569620076603e-16 0.1740900010992215696 -9.446466531247047568e-17 9.66449701498179201e-17
2771 8.729759535066213161 1.532442066406416892 2.100165456064980707e-16 4.208495310311262137e-16 0.1740668984849778611 -4.436665579352719488e-17 1.785609088850564585e-16
2772 8.732677721764366296 1.532949940995132154 2.099959795706492335e-16 4.215479928926890256e-16 0.1740508406241695061 -7.048070345181411284e-18 2.393659317676287588e-16
2773 8.735595688646306201 1.533457691210451612 2.100292098342870241e-16 4.223254268058931583e-16 0.1740213183807798603 1.138901395590921675e-17 2.66450058410268778e-16
2774 8.738513435851325895 1.533965286604786149 2.100902519668068749e-16 4.230849290501285053e-16 0.1739813472997877308 2.092255480721963752e-17 2.603239217773686433e-16
2775 8.74143096351858695 1.534472684129748243 2.101690747271306367e-16 4.237428372125412463e-16 0.1739266057123638187 2.701900281641129595e-17 2.255189036790184579e-16
2776 8.74434827178711771 1.53497983140478711 2.102642948180355057e-16 4.242669059894946648e-16 0.1738538911657262764 3.264216162789817556e-17 1.796547089892857806e-16
2777 8.74726536079581507 1.535486642582598371 2.103573241804541745e-16 4.246740946082414768e-16 0.1737517261089854548 3.18935591927309876e-17 1.395977998447803186e-16
2778 8.750182230683446249 1.535992926825962446 2.104138323214300944e-16 4.250141183800920042e-16 0.1735841071900081911 1.937432446069461847e-17 1.165802089116614379e-16
2779 8.753098881588645241 1.536498510700162301 2.103939527369742659e-16 4.253482976636774065e-16 0.173356986748827907 -6.816405813056291521e-18 1.145849711443897401e-16
2780 8.756015313649916365 1.537003320257021688 2.102682390302215714e-16 4.257080420126215937e-16 0.1731044664032139191 -4.310854228352304901e-17 1.233600923742280404e-16
2781 8.758931527005634265 1.537507406753589656 2.100511658136076135e-16 4.260873830328662382e-16 0.1728694778785437869 -7.444225122664091316e-17 1.300897456172147871e-16
2782 8.761847521794038585 1.538010937772961828 2.09799138693204588e-16 4.264456307696409554e-16 0.172691920552460243 -8.643568276680722263e-17 1.228652998862545611e-16
2783 8.764763298153241067 1.538514159573632245 2.095819962579641978e-16 4.267390969891291152e-16 0.1725987920448873725 -7.447714302965984966e-17 1.006552476902921933e-16
2784 8.767678856221223782 1.539017342472432937 2.094526369896239301e-16 4.269356899332377928e-16 0.1725983636688784573 -4.43719333350822539e-17 6.743396992005335335e-17
2785 8.770594196135835574 1.539520726593682998 2.094340606638139699e-16 4.270464207991472678e-16 0.1726802990397768578 -6.372401036324702347e-18 3.798498647652177128e-17
2786 8.773509318034797388 1.54002448417928739 2.094808822762979482e-16 4.270812472287792196e-16 0.1728213285899356522 1.606283162266794143e-17 1.19477105874514485e-17
2787 8.776424222055698721 1.540528705204922799 2.094608517114143826e-16 4.270010198441515551e-16 0.1729932408311513625 -6.872288458260929091e-18 -2.75252212115782813e-17
2788 8.779338908335999392 1.541033422480137638 2.092261264810290411e-16 4.267272701049600955e-16 0.1731764280716024951 -8.053791493290255207e-17 -9.392783712135418541e-17
2789 8.782253377013029549 1.541538640251949754 2.08683811019852863e-16 4.262054395484252621e-16 0.1733610918344763996 -1.860908418383366825e-16 -1.790616246712247622e-16
2790 8.785167628223991443 1.542044361945164033 2.078820363888605383e-16 4.255011592753191416e-16 0.1735469502755364601 -2.751425218337895213e-16 -2.416856843928510119e-16
2791 8.788081662105954095 1.542550605156427723 2.069895978597074436e-16 4.247649945755824413e-16 0.1737388673135888406 -3.062781993955639747e-16 -2.526461950358645435e-16
2792 8.790995478795860407 1.543057399379987871 2.061941521235296132e-16 4.241245676639055677e-16 0.1739409277551672295 -2.730113385225824731e-16 -2.198060790707421983e-16
2793 8.793909078430521831 1.54356476996375136 2.056263880744836994e-16 4.23618915900245863e-16 0.1741517106419188943 -1.948813816695565315e-16 -1.73561736625007008e-16
2794 8.796822461146621919 1.544072714540877911 2.052884342703163482e-16 4.231706924304631979e-16 0.174361704282519292 -1.160091157911835556e-16 -1.538612904046243734e-16
2795 8.799735627080716327 1.544581169288327116 2.050864215389060568e-16 4.226630998166798021e-16 0.1745498108922968472 -6.934989641142781351e-17 -1.742538449895563882e-16
2796 8.802648576369231037 1.545089901339862237 2.048814014708926224e-16 4.220253922369140675e-16 0.1746579896247514307 -7.038753073234493479e-17 -2.189378937581317246e-16
2797 8.805561309148464133 1.545598561985888297 2.045690287498519322e-16 4.212897733020444274e-16 0.1746464483279251689 -1.072518322588905638e-16 -2.525716021112724077e-16
2798 8.808473825554585801 1.54610689755334052 2.041066977718389095e-16 4.205732700889301648e-16 0.1745477931341612998 -1.587511421130272978e-16 -2.460265671541050064e-16
2799 8.81138612572363833 1.546614802025841007 2.035393258664486523e-16 4.200309647107685543e-16 0.1744127094749098883 -1.948336284810950569e-16 -1.862258662584988182e-16
2800 8.814298209791534333 1.547122337068052467 2.029345817299020916e-16 4.197720717170428183e-16 0.1742987746495236745 -2.076825306825151507e-16 -8.890958814413705e-17
2801 8.817210077894062081 1.547629658481988191 2.023563858887237526e-16 4.198149733621228159e-16 0.1742383246351092707 -1.985799769348353645e-16 1.473446725782416808e-17
2802 8.82012173016688017 1.548136884948748904 2.018375182053889151e-16 4.200775702325658664e-16 0.1742186213095342218 -1.782170654657534385e-16 9.019494787199474447e-17
2803 8.823033166745519296 1.54864404176059689 2.013788418645849574e-16 4.204300710475478685e-16 0.174207594815693867 -1.575546266235896562e-16 1.21083494717990262e-16
2804 8.825944387765387589 1.54915109818109209 2.009695002292834881e-16 4.207841588560843842e-16 0.1741859998918848518 -1.406186356396460452e-16 1.216376254918813729e-16
2805 8.828855393361761728 1.549657999375292583 2.005888345600004886e-16 4.210810794980049942e-16 0.1741455551784872047 -1.307774277770804873e-16 1.020068814648697602e-16
2806 8.831766183669794046 1.550164661958504109 2.002309725774730917e-16 4.213151731464118959e-16 0.174076447533169032 -1.229523250575723819e-16 8.04286561806950716e-17
2807 8.834676758824512532 1.55067100074514741 1.999135536197701869e-16 4.21520514950245754e-16 0.1739780518318671532 -1.090651819145781328e-16 7.055546194177572996e-17
2808 8.837587118960815502 1.551176899117942209 1.996616397548352438e-16 4.217257704761522259e-16 0.1738395608712848261 -8.656401762225927718e-17 7.053102442861680222e-17
2809 8.840497264213480477 1.551682165314913098 1.995057590149691199e-16 4.219549345797506547e-16 0.1736351422595350247 -5.356854387736027837e-17 7.875243182236680961e-17
2810 8.843407194717155306 1.552186672862456929 1.994578630568238115e-16 4.222126684372203728e-16 0.1733872194927797705 -1.646069924659932671e-17 8.857698389923542653e-17
2811 8.846316910606363493 1.552690406236402865 1.995162482603507533e-16 4.224924318552331614e-16 0.1731339164721576174 2.006708205862727622e-17 9.615510655323365727e-17
2812 8.849226412015504195 1.553193465631514947 1.996621987953927306e-16 4.227990032036637493e-16 0.1729150077520635598 5.016711375120430634e-17 1.053767956736453381e-16
2813 8.852135699078854003 1.553696046432149425 1.998688503025552906e-16 4.231456214811906101e-16 0.1727632225983591341 7.103689652914398622e-17 1.191507724955301488e-16
2814 8.855044771930563385 1.554198400280351722 2.00110071006474471e-16 4.235437170364557146e-16 0.1726979159924402207 8.292623418761115658e-17 1.368562677605937913e-16
2815 8.857953630704656689 1.554700787187675903 2.003662761919120002e-16 4.23987848670543963e-16 0.1727219845051964908 8.808403926166455681e-17 1.526936631964161234e-16
2816 8.860862275535037469 1.55520343157857277 2.006142084408253459e-16 4.244497563773626472e-16 0.1728232120215141832 8.524604749787074262e-17 1.588167997010227715e-16
2817 8.863770706555484935 1.555706492140026986 2.008197516343445185e-16 4.248831521082434288e-16 0.172979011511190689 7.067669613183120013e-17 1.490245327604848056e-16
2818 8.866678923899653952 1.556210050689385893 2.009368008661414434e-16 4.252428179557240762e-16 0.1731629611737451335 4.025071485107142571e-17 1.23681353959909993e-16
2819 8.869586927701076817 1.556714136106613244 2.0091049385512494e-16 4.254815154252170183e-16 0.1733568618285128149 -9.047079558445513651e-18 8.208895322802741334e-17
2820 8.872494718093163257 1.557218751043608407 2.006818274341702529e-16 4.255503873203948724e-16 0.173551695056231664 -7.864500641905182489e-17 2.368703990617124392e-17
2821 8.875402295209200432 1.557723896698286481 2.002107306877893293e-16 4.253942945871748511e-16 0.1737469609387452818 -1.620356965041650199e-16 -5.368874852320556552e-17
2822 8.878309659182352931 1.558229585241876602 1.994948898930771968e-16 4.249665594172639223e-16 0.1739464341453735019 -2.462344762093356425e-16 -1.471320806209188347e-16
2823 8.881216810145662777 1.558735836972901856 1.985915121215181331e-16 4.242572218664605043e-16 0.1741529114073520068 -3.107660860715673879e-16 -2.440153624616408653e-16
2824 8.884123748232051199 1.559242665816090501 1.975933942555787625e-16 4.233101504128002544e-16 0.174364201467297808 -3.433822423559284209e-16 -3.258207577750194915e-16
2825 8.887030473574315081 1.559750058358239766 1.966010044053330048e-16 4.222303742504275641e-16 0.1745708996108928934 -3.414366088005339382e-16 -3.715022992757249139e-16
2826 8.889936986305132294 1.560257941655153857 1.957188090290681938e-16 4.211578584031309724e-16 0.1747525213809457412 -3.035458486025864798e-16 -3.690313299824416921e-16
2827 8.892843286557058136 1.56076607288981517 1.950292728829719706e-16 4.20231307357839266e-16 0.1748506071358131853 -2.372729829673818078e-16 -3.188310455261168821e-16
2828 8.895749374462527115 1.561274096933686906 1.945911837671318219e-16 4.195589935213256334e-16 0.1748264887544662138 -1.50759757944121346e-16 -2.313635915398107538e-16
2829 8.898655250153854723 1.561781761564836613 1.944257262538160814e-16 4.191826265243185504e-16 0.1747155553421041174 -5.694310682825370714e-17 -1.295287574901962175e-16
2830 8.901560913763232108 1.562288969079282719 1.945240792654714789e-16 4.190925947889642741e-16 0.1745709699859565034 3.385119533268407079e-17 -3.098717373592992887e-17
2831 8.9044663654227314 1.562795797383968344 1.948528993206910648e-16 4.192480230523321743e-16 0.1744531716221047191 1.131817244532149496e-16 5.349928812887548784e-17
2832 8.907371605264305714 1.563302419958755296 1.953457427083591552e-16 4.195780252946923197e-16 0.1743950652702543624 1.696518454522535317e-16 1.135969170341873728e-16
2833 8.910276633419787373 1.563808963529869311 1.959351843246164047e-16 4.199893701919674888e-16 0.1743805687843730801 2.029187026933951563e-16 1.416078719460401156e-16
2834 8.913181450020886132 1.564315449856312323 1.965662218184786802e-16 4.204221378227971944e-16 0.1743735534954539979 2.17254137868627379e-16 1.489936167784618853e-16
2835 8.916086055199194504 1.56482184389887502 1.972064335215800296e-16 4.208248545503571393e-16 0.1743544650850611943 2.204286773804672162e-16 1.386577520920056554e-16
2836 8.91899044908618599 1.565328068824240582 1.97832509812305086e-16 4.211006305567427394e-16 0.1743089099231975303 2.155774445247411936e-16 9.495821451567154509e-17
2837 8.921894631813211518 1.565834013839719541 1.984393551844254923e-16 4.212023764911170978e-16 0.1742251881367656574 2.08970828633456816e-16 3.503682023972502162e-17
2838 8.92479860351150478 1.566339575850338228 1.990329069053241544e-16 4.211319237139908174e-16 0.1741059423701116216 2.044079253225171838e-16 -2.42625966677178728e-17
2839 8.927702364312178673 1.566844600473604299 1.996072185017150637e-16 4.20946986716164599e-16 0.1739335011774333362 1.977963491780661466e-16 -6.369340829586267032e-17
2840 8.930605914346228857 1.567348912203453848 2.001321831257410967e-16 4.207468618030679219e-16 0.1737005773918816054 1.808140737294621343e-16 -6.89292175808920265e-17
2841 8.933509253744530199 1.567852428244040919 2.005649426720144204e-16 4.206353023605293676e-16 0.1734390924728393124 1.490665975151154582e-16 -3.842731295730681417e-17
2842 8.936412382637838547 1.568355180483563149 2.008593979532147491e-16 4.207046099720031006e-16 0.173188546712418151 1.014342218969562498e-16 2.387514875846624384e-17
2843 8.939315301156792515 1.568857304548308296 2.00990477067361588e-16 4.210081242121394237e-16 0.1729846809097092264 4.515752246633080572e-17 1.04562433206960797e-16
2844 8.94221800943190992 1.56935901203507977 2.00990548986853059e-16 4.215624226614352552e-16 0.1728536794251411268 2.47784795923615091e-20 1.909728855692178686e-16
2845 8.945120507593593118 1.569860553152578886 2.009304720674277842e-16 4.223322854767135106e-16 0.1728088620590721436 -2.069984637284413107e-17 2.652606384761256163e-16
2846 8.948022795772121896 1.570362176398490961 2.009062063751851875e-16 4.232375510658152744e-16 0.1728496579495359953 -8.361487706605954878e-18 3.1193699395886438e-16
2847 8.950924874097660577 1.570864093815943052 2.009959706869405181e-16 4.241727171368467499e-16 0.1729635232288895541 3.093327922397237551e-17 3.222634099267810979e-16
2848 8.953826742700254471 1.571366455909970483 2.012266688847936995e-16 4.250391250020024346e-16 0.1731292658335704671 7.950561974779996948e-17 2.985905174578396168e-16
2849 8.956728401709831644 1.571869343064418167 2.015777989047292642e-16 4.257730981476520901e-16 0.1733227293499200738 1.210188267361337151e-16 2.529677438535518567e-16
2850 8.959629851256199373 1.572372786180492144 2.019942744867881468e-16 4.263554367000054304e-16 0.1735268640783142469 1.43550878763550042e-16 2.007205572892196535e-16
2851 8.962531091469049471 1.572876789243374374 2.023924338719454485e-16 4.267943517280745917e-16 0.1737323942194275161 1.372475454191463128e-16 1.512962207992878748e-16
2852 8.965432122477956511 1.573381350804975432 2.026928942160677671e-16 4.271187323493070645e-16 0.1739374470436906017 1.035776586481673522e-16 1.118236929277377737e-16
2853 8.968332944412374275 1.57388647569397544 2.028429074374810256e-16 4.273409121117255629e-16 0.1741441863733413919 5.17177651649093886e-17 7.659752033122549209e-17
2854 8.971233557401642855 1.574392174063584449 2.028223523851584239e-16 4.274523034704630985e-16 0.1743544483412055035 -7.08696136612923707e-18 3.840546078422772385e-17
2855 8.974133961574981555 1.574898450073752398 2.026418184071990325e-16 4.274383136734023531e-16 0.1745661671851989893 -6.224889970315871809e-17 -4.823742787612832803e-18
2856 8.977034157061492436 1.575405283700638037 2.023390216293830827e-16 4.272855582155055662e-16 0.1747710039224575351 -1.04413152632671691e-16 -5.267453324931816606e-17
2857 8.979934143990162099 1.575912599914514267 2.019682040458893101e-16 4.269894928107901981e-16 0.1749499880523150697 -1.278778994783819008e-16 -1.020993171534884565e-16
2858 8.982833922489858125 1.57642015345665687 2.015980410822384188e-16 4.265699196669447126e-16 0.1750444056276420635 -1.276613215703317089e-16 -1.44701840266356349e-16
2859 8.985733492689332635 1.576927581548507318 2.013023582382317697e-16 4.260495932073692714e-16 0.1750137054185560148 -1.019820364489368765e-16 -1.794623970965890795e-16
2860 8.988632854717220511 1.57743462729980588 2.011438228434296116e-16 4.254578248415244629e-16 0.1748943843459246084 -5.468333025166371259e-17 -2.041176042887072836e-16
2861 8.991532008702037615 1.577941193630560512 2.011747060190990708e-16 4.248375935658538877e-16 0.1747415503762687061 1.065324256545819236e-17 -2.139506084841502703e-16
2862 8.99443095477218435 1.578447363379610335 2.014164236526445607e-16 4.242370293289824e-16 0.1746172643061878749 8.338718776362555427e-17 -2.071812554572964712e-16
2863 8.997329693055943878 1.578953323468664127 2.01835093314589518e-16 4.236703364975469464e-16 0.1745574411377420199 1.444420349593192957e-16 -1.955103825510931659e-16
2864 9.000228223681483897 1.579459215231461267 2.023543563398129521e-16 4.231171478510680814e-16 0.1745463656571319411 1.791598134979389928e-16 -1.908650720695615802e-16
2865 9.003126546776854866 1.579965077259017914 2.028913873530935654e-16 4.225803323857826487e-16 0.1745485967847182074 1.853035110201472634e-16 -1.852291357991525939e-16
2866 9.006024662469990005 1.580470873729949988 2.033962594261058062e-16 4.221023335104538759e-16 0.1745384594161621672 1.742194714475029589e-16 -1.64946163322961734e-16
2867 9.008922570888707071 1.58097648905769339 2.03864549542209169e-16 4.217200348699866717e-16 0.1744884238513435826 1.616074509226536304e-16 -1.319316950167319829e-16
2868 9.011820272160708356 1.581481766217682328 2.043202205109564444e-16 4.214680073025113221e-16 0.1743841802235135963 1.572638041632321841e-16 -8.698121393194333644e-17
2869 9.014717766413577138 1.581986571412767217 2.048033877802532657e-16 4.213764586035913627e-16 0.1742337338864386465 1.667653943362021316e-16 -3.159807347582085363e-17
2870 9.017615053774783007 1.582490728819831549 2.05329498719076694e-16 4.214419896235737075e-16 0.1740225686522239301 1.816003805303649553e-16 2.261967445867932791e-17
2871 9.020512134371678314 1.582994087277246997 2.058714273128977929e-16 4.216321888600942763e-16 0.1737591846924251282 1.870735839174298564e-16 6.565671795131498108e-17
2872 9.023409008331501724 1.583496615241059891 2.063879975991781841e-16 4.219218212763825933e-16 0.1734848658016920342 1.783326167812134145e-16 9.998814889891880666e-17
2873 9.026305675781372884 1.583998397950789894 2.068348117801785462e-16 4.223173861737788833e-16 0.1732399290499986866 1.542621049192647028e-16 1.365683460804728749e-16
2874 9.029202136848295979 1.584499608091670009 2.071854514228873977e-16 4.228643465391986154e-16 0.1730545734441742423 1.210665723862656229e-16 1.888509130369162206e-16
2875 9.032098391659163283 1.585000470207180934 2.074373539033418224e-16 4.236167401024692983e-16 0.1729467182978966511 8.698143855671608433e-17 2.598000399838898766e-16
2876 9.03499444034074628 1.585501226776284689 2.076051783630099508e-16 4.245960540306108968e-16 0.1729225737095945459 5.795358321346062424e-17 3.38179257891738899e-16
2877 9.03789028301970454 1.586002108504507513 2.077043031632184047e-16 4.257558526769764055e-16 0.1729780916325590334 3.423247007703474746e-17 4.005331902167320788e-16
2878 9.040785919822582173 1.58650331116247334 2.077286873211291323e-16 4.269694495768137573e-16 0.1731012235321080506 8.421598533171477698e-18 4.191420474288699594e-16
2879 9.043681350875806046 1.587004977089248703 2.076840117357457586e-16 4.280799834924261161e-16 0.1732735287544684699 -1.543077955942610875e-17 3.835742475007995729e-16
2880 9.046576576305689343 1.587507187188216706 2.076028194511159771e-16 4.289493269705725413e-16 0.1734737966011174748 -2.804550107292908004e-17 3.002892893121000023e-16
2881 9.049471596238428006 1.588009977343361134 2.075313229271760692e-16 4.295091595542221524e-16 0.173686481269192311 -2.469813606937681344e-17 1.933915184278241729e-16
2882 9.052366410800104291 1.588513355538076377 2.075014063835739592e-16 4.297411026651140664e-16 0.1739019465706978518 -1.033526128404876667e-17 8.01293319838511736e-17
2883 9.055261020116686765 1.589017319700937403 2.075071128849709461e-16 4.296775649307584314e-16 0.1741167191936736358 1.971563405776032657e-18 -2.195192171640823271e-17
2884 9.058155424314024984 1.589521869017487932 2.074840252155688751e-16 4.293798047373421285e-16 0.1743312332759397454 -7.977221945014946082e-18 -1.028817204503065486e-16
2885 9.061049623517858365 1.590027005253356274 2.073428899292994064e-16 4.289218836257391549e-16 0.1745463802722020952 -4.876833534752685954e-17 -1.58231516183187162e-16
2886 9.063943617853809087 1.590532724693936029 2.070068326910406529e-16 4.28391376008686112e-16 0.1747602665040573489 -1.161305020257597835e-16 -1.833262578008289965e-16
2887 9.066837407447383868 1.591039002647185674 2.064628919388012489e-16 4.278827117074840731e-16 0.1749656420479160368 -1.879816064292866429e-16 -1.757903449585678221e-16
2888 9.069730992423975735 1.591545764874313651 2.057806698590982658e-16 4.275035566783996861e-16 0.1751453809047744115 -2.357871988375932838e-16 -1.310422293454902403e-16
2889 9.072624372908864032 1.592052767174447325 2.05085018822988251e-16 4.273524495555009746e-16 0.1752407317752468219 -2.404454508312269001e-16 -5.222880209070847421e-17
2890 9.075517549027210862 1.592559636229230469 2.04519824710763459e-16 4.275030866262049861e-16 0.1752070453357051361 -1.953679939810443664e-16 5.207000866795636991e-17
2891 9.078410520904066416 1.593066105401178101 2.041885660943820577e-16 4.279716507472902323e-16 0.1750811727435005738 -1.145126895175254423e-16 1.61977787334314287e-16
2892 9.081303288664365425 1.593572073440794323 2.041259912279209988e-16 4.287254242339140537e-16 0.1749202714613269649 -2.163301191183651918e-17 2.605901017000975482e-16
2893 9.08419585243292893 1.594077621276285939 2.042974825442477961e-16 4.297016233146014511e-16 0.1747873199402498468 5.929114016408308296e-17 3.375095471935708452e-16
2894 9.087088212334462511 1.594582946976570881 2.046012676968310315e-16 4.307914032047836059e-16 0.1747228270145521623 1.050376037364959481e-16 3.768053418397166714e-16
2895 9.089980368493558061 1.595088210879366919 2.049146878121382627e-16 4.318652179592612387e-16 0.174713760204821239 1.083766454839348185e-16 3.713113335031528692e-16
2896 9.09287232103469556 1.595593467439582192 2.051583339012221398e-16 4.32845315818817285e-16 0.174723515736814522 8.425561315248412444e-17 3.3892908528445805e-16
2897 9.095764070082239527 1.596098683641775873 2.053048720293693197e-16 4.336496011078680995e-16 0.1747218472122677446 5.067813012673504883e-17 2.781506427910449814e-16
2898 9.098655615760439019 1.59660371944660695 2.053959566184137293e-16 4.342251326436098069e-16 0.1746717369303038558 3.150252561062030613e-17 1.990533978869020865e-16
2899 9.10154695819343118 1.597108383735365678 2.055083459191171128e-16 4.34589688588804443e-16 0.1745555071308935169 3.887370637739443129e-17 1.260942161125262691e-16
2900 9.104438097505239469 1.597612502734606199 2.05728853068931269e-16 4.348096084384772317e-16 0.1743791437763388685 7.627533982866234974e-17 7.607218760479117049e-17
2901 9.107329033819773656 1.598115872980967023 2.061096032385265337e-16 4.349740430386054895e-16 0.174132363507323279 1.317140363713620964e-16 5.688334932332422454e-17
2902 9.110219767260829826 1.598618362008042082 2.066454209402380636e-16 4.351645052940683954e-16 0.1738397134457144722 1.853700095042317762e-16 6.589179490073491472e-17
2903 9.113110297952092154 1.599119980085275561 2.072798114157466253e-16 4.354255175594169795e-16 0.1735505679445991933 2.194873596469583427e-16 9.030541152262433353e-17
2904 9.116000626017129349 1.599620858205903495 2.079316778367256739e-16 4.357695121058250081e-16 0.1733066989084926235 2.25549515733558576e-16 1.190240835550136644e-16
2905 9.118890751579398213 1.600121202844353663 2.085111908082389211e-16 4.36180596438775017e-16 0.1731342346468840721 2.005288496778098166e-16 1.422474948089189083e-16
2906 9.121780674762243635 1.60062125241841402 2.089543989426159898e-16 4.366271985692599055e-16 0.1730442443241863859 1.533740266367053648e-16 1.545485331700260946e-16
2907 9.124670395688896818 1.601121244949563094 2.092577977270056211e-16 4.370816292775931782e-16 0.1730366081232137532 1.049997615741024911e-16 1.57268646026173672e-16
2908 9.127559914482475278 1.601621396774426387 2.094688044092908696e-16 4.375204865607909022e-16 0.1731038381522312097 7.302995763202606182e-17 1.518896389978171577e-16
2909 9.130449231265986398 1.602121889463881343 2.096832432241120849e-16 4.37931978468910851e-16 0.1732339167576173178 7.422301380024126994e-17 1.424283640092795757e-16
2910 9.133338346162322097 1.60262285861768583 2.099977557665635993e-16 4.38312274675669701e-16 0.1734109441593072731 1.088688126250442638e-16 1.316398899482017416e-16
2911 9.136227259294264158 1.603124385868372359 2.104716889140093472e-16 4.386733151406078314e-16 0.1736162480692708399 1.640638565154119e-16 1.249832204290891784e-16
2912 9.139115970784484233 1.603626512531155068 2.110820023176803211e-16 4.390342371149685125e-16 0.1738358765642468995 2.11290045659232441e-16 1.24950918631965722e-16
2913 9.142004480755536733 1.604129251735548989 2.117504552801554518e-16 4.393965767604075758e-16 0.1740600740729338347 2.314340539703258488e-16 1.254504621351849761e-16
2914 9.144892789329869487 1.604632602562735766 2.123657919838750628e-16 4.3974034822787319e-16 0.1742839773286602445 2.130588097370661248e-16 1.19030019235068283e-16
2915 9.147780896629816638 1.605136560542522073 2.128275327114538202e-16 4.400261048684828201e-16 0.1745063565078199541 1.598877193197975227e-16 9.894942078673794886e-17
2916 9.150668802777600419 1.605641120826921009 2.130826728424650198e-16 4.402136407075095194e-16 0.1747270804420382739 8.835394218215889509e-17 6.4942863409127191e-17
2917 9.153556507895332928 1.606146273220074194 2.13138748876294907e-16 4.40290711809504598e-16 0.1749442966904279362 1.942024314350320943e-17 2.669125182110928009e-17
2918 9.156444012105014352 1.606651989610089037 2.130437785877794981e-16 4.402925786416472731e-16 0.175151799390232038 -3.289238247072575932e-17 6.465659713713184337e-19
2919 9.159331315528532969 1.607158198715114672 2.128656155718535744e-16 4.402872663149009185e-16 0.175334633803290868 -6.170996697715598539e-17 -1.84001997488902174e-18
2920 9.162218418287668698 1.607664688228929384 2.126689260910721955e-16 4.40357700899081577e-16 0.1754439450473043172 -6.813167403543085832e-17 2.439798056894199671e-17
2921 9.165105320504089548 1.608171090184217444 2.125092988654219654e-16 4.40569719623868043e-16 0.1754257942815048987 -5.529744219236712219e-17 7.344670139959804642e-17
2922 9.167992022299353394 1.608677112854566049 2.12433333335768398e-16 4.409606468470245788e-16 0.1753065678738627009 -2.631750919600840376e-17 1.354328843267586777e-16
2923 9.170878523794907977 1.609182628110908286 2.124746851127150828e-16 4.415366527933419047e-16 0.1751429254224761145 1.432690921786348548e-17 1.995654240560903002e-16
2924 9.173764825112090904 1.609687691053411918 2.126406447079158902e-16 4.422654173076983149e-16 0.1749983444783216602 5.750303965375641811e-17 2.525082970742649295e-16
2925 9.176650926372129646 1.610192493102694966 2.128995440035637843e-16 4.430524753947070657e-16 0.1749200657286987537 8.971176300922441722e-17 2.727252246844643825e-16
2926 9.17953682769614332 1.610697205610523985 2.131719142411469654e-16 4.437717729533707741e-16 0.1749011483882238482 9.438614379695659584e-17 2.492626338591713981e-16
2927 9.182422529205139128 1.611201907918836884 2.13374824390501189e-16 4.443516570199793321e-16 0.1749097178558782772 7.032057589013153707e-17 2.009647208047437851e-16
2928 9.185308031020017694 1.61170656949743063 2.134591919123764704e-16 4.447463329131019507e-16 0.1749076999027784907 2.924044512922919826e-17 1.367884055400225141e-16
2929 9.18819333326156773 1.612211032763542384 2.134251024324255519e-16 4.449648027020408458e-16 0.174851054892051494 -1.181568992343419564e-17 7.572339875694903156e-17
2930 9.191078436050471367 1.6127150811397577 2.133129465143366359e-16 4.450648780842814528e-16 0.1747193220703232575 -3.887683583429626667e-17 3.468933492513068968e-17
2931 9.193963339507298826 1.613218505191590824 2.131949202365090988e-16 4.451351966774270729e-16 0.1745149620338951602 -4.091451594153002769e-17 2.437636137645231078e-17
2932 9.196848043752515522 1.613721080877331682 2.13126353615657816e-16 4.452465476276949042e-16 0.1742328957362366537 -2.377067025070696464e-17 3.860313791254911167e-17
2933 9.199732548906476737 1.614222698466423411 2.131134914019220264e-16 4.454195796725322269e-16 0.1739127392426111363 -4.45937876214647684e-18 5.999087262648897026e-17
2934 9.202616855089429393 1.614723410357602473 2.131175823570321658e-16 4.456258271103568161e-16 0.1736106994386693858 1.418447595421221395e-18 7.151170676982358227e-17
2935 9.205500962421512057 1.615223392003467096 2.131024275985441428e-16 4.45827671983376683e-16 0.1733694492429264378 -5.254937164610397247e-18 6.999003814919522421e-17
2936 9.208384871022756712 1.615722881810591982 2.130639036017175614e-16 4.460160179770747012e-16 0.173210832157203426 -1.335917861219411931e-17 6.531377785201496025e-17
2937 9.21126858101308521 1.616222130067419105 2.130516045148609343e-16 4.462313877369548852e-16 0.1731389859067768155 -4.265315695781258299e-18 7.469009918555911492e-17
2938 9.214152092512314596 1.616721368275648052 2.131421158498651087e-16 4.465442672927573411e-16 0.1731474127485304881 3.139143443363617049e-17 1.085139011721005278e-16
2939 9.217035405640151779 1.617220796364473356 2.133811269280215576e-16 4.47012805994014072e-16 0.1732251784257548555 8.290029653071257564e-17 1.625112842881580673e-16
2940 9.219918520516198868 1.617720579757446986 2.137654847175976765e-16 4.476236737479901732e-16 0.1733603282359968967 1.333225423208097531e-16 2.118922633822978947e-16
2941 9.222801437259949608 1.618220846849822037 2.142295318356971676e-16 4.482862548002951455e-16 0.1735400290784076816 1.609755100748145078e-16 2.298458899982364305e-16
2942 9.225684155990791169 1.618721679979679307 2.146868013243412685e-16 4.488818895470578249e-16 0.1737483120300830353 1.586352760198013285e-16 2.066367531755954026e-16
2943 9.228566676828004134 1.619223126966122361 2.1504097482591007e-16 4.493037423785039235e-16 0.1739732068629642747 1.228777947014387675e-16 1.463586219382570081e-16
2944 9.231448999890762508 1.619725207916714149 2.152222977051258792e-16 4.494979331968326728e-16 0.1742051020083204838 6.29129040506346351e-17 6.737764353768652083e-17
2945 9.234331125298133713 1.620227925145793835 2.152049907082974402e-16 4.494740924770871776e-16 0.1744378248144764498 -6.005353917053643701e-18 -8.272490087574584462e-18
2946 9.237213053169078592 1.620731272367240239 2.150039932594681342e-16 4.493042445279680664e-16 0.1746683909513902511 -6.974887210356643752e-17 -5.8939568383392283e-17
2947 9.240094783622451402 1.621235239434243747 2.146681114441975034e-16 4.490948735358309465e-16 0.174895460150260057 -1.16563578225726209e-16 -7.265958116996035601e-17
2948 9.242976316777003376 1.621739810478506127 2.142722253411371276e-16 4.489563571969757158e-16 0.1751170459641216981 -1.373967168637556986e-16 -4.807365058678801517e-17
2949 9.245857652751377387 1.622244954610037704 2.13900162100610477e-16 4.489724285547173183e-16 0.1753279334429531655 -1.291375569856228622e-16 5.578126646575095294e-18
2950 9.248738791664111503 1.62275060470935073 2.13632633171779823e-16 4.491761276242426748e-16 0.1755155447980503158 -9.286161667277580179e-17 7.070571767153415647e-17
2951 9.25161973363363721 1.623256582421957583 2.135168750175978717e-16 4.495497417798846003e-16 0.1756412619655516871 -4.018340685120408187e-17 1.296935816541498986e-16
2952 9.254500478778282968 1.623762525579528493 2.135550654117729081e-16 4.500380017814304243e-16 0.1756412601498293369 1.325802880846672421e-17 1.695024444327124198e-16
2953 9.257381027216270653 1.624268116339642187 2.137123995636200075e-16 4.505777196792279881e-16 0.175530902660619742 5.462324051739601631e-17 1.873791557448168821e-16
2954 9.260261379065719112 1.624773197273053471 2.139245621891399927e-16 4.511234631142225721e-16 0.1753658629350527132 7.366360407943624192e-17 1.894840254067628527e-16
2955 9.263141534444638836 1.625277795382765511 2.141334714913935391e-16 4.516502070342459851e-16 0.1752101696948029641 7.25389841820107773e-17 1.828997965642211575e-16
2956 9.266021493470937287 1.625782093188136823 2.143122471914524301e-16 4.521481847404767847e-16 0.1751178280596127623 6.208000901591614968e-17 1.729231684303339175e-16
2957 9.268901256262418897 1.626286271957714025 2.144226086821863514e-16 4.525392517860024777e-16 0.1750884166239016215 3.832572856064040194e-17 1.358076022365758453e-16
2958 9.271780822936783295 1.626790431416585303 2.144694078572615162e-16 4.527822154988661986e-16 0.1750936283669998206 1.625326516106135793e-17 8.438083883634639676e-17
2959 9.274660193611623527 1.62729454738053092 2.144899985070329472e-16 4.52853404324263751e-16 0.175090433969175896 7.151580314916270386e-18 2.472542673526358971e-17
2960 9.277539368404429609 1.627798452443740551 2.145458761217950243e-16 4.527738734478107097e-16 0.1750290843666525431 1.940883008022741781e-17 -2.762468072019153831e-17
2961 9.280418347432588533 1.628301911625693821 2.147090831756970183e-16 4.52620963276394409e-16 0.1748860943522189126 5.669306519927571183e-17 -5.311624779981905941e-17
2962 9.283297130813384257 1.628804689664933747 2.150469605570544673e-16 4.524819897147491243e-16 0.1746613497078044752 1.173760881697301493e-16 -4.827838122636431044e-17
2963 9.286175718663994161 1.629306545441517207 2.155830662017411232e-16 4.524185665187059678e-16 0.1743527984736497893 1.86251755564105656e-16 -2.203424217520753597e-17
2964 9.289054111101492595 1.629807380704393349 2.162877356820600089e-16 4.524201916360405505e-16 0.1740100619512590374 2.448301647557667373e-16 5.646303066532171902e-19
2965 9.291932308242852656 1.630307276546263395 2.170759353129567863e-16 4.524073174149085116e-16 0.1736954485976095475 2.738704286095417112e-16 -4.473319094838165233e-18
2966 9.294810310204942638 1.630806442449632909 2.178295815373248433e-16 4.522934695883188018e-16 0.1734535779455591287 2.618821382618387088e-16 -3.956062048713667888e-17
2967 9.297688117104527805 1.631305143602568952 2.184278408313684787e-16 4.520514037322978261e-16 0.1733038230840975025 2.079013097181753462e-16 -8.412039563088539733e-17
2968 9.300565729058270392 1.631803641733668764 2.187861486940250724e-16 4.517421596794552712e-16 0.1732450004772039254 1.245241295087178852e-16 -1.074727922531709834e-16
2969 9.30344314618272783 1.632302163834124409 2.188708638707793742e-16 4.514886820599593913e-16 0.1732650553674853489 2.944338832197464594e-17 -8.809802762253056156e-17
2970 9.306320368594358072 1.632800895499211036 2.18713041833095736e-16 4.514041968993995982e-16 0.1733496153424845809 -5.485593043359444931e-17 -2.936543057205348647e-17
2971 9.309197396409512493 1.633299986759327416 2.183799528255804421e-16 4.515481799634289442e-16 0.1734863309794715813 -1.157832132543075091e-16 5.004915032134036964e-17
2972 9.312074229744442988 1.633799559173333638 2.179507087303489248e-16 4.519007545459834013e-16 0.1736653153447374198 -1.492172287105549756e-16 1.225647660783208849e-16
2973 9.31495086871529665 1.634299696389037049 2.174931981789096953e-16 4.523895415280986383e-16 0.1738733971611512996 -1.590541781697789281e-16 1.699274727016936328e-16
2974 9.317827313438119319 1.634800454227235411 2.170551267413262729e-16 4.529399854620490679e-16 0.1741009075536610051 -1.523064224635961963e-16 1.913755135674912954e-16
2975 9.320703564028852028 1.635301862342347645 2.166412376351222145e-16 4.5351270897422982e-16 0.1743387524294259805 -1.439085412560368289e-16 1.991349952089002594e-16
2976 9.323579620603338114 1.63580392924295337 2.162479128168657235e-16 4.54101644518149582e-16 0.1745795809893706529 -1.367675938826058331e-16 2.047856976096709005e-16
2977 9.326455483277314329 1.636306649250138801 2.158628773196029142e-16 4.547139410931860162e-16 0.1748184601817295292 -1.338942389097322227e-16 2.129231836657929789e-16
2978 9.329331152166416175 1.636810008217403745 2.154583826570667667e-16 4.553536304521930479e-16 0.1750524448290749491 -1.406705436917008882e-16 2.224638747050923993e-16
2979 9.332206627386179676 1.637313984857954763 2.150113949482936558e-16 4.559794188130518497e-16 0.1752790505833179691 -1.554587552520668876e-16 2.176441940592961466e-16
2980 9.335081909052036053 1.637818545355453237 2.144948471048426618e-16 4.565261179073115197e-16 0.1754939179643888181 -1.796633016510161019e-16 1.901503714120800278e-16
2981 9.337956997279315274 1.638323626953606782 2.139066313182689093e-16 4.569299167250205093e-16 0.1756869781441463552 -2.046042746708590592e-16 1.404568971049464312e-16
2982 9.340831892183246055 1.638829082108876678 2.132690503006111619e-16 4.571407223323079298e-16 0.1758287324296521903 -2.217903230131370011e-16 7.333129820116650574e-17
2983 9.343706593878955857 1.639334552938924494 2.12628859204543132e-16 4.571577219100615475e-16 0.1758459966360817195 -2.227132301877522819e-16 5.913907420125287243e-18
2984 9.346581102481469117 1.639839699040594345 2.120547102737511319e-16 4.570452797346243944e-16 0.1757448268415186254 -1.997515255284467415e-16 -3.911963407529468241e-17
2985 9.349455418105709015 1.640344335817597754 2.116143960482331433e-16 4.568937723241391656e-16 0.1755794094421948282 -1.531995193543294701e-16 -5.271431427783100769e-17
2986 9.352329540866495705 1.640848463089648934 2.113579005319833451e-16 4.567810680447682155e-16 0.1754139001076061022 -8.924904753204293304e-17 -3.921608351566412443e-17
2987 9.355203470878551641 1.641352242480236034 2.1129486963664151e-16 4.567335961876241487e-16 0.1753046031462627274 -2.19334222485234876e-17 -1.651920509801504587e-17
2988 9.358077208256496249 1.641855873420202228 2.113848272536377176e-16 4.566967781691627943e-16 0.1752646869258202011 3.130545073440834226e-17 -1.281275228900120681e-17
2989 9.3609507531148477 1.642359486391627099 2.115696839531915746e-16 4.56601797134168749e-16 0.1752701694734821181 6.433485016768255831e-17 -3.305582470021919992e-17
2990 9.363824105568021139 1.642863077325269705 2.11797188241024428e-16 4.563781012671759467e-16 0.1752742294872475237 7.918259859547433884e-17 -7.785708222155752123e-17
2991 9.366697265730332234 1.643366478332080938 2.120309352092626561e-16 4.560013652157422805e-16 0.1752198455823779089 8.136079810306647095e-17 -1.311313085678277436e-16
2992 9.369570233715997176 1.643869434990460343 2.122743786671877453e-16 4.555227489872508565e-16 0.175076884462096849 8.47415407393705244e-17 -1.666040934963688318e-16
2993 9.37244300963912913 1.64437168075167639 2.125629358559205517e-16 4.550543634708830375e-16 0.1748411067022693222 1.004521334391810091e-16 -1.630537246283118913e-16
2994 9.375315593613740006 1.644872944399964787 2.129141440854364374e-16 4.547211299917405424e-16 0.1745108689400824697 1.222702933296969403e-16 -1.16012529940387777e-16
2995 9.37818798575374224 1.64537311893767213 2.133335710346638305e-16 4.545911483939344637e-16 0.1741433273120948921 1.460298335809186683e-16 -4.525505843428423029e-17
2996 9.381060186172945237 1.645872298090314212 2.137822356896853485e-16 4.546472889965319476e-16 0.1738083638657609009 1.5621980445485692e-16 1.954750360119948269e-17
2997 9.38393219498506248 1.646370718133247646 2.141907183334195208e-16 4.548137749866426122e-16 0.173555622670803239 1.422383802349961572e-16 5.797234699786282272e-17
2998 9.386804012303702649 1.646868672863274208 2.144924416726939976e-16 4.550073438337463188e-16 0.1734051511794985623 1.050705578366182365e-16 6.740740306628312939e-17
2999 9.389675638242374944 1.647366443168803762 2.14654703820060747e-16 4.551828231033505184e-16 0.1733524744140691742 5.650908549042690883e-17 6.111205360452827663e-17
3000 9.392547072914490869 1.647864260592741159 2.146990819798223438e-16 4.553547618991052465e-16 0.1733804258211526506 1.545607659886759718e-17 5.988304183358800067e-17
3001 9.39541831643335712 1.648362303029455411 2.146780018859731632e-16 4.555696646240865646e-16 0.1734703354909833128 -7.342287890814924893e-18 7.485154888882210587e-17
3002 9.398289368912184472 1.6488607079988713 2.146563402959153231e-16 4.558451536492334587e-16 0.1736081522589206505 -7.545327305506686515e-18 9.59604007949974663e-17
3003 9.401160230464080669 1.649359588611332805 2.146859515846444675e-16 4.561479835406474534e-16 0.173785382580515374 1.031511149552233737e-17 1.054909876664025994e-16
3004 9.404030901202055759 1.649859028164087249 2.147895331902578732e-16 4.564082332972772403e-16 0.1739916481994066011 3.608511617556786983e-17 9.066419319371107894e-17
3005 9.406901381239016757 1.650359088686811582 2.149584965439087383e-16 4.565481323053187274e-16 0.1742195453286653761 5.88663118013914693e-17 4.874038334427799859e-17
3006 9.409771670687774758 1.650859809324615179 2.151636331914939152e-16 4.565224507384763824e-16 0.1744611048147663157 7.147371902364231586e-17 -8.947972554789000675e-18
3007 9.412641769661039604 1.651361206486155364 2.153636494903845365e-16 4.563381058762991176e-16 0.1747084069947425489 6.9694309486754244e-17 -6.423370469372868204e-17
3008 9.415511678271421658 1.651863277766355553 2.155161097911322724e-16 4.560400746652431251e-16 0.174954897036874446 5.312726951619223394e-17 -1.03853818970275804e-16
3009 9.418381396631430036 1.652366007602899201 2.155881017778725021e-16 4.556751738436833681e-16 0.175195989598970675 2.508844003941313194e-17 -1.271640469524468538e-16
3010 9.421250924853477926 1.652869371048347746 2.155658093932350725e-16 4.55272747735331702e-16 0.1754284127539976479 -7.769172928239726556e-18 -1.402504970856470332e-16
3011 9.42412026304987549 1.653373332095514403 2.15461981550346358e-16 4.548344740419859386e-16 0.1756483100435712874 -3.618768799970347162e-17 -1.527539360542542721e-16
3012 9.426989411332836966 1.65387783214430284 2.153162067334252374e-16 4.543454262597172993e-16 0.1758478040086266236 -5.081105838721444423e-17 -1.704617844413654748e-16
3013 9.429858369814477115 1.65438274927154616 2.151953516518774475e-16 4.538110901427880376e-16 0.1760048173253382919 -4.212785703425942795e-17 -1.862597356598182906e-16
3014 9.432727138606811224 1.654887750516214284 2.151789590795838607e-16 4.532600758801941159e-16 0.1760457727774334957 -5.714526622859466961e-18 -1.920861239331660466e-16
3015 9.435595717821755102 1.655392472052869435 2.153366964989370816e-16 4.527716221544829298e-16 0.1759598871685666421 5.499162705755773229e-17 -1.702884783415612808e-16
3016 9.438464107571128636 1.65589669766220271 2.156891224008806089e-16 4.524316981343515787e-16 0.1757985983548387421 1.22873528116763916e-16 -1.185147386013081618e-16
3017 9.441332307966648685 1.656400394067093051 2.161966761102060818e-16 4.522893518858464603e-16 0.1756256785516462637 1.769706190797954117e-16 -4.963239014667324679e-17
3018 9.444200319119937959 1.656903695146489941 2.16779147380016401e-16 4.523465429475650422e-16 0.1754994122486384089 2.031057943009448235e-16 1.99423329858941993e-17
3019 9.447068141142519693 1.65740680755999481 2.173232203671342001e-16 4.524848562832962624e-16 0.1754451887413376043 1.897289459605685322e-16 4.823257912432330118e-17
3020 9.449935774145819423 1.657909894338729151 2.177328643732091792e-16 4.52540138098757485e-16 0.1754478071782732684 1.428603287297265293e-16 1.927912580788423613e-17
3021 9.452803218241163208 1.658412980721343688 2.179654723968920306e-16 4.523750836010057349e-16 0.1754592215269288602 8.112567576211042347e-17 -5.756533010204381173e-17
3022 9.455670473539781185 1.658915909099704766 2.180626347964062971e-16 4.519544251671305067e-16 0.175415658665432711 3.388913221372001373e-17 -1.467208442121717053e-16
3023 9.458537540152804013 1.65941841187498107 2.181215569655074396e-16 4.513681489949228853e-16 0.1752787417304387529 2.055272959317753869e-17 -2.044998651292833516e-16
3024 9.46140441819126643 1.659920192653890458 2.182356705196999994e-16 4.507716812310418178e-16 0.1750384078254467179 3.980673568361734104e-17 -2.080684874694656821e-16
3025 9.464271107766103697 1.660420946076516691 2.184606892316465723e-16 4.502828138923098943e-16 0.1746915085099592091 7.849942997247042843e-17 -1.705449608640777085e-16
3026 9.467137608988156927 1.660920542556856283 2.187931913078693507e-16 4.499419393248533117e-16 0.1742993468695555881 1.160034087490201255e-16 -1.189244056157887308e-16
3027 9.470003921968167759 1.661419075269257473 2.191719158683669369e-16 4.496572443734458424e-16 0.1739396358265292708 1.321381937290182162e-16 -9.933096652967446468e-17
3028 9.472870046816780132 1.661916800329223731 2.195099029520766448e-16 4.49268311503864718e-16 0.1736692362318090765 1.179324960813747392e-16 -1.357088076099228447e-16
3029 9.475735983644543836 1.662414041051287761 2.19729310886990221e-16 4.486485836785637756e-16 0.1735116147303688294 7.656216271566176313e-17 -2.162533575588514892e-16
3030 9.478601732561909188 1.662911103987346095 2.198062008799507824e-16 4.478075004615712225e-16 0.1734609438456860275 2.683243867867379906e-17 -2.935143179840528635e-16
3031 9.481467293679232355 1.663408232891473881 2.197496117254698545e-16 4.469032634843837574e-16 0.1734953285146370316 -1.974931223172428293e-17 -3.155738684868091924e-16
3032 9.484332667106770032 1.663905602663933836 2.196036328292775386e-16 4.46163137340929515e-16 0.1735907542688216176 -5.094918931647876553e-17 -2.583169758404441028e-16
3033 9.487197852954684762 1.664403338247901321 2.194097185500722518e-16 4.457762476210131394e-16 0.1737297960540959141 -6.768390539768650982e-17 -1.350401182907875992e-16
3034 9.49006285133304317 1.664901540175214967 2.192010593426878863e-16 4.457949966439037695e-16 0.1739039413244329868 -7.283524323847664019e-17 6.544593262107343614e-18
3035 9.492927662351812401 1.665400287283309355 2.189769305005844039e-16 4.461238953174279927e-16 0.1741056237408930008 -7.824023682432310416e-17 1.148139162556276064e-16
3036 9.495792286120867232 1.665899645182234767 2.18742440388421216e-16 4.465770297453832048e-16 0.1743302308904577658 -8.186255886391767352e-17 1.581932109612093886e-16
3037 9.498656722749986514 1.666399663202751569 2.185154863195015528e-16 4.469622289133307538e-16 0.1745720836324016478 -7.923683362291456722e-17 1.344851957386448003e-16
3038 9.501520972348849625 1.666900369142439109 2.183297717232805825e-16 4.471548668761138616e-16 0.1748236669189075498 -6.484306284037644646e-17 6.726038653056702078e-17
3039 9.504385035027043571 1.667401768371819193 2.182350628812212961e-16 4.471379184977105328e-16 0.1750771516163443231 -3.307016311358067946e-17 -5.917986389897454005e-18
3040 9.507248910894059435 1.667903847495453507 2.182734418367219459e-16 4.469803914854679261e-16 0.1753259850020990052 1.340192782323874263e-17 -5.500841856549861733e-17
3041 9.510112600059292376 1.668406579450574689 2.184675420902164178e-16 4.467839678258175103e-16 0.1755653932025032504 6.778420782353879753e-17 -6.859559391343361385e-17
3042 9.512976102632041631 1.668909925570044805 2.188154986291633424e-16 4.466272317382594693e-16 0.1757913215803112161 1.215222239090369662e-16 -5.47393590719610505e-17
3043 9.515839418721512288 1.669413829513229697 2.192934016164952004e-16 4.465533984152895799e-16 0.1759975946922948953 1.669162891146825436e-16 -2.578762763536459114e-17
3044 9.518702548436811739 1.669918189090403127 2.198541100904492999e-16 4.465538305477946064e-16 0.1761681940130170876 1.958503490265639381e-16 1.509399373719785787e-19
3045 9.521565491886956778 1.670422725640132278 2.204460270859294629e-16 4.466144623532942149e-16 0.1762414686018699828 2.067646449595071614e-16 2.117951306198585983e-17
3046 9.524428249180864725 1.670927051840615851 2.210219591071285805e-16 4.467488615676322992e-16 0.1761794404596043473 2.011939517327326827e-16 4.695052201845880123e-17
3047 9.527290820427360529 1.671430914099969689 2.21519495523529478e-16 4.469690162085126445e-16 0.1760288029631636719 1.738188129468809752e-16 7.691299989534513064e-17
3048 9.530153205735174993 1.671934236489331038 2.218697412726027053e-16 4.472688414032449872e-16 0.1758516110672912469 1.22369440632558921e-16 1.0475342374325243e-16
3049 9.533015405212942994 1.672437110197869226 2.220147767244974042e-16 4.476164665720903392e-16 0.1757062513896213984 5.067601494836056831e-17 1.214617393381984436e-16
3050 9.535877418969203489 1.672939737430684914 2.219126596208488268e-16 4.479245442383253708e-16 0.1756315221128329218 -3.568247237038992502e-17 1.076506522472035718e-16
3051 9.53873924711240484 1.673442314219035998 2.215699403186668512e-16 4.481176183937172902e-16 0.1756252795477835915 -1.197631379865418205e-16 6.746969478119083598e-17
3052 9.541600889750897707 1.673944904841064396 2.210479992215564988e-16 4.481621265227450893e-16 0.1756414929582341966 -1.824039476955196141e-16 1.555435753989785378e-17
3053 9.544462346992938606 1.674447375239597857 2.204538634945161371e-16 4.480901743744415044e-16 0.1756108495293920713 -2.076474157798377207e-16 -2.514690999894508454e-17
3054 9.547323618946693458 1.674949454434241147 2.199221618080084896e-16 4.479909067890121327e-16 0.1754854830994268533 -1.858390634725767982e-16 -3.469576188584567942e-17
3055 9.550184705720228706 1.67545082176852711 2.195655112711925814e-16 4.479611562369554698e-16 0.1752480115131339611 -1.246636809138891132e-16 -1.03990123265027758e-17
3056 9.553045607421521979 1.675951136603755609 2.194583708596673522e-16 4.48065114087887362e-16 0.1748914280011299449 -3.745229653187738386e-17 3.633979190944428302e-17
3057 9.555906324158453202 1.676450233825516722 2.196048725975033993e-16 4.483037302906216097e-16 0.1744770702220263259 5.121485932113412269e-17 8.341672553026981619e-17
3058 9.558766856038809934 1.676948191449431969 2.199316531103003948e-16 4.485799988181804437e-16 0.1740899272104752815 1.14245054105885265e-16 9.658566420795470902e-17
3059 9.561627203170285583 1.67744527508217578 2.203242781155251568e-16 4.487490332857287542e-16 0.1737955918406880185 1.372736711885484156e-16 5.909960295187943191e-17
3060 9.564487365660479412 1.677941834466378568 2.206914245772507795e-16 4.486774857429988839e-16 0.1736235005196598569 1.283738781627408267e-16 -2.501681615038278452e-17
3061 9.567347343616900091 1.678438205473278932 2.209994203741812784e-16 4.483313974264159174e-16 0.1735688264495071353 1.076986130967728884e-16 -1.210186375153374193e-16
3062 9.570207137146958587 1.678934651328761074 2.212878386428078173e-16 4.477939038566497664e-16 0.173606188415362156 1.008593298396552926e-16 -1.879604974327514917e-16
3063 9.573066746357977053 1.679431350881829932 2.216342907199813732e-16 4.472455323889151079e-16 0.1737060958784985842 1.21161449336903556e-16 -1.917768320160704286e-16
3064 9.575926171357179939 1.679928420274442447 2.221155069282207166e-16 4.468845021448038935e-16 0.1738466295599626898 1.683020864599160964e-16 -1.262678652935674552e-16
3065 9.578785412251701104 1.680425946887322608 2.227533065831319834e-16 4.468439084188678112e-16 0.1740177376054748704 2.230804345333378819e-16 -1.41982924440721538e-17
3066 9.581644469148580257 1.680924002974878428 2.234922019349082732e-16 4.471480792527827948e-16 0.1742141348980814908 2.584568640082910422e-16 1.06395363927345161e-16
3067 9.584503342154764738 1.681422654518861526 2.242288028532665721e-16 4.477202212605722798e-16 0.1744336320596670264 2.576708627860010741e-16 2.001413806431408248e-16
3068 9.587362031377107741 1.681921959292290936 2.248481509674456854e-16 4.484286180759439193e-16 0.1746733618399383403 2.166685019048544429e-16 2.478206895716028e-16
3069 9.590220536922371863 1.682421956954588849 2.252810294193024742e-16 4.491490578955847371e-16 0.1749269909746955232 1.514449581485590807e-16 2.520499180914447546e-16
3070 9.593078858897225558 1.682922662912653244 2.255465107372889007e-16 4.498058992963063472e-16 0.1751860366927862622 9.288609245596275718e-17 2.298144047915518645e-16
3071 9.595936997408244906 1.683424068823869524 2.257302373217020313e-16 4.503810703277762799e-16 0.1754421900472756535 6.428602778365587359e-17 2.012526441263012296e-16
3072 9.598794952561911842 1.683926147809587714 2.259402694099976958e-16 4.508835598492015387e-16 0.1756889642740616098 7.349504979620904118e-17 1.758326201434226642e-16
3073 9.601652724464619482 1.684428859505521681 2.26267600031285893e-16 4.51342603181915504e-16 0.175921638310846562 1.145478405059570949e-16 1.606400961025516077e-16
3074 9.604510313222665019 1.684932149077461361 2.267478830836596191e-16 4.517637818118107406e-16 0.1761351454184929 1.680836043271658449e-16 1.473989594854159527e-16
3075 9.607367718942255053 1.685435929477116623 2.273485584545759293e-16 4.521413402841190447e-16 0.17631820728282524 2.102304985096328745e-16 1.321417685709811231e-16
3076 9.610224941729503811 1.68593999330266886 2.280079481926651417e-16 4.524780003800201071e-16 0.1764286927888202572 2.307947200972112183e-16 1.178352772467133492e-16
3077 9.613081981690433153 1.686443967244596998 2.286702948577592303e-16 4.5280931511928354e-16 0.1764085144950315043 2.318445093073172264e-16 1.159717519524416558e-16
3078 9.615938838930972565 1.686947551856069927 2.292894700932693137e-16 4.531834503204973929e-16 0.1762835035154074748 2.167468530987103193e-16 1.309687837074830185e-16
3079 9.618795513556960941 1.687450610666998863 2.298477969599944672e-16 4.536279402540223952e-16 0.176110694618218433 1.954589208793010688e-16 1.556069176074147926e-16
3080 9.621652005674146579 1.687953174391695343 2.303385454624344312e-16 4.5413570862619282e-16 0.1759486102739494517 1.718120762704955393e-16 1.777707682312614248e-16
3081 9.624508315388181856 1.688455408245517875 2.307553790563640134e-16 4.546509611840717649e-16 0.1758443446640819696 1.45943626859580529e-16 1.804025110755115352e-16
3082 9.627364442804630329 1.688957531478183505 2.310848612740537124e-16 4.55090084786915801e-16 0.1758168288338911311 1.153671348043994361e-16 1.537577118435221578e-16
3083 9.630220388028964962 1.68945965357684047 2.312940323738861591e-16 4.553797183929914003e-16 0.1758276420218309044 7.324525520989086365e-17 1.014207383876825409e-16
3084 9.633076151166564571 1.689961681818048511 2.3135046842309517e-16 4.555113768141985742e-16 0.1758059791528654159 1.976341981645842042e-17 4.610564855544054129e-17
3085 9.635931732322719157 1.690463361100968953 2.312443464054482885e-16 4.555430924395896611e-16 0.1756949672330696544 -3.716538642902213441e-17 1.110724710700645717e-17
3086 9.638787131602624569 1.690964364233030093 2.309931798127486311e-16 4.555632848915117574e-16 0.1754693400846671081 -8.796758633226159513e-17 7.072123878515052492e-18
3087 9.64164234911138962 1.691464321918439317 2.306487013511506029e-16 4.556326930194507841e-16 0.1751143288439611645 -1.206564402636362519e-16 2.431077288151448582e-17
3088 9.644497384954028973 1.691963021352116847 2.302799401187524856e-16 4.557719690614642247e-16 0.1746847245128158865 -1.291698966197969944e-16 4.878569211709415093e-17
3089 9.647352239235468474 1.692460505139980365 2.299516012313206385e-16 4.559410717360047533e-16 0.1742699841095530222 -1.150180449920612986e-16 5.923714726791778534e-17
3090 9.650206912060541597 1.692957030203492641 2.296969150319557479e-16 4.56037432937294176e-16 0.1739451906339350429 -8.922296728988626328e-17 3.375774711037212429e-17
3091 9.653061403533991225 1.693452963592100069 2.295065774947023365e-16 4.559661795345645612e-16 0.1737489443181766124 -6.668425018682963073e-17 -2.496344022755687488e-17
3092 9.655915713760471419 1.693948672357423968 2.293418514879732112e-16 4.556912725697492894e-16 0.1736812704408477737 -5.771498130494612976e-17 -9.631903698730956609e-17
3093 9.658769842844543874 1.694444448868821063 2.291606193151161854e-16 4.552689448962352017e-16 0.1737160254435164419 -6.350226771030038991e-17 -1.479801547494574434e-16
3094 9.661623790890679686 1.694940487379692495 2.28937202714456905e-16 4.548303369363376584e-16 0.1738188476152745243 -7.828830869704026185e-17 -1.536943774997640708e-16
3095 9.664477558003261137 1.69543690282934878 2.286766719815766446e-16 4.545280033298985113e-16 0.1739619553675368357 -9.129940608532571293e-17 -1.059486472185785292e-16
3096 9.667331144286579914 1.69593376983611388 2.284098102290861758e-16 4.544779271109522606e-16 0.1741312255200093695 -9.352394780270137952e-17 -1.754963250889058695e-17
3097 9.670184549844838884 1.696431150348531647 2.281744772080051578e-16 4.5470692303907225e-16 0.1743222225188558738 -8.247965942109893428e-17 8.025863125111810827e-17
3098 9.673037774782146769 1.696929104337741245 2.280108705330891477e-16 4.55165423321050369e-16 0.1745342573892097182 -5.734459433833287939e-17 1.607056233344253154e-16
3099 9.675890819202527027 1.697427693565816131 2.279569461376535045e-16 4.557439028266710218e-16 0.174767961874121025 -1.890184575781847384e-17 2.027714970370491542e-16
3100 9.678743683209912518 1.697926969102669048 2.280326790283042016e-16 4.563262980291546205e-16 0.1750195919590462612 2.654794525506395717e-17 2.041569497678535249e-16
3101 9.681596366908145512 1.698426959722066032 2.282497184645661753e-16 4.568298775468598094e-16 0.1752813346778965831 7.608735162195216038e-17 1.76539492053394285e-16
3102 9.684448870400977682 1.698927667265317965 2.285984798528163386e-16 4.572286529790705761e-16 0.1755437496375758799 1.222727371443438487e-16 1.398072299429857719e-16
3103 9.687301193792073661 1.699429069503475054 2.290495840728742313e-16 4.575501002589930849e-16 0.1757983975838256496 1.581632330181569748e-16 1.127037584151008872e-16
3104 9.690153337185007487 1.699931126433873674 2.295623594759794675e-16 4.578585443558081726e-16 0.1760390449264909452 1.797973232891689276e-16 1.081514882653663798e-16
3105 9.693005300683266157 1.700433783720899816 2.300966286585623903e-16 4.582079870363645277e-16 0.1762606630356086113 1.873456185599109262e-16 1.225347769893328344e-16
3106 9.695857084390244296 1.700936963777711419 2.306045097320370816e-16 4.586239001053373199e-16 0.1764550945565416529 1.781036462600211063e-16 1.458523224826211669e-16
3107 9.69870868840924949 1.701440517581155554 2.310481165001355868e-16 4.590880008925098291e-16 0.1765972814833015603 1.555737415902437928e-16 1.627610332567579322e-16
3108 9.701560112843502282 1.701944087769568181 2.31411538801644521e-16 4.595685283743363115e-16 0.176614144620648561 1.274609188431178676e-16 1.685325146769117019e-16
3109 9.704411357796130844 1.702447337278947925 2.316971652059221955e-16 4.600223271868533842e-16 0.1765127796289846229 1.001823342393806667e-16 1.591681428332705795e-16
3110 9.70726242337017986 1.702950079010543627 2.319129603744103118e-16 4.603965884689870081e-16 0.1763457672353410388 7.569406349445848027e-17 1.312789227479987703e-16
3111 9.710113309668599868 1.703452292996624706 2.320766791258547729e-16 4.606661083889505514e-16 0.176171722994919705 5.743092651324313972e-17 9.454493502251019805e-17
3112 9.712964016794257915 1.703954103540724629 2.322046561090747879e-16 4.608558708419212797e-16 0.1760412577245896448 4.489588620793256341e-17 6.657098238099878984e-17
3113 9.715814544849930456 1.704455740936207775 2.323126256254918477e-16 4.609788671757424278e-16 0.1759915645170653242 3.787940110820663593e-17 4.315132287573216106e-17
3114 9.718664893938306903 1.704957367677312652 2.323810400120151419e-16 4.609819064058012124e-16 0.1759988708522615408 2.40036142244445508e-17 1.066332822357068658e-18
3115 9.721515064161989628 1.70545894643108964 2.323825051145020106e-16 4.608136118944259247e-16 0.1759930724538290581 5.140725881742757199e-19 -5.905088266003491214e-17
3116 9.724365055623492182 1.705960250660413235 2.323076419454810761e-16 4.604735757284682912e-16 0.1759077750706891374 -2.62695040793516185e-17 -1.193187727099186068e-16
3117 9.727214868425241079 1.706460959947383671 2.321657857976960522e-16 4.600066179917581113e-16 0.1757100189142428714 -4.978047553545009316e-17 -1.638658496748370531e-16
3118 9.730064502669574011 1.706960677894866052 2.319927895621442233e-16 4.595011021159258817e-16 0.1753731183974760466 -6.071202655936874918e-17 -1.774078677597173137e-16
3119 9.732913958458743409 1.707459123969809589 2.318374717558635618e-16 4.590545472149704583e-16 0.1749377117917032265 -5.451129620054526026e-17 -1.567256650007049224e-16
3120 9.735763235894914658 1.707956278066045996 2.317310248477572246e-16 4.58740206132697959e-16 0.1744951873947094001 -3.736160139928856112e-17 -1.103299891768942109e-16
3121 9.738612335080164328 1.708452364367785581 2.316742898657347817e-16 4.585602758334501342e-16 0.1741312923086188735 -1.991455056113326026e-17 -6.315734867832006399e-17
3122 9.741461256116483725 1.708947753706505202 2.316378875056392105e-16 4.584334116345645771e-16 0.1738975192151015481 -1.277839392054213898e-17 -4.453339573362894298e-17
3123 9.744309999105777109 1.709442843803168133 2.315869998790193352e-16 4.582328159285100316e-16 0.1738033322044519047 -1.786430214242539783e-17 -7.041991422001622933e-17
3124 9.747158564149861704 1.709937966043912683 2.315041743933844553e-16 4.578649265706559929e-16 0.1738254688965788219 -2.907802900436093261e-17 -1.291570744931218099e-16
3125 9.750006951350467688 1.710433344382341625 2.314143145974069665e-16 4.573309641737611908e-16 0.1739262317604736707 -3.154957431261852401e-17 -1.874730087880281423e-16
3126 9.752855160809241752 1.7109291049064832 2.313696255425374794e-16 4.567332777933898247e-16 0.1740712729827615379 -1.569120631982567229e-17 -2.098594462636249328e-16
3127 9.755703192627739995 1.71142531506360962 2.314356168885475226e-16 4.562465127140621449e-16 0.1742400096325885106 2.317230431365188393e-17 -1.709234502614886494e-16
3128 9.758551046907436799 1.711922026858903711 2.316544786137259151e-16 4.560086470588326305e-16 0.1744270234315965229 7.685623660974967954e-17 -8.352972208709881218e-17
3129 9.761398723749715955 1.712419289498695152 2.32025300877174331e-16 4.560545807542377497e-16 0.1746313348658942166 1.302273319611368416e-16 1.613123911197484303e-17
3130 9.764246223255879542 1.712917163286956423 2.325027699347448595e-16 4.563116034437933062e-16 0.1748568447225652411 1.676905569803162516e-16 9.026821169828826655e-17
3131 9.767093545527142595 1.713415707531435572 2.330186617224864961e-16 4.566487605127336166e-16 0.175103207038676989 1.811961676798872711e-16 1.184193473317373283e-16
3132 9.769940690664633109 1.713914964612997416 2.335094783303486951e-16 4.569595504181484593e-16 0.1753644801032188671 1.723997564431313382e-16 1.091652220813631822e-16
3133 9.772787658769393815 1.714414949531480881 2.339333301240874544e-16 4.572160348547682287e-16 0.1756310484686092188 1.488875607597262851e-16 9.009597860683491865e-17
3134 9.775634449942383952 1.714915648640536805 2.342937830811886533e-16 4.574638208580411913e-16 0.1758928498505789306 1.266251461504458868e-16 8.704586343471424593e-17
3135 9.778481064284475721 1.715417025318086708 2.346351216134190913e-16 4.577922796428470448e-16 0.1761418115893063352 1.199177985823090626e-16 1.153929330555154078e-16
3136 9.78132750189645428 1.715919026478240239 2.350131045828177929e-16 4.582547977057059586e-16 0.1763721469070676229 1.327998281652650775e-16 1.625002294910227391e-16
3137 9.784173762879023073 1.716421580549569059 2.354721276297791262e-16 4.588378680991346969e-16 0.1765773572396870383 1.612823000920589926e-16 2.04867565561901046e-16
3138 9.787019847332800282 1.716924572000329663 2.360253173662573765e-16 4.594874983241044048e-16 0.1767419910449998244 1.943807500167038124e-16 2.28268172809989197e-16
3139 9.789865755358315269 1.717427720854751483 2.366634025107021925e-16 4.60135320170658789e-16 0.1768082545618462897 2.242253354243520935e-16 2.276468463550794647e-16
3140 9.792711487056017461 1.717930655045093236 2.373417674814776489e-16 4.607314546215433187e-16 0.176743766059006685 2.383945693091577049e-16 2.094966895276369498e-16
3141 9.795557042526267466 1.718433131576476924 2.380109258760545661e-16 4.612601383574253424e-16 0.1765938635235124454 2.351737023063409166e-16 1.858043066098576329e-16
3142 9.798402421869342405 1.718935068810867994 2.386401849285074439e-16 4.617257591396121742e-16 0.1764152429993247617 2.21164880869390723e-16 1.636511456152176294e-16
3143 9.801247625185435908 1.719436535233126895 2.392240938418813143e-16 4.621527064220327466e-16 0.1762606659461632974 2.052384154847010361e-16 1.500678988323549827e-16
3144 9.804092652574654565 1.71993774527619192 2.398114981477382966e-16 4.626067867011892157e-16 0.1761814393745405882 2.064797733657233664e-16 1.596147528971305031e-16
3145 9.806937504137023254 1.720438906311225757 2.404146002956685242e-16 4.630154198037196865e-16 0.1761750948164714781 2.120108521374808564e-16 1.436483895412688749e-16
3146 9.809782179972481586 1.720940041584326563 2.410151121028760431e-16 4.632946791177105763e-16 0.1761769155863340819 2.111132934474481686e-16 9.817517789808133085e-17
3147 9.812626680180882133 1.721440967514212605 2.415714597324227021e-16 4.634084830908577523e-16 0.1761141873893186105 1.955991990789626983e-16 4.001089394005914376e-17
3148 9.815471004861997528 1.721941377406071449 2.420380006836090615e-16 4.634028301843943429e-16 0.1759436116934389727 1.640353264195436153e-16 -1.987556193287315321e-18
3149 9.818315154115513366 1.722440857999637531 2.42388421441356276e-16 4.633829616836651472e-16 0.1756276979491465107 1.232151795074436705e-16 -6.986175418473788728e-18
3150 9.821159128041031749 1.722939068940579688 2.426221178847424513e-16 4.634544933778284871e-16 0.1751920561258420161 8.21775618750692535e-17 2.515357160753540085e-17
3151 9.824002926738071295 1.723435924811013376 2.427700033569070097e-16 4.636695956674237291e-16 0.1747263161081043792 5.200599468546514549e-17 7.564372866238053063e-17
3152 9.826846550306065353 1.723931606742510558 2.428719414688611118e-16 4.640150405867629258e-16 0.1743242140030697163 3.585016946185797355e-17 1.214880152344193763e-16
3153 9.829689998844363785 1.724426478689794262 2.429606855044163811e-16 4.643749886864221295e-16 0.1740500618420141865 3.121192252114622247e-17 1.265963636643243712e-16
3154 9.832533272452234741 1.724920963483032921 2.430541569685948618e-16 4.645790182564406223e-16 0.1739245914718787478 3.287661510285609443e-17 7.176309585017003233e-17
3155 9.835376371228859327 1.725415433130984777 2.431560125704332182e-16 4.644808388219166552e-16 0.1739299538839833847 3.582776051867845261e-17 -3.453466676841566097e-17
3156 9.83821929527333694 1.725910148181436288 2.432490877860039618e-16 4.640495327328539922e-16 0.1740269643454233905 3.274126632449626134e-17 -1.517214592820046014e-16
3157 9.841062044684683485 1.726405253675849849 2.433128205761141797e-16 4.633944090201650568e-16 0.1741750053424403477 2.242079553386312857e-17 -2.304684101571650206e-16
3158 9.843904619561831382 1.726900815476049678 2.433313151202699424e-16 4.627262644393639593e-16 0.1743462296559486757 6.506663833774849322e-18 -2.350634945647133361e-16
3159 9.846747020003627782 1.727396871139414536 2.433057118209511324e-16 4.622744172210283231e-16 0.1745306829936186244 -9.008185264318154599e-18 -1.589765210822389732e-16
3160 9.849589246108839902 1.727893455509711185 2.432576777044809377e-16 4.621891489391731619e-16 0.1747274129684344979 -1.690121036240005477e-17 -3.00023665422763795e-17
3161 9.852431297976147917 1.728390620498738928 2.43229797510310212e-16 4.624864785207117504e-16 0.1749424277227330238 -9.810483363160920883e-18 1.046243399597662396e-16
3162 9.85527317570415029 1.728888428976337543 2.432658255720230785e-16 4.630739351221909357e-16 0.1751795867524071626 1.267833162021335529e-17 2.067269026403985789e-16
3163 9.858114879391361995 1.729386936381138939 2.434043592164494351e-16 4.638107139641732772e-16 0.1754362788931234096 4.875319171907549938e-17 2.592895053505930667e-16
3164 9.860956409136216294 1.729886174171749058 2.436618476359846434e-16 4.645786811662560927e-16 0.175704068068830016 9.062167096296524474e-17 2.702819459730447122e-16
3165 9.863797765037062959 1.730386142422028595 2.44026168068230259e-16 4.653121162993009227e-16 0.1759719099253313768 1.282284670101102731e-16 2.581443543586125929e-16
3166 9.866638947192168274 1.730886812276681841 2.444687986671165796e-16 4.659909473505937204e-16 0.1762296217428133693 1.558005186223220664e-16 2.389401684258886702e-16
3167 9.869479955699715035 1.73138813349127485 2.449491678490225031e-16 4.665974032331735408e-16 0.1764696724690540397 1.690943645064087016e-16 2.134780413246473708e-16
3168 9.8723207906578061 1.731890037734152621 2.454194505979067719e-16 4.670956819753176917e-16 0.1766856915906235004 1.655539555779358443e-16 1.754094041043789327e-16
3169 9.875161452164459064 1.732392429385543053 2.458315549489712594e-16 4.67447405225046936e-16 0.176868067847161109 1.450822284217243851e-16 1.238249310560208863e-16
3170 9.878001940317609808 1.732895118318005023 2.461615686250236303e-16 4.676262242672979618e-16 0.1769835214061690476 1.161891156303749848e-16 6.29574708101295847e-17
3171 9.880842255215110725 1.733397747331125949 2.463990107036055529e-16 4.676432789727655865e-16 0.1769732144381616634 8.360219325303007112e-17 6.00487828820142571e-18
3172 9.883682396954732496 1.73390001461933152 2.465525696597683479e-16 4.675467517220361902e-16 0.1768566293857567751 5.407065129797397454e-17 -3.398884340819051134e-17
3173 9.886522365634165865 1.734401763649890293 2.466338353822812314e-16 4.673951841211338533e-16 0.1766849029251175429 2.861674944809935514e-17 -5.337271269304868213e-17
3174 9.889362161351016312 1.734902991377177184 2.46666007335422367e-16 4.672453771675830802e-16 0.176512076936872403 1.132965707781484831e-17 -5.275593322411675972e-17
3175 9.892201784202807602 1.735403855290384101 2.466939852503360286e-16 4.671694724001112301e-16 0.1763946885344442883 9.853286405568845501e-18 -2.673220701957694367e-17
3176 9.895041234286981791 1.735904589399217546 2.467070662424752088e-16 4.671080987248173497e-16 0.1763596985553814445 4.607155354060899503e-18 -2.161594883016077532e-17
3177 9.89788051170089922 1.736405290211671115 2.466540002166188815e-16 4.669020606459642524e-16 0.1763586906808559396 -1.86911117515489984e-17 -7.257149362085503012e-17
3178 9.900719616541836743 1.736905845562481732 2.464834851412823527e-16 4.664364685994617594e-16 0.1763181669821147213 -6.006309887102631821e-17 -1.640025145427878978e-16
3179 9.903558548906993053 1.737405982673339011 2.461863853987525455e-16 4.657181167662018288e-16 0.176181541672348424 -1.046582817652387046e-16 -2.530512747393124407e-16
3180 9.906397308893481579 1.737905291991531431 2.458070641188062593e-16 4.648829041624572481e-16 0.1759006133009432815 -1.336302835729385056e-16 -2.94235264359222377e-16
3181 9.909235896598335813 1.73840337593407579 2.454274805394555156e-16 4.641249102899876744e-16 0.1754795726717701398 -1.337308003896268415e-16 -2.670482412046692833e-16
3182 9.912074312118505759 1.738900067370062752 2.451329546417243856e-16 4.635964910297272768e-16 0.1749995896491660652 -1.037704850730544555e-16 -1.861782728839166283e-16
3183 9.91491255555086326 1.739395477928499023 2.449913174182873445e-16 4.633605463583221393e-16 0.1745588751648148862 -4.990615154160771817e-17 -8.313556451361756928e-17
3184 9.917750626992194896 1.739889939400279806 2.450366595130862991e-16 4.633542377811048168e-16 0.17423501557727894 1.597734311866810976e-17 -2.222974109140682732e-18
3185 9.920588526539209084 1.740383885471831205 2.452703167668949767e-16 4.634118905249151711e-16 0.1740639395972586323 8.233955983428847944e-17 2.031651691185187267e-17
3186 9.923426254288530757 1.740877729257200635 2.456745559129615689e-16 4.63342068497485894e-16 0.1740384249633868119 1.424603212073219278e-16 -2.460639587163221238e-17
3187 9.926263810336704907 1.741371780383598189 2.462134142444601236e-16 4.630217864148618238e-16 0.1741220254911797771 1.899137541037255041e-16 -1.128793397591904393e-16
3188 9.929101194780194817 1.741866220280749333 2.468353992385048507e-16 4.624599929907763287e-16 0.1742695766747365815 2.192239385105127957e-16 -1.980089041319812781e-16
3189 9.931938407715382056 1.742361127861008052 2.474613823177367244e-16 4.617896652822133292e-16 0.1744449547931781197 2.206464283711820889e-16 -2.362770171266519637e-16
3190 9.934775449238568257 1.742856531983662416 2.480061595086477912e-16 4.612092638594691319e-16 0.1746305211147133052 1.920345842713284416e-16 -2.045921668283753048e-16
3191 9.937612319445975118 1.743352452127075125 2.483865626174466537e-16 4.608704320380141161e-16 0.1748229704848394406 1.341006255648948492e-16 -1.194458146303744527e-16
3192 9.940449018433742623 1.743848923924252059 2.485423877489668739e-16 4.608216425177565311e-16 0.1750279993527786571 5.493516685933977371e-17 -1.720043750446247132e-17
3193 9.943285546297929045 1.744346005225280827 2.484609191858260081e-16 4.610052663123595879e-16 0.1752534429438574737 -2.872295971016980239e-17 6.473931355695061811e-17
3194 9.946121903134512721 1.744843759166794017 2.481788920586582316e-16 4.613056924134637162e-16 0.175501168896153581 -9.943887200147511133e-17 1.059260962362093707e-16
3195 9.94895808903939205 1.745342233270107624 2.477677193954605841e-16 4.616116722958583929e-16 0.1757656751416402929 -1.449825382428113252e-16 1.078907815899555852e-16
3196 9.951794104108385497 1.745841445158424987 2.473118429356654772e-16 4.618688887379763319e-16 0.1760364217596452063 -1.607551074500173455e-16 9.070189061565321059e-17
3197 9.95462994843723159 1.746341379341515676 2.468957501672317125e-16 4.620844111585775303e-16 0.1763017324063048952 -1.467350671304401571e-16 7.600395693988048631e-17
3198 9.957465622121585369 1.746841992864084148 2.465792781605791426e-16 4.623149688148811521e-16 0.1765519199437434739 -1.116105296083315037e-16 8.131102146280562975e-17
3199 9.96030112525702549 1.747343221394328072 2.463950680738615207e-16 4.626034512384511088e-16 0.1767794422932096599 -6.496947885006487965e-17 1.017455289811204119e-16
3200 9.963136457939048896 1.747844980449740682 2.463534360709624188e-16 4.629815365819954655e-16 0.1769771879235267076 -1.468416906726241512e-17 1.333558013030248913e-16
3201 9.965971620263072595 1.748347139199971201 2.464487073432431591e-16 4.634416962341880555e-16 0.1771288029600798508 3.360548115077943492e-17 1.623142648136600988e-16
3202 9.968806612324435434 1.748849381653387436 2.466522692171281367e-16 4.639402056592855354e-16 0.1771689623558427018 7.180764136146299697e-17 1.75852114787132493e-16
3203 9.971641434218394551 1.749351360557659385 2.469204405660144508e-16 4.644246181329033192e-16 0.1770866179836369791 9.460468718953979027e-17 1.708895850643307961e-16
3204 9.974476086040127143 1.74985285720690853 2.472020328072519869e-16 4.648426111522063919e-16 0.1769270987582381438 9.934522663229639018e-17 1.474671711510219423e-16
3205 9.977310567884734027 1.750353806400098078 2.4745503251468143e-16 4.651686723013687347e-16 0.1767445502886157149 8.926318301473569859e-17 1.150406707082600967e-16
3206 9.980144879847232531 1.750854301945727665 2.476784599280936962e-16 4.654472784024253183e-16 0.1765950734532214794 7.883422905065458186e-17 9.830350201957246781e-17
3207 9.982979022022565374 1.751354582804380167 2.478371450673537047e-16 4.6568860110748965e-16 0.1765298928090229258 5.599388851176858066e-17 8.515351031448371129e-17
3208 9.985812994505591789 1.751854819303576782 2.478794459306649126e-16 4.657834557354431069e-16 0.1765248040912872907 1.492724265600723444e-17 3.347255676770916087e-17
3209 9.988646797391094623 1.752354980389667416 2.477733116955767684e-16 4.656336010352774628e-16 0.1765087499136042404 -3.745517530135482739e-17 -5.288429374155484902e-17
3210 9.991480430773776789 1.7528548414056071 2.475299798538118515e-16 4.652224107407304841e-16 0.1764134008551699329 -8.587786679342726289e-17 -1.45119295057057134e-16
3211 9.994313894748263039 1.753354028732276859 2.471984518259512284e-16 4.646142026924453817e-16 0.1761861671395997808 -1.170114892895933137e-16 -2.146645940827663618e-16
3212 9.997147189409098189 1.75385208893703104 2.468634011230760382e-16 4.639645961755235535e-16 0.175798853602364219 -1.182618665412197691e-16 -2.292897121219658999e-16
3213 9.999980314850750673 1.754348756106313356 2.466114863106103591e-16 4.634390317325512149e-16 0.175317623617056273 -8.892294278125626256e-17 -1.855180187019193882e-16
3214 10.00281327116760721 1.754844047138921059 2.464794313277750958e-16 4.631454440684372867e-16 0.1748422957807380385 -4.661662507120551638e-17 -1.036391491611036188e-16
3215 10.00564605845397992 1.7553382347307247 2.464570113539111852e-16 4.631143769801362717e-16 0.1744631753101542893 -7.91492926075495916e-18 -1.096762234125465339e-17
3216 10.00847867680409919 1.755831743697661373 2.4650154777776318e-16 4.63300010449336407e-16 0.1742339856507530704 1.572364263719624513e-17 6.553813887046972548e-17
3217 10.01131112631211906 1.756325021233662298 2.465563335270723223e-16 4.635791880440001364e-16 0.1741626546944739506 1.934333279487682389e-17 9.856988707016858878e-17
3218 10.01414340707211537 1.756818432086847626 2.466016386538915519e-16 4.638092792823710341e-16 0.1742200996017468362 1.599693978347426965e-17 8.124369013709124677e-17
3219 10.01697551917808404 1.757312208770483775 2.466670551446966247e-16 4.639027163656092504e-16 0.1743596493501415046 2.309950383744543967e-17 3.299397806664218368e-17
3220 10.0198074627239464 1.757806459621661155 2.46818415202661497e-16 4.638731343602815414e-16 0.1745374675899148409 5.345059325344775847e-17 -1.044645301840729005e-17
3221 10.0226392378035456 1.758301215119683292 2.47117317271099781e-16 4.638337996507637747e-16 0.1747260651635376139 1.055591751809751777e-16 -1.389130397918605963e-17
3222 10.02547084451064485 1.758796484137367999 2.475819843658067723e-16 4.639470660634861758e-16 0.1749178130581807156 1.641099061399421058e-16 4.000313465794920818e-17
3223 10.028302282938931 1.759292281695409299 2.481640243137587445e-16 4.643320193510090881e-16 0.1751148832411313638 2.055755537197975644e-16 1.359648689359487696e-16
3224 10.03113355318201272 1.759788652453927682 2.487585839952289809e-16 4.650123467715114168e-16 0.1753277458643066888 2.100099712665221394e-16 2.403047944290795749e-16
3225 10.0339646553334223 1.760285659698808791 2.49243725236243531e-16 4.659158485675342478e-16 0.1755629830953363002 1.713714324535988075e-16 3.191532360453202546e-16
3226 10.03679558948661565 1.760783363309714078 2.495207560590483507e-16 4.669102901534123196e-16 0.1758193956123223212 9.786425246729698249e-17 3.512976694760145604e-16
3227 10.03962635573496875 1.761281799537673498 2.495696567994216459e-16 4.678821488443823063e-16 0.1760886395882521327 1.727576039655813956e-17 3.433403616457528871e-16
3228 10.04245695417178474 1.761780970781518851 2.494294882089079157e-16 4.687806149739529811e-16 0.176358757196474758 -4.952200016681696324e-17 3.17430885588644804e-16
3229 10.04528738489028505 1.762280846637975351 2.491816415231146288e-16 4.69639732271526677e-16 0.1766181587973973954 -8.757019316588175577e-17 3.035467973270502898e-16
3230 10.04811764798361651 1.762781369821428745 2.489077416081117877e-16 4.705263902032857426e-16 0.1768573437270840321 -9.678115423196241543e-17 3.132961105288165495e-16
3231 10.05094774354484954 1.763282463607952266 2.486797796971175162e-16 4.71501289848086624e-16 0.17706943953997617 -8.05539579651736988e-17 3.444962566993017047e-16
3232 10.05377767166697645 1.763784026450730735 2.485507445151052268e-16 4.72570375401297326e-16 0.1772456693312246812 -4.559932525373860375e-17 3.778006827648807773e-16
3233 10.05660743244291488 1.764285838924340766 2.485503561166909387e-16 4.736593693886938409e-16 0.1773443675227411309 -1.372629712325088271e-19 3.848588069992692819e-16
3234 10.05943702596550438 1.764787538733130434 2.48683746419405213e-16 4.746409723645140072e-16 0.1773150259455346656 4.714393861086356691e-17 3.469264968341443401e-16
3235 10.06226645232750805 1.765288841580366919 2.489464592443391725e-16 4.753947886067014893e-16 0.177185190583524721 9.285569035020186269e-17 2.664358985257479422e-16
3236 10.06509571162161443 1.765789606124978484 2.493288230883919882e-16 4.758566445545503807e-16 0.1770053742256968987 1.351542477102395778e-16 1.632523423773120256e-16
3237 10.06792480394043388 1.766289854323765507 2.498399491019057148e-16 4.760649097738648296e-16 0.1768332923904841203 1.806785032214616972e-16 7.361990410182567132e-17
3238 10.07075372937650037 1.766789774616171149 2.504768278885759301e-16 4.761147993387850558e-16 0.1767278000732164789 2.251442651785400954e-16 1.763655764507256101e-17
3239 10.07358248802227507 1.767289580991903364 2.511754680112837763e-16 4.760280372369392686e-16 0.176697941924700952 2.469921910212270795e-16 -3.06732478367205151e-17
3240 10.07641107997013918 1.767789331088631011 2.518319021107460965e-16 4.757610614946805631e-16 0.1766884524971420733 2.320846478266041603e-16 -9.439023836683812747e-17
3241 10.07923950531239932 1.768288879988818785 2.523709710296350286e-16 4.752748251392586499e-16 0.1766277170551891762 1.906009850947281934e-16 -1.719207416433981351e-16
3242 10.08206776414128747 1.768787907331040632 2.52773216119858043e-16 4.7458456877880839e-16 0.1764536904339910339 1.422319472772217264e-16 -2.440713601075688676e-16
3243 10.08489585654895926 1.769285950214256609 2.530891053322582539e-16 4.737863766813249004e-16 0.1761159483610634235 1.117034899879525e-16 -2.822535226582572891e-16
3244 10.08772378262749392 1.769782655725821829 2.534158612492510157e-16 4.730475433903837677e-16 0.1756533579311898297 1.155529236283337265e-16 -2.61278656031446306e-16
3245 10.09055154246889607 1.770277933621903221 2.538400397884011688e-16 4.725371812376107399e-16 0.1751587919959691209 1.500139640714771111e-16 -1.804934540133173029e-16
3246 10.09337913616509397 1.770771970437532206 2.543957343463854818e-16 4.723624812643136789e-16 0.1747301356690020291 1.965371454827887471e-16 -6.178760179382729959e-17
3247 10.09620656380794124 1.771265151377570124 2.55062335184075733e-16 4.725363137686738719e-16 0.1744376699561567823 2.357761370675838858e-16 6.148440574548179986e-17
3248 10.09903382548921691 1.771757936243985032 2.557685396906401884e-16 4.729676060022653414e-16 0.1743078053551841977 2.497985755259285332e-16 1.525566384596623783e-16
3249 10.10186092130062185 1.772250739172919864 2.564112725038406945e-16 4.734661076273617814e-16 0.1743244166475909351 2.273607077855535285e-16 1.763402769959813565e-16
3250 10.10468785133378589 1.772743852922692875 2.568968238495637356e-16 4.73821449298467783e-16 0.1744445908226429642 1.717693044800051327e-16 1.257061528842964772e-16
3251 10.10751461568026244 1.773237432689411808 2.571651337756016271e-16 4.738956706976991134e-16 0.1746196790393076403 9.492324509015317358e-17 2.625820138006411736e-17
3252 10.11034121443152856 1.773731529151945541 2.572209864565787455e-16 4.736880205100682645e-16 0.1748127124453361381 1.976083497721059451e-17 -7.346721802737806522e-17
3253 10.11316764767898668 1.774226146313026442 2.5713451266352527e-16 4.733397290087166621e-16 0.1750071790647080017 -3.0596460810706821e-17 -1.232337208246897384e-16
3254 10.11599391551396465 1.774721281804370943 2.570122283245532152e-16 4.730578702079734435e-16 0.175200824787836329 -4.326960482748527393e-17 -9.973410354775499277e-17
3255 10.11882001802771747 1.775216960020773449 2.569514594425197367e-16 4.730208829098021781e-16 0.1754031199702705268 -2.150397405626137113e-17 -1.308850638141836404e-17
3256 10.12164595531142375 1.775713234919280348 2.570099600702407336e-16 4.733034847557770287e-16 0.1756245277688518458 2.070252827333578698e-17 1.000087167319252406e-16
3257 10.12447172745618929 1.776210171349170697 2.571802844610151923e-16 4.73853758167738228e-16 0.1758689063471041425 6.02788657220235533e-17 1.947451974387780199e-16
3258 10.12729733455304348 1.776707821512555796 2.574070818998474507e-16 4.745322280434763874e-16 0.1761317835384728359 8.026971624357696885e-17 2.40128745217418396e-16
3259 10.13012277669294114 1.777206207797035642 2.576178280091597005e-16 4.751969801097363324e-16 0.1764026097888725941 7.459307136499573934e-17 2.352873724709162791e-16
3260 10.13294805396676601 1.777705317183734923 2.577536762576333891e-16 4.757671485495485297e-16 0.1766688537019861505 4.808596066281463518e-17 2.01821499180384879e-16
3261 10.13577316646532367 1.778205103956545186 2.577892513084610822e-16 4.762415069471896956e-16 0.1769189399991636102 1.259317097861971439e-17 1.67917578967715766e-16
3262 10.13859811427934865 1.77870549953508128 2.577445854545806885e-16 4.766989346705624463e-16 0.1771447716647460979 -1.581213509121141573e-17 1.619337441930717806e-16
3263 10.1414228974994991 1.779206418252348376 2.576598350330319826e-16 4.772320958451137714e-16 0.1773402952677071431 -3.000419881195666981e-17 1.887550951101703716e-16
3264 10.14424751621636211 1.779707724445831252 2.575667266030742818e-16 4.778784518065381833e-16 0.1774878045495887624 -3.29651040284289646e-17 2.288427752183664413e-16
3265 10.1470719705204484 1.780209081274863214 2.574675875058898932e-16 4.785905900881659e-16 0.1775160597078501989 -3.510230812882084482e-17 2.521477207475975451e-16
3266 10.14989626050219584 1.780710147925091524 2.57341131893108943e-16 4.792825298366701046e-16 0.177423632877846682 -4.477690584109264302e-17 2.45010247351793513e-16
3267 10.15272038625196771 1.781210710406800013 2.571629822602129849e-16 4.798681078024849584e-16 0.1772554132021494089 -6.308500525847906908e-17 2.07360455658404806e-16
3268 10.15554434786005444 1.781710711845346573 2.569398464330993178e-16 4.803281103625134385e-16 0.1770670271225490422 -7.901976775585115149e-17 1.629021028614706218e-16
3269 10.15836814541667543 1.782210279707607814 2.566970260414710322e-16 4.807037722505544042e-16 0.1769237563589581563 -8.599571560303860488e-17 1.330420096526439555e-16
3270 10.1611917790119719 1.782709643652618636 2.564426268920115904e-16 4.810496638078941651e-16 0.1768618026106461294 -9.010160346084967338e-17 1.225058495915077572e-16
3271 10.16401524873601403 1.783208953447629197 2.561544183955686649e-16 4.813686939566518851e-16 0.176852882800876271 -1.020819217907757107e-16 1.129987876704845596e-16
3272 10.16683855467880093 1.783708158061657167 2.558231131214682847e-16 4.816650896273027559e-16 0.1768258803718134042 -1.173533759873079453e-16 1.049878625486791731e-16
3273 10.16966169693025357 1.78420702326988434 2.554646303287527713e-16 4.81944671908385821e-16 0.1767158983764946512 -1.269874261072836125e-16 9.9038043056410502e-17
3274 10.17248467558022362 1.784705111809216316 2.551194856495026468e-16 4.822230904293735495e-16 0.1764509948172903742 -1.222696713544997857e-16 9.863151051361423202e-17
3275 10.17530749071848817 1.785201982073006288 2.548438828659871917e-16 4.825285076152691897e-16 0.1760296039809868818 -9.76396705011457861e-17 1.082022213849092737e-16
3276 10.17813014243475145 1.785697414842861708 2.546819381321903931e-16 4.828792803253501011e-16 0.1755304902874139095 -5.737658114766401501e-17 1.242778223934104137e-16
3277 10.18095263081864488 1.786191479410210503 2.546463079360801198e-16 4.832726527112112728e-16 0.1750558644562575372 -1.262441225911204392e-17 1.39378833478560774e-16
3278 10.18377495595972704 1.786684490877683329 2.547134379311619598e-16 4.836876781244401065e-16 0.1746928311031643588 2.378672640800798711e-17 1.470593874587750947e-16
3279 10.18659711794748191 1.787176899340978009 2.548330833708817598e-16 4.840776813267361413e-16 0.1744892455962532007 4.239740798940312492e-17 1.382010457200828509e-16
3280 10.18941911687132418 1.787669160919464817 2.549336279490360164e-16 4.84373412713116884e-16 0.1744472702653623308 3.563090837377111572e-17 1.04801055659281286e-16
3281 10.19224095282059395 1.78816163629747904 2.549453030169738204e-16 4.844966247908045405e-16 0.1745331109771854072 4.137640213137333624e-18 4.366631955389762922e-17
3282 10.19506262588455847 1.788654545251771477 2.548280951860605745e-16 4.844128410719628675e-16 0.1746968493817986912 -4.154081317677218397e-17 -2.969463545683551218e-17
3283 10.19788413615241218 1.789147978511237636 2.545870321633671704e-16 4.84182289518195602e-16 0.174892759158983585 -8.544251195321132387e-17 -8.171682105572451813e-17
3284 10.20070548371327668 1.789641947945005862 2.54267440121418074e-16 4.839531811631583696e-16 0.1750928931499742824 -1.132829106969140464e-16 -8.120997370683175341e-17
3285 10.20352666865620428 1.790136440599507939 2.539505761526289358e-16 4.839223659067343265e-16 0.1752884528863766223 -1.123223861038276076e-16 -1.092343551453921992e-17
3286 10.20634769107017092 1.79063145578998939 2.537161846099106544e-16 4.84261857337802176e-16 0.1754837868804174639 -8.309222892522269963e-17 1.203503308237810293e-16
3287 10.20916855104408327 1.791127028042347691 2.536053321197390131e-16 4.850440891594494199e-16 0.175691378037776097 -3.929967157059102838e-17 2.773185666392835293e-16
3288 10.21198924866677338 1.791623216932715978 2.536186275855008548e-16 4.862193276444734289e-16 0.1759201098361958537 4.713809282207707809e-18 4.166721330976273497e-16
3289 10.21480978402700224 1.792120084434525751 2.537230939043520688e-16 4.876369591906260752e-16 0.1761708359005441649 3.703989222165351207e-17 5.026397049013749064e-16
3290 10.2176301572134598 1.792617672588725064 2.53868427540468918e-16 4.891039774924688175e-16 0.1764364922787599876 5.153289271492213922e-17 5.201803159931163665e-16
3291 10.22045036831476139 1.793115990293708162 2.540090318717648189e-16 4.904638560919527847e-16 0.1767053290504423113 4.985882375662564313e-17 4.822180568491851473e-16
3292 10.22327041741945308 1.79361500981863986 2.541026713172295263e-16 4.916390072694921011e-16 0.1769643571350724143 3.320680542793513502e-17 4.16736945710075297e-16
3293 10.2260903046160081 1.794114674887611116 2.541362156838487424e-16 4.926682121888999846e-16 0.1772034514704732 1.189632398068435348e-17 3.65001828855004566e-16
3294 10.22891002999282684 1.794614911292464532 2.541133531220607429e-16 4.936474159933757738e-16 0.1774162486692887342 -8.10854609549144802e-18 3.472891296739861992e-16
3295 10.23172959363823864 1.795115617851014589 2.540542915349912595e-16 4.946613610503527026e-16 0.1775931769035142826 -2.094826740636811868e-17 3.596312466838051241e-16
3296 10.2345489956405018 1.79561657182537493 2.539930058534951514e-16 4.957315583907371504e-16 0.1776911135195594904 -2.173836628754221839e-17 3.796048476138417107e-16
3297 10.23736823608780355 1.796117407990552639 2.539848764313776573e-16 4.9680771781765121e-16 0.1776595010819160547 -2.883715629765687255e-18 3.817414958488619552e-16
3298 10.24018731506825652 1.796617836634884835 2.54098314954948336e-16 4.97826684540124908e-16 0.1775251053950028524 4.024187280407994242e-17 3.614744616438101319e-16
3299 10.24300623266990407 1.797117711629617531 2.543960132764856303e-16 4.987388354717841881e-16 0.1773388472125656812 1.056133587693579969e-16 3.236004929408788614e-16
3300 10.2458249889807167 1.797617076985418505 2.54915705244751731e-16 4.995712829794620813e-16 0.1771681765873668879 1.843797879352552757e-16 2.953412873494718771e-16
3301 10.24864358408859566 1.798116118206786407 2.556368333786040657e-16 5.003822534003402103e-16 0.1770632992106584702 2.558612817264102055e-16 2.877379505631171079e-16
3302 10.25146201808136937 1.798615031724057678 2.564485920178466005e-16 5.011899412546831474e-16 0.1770281031653071491 2.88034072356068901e-16 2.86589647011338784e-16
3303 10.25428029104679517 1.799113865422820702 2.571884234746490693e-16 5.019641534039345279e-16 0.1770098896717514081 2.625273410137111457e-16 2.747272436913224871e-16
3304 10.25709840307255938 1.799612471897927612 2.57722835453746982e-16 5.026601222436148266e-16 0.1769393592612560906 1.896455779938457042e-16 2.469768980285140167e-16
3305 10.25991635424627546 1.800110486990986525 2.580014850813116706e-16 5.03238634554984254e-16 0.1767395798603864365 9.888940875574904428e-17 2.053070765937229776e-16
3306 10.26273414465548939 1.80073639707126909 2.580760769060881811e-16 5.037934126478400523e-16 0.1763152691330429067 2.10120879578429764e-17 1.562777974542928563e-16
3307 10.26628409290081301 1.801359932349734239 2.581497353260307023e-16 5.04263102375684758e-16 0.1756821775533065344 2.075339127962189733e-17 1.323359190923090735e-16
3308 10.26983331620365014 1.801981277786556479 2.584792326538516918e-16 5.047694554471715387e-16 0.1751009121061580798 9.28554057354476591e-17 1.426949960694159782e-16
3309 10.27338181534822148 1.802601171297496752 2.591299953224358343e-16 5.053752843262689075e-16 0.1747273648130276691 1.834283537311560903e-16 1.707630128467535611e-16
3310 10.27692959111650772 1.803220540205338729 2.599717121045588187e-16 5.060622823225200684e-16 0.1746150615254587202 2.373003000901234887e-16 1.936813357344904224e-16
3311 10.28047664428838814 1.803840147663227977 2.607366065186792621e-16 5.067145670578789318e-16 0.1747178692962372271 2.156861099234931835e-16 1.839322585376926818e-16
3312 10.28402297564181467 1.804460416906967346 2.611637834703024603e-16 5.072009377548510477e-16 0.1749400496131783278 1.204805136879632325e-16 1.371754519791025451e-16
3313 10.2875685859529522 1.805081469036613706 2.611287989000660793e-16 5.074836190850787807e-16 0.1751964439126581785 -9.869014217403124167e-18 7.974332822047354999e-17
3314 10.29111347599624438 1.805703284898497074 2.607227760776664006e-16 5.076546144684006706e-16 0.1754474998952544884 -1.145607461261753589e-16 4.824693986833014538e-17
3315 10.29465764654444015 1.806325844391792446 2.60171911577996232e-16 5.07859140412238386e-16 0.1756929469303546432 -1.554598529918255794e-16 5.771940864054080352e-17
3316 10.29820109836861697 1.806949208139041252 2.597326424207101109e-16 5.081924797378892571e-16 0.1759555671372737828 -1.239915764067271192e-16 9.409098676801767806e-17
3317 10.30174383223825707 1.807573494375197987 2.595724171138702909e-16 5.086358507177763291e-16 0.1762516362878416565 -4.523561608389875129e-17 1.25174729413754426e-16
3318 10.30528584892136479 1.808198809412369101 2.597209788399951051e-16 5.091109652403351792e-16 0.1765778077781229582 4.195118038025423347e-17 1.34163862773092098e-16
3319 10.30882714918462817 1.808825189349002827 2.600859705929348628e-16 5.095473412146591815e-16 0.1769142686352175031 1.030879906151744728e-16 1.232496953245624589e-16
3320 10.31236773379357885 1.80945258295026945 2.605494793000723727e-16 5.099525332297903804e-16 0.1772363536063551182 1.309394819328825785e-16 1.144652338297411512e-16
3321 10.31590760351274483 1.810080875863143923 2.610423252472259737e-16 5.103954663139047331e-16 0.1775262195620990746 1.392552359446379474e-16 1.251521930782982234e-16
3322 10.31944675910578546 1.810709894900137673 2.615032315031943435e-16 5.109103061081936707e-16 0.1777672196236026458 1.302568266012981514e-16 1.454989966912908423e-16
3323 10.32298520133560515 1.811339236953278364 2.618724397079294344e-16 5.114346013729326023e-16 0.1778943331360395841 1.043630360341037875e-16 1.482010554064536094e-16
3324 10.32652293096445995 1.811968212220756769 2.620881454641000086e-16 5.119056383992426285e-16 0.1778264359684375573 6.098520533480864766e-17 1.331734965250565831e-16
3325 10.33005994875404276 1.81259634544339221 2.621227058199289727e-16 5.123625284305779383e-16 0.1776240789833818945 9.77300857881936245e-18 1.291997749651337779e-16
3326 10.33359625546555627 1.813223596791027292 2.620726466413349658e-16 5.129546887574314905e-16 0.1774103369551148501 -1.415862361323899962e-17 1.674852728728996274e-16
3327 10.33713185185977146 1.813850277151048296 2.620401712589629221e-16 5.137644573634301087e-16 0.1772844192382275197 -9.187106650630096454e-18 2.290790747407317283e-16
3328 10.34066673869705788 1.814476692525593737 2.62047605922126753e-16 5.146601877232202536e-16 0.1772449965440978936 2.103647037301828986e-18 2.534480010817962887e-16
3329 10.3442009167373925 1.815102769686498307 2.620476021282178189e-16 5.153504494054325777e-16 0.1771847957902542015 -1.073706284487972204e-21 1.953495237358996991e-16
3330 10.34773438674034729 1.815727944131219518 2.61986113958448707e-16 5.156182392047638228e-16 0.1769647421695160761 -1.740512300453424563e-17 7.580180731061050962e-17
3331 10.35126714946503945 1.816351306162793167 2.618701230711518427e-16 5.154990892125332693e-16 0.1764870079605984077 -3.283947948841507688e-17 -3.373388907600638116e-17
3332 10.35479920567006396 1.816972339559788319 2.617570402049445623e-16 5.152480934589314169e-16 0.1758628623695377979 -3.202255568281315946e-17 -7.107642179082648704e-17
3333 10.35833055611340114 1.817591194789208497 2.616921064185517521e-16 5.15150525916630244e-16 0.1752810470861588532 -1.839147756877054614e-17 -2.763447760179737202e-17
3334 10.36186120155229951 1.818208574575052028 2.616449853850659216e-16 5.153509206182736929e-16 0.174898037237093934 -1.334895708966601326e-17 5.676998307007579276e-17
3335 10.36539114274315843 1.818825390234951156 2.615539440779581829e-16 5.158163326253888864e-16 0.1747730565750413856 -2.579630925778485316e-17 1.318732391838939291e-16
3336 10.36892038044138609 1.819442413690993021 2.613170306528532156e-16 5.163743063821848474e-16 0.1748667543492536114 -6.714215043887029059e-17 1.581318488099020841e-16
3337 10.37244891540126446 1.820060091416250359 2.608344472868698778e-16 5.167867078304239188e-16 0.1750870094231384566 -1.367931445353000129e-16 1.168993688802073119e-16
3338 10.37597674837580897 1.820678563734954958 2.600931213231385802e-16 5.168831444213560853e-16 0.1753470990451317935 -2.10178132886143209e-16 2.73413634698645644e-17
3339 10.3795038801166406 1.821297813692266399 2.592120415573665396e-16 5.166788658553754415e-16 0.1756024468200879374 -2.498502597965471122e-16 -5.792784576819761094e-17
3340 10.38303031137386512 1.82191780596175068 2.584593098122477411e-16 5.163893339388483872e-16 0.1758478391208195823 -2.13496614928594516e-16 -8.211967210518882442e-17
3341 10.38655604289598067 1.822538578983625923 2.581113336039507099e-16 5.1628449217953281e-16 0.176104196462942203 -9.871574374356953319e-17 -2.974206856517401995e-17
3342 10.39008107542980852 1.823160235860029621 2.583289715265814243e-16 5.165302964436070551e-16 0.17638987256584715 6.175291691520847206e-17 6.974487770008720724e-17
3343 10.39360540972043978 1.823782882365100777 2.590830708789803265e-16 5.170948189390562423e-16 0.1767056430733012495 2.140116581744435315e-16 1.602101831058710703e-16
3344 10.39712904651121761 1.824406566384992656 2.601928994566538231e-16 5.177995535631948131e-16 0.1770350940221144809 3.150290857714934228e-16 2.000416179760642414e-16
3345 10.40065198654374079 1.825031256775780264 2.614688771026299969e-16 5.184794876540750755e-16 0.177355795986757464 3.62262705494912399e-16 1.930400302052999379e-16
3346 10.40417423055788149 1.825656858353144063 2.627929703737539983e-16 5.190848865326060209e-16 0.1776495583696403868 3.759974293009338155e-16 1.719126794112356134e-16
3347 10.4076957792918332 1.826283212788176957 2.640848530210575746e-16 5.196724416183164704e-16 0.177898430657155826 3.669230753294080925e-16 1.668785624021456745e-16
3348 10.41121663348216586 1.826909987269262459 2.652643194779042491e-16 5.203226113172299464e-16 0.1780528195070666952 3.350604316114056651e-16 1.846988853935037651e-16
3349 10.41473679386390394 1.827536511148106335 2.66230078083142424e-16 5.211018664355024033e-16 0.1780166781630229678 2.744047667091332299e-16 2.21412802098416621e-16
3350 10.41825626117061354 1.828162251414020778 2.669071880602767196e-16 5.220485299265196194e-16 0.1778290093385195281 1.924277579789023316e-16 2.690321207610795594e-16
3351 10.42177503613450718 1.828787105825641746 2.673180334270111399e-16 5.232003104623547737e-16 0.177612168073702309 1.167810212612995548e-16 3.273886433546154484e-16
3352 10.42529311948655391 1.829411330446275574 2.675025639520107019e-16 5.245032329054567095e-16 0.1774680039116469099 5.24623073969645571e-17 3.704228215065339149e-16
3353 10.42881051195660369 1.830035232524928723 2.675059055997264544e-16 5.258389142379003917e-16 0.1774111148542544814 9.50221945062094724e-19 3.798107465684850547e-16
3354 10.43232721427351173 1.830658806428719254 2.672592661779080846e-16 5.269014791982602231e-16 0.1773525646777666942 -7.014747369034833736e-17 3.022073561947017545e-16
3355 10.43584322716525392 1.831281560780814166 2.667266759832445197e-16 5.27490669259485812e-16 0.1771541734882820518 -1.515052852319637915e-16 1.676061804671692198e-16
3356 10.43935855135904767 1.831902605187860855 2.659860870312993518e-16 5.276486904750073129e-16 0.1767023292732657902 -2.107156772654203667e-16 4.496090221633831925e-17
3357 10.44287318758145133 1.832521375505608452 2.652143323772107761e-16 5.27611198869869968e-16 0.1760897274829279768 -2.196260273388920285e-16 -1.066936525909973707e-17
3358 10.4463871365584442 1.833137942384597041 2.645934647108775907e-16 5.276310150748719436e-16 0.1754969594573814184 -1.767211171732424102e-16 5.640399840391898935e-18
3359 10.4499003990154975 1.833752944754813319 2.642204816459651757e-16 5.278086232522120479e-16 0.1750858214284373437 -1.061850318985416437e-16 5.056350207408565277e-17
3360 10.45341297567760996 1.83436727520929721 2.640623120700199973e-16 5.280840210039208162e-16 0.17492864982864062 -4.503828544085644662e-17 7.841863694144629555e-17
3361 10.45692486726932913 1.834981730370295994 2.640222486477571562e-16 5.283850179615954535e-16 0.1749982607265775092 -1.141015595565833908e-17 8.572463447362160991e-17
3362 10.46043607451474777 1.835596802411859851 2.639834782659560499e-16 5.286700343516143798e-16 0.1752080622907995489 -1.104404526724274351e-17 8.118913890047482439e-17
3363 10.46394659813747374 1.836212668963167705 2.638062697938313723e-16 5.288928769185251798e-16 0.1754685183439903817 -5.048903528807458277e-17 6.34907918879267951e-17
3364 10.46745643886058552 1.836829324727567547 2.634045912467886086e-16 5.290170898004806066e-16 0.1757275302101332648 -1.144657734269581421e-16 3.539677114272451424e-17
3365 10.47096559740655941 1.837446722279406863 2.628065748737801352e-16 5.290783365872849884e-16 0.175973089146825884 -1.704489889944962194e-16 1.745680111976584457e-17
3366 10.47447407449719137 1.838064875082368266 2.621785627788048071e-16 5.292032158986518184e-16 0.1762225454880838871 -1.790332251891139042e-16 3.560050204809662751e-17
3367 10.4779818708534922 1.838683868210179595 2.61726289255805082e-16 5.295321715197072556e-16 0.1764963198913687414 -1.289588022988225697e-16 9.37966092275591208e-17
3368 10.48148898719559163 1.839303805782475765 2.615493448711721113e-16 5.30107802061564964e-16 0.1767998580844523937 -5.04627296198139467e-17 1.641639459479110102e-16
3369 10.48499542424261755 1.839924749888248501 2.616060196777756641e-16 5.308505032414953753e-16 0.1771211882082019129 1.616620400092454256e-17 2.118517822296090062e-16
3370 10.48850118271259113 1.8405466937114765 2.617915587418659323e-16 5.316361643425434985e-16 0.1774406618502180621 5.293432156037857078e-17 2.241492246621100141e-16
3371 10.49200626332231678 1.841169565449937817 2.619654845570963811e-16 5.323479916213662593e-16 0.1777397336489115465 4.963064811722790719e-17 2.03123665964594035e-16
3372 10.49551066678728262 1.841793227736713279 2.620314995429706894e-16 5.329105089592542523e-16 0.177999678819886431 1.88413609931094952e-17 1.605482768444350224e-16
3373 10.49901439382156987 1.842417417106489541 2.61966039365845287e-16 5.33329798856599235e-16 0.1781844778830736775 -1.868661667115462625e-17 1.196927648204470474e-16
3374 10.5025174451377783 1.843041479589656362 2.618168205587706039e-16 5.336674240916750075e-16 0.1781825903541502942 -4.260501839365853821e-17 9.639890327877960694e-17
3375 10.50601982144697111 1.843664826738587781 2.616470243177992668e-16 5.340050804482461217e-16 0.1780126198220680911 -4.848963172937814282e-17 9.642635365514809129e-17
3376 10.50952152345862878 1.844287284213127931 2.615156183066152629e-16 5.344358783047966012e-16 0.1777927510177425285 -3.753354595980449287e-17 1.230489458018768048e-16
3377 10.51302255188063661 1.844909060813245461 2.613875489685946791e-16 5.349316019253541793e-16 0.1776324128372938904 -3.658752278353171731e-17 1.416209339550929404e-16
3378 10.51652290741927942 1.845530464930999592 2.611963040382038326e-16 5.353744460794894394e-16 0.1775600972528879051 -5.464635246069863075e-17 1.265383489255479612e-16
3379 10.52002259077926816 1.846151593241309063 2.609272330104858813e-16 5.356091435822668689e-16 0.1775153474210677262 -7.68991465587894281e-17 6.70753659958630788e-17
3380 10.52352160266377901 1.846772046719228344 2.606773397497750104e-16 5.356085108480908621e-16 0.1773564836247719101 -7.143193096415773648e-17 -1.808669183438408434e-19
3381 10.52701994377451022 1.847390974341378556 2.605988340460264615e-16 5.354824832601265706e-16 0.1769542119766577826 -2.244513646722319221e-17 -3.603185852018250967e-17
3382 10.5305176148117603 1.848007730156936423 2.608281072634103452e-16 5.354261948071726152e-16 0.1763670352598136482 6.556279907615918898e-17 -1.609620422932815473e-17
3383 10.53401461647451143 1.84862225109412881 2.613848985216478173e-16 5.355863572832433647e-16 0.1757615592252891046 1.592500658447102481e-16 4.580870206341803281e-17
3384 10.53751094946052369 1.84923506477142352 2.621666179733454311e-16 5.359782265896211938e-16 0.1753067517219077665 2.236253904121294235e-16 1.121015044962193373e-16
3385 10.54100661446643805 1.849847023146284686 2.630302611622651667e-16 5.364934123319406228e-16 0.1750955003796843268 2.471083696627087974e-16 1.474066032029626138e-16
3386 10.54450161218787763 1.850458953408504748 2.638463713753381654e-16 5.369863108875151092e-16 0.1751208569429172635 2.335526263314831578e-16 1.410566248594736838e-16
3387 10.54799594331954538 1.851071415731149417 2.645474246158418965e-16 5.373857524834925107e-16 0.1753065280475657184 2.006641143874775504e-16 1.143331054981505344e-16
3388 10.55148960855532358 1.851684651223664879 2.650396548591753384e-16 5.376660803470694466e-16 0.1755612615850334901 1.409190491493461446e-16 8.025418291612186818e-17
3389 10.55498260858835557 1.852298685336958073 2.652122075304551795e-16 5.378520315008698791e-16 0.1758233449479033594 4.940896146860927001e-17 5.32455007797068145e-17
3390 10.55847494411112208 1.852913470526798223 2.650044177946284156e-16 5.380160453852317784e-16 0.1760718767082992131 -5.951010101145697818e-17 4.697288240355142589e-17
3391 10.561966615815507 1.853528994002654473 2.644924361945636772e-16 5.382689672423213035e-16 0.176316804219104728 -1.466572163097690415e-16 7.24495089275679686e-17
3392 10.56545762439283642 1.854145316092987494 2.638880753528162512e-16 5.387160866363238419e-16 0.1765790742297025928 -1.731521222592799583e-16 1.281017343065695057e-16
3393 10.56894797053391599 1.854762531306749951 2.63413506972789549e-16 5.393883837120027096e-16 0.1768684912095559447 -1.359917764168791292e-16 1.926526870507180705e-16
3394 10.5724376549290362 1.855380712217768124 2.631971769613910003e-16 5.402356226133042671e-16 0.1771787835638530539 -6.200302789164860258e-17 2.428298176877217555e-16
3395 10.57592667826797062 1.855999877504154627 2.632438511814066813e-16 5.411709975383202928e-16 0.177494512858890674 1.337997805577206812e-17 2.681415129472823371e-16
3396 10.57941504123995102 1.856619982959510029 2.634192343167022311e-16 5.420753741169650468e-16 0.1777976516750003622 5.0286139768074282e-17 2.593043336810593764e-16
3397 10.58290274453363011 1.857240917115311696 2.635210264513815489e-16 5.428243446251746339e-16 0.1780689035686208177 2.919152319918567161e-17 2.147866339063487803e-16
3398 10.58638978883702997 1.857862472461792258 2.634148482283938684e-16 5.433120025262763468e-16 0.1782807028254451143 -3.045509676039221809e-17 1.398749022739076799e-16
3399 10.58987617483747812 1.858484143399109945 2.631196823094147866e-16 5.435304555610849073e-16 0.1783474983771208555 -8.467840475740073673e-17 6.267069913077996717e-17
3400 10.59336190322152937 1.859105266323645145 2.628087243601686337e-16 5.435933543152493196e-16 0.178223870829319786 -8.92257026598497025e-17 1.804805296135141945e-17
3401 10.596846974674893 1.859725534796275115 2.627487705384409102e-16 5.437302961216088526e-16 0.1780122160252153862 -1.72062794352268844e-17 3.930123082543273644e-17
3402 10.60033138988234214 1.86034506751933093 2.630651225499093003e-16 5.440057953384959806e-16 0.1778345196384940596 9.080764566989281224e-17 7.908100584945361866e-17
3403 10.60381514952763027 1.860964130506286063 2.637223884990053033e-16 5.443470691502477056e-16 0.1777330940594122333 1.887011713094356163e-16 9.7979772272345499e-17
3404 10.60729825429340956 1.861582907094554873 2.645320504093044317e-16 5.44545437705548927e-16 0.1776842416661192914 2.324977467875968176e-16 5.696234632551865458e-17
3405 10.61078070486115088 1.862201218225635335 2.652589884584346722e-16 5.443689350634019372e-16 0.177583909175320076 2.08782430080539315e-16 -5.069297251280942337e-17
3406 10.61426250191107457 1.86281835389648398 2.657851614661742255e-16 5.437565272380952395e-16 0.1772795475971411794 1.511494427823938656e-16 -1.759214178400085639e-16
3407 10.61774364612208643 1.863433568985847666 2.661712795620526868e-16 5.428866573961779595e-16 0.1767609523563390128 1.109377899363189941e-16 -2.499272601430703784e-16
3408 10.62122413817172983 1.864046574519163224 2.665882363836811885e-16 5.420490779644372932e-16 0.1761590860175728246 1.198206681913497304e-16 -2.406947721409877266e-16
3409 10.62470397873615191 1.864657669419094832 2.671626224244466571e-16 5.414929745644569825e-16 0.1756428775526949759 1.650918982263292226e-16 -1.598370423322140087e-16
3410 10.62818316849007871 1.865267580455050922 2.678705572243487287e-16 5.413023486473415971e-16 0.1753353714939799302 2.035149453227442213e-16 -5.480055946422216115e-17
3411 10.63166170810680988 1.865877147318009799 2.685470820882263202e-16 5.413874175198094599e-16 0.1752691535443490767 1.945216307657428984e-16 2.445990780739229712e-17
3412 10.63513959825822575 1.86648703831083318 2.689949629033398502e-16 5.415901431025401091e-16 0.1753950704825754936 1.28803487933103378e-16 5.830069355028117969e-17
3413 10.63861683961481219 1.867097621992884759 2.691010165071164807e-16 5.417925591658851094e-16 0.1756270122797416455 3.050503660726532512e-17 5.822253277921842674e-17
3414 10.64209343284569442 1.867709006344332012 2.688251306630359255e-16 5.419138301896209262e-16 0.1758900717605939579 -7.937000807787053511e-17 3.488864086376276426e-17
3415 10.64556937861868491 1.868321170048038438 2.682272264457014304e-16 5.419396087439690183e-16 0.1761470615726542788 -1.720439652787593906e-16 7.417650822006532393e-18
3416 10.64904467760034734 1.868934072570741511 2.674654738485681819e-16 5.419587131391758007e-16 0.1763924478658411288 -2.192312811569347073e-16 5.49821694427876675e-18
3417 10.65251933045605881 1.869547735178870518 2.667795674151734883e-16 5.421235853199103788e-16 0.1766440132465680601 -1.974395433280388864e-16 4.74587880895386388e-17
3418 10.6559933378500844 1.870162230447347751 2.663664405124851905e-16 5.425661141219998519e-16 0.1769165330624005161 -1.189414843169608851e-16 1.274064512163667985e-16
3419 10.65946670044565536 1.870777636262688004 2.663277610286720958e-16 5.433272153336366936e-16 0.1772115483982518169 -1.113809952213800728e-17 2.19165826581245585e-16
3420 10.66293941890504904 1.871393996936046911 2.666034621465461393e-16 5.443046179768811554e-16 0.1775194015367196065 7.940528908390796202e-17 2.81503898267292686e-16
3421 10.66641149388965992 1.872011300383193522 2.669884419084115234e-16 5.452498842280807269e-16 0.1778238539143946195 1.108994049043368064e-16 2.72298637793951618e-16
3422 10.6698829260600796 1.872629466917263619 2.672627200465846341e-16 5.458808514929741405e-16 0.1781054259133960649 7.902469953591016335e-17 1.817935576539823869e-16
3423 10.67335371607616068 1.873248337070017699 2.673229962167375577e-16 5.460287603089927207e-16 0.1783411139390644329 1.736991076596317287e-17 4.262319469241771651e-17
3424 10.67682386459707544 1.8738675974424297 2.672420159663547192e-16 5.457218856884201535e-16 0.1784865256867309291 -2.334055945446245052e-17 -8.844903902713044806e-17
3425 10.68029337228136377 1.874486620887787502 2.671958741651161472e-16 5.45174569716332331e-16 0.178451164351817626 -1.330169029632941694e-17 -1.577794398901196377e-16
3426 10.68376223978697226 1.875104934303399862 2.673529999530968923e-16 5.447198976783665024e-16 0.1782793456517111352 4.530434235924332545e-17 -1.310963523804303473e-16
3427 10.6872304677712755 1.875722476665466543 2.677616142414363741e-16 5.445900519978160097e-16 0.1780898315022619027 1.17838150432721658e-16 -3.744552081113662645e-17
3428 10.69069805689108854 1.87633942219223937 2.683179669766225023e-16 5.448022263067703663e-16 0.1779504649783557602 1.604732081229696067e-16 6.119910964002270329e-17
3429 10.69416500780266865 1.876955975695763668 2.688546956864851137e-16 5.452237736261894874e-16 0.1778700999201051625 1.548413701447549086e-16 1.216125825212881476e-16
3430 10.69763132116169402 1.877572149191170103 2.692236765191959669e-16 5.45668980306972438e-16 0.1777931385815459675 1.064671895385850463e-16 1.284616973692855616e-16
3431 10.70109699762324063 1.878187431773313376 2.693627184603664215e-16 5.46030042761190773e-16 0.1775686697252468194 4.012707859152499977e-17 1.042015190157872758e-16
3432 10.70456203784173965 1.878801060511325893 2.693164593340323356e-16 5.46344630524877945e-16 0.1771238650481135046 -1.335269152578835462e-17 9.080572200967953189e-17
3433 10.7080264424709295 1.879412568300197872 2.692064137936849427e-16 5.467289878069808789e-16 0.176544009300253768 -3.177045534346218744e-17 1.109650225573912238e-16
3434 10.71149021216379893 1.880022027992295675 2.691636602337142438e-16 5.472844498178899592e-16 0.1759849443258410528 -1.234533303634174277e-17 1.603928074857485537e-16
3435 10.71495334757252671 1.880630007870516929 2.692853263659291615e-16 5.480248718808674381e-16 0.1755897664678165992 3.513821510863358263e-17 2.138401973207154872e-16
3436 10.71841584934840697 1.881237316037717155 2.696027472535048608e-16 5.488679769177996998e-16 0.1754278406974161819 9.169061755973570732e-17 2.435404364673743001e-16
3437 10.72187771814178525 1.881844698611534916 2.700787352740751508e-16 5.496860599722359257e-16 0.1754813867243937842 1.37519648265253827e-16 2.363557254298879157e-16
3438 10.72533895460199105 1.882452644940671327 2.70615062139436627e-16 5.50371483900888814e-16 0.1756763249822549111 1.549806753990704167e-16 1.980647814942159878e-16
3439 10.7287995593772667 1.883061360278284191 2.711046803498000088e-16 5.509058868058095655e-16 0.1759306236995047124 1.415092273864292209e-16 1.544528789733427428e-16
3440 10.73225953311471415 1.883670866311200287 2.714019332984347968e-16 5.512765180277419229e-16 0.1761912513556379567 8.592756455345408535e-17 1.071391836292521679e-16
3441 10.73571887646023448 1.88428111864622716 2.713321680999804553e-16 5.514231261991317086e-16 0.1764391059539115458 -2.017085152396758115e-17 4.238806343018951567e-17
3442 10.73917759005849071 1.884892105793668504 2.708139879570663325e-16 5.513120354945880861e-16 0.1766836953910622954 -1.498460039818107105e-16 -3.212492486062338284e-17
3443 10.74263567455287038 1.885503874911111932 2.699619324520023003e-16 5.510199576692249977e-16 0.1769419803684692816 -2.464400116827232548e-16 -8.447766872809882489e-17
3444 10.74609313058546078 1.886116500371390448 2.690944606836286216e-16 5.50766118106483051e-16 0.1772218411739375221 -2.509444251430221419e-16 -7.343135012942588984e-17
3445 10.74954995879704356 1.886730042617744241 2.685634916831536446e-16 5.507698661484127591e-16 0.1775192591575291412 -1.536279272700360731e-16 1.084439793041157362e-18
3446 10.75300615982709296 1.887344516133320438 2.685060617647665668e-16 5.510804340640504508e-16 0.1778209435049570852 -1.66194994806667875e-17 8.98744671351175191e-17
3447 10.75646173431379005 1.887959872265877914 2.687729076869547059e-16 5.515425304359053302e-16 0.1781086225342743135 7.723585922884784346e-17 1.337491314616334468e-16
3448 10.7599166828940529 1.888575992565014072 2.690633792256132238e-16 5.519313759651313086e-16 0.1783620825064783644 8.408927382629279343e-17 1.125677866211057853e-16
3449 10.76337100620357035 1.889192670125490636 2.691559939016663985e-16 5.521240148087624197e-16 0.1785556931322299368 2.681608467172877214e-17 5.577754803040358565e-17
3450 10.7668247048768464 1.889809432650004117 2.690432533491029443e-16 5.521750968985014744e-16 0.1786125651432502182 -3.264932366783438938e-17 1.479321897575227155e-17
3451 10.77027777954725885 1.890425673460117029 2.688969065568063037e-16 5.522731749922254987e-16 0.1784937010227736764 -4.238924161003160394e-17 2.840824828664649588e-17
3452 10.77373023084711789 1.891041161765483425 2.689267763713888336e-16 5.526034787154977987e-16 0.1783079010320824664 8.653330852909354895e-18 9.568949253178821072e-17
3453 10.77718205940773721 1.891655997660875554 2.692299640511583448e-16 5.531827656426015997e-16 0.1781510042900371904 8.784976616377896279e-17 1.678505575374630578e-16
3454 10.78063326585949078 1.892270368934089619 2.697566550510634398e-16 5.538789023825881513e-16 0.1780484405189784181 1.526381770389123629e-16 2.017445579675818875e-16
3455 10.78408385083189103 1.89288439941451947 2.70390006444981656e-16 5.545381613300433198e-16 0.1779817003189863023 1.835820233387000998e-16 1.910915372416242242e-16
3456 10.78753381495364927 1.893497879036801335 2.709609456047553605e-16 5.548747928360057441e-16 0.1778540036105167033 1.655210893657536397e-16 9.759290920563633918e-17
3457 10.79098315885273429 1.894110129786584329 2.714043789132492747e-16 5.547885241495194513e-16 0.1775296300508945324 1.285789380202009181e-16 -2.501466597192863535e-17
3458 10.79443188315643276 1.894720522827578746 2.717664280066094106e-16 5.544317147767386625e-16 0.1770227361694295953 1.049994295967958703e-16 -1.034798354805203098e-16
3459 10.79787998849139008 1.89532883947043862 2.721551713881567607e-16 5.541092833536679744e-16 0.1764521937937963136 1.127613773221047963e-16 -9.352650895986520326e-17
3460 10.80132747548365124 1.8959353746430192 2.726543224139050162e-16 5.540952161723015833e-16 0.1759669787809289843 1.448128681187871846e-16 -4.081147338054004933e-18
3461 10.8047743447586857 1.896540799091251506 2.732858642789053078e-16 5.544901298701739458e-16 0.1756761885471509466 1.832546869806048232e-16 1.14592222778326051e-16
3462 10.80822059694140336 1.897145888044635464 2.739941421521898806e-16 5.551972756935828043e-16 0.1756102511917931042 2.055579672137398335e-16 2.052294212009339261e-16
3463 10.81166623265615989 1.897751270458295281 2.746856598518481009e-16 5.560168842147917962e-16 0.1757268278271442996 2.007296693880629155e-16 2.379111157548599657e-16
3464 10.8151112525267461 1.898357308672310229 2.752707579544443237e-16 5.567474001578426848e-16 0.1759486110555916749 1.698691536315376372e-16 2.120877241094504634e-16
3465 10.81855565717637013 1.898964125091483046 2.756788391895587069e-16 5.572739835316432559e-16 0.1762059853071840654 1.184977100927931865e-16 1.529080942690658429e-16
3466 10.8219994472276273 1.899571714061723871 2.758649976749073713e-16 5.575831086181981185e-16 0.1764617774506136161 5.406592091216031234e-17 8.977905278042212934e-17
3467 10.82544262330246276 1.900180035927369504 2.757804539924600809e-16 5.577077920687116461e-16 0.1767061097164789041 -2.455835647221644592e-17 3.621820738416558964e-17
3468 10.82888518602212002 1.900789098427681623 2.753747907057682644e-16 5.576918656888440468e-16 0.1769527456735997817 -1.178585651920783299e-16 -4.62713866764229111e-18
3469 10.83232713600709296 1.901398956925518746 2.746317745147115692e-16 5.575580275529221065e-16 0.177215525147479791 -2.159091083557592237e-16 -3.889130942060206474e-17
3470 10.83576847387706543 1.902009678524688496 2.735783527251241401e-16 5.57316643326485493e-16 0.1774978690031068507 -3.061626165955419334e-16 -7.01550196713357465e-17
3471 10.83920920025085088 1.902621301507210427 2.723273159350562763e-16 5.569973788145613204e-16 0.1777914094237503795 -3.636612758238916975e-16 -9.280633523601129969e-17
3472 10.84264931574633017 1.903233809018465506 2.710530039830522288e-16 5.566577484904120743e-16 0.1780801218700063249 -3.704928079139935312e-16 -9.874394746821855168e-17
3473 10.84608882098039651 1.903847121089362604 2.699647008168366685e-16 5.563806277040387409e-16 0.1783456505480120469 -3.164688017443517281e-16 -8.058423969030607267e-17
3474 10.84952771656889325 1.904461094705727664 2.69218054658085319e-16 5.562431279400348675e-16 0.1785696468475984622 -2.171564662301287986e-16 -3.999078078497097547e-17
3475 10.85296600312656956 1.905075488683988683 2.688736004141207278e-16 5.562754444333584217e-16 0.1787235317435779125 -1.001996783556695255e-16 9.400674525979390283e-18
3476 10.85640368126703059 1.905689742114004659 2.688821336705576178e-16 5.564627702728591656e-16 0.178714244989192389 2.48271219482826899e-18 5.450160200565765677e-17
3477 10.85984075160271267 1.906303401541332043 2.69139962828402921e-16 5.56777472918974389e-16 0.1785729693425894549 7.5027476559863202e-17 9.157748333064909667e-17
3478 10.86327721474484775 1.906916384161674083 2.695398941018603697e-16 5.571646651923307116e-16 0.1784075120384555901 1.16399292763146453e-16 1.126916292202097778e-16
3479 10.86671307130345454 1.907528794141561956 2.700176533247704711e-16 5.575572206434368029e-16 0.1782722875475896696 1.390755088294794164e-16 1.142727266965704935e-16
3480 10.87014832188733671 1.908140754843675291 2.705656916310903349e-16 5.579488962478999792e-16 0.1781729009823324605 1.595618387737309453e-16 1.140366994975724954e-16
3481 10.87358296710408645 1.908752302770700293 2.711708351253996705e-16 5.583000406661135694e-16 0.1780840775924264763 1.762190929489037609e-16 1.022540132275491589e-16
3482 10.87701700756010403 1.909363053902320528 2.718026020015222194e-16 5.585392106647599151e-16 0.1778833443121068114 1.84004251375125622e-16 6.965907554761678879e-17
3483 10.88045044386062976 1.909972363468815271 2.724326388560241279e-16 5.586878896783390055e-16 0.1774946847164339814 1.835326392344140062e-16 4.331088184121648612e-17
3484 10.8838832766097795 1.910579777187755512 2.730505857218689762e-16 5.588702074027992312e-16 0.1769734995007263834 1.800423927613342608e-16 5.311932330903531985e-17
3485 10.88731550641059087 1.91118526437781866 2.736430432678971138e-16 5.592439737019805241e-16 0.1764431594321287933 1.726462309461905781e-16 1.089180874494010338e-16
3486 10.89074713386507476 1.911789236460840646 2.741936150094761564e-16 5.598932966409145099e-16 0.1760325145342270525 1.604685561238280939e-16 1.892503857353560182e-16
3487 10.89417815957427393 1.912392377000433408 2.747050329897572799e-16 5.607450838740769618e-16 0.1758209598640970706 1.490829985421084299e-16 2.483037353710949903e-16
3488 10.89760858413832345 1.912995392812618656 2.751953029918031757e-16 5.616141146361775648e-16 0.1758153797359909287 1.429431945913551891e-16 2.533747380309845909e-16
3489 10.90103840815651104 1.91359881504359719 2.757224381255495662e-16 5.62298118492289328e-16 0.1759646551277945503 1.537184864154246618e-16 1.994631560915828409e-16
3490 10.90446763222733573 1.91420292645010659 2.76336437943082187e-16 5.626971597031627556e-16 0.1761964214890752445 1.790804965416373924e-16 1.163852107822372135e-16
3491 10.90789625694856468 1.914807811841751972 2.770615023735468643e-16 5.628460546278350334e-16 0.1764529782342131037 2.115107753208707686e-16 4.343459647935712573e-17
3492 10.91132428291728829 1.915413453306984204 2.778548703583648951e-16 5.62865204893096616e-16 0.1767043679207644935 2.314762055336843797e-16 5.58735772371724566e-18
3493 10.91475171072996098 1.916019822214942714 2.786326116853549557e-16 5.62835019350698154e-16 0.1769474596879789252 2.269564786370328375e-16 -8.808589913849779108e-18
3494 10.91817854098244212 1.916626935354070138 2.792773716118288077e-16 5.627361429857126576e-16 0.1771955054338477387 1.881833116299231314e-16 -2.885862014821246043e-17
3495 10.92160477427002441 1.91723484391222998 2.796871642584607725e-16 5.624884595506133319e-16 0.1774585494065913371 1.196252424030864676e-16 -7.230288587779184235e-17
3496 10.92503041118744989 1.917843598057372256 2.798080254067701753e-16 5.62039289656682101e-16 0.1777363015502492205 3.528750263640971289e-17 -1.311429192755711471e-16
3497 10.9284554523289188 1.918453213623134479 2.796594563069642788e-16 5.614454484677516946e-16 0.1780187431866480929 -4.338485745642711008e-17 -1.734123405685495714e-16
3498 10.93187989828808959 1.919063654773446537 2.793347986982743104e-16 5.608725039971235205e-16 0.1782907855362905469 -9.482234291392813874e-17 -1.673391770602911242e-16
3499 10.93530374965806296 1.919674831739660803 2.789541259664500843e-16 5.605125867210791742e-16 0.1785366683153125356 -1.112019022564833373e-16 -1.051388302999992488e-16
3500 10.93872700703136047 1.920286598167717518 2.786161806152326957e-16 5.604845329438814414e-16 0.1787398452437586049 -9.873751975787113181e-17 -8.196474283081886744e-18
3501 10.94214967099989089 1.920898683243427385 2.783571521801671642e-16 5.607774366139874042e-16 0.1788639242089835046 -7.569346846725471908e-17 8.559251308259332025e-17
3502 10.94557174215491457 1.921510558033445948 2.781794328959060363e-16 5.612798420140296842e-16 0.1788334232550107816 -5.194224129071626942e-17 1.468386653887807092e-16
3503 10.9489932210869938 1.922121883641859874 2.780855630427408967e-16 5.618933506033463928e-16 0.1787038142419622444 -2.744020628625059472e-17 1.793419471916921703e-16
3504 10.9524141083859412 1.922732603148861852 2.780900971989279625e-16 5.625303828820304683e-16 0.1785574878608067739 1.32566182845765623e-18 1.862506143392036684e-16
3505 10.95583440464077007 1.923342773936296712 2.78221652711379925e-16 5.631520551166286621e-16 0.1784278599746954852 3.846983342706267243e-17 1.81791145543617394e-16
3506 10.95925411043963749 1.923952458964468981 2.785052752015373718e-16 5.637848460323947679e-16 0.178316570899551996 8.295199576489918883e-17 1.850744252882052631e-16
3507 10.96267322636978747 1.924561597016344328 2.78901552733640457e-16 5.64349641665418546e-16 0.1781873054237372578 1.159205625523180594e-16 1.652160978184910171e-16
3508 10.96609175301750128 1.925169729704185206 2.793093573264508119e-16 5.646684014271115548e-16 0.1779238525213240052 1.193130474310076093e-16 9.32608392266284846e-17
3509 10.96950969096805295 1.92577630808748923 2.796558797916249505e-16 5.646320321542274695e-16 0.1774996450841099249 1.014009339519086139e-16 -1.064253723274462229e-17
3510 10.97292704080566317 1.926381026320821865 2.799460457149039286e-16 5.643010176748583494e-16 0.1769857481601668503 8.492423444732309739e-17 -9.687957474033399475e-17
3511 10.9763438031134708 1.926983977521016023 2.80248005791355414e-16 5.638614057065360706e-16 0.1764989020320096302 8.839126936645990109e-17 -1.286854221436776057e-16
3512 10.97975997847350094 1.927585627099485777 2.806524262817444943e-16 5.635220696069565189e-16 0.1761481195997754712 1.184043194891846799e-16 -9.934921920046863636e-17
3513 10.98317556746665424 1.928186638587687129 2.812046978879940439e-16 5.634057381795535738e-16 0.1759914857875855554 1.617192057892947177e-16 -3.406480766899128935e-17
3514 10.98659057067269984 1.928787653331414331 2.818851585255313207e-16 5.634975398193312643e-16 0.1760226030186462232 1.992903733579994972e-16 2.688646786738847245e-17
3515 10.99000498867027709 1.929389130888996107 2.826125043425977985e-16 5.636998122235573069e-16 0.176188317643391712 2.130583830411170182e-16 5.925081352917690592e-17
3516 10.99341882203690979 1.929991304775006578 2.832970865015297989e-16 5.638932515017355577e-16 0.1764224734103606584 2.00566116427842905e-16 5.667305856954080388e-17
3517 10.99683207134903107 1.93059424162759008 2.838654051077671312e-16 5.640107414868771143e-16 0.1766762062539505018 1.665321581576819868e-16 3.442762663901125703e-17
3518 11.00024473718201179 1.931197919367103388 2.842623349647761595e-16 5.640684378805275665e-16 0.1769235250776867163 1.163306594131426461e-16 1.690943475427437957e-17
3519 11.00365682011020496 1.931802317913196232 2.844569120994717564e-16 5.641129077079216258e-16 0.1771650125646500595 5.703564433763592983e-17 1.303526883039929804e-17
3520 11.00706832070698482 1.932407456532929002 2.844381147469879392e-16 5.641670661135191654e-16 0.1774122013762092775 -5.510935140233627919e-18 1.587795200432057896e-17
3521 11.0104792395448019 1.933013379297397139 2.842342549488730953e-16 5.642083254930389112e-16 0.1776723675415987358 -5.977701301487738664e-17 1.209832683709439029e-17
3522 11.01388957719523098 1.933620122792383267 2.839061908557052886e-16 5.642054199953624719e-16 0.1779433223457939361 -9.621333423931901134e-17 -8.521128184923533357e-19
3523 11.01729933422902974 1.934227688870494566 2.835228941416119923e-16 5.641521543549548602e-16 0.1782148830640044868 -1.124308639700718567e-16 -1.562419334878719712e-17
3524 11.02070851121619022 1.934836032609017487 2.831334410476209389e-16 5.640948419496630987e-16 0.1784733271600785487 -1.142561105767688638e-16 -1.681407239401971988e-17
3525 11.02411710872598682 1.935445061962014712 2.827509529833599607e-16 5.640930113986423109e-16 0.1787048206869648603 -1.122318006550648919e-16 -5.37130583791315216e-19
3526 11.02752512732702961 1.93605463102655917 2.823721982253485698e-16 5.64174563501851399e-16 0.1788935441221628508 -1.111552159629909942e-16 2.39335386624245378e-17
3527 11.03093256758729979 1.936664439337119514 2.820074302038546154e-16 5.643129190616228953e-16 0.1789941076010550247 -1.070686072295660933e-16 4.061084364394685054e-17
3528 11.03433943007418883 1.937274002361088598 2.816969205947437669e-16 5.645031692673735606e-16 0.1789524287610793629 -9.11578401560896202e-17 5.58526929171088416e-17
3529 11.03774571535452509 1.93788305134289951 2.815044264146828793e-16 5.647602338519110549e-16 0.1788317927865829549 -5.652103582689759924e-17 7.54804981006510241e-17
3530 11.04115142399458627 1.938491516446273044 2.814733146574216321e-16 5.650572839168624732e-16 0.178690577140271617 -9.136724242742227941e-18 8.723597664256868988e-17
3531 11.04455655656011537 1.939099411578362853 2.81593284862538775e-16 5.653866126436068241e-16 0.178553368927204581 3.523812441286078668e-17 9.673173963831593103e-17
3532 11.04796111361631716 1.939706767359130613 2.818089211430630854e-16 5.657875025944199702e-16 0.1784250800585047148 6.334824140050426259e-17 1.177708747219787722e-16
3533 11.05136509572784931 1.940313489165993888 2.819932253559872728e-16 5.661916920646843925e-16 0.1782689159883567021 5.415284546955819568e-17 1.187602256962852578e-16
3534 11.0547685034588028 1.94091911237641912 2.820176000824133179e-16 5.664204415911465088e-16 0.1779761298240784828 7.163066738772637796e-18 6.722324164265585469e-17
3535 11.05817133737267532 1.941523176313249888 2.818601279223290465e-16 5.663571293870610138e-16 0.1775478122508989676 -4.628456659748711598e-17 -1.86088634642581404e-17
3536 11.06157359803233931 1.942125467016432294 2.816409991264066028e-16 5.660502334429885049e-16 0.177056422842865907 -6.441766499614483271e-17 -9.021872287810650259e-17
3537 11.06497528600000457 1.942726131892827945 2.815721574622999567e-16 5.656691434115307838e-16 0.1766081795369360274 -2.02409054565070456e-17 -1.120485304539241578e-16
3538 11.06837640183716864 1.943325639483852063 2.818700910474285721e-16 5.653996175042543732e-16 0.1762975405938455864 8.761349998713211932e-17 -7.925963789380340315e-17
3539 11.07177694610457408 1.94392461734601496 2.826409028168856019e-16 5.653409337997821143e-16 0.1761713451204431347 2.26711127135052715e-16 -1.726004883753042785e-17
3540 11.07517691936216231 1.944523656899713515 2.838381402184262494e-16 5.654779723750540376e-16 0.1762190560321419408 3.521905080279027763e-16 4.031254401368917603e-17
3541 11.07857632216902566 1.945123176480659799 2.852845153823770018e-16 5.657406249709951471e-16 0.1763898361752306854 4.255505346705699947e-16 7.727728975243734386e-17
3542 11.0819751550833594 1.945723387479343591 2.867372547039935062e-16 5.66069020760719106e-16 0.1766228500877416729 4.274945977015947169e-16 9.663635032522111661e-17
3543 11.08537341866242443 1.946324351210339199 2.87991118466798755e-16 5.664605975691079915e-16 0.1768739590679498652 3.690336644638449014e-16 1.152477875231811245e-16
3544 11.08877111346250999 1.946926045138705819 2.889514338624788741e-16 5.669231156819368063e-16 0.1771184896518158136 2.826846083256277882e-16 1.361498026134572192e-16
3545 11.09216824003890167 1.947528451752021272 2.896165359243826661e-16 5.674285691791311559e-16 0.1773579171791733189 1.958164366118526129e-16 1.488134052844312191e-16
3546 11.09556479894586545 1.948131587847297119 2.900418353457771018e-16 5.678914940276276359e-16 0.1776023419482622434 1.252357036173544432e-16 1.363150670022866662e-16
3547 11.09896079073662456 1.948735490357982991 2.902913108270970332e-16 5.682170797183942334e-16 0.1778576968594614005 7.347400241816717667e-17 9.588951869795288429e-17
3548 11.10235621596336131 1.949340187072823971 2.904234740062082756e-16 5.683456575320059098e-16 0.1781212936234047861 3.893038585279172458e-17 3.78742697449754515e-17
3549 11.10575107517721527 1.949945672907990923 2.905066732973901372e-16 5.682943319634716575e-16 0.178383451630793527 2.451151764791161776e-17 -1.512113337799935785e-17
3550 11.10914536892829751 1.95055190034140713 2.906273232932268461e-16 5.681580931656961456e-16 0.1786316651857954574 3.555086502687589731e-17 -4.014427914027879228e-17
3551 11.11253909776571192 1.951158779606218419 2.908659561628739807e-16 5.680864825637544266e-16 0.178853477290454449 7.032752807176140678e-17 -2.110437101871395954e-17
3552 11.11593226223757647 1.951766169797326533 2.912584256850954347e-16 5.682145621591398928e-16 0.1790338012474211593 1.156839729480517077e-16 3.775262946255359322e-17
3553 11.11932486289106237 1.952373763632309522 2.917635779784999792e-16 5.685961342254892788e-16 0.1791235669512312167 1.48922973602520599e-16 1.124905251472340681e-16
3554 11.12271690027243309 1.952981111636960421 2.922894711474328564e-16 5.692675258729375336e-16 0.179080803041913178 1.550632755612390365e-16 1.979645186284380541e-16
3555 11.12610837492708349 1.95358797440231502 2.92722175293746069e-16 5.701599851535772971e-16 0.1789673930765046661 1.276069936401689332e-16 2.631914824922229875e-16
3556 11.12949928739958771 1.954194267432160848 2.929708016789292229e-16 5.711454917048188841e-16 0.1788289942553636658 7.333352722027278887e-17 2.906798144050058588e-16
3557 11.132889638233749 1.954799976793874183 2.930130058578793356e-16 5.72110883638558488e-16 0.1786864107717222594 1.245038253136823084e-17 2.847940456789162766e-16
3558 11.13627942797264048 1.955405113050021182 2.929119683891595419e-16 5.730273184427738354e-16 0.1785468680148041831 -2.981134150996826363e-17 2.703962328653902184e-16
3559 11.13966865715865318 1.956009521210904101 2.927616319798024889e-16 5.738099651144661392e-16 0.1783615129391840359 -4.436443972496737703e-17 2.309598934864797616e-16
3560 11.14305732633353863 1.956612787913637685 2.926565683044597751e-16 5.74323444690519812e-16 0.1780540641470571006 -3.100952581044233678e-17 1.515534090619631751e-16
3561 11.14644543603843907 1.957214533948554047 2.926832223032069786e-16 5.745123485110241659e-16 0.1776345433021825626 7.868221176223354125e-18 5.576412960990432701e-17
3562 11.14983298681392476 1.957814605912397754 2.928953401143876292e-16 5.744563283860717819e-16 0.1771695638609627754 6.262718866800255071e-17 -1.653978473126990578e-17
3563 11.15321997920001351 1.958413167780102881 2.932980107124693571e-16 5.743358091434744969e-16 0.1767528240429567243 1.189069488219908059e-16 -3.55888298769563022e-17
3564 11.15660641373618667 1.95901066385650835 2.938400493628781159e-16 5.74330690195321349e-16 0.1764671417960094468 1.600880995838878543e-16 -1.511852856040103422e-18
3565 11.15999229096139977 1.959607677639508827 2.94418571399353034e-16 5.74523123548740131e-16 0.1763536986661063399 1.708913659906519713e-16 5.684346758557180458e-17
3566 11.1633776114140808 1.960204760454985484 2.949300510583089031e-16 5.748905508202961831e-16 0.1764030747824445466 1.511123452053363284e-16 1.085532840359330473e-16
3567 11.16676237563212482 1.960802308557225926 2.953063613659958575e-16 5.753365279794486853e-16 0.1765695283184364195 1.111959577488606191e-16 1.317818203038120394e-16
3568 11.17014658415287798 1.961400529672059134 2.955319802678889104e-16 5.757778577083763769e-16 0.1767973994806150417 6.667908259890373017e-17 1.304299471436498758e-16
3569 11.17353023751311092 1.961999491324839529 2.956502664797183006e-16 5.76165608763716767e-16 0.1770452769901642576 3.496386628465936728e-17 1.146141705020750012e-16
3570 11.17691333624899919 1.962599175539453622 2.957495083447383524e-16 5.765107994071382211e-16 0.1772878933412712077 2.933941022940539291e-17 1.020505800918494869e-16
3571 11.18029588089608239 1.963199565164287952 2.959315936802706298e-16 5.768449661416240355e-16 0.177525489659162039 5.383968511954335121e-17 9.88076920612487223e-17
3572 11.18367787198923224 1.963800671755173255 2.962662813451282032e-16 5.772057808610059192e-16 0.1777665531177122227 9.897790750409168852e-17 1.067045178862242417e-16
3573 11.1870593100626099 1.964402524724581545 2.967678671168571883e-16 5.776267417959906258e-16 0.1780163669895727385 1.483592859974223567e-16 1.245120321732050562e-16
3574 11.19044019564962866 1.965005145689571631 2.973881353942800042e-16 5.781357739928350867e-16 0.1782726293809750451 1.834932124201490962e-16 1.505863775790077811e-16
3575 11.19382052928291138 1.965608527026823316 2.980424750109058102e-16 5.787341016192929955e-16 0.1785266918166758254 1.936040773366966081e-16 1.770314147610171337e-16
3576 11.1972003114942531 1.966212623001254878 2.98661653113574734e-16 5.793962613059313134e-16 0.1787672749114575244 1.832304580462072295e-16 1.959497956395606924e-16
3577 11.20057954281458734 1.966817349687241201 2.992170757623833242e-16 5.800727591023458801e-16 0.1789830686173345953 1.643903805918391723e-16 2.00225414755213048e-16
3578 11.20395822377395412 1.967422576418948577 2.997243755973308202e-16 5.807236313612192651e-16 0.1791602246512217222 1.501717416518135149e-16 1.926722895897990493e-16
3579 11.20733635490147151 1.968028023907350876 3.002137488389328422e-16 5.813308681485972585e-16 0.179254721270469819 1.448886413784146452e-16 1.797844786735208393e-16
3580 11.21071393672532146 1.968633280938796748 3.007125933778170379e-16 5.819396150858020498e-16 0.1792274528997935268 1.477168069962106921e-16 1.80260876532289866e-16
3581 11.21409096977273201 1.96923809728620558 3.012359481000636925e-16 5.825481967212155098e-16 0.1791260389806913489 1.549998752175153558e-16 1.80241189271819586e-16
3582 11.21746745456997552 1.969842351275284065 3.018000788117675909e-16 5.830748098745718537e-16 0.1789885226297133203 1.671034440532478594e-16 1.559902160685211259e-16
3583 11.22084339164236866 1.970445993286263908 3.024227357576265416e-16 5.833944552550072612e-16 0.1788362334091254113 1.844696374307641278e-16 9.469880297245546121e-17
3584 11.22421878151427954 1.97104901532459631 3.031230415406174696e-16 5.834172122808726149e-16 0.1786814982246474615 2.075076507423486038e-16 6.743135769983478223e-18
3585 11.22759362470914724 1.971651264461554254 3.038577228369191765e-16 5.830564697070723754e-16 0.1784813636012140547 2.177286965300784853e-16 -1.069089559946693773e-16
3586 11.23096792174950131 1.972252387598602219 3.045310044568039459e-16 5.822934132073152869e-16 0.1781764761071314707 1.995646799554305205e-16 -2.261744887495752629e-16
3587 11.23434167315699028 1.972852064937370864 3.050506837089551451e-16 5.812556458728139456e-16 0.1777766570583528549 1.540609161248996919e-16 -3.076501238330192849e-16
3588 11.23771487945241354 1.973450166110028103 3.053853268836287299e-16 5.801867457054261058e-16 0.1773380271328026669 9.922227727193168137e-17 -3.16930739400338774e-16
3589 11.24108754115575692 1.974046834457735544 3.055995356787170502e-16 5.793425493197881157e-16 0.1769417360519232596 6.352352395790927259e-17 -2.503460668183107135e-16
3590 11.24445965878623177 1.974642466942116314 3.05812397059193791e-16 5.789041071956195478e-16 0.1766630276957038836 6.313412538875218167e-17 -1.300407804411348604e-16
3591 11.24783123286231223 1.975237599948355127 3.061453988592132515e-16 5.7889731964646379e-16 0.1765433184303622505 9.878336809155356454e-17 -2.013493520606120944e-18
3592 11.25120226390177613 1.975832758241302667 3.066557378072925966e-16 5.792137976648131643e-16 0.1765792375265397285 1.514139404588637334e-16 9.38967797916129209e-17
3593 11.25457275242174227 1.97642833666914175 3.073241137208928876e-16 5.796936147996914514e-16 0.1767323086113495034 1.98334279264231237e-16 1.423812314122648755e-16
3594 11.25794269893870236 1.977024557425330231 3.080692261605226491e-16 5.802188863999304034e-16 0.1769513462780417934 2.211406562962705973e-16 1.55894466704062065e-16
3595 11.26131210396855664 1.977621504769046856 3.087696368106953155e-16 5.807178088001011454e-16 0.1771954384105336733 2.079070684058126855e-16 1.480981100957311557e-16
3596 11.2646809680266351 1.978219168806703676 3.093198932991872274e-16 5.811661234418693948e-16 0.177436644586090736 1.633621212387166944e-16 1.330972599021144249e-16
3597 11.26804929162772062 1.978817530344991749 3.0966169769648531e-16 5.815756540408414484e-16 0.1776722019554856091 1.014923854894688281e-16 1.216024069589828265e-16
3598 11.27141707528606673 1.979416593372738786 3.097834287200229905e-16 5.819710608750593169e-16 0.1779089923232127779 3.61515278509245043e-17 1.174274294608937258e-16
3599 11.27478431951540117 1.980016379979135266 3.09734808038747702e-16 5.823852181043834715e-16 0.1781523924848036622 -1.444162073820656697e-17 1.230155866805223981e-16
3600 11.27815102482892939 1.98061690842498539 3.09609325089591021e-16 5.828309129037474716e-16 0.1784012682183405696 -3.727769670867045982e-17 1.32404248282185531e-16
3601 11.28151719173932932 1.981218172564567004 3.095305186577818919e-16 5.833023723520607718e-16 0.1786483703681128465 -2.341506783861104399e-17 1.400806344353353208e-16
3602 11.28488282075874238 1.981820132079387786 3.096114654445476226e-16 5.837911383597169424e-16 0.1788835429215813178 2.405485360437172132e-17 1.452459724558191339e-16
3603 11.28824791239875225 1.982422711559891804 3.0992264638199919e-16 5.842941978876880663e-16 0.1790963504555767305 9.248799873222757075e-17 1.495174137794655169e-16
3604 11.29161246717036704 1.983025794286997545 3.104692675185572901e-16 5.848219309234118342e-16 0.1792745023818764216 1.624905304752231281e-16 1.568757868823004802e-16
3605 11.29497648558399092 1.983629150533047669 3.112064996897664185e-16 5.853885590465022416e-16 0.1793843833935984677 2.191871540503976782e-16 1.684647124140101377e-16
3606 11.29833996814939567 1.984232399269411751 3.12078520485911797e-16 5.860430901339360477e-16 0.1793809702536040829 2.593025514428814485e-16 1.946301988673753369e-16
3607 11.30170291537568872 1.984835265442338237 3.130425399777434144e-16 5.867985163435117301e-16 0.1792957264008034068 2.867047162614474006e-16 2.246679231156883248e-16
3608 11.30506532777127937 1.985437584900576091 3.140711462807278423e-16 5.876313027873418034e-16 0.1791616011159679611 3.059618108633487169e-16 2.477146481383878445e-16
3609 11.30842720584384686 1.986039271014222951 3.151433649851590757e-16 5.885050376333553366e-16 0.1790016337928358736 3.189850912681950559e-16 2.599361384463786241e-16
3610 11.31178855010030837 1.986640295915929944 3.162264234031426583e-16 5.894000624579805954e-16 0.1788332968672537437 3.2226103616964687e-16 2.66312160629614923e-16
3611 11.31514936104679059 1.987240530367654578 3.172567487265043653e-16 5.902414243873496593e-16 0.1786264191217202257 3.066190594587408514e-16 2.503846092084797424e-16
3612 11.31850963918860131 1.987839676837202418 3.181722865838761422e-16 5.909457625051656997e-16 0.1783308910239360667 2.725021178786134008e-16 2.096402975170050173e-16
3613 11.32186938503020812 1.988437456083042898 3.189538750122545877e-16 5.914683287608718146e-16 0.1779521155335765381 2.326700287344050944e-16 1.555620596674195273e-16
3614 11.32522859907522239 1.989033739167439085 3.196322405163631742e-16 5.918480104500850887e-16 0.177534804140049185 2.019736766962755105e-16 1.130448206463893507e-16
3615 11.32858728182638508 1.989628632607810754 3.202473802869118723e-16 5.921916843523955428e-16 0.1771490532899965831 1.831780628235456839e-16 1.023401878439397735e-16
3616 11.33194543378555963 1.99022247972834232 3.208213653154324479e-16 5.926200558905051828e-16 0.1768654062964359341 1.709498821624383018e-16 1.275818363247807194e-16
3617 11.33530305545373551 1.990815773279077883 3.213630804460275245e-16 5.932116473107263632e-16 0.1767284222242060943 1.613644041914293249e-16 1.762213969247907081e-16
3618 11.33866014733102645 1.991409021040510874 3.218462000514997858e-16 5.939767222968520846e-16 0.1767426485556206905 1.439328459226969109e-16 2.279340743990203157e-16
3619 11.34201670991668998 1.992002627306973084 3.222305785588641858e-16 5.948612522118855522e-16 0.1768773210204873936 1.145335628709835924e-16 2.63564066912601099e-16
3620 11.34537274370913806 1.992596837180164338 3.224952266735610506e-16 5.957700487523625464e-16 0.1770850543248788656 7.886982004585773728e-17 2.708374465006768676e-16
3621 11.34872824920595491 1.993191756328927866 3.226436079049339325e-16 5.966147971805313206e-16 0.1773243229374011354 4.422718859275738537e-17 2.517895808006450789e-16
3622 11.35208322690393068 1.99378738584050641 3.227111155243395915e-16 5.973446929681667632e-16 0.1775639647078089411 2.012479287315205828e-17 2.175902760972932932e-16
3623 11.35543767729908105 1.994383704081206243 3.227552845354714202e-16 5.979495482295734388e-16 0.1777972053103640815 1.316935522774679864e-17 1.8034258849635106e-16
3624 11.35879160088668094 1.994980707259899511 3.228496761198676506e-16 5.984577605957687343e-16 0.1780293624058806867 2.814804708967580504e-17 1.515514937769535969e-16
3625 11.36214499816129475 1.995578410988490203 3.23054794221760385e-16 5.9889454175086369e-16 0.1782662224069710977 6.117684635817917411e-17 1.302707726467059453e-16
3626 11.36549786961681008 1.996176832029568304 3.233960562470235877e-16 5.99258010023034307e-16 0.1785081307042758192 1.017979683674718496e-16 1.084220596899673287e-16
3627 11.3688502157464626 1.996775967955631392 3.238426318377613496e-16 5.995239397182326976e-16 0.1787493643246359509 1.332337112411449573e-16 7.933886436106963423e-17
3628 11.37220203704287158 1.997375785803175319 3.243235707413552682e-16 5.996786575416154293e-16 0.1789808111795352652 1.435082924683120004e-16 4.616655147287386255e-17
3629 11.37555333399806479 1.997976220084901833 3.247552026227081535e-16 5.997385788211603009e-16 0.1791927602478575743 1.288156099418629159e-16 1.788282216057848606e-17
3630 11.3789041071034962 1.998577169573649837 3.250714593538644524e-16 5.997662820588938903e-16 0.1793745344992687951 9.439795689253143634e-17 8.269006739542244165e-18
3631 11.38225435685007092 1.99917845483811929 3.252454767290713186e-16 5.998347831326598918e-16 0.1795027733165878436 5.194972054149270025e-17 2.044974896733592524e-17
3632 11.3856040837281558 1.99977971515413655 3.253219239005815439e-16 6.000222812848745734e-16 0.179523321468844671 2.282547139868868939e-17 5.598289153326560029e-17
3633 11.3889532882275919 2.000380649112534215 3.253969994212210566e-16 6.003183986217912224e-16 0.1794538415150053468 2.241941962877407172e-17 8.842800927837538859e-17
3634 11.39230197083769625 2.000981056476803133 3.255709391582763041e-16 6.006319880004144051e-16 0.1793245087942468285 5.195082499563152047e-17 9.36601791238058763e-17
3635 11.39565013204726007 2.001580821524337583 3.259176772303406227e-16 6.008554299324055657e-16 0.1791605412387278495 1.03576860496424421e-16 6.674609938595901559e-17
3636 11.39899777234454703 2.002179901865455136 3.264700462939308743e-16 6.009348113955473083e-16 0.1789838320396688331 1.650281688715168989e-16 2.371634902846196882e-17
3637 11.40234489221727721 2.002778193197547019 3.272023973091867587e-16 6.008476990078880089e-16 0.1787758751125759771 2.188343481162329491e-16 -2.603011693732891539e-17
3638 11.40569149215261646 2.003375466032936369 3.280216225656032083e-16 6.005959995748922925e-16 0.1784992435625113172 2.448313064201084254e-16 -7.522216938855556042e-17
3639 11.40903757263715512 2.003971485566279132 3.288374702105081704e-16 6.002368520638186323e-16 0.178152316084345258 2.438597048935156466e-16 -1.073504429541795449e-16
3640 11.41238313415688665 2.004566118633452909 3.295946012380928912e-16 5.998745674891910172e-16 0.177765445768568231 2.263441810653042747e-16 -1.083049067718956911e-16
3641 11.41572817719718635 2.005159417463378002 3.302832664371822155e-16 5.996150924163415624e-16 0.17739404604138026 2.059082200614062662e-16 -7.758203909733920187e-17
3642 11.41907270224278115 2.005751646831602564 3.309157799788043248e-16 5.99518990220426977e-16 0.1771016847405216532 1.891483601670797797e-16 -2.873863019451022201e-17
3643 11.42241670977773005 2.006343232834635781 3.31501035181987917e-16 5.995789249046300383e-16 0.1769366479961188288 1.750431777334622019e-16 1.792578267103317693e-17
3644 11.42576020028539574 2.006934654011120589 3.320379318490407523e-16 5.997473090904896472e-16 0.176914682263838885 1.606045015579035191e-16 5.036957742476371761e-17
3645 11.42910317424842148 2.0075263260492755 3.325156983832316087e-16 5.999784970459712177e-16 0.1770170502683194036 1.429386841790389163e-16 6.91670508285911318e-17
3646 11.43244563214870801 2.008118529827477072 3.329368400277333117e-16 6.002587023828607154e-16 0.1772034708347573484 1.260170297214510124e-16 8.384505481211943837e-17
3647 11.43578757446739758 2.008711408532069864 3.33317918617924658e-16 6.006127366076428233e-16 0.1774327752808820824 1.140466529392651261e-16 1.059529960527943671e-16
3648 11.43912900168485614 2.009304989426524912 3.336850318895972418e-16 6.010767605019455761e-16 0.1776702854184357971 1.098841293044575618e-16 1.388913600688240971e-16
3649 11.44246991428066273 2.009899254136080504 3.340587625445314691e-16 6.016632022977440648e-16 0.1779023424682614485 1.118820584427926944e-16 1.755604321041744055e-16
3650 11.44581031273360416 2.010494191187381929 3.344779089588662046e-16 6.023450441110320747e-16 0.1781310102154845532 1.254972674005138591e-16 2.041512975910291618e-16
3651 11.44915019752166963 2.011089807592836731 3.349979557526813221e-16 6.030817415871971268e-16 0.1783618227412994417 1.557319328448970041e-16 2.206096129224901563e-16
3652 11.45248956912205252 2.011686117191982426 3.35682213447521649e-16 6.038084674635678631e-16 0.1785968257270456605 2.049375902264639929e-16 2.17656960209108316e-16
3653 11.45582842801116286 2.012283121669220964 3.365681513421410263e-16 6.044703478714783232e-16 0.178832379980396694 2.653822345560834913e-16 1.982659311978347071e-16
3654 11.4591667746646273 2.012880797105204955 3.376408882878654494e-16 6.05032873311382655e-16 0.1790608149293185791 3.213870608383177695e-16 1.685300375811698353e-16
3655 11.46250460955731398 2.013479089732935989 3.388147994196723065e-16 6.055034443849237213e-16 0.1792731836522019895 3.517522633062010869e-16 1.410025304979740292e-16
3656 11.46584193316334499 2.01407791443304518 3.399756112817873531e-16 6.059455708737245145e-16 0.1794600828090111844 3.478804278829225168e-16 1.324996385048559018e-16
3657 11.46917874595611764 2.014677132590468212 3.410286120772424842e-16 6.064435280809490261e-16 0.1796054662329325535 3.15619105443546069e-16 1.492542161142635041e-16
3658 11.47251504840832581 2.015276462442469274 3.419202293754534477e-16 6.070939581091639599e-16 0.1796664022028582886 2.672879910395411967e-16 1.949851532739342017e-16
3659 11.47585084099198482 2.015875565565177663 3.426656353637007229e-16 6.078855353203301037e-16 0.1796258635964210759 2.234910640483937516e-16 2.373343332215054583e-16
3660 11.4791861241784563 2.016474189648231885 3.432752550978363983e-16 6.086958997165551368e-16 0.1795096268530729233 1.828068968402035161e-16 2.430042734651798217e-16
3661 11.48252089843846946 2.017072171245630319 3.437493808543548274e-16 6.093729464677905348e-16 0.179344309244565292 1.42197948344588207e-16 2.030572219193335859e-16
3662 11.48585516424214603 2.017669438765993473 3.440746141591557695e-16 6.09822834427226733e-16 0.1791574412933943372 9.755756796566379936e-17 1.349492027161811182e-16
3663 11.48918892205902154 2.018265926340736094 3.442631075007697109e-16 6.100518243860966005e-16 0.17895073013701987 5.654941114628728274e-17 6.869869896533393117e-17
3664 11.49252217235806128 2.018861454561942104 3.443194937408172493e-16 6.101179327476299655e-16 0.1786900989969555376 1.691886707864345041e-17 1.983601993370794527e-17
3665 11.49585491560767991 2.019455841851014899 3.442506465134494225e-16 6.10072041974271438e-16 0.1783748719795602011 -2.066096565934221951e-17 -1.377176291174940381e-17
3666 11.49918715227575206 2.020048964326174534 3.440965998997224976e-16 6.099842405428445045e-16 0.1780223417139863706 -4.623621605537640741e-17 -2.635310089076078815e-17
3667 11.50251888282961943 2.020640825026919885 3.439237796997931008e-16 6.099377940312253726e-16 0.1776705918575014198 -5.18788748226236121e-17 -1.394277268062496822e-17
3668 11.50585010773610151 2.021231599958329461 3.438004509224303439e-16 6.100068772705454054e-16 0.177371553333008608 -3.702766594936270133e-17 2.074123463267420883e-17
3669 11.50918082746149373 2.021821627028277391 3.43747998000184633e-16 6.102148792693677961e-16 0.1771738666014361363 -1.575061132302958513e-17 6.245902988050572689e-17
3670 11.51251104247156221 2.022411334051453569 3.437352195712257613e-16 6.105431604909275473e-16 0.1771045792514937545 -3.837699391920868546e-18 9.85915129641137061e-17
3671 11.51584075323154721 2.023001137513007031 3.437113074316435057e-16 6.109645011689110647e-16 0.1771603466093675805 -7.182533187255805937e-18 1.265588715867381315e-16
3672 11.51916996020614192 2.023591358285875774 3.436593892964175801e-16 6.114679047642096103e-16 0.1773125019029152538 -1.559710344706678829e-17 1.512311241019983038e-16
3673 11.5224986638594924 2.024182190312764806 3.436296472399508577e-16 6.120537625668483382e-16 0.1775229510358106721 -8.936376827173399409e-18 1.760283824819119303e-16
3674 11.5258268646551727 2.024773707627596675 3.437278213187620114e-16 6.127057655545415313e-16 0.1777556868294800085 2.950209633827077762e-17 1.959321155716208635e-16
3675 11.52915456305617781 2.025365906314477105 3.440540496246967127e-16 6.133554187343138045e-16 0.1779872912369165894 9.804900582266306984e-17 1.952554307747678815e-16
3676 11.53248175952489873 2.025958770596643532 3.446243735460916521e-16 6.138882934492111961e-16 0.1782141983217062631 1.714385964755719531e-16 1.601814158450427045e-16
3677 11.53580845452310655 2.026552296879754689 3.453453839012364426e-16 6.142003958372191921e-16 0.1784400684700766793 2.167673796437719595e-16 9.383168542076882273e-17
3678 11.53913464851193282 2.027146492758111318 3.460602263653821539e-16 6.142524492690613298e-16 0.1786682654581944751 2.149453871979164787e-16 1.565190321429877878e-17
3679 11.54246034195185544 2.027741362354634092 3.466314966403751661e-16 6.141118828096925821e-16 0.1788977463147906621 1.718006187074877317e-16 -4.227316866672253381e-17
3680 11.54578553530267548 2.028336891434737943 3.469965538781107126e-16 6.139305181635188989e-16 0.1791229899982661189 1.098017647304359805e-16 -5.455078314050094514e-17
3681 11.54911022902350659 2.028933039700096419 3.471940580282494998e-16 6.138820701186679023e-16 0.1793361539240369007 5.941413693223664872e-17 -1.457437106438138397e-17
3682 11.55243442357276074 2.02952973860458652 3.473290306229210484e-16 6.140810058287219756e-16 0.1795287336883450435 4.060918969631205077e-17 5.985376517813631847e-17
3683 11.55575811940813402 2.030126882183585835 3.475224854558801247e-16 6.145423148159510596e-16 0.1796894601957367277 5.821346109913408049e-17 1.388147939856600728e-16
3684 11.5590813169866049 2.030724277514829534 3.478532051843757627e-16 6.15214232148523437e-16 0.1797921483100718421 9.953343684652817052e-17 2.022202959947160384e-16
3685 11.56240401676442531 2.03132159250869293 3.483398811285903899e-16 6.15911880070462772e-16 0.179794881848521132 1.464919594980432524e-16 2.099956086581277427e-16
3686 11.56572621919712063 2.031918521273694989 3.489520753983117976e-16 6.164241936939129759e-16 0.1797055029073331422 1.843011856145353071e-16 1.54232100622754961e-16
3687 11.56904792473949151 2.032514839748422286 3.496359624772312406e-16 6.166306654083455664e-16 0.1795486088564958727 2.059150920840649007e-16 6.216763468804694128e-17
3688 11.57236913384562271 2.033110429395808882 3.503364044788635426e-16 6.165564405372307973e-16 0.1793559471349453205 2.109311993032680288e-16 -2.235208774729771468e-17
3689 11.5756898469688867 2.03370522725478553 3.510125115332783731e-16 6.163299988492367284e-16 0.1791442404911898489 2.036333569899883145e-16 -6.820085781920235674e-17
3690 11.57901006456195958 2.034299098846471754 3.516388916592461805e-16 6.160842438672805123e-16 0.1788919372101973604 1.886844828630291765e-16 -7.402877224078027306e-17
3691 11.58232978707683358 2.034891917871915368 3.52136448280741542e-16 6.157914207333497831e-16 0.1786014836724933719 1.499013138852205117e-16 -8.822025597866915677e-17
3692 11.58564901496483124 2.035483580774877677 3.524656690266502921e-16 6.153777962328682634e-16 0.1782797158022718653 9.920071162646196117e-17 -1.246332295391829836e-16
3693 11.58896774867662494 2.036074055770580316 3.526382075700140918e-16 6.148329446426464398e-16 0.1779482491499700947 5.199700567497444052e-17 -1.641989707137510661e-16
3694 11.59228598866225646 2.036663438486505218 3.527230455196719174e-16 6.142830322900861256e-16 0.1776454828045931911 2.557095435597471132e-17 -1.657487447990189593e-16
3695 11.59560373537115119 2.037251976456087466 3.528059236164206566e-16 6.139264614698320114e-16 0.1774172224065918013 2.498394748250813641e-17 -1.074897590135418045e-16
3696 11.59892098925213944 2.037840036383791187 3.529652145410579996e-16 6.139372830638792238e-16 0.1772994312274074336 4.802604123728024532e-17 3.262698883486787437e-18
3697 11.60223775075347419 2.038428023805114453 3.532432942830308441e-16 6.143617870723730593e-16 0.1773038678018125092 8.385317784205698274e-17 1.280064842780882656e-16
3698 11.60555402032284711 2.039016293031445048 3.536349034950058834e-16 6.151169638289715624e-16 0.1774151379644860749 1.181047711845559169e-16 2.277525025321552979e-16
3699 11.60886979840740096 2.03960508798149931 3.540961555138050531e-16 6.160439057180744782e-16 0.1775999911391608621 1.391288332960570599e-16 2.795962690848944582e-16
3700 11.61218508545374384 2.040194538878044472 3.545451862529373152e-16 6.169895453162746267e-16 0.1778241604537646459 1.354625375448751147e-16 2.852783304382541194e-16
3701 11.61549988190795624 2.040784665729313385 3.549088385619606997e-16 6.178649959806302634e-16 0.1780544091257792449 1.09721997687714749e-16 2.641429557482943733e-16
3702 11.61881418821559819 2.041375453657303218 3.551238546675977653e-16 6.186542070145394722e-16 0.1782802122783861132 6.488473298138729728e-17 2.381577279964158927e-16
3703 11.62212800482171282 2.041966889743339841 3.551657680124105998e-16 6.193965638961838088e-16 0.1785021592249862177 1.26499257080657044e-17 2.240517773898902402e-16
3704 11.62544133217082987 2.04255897396023034 3.550542291983421917e-16 6.201418893976761126e-16 0.1787241395658267784 -3.366865389058769291e-17 2.249809320205652382e-16
3705 11.62875417070696038 2.043151710894624884 3.548408809411467585e-16 6.209202540153156099e-16 0.1789475461760737796 -6.440993447633264182e-17 2.349886269515343473e-16
3706 11.63206652087359139 2.043745094864181322 3.546046335654966631e-16 6.217208089293209279e-16 0.1791692789553666898 -7.133369642925231381e-17 2.417234945084580811e-16
3707 11.63537838311368233 2.044339098881310157 3.544244751783174533e-16 6.224986402985890851e-16 0.1793829031456709577 -5.440591912907150412e-17 2.348968107177968767e-16
3708 11.6386897578696491 2.04493367032837714 3.543422071457198085e-16 6.231829864590747206e-16 0.1795806739699121191 -2.484772656497698833e-17 2.066956718741473167e-16
3709 11.64200064558336223 2.045528727233942856 3.54357260437060894e-16 6.237123972703456243e-16 0.1797537172373813441 4.54727110955193729e-18 1.5992346342257777e-16
3710 11.64531104669612382 2.046124149614283905 3.544407426450356876e-16 6.240740070183899356e-16 0.179890537635736758 2.522185892139334785e-17 1.092504651114383031e-16
3711 11.64862096164866401 2.046719648732259422 3.545544237110380168e-16 6.243071671358747228e-16 0.1799401274803590078 3.435065626647608598e-17 7.0453271880879867e-17
3712 11.65193039088111959 2.047314883328216872 3.546961494511699222e-16 6.244481821507285329e-16 0.1798865754780260284 4.283110931819279031e-17 4.261632016236785022e-17
3713 11.65523933483302699 2.047909578813471576 3.548918074109404182e-16 6.245268280460481309e-16 0.1797499879650597543 5.91386966708514244e-17 2.37711553016633475e-17
3714 11.65854779394330265 2.048503564250663267 3.551715625912766553e-16 6.245685744027888782e-16 0.1795616622905467641 8.456992725789476699e-17 1.261991412848916299e-17
3715 11.66185576865023421 2.049096788646937561 3.55554625838823001e-16 6.245957236243812111e-16 0.1793578403343207006 1.158168767550042445e-16 8.208404411788706426e-18
3716 11.66516325939147336 2.049689149835880464 3.560300065995868536e-16 6.246393602744440642e-16 0.1791230411278987855 1.437495385436650516e-16 1.319520861562047573e-17
3717 11.66847026660401809 2.05028053867111737 3.565092490602229392e-16 6.246749680727901725e-16 0.1788551402437925375 1.449384438809943258e-16 1.076895163977061866e-17
3718 11.6717767907242127 2.050870873441613895 3.568715118517664615e-16 6.24657959083482024e-16 0.1785624218597517687 1.095759976212621488e-16 -5.144820322377318117e-18
3719 11.67508283218774245 2.051460106138855988 3.570391100040130755e-16 6.24619751574668452e-16 0.1782550709651859744 5.070190548181362787e-17 -1.155856120483830205e-17
3720 11.67838839142962826 2.052048266674459498 3.570156909604980249e-16 6.246740959571327304e-16 0.1779566571987972745 -7.085777515576308833e-18 1.644269558301892764e-17
3721 11.68169346888422666 2.052635507501109124 3.56877857717406993e-16 6.249437601471655199e-16 0.177704266633469915 -4.170955810574353258e-17 8.160276832334702403e-17
3722 11.68499806498523519 2.053222110156106783 3.567221738182986497e-16 6.254551046203795279e-16 0.1775369873504093199 -4.711818160245594931e-17 1.547598813255886479e-16
3723 11.68830218016569411 2.053808439051441503 3.566169301267301348e-16 6.260994525584921205e-16 0.1774799425314766144 -3.185693981654038557e-17 1.950421272708660036e-16
3724 11.6916058148579971 2.054394861764786473 3.565844814813940546e-16 6.266747110563441383e-16 0.1775341387206252342 -9.823532021001671254e-18 1.741542740991349464e-16
3725 11.6949089694938948 2.054981674093101951 3.566116981202042488e-16 6.269886648041563088e-16 0.177677890325040444 8.240786248329950135e-18 9.50604424604701107e-17
3726 11.69821164450451079 2.055569067642609493 3.566849915414558518e-16 6.26955555614195413e-16 0.177879684387668241 2.219535888819077317e-17 -1.00264163021700751e-17
3727 11.70151384032034869 2.056157116148152664 3.568047994863672148e-16 6.266265606798963532e-16 0.1781038461101939474 3.628655728586910364e-17 -9.964358823647652081e-17
3728 11.70481555737130819 2.056745821734474955 3.569706574389960455e-16 6.261483140239750764e-16 0.1783286932804669933 5.02411267187894659e-17 -1.448688498931871835e-16
3729 11.70811679608669742 2.057335168610214371 3.571733378894727422e-16 6.256884705045841258e-16 0.1785487982688775399 6.140416171681515784e-17 -1.393144023643962755e-16
3730 11.71141755689524722 2.05792514762386336 3.57394976398417244e-16 6.253637057773979602e-16 0.1787661708641694325 6.715741855800383998e-17 -9.840510487270629763e-17
3731 11.71471784022512352 2.058515759129055489 3.576111162602679153e-16 6.252073723938282328e-16 0.1789836903406281654 6.550077295085159727e-17 -4.737653375995190004e-17
3732 11.71801764650394162 2.059107002305558431 3.577939718130616165e-16 6.251924923403096576e-16 0.1792010009174107021 5.542203172263955294e-17 -4.510023269966251022e-18
3733 11.72131697615877677 2.059698862339654823 3.579352270478094732e-16 6.252758015721132487e-16 0.1794138605245837459 4.281949367321510563e-17 2.525399593509149573e-17
3734 11.7246158296161731 2.060291302604403629 3.580548625354747618e-16 6.254277487370692873e-16 0.1796156538610600706 3.627100928242047869e-17 4.606724257252440128e-17
3735 11.72791420730215783 2.060884261250622185 3.581946712915636569e-16 6.256398419790901715e-16 0.1797987281222342693 4.239323717673357063e-17 6.431155933364778221e-17
3736 11.73121210964224126 2.061477648765559945 3.584156095122308012e-16 6.259556264295529439e-16 0.1799546857301712321 6.700320964808749159e-17 9.576691472426800758e-17
3737 11.73450953706142919 2.062071309932241636 3.587479208639850577e-16 6.263610086025338937e-16 0.1800635861611144806 1.007934779587782034e-16 1.229566155400121179e-16
3738 11.73780648998421761 2.06266491367546756 3.591512891474686449e-16 6.267215401466705163e-16 0.1800720617868531159 1.223633767395093567e-16 1.093686810987687391e-16
3739 11.74110296883460336 2.06325812595756064 3.595356118712377468e-16 6.269117057372280395e-16 0.1799791704904537826 1.166025841213816031e-16 5.769577987091405683e-17
3740 11.74439897403607524 2.063850694456302648 3.597985427101056722e-16 6.26891049539477326e-16 0.1798096644610688855 7.978403511773901848e-17 -6.267940321632373883e-18
3741 11.74769450601161225 2.064442490709995415 3.598837936738630401e-16 6.267208455681778571e-16 0.1796011005534669802 2.587236201398647727e-17 -5.165429887938125086e-17
3742 11.75098956518368354 2.065033436557709212 3.598079215904702001e-16 6.265091331418307975e-16 0.1793687297624193544 -2.302931694208485586e-17 -6.426069179725534841e-17
3743 11.75428415197423782 2.065623424964994292 3.596389077640495061e-16 6.263489483243051196e-16 0.1791037767810171877 -5.130781260509642692e-17 -4.862757547025478279e-17
3744 11.75757826680469265 2.066212417927562939 3.594468263031432742e-16 6.26232433130867525e-16 0.1788271863364433722 -5.83188414534808927e-17 -3.537577786504120882e-17
3745 11.76087191009593447 2.066800387626978708 3.593112958273230794e-16 6.261404267033197832e-16 0.1785420465864510919 -4.115499242872067485e-17 -2.793854154355119888e-17
3746 11.76416508226830082 2.067387333671205418 3.592961705262351965e-16 6.260874680312062582e-16 0.1782566834530207311 -4.593584086094077543e-18 -1.608365427092389434e-17
3747 11.76745778374157503 2.067973330298791268 3.594367932485163051e-16 6.261311891137567429e-16 0.1779937656750344988 4.271350158003121925e-17 1.328007663561007746e-17
3748 11.77075001493497375 2.068558565953975581 3.597396028145110792e-16 6.2632598956304215e-16 0.1777879974058776125 9.199013398559914441e-17 5.917818141360860719e-17
3749 11.77404177626714166 2.069143338675500932 3.601787038329367966e-16 6.266885381217506819e-16 0.1776727015553724864 1.334129676840725972e-16 1.101538760267566211e-16
3750 11.77733306815613901 2.069728001843361032 3.607117085324085321e-16 6.271600246564687406e-16 0.1776647337603938781 1.61966997803661647e-16 1.432731430113414977e-16
3751 11.78062389101943452 2.070312886789792639 3.612897200006172844e-16 6.276427933867858272e-16 0.177757439229469183 1.756684610552996956e-16 1.467224173998368561e-16
3752 11.78391424527390008 2.0708982403909868 3.618554973025296256e-16 6.280459125720302639e-16 0.1779251895597301625 1.719747405431104658e-16 1.225328712481802132e-16
3753 11.78720413133580358 2.071484209210380456 3.623416645010286973e-16 6.283083007049251762e-16 0.1781375211735591046 1.477973174513515843e-16 7.976733579035323195e-17
3754 11.7904935496208072 2.072070826663743315 3.626819356168742447e-16 6.284322634344146413e-16 0.178360050687434879 1.034588608329800389e-16 3.769065954029121536e-17
3755 11.7937825005439656 2.072658083089818692 3.628280909530872698e-16 6.284543197838088206e-16 0.1785796830407202496 4.444459431473028675e-17 6.707148204684501849e-18
3756 11.79707098451972236 2.073245961809437432 3.627909731967113973e-16 6.284240108430694855e-16 0.1787942825589611817 -1.128879546061632832e-17 -9.217998770431049106e-18
3757 11.80035900196191712 2.073834455420167977 3.626588938876049147e-16 6.283793777357152678e-16 0.1790066688286174601 -4.017558850807529258e-17 -1.357639865796889668e-17
3758 11.80364655328378376 2.074423563245447966 3.625701193339074179e-16 6.283499083875672851e-16 0.1792188870104143017 -2.700707073607521853e-17 -8.965190325701640482e-18
3759 11.80693363889795755 2.075013279572772706 3.626879835462720375e-16 6.283490546074352202e-16 0.1794294047296463024 3.586182793928175199e-17 -2.597744945592356621e-19
3760 11.81022025921648044 2.075603582679614423 3.631194801060450596e-16 6.283850913762008212e-16 0.1796333492551772659 1.313074102537590313e-16 1.096623987688183292e-17
3761 11.81350641465080997 2.076194429041526845 3.638749896178819632e-16 6.284486788163470748e-16 0.1798240823385440779 2.299393098136798018e-16 1.935283655727778119e-17
3762 11.81679210561182458 2.076785749908112155 3.648597687725577918e-16 6.285184237492910044e-16 0.1799939197328288276 2.997598598961338295e-16 2.122986786272078439e-17
3763 11.82007733250983961 2.077377467720733506 3.659165249207413427e-16 6.286190790058689231e-16 0.1801401710043293858 3.21714555795370806e-16 3.064307807823886853e-17
3764 11.82336209575460728 2.077969353901593319 3.668545517997203884e-16 6.287082637971252009e-16 0.1802168439936853161 2.856093775754293357e-16 2.715488574018933662e-17
3765 11.82664639575533627 2.078561032585063195 3.675171195464326686e-16 6.287333901362267565e-16 0.1801790569008152598 2.017663219425281644e-16 7.651517976159754614e-18
3766 11.82993023292069346 2.0791521787891174 3.678389904816894753e-16 6.286710109117189243e-16 0.1800422587132305408 9.803052070765442223e-17 -1.899850899852686668e-17
3767 11.83321360765881813 2.079742583374010856 3.678603265645916314e-16 6.28547537849783171e-16 0.179841694104155847 6.499131939091660594e-18 -3.761082688534530216e-17
3768 11.83649652037733269 2.080332179801569037 3.677119692071766008e-16 6.284112198394358102e-16 0.1796207798734319738 -4.519712636187028737e-17 -4.152933461759398435e-17
3769 11.83977897148334257 2.080920876107730244 3.675577926411635568e-16 6.283165089640290662e-16 0.1793717604497606088 -4.6976551027116281e-17 -2.885775955725797851e-17
3770 11.8430609613834541 2.081508623331986829 3.675306871823055018e-16 6.28308135901821831e-16 0.1791077288328555839 -8.260008681763589401e-18 -2.55157335231147758e-18
3771 11.84634249048377086 2.08209542451971652 3.676365840789331244e-16 6.282555662148259608e-16 0.178844529111119338 3.227512317241507081e-17 -1.602212318736352147e-17
3772 11.8496235591899044 2.082681281893336234 3.678223140413973858e-16 6.280660253726535466e-16 0.1785819109029921359 5.66144817873875583e-17 -5.777611977498357257e-17
3773 11.85290416790697599 2.083266217463344283 3.68022269634562008e-16 6.277591742362039858e-16 0.1783259072543648682 6.095929943389077051e-17 -9.354792237825281956e-17
3774 11.85618431703961839 2.083850322876700911 3.682289219984055216e-16 6.274583702360797815e-16 0.1780977537028554936 6.300972556718336113e-17 -9.171720634994803528e-17
3775 11.85946400699197589 2.08443379519544969 3.684979934361077974e-16 6.273111576745144916e-16 0.1779296083385839 8.205320798787382379e-17 -4.489240119907664947e-17
3776 11.86274323816770249 2.08501692646088399 3.689165627051689805e-16 6.273931222423393467e-16 0.1778504643664650109 1.276603455941441244e-16 2.499855060659032998e-17
3777 11.8660220109699619 2.085600047904589527 3.695309277667861929e-16 6.276839521741375875e-16 0.1778723135768718322 1.874027032794913624e-16 8.87132404146134828e-17
3778 11.86930032580142402 2.08618345794388782 3.703119831852974552e-16 6.281013941607435398e-16 0.1779851874311824123 2.382823155136667547e-16 1.273520941070847975e-16
3779 11.87257818306425783 2.086767374936711494 3.711656198319477526e-16 6.285622542820698092e-16 0.1781646963272449369 2.604615309939655459e-16 1.406175956078519825e-16
3780 11.87585558316012779 2.087351906059052631 3.719787684258728871e-16 6.290363636034438687e-16 0.1783769395639508981 2.481424034602899314e-16 1.44680354104542442e-16
3781 11.87913252649019213 2.087937071762360208 3.726783452137005215e-16 6.295443426161510683e-16 0.1785954620229128209 2.135142899462089644e-16 1.55037702926866313e-16
3782 11.88240901345508682 2.088522858787213998 3.732351993335181468e-16 6.301128317264422867e-16 0.1788099761210837635 1.699782815987354548e-16 1.735298323851031114e-16
3783 11.8856850444549309 2.089109250709099364 3.736673673121976556e-16 6.307298414800908316e-16 0.1790195138634082805 1.319365062222920181e-16 1.883668277557373867e-16
3784 11.88896061988931052 2.089696239722838467 3.740072576382181316e-16 6.313232635643149377e-16 0.1792267048879515601 1.037794945562653211e-16 1.811909290869068359e-16
3785 11.89223574015727714 2.090283822395999636 3.743049244530809977e-16 6.318106653077726859e-16 0.1794328834959592056 9.089991477209095855e-17 1.488401619793831983e-16
3786 11.89551040565734041 2.090871988660555125 3.746280190242450257e-16 6.321310684098274829e-16 0.1796360225960618173 9.867860022567625664e-17 9.785657959163372889e-17
3787 11.89878461678746469 2.091460712376255859 3.750383445915872624e-16 6.32268710389331702e-16 0.1798312114672430406 1.253378145015560483e-16 4.204404080026808155e-17
3788 11.90205837394506361 2.092049946069865829 3.755700054858195507e-16 6.322712520099935152e-16 0.180011929496111972 1.624233380512281687e-16 7.764695813174283294e-19
3789 11.90533167752699484 2.092639628942184249 3.762091732402518924e-16 6.322552954638654984e-16 0.1801740989616665845 1.952939107548059281e-16 -4.875427888643198694e-18
3790 11.90860452792956004 2.09322967788791825 3.768978138741196411e-16 6.32309394898697859e-16 0.1803108956927340356 2.104391684805541799e-16 1.653204809807600025e-17
3791 11.9118769255485013 2.093819776977047464 3.775276447302751181e-16 6.324155788238789308e-16 0.1803511512442255993 1.924943150894127591e-16 3.245284309504315073e-17
3792 11.91514887077900298 2.094409546709368186 3.780080260208753634e-16 6.325303652134241275e-16 0.1802753940331696947 1.468385400321438162e-16 3.508684910544920614e-17
3793 11.91842036401568983 2.094998684007421286 3.783023313092436791e-16 6.326411357930735742e-16 0.180106939452964937 8.997295694571479388e-17 3.386400784338463434e-17
3794 11.92169140565263241 2.095587026378140205 3.784358151986488394e-16 6.327847885389177084e-16 0.1798887336040479179 4.081339202597086608e-17 4.392257266304104422e-17
3795 11.92496199608334706 2.096174511678021268 3.784753133358593099e-16 6.330218647181274151e-16 0.1796514426312172397 1.2078425336845459e-17 7.249726523734378585e-17
3796 11.92823213570080121 2.096761046568126563 3.784956093983300573e-16 6.334180725469925407e-16 0.1793855179607514172 6.207336921128979239e-18 1.211759910622123131e-16
3797 11.93150182489741518 2.097346648660185497 3.785200540312843063e-16 6.339027029641353978e-16 0.1791248856468539152 7.477162636522628275e-18 1.482395114854955971e-16
3798 11.93477106406507282 2.097931365170573326 3.785299834507877336e-16 6.343000858963549941e-16 0.178878604759457327 3.037644183615516993e-18 1.215688341406870456e-16
3799 11.93803985359512332 2.098515226908337361 3.785133004469944328e-16 6.344633850589664071e-16 0.1786416612593622055 -5.104426818319669255e-18 4.996394146820327269e-17
3800 11.94130819387839182 2.099098272063583792 3.78477191456408613e-16 6.343637422044292353e-16 0.1784163177720012039 -1.104962982851437896e-17 -3.04914825873067446e-17
3801 11.94457608530518122 2.099680598529142461 3.784504691878202487e-16 6.341131591961017162e-16 0.1782208511882797664 -8.178342794247454085e-18 -7.669085930107309623e-17
3802 11.94784352826528462 2.100262399029214411 3.784523390148733998e-16 6.339047097843248822e-16 0.1780843010047318264 5.723385313629603611e-19 -6.380463369582588975e-17
3803 11.95111052314798528 2.100843949955366607 3.784798947390316564e-16 6.338943409121311101e-16 0.1780323049381660472 8.435734284859501043e-18 -3.174260642113481738e-18
3804 11.95437707034207087 2.101425557977030678 3.78516079296546108e-16 6.341295567272437814e-16 0.1780741681461225356 1.107882755930339623e-17 7.201733650643128824e-17
3805 11.95764317023583345 2.102007493875945876 3.785365377492202071e-16 6.345706213345031367e-16 0.1781989397701103373 6.264735656726075096e-18 1.350616889768891772e-16
3806 11.96090882321707838 2.102589954097571212 3.785203757054930169e-16 6.351408760804890188e-16 0.1783838876545693342 -4.949776972669216079e-18 1.746458466444023952e-16
3807 11.9641740296731296 2.103173021861958869 3.784707707125976038e-16 6.357915838973045233e-16 0.1785943553730942046 -1.519406880389617358e-17 1.993125845371579583e-16
3808 11.96743878999083144 2.10375671097875161 3.784061993986465135e-16 6.365110852249689946e-16 0.1788090899454939375 -1.978097167140330362e-17 2.204142135135336156e-16
3809 11.97070310455655395 2.104341006500340949 3.783694339755856488e-16 6.372944324103219358e-16 0.1790192822843139075 -1.126436778315187172e-17 2.400056918455540072e-16
3810 11.9739669737561929 2.104925891361666412 3.784254304857534801e-16 6.38110250785282616e-16 0.1792242816374195469 1.71588204322577946e-17 2.499884539114242401e-16
3811 11.97723039797517508 2.105511355952739194 3.786378709115493992e-16 6.388725634266764811e-16 0.1794263705772068118 6.510626798897806337e-17 2.336247017771174282e-16
3812 11.98049337759845656 2.106097393757416114 3.790498441579072979e-16 6.39481077027202915e-16 0.1796264961630751611 1.262739539422586721e-16 1.865155542147967797e-16
3813 11.9837559130105209 2.106683991428779379 3.796538838402651695e-16 6.398689997045979832e-16 0.179822563562071519 1.851694431762024085e-16 1.18918389414871359e-16
3814 11.98701800459537914 2.107271120313999102 3.803881439052879528e-16 6.400426474447603698e-16 0.1800098783818379067 2.251193363717960995e-16 5.323926206801245949e-17
3815 11.99027965273656804 2.107858731591614632 3.811503586478340576e-16 6.400678088445541162e-16 0.180182252601806342 2.337218064220801947e-16 7.715368758501061733e-18
3816 11.99354085781714829 2.10844678100548677 3.818494081936943927e-16 6.400711996258896641e-16 0.1803410801756245851 2.143822393540173214e-16 1.03987378317863789e-18
3817 11.9968016202196992 2.109035152920387901 3.824170294319306639e-16 6.400600922678132628e-16 0.1804644622799851938 1.740998489946372413e-16 -3.406830529881389325e-18
3818 12.0000619403263169 2.109623497518579249 3.828347661447432068e-16 6.399475889202392558e-16 0.1804805466606291542 1.281448840022775754e-16 -3.451151881690700633e-17
3819 12.00332181851860724 2.11021143053496818 3.831311647561787854e-16 6.396351133247693299e-16 0.1803787211977124771 9.093553347946022163e-17 -9.586797601966985951e-17
3820 12.00658125517768227 2.110798665925790907 3.833502858875503677e-16 6.39090363261722346e-16 0.1801890765592121246 6.723578812431660295e-17 -1.67152750583502132e-16
3821 12.00984025068416017 2.111385076172944686 3.835310718472147377e-16 6.383943888732692831e-16 0.1799602262427162924 5.548041215279489375e-17 -2.135837649718730896e-16
3822 12.01309880541815289 2.111970566479639544 3.836723965691306154e-16 6.377106392641484234e-16 0.1797021974662389721 4.337623150067713347e-17 -2.098605320545011822e-16
3823 12.0163569197592679 2.112555088252335622 3.837569900551812616e-16 6.372362364637933001e-16 0.1794291614086332698 2.5967447187956575e-17 -1.456262206367178896e-16
3824 12.01961459408660282 2.113138709844363028 3.83738551119280092e-16 6.37022982195052703e-16 0.1791770158397923973 -5.660917202456270091e-18 -6.547095585565423385e-17
3825 12.02287182877874372 2.113721512351464771 3.835816998919059918e-16 6.369656480486634774e-16 0.1789496818978010551 -4.816121568086363432e-17 -1.760446657867250103e-17
3826 12.02612862421375617 2.114303545148707553 3.833088359434732775e-16 6.369214228574742361e-16 0.1787374285752315328 -8.379424789255626823e-17 -1.358118818881194357e-17
3827 12.02938498076919238 2.114884852568122753 3.829953543119025262e-16 6.368178970462465623e-16 0.1785387131901661206 -9.62805655666521549e-17 -3.179619681638392553e-17
3828 12.03264089882208054 2.115465528741961698 3.827211018148135945e-16 6.36681835385099203e-16 0.1783688386616979205 -8.424333838672990278e-17 -4.179465522891341735e-17
3829 12.03589637874893192 2.116045754243883081 3.825161508892541094e-16 6.366156573122422019e-16 0.178254372879174755 -6.296413822837123448e-17 -2.033094173973796986e-17
3830 12.03915142092573731 2.116625786931272568 3.823420565779851335e-16 6.367045931400172822e-16 0.1782190842316380974 -5.349169003550948787e-17 2.732615269114957112e-17
3831 12.04240602572796703 2.117205912108581334 3.821309319226349604e-16 6.36957215022307516e-16 0.1782714391197970372 -6.487823251792006395e-17 7.763025683172515593e-17
3832 12.04566019353057804 2.117786381365911019 3.818377731225224984e-16 6.373044271846353143e-16 0.1784011111167189689 -9.009926884727124161e-17 1.067120002831546674e-16
3833 12.04891392470801392 2.118367375922222795 3.814958574544022058e-16 6.376428479673719079e-16 0.1785865006072123173 -1.050982698702477518e-16 1.040240096316277234e-16
3834 12.0521672196342049 2.118948966805528134 3.812206500455389594e-16 6.379147149955562332e-16 0.178793754865125526 -8.460477529788942061e-17 8.357786923486729934e-17
3835 12.0554200786825767 2.119531165250466476 3.811584057817433153e-16 6.381252652585848006e-16 0.1790044983856017569 -1.913780999415468985e-17 6.473642199848542268e-17
3836 12.05867250222605769 2.120113955628171176 3.814136306094951916e-16 6.383349199258541378e-16 0.1792104718854883316 7.848269904258471583e-17 6.446968462710949095e-17
3837 12.06192449063707528 2.120697319811027715 3.819946840374922864e-16 6.386111463397426194e-16 0.1794109049277032297 1.787002431617792398e-16 8.495213168216811938e-17
3838 12.06517604428757018 2.121281246076268001 3.82838807475562906e-16 6.389856167815683558e-16 0.1796077652911555467 2.596408714024182368e-16 1.151820070916450317e-16
3839 12.06842716354899991 2.121865725394126656 3.838247593796283198e-16 6.394263953130836853e-16 0.1798018799439616289 3.033058663816612272e-16 1.355955740157651511e-16
3840 12.07167784879234063 2.122450742528700474 3.84836551258924864e-16 6.398565204723231143e-16 0.1799913383129194688 3.11296479514838703e-16 1.323359581765930166e-16
3841 12.07492810038809772 2.12303626806101553 3.85791463204681298e-16 6.401769049979614321e-16 0.180171774229358761 2.938354862501907882e-16 9.858536517039310446e-17
3842 12.07817791870630941 2.123622257786687673 3.866723039320632389e-16 6.403642529722028095e-16 0.1803386338305068559 2.71079178421047378e-16 5.765643362921068839e-17
3843 12.08142730411655208 2.124208678423993746 3.87476486305534357e-16 6.404157581900547318e-16 0.1804952735600485192 2.475204797680532388e-16 1.585286702846187242e-17
3844 12.08467625698794556 2.124795372270611882 3.881742328165109453e-16 6.402356812051985331e-16 0.1806033886130194721 2.147889994102561346e-16 -5.54335346513340802e-17
3845 12.08792477768915674 2.125381963758335324 3.887331038924671367e-16 6.397866720887882045e-16 0.1805958845090470388 1.720615085646301156e-16 -1.382379393971193938e-16
3846 12.09117286658840129 2.125968077884153207 3.891448788016795182e-16 6.391341041860297947e-16 0.1804728891903052967 1.267913607403857842e-16 -2.009349538185969665e-16
3847 12.09442052405345081 2.126553456196344172 3.894293086567761412e-16 6.384224953259729779e-16 0.1802702492560910585 8.759163058543183317e-17 -2.191435929615818341e-16
3848 12.09766775045163101 2.127137990010646629 3.896242399906296482e-16 6.378066909648178178e-16 0.1800340608521116825 6.00380658266004435e-17 -1.896652633543855148e-16
3849 12.10091454614982176 2.127721586826086586 3.897662293799449345e-16 6.373791070278092385e-16 0.1797692957781842904 4.373795718188096326e-17 -1.317115878779748482e-16
3850 12.10416091151446061 2.128304235002853151 3.898811256927209292e-16 6.371597509026101407e-16 0.1795008542963361653 3.53969807530382333e-17 -6.757870948280587062e-17
3851 12.10740684691153923 2.128886032868753553 3.899338457470834781e-16 6.370266697350642475e-16 0.1792626181055806955 1.624401794097256571e-17 -4.100475425070087095e-17
3852 12.11065235270660345 2.129467077403350395 3.898750525357873061e-16 6.36812058604978091e-16 0.1790541838336475733 -1.811766540562597933e-17 -6.613438118962606081e-17
3853 12.11389742926475321 2.130047423011785845 3.897197304953355733e-16 6.364450233771536954e-16 0.1788624419720908909 -4.787023291548838883e-17 -1.131202100683631926e-16
3854 12.11714207695063195 2.130627111246262917 3.895570567040886019e-16 6.359999121746961432e-16 0.1786834374335289632 -5.014266371401391667e-17 -1.372013350711612659e-16
3855 12.12038629612843188 2.131206227576254442 3.89493363949385511e-16 6.356569572239183203e-16 0.1785307142227773314 -1.963528292859140455e-17 -1.057265857266837444e-16
3856 12.12363008716188517 2.131784939312259208 3.895919442490133233e-16 6.355914299143897367e-16 0.1784295162070658747 3.039446770436513723e-17 -2.020350618470812531e-17
3857 12.12687345041426035 2.132363488339179103 3.898145156727023136e-16 6.358749163052048991e-16 0.1784028597904599722 6.863269428545689266e-17 8.741658957122803719e-17
3858 12.13011638624835875 2.132942144112321525 3.900422066619391421e-16 6.364493451247332442e-16 0.178459277286112189 7.022062384877788016e-17 1.771556713737112317e-16
3859 12.13335889502650922 2.133521148358541009 3.901517779766407681e-16 6.37163883102036234e-16 0.1785902488610528194 3.379658869233416904e-17 2.203947829751095693e-16
3860 12.13660097711056451 2.13410066788100794 3.901033769142930649e-16 6.378407132187357035e-16 0.1787726911558523146 -1.493096925168521501e-17 2.087914845433115753e-16
3861 12.13984263286189957 2.134680770427849872 3.89980260358419821e-16 6.383477358300197454e-16 0.1789760635024051916 -3.798451953387377866e-17 1.564290858027237816e-16
3862 12.14308386264140083 2.135261466445959488 3.899548084681819836e-16 6.386358213514196291e-16 0.1791826929348266928 -7.853572421498150884e-18 8.889322108324798123e-17
3863 12.14632466680947331 2.135842739921709033 3.901923249275359387e-16 6.387280419074902077e-16 0.1793844148225167412 7.329897690067516899e-17 2.845980622804472735e-17
3864 12.14956504572602825 2.13642457166231603 3.907669996680194598e-16 6.386907102875846676e-16 0.179580245958544632 1.773712639577866824e-16 -1.152226840989329361e-17
3865 12.15280499975048834 2.137006948305933296 3.916143724291256981e-16 6.386005749696306877e-16 0.1797719839198958225 2.61572788080208694e-16 -2.782358308394587616e-17
3866 12.15604452924178425 2.137589859380765844 3.925693019714723289e-16 6.385221232863140505e-16 0.1799605192984381763 2.948127488974983034e-16 -2.422017058702472508e-17
3867 12.15928363455835459 2.138173289112200059 3.934471656407555058e-16 6.385009126477016371e-16 0.1801442134619106739 2.710558816416519492e-16 -6.549158542993857665e-18
3868 12.16252231605814949 2.138757208752356753 3.941257295211515564e-16 6.385595750120711933e-16 0.1803190582275404352 2.095459570899295528e-16 1.811540761614401584e-17
3869 12.16576057409862699 2.139341586725822975 3.945868861393319233e-16 6.387088361095973446e-16 0.180484176813182462 1.424274637193102462e-16 4.609904469439673883e-17
3870 12.168998409036762 2.139926395158588068 3.948982749878715914e-16 6.389590056626219745e-16 0.1806407086989589572 9.618449244176263622e-17 7.727454465663935861e-17
3871 12.17223582122904624 2.140511436539826562 3.951503203716780901e-16 6.392320375692611629e-16 0.180736244765472065 7.786412660797629645e-17 8.434747197309844444e-17
3872 12.17547281103149359 2.14109631113936727 3.954280002037065294e-16 6.394458808833661652e-16 0.1807082815617411797 8.57945366572927621e-17 6.607101393312688215e-17
3873 12.17870937879964544 2.141680650372305816 3.957825631930788204e-16 6.395596694465792107e-16 0.1805663949900797316 1.095633446788716255e-16 3.516175107247300999e-17
3874 12.18194552488857241 2.142264222018339215 3.962264446046967029e-16 6.395832873071901983e-16 0.1803526840322862701 1.371814489642265463e-16 7.299094432082572316e-18
3875 12.18518124965288507 2.142846925249496159 3.967268323209937719e-16 6.395622190945637722e-16 0.1801077327773341619 1.546648315523638281e-16 -6.511973517435937144e-18
3876 12.18841655344673924 2.143428678040518065 3.972145965167879366e-16 6.395394761785390928e-16 0.1798373416204247233 1.507826308063775384e-16 -7.030521592163825162e-18
3877 12.19165143662383777 2.144009508976118639 3.976237898958052285e-16 6.395500752721993104e-16 0.1795756980727301888 1.265104562789703995e-16 3.276925394821025035e-18
3878 12.19488589953744118 2.144589547139662322 3.978782676450857051e-16 6.395466815641668285e-16 0.1793538808910466464 7.868718784815411298e-17 -1.049370100954082213e-18
3879 12.19811994254037124 2.145168906190418667 3.979250903168633729e-16 6.394394516114001497e-16 0.1791671357763565398 1.447993947941747677e-17 -3.316092754839519766e-17
3880 12.20135356598501453 2.145747642740737149 3.977974570745493569e-16 6.392019930159508753e-16 0.178997832385384914 -3.947577477517422194e-17 -7.344373505237324883e-17
3881 12.20458677022333305 2.146325788738822293 3.976128920258009069e-16 6.389144992916460389e-16 0.1788383482030055371 -5.709164910507201834e-17 -8.893065582687801327e-17
3882 12.20781955560686249 2.146903412122073362 3.975115225214008068e-16 6.387147356072131731e-16 0.1786998211283452598 -3.136076694507031427e-17 -6.18010553436531976e-17
3883 12.21105192248671756 2.147480659376661993 3.975888774451771971e-16 6.387291791880067124e-16 0.1786065632132118886 2.393445265176496915e-17 4.469000598117527549e-18
3884 12.21428387121359371 2.148057753033357553 3.978498711292540109e-16 6.389972275486400158e-16 0.1785821241498327938 8.076471808579360648e-17 8.29477937617044276e-17
3885 12.21751540213777254 2.148634948395887978 3.98229922932759753e-16 6.394600910263755101e-16 0.1786366735954716678 1.176225492779564621e-16 1.432520033234975639e-16
3886 12.2207465156091164 2.149212481338946823 3.986349697687103938e-16 6.400062092295176927e-16 0.1787642282905784474 1.253744672412365524e-16 1.690403990170635433e-16
3887 12.22397721197707199 2.149790513825471816 3.990138381476311852e-16 6.405153327213232644e-16 0.1789419355810547008 1.172865585152373682e-16 1.576097281679579736e-16
3888 12.22720749159067033 2.150369115456467028 3.993801438054401259e-16 6.409108566270150062e-16 0.1791412186091874414 1.134121274605889178e-16 1.224584077525363778e-16
3889 12.23043735479851968 2.150948298436646144 3.99769023016679896e-16 6.411664354073075958e-16 0.1793443128886560156 1.204166512540075158e-16 7.914010305745913081e-17
3890 12.23366680194881084 2.151528046709493491 4.002085953329690723e-16 6.412927198099541556e-16 0.1795424676194828373 1.361313212304548509e-16 3.9109065666821884e-17
3891 12.23689583338930476 2.152108339305981222 4.007004194551686368e-16 6.413370695148229524e-16 0.1797341593000399973 1.523327984228218537e-16 1.373644428353438995e-17
3892 12.2401244494673378 2.152689160597456741 4.012339283872678979e-16 6.413703873990310661e-16 0.1799210396861408712 1.652650878229140174e-16 1.032088261025591053e-17
3893 12.24335265052980937 2.153270498742733796 4.018058591936740804e-16 6.414635712981934084e-16 0.180104280280332707 1.771897940893997757e-16 2.886928929177423131e-17
3894 12.24658043692318188 2.153852338238756214 4.024217602473260554e-16 6.416639290437592192e-16 0.180282745016580509 1.908367056035893904e-16 6.208077073293803738e-17
3895 12.24980780899347543 2.154434652499612302 4.030833613479224091e-16 6.419624354346985854e-16 0.1804529975635640049 2.050231461246811149e-16 9.250395646796039648e-17
3896 12.25303476708626604 2.155017423706565349 4.03775206391451143e-16 6.4233417922023216e-16 0.1806177519336357729 2.144229072364690935e-16 1.152142144932434291e-16
3897 12.25626131154667497 2.15560062110786399 4.044267176800437418e-16 6.426663762982269228e-16 0.1807729971534881852 2.019481706467109232e-16 1.029707287806806167e-16
3898 12.2594874427193723 2.156184035882359851 4.04950941683602407e-16 6.4281996694587202e-16 0.1808635265210798981 1.625138856871740156e-16 4.761440297385178006e-17
3899 12.262713160948568 2.156767262122798012 4.052966277042087392e-16 6.427434224219113913e-16 0.1808282089962517936 1.071793064974232892e-16 -2.373248701202014869e-17
3900 12.26593846657801379 2.157349932075607768 4.054732976118360292e-16 6.425127684874991937e-16 0.1806788273034533321 5.478317798263406973e-17 -7.15229645557887612e-17
3901 12.26916335995099949 2.157931822568033287 4.055394266237898908e-16 6.42280129719537103e-16 0.1804601762363959028 2.050841748898898178e-17 -7.214765254346093824e-17
3902 12.27238784141034955 2.15851284536739918 4.055576549428736567e-16 6.421918137759057557e-16 0.1802140832970628992 5.653822564815282271e-18 -2.73926889605859714e-17
3903 12.27561191129842832 2.159092926033820969 4.055571494875447122e-16 6.423147815205554329e-16 0.1799448166929175641 -1.567955489282414616e-19 3.814539865053516994e-17
3904 12.27883556995713654 2.159672109551757924 4.055414304522980027e-16 6.426260534889582077e-16 0.179689418600614631 -4.876769136157059287e-18 9.657090938670299146e-17
3905 12.28205881772791486 2.160250540183106693 4.054732789824524212e-16 6.429774702577343763e-16 0.1794786987909753329 -2.114642009891823914e-17 1.09039564945263281e-16
3906 12.2852816549517474 2.160828343292048093 4.053112747048602058e-16 6.431720596435736912e-16 0.1793068099971872054 -5.027399432683895418e-17 6.038597143941883188e-17
3907 12.28850408196916355 2.161405578360148017 4.05042481453996144e-16 6.430830229702898193e-16 0.1791533194995472422 -8.342390442401101078e-17 -2.763382971258258986e-17
3908 12.2917260991202415 2.161982269767949383 4.046970084115882811e-16 6.42719652658388856e-16 0.1790073388943914934 -1.072362257259512522e-16 -1.127916103599033032e-16
3909 12.29494770674461535 2.162558469040433806 4.043290600066902076e-16 6.422000192158865179e-16 0.1788772979305175703 -1.142271772788195735e-16 -1.613168057439035346e-16
3910 12.29816890518148043 2.163134302128796982 4.039912853659503539e-16 6.416816630314700897e-16 0.1787863108127455414 -1.0487324039615399e-16 -1.609407166271246955e-16
3911 12.3013896947695951 2.163709972958870242 4.037199507635587241e-16 6.412899352358153003e-16 0.1787586053278875098 -8.425543308237335504e-17 -1.216401991577285808e-16
3912 12.30461007584729138 2.164285724907554442 4.035410850778911868e-16 6.410742536040545256e-16 0.1788064575812993717 -5.554881700384800571e-17 -6.698243684392579353e-17
3913 12.30783004875247677 2.164861790674808439 4.03462695163852041e-16 6.41032241136467115e-16 0.1789265800502739812 -2.434798251650342336e-17 -1.304911274404304215e-17
3914 12.31104961382264307 2.165438333904896151 4.034868191060650957e-16 6.411259356536640194e-16 0.1790975487071159444 7.493868091830413657e-18 2.910529077708740634e-17
3915 12.3142687713948682 2.166015429525177449 4.035884412929379469e-16 6.413360952369275665e-16 0.1792918203029528756 3.157193752175745872e-17 6.529228937668027757e-17
3916 12.31748752180582507 2.166593093728333752 4.037133660556157411e-16 6.416629600584468202e-16 0.1794911536719440148 3.881647789963964714e-17 1.015630596265219483e-16
3917 12.32070586539178336 2.167171311561895575 4.03796796824500585e-16 6.421013599784548999e-16 0.179685872086015247 2.592678675013031586e-17 1.362363237118957427e-16
3918 12.32392380248861308 2.167750060812472235 4.03783887728950574e-16 6.426247825033773151e-16 0.1798737170824442066 -4.012112324008143889e-18 1.626783189242777344e-16
3919 12.32714133343178808 2.16832932395289335 4.036699833573151121e-16 6.431955931193124941e-16 0.1800561426696647149 -3.540563926610013212e-17 1.774287893158331906e-16
3920 12.3303584585563879 2.168909088227647608 4.035064670334893724e-16 6.437808899201881006e-16 0.1802346301544983376 -5.083325315523879928e-17 1.819545581367804505e-16
3921 12.33357517819709948 2.169489339007608208 4.033891183873942121e-16 6.44371041745167957e-16 0.1804085954786922574 -3.64854389765704762e-17 1.834869775979807661e-16
3922 12.33679149268821718 2.170070052451301468 4.034217515961810436e-16 6.449657632661290697e-16 0.1805751722850811869 1.014742703633008875e-17 1.849310400430665196e-16
3923 12.3400074023636428 2.170651221168429235 4.036805117609934677e-16 6.45596500764801947e-16 0.180739473955620622 8.047263159652492529e-17 1.961550240996940768e-16
3924 12.34322290755688378 2.171232815771270808 4.041521007332738575e-16 6.462276049035552348e-16 0.1808946576956815822 1.466793627329640019e-16 1.962937183260308496e-16
3925 12.34643800860104967 2.171814642304361609 4.047523095410547257e-16 6.467555925026861567e-16 0.1809895277412397196 1.867077255643375292e-16 1.642417813300314744e-16
3926 12.34965270582885211 2.172396301543005226 4.053797271117092439e-16 6.470814019688790814e-16 0.180960199974000896 1.951960899265290556e-16 1.013626918283019418e-16
3927 12.35286699957259771 2.172977417457738092 4.05974986486504599e-16 6.471679184161877913e-16 0.1808138448312995861 1.852145733749414774e-16 2.691953719118515002e-17
3928 12.35608089016418987 2.173557758493282144 4.065446979897340082e-16 6.47060441718379483e-16 0.1805953770212612441 1.772875902573546365e-16 -3.344549768654450531e-17
3929 12.35929437793511809 2.174137224111821531 4.071246300711511629e-16 6.46864089501735905e-16 0.1803455457295917996 1.804907217323564637e-16 -6.111017898707803272e-17
3930 12.36250746321646155 2.174715743550202252 4.077412447285427741e-16 6.467134066952118835e-16 0.1800736071181408549 1.919313651226257609e-16 -4.690248019566233394e-17
3931 12.36572014633887662 2.175293371843843193 4.083748931712655818e-16 6.467120112533171047e-16 0.1798187147462736168 1.972580807168693852e-16 -4.344083743429421614e-19
3932 12.36893242763260048 2.175870266391151997 4.089464846335502078e-16 6.469033124335841392e-16 0.179612745232505866 1.779616607078763791e-16 5.956050427980591951e-17
3933 12.37214430742744575 2.176446573959941233 4.093062897778791691e-16 6.471781052991318573e-16 0.1794524068261210137 1.12037222197016916e-16 8.556583979071154117e-17
3934 12.37535578605279341 2.177022366372275197 4.093772456094432794e-16 6.474205078700635096e-16 0.1793143769544915667 2.209720110175214607e-17 7.548947337218874244e-17
3935 12.37856686383759275 2.177597664691162116 4.09203631659112939e-16 6.475813083689431304e-16 0.1791828545851855692 -5.407393380913852638e-17 5.00830464161982618e-17
3936 12.38177754111036322 2.178172501509509917 4.089371022742610167e-16 6.476961500539563665e-16 0.1790614337773407116 -8.302379435705984686e-17 3.577313790542245485e-17
3937 12.38498781819919081 2.178746975343138548 4.087503124216926165e-16 6.478530680316945237e-16 0.1789706558887688981 -5.819221080334819907e-17 4.888597487398087708e-17
3938 12.38819769543172278 2.179321264495087007 4.087565684325730079e-16 6.481029725785833426e-16 0.1789353923008485392 1.949230204552522877e-18 7.786455304543146168e-17
3939 12.39140717313517825 2.179895596840872418 4.089593569745434098e-16 6.484156768127743387e-16 0.1789711113571848256 6.319214126328634674e-17 9.744362254704608695e-17
3940 12.3946162516363394 2.180470202179798367 4.092676828252277435e-16 6.486990955700378272e-16 0.1790784391215126392 9.609119223388934199e-17 8.832878017349005741e-17
3941 12.39782493126156204 2.181045252605852358 4.095556690540915157e-16 6.48859162920774669e-16 0.1792394159279526167 8.976340355236163035e-17 4.989193495967200548e-17
3942 12.40103321233677569 2.181620834097317552 4.097435688436960433e-16 6.488807708244188738e-16 0.1794272167196570011 5.857439262878872256e-17 6.735876791588056576e-18
3943 12.40424109518748352 2.182196971366533678 4.098272452354601876e-16 6.48848069191897431e-16 0.1796227505245084066 2.608785170777971881e-17 -1.019541261084490244e-17
3944 12.40744858013877128 2.182773652972020084 4.098699262406187731e-16 6.488949759145858788e-16 0.1798147470832412997 1.330833873465341776e-17 1.46259571945439276e-17
3945 12.4106556675153108 2.183350855947291169 4.099589201799233034e-16 6.491356456606585128e-16 0.1799996109950507128 2.775258469209263515e-17 7.505238629621666948e-17
3946 12.41386235764136181 2.183928560304879252 4.101605077874821148e-16 6.495982114282714922e-16 0.1801782686912221654 6.28724807809996314e-17 1.442680811900201697e-16
3947 12.4170686508407826 2.184506751685725945 4.104889440550463818e-16 6.502220673137369885e-16 0.1803524734776983662 1.02447554905172179e-16 1.945963841116750812e-16
3948 12.42027454743702997 2.185085416121926194 4.109155765755431614e-16 6.508962551361413881e-16 0.1805223456966222606 1.330938943756205852e-16 2.10322182472020519e-16
3949 12.42348004775316639 2.185664532894355805 4.113959386157141121e-16 6.515173487582774863e-16 0.1806857773158682401 1.498740716093995698e-16 1.93782651866144426e-16
3950 12.42668515211186353 2.186244101971230869 4.118956085814859487e-16 6.520514438286769945e-16 0.1808492212152864875 1.559174355225004879e-16 1.666594740655598696e-16
3951 12.42988986083540937 2.186824100100788204 4.123577462904953075e-16 6.524836965853249795e-16 0.1810054308959990754 1.442236291630611207e-16 1.348971530869945579e-16
3952 12.43309417424570995 2.187404361143762799 4.127172792266951121e-16 6.528109693138013292e-16 0.1811098059205642763 1.122166326441725071e-16 1.021476472616530956e-16
3953 12.4362980926642912 2.187984499031748076 4.129241148749579647e-16 6.530505521386258077e-16 0.1810936748463751744 6.456504291285339896e-17 7.478727915565641198e-17
3954 12.43950161641230423 2.188564126848977498 4.129681764354066848e-16 6.532358397152791946e-16 0.1809567286138969444 1.375578534953127095e-17 5.784579816106258941e-17
3955 12.4427047458105271 2.18914299682243918 4.128814459071285611e-16 6.533992684707134214e-16 0.1807423676318686001 -2.708014190683419818e-17 5.102786731130008567e-17
3956 12.44590748117936307 2.189720998703288846 4.127126474168533423e-16 6.535530312473146053e-16 0.1804935082858661333 -5.271095598916752776e-17 4.801573128397477853e-17
3957 12.44910982283884415 2.190298057960181843 4.125268645420509528e-16 6.537080096412780164e-16 0.1802212928729813868 -5.802182269947705948e-17 4.840127975389543845e-17
3958 12.4523117711086293 2.190874228903037846 4.12368594616862525e-16 6.538822032806229146e-16 0.1799659562229699861 -4.943532606258333733e-17 5.440906949813320061e-17
3959 12.45551332630800445 2.19144967220800746 4.122373681240731375e-16 6.540789837890822952e-16 0.1797607320278740706 -4.099338753538877645e-17 6.147157842307839277e-17
3960 12.45871448875587717 2.19202455635006288 4.120768968050101889e-16 6.542644472127881624e-16 0.1796080753628347404 -5.013522318562991097e-17 5.794337701316089603e-17
3961 12.46191525877077844 2.192598969214564875 4.11845131373076319e-16 6.544293536111904418e-16 0.1794828243525305733 -7.24181453471296034e-17 5.152716446333081536e-17
3962 12.46511563667085909 2.19317293221350873 4.115529997789493455e-16 6.545938231449982696e-16 0.1793642161134674784 -9.129151962581218446e-17 5.139695252181137633e-17
3963 12.46831562277388805 2.19374646011192409 4.11274245765330713e-16 6.548027444139792042e-16 0.1792501757031552123 -8.712166584599595058e-17 6.529616828829765441e-17
3964 12.47151521739724345 2.19431962225859456 4.110965714978795127e-16 6.550928983325050608e-16 0.1791577665241677608 -5.55370327755840736e-17 9.06956753744009432e-17
3965 12.47471442085791615 2.194892568280125023 4.11070465596040282e-16 6.554698964028259229e-16 0.1791120926926040857 -8.161122574104719297e-18 1.178556282420770207e-16
3966 12.47791323347250447 2.195465508223618301 4.111688621643324779e-16 6.558935007174076152e-16 0.1791320620983060385 3.076409732250410995e-17 1.32441655092314018e-16
3967 12.48111165555720703 2.19603866779445589 4.113062304931198709e-16 6.562955566895010801e-16 0.1792225950290575742 4.295402120582172205e-17 1.257198140479742936e-16
3968 12.48430968742782454 2.196612231555055583 4.113900473720838934e-16 6.566161156871514098e-16 0.1793708506563036764 2.621208993993899455e-17 1.002485583014502037e-16
3969 12.48750732939975627 2.197186299876900062 4.113821320512692947e-16 6.568316001323213329e-16 0.179550517799549253 -2.475663430168360917e-18 6.739675790449677402e-17
3970 12.49070458178799825 2.197760909234022897 4.113051395734988108e-16 6.569553604962049253e-16 0.1797416203659820688 -2.408375801562305759e-17 3.871306317199750528e-17
3971 12.4939014449071415 2.198336053988672045 4.112092925518716567e-16 6.570239131431488894e-16 0.1799309880510731596 -2.998523269788417115e-17 2.144633224669425189e-17
3972 12.49709791907136847 2.19891171151429976 4.111219187452747354e-16 6.570936791716110716e-16 0.1801133046874413279 -2.733775612875087211e-17 2.18285862371808721e-17
3973 12.50029400459446016 2.199487859527773814 4.110414323544107973e-16 6.572229435541354226e-16 0.1802886751334784321 -2.518586272239672795e-17 4.044950901895540677e-17
3974 12.5034897017897908 2.200064481818760687 4.109455982581627832e-16 6.574437346226647626e-16 0.1804589973636450961 -2.999211995876065251e-17 6.909849909804932913e-17
3975 12.50668501097032781 2.200641564895233326 4.108002870158574128e-16 6.577549819165928681e-16 0.1806251203323422927 -4.54819447963750287e-17 9.741938762528257508e-17
3976 12.50987993244864072 2.20121909125042059 4.105973485586928392e-16 6.581229505884570976e-16 0.180785785730149029 -6.352677778917102357e-17 1.151869605076469407e-16
3977 12.51307446653689581 2.201797066082630483 4.103743325896092833e-16 6.585129474697986449e-16 0.1809480998857408707 -6.982019562263685162e-17 1.22097348720745129e-16
3978 12.51626861354686504 2.202375474362039842 4.101916093065456302e-16 6.588430297190247255e-16 0.1811057297322418991 -5.721258615472623584e-17 1.033522318850414949e-16
3979 12.51946237378992599 2.202954179623048514 4.101172464532428623e-16 6.590267702368136493e-16 0.1812206461201952279 -2.328661104510447177e-17 5.753805537230852418e-17
3980 12.52265574757706545 2.203532811151268866 4.102096460855814966e-16 6.590383460910470501e-16 0.1812194700166203376 2.893829939346648773e-17 3.625399009301598843e-18
3981 12.52584873521888653 2.204110974134894541 4.105077774381891435e-16 6.589215565331697887e-16 0.1810946114258611961 9.338194070427884116e-17 -3.658131046326098801e-17
3982 12.52904133702560863 2.204688405301185039 4.1100465158840163e-16 6.587639787633821902e-16 0.1808872317466547197 1.556517812084273751e-16 -4.936312451714209234e-17
3983 12.53223355330707278 2.205264984558263475 4.11650041218205539e-16 6.586456478756445767e-16 0.180642159692844001 2.022004349616936368e-16 -3.707304218263521649e-17
3984 12.53542538437274878 2.205840635106177228 4.123556820446094803e-16 6.586035523034150186e-16 0.1803729466947026627 2.211037853222722534e-16 -1.319012451800648047e-17
3985 12.53861683053173515 2.206415405344293035 4.130330737110903401e-16 6.586291687624967077e-16 0.1801188184945968496 2.122778434468424934e-16 8.027566561088578579e-18
3986 12.5418078920927627 2.206989447824490469 4.13628838076056644e-16 6.586985447732877856e-16 0.1799124234019578439 1.867203462725335571e-16 2.17433494174226939e-17
3987 12.5449985693641981 2.207562945215964856 4.141005671680092787e-16 6.587469350019515088e-16 0.1797632190429228616 1.478638636307994639e-16 1.516795613044337805e-17
3988 12.54818886265404743 2.20813601227565437 4.144409408369535774e-16 6.587018736116168293e-16 0.1796499364217296058 1.067032329839272628e-16 -1.412622793757836698e-17
3989 12.55137877226995968 2.208708684058787508 4.147033391625997476e-16 6.585294514401531206e-16 0.1795475999814791779 8.226874624621631014e-17 -5.405886579662738093e-17
3990 12.55456829851922151 2.209280964693364879 4.149851572397018831e-16 6.582547346478177156e-16 0.1794465160590777708 8.836795977868967476e-17 -8.614125362449560884e-17
3991 12.55775744170876607 2.209852891160266619 4.153764304403741641e-16 6.579348243870075901e-16 0.1793569878668655748 1.227038557696918792e-16 -1.003243320376758688e-16
3992 12.56094620214516766 2.210424572671830568 4.159184828818465818e-16 6.576299764501764162e-16 0.1793016742215681469 1.700088393727790484e-16 -9.561223225021979831e-17
3993 12.56413458013464357 2.210996187357650022 4.165913007430494781e-16 6.573786968073504272e-16 0.1793022052097921482 2.110472827430467078e-16 -7.88205677718661822e-17
3994 12.56732257598305225 2.211567945762149989 4.173389440564506064e-16 6.571917709846264148e-16 0.1793687699315346107 2.345463755614217522e-16 -5.864129783935757352e-17
3995 12.57051018999589509 2.212140045188203175 4.180816275605841569e-16 6.570578877126613765e-16 0.1794972375593694713 2.330183029418124933e-16 -4.200612057755107617e-17
3996 12.57369742247831113 2.212712606073607979 4.18757096214073307e-16 6.569569324871933264e-16 0.1796635108681440829 2.119548730287996284e-16 -3.16786750726943173e-17
3997 12.57688427373507523 2.213285685369820843 4.193323956100745196e-16 6.56885403150523644e-16 0.1798476796799770572 1.805444066394529046e-16 -2.244782757656151131e-17
3998 12.58007074407059811 2.213859290953915426 4.198008629341597364e-16 6.568583391998918033e-16 0.1800343476819664668 1.470351953339147596e-16 -8.494409456269200688e-18
3999 12.58325683378892279 2.214433404829398544 4.201724168445858037e-16 6.568975633119790952e-16 0.1802153939774182034 1.166314510251620389e-16 1.231252041641594366e-17
4000 12.58644254319372102 2.215008003093667188 4.204602834086036611e-16 6.570196852677028398e-16 0.1803889623623267935 9.037262033513517916e-17 3.833887821206406621e-17
4001 12.58962787258829152 2.21558306613367284 4.206835134487732886e-16 6.572431547799388989e-16 0.1805563969517473555 7.00890318808066057e-17 7.016422053053614454e-17
4002 12.5928128222755582 2.216158578936849644 4.208675641125931785e-16 6.575894282053154145e-16 0.1807191401418004051 5.779450522119075608e-17 1.087347411605686418e-16
4003 12.59599739255807016 2.216734525940766698 4.210431036744441524e-16 6.580809434830947937e-16 0.180877017544811447 5.512846180772688007e-17 1.543611077369381254e-16
4004 12.59918158373799457 2.217310915317191711 4.212457482525638058e-16 6.587673405865694965e-16 0.1810374820463269974 6.364840448773626008e-17 2.155896836054068018e-16
4005 12.60236539611712026 2.217887741280852865 4.214688146271807761e-16 6.596360882597781876e-16 0.1811961502744771357 7.00709934756404794e-17 2.728964087299552542e-16
4006 12.60554882999685411 2.218464895665196224 4.216792895477693247e-16 6.6060601389485895e-16 0.1813208571002611902 6.612354343046629983e-17 3.047152585982722833e-16
4007 12.60873188567822289 2.219042071295529883 4.218429686152113558e-16 6.61558768786070833e-16 0.1813490618809916188 5.142809877993083883e-17 2.993563772328795278e-16
4008 12.61191456346186968 2.219618860210284428 4.219555923358824803e-16 6.623770238634441843e-16 0.1812490591736010404 3.539066526783548215e-17 2.57126930050463491e-16
4009 12.61509686364805738 2.220194968487309684 4.220403997684020519e-16 6.629686793832566561e-16 0.1810566431660322606 2.665288741694361795e-17 1.859427586790700809e-16
4010 12.61827878653666879 2.220770248349763332 4.221221405022262278e-16 6.632902806173215484e-16 0.1808177163699307421 2.569214357939348386e-17 1.010833239970460421e-16
4011 12.62146033242720833 2.22134461162281438 4.222050450592959292e-16 6.633565987800164694e-16 0.1805509982205907027 2.606103356235551492e-17 2.084710328207636875e-17
4012 12.62464150161880383 2.221918088710427952 4.222703540552054938e-16 6.632351440586585846e-16 0.1802937585760416572 2.053230128227598769e-17 -3.818378917551361286e-17
4013 12.62782229441020654 2.222490819395944506 4.223002644913538091e-16 6.630233624000764286e-16 0.1800803924186651361 9.404565208764624662e-18 -6.658928035285619586e-17
4014 12.63100271109979822 2.22306299555557052 4.222800736125119643e-16 6.628026468896463454e-16 0.1799272965899642029 -6.349251335741026879e-18 -6.940650084603391175e-17
4015 12.63418275198558938 2.223634761111749292 4.221667179882455032e-16 6.625560775451207517e-16 0.1798194111368860149 -3.565017406939702636e-17 -7.754568958882344526e-17
4016 12.63736241736522636 2.224206170055038623 4.219523334111096516e-16 6.622601165818227199e-16 0.1797284653487210559 -6.743158554931944937e-17 -9.309026461937860844e-17
4017 12.64054170753598783 2.224777222411176147 4.216787642410333794e-16 6.619325286168547036e-16 0.1796374894093636099 -8.605739625119348499e-17 -1.030502351581113175e-16
4018 12.64372062279479714 2.22534792845993179 4.214178028156820713e-16 6.616335951799760601e-16 0.1795497093728465055 -8.210101887218302393e-17 -9.40473853929210632e-17
4019 12.6468991634382153 2.225918360350344294 4.212296239242438059e-16 6.614310472269750339e-16 0.1794845933840732988 -5.920989408365251538e-17 -6.373107393920587829e-17
4020 12.65007732976245158 2.226488664976211229 4.211349946684732072e-16 6.613546366550376161e-16 0.1794656704604318254 -2.977830103732662311e-17 -2.404517498374408856e-17
4021 12.65325512206336178 2.227059037254164764 4.211065297829242015e-16 6.613823244073217872e-16 0.179508070728870428 -8.958494102753083738e-18 8.713914030300801038e-18
4022 12.65643254063645173 2.227629682810314371 4.210996677093099825e-16 6.614583255555311434e-16 0.1796151867307576311 -2.159891758201391769e-18 2.392196045383191968e-17
4023 12.65960958577687734 2.228200743555807772 4.210787336865292003e-16 6.615418146256766909e-16 0.1797669841364121779 -6.589922649815324426e-18 2.628192966662713757e-17
4024 12.66278625777945166 2.228772297267830549 4.21039908662779447e-16 6.616261380917124068e-16 0.1799432872591900656 -1.222335233678607624e-17 2.654770908207437621e-17
4025 12.66596255693863782 2.229344366687671553 4.210121423966579105e-16 6.61751753624838081e-16 0.1801267756170646106 -8.742729140781104952e-18 3.955240424428385744e-17
4026 12.66913848354855787 2.229916940085683752 4.210366007551290206e-16 6.619734300671953299e-16 0.1803065966147968102 7.702075209962555916e-18 6.980716360534358034e-17
4027 12.67231403790298572 2.230489993152428241 4.211311729707340469e-16 6.62319404634398263e-16 0.1804787870208419132 2.978481356922974661e-17 1.089621081404447277e-16
4028 12.67548922029535419 2.231063503320207975 4.212715595677123642e-16 6.62769282015738752e-16 0.1806438927376521619 4.421888711152737975e-17 1.417021109400929657e-16
4029 12.67866403101874972 2.23163745385131751 4.214046159292302344e-16 6.632686778750553083e-16 0.1808037477931234427 4.191491692437157652e-17 1.573178141716964039e-16
4030 12.68183847036591416 2.23221183059636763 4.214797125337499347e-16 6.637577633656773901e-16 0.1809591657766831951 2.365941696570981422e-17 1.540878929015933984e-16
4031 12.68501253862924294 2.23278664218434697 4.214949912906673183e-16 6.642295689971013369e-16 0.1811173223452619274 4.81418189805082106e-18 1.486611864095099599e-16
4032 12.68818623610078156 2.233361892007696969 4.214583219481613817e-16 6.64663337148943908e-16 0.1812765682596335359 -1.155548824178736462e-17 1.366919185275586863e-16
4033 12.6913595630722309 2.233937499536354565 4.213739532037630873e-16 6.650196152918536632e-16 0.181410454571207691 -2.658994455579746727e-17 1.12285848675063198e-16
4034 12.69453251983493658 2.234513226878608982 4.21240203175774865e-16 6.652622178631375059e-16 0.1814693719633437285 -4.215803523256826199e-17 7.646837837367778453e-17
4035 12.69770510667989782 2.235088682048016029 4.21049439034961123e-16 6.653793324120939738e-16 0.1814047178633913515 -6.013590107883924741e-17 3.691883024187740492e-17
4036 12.70087732389775681 2.235663535775056054 4.207926768568486965e-16 6.653798580000565639e-16 0.1812362221010711816 -8.095034432350109041e-17 1.657040256314961468e-19
4037 12.70404917177880222 2.236237622197398522 4.204532414025293786e-16 6.652829326282734173e-16 0.1810153724368364359 -1.070275010706366387e-16 -3.056156980740351577e-17
4038 12.70722065061296924 2.236810839802314099 4.20027953952942472e-16 6.651192913767999023e-16 0.1807624431259866327 -1.34113114738448784e-16 -5.160377517870500063e-17
4039 12.71039176068983423 2.237383176383522798 4.195436715817422296e-16 6.649426866940517983e-16 0.1805055888575658463 -1.527347324230236971e-16 -5.569822601085190763e-17
4040 12.71356250229861828 2.237954738433774349 4.190566261942006295e-16 6.648239782875971473e-16 0.1802822484321618679 -1.536239810110534328e-16 -3.744303599935060836e-17
4041 12.71673287572818367 2.2385257023104983 4.186492397931644647e-16 6.648449319155639883e-16 0.1801144729010106249 -1.28512835716855727e-16 6.60996572719597299e-18
4042 12.71990288126703739 2.239096237738940065 4.183675142999428787e-16 6.650134319318875268e-16 0.1800001892677005055 -8.888254711877420282e-17 5.316065106189605908e-17
4043 12.72307251920332583 2.239666433365783416 4.182077332713003286e-16 6.652612727664097212e-16 0.1799138334772237835 -5.041571002423353302e-17 7.820122170689634981e-17
4044 12.72624178982484011 2.240236305741863276 4.181627013072307558e-16 6.655070879170616617e-16 0.1798326642462344527 -1.421058190359135822e-17 7.757104100731227338e-17
4045 12.72941069341901432 2.240805852895751293 4.182444213531202534e-16 6.65704355302960507e-16 0.1797508377358493226 2.579109843351607536e-17 6.225819518406637395e-17
4046 12.73257923027292904 2.241375112133930703 4.184654363917392804e-16 6.658664488815861988e-16 0.1796807514240341686 6.976109573921904575e-17 5.116315038050000908e-17
4047 12.73574740067330779 2.241944190100330747 4.188088285625639957e-16 6.660571770752341332e-16 0.1796442975966481281 1.084006919442279876e-16 6.020832715858036081e-17
4048 12.73891520490652596 2.242513253779823135 4.192133480910523578e-16 6.663656594918402708e-16 0.1796605383396960298 1.277118868699532762e-16 9.73917665685957435e-17
4049 12.7420826432586054 2.243082500449251615 4.195809349806745698e-16 6.668591703514159427e-16 0.179739056590850349 1.160651863315952456e-16 1.558255517006752709e-16
4050 12.74524971601521983 2.243652093406241832 4.198226800374672414e-16 6.675545454662651527e-16 0.1798691437770224 7.633956116206868647e-17 2.195893136964233381e-16
4051 12.74841642346169657 2.244222135093085324 4.198884311375883975e-16 6.684114600530144919e-16 0.1800315982898675338 2.076563156228433319e-17 2.706323172690974534e-16
4052 12.75158276588301653 2.244792671121839778 4.19775332732922366e-16 6.69364767874708559e-16 0.1802084810054090935 -3.57230581099294615e-17 3.011100891438806755e-16
4053 12.7547487435638196 2.245363704109939462 4.195096999144702628e-16 6.703323286096617071e-16 0.1803862151146964909 -8.391196258258610299e-17 3.056471736469736444e-16
4054 12.7579143567884028 2.245935214560988769 4.191276078860086284e-16 6.712345250551783915e-16 0.1805578144412655073 -1.207146806288494327e-16 2.85031740189685846e-16
4055 12.76107960584072387 2.246507178491984114 4.186836998039626966e-16 6.72000383117985847e-16 0.1807218592192152695 -1.402604072780720896e-16 2.419860510569865769e-16
4056 12.76424449100440306 2.247079576264539469 4.18248456817456417e-16 6.725849723551834467e-16 0.180879719732102956 -1.375383224556559284e-16 1.847322656596625802e-16
4057 12.76740901256272487 2.247652392888993766 4.179092368212535852e-16 6.729614364007771851e-16 0.1810328630068765432 -1.072070266122196483e-16 1.189776292856831424e-16
4058 12.77057317079863807 2.248225633126846201 4.17773524748715891e-16 6.731576009450506462e-16 0.1811875302659775588 -4.289534060361587182e-17 6.200292121119897738e-17
4059 12.77373696599475927 2.248799309116119804 4.178879588101604013e-16 6.731784256886117837e-16 0.1813460538217026297 3.617401783195466129e-17 6.582958215572631281e-18
4060 12.77690039843337111 2.249373367515635103 4.182325746002369697e-16 6.730279091267668655e-16 0.1814877338221445036 1.089497842608416357e-16 -4.758559361728505351e-17
4061 12.78006346839642404 2.2499476378274057 4.18740202421021405e-16 6.727484572256900066e-16 0.1815755212602385704 1.605041811772236189e-16 -8.835843254503883627e-17
4062 12.78322617616553813 2.250521758158771757 4.193141022372720988e-16 6.724240524296670833e-16 0.1815488746092984718 1.814791431107508045e-16 -1.025835916586947604e-16
4063 12.78638852202200127 2.251095369567882365 4.198675931954466558e-16 6.721535198763746922e-16 0.181408687816162012 1.750454521053305077e-16 -8.555784408196484461e-17
4064 12.78955050624676915 2.251668258353543894 4.203297080076637658e-16 6.72002760590006692e-16 0.1812008606170952829 1.46163799629949391e-16 -4.768414589294327311e-17
4065 12.79271212912047062 2.252240302913402381 4.206624718638727863e-16 6.719873774509055161e-16 0.1809545034608437686 1.052629857801699394e-16 -4.866138921782866688e-18
4066 12.79587339092339882 2.252811463917712143 4.20864025845304706e-16 6.720877345203705529e-16 0.1806956314418284859 6.37647242539852978e-17 3.174951353434600002e-17
4067 12.79903429193551823 2.253381827051077924 4.209736770694106224e-16 6.722621890467206642e-16 0.1804637950994987527 3.469382027322816726e-17 5.51976873253452212e-17
4068 12.80219483243645939 2.253951557687682961 4.210626001235932123e-16 6.724712665874359704e-16 0.1802842205497725836 2.813860179214204904e-17 6.616000446619308331e-17
4069 12.80535501270552423 2.254520843325812596 4.211987277112502483e-16 6.726735190834093995e-16 0.1801639274294293269 4.308080018381697193e-17 6.400759402025730523e-17
4070 12.80851483302167892 2.255089811525047505 4.213968892644250436e-16 6.727714036223381744e-16 0.1800839648683131289 6.272005751491888917e-17 3.09814079122442192e-17
4071 12.81167429366355925 2.255658501656146342 4.216618599771225337e-16 6.72690035965817281e-16 0.180016430886993789 8.387534683823537794e-17 -2.575658397349047936e-17
4072 12.81483339490946527 2.256226904384642573 4.2200800759212095e-16 6.724173224179233394e-16 0.1799459105811124504 1.095840055890840173e-16 -8.633612268789488081e-17
4073 12.81799213703736662 2.256795022246040006 4.22453139498693408e-16 6.720086813955904812e-16 0.1798761612119396114 1.409366330963138554e-16 -1.293829738607207706e-16
4074 12.82115052032489899 2.257362916099573624 4.230005765515625079e-16 6.715775298906939635e-16 0.1798256515011761314 1.733479312648113805e-16 -1.36525690111424097e-16
4075 12.82430854504936413 2.257930716070747135 4.236148950184514574e-16 6.712495567134155424e-16 0.1798163239392897295 1.94548245953033407e-16 -1.038656817241523789e-16
4076 12.82746621148772981 2.25849860040042083 4.242316273311864244e-16 6.71109485100994871e-16 0.1798634319266819437 1.953348323809690526e-16 -4.436424745151919177e-17
4077 12.83062351991663341 2.259066751309904308 4.247750782537489732e-16 6.711810451697226363e-16 0.1799682555224506597 1.721442540407834934e-16 2.266746478625783641e-17
4078 12.83378047061237837 2.259635296415829941 4.251970959076493722e-16 6.714282381535047671e-16 0.180113515729806134 1.336940245405911477e-16 7.831005299090407363e-17
4079 12.83693706385093591 2.260204307984541749 4.254872543686580897e-16 6.717835657725115571e-16 0.180281689466080447 9.193179970307469612e-17 1.125795449353520898e-16
4080 12.8400932999079469 2.260773807645310551 4.256643739325936399e-16 6.721773081515749492e-16 0.1804567391718592817 5.612368391615081096e-17 1.247647201468330647e-16
4081 12.84324917905871999 2.261343784166897741 4.25759817459248504e-16 6.725620646108534856e-16 0.1806282535022293301 3.024650468015781189e-17 1.219311403734339169e-16
4082 12.84640470157823522 2.261914213430156639 4.257990253608902215e-16 6.728875442642869443e-16 0.180792146532451653 1.242657268027316893e-17 1.031576901589825951e-16
4083 12.849559867741144 2.262485072265097319 4.257916480877471892e-16 6.731042721091275584e-16 0.1809487165159624489 -2.338420682855594157e-18 6.869758853998506409e-17
4084 12.85271467782176913 2.263056343189010278 4.257426871662492715e-16 6.731765906449402813e-16 0.1810997638870540105 -1.552120185327534684e-17 2.292584693551334072e-17
4085 12.85586913209410831 2.263628022981770016 4.256660186868911763e-16 6.731034961713072726e-16 0.1812498086766402006 -2.43075711109325374e-17 -2.317444053313027368e-17
4086 12.85902323083183241 2.264200131694485307 4.255951043799867322e-16 6.729397433630614502e-16 0.181406229449741857 -2.248575619225367725e-17 -5.192331255486770049e-17
4087 12.86217697430828544 2.264772644514013944 4.255484543661280904e-16 6.727295981762449578e-16 0.1815548010242299948 -1.479361456195552797e-17 -6.66410712166826949e-17
4088 12.86533036279649345 2.2653454413264833 4.255295327727920153e-16 6.725261130940416608e-16 0.1816652956388052909 -6.00107537703400145e-18 -6.453628374288539964e-17
4089 12.86848339656915385 2.26591825208485842 4.255285532495100566e-16 6.723912129334828587e-16 0.1816901430528240768 -3.106955004234527652e-19 -4.278905225052572074e-17
4090 12.87163607589864611 2.266490701967433186 4.255344082985942946e-16 6.723895129570654713e-16 0.1815960771217847991 1.857374728203570035e-18 -5.392769882339196114e-19
4091 12.87478840105702815 2.267062515447186843 4.255297433556139021e-16 6.725669575902735508e-16 0.1814145602118205636 -1.480008095592128176e-18 5.629639949947052164e-17
4092 12.87794037231603816 2.267633549874452203 4.2550218830372779e-16 6.729338910292148529e-16 0.1811877245634866129 -8.743145619757176866e-18 1.164270168199754188e-16
4093 12.88109198994709637 2.268203716484631371 4.254418081342384355e-16 6.734532098826878455e-16 0.1809326545051365975 -1.916061752852953624e-17 1.647969856809601026e-16
4094 12.88424325422130146 2.268773052613298979 4.253484368306518025e-16 6.740519328455968315e-16 0.1806893608464073542 -2.963311182436300083e-17 1.900158167464952913e-16
4095 12.88739416540943594 2.269341696747120274 4.252239601623659272e-16 6.746485847611272832e-16 0.1804899533935434008 -3.950939915008661967e-17 1.893797368532764281e-16
4096 12.89054472378196436 2.269909831757880081 4.250742922682236818e-16 6.751850422985575023e-16 0.1803485365550396291 -4.751051275952908799e-17 1.702928528733060704e-16
4097 12.89369492960903685 2.270477623473887707 4.248789777030287369e-16 6.755945136378494938e-16 0.1802597189786414034 -6.200750669984936216e-17 1.299969451290212579e-16
4098 12.89684478316048377 2.271045156938102494 4.246263916694923351e-16 6.7582619953656411e-16 0.1801978681530577442 -8.019873300593104375e-17 7.356271949049274663e-17
4099 12.89999428470582288 2.271612443398081549 4.243475515288490967e-16 6.758807546115537593e-16 0.1801395597186777053 -8.854457793551592527e-17 1.732374714075803818e-17
4100 12.90314343451425394 2.272179470370070398 4.241158769144936111e-16 6.758230548994408898e-16 0.180077258270965046 -7.357556417076432025e-17 -1.832435928730033532e-17
4101 12.90629223285466232 2.272746256936765796 4.239991635468224542e-16 6.757473043338725175e-16 0.180020988544726368 -3.707013726003324951e-17 -2.405965931047315274e-17
4102 12.90944067999561717 2.273312885500533564 4.240100291970718862e-16 6.757419936623838298e-16 0.1799908662293838724 3.451498787022438594e-18 -1.686947010135907397e-18
4103 12.91258877620537504 2.273879498286988099 4.24086580882027083e-16 6.758687193753454317e-16 0.1800059052054870656 2.431952768235787429e-17 4.025919855639374699e-17
4104 12.91573652175187625 2.274446274948596969 4.241075156320859001e-16 6.761372690639234271e-16 0.1800780119559310666 6.651452726864912875e-18 8.532442725010697509e-17
4105 12.91888391690275029 2.275013365473821381 4.239606545821936964e-16 6.765301328404333636e-16 0.1801977795548606598 -4.666633265157873221e-17 1.248357661532703158e-16
4106 12.92203096192530865 2.275580871860888532 4.235961355886111047e-16 6.770113921652663756e-16 0.1803499729039189092 -1.158418514993528055e-16 1.529411970884266707e-16
4107 12.92517765708655197 2.276148843784996156 4.230535485613331598e-16 6.77541896944749518e-16 0.1805179730203568533 -1.724499155574902572e-16 1.686098263050704037e-16
4108 12.92832400265317006 2.27671728816564034 4.224321104084836723e-16 6.780647278382277167e-16 0.1806881946366470926 -1.975330247603599572e-16 1.661892939037355537e-16
4109 12.93146999889153825 2.277286187509591109 4.218425870333871426e-16 6.785082893500691036e-16 0.1808528776712111097 -1.874092490601777014e-16 1.410080301439859072e-16
4110 12.93461564606772107 2.277855517319733458 4.21371228243143465e-16 6.788042413682445614e-16 0.1810097934770868167 -1.498613909823079202e-16 9.409346346309393547e-17
4111 12.93776094444747038 2.27842525629998871 4.210627217337958066e-16 6.78930206972780327e-16 0.1811599572819671822 -9.809584387148607374e-17 4.00532951536351266e-17
4112 12.94090589429623073 2.278995393158906424 4.20942511538043965e-16 6.789502104523573766e-16 0.1813065483453494275 -3.822748051942653993e-17 6.36121271636536458e-18
4113 12.94405049587913581 2.27956594417352143 4.210191244847716178e-16 6.789621994808773518e-16 0.1814583333559066369 2.436602033925038789e-17 3.812996696289783672e-18
4114 12.94719474946100846 2.280136907740603736 4.21252854464108762e-16 6.789949040247956727e-16 0.1816096267404911091 7.434382288590290873e-17 1.040252015391136884e-17
4115 12.95033865530636419 2.280708206744580302 4.216010990481139251e-16 6.79041656530913845e-16 0.1817364070204105786 1.107803777371687914e-16 1.487247907308028175e-17
4116 12.95348221367941299 2.281279658982378056 4.220279234030022801e-16 6.790859767305394436e-16 0.1818052328860995104 1.357924531732893667e-16 1.410029339553178019e-17
4117 12.956625424844054 2.281850926434290106 4.225103564201931622e-16 6.791251108503308659e-16 0.1817665072222368339 1.535010689125903801e-16 1.245173734981401613e-17
4118 12.95976828906388256 2.282421679822125959 4.230444318029059605e-16 6.791798516265916957e-16 0.1816229761262199704 1.699514405895221321e-16 1.741940199013859206e-17
4119 12.96291080660218853 2.282991735683342682 4.236271635549677597e-16 6.79287108946045018e-16 0.1814210109789577696 1.854551295428895681e-16 3.413477985928412736e-17
4120 12.96605297772195264 2.283560977940779946 4.242533054065012942e-16 6.794808621545083988e-16 0.1811820403675233337 1.99292404487068924e-16 6.166900151647884732e-17
4121 12.96919480268585545 2.284129380647442975 4.249094726429286117e-16 6.797705587289717271e-16 0.1809347424963324846 2.088720700408592498e-16 9.221661770460208557e-17
4122 12.97233628175626841 2.284697037208285764 4.255734509245133781e-16 6.801307879431738977e-16 0.1807171111534369712 2.113817494481053926e-16 1.146812834278738631e-16
4123 12.97547741519526454 2.285264110517413183 4.262119386195943637e-16 6.80504004684428405e-16 0.1805512809548135145 2.032890093136290639e-16 1.18829011386462268e-16
4124 12.9786182032646078 2.285830781020891767 4.267566752201829743e-16 6.808097082020947513e-16 0.1804428580578935903 1.734585239491541793e-16 9.734407580318994827e-17
4125 12.9817586462257637 2.286397182012855911 4.271134243925862014e-16 6.80959355826658725e-16 0.1803768453652563331 1.136108361703758645e-16 4.765699004457164591e-17
4126 12.98489874433989222 2.286963359661379425 4.272158136346909022e-16 6.809347349681927717e-16 0.1803255075538092167 3.261059863230869973e-17 -7.841653252934447529e-18
4127 12.98803849786785314 2.287529304856984247 4.270622142317362303e-16 6.807976789951617608e-16 0.1802712418571092434 -4.892621288100806304e-17 -4.365661313870894497e-17
4128 12.9911779070702007 2.288095008356235471 4.267388131522280024e-16 6.806764793228804447e-16 0.1802140046681062757 -1.030246475924823026e-16 -3.86101170227853291e-17
4129 12.99431697220719073 2.288660508176314501 4.263716526233123823e-16 6.807052970741176926e-16 0.1801688523248352325 -1.169777403367570215e-16 9.181366611715043714e-18
4130 12.99745569353877528 2.2892259072867156 4.26090068241088549e-16 6.809545368885627109e-16 0.1801564849692837145 -8.972290827923924332e-17 7.941676606627311896e-17
4131 13.00059407132460798 2.289791361978844808 4.25962286957133097e-16 6.814034469597082383e-16 0.1801939055265442402 -4.072016543434481159e-17 1.430545365983392811e-16
4132 13.00373210582403871 2.290357040363462993 4.260067582882103772e-16 6.819773096125861509e-16 0.1802848972412350592 1.417326447582105379e-17 1.828932697763771646e-16
4133 13.00686979729611714 2.290923069899911457 4.262036772761349636e-16 6.825882477603308378e-16 0.1804165204273157075 6.27660507441490122e-17 1.947307122945618659e-16
4134 13.01000714599959451 2.291489529769674682 4.265229218790353125e-16 6.831747421193077079e-16 0.1805733986015347348 1.017672848652063222e-16 1.869598983336908879e-16
4135 13.01314415219292364 2.292056450117683664 4.269531819248992828e-16 6.837212169733034804e-16 0.1807399066692598477 1.371712283852013265e-16 1.742216776222071687e-16
4136 13.01628081613425536 2.292623825682114536 4.274896940797815033e-16 6.842380289037809505e-16 0.1809047584988429658 1.710641203028264557e-16 1.647828058407069889e-16
4137 13.01941713808144385 2.293191634365389309 4.281060610845739827e-16 6.847392875127506446e-16 0.1810625849472189686 1.965468413061881815e-16 1.598411263167686391e-16
4138 13.02255311829204487 2.293759852135311306 4.287388352360252145e-16 6.852161760477912031e-16 0.181212766717830015 2.018007193047982958e-16 1.520865686101275647e-16
4139 13.0256887570233193 2.294328460230655509 4.292936559376030969e-16 6.856351105094357499e-16 0.1813569824643903872 1.76959507032714407e-16 1.336187269162782536e-16
4140 13.02882405453223136 2.294897466405779074 4.296884359605986582e-16 6.859785602715959538e-16 0.1815036882584244449 1.259283876996101603e-16 1.095548717903090624e-16
4141 13.03195901107544685 2.295466885176266736 4.298665248600523838e-16 6.862077581468640405e-16 0.1816550418492581254 5.681362849254002607e-17 7.311833009638479821e-17
4142 13.03509362690934203 2.296036676147629407 4.298160977446370212e-16 6.862872545202363495e-16 0.1817935255082905321 -1.608892304953433913e-17 2.536355735139263965e-17
4143 13.03822790228999473 2.29660671205372191 4.295823732150901219e-16 6.862120086745331237e-16 0.1818914153516502652 -7.457860992144283961e-17 -2.401001976893649367e-17
4144 13.041361837473195 2.29717675560729262 4.292524632063925716e-16 6.860124473565769343e-16 0.1819135879670318867 -1.052816280659573206e-16 -6.368445909343894447e-17
4145 13.04449543271443623 2.297746465790749593 4.289236710292614402e-16 6.857449092311415305e-16 0.1818269124717057095 -1.049362783895329328e-16 -8.53866276730325068e-17
4146 13.0476286882689223 2.29831558041950279 4.286549060473590651e-16 6.854566623080130568e-16 0.1816565163169145125 -8.578748085836647305e-17 -9.20059496789111583e-17
4147 13.05076160439156929 2.298883949886996625 4.284441057924659174e-16 6.851651206740880922e-16 0.1814383101819735666 -6.729292163139730835e-17 -9.306766888847701538e-17
4148 13.05389418133700019 2.299451483269626895 4.282380605044155967e-16 6.848798407938084704e-16 0.1811910137558575828 -6.57821297637397749e-17 -9.107860840262228702e-17
4149 13.05702641935955022 2.300018218112457546 4.279691603001932115e-16 6.846141340722299985e-16 0.180955637082687415 -8.585850752299455719e-17 -8.483884428249651864e-17
4150 13.06015831871326682 2.300584290627098571 4.275959043710275274e-16 6.843983072627296188e-16 0.1807636912492197601 -1.191916544109654191e-16 -6.891988172323072039e-17
4151 13.06328987965190969 2.301149878178244013 4.27140578714393993e-16 6.842769414381593068e-16 0.180628333216183018 -1.454146475849639499e-16 -3.87598817497643715e-17
4152 13.06642110242895072 2.301715150265425169 4.266818337876490556e-16 6.842789813071746999e-16 0.1805470692472883609 -1.465224516372439445e-16 6.515311488475621246e-19
4153 13.06955198729757583 2.30228021046862219 4.262883454839308864e-16 6.843420902100527656e-16 0.1804988600175384539 -1.256931382701078123e-16 2.015906440057150511e-17
4154 13.07268253451068318 2.302845082517362307 4.260200244174761798e-16 6.843840928806259218e-16 0.180458206635054158 -8.57198343639140103e-17 1.34184841016929329e-17
4155 13.07581274432088314 2.303409750082064278 4.259064821734548195e-16 6.843486126664998626e-16 0.1804123126117387621 -3.627695320843182868e-17 -1.133599286125434969e-17
4156 13.07894261698050187 2.303974209929389172 4.259316530718497066e-16 6.842334233891080202e-16 0.1803653610050290901 8.043013506330804278e-18 -3.680714527199807839e-17
4157 13.08207215274157775 2.304538510822282227 4.260363768336120459e-16 6.840770821946490002e-16 0.1803339679846072408 3.34666340931309701e-17 -4.996204739585276245e-17
4158 13.08520135185586319 2.305102762134454863 4.26147337643189859e-16 6.839310932393543149e-16 0.1803375100969897837 3.546362354136554538e-17 -4.665879215793302334e-17
4159 13.08833021457482282 2.305667121461061786 4.262027621252639025e-16 6.83820184458883823e-16 0.1803914120948829636 1.771584186634765448e-17 -3.545080337924431571e-17
4160 13.09145874114963704 2.306231735399958627 4.261860654759195352e-16 6.837280766428807554e-16 0.1804921746699978957 -5.337478128435256972e-18 -2.944443781707034539e-17
4161 13.09458693183119493 2.306796714645429347 4.261178878423776094e-16 6.83641128484414096e-16 0.1806283342555794758 -2.179692878790520037e-17 -2.779801409756890099e-17
