# Black Hole
# 1:iter 2:time 3:x 4:y 5:z 6:vx 7:vy 8:vz
0 0 0.004035413140949807229 -1.042568319442159941e-20 -1.04255268517686708e-20 0.7372433962937339214 -1.904703637142041055e-18 -1.9046750743693074e-18
1 0.005473651118798234655 0.008044352533551738654 -2.388231203358407916e-20 -2.388087460660962867e-20 0.7291787830776552681 -2.447602041421654556e-18 -2.447369027296195365e-18
2 0.01097153378576413985 0.01202675185304659042 -2.540269331985165329e-20 -2.539989274517168517e-20 0.721165041755626901 -2.753229261636946437e-19 -2.75076076364590962e-19
3 0.01649370844608873468 0.01598254293939695495 -6.032204869218652478e-22 -5.956783993488781202e-22 0.7132016791974575831 4.471172840417972349e-18 4.472027702285907327e-18
4 0.02204023364608782148 0.01991165449913002289 5.704162865325492355e-20 5.706222717693544225e-20 0.7052879693569039654 1.034743299493446701e-17 1.03497766665684548e-17
5 0.02761116598924931095 0.02381401082460364582 1.411953285845185659e-19 1.410268432614245566e-19 0.6974229613786552262 1.50398163883482339e-17 1.500602362178165199e-17
6 0.03320656009236215567 0.02768953437681818952 2.352177833144432053e-19 2.345881448415865553e-19 0.6896061718991275402 1.673024668933116571e-17 1.664818963201168654e-17
7 0.03882646854176251966 0.03153814784870582338 3.16207228701220551e-19 3.157734428294232341e-19 0.681837482773111403 1.434845041651482021e-17 1.43831485345451993e-17
8 0.04447094184973449799 0.03535977554912617116 3.658196532879442007e-19 3.654213830385821419e-19 0.6741170132172048524 8.751396552099351353e-18 8.757661339565684893e-18
9 0.05014002841110420938 0.03915434460649499376 3.669791177722012825e-19 3.693333952822485263e-19 0.6664450828571880647 2.036382505096623344e-19 6.870717819209725601e-19
10 0.0558337744600670427 0.04292178620678558515 3.061926750285855762e-19 3.176279956141107008e-19 0.6588222132596364133 -1.062988175886789976e-17 -9.041856373887554292e-18
11 0.06155222402728871556 0.04666203683978626532 1.810723625653297533e-19 2.040009014624328239e-19 0.6512491248585555725 -2.178583789941158175e-17 -1.97846489145925237e-17
12 0.06729541889732101878 0.05037503962727402779 -3.223507172050057563e-21 2.773124692117286931e-20 0.6437267467167823165 -3.195154634926983642e-17 -3.056003395556575427e-17
13 0.07306339856637360242 0.05406074542876537076 -2.329300697304806456e-19 -1.958928127754402388e-19 0.6362561734875658015 -3.965379397869242387e-17 -3.860378342317787063e-17
14 0.07885620020048360324 0.0577191141220471729 -4.986902386378723268e-19 -4.508543827186414733e-19 0.6288386917458388403 -4.568163871530381237e-17 -4.382546253005500168e-17
15 0.08467385859412523974 0.06135011404015217745 -8.081734838418867792e-19 -7.235531673545526267e-19 0.6214754601897736208 -5.297059944153582367e-17 -4.667463687612617827e-17
16 0.09051640612930264562 0.06495372208046627793 -1.181999993453963018e-18 -1.021192477093389457e-18 0.6141676267421340984 -6.371174047045700732e-17 -5.072705645077168288e-17
17 0.09638387273516971221 0.06852992385265190001 -1.635306281970805803e-18 -1.370201305099215397e-18 0.606916335221649117 -7.69305002584988308e-17 -5.923020353626300977e-17
18 0.1022762858482218901 0.07207871381286146129 -2.16149432602176482e-18 -1.79055239708516433e-18 0.5997227229845167873 -8.89224017533863775e-17 -7.103663623993184796e-17
19 0.1081936703731053578 0.07560009524253497037 -2.74570225358429739e-18 -2.289525202132030847e-18 0.5925878947942072594 -9.831214051369224218e-17 -8.396853621440790643e-17
20 0.1141360486440897853 0.07909407980980846797 -3.369756010149824793e-18 -2.873568810526535578e-18 0.5855128534636012683 -1.04577306707021938e-16 -9.787251005664700952e-17
21 0.1201034403872510703 0.08256068713903792766 -3.997106257623627794e-18 -3.517215950741375684e-18 0.5784985032598983778 -1.046905936312060504e-16 -1.074101771210882869e-16
22 0.1260958626834104701 0.08599994416274857334 -4.59128962123687564e-18 -4.143808649862538473e-18 0.5715456157384569691 -9.874309889508664425e-17 -1.041289754058687041e-16
23 0.1321133299318767163 0.08941188429486228439 -5.105965645907419052e-18 -4.679993088184310897e-18 0.5646548028750282278 -8.517567073335855136e-17 -8.873517898969639048e-17
24 0.1381558538150373383 0.0927965471887931409 -5.501781859353174729e-18 -5.07675563329392035e-18 0.5578266167292666999 -6.523450816592487492e-17 -6.539047317836316367e-17
25 0.1442234432638455077 0.09615397851287453557 -5.736334221809628661e-18 -5.330467394722288192e-18 0.5510615535132012965 -3.849752288553780781e-17 -4.164219127714847262e-17
26 0.1503161044242488087 0.09948422959257997855 -5.786618157133594447e-18 -5.448724250974950656e-18 0.5443600329662652282 -8.219369661775964277e-18 -1.933016599273355591e-17
27 0.156433840624606163 0.1027873569650507857 -5.671512991566862019e-18 -5.457823004761384825e-18 0.5377223856572789229 1.87381887679739152e-17 -1.481203429612186377e-18
28 0.1625766523441392053 0.1060634220981928888 -5.458698031740554515e-18 -5.39869005024995807e-18 0.5311488815072492597 3.450371811482851589e-17 9.5872338834848588e-18
29 0.1687445371824646823 0.1093124907414731034 -5.245752488063298371e-18 -5.320992339987513535e-18 0.5246396715854377835 3.438513997895342777e-17 1.254614958023023047e-17
30 0.1749374898302537285 0.11253463236144369 -5.133303696080853657e-18 -5.279983911330819122e-18 0.5181948041801559546 1.808436332546113581e-17 6.595102625466101365e-18
31 0.1811555020410638706 0.1157299195779787349 -5.195569617166087275e-18 -5.318381642694135528e-18 0.5118142270324609333 -9.973621183657173677e-18 -6.150465941157826012e-18
32 0.1873985626043889186 0.118898428177495144 -5.425039097394761323e-18 -5.412614773295204393e-18 0.5054978814598499737 -3.660912775587588621e-17 -1.50337757926362756e-17
33 0.1936666573199709585 0.122040236541105046 -5.764289635688884305e-18 -5.499292167741187846e-18 0.4992456095847200293 -5.39082344277646821e-17 -1.377337622772119588e-17
34 0.1999597689734180506 0.1251554255906673629 -6.117903395770061388e-18 -5.501178015389525713e-18 0.4930572383449548513 -5.596829637382602841e-17 -2.984829551706735387e-19
35 0.2062778773131699606 0.128244078852732174 -6.401493524782550944e-18 -5.379417524701868824e-18 0.4869325984604305213 -4.470857253995082655e-17 1.919579411795880931e-17
36 0.212620959028853862 0.1313062823256487821 -6.562376713478980293e-18 -5.133733391165224002e-18 0.4808714935362671805 -2.526420596069766022e-17 3.858087722675215827e-17
37 0.2189889877310702559 0.134342124310244948 -6.572508801521435026e-18 -4.809814594730722591e-18 0.4748736949868805901 -1.584885547754469978e-18 5.066815615537281097e-17
38 0.2253819339326492421 0.1373516954951650437 -6.408297207544160335e-18 -4.513036428533488797e-18 0.4689389824388803252 2.558677401292780982e-17 4.624275111482457752e-17
39 0.2317997650314155833 0.140335088598387725 -6.094236394765123424e-18 -4.351776406108970156e-18 0.463067074788243993 4.874691897695667864e-17 2.502995893626794911e-17
40 0.2382424452945004767 0.1432923980165261013 -5.719877807834006419e-18 -4.421761602265030535e-18 0.4572576326778339806 5.788312855693624743e-17 -1.082107435919196715e-17
41 0.2447099358442360872 0.1462237195722667638 -5.435339459644308782e-18 -4.772738772305055182e-18 0.451510274835941694 4.382732680449117086e-17 -5.406087168961993124e-17
42 0.2512021946456681754 0.1491291505778379045 -5.363582372655907949e-18 -5.341539180187779099e-18 0.4458246274766285988 1.101078515169323084e-17 -8.727972871034352822e-17
43 0.2577191764957196263 0.1520087895500707165 -5.561404720754206751e-18 -6.001289658306329542e-18 0.4402002710123160689 -3.024040585811441281e-17 -1.008537327313300786e-16
44 0.2642608330140370776 0.1548627364145105656 -6.023337094131188619e-18 -6.623535616311527571e-18 0.4346368155096014263 -7.034917792163254546e-17 -9.476385318203304799e-17
45 0.2708271126355497049 0.1576910929758513769 -6.653684145453963543e-18 -7.122462346327996941e-18 0.4291339406628665865 -9.563974988751963445e-17 -7.569993001607465833e-17
46 0.2774179606047687541 0.1604939630870210465 -7.284593406072396445e-18 -7.474005306654264386e-18 0.4236913490757545642 -9.537038291947771301e-17 -5.314042578182962437e-17
47 0.2840333189718534102 0.1632714525617036949 -7.740833798678606333e-18 -7.683749305764741886e-18 0.418308727333633279 -6.871289332648420431e-17 -3.158886690067317588e-17
48 0.2906731265904675121 0.1660236690530313419 -7.90756029632517022e-18 -7.755296379998033854e-18 0.4129857413609360761 -2.5018259447265751e-17 -1.073604550643033558e-17
49 0.2973373191174494834 0.1687507222705264265 -7.784309418240608664e-18 -7.663317444568697675e-18 0.4077220875120461385 1.842725509643300654e-17 1.375178281076302795e-17
50 0.3040258290143152409 0.1714527236991086057 -7.504660199961857493e-18 -7.390782429804738518e-18 0.4025174179894218662 4.165937149166821408e-17 4.0599567895883917e-17
51 0.3107385855506129557 0.1741297863746284202 -7.252127547744693649e-18 -6.967237179057866776e-18 0.397371350178462257 3.748483062922611289e-17 6.286918483082594176e-17
52 0.3174755148091453205 0.1767820247604302564 -7.141161194453124562e-18 -6.535182660568010181e-18 0.3922834823618054911 1.641265269639295725e-17 6.390370186581641374e-17
53 0.3242365396930726451 0.1794095550693230179 -7.149899112845803396e-18 -6.291214735411320456e-18 0.3872534598530215644 -1.287821159674504432e-18 3.595673960080925678e-17
54 0.3310215799349081056 0.1820124950708501554 -7.178516030504828138e-18 -6.385773024183637722e-18 0.3822808987291089755 -4.202824880761932186e-18 -1.388730727291456192e-17
55 0.3378305521074142503 0.1845909643437653458 -7.132124836322750672e-18 -6.848439853046481795e-18 0.3773654516566068429 6.789467739367964517e-18 -6.771245198627605084e-17
56 0.3446633696364060917 0.1871450849653493453 -7.012603201861117098e-18 -7.587353537022835935e-18 0.372506871126896788 1.743168654958201938e-17 -1.077671986690183847e-16
57 0.3515199428154654471 0.1896663350911466928 -6.934679817618120793e-18 -8.40104160611011252e-18 0.3677214149569832391 1.136503547144470626e-17 -1.186754638252171142e-16
58 0.3583763564570052185 0.1921547586739733582 -7.076362080021901177e-18 -9.085276616250253512e-18 0.3630089626776787926 -2.066847921711143856e-17 -9.98155792176575707e-17
59 0.3652313485885250732 0.1946108674301409436 -7.543020822976433922e-18 -9.520492536670505127e-18 0.3583684165023097168 -6.808971888546254324e-17 -6.350192752904230321e-17
60 0.3720849345717411882 0.1970351647727561217 -8.287791913313071189e-18 -9.746045394101388194e-18 0.3537986536435369089 -1.08690878961853957e-16 -3.291687693656233104e-17
61 0.3789371295070496082 0.1994281462700150387 -9.093806638462068642e-18 -9.931672402628106284e-18 0.3492986154128781551 -1.176523210979399853e-16 -2.709559482005529648e-17
62 0.3857879482382672309 0.201790299777203197 -9.667268222418331895e-18 -1.027093390238288505e-17 0.3448672597183088939 -8.372365488140328286e-17 -4.953115171910582844e-17
63 0.392637405357268876 0.2041221053627030046 -9.787754269992370801e-18 -1.088622065827340499e-17 0.3405035310689030204 -1.759405882660767761e-17 -8.984767611136232544e-17
64 0.3994855152085231009 0.2064240354567686564 -9.400606594806486673e-18 -1.173633523940188469e-17 0.3362063931640456027 5.654451620040323328e-17 -1.241627440529988399e-16
65 0.4063322918935294292 0.2086965551855466672 -8.670373077551441672e-18 -1.261648236050635544e-17 0.3319748560375904711 1.066741747913989998e-16 -1.285738953640124943e-16
66 0.4131777492751591563 0.2109401225945461422 -7.901464204355076695e-18 -1.326073716575514169e-17 0.3278079600118870562 1.123453871483825902e-16 -9.413216317429130135e-17
67 0.4200219009819026739 0.2131551886078456581 -7.397450055285528386e-18 -1.342544198083870163e-17 0.3237047371671443186 7.365548777034117454e-17 -2.406958914843775728e-17
68 0.426864760412025146 0.2153421976180482367 -7.342785369920484526e-18 -1.299398046127456071e-17 0.3196643035844545788 7.990067025952128911e-18 6.306459897126132731e-17
69 0.4337063407376331448 0.2175015881760173908 -7.759100735554024549e-18 -1.202091485236662072e-17 0.3156858740666100283 -6.086202405691086856e-17 1.42254519979544313e-16
70 0.440546654908654689 0.219633793237441699 -8.510542544174273541e-18 -1.07151672912793848e-17 0.3117686974813105305 -1.098750013050057281e-16 1.909249835884125368e-16
71 0.4473857156567341842 0.2217392400569898614 -9.387480778296892192e-18 -9.410166945701742604e-18 0.3079120053032163851 -1.282482215597846797e-16 1.908503551822957664e-16
72 0.4542235354990453722 0.2238183498903762725 -1.01977157688501877e-17 -8.486776800871934524e-18 0.3041149835485432718 -1.185144704073815871e-16 1.350658701115449299e-16
73 0.4610601267420235128 0.2258715377202238084 -1.082300614208103995e-17 -8.269564938486680069e-18 0.3003767762625584314 -9.147857970356334664e-17 3.177760847828211925e-17
74 0.4678955014850191829 0.2278992121745684607 -1.124249457833123518e-17 -8.904978249737523694e-18 0.2966965137165730737 -6.138103496504087414e-17 -9.29759280703469549e-17
75 0.4747296716238757486 0.2299017759428698127 -1.151164810030296241e-17 -1.02985845197942495e-17 0.2930733852508727866 -3.939037302335671891e-17 -2.039530095058148726e-16
76 0.4815626488544323403 0.2318796262256306029 -1.171320284637192897e-17 -1.212178134415087259e-17 0.2895066442896614411 -2.950245460118006684e-17 -2.668693374314882751e-16
77 0.4883944446759537206 0.2338331546748144973 -1.192772334989607561e-17 -1.390589377605960753e-17 0.2859955338912421596 -3.140568849234662809e-17 -2.611931183796702742e-16
78 0.4952250703944894861 0.2357627475121134297 -1.218672414947577314e-17 -1.523408485266329403e-17 0.2825393128206725724 -3.792401511797069692e-17 -1.944794709144223706e-16
79 0.5020545371261638801 0.2376687855515057235 -1.247867659682927378e-17 -1.585995930867530679e-17 0.2791372415854769251 -4.275612508466433508e-17 -9.165864773911107815e-17
80 0.5088828558003979374 0.2395516444573833059 -1.275734010770714336e-17 -1.577705890307836344e-17 0.2757886169793840048 -4.081677284884368955e-17 1.214269860330021472e-17
81 0.5157100371630657376 0.2414116946708407263 -1.296434285230509508e-17 -1.518468128209946137e-17 0.2724927235354534516 -3.032538651199222813e-17 8.678184606745252297e-17
82 0.5225360917795861537 0.2432493013422618588 -1.305843211402627352e-17 -1.439709862819175234e-17 0.2692488344738621087 -1.37860971278155095e-17 1.153977697808898099e-16
83 0.5293610300379522071 0.2450648247209549768 -1.303523195322564313e-17 -1.369834517956774083e-17 0.2660562787053177281 3.399872742164165014e-18 1.023989800710996722e-16
84 0.5361848621516982494 0.246858620784103866 -1.288514330382555438e-17 -1.325638530269583883e-17 0.2629144759855739921 2.199830817954674521e-17 6.477751391116753052e-17
85 0.5430075981628083026 0.2486310414570055971 -1.25976443022021388e-17 -1.307432505544585443e-17 0.2598228771054411079 4.21450837878365322e-17 2.668859485235827441e-17
86 0.5498292479445650027 0.250382434507347762 -1.215138113012535033e-17 -1.302513979509735408e-17 0.2567809161541442231 6.542898303116267398e-17 7.211308855599616563e-18
87 0.5566498212043425875 0.2521131432202777245 -1.152930362192652466e-17 -1.296242506130075218e-17 0.2537879783904624098 9.122031456159042736e-17 9.196374517922459823e-18
88 0.5634693274863430412 0.2538235060426649037 -1.07520413144594683e-17 -1.280911034690625655e-17 0.2508433957145453364 1.139940099340048554e-16 2.248527801723613625e-17
89 0.5702877761742788376 0.255513856366981984 -9.918355439059968609e-18 -1.259916700247337079e-17 0.2479464671345195381 1.222879450085396524e-16 3.079522025800770757e-17
90 0.577105176494001948 0.257184522534338933 -9.194886016565414357e-18 -1.243948044007823217e-17 0.2450964909202106301 1.06137192579898887e-16 2.342695198770803309e-17
91 0.5839215375160813348 0.2588358280317725191 -8.76325274038681598e-18 -1.244727340108638571e-17 0.2422927931327521767 6.333269783022673304e-17 -1.143445772072392863e-18
92 0.5907368681583297088 0.260468091904083765 -8.757474574173034049e-18 -1.266861650547341526e-17 0.2395347591570871904 8.479460189412396346e-19 -3.248210543639282663e-17
93 0.5975511771882806578 0.2620816293754842929 -9.193456116735092435e-18 -1.303294469647334426e-17 0.2368218645657418353 -6.398981347249127099e-17 -5.34731191780604703e-17
94 0.6043644732256177043 0.2636767518024619728 -9.931378413473460233e-18 -1.337193417456930467e-17 0.2341535770369278513 -1.08322184199978837e-16 -4.976144622607126515e-17
95 0.6111767647445558449 0.2652537665552157642 -1.074634967260661723e-17 -1.34882085990411185e-17 0.2315293458841123642 -1.196499666296472859e-16 -1.707082409597087402e-17
96 0.6179880600761771259 0.2668129769442570409 -1.141603776128500309e-17 -1.3236339908770042e-17 0.2289486086967775225 -9.833448855994008012e-17 3.69834543286354208e-17
97 0.6247983674107210339 0.268354682102293296 -1.17812535827277717e-17 -1.260097617071076675e-17 0.2264107847864541556 -5.363463974824529588e-17 9.330785579136743509e-17
98 0.631607694799830921 0.2698791770859146344 -1.182302795092497194e-17 -1.167982981016382564e-17 0.2239153074791524478 -6.13575026491971951e-18 1.352964573653224086e-16
99 0.6384160501587572423 0.2713867528429800835 -1.162690703221010498e-17 -1.064957496089043703e-17 0.2214616044175277132 2.880999718579923489e-17 1.513435665237494846e-16
100 0.645223441268518827 0.2728776962794343119 -1.132211060909384978e-17 -9.698625895953733028e-18 0.2190491121852888023 4.478062966603868897e-17 1.397132468708596275e-16
101 0.6520298757780230714 0.2743522903148776781 -1.101496997419994004e-17 -8.981273162478367483e-18 0.2166772746804867533 4.513133385382036871e-17 1.054080184362779389e-16
102 0.6588353612061456088 0.2758108144477109946 -1.076228337221829344e-17 -8.591731226900264562e-18 0.2143456180270275346 3.713498093699060729e-17 5.72473262864250425e-17
103 0.6656399049437712323 0.27725354511220901 -1.056431155366986344e-17 -8.564022009137785785e-18 0.2120537200671089029 2.909805802613351631e-17 4.072723240222885401e-18
104 0.6724435142557956269 0.278680755699046101 -1.038497564257790518e-17 -8.863397883630682414e-18 0.2098011609407288147 2.636253030384184371e-17 -4.40085062467559791e-17
105 0.6792461962830903532 0.2800927163281884402 -1.018866459115986328e-17 -9.410146069138279207e-18 0.2075874866961166243 2.886179467999533142e-17 -8.038331901231945397e-17
106 0.6860479580444304171 0.2814896934949667195 -9.988776446293336024e-18 -1.009618975388908297e-17 0.2054121906348990168 2.939164840730400134e-17 -1.008761914705401372e-16
107 0.6928488064383862 0.2828719497506441138 -9.840485206838923121e-18 -1.081219605127150972e-17 0.2032747183654303735 2.180772184053779227e-17 -1.052959448369135545e-16
108 0.6996487482451804185 0.2842397435426784469 -9.816569171777203419e-18 -1.147448333666470371e-17 0.2011744912747092384 3.517559602090031336e-18 -9.740891389667817132e-17
109 0.7064477901285103334 0.2855933292572592208 -9.955520905749061924e-18 -1.203401305967797216e-17 0.1991109362826212759 -2.04396437929308536e-17 -8.230619297104052713e-17
110 0.7132459386373368737 0.2869329574231527791 -1.022540987923002308e-17 -1.24967115304555673e-17 0.1970835095924876046 -3.970554475350386556e-17 -6.807130577394127895e-17
111 0.7200432002076404547 0.288258874987139424 -1.054949641603892707e-17 -1.289238392386018636e-17 0.1950917072589488099 -4.768516345434368404e-17 -5.821810106538262013e-17
112 0.7268395811641449322 0.2895713255689202348 -1.085749874142536049e-17 -1.326190252639576335e-17 0.193135062206924335 -4.532441000001075772e-17 -5.437690323584558073e-17
113 0.7336350877220099154 0.290870549641726539 -1.114015104611170046e-17 -1.363774800893034833e-17 0.1912131333341635375 -4.159931604904522823e-17 -5.531500983482947778e-17
114 0.7404297259884923266 0.2921567847743705149 -1.146725947968871097e-17 -1.40403734183189455e-17 0.1893255145844584542 -4.814825138898301583e-17 -5.926386310143997407e-17
115 0.7472235019645780962 0.2934302658233882144 -1.195658027312376648e-17 -1.448432517885545109e-17 0.1874718276352247137 -7.203394468723774194e-17 -6.535507379073385886e-17
116 0.7540164215465838815 0.2946912246301311433 -1.270829925728103169e-17 -1.499039853932322001e-17 0.1856516490399535146 -1.106759937574127162e-16 -7.450945534748672197e-17
117 0.7608084905277301413 0.2959398898403311495 -1.372919693625133445e-17 -1.55961392181246941e-17 0.1838645282455396712 -1.503260190141567263e-16 -8.919462417722609393e-17
118 0.7675997145996864557 0.2971764868200905685 -1.491562434434391887e-17 -1.631943060971258158e-17 0.1821100017871255528 -1.74721676459273065e-16 -1.065169968636923215e-16
119 0.7743900993540883126 0.2984012376330756888 -1.605778834480082247e-17 -1.713059420269648784e-17 0.1803876023058386679 -1.682237915648289716e-16 -1.194723482236484544e-16
120 0.7811796502840275824 0.2996143611020644637 -1.691422990570794874e-17 -1.794065801618736808e-17 0.1786968709831219526 -1.261565133527419736e-16 -1.193249264958518881e-16
121 0.7879683727855163466 0.3008160729652110676 -1.731083838202035046e-17 -1.862271460779345327e-17 0.1770373715105956758 -5.842875011761824696e-17 -1.00481246713537015e-16
122 0.794756272158924526 0.3020065859848022893 -1.721301948645582652e-17 -1.904951677943890937e-17 0.1754086831142647185 1.441251239785366798e-17 -6.288449235468504487e-17
123 0.8015433536103924173 0.3031861100592242453 -1.674608192172085487e-17 -1.913545032154638345e-17 0.1738104010469519456 6.880623053857300678e-17 -1.266285592721366911e-17
124 0.8083296222532183606 0.3043548521641389892 -1.613390730099624913e-17 -1.887418105036663266e-17 0.1722421114375208562 9.021857670624497652e-17 3.850427800325120477e-17
125 0.8151150831092222049 0.3055130165778732754 -1.559982826568232337e-17 -1.835018844927766421e-17 0.1707034331851520759 7.871863773325717072e-17 7.723198443051530952e-17
126 0.8218997411100845696 0.3066608052411216034 -1.52784106984937963e-17 -1.770861541268177144e-17 0.1691940377868623724 4.737974659407454135e-17 9.457344899158771221e-17
127 0.8286836010986630141 0.307798417810229763 -1.519025988915610906e-17 -1.709331010820261107e-17 0.1677136042027482232 1.299571607142377837e-17 9.071196389836825918e-17
128 0.8354666678302854477 0.3089260515413218555 -1.524462494251777185e-17 -1.659831383505487143e-17 0.1662617939273950407 -8.015751080907128453e-18 7.298377663925923779e-17
129 0.8422489459740212236 0.3100439010502661352 -1.530679904074964987e-17 -1.624449626375988894e-17 0.1648382326788208341 -9.168200539463750562e-18 5.217398466995587168e-17
130 0.8490304401139296964 0.3111521580454722491 -1.526258652874430298e-17 -1.598723263781550186e-17 0.1634425063788395582 6.52033220337517963e-18 3.79404885386153448e-17
131 0.8558111547502883498 0.3122510111384111942 -1.508572251485373813e-17 -1.57551520968608774e-17 0.1620741726017598805 2.608637032423786437e-17 3.423047347629354613e-17
132 0.862591094300798833 0.3133406457978133997 -1.482715257428442454e-17 -1.548380535744917401e-17 0.1607327817601456876 3.814183540202553585e-17 4.002655006506111734e-17
133 0.869370263101773233 0.3144212444513341254 -1.459170680651452384e-17 -1.514829812778631996e-17 0.1594178988639963213 3.47346995778746291e-17 4.949650587872671073e-17
134 0.8761486654092995874 0.3154929866843435016 -1.448274257946817053e-17 -1.477516611564736866e-17 0.1581291178667740549 1.607701606895997386e-17 5.505338327641638736e-17
135 0.8829263054003878564 0.3165560494614091946 -1.455873700578507278e-17 -1.442891823825948279e-17 0.1568660650374504584 -1.121377483841106286e-17 5.109250669403318846e-17
136 0.8897031871740965769 0.3176106073059187795 -1.48124489513658152e-17 -1.41978317992205274e-17 0.1556283928078340817 -3.744202608937086354e-17 3.41030236459357865e-17
137 0.8964793147526404216 0.3186568324051263223 -1.516849389728852949e-17 -1.416561272084829302e-17 0.1544157687867797335 -5.254983281222016785e-17 4.755318678761084848e-18
138 0.9032546920824787717 0.319694894643165417 -1.550442802122355145e-17 -1.437164666065397725e-17 0.1532278651420042881 -4.958707363842589737e-17 -3.04125702548028276e-17
139 0.9100293230353870833 0.32072496158828806 -1.570710229819477855e-17 -1.479092535715322702e-17 0.1520643518511095305 -2.991993162235981422e-17 -6.189631026413227916e-17
140 0.9168032114095090446 0.3217471984670068341 -1.570457110043900835e-17 -1.530943139227376377e-17 0.1509248947726571921 3.737105977015340457e-19 -7.65531653364297046e-17
141 0.9235763609303923038 0.3227617681577900077 -1.548215471452743581e-17 -1.574650708402266875e-17 0.149809158536740733 3.284152081507049289e-17 -6.453764802220944101e-17
142 0.9303487752520064324 0.3237688314115972354 -1.507281900731545884e-17 -1.589972569956302822e-17 0.1487168400483230013 6.044815225396331954e-17 -2.262637252784008191e-17
143 0.9371204579577443461 0.3247685468907827167 -1.455094930140109148e-17 -1.561530312041475508e-17 0.1476476416847795903 7.707476071868484383e-17 4.20062747126415852e-17
144 0.9438914125614068507 0.3257610710138865717 -1.401546807947439057e-17 -1.486147260830943689e-17 0.1466012426325561113 7.909350585390369909e-17 1.113448905033956693e-16
145 0.9506616425081714228 0.3267465579090464423 -1.358277861392500427e-17 -1.376068093523715389e-17 0.1455773149253109244 6.391741067336075699e-17 1.626102760422907969e-16
146 0.9574311511755448922 0.3277251594057949968 -1.336074606728708728e-17 -1.254721368167088791e-17 0.1445755291160734646 3.280239506869915812e-17 1.792738625807051514e-16
147 0.9641999418743004702 0.3286970250536807581 -1.340591909654248665e-17 -1.150643631476274578e-17 0.1435955582445264667 -6.674427033856726382e-18 1.537774355278082682e-16
148 0.9709680178493997893 0.329662302150425135 -1.371329660426482921e-17 -1.086671013143621905e-17 0.1426370792522006492 -4.542056377097103249e-17 9.453106741951230967e-17
149 0.9777353822808997341 0.3306211358366034636 -1.420920279397032845e-17 -1.072246157122974792e-17 0.1416997828202489484 -7.328674450369353366e-17 2.131755480437804173e-17
150 0.9845020382848447271 0.3315736691908051093 -1.476380834737870286e-17 -1.101692477074675383e-17 0.1407833734518740276 -8.197008577134110644e-17 -4.352133434758375211e-17
151 0.9912679889141446932 0.3325200433185839799 -1.522221282163953886e-17 -1.158689097830790371e-17 0.1398875685658999002 -6.775870709248705506e-17 -8.424911945509580786e-17
152 0.998033237159438702 0.3334603973909149865 -1.546990894581098261e-17 -1.22347506996498938e-17 0.1390120910430485413 -3.661679911586597273e-17 -9.577279156463920981e-17
153 1.004797785949945066 0.3343948685701405577 -1.54501501838077812e-17 -1.283066668913962565e-17 0.1381566525986881733 2.921229117112625219e-18 -8.810304712250859526e-17
154 1.011561638154297338 0.3353235918480704236 -1.519544207173394741e-17 -1.333980518549609777e-17 0.1373209407918826175 3.766111866525730783e-17 -7.528117252415344027e-17
155 1.018324796581367764 0.3362467003612972793 -1.480180442650397668e-17 -1.384113222095032304e-17 0.1365046895851246278 5.820917454580225413e-17 -7.413374524744949412e-17
156 1.025087263981077079 0.3371643256473586536 -1.438910767174882274e-17 -1.445686935562773149e-17 0.1357076706234521257 6.103375322411893548e-17 -9.1061409850734192e-17
157 1.031849043045191205 0.3380765977216833584 -1.405926744852103896e-17 -1.526016967454704949e-17 0.1349296667501408142 4.878504193374563865e-17 -1.188121914312631293e-16
158 1.038610136408106399 0.3389836450248541744 -1.387404532481841107e-17 -1.622126962597249266e-17 0.1341704528327490598 2.739805975383039871e-17 -1.421659215010078935e-16
159 1.045370546647621079 0.3398855942519088402 -1.386431490603731219e-17 -1.719188355211923549e-17 0.13342977831160166 1.439468632930454918e-18 -1.435876844363242274e-16
160 1.052130276285695887 0.3407825701326603896 -1.404540312818788574e-17 -1.7958603193240208e-17 0.1327073599433656603 -2.679195772611576686e-17 -1.134359814721426976e-16
161 1.058889327789201973 0.3416746952527937586 -1.4428845870223738e-17 -1.833490505100374178e-17 0.1320028878212589352 -5.67359310040126139e-17 -5.567933330905877304e-17
162 1.065647703570657523 0.3425620899827046539 -1.500864662266421153e-17 -1.824330323396125079e-17 0.1313160413084202283 -8.579850318220040993e-17 1.355517176880941109e-17
163 1.072405405988952953 0.3434448725312292394 -1.57345025095333271e-17 -1.775485576553014346e-17 0.1306465075188599778 -1.074223054589672198e-16 7.228728746802463995e-17
164 1.079162437350064119 0.3443231590917828489 -1.650164169041108129e-17 -1.705758109215498602e-17 0.1299939950015958079 -1.135432230474912394e-16 1.032026726542835351e-16
165 1.085918799907756194 0.3451970640211493579 -1.716802028338205551e-17 -1.638998116675042104e-17 0.1293582385872860951 -9.863951800968465746e-17 9.882030359290982961e-17
166 1.092674495864274897 0.3460666999935202992 -1.758304257458335774e-17 -1.594941216731713873e-17 0.1287389957399259488 -6.143898674438667629e-17 6.522086521622494477e-17
167 1.099429527371027726 0.3469321780965554103 -1.765059612435107144e-17 -1.582900571183812588e-17 0.1281360379867344246 -1.000145952718941077e-17 1.78264546485943989e-17
168 1.106183896529255639 0.3477936078666327702 -1.737368421656478904e-17 -1.599389238396622516e-17 0.1275491419234818236 4.10014576386918145e-17 -2.441424045824295158e-17
169 1.112937605390692974 0.3486510972829046651 -1.68552685794234904e-17 -1.630865749274025029e-17 0.1269780831192669768 7.676762256664681218e-17 -4.661080286999118239e-17
170 1.119690655958218706 0.3495047527475721449 -1.626882729214803413e-17 -1.66060459708940971e-17 0.126422634077331203 8.684938518836848008e-17 -4.404193062490589799e-17
171 1.126443050186497041 0.3503546790744875294 -1.57936498104152056e-17 -1.674081084548559451e-17 0.1258825654692601603 7.037852406671803064e-17 -1.996002195895031023e-17
172 1.133194789982608253 0.3512009794963362186 -1.555182479969233038e-17 -1.663743731022269044e-17 0.1253576488883548778 3.582015795336726602e-17 1.531213148816347454e-17
173 1.139945877206670621 0.3520437556892671571 -1.55546102269777867e-17 -1.630505506022683999e-17 0.1248476594369801601 -4.126292128776067173e-19 4.923863096567011188e-17
174 1.146696313672452838 0.3528831078072481309 -1.572620841484251e-17 -1.580683341922598e-17 0.1243523771710788317 -2.542275419588787322e-17 7.381293748988697473e-17
175 1.153446101147976632 0.3537191345182065794 -1.59287691672976511e-17 -1.523713236000621454e-17 0.1238715873691276365 -3.001282329429118032e-17 8.441090889371483655e-17
176 1.160195241356111406 0.3545519330811393588 -1.603408072334034385e-17 -1.469970071855794689e-17 0.1234050866073510694 -1.560519226694677249e-17 7.963726309144210172e-17
177 1.16694373597515888 0.3553815995225271251 -1.597038593936377209e-17 -1.426676406222106579e-17 0.1229526974834606462 9.439269946180502001e-18 6.415919347907142999e-17
178 1.173691586639430406 0.3562082285378687097 -1.573185314514386001e-17 -1.398690008293010958e-17 0.1225142278910428956 3.535281313403823468e-17 4.147848514992805601e-17
179 1.180438794939814517 0.3570319133991982086 -1.53854601289350777e-17 -1.386631204548333034e-17 0.122089471900960686 5.134359316844711189e-17 1.787398372927100842e-17
180 1.187185362424336699 0.3578527459141763734 -1.504024513043593421e-17 -1.388877868773322772e-17 0.1216782174017598389 5.117383250691998792e-17 -3.33040045330464459e-18
181 1.193931290598710948 0.3586708163954347439 -1.480226398897659874e-17 -1.402641288614437053e-17 0.1212802476183508643 3.528108204110803068e-17 -2.040448842302689386e-17
182 1.200676580926883119 0.3594862136700361366 -1.473233050591894463e-17 -1.423758067696487713e-17 0.1208953470592814827 1.036872818768322389e-17 -3.130891426080213683e-17
183 1.20742123483156627 0.3602990252058392295 -1.483160017096252135e-17 -1.448125181643450064e-17 0.1205233188534064054 -1.471966005095768566e-17 -3.613144393755956269e-17
184 1.214165253694768243 0.3611093372166132021 -1.505474724081962442e-17 -1.474253264321487495e-17 0.1201639816089283413 -3.309125379097331942e-17 -3.874624101155079215e-17
185 1.220908638858311912 0.3619172347206728313 -1.534719442906239942e-17 -1.502286471167387573e-17 0.1198171625288075304 -4.337207641897950189e-17 -4.15753147395656901e-17
186 1.227651391624347443 0.3627228014665614952 -1.565731425252634116e-17 -1.534537385595154777e-17 0.119482677696555642 -4.599736409597885184e-17 -4.783496381471255158e-17
187 1.234393513255857444 0.3635261199119243503 -1.596195967815152971e-17 -1.573517093124130536e-17 0.1191603399623013398 -4.518961651510471487e-17 -5.782059689524198527e-17
188 1.24113500497715501 0.364327271205405645 -1.626622634438675631e-17 -1.620137377087300922e-17 0.1188499593912274999 -4.51376428152822732e-17 -6.916070536132234987e-17
189 1.247875867974373998 0.3651263351365929832 -1.65955165927193424e-17 -1.672580425889401907e-17 0.1185513385228556676 -4.885441349397853513e-17 -7.780596006217043742e-17
190 1.254616103395953086 0.3659233899933874712 -1.697641780987612683e-17 -1.726464958021960392e-17 0.1182642586329631512 -5.651681270797899805e-17 -7.995201572536201955e-17
191 1.261355712353112279 0.3667185128041385855 -1.741468850042427513e-17 -1.775939821424533335e-17 0.1179885368202810841 -6.503513269873344484e-17 -7.341591340761904741e-17
192 1.268094695920323201 0.3675117797735560909 -1.787354911383488931e-17 -1.815459585045899634e-17 0.117724054781575771 -6.809678717610855154e-17 -5.864894161587316502e-17
193 1.274833055135772497 0.3683032664395850531 -1.827795336199181498e-17 -1.842125364989582354e-17 0.1174707174286252348 -6.002079277029608189e-17 -3.957676654863052821e-17
194 1.281570791001818366 0.3690930476774762492 -1.853889696125208519e-17 -1.85478752319481938e-17 0.1172284302188272703 -3.873225527439829284e-17 -1.879463398682137802e-17
195 1.288307904485441302 0.3698811975402140351 -1.859260917490844414e-17 -1.85446345320539408e-17 0.116997074864484879 -7.97332103879432843e-18 4.810663885980935962e-19
196 1.29504439651868819 0.3706677889955711236 -1.843866570377776119e-17 -1.843468290098481697e-17 0.1167764939760731896 2.285427677444871804e-17 1.632329705052996755e-17
197 1.301780267999110396 0.3714528936616299792 -1.815942871091782476e-17 -1.823662097358333268e-17 0.1165664908174703085 4.145902803953852177e-17 2.940675917471305812e-17
198 1.308515519790195203 0.3722365816354255563 -1.788731157822117796e-17 -1.797472117471951803e-17 0.116366843116090482 4.040563687145515151e-17 3.888850387599587776e-17
199 1.315250152721792132 0.3730189214627145367 -1.776379834419387541e-17 -1.766318559631775975e-17 0.1161773240092864451 1.834169309614327983e-17 4.626297750661690874e-17
200 1.321984167590532611 0.3737999802374122882 -1.787868151617288966e-17 -1.732101136397132334e-17 0.1159977213006306435 -1.706169445508251224e-17 5.081747049745249923e-17
201 1.328717565160244085 0.3745798237750315174 -1.823027262484470115e-17 -1.696879981499046275e-17 0.1158278484587881019 -5.222078492696463955e-17 5.231293708650368617e-17
202 1.335450346162359248 0.3753585167912777409 -1.872813332088178786e-17 -1.66431190326952851e-17 0.1156675453960997468 -7.39525377245637375e-17 4.837682614948865714e-17
203 1.342182511296318159 0.3761361230334173689 -1.921296537864167074e-17 -1.640863074299298373e-17 0.1155166714656190724 -7.202383738348882784e-17 3.483421975824711231e-17
204 1.348914061229965933 0.3769127053440844977 -1.951891177555773155e-17 -1.63319531651118096e-17 0.1153750954333653544 -4.545377129613011107e-17 1.139181609485772549e-17
205 1.355644996599944863 0.3776883256676192291 -1.954560683448532161e-17 -1.644721874839936068e-17 0.1152426869445064006 -3.966386936506600386e-18 -1.712631183998119994e-17
206 1.362375318012081449 0.3784630450260310641 -1.928414306645557735e-17 -1.672944178591632449e-17 0.1151193120109273299 3.885217113081222242e-17 -4.193689180452466025e-17
207 1.369105026041766981 0.3792369234926221133 -1.884315154180390546e-17 -1.709622982764951918e-17 0.1150048326624572848 6.553504030359389013e-17 -5.450778020472811826e-17
208 1.375834121234335017 0.380010020181135888 -1.83958857450719009e-17 -1.742917455034332552e-17 0.1148991092530912833 6.647349860297213854e-17 -4.948288181337235315e-17
209 1.382562604105432191 0.3807823932549869173 -1.811914228695829126e-17 -1.761833055425908201e-17 0.114802003445608522 4.113388271486483623e-17 -2.811528385501751476e-17
210 1.389290475141384817 0.381554099951169623 -1.812127363456121449e-17 -1.7588883096612246e-17 0.1147133803947765068 -3.168225564676037526e-19 4.377333289202059182e-18
211 1.396017734799559928 0.3823251966095416732 -1.840955943563982624e-17 -1.733081614587742678e-17 0.1146331095485462886 -4.285727017168509278e-17 3.836486219107695012e-17
212 1.40274438350872277 0.3830957386994719993 -1.888870547489728725e-17 -1.688704919592488591e-17 0.1145610642586779859 -7.123748450604094815e-17 6.597746538931626945e-17
213 1.409470421669388518 0.3838657808396688798 -1.94088087385712477e-17 -1.633556777452856934e-17 0.1144971207690361342 -7.733385367458047262e-17 8.199945381086343014e-17
214 1.416195849654169336 0.3846353768108030646 -1.98096784384327181e-17 -1.577040263236986458e-17 0.1144411571459887922 -5.961048918863536508e-17 8.404169885647923282e-17
215 1.422920667808117656 0.3854045795650009598 -1.998364476558807468e-17 -1.528498891438453376e-17 0.1143930528142559772 -2.587164325865765404e-17 7.218897329113586491e-17
216 1.42964487644906435 0.3861734412958921503 -1.989218216878682313e-17 -1.49602462471751747e-17 0.1143526975642243093 1.360321921384910434e-17 4.829893141715924229e-17
217 1.436368475867953132 0.3869420134826861424 -1.956669964431069061e-17 -1.486602041334569195e-17 0.114319987694125727 4.84133550915738524e-17 1.401546445336377306e-17
218 1.443091466329169625 0.3877103467918089352 -1.910674233967241984e-17 -1.504543653353834124e-17 0.1142948048244590148 6.842177702960116832e-17 -2.668936800773707007e-17
219 1.449813848070866884 0.388478491026854722 -1.863994836009255167e-17 -1.550480405893867527e-17 0.1142770230796184422 6.94450650595539452e-17 -6.83402294870737649e-17
220 1.456535621305286909 0.3892464951195051537 -1.829450152947278869e-17 -1.620305909138226633e-17 0.1142665151802224055 5.139686870515086998e-17 -1.038889896914887099e-16
221 1.46325678621907751 0.3900144071495416087 -1.815521072663511792e-17 -1.706311652284716381e-17 0.1142631567718039448 2.072608087772269343e-17 -1.279741341199795432e-16
222 1.469977342973605383 0.3907822743858297421 -1.822528805634386716e-17 -1.798095604426715463e-17 0.1142668295474374845 -1.042825362321444562e-17 -1.36584304147401063e-16
223 1.476697291705265425 0.3915501433297305378 -1.84504557113756847e-17 -1.883746456152680389e-17 0.1142774216119313568 -3.351037862883664185e-17 -1.274691283174683916e-16
224 1.483416632525785372 0.3923180597362924127 -1.874978914513213581e-17 -1.953146545900245379e-17 0.114294824178043708 -4.455206567988364358e-17 -1.032934182400429621e-16
225 1.490135365522527344 0.393086068715505943 -1.903644268846486984e-17 -1.999241509050524939e-17 0.1143189434856808767 -4.266868110550158888e-17 -6.861283695859137627e-17
226 1.496853490758785821 0.3938542147261841486 -1.92641317681465034e-17 -2.020151049267993799e-17 0.1143496848246780689 -3.389482486100208086e-17 -3.112688604065499549e-17
227 1.503571008274080745 0.3946225415634437295 -1.942337354450973018e-17 -2.019702869161981167e-17 0.1143869515820607058 -2.370759484033000088e-17 6.672415123407947497e-19
228 1.510287918084448178 0.3953910923021872748 -1.952417719395187836e-17 -2.005883491963618789e-17 0.1144306386903865824 -1.500880216034177719e-17 2.057587195475471006e-17
229 1.517004220182726515 0.3961599091845357523 -1.96007817846651757e-17 -1.991076395352311602e-17 0.114480624278060425 -1.140680124067359932e-17 2.20484968882307828e-17
230 1.523719914538839593 0.3969290334097488326 -1.970431238691025808e-17 -1.986556690426240378e-17 0.1145367551407104056 -1.541761246127698558e-17 6.730672620307096148e-18
231 1.530435001100076686 0.3976985052397621345 -1.987641839444529046e-17 -1.997720590669278531e-17 0.1145988937326267026 -2.563207293490336165e-17 -1.662660759876682053e-17
232 1.537149479791367845 0.3984683645369798133 -2.014358114336120192e-17 -2.021708341886136766e-17 0.1146669825565631157 -3.979265611316410524e-17 -3.572864626426688273e-17
233 1.543863350515557231 0.3992386510426323976 -2.050887050294773293e-17 -2.051031164670345254e-17 0.1147410055550637659 -5.441308932449156983e-17 -4.367894474696354073e-17
234 1.550576613153672456 0.4000094044693301432 -2.095854639947638956e-17 -2.076000472430259801e-17 0.1148209604497571756 -6.698928158093332371e-17 -3.719736817833436668e-17
235 1.55728926756519015 0.4007806643884873621 -2.144453298748291392e-17 -2.089067627367780233e-17 0.1149068281864787516 -7.240513344712732336e-17 -1.946821415188442394e-17
236 1.564001313588299968 0.4015524699494310013 -2.189383838873980081e-17 -2.088594628926080768e-17 0.1149985478489932988 -6.694622493011946916e-17 7.047647319846272838e-19
237 1.570712751040163502 0.4023248595393245086 -2.221358344655411415e-17 -2.079052691178918642e-17 0.1150960078208788095 -4.764613629756160793e-17 1.421871754803324402e-17
238 1.57742357971717162 0.4030978705096062154 -2.232506263587666768e-17 -2.068430397612688245e-17 0.1151990556751949363 -1.661334422293362729e-17 1.583002356989151679e-17
239 1.584133799395197828 0.4038715390547615858 -2.21893180781049795e-17 -2.063231654673845212e-17 0.1153075208599073226 2.023136202821077697e-17 7.74820384801271902e-18
240 1.590843409829848953 0.404645900259306468 -2.182507508280109412e-17 -2.065323767240921453e-17 0.1154212397622706582 5.429168951898341719e-17 -3.118366787965309222e-18
241 1.59755241075671317 0.4054209882647439311 -2.130864487295843053e-17 -2.070187137770896443e-17 0.1155400735962055919 7.698272200567433915e-17 -7.249682423375502145e-18
242 1.604260801891604471 0.4061968364763208772 -2.073682433804737083e-17 -2.070808720308168613e-17 0.1156639143470672426 8.524734656205112759e-17 -9.266589556810916045e-19
243 1.610968582930804693 0.4069734777360312084 -2.019516454202900046e-17 -2.060479954831684547e-17 0.1157926797533337243 8.075831474496251424e-17 1.539958659306701828e-17
244 1.617675753551303108 0.4077509444214223455 -1.974199515526359367e-17 -2.036798299416457285e-17 0.1159263022551370315 6.757106418844616684e-17 3.531118175419390021e-17
245 1.62438231341103223 0.4085292684688366371 -1.939943966404664525e-17 -2.001471929803955426e-17 0.1160647177327444879 5.108233071813756112e-17 5.267915248435260359e-17
246 1.631088262149101853 0.4093084813472419592 -1.915093262384399057e-17 -1.958876110189864906e-17 0.1162078581393272136 3.706108006530314574e-17 6.352524579897778707e-17
247 1.637793599386029975 0.4100886140172457228 -1.898699138244156232e-17 -1.913913634660588759e-17 0.1163556492894682326 2.445159691698282371e-17 6.706087611797662256e-17
248 1.644498324723971505 0.410869696902091297 -1.891411410293493685e-17 -1.868727245652224193e-17 0.1165080126437512131 1.087053265016639825e-17 6.740099525996919908e-17
249 1.651202437746943641 0.4116517598821248236 -1.893374690419076903e-17 -1.824178026254661419e-17 0.1166648688080874907 -2.928738786163612986e-18 6.645665335414083169e-17
250 1.657905938021049241 0.412434832310250854 -1.904588025840849661e-17 -1.779500310222408872e-17 0.1168261406647550932 -1.672911284132546033e-17 6.665443642620411166e-17
251 1.664608825094697764 0.4132189430383524376 -1.922432122486853965e-17 -1.734314618397985716e-17 0.1169917550094195513 -2.662394618969267454e-17 6.741845505229684454e-17
252 1.671311098498823089 0.4140041204440170208 -1.941557211755467307e-17 -1.688709382475317548e-17 0.1171616425986484467 -2.853784198820623396e-17 6.805066362392668593e-17
253 1.678012757747100236 0.4147903924506203821 -1.955768864885505662e-17 -1.643998686775692377e-17 0.1173357371606388033 -2.120811604991445148e-17 6.672197909656500194e-17
254 1.684713802336157862 0.4155777865386032222 -1.959776113830612415e-17 -1.603576665214306453e-17 0.1175139740821576489 -5.98058527315575333e-18 6.032750901498527175e-17
255 1.691414231745790087 0.4163663297493734317 -1.952142609268820238e-17 -1.572359513050766846e-17 0.1176962893087512008 1.139360721230254129e-17 4.659406006230886142e-17
256 1.698114045439165221 0.4171560486943335366 -1.936240847896672263e-17 -1.555053695974668003e-17 0.117882620110079453 2.373681557061745625e-17 2.583267215628677547e-17
257 1.704813242863031819 0.417946969581695138 -1.917823015120478087e-17 -1.554675472047515625e-17 0.1180729077359181783 2.749512757633120947e-17 5.646329432914197029e-19
258 1.711511823447923852 0.41873911815278958 -1.902120609219604937e-17 -1.571527570626573223e-17 0.1182670839059375284 2.344355369647242842e-17 -2.516003473801514418e-17
259 1.718209786608362322 0.4195325196224378161 -1.891356952157911701e-17 -1.603090306584469137e-17 0.1184650714114089814 1.607152811333659666e-17 -4.712723522996966144e-17
260 1.7249071317430551 0.4203271986708731478 -1.883962196889827859e-17 -1.643999011017930344e-17 0.1186667918093841645 1.104234326558423323e-17 -6.108761419790122797e-17
261 1.731603858235095217 0.4211231794760427749 -1.875574445489115863e-17 -1.68704789480605775e-17 0.1188721714523197498 1.252630988246534794e-17 -6.428941830328267469e-17
262 1.738299965452156481 0.4219204857733450664 -1.861992277330451487e-17 -1.726198911939126638e-17 0.119081145587960735 2.028555586948820103e-17 -5.847373822223771576e-17
263 1.744995452746686881 0.4227191409184477 -1.842232517228338787e-17 -1.756250303668518641e-17 0.1192936588236512413 2.951479239209909781e-17 -4.488721438939990083e-17
264 1.751690319456100875 0.4235191678671318405 -1.819280229014732091e-17 -1.77451524978769683e-17 0.1195096527359127553 3.428659495051301278e-17 -2.728454799595792716e-17
265 1.758384564902968572 0.4243205893182903643 -1.799946209021926118e-17 -1.78016018017871619e-17 0.1197290902436071447 2.888423589291226473e-17 -8.433295355748085512e-18
266 1.765078188395203806 0.4251234276425735481 -1.792403495442595645e-17 -1.775171567629296668e-17 0.1199519235914602994 1.126955422497962481e-17 7.453476662186644713e-18
267 1.771771189226249765 0.4259277048300079138 -1.802077135037119898e-17 -1.763139177085798367e-17 0.1201780971802432901 -1.445471309444811487e-17 1.797924674029311174e-17
268 1.778463566675263063 0.4267334423987497738 -1.831067661615873817e-17 -1.748289905065704827e-17 0.1204075417551418725 -4.332276630696855346e-17 2.219040553842793671e-17
269 1.785155320007295821 0.4275406612473951484 -1.876011402493108777e-17 -1.735981474106662556e-17 0.1206401659638409729 -6.71691495752899302e-17 1.839514966907891339e-17
270 1.791846448473476183 0.4283493813741196532 -1.929854976282034035e-17 -1.729236367709973299e-17 0.1208758364418071607 -8.047761893985664598e-17 1.008161353534095229e-17
271 1.798536951311186183 0.4291596221176621206 -1.983629307624754039e-17 -1.730654623621742024e-17 0.1211144557976132213 -8.038165111247416589e-17 -2.120003150972478497e-18
272 1.805226827744238927 0.4299714028841468139 -2.029945563064593066e-17 -1.739416829675355018e-17 0.1213560352594385411 -6.923984110367749008e-17 -1.309893792381152759e-17
273 1.811916076983053125 0.4307847434915497153 -2.06327272601682312e-17 -1.753153882662559288e-17 0.1216006375608746776 -4.982665596922376886e-17 -2.053794420501724788e-17
274 1.818604698224826954 0.4315996642649370663 -2.082967708326218223e-17 -1.769152012749781154e-17 0.121848339700288591 -2.944827243575085943e-17 -2.392067613314630893e-17
275 1.825292690653708805 0.4324161858468293373 -2.090065577852535793e-17 -1.782993223947874277e-17 0.1220991903486845359 -1.061385444773631342e-17 -2.069756290845143575e-17
276 1.831980053440967815 0.4332343287886092353 -2.084801698604872189e-17 -1.791385107210819985e-17 0.1223531770917025419 7.872124990500812783e-18 -1.255005117773597025e-17
277 1.838666785745161958 0.4340541130795835811 -2.067165141944582817e-17 -1.79304552451746697e-17 0.1226102170761392274 2.637793947019453047e-17 -2.483386527973258703e-18
278 1.845352886712304574 0.4348755577826950436 -2.038928714941736598e-17 -1.789603337584360646e-17 0.1228701729291768741 4.223552304373508903e-17 5.148759278906113208e-18
279 1.85203835547602913 0.4356986808844789394 -2.003594172427631425e-17 -1.785036692477226205e-17 0.1231328847819335437 5.285775776165475375e-17 6.831349826023736444e-18
280 1.858723191157753529 0.4365234993703954181 -1.966942442703577338e-17 -1.783108594561661455e-17 0.1233982039762619026 5.483336876896316151e-17 2.884559741731403477e-18
281 1.865407392866841318 0.4373500294532547406 -1.937579650125969448e-17 -1.783820902708664062e-17 0.1236660159758443261 4.393281807040933774e-17 -1.065760490921364389e-18
282 1.872090959700762447 0.4381782868448942936 -1.921263874948588889e-17 -1.786099302513153639e-17 0.1239362468542065526 2.441410074226761254e-17 -3.409282228593511144e-18
283 1.878773890745252473 0.4390082869749412642 -1.919902700379385857e-17 -1.785958234887199393e-17 0.1242088553953638874 2.036986852332259149e-18 2.111065735872481527e-19
284 1.885456185074469548 0.4398400451071778905 -1.929991473309011493e-17 -1.779548786660824958e-17 0.1244838177842049892 -1.5099208800767275e-17 9.592603356504296907e-18
285 1.892137841751151184 0.4406735763559600505 -1.943704585922223534e-17 -1.763674535567146598e-17 0.1247611126549968835 -2.052548347872156664e-17 2.376022772878363916e-17
286 1.898818859826768346 0.441508895639976584 -1.951766919847964734e-17 -1.735880493748157716e-17 0.1250407117129788692 -1.206867830579622869e-17 4.160548950475186462e-17
287 1.905499238341679114 0.4423460176197899218 -1.948439149267980955e-17 -1.696893260568298e-17 0.1253225773029493229 4.981887894635151601e-18 5.836641089152410686e-17
288 1.912178976325280555 0.4431849566538758611 -1.934805282779196574e-17 -1.650798949210340067e-17 0.1256066651745181839 2.041274077748333207e-17 6.90127947079875568e-17
289 1.918858072796159053 0.4440257267871576818 -1.916753436606051638e-17 -1.60372097963965205e-17 0.1258929293444241149 2.702997769368228467e-17 7.049231724856011635e-17
290 1.925536526762239964 0.4448683417677588015 -1.904646123593255043e-17 -1.563539516202661283e-17 0.1261813263214010272 1.813066286874163091e-17 6.017161416234652397e-17
291 1.932214337220935496 0.4457128150781556886 -1.907585487523571361e-17 -1.535934175292855717e-17 0.1264718172639668348 -4.402113048339430734e-18 4.134290081250175284e-17
292 1.938891503159291263 0.4465591599664215372 -1.928529598279576851e-17 -1.523592727110674094e-17 0.1267643679962179859 -3.136979971212295359e-17 1.84848505693455386e-17
293 1.945568023554131942 0.4474073894683499586 -1.964706307584443891e-17 -1.522847583090155251e-17 0.127058947643986786 -5.419022331867172056e-17 1.116174512618268913e-18
294 1.952243897372205383 0.4482575164162824199 -2.008833397082866944e-17 -1.524882036148998274e-17 0.1273555266444582612 -6.610575909899519802e-17 -3.04776647031951082e-18
295 1.958919123570325604 0.449109553401623951 -2.049941765186769009e-17 -1.519761363624676028e-17 0.1276540698083238889 -6.158946832030172392e-17 7.67190508312704281e-18
296 1.965593701095514456 0.4499635126904358851 -2.079930528572086756e-17 -1.500862520321848296e-17 0.1279545292861923866 -4.493420416073695187e-17 2.831742251121967805e-17
297 1.972267628885142843 0.4508194061734973057 -2.09365191110179924e-17 -1.467935850820399173e-17 0.1282568497275713149 -2.05616859106470022e-17 4.934108023782808511e-17
298 1.9789409058670695 0.4516772453629817607 -2.089380467250662732e-17 -1.427279832828866063e-17 0.1285609752631932112 6.40144439675333422e-18 6.092957033649341595e-17
299 1.985613530959779549 0.4525370414425065047 -2.070375227902610904e-17 -1.38657870282833405e-17 0.1288668575041901632 2.848519002613089295e-17 6.100314766423909563e-17
300 1.992285503072522168 0.4533988053585604194 -2.041013545170085952e-17 -1.35296636989122077e-17 0.1291744617481921376 4.401181683682491799e-17 5.038334669585849519e-17
301 1.998956821105446036 0.4542625478817184925 -2.006366734930902758e-17 -1.328111801091224957e-17 0.1294837624566172185 5.19390816893818963e-17 3.725951885167749087e-17
302 2.005627483949734557 0.4551282796428497979 -1.971627178365487999e-17 -1.310892597281605123e-17 0.1297947395101213819 5.208324214896523759e-17 2.581587246055029586e-17
303 2.012297490487740426 0.455996011269127588 -1.942708836217127407e-17 -1.300905258191599477e-17 0.1301073931754664903 4.336006661436200002e-17 1.497498321380849624e-17
304 2.018966839593117957 0.4568657532486830597 -1.92394408732899654e-17 -1.300870373631135746e-17 0.1304217034244927187 2.813858100276681011e-17 5.231096009899029029e-20
305 2.025635530130954987 0.4577375158057536142 -1.917333359405429039e-17 -1.316474741172208251e-17 0.1307376314979469545 9.914063229657540716e-18 -2.340176274831805365e-17
306 2.032303560957903876 0.4586113087171418967 -1.919223954631891119e-17 -1.356160265597920484e-17 0.1310551110937095698 -2.835593699696773028e-18 -5.95220073845705811e-17
307 2.038970930922311187 0.4594871410124398703 -1.921801405821290873e-17 -1.424051788712527453e-17 0.1313740309179404209 -3.866152847566695625e-18 -1.018366541700795798e-16
308 2.045637638864347352 0.4603650207734190647 -1.919454535208947e-17 -1.516832250527555527e-17 0.1316942495388880308 3.52063434874916458e-18 -1.391836767824905323e-16
309 2.052303683616134133 0.4612449561198582737 -1.906388954626064663e-17 -1.620486505125136481e-17 0.1320157733716443571 1.960215295565372064e-17 -1.555113865960192259e-16
310 2.058969064001870741 0.462126955882087187 -1.883389725894213104e-17 -1.714539105834569429e-17 0.1323387097453486427 3.450894644029833127e-17 -1.411202174774533434e-16
311 2.065633778837961287 0.4630110298746710762 -1.856135684074428734e-17 -1.777468157798682342e-17 0.1326632071013359171 4.089712653710263166e-17 -9.443066896477637051e-17
312 2.072297826933139575 0.4638971887857480381 -1.834065138969534336e-17 -1.793594899233593222e-17 0.1329893973333895751 3.312214610302914101e-17 -2.420204319531926397e-17
313 2.078961207088592555 0.464785443708909618 -1.826811116380376675e-17 -1.757971416716191984e-17 0.1333173421293636363 1.088749396277740394e-17 5.346694831375559668e-17
314 2.085623918098084673 0.4656758054990380868 -1.839960746147440971e-17 -1.677963122553270887e-17 0.1336470065113015415 -1.97381409959930409e-17 1.200957760036768909e-16
315 2.092285958748079988 0.4665682841921607871 -1.872740842834119801e-17 -1.571213653327245475e-17 0.1339782683969762966 -4.920924864435752457e-17 1.602515460526819342e-16
316 2.098947327817862973 0.4674628886773857794 -1.91975336324219613e-17 -1.458487392999527888e-17 0.1343109564019522861 -7.058199107158637752e-17 1.692409560457733684e-16
317 2.105608024079660634 0.4683596266864105684 -1.973839944655032793e-17 -1.357974300711442147e-17 0.1346448974979260749 -8.121081226683228401e-17 1.509200554914198014e-16
318 2.11226804629876197 0.4692585050387061973 -2.029497439616793015e-17 -1.281522845423952872e-17 0.1349799554049763428 -8.357800773268993942e-17 1.148032322615889008e-16
319 2.118927393233636547 0.4701595300034323577 -2.083578937017120992e-17 -1.232998826024586085e-17 0.1353160481406598115 -8.121966418506115538e-17 7.287343638717493545e-17
320 2.125586063636053069 0.471062707633449651 -2.134148151787947908e-17 -1.210185203153857178e-17 0.1356531438564422265 -7.595264472928531991e-17 3.426501678424300492e-17
321 2.132244056251197506 0.4719680439774577851 -2.179443432868815344e-17 -1.207495527425898889e-17 0.1359912425563679639 -6.803837708377343246e-17 4.040181825678078581e-18
322 2.138901369817789 0.4728755451479611516 -2.214850436333351877e-17 -1.219498122137161117e-17 0.1363303544547610768 -5.319055764769594308e-17 -1.803102898980901287e-17
323 2.145558003068196218 0.4737852172808734164 -2.23308786442880992e-17 -1.241606823011159653e-17 0.1366704837011228912 -2.740018111021007923e-17 -3.321643846315619787e-17
324 2.152213954728553258 0.4746970664483282643 -2.227000961571014851e-17 -1.271702268310369109e-17 0.1370116213459754706 9.145991017897688798e-18 -4.522048056569480327e-17
325 2.158869223518872449 0.4756110985800909297 -2.192992875449218705e-17 -1.311129047591330604e-17 0.1373537466265319085 5.110474656310531804e-17 -5.924754353235029321e-17
326 2.165523808153159369 0.4765273194242293231 -2.133775543894108738e-17 -1.36149559822670912e-17 0.137696832860906393 8.899643636988961832e-17 -7.569479071546388509e-17
327 2.172177707339525643 0.4774457345506947226 -2.059802617769697453e-17 -1.42270162274507685e-17 0.1380408538943862229 1.111837729260733155e-16 -9.199469438741251411e-17
328 2.178830919780301301 0.4783663493834644509 -1.987166046559123738e-17 -1.492317823484460256e-17 0.1383857883930978694 1.091864785939283548e-16 -1.046462916013139894e-16
329 2.185483444172145795 0.4792891692375499946 -1.932360512739359135e-17 -1.563392852219850622e-17 0.1387316205778826306 8.239160102364785234e-17 -1.068502576686648747e-16
330 2.192135279206160359 0.4802141992458647812 -1.904021536821097966e-17 -1.625756734855691639e-17 0.1390783236675161849 4.260766926195252631e-17 -9.376413928658911739e-17
331 2.198786423567996362 0.4811414442257431756 -1.903746501212846905e-17 -1.669015430430769033e-17 0.1394258507985634554 4.135592482294518855e-19 -6.504624523049058974e-17
332 2.205436875937966335 0.4820709086734778492 -1.923343722203118811e-17 -1.685099952737710666e-17 0.1397741542664384107 -2.947057304411953006e-17 -2.418812798823868188e-17
333 2.212086634991152323 0.4830025967843272761 -1.949815406439564409e-17 -1.66960310477351288e-17 0.1401231893554672203 -3.981264523639683033e-17 2.330680982631073637e-17
334 2.218735699397514693 0.483936512525202478 -1.973408179467508016e-17 -1.626398612018361814e-17 0.1404729222640321851 -3.548656079446254628e-17 6.498510611421829337e-17
335 2.225384067821998713 0.4848726597588656761 -1.989277149156818341e-17 -1.56341485094090068e-17 0.1408233378590067197 -2.387147234615581624e-17 9.474560354288813306e-17
336 2.232031738924642461 0.4858110422699613018 -1.997799169057592625e-17 -1.493020969749009666e-17 0.1411744249167531107 -1.282090452875413196e-17 1.059036754992437723e-16
337 2.238678711360683415 0.4867516639276098789 -2.002159838119523636e-17 -1.428117650790948059e-17 0.1415261966724171705 -6.561074819656591352e-18 9.765371452868207626e-17
338 2.245324983780663697 0.4876945287784335559 -2.009309886915325818e-17 -1.378446389639137691e-17 0.1418786803643995176 -1.075911873057169915e-17 7.474340546365485671e-17
339 2.251970554830535765 0.4886396408376793565 -2.023926548549474357e-17 -1.34701652231740883e-17 0.1422318718079240707 -2.199691691022404503e-17 4.729945847280384114e-17
340 2.258615423151766333 0.4895870038681714442 -2.049065052305500711e-17 -1.33220240047249343e-17 0.14258573354657883 -3.783546415627526596e-17 2.229644140756080305e-17
341 2.265259587381441175 0.4905366210478178113 -2.084674878612435275e-17 -1.329204263996637158e-17 0.1429401780593685389 -5.360133559158856491e-17 4.512915002914856909e-18
342 2.271903046152368155 0.4914884943699256992 -2.126804837398953127e-17 -1.330425745449217294e-17 0.1432950275110549121 -6.342244774740700056e-17 -1.83881840457640897e-18
343 2.278545798093180696 0.4924426252633118395 -2.171637881183489001e-17 -1.329611424187050723e-17 0.1436501973513298336 -6.749886867883845407e-17 1.226010087593685872e-18
344 2.285187841828439925 0.4933990159537559039 -2.213403077784674938e-17 -1.324245783378871357e-17 0.1440058079898645926 -6.288675687147183389e-17 8.079161034143081629e-18
345 2.291829175978735922 0.4943576700534565993 -2.245673598515286684e-17 -1.317748563309364863e-17 0.1443620686521523699 -4.859562099205337063e-17 9.784051724340280934e-18
346 2.298469799160789417 0.4953185926726130783 -2.261517177696153314e-17 -1.313785682254352476e-17 0.1447192054572897513 -2.386113246732986835e-17 5.968274512120188544e-18
347 2.305109709987553046 0.4962817899813733447 -2.256786877904830307e-17 -1.315672859118533589e-17 0.145077378641443766 7.124807011728554824e-18 -2.842477548453227609e-18
348 2.311748907068310821 0.49724726839223099 -2.229032108459011849e-17 -1.32232672272648228e-17 0.1454366253483591886 4.180891007118363489e-17 -1.002317045917890766e-17
349 2.318387389008778499 0.4982150336825825199 -2.178589221492632595e-17 -1.328772730621299394e-17 0.1457968505482638844 7.599377788790695603e-17 -9.711111351515661231e-18
350 2.325025154411201722 0.4991850903684565965 -2.110086130888629026e-17 -1.326425599213283607e-17 0.1461578648103235289 1.032131998200479794e-16 3.536408954449189312e-18
351 2.331662201874456386 0.5001574415010113794 -2.031956545118861365e-17 -1.307272440812837243e-17 0.1465194479564694563 1.17730142875201195e-16 2.886107807662857054e-17
352 2.338298529994145003 0.5011320888713447497 -1.954321532604109295e-17 -1.26836450472366802e-17 0.1468814105778250834 1.169975982646209517e-16 5.863507879258981226e-17
353 2.34493413736269618 0.5021090334656083121 -1.888347708102043397e-17 -1.211282104721288427e-17 0.1472436317763995695 9.943476404806976253e-17 8.603374169033373283e-17
354 2.351569022569460543 0.5030882759624860645 -1.84183747860390798e-17 -1.143214164897369487e-17 0.1476060655879374017 7.010716965104381494e-17 1.026021728235896922e-16
355 2.358203184200808433 0.5040698171069482036 -1.817743942436198419e-17 -1.072854319950257796e-17 0.147968722370787481 3.63213481599286116e-17 1.060684661236085539e-16
356 2.36483662084022539 0.5050536578869052606 -1.814753143865246212e-17 -1.008653823796010869e-17 0.1483316391203849394 4.509165134704212612e-18 9.679375993458514365e-17
357 2.371469331068408959 0.5060397995316365805 -1.827442302066930967e-17 -9.55445104077629292e-18 0.1486948526102229162 -1.913328088949527792e-17 8.023048999476120887e-17
358 2.378101313463363287 0.5070282434064564692 -1.847968072361367367e-17 -9.165610527312685144e-18 0.1490583837442640835 -3.095307910883929474e-17 5.86375614718008136e-17
359 2.384732566600494597 0.5080189908871730609 -1.869627715763493629e-17 -8.931758995575407549e-18 0.1494222345007241992 -3.26665712366361267e-17 3.526894500738814764e-17
360 2.391363089052705337 0.5090120432728580946 -1.890091520750380416e-17 -8.87919320069329868e-18 0.1497863937001960022 -3.086644364944991154e-17 7.928726581673555377e-18
361 2.397992879390489218 0.5100074017570486173 -1.911207531425950186e-17 -9.040807545142043637e-18 0.1501508458128889556 -3.185371816777434174e-17 -2.437968922745418818e-17
362 2.404621936182023134 0.5110050673674454424 -1.937087033286253514e-17 -9.417917215890120755e-18 0.1505155662033582087 -3.904382224837116144e-17 -5.689368764633976249e-17
363 2.411250257993262647 0.5120050406561649226 -1.970316654389856578e-17 -9.966913575590159612e-18 0.150880483487776107 -5.013835224186613715e-17 -8.283504881480007692e-17
364 2.417877843388032577 0.5130073217298460886 -2.009370129295736145e-17 -1.06055293260151078e-17 0.151245530792419508 -5.893220670858510834e-17 -9.636795573787761323e-17
365 2.424504690928121597 0.5140119103524896094 -2.048558617858263267e-17 -1.121581384173501447e-17 0.151610656732575011 -5.91425420654981215e-17 -9.210301026358160923e-17
366 2.431130799173371937 0.5150188060672330481 -2.079680941285570459e-17 -1.166294486745513094e-17 0.1519758282792168513 -4.697448615166280136e-17 -6.748773183572611834e-17
367 2.437756166681773085 0.5160280083753676639 -2.095830069372497379e-17 -1.186779863794217549e-17 0.1523410394098420051 -2.437742104328460523e-17 -3.092307267975453617e-17
368 2.444380792009551939 0.5170395168085992754 -2.094166116597993578e-17 -1.184950434980066806e-17 0.1527062950067960001 2.51205086297649852e-18 2.761868186260204884e-18
369 2.451004673711263404 0.5180533310836866745 -2.078025403275138896e-17 -1.170268920723635838e-17 0.1530716233010966931 2.437019531367239909e-17 2.216701100954855884e-17
370 2.45762781033988098 0.5190694514013131089 -2.058210672282002884e-17 -1.157275652046406667e-17 0.1534370976653032514 2.992081510295280914e-17 1.962021032781279884e-17
371 2.464250200446887362 0.5200878781058331235 -2.046431907925186445e-17 -1.157079288771529409e-17 0.1538027401184517973 1.778828289996327919e-17 2.965477004943784161e-19
372 2.470871842582363254 0.5211086113587869439 -2.051937650027450386e-17 -1.174020686370384045e-17 0.1541685233765682228 -8.315709589571535388e-18 -2.558778450875983907e-17
373 2.477492735295077519 0.5221316506404903857 -2.075900805282147698e-17 -1.200550692953759987e-17 0.1545343448547945309 -3.619734417013229182e-17 -4.007468002136691275e-17
374 2.48411287713257467 0.5231569939264131275 -2.112541376559972509e-17 -1.224735326385256093e-17 0.1548999774944048446 -5.535339962956253618e-17 -3.653604822581664031e-17
375 2.49073226664126457 0.5241846386128791169 -2.150248379309746268e-17 -1.233846264434553123e-17 0.1552653339941720834 -5.697095944704443955e-17 -1.376558316171529378e-17
376 2.497350902366510361 0.5252145832851387031 -2.17852864891377262e-17 -1.217784253270020282e-17 0.1556305941768575118 -4.273312227831158292e-17 2.427062742824302629e-17
377 2.503968782852715513 0.5262468284691743658 -2.190298805232938491e-17 -1.172222511274381187e-17 0.1559960515604968678 -1.778742047370181316e-17 6.885429899270778916e-17
378 2.510585906643412191 0.5272813767253706763 -2.184116939225952769e-17 -1.099759562138823728e-17 0.1563620139529000308 9.343295617675395123e-18 1.095207748496976526e-16
379 2.517202272281347408 0.5283182320170313195 -2.161788052446000425e-17 -1.009661119671333965e-17 0.15672869384817531 3.375183874020241701e-17 1.361907618088874521e-16
380 2.523817878308570073 0.5293573986067604542 -2.126740319445210988e-17 -9.099331565667753675e-18 0.1570961369972494193 5.298345346505071518e-17 1.507638708670727186e-16
381 2.530432723266516692 0.5303988799149300659 -2.083249389819028076e-17 -8.113564785824878849e-18 0.1574642165799913507 6.575504628074704902e-17 1.490405948728400036e-16
382 2.537046805696098417 0.5314426777422036619 -2.033187681391181323e-17 -7.230445583602948523e-18 0.1578326881545617233 7.569831827888490577e-17 1.335364703830306642e-16
383 2.543660124137785861 0.5324887920605788638 -1.978407283985465595e-17 -6.510139118854084158e-18 0.1582012755646733104 8.28430372598670195e-17 1.08930161378287467e-16
384 2.550272677131693921 0.5335372213312797873 -1.924218071783050547e-17 -6.008666938977863602e-18 0.1585697506041736926 8.195850787940356657e-17 7.584519120182950839e-17
385 2.556884463217667047 0.5345879631283613209 -1.874793905344803462e-17 -5.747262198533088069e-18 0.1589379792870328489 7.476029947090586444e-17 3.954077142238376521e-17
386 2.563495480935363613 0.5356410147941714772 -1.838057309658991182e-17 -5.708633633559956408e-18 0.1593059267211781871 5.557521639554945316e-17 5.843739239726062442e-18
387 2.570105728824340741 0.5366963739171892733 -1.819182239555652747e-17 -5.854877384351907141e-18 0.1596736302917569073 2.855758669895499523e-17 -2.212637393957460433e-17
388 2.576715205424136457 0.5377540385469441464 -1.820218147732347749e-17 -6.123711640616805778e-18 0.160041159919719761 -1.567490691326342241e-18 -4.067881726248218388e-17
389 2.583323909274354957 0.5388140071783334983 -1.839310123805469007e-17 -6.454615379589945888e-18 0.1604085831831349174 -2.889252324421719732e-17 -5.007676488417471654e-17
390 2.589931838914748319 0.5398762786048888485 -1.872262317623852004e-17 -6.822034169201256336e-18 0.1607759454812178745 -4.987350675533573636e-17 -5.560923678318011065e-17
391 2.596538992885299546 0.5409408517481484324 -1.914102299486897405e-17 -7.218034951834987607e-18 0.1611432664046343055 -6.333272059708062386e-17 -5.994220314162863714e-17
392 2.603145369726305614 0.5420077254176340897 -1.958230003285046475e-17 -7.655022606239286485e-18 0.1615105292148114879 -6.680349320936343084e-17 -6.61541374033552154e-17
393 2.609750967978458736 0.5430768976742575971 -1.99924578266706478e-17 -8.125918777641968585e-18 0.1618776207799267897 -6.209978550849500889e-17 -7.129585657391728393e-17
394 2.616355786182928522 0.5441483657946419861 -2.029773284326283559e-17 -8.590229809607566887e-18 0.1622444225098399473 -4.622551789586971182e-17 -7.030715502686453198e-17
395 2.622959822881443692 0.545222126501129889 -2.042225327519443433e-17 -8.987921286097303371e-18 0.1626108505884314714 -1.885743558102854112e-17 -6.022659319997365258e-17
396 2.629563076616372008 0.5462981761927324653 -2.031305073111120552e-17 -9.219218924813888406e-18 0.1629768561363549861 1.65396518912334086e-17 -3.503198995731210942e-17
397 2.636165545930802434 0.5473765112534304533 -1.995556219265645038e-17 -9.212400328472322832e-18 0.1633424369487410377 5.41511179416229699e-17 1.032857210707959762e-18
398 2.642767229368624626 0.5484571281533748843 -1.937854227899970587e-17 -8.931094277616596941e-18 0.1637076061483159484 8.741539093966842097e-17 4.261634274181363351e-17
399 2.64936812547460887 0.5495400238146271876 -1.867945871748871054e-17 -8.403207273591597213e-18 0.164072432275590957 1.059200294221782683e-16 7.998157885026193505e-17
400 2.655968232794486905 0.5506251960115368105 -1.797150921318666799e-17 -7.731167896527892591e-18 0.1644370445707218076 1.072761765591342145e-16 1.018346851441795797e-16
401 2.662567549875030082 0.5517126428792284987 -1.737148980301710463e-17 -7.047902348686180435e-18 0.1648014978449850454 9.093234848513507155e-17 1.035482183595884009e-16
402 2.669166075264129301 0.5528023624115675494 -1.698000667524815071e-17 -6.469473111743084979e-18 0.1651657708414689951 5.933601321304922446e-17 8.767091711376535384e-17
403 2.675763807510873171 0.5538943516763591424 -1.684255114086717927e-17 -6.079970189042447072e-18 0.1655297233261932011 2.083626397195295923e-17 5.904298980602750772e-17
404 2.682360745165627058 0.5549886057331548939 -1.692594731577550178e-17 -5.897708069287961112e-18 0.1658930509304036016 -1.264317532619355496e-17 2.763162624560241638e-17
405 2.688956886780111244 0.5560851194466893688 -1.714486386874688919e-17 -5.866328252295866242e-18 0.1662557240925022772 -3.319258991551810496e-17 4.757874098167202573e-18
406 2.695552230907477309 0.5571838894780395401 -1.737465385575631336e-17 -5.906575729713722025e-18 0.1666180151738335946 -3.484546397328036654e-17 -6.10314680213544841e-18
407 2.70214677610238807 0.5582849151080339078 -1.74885998237777532e-17 -5.956578872924644527e-18 0.16698032154220252 -1.728091868193332317e-17 -7.583421043089665523e-18
408 2.708740520921091743 0.5593881981600538067 -1.743042034640154575e-17 -5.988566177130980471e-18 0.1673430290465572345 8.824507867365019865e-18 -4.851748938880073297e-18
409 2.715333463921501878 0.560493742025228614 -1.719287023108810278e-17 -5.997389182479192249e-18 0.1677063758478716249 3.603535795946270354e-17 -1.338412972696526005e-18
410 2.721925603663270632 0.5616015501896749473 -1.683124130386376362e-17 -6.004048106157135515e-18 0.1680703767826901285 5.486429149444677862e-17 -1.010254164427824431e-18
411 2.728516938707867823 0.5627116248392591835 -1.643951704563738333e-17 -6.028022442931958235e-18 0.1684348349898646957 5.943745388708420559e-17 -3.637695410998717591e-18
412 2.735107467618654642 0.5638239660182058355 -1.613332233080282589e-17 -6.053200898625009417e-18 0.1687994258278457949 4.646550270173437864e-17 -3.820868043601261715e-18
413 2.741697188960959597 0.5649385715343422376 -1.598389012056211944e-17 -6.04918966898163014e-18 0.1691638101128945526 2.26793441015181209e-17 6.087847941609915309e-19
414 2.748286101302154893 0.5660554374946292766 -1.600164706563542732e-17 -5.987133845533492685e-18 0.169527729779646974 -2.695305160277486648e-18 9.419378191153162356e-18
415 2.754874203211729267 0.5671745591566875744 -1.615889487545580403e-17 -5.845451525948510208e-18 0.1698910559009779997 -2.387139607267163804e-17 2.150843799459815037e-17
416 2.761461493261363032 0.5682959317513979203 -1.638521243087243524e-17 -5.627584734776885171e-18 0.1702537843754038105 -3.436094342061591928e-17 3.307789566257031052e-17
417 2.768047970025003135 0.5694195510380232195 -1.661086048596328944e-17 -5.365069756498847021e-18 0.1706159953887128322 -3.426353390789863876e-17 3.986159267333002687e-17
418 2.774633632078935097 0.5705454135164488294 -1.679305588667612844e-17 -5.099759619687871794e-18 0.1709778013949320996 -2.766889352393249764e-17 4.029101666409687763e-17
419 2.781218478001857619 0.571673516360398315 -1.693286797188370665e-17 -4.879514983686048825e-18 0.1713393047574012229 -2.123503686266983997e-17 3.345134976965846777e-17
420 2.787802506374954525 0.572803857169375763 -1.704745099481622439e-17 -4.73244030511914852e-18 0.1717005702071637829 -1.740534378420961486e-17 2.234087805413033747e-17
421 2.794385715781968482 0.5739364327970092328 -1.717551398341107957e-17 -4.658350458577696651e-18 0.1720614845059533216 -1.945539652300382021e-17 1.125576841996611898e-17
422 2.800968104809271608 0.5750712388096023142 -1.735152714404833975e-17 -4.60780679827646126e-18 0.1724218520887880191 -2.674335068046698442e-17 7.679578204359540762e-18
423 2.807549672045938749 0.576208269859490585 -1.757182463726067157e-17 -4.496535970046833622e-18 0.1727815340246535714 -3.347607686065527442e-17 1.690854827192048988e-17
424 2.814130416083817643 0.5773475199754790621 -1.78152019474646736e-17 -4.232401428115289548e-18 0.173140435449614466 -3.698788604529850489e-17 4.014251915842922086e-17
425 2.82071033551760042 0.5784889830004157352 -1.80543272574869345e-17 -3.767680167587334921e-18 0.1734985279584700391 -3.634624020237178869e-17 7.063606341263339719e-17
426 2.827289428944894212 0.5796326528984132587 -1.823936028641636002e-17 -3.107188675801572524e-18 0.1738558298307755212 -2.812793345960501938e-17 1.004051051808223835e-16
427 2.833867694966290873 0.5807785240913081459 -1.830644273033486574e-17 -2.325885297487821772e-18 0.1742124105053133309 -1.01988725522508469e-17 1.187853798192732949e-16
428 2.840445132185437593 0.5819265924827347058 -1.818605516402186788e-17 -1.529510420319789345e-18 0.1745684951670340435 1.830542191129177434e-17 1.210920576981537595e-16
429 2.847021739209105284 0.5830768547684164194 -1.784822181674522852e-17 -8.238028132524246931e-19 0.1749242042250878371 5.137543860097933484e-17 1.073192984925929753e-16
430 2.85359751464725786 0.5842293077775898569 -1.732223887133579681e-17 -2.949273271533077119e-19 0.1752795579819626803 7.99981061644699889e-17 8.043804015700357357e-17
431 2.860172457113121514 0.5853839474224581396 -1.667529939714727866e-17 9.998701842967347535e-21 0.1756344169468631311 9.840718518024808021e-17 4.638287413108159646e-17
432 2.866746565223251331 0.5865407671566661429 -1.597209183672287252e-17 9.543787413545523597e-20 0.1759884070409535595 1.069798298893780806e-16 1.299796622240977281e-17
433 2.873319837597600568 0.5876997598805142609 -1.532802490785716566e-17 -5.367072681316450502e-21 0.1763414438711285726 9.799517274683940541e-17 -1.533753362316360982e-17
434 2.879892272859586377 0.5888609206604747959 -1.482359737301352475e-17 -2.383747825363279394e-19 0.1766938568264280196 7.675874707377048305e-17 -3.545678741059067746e-17
435 2.886463869636157753 0.5900242478112890376 -1.44970505917330786e-17 -5.34449802010680122e-19 0.1770461401443259586 4.969698090669596795e-17 -4.505949968966219663e-17
436 2.893034626557861255 0.5911897428574225399 -1.43659230906631501e-17 -8.266869722313311477e-19 0.177398782445239267 1.995877984386298529e-17 -4.448111414490404686e-17
437 2.899604542258908069 0.5923574093557913978 -1.442038839439393122e-17 -1.074082988742645335e-18 0.1777520933829696559 -8.291170268573778273e-18 -3.766071895607568572e-17
438 2.906173615377237507 0.5935272510692016779 -1.46220779526030152e-17 -1.238636171163564307e-18 0.1781061046781078905 -3.070683935705295799e-17 -2.505289903532266056e-17
439 2.91274184455458407 0.594699270214976039 -1.491605573864278953e-17 -1.305418790477289379e-18 0.1784605813883345105 -4.476330169269647208e-17 -1.01688313815803611e-17
440 2.919309228436540504 0.595873466397613738 -1.524486375588479299e-17 -1.259055928812363198e-18 0.1788151259061543652 -5.007327384594761891e-17 7.060473427328155231e-18
441 2.92587576567262353 0.5970498364802597768 -1.554858803301956383e-17 -1.091899592549926376e-18 0.1791693208405310267 -4.62593135100936051e-17 2.545906911791426746e-17
442 2.932441454916336454 0.5982283752580848102 -1.576120040097753798e-17 -8.010518810267247671e-19 0.1795228511555820861 -3.238652745664810337e-17 4.430385440611518491e-17
443 2.939006294825232679 0.5994090765418433886 -1.58126262415981784e-17 -3.997660605920311222e-19 0.1798755667252970036 -7.83454066935157643e-18 6.113444218484756198e-17
444 2.945570284060978761 0.6005919342149310669 -1.564633003008051479e-17 9.946392842514113299e-20 0.1802274784019954057 2.533791473947879872e-17 7.606575508645644016e-17
445 2.952133421289416582 0.6017769429561757866 -1.524441315854941564e-17 6.733103054508265648e-19 0.1805787071833604429 6.124649256176248381e-17 8.74461371283303305e-17
446 2.958695705180625524 0.6029640985238680084 -1.461871780723951855e-17 1.302008517601296184e-18 0.1809294174143546707 9.535961290350206328e-17 9.581726637137684678e-17
447 2.965257134408982864 0.604153397289405758 -1.382857377565156786e-17 1.938935199984143488e-18 0.1812797024377909572 1.204382608305225808e-16 9.708399840543015335e-17
448 2.971817707653226392 0.6053448342679838001 -1.297463869611558884e-17 2.549828509550829165e-18 0.1816293554292192081 1.301786673262690845e-16 9.312801268351503908e-17
449 2.978377423596513474 0.6065384029984870473 -1.219231348490800598e-17 3.080282910336086488e-18 0.1819781511407164987 1.192776686318653808e-16 8.087603893464469629e-17
450 2.984936280926481444 0.6077340959911420315 -1.1620301968298876e-17 3.487130196946063446e-18 0.1823259324631455736 8.722350451669019189e-17 6.203834208023017251e-17
451 2.991494278335307122 0.6089319051060039234 -1.13701339938965705e-17 3.742430404186235536e-18 0.1826725999226614383 3.815201749130287785e-17 3.893471174890143549e-17
452 2.998051414519765423 0.6101318221578752032 -1.149411701657209767e-17 3.817329257162364434e-18 0.1830181462548265969 -1.891059297953872043e-17 1.142399735625629643e-17
453 3.004607688181288427 0.6113338390046856308 -1.195191137531826297e-17 3.695189159236582067e-18 0.1833625776695063936 -6.983458999347430066e-17 -1.863195449540089373e-17
454 3.011163098026022222 0.6125379488929421079 -1.259120473941382876e-17 3.369664849868982229e-18 0.1837061056456188723 -9.753436578212623421e-17 -4.966390837757441673e-17
455 3.017717642764885078 0.613744146887229669 -1.321830770386603266e-17 2.864402719387924928e-18 0.1840490073059083687 -9.568717460369077521e-17 -7.709596101528010554e-17
456 3.024271321113623845 0.6149524290369102753 -1.363146884791290372e-17 2.233927824987112414e-18 0.1843914327492075511 -6.305098136825550531e-17 -9.62144223695654307e-17
457 3.030824131792870357 0.6161627913664667888 -1.367122297996137651e-17 1.555970993100088216e-18 0.1847333780504641365 -6.06753442786775019e-18 -1.034741851002288396e-16
458 3.037376073528196052 0.6173752282368409894 -1.324683492634591477e-17 9.146965606747835541e-19 0.1850745891428070555 6.478147157942651036e-17 -9.78884798119568364e-17
459 3.043927145050168814 0.6185897310803772919 -1.237413294711201041e-17 4.388441065343806749e-19 0.1854146186886201642 1.332328743153108126e-16 -7.264701091978169393e-17
460 3.050477345094405379 0.619806292132298875 -1.116514302456744877e-17 2.617471382993782977e-19 0.1857535888579294747 1.845975725188734234e-16 -2.704048216367867214e-17
461 3.057026672401626399 0.6210249069119548881 -9.796495671534318782e-18 4.85735887740604801e-19 0.1860920007878935634 2.090031473037722988e-16 3.420483259628911273e-17
462 3.063575125717709291 0.622245575057266298 -8.413258684871388917e-18 1.174900179847687731e-18 0.1864304833232812986 2.112593344593410902e-16 1.052548414244822276e-16
463 3.070122703793740637 0.6234682997053452302 -7.194457589096239865e-18 2.281713988156622904e-18 0.1867695710328267922 1.86170253613447171e-16 1.69064343730910194e-16
464 3.076669405386068146 0.6246930856573885693 -6.243848369167176262e-18 3.633857605641569532e-18 0.1871095184218907193 1.452237699588259303e-16 2.065658417152546621e-16
465 3.083215229256351719 0.6259199370926088468 -5.580676301726297046e-18 4.972895681138458127e-18 0.1874502308429254194 1.013258439951659103e-16 2.045911910387880343e-16
466 3.089760174171614526 0.6271488557107239847 -5.204820845642766986e-18 6.021996793694791812e-18 0.1877913297493111477 5.743455656951193454e-17 1.603133763817535952e-16
467 3.096304238904292294 0.6283798398986886191 -5.062354776803398401e-18 6.572754614247491709e-18 0.1881323090396591347 2.177320452415414355e-17 8.417276315592111947e-17
468 3.102847422232282604 0.629612885033994707 -5.073870199104921446e-18 6.527633450651140194e-18 0.1884727086973121968 -1.760148733260002644e-18 -6.896834251300744579e-18
469 3.109389722938993295 0.6308479846031267435 -5.164343185130498288e-18 5.947778767814933664e-18 0.1888122394348823174 -1.38307935058662113e-17 -8.86435911317210959e-17
470 3.115931139813390427 0.6320851315999939102 -5.314266598230411771e-18 5.030668647854948862e-18 0.1891508256154225409 -2.29222052340924848e-17 -1.402195024600736093e-16
471 3.122471671650044911 0.6333243197081087628 -5.532006922998844042e-18 4.049747535609299928e-18 0.1894885723285773538 -3.329543191105893335e-17 -1.499960658992742067e-16
472 3.129011317249179136 0.6345655439061115288 -5.852737434705689995e-18 3.253111297466064911e-18 0.1898256773229249905 -4.905067651826867234e-17 -1.21832956309470557e-16
473 3.135550075416712268 0.6358087985549124577 -6.3410709529307679e-18 2.798863225034192877e-18 0.1901620458699450067 -7.469306548108512422e-17 -6.947952526816358509e-17
474 3.142087944964304214 0.6370540756229705615 -7.025606034164424846e-18 2.752675257010884723e-18 0.1904973116969150004 -1.047173324572594577e-16 -7.065643435403582365e-18
475 3.148624924709400918 0.6383013657605837166 -7.899443250459227017e-18 3.036193020688932668e-18 0.1908312726909674739 -1.336942088144596395e-16 4.33772817098623461e-17
476 3.155161013475276555 0.6395506587643866592 -8.869099799698170568e-18 3.521917068747464409e-18 0.1911637977016221734 -1.483745029024437617e-16 7.43243205390736255e-17
477 3.161696210091075709 0.6408019441603968192 -9.808062411407322744e-18 4.075943628779158053e-18 0.1914948447313004898 -1.436974331444106293e-16 8.478739576804603998e-17
478 3.168230513391856018 0.6420552118967587374 -1.05847661142322026e-17 4.629544103912281339e-18 0.1918244777866350836 -1.188818461263724148e-16 8.473378749309412104e-17
479 3.174763922218627243 0.6433104524050103912 -1.110052654251375003e-17 5.200110327180851131e-18 0.1921527702840090113 -7.895283369655064418e-17 8.734252895028477634e-17
480 3.181296435418392132 0.6445676591888545026 -1.126973696297177647e-17 5.86272975092811501e-18 0.1924801920209892603 -2.590636213569212721e-17 1.014480000893231807e-16
481 3.187828051844185051 0.6458268276400674912 -1.107618854891008012e-17 6.67050926084659533e-18 0.1928070317387739485 2.963661865656991939e-17 1.23689224787002414e-16
482 3.194358770355110178 0.6470879539721957618 -1.052770758152462536e-17 7.658373784808463682e-18 0.1931334150367482461 8.399634486661037709e-17 1.512851204878318107e-16
483 3.200888589816379248 0.6483510335552621351 -9.674892622405094413e-18 8.775988842486136354e-18 0.1934592125164591725 1.306211521628660237e-16 1.711791813069783408e-16
484 3.207417509099346642 0.6496160581705835435 -8.570463287888803419e-18 9.897957375169737441e-18 0.1937838741821749367 1.691829491781374748e-16 1.718697062022660501e-16
485 3.21394552708154535 0.650883017984471679 -7.326406044966130022e-18 1.088978611908023259e-17 0.1941071521159545843 1.905983172046081626e-16 1.519551376111803756e-16
486 3.220472642646722061 0.6521519062211551532 -6.061017817624807348e-18 1.163833966328431339e-17 0.1944295142827673628 1.938932140029656972e-16 1.146995439051850658e-16
487 3.226998854684870022 0.6534227208756062666 -4.872877607082093076e-18 1.206717421075024017e-17 0.1947516913933599048 1.820818754372944426e-16 6.571867357240004972e-17
488 3.233524162092261456 0.6546954647526468385 -3.850584995914445991e-18 1.214420210258376587e-17 0.1950744205548260168 1.566875648419708797e-16 1.18061234762524433e-17
489 3.240048563771479984 0.6559701437849335681 -3.07550683373397253e-18 1.186730065525391263e-17 0.195398181442325708 1.188133322425748107e-16 -4.244679474325211808e-17
490 3.246572058631451263 0.6572467643563074668 -2.563720128107139448e-18 1.127601170829582129e-17 0.1957230436300612386 7.846376124652350003e-17 -9.065252037956707434e-17
491 3.253094645587470968 0.6585253307260870992 -2.281679382037255395e-18 1.044683341339206474e-17 0.1960486817845033813 4.324665326997978955e-17 -1.271418641397672895e-16
492 3.259616323561235873 0.6598058434796190141 -2.163421414993485809e-18 9.499121445752291269e-18 0.1963745327718499356 1.813558901363271975e-17 -1.453374785485256854e-16
493 3.266137091480870058 0.6610882993935949248 -2.142648995361346136e-18 8.562402447838479617e-18 0.1967000124849092035 3.186023906518764453e-18 -1.436717134496034561e-16
494 3.272656948280951994 0.6623726925088548878 -2.179361871736786791e-18 7.760003054271915816e-18 0.1970247010546385125 -5.63172085460983943e-18 -1.230873155310176603e-16
495 3.279175892902539413 0.6636590158138666595 -2.26089876836275698e-18 7.191016758725496885e-18 0.1973484366546499336 -1.250943601512355132e-17 -8.72941938208753251e-17
496 3.285693924293194623 0.664947262869241329 -2.4099002391654874e-18 6.886456921762267348e-18 0.1976713066340622382 -2.286309547620611658e-17 -4.673229460886960206e-17
497 3.292211041407008043 0.6662374276099733983 -2.662655754617658291e-18 6.852291028891417333e-18 0.1979933680391986195 -3.878877961465664123e-17 -5.243222038239355996e-18
498 3.298727243204619075 0.6675295001884262724 -3.047330088174204248e-18 7.047068493425518443e-18 0.1983140399054304226 -5.904182350721320209e-17 2.989546138386790235e-17
499 3.305242528653239198 0.6688234683033982275 -3.552275928709933689e-18 7.427172516917467614e-18 0.1986329449589206986 -7.751263589098552669e-17 5.834856415961554558e-17
500 3.311756896726670174 0.6701193187097224113 -4.140811258842055932e-18 7.984302269325467475e-18 0.1989499374764410744 -9.035693206641158966e-17 8.553528159338411852e-17
501 3.318270346405324034 0.6714170379251891418 -4.74599980180064893e-18 8.698604260641534011e-18 0.1992649801970458878 -9.29267915515579561e-17 1.096811779142229968e-16
502 3.324782876676239507 0.6727166131592005049 -5.276102077881789485e-18 9.534868640591003901e-18 0.1995781784503306566 -8.140878949046379239e-17 1.284266714886903833e-16
503 3.331294486533099342 0.6740180324809375012 -5.690142047696055444e-18 1.042955074824459432e-17 0.1998896634513696313 -6.35938846452090235e-17 1.374174352630206628e-16
504 3.337805174976244516 0.6753212870053059147 -5.925251723253250801e-18 1.127252174365758344e-17 0.2001999022810510842 -3.611645552866157518e-17 1.294932860403630344e-16
505 3.344314941012688003 0.6766263714149480801 -5.972629859347902588e-18 1.190951458748140755e-17 0.2005094424824877264 -7.279041557781543827e-18 9.786576181342095034e-17
506 3.350823783656126764 0.6779332824041083283 -5.873874333027808118e-18 1.221203506581884156e-17 0.2008185927931265824 1.517467217785775801e-17 4.648498425272607441e-17
507 3.357331701926954182 0.6792420168194287511 -5.66875619220812135e-18 1.21468578946609845e-17 0.2011273763997995234 3.152272381021520253e-17 -1.001648102371579718e-17
508 3.363838694852268052 0.6805525690185662002 -5.388872652114519377e-18 1.178766441933168517e-17 0.2014354105129439187 4.301885558749850498e-17 -5.520900671041664118e-17
509 3.370344761465879468 0.6818649287291252969 -5.061605386892513763e-18 1.125144082362565615e-17 0.2017419829882544369 5.030903228879471967e-17 -8.24307624292584064e-17
510 3.376849900808321259 0.6831790867200305817 -4.678803052992174443e-18 1.070651804929630438e-17 0.2020472532266422705 5.885453699523170205e-17 -8.377999489851773186e-17
511 3.383354111926851537 0.6844950385095578405 -4.237405200005689395e-18 1.027572742229966257e-17 0.202351950895937438 6.787309184417643542e-17 -6.624203446827510682e-17
512 3.389857393875459923 0.6858127855090050407 -3.710665788259105238e-18 1.0041219454398685e-17 0.2026569819646328319 8.100752231738911469e-17 -3.606509978122432464e-17
513 3.396359745714870648 0.6871323340518112888 -3.072591480300510042e-18 1.00331429825991043e-17 0.2029631035847557496 9.814382545226949244e-17 -1.242262583967916044e-18
514 3.402861166512543889 0.688453692738239198 -2.334281256583488642e-18 1.023593889437787632e-17 0.2032706648618076151 1.135776466985952136e-16 3.11970248819918688e-17
515 3.4093616553426771 0.6897768692506167643 -1.50809834858691651e-18 1.05873212881226045e-17 0.2035795251051497057 1.271137467197829636e-16 5.406252316278108707e-17
516 3.415861211286204124 0.6911018678951819094 -6.39169820359208422e-19 1.101993511394042144e-17 0.2038891652853124792 1.337096555076702724e-16 6.657008457984144009e-17
517 3.422359833430794751 0.6924286886642758709 2.231856736686406414e-19 1.144154015214426637e-17 0.2041989217448003935 1.327172939578256118e-16 6.48853983964913079e-17
518 3.428857520870849829 0.6937573278995823323 9.899500640564209734e-19 1.180686734301514953e-17 0.2045082325311481652 1.180227303838894904e-16 5.623228346357122349e-17
519 3.435354272707498158 0.6950877800315107269 1.578802734159695974e-18 1.211820258964595018e-17 0.2048168031366436881 9.065107906904848898e-17 4.792858637180094217e-17
520 3.441850088048590273 0.6964200394252350046 1.923738829770698624e-18 1.242156256214532739e-17 0.2051246231120402719 5.310894180460686722e-17 4.670757085244463976e-17
521 3.448344966008690893 0.697754096904932064 1.994356542445719505e-18 1.27684859301697324e-17 0.2054311467689259318 1.087440227862010374e-17 5.342263464567869417e-17
522 3.454838905709069596 0.699089936363506137 1.852599015314043676e-18 1.321613555632950091e-17 0.2057353059585111388 -2.183236019056450847e-17 6.894341397768208834e-17
523 3.461331906277690607 0.7004275394927349518 1.583321093945449475e-18 1.377248752551915612e-17 0.2060367605162347626 -4.147803588745786315e-17 8.569728564013566498e-17
524 3.467823966849199468 0.7017668877283128603 1.280021923153554197e-18 1.436815453265991249e-17 0.2063354697243700298 -4.672524681033080005e-17 9.176644912267165593e-17
525 3.474315086564908395 0.7031079635043145926 1.002299382422123176e-18 1.489257907260048675e-17 0.2066315861252782382 -4.27912054792083787e-17 8.0802797597324078e-17
526 3.480805264572778945 0.7044507516417912729 7.495657746297510546e-19 1.520001383951937146e-17 0.2069254763316611678 -3.894659233118592974e-17 4.737611527098348517e-17
527 3.487294500027404265 0.7057952391047246365 4.797222083547612733e-19 1.518599910458012339e-17 0.2072174695536400657 -4.158930634937742112e-17 -2.160003711927421993e-18
528 3.493782792089986877 0.7071414188428426506 1.527448913904395568e-19 1.483852306025727851e-17 0.2075084875462184786 -5.040231002142760075e-17 -5.356211089373645347e-17
529 3.500270139928316482 0.7084892878844070152 -2.511794094110969959e-19 1.422841951324713417e-17 0.2077991585674085762 -6.227246656994884255e-17 -9.405884384773296866e-17
530 3.506756542716743308 0.7098388451728627757 -6.660510662754898071e-19 1.348407683434490085e-17 0.2080897776711634894 -6.396953399270766846e-17 -1.147710466898038566e-16
531 3.513241999636152801 0.7111900887813080718 -9.738689639953467336e-19 1.274220579090934486e-17 0.2083802105164719032 -4.746972191150938104e-17 -1.144066423263579416e-16
532 3.519726509873934983 0.7125430120332307826 -1.066126534159562507e-18 1.214249665830311609e-17 0.2086697243607786301 -1.422945589042313379e-17 -9.249685022394143878e-17
533 3.526210072623956027 0.7138976039165617626 -8.77518887603872755e-19 1.178523936763720076e-17 0.2089576499037864021 2.909437968965881224e-17 -5.511006288106065136e-17
534 3.532692687086526284 0.7152538562821318946 -4.233689398424043447e-19 1.170022294451668994e-17 0.2092444280400051204 7.006686106224592347e-17 -1.311644741159941159e-17
535 3.539174352468367868 0.7166117672503304892 2.10619302957447349e-19 1.186140368126767716e-17 0.2095310255819623768 9.782688985640130449e-17 2.487082427818812744e-17
536 3.545655067982583564 0.7179713418822541993 9.173995835655403038e-19 1.222178122642847508e-17 0.2098185134848094269 1.090749888645229849e-16 5.561583677973948883e-17
537 3.552134832848623969 0.7193325903662716181 1.588564258528056206e-18 1.271388197342650331e-17 0.2101076834300910356 1.03593764630175584e-16 7.595538153389013403e-17
538 3.558613646292256849 0.7206955245931738752 2.164908069666980769e-18 1.327396599545575756e-17 0.210398798864711245 8.897131145671696194e-17 8.646125628975286978e-17
539 3.565091507545536498 0.7220601546158027517 2.625480606928923869e-18 1.387513941112151413e-17 0.210691576777143369 7.11099363833619625e-17 9.281796000582511659e-17
540 3.571568415846774869 0.7234264863464853201 3.012761563180836506e-18 1.448840278247452736e-17 0.210985378434075721 5.980291409488325624e-17 9.469852860698603503e-17
541 3.578044370440516708 0.7247945211442433644 3.418982832221716842e-18 1.511303561352155859e-17 0.2112795009750311481 6.273687420016966879e-17 9.646838885422771649e-17
542 3.584519370577513797 0.7261642571030686444 3.907721684786838218e-18 1.575375132654734868e-17 0.2115734401157121081 7.549203895040675809e-17 9.896683128427096499e-17
543 3.590993415514704967 0.7275356909131195371 4.498825155256282154e-18 1.640995463419171071e-17 0.2118669788020294265 9.13170621359472094e-17 1.01374059215698284e-16
544 3.597466504515197006 0.7289088100726841546 5.113725266121479228e-18 1.706009139456213422e-17 0.2121586965322216634 9.500734521834686187e-17 1.004517100261049585e-16
545 3.603938636848249999 0.7302835906255383813 5.628745536440370331e-18 1.769906210992339926e-17 0.212446822313587802 7.958682542401190554e-17 9.87410665273920002e-17
546 3.610409811789266232 0.7316600056304497501 5.926252204963307317e-18 1.829832550580180059e-17 0.21273089310082402 4.598094257364749955e-17 9.261875012475336508e-17
547 3.616880028619780862 0.7330380285994217981 5.927211755732483852e-18 1.883255990111816882e-17 0.2130109770451089068 1.483247024678156125e-19 8.258047440408635294e-17
548 3.623349286627457477 0.734417635727478646 5.659846537841294917e-18 1.930527330383102038e-17 0.213287487059412556 -4.133470630252705652e-17 7.308156917537422158e-17
549 3.629817585106085875 0.7357988079215760369 5.229441419005838022e-18 1.972667849872833202e-17 0.2135611500148171527 -6.65505811249213314e-17 6.515898483121516598e-17
550 3.636284923355582954 0.7371815311039049412 4.777018753764131255e-18 2.014384493768953516e-17 0.2138327401157088803 -6.996539830636599629e-17 6.451316060033277306e-17
551 3.642751300681995374 0.7385657997477429459 4.454407622143645111e-18 2.062049710741411011e-17 0.2141035789109680398 -4.989797188857230513e-17 7.372335990415510527e-17
552 3.649216716397506222 0.7399516141135036307 4.343758289507039209e-18 2.120356049486970031e-17 0.2143745611723471833 -1.711657976280648094e-17 9.019531108183183768e-17
553 3.655681169820440779 0.741338976832148111 4.444097032882425792e-18 2.191994647359806079e-17 0.2146460536050658341 1.552392535836687476e-17 1.108357757676255722e-16
554 3.662144660275276298 0.7427278890352959628 4.706829109757132024e-18 2.274136596883167676e-17 0.2149178243119093945 4.065469812338620956e-17 1.271050037309010078e-16
555 3.668607187092652211 0.7441183457244252564 5.075216759809028981e-18 2.363396172000092686e-17 0.2151889245874759604 5.701216216638571255e-17 1.381393043646258277e-16
556 3.675068749609379459 0.7455103360061334783 5.519038561405654841e-18 2.450779573713706369e-17 0.2154584415730096125 6.869671072040938633e-17 1.352559123434254077e-16
557 3.681529347168452482 0.7469038518962504147 6.045081592066522663e-18 2.525102614844817364e-17 0.2157268248055367321 8.143544936974118588e-17 1.150577025121689284e-16
558 3.687988979119059874 0.7482988927326745809 6.676340218641725587e-18 2.574213359176647518e-17 0.2159952073314899412 9.773824132374430279e-17 7.603852967736517608e-17
559 3.694447644816596377 0.7496954662090666854 7.383980401144941485e-18 2.590326737243783239e-17 0.2162648829453183708 1.095808590263456083e-16 2.495219822264681982e-17
560 3.700905343622672206 0.7510935864438461618 8.119618052595767808e-18 2.570664858165324532e-17 0.2165368471472330636 1.139334470136526876e-16 -3.045175370994658503e-17
561 3.707362074905125926 0.7524932701095156107 8.811294539931407796e-18 2.520692500479312157e-17 0.2168114964650488252 1.071409333173883158e-16 -7.740735937365498403e-17
562 3.713817838038032892 0.7538945323717692881 9.384773603657436296e-18 2.454668395059337712e-17 0.2170885985365310356 8.884544284672358279e-17 -1.022869230218098873e-16
563 3.720272632401716795 0.7552973842118559933 9.773368488623181974e-18 2.388893879002459753e-17 0.2173675059685584443 6.021156230719249545e-17 -1.019155558914072014e-16
564 3.726726457382758984 0.756701831884763032 9.960759132745029736e-18 2.338078594675481201e-17 0.217647487013324703 2.903995896017106571e-17 -7.874852975292345555e-17
565 3.733179312374009573 0.7581078780030153785 9.916425636606585099e-18 2.31556070540072402e-17 0.2179279774641545986 -6.871402738464166597e-18 -3.49012596578919352e-17
566 3.739631196774596322 0.7595155147744864221 9.640487023724798207e-18 2.322659939385661006e-17 0.2182073645207162627 -4.277512402827518801e-17 1.100500618742761927e-17
567 3.746082109989935738 0.7609247110673403869 9.135224419470743132e-18 2.355660827754486973e-17 0.2184820289560084894 -7.833599867727071001e-17 5.116463252659899072e-17
568 3.752532051431745064 0.7623354279264705768 8.425572502838333486e-18 2.402544563292345406e-17 0.218750755392088686 -1.100411410157131439e-16 7.269958176322704219e-17
569 3.758981020518053384 0.7637476261809528211 7.585235785338864832e-18 2.450370672933735343e-17 0.2190135075300961576 -1.303252510203426291e-16 7.417205049527666165e-17
570 3.765429016673213614 0.7651612707019139759 6.734095829340809908e-18 2.491361032096026912e-17 0.2192709094840386563 -1.320206243384328552e-16 6.358029335042408981e-17
571 3.771876039327917596 0.7665763337800999278 6.023018248321364262e-18 2.522569012887804728e-17 0.2195241097154314869 -1.1031216580960678e-16 4.841412587850190977e-17
572 3.778322087919210315 0.7679927969458514303 5.61234381630272563e-18 2.545932019556266214e-17 0.2197745397586222948 -6.371911848455514771e-17 3.624940035214026724e-17
573 3.784767161890504994 0.7694106532269058274 5.627901052296912995e-18 2.570601952096201017e-17 0.2200239823780012483 2.414183344231456507e-18 3.828298308483323219e-17
574 3.791211260691600859 0.7708299057375446184 6.1194064196237927e-18 2.603252761658246101e-17 0.2202740024446002975 7.628371531670778471e-17 5.067543972179272011e-17
575 3.797654383778701348 0.7722505625742797086 7.025644740696024951e-18 2.646513640712077519e-17 0.2205253734446866454 1.406733413845536045e-16 6.715289197366035693e-17
576 3.804096530614432314 0.7736726313572483971 8.201681539647995625e-18 2.696450983676484299e-17 0.2207780218768327363 1.825812374454550753e-16 7.752837225250691792e-17
577 3.810537700667862904 0.7750961141473194926 9.419482289453102881e-18 2.749446512391544013e-17 0.2210310849483369533 1.890938358073709167e-16 8.228873078764392351e-17
578 3.816977893414524647 0.7765210024449545889 1.049748368088416714e-17 2.797961028929732341e-17 0.2212829226723055098 1.674119290168818408e-16 7.534228493153923913e-17
579 3.823417108336433667 0.7779472866848560209 1.126987961663786154e-17 2.835944676163308387e-17 0.2215333687914716465 1.199701075713917495e-16 5.899697336081027065e-17
580 3.829855344922110216 0.7793749644405076893 1.165156933043184235e-17 2.861175841789609347e-17 0.2217835314849015693 5.92938373674160711e-17 3.919551869411210804e-17
581 3.836292602666600882 0.7808040434622526282 1.162155707754699995e-17 2.873749559060314448e-17 0.2220349916276784241 -4.662982393987562755e-18 1.953569513266619366e-17
582 3.842728881071499014 0.7822345410408647615 1.12340696662145886e-17 2.876114723678385798e-17 0.2222892321594095999 -6.021281016084531998e-17 3.675298964097195802e-18
583 3.849164179644964268 0.7836664802996354817 1.057941079752842568e-17 2.871809819734766476e-17 0.2225471606510034672 -1.017448690848620506e-16 -6.69053623371063203e-18
584 3.855598497901741695 0.7850998852743987788 9.768106638262124321e-18 2.864395223037050917e-17 0.2228089204638939724 -1.261093738870585736e-16 -1.152527244553475064e-17
585 3.862031835363181287 0.7865347768508360593 8.927950226197102684e-18 2.858000797697532842e-17 0.2230740234440970193 -1.3061409951756582e-16 -9.941031165858450591e-18
586 3.868464191557253962 0.7879711709023600186 8.215071592728894921e-18 2.857210573004226956e-17 0.2233416916032833488 -1.108439009042887392e-16 -1.228702663885122546e-18
587 3.87489556601856755 0.7894090780154773279 7.763071948405763251e-18 2.869106729634726453e-17 0.2236111037684608283 -7.029114638074994303e-17 1.849989259029087399e-17
588 3.88132595828838145 0.7908484813018787918 7.678741031881852612e-18 2.897419576676520285e-17 0.2238779872614326261 -1.311643236725202078e-17 4.403646475758981537e-17
589 3.887755367914619509 0.7922893319417995128 7.985554726257873891e-18 2.940267796355122719e-17 0.2241373735188588179 4.772765039743533977e-17 6.665428846427204124e-17
590 3.89418379445188112 0.7937315723784574839 8.612428212728278381e-18 2.991145158274744569e-17 0.2243878995909369956 9.75307732074789457e-17 7.915645746506976693e-17
591 3.900611237461451442 0.7951751466637487775 9.454964622682540716e-18 3.037147314523272372e-17 0.2246298115481054902 1.311042991821233266e-16 7.158243115163656656e-17
592 3.907037696511309388 0.7966200070777217368 1.037907937036585777e-17 3.066055140556462267e-17 0.2248643857989779671 1.438204639949903716e-16 4.498940162574458277e-17
593 3.91346317117613518 0.7980661192245753766 1.126023374337740916e-17 3.071804725505150608e-17 0.2250936927446444691 1.37155539513863736e-16 8.949480928329513924e-18
594 3.919887661037315674 0.7995134649198392118 1.201226710595067977e-17 3.05718955180725242e-17 0.2253202535235620252 1.170752422642895349e-16 -2.275264750969642335e-17
595 3.926311165682948801 0.8009620434592907845 1.258895212098418749e-17 3.034242155675712843e-17 0.2255467883918821914 8.979109486447056638e-17 -3.572958841005988355e-17
596 3.932733684707847122 0.8025924920330141932 1.302539370046129122e-17 3.015407527852582566e-17 0.2258562068911583731 6.045761961395497597e-17 -2.609047391555795166e-17
597 3.93995265201525946 0.8042244922961774289 1.326495129975260932e-17 3.024430099621757494e-17 0.2261169435174992248 3.319119081706015395e-17 1.25009560179775991e-17
598 3.947170157425405446 0.8058580632868437288 1.329755557757064511e-17 3.06980351926836404e-17 0.2263804923229655319 4.518305299527164572e-18 6.287854728483800409e-17
599 3.954386198763171212 0.8074932068402463914 1.313317722239465492e-17 3.142384807214924495e-17 0.2266444702334231287 -2.278420457284994353e-17 1.006036902464947991e-16
600 3.961600773871571946 0.8091299104748348459 1.284051197106422058e-17 3.223838779768969895e-17 0.226906892346453587 -4.057409128554808354e-17 1.129249510474662387e-16
601 3.968813880611800293 0.8107681694612226542 1.251470173349952014e-17 3.290883616873381264e-17 0.227168832321939157 -4.517840698026487678e-17 9.296758012483097853e-17
602 3.976025516863317844 0.8124079978007463509 1.229351710394713942e-17 3.330819010734830132e-17 0.2274328873384245386 -3.067678349100190231e-17 5.538763853504657546e-17
603 3.983235680523965705 0.8140494292285288536 1.227338807226632668e-17 3.343892731355695568e-17 0.2277017958391787111 -2.792329051732952607e-18 1.813605864542549673e-17
604 3.990444369510071976 0.815692510332693077 1.249811377053205294e-17 3.343037855616863074e-17 0.2279773438017415887 3.118066883294470465e-17 -1.186139258285593954e-18
605 3.997651581756535677 0.8173372903957533131 1.288876291022064007e-17 3.348810191523173305e-17 0.2282599088786855246 5.421365386868183569e-17 8.010754128063135362e-18
606 4.004857315216870717 0.8189838132417915917 1.334874926226594421e-17 3.374843372227873594e-17 0.2285487373729125082 6.384928106019412352e-17 3.613585195113601188e-17
607 4.01206156786321877 0.8206321117976420609 1.377113097732395074e-17 3.430166484822619399e-17 0.2288423198751519949 5.864156781770013762e-17 7.68081084822885197e-17
608 4.019264337686342614 0.8222821440429479711 1.404518688829501397e-17 3.5126871409068008e-17 0.2291302515006796436 3.805652888583840152e-17 1.145915707790576002e-16
609 4.026465622695629243 0.8239338002415934614 1.415699836272704848e-17 3.613685041152997458e-17 0.2294031231679914129 1.552980666422091507e-17 1.402787926984298789e-16
610 4.033665420919108513 0.8255869594897790043 1.411838034962424795e-17 3.721034987630591071e-17 0.2296593737418215764 -5.364872569945991699e-18 1.491321631979629526e-16
611 4.040863730403501108 0.8272415136182579287 1.404011183387632732e-17 3.822068101470586215e-17 0.229900761986676333 -1.087543229942849125e-17 1.40385796136234885e-16
612 4.048060549214283377 0.8288973835832084136 1.408605490899414609e-17 3.910803064489406679e-17 0.2301313260835259888 6.38512747076420441e-18 1.233230576176606175e-16
613 4.055255875435753055 0.8305545302923608153 1.43822970350348975e-17 3.983579124249694397e-17 0.2303566124592364706 4.118001879107816378e-17 1.011645287766071188e-16
614 4.062449707171083446 0.8322129571346873478 1.498082348747721498e-17 4.034828789645543276e-17 0.2305825238560696433 8.321726136870788705e-17 7.125594504473811499e-17
615 4.069642042542352733 0.8338726991385740916 1.583303061201989114e-17 4.058990326519930851e-17 0.2308134601966153332 1.185129223453275427e-16 3.360045065188419369e-17
616 4.076832879690553746 0.8355338022325052849 1.6820146185595035e-17 4.045495427247914814e-17 0.2310509403418442853 1.373027251191578194e-16 -1.877071434042469676e-17
617 4.084022216775585967 0.8371963038582485028 1.772896321831396117e-17 3.984209754923453675e-17 0.2312937872575963338 1.264382122500498816e-16 -8.526304598478828949e-17
618 4.091210051976242212 0.8388602195417428353 1.8342870110699366e-17 3.869680936352465023e-17 0.2315389542302153936 8.54270208927468201e-17 -1.59370352381436178e-16
619 4.098396383490204187 0.8405255419424151331 1.853812358779012849e-17 3.716127038353260616e-17 0.2317832596794196509 2.717581134173539684e-17 -2.137197157761601479e-16
620 4.10558120953405048 0.8421922687767117166 1.834639329969606487e-17 3.548658266229107564e-17 0.2320274066291680148 -2.669104534907356861e-17 -2.331356529922106213e-16
621 4.112764528343282322 0.8438604200176808012 1.790011291494460794e-17 3.405117406588668882e-17 0.2322744935706964609 -6.214037900931513659e-17 -1.998672522061965787e-16
622 4.11994633817235556 0.8455300415462886354 1.737734288941634718e-17 3.321344578132518546e-17 0.2325281301174871862 -7.280616261513661026e-17 -1.166703879998703011e-16
623 4.127126637294720624 0.8472011982959641863 1.694505464474295599e-17 3.318278798343427694e-17 0.2327909739651873311 -6.021745209164781443e-17 -4.270609942507281777e-18
624 4.134305424002857166 0.8488739619773134626 1.672371639631187174e-17 3.396439395157513002e-17 0.2330639747584122567 -3.083876851259936004e-17 1.089001367383045352e-16
625 4.141482696608300706 0.850548399888645501 1.673319479198930215e-17 3.531152713171524826e-17 0.2333465236097537476 1.320891426166274635e-18 1.877339507769361627e-16
626 4.148658453441654181 0.8522245356913651371 1.697436452858630158e-17 3.684180417702771979e-17 0.2336325437039970254 3.361607032924042665e-17 2.133016418407708669e-16
627 4.155832692852595045 0.8539022626523192772 1.736383032307079847e-17 3.816087291379983861e-17 0.2339038575863845726 5.429819860322359697e-17 1.839007616454663763e-16
628 4.16300541320986639 0.8555814186885470907 1.78085259491330887e-17 3.900347056625121998e-17 0.2341527371272047187 6.20113293728786082e-17 1.17497446551584189e-16
629 4.170176612901269841 0.8572618418608728419 1.825873471989052984e-17 3.932604254263867167e-17 0.2343791876513520167 6.279344852023159128e-17 4.499114213007566798e-17
630 4.17734629033365934 0.8589433996163730045 1.866961710782762586e-17 3.921451191047599451e-17 0.234587293953564896 5.732053341853486202e-17 -1.555918558633817267e-17
631 4.184514443932945582 0.8606260088491454185 1.901754513257141575e-17 3.892795494337806334e-17 0.2347839434662081226 4.854835698075781887e-17 -3.998490763783196132e-17
632 4.191681072144105791 0.8623096475914319159 1.92294920369932455e-17 3.870441018226514738e-17 0.2349776611417280781 2.958044777446472404e-17 -3.119910691498071038e-17
633 4.198846173431206807 0.8639943489006089994 1.924995255049656206e-17 3.869197286898394666e-17 0.2351761258441510405 2.85618837729902375e-18 -1.73618856793800336e-18
634 4.206009746277429961 0.8656801787378910484 1.907841188647921991e-17 3.893702011459884482e-17 0.2353839343068889756 -2.395135944154138023e-17 3.42147134238024235e-17
635 4.213171789185099492 0.8673672070789907318 1.875572445324232276e-17 3.936473688579554692e-17 0.2356016526631844465 -4.5064857958875162e-17 5.97327120776270992e-17
636 4.220332300675702086 0.869055485765491853 1.839055178819985119e-17 3.985575087564820495e-17 0.2358267537152604343 -5.100904538514811266e-17 6.858715695552890853e-17
637 4.227491279289891324 0.8707450351112531184 1.811637258372973239e-17 4.02925260943087526e-17 0.2360548368263865604 -3.830685829612138286e-17 6.102390748715817286e-17
638 4.234648723587480568 0.8724358519347907848 1.803457336327548857e-17 4.055341476669838921e-17 0.2362826200718925185 -1.143100415119364024e-17 3.64577985037574695e-17
639 4.24180463214742165 0.8741279457774630002 1.819710163243102139e-17 4.065275967957662041e-17 0.2365118810938612592 2.271733736008268816e-17 1.388590374209330907e-17
640 4.248959003567776449 0.8758213570994332065 1.859976490773423877e-17 4.067223516650701733e-17 0.2367469429440601236 5.629423768878900844e-17 2.722765540361504069e-18
641 4.256111836465687581 0.8775161589933467843 1.920080101651121449e-17 4.071226970719305382e-17 0.2369923720295620539 8.40457953262912339e-17 5.598224072306928006e-18
642 4.263263129477355307 0.87921244647945207 1.99596156017763386e-17 4.085616870657225743e-17 0.2372512414615439991 1.061315984866631616e-16 2.012643288796341537e-17
643 4.270412881258023319 0.8809103204332884296 2.083930045396680791e-17 4.115417805477342077e-17 0.2375243785740199509 1.23063668763750242e-16 4.169007073863815479e-17
644 4.27756109048197608 0.882609868816884191 2.183844235515440586e-17 4.158732749388534369e-17 0.237809985195663709 1.39805328888067669e-16 6.060860796724218304e-17
645 4.284707755842546817 0.8843110140817360687 2.296350458780274679e-17 4.210268732546606479e-17 0.2380849047955838349 1.574588249948868139e-16 7.212752430525128793e-17
646 4.291852876052130839 0.8860135404654347901 2.420217870621483602e-17 4.262621229692696356e-17 0.2383297819456801081 1.733969795531558232e-16 7.328614316115966608e-17
647 4.298996449842194423 0.8877172131277875078 2.546424810663905699e-17 4.310050602974879804e-17 0.2385419254240370712 1.767102750713844333e-16 6.640884880293319641e-17
648 4.306138475963281032 0.8894218264394275764 2.663066501722141723e-17 4.346296752948111584e-17 0.2387254042982832891 1.633527948290089473e-16 5.076152314152080073e-17
649 4.313278953185010423 0.8911272378959699259 2.751500887612877951e-17 4.365241988151954462e-17 0.2388890417301921254 1.238762975374190544e-16 2.653793057292542913e-17
650 4.320417880296067992 0.8928333903335792243 2.797005432170808023e-17 4.368075384273702904e-17 0.2390447810898990444 6.375528735104228951e-17 3.969800943539154012e-18
651 4.32755525610419145 0.8945403163795118129 2.794810944311668917e-17 4.363532952027601581e-17 0.2392051998103118249 -3.075311364997676432e-18 -6.365673636785377702e-18
652 4.334691079436151284 0.8962481107041043726 2.753623009054185618e-17 4.363496110617155188e-17 0.2393789968738568863 -5.773251780535089244e-17 -5.164005846107296471e-20
653 4.341825349137734769 0.8979568889857431069 2.68473893562015553e-17 4.381907421144654986e-17 0.2395691257777738947 -9.65748302745052811e-17 2.581248611883182301e-17
654 4.348958064073731755 0.8996667499861525918 2.602292536785572142e-17 4.423823970227796077e-17 0.239773224438826843 -1.156143036609594289e-16 5.877943370020162104e-17
655 4.356089223127923127 0.9013777549633439357 2.515578893748197882e-17 4.490857271017765652e-17 0.2399860411783078518 -1.216248005476222269e-16 9.402109694681927442e-17
656 4.363218825203071027 0.9030899191503390933 2.42411479131096715e-17 4.577288625788280994e-17 0.2402011242790959011 -1.283158496333126419e-16 1.212553605929504247e-16
657 4.370346869220907315 0.9048032467680281465 2.320557778710515012e-17 4.672095471472045765e-17 0.2404169294455390238 -1.453128913286005827e-16 1.330345142072220945e-16
658 4.377473354122117577 0.9065177730759377273 2.194705053337737937e-17 4.762918925133449249e-17 0.2406378129544108069 -1.766372697131829399e-16 1.274728603067840187e-16
659 4.384598278866319809 0.9082335775456918947 2.048557622359125674e-17 4.840542782980859216e-17 0.2408699842322684359 -2.051663229461548891e-16 1.089707932654578959e-16
660 4.391721642432033335 0.9099507779566512466 1.894996036618569424e-17 4.90293650476041031e-17 0.2411188291025768704 -2.15621831398302307e-16 8.760946621502561034e-17
661 4.398843443816647714 0.9116695115389434889 1.758943116220390153e-17 4.953473219322234689e-17 0.2413870897644695701 -1.910791692629547255e-16 7.097615697988164418e-17
662 4.405963682036385443 0.9133899072066149483 1.670876790134643748e-17 4.998476091037771108e-17 0.2416736102748133774 -1.23711698237345017e-16 6.32180531758039491e-17
663 4.413082356126267314 0.9151118816983651039 1.654601135233166439e-17 5.044218299724858122e-17 0.2419485901378346515 -2.286835127842070195e-17 6.427077145830840162e-17
664 4.420199465140083994 0.9168351540022043888 1.721457031096429121e-17 5.096979962954531498e-17 0.2421842298399387028 9.395754584942895585e-17 7.41498760578007995e-17
665 4.427315008150371156 0.9185594122132193506 1.862295445303118018e-17 5.160647180402062156e-17 0.2423761602875204035 1.979742583699581363e-16 8.949596761403370051e-17
666 4.434428984248389938 0.9202843818175258095 2.055126528019776321e-17 5.2346981263065833e-17 0.2425296091823800348 2.711192534217951027e-16 1.041151503479948351e-16
667 4.441541392544110067 0.9220098722055233287 2.265236650607915618e-17 5.316674760712991469e-17 0.2426563499815207192 2.954786407160357015e-16 1.152840434649680218e-16
668 4.448652232166188547 0.9237358062910737688 2.454871694794244523e-17 5.401755187747873425e-17 0.2427723327857842506 2.667433388127748509e-16 1.196753335981622777e-16
669 4.455761502261943008 0.9254622311227255205 2.595604916147105312e-17 5.481070436620278943e-17 0.2428950146923145037 1.980010785380974319e-16 1.115906014961313029e-16
670 4.462869201997315294 0.9271892790887137359 2.674444906242895131e-17 5.547741894752013341e-17 0.2430364088582931958 1.109464730838535105e-16 9.382247671627730251e-17
671 4.469975330556823501 0.928917115284106143 2.695084190107438752e-17 5.600014942509661971e-17 0.2432011307547139178 2.905076990058440407e-17 7.357679134490183095e-17
672 4.477079887143507797 0.9306458856499788546 2.673571940574138386e-17 5.642489124186641973e-17 0.2433864986805999442 -3.028621496534123463e-17 5.979766061911414368e-17
673 4.484182870978865587 0.9323756890427122856 2.634444940178785221e-17 5.678679482558628492e-17 0.2435858954529655507 -5.509750684804876753e-17 5.096221274531083304e-17
674 4.491284281302795556 0.934106567357301798 2.596829203133246276e-17 5.709515518544631208e-17 0.2437913069179792891 -5.298113459345039348e-17 4.343203938620273729e-17
675 4.498384117373537272 0.9358385287698935961 2.574431508938699071e-17 5.732166655181920128e-17 0.2439979862158544455 -3.155377619625983733e-17 3.191082483025923038e-17
676 4.505482378467625004 0.9375716097407943428 2.571107432080983207e-17 5.742823520247553634e-17 0.2442099191708487771 -4.683985078426955258e-18 1.501667954348678746e-17
677 4.512579063879851304 0.9393059019970954049 2.581710656439215674e-17 5.74294415136173025e-17 0.2444348981385207342 1.494441352965655161e-17 1.700200989714329915e-19
678 4.519674172923234146 0.941041551161262313 2.597190670824342816e-17 5.737394079681342582e-17 0.2446805290731743077 2.182271733257367155e-17 -7.824130032655925446e-18
679 4.526767704928994718 0.9427787355225403232 2.606909974752637943e-17 5.737829904155296284e-17 0.2449514313682525646 1.370469054526553822e-17 6.14533673568840931e-19
680 4.533859659246528118 0.9445176276978277663 2.60058485141502504e-17 5.752404128338722682e-17 0.2452468213336808367 -8.920716391381055819e-18 2.055493839805760255e-17
681 4.540950035243374927 0.9462580869630995428 2.571562401866462424e-17 5.780404210981397344e-17 0.2455225125076225257 -4.094128989095259681e-17 3.949906083999577879e-17
682 4.548038832305183021 0.9479997242666823309 2.520104969974968222e-17 5.806870715910178244e-17 0.2457434523625226519 -7.260597218899685956e-17 3.734399969378707453e-17
683 4.555126049835656943 0.9497421258341776085 2.453658894403347427e-17 5.810019293001824812e-17 0.2459061145818661476 -9.377572069404426061e-17 4.443604582961455456e-18
684 4.562211687256499282 0.9514849375403645615 2.383319747538226512e-17 5.776697999219296546e-17 0.2460188797863076815 -9.929218432175128083e-17 -4.703702264740833829e-17
685 4.56929574400735028 0.9532279243732136864 2.324715580555568512e-17 5.70524872059814885e-17 0.2460985319902750657 -8.274531505995349686e-17 -1.008817866494504166e-16
686 4.576378219545716775 0.9549710075826542965 2.291694877422484819e-17 5.614617659144119481e-17 0.2461671165222343027 -4.663352404396358012e-17 -1.279938154682087068e-16
687 4.583459113346912694 0.9567142756831227279 2.290356563911207026e-17 5.539897269506403765e-17 0.2462482525894438279 -1.890457144718380678e-18 -1.055475366992947022e-16
688 4.590538424903997772 0.9584579284258112342 2.32021035154285152e-17 5.511605256776639798e-17 0.2463576644591323472 4.217989749983576487e-17 -3.997329289435189735e-17
689 4.597616153727725141 0.9602022027711011321 2.370837769266634342e-17 5.546093528021637616e-17 0.2465006289105009796 7.154660241793989744e-17 4.873878111481852898e-17
690 4.604692299346498707 0.9619473040417735321 2.430443781368587442e-17 5.64172585324610551e-17 0.2466726958615422238 8.425399684156719582e-17 1.351777336425766428e-16
691 4.611766861306334953 0.9636933716009618012 2.49302923624579184e-17 5.777807507240277615e-17 0.246864558696421682 8.84852972485107912e-17 1.923965500829025368e-16
692 4.618839839170830963 0.9654404730697532244 2.553847597830058997e-17 5.921800886876824036e-17 0.2470660847508150126 8.600619223323750111e-17 2.036280157296766947e-16
693 4.62591123252112979 0.9671886210220391744 2.610114042844768429e-17 6.044064252069015475e-17 0.2472694937093854461 7.95869443053755659e-17 1.729373098583873358e-16
694 4.632981040955892027 0.9689378554155847478 2.659605119689712799e-17 6.120005830272671631e-17 0.2474786604845029825 7.001912064338515519e-17 1.074408330768421858e-16
695 4.640049264091256731 0.9706882868757393812 2.703709789886547759e-17 6.143554483557743247e-17 0.2477035885452438801 6.241252701431421743e-17 3.332370365192628873e-17
696 4.647115901560801454 0.9724400983982205426 2.744311999222327153e-17 6.126791403650508667e-17 0.2479545313596256129 5.7469092187266636e-17 -2.372676266368734031e-17
697 4.654180953015498723 0.9741935194512906238 2.787086374498731483e-17 6.089146591054384312e-17 0.2482380851636019625 6.055721182366423665e-17 -5.329510660797895707e-17
698 4.661244418123660971 0.9759486685474711987 2.837582571866285239e-17 6.051686207613317131e-17 0.2485385594354578287 7.150533352414962019e-17 -5.304591932732675832e-17
699 4.668306296570881919 0.9777052177409709666 2.898089183280035225e-17 6.03388389979142787e-17 0.24879272990557183 8.569987727454297604e-17 -2.521469240951194741e-17
700 4.67536658805997174 0.9794626640897192704 2.965104751778794551e-17 6.047617580742496875e-17 0.2489757732122999945 9.494032632133477959e-17 1.945637678372848384e-17
701 4.682425292310886 0.981220519023164206 3.027985375531185425e-17 6.090866589395693035e-17 0.249089677240154711 8.91024280624078955e-17 6.128424707532275295e-17
702 4.68948240906065017 0.9829783986967030041 3.077699195638986448e-17 6.160000601489551714e-17 0.2491492378364272842 7.046079760886696566e-17 9.798558275085958946e-17
703 4.696537938063283235 0.9847360869445206388 3.106270747529685057e-17 6.244467663957540189e-17 0.2491781886509818467 4.050438157000336626e-17 1.19744497652383697e-16
704 4.703591879089716876 0.9864935673889776435 3.116455020892781195e-17 6.336667738662434508e-17 0.2492048377083069532 1.444095835394401953e-17 1.307366163077066033e-16
705 4.710644231927722636 0.9882510161415420935 3.117554822000427763e-17 6.420538446183321564e-17 0.2492564833219934883 1.559832433495476101e-18 1.189526441660340075e-16
706 4.717694996381837313 0.9900087163949424784 3.126486788804815536e-17 6.485199493500939297e-17 0.249348332409957768 1.267093762720115424e-17 9.172852020324910881e-17
707 4.724744172273299014 0.9917669670506923385 3.156865820804301351e-17 6.521285584068686755e-17 0.249482640535685557 4.310557823689433009e-17 5.120346824276804909e-17
708 4.731791759439984091 0.9935260109453827315 3.215066158533283343e-17 6.525591985677172142e-17 0.2496514788538647112 8.260055606168775886e-17 6.111840263578227593e-18
709 4.738837757736353851 0.9952860076057199468 3.300537125323486032e-17 6.501834371066120454e-17 0.2498430437701446571 1.213316307813308766e-16 -3.372548869499438718e-17
710 4.745882167033402155 0.9970470355249340111 3.398165799317601468e-17 6.463032741052356742e-17 0.250045844264778272 1.386215627075619131e-16 -5.509388141882152418e-17
711 4.752924987218604791 0.9988091084881525195 3.485280321535919969e-17 6.425654531535832774e-17 0.2502506974858407229 1.237205859311353812e-16 -5.308476548665105017e-17
712 4.759966218195865295 1.000572280566017325 3.544273457100281194e-17 6.404788633112522182e-17 0.250463326914973694 8.38013327462015732e-17 -2.964056885758516638e-17
713 4.767005859885458108 1.002336699230464978 3.570322911348052794e-17 6.411711872974234353e-17 0.2506970081473902101 3.70123053863333506e-17 9.836868964210593427e-18
714 4.774043912223961961 1.004102603746812816 3.564334379432357389e-17 6.450627641345437518e-17 0.2509648002623332541 -8.510713360626031324e-18 5.530586702690597478e-17
715 4.781080375164190599 1.005870278190941658 3.532021060847662334e-17 6.513485109187789703e-17 0.2512730955836757207 -4.593304845428916126e-17 8.935124099213412572e-17
716 4.788115248675111957 1.007639629542679494 3.480176275631729216e-17 6.593289530295050822e-17 0.2515683050718826586 -7.371348110581923467e-17 1.134667963798033472e-16
717 4.795148532741768221 1.00941009404940063 3.408313802747925783e-17 6.68035433430115215e-17 0.251783474900079518 -1.02197943358413923e-16 1.23817669379594951e-16
718 4.802180227365188792 1.011181037836172525 3.313678942744948145e-17 6.768576912959527643e-17 0.2519085756352841821 -1.34613718215461888e-16 1.254925441152056503e-16
719 4.809210332562305901 1.0129519067506223 3.197119441423343555e-17 6.852986015654501113e-17 0.2519548883353764923 -1.658380013352755816e-16 1.200952022505245088e-16
720 4.816238848365867575 1.014722318919301092 3.068556479931928579e-17 6.933134998021704531e-17 0.2519468759404053793 -1.829576020909260769e-16 1.140597996018525927e-16
721 4.823265774824355034 1.016492126655974548 2.944842176650375378e-17 7.005722089599501375e-17 0.2519178356776872185 -1.760973176874080402e-16 1.033218616321965322e-16
722 4.830291112001900977 1.018261436379063412 2.848089546561403293e-17 7.065310295902049299e-17 0.2519039306445508553 -1.377507143128187191e-16 8.483818967243925948e-17
723 4.837314859978209647 1.02003056105041856 2.796202909548088213e-17 7.107943509286517807e-17 0.2519345836572761677 -7.38898648861887971e-17 6.071240222861381896e-17
724 4.844337018848473342 1.021799896791223627 2.792904738755833398e-17 7.131703629072810894e-17 0.2520216695158783993 -4.697867624798038579e-18 3.384357710264003398e-17
725 4.851357588723293368 1.023569811449023703 2.831795654729614969e-17 7.142562525353694448e-17 0.2521611978239221008 5.54082080353389316e-17 1.547075889318170003e-17
726 4.858376569728594774 1.025340577617662507 2.891768106103549621e-17 7.153333979490825975e-17 0.2523396297020122914 8.546258924549629402e-17 1.534965370614328406e-17
727 4.865393962005542861 1.027112361670537988 2.949014658667995882e-17 7.17654107949603839e-17 0.2525418508550343888 8.159657107327307968e-17 3.307832000622455022e-17
728 4.872409765710460583 1.028885235471013404 2.991772915823478825e-17 7.217533438034801921e-17 0.2527544028185995661 6.095943067126483088e-17 5.844183099672879569e-17
729 4.87942398101474506 1.030659204298824738 3.023981899927519693e-17 7.275267277705051211e-17 0.2529677972368150618 4.59299827161438866e-17 8.232840407588198011e-17
730 4.886436608104787638 1.032434342440637476 3.066058270181286335e-17 7.3394795688543468e-17 0.2531918767372448031 6.001445690284604955e-17 9.158741014423458656e-17
731 4.893447647181901949 1.034210850878818144 3.133907951551380316e-17 7.397300278156308033e-17 0.2534447230069912793 9.679742201825328076e-17 8.248963719030262714e-17
732 4.900457098462257299 1.035989045590408608 3.237330447800056318e-17 7.4441626346944101e-17 0.2537427644171059149 1.475806329307064269e-16 6.687110144671256302e-17
733 4.907464962176816492 1.037769106814991682 3.364615778142789409e-17 7.481297796255521884e-17 0.254066657431458176 1.816732928824463248e-16 5.300270710193425845e-17
734 4.914471238571283429 1.039550519976717657 3.48874580980282294e-17 7.515532118731192503e-17 0.2543172261592206995 1.772099028630156369e-16 4.887343440876661543e-17
735 4.92147592790605426 1.041332525602463699 3.581435185530469667e-17 7.557699212470170374e-17 0.2544594503640529304 1.323547314412605168e-16 6.021201808371001217e-17
736 4.928479030456172083 1.043114410208116016 3.622015253276489102e-17 7.615365403033303567e-17 0.2544998242704952229 5.79589726376558796e-17 8.236243423458362338e-17
737 4.935480546511281652 1.044895629277517113 3.609824680645315065e-17 7.690857039495169243e-17 0.2544624166144773825 -1.741527824921577087e-17 1.078462754989886875e-16
738 4.942480476375579634 1.046675893655748535 3.557859732807554032e-17 7.778641839810452731e-17 0.2543836627951572282 -7.425320603820424589e-17 1.254365324330566288e-16
739 4.949478820367760434 1.048455212957874361 3.488255978405146636e-17 7.862563402334650848e-17 0.2543062353845090273 -9.948000187237692998e-17 1.199434896682992689e-16
740 4.956475578820952244 1.050233887313657188 3.419353301228779971e-17 7.919024223097951511e-17 0.2542716655102572054 -9.850031528699101471e-17 8.071397040657946191e-17
741 4.963470752082643322 1.052012388186769565 3.358325250077807102e-17 7.935194477030785584e-17 0.2543044805134711539 -8.726285760848300804e-17 2.312154066567158538e-17
742 4.970464340514594959 1.053791209530448691 3.304017001210798264e-17 7.909021674817579834e-17 0.2544079421633210769 -7.767193645300130843e-17 -3.743247614702727106e-17
743 4.977456344492746432 1.055570755673582717 3.24563098279589092e-17 7.856056357963201342e-17 0.2545692769440797698 -8.352290581996775546e-17 -7.576843380406826274e-17
744 4.984446764407105768 1.057351298540921913 3.184549829448631492e-17 7.797299032899189342e-17 0.2547695785810245583 -8.739817492166782144e-17 -8.407311736041780183e-17
745 4.991435600661638716 1.059132991762862908 3.12704401777080968e-17 7.75066675475002213e-17 0.2549919430068808834 -8.230102956748530335e-17 -6.673907194381810063e-17
746 4.998422853674150623 1.060915875190290958 3.086185303447921242e-17 7.729433526472504588e-17 0.2552200971230451088 -5.848932620823673028e-17 -3.03954061149206845e-17
747 5.005408523876166527 1.062699939211700695 3.073553293715651953e-17 7.728587314905809874e-17 0.255446962171121561 -1.808684258805072213e-17 -1.21162789828322638e-18
748 5.012392611712821022 1.064485299875422619 3.101853335686315787e-17 7.745207098560748981e-17 0.2556905331178767615 4.052992185709049496e-17 2.380203299750236876e-17
749 5.019375117642749018 1.066272243570543399 3.174952226965681674e-17 7.768514449275895974e-17 0.2559752216686622672 1.04712336208811455e-16 3.338719782895070599e-17
750 5.026356042137987146 1.068061170915304947 3.286122933987042746e-17 7.793871055216409128e-17 0.2563174219748291516 1.592853343444876715e-16 3.633093252074050453e-17
751 5.03333538568388672 1.069851755143047756 3.419043906423514442e-17 7.819383890684287192e-17 0.2566129292907129988 1.904922403124867925e-16 3.656305770199393683e-17
752 5.040313148779035579 1.071643095087237096 3.549916654198853145e-17 7.841051283282492231e-17 0.2567793740634456978 1.875993574794318805e-16 3.10590936522219937e-17
753 5.047289331935189693 1.073434292113470745 3.657807810164998413e-17 7.858867986570939984e-17 0.2568170311156229291 1.546914490871024422e-16 2.554511187654536227e-17
754 5.054263935677210107 1.075224616592187044 3.719957998528772656e-17 7.876196492489973983e-17 0.2567500493937717732 8.912945179452606149e-17 2.485077316164590062e-17
755 5.061236960543003427 1.077013616357141546 3.727488057699397048e-17 7.899840518199094353e-17 0.2566181573037459862 1.080128654350562279e-17 3.391552323021775908e-17
756 5.068208407083463207 1.078801191361842049 3.678061805516397716e-17 7.940902310590779948e-17 0.256471830588814953 -7.091417894737185419e-17 5.8913293340201357e-17
757 5.075178275862410437 1.080587604410825131 3.583179938566528002e-17 8.003100414334827846e-17 0.2563631307409496851 -1.361623084631015501e-16 8.925875575668920726e-17
758 5.082146567456525155 1.082373404196107058 3.463162431030927517e-17 8.083621624668557773e-17 0.2563331190673598381 -1.722727390989869731e-16 1.155798828403641134e-16
759 5.089113282455270948 1.084159231573175841 3.341235235459590566e-17 8.172889201393245812e-17 0.2563950806505879143 -1.750534992543715474e-16 1.281633814539095774e-16
760 5.096078421460813246 1.085945652977610587 3.232042615998020796e-17 8.257781566120376214e-17 0.2565383904125553838 -1.568056605908444629e-16 1.219093689280127329e-16
761 5.10304198508792517 1.08773307245499451 3.151039985952226454e-17 8.326215894269463608e-17 0.2567397778465189129 -1.163498412436404364e-16 9.829709493704157349e-17
762 5.110003973963885393 1.089521730052926296 3.102219811491856873e-17 8.37776372675403878e-17 0.2569757203347803887 -7.013974901249922263e-17 7.405856436546289504e-17
763 5.116964388728368007 1.091311742804498275 3.084767695934694689e-17 8.425619515872841085e-17 0.2572285633667243387 -2.507905381420733959e-17 6.87697664332306689e-17
764 5.123923230033327947 1.093103088565054559 3.103868012381474979e-17 8.484858321359451237e-17 0.2574783132339950598 2.745375777943089783e-17 8.514664254405041321e-17
765 5.13088049854288375 1.094895743641777885 3.150013805738043336e-17 8.566546244155175302e-17 0.2577247447458613783 6.63424490764590042e-17 1.174403225958546191e-16
766 5.137836194933197653 1.096689891863675159 3.22095642260749636e-17 8.667630875843560702e-17 0.2579976966811469707 1.020151597591932202e-16 1.453592397058880008e-16
767 5.144790319892361907 1.09848592019546043 3.307033339043461294e-17 8.775059329267922652e-17 0.2583264039236239928 1.238061777212362698e-16 1.545165271675198083e-16
768 5.151742874120292193 1.100283647849283231 3.397819798057976156e-17 8.865968221872485558e-17 0.2586292242855330881 1.306095026164079214e-16 1.307856411118764677e-16
769 5.158693858328627257 1.102082103690820825 3.486636111960999645e-17 8.918839305612629887e-17 0.2587924112039923785 1.278040166366468535e-16 7.607990659577357393e-17
770 5.165643273240642763 1.103880289626449018 3.569398123381433533e-17 8.923068559132134352e-17 0.2588119893425369633 1.191189431154716883e-16 6.087143132029231845e-18
771 5.172591119591176678 1.105677394704560612 3.640671842471341709e-17 8.881779786201462594e-17 0.2587148023154596244 1.026070560326371107e-16 -5.944013434000978954e-17
772 5.179537398126567105 1.107472899818299217 3.697510895270257796e-17 8.812419609916412394e-17 0.2585427946745436634 8.184508885461699332e-17 -9.987481338060001006e-17
773 5.186482109604598101 1.109266655179732997 3.737615552703119645e-17 8.738732874741962494e-17 0.2583491072680627054 5.776151345850120242e-17 -1.061287545621690219e-16
774 5.193425254794461488 1.111058901935782606 3.757689928099019104e-17 8.682404179420068582e-17 0.2581900429136833597 2.891903041496752102e-17 -8.114679640702881001e-17
775 5.200366834476714217 1.112850220959228809 3.757616258642221378e-17 8.659007628260416748e-17 0.2581145764217177563 -1.061517261174120496e-19 -3.371253703700515572e-17
776 5.207306849443244623 1.114641345251979221 3.736142775449895284e-17 8.677188532140479368e-17 0.2581446894724536145 -3.094852586730810246e-17 2.620311614020115518e-17
777 5.214245300497228008 1.116432959125634117 3.700847980307755095e-17 8.742638046108872696e-17 0.2582734340033985831 -5.087986913837907537e-17 9.434996555360172892e-17
778 5.221182188453081352 1.118225577194589704 3.658436736840800822e-17 8.852956094829003802e-17 0.2584764077147043149 -6.115249002504255021e-17 1.590668611071601792e-16
779 5.228117514136399357 1.12001952346040845 3.622431464877291954e-17 9.000152385107962455e-17 0.2587261697669392402 -5.192745336931535267e-17 2.122891477487924313e-16
780 5.235051278383884288 1.121814977231895494 3.603301059477134664e-17 9.173541044071525234e-17 0.2590018787258692723 -2.759642725484584153e-17 2.501205496598535406e-16
781 5.241983482043254483 1.123612010115423665 3.608971360953656784e-17 9.359658282138965514e-17 0.2592880115768660954 8.18149299528808865e-18 2.685424903518798541e-16
782 5.248914125973143108 1.125410506988577586 3.64327869893381329e-17 9.549788682635429772e-17 0.2595576262992675964 4.951207502051739553e-17 2.743946691086006419e-16
783 5.255843211042985352 1.127210481992235502 3.704101465011917506e-17 9.72969676832336179e-17 0.259829370610475674 8.779866940788397231e-17 2.597002990432290697e-16
784 5.262770738132894088 1.129012226707639455 3.781115307047392217e-17 9.882634325907927455e-17 0.2601433034271930511 1.1119574879528307e-16 2.208175281880377351e-16
785 5.269696708133533747 1.130815792691705957 3.858703429921082296e-17 9.994788148794454764e-17 0.2604647892102966988 1.12050095466718411e-16 1.619686892264556046e-16
786 5.276621121945990645 1.132620057758866094 3.922883297403558283e-17 1.006030678543174797e-16 0.2606242866101989297 9.270717746414469127e-17 9.46410161348625067e-17
787 5.283543980481652191 1.134423855643835077 3.964571253884451797e-17 1.007530971413867855e-16 0.2606153172790941497 6.023136015137091618e-17 2.16764475535425908e-17
788 5.290465284662086987 1.136226266994974088 3.987785705259810249e-17 1.004783594194596039e-16 0.2604734497633359736 3.354810337984878203e-17 -3.970341296689364863e-17
789 5.297385035418936461 1.138026709593359609 4.001729554263390014e-17 9.992239349911722772e-17 0.2602473255098237126 2.015531855194164994e-17 -8.036281966082045144e-17
790 5.304303233693821618 1.139825002439774915 4.020091347166665731e-17 9.919961014676679331e-17 0.259994895339005494 2.654724692721885488e-17 -1.044990989213638468e-16
791 5.311219880438252439 1.141621394213050644 4.055195031471210242e-17 9.842130787653208971e-17 0.2597782775157287394 5.076384104376884209e-17 -1.12551185190222377e-16
792 5.318134976613555054 1.143416514076730506 4.110043167683628647e-17 9.763366771006445276e-17 0.2596525305243889137 7.933429767139113942e-17 -1.139270789120081598e-16
793 5.325048523190799798 1.145211215333753696 4.171898834856483862e-17 9.682701540093963498e-17 0.2596501427554645525 8.949028563285789134e-17 -1.167032041676254463e-16
794 5.331960521150737264 1.147006329552685333 4.231286172839435455e-17 9.607696753517405443e-17 0.2597680516362747549 8.593844846751488095e-17 -1.085382036803361989e-16
795 5.338870971483733463 1.148802504514410128 4.274798722912919155e-17 9.550682033123409405e-17 0.2599797360285714398 6.298039736157741069e-17 -8.252354182434631549e-17
796 5.345779875189703212 1.150600158653475535 4.289749063501774475e-17 9.522215092438488363e-17 0.2602520552831013578 2.164407925239035484e-17 -4.121248720693391279e-17
797 5.352687233278038192 1.152399527240378418 4.272821496597598621e-17 9.532768148036732652e-17 0.2605585264706907211 -2.45120534024546107e-17 1.528140835877672705e-17
798 5.359593046767527902 1.154200733136424573 4.226787859171819076e-17 9.583295659368927382e-17 0.2608828909130638807 -6.667415667050131726e-17 7.318298955117245248e-17
799 5.366497316686272612 1.156003744610487827 4.165251935514705077e-17 9.663909790661891398e-17 0.2612027642724761289 -8.914726052782523361e-17 1.167859119925206687e-16
800 5.373400044071586557 1.157808385092042203 4.107359890711081999e-17 9.759846146660524669e-17 0.2614971554375944973 -8.388709658986987278e-17 1.390143048053784287e-16
801 5.38030122996989757 1.159614744068635295 4.077937678671266731e-17 9.852470880308979584e-17 0.2618046079759830391 -4.264307808516605113e-17 1.342456421782226092e-16
802 5.387200875436637837 1.161422758520747722 4.095530514687685202e-17 9.923162318919145171e-17 0.2621030216168526716 2.550386405001131098e-17 1.024794887038582774e-16
803 5.394098981536137316 1.16323114449054521 4.168243930809342023e-17 9.959018238903478098e-17 0.2622153541920624886 1.054342075270021676e-16 5.199096274578352559e-17
804 5.400995549341518043 1.165038585090165446 4.288537233882674395e-17 9.960576271937278016e-17 0.2621367048661097932 1.744637698839398161e-16 2.259646295643517447e-18
805 5.407890579934595543 1.166844138555969801 4.434803092635756686e-17 9.938028728694964548e-17 0.2619213627211281481 2.121795547445316456e-16 -3.270843740652745552e-17
806 5.414784074405784686 1.168647288666617934 4.578287609401527422e-17 9.903797456496014445e-17 0.2616309808829667127 2.081911796542080694e-16 -4.966841789485541734e-17
807 5.421676033854023302 1.170447952829159366 4.690788429938005203e-17 9.871284659998009889e-17 0.2613284410377947897 1.63271223240082643e-16 -4.718546966920923518e-17
808 5.42856645938669935 1.172246478877689624 4.7519155627590315e-17 9.857622956462163145e-17 0.2610762162025885846 8.873288522714740695e-17 -1.983149406668514966e-17
809 5.435455352119595851 1.174043584327546741 4.751771856177544371e-17 9.869971426445882804e-17 0.2609280150874778714 -2.086526033596160813e-19 1.792917473193010375e-17
810 5.442342713176838487 1.175840217068058857 4.696604241700158949e-17 9.908435706827019872e-17 0.2609173631061820764 -8.011758983193855659e-17 5.586004520858594262e-17
811 5.449228543690850302 1.177637310540335269 4.605345342538625027e-17 9.966656761630179004e-17 0.2610422529725232033 -1.325608768181782192e-16 8.457075578267581542e-17
812 5.45611284480230907 1.179435600638842008 4.501622431647101783e-17 1.003439232339438635e-16 0.2612740730607032158 -1.506993083087390067e-16 9.841318777145943611e-17
813 5.462995617660100223 1.181235568709729788 4.412023427939351917e-17 1.010203606059960419e-16 0.2615759025853808262 -1.30207533370557165e-16 9.830158601077985358e-17
814 5.469876863421261781 1.183037489747374993 4.358603501933344818e-17 1.01611403022137118e-16 0.2619177934943824892 -7.764840331967053964e-17 8.591082642531989769e-17
815 5.476756583250925736 1.184841520841796836 4.352645245987533532e-17 1.020901060644675117e-16 0.2622826302129204201 -8.662528299989726152e-18 6.959718899611286833e-17
816 5.483634778322239889 1.18664773935344714 4.393790780488653659e-17 1.024110031617536838e-16 0.2626588333053470059 5.983350307883910235e-17 4.666459602788794261e-17
817 5.490511449816286138 1.188455934152835347 4.471241802419719576e-17 1.025196567797177438e-16 0.2630044485710789637 1.126535886572539301e-16 1.580381985810372642e-17
818 5.497386598921984557 1.190265880225911843 4.562668134539207547e-17 1.024097248855361932e-16 0.2633174352350853842 1.330103014933193251e-16 -1.59932855774089974e-17
819 5.504260226835991254 1.192077300650993932 4.646387929940536879e-17 1.021125403477122194e-16 0.2635902177948854508 1.218254956056344233e-16 -4.324503354694283415e-17
820 5.511132334762590013 1.19388863904506648 4.701960872907492266e-17 1.017059497878790689e-16 0.2636365461919266684 8.088526579833560146e-17 -5.917841263643920991e-17
821 5.518002923913587487 1.195698336442337251 4.718299229520607663e-17 1.013735219880539642e-16 0.2634558939069181482 2.378539281191479264e-17 -4.839486606684434077e-17
822 5.524871995508205735 1.197505416273696 4.689583635759316962e-17 1.013666817875716323e-16 0.2631329143613116983 -4.181341489679959868e-17 -9.960168092727441455e-19
823 5.531739550772984515 1.199309485207803672 4.615881964222714093e-17 1.019100471534206096e-16 0.2627524584447209488 -1.073423250165726466e-16 7.913809888930779432e-17
824 5.538605590941689805 1.201110652127718836 4.509069123209571862e-17 1.030933797152189922e-16 0.2623876488553330555 -1.556011822730894738e-16 1.723837170620871141e-16
825 5.545470117255228537 1.202909457496494694 4.386096799429453394e-17 1.048194977632722441e-16 0.2621013807844621013 -1.791812300570279974e-16 2.515102143038641518e-16
826 5.552333130961573993 1.204706781279585304 4.269343719633454637e-17 1.068441178366835292e-16 0.2619431853744371708 -1.701567291979645113e-16 2.950695006608417686e-16
827 5.559194633315686751 1.206503695572143098 4.179750159660081387e-17 1.087799699831445151e-16 0.2619411543722168778 -1.306030043889132814e-16 2.821945086853009151e-16
828 5.566054625579462289 1.208301242014257815 4.132884528381698312e-17 1.103147873534893139e-16 0.2620909501737702652 -6.833235317021626301e-17 2.237837830012512605e-16
829 5.572913109021652822 1.210100234616003023 4.133972189159827244e-17 1.112721408460890571e-16 0.2623594758086263967 1.586210589919635668e-18 1.39617450476659099e-16
830 5.579770084917798023 1.211901198990159578 4.185990513111916803e-17 1.115995352726233414e-16 0.2627047409936910105 7.587857104147332013e-17 4.775667373528677613e-17
831 5.586625554550147754 1.213704428853537687 4.279985225009389641e-17 1.113235567933863519e-16 0.2630929620310071271 1.371391838089366314e-16 -4.026552412084072972e-17
832 5.593479519207574135 1.215510093081817455 4.409507426608281648e-17 1.105710685986551445e-16 0.2635059483157307647 1.890155989453853317e-16 -1.098128390891003258e-16
833 5.600331980185480951 1.217318312571976424 4.562425440055812622e-17 1.095500857625732468e-16 0.2639367124624181216 2.23206739918928496e-16 -1.49027734023772394e-16
834 5.607182938785704174 1.219129079453123987 4.727661123936141059e-17 1.085383455815734405e-16 0.2643664659618130131 2.41239080817189018e-16 -1.477109941137029464e-16
835 5.614032396316408047 1.220941934374684568 4.892907962459447506e-17 1.077948744293474083e-16 0.2647292785634711154 2.413082030277036695e-16 -1.085683026373272898e-16
836 5.620880354091981168 1.222756228713686388 5.047289109862303473e-17 1.075859291912330596e-16 0.2649974605339404654 2.254904903610193853e-16 -3.051872912827771999e-17
837 5.627726813432935238 1.224569911523155419 5.176048437922089371e-17 1.080195504949549215e-16 0.2649660798357194591 1.881081643392242202e-16 6.334896950038906825e-17
838 5.634571775665812687 1.226380971834805766 5.278353033424277254e-17 1.091091584246029038e-16 0.2646407815328103985 1.49492360546662817e-16 1.592187141485308398e-16
839 5.641415242123100526 1.228188299189642896 5.352408465002054332e-17 1.107203867073725372e-16 0.2641529882813956065 1.08236969342512157e-16 2.354917965237533499e-16
840 5.648257214143162841 1.229991650948007553 5.397413586934183818e-17 1.125904217205940554e-16 0.2636294589318589066 6.57923552024510935e-17 2.733777902355926393e-16
841 5.655097693070181286 1.231791448942506806 5.408616027984871645e-17 1.144211195065233907e-16 0.263167329619675483 1.63802632603317841e-17 2.676855120053256755e-16
842 5.661936680254116006 1.233588584215923323 5.392170080433229664e-17 1.160200257697061597e-16 0.2628352636775846962 -2.405258538465922142e-17 2.338438043567194056e-16
843 5.668774177050668328 1.235384241634146507 5.355114120846384206e-17 1.173062844289016878e-16 0.2626763278339366292 -5.420701794146459974e-17 1.881593325169952258e-16
844 5.67561018482126034 1.237179710135796418 5.303964419439275228e-17 1.182875404697500975e-16 0.2627058626346622239 -7.484022370379287521e-17 1.435735098887345644e-16
845 5.682444704933005575 1.238976166510679988 5.238112181724088181e-17 1.190689668165832907e-16 0.262907578202226988 -9.637335244513966818e-17 1.143600875933570857e-16
846 5.689277738758685921 1.240774492466519385 5.157973927884934547e-17 1.197628434342994467e-16 0.2632383925545116465 -1.173061260348516327e-16 1.015694428952984891e-16
847 5.696109287676714317 1.242575225584584775 5.068230965345458307e-17 1.204429018370604357e-16 0.2636480054127639527 -1.313940018984253434e-16 9.956835893857469324e-17
848 5.702939353071088568 1.244378639398187048 4.977720676049922078e-17 1.210936866947180066e-16 0.2640977996275299944 -1.325462191001755971e-16 9.530305670386543454e-17
849 5.709767936331327398 1.246184879093391817 4.898531139880232905e-17 1.21581593117161784e-16 0.2645690012169890082 -1.159928914577242434e-16 7.146610453529808114e-17
850 5.716595038852394062 1.247994069811455331 4.835738660141389273e-17 1.217408443835776327e-16 0.265058686916351316 -9.199523334728038069e-17 2.333138852886046925e-17
851 5.723420662034608419 1.249806316638730097 4.791140467277261231e-17 1.214715435918772667e-16 0.2655639294251072591 -6.535352229071039348e-17 -3.946293372674252531e-17
852 5.730244807283543018 1.251621287627262769 4.770326815830819784e-17 1.207524335688785178e-16 0.2660206821293759627 -3.050661300025534952e-17 -1.054001083504181644e-16
853 5.737067476009916511 1.253437901983228686 4.773356557012432095e-17 1.19708322994062163e-16 0.2663191308269342028 4.441658382076483035e-18 -1.530686025127564681e-16
854 5.7438886696294853 1.255253409892648664 4.79354038639380687e-17 1.186452399513524116e-16 0.2662144380026115198 2.959627312898779861e-17 -1.558836804272019127e-16
855 5.750708389562940503 1.257065107356709621 4.827661652208765828e-17 1.178901964317564298e-16 0.2657130616228667863 5.004403983553392294e-17 -1.107386466174371589e-16
856 5.757526637235809375 1.258871592610720125 4.87469021141279488e-17 1.176612394279852199e-16 0.2650057784980746622 6.898943634241058398e-17 -3.358728165218901392e-17
857 5.76434341407837092 1.260672742585668971 4.923823584435723014e-17 1.18063785521282514e-16 0.2642800767097095438 7.209267285959895607e-17 5.906499397354415466e-17
858 5.771158721525580404 1.262469376665602105 4.970597482438013242e-17 1.190524661909646638e-16 0.2636742591592765028 6.86454356036948141e-17 1.450989080276380282e-16
859 5.777972561017010733 1.264262889338204854 5.009225289836932031e-17 1.20458615935451394e-16 0.2632728240107524709 5.670242588528009159e-17 2.064111505138047556e-16
860 5.784784933996796497 1.26605493323888596 5.050935532594277437e-17 1.220768943834408322e-16 0.2631138054683204164 6.124035630333401817e-17 2.376009876744873302e-16
861 5.791595841913586895 1.267847147138416508 5.103700470488839523e-17 1.23681877493363488e-16 0.2631953238403196282 7.748787642039138256e-17 2.356995721799543405e-16
862 5.798405286220500443 1.269640906688331405 5.176485674349149712e-17 1.25076316636905238e-16 0.2634788854008224823 1.069115667576283537e-16 2.048241478725992062e-16
863 5.80521326837507079 1.271437170314610787 5.271560900101748609e-17 1.26126240955841856e-16 0.2639033220930575019 1.396825474712167026e-16 1.54252700806278164e-16
864 5.812019789839192541 1.273236462422701276 5.381663477023406215e-17 1.26860780826471266e-16 0.2644049451234213866 1.617951064088871174e-16 1.079402134380726595e-16
865 5.818824852079048426 1.27503899436516055 5.493813208865637803e-17 1.273297733194184991e-16 0.2649377908684713567 1.648386999468867543e-16 6.893294486965688751e-17
866 5.825628456565032032 1.276844843565340559 5.595455918793851748e-17 1.276419035984949902e-16 0.2654821896443972373 1.494273674149708771e-16 4.588701533621270242e-17
867 5.832430604771655425 1.278654098901978342 5.67314370481595288e-17 1.278919459003833678e-16 0.2660398328053087957 1.142350954329214947e-16 3.676717754623604412e-17
868 5.839231298177450569 1.280466904460119126 5.727554114012604057e-17 1.282105034906073486e-16 0.2666188478173280307 8.002425050019943445e-17 4.685194023571716822e-17
869 5.846030538264868071 1.28228330909111099 5.760674265880326722e-17 1.286889883198404211e-16 0.2672052383469251113 4.872195282318977948e-17 7.038831032422287187e-17
870 5.852828326520177704 1.284102266192826747 5.777789982278006318e-17 1.294188933086131125e-16 0.2676378256861277616 2.51837336758222901e-17 1.073968066472329924e-16
871 5.859624664433372487 1.285920034667260792 5.779715116496731988e-17 1.304301800648317431e-16 0.2675199634785408453 2.833209196484724072e-18 1.488305028362740517e-16
872 5.866419553498090522 1.287732761017728045 5.765883439580313425e-17 1.316547658386321705e-16 0.2668347543009735312 -2.036033795509990865e-17 1.802599956624856795e-16
873 5.873212995211543941 1.289538348866698714 5.738811180287622381e-17 1.329930703878660028e-16 0.2658405401607724095 -3.985906328426381042e-17 1.970414258551728318e-16
874 5.880004991074471832 1.291336572028539909 5.707184026962581403e-17 1.343309439876781783e-16 0.2648125350990820914 -4.657523508592837961e-17 1.970198733541200329e-16
875 5.886795542591107377 1.293128646863246356 5.679533136247712738e-17 1.354499224541631397e-16 0.263963197481403844 -4.072830768532638466e-17 1.648196426878505099e-16
876 5.89358465126915565 1.294916650479313702 5.665936661608832792e-17 1.361669010149935713e-16 0.2634194523249658304 -2.00311446282282388e-17 1.056295961179872597e-16
877 5.900372318619787393 1.296702970389217224 5.676994722104765909e-17 1.363728640453928731e-16 0.2632272348579697829 1.629485665529053086e-17 3.035015098605972593e-17
878 5.907158546157630141 1.298489855288391892 5.716578669305620312e-17 1.360722514995485785e-16 0.2633663088329620261 5.834219130814484417e-17 -4.430683622904913806e-17
879 5.913943335400767332 1.300279070052656305 5.783344374686647557e-17 1.354592094943425564e-16 0.2637655601989280507 9.84258236274004313e-17 -9.037448782461498834e-17
880 5.920726687870722316 1.302071718364679054 5.864950528173467546e-17 1.347564590743250409e-16 0.2643276603676618097 1.203290320700746539e-16 -1.036212028314794273e-16
881 5.927508605092436156 1.303868302962024384 5.947933447714351324e-17 1.341862269981281279e-16 0.2649640835893336543 1.223849590061395104e-16 -8.409902863800966057e-17
882 5.934289088594230321 1.305668916360024356 6.017453721199923022e-17 1.338235750773567559e-16 0.2656143632381982034 1.025516259877056847e-16 -5.349596927346277196e-17
883 5.941068139907751622 1.307473494042503903 6.063915827755987036e-17 1.336440018674542324e-16 0.266255338409285558 6.855223814635544188e-17 -2.649502220716107178e-17
884 5.947845760567907369 1.309282019477713277 6.087473315748364225e-17 1.335590752341145785e-16 0.266894083975145413 3.476508572163464072e-17 -1.253309219157043737e-17
885 5.954621952112781891 1.31109461024994034 6.092909813645056327e-17 1.335242275948112461e-16 0.2675503943824924513 8.024630703224171816e-18 -5.143742195846431814e-18
886 5.961396716083549485 1.312911446431721085 6.092982560060424763e-17 1.335361001933093133e-16 0.2682335057916531706 1.074011307338851133e-19 1.752843074089934304e-18
887 5.968170054024380278 1.314732303706230399 6.103260875869567676e-17 1.336767412516007268e-16 0.268883718879618816 1.517786054552884365e-17 2.076828937114064849e-17
888 5.974941967482348737 1.316552756977576344 6.135882740427772126e-17 1.340710518938602939e-16 0.2688805581553528889 4.818242406185691404e-17 5.823959738277725072e-17
889 5.981712458007343081 1.318367360876705696 6.197084320589618971e-17 1.348132990515615444e-16 0.2680728857033300438 9.041358398635472727e-17 1.096527664056815141e-16
890 5.988481527151984452 1.320172783942876515 6.283901125849541028e-17 1.359154443206112745e-16 0.2667725499532511702 1.282820683525778005e-16 1.628549614506203126e-16
891 5.995249176471553199 1.321968245601893521 6.383276012869903523e-17 1.372622732714641763e-16 0.265356244136515762 1.468688938512364529e-16 1.990515754529162674e-16
892 6.00201540752392404 1.323755128326144614 6.482579991845834697e-17 1.386595544029416015e-16 0.2641436457776200619 1.467948326486818238e-16 2.06551290264111359e-16
893 6.008780221869507443 1.325536216214545426 6.571951894330425002e-17 1.398341860317859688e-16 0.2633421206242342327 1.321405107394621596e-16 1.736747445798032336e-16
894 6.015543621071195446 1.327314855287128559 6.645534609601039357e-17 1.406272715894633422e-16 0.2630350272416021595 1.088182072128175427e-16 1.172858982377004434e-16
895 6.022305606694310143 1.329094217985183679 6.708163502339271994e-17 1.410227261692055061e-16 0.2631970007446824411 9.263843030248965014e-17 5.849423472384101409e-17
896 6.029066180306550393 1.330876772735603231 6.762602261160111634e-17 1.411218037930308676e-16 0.2637241778636347789 8.054067854332909174e-17 1.465826779338608944e-17
897 6.035825343477934979 1.332663964636013221 6.811212466282843528e-17 1.410544343750333389e-16 0.2644653564376239219 7.193248369881013924e-17 -9.969202042389862778e-18
898 6.042583097780743095 1.334456345352590168 6.860122289741459976e-17 1.410398418360957458e-16 0.2652884338634535211 7.239092870098295356e-17 -2.159826740512775394e-18
899 6.049339444789446851 1.336253869800048344 6.906952790568358297e-17 1.412318450685851867e-16 0.2661051177160246306 6.932776882597883424e-17 2.84241156528974002e-17
900 6.056094386080641101 1.338056258720801361 6.952497756873024326e-17 1.416306811576164713e-16 0.2668807293272099646 6.743868476230320038e-17 5.905588139002475251e-17
901 6.06284792323297328 1.33986329939187665 6.996618953473135583e-17 1.421847002492193943e-16 0.2676250963146482031 6.5344071545416822e-17 8.205095498052977662e-17
902 6.069600057827072348 1.341674996542181253 7.043785289780024095e-17 1.428188640536814511e-16 0.2683704101971981504 6.986846018966264296e-17 9.393998346085595968e-17
903 6.07635079144548218 1.343491548964372839 7.101469845471140303e-17 1.434703984487199385e-16 0.2691454239875621934 8.546703089519297407e-17 9.653313543439832733e-17
904 6.083100125672601166 1.345313055735498864 7.168285904632088555e-17 1.440429035968632785e-16 0.2699353783445456179 9.901702532762371869e-17 8.484151484802884316e-17
905 6.089848062094632475 1.347135518183312008 7.248630583714007535e-17 1.444239231848875555e-16 0.2701328966343993221 1.190901953321618086e-16 5.647629398945612397e-17
906 6.096594602299544086 1.348952046654252834 7.344691362799072097e-17 1.44609033810132474e-16 0.26930900898597121 1.424146862086893513e-16 2.744353299987912986e-17
907 6.103339747877037702 1.350757679217359897 7.451828674710335089e-17 1.446173107974620404e-16 0.2677489353291373497 1.588689846670852573e-16 1.227356324040615924e-18
908 6.110083500418528324 1.352550594634292835 7.564029708953679075e-17 1.44501654886776869e-16 0.2659180353459417723 1.664120811723008456e-16 -1.715362155687145907e-17
909 6.116825861517130036 1.354331957184925939 7.677354096234326769e-17 1.442764989814423369e-16 0.2642590339628671514 1.681128476433614321e-16 -3.340110749133624457e-17
910 6.123566832767647128 1.356105095806892313 7.791905543534163169e-17 1.439773951611305101e-16 0.263093224350974153 1.699681528044464857e-16 -4.438016719429718331e-17
911 6.130306415766565209 1.35787438766184354 7.909891764096201478e-17 1.436624044947420964e-16 0.2625764765877640072 1.751005974191854565e-16 -4.674702995260283341e-17
912 6.137044612112039665 1.359644163549488027 8.028525897675352855e-17 1.434008583274797057e-16 0.2627023098877335205 1.76098347482034229e-16 -3.882343677626259969e-17
913 6.143781423403880559 1.361417882495898235 8.145932637522590694e-17 1.432886267247832407e-16 0.2633416894423483146 1.743122228347723148e-16 -1.666287656380160405e-17
914 6.150516851243529537 1.363197610284270223 8.252474493655269784e-17 1.434160878713247519e-16 0.264288035882630945 1.582137340359898652e-16 1.892786991971455193e-17
915 6.157250897234027853 1.364984072267970916 8.338724624128921345e-17 1.438485647116294777e-16 0.2653424440052665756 1.281069545529424484e-16 6.423560245284903182e-17
916 6.163983562979977293 1.366777122007523548 8.401922751238611323e-17 1.445889156711023099e-16 0.2663754659269471636 9.388713644248359528e-17 1.099865371432678993e-16
917 6.170714850087493097 1.368576234433601435 8.436294915964895087e-17 1.455800385028038128e-16 0.2673308269479512389 5.107373551024191675e-17 1.472713335560605988e-16
918 6.177444760164148896 1.370380930801097019 8.44870092672308416e-17 1.467435829825098936e-16 0.2682153633877730203 1.84379086899686137e-17 1.729268762674296865e-16
919 6.184173294818916311 1.372191019431618253 8.453272679776899347e-17 1.479923592234840371e-16 0.2690717039053429072 6.795962160539317083e-18 1.856319880086084624e-16
920 6.190900455662101898 1.374006625681945204 8.467342531887128722e-17 1.492772471891384242e-16 0.2699469678055650967 2.091925996589407982e-17 1.910390043192400827e-16
921 6.197626244305279641 1.375827962125485193 8.505376107412153565e-17 1.505515983084142616e-16 0.2708541361328450914 5.656039706124957021e-17 1.895109894526299442e-16
922 6.204350662361227897 1.377651648594786282 8.566310976813876965e-17 1.517669117716846255e-16 0.2712588361153935312 9.063576459548889394e-17 1.807681973362623601e-16
923 6.211073711443858336 1.379470577013798716 8.645032893858076856e-17 1.528451356822028404e-16 0.2706061509038573121 1.171164007359303849e-16 1.604098430636689302e-16
924 6.217795393168153772 1.381277705494556418 8.735534779720019361e-17 1.538311691882026566e-16 0.2689052844556856781 1.346690930977862145e-16 1.467242773477559242e-16
925 6.22451570915010155 1.383069508595788921 8.824458823288923211e-17 1.547269558192033136e-16 0.2666789611674279525 1.323480886122550448e-16 1.333223767827033046e-16
926 6.231234661006627817 1.384846284572352593 8.893406561784465456e-17 1.554694535324363184e-16 0.264496069092413133 1.026376203045721568e-16 1.105303814609528187e-16
927 6.237952250355537132 1.386611480417538234 8.928044260441247071e-17 1.559963008407679491e-16 0.2628254615997395738 5.157313939442105992e-17 7.844392302559142906e-17
928 6.244668478815449397 1.388370395930952572 8.923322996269074476e-17 1.562977603284709866e-16 0.2619433772378449987 -7.031059039842134421e-18 4.489432022578602981e-17
929 6.251383348005736806 1.390128703955848533 8.877930141516915726e-17 1.563617927721130218e-16 0.2619058616683798135 -6.761417549780393524e-17 9.53784666244088313e-18
930 6.258096859546468771 1.391891198674278352 8.799308411016589751e-17 1.562278737035791494e-16 0.2625825214134696606 -1.171333565813945295e-16 -1.995172315313259834e-17
931 6.264809015058352415 1.393661021951649648 8.707951364318476072e-17 1.559996160735578635e-16 0.2637275713967416335 -1.36134338177868682e-16 -3.401346969947486016e-17
932 6.27151981616268106 1.395439376788274011 8.626374514925902755e-17 1.55820879131560483e-16 0.2650523190845737176 -1.215850328056979745e-16 -2.663958845941938786e-17
933 6.278229264481286265 1.397226158014682751 8.572769126162896717e-17 1.558956180305533856e-16 0.2663618586713368819 -7.991146747390633792e-17 1.11415945928705911e-17
934 6.284937361636492525 1.399020612796386454 8.566397864384619926e-17 1.563111503200813081e-16 0.2675596108313832433 -9.499778647428456394e-18 6.195734704911551477e-17
935 6.291644109251081751 1.400821928077964795 8.621552803847539674e-17 1.570991790700675463e-16 0.2686365262216831029 8.22545142031117261e-17 1.175215178176022118e-16
936 6.298349508948261288 1.402629606645394711 8.734797337563857497e-17 1.581316229758918008e-16 0.2696396431626268408 1.68919498253496353e-16 1.540029357916668853e-16
937 6.305053562351639052 1.404443583854474209 8.891707578460276456e-17 1.591892171666063506e-16 0.2706334530092336377 2.340997455412237056e-16 1.577860880957990913e-16
938 6.311756271085203096 1.40626405331538451 9.0622460216963454e-17 1.600714742874638885e-16 0.271656486996676827 2.544831175812510722e-16 1.316533318609535142e-16
939 6.318457636773306518 1.408087928864181659 9.202842072136024893e-17 1.606109150634371062e-16 0.2722192451875671826 2.098440913486882021e-16 8.051325703427151577e-17
940 6.325157661040659463 1.409909053067961215 9.277427733737853886e-17 1.606821246949409225e-16 0.2718629622704769044 1.113437450553489137e-16 1.063039046026549615e-17
941 6.331856345512315798 1.411720038401802491 9.269673947218780199e-17 1.602591360512343885e-16 0.2704034183622657239 -1.157740121264147759e-17 -6.315764851836741739e-17
942 6.338553691813666902 1.413514776207321244 9.193500049037253827e-17 1.5951581798789207e-16 0.2680309424138813124 -1.137601361834093655e-16 -1.110091069671914784e-16
943 6.345249701570433665 1.415291413421763789 9.081904472958877531e-17 1.587094867122365856e-16 0.265380658116386059 -1.666930489905812731e-16 -1.204436802594020868e-16
944 6.351944376408655835 1.417052263076336915 8.970602795538125563e-17 1.580859513563662676e-16 0.2630748248040681303 -1.662871626309397719e-16 -9.315755838592330269e-17
945 6.358637717954676027 1.418802711938733196 8.891372840240111893e-17 1.578240061404877527e-16 0.2615729644258744102 -1.183948570211908649e-16 -3.914298104128883847e-17
946 6.365329727835124629 1.420549532366532919 8.865518019014451816e-17 1.580375584565088076e-16 0.2610826506588909135 -3.864304052368730152e-17 3.191787995710127172e-17
947 6.372020407676896703 1.422299154550018763 8.89395305282410896e-17 1.587680293166741876e-16 0.2615533361844605276 4.250790843664527552e-17 1.091990558105187382e-16
948 6.378709759107122679 1.424056409575321203 8.968722894351754185e-17 1.59973150507230057e-16 0.2627464936675152352 1.117965998707756924e-16 1.801909015502624606e-16
949 6.385397783753138157 1.425823773172956832 9.06483983527212627e-17 1.615047491215250571e-16 0.2643103074187601043 1.437434732547482036e-16 2.29051509903245982e-16
950 6.392084483242444826 1.427601672291997748 9.155589586264492918e-17 1.63168254394528415e-16 0.2659385395254928453 1.357436762454222812e-16 2.48827482986831113e-16
951 6.398769859202669608 1.429389386411121343 9.223688394498186492e-17 1.646878346911039261e-16 0.2674595542442668172 1.018824917245646552e-16 2.27344106315896029e-16
952 6.405453913261515808 1.431185813926201034 9.264108664217634594e-17 1.658026930182126491e-16 0.2688162618505800516 6.048463251517699634e-17 1.668266854469119846e-16
953 6.412136647046714266 1.432990049128683552 9.289485455835398409e-17 1.663366788684106236e-16 0.2700378834241339288 3.798116280586747006e-17 7.992107047213140744e-17
954 6.418818062185969175 1.43480166275787524 9.321886001974177151e-17 1.662572230465707297e-16 0.2711956615598405396 4.850309913447930109e-17 -1.189440939360841707e-17
955 6.425498160306904794 1.436620644007196468 9.383840221195317602e-17 1.656343457861544448e-16 0.2723522118967370287 9.276274094364867981e-17 -9.326209364602742127e-17
956 6.432176943037006822 1.438444223488507756 9.455922837335013254e-17 1.64596039254860996e-16 0.2730944150310125051 1.079490095733089719e-16 -1.554940257293229629e-16
957 6.438854412003569117 1.440266264084612002 9.531654759017766717e-17 1.633861032529312148e-16 0.272917584544733749 1.134364030240623699e-16 -1.812324115096174255e-16
958 6.44553056883363773 1.442080561564309082 9.600752642807871335e-17 1.622367703357238818e-16 0.2718111238267212904 1.035198122535702939e-16 -1.721886710272731955e-16
959 6.452205415153958512 1.443880224373194299 9.624859365828755412e-17 1.612350220269847444e-16 0.2696714936992232747 3.612285575464067327e-17 -1.501075431434222058e-16
960 6.458878952590928257 1.445660454168768538 9.612294175888987798e-17 1.606429508912699844e-16 0.2668118076939043903 -1.883206904064413976e-17 -8.873661725927609307e-17
961 6.465551182770548522 1.447421192518999256 9.580984192265123094e-17 1.605936614163212578e-16 0.2639421773704925256 -4.693499888858968969e-17 -7.388702209906799963e-18
962 6.472222107318386541 1.449166665682552591 9.546283321993522877e-17 1.611437138748637768e-16 0.2617050179666623455 -5.20282526681828755e-17 8.247132728894982445e-17
963 6.478891727859539706 1.450903880423445091 9.531548244600297747e-17 1.621706575815304611e-16 0.26051767469001752 -2.209714210051001631e-17 1.540034056819536037e-16
964 6.485560046018603586 1.452640614464166813 9.552008763318430474e-17 1.634694888678725728e-16 0.26049640135169011 3.068916351548907134e-17 1.948144437328469028e-16
965 6.492227063419650612 1.454383581204781395 9.606684895015880061e-17 1.648071500241921258e-16 0.2614822095556594839 8.202586654731460354e-17 2.006777218639832172e-16
966 6.498892781686206099 1.456137272433717822 9.695195983799747323e-17 1.659537049136758763e-16 0.2631423335047329837 1.328113755678422266e-16 1.720411918197136827e-16
967 6.505557202441238474 1.457903353202965269 9.802123243031629312e-17 1.668134231002886292e-16 0.2650529300875967276 1.604761450277344763e-16 1.290262757962047352e-16
968 6.512220327307143286 1.459681625884674316 9.913796117606487886e-17 1.673154157969405294e-16 0.2669345392967558683 1.676309130382375846e-16 7.53535667445162733e-17
969 6.518882157905738772 1.461470968872806697 1.001810942286102516e-16 1.674056798754681066e-16 0.2686484186244335604 1.566139341869250845e-16 1.355207029387673473e-17
970 6.525542695858257858 1.463270126209538446 1.009945961323212071e-16 1.671198290918321393e-16 0.2701742939450575975 1.221612462517157424e-16 -4.292539182970067897e-17
971 6.532201942785345494 1.465078212255438661 1.014870128975991036e-16 1.665480738739335401e-16 0.2715676752225294477 7.395913291313580521e-17 -8.587546796965085911e-17
972 6.538859900307051554 1.466894849872101059 1.016460207955046171e-16 1.658005781555660395e-16 0.2729048741744198314 2.38870041953486894e-17 -1.122927451770980852e-16
973 6.545516570042826388 1.468717823258140154 1.008458030031158928e-16 1.649798150626923829e-16 0.2739095902175429642 -1.202361643217575665e-16 -1.23323184066434413e-16
974 6.552171953611511057 1.470540719190492451 9.920994970220473513e-17 1.641926969585656324e-16 0.2739508274409391819 -2.458414424011062313e-16 -1.182907110012637408e-16
975 6.558826052631326675 1.472357209914805232 9.699637668557027366e-17 1.634549704027498448e-16 0.2730408747424516447 -3.32727222153484458e-16 -1.108893656458867975e-16
976 6.565478868719856642 1.474161989858245869 9.451871030963979108e-17 1.626998973789256084e-16 0.2713328584628081352 -3.724954405337697853e-16 -1.135186162983488622e-16
977 6.572130403494027995 1.475949152782221274 9.17540506809613586e-17 1.616288384414871619e-16 0.2687359963695043485 -4.157223440394442587e-16 -1.610553167042672811e-16
978 6.578780658570084761 1.477715183755022643 8.914017859125441122e-17 1.60374965211999884e-16 0.2656094275157093731 -3.931239485823030072e-16 -1.885813758594996014e-16
979 6.58542963556355776 1.479461559718074026 8.710252328626675067e-17 1.591468671041986842e-16 0.262703765957488844 -3.0652032189462542e-16 -1.847402877218666048e-16
980 6.59207733608922819 1.481193983696418304 8.587146698975779997e-17 1.581493063664913786e-16 0.2606549841787890176 -1.85220802471469005e-16 -1.500898057027520781e-16
981 6.598723761761088547 1.482920560960258261 8.552212430277995116e-17 1.576626513636422646e-16 0.2598250802692299022 -5.257105696134387436e-17 -7.323458835400047437e-17
982 6.605368914192296437 1.484649603253195949 8.598259276903898583e-17 1.577732769799681735e-16 0.2602458328572508917 6.930715344301187555e-17 1.665075271650390784e-17
983 6.612012794995129283 1.48638784180001271 8.713218194773355421e-17 1.584700026588023732e-16 0.2616800235430394306 1.730628537127485827e-16 1.048873253755929501e-16
984 6.618655405780934586 1.488139227881479343 8.882307153163522133e-17 1.5962691726501439e-16 0.2637096510738544675 2.54600574307252064e-16 1.741989104258118814e-16
985 6.625296748160080185 1.489904854478490748 9.096238915235895265e-17 1.610991053367262469e-16 0.2659045932916454524 3.221827213200391577e-16 2.217125473301923085e-16
986 6.631936823741907183 1.491684156843281484 9.344993752239955143e-17 1.626651896304726948e-16 0.2680152406111372954 3.746979086416548224e-16 2.358983313412963044e-16
987 6.638575634134680215 1.493475838695571545 9.608966262715332013e-17 1.64146306900147322e-16 0.2699313320633635604 3.976958927705426909e-16 2.231422710646485499e-16
988 6.645213180945546583 1.495278620847032336 9.875062914276845825e-17 1.654322214192726169e-16 0.2716553307005429296 4.009723183673279749e-16 1.937702421019292963e-16
989 6.651849465780494519 1.497091663279842333 1.011983155657948602e-16 1.664497908702368737e-16 0.2732533154466218472 3.689039032743669927e-16 1.533633306873218684e-16
990 6.65848449024432032 1.498912854953331042 1.031977149952778888e-16 1.671983946057966933e-16 0.2745336143708435594 3.013973542364656809e-16 1.128474790690533238e-16
991 6.665118255940599035 1.500735604215276409 1.043024727583827735e-16 1.676789019374980186e-16 0.2748204926400140691 1.665671077437903541e-16 7.244729945706600557e-17
992 6.671750764471660489 1.502553139164697793 1.044765769302427446e-16 1.679167019290934764e-16 0.2740862033902474737 2.625509428288821505e-17 3.586049164192686964e-17
993 6.678382017438572404 1.504360237035171632 1.038220059167254591e-16 1.679079690614814541e-16 0.2725638223740660671 -9.872867450878594915e-17 -1.317174800276497312e-18
994 6.68501201644113241 1.50615311904514515 1.023935132317229032e-16 1.675479069828717375e-16 0.2704707402815166306 -2.154996658174173863e-16 -5.431827438008783552e-17
995 6.691640763077857379 1.507927355594698593 9.990672493447556485e-17 1.666380534878161492e-16 0.2677084354115802922 -3.752229117495397387e-16 -1.372846567028450939e-16
996 6.698268258945986098 1.509680512663916119 9.696695854547635333e-17 1.652969388489040551e-16 0.26457769379606072 -4.436548357003175184e-16 -2.023943116733141351e-16
997 6.704894505641480151 1.511415110308536036 9.421162524683996099e-17 1.637738300143719338e-16 0.2618260944405708113 -4.158994212298116879e-16 -2.299032509299023869e-16
998 6.711519504759028365 1.51313766311997111 9.219303058425438203e-17 1.62341005684611613e-16 0.2600569158966301586 -3.047508900235434644e-16 -2.163160825871532029e-16
999 6.718143257892053022 1.514856714169987351 9.11465173381591435e-17 1.612054362576523884e-16 0.2595770148948560174 -1.580236866536176045e-16 -1.714711858342805454e-16
1000 6.724765766632715192 1.516580630056350465 9.109325172645069829e-17 1.60554762765851027e-16 0.2603604661393277842 -8.04462654083702536e-18 -9.827025492949227376e-17
1001 6.731387032571917395 1.518315976842649961 9.179277820694846221e-17 1.60443601822315473e-16 0.262135997637606144 1.056682579452819229e-16 -1.679162059254471104e-17
1002 6.73800705729930538 1.520066155129596197 9.291106580733762565e-17 1.608328576564779271e-16 0.2644259119244590783 1.689566261518932191e-16 5.881076784464240671e-17
1003 6.744625842403263682 1.52183203037342385 9.41770013031741618e-17 1.616444468544003645e-16 0.2668474021835056664 1.912998098685834716e-16 1.226419985572503102e-16
1004 6.751243389470906742 1.523612967004373653 9.546222056979745802e-17 1.627490432766111593e-16 0.2691736730635060915 1.942501404468789797e-16 1.669505085426480967e-16
1005 6.75785970008806558 1.52540770674597348 9.668834456697298835e-17 1.640376212673391957e-16 0.2713105350719570708 1.85352979057416137e-16 1.947941398092299645e-16
1006 6.764474775839266485 1.527215040186573836 9.783036463209208638e-17 1.654080507312527755e-16 0.2732652689000950597 1.726711923619452845e-16 2.072062451522883693e-16
1007 6.771088618307703477 1.529032843841971356 9.864289082268162423e-17 1.66561586270451859e-16 0.2748995395783259688 1.228752483939440849e-16 1.74444796428639381e-16
1008 6.777701229075207223 1.530854521033738758 9.885054889385919532e-17 1.672365048518887471e-16 0.2755365768561153228 3.14091839912098024e-17 1.020843629300103254e-16
1009 6.784312609722207732 1.532672645882266149 9.864690836855248463e-17 1.673883427443708384e-16 0.2750503800084875827 -3.080723742162460432e-17 2.297040825371082337e-17
1010 6.790922761827691723 1.534481466898792057 9.82885587719143502e-17 1.670802523862265351e-16 0.2736936760225022192 -5.42220692423424322e-17 -4.661731696901382577e-17
1011 6.797531686969159992 1.536277346898941243 9.79797350762824822e-17 1.663780796130937809e-16 0.2717859568634091727 -4.673694434618912748e-17 -1.062658412663828745e-16
1012 6.804139386722578564 1.538058183791327416 9.768507141287568287e-17 1.653592164867767802e-16 0.2695592792018511319 -4.460224575002327625e-17 -1.542218779887029068e-16
1013 6.810745862662338723 1.539821099596281107 9.703317759155669133e-17 1.640647370263044659e-16 0.2668960020801559585 -9.869322981953805191e-17 -1.959772507592930018e-16
1014 6.817351116361209051 1.541564257302998842 9.625567406649813205e-17 1.628917204423203061e-16 0.2639535112921691518 -1.177316227271664465e-16 -1.77621247322230281e-16
1015 6.823955149390299013 1.543290564266613041 9.560794507235402862e-17 1.621522587306064903e-16 0.2614501911230081022 -9.809893193058319026e-17 -1.119919052234804721e-16
1016 6.830557963319021653 1.545006678326302119 9.520433206481004882e-17 1.620997864771557026e-16 0.2599544044705322521 -6.113869787400278245e-17 -7.948418882775693173e-18
1017 6.837159559715067836 1.546721074987861488 9.514312776573343654e-17 1.626901199352308614e-16 0.2597420981894912884 -9.272844153765765053e-18 8.94393079909711085e-17
1018 6.843759940144383158 1.548441945028053546 9.532404765819504722e-17 1.637407089809854937e-16 0.2607708357708047875 2.741556913822070613e-17 1.592002749275059047e-16
1019 6.850359106171157286 1.550175690006698748 9.57429006488678979e-17 1.64971369007894527e-16 0.262770124248710657 6.34822616686391987e-17 1.865214850868640879e-16
1020 6.856957059357815076 1.551925458054038698 9.63221434159047985e-17 1.661046831303183987e-16 0.2652473102559354534 8.780740177266493563e-17 1.717990696566943613e-16
1021 6.863553801265024568 1.553692191955588164 9.706385298142903094e-17 1.669395860116881108e-16 0.2678682859159768337 1.124563635702126055e-16 1.265861279634035781e-16
1022 6.870149333451704088 1.555475418765525752 9.803700586293210523e-17 1.673989441765483686e-16 0.2704184391951316435 1.47574319681476269e-16 6.965962898314537505e-17
1023 6.876743657475040017 1.557274035862967532 9.932303096085987364e-17 1.675501725359408475e-16 0.2728022245169013371 1.950556947325095381e-16 2.2937307173933442e-17
1024 6.883336774890511656 1.559086328126605858 1.003746386110369081e-16 1.671320419853050826e-16 0.2749266319513576917 1.595299804552757424e-16 -6.343084187286561212e-17
1025 6.889928687251911654 1.560905928452450242 1.006558168333157334e-16 1.659778654187880388e-16 0.2760856782849789859 4.266281947426766512e-17 -1.751217647642655353e-16
1026 6.896519396111377098 1.562724548987532991 1.003407673090755616e-16 1.64381169739781665e-16 0.2759873478340120201 -4.781078897663454918e-17 -2.42308825423530744e-16
1027 6.903108903019412601 1.564535462429846868 9.97137458360284403e-17 1.62804813629157848e-16 0.2748678193404150427 -9.517187345843640218e-17 -2.392657520270400382e-16
1028 6.909697209524915174 1.566334360449510577 9.904867773160100134e-17 1.615298521466658831e-16 0.2730937636320567852 -1.009651184916449307e-16 -1.935540680648131835e-16
1029 6.916284317175191987 1.56811921255868425 9.846955088016984941e-17 1.607195915175618986e-16 0.2710106905225099228 -8.79342143249842085e-17 -1.230294047714291877e-16
1030 6.922870227515970143 1.569889479994972081 9.792457747808755014e-17 1.603128456976593562e-16 0.2688449766513991701 -8.276340543532654622e-17 -6.177121502277519733e-17
1031 6.929454942091401115 1.571643918238476711 9.668123111820982837e-17 1.597745154494656605e-16 0.2664893779508513694 -1.888573731494791978e-16 -8.176936036614018707e-17
1032 6.936038462444051866 1.573381105441669536 9.462968919457909541e-17 1.589589350254368376e-16 0.2639168528315261608 -3.116742323115492364e-16 -1.239045615493175612e-16
1033 6.942620790114887086 1.575103590692548128 9.239458806947089341e-17 1.580894884533286563e-16 0.2617306666496017065 -3.39622360891324622e-16 -1.321119184144086517e-16
1034 6.949201926643242544 1.576817453482487252 9.045601357549955261e-17 1.574639912719343958e-16 0.2604675706133122159 -2.946185609850217261e-16 -9.506112870857021287e-17
1035 6.955781873566783347 1.578530601976661396 8.941215637055737318e-17 1.573426154015154652e-16 0.2604060328123140589 -1.586708417197567285e-16 -1.844966096191903741e-17
1036 6.962360632421455975 1.580250962150154814 8.93789350837670114e-17 1.578011834112068758e-16 0.2615494121241150327 -5.050691223792489638e-18 6.971690882041514564e-17
1037 6.968938204741431441 1.581984657071332512 9.035012829784746624e-17 1.587848125512321128e-16 0.2636242115082192972 1.476788344688602269e-16 1.495698310516602658e-16
1038 6.975514592059041341 1.583735011831342687 9.208511995830416476e-17 1.600867252499763904e-16 0.2662053985083359664 2.638688778598403724e-16 1.980033972029026004e-16
1039 6.982089795904711238 1.585503351949868467 9.424418463610174544e-17 1.615301667457394001e-16 0.2689890823058098124 3.284237122911850101e-16 2.195674911402875863e-16
1040 6.988663817806891387 1.587289593882418748 9.660950819223282357e-17 1.62864704603691431e-16 0.2717609935672506416 3.598631674738990733e-16 2.030381929912333215e-16
1041 6.995236659291989234 1.589092830676255064 9.895000814207335019e-17 1.640263299306404355e-16 0.2743958273123223157 3.561503526636977241e-16 1.767627766384534802e-16
1042 7.001808321884306352 1.590907297412225141 1.008733089077128401e-16 1.646391325336189912e-16 0.2761541461175383017 2.927182241113892857e-16 9.326595864743957529e-17
1043 7.008378807105983377 1.592724171479136253 1.022199197013077796e-16 1.646667462407901876e-16 0.2765700265144370174 2.049851388557449225e-16 4.203441429201903962e-18
1044 7.014948116476954709 1.594535753473492301 1.029821308546503862e-16 1.642130442775309884e-16 0.2758137559423670671 1.160468152584589987e-16 -6.907622340849661166e-17
1045 7.021516251514912987 1.596336794979013041 1.032855464846938834e-16 1.635085313858772595e-16 0.2742579361781903313 4.620334636645069068e-17 -1.072813986149647471e-16
1046 7.028083213735290435 1.598124657060393972 1.032972280245173294e-16 1.627198187654385429e-16 0.2722995758264177835 1.779151967062489626e-18 -1.201245410543820576e-16
1047 7.034649004651249982 1.599898848976409438 1.031977040774163611e-16 1.619913690532573314e-16 0.2702656989523179454 -1.516065363782409214e-17 -1.109659946238579443e-16
1048 7.041213625773697693 1.601660153743708292 1.030557480520224097e-16 1.613656143528440013e-16 0.2683503349346215705 -2.162825404650129659e-17 -9.533925448936227302e-17
1049 7.047777078611302315 1.603409010302169646 1.026599371612145134e-16 1.605908393433036271e-16 0.2665011160251167799 -6.031600683592317462e-17 -1.180648028060966805e-16
1050 7.054339364670533463 1.605144155076743573 1.021614898925577688e-16 1.59728562461248955e-16 0.2644585934912669356 -7.59698357913114622e-17 -1.314221929891829748e-16
1051 7.060900485455708697 1.606867043867530542 1.019831783616130252e-16 1.591043418987635907e-16 0.2626372074212237617 -2.718181393294675274e-17 -9.515619709335881519e-17
1052 7.067460442469049475 1.608582522765167777 1.023569510005242745e-16 1.588961126984690845e-16 0.2615539844131570812 5.698800673474036247e-17 -3.174808916810527492e-17
1053 7.074019237210740663 1.61029752557423711 1.034848713280209495e-16 1.592700986535921053e-16 0.2615276816869422927 1.720011109123793965e-16 5.70306236873598568e-17
1054 7.080576871178996257 1.612019608258267844 1.052783846484633555e-16 1.602003808527654676e-16 0.262653752993502243 2.735484242576749515e-16 1.418875604648797445e-16
1055 7.087133345870120671 1.613754734150961045 1.075834416841834452e-16 1.615693807325808996e-16 0.2646898566349736859 3.516316705834015416e-16 2.088380926407710509e-16
1056 7.093688662778565579 1.615506705232476747 1.102240581663895135e-16 1.631497502448996683e-16 0.2673067053917053681 4.028916341763324085e-16 2.411246236290349024e-16
1057 7.100242823396976988 1.617277471248415033 1.129610787449577919e-16 1.646785759869308435e-16 0.2702219507779015095 4.176740650108369752e-16 2.333014473356252506e-16
1058 7.106795829216232541 1.619067442491769926 1.155302333116416633e-16 1.659532779502925196e-16 0.2732007841802504 3.921264349380130601e-16 1.945559613202538692e-16
1059 7.113347681725461946 1.620872086263609013 1.175138760283274259e-16 1.662132065814951617e-16 0.275488662691197983 3.028138227634972779e-16 3.967951577069577994e-17
1060 7.119898382412052307 1.622682976572768387 1.187229093822684689e-16 1.654187930324718462e-16 0.2764907837184559236 1.845979173239418873e-16 -1.212928379234573061e-16
1061 7.126447932761633908 1.624491979319277579 1.191913303958881712e-16 1.639298470354490931e-16 0.2762510434796357495 7.15321157195289207e-17 -2.273754897034326557e-16
1062 7.132996334258051796 1.626293027563974869 1.192016276882029067e-16 1.622504117008844684e-16 0.2750845179122092254 1.572765027556527626e-18 -2.565098745875503115e-16
1063 7.13954358838331693 1.628082643055187573 1.191154697793011518e-16 1.608584325618384869e-16 0.2733861749880559522 -1.316169941268367894e-17 -2.126422431832468569e-16
1064 7.146089696617542231 1.629859731443626281 1.191808316718768406e-16 1.600780212720223254e-16 0.2715199712256786135 9.986593411371213616e-18 -1.192384421245556794e-16
1065 7.152634660438865311 1.631624971653813594 1.19527908707519469e-16 1.599886386022136995e-16 0.269756804372405512 5.303889604693830027e-17 -1.365909479893796679e-17
1066 7.15917848132336232 1.633379937641025403 1.200674519832314567e-16 1.604271372733096006e-16 0.2682335285174423656 8.246518604158828935e-17 6.70212680219105928e-17
1067 7.165721160744953799 1.63512586849389896 1.203298784390825507e-16 1.60894733094525685e-16 0.26689907956096659 4.011692639707198332e-17 7.14810062974308005e-17
1068 7.172262700175308758 1.636861701944741787 1.193820524547419943e-16 1.603466167964388463e-16 0.2654016894593761999 -1.449186368861303787e-16 -8.380469420141583556e-17
1069 7.178803101083753191 1.638587446882288745 1.175962539118999814e-16 1.591354014554780247e-16 0.2639050780374958549 -2.730886201977557125e-16 -1.852219711742769659e-16
1070 7.185342364937182147 1.64030654886986671 1.155745599279990528e-16 1.577184351828261448e-16 0.2629348826571868969 -3.092160175875496082e-16 -2.167235354976279088e-16
1071 7.191880493199986013 1.642024974699255235 1.138627602678744455e-16 1.566511584910618607e-16 0.262877064620480605 -2.618634230096740125e-16 -1.632671943535116269e-16
1072 7.198417487333991005 1.643749994851784413 1.128392142494553447e-16 1.56328437144098183e-16 0.2639315661629204612 -1.566046073636270311e-16 -4.937701766176477399e-17
1073 7.204953348798414758 1.645487617756191456 1.125771873788177374e-16 1.568652908714672963e-16 0.265905835061203355 -4.009758024520680482e-17 8.215392322451159592e-17
1074 7.211488079049847677 1.647242219456154899 1.129618734633718011e-16 1.581338412730513454e-16 0.2685505032030718886 5.887811552009858468e-17 1.941579383463104502e-16
1075 7.218021679542253821 1.649016353414108682 1.137543253126062346e-16 1.599011226949126794e-16 0.2715869134656866413 1.213096400296497895e-16 2.70537917633984706e-16
1076 7.224554151726993112 1.650807575835219421 1.142699278737461689e-16 1.611446320069490123e-16 0.2742501478240473856 7.894278060867476924e-17 1.903909914409563471e-16
1077 7.231085497052866629 1.652608835225219508 1.142594741401261839e-16 1.615148400820450858e-16 0.2758344150596911404 -1.600824131307668585e-18 5.669151728585568369e-17
1078 7.237615716966180557 1.654412287529129166 1.137644707925923233e-16 1.611273404264841667e-16 0.2762177672375059623 -7.581499057917125592e-17 -5.934966476923425235e-17
1079 7.244144812910827014 1.656211374407185355 1.130892567909280516e-16 1.603313262722299198e-16 0.2755965386163258257 -1.034339386016756779e-16 -1.219389392907430083e-16
1080 7.250672786328377306 1.658001741307025378 1.125071334687604144e-16 1.594845930255772878e-16 0.2743078607223289334 -8.918898310433210205e-17 -1.297307191685213856e-16
1081 7.257199638658184071 1.659781368538883584 1.122840792579742127e-16 1.588460713249541859e-16 0.2727091836756957433 -3.418071529250012251e-17 -9.784674487943956795e-17
1082 7.263725371337486081 1.661550212420974892 1.124989732169524289e-16 1.585559439802036859e-16 0.2711032033915651285 3.293588612218781928e-17 -4.446658823296215628e-17
1083 7.270249985801508608 1.663309556171665982 1.130758876725411179e-16 1.585597331204448268e-16 0.2696933204303595955 8.843637013566373903e-17 5.808448819662406346e-19
1084 7.276773483483555793 1.665061198107854912 1.13765311552769651e-16 1.586654200821079552e-16 0.2685586105124694312 1.057012369383707703e-16 1.620373604167412615e-17
1085 7.283295865815093251 1.666806546942492862 1.142279879188728658e-16 1.584573612764928059e-16 0.2676394720649648562 7.094883034456291893e-17 -3.190465297721503082e-17
1086 7.289817134225809347 1.668545527587170119 1.137451836778952328e-16 1.570558010149620475e-16 0.2667084447963065097 -7.404795944472087067e-17 -2.149580898357672404e-16
1087 7.296337290143651622 1.670277165723406787 1.123944412290605029e-16 1.543784141876408467e-16 0.265627584372183756 -2.071994409713646612e-16 -4.107023173541555188e-16
1088 7.302856334994846321 1.67200324074355211 1.107879799570726084e-16 1.510568116627059838e-16 0.2648192970301773141 -2.464678184834628701e-16 -5.096096261174144516e-16
1089 7.309374270203883306 1.673728479208786313 1.097038560049174174e-16 1.478830829102372886e-16 0.2647359624535614575 -1.66357639060517382e-16 -4.870052185726406712e-16
1090 7.315891097193480519 1.675459462775927832 1.095097547138620659e-16 1.45606970236696745e-16 0.265662661438825165 -2.978969098801287725e-17 -3.493263379651533782e-16
1091 7.322406817384517375 1.677202163456805506 1.10443233798090216e-16 1.445575589096262476e-16 0.2675063271306956647 1.432899889322570522e-16 -1.610857061309003488e-16
1092 7.328921432195950381 1.678961407818367446 1.12279552286480773e-16 1.447608590039179838e-16 0.2700915684969743547 2.819245305689190169e-16 3.121206044058866862e-17
1093 7.335434943044704781 1.680737454715295121 1.141367814615287668e-16 1.453790571820833653e-16 0.272717375029531417 2.851831594782227991e-16 9.492620081650815296e-17
1094 7.341947351345552875 1.682525772992439217 1.155166435979340585e-16 1.45899137474672656e-16 0.2746481208317302358 2.119178379006471647e-16 7.987340780824821914e-17
1095 7.348458658510984343 1.684320003462298487 1.161544718452480691e-16 1.461226356303176765e-16 0.2756026572686953724 9.79735673837755856e-17 3.4330419990723618e-17
1096 7.354968865951073909 1.686113981775397619 1.160007464901425472e-16 1.460821185183463728e-16 0.2756104221635006235 -2.36169577460933761e-17 -6.224678555876000326e-18
1097 7.361477975073350777 1.687902930443293759 1.152310504143986019e-16 1.459261606481628177e-16 0.2748840368387321931 -1.182689968897987644e-16 -2.396397934840618964e-17
1098 7.367985987282680505 1.689683952003704581 1.140958553956702974e-16 1.458309889978469713e-16 0.273712057943935827 -1.744597435823082142e-16 -1.462622847747310231e-17
1099 7.374492903981161085 1.69145600669666818 1.12856477940934362e-16 1.459484180788741925e-16 0.2723798058275297418 -1.90502805476860626e-16 1.804984372982941433e-17
1100 7.380998726568043899 1.693219537415520781 1.117585251362524845e-16 1.463676498543680965e-16 0.2711151352406416803 -1.687929900777931055e-16 6.4450297516879294e-17
1101 7.387503456439680427 1.694975879090976134 1.109431815810116597e-16 1.471002277717782333e-16 0.270055240924346518 -1.253672923234552943e-16 1.126412410220576214e-16
1102 7.394007094989496487 1.696726590900390796 1.104060465853455107e-16 1.480495271285659728e-16 0.2692347127453036948 -8.260376464358506377e-17 1.45988813384149434e-16
1103 7.400509643607997567 1.698472850679815904 1.099779710457202381e-16 1.49035645230151251e-16 0.2685950170163098893 -6.584298522168545094e-17 1.51676406566824474e-16
1104 7.407011103682810571 1.700215018539653844 1.092477073190197223e-16 1.498060707030804714e-16 0.2680104483800734294 -1.123418204069735727e-16 1.185201961321946336e-16
1105 7.413511476598746874 1.701952489941102709 1.070844019967919791e-16 1.495175494476780602e-16 0.2673326111384761727 -3.328527076754566485e-16 -4.439275403978688474e-17
1106 7.420010763737900916 1.703685861665373835 1.035600592456242129e-16 1.482257876903234306e-16 0.2667463286585893822 -5.423565393648457167e-16 -1.987875430590786121e-16
1107 7.426508966479763885 1.705418868065456062 9.966755223292480235e-17 1.466741336792034515e-16 0.2667345645983338343 -5.991127114008993207e-16 -2.388218283808533969e-16
1108 7.433006086201356055 1.707157231235552297 9.634212801570466758e-17 1.454825922718186561e-16 0.2676035992637497141 -5.119157520794182358e-16 -1.834258656494217133e-16
1109 7.439502124277371564 1.708906463866953329 9.381560879933280048e-17 1.444203539890386577e-16 0.2693216314055862926 -3.88997017844244655e-16 -1.635481422677585648e-16
1110 7.445997082080321405 1.710668928000572686 9.194944363084179289e-17 1.429604896385383573e-16 0.2714039113854929131 -2.873729549206295824e-16 -2.248062171934037751e-16
1111 7.452490960980673762 1.712443164477049917 9.07586465736198368e-17 1.411052816099974885e-16 0.273262090795610646 -1.834026624319083824e-16 -2.857330640312680117e-16
1112 7.45898376234697924 1.714225361460113506 9.025047892717068959e-17 1.389740469851484797e-16 0.2745336452840161368 -7.827929107773258992e-17 -3.28300191323167633e-16
1113 7.465475487545979227 1.7160108696749512 9.023763776116107462e-17 1.367388311715199931e-16 0.2750892600445261071 -1.978409747061586787e-18 -3.443747046925608423e-16
1114 7.471966137942685826 1.717795374646806206 9.051171260422757196e-17 1.345923260765269815e-16 0.2749801695045908101 4.223308311942199902e-17 -3.30761944725827763e-16
1115 7.478455714900435147 1.719575618675684536 9.08976431772680138e-17 1.326896878778523185e-16 0.2743689126654438315 5.947912194721882796e-17 -2.93232144188138122e-16
1116 7.484944219780902408 1.721349703202490034 9.12573388748636047e-17 1.312278431943018825e-16 0.2734647446402334592 5.54449861914330526e-17 -2.253348005974737623e-16
1117 7.491431653944086833 1.723117043216893629 9.149646878440347152e-17 1.303041787991896724e-16 0.2724700302497858884 3.686655264688390378e-17 -1.424009322630541258e-16
1118 7.497918018748257474 1.724878060137409186 9.163086931792777544e-17 1.300375080293910137e-16 0.2715399116471480245 2.072388321393150489e-17 -4.111928535519753638e-17
1119 7.504403315549870612 1.726633726589324791 9.171591266815398326e-17 1.304295692582239686e-16 0.2707594286957239471 1.311541203996643662e-17 6.046380519302746508e-17
1120 7.510887545703452517 1.728385101512179167 9.180720698006646545e-17 1.313341891620926453e-16 0.2701419694255112192 1.408175079793290868e-17 1.395336882032780246e-16
1121 7.517370710561467106 1.730132989848592429 9.198162631951118942e-17 1.325337947831970498e-16 0.2696484303400414895 2.690784080562486193e-17 1.850643236293177948e-16
1122 7.52385281147415963 1.731877838631828537 9.21577366978698906e-17 1.338204888689869067e-16 0.2692236487993596161 2.717317346276196523e-17 1.985320905702952689e-16
1123 7.530333849789395018 1.733620001560624235 9.228139356410321506e-17 1.34832859373554922e-16 0.2688532554715706291 1.908291727411695085e-17 1.562305691377794407e-16
1124 7.536813826852496234 1.735360557161044426 9.214100605052607573e-17 1.352335376603314524e-16 0.268649152189783802 -2.166836066105805733e-17 6.184340334625133855e-17
1125 7.543292744006087958 1.737102435092630071 9.159093120310206414e-17 1.346844148054298689e-16 0.2688971840049808049 -8.491615559400014218e-17 -8.47691946021696968e-17
1126 7.5497706025899598 1.738849617025822969 9.073741963554105269e-17 1.332257547628935791e-16 0.2697600001157264837 -1.317797970491143031e-16 -2.252130277722834395e-16
1127 7.556247403940950846 1.740605076270475005 8.992077625214772119e-17 1.311990325745390663e-16 0.2710821877863849871 -1.261080117273848519e-16 -3.129712561132245412e-16
1128 7.562723149392863498 1.742369601817733926 8.94919111958338907e-17 1.290958812004078839e-16 0.2725266084504513464 -6.623714769201129667e-17 -3.248265302478845791e-16
1129 7.569197840276413736 1.744141860289765367 8.96384233084998698e-17 1.274174384366837019e-16 0.2737654731109687156 2.263211516461924595e-17 -2.592735114838695786e-16
1130 7.575671477919218688 1.745919155563137037 9.034893391861798167e-17 1.263543166674221577e-16 0.2745881396466504643 1.097722981400984894e-16 -1.642499325875074221e-16
1131 7.582144063645822385 1.747698313142523885 9.146223226729910195e-17 1.25988243212342283e-16 0.274920485343007448 1.720300247134231549e-16 -5.656671062067245777e-17
1132 7.588615598777760596 1.749476402127308372 9.273822857975413106e-17 1.262430106834958915e-16 0.2747999183343786123 1.972025502987405047e-16 3.937377761538214576e-17
1133 7.59508608463365853 1.751251196910025509 9.387346983160066823e-17 1.269783260660813202e-16 0.2743352376712640539 1.754775716450691214e-16 1.136598564573641025e-16
1134 7.601555522529361397 1.753021373706061814 9.463493493035554597e-17 1.280403706155300831e-16 0.2736656964566089867 1.177209401031456304e-16 1.64189905744815674e-16
1135 7.608023913778086289 1.754786475676275881 9.494857714164538118e-17 1.292267545418973041e-16 0.2729252453933062039 4.849627892693122481e-17 1.834421635114826631e-16
1136 7.614491259690591818 1.756546706361789889 9.483026131975794136e-17 1.303642526297460837e-16 0.2722159770582067706 -1.829729325911100402e-17 1.759116892654267512e-16
1137 7.620957561575353978 1.758302638052325229 9.438263650981563935e-17 1.312635100518036044e-16 0.2715949424702779336 -6.923540087569748785e-17 1.390906998980313762e-16
1138 7.627422820738740228 1.760054936571981532 9.37723258263457943e-17 1.318055168888426202e-16 0.2710766543444153021 -9.441369511520920581e-17 8.384724313135464448e-17
1139 7.633887038485171139 1.761804197002878158 9.316096694428903567e-17 1.319246720017402457e-16 0.2706502173498178121 -9.459106910832017664e-17 1.843599536951299026e-17
1140 7.64035021611726517 1.763550969139429547 9.269824567993336738e-17 1.316552266179897088e-16 0.270308668006301378 -7.160497125464196543e-17 -4.169600674181020017e-17
1141 7.646812354935953238 1.765296036479268693 9.249300955025301888e-17 1.310144921817262656e-16 0.2700882183343602527 -3.176488341608193904e-17 -9.916799103684165712e-17
1142 7.653273456240560435 1.767040904109127286 9.265409119098973061e-17 1.300816047032513263e-16 0.2701006268530855015 2.493498726951188504e-17 -1.444083713902630298e-16
1143 7.659733521328849548 1.76878812624891868 9.325871522160641889e-17 1.290625968436515024e-16 0.2705084345945177882 9.360910459838984818e-17 -1.577648397774918617e-16
1144 7.666192551497022833 1.770540323533460025 9.435130403014909203e-17 1.281165515445925408e-16 0.2713221156076431329 1.69183863962346776e-16 -1.464920727054648985e-16
1145 7.672650548039682938 1.772299214708211945 9.582344422399413099e-17 1.274024576930011172e-16 0.2724021873946069761 2.279926209826188546e-16 -1.105928155026246727e-16
1146 7.679107512249753853 1.774065005992370381 9.750453349205971951e-17 1.270723474038216183e-16 0.2735144924893189722 2.603944657045611203e-16 -5.113285416031986992e-17
1147 7.685563445418368111 1.775836473962816742 9.921396164778978286e-17 1.271000617812205342e-16 0.2744375641560642953 2.648262949062137889e-16 4.29353866530421572e-18
1148 7.692018348834720243 1.777611483950520599 1.008421438783843255e-16 1.273760264736353481e-16 0.2750301177401041075 2.522797920489623356e-16 4.275953508584859022e-17
1149 7.698472223785903346 1.779387605343579315 1.022362420453500475e-16 1.277023057154823097e-16 0.2752461325818500448 2.160438641167056902e-16 5.056360438598766792e-17
1150 7.7049250715567279 1.781162619092029553 1.033343092145952377e-16 1.278852488718803272e-16 0.2751182198521504585 1.701948985716825442e-16 2.835527080638189539e-17
1151 7.711376893429536139 1.782934837947223627 1.041045367973675224e-16 1.277780660247147171e-16 0.2747286552774853563 1.194003705876787538e-16 -1.661544192711766762e-17
1152 7.717827690684027964 1.784703235289237799 1.045724938056734007e-16 1.273396661373478774e-16 0.2741797411583033472 7.255401733661392189e-17 -6.797135733373134348e-17
1153 7.724277464597094855 1.786467414182355107 1.047928301030805468e-16 1.266226528071741931e-16 0.273569046438696839 3.416727805364192829e-17 -1.111863733234252408e-16
1154 7.730726216442683096 1.788227466310802871 1.048248846148513251e-16 1.25807178624326675e-16 0.2729723239184892458 4.971440577649212719e-18 -1.264745965130760625e-16
1155 7.737173947491686299 1.789983782923664224 1.047337810351029371e-16 1.250786517265494425e-16 0.2724360485746474825 -1.413179098569172752e-17 -1.13007522594355543e-16
1156 7.743620659011877017 1.791736886455192135 1.044806681624494229e-16 1.246161346505108765e-16 0.2719806019152567478 -3.926852591346997969e-17 -7.175598615525695663e-17
1157 7.750066352267877434 1.793487349328384939 1.04107195773098051e-16 1.245360111740220467e-16 0.2716137792487654523 -5.795052764058959603e-17 -1.243250604680701179e-17
1158 7.756511028521174467 1.795235855011622528 1.036434198319254133e-16 1.248572295942980092e-16 0.2713528561589663712 -7.197398753774377569e-17 4.985030167666602728e-17
1159 7.762954689030180155 1.796983416149851243 1.031875464048699045e-16 1.254795487953412125e-16 0.2712489763932486864 -7.075872640371627499e-17 9.659372858561694456e-17
1160 7.769397335050325815 1.79873163654200563 1.028778728042089814e-16 1.262791445626627707e-16 0.2713939851603725528 -4.807377431329749007e-17 1.241293619412336728e-16
1161 7.775838967834196147 1.800482668451772961 1.028974972495631758e-16 1.270831144748398065e-16 0.2718731570797225938 3.046980403168341092e-18 1.248280154127695571e-16
1162 7.782279588631687339 1.802238369005433327 1.033659219270132095e-16 1.277244216114830364e-16 0.272640817954983905 7.274115562816941008e-17 9.958788355465703005e-17
1163 7.788719198690186474 1.803999776817679868 1.043673056008918436e-16 1.280472120163215116e-16 0.2735699776031859098 1.5552815613197509e-16 5.013362789027042003e-17
1164 7.795157799254761599 1.805766766489881547 1.057555820665906465e-16 1.280071407341348688e-16 0.2744798965402883706 2.156515041763321741e-16 -6.224575933781255466e-18
1165 7.80159539156834736 1.807538169318656074 1.073600430766599106e-16 1.27595968459666724e-16 0.2752084754923781462 2.492720805202606951e-16 -6.388049797763247395e-17
1166 7.808031976871926183 1.809312176556742369 1.089019583240442467e-16 1.268560918935538537e-16 0.2756561750276084743 2.395922915000126965e-16 -1.149665795204082626e-16
1167 7.814467556404685489 1.811086802315265532 1.101048011441163802e-16 1.259003061309448447e-16 0.2757953335956973562 1.869343072654689667e-16 -1.485390663235587297e-16
1168 7.820902131404147362 1.812860261446071597 1.107864588528127282e-16 1.248991363175926108e-16 0.2756570087222324772 1.059532309979377263e-16 -1.556164848559277634e-16
1169 7.827335703106265363 1.814631203826495121 1.108776311247957163e-16 1.24053350789256201e-16 0.2753086992836319968 1.417353827421939598e-17 -1.314848615365584876e-16
1170 7.833768272745479599 1.816398803604671208 1.104424549480576042e-16 1.234922387863895641e-16 0.274831822623762434 -6.766252366177038272e-17 -8.72434112902155282e-17
1171 7.840199841554728266 1.8181627310148194 1.095776454620898842e-16 1.232594092635616264e-16 0.2743034640255896384 -1.344841269308205023e-16 -3.620667396611067156e-17
1172 7.846630410765417452 1.819923048013664557 1.084688912260562403e-16 1.233120196929009187e-16 0.2737845249897034594 -1.724460719529141044e-16 8.182572465987470351e-18
1173 7.853059981607346529 1.821680076461144049 1.072737163353115348e-16 1.235393012315885874e-16 0.2733154396498728156 -1.859160283892742181e-16 3.535489351912819969e-17
1174 7.8594885553085998 1.823434290738729091 1.061584887824257792e-16 1.2378877964669004e-16 0.2729199607956091511 -1.735066598766700216e-16 3.881375276603628826e-17
1175 7.865916133095403495 1.825186283305874513 1.051998550190763232e-16 1.239651925661876473e-16 0.2726164963282017295 -1.491669443849620057e-16 2.74505000319859343e-17
1176 7.872342716191960577 1.826936834437564272 1.04429400978635768e-16 1.240370637569615507e-16 0.2724343185529812805 -1.199040220443033568e-16 1.118515108049427789e-17
1177 7.878768305820270434 1.828687063263498613 1.03815068500353372e-16 1.240301418133228016e-16 0.2724262272794399364 -9.56219420419855924e-17 -1.077412829114034037e-18
1178 7.885192903199945924 1.830438549916423963 1.032877231624814453e-16 1.240515786232618051e-16 0.2726640703080482897 -8.209490265995971563e-17 3.33719234607261227e-18
1179 7.8916165095480304 1.832193037109122624 1.027830236231844599e-16 1.24192464060026332e-16 0.2731732751414645555 -7.858160873781574076e-17 2.193583192904543114e-17
1180 7.898039126078838734 1.833951872845524411 1.022663287210817186e-16 1.245602403767673173e-16 0.2738925015511180505 -8.04616692432853985e-17 5.727150825893582817e-17
1181 7.904460754003813427 1.835715650869080839 1.017194697287370023e-16 1.251398860027863198e-16 0.2747043719350082958 -8.517203073330240872e-17 9.027847354587123456e-17
1182 7.91088139453141892 1.837484034481836392 1.012017453680516382e-16 1.258388167603134597e-16 0.2754639923421483005 -8.064676594969152925e-17 1.088735811904130742e-16
1183 7.917301048867072311 1.839255902001304843 1.00701097892649576e-16 1.264973593667345784e-16 0.2760490413112371977 -7.799863934584373425e-17 1.025979951479059932e-16
1184 7.923719718213113161 1.841029678494816801 1.00287685663141458e-16 1.269205762310324255e-16 0.2763888130877227289 -6.441765117964366366e-17 6.594540362320446975e-17
1185 7.930137403768819482 1.842803697128666096 9.997441293801503709e-17 1.269369094127405968e-16 0.2764688726365672755 -4.882144724464099991e-17 2.545416517765274683e-18
1186 7.936554106730463687 1.844576487425475531 9.974572278751311403e-17 1.264553767590758862e-16 0.2763197062044175367 -3.564527361880371495e-17 -7.505510472836459697e-17
1187 7.94296982829140763 1.846346949521857184 9.965167877207652694e-17 1.255755159253457539e-16 0.2759989841450463111 -1.466060910226052665e-17 -1.371623243416691672e-16
1188 7.949384569642234943 1.848114416190172582 9.963044307498838588e-17 1.24489978697690467e-16 0.2755740823782492632 -3.310957905817535257e-18 -1.692512400721365105e-16
1189 7.955798331970904691 1.849878626811678251 9.962581991695920538e-17 1.233950708038590922e-16 0.2751083595122839065 -7.209283322924021479e-19 -1.707382955397524373e-16
1190 7.962211116462925453 1.851639647841697878 9.958928713412128289e-17 1.22532013075008823e-16 0.2746528084348101584 -5.697735140767976064e-18 -1.346044283567974581e-16
1191 7.968622924301539179 1.853397779169086323 9.949370348735718194e-17 1.220332956595760261e-16 0.2742438464953593225 -1.49097092704544659e-17 -7.779292717892246238e-17
1192 7.975033756667903262 1.855153486563210663 9.936682864810657609e-17 1.219458005451251525e-16 0.2739073742401268441 -1.979370491493672986e-17 -1.365008607828422834e-17
1193 7.98144361474125752 1.856907393862891942 9.92712143969520881e-17 1.221973842863205428e-16 0.2736680891019444561 -1.491901505234568747e-17 3.925546219835714144e-17
1194 7.987852499699078734 1.858660345174666384 9.928474167956823263e-17 1.226605431480168225e-16 0.2735604098896637915 2.111027814811274799e-18 7.227920547400029645e-17
1195 7.994260412717199671 1.860413491603050806 9.948427623917294377e-17 1.231543294234170272e-16 0.2736323130813981819 3.114349275127715736e-17 7.70705050747660631e-17
1196 8.000667354969897005 1.862168307285892555 9.992596026008550909e-17 1.23609583682429135e-16 0.2739343072423263137 6.894878332336044368e-17 7.106715610134558016e-17
1197 8.007073327629937509 1.863926177952573981 1.005662713383407177e-16 1.239964283861601143e-16 0.2744526937347914197 9.99704378634047953e-17 6.039725959842212798e-17
1198 8.013478331868592264 1.865688063607433556 1.013185896876178436e-16 1.243376242152065342e-16 0.2751210929037329334 1.174756408815651606e-16 5.327824148096355481e-17
1199 8.019882368855592247 1.86745424201659449 1.020706115222110995e-16 1.246352927676591487e-16 0.2758330238390223066 1.174470571902092962e-16 4.648840485135413432e-17
1200 8.026285439759066165 1.869224237422079105 1.026249299084604981e-16 1.249465965429441731e-16 0.2764708065213827837 8.658375656859314472e-17 4.862521425734685603e-17
1201 8.03268754574542676 1.870996978135511801 1.028456097561988877e-16 1.252742363815035703e-16 0.276941309641332345 3.447507330374140528e-17 5.118458965474411619e-17
1202 8.039088687979239367 1.8727710761233618 1.027354071425045648e-16 1.255763560267636807e-16 0.2771950299176989541 -1.721867507274811537e-17 4.720486956196483548e-17
1203 8.04548886762306914 1.874545114486852793 1.023179181608572008e-16 1.257658536445449535e-16 0.2772273587330832401 -6.524062278704729182e-17 2.961262007904822468e-17
1204 8.051888085837310527 1.876317869848163733 1.017867737098273446e-16 1.257587543616138674e-16 0.2770684422513753353 -8.301391656685034781e-17 -1.10956497763245223e-18
1205 8.058286343780027394 1.878088442416858683 1.01286151726271757e-16 1.255201013453106409e-16 0.2767687764230262193 -7.825521319426966668e-17 -3.730527880062679617e-17
1206 8.064683642606787828 1.879856298288680838 1.009868965504543842e-16 1.250491373176572799e-16 0.2763855006296017658 -4.678537029098254909e-17 -7.363022666963547955e-17
1207 8.071079983470527353 1.881621245416583932 1.009735385011246231e-16 1.24390526079371225e-16 0.2759720313676033432 -2.088701667241191594e-18 -1.02982281133416744e-16
1208 8.07747536752142814 1.883383372379277665 1.012607468745771151e-16 1.23637527541720881e-16 0.2755722414085734484 4.491541012608125838e-17 -1.177585379435280032e-16
1209 8.083869795906837297 1.88514298202503916 1.01766516481508956e-16 1.229277586300217179e-16 0.2752196510203623325 7.910716734918077469e-17 -1.110145950003630381e-16
1210 8.090263269771213572 1.886900550625693285 1.024073758645859077e-16 1.223326829381908035e-16 0.2749414107947124597 1.00251439880433673e-16 -9.308936799436869218e-17
1211 8.096655790256118479 1.888656733201826476 1.030901276922955485e-16 1.218974671047392281e-16 0.2747655206133342576 1.068207052841882253e-16 -6.809218283032513996e-17
1212 8.103047358500244712 1.890412408671233502 1.036643884837013433e-16 1.216468566296590949e-16 0.2747270617462089226 8.985998987173540429e-17 -3.921537930061950624e-17
1213 8.109437975639480101 1.892168709722147124 1.04081997524415484e-16 1.214878998062503495e-16 0.2748658114526056351 6.535693170947548685e-17 -2.487716797154223636e-17
1214 8.115827642807003528 1.893926955065828865 1.043362698084799219e-16 1.2134864804549644e-16 0.2752109662453970929 3.980020264991348844e-17 -2.17965096658285774e-17
1215 8.122216361133416385 1.895688220823743997 1.043728550668352779e-16 1.212329179979825641e-16 0.275724640800679266 5.727390754800132652e-18 -1.811743948192117578e-17
1216 8.128604131746882899 1.897453158335590917 1.042405530418324584e-16 1.211727939484284644e-16 0.2763404008861113925 -2.071483799393323754e-17 -9.413763289155152405e-18
1217 8.134990955773291788 1.899221811909909352 1.039818340009385454e-16 1.211634986087119469e-16 0.2769632333022468695 -4.051424378595289458e-17 -1.455608593967286665e-18
1218 8.141376834336416124 1.900993615255810676 1.035688197267207617e-16 1.212189072922842955e-16 0.2774975096678110598 -6.468575241029098195e-17 8.678035144740528055e-18
1219 8.147761768558067885 1.902767551945452107 1.030616822989900669e-16 1.212799534991355554e-16 0.277872680207974676 -7.943893212208293047e-17 9.562389240462302173e-18
1220 8.154145759558240059 1.904542393210538975 1.024611336292102078e-16 1.212992653511791104e-16 0.2780554079611340934 -9.408492390894387943e-17 3.025490225004819291e-18
1221 8.160528808455223881 1.906316928628775109 1.017743157276916812e-16 1.212255206141154378e-16 0.2780484822769704878 -1.076161530253958226e-16 -1.155491854698986287e-17
1222 8.166910916365701212 1.908090138242630518 1.009774436542391593e-16 1.209990488661709037e-16 0.2778816672732845605 -1.248787163368920468e-16 -3.549064161246639421e-17
1223 8.173292084404799596 1.909861289153556907 1.000813104629714479e-16 1.20652141160407595e-16 0.2775998843981375419 -1.404547002554111581e-16 -5.437229454736395325e-17
1224 8.179672313686113583 1.911629963241640251 9.916242152694891184e-17 1.202436488936868884e-16 0.2772524269338515479 -1.440424718784728796e-16 -6.403411069065997621e-17
1225 8.186051605321692293 1.913396035152549635 9.833936612501248595e-17 1.198496530728867672e-16 0.276885166024413043 -1.290388178446943881e-16 -6.177075666131826639e-17
1226 8.192429960421993229 1.915159625167667246 9.769841784021696451e-17 1.195328986980835477e-16 0.276536609682859591 -1.005027609251747406e-16 -4.96681088911978405e-17
1227 8.198807380095793462 1.916921052830160566 9.735206691418055607e-17 1.193826682729218643e-16 0.2762380158695567633 -5.431690136366857406e-17 -2.35600674688868525e-17
1228 8.205183865450093705 1.918680813543084396 9.732971770303553817e-17 1.193610390347894771e-16 0.2760169902639355577 -3.505455002897448321e-18 -3.392527840382614422e-18
1229 8.211559417589986865 1.92043958748874366 9.762930881610423598e-17 1.193983207391807472e-16 0.2759025538442633763 4.699748561132680566e-17 5.848459080602501734e-18
1230 8.217934037618521259 1.922198262754327036 9.813083095589538814e-17 1.193364095130779857e-16 0.2759273727672183485 7.868632096287215741e-17 -9.713562416917626563e-18
1231 8.224307726636562066 1.923957928171724951 9.863249620731299257e-17 1.190614695629631576e-16 0.2761230085904592957 7.872025963410558261e-17 -4.314300062774513639e-17
1232 8.230680485742659869 1.925719694666445214 9.895525804806245807e-17 1.184957901264213414e-16 0.2764930034958455463 5.065449424206256448e-17 -8.877817059979951199e-17
1233 8.237052316032920984 1.927484383086354836 9.890882301997346638e-17 1.177302408662465806e-16 0.2769919020227181727 -7.288610615752104532e-18 -1.201633916081033536e-16
1234 8.243423218600913316 1.929252394065624987 9.846700963064533679e-17 1.168677289749527132e-16 0.2775537924863229478 -6.935872187280178025e-17 -1.354026922344004922e-16
1235 8.249793194537586416 1.93102359680029223 9.769355452079280247e-17 1.159914754179764893e-16 0.2780952614907932219 -1.214396278956961062e-16 -1.375799377959511975e-16
1236 8.256162244931225302 1.932797369555480538 9.67820223132758571e-17 1.152551492798492582e-16 0.2785392080737991161 -1.431397897351236149e-16 -1.156268179213503788e-16
1237 8.262530370867443352 1.93457275650185978 9.596347101060248439e-17 1.148126917428938221e-16 0.2788331184945306851 -1.285574464978689009e-16 -6.94900990920844563e-17
1238 8.268897573429194736 1.936348670154568685 9.547675521888845775e-17 1.147680278258000956e-16 0.2789562472982596297 -7.64521465051200799e-17 -7.015700725710074071e-18
1239 8.275263853696831262 1.938124076776622129 9.542309252207998577e-17 1.15138914365970532e-16 0.2789169641068614536 -8.430427313769211027e-18 5.826639741423850941e-17
1240 8.281629212748184088 1.939898129170943175 9.585814278552375035e-17 1.158483789083602227e-16 0.278744508239346378 6.835642066222274105e-17 1.114732268419567128e-16
1241 8.287993651658663197 1.94167023749222567 9.671110168510967653e-17 1.167480733401560194e-16 0.2784792638479420823 1.340388528153486401e-16 1.413831423539989726e-16
1242 8.294357171501383519 1.943440086141040135 9.780300689907755843e-17 1.175998331238030844e-16 0.2781642937397810211 1.716130036755560774e-16 1.338697288114745435e-16
1243 8.300719773347291053 1.945207613844987415 9.896359130437591501e-17 1.182075758674263679e-16 0.2778395545720034887 1.824334936822712133e-16 9.553172649320629142e-17
1244 8.307081458265301421 1.946972977623618428 1.00011655327553618e-16 1.184426189674192405e-16 0.2775393608504838072 1.647700166073858504e-16 3.695199399351088425e-17
1245 8.31344222732242244 1.948736520964265306 1.008268037604045203e-16 1.182677602027919611e-16 0.2772930429137596686 1.281709296062460945e-16 -2.749414647550123623e-17
1246 8.319802081583876685 1.950498760795573938 1.013893457902162682e-16 1.177724630555884139e-16 0.2771278994015177188 8.846474144839733047e-17 -7.788988510272407723e-17
1247 8.326161022113193866 1.95226039312938604 1.017071291247330684e-16 1.171404278405341081e-16 0.2770721319338328992 4.998143159479494411e-17 -9.940743089870371342e-17
1248 8.332519049972281877 1.954022292310221509 1.018133651511022953e-16 1.165600383953319163e-16 0.2771538401644358385 1.671135499255865729e-17 -9.129759822716701574e-17
1249 8.338876166221474762 1.955785471713121781 1.017387420699913853e-16 1.162041227740259393e-16 0.2773949564652446464 -1.174019291628193352e-17 -5.599498163094806949e-17
1250 8.345232371919545145 1.957550824238569076 1.015010104518451428e-16 1.161799431005657305e-16 0.2777765927411033342 -3.740685099637917324e-17 -3.804649332385175505e-18
1251 8.351587668123688246 1.959318951534882336 1.010907927047674598e-16 1.164921858397828101e-16 0.2782529743986002502 -6.455661224927616728e-17 4.913813111910903031e-17
1252 8.357942055889479249 1.961090049158974002 1.005017645006616437e-16 1.170744445551903613e-16 0.2787602255448269339 -9.270953379151712514e-17 9.164405655825677187e-17
1253 8.364295536270800469 1.962863855561082005 9.974494653742241153e-17 1.178241456448362059e-16 0.2792264030988120815 -1.191356381534736343e-16 1.18015324790961668e-16
1254 8.370648110319754309 1.964639720510340748 9.895792191261731463e-17 1.186051866462878971e-16 0.2795902957882315798 -1.23908322946357993e-16 1.229662676262366636e-16
1255 8.376999779086554909 1.966416753740850565 9.826078429742664797e-17 1.19311653387991147e-16 0.2798140635372789453 -1.097722347573840525e-16 1.112412116757247501e-16
1256 8.383350543619421558 1.968193996503991849 9.778931585622646618e-17 1.198807910035800855e-16 0.2798868615502019264 -7.424861986454491634e-17 8.962992806667059138e-17
1257 8.389700404964457903 1.969970569990141529 9.761275188664099363e-17 1.2024762495739842e-16 0.2798212163410954689 -2.78099077333935403e-17 5.777859680610195383e-17
1258 8.396049364165550699 1.971745776872832367 9.776811713673065296e-17 1.204775498104761278e-16 0.2796456577875356952 2.447445308053040027e-17 3.621971467526272318e-17
1259 8.402397422264273885 1.973519152116534281 9.824124035695849315e-17 1.206460145559368605e-16 0.2793967368975082133 7.454095479880304754e-17 2.654176003142063751e-17
1260 8.408744580299810423 1.975290471912971801 9.895248304962603626e-17 1.208306157447703558e-16 0.2791124336240314863 1.12072748945166518e-16 2.908819015562901936e-17
1261 8.415090839308907888 1.977059735937059415 9.977189320382646638e-17 1.210783509885586162e-16 0.2788279531086138019 1.291353087733414284e-16 3.904194625444067945e-17
1262 8.421436200325844723 1.978827140056490075 1.005398426019985505e-16 1.213407287450893975e-16 0.2785742189829666371 1.210424381511234695e-16 4.135538544948701569e-17
1263 8.427780664382437337 1.980593054686624388 1.01046516116314019e-16 1.215919943480732245e-16 0.2783787602121575722 7.987200646089297774e-17 3.960950651237174189e-17
1264 8.43412423250806853 1.982358016475070261 1.01144100438941095e-16 1.218061593733152175e-16 0.2782678102373176143 1.538536185241627943e-17 3.376573532279451959e-17
1265 8.440466905729742564 1.984122725781504615 1.007813692136633709e-16 1.219336233747414357e-16 0.2782672198368688066 -5.719707446321403226e-17 2.009909120829729931e-17
1266 8.446808685072163314 1.985888022463008884 9.998135851544864177e-17 1.21967942500930672e-16 0.2783990354493974251 -1.261670115090238418e-16 5.412354607956436535e-18
1267 8.453149571557831976 1.987654809811389978 9.890148332637990056e-17 1.2194777124129573e-16 0.2786733185289183012 -1.70327460636719823e-16 -3.181589378330170601e-18
1268 8.459489566207150091 1.989423779340795173 9.777077775174887714e-17 1.219287057653023165e-16 0.279056721022134524 -1.783699407214154556e-16 -3.007597998162567595e-18
1269 8.465828670038535009 1.991195337976375823 9.680837951375921349e-17 1.219798620888681168e-16 0.2795043883335068258 -1.518406026421992859e-16 8.071094368809464503e-18
1270 8.472166884068530024 1.992969514234842698 9.622548256694213252e-17 1.221690633594349088e-16 0.279956636330292441 -9.197838590125057175e-17 2.985506713017782337e-17
1271 8.478504209311907402 1.994745951509821369 9.612994097791804716e-17 1.224604905943427771e-16 0.280352687678384449 -1.507812386355572175e-17 4.599228451231530868e-17
1272 8.484840646781757201 1.996523992772220923 9.646040944748730081e-17 1.227196737352681556e-16 0.2806451000714602073 5.216096986835909916e-17 4.090933099250478631e-17
1273 8.491176197489561872 1.998302817817727561 9.705410641518215568e-17 1.228049481862632733e-16 0.2808080708219170551 9.372192086700381169e-17 1.346155662403479081e-17
1274 8.497510862445237123 2.000081587347264378 9.77446918434510784e-17 1.225521334726390694e-16 0.2808385308647048939 1.090321111819894745e-16 -3.991529626307608407e-17
1275 8.503844642657162112 2.001859560734575272 9.830101420795197794e-17 1.218886245892977339e-16 0.280752005709751451 8.784643278100673894e-17 -1.047717874371944427e-16
1276 8.510177539132170565 2.003636172548741712 9.860431619310014254e-17 1.208539707790349836e-16 0.2805761146730468281 4.78997673475608064e-17 -1.634004366065816686e-16
1277 8.516509552875524136 2.005411067863477559 9.860763755347625986e-17 1.196519407740916566e-16 0.280344069660372841 5.246076638533276495e-19 -1.898602022563854107e-16
1278 8.522840684890859109 2.007184105493948767 9.840746701739123557e-17 1.185227116120291802e-16 0.2800896124739887805 -3.162126224352285894e-17 -1.783861509540302632e-16
1279 8.529170936180117124 2.008955342462258375 9.81019330372429503e-17 1.177493033051800143e-16 0.2798440493790033123 -4.827240383831224327e-17 -1.221935383488540469e-16
1280 8.535500307743458137 2.010725013453846799 9.780669522999264021e-17 1.17559827099166302e-16 0.2796354578461453522 -4.665215161255996515e-17 -2.994017863853554832e-17
1281 8.541828800579162717 2.012493515614738548 9.76294896016302363e-17 1.180689396146631979e-16 0.2794895283166176636 -2.800512127228150086e-17 8.045883118660372907e-17
1282 8.548156415683539677 2.014261400297088223 9.759495990427039159e-17 1.191979931754687675e-16 0.2794306607477957116 -5.457740680154597104e-18 1.784574444619540781e-16
1283 8.554483154050826599 2.016029359138961308 9.771049605933383386e-17 1.207768119244883699e-16 0.2794810680279077864 1.826409486928937403e-17 2.495815738170613786e-16
1284 8.560809016673108118 2.017798187174171254 9.794489351135589576e-17 1.225212830769429217e-16 0.279657142806711001 3.705895678314360161e-17 2.758062448655401621e-16
1285 8.567134004540243097 2.019568631757776345 9.82444127694930184e-17 1.24081785975469784e-16 0.2799513980503394173 4.736145702327023157e-17 2.467543870899721058e-16
1286 8.573458118639814884 2.021341212849337321 9.856136930088743562e-17 1.25155136123366387e-16 0.2803279208583286386 5.012564213354046825e-17 1.697468266728850863e-16
1287 8.579781359957102893 2.023116166480541267 9.889826339890409947e-17 1.255976442588457191e-16 0.2807418367681449589 5.328604996254847882e-17 6.999086880655128937e-17
1288 8.586103729475080826 2.024893387274673717 9.924894648408524436e-17 1.25360079545040413e-16 0.2811391536494743937 5.547467489268971131e-17 -3.758044177556105623e-17
1289 8.592425228174432661 2.026672453481395131 9.955114052557797642e-17 1.244888439825801206e-16 0.2814698104192917549 4.781075557921731735e-17 -1.37840012738018549e-16
1290 8.598745857033602391 2.028452719270839033 9.973723445731397421e-17 1.231476621643078258e-16 0.2816983225282912451 2.944636060163539917e-17 -2.122203721786532278e-16
1291 8.605065617028854419 2.030233438405376845 9.972183637554877698e-17 1.215366721189472788e-16 0.2818087577387999865 -2.436832518755438741e-18 -2.549481805453121936e-16
1292 8.611384509134358822 2.032013883695897416 9.938737091482932467e-17 1.198626589005255605e-16 0.2818040823774115577 -5.293829175590018682e-17 -2.649583008344607935e-16
1293 8.617702534322283725 2.033793439177976392 9.865522213023772793e-17 1.183445131687011114e-16 0.2817018558973482523 -1.158984215381088232e-16 -2.403209534540445866e-16
1294 8.624019693562892996 2.035571656582554567 9.751309286696760738e-17 1.17203587369815918e-16 0.2815285879480159958 -1.808226811382718138e-16 -1.806321478389884665e-16
1295 8.630335987824654609 2.037348278752884934 9.601765502802780489e-17 1.165297960314385964e-16 0.2813145106655897676 -2.367911258328922047e-16 -1.066896967806635948e-16
1296 8.636651418074329456 2.039123238972804231 9.43215923022599411e-17 1.163647185153480186e-16 0.2810897663978796368 -2.685952451396139188e-16 -2.614233260819468004e-17
1297 8.64296598527706017 2.040896647569647726 9.263439540536455629e-17 1.166545412856172701e-16 0.2808823920840929356 -2.672276998997190409e-16 4.590375457667863177e-17
1298 8.649279690396433296 2.042668776268021347 9.116568789213419957e-17 1.17282505845308806e-16 0.2807179614934023903 -2.326538583357066601e-16 9.947411339170042805e-17
1299 8.655592534394537907 2.044440046089886831 9.015443127264855305e-17 1.180293101675204735e-16 0.2806201453429043591 -1.602121687141574126e-16 1.183153096466210545e-16
1300 8.661904518231981598 2.046211015370294817 8.984625053344324307e-17 1.187092236151624479e-16 0.2806107282889850896 -4.883135050942842618e-17 1.077325337186668537e-16
1301 8.668215642867901138 2.047982352730221667 9.026709889025512061e-17 1.191985242024938583e-16 0.2807072237334007347 6.669264507484536948e-17 7.754040113882405819e-17
1302 8.674525909259939382 2.049754784221864412 9.138082592151857e-17 1.194651833236216186e-16 0.2809187773933213839 1.765184366491155393e-16 4.226372338857582342e-17
1303 8.680835318364197306 2.051528892420006578 9.304886816085165493e-17 1.196056845148807398e-16 0.2812226928340415544 2.644096514504469477e-16 2.227154093175278704e-17
1304 8.687143871135182494 2.053305043450381007 9.50200202375177702e-17 1.197871965351167958e-16 0.2815846925436419346 3.124994676537954808e-16 2.877627270264567264e-17
1305 8.693451568525725648 2.055083326136043276 9.701627882529946166e-17 1.201528595864922951e-16 0.2819608315302089552 3.165226405781279378e-16 5.797877854684527272e-17
1306 8.699758411486897103 2.05686353102306585 9.874758345002154577e-17 1.208538393609137599e-16 0.2823038148701204619 2.745492408341508229e-16 1.111609488933226578e-16
1307 8.706064400967916228 2.058645196944135058 1.000644156993329941e-16 1.21929398513710941e-16 0.282573707077484082 2.088506974774390753e-16 1.705845823242805098e-16
1308 8.712369537916064388 2.060427704347287836 1.008715191571392216e-16 1.233497375493630161e-16 0.2827453551374778939 1.280245756098888982e-16 2.252973896999098266e-16
1309 8.718673823276599677 2.062210384070188862 1.011757849611861639e-16 1.24935667214636254e-16 0.2828108488772820284 4.826984299053335566e-17 2.51597698192068073e-16
1310 8.724977257992692969 2.063992614743649145 1.010613652096477458e-16 1.264767554563753398e-16 0.2827777284835594762 -1.815441621306109779e-17 2.445168512028551601e-16
1311 8.73127984300537463 2.065773893605441724 1.006521427236419581e-16 1.27761808440255934e-16 0.282664775493089937 -6.493805356066034829e-17 2.039204646597629934e-16
1312 8.73758157925349721 2.067553876999494555 1.001090602832731696e-16 1.28636094492257265e-16 0.2824972091769656912 -8.619140732986880351e-17 1.387559965660031257e-16
1313 8.743882467673735448 2.069332394829343169 9.957188483036739595e-17 1.289892002478719763e-16 0.2823025566208121062 -8.526538287341632836e-17 5.60481631921794233e-17
1314 8.750182509200591596 2.071109447366414891 9.914151877867182004e-17 1.287888816822459768e-16 0.2821078530579153587 -6.832079544080615411e-17 -3.180065827964121564e-17
1315 8.756481704766434504 2.072885193742484145 9.883102434059980583e-17 1.280571462727662056e-16 0.2819383211789752153 -4.929773856513206922e-17 -1.161788956329611331e-16
1316 8.762780055301556459 2.074659939359405403 9.868402526295162009e-17 1.268633832105514591e-16 0.2818171979481602918 -2.334242596166528229e-17 -1.895612295079042711e-16
1317 8.769077561734247794 2.076434123845226409 9.866488719024143214e-17 1.253351749623337036e-16 0.2817658200083689168 -3.039399111908533597e-18 -2.427012825576262351e-16
1318 8.775374224990878602 2.078208302420135212 9.872900257343391395e-17 1.236509937778503311e-16 0.2818025756236935964 1.018380019704148555e-17 -2.675077933622426057e-16
1319 8.781670045995998208 2.079983107404525189 9.879771338846842744e-17 1.219314570739945763e-16 0.2819397481193119392 1.091517662745620581e-17 -2.73160008807216164e-16
1320 8.787965025672431096 2.081759162001332264 9.886580121177995675e-17 1.203418471493377807e-16 0.2821759292127831165 1.08176543928012129e-17 -2.525539802561681872e-16
1321 8.794259164941369278 2.083536899588421143 9.887410568792093138e-17 1.18986306069252478e-16 0.2824809954917515409 1.319574218588966365e-18 -2.153943284506130327e-16
1322 8.800552464722454005 2.085316544660432925 9.884981453310465172e-17 1.180011553419955916e-16 0.2828217786686011426 -3.860358292279396813e-18 -1.565604767609594443e-16
1323 8.806844925933855706 2.087098062642969154 9.881162057817885098e-17 1.174822435144451015e-16 0.2831571161213928822 -6.070603965873963764e-18 -8.247661716066588935e-17
1324 8.813136549492320171 2.088881167305343123 9.878083134289890831e-17 1.174570791795840894e-16 0.283447001645968033 -4.89433772858464961e-18 -4.000188780434481953e-18
1325 8.819427336313205856 2.090665380415968944 9.880741596269040595e-17 1.178156806394969937e-16 0.2836608920156849512 4.2265225600267008e-18 5.701180503115624278e-17
1326 8.825717287310494541 2.092450121205234215 9.888678145400809847e-17 1.184247335424626965e-16 0.2837824528565319193 1.261949854777953752e-17 9.684236935837818718e-17
1327 8.832006403396778893 2.094234799672356928 9.902315815647772255e-17 1.190140480064403896e-16 0.2838101794076264284 2.168743395964336697e-17 9.371628942139355068e-17
1328 8.838294685483235824 2.096018894399177768 9.915214002540551507e-17 1.193508801315775085e-16 0.2837549422447768199 2.051418134812073664e-17 5.357214433607278028e-17
1329 8.844582134479566093 2.097802005656830282 9.926009220353313479e-17 1.192882796637645321e-16 0.2836360653597893022 1.717174456710461307e-17 -9.957735561341076139e-18
1330 8.850868751293935688 2.099583883348121294 9.933009230076437712e-17 1.187922482688559036e-16 0.2834773283701527702 1.113625286726987679e-17 -7.891319101399525204e-17
1331 8.857154536832892333 2.101364434876736187 9.938187029701257308e-17 1.180202144391785961e-16 0.2833037755894889931 8.238403435022043231e-18 -1.228383988418233429e-16
1332 8.863439492001280229 2.103143720440921793 9.939287443406154662e-17 1.171704544336893836e-16 0.2831397156708695406 1.75110072152716792e-18 -1.35223266678274025e-16
1333 8.869723617702154783 2.104921942928045908 9.931878486080708481e-17 1.164769957669641431e-16 0.2830078618033491922 -1.179151195111715348e-17 -1.103654103690428328e-16
1334 8.876006914836704453 2.106699436472200482 9.915398954639801816e-17 1.161381004530800637e-16 0.2829291178187605116 -2.623097736684013697e-17 -5.394301009162668254e-17
1335 8.882289384304174362 2.108476651732223761 9.88753357154902276e-17 1.161997641931226829e-16 0.2829220548778257349 -4.436002560487545851e-17 9.816499124638592275e-18
1336 8.888571027001809455 2.110254128696156695 9.849262703585692978e-17 1.166141312673642892e-16 0.2830009239279018263 -6.093294716563484444e-17 6.59734372006788952e-17
1337 8.894851843824815418 2.112032453963070378 9.79306707239962241e-17 1.172941776060836145e-16 0.2831731810789231973 -8.948360539977909551e-17 1.082877742328978869e-16
1338 8.901131835666339143 2.113812109855514265 9.718008842358670467e-17 1.181226799456088e-16 0.2834222564167310776 -1.195353158505336773e-16 1.319446099168827441e-16
1339 8.907411003417466944 2.115593404906946695 9.62890598242796846e-17 1.189904866244770276e-16 0.2837204994577472994 -1.419209462369595119e-16 1.382222131944099005e-16
1340 8.913689347967251209 2.11737643707908596 9.533531940995216287e-17 1.197976585125665214e-16 0.2840343857414928119 -1.519294362565183464e-16 1.285812869804960214e-16
1341 8.919966870202753029 2.119161072327982343 9.449356831956135682e-17 1.20452465895547504e-16 0.2843269583744814644 -1.341072509843333663e-16 1.043234978347995185e-16
1342 8.926243571009102595 2.12094697272666366 9.389381392085144492e-17 1.209199548758739532e-16 0.2845657221869267728 -9.556498432370975159e-17 7.448978644008628294e-17
1343 8.932519451269579136 2.122733662292952239 9.359114144310189588e-17 1.2116697044183681e-16 0.2847286554325699215 -4.823419202312020301e-17 3.936465029770808251e-17
1344 8.938794511865690851 2.124520609080622791 9.360396669465269862e-17 1.212180930279369999e-16 0.2848068087482364952 2.044111772538484653e-18 8.148010171658014058e-18
1345 8.945068753677269058 2.12630730312120475 9.388623789642295025e-17 1.211561062910040694e-16 0.2848036522887299471 4.499475980448466865e-17 -9.880846228272128281e-18
1346 8.95134217758255879 2.128093317083343372 9.432196286590687074e-17 1.210398761804709715e-16 0.284732328602408713 6.946473421898597712e-17 -1.852979356677222912e-17
1347 8.957614784458305834 2.129878344898811005 9.480913232971868123e-17 1.209397924193402414e-16 0.2846121458330456711 7.767629460915490891e-17 -1.595776478754474529e-17
1348 8.963886575179826011 2.131662220024427068 9.522698023978885145e-17 1.208859186092049175e-16 0.2844653343533504741 6.663204376814290036e-17 -8.590977693991772104e-18
1349 8.970157550621074449 2.133444918620313935 9.54868567686817137e-17 1.208583735123615466e-16 0.2843146430103632438 4.144654778402556604e-17 -4.393044563886435323e-18
1350 8.976427711654679342 2.135226553942968231 9.557045556132206028e-17 1.208398060142324684e-16 0.2841819381399584565 1.333452846191897716e-17 -2.961631674920572416e-18
1351 8.982697059151973917 2.137007366870562031 9.54693065083737416e-17 1.207705516216513667e-16 0.2840875859509698897 -1.613599599826426248e-17 -1.104793934276095907e-17
1352 8.988965593982994662 2.138787713639108024 9.525682709641001983e-17 1.206111938502104144e-16 0.2840500065239204286 -3.390057455143467148e-17 -2.542514571721043181e-17
1353 8.995233317016460006 2.140568046163789262 9.501087510795883678e-17 1.203141380875950469e-16 0.2840844893532395443 -3.924612064090442696e-17 -4.740065884440852708e-17
1354 9.00150022911973835 2.142348875587364532 9.480240044602040914e-17 1.198463811039895385e-16 0.2842005145267247901 -3.327023094089077472e-17 -7.464879771991663127e-17
1355 9.007766331158789441 2.144130712271429484 9.466525842840160745e-17 1.191916615285536061e-16 0.2843979890109725739 -2.188916322606580187e-17 -1.044994371736108956e-16
1356 9.014031623998100429 2.145913908924472313 9.459622386359817756e-17 1.18422552563272875e-16 0.2846517781836107042 -1.101999131385644749e-17 -1.22772905731149903e-16
1357 9.020296108500609478 2.147698655621557595 9.460180858582857303e-17 1.176608308247595455e-16 0.2849359392875310815 8.916044371883779749e-19 -1.216093574474773799e-16
1358 9.026559785527620505 2.149484941426042184 9.460338362601968023e-17 1.170683509291481553e-16 0.2852183882514350288 2.51488548815109557e-19 -9.460197269296212094e-17
1359 9.03282265593873035 2.151272556579217454 9.45672700522248351e-17 1.167645992251190493e-16 0.2854673741371006601 -5.767039434414965797e-18 -4.850663812333253265e-17
1360 9.039084720591754163 2.153061134262391541 9.444332932686030991e-17 1.168736314592092656e-16 0.2856577996009814768 -1.979485443749423715e-17 1.741378547255344822e-17
1361 9.045345980342659686 2.154850217080741537 9.415789137540650806e-17 1.174617485829027882e-16 0.2857751740869404755 -4.559379780024097714e-17 9.394158374514852008e-17
1362 9.051606436045524617 2.156639329500266378 9.365744622911008185e-17 1.185087242280988249e-16 0.2858165716915570531 -7.99477520099699179e-17 1.672577901135871783e-16
1363 9.057866088552502859 2.158428041115147966 9.295826565527390792e-17 1.199101671788490599e-16 0.285789173535312524 -1.11710706570110354e-16 2.239138043939617797e-16
1364 9.064124938713810309 2.160216012577041322 9.208118866119971992e-17 1.214555099433849076e-16 0.285707503714141331 -1.401518334507988486e-16 2.469368404631826409e-16
1365 9.070382987377740847 2.162003022606194147 9.106140052320089113e-17 1.229431546029614311e-16 0.2855904105854930042 -1.62977100458328055e-16 2.377474340953532822e-16
1366 9.07664023539068765 2.163788978973207211 9.004345808803630596e-17 1.24161576435420195e-16 0.2854585074571991399 -1.627029268948039849e-16 1.947465706167559947e-16
1367 9.082896683597194709 2.165573918414516186 8.916632496638960581e-17 1.249755104788186077e-16 0.285332404683162344 -1.402145624857566543e-16 1.301118416017794274e-16
1368 9.089152332840017223 2.167358000328690526 8.862081826538791668e-17 1.253551191915920542e-16 0.285231715335241276 -8.7213378947113142e-17 6.069028750323842548e-17
1369 9.095407183960192654 2.169141496872158292 8.856762737051710881e-17 1.253713472885820312e-16 0.2851744788211851844 -8.505026700709882397e-18 2.594812486923279569e-18
1370 9.101661237797127768 2.170924777946450224 8.907324461274474839e-17 1.251466593814998759e-16 0.2851763429251155668 8.085661769028953446e-17 -3.59313383430729352e-17
1371 9.107914495188678572 2.172708284986843097 9.012907199029859517e-17 1.248008065295571235e-16 0.2852487711909263979 1.68865866641388285e-16 -5.531466868098793648e-17
1372 9.114166956971237354 2.174492494358910122 9.154273618699029467e-17 1.244963737809316687e-16 0.2853973779509084152 2.261259588449809496e-16 -4.86962514491407046e-17
1373 9.120418623979803741 2.176277795969233875 9.30658178283770364e-17 1.243192479541932029e-16 0.2856083607569196992 2.436590256682573624e-16 -2.83361739719232192e-17
1374 9.126669497048057522 2.178064437388048891 9.446263135606518877e-17 1.243229568504193671e-16 0.2858589698291367776 2.234873052104433399e-16 5.93415804229150419e-19
1375 9.13291957700840662 2.17985250066214542 9.552456023673548327e-17 1.245016410320200584e-16 0.286122733441237509 1.69927987705635478e-16 2.859272778706869136e-17
1376 9.139168864692020833 2.181641885551299342 9.60698442467152222e-17 1.248350105660559031e-16 0.2863704836063035164 8.726643808561383797e-17 5.335196204020217687e-17
1377 9.145417360928853157 2.183432329641313618 9.603011796544164843e-17 1.252765019805303608e-16 0.2865762568313539038 -6.358539229851501981e-18 7.066456734891480988e-17
1378 9.151665066547632676 2.185223457490867993 9.545684315095183854e-17 1.257510851662630845e-16 0.2867219438855019842 -9.176925546214671279e-17 7.597079883633962706e-17
1379 9.157911982375845028 2.18701484360218279 9.445901760026347161e-17 1.261305697997255577e-16 0.286799507977077317 -1.597510861432038964e-16 6.075519145452057453e-17
1380 9.164158109239695094 2.188806073999145063 9.321416178983537056e-17 1.26326218135399592e-16 0.2868107681615364446 -1.993255875094257364e-16 3.132709758574976044e-17
1381 9.170403447964053711 2.190596795994943058 9.190654667435363951e-17 1.261889450833832663e-16 0.286765514238001451 -2.094009689367847435e-16 -2.198285241642994272e-17
1382 9.176647999372391951 2.192386751775338816 9.073568501166538825e-17 1.256956058930922376e-16 0.2866789196834080289 -1.875249434843459975e-16 -7.901309499324726279e-17
1383 9.182891764286717162 2.194175796317192617 8.985322186744710782e-17 1.249330432874610569e-16 0.2865690358489750289 -1.413528878095045394e-16 -1.221472275048869234e-16
1384 9.189134743527491267 2.195963903034168663 8.934975780306209929e-17 1.24010788137491192e-16 0.2864548276426741591 -8.065498016336691053e-17 -1.477453428920367874e-16
1385 9.195376937913568582 2.197751161389547736 8.920961256190582978e-17 1.231613224219856718e-16 0.2863548870475295383 -2.245409824537716828e-17 -1.361015648813337219e-16
1386 9.201618348262128322 2.199537769682174293 8.935744836272508512e-17 1.225857809570547835e-16 0.2862866594036250767 2.368925395201597013e-17 -9.222494042110937907e-17
1387 9.20785897538861775 2.201324023424614307 8.967963506474373878e-17 1.224961721797395735e-16 0.2862657362704747466 5.163376920008057091e-17 -1.436073834582688422e-17
1388 9.214098820106716659 2.203110295906835159 9.000414866881486124e-17 1.229670652289383459e-16 0.2863046017340173388 5.201319456891438361e-17 7.547496154816665941e-17
1389 9.220337883228308939 2.20489700487900242 9.023293484121523266e-17 1.239087968135794581e-16 0.2864104053280976947 3.667454599009363489e-17 1.509600774770796242e-16
1390 9.226576165563479037 2.206684562747134759 9.031739154811875274e-17 1.251213361523134124e-16 0.2865823154543123974 1.35401482948043728e-17 1.943950109077322592e-16
1391 9.232813667920519052 2.208473247463322409 9.028807052406784661e-17 1.263401210637837388e-16 0.2867987985040120757 -4.701350882357499379e-18 1.954207161726924177e-16
1392 9.23905039110596249 2.21026320636979845 9.024895579529837063e-17 1.273183904683774949e-16 0.2870389265022145198 -6.272462298321351076e-18 1.568758917920666066e-16
1393 9.245286335924625121 2.212054427499723364 9.030328036428332864e-17 1.27879415278436075e-16 0.2872771581995097745 8.712608140719159253e-18 8.997750775740293678e-17
1394 9.251521503179660044 2.213846742060949335 9.047435487192488087e-17 1.280047912196939948e-16 0.287488337993514198 2.744045433703678406e-17 2.011037669188830168e-17
1395 9.257755893672628744 2.215639856681907549 9.082087915273869046e-17 1.277806017364065982e-16 0.287652470658446624 5.558962285744101225e-17 -3.596460483312343304e-17
1396 9.263989508203572143 2.217433404706128819 9.133277094904318329e-17 1.273752752347580277e-16 0.2877577807586692016 8.2128186869769898e-17 -6.503079539657856864e-17
1397 9.270222347571086985 2.219227002767507173 9.197492354884704586e-17 1.26982465233733367e-16 0.2878015651315061763 1.030400998174632818e-16 -6.303047239431953332e-17
1398 9.27645441257239689 2.221020301226349858 9.261689234091474188e-17 1.267562260178618786e-16 0.2877892133104780203 1.030233939744145843e-16 -3.630695472613170021e-17
1399 9.282685704003419858 2.222813021968607305 9.312433970422290717e-17 1.267512838472127387e-16 0.287732184334571206 8.144544481346812353e-17 -7.932197819264740015e-19
1400 9.288916222658826882 2.224604981926318281 9.334388416268611886e-17 1.269561557504087168e-16 0.2876457184694858893 3.524131396960400287e-17 3.288607289210956968e-17
1401 9.295145969332081037 2.226396104067212001 9.317852729436903186e-17 1.273062081216104957e-16 0.2875468278323630722 -2.654639896369341146e-17 5.619742317742609497e-17
1402 9.301374944815469448 2.228186419186308775 9.256665814965318875e-17 1.276625348263591668e-16 0.2874528206385260631 -9.824165010625669802e-17 5.721178090732461254e-17
1403 9.307603149900115724 2.229976061700372103 9.155213682366094558e-17 1.279343710883653755e-16 0.2873803383432515512 -1.629115757079961849e-16 4.365139760338808474e-17
1404 9.313830585375976412 2.231765260924083449 9.033438191110657578e-17 1.280735505826072856e-16 0.2873446295752898338 -1.955709177738195103e-16 2.235216720833530805e-17
1405 9.32005725203181612 2.233554326369136867 8.909481716736727579e-17 1.280693066059697661e-16 0.2873585892226927507 -1.99098125222833448e-16 -6.816649120478655752e-19
1406 9.326283150655180876 2.235343622767134608 8.808491769720748127e-17 1.279403513335218071e-16 0.2874311062031740804 -1.622294227981610042e-16 -2.071526922645101616e-17
1407 9.332508282032343061 2.237133538145603673 8.740325521427776352e-17 1.277218926683211615e-16 0.2875659449037040183 -1.095151862300711368e-16 -3.509734216293807979e-17
1408 9.33873264694825167 2.23892437817122536 8.705613200984274065e-17 1.274951603874539489e-16 0.2877498947272039143 -5.577531443595453934e-17 -3.643105415189119329e-17
1409 9.344956246186470139 2.24071633203316356 8.702208824771453753e-17 1.27349711086794876e-16 0.2879642560398270601 -5.470780717222401024e-18 -2.337348106189630203e-17
1410 9.351179080529112397 2.242509455047835942 8.71985995469068652e-17 1.27383858992809199e-16 0.2881875242579438612 2.836858034923302674e-17 5.488190387574804597e-18
1411 9.357401150756786024 2.244303658040590843 8.747328510632073232e-17 1.276795428378848236e-16 0.2883964774562708389 4.415238858866877575e-17 4.752760958758888459e-17
1412 9.363622457648535402 2.246098724594249418 8.770009725411530485e-17 1.282775678737106068e-16 0.2885706551530831665 3.646178463543057426e-17 9.613709086968498204e-17
1413 9.369843001981797315 2.247894350009464581 8.772525318790919386e-17 1.291073496260168718e-16 0.2886958507976949417 4.044503740981091581e-18 1.334100903944729683e-16
1414 9.376062784532372518 2.249690190672892776 8.752792076456260308e-17 1.3009573516881208e-16 0.2887657891665451615 -3.173046145811328119e-17 1.589294290291911916e-16
1415 9.382281806074402652 2.251485912540371448 8.715239796662190798e-17 1.310546636830583512e-16 0.2887819889066338686 -6.039032125914282147e-17 1.542116786449549749e-16
1416 9.38850006738037024 2.253281230888630748 8.671948667788778239e-17 1.318535568156406212e-16 0.2887523629661224445 -6.962785051346867769e-17 1.284910166568505329e-16
1417 9.394717569221107567 2.255075937890003601 8.635483076604974088e-17 1.324433135201128504e-16 0.2886892637501189962 -5.865706582195814286e-17 9.486586316070123804e-17
1418 9.400934312365826884 2.256869918175060885 8.619999635255790923e-17 1.327662703365929627e-16 0.2886075533680751426 -2.490907042137558864e-17 5.195585337487644204e-17
1419 9.407150297582157705 2.258663154665166317 8.630267259007787383e-17 1.328167194262362996e-16 0.2885230396234926831 1.652010781055728265e-17 8.11701343935896759e-18
1420 9.413365525636198328 2.260455727513603463 8.661599780574505421e-17 1.325896768271551028e-16 0.2884513676391717296 5.041864103533653811e-17 -3.653449748188795359e-17
1421 9.419579997292576223 2.26224780810116588 8.705941399855144493e-17 1.320916339537916337e-16 0.2884072238315186776 7.136087185854000379e-17 -8.015217811783382295e-17
1422 9.425793713314506661 2.264039647918687059 8.751468240360269978e-17 1.313318809369839496e-16 0.2884035123423079883 7.327720133873796786e-17 -1.222851710389684102e-16
1423 9.43200667446386376 2.265831559610476997 8.786153415119347478e-17 1.303369533272351379e-16 0.2884500920540858382 5.583390017492285523e-17 -1.601568659516427431e-16
1424 9.43821888150123911 2.267623889011895599 8.804801186591738484e-17 1.292135504835208633e-16 0.2885523248472866564 3.002158982227767693e-17 -1.808598921812449385e-16
1425 9.444430335185998615 2.269416959557232882 8.808379384470891541e-17 1.281794928301841531e-16 0.2887066241408611234 5.76134292587964866e-18 -1.664961231102771454e-16
1426 9.450641036276328677 2.271210983635203906 8.798769485046288273e-17 1.274340610567509596e-16 0.2888951269801766641 -1.547500475956714644e-17 -1.200383035464154948e-16
1427 9.456850985529277054 2.273006064881451405 8.780526277844898512e-17 1.271803317170081874e-16 0.2891003309393981313 -2.938093888698858021e-17 -4.086346300035810837e-17
1428 9.463060183700772399 2.274802178721956114 8.756877127262675969e-17 1.274911999429940837e-16 0.2893015912166486125 -3.809188894416987692e-17 5.007181082193795403e-17
1429 9.469268631545636694 2.276599177298776588 8.729796101000805731e-17 1.283516216168474716e-16 0.2894790465159507442 -4.362490745446380373e-17 1.386055887642589602e-16
1430 9.475476329817578147 2.278396816626596877 8.709973341544714586e-17 1.295718400950813233e-16 0.2896172011449393846 -3.193639582642660012e-17 1.965890793454636412e-16
1431 9.481683279269178755 2.280194797607685953 8.704638811096529078e-17 1.309236256336524517e-16 0.2897071606647699804 -8.59548396717380786e-18 2.178120649362410137e-16
1432 9.487889480651856999 2.281992810616096712 8.716435725325267786e-17 1.320995356325758273e-16 0.2897472110620905039 1.90105576596305258e-17 1.894962055637345136e-16
1433 9.494094934715832323 2.283790575220935537 8.745074885098863879e-17 1.329246603236764802e-16 0.2897420396539245324 4.615714729526383839e-17 1.329836566616204967e-16
1434 9.500299642210078943 2.285587870251945208 8.788359603699109161e-17 1.333241852602395682e-16 0.2897011822406121428 6.97694809983354665e-17 6.439835667486798144e-17
1435 9.506503603882272557 2.287384552957645756 8.838661833582010394e-17 1.333582576495698073e-16 0.2896372676596570273 8.109055858468630895e-17 5.492697022648358346e-18
1436 9.512706820478735281 2.289180568455825071 8.892327722839674328e-17 1.331766184775925678e-16 0.2895644545036657469 8.652338448139323229e-17 -2.92849631884655838e-17
1437 9.518909292744393014 2.290975951751075268 8.941239388181696398e-17 1.329708210519621587e-16 0.28949723349303913 7.886779296383408079e-17 -3.318388086689065799e-17
1438 9.52511102142272037 2.292770824343896674 8.974847854159324764e-17 1.328888827381542032e-16 0.2894495554677843918 5.419858532625811033e-17 -1.321375600828196064e-17
1439 9.53131200725571226 2.29456538604218574 8.988124309720944463e-17 1.329982981225197251e-16 0.2894340572686667779 2.141279624439807809e-17 1.764694892057199942e-17
1440 9.537512250983848361 2.296359900479934879 8.977289509402372606e-17 1.332979175947169727e-16 0.2894610458865321534 -1.747688715237720907e-17 4.832960045668874705e-17
1441 9.543711753346086013 2.298154671253461956 8.942593946503417137e-17 1.337237011391769307e-16 0.2895369834511746787 -5.597176402178454994e-17 6.86884837242086017e-17
1442 9.549910515079851336 2.299950013259122183 8.888879080927315863e-17 1.341660407174271758e-16 0.2896637107223687946 -8.666453096220410101e-17 7.136786374483927604e-17
1443 9.55610853692104989 2.301746156954081801 8.831593146830554961e-17 1.34549422295670597e-16 0.2898276207206298416 -9.2437180981768255e-17 6.186285148690110542e-17
1444 9.562305819604093315 2.303543238239539548 8.784806540147529206e-17 1.348831012336075132e-16 0.290013467294553795 -7.550435329158341158e-17 5.384919788399581856e-17
1445 9.568502363861924209 2.305341282666172997 8.761318870763674007e-17 1.351865690417012239e-16 0.2902034477705216498 -3.790897785573726441e-17 4.897954849816615632e-17
1446 9.574698170426067634 2.307140200916204531 8.763394295500308663e-17 1.355042263847634368e-16 0.2903790217072037549 3.35012335685827258e-18 5.127583119182631849e-17
1447 9.580893240026671975 2.308939805461152961 8.787251527746969644e-17 1.358700677501315372e-16 0.2905243290354457275 3.851460817078289083e-17 5.906065168891855754e-17
1448 9.587087573392565787 2.310739842963792423 8.824781576123377921e-17 1.362918412671294299e-16 0.2906287336847724889 6.059490659927464298e-17 6.809830515593016291e-17
1449 9.593281171251309303 2.312540033706664833 8.861727372109065988e-17 1.367093406438234313e-16 0.2906879613219118808 5.96586675996304802e-17 6.741621305679470198e-17
1450 9.599474034329249506 2.31434010969768833 8.886038363247166477e-17 1.370205753157777672e-16 0.2907038894920441208 3.926111851108456732e-17 5.026295008271878464e-17
1451 9.605666163351564535 2.316139845788237395 8.885247106115880627e-17 1.371368312327363702e-16 0.2906834226798506449 -1.277994770177463742e-18 1.877701293304837593e-17
1452 9.611857559042302768 2.31793908138304916 8.856706724975320536e-17 1.370233346836673411e-16 0.2906369755462429594 -4.610230077455578019e-17 -1.83335044345940082e-17
1453 9.618048222124418345 2.319737732912207306 8.798334866113148153e-17 1.366491270157587649e-16 0.2905769825847834276 -9.430130484461070711e-17 -6.045425322150643243e-17
1454 9.624238153319788935 2.321535798679946083 8.710358233996907224e-17 1.360917415707139063e-16 0.2905166676124624758 -1.421454011791878931e-16 -9.005775260032549428e-17
1455 9.630427353349224617 2.323333357949590283 8.600958666817332129e-17 1.354702322568169297e-16 0.2904691128337888451 -1.767796798674758482e-16 -1.00430212274068953e-16
1456 9.636615822932469655 2.325130565280908446 8.48052367170751608e-17 1.349591461377653411e-16 0.2904464914854780755 -1.946348714038604958e-16 -8.259657499649590599e-17
1457 9.642803562788186511 2.326927639508355572 8.36769210901310371e-17 1.347387391974902741e-16 0.2904592010990073581 -1.823684578990789386e-16 -3.56241399554842035e-17
1458 9.648990573633936307 2.328724845138133936 8.277979578474832537e-17 1.34863133117497158e-16 0.2905146369587784383 -1.450184820709354128e-16 2.010802431947317159e-17
1459 9.655176856186141521 2.330522469558309773 8.22048097454384255e-17 1.353333184400273291e-16 0.2906165134343371426 -9.295625723716665227e-17 7.601344172236379464e-17
1460 9.661362411160057562 2.332320757221955088 8.199676501292679684e-17 1.360735897816244968e-16 0.2907579049504391833 -3.363791666035644082e-17 1.196914980450377107e-16
1461 9.667547239269724813 2.334119863388573801 8.206302127774680886e-17 1.369679627651627074e-16 0.2909244024074607582 1.071396708329784067e-17 1.446245533437560987e-16
1462 9.6737313412279331 2.335919850738865655 8.23075218569359139e-17 1.378321235510099851e-16 0.2911010424450727885 3.954159648334599857e-17 1.397554852591019081e-16
1463 9.679914717746179065 2.337720678112339634 8.260065771201275914e-17 1.38547402758997237e-16 0.2912710330602891196 4.741264187390045894e-17 1.156913299441185426e-16
1464 9.68609736953463063 2.33952220836813618 8.284421893317668064e-17 1.389862513371248067e-16 0.2914188459591030567 3.939891087790911009e-17 7.098895274017480353e-17
1465 9.692279297302093255 2.341324232571609265 8.301739921377044218e-17 1.391013396182962034e-16 0.2915328585088406421 2.801723869277357845e-17 1.861907044650204141e-17
1466 9.698460501755993945 2.343126503631154822 8.308709993364674208e-17 1.38909004475823405e-16 0.2916068850852155947 1.127755434104802264e-17 -3.111976497200849719e-17
1467 9.704640983602363491 2.344928771626293429 8.309678225961451779e-17 1.384756110336253246e-16 0.2916404539373415039 1.566780272427129902e-18 -7.013111288501265103e-17
1468 9.710820743545838241 2.34673081475246148 8.308137266335892894e-17 1.379129097665838238e-16 0.291638101147932649 -2.493850078378718938e-18 -9.106614966672995474e-17
1469 9.71699978228966188 2.348532462575025015 8.307046087813564345e-17 1.37364876347027734e-16 0.2916081287521017917 -1.76614165679794933e-18 -8.870268537997097876e-17
1470 9.723178100535704971 2.350333610846402355 8.309452974707485758e-17 1.369432653416206439e-16 0.2915612412022360322 3.896153034022768833e-18 -6.82483668859855516e-17
1471 9.729355698984491596 2.352134228819442896 8.313039959958171974e-17 1.366796268975196393e-16 0.2915093319452699561 5.807115611310124004e-18 -4.268149483435485139e-17
1472 9.735532578335231335 2.353934360608113785 8.309618033814291651e-17 1.365946536144240151e-16 0.2914645202840391858 -5.540539133025682368e-18 -1.375826889469697606e-17
1473 9.741708739285856566 2.3557341217591663 8.295057739761841857e-17 1.366860974442062308e-16 0.2914383760009821578 -2.357773113538609814e-17 1.480765446651345243e-17
1474 9.747884182533065101 2.357533691010966326 8.265834416860128489e-17 1.369525373826605873e-16 0.2914411395840129093 -4.732731746993257816e-17 4.31500811742351424e-17
1475 9.754058908772362813 2.359333295766991245 8.22477172737323426e-17 1.373236697844632186e-16 0.2914807034114750839 -6.650894634244854456e-17 6.01120513679784181e-17
1476 9.760232918698104498 2.361133189183268755 8.180332725565949074e-17 1.377634417531077675e-16 0.2915612519386467927 -7.198587918962741459e-17 7.123781029807222684e-17
1477 9.766406213003536507 2.362933622631635977 8.140004570182571456e-17 1.381984316473678933e-16 0.2916825103930234531 -6.533436496866942436e-17 7.047133259407313809e-17
1478 9.772578792380823387 2.364734761323027623 8.114861066124218143e-17 1.385414262171536498e-16 0.2918305326608421346 -4.073890710014745673e-17 5.557389249297906204e-17
1479 9.778750657521079859 2.366536693996893703 8.108078747262105073e-17 1.387248346164568693e-16 0.2919929362651232929 -1.099036178186298047e-17 2.97202874585417753e-17
1480 9.784921809114383251 2.368339417753872134 8.114763944003553281e-17 1.387145528872818282e-16 0.2921548749255831745 1.08342324235205739e-17 -1.666288187262092602e-18
1481 9.791092247849789487 2.370142838924160333 8.129973503858797734e-17 1.384988582795880582e-16 0.2923016362444803562 2.46519188389905762e-17 -3.496015672696330073e-17
1482 9.797261974415329533 2.371946789861266947 8.142912779758752936e-17 1.381596497908650357e-16 0.2924212233122203131 2.097462192352133513e-17 -5.498584201484747784e-17
1483 9.80343098949800229 2.373751056655677427 8.15023804087214035e-17 1.377876269247295202e-16 0.2925061266152268469 1.187564811013510185e-17 -6.03120158962627594e-17
1484 9.809599293783758611 2.375555410938097634 8.148625860754535494e-17 1.375507512222392447e-16 0.2925539897076083751 -2.613952981008662068e-18 -3.840649949043254317e-17
1485 9.815766887957481757 2.37735963967988928 8.141163664592893264e-17 1.375835435347182439e-16 0.2925672874161261428 -1.210043071928363063e-17 5.317484245682835438e-18
1486 9.821933772702957199 2.37916356908731963 8.131411220937275428e-17 1.379559179444673553e-16 0.2925523707827389353 -1.581603193907715304e-17 6.038984449291726122e-17
1487 9.828099948702844202 2.380967081078819714 8.117723257984919113e-17 1.386479722530840862e-16 0.2925182662986714477 -2.220101230740164226e-17 1.122468425467632566e-16
1488 9.834265416638643842 2.38277012262764698 8.098413000171649465e-17 1.395589793521809461e-16 0.2924755201133084626 -3.132361370780484022e-17 1.477765586204030073e-16
1489 9.840430177190667038 2.384572709140087454 8.067995176115458473e-17 1.404957978514862036e-16 0.2924352312751521965 -4.934710956377533267e-17 1.519809077769296117e-16
1490 9.846594231038011458 2.386374923009697113 8.016307794871774551e-17 1.412576057493637383e-16 0.2924082693514543085 -8.386250905975204031e-17 1.236029378937683424e-16
1491 9.852757578858533094 2.388176907680552574 7.937048371019551602e-17 1.416505396159772562e-16 0.2924045455405301919 -1.286127245483627703e-16 6.376061381257576281e-17
1492 9.858920221328828504 2.38997885633688556 7.832420508835783579e-17 1.415599609220799228e-16 0.2924321400449667041 -1.697970113587571605e-16 -1.469970923188226642e-17
1493 9.865082159124229477 2.391780993506586572 7.711213296081601442e-17 1.41041473215101697e-16 0.2924961508993356718 -1.967255533479504879e-16 -8.415322714025596591e-17
1494 9.871243392918794157 2.393583555337501334 7.584988685453083255e-17 1.402640327517471829e-16 0.2925984768212683274 -2.048924379394176294e-16 -1.261970000115537627e-16
1495 9.877403923385314144 2.395386718178591945 7.46705524913599394e-17 1.394472647342992249e-16 0.2927294230791084861 -1.914557353786036721e-16 -1.325959170678053662e-16
1496 9.883563751195323377 2.397190587772564996 7.376767497256043548e-17 1.388110931796133156e-16 0.2928775358027972953 -1.465918288778812037e-16 -1.032892609902273969e-16
1497 9.889722877019121228 2.39899519056828936 7.321237541206137234e-17 1.38544433483109886e-16 0.2930299452025600937 -9.016909436779879374e-17 -4.329998625696202885e-17
1498 9.895881301525793816 2.400800469305865548 7.306650304140190581e-17 1.387094501971955691e-16 0.2931730586445254749 -2.368933294776446895e-17 2.679832969224471889e-17
1499 9.902039025383240656 2.402606293463594778 7.327445252323100944e-17 1.392742894613117219e-16 0.2932949740652853743 3.377435040887425937e-17 9.173900825888021593e-17
1500 9.908196049258211957 2.404412481289099013 7.375480150782575275e-17 1.401044800711945051e-16 0.2933873626140778845 7.802528603869894091e-17 1.348516638530955497e-16
1501 9.91435237381633705 2.406218827691269269 7.437525336572582762e-17 1.409810318244309214e-16 0.2934464228021614884 1.007942762268434083e-16 1.423984768808033387e-16
1502 9.92050799972215458 2.408025132187160189 7.501411134187897173e-17 1.4170868864077203e-16 0.2934728920064690327 1.037961751573806387e-16 1.182234505675127931e-16
1503 9.926662927639146261 2.409831222675403506 7.549688675254581199e-17 1.421779237829116507e-16 0.2934713708968895163 7.844610362878248369e-17 7.624594743901074401e-17
1504 9.932817158229761745 2.411636972930496725 7.573732904015447876e-17 1.423364824968160133e-16 0.2934493052128264723 3.907385422958202965e-17 2.576709835672952039e-17
1505 9.938970692155438158 2.413442313515850479 7.565563883588322717e-17 1.42279434395529607e-16 0.2934159177409692565 -1.327683344137401603e-17 -9.271835536255727347e-18
1506 9.945123530076616092 2.415247236881391313 7.528640903025863095e-17 1.421331734491972539e-16 0.2933812640401106675 -6.001645785274781532e-17 -2.377398516408707383e-17
1507 9.951275672652748483 2.417051797656839085 7.469942126624583021e-17 1.420528193435995603e-16 0.2933554518947733003 -9.542269959067722161e-17 -1.306263290210308985e-17
1508 9.957427120542304166 2.418856108660337512 7.397835833242337818e-17 1.421499617421624149e-16 0.2933479447289631392 -1.172316353704627237e-16 1.579357600169908144e-17
1509 9.96357787440276077 2.420660332173453888 7.321763410786900936e-17 1.424971564595132152e-16 0.2933667915438770146 -1.236937792822292221e-16 5.645387033797133608e-17
1510 9.969727934890594057 2.422464665168359232 7.25032174452284454e-17 1.43051831392971196e-16 0.2934176426251683956 -1.161772541964330982e-16 9.020031882033553664e-17
1511 9.975877302661265489 2.424269322294103635 7.188776549848390908e-17 1.437274826780384912e-16 0.2935033837312292504 -1.000950409452221051e-16 1.098856594754996856e-16
1512 9.982025978369199137 2.426074486873673219 7.135803591172571876e-17 1.444464442933290427e-16 0.2936189313285913483 -8.616313266801991006e-17 1.169426563854979026e-16
1513 9.988173962667763917 2.427880274497509649 7.08476145230680881e-17 1.451385493234724858e-16 0.2937532772186629559 -8.303188797038685731e-17 1.125869499272814984e-16
1514 9.994321256209248716 2.429686733265063125 7.03083193651813165e-17 1.457384948116004939e-16 0.2938954475400524791 -8.773872652402439833e-17 9.760601841568286785e-17
1515 10.00046785964483753 2.431493835588275587 6.970210847495489993e-17 1.462442001562242082e-16 0.2940331298429270102 -9.863640985268359532e-17 8.228317973364944499e-17
1516 10.0066137736245917 2.43330148340643504 6.904940992363671435e-17 1.466801757128518813e-16 0.2941548547559417748 -1.06212308411885127e-16 7.094541605318702973e-17
1517 10.01275899879743214 2.435109525020967336 6.840038136064558623e-17 1.471005582466147534e-16 0.2942518875716448878 -1.056269270646444925e-16 6.841565651345373533e-17
1518 10.01890353581112336 2.436917778981265048 6.785539309682519023e-17 1.475118429633520647e-16 0.2943193774459049172 -8.870468974199277131e-17 6.694251163880153619e-17
1519 10.02504738531226636 2.438726059713551386 6.746150811134382209e-17 1.478722517038319634e-16 0.2943566433141777683 -6.411762294870090646e-17 5.866827267169216442e-17
1520 10.03119054794629683 2.44053420057178716 6.72780313722958022e-17 1.481365944348774999e-16 0.2943667565317739654 -2.987015769628535796e-17 4.303520491570319214e-17
1521 10.03733302435748875 2.442342071780805757 6.728272553602280871e-17 1.482472407487607358e-16 0.2943557113268659431 7.642988593746293567e-19 1.801531783144691037e-17
1522 10.04347481518896146 2.44414959247250918 6.739929850211398083e-17 1.481483529936475862e-16 0.2943314645573354982 1.898240611844593204e-17 -1.610259728856272687e-17
1523 10.04961592108269208 2.445956737186965935 6.750679243549373161e-17 1.478464416388945977e-16 0.2943030353787293163 1.750595324512655677e-17 -4.916785435515626311e-17
1524 10.05575634267953866 2.44776353766034438 6.756718918215821327e-17 1.473886308030325596e-16 0.2942797381773245569 9.837023543587564274e-18 -7.456520788945946717e-17
1525 10.06189608061925966 2.449570080486519696 6.754513314965970242e-17 1.468503863301002356e-16 0.2942705105820196954 -3.592740703796480623e-18 -8.767546142433086997e-17
1526 10.06803513554053708 2.45137650050307121 6.749747667126465145e-17 1.463483687039876165e-16 0.2942832167063931248 -7.763699267331310034e-18 -8.178350577500030326e-17
1527 10.07417350808100664 2.453182968942260178 6.753148297293485932e-17 1.460073083138420067e-16 0.2943237936139919131 5.540569376816828838e-18 -5.556819355460069553e-17
1528 10.08031119887728089 2.454989675832684792 6.771154357023715067e-17 1.459076846993821791e-16 0.2943953134127338944 2.934011944994284868e-17 -1.623325031727756449e-17
1529 10.08644820856497049 2.456796807865748722 6.810545426539762943e-17 1.461110428108925296e-16 0.2944972425887133483 6.419321412519602891e-17 3.314002629697841947e-17
1530 10.09258453777871267 2.458604485010391194 6.868658758670535229e-17 1.465659533613410235e-16 0.2946187167177928279 9.471423250166838355e-17 7.414220121758359109e-17
1531 10.09872018715218367 2.460412770594611942 6.932356620428034269e-17 1.471385344962958723e-16 0.2947505098333470519 1.038275004354792336e-16 9.333071220694660454e-17
1532 10.10485515731811645 2.462221660574228643 6.985299329344767006e-17 1.477007180476612678e-16 0.2948816424882620968 8.63061498436354616e-17 9.164604308419660626e-17
1533 10.11098944890830431 2.4640310845917206 7.009988415283288512e-17 1.481348266493996815e-16 0.2950013030045938733 4.025210482146207023e-17 7.077534172218668624e-17
1534 10.11712306255360971 2.46584091823802698 6.99517762410540914e-17 1.483851078249609943e-16 0.2951006742641898439 -2.414959226721334176e-17 4.080935494514190688e-17
1535 10.12325599888396255 2.467651003054951442 6.936214805075475576e-17 1.484660222779555747e-16 0.2951741970973942308 -9.615186317805183685e-17 1.319488372751019846e-17
1536 10.12938825852834945 2.469461169593554217 6.840113949003586743e-17 1.484201574494862534e-16 0.2952200704889595961 -1.567308913216854885e-16 -7.48009512104109947e-18
1537 10.13551984211480672 2.471271259299708589 6.717145919565952209e-17 1.483173120312626493e-16 0.2952400623553382286 -2.005706598708381303e-16 -1.677490766676201854e-17
1538 10.14165075027040785 2.473081142431213575 6.580438402777312648e-17 1.482503243818053884e-16 0.2952388641549129056 -2.230054044680258188e-16 -1.092742243623443315e-17
1539 10.14778098362124226 2.474890730807136396 6.441181694097545851e-17 1.482942575164434726e-16 0.2952232494037281829 -2.271887827348678256e-16 7.167421573279090992e-18
1540 10.15391054279240457 2.476699985399783532 6.310137817305234353e-17 1.485061678331021586e-16 0.2952012333290155444 -2.138135462334632763e-16 3.457566839239520409e-17
1541 10.16003942840796981 2.478508919374955877 6.196425125060034664e-17 1.488985182196429799e-16 0.2951813307961526633 -1.85556047296605748e-16 6.402362431523948834e-17
1542 10.16616764109097915 2.480317597154425346 6.105695325067078715e-17 1.494258054358923264e-16 0.2951719074104744989 -1.480688734438324958e-16 8.605201829766688026e-17
1543 10.17229518146342393 2.482126129544325543 6.0417424159114099e-17 1.5000911780929452e-16 0.2951805373229999807 -1.043810671755901599e-16 9.520562682182556989e-17
1544 10.1784220501462368 2.483934664261523206 6.003472831744138321e-17 1.505694013180823777e-16 0.2952132515849533179 -6.246873931361117726e-17 9.145697611764537411e-17
1545 10.18454824775927747 2.485743370878469971 5.986103060943839952e-17 1.509786166578236272e-16 0.295273626105381104 -2.835636891449445367e-17 6.680491799565681076e-17
1546 10.19067377492133275 2.4875524263109412 5.979219104605153149e-17 1.511267570143803521e-16 0.295362868939131662 -1.123937419136380668e-17 2.418674405045039531e-17
1547 10.19679863225011296 2.489361955957844597 5.971303658085487882e-17 1.509483783313586553e-16 0.2954725775511407027 -1.29248912259404601e-17 -2.912691115218687429e-17
1548 10.20292282036225728 2.491172033187770918 5.950772601919663662e-17 1.504693266826665955e-16 0.2955942618700863056 -3.352819588254040973e-17 -7.823142358325021817e-17
1549 10.20904633987334265 2.492982672141009548 5.912374245361614127e-17 1.498028941459823e-16 0.2957182525130757078 -6.27131923811237936e-17 -1.088434913065593272e-16
1550 10.21516919139789792 2.494793825603841775 5.852310988664144671e-17 1.490889259282758188e-16 0.2958345286597140467 -9.810756293988972169e-17 -1.166198533132015405e-16
1551 10.22129137554941636 2.496605393372009374 5.77335663366274066e-17 1.485077550178668181e-16 0.2959344313622435108 -1.28978405122246884e-16 -9.493902790626701276e-17
1552 10.22741289294037514 2.498417238639194071 5.682293120952076782e-17 1.481223197811678947e-16 0.2960119753910926965 -1.487758958877509042e-16 -6.297085510942857553e-17
1553 10.2335337441822567 2.500229208403307535 5.588277588016438245e-17 1.479261630378159262e-16 0.2960645071820801055 -1.536154905966016413e-16 -3.205078291102380183e-17
1554 10.23965392988556822 2.502041153889223768 5.503509761390601547e-17 1.478645513617476392e-16 0.2960927093390343656 -1.385203674476749188e-16 -1.006805570905908432e-17
1555 10.24577345065985767 2.503852948064133166 5.441896994049901285e-17 1.478835142262324761e-16 0.2961001272974090326 -1.006932713735936661e-16 3.099086345260040407e-18
1556 10.25189230711374222 2.505664498743234603 5.414768737193982694e-17 1.478884216177497828e-16 0.2960924501300294942 -4.434031094404738764e-17 8.020982216337353549e-19
1557 10.25801049985491353 2.50747575698025349 5.423832228765862576e-17 1.477916578838469752e-16 0.296076740941753791 1.481560713601890209e-17 -1.581745241498405973e-17
1558 10.26412802949016267 2.509286721127568676 5.464326916642996107e-17 1.476043137809485266e-16 0.2960607296647430053 6.620167968660988309e-17 -3.062745990014749581e-17
1559 10.27024489662538187 2.511097437076430072 5.524412629828251067e-17 1.47362534485885079e-16 0.2960521888574811911 9.824018460070519547e-17 -3.95309322640938118e-17
1560 10.27636110186557694 2.512907994833037062 5.590996420080128139e-17 1.471480379031475314e-16 0.2960583345683960865 1.088763171419878816e-16 -3.507399906142834799e-17
1561 10.28247664581486731 2.514718520988683981 5.649773833959254426e-17 1.470175996131292842e-16 0.2960851545621972503 9.61218904178029486e-17 -2.133128049016312115e-17
1562 10.28859152907648955 2.516529166259996675 5.689836937651299367e-17 1.470190017127522935e-16 0.2961366013481163684 6.552443791609249169e-17 2.293177044050331831e-19
1563 10.29470575225278672 2.518340093347108066 5.706671007891113355e-17 1.471531601519700183e-16 0.2962146430822602539 2.753560948531682494e-17 2.194439216917314953e-17
1564 10.30081931594520839 2.520151431254844532 5.703142762685798055e-17 1.474201218645689317e-16 0.2963137762334795977 -5.771798049382618511e-18 4.367182557824751188e-17
1565 10.30693222075429638 2.521963259330766594 5.681956994258378979e-17 1.477502070137154433e-16 0.296425883412829716 -3.466118118674759383e-17 5.400389983879368831e-17
1566 10.31304446727967417 2.52377560536990142 5.645285214786072753e-17 1.481193516887431829e-16 0.2965425336150663838 -6.000367568923597481e-17 6.040077051483332102e-17
1567 10.31915605612003617 2.525588441138248097 5.598082291029912859e-17 1.485117202832704179e-16 0.2966545596630882353 -7.72434150196803296e-17 6.420765447564330853e-17
1568 10.32526698787313535 2.527401687501927174 5.541856377289906273e-17 1.489024434890973877e-16 0.2967536298679185336 -9.201862653199126316e-17 6.394527071738995677e-17
1569 10.33137726313577076 2.529215227556451673 5.482480502948069375e-17 1.493205931105252113e-16 0.2968335579171557104 -9.718424465651000205e-17 6.844119023479475189e-17
1570 10.33748688250377512 2.531028924426265814 5.424112897213766695e-17 1.498019877438371283e-16 0.296891068527299018 -9.554419551715749233e-17 7.880135288645563249e-17
1571 10.34359584657201303 2.532842640050190219 5.373466969534909555e-17 1.50381492004454779e-16 0.2969259604141613051 -8.2913167415807461e-17 9.487146544819490656e-17
1572 10.34970415593436854 2.53465625201346878 5.332089884884132681e-17 1.510716381678529787e-16 0.2969407881139125016 -6.774626753038282781e-17 1.12996908833120722e-16
1573 10.35581181118374694 2.536469666712192872 5.296093949281924711e-17 1.518462919757575987e-16 0.2969402628973442648 -5.894207534810908102e-17 1.268468296498813032e-16
1574 10.36191881291207473 2.538282828280507442 5.261918958230459396e-17 1.526761390665354455e-16 0.2969305600167979065 -5.596632649186679579e-17 1.3589906476012857e-16
1575 10.36802516171029964 2.540095723454785848 5.223309689558296835e-17 1.534732198161265998e-16 0.2969186540337939717 -6.323483150055382158e-17 1.305470645422305812e-16
1576 10.3741308581684013 2.541908382792839927 5.176191584119220814e-17 1.541723927993759298e-16 0.2969117221984660659 -7.717896870607207551e-17 1.145238105214215173e-16
1577 10.38023590287540188 2.543720878457057744 5.119067701035266262e-17 1.547130762483481664e-16 0.2969165816656373358 -9.357830990495541779e-17 8.857283611837605301e-17
1578 10.38634029641937317 2.545533318286825164 5.053121712384148992e-17 1.550272778282860669e-16 0.2969390813547987396 -1.080418834737818651e-16 5.147686945224454191e-17
1579 10.39244403938745265 2.547345835489240429 4.985645234274648474e-17 1.550775071688775851e-16 0.2969833834792602878 -1.105611176959823963e-16 8.230145070581466941e-18
1580 10.39854713236585759 2.549158576969225098 4.92626664203849442e-17 1.548309007326066465e-16 0.2970517396826224954 -9.730297628432361406e-17 -4.041109651876076864e-17
1581 10.40464957593990114 2.550971673264954998 4.883031784261006999e-17 1.543060689262966611e-16 0.2971414753849363488 -7.085596864500406081e-17 -8.601269420889429175e-17
1582 10.41075137069400292 2.552785206603120027 4.860445798443528072e-17 1.535675752043830299e-16 0.2972446789964340863 -3.701924835265420858e-17 -1.210417943202635677e-16
1583 10.4168525172117068 2.554599214703054955 4.857293252928362781e-17 1.526951277356310376e-16 0.2973540591319407955 -5.167684783580414347e-18 -1.430124795044189206e-16
1584 10.4229530160756898 2.556413684638192851 4.870122309518808032e-17 1.517928669338282409e-16 0.2974613149606072926 2.103175130762367484e-17 -1.479152006568130069e-16
1585 10.42905286786777275 2.558228555345751776 4.891585696180369821e-17 1.509779876610411786e-16 0.2975585536060871283 3.519046433391701261e-17 -1.336041717815962852e-16
1586 10.4351520731689309 2.560043727888957399 4.91263638437890639e-17 1.50338467392840911e-16 0.2976395615781366466 3.451747675328998143e-17 -1.048641535263194109e-16
1587 10.4412506325592922 2.561859080781935916 4.925617357387706847e-17 1.499424110757343759e-16 0.2977006358989877643 2.128756306421150451e-17 -6.494947506376332735e-17
1588 10.44734854661814616 2.563674487060656038 4.929794724359611563e-17 1.497695756912600942e-16 0.2977408718022138134 6.851209553651733801e-18 -2.83463589692574022e-17
1589 10.45344581592394029 2.565489830232301927 4.925936036113738802e-17 1.497956220007072413e-16 0.2977619802492170731 -6.329220123232289622e-18 4.272250448457127569e-18
1590 10.45954244105427655 2.567305017257843325 4.915993121563922849e-17 1.499448378698774957e-16 0.2977678026291459834 -1.631060477828625682e-17 2.44777429846216768e-17
1591 10.46563842258590782 2.569119987787396919 4.904839118472240426e-17 1.501505281218504855e-16 0.2977636971149688061 -1.829923485880381911e-17 3.374550103744540057e-17
1592 10.47173376109472898 2.570934719631737142 4.895614679857325294e-17 1.503728070076970573e-16 0.2977559218973959698 -1.513519053702787229e-17 3.647087297221827094e-17
1593 10.4778284571557716 2.572749230782222618 4.893887975820597717e-17 1.506303800760367741e-16 0.2977510692685371163 -2.83342416004641129e-18 4.226629111229355287e-17
1594 10.48392251134319508 2.57456357820006021 4.898993520435809819e-17 1.509270960684535967e-16 0.2977555356021182043 8.378793148970002503e-18 4.869454900158014537e-17
1595 10.49001592423027596 2.576377853218013492 4.910131692507956738e-17 1.512907258829181288e-16 0.2977749652488833609 1.828095944054280223e-17 5.968216190717124727e-17
1596 10.49610869638940258 2.57819217301983139 4.923114768693375929e-17 1.517219622229494566e-16 0.297813606307940737 2.131121942160414956e-17 7.078578399854076737e-17
1597 10.50220082839206803 2.580006668273774117 4.931848062329049715e-17 1.521486829504305866e-16 0.2978736785322437242 1.433687024150653554e-17 7.005191803317104309e-17
1598 10.50829232080886477 2.581821469298318572 4.925121446373671607e-17 1.524715126124431383e-16 0.2979551312729568635 -1.104379881265664246e-17 5.300236941837388074e-17
1599 10.51438317420947932 2.58363665886567917 4.899836279266261356e-17 1.525682381404583002e-16 0.2980501642888346292 -4.15176923994391214e-17 1.588212054224344873e-17
1600 10.52047338916269581 2.585452281585841394 4.856494525788398932e-17 1.523863780322041554e-16 0.2981525150580049965 -7.117366765102945278e-17 -2.986416068854313679e-17
1601 10.52656296623639243 2.587268336659713341 4.801500739454532156e-17 1.519370553560797554e-16 0.2982547282627547314 -9.031750763029094081e-17 -7.379325362861202439e-17
1602 10.53265190599754852 2.589084778316815605 4.74373483131917084e-17 1.513242299653636215e-16 0.2983494173525698123 -9.488014639853092088e-17 -1.006561909346844452e-16
1603 10.53874020901225173 2.590901523608024615 4.691893363763948529e-17 1.507514842006022925e-16 0.2984304727760292986 -8.515818781405254552e-17 -9.408296814378307437e-17
1604 10.54482787584570147 2.592718465443259124 4.656063807593165089e-17 1.504006803434347507e-16 0.2984939243129756115 -5.88621199667021288e-17 -5.763135503815233498e-17
1605 10.55091490706222146 2.594535487945033303 4.642757389359772133e-17 1.504450329181901949e-16 0.2985383226950078517 -2.186255688411485131e-17 7.28716527272803297e-18
1606 10.55700130322527031 2.596352481385126421 4.653934355725351196e-17 1.509213134461748126e-16 0.2985646724217383419 1.836576416829084658e-17 7.826144920551012739e-17
1607 10.56308706489745575 2.598169354796813213 4.682736675635758854e-17 1.517860556184577719e-16 0.2985760510534309908 4.733231762163909635e-17 1.421074805315714715e-16
1608 10.56917219264054353 2.599986045322747241 4.722525390825279148e-17 1.528949025848385493e-16 0.2985770737862352142 6.539362638495122535e-17 1.822414317532158681e-16
1609 10.57525668701546806 2.601802524116237691 4.762505309410617327e-17 1.541099911419574922e-16 0.2985733277329941648 6.571470791344710565e-17 1.997232421812014162e-16
1610 10.5813405485823484 2.60361879900005011 4.79498183977370256e-17 1.5526124469668703e-16 0.2985708394051887482 5.338699014061407709e-17 1.892503955581257923e-16
1611 10.58742377790049183 2.605434914088693876 4.812094226668197764e-17 1.562131372061284625e-16 0.2985755757225679319 2.813335344747767372e-17 1.564944071053990549e-16
1612 10.59350637552840801 2.607250946295950556 4.810608728425662742e-17 1.568852655676085062e-16 0.2985929318468820148 -2.44246370587175833e-18 1.105116843356757646e-16
1613 10.59958834202381084 2.609066998307223884 4.788397177150420488e-17 1.572389351175806908e-16 0.2986271495637553008 -3.652413148709598633e-17 5.815655550616152759e-17
1614 10.6056696779436237 2.610883187563738606 4.7490984265271196e-17 1.573133184498053726e-16 0.298680660810728249 -6.462859948708410142e-17 1.2232680455785011e-17
1615 10.61175038384398128 2.612699637326310054 4.696441117854839095e-17 1.572274573645192849e-16 0.2987544287668380538 -8.660632678614271935e-17 -1.412171149265973624e-17
1616 10.61783046028023314 2.6145164318752947 4.631896625068865219e-17 1.570840664596099943e-16 0.2988420479006491659 -1.061683524735737596e-16 -2.35861736250611499e-17
1617 10.62390990780693834 2.616333620261244608 4.555515050362690162e-17 1.569759045243623683e-16 0.2989377270248612106 -1.256519935180329033e-16 -1.779324770262330782e-17
1618 10.62998872697785835 2.618151211080562923 4.466979850156900209e-17 1.569850043532426987e-16 0.2990348130296069384 -1.456604355539641649e-16 1.497127735742255345e-18
1619 10.63606691834595885 2.619969171315888357 4.367362382259231514e-17 1.570870774538089037e-16 0.2991264592517023924 -1.63910188313428697e-16 1.679506766095237265e-17
1620 10.64214448246339906 2.621787432042976373 4.257898116530899483e-17 1.57222815953221041e-16 0.2992067553080004494 -1.801306450874025466e-16 2.233666237983724925e-17
1621 10.64822141988152815 2.623605899401763253 4.141059809820280272e-17 1.572912449546111234e-16 0.299271593929194224 -1.922849267121294513e-16 1.126160236973009063e-17
1622 10.65429773115087286 2.625424468286676749 4.020045243449401085e-17 1.572205490279298901e-16 0.2993191194557037194 -1.991784515171969478e-16 -1.163587626450407622e-17
1623 10.66037341682113926 2.627243036200103354 3.903624864005220861e-17 1.569622459107452208e-16 0.299349755856235189 -1.916365724150478845e-16 -4.25186073587090983e-17
1624 10.66644847744119851 2.629061515354673695 3.805155183142783605e-17 1.565617161713962828e-16 0.2993659196142360313 -1.621050562576871419e-16 -6.593694156553805228e-17
1625 10.67252291355908866 2.630879841971706323 3.736475159123812226e-17 1.561160451409366151e-16 0.2993715591227847916 -1.130756470182563025e-16 -7.337583357949696661e-17
1626 10.67859672572200935 2.632697982455361796 3.706841753097493066e-17 1.557562445215992497e-16 0.2993716410286244578 -4.879381693063989112e-17 -5.924410287459237889e-17
1627 10.68466991447632353 2.63451593654352223 3.720162067540184264e-17 1.556336645938874615e-16 0.2993716528933122456 2.193523245574587747e-17 -2.018585387255525667e-17
1628 10.69074248036755037 2.636333737610173422 3.768804095424832168e-17 1.55829627668818825e-16 0.2993771343307188859 8.010948603395025407e-17 3.227353360269638238e-17
1629 10.69681442394037951 2.638151450090173711 3.836344337087168496e-17 1.56342127135278324e-16 0.2993932030605727102 1.112447073409933991e-16 8.441316133237221259e-17
1630 10.70288574573866569 2.639969163698205445 3.906197583453140539e-17 1.571056095185346021e-16 0.2994240266073917023 1.150662029820350413e-16 1.257651196691838445e-16
1631 10.70895644630544119 2.641786984027507224 3.956430526023780831e-17 1.579823622993941992e-16 0.2994722254061594757 8.275499430742893758e-17 1.444384256148775574e-16
1632 10.7150265261829194 2.643605025048815005 3.977003612133771376e-17 1.588322889002589134e-16 0.2995391850850299686 3.389607481814935372e-17 1.400333207124236592e-16
1633 10.72109598591250901 2.645423371854930483 3.965791479306920542e-17 1.595620297631385994e-16 0.2996201530225762744 -1.847491876682697925e-17 1.20243876617746887e-16
1634 10.72716482603481758 2.647242075993154753 3.933293908831092829e-17 1.601383532563659503e-16 0.2997096054652260699 -5.355370244771348709e-17 9.497404396086124267e-17
1635 10.73323304708966575 2.649061153139281366 3.895287487843247007e-17 1.606056248108471633e-16 0.2998016330507505267 -6.263828393882675711e-17 7.701090380357477645e-17
1636 10.73930064961609609 2.650880580742463799 3.866948921138350692e-17 1.610229896351783869e-16 0.2998899358158417239 -4.670947574599777281e-17 6.879279514148414519e-17
1637 10.74536763415238205 2.652700302003049071 3.861985825071533319e-17 1.6145076825431538e-16 0.2999688669497589943 -8.181331591671064241e-18 7.051644142828794841e-17
1638 10.75143400123603676 2.654520235013451135 3.88420228581779792e-17 1.619189614503750983e-16 0.3000342843113049107 3.662607283804610933e-17 7.71863632871579933e-17
1639 10.7574997514038202 2.656340284881605118 3.931417221060439116e-17 1.624387107085951397e-16 0.300084042956621444 7.784648598621192866e-17 8.56946073068604007e-17
1640 10.76356488519174803 2.65816035648132809 3.9914238116713533e-17 1.62962367379859474e-16 0.3001180995302438204 9.894700810768628482e-17 8.634761676963426287e-17
1641 10.76962940313509165 2.659980365951019277 4.050473511312958998e-17 1.634732465229097622e-16 0.3001383069213359178 9.737903659177950199e-17 8.424923253973283181e-17
1642 10.77569330576838169 2.661800249815839958 4.096003677130832967e-17 1.639729645795352035e-16 0.3001480232727673503 7.50915458600578909e-17 8.241701011213501189e-17
1643 10.78175659362540983 2.663619971301856904 4.119534644360773691e-17 1.644661482505095366e-16 0.3001516495740897406 3.881285506827651509e-17 8.134755429522464342e-17
1644 10.78781926723922879 2.665439523849457704 4.117436579474604986e-17 1.649452055761087662e-16 0.3001541681771502934 -3.460976829276224324e-18 7.902550177185736908e-17
1645 10.79388132714214876 2.667258931961111301 4.089716976444808805e-17 1.654241855707287557e-16 0.3001607033143662839 -4.573100167975847671e-17 7.902073819380604105e-17
1646 10.79994277386573209 2.669078249382029977 4.040122862577862313e-17 1.659354900848969532e-16 0.3001760811114785876 -8.182720934567665963e-17 8.436207093542818111e-17
1647 10.80600360794079329 2.670897554357893888 3.977695303061431133e-17 1.664592905295023739e-16 0.3002043471169141831 -1.030120018103739567e-16 8.643255120964211319e-17
1648 10.8120638298973919 2.672716941599923679 3.908896513082119726e-17 1.669739632330224027e-16 0.3002482225273737093 -1.135366563320268194e-16 8.493494999054735366e-17
1649 10.81812344026482364 2.674536515373300283 3.83757493619319354e-17 1.674310095102101002e-16 0.3003092889175566493 -1.177118089597612341e-16 7.54326340118263306e-17
1650 10.82418243957162218 2.676356360558866054 3.763188661311320489e-17 1.677790570834724529e-16 0.3003843519248814431 -1.22782273732532825e-16 5.744886738864516719e-17
1651 10.83024082834555202 2.678176529719241916 3.682119966268635504e-17 1.680152125698393014e-16 0.3004680808047458518 -1.338257769832168446e-16 3.898384134005280416e-17
1652 10.83629860711360315 2.679997043704150261 3.593545423852249979e-17 1.681178915163046193e-16 0.3005552425946599326 -1.462309177757102826e-16 1.695163888883824739e-17
1653 10.84235577640199111 2.681817888429831154 3.499376641207357696e-17 1.68103672435155574e-16 0.300640070471884846 -1.554822827631544305e-16 -2.347715595076578889e-18
1654 10.8484123367361569 2.683639017447294162 3.406205410467173262e-17 1.679807158765397524e-16 0.300717219381563039 -1.538506781555791097e-16 -2.030342389645077415e-17
1655 10.85446828864076707 2.685460359488942128 3.325440702721365096e-17 1.677493472527939516e-16 0.3007825883986306459 -1.333775715464492477e-16 -3.820899750468116638e-17
1656 10.86052363263971543 2.687281829147889045 3.266281241259219264e-17 1.674158489543736705e-16 0.3008338387518904034 -9.770773728089760822e-17 -5.508056246679092503e-17
1657 10.86657836925612841 2.689103338544393651 3.239166993012039836e-17 1.670007601402578549e-16 0.3008705577588857705 -4.478636788257145468e-17 -6.856291999489443369e-17
1658 10.87263249901236861 2.690924808167439508 3.252711135459279747e-17 1.665085291383208102e-16 0.300894123532664981 2.237398208073865106e-17 -8.131314079000787011e-17
1659 10.87868602243004368 2.692746175728188529 3.303254845292982446e-17 1.659509656337131298e-16 0.3009073774204960583 8.350305286488102338e-17 -9.211483477166396355e-17
1660 10.88473894003001341 2.694567402507910714 3.379217046031834677e-17 1.653499771887285709e-16 0.3009142107563237967 1.255093870634408785e-16 -9.929898110974826421e-17
1661 10.89079125233239509 2.696388477125435834 3.466342494073937454e-17 1.647677049267001119e-16 0.3009191389783282267 1.439683720569234019e-16 -9.621619347957918037e-17
1662 10.89684295985657592 2.698209416816082395 3.548687300867368394e-17 1.642492037194449293e-16 0.3009268906855816494 1.360823029984934472e-16 -8.568705318331383674e-17
1663 10.90289406312121834 2.700030266232914755 3.612002994757734825e-17 1.63832802845840151e-16 0.3009419982425633466 1.046453993577763803e-16 -6.882090842556540837e-17
1664 10.90894456264426893 2.70185109356975639 3.650920487909203679e-17 1.635362224406765069e-16 0.3009683549839078931 6.432753758087485984e-17 -4.902239485123396633e-17
1665 10.91499445894296372 2.703671983680862034 3.660948586357714979e-17 1.633466819282623724e-16 0.3010087184151696293 1.657730493299697221e-17 -3.133266877642227579e-17
1666 10.9210437525338353 2.705493031217858224 3.64830601280327912e-17 1.632358501913106751e-16 0.3010647124983744649 -2.090133670362298604e-17 -1.832325864271597682e-17
1667 10.92709244393271817 2.707314320058094914 3.621706819497546057e-17 1.631916915079846936e-16 0.3011345604881325855 -4.397949522614085153e-17 -7.301261283395943257e-18
1668 10.93314053365474869 2.70913590271225857 3.593328448989044121e-17 1.632083341550157558e-16 0.3012130798106992802 -4.692587712853536704e-17 2.751993140125452749e-18
1669 10.93918802221437048 2.71095780370231898 3.574293824768003993e-17 1.63307019347897899e-16 0.3012956444518237742 -3.147838111326867823e-17 1.631999705225027846e-17
1670 10.94523491012533079 2.712780015737484174 3.570862714980888476e-17 1.635359296176325215e-16 0.301376994094556816 -5.674737813678988505e-18 3.785963854845121941e-17
1671 10.95128119790067878 2.714602501147723945 3.582524212034783446e-17 1.639599225850173344e-16 0.3014521034482614548 1.928894901709800375e-17 7.013146505715844548e-17
1672 10.95732688605276905 2.716425198057302204 3.605490663756638234e-17 1.646647181727256272e-16 0.3015169664784495551 3.799191636062581256e-17 1.165897777499121484e-16
1673 10.96337197509325101 2.718248029752845962 3.627838464919289204e-17 1.657073937435294035e-16 0.301569125419675399 3.697218381790207855e-17 1.725001604659883343e-16
1674 10.96941646553306882 2.720070915309986237 3.638007974384099135e-17 1.670888055417155785e-16 0.3016078797838257497 1.682609298268134048e-17 2.285632698812584017e-16
1675 10.97546035788245611 2.721893779754295473 3.6251374212010955e-17 1.687937704282749166e-16 0.3016342101693955668 -2.129724542007659084e-17 2.821250579160620181e-16
1676 10.98150365265092887 2.723716562582123135 3.587014150692091906e-17 1.707254589321600078e-16 0.301650507674133761 -6.308981919115018628e-17 3.196731991158834912e-16
1677 10.98754635034728722 2.7255392240605536 3.52646313105653415e-17 1.726964954165973611e-16 0.3016602070231509947 -1.002151706989102136e-16 3.262170627853035174e-16
1678 10.99358845147960828 2.72736174916134555 3.452280048670536096e-17 1.745202974499667382e-16 0.3016673954544611402 -1.227890756645592427e-16 3.018787554651907965e-16
1679 10.99962995655524267 2.729184149177498853 3.378398325778808241e-17 1.760351297792482567e-16 0.3016764294245717903 -1.223023165285126797e-16 2.507622938015638314e-16
1680 11.00567086608081979 2.731006461034749755 3.314563105706788553e-17 1.771449844307679005e-16 0.3016915531228586689 -1.056819479653654345e-16 1.83741203364990996e-16
1681 11.01171118056224252 2.732828744138266597 3.266493356959428668e-17 1.77811785692772986e-16 0.3017164903142262045 -7.958936706569094543e-17 1.104026789915414095e-16
1682 11.01775090050469252 2.734651074470470178 3.235722492338747827e-17 1.780515703680011889e-16 0.301753988902297321 -5.095251380705940444e-17 3.970519556696309455e-17
1683 11.02379002641263028 2.736473537459896743 3.218470084852322994e-17 1.77979480285697568e-16 0.3018056169269094369 -2.857053073298854185e-17 -1.193834491574517354e-17
1684 11.02982855878980573 2.738296215360517039 3.206112521786146466e-17 1.777358106802248928e-16 0.3018708528075995656 -2.046652400921274165e-17 -4.035641820329156853e-17
1685 11.03586649813926002 2.740119159873093846 3.192671320231305459e-17 1.774495162050224964e-16 0.3019446398719901059 -2.226342455803423431e-17 -4.742057787054668683e-17
1686 11.04190384496333266 2.741942398022739091 3.173328293411827948e-17 1.772534267763542209e-16 0.3020228930854819138 -3.204209456776106282e-17 -3.248258959554511158e-17
1687 11.0479405997636686 2.743765927935907012 3.148261774251503904e-17 1.77217520608483497e-16 0.3021008261896542257 -4.152723842559950134e-17 -5.948508385148380391e-18
1688 11.05397676304123245 2.745589719370740589 3.123073534029171871e-17 1.773475421245794299e-16 0.302173738919237822 -4.173297768268583431e-17 2.154253326792363805e-17
1689 11.06001233529630845 2.747413718717547582 3.105177821215798195e-17 1.77643845421784191e-16 0.3022377577506219493 -2.965330071817600601e-17 4.909762951288507843e-17
1690 11.06604731702851296 2.749237857188105316 3.098246112597805012e-17 1.780754241702722166e-16 0.3022903647526780091 -1.148700474395257477e-17 7.151984315097320113e-17
1691 11.07208170873679798 2.751062060459984693 3.104304694717845673e-17 1.786102659069759233e-16 0.3023306393970410788 1.004106852798423551e-17 8.86409133929818969e-17
1692 11.07811551091946001 2.752886258152579479 3.120106993751192909e-17 1.792187187359992131e-16 0.3023592314451679641 2.619217758132893637e-17 1.008505440506389858e-16
1693 11.08414872407414364 2.754710391970922156 3.14249726920563771e-17 1.798656212312668723e-16 0.3023781408802209691 3.711531356762911973e-17 1.072340043711903322e-16
1694 11.09018134869784511 2.756534421892918196 3.166714330674988091e-17 1.805157388781211437e-16 0.302390394199866186 4.014740479731968875e-17 1.077774707190341032e-16
1695 11.09621338528691226 2.758358330196874597 3.186311682758526377e-17 1.81129671477333548e-16 0.3023996868406967908 3.249194666263431143e-17 1.017885742065020556e-16
1696 11.10224483433704634 2.760182123336929916 3.196960825365758204e-17 1.816545015638210772e-16 0.3024100266533835679 1.765774543702340639e-17 8.702405824290900921e-17
1697 11.10827569634330381 2.762005831673015166 3.198806637379048144e-17 1.820347763663577966e-16 0.3024253782690657366 3.060908289376749976e-18 6.306093399246104627e-17
1698 11.11430597180008917 2.763829506924915247 3.194910053559397053e-17 1.822665042399624104e-16 0.3024492856262241403 -6.462329251922498567e-18 3.843114598301841419e-17
1699 11.12033566120115502 2.765653217102212569 3.187993124983196636e-17 1.823723522415698466e-16 0.3024844531072475862 -1.147256501389075456e-17 1.755617492148164858e-17
1700 11.12636476503959493 2.767477038949047508 3.187047343897425949e-17 1.823303184896672617e-16 0.3025323328908868237 -1.568844888982771333e-18 -6.972484206894765878e-18
1701 11.13239328380784343 2.769301052581373934 3.197294437334027214e-17 1.821586365469875283e-16 0.3025934880650110737 1.699934523819753614e-17 -2.848105790031084685e-17
1702 11.13842121799767071 2.771125308325609993 3.219957916873171342e-17 1.818395228605826002e-16 0.302662980117579361 3.760106705884597141e-17 -5.294427583894533684e-17
1703 11.14444856810017548 2.772949834766958777 3.254042551595525615e-17 1.813862620640444098e-16 0.3027372040463338076 5.655542601596085622e-17 -7.520795705561400986e-17
1704 11.15047533460578677 2.774774634288414532 3.292332358778383255e-17 1.808194591802426389e-16 0.3028118131816655012 6.353906718568232976e-17 -9.405669332031199857e-17
1705 11.15650151800425682 2.776599682893651444 3.325276030869870751e-17 1.80191515121763687e-16 0.302882429777276363 5.467284224773139376e-17 -1.042126887199419149e-16
1706 11.16252711878466108 2.778424934214426933 3.343797006414006419e-17 1.796153705920689701e-16 0.302945339522025292 3.074011321418078638e-17 -9.562535206821144811e-17
1707 11.16855213743540354 2.780250326649932546 3.340477666897806684e-17 1.791968777060458616e-16 0.3029980117374196924 -5.509792054175262061e-18 -6.946589123786778566e-17
1708 11.1745765744442096 2.782075792094337974 3.312351680941580942e-17 1.790495784868465752e-16 0.3030393636022175041 -4.669100097720913065e-17 -2.445264673842712422e-17
1709 11.18060043029813677 2.783901264737310921 3.259367323883611183e-17 1.792252919591843418e-16 0.3030697729678726304 -8.796602417582539459e-17 2.917241316861128579e-17
1710 11.18662370548357288 2.78572668880073282 3.187882355494088054e-17 1.796959606625146045e-16 0.3030909024302670951 -1.186926589472137239e-16 7.814918456296716018e-17
1711 11.19264640048624493 2.787552024560847386 3.104967795161614744e-17 1.803724757572859176e-16 0.3031054152359718978 -1.376834486445654575e-16 1.123384492840859011e-16
1712 11.19866851579122446 2.789377252406702201 3.023015976602521969e-17 1.811085104356992874e-16 0.3031166496483035377 -1.360978615937313219e-16 1.222337070148814462e-16
1713 11.20469005188293288 2.791202374905485062 2.953047154687572602e-17 1.817393693549009936e-16 0.303128288241364563 -1.162087982121049251e-16 1.04777177656258568e-16
1714 11.21071100924514852 2.793027416871664226 2.907274144637192441e-17 1.821519369246046416e-16 0.3031440264897277137 -7.603011233915062476e-17 6.852850323265399845e-17
1715 11.21673138836101735 2.794852423329939661 2.892159902507312185e-17 1.822831388648546745e-16 0.3031672228948016357 -2.510754300017821984e-17 2.179506142767236191e-17
1716 11.22275118971305474 2.796677455154159997 2.909492475919785679e-17 1.82167296644284862e-16 0.3032005127183616255 2.879536167888852957e-17 -1.924537435735023494e-17
1717 11.22877041378315255 2.798502582244901671 2.952526699656817801e-17 1.819032753510833441e-16 0.3032453986813963276 7.150148830883309495e-17 -4.386721490432474989e-17
1718 11.23478906105258446 2.800327879761078886 3.013038913384122758e-17 1.816388275031747641e-16 0.3033027578963869431 1.00550847997335654e-16 -4.394229482019341635e-17
1719 11.24080713200201131 2.802306073044542156 3.085309857905091575e-17 1.815892728431912411e-16 0.3034311497078273079 1.108549703903422887e-16 -7.601091146088052589e-18
1720 11.24732654599549164 2.804284608545093427 3.149277800807315093e-17 1.819690901618457531e-16 0.3035077556120054365 9.81269569131340634e-17 5.826405535573164208e-17
1721 11.25384544201698489 2.806263489095895736 3.193634330153130571e-17 1.828630775974190368e-16 0.303584703267455791 6.804839126831112326e-17 1.371487077597144138e-16
1722 11.26036382232239497 2.808242684316272442 3.212074378114216419e-17 1.842325040997300002e-16 0.3036568977434223604 2.829153840134106285e-17 2.101034799893410759e-16
1723 11.26688168914868626 2.810222136556570049 3.196369982992333799e-17 1.858643062896243506e-16 0.3037201552466716192 -2.409626879280814682e-17 2.50377960304866647e-16
1724 11.27339904470149712 2.812201771177411658 3.145785173137023587e-17 1.874850680103086135e-16 0.3037718683449689427 -7.762160773430507344e-17 2.487033773055182375e-16
1725 11.27991589114823157 2.814181508686957045 3.064372960285967817e-17 1.888158818551343687e-16 0.3038112914202303338 -1.249354998044019745e-16 2.042272123890142485e-16
1726 11.2864322306176792 2.816161276453802653 2.959882906347893725e-17 1.896724343169190943e-16 0.3038394759685288937 -1.603632696932548976e-16 1.314570605131584632e-16
1727 11.29294806520610805 2.818141018437521961 2.850304763244344197e-17 1.89993329849114253e-16 0.303858966783521145 -1.681850545137778704e-16 4.925237008667779675e-17
1728 11.29946339698872926 2.820120702171281302 2.754039911540875186e-17 1.898802936893403803e-16 0.3038733805721825498 -1.477626219712499842e-16 -1.735058959753743289e-17
1729 11.30597822803458108 2.822100322776960102 2.687096048278657105e-17 1.895748638186753499e-16 0.3038869507797427039 -1.027639660943814025e-16 -4.688582842954618208e-17
1730 11.31249256042232965 2.824079903980402761 2.663154454410119133e-17 1.893513197616384735e-16 0.3039040673537973802 -3.675498505910337735e-17 -3.431834372246701493e-17
1731 11.31900639625440519 2.826059495985424164 2.687309915541526307e-17 1.894082940954361919e-16 0.3039287946958924569 3.708612768878731669e-17 8.747328012955306898e-18
1732 11.32551973766715925 2.828039169882344606 2.750671135871888371e-17 1.897702223180809686e-16 0.3039643396867032776 9.728648505910095711e-17 5.557141172662322722e-17
1733 11.33203258683545478 2.830019008366477795 2.835838980490946607e-17 1.903510217978694358e-16 0.3040124850192216788 1.307787897541928628e-16 8.918419081325843691e-17
1734 11.3385449459709946 2.831999098379435864 2.922352652731829814e-17 1.909603216605114977e-16 0.3040738842083426929 1.328553155829268024e-16 9.35675523176915891e-17
1735 11.34505681731474169 2.833979494059839066 2.995272505919049035e-17 1.914093468938572589e-16 0.3041435015818759191 1.11988223882013699e-16 6.896001042609477572e-17
1736 11.35156820312473869 2.835960222899196914 3.044479194849507199e-17 1.916035459217436866e-16 0.3042172461055120403 7.55758340008196049e-17 2.982674472449794912e-17
1737 11.35807910566137835 2.837941281403693061 3.065100106385488443e-17 1.915278930322928079e-16 0.3042903598642787144 3.167369655046834766e-17 -1.162027517286223156e-17
1738 11.36458952717252835 2.8399226361233465 3.059381188058249657e-17 1.913007982494825976e-16 0.3043582422142463439 -8.784898091088370854e-18 -3.48842982160339588e-17
1739 11.37109946988095999 2.841904230055786851 3.032947931883635081e-17 1.911020014031355019e-16 0.304417275316775704 -4.060741048251323749e-17 -3.053965462642620364e-17
1740 11.37760893597607037 2.843885992617585234 2.99342827259210915e-17 1.911068689994907804e-16 0.3044653723476421492 -6.071548637152772293e-17 7.478264880538249327e-19
1741 11.38411792761120189 2.845867850899394647 2.942295504789412769e-17 1.914429315226947941e-16 0.304502175036508449 -7.856282739521257113e-17 5.163425165317284246e-17
1742 11.39062644690690718 2.847849740220548043 2.880100715581509797e-17 1.92139356302322353e-16 0.3045289464053345108 -9.556595026387006038e-17 1.070097619109818006e-16
1743 11.39713449595954309 2.849831612693909388 2.807116484235607576e-17 1.930953019625546659e-16 0.3045482654139629042 -1.121526301905110701e-16 1.468972381255037715e-16
1744 11.40364207685371589 2.85181344319993757 2.727331927271087845e-17 1.941612789203497054e-16 0.304563629197160457 -1.226112634208199836e-16 1.638171427471293048e-16
1745 11.41014919167649388 2.85379523260099921 2.647957420036816395e-17 1.95147604199423907e-16 0.3045790292681740952 -1.219898055217410379e-16 1.51587245285585266e-16
1746 11.41665584253103027 2.855777008135758965 2.579275100919489918e-17 1.959034514010902906e-16 0.3045985183925703499 -1.055645923363449331e-16 1.161735694686956925e-16
1747 11.42316203154737231 2.857758820808501632 2.533505067890378677e-17 1.963203859452355283e-16 0.3046257488989147499 -7.035342330980420023e-17 6.408728710786189571e-17
1748 11.42966776088872294 2.859740739464580628 2.519382979258225065e-17 1.96390937941698654e-16 0.304663463368826215 -2.170868324730287685e-17 1.084535711095531421e-17
1749 11.43617303275218688 2.861722843278938999 2.542734160295847769e-17 1.961635965237633647e-16 0.3047132506060818979 3.589829265208485221e-17 -3.494970442750664093e-17
1750 11.44267784936392296 2.863705207064290992 2.597524003374117944e-17 1.957759545692341573e-16 0.3047744415194610368 8.423551695459851349e-17 -5.959721473633678188e-17
1751 11.44918221296957483 2.86568787587661955 2.67233635899687103e-17 1.95382349018253608e-16 0.3048424629052837731 1.150266882798300476e-16 -6.051826953044312965e-17
1752 11.45568612582158607 2.867670869241514708 2.750963836565131873e-17 1.950795259553319969e-16 0.3049133907759501438 1.209009128215920515e-16 -4.656334638087567294e-17
1753 11.4621895901655062 2.869654177812821949 2.81803956044348206e-17 1.949535636795658065e-16 0.3049827868222705907 1.031455291047132054e-16 -1.936981791609394422e-17
1754 11.46869260822751535 2.871637765466860781 2.865454626177731939e-17 1.950519322399964809e-16 0.3050465340102746503 7.291737994362650877e-17 1.51276341904334121e-17
1755 11.47519518220520141 2.873621576066595296 2.897364423835196954e-17 1.954145487819960983e-16 0.3051015547041289744 4.907589906460300412e-17 5.576886762290484832e-17
1756 11.48169731426302853 2.875605543081013238 2.922690336082437076e-17 1.960714689640788102e-16 0.305146249927140456 3.895280058623553338e-17 1.010383381413238637e-16
1757 11.48819900653318271 2.877589599977252721 2.949821569332513446e-17 1.970259326736387983e-16 0.3051806184887492779 4.173230394407690987e-17 1.468122339438305253e-16
1758 11.49470026112157939 2.879573689681221627 2.984635568080195317e-17 1.98250963300989485e-16 0.3052061140402430595 5.355325039350872686e-17 1.884425067103126678e-16
1759 11.50120108011797448 2.881557772056869915 3.023578640245470997e-17 1.996687524388503633e-16 0.3052253406423940385 5.990886574669000703e-17 2.181084706330886715e-16
1760 11.50770146560848595 2.883541828941005747 3.056581437361315022e-17 2.011075136647914674e-16 0.3052416770540644642 5.077389272285273628e-17 2.213494446646872164e-16
1761 11.51420141968842792 2.885525866599354394 3.07267449107898861e-17 2.024110067060271879e-16 0.3052588803024415265 2.476035441077924716e-17 2.005520533218381508e-16
1762 11.52070094447336679 2.887509915513188474 3.061917972272024065e-17 2.034220039778573392e-16 0.3052806752259462075 -1.655078814627202758e-17 1.55559637488715516e-16
1763 11.52720004210660321 2.889494027278901811 3.021051924572419346e-17 2.040553661398014344e-16 0.3053103104209993202 -6.288368389549619939e-17 9.746023465696045028e-17
1764 11.53369871476190056 2.891478268349809699 2.954755717324195836e-17 2.042934440910969805e-16 0.3053500723741905398 -1.020216342569440376e-16 3.663724167624604466e-17
1765 11.54019696464106381 2.893462714193156593 2.872379624471182348e-17 2.042197654234061136e-16 0.3054013492597412172 -1.267747869683541082e-16 -1.133896629121314226e-17
1766 11.54669479396682519 2.89544742733916971 2.789996225586690932e-17 2.039912720094668932e-16 0.3054621516719541185 -1.26794193588414534e-16 -3.516684010732128643e-17
1767 11.55319220497224642 2.897432444587307643 2.723918649256433914e-17 2.037786614924025097e-16 0.3055285210708211796 -1.017048299759980925e-16 -3.272443949982062941e-17
1768 11.55968919988840327 2.899417777964867327 2.685107446079258196e-17 2.037600605562900137e-16 0.3055966460087670145 -5.974096669390552486e-17 -2.863188496630330316e-18
1769 11.56618578093236849 2.901403412798692294 2.675449463482351861e-17 2.040198635802987234e-16 0.3056624176851965857 -1.486719642626987962e-17 3.99932651702419902e-17
1770 11.57268195029745605 2.903389310751570918 2.692631877057741616e-17 2.04559666727700244e-16 0.3057221939842894032 2.645173770686255009e-17 8.310084730386901829e-17
1771 11.57917771014726505 2.905375416841113445 2.723488487544829801e-17 2.05293692186055132e-16 0.3057734125401139758 4.750567523928581596e-17 1.13007794736777073e-16
1772 11.58567306261445218 2.907361668656039733 2.7552031357573988e-17 2.061038796188596131e-16 0.3058149291824335259 4.882972453083808835e-17 1.24741188667863521e-16
1773 11.59216800980436268 2.909348005896978062 2.774423551631963496e-17 2.068282673122092867e-16 0.3058470681540801928 2.959471192897918134e-17 1.115378837247296499e-16
1774 11.59866255380286049 2.911334378800384481 2.778143113664016994e-17 2.073776816932956799e-16 0.3058714504495618769 5.727564204234827365e-18 8.46015233859451847e-17
1775 11.60515669668702543 2.913320754606791851 2.76769517207388487e-17 2.07703612130756045e-16 0.3058906929992560308 -1.60892419405851754e-17 5.01914527264727637e-17
1776 11.61165044053693052 2.915307121722200634 2.75056569046233494e-17 2.078328547081989169e-16 0.3059080537435965863 -2.638004999567806537e-17 1.990384608144969688e-17
1777 11.61814378744656651 2.917293491456923071 2.737795675837496584e-17 2.078331347248758051e-16 0.3059270588392880574 -1.966750171038557301e-17 4.312625030758264281e-20
1778 11.62463673953213572 2.919279897218295616 2.742074524079625569e-17 2.0779414146254759e-16 0.3059511107546465936 6.590387512394882156e-18 -6.00583836054926421e-18
1779 11.63112929893639169 2.92126639092006668 2.770076817796189569e-17 2.077990147844019965e-16 0.3059830597177320977 4.313241719754316705e-17 7.506461916656533503e-19
1780 11.63762146782836737 2.923253036400713878 2.823701609280407435e-17 2.078752144181755272e-16 0.3060247430051037387 8.260413441916826911e-17 1.173786343350531641e-17
1781 11.64411324839858786 2.925239904635015709 2.897720195879748596e-17 2.080283327384308465e-16 0.3060772610560521523 1.140257107262521552e-16 2.358789338525343593e-17
1782 11.65060464285058472 2.927227046722218784 2.983999794283039906e-17 2.082382484876303133e-16 0.3061375536348134307 1.329216735626294548e-16 3.233945591671016077e-17
1783 11.65709565339015974 2.929214491520147678 3.069404242900025538e-17 2.084998070158425566e-16 0.3062021957852150145 1.315811625238573705e-16 4.029787179417644013e-17
1784 11.66358628221413696 2.931202244038826787 3.140104507798974647e-17 2.088098798094429144e-16 0.3062675146958831474 1.089330498412877138e-16 4.777517471536107857e-17
1785 11.67007653150046131 2.933190284823850913 3.187128932888650988e-17 2.091718113098558557e-16 0.3063297420087933154 7.245817145374830801e-17 5.576866630782326823e-17
1786 11.67656640340120333 2.935178573804664293 3.207325730940338e-17 2.096216220108105115e-16 0.3063857016355915341 3.112228756268405422e-17 6.931365035218741431e-17
1787 11.68305590003958727 2.937167057461048891 3.204961976558029261e-17 2.101861018980197811e-16 0.3064333210800390117 -3.642640477646318586e-18 8.698861867184115215e-17
1788 11.68954502351146019 2.939155677588222826 3.18579679035564616e-17 2.108875412293377707e-16 0.3064718779340817045 -2.953601105680935573e-17 1.081008012482179386e-16
1789 11.69603377589089277 2.94114438000201428 3.161294684287912157e-17 2.117205291633671034e-16 0.3065019908826054351 -3.776303703609603834e-17 1.283814302183358593e-16
1790 11.70252215923895633 2.943133121985274769 3.140091961238598054e-17 2.126453255087663427e-16 0.3065254259915117796 -3.267982357477802119e-17 1.425391509380868631e-16
1791 11.70901017561419799 2.945121877817621137 3.127240266789539849e-17 2.135371315318406632e-16 0.3065448015951126037 -1.980947113250835542e-17 1.374620735025527643e-16
1792 11.7154978270830803 2.94711064212259588 3.125687135016256068e-17 2.14250275707253521e-16 0.3065632521713458347 -2.394115412658340139e-18 1.099294658169048031e-16
1793 11.72198511572869783 2.949099430920054665 3.128659180195510661e-17 2.146737584331016659e-16 0.3065840748709537933 4.581591182133583329e-18 6.528247740225943904e-17
1794 11.72847204365636742 2.951088280228063798 3.13056766493952344e-17 2.147528632753305268e-16 0.3066103519621823925 2.942209732631768749e-18 1.219517407379028789e-17
1795 11.73495861299520726 2.953077241975917477 3.122315069999290637e-17 2.14521682822300217e-16 0.3066445364068071666 -1.272328717398325042e-17 -3.564182313827602656e-17
1796 11.74144482589552396 2.955066377113440002 3.103409270228170875e-17 2.140971835585107524e-16 0.306688019572926851 -2.914926281714794376e-17 -6.544997173188762907e-17
1797 11.74793068452245137 2.957055751258432785 3.078538857942395474e-17 2.136417368312619911e-16 0.3067415224208822067 -3.834767907773950658e-17 -7.022531324714595551e-17
1798 11.75441619104694269 2.959045404918808408 3.055155201256866695e-17 2.133143935291700074e-16 0.3068011748336798572 -3.605719671670623402e-17 -5.047577458119133472e-17
1799 11.76090134763558481 2.961035359297907288 3.040791766291853984e-17 2.132308207427660774e-16 0.3068640015203608629 -2.214935766988227305e-17 -1.288747115184160381e-17
1800 11.76738615644091723 2.963025612852179247 3.042336007586342408e-17 2.13468575469375745e-16 0.3069264960485732496 2.381448175552856211e-18 3.66652907116581672e-17
1801 11.77387061959380432 2.965016141884299739 3.06151058342376871e-17 2.139861095161965742e-16 0.3069852429166486374 2.957159491919531501e-17 7.981562314200437258e-17
1802 11.78035473919906018 2.967006905076083889 3.094125691064686674e-17 2.146735797106765282e-16 0.3070375250427050395 5.030262750685990401e-17 1.060292594944829479e-16
1803 11.78683851733499743 2.96899785070113742 3.134513279597001288e-17 2.153757261932944511e-16 0.3070817370919001754 6.22934684272076225e-17 1.082984682565015197e-16
1804 11.79332195605690892 2.970988924894296446 3.177067515136785524e-17 2.159599831607196621e-16 0.3071175486240667607 6.563870169907963472e-17 9.0119980570627246e-17
1805 11.79980505740386576 2.972980079534115916 3.219603833955261677e-17 2.163382633029289066e-16 0.3071458446361439165 6.56144596202651197e-17 5.835165760831134077e-17
1806 11.80628782340767735 2.97497127876026024 3.264516620708745139e-17 2.165047313210259335e-16 0.3071685152590468149 6.928384584564499818e-17 2.567986833542547057e-17
1807 11.81277025610252807 2.976962503620117939 3.315183415009000226e-17 2.16473831120753592e-16 0.3071881674477420221 7.816414913912764529e-17 -4.767003509642191344e-18
1808 11.81925235753371872 2.978953754641177731 3.370878321607550803e-17 2.163326756857027168e-16 0.3072078052551166505 8.592542998884179169e-17 -2.177729022769348438e-17
1809 11.82573412976410232 2.980945052210604462 3.428504167110392063e-17 2.161618531689062306e-16 0.3072304917620014009 8.89089462261323147e-17 -2.63556219046233025e-17
1810 11.8322155748772051 2.98293643458139357 3.482982675629276325e-17 2.159851418192445904e-16 0.3072589830558991042 8.40572427046377494e-17 -2.726555702607737356e-17
1811 11.8386966949765533 2.984927953290128499 3.525032700037058459e-17 2.157724419057663472e-16 0.3072953289217819073 6.488403058872496612e-17 -3.282002302426039619e-17
1812 11.8451774921813886 2.986919668219733648 3.544359447416034825e-17 2.155023327207364704e-16 0.3073408180142330748 2.982303471605307222e-17 -4.168045167824580011e-17
1813 11.85165796861947918 2.988911634187279898 3.534624012241069869e-17 2.151359439230509346e-16 0.3073946699139826766 -1.502345386836026119e-17 -5.65401042787215072e-17
1814 11.85813812641825749 2.990903884152617653 3.493624061678323656e-17 2.146776898822093026e-16 0.3074535131392485132 -6.327307847092189533e-17 -7.071994840924433633e-17
1815 11.86461796769571109 2.992896431949227054 3.430138441661585288e-17 2.141748569423079795e-16 0.3075143973693634236 -9.797878984027172743e-17 -7.76033421905126189e-17
1816 11.87109749455251695 2.994889269987002223 3.358133185897865625e-17 2.137676842291874862e-16 0.3075740174097008062 -1.111326930239833058e-16 -6.28429128610371025e-17
1817 11.87757670906666441 2.996882370940271656 3.295150033793084086e-17 2.135780220751678072e-16 0.3076293280677957487 -9.72126611539845542e-17 -2.927380116158100496e-17
1818 11.88405561329139459 2.998875692824027439 3.260251013167305713e-17 2.137261653118058262e-16 0.307678067040284664 -5.386818503947514904e-17 2.286656513698425854e-17
1819 11.8905342092567512 3.000869186138094946 3.266270900223885019e-17 2.142538852709167467e-16 0.3077190741611089964 9.292401727825633274e-18 8.145976517102779468e-17
1820 11.89701249897441748 3.002862801583250363 3.320048889108045164e-17 2.151031690616806752e-16 0.3077523798409744216 8.301653211194724048e-17 1.311030712583533858e-16
1821 11.90349048444502777 3.00485649712022207 3.416026728982875448e-17 2.161363472050653337e-16 0.3077791038462864281 1.481669241766208698e-16 1.594980964683721563e-16
1822 11.90996816766671706 3.006850243593561789 3.536388919548556655e-17 2.171847541598471296e-16 0.3078012339984281254 1.858191664701224477e-16 1.618565643774361588e-16
1823 11.91644555064351785 3.008844028540787807 3.655980910365406615e-17 2.180805320651093532e-16 0.3078213462659221689 1.846386074239479247e-16 1.382995498770938747e-16
1824 11.92292263539222752 3.010837858025368075 3.7444032414698294e-17 2.187587296675013021e-16 0.3078422999021061535 1.365218740138344859e-16 1.047120184163598698e-16
1825 11.92939942394667341 3.012831756360961677 3.781575767855318414e-17 2.192297942759517362e-16 0.3078669120579639595 5.739606030758675262e-17 7.273450395867114147e-17
1826 11.93587591835870754 3.014825763530978975 3.765477187369716211e-17 2.195968986456887992e-16 0.3078976020546558834 -2.485805669373458317e-17 5.668512974546676092e-17
1827 11.9423521206958192 3.016819930138002537 3.710043759392706374e-17 2.200535031943059976e-16 0.3079360099913795445 -8.559941065737806438e-17 7.05081422735034156e-17
1828 11.94882803303578633 3.018814313903414259 3.640489004466787885e-17 2.207366005472670853e-16 0.3079832360527733903 -1.074101127198029601e-16 1.054874878910802817e-16
1829 11.95530365745928592 3.020808958986954451 3.582968252401420456e-17 2.217657001907648957e-16 0.3080371872705932046 -8.883049331491048849e-17 1.589259975221188036e-16
1830 11.96177899604166406 3.022803891097534557 3.558906320766118294e-17 2.231176665620687798e-16 0.3080950155795521006 -3.716096985323777237e-17 2.087961279588386458e-16
1831 11.96825405084522131 3.024799117074330024 3.578118414071806257e-17 2.246752481414310379e-16 0.3081538079922723217 2.967222650719364271e-17 2.405615707299604297e-16
1832 11.97472882391323878 3.026794623894333736 3.638496287950691062e-17 2.262132197830204985e-16 0.3082104978825746522 9.325497854859096983e-17 2.375431647899142442e-16
1833 11.9812033172666883 3.028790381310691782 3.727813940537205184e-17 2.275493848564091537e-16 0.3082624256169386734 1.379590325510339305e-16 2.063825408696571723e-16
1834 11.98767753290410809 3.030786347313114693 3.833602771948167398e-17 2.285670002752315802e-16 0.3083077744146554555 1.634071879513437498e-16 1.571864173068741797e-16
1835 11.99415147280462612 3.032782475084964346 3.939477233141033697e-17 2.292059667563215147e-16 0.308345801603917391 1.635463724631392194e-16 9.870241503985499387e-17
1836 12.00062513893358407 3.034778720114416739 4.031055885404496019e-17 2.29488418103959893e-16 0.3083768625751186487 1.414692938351818299e-16 4.363264986499730007e-17
1837 12.00709853324982035 3.036775046439770254 4.098711055412529513e-17 2.294921434148825851e-16 0.3084022772289128911 1.045170232531536232e-16 5.755042937388685806e-19
1838 12.01357165771339908 3.038771431425827618 4.134410095059293248e-17 2.293083136242565387e-16 0.3084241032765434043 5.515190891427394334e-17 -2.840010254801619752e-17
1839 12.02004451429253429 3.040767868788447181 4.139750025192732636e-17 2.289917600742822767e-16 0.3084448658249125952 8.250066164671158075e-18 -4.890677718037922714e-17
1840 12.02651710496860282 3.042764369725957874 4.119178778536608968e-17 2.285776038410575203e-16 0.3084672650976308939 -3.178338700694504985e-17 -6.398877064653926024e-17
1841 12.03298943173844293 3.044760962004529059 4.084307493064393105e-17 2.280879539449415796e-16 0.3084938604720784405 -5.387969086330182023e-17 -7.565590048292258065e-17
1842 12.03946149661362774 3.046757686800466214 4.047121853137496288e-17 2.275643180917528709e-16 0.3085267239886635982 -5.745791152296888057e-17 -8.091032608802290213e-17
1843 12.04593330161684861 3.048754593214888509 4.018130465807970337e-17 2.2708804242559145e-16 0.3085670806837659819 -4.479823234897039156e-17 -7.359533268395832516e-17
1844 12.05240484877605134 3.050751735450084379 4.006916676890864135e-17 2.267542783002392925e-16 0.308615719782363962 -1.732851810527374237e-17 -5.15761241076403956e-17
1845 12.05887614011728459 3.052749147702280563 4.016936499539581174e-17 2.266387025089256236e-16 0.3086695510263232078 1.548410527141948414e-17 -1.786047300704761622e-17
1846 12.06534717765744702 3.054746848548935745 4.046947775379028708e-17 2.268014334278962552e-16 0.3087261619725873429 4.637964698931929739e-17 2.514855621761103577e-17
1847 12.07181796339808777 3.056744838254116914 4.089256097459896824e-17 2.27268824496195371e-16 0.3087827235492391909 6.538611729104925725e-17 7.223374908175654607e-17
1848 12.07828849932126225 3.058743098987875442 4.133000413428610555e-17 2.280260019679880241e-16 0.3088364402216820515 6.760798826437022102e-17 1.170237652444196659e-16
1849 12.08475878738805953 3.060741598264648644 4.167777637692717717e-17 2.290088248884303297e-16 0.3088850473979736777 5.375115562980872326e-17 1.519036348388515923e-16
1850 12.09122882954001277 3.062740294640801775 4.184922231433716991e-17 2.300980908962327931e-16 0.3089271605953822775 2.649942596164593925e-17 1.68361667604122869e-16
1851 12.09769862770311732 3.064739144388886505 4.181927105465961523e-17 2.311602430852525519e-16 0.3089624264907024354 -4.629569518818037178e-18 1.641769812545396861e-16
1852 12.10416818379376735 3.066738107974726901 4.160446741584060588e-17 2.320530163964956049e-16 0.3089914925934255097 -3.320345475191822999e-17 1.380011921890969566e-16
1853 12.1106374997256161 3.068737155511699566 4.124050230309386058e-17 2.327185549818346305e-16 0.3090158493329718814 -5.626228809612308917e-17 1.028799802949422843e-16
1854 12.11710657741625141 3.07073627073431954 4.084221268432856468e-17 2.331764890571625825e-16 0.309037601375036719 -6.157047229848020263e-17 7.079074113685543281e-17
1855 12.12357541879259237 3.072735453276007167 4.051410710234624728e-17 2.334710010803905592e-16 0.309059205668551773 -5.072275714116774409e-17 4.552943518697095576e-17
1856 12.13004402579416308 3.074734719113137782 4.042067353979044837e-17 2.336755821031995522e-16 0.3090831881389042857 -1.444467406864265333e-17 3.162788739154273756e-17
1857 12.13651240037373391 3.07673409900524053 4.067265904728167648e-17 2.338560310452397553e-16 0.3091118340181578938 3.895793024340670442e-17 2.789810162690636755e-17
1858 12.14298054449527342 3.078733634759080573 4.132896032027297353e-17 2.340971632034911332e-16 0.3091468514585886673 1.014702896729252497e-16 3.728127759939159602e-17
1859 12.14944846012956248 3.080733375503300397 4.232418427423058886e-17 2.344731668334717622e-16 0.3091893731335038642 1.538762818835418121e-16 5.813569933285695927e-17
1860 12.15591614924822039 3.082733366183214141 4.350455658847055566e-17 2.349742451437411312e-16 0.3092387532404605732 1.825092819086978824e-16 7.747677701689528767e-17
1861 12.16238361381711997 3.084733633908576689 4.467083246851207917e-17 2.35583120231651573e-16 0.3092922351857080865 1.803358966439695972e-16 9.414756559879887837e-17
1862 12.1688508557902697 3.086734190243506593 4.564033132299230373e-17 2.362681022028569406e-16 0.3093474163035710434 1.499142815956835056e-16 1.059192382174600128e-16
1863 12.17531787710512248 3.088735029305360591 4.630825727145486114e-17 2.369629255962914531e-16 0.3094015997342445812 1.032853470817615257e-16 1.074446583735849373e-16
1864 12.18178467968006906 3.090736129094562301 4.665700319069539949e-17 2.376466060582518222e-16 0.3094522938986697391 5.393045628166269494e-17 1.057251059587290239e-16
1865 12.18825126541446657 3.092737455582034833 4.677123429330868271e-17 2.38270003921677357e-16 0.3094976388734697048 1.766541179863933614e-17 9.640614263425370032e-17
1866 12.19471763619117688 3.094738968503323306 4.680383213616026448e-17 2.387987958307152272e-16 0.3095366703458836688 5.041300323077531809e-18 8.177838128770796068e-17
1867 12.20118379388116026 3.096740627660979239 4.689032390398523537e-17 2.391952434352880737e-16 0.3095693983091115653 1.337650539646420566e-17 6.131315910568301265e-17
1868 12.20764974034934802 3.098742398737980963 4.708769343870637848e-17 2.394288272198566009e-16 0.3095967315839802114 3.052544997075471334e-17 3.612639681144543621e-17
1869 12.21411547746084736 3.100744257972980478 4.743452195254563758e-17 2.39480575540996217e-16 0.3096203019583811944 5.364270739181692258e-17 8.003725005711601156e-18
1870 12.22058100708644801 3.102746195356985481 4.785144111528666361e-17 2.393511758916693207e-16 0.3096422356828898437 6.448542431027802945e-17 -2.001441055764113791e-17
1871 12.22704633110657113 3.104748216180924558 4.830576838675693539e-17 2.390829719914759429e-16 0.3096648985696611178 7.027359893312676109e-17 -4.148475008664056193e-17
1872 12.23351145141302609 3.106750340790902065 4.877584586487986547e-17 2.387603082444424672e-16 0.3096906189037633705 7.271205019264217782e-17 -4.990994817137236586e-17
1873 12.23997636990834437 3.10875260237616402 4.929667816789182328e-17 2.385246219808664002e-16 0.3097213832291681457 8.056534795786521842e-17 -3.645731212155728832e-17
1874 12.24644108850279878 3.110755042675491744 4.98821069822605969e-17 2.384773569909825354e-16 0.3097585143756688697 9.056028280716743309e-17 -7.311445466474210778e-18
1875 12.25290560910964466 3.112757709640115777 5.057251754656714128e-17 2.387210164320258834e-16 0.3098029740648860497 1.068032028920590334e-16 3.769294686916833495e-17
1876 12.25936993363935201 3.114760638377700896 5.135613701600734305e-17 2.393034991326487899e-16 0.3098527764392134398 1.212258148388433728e-16 9.010998675541213932e-17
1877 12.26583406399378084 3.116763849252080387 5.215155069894888622e-17 2.401736772134124974e-16 0.3099056416502910527 1.230540383651673817e-16 1.346204236000011843e-16
1878 12.2722980020612269 3.118767347028417181 5.287952989363471684e-17 2.411936508440697933e-16 0.3099591574786444426 1.126249404975090748e-16 1.577991106069776667e-16
1879 12.27876174971312473 3.120771120233659879 5.344719885177326612e-17 2.421577739629063905e-16 0.3100108125271350268 8.78260645957959629e-17 1.491628846342143838e-16
1880 12.28522530880291441 3.122775143461482994 5.380191232667874299e-17 2.428445151827867566e-16 0.3100584516668460355 5.488055691551807994e-17 1.062512232272002608e-16
1881 12.29168868116722102 3.12477938193416982 5.392424736032071583e-17 2.430833125018940973e-16 0.3101006251947138193 1.892797236086353779e-17 3.694729891635403327e-17
1882 12.29815186862912313 3.126783797242292717 5.384540564949876319e-17 2.428574096367607515e-16 0.3101367711023006457 -1.219892580315731043e-17 -3.495322795195982687e-17
1883 12.30461487300296319 3.128788353184180249 5.361174877443182651e-17 2.422133182253470411e-16 0.3101672306088048559 -3.615399517559538513e-17 -9.966099980675939384e-17
1884 12.311077696099888 3.130793020886978972 5.329108700824889976e-17 2.413912979543684266e-16 0.3101931371325253872 -4.961773917536249585e-17 -1.271956675340241301e-16
1885 12.31754033973323992 3.132797782715626589 5.291466205379188987e-17 2.406320015425460216e-16 0.3102162288900243148 -5.824788170000954586e-17 -1.174932932777285602e-16
1886 12.32400280572291607 3.134802634718964587 5.252959811112083523e-17 2.401725007709751203e-16 0.3102386226882586362 -5.958629715424790953e-17 -7.110494253890761502e-17
1887 12.33046509589802575 3.136807587465736624 5.222217404752452128e-17 2.401474528049914074e-16 0.3102625649101146688 -4.757328003866552721e-17 -3.87612435475465752e-18
1888 12.33692721209742338 3.138812665117343581 5.210746756788823932e-17 2.405929308957065885e-16 0.3102901587640848335 -1.775107899142293773e-17 6.89387103702251704e-17
1889 12.34338915616807419 3.140817902575734344 5.229419697984869005e-17 2.414225769101318374e-16 0.31032306646486707 2.889754700934526449e-17 1.283929213467819606e-16
1890 12.34985092996154066 3.142823341376895119 5.282665858735384568e-17 2.424660936127426762e-16 0.3103623151001512759 8.240391933755326808e-17 1.614949603450967497e-16
1891 12.35631253532916851 3.144829025110192244 5.36631418355114913e-17 2.435788534105073642e-16 0.3104082231877741682 1.294577377661304605e-16 1.722154823936937856e-16
1892 12.3627739741167737 3.146834980309203722 5.46760514935769493e-17 2.446728670511720327e-16 0.3104581520136806549 1.567662432116084149e-16 1.693185637076561361e-16
1893 12.36923524815967035 3.14884122057235416 5.565678650267833605e-17 2.456998588960550374e-16 0.3105101005300628381 1.517904569372135783e-16 1.589497264387608061e-16
1894 12.37569635927884271 3.150847744263519434 5.646648552056955821e-17 2.466754040355487507e-16 0.3105617116927736343 1.253219755437893064e-16 1.509909749327609833e-16
1895 12.38215730927885616 3.152854535045074957 5.702698067423462158e-17 2.476232214677607934e-16 0.310610710729873063 8.675333753805688862e-17 1.467030090866411139e-16
1896 12.38861809994779328 3.154861564984992039 5.734433570456030211e-17 2.48545520478746454e-16 0.3106553034816217362 4.912135155358823901e-17 1.42756753878012373e-16
1897 12.39507873305923091 3.156868799404913162 5.747100899780894703e-17 2.493881096663177444e-16 0.310694445865414115 1.960742017037581983e-17 1.304221261485348062e-16
1898 12.40153921037587637 3.158876202421664559 5.755326376139615329e-17 2.500620395957290916e-16 0.3107279512562351464 1.273229837617882653e-17 1.043182980740714336e-16
1899 12.4079995336542801 3.160883742250622852 5.76869057092456082e-17 2.505358369489850306e-16 0.3107564537126116244 2.068706044178309431e-17 7.334130220104290448e-17
1900 12.41445970464984327 3.162891395623717461 5.792585479620294323e-17 2.507732169655367704e-16 0.3107812710438352388 3.698890553247877943e-17 3.674601614651661801e-17
1901 12.42091972512132081 3.164899150956510532 5.828645331731337199e-17 2.508205791396361954e-16 0.3108042113003502971 5.582131304508981823e-17 7.331751496816771707e-18
1902 12.42737959683410409 3.166907010073375606 5.868954097879275838e-17 2.507787375106837257e-16 0.3108273496951524106 6.240012979997994378e-17 -6.477308355442491638e-18
1903 12.43383932156178417 3.168914988348232153 5.906573092876195624e-17 2.507391072911591539e-16 0.3108527834365651943 5.823752901765556188e-17 -6.135108233823884846e-18
1904 12.44029890108575742 3.170923113100542867 5.935315458992918873e-17 2.508104789558250905e-16 0.3108823617074366608 4.449671091969706976e-17 1.104920978878426395e-17
1905 12.44675833719297842 3.172931420126313462 5.956265942164081176e-17 2.51040389344214271e-16 0.3109173969723349473 3.243463080746497783e-17 3.559373072821522282e-17
1906 12.45321763167224205 3.174939951497409041 5.976708100178466063e-17 2.514482398371216159e-16 0.3109588613152766134 3.164834899000159528e-17 6.314301418760414555e-17
1907 12.45967678630961117 3.17694874133763383 6.003148460645314811e-17 2.520347439263226979e-16 0.3110055249396276866 4.093558231887658677e-17 9.080393005212940647e-17
1908 12.46613580288372169 3.178957809979868099 6.039774672232190472e-17 2.527534623677586443e-16 0.3110552535051372969 5.670675103175737238e-17 1.112760123273175923e-16
1909 12.47259468316172715 3.180967164367931588 6.086580915565069867e-17 2.53549144957565845e-16 0.3111059748401373559 7.246955563032614562e-17 1.231945988402130449e-16
1910 12.47905342889650804 3.182976796992157631 6.141417585846726369e-17 2.543603870391102691e-16 0.3111554518436136507 8.490471697859824092e-17 1.25606239366618028e-16
1911 12.48551204182557228 3.18498668746890079 6.197916529307213159e-17 2.551218495079694618e-16 0.3112016917595046284 8.748022338021726253e-17 1.179011549446728381e-16
1912 12.49197052367179772 3.186996806261314319 6.252319562583608881e-17 2.558019305306634107e-16 0.3112432776762923958 8.423670509615086934e-17 1.053025559422500653e-16
1913 12.49842887614585329 3.189007119633620935 6.303475512208689194e-17 2.564166279019331107e-16 0.3112795595234617019 7.921054341905397677e-17 9.518054727433963322e-17
1914 12.50488710094989742 3.191017594872262109 6.354572525051488234e-17 2.570130971764710281e-16 0.311310695442513774 7.912082823699708794e-17 9.235988640774733858e-17
1915 12.51134519978194426 3.193028205000767006 6.41044341754996277e-17 2.576757647197447403e-16 0.3113375734721847699 8.651457511126711911e-17 1.026122876915175672e-16
1916 12.51780317434017498 3.195038932494029371 6.47277221527195512e-17 2.584986098857777861e-16 0.3113616567107380106 9.651629962059588242e-17 1.274177803660468557e-16
1917 12.52426102632652416 3.197049771723845968 6.544439258579701236e-17 2.595460821915578634e-16 0.3113847869611508501 1.109786733897932157e-16 1.622043850879194869e-16
1918 12.5307187574489749 3.199060729977861506 6.623889213235748363e-17 2.607788393970140325e-16 0.3114089639246093166 1.230330267368376159e-16 1.908998574958612726e-16
1919 12.53717636942222136 3.201071826904366535 6.70700164543805192e-17 2.62103728525784065e-16 0.3114361015214784367 1.287069336734406891e-16 2.051707701276219156e-16
1920 12.54363386396662428 3.202896024598046676 6.777603098725192998e-17 2.632205627891868556e-16 0.3114014656624546351 1.20520906849516409e-16 1.906502939514279388e-16
1921 12.54949188936094728 3.204720192052221694 6.836080857965344301e-17 2.64094288799570821e-16 0.3114345834855607453 9.983730687905183905e-17 1.491685949673288056e-16
1922 12.55534919471785038 3.206544360148181116 6.87650083252867353e-17 2.64617618624979138e-16 0.3114729239713264208 6.901626934477407115e-17 8.935748371129236635e-17
1923 12.56120578113538144 3.208368549740863607 6.899125746826240831e-17 2.647159247362197876e-16 0.3115147780643845454 3.863630833332627971e-17 1.678762259599969498e-17
1924 12.56706164968844774 3.210192774362541357 6.907013004555004396e-17 2.644280163203724095e-16 0.3115588793650761468 1.347062828796326572e-17 -4.917180830433366073e-17
1925 12.5729168017720454 3.212017038960814475 6.907545313923241698e-17 2.638635086258286308e-16 0.3116037595083044898 9.092409101249859317e-19 -9.642390695829373601e-17
1926 12.57877123883388215 3.213841339207841319 6.909426056951355929e-17 2.632018257574288253e-16 0.3116478434842020473 3.21290045218668429e-18 -1.130362391515972988e-16
1927 12.5846249621474513 3.215665661815656495 6.922107090064828701e-17 2.626362120110525286e-16 0.3116896882141829139 2.16658349813799003e-17 -9.663640164434642471e-17
1928 12.59047797133189839 3.21748998758404392 6.950789243890004001e-17 2.623314971685301055e-16 0.3117281848706154879 4.901008309499672707e-17 -5.206756732192660207e-17
1929 12.5963302678418998 3.219314293554842443 6.99622208844450872e-17 2.62378824546428399e-16 0.3117626897117327101 7.764194190171315824e-17 8.087958306752736216e-18
1930 12.60218185313738637 3.221138555995002761 7.055077526140690012e-17 2.627756955942464925e-16 0.3117930754989214903 1.005925327691035893e-16 6.783105426695254913e-17
1931 12.60803272855288881 3.222962753290368187 7.120473330818956449e-17 2.6344618201358158e-16 0.3118197123742276755 1.117845150689878481e-16 1.146097973936624765e-16
1932 12.61388289524528794 3.224786868483791036 7.186685167455905699e-17 2.642963108126609364e-16 0.3118433979804672851 1.131930932752526667e-16 1.453346007871746135e-16
1933 12.61973235431748996 3.226610891309718454 7.25051168292482102e-17 2.652043043822248953e-16 0.3118652564719831544 1.091284184248417398e-16 1.552456709542585105e-16
1934 12.62558110722623539 3.228434819303352299 7.308376315946161957e-17 2.660697912833170874e-16 0.31188661974877252 9.894691489477100775e-17 1.479958556262230258e-16
1935 12.63142915545319411 3.230258658240247271 7.359910902866798974e-17 2.668084503745495542e-16 0.311908896600267771 8.813330946059536242e-17 1.263238422260528138e-16
1936 12.63727650048494766 3.232082421116591497 7.404103735453856201e-17 2.673907426543941866e-16 0.3119334292249826279 7.55867004140327726e-17 9.959432227684635454e-17
1937 12.64312314180478047 3.233906128006689862 7.438019632134275786e-17 2.678377067266943454e-16 0.3119613383720310495 5.801616793771328213e-17 7.645719328913363078e-17
1938 12.64896908059840008 3.235729803396887316 7.461995116072600572e-17 2.681802347026911521e-16 0.3119933637486087541 4.1017123560614168e-17 5.859949417734024858e-17
1939 12.65481431835694082 3.237553476237232886 7.476008611756766093e-17 2.684862128479168391e-16 0.3120302714619446749 2.397707947239067729e-17 5.235283522569668941e-17
1940 12.66065885655447332 3.239377167687938819 7.484381698818652923e-17 2.688406712740961741e-16 0.312070741531228546 1.432805690511400866e-17 6.065505426203461211e-17
1941 12.66650269645358584 3.241200891427407971 7.492073861401864228e-17 2.692929525881100384e-16 0.3121135007541639972 1.316442693735599598e-17 7.740377623403655745e-17
1942 12.67234583920473945 3.243024653370144339 7.507612730758202055e-17 2.698241057472349978e-16 0.3121572030904287143 2.65965084795273199e-17 9.091278893359655144e-17
1943 12.67818828629447658 3.244848450799794559 7.537558059805210332e-17 2.703990721674926487e-16 0.3122003700611731825 5.126086185937731121e-17 9.842361122945458166e-17
1944 12.68403003923440053 3.246672272905676504 7.5875659675648553e-17 2.70946875106643508e-16 0.3122416154400007859 8.561443494563901816e-17 9.378484563357406277e-17
1945 12.68987109954057324 3.248496101940333336 7.654545155111273063e-17 2.714064152910518196e-16 0.3122798414039253956 1.146831729668868757e-16 7.868343642897982015e-17
1946 12.69571146703422038 3.250319916484506688 7.733725080042386081e-17 2.717371857422579295e-16 0.3123143730416982344 1.355896008799384204e-16 5.66419247062058326e-17
1947 12.70155114237932459 3.252143694267430885 7.813682966576270603e-17 2.71942622091696352e-16 0.3123450174745215357 1.369379959580745066e-16 3.518357376431808104e-17
1948 12.70739012709459459 3.25396741466595385 7.883281486608197635e-17 2.720801071147000266e-16 0.3123720552773882053 1.192103392836296497e-16 2.354882866930167108e-17
1949 12.71322842270302544 3.255791061085834492 7.937394204391252524e-17 2.722062863156740684e-16 0.3123961815264281738 9.269673234435725448e-17 2.161488112093572836e-17
1950 12.71906603061157881 3.257614622822277095 7.972948103901783012e-17 2.723889892902134855e-16 0.3124184147927534516 6.091207499478647632e-17 3.130125651511239214e-17
1951 12.72490295202881327 3.259438096457721201 7.993234440163699396e-17 2.72667542512631438e-16 0.312439987682711251 3.475927772466238792e-17 4.772822797629805492e-17
1952 12.73073918844966457 3.261261486319616765 8.00255137432304369e-17 2.730347315832988673e-16 0.3124622248650659739 1.596581201413396742e-17 6.292275522889286467e-17
1953 12.73657474141189105 3.263084804221466406 8.007263389524007202e-17 2.734833666662396404e-16 0.3124864093240207197 8.075611550435828302e-18 7.688860292696091508e-17
1954 12.74240961245730475 3.26490806802412159 8.018196331798724724e-17 2.740157181197049145e-16 0.3125136366097452378 1.87394360823740467e-17 9.124685546580010674e-17
1955 12.74824380203838814 3.266731299810836209 8.042142035594476298e-17 2.746449004137437073e-16 0.3125446644077318759 4.10485491278996864e-17 1.078565930972524719e-16
1956 12.75407730999530465 3.268554526512914116 8.087252043328676831e-17 2.754071738357242213e-16 0.3125802339830063836 7.73381431747432312e-17 1.306867677673559553e-16
1957 12.7599101378707136 3.270377769622140551 8.157153881994603463e-17 2.763051320374260029e-16 0.3126194140102891428 1.198560506352565331e-16 1.53966942423178924e-16
1958 12.76574228721114679 3.272201043088408756 8.254079195734189202e-17 2.772986377929189324e-16 0.3126609131716133194 1.662107065337166487e-16 1.703696250181466742e-16
1959 12.77157375954893581 3.274024353609839011 8.374394997120137268e-17 2.783455980564203088e-16 0.3127035003128524893 2.06345390947576497e-16 1.795569845275502705e-16
1960 12.77740455619689719 3.275847699857554751 8.507845913819384197e-17 2.793576278858929075e-16 0.3127457893781541154 2.28898994574548002e-16 1.735863763062775226e-16
1961 12.78323467864663954 3.277671072770904193 8.635479259242650626e-17 2.802644101482470181e-16 0.3127864502130230373 2.189457831224709198e-16 1.555519460014884799e-16
1962 12.7890641284585076 3.279494456976828509 8.735943449965685472e-17 2.810265760157804704e-16 0.3128243990531630048 1.72358902677686289e-16 1.307591009702239155e-16
1963 12.79489290719649475 3.281317832911229804 8.79479665449454542e-17 2.816420921121740832e-16 0.3128589344054375498 1.00981648972403767e-16 1.056116330121062698e-16
1964 12.80072101607843038 3.283141178828112849 8.804159342242664882e-17 2.821501396859127468e-16 0.3128898035847774151 1.606655930402047598e-17 8.71819790676630525e-17
1965 12.80654845403260111 3.284964474968909975 8.767942905101003739e-17 2.825910769147221799e-16 0.3129172049138050915 -6.215526939771443335e-17 7.567440203168355422e-17
1966 12.81237522262239281 3.286787705077637067 8.701650568385800422e-17 2.830247653570917844e-16 0.3129417381765599582 -1.137850838472863882e-16 7.443888422673160728e-17
1967 12.81820132341466945 3.288610858264715553 8.629710333006150414e-17 2.834814110100395229e-16 0.312964323384735954 -1.23493336979592949e-16 7.838825547642662368e-17
1968 12.82402675797973757 3.290433930245281857 8.576221142794564306e-17 2.839388986727417595e-16 0.3129860998791114679 -9.183056515857095407e-17 7.854175853632417439e-17
1969 12.82985152777389359 3.292256923994108853 8.558651946464469824e-17 2.843363577747334484e-16 0.3130083128194194875 -3.016633767622336534e-17 6.824379019905387226e-17
1970 12.83567563427255642 3.294079849656997183 8.582301036034620864e-17 2.84554246334955028e-16 0.3130321881468588474 4.061013790378797796e-17 3.741575104617993754e-17
1971 12.84149907905528032 3.295902723608796769 8.637574380146707278e-17 2.844647224603842724e-16 0.3130587960044768914 9.492596315717840882e-17 -1.537475279577119229e-17
1972 12.84732186370488805 3.29772556671321837 8.706291351462279825e-17 2.840126037900365435e-16 0.3130889081268639074 1.180272809370836919e-16 -7.765525211664853729e-17
1973 12.85314398980742823 3.299548403139044073 8.771373532268005755e-17 2.831860721996195558e-16 0.3131232233435678469 1.117968784658522351e-16 -1.419799561386363084e-16
1974 12.85896545653340617 3.301371254393127508 8.811934858483685444e-17 2.820811776311956301e-16 0.3131611971354578694 6.968332411462923352e-17 -1.898180693465959276e-16
1975 12.86478626470107578 3.303194134544838345 8.822043124222421336e-17 2.808736737507199299e-16 0.3132015116375373998 1.736770300798357176e-17 -2.07469503860834649e-16
1976 12.87060641589440735 3.305017051125945571 8.80387593665620586e-17 2.797907797923636886e-16 0.3132430440476035027 -3.121780334878647115e-17 -1.860803743911350553e-16
1977 12.87642591170045137 3.30684000411111878 8.768759386239092652e-17 2.790940559450951277e-16 0.3132844966619410254 -6.034972328637750716e-17 -1.19735825103100779e-16
1978 12.88224475369421995 3.308662986031772668 8.730918745764512725e-17 2.789704590754180325e-16 0.3133245942691846864 -6.503851293999490011e-17 -2.124318327338438604e-17
1979 12.88806294337354075 3.310485983237882124 8.704848230398023723e-17 2.795236525021865127e-16 0.3133622685615864989 -4.481364979843831378e-17 9.509062689979204296e-17
1980 12.8938804823340476 3.312308977872428617 8.698937013803357417e-17 2.807012180212471729e-16 0.3133967953005092899 -1.016216011824133265e-17 2.024390269375784321e-16
1981 12.89969737217428403 3.314131950301198781 8.716281515590290741e-17 2.823328668006212842e-16 0.313427867692005313 2.982080324125434558e-17 2.805331499645770586e-16
1982 12.90551361449566414 3.315954881196392368 8.75559136133019624e-17 2.841613801635548911e-16 0.3134556070307489284 6.759384895596712241e-17 3.144155204420785459e-16
1983 12.91132920960484576 3.317777753977884547 8.812872906393801585e-17 2.859155400908038894e-16 0.3134805239440239255 9.850741610263720254e-17 3.016639332479907484e-16
1984 12.91714415708087316 3.319600557516710904 8.880728322983601862e-17 2.873808208103151095e-16 0.3135034461635993197 1.167043320283906623e-16 2.520132013018123274e-16
1985 12.92295845852199676 3.32142328680227461 8.950974520666119033e-17 2.884426013351059474e-16 0.3135254252715925505 1.208296216918124977e-16 1.826355637212566259e-16
1986 12.92877211552919015 3.323245943627146204 9.014702829597951286e-17 2.890577887240731112e-16 0.3135476311250853798 1.096304034227247781e-16 1.058293288547543271e-16
1987 12.93458512970611451 3.325068536578760447 9.062358634577391535e-17 2.892582056950808431e-16 0.3135712348259479532 8.199027435496138191e-17 3.448109300725168337e-17
1988 12.94039750261916488 3.326891080318596039 9.090154453932136684e-17 2.891753217198012326e-16 0.313597280507528775 4.782707360380569821e-17 -1.426148995890911004e-17
1989 12.94620923586151306 3.328713594053710256 9.099274839439820414e-17 2.889756123709031743e-16 0.3136265502008817041 1.569477907445000221e-17 -3.436690376099254962e-17
1990 12.95202033104445327 3.33053610072080053 9.096009941975358022e-17 2.888542712251295527e-16 0.3136596866911158243 -5.619001204626557758e-18 -2.088322992357817914e-17
1991 12.95783078978180747 3.332358622304857132 9.09300507553218269e-17 2.889579670933146295e-16 0.3136965272769416391 -5.172043922010992233e-18 1.784836680519259639e-17
1992 12.96364061368989162 3.334181171929683885 9.102385321609140254e-17 2.893676484508709318e-16 0.3137357209541554171 1.614726000100873262e-17 7.052300487380400941e-17
1993 12.96944980117827839 3.336003757717232343 9.132039482094976354e-17 2.901146243226877248e-16 0.3137762478509640296 5.105258295101528729e-17 1.28599316364223592e-16
1994 12.97525835361024527 3.337826380823480932 9.183382572977733793e-17 2.911397832242072197e-16 0.3138168955396454241 8.840187163763902588e-17 1.765105373715336905e-16
1995 12.98106627259788937 3.339649035317336256 9.252382368792135475e-17 2.923380519784085606e-16 0.3138564435225928428 1.18815884146463325e-16 2.063388156371885247e-16
1996 12.98687355975566859 3.341471709170368953 9.330880747328771466e-17 2.935818986258468355e-16 0.3138938412225360519 1.351868713517071512e-16 2.142104586657355546e-16
1997 12.9926802167003661 3.343294386046073985 9.41223198589070777e-17 2.947520574391596761e-16 0.3139283457839412983 1.401151245710810289e-16 2.015420426210835858e-16
1998 12.99848624505105121 3.345117047548306743 9.486811208711998504e-17 2.957615430579844577e-16 0.3139596013367993432 1.284652308522178408e-16 1.738873082320394939e-16
1999 13.00429164642903856 3.346939675581398266 9.550823646215744246e-17 2.965935674893279959e-16 0.3139876584460339348 1.102754648688841363e-16 1.433344589374697272e-16
2000 13.01009642245785436 3.348762254536628014 9.602227247628317089e-17 2.972439283755871461e-16 0.3140129444142925053 8.856349507791122138e-17 1.120509683490598076e-16
2001 13.01590057476319728 3.350584772615158524 9.645101466918370648e-17 2.977648227090899497e-16 0.314036199269812577 7.387612244353396495e-17 8.97547621839103964e-17
2002 13.02170410340979423 3.352407223510470047 9.684296972638462501e-17 2.981996397696986257e-16 0.3140583910456098971 6.754463176121900555e-17 7.493093328619302349e-17
2003 13.02750700805196615 3.354229607904658739 9.728156822703546153e-17 2.985860264570856136e-16 0.3140806174196561495 7.559068675250103049e-17 6.65921908266155549e-17
2004 13.03330929031045216 3.356051932962686113 9.781213192795430138e-17 2.989733256032515461e-16 0.3141039956886356732 9.145030283805360256e-17 6.675659142239682062e-17
2005 13.03911095180804658 3.357874211745878412 9.847554454552609057e-17 2.993783626482823267e-16 0.3141295425254946316 1.143609331270394797e-16 6.982142514906922927e-17
2006 13.04491199416955638 3.359696461883453278 9.926541417828713867e-17 2.997714855936832738e-16 0.3141580460056934143 1.361744446114796838e-16 6.777485363865704455e-17
2007 13.05071241902177093 3.361518704329183649 1.001254911100960093e-16 3.00163098543830773e-16 0.3141900801623342954 1.482940103738577071e-16 6.752169805272017642e-17
2008 13.0565122279934247 3.363340961256624073 1.009741806769683234e-16 3.00575005124429355e-16 0.3142258563263283233 1.463461062432246833e-16 7.102823760249178113e-17
2009 13.06231142271515999 3.365163246788194229 1.017248861726544188e-16 3.010484758954667883e-16 0.3142639870888203624 1.294636313116726272e-16 8.165285280404270567e-17
2010 13.06811000481949492 3.366985569693960567 1.023086448773108693e-16 3.016546284543636627e-16 0.3143035499219044571 1.006832722075539719e-16 1.045456326388072651e-16
2011 13.07390797594078613 3.368807932194156418 1.027628312561040952e-16 3.024646322133352365e-16 0.3143434153515907159 7.83436322360054732e-17 1.397193741724730228e-16
2012 13.07970533771519328 3.370630329755150978 1.031073368918361893e-16 3.035339160488376182e-16 0.3143824182322178529 5.943078347677518384e-17 1.844625153022924697e-16
2013 13.08550209178064705 3.372452751877445642 1.034405683685365045e-16 3.04871743293820369e-16 0.3144195288837599023 5.749188545923826439e-17 2.308131617529259642e-16
2014 13.09129823977681184 3.374275183680981893 1.03849894596885306e-16 3.064185899780714564e-16 0.3144539907391457612 7.062775450293374993e-17 2.669027790124099957e-16
2015 13.09709378334505381 3.376097607978296278 1.043858260695660572e-16 3.080483926482193612e-16 0.3144854046742103226 9.24826486960466397e-17 2.812457850874455807e-16
2016 13.10288872412840178 3.3779200075053466 1.050501909678287842e-16 3.095860149280555357e-16 0.3145137564063026914 1.146575691419889452e-16 2.653662668295598296e-16
2017 13.10868306377151704 3.37974236702963271 1.058020119525900868e-16 3.108605767889599087e-16 0.3145393955156501331 1.297643603972387641e-16 2.199894762441069594e-16
2018 13.11447680392065962 3.381564675134997255 1.065679692246198474e-16 3.117379745301110406e-16 0.3145629798224545137 1.322179280205570694e-16 1.514545466452740364e-16
2019 13.12026994622365095 3.383386925555947666 1.072457262978754237e-16 3.121541822515568271e-16 0.3145853977756515318 1.170050373066647942e-16 7.185229324301285711e-17
2020 13.12606249232984368 3.385209117980915838 1.07731280477885878e-16 3.121137395334406169e-16 0.3146076768798926615 8.383256920578189519e-17 -6.98257188368338389e-18
2021 13.13185444389008438 3.387031258261186561 1.079894009128458188e-16 3.116813416511510774e-16 0.3146308811399781691 4.456992733820173489e-17 -7.466259770493841127e-17
2022 13.1376458025566869 3.388853357964591417 1.08020068094220031e-16 3.109798935303376341e-16 0.3146559979254591188 5.295875160306259139e-18 -1.211321521182588336e-16
2023 13.14343656998339505 3.39067543322816789 1.07865077900536016e-16 3.10160815663877724e-16 0.3146838168550727954 -2.676777776339537575e-17 -1.414598806490579471e-16
2024 13.14922674782535061 3.392497503049178409 1.076069283226908213e-16 3.093784100510903798e-16 0.314714832685198953 -4.45885773763839781e-17 -1.351400745904250443e-16
2025 13.15501633773906498 3.394319589740955045 1.073964058280724802e-16 3.087808533729731052e-16 0.3147496191126909482 -3.636592885224700389e-17 -1.032227158479864573e-16
2026 13.16080534138238356 3.396141707351354899 1.073451000426742478e-16 3.084947083705699345e-16 0.3147867492494113018 -8.86352303002821396e-18 -4.943405113169014877e-17
2027 13.16659376041445739 3.39796386512000792 1.075214814299217799e-16 3.085820588189487615e-16 0.3148253929574464927 3.047449595521417655e-17 1.509207364420096915e-17
2028 13.17238159649570761 3.399786066213274172 1.079711942950028745e-16 3.090707926580389801e-16 0.3148645011717716713 7.770745910402193879e-17 8.445002970285189015e-17
2029 13.17816885128780058 3.401608307377477658 1.086710665754455072e-16 3.09928236344046825e-16 0.3149029644812825768 1.209454929452237726e-16 1.481755345581108757e-16
2030 13.1839555264536088 3.403430579540995371 1.095346423119979091e-16 3.110672812867743687e-16 0.3149397770902887528 1.492501259775530679e-16 1.968589366288526213e-16
2031 13.18974162365718605 3.405252869207317623 1.104996453214005309e-16 3.123477720873926577e-16 0.3149741735890668748 1.667962185237952783e-16 2.213267951670458074e-16
2032 13.19552714456373366 3.407075160359818167 1.115018673746310413e-16 3.136261009406639654e-16 0.3150057175313957236 1.732465619286418835e-16 2.209750604963978199e-16
2033 13.20131209083957025 3.4088974365658542 1.125068719687785264e-16 3.147708673886079854e-16 0.3150343360601154385 1.737447671247158608e-16 1.979067370124227164e-16
2034 13.20709646415209804 3.410719683005686509 1.135032024606495085e-16 3.156706347704216505e-16 0.3150603070891402346 1.722622055225727814e-16 1.555667671652102636e-16
2035 13.2128802661697744 3.412541888223814102 1.144890642241920886e-16 3.162619584498943143e-16 0.3150842114784223047 1.704689863152180619e-16 1.022479539744658431e-16
2036 13.21866349856208522 3.414364045471292908 1.154734890314569614e-16 3.165596439253540423e-16 0.3151068624501798809 1.702372354331918098e-16 5.147894689050357469e-17
2037 13.22444616299950937 3.416186153555625715 1.164463475237703175e-16 3.166249645109761999e-16 0.3151292205369636279 1.68253541604678446e-16 1.129703852867792092e-17
2038 13.23022826115349204 3.418008217135126259 1.173729461313205204e-16 3.165493846193933967e-16 0.3151522975648927138 1.602686554823213752e-16 -1.30726373931179773e-17
2039 13.23600979469641459 3.41983024639850397 1.181831352530374961e-16 3.164458316969167764e-16 0.3151770503301095649 1.401475940726113319e-16 -1.791272254252377592e-17
2040 13.24179076530156962 3.421652256082156285 1.188158198368850753e-16 3.164245134215322209e-16 0.3152042659941918235 1.094532491494640167e-16 -3.688021751550691494e-18
2041 13.24757117464312905 3.423474263827237518 1.192179848708677696e-16 3.165398425681655112e-16 0.315234447770796733 6.958053429932165559e-17 1.995365823716250245e-17
2042 13.25335102439611745 3.425296290929440435 1.193597249319550337e-16 3.167934588330294195e-16 0.3152682288007107592 2.452550675841005264e-17 4.388362309321548616e-17
2043 13.25913031623638361 3.427118351858648548 1.193208407506749649e-16 3.171766022179240766e-16 0.3153044288593099265 -6.728838961221870688e-18 6.630228671768377563e-17
2044 13.26490905184057389 3.428940456229819134 1.192093910445116241e-16 3.176672833172087096e-16 0.3153422083547440247 -1.928802598693197114e-17 8.491964779544997621e-17
2045 13.27068723288610208 3.430762608039025885 1.191433486005823863e-16 3.181936889407402322e-16 0.3153805951441646105 -1.143071898067746258e-17 9.111102488704520419e-17
2046 13.27646486105112444 3.432584805190882715 1.192237167990190514e-16 3.187418398358751147e-16 0.3154185349105720904 1.391156789947716759e-17 9.488377922068488893e-17
2047 13.28224193801451136 3.434407039930619909 1.194876057087572398e-16 3.192800415134194665e-16 0.3154550477347136672 4.568296652610569812e-17 9.317045283920329727e-17
2048 13.28801846545581533 3.436229300057303426 1.199190654207927837e-16 3.198168006591655386e-16 0.3154893633736094993 7.469896744060508422e-17 9.292954320663970496e-17
2049 13.2937944450552461 3.438051570668242185 1.204525151501160697e-16 3.203781119326079345e-16 0.3155210133359826474 9.236531509070994753e-17 9.718946282200671626e-17
2050 13.29956987849364758 3.439873836140278307 1.209986505111919891e-16 3.209968032433885699e-16 0.3155498720464503526 9.457071209004767006e-17 1.071347544850076978e-16
2051 13.30534476745246053 3.441696082080071939 1.214644390070825658e-16 3.216641339904917212e-16 0.3155761516383301379 8.066514941842006088e-17 1.15568192219218719e-16
2052 13.31111911361370659 3.443518297039864784 1.217916364922581774e-16 3.223800105225752097e-16 0.3156003614941690349 5.66692991112049328e-17 1.239869594399770177e-16
2053 13.3168929186599545 3.44534047386328357 1.219907477251713965e-16 3.231098375424840726e-16 0.315623244302424999 3.448849337860188904e-17 1.264149389031302428e-16
2054 13.32266618427429883 3.447162610574762365 1.221348286981539589e-16 3.237876174342127147e-16 0.315645697106194667 2.495890614042674203e-17 1.174106778385680023e-16
2055 13.32843891214033327 3.448984710749212201 1.223305266280269892e-16 3.243525494573990552e-16 0.315668681329045131 3.390357364984184733e-17 9.787131865767971673e-17
2056 13.33421110394212405 3.450806783304124714 1.227149765236162744e-16 3.247824669369805287e-16 0.3156931227322388733 6.660996443058808767e-17 7.448769879131656395e-17
2057 13.33998276136418859 3.452628841665635662 1.233708580589741806e-16 3.250726853151871408e-16 0.3157198029177722409 1.13648823470655082e-16 5.028801003636396146e-17
2058 13.34575388609147062 3.454450902301144488 1.243079293775622651e-16 3.252544328824710259e-16 0.3157492494880999589 1.623873321199346542e-16 3.149547103307789031e-17
2059 13.35152447980931001 3.456272985200924186 1.254595854301058215e-16 3.254091559770085212e-16 0.3157820737039472303 1.99591542464877421e-16 2.681479511654084758e-17
2060 13.35729454420342677 3.458095105329058949 1.267190434149111069e-16 3.256179484303314024e-16 0.3158174052870132975 2.182944728437716064e-16 3.618877253688410521e-17
2061 13.36306408095989262 3.459917272593753701 1.279696346419594825e-16 3.259816900479761194e-16 0.315854368490574966 2.167774111150919829e-16 6.30509510081420852e-17
2062 13.36883309176510259 3.461739491716131489 1.290944044934346598e-16 3.265604690232371993e-16 0.3158920645017692097 1.949852606135433775e-16 1.003346321746739101e-16
2063 13.37460157830575724 3.463561761647750092 1.300226048842836109e-16 3.273620296808503837e-16 0.3159294931944972573 1.609234032651525176e-16 1.389676951424150204e-16
2064 13.38036954226883246 3.465384075848026768 1.307314180947393177e-16 3.283478883190595228e-16 0.3159657021832461554 1.228990388838429343e-16 1.709351311798216143e-16
2065 13.38613698534156171 3.467206423329867171 1.312497421760845269e-16 3.294241904191444998e-16 0.3159999200561380839 8.987877992558439987e-17 1.866336584939704299e-16
2066 13.39190390921140406 3.469028790251772243 1.316220168688946245e-16 3.304940234148377395e-16 0.3160316512283228296 6.455921936747056957e-17 1.85528547573743846e-16
2067 13.39767031556602639 3.47085116178034303 1.319457323128284852e-16 3.315122608498736009e-16 0.3160607229633618509 5.614318246311915528e-17 1.765967338823611436e-16
2068 13.40343620609327857 3.472673523962630959 1.323066098359394569e-16 3.324558879286718313e-16 0.3160872872266912714 6.259392255276826794e-17 1.636713746531397375e-16
2069 13.409201582481165 3.474495865404416239 1.327612758016627904e-16 3.333814180230040289e-16 0.3161117871655328981 7.886846432429874414e-17 1.605467370089506638e-16
2070 13.41496644641783043 3.476318178615316334 1.333530866149319594e-16 3.343567412209203376e-16 0.3161348994392707001 1.02667341059077552e-16 1.691990703078906739e-16
2071 13.4207307995915297 3.478140460931192557 1.34100364866896962e-16 3.354330564084791498e-16 0.3161574609846163897 1.296492825134325041e-16 1.867356522933412676e-16
2072 13.42649464369061008 3.479962714949845104 1.349771225302594734e-16 3.366451388741142425e-16 0.3161803846340433544 1.52126746543162764e-16 2.103091535372674992e-16
2073 13.43225798040348629 3.481784948423363169 1.359514164910125241e-16 3.37978772835914965e-16 0.3162045648628185601 1.690651622778251035e-16 2.314199320262532652e-16
2074 13.43802081141861926 3.48360717355825944 1.36965638051305163e-16 3.39354894022580077e-16 0.3162307750042629428 1.760090253917140618e-16 2.388134490218611891e-16
2075 13.44378313842449479 3.485429405708468042 1.379285812774106129e-16 3.406469304235023278e-16 0.3162595618220925275 1.671247007209093969e-16 2.242408388892946113e-16
2076 13.44954496310960579 3.487251663544459923 1.387973812847698189e-16 3.417204046146616478e-16 0.3162915016211811925 1.507986704782274467e-16 1.863242166762381807e-16
2077 13.45530628716242383 3.489073962467711176 1.395049091286885385e-16 3.425194890101062604e-16 0.3163260277450480884 1.228171018103328523e-16 1.387100598144680293e-16
2078 13.46106711227138497 3.490896312607385088 1.399965038443326481e-16 3.430326125769107313e-16 0.316362225558659671 8.534144724892061943e-17 8.907888228872339114e-17
2079 13.4668274401248631 3.492718719314825027 1.402751492027681655e-16 3.432768429705945839e-16 0.3163992659608067526 4.837733888514616638e-17 4.24023446420729326e-17
2080 13.47258727241115395 3.494541182486086139 1.403874228143550262e-16 3.433319889453370831e-16 0.3164362019345834942 1.949418555516705762e-17 9.575053737532007018e-18
2081 13.47834661081845198 3.496363696699360979 1.404077178558702556e-16 3.432547818707656247e-16 0.3164721100022985789 3.524150628909642145e-18 -1.340669149176295016e-17
2082 13.48410545703482732 3.498186252104782401 1.404078126509968492e-16 3.431267092047018094e-16 0.3165062208969164903 1.646218665951236484e-20 -2.224118697048848256e-17
2083 13.48986381274820445 3.500008835871945223 1.40459363453747167e-16 3.430068311957992949e-16 0.3165380164920512662 8.953107750192866691e-18 -2.081986454762242433e-17
2084 13.4956216796463444 3.50183143393736751 1.406007162471112664e-16 3.429021234307134029e-16 0.3165672820071543381 2.455158405373579018e-17 -1.818670458788664581e-17
2085 13.50137905941681993 3.503654032799428997 1.408294570862819592e-16 3.428285144489721405e-16 0.3165941143836826788 3.973337463775244984e-17 -1.278623117250274335e-17
2086 13.50713595374699239 3.505476621157244566 1.411197619412226119e-16 3.427739505897348362e-16 0.3166188953055946165 5.043157555517745323e-17 -9.478799072347427091e-18
2087 13.51289236432399399 3.507299191251180837 1.414177576395158422e-16 3.427437530811944442e-16 0.3166422394832104081 5.177195959587611653e-17 -5.246331410161942827e-18
2088 13.51864829283470293 3.509121739812369967 1.417020960117460426e-16 3.427580312124580915e-16 0.3166649268131850326 4.940334197390093519e-17 2.48080270008297861e-18
2089 13.52440374096573095 3.51094426855621311 1.419516537715934326e-16 3.42868995358724312e-16 0.31668782320816391 4.336387231080164312e-17 1.928144840179731432e-17
2090 13.53015871040339491 3.512766784164133682 1.421539944709257801e-16 3.431169115604983208e-16 0.3167117916989288795 3.516221487522740789e-17 4.308220138900054555e-17
2091 13.53591320283370258 3.51458929770462003 1.423493372231053916e-16 3.435231749989833349e-16 0.3167375949842035077 3.394893489046575997e-17 7.060518431123356944e-17
2092 13.54166721994233491 3.516411823472716414 1.425767415558285407e-16 3.440776814552636639e-16 0.3167657943096546247 3.952422256270569378e-17 9.63765128308415948e-17
2093 13.5474207634146282 3.518234378817577834 1.429017809272237453e-16 3.447567373863328852e-16 0.3167969211284557551 5.649840614927914883e-17 1.180336327471475615e-16
2094 13.55317383493555639 3.520056979511145379 1.43372625991800497e-16 3.455118330011299377e-16 0.3168307019806349545 8.18490703204744554e-17 1.312615947875812505e-16
2095 13.55892643618970794 3.521879635834058497 1.439839663750914984e-16 3.462868865298119913e-16 0.3168661828545452086 1.062806472306609025e-16 1.347419423256470885e-16
2096 13.56467856886127699 3.523702353676971377 1.447357787711906103e-16 3.470333420962319787e-16 0.3169026009030853075 1.307121146815878542e-16 1.297807619412196187e-16
2097 13.57043023463403664 3.525525133782205778 1.456049215807830503e-16 3.477011557512718791e-16 0.3169390611713810424 1.511237177238374078e-16 1.161172608028573702e-16
2098 13.57618143519132303 3.527347971755323996 1.465694346018984959e-16 3.482827234407949379e-16 0.3169746704278043059 1.677198969409341883e-16 1.01129244308366464e-16
2099 13.58193217221601223 3.529170858810644518 1.475964218430588993e-16 3.48746979252036157e-16 0.3170086648037783728 1.785979296635639989e-16 8.073627733512500033e-17
2100 13.58768244739050601 3.530993783081796789 1.486109903236828252e-16 3.491152190223199752e-16 0.3170405081183952367 1.764523692553771373e-16 6.404375964910783071e-17
2101 13.59343226239670521 3.532816731257789833 1.495337682082593856e-16 3.494128727841757198e-16 0.3170699485895779324 1.60501071986246791e-16 5.177166537807198908e-17
2102 13.59918161891599198 3.534639690300903414 1.502781886526617174e-16 3.496743924069582129e-16 0.3170970331805410547 1.294892034193639451e-16 4.549037830338561603e-17
2103 13.60493051862921021 3.536462649044052498 1.507730934253870829e-16 3.499415503297558289e-16 0.3171220867525930132 8.609368416060300054e-17 4.647481918527477511e-17
2104 13.61067896321664605 3.538285599522674296 1.510174148352579948e-16 3.50249081997389491e-16 0.3171456659881423112 4.250552999511615293e-17 5.350246026312705214e-17
2105 13.61642695435801009 3.540108537945489076 1.510526514920045792e-16 3.50616476444359904e-16 0.3171684966492648861 6.13073777335867264e-18 6.392204090085005353e-17
2106 13.6221744937324214 3.541931465237889487 1.50985968590999612e-16 3.510604849520794023e-16 0.3171913992794147541 -1.160289977880646065e-17 7.725797975741222188e-17
2107 13.62792158301839152 3.543754387102813652 1.509617208617356317e-16 3.515807836952913549e-16 0.3172152052730022875 -4.219461384426430164e-18 9.053963080207132332e-17
2108 13.63366822389380495 3.545577313550290377 1.51137054853731767e-16 3.521569331023523429e-16 0.3172406644113968666 3.051306441449719786e-17 1.002662619488842517e-16
2109 13.63941441803590493 3.547400257870221729 1.516015903771120201e-16 3.527756768299924036e-16 0.3172683479287907171 8.084855716418702613e-17 1.076872168356032892e-16
2110 13.64516016712128277 3.549223236103364432 1.523667983694714049e-16 3.534346860360196064e-16 0.3172987351554823476 1.331883857373084464e-16 1.147039409065157136e-16
2111 13.65090547282585476 3.551046264316248369 1.533564099211318774e-16 3.541079291819211928e-16 0.3173318312151139353 1.722602226672469153e-16 1.17190441065099244e-16
2112 13.6566503368248533 3.552869352871890651 1.544748102221997777e-16 3.547718756735200257e-16 0.3173666438643288901 1.946932028881880282e-16 1.155810391613122801e-16
2113 13.66239476079280379 3.554692508108798332 1.556140218891747152e-16 3.553981563912007311e-16 0.3174024728593807798 1.983312188058247159e-16 1.090324315076816856e-16
2114 13.66813874640351223 3.556515731515559331 1.567050252019930805e-16 3.559638792912397465e-16 0.3174384740308327513 1.899528195499226535e-16 9.84970977482786395e-17
2115 13.6738822953300474 3.558339019630855748 1.577185413579763653e-16 3.56455421230554839e-16 0.317473785542907061 1.764750222685361497e-16 8.558805320907376989e-17
2116 13.67962540924472314 3.560162364656716871 1.586533313933269458e-16 3.568674709411963365e-16 0.3175076520888403531 1.627793890407853374e-16 7.17521556886353767e-17
2117 13.68536808981908237 3.561985755640320495 1.595637088833411551e-16 3.571967588417200765e-16 0.3175395239453185914 1.585402348641182808e-16 5.734476265020048832e-17
2118 13.69111033872387573 3.563809180002832644 1.604824438483015108e-16 3.574893044065457035e-16 0.3175691174915980519 1.600076526504018924e-16 5.094998112219543485e-17
2119 13.69685215762904917 3.565632625180908732 1.614451933088143217e-16 3.578021304499873892e-16 0.3175964349334464698 1.67685763229559611e-16 5.448611087733849337e-17
2120 13.70259354820372089 3.567456080180527511 1.624341410392754839e-16 3.581812641347412228e-16 0.3176217491394820458 1.722616176556511977e-16 6.604007454770874034e-17
2121 13.7083345121161706 3.569279536896164284 1.633875326241606214e-16 3.586342746305203217e-16 0.3176455628637622763 1.660805019463498431e-16 7.891428004897046638e-17
2122 13.71407505103381652 3.571102991096893664 1.642160695309489034e-16 3.591609493513923308e-16 0.3176685508042417228 1.443415021677053798e-16 9.175333016740353562e-17
2123 13.71981516662320288 3.572926443011812836 1.648264158990197719e-16 3.597259515144754981e-16 0.317691489856581688 1.063377901081469845e-16 9.843768157167410866e-17
2124 13.72555486054998219 3.574749897460018477 1.651406242108195994e-16 3.603051769524367185e-16 0.3177151797927419419 5.474704913747140872e-17 1.009231211360783298e-16
2125 13.73129413447889924 3.576573363476625023 1.6516544298832064e-16 3.60889292412837045e-16 0.3177403554524899643 4.324691062654787011e-18 1.017825680997730963e-16
2126 13.73703299007377687 3.578396853405906963 1.649502779396151702e-16 3.614595359052580667e-16 0.3177675938561436153 -3.749539754025158657e-17 9.93725819862920075e-17
2127 13.74277142899750004 3.580220382013199476 1.646178931069150289e-16 3.620229920052178784e-16 0.3177973174148681634 -5.792670746104598714e-17 9.819688944399393862e-17
2128 13.74850945291200688 3.582043965582670797 1.642982583983045786e-16 3.625868746850536552e-16 0.3178297914104658561 -5.570867958339122894e-17 9.827831173328202561e-17
2129 13.75424706347827453 3.583867614496692777 1.640991495553571943e-16 3.631573647287332661e-16 0.3178639877736824659 -3.470488773010427656e-17 9.943703465885122059e-17
2130 13.75998426235630667 3.585691335453932815 1.641008141195719867e-16 3.637225043150127137e-16 0.3178992647803310923 2.901560888258782424e-19 9.85114845904800446e-17
2131 13.76572105120512823 3.5875151305899462 1.643341306114260169e-16 3.642529767981789589e-16 0.3179348272176866219 4.06731200560132249e-17 9.247512176606271342e-17
2132 13.77145743168276937 3.589338997279769128 1.64756160852899835e-16 3.647539894997371833e-16 0.3179698452305287915 7.35760411179356395e-17 8.734571011243724482e-17
2133 13.77719340544625837 3.591162928631347562 1.65316570336707423e-16 3.652145289664454812e-16 0.3180035747592216411 9.770774488061948605e-17 8.02953447804956993e-17
2134 13.78292897415160745 3.592986914547623201 1.659413016130333477e-16 3.655794415157275182e-16 0.3180354567247166697 1.089299511710143019e-16 6.362720689886503477e-17
2135 13.78866413945380387 3.594810943153266436 1.66566970877263657e-16 3.658354482772031442e-16 0.3180651806811432003 1.09101144005299182e-16 4.464120606027210042e-17
2136 13.79439890300678684 3.596635002361388445 1.671753796119193654e-16 3.659962780143936259e-16 0.3180927093150215934 1.060987395123113168e-16 2.804665912901782855e-17
2137 13.8001332664634333 3.598459081382619829 1.677539143300819146e-16 3.661003644172184121e-16 0.3181182684896733948 1.008961019017547446e-16 1.815260515280870122e-17
2138 13.80586723147554018 3.600283172028133638 1.683031286077679569e-16 3.661740542005802425e-16 0.3181423113979488515 9.578926364515433014e-17 1.285234265238285497e-17
2139 13.81160079969379595 3.602107269705704606 1.688328558494247179e-16 3.662675762855292364e-16 0.3181654650985520361 9.239686903254912504e-17 1.631244752989587183e-17
2140 13.8173339727677682 3.603931374039780255 1.693794868240587616e-16 3.663940651991061569e-16 0.3181884649885032279 9.535182143081848489e-17 2.206415088065773964e-17
2141 13.82306675234587701 3.605755489060971986 1.699762689831874407e-16 3.665782622095605939e-16 0.3182120797244909483 1.041070819507518105e-16 3.213268521709876245e-17
2142 13.82879914007537892 3.607579622916869511 1.706407935382058876e-16 3.66815931763498165e-16 0.3182370277227506428 1.15932456685743536e-16 4.14636525607740614e-17
2143 13.83453113760235098 3.609403787072713143 1.713787444919247074e-16 3.671107595810162268e-16 0.3182638881340922876 1.28751098978919912e-16 5.143892737548037637e-17
2144 13.84026274657168187 3.611227995072675334 1.721964894653805666e-16 3.674575471532872575e-16 0.318293024128898927 1.42682479504995827e-16 6.050848648331187186e-17
2145 13.84599396862706477 3.613052263345572168 1.730862986444286374e-16 3.678981075104982774e-16 0.3183249395641185031 1.552668855520310815e-16 7.687539775103863319e-17
2146 13.8517248054109956 3.614876602240358672 1.740229400236933178e-16 3.684487817032118058e-16 0.3183585740656598162 1.634497925608775412e-16 9.609609884875536277e-17
2147 13.857455258564773 3.61670101873633465 1.749969672190946312e-16 3.691263469729080531e-16 0.3183933399511859053 1.699851830056928805e-16 1.182472695951427755e-16
2148 13.8631853297284966 3.618525515521691105 1.760041532251441337e-16 3.698925938484238162e-16 0.318428488558447631 1.757836572679388162e-16 1.337326743414551863e-16
2149 13.86891502054107406 3.620350090712337821 1.770136345469381037e-16 3.707090275016138521e-16 0.3184632219494433203 1.761959035091175079e-16 1.425011657703826624e-16
2150 13.87464433264021579 3.622174738238117531 1.780330883329636453e-16 3.715575736964234367e-16 0.3184968093905686248 1.779482193589645162e-16 1.481158699688286375e-16
2151 13.88037326766242607 3.623999448794836375 1.790648655460358924e-16 3.724577842795107503e-16 0.3185286861480143283 1.80111107960213445e-16 1.571443170707188925e-16
2152 13.88610182724299413 3.625824211174867528 1.801079972932782579e-16 3.733616264979257884e-16 0.3185585196343891923 1.821050832818493249e-16 1.577885659153239939e-16
2153 13.89183001301597464 3.627649013761539365 1.811733499185957243e-16 3.742516422984238198e-16 0.3185862380804582172 1.859963853668685648e-16 1.553849100082756203e-16
2154 13.89755782661415928 3.629473845993009817 1.822531625992485388e-16 3.751104327239046256e-16 0.318612025293146639 1.88533115092334749e-16 1.499430753392161702e-16
2155 13.90328526966905187 3.631298699646371642 1.833552854886738619e-16 3.758819495009182243e-16 0.3186362893485061853 1.924408279237191581e-16 1.347139495514413167e-16
2156 13.90901234381083462 3.633123569838912381 1.844576106110010765e-16 3.765360401811903295e-16 0.3186596132729553332 1.924884841769525991e-16 1.142175942557138275e-16
2157 13.91473905066834149 3.634948455676092927 1.855303427427065093e-16 3.770168879268126792e-16 0.318682693403245898 1.873329049231429569e-16 8.397120059224150815e-17
2158 13.92046539186902621 3.636773360491682983 1.865245283012083977e-16 3.773274621632425501e-16 0.3187062681939568098 1.736272306016351517e-16 5.423951706640058979e-17
2159 13.92619136903894983 3.638598291632432868 1.873946901792774342e-16 3.774634986680838802e-16 0.3187310386797351236 1.519770215014660785e-16 2.37592835796625923e-17
2160 13.931916983802763 3.640423259754020258 1.880833794446230139e-16 3.774665596260554036e-16 0.3187575830978313096 1.20289731711045888e-16 5.346414293070812309e-19
2161 13.93764223778370948 3.642248277635960374 1.885506299928319533e-16 3.774089191206867754e-16 0.3187862728218989194 8.161731575975629947e-17 -1.006839552196330449e-17
2162 13.94336713260363148 3.644073361010199186 1.887931192575814932e-16 3.773339705319937282e-16 0.3188176240587571875 4.235962714823492187e-17 -1.309251473710808262e-17
2163 13.94909166988298388 3.645898520535997722 1.888262846816481381e-16 3.773070962980791905e-16 0.3188507511716803244 5.793915669890155927e-18 -4.69486066817504347e-18
2164 13.95481585124085022 3.647723763403411201 1.886817491218511304e-16 3.773621798677660907e-16 0.3188850484403069618 -2.525155956507010029e-17 9.623555912188754215e-18
2165 13.96053967829496045 3.649549092766849245 1.884564532051946946e-16 3.775245585505217159e-16 0.3189198110235297867 -3.936348836744138693e-17 2.837064907624623358e-17
2166 13.96626315266169804 3.651374507392905144 1.882461045721528456e-16 3.778162532189659833e-16 0.3189542723706275118 -3.67541676495618101e-17 5.096774146542877262e-17
2167 13.97198627595610709 3.653200001951600218 1.881256143540082761e-16 3.78231445710970575e-16 0.3189877166354346816 -2.105451335352717935e-17 7.255091742556959113e-17
2168 13.97770904979188344 3.655025567868101177 1.881551526426644788e-16 3.787334575955274187e-16 0.3190195766378667863 5.161847214901262777e-18 8.772710830703199649e-17
2169 13.98343147578134982 3.656851194563533358 1.88361682537697923e-16 3.792655000309300228e-16 0.31904950191076209 3.609350164794179226e-17 9.298060465226229708e-17
2170 13.98915355553542739 3.658676870879994603 1.887443215504880369e-16 3.797687405749440008e-16 0.3190773909600728153 6.687464627752887074e-17 8.795243623499935086e-17
2171 13.99487529066359848 3.660502586499309263 1.892589299210179033e-16 3.801894002769689461e-16 0.3191033902467089733 8.994460799270713551e-17 7.35240119743939369e-17
2172 14.0005966827738586 3.662328333206013031 1.898644112726397531e-16 3.805268356654719373e-16 0.319127867033357604 1.058339426614159948e-16 5.898136658230171469e-17
2173 14.00631773347267739 3.664154105889696922 1.905013156346397314e-16 3.808021742126584389e-16 0.3191513638883033965 1.11333079750422173e-16 4.813012794577250995e-17
2174 14.01203844436496304 3.665979903214912738 1.911271921039316495e-16 3.810870739429692616e-16 0.319174540620951297 1.094118343875425946e-16 4.980440013200575266e-17
2175 14.0177588170540357 3.667805727903985957 1.917516139605268746e-16 3.814745316935992524e-16 0.3191981066407091339 1.091639715264486698e-16 6.773694163766296356e-17
2176 14.02347885314161857 3.669631586585570648 1.923851826411327981e-16 3.820353314077465865e-16 0.3192227450456810445 1.1076954390711694e-16 9.804703177551825765e-17
2177 14.02919855422784146 3.671457489174466016 1.930742174460912963e-16 3.827997393718932446e-16 0.3192490306560641922 1.204739480129369267e-16 1.336525305696637251e-16
2178 14.03491792191125498 3.673283447784386535 1.938525898145935398e-16 3.837543279636008668e-16 0.3192773483149020652 1.361020257889559758e-16 1.669142513067759052e-16
2179 14.04063695778886256 3.675109477349075338 1.94743800070078795e-16 3.848254872437149258e-16 0.3193081915605724408 1.558412527826204193e-16 1.87307992828032274e-16
2180 14.04635566345615061 3.676935588819578271 1.957141242930331868e-16 3.859030611714800989e-16 0.3193408644144187236 1.696852471087859996e-16 1.884405169790479597e-16
2181 14.05207404050711695 3.678761789534498838 1.967387765209914373e-16 3.868646218375162339e-16 0.3193747354851440567 1.791960936137561745e-16 1.68162338815838063e-16
2182 14.05779209053429391 3.680588083034900038 1.977679674769736709e-16 3.8756231523473691e-16 0.3194091408614367356 1.800000925154917977e-16 1.220229106340239054e-16
2183 14.06350981512876075 3.682414468653037343 1.987511515801190011e-16 3.879538783255428535e-16 0.3194433445474659794 1.719634753448062731e-16 6.848620690299474791e-17
2184 14.06922721588013481 3.684240941720470008 1.996481235338345032e-16 3.880114580633110296e-16 0.3194766467836109847 1.568934123046210923e-16 1.007153178048697356e-17
2185 14.07494429437654659 3.686067494329203331 2.004444800452549445e-16 3.877962846249383888e-16 0.3195084807981620756 1.393021246259617275e-16 -3.763906830487332863e-17
2186 14.08066105220460429 3.687894116489283114 2.011812564211751426e-16 3.874156247347714456e-16 0.3195384821997748759 1.288873035854833563e-16 -6.659039082990385123e-17
2187 14.08637749094933689 3.689720797487701098 2.018854958424106673e-16 3.87041731189946788e-16 0.3195665242539740269 1.232023239316524659e-16 -6.541035936986377226e-17
2188 14.09209361219414625 3.691547527262426076 2.025833404198050713e-16 3.868361747893428196e-16 0.3195927205959401829 1.220903332985724902e-16 -3.596280643907416619e-17
2189 14.09780941752074668 3.693374297642378679 2.03301310397004413e-16 3.869553275039415275e-16 0.3196174018411552242 1.256182502359074511e-16 2.084732787453737397e-17
2190 14.10352490850912588 3.695201103347090399 2.040483538804941678e-16 3.874710403965215485e-16 0.3196410735954788307 1.30712193677336353e-16 9.023566229628066977e-17
2191 14.10924008673751473 3.697027942673035028 2.04826808929060554e-16 3.883979890849560375e-16 0.3196643616733413351 1.362157758798580263e-16 1.621995194564600851e-16
2192 14.11495495378237841 3.698854817811784823 2.056168650772077138e-16 3.896673095987999577e-16 0.3196879477009793025 1.382532518027274575e-16 2.221205278009520643e-16
2193 14.12066951121842706 3.700681734753259455 2.063454610259816902e-16 3.911565554883552482e-16 0.3197124965188014589 1.275051013255194981e-16 2.606196869003800612e-16
2194 14.1263837606186442 3.702508702738788404 2.069702274689824794e-16 3.926876540457892689e-16 0.3197385773873032688 1.09340686463406589e-16 2.679583213670738867e-16
2195 14.13209770355433115 3.704335733260958552 2.074687171119946528e-16 3.940759468546054074e-16 0.3197665846377426013 8.72455761898996414e-17 2.429787814518362537e-16
2196 14.13781134159515496 3.706162840480006437 2.078242546597554324e-16 3.951717465215479635e-16 0.3197969855607627476 6.222942739332542818e-17 1.917968615160568039e-16
2197 14.1435246763091893 3.707990035562566788 2.080781132391196906e-16 3.958729466308432342e-16 0.3198292566047904462 4.443499300964053355e-17 1.227369271226659969e-16
2198 14.14923770926295177 3.709817325938652655 2.082805668391578836e-16 3.961660220117915011e-16 0.3198627440396031307 3.543901116997994218e-17 5.130213390679367381e-17
2199 14.15495044202141273 3.711644715460765909 2.085168354316454954e-16 3.961443630437148526e-16 0.319896821849137869 4.136040560862460001e-17 -3.791547980554466092e-18
2200 14.16066287614798647 3.713472203944740979 2.08859241447931038e-16 3.959217594331125835e-16 0.3199307835046255599 5.994359254656378481e-17 -3.897028527152973786e-17
2201 14.16637501320449566 3.715299787306275636 2.093566127817023106e-16 3.956333519575678222e-16 0.3199639462363771947 8.707722889569603498e-17 -5.049290551752670207e-17
2202 14.17208685475111984 3.71712745824132007 2.100374959041458165e-16 3.954103201688499984e-16 0.3199957462632810334 1.192116691832594818e-16 -3.904927429918607501e-17
2203 14.17779840234632083 3.71895520730732887 2.109045048368036487e-16 3.953536166501113798e-16 0.320025809013563034 1.518070725658767193e-16 -9.928381196148253708e-18
2204 14.18350965754677695 3.720783024219705748 2.118982718290736692e-16 3.955075675657165366e-16 0.320053986854839545 1.740103648932392874e-16 2.695707867988829262e-17
2205 14.18922062190731737 3.722610899181859168 2.129577819541121665e-16 3.958819220114384582e-16 0.3200803650368491127 1.855315022111930971e-16 6.55534487428371632e-17
2206 14.19493129698088296 3.724438824100560819 2.139912729265313179e-16 3.964348461294255983e-16 0.3201052416637354958 1.809843906053277148e-16 9.682777809916790491e-17
2207 14.20064168431850149 3.726266793579428249 2.149066951728484508e-16 3.971325404275658573e-16 0.3201290888884681385 1.603162925036055744e-16 1.221859787969347131e-16
2208 14.20635178546930355 3.72809480561648332 2.156499604142027049e-16 3.979466716248862713e-16 0.3201525011269932275 1.301732270886272939e-16 1.425844763514504946e-16
2209 14.2120616019805599 3.72992286195073941 2.161919368283651957e-16 3.988090524293528604e-16 0.3201761336146354275 9.492481689164456346e-17 1.510422553744507489e-16
2210 14.21777113539774007 3.731750968011457559 2.16550895918102921e-16 3.99649633999930918e-16 0.3202006328252983702 6.287322719518018686e-17 1.472314744882268416e-16
2211 14.22348038726457098 3.733579132434340142 2.167792176726846224e-16 4.00450679748470226e-16 0.3202265606112205121 3.999349799573502974e-17 1.403134869797658257e-16
2212 14.22918935912309735 3.735407366137990071 2.169680919010560282e-16 4.01149418921756098e-16 0.3202543171528586252 3.30853691812435903e-17 1.223991420581798463e-16
2213 14.23489805251372431 3.737235682547526139 2.172112042438992441e-16 4.017242128937272114e-16 0.3202843418781278761 4.258840336599381106e-17 1.00692368163450592e-16
2214 14.2406064689752192 3.739064092968404029 2.175933732527349815e-16 4.021611405844913544e-16 0.3203162638456997224 6.695157042973172825e-17 7.654465533459950173e-17
2215 14.24631461004469379 3.740892604869331173 2.181860993816764885e-16 4.024579459790097732e-16 0.3203494112141979655 1.03843713744171944e-16 5.199935167551391455e-17
2216 14.25202247725754923 3.742721222342237919 2.189950220744607857e-16 4.026468500415211714e-16 0.320383192604714595 1.417274190608466055e-16 3.309696398514724777e-17
2217 14.25773007214740673 3.744549945605878172 2.199977158993965809e-16 4.027756732776568612e-16 0.3204169295526190786 1.756854539203274262e-16 2.257156487169611663e-17
2218 14.26343739624602236 3.746378771082204739 2.211088521393513e-16 4.028850030191957937e-16 0.3204499568508917262 1.946952099902455998e-16 1.915694603568193134e-17
2219 14.26914445108322305 3.748207692006097158 2.222230069207780824e-16 4.030494874138883433e-16 0.3204817160129060927 1.952332829653991602e-16 2.882259171502134511e-17
2220 14.27485123818685508 3.750036699437663934 2.232237103417642536e-16 4.03329095617102076e-16 0.3205118258438767187 1.753613873037959952e-16 4.89980161842208035e-17
2221 14.2805577590827717 3.751865783500444529 2.24032710319384605e-16 4.037673993202428734e-16 0.3205401220695011655 1.417742119443156943e-16 7.681108012863911645e-17
2222 14.28626401529485435 3.753694934668725836 2.245898007391533039e-16 4.044035978772206307e-16 0.320566665992572164 9.763250934008897312e-17 1.114965530767367668e-16
2223 14.29197000834506071 3.755524144957041344 2.249158993004925935e-16 4.052450289448485309e-16 0.320591727401027704 5.71528061866732436e-17 1.474712017436529718e-16
2224 14.29767573975349215 3.757353408904218206 2.250404168129879679e-16 4.062720056638450164e-16 0.3206157486052987338 2.182422910854068878e-17 1.799985781545853662e-16
2225 14.30338121103846305 3.759182724277162269 2.250702777643490901e-16 4.074296078011140921e-16 0.3206392953538326762 5.233976899026792229e-18 2.029025388862922283e-16
2226 14.30908642371654516 3.76101209243916168 2.250898354246877602e-16 4.086039224412965776e-16 0.3206629980564310589 3.428188010180081721e-18 2.058411537953794182e-16
2227 14.31479137930258894 3.76284151833674585 2.251723394902658818e-16 4.096847731560994228e-16 0.3206874849342803424 1.446247225538901541e-17 1.894667052528623639e-16
2228 14.32049607930969692 3.764671010069192469 2.25372669179338696e-16 4.105915565456323275e-16 0.3207133088572480806 3.511816768855471816e-17 1.589608174315102819e-16
2229 14.3262005252491722 3.766500578031318991 2.257389383436450665e-16 4.112725502232508011e-16 0.3207408725198352406 6.421050967693564284e-17 1.19384745940776497e-16
2230 14.33190471863042958 3.768330234963842784 2.263082633590452097e-16 4.117279000646650684e-16 0.3207705875193639367 9.981254760555932526e-17 7.983072321422660299e-17
2231 14.3376086609609068 3.770159992235330382 2.27047068947548714e-16 4.120198146693215597e-16 0.3208022136595344853 1.295310978943418597e-16 5.117993125787755311e-17
2232 14.34331235374598812 3.771989857305007465 2.279114142111511065e-16 4.122378397427567123e-16 0.3208350658492126195 1.515479333201785302e-16 3.822691079877964403e-17
2233 14.34901579848895459 3.773819834435577114 2.288613947134076522e-16 4.124976801644249617e-16 0.3208685838617928998 1.665697856893247063e-16 4.556047544964973783e-17
2234 14.35471899669098939 3.775649924169707905 2.298542471649025885e-16 4.128925254700586747e-16 0.3209021155729825936 1.740944425809276859e-16 6.92352355946713421e-17
2235 14.36042194985121689 3.777480123357536801 2.308444554489661884e-16 4.134753032454903417e-16 0.3209350135645249735 1.736382089944237438e-16 1.021931353194046703e-16
2236 14.36612465946679151 3.779310425706037257 2.318166703254056126e-16 4.142765051910382354e-16 0.3209667266408652853 1.70490207116845227e-16 1.405009210917878782e-16
2237 14.37182712703299714 3.781140822730189921 2.327846800052804904e-16 4.152507039279766979e-16 0.3209968703158793124 1.697599338149800836e-16 1.708453092397669179e-16
2238 14.37752935404334664 3.782971304937639001 2.337583077171374007e-16 4.163062775822414453e-16 0.3210252677990290127 1.707523272629771157e-16 1.851237961576015558e-16
2239 14.38323134198965114 3.784801863074926498 2.347564180175886464e-16 4.173095802362725161e-16 0.321051960842080486 1.750533143795046418e-16 1.759639739560789444e-16
2240 14.38893309236203955 3.786632489290207459 2.357581019210627278e-16 4.181173072060182827e-16 0.3210771951396433344 1.756873442865210513e-16 1.41668849555297811e-16
2241 14.39463460664892303 3.788463178104847895 2.367637619249393215e-16 4.186419754211080265e-16 0.3211013868522296644 1.763919784532158659e-16 9.20263947402201135e-17
2242 14.40033588633689554 3.790293927118663309 2.377051923866697761e-16 4.188520694466161597e-16 0.3211250759215103501 1.651329189400863398e-16 3.685183462224474776e-17
2243 14.40603693291060772 3.792124737393527845 2.385338868386802454e-16 4.187752369003096088e-16 0.321148869677111426 1.453642085281288185e-16 -1.347746718462330687e-17
2244 14.41173774785261763 3.79395561346981447 2.391973675803293632e-16 4.184935678211184245e-16 0.321173378438753987 1.163881892851396065e-16 -4.941055865945636579e-17
2245 14.41743833264325936 3.795786562979831302 2.39666892943695876e-16 4.181400642739896296e-16 0.3211991448148351913 8.236772470083575355e-17 -6.201429171344731373e-17
2246 14.42313868876055949 3.7976175958470062 2.399852072555502043e-16 4.178394733472544087e-16 0.3212265710096277593 5.584335307864083759e-17 -5.273405759271248528e-17
2247 14.42883881768021936 3.799448724188672966 2.402037323093208873e-16 4.176893748103183491e-16 0.3212560422308968211 3.833837984220735155e-17 -2.633352388441887347e-17
2248 14.43453872087566126 3.801279959363472738 2.404010166766839043e-16 4.177290582927714936e-16 0.3212874257091590247 3.461324214114223625e-17 6.96240662914132183e-18
2249 14.44023839981814739 3.803111308778455601 2.40694138927289553e-16 4.179299450541364464e-16 0.3213200284311202304 5.142986320787620272e-17 3.524665437688561593e-17
2250 14.4459378559769327 3.80494277680327242 2.411618357059611624e-16 4.182448774547473172e-16 0.3213533176696871108 8.206308243058678141e-17 5.525871618102680366e-17
2251 14.45163709081943537 3.806774364228933116 2.418446504254536425e-16 4.186134465315498144e-16 0.3213866656345084061 1.198127607065852415e-16 6.467241748333480287e-17
2252 14.4573361058113754 3.808606068257266664 2.427395638414129115e-16 4.189914713782175682e-16 0.3214194425839285163 1.570355073031006179e-16 6.633415312699934503e-17
2253 14.46303490241685807 3.810437883000114212 2.437715989428647305e-16 4.19328106533014941e-16 0.3214511062789294216 1.811039169630707085e-16 5.907351894863591444e-17
2254 14.46873348209839172 3.812269800377356077 2.448755410438876665e-16 4.196301936968505376e-16 0.3214812719974897703 1.937296491956452339e-16 5.301296165998807833e-17
2255 14.47443184631680779 3.814101811253081564 2.459340772831311327e-16 4.199454159799032332e-16 0.3215097543621315279 1.857683984151233704e-16 5.532010761323532285e-17
2256 14.48012999653112942 3.815933906642853923 2.46883282768379681e-16 4.203112183883196972e-16 0.3215365798579186141 1.665875516160271788e-16 6.419908917549668678e-17
2257 14.4858279341983831 3.817766078849203382 2.476546446334222468e-16 4.207836071210611952e-16 0.3215619742761199329 1.353806390822819456e-16 8.290828394826610107e-17
2258 14.49152566077340509 3.819598322418265024 2.482329041482176874e-16 4.213900348414552516e-16 0.3215863313574563453 1.014932507203895586e-16 1.064371948838993195e-16
2259 14.49722317770867974 3.82143063484221468 2.486526891467805842e-16 4.221331432870858148e-16 0.3216101682008873919 7.368127958495800472e-17 1.304314859556597851e-16
2260 14.50292048645423293 3.823263016952298976 2.489722489544248925e-16 4.230016615840505136e-16 0.3216340709712643964 5.60916422867170481e-17 1.524491393080259057e-16
2261 14.50861758845760896 3.825095472957360965 2.492436118832753715e-16 4.239644697271786921e-16 0.3216586326775891513 4.763346482115548467e-17 1.690057223714767501e-16
2262 14.51431448516393452 3.826928010092275567 2.495410330586852654e-16 4.249671051758243355e-16 0.3216843846925017125 5.220944557323624466e-17 1.760030731292731009e-16
2263 14.52001117801604835 3.828760637863850125 2.499323779499336374e-16 4.25996177741781004e-16 0.3217117260734915218 6.869929748220590157e-17 1.80650275295317413e-16
2264 14.5257076684546842 3.830593367836226726 2.50435090582289719e-16 4.270095189468090107e-16 0.3217410182484654602 8.825264859440775781e-17 1.778949632803921988e-16
2265 14.53140395791865735 3.832426211289639006 2.510640642023020668e-16 4.280241687813243749e-16 0.3217722116581531733 1.104219961662357545e-16 1.781309367708115177e-16
2266 14.53710004784502985 3.834259175542517717 2.518020180231671299e-16 4.290188937339077007e-16 0.321804611017666331 1.295589599740108482e-16 1.746390176092862194e-16
2267 14.54279593966920814 3.836092265013192559 2.526293139051346249e-16 4.299827727050618594e-16 0.321837707346274704 1.452493259106459093e-16 1.692293819795461616e-16
2268 14.54849163482497332 3.837925480669478251 2.534758593650600913e-16 4.309222489118637545e-16 0.3218708949546346121 1.486340921602445738e-16 1.649506136580548458e-16
2269 14.55418713474441894 3.839758819990418459 2.542928619557194662e-16 4.318412496088797596e-16 0.3219035613603546397 1.434519188946449869e-16 1.613610715065907429e-16
2270 14.5598824408578178 3.841592277425375457 2.550227394887109471e-16 4.327518553678611169e-16 0.3219351746192431474 1.281585525544392518e-16 1.5989246242512869e-16
2271 14.56557755459344961 3.843425845247133932 2.556413127124101753e-16 4.336448692761919598e-16 0.3219653525278430295 1.08618368881275404e-16 1.568087825255726029e-16
2272 14.57127247737741627 3.845259514645086529 2.561508077687750015e-16 4.345109206669250148e-16 0.3219939048069550558 8.946776494274749332e-17 1.520793603127005333e-16
2273 14.57696721063347667 3.847093276896178082 2.565929101404900756e-16 4.35329593180146495e-16 0.3220208467858599599 7.763611668904440668e-17 1.437643379292722704e-16
2274 14.58266175578294366 3.848927124473265682 2.570425050936384051e-16 4.360544536412669059e-16 0.3220463884420818879 7.895445223051546903e-17 1.272944908535046286e-16
2275 14.58835611424465029 3.850761051984753269 2.575898029739346618e-16 4.366626118612514883e-16 0.3220709047973965289 9.611542571697251113e-17 1.068036042556018806e-16
2276 14.59405028743499599 3.852595056870370183 2.583177485749867569e-16 4.371433580611368547e-16 0.3220948931129435366 1.27844567046526946e-16 8.443047075877413239e-17
2277 14.59974427676805142 3.854429139798086545 2.59277468228669839e-16 4.375135413178624862e-16 0.3221189204170033515 1.685550059245621718e-16 6.501507058973635902e-17
2278 14.60543808365571294 3.856263304717546081 2.604368037479745319e-16 4.37799471397286278e-16 0.3221435631862839544 2.036198987097232884e-16 5.021933067766975554e-17
2279 14.61113170950785722 3.858097558534861804 2.617578969909266318e-16 4.380347756636173724e-16 0.3221693408436743788 2.320375376935207633e-16 4.132896966926968203e-17
2280 14.61682515573248153 3.859931910395769439 2.631708099150462841e-16 4.382983826866453165e-16 0.322196646959778954 2.481725650891371203e-16 4.630153066305859783e-17
2281 14.62251842373578548 3.861766371387004515 2.645870091294264388e-16 4.386594463447419124e-16 0.3222258226979079487 2.487575146804097449e-16 6.34213727260345856e-17
2282 14.62821151492219407 3.863600952645289244 2.659392575501020095e-16 4.391931275581195957e-16 0.322256877094210914 2.375317806908845891e-16 9.374479348369075981e-17
2283 14.6339044306943169 3.865435661368276321 2.67163704745582162e-16 4.398721674621421616e-16 0.3222891184621096694 2.150891867959186259e-16 1.192816981388218563e-16
2284 14.63959717245284153 3.867270501968936625 2.682515497016992374e-16 4.406444745654926821e-16 0.3223220578242910195 1.9109912039404041e-16 1.356693408324945908e-16
2285 14.64528974159640384 3.869105475524008853 2.69177051000234564e-16 4.414336516968210616e-16 0.3223551092584397981 1.625854887028185931e-16 1.386370281415832991e-16
2286 14.65098213952145478 3.870940579718009644 2.699189136390594383e-16 4.421508050175623109e-16 0.322387676941131851 1.303290426353248132e-16 1.259881557898665441e-16
2287 14.65667436762214493 3.872775809272152703 2.704400230263224822e-16 4.427316138949049752e-16 0.3224192403363276282 9.155023271839854387e-17 1.020384379657989578e-16
2288 14.66236642729026052 3.874611156760766395 2.706992002774865929e-16 4.431525703023000219e-16 0.322449422283301812 4.553445896502372001e-17 7.39571940534787692e-17
2289 14.66805831991521103 3.87644661366710741 2.707023323009347124e-16 4.434483330730874717e-16 0.3224780310761056756 5.502764741281317815e-19 5.196362587410472e-17
2290 14.67375004688407181 3.878282171520750943 2.704859763063404636e-16 4.436565737980522004e-16 0.322505074821961446 -3.801346064157127416e-17 3.658761855553701447e-17
2291 14.6794416095816711 3.880117822979010977 2.701284300436674448e-16 4.438181520241716931e-16 0.3225307516349983361 -6.282220098228181067e-17 2.838989203732999608e-17
2292 14.68513300939069488 3.881953562747618047 2.69776810095942989e-16 4.439786259841290939e-16 0.3225554214195298086 -6.178267876378820489e-17 2.819666853989947326e-17
2293 14.69082424769178452 3.883789388266093656 2.695855072917790585e-16 4.441760635979903199e-16 0.3225795645476009499 -3.361451000811121022e-17 3.46924796848738573e-17
2294 14.69651532586361498 3.885625300103201063 2.696905078743328972e-16 4.4442300762708508e-16 0.3226037309329604086 1.845054811312600053e-17 4.339264201439775541e-17
2295 14.70220624528292319 3.887461302018405895 2.701964898932327779e-16 4.447263170126288181e-16 0.3226284813515660765 8.891287585102982443e-17 5.32985535729890421e-17
2296 14.7078970073244939 3.889297400654799564 2.711103308140337735e-16 4.450710766445656986e-16 0.3226543226822303767 1.605876272091167566e-16 6.058399223543534134e-17
2297 14.71358761336110277 3.891133604850496752 2.723843803759698756e-16 4.454253554658097134e-16 0.3226816408526664848 2.238925301099381343e-16 6.225847409902916917e-17
2298 14.71927806476343648 3.892969925291526412 2.738839979229246956e-16 4.457644677771516397e-16 0.3227107608354018442 2.635393631345266345e-16 5.959482318916482915e-17
2299 14.72496836289999678 3.894806372907111403 2.754365567676617413e-16 4.460503249885775515e-16 0.3227417256226162712 2.72850429507865582e-16 5.023723460136285662e-17
2300 14.73065850913702945 3.896642954743642751 2.768953795930957992e-16 4.462692634897551684e-16 0.3227738530740735801 2.563838185436000066e-16 3.84777972893557857e-17
2301 14.73634850483847814 3.898479675157161317 2.781258609815872676e-16 4.464265936309931938e-16 0.3228066705562113725 2.162591526052772767e-16 2.765103425506777735e-17
2302 14.74203835136597895 3.900316535268351537 2.791196386661987179e-16 4.465738968890020498e-16 0.3228396095946583499 1.746626200706920777e-16 2.588946540779238601e-17
2303 14.74772805007889964 3.902153532898417154 2.799366083854502064e-16 4.46764625537303656e-16 0.3228720903810634035 1.435912146622328448e-16 3.352261122433354625e-17
2304 14.75341760233439992 3.903990662977436354 2.806794734702442883e-16 4.470669595972193958e-16 0.3229036048181853635 1.305698581243949393e-16 5.313981787193405752e-17
2305 14.75910700948751497 3.90582791833207521 2.814700184750291828e-16 4.475517500467222845e-16 0.3229337832101916717 1.389538414181184058e-16 8.521146150252462243e-17
2306 14.76479627289122476 3.907665290709454453 2.823961104325377334e-16 4.482874167302306181e-16 0.3229624357920032329 1.627829600828873054e-16 1.293111330952735695e-16
2307 14.77048539389650017 3.909502771883630601 2.83460947230568307e-16 4.492951817708013388e-16 0.3229895672767792436 1.871753471272802478e-16 1.771433628518794345e-16
2308 14.77617437385231902 3.911340354710203915 2.846343964726758596e-16 4.505605112696123397e-16 0.32301536776373313 2.062721380555766971e-16 2.22423102507410566e-16
2309 14.78186321410563231 3.913178034026087992 2.858118045840402753e-16 4.52003479957897323e-16 0.3230401855444368087 2.069730727603794448e-16 2.536551773584017794e-16
2310 14.78755191600130203 3.915015807320828767 2.868799400933081446e-16 4.535154915599568058e-16 0.3230644869625584614 1.877688892833479657e-16 2.657984278575760418e-16
2311 14.79324048088201593 3.916853675125441026 2.877260210088847332e-16 4.549328295563116545e-16 0.3230888067680898201 1.487371794406864183e-16 2.491615778241212541e-16
2312 14.79892891008820577 3.918691641075316756 2.882758246341696352e-16 4.561228265698195822e-16 0.323113690825648503 9.665526100042111575e-17 2.092010067607952692e-16
2313 14.80461720495797451 3.920529711613439439 2.885291604458609592e-16 4.569574423625545962e-16 0.3231396328767038306 4.453737736750746698e-17 1.46728558705359528e-16
2314 14.81030536682706966 3.92236789532145691 2.88534606769903252e-16 4.573837291817035074e-16 0.3231670091046667248 9.575061750844191126e-19 7.494454213917892833e-17
2315 14.81599339702888507 3.924206202560490908 2.883944657751825729e-16 4.57410918867088853e-16 0.3231961325728929246 -2.463844266448245516e-17 4.780267942069370147e-18
2316 14.82168129689451597 3.926044643989474281 2.882582871679730173e-16 4.57123026418207399e-16 0.3232270558670332639 -2.394235116032734219e-17 -5.061604204042969807e-17
2317 14.82736906775284247 3.927883226473934286 2.882394752251999897e-16 4.566875217471968263e-16 0.3232591122526772276 -3.307511070054420933e-18 -7.657032225786853347e-17
2318 14.8330567109306255 3.929721954263026173 2.884145470950451631e-16 4.562629230677771234e-16 0.3232918418788119364 3.078177618198476271e-17 -7.465449205871842758e-17
2319 14.83874422775259738 3.931560828458439349 2.887951787941534909e-16 4.559917986763618182e-16 0.3233246914680436013 6.692552812156096228e-17 -4.767112966316747423e-17
2320 14.84443161954152579 3.933399846951406431 2.893545379414787379e-16 4.55994672511588847e-16 0.3233570966165731919 9.835287167404723586e-17 5.053103156442897823e-19
2321 14.85011888761824217 3.935239004819810482 2.900281717425350538e-16 4.563070471742305733e-16 0.3233885626989448925 1.184484869143142225e-16 5.492643938332547755e-17
2322 14.85580603330161154 3.937078295094983194 2.907405536132283967e-16 4.568917437823505907e-16 0.3234187298851295411 1.252644255900442718e-16 1.028123928663554367e-16
2323 14.86149305790845965 3.938917709758949837 2.914684905985213479e-16 4.576517134599440677e-16 0.3234474136803365263 1.280023149905329657e-16 1.336350261354323959e-16
2324 14.86717996275347531 3.940757240822632124 2.921747385287355181e-16 4.584596068089220826e-16 0.3234746191804847015 1.241910423712842898e-16 1.420650069784659815e-16
2325 14.87286674914908957 3.942596881353799265 2.928439952315144668e-16 4.591833522903415644e-16 0.3235005322554199703 1.176886983606271151e-16 1.272705425272051465e-16
2326 14.87855341840536916 3.94443662635403669 2.934683152138547894e-16 4.597258906456314028e-16 0.3235254930142838492 1.097888185912923984e-16 9.540723787896859213e-17
2327 14.88423997182994363 3.946276473412412056 2.940350099861239392e-16 4.600664351116103585e-16 0.3235499565486313345 9.965723406702074619e-17 5.988712304579510928e-17
2328 14.88992641072797696 3.948116423082589588 2.945363515121268588e-16 4.602000345416161571e-16 0.3235744443058158892 8.816616471263445069e-17 2.349486076950050904e-17
2329 14.89561273640219596 3.949956478940675808 2.949553577772693361e-16 4.601887027788076287e-16 0.3235994879433908289 7.368809607019332451e-17 -1.992848546545217877e-18
2330 14.90129895015296668 3.951796647290977127 2.952863599634807953e-16 4.601229284964034407e-16 0.3236255674062336607 5.82124838240144403e-17 -1.156755003438324802e-17
2331 14.90698505327840806 3.953636936508323263 2.955523575673894879e-16 4.600681489504921914e-16 0.3236530470020114181 4.678119840556313789e-17 -9.634119887490457216e-18
2332 14.91267104707451985 3.955477356702648439 2.957848584340427767e-16 4.60071390648240183e-16 0.3236822320667746 4.089087900026355777e-17 5.701306505987370833e-19
2333 14.91835693283529807 3.95731791820108203 2.960571794481546095e-16 4.601283822159682051e-16 0.3237131609865590565 4.789511046288380063e-17 1.002352844743838413e-17
2334 14.92404271185282028 3.959158627658453167 2.964047719206881347e-16 4.602317249934975883e-16 0.3237451880595494935 6.113479231489121919e-17 1.817599557163441047e-17
2335 14.92972838541727931 3.960999489167253085 2.968475784521938891e-16 4.603341979614274837e-16 0.3237778627599032233 7.788253038140392684e-17 1.802334308605111156e-17
2336 14.93541395481695488 3.962840503747775411 2.973479582550688778e-16 4.604225175300720044e-16 0.3238106448548294658 8.80103331910113515e-17 1.553426940702321522e-17
2337 14.94109942133813007 3.964681669295429867 2.978723691371724531e-16 4.605217412198236238e-16 0.3238429848118993815 9.223873732843766901e-17 1.745247508794681441e-17
2338 14.94678478626497586 3.966522980975813351 2.983917222560298641e-16 4.606952642226042378e-16 0.3238744025581873909 9.135073810625031512e-17 3.052153497661428815e-17
2339 14.95247005087940373 3.968364431978289364 2.988648518234184591e-16 4.610107344320321159e-16 0.3239045505474175135 8.322177438858179394e-17 5.549006531176929637e-17
2340 14.95815521646094304 3.970206014491878932 2.993237882598475467e-16 4.615177130622163067e-16 0.3239332528746318718 8.07266422319524061e-17 8.917723512338110596e-17
2341 14.96384028428663626 3.97204772075775292 2.997884703164852419e-16 4.622508473920198442e-16 0.3239605187634915229 8.173868054741332498e-17 1.289600747998727089e-16
2342 14.96952525563099456 3.973889544070627888 3.003208043043997298e-16 4.631990744981752878e-16 0.3239865335901412347 9.364038464004869406e-17 1.667981999315550726e-16
2343 14.97521013176601556 3.975731479630943088 3.009797909272862727e-16 4.643130809303725754e-16 0.3240116326454423046 1.15921173451049824e-16 1.959629048108331298e-16
2344 14.98089491396126149 3.977573525177147129 3.018163648277311739e-16 4.655144346580806014e-16 0.3240362624632216471 1.471626369570898791e-16 2.113314584565999083e-16
2345 14.98657960348397467 3.979415681345840561 3.028255084002710924e-16 4.667276704825697026e-16 0.3240609329533473137 1.775224126807151482e-16 2.134250829858591327e-16
2346 14.99226420159922668 3.981257951717911858 3.039706730146464591e-16 4.678695615933679083e-16 0.3240861621664771208 2.014536034168203483e-16 2.008777394029125958e-16
2347 14.99794870957005699 3.983100342519040105 3.051722325616588763e-16 4.689045262924791347e-16 0.3241124154924597822 2.113777201350193732e-16 1.820704425863074351e-16
2348 15.00363312865757948 3.984942861964931193 3.063551284995122097e-16 4.698270438235157464e-16 0.3241400431580516162 2.080976356598908257e-16 1.622912979242327138e-16
2349 15.00931746012104107 3.986785519983843784 3.074286524866563627e-16 4.706500086649060318e-16 0.3241693465961340004 1.888595528285544118e-16 1.447799711975247389e-16
2350 15.01500170521781286 3.988628326510401223 3.083385199425910591e-16 4.714094622193398564e-16 0.3242003270941548054 1.600706979139229378e-16 1.336087577355357645e-16
2351 15.02068586520332083 3.990471287957713553 3.090655424818516879e-16 4.721555963271670331e-16 0.3242323652848392301 1.279051376053750828e-16 1.312674375002898364e-16
2352 15.02636994133092507 3.992314408211409482 3.096483023075948753e-16 4.729071463908948452e-16 0.3242650166537719425 1.025264760781688927e-16 1.322221886727959652e-16
2353 15.03205393485176877 3.994157688148459062 3.101468616259712987e-16 4.736771467821770631e-16 0.3242977520122295454 8.771411381659667128e-17 1.354701426094995975e-16
2354 15.03773784701462546 3.996001125603911408 3.106478579036011779e-16 4.744414938612127244e-16 0.3243300362960059302 8.814410297851704889e-17 1.344774215979799943e-16
2355 15.04342167906578354 3.997844715772944646 3.112052326947511728e-16 4.751717332661784641e-16 0.3243614051518393659 9.806456635014315673e-17 1.284783806458131729e-16
2356 15.04910543224896635 3.999688451958648638 3.118742045157241668e-16 4.758211892961573873e-16 0.3243915257689801157 1.177005644216105531e-16 1.142669076619069419e-16
2357 15.05478910780532686 4.001532326531524575 3.126464364029635934e-16 4.76336994035879755e-16 0.3244202341356868247 1.358702231435179538e-16 9.07531872778378004e-17
2358 15.06047270697350982 4.003376331958571122 3.135101301368801037e-16 4.766985332602679548e-16 0.3244475472915763214 1.519644733525194081e-16 6.361180551964233338e-17
2359 15.06615623098976364 4.005220461777982521 3.14414052045536074e-16 4.76930440965728905e-16 0.3244736537677903043 1.590445755689882935e-16 4.080403653569470891e-17
2360 15.07183968108809147 4.007064711424335179 3.152767662164057252e-16 4.770832286013796548e-16 0.324498887291475635 1.517960375112161673e-16 2.688324645126697589e-17
2361 15.07752305850040386 4.008909078835591444 3.160438843572693106e-16 4.772210309999925293e-16 0.3245236884048181003 1.349774491763410024e-16 2.424687315334537029e-17
2362 15.08320636445665563 4.010753564790867642 3.167043619749780642e-16 4.774201507990093522e-16 0.3245485571008007164 1.162150664316904871e-16 3.503634347349946136e-17
2363 15.08888960018493286 4.012598172938126595 3.17249571055886285e-16 4.777598444087612996e-16 0.3245739982683126801 9.59340288860487535e-17 5.97718888248530767e-17
2364 15.0945727669114742 4.014442909481661381 3.177342416884546729e-16 4.782710099314994555e-16 0.3246004618328282021 8.528280730377278718e-17 8.994485707746909054e-17
2365 15.10025586586062118 4.016287782522117489 3.182210730944291017e-16 4.789605975706231547e-16 0.3246282816149504979 8.566402093369336296e-17 1.213414936435152585e-16
2366 15.10593889825471337 4.018132801868425474 3.187966552993800442e-16 4.798074705736967885e-16 0.3246577583644835174 1.01281988607766582e-16 1.490195164335199028e-16
2367 15.11162186531394092 4.01997797700203563 3.19506110025330471e-16 4.807556398938295206e-16 0.3246888346264829028 1.248401975472198699e-16 1.668459464767222526e-16
2368 15.11730476825617764 4.021823314061303556 3.203506228503607434e-16 4.817536474572463251e-16 0.3247209222968322484 1.486075305635948835e-16 1.756177468090456998e-16
2369 15.12298760829683708 4.023668816674263127 3.212951152290767331e-16 4.827351440020747018e-16 0.3247535797927930123 1.662025720912715905e-16 1.727142049266174294e-16
2370 15.12867038664877128 4.025514485513737029 3.222594368994215927e-16 4.836529993380999784e-16 0.3247862872261213507 1.696937437012429911e-16 1.615169636191937116e-16
2371 15.13435310452222815 4.027360318292470431 3.231706882752287063e-16 4.844788723526086778e-16 0.3248185238280106857 1.603565231564801269e-16 1.45332153883525105e-16
2372 15.14003576312488342 4.029206310180764916 3.240072783884760519e-16 4.851511344147745617e-16 0.3248498422962358689 1.472195886007580964e-16 1.183018334268764937e-16
2373 15.14571836366193658 4.03105245455533634 3.247308821480108972e-16 4.856428152982642898e-16 0.3248799270855869392 1.273380023114837195e-16 8.652478743141091051e-17
2374 15.15140090733624945 4.032898743946830677 3.253558292145244291e-16 4.859407030526374296e-16 0.3249086293730550912 1.099777184156611066e-16 5.242206472412172845e-17
2375 15.15708339534851667 4.03474517104731234 3.258931820441549265e-16 4.860642457590853293e-16 0.3249359776215601237 9.4563856313733254e-17 2.174116166687415892e-17
2376 15.16276582889741675 4.036591729657737382 3.263835995486883207e-16 4.860209029892707543e-16 0.3249621670293999509 8.630494267692901702e-17 -7.627572893959237351e-18
2377 15.16844820917972747 4.038438415483691202 3.268754446469273851e-16 4.858777121756931055e-16 0.3249875328371683025 8.655696749727500236e-17 -2.519932117068281592e-17
2378 15.17413053739038986 4.040285226713007383 3.273811760863415283e-16 4.857157396986964605e-16 0.3250125119527039752 8.900154108239544205e-17 -2.850485246148927361e-17
2379 15.17981281472248689 4.042132164325644261 3.279073695101695095e-16 4.856031695156055456e-16 0.3250375958390049891 9.260336908900385366e-17 -1.981092454054339938e-17
2380 15.18549504236716707 4.04397923209615584 3.284620583468018423e-16 4.856232379912101758e-16 0.3250632764195022784 9.761903353393471861e-17 3.531827330283228803e-18
2381 15.19117722151350591 4.045826436260495207 3.290246973909114449e-16 4.858294688731302861e-16 0.3250899870032311068 9.901900562385956478e-17 3.629463164785982663e-17
2382 15.19685935334834603 4.047673784843017764 3.295752252493302323e-16 4.862520125071673884e-16 0.3251180424808037817 9.688834113584234638e-17 7.436417818519070485e-17
2383 15.20254143905612843 4.049521287585450935 3.301013112560014469e-16 4.868796877031077138e-16 0.3251477452576426175 9.258751013026839413e-17 1.10466507045802917e-16
2384 15.20822347981876455 4.051368953454662858 3.305713288899898982e-16 4.876665034434043109e-16 0.3251789591324589224 8.272050024903766837e-17 1.384752122784211085e-16
2385 15.21390547681555994 4.053216788278221294 3.309576393451118735e-16 4.885193957514515519e-16 0.3252111317668219259 6.798901001423807864e-17 1.501054473262439379e-16
2386 15.21958743122320712 4.055064795374922149 3.312404977273065164e-16 4.893540498743123839e-16 0.325243821771330377 4.978224456458761438e-17 1.468966744019163166e-16
2387 15.2252693442158531 4.056912975154006951 3.314402249261315842e-16 4.901043077705787282e-16 0.3252765171992779147 3.515164940066084463e-17 1.320441216057292515e-16
2388 15.23095121696522547 4.058761325147439258 3.315798870943467946e-16 4.907242505388756555e-16 0.3253087117601250466 2.45804745774001235e-17 1.091096296893118455e-16
2389 15.23663305064078877 4.060609840451157915 3.316975530053583405e-16 4.912046027658156889e-16 0.3253399768014153537 2.070928202855387199e-17 8.454232542992600301e-17
2390 15.24231484640991674 4.062458514481137151 3.318075709867669326e-16 4.915611789298305356e-16 0.3253700167201828974 1.936336632090633688e-17 6.275805824395836355e-17
2391 15.24799660543803626 4.064307339912565098 3.319582775880741397e-16 4.918137934613684222e-16 0.3253987011996495315 2.652480406963421927e-17 4.446089883301022827e-17
2392 15.25367832888871789 4.066156309666897783 3.321741819992473855e-16 4.919926211976738255e-16 0.3254260736459652636 3.800004010142169584e-17 3.147439699784831657e-17
2393 15.25936001792370256 4.06800541783110603 3.325067455007338453e-16 4.921325694356511788e-16 0.3254523392625267575 5.853284929844318524e-17 2.463159392566559434e-17
2394 15.26504167370285003 4.069854660421137638 3.329790699671969044e-16 4.922607730498956048e-16 0.3254778376396256223 8.313195187984042636e-17 2.256460854123848709e-17
2395 15.27072329738402878 4.071704035925812981 3.336532066526795935e-16 4.924243050686411899e-16 0.3255030041143238684 1.186527645432581743e-16 2.878277734079005994e-17
2396 15.2764048901229561 4.073553545583097346 3.345547465933855476e-16 4.926473036464037494e-16 0.3255283226703608035 1.586781575118893006e-16 3.924951280519893035e-17
2397 15.28208645307303293 4.075403193350492614 3.356905173847391814e-16 4.929816193275066095e-16 0.325554272098729669 1.999056467766052048e-16 5.884249970786146554e-17
2398 15.28776798738518217 4.077252985543550423 3.37023645539343004e-16 4.934463913395212375e-16 0.3255812675806993295 2.346434134884923923e-16 8.18043569302912337e-17
2399 15.29344949420774213 4.079102930142417094 3.38499271720862753e-16 4.940752608474158802e-16 0.3256096022520230671 2.597256449364098999e-16 1.10687612190893794e-16
2400 15.29913097468642569 4.080953036860375249 3.400371668961318745e-16 4.948621169806424106e-16 0.3256395813144143947 2.706868399098216058e-16 1.384955253074871334e-16
2401 15.3048124299643451 4.082803314086761226 3.415215849919210156e-16 4.958021813576528815e-16 0.3256709718843258661 2.612753791942237684e-16 1.654625992953930444e-16
2402 15.31049386118211686 4.084653767297967697 3.428744354844218591e-16 4.968382995234698483e-16 0.3257032613806029042 2.381188645567716168e-16 1.823699533382288579e-16
2403 15.31617526947800734 4.086504399450094915 3.440303957171448396e-16 4.978926583090218287e-16 0.325736006313982196 2.034644590132165979e-16 1.855812456479071626e-16
2404 15.32185665598811042 4.088355210630406411 3.449709061904772372e-16 4.988665602855579712e-16 0.3257687018299630921 1.65543022007996695e-16 1.714203944631279518e-16
2405 15.32753802184650915 4.090206198135271087 3.457078752120245011e-16 4.996866618459416674e-16 0.3258008567778158393 1.297173200833689454e-16 1.44349862068566147e-16
2406 15.33321936818540721 4.092057356942428115 3.462791168118223877e-16 5.002828514675169516e-16 0.325832063123278115 1.005471968608859361e-16 1.049384275727854075e-16
2407 15.33890069613518747 4.093908680479510842 3.467443170046126094e-16 5.006161693447853819e-16 0.3258620481001687774 8.188254757356009233e-17 5.866918665457024723e-17
2408 15.34458200682440676 4.095760161557648438 3.471471707368266019e-16 5.00706862202220961e-16 0.325890703274546889 7.090879170098805531e-17 1.596341406923696448e-17
2409 15.35026330137971051 4.097611793338493236 3.475305609214249341e-16 5.006264364926451958e-16 0.3259180904336060336 6.748306987810551216e-17 -1.415626689812565361e-17
2410 15.35594458092568892 4.099463570223621289 3.478935141730852109e-16 5.004665068248353124e-16 0.3259444279266575095 6.388598482173190303e-17 -2.815035898840205686e-17
2411 15.36162584658470642 4.101315488582438995 3.482269587849724677e-16 5.003433804972051681e-16 0.3259700622408626125 5.869209102723789914e-17 -2.16723898707465002e-17
2412 15.36730709947672757 4.103167547257616121 3.485297572751501475e-16 5.003647406507004412e-16 0.3259954288407003742 5.329794621562427504e-17 3.759768787094732744e-18
2413 15.37298834071916964 4.105019747801723184 3.487837939408246412e-16 5.006026684171457637e-16 0.3260210048523302651 4.471507649429795943e-17 4.187961705635436142e-17
2414 15.37866957142682267 4.10687209440842782 3.489821810639327139e-16 5.010813947099032992e-16 0.3260472552954482017 3.491980212624383601e-17 8.426467985332892403e-17
2415 15.38435079271183525 4.108724593515106882 3.491533021801198223e-16 5.018028617383485506e-16 0.326074575240669573 3.012052479498499875e-17 1.2699172377585492e-16
2416 15.39003200568378205 4.110577253081866722 3.493454335664043395e-16 5.026928341939992892e-16 0.3261032328461663798 3.381876914827600173e-17 1.566520369629102841e-16
2417 15.39571321144979166 4.112430082815698995 3.496438682786021552e-16 5.036559947285720085e-16 0.3261335357161465609 5.253022773343621465e-17 1.695347094590727088e-16
2418 15.40139441111472074 4.11428309046347529 3.500949048939063823e-16 5.04603194882774157e-16 0.326165138938833421 7.939115657389552283e-17 1.66725523377647069e-16
2419 15.40707560578133872 4.116136281104422423 3.506970243396246198e-16 5.054376132849312153e-16 0.3261975730530021766 1.059847257705137121e-16 1.468738572709538949e-16
2420 15.41275679655048769 4.117989657275884063 3.514537626258982902e-16 5.061148337498930813e-16 0.326230390724272401 1.332007126283659559e-16 1.192040236045564425e-16
2421 15.41843798452119252 4.119843218685553587 3.523356794198098248e-16 5.066099112014955842e-16 0.3262630939629631022 1.552346203899614732e-16 8.714332326327722441e-17
2422 15.42411917079069994 4.121696962343375681 3.532939842671006312e-16 5.069540840767178257e-16 0.3262952079979141162 1.686804311657472226e-16 6.058117012782985769e-17
2423 15.4298003564544306 4.12355088307147799 3.542835953950733779e-16 5.072143068692344383e-16 0.3263263478228892733 1.741909350605383748e-16 4.580430663243807916e-17
2424 15.43548154260587246 4.125404974289407001 3.552936924743457765e-16 5.074347772091973447e-16 0.3263562666591599548 1.777968141841967649e-16 3.880708584539547571e-17
2425 15.44116273033641207 4.127259228943898073 3.563220663738270155e-16 5.076753951736185613e-16 0.3263848813980922969 1.810138064920785959e-16 4.235344136236727962e-17
2426 15.44684392073514623 4.129113640455368994 3.574044307678662505e-16 5.079543572366906591e-16 0.3264122755438739198 1.905170576437185499e-16 4.910271600156803185e-17
2427 15.45252511488870795 4.130968203575122288 3.585715950528660417e-16 5.082950000651770775e-16 0.3264386834938980964 2.054433028233046219e-16 5.995967205879241483e-17
2428 15.45820631388113142 4.1328229150737954 3.598234880546693629e-16 5.086886583666754601e-16 0.3264644608295758643 2.203569526271009256e-16 6.929134005029594033e-17
2429 15.46388751879378809 4.134677774203048273 3.611555172535136101e-16 5.091330734112950669e-16 0.3264900443968863919 2.344621569422306448e-16 7.8225394780753202e-17
2430 15.46956873070540794 4.136532782886042092 3.625558465045983756e-16 5.096211380813416549e-16 0.3265159045624075884 2.464838985902275653e-16 8.590842656756772822e-17
2431 15.47524995069216658 4.138387945601994744 3.639751040130676031e-16 5.101427085082515521e-16 0.3265424913603584001 2.498152203644070549e-16 9.180591284987140104e-17
2432 15.4809311798278415 4.140243268945245525 3.653659288798533111e-16 5.107108727138895869e-16 0.3265701771988682167 2.448101161724651365e-16 1.00007088245943671e-16
2433 15.486612419184004 4.142098760870210228 3.666504141585399955e-16 5.113147945486677721e-16 0.3265992015692361083 2.260919925342828378e-16 1.063008609172740644e-16
2434 15.49229366983020739 4.143954431079230005 3.677444222973992483e-16 5.119418012708581364e-16 0.326629872219445172 1.925642481437228657e-16 1.103639669130245336e-16
2435 15.49797493283414163 4.145810286609610706 3.685588279048078503e-16 5.125717161679390906e-16 0.3266617201319435559 1.433490550563661083e-16 1.108755937349226432e-16
2436 15.50365620926172916 4.147666332090868657 3.690450430058085964e-16 5.131907350045006768e-16 0.326694321570981161 8.558179967194408071e-17 1.089574263628011629e-16
2437 15.50933750017714097 4.149522569582746456 3.691581832736393895e-16 5.137644343813639189e-16 0.3267272242962395157 1.99144806772961966e-17 1.009801848110207599e-16
2438 15.51501880664273081 4.151378998357206029 3.689545500571225315e-16 5.142879226575325647e-16 0.3267599377065246169 -3.584256937808862461e-17 9.214196572706903173e-17
2439 15.52070012971889845 4.153235615092215838 3.68500325492438643e-16 5.147429457988699927e-16 0.3267920053270573777 -7.995024151342097281e-17 8.009080281564724855e-17
2440 15.52638147046391204 4.155092414425046066 3.679342814950326842e-16 5.151298752325670156e-16 0.3268230680879434802 -9.96317871479452594e-17 6.810507867947241823e-17
2441 15.5320628299337109 4.156949389757233604 3.673799407370944987e-16 5.154563238686242382e-16 0.3268529086197510813 -9.757151102546656976e-17 5.745939881955964506e-17
2442 15.53774420918173149 4.158806534181004544 3.669617682894581995e-16 5.157179198284093486e-16 0.3268814726267468274 -7.360376702299628644e-17 4.604427715651248237e-17
2443 15.54342560925879013 4.16066384140362544 3.667495696308180485e-16 5.159206199870998528e-16 0.3269088685154673546 -3.734956853216472294e-17 3.56777159526207744e-17
2444 15.54910703121303328 4.162521306569131774 3.667729557330522526e-16 5.160777924806604827e-16 0.3269353493236772934 4.116224435992501846e-18 2.766417644894123157e-17
2445 15.55478847608997484 4.164378926902628564 3.670262103062318711e-16 5.162471201753087394e-16 0.3269612814835840542 4.457554554892219506e-17 2.980350668785070863e-17
2446 15.56046994493260804 4.166236702122260382 3.674636776608330973e-16 5.164780274537312599e-16 0.3269871039231689314 7.699864969148647448e-17 4.064200095268230887e-17
2447 15.56615143878157781 4.168094634576411828 3.680242071338715538e-16 5.168312791041351667e-16 0.3270132797000872005 9.865836668995956774e-17 6.217555460637001267e-17
2448 15.57183295867537431 4.169952729073796327 3.686708891241097122e-16 5.173410706191827875e-16 0.3270402419470520017 1.138214632506264704e-16 8.972758955928197087e-17
2449 15.57751450565051954 4.171810992391441708 3.69377929553116536e-16 5.180056045326644155e-16 0.3270683371808380535 1.24444439729835745e-16 1.169629729106944853e-16
2450 15.5831960807417147 4.173669432479849561 3.701213269252182885e-16 5.188150837674885682e-16 0.3270977720088804053 1.308428642109377863e-16 1.424737099947219766e-16
2451 15.58887768498192194 4.175528059013118742 3.709154777805897836e-16 5.197026061483837386e-16 0.3271288498577373804 1.397750711511730592e-16 1.562089911492240176e-16
2452 15.59455931940235907 4.177386878249805591 3.717693295840194419e-16 5.206176727391356815e-16 0.3271609696376644449 1.502819523402720276e-16 1.610560441837666274e-16
2453 15.60024098503241596 4.179245894309848275 3.726834576714622133e-16 5.215285258359992743e-16 0.3271937550232235647 1.608899502975726773e-16 1.603135397499245745e-16
2454 15.60592268289951079 4.181105108714033847 3.73635566384831369e-16 5.223608611699115027e-16 0.3272267486521969748 1.675737009877727779e-16 1.464932632251615155e-16
2455 15.61160441402889987 4.182964520245029405 3.745667355242151667e-16 5.230973624478012136e-16 0.3272594687245931611 1.638872905582059455e-16 1.296254287442167944e-16
2456 15.61728617944348585 4.184824125210377943 3.754216481483243426e-16 5.237567302348115994e-16 0.327291479749996117 1.504650842600787976e-16 1.160490871617101639e-16
2457 15.62296798016365429 4.186683918043586417 3.761827658389487174e-16 5.243547995653227064e-16 0.3273224520457202469 1.339562688607501475e-16 1.052598527431270153e-16
2458 15.62864981720717239 4.18854389213028977 3.768774991420777531e-16 5.249564682262571007e-16 0.3273522013441970691 1.222718519318414462e-16 1.058926369161409199e-16
2459 15.63433169158915526 4.190404040730311586 3.775487104579482282e-16 5.25593941353129174e-16 0.3273807056607361265 1.181312257711762066e-16 1.121934033187710925e-16
2460 15.64001360432212451 4.192264357876969605 3.782731645096497841e-16 5.26341550584422579e-16 0.3274081012789670231 1.275009080885005253e-16 1.315761236497584272e-16
2461 15.64569555641613441 4.194124839158963169 3.791225232915772244e-16 5.272043425338360929e-16 0.3274346620785480999 1.494825604726568068e-16 1.518467254330934034e-16
2462 15.65137754887894594 4.195985482314921633 3.801356667356406129e-16 5.281774186961310623e-16 0.3274607665570694603 1.783064784683928041e-16 1.71254904522178742e-16
2463 15.657059582716224 4.197846287588868464 3.812818752194693008e-16 5.29172922006315901e-16 0.3274868557507574218 2.017235320962359494e-16 1.752006260442160213e-16
2464 15.66274165893171499 4.199707257806373661 3.82474682043964072e-16 5.301042837817235416e-16 0.3275133840772582738 2.099228649474937575e-16 1.639109771852391312e-16
2465 15.668423778527373 4.201568398142048189 3.836015138524004415e-16 5.308696425565303162e-16 0.3275407650181813568 1.983103291607859076e-16 1.346949468604761067e-16
2466 15.67410594250342548 4.20342971556921885 3.845453605784833909e-16 5.313894194279788617e-16 0.327569315192385524 1.661055880078831036e-16 9.147443168359707731e-17
2467 15.67978815185834662 4.205291218331848491 3.85243032186864938e-16 5.316495675359298038e-16 0.3275992582779971851 1.227807479074200915e-16 4.578254135209739812e-17
2468 15.68547040758876143 4.207152915399742454 3.856828087276161948e-16 5.316738890513717948e-16 0.3276307220784639429 7.739406592205170625e-17 4.280221419333629966e-18
2469 15.69115271068928763 4.209014812494236146 3.859100123451454122e-16 5.315587327566419276e-16 0.3276631349886118816 3.998408387903295787e-17 -2.026560579338091499e-17
2470 15.69683506215234914 4.210876913158652535 3.860279015441499776e-16 5.314383818272207745e-16 0.3276961138134293905 2.07463716181486192e-17 -2.117959174754162894e-17
2471 15.70251746296799134 4.212739218312148815 3.861521329725093254e-16 5.31422618599481185e-16 0.327729196865236827 2.186229585693280254e-17 -2.774019046982573347e-18
2472 15.70819991412373007 4.214601726199098231 3.86380228936314931e-16 5.316224764144612249e-16 0.3277619135692332319 4.01400552975771551e-17 3.517073959182522625e-17
2473 15.71388241660447171 4.216464432727607736 3.867834343458707871e-16 5.320751133024922761e-16 0.3277938529395801326 7.095495329055340129e-17 7.965376576471518943e-17
2474 15.7195649713925043 4.218327332121169171 3.873842342642174256e-16 5.327535982385758269e-16 0.3278247186772433319 1.057260874602246063e-16 1.193967500698363975e-16
2475 15.72524757946757035 4.220190417765674162 3.881398386504555766e-16 5.335949555539748631e-16 0.3278543635390986921 1.329666168960982692e-16 1.480568904401899581e-16
2476 15.73093024180701072 4.222053683124400436 3.889789599040966038e-16 5.345080861634100236e-16 0.3278828012912757273 1.476619666535078339e-16 1.606855517193135338e-16
2477 15.73661295938593874 4.223917122607947938 3.898214012531711083e-16 5.353997564038034487e-16 0.3279101987720350331 1.482447445531680344e-16 1.569075724476358696e-16
2478 15.74229573317743913 4.225780732310777665 3.905770733844131248e-16 5.36172584486210279e-16 0.3279368524126149986 1.329745921579741992e-16 1.359935014374231232e-16
2479 15.74797856415272967 4.227644510549413148 3.911662133575706364e-16 5.367587009271881644e-16 0.3279631533322101 1.036690950379825991e-16 1.031370536570606222e-16
2480 15.75366145328127487 4.229508458153767414 3.915750102612335132e-16 5.371473312776847272e-16 0.3279895438960240828 7.193394796359072296e-17 6.838534039570245515e-17
2481 15.75934440153082505 4.231372578473843404 3.91833783183258865e-16 5.374041653411387128e-16 0.3280164676318358952 4.553449629154886146e-17 4.51933286464310857e-17
2482 15.76502740986737194 4.23323687707632601 3.919938603470305429e-16 5.376229628886975109e-16 0.3280443146671574994 2.816737802271018226e-17 3.849989022369191723e-17
2483 15.77071047925503855 4.235101361129386177 3.921469713624134927e-16 5.378945365890610172e-16 0.3280733668721598772 2.694131185485590471e-17 4.778592666745698425e-17
2484 15.77639361065590862 4.23696603920407977 3.923893676699607403e-16 5.383142501330835846e-16 0.3281038711692687015 4.265141953602174925e-17 7.385169614254974643e-17
2485 15.78207680502983834 4.238830919347452486 3.928138884054327619e-16 5.389481384282125445e-16 0.3281357354309611951 7.46967166950830245e-17 1.115360698339685948e-16
2486 15.78776006333428228 4.240696006741107027 3.934946460697899149e-16 5.398075657869610659e-16 0.3281684555574413409 1.197816210012871941e-16 1.512191599942628841e-16
2487 15.7934433865241548 4.242561304278948953 3.944243089515538339e-16 5.408553956089200737e-16 0.328201629129957928 1.635754436740686072e-16 1.843670769092761147e-16
2488 15.79912677555176614 4.244426812216936185 3.955737408670489561e-16 5.420058149253204805e-16 0.3282347921208598196 2.022417263186074237e-16 2.024154588041679947e-16
2489 15.80481023136683483 4.246292528219662188 3.968357515204651829e-16 5.431653771464742067e-16 0.3282674887148375742 2.22047228690235538e-16 2.040217148754619342e-16
2490 15.81049375491657827 4.248158447779164959 3.98094881495135208e-16 5.442415463659635018e-16 0.3282993367976177468 2.215377043029605968e-16 1.893466624759231957e-16
2491 15.81617734714586376 4.25002456491786873 3.992360383503161561e-16 5.451507974055858213e-16 0.3283300779409964454 2.007784567396981889e-16 1.599762729334792339e-16
2492 15.82186100899739678 4.25189087305398683 4.00182327781274323e-16 5.458785056934331711e-16 0.3283596059787621813 1.664908482570590771e-16 1.28033523532767614e-16
2493 15.82754474141190926 4.253757365904919041 4.009042231669104003e-16 5.46433059165832671e-16 0.3283879736849928399 1.270091995172587513e-16 9.756731241177361544e-17
2494 15.83322854532831769 4.255624038322042502 4.014017725263960264e-16 5.468559571636642362e-16 0.3284153806960377064 8.753697799980332743e-17 7.440309594733677083e-17
2495 15.83891242168382441 4.257490886975216604 4.017064858933944075e-16 5.471780119184181271e-16 0.3284421470659694697 5.36094408759170306e-17 5.666038055323796262e-17
2496 15.84459637141394062 4.2593579108270605 4.018681171789398278e-16 5.474691915008705349e-16 0.3284686762762200618 2.843606649989362492e-17 5.122771833489474821e-17
2497 15.85028039545242784 4.261225111351658157 4.019401743988707315e-16 5.477738772705978846e-16 0.328495410271926247 1.267698124140101394e-17 5.360317524127088284e-17
2498 15.85596449473117353 4.263092492462841498 4.019602252148462545e-16 5.481019819795183607e-16 0.32852277836768351 3.527480134272744651e-18 5.772248092504514472e-17
2499 15.86164867018001701 4.264960060131661734 4.019649521570142964e-16 5.484495695217214688e-16 0.3285511425695986643 8.315855302606315432e-19 6.114920816011285193e-17
2500 15.8673329227265576 4.266827821700916346 4.019934125161114262e-16 5.488124833226510565e-16 0.3285807442832058833 5.006809289065377252e-18 6.384459814517721648e-17
2501 15.87301725329598767 4.268695785994644609 4.020318477129832341e-16 5.491978013887358153e-16 0.3286118441691999736 6.761510895820050426e-18 6.778506458232059787e-17
2502 15.87870166281095941 4.270563960054135855 4.021186294210234909e-16 5.496222384698219844e-16 0.3286441286834994591 1.52664034058625917e-17 7.466582355423100323e-17
2503 15.8843861521915386 4.272432348437988914 4.022965320245627843e-16 5.501269544569481365e-16 0.3286771611670142312 3.12957001878415086e-17 8.878700985182525365e-17
2504 15.89007072235521889 4.274300953314533302 4.026096742659587725e-16 5.507065008366934547e-16 0.3287105212365581952 5.508556179131683068e-17 1.019493178884940126e-16
2505 15.89575537421703189 4.276169774219499509 4.031190545841901877e-16 5.513548580280457294e-16 0.3287437458957013225 8.960494473062965228e-17 1.140523263610602999e-16
2506 15.90144010868969637 4.278038808207549337 4.038701440521834417e-16 5.520379960657266865e-16 0.328776398819546567 1.321219903206434622e-16 1.20168849449182555e-16
2507 15.90712492668381195 4.279908050354037208 4.048654234571222202e-16 5.527418809713342354e-16 0.3288081319602015329 1.750741403574856776e-16 1.238165324715417852e-16
2508 15.91280982910804553 4.281777494507467807 4.060871875967037678e-16 5.534315046155655264e-16 0.3288387296413647909 2.14910601551896936e-16 1.213060912697255722e-16
2509 15.91849481686927703 4.28364713416850762 4.074580357828701251e-16 5.540678183816181749e-16 0.3288681308131295999 2.411311067087845751e-16 1.119270858514159566e-16
2510 15.92417989087269881 4.285516963375371802 4.088656081615002761e-16 5.546535232239122187e-16 0.3288964301657137934 2.475870677556649693e-16 1.030234371429028019e-16
2511 15.92986505202182279 4.287386977496203677 4.10182515646054877e-16 5.55184740027378123e-16 0.3289238617630949046 2.316358419859588205e-16 9.343773423046599894e-17
2512 15.93555030121842364 4.28925717385365779 4.113328718567552702e-16 5.556544598233232132e-16 0.3289507695218124028 2.023373424003591127e-16 8.261950020377523658e-17
2513 15.94123563936240373 4.291127552126610567 4.122632764151666864e-16 5.560416640326860917e-16 0.32897756800353678 1.636472329216732828e-16 6.81046721719001367e-17
2514 15.9469210673516244 4.292998114486888284 4.129664394909555848e-16 5.563514919555089604e-16 0.3290046958032222246 1.23676151494689046e-16 5.449422252061791807e-17
2515 15.95260658608171767 4.294868865439736005 4.134533308719808469e-16 5.566088612120399089e-16 0.3290325634387839537 8.563572771197947535e-17 4.526677701154938954e-17
2516 15.95829219644592101 4.296739811354425953 4.137790002951373422e-16 5.568252896970384406e-16 0.3290614988511950667 5.727865657284375244e-17 3.806538773170490302e-17
2517 15.96397789933496014 4.29861095970496887 4.140133950049722657e-16 5.570342289932759558e-16 0.3290916964208845941 4.12246055580041795e-17 3.674758734539400694e-17
2518 15.96966369563700461 4.300482319449548285 4.142087001531035218e-16 5.572476632825567821e-16 0.3291234172448465611 3.434908651031800761e-17 3.753753004937546039e-17
2519 15.97534958623769263 4.302353896539901967 4.144112906775263303e-16 5.574869244230008789e-16 0.3291561326266772558 3.56297979225728545e-17 4.207909579697458681e-17
2520 15.98103557202024128 4.304225694818846648 4.146478991733720598e-16 5.577766071554011837e-16 0.3291894717403653359 4.161186952296709198e-17 5.094593083232606895e-17
2521 15.98672165386559385 4.306097715652556168 4.149553798691837735e-16 5.581500350546668787e-16 0.329222999105130476 5.40751016330670864e-17 6.567290851254084635e-17
2522 15.99240783265261001 4.307969957807931571 4.153592903146695531e-16 5.586192159431737702e-16 0.3292562576926376106 7.103250043900448194e-17 8.251109136026010874e-17
2523 15.99809410925823983 4.309842417714984109 4.158946917342390943e-16 5.591920769140643344e-16 0.3292888366409214562 9.415513246609675448e-17 1.007427298982854953e-16
2524 16.00378048455766589 4.311715090051472465 4.165726936040886294e-16 5.598660524823887638e-16 0.3293204279239010379 1.192306104819136039e-16 1.185225617136501704e-16
2525 16.00946695942439035 4.313587968540252504 4.17402004695754761e-16 5.606089883644075868e-16 0.3293508637537607697 1.458366498398563364e-16 1.30647330257904219e-16
2526 16.0151535347302314 4.31546104683464371 4.183679602896018377e-16 5.613963392678899253e-16 0.3293801320505425623 1.698629373950836954e-16 1.384553680087308082e-16
2527 16.02084021134527347 4.317334319377414964 4.194498744372111635e-16 5.622032152916276351e-16 0.329408371793323107 1.902507882045377302e-16 1.418863038612070028e-16
2528 16.02652699013772875 4.319207782141957885 4.206306114106770448e-16 5.630337028232133957e-16 0.329435852292456921 2.076246715700161744e-16 1.460356581215031722e-16
2529 16.03221387197377013 4.321081433187754506 4.21867721614267425e-16 5.638760324941078288e-16 0.3294629405228260421 2.175335510526453013e-16 1.481153125524933533e-16
2530 16.03790085771736784 4.322955272979715602 4.231047472555978708e-16 5.646893542755892567e-16 0.3294900595937073629 2.175146744291753233e-16 1.430119284470345955e-16
2531 16.04358794823011891 4.32482930443267044 4.242547833384061209e-16 5.654530770133194491e-16 0.3295176404119516955 2.022149499134924111e-16 1.342880953620055151e-16
2532 16.04927514437115832 4.326703532654409656 4.252581351327359766e-16 5.661179794527244789e-16 0.329546068673796988 1.764196246128955839e-16 1.169099805541035559e-16
2533 16.05496244699710573 4.328577964382758658 4.260696936162595741e-16 5.666243215776047992e-16 0.3295756310657908528 1.426938603892090341e-16 8.902859614397930848e-17
2534 16.06064985696211878 4.330452607554255984 4.266844558317109912e-16 5.669190027110601615e-16 0.329606538410192329 1.080897148114241804e-16 5.18119020247748083e-17
2535 16.06633737511797477 4.332327470285854076 4.271218390980253063e-16 5.669777490769502122e-16 0.3296388224652044285 7.690083249504947895e-17 1.032880037015457104e-17
2536 16.07202500231424125 4.334202557763575214 4.274385025708960863e-16 5.668116450374593894e-16 0.329671967948873379 5.567477332083570962e-17 -2.920388847659348247e-17
2537 16.07771273939843226 4.336077873014864359 4.276525159922963471e-16 5.664744068234835452e-16 0.3297055953989702637 3.762643239723354515e-17 -5.929100510099868954e-17
2538 16.08340058721618249 4.337953416530968553 4.277917545420409764e-16 5.660455633962182756e-16 0.3297392589846979138 2.447952597243203485e-17 -7.539495229662231467e-17
2539 16.08908854661137156 4.339829186274611672 4.278743137116518455e-16 5.6564533126573273e-16 0.3297725142560938849 1.451443868830052882e-17 -7.036341022323107093e-17
2540 16.09477661842619511 4.341705178056438186 4.279276379618359695e-16 5.653897563543435662e-16 0.329804982978096628 9.374563148227476138e-18 -4.493083611392718322e-17
2541 16.10046480350116482 4.343581386199129923 4.279902792668062751e-16 5.653702710523871928e-16 0.3298364037019383965 1.101230843447766083e-17 -3.425505825345090245e-18
2542 16.10615310267504086 4.345457804371884336 4.281126032087292463e-16 5.656411324751143477e-16 0.3298666617056117967 2.150405008579189212e-17 4.761633339368162862e-17
2543 16.111841516784704 4.347334426472315272 4.283526829714474446e-16 5.662319018894084316e-16 0.3298957973184367121 4.220418416885517532e-17 1.038527399390161227e-16
2544 16.11753004666500289 4.349211247448704576 4.287737505726355894e-16 5.670951304097162836e-16 0.3299239954188745161 7.401894324130221757e-17 1.517458542729101651e-16
2545 16.12321869314858702 4.35108826397960069 4.294420993527816334e-16 5.681493718808446577e-16 0.329951560343149819 1.17485764900178562e-16 1.853199546469417816e-16
2546 16.12890745706576467 4.352965474949579416 4.303878619780238228e-16 5.692949801722656443e-16 0.3299788800376626252 1.662475325628887212e-16 2.013766950068985235e-16
2547 16.13459633924441761 4.354842881675158317 4.315955681753660191e-16 5.704498311796119739e-16 0.3300063821297112843 2.122879115273669708e-16 2.029971436880462829e-16
2548 16.14028534050997621 4.356720487845977985 4.33007311337671832e-16 5.715416792207311578e-16 0.3300344838692366167 2.481478454686152207e-16 1.919185771300755413e-16
2549 16.14597446168545858 4.358598299161053014 4.345372383302882917e-16 5.725474113213474178e-16 0.3300635385282540968 2.689157919216931777e-16 1.767778760709032056e-16
2550 16.15166370359157 4.360476322667657278 4.361013718242341639e-16 5.734923774666735281e-16 0.3300937831382464438 2.749224067398813393e-16 1.660934747362187859e-16
2551 16.15735306704685925 4.362354566736257766 4.376135784270738443e-16 5.743969820097968798e-16 0.33012545029367385 2.657896777342613027e-16 1.589958339966300461e-16
2552 16.16304255286786784 4.364233038267713027 4.390055349988767839e-16 5.752601637742418669e-16 0.3301582816999764636 2.446488979214461212e-16 1.517119654845450859e-16
2553 16.16873216186929341 4.366111741689908676 4.402342795616881981e-16 5.760666873196889937e-16 0.3301918427298701775 2.159582117356249321e-16 1.417506842910564837e-16
2554 16.17442189486409987 4.367990679113343155 4.412979267053189485e-16 5.76757611115413885e-16 0.3302257261350281525 1.869373859800101008e-16 1.214307668267817084e-16
2555 16.18011175266357071 4.369869850091497199 4.421896851186013917e-16 5.772447585400806809e-16 0.3302594825883068408 1.567242553169200701e-16 8.561491119487669556e-17
2556 16.18580173607730188 4.371749251767091948 4.428956700286060183e-16 5.774429621141661893e-16 0.3302926885103917298 1.240722816208970022e-16 3.483299616425069032e-17
2557 16.19149184591313073 4.373628879362098765 4.434143654657890784e-16 5.77320271795290666e-16 0.3303250064814818865 9.115532997312325147e-17 -2.156154787545954763e-17
2558 16.19718208297700812 4.375508726914047131 4.437553935352717437e-16 5.769050338111717727e-16 0.3303562285170267288 5.99307889280548062e-17 -7.297211639761430914e-17
2559 16.20287244807285276 4.377388788136518549 4.439666457900172833e-16 5.763238940680048726e-16 0.3303862978767560521 3.712371146709927605e-17 -1.021246574308884093e-16
2560 16.20856294200239489 4.379269057285219979 4.441067549049822215e-16 5.757255248459143695e-16 0.3304153100272836374 2.46210478381446378e-17 -1.051500271460177373e-16
2561 16.21425356556504482 4.381149529931237296 4.442158545568439808e-16 5.752721329000457503e-16 0.3304434963104274092 1.917138783369528293e-17 -7.967168260018066458e-17
2562 16.21994431955782545 4.383030203567099825 4.443722396208948978e-16 5.751128018604713313e-16 0.3304711945463161271 2.747991886556774758e-17 -2.799758446782901223e-17
2563 16.22563520477535448 4.384911077990771844 4.446286047868746756e-16 5.753319181461396702e-16 0.3304988099949299762 4.504733607630278678e-17 3.850213004784495184e-17
2564 16.23132622200988351 4.386792155425868422 4.450394072873169251e-16 5.759540299232672879e-16 0.3305267689955210808 7.218268670555576483e-17 1.093121377204316049e-16
2565 16.23701737205141526 4.388673440347984567 4.456287428226327063e-16 5.769236963181870068e-16 0.3305554673243136232 1.035505472866030439e-16 1.703774503018377907e-16
2566 16.24270865568784572 4.390554939005899548 4.463795856667692417e-16 5.781137968207656622e-16 0.330585216584828423 1.31925443159812913e-16 2.091043917292069517e-16
2567 16.24840007370512041 4.392436658661096338 4.472648809605192108e-16 5.793658141734812905e-16 0.3306161947261203049 1.555454663080094399e-16 2.199781522941940926e-16
2568 16.25409162688736942 4.394318607891086081 4.482255542675552712e-16 5.805386252914157829e-16 0.3306486329661492696 1.68785273607126631e-16 2.060567770336051473e-16
2569 16.2597833160170282 4.396200792273228686 4.492068969220093287e-16 5.815354624208228273e-16 0.3306820041850532799 1.72412628032622214e-16 1.751348608169704456e-16
2570 16.26547514187486598 4.398083215344221308 4.501985168984815981e-16 5.82302158592133374e-16 0.3307159498824866484 1.742140475725276604e-16 1.34698015803946255e-16
2571 16.27116710523998577 4.399965878201205882 4.511782045223321934e-16 5.828528661071031436e-16 0.3307500415185952725 1.721135152062742174e-16 9.674941679819891894e-17
2572 16.27685920688973908 4.401848779415053592 4.521281186697323735e-16 5.832660600523033801e-16 0.3307838353681780696 1.668787733719759667e-16 7.258897967616712414e-17
2573 16.28255144759960515 4.403731915319665902 4.530427309630286363e-16 5.836196866704716017e-16 0.3308169385804533569 1.606730762847125856e-16 6.212280002543110107e-17
2574 16.28824382814303462 4.40561528061037766 4.53886300177672717e-16 5.840047458292224383e-16 0.3308490634733262659 1.481890348177919888e-16 6.764299134256859151e-17
2575 16.29393634929131807 4.407498869140799691 4.54631611784727254e-16 5.844899014388576155e-16 0.3308800623781214534 1.309249589548469231e-16 8.522472704970692362e-17
2576 16.29962901181345458 4.409382674794800394 4.55250065229624137e-16 5.851072526769013259e-16 0.3309099408184587587 1.086377421233056436e-16 1.084441280932284192e-16
2577 16.3053218164760807 4.411266692321925476 4.557167895586048355e-16 5.858578244019607172e-16 0.3309388510651041226 8.198289611069256204e-17 1.318423744773754643e-16
2578 16.31101476404346684 4.41315091804752857 4.56054794171159042e-16 5.86704898922131869e-16 0.3309670701074887145 5.937101631709698909e-17 1.487899078620384579e-16
2579 16.31670785527756351 4.415035350391717905 4.562857555766608126e-16 5.875852727687979557e-16 0.3309949660525691728 4.056768756343842771e-17 1.546350615289131977e-16
2580 16.32240109093810432 4.416919990148027608 4.564767271741315902e-16 5.884195219979695033e-16 0.3310229559088195828 3.354274071623881246e-17 1.465296722519072847e-16
2581 16.32809447178275164 4.418804840484613194 4.567425493787861745e-16 5.890978861653345504e-16 0.3310514568433050586 4.668849637771189665e-17 1.191465664501363786e-16
2582 16.33378799856725294 4.420689906644427403 4.57177509390386555e-16 5.895566739249593564e-16 0.3310808333133540837 7.639356441091633808e-17 8.057851602698220907e-17
2583 16.33948167204556867 4.422575195345640253 4.578343287546909576e-16 5.897680014558231598e-16 0.3311113444280209817 1.153565194663515724e-16 3.71152401295003615e-17
2584 16.34517549296997529 4.424460714476648349 4.587485922231807869e-16 5.897786577144359967e-16 0.3311431957027283213 1.605669874630958188e-16 1.871499192592082439e-18
2585 16.35086946209111858 4.426346471419657647 4.598821536646557981e-16 5.896824146287883944e-16 0.3311762982194320082 1.990758583091500418e-16 -1.690219354733743074e-17
2586 16.35656358015798517 4.428232470888969097 4.611467256730474539e-16 5.895789384188736642e-16 0.3312101834427657598 2.220780724975188387e-16 -1.817199581733059273e-17
2587 16.36225784791783155 4.430118715395472861 4.624617428897200721e-16 5.895784082623279615e-16 0.3312444644628971258 2.309309170652786935e-16 -9.310109079800979368e-20
2588 16.36795226611607035 4.432005204941234844 4.637270313894250373e-16 5.897580595523200526e-16 0.3312787007865340971 2.221921299506419381e-16 3.154782706159556767e-17
2589 16.3736468354961211 4.433891937097155456 4.648480015119812146e-16 5.901509576180500369e-16 0.3313124656122938272 1.968437194524125778e-16 6.899337909880031799e-17
2590 16.37934155679926818 4.435778907434422713 4.658019175405538065e-16 5.907201191849165107e-16 0.3313454079531067409 1.675043265905688743e-16 9.994278544817169486e-17
2591 16.38503643076455063 4.437666110220591875 4.665881985197153141e-16 5.914033079110550076e-16 0.3313772990895524906 1.380644778132094339e-16 1.199623254561888507e-16
2592 16.39073145812868759 4.439553539260725934 4.672466130067505077e-16 5.920931098868038392e-16 0.3314080580224802453 1.156090437745405691e-16 1.211202796724750425e-16
2593 16.39642663962607472 4.441441188763068482 4.67838012312804972e-16 5.926926374553471115e-16 0.3314377557555885923 1.038392236010118531e-16 1.052664022558196336e-16
2594 16.40212197598882327 4.443329054126708755 4.68413906176764362e-16 5.931732930217508589e-16 0.33146660157651886 1.01113980706414541e-16 8.43922825182295499e-17
2595 16.40781746794687024 4.445217132572707008 4.690513356692632374e-16 5.935722857714574327e-16 0.3314949155515282686 1.119151782246067377e-16 7.005221003923638424e-17
2596 16.41351311622810272 4.447105423560695492 4.697379361756987627e-16 5.939486466083005884e-16 0.3315230908448689728 1.205449390570998828e-16 6.607684339802097011e-17
2597 16.41920892155851419 4.448993928947258425 4.704432389113251287e-16 5.943977083070582239e-16 0.3315515483762709881 1.238250183106508135e-16 7.883858981759699071e-17
2598 16.42490488466232534 4.450882652854263988 4.711093523261137529e-16 5.949831559613542962e-16 0.3315806858973049387 1.169415721068112104e-16 1.027800485017421765e-16
2599 16.43060100626209419 4.452771601233047605 4.717153353657449587e-16 5.957491547363853865e-16 0.3316108246032953288 1.06382227129532734e-16 1.344734923866727908e-16
2600 16.43629728707875159 4.45466078114284425 4.72257833735126128e-16 5.966641368712110625e-16 0.3316421589839443351 9.523461981248828322e-17 1.606234795594661489e-16
2601 16.44199372783159419 4.456550200860351474 4.727599871263736996e-16 5.976343607806166325e-16 0.3316749027433504859 8.814964492060009225e-17 1.703162710802304826e-16
2602 16.44769032923821328 4.45843986630470468 4.732549663073559483e-16 5.985362148936840821e-16 0.3317086420125086033 8.688779933969316905e-17 1.583099294285136768e-16
2603 16.45338709201438832 4.460329781213841827 4.73812786530802921e-16 5.992241916816715279e-16 0.3317429939350396983 9.791602262575877356e-17 1.20762833448944347e-16
2604 16.45908401687395894 4.462219946947733717 4.744635975225629658e-16 5.99643892687259611e-16 0.3317775411661400553 1.142357343265471154e-16 7.366939584298897336e-17
2605 16.46478110452868293 4.464110362358250761 4.752240184450353723e-16 5.998151064397242483e-16 0.3318118435732252958 1.334715463984680549e-16 3.005199308803013354e-17
2606 16.47047835568813312 4.466001024036965639 4.760464021620431841e-16 5.99808575480016278e-16 0.3318455045725988706 1.44343296632646737e-16 -1.146302188286251856e-18
2607 16.47617577105963349 4.467891926881090825 4.768827727375282512e-16 5.997670056082958982e-16 0.3318782269567076004 1.467939955419019202e-16 -7.296057205819036595e-18
2608 16.48187335134823783 4.469783064870449074 4.776635625468684005e-16 5.998184783426841258e-16 0.331909849914924171 1.370348593764911373e-16 9.033876767129841387e-18
2609 16.4875710972567795 4.471674431932229687 4.783572024605325568e-16 6.00104234601511899e-16 0.3319403644186938451 1.21735801775177096e-16 5.015104609092289056e-17
2610 16.49326900948596375 4.473566022779628781 4.789708543298407847e-16 6.006958024485801186e-16 0.3319699086130026289 1.076945129304975249e-16 1.038188170553001699e-16
2611 16.49896708873447793 4.475457833632682458 4.795441692304369369e-16 6.016304742337870837e-16 0.3319987471207838103 1.006125048898973173e-16 1.640279529832621059e-16
2612 16.50466533569914063 4.47734986275281166 4.801492561967064881e-16 6.028571004282126595e-16 0.3320272383334255673 1.061851280324384588e-16 2.152574204432608857e-16
2613 16.51036375107501897 4.479242110740251803 4.808489535084952676e-16 6.042785880827602334e-16 0.3320557927881125915 1.227844062300013809e-16 2.49445745590601343e-16
2614 16.51606233555551029 4.4811345805560725 4.817090659228128028e-16 6.057456989989572219e-16 0.3320848248352264442 1.509299002073294954e-16 2.574441439150596206e-16
2615 16.52176108983240255 4.483027277244264752 4.827400707457995701e-16 6.071100370046093652e-16 0.3321147000099586855 1.80912166028076289e-16 2.394027052966813283e-16
2616 16.52746001459585301 4.484920207353527921 4.839350057008969414e-16 6.082086080539261279e-16 0.3321456823498916688 2.096709667633296752e-16 1.927623365488297543e-16
2617 16.5331591105343314 4.486813378509037165 4.852279657398734019e-16 6.089576068881995913e-16 0.3321779607280546665 2.268642366540803208e-16 1.314201859840606312e-16
2618 16.53885837833451689 4.488706798161392619 4.864899358106295758e-16 6.093196107819557889e-16 0.3322115044965333053 2.214199981044567378e-16 6.351569132006552262e-17
2619 16.54455781868118791 4.490600471058174392 4.876317484702020595e-16 6.093671089457044665e-16 0.3322458394003074966 2.003315916715650517e-16 8.333576147965403798e-18
2620 16.55025743225708723 4.492494399788165005 4.885604293255478052e-16 6.092252833545554692e-16 0.3322805867288145532 1.629325404972237648e-16 -2.488261036114608925e-17
2621 16.55595721974282597 4.494388584459301228 4.892282590753349955e-16 6.090508546212555044e-16 0.3323153113204586062 1.171638935692940584e-16 -3.06017357721692272e-17
2622 16.56165718181682678 4.496283022758409409 4.896175825338661909e-16 6.089865528347047984e-16 0.3323495885478133793 6.830071547634006451e-17 -1.128074338080335598e-17
2623 16.56735731915529897 4.498177710367015969 4.897982470116241133e-16 6.091257949187795394e-16 0.3323830667789198223 3.169378049574113517e-17 2.442709326814898295e-17
2624 16.57305763243228824 4.500072641646264415 4.898351410641794505e-16 6.095095530780679033e-16 0.3324155145713278969 6.472084554777854415e-18 6.732020701108298252e-17
2625 16.57875812231974777 4.501967810471902531 4.898581768896927012e-16 6.1010543932923177e-16 0.3324468469774850554 4.040899921847351178e-18 1.045292127417565695e-16
2626 16.58445878948765184 4.503863211097999475 4.900020891593147721e-16 6.108095226814357862e-16 0.332477130561175338 2.524402376874398321e-17 1.235050835129778732e-16
2627 16.59015963460412024 4.505758838945424394 4.903562060928198958e-16 6.115032609061118472e-16 0.3325065701764702841 6.211462189750994242e-17 1.216866053116430812e-16
2628 16.59586065833552837 4.507654691235045696 4.909587480173152829e-16 6.120577825121977962e-16 0.3325354817120526607 1.056868038774526388e-16 9.726396429144237666e-17
2629 16.60156186134658896 4.509550767406503624 4.918328878692735004e-16 6.123731136860718567e-16 0.3325642544661427391 1.533206695710124819e-16 5.530783959417297232e-17
2630 16.60726324430039469 4.511447069278205824 4.929194657752109772e-16 6.124141871893994896e-16 0.3325933057495051304 1.905754263511736471e-16 7.203901685858751481e-18
2631 16.61296480785841112 4.513343600916552845 4.941225476425565978e-16 6.122125433208851853e-16 0.3326230298880942793 2.110024045096614536e-16 -3.536529164471708581e-17
2632 16.61866655268042692 4.515240368200673871 4.953307084790731917e-16 6.11886406062142957e-16 0.3326537448254753282 2.118864185307538919e-16 -5.719772865968098514e-17
2633 16.62436847942445439 4.517137378101794276 4.964313036132183471e-16 6.115440787416303127e-16 0.3326856420909673484 1.930154390174928343e-16 -6.003520823100797677e-17
2634 16.63007058874663002 4.519034638713636198 4.973893003450140462e-16 6.113062725304930714e-16 0.3327189185261556492 1.680020312260499833e-16 -4.170361461917188301e-17
2635 16.63577288130109721 4.520932155876106862 4.98161784282350128e-16 6.11268681882915146e-16 0.332753178873468225 1.354646434093897684e-16 -6.591986478368341301e-18
2636 16.64147535773992459 4.522829933243030176 4.987351634893921851e-16 6.114732098648221444e-16 0.3327880398062146861 1.0054590475307034e-16 3.58653587985005258e-17
2637 16.64717801871304204 4.524727972100286877 4.99148891795086554e-16 6.119290315892384332e-16 0.3328230861582024969 7.254768837095212553e-17 7.992881308946005692e-17
2638 16.6528808648682336 4.52662627124377881 4.994434011341873948e-16 6.125769189042154529e-16 0.3328578814164526167 5.164083595914997628e-17 1.136040122017409405e-16
2639 16.65858389685117658 4.528524827234944539 4.996703297150910824e-16 6.133446689060382359e-16 0.3328920339224192837 3.978956491336560044e-17 1.346169724990880365e-16
2640 16.66428711530550544 4.530423634972672531 4.998742935959434438e-16 6.141452915572145729e-16 0.3329252523393466112 3.576177047925202144e-17 1.403762439320693051e-16
2641 16.6699905208729291 4.532322688473476191 5.000875158232541172e-16 6.149266099401310131e-16 0.3329573821487691321 3.738384126158099738e-17 1.369870429087128024e-16
2642 16.67569411419333747 4.534221981736070717 5.00307967575912686e-16 6.156573939137539212e-16 0.3329884204271494896 3.865010335364879727e-17 1.28122710611702176e-16
2643 16.68139789590490096 4.536121509576199529 5.005546470068741438e-16 6.163393213199162455e-16 0.3330185106064931788 4.324696640954042915e-17 1.195531038526187474e-16
2644 16.68710186664415573 4.538021268339947234 5.008086338372663534e-16 6.169816346644944205e-16 0.3330479211490773306 4.452659331046403659e-17 1.126043623118202869e-16
2645 16.69280602704603567 4.5399212564269531 5.010778182389179711e-16 6.176234919575522507e-16 0.3330770122048667958 4.718931494753365864e-17 1.125206578376845146e-16
2646 16.69851037774387592 4.541821474572661721 5.013812494965601582e-16 6.18309230517555886e-16 0.3331061933567166511 5.31911725013850114e-17 1.202092306489285922e-16
2647 16.7042149193693561 4.543721925851650134 5.017469933381016693e-16 6.191001089870874338e-16 0.3331358747207805449 6.411234843152496207e-17 1.386354881380778785e-16
2648 16.70991965255241851 4.545622615378793085 5.022343802326870259e-16 6.200227286279865554e-16 0.3331664139817186454 8.543265039965252044e-17 1.617233497832178494e-16
2649 16.71562457792117939 4.547523549710722257 5.028787502566326508e-16 6.210785002888223897e-16 0.333198063868776706 1.129459554638150388e-16 1.850569308835388611e-16
2650 16.72132969610181163 4.549424736443408612 5.037248695875805995e-16 6.222491849249708011e-16 0.3332310065469955562 1.483037891350382471e-16 2.051920586998981732e-16
2651 16.72703500771847729 4.551326182719968472 5.047726007076354884e-16 6.234846090550907567e-16 0.3332651626235019759 1.836351026138788326e-16 2.165319255710785355e-16
2652 16.73274051339327073 4.553227893080134869 5.059845786045326232e-16 6.24701802782831331e-16 0.3333000758071509306 2.124152727847757019e-16 2.133294166270358369e-16
2653 16.738446213746208 4.555129869873124626 5.072877629078009686e-16 6.258123420443559911e-16 0.333335362224454923 2.283925931042781782e-16 1.946301386899857736e-16
2654 16.74415210939525522 4.55703211296829469 5.085813006405900957e-16 6.267037244019457405e-16 0.3333705873422884158 2.266941774288196791e-16 1.562159225867150881e-16
2655 16.74985820095640676 4.558934619849300596 5.09758851333519893e-16 6.273095227275383675e-16 0.3334053331824818889 2.0636018982912053e-16 1.061632914982428246e-16
2656 16.7555644890437776 4.560837386059666265 5.107258432044630212e-16 6.27597484238393984e-16 0.3334392599002156676 1.694548978326089303e-16 5.046214954648469682e-17
2657 16.76127097426970636 4.562740405908134456 5.114473815309850918e-16 6.275976944102744114e-16 0.3334721512929691989 1.264374295303952533e-16 3.682907940058129681e-20
2658 16.76697765724485123 4.564643673312616556 5.119090802967933727e-16 6.27407887763310784e-16 0.3335039390674077175 8.090211427834117609e-17 -3.325925945796835431e-17
2659 16.77268453857826103 4.566547182661444104 5.121808640343110065e-16 6.271791827764076083e-16 0.3335347058478474458 4.762220317070588147e-17 -4.007390380283491123e-17
2660 16.77839161887741071 4.568450929589166876 5.123561150624522605e-16 6.270412368187170454e-16 0.3335646701794990898 3.070657688230483726e-17 -2.417017577787732302e-17
2661 16.78409889874820138 4.570354911588228042 5.125555322821664208e-16 6.271114151692273187e-16 0.3335941577507572364 3.493962625925609944e-17 1.229585560281809848e-17
2662 16.78980637879491056 4.572259128398362904 5.128940197985790642e-16 6.274372651760056111e-16 0.3336235624329570992 5.930386207265717782e-17 5.708973867974853884e-17
2663 16.79551405962011401 4.574163582130255534 5.134472655343869895e-16 6.280059563132001448e-16 0.3336532997119485144 9.692662111588673983e-17 9.963259871552375049e-17
2664 16.80122194182459694 4.576068277093188641 5.142697231149341576e-16 6.287579090442514946e-16 0.3336837548264787734 1.440864490132874437e-16 1.317346953881063673e-16
2665 16.80693002600724739 4.577973219316787912 5.153538170372955937e-16 6.295727704613094755e-16 0.3337152291822075845 1.899158133375487122e-16 1.427506100586361208e-16
2666 16.81263831276499232 4.579878415792838275 5.166252568899171048e-16 6.303537521566260967e-16 0.3337478913275849224 2.227278787760720103e-16 1.368105585192700639e-16
2667 16.81834680269273719 4.581783874520233724 5.180038525558428054e-16 6.310138187722337242e-16 0.3337819176612374372 2.414905652042516706e-16 1.156248086479436993e-16
2668 16.82405549638335529 4.58368960085748256 5.194067584479131958e-16 6.314760776149266547e-16 0.3338168456398914463 2.457402253760293692e-16 8.097164095432597188e-17
2669 16.82976439442771621 4.585595598081655844 5.207229695140885693e-16 6.317197624767754235e-16 0.3338523106874352053 2.305460365954014585e-16 4.268356384571139379e-17
2670 16.83547349741474974 4.58750186706309826 5.218754729687456253e-16 6.317574462272069497e-16 0.3338878912990405068 2.018639299785924576e-16 6.600405341697147021e-18
2671 16.84118280593152761 4.589408406204731783 5.22768729234143999e-16 6.316318261244840821e-16 0.3339231553941122144 1.564504731132233142e-16 -2.200188822046904898e-17
2672 16.84689232056337005 4.591315211755394365 5.233606722225731657e-16 6.314349457386118306e-16 0.3339577258276354987 1.036728334290622442e-16 -3.448161030532725872e-17
2673 16.85260204189392752 4.593222278426122962 5.236713202550457776e-16 6.313126142127815227e-16 0.3339913334371807929 5.440488903071493418e-17 -2.142435293983242129e-17
2674 16.85831197050525532 4.595129600195658526 5.237798571984212658e-16 6.313886005539423147e-16 0.3340238501633455148 1.900776695903892502e-17 1.330727234374747205e-17
2675 16.86402210697785264 4.597037171180263115 5.238263341222761258e-16 6.317583517105784469e-16 0.3340553002897563295 8.13907470818727483e-18 6.475110738180212554e-17
2676 16.86973245189065551 4.598944986455638428 5.239689286899757788e-16 6.324218464970663963e-16 0.3340858520286140165 2.497035654315237217e-17 1.161874652758059708e-16
2677 16.87544300582100476 4.600853042742086174 5.243352819202713645e-16 6.333284252042409853e-16 0.3341157935493581643 6.41513571318396206e-17 1.58749124076676004e-16
2678 16.88115376934456791 4.602761338886817377 5.250147465713223333e-16 6.343846342630948738e-16 0.3341454974376677489 1.18975272493021614e-16 1.849437794775298429e-16
2679 16.88686474303526452 4.604669876094313885 5.260478459629978402e-16 6.354805002492439879e-16 0.3341753765651448438 1.808905673341561579e-16 1.918806859766178361e-16
2680 16.89257592746517034 4.606578657868866777 5.27407980496572551e-16 6.365198876483824265e-16 0.334205833685558118 2.381439836538305911e-16 1.819848328825764059e-16
2681 16.89828732320444615 4.608487689650247354 5.290151741613512694e-16 6.374421966221636301e-16 0.3342372077085351001 2.813907699189432427e-16 1.614797506504407233e-16
2682 16.90399893082129168 4.610396978153121772 5.307237005009278562e-16 6.38215123359361045e-16 0.3342697218413166471 2.991211770400106723e-16 1.353205683990177322e-16
2683 16.90971075088192066 4.612306531099200413 5.32363684416671739e-16 6.388252902786300392e-16 0.3343035523637621353 2.871103678892030443e-16 1.068213212235518476e-16
2684 16.91542278395059995 4.614216354951976129 5.337880996836749507e-16 6.392841678690732541e-16 0.3343384789630955423 2.493616534789510131e-16 8.033224393760380033e-17
2685 16.92113503058969215 4.616126453773487626 5.348981228132741361e-16 6.396347483941807736e-16 0.3343740812239767157 1.943161054899412753e-16 6.137119171931547198e-17
2686 16.92684749135973732 4.618036829338198146 5.356387394935183568e-16 6.399359916259462912e-16 0.3344099587224046433 1.296444521405467124e-16 5.273242526809588552e-17
2687 16.93256016681955245 4.619947480929505801 5.360384427617656569e-16 6.40231078641997601e-16 0.3344456754701172208 6.996515227829489859e-17 5.165283762605508472e-17
2688 16.93827305752630608 4.621858405521600766 5.361711694716471754e-16 6.405737307586847991e-16 0.3344808273725141667 2.323196839856801374e-17 5.997649722264447312e-17
2689 16.94398616403559643 4.623769598298374639 5.361600351552262438e-16 6.410234944225909659e-16 0.3345151012176857397 -1.948833749163388429e-18 7.872190570413751753e-17
2690 16.94969948690149053 4.625681053406987431 5.361003233928870219e-16 6.415829683422689802e-16 0.3345483157335404911 -1.045092266622900046e-17 9.792071845254805467e-17
2691 16.95541302667652062 4.627592764821133464 5.360909401215347988e-16 6.422708541711429848e-16 0.3345804407631656763 -1.642224365869582767e-18 1.203911542905049695e-16
2692 16.96112678391165929 4.629504727194370339 5.361753494817915685e-16 6.430642270635045937e-16 0.3346115954985467433 1.477244066405403406e-17 1.388478000689139813e-16
2693 16.96684075915626266 4.631416936604976442 5.36385354697997888e-16 6.439296252461451736e-16 0.3346420294713979837 3.67515039728930245e-17 1.514471179429878508e-16
2694 16.97255495295799932 4.633329391117910312 5.367248728623104848e-16 6.448228431899218471e-16 0.3346720905207455909 5.941435629019534012e-17 1.563096609684762817e-16
2695 16.97826936586275792 4.635242091108827012 5.372166350345772478e-16 6.4567460233157283e-16 0.3347021831358205635 8.605315701517763608e-17 1.490488030377571556e-16
2696 16.98398399841459039 4.637155039309332594 5.378661047335632278e-16 6.464199407481333688e-16 0.3347327196655763282 1.13645920273500174e-16 1.304212812352378716e-16
2697 16.98969885115565503 4.639068240547545408 5.387064458605108539e-16 6.469973681874898556e-16 0.3347640670008756869 1.470394267504888805e-16 1.010358733498936088e-16
2698 16.99541392462621303 4.640981701182728791 5.397368596791725808e-16 6.473922608142122733e-16 0.3347964930525030303 1.802905826948122678e-16 6.909400910998560302e-17
2699 17.0011292193646284 4.642895428506483846 5.409521313274936081e-16 6.476096947524096363e-16 0.3348301609177773974 2.126267397215355134e-16 3.804274496783066808e-17
2700 17.00684473590743195 4.644809429909676268 5.423066428077329072e-16 6.477187941380028355e-16 0.3348650879131420122 2.369792441913019005e-16 1.908753843493125198e-17
2701 17.01256047478938171 4.646723710099784022 5.437579743432763081e-16 6.477953402340672045e-16 0.334900804525720297 2.539085455717613391e-16 1.339163895011419886e-17
2702 17.01827643654354461 4.648638271645370246 5.452155064259493438e-16 6.479149238345998217e-16 0.3349369365619213057 2.549833573314392002e-16 2.092017617182005887e-17
2703 17.02399262170138172 4.65055311464534249 5.465794976306945213e-16 6.481342667191542797e-16 0.3349730520243529575 2.38609795578237591e-16 3.837074657300889336e-17
2704 17.02970903079280163 4.652468236785464839 5.477401713760012724e-16 6.485029190449590896e-16 0.3350087288663585738 2.030344842752581517e-16 6.448766085155800799e-17
2705 17.03542566434621008 4.654383633757173122 5.486442297594591568e-16 6.49026056825013964e-16 0.335043618367617313 1.581390158193843217e-16 9.150791053934515106e-17
2706 17.04114252288851006 4.656299299950362958 5.492878395594008634e-16 6.496764932927205831e-16 0.3350774930425962639 1.125765851215616617e-16 1.137706672265829312e-16
2707 17.0468596069450804 4.658215229298233062 5.497214905202453012e-16 6.504492167105772202e-16 0.3351102732146394314 7.584877392785762869e-17 1.351550650680823568e-16
2708 17.05257691703972966 4.660131416149415173 5.500084430256392434e-16 6.51296537965245495e-16 0.3351420317599112519 5.018813568051763777e-17 1.481969081813562099e-16
2709 17.0582944536946215 4.662047856060142159 5.502322992453163448e-16 6.521903423180439969e-16 0.3351729800935897008 3.915100903592881875e-17 1.563206166137980286e-16
2710 17.06401221743020358 4.663964546423663649 5.504754001132414396e-16 6.530901906002026439e-16 0.335203439677336068 4.251508155304687931e-17 1.573713966053321162e-16
2711 17.06973020876515434 4.665881486875627537 5.507846397824534626e-16 6.539821428304384875e-16 0.335233802817839599 5.407971342347601095e-17 1.559842601096168027e-16
2712 17.07544842821632969 4.667798679429947306 5.51209217585471186e-16 6.548852373802913904e-16 0.3352644855196373896 7.424703291853973336e-17 1.579265102765860933e-16
2713 17.08116687629874164 4.669716128313781134 5.517194914637954186e-16 6.557941861817603647e-16 0.3352958748636770125 8.922935463640472997e-17 1.589438895421659022e-16
2714 17.08688555352557614 4.671633839491335927 5.523095997297706368e-16 6.567779368700560821e-16 0.3353282745993690361 1.031854999711766279e-16 1.720172593261681128e-16
2715 17.09260446040822856 4.673551819902755255 5.529183196165069325e-16 6.578519534444302652e-16 0.3353618553415879111 1.06435618103168383e-16 1.877934669745401528e-16
2716 17.09832359745637476 4.675470077365435628 5.53487307033548261e-16 6.590500197998196691e-16 0.3353967704185109033 9.948432147254358011e-17 2.094753150513616088e-16
2717 17.10404296517803502 4.677388617266214688 5.539842243459813667e-16 6.603817263960524484e-16 0.335432594799474737 8.687974820984543143e-17 2.328321651817534377e-16
2718 17.10976256407964513 4.679307442853628096 5.544433900446863804e-16 6.618148546606024695e-16 0.3354689546142894385 8.02761011473276891e-17 2.505543202520948102e-16
2719 17.11548239466611321 4.68122655495970097 5.54895755154322669e-16 6.632667064291103058e-16 0.3355054274128999592 7.908394146174878107e-17 2.538174537026712206e-16
2720 17.12120245744086944 4.683145951941193985 5.554019329827180488e-16 6.646620625234210438e-16 0.3355415805427610643 8.848805651623911496e-17 2.439307729559484496e-16
2721 17.12692275290585542 4.685065630000532444 5.560096008370612033e-16 6.65876732310061307e-16 0.3355770375237195902 1.062258212343717933e-16 2.123352332894402107e-16
2722 17.13264328156152416 4.686985583813530809 5.56741013112528568e-16 6.668085679409453832e-16 0.3356115316675395976 1.278522391467083753e-16 1.628866180145542349e-16
2723 17.13836404390678325 4.688905807347508947 5.575694299965303039e-16 6.674046805822779591e-16 0.3356449393361357059 1.448028991706892428e-16 1.041973435890008671e-16
2724 17.14408504043894155 4.690826294742064029 5.584550742894560281e-16 6.676779220261300846e-16 0.335677290863682698 1.547995981442064401e-16 4.775920315020238672e-17
2725 17.14980627165364169 4.692747041137790731 5.593470769859767955e-16 6.676901190691852382e-16 0.3357087614272099008 1.559045593447421519e-16 2.131803670817068776e-18
2726 17.15552773804481035 4.694668043362111298 5.601846628060781415e-16 6.675562832192198931e-16 0.3357396460431826268 1.463875279327837356e-16 -2.339091559936587048e-17
2727 17.16124944010460496 4.696589300404601097 5.609298495831696969e-16 6.673887261319868191e-16 0.3357703227512409128 1.302332791086289366e-16 -2.928327444754626851e-17
2728 17.16697137832340658 4.698510813631731509 5.615636512782036817e-16 6.672983534421564161e-16 0.3358012070562998996 1.107623779122234224e-16 -1.579341630414207042e-17
2729 17.17269355318982349 4.700432586705155735 5.620849943424102258e-16 6.673348060525513313e-16 0.3358327001131994338 9.110547512552043279e-17 6.370147830869282887e-18
2730 17.17841596519073022 4.702354625186304204 5.625269696412593355e-16 6.675206775731951732e-16 0.3358651339116807688 7.72326331598354013e-17 3.247997570480944401e-17
2731 17.18413861481131732 4.704276935842285567 5.629443971321498504e-16 6.678289440414970614e-16 0.3358987190978365844 7.294001053889845124e-17 5.386554536396882455e-17
2732 17.18986150253516598 4.706199526343898043 5.633832149988037997e-16 6.682202672618405169e-16 0.3359336135115928434 7.667450322617653793e-17 6.837577911193718274e-17
2733 17.19558462884430483 4.708122402848973209 5.639225808878701764e-16 6.686334545477380059e-16 0.3359695527189869302 9.423928995086487022e-17 7.219306453937024925e-17
2734 17.20130799421927392 4.710045569174584834 5.64571550611874477e-16 6.690284831770039037e-16 0.3360061276998358992 1.133847868762908785e-16 6.901745225182411319e-17
2735 17.20703159913914959 4.711969026793544124 5.653663993920541e-16 6.693710540741237924e-16 0.3360429288895674382 1.388662320828047121e-16 5.984978638769115013e-17
2736 17.21275544408156577 4.71389277467305412 5.663004575796716662e-16 6.696677711685773275e-16 0.3360795186053197603 1.631803363566880728e-16 5.183659424817009128e-17
2737 17.21847952952269267 4.715816809503936113 5.673679557167470485e-16 6.699752159522385012e-16 0.3361154992848330303 1.864844978737948412e-16 5.370846478669607321e-17
2738 17.22420385593720127 4.717741126263266693 5.685172414080364694e-16 6.703579531855170546e-16 0.3361505717202964982 2.007637465732748521e-16 6.685871188379895549e-17
2739 17.22992842379820999 4.719665719001081783 5.697236789061994336e-16 6.709003100839067554e-16 0.3361845741788553887 2.107384428009920804e-16 9.473797721229020691e-17
2740 17.23565323357723145 4.72159058172230317 5.709349993008890595e-16 6.716661995339764958e-16 0.3362174990050187384 2.115824204532563396e-16 1.337785975996065404e-16
2741 17.24137828574411202 4.723515709243056193 5.720831849633690838e-16 6.726714211312800658e-16 0.3362494881151240067 2.005461129759678895e-16 1.755755106567760125e-16
2742 17.24710358076699634 4.725441097923128275 5.731234623894103787e-16 6.738846432332339536e-16 0.3362808113315399194 1.816907622132004088e-16 2.118965988493477351e-16
2743 17.25282911911231309 4.727366746200694969 5.740167100803501255e-16 6.752070179001266448e-16 0.3363118318192594436 1.560044846755937242e-16 2.309509227385860182e-16
2744 17.25855490124477853 4.729292654874716284 5.747223274068153852e-16 6.765026321255029455e-16 0.336342961998289447 1.232298420075842089e-16 2.262675961993242317e-16
2745 17.2642809276274285 4.731218827095234225 5.752397248944501205e-16 6.776136863479003078e-16 0.3363746125211690141 9.035504591366920976e-17 1.940275275324771775e-16
2746 17.27000719872167522 4.733145268038930986 5.756068914516121072e-16 6.784356101182875603e-16 0.3364071373097902162 6.41169150888917142e-17 1.43529457047506906e-16
2747 17.2757337149873571 4.735071984276160606 5.758917515473376064e-16 6.789231819489502025e-16 0.3364407796940963036 4.974191365483788105e-17 8.513918328778035143e-17
2748 17.28146047688281328 4.736998983273121411 5.761839285849326398e-16 6.790881992086246847e-16 0.3364756960320578472 5.101739660707479656e-17 2.881386933456886925e-17
2749 17.28718748486491918 4.738926271819591918 5.765525496855441725e-16 6.79025677682831729e-16 0.3365117681290210605 6.43626189568880873e-17 -1.091649158048166873e-17
2750 17.29291473938913981 4.740853854196989126 5.770559901413072591e-16 6.78872012399418615e-16 0.3365485579595137167 8.789879041864920166e-17 -2.682937453026626415e-17
2751 17.29864224090952618 4.74278173242248613 5.777218950186687899e-16 6.787819628268678679e-16 0.3365856701938175766 1.162594382092054214e-16 -1.572163393247623667e-17
2752 17.30436998987871888 4.744709905999133781 5.785233988409905308e-16 6.788886325432630282e-16 0.3366226659484315986 1.399274197642035185e-16 1.862251653263272561e-17
2753 17.31009798674789835 4.74663837206266237 5.79413198642292184e-16 6.792799425562423078e-16 0.3366591320464270565 1.553354940833853375e-16 6.831237107155639609e-17
2754 17.31582623196675286 4.748567125882718898 5.803478936502544925e-16 6.799830014216544658e-16 0.3366947428844798695 1.631659220107313003e-16 1.227301387357221098e-16
2755 17.32155472598341817 4.750496161616957203 5.812787627246744654e-16 6.809557940276378141e-16 0.3367293045521432826 1.624909743739440364e-16 1.698090770804609535e-16
2756 17.3272834692444313 4.75242547318936559 5.821978373064396341e-16 6.821174929700798334e-16 0.3367627764880188335 1.60425154952289111e-16 2.027754183901405384e-16
2757 17.33301246219468439 4.75435505516716006 5.831008010034929997e-16 6.83384853388968229e-16 0.3367952711953153822 1.57606106777698565e-16 2.212090498842580053e-16
2758 17.33874170527742109 4.756284903531367902 5.839795357343567897e-16 6.846583497341075961e-16 0.3368270356515293273 1.533703994626440168e-16 2.222703124255022477e-16
2759 17.34447119893423306 4.75821501626128196 5.848460375386262302e-16 6.858644964990298245e-16 0.3368584187935498853 1.512286941297019586e-16 2.105061977819474045e-16
2760 17.3502009436050848 4.760145393673838043 5.856801652367710325e-16 6.869577384649089595e-16 0.336889828723236251 1.455721225981419183e-16 1.90792793286130638e-16
2761 17.35593093972836343 4.762076038474669204 5.864499540224705869e-16 6.879444918420573385e-16 0.3369216823766397195 1.343377780526433461e-16 1.722008148658460865e-16
2762 17.36166118774093547 4.764006955493925943 5.871292225971369587e-16 6.888324568499315234e-16 0.3369543505127251537 1.185356486673683425e-16 1.549541847331582529e-16
2763 17.36739168807820022 4.765938151106344556 5.877002277313128742e-16 6.896576256205478488e-16 0.3369881026256625334 9.963876031928317264e-17 1.439895868485664289e-16
2764 17.3731224411741465 4.767869632557484749 5.881438140523121389e-16 6.904493190014292307e-16 0.3370230905946238753 7.740112272910436684e-17 1.381421239486842082e-16
2765 17.37885344746137761 4.769801407137886251 5.884853080736675195e-16 6.912482030848982254e-16 0.3370593221767979597 5.958445904260454306e-17 1.393906568621944831e-16
2766 17.38458470737113615 4.771733479498757369 5.887549189675469859e-16 6.920808463668452314e-16 0.3370963367846705472 4.704008324152417863e-17 1.452745797088977591e-16
2767 17.39031622133328625 4.773665852105117402 5.889843791116111353e-16 6.929494094079701031e-16 0.3371337529721923354 4.003304500968270129e-17 1.515349145313127112e-16
2768 17.39604798977629585 4.775598524911998766 5.892540866228999872e-16 6.938296605396075203e-16 0.3371711328739793179 4.705275864703821152e-17 1.535672619860831018e-16
2769 17.40178001312719047 4.777531495440319631 5.896248886479038582e-16 6.946836911459699597e-16 0.3372080519410005639 6.46866709426624338e-17 1.489862327697781717e-16
2770 17.4075122918115035 4.779464759223527537 5.901534917396036588e-16 6.954895303778658258e-16 0.3372441636173719726 9.221106250177984722e-17 1.405729420533616452e-16
2771 17.41324482625323 4.781398310531043805 5.908492263944677143e-16 6.962313749963449353e-16 0.3372792476047095089 1.213605555812918426e-16 1.294037524567623437e-16
2772 17.41897761687479118 4.783332143240881074 5.916878912533572356e-16 6.968843477155951943e-16 0.3373132358547529797 1.462860545851145586e-16 1.13896274344105167e-16
2773 17.42471066409701663 4.785266251732009479 5.92643198967762704e-16 6.974730682802846179e-16 0.3373462159774728297 1.666242840186936679e-16 1.026843404478461292e-16
2774 17.43044396833914078 4.787200631685831986 5.936757266184884614e-16 6.980324255524565304e-16 0.3373784153527284446 1.800848597099195474e-16 9.755842937087419677e-17
2775 17.43617753001883486 4.789135280711533937 5.947704203342827889e-16 6.98601544140381003e-16 0.3374101703814878506 1.909187600721229696e-16 9.925645280762598083e-17
2776 17.44191134955223532 4.791070198732273688 5.958997964399883896e-16 6.992421081014505434e-16 0.3374418847512797859 1.969586295736508545e-16 1.117117666020653407e-16
2777 17.44764542735400781 4.793005388085852303 5.970700003192966352e-16 6.999780864803891311e-16 0.3374739796291463811 2.040696221263124967e-16 1.283458654845015653e-16
2778 17.45337976383738621 4.794940853309576312 5.982862931769638277e-16 7.008582391148785742e-16 0.3375068385882845634 2.120974079807362814e-16 1.534812041572552221e-16
2779 17.45911435941423306 4.796876600603715346 5.995753385929682866e-16 7.018411149808607335e-16 0.3375407515713851891 2.247738430761378572e-16 1.713863475410942072e-16
2780 17.46484921449507155 4.798812637010281712 6.009608392374596891e-16 7.028784684430186976e-16 0.3375758652763365397 2.415820163912420986e-16 1.808775348426880628e-16
2781 17.47058432948909257 4.800748970200534593 6.024081463591959995e-16 7.039141322747235901e-16 0.3376122893237689104 2.523474127198700502e-16 1.805747269900424755e-16
2782 17.47631970480416541 4.802685605111155276 6.038465908535827648e-16 7.048830813725827379e-16 0.3376495468370314668 2.507907551477372204e-16 1.689348994000745071e-16
2783 17.48205534084680579 4.804622544560721131 6.051802590882576963e-16 7.057591111167435613e-16 0.3376872685049703282 2.325125771795523101e-16 1.527275886198350506e-16
2784 17.48779123802214386 4.806559788866574756 6.062889919553551675e-16 7.06541918978411114e-16 0.3377250182933922429 1.932883873714333485e-16 1.364690032140195106e-16
2785 17.49352739673387802 4.808497335862800703 6.070551360941746642e-16 7.072548166148615056e-16 0.3377623633838799377 1.335578726732541022e-16 1.242756903483062553e-16
2786 17.49926381738422521 4.810435181301616403 6.074412894993911675e-16 7.079552233704639733e-16 0.3377989410088347855 6.731301100504286574e-17 1.220926373067711801e-16
2787 17.50500050037390309 4.812373319550880879 6.074928676922762798e-16 7.086965529405135255e-16 0.3378345100498931775 8.990531779249026753e-18 1.292202515368541926e-16
2788 17.51073744610209104 4.814311744461317488 6.073103317762111866e-16 7.09504195268049439e-16 0.3378689805912475919 -3.181615318197192381e-17 1.407726904548615629e-16
2789 17.51647465496644074 4.816250450271041927 6.070668114383326565e-16 7.103580976814671145e-16 0.3379024203856713648 -4.244383607329738076e-17 1.488290233720497123e-16
2790 17.52221212736309042 4.81818943243189679 6.069488718664263025e-16 7.112493338306306487e-16 0.3379350411895089557 -2.055507002317257505e-17 1.553288786547376564e-16
2791 17.52794986368670394 4.820128688267603323 6.071179769540974678e-16 7.121177476105374917e-16 0.3379671694179924302 2.947108203161488867e-17 1.513443155228694543e-16
2792 17.53368786433051341 4.822068217396998868 6.076813603986684082e-16 7.129004310533780257e-16 0.3379992051812050757 9.818009618475660045e-17 1.363972201185706409e-16
2793 17.53942612968636183 4.82400802187328992 6.086285406107239427e-16 7.135722519251476566e-16 0.3380315727785080382 1.650562315424844315e-16 1.17071936210789268e-16
2794 17.5451646601447635 4.825948106006361371 6.098966324469461708e-16 7.141294266289788711e-16 0.3380646654663272965 2.209682740481584934e-16 9.708912961356497292e-17
2795 17.5509034560949253 4.827888475858844508 6.113243255962506073e-16 7.145902060753493549e-16 0.3380987886192228231 2.487676891505781634e-16 8.028828753400333829e-17
2796 17.55664251792477515 4.829829138446499748 6.12761209547017925e-16 7.149939687926085306e-16 0.3381341082324176295 2.503575203730468419e-16 7.035017174359561097e-17
2797 17.56238184602095487 4.831770101442420362 6.140423662095072595e-16 7.153488591877017279e-16 0.3381707387350156302 2.232137840339286328e-16 6.183196038815122139e-17
2798 17.568121440768806 4.833711370129432083 6.150807372451492087e-16 7.156409952656668044e-16 0.3382082635826290096 1.80905233401513088e-16 5.089601265370760168e-17
2799 17.5738613025523378 4.835652947588421569 6.158322727311731986e-16 7.158315710385459834e-16 0.3382462991192164981 1.309265801512993446e-16 3.320060684661739234e-17
2800 17.57960143175418111 4.837594834405757993 6.163566823464813832e-16 7.159261925537968377e-16 0.338284410794195689 9.135424173313236004e-17 1.648344447747194166e-17
2801 17.58534182875555985 4.839537028647484362 6.167405803850340673e-16 7.15945513923031657e-16 0.3383221596442160806 6.687344174746062867e-17 3.365702166322366596e-18
2802 17.59108249393625201 4.841479526226780017 6.171016524784915175e-16 7.159300695229517177e-16 0.3383591707966698281 6.289431474318054848e-17 -2.690224410160032814e-18
2803 17.59682342767456831 4.843422321582553813 6.175674097589958619e-16 7.159415754171375833e-16 0.3383951876465563502 8.112538557681178221e-17 2.004091275238308922e-18
2804 17.60256463034735219 4.845365408543656827 6.182253389230042378e-16 7.160384929793998151e-16 0.3384301041575351054 1.145924191561733499e-16 1.6880263903624096e-17
2805 17.60830610232999405 4.847308781243839348 6.191255100750031045e-16 7.16262670602531111e-16 0.3384639736637390928 1.567766723564702718e-16 3.904348822250005487e-17
2806 17.61404784399645962 4.849252434967934455 6.2022615432988714e-16 7.166308107087919408e-16 0.3384969968545041841 1.9168269031913713e-16 6.411343689781350529e-17
2807 17.61978985571933265 4.851196366835284657 6.214416580344833326e-16 7.171372025595544273e-16 0.3385294933952806007 2.116760675866562109e-16 8.818651495836569199e-17
2808 17.62553213786985751 4.853140576250538629 6.226471462565845151e-16 7.177909989047368336e-16 0.3385618613906100083 2.099220038524760898e-16 1.138511653418692948e-16
2809 17.63127469081799248 4.855085065070448458 6.236792052567427241e-16 7.185846873640720455e-16 0.3385945279120005647 1.7971279976405506e-16 1.382052529416240546e-16
2810 17.63701751493243108 4.857029837451683818 6.244247895795401185e-16 7.19533558585163697e-16 0.3386278934505874139 1.298227242708571568e-16 1.652194703372459723e-16
2811 17.6427606105806305 4.858974899367875189 6.24858486616144797e-16 7.206257830105832268e-16 0.3386622743318670192 7.55126731775820465e-17 1.901714310039606246e-16
2812 17.64850397812881155 4.860920257823150514 6.249754392977499908e-16 7.218607898062025285e-16 0.3386978498940771409 2.036211973768226481e-17 2.150216301507290274e-16
2813 17.65424761794194808 4.86286592048483346 6.248617051510929447e-16 7.232453543992825354e-16 0.3387347354963787249 -1.980081482956965577e-17 2.410490422882342511e-16
2814 17.65999153038373493 4.864811892869764343 6.245998847411059618e-16 7.247734752534544089e-16 0.3387725566471075367 -4.558007624389661195e-17 2.660291649780628218e-16
2815 17.66573571581655244 4.866758178232495347 6.242923515111055683e-16 7.264244778132206352e-16 0.3388109194640872013 -5.353563173080468294e-17 2.87407851912914393e-16
2816 17.67148017460143805 4.8687047773326384 6.240387763056033568e-16 7.281580964859862911e-16 0.338849389643943566 -4.414047227646312512e-17 3.01775352253453745e-16
2817 17.67722490709804717 4.870651688380177369 6.239249884707044656e-16 7.299175645151586731e-16 0.3388875234473436859 -1.980638900584719456e-17 3.062604034964889942e-16
2818 17.68296991366463189 4.872598907381864741 6.240024319967357712e-16 7.316118125516968547e-16 0.3389249375130587993 1.347950189383382247e-17 2.948938508804812248e-16
2819 17.68871519465804454 4.874546428809740206 6.242914441513861054e-16 7.331284935961249083e-16 0.338961364906223972 5.030186215799813932e-17 2.639746446884790058e-16
2820 17.69446075043374478 4.876494246466363869 6.247792223004414718e-16 7.34387897026234863e-16 0.3389966893265869974 8.489253452103050135e-17 2.19185605943107194e-16
2821 17.70020658134582092 4.87844235440969598 6.254319157360255051e-16 7.353190462663253377e-16 0.3390309554519802537 1.135888182380568368e-16 1.620487291870801903e-16
2822 17.70595268774703612 4.880390747814871588 6.262110441694070536e-16 7.359043987029545874e-16 0.3390643579177617384 1.35585904416576074e-16 1.018645144015168871e-16
2823 17.7116990699888639 4.882339423675733592 6.270547999995973128e-16 7.361777062599010742e-16 0.3390972133968573332 1.468254708498841169e-16 4.755938779877164053e-17
2824 17.71744572842153431 4.884288381273774071 6.279349438986645126e-16 7.362187947878381078e-16 0.339129920097493931 1.53150140600867964e-16 7.149642049795299646e-18
2825 17.72319266339406596 4.886237622361287336 6.288458024186734885e-16 7.361262550899286407e-16 0.3391629080189792478 1.58487026781408537e-16 -1.61016681062408884e-17
2826 17.72893987525428372 4.888187151022365562 6.298151827593335126e-16 7.36003661402105655e-16 0.339196582891670595 1.686615363184543742e-16 -2.132995570871332919e-17
2827 17.73468736434883297 4.890136973198568882 6.308688459246010343e-16 7.359576510748484841e-16 0.3392312678441805618 1.833169690019897264e-16 -8.004905185650561188e-18
2828 17.74043513102315472 4.892087095905128358 6.320149901051576018e-16 7.360086443673657494e-16 0.3392671495846983909 1.993972316934616598e-16 8.871415599692282816e-18
2829 17.74618317562147851 4.894037526809085215 6.332675449818035247e-16 7.361559194128976274e-16 0.3393043413982947398 2.178991865968848191e-16 2.562052427863059669e-17
2830 17.75193149848678331 4.895988271551590998 6.345934918797221073e-16 7.363638805405435553e-16 0.339342490749667991 2.306555609953701906e-16 3.617595141833529228e-17
2831 17.75768009996075847 4.897939333473443568 6.359786576604581314e-16 7.366112766703292683e-16 0.3393811974307684998 2.409453108796644721e-16 4.303379294424695826e-17
2832 17.76342898038378593 4.899890713409455145 6.373844769910084035e-16 7.368798239161605207e-16 0.3394200255449509318 2.445260527082904117e-16 4.671069501022067598e-17
2833 17.76917814009490826 4.901842409620453367 6.387476138083988911e-16 7.371931847950522334e-16 0.339458527454016834 2.370903904727319989e-16 5.45028585447069131e-17
2834 17.77492757943183221 4.903794418132669364 6.400129498638181353e-16 7.376034126375110496e-16 0.3394963146326600012 2.200691876589319967e-16 7.134745560938985309e-17
2835 17.78067729873092873 4.905746733406334492 6.411322868068273402e-16 7.381750804182211117e-16 0.3395331149082755351 1.946673081025096322e-16 9.942049058131106548e-17
2836 17.78642729832726488 4.907699349207127248 6.420653251723980094e-16 7.389434892925862179e-16 0.3395688077079574985 1.622596340836943404e-16 1.336298135017060282e-16
2837 17.79217757855462878 4.909652259541266162 6.428311258541956765e-16 7.399178363554769114e-16 0.3396034350897764731 1.331697301132336877e-16 1.694351265099088996e-16
2838 17.7979281397455722 4.911605459529031492 6.434278356113568283e-16 7.410597647264835819e-16 0.3396371909959223223 1.037604070405132332e-16 1.985671445201013114e-16
2839 17.80367898223145673 4.913558946117332127 6.438863409550706092e-16 7.422815019714860996e-16 0.3396703932295171979 7.972447383556046994e-17 2.124345121786430728e-16
2840 17.80943010634247159 4.915512718557207172 6.442359505326524238e-16 7.43467844613250117e-16 0.3397034425539496305 6.078680128274988765e-17 2.062700195943291605e-16
2841 17.81518151240767267 4.917466778591832899 6.445305760516656146e-16 7.445383820556811559e-16 0.3397367723410447127 5.122417996642697606e-17 1.861257734752719922e-16
2842 17.820933200754979 4.919421130317880753 6.448008196092355771e-16 7.454111760091062383e-16 0.3397707917744103301 4.698277505716255676e-17 1.517382406957570739e-16
2843 17.82668517171116918 4.921375779706824716 6.45091148212035405e-16 7.461065481636113288e-16 0.3398058267400404509 5.047214679966922442e-17 1.208869023724187522e-16
2844 17.83243742560185652 4.923330733812528059 6.454020959738597457e-16 7.46696520228799166e-16 0.3398420653108013556 5.405402064111931412e-17 1.025585841243897299e-16
2845 17.83818996275147484 4.925286000310582502 6.457594710863909995e-16 7.472742413547921226e-16 0.3398796154485563825 6.212171892621988841e-17 1.00423975112530453e-16
2846 17.84394278348323226 4.927241584858940371 6.46184212108447816e-16 7.479129944623081785e-16 0.3399181263224052008 7.382814131511494373e-17 1.11027549114044713e-16
2847 17.84969588811908991 4.929197490796365599 6.466762416404975617e-16 7.486461330278085429e-16 0.3399571947590721011 8.551995075715803142e-17 1.27427257787915182e-16
2848 17.8554492769797406 4.931153718932147711 6.472300870428913453e-16 7.494479778264354244e-16 0.339996381117040225 9.625944391037622254e-17 1.393622373403408163e-16
2849 17.86120295038460171 4.933110267481063183 6.478473621503555943e-16 7.502259854107290072e-16 0.3400352345383359509 1.07278342802986823e-16 1.352125872595780826e-16
2850 17.86695690865181518 4.935067132410669188 6.485550852120305556e-16 7.508930554667322189e-16 0.3400733646070361327 1.22991505010123233e-16 1.159266308785387191e-16
2851 17.87271115209827599 4.937024308120979477 6.493550448445357986e-16 7.513798814488128822e-16 0.3401104990949145868 1.39013921148670569e-16 8.459875465733860486e-17
2852 17.8784656810396605 4.93898178832792123 6.502510524288720342e-16 7.517118401322150651e-16 0.3401465193420933342 1.556970333775327044e-16 5.768364365791243781e-17
2853 17.88422049579045492 4.940939567009249522 6.512409039805686033e-16 7.51934899073131605e-16 0.3401814710711906775 1.719955172715080686e-16 3.875847631820485562e-17
2854 17.88997559666400861 4.94289763928597381 6.522944187773252426e-16 7.521421792996511938e-16 0.3402155531424330137 1.830484622977458923e-16 3.601499176465527645e-17
2855 17.8957309839725518 4.944856002138638296 6.533732552449163736e-16 7.524733659996480529e-16 0.3402490888229375288 1.874387703930696373e-16 5.754090604349453505e-17
2856 17.90148665802722405 4.946814654883383788 6.544462809766854266e-16 7.530347808342971815e-16 0.3402824840231882253 1.864199064416878723e-16 9.75362452657249254e-17
2857 17.90724261913808846 4.94877359935274086 6.554609273972791042e-16 7.53912750815956557e-16 0.3403161759807297737 1.762686973675761292e-16 1.5252468431750309e-16
2858 17.91299886761411742 4.950732839743914759 6.563984389408781703e-16 7.551100100155177376e-16 0.3403505754915661097 1.628603589592135859e-16 2.079825729496789272e-16
2859 17.91875540376318554 4.952692382122119596 6.572636536475543692e-16 7.565718766798724376e-16 0.340386006996851731 1.502937535192761685e-16 2.539363078727689384e-16
2860 17.92451222789204124 4.954652233607772516 6.580509906299341603e-16 7.582281483340769677e-16 0.3404226536912360879 1.367590079417179887e-16 2.876913867634412566e-16
2861 17.93026934030627828 4.956612401889007202 6.587905377119550962e-16 7.599540923588614499e-16 0.3404606140626236788 1.284515498406481878e-16 2.997783242088425411e-16
2862 17.93602674131030028 4.958572892533499754 6.595108896794075981e-16 7.616610496411074783e-16 0.340499519695999342 1.251112825346589406e-16 2.96465650769208662e-16
2863 17.94178443120731714 4.960533708786356577 6.602342204947891509e-16 7.632600607384917328e-16 0.3405389671493700976 1.256223414195183501e-16 2.777035261566080515e-16
2864 17.94754241029931663 4.962494851327272194 6.609410129639587424e-16 7.64705543884838485e-16 0.3405785108882893875 1.227439217877751395e-16 2.510273920563948525e-16
2865 17.95330067888708214 4.964456318225469289 6.615838213532292498e-16 7.660092256088311502e-16 0.3406176976423790359 1.116266166815079203e-16 2.263902937607406006e-16
2866 17.95905923727019982 4.966418105310405728 6.621658793512349954e-16 7.671828095829169738e-16 0.3406561386023467808 1.010719417850221593e-16 2.03787958442341759e-16
2867 17.9648180857470976 4.968380206873829863 6.626970550982908246e-16 7.682609880920660468e-16 0.3406935669386548793 9.223180048842322275e-17 1.872117574981945125e-16
2868 17.97057722461507012 4.970342616571055139 6.632088994542063521e-16 7.692405886649491041e-16 0.3407298723600084012 8.887066870178036477e-17 1.700863885019399552e-16
2869 17.97633665417031423 4.972305328378025635 6.637498364991121347e-16 7.701246815241988051e-16 0.3407651107615075614 9.39172380619622828e-17 1.534957908928215295e-16
2870 17.98209637470797517 4.974268337476345003 6.643499142606554532e-16 7.70881257973438901e-16 0.340799491676155919 1.04179953253995282e-16 1.313498085851275673e-16
2871 17.98785638652215013 4.976231640965322889 6.650448450983764478e-16 7.715072034886681296e-16 0.3408333482070297071 1.206413606059730453e-16 1.08665372902595847e-16
2872 17.99361668990591667 4.978195238325863414 6.658070158307925214e-16 7.719904299564196445e-16 0.3408670939179536674 1.323076348791090445e-16 8.388481522574045153e-17
2873 17.99937728515132562 4.980159131581172183 6.666096113356819989e-16 7.723547993508520222e-16 0.3409011701860712451 1.393180337389841716e-16 6.324883117052976358e-17
2874 18.00513817254938687 4.982123325117774115 6.673740416841758264e-16 7.726592133203354301e-16 0.3409359872330512409 1.326864235515157386e-16 5.283882432121645093e-17
2875 18.01089935239004447 4.984087825156706231 6.680418897274880589e-16 7.730045712638909565e-16 0.3409718634160802675 1.159162063090196254e-16 5.994265168031579402e-17
2876 18.01666082496215182 4.98605263890841055 6.685296596766973888e-16 7.734727011789428912e-16 0.3410089703532714345 8.465633345900750229e-17 8.124765015764509355e-17
2877 18.02242259055344675 4.988017774063973953 6.688026037761669754e-16 7.741444873754312442e-16 0.3410473913342427221 4.736919638357521912e-17 1.165878739678829634e-16
2878 18.02818464945052668 4.989983235992250243 6.688610915071729808e-16 7.751009708928935499e-16 0.3410867232197302146 1.014997453289690186e-17 1.659883735682534074e-16
2879 18.03394700193884148 4.991949027747148548 6.687709891658105928e-16 7.763159741816348052e-16 0.3411265642171461554 -1.563558401356296445e-17 2.108412024662125656e-16
2880 18.03970964830268997 4.993915149770773887 6.686266425898267958e-16 7.777211949378628324e-16 0.3411664611030982841 -2.504738256781754441e-17 2.438374560227093517e-16
2881 18.04547258882523764 4.99588159988616809 6.685335968566100567e-16 7.791952744898285489e-16 0.3412059594855755829 -1.614470584822292787e-17 2.557729402587062199e-16
2882 18.05123582378854152 4.997848373707168612 6.685868230520278652e-16 7.805841308180817932e-16 0.3412446761757719216 9.234999787711457341e-18 2.409732237275435561e-16
2883 18.05699935347357865 4.999815465373838919 6.688704270827556724e-16 7.817877093081146011e-16 0.3412823556560543592 4.920413894291863138e-17 2.088159434840026599e-16
2884 18.0627631781602922 5.001782868476675858 6.694139099327592232e-16 7.827316917307827089e-16 0.3413189027969207867 9.428722044032076671e-17 1.637686980873745242e-16
2885 18.06852729812761638 5.003750577024273838 6.702304592535213989e-16 7.833714798499154428e-16 0.341354390356374604 1.416534455394369071e-16 1.109892436206483012e-16
2886 18.07429171365349774 5.005718586326662667 6.712869839615559867e-16 7.83744947990790589e-16 0.3413890443082893689 1.832745200575074598e-16 6.478522816847963165e-17
2887 18.08005642501492005 5.007686893694146768 6.7252783633666416e-16 7.839459261685098721e-16 0.3414232118017186401 2.152386412203080358e-16 3.486173758860961096e-17
2888 18.0858214324878972 5.009655498877220836 6.738336227609450156e-16 7.840775813740581931e-16 0.341457316218985063 2.264904775338348074e-16 2.283577912894625995e-17
2889 18.09158673634746251 5.011624404193288917 6.751078645035605916e-16 7.842357737152344769e-16 0.3414918028349654966 2.210076362647874418e-16 2.743727051885906745e-17
2890 18.0973523368676581 5.013593614305338342 6.762513389656321203e-16 7.845228910221267281e-16 0.3415270784494909839 1.983168225285944489e-16 4.979577059611468734e-17
2891 18.10311823432149936 5.015563135646400106 6.772158687935795775e-16 7.849772989023876933e-16 0.3415634499667682955 1.672731992088540311e-16 7.880550468689579513e-17
2892 18.10888442898095008 5.017532975530550665 6.779792964446562136e-16 7.856318379230349166e-16 0.3416010700628758223 1.323903047255897169e-16 1.13507311761734893e-16
2893 18.11465092111690467 5.019503141619262365 6.785719029448374345e-16 7.864643870604056462e-16 0.3416399988442702096 1.027619372788327514e-16 1.443695980551443852e-16
2894 18.12041771099916687 5.021473638971063025 6.790713695445603842e-16 7.87440868767213609e-16 0.3416797848228803614 8.660637892437070433e-17 1.693197197959597555e-16
2895 18.12618479889645684 5.023444470342881552 6.795784787666254097e-16 7.885019820578337316e-16 0.341720028852148805 8.792704463362732856e-17 1.839851290531643216e-16
2896 18.13195218507642181 5.025415635827207517 6.801854506875623351e-16 7.895483371088084963e-16 0.3417602689579447572 1.052366676460389782e-16 1.814168249648375874e-16
2897 18.13771986980565032 5.027387132901182554 6.809588491963142639e-16 7.90507779203636146e-16 0.34180005177106354 1.340847287174099256e-16 1.663392566047619833e-16
2898 18.14348785334971126 5.029358956891110566 6.818971104633633121e-16 7.9130961020558189e-16 0.3418390045423116419 1.626586851397415862e-16 1.390068854605729226e-16
2899 18.14925613597318588 5.031331101751264967 6.829555096757589179e-16 7.919365151148237757e-16 0.3418768896065533802 1.834764970903727485e-16 1.086757391817311498e-16
2900 18.15502471793970685 5.033303561014728977 6.840278950556023465e-16 7.924189601987594768e-16 0.341913634169179359 1.858913840421880609e-16 8.36288763935310184e-17
2901 18.16079359951196892 5.035276328769575649 6.850091936753088838e-16 7.928208707989343374e-16 0.3419493346556760627 1.700932151201377787e-16 6.966509969722285935e-17
2902 18.16656278095176802 5.037249400533716504 6.858116242256356945e-16 7.932407295992687323e-16 0.3419842391056602815 1.390819159120103107e-16 7.27723618439585856e-17
2903 18.17233226251998701 5.039222773930132959 6.864115264033870675e-16 7.937553525087834266e-16 0.3420187125364448355 1.039731106413693798e-16 8.919278291357222924e-17
2904 18.17810204447659927 5.041196449089635045 6.868265896137218162e-16 7.944257271606027061e-16 0.3420531896921223391 7.193366868673640974e-17 1.161811186808573694e-16
2905 18.18387212708064737 5.043170428728418031 6.870814091343330893e-16 7.952341205340614501e-16 0.3420881186679988195 4.415989339157131623e-17 1.400935262132030217e-16
2906 18.18964251059022175 5.04514471786839902 6.872402698909114345e-16 7.961242490220539983e-16 0.3421238990044928041 2.752892691286785924e-17 1.54250065382997176e-16
2907 18.19541319526242873 5.047119323200133678 6.873366474688059299e-16 7.970040987357896423e-16 0.3421608197658392858 1.670036565255164597e-17 1.524608966076834901e-16
2908 18.20118418135337279 5.049094252241904002 6.874302234753515373e-16 7.977979108618207259e-16 0.3421990242504470703 1.621406007805263909e-17 1.375450607190089865e-16
2909 18.20695546911813523 5.051069512354954938 6.8755778355612124e-16 7.984533080605220432e-16 0.3422384851039680376 2.210137718769810539e-17 1.135557504264497165e-16
2910 18.21272705881077414 5.053045108275714625 6.877529345095144391e-16 7.989951255828962813e-16 0.3422787474258582874 3.381056985616338909e-17 9.387173811348940267e-17
2911 18.21849895068433511 5.055021042348851523 6.88048024842566111e-16 7.994979384461720477e-16 0.3423193967851987374 5.11227303485016217e-17 8.710948325271889176e-17
2912 18.22427114499086187 5.056997314202332561 6.884646488073847993e-16 8.00028534235210074e-16 0.3423599625448838224 7.217395963990060068e-17 9.191789790536732533e-17
2913 18.23004364198142824 5.058973920871864927 6.890439788383071843e-16 8.006628607525472275e-16 0.3423999957209943878 1.003551203010735063e-16 1.098819508047609555e-16
2914 18.23581644190617723 5.060950857334641562 6.898227818840667999e-16 8.014644988556979834e-16 0.3424391398756443938 1.34901980991263209e-16 1.388574027052475328e-16
2915 18.24158954501435304 5.062928117339684064 6.908260662797671183e-16 8.024069754058033706e-16 0.3424771824665773234 1.737768488594846354e-16 1.632444456458954998e-16
2916 18.24736295155431876 5.064905694386806267 6.920868947987827223e-16 8.034483843678800027e-16 0.3425140805507094766 2.18374056045601698e-16 1.803708399842181048e-16
2917 18.25313666177359551 5.066883582707011335 6.935596970881952097e-16 8.045129031917708646e-16 0.3425499609881896279 2.550742433876531578e-16 1.843637367539626256e-16
2918 18.25891067591885886 5.068861778120044903 6.95203839018779539e-16 8.054882631043492156e-16 0.3425850991247802457 2.847335114384669097e-16 1.689134299531250874e-16
2919 18.26468499423593528 5.07084027867376097 6.969095975611390786e-16 8.0628854794813334e-16 0.3426198809693515868 2.953887415638407021e-16 1.385865156336947125e-16
2920 18.27045961696979148 5.072819084994857342 6.985372447709153947e-16 8.068736993332803602e-16 0.3426547531846309558 2.818472161684127934e-16 1.013261890845777097e-16
2921 18.27623454436450956 5.074798200300650208 6.999878137196359156e-16 8.072683678049482827e-16 0.3426901643798033192 2.51170667028018185e-16 6.833811200164085719e-17
2922 18.28200977666326565 5.07677763004421756 7.011553714496167984e-16 8.07523024352151041e-16 0.3427265016295530375 2.021556852660363423e-16 4.409226840381477985e-17
2923 18.28778531410830155 5.078757381201274512 7.020094615059576951e-16 8.077551593198834903e-16 0.3427640284604233645 1.478728007486314282e-16 4.01906655807990849e-17
2924 18.29356115694090335 5.080737461500190122 7.025525836170848019e-16 8.081194175676183082e-16 0.3428028750396907576 9.402841960196599132e-17 6.306248016750931834e-17
2925 18.29933730540140147 5.082717877829346698 7.02828458819004824e-16 8.087031176255065248e-16 0.342842895794486402 4.775857061552772508e-17 1.010481559738636497e-16
2926 18.30511375972917065 5.084698634517356375 7.029267110284529171e-16 8.095244780834466239e-16 0.3428836474737416706 1.700818487796418993e-17 1.421835763140896454e-16
2927 18.31089052016263707 5.086679733370775836 7.029872943619196059e-16 8.105061148831008122e-16 0.3429246934473957897 1.048686743785597429e-17 1.699195868076356012e-16
2928 18.31666758693932096 5.088661173437105667 7.031448215289963798e-16 8.115331786925921412e-16 0.3429655561535918107 2.726622590500019925e-17 1.777734873807300398e-16
2929 18.32244496029585434 5.090642951223499857 7.035019000522946208e-16 8.124969047909961883e-16 0.3430057959838900272 6.180309616624542784e-17 1.668015656260699743e-16
2930 18.32822264046802019 5.092625061312555879 7.040887268960738284e-16 8.133060933750672402e-16 0.3430450799970856668 1.015625028499591692e-16 1.400467936105210727e-16
2931 18.33400062769078787 5.094607497249594275 7.048835579578097841e-16 8.139067709705094762e-16 0.3430832288751917147 1.375546124724257561e-16 1.039541329467683054e-16
2932 18.33977892219832739 5.096590252548188538 7.057989394946611712e-16 8.142903240128299207e-16 0.3431202373474139811 1.584088215073825938e-16 6.637471149849283337e-17
2933 18.34555752422402719 5.098573321667630331 7.067300231199755909e-16 8.145168184868000607e-16 0.343156269287275717 1.611175223923912822e-16 3.919328778800005253e-17
2934 18.35133643400050119 5.100556700841833546 7.07559638827456053e-16 8.147046094459444934e-16 0.3431916319632217771 1.435515569870288501e-16 3.249418294542034854e-17
2935 18.35711565175956395 5.102540388668314719 7.082237588536975531e-16 8.14982705968599498e-16 0.343226734487454499 1.149090824028248548e-16 4.811753143260939931e-17
2936 18.36289517773222357 5.104524386389987178 7.087081418505457773e-16 8.154958441743763988e-16 0.3432620346413980394 8.380568749023514689e-17 8.878077965669847495e-17
2937 18.36867501214864973 5.106508697822941478 7.090607714016958691e-16 8.163373561388910626e-16 0.3432979776155554164 6.100706257436898986e-17 1.455867011394502825e-16
2938 18.37445515523815232 5.108493328908894959 7.093717130792241912e-16 8.175277129147226289e-16 0.3433349310817569999 5.379193149810452476e-17 2.059279754738042024e-16
2939 18.38023560722916017 5.110478286912533363 7.097578185053662641e-16 8.190209395644660217e-16 0.3433731237839155459 6.679145152759619014e-17 2.583096963764038234e-16
2940 18.38601636834920683 5.112463579699533689 7.103329449438263092e-16 8.207525738967708305e-16 0.34341265953034944 9.948441917032874086e-17 2.995352399830720322e-16
2941 18.39179743882493057 5.114449213557665352 7.111772899541868499e-16 8.226181297803219448e-16 0.3434532652239809525 1.460455811610771173e-16 3.226834882169220293e-16
2942 18.39757881888208857 5.116435192275068822 7.122903261687048507e-16 8.2449972376590436e-16 0.3434945084042109742 1.925105359849026503e-16 3.254401446652989322e-16
2943 18.40336050874557472 5.118421516986396469 7.13589468236929425e-16 8.262610223622875194e-16 0.3435359300908734093 2.246873213540827e-16 3.046175421498489573e-16
2944 18.40914250863945156 5.120408186046826238 7.149365578557537521e-16 8.277727182751943264e-16 0.3435770496119067707 2.329673754008983196e-16 2.614345952287207049e-16
2945 18.41492481878698229 5.12239519536286636 7.161715743287462967e-16 8.289232824130074449e-16 0.3436174436036208979 2.135738367365709219e-16 1.989693276955379893e-16
2946 18.42070743941066624 5.124382539100055034 7.171548680763047394e-16 8.296549181749752097e-16 0.3436568111687408056 1.700337930498713835e-16 1.265164189716418968e-16
2947 18.42649037073226737 5.126370210628745205 7.177777525087874278e-16 8.299894923321266482e-16 0.3436950150130817505 1.077050565364766438e-16 5.78523505042638663e-17
2948 18.43227361297281774 5.128358203550819283 7.180388585200171057e-16 8.300017680187098229e-16 0.3437320953947455293 4.514629572548799168e-17 2.122516345393264804e-18
2949 18.43805716635264247 5.130346512663661152 7.180418314827260899e-16 8.298146626973134562e-16 0.343768259229731532 5.140097224477216898e-19 -3.234953268263107004e-17
2950 18.44384103109133832 5.132335134746139005 7.179481075522651968e-16 8.295631049981020472e-16 0.343803849275911122 -1.6203505103186859e-17 -4.349066927593624819e-17
2951 18.44962520740776313 5.134324069080121511 7.179428892655693722e-16 8.293804586519768297e-16 0.3438392983760624189 -9.021172823884675419e-19 -3.157519603822189798e-17
2952 18.45540969552001798 5.136313317644247256 7.181712380276289919e-16 8.293772505194064133e-16 0.3438750727779308347 3.947392426874636425e-17 -5.545796744697857697e-19
2953 18.46119449564541171 5.13830288493804499 7.187133128829437431e-16 8.296109470765856263e-16 0.3439116082276399422 9.370169878256872782e-17 4.039620025285547878e-17
2954 18.46697960800044669 5.140292777424216197 7.19589460672564489e-16 8.301086325019921133e-16 0.3439492439777979693 1.51440528544680071e-16 8.602400732548763223e-17
2955 18.47276503280079751 5.1422830026253461 7.206799263464574953e-16 8.307957501385906205e-16 0.3439881630842573368 1.884747936343409695e-16 1.187605972942507501e-16
2956 18.47855077026131099 5.144273568405488994 7.218379782715839445e-16 8.315630316082129547e-16 0.3440284243994908286 2.001454979023280648e-16 1.326088480462792839e-16
2957 18.48433682059600969 5.146264480313800682 7.229460393689948619e-16 8.322829018609668125e-16 0.3440696276884023797 1.914952478060619813e-16 1.244080608564082427e-16
2958 18.49012318401810973 5.148255741446197575 7.239605508620715691e-16 8.328908265781668862e-16 0.3441113488936597409 1.753185017630466654e-16 1.050559321718643509e-16
2959 18.49590986074004562 5.150247352127179212 7.248531398504739411e-16 8.333796447070503004e-16 0.3441531090664278758 1.542406246414191375e-16 8.446845582308075654e-17
2960 18.50169685097350225 5.152239309918359211 7.256848563578981303e-16 8.338129851767889444e-16 0.3441944308335113667 1.43713983878169776e-16 7.487777953890976677e-17
2961 18.50748415492945753 5.154231610076684511 7.265202471959293979e-16 8.342907139184440529e-16 0.3442349160958685372 1.443410491312236422e-16 8.254324159592336041e-17
2962 18.51327177281819658 5.15622424635952914 7.274359050764543193e-16 8.349521007421247478e-16 0.3442743059387535776 1.582012151485573638e-16 1.142699707117152258e-16
2963 18.51905970484934372 5.158217212025634879 7.284560872792533709e-16 8.359052491315021823e-16 0.3443125144294714168 1.762506526810072263e-16 1.646696298648488384e-16
2964 18.52484795123187311 5.160210500873020578 7.29576613206854015e-16 8.372292086117292918e-16 0.3443496349578192839 1.935759057880809482e-16 2.287199691670428573e-16
2965 18.53063651217409813 5.162204108174982764 7.307293165438121991e-16 8.389392471621303005e-16 0.3443859225835067539 1.991238704697667308e-16 2.95400805993074788e-16
2966 18.53642538788366778 5.16419803140553757 7.318217662612658262e-16 8.409618403739777802e-16 0.344421757622579483 1.887050845458172398e-16 3.49374087379603308e-16
2967 18.54221457856754895 5.166192270673497511 7.327495625392727546e-16 8.431337642989231107e-16 0.3444575952858946466 1.602548299855631639e-16 3.751484109004895377e-16
2968 18.54800408443199444 5.168186828806812017 7.334469487219524188e-16 8.452462241582895241e-16 0.3444939052537781543 1.204503822318213563e-16 3.648575263311899865e-16
2969 18.55379390568251807 5.1701817110522299 7.33875677176506873e-16 8.471210181868834378e-16 0.3445311052346822778 7.40446152310525012e-17 3.237909707415129852e-16
2970 18.55958404252389116 5.172176924391022723 7.340983963145638572e-16 8.486059073569797598e-16 0.3445694946734400022 3.846316549829548833e-17 2.564374951982773676e-16
2971 18.56537449516011051 5.174172476637141749 7.342441757793600746e-16 8.496284854317045638e-16 0.3446092172112292795 2.517445852223195287e-17 1.765876240792671989e-16
2972 18.57116526379441623 5.176168375216679607 7.344035758480464857e-16 8.502030324323810487e-16 0.3446502056947618464 2.752507919177568933e-17 9.921232671567767179e-17
2973 18.57695634862929879 5.178164624908674796 7.347164470680851293e-16 8.50402224862133607e-16 0.3446920028896410249 5.402340594670981925e-17 3.439451379614395378e-17
2974 18.58274774986652034 5.180161227950157432 7.352577393237379971e-16 8.503285510890410368e-16 0.3447341697963082208 9.345970755965543414e-17 -1.272053907319319612e-17
2975 18.58853946770714671 5.182158183720638966 7.360559353372108367e-16 8.50075481096267009e-16 0.3447762130363251631 1.378092609028796065e-16 -4.369276226918365914e-17
2976 18.59433150235157584 5.184155488907397746 7.370778280027427656e-16 8.497436530150202782e-16 0.3448176678719062638 1.764210337409184621e-16 -5.728728181773539014e-17
2977 18.60012385399958035 5.186153138102057802 7.382339495230860992e-16 8.494128259693077249e-16 0.3448581726546222082 1.995835684954711981e-16 -5.711133403909682559e-17
2978 18.60591652285032183 5.18815112470271167 7.394088400457858127e-16 8.491519065177117367e-16 0.3448975215414101791 2.028125860449055953e-16 -4.504057842428853482e-17
2979 18.61170950910236499 5.190149441960760335 7.405076859606187021e-16 8.490334357344499992e-16 0.3449356894322518352 1.896751737923798155e-16 -2.044960635622844227e-17
2980 18.61750281295369547 5.19214808401490302 7.414883860706170134e-16 8.491185616080959563e-16 0.3449728297036814273 1.69272377380220596e-16 1.469303292791138022e-17
2981 18.62329643460169493 5.194147046780428489 7.423562131241974214e-16 8.494239151121683201e-16 0.345009249186306266 1.497818595438895985e-16 5.270222386995580879e-17
2982 18.62909037424313752 5.196146328592915253 7.43177979999066923e-16 8.499422385747868471e-16 0.3450453657379335404 1.418243541854825869e-16 8.945467698090294961e-17
2983 18.63488463207416501 5.198145930531842929 7.440680595702674634e-16 8.506742212115494456e-16 0.3450816529731784432 1.536056370660485448e-16 1.263220310624028407e-16
2984 18.64067920829025837 5.200145856371951147 7.450827081143582423e-16 8.516081904995879562e-16 0.3451185760098714472 1.750935228019002319e-16 1.611710515762750614e-16
2985 18.64647410308621645 5.201923178556961069 7.4608411764223629e-16 8.525671796506000769e-16 0.3450835940754052866 1.944329519634453561e-16 1.861966421742524729e-16
2986 18.6516245136404244 5.203700669953460256 7.471688095759079708e-16 8.536319652369791112e-16 0.3451183378824457249 2.106041570725040001e-16 2.067391338693107164e-16
2987 18.65677489599160666 5.2054783363309447 7.482416362182408616e-16 8.547956878193129414e-16 0.3451541637235843174 2.083015054144757807e-16 2.259499869036212105e-16
2988 18.66192525071515007 5.207256182929525856 7.491968689447524988e-16 8.560235529753244954e-16 0.3451909688782873742 1.854702822121665296e-16 2.384052500332480515e-16
2989 18.66707557838553555 5.209034213349191589 7.499234888651551823e-16 8.57312832187573319e-16 0.3452284349535770236 1.410829956294334672e-16 2.503308378416222441e-16
2990 18.67222587957641267 5.210812429625257813 7.503728684179135989e-16 8.586652092614185078e-16 0.3452662581968441446 8.725350160121896803e-17 2.625834541288827816e-16
2991 18.67737615486063163 5.212590832005748354 7.505007681875371722e-16 8.600495529250194456e-16 0.3453040916213828138 2.483370144627251325e-17 2.687915493678383188e-16
2992 18.68252640481029303 5.214369418969719838 7.503479227670238295e-16 8.614428517160276961e-16 0.3453415917893873921 -2.967742476865686736e-17 2.7053162542616138e-16
2993 18.68767662999676915 5.216148187476023601 7.499997685036650688e-16 8.628118214611541811e-16 0.3453784635564181582 -6.760013128932188609e-17 2.658089940042268527e-16
2994 18.6928268309907395 5.21792713339697567 7.495558722095432384e-16 8.640741571658385183e-16 0.3454144959776256907 -8.619048667784703199e-17 2.451052873797967413e-16
2995 18.69797700836218013 5.219706252069875596 7.491298950464875987e-16 8.651921451222408718e-16 0.3454495851942587237 -8.271153381799274669e-17 2.17078535386195767e-16
2996 18.70312716268035658 5.22148553889301148 7.488369390516509585e-16 8.661044069928313721e-16 0.3454837430758428973 -5.688320305452747043e-17 1.771336929037235365e-16
2997 18.70827729451375276 5.223264989898291688 7.48778808344183946e-16 8.667522157249037397e-16 0.3455170926860356984 -1.128727510911280439e-17 1.257854186814158958e-16
2998 18.71342740443001418 5.225044602244177661 7.49013992013950441e-16 8.671271539305950817e-16 0.3455498528092809107 4.566594666461696017e-17 7.280228308636494828e-17
2999 18.7185774929958697 5.22682437458493343 7.495719023715844124e-16 8.672660933082254713e-16 0.3455823139364544438 1.083306824952646677e-16 2.697816485787076469e-17
3000 18.72372756077706768 5.228604307282665786 7.504469584651118098e-16 8.672472929923139265e-16 0.3456148077379631034 1.69912235395037901e-16 -3.650513065728715458e-18
3001 18.72887760833834392 5.230384402437410429 7.515810101022052061e-16 8.672026688793099644e-16 0.3456476717302136015 2.202030082146477896e-16 -8.664829361357483821e-18
3002 18.73402763624345013 5.23216466372032496 7.529417019654126823e-16 8.67257566625544787e-16 0.345681211040044678 2.642115602019067034e-16 1.065973831141099472e-17
3003 18.73917764505520722 5.233945096009683162 7.544789042622151611e-16 8.675303203976939302e-16 0.345715660110956946 2.984864462072850492e-16 5.296199745978624947e-17
3004 18.74432763533561896 5.235725704851750706 7.561284566508616451e-16 8.680881170365599114e-16 0.3457511486961926672 3.203031568385936963e-16 1.083106093098021919e-16
3005 18.74947760764599991 5.237506496115187815 7.578327898628539883e-16 8.689627570312979184e-16 0.3457877394353860434 3.309413858432895039e-16 1.698344959400190988e-16
3006 18.75462756254707486 5.239287474284485491 7.595040848244044631e-16 8.701161013366155847e-16 0.34582516358881632 3.245271971588490961e-16 2.239530444205046175e-16
3007 18.75977750059905347 5.241068642329434368 7.610867598142727573e-16 8.714635982681920669e-16 0.3458631270650671108 3.073202007389768873e-16 2.616538646015383853e-16
3008 18.76492742236164091 5.242850001511849101 7.625094092169310565e-16 8.729048079970313453e-16 0.3459012982423372851 2.762476429128280031e-16 2.798516555034341672e-16
3009 18.77007732839398813 5.244631551266593306 7.637096860147105957e-16 8.743068363375453962e-16 0.3459393223982654697 2.330683950917002995e-16 2.722442821532383217e-16
3010 18.77522721925459592 5.246413289326937957 7.646418272885959297e-16 8.755596924854890302e-16 0.3459768691560738962 1.810026550634456153e-16 2.432788843746033851e-16
3011 18.78037709550121193 5.248195212066621096 7.652872821687623874e-16 8.766134421840540396e-16 0.3460136745632059196 1.25334398555818934e-16 2.046170673679990126e-16
3012 18.78552695769071335 5.249977315000851519 7.656472778006558195e-16 8.774424190217957865e-16 0.3460495719540450099 6.990411829150857888e-17 1.60971105737102685e-16
3013 18.79067680637905724 5.251759593373626522 7.657605266057208968e-16 8.780693685179904885e-16 0.3460845087086309446 2.199076062497746766e-17 1.217416491666260216e-16
3014 18.79582664212127341 5.253542042758283515 7.656898957464894533e-16 8.785408499756832818e-16 0.3461185488195970272 -1.371520039193590728e-17 9.155293796089311027e-17
3015 18.80097646547149992 5.25532465960720252 7.655105282068415503e-16 8.78948185950706513e-16 0.3461518630183175738 -3.482992323997384411e-17 7.909725901791209653e-17
3016 18.80612627698305772 5.257107441699149675 7.653252292704274395e-16 8.793812596965026021e-16 0.3461847088986894083 -3.598177177766484058e-17 8.409525162793516688e-17
3017 18.81127607720854655 5.258890388444545039 7.652215519119760352e-16 8.798877205803263156e-16 0.3462174033303193066 -2.013234883200560634e-17 9.834593912503221722e-17
3018 18.81642586669990536 5.260673501018597875 7.652707565904805222e-16 8.804896671693894755e-16 0.3462502890362754715 9.554715951208742296e-18 1.168878417887916101e-16
3019 18.82157564600844069 5.262456782301277336 7.655198909743602484e-16 8.811910822825413499e-16 0.34628369708593848 4.837777212099199103e-17 1.362032007699932655e-16
3020 18.82672541568482671 5.264240236614924129 7.659906202715593865e-16 8.819590022671801479e-16 0.3463179076024095471 9.140799627203427168e-17 1.491176085931935641e-16
3021 18.83187517627905549 5.266023869268718904 7.666488350986242346e-16 8.827434894858795134e-16 0.3463531122576006815 1.278148577303784588e-16 1.523349492087367653e-16
3022 18.83702492834038011 5.26780768606469163 7.674507379321509629e-16 8.835006037827400436e-16 0.3463894068026242001 1.55717026236002883e-16 1.470197908010659729e-16
3023 18.84217467241725075 5.269591692456177867 7.683272501051996359e-16 8.841721081665362316e-16 0.3464267235764110775 1.702052423876943374e-16 1.303958689026517472e-16
3024 18.84732440905727913 5.271375892215728776 7.692060731415330915e-16 8.847710827551679858e-16 0.3464647362458364022 1.706542049790657559e-16 1.163118489156540583e-16
3025 18.85247413880722078 5.273160287551202252 7.700246462342301663e-16 8.852995905357309059e-16 0.3465031410173874948 1.589547686732809879e-16 1.026283819379008583e-16
3026 18.85762386221299991 5.274944878856904218 7.707312227075373524e-16 8.857807009324324469e-16 0.3465415857692040746 1.372068387561409787e-16 9.342461731730001588e-17
3027 18.86277357981973779 5.276729664711035994 7.713311356124136703e-16 8.862605137509717136e-16 0.346579717878799376 1.16494449371917263e-16 9.31727416479582315e-17
3028 18.86792329217179187 5.278514642112193123 7.718264301035884934e-16 8.867755206774862716e-16 0.3466172306450710505 9.617914757546053361e-17 1.000070222265910316e-16
3029 18.8730729998127984 5.28029980691068701 7.722362403315004427e-16 8.87363517780419388e-16 0.3466539011210795218 7.957938356438410152e-17 1.141807690537223675e-16
3030 18.87822270328568663 5.282085154366928492 7.725922741891537208e-16 8.880233991701757772e-16 0.346689614789959355 6.913681733519705316e-17 1.281397769504015818e-16
3031 18.8833724031326895 5.283870679761383471 7.729249491994217898e-16 8.887435466791127952e-16 0.3467243755807491445 6.460089314032129738e-17 1.398427018387210039e-16
3032 18.88852209989532582 5.285656378985445158 7.732641882152634386e-16 8.895029957752994111e-16 0.3467583021632293372 6.587556491918298248e-17 1.474746002151996459e-16
3033 18.89367179411438613 5.287442249054078225 7.736356292034809145e-16 8.902757015155334676e-16 0.3467916127577207464 7.212877443365079698e-17 1.50048917079399028e-16
3034 18.89882148632992553 5.2892282884938151 7.740766890616578934e-16 8.910376748272250688e-16 0.3468246009292727527 8.564783391383449519e-17 1.479648678895131409e-16
3035 18.90397117708124952 5.291014497570589725 7.746136420643486203e-16 8.91805265839096213e-16 0.3468576044855931073 1.042689988850450974e-16 1.490557757567306713e-16
3036 18.90912086690691396 5.292800878331090253 7.752703234070190698e-16 8.926091825153694484e-16 0.3468909692646061083 1.275186301229317443e-16 1.561097394277343991e-16
3037 18.91427055634474286 5.294587434441470286 7.76069196635502079e-16 8.93464023682759264e-16 0.3469250097830005042 1.551303656216331925e-16 1.659985816490965595e-16
3038 18.91942024593183191 5.296374170822272021 7.769988269212931369e-16 8.943716705463710497e-16 0.3469599696626933238 1.805215918930970925e-16 1.762527094914497335e-16
3039 18.92456993620456984 5.298161093101347419 7.780598735028665318e-16 8.95338396423218041e-16 0.3469959862896784819 2.060408051227108088e-16 1.877250079851621841e-16
3040 18.92971962769864902 5.299948207218226237 7.792574524342396975e-16 8.963422332312751231e-16 0.3470331202220938716 2.325534499119903113e-16 1.949313792575138039e-16
3041 18.9348693209490655 5.301735517777483864 7.805683873816978583e-16 8.973440718745744683e-16 0.3470711122635202761 2.545655247001442374e-16 1.945432764538615802e-16
3042 18.9400190164901332 5.303523027834882164 7.819698167453775289e-16 8.98287895186266264e-16 0.3471096616900088416 2.721381456265646653e-16 1.832773969916779193e-16
3043 18.94516871485547327 5.305310738708531204 7.834221072139797759e-16 8.99112381363491146e-16 0.3471484311073028683 2.820144829450165553e-16 1.601036762220028404e-16
3044 18.95031841657801053 5.307098649850306771 7.848527507091836082e-16 8.9977547810755052e-16 0.3471870581536689038 2.778107338563255699e-16 1.287640098336404898e-16
3045 18.95546812218997346 5.308886758968604624 7.861957072629472185e-16 9.00252467473678408e-16 0.3472252043058736692 2.607829460644641862e-16 9.262450955071402453e-17
3046 18.96061783222289776 5.310675062374892619 7.873829853233199097e-16 9.005579235483176154e-16 0.3472625983371014358 2.305521885961109567e-16 5.931514181768268061e-17
3047 18.96576754720761571 5.312463555495125611 7.883589558099692907e-16 9.007202032800778599e-16 0.3472990683314647886 1.895191191387864802e-16 3.151233796308853399e-17
3048 18.97091726767425968 5.314252233471387754 7.890837205069828743e-16 9.00816175847795728e-16 0.3473345592046114816 1.407384838998942927e-16 1.863643984349837131e-17
3049 18.97606699415226572 5.316041091778349603 7.895416151699074372e-16 9.009342777399593066e-16 0.347369135579678745 8.891619455134617546e-17 2.2933595149235822e-17
3050 18.9812167271703629 5.317830126788212652 7.897648846607328613e-16 9.011632365643453361e-16 0.3474029717833538311 4.335548728432976964e-17 4.446026800439558001e-17
3051 18.98636646725657684 5.319619336230640094 7.89826948477145156e-16 9.015781109129789923e-16 0.3474363314540983017 1.20518169527923712e-17 8.056207299472375613e-17
3052 18.99151621493822972 5.321408719506330876 7.898059652755749946e-16 9.022365311029889439e-16 0.3474695391195288252 -4.074601276255504624e-18 1.27854643036966031e-16
3053 18.99666597074193319 5.323198277822879909 7.898347798268338736e-16 9.031549708398400407e-16 0.3475029456875813882 5.595314412803484446e-18 1.783459700870888287e-16
3054 19.00181573519359191 5.324988014131055714 7.900358944275352417e-16 9.043157535635241736e-16 0.3475368896896754989 3.905309540832697544e-17 2.254046115909447291e-16
3055 19.00696550881841418 5.326777932852127861 7.904990849691667735e-16 9.05672312714745254e-16 0.3475716567055115447 8.994369522475057738e-17 2.634206269022896909e-16
3056 19.0121152921409049 5.328568039406249568 7.912543148985646173e-16 9.071559086816711166e-16 0.3476074407326615878 1.466524673172383582e-16 2.880884358291486224e-16
3057 19.01726508568487617 5.330358339702222281 7.923108260610645586e-16 9.086970046177433486e-16 0.3476443366872119523 2.051555949112109136e-16 2.992533016234391386e-16
3058 19.02241488997345797 5.332148839210128166 7.936045959777741383e-16 9.10217512368112595e-16 0.3476822594061878546 2.512264570903865277e-16 2.952547977582136389e-16
3059 19.02756470552908752 5.333939541716707033 7.950511645776108957e-16 9.116771077317030255e-16 0.3477208820435702119 2.808965239194736739e-16 2.834260774136862602e-16
3060 19.03271453287351989 5.335730449397466657 7.965390818434722763e-16 9.130001388612982353e-16 0.3477598917590289385 2.889249696572311228e-16 2.569072472941346872e-16
3061 19.03786437252783159 5.337521562569511602 7.979488084735851078e-16 9.141517278122249919e-16 0.3477989277185843942 2.737411672148683693e-16 2.23615910237300621e-16
3062 19.04301422501240992 5.339312879698221437 7.991744787203084683e-16 9.150908450317466139e-16 0.3478376303884662124 2.380004229430044098e-16 1.823576088566586345e-16
3063 19.0481640908469636 5.341104397648776647 8.001375224773068124e-16 9.157855811387933354e-16 0.3478756890801912305 1.870031558859960163e-16 1.34903366105198929e-16
3064 19.05331397055051923 5.342896112135744779 8.008106992420621095e-16 9.162332580489670276e-16 0.3479128804082950444 1.307166230744202096e-16 8.692934306424196704e-17
3065 19.05846386464143194 5.34468801830027207 8.012185259012057426e-16 9.164462734661725916e-16 0.3479490930681118366 7.919104191233000316e-17 4.136294784483970518e-17
3066 19.06361377363738896 5.346480111337036156 8.014259527151398496e-16 9.164625889765391913e-16 0.3479843374966273273 4.027764236851341986e-17 3.168106760860559597e-18
3067 19.06876369805541316 5.348272387098451652 8.015392340627992685e-16 9.163419260479142128e-16 0.3480187414536556889 2.199663293524234646e-17 -2.342996622739782779e-17
3068 19.07391363841187015 5.350064842615561034 8.016384730844381773e-16 9.161561872337312203e-16 0.3480525338425610737 1.926987454236526064e-17 -3.6066091622477564e-17
3069 19.07906359522247186 5.351857476488037335 8.017947278944985859e-16 9.159944424562463321e-16 0.3480860192934538411 3.034089429216798056e-17 -3.140691281174167321e-17
3070 19.08421356900227295 5.353650289106857585 8.020520768892739526e-16 9.159351158215902921e-16 0.3481195456699366364 4.997076336888666529e-17 -1.151975442706598596e-17
3071 19.08936356026567793 5.355443282682757378 8.024229011387557238e-16 9.160182934745634508e-16 0.3481534663569028076 7.200457915833782431e-17 1.615097153456786392e-17
3072 19.09451356952642698 5.35723646106451401 8.028955466614198581e-16 9.162815921040347006e-16 0.3481880994491078352 9.177533474851048884e-17 5.112567177691046612e-17
3073 19.09966359729760654 5.35902982934740546 8.034403369068269228e-16 9.167252649948196226e-16 0.3482236870099935655 1.057835524987098836e-16 8.614929310919128535e-17
3074 19.10481364409163518 5.360823393296866968 8.040169409360859726e-16 9.173260826870369226e-16 0.3482603591893090877 1.119605054506591334e-16 1.166621270246409165e-16
3075 19.1099637104202742 5.362617158913874249 8.045907574870412699e-16 9.180536774239115326e-16 0.3482981617436987642 1.114188208207742332e-16 1.412781619544030269e-16
3076 19.11511379679462408 5.364411130704448638 8.051375771544167475e-16 9.188729368479119401e-16 0.3483368044164957267 1.061763716277209432e-16 1.590761968743486058e-16
3077 19.12026390372512452 5.36620531161430403 8.056911556479983244e-16 9.197527857677660723e-16 0.3483759842658475381 1.074882981479565505e-16 1.708402044497129117e-16
3078 19.12541403172156507 5.36799970278756966 8.062885372365315014e-16 9.206616508338056184e-16 0.348415351505363291 1.15993056170063718e-16 1.764735282769523024e-16
3079 19.13056418129308156 5.369794303460103002 8.06977407547464206e-16 9.215671337118775352e-16 0.3484545356393018989 1.337567671658679238e-16 1.758160579325325183e-16
3080 19.1357143529481597 5.371589111110600889 8.077870336848463991e-16 9.224362278521932083e-16 0.3484931955186394426 1.57203029368320929e-16 1.687497788863763713e-16
3081 19.14086454719464214 5.373384121837232463 8.087097534860500259e-16 9.23254355547356236e-16 0.3485310631304193718 1.791613323049412167e-16 1.588530425702358877e-16
3082 19.14601476453971785 5.375179330896587615 8.097287742575265507e-16 9.239961018176498498e-16 0.3485679751123187398 1.978588538532074944e-16 1.440216637365738019e-16
3083 19.15116500548992917 5.376974733327204881 8.107871650547115708e-16 9.246638626582642489e-16 0.348603889172450665 2.055021993236893163e-16 1.296556260064538084e-16
3084 19.15631527055117189 5.378770324580437467 8.11834888166490265e-16 9.252848730242071729e-16 0.3486388855116665519 2.03429938388110499e-16 1.205777548112647217e-16
3085 19.16146556022869163 5.380566101091411646 8.128327985662610083e-16 9.258941894223039245e-16 0.3486731551889089564 1.937571660825048463e-16 1.183066321084050669e-16
3086 19.16661587502709096 5.382362060736077147 8.137428401368438658e-16 9.265311761372464102e-16 0.3487069780013462017 1.766954212340284537e-16 1.236785654145116289e-16
3087 19.17176621545032944 5.384158203132586529 8.145465631305195812e-16 9.272301789943150038e-16 0.3487406922565869927 1.560516102407654242e-16 1.357190503031047533e-16
3088 19.17691658200172711 5.385954529755429654 8.152634989898167914e-16 9.280068794594971953e-16 0.3487746584161057206 1.392002190764224916e-16 1.508041110066749213e-16
3089 19.18206697518396453 5.38775104384089687 8.158967283785400946e-16 9.288678974855897088e-16 0.348809218577914748 1.229471285797173531e-16 1.67174322368202961e-16
3090 19.18721739549908989 5.389547750076380872 8.164949008334209817e-16 9.298057411094015119e-16 0.3488446545087474648 1.161398893366401298e-16 1.82089719771989042e-16
3091 19.19236784344851898 5.391344654087607324 8.170778210544224039e-16 9.307741723509667946e-16 0.3488811484102012916 1.131779298526277421e-16 1.880275193347556431e-16
3092 19.19751831953303878 5.393141761939631351 8.176768505980979513e-16 9.317506161544804732e-16 0.3489187855953768125 1.16305017909521579e-16 1.895821587671396025e-16
3093 19.20266882425280386 5.394939078908007168 8.18291076925545014e-16 9.326885381296782829e-16 0.3489574127914513713 1.192548859581453507e-16 1.821018950046511188e-16
3094 19.20781935810734709 5.396736608609820962 8.189233462858330125e-16 9.335701391367527423e-16 0.3489967080153715817 1.227573180553436182e-16 1.711659334149322388e-16
3095 19.21296992159556893 5.398534352955881133 8.195870659362505997e-16 9.343932914443366558e-16 0.349036340008716639 1.288627485222045665e-16 1.598169780583301635e-16
3096 19.21812051521575171 5.400332311937360963 8.20294009208934358e-16 9.351235603765543198e-16 0.3490759360966458336 1.37253901352188548e-16 1.417826066901597653e-16
3097 19.22327113946554888 5.402130483675585459 8.210318126461638174e-16 9.357491391283231231e-16 0.3491151332794474316 1.432445743901824182e-16 1.214561460721433307e-16
3098 19.22842179484199576 5.403928864718592351 8.21791876873023751e-16 9.362827503191555688e-16 0.3491536261430654986 1.475656018182054195e-16 1.03600003433150612e-16
3099 19.23357248184150592 5.405727450530966038 8.225648654966304501e-16 9.367458484545897786e-16 0.3491912043811347677 1.500739228527140826e-16 8.990941357729332385e-17
3100 19.23872320095987831 5.407526236101804606 8.233449499181088226e-16 9.371749818882812541e-16 0.3492277757278781647 1.514505963408612129e-16 8.331471909054524293e-17
3101 19.24387395269229728 5.409325216590582741 8.241214467590090522e-16 9.376146134319735091e-16 0.349263373311218428 1.507531113928031175e-16 8.53523409073952131e-17
3102 19.24902473753332899 5.411124387937729097 8.249030917482587363e-16 9.381110701458080972e-16 0.3492981487984352928 1.517516095371183676e-16 9.63840444524905579e-17
3103 19.25417555597692854 5.412923747379508654 8.257282355640188148e-16 9.386810754009262331e-16 0.3493323538143471296 1.601955811062375219e-16 1.10662312839547117e-16
3104 19.25932640851644351 5.414723293819934113 8.266423056500646127e-16 9.39343188944742949e-16 0.3493663121803786686 1.774587684221083408e-16 1.28543594014343205e-16
3105 19.26447729564461042 5.416523028023512154 8.27691067357951247e-16 9.401090467326035857e-16 0.349400385129217339 2.036065903042454993e-16 1.486836253379866859e-16
3106 19.26962821785355828 5.418322952602638409 8.289200358085103074e-16 9.409729517919411756e-16 0.3494349314366091419 2.385902783033831906e-16 1.677173636486094563e-16
3107 19.27477917563481569 5.420123071785767799 8.303427365830732453e-16 9.419262783161736201e-16 0.349470264861084734 2.761992767835326267e-16 1.850762305323439776e-16
3108 19.27993016947930016 5.421923390971277179 8.319339276707724846e-16 9.42931116762056631e-16 0.3495066125407221835 3.08907337900429553e-16 1.950752312134637863e-16
3109 19.28508119987732883 5.4237239161134152 8.33590068368558724e-16 9.439431813826395954e-16 0.3495440823984592993 3.215140777446380213e-16 1.964766783037457209e-16
3110 19.2902322673186184 5.425524653171645895 8.351931695593345972e-16 9.449132639323385019e-16 0.3495826754527287528 3.112150109486727528e-16 1.883251369675229647e-16
3111 19.29538337229228162 5.427325606333852193 8.366245696729027109e-16 9.457786472654982811e-16 0.349622047788647583 2.77880096724699686e-16 1.679983130104224662e-16
3112 19.30053451528683084 5.429126778204711457 8.377307125812018673e-16 9.464713536740566836e-16 0.3496618920702360134 2.14735766460429226e-16 1.344752476897820225e-16
3113 19.30568569679018154 5.430928169495033764 8.38413099886421073e-16 9.469739624455403558e-16 0.3497018406620928666 1.324709950367760833e-16 9.7570812885029575e-17
3114 19.3108369172896559 5.432729778973040879 8.38652517385430546e-16 9.472933979058060595e-16 0.3497415164814984823 4.647746373339189542e-17 6.201113152161584317e-17
3115 19.3159881772719757 5.434531603677485556 8.384605135059742873e-16 9.474948821207121743e-16 0.3497805838296030867 -3.727289835025931335e-17 3.911327564132356385e-17
3116 19.32113947722326941 5.436333639350586999 8.379212366438530954e-16 9.476550279867228479e-16 0.3498187910606070927 -1.046867066896157471e-16 3.10881932457861498e-17
3117 19.32629081762907575 5.438135881020426332 8.371652599467647266e-16 9.478822686253589097e-16 0.3498559995939922729 -1.467522294350153161e-16 4.411256387467983366e-17
3118 19.33144219897434724 5.439938323651380969 8.363470900077614085e-16 9.482819690452374446e-16 0.3498921971166230049 -1.588240716549557719e-16 7.759029646657810368e-17
3119 19.33659362174343954 5.441740962784498592 8.356133853218644847e-16 9.48941712993693886e-16 0.349927495625674656 -1.424264227642081365e-16 1.280691977646354947e-16
3120 19.34174508642012924 5.443543795101295935 8.350602625648539874e-16 9.498949709430372922e-16 0.3499621165581890403 -1.073710566181617932e-16 1.850444805486996251e-16
3121 19.34689659348760316 5.445346818858074478 8.34775751265728214e-16 9.511164018013418073e-16 0.3499963656524687217 -5.522829097883224305e-17 2.370996830714322079e-16
3122 19.35204814342846191 5.447150034149927933 8.347931360409673708e-16 9.525405543859905004e-16 0.350030599884459892 3.374640473226461475e-18 2.764489552543723171e-16
3123 19.3571997367247306 5.448953442973924588 8.35127332015602733e-16 9.540614016398884971e-16 0.3500651884823449134 6.487180016760639554e-17 2.952163001004211732e-16
3124 19.36235137385784455 5.45075704907226033 8.357603348301236705e-16 9.555576533859051135e-16 0.3501004702161836235 1.228730503941107725e-16 2.904394924842674854e-16
3125 19.36750305530866356 5.452560857552735563 8.366348970616697875e-16 9.569137964572764664e-16 0.3501367101742864918 1.697610061770960761e-16 2.632405150964475344e-16
3126 19.37265478155746834 5.45436487430904382 8.377134946614918184e-16 9.580177337880948315e-16 0.3501740609090960299 2.093644087815561214e-16 2.142830529539467004e-16
3127 19.37780655308396049 5.456169105519894202 8.389351003600779025e-16 9.588231992880178143e-16 0.3502125777431549514 2.371213168882166299e-16 1.563458980838263077e-16
3128 19.38295837036726965 5.457973556025290662 8.402502709340270368e-16 9.593139605421705705e-16 0.3502520008251344685 2.552805541489945825e-16 9.525897811017886193e-17
3129 19.38811023388595345 5.459778229038240838 8.416101358561060298e-16 9.595273365749467166e-16 0.3502920143539828279 2.63953535840577871e-16 4.141687707394723036e-17
3130 19.39326214411799043 5.461583125932060412 8.429561944253158065e-16 9.59544675592186201e-16 0.3503322612551675874 2.612712914227328962e-16 3.365520289985181499e-18
3131 19.39841410154079071 5.463388246099098566 8.442643330506682453e-16 9.594593433589976752e-16 0.3503723570461315107 2.539086437994590798e-16 -1.656291709559389263e-17
3132 19.40356610663119596 5.465193587080749538 8.455211223881344712e-16 9.593694742582198352e-16 0.350411942492835693 2.439395092239879284e-16 -1.744335640397039469e-17
3133 19.40871815986547588 5.466999144939136634 8.466930354647509971e-16 9.593624966124048863e-16 0.350450730517652409 2.274631033814445653e-16 -1.354329943934789356e-18
3134 19.41387026171933528 5.468804914806651318 8.477709706800396054e-16 9.595204670368303522e-16 0.3504885407156895782 2.092204258079519289e-16 3.066106292346033202e-17
3135 19.41902241266791407 5.470610891532396103 8.487443019455265086e-16 9.598617990887353472e-16 0.3505253181587796862 1.889156414061886582e-16 6.624976080048544665e-17
3136 19.42417461318578376 5.472417070343688295 8.495980663059992571e-16 9.603816841128680592e-16 0.3505611363126686642 1.65707073119969157e-16 1.009044529104239268e-16
3137 19.42932686374695805 5.474223447450489388 8.503256854277123387e-16 9.610465968562472265e-16 0.3505961859528494151 1.412221666995439827e-16 1.290516088486990252e-16
3138 19.43447916482488225 5.476030020534293108 8.509171044132928455e-16 9.618092116595612855e-16 0.3506307527343624497 1.147862137184192641e-16 1.480129450225820065e-16
3139 19.43963151689245095 5.477836789075968937 8.513564506051139421e-16 9.625894035306955217e-16 0.3506651859302413743 8.527014417672097187e-17 1.514228974225680505e-16
3140 19.44478392042199744 5.479643754487962148 8.516484835845821012e-16 9.633311100948629041e-16 0.3506998604574185774 5.667840926488128557e-17 1.439520573152080771e-16
3141 19.44993637588530078 5.481450920027104878 8.518127840055087168e-16 9.639676752529541535e-16 0.3507351342957243379 3.188746628373649857e-17 1.235447231453047565e-16
3142 19.4550888837535858 5.483258290479120056 8.518666155128077028e-16 9.644676149031650626e-16 0.3507713041792641095 1.04475250218629389e-17 9.702741511562846349e-17
3143 19.46024144449752669 5.48506587162873771 8.51887096093239488e-16 9.648135894796337586e-16 0.3508085639913053888 3.974794167608042079e-18 6.714544703795464997e-17
3144 19.46539405858725047 5.486873669714094071 8.519459242012560611e-16 9.650126180776812615e-16 0.3508470017198223045 1.141701912489947984e-17 3.86263197461511383e-17
3145 19.47054672649233353 5.488681690174458616 8.521196862708578641e-16 9.650932450633323932e-16 0.3508864623164124064 3.372238269641773591e-17 1.564745443016931546e-17
3146 19.47569944868180869 5.490489936750222455 8.524608755488429655e-16 9.651171809710894575e-16 0.3509266160738437335 6.621464150341101247e-17 4.645244307082581487e-18
3147 19.48085222562416519 5.492298411415160508 8.530111178550232281e-16 9.651626090879008896e-16 0.3509671201520340178 1.067844417895314772e-16 8.816145252317867751e-18
3148 19.48600505778734515 5.494107114150416749 8.537919477664550861e-16 9.652852465882426718e-16 0.3510075878639428715 1.515324870147088095e-16 2.379976119764878015e-17
3149 19.49115794563875426 5.495916042994513084 8.548000447782183611e-16 9.655357514997581773e-16 0.3510476422436338284 1.956351573956722027e-16 4.861394014748927625e-17
3150 19.49631088964525816 5.497725194352441669 8.559662857346850559e-16 9.659616154815851139e-16 0.3510869663249627792 2.263226885994693713e-16 8.264388316178782703e-17
3151 19.5014638902731825 5.499534563507681995 8.57218993123227664e-16 9.665946648125291213e-16 0.3511253425175727694 2.430998171944773065e-16 1.228492607572419299e-16
3152 19.50661694798832002 5.501344145258112661 8.584847517751165336e-16 9.674355917700711489e-16 0.351162676644470928 2.456297959887717157e-16 1.63188074372824565e-16
3153 19.511770063255927 5.503153934591361818 8.596590339953825078e-16 9.684424169777109456e-16 0.3511990055890677476 2.278755546083188053e-16 1.953796528849831482e-16
3154 19.51692323654072325 5.504963927322497064 8.606966461778683097e-16 9.695581584580217307e-16 0.3512344899787136487 2.01351739950094776e-16 2.165129633085657641e-16
3155 19.52207646830689924 5.506774120630229419 8.615643941665430513e-16 9.707197400725696534e-16 0.3512693944847713468 1.683871602249271993e-16 2.254057998358946615e-16
3156 19.52722975901811253 5.508584513441467045 8.622887022728880226e-16 9.71862164198876236e-16 0.3513040583893172197 1.405509211612869882e-16 2.216857189677950699e-16
3157 19.53238310913748776 5.510395106625699313 8.629046267842997656e-16 9.729337280781442596e-16 0.3513388586777402844 1.195178556704651198e-16 2.079329766735657138e-16
3158 19.53753651912762379 5.512205902971445859 8.634787209237066336e-16 9.739259647679876931e-16 0.351374167748344679 1.113995237052097426e-16 1.925375771395124682e-16
3159 19.54268998945058655 5.514016906930650386 8.640572020046145735e-16 9.748413695248446517e-16 0.3514103083835853347 1.122494592033840974e-16 1.776267060421888833e-16
3160 19.54784352056791619 5.515828124137739152 8.646871132445906054e-16 9.757129704401892073e-16 0.3514475100281918563 1.222276024995089873e-16 1.691249234145944631e-16
3161 19.55299711294062703 5.517639560792644282 8.653571376954934849e-16 9.765927422194047973e-16 0.35148588239935874 1.300095891937604804e-16 1.70708348696752351e-16
3162 19.55815076702920408 5.519451222860695339 8.660509089427128772e-16 9.775530944269585344e-16 0.3515253799594634243 1.346157241930708145e-16 1.863416917584824613e-16
3163 19.56330448329361715 5.521263114529596727 8.66740154332205608e-16 9.786279912020850377e-16 0.3515656577761446799 1.33735925212961308e-16 2.085647824728607272e-16
3164 19.5684582621933032 5.523075238304254952 8.674051386854569937e-16 9.798280322536378988e-16 0.3516063893323744249 1.290269189549803893e-16 2.32843974063877033e-16
3165 19.573612104187184 5.52488759470506352 8.680328405967071165e-16 9.811356863520904258e-16 0.3516471895855883267 1.217915046346142997e-16 2.537210056840184564e-16
3166 19.57876600973366266 5.526700182243313719 8.686511902791366633e-16 9.824775406955309601e-16 0.3516876687416727876 1.199754239128874161e-16 2.603535641048122108e-16
3167 19.58391997929061645 5.528512997669097651 8.693068094799173188e-16 9.838024755620520353e-16 0.3517274851239923783 1.272050587223135978e-16 2.570675436265116179e-16
3168 19.58907401331541109 5.530326036443756088 8.700472572492196471e-16 9.850136239440638691e-16 0.3517663887382285193 1.436619235602587378e-16 2.349874136843708852e-16
3169 19.59422811226489358 5.532139293360820886 8.709340321148745538e-16 9.860647125074969718e-16 0.3518042500767389891 1.720501731787837216e-16 2.039299673106400025e-16
3170 19.59938227659539578 5.533952763229422089 8.719898051968128392e-16 9.869130511144103312e-16 0.3518410722303364491 2.048362311460416218e-16 1.64590749611443052e-16
3171 19.60453650676274151 5.535766441538798155 8.731965400472657854e-16 9.875688521731234553e-16 0.3518769872140535826 2.341221270323466475e-16 1.272338647701578741e-16
3172 19.60969080322223945 5.537580325035087903 8.745217340364234065e-16 9.880523523811544782e-16 0.3519122389394673811 2.571013985780197648e-16 9.380406243507095328e-17
3173 19.61484516642869025 5.539394412155685288 8.759056242799459753e-16 9.884080244312018849e-16 0.3519471555748504565 2.684855811529168183e-16 6.900317240026506299e-17
3174 19.6199995968363865 5.541208703278846848 8.772828331813340474e-16 9.887029968370406299e-16 0.3519821136962268948 2.671858413037001957e-16 5.722621334785728463e-17
3175 19.62515409489911278 5.54302320075718491 8.785871825837849745e-16 9.890270594727931704e-16 0.3520174963575501415 2.530473679394299586e-16 6.286904173882885097e-17
3176 19.63030866107015271 5.544837908716536923 8.797846343740662091e-16 9.894335490431550486e-16 0.3520536475730666193 2.323058475546282039e-16 7.885904462412753754e-17
3177 19.63546329580227834 5.546652832620954321 8.808781479855458259e-16 9.89971772764527611e-16 0.3520908269472177721 2.121389832415459329e-16 1.044140939900581705e-16
3178 19.64061799954776788 5.548467978633292219 8.818775122914212309e-16 9.90649218926155576e-16 0.3521291700274990499 1.938716341225577403e-16 1.314211380301715885e-16
3179 19.64577277275839506 5.55028335304331133 8.828113551016490607e-16 9.914417198192884141e-16 0.3521687014095157275 1.811583373565163311e-16 1.537390903277229699e-16
3180 19.65092761588543269 5.552098960475579936 8.837201114078095241e-16 9.922986212108486594e-16 0.352209098038755275 1.762893416501657389e-16 1.662300235533146288e-16
3181 19.65608252937965617 5.553914803894357988 8.84620631413517899e-16 9.931725464954819365e-16 0.3522500378245920216 1.746891845366245178e-16 1.695301540785041512e-16
3182 19.66123751369134709 5.555730884299998174 8.855219753326154893e-16 9.940091272296446606e-16 0.3522911398006331463 1.748465957922718343e-16 1.622835527865881355e-16
3183 19.66639256927028612 5.557547200636907547 8.863885800677062077e-16 9.947652174162368399e-16 0.3523320051675778997 1.681053998125235812e-16 1.466676074624838577e-16
3184 19.67154769656576363 5.559363749984067127 8.871778453463228995e-16 9.954435282765059783e-16 0.35237227210476052 1.531008226968802688e-16 1.315780049686641025e-16
3185 19.67670289602657618 5.561180527988405231 8.87846397082688517e-16 9.960566425171222959e-16 0.3524116628767245962 1.296831140453895581e-16 1.189295602176252491e-16
3186 19.68185816810102295 5.562997529468559854 8.883455860288398227e-16 9.966504702577836193e-16 0.3524500168771634301 9.68293941515908921e-17 1.151868061221404259e-16
3187 19.68701351323691995 5.564814749102244384 8.886586383204445064e-16 9.972549084841354227e-16 0.3524873068384639097 6.072296222310882405e-17 1.17243286726378416e-16
3188 19.6921689318815929 5.566632182112312144 8.887927089356876982e-16 9.979123338379886108e-16 0.3525236385693620855 2.600539378836471543e-17 1.275194059666475307e-16
3189 19.69732442448187371 5.568449824878111798 8.887874899586004323e-16 9.986443187307510089e-16 0.3525592364546601409 -1.01229934264296765e-18 1.419795131058701039e-16
3190 19.70247999148411111 5.57026767541310619 8.887293970024252516e-16 9.994429326951152689e-16 0.3525944175066827446 -1.126784168969300155e-17 1.549009779170688221e-16
3191 19.70763563333417068 5.572085733662796692 8.887019835408306344e-16 1.000304958704241727e-15 0.3526295565046153602 -5.31709960669799828e-18 1.671980803395639794e-16
3192 19.7127913504774277 5.573904001588307899 8.888146656952028901e-16 1.001202823210064413e-15 0.3526650444177593102 2.185544628447298063e-17 1.741467367841569234e-16
3193 19.7179471433587814 5.575722483013404229 8.891339454913110456e-16 1.002120768737638018e-15 0.3527012425201322965 6.19255051191761981e-17 1.780389525418615164e-16
3194 19.72310301242264785 5.577541183230748878 8.897101030093268569e-16 1.003020898270129317e-15 0.3527384356979907376 1.117462348562989074e-16 1.745808793491799005e-16
3195 19.72825895811295993 5.579360108390618578 8.905529157756103228e-16 1.003871986635657252e-15 0.3527767902626954832 1.634618009809368694e-16 1.650668364179900161e-16
3196 19.73341498087317447 5.581179264926370287 8.916413150904332285e-16 1.004675054979861851e-15 0.3528163610864415434 2.1108963308986178e-16 1.557511106590451795e-16
3197 19.73857108114627223 5.582998657888704308 8.929380544183912209e-16 1.005416512645462118e-15 0.352856879981800986 2.514923399648026465e-16 1.43799851894896469e-16
3198 19.74372725937476147 5.584818290630791715 8.943850872624187823e-16 1.006083590794725411e-15 0.3528980177101820881 2.806363121565631274e-16 1.293725657314163514e-16
3199 19.74888351600066727 5.586638164568176634 8.959208160742353046e-16 1.006670991578206039e-15 0.3529393984890565883 2.978333784282780021e-16 1.139182637516177587e-16
3200 19.75403985146555286 5.588458279027571862 8.974988854234267049e-16 1.007169157807516824e-15 0.3529806172354915672 3.060400350332817781e-16 9.661096982131711702e-17
3201 19.7591962662105054 5.590278631385761976 8.990649730027074805e-16 1.007608470383371311e-15 0.3530212958281377378 3.03711676550213494e-16 8.519597544068671092e-17
3202 19.76435276067614311 5.592099217466653727 9.006094090533031764e-16 1.008034856588203451e-15 0.3530611331686913656 2.995081352389526243e-16 8.268787629737736525e-17
3203 19.76950933530261523 5.593920032127768671 9.020923991456222177e-16 1.008467630205340325e-15 0.353099941912595694 2.875875983634197424e-16 8.392525737835787617e-17
3204 19.77466599052960916 5.595741069949198732 9.035055325021723045e-16 1.008937504299731564e-15 0.3531376683307017039 2.740363833742963875e-16 9.111850404734875553e-17
3205 19.77982272679633979 5.597562325937181171 9.048231864990846024e-16 1.009466536874236329e-15 0.3531743951334339604 2.555168830879704034e-16 1.025889609914484187e-16
3206 19.78497954454156371 5.599383796164795868 9.060085104783084313e-16 1.010075980846653813e-15 0.3532103292669261929 2.298520539300569126e-16 1.181803045165692974e-16
3207 19.7901364442035721 5.601205478286730433 9.070479365578356073e-16 1.010780816438869551e-15 0.3532457774843617004 2.015570494868528877e-16 1.36675984120904074e-16
3208 19.79529342622019428 5.603027371878744667 9.079035050759625534e-16 1.011571300221353532e-15 0.3532811123438864276 1.659022234312390456e-16 1.532817235813280126e-16
3209 19.80045049102880128 5.604849478564180032 9.085371407847693695e-16 1.012448398278982204e-15 0.3533167309112205667 1.228655264885059609e-16 1.700742447667646408e-16
3210 19.80560763906630228 5.606671801902112229 9.089582820957649886e-16 1.013410344655642662e-15 0.353353008538493496 8.166034323468210305e-17 1.865237848686868355e-16
3211 19.81076487076915171 5.608494347028941007 9.091825583850925159e-16 1.014439469968677755e-15 0.3533902510577512368 4.348701879864608097e-17 1.995466929130105549e-16
3212 19.8159221865733457 5.610317120071560915 9.09233306757663923e-16 1.015474895599854978e-15 0.353428650496833141 9.839913370143352167e-18 2.007650294140826482e-16
3213 19.82107958691442562 5.612140127556922486 9.09164204267689573e-16 1.016477342569529991e-15 0.3534682843881850611 -1.339848507167990278e-17 1.943673920191633613e-16
3214 19.82623707222747811 5.613963374896802527 9.090835585395371592e-16 1.017394111905045445e-15 0.3535089364710814475 -1.563637854639071577e-17 1.777521599503520378e-16
3215 19.83139464294713505 5.615786865765485025 9.090683942402627463e-16 1.018183559467820688e-15 0.3535502698394278887 -2.940152973888049788e-18 1.530632281393709521e-16
3216 19.83655229950757715 5.617610601925457914 9.09215132568124351e-16 1.018824484367315251e-15 0.3535919138140815043 2.845010551264745147e-17 1.242646095402180716e-16
3217 19.84171004234253388 5.619434583026092334 9.096002026976260179e-16 1.019336919320465825e-15 0.3536334587090089188 7.465739732382486696e-17 9.935088953661932235e-17
3218 19.84686787188528356 5.621258806698272714 9.102540816138092434e-16 1.019758889567806412e-15 0.3536745132117676826 1.267719035265986734e-16 8.181021006030565893e-17
3219 19.8520257885686604 5.623083268919872424 9.112086043703396311e-16 1.020164689404043925e-15 0.3537147568927098695 1.850566050519256977e-16 7.867380794325212633e-17
3220 19.85718379282504742 5.624907964586872922 9.124252971648693816e-16 1.02062004268415228e-15 0.3537539800669798895 2.358803861748948493e-16 8.827939808707229406e-17
3221 19.86234188508638354 5.626732888203203942 9.138464185959479914e-16 1.021195275505706157e-15 0.3537921068017861881 2.75508268194381727e-16 1.115185479643209166e-16
3222 19.86750006578416361 5.628558034599010718 9.153742183854229549e-16 1.021938325971299881e-15 0.3538292004153879566 2.961845576589148269e-16 1.440503362981467275e-16
3223 19.87265833534943482 5.630383399596240679 9.16875638504923022e-16 1.022825516025366646e-15 0.3538654532535061015 2.91065464669840651e-16 1.719907586048416276e-16
3224 19.87781669421280384 5.632208980554869626 9.182742183356772953e-16 1.023835974226939015e-15 0.3539011635379645249 2.711241191825014752e-16 1.95884127489714818e-16
3225 19.88297514280443679 5.634034776747225415 9.194854616674138232e-16 1.024930596751428156e-15 0.3539367020342161774 2.348035733619176459e-16 2.121962395978722995e-16
3226 19.8881336815540557 5.635860789520068082 9.204719096383538153e-16 1.026000387733511147e-15 0.3539724709010391157 1.912228823818087697e-16 2.073789202942309443e-16
3227 19.89329231089094918 5.637687022216303134 9.212346976953753316e-16 1.026973914477645582e-15 0.3540088570932968803 1.478638121129569383e-16 1.887147737259223797e-16
3228 19.8984510312439653 5.639513479844911359 9.218134874126049082e-16 1.027792864294255807e-15 0.3540461835566548476 1.121943850529112223e-16 1.587477599007495392e-16
3229 19.9036098430415116 5.641340168513320208 9.223005654571329781e-16 1.028418466872963787e-15 0.3540846631837125669 9.441502995207331912e-17 1.212665749777828387e-16
3230 19.90876874671156571 5.64316709481489287 9.227782028039194184e-16 1.028874278972312551e-15 0.3541243901253460225 9.258339210852402691e-17 8.835286982004290252e-17
3231 19.91392774268166832 5.644994264457073641 9.233294983725109752e-16 1.029216524557934599e-15 0.3541651926145048535 1.068590987559976005e-16 6.633837983898373201e-17
3232 19.91908683137893021 5.646821681370723489 9.240427494399217942e-16 1.029525332230548622e-15 0.3542067262588132759 1.382488712351491356e-16 5.985593869859337812e-17
3233 19.9242460132300252 5.648649347594975723 9.249358433811211039e-16 1.029901095866522912e-15 0.3542486243724675132 1.731045285551179931e-16 7.28326372544244059e-17
3234 19.92940528866120076 5.650477263035352138 9.260003880299766636e-16 1.030402607598468442e-15 0.3542904734140141509 2.063323167376096369e-16 9.720407465733473578e-17
3235 19.93456465809826739 5.652305425522745175 9.272178712216699303e-16 1.031073571385207561e-15 0.3543318713031265443 2.359708727028729438e-16 1.300452535107701204e-16
3236 19.93972412196661637 5.654133831153766998 9.285563585585981958e-16 1.031923590395719804e-15 0.3543724819542943272 2.59418955840046908e-16 1.647464552465166783e-16
3237 19.94488368069120554 5.655962474850149135 9.299548465559918182e-16 1.032924742931155639e-15 0.3544120777250807652 2.71042980002240383e-16 1.940348198533598684e-16
3238 19.95004333469656643 5.657791351050283524 9.313737031592136959e-16 1.034008457045488219e-15 0.3544505650158250032 2.749855483117826102e-16 2.100323029587872661e-16
3239 19.95520308440680779 5.659620454440482895 9.32788377810762695e-16 1.035128646295485293e-15 0.3544879919560630088 2.74169945332673181e-16 2.170974259683385819e-16
3240 19.96036293024560848 5.661449780641736318 9.341798405976650381e-16 1.036219898236947076e-15 0.3545245397659172459 2.696663415141729214e-16 2.114852955423685656e-16
3241 19.96552287263622816 5.663279326782054035 9.355424701196561592e-16 1.03722431749577223e-15 0.3545605005708881707 2.640734741601153102e-16 1.946534101240502459e-16
3242 19.97068291200150369 5.665109091899056537 9.368797725076322216e-16 1.038104606801021912e-15 0.3545962444939487201 2.591602605835425068e-16 1.7059418108320494e-16
3243 19.9758430487638492 5.666939077130069613 9.381516927039741477e-16 1.038852389072212281e-15 0.3546321784683333922 2.464849565025322324e-16 1.449124568646776302e-16
3244 19.98100328334525955 5.668769285659329249 9.393348021208181736e-16 1.039459343900822171e-15 0.3546686991656842758 2.292699827011337738e-16 1.176193182765565002e-16
3245 19.98616361616731041 5.670599722408394605 9.403845066056274551e-16 1.039949050527102895e-15 0.3547061432348272425 2.034140920374170324e-16 9.489644961141645821e-17
3246 19.99132404765116533 5.672430393481161737 9.412721523577835801e-16 1.040356188189904915e-15 0.3547447397535886671 1.720066843390245052e-16 7.889453566133913189e-17
3247 19.99648457821756153 5.673676916096356493 9.417973919547522755e-16 1.04061233982226346e-15 0.3545869293471337058 1.494101218785777542e-16 7.286512066292875744e-17
