time	cycle	diagnostic	maximum	radius	r_over_r_core	level	rank	gid	x	y	z	i	j	k
0.00000000000000000e+00	0	reference_Ricci	0.00000000000000000e+00	3.42801722331340297e+00	1.14267240777113432e+01	3	0	0	-1.97916666666666674e+00	-1.97916666666666674e+00	-1.97916666666666674e+00	0	0	0
0.00000000000000000e+00	0	reference_Riemann	0.00000000000000000e+00	3.42801722331340297e+00	1.14267240777113432e+01	3	0	0	-1.97916666666666674e+00	-1.97916666666666674e+00	-1.97916666666666674e+00	0	0	0
0.00000000000000000e+00	0	spin_connection	0.00000000000000000e+00	3.42801722331340297e+00	1.14267240777113432e+01	3	0	0	-1.97916666666666674e+00	-1.97916666666666674e+00	-1.97916666666666674e+00	0	0	0
0.00000000000000000e+00	0	spin_derivative	0.00000000000000000e+00	3.42801722331340297e+00	1.14267240777113432e+01	3	0	0	-1.97916666666666674e+00	-1.97916666666666674e+00	-1.97916666666666674e+00	0	0	0
0.00000000000000000e+00	0	Psi	2.00000000000011502e+00	3.60843918243516498e-02	1.20281306081172171e-01	3	3	57	2.08333333333333287e-02	-2.08333333333333703e-02	-2.08333333333333703e-02	0	15	15
0.00000000000000000e+00	0	Q	3.19983816970116475e-11	3.60843918243516498e-02	1.20281306081172171e-01	3	3	58	-2.08333333333333703e-02	2.08333333333333287e-02	-2.08333333333333703e-02	15	0	15
0.00000000000000000e+00	0	Delta	1.60104595052710260e-11	3.60843918243516498e-02	1.20281306081172171e-01	3	3	58	-2.08333333333333703e-02	2.08333333333333287e-02	-2.08333333333333703e-02	15	0	15
0.00000000000000000e+00	0	Pi	3.19707238688621186e-11	3.60843918243516498e-02	1.20281306081172171e-01	3	3	57	2.08333333333333287e-02	-2.08333333333333703e-02	-2.08333333333333703e-02	0	15	15
0.00000000000000000e+00	0	Phi	8.92048749065036205e-13	3.60843918243516498e-02	1.20281306081172171e-01	3	3	57	2.08333333333333287e-02	-2.08333333333333703e-02	-2.08333333333333703e-02	0	15	15
0.00000000000000000e+00	0	GH_constraint	1.03537292606268970e-09	3.60843918243516776e-02	1.20281306081172268e-01	3	3	56	-2.08333333333333703e-02	-2.08333333333333703e-02	-2.08333333333333703e-02	15	15	15
0.00000000000000000e+00	0	reduction_constraint	9.20140014204033852e-14	1.48779758927976069e-01	4.95932529759920249e-01	3	3	61	2.08333333333333287e-02	-1.45833333333333370e-01	2.08333333333333287e-02	0	12	0
0.00000000000000000e+00	0	curl_constraint	1.43754284980724832e-13	1.48779758927976014e-01	4.95932529759920082e-01	3	3	63	1.45833333333333315e-01	2.08333333333333287e-02	2.08333333333333287e-02	3	0	0
0.00000000000000000e+00	0	source_curvature	6.09410749307282455e-10	3.60843918243516013e-02	1.20281306081172004e-01	3	3	63	2.08333333333333287e-02	2.08333333333333287e-02	2.08333333333333287e-02	0	0	0
0.00000000000000000e+00	0	source_QQ	2.04447239399329170e-21	3.60843918243516498e-02	1.20281306081172171e-01	3	3	58	-2.08333333333333703e-02	2.08333333333333287e-02	-2.08333333333333703e-02	15	0	15
0.00000000000000000e+00	0	source_DeltaDelta	5.11120469815567780e-22	3.60843918243516498e-02	1.20281306081172171e-01	3	3	58	-2.08333333333333703e-02	2.08333333333333287e-02	-2.08333333333333703e-02	15	0	15
0.00000000000000000e+00	0	source_damping	0.00000000000000000e+00	3.42801722331340297e+00	1.14267240777113432e+01	3	0	0	-1.97916666666666674e+00	-1.97916666666666674e+00	-1.97916666666666674e+00	0	0	0
0.00000000000000000e+00	0	source_frame_correction	7.46083735372001696e-11	3.60843918243516498e-02	1.20281306081172171e-01	3	3	58	-2.08333333333333703e-02	2.08333333333333287e-02	-2.08333333333333703e-02	15	0	15
0.00000000000000000e+00	0	Psi_RHS_Linf	1.19704246515084371e-14	1.48779758927976097e-01	4.95932529759920360e-01	3	3	56	-2.08333333333333703e-02	-2.08333333333333703e-02	-1.45833333333333370e-01	15	15	12
0.00000000000000000e+00	0	Pi_RHS_Linf	3.12088875634629700e-12	1.60023869747262654e-01	5.33412899157542197e-01	3	3	59	6.24999999999999861e-02	1.45833333333333315e-01	-2.08333333333333703e-02	1	3	15
0.00000000000000000e+00	0	Phi_RHS_Linf	1.33892221703576631e-14	1.60023869747262654e-01	5.33412899157542197e-01	3	3	63	2.08333333333333287e-02	1.45833333333333315e-01	6.24999999999999861e-02	0	3	1
0.00000000000000000e+00	0	Hhat_RHS_Linf	3.47833922369627678e-12	1.48779758927976069e-01	4.95932529759920249e-01	3	3	60	-2.08333333333333703e-02	-1.45833333333333370e-01	2.08333333333333287e-02	15	12	0
0.00000000000000000e+00	0	theta_RHS_Linf	5.84252885406934375e-11	1.48779758927976014e-01	4.95932529759920082e-01	3	3	63	2.08333333333333287e-02	1.45833333333333315e-01	2.08333333333333287e-02	0	3	0
0.00000000000000000e+00	0	Upsilon_RHS_Linf	2.27966844970735440e-15	2.31052843883529535e-01	7.70176146278431784e-01	3	3	56	-2.08333333333333703e-02	-2.29166666666666685e-01	-2.08333333333333703e-02	15	10	15
0.00000000000000000e+00	0	chi_beta	3.88264775877866910e+01	3.60843918243516776e-02	1.20281306081172268e-01	3	3	56	-2.08333333333333703e-02	-2.08333333333333703e-02	-2.08333333333333703e-02	15	15	15
0.00000000000000000e+00	0	chi_beta_near_r_lt_1	3.88264775877866910e+01	3.60843918243516776e-02	1.20281306081172268e-01	3	3	56	-2.08333333333333703e-02	-2.08333333333333703e-02	-2.08333333333333703e-02	15	15	15
0.00000000000000000e+00	0	chi_beta_inner_r_lt_0p5	3.88264775877866910e+01	3.60843918243516776e-02	1.20281306081172268e-01	3	3	56	-2.08333333333333703e-02	-2.08333333333333703e-02	-2.08333333333333703e-02	15	15	15
0.00000000000000000e+00	0	chi_beta_annulus_0p5_1	1.91125488339994543e+00	5.01300392313165144e-01	1.67100130771055055e+00	3	3	57	4.79166666666666574e-01	-1.04166666666666630e-01	-1.04166666666666630e-01	11	13	13
0.00000000000000000e+00	0	chi_beta_annulus_1_1p5	7.77645210784213115e-01	1.00065082987690235e+00	3.33550276625634146e+00	3	1	28	-2.08333333333333703e-02	-5.20833333333333370e-01	-8.54166666666666741e-01	15	3	11
0.00000000000000000e+00	0	chi_beta_annulus_1p5_2	4.38254956725824207e-01	1.50043396500256998e+00	5.00144655000856719e+00	3	2	39	-8.95833333333333481e-01	-1.10416666666666674e+00	4.79166666666666574e-01	10	5	11
0.00000000000000000e+00	0	chi_beta_outer_r_ge_2	2.84571871002504861e-01	2.00032549434669082e+00	6.66775164782230334e+00	3	4	72	9.79166666666666630e-01	-2.29166666666666685e-01	-1.72916666666666674e+00	7	10	6
0.00000000000000000e+00	0	chi_beta_first_ge_1	1.00000000000000000e+00	3.60843918243516776e-02	1.20281306081172268e-01	3	3	56	-2.08333333333333703e-02	-2.08333333333333703e-02	-2.08333333333333703e-02	15	15	15
5.10674585007534557e-02	15	reference_Ricci	0.00000000000000000e+00	3.42801722331340297e+00	1.18224445070954989e+01	3	0	0	-1.97916666666666674e+00	-1.97916666666666674e+00	-1.97916666666666674e+00	0	0	0
5.10674585007534557e-02	15	reference_Riemann	0.00000000000000000e+00	3.42801722331340297e+00	1.18224445070954989e+01	3	0	0	-1.97916666666666674e+00	-1.97916666666666674e+00	-1.97916666666666674e+00	0	0	0
5.10674585007534557e-02	15	spin_connection	0.00000000000000000e+00	3.42801722331340297e+00	1.18224445070954989e+01	3	0	0	-1.97916666666666674e+00	-1.97916666666666674e+00	-1.97916666666666674e+00	0	0	0
5.10674585007534557e-02	15	spin_derivative	0.00000000000000000e+00	3.42801722331340297e+00	1.18224445070954989e+01	3	0	0	-1.97916666666666674e+00	-1.97916666666666674e+00	-1.97916666666666674e+00	0	0	0
5.10674585007534557e-02	15	Psi	2.00000000000006040e+00	3.60843918243516498e-02	1.24446784285215925e-01	3	3	58	-2.08333333333333703e-02	2.08333333333333287e-02	-2.08333333333333703e-02	15	0	15
5.10674585007534557e-02	15	Q	3.74784988464470529e-10	3.60843918243516290e-02	1.24446784285215856e-01	3	3	61	2.08333333333333287e-02	-2.08333333333333703e-02	2.08333333333333287e-02	0	15	0
5.10674585007534557e-02	15	Delta	2.34945193782295787e-10	3.60843918243516290e-02	1.24446784285215856e-01	3	3	61	2.08333333333333287e-02	-2.08333333333333703e-02	2.08333333333333287e-02	0	15	0
5.10674585007534557e-02	15	Pi	3.16960569000056580e-10	3.60843918243516290e-02	1.24446784285215856e-01	3	3	61	2.08333333333333287e-02	-2.08333333333333703e-02	2.08333333333333287e-02	0	15	0
5.10674585007534557e-02	15	Phi	8.38601075800557651e-13	3.60843918243516498e-02	1.24446784285215925e-01	3	3	58	-2.08333333333333703e-02	2.08333333333333287e-02	-2.08333333333333703e-02	15	0	15
5.10674585007534557e-02	15	GH_constraint	8.40951475804870860e-10	3.60843918243516776e-02	1.24446784285216022e-01	3	3	56	-2.08333333333333703e-02	-2.08333333333333703e-02	-2.08333333333333703e-02	15	15	15
5.10674585007534557e-02	15	reduction_constraint	7.30961565076754891e-13	3.42801722331340297e+00	1.18224445070954989e+01	3	11	215	1.97916666666666652e+00	1.97916666666666652e+00	1.97916666666666652e+00	15	15	15
5.10674585007534557e-02	15	curl_constraint	1.40383871077488224e-13	1.48779758927976014e-01	5.13107236376400544e-01	3	3	63	1.45833333333333315e-01	2.08333333333333287e-02	2.08333333333333287e-02	3	0	0
5.10674585007534557e-02	15	source_curvature	6.09351652249514345e-10	3.60843918243516013e-02	1.24446784285215759e-01	3	3	63	2.08333333333333287e-02	2.08333333333333287e-02	2.08333333333333287e-02	0	0	0
5.10674585007534557e-02	15	source_QQ	1.66692910362823991e-19	3.60843918243516290e-02	1.24446784285215856e-01	3	3	61	2.08333333333333287e-02	-2.08333333333333703e-02	2.08333333333333287e-02	0	15	0
5.10674585007534557e-02	15	source_DeltaDelta	1.10382828231365439e-19	3.60843918243516290e-02	1.24446784285215856e-01	3	3	61	2.08333333333333287e-02	-2.08333333333333703e-02	2.08333333333333287e-02	0	15	0
5.10674585007534557e-02	15	source_damping	0.00000000000000000e+00	3.42801722331340297e+00	1.18224445070954989e+01	3	0	0	-1.97916666666666674e+00	-1.97916666666666674e+00	-1.97916666666666674e+00	0	0	0
5.10674585007534557e-02	15	source_frame_correction	1.06626588756205365e-09	3.60843918243516290e-02	1.24446784285215856e-01	3	3	61	2.08333333333333287e-02	-2.08333333333333703e-02	2.08333333333333287e-02	0	15	0
5.10674585007534557e-02	15	Psi_RHS_Linf	2.30986272982973401e-14	1.48779758927976014e-01	5.13107236376400544e-01	3	3	63	2.08333333333333287e-02	1.45833333333333315e-01	2.08333333333333287e-02	0	3	0
5.10674585007534557e-02	15	Pi_RHS_Linf	1.07898187356981630e-11	1.48779758927976014e-01	5.13107236376400544e-01	3	3	63	1.45833333333333315e-01	2.08333333333333287e-02	2.08333333333333287e-02	3	0	0
5.10674585007534557e-02	15	Phi_RHS_Linf	1.56131957399959075e-13	1.48779758927976069e-01	5.13107236376400766e-01	3	3	61	2.08333333333333287e-02	-1.45833333333333370e-01	2.08333333333333287e-02	0	12	0
5.10674585007534557e-02	15	Hhat_RHS_Linf	1.01511032046283070e-11	1.48779758927976014e-01	5.13107236376400544e-01	3	3	63	2.08333333333333287e-02	1.45833333333333315e-01	2.08333333333333287e-02	0	3	0
5.10674585007534557e-02	15	theta_RHS_Linf	4.75043220348851836e-11	1.48779758927976014e-01	5.13107236376400544e-01	3	3	63	2.08333333333333287e-02	1.45833333333333315e-01	2.08333333333333287e-02	0	3	0
5.10674585007534557e-02	15	Upsilon_RHS_Linf	6.76306415300274612e-15	1.48779758927976014e-01	5.13107236376400544e-01	3	3	63	2.08333333333333287e-02	1.45833333333333315e-01	2.08333333333333287e-02	0	3	0
5.10674585007534557e-02	15	chi_beta	3.88264775877839838e+01	3.60843918243516776e-02	1.24446784285216022e-01	3	3	56	-2.08333333333333703e-02	-2.08333333333333703e-02	-2.08333333333333703e-02	15	15	15
5.10674585007534557e-02	15	chi_beta_near_r_lt_1	3.88264775877839838e+01	3.60843918243516776e-02	1.24446784285216022e-01	3	3	56	-2.08333333333333703e-02	-2.08333333333333703e-02	-2.08333333333333703e-02	15	15	15
5.10674585007534557e-02	15	chi_beta_inner_r_lt_0p5	3.88264775877839838e+01	3.60843918243516776e-02	1.24446784285216022e-01	3	3	56	-2.08333333333333703e-02	-2.08333333333333703e-02	-2.08333333333333703e-02	15	15	15
5.10674585007534557e-02	15	chi_beta_annulus_0p5_1	1.91125488339994787e+00	5.01300392313165144e-01	1.72886998034950223e+00	3	3	60	-1.04166666666666630e-01	-1.04166666666666630e-01	4.79166666666666574e-01	13	13	11
5.10674585007534557e-02	15	chi_beta_annulus_1_1p5	7.77645210784213448e-01	1.00065082987690235e+00	3.45101501437735880e+00	3	1	29	6.45833333333333148e-01	-2.29166666666666685e-01	-7.29166666666666741e-01	15	10	14
5.10674585007534557e-02	15	chi_beta_annulus_1p5_2	4.38254956725824651e-01	1.50043396500256976e+00	5.17465232297124889e+00	3	4	86	9.79166666666666630e-01	-1.10416666666666674e+00	2.70833333333333259e-01	7	5	6
5.10674585007534557e-02	15	chi_beta_outer_r_ge_2	2.84571871002505139e-01	2.00032549434669127e+00	6.89866345834286054e+00	3	0	12	-2.70833333333333370e-01	-1.52083333333333348e+00	-1.27083333333333348e+00	9	11	1
5.10674585007534557e-02	15	chi_beta_first_ge_1	1.00000000000000000e+00	3.60843918243516776e-02	1.24446784285216022e-01	3	3	56	-2.08333333333333703e-02	-2.08333333333333703e-02	-2.08333333333333703e-02	15	15	15
1.02134917001506967e-01	30	reference_Ricci	0.00000000000000000e+00	3.42801722331340297e+00	1.22318691842734264e+01	3	0	0	-1.97916666666666674e+00	-1.97916666666666674e+00	-1.97916666666666674e+00	0	0	0
1.02134917001506967e-01	30	reference_Riemann	0.00000000000000000e+00	3.42801722331340297e+00	1.22318691842734264e+01	3	0	0	-1.97916666666666674e+00	-1.97916666666666674e+00	-1.97916666666666674e+00	0	0	0
1.02134917001506967e-01	30	spin_connection	0.00000000000000000e+00	3.42801722331340297e+00	1.22318691842734264e+01	3	0	0	-1.97916666666666674e+00	-1.97916666666666674e+00	-1.97916666666666674e+00	0	0	0
1.02134917001506967e-01	30	spin_derivative	0.00000000000000000e+00	3.42801722331340297e+00	1.22318691842734264e+01	3	0	0	-1.97916666666666674e+00	-1.97916666666666674e+00	-1.97916666666666674e+00	0	0	0
1.02134917001506967e-01	30	Psi	2.00000000000014611e+00	3.60843918243516498e-02	1.28756517729194109e-01	3	3	60	-2.08333333333333703e-02	-2.08333333333333703e-02	2.08333333333333287e-02	15	15	0
1.02134917001506967e-01	30	Q	2.55457632360788868e-09	3.60843918243516290e-02	1.28756517729194025e-01	3	3	61	2.08333333333333287e-02	-2.08333333333333703e-02	2.08333333333333287e-02	0	15	0
1.02134917001506967e-01	30	Delta	1.57638648066395534e-09	3.60843918243516290e-02	1.28756517729194025e-01	3	3	61	2.08333333333333287e-02	-2.08333333333333703e-02	2.08333333333333287e-02	0	15	0
1.02134917001506967e-01	30	Pi	2.19710162356437665e-09	3.60843918243516290e-02	1.28756517729194025e-01	3	3	61	2.08333333333333287e-02	-2.08333333333333703e-02	2.08333333333333287e-02	0	15	0
1.02134917001506967e-01	30	Phi	9.14481672573964803e-13	3.60843918243516290e-02	1.28756517729194025e-01	3	3	61	2.08333333333333287e-02	-2.08333333333333703e-02	2.08333333333333287e-02	0	15	0
1.02134917001506967e-01	30	GH_constraint	1.01794375576731091e-09	3.60843918243516776e-02	1.28756517729194192e-01	3	3	56	-2.08333333333333703e-02	-2.08333333333333703e-02	-2.08333333333333703e-02	15	15	15
1.02134917001506967e-01	30	reduction_constraint	1.57860176932960235e-12	3.42801722331340297e+00	1.22318691842734264e+01	3	0	0	-1.97916666666666674e+00	-1.97916666666666674e+00	-1.97916666666666674e+00	0	0	0
1.02134917001506967e-01	30	curl_constraint	1.29918990897357662e-13	1.48779758927976014e-01	5.30876722584179617e-01	3	3	63	1.45833333333333315e-01	2.08333333333333287e-02	2.08333333333333287e-02	3	0	0
1.02134917001506967e-01	30	source_curvature	6.08689097940027884e-10	3.60843918243516013e-02	1.28756517729193942e-01	3	3	63	2.08333333333333287e-02	2.08333333333333287e-02	2.08333333333333287e-02	0	0	0
1.02134917001506967e-01	30	source_QQ	7.89916343179528838e-18	3.60843918243516290e-02	1.28756517729194025e-01	3	3	61	2.08333333333333287e-02	-2.08333333333333703e-02	2.08333333333333287e-02	0	15	0
1.02134917001506967e-01	30	source_DeltaDelta	4.96990584835303672e-18	3.60843918243516290e-02	1.28756517729194025e-01	3	3	61	2.08333333333333287e-02	-2.08333333333333703e-02	2.08333333333333287e-02	0	15	0
1.02134917001506967e-01	30	source_damping	0.00000000000000000e+00	3.42801722331340297e+00	1.22318691842734264e+01	3	0	0	-1.97916666666666674e+00	-1.97916666666666674e+00	-1.97916666666666674e+00	0	0	0
1.02134917001506967e-01	30	source_frame_correction	7.15549606716719842e-09	3.60843918243516290e-02	1.28756517729194025e-01	3	3	61	2.08333333333333287e-02	-2.08333333333333703e-02	2.08333333333333287e-02	0	15	0
1.02134917001506967e-01	30	Psi_RHS_Linf	1.12704227922077315e-13	1.48779758927976014e-01	5.30876722584179617e-01	3	3	63	1.45833333333333315e-01	2.08333333333333287e-02	2.08333333333333287e-02	3	0	0
1.02134917001506967e-01	30	Pi_RHS_Linf	3.40012663991415413e-11	1.48779758927976014e-01	5.30876722584179617e-01	3	3	63	1.45833333333333315e-01	2.08333333333333287e-02	2.08333333333333287e-02	3	0	0
1.02134917001506967e-01	30	Phi_RHS_Linf	1.02424524444974924e-12	1.48779758927976069e-01	5.30876722584179728e-01	3	3	61	2.08333333333333287e-02	-1.45833333333333370e-01	2.08333333333333287e-02	0	12	0
1.02134917001506967e-01	30	Hhat_RHS_Linf	2.06531264017923158e-11	1.48779758927976014e-01	5.30876722584179617e-01	3	3	63	2.08333333333333287e-02	1.45833333333333315e-01	2.08333333333333287e-02	0	3	0
1.02134917001506967e-01	30	theta_RHS_Linf	3.40244350204966344e-11	1.48779758927976014e-01	5.30876722584179617e-01	3	3	63	2.08333333333333287e-02	1.45833333333333315e-01	2.08333333333333287e-02	0	3	0
1.02134917001506967e-01	30	Upsilon_RHS_Linf	1.61710728169815860e-14	1.48779758927976069e-01	5.30876722584179728e-01	3	3	58	-2.08333333333333703e-02	2.08333333333333287e-02	-1.45833333333333370e-01	15	0	12
1.02134917001506967e-01	30	chi_beta	3.88264775877937325e+01	3.60843918243516776e-02	1.28756517729194192e-01	3	3	56	-2.08333333333333703e-02	-2.08333333333333703e-02	-2.08333333333333703e-02	15	15	15
1.02134917001506967e-01	30	chi_beta_near_r_lt_1	3.88264775877937325e+01	3.60843918243516776e-02	1.28756517729194192e-01	3	3	56	-2.08333333333333703e-02	-2.08333333333333703e-02	-2.08333333333333703e-02	15	15	15
1.02134917001506967e-01	30	chi_beta_inner_r_lt_0p5	3.88264775877937325e+01	3.60843918243516776e-02	1.28756517729194192e-01	3	3	56	-2.08333333333333703e-02	-2.08333333333333703e-02	-2.08333333333333703e-02	15	15	15
1.02134917001506967e-01	30	chi_beta_annulus_0p5_1	1.91125488339994676e+00	5.01300392313165144e-01	1.78874271082942760e+00	3	3	57	4.79166666666666574e-01	-1.04166666666666630e-01	-1.04166666666666630e-01	11	13	13
1.02134917001506967e-01	30	chi_beta_annulus_1_1p5	7.77645210784213559e-01	1.00065082987690235e+00	3.57052758281019234e+00	3	2	42	-6.45833333333333370e-01	-7.29166666666666741e-01	-2.29166666666666685e-01	0	14	10
1.02134917001506967e-01	30	chi_beta_annulus_1p5_2	4.38254956725824374e-01	1.50043396500256976e+00	5.35385640851962830e+00	3	4	86	9.79166666666666630e-01	-1.10416666666666674e+00	2.70833333333333259e-01	7	5	6
1.02134917001506967e-01	30	chi_beta_outer_r_ge_2	2.84571871002505139e-01	2.00032549434669127e+00	7.13757200705256345e+00	3	1	20	-1.64583333333333348e+00	-2.70833333333333370e-01	-1.10416666666666674e+00	8	9	5
1.02134917001506967e-01	30	chi_beta_first_ge_1	1.00000000000000000e+00	3.60843918243516776e-02	1.28756517729194192e-01	3	3	56	-2.08333333333333703e-02	-2.08333333333333703e-02	-2.08333333333333703e-02	15	15	15
1.53202375502260485e-01	45	reference_Ricci	0.00000000000000000e+00	3.42801722331340297e+00	1.26554727029068275e+01	3	0	0	-1.97916666666666674e+00	-1.97916666666666674e+00	-1.97916666666666674e+00	0	0	0
1.53202375502260485e-01	45	reference_Riemann	0.00000000000000000e+00	3.42801722331340297e+00	1.26554727029068275e+01	3	0	0	-1.97916666666666674e+00	-1.97916666666666674e+00	-1.97916666666666674e+00	0	0	0
1.53202375502260485e-01	45	spin_connection	0.00000000000000000e+00	3.42801722331340297e+00	1.26554727029068275e+01	3	0	0	-1.97916666666666674e+00	-1.97916666666666674e+00	-1.97916666666666674e+00	0	0	0
1.53202375502260485e-01	45	spin_derivative	0.00000000000000000e+00	3.42801722331340297e+00	1.26554727029068275e+01	3	0	0	-1.97916666666666674e+00	-1.97916666666666674e+00	-1.97916666666666674e+00	0	0	0
1.53202375502260485e-01	45	Psi	2.00000000000161027e+00	3.60843918243516498e-02	1.33215502135861474e-01	3	3	60	-2.08333333333333703e-02	-2.08333333333333703e-02	2.08333333333333287e-02	15	15	0
1.53202375502260485e-01	45	Q	1.25026228263452675e-08	3.60843918243516290e-02	1.33215502135861391e-01	3	3	61	2.08333333333333287e-02	-2.08333333333333703e-02	2.08333333333333287e-02	0	15	0
1.53202375502260485e-01	45	Delta	7.68310677569558834e-09	3.60843918243516290e-02	1.33215502135861391e-01	3	3	61	2.08333333333333287e-02	-2.08333333333333703e-02	2.08333333333333287e-02	0	15	0
1.53202375502260485e-01	45	Pi	1.07999061851872506e-08	3.60843918243516290e-02	1.33215502135861391e-01	3	3	61	2.08333333333333287e-02	-2.08333333333333703e-02	2.08333333333333287e-02	0	15	0
1.53202375502260485e-01	45	Phi	5.21143293392576895e-12	6.90963497990708386e-02	2.55088265836492023e-01	3	3	61	6.24999999999999861e-02	-2.08333333333333703e-02	2.08333333333333287e-02	1	15	0
1.53202375502260485e-01	45	GH_constraint	9.09692339614480451e-10	3.60843918243516498e-02	1.33215502135861474e-01	3	3	57	2.08333333333333287e-02	-2.08333333333333703e-02	-2.08333333333333703e-02	0	15	15
1.53202375502260485e-01	45	reduction_constraint	2.29456066198575119e-12	3.42801722331340297e+00	1.26554727029068275e+01	3	11	215	1.97916666666666652e+00	1.97916666666666652e+00	1.97916666666666652e+00	15	15	15
1.53202375502260485e-01	45	curl_constraint	1.22300284966930054e-13	1.60023869747262654e-01	5.90772327988052903e-01	3	3	62	-2.08333333333333703e-02	1.45833333333333315e-01	6.24999999999999861e-02	15	3	1
1.53202375502260485e-01	45	source_curvature	6.04863059135707620e-10	3.60843918243516013e-02	1.33215502135861308e-01	3	3	63	2.08333333333333287e-02	2.08333333333333287e-02	2.08333333333333287e-02	0	0	0
1.53202375502260485e-01	45	source_QQ	1.90472200469023306e-16	3.60843918243516290e-02	1.33215502135861391e-01	3	3	61	2.08333333333333287e-02	-2.08333333333333703e-02	2.08333333333333287e-02	0	15	0
1.53202375502260485e-01	45	source_DeltaDelta	1.18059660708400546e-16	3.60843918243516290e-02	1.33215502135861391e-01	3	3	61	2.08333333333333287e-02	-2.08333333333333703e-02	2.08333333333333287e-02	0	15	0
1.53202375502260485e-01	45	source_damping	0.00000000000000000e+00	3.42801722331340297e+00	1.26554727029068275e+01	3	0	0	-1.97916666666666674e+00	-1.97916666666666674e+00	-1.97916666666666674e+00	0	0	0
1.53202375502260485e-01	45	source_frame_correction	3.49530001989533837e-08	3.60843918243516290e-02	1.33215502135861391e-01	3	3	61	2.08333333333333287e-02	-2.08333333333333703e-02	2.08333333333333287e-02	0	15	0
1.53202375502260485e-01	45	Psi_RHS_Linf	3.29718184448741601e-13	1.48779758927976014e-01	5.49261586275851199e-01	3	3	63	2.08333333333333287e-02	2.08333333333333287e-02	1.45833333333333315e-01	0	0	3
1.53202375502260485e-01	45	Pi_RHS_Linf	8.09080893981705581e-11	1.48779758927976014e-01	5.49261586275851199e-01	3	3	63	2.08333333333333287e-02	2.08333333333333287e-02	1.45833333333333315e-01	0	0	3
1.53202375502260485e-01	45	Phi_RHS_Linf	5.40622833396290777e-12	1.48779758927976069e-01	5.49261586275851421e-01	3	3	61	2.08333333333333287e-02	-1.45833333333333370e-01	2.08333333333333287e-02	0	12	0
1.53202375502260485e-01	45	Hhat_RHS_Linf	4.28662650733900154e-11	1.48779758927976069e-01	5.49261586275851421e-01	3	3	59	2.08333333333333287e-02	2.08333333333333287e-02	-1.45833333333333370e-01	0	0	12
1.53202375502260485e-01	45	theta_RHS_Linf	2.00235125185240579e-11	1.48779758927976014e-01	5.49261586275851199e-01	3	3	63	2.08333333333333287e-02	1.45833333333333315e-01	2.08333333333333287e-02	0	3	0
1.53202375502260485e-01	45	Upsilon_RHS_Linf	4.08123689443809781e-14	1.48779758927976069e-01	5.49261586275851421e-01	3	3	59	2.08333333333333287e-02	2.08333333333333287e-02	-1.45833333333333370e-01	0	0	12
1.53202375502260485e-01	45	chi_beta	3.88264775878823301e+01	3.60843918243516290e-02	1.33215502135861391e-01	3	3	61	2.08333333333333287e-02	-2.08333333333333703e-02	2.08333333333333287e-02	0	15	0
1.53202375502260485e-01	45	chi_beta_near_r_lt_1	3.88264775878823301e+01	3.60843918243516290e-02	1.33215502135861391e-01	3	3	61	2.08333333333333287e-02	-2.08333333333333703e-02	2.08333333333333287e-02	0	15	0
1.53202375502260485e-01	45	chi_beta_inner_r_lt_0p5	3.88264775878823301e+01	3.60843918243516290e-02	1.33215502135861391e-01	3	3	61	2.08333333333333287e-02	-2.08333333333333703e-02	2.08333333333333287e-02	0	15	0
1.53202375502260485e-01	45	chi_beta_annulus_0p5_1	1.91125488339994720e+00	5.01300392313165144e-01	1.85068890194888414e+00	3	3	60	-1.04166666666666630e-01	-1.04166666666666630e-01	4.79166666666666574e-01	13	13	11
1.53202375502260485e-01	45	chi_beta_annulus_1_1p5	7.77645210784213448e-01	1.00065082987690235e+00	3.69417900718943804e+00	3	2	51	-7.29166666666666741e-01	6.45833333333333148e-01	-2.29166666666666685e-01	14	15	10
1.53202375502260485e-01	45	chi_beta_annulus_1p5_2	4.38254956725824540e-01	1.50043396500256976e+00	5.53926653502938215e+00	3	4	86	9.79166666666666630e-01	-1.10416666666666674e+00	2.70833333333333259e-01	7	5	6
1.53202375502260485e-01	45	chi_beta_outer_r_ge_2	2.84571871002505028e-01	2.00032549434669127e+00	7.38475423007486764e+00	3	0	10	-2.70833333333333370e-01	-1.27083333333333348e+00	-1.52083333333333348e+00	9	1	11
1.53202375502260485e-01	45	chi_beta_first_ge_1	1.00000000000000000e+00	3.60843918243516776e-02	1.33215502135861585e-01	3	3	56	-2.08333333333333703e-02	-2.08333333333333703e-02	-2.08333333333333703e-02	15	15	15
2.00865336769630448e-01	59	reference_Ricci	0.00000000000000000e+00	3.42801722331340297e+00	1.30640613773971541e+01	3	0	0	-1.97916666666666674e+00	-1.97916666666666674e+00	-1.97916666666666674e+00	0	0	0
2.00865336769630448e-01	59	reference_Riemann	0.00000000000000000e+00	3.42801722331340297e+00	1.30640613773971541e+01	3	0	0	-1.97916666666666674e+00	-1.97916666666666674e+00	-1.97916666666666674e+00	0	0	0
2.00865336769630448e-01	59	spin_connection	0.00000000000000000e+00	3.42801722331340297e+00	1.30640613773971541e+01	3	0	0	-1.97916666666666674e+00	-1.97916666666666674e+00	-1.97916666666666674e+00	0	0	0
2.00865336769630448e-01	59	spin_derivative	0.00000000000000000e+00	3.42801722331340297e+00	1.30640613773971541e+01	3	0	0	-1.97916666666666674e+00	-1.97916666666666674e+00	-1.97916666666666674e+00	0	0	0
2.00865336769630448e-01	59	Psi	2.00000000000864731e+00	3.60843918243516498e-02	1.37516435551549132e-01	3	3	60	-2.08333333333333703e-02	-2.08333333333333703e-02	2.08333333333333287e-02	15	15	0
2.00865336769630448e-01	59	Q	4.76382046992443509e-08	3.60843918243516290e-02	1.37516435551549049e-01	3	3	61	2.08333333333333287e-02	-2.08333333333333703e-02	2.08333333333333287e-02	0	15	0
2.00865336769630448e-01	59	Delta	2.93102980359770443e-08	3.60843918243516290e-02	1.37516435551549049e-01	3	3	61	2.08333333333333287e-02	-2.08333333333333703e-02	2.08333333333333287e-02	0	15	0
2.00865336769630448e-01	59	Pi	4.11025162926382420e-08	3.60843918243516290e-02	1.37516435551549049e-01	3	3	61	2.08333333333333287e-02	-2.08333333333333703e-02	2.08333333333333287e-02	0	15	0
2.00865336769630448e-01	59	Phi	2.23642366219229234e-11	6.90963497990708386e-02	2.63323926318160872e-01	3	3	61	6.24999999999999861e-02	-2.08333333333333703e-02	2.08333333333333287e-02	1	15	0
2.00865336769630448e-01	59	GH_constraint	1.99920878562297415e-09	3.60843918243516013e-02	1.37516435551548966e-01	3	3	63	2.08333333333333287e-02	2.08333333333333287e-02	2.08333333333333287e-02	0	0	0
2.00865336769630448e-01	59	reduction_constraint	3.04556686961099922e-12	3.42801722331340297e+00	1.30640613773971541e+01	3	11	215	1.97916666666666652e+00	1.97916666666666652e+00	1.97916666666666652e+00	15	15	15
2.00865336769630448e-01	59	curl_constraint	5.74418095211871793e-13	1.48779758927976014e-01	5.66994789037480018e-01	3	3	63	2.08333333333333287e-02	2.08333333333333287e-02	1.45833333333333315e-01	0	0	3
2.00865336769630448e-01	59	source_curvature	6.06474215634955765e-10	3.60843918243516290e-02	1.37516435551549049e-01	3	3	61	2.08333333333333287e-02	-2.08333333333333703e-02	2.08333333333333287e-02	0	15	0
2.00865336769630448e-01	59	source_QQ	2.75832564505080184e-15	3.60843918243516290e-02	1.37516435551549049e-01	3	3	61	2.08333333333333287e-02	-2.08333333333333703e-02	2.08333333333333287e-02	0	15	0
2.00865336769630448e-01	59	source_DeltaDelta	1.71818043795258544e-15	3.60843918243516290e-02	1.37516435551549049e-01	3	3	61	2.08333333333333287e-02	-2.08333333333333703e-02	2.08333333333333287e-02	0	15	0
2.00865336769630448e-01	59	source_damping	0.00000000000000000e+00	3.42801722331340297e+00	1.30640613773971541e+01	3	0	0	-1.97916666666666674e+00	-1.97916666666666674e+00	-1.97916666666666674e+00	0	0	0
2.00865336769630448e-01	59	source_frame_correction	1.33449374884267298e-07	3.60843918243516290e-02	1.37516435551549049e-01	3	3	61	2.08333333333333287e-02	-2.08333333333333703e-02	2.08333333333333287e-02	0	15	0
2.00865336769630448e-01	59	Psi_RHS_Linf	7.45456183011539935e-13	1.48779758927976069e-01	5.66994789037480240e-01	3	3	60	-1.45833333333333370e-01	-2.08333333333333703e-02	2.08333333333333287e-02	12	15	0
2.00865336769630448e-01	59	Pi_RHS_Linf	1.88898962866088988e-10	1.48779758927976069e-01	5.66994789037480240e-01	3	3	60	-1.45833333333333370e-01	-2.08333333333333703e-02	2.08333333333333287e-02	12	15	0
2.00865336769630448e-01	59	Phi_RHS_Linf	2.18896026807769994e-11	1.48779758927976069e-01	5.66994789037480240e-01	3	3	61	2.08333333333333287e-02	-1.45833333333333370e-01	2.08333333333333287e-02	0	12	0
2.00865336769630448e-01	59	Hhat_RHS_Linf	1.08299416967181942e-10	1.48779758927976069e-01	5.66994789037480240e-01	3	3	61	2.08333333333333287e-02	-1.45833333333333370e-01	2.08333333333333287e-02	0	12	0
2.00865336769630448e-01	59	theta_RHS_Linf	1.91925128233120049e-11	1.48779758927976014e-01	5.66994789037480018e-01	3	3	63	1.45833333333333315e-01	2.08333333333333287e-02	2.08333333333333287e-02	3	0	0
2.00865336769630448e-01	59	Upsilon_RHS_Linf	1.03679606012828457e-13	1.48779758927976069e-01	5.66994789037480240e-01	3	3	59	2.08333333333333287e-02	2.08333333333333287e-02	-1.45833333333333370e-01	0	0	12
2.00865336769630448e-01	59	chi_beta	3.88264775881908690e+01	3.60843918243516290e-02	1.37516435551549049e-01	3	3	61	2.08333333333333287e-02	-2.08333333333333703e-02	2.08333333333333287e-02	0	15	0
2.00865336769630448e-01	59	chi_beta_near_r_lt_1	3.88264775881908690e+01	3.60843918243516290e-02	1.37516435551549049e-01	3	3	61	2.08333333333333287e-02	-2.08333333333333703e-02	2.08333333333333287e-02	0	15	0
2.00865336769630448e-01	59	chi_beta_inner_r_lt_0p5	3.88264775881908690e+01	3.60843918243516290e-02	1.37516435551549049e-01	3	3	61	2.08333333333333287e-02	-2.08333333333333703e-02	2.08333333333333287e-02	0	15	0
2.00865336769630448e-01	59	chi_beta_annulus_0p5_1	1.91125488339994698e+00	5.01300392313165144e-01	1.91043937852867796e+00	3	3	60	-1.04166666666666630e-01	-1.04166666666666630e-01	4.79166666666666574e-01	13	13	11
2.00865336769630448e-01	59	chi_beta_annulus_1_1p5	7.77645210784213559e-01	1.00065082987690235e+00	3.81344754336437131e+00	3	1	31	2.29166666666666630e-01	6.45833333333333148e-01	-7.29166666666666741e-01	5	15	14
2.00865336769630448e-01	59	chi_beta_annulus_1p5_2	4.38254956725824429e-01	1.50043396500256976e+00	5.71810470443860819e+00	3	7	140	9.79166666666666630e-01	1.10416666666666674e+00	2.70833333333333259e-01	7	10	6
2.00865336769630448e-01	59	chi_beta_outer_r_ge_2	2.84571871002505028e-01	2.00032549434669127e+00	7.62317495232968145e+00	3	1	20	-1.64583333333333348e+00	-2.70833333333333370e-01	-1.10416666666666674e+00	8	9	5
2.00865336769630448e-01	59	chi_beta_first_ge_1	1.00000000000000000e+00	3.60843918243516776e-02	1.37516435551549243e-01	3	3	56	-2.08333333333333703e-02	-2.08333333333333703e-02	-2.08333333333333703e-02	15	15	15
2.51932795270383980e-01	74	reference_Ricci	0.00000000000000000e+00	3.42801722331340297e+00	1.35164846565982781e+01	3	0	0	-1.97916666666666674e+00	-1.97916666666666674e+00	-1.97916666666666674e+00	0	0	0
2.51932795270383980e-01	74	reference_Riemann	0.00000000000000000e+00	3.42801722331340297e+00	1.35164846565982781e+01	3	0	0	-1.97916666666666674e+00	-1.97916666666666674e+00	-1.97916666666666674e+00	0	0	0
2.51932795270383980e-01	74	spin_connection	0.00000000000000000e+00	3.42801722331340297e+00	1.35164846565982781e+01	3	0	0	-1.97916666666666674e+00	-1.97916666666666674e+00	-1.97916666666666674e+00	0	0	0
2.51932795270383980e-01	74	spin_derivative	0.00000000000000000e+00	3.42801722331340297e+00	1.35164846565982781e+01	3	0	0	-1.97916666666666674e+00	-1.97916666666666674e+00	-1.97916666666666674e+00	0	0	0
2.51932795270383980e-01	74	Psi	2.00000000004050937e+00	3.60843918243516498e-02	1.42278785858929391e-01	3	3	60	-2.08333333333333703e-02	-2.08333333333333703e-02	2.08333333333333287e-02	15	15	0
2.51932795270383980e-01	74	Q	1.87061266850458291e-07	3.60843918243516498e-02	1.42278785858929391e-01	3	3	60	-2.08333333333333703e-02	-2.08333333333333703e-02	2.08333333333333287e-02	15	15	0
2.51932795270383980e-01	74	Delta	1.15207322864606496e-07	3.60843918243516498e-02	1.42278785858929391e-01	3	3	60	-2.08333333333333703e-02	-2.08333333333333703e-02	2.08333333333333287e-02	15	15	0
2.51932795270383980e-01	74	Pi	1.61203963847657068e-07	3.60843918243516498e-02	1.42278785858929391e-01	3	3	60	-2.08333333333333703e-02	-2.08333333333333703e-02	2.08333333333333287e-02	15	15	0
2.51932795270383980e-01	74	Phi	9.33647327924888185e-11	6.90963497990708386e-02	2.72443132879995997e-01	3	3	61	6.24999999999999861e-02	-2.08333333333333703e-02	2.08333333333333287e-02	1	15	0
2.51932795270383980e-01	74	GH_constraint	5.61361487399235000e-09	3.60843918243516013e-02	1.42278785858929196e-01	3	3	63	2.08333333333333287e-02	2.08333333333333287e-02	2.08333333333333287e-02	0	0	0
2.51932795270383980e-01	74	reduction_constraint	3.87543841198585574e-12	3.42801722331340297e+00	1.35164846565982781e+01	3	11	215	1.97916666666666652e+00	1.97916666666666652e+00	1.97916666666666652e+00	15	15	15
2.51932795270383980e-01	74	curl_constraint	3.17739288374225591e-12	1.48779758927976014e-01	5.86630462381001472e-01	3	3	63	2.08333333333333287e-02	2.08333333333333287e-02	1.45833333333333315e-01	0	0	3
2.51932795270383980e-01	74	source_curvature	7.07111014833872690e-10	3.60843918243516290e-02	1.42278785858929308e-01	3	3	61	2.08333333333333287e-02	-2.08333333333333703e-02	2.08333333333333287e-02	0	15	0
2.51932795270383980e-01	74	source_QQ	4.24169609510565343e-14	3.60843918243516498e-02	1.42278785858929391e-01	3	3	60	-2.08333333333333703e-02	-2.08333333333333703e-02	2.08333333333333287e-02	15	15	0
2.51932795270383980e-01	74	source_DeltaDelta	2.65454213029734490e-14	3.60843918243516498e-02	1.42278785858929391e-01	3	3	60	-2.08333333333333703e-02	-2.08333333333333703e-02	2.08333333333333287e-02	15	15	0
2.51932795270383980e-01	74	source_damping	0.00000000000000000e+00	3.42801722331340297e+00	1.35164846565982781e+01	3	0	0	-1.97916666666666674e+00	-1.97916666666666674e+00	-1.97916666666666674e+00	0	0	0
2.51932795270383980e-01	74	source_frame_correction	5.24611958741207396e-07	3.60843918243516498e-02	1.42278785858929391e-01	3	3	60	-2.08333333333333703e-02	-2.08333333333333703e-02	2.08333333333333287e-02	15	15	0
2.51932795270383980e-01	74	Psi_RHS_Linf	1.54850301331652323e-12	1.48779758927976069e-01	5.86630462381001694e-01	3	3	60	-1.45833333333333370e-01	-2.08333333333333703e-02	2.08333333333333287e-02	12	15	0
2.51932795270383980e-01	74	Pi_RHS_Linf	4.60393742940058611e-10	1.48779758927976069e-01	5.86630462381001694e-01	3	3	60	-1.45833333333333370e-01	-2.08333333333333703e-02	2.08333333333333287e-02	12	15	0
2.51932795270383980e-01	74	Phi_RHS_Linf	9.12946936190324023e-11	1.48779758927976014e-01	5.86630462381001472e-01	3	3	63	2.08333333333333287e-02	1.45833333333333315e-01	2.08333333333333287e-02	0	3	0
2.51932795270383980e-01	74	Hhat_RHS_Linf	3.17625487093797634e-10	1.48779758927976014e-01	5.86630462381001472e-01	3	3	63	1.45833333333333315e-01	2.08333333333333287e-02	2.08333333333333287e-02	3	0	0
2.51932795270383980e-01	74	theta_RHS_Linf	6.80503464286954575e-11	1.48779758927976069e-01	5.86630462381001694e-01	3	3	61	2.08333333333333287e-02	-1.45833333333333370e-01	2.08333333333333287e-02	0	12	0
2.51932795270383980e-01	74	Upsilon_RHS_Linf	2.68134010328498859e-13	1.48779758927976069e-01	5.86630462381001694e-01	3	3	60	-2.08333333333333703e-02	-1.45833333333333370e-01	2.08333333333333287e-02	15	12	0
2.51932795270383980e-01	74	chi_beta	3.88264775894938694e+01	3.60843918243516290e-02	1.42278785858929308e-01	3	3	61	2.08333333333333287e-02	-2.08333333333333703e-02	2.08333333333333287e-02	0	15	0
2.51932795270383980e-01	74	chi_beta_near_r_lt_1	3.88264775894938694e+01	3.60843918243516290e-02	1.42278785858929308e-01	3	3	61	2.08333333333333287e-02	-2.08333333333333703e-02	2.08333333333333287e-02	0	15	0
2.51932795270383980e-01	74	chi_beta_inner_r_lt_0p5	3.88264775894938694e+01	3.60843918243516290e-02	1.42278785858929308e-01	3	3	61	2.08333333333333287e-02	-2.08333333333333703e-02	2.08333333333333287e-02	0	15	0
2.51932795270383980e-01	74	chi_beta_annulus_0p5_1	1.91125488339994942e+00	5.01300392313165144e-01	1.97660006343209704e+00	3	3	60	-1.04166666666666630e-01	-1.04166666666666630e-01	4.79166666666666574e-01	13	13	11
2.51932795270383980e-01	74	chi_beta_annulus_1_1p5	7.77645210784213448e-01	1.00065082987690235e+00	3.94551156180318552e+00	3	1	29	6.45833333333333148e-01	-2.29166666666666685e-01	-7.29166666666666741e-01	15	10	14
2.51932795270383980e-01	74	chi_beta_annulus_1p5_2	4.38254956725824318e-01	1.50043396500256998e+00	5.91612916302492575e+00	3	2	39	-8.95833333333333481e-01	-1.10416666666666674e+00	4.79166666666666574e-01	10	5	11
2.51932795270383980e-01	74	chi_beta_outer_r_ge_2	2.84571871002505028e-01	2.00032549434669127e+00	7.88717415672901190e+00	3	0	10	-2.70833333333333370e-01	-1.27083333333333348e+00	-1.52083333333333348e+00	9	1	11
2.51932795270383980e-01	74	chi_beta_first_ge_1	1.00000000000000000e+00	3.60843918243516776e-02	1.42278785858929502e-01	3	3	56	-2.08333333333333703e-02	-2.08333333333333703e-02	-2.08333333333333703e-02	15	15	15
3.03000253771137096e-01	89	reference_Ricci	0.00000000000000000e+00	3.42801722331340297e+00	1.39845758676660701e+01	3	0	0	-1.97916666666666674e+00	-1.97916666666666674e+00	-1.97916666666666674e+00	0	0	0
3.03000253771137096e-01	89	reference_Riemann	0.00000000000000000e+00	3.42801722331340297e+00	1.39845758676660701e+01	3	0	0	-1.97916666666666674e+00	-1.97916666666666674e+00	-1.97916666666666674e+00	0	0	0
3.03000253771137096e-01	89	spin_connection	0.00000000000000000e+00	3.42801722331340297e+00	1.39845758676660701e+01	3	0	0	-1.97916666666666674e+00	-1.97916666666666674e+00	-1.97916666666666674e+00	0	0	0
3.03000253771137096e-01	89	spin_derivative	0.00000000000000000e+00	3.42801722331340297e+00	1.39845758676660701e+01	3	0	0	-1.97916666666666674e+00	-1.97916666666666674e+00	-1.97916666666666674e+00	0	0	0
3.03000253771137096e-01	89	Psi	2.00000000017053381e+00	3.60843918243516498e-02	1.47206061764906165e-01	3	3	60	-2.08333333333333703e-02	-2.08333333333333703e-02	2.08333333333333287e-02	15	15	0
3.03000253771137096e-01	89	Q	7.61448972002064758e-07	3.60843918243516498e-02	1.47206061764906165e-01	3	3	60	-2.08333333333333703e-02	-2.08333333333333703e-02	2.08333333333333287e-02	15	15	0
3.03000253771137096e-01	89	Delta	4.70155168749739637e-07	3.60843918243516498e-02	1.47206061764906165e-01	3	3	60	-2.08333333333333703e-02	-2.08333333333333703e-02	2.08333333333333287e-02	15	15	0
3.03000253771137096e-01	89	Pi	6.54517715984398646e-07	3.60843918243516498e-02	1.47206061764906165e-01	3	3	60	-2.08333333333333703e-02	-2.08333333333333703e-02	2.08333333333333287e-02	15	15	0
3.03000253771137096e-01	89	Phi	3.75008819826787911e-10	6.90963497990708386e-02	2.81878147919549682e-01	3	3	60	-6.25000000000000000e-02	-2.08333333333333703e-02	2.08333333333333287e-02	14	15	0
3.03000253771137096e-01	89	GH_constraint	2.12039979071174294e-08	3.60843918243516013e-02	1.47206061764905971e-01	3	3	63	2.08333333333333287e-02	2.08333333333333287e-02	2.08333333333333287e-02	0	0	0
3.03000253771137096e-01	89	reduction_constraint	4.63781573688518598e-12	3.42801722331340297e+00	1.39845758676660701e+01	3	0	0	-1.97916666666666674e+00	-1.97916666666666674e+00	-1.97916666666666674e+00	0	0	0
3.03000253771137096e-01	89	curl_constraint	1.43040228711849848e-11	1.48779758927976014e-01	6.06946141387904592e-01	3	3	63	2.08333333333333287e-02	2.08333333333333287e-02	1.45833333333333315e-01	0	0	3
3.03000253771137096e-01	89	source_curvature	1.25247370307705300e-09	3.60843918243516290e-02	1.47206061764906082e-01	3	3	61	2.08333333333333287e-02	-2.08333333333333703e-02	2.08333333333333287e-02	0	15	0
3.03000253771137096e-01	89	source_QQ	6.99644436065735231e-13	3.60843918243516498e-02	1.47206061764906165e-01	3	3	60	-2.08333333333333703e-02	-2.08333333333333703e-02	2.08333333333333287e-02	15	15	0
3.03000253771137096e-01	89	source_DeltaDelta	4.42091114529890392e-13	3.60843918243516498e-02	1.47206061764906165e-01	3	3	60	-2.08333333333333703e-02	-2.08333333333333703e-02	2.08333333333333287e-02	15	15	0
3.03000253771137096e-01	89	source_damping	0.00000000000000000e+00	3.42801722331340297e+00	1.39845758676660701e+01	3	0	0	-1.97916666666666674e+00	-1.97916666666666674e+00	-1.97916666666666674e+00	0	0	0
3.03000253771137096e-01	89	source_frame_correction	2.14093661271952563e-06	3.60843918243516498e-02	1.47206061764906165e-01	3	3	60	-2.08333333333333703e-02	-2.08333333333333703e-02	2.08333333333333287e-02	15	15	0
3.03000253771137096e-01	89	Psi_RHS_Linf	5.01946886825590072e-12	1.48779758927976014e-01	6.06946141387904592e-01	3	3	62	-2.08333333333333703e-02	1.45833333333333315e-01	2.08333333333333287e-02	15	3	0
3.03000253771137096e-01	89	Pi_RHS_Linf	1.18365376399377455e-09	1.48779758927976069e-01	6.06946141387904814e-01	3	3	60	-1.45833333333333370e-01	-2.08333333333333703e-02	2.08333333333333287e-02	12	15	0
3.03000253771137096e-01	89	Phi_RHS_Linf	3.64880135379800565e-10	1.48779758927976014e-01	6.06946141387904592e-01	3	3	63	2.08333333333333287e-02	1.45833333333333315e-01	2.08333333333333287e-02	0	3	0
3.03000253771137096e-01	89	Hhat_RHS_Linf	1.08312011272928610e-09	1.48779758927976069e-01	6.06946141387904814e-01	3	3	60	-2.08333333333333703e-02	-1.45833333333333370e-01	2.08333333333333287e-02	15	12	0
3.03000253771137096e-01	89	theta_RHS_Linf	2.94059505667086819e-10	1.48779758927976069e-01	6.06946141387904814e-01	3	3	61	2.08333333333333287e-02	-1.45833333333333370e-01	2.08333333333333287e-02	0	12	0
3.03000253771137096e-01	89	Upsilon_RHS_Linf	9.73710131249333341e-13	1.48779758927976069e-01	6.06946141387904814e-01	3	3	60	-2.08333333333333703e-02	-1.45833333333333370e-01	2.08333333333333287e-02	15	12	0
3.03000253771137096e-01	89	chi_beta	3.88264775944441709e+01	3.60843918243516290e-02	1.47206061764906082e-01	3	3	61	2.08333333333333287e-02	-2.08333333333333703e-02	2.08333333333333287e-02	0	15	0
3.03000253771137096e-01	89	chi_beta_near_r_lt_1	3.88264775944441709e+01	3.60843918243516290e-02	1.47206061764906082e-01	3	3	61	2.08333333333333287e-02	-2.08333333333333703e-02	2.08333333333333287e-02	0	15	0
3.03000253771137096e-01	89	chi_beta_inner_r_lt_0p5	3.88264775944441709e+01	3.60843918243516290e-02	1.47206061764906082e-01	3	3	61	2.08333333333333287e-02	-2.08333333333333703e-02	2.08333333333333287e-02	0	15	0
3.03000253771137096e-01	89	chi_beta_annulus_0p5_1	1.91125488339995098e+00	5.01300392313165144e-01	2.04505196797644473e+00	3	3	60	-1.04166666666666630e-01	-1.04166666666666630e-01	4.79166666666666574e-01	13	13	11
3.03000253771137096e-01	89	chi_beta_annulus_1_1p5	7.77645210784213670e-01	1.00065082987690235e+00	4.08214910715377055e+00	3	2	49	-7.29166666666666741e-01	-2.29166666666666685e-01	-6.45833333333333370e-01	14	10	0
3.03000253771137096e-01	89	chi_beta_annulus_1p5_2	4.38254956725824596e-01	1.50043396500256976e+00	6.12101143346067467e+00	3	7	140	9.79166666666666630e-01	1.10416666666666674e+00	2.70833333333333259e-01	7	10	6
3.03000253771137096e-01	89	chi_beta_outer_r_ge_2	2.84571871002505139e-01	2.00032549434669127e+00	8.16031595333687498e+00	3	0	10	-2.70833333333333370e-01	-1.27083333333333348e+00	-1.52083333333333348e+00	9	1	11
3.03000253771137096e-01	89	chi_beta_first_ge_1	1.00000000000000000e+00	3.60843918243516776e-02	1.47206061764906276e-01	3	3	56	-2.08333333333333703e-02	-2.08333333333333703e-02	-2.08333333333333703e-02	15	15	15
3.50663215038506670e-01	103	reference_Ricci	0.00000000000000000e+00	3.42801722331340297e+00	1.44360753454980291e+01	3	0	0	-1.97916666666666674e+00	-1.97916666666666674e+00	-1.97916666666666674e+00	0	0	0
3.50663215038506670e-01	103	reference_Riemann	0.00000000000000000e+00	3.42801722331340297e+00	1.44360753454980291e+01	3	0	0	-1.97916666666666674e+00	-1.97916666666666674e+00	-1.97916666666666674e+00	0	0	0
3.50663215038506670e-01	103	spin_connection	0.00000000000000000e+00	3.42801722331340297e+00	1.44360753454980291e+01	3	0	0	-1.97916666666666674e+00	-1.97916666666666674e+00	-1.97916666666666674e+00	0	0	0
3.50663215038506670e-01	103	spin_derivative	0.00000000000000000e+00	3.42801722331340297e+00	1.44360753454980291e+01	3	0	0	-1.97916666666666674e+00	-1.97916666666666674e+00	-1.97916666666666674e+00	0	0	0
3.50663215038506670e-01	103	Psi	2.00000000063157302e+00	3.60843918243516498e-02	1.51958687847347840e-01	3	3	60	-2.08333333333333703e-02	-2.08333333333333703e-02	2.08333333333333287e-02	15	15	0
3.50663215038506670e-01	103	Q	2.79736578745438763e-06	3.60843918243516498e-02	1.51958687847347840e-01	3	3	60	-2.08333333333333703e-02	-2.08333333333333703e-02	2.08333333333333287e-02	15	15	0
3.50663215038506670e-01	103	Delta	1.72894710649482867e-06	3.60843918243516498e-02	1.51958687847347840e-01	3	3	60	-2.08333333333333703e-02	-2.08333333333333703e-02	2.08333333333333287e-02	15	15	0
3.50663215038506670e-01	103	Pi	2.40211935804698107e-06	3.60843918243516498e-02	1.51958687847347840e-01	3	3	60	-2.08333333333333703e-02	-2.08333333333333703e-02	2.08333333333333287e-02	15	15	0
3.50663215038506670e-01	103	Phi	1.38224204641121633e-09	6.90963497990708386e-02	2.90978734008268625e-01	3	3	60	-6.25000000000000000e-02	-2.08333333333333703e-02	2.08333333333333287e-02	14	15	0
3.50663215038506670e-01	103	GH_constraint	7.50381728080385830e-08	3.60843918243516498e-02	1.51958687847347840e-01	3	3	60	-2.08333333333333703e-02	-2.08333333333333703e-02	2.08333333333333287e-02	15	15	0
3.50663215038506670e-01	103	reduction_constraint	5.38991987806614209e-12	3.42801722331340297e+00	1.44360753454980291e+01	3	0	0	-1.97916666666666674e+00	-1.97916666666666674e+00	-1.97916666666666674e+00	0	0	0
3.50663215038506670e-01	103	curl_constraint	5.33316945001072337e-11	1.48779758927976014e-01	6.26541720724877127e-01	3	3	63	2.08333333333333287e-02	2.08333333333333287e-02	1.45833333333333315e-01	0	0	3
3.50663215038506670e-01	103	source_curvature	3.41033803219000259e-09	3.60843918243516290e-02	1.51958687847347756e-01	3	3	61	2.08333333333333287e-02	-2.08333333333333703e-02	2.08333333333333287e-02	0	15	0
3.50663215038506670e-01	103	source_QQ	9.42660309558305628e-12	3.60843918243516498e-02	1.51958687847347840e-01	3	3	60	-2.08333333333333703e-02	-2.08333333333333703e-02	2.08333333333333287e-02	15	15	0
3.50663215038506670e-01	103	source_DeltaDelta	5.97850650197672391e-12	3.60843918243516498e-02	1.51958687847347840e-01	3	3	60	-2.08333333333333703e-02	-2.08333333333333703e-02	2.08333333333333287e-02	15	15	0
3.50663215038506670e-01	103	source_damping	0.00000000000000000e+00	3.42801722331340297e+00	1.44360753454980291e+01	3	0	0	-1.97916666666666674e+00	-1.97916666666666674e+00	-1.97916666666666674e+00	0	0	0
3.50663215038506670e-01	103	source_frame_correction	7.87304275378265360e-06	3.60843918243516498e-02	1.51958687847347840e-01	3	3	60	-2.08333333333333703e-02	-2.08333333333333703e-02	2.08333333333333287e-02	15	15	0
3.50663215038506670e-01	103	Psi_RHS_Linf	1.75928553745479866e-11	1.48779758927976014e-01	6.26541720724877127e-01	3	3	61	1.45833333333333315e-01	-2.08333333333333703e-02	2.08333333333333287e-02	3	15	0
3.50663215038506670e-01	103	Pi_RHS_Linf	3.31907814856318511e-09	1.48779758927976069e-01	6.26541720724877349e-01	3	3	61	2.08333333333333287e-02	-1.45833333333333370e-01	2.08333333333333287e-02	0	12	0
3.50663215038506670e-01	103	Phi_RHS_Linf	1.28779461402668319e-09	1.48779758927976041e-01	6.26541720724877238e-01	3	3	60	-2.08333333333333703e-02	-2.08333333333333703e-02	1.45833333333333315e-01	15	15	3
3.50663215038506670e-01	103	Hhat_RHS_Linf	3.52320817797183837e-09	1.48779758927976069e-01	6.26541720724877349e-01	3	3	60	-2.08333333333333703e-02	-1.45833333333333370e-01	2.08333333333333287e-02	15	12	0
3.50663215038506670e-01	103	theta_RHS_Linf	1.06879906892793511e-09	1.48779758927976069e-01	6.26541720724877349e-01	3	3	61	2.08333333333333287e-02	-1.45833333333333370e-01	2.08333333333333287e-02	0	12	0
3.50663215038506670e-01	103	Upsilon_RHS_Linf	3.19783924664944758e-12	1.48779758927976069e-01	6.26541720724877349e-01	3	3	60	-2.08333333333333703e-02	-1.45833333333333370e-01	2.08333333333333287e-02	15	12	0
3.50663215038506670e-01	103	chi_beta	3.88264776109831615e+01	3.60843918243516290e-02	1.51958687847347756e-01	3	3	61	2.08333333333333287e-02	-2.08333333333333703e-02	2.08333333333333287e-02	0	15	0
3.50663215038506670e-01	103	chi_beta_near_r_lt_1	3.88264776109831615e+01	3.60843918243516290e-02	1.51958687847347756e-01	3	3	61	2.08333333333333287e-02	-2.08333333333333703e-02	2.08333333333333287e-02	0	15	0
3.50663215038506670e-01	103	chi_beta_inner_r_lt_0p5	3.88264776109831615e+01	3.60843918243516290e-02	1.51958687847347756e-01	3	3	61	2.08333333333333287e-02	-2.08333333333333703e-02	2.08333333333333287e-02	0	15	0
3.50663215038506670e-01	103	chi_beta_annulus_0p5_1	1.91125488339995253e+00	5.01300392313165144e-01	2.11107755962956389e+00	3	3	60	-1.04166666666666630e-01	-1.04166666666666630e-01	4.79166666666666574e-01	13	13	11
3.50663215038506670e-01	103	chi_beta_annulus_1_1p5	7.77645210784213559e-01	1.00065082987690235e+00	4.21394346457676150e+00	3	2	42	-6.45833333333333370e-01	-7.29166666666666741e-01	-2.29166666666666685e-01	0	14	10
3.50663215038506670e-01	103	chi_beta_annulus_1p5_2	4.38254956725824762e-01	1.50043396500256976e+00	6.31863154665987281e+00	3	6	117	-1.10416666666666674e+00	9.79166666666666630e-01	2.70833333333333259e-01	5	7	6
3.50663215038506670e-01	103	chi_beta_outer_r_ge_2	2.84571871002505083e-01	2.00032549434669127e+00	8.42377609876710665e+00	3	0	5	-1.10416666666666674e+00	-1.47916666666666674e+00	-7.70833333333333370e-01	5	12	13
3.50663215038506670e-01	103	chi_beta_first_ge_1	1.00000000000000000e+00	3.60843918243516776e-02	1.51958687847347951e-01	3	3	56	-2.08333333333333703e-02	-2.08333333333333703e-02	-2.08333333333333703e-02	15	15	15
4.01730673539259786e-01	118	reference_Ricci	0.00000000000000000e+00	3.42801722331340297e+00	1.49360130262796460e+01	3	0	0	-1.97916666666666674e+00	-1.97916666666666674e+00	-1.97916666666666674e+00	0	0	0
4.01730673539259786e-01	118	reference_Riemann	0.00000000000000000e+00	3.42801722331340297e+00	1.49360130262796460e+01	3	0	0	-1.97916666666666674e+00	-1.97916666666666674e+00	-1.97916666666666674e+00	0	0	0
4.01730673539259786e-01	118	spin_connection	0.00000000000000000e+00	3.42801722331340297e+00	1.49360130262796460e+01	3	0	0	-1.97916666666666674e+00	-1.97916666666666674e+00	-1.97916666666666674e+00	0	0	0
4.01730673539259786e-01	118	spin_derivative	0.00000000000000000e+00	3.42801722331340297e+00	1.49360130262796460e+01	3	0	0	-1.97916666666666674e+00	-1.97916666666666674e+00	-1.97916666666666674e+00	0	0	0
4.01730673539259786e-01	118	Psi	2.00000000254572230e+00	3.60843918243516498e-02	1.57221189750312240e-01	3	3	60	-2.08333333333333703e-02	-2.08333333333333703e-02	2.08333333333333287e-02	15	15	0
4.01730673539259786e-01	118	Q	1.12557076954951045e-05	3.60843918243516498e-02	1.57221189750312240e-01	3	3	60	-2.08333333333333703e-02	-2.08333333333333703e-02	2.08333333333333287e-02	15	15	0
4.01730673539259786e-01	118	Delta	6.95857115249974534e-06	3.60843918243516498e-02	1.57221189750312240e-01	3	3	60	-2.08333333333333703e-02	-2.08333333333333703e-02	2.08333333333333287e-02	15	15	0
4.01730673539259786e-01	118	Pi	9.66287312262381601e-06	3.60843918243516498e-02	1.57221189750312240e-01	3	3	60	-2.08333333333333703e-02	-2.08333333333333703e-02	2.08333333333333287e-02	15	15	0
4.01730673539259786e-01	118	Phi	5.54489754657690390e-09	6.90963497990708386e-02	3.01055657961303458e-01	3	3	60	-6.25000000000000000e-02	-2.08333333333333703e-02	2.08333333333333287e-02	14	15	0
4.01730673539259786e-01	118	GH_constraint	3.05716154509664157e-07	3.60843918243516498e-02	1.57221189750312240e-01	3	3	60	-2.08333333333333703e-02	-2.08333333333333703e-02	2.08333333333333287e-02	15	15	0
4.01730673539259786e-01	118	reduction_constraint	1.31202229738417752e-11	1.48779758927976069e-01	6.48239571925813496e-01	3	3	60	-1.45833333333333370e-01	-2.08333333333333703e-02	2.08333333333333287e-02	12	15	0
4.01730673539259786e-01	118	curl_constraint	2.08700221632226503e-10	1.48779758927976014e-01	6.48239571925813163e-01	3	3	63	2.08333333333333287e-02	2.08333333333333287e-02	1.45833333333333315e-01	0	0	3
4.01730673539259786e-01	118	source_curvature	1.37247988650959238e-08	3.60843918243516498e-02	1.57221189750312240e-01	3	3	60	-2.08333333333333703e-02	-2.08333333333333703e-02	2.08333333333333287e-02	15	15	0
4.01730673539259786e-01	118	source_QQ	1.52553375172248855e-10	3.60843918243516498e-02	1.57221189750312240e-01	3	3	60	-2.08333333333333703e-02	-2.08333333333333703e-02	2.08333333333333287e-02	15	15	0
4.01730673539259786e-01	118	source_DeltaDelta	9.68432574912994122e-11	3.60843918243516498e-02	1.57221189750312240e-01	3	3	60	-2.08333333333333703e-02	-2.08333333333333703e-02	2.08333333333333287e-02	15	15	0
4.01730673539259786e-01	118	source_damping	0.00000000000000000e+00	3.42801722331340297e+00	1.49360130262796460e+01	3	0	0	-1.97916666666666674e+00	-1.97916666666666674e+00	-1.97916666666666674e+00	0	0	0
4.01730673539259786e-01	118	source_frame_correction	3.16869175933267349e-05	3.60843918243516498e-02	1.57221189750312240e-01	3	3	60	-2.08333333333333703e-02	-2.08333333333333703e-02	2.08333333333333287e-02	15	15	0
4.01730673539259786e-01	118	Psi_RHS_Linf	6.97988900993014295e-11	1.48779758927976069e-01	6.48239571925813496e-01	3	3	60	-2.08333333333333703e-02	-1.45833333333333370e-01	2.08333333333333287e-02	15	12	0
4.01730673539259786e-01	118	Pi_RHS_Linf	1.28579402321505475e-08	1.48779758927976069e-01	6.48239571925813496e-01	3	3	61	2.08333333333333287e-02	-1.45833333333333370e-01	2.08333333333333287e-02	0	12	0
4.01730673539259786e-01	118	Phi_RHS_Linf	5.28574196890565357e-09	1.48779758927976069e-01	6.48239571925813496e-01	3	3	60	-2.08333333333333703e-02	-1.45833333333333370e-01	2.08333333333333287e-02	15	12	0
4.01730673539259786e-01	118	Hhat_RHS_Linf	1.34873492133909564e-08	1.48779758927976069e-01	6.48239571925813496e-01	3	3	60	-1.45833333333333370e-01	-2.08333333333333703e-02	2.08333333333333287e-02	12	15	0
4.01730673539259786e-01	118	theta_RHS_Linf	4.11336416138560143e-09	1.48779758927976069e-01	6.48239571925813496e-01	3	3	61	2.08333333333333287e-02	-1.45833333333333370e-01	2.08333333333333287e-02	0	12	0
4.01730673539259786e-01	118	Upsilon_RHS_Linf	1.21834310211161714e-11	1.48779758927976069e-01	6.48239571925813496e-01	3	3	60	-2.08333333333333703e-02	-1.45833333333333370e-01	2.08333333333333287e-02	15	12	0
4.01730673539259786e-01	118	chi_beta	3.88264776756645773e+01	3.60843918243516290e-02	1.57221189750312129e-01	3	3	61	2.08333333333333287e-02	-2.08333333333333703e-02	2.08333333333333287e-02	0	15	0
4.01730673539259786e-01	118	chi_beta_near_r_lt_1	3.88264776756645773e+01	3.60843918243516290e-02	1.57221189750312129e-01	3	3	61	2.08333333333333287e-02	-2.08333333333333703e-02	2.08333333333333287e-02	0	15	0
4.01730673539259786e-01	118	chi_beta_inner_r_lt_0p5	3.88264776756645773e+01	3.60843918243516290e-02	1.57221189750312129e-01	3	3	61	2.08333333333333287e-02	-2.08333333333333703e-02	2.08333333333333287e-02	0	15	0
4.01730673539259786e-01	118	chi_beta_annulus_0p5_1	1.91125488339995409e+00	5.01300392313165144e-01	2.18418657256086979e+00	3	3	63	1.04166666666666644e-01	1.04166666666666644e-01	4.79166666666666574e-01	2	2	11
4.01730673539259786e-01	118	chi_beta_annulus_1_1p5	7.77645210784213670e-01	1.00065082987690235e+00	4.35987711151372803e+00	3	2	42	-6.45833333333333370e-01	-7.29166666666666741e-01	-2.29166666666666685e-01	0	14	10
4.01730673539259786e-01	118	chi_beta_annulus_1p5_2	4.38254956725824818e-01	1.50043396500256976e+00	6.53745293166572328e+00	3	4	86	9.79166666666666630e-01	-1.10416666666666674e+00	2.70833333333333259e-01	7	5	6
4.01730673539259786e-01	118	chi_beta_outer_r_ge_2	2.84571871002505139e-01	2.00032549434669127e+00	8.71550102991708009e+00	3	0	10	-2.70833333333333370e-01	-1.27083333333333348e+00	-1.52083333333333348e+00	9	1	11
4.01730673539259786e-01	118	chi_beta_first_ge_1	1.00000000000000000e+00	3.60843918243516776e-02	1.57221189750312351e-01	3	3	56	-2.08333333333333703e-02	-2.08333333333333703e-02	-2.08333333333333703e-02	15	15	15
4.52798132040012902e-01	133	reference_Ricci	0.00000000000000000e+00	3.42801722331340297e+00	1.54532641166053093e+01	3	0	0	-1.97916666666666674e+00	-1.97916666666666674e+00	-1.97916666666666674e+00	0	0	0
4.52798132040012902e-01	133	reference_Riemann	0.00000000000000000e+00	3.42801722331340297e+00	1.54532641166053093e+01	3	0	0	-1.97916666666666674e+00	-1.97916666666666674e+00	-1.97916666666666674e+00	0	0	0
4.52798132040012902e-01	133	spin_connection	0.00000000000000000e+00	3.42801722331340297e+00	1.54532641166053093e+01	3	0	0	-1.97916666666666674e+00	-1.97916666666666674e+00	-1.97916666666666674e+00	0	0	0
4.52798132040012902e-01	133	spin_derivative	0.00000000000000000e+00	3.42801722331340297e+00	1.54532641166053093e+01	3	0	0	-1.97916666666666674e+00	-1.97916666666666674e+00	-1.97916666666666674e+00	0	0	0
4.52798132040012902e-01	133	Psi	2.00000001023578866e+00	3.60843918243516498e-02	1.62665938069529753e-01	3	3	60	-2.08333333333333703e-02	-2.08333333333333703e-02	2.08333333333333287e-02	15	15	0
4.52798132040012902e-01	133	Q	4.52086640593918983e-05	3.60843918243516498e-02	1.62665938069529753e-01	3	3	60	-2.08333333333333703e-02	-2.08333333333333703e-02	2.08333333333333287e-02	15	15	0
4.52798132040012902e-01	133	Delta	2.79495634025299039e-05	3.60843918243516498e-02	1.62665938069529753e-01	3	3	60	-2.08333333333333703e-02	-2.08333333333333703e-02	2.08333333333333287e-02	15	15	0
4.52798132040012902e-01	133	Pi	3.88109105423853695e-05	3.60843918243516498e-02	1.62665938069529753e-01	3	3	60	-2.08333333333333703e-02	-2.08333333333333703e-02	2.08333333333333287e-02	15	15	0
4.52798132040012902e-01	133	Phi	2.21914111540973245e-08	6.90963497990708386e-02	3.11481557232762662e-01	3	3	60	-6.25000000000000000e-02	-2.08333333333333703e-02	2.08333333333333287e-02	14	15	0
4.52798132040012902e-01	133	GH_constraint	1.23738966012595060e-06	3.60843918243516498e-02	1.62665938069529753e-01	3	3	60	-2.08333333333333703e-02	-2.08333333333333703e-02	2.08333333333333287e-02	15	15	0
4.52798132040012902e-01	133	reduction_constraint	5.24483845038067289e-11	1.48779758927976069e-01	6.70688844350851521e-01	3	3	60	-1.45833333333333370e-01	-2.08333333333333703e-02	2.08333333333333287e-02	12	15	0
4.52798132040012902e-01	133	curl_constraint	8.00531841901378297e-10	1.48779758927976014e-01	6.70688844350851299e-01	3	3	63	2.08333333333333287e-02	2.08333333333333287e-02	1.45833333333333315e-01	0	0	3
4.52798132040012902e-01	133	source_curvature	5.55802499612940476e-08	3.60843918243516498e-02	1.62665938069529753e-01	3	3	60	-2.08333333333333703e-02	-2.08333333333333703e-02	2.08333333333333287e-02	15	15	0
4.52798132040012902e-01	133	source_QQ	2.46107926281927509e-09	3.60843918243516498e-02	1.62665938069529753e-01	3	3	60	-2.08333333333333703e-02	-2.08333333333333703e-02	2.08333333333333287e-02	15	15	0
4.52798132040012902e-01	133	source_DeltaDelta	1.56235331860065462e-09	3.60843918243516498e-02	1.62665938069529753e-01	3	3	60	-2.08333333333333703e-02	-2.08333333333333703e-02	2.08333333333333287e-02	15	15	0
4.52798132040012902e-01	133	source_damping	0.00000000000000000e+00	3.42801722331340297e+00	1.54532641166053093e+01	3	0	0	-1.97916666666666674e+00	-1.97916666666666674e+00	-1.97916666666666674e+00	0	0	0
4.52798132040012902e-01	133	source_frame_correction	1.27272323577546942e-04	3.60843918243516498e-02	1.62665938069529753e-01	3	3	60	-2.08333333333333703e-02	-2.08333333333333703e-02	2.08333333333333287e-02	15	15	0
4.52798132040012902e-01	133	Psi_RHS_Linf	2.90477071816015727e-10	1.48779758927976069e-01	6.70688844350851521e-01	3	3	60	-2.08333333333333703e-02	-1.45833333333333370e-01	2.08333333333333287e-02	15	12	0
4.52798132040012902e-01	133	Pi_RHS_Linf	4.93056523848193365e-08	1.48779758927976069e-01	6.70688844350851521e-01	3	3	61	2.08333333333333287e-02	-1.45833333333333370e-01	2.08333333333333287e-02	0	12	0
4.52798132040012902e-01	133	Phi_RHS_Linf	2.14742999642489435e-08	1.48779758927976069e-01	6.70688844350851521e-01	3	3	60	-2.08333333333333703e-02	-1.45833333333333370e-01	2.08333333333333287e-02	15	12	0
4.52798132040012902e-01	133	Hhat_RHS_Linf	5.41915138273470877e-08	1.48779758927976069e-01	6.70688844350851521e-01	3	3	60	-1.45833333333333370e-01	-2.08333333333333703e-02	2.08333333333333287e-02	12	15	0
4.52798132040012902e-01	133	theta_RHS_Linf	1.56343589336465109e-08	1.48779758927976069e-01	6.70688844350851521e-01	3	3	61	2.08333333333333287e-02	-1.45833333333333370e-01	2.08333333333333287e-02	0	12	0
4.52798132040012902e-01	133	Upsilon_RHS_Linf	4.86429779671352350e-11	1.48779758927976069e-01	6.70688844350851521e-01	3	3	60	-1.45833333333333370e-01	-2.08333333333333703e-02	2.08333333333333287e-02	12	15	0
4.52798132040012902e-01	133	chi_beta	3.88264779213723443e+01	3.60843918243516290e-02	1.62665938069529670e-01	3	3	61	2.08333333333333287e-02	-2.08333333333333703e-02	2.08333333333333287e-02	0	15	0
4.52798132040012902e-01	133	chi_beta_near_r_lt_1	3.88264779213723443e+01	3.60843918243516290e-02	1.62665938069529670e-01	3	3	61	2.08333333333333287e-02	-2.08333333333333703e-02	2.08333333333333287e-02	0	15	0
4.52798132040012902e-01	133	chi_beta_inner_r_lt_0p5	3.88264779213723443e+01	3.60843918243516290e-02	1.62665938069529670e-01	3	3	61	2.08333333333333287e-02	-2.08333333333333703e-02	2.08333333333333287e-02	0	15	0
4.52798132040012902e-01	133	chi_beta_annulus_0p5_1	1.91125488339995475e+00	5.01300392313165144e-01	2.25982743362225014e+00	3	3	60	-1.04166666666666630e-01	-1.04166666666666630e-01	4.79166666666666574e-01	13	13	11
4.52798132040012902e-01	133	chi_beta_annulus_1_1p5	7.77645210784214003e-01	1.00065082987690235e+00	4.51086460634574848e+00	3	3	55	-7.29166666666666741e-01	6.45833333333333148e-01	2.29166666666666630e-01	14	15	5
4.52798132040012902e-01	133	chi_beta_annulus_1p5_2	4.38254956725824485e-01	1.50043396500256976e+00	6.76385234969696825e+00	3	7	140	1.10416666666666674e+00	9.79166666666666630e-01	2.70833333333333259e-01	10	7	6
4.52798132040012902e-01	133	chi_beta_outer_r_ge_2	2.84571871002505139e-01	2.00032549434669127e+00	9.01732872667438379e+00	3	0	5	-1.10416666666666674e+00	-1.47916666666666674e+00	-7.70833333333333370e-01	5	12	13
4.52798132040012902e-01	133	chi_beta_first_ge_1	1.00000000000000000e+00	3.60843918243516776e-02	1.62665938069529892e-01	3	3	56	-2.08333333333333703e-02	-2.08333333333333703e-02	-2.08333333333333703e-02	15	15	15
5.00461093307382532e-01	147	reference_Ricci	0.00000000000000000e+00	3.42801722331340297e+00	1.59521809765423050e+01	3	0	0	-1.97916666666666674e+00	-1.97916666666666674e+00	-1.97916666666666674e+00	0	0	0
5.00461093307382532e-01	147	reference_Riemann	0.00000000000000000e+00	3.42801722331340297e+00	1.59521809765423050e+01	3	0	0	-1.97916666666666674e+00	-1.97916666666666674e+00	-1.97916666666666674e+00	0	0	0
5.00461093307382532e-01	147	spin_connection	0.00000000000000000e+00	3.42801722331340297e+00	1.59521809765423050e+01	3	0	0	-1.97916666666666674e+00	-1.97916666666666674e+00	-1.97916666666666674e+00	0	0	0
5.00461093307382532e-01	147	spin_derivative	0.00000000000000000e+00	3.42801722331340297e+00	1.59521809765423050e+01	3	0	0	-1.97916666666666674e+00	-1.97916666666666674e+00	-1.97916666666666674e+00	0	0	0
5.00461093307382532e-01	147	Psi	2.00000003744112087e+00	3.60843918243516498e-02	1.67917694489919167e-01	3	3	60	-2.08333333333333703e-02	-2.08333333333333703e-02	2.08333333333333287e-02	15	15	0
5.00461093307382532e-01	147	Q	1.65145914414808662e-04	3.60843918243516498e-02	1.67917694489919167e-01	3	3	60	-2.08333333333333703e-02	-2.08333333333333703e-02	2.08333333333333287e-02	15	15	0
5.00461093307382532e-01	147	Delta	1.02098517920582070e-04	3.60843918243516498e-02	1.67917694489919167e-01	3	3	60	-2.08333333333333703e-02	-2.08333333333333703e-02	2.08333333333333287e-02	15	15	0
5.00461093307382532e-01	147	Pi	1.41776944844165261e-04	3.60843918243516498e-02	1.67917694489919167e-01	3	3	60	-2.08333333333333703e-02	-2.08333333333333703e-02	2.08333333333333287e-02	15	15	0
5.00461093307382532e-01	147	Phi	8.08564949172912579e-08	6.90963497990708386e-02	3.21537905153191139e-01	3	3	60	-6.25000000000000000e-02	-2.08333333333333703e-02	2.08333333333333287e-02	14	15	0
5.00461093307382532e-01	147	GH_constraint	4.53976413497770202e-06	3.60843918243516498e-02	1.67917694489919167e-01	3	3	60	-2.08333333333333703e-02	-2.08333333333333703e-02	2.08333333333333287e-02	15	15	0
5.00461093307382532e-01	147	reduction_constraint	1.90454294807837623e-10	1.48779758927976069e-01	6.92342390792132778e-01	3	3	60	-1.45833333333333370e-01	-2.08333333333333703e-02	2.08333333333333287e-02	12	15	0
5.00461093307382532e-01	147	curl_constraint	2.79185120000598755e-09	1.48779758927976014e-01	6.92342390792132556e-01	3	3	63	2.08333333333333287e-02	2.08333333333333287e-02	1.45833333333333315e-01	0	0	3
5.00461093307382532e-01	147	source_curvature	2.03675500776103483e-07	3.60843918243516498e-02	1.67917694489919167e-01	3	3	60	-2.08333333333333703e-02	-2.08333333333333703e-02	2.08333333333333287e-02	15	15	0
5.00461093307382532e-01	147	source_QQ	3.28423523298818950e-08	3.60843918243516498e-02	1.67917694489919167e-01	3	3	60	-2.08333333333333703e-02	-2.08333333333333703e-02	2.08333333333333287e-02	15	15	0
5.00461093307382532e-01	147	source_DeltaDelta	2.08481728146100822e-08	3.60843918243516498e-02	1.67917694489919167e-01	3	3	60	-2.08333333333333703e-02	-2.08333333333333703e-02	2.08333333333333287e-02	15	15	0
5.00461093307382532e-01	147	source_damping	0.00000000000000000e+00	3.42801722331340297e+00	1.59521809765423050e+01	3	0	0	-1.97916666666666674e+00	-1.97916666666666674e+00	-1.97916666666666674e+00	0	0	0
5.00461093307382532e-01	147	source_frame_correction	4.64915322524272090e-04	3.60843918243516498e-02	1.67917694489919167e-01	3	3	60	-2.08333333333333703e-02	-2.08333333333333703e-02	2.08333333333333287e-02	15	15	0
5.00461093307382532e-01	147	Psi_RHS_Linf	1.08993195550774135e-09	1.48779758927976069e-01	6.92342390792132778e-01	3	3	60	-1.45833333333333370e-01	-2.08333333333333703e-02	2.08333333333333287e-02	12	15	0
5.00461093307382532e-01	147	Pi_RHS_Linf	1.72096933622946150e-07	1.48779758927976069e-01	6.92342390792132778e-01	3	3	60	-1.45833333333333370e-01	-2.08333333333333703e-02	2.08333333333333287e-02	12	15	0
5.00461093307382532e-01	147	Phi_RHS_Linf	7.90191676875726137e-08	1.48779758927976069e-01	6.92342390792132778e-01	3	3	60	-1.45833333333333370e-01	-2.08333333333333703e-02	2.08333333333333287e-02	12	15	0
5.00461093307382532e-01	147	Hhat_RHS_Linf	1.96375259610595952e-07	1.48779758927976069e-01	6.92342390792132778e-01	3	3	60	-1.45833333333333370e-01	-2.08333333333333703e-02	2.08333333333333287e-02	12	15	0
5.00461093307382532e-01	147	theta_RHS_Linf	5.42741871556024904e-08	1.48779758927976069e-01	6.92342390792132778e-01	3	3	61	2.08333333333333287e-02	-1.45833333333333370e-01	2.08333333333333287e-02	0	12	0
5.00461093307382532e-01	147	Upsilon_RHS_Linf	1.77043040927111721e-10	1.48779758927976069e-01	6.92342390792132778e-01	3	3	60	-1.45833333333333370e-01	-2.08333333333333703e-02	2.08333333333333287e-02	12	15	0
5.00461093307382532e-01	147	chi_beta	3.88264787496793247e+01	3.60843918243516290e-02	1.67917694489919084e-01	3	3	61	2.08333333333333287e-02	-2.08333333333333703e-02	2.08333333333333287e-02	0	15	0
5.00461093307382532e-01	147	chi_beta_near_r_lt_1	3.88264787496793247e+01	3.60843918243516290e-02	1.67917694489919084e-01	3	3	61	2.08333333333333287e-02	-2.08333333333333703e-02	2.08333333333333287e-02	0	15	0
5.00461093307382532e-01	147	chi_beta_inner_r_lt_0p5	3.88264787496793247e+01	3.60843918243516290e-02	1.67917694489919084e-01	3	3	61	2.08333333333333287e-02	-2.08333333333333703e-02	2.08333333333333287e-02	0	15	0
5.00461093307382532e-01	147	chi_beta_annulus_0p5_1	1.91125488339995320e+00	5.01300392313165144e-01	2.33278716553874332e+00	3	3	61	1.04166666666666644e-01	-1.04166666666666630e-01	4.79166666666666574e-01	2	13	11
5.00461093307382532e-01	147	chi_beta_annulus_1_1p5	7.77645210784214114e-01	1.00065082987690235e+00	4.65650027192533500e+00	3	1	30	-2.29166666666666685e-01	6.45833333333333148e-01	-7.29166666666666741e-01	10	15	14
5.00461093307382532e-01	147	chi_beta_annulus_1p5_2	4.38254956725824651e-01	1.50043396500256976e+00	6.98222692415092450e+00	3	6	117	-1.10416666666666674e+00	9.79166666666666630e-01	2.70833333333333259e-01	5	7	6
5.00461093307382532e-01	147	chi_beta_outer_r_ge_2	2.84571871002505139e-01	2.00032549434669127e+00	9.30845798579949957e+00	3	0	5	-1.10416666666666674e+00	-1.47916666666666674e+00	-7.70833333333333370e-01	5	12	13
5.00461093307382532e-01	147	chi_beta_first_ge_1	1.00000000000000000e+00	3.60843918243516776e-02	1.67917694489919306e-01	3	3	56	-2.08333333333333703e-02	-2.08333333333333703e-02	-2.08333333333333703e-02	15	15	15
5.51528551808135648e-01	162	reference_Ricci	0.00000000000000000e+00	3.42801722331340297e+00	1.65046231168022821e+01	3	0	0	-1.97916666666666674e+00	-1.97916666666666674e+00	-1.97916666666666674e+00	0	0	0
5.51528551808135648e-01	162	reference_Riemann	0.00000000000000000e+00	3.42801722331340297e+00	1.65046231168022821e+01	3	0	0	-1.97916666666666674e+00	-1.97916666666666674e+00	-1.97916666666666674e+00	0	0	0
5.51528551808135648e-01	162	spin_connection	0.00000000000000000e+00	3.42801722331340297e+00	1.65046231168022821e+01	3	0	0	-1.97916666666666674e+00	-1.97916666666666674e+00	-1.97916666666666674e+00	0	0	0
5.51528551808135648e-01	162	spin_derivative	0.00000000000000000e+00	3.42801722331340297e+00	1.65046231168022821e+01	3	0	0	-1.97916666666666674e+00	-1.97916666666666674e+00	-1.97916666666666674e+00	0	0	0
5.51528551808135648e-01	162	Psi	2.00000014990189268e+00	3.60843918243516498e-02	1.73732874913708424e-01	3	3	60	-2.08333333333333703e-02	-2.08333333333333703e-02	2.08333333333333287e-02	15	15	0
5.51528551808135648e-01	162	Q	6.60182553010779790e-04	3.60843918243516498e-02	1.73732874913708424e-01	3	3	60	-2.08333333333333703e-02	-2.08333333333333703e-02	2.08333333333333287e-02	15	15	0
5.51528551808135648e-01	162	Delta	4.08152693193014550e-04	3.60843918243516498e-02	1.73732874913708424e-01	3	3	60	-2.08333333333333703e-02	-2.08333333333333703e-02	2.08333333333333287e-02	15	15	0
5.51528551808135648e-01	162	Pi	5.66758415611498989e-04	3.60843918243516498e-02	1.73732874913708424e-01	3	3	60	-2.08333333333333703e-02	-2.08333333333333703e-02	2.08333333333333287e-02	15	15	0
5.51528551808135648e-01	162	Phi	3.22559013478168169e-07	6.90963497990708386e-02	3.32673127901650711e-01	3	3	60	-6.25000000000000000e-02	-2.08333333333333703e-02	2.08333333333333287e-02	14	15	0
5.51528551808135648e-01	162	GH_constraint	1.82206892370567289e-05	3.60843918243516498e-02	1.73732874913708424e-01	3	3	60	-2.08333333333333703e-02	-2.08333333333333703e-02	2.08333333333333287e-02	15	15	0
5.51528551808135648e-01	162	reduction_constraint	7.56921842368368367e-10	1.48779758927976069e-01	7.16318993911439827e-01	3	3	60	-1.45833333333333370e-01	-2.08333333333333703e-02	2.08333333333333287e-02	12	15	0
5.51528551808135648e-01	162	curl_constraint	1.06428022570273695e-08	1.48779758927976014e-01	7.16318993911439605e-01	3	3	63	2.08333333333333287e-02	2.08333333333333287e-02	1.45833333333333315e-01	0	0	3
5.51528551808135648e-01	162	source_curvature	8.15896000279978048e-07	3.60843918243516498e-02	1.73732874913708424e-01	3	3	60	-2.08333333333333703e-02	-2.08333333333333703e-02	2.08333333333333287e-02	15	15	0
5.51528551808135648e-01	162	source_QQ	5.24839446178889211e-07	3.60843918243516498e-02	1.73732874913708424e-01	3	3	60	-2.08333333333333703e-02	-2.08333333333333703e-02	2.08333333333333287e-02	15	15	0
5.51528551808135648e-01	162	source_DeltaDelta	3.33176401294774709e-07	3.60843918243516498e-02	1.73732874913708424e-01	3	3	60	-2.08333333333333703e-02	-2.08333333333333703e-02	2.08333333333333287e-02	15	15	0
5.51528551808135648e-01	162	source_damping	0.00000000000000000e+00	3.42801722331340297e+00	1.65046231168022821e+01	3	0	0	-1.97916666666666674e+00	-1.97916666666666674e+00	-1.97916666666666674e+00	0	0	0
5.51528551808135648e-01	162	source_frame_correction	1.85847323819440628e-03	3.60843918243516498e-02	1.73732874913708424e-01	3	3	60	-2.08333333333333703e-02	-2.08333333333333703e-02	2.08333333333333287e-02	15	15	0
5.51528551808135648e-01	162	Psi_RHS_Linf	4.43821578118724595e-09	1.48779758927976069e-01	7.16318993911439827e-01	3	3	60	-1.45833333333333370e-01	-2.08333333333333703e-02	2.08333333333333287e-02	12	15	0
5.51528551808135648e-01	162	Pi_RHS_Linf	6.88679767026541829e-07	1.48779758927976069e-01	7.16318993911439827e-01	3	3	60	-1.45833333333333370e-01	-2.08333333333333703e-02	2.08333333333333287e-02	12	15	0
5.51528551808135648e-01	162	Phi_RHS_Linf	3.17462631695422097e-07	1.48779758927976069e-01	7.16318993911439827e-01	3	3	60	-1.45833333333333370e-01	-2.08333333333333703e-02	2.08333333333333287e-02	12	15	0
5.51528551808135648e-01	162	Hhat_RHS_Linf	7.73267075879590530e-07	1.48779758927976069e-01	7.16318993911439827e-01	3	3	60	-1.45833333333333370e-01	-2.08333333333333703e-02	2.08333333333333287e-02	12	15	0
5.51528551808135648e-01	162	theta_RHS_Linf	2.06323566127005367e-07	1.48779758927976069e-01	7.16318993911439827e-01	3	3	61	2.08333333333333287e-02	-1.45833333333333370e-01	2.08333333333333287e-02	0	12	0
5.51528551808135648e-01	162	Upsilon_RHS_Linf	7.00332694341750463e-10	1.48779758927976069e-01	7.16318993911439827e-01	3	3	60	-1.45833333333333370e-01	-2.08333333333333703e-02	2.08333333333333287e-02	12	15	0
5.51528551808135648e-01	162	chi_beta	3.88264820242108328e+01	3.60843918243516290e-02	1.73732874913708313e-01	3	3	61	2.08333333333333287e-02	-2.08333333333333703e-02	2.08333333333333287e-02	0	15	0
5.51528551808135648e-01	162	chi_beta_near_r_lt_1	3.88264820242108328e+01	3.60843918243516290e-02	1.73732874913708313e-01	3	3	61	2.08333333333333287e-02	-2.08333333333333703e-02	2.08333333333333287e-02	0	15	0
5.51528551808135648e-01	162	chi_beta_inner_r_lt_0p5	3.88264820242108328e+01	3.60843918243516290e-02	1.73732874913708313e-01	3	3	61	2.08333333333333287e-02	-2.08333333333333703e-02	2.08333333333333287e-02	0	15	0
5.51528551808135648e-01	162	chi_beta_annulus_0p5_1	1.91125488339995431e+00	5.01300392313165144e-01	2.41357423386478009e+00	3	3	59	3.95833333333333259e-01	1.45833333333333315e-01	-2.70833333333333370e-01	9	3	9
5.51528551808135648e-01	162	chi_beta_annulus_1_1p5	7.77645210784214003e-01	1.00065082987690235e+00	4.81776016360575010e+00	3	1	31	6.45833333333333148e-01	2.29166666666666630e-01	-7.29166666666666741e-01	15	5	14
5.51528551808135648e-01	162	chi_beta_annulus_1p5_2	4.38254956725824873e-01	1.50043396500256976e+00	7.22402937056442163e+00	3	4	86	9.79166666666666630e-01	-1.10416666666666674e+00	2.70833333333333259e-01	7	5	6
5.51528551808135648e-01	162	chi_beta_outer_r_ge_2	2.84571871002505083e-01	2.00032549434669127e+00	9.63082045521712971e+00	3	0	5	-1.10416666666666674e+00	-1.47916666666666674e+00	-7.70833333333333370e-01	5	12	13
5.51528551808135648e-01	162	chi_beta_first_ge_1	1.00000000000000000e+00	3.60843918243516776e-02	1.73732874913708535e-01	3	3	56	-2.08333333333333703e-02	-2.08333333333333703e-02	-2.08333333333333703e-02	15	15	15
6.02596010308888763e-01	177	reference_Ricci	0.00000000000000000e+00	3.42801722331340297e+00	1.70761969556546838e+01	3	0	0	-1.97916666666666674e+00	-1.97916666666666674e+00	-1.97916666666666674e+00	0	0	0
6.02596010308888763e-01	177	reference_Riemann	0.00000000000000000e+00	3.42801722331340297e+00	1.70761969556546838e+01	3	0	0	-1.97916666666666674e+00	-1.97916666666666674e+00	-1.97916666666666674e+00	0	0	0
6.02596010308888763e-01	177	spin_connection	0.00000000000000000e+00	3.42801722331340297e+00	1.70761969556546838e+01	3	0	0	-1.97916666666666674e+00	-1.97916666666666674e+00	-1.97916666666666674e+00	0	0	0
6.02596010308888763e-01	177	spin_derivative	0.00000000000000000e+00	3.42801722331340297e+00	1.70761969556546838e+01	3	0	0	-1.97916666666666674e+00	-1.97916666666666674e+00	-1.97916666666666674e+00	0	0	0
6.02596010308888763e-01	177	Psi	2.00000059875854852e+00	3.60843918243516498e-02	1.79749441638470564e-01	3	3	60	-2.08333333333333703e-02	-2.08333333333333703e-02	2.08333333333333287e-02	15	15	0
6.02596010308888763e-01	177	Q	2.63339752203016648e-03	3.60843918243516498e-02	1.79749441638470564e-01	3	3	60	-2.08333333333333703e-02	-2.08333333333333703e-02	2.08333333333333287e-02	15	15	0
6.02596010308888763e-01	177	Delta	1.62812015115904756e-03	3.60843918243516498e-02	1.79749441638470564e-01	3	3	60	-2.08333333333333703e-02	-2.08333333333333703e-02	2.08333333333333287e-02	15	15	0
6.02596010308888763e-01	177	Pi	2.26069135747297310e-03	3.60843918243516498e-02	1.79749441638470564e-01	3	3	60	-2.08333333333333703e-02	-2.08333333333333703e-02	2.08333333333333287e-02	15	15	0
6.02596010308888763e-01	177	Phi	1.28448597574880041e-06	6.90963497990708386e-02	3.44193976057474815e-01	3	3	60	-6.25000000000000000e-02	-2.08333333333333703e-02	2.08333333333333287e-02	14	15	0
6.02596010308888763e-01	177	GH_constraint	7.29311660216097461e-05	3.60843918243516498e-02	1.79749441638470564e-01	3	3	60	-2.08333333333333703e-02	-2.08333333333333703e-02	2.08333333333333287e-02	15	15	0
6.02596010308888763e-01	177	reduction_constraint	3.00417590537465793e-09	1.48779758927976069e-01	7.41125934021210631e-01	3	3	60	-1.45833333333333370e-01	-2.08333333333333703e-02	2.08333333333333287e-02	12	15	0
6.02596010308888763e-01	177	curl_constraint	4.15842492678205355e-08	1.48779758927976014e-01	7.41125934021210409e-01	3	3	61	2.08333333333333287e-02	-2.08333333333333703e-02	1.45833333333333315e-01	0	15	3
6.02596010308888763e-01	177	source_curvature	3.25958872649111994e-06	3.60843918243516498e-02	1.79749441638470564e-01	3	3	60	-2.08333333333333703e-02	-2.08333333333333703e-02	2.08333333333333287e-02	15	15	0
6.02596010308888763e-01	177	source_QQ	8.35066388538650591e-06	3.60843918243516498e-02	1.79749441638470564e-01	3	3	60	-2.08333333333333703e-02	-2.08333333333333703e-02	2.08333333333333287e-02	15	15	0
6.02596010308888763e-01	177	source_DeltaDelta	5.30152725369211703e-06	3.60843918243516498e-02	1.79749441638470564e-01	3	3	60	-2.08333333333333703e-02	-2.08333333333333703e-02	2.08333333333333287e-02	15	15	0
6.02596010308888763e-01	177	source_damping	0.00000000000000000e+00	3.42801722331340297e+00	1.70761969556546838e+01	3	0	0	-1.97916666666666674e+00	-1.97916666666666674e+00	-1.97916666666666674e+00	0	0	0
6.02596010308888763e-01	177	source_frame_correction	7.41200471562942359e-03	3.60843918243516498e-02	1.79749441638470564e-01	3	3	60	-2.08333333333333703e-02	-2.08333333333333703e-02	2.08333333333333287e-02	15	15	0
6.02596010308888763e-01	177	Psi_RHS_Linf	1.77792383892633444e-08	1.48779758927976069e-01	7.41125934021210631e-01	3	3	60	-1.45833333333333370e-01	-2.08333333333333703e-02	2.08333333333333287e-02	12	15	0
6.02596010308888763e-01	177	Pi_RHS_Linf	2.71891691342446491e-06	1.48779758927976069e-01	7.41125934021210631e-01	3	3	60	-1.45833333333333370e-01	-2.08333333333333703e-02	2.08333333333333287e-02	12	15	0
6.02596010308888763e-01	177	Phi_RHS_Linf	1.26992461159285353e-06	1.48779758927976069e-01	7.41125934021210631e-01	3	3	60	-1.45833333333333370e-01	-2.08333333333333703e-02	2.08333333333333287e-02	12	15	0
6.02596010308888763e-01	177	Hhat_RHS_Linf	3.03399173823596430e-06	1.48779758927976069e-01	7.41125934021210631e-01	3	3	60	-1.45833333333333370e-01	-2.08333333333333703e-02	2.08333333333333287e-02	12	15	0
6.02596010308888763e-01	177	theta_RHS_Linf	7.86595841475319596e-07	1.48779758927976069e-01	7.41125934021210631e-01	3	3	61	2.08333333333333287e-02	-1.45833333333333370e-01	2.08333333333333287e-02	0	12	0
6.02596010308888763e-01	177	Upsilon_RHS_Linf	2.75764667631362409e-09	1.48779758927976069e-01	7.41125934021210631e-01	3	3	60	-1.45833333333333370e-01	-2.08333333333333703e-02	2.08333333333333287e-02	12	15	0
6.02596010308888763e-01	177	chi_beta	3.88264945692211327e+01	3.60843918243516290e-02	1.79749441638470453e-01	3	3	61	2.08333333333333287e-02	-2.08333333333333703e-02	2.08333333333333287e-02	0	15	0
6.02596010308888763e-01	177	chi_beta_near_r_lt_1	3.88264945692211327e+01	3.60843918243516290e-02	1.79749441638470453e-01	3	3	61	2.08333333333333287e-02	-2.08333333333333703e-02	2.08333333333333287e-02	0	15	0
6.02596010308888763e-01	177	chi_beta_inner_r_lt_0p5	3.88264945692211327e+01	3.60843918243516290e-02	1.79749441638470453e-01	3	3	61	2.08333333333333287e-02	-2.08333333333333703e-02	2.08333333333333287e-02	0	15	0
6.02596010308888763e-01	177	chi_beta_annulus_0p5_1	1.91125488339995897e+00	5.01300392313165033e-01	2.49715905009732531e+00	3	3	63	3.54166666666666574e-01	3.54166666666666574e-01	2.08333333333333287e-02	8	8	0
6.02596010308888763e-01	177	chi_beta_annulus_1_1p5	7.77645210784214114e-01	1.00065082987690235e+00	4.98460466843900196e+00	3	1	30	-2.29166666666666685e-01	6.45833333333333148e-01	-7.29166666666666741e-01	10	15	14
6.02596010308888763e-01	177	chi_beta_annulus_1p5_2	4.38254956725824651e-01	1.50043396500256976e+00	7.47420571025390412e+00	3	6	117	-1.10416666666666674e+00	9.79166666666666630e-01	2.70833333333333259e-01	5	7	6
6.02596010308888763e-01	177	chi_beta_outer_r_ge_2	2.84571871002505139e-01	2.00032549434669127e+00	9.96434670297995950e+00	3	1	20	-1.77083333333333348e+00	-5.20833333333333370e-01	-7.70833333333333370e-01	5	3	13
6.02596010308888763e-01	177	chi_beta_first_ge_1	1.00000000000000000e+00	3.60843918243516776e-02	1.79749441638470703e-01	3	3	56	-2.08333333333333703e-02	-2.08333333333333703e-02	-2.08333333333333703e-02	15	15	15
6.50258971576258338e-01	191	reference_Ricci	0.00000000000000000e+00	3.42801722331340297e+00	1.76275110664143746e+01	3	0	0	-1.97916666666666674e+00	-1.97916666666666674e+00	-1.97916666666666674e+00	0	0	0
6.50258971576258338e-01	191	reference_Riemann	0.00000000000000000e+00	3.42801722331340297e+00	1.76275110664143746e+01	3	0	0	-1.97916666666666674e+00	-1.97916666666666674e+00	-1.97916666666666674e+00	0	0	0
6.50258971576258338e-01	191	spin_connection	0.00000000000000000e+00	3.42801722331340297e+00	1.76275110664143746e+01	3	0	0	-1.97916666666666674e+00	-1.97916666666666674e+00	-1.97916666666666674e+00	0	0	0
6.50258971576258338e-01	191	spin_derivative	0.00000000000000000e+00	3.42801722331340297e+00	1.76275110664143746e+01	3	0	0	-1.97916666666666674e+00	-1.97916666666666674e+00	-1.97916666666666674e+00	0	0	0
6.50258971576258338e-01	191	Psi	2.00000217672039371e+00	3.60843918243516498e-02	1.85552748067519951e-01	3	3	60	-2.08333333333333703e-02	-2.08333333333333703e-02	2.08333333333333287e-02	15	15	0
6.50258971576258338e-01	191	Q	9.56314249208559293e-03	3.60843918243516498e-02	1.85552748067519951e-01	3	3	60	-2.08333333333333703e-02	-2.08333333333333703e-02	2.08333333333333287e-02	15	15	0
6.50258971576258338e-01	191	Delta	5.91263522953898012e-03	3.60843918243516498e-02	1.85552748067519951e-01	3	3	60	-2.08333333333333703e-02	-2.08333333333333703e-02	2.08333333333333287e-02	15	15	0
6.50258971576258338e-01	191	Pi	8.20949200169296921e-03	3.60843918243516498e-02	1.85552748067519951e-01	3	3	60	-2.08333333333333703e-02	-2.08333333333333703e-02	2.08333333333333287e-02	15	15	0
6.50258971576258338e-01	191	Phi	4.65820540267631138e-06	6.90963497990708386e-02	3.55306461837051779e-01	3	3	60	-6.25000000000000000e-02	-2.08333333333333703e-02	2.08333333333333287e-02	14	15	0
6.50258971576258338e-01	191	GH_constraint	2.65574542766487383e-04	3.60843918243516498e-02	1.85552748067519951e-01	3	3	60	-2.08333333333333703e-02	-2.08333333333333703e-02	2.08333333333333287e-02	15	15	0
6.50258971576258338e-01	191	reduction_constraint	1.08651539064400373e-08	1.48779758927976069e-01	7.65053579406007267e-01	3	3	60	-1.45833333333333370e-01	-2.08333333333333703e-02	2.08333333333333287e-02	12	15	0
6.50258971576258338e-01	191	curl_constraint	1.49025321855428128e-07	1.48779758927976014e-01	7.65053579406006934e-01	3	3	61	2.08333333333333287e-02	-2.08333333333333703e-02	1.45833333333333315e-01	0	15	3
6.50258971576258338e-01	191	source_curvature	1.18510435392335780e-05	3.60843918243516498e-02	1.85552748067519951e-01	3	3	60	-2.08333333333333703e-02	-2.08333333333333703e-02	2.08333333333333287e-02	15	15	0
6.50258971576258338e-01	191	source_QQ	1.10122798189813670e-04	3.60843918243516498e-02	1.85552748067519951e-01	3	3	60	-2.08333333333333703e-02	-2.08333333333333703e-02	2.08333333333333287e-02	15	15	0
6.50258971576258338e-01	191	source_DeltaDelta	6.99177597245737666e-05	3.60843918243516498e-02	1.85552748067519951e-01	3	3	60	-2.08333333333333703e-02	-2.08333333333333703e-02	2.08333333333333287e-02	15	15	0
6.50258971576258338e-01	191	source_damping	0.00000000000000000e+00	3.42801722331340297e+00	1.76275110664143746e+01	3	0	0	-1.97916666666666674e+00	-1.97916666666666674e+00	-1.97916666666666674e+00	0	0	0
6.50258971576258338e-01	191	source_frame_correction	2.68988129819336848e-02	3.60843918243516498e-02	1.85552748067519951e-01	3	3	60	-2.08333333333333703e-02	-2.08333333333333703e-02	2.08333333333333287e-02	15	15	0
6.50258971576258338e-01	191	Psi_RHS_Linf	6.44572096592534818e-08	1.48779758927976069e-01	7.65053579406007267e-01	3	3	60	-1.45833333333333370e-01	-2.08333333333333703e-02	2.08333333333333287e-02	12	15	0
6.50258971576258338e-01	191	Pi_RHS_Linf	9.75289151163632975e-06	1.48779758927976069e-01	7.65053579406007267e-01	3	3	60	-1.45833333333333370e-01	-2.08333333333333703e-02	2.08333333333333287e-02	12	15	0
6.50258971576258338e-01	191	Phi_RHS_Linf	4.61945931598202490e-06	1.48779758927976069e-01	7.65053579406007267e-01	3	3	60	-1.45833333333333370e-01	-2.08333333333333703e-02	2.08333333333333287e-02	12	15	0
6.50258971576258338e-01	191	Hhat_RHS_Linf	1.08663635695857488e-05	1.48779758927976069e-01	7.65053579406007267e-01	3	3	60	-1.45833333333333370e-01	-2.08333333333333703e-02	2.08333333333333287e-02	12	15	0
6.50258971576258338e-01	191	theta_RHS_Linf	2.74990153052541450e-06	1.48779758927976069e-01	7.65053579406007267e-01	3	3	61	2.08333333333333287e-02	-1.45833333333333370e-01	2.08333333333333287e-02	0	12	0
6.50258971576258338e-01	191	Upsilon_RHS_Linf	9.90002372035177172e-09	1.48779758927976069e-01	7.65053579406007267e-01	3	3	60	-1.45833333333333370e-01	-2.08333333333333703e-02	2.08333333333333287e-02	12	15	0
6.50258971576258338e-01	191	chi_beta	3.88265371425876680e+01	3.60843918243516290e-02	1.85552748067519840e-01	3	3	61	2.08333333333333287e-02	-2.08333333333333703e-02	2.08333333333333287e-02	0	15	0
6.50258971576258338e-01	191	chi_beta_near_r_lt_1	3.88265371425876680e+01	3.60843918243516290e-02	1.85552748067519840e-01	3	3	61	2.08333333333333287e-02	-2.08333333333333703e-02	2.08333333333333287e-02	0	15	0
6.50258971576258338e-01	191	chi_beta_inner_r_lt_0p5	3.88265371425876680e+01	3.60843918243516290e-02	1.85552748067519840e-01	3	3	61	2.08333333333333287e-02	-2.08333333333333703e-02	2.08333333333333287e-02	0	15	0
6.50258971576258338e-01	191	chi_beta_annulus_0p5_1	1.91125488339996230e+00	5.01300392313165144e-01	2.57778115961650833e+00	3	3	60	-3.54166666666666685e-01	-2.08333333333333703e-02	3.54166666666666574e-01	7	15	8
6.50258971576258338e-01	191	chi_beta_annulus_1_1p5	7.77645210784214225e-01	1.00065082987690235e+00	5.14553528416131822e+00	3	3	55	-8.95833333333333481e-01	3.54166666666666574e-01	2.70833333333333259e-01	10	8	6
6.50258971576258338e-01	191	chi_beta_annulus_1p5_2	4.38254956725824818e-01	1.50043396500256976e+00	7.71551442117382003e+00	3	7	140	9.79166666666666630e-01	1.10416666666666674e+00	2.70833333333333259e-01	7	10	6
6.50258971576258338e-01	191	chi_beta_outer_r_ge_2	2.84571871002505139e-01	2.00032549434669127e+00	1.02860509417001342e+01	3	0	12	-2.70833333333333370e-01	-1.52083333333333348e+00	-1.27083333333333348e+00	9	11	1
6.50258971576258338e-01	191	chi_beta_first_ge_1	1.00000000000000000e+00	3.60843918243516776e-02	1.85552748067520090e-01	3	3	56	-2.08333333333333703e-02	-2.08333333333333703e-02	-2.08333333333333703e-02	15	15	15
7.01326430077011453e-01	206	reference_Ricci	0.00000000000000000e+00	3.42801722331340297e+00	1.82379717899547096e+01	3	0	0	-1.97916666666666674e+00	-1.97916666666666674e+00	-1.97916666666666674e+00	0	0	0
7.01326430077011453e-01	206	reference_Riemann	0.00000000000000000e+00	3.42801722331340297e+00	1.82379717899547096e+01	3	0	0	-1.97916666666666674e+00	-1.97916666666666674e+00	-1.97916666666666674e+00	0	0	0
7.01326430077011453e-01	206	spin_connection	0.00000000000000000e+00	3.42801722331340297e+00	1.82379717899547096e+01	3	0	0	-1.97916666666666674e+00	-1.97916666666666674e+00	-1.97916666666666674e+00	0	0	0
7.01326430077011453e-01	206	spin_derivative	0.00000000000000000e+00	3.42801722331340297e+00	1.82379717899547096e+01	3	0	0	-1.97916666666666674e+00	-1.97916666666666674e+00	-1.97916666666666674e+00	0	0	0
7.01326430077011453e-01	206	Psi	2.00000866321103521e+00	3.60843918243516498e-02	1.91978650420576102e-01	3	3	60	-2.08333333333333703e-02	-2.08333333333333703e-02	2.08333333333333287e-02	15	15	0
7.01326430077011453e-01	206	Q	3.80238480424259992e-02	3.60843918243516498e-02	1.91978650420576102e-01	3	3	60	-2.08333333333333703e-02	-2.08333333333333703e-02	2.08333333333333287e-02	15	15	0
7.01326430077011453e-01	206	Delta	2.35096573041702027e-02	3.60843918243516498e-02	1.91978650420576102e-01	3	3	60	-2.08333333333333703e-02	-2.08333333333333703e-02	2.08333333333333287e-02	15	15	0
7.01326430077011453e-01	206	Pi	3.26408038512620360e-02	3.60843918243516498e-02	1.91978650420576102e-01	3	3	60	-2.08333333333333703e-02	-2.08333333333333703e-02	2.08333333333333287e-02	15	15	0
7.01326430077011453e-01	206	Phi	1.84971144561866744e-05	6.90963497990708386e-02	3.67611128046274216e-01	3	3	60	-6.25000000000000000e-02	-2.08333333333333703e-02	2.08333333333333287e-02	14	15	0
7.01326430077011453e-01	206	GH_constraint	1.05854486088479294e-03	3.60843918243516498e-02	1.91978650420576102e-01	3	3	60	-2.08333333333333703e-02	-2.08333333333333703e-02	2.08333333333333287e-02	15	15	0
7.01326430077011453e-01	206	reduction_constraint	4.30344985701620437e-08	1.48779758927976069e-01	7.91548253547562863e-01	3	3	60	-1.45833333333333370e-01	-2.08333333333333703e-02	2.08333333333333287e-02	12	15	0
7.01326430077011453e-01	206	curl_constraint	5.85324476599115602e-07	1.48779758927976014e-01	7.91548253547562641e-01	3	3	61	2.08333333333333287e-02	-2.08333333333333703e-02	1.45833333333333315e-01	0	15	3
7.01326430077011453e-01	206	source_curvature	4.71696125877171606e-05	3.60843918243516498e-02	1.91978650420576102e-01	3	3	60	-2.08333333333333703e-02	-2.08333333333333703e-02	2.08333333333333287e-02	15	15	0
7.01326430077011453e-01	206	source_QQ	1.74088476522734378e-03	3.60843918243516498e-02	1.91978650420576102e-01	3	3	60	-2.08333333333333703e-02	-2.08333333333333703e-02	2.08333333333333287e-02	15	15	0
7.01326430077011453e-01	206	source_DeltaDelta	1.10536733560612872e-03	3.60843918243516498e-02	1.91978650420576102e-01	3	3	60	-2.08333333333333703e-02	-2.08333333333333703e-02	2.08333333333333287e-02	15	15	0
7.01326430077011453e-01	206	source_damping	0.00000000000000000e+00	3.42801722331340297e+00	1.82379717899547096e+01	3	0	0	-1.97916666666666674e+00	-1.97916666666666674e+00	-1.97916666666666674e+00	0	0	0
7.01326430077011453e-01	206	source_frame_correction	1.06653830806892197e-01	3.60843918243516498e-02	1.91978650420576102e-01	3	3	60	-2.08333333333333703e-02	-2.08333333333333703e-02	2.08333333333333287e-02	15	15	0
7.01326430077011453e-01	206	Psi_RHS_Linf	2.55298027271442090e-07	1.48779758927976069e-01	7.91548253547562863e-01	3	3	60	-1.45833333333333370e-01	-2.08333333333333703e-02	2.08333333333333287e-02	12	15	0
7.01326430077011453e-01	206	Pi_RHS_Linf	3.88207900704664653e-05	1.48779758927976069e-01	7.91548253547562863e-01	3	3	60	-2.08333333333333703e-02	-1.45833333333333370e-01	2.08333333333333287e-02	15	12	0
7.01326430077011453e-01	206	Phi_RHS_Linf	1.83908046506700673e-05	1.48779758927976069e-01	7.91548253547562863e-01	3	3	60	-1.45833333333333370e-01	-2.08333333333333703e-02	2.08333333333333287e-02	12	15	0
7.01326430077011453e-01	206	Hhat_RHS_Linf	4.26717150611708097e-05	1.48779758927976069e-01	7.91548253547562863e-01	3	3	60	-1.45833333333333370e-01	-2.08333333333333703e-02	2.08333333333333287e-02	12	15	0
7.01326430077011453e-01	206	theta_RHS_Linf	1.05390196908040887e-05	1.48779758927976069e-01	7.91548253547562863e-01	3	3	61	2.08333333333333287e-02	-1.45833333333333370e-01	2.08333333333333287e-02	0	12	0
7.01326430077011453e-01	206	Upsilon_RHS_Linf	3.89476166561895445e-08	1.48779758927976069e-01	7.91548253547562863e-01	3	3	60	-1.45833333333333370e-01	-2.08333333333333703e-02	2.08333333333333287e-02	12	15	0
7.01326430077011453e-01	206	chi_beta	3.88267064770625936e+01	3.60843918243516290e-02	1.91978650420575991e-01	3	3	61	2.08333333333333287e-02	-2.08333333333333703e-02	2.08333333333333287e-02	0	15	0
7.01326430077011453e-01	206	chi_beta_near_r_lt_1	3.88267064770625936e+01	3.60843918243516290e-02	1.91978650420575991e-01	3	3	61	2.08333333333333287e-02	-2.08333333333333703e-02	2.08333333333333287e-02	0	15	0
7.01326430077011453e-01	206	chi_beta_inner_r_lt_0p5	3.88267064770625936e+01	3.60843918243516290e-02	1.91978650420575991e-01	3	3	61	2.08333333333333287e-02	-2.08333333333333703e-02	2.08333333333333287e-02	0	15	0
7.01326430077011453e-01	206	chi_beta_annulus_0p5_1	1.91125488339996918e+00	5.01300392313165144e-01	2.66705264813801435e+00	3	3	57	3.54166666666666574e-01	-2.70833333333333370e-01	-2.29166666666666685e-01	8	9	10
7.01326430077011453e-01	206	chi_beta_annulus_1_1p5	7.77645210784215446e-01	1.00065082987690213e+00	5.32373101359451262e+00	3	3	59	6.04166666666666519e-01	6.04166666666666519e-01	-5.20833333333333370e-01	14	14	3
7.01326430077011453e-01	206	chi_beta_annulus_1p5_2	4.38254956725824707e-01	1.50043396500256998e+00	7.98271144622687334e+00	3	2	39	-8.95833333333333481e-01	-1.10416666666666674e+00	4.79166666666666574e-01	10	5	11
7.01326430077011453e-01	206	chi_beta_outer_r_ge_2	2.84571871002505195e-01	2.00032549434669127e+00	1.06422685651970088e+01	3	0	5	-1.10416666666666674e+00	-1.47916666666666674e+00	-7.70833333333333370e-01	5	12	13
7.01326430077011453e-01	206	chi_beta_first_ge_1	1.00000000000000000e+00	3.60843918243516776e-02	1.91978650420576269e-01	3	3	56	-2.08333333333333703e-02	-2.08333333333333703e-02	-2.08333333333333703e-02	15	15	15
7.52393888577764569e-01	221	reference_Ricci	0.00000000000000000e+00	3.42801722331340297e+00	1.88695734615041744e+01	3	0	0	-1.97916666666666674e+00	-1.97916666666666674e+00	-1.97916666666666674e+00	0	0	0
7.52393888577764569e-01	221	reference_Riemann	0.00000000000000000e+00	3.42801722331340297e+00	1.88695734615041744e+01	3	0	0	-1.97916666666666674e+00	-1.97916666666666674e+00	-1.97916666666666674e+00	0	0	0
7.52393888577764569e-01	221	spin_connection	0.00000000000000000e+00	3.42801722331340297e+00	1.88695734615041744e+01	3	0	0	-1.97916666666666674e+00	-1.97916666666666674e+00	-1.97916666666666674e+00	0	0	0
7.52393888577764569e-01	221	spin_derivative	0.00000000000000000e+00	3.42801722331340297e+00	1.88695734615041744e+01	3	0	0	-1.97916666666666674e+00	-1.97916666666666674e+00	-1.97916666666666674e+00	0	0	0
7.52393888577764569e-01	221	Psi	2.00003443070538811e+00	3.60843918243516498e-02	1.98627089068465212e-01	3	3	60	-2.08333333333333703e-02	-2.08333333333333703e-02	2.08333333333333287e-02	15	15	0
7.52393888577764569e-01	221	Q	1.50995329124555849e-01	3.60843918243516498e-02	1.98627089068465212e-01	3	3	60	-2.08333333333333703e-02	-2.08333333333333703e-02	2.08333333333333287e-02	15	15	0
7.52393888577764569e-01	221	Delta	9.33604802737435097e-02	3.60843918243516498e-02	1.98627089068465212e-01	3	3	60	-2.08333333333333703e-02	-2.08333333333333703e-02	2.08333333333333287e-02	15	15	0
7.52393888577764569e-01	221	Pi	1.29613175966307337e-01	3.60843918243516498e-02	1.98627089068465212e-01	3	3	60	-2.08333333333333703e-02	-2.08333333333333703e-02	2.08333333333333287e-02	15	15	0
7.52393888577764569e-01	221	Phi	7.34523123493869971e-05	6.90963497990708386e-02	3.80341918817762081e-01	3	3	60	-2.08333333333333703e-02	-2.08333333333333703e-02	6.24999999999999861e-02	15	15	1
7.52393888577764569e-01	221	GH_constraint	4.21207651474307752e-03	3.60843918243516498e-02	1.98627089068465212e-01	3	3	60	-2.08333333333333703e-02	-2.08333333333333703e-02	2.08333333333333287e-02	15	15	0
7.52393888577764569e-01	221	reduction_constraint	1.70311800283029481e-07	1.48779758927976069e-01	8.18960468338248315e-01	3	3	60	-1.45833333333333370e-01	-2.08333333333333703e-02	2.08333333333333287e-02	12	15	0
7.52393888577764569e-01	221	curl_constraint	2.30066065698571030e-06	1.48779758927976014e-01	8.18960468338248093e-01	3	3	62	-2.08333333333333703e-02	2.08333333333333287e-02	1.45833333333333315e-01	15	0	3
7.52393888577764569e-01	221	source_curvature	1.87471870210443724e-04	3.60843918243516498e-02	1.98627089068465212e-01	3	3	60	-2.08333333333333703e-02	-2.08333333333333703e-02	2.08333333333333287e-02	15	15	0
7.52393888577764569e-01	221	source_QQ	2.74499679898802043e-02	3.60843918243516498e-02	1.98627089068465212e-01	3	3	60	-2.08333333333333703e-02	-2.08333333333333703e-02	2.08333333333333287e-02	15	15	0
7.52393888577764569e-01	221	source_DeltaDelta	1.74299181274173952e-02	3.60843918243516498e-02	1.98627089068465212e-01	3	3	60	-2.08333333333333703e-02	-2.08333333333333703e-02	2.08333333333333287e-02	15	15	0
7.52393888577764569e-01	221	source_damping	0.00000000000000000e+00	3.42801722331340297e+00	1.88695734615041744e+01	3	0	0	-1.97916666666666674e+00	-1.97916666666666674e+00	-1.97916666666666674e+00	0	0	0
7.52393888577764569e-01	221	source_frame_correction	4.18820887242162654e-01	3.60843918243516498e-02	1.98627089068465212e-01	3	3	60	-2.08333333333333703e-02	-2.08333333333333703e-02	2.08333333333333287e-02	15	15	0
7.52393888577764569e-01	221	Psi_RHS_Linf	1.00949762884454702e-06	1.48779758927976069e-01	8.18960468338248315e-01	3	3	60	-1.45833333333333370e-01	-2.08333333333333703e-02	2.08333333333333287e-02	12	15	0
7.52393888577764569e-01	221	Pi_RHS_Linf	1.55349005635409450e-04	1.48779758927976069e-01	8.18960468338248315e-01	3	3	60	-2.08333333333333703e-02	-1.45833333333333370e-01	2.08333333333333287e-02	15	12	0
7.52393888577764569e-01	221	Phi_RHS_Linf	7.31014159523347810e-05	1.48779758927976069e-01	8.18960468338248315e-01	3	3	60	-1.45833333333333370e-01	-2.08333333333333703e-02	2.08333333333333287e-02	12	15	0
7.52393888577764569e-01	221	Hhat_RHS_Linf	1.67710304076305861e-04	1.48779758927976069e-01	8.18960468338248315e-01	3	3	60	-1.45833333333333370e-01	-2.08333333333333703e-02	2.08333333333333287e-02	12	15	0
7.52393888577764569e-01	221	theta_RHS_Linf	4.04871485316932522e-05	1.48779758927976069e-01	8.18960468338248315e-01	3	3	61	2.08333333333333287e-02	-1.45833333333333370e-01	2.08333333333333287e-02	0	12	0
7.52393888577764569e-01	221	Upsilon_RHS_Linf	1.53289785403845489e-07	1.48779758927976069e-01	8.18960468338248315e-01	3	3	60	-1.45833333333333370e-01	-2.08333333333333703e-02	2.08333333333333287e-02	12	15	0
7.52393888577764569e-01	221	chi_beta	3.88273736784743591e+01	3.60843918243516776e-02	1.98627089068465379e-01	3	3	56	-2.08333333333333703e-02	-2.08333333333333703e-02	-2.08333333333333703e-02	15	15	15
7.52393888577764569e-01	221	chi_beta_near_r_lt_1	3.88273736784743591e+01	3.60843918243516776e-02	1.98627089068465379e-01	3	3	56	-2.08333333333333703e-02	-2.08333333333333703e-02	-2.08333333333333703e-02	15	15	15
7.52393888577764569e-01	221	chi_beta_inner_r_lt_0p5	3.88273736784743591e+01	3.60843918243516776e-02	1.98627089068465379e-01	3	3	56	-2.08333333333333703e-02	-2.08333333333333703e-02	-2.08333333333333703e-02	15	15	15
7.52393888577764569e-01	221	chi_beta_annulus_0p5_1	1.91125488339998073e+00	5.01300392313165255e-01	2.75941570967110783e+00	3	3	56	-2.08333333333333703e-02	-1.45833333333333370e-01	-4.79166666666666741e-01	15	12	4
7.52393888577764569e-01	221	chi_beta_annulus_1_1p5	7.77645210784216001e-01	1.00065082987690213e+00	5.50809786347186847e+00	3	3	61	6.04166666666666519e-01	-6.04166666666666741e-01	5.20833333333333259e-01	14	1	12
7.52393888577764569e-01	221	chi_beta_annulus_1p5_2	4.38254956725825040e-01	1.50043396500256976e+00	8.25916180764869168e+00	3	6	117	-1.10416666666666674e+00	9.79166666666666630e-01	2.70833333333333259e-01	5	7	6
7.52393888577764569e-01	221	chi_beta_outer_r_ge_2	2.84571871002505250e-01	2.00032549434669127e+00	1.10108224094659750e+01	3	0	5	-1.10416666666666674e+00	-1.47916666666666674e+00	-7.70833333333333370e-01	5	12	13
7.52393888577764569e-01	221	chi_beta_first_ge_1	1.00000000000000000e+00	3.60843918243516776e-02	1.98627089068465379e-01	3	3	56	-2.08333333333333703e-02	-2.08333333333333703e-02	-2.08333333333333703e-02	15	15	15
8.00056849845134144e-01	235	reference_Ricci	0.00000000000000000e+00	3.42801722331340297e+00	1.94787876876201942e+01	3	0	0	-1.97916666666666674e+00	-1.97916666666666674e+00	-1.97916666666666674e+00	0	0	0
8.00056849845134144e-01	235	reference_Riemann	0.00000000000000000e+00	3.42801722331340297e+00	1.94787876876201942e+01	3	0	0	-1.97916666666666674e+00	-1.97916666666666674e+00	-1.97916666666666674e+00	0	0	0
8.00056849845134144e-01	235	spin_connection	0.00000000000000000e+00	3.42801722331340297e+00	1.94787876876201942e+01	3	0	0	-1.97916666666666674e+00	-1.97916666666666674e+00	-1.97916666666666674e+00	0	0	0
8.00056849845134144e-01	235	spin_derivative	0.00000000000000000e+00	3.42801722331340297e+00	1.94787876876201942e+01	3	0	0	-1.97916666666666674e+00	-1.97916666666666674e+00	-1.97916666666666674e+00	0	0	0
8.00056849845134144e-01	235	Psi	2.00012469001916404e+00	3.60843918243516498e-02	2.05039870396002244e-01	3	3	60	-2.08333333333333703e-02	-2.08333333333333703e-02	2.08333333333333287e-02	15	15	0
8.00056849845134144e-01	235	Q	5.46442396998976010e-01	3.60843918243516498e-02	2.05039870396002244e-01	3	3	60	-2.08333333333333703e-02	-2.08333333333333703e-02	2.08333333333333287e-02	15	15	0
8.00056849845134144e-01	235	Delta	3.37874658392134264e-01	3.60843918243516498e-02	2.05039870396002244e-01	3	3	60	-2.08333333333333703e-02	-2.08333333333333703e-02	2.08333333333333287e-02	15	15	0
8.00056849845134144e-01	235	Pi	4.69007806398531679e-01	3.60843918243516498e-02	2.05039870396002244e-01	3	3	60	-2.08333333333333703e-02	-2.08333333333333703e-02	2.08333333333333287e-02	15	15	0
8.00056849845134144e-01	235	Phi	2.66029892315769814e-04	6.90963497990708386e-02	3.92621460175957337e-01	3	3	60	-2.08333333333333703e-02	-2.08333333333333703e-02	6.24999999999999861e-02	15	15	1
8.00056849845134144e-01	235	GH_constraint	1.52659682377389357e-02	3.60843918243516498e-02	2.05039870396002244e-01	3	3	60	-2.08333333333333703e-02	-2.08333333333333703e-02	2.08333333333333287e-02	15	15	0
8.00056849845134144e-01	235	reduction_constraint	6.15997119213193152e-07	1.48779758927976041e-01	8.45401043105671990e-01	3	3	60	-2.08333333333333703e-02	-2.08333333333333703e-02	1.45833333333333315e-01	15	15	3
8.00056849845134144e-01	235	curl_constraint	8.25795228700905880e-06	1.48779758927976014e-01	8.45401043105671879e-01	3	3	62	-2.08333333333333703e-02	2.08333333333333287e-02	1.45833333333333315e-01	15	0	3
8.00056849845134144e-01	235	source_curvature	6.78845219131721310e-04	3.60843918243516498e-02	2.05039870396002244e-01	3	3	60	-2.08333333333333703e-02	-2.08333333333333703e-02	2.08333333333333287e-02	15	15	0
8.00056849845134144e-01	235	source_QQ	3.59395810764896795e-01	3.60843918243516498e-02	2.05039870396002244e-01	3	3	60	-2.08333333333333703e-02	-2.08333333333333703e-02	2.08333333333333287e-02	15	15	0
8.00056849845134144e-01	235	source_DeltaDelta	2.28204097710747456e-01	3.60843918243516498e-02	2.05039870396002244e-01	3	3	60	-2.08333333333333703e-02	-2.08333333333333703e-02	2.08333333333333287e-02	15	15	0
8.00056849845134144e-01	235	source_damping	0.00000000000000000e+00	3.42801722331340297e+00	1.94787876876201942e+01	3	0	0	-1.97916666666666674e+00	-1.97916666666666674e+00	-1.97916666666666674e+00	0	0	0
8.00056849845134144e-01	235	source_frame_correction	1.45684620002274934e+00	3.60843918243516498e-02	2.05039870396002244e-01	3	3	60	-2.08333333333333703e-02	-2.08333333333333703e-02	2.08333333333333287e-02	15	15	0
8.00056849845134144e-01	235	Psi_RHS_Linf	3.63928441207715097e-06	1.48779758927976069e-01	8.45401043105672101e-01	3	3	60	-1.45833333333333370e-01	-2.08333333333333703e-02	2.08333333333333287e-02	12	15	0
8.00056849845134144e-01	235	Pi_RHS_Linf	5.65751610178808276e-04	1.48779758927976069e-01	8.45401043105672101e-01	3	3	60	-2.08333333333333703e-02	-1.45833333333333370e-01	2.08333333333333287e-02	15	12	0
8.00056849845134144e-01	235	Phi_RHS_Linf	2.64722676906767676e-04	1.48779758927976069e-01	8.45401043105672101e-01	3	3	60	-1.45833333333333370e-01	-2.08333333333333703e-02	2.08333333333333287e-02	12	15	0
8.00056849845134144e-01	235	Hhat_RHS_Linf	6.01921241959640311e-04	1.48779758927976069e-01	8.45401043105672101e-01	3	3	60	-1.45833333333333370e-01	-2.08333333333333703e-02	2.08333333333333287e-02	12	15	0
8.00056849845134144e-01	235	theta_RHS_Linf	1.42470326265148534e-04	1.48779758927976069e-01	8.45401043105672101e-01	3	3	61	2.08333333333333287e-02	-1.45833333333333370e-01	2.08333333333333287e-02	0	12	0
8.00056849845134144e-01	235	Upsilon_RHS_Linf	5.50796437750900188e-07	1.48779758927976069e-01	8.45401043105672101e-01	3	3	60	-1.45833333333333370e-01	-2.08333333333333703e-02	2.08333333333333287e-02	12	15	0
8.00056849845134144e-01	235	chi_beta	3.88297355409738003e+01	3.60843918243516776e-02	2.05039870396002410e-01	3	3	56	-2.08333333333333703e-02	-2.08333333333333703e-02	-2.08333333333333703e-02	15	15	15
8.00056849845134144e-01	235	chi_beta_near_r_lt_1	3.88297355409738003e+01	3.60843918243516776e-02	2.05039870396002410e-01	3	3	56	-2.08333333333333703e-02	-2.08333333333333703e-02	-2.08333333333333703e-02	15	15	15
8.00056849845134144e-01	235	chi_beta_inner_r_lt_0p5	3.88297355409738003e+01	3.60843918243516776e-02	2.05039870396002410e-01	3	3	56	-2.08333333333333703e-02	-2.08333333333333703e-02	-2.08333333333333703e-02	15	15	15
8.00056849845134144e-01	235	chi_beta_annulus_0p5_1	1.91125488340001026e+00	5.01300392313165255e-01	2.84850491508050574e+00	3	3	56	-2.08333333333333703e-02	-1.45833333333333370e-01	-4.79166666666666741e-01	15	12	4
8.00056849845134144e-01	235	chi_beta_annulus_1_1p5	7.77645210784216223e-01	1.00065082987690235e+00	5.68592973572441895e+00	3	2	47	2.70833333333333259e-01	-8.95833333333333481e-01	3.54166666666666574e-01	6	10	8
8.00056849845134144e-01	235	chi_beta_annulus_1p5_2	4.38254956725825262e-01	1.50043396500256976e+00	8.52581324411484331e+00	3	4	86	9.79166666666666630e-01	-1.10416666666666674e+00	2.70833333333333259e-01	7	5	6
8.00056849845134144e-01	235	chi_beta_outer_r_ge_2	2.84571871002505417e-01	2.00032549434669127e+00	1.13663126735553366e+01	3	0	5	-1.10416666666666674e+00	-1.47916666666666674e+00	-7.70833333333333370e-01	5	12	13
8.00056849845134144e-01	235	chi_beta_first_ge_1	1.00000000000000000e+00	3.60843918243516776e-02	2.05039870396002410e-01	3	3	56	-2.08333333333333703e-02	-2.08333333333333703e-02	-2.08333333333333703e-02	15	15	15
8.51124308345887259e-01	250	reference_Ricci	0.00000000000000000e+00	3.42801722331340297e+00	2.01533602226009840e+01	3	0	0	-1.97916666666666674e+00	-1.97916666666666674e+00	-1.97916666666666674e+00	0	0	0
8.51124308345887259e-01	250	reference_Riemann	0.00000000000000000e+00	3.42801722331340297e+00	2.01533602226009840e+01	3	0	0	-1.97916666666666674e+00	-1.97916666666666674e+00	-1.97916666666666674e+00	0	0	0
8.51124308345887259e-01	250	spin_connection	0.00000000000000000e+00	3.42801722331340297e+00	2.01533602226009840e+01	3	0	0	-1.97916666666666674e+00	-1.97916666666666674e+00	-1.97916666666666674e+00	0	0	0
8.51124308345887259e-01	250	spin_derivative	0.00000000000000000e+00	3.42801722331340297e+00	2.01533602226009840e+01	3	0	0	-1.97916666666666674e+00	-1.97916666666666674e+00	-1.97916666666666674e+00	0	0	0
8.51124308345887259e-01	250	Psi	2.00049475227297524e+00	3.60843918243516498e-02	2.12140633922115851e-01	3	3	60	-2.08333333333333703e-02	-2.08333333333333703e-02	2.08333333333333287e-02	15	15	0
8.51124308345887259e-01	250	Q	2.16642081499505323e+00	3.60843918243516498e-02	2.12140633922115851e-01	3	3	60	-2.08333333333333703e-02	-2.08333333333333703e-02	2.08333333333333287e-02	15	15	0
8.51124308345887259e-01	250	Delta	1.33962248534237260e+00	3.60843918243516498e-02	2.12140633922115851e-01	3	3	60	-2.08333333333333703e-02	-2.08333333333333703e-02	2.08333333333333287e-02	15	15	0
8.51124308345887259e-01	250	Pi	1.85861572479282611e+00	3.60843918243516498e-02	2.12140633922115851e-01	3	3	60	-2.08333333333333703e-02	-2.08333333333333703e-02	2.08333333333333287e-02	15	15	0
8.51124308345887259e-01	250	Phi	1.05548999964129634e-03	6.90963497990708386e-02	4.06218387147294635e-01	3	3	60	-2.08333333333333703e-02	-2.08333333333333703e-02	6.24999999999999861e-02	15	15	1
8.51124308345887259e-01	250	GH_constraint	6.05781233986218345e-02	3.60843918243516498e-02	2.12140633922115851e-01	3	3	60	-2.08333333333333703e-02	-2.08333333333333703e-02	2.08333333333333287e-02	15	15	0
8.51124308345887259e-01	250	reduction_constraint	2.44451550056216810e-06	1.48779758927976041e-01	8.74678241146371716e-01	3	3	60	-2.08333333333333703e-02	-2.08333333333333703e-02	1.45833333333333315e-01	15	15	3
8.51124308345887259e-01	250	curl_constraint	3.24850900367493285e-05	1.48779758927976014e-01	8.74678241146371493e-01	3	3	62	-2.08333333333333703e-02	2.08333333333333287e-02	1.45833333333333315e-01	15	0	3
8.51124308345887259e-01	250	source_curvature	2.69184583693850678e-03	3.60843918243516498e-02	2.12140633922115851e-01	3	3	60	-2.08333333333333703e-02	-2.08333333333333703e-02	2.08333333333333287e-02	15	15	0
8.51124308345887259e-01	250	source_QQ	5.64226731512904944e+00	3.60843918243516498e-02	2.12140633922115851e-01	3	3	60	-2.08333333333333703e-02	-2.08333333333333703e-02	2.08333333333333287e-02	15	15	0
8.51124308345887259e-01	250	source_DeltaDelta	3.58206758593199837e+00	3.60843918243516498e-02	2.12140633922115851e-01	3	3	60	-2.08333333333333703e-02	-2.08333333333333703e-02	2.08333333333333287e-02	15	15	0
8.51124308345887259e-01	250	source_damping	0.00000000000000000e+00	3.42801722331340297e+00	2.01533602226009840e+01	3	0	0	-1.97916666666666674e+00	-1.97916666666666674e+00	-1.97916666666666674e+00	0	0	0
8.51124308345887259e-01	250	source_frame_correction	4.89058062206082056e+00	3.60843918243516498e-02	2.12140633922115851e-01	3	3	60	-2.08333333333333703e-02	-2.08333333333333703e-02	2.08333333333333287e-02	15	15	0
8.51124308345887259e-01	250	Psi_RHS_Linf	1.43694336217524447e-05	1.48779758927976069e-01	8.74678241146371827e-01	3	3	60	-1.45833333333333370e-01	-2.08333333333333703e-02	2.08333333333333287e-02	12	15	0
8.51124308345887259e-01	250	Pi_RHS_Linf	2.25611074852340426e-03	1.48779758927976069e-01	8.74678241146371827e-01	3	3	60	-2.08333333333333703e-02	-1.45833333333333370e-01	2.08333333333333287e-02	15	12	0
8.51124308345887259e-01	250	Phi_RHS_Linf	1.04981605512631158e-03	1.48779758927976069e-01	8.74678241146371827e-01	3	3	60	-1.45833333333333370e-01	-2.08333333333333703e-02	2.08333333333333287e-02	12	15	0
8.51124308345887259e-01	250	Hhat_RHS_Linf	2.36739391227369297e-03	1.48779758927976069e-01	8.74678241146371827e-01	3	3	60	-1.45833333333333370e-01	-2.08333333333333703e-02	2.08333333333333287e-02	12	15	0
8.51124308345887259e-01	250	theta_RHS_Linf	5.49542481758246771e-04	1.48779758927976069e-01	8.74678241146371827e-01	3	3	61	2.08333333333333287e-02	-1.45833333333333370e-01	2.08333333333333287e-02	0	12	0
8.51124308345887259e-01	250	Upsilon_RHS_Linf	2.16881433812819083e-06	1.48779758927976069e-01	8.74678241146371827e-01	3	3	60	-1.45833333333333370e-01	-2.08333333333333703e-02	2.08333333333333287e-02	12	15	0
8.51124308345887259e-01	250	chi_beta	3.88394836048788648e+01	3.60843918243516776e-02	2.12140633922116018e-01	3	3	56	-2.08333333333333703e-02	-2.08333333333333703e-02	-2.08333333333333703e-02	15	15	15
8.51124308345887259e-01	250	chi_beta_near_r_lt_1	3.88394836048788648e+01	3.60843918243516776e-02	2.12140633922116018e-01	3	3	56	-2.08333333333333703e-02	-2.08333333333333703e-02	-2.08333333333333703e-02	15	15	15
8.51124308345887259e-01	250	chi_beta_inner_r_lt_0p5	3.88394836048788648e+01	3.60843918243516776e-02	2.12140633922116018e-01	3	3	56	-2.08333333333333703e-02	-2.08333333333333703e-02	-2.08333333333333703e-02	15	15	15
8.51124308345887259e-01	250	chi_beta_annulus_0p5_1	1.91125488340011396e+00	5.01300392313165255e-01	2.94715187464936701e+00	3	3	56	-2.08333333333333703e-02	-1.45833333333333370e-01	-4.79166666666666741e-01	15	12	4
8.51124308345887259e-01	250	chi_beta_annulus_1_1p5	7.77645210784217444e-01	1.00065082987690235e+00	5.88283993861081278e+00	3	1	31	3.54166666666666574e-01	2.70833333333333259e-01	-8.95833333333333481e-01	8	6	10
8.51124308345887259e-01	250	chi_beta_annulus_1p5_2	4.38254956725826039e-01	1.50043396500256976e+00	8.82107183746717105e+00	3	4	86	9.79166666666666630e-01	-1.10416666666666674e+00	2.70833333333333259e-01	7	5	6
8.51124308345887259e-01	250	chi_beta_outer_r_ge_2	2.84571871002505361e-01	2.00032549434669127e+00	1.17599409874189131e+01	3	0	5	-1.10416666666666674e+00	-1.47916666666666674e+00	-7.70833333333333370e-01	5	12	13
8.51124308345887259e-01	250	chi_beta_first_ge_1	1.00000000000000000e+00	3.60843918243516776e-02	2.12140633922116018e-01	3	3	56	-2.08333333333333703e-02	-2.08333333333333703e-02	-2.08333333333333703e-02	15	15	15
9.02191766846640375e-01	265	reference_Ricci	0.00000000000000000e+00	3.42801722331340297e+00	2.08512939704174087e+01	3	0	0	-1.97916666666666674e+00	-1.97916666666666674e+00	-1.97916666666666674e+00	0	0	0
9.02191766846640375e-01	265	reference_Riemann	0.00000000000000000e+00	3.42801722331340297e+00	2.08512939704174087e+01	3	0	0	-1.97916666666666674e+00	-1.97916666666666674e+00	-1.97916666666666674e+00	0	0	0
9.02191766846640375e-01	265	spin_connection	0.00000000000000000e+00	3.42801722331340297e+00	2.08512939704174087e+01	3	0	0	-1.97916666666666674e+00	-1.97916666666666674e+00	-1.97916666666666674e+00	0	0	0
9.02191766846640375e-01	265	spin_derivative	0.00000000000000000e+00	3.42801722331340297e+00	2.08512939704174087e+01	3	0	0	-1.97916666666666674e+00	-1.97916666666666674e+00	-1.97916666666666674e+00	0	0	0
9.02191766846640375e-01	265	Psi	2.00196466905664883e+00	3.60843918243516498e-02	2.19487304951762441e-01	3	3	60	-2.08333333333333703e-02	-2.08333333333333703e-02	2.08333333333333287e-02	15	15	0
9.02191766846640375e-01	265	Q	8.59063478424415194e+00	3.60843918243516498e-02	2.19487304951762441e-01	3	3	60	-2.08333333333333703e-02	-2.08333333333333703e-02	2.08333333333333287e-02	15	15	0
9.02191766846640375e-01	265	Delta	5.31324587482377009e+00	3.60843918243516498e-02	2.19487304951762441e-01	3	3	60	-2.08333333333333703e-02	-2.08333333333333703e-02	2.08333333333333287e-02	15	15	0
9.02191766846640375e-01	265	Pi	7.35762355271904323e+00	3.60843918243516498e-02	2.19487304951762441e-01	3	3	60	-2.08333333333333703e-02	-2.08333333333333703e-02	2.08333333333333287e-02	15	15	0
9.02191766846640375e-01	265	Phi	4.18617623924576621e-03	6.90963497990708386e-02	4.20286191138398213e-01	3	3	60	-2.08333333333333703e-02	-2.08333333333333703e-02	6.24999999999999861e-02	15	15	1
9.02191766846640375e-01	265	GH_constraint	2.39962799345113081e-01	3.60843918243516498e-02	2.19487304951762441e-01	3	3	60	-2.08333333333333703e-02	-2.08333333333333703e-02	2.08333333333333287e-02	15	15	0
9.02191766846640375e-01	265	reduction_constraint	9.69679265039212911e-06	1.48779758927976041e-01	9.04969341798269711e-01	3	3	60	-2.08333333333333703e-02	-2.08333333333333703e-02	1.45833333333333315e-01	15	15	3
9.02191766846640375e-01	265	curl_constraint	1.27829033597522346e-04	1.48779758927976014e-01	9.04969341798269600e-01	3	3	62	-2.08333333333333703e-02	2.08333333333333287e-02	1.45833333333333315e-01	15	0	3
9.02191766846640375e-01	265	source_curvature	1.06609965485832247e-02	3.60843918243516498e-02	2.19487304951762441e-01	3	3	60	-2.08333333333333703e-02	-2.08333333333333703e-02	2.08333333333333287e-02	15	15	0
9.02191766846640375e-01	265	source_QQ	8.83059920103553679e+01	3.60843918243516498e-02	2.19487304951762441e-01	3	3	60	-2.08333333333333703e-02	-2.08333333333333703e-02	2.08333333333333287e-02	15	15	0
9.02191766846640375e-01	265	source_DeltaDelta	5.60194949476960815e+01	3.60843918243516498e-02	2.19487304951762441e-01	3	3	60	-2.08333333333333703e-02	-2.08333333333333703e-02	2.08333333333333287e-02	15	15	0
9.02191766846640375e-01	265	source_damping	0.00000000000000000e+00	3.42801722331340297e+00	2.08512939704174087e+01	3	0	0	-1.97916666666666674e+00	-1.97916666666666674e+00	-1.97916666666666674e+00	0	0	0
9.02191766846640375e-01	265	source_frame_correction	2.56424162203915316e+01	3.60843918243516776e-02	2.19487304951762607e-01	3	3	56	-2.08333333333333703e-02	-2.08333333333333703e-02	-2.08333333333333703e-02	15	15	15
9.02191766846640375e-01	265	Psi_RHS_Linf	5.66995377280350328e-05	1.48779758927976069e-01	9.04969341798269933e-01	3	3	60	-1.45833333333333370e-01	-2.08333333333333703e-02	2.08333333333333287e-02	12	15	0
9.02191766846640375e-01	265	Pi_RHS_Linf	8.98851863878549588e-03	1.48779758927976069e-01	9.04969341798269933e-01	3	3	60	-2.08333333333333703e-02	-1.45833333333333370e-01	2.08333333333333287e-02	15	12	0
9.02191766846640375e-01	265	Phi_RHS_Linf	4.15906999353708728e-03	1.48779758927976069e-01	9.04969341798269933e-01	3	3	60	-1.45833333333333370e-01	-2.08333333333333703e-02	2.08333333333333287e-02	12	15	0
9.02191766846640375e-01	265	Hhat_RHS_Linf	9.31307763661065255e-03	1.48779758927976069e-01	9.04969341798269933e-01	3	3	60	-1.45833333333333370e-01	-2.08333333333333703e-02	2.08333333333333287e-02	12	15	0
9.02191766846640375e-01	265	theta_RHS_Linf	2.12347616714153760e-03	1.48779758927976069e-01	9.04969341798269933e-01	3	3	61	2.08333333333333287e-02	-1.45833333333333370e-01	2.08333333333333287e-02	0	12	0
9.02191766846640375e-01	265	Upsilon_RHS_Linf	8.54172276939479846e-06	1.48779758927976069e-01	9.04969341798269933e-01	3	3	60	-1.45833333333333370e-01	-2.08333333333333703e-02	2.08333333333333287e-02	12	15	0
9.02191766846640375e-01	265	chi_beta	3.88784603965777080e+01	3.60843918243516776e-02	2.19487304951762607e-01	3	3	56	-2.08333333333333703e-02	-2.08333333333333703e-02	-2.08333333333333703e-02	15	15	15
9.02191766846640375e-01	265	chi_beta_near_r_lt_1	3.88784603965777080e+01	3.60843918243516776e-02	2.19487304951762607e-01	3	3	56	-2.08333333333333703e-02	-2.08333333333333703e-02	-2.08333333333333703e-02	15	15	15
9.02191766846640375e-01	265	chi_beta_inner_r_lt_0p5	3.88784603965777080e+01	3.60843918243516776e-02	2.19487304951762607e-01	3	3	56	-2.08333333333333703e-02	-2.08333333333333703e-02	-2.08333333333333703e-02	15	15	15
9.02191766846640375e-01	265	chi_beta_annulus_0p5_1	1.91125488340050964e+00	5.01300392313165255e-01	3.04921509043764560e+00	3	3	56	-2.08333333333333703e-02	-1.45833333333333370e-01	-4.79166666666666741e-01	15	12	4
9.02191766846640375e-01	265	chi_beta_annulus_1_1p5	7.77645210784218222e-01	1.00065082987690235e+00	6.08656936540656446e+00	3	2	43	6.45833333333333148e-01	-7.29166666666666741e-01	-2.29166666666666685e-01	15	14	10
9.02191766846640375e-01	265	chi_beta_annulus_1p5_2	4.38254956725826317e-01	1.50043396500256976e+00	9.12655557116122473e+00	3	4	86	9.79166666666666630e-01	-1.10416666666666674e+00	2.70833333333333259e-01	7	5	6
9.02191766846640375e-01	265	chi_beta_outer_r_ge_2	2.84571871002505472e-01	2.00032549434669127e+00	1.21672010967402748e+01	3	0	5	-1.10416666666666674e+00	-1.47916666666666674e+00	-7.70833333333333370e-01	5	12	13
9.02191766846640375e-01	265	chi_beta_first_ge_1	1.00000000000000000e+00	3.60843918243516776e-02	2.19487304951762607e-01	3	3	56	-2.08333333333333703e-02	-2.08333333333333703e-02	-2.08333333333333703e-02	15	15	15
9.53259225347393491e-01	280	reference_Ricci	0.00000000000000000e+00	3.42801722331340297e+00	2.15733979563956417e+01	3	0	0	-1.97916666666666674e+00	-1.97916666666666674e+00	-1.97916666666666674e+00	0	0	0
9.53259225347393491e-01	280	reference_Riemann	0.00000000000000000e+00	3.42801722331340297e+00	2.15733979563956417e+01	3	0	0	-1.97916666666666674e+00	-1.97916666666666674e+00	-1.97916666666666674e+00	0	0	0
9.53259225347393491e-01	280	spin_connection	0.00000000000000000e+00	3.42801722331340297e+00	2.15733979563956417e+01	3	0	0	-1.97916666666666674e+00	-1.97916666666666674e+00	-1.97916666666666674e+00	0	0	0
9.53259225347393491e-01	280	spin_derivative	0.00000000000000000e+00	3.42801722331340297e+00	2.15733979563956417e+01	3	0	0	-1.97916666666666674e+00	-1.97916666666666674e+00	-1.97916666666666674e+00	0	0	0
9.53259225347393491e-01	280	Psi	2.00784735427132466e+00	3.60843918243516498e-02	2.27088399541006986e-01	3	3	60	-2.08333333333333703e-02	-2.08333333333333703e-02	2.08333333333333287e-02	15	15	0
9.53259225347393491e-01	280	Q	3.41746742491366078e+01	3.60843918243516498e-02	2.27088399541006986e-01	3	3	60	-2.08333333333333703e-02	-2.08333333333333703e-02	2.08333333333333287e-02	15	15	0
9.53259225347393491e-01	280	Delta	2.11544444428063336e+01	3.60843918243516498e-02	2.27088399541006986e-01	3	3	60	-2.08333333333333703e-02	-2.08333333333333703e-02	2.08333333333333287e-02	15	15	0
9.53259225347393491e-01	280	Pi	2.90745834781752741e+01	3.60843918243516498e-02	2.27088399541006986e-01	3	3	60	-2.08333333333333703e-02	-2.08333333333333703e-02	2.08333333333333287e-02	15	15	0
9.53259225347393491e-01	280	Phi	1.66167436360288752e-02	6.90963497990708386e-02	4.34841179155123714e-01	3	3	60	-2.08333333333333703e-02	-2.08333333333333703e-02	6.24999999999999861e-02	15	15	1
9.53259225347393491e-01	280	GH_constraint	9.46917648288589042e-01	3.60843918243516498e-02	2.27088399541006986e-01	3	3	60	-2.08333333333333703e-02	-2.08333333333333703e-02	2.08333333333333287e-02	15	15	0
9.53259225347393491e-01	280	reduction_constraint	3.84685367377471415e-05	1.48779758927976041e-01	9.36309457660035815e-01	3	3	60	-2.08333333333333703e-02	-2.08333333333333703e-02	1.45833333333333315e-01	15	15	3
9.53259225347393491e-01	280	curl_constraint	5.03138269531674628e-04	1.48779758927976014e-01	9.36309457660035704e-01	3	3	62	-2.08333333333333703e-02	2.08333333333333287e-02	1.45833333333333315e-01	15	0	3
9.53259225347393491e-01	280	source_curvature	4.21338931459152646e-02	3.60843918243516498e-02	2.27088399541006986e-01	3	3	60	-2.08333333333333703e-02	-2.08333333333333703e-02	2.08333333333333287e-02	15	15	0
9.53259225347393491e-01	280	source_QQ	1.37189573014712073e+03	3.60843918243516498e-02	2.27088399541006986e-01	3	3	60	-2.08333333333333703e-02	-2.08333333333333703e-02	2.08333333333333287e-02	15	15	0
9.53259225347393491e-01	280	source_DeltaDelta	8.67573645374380476e+02	3.60843918243516498e-02	2.27088399541006986e-01	3	3	60	-2.08333333333333703e-02	-2.08333333333333703e-02	2.08333333333333287e-02	15	15	0
9.53259225347393491e-01	280	source_damping	0.00000000000000000e+00	3.42801722331340297e+00	2.15733979563956417e+01	3	0	0	-1.97916666666666674e+00	-1.97916666666666674e+00	-1.97916666666666674e+00	0	0	0
9.53259225347393491e-01	280	source_frame_correction	3.22484469369435715e+02	3.60843918243516498e-02	2.27088399541006986e-01	3	3	60	-2.08333333333333703e-02	-2.08333333333333703e-02	2.08333333333333287e-02	15	15	0
9.53259225347393491e-01	280	Psi_RHS_Linf	2.23475468036174891e-04	1.48779758927976069e-01	9.36309457660036037e-01	3	3	60	-1.45833333333333370e-01	-2.08333333333333703e-02	2.08333333333333287e-02	12	15	0
9.53259225347393491e-01	280	Pi_RHS_Linf	3.58438999462847227e-02	1.48779758927976069e-01	9.36309457660036037e-01	3	3	60	-2.08333333333333703e-02	-1.45833333333333370e-01	2.08333333333333287e-02	15	12	0
9.53259225347393491e-01	280	Phi_RHS_Linf	1.64578403540774944e-02	1.48779758927976069e-01	9.36309457660036037e-01	3	3	60	-1.45833333333333370e-01	-2.08333333333333703e-02	2.08333333333333287e-02	12	15	0
9.53259225347393491e-01	280	Hhat_RHS_Linf	3.66493051233226022e-02	1.48779758927976069e-01	9.36309457660036037e-01	3	3	60	-1.45833333333333370e-01	-2.08333333333333703e-02	2.08333333333333287e-02	12	15	0
9.53259225347393491e-01	280	theta_RHS_Linf	8.21636971325914733e-03	1.48779758927976069e-01	9.36309457660036037e-01	3	3	61	2.08333333333333287e-02	-1.45833333333333370e-01	2.08333333333333287e-02	0	12	0
9.53259225347393491e-01	280	Upsilon_RHS_Linf	3.36589586290702238e-05	1.48779758927976069e-01	9.36309457660036037e-01	3	3	60	-1.45833333333333370e-01	-2.08333333333333703e-02	2.08333333333333287e-02	12	15	0
9.53259225347393491e-01	280	chi_beta	3.90345314486003048e+01	3.60843918243516776e-02	2.27088399541007152e-01	3	3	56	-2.08333333333333703e-02	-2.08333333333333703e-02	-2.08333333333333703e-02	15	15	15
9.53259225347393491e-01	280	chi_beta_near_r_lt_1	3.90345314486003048e+01	3.60843918243516776e-02	2.27088399541007152e-01	3	3	56	-2.08333333333333703e-02	-2.08333333333333703e-02	-2.08333333333333703e-02	15	15	15
9.53259225347393491e-01	280	chi_beta_inner_r_lt_0p5	3.90345314486003048e+01	3.60843918243516776e-02	2.27088399541007152e-01	3	3	56	-2.08333333333333703e-02	-2.08333333333333703e-02	-2.08333333333333703e-02	15	15	15
9.53259225347393491e-01	280	chi_beta_annulus_0p5_1	1.91125488340214189e+00	5.01300392313165255e-01	3.15481287127723542e+00	3	3	56	-2.08333333333333703e-02	-1.45833333333333370e-01	-4.79166666666666741e-01	15	12	4
9.53259225347393491e-01	280	chi_beta_annulus_1_1p5	7.77645210784218333e-01	1.00065082987690235e+00	6.29735417357859539e+00	3	2	43	6.45833333333333148e-01	-7.29166666666666741e-01	-2.29166666666666685e-01	15	14	10
9.53259225347393491e-01	280	chi_beta_annulus_1p5_2	4.38254956725826095e-01	1.50043396500256998e+00	9.44261855341725820e+00	3	5	93	1.35416666666666674e+00	-2.29166666666666685e-01	6.04166666666666519e-01	0	10	14
9.53259225347393491e-01	280	chi_beta_outer_r_ge_2	2.84571871002505528e-01	2.00032549434669127e+00	1.25885650860744569e+01	3	0	5	-1.10416666666666674e+00	-1.47916666666666674e+00	-7.70833333333333370e-01	5	12	13
9.53259225347393491e-01	280	chi_beta_first_ge_1	1.00000000000000000e+00	3.60843918243516776e-02	2.27088399541007152e-01	3	3	56	-2.08333333333333703e-02	-2.08333333333333703e-02	-2.08333333333333703e-02	15	15	15
1.00092218661476307e+00	294	reference_Ricci	0.00000000000000000e+00	3.42801722331340297e+00	2.22699065959529214e+01	3	0	0	-1.97916666666666674e+00	-1.97916666666666674e+00	-1.97916666666666674e+00	0	0	0
1.00092218661476307e+00	294	reference_Riemann	0.00000000000000000e+00	3.42801722331340297e+00	2.22699065959529214e+01	3	0	0	-1.97916666666666674e+00	-1.97916666666666674e+00	-1.97916666666666674e+00	0	0	0
1.00092218661476307e+00	294	spin_connection	0.00000000000000000e+00	3.42801722331340297e+00	2.22699065959529214e+01	3	0	0	-1.97916666666666674e+00	-1.97916666666666674e+00	-1.97916666666666674e+00	0	0	0
1.00092218661476307e+00	294	spin_derivative	0.00000000000000000e+00	3.42801722331340297e+00	2.22699065959529214e+01	3	0	0	-1.97916666666666674e+00	-1.97916666666666674e+00	-1.97916666666666674e+00	0	0	0
1.00092218661476307e+00	294	Psi	2.02920343169235462e+00	3.60843918243516498e-02	2.34420069431083650e-01	3	3	60	-2.08333333333333703e-02	-2.08333333333333703e-02	2.08333333333333287e-02	15	15	0
1.00092218661476307e+00	294	Q	1.25622166873851640e+02	3.60843918243516498e-02	2.34420069431083650e-01	3	3	60	-2.08333333333333703e-02	-2.08333333333333703e-02	2.08333333333333287e-02	15	15	0
1.00092218661476307e+00	294	Delta	7.79890792657411680e+01	3.60843918243516498e-02	2.34420069431083650e-01	3	3	60	-2.08333333333333703e-02	-2.08333333333333703e-02	2.08333333333333287e-02	15	15	0
1.00092218661476307e+00	294	Pi	1.04386074414247744e+02	3.60843918243516498e-02	2.34420069431083650e-01	3	3	60	-2.08333333333333703e-02	-2.08333333333333703e-02	2.08333333333333287e-02	15	15	0
1.00092218661476307e+00	294	Phi	6.04451125019017238e-02	6.90963497990708386e-02	4.48880258150884337e-01	3	3	60	-2.08333333333333703e-02	-2.08333333333333703e-02	6.24999999999999861e-02	15	15	1
1.00092218661476307e+00	294	GH_constraint	3.37287601449576568e+00	3.60843918243516498e-02	2.34420069431083650e-01	3	3	60	-2.08333333333333703e-02	-2.08333333333333703e-02	2.08333333333333287e-02	15	15	0
1.00092218661476307e+00	294	reduction_constraint	1.39439551464027130e-04	1.48779758927976041e-01	9.66538707028982480e-01	3	3	60	-2.08333333333333703e-02	-2.08333333333333703e-02	1.45833333333333315e-01	15	15	3
1.00092218661476307e+00	294	curl_constraint	1.80781987770245087e-03	1.48779758927976014e-01	9.66538707028982369e-01	3	3	62	-2.08333333333333703e-02	2.08333333333333287e-02	1.45833333333333315e-01	15	0	3
1.00092218661476307e+00	294	source_curvature	1.51170439364964493e-01	3.60843918243516498e-02	2.34420069431083650e-01	3	3	60	-2.08333333333333703e-02	-2.08333333333333703e-02	2.08333333333333287e-02	15	15	0
1.00092218661476307e+00	294	source_QQ	1.73719842514108022e+04	3.60843918243516498e-02	2.34420069431083650e-01	3	3	60	-2.08333333333333703e-02	-2.08333333333333703e-02	2.08333333333333287e-02	15	15	0
1.00092218661476307e+00	294	source_DeltaDelta	1.08625502791734943e+04	3.60843918243516498e-02	2.34420069431083650e-01	3	3	60	-2.08333333333333703e-02	-2.08333333333333703e-02	2.08333333333333287e-02	15	15	0
1.00092218661476307e+00	294	source_damping	0.00000000000000000e+00	3.42801722331340297e+00	2.22699065959529214e+01	3	0	0	-1.97916666666666674e+00	-1.97916666666666674e+00	-1.97916666666666674e+00	0	0	0
1.00092218661476307e+00	294	source_frame_correction	4.81961886057946685e+03	3.60843918243516498e-02	2.34420069431083650e-01	3	3	60	-2.08333333333333703e-02	-2.08333333333333703e-02	2.08333333333333287e-02	15	15	0
1.00092218661476307e+00	294	Psi_RHS_Linf	8.01494820107470792e-04	1.48779758927976069e-01	9.66538707028982702e-01	3	3	60	-1.45833333333333370e-01	-2.08333333333333703e-02	2.08333333333333287e-02	12	15	0
1.00092218661476307e+00	294	Pi_RHS_Linf	1.31216626950396792e-01	1.48779758927976069e-01	9.66538707028982702e-01	3	3	60	-2.08333333333333703e-02	-1.45833333333333370e-01	2.08333333333333287e-02	15	12	0
1.00092218661476307e+00	294	Phi_RHS_Linf	5.93032305762831100e-02	1.48779758927976069e-01	9.66538707028982702e-01	3	3	60	-1.45833333333333370e-01	-2.08333333333333703e-02	2.08333333333333287e-02	12	15	0
1.00092218661476307e+00	294	Hhat_RHS_Linf	1.31744693406331992e-01	1.48779758927976069e-01	9.66538707028982702e-01	3	3	60	-1.45833333333333370e-01	-2.08333333333333703e-02	2.08333333333333287e-02	12	15	0
1.00092218661476307e+00	294	theta_RHS_Linf	2.90564509343552053e-02	1.48779758927976069e-01	9.66538707028982702e-01	3	3	61	2.08333333333333287e-02	-1.45833333333333370e-01	2.08333333333333287e-02	0	12	0
1.00092218661476307e+00	294	Upsilon_RHS_Linf	1.21242208423357961e-04	1.48779758927976069e-01	9.66538707028982702e-01	3	3	60	-1.45833333333333370e-01	-2.08333333333333703e-02	2.08333333333333287e-02	12	15	0
1.00092218661476307e+00	294	chi_beta	3.95875592286939479e+01	3.60843918243516776e-02	2.34420069431083844e-01	3	3	56	-2.08333333333333703e-02	-2.08333333333333703e-02	-2.08333333333333703e-02	15	15	15
1.00092218661476307e+00	294	chi_beta_near_r_lt_1	3.95875592286939479e+01	3.60843918243516776e-02	2.34420069431083844e-01	3	3	56	-2.08333333333333703e-02	-2.08333333333333703e-02	-2.08333333333333703e-02	15	15	15
1.00092218661476307e+00	294	chi_beta_inner_r_lt_0p5	3.95875592286939479e+01	3.60843918243516776e-02	2.34420069431083844e-01	3	3	56	-2.08333333333333703e-02	-2.08333333333333703e-02	-2.08333333333333703e-02	15	15	15
1.00092218661476307e+00	294	chi_beta_annulus_0p5_1	1.91125488340818084e+00	5.01300392313165255e-01	3.25666768457426059e+00	3	3	56	-2.08333333333333703e-02	-1.45833333333333370e-01	-4.79166666666666741e-01	15	12	4
1.00092218661476307e+00	294	chi_beta_annulus_1_1p5	7.77645210784218777e-01	1.00065082987690235e+00	6.50066760603438887e+00	3	1	31	6.45833333333333148e-01	2.29166666666666630e-01	-7.29166666666666741e-01	15	5	14
1.00092218661476307e+00	294	chi_beta_annulus_1p5_2	4.38254956725826872e-01	1.50043396500256976e+00	9.74747852103998547e+00	3	7	140	9.79166666666666630e-01	1.10416666666666674e+00	2.70833333333333259e-01	7	10	6
1.00092218661476307e+00	294	chi_beta_outer_r_ge_2	2.84571871002505583e-01	2.00032549434669127e+00	1.29949936125310703e+01	3	0	6	-1.47916666666666674e+00	-7.70833333333333370e-01	-1.10416666666666674e+00	12	13	5
1.00092218661476307e+00	294	chi_beta_first_ge_1	1.00000000000000000e+00	3.60843918243516776e-02	2.34420069431083844e-01	3	3	56	-2.08333333333333703e-02	-2.08333333333333703e-02	-2.08333333333333703e-02	15	15	15
1.05198964511551618e+00	309	reference_Ricci	0.00000000000000000e+00	3.42801722331340297e+00	2.30411387479294625e+01	3	0	0	-1.97916666666666674e+00	-1.97916666666666674e+00	-1.97916666666666674e+00	0	0	0
1.05198964511551618e+00	309	reference_Riemann	0.00000000000000000e+00	3.42801722331340297e+00	2.30411387479294625e+01	3	0	0	-1.97916666666666674e+00	-1.97916666666666674e+00	-1.97916666666666674e+00	0	0	0
1.05198964511551618e+00	309	spin_connection	0.00000000000000000e+00	3.42801722331340297e+00	2.30411387479294625e+01	3	0	0	-1.97916666666666674e+00	-1.97916666666666674e+00	-1.97916666666666674e+00	0	0	0
1.05198964511551618e+00	309	spin_derivative	0.00000000000000000e+00	3.42801722331340297e+00	2.30411387479294625e+01	3	0	0	-1.97916666666666674e+00	-1.97916666666666674e+00	-1.97916666666666674e+00	0	0	0
1.05198964511551618e+00	309	Psi	2.13005379502019521e+00	3.60843918243516498e-02	2.42538302609784095e-01	3	3	60	-2.08333333333333703e-02	-2.08333333333333703e-02	2.08333333333333287e-02	15	15	0
1.05198964511551618e+00	309	Q	5.38160857696500898e+02	3.60843918243516498e-02	2.42538302609784095e-01	3	3	60	-2.08333333333333703e-02	-2.08333333333333703e-02	2.08333333333333287e-02	15	15	0
1.05198964511551618e+00	309	Delta	3.38298707365873838e+02	3.60843918243516498e-02	2.42538302609784095e-01	3	3	60	-2.08333333333333703e-02	-2.08333333333333703e-02	2.08333333333333287e-02	15	15	0
1.05198964511551618e+00	309	Pi	4.04489869640966219e+02	3.60843918243516498e-02	2.42538302609784095e-01	3	3	60	-2.08333333333333703e-02	-2.08333333333333703e-02	2.08333333333333287e-02	15	15	0
1.05198964511551618e+00	309	Phi	2.46455045855192401e-01	6.90963497990708386e-02	4.64425491175633698e-01	3	3	60	-2.08333333333333703e-02	-2.08333333333333703e-02	6.24999999999999861e-02	15	15	1
1.05198964511551618e+00	309	GH_constraint	1.25894610713026083e+01	3.60843918243516498e-02	2.42538302609784095e-01	3	3	60	-2.08333333333333703e-02	-2.08333333333333703e-02	2.08333333333333287e-02	15	15	0
1.05198964511551618e+00	309	reduction_constraint	5.58727336013415950e-04	1.48779758927976041e-01	1.00001103991815810e+00	3	3	60	-2.08333333333333703e-02	-2.08333333333333703e-02	1.45833333333333315e-01	15	15	3
1.05198964511551618e+00	309	curl_constraint	7.11859841572035600e-03	1.48779758927976014e-01	1.00001103991815810e+00	3	3	62	-2.08333333333333703e-02	2.08333333333333287e-02	1.45833333333333315e-01	15	0	3
1.05198964511551618e+00	309	source_curvature	5.85270226578823771e-01	3.60843918243516498e-02	2.42538302609784095e-01	3	3	60	-2.08333333333333703e-02	-2.08333333333333703e-02	2.08333333333333287e-02	15	15	0
1.05198964511551618e+00	309	source_QQ	2.42863959435464320e+05	3.60843918243516498e-02	2.42538302609784095e-01	3	3	60	-2.08333333333333703e-02	-2.08333333333333703e-02	2.08333333333333287e-02	15	15	0
1.05198964511551618e+00	309	source_DeltaDelta	1.44368616432507639e+05	3.60843918243516498e-02	2.42538302609784095e-01	3	3	60	-2.08333333333333703e-02	-2.08333333333333703e-02	2.08333333333333287e-02	15	15	0
1.05198964511551618e+00	309	source_damping	0.00000000000000000e+00	3.42801722331340297e+00	2.30411387479294625e+01	3	0	0	-1.97916666666666674e+00	-1.97916666666666674e+00	-1.97916666666666674e+00	0	0	0
1.05198964511551618e+00	309	source_frame_correction	7.58010682157784322e+04	3.60843918243516498e-02	2.42538302609784095e-01	3	3	60	-2.08333333333333703e-02	-2.08333333333333703e-02	2.08333333333333287e-02	15	15	0
1.05198964511551618e+00	309	Psi_RHS_Linf	3.10907154829620069e-03	1.48779758927976069e-01	1.00001103991815832e+00	3	3	60	-1.45833333333333370e-01	-2.08333333333333703e-02	2.08333333333333287e-02	12	15	0
1.05198964511551618e+00	309	Pi_RHS_Linf	5.45515736843011356e-01	1.48779758927976069e-01	1.00001103991815832e+00	3	3	60	-2.08333333333333703e-02	-1.45833333333333370e-01	2.08333333333333287e-02	15	12	0
1.05198964511551618e+00	309	Phi_RHS_Linf	2.32745479405889411e-01	1.48779758927976069e-01	1.00001103991815832e+00	3	3	60	-1.45833333333333370e-01	-2.08333333333333703e-02	2.08333333333333287e-02	12	15	0
1.05198964511551618e+00	309	Hhat_RHS_Linf	5.20486759206089888e-01	1.48779758927976069e-01	1.00001103991815832e+00	3	3	60	-1.45833333333333370e-01	-2.08333333333333703e-02	2.08333333333333287e-02	12	15	0
1.05198964511551618e+00	309	theta_RHS_Linf	1.12551442682659139e-01	1.48779758927976069e-01	1.00001103991815832e+00	3	3	60	-2.08333333333333703e-02	-1.45833333333333370e-01	2.08333333333333287e-02	15	12	0
1.05198964511551618e+00	309	Upsilon_RHS_Linf	4.81697439535334459e-04	1.48779758927976069e-01	1.00001103991815832e+00	3	3	60	-1.45833333333333370e-01	-2.08333333333333703e-02	2.08333333333333287e-02	12	15	0
1.05198964511551618e+00	309	chi_beta	4.19072126466670554e+01	3.60843918243516776e-02	2.42538302609784262e-01	3	3	56	-2.08333333333333703e-02	-2.08333333333333703e-02	-2.08333333333333703e-02	15	15	15
1.05198964511551618e+00	309	chi_beta_near_r_lt_1	4.19072126466670554e+01	3.60843918243516776e-02	2.42538302609784262e-01	3	3	56	-2.08333333333333703e-02	-2.08333333333333703e-02	-2.08333333333333703e-02	15	15	15
1.05198964511551618e+00	309	chi_beta_inner_r_lt_0p5	4.19072126466670554e+01	3.60843918243516776e-02	2.42538302609784262e-01	3	3	56	-2.08333333333333703e-02	-2.08333333333333703e-02	-2.08333333333333703e-02	15	15	15
1.05198964511551618e+00	309	chi_beta_annulus_0p5_1	1.91125488343433036e+00	5.01300392313165255e-01	3.36944978430264941e+00	3	3	56	-2.08333333333333703e-02	-1.45833333333333370e-01	-4.79166666666666741e-01	15	12	4
1.05198964511551618e+00	309	chi_beta_annulus_1_1p5	7.77645210784219887e-01	1.00065082987690213e+00	6.72579310647080142e+00	3	3	63	6.04166666666666519e-01	5.20833333333333259e-01	6.04166666666666519e-01	14	12	14
1.05198964511551618e+00	309	chi_beta_annulus_1p5_2	4.38254956725826927e-01	1.50043396500256976e+00	1.00850447700826695e+01	3	6	117	-1.10416666666666674e+00	9.79166666666666630e-01	2.70833333333333259e-01	5	7	6
1.05198964511551618e+00	309	chi_beta_outer_r_ge_2	2.84571871002506027e-01	2.00032549434669127e+00	1.34450249966112825e+01	3	0	5	-1.10416666666666674e+00	-1.47916666666666674e+00	-7.70833333333333370e-01	5	12	13
1.05198964511551618e+00	309	chi_beta_first_ge_1	1.00000000000000000e+00	3.60843918243516776e-02	2.42538302609784262e-01	3	3	56	-2.08333333333333703e-02	-2.08333333333333703e-02	-2.08333333333333703e-02	15	15	15
1.10305710361626930e+00	324	reference_Ricci	0.00000000000000000e+00	3.42801722331340297e+00	2.38390795450311934e+01	3	0	0	-1.97916666666666674e+00	-1.97916666666666674e+00	-1.97916666666666674e+00	0	0	0
1.10305710361626930e+00	324	reference_Riemann	0.00000000000000000e+00	3.42801722331340297e+00	2.38390795450311934e+01	3	0	0	-1.97916666666666674e+00	-1.97916666666666674e+00	-1.97916666666666674e+00	0	0	0
1.10305710361626930e+00	324	spin_connection	0.00000000000000000e+00	3.42801722331340297e+00	2.38390795450311934e+01	3	0	0	-1.97916666666666674e+00	-1.97916666666666674e+00	-1.97916666666666674e+00	0	0	0
1.10305710361626930e+00	324	spin_derivative	0.00000000000000000e+00	3.42801722331340297e+00	2.38390795450311934e+01	3	0	0	-1.97916666666666674e+00	-1.97916666666666674e+00	-1.97916666666666674e+00	0	0	0
1.10305710361626930e+00	324	Psi	2.78057516291975260e+00	3.60843918243516498e-02	2.50937679421381232e-01	3	3	60	-2.08333333333333703e-02	-2.08333333333333703e-02	2.08333333333333287e-02	15	15	0
1.10305710361626930e+00	324	Q	3.28067119073651247e+03	3.60843918243516498e-02	2.50937679421381232e-01	3	3	60	-2.08333333333333703e-02	-2.08333333333333703e-02	2.08333333333333287e-02	15	15	0
1.10305710361626930e+00	324	Delta	2.18231334152677300e+03	3.60843918243516498e-02	2.50937679421381232e-01	3	3	60	-2.08333333333333703e-02	-2.08333333333333703e-02	2.08333333333333287e-02	15	15	0
1.10305710361626930e+00	324	Pi	1.52857826775102035e+03	3.60843918243516498e-02	2.50937679421381232e-01	3	3	60	-2.08333333333333703e-02	-2.08333333333333703e-02	2.08333333333333287e-02	15	15	0
1.10305710361626930e+00	324	Phi	1.13283066621211170e+00	6.90963497990708386e-02	4.80509073270999953e-01	3	3	60	-2.08333333333333703e-02	-2.08333333333333703e-02	6.24999999999999861e-02	15	15	1
1.10305710361626930e+00	324	GH_constraint	4.26592803840362862e+01	3.60843918243516776e-02	2.50937679421381454e-01	3	3	56	-2.08333333333333703e-02	-2.08333333333333703e-02	-2.08333333333333703e-02	15	15	15
1.10305710361626930e+00	324	reduction_constraint	2.33752820562774287e-03	1.48779758927976041e-01	1.03464255770173685e+00	3	3	60	-2.08333333333333703e-02	-2.08333333333333703e-02	1.45833333333333315e-01	15	15	3
1.10305710361626930e+00	324	curl_constraint	2.81095010703176981e-02	1.48779758927976014e-01	1.03464255770173663e+00	3	3	62	-2.08333333333333703e-02	2.08333333333333287e-02	1.45833333333333315e-01	15	0	3
1.10305710361626930e+00	324	source_curvature	2.50266847391208502e+00	3.60843918243516498e-02	2.50937679421381232e-01	3	3	60	-2.08333333333333703e-02	-2.08333333333333703e-02	2.08333333333333287e-02	15	15	0
1.10305710361626930e+00	324	source_QQ	3.38301505690710526e+06	3.60843918243516776e-02	2.50937679421381454e-01	3	3	56	-2.08333333333333703e-02	-2.08333333333333703e-02	-2.08333333333333703e-02	15	15	15
1.10305710361626930e+00	324	source_DeltaDelta	2.45501718603991065e+06	3.60843918243516776e-02	2.50937679421381454e-01	3	3	56	-2.08333333333333703e-02	-2.08333333333333703e-02	-2.08333333333333703e-02	15	15	15
1.10305710361626930e+00	324	source_damping	0.00000000000000000e+00	3.42801722331340297e+00	2.38390795450311934e+01	3	0	0	-1.97916666666666674e+00	-1.97916666666666674e+00	-1.97916666666666674e+00	0	0	0
1.10305710361626930e+00	324	source_frame_correction	1.09167738712805882e+06	3.60843918243516498e-02	2.50937679421381232e-01	3	3	60	-2.08333333333333703e-02	-2.08333333333333703e-02	2.08333333333333287e-02	15	15	0
1.10305710361626930e+00	324	Psi_RHS_Linf	1.09870516607805044e-02	1.48779758927976069e-01	1.03464255770173708e+00	3	3	60	-1.45833333333333370e-01	-2.08333333333333703e-02	2.08333333333333287e-02	12	15	0
1.10305710361626930e+00	324	Pi_RHS_Linf	2.83396086306957606e+00	1.48779758927976069e-01	1.03464255770173708e+00	3	3	60	-2.08333333333333703e-02	-1.45833333333333370e-01	2.08333333333333287e-02	15	12	0
1.10305710361626930e+00	324	Phi_RHS_Linf	8.91270435442453213e-01	1.48779758927976069e-01	1.03464255770173708e+00	3	3	60	-1.45833333333333370e-01	-2.08333333333333703e-02	2.08333333333333287e-02	12	15	0
1.10305710361626930e+00	324	Hhat_RHS_Linf	2.08120701898416938e+00	1.48779758927976069e-01	1.03464255770173708e+00	3	3	60	-1.45833333333333370e-01	-2.08333333333333703e-02	2.08333333333333287e-02	12	15	0
1.10305710361626930e+00	324	theta_RHS_Linf	5.04177857396207352e-01	1.48779758927976069e-01	1.03464255770173708e+00	3	3	60	-2.08333333333333703e-02	-1.45833333333333370e-01	2.08333333333333287e-02	15	12	0
1.10305710361626930e+00	324	Upsilon_RHS_Linf	1.96507765089366966e-03	1.48779758927976069e-01	1.03464255770173708e+00	3	3	60	-1.45833333333333370e-01	-2.08333333333333703e-02	2.08333333333333287e-02	12	15	0
1.10305710361626930e+00	324	chi_beta	5.17280327046510635e+01	3.60843918243516776e-02	2.50937679421381454e-01	3	3	56	-2.08333333333333703e-02	-2.08333333333333703e-02	-2.08333333333333703e-02	15	15	15
1.10305710361626930e+00	324	chi_beta_near_r_lt_1	5.17280327046510635e+01	3.60843918243516776e-02	2.50937679421381454e-01	3	3	56	-2.08333333333333703e-02	-2.08333333333333703e-02	-2.08333333333333703e-02	15	15	15
1.10305710361626930e+00	324	chi_beta_inner_r_lt_0p5	5.17280327046510635e+01	3.60843918243516776e-02	2.50937679421381454e-01	3	3	56	-2.08333333333333703e-02	-2.08333333333333703e-02	-2.08333333333333703e-02	15	15	15
1.10305710361626930e+00	324	chi_beta_annulus_0p5_1	1.91125488354322859e+00	5.01300392313165255e-01	3.48613765620404648e+00	3	3	56	-2.08333333333333703e-02	-1.45833333333333370e-01	-4.79166666666666741e-01	15	12	4
1.10305710361626930e+00	324	chi_beta_annulus_1_1p5	7.77645210784222551e-01	1.00065082987690235e+00	6.95871495860803257e+00	3	2	53	-8.54166666666666741e-01	-2.08333333333333703e-02	5.20833333333333259e-01	11	15	12
1.10305710361626930e+00	324	chi_beta_annulus_1p5_2	4.38254956725827594e-01	1.50043396500256976e+00	1.04343013216222307e+01	3	7	140	1.10416666666666674e+00	9.79166666666666630e-01	2.70833333333333259e-01	10	7	6
1.10305710361626930e+00	324	chi_beta_outer_r_ge_2	2.84571871002506582e-01	2.00032549434669127e+00	1.39106414785142345e+01	3	3	68	1.10416666666666674e+00	-1.47916666666666674e+00	-7.70833333333333370e-01	10	12	13
1.10305710361626930e+00	324	chi_beta_first_ge_1	1.00000000000000000e+00	3.60843918243516776e-02	2.50937679421381454e-01	3	3	56	-2.08333333333333703e-02	-2.08333333333333703e-02	-2.08333333333333703e-02	15	15	15
