time	cycle	diagnostic	maximum	radius	r_over_r_core	level	rank	gid	x	y	z	i	j	k
2.02257190174992818e+00	489	reference_Ricci	3.41287755828318584e+00	4.27337322849291990e-01	1.42445774283097326e+00	5	35	70	-1.56250000000000000e-01	-2.81250000000000000e-01	-2.81250000000000000e-01	29	27	27
2.02257190174992818e+00	489	reference_Riemann	4.57157395094577179e+00	4.18096505008114128e-01	1.39365501669371383e+00	5	35	70	-3.43750000000000000e-01	-9.37500000000000000e-02	-2.18750000000000000e-01	26	30	28
2.02257190174992818e+00	489	spin_connection	1.48028220546658540e+00	4.18096505008114128e-01	1.39365501669371383e+00	5	35	70	-3.12500000000000000e-02	-4.06250000000000000e-01	-9.37500000000000000e-02	31	25	30
2.02257190174992818e+00	489	spin_derivative	3.38704509665690923e+00	4.27337322849291990e-01	1.42445774283097326e+00	5	35	70	-9.37500000000000000e-02	-4.06250000000000000e-01	-9.37500000000000000e-02	30	25	30
2.02257190174992818e+00	489	Psi	2.20261707929426143e+00	4.70828724166230117e-01	1.56942908055410046e+00	5	35	70	-3.12500000000000000e-02	-3.12500000000000000e-02	-4.68750000000000000e-01	31	31	24
2.02257190174992818e+00	489	Q	1.88885012429257038e+00	4.45243964024218952e-01	1.48414654674739666e+00	5	48	96	-4.06250000000000000e-01	9.37500000000000000e-02	-1.56250000000000000e-01	25	1	29
2.02257190174992818e+00	489	Delta	1.35967459347318820e+00	4.36382501367779396e-01	1.45460833789259802e+00	5	48	96	-1.56250000000000000e-01	4.06250000000000000e-01	-3.12500000000000000e-02	29	6	31
2.02257190174992818e+00	489	Pi	1.66245488960871834e+00	4.36382501367779396e-01	1.45460833789259802e+00	5	48	96	-1.56250000000000000e-01	4.06250000000000000e-01	-3.12500000000000000e-02	29	6	31
2.02257190174992818e+00	489	Phi	4.01081609974398956e-01	3.89059362437147893e-01	1.29686454145715979e+00	5	74	148	-2.18750000000000000e-01	1.56250000000000000e-01	2.81250000000000000e-01	28	2	4
2.02257190174992818e+00	489	GH_constraint	1.82646695486148383e-02	6.08372572935368283e-01	2.02790857645122768e+00	5	74	148	-5.93750000000000000e-01	9.37500000000000000e-02	9.37500000000000000e-02	22	1	1
2.02257190174992818e+00	489	reduction_constraint	1.16134312897982206e-03	4.70828724166230117e-01	1.56942908055410046e+00	5	48	96	-4.68750000000000000e-01	3.12500000000000000e-02	-3.12500000000000000e-02	24	0	31
2.02257190174992818e+00	489	curl_constraint	2.37015097443866417e-02	3.68432066329737351e-01	1.22810688776579124e+00	5	48	96	-9.37500000000000000e-02	9.37500000000000000e-02	-3.43750000000000000e-01	30	1	26
2.02257190174992818e+00	489	source_curvature	6.94341966440971170e+00	4.27337322849291990e-01	1.42445774283097326e+00	5	35	70	-9.37500000000000000e-02	-4.06250000000000000e-01	-9.37500000000000000e-02	30	25	30
2.02257190174992818e+00	489	source_QQ	3.52752914012291097e+00	4.45243964024218952e-01	1.48414654674739666e+00	5	48	96	-4.06250000000000000e-01	9.37500000000000000e-02	-1.56250000000000000e-01	25	1	29
2.02257190174992818e+00	489	source_DeltaDelta	1.81054480319898881e+00	4.36382501367779396e-01	1.45460833789259802e+00	5	48	96	-1.56250000000000000e-01	4.06250000000000000e-01	-3.12500000000000000e-02	29	6	31
2.02257190174992818e+00	489	source_damping	0.00000000000000000e+00	4.13527130307069442e+01	1.37842376769023161e+02	3	0	0	-2.38750000000000000e+01	-2.38750000000000000e+01	-2.38750000000000000e+01	0	0	0
2.02257190174992818e+00	489	source_frame_correction	4.22840412501862994e-01	3.35118915461362743e-01	1.11706305153787588e+00	5	54	109	2.81250000000000000e-01	9.37500000000000000e-02	-1.56250000000000000e-01	4	1	29
2.02257190174992818e+00	489	Psi_RHS_Linf	3.11487584155401398e-01	4.70828724166230117e-01	1.56942908055410046e+00	5	35	70	-4.68750000000000000e-01	-3.12500000000000000e-02	-3.12500000000000000e-02	24	31	31
2.02257190174992818e+00	489	Pi_RHS_Linf	1.24700653330281841e+00	4.08646775956938157e-01	1.36215591985646056e+00	5	35	70	-4.06250000000000000e-01	-3.12500000000000000e-02	-3.12500000000000000e-02	25	31	31
2.02257190174992818e+00	489	Phi_RHS_Linf	4.27333760174421318e-01	5.33085065913499356e-01	1.77695021971166467e+00	5	54	109	3.12500000000000000e-02	3.12500000000000000e-02	-5.31250000000000000e-01	0	0	23
2.02257190174992818e+00	489	Hhat_RHS_Linf	0.00000000000000000e+00	4.13527130307069442e+01	1.37842376769023161e+02	3	0	0	-2.38750000000000000e+01	-2.38750000000000000e+01	-2.38750000000000000e+01	0	0	0
2.02257190174992818e+00	489	theta_RHS_Linf	0.00000000000000000e+00	4.13527130307069442e+01	1.37842376769023161e+02	3	0	0	-2.38750000000000000e+01	-2.38750000000000000e+01	-2.38750000000000000e+01	0	0	0
2.02257190174992818e+00	489	Upsilon_RHS_Linf	0.00000000000000000e+00	4.13527130307069442e+01	1.37842376769023161e+02	3	0	0	-2.38750000000000000e+01	-2.38750000000000000e+01	-2.38750000000000000e+01	0	0	0
2.02257190174992818e+00	489	chi_beta	2.08422049765230460e-01	5.47544233372975975e-01	1.82514744457658673e+00	5	48	96	-9.37500000000000000e-02	9.37500000000000000e-02	-5.31250000000000000e-01	30	1	23
2.02257190174992818e+00	489	chi_beta_near_r_lt_1	2.08422049765230460e-01	5.47544233372975975e-01	1.82514744457658673e+00	5	48	96	-9.37500000000000000e-02	9.37500000000000000e-02	-5.31250000000000000e-01	30	1	23
2.02257190174992818e+00	489	chi_beta_inner_r_lt_0p5	1.88639666662635236e-01	4.95093109929839348e-01	1.65031036643279783e+00	5	48	96	-2.18750000000000000e-01	2.81250000000000000e-01	-3.43750000000000000e-01	28	4	26
2.02257190174992818e+00	489	chi_beta_annulus_0p5_1	2.08422049765230460e-01	5.47544233372975975e-01	1.82514744457658673e+00	5	48	96	-9.37500000000000000e-02	9.37500000000000000e-02	-5.31250000000000000e-01	30	1	23
2.02257190174992818e+00	489	chi_beta_annulus_1_1p5	9.58372405419910811e-02	1.00146377243512918e+00	3.33821257478376410e+00	5	35	70	-5.93750000000000000e-01	-4.68750000000000000e-01	-6.56250000000000000e-01	22	24	21
2.02257190174992818e+00	489	chi_beta_annulus_1p5_2	5.18267213172557903e-02	1.50097624481535341e+00	5.00325414938451196e+00	5	35	70	-7.81250000000000000e-01	-9.06250000000000000e-01	-9.06250000000000000e-01	19	17	17
2.02257190174992818e+00	489	chi_beta_outer_r_ge_2	3.24345324937488910e-02	2.00073228781363932e+00	6.66910762604546470e+00	5	61	122	-1.34375000000000000e+00	-1.21875000000000000e+00	8.43750000000000000e-01	10	12	13
2.02257190174992818e+00	489	chi_beta_first_ge_1	0.00000000000000000e+00	inf	0.00000000000000000e+00	0	0	0	0.00000000000000000e+00	0.00000000000000000e+00	0.00000000000000000e+00	0	0	0
2.04322392956778431e+00	494	reference_Ricci	3.43374387175812412e+00	4.27337322849291990e-01	1.42445774283097326e+00	5	35	70	-1.56250000000000000e-01	-2.81250000000000000e-01	-2.81250000000000000e-01	29	27	27
2.04322392956778431e+00	494	reference_Riemann	4.60715845296215054e+00	4.18096505008114128e-01	1.39365501669371383e+00	5	35	70	-4.06250000000000000e-01	-3.12500000000000000e-02	-9.37500000000000000e-02	25	31	30
2.04322392956778431e+00	494	spin_connection	1.48665753291159941e+00	4.18096505008114128e-01	1.39365501669371383e+00	5	35	70	-2.81250000000000000e-01	-2.18750000000000000e-01	-2.18750000000000000e-01	27	28	28
2.04322392956778431e+00	494	spin_derivative	3.42437387985806962e+00	4.27337322849291990e-01	1.42445774283097326e+00	5	35	70	-4.06250000000000000e-01	-9.37500000000000000e-02	-9.37500000000000000e-02	25	30	30
2.04322392956778431e+00	494	Psi	2.20937366918112277e+00	4.70828724166230117e-01	1.56942908055410046e+00	5	35	70	-3.12500000000000000e-02	-3.12500000000000000e-02	-4.68750000000000000e-01	31	31	24
2.04322392956778431e+00	494	Q	1.93400247911086254e+00	4.45243964024218952e-01	1.48414654674739666e+00	5	74	148	-1.56250000000000000e-01	4.06250000000000000e-01	9.37500000000000000e-02	29	6	1
2.04322392956778431e+00	494	Delta	1.39233858887915596e+00	4.36382501367779396e-01	1.45460833789259802e+00	5	48	96	-1.56250000000000000e-01	4.06250000000000000e-01	-3.12500000000000000e-02	29	6	31
2.04322392956778431e+00	494	Pi	1.69824779459930775e+00	4.36382501367779396e-01	1.45460833789259802e+00	5	54	109	1.56250000000000000e-01	3.12500000000000000e-02	-4.06250000000000000e-01	2	0	25
2.04322392956778431e+00	494	Phi	4.14627026759375461e-01	3.89059362437147893e-01	1.29686454145715979e+00	5	61	122	-2.18750000000000000e-01	-2.81250000000000000e-01	1.56250000000000000e-01	28	27	2
2.04322392956778431e+00	494	GH_constraint	1.84730805646449343e-02	6.08372572935368283e-01	2.02790857645122768e+00	5	74	148	-5.93750000000000000e-01	9.37500000000000000e-02	9.37500000000000000e-02	22	1	1
2.04322392956778431e+00	494	reduction_constraint	1.21571599988930723e-03	4.70828724166230117e-01	1.56942908055410046e+00	5	48	96	-4.68750000000000000e-01	3.12500000000000000e-02	-3.12500000000000000e-02	24	0	31
2.04322392956778431e+00	494	curl_constraint	2.46310907966247675e-02	3.68432066329737351e-01	1.22810688776579124e+00	5	61	122	-9.37500000000000000e-02	-3.43750000000000000e-01	9.37500000000000000e-02	30	26	1
2.04322392956778431e+00	494	source_curvature	6.98788520520150769e+00	4.27337322849291990e-01	1.42445774283097326e+00	5	35	70	-9.37500000000000000e-02	-9.37500000000000000e-02	-4.06250000000000000e-01	30	30	25
2.04322392956778431e+00	494	source_QQ	3.66096972809224397e+00	4.45243964024218952e-01	1.48414654674739666e+00	5	74	148	-1.56250000000000000e-01	4.06250000000000000e-01	9.37500000000000000e-02	29	6	1
2.04322392956778431e+00	494	source_DeltaDelta	1.87927969670891537e+00	4.36382501367779396e-01	1.45460833789259802e+00	5	74	148	-1.56250000000000000e-01	4.06250000000000000e-01	3.12500000000000000e-02	29	6	0
2.04322392956778431e+00	494	source_damping	0.00000000000000000e+00	4.13527130307069442e+01	1.37842376769023161e+02	3	0	0	-2.38750000000000000e+01	-2.38750000000000000e+01	-2.38750000000000000e+01	0	0	0
2.04322392956778431e+00	494	source_frame_correction	4.29657001388465853e-01	3.35118915461362743e-01	1.11706305153787588e+00	5	41	83	2.81250000000000000e-01	-9.37500000000000000e-02	-1.56250000000000000e-01	4	30	29
2.04322392956778431e+00	494	Psi_RHS_Linf	3.18832724892296582e-01	4.70828724166230117e-01	1.56942908055410046e+00	5	35	70	-4.68750000000000000e-01	-3.12500000000000000e-02	-3.12500000000000000e-02	24	31	31
2.04322392956778431e+00	494	Pi_RHS_Linf	1.26442045820429771e+00	4.08646775956938157e-01	1.36215591985646056e+00	5	35	70	-4.06250000000000000e-01	-3.12500000000000000e-02	-3.12500000000000000e-02	25	31	31
2.04322392956778431e+00	494	Phi_RHS_Linf	4.40773814054632174e-01	5.33085065913499356e-01	1.77695021971166467e+00	5	41	83	5.31250000000000000e-01	-3.12500000000000000e-02	-3.12500000000000000e-02	8	31	31
2.04322392956778431e+00	494	Hhat_RHS_Linf	0.00000000000000000e+00	4.13527130307069442e+01	1.37842376769023161e+02	3	0	0	-2.38750000000000000e+01	-2.38750000000000000e+01	-2.38750000000000000e+01	0	0	0
2.04322392956778431e+00	494	theta_RHS_Linf	0.00000000000000000e+00	4.13527130307069442e+01	1.37842376769023161e+02	3	0	0	-2.38750000000000000e+01	-2.38750000000000000e+01	-2.38750000000000000e+01	0	0	0
2.04322392956778431e+00	494	Upsilon_RHS_Linf	0.00000000000000000e+00	4.13527130307069442e+01	1.37842376769023161e+02	3	0	0	-2.38750000000000000e+01	-2.38750000000000000e+01	-2.38750000000000000e+01	0	0	0
2.04322392956778431e+00	494	chi_beta	2.13843482998514883e-01	5.47544233372975975e-01	1.82514744457658673e+00	5	41	83	9.37500000000000000e-02	-9.37500000000000000e-02	-5.31250000000000000e-01	1	30	23
2.04322392956778431e+00	494	chi_beta_near_r_lt_1	2.13843482998514883e-01	5.47544233372975975e-01	1.82514744457658673e+00	5	41	83	9.37500000000000000e-02	-9.37500000000000000e-02	-5.31250000000000000e-01	1	30	23
2.04322392956778431e+00	494	chi_beta_inner_r_lt_0p5	1.93477927907589026e-01	4.95093109929839348e-01	1.65031036643279783e+00	5	61	122	-2.18750000000000000e-01	-2.81250000000000000e-01	3.43750000000000000e-01	28	27	5
2.04322392956778431e+00	494	chi_beta_annulus_0p5_1	2.13843482998514883e-01	5.47544233372975975e-01	1.82514744457658673e+00	5	41	83	9.37500000000000000e-02	-9.37500000000000000e-02	-5.31250000000000000e-01	1	30	23
2.04322392956778431e+00	494	chi_beta_annulus_1_1p5	9.83852250925786043e-02	1.00146377243512918e+00	3.33821257478376410e+00	5	80	161	4.68750000000000000e-01	6.56250000000000000e-01	5.93750000000000000e-01	7	10	9
2.04322392956778431e+00	494	chi_beta_annulus_1p5_2	5.31975747393695006e-02	1.50097624481535341e+00	5.00325414938451196e+00	5	35	70	-7.81250000000000000e-01	-9.06250000000000000e-01	-9.06250000000000000e-01	19	17	17
2.04322392956778431e+00	494	chi_beta_outer_r_ge_2	3.32885064839761394e-02	2.00073228781363932e+00	6.66910762604546470e+00	5	41	83	8.43750000000000000e-01	-1.34375000000000000e+00	-1.21875000000000000e+00	13	10	12
2.04322392956778431e+00	494	chi_beta_first_ge_1	0.00000000000000000e+00	inf	0.00000000000000000e+00	0	0	0	0.00000000000000000e+00	0.00000000000000000e+00	0.00000000000000000e+00	0	0	0
2.06387494635910107e+00	499	reference_Ricci	3.45379139222954112e+00	4.27337322849291990e-01	1.42445774283097326e+00	5	35	70	-1.56250000000000000e-01	-2.81250000000000000e-01	-2.81250000000000000e-01	29	27	27
2.06387494635910107e+00	499	reference_Riemann	4.64173556389994513e+00	4.18096505008114128e-01	1.39365501669371383e+00	5	35	70	-9.37500000000000000e-02	-2.18750000000000000e-01	-3.43750000000000000e-01	30	28	26
2.06387494635910107e+00	499	spin_connection	1.49321193389601992e+00	4.18096505008114128e-01	1.39365501669371383e+00	5	35	70	-2.81250000000000000e-01	-2.18750000000000000e-01	-2.18750000000000000e-01	27	28	28
2.06387494635910107e+00	499	spin_derivative	3.46150336759450639e+00	4.27337322849291990e-01	1.42445774283097326e+00	5	35	70	-9.37500000000000000e-02	-9.37500000000000000e-02	-4.06250000000000000e-01	30	30	25
2.06387494635910107e+00	499	Psi	2.21630164403183239e+00	4.70828724166230117e-01	1.56942908055410046e+00	5	35	70	-3.12500000000000000e-02	-3.12500000000000000e-02	-4.68750000000000000e-01	31	31	24
2.06387494635910107e+00	499	Q	1.97994356654027404e+00	4.45243964024218952e-01	1.48414654674739666e+00	5	35	70	-9.37500000000000000e-02	-4.06250000000000000e-01	-1.56250000000000000e-01	30	25	29
2.06387494635910107e+00	499	Delta	1.42559434411692187e+00	4.36382501367779396e-01	1.45460833789259802e+00	5	74	148	-1.56250000000000000e-01	4.06250000000000000e-01	3.12500000000000000e-02	29	6	0
2.06387494635910107e+00	499	Pi	1.73446886461782102e+00	4.36382501367779396e-01	1.45460833789259802e+00	5	54	109	1.56250000000000000e-01	3.12500000000000000e-02	-4.06250000000000000e-01	2	0	25
2.06387494635910107e+00	499	Phi	4.28516902646369657e-01	3.89059362437147893e-01	1.29686454145715979e+00	5	61	122	-2.18750000000000000e-01	-2.81250000000000000e-01	1.56250000000000000e-01	28	27	2
2.06387494635910107e+00	499	GH_constraint	1.86874656225168231e-02	6.08372572935368283e-01	2.02790857645122768e+00	5	74	148	-5.93750000000000000e-01	9.37500000000000000e-02	9.37500000000000000e-02	22	1	1
2.06387494635910107e+00	499	reduction_constraint	1.27208769301541489e-03	4.70828724166230117e-01	1.56942908055410046e+00	5	48	96	-4.68750000000000000e-01	3.12500000000000000e-02	-3.12500000000000000e-02	24	0	31
2.06387494635910107e+00	499	curl_constraint	2.55902592659800060e-02	3.68432066329737351e-01	1.22810688776579124e+00	5	35	70	-3.43750000000000000e-01	-9.37500000000000000e-02	-9.37500000000000000e-02	26	30	30
2.06387494635910107e+00	499	source_curvature	7.03072007097617124e+00	4.27337322849291990e-01	1.42445774283097326e+00	5	35	70	-9.37500000000000000e-02	-9.37500000000000000e-02	-4.06250000000000000e-01	30	30	25
2.06387494635910107e+00	499	source_QQ	3.79766788404062972e+00	4.45243964024218952e-01	1.48414654674739666e+00	5	74	148	-1.56250000000000000e-01	4.06250000000000000e-01	9.37500000000000000e-02	29	6	1
2.06387494635910107e+00	499	source_DeltaDelta	1.94973426775965297e+00	4.36382501367779396e-01	1.45460833789259802e+00	5	54	109	1.56250000000000000e-01	3.12500000000000000e-02	-4.06250000000000000e-01	2	0	25
2.06387494635910107e+00	499	source_damping	0.00000000000000000e+00	4.13527130307069442e+01	1.37842376769023161e+02	3	0	0	-2.38750000000000000e+01	-2.38750000000000000e+01	-2.38750000000000000e+01	0	0	0
2.06387494635910107e+00	499	source_frame_correction	4.36580499279300482e-01	3.35118915461362743e-01	1.11706305153787588e+00	5	35	70	-2.81250000000000000e-01	-9.37500000000000000e-02	-1.56250000000000000e-01	27	30	29
2.06387494635910107e+00	499	Psi_RHS_Linf	3.26313307580229639e-01	4.70828724166230117e-01	1.56942908055410046e+00	5	35	70	-4.68750000000000000e-01	-3.12500000000000000e-02	-3.12500000000000000e-02	24	31	31
2.06387494635910107e+00	499	Pi_RHS_Linf	1.28193006018578459e+00	4.08646775956938157e-01	1.36215591985646056e+00	5	67	135	4.06250000000000000e-01	-3.12500000000000000e-02	3.12500000000000000e-02	6	31	0
2.06387494635910107e+00	499	Phi_RHS_Linf	4.54523225906487249e-01	5.33085065913499356e-01	1.77695021971166467e+00	5	54	109	3.12500000000000000e-02	3.12500000000000000e-02	-5.31250000000000000e-01	0	0	23
2.06387494635910107e+00	499	Hhat_RHS_Linf	0.00000000000000000e+00	4.13527130307069442e+01	1.37842376769023161e+02	3	0	0	-2.38750000000000000e+01	-2.38750000000000000e+01	-2.38750000000000000e+01	0	0	0
2.06387494635910107e+00	499	theta_RHS_Linf	0.00000000000000000e+00	4.13527130307069442e+01	1.37842376769023161e+02	3	0	0	-2.38750000000000000e+01	-2.38750000000000000e+01	-2.38750000000000000e+01	0	0	0
2.06387494635910107e+00	499	Upsilon_RHS_Linf	0.00000000000000000e+00	4.13527130307069442e+01	1.37842376769023161e+02	3	0	0	-2.38750000000000000e+01	-2.38750000000000000e+01	-2.38750000000000000e+01	0	0	0
2.06387494635910107e+00	499	chi_beta	2.19337746344482498e-01	5.47544233372975975e-01	1.82514744457658673e+00	5	48	96	-9.37500000000000000e-02	9.37500000000000000e-02	-5.31250000000000000e-01	30	1	23
2.06387494635910107e+00	499	chi_beta_near_r_lt_1	2.19337746344482498e-01	5.47544233372975975e-01	1.82514744457658673e+00	5	48	96	-9.37500000000000000e-02	9.37500000000000000e-02	-5.31250000000000000e-01	30	1	23
2.06387494635910107e+00	499	chi_beta_inner_r_lt_0p5	1.98377252391744779e-01	4.95093109929839348e-01	1.65031036643279783e+00	5	74	148	-2.81250000000000000e-01	2.18750000000000000e-01	3.43750000000000000e-01	27	3	5
2.06387494635910107e+00	499	chi_beta_annulus_0p5_1	2.19337746344482498e-01	5.47544233372975975e-01	1.82514744457658673e+00	5	48	96	-9.37500000000000000e-02	9.37500000000000000e-02	-5.31250000000000000e-01	30	1	23
2.06387494635910107e+00	499	chi_beta_annulus_1_1p5	1.00971739916307562e-01	1.00146377243512918e+00	3.33821257478376410e+00	5	35	70	-5.93750000000000000e-01	-4.68750000000000000e-01	-6.56250000000000000e-01	22	24	21
2.06387494635910107e+00	499	chi_beta_annulus_1p5_2	5.45892446354259084e-02	1.50097624481535341e+00	5.00325414938451196e+00	5	35	70	-7.81250000000000000e-01	-9.06250000000000000e-01	-9.06250000000000000e-01	19	17	17
2.06387494635910107e+00	499	chi_beta_outer_r_ge_2	3.41551552513437093e-02	2.00073228781363932e+00	6.66910762604546470e+00	5	74	148	-1.34375000000000000e+00	1.21875000000000000e+00	8.43750000000000000e-01	10	19	13
2.06387494635910107e+00	499	chi_beta_first_ge_1	0.00000000000000000e+00	inf	0.00000000000000000e+00	0	0	0	0.00000000000000000e+00	0.00000000000000000e+00	0.00000000000000000e+00	0	0	0
2.08039502291384437e+00	503	reference_Ricci	3.46922892970115271e+00	4.27337322849291990e-01	1.42445774283097326e+00	5	35	70	-1.56250000000000000e-01	-2.81250000000000000e-01	-2.81250000000000000e-01	29	27	27
2.08039502291384437e+00	503	reference_Riemann	4.66865446818655805e+00	4.18096505008114128e-01	1.39365501669371383e+00	5	35	70	-3.43750000000000000e-01	-9.37500000000000000e-02	-2.18750000000000000e-01	26	30	28
2.08039502291384437e+00	503	spin_connection	1.49858554961950663e+00	4.18096505008114128e-01	1.39365501669371383e+00	5	35	70	-2.81250000000000000e-01	-2.18750000000000000e-01	-2.18750000000000000e-01	27	28	28
2.08039502291384437e+00	503	spin_derivative	3.49105720620610427e+00	4.27337322849291990e-01	1.42445774283097326e+00	5	35	70	-9.37500000000000000e-02	-9.37500000000000000e-02	-4.06250000000000000e-01	30	30	25
2.08039502291384437e+00	503	Psi	2.22196965846565364e+00	4.70828724166230117e-01	1.56942908055410046e+00	5	35	70	-3.12500000000000000e-02	-3.12500000000000000e-02	-4.68750000000000000e-01	31	31	24
2.08039502291384437e+00	503	Q	2.01727212053553107e+00	4.45243964024218952e-01	1.48414654674739666e+00	5	74	148	-9.37500000000000000e-02	4.06250000000000000e-01	1.56250000000000000e-01	30	6	2
2.08039502291384437e+00	503	Delta	1.45263126358510375e+00	4.36382501367779396e-01	1.45460833789259802e+00	5	48	96	-1.56250000000000000e-01	4.06250000000000000e-01	-3.12500000000000000e-02	29	6	31
2.08039502291384437e+00	503	Pi	1.76375384383644840e+00	4.36382501367779396e-01	1.45460833789259802e+00	5	54	109	1.56250000000000000e-01	3.12500000000000000e-02	-4.06250000000000000e-01	2	0	25
2.08039502291384437e+00	503	Phi	4.39881086491727802e-01	3.89059362437147893e-01	1.29686454145715979e+00	5	67	135	2.18750000000000000e-01	-2.81250000000000000e-01	1.56250000000000000e-01	3	27	2
2.08039502291384437e+00	503	GH_constraint	1.88633119776213699e-02	6.08372572935368283e-01	2.02790857645122768e+00	5	74	148	-5.93750000000000000e-01	9.37500000000000000e-02	9.37500000000000000e-02	22	1	1
2.08039502291384437e+00	503	reduction_constraint	1.31866142405587662e-03	4.70828724166230117e-01	1.56942908055410046e+00	5	80	161	3.12500000000000000e-02	4.68750000000000000e-01	3.12500000000000000e-02	0	7	0
2.08039502291384437e+00	503	curl_constraint	2.63794747733787083e-02	3.68432066329737351e-01	1.22810688776579124e+00	5	35	70	-9.37500000000000000e-02	-3.43750000000000000e-01	-9.37500000000000000e-02	30	26	30
2.08039502291384437e+00	503	source_curvature	7.06379102812032578e+00	4.27337322849291990e-01	1.42445774283097326e+00	5	35	70	-9.37500000000000000e-02	-4.06250000000000000e-01	-9.37500000000000000e-02	30	25	30
2.08039502291384437e+00	503	source_QQ	3.90938083863419727e+00	4.45243964024218952e-01	1.48414654674739666e+00	5	80	161	1.56250000000000000e-01	9.37500000000000000e-02	4.06250000000000000e-01	2	1	6
2.08039502291384437e+00	503	source_DeltaDelta	2.00734207179207225e+00	4.36382501367779396e-01	1.45460833789259802e+00	5	61	122	-4.06250000000000000e-01	-1.56250000000000000e-01	3.12500000000000000e-02	25	29	0
2.08039502291384437e+00	503	source_damping	0.00000000000000000e+00	4.13527130307069442e+01	1.37842376769023161e+02	3	0	0	-2.38750000000000000e+01	-2.38750000000000000e+01	-2.38750000000000000e+01	0	0	0
2.08039502291384437e+00	503	source_frame_correction	4.42197907219047170e-01	3.35118915461362743e-01	1.11706305153787588e+00	5	41	83	2.81250000000000000e-01	-9.37500000000000000e-02	-1.56250000000000000e-01	4	30	29
2.08039502291384437e+00	503	Psi_RHS_Linf	3.32397010502179735e-01	4.70828724166230117e-01	1.56942908055410046e+00	5	35	70	-4.68750000000000000e-01	-3.12500000000000000e-02	-3.12500000000000000e-02	24	31	31
2.08039502291384437e+00	503	Pi_RHS_Linf	1.29600559276120042e+00	4.08646775956938157e-01	1.36215591985646056e+00	5	41	83	4.06250000000000000e-01	-3.12500000000000000e-02	-3.12500000000000000e-02	6	31	31
2.08039502291384437e+00	503	Phi_RHS_Linf	4.65750708833640503e-01	5.33085065913499356e-01	1.77695021971166467e+00	5	74	148	-3.12500000000000000e-02	3.12500000000000000e-02	5.31250000000000000e-01	31	0	8
2.08039502291384437e+00	503	Hhat_RHS_Linf	0.00000000000000000e+00	4.13527130307069442e+01	1.37842376769023161e+02	3	0	0	-2.38750000000000000e+01	-2.38750000000000000e+01	-2.38750000000000000e+01	0	0	0
2.08039502291384437e+00	503	theta_RHS_Linf	0.00000000000000000e+00	4.13527130307069442e+01	1.37842376769023161e+02	3	0	0	-2.38750000000000000e+01	-2.38750000000000000e+01	-2.38750000000000000e+01	0	0	0
2.08039502291384437e+00	503	Upsilon_RHS_Linf	0.00000000000000000e+00	4.13527130307069442e+01	1.37842376769023161e+02	3	0	0	-2.38750000000000000e+01	-2.38750000000000000e+01	-2.38750000000000000e+01	0	0	0
2.08039502291384437e+00	503	chi_beta	2.23785427264167447e-01	5.47544233372975975e-01	1.82514744457658673e+00	5	61	122	-9.37500000000000000e-02	-5.31250000000000000e-01	9.37500000000000000e-02	30	23	1
2.08039502291384437e+00	503	chi_beta_near_r_lt_1	2.23785427264167447e-01	5.47544233372975975e-01	1.82514744457658673e+00	5	61	122	-9.37500000000000000e-02	-5.31250000000000000e-01	9.37500000000000000e-02	30	23	1
2.08039502291384437e+00	503	chi_beta_inner_r_lt_0p5	2.02340476277184850e-01	4.95093109929839348e-01	1.65031036643279783e+00	5	54	109	2.81250000000000000e-01	2.18750000000000000e-01	-3.43750000000000000e-01	4	3	26
2.08039502291384437e+00	503	chi_beta_annulus_0p5_1	2.23785427264167447e-01	5.47544233372975975e-01	1.82514744457658673e+00	5	61	122	-9.37500000000000000e-02	-5.31250000000000000e-01	9.37500000000000000e-02	30	23	1
2.08039502291384437e+00	503	chi_beta_annulus_1_1p5	1.03068609001160882e-01	1.00146377243512918e+00	3.33821257478376410e+00	5	61	122	-6.56250000000000000e-01	-5.93750000000000000e-01	4.68750000000000000e-01	21	22	7
2.08039502291384437e+00	503	chi_beta_annulus_1p5_2	5.57175137627078793e-02	1.50097624481535341e+00	5.00325414938451196e+00	5	35	70	-7.81250000000000000e-01	-9.06250000000000000e-01	-9.06250000000000000e-01	19	17	17
2.08039502291384437e+00	503	chi_beta_outer_r_ge_2	3.48575642515792997e-02	2.00073228781363932e+00	6.66910762604546470e+00	5	35	70	-8.43750000000000000e-01	-1.21875000000000000e+00	-1.34375000000000000e+00	18	12	10
2.08039502291384437e+00	503	chi_beta_first_ge_1	0.00000000000000000e+00	inf	0.00000000000000000e+00	0	0	0	0.00000000000000000e+00	0.00000000000000000e+00	0.00000000000000000e+00	0	0	0
2.10104418638112023e+00	508	reference_Ricci	3.48776176736864407e+00	4.27337322849291990e-01	1.42445774283097326e+00	5	35	70	-9.37500000000000000e-02	-9.37500000000000000e-02	-4.06250000000000000e-01	30	30	25
2.10104418638112023e+00	508	reference_Riemann	4.70135297533536800e+00	4.18096505008114128e-01	1.39365501669371383e+00	5	35	70	-4.06250000000000000e-01	-3.12500000000000000e-02	-9.37500000000000000e-02	25	31	30
2.10104418638112023e+00	508	spin_connection	1.50546656024033876e+00	4.18096505008114128e-01	1.39365501669371383e+00	5	35	70	-3.12500000000000000e-02	-9.37500000000000000e-02	-4.06250000000000000e-01	31	30	25
2.10104418638112023e+00	508	spin_derivative	3.52780465794482456e+00	4.27337322849291990e-01	1.42445774283097326e+00	5	35	70	-2.81250000000000000e-01	-2.81250000000000000e-01	-1.56250000000000000e-01	27	27	29
2.10104418638112023e+00	508	Psi	2.22921456147979224e+00	4.70828724166230117e-01	1.56942908055410046e+00	5	35	70	-3.12500000000000000e-02	-3.12500000000000000e-02	-4.68750000000000000e-01	31	31	24
2.10104418638112023e+00	508	Q	2.06466232566310470e+00	4.45243964024218952e-01	1.48414654674739666e+00	5	35	70	-4.06250000000000000e-01	-9.37500000000000000e-02	-1.56250000000000000e-01	25	30	29
2.10104418638112023e+00	508	Delta	1.48697574879091632e+00	4.36382501367779396e-01	1.45460833789259802e+00	5	41	83	3.12500000000000000e-02	-4.06250000000000000e-01	-1.56250000000000000e-01	0	25	29
2.10104418638112023e+00	508	Pi	1.80074495165811199e+00	4.36382501367779396e-01	1.45460833789259802e+00	5	54	109	1.56250000000000000e-01	3.12500000000000000e-02	-4.06250000000000000e-01	2	0	25
2.10104418638112023e+00	508	Phi	4.54434617878407499e-01	3.89059362437147893e-01	1.29686454145715979e+00	5	35	70	-9.37500000000000000e-02	-3.43750000000000000e-01	-1.56250000000000000e-01	30	26	29
2.10104418638112023e+00	508	GH_constraint	1.90885810409653425e-02	6.08372572935368283e-01	2.02790857645122768e+00	5	74	148	-5.93750000000000000e-01	9.37500000000000000e-02	9.37500000000000000e-02	22	1	1
2.10104418638112023e+00	508	reduction_constraint	1.37877156944767976e-03	4.70828724166230117e-01	1.56942908055410046e+00	5	48	96	-4.68750000000000000e-01	3.12500000000000000e-02	-3.12500000000000000e-02	24	0	31
2.10104418638112023e+00	508	curl_constraint	2.73940888658887431e-02	3.68432066329737351e-01	1.22810688776579124e+00	5	41	83	9.37500000000000000e-02	-3.43750000000000000e-01	-9.37500000000000000e-02	1	26	30
2.10104418638112023e+00	508	source_curvature	7.10360547828937072e+00	4.27337322849291990e-01	1.42445774283097326e+00	5	35	70	-4.06250000000000000e-01	-9.37500000000000000e-02	-9.37500000000000000e-02	25	30	30
2.10104418638112023e+00	508	source_QQ	4.05197460268810961e+00	4.45243964024218952e-01	1.48414654674739666e+00	5	67	135	4.06250000000000000e-01	-9.37500000000000000e-02	1.56250000000000000e-01	6	30	2
2.10104418638112023e+00	508	source_DeltaDelta	2.08091350039103729e+00	4.36382501367779396e-01	1.45460833789259802e+00	5	41	83	3.12500000000000000e-02	-4.06250000000000000e-01	-1.56250000000000000e-01	0	25	29
2.10104418638112023e+00	508	source_damping	0.00000000000000000e+00	4.13527130307069442e+01	1.37842376769023161e+02	3	0	0	-2.38750000000000000e+01	-2.38750000000000000e+01	-2.38750000000000000e+01	0	0	0
2.10104418638112023e+00	508	source_frame_correction	4.49319998202744264e-01	3.35118915461362743e-01	1.11706305153787588e+00	5	35	70	-2.81250000000000000e-01	-9.37500000000000000e-02	-1.56250000000000000e-01	27	30	29
2.10104418638112023e+00	508	Psi_RHS_Linf	3.40127893443178342e-01	4.70828724166230117e-01	1.56942908055410046e+00	5	35	70	-4.68750000000000000e-01	-3.12500000000000000e-02	-3.12500000000000000e-02	24	31	31
2.10104418638112023e+00	508	Pi_RHS_Linf	1.31368344122137914e+00	4.08646775956938157e-01	1.36215591985646056e+00	5	35	70	-4.06250000000000000e-01	-3.12500000000000000e-02	-3.12500000000000000e-02	25	31	31
2.10104418638112023e+00	508	Phi_RHS_Linf	4.80076783498712245e-01	5.33085065913499356e-01	1.77695021971166467e+00	5	48	96	-5.31250000000000000e-01	3.12500000000000000e-02	-3.12500000000000000e-02	23	0	31
2.10104418638112023e+00	508	Hhat_RHS_Linf	0.00000000000000000e+00	4.13527130307069442e+01	1.37842376769023161e+02	3	0	0	-2.38750000000000000e+01	-2.38750000000000000e+01	-2.38750000000000000e+01	0	0	0
2.10104418638112023e+00	508	theta_RHS_Linf	0.00000000000000000e+00	4.13527130307069442e+01	1.37842376769023161e+02	3	0	0	-2.38750000000000000e+01	-2.38750000000000000e+01	-2.38750000000000000e+01	0	0	0
2.10104418638112023e+00	508	Upsilon_RHS_Linf	0.00000000000000000e+00	4.13527130307069442e+01	1.37842376769023161e+02	3	0	0	-2.38750000000000000e+01	-2.38750000000000000e+01	-2.38750000000000000e+01	0	0	0
2.10104418638112023e+00	508	chi_beta	2.29410148259504093e-01	5.47544233372975975e-01	1.82514744457658673e+00	5	41	83	5.31250000000000000e-01	-9.37500000000000000e-02	-9.37500000000000000e-02	8	30	30
2.10104418638112023e+00	508	chi_beta_near_r_lt_1	2.29410148259504093e-01	5.47544233372975975e-01	1.82514744457658673e+00	5	41	83	5.31250000000000000e-01	-9.37500000000000000e-02	-9.37500000000000000e-02	8	30	30
2.10104418638112023e+00	508	chi_beta_inner_r_lt_0p5	2.07348955228469828e-01	4.95093109929839348e-01	1.65031036643279783e+00	5	80	161	3.43750000000000000e-01	2.81250000000000000e-01	2.18750000000000000e-01	5	4	3
2.10104418638112023e+00	508	chi_beta_annulus_0p5_1	2.29410148259504093e-01	5.47544233372975975e-01	1.82514744457658673e+00	5	41	83	5.31250000000000000e-01	-9.37500000000000000e-02	-9.37500000000000000e-02	8	30	30
2.10104418638112023e+00	508	chi_beta_annulus_1_1p5	1.05724153351370809e-01	1.00146377243512918e+00	3.33821257478376410e+00	5	35	70	-6.56250000000000000e-01	-5.93750000000000000e-01	-4.68750000000000000e-01	21	22	24
2.10104418638112023e+00	508	chi_beta_annulus_1p5_2	5.71464441691694053e-02	1.50097624481535341e+00	5.00325414938451196e+00	5	35	70	-7.81250000000000000e-01	-9.06250000000000000e-01	-9.06250000000000000e-01	19	17	17
2.10104418638112023e+00	508	chi_beta_outer_r_ge_2	3.57468907648132994e-02	2.00073228781363932e+00	6.66910762604546470e+00	5	35	70	-8.43750000000000000e-01	-1.21875000000000000e+00	-1.34375000000000000e+00	18	12	10
2.10104418638112023e+00	508	chi_beta_first_ge_1	0.00000000000000000e+00	inf	0.00000000000000000e+00	0	0	0	0.00000000000000000e+00	0.00000000000000000e+00	0.00000000000000000e+00	0	0	0
2.12169230172987211e+00	513	reference_Ricci	3.50543086810327242e+00	4.27337322849291990e-01	1.42445774283097326e+00	5	35	70	-9.37500000000000000e-02	-9.37500000000000000e-02	-4.06250000000000000e-01	30	30	25
2.12169230172987211e+00	513	reference_Riemann	4.73297195857463837e+00	4.18096505008114128e-01	1.39365501669371383e+00	5	35	70	-9.37500000000000000e-02	-4.06250000000000000e-01	-3.12500000000000000e-02	30	25	31
2.12169230172987211e+00	513	spin_connection	1.51259509258749114e+00	4.27337322849291990e-01	1.42445774283097326e+00	5	35	70	-9.37500000000000000e-02	-9.37500000000000000e-02	-4.06250000000000000e-01	30	30	25
2.12169230172987211e+00	513	spin_derivative	3.56432728951192912e+00	4.27337322849291990e-01	1.42445774283097326e+00	5	35	70	-9.37500000000000000e-02	-4.06250000000000000e-01	-9.37500000000000000e-02	30	25	30
2.12169230172987211e+00	513	Psi	2.23664032260040235e+00	4.70828724166230117e-01	1.56942908055410046e+00	5	35	70	-3.12500000000000000e-02	-3.12500000000000000e-02	-4.68750000000000000e-01	31	31	24
2.12169230172987211e+00	513	Q	2.11287429083047451e+00	4.45243964024218952e-01	1.48414654674739666e+00	5	35	70	-4.06250000000000000e-01	-9.37500000000000000e-02	-1.56250000000000000e-01	25	30	29
2.12169230172987211e+00	513	Delta	1.52193846764894114e+00	4.36382501367779396e-01	1.45460833789259802e+00	5	54	109	1.56250000000000000e-01	4.06250000000000000e-01	-3.12500000000000000e-02	2	6	31
2.12169230172987211e+00	513	Pi	1.83816332093051371e+00	4.36382501367779396e-01	1.45460833789259802e+00	5	35	70	-4.06250000000000000e-01	-3.12500000000000000e-02	-1.56250000000000000e-01	25	31	29
2.12169230172987211e+00	513	Phi	4.69353824991193880e-01	3.89059362437147893e-01	1.29686454145715979e+00	5	48	96	-9.37500000000000000e-02	3.43750000000000000e-01	-1.56250000000000000e-01	30	5	29
2.12169230172987211e+00	513	GH_constraint	1.93199515353119876e-02	6.08372572935368283e-01	2.02790857645122768e+00	5	74	148	-5.93750000000000000e-01	9.37500000000000000e-02	9.37500000000000000e-02	22	1	1
2.12169230172987211e+00	513	reduction_constraint	1.44103893798975462e-03	4.70828724166230117e-01	1.56942908055410046e+00	5	48	96	-4.68750000000000000e-01	3.12500000000000000e-02	-3.12500000000000000e-02	24	0	31
2.12169230172987211e+00	513	curl_constraint	2.84407703244243734e-02	3.68432066329737351e-01	1.22810688776579124e+00	5	41	83	9.37500000000000000e-02	-3.43750000000000000e-01	-9.37500000000000000e-02	1	26	30
2.12169230172987211e+00	513	source_curvature	7.14169569790316761e+00	4.27337322849291990e-01	1.42445774283097326e+00	5	35	70	-9.37500000000000000e-02	-9.37500000000000000e-02	-4.06250000000000000e-01	30	30	25
2.12169230172987211e+00	513	source_QQ	4.19785769971991574e+00	4.45243964024218952e-01	1.48414654674739666e+00	5	35	70	-4.06250000000000000e-01	-9.37500000000000000e-02	-1.56250000000000000e-01	25	30	29
2.12169230172987211e+00	513	source_DeltaDelta	2.15622620907575291e+00	4.36382501367779396e-01	1.45460833789259802e+00	5	54	109	1.56250000000000000e-01	4.06250000000000000e-01	-3.12500000000000000e-02	2	6	31
2.12169230172987211e+00	513	source_damping	0.00000000000000000e+00	4.13527130307069442e+01	1.37842376769023161e+02	3	0	0	-2.38750000000000000e+01	-2.38750000000000000e+01	-2.38750000000000000e+01	0	0	0
2.12169230172987211e+00	513	source_frame_correction	4.56555894998079415e-01	3.35118915461362743e-01	1.11706305153787588e+00	5	80	161	2.81250000000000000e-01	9.37500000000000000e-02	1.56250000000000000e-01	4	1	2
2.12169230172987211e+00	513	Psi_RHS_Linf	3.48001582112660690e-01	4.70828724166230117e-01	1.56942908055410046e+00	5	35	70	-4.68750000000000000e-01	-3.12500000000000000e-02	-3.12500000000000000e-02	24	31	31
2.12169230172987211e+00	513	Pi_RHS_Linf	1.33145235792559946e+00	4.08646775956938157e-01	1.36215591985646056e+00	5	54	109	4.06250000000000000e-01	3.12500000000000000e-02	-3.12500000000000000e-02	6	0	31
2.12169230172987211e+00	513	Phi_RHS_Linf	4.94734826555134677e-01	5.33085065913499356e-01	1.77695021971166467e+00	5	74	148	-3.12500000000000000e-02	3.12500000000000000e-02	5.31250000000000000e-01	31	0	8
2.12169230172987211e+00	513	Hhat_RHS_Linf	0.00000000000000000e+00	4.13527130307069442e+01	1.37842376769023161e+02	3	0	0	-2.38750000000000000e+01	-2.38750000000000000e+01	-2.38750000000000000e+01	0	0	0
2.12169230172987211e+00	513	theta_RHS_Linf	0.00000000000000000e+00	4.13527130307069442e+01	1.37842376769023161e+02	3	0	0	-2.38750000000000000e+01	-2.38750000000000000e+01	-2.38750000000000000e+01	0	0	0
2.12169230172987211e+00	513	Upsilon_RHS_Linf	0.00000000000000000e+00	4.13527130307069442e+01	1.37842376769023161e+02	3	0	0	-2.38750000000000000e+01	-2.38750000000000000e+01	-2.38750000000000000e+01	0	0	0
2.12169230172987211e+00	513	chi_beta	2.35106972986249080e-01	5.47544233372975975e-01	1.82514744457658673e+00	5	48	96	-9.37500000000000000e-02	5.31250000000000000e-01	-9.37500000000000000e-02	30	8	30
2.12169230172987211e+00	513	chi_beta_near_r_lt_1	2.35106972986249080e-01	5.47544233372975975e-01	1.82514744457658673e+00	5	48	96	-9.37500000000000000e-02	5.31250000000000000e-01	-9.37500000000000000e-02	30	8	30
2.12169230172987211e+00	513	chi_beta_inner_r_lt_0p5	2.12417643578286269e-01	4.95093109929839348e-01	1.65031036643279783e+00	5	61	122	-3.43750000000000000e-01	-2.81250000000000000e-01	2.18750000000000000e-01	26	27	3
2.12169230172987211e+00	513	chi_beta_annulus_0p5_1	2.35106972986249080e-01	5.47544233372975975e-01	1.82514744457658673e+00	5	48	96	-9.37500000000000000e-02	5.31250000000000000e-01	-9.37500000000000000e-02	30	8	30
2.12169230172987211e+00	513	chi_beta_annulus_1_1p5	1.08417849520605569e-01	1.00146377243512918e+00	3.33821257478376410e+00	5	35	70	-5.93750000000000000e-01	-4.68750000000000000e-01	-6.56250000000000000e-01	22	24	21
2.12169230172987211e+00	513	chi_beta_annulus_1p5_2	5.85959493422616856e-02	1.50097624481535341e+00	5.00325414938451196e+00	5	35	70	-7.81250000000000000e-01	-9.06250000000000000e-01	-9.06250000000000000e-01	19	17	17
2.12169230172987211e+00	513	chi_beta_outer_r_ge_2	3.66487346666000829e-02	2.00073228781363932e+00	6.66910762604546470e+00	5	54	109	8.43750000000000000e-01	1.21875000000000000e+00	-1.34375000000000000e+00	13	19	10
2.12169230172987211e+00	513	chi_beta_first_ge_1	0.00000000000000000e+00	inf	0.00000000000000000e+00	0	0	0	0.00000000000000000e+00	0.00000000000000000e+00	0.00000000000000000e+00	0	0	0
2.14233935582822710e+00	518	reference_Ricci	3.52222067776207481e+00	4.27337322849291990e-01	1.42445774283097326e+00	5	35	70	-1.56250000000000000e-01	-2.81250000000000000e-01	-2.81250000000000000e-01	29	27	27
2.14233935582822710e+00	518	reference_Riemann	4.76348612557154194e+00	4.18096505008114128e-01	1.39365501669371383e+00	5	35	70	-2.18750000000000000e-01	-2.18750000000000000e-01	-2.81250000000000000e-01	28	28	27
2.14233935582822710e+00	518	spin_connection	1.52022703553735261e+00	4.27337322849291990e-01	1.42445774283097326e+00	5	35	70	-2.81250000000000000e-01	-2.81250000000000000e-01	-1.56250000000000000e-01	27	27	29
2.14233935582822710e+00	518	spin_derivative	3.60061637803036394e+00	4.27337322849291990e-01	1.42445774283097326e+00	5	35	70	-1.56250000000000000e-01	-2.81250000000000000e-01	-2.81250000000000000e-01	29	27	27
2.14233935582822710e+00	518	Psi	2.24425043389849321e+00	4.70828724166230117e-01	1.56942908055410046e+00	5	35	70	-3.12500000000000000e-02	-3.12500000000000000e-02	-4.68750000000000000e-01	31	31	24
2.14233935582822710e+00	518	Q	2.16192020337415114e+00	4.45243964024218952e-01	1.48414654674739666e+00	5	74	148	-1.56250000000000000e-01	4.06250000000000000e-01	9.37500000000000000e-02	29	6	1
2.14233935582822710e+00	518	Delta	1.55752919178962612e+00	4.36382501367779396e-01	1.45460833789259802e+00	5	35	70	-4.06250000000000000e-01	-3.12500000000000000e-02	-1.56250000000000000e-01	25	31	29
2.14233935582822710e+00	518	Pi	1.87600844044081883e+00	4.36382501367779396e-01	1.45460833789259802e+00	5	35	70	-1.56250000000000000e-01	-4.06250000000000000e-01	-3.12500000000000000e-02	29	25	31
2.14233935582822710e+00	518	Phi	4.84644445261331935e-01	3.89059362437147893e-01	1.29686454145715979e+00	5	48	96	-9.37500000000000000e-02	3.43750000000000000e-01	-1.56250000000000000e-01	30	5	29
2.14233935582822710e+00	518	GH_constraint	1.95574498019914049e-02	6.08372572935368283e-01	2.02790857645122768e+00	5	74	148	-5.93750000000000000e-01	9.37500000000000000e-02	9.37500000000000000e-02	22	1	1
2.14233935582822710e+00	518	reduction_constraint	1.50552252658547165e-03	4.70828724166230117e-01	1.56942908055410046e+00	5	48	96	-4.68750000000000000e-01	3.12500000000000000e-02	-3.12500000000000000e-02	24	0	31
2.14233935582822710e+00	518	curl_constraint	2.95204579838071572e-02	3.68432066329737351e-01	1.22810688776579124e+00	5	35	70	-9.37500000000000000e-02	-9.37500000000000000e-02	-3.43750000000000000e-01	30	30	26
2.14233935582822710e+00	518	source_curvature	7.17802952822327089e+00	4.27337322849291990e-01	1.42445774283097326e+00	5	35	70	-9.37500000000000000e-02	-9.37500000000000000e-02	-4.06250000000000000e-01	30	30	25
2.14233935582822710e+00	518	source_QQ	4.34703741202387306e+00	4.45243964024218952e-01	1.48414654674739666e+00	5	35	70	-4.06250000000000000e-01	-9.37500000000000000e-02	-1.56250000000000000e-01	25	30	29
2.14233935582822710e+00	518	source_DeltaDelta	2.23328548601850230e+00	4.36382501367779396e-01	1.45460833789259802e+00	5	35	70	-4.06250000000000000e-01	-3.12500000000000000e-02	-1.56250000000000000e-01	25	31	29
2.14233935582822710e+00	518	source_damping	0.00000000000000000e+00	4.13527130307069442e+01	1.37842376769023161e+02	3	0	0	-2.38750000000000000e+01	-2.38750000000000000e+01	-2.38750000000000000e+01	0	0	0
2.14233935582822710e+00	518	source_frame_correction	4.63908120666296941e-01	3.35118915461362743e-01	1.11706305153787588e+00	5	35	70	-2.81250000000000000e-01	-9.37500000000000000e-02	-1.56250000000000000e-01	27	30	29
2.14233935582822710e+00	518	Psi_RHS_Linf	3.56020857429857118e-01	4.70828724166230117e-01	1.56942908055410046e+00	5	35	70	-4.68750000000000000e-01	-3.12500000000000000e-02	-3.12500000000000000e-02	24	31	31
2.14233935582822710e+00	518	Pi_RHS_Linf	1.34931047774735191e+00	4.08646775956938157e-01	1.36215591985646056e+00	5	35	70	-4.06250000000000000e-01	-3.12500000000000000e-02	-3.12500000000000000e-02	25	31	31
2.14233935582822710e+00	518	Phi_RHS_Linf	5.09733569292159627e-01	5.33085065913499356e-01	1.77695021971166467e+00	5	48	96	-5.31250000000000000e-01	3.12500000000000000e-02	-3.12500000000000000e-02	23	0	31
2.14233935582822710e+00	518	Hhat_RHS_Linf	0.00000000000000000e+00	4.13527130307069442e+01	1.37842376769023161e+02	3	0	0	-2.38750000000000000e+01	-2.38750000000000000e+01	-2.38750000000000000e+01	0	0	0
2.14233935582822710e+00	518	theta_RHS_Linf	0.00000000000000000e+00	4.13527130307069442e+01	1.37842376769023161e+02	3	0	0	-2.38750000000000000e+01	-2.38750000000000000e+01	-2.38750000000000000e+01	0	0	0
2.14233935582822710e+00	518	Upsilon_RHS_Linf	0.00000000000000000e+00	4.13527130307069442e+01	1.37842376769023161e+02	3	0	0	-2.38750000000000000e+01	-2.38750000000000000e+01	-2.38750000000000000e+01	0	0	0
2.14233935582822710e+00	518	chi_beta	2.40875621803582657e-01	5.47544233372975975e-01	1.82514744457658673e+00	5	35	70	-9.37500000000000000e-02	-9.37500000000000000e-02	-5.31250000000000000e-01	30	30	23
2.14233935582822710e+00	518	chi_beta_near_r_lt_1	2.40875621803582657e-01	5.47544233372975975e-01	1.82514744457658673e+00	5	35	70	-9.37500000000000000e-02	-9.37500000000000000e-02	-5.31250000000000000e-01	30	30	23
2.14233935582822710e+00	518	chi_beta_inner_r_lt_0p5	2.17546226308251212e-01	4.95093109929839348e-01	1.65031036643279783e+00	5	41	83	2.18750000000000000e-01	-2.81250000000000000e-01	-3.43750000000000000e-01	3	27	26
2.14233935582822710e+00	518	chi_beta_annulus_0p5_1	2.40875621803582657e-01	5.47544233372975975e-01	1.82514744457658673e+00	5	35	70	-9.37500000000000000e-02	-9.37500000000000000e-02	-5.31250000000000000e-01	30	30	23
2.14233935582822710e+00	518	chi_beta_annulus_1_1p5	1.11149543736225709e-01	1.00146377243512918e+00	3.33821257478376410e+00	5	41	83	6.56250000000000000e-01	-5.93750000000000000e-01	-4.68750000000000000e-01	10	22	24
2.14233935582822710e+00	518	chi_beta_annulus_1p5_2	6.00659329869889375e-02	1.50097624481535341e+00	5.00325414938451196e+00	5	35	70	-7.81250000000000000e-01	-9.06250000000000000e-01	-9.06250000000000000e-01	19	17	17
2.14233935582822710e+00	518	chi_beta_outer_r_ge_2	3.75630340570832291e-02	2.00073228781363932e+00	6.66910762604546470e+00	5	74	148	-1.34375000000000000e+00	1.21875000000000000e+00	8.43750000000000000e-01	10	19	13
2.14233935582822710e+00	518	chi_beta_first_ge_1	0.00000000000000000e+00	inf	0.00000000000000000e+00	0	0	0	0.00000000000000000e+00	0.00000000000000000e+00	0.00000000000000000e+00	0	0	0
2.16298533560911821e+00	523	reference_Ricci	3.53811591880943066e+00	4.27337322849291990e-01	1.42445774283097326e+00	5	35	70	-2.81250000000000000e-01	-1.56250000000000000e-01	-2.81250000000000000e-01	27	29	27
2.16298533560911821e+00	523	reference_Riemann	4.79287044873176882e+00	4.18096505008114128e-01	1.39365501669371383e+00	5	35	70	-2.18750000000000000e-01	-2.18750000000000000e-01	-2.81250000000000000e-01	28	28	27
2.16298533560911821e+00	523	spin_connection	1.52805233763208759e+00	4.27337322849291990e-01	1.42445774283097326e+00	5	35	70	-9.37500000000000000e-02	-9.37500000000000000e-02	-4.06250000000000000e-01	30	30	25
2.16298533560911821e+00	523	spin_derivative	3.63666340545428302e+00	4.27337322849291990e-01	1.42445774283097326e+00	5	35	70	-1.56250000000000000e-01	-2.81250000000000000e-01	-2.81250000000000000e-01	29	27	27
2.16298533560911821e+00	523	Psi	2.25204844568075657e+00	4.70828724166230117e-01	1.56942908055410046e+00	5	35	70	-3.12500000000000000e-02	-3.12500000000000000e-02	-4.68750000000000000e-01	31	31	24
2.16298533560911821e+00	523	Q	2.21181246148873489e+00	4.45243964024218952e-01	1.48414654674739666e+00	5	80	161	1.56250000000000000e-01	9.37500000000000000e-02	4.06250000000000000e-01	2	1	6
2.16298533560911821e+00	523	Delta	1.59375786184324286e+00	4.36382501367779396e-01	1.45460833789259802e+00	5	54	109	1.56250000000000000e-01	3.12500000000000000e-02	-4.06250000000000000e-01	2	0	25
2.16298533560911821e+00	523	Pi	1.91427969422050870e+00	4.36382501367779396e-01	1.45460833789259802e+00	5	35	70	-3.12500000000000000e-02	-4.06250000000000000e-01	-1.56250000000000000e-01	31	25	29
2.16298533560911821e+00	523	Phi	5.00313315883739507e-01	3.89059362437147893e-01	1.29686454145715979e+00	5	48	96	-9.37500000000000000e-02	3.43750000000000000e-01	-1.56250000000000000e-01	30	5	29
2.16298533560911821e+00	523	GH_constraint	1.98010922301626417e-02	6.08372572935368283e-01	2.02790857645122768e+00	5	74	148	-5.93750000000000000e-01	9.37500000000000000e-02	9.37500000000000000e-02	22	1	1
2.16298533560911821e+00	523	reduction_constraint	1.57228267283656938e-03	4.70828724166230117e-01	1.56942908055410046e+00	5	48	96	-4.68750000000000000e-01	3.12500000000000000e-02	-3.12500000000000000e-02	24	0	31
2.16298533560911821e+00	523	curl_constraint	3.06341198380058882e-02	3.68432066329737351e-01	1.22810688776579124e+00	5	48	96	-9.37500000000000000e-02	9.37500000000000000e-02	-3.43750000000000000e-01	30	1	26
2.16298533560911821e+00	523	source_curvature	7.21257553941480456e+00	4.27337322849291990e-01	1.42445774283097326e+00	5	35	70	-9.37500000000000000e-02	-9.37500000000000000e-02	-4.06250000000000000e-01	30	30	25
2.16298533560911821e+00	523	source_QQ	4.49951887464577371e+00	4.45243964024218952e-01	1.48414654674739666e+00	5	80	161	1.56250000000000000e-01	9.37500000000000000e-02	4.06250000000000000e-01	2	1	6
2.16298533560911821e+00	523	source_DeltaDelta	2.31209529013342774e+00	4.36382501367779396e-01	1.45460833789259802e+00	5	35	70	-4.06250000000000000e-01	-3.12500000000000000e-02	-1.56250000000000000e-01	25	31	29
2.16298533560911821e+00	523	source_damping	0.00000000000000000e+00	4.13527130307069442e+01	1.37842376769023161e+02	3	0	0	-2.38750000000000000e+01	-2.38750000000000000e+01	-2.38750000000000000e+01	0	0	0
2.16298533560911821e+00	523	source_frame_correction	4.71379229918702403e-01	3.35118915461362743e-01	1.11706305153787588e+00	5	41	83	2.81250000000000000e-01	-9.37500000000000000e-02	-1.56250000000000000e-01	4	30	29
2.16298533560911821e+00	523	Psi_RHS_Linf	3.64188585289646594e-01	4.70828724166230117e-01	1.56942908055410046e+00	5	35	70	-4.68750000000000000e-01	-3.12500000000000000e-02	-3.12500000000000000e-02	24	31	31
2.16298533560911821e+00	523	Pi_RHS_Linf	1.36748310082890301e+00	4.70828724166230117e-01	1.56942908055410046e+00	5	35	70	-3.12500000000000000e-02	-3.12500000000000000e-02	-4.68750000000000000e-01	31	31	24
2.16298533560911821e+00	523	Phi_RHS_Linf	5.25082114887947760e-01	5.33085065913499356e-01	1.77695021971166467e+00	5	61	122	-5.31250000000000000e-01	-3.12500000000000000e-02	3.12500000000000000e-02	23	31	0
2.16298533560911821e+00	523	Hhat_RHS_Linf	0.00000000000000000e+00	4.13527130307069442e+01	1.37842376769023161e+02	3	0	0	-2.38750000000000000e+01	-2.38750000000000000e+01	-2.38750000000000000e+01	0	0	0
2.16298533560911821e+00	523	theta_RHS_Linf	0.00000000000000000e+00	4.13527130307069442e+01	1.37842376769023161e+02	3	0	0	-2.38750000000000000e+01	-2.38750000000000000e+01	-2.38750000000000000e+01	0	0	0
2.16298533560911821e+00	523	Upsilon_RHS_Linf	0.00000000000000000e+00	4.13527130307069442e+01	1.37842376769023161e+02	3	0	0	-2.38750000000000000e+01	-2.38750000000000000e+01	-2.38750000000000000e+01	0	0	0
2.16298533560911821e+00	523	chi_beta	2.46715804663847654e-01	5.47544233372975975e-01	1.82514744457658673e+00	5	80	161	9.37500000000000000e-02	9.37500000000000000e-02	5.31250000000000000e-01	1	1	8
2.16298533560911821e+00	523	chi_beta_near_r_lt_1	2.46715804663847654e-01	5.47544233372975975e-01	1.82514744457658673e+00	5	80	161	9.37500000000000000e-02	9.37500000000000000e-02	5.31250000000000000e-01	1	1	8
2.16298533560911821e+00	523	chi_beta_inner_r_lt_0p5	2.22734383886273202e-01	4.95093109929839348e-01	1.65031036643279783e+00	5	35	70	-2.18750000000000000e-01	-3.43750000000000000e-01	-2.81250000000000000e-01	28	26	27
2.16298533560911821e+00	523	chi_beta_annulus_0p5_1	2.46715804663847654e-01	5.47544233372975975e-01	1.82514744457658673e+00	5	80	161	9.37500000000000000e-02	9.37500000000000000e-02	5.31250000000000000e-01	1	1	8
2.16298533560911821e+00	523	chi_beta_annulus_1_1p5	1.13919072445922046e-01	1.00146377243512918e+00	3.33821257478376410e+00	5	35	70	-5.93750000000000000e-01	-6.56250000000000000e-01	-4.68750000000000000e-01	22	21	24
2.16298533560911821e+00	523	chi_beta_annulus_1p5_2	6.15562935849616119e-02	1.50097624481535341e+00	5.00325414938451196e+00	5	35	70	-7.81250000000000000e-01	-9.06250000000000000e-01	-9.06250000000000000e-01	19	17	17
2.16298533560911821e+00	523	chi_beta_outer_r_ge_2	3.84897240644395816e-02	2.00073228781363932e+00	6.66910762604546470e+00	5	54	109	8.43750000000000000e-01	1.21875000000000000e+00	-1.34375000000000000e+00	13	19	10
2.16298533560911821e+00	523	chi_beta_first_ge_1	0.00000000000000000e+00	inf	0.00000000000000000e+00	0	0	0	0.00000000000000000e+00	0.00000000000000000e+00	0.00000000000000000e+00	0	0	0
2.18363022807283658e+00	528	reference_Ricci	3.55310159968335126e+00	4.27337322849291990e-01	1.42445774283097326e+00	5	35	70	-4.06250000000000000e-01	-9.37500000000000000e-02	-9.37500000000000000e-02	25	30	30
2.18363022807283658e+00	528	reference_Riemann	4.82110017641476851e+00	4.18096505008114128e-01	1.39365501669371383e+00	5	35	70	-2.18750000000000000e-01	-2.18750000000000000e-01	-2.81250000000000000e-01	28	28	27
2.18363022807283658e+00	528	spin_connection	1.53607210750688683e+00	4.27337322849291990e-01	1.42445774283097326e+00	5	35	70	-4.06250000000000000e-01	-9.37500000000000000e-02	-9.37500000000000000e-02	25	30	30
2.18363022807283658e+00	528	spin_derivative	3.67246005738828440e+00	4.27337322849291990e-01	1.42445774283097326e+00	5	35	70	-9.37500000000000000e-02	-9.37500000000000000e-02	-4.06250000000000000e-01	30	30	25
2.18363022807283658e+00	528	Psi	2.26003796706481319e+00	4.70828724166230117e-01	1.56942908055410046e+00	5	35	70	-4.68750000000000000e-01	-3.12500000000000000e-02	-3.12500000000000000e-02	24	31	31
2.18363022807283658e+00	528	Q	2.26256367750989718e+00	4.45243964024218952e-01	1.48414654674739666e+00	5	35	70	-4.06250000000000000e-01	-9.37500000000000000e-02	-1.56250000000000000e-01	25	30	29
2.18363022807283658e+00	528	Delta	1.63063458889717738e+00	4.36382501367779396e-01	1.45460833789259802e+00	5	35	70	-4.06250000000000000e-01	-3.12500000000000000e-02	-1.56250000000000000e-01	25	31	29
2.18363022807283658e+00	528	Pi	1.95297635803815828e+00	4.36382501367779396e-01	1.45460833789259802e+00	5	35	70	-4.06250000000000000e-01	-3.12500000000000000e-02	-1.56250000000000000e-01	25	31	29
2.18363022807283658e+00	528	Phi	5.16367367365842433e-01	3.89059362437147893e-01	1.29686454145715979e+00	5	74	148	-3.43750000000000000e-01	9.37500000000000000e-02	1.56250000000000000e-01	26	1	2
2.18363022807283658e+00	528	GH_constraint	2.00508854912398345e-02	6.08372572935368283e-01	2.02790857645122768e+00	5	74	148	-5.93750000000000000e-01	9.37500000000000000e-02	9.37500000000000000e-02	22	1	1
2.18363022807283658e+00	528	reduction_constraint	1.64138109906891445e-03	4.70828724166230117e-01	1.56942908055410046e+00	5	48	96	-4.68750000000000000e-01	3.12500000000000000e-02	-3.12500000000000000e-02	24	0	31
2.18363022807283658e+00	528	curl_constraint	3.17827537758419154e-02	3.68432066329737351e-01	1.22810688776579124e+00	5	48	96	-9.37500000000000000e-02	9.37500000000000000e-02	-3.43750000000000000e-01	30	1	26
2.18363022807283658e+00	528	source_curvature	7.24530307677233765e+00	4.27337322849291990e-01	1.42445774283097326e+00	5	35	70	-9.37500000000000000e-02	-9.37500000000000000e-02	-4.06250000000000000e-01	30	30	25
2.18363022807283658e+00	528	source_QQ	4.65530508052948377e+00	4.45243964024218952e-01	1.48414654674739666e+00	5	80	161	1.56250000000000000e-01	9.37500000000000000e-02	4.06250000000000000e-01	2	1	6
2.18363022807283658e+00	528	source_DeltaDelta	2.39265822094782887e+00	4.36382501367779396e-01	1.45460833789259802e+00	5	35	70	-4.06250000000000000e-01	-3.12500000000000000e-02	-1.56250000000000000e-01	25	31	29
2.18363022807283658e+00	528	source_damping	0.00000000000000000e+00	4.13527130307069442e+01	1.37842376769023161e+02	3	0	0	-2.38750000000000000e+01	-2.38750000000000000e+01	-2.38750000000000000e+01	0	0	0
2.18363022807283658e+00	528	source_frame_correction	4.79276278271012657e-01	3.46579265825294303e-01	1.15526421941764768e+00	5	35	70	-3.12500000000000000e-02	-3.43750000000000000e-01	-3.12500000000000000e-02	31	26	31
2.18363022807283658e+00	528	Psi_RHS_Linf	3.72507720293710765e-01	4.70828724166230117e-01	1.56942908055410046e+00	5	48	96	-3.12500000000000000e-02	3.12500000000000000e-02	-4.68750000000000000e-01	31	0	24
2.18363022807283658e+00	528	Pi_RHS_Linf	1.38678381247444293e+00	4.70828724166230117e-01	1.56942908055410046e+00	5	35	70	-3.12500000000000000e-02	-3.12500000000000000e-02	-4.68750000000000000e-01	31	31	24
2.18363022807283658e+00	528	Phi_RHS_Linf	5.40789956297348828e-01	5.33085065913499356e-01	1.77695021971166467e+00	5	54	109	3.12500000000000000e-02	3.12500000000000000e-02	-5.31250000000000000e-01	0	0	23
2.18363022807283658e+00	528	Hhat_RHS_Linf	0.00000000000000000e+00	4.13527130307069442e+01	1.37842376769023161e+02	3	0	0	-2.38750000000000000e+01	-2.38750000000000000e+01	-2.38750000000000000e+01	0	0	0
2.18363022807283658e+00	528	theta_RHS_Linf	0.00000000000000000e+00	4.13527130307069442e+01	1.37842376769023161e+02	3	0	0	-2.38750000000000000e+01	-2.38750000000000000e+01	-2.38750000000000000e+01	0	0	0
2.18363022807283658e+00	528	Upsilon_RHS_Linf	0.00000000000000000e+00	4.13527130307069442e+01	1.37842376769023161e+02	3	0	0	-2.38750000000000000e+01	-2.38750000000000000e+01	-2.38750000000000000e+01	0	0	0
2.18363022807283658e+00	528	chi_beta	2.52627221233834409e-01	5.47544233372975975e-01	1.82514744457658673e+00	5	67	135	9.37500000000000000e-02	-9.37500000000000000e-02	5.31250000000000000e-01	1	30	8
2.18363022807283658e+00	528	chi_beta_near_r_lt_1	2.52627221233834409e-01	5.47544233372975975e-01	1.82514744457658673e+00	5	67	135	9.37500000000000000e-02	-9.37500000000000000e-02	5.31250000000000000e-01	1	30	8
2.18363022807283658e+00	528	chi_beta_inner_r_lt_0p5	2.27981792758488400e-01	4.95093109929839348e-01	1.65031036643279783e+00	5	74	148	-3.43750000000000000e-01	2.81250000000000000e-01	2.18750000000000000e-01	26	4	3
2.18363022807283658e+00	528	chi_beta_annulus_0p5_1	2.52627221233834409e-01	5.47544233372975975e-01	1.82514744457658673e+00	5	67	135	9.37500000000000000e-02	-9.37500000000000000e-02	5.31250000000000000e-01	1	30	8
2.18363022807283658e+00	528	chi_beta_annulus_1_1p5	1.16726262329274133e-01	1.00146377243512918e+00	3.33821257478376410e+00	5	67	135	5.93750000000000000e-01	-4.68750000000000000e-01	6.56250000000000000e-01	9	24	10
2.18363022807283658e+00	528	chi_beta_annulus_1p5_2	6.30669244113586935e-02	1.50097624481535341e+00	5.00325414938451196e+00	5	35	70	-7.81250000000000000e-01	-9.06250000000000000e-01	-9.06250000000000000e-01	19	17	17
2.18363022807283658e+00	528	chi_beta_outer_r_ge_2	3.94287368597691437e-02	2.00073228781363932e+00	6.66910762604546470e+00	5	67	135	1.34375000000000000e+00	-8.43750000000000000e-01	1.21875000000000000e+00	21	18	19
2.18363022807283658e+00	528	chi_beta_first_ge_1	0.00000000000000000e+00	inf	0.00000000000000000e+00	0	0	0	0.00000000000000000e+00	0.00000000000000000e+00	0.00000000000000000e+00	0	0	0
2.20014535048419058e+00	532	reference_Ricci	3.56442537505818002e+00	4.27337322849291990e-01	1.42445774283097326e+00	5	35	70	-2.81250000000000000e-01	-1.56250000000000000e-01	-2.81250000000000000e-01	27	29	27
2.20014535048419058e+00	532	reference_Riemann	4.84283619981902369e+00	4.18096505008114128e-01	1.39365501669371383e+00	5	35	70	-3.12500000000000000e-02	-9.37500000000000000e-02	-4.06250000000000000e-01	31	30	25
2.20014535048419058e+00	532	spin_connection	1.54262861069943402e+00	4.27337322849291990e-01	1.42445774283097326e+00	5	35	70	-9.37500000000000000e-02	-9.37500000000000000e-02	-4.06250000000000000e-01	30	30	25
2.20014535048419058e+00	532	spin_derivative	3.70091165063402183e+00	4.27337322849291990e-01	1.42445774283097326e+00	5	35	70	-4.06250000000000000e-01	-9.37500000000000000e-02	-9.37500000000000000e-02	25	30	30
2.20014535048419058e+00	532	Psi	2.26656993429734799e+00	4.70828724166230117e-01	1.56942908055410046e+00	5	35	70	-4.68750000000000000e-01	-3.12500000000000000e-02	-3.12500000000000000e-02	24	31	31
2.20014535048419058e+00	532	Q	2.30379171442571007e+00	4.45243964024218952e-01	1.48414654674739666e+00	5	80	161	1.56250000000000000e-01	9.37500000000000000e-02	4.06250000000000000e-01	2	1	6
2.20014535048419058e+00	532	Delta	1.66060947595823993e+00	4.36382501367779396e-01	1.45460833789259802e+00	5	67	135	3.12500000000000000e-02	-4.06250000000000000e-01	1.56250000000000000e-01	0	25	2
2.20014535048419058e+00	532	Pi	1.98423942636716966e+00	4.36382501367779396e-01	1.45460833789259802e+00	5	35	70	-4.06250000000000000e-01	-3.12500000000000000e-02	-1.56250000000000000e-01	25	31	29
2.20014535048419058e+00	532	Phi	5.29492655575121929e-01	3.89059362437147893e-01	1.29686454145715979e+00	5	35	70	-3.43750000000000000e-01	-9.37500000000000000e-02	-1.56250000000000000e-01	26	30	29
2.20014535048419058e+00	532	GH_constraint	2.02551471889744240e-02	6.08372572935368283e-01	2.02790857645122768e+00	5	74	148	-5.93750000000000000e-01	9.37500000000000000e-02	9.37500000000000000e-02	22	1	1
2.20014535048419058e+00	532	reduction_constraint	1.69838579179565092e-03	4.70828724166230117e-01	1.56942908055410046e+00	5	80	161	3.12500000000000000e-02	4.68750000000000000e-01	3.12500000000000000e-02	0	7	0
2.20014535048419058e+00	532	curl_constraint	3.27275309375072362e-02	3.68432066329737351e-01	1.22810688776579124e+00	5	74	148	-9.37500000000000000e-02	9.37500000000000000e-02	3.43750000000000000e-01	30	1	5
2.20014535048419058e+00	532	source_curvature	7.27015573010845184e+00	4.27337322849291990e-01	1.42445774283097326e+00	5	41	83	4.06250000000000000e-01	-9.37500000000000000e-02	-9.37500000000000000e-02	6	30	30
2.20014535048419058e+00	532	source_QQ	4.78231411215084634e+00	4.45243964024218952e-01	1.48414654674739666e+00	5	35	70	-4.06250000000000000e-01	-9.37500000000000000e-02	-1.56250000000000000e-01	25	30	29
2.20014535048419058e+00	532	source_DeltaDelta	2.45837167846157856e+00	4.36382501367779396e-01	1.45460833789259802e+00	5	48	96	-1.56250000000000000e-01	3.12500000000000000e-02	-4.06250000000000000e-01	29	0	25
2.20014535048419058e+00	532	source_damping	0.00000000000000000e+00	4.13527130307069442e+01	1.37842376769023161e+02	3	0	0	-2.38750000000000000e+01	-2.38750000000000000e+01	-2.38750000000000000e+01	0	0	0
2.20014535048419058e+00	532	source_frame_correction	4.85763752776851576e-01	3.46579265825294303e-01	1.15526421941764768e+00	5	35	70	-3.12500000000000000e-02	-3.43750000000000000e-01	-3.12500000000000000e-02	31	26	31
2.20014535048419058e+00	532	Psi_RHS_Linf	3.79274085980282005e-01	4.70828724166230117e-01	1.56942908055410046e+00	5	61	122	-3.12500000000000000e-02	-3.12500000000000000e-02	4.68750000000000000e-01	31	31	7
2.20014535048419058e+00	532	Pi_RHS_Linf	1.40243956589082530e+00	4.70828724166230117e-01	1.56942908055410046e+00	5	35	70	-3.12500000000000000e-02	-3.12500000000000000e-02	-4.68750000000000000e-01	31	31	24
2.20014535048419058e+00	532	Phi_RHS_Linf	5.53621562036793025e-01	5.33085065913499356e-01	1.77695021971166467e+00	5	54	109	3.12500000000000000e-02	3.12500000000000000e-02	-5.31250000000000000e-01	0	0	23
2.20014535048419058e+00	532	Hhat_RHS_Linf	0.00000000000000000e+00	4.13527130307069442e+01	1.37842376769023161e+02	3	0	0	-2.38750000000000000e+01	-2.38750000000000000e+01	-2.38750000000000000e+01	0	0	0
2.20014535048419058e+00	532	theta_RHS_Linf	0.00000000000000000e+00	4.13527130307069442e+01	1.37842376769023161e+02	3	0	0	-2.38750000000000000e+01	-2.38750000000000000e+01	-2.38750000000000000e+01	0	0	0
2.20014535048419058e+00	532	Upsilon_RHS_Linf	0.00000000000000000e+00	4.13527130307069442e+01	1.37842376769023161e+02	3	0	0	-2.38750000000000000e+01	-2.38750000000000000e+01	-2.38750000000000000e+01	0	0	0
2.20014535048419058e+00	532	chi_beta	2.57407434433744808e-01	5.47544233372975975e-01	1.82514744457658673e+00	5	48	96	-9.37500000000000000e-02	5.31250000000000000e-01	-9.37500000000000000e-02	30	8	30
2.20014535048419058e+00	532	chi_beta_near_r_lt_1	2.57407434433744808e-01	5.47544233372975975e-01	1.82514744457658673e+00	5	48	96	-9.37500000000000000e-02	5.31250000000000000e-01	-9.37500000000000000e-02	30	8	30
2.20014535048419058e+00	532	chi_beta_inner_r_lt_0p5	2.32222161092799834e-01	4.95093109929839348e-01	1.65031036643279783e+00	5	74	148	-2.18750000000000000e-01	3.43750000000000000e-01	2.81250000000000000e-01	28	5	4
2.20014535048419058e+00	532	chi_beta_annulus_0p5_1	2.57407434433744808e-01	5.47544233372975975e-01	1.82514744457658673e+00	5	48	96	-9.37500000000000000e-02	5.31250000000000000e-01	-9.37500000000000000e-02	30	8	30
2.20014535048419058e+00	532	chi_beta_annulus_1_1p5	1.18999007581646554e-01	1.00146377243512918e+00	3.33821257478376410e+00	5	54	109	5.93750000000000000e-01	4.68750000000000000e-01	-6.56250000000000000e-01	9	7	21
2.20014535048419058e+00	532	chi_beta_annulus_1p5_2	6.42899486051735775e-02	1.50097624481535341e+00	5.00325414938451196e+00	5	35	70	-7.81250000000000000e-01	-9.06250000000000000e-01	-9.06250000000000000e-01	19	17	17
2.20014535048419058e+00	532	chi_beta_outer_r_ge_2	4.01887720440049223e-02	2.00073228781363932e+00	6.66910762604546470e+00	5	74	148	-1.34375000000000000e+00	1.21875000000000000e+00	8.43750000000000000e-01	10	19	13
2.20014535048419058e+00	532	chi_beta_first_ge_1	0.00000000000000000e+00	inf	0.00000000000000000e+00	0	0	0	0.00000000000000000e+00	0.00000000000000000e+00	0.00000000000000000e+00	0	0	0
2.22078825324238283e+00	537	reference_Ricci	3.57773701777200914e+00	4.27337322849291990e-01	1.42445774283097326e+00	5	35	70	-2.81250000000000000e-01	-1.56250000000000000e-01	-2.81250000000000000e-01	27	29	27
2.22078825324238283e+00	537	reference_Riemann	4.86892620577194712e+00	4.18096505008114128e-01	1.39365501669371383e+00	5	35	70	-3.12500000000000000e-02	-9.37500000000000000e-02	-4.06250000000000000e-01	31	30	25
2.22078825324238283e+00	537	spin_connection	1.55100084304397923e+00	4.27337322849291990e-01	1.42445774283097326e+00	5	35	70	-9.37500000000000000e-02	-9.37500000000000000e-02	-4.06250000000000000e-01	30	30	25
2.22078825324238283e+00	537	spin_derivative	3.73623732022136235e+00	4.27337322849291990e-01	1.42445774283097326e+00	5	35	70	-2.81250000000000000e-01	-1.56250000000000000e-01	-2.81250000000000000e-01	27	29	27
2.22078825324238283e+00	537	Psi	2.27491345777553233e+00	4.70828724166230117e-01	1.56942908055410046e+00	5	35	70	-4.68750000000000000e-01	-3.12500000000000000e-02	-3.12500000000000000e-02	24	31	31
2.22078825324238283e+00	537	Q	2.35612153539517077e+00	4.45243964024218952e-01	1.48414654674739666e+00	5	48	96	-9.37500000000000000e-02	4.06250000000000000e-01	-1.56250000000000000e-01	30	6	29
2.22078825324238283e+00	537	Delta	1.69867873535046354e+00	4.36382501367779396e-01	1.45460833789259802e+00	5	35	70	-4.06250000000000000e-01	-3.12500000000000000e-02	-1.56250000000000000e-01	25	31	29
2.22078825324238283e+00	537	Pi	2.02369964416145409e+00	4.36382501367779396e-01	1.45460833789259802e+00	5	48	96	-1.56250000000000000e-01	4.06250000000000000e-01	-3.12500000000000000e-02	29	6	31
2.22078825324238283e+00	537	Phi	5.46257794830426913e-01	3.89059362437147893e-01	1.29686454145715979e+00	5	74	148	-1.56250000000000000e-01	3.43750000000000000e-01	9.37500000000000000e-02	29	5	1
2.22078825324238283e+00	537	GH_constraint	2.05159991391759139e-02	6.08372572935368283e-01	2.02790857645122768e+00	5	74	148	-5.93750000000000000e-01	9.37500000000000000e-02	9.37500000000000000e-02	22	1	1
2.22078825324238283e+00	537	reduction_constraint	1.77185326422480598e-03	4.70828724166230117e-01	1.56942908055410046e+00	5	80	161	4.68750000000000000e-01	3.12500000000000000e-02	3.12500000000000000e-02	7	0	0
2.22078825324238283e+00	537	curl_constraint	3.39417275018429054e-02	3.68432066329737351e-01	1.22810688776579124e+00	5	74	148	-9.37500000000000000e-02	9.37500000000000000e-02	3.43750000000000000e-01	30	1	5
2.22078825324238283e+00	537	source_curvature	7.29953542659722832e+00	4.27337322849291990e-01	1.42445774283097326e+00	5	48	96	-4.06250000000000000e-01	9.37500000000000000e-02	-9.37500000000000000e-02	25	1	30
2.22078825324238283e+00	537	source_QQ	4.94404961719566227e+00	4.45243964024218952e-01	1.48414654674739666e+00	5	74	148	-1.56250000000000000e-01	4.06250000000000000e-01	9.37500000000000000e-02	29	6	1
2.22078825324238283e+00	537	source_DeltaDelta	2.54209234158965636e+00	4.36382501367779396e-01	1.45460833789259802e+00	5	61	122	-3.12500000000000000e-02	-4.06250000000000000e-01	1.56250000000000000e-01	31	25	2
2.22078825324238283e+00	537	source_damping	0.00000000000000000e+00	4.13527130307069442e+01	1.37842376769023161e+02	3	0	0	-2.38750000000000000e+01	-2.38750000000000000e+01	-2.38750000000000000e+01	0	0	0
2.22078825324238283e+00	537	source_frame_correction	4.94005442043470244e-01	3.46579265825294303e-01	1.15526421941764768e+00	5	48	96	-3.12500000000000000e-02	3.43750000000000000e-01	-3.12500000000000000e-02	31	5	31
2.22078825324238283e+00	537	Psi_RHS_Linf	3.87873497869706707e-01	4.70828724166230117e-01	1.56942908055410046e+00	5	35	70	-4.68750000000000000e-01	-3.12500000000000000e-02	-3.12500000000000000e-02	24	31	31
2.22078825324238283e+00	537	Pi_RHS_Linf	1.42228941291961952e+00	4.70828724166230117e-01	1.56942908055410046e+00	5	41	83	3.12500000000000000e-02	-3.12500000000000000e-02	-4.68750000000000000e-01	0	31	24
2.22078825324238283e+00	537	Phi_RHS_Linf	5.70001375107535124e-01	5.33085065913499356e-01	1.77695021971166467e+00	5	54	109	3.12500000000000000e-02	3.12500000000000000e-02	-5.31250000000000000e-01	0	0	23
2.22078825324238283e+00	537	Hhat_RHS_Linf	0.00000000000000000e+00	4.13527130307069442e+01	1.37842376769023161e+02	3	0	0	-2.38750000000000000e+01	-2.38750000000000000e+01	-2.38750000000000000e+01	0	0	0
2.22078825324238283e+00	537	theta_RHS_Linf	0.00000000000000000e+00	4.13527130307069442e+01	1.37842376769023161e+02	3	0	0	-2.38750000000000000e+01	-2.38750000000000000e+01	-2.38750000000000000e+01	0	0	0
2.22078825324238283e+00	537	Upsilon_RHS_Linf	0.00000000000000000e+00	4.13527130307069442e+01	1.37842376769023161e+02	3	0	0	-2.38750000000000000e+01	-2.38750000000000000e+01	-2.38750000000000000e+01	0	0	0
2.22078825324238283e+00	537	chi_beta	2.63446282389968478e-01	5.47544233372975975e-01	1.82514744457658673e+00	5	41	83	9.37500000000000000e-02	-9.37500000000000000e-02	-5.31250000000000000e-01	1	30	23
2.22078825324238283e+00	537	chi_beta_near_r_lt_1	2.63446282389968478e-01	5.47544233372975975e-01	1.82514744457658673e+00	5	41	83	9.37500000000000000e-02	-9.37500000000000000e-02	-5.31250000000000000e-01	1	30	23
2.22078825324238283e+00	537	chi_beta_inner_r_lt_0p5	2.37575395977043052e-01	4.95093109929839348e-01	1.65031036643279783e+00	5	61	122	-2.18750000000000000e-01	-2.81250000000000000e-01	3.43750000000000000e-01	28	27	5
2.22078825324238283e+00	537	chi_beta_annulus_0p5_1	2.63446282389968478e-01	5.47544233372975975e-01	1.82514744457658673e+00	5	41	83	9.37500000000000000e-02	-9.37500000000000000e-02	-5.31250000000000000e-01	1	30	23
2.22078825324238283e+00	537	chi_beta_annulus_1_1p5	1.21873519681072864e-01	1.00146377243512918e+00	3.33821257478376410e+00	5	35	70	-6.56250000000000000e-01	-5.93750000000000000e-01	-4.68750000000000000e-01	21	22	24
2.22078825324238283e+00	537	chi_beta_annulus_1p5_2	6.58367803475087693e-02	1.50097624481535341e+00	5.00325414938451196e+00	5	35	70	-7.81250000000000000e-01	-9.06250000000000000e-01	-9.06250000000000000e-01	19	17	17
2.22078825324238283e+00	537	chi_beta_outer_r_ge_2	4.11497855493451886e-02	2.00073228781363932e+00	6.66910762604546470e+00	5	48	96	-1.34375000000000000e+00	8.43750000000000000e-01	-1.21875000000000000e+00	10	13	12
2.22078825324238283e+00	537	chi_beta_first_ge_1	0.00000000000000000e+00	inf	0.00000000000000000e+00	0	0	0	0.00000000000000000e+00	0.00000000000000000e+00	0.00000000000000000e+00	0	0	0
2.24143003266392515e+00	542	reference_Ricci	3.59009872555923204e+00	4.27337322849291990e-01	1.42445774283097326e+00	5	35	70	-2.81250000000000000e-01	-2.81250000000000000e-01	-1.56250000000000000e-01	27	27	29
2.24143003266392515e+00	542	reference_Riemann	4.89379387646114417e+00	4.18096505008114128e-01	1.39365501669371383e+00	5	35	70	-4.06250000000000000e-01	-3.12500000000000000e-02	-9.37500000000000000e-02	25	31	30
2.24143003266392515e+00	542	spin_connection	1.55957002334218542e+00	4.27337322849291990e-01	1.42445774283097326e+00	5	35	70	-9.37500000000000000e-02	-9.37500000000000000e-02	-4.06250000000000000e-01	30	30	25
2.24143003266392515e+00	542	spin_derivative	3.77129040814886141e+00	4.27337322849291990e-01	1.42445774283097326e+00	5	35	70	-2.81250000000000000e-01	-1.56250000000000000e-01	-2.81250000000000000e-01	27	29	27
2.24143003266392515e+00	542	Psi	2.28345891389718947e+00	4.70828724166230117e-01	1.56942908055410046e+00	5	48	96	-3.12500000000000000e-02	3.12500000000000000e-02	-4.68750000000000000e-01	31	0	24
2.24143003266392515e+00	542	Q	2.40934680036233173e+00	4.45243964024218952e-01	1.48414654674739666e+00	5	74	148	-1.56250000000000000e-01	4.06250000000000000e-01	9.37500000000000000e-02	29	6	1
2.24143003266392515e+00	542	Delta	1.73742528239263727e+00	4.36382501367779396e-01	1.45460833789259802e+00	5	48	96	-1.56250000000000000e-01	3.12500000000000000e-02	-4.06250000000000000e-01	29	0	25
2.24143003266392515e+00	542	Pi	2.06358263833631250e+00	4.36382501367779396e-01	1.45460833789259802e+00	5	48	96	-1.56250000000000000e-01	4.06250000000000000e-01	-3.12500000000000000e-02	29	6	31
2.24143003266392515e+00	542	Phi	5.63428015369058954e-01	3.89059362437147893e-01	1.29686454145715979e+00	5	41	83	9.37500000000000000e-02	-3.43750000000000000e-01	-1.56250000000000000e-01	1	26	29
2.24143003266392515e+00	542	GH_constraint	2.07829722975074599e-02	6.08372572935368283e-01	2.02790857645122768e+00	5	80	161	9.37500000000000000e-02	5.93750000000000000e-01	9.37500000000000000e-02	1	9	1
2.24143003266392515e+00	542	reduction_constraint	1.84783961800357387e-03	4.70828724166230117e-01	1.56942908055410046e+00	5	48	96	-4.68750000000000000e-01	3.12500000000000000e-02	-3.12500000000000000e-02	24	0	31
2.24143003266392515e+00	542	curl_constraint	3.51938554038504978e-02	3.68432066329737351e-01	1.22810688776579124e+00	5	48	96	-9.37500000000000000e-02	9.37500000000000000e-02	-3.43750000000000000e-01	30	1	26
2.24143003266392515e+00	542	source_curvature	7.32701536317817137e+00	4.27337322849291990e-01	1.42445774283097326e+00	5	35	70	-4.06250000000000000e-01	-9.37500000000000000e-02	-9.37500000000000000e-02	25	30	30
2.24143003266392515e+00	542	source_QQ	5.10908699782468378e+00	4.45243964024218952e-01	1.48414654674739666e+00	5	48	96	-4.06250000000000000e-01	9.37500000000000000e-02	-1.56250000000000000e-01	25	1	29
2.24143003266392515e+00	542	source_DeltaDelta	2.62756594439904623e+00	4.36382501367779396e-01	1.45460833789259802e+00	5	48	96	-1.56250000000000000e-01	3.12500000000000000e-02	-4.06250000000000000e-01	29	0	25
2.24143003266392515e+00	542	source_damping	0.00000000000000000e+00	4.13527130307069442e+01	1.37842376769023161e+02	3	0	0	-2.38750000000000000e+01	-2.38750000000000000e+01	-2.38750000000000000e+01	0	0	0
2.24143003266392515e+00	542	source_frame_correction	5.02397290093973825e-01	3.46579265825294303e-01	1.15526421941764768e+00	5	35	70	-3.12500000000000000e-02	-3.43750000000000000e-01	-3.12500000000000000e-02	31	26	31
2.24143003266392515e+00	542	Psi_RHS_Linf	3.96633096246859773e-01	4.70828724166230117e-01	1.56942908055410046e+00	5	35	70	-4.68750000000000000e-01	-3.12500000000000000e-02	-3.12500000000000000e-02	24	31	31
2.24143003266392515e+00	542	Pi_RHS_Linf	1.44246359374357391e+00	4.70828724166230117e-01	1.56942908055410046e+00	5	35	70	-3.12500000000000000e-02	-3.12500000000000000e-02	-4.68750000000000000e-01	31	31	24
2.24143003266392515e+00	542	Phi_RHS_Linf	5.86769302122448266e-01	5.33085065913499356e-01	1.77695021971166467e+00	5	74	148	-3.12500000000000000e-02	3.12500000000000000e-02	5.31250000000000000e-01	31	0	8
2.24143003266392515e+00	542	Hhat_RHS_Linf	0.00000000000000000e+00	4.13527130307069442e+01	1.37842376769023161e+02	3	0	0	-2.38750000000000000e+01	-2.38750000000000000e+01	-2.38750000000000000e+01	0	0	0
2.24143003266392515e+00	542	theta_RHS_Linf	0.00000000000000000e+00	4.13527130307069442e+01	1.37842376769023161e+02	3	0	0	-2.38750000000000000e+01	-2.38750000000000000e+01	-2.38750000000000000e+01	0	0	0
2.24143003266392515e+00	542	Upsilon_RHS_Linf	0.00000000000000000e+00	4.13527130307069442e+01	1.37842376769023161e+02	3	0	0	-2.38750000000000000e+01	-2.38750000000000000e+01	-2.38750000000000000e+01	0	0	0
2.24143003266392515e+00	542	chi_beta	2.69555469198170694e-01	5.47544233372975975e-01	1.82514744457658673e+00	5	48	96	-9.37500000000000000e-02	5.31250000000000000e-01	-9.37500000000000000e-02	30	8	30
2.24143003266392515e+00	542	chi_beta_near_r_lt_1	2.69555469198170694e-01	5.47544233372975975e-01	1.82514744457658673e+00	5	48	96	-9.37500000000000000e-02	5.31250000000000000e-01	-9.37500000000000000e-02	30	8	30
2.24143003266392515e+00	542	chi_beta_inner_r_lt_0p5	2.42986958970160455e-01	4.95093109929839348e-01	1.65031036643279783e+00	5	74	148	-2.81250000000000000e-01	2.18750000000000000e-01	3.43750000000000000e-01	27	3	5
2.24143003266392515e+00	542	chi_beta_annulus_0p5_1	2.69555469198170694e-01	5.47544233372975975e-01	1.82514744457658673e+00	5	48	96	-9.37500000000000000e-02	5.31250000000000000e-01	-9.37500000000000000e-02	30	8	30
2.24143003266392515e+00	542	chi_beta_annulus_1_1p5	1.24785155807212902e-01	1.00146377243512918e+00	3.33821257478376410e+00	5	80	161	4.68750000000000000e-01	6.56250000000000000e-01	5.93750000000000000e-01	7	10	9
2.24143003266392515e+00	542	chi_beta_annulus_1p5_2	6.74035559496730802e-02	1.50097624481535341e+00	5.00325414938451196e+00	5	61	122	-7.81250000000000000e-01	-9.06250000000000000e-01	9.06250000000000000e-01	19	17	14
2.24143003266392515e+00	542	chi_beta_outer_r_ge_2	4.21229163236440246e-02	2.00073228781363932e+00	6.66910762604546470e+00	5	41	83	8.43750000000000000e-01	-1.34375000000000000e+00	-1.21875000000000000e+00	13	10	12
2.24143003266392515e+00	542	chi_beta_first_ge_1	0.00000000000000000e+00	inf	0.00000000000000000e+00	0	0	0	0.00000000000000000e+00	0.00000000000000000e+00	0.00000000000000000e+00	0	0	0
2.26207067602783685e+00	547	reference_Ricci	3.60149667972463217e+00	4.27337322849291990e-01	1.42445774283097326e+00	5	35	70	-4.06250000000000000e-01	-9.37500000000000000e-02	-9.37500000000000000e-02	25	30	30
2.26207067602783685e+00	547	reference_Riemann	4.91741561294917506e+00	4.18096505008114128e-01	1.39365501669371383e+00	5	35	70	-3.43750000000000000e-01	-9.37500000000000000e-02	-2.18750000000000000e-01	26	30	28
2.26207067602783685e+00	547	spin_connection	1.56833681229635569e+00	4.27337322849291990e-01	1.42445774283097326e+00	5	35	70	-9.37500000000000000e-02	-9.37500000000000000e-02	-4.06250000000000000e-01	30	30	25
2.26207067602783685e+00	547	spin_derivative	3.80606336418609503e+00	4.27337322849291990e-01	1.42445774283097326e+00	5	35	70	-1.56250000000000000e-01	-2.81250000000000000e-01	-2.81250000000000000e-01	29	27	27
2.26207067602783685e+00	547	Psi	2.29221014014186908e+00	4.70828724166230117e-01	1.56942908055410046e+00	5	35	70	-4.68750000000000000e-01	-3.12500000000000000e-02	-3.12500000000000000e-02	24	31	31
2.26207067602783685e+00	547	Q	2.46348097195148030e+00	4.45243964024218952e-01	1.48414654674739666e+00	5	74	148	-9.37500000000000000e-02	4.06250000000000000e-01	1.56250000000000000e-01	30	6	2
2.26207067602783685e+00	547	Delta	1.77685988982806364e+00	4.36382501367779396e-01	1.45460833789259802e+00	5	35	70	-4.06250000000000000e-01	-1.56250000000000000e-01	-3.12500000000000000e-02	25	29	31
2.26207067602783685e+00	547	Pi	2.10388724140477068e+00	4.36382501367779396e-01	1.45460833789259802e+00	5	48	96	-1.56250000000000000e-01	4.06250000000000000e-01	-3.12500000000000000e-02	29	6	31
2.26207067602783685e+00	547	Phi	5.81010600231385732e-01	3.89059362437147893e-01	1.29686454145715979e+00	5	41	83	9.37500000000000000e-02	-3.43750000000000000e-01	-1.56250000000000000e-01	1	26	29
2.26207067602783685e+00	547	GH_constraint	2.10560405696440453e-02	6.08372572935368283e-01	2.02790857645122768e+00	5	74	148	-5.93750000000000000e-01	9.37500000000000000e-02	9.37500000000000000e-02	22	1	1
2.26207067602783685e+00	547	reduction_constraint	1.92641229347182037e-03	4.70828724166230117e-01	1.56942908055410046e+00	5	48	96	-4.68750000000000000e-01	3.12500000000000000e-02	-3.12500000000000000e-02	24	0	31
2.26207067602783685e+00	547	curl_constraint	3.64850326258746652e-02	3.68432066329737351e-01	1.22810688776579124e+00	5	48	96	-9.37500000000000000e-02	9.37500000000000000e-02	-3.43750000000000000e-01	30	1	26
2.26207067602783685e+00	547	source_curvature	7.35256829599370310e+00	4.27337322849291990e-01	1.42445774283097326e+00	5	41	83	4.06250000000000000e-01	-9.37500000000000000e-02	-9.37500000000000000e-02	6	30	30
2.26207067602783685e+00	547	source_QQ	5.27742130640163154e+00	4.45243964024218952e-01	1.48414654674739666e+00	5	48	96	-4.06250000000000000e-01	9.37500000000000000e-02	-1.56250000000000000e-01	25	1	29
2.26207067602783685e+00	547	source_DeltaDelta	2.71478967935592141e+00	4.36382501367779396e-01	1.45460833789259802e+00	5	80	161	1.56250000000000000e-01	4.06250000000000000e-01	3.12500000000000000e-02	2	6	0
2.26207067602783685e+00	547	source_damping	0.00000000000000000e+00	4.13527130307069442e+01	1.37842376769023161e+02	3	0	0	-2.38750000000000000e+01	-2.38750000000000000e+01	-2.38750000000000000e+01	0	0	0
2.26207067602783685e+00	547	source_frame_correction	5.10942685843063460e-01	3.46579265825294303e-01	1.15526421941764768e+00	5	48	96	-3.12500000000000000e-02	3.43750000000000000e-01	-3.12500000000000000e-02	31	5	31
2.26207067602783685e+00	547	Psi_RHS_Linf	4.05556210888052548e-01	4.70828724166230117e-01	1.56942908055410046e+00	5	35	70	-3.12500000000000000e-02	-3.12500000000000000e-02	-4.68750000000000000e-01	31	31	24
2.26207067602783685e+00	547	Pi_RHS_Linf	1.46297680363727811e+00	4.70828724166230117e-01	1.56942908055410046e+00	5	35	70	-3.12500000000000000e-02	-3.12500000000000000e-02	-4.68750000000000000e-01	31	31	24
2.26207067602783685e+00	547	Phi_RHS_Linf	6.03936497734614108e-01	5.33085065913499356e-01	1.77695021971166467e+00	5	48	96	-5.31250000000000000e-01	3.12500000000000000e-02	-3.12500000000000000e-02	23	0	31
2.26207067602783685e+00	547	Hhat_RHS_Linf	0.00000000000000000e+00	4.13527130307069442e+01	1.37842376769023161e+02	3	0	0	-2.38750000000000000e+01	-2.38750000000000000e+01	-2.38750000000000000e+01	0	0	0
2.26207067602783685e+00	547	theta_RHS_Linf	0.00000000000000000e+00	4.13527130307069442e+01	1.37842376769023161e+02	3	0	0	-2.38750000000000000e+01	-2.38750000000000000e+01	-2.38750000000000000e+01	0	0	0
2.26207067602783685e+00	547	Upsilon_RHS_Linf	0.00000000000000000e+00	4.13527130307069442e+01	1.37842376769023161e+02	3	0	0	-2.38750000000000000e+01	-2.38750000000000000e+01	-2.38750000000000000e+01	0	0	0
2.26207067602783685e+00	547	chi_beta	2.75734656200000150e-01	5.47544233372975975e-01	1.82514744457658673e+00	5	48	96	-5.31250000000000000e-01	9.37500000000000000e-02	-9.37500000000000000e-02	23	1	30
2.26207067602783685e+00	547	chi_beta_near_r_lt_1	2.75734656200000150e-01	5.47544233372975975e-01	1.82514744457658673e+00	5	48	96	-5.31250000000000000e-01	9.37500000000000000e-02	-9.37500000000000000e-02	23	1	30
2.26207067602783685e+00	547	chi_beta_inner_r_lt_0p5	2.48456515680120171e-01	4.95093109929839348e-01	1.65031036643279783e+00	5	74	148	-3.43750000000000000e-01	2.18750000000000000e-01	2.81250000000000000e-01	26	3	4
2.26207067602783685e+00	547	chi_beta_annulus_0p5_1	2.75734656200000150e-01	5.47544233372975975e-01	1.82514744457658673e+00	5	48	96	-5.31250000000000000e-01	9.37500000000000000e-02	-9.37500000000000000e-02	23	1	30
2.26207067602783685e+00	547	chi_beta_annulus_1_1p5	1.27733705652603974e-01	1.00146377243512918e+00	3.33821257478376410e+00	5	67	135	5.93750000000000000e-01	-4.68750000000000000e-01	6.56250000000000000e-01	9	24	10
2.26207067602783685e+00	547	chi_beta_annulus_1p5_2	6.89901490783035032e-02	1.50097624481535341e+00	5.00325414938451196e+00	5	35	70	-7.81250000000000000e-01	-9.06250000000000000e-01	-9.06250000000000000e-01	19	17	17
2.26207067602783685e+00	547	chi_beta_outer_r_ge_2	4.31080854466946578e-02	2.00073228781363932e+00	6.66910762604546470e+00	5	41	83	8.43750000000000000e-01	-1.34375000000000000e+00	-1.21875000000000000e+00	13	10	12
2.26207067602783685e+00	547	chi_beta_first_ge_1	0.00000000000000000e+00	inf	0.00000000000000000e+00	0	0	0	0.00000000000000000e+00	0.00000000000000000e+00	0.00000000000000000e+00	0	0	0
2.28271017069234761e+00	552	reference_Ricci	3.61191739311235871e+00	4.27337322849291990e-01	1.42445774283097326e+00	5	35	70	-4.06250000000000000e-01	-9.37500000000000000e-02	-9.37500000000000000e-02	25	30	30
2.28271017069234761e+00	552	reference_Riemann	4.93976814748394677e+00	4.18096505008114128e-01	1.39365501669371383e+00	5	35	70	-4.06250000000000000e-01	-3.12500000000000000e-02	-9.37500000000000000e-02	25	31	30
2.28271017069234761e+00	552	spin_connection	1.57730175153463592e+00	4.27337322849291990e-01	1.42445774283097326e+00	5	35	70	-9.37500000000000000e-02	-9.37500000000000000e-02	-4.06250000000000000e-01	30	30	25
2.28271017069234761e+00	552	spin_derivative	3.84054883687910698e+00	4.27337322849291990e-01	1.42445774283097326e+00	5	35	70	-2.81250000000000000e-01	-2.81250000000000000e-01	-1.56250000000000000e-01	27	27	29
2.28271017069234761e+00	552	Psi	2.30117103527776390e+00	4.70828724166230117e-01	1.56942908055410046e+00	5	35	70	-4.68750000000000000e-01	-3.12500000000000000e-02	-3.12500000000000000e-02	24	31	31
2.28271017069234761e+00	552	Q	2.51890244299321742e+00	4.36382501367779396e-01	1.45460833789259802e+00	5	48	96	-1.56250000000000000e-01	4.06250000000000000e-01	-3.12500000000000000e-02	29	6	31
2.28271017069234761e+00	552	Delta	1.81699350849089947e+00	4.36382501367779396e-01	1.45460833789259802e+00	5	61	122	-1.56250000000000000e-01	-3.12500000000000000e-02	4.06250000000000000e-01	29	31	6
2.28271017069234761e+00	552	Pi	2.14461216105910513e+00	4.36382501367779396e-01	1.45460833789259802e+00	5	35	70	-4.06250000000000000e-01	-3.12500000000000000e-02	-1.56250000000000000e-01	25	31	29
2.28271017069234761e+00	552	Phi	5.99012924114956768e-01	3.89059362437147893e-01	1.29686454145715979e+00	5	74	148	-1.56250000000000000e-01	3.43750000000000000e-01	9.37500000000000000e-02	29	5	1
2.28271017069234761e+00	552	GH_constraint	2.13351709020098389e-02	6.08372572935368283e-01	2.02790857645122768e+00	5	74	148	-5.93750000000000000e-01	9.37500000000000000e-02	9.37500000000000000e-02	22	1	1
2.28271017069234761e+00	552	reduction_constraint	2.00764037173072497e-03	4.70828724166230117e-01	1.56942908055410046e+00	5	48	96	-4.68750000000000000e-01	3.12500000000000000e-02	-3.12500000000000000e-02	24	0	31
2.28271017069234761e+00	552	curl_constraint	3.78164103780539926e-02	3.68432066329737351e-01	1.22810688776579124e+00	5	48	96	-9.37500000000000000e-02	9.37500000000000000e-02	-3.43750000000000000e-01	30	1	26
2.28271017069234761e+00	552	source_curvature	7.37616801414011025e+00	4.27337322849291990e-01	1.42445774283097326e+00	5	67	135	4.06250000000000000e-01	-9.37500000000000000e-02	9.37500000000000000e-02	6	30	1
2.28271017069234761e+00	552	source_QQ	5.44904560302413543e+00	4.45243964024218952e-01	1.48414654674739666e+00	5	67	135	4.06250000000000000e-01	-9.37500000000000000e-02	1.56250000000000000e-01	6	30	2
2.28271017069234761e+00	552	source_DeltaDelta	2.80375926256235530e+00	4.36382501367779396e-01	1.45460833789259802e+00	5	54	109	1.56250000000000000e-01	3.12500000000000000e-02	-4.06250000000000000e-01	2	0	25
2.28271017069234761e+00	552	source_damping	0.00000000000000000e+00	4.13527130307069442e+01	1.37842376769023161e+02	3	0	0	-2.38750000000000000e+01	-2.38750000000000000e+01	-2.38750000000000000e+01	0	0	0
2.28271017069234761e+00	552	source_frame_correction	5.19645083134663954e-01	3.46579265825294303e-01	1.15526421941764768e+00	5	35	70	-3.12500000000000000e-02	-3.43750000000000000e-01	-3.12500000000000000e-02	31	26	31
2.28271017069234761e+00	552	Psi_RHS_Linf	4.14646281514570947e-01	4.70828724166230117e-01	1.56942908055410046e+00	5	35	70	-4.68750000000000000e-01	-3.12500000000000000e-02	-3.12500000000000000e-02	24	31	31
2.28271017069234761e+00	552	Pi_RHS_Linf	1.48384452647723197e+00	4.70828724166230117e-01	1.56942908055410046e+00	5	35	70	-3.12500000000000000e-02	-3.12500000000000000e-02	-4.68750000000000000e-01	31	31	24
2.28271017069234761e+00	552	Phi_RHS_Linf	6.21514606366744271e-01	5.33085065913499356e-01	1.77695021971166467e+00	5	80	161	5.31250000000000000e-01	3.12500000000000000e-02	3.12500000000000000e-02	8	0	0
2.28271017069234761e+00	552	Hhat_RHS_Linf	0.00000000000000000e+00	4.13527130307069442e+01	1.37842376769023161e+02	3	0	0	-2.38750000000000000e+01	-2.38750000000000000e+01	-2.38750000000000000e+01	0	0	0
2.28271017069234761e+00	552	theta_RHS_Linf	0.00000000000000000e+00	4.13527130307069442e+01	1.37842376769023161e+02	3	0	0	-2.38750000000000000e+01	-2.38750000000000000e+01	-2.38750000000000000e+01	0	0	0
2.28271017069234761e+00	552	Upsilon_RHS_Linf	0.00000000000000000e+00	4.13527130307069442e+01	1.37842376769023161e+02	3	0	0	-2.38750000000000000e+01	-2.38750000000000000e+01	-2.38750000000000000e+01	0	0	0
2.28271017069234761e+00	552	chi_beta	2.81983494752190811e-01	5.47544233372975975e-01	1.82514744457658673e+00	5	80	161	9.37500000000000000e-02	9.37500000000000000e-02	5.31250000000000000e-01	1	1	8
2.28271017069234761e+00	552	chi_beta_near_r_lt_1	2.81983494752190811e-01	5.47544233372975975e-01	1.82514744457658673e+00	5	80	161	9.37500000000000000e-02	9.37500000000000000e-02	5.31250000000000000e-01	1	1	8
2.28271017069234761e+00	552	chi_beta_inner_r_lt_0p5	2.53983730015014453e-01	4.95093109929839348e-01	1.65031036643279783e+00	5	41	83	2.18750000000000000e-01	-3.43750000000000000e-01	-2.81250000000000000e-01	3	26	27
2.28271017069234761e+00	552	chi_beta_annulus_0p5_1	2.81983494752190811e-01	5.47544233372975975e-01	1.82514744457658673e+00	5	80	161	9.37500000000000000e-02	9.37500000000000000e-02	5.31250000000000000e-01	1	1	8
2.28271017069234761e+00	552	chi_beta_annulus_1_1p5	1.30718949218451147e-01	1.00146377243512918e+00	3.33821257478376410e+00	5	35	70	-5.93750000000000000e-01	-4.68750000000000000e-01	-6.56250000000000000e-01	22	24	21
2.28271017069234761e+00	552	chi_beta_annulus_1p5_2	7.05964282919603336e-02	1.50097624481535341e+00	5.00325414938451196e+00	5	35	70	-7.81250000000000000e-01	-9.06250000000000000e-01	-9.06250000000000000e-01	19	17	17
2.28271017069234761e+00	552	chi_beta_outer_r_ge_2	4.41052111204893668e-02	2.00073228781363932e+00	6.66910762604546470e+00	5	48	96	-1.34375000000000000e+00	8.43750000000000000e-01	-1.21875000000000000e+00	10	13	12
2.28271017069234761e+00	552	chi_beta_first_ge_1	0.00000000000000000e+00	inf	0.00000000000000000e+00	0	0	0	0.00000000000000000e+00	0.00000000000000000e+00	0.00000000000000000e+00	0	0	0
2.30334850409728675e+00	557	reference_Ricci	3.62134771974568315e+00	4.27337322849291990e-01	1.42445774283097326e+00	5	35	70	-1.56250000000000000e-01	-2.81250000000000000e-01	-2.81250000000000000e-01	29	27	27
2.30334850409728675e+00	557	reference_Riemann	4.96082855528439204e+00	4.18096505008114128e-01	1.39365501669371383e+00	5	35	70	-4.06250000000000000e-01	-3.12500000000000000e-02	-9.37500000000000000e-02	25	31	30
2.30334850409728675e+00	557	spin_connection	1.58646526356465944e+00	4.27337322849291990e-01	1.42445774283097326e+00	5	35	70	-9.37500000000000000e-02	-9.37500000000000000e-02	-4.06250000000000000e-01	30	30	25
2.30334850409728675e+00	557	spin_derivative	3.87473967266446406e+00	4.27337322849291990e-01	1.42445774283097326e+00	5	35	70	-1.56250000000000000e-01	-2.81250000000000000e-01	-2.81250000000000000e-01	29	27	27
2.30334850409728675e+00	557	Psi	2.31034555982490364e+00	4.70828724166230117e-01	1.56942908055410046e+00	5	35	70	-4.68750000000000000e-01	-3.12500000000000000e-02	-3.12500000000000000e-02	24	31	31
2.30334850409728675e+00	557	Q	2.57537011539171523e+00	4.36382501367779396e-01	1.45460833789259802e+00	5	74	148	-1.56250000000000000e-01	4.06250000000000000e-01	3.12500000000000000e-02	29	6	0
2.30334850409728675e+00	557	Delta	1.85783726915999470e+00	4.36382501367779396e-01	1.45460833789259802e+00	5	35	70	-4.06250000000000000e-01	-3.12500000000000000e-02	-1.56250000000000000e-01	25	31	29
2.30334850409728675e+00	557	Pi	2.18575597693722790e+00	4.36382501367779396e-01	1.45460833789259802e+00	5	35	70	-4.06250000000000000e-01	-3.12500000000000000e-02	-1.56250000000000000e-01	25	31	29
2.30334850409728675e+00	557	Phi	6.17442452658789720e-01	3.89059362437147893e-01	1.29686454145715979e+00	5	35	70	-9.37500000000000000e-02	-3.43750000000000000e-01	-1.56250000000000000e-01	30	26	29
2.30334850409728675e+00	557	GH_constraint	2.16203242281139199e-02	6.08372572935368283e-01	2.02790857645122768e+00	5	74	148	-5.93750000000000000e-01	9.37500000000000000e-02	9.37500000000000000e-02	22	1	1
2.30334850409728675e+00	557	reduction_constraint	2.09159463875422183e-03	4.70828724166230117e-01	1.56942908055410046e+00	5	48	96	-4.68750000000000000e-01	3.12500000000000000e-02	-3.12500000000000000e-02	24	0	31
2.30334850409728675e+00	557	curl_constraint	3.91891737268808549e-02	3.68432066329737351e-01	1.22810688776579124e+00	5	35	70	-9.37500000000000000e-02	-9.37500000000000000e-02	-3.43750000000000000e-01	30	30	26
2.30334850409728675e+00	557	source_curvature	7.39778940209048397e+00	4.27337322849291990e-01	1.42445774283097326e+00	5	41	83	4.06250000000000000e-01	-9.37500000000000000e-02	-9.37500000000000000e-02	6	30	30
2.30334850409728675e+00	557	source_QQ	5.62395101691457278e+00	4.45243964024218952e-01	1.48414654674739666e+00	5	74	148	-4.06250000000000000e-01	9.37500000000000000e-02	1.56250000000000000e-01	25	1	2
2.30334850409728675e+00	557	source_DeltaDelta	2.89446891625217306e+00	4.36382501367779396e-01	1.45460833789259802e+00	5	48	96	-1.56250000000000000e-01	3.12500000000000000e-02	-4.06250000000000000e-01	29	0	25
2.30334850409728675e+00	557	source_damping	0.00000000000000000e+00	4.13527130307069442e+01	1.37842376769023161e+02	3	0	0	-2.38750000000000000e+01	-2.38750000000000000e+01	-2.38750000000000000e+01	0	0	0
2.30334850409728675e+00	557	source_frame_correction	5.28508003383903135e-01	3.46579265825294303e-01	1.15526421941764768e+00	5	48	96	-3.12500000000000000e-02	3.43750000000000000e-01	-3.12500000000000000e-02	31	5	31
2.30334850409728675e+00	557	Psi_RHS_Linf	4.23906863017676272e-01	4.70828724166230117e-01	1.56942908055410046e+00	5	35	70	-3.12500000000000000e-02	-3.12500000000000000e-02	-4.68750000000000000e-01	31	31	24
2.30334850409728675e+00	557	Pi_RHS_Linf	1.50508307663174157e+00	4.70828724166230117e-01	1.56942908055410046e+00	5	35	70	-3.12500000000000000e-02	-3.12500000000000000e-02	-4.68750000000000000e-01	31	31	24
2.30334850409728675e+00	557	Phi_RHS_Linf	6.39515786315587587e-01	5.33085065913499356e-01	1.77695021971166467e+00	5	61	122	-5.31250000000000000e-01	-3.12500000000000000e-02	3.12500000000000000e-02	23	31	0
2.30334850409728675e+00	557	Hhat_RHS_Linf	0.00000000000000000e+00	4.13527130307069442e+01	1.37842376769023161e+02	3	0	0	-2.38750000000000000e+01	-2.38750000000000000e+01	-2.38750000000000000e+01	0	0	0
2.30334850409728675e+00	557	theta_RHS_Linf	0.00000000000000000e+00	4.13527130307069442e+01	1.37842376769023161e+02	3	0	0	-2.38750000000000000e+01	-2.38750000000000000e+01	-2.38750000000000000e+01	0	0	0
2.30334850409728675e+00	557	Upsilon_RHS_Linf	0.00000000000000000e+00	4.13527130307069442e+01	1.37842376769023161e+02	3	0	0	-2.38750000000000000e+01	-2.38750000000000000e+01	-2.38750000000000000e+01	0	0	0
2.30334850409728675e+00	557	chi_beta	2.88301626223577023e-01	5.47544233372975975e-01	1.82514744457658673e+00	5	61	122	-9.37500000000000000e-02	-5.31250000000000000e-01	9.37500000000000000e-02	30	23	1
2.30334850409728675e+00	557	chi_beta_near_r_lt_1	2.88301626223577023e-01	5.47544233372975975e-01	1.82514744457658673e+00	5	61	122	-9.37500000000000000e-02	-5.31250000000000000e-01	9.37500000000000000e-02	30	23	1
2.30334850409728675e+00	557	chi_beta_inner_r_lt_0p5	2.59568264653149527e-01	4.95093109929839348e-01	1.65031036643279783e+00	5	80	161	3.43750000000000000e-01	2.81250000000000000e-01	2.18750000000000000e-01	5	4	3
2.30334850409728675e+00	557	chi_beta_annulus_0p5_1	2.88301626223577023e-01	5.47544233372975975e-01	1.82514744457658673e+00	5	61	122	-9.37500000000000000e-02	-5.31250000000000000e-01	9.37500000000000000e-02	30	23	1
2.30334850409728675e+00	557	chi_beta_annulus_1_1p5	1.33740656835462879e-01	1.00146377243512918e+00	3.33821257478376410e+00	5	54	109	4.68750000000000000e-01	6.56250000000000000e-01	-5.93750000000000000e-01	7	10	22
2.30334850409728675e+00	557	chi_beta_annulus_1p5_2	7.22222570653067580e-02	1.50097624481535341e+00	5.00325414938451196e+00	5	35	70	-7.81250000000000000e-01	-9.06250000000000000e-01	-9.06250000000000000e-01	19	17	17
2.30334850409728675e+00	557	chi_beta_outer_r_ge_2	4.51142086874220249e-02	2.00073228781363932e+00	6.66910762604546470e+00	5	41	83	8.43750000000000000e-01	-1.34375000000000000e+00	-1.21875000000000000e+00	13	10	12
2.30334850409728675e+00	557	chi_beta_first_ge_1	0.00000000000000000e+00	inf	0.00000000000000000e+00	0	0	0	0.00000000000000000e+00	0.00000000000000000e+00	0.00000000000000000e+00	0	0	0
2.32398566376644267e+00	562	reference_Ricci	3.62977486452910769e+00	4.27337322849291990e-01	1.42445774283097326e+00	5	35	70	-1.56250000000000000e-01	-2.81250000000000000e-01	-2.81250000000000000e-01	29	27	27
2.32398566376644267e+00	562	reference_Riemann	4.98057426642196610e+00	4.18096505008114128e-01	1.39365501669371383e+00	5	35	70	-4.06250000000000000e-01	-3.12500000000000000e-02	-9.37500000000000000e-02	25	31	30
2.32398566376644267e+00	562	spin_connection	1.59582765195319221e+00	4.27337322849291990e-01	1.42445774283097326e+00	5	35	70	-9.37500000000000000e-02	-9.37500000000000000e-02	-4.06250000000000000e-01	30	30	25
2.32398566376644267e+00	562	spin_derivative	3.90862891501645970e+00	4.27337322849291990e-01	1.42445774283097326e+00	5	35	70	-9.37500000000000000e-02	-9.37500000000000000e-02	-4.06250000000000000e-01	30	30	25
2.32398566376644267e+00	562	Psi	2.31973773650370330e+00	4.70828724166230117e-01	1.56942908055410046e+00	5	35	70	-4.68750000000000000e-01	-3.12500000000000000e-02	-3.12500000000000000e-02	24	31	31
2.32398566376644267e+00	562	Q	2.63280035993866735e+00	4.36382501367779396e-01	1.45460833789259802e+00	5	48	96	-4.06250000000000000e-01	1.56250000000000000e-01	-3.12500000000000000e-02	25	2	31
2.32398566376644267e+00	562	Delta	1.89940248455936511e+00	4.36382501367779396e-01	1.45460833789259802e+00	5	74	148	-4.06250000000000000e-01	1.56250000000000000e-01	3.12500000000000000e-02	25	2	0
2.32398566376644267e+00	562	Pi	2.22731713752990146e+00	4.36382501367779396e-01	1.45460833789259802e+00	5	67	135	3.12500000000000000e-02	-4.06250000000000000e-01	1.56250000000000000e-01	0	25	2
2.32398566376644267e+00	562	Phi	6.36306741592371217e-01	3.89059362437147893e-01	1.29686454145715979e+00	5	41	83	9.37500000000000000e-02	-3.43750000000000000e-01	-1.56250000000000000e-01	1	26	29
2.32398566376644267e+00	562	GH_constraint	2.19114565559480404e-02	6.08372572935368283e-01	2.02790857645122768e+00	5	74	148	-5.93750000000000000e-01	9.37500000000000000e-02	9.37500000000000000e-02	22	1	1
2.32398566376644267e+00	562	reduction_constraint	2.17834765377265338e-03	4.70828724166230117e-01	1.56942908055410046e+00	5	80	161	4.68750000000000000e-01	3.12500000000000000e-02	3.12500000000000000e-02	7	0	0
2.32398566376644267e+00	562	curl_constraint	4.06045421912333768e-02	3.68432066329737351e-01	1.22810688776579124e+00	5	74	148	-9.37500000000000000e-02	9.37500000000000000e-02	3.43750000000000000e-01	30	1	5
2.32398566376644267e+00	562	source_curvature	7.41740850560776543e+00	4.27337322849291990e-01	1.42445774283097326e+00	5	35	70	-9.37500000000000000e-02	-9.37500000000000000e-02	-4.06250000000000000e-01	30	30	25
2.32398566376644267e+00	562	source_QQ	5.80212681975408984e+00	4.45243964024218952e-01	1.48414654674739666e+00	5	35	70	-4.06250000000000000e-01	-9.37500000000000000e-02	-1.56250000000000000e-01	25	30	29
2.32398566376644267e+00	562	source_DeltaDelta	2.98691135406867936e+00	4.36382501367779396e-01	1.45460833789259802e+00	5	74	148	-4.06250000000000000e-01	1.56250000000000000e-01	3.12500000000000000e-02	25	2	0
2.32398566376644267e+00	562	source_damping	0.00000000000000000e+00	4.13527130307069442e+01	1.37842376769023161e+02	3	0	0	-2.38750000000000000e+01	-2.38750000000000000e+01	-2.38750000000000000e+01	0	0	0
2.32398566376644267e+00	562	source_frame_correction	5.37535038402296328e-01	3.46579265825294303e-01	1.15526421941764768e+00	5	35	70	-3.12500000000000000e-02	-3.43750000000000000e-01	-3.12500000000000000e-02	31	26	31
2.32398566376644267e+00	562	Psi_RHS_Linf	4.33341631000568939e-01	4.70828724166230117e-01	1.56942908055410046e+00	5	48	96	-3.12500000000000000e-02	3.12500000000000000e-02	-4.68750000000000000e-01	31	0	24
2.32398566376644267e+00	562	Pi_RHS_Linf	1.52670964320291480e+00	4.70828724166230117e-01	1.56942908055410046e+00	5	35	70	-3.12500000000000000e-02	-3.12500000000000000e-02	-4.68750000000000000e-01	31	31	24
2.32398566376644267e+00	562	Phi_RHS_Linf	6.57952735103251807e-01	5.33085065913499356e-01	1.77695021971166467e+00	5	61	122	-3.12500000000000000e-02	-3.12500000000000000e-02	5.31250000000000000e-01	31	31	8
2.32398566376644267e+00	562	Hhat_RHS_Linf	0.00000000000000000e+00	4.13527130307069442e+01	1.37842376769023161e+02	3	0	0	-2.38750000000000000e+01	-2.38750000000000000e+01	-2.38750000000000000e+01	0	0	0
2.32398566376644267e+00	562	theta_RHS_Linf	0.00000000000000000e+00	4.13527130307069442e+01	1.37842376769023161e+02	3	0	0	-2.38750000000000000e+01	-2.38750000000000000e+01	-2.38750000000000000e+01	0	0	0
2.32398566376644267e+00	562	Upsilon_RHS_Linf	0.00000000000000000e+00	4.13527130307069442e+01	1.37842376769023161e+02	3	0	0	-2.38750000000000000e+01	-2.38750000000000000e+01	-2.38750000000000000e+01	0	0	0
2.32398566376644267e+00	562	chi_beta	2.94688681967042343e-01	5.47544233372975975e-01	1.82514744457658673e+00	5	54	109	9.37500000000000000e-02	5.31250000000000000e-01	-9.37500000000000000e-02	1	8	30
2.32398566376644267e+00	562	chi_beta_near_r_lt_1	2.94688681967042343e-01	5.47544233372975975e-01	1.82514744457658673e+00	5	54	109	9.37500000000000000e-02	5.31250000000000000e-01	-9.37500000000000000e-02	1	8	30
2.32398566376644267e+00	562	chi_beta_inner_r_lt_0p5	2.65209781506422604e-01	4.95093109929839348e-01	1.65031036643279783e+00	5	61	122	-2.18750000000000000e-01	-3.43750000000000000e-01	2.81250000000000000e-01	28	26	4
2.32398566376644267e+00	562	chi_beta_annulus_0p5_1	2.94688681967042343e-01	5.47544233372975975e-01	1.82514744457658673e+00	5	54	109	9.37500000000000000e-02	5.31250000000000000e-01	-9.37500000000000000e-02	1	8	30
2.32398566376644267e+00	562	chi_beta_annulus_1_1p5	1.36798589186498121e-01	1.00146377243512918e+00	3.33821257478376410e+00	5	35	70	-5.93750000000000000e-01	-6.56250000000000000e-01	-4.68750000000000000e-01	22	21	24
2.32398566376644267e+00	562	chi_beta_annulus_1p5_2	7.38675000805593257e-02	1.50097624481535341e+00	5.00325414938451196e+00	5	41	83	2.18750000000000000e-01	-1.46875000000000000e+00	-2.18750000000000000e-01	3	8	28
2.32398566376644267e+00	562	chi_beta_outer_r_ge_2	4.61349906490924680e-02	2.00073228781363932e+00	6.66910762604546470e+00	5	67	135	1.34375000000000000e+00	-1.21875000000000000e+00	8.43750000000000000e-01	21	12	13
2.32398566376644267e+00	562	chi_beta_first_ge_1	0.00000000000000000e+00	inf	0.00000000000000000e+00	0	0	0	0.00000000000000000e+00	0.00000000000000000e+00	0.00000000000000000e+00	0	0	0
2.34049453808301644e+00	566	reference_Ricci	3.63578592110969101e+00	4.27337322849291990e-01	1.42445774283097326e+00	5	35	70	-1.56250000000000000e-01	-2.81250000000000000e-01	-2.81250000000000000e-01	29	27	27
2.34049453808301644e+00	566	reference_Riemann	4.99540932062005005e+00	4.18096505008114128e-01	1.39365501669371383e+00	5	35	70	-3.12500000000000000e-02	-9.37500000000000000e-02	-4.06250000000000000e-01	31	30	25
2.34049453808301644e+00	566	spin_connection	1.60346088194765324e+00	4.27337322849291990e-01	1.42445774283097326e+00	5	35	70	-2.81250000000000000e-01	-1.56250000000000000e-01	-2.81250000000000000e-01	27	29	27
2.34049453808301644e+00	566	spin_derivative	3.93551861212413057e+00	4.27337322849291990e-01	1.42445774283097326e+00	5	35	70	-4.06250000000000000e-01	-9.37500000000000000e-02	-9.37500000000000000e-02	25	30	30
2.34049453808301644e+00	566	Psi	2.32741093062596649e+00	4.70828724166230117e-01	1.56942908055410046e+00	5	35	70	-4.68750000000000000e-01	-3.12500000000000000e-02	-3.12500000000000000e-02	24	31	31
2.34049453808301644e+00	566	Q	2.67944682341743423e+00	4.36382501367779396e-01	1.45460833789259802e+00	5	74	148	-1.56250000000000000e-01	4.06250000000000000e-01	3.12500000000000000e-02	29	6	0
2.34049453808301644e+00	566	Delta	1.93318182391914628e+00	4.36382501367779396e-01	1.45460833789259802e+00	5	35	70	-4.06250000000000000e-01	-3.12500000000000000e-02	-1.56250000000000000e-01	25	31	29
2.34049453808301644e+00	566	Pi	2.26086542606822016e+00	4.36382501367779396e-01	1.45460833789259802e+00	5	35	70	-4.06250000000000000e-01	-3.12500000000000000e-02	-1.56250000000000000e-01	25	31	29
2.34049453808301644e+00	566	Phi	6.51716334580722534e-01	3.89059362437147893e-01	1.29686454145715979e+00	5	54	109	3.43750000000000000e-01	9.37500000000000000e-02	-1.56250000000000000e-01	5	1	29
2.34049453808301644e+00	566	GH_constraint	2.21486353465003248e-02	6.08372572935368283e-01	2.02790857645122768e+00	5	74	148	-5.93750000000000000e-01	9.37500000000000000e-02	9.37500000000000000e-02	22	1	1
2.34049453808301644e+00	566	reduction_constraint	2.24981510075967757e-03	4.70828724166230117e-01	1.56942908055410046e+00	5	61	122	-4.68750000000000000e-01	-3.12500000000000000e-02	3.12500000000000000e-02	24	31	0
2.34049453808301644e+00	566	curl_constraint	4.17683545001089479e-02	3.68432066329737351e-01	1.22810688776579124e+00	5	74	148	-9.37500000000000000e-02	9.37500000000000000e-02	3.43750000000000000e-01	30	1	5
2.34049453808301644e+00	566	source_curvature	7.43164683035554141e+00	4.27337322849291990e-01	1.42445774283097326e+00	5	61	122	-4.06250000000000000e-01	-9.37500000000000000e-02	9.37500000000000000e-02	25	30	1
2.34049453808301644e+00	566	source_QQ	5.94701379922625684e+00	4.45243964024218952e-01	1.48414654674739666e+00	5	74	148	-4.06250000000000000e-01	9.37500000000000000e-02	1.56250000000000000e-01	25	1	2
2.34049453808301644e+00	566	source_DeltaDelta	3.06210704211625862e+00	4.36382501367779396e-01	1.45460833789259802e+00	5	67	135	4.06250000000000000e-01	-3.12500000000000000e-02	1.56250000000000000e-01	6	31	2
2.34049453808301644e+00	566	source_damping	0.00000000000000000e+00	4.13527130307069442e+01	1.37842376769023161e+02	3	0	0	-2.38750000000000000e+01	-2.38750000000000000e+01	-2.38750000000000000e+01	0	0	0
2.34049453808301644e+00	566	source_frame_correction	5.44877289535934617e-01	3.46579265825294303e-01	1.15526421941764768e+00	5	48	96	-3.12500000000000000e-02	3.43750000000000000e-01	-3.12500000000000000e-02	31	5	31
2.34049453808301644e+00	566	Psi_RHS_Linf	4.41017410315927727e-01	4.70828724166230117e-01	1.56942908055410046e+00	5	48	96	-3.12500000000000000e-02	3.12500000000000000e-02	-4.68750000000000000e-01	31	0	24
2.34049453808301644e+00	566	Pi_RHS_Linf	1.54430240636262228e+00	4.70828724166230117e-01	1.56942908055410046e+00	5	35	70	-3.12500000000000000e-02	-4.68750000000000000e-01	-3.12500000000000000e-02	31	24	31
2.34049453808301644e+00	566	Phi_RHS_Linf	6.73024940980523123e-01	5.33085065913499356e-01	1.77695021971166467e+00	5	61	122	-5.31250000000000000e-01	-3.12500000000000000e-02	3.12500000000000000e-02	23	31	0
2.34049453808301644e+00	566	Hhat_RHS_Linf	0.00000000000000000e+00	4.13527130307069442e+01	1.37842376769023161e+02	3	0	0	-2.38750000000000000e+01	-2.38750000000000000e+01	-2.38750000000000000e+01	0	0	0
2.34049453808301644e+00	566	theta_RHS_Linf	0.00000000000000000e+00	4.13527130307069442e+01	1.37842376769023161e+02	3	0	0	-2.38750000000000000e+01	-2.38750000000000000e+01	-2.38750000000000000e+01	0	0	0
2.34049453808301644e+00	566	Upsilon_RHS_Linf	0.00000000000000000e+00	4.13527130307069442e+01	1.37842376769023161e+02	3	0	0	-2.38750000000000000e+01	-2.38750000000000000e+01	-2.38750000000000000e+01	0	0	0
2.34049453808301644e+00	566	chi_beta	2.99847697879952413e-01	5.47544233372975975e-01	1.82514744457658673e+00	5	41	83	5.31250000000000000e-01	-9.37500000000000000e-02	-9.37500000000000000e-02	8	30	30
2.34049453808301644e+00	566	chi_beta_near_r_lt_1	2.99847697879952413e-01	5.47544233372975975e-01	1.82514744457658673e+00	5	41	83	5.31250000000000000e-01	-9.37500000000000000e-02	-9.37500000000000000e-02	8	30	30
2.34049453808301644e+00	566	chi_beta_inner_r_lt_0p5	2.69763794778935417e-01	4.95093109929839348e-01	1.65031036643279783e+00	5	54	109	2.18750000000000000e-01	3.43750000000000000e-01	-2.81250000000000000e-01	3	5	27
2.34049453808301644e+00	566	chi_beta_annulus_0p5_1	2.99847697879952413e-01	5.47544233372975975e-01	1.82514744457658673e+00	5	41	83	5.31250000000000000e-01	-9.37500000000000000e-02	-9.37500000000000000e-02	8	30	30
2.34049453808301644e+00	566	chi_beta_annulus_1_1p5	1.39270849910505312e-01	1.00146377243512918e+00	3.33821257478376410e+00	5	67	135	5.93750000000000000e-01	-4.68750000000000000e-01	6.56250000000000000e-01	9	24	10
2.34049453808301644e+00	566	chi_beta_annulus_1p5_2	7.51975702798990814e-02	1.50097624481535341e+00	5.00325414938451196e+00	5	41	83	2.18750000000000000e-01	-1.46875000000000000e+00	-2.18750000000000000e-01	3	8	28
2.34049453808301644e+00	566	chi_beta_outer_r_ge_2	4.69600403820367926e-02	2.00073228781363932e+00	6.66910762604546470e+00	5	67	135	1.34375000000000000e+00	-1.21875000000000000e+00	8.43750000000000000e-01	21	12	13
2.34049453808301644e+00	566	chi_beta_first_ge_1	0.00000000000000000e+00	inf	0.00000000000000000e+00	0	0	0	0.00000000000000000e+00	0.00000000000000000e+00	0.00000000000000000e+00	0	0	0
2.36112955386461154e+00	571	reference_Ricci	3.64237625241468699e+00	4.27337322849291990e-01	1.42445774283097326e+00	5	35	70	-1.56250000000000000e-01	-2.81250000000000000e-01	-2.81250000000000000e-01	29	27	27
2.36112955386461154e+00	571	reference_Riemann	5.01273288017929186e+00	4.18096505008114128e-01	1.39365501669371383e+00	5	35	70	-2.18750000000000000e-01	-3.43750000000000000e-01	-9.37500000000000000e-02	28	26	30
2.36112955386461154e+00	571	spin_connection	1.61318163477159526e+00	4.27337322849291990e-01	1.42445774283097326e+00	5	35	70	-1.56250000000000000e-01	-2.81250000000000000e-01	-2.81250000000000000e-01	29	27	27
2.36112955386461154e+00	571	spin_derivative	3.96884808165443381e+00	4.27337322849291990e-01	1.42445774283097326e+00	5	35	70	-1.56250000000000000e-01	-2.81250000000000000e-01	-2.81250000000000000e-01	29	27	27
2.36112955386461154e+00	571	Psi	2.33720521860612873e+00	4.70828724166230117e-01	1.56942908055410046e+00	5	35	70	-4.68750000000000000e-01	-3.12500000000000000e-02	-3.12500000000000000e-02	24	31	31
2.36112955386461154e+00	571	Q	2.73864438376014752e+00	4.36382501367779396e-01	1.45460833789259802e+00	5	48	96	-1.56250000000000000e-01	3.12500000000000000e-02	-4.06250000000000000e-01	29	0	25
2.36112955386461154e+00	571	Delta	1.97607475513410735e+00	4.36382501367779396e-01	1.45460833789259802e+00	5	35	70	-4.06250000000000000e-01	-3.12500000000000000e-02	-1.56250000000000000e-01	25	31	29
2.36112955386461154e+00	571	Pi	2.30317346768112019e+00	4.36382501367779396e-01	1.45460833789259802e+00	5	35	70	-4.06250000000000000e-01	-1.56250000000000000e-01	-3.12500000000000000e-02	25	29	31
2.36112955386461154e+00	571	Phi	6.71382516350227054e-01	3.89059362437147893e-01	1.29686454145715979e+00	5	54	109	3.43750000000000000e-01	9.37500000000000000e-02	-1.56250000000000000e-01	5	1	29
2.36112955386461154e+00	571	GH_constraint	2.24504081240904478e-02	6.08372572935368283e-01	2.02790857645122768e+00	5	74	148	-5.93750000000000000e-01	9.37500000000000000e-02	9.37500000000000000e-02	22	1	1
2.36112955386461154e+00	571	reduction_constraint	2.34179465370834951e-03	4.70828724166230117e-01	1.56942908055410046e+00	5	61	122	-4.68750000000000000e-01	-3.12500000000000000e-02	3.12500000000000000e-02	24	31	0
2.36112955386461154e+00	571	curl_constraint	4.32635974449445404e-02	3.68432066329737351e-01	1.22810688776579124e+00	5	74	148	-9.37500000000000000e-02	9.37500000000000000e-02	3.43750000000000000e-01	30	1	5
2.36112955386461154e+00	571	source_curvature	7.44760543329139502e+00	4.27337322849291990e-01	1.42445774283097326e+00	5	35	70	-9.37500000000000000e-02	-9.37500000000000000e-02	-4.06250000000000000e-01	30	30	25
2.36112955386461154e+00	571	source_QQ	6.13104367522205607e+00	4.45243964024218952e-01	1.48414654674739666e+00	5	74	148	-1.56250000000000000e-01	4.06250000000000000e-01	9.37500000000000000e-02	29	6	1
2.36112955386461154e+00	571	source_DeltaDelta	3.15764527129026717e+00	4.36382501367779396e-01	1.45460833789259802e+00	5	35	70	-4.06250000000000000e-01	-3.12500000000000000e-02	-1.56250000000000000e-01	25	31	29
2.36112955386461154e+00	571	source_damping	0.00000000000000000e+00	4.13527130307069442e+01	1.37842376769023161e+02	3	0	0	-2.38750000000000000e+01	-2.38750000000000000e+01	-2.38750000000000000e+01	0	0	0
2.36112955386461154e+00	571	source_frame_correction	5.54209018904309958e-01	3.46579265825294303e-01	1.15526421941764768e+00	5	80	161	3.12500000000000000e-02	3.43750000000000000e-01	3.12500000000000000e-02	0	5	0
2.36112955386461154e+00	571	Psi_RHS_Linf	4.50775384532665080e-01	4.70828724166230117e-01	1.56942908055410046e+00	5	35	70	-3.12500000000000000e-02	-3.12500000000000000e-02	-4.68750000000000000e-01	31	31	24
2.36112955386461154e+00	571	Pi_RHS_Linf	1.56667369168837833e+00	4.70828724166230117e-01	1.56942908055410046e+00	5	67	135	3.12500000000000000e-02	-4.68750000000000000e-01	3.12500000000000000e-02	0	24	0
2.36112955386461154e+00	571	Phi_RHS_Linf	6.92280095561156661e-01	5.33085065913499356e-01	1.77695021971166467e+00	5	61	122	-3.12500000000000000e-02	-3.12500000000000000e-02	5.31250000000000000e-01	31	31	8
2.36112955386461154e+00	571	Hhat_RHS_Linf	0.00000000000000000e+00	4.13527130307069442e+01	1.37842376769023161e+02	3	0	0	-2.38750000000000000e+01	-2.38750000000000000e+01	-2.38750000000000000e+01	0	0	0
2.36112955386461154e+00	571	theta_RHS_Linf	0.00000000000000000e+00	4.13527130307069442e+01	1.37842376769023161e+02	3	0	0	-2.38750000000000000e+01	-2.38750000000000000e+01	-2.38750000000000000e+01	0	0	0
2.36112955386461154e+00	571	Upsilon_RHS_Linf	0.00000000000000000e+00	4.13527130307069442e+01	1.37842376769023161e+02	3	0	0	-2.38750000000000000e+01	-2.38750000000000000e+01	-2.38750000000000000e+01	0	0	0
2.36112955386461154e+00	571	chi_beta	3.06357856126918460e-01	5.47544233372975975e-01	1.82514744457658673e+00	5	74	148	-9.37500000000000000e-02	9.37500000000000000e-02	5.31250000000000000e-01	30	1	8
2.36112955386461154e+00	571	chi_beta_near_r_lt_1	3.06357856126918460e-01	5.47544233372975975e-01	1.82514744457658673e+00	5	74	148	-9.37500000000000000e-02	9.37500000000000000e-02	5.31250000000000000e-01	30	1	8
2.36112955386461154e+00	571	chi_beta_inner_r_lt_0p5	2.75507026931451127e-01	4.95093109929839348e-01	1.65031036643279783e+00	5	48	96	-2.18750000000000000e-01	2.81250000000000000e-01	-3.43750000000000000e-01	28	4	26
2.36112955386461154e+00	571	chi_beta_annulus_0p5_1	3.06357856126918460e-01	5.47544233372975975e-01	1.82514744457658673e+00	5	74	148	-9.37500000000000000e-02	9.37500000000000000e-02	5.31250000000000000e-01	30	1	8
2.36112955386461154e+00	571	chi_beta_annulus_1_1p5	1.42393353002759349e-01	1.00146377243512918e+00	3.33821257478376410e+00	5	35	70	-6.56250000000000000e-01	-5.93750000000000000e-01	-4.68750000000000000e-01	21	22	24
2.36112955386461154e+00	571	chi_beta_annulus_1p5_2	7.68773757475112451e-02	1.50097624481535341e+00	5.00325414938451196e+00	5	61	122	-2.18750000000000000e-01	-2.18750000000000000e-01	1.46875000000000000e+00	28	28	23
2.36112955386461154e+00	571	chi_beta_outer_r_ge_2	4.80018047651877555e-02	2.00073228781363932e+00	6.66910762604546470e+00	5	41	83	8.43750000000000000e-01	-1.34375000000000000e+00	-1.21875000000000000e+00	13	10	12
2.36112955386461154e+00	571	chi_beta_first_ge_1	0.00000000000000000e+00	inf	0.00000000000000000e+00	0	0	0	0.00000000000000000e+00	0.00000000000000000e+00	0.00000000000000000e+00	0	0	0
2.38176336144341416e+00	576	reference_Ricci	3.64792952577956653e+00	4.27337322849291990e-01	1.42445774283097326e+00	5	35	70	-2.81250000000000000e-01	-1.56250000000000000e-01	-2.81250000000000000e-01	27	29	27
2.38176336144341416e+00	576	reference_Riemann	5.02868053744249455e+00	4.18096505008114128e-01	1.39365501669371383e+00	5	35	70	-9.37500000000000000e-02	-3.12500000000000000e-02	-4.06250000000000000e-01	30	31	25
2.38176336144341416e+00	576	spin_connection	1.62310148538756471e+00	4.27337322849291990e-01	1.42445774283097326e+00	5	35	70	-2.81250000000000000e-01	-2.81250000000000000e-01	-1.56250000000000000e-01	27	27	29
2.38176336144341416e+00	576	spin_derivative	4.00185752079688051e+00	4.27337322849291990e-01	1.42445774283097326e+00	5	35	70	-9.37500000000000000e-02	-9.37500000000000000e-02	-4.06250000000000000e-01	30	30	25
2.38176336144341416e+00	576	Psi	2.34722875692086896e+00	4.70828724166230117e-01	1.56942908055410046e+00	5	35	70	-4.68750000000000000e-01	-3.12500000000000000e-02	-3.12500000000000000e-02	24	31	31
2.38176336144341416e+00	576	Q	2.79884333698690746e+00	4.36382501367779396e-01	1.45460833789259802e+00	5	35	70	-4.06250000000000000e-01	-3.12500000000000000e-02	-1.56250000000000000e-01	25	31	29
2.38176336144341416e+00	576	Delta	2.01972180401492984e+00	4.36382501367779396e-01	1.45460833789259802e+00	5	35	70	-1.56250000000000000e-01	-4.06250000000000000e-01	-3.12500000000000000e-02	29	25	31
2.38176336144341416e+00	576	Pi	2.34589378810308125e+00	4.36382501367779396e-01	1.45460833789259802e+00	5	35	70	-4.06250000000000000e-01	-3.12500000000000000e-02	-1.56250000000000000e-01	25	31	29
2.38176336144341416e+00	576	Phi	6.91505084881906762e-01	3.89059362437147893e-01	1.29686454145715979e+00	5	41	83	9.37500000000000000e-02	-3.43750000000000000e-01	-1.56250000000000000e-01	1	26	29
2.38176336144341416e+00	576	GH_constraint	2.27580216451950396e-02	6.08372572935368283e-01	2.02790857645122768e+00	5	74	148	-5.93750000000000000e-01	9.37500000000000000e-02	9.37500000000000000e-02	22	1	1
2.38176336144341416e+00	576	reduction_constraint	2.43678619291122457e-03	4.70828724166230117e-01	1.56942908055410046e+00	5	61	122	-4.68750000000000000e-01	-3.12500000000000000e-02	3.12500000000000000e-02	24	31	0
2.38176336144341416e+00	576	curl_constraint	4.48050480303894341e-02	3.68432066329737351e-01	1.22810688776579124e+00	5	74	148	-9.37500000000000000e-02	9.37500000000000000e-02	3.43750000000000000e-01	30	1	5
2.38176336144341416e+00	576	source_curvature	7.46150146637100598e+00	4.27337322849291990e-01	1.42445774283097326e+00	5	61	122	-4.06250000000000000e-01	-9.37500000000000000e-02	9.37500000000000000e-02	25	30	1
2.38176336144341416e+00	576	source_QQ	6.31892741563120808e+00	4.36382501367779396e-01	1.45460833789259802e+00	5	54	109	4.06250000000000000e-01	3.12500000000000000e-02	-1.56250000000000000e-01	6	0	29
2.38176336144341416e+00	576	source_DeltaDelta	3.25488776947209235e+00	4.36382501367779396e-01	1.45460833789259802e+00	5	35	70	-4.06250000000000000e-01	-3.12500000000000000e-02	-1.56250000000000000e-01	25	31	29
2.38176336144341416e+00	576	source_damping	0.00000000000000000e+00	4.13527130307069442e+01	1.37842376769023161e+02	3	0	0	-2.38750000000000000e+01	-2.38750000000000000e+01	-2.38750000000000000e+01	0	0	0
2.38176336144341416e+00	576	source_frame_correction	5.63715321132989278e-01	3.46579265825294303e-01	1.15526421941764768e+00	5	80	161	3.12500000000000000e-02	3.43750000000000000e-01	3.12500000000000000e-02	0	5	0
2.38176336144341416e+00	576	Psi_RHS_Linf	4.60718530532279347e-01	4.70828724166230117e-01	1.56942908055410046e+00	5	48	96	-3.12500000000000000e-02	3.12500000000000000e-02	-4.68750000000000000e-01	31	0	24
2.38176336144341416e+00	576	Pi_RHS_Linf	1.58948618414057452e+00	4.70828724166230117e-01	1.56942908055410046e+00	5	35	70	-3.12500000000000000e-02	-3.12500000000000000e-02	-4.68750000000000000e-01	31	31	24
2.38176336144341416e+00	576	Phi_RHS_Linf	7.12009672817757844e-01	5.33085065913499356e-01	1.77695021971166467e+00	5	61	122	-3.12500000000000000e-02	-3.12500000000000000e-02	5.31250000000000000e-01	31	31	8
2.38176336144341416e+00	576	Hhat_RHS_Linf	0.00000000000000000e+00	4.13527130307069442e+01	1.37842376769023161e+02	3	0	0	-2.38750000000000000e+01	-2.38750000000000000e+01	-2.38750000000000000e+01	0	0	0
2.38176336144341416e+00	576	theta_RHS_Linf	0.00000000000000000e+00	4.13527130307069442e+01	1.37842376769023161e+02	3	0	0	-2.38750000000000000e+01	-2.38750000000000000e+01	-2.38750000000000000e+01	0	0	0
2.38176336144341416e+00	576	Upsilon_RHS_Linf	0.00000000000000000e+00	4.13527130307069442e+01	1.37842376769023161e+02	3	0	0	-2.38750000000000000e+01	-2.38750000000000000e+01	-2.38750000000000000e+01	0	0	0
2.38176336144341416e+00	576	chi_beta	3.12935852582033214e-01	5.47544233372975975e-01	1.82514744457658673e+00	5	35	70	-5.31250000000000000e-01	-9.37500000000000000e-02	-9.37500000000000000e-02	23	30	30
2.38176336144341416e+00	576	chi_beta_near_r_lt_1	3.12935852582033214e-01	5.47544233372975975e-01	1.82514744457658673e+00	5	35	70	-5.31250000000000000e-01	-9.37500000000000000e-02	-9.37500000000000000e-02	23	30	30
2.38176336144341416e+00	576	chi_beta_inner_r_lt_0p5	2.81306294420783198e-01	4.95093109929839348e-01	1.65031036643279783e+00	5	48	96	-2.81250000000000000e-01	2.18750000000000000e-01	-3.43750000000000000e-01	27	3	26
2.38176336144341416e+00	576	chi_beta_annulus_0p5_1	3.12935852582033214e-01	5.47544233372975975e-01	1.82514744457658673e+00	5	35	70	-5.31250000000000000e-01	-9.37500000000000000e-02	-9.37500000000000000e-02	23	30	30
2.38176336144341416e+00	576	chi_beta_annulus_1_1p5	1.45551359630658295e-01	1.00146377243512918e+00	3.33821257478376410e+00	5	35	70	-5.93750000000000000e-01	-6.56250000000000000e-01	-4.68750000000000000e-01	22	21	24
2.38176336144341416e+00	576	chi_beta_annulus_1p5_2	7.85761665747117116e-02	1.50097624481535341e+00	5.00325414938451196e+00	5	48	96	-1.46875000000000000e+00	2.18750000000000000e-01	-2.18750000000000000e-01	8	3	28
2.38176336144341416e+00	576	chi_beta_outer_r_ge_2	4.90550936021375145e-02	2.00073228781363932e+00	6.66910762604546470e+00	5	41	83	8.43750000000000000e-01	-1.34375000000000000e+00	-1.21875000000000000e+00	13	10	12
2.38176336144341416e+00	576	chi_beta_first_ge_1	0.00000000000000000e+00	inf	0.00000000000000000e+00	0	0	0	0.00000000000000000e+00	0.00000000000000000e+00	0.00000000000000000e+00	0	0	0
2.40239594868326067e+00	581	reference_Ricci	3.65243436929311738e+00	4.27337322849291990e-01	1.42445774283097326e+00	5	35	70	-1.56250000000000000e-01	-2.81250000000000000e-01	-2.81250000000000000e-01	29	27	27
2.40239594868326067e+00	581	reference_Riemann	5.04323118103862722e+00	4.18096505008114128e-01	1.39365501669371383e+00	5	35	70	-3.12500000000000000e-02	-9.37500000000000000e-02	-4.06250000000000000e-01	31	30	25
2.40239594868326067e+00	581	spin_connection	1.63322029081387066e+00	4.27337322849291990e-01	1.42445774283097326e+00	5	35	70	-4.06250000000000000e-01	-9.37500000000000000e-02	-9.37500000000000000e-02	25	30	30
2.40239594868326067e+00	581	spin_derivative	4.03454071444591200e+00	4.27337322849291990e-01	1.42445774283097326e+00	5	35	70	-2.81250000000000000e-01	-2.81250000000000000e-01	-1.56250000000000000e-01	27	27	29
2.40239594868326067e+00	581	Psi	2.35748580856437906e+00	4.70828724166230117e-01	1.56942908055410046e+00	5	61	122	-3.12500000000000000e-02	-3.12500000000000000e-02	4.68750000000000000e-01	31	31	7
2.40239594868326067e+00	581	Q	2.86005784908838301e+00	4.36382501367779396e-01	1.45460833789259802e+00	5	48	96	-1.56250000000000000e-01	4.06250000000000000e-01	-3.12500000000000000e-02	29	6	31
2.40239594868326067e+00	581	Delta	2.06413499646676923e+00	4.36382501367779396e-01	1.45460833789259802e+00	5	61	122	-4.06250000000000000e-01	-3.12500000000000000e-02	1.56250000000000000e-01	25	31	2
2.40239594868326067e+00	581	Pi	2.38902431286230010e+00	4.36382501367779396e-01	1.45460833789259802e+00	5	35	70	-1.56250000000000000e-01	-4.06250000000000000e-01	-3.12500000000000000e-02	29	25	31
2.40239594868326067e+00	581	Phi	7.12091928039403799e-01	3.89059362437147893e-01	1.29686454145715979e+00	5	35	70	-3.43750000000000000e-01	-9.37500000000000000e-02	-1.56250000000000000e-01	26	30	29
2.40239594868326067e+00	581	GH_constraint	2.30714258397080006e-02	6.08372572935368283e-01	2.02790857645122768e+00	5	74	148	-5.93750000000000000e-01	9.37500000000000000e-02	9.37500000000000000e-02	22	1	1
2.40239594868326067e+00	581	reduction_constraint	2.53486972203570719e-03	4.70828724166230117e-01	1.56942908055410046e+00	5	61	122	-4.68750000000000000e-01	-3.12500000000000000e-02	3.12500000000000000e-02	24	31	0
2.40239594868326067e+00	581	curl_constraint	4.63940613992598755e-02	3.68432066329737351e-01	1.22810688776579124e+00	5	74	148	-9.37500000000000000e-02	9.37500000000000000e-02	3.43750000000000000e-01	30	1	5
2.40239594868326067e+00	581	source_curvature	7.47331605866358029e+00	4.27337322849291990e-01	1.42445774283097326e+00	5	48	96	-9.37500000000000000e-02	9.37500000000000000e-02	-4.06250000000000000e-01	30	1	25
2.40239594868326067e+00	581	source_QQ	6.51155748438325688e+00	4.36382501367779396e-01	1.45460833789259802e+00	5	61	122	-4.06250000000000000e-01	-3.12500000000000000e-02	1.56250000000000000e-01	25	31	2
2.40239594868326067e+00	581	source_DeltaDelta	3.35382143851409831e+00	4.36382501367779396e-01	1.45460833789259802e+00	5	61	122	-4.06250000000000000e-01	-3.12500000000000000e-02	1.56250000000000000e-01	25	31	2
2.40239594868326067e+00	581	source_damping	0.00000000000000000e+00	4.13527130307069442e+01	1.37842376769023161e+02	3	0	0	-2.38750000000000000e+01	-2.38750000000000000e+01	-2.38750000000000000e+01	0	0	0
2.40239594868326067e+00	581	source_frame_correction	5.73400084900250850e-01	3.46579265825294303e-01	1.15526421941764768e+00	5	35	70	-3.12500000000000000e-02	-3.43750000000000000e-01	-3.12500000000000000e-02	31	26	31
2.40239594868326067e+00	581	Psi_RHS_Linf	4.70851039372936042e-01	4.70828724166230117e-01	1.56942908055410046e+00	5	48	96	-3.12500000000000000e-02	3.12500000000000000e-02	-4.68750000000000000e-01	31	0	24
2.40239594868326067e+00	581	Pi_RHS_Linf	1.61276084542150233e+00	4.70828724166230117e-01	1.56942908055410046e+00	5	35	70	-3.12500000000000000e-02	-3.12500000000000000e-02	-4.68750000000000000e-01	31	31	24
2.40239594868326067e+00	581	Phi_RHS_Linf	7.32228674160727233e-01	5.33085065913499356e-01	1.77695021971166467e+00	5	61	122	-3.12500000000000000e-02	-3.12500000000000000e-02	5.31250000000000000e-01	31	31	8
2.40239594868326067e+00	581	Hhat_RHS_Linf	0.00000000000000000e+00	4.13527130307069442e+01	1.37842376769023161e+02	3	0	0	-2.38750000000000000e+01	-2.38750000000000000e+01	-2.38750000000000000e+01	0	0	0
2.40239594868326067e+00	581	theta_RHS_Linf	0.00000000000000000e+00	4.13527130307069442e+01	1.37842376769023161e+02	3	0	0	-2.38750000000000000e+01	-2.38750000000000000e+01	-2.38750000000000000e+01	0	0	0
2.40239594868326067e+00	581	Upsilon_RHS_Linf	0.00000000000000000e+00	4.13527130307069442e+01	1.37842376769023161e+02	3	0	0	-2.38750000000000000e+01	-2.38750000000000000e+01	-2.38750000000000000e+01	0	0	0
2.40239594868326067e+00	581	chi_beta	3.19581279806148699e-01	5.47544233372975975e-01	1.82514744457658673e+00	5	48	96	-9.37500000000000000e-02	9.37500000000000000e-02	-5.31250000000000000e-01	30	1	23
2.40239594868326067e+00	581	chi_beta_near_r_lt_1	3.19581279806148699e-01	5.47544233372975975e-01	1.82514744457658673e+00	5	48	96	-9.37500000000000000e-02	9.37500000000000000e-02	-5.31250000000000000e-01	30	1	23
2.40239594868326067e+00	581	chi_beta_inner_r_lt_0p5	2.87161260325809797e-01	4.95093109929839348e-01	1.65031036643279783e+00	5	67	135	2.18750000000000000e-01	-3.43750000000000000e-01	2.81250000000000000e-01	3	26	4
2.40239594868326067e+00	581	chi_beta_annulus_0p5_1	3.19581279806148699e-01	5.47544233372975975e-01	1.82514744457658673e+00	5	48	96	-9.37500000000000000e-02	9.37500000000000000e-02	-5.31250000000000000e-01	30	1	23
2.40239594868326067e+00	581	chi_beta_annulus_1_1p5	1.48744594055592788e-01	1.00146377243512918e+00	3.33821257478376410e+00	5	67	135	5.93750000000000000e-01	-4.68750000000000000e-01	6.56250000000000000e-01	9	24	10
2.40239594868326067e+00	581	chi_beta_annulus_1p5_2	8.02937822347255942e-02	1.50097624481535341e+00	5.00325414938451196e+00	5	61	122	-2.18750000000000000e-01	-2.18750000000000000e-01	1.46875000000000000e+00	28	28	23
2.40239594868326067e+00	581	chi_beta_outer_r_ge_2	5.01198087817849927e-02	2.00073228781363932e+00	6.66910762604546470e+00	5	48	96	-1.34375000000000000e+00	8.43750000000000000e-01	-1.21875000000000000e+00	10	13	12
2.40239594868326067e+00	581	chi_beta_first_ge_1	0.00000000000000000e+00	inf	0.00000000000000000e+00	0	0	0	0.00000000000000000e+00	0.00000000000000000e+00	0.00000000000000000e+00	0	0	0
2.42302730354286799e+00	586	reference_Ricci	3.65587980964907189e+00	4.27337322849291990e-01	1.42445774283097326e+00	5	35	70	-1.56250000000000000e-01	-2.81250000000000000e-01	-2.81250000000000000e-01	29	27	27
2.42302730354286799e+00	586	reference_Riemann	5.05636411290252852e+00	4.18096505008114128e-01	1.39365501669371383e+00	5	35	70	-4.06250000000000000e-01	-3.12500000000000000e-02	-9.37500000000000000e-02	25	31	30
2.42302730354286799e+00	586	spin_connection	1.64353779292025393e+00	4.27337322849291990e-01	1.42445774283097326e+00	5	35	70	-1.56250000000000000e-01	-2.81250000000000000e-01	-2.81250000000000000e-01	29	27	27
2.42302730354286799e+00	586	spin_derivative	4.06689164076655629e+00	4.27337322849291990e-01	1.42445774283097326e+00	5	35	70	-9.37500000000000000e-02	-9.37500000000000000e-02	-4.06250000000000000e-01	30	30	25
2.42302730354286799e+00	586	Psi	2.36798070077094058e+00	4.70828724166230117e-01	1.56942908055410046e+00	5	35	70	-4.68750000000000000e-01	-3.12500000000000000e-02	-3.12500000000000000e-02	24	31	31
2.42302730354286799e+00	586	Q	2.92230224602745725e+00	4.36382501367779396e-01	1.45460833789259802e+00	5	74	148	-1.56250000000000000e-01	4.06250000000000000e-01	3.12500000000000000e-02	29	6	0
2.42302730354286799e+00	586	Delta	2.10932655303798144e+00	4.36382501367779396e-01	1.45460833789259802e+00	5	48	96	-1.56250000000000000e-01	4.06250000000000000e-01	-3.12500000000000000e-02	29	6	31
2.42302730354286799e+00	586	Pi	2.43256282468083640e+00	4.36382501367779396e-01	1.45460833789259802e+00	5	35	70	-4.06250000000000000e-01	-3.12500000000000000e-02	-1.56250000000000000e-01	25	31	29
2.42302730354286799e+00	586	Phi	7.33151017750137690e-01	3.89059362437147893e-01	1.29686454145715979e+00	5	54	109	3.43750000000000000e-01	9.37500000000000000e-02	-1.56250000000000000e-01	5	1	29
2.42302730354286799e+00	586	GH_constraint	2.33905731578031365e-02	6.08372572935368283e-01	2.02790857645122768e+00	5	74	148	-5.93750000000000000e-01	9.37500000000000000e-02	9.37500000000000000e-02	22	1	1
2.42302730354286799e+00	586	reduction_constraint	2.63612741327074254e-03	4.70828724166230117e-01	1.56942908055410046e+00	5	61	122	-4.68750000000000000e-01	-3.12500000000000000e-02	3.12500000000000000e-02	24	31	0
2.42302730354286799e+00	586	curl_constraint	4.80320293842461110e-02	3.68432066329737351e-01	1.22810688776579124e+00	5	74	148	-9.37500000000000000e-02	9.37500000000000000e-02	3.43750000000000000e-01	30	1	5
2.42302730354286799e+00	586	source_curvature	7.48402508617728834e+00	4.36382501367779396e-01	1.45460833789259802e+00	5	35	70	-3.12500000000000000e-02	-1.56250000000000000e-01	-4.06250000000000000e-01	31	29	25
2.42302730354286799e+00	586	source_QQ	6.70744590975771082e+00	4.36382501367779396e-01	1.45460833789259802e+00	5	48	96	-4.06250000000000000e-01	1.56250000000000000e-01	-3.12500000000000000e-02	25	2	31
2.42302730354286799e+00	586	source_DeltaDelta	3.45443164622960630e+00	4.36382501367779396e-01	1.45460833789259802e+00	5	35	70	-4.06250000000000000e-01	-1.56250000000000000e-01	-3.12500000000000000e-02	25	29	31
2.42302730354286799e+00	586	source_damping	0.00000000000000000e+00	4.13527130307069442e+01	1.37842376769023161e+02	3	0	0	-2.38750000000000000e+01	-2.38750000000000000e+01	-2.38750000000000000e+01	0	0	0
2.42302730354286799e+00	586	source_frame_correction	5.83267285784501488e-01	3.46579265825294303e-01	1.15526421941764768e+00	5	35	70	-3.12500000000000000e-02	-3.43750000000000000e-01	-3.12500000000000000e-02	31	26	31
2.42302730354286799e+00	586	Psi_RHS_Linf	4.81177254502887508e-01	4.70828724166230117e-01	1.56942908055410046e+00	5	48	96	-3.12500000000000000e-02	3.12500000000000000e-02	-4.68750000000000000e-01	31	0	24
2.42302730354286799e+00	586	Pi_RHS_Linf	1.63651976098292340e+00	4.70828724166230117e-01	1.56942908055410046e+00	5	35	70	-3.12500000000000000e-02	-3.12500000000000000e-02	-4.68750000000000000e-01	31	31	24
2.42302730354286799e+00	586	Phi_RHS_Linf	7.52952781007734884e-01	5.33085065913499356e-01	1.77695021971166467e+00	5	80	161	5.31250000000000000e-01	3.12500000000000000e-02	3.12500000000000000e-02	8	0	0
2.42302730354286799e+00	586	Hhat_RHS_Linf	0.00000000000000000e+00	4.13527130307069442e+01	1.37842376769023161e+02	3	0	0	-2.38750000000000000e+01	-2.38750000000000000e+01	-2.38750000000000000e+01	0	0	0
2.42302730354286799e+00	586	theta_RHS_Linf	0.00000000000000000e+00	4.13527130307069442e+01	1.37842376769023161e+02	3	0	0	-2.38750000000000000e+01	-2.38750000000000000e+01	-2.38750000000000000e+01	0	0	0
2.42302730354286799e+00	586	Upsilon_RHS_Linf	0.00000000000000000e+00	4.13527130307069442e+01	1.37842376769023161e+02	3	0	0	-2.38750000000000000e+01	-2.38750000000000000e+01	-2.38750000000000000e+01	0	0	0
2.42302730354286799e+00	586	chi_beta	3.26293719825441531e-01	5.47544233372975975e-01	1.82514744457658673e+00	5	80	161	9.37500000000000000e-02	9.37500000000000000e-02	5.31250000000000000e-01	1	1	8
2.42302730354286799e+00	586	chi_beta_near_r_lt_1	3.26293719825441531e-01	5.47544233372975975e-01	1.82514744457658673e+00	5	80	161	9.37500000000000000e-02	9.37500000000000000e-02	5.31250000000000000e-01	1	1	8
2.42302730354286799e+00	586	chi_beta_inner_r_lt_0p5	2.93071589059730297e-01	4.95093109929839348e-01	1.65031036643279783e+00	5	41	83	2.18750000000000000e-01	-2.81250000000000000e-01	-3.43750000000000000e-01	3	27	26
2.42302730354286799e+00	586	chi_beta_annulus_0p5_1	3.26293719825441531e-01	5.47544233372975975e-01	1.82514744457658673e+00	5	80	161	9.37500000000000000e-02	9.37500000000000000e-02	5.31250000000000000e-01	1	1	8
2.42302730354286799e+00	586	chi_beta_annulus_1_1p5	1.51972771027013370e-01	1.00146377243512918e+00	3.33821257478376410e+00	5	67	135	5.93750000000000000e-01	-4.68750000000000000e-01	6.56250000000000000e-01	9	24	10
2.42302730354286799e+00	586	chi_beta_annulus_1p5_2	8.20300572847596776e-02	1.50097624481535341e+00	5.00325414938451196e+00	5	35	70	-1.46875000000000000e+00	-2.18750000000000000e-01	-2.18750000000000000e-01	8	28	28
2.42302730354286799e+00	586	chi_beta_outer_r_ge_2	5.11958494510942955e-02	2.00073228781363932e+00	6.66910762604546470e+00	5	41	83	8.43750000000000000e-01	-1.34375000000000000e+00	-1.21875000000000000e+00	13	10	12
2.42302730354286799e+00	586	chi_beta_first_ge_1	0.00000000000000000e+00	inf	0.00000000000000000e+00	0	0	0	0.00000000000000000e+00	0.00000000000000000e+00	0.00000000000000000e+00	0	0	0
2.44365741407802028e+00	591	reference_Ricci	3.65825528240975961e+00	4.27337322849291990e-01	1.42445774283097326e+00	5	35	70	-9.37500000000000000e-02	-9.37500000000000000e-02	-4.06250000000000000e-01	30	30	25
2.44365741407802028e+00	591	reference_Riemann	5.06805906078414115e+00	4.18096505008114128e-01	1.39365501669371383e+00	5	35	70	-2.18750000000000000e-01	-2.18750000000000000e-01	-2.81250000000000000e-01	28	28	27
2.44365741407802028e+00	591	spin_connection	1.65405361977437004e+00	4.27337322849291990e-01	1.42445774283097326e+00	5	35	70	-1.56250000000000000e-01	-2.81250000000000000e-01	-2.81250000000000000e-01	29	27	27
2.44365741407802028e+00	591	spin_derivative	4.09890447045182871e+00	4.27337322849291990e-01	1.42445774283097326e+00	5	35	70	-9.37500000000000000e-02	-9.37500000000000000e-02	-4.06250000000000000e-01	30	30	25
2.44365741407802028e+00	591	Psi	2.37871782544230248e+00	4.70828724166230117e-01	1.56942908055410046e+00	5	35	70	-4.68750000000000000e-01	-3.12500000000000000e-02	-3.12500000000000000e-02	24	31	31
2.44365741407802028e+00	591	Q	2.98559101544388161e+00	4.36382501367779396e-01	1.45460833789259802e+00	5	48	96	-1.56250000000000000e-01	4.06250000000000000e-01	-3.12500000000000000e-02	29	6	31
2.44365741407802028e+00	591	Delta	2.15530889247867874e+00	4.36382501367779396e-01	1.45460833789259802e+00	5	41	83	1.56250000000000000e-01	-4.06250000000000000e-01	-3.12500000000000000e-02	2	25	31
2.44365741407802028e+00	591	Pi	2.47650696201682630e+00	4.36382501367779396e-01	1.45460833789259802e+00	5	54	109	1.56250000000000000e-01	3.12500000000000000e-02	-4.06250000000000000e-01	2	0	25
2.44365741407802028e+00	591	Phi	7.54690408341683994e-01	3.89059362437147893e-01	1.29686454145715979e+00	5	35	70	-9.37500000000000000e-02	-3.43750000000000000e-01	-1.56250000000000000e-01	30	26	29
2.44365741407802028e+00	591	GH_constraint	2.37154206578000862e-02	6.08372572935368283e-01	2.02790857645122768e+00	5	74	148	-5.93750000000000000e-01	9.37500000000000000e-02	9.37500000000000000e-02	22	1	1
2.44365741407802028e+00	591	reduction_constraint	2.74064370525575448e-03	4.70828724166230117e-01	1.56942908055410046e+00	5	80	161	4.68750000000000000e-01	3.12500000000000000e-02	3.12500000000000000e-02	7	0	0
2.44365741407802028e+00	591	curl_constraint	4.97203808032265354e-02	3.68432066329737351e-01	1.22810688776579124e+00	5	74	148	-9.37500000000000000e-02	9.37500000000000000e-02	3.43750000000000000e-01	30	1	5
2.44365741407802028e+00	591	source_curvature	7.49381421954687887e+00	4.36382501367779396e-01	1.45460833789259802e+00	5	41	83	3.12500000000000000e-02	-4.06250000000000000e-01	-1.56250000000000000e-01	0	25	29
2.44365741407802028e+00	591	source_QQ	6.90656545942413214e+00	4.36382501367779396e-01	1.45460833789259802e+00	5	54	109	1.56250000000000000e-01	3.12500000000000000e-02	-4.06250000000000000e-01	2	0	25
2.44365741407802028e+00	591	source_DeltaDelta	3.55670223197602198e+00	4.36382501367779396e-01	1.45460833789259802e+00	5	35	70	-4.06250000000000000e-01	-3.12500000000000000e-02	-1.56250000000000000e-01	25	31	29
2.44365741407802028e+00	591	source_damping	0.00000000000000000e+00	4.13527130307069442e+01	1.37842376769023161e+02	3	0	0	-2.38750000000000000e+01	-2.38750000000000000e+01	-2.38750000000000000e+01	0	0	0
2.44365741407802028e+00	591	source_frame_correction	5.93320990406868809e-01	3.46579265825294303e-01	1.15526421941764768e+00	5	35	70	-3.12500000000000000e-02	-3.43750000000000000e-01	-3.12500000000000000e-02	31	26	31
2.44365741407802028e+00	591	Psi_RHS_Linf	4.91701679570951011e-01	4.70828724166230117e-01	1.56942908055410046e+00	5	48	96	-3.12500000000000000e-02	3.12500000000000000e-02	-4.68750000000000000e-01	31	0	24
2.44365741407802028e+00	591	Pi_RHS_Linf	1.66078620042819369e+00	4.70828724166230117e-01	1.56942908055410046e+00	5	35	70	-3.12500000000000000e-02	-3.12500000000000000e-02	-4.68750000000000000e-01	31	31	24
2.44365741407802028e+00	591	Phi_RHS_Linf	7.74198388462958742e-01	5.33085065913499356e-01	1.77695021971166467e+00	5	61	122	-3.12500000000000000e-02	-3.12500000000000000e-02	5.31250000000000000e-01	31	31	8
2.44365741407802028e+00	591	Hhat_RHS_Linf	0.00000000000000000e+00	4.13527130307069442e+01	1.37842376769023161e+02	3	0	0	-2.38750000000000000e+01	-2.38750000000000000e+01	-2.38750000000000000e+01	0	0	0
2.44365741407802028e+00	591	theta_RHS_Linf	0.00000000000000000e+00	4.13527130307069442e+01	1.37842376769023161e+02	3	0	0	-2.38750000000000000e+01	-2.38750000000000000e+01	-2.38750000000000000e+01	0	0	0
2.44365741407802028e+00	591	Upsilon_RHS_Linf	0.00000000000000000e+00	4.13527130307069442e+01	1.37842376769023161e+02	3	0	0	-2.38750000000000000e+01	-2.38750000000000000e+01	-2.38750000000000000e+01	0	0	0
2.44365741407802028e+00	591	chi_beta	3.33072743936170423e-01	5.47544233372975975e-01	1.82514744457658673e+00	5	41	83	9.37500000000000000e-02	-9.37500000000000000e-02	-5.31250000000000000e-01	1	30	23
2.44365741407802028e+00	591	chi_beta_near_r_lt_1	3.33072743936170423e-01	5.47544233372975975e-01	1.82514744457658673e+00	5	41	83	9.37500000000000000e-02	-9.37500000000000000e-02	-5.31250000000000000e-01	1	30	23
2.44365741407802028e+00	591	chi_beta_inner_r_lt_0p5	2.99036946775518342e-01	4.95093109929839348e-01	1.65031036643279783e+00	5	61	122	-2.81250000000000000e-01	-2.18750000000000000e-01	3.43750000000000000e-01	27	28	5
2.44365741407802028e+00	591	chi_beta_annulus_0p5_1	3.33072743936170423e-01	5.47544233372975975e-01	1.82514744457658673e+00	5	41	83	9.37500000000000000e-02	-9.37500000000000000e-02	-5.31250000000000000e-01	1	30	23
2.44365741407802028e+00	591	chi_beta_annulus_1_1p5	1.55235595816833771e-01	1.00146377243512918e+00	3.33821257478376410e+00	5	67	135	5.93750000000000000e-01	-4.68750000000000000e-01	6.56250000000000000e-01	9	24	10
2.44365741407802028e+00	591	chi_beta_annulus_1p5_2	8.37848213996365554e-02	1.50097624481535341e+00	5.00325414938451196e+00	5	61	122	-2.18750000000000000e-01	-2.18750000000000000e-01	1.46875000000000000e+00	28	28	23
2.44365741407802028e+00	591	chi_beta_outer_r_ge_2	5.22831120375246636e-02	2.00073228781363932e+00	6.66910762604546470e+00	5	48	96	-1.34375000000000000e+00	8.43750000000000000e-01	-1.21875000000000000e+00	10	13	12
2.44365741407802028e+00	591	chi_beta_first_ge_1	0.00000000000000000e+00	inf	0.00000000000000000e+00	0	0	0	0.00000000000000000e+00	0.00000000000000000e+00	0.00000000000000000e+00	0	0	0
2.46016059862931646e+00	595	reference_Ricci	3.65937845204652445e+00	4.27337322849291990e-01	1.42445774283097326e+00	5	35	70	-9.37500000000000000e-02	-9.37500000000000000e-02	-4.06250000000000000e-01	30	30	25
2.46016059862931646e+00	595	reference_Riemann	5.07636632725581194e+00	4.18096505008114128e-01	1.39365501669371383e+00	5	35	70	-9.37500000000000000e-02	-2.18750000000000000e-01	-3.43750000000000000e-01	30	28	26
2.46016059862931646e+00	595	spin_connection	1.66260875341276959e+00	4.27337322849291990e-01	1.42445774283097326e+00	5	35	70	-2.81250000000000000e-01	-2.81250000000000000e-01	-1.56250000000000000e-01	27	27	29
2.46016059862931646e+00	595	spin_derivative	4.12426750978698653e+00	4.27337322849291990e-01	1.42445774283097326e+00	5	35	70	-2.81250000000000000e-01	-2.81250000000000000e-01	-1.56250000000000000e-01	27	27	29
2.46016059862931646e+00	595	Psi	2.38748492546505764e+00	4.70828724166230117e-01	1.56942908055410046e+00	5	35	70	-4.68750000000000000e-01	-3.12500000000000000e-02	-3.12500000000000000e-02	24	31	31
2.46016059862931646e+00	595	Q	3.03698381956057073e+00	4.36382501367779396e-01	1.45460833789259802e+00	5	35	70	-3.12500000000000000e-02	-4.06250000000000000e-01	-1.56250000000000000e-01	31	25	29
2.46016059862931646e+00	595	Delta	2.19267260206203440e+00	4.36382501367779396e-01	1.45460833789259802e+00	5	41	83	1.56250000000000000e-01	-4.06250000000000000e-01	-3.12500000000000000e-02	2	25	31
2.46016059862931646e+00	595	Pi	2.51195264258283490e+00	4.36382501367779396e-01	1.45460833789259802e+00	5	35	70	-3.12500000000000000e-02	-4.06250000000000000e-01	-1.56250000000000000e-01	31	25	29
2.46016059862931646e+00	595	Phi	7.72273201460010217e-01	3.89059362437147893e-01	1.29686454145715979e+00	5	35	70	-3.43750000000000000e-01	-9.37500000000000000e-02	-1.56250000000000000e-01	26	30	29
2.46016059862931646e+00	595	GH_constraint	2.39793782823577509e-02	6.08372572935368283e-01	2.02790857645122768e+00	5	74	148	-5.93750000000000000e-01	9.37500000000000000e-02	9.37500000000000000e-02	22	1	1
2.46016059862931646e+00	595	reduction_constraint	2.82666118453927129e-03	4.70828724166230117e-01	1.56942908055410046e+00	5	35	70	-4.68750000000000000e-01	-3.12500000000000000e-02	-3.12500000000000000e-02	24	31	31
2.46016059862931646e+00	595	curl_constraint	5.11083219245157955e-02	3.68432066329737351e-01	1.22810688776579124e+00	5	74	148	-9.37500000000000000e-02	9.37500000000000000e-02	3.43750000000000000e-01	30	1	5
2.46016059862931646e+00	595	source_curvature	7.50022069438680283e+00	4.36382501367779396e-01	1.45460833789259802e+00	5	35	70	-1.56250000000000000e-01	-3.12500000000000000e-02	-4.06250000000000000e-01	29	31	25
2.46016059862931646e+00	595	source_QQ	7.06816787507118693e+00	4.36382501367779396e-01	1.45460833789259802e+00	5	41	83	3.12500000000000000e-02	-4.06250000000000000e-01	-1.56250000000000000e-01	0	25	29
2.46016059862931646e+00	595	source_DeltaDelta	3.63970234300138173e+00	4.36382501367779396e-01	1.45460833789259802e+00	5	35	70	-4.06250000000000000e-01	-3.12500000000000000e-02	-1.56250000000000000e-01	25	31	29
2.46016059862931646e+00	595	source_damping	0.00000000000000000e+00	4.13527130307069442e+01	1.37842376769023161e+02	3	0	0	-2.38750000000000000e+01	-2.38750000000000000e+01	-2.38750000000000000e+01	0	0	0
2.46016059862931646e+00	595	source_frame_correction	6.01501030390340752e-01	3.46579265825294303e-01	1.15526421941764768e+00	5	35	70	-3.12500000000000000e-02	-3.43750000000000000e-01	-3.12500000000000000e-02	31	26	31
2.46016059862931646e+00	595	Psi_RHS_Linf	5.00267064573063247e-01	4.70828724166230117e-01	1.56942908055410046e+00	5	61	122	-3.12500000000000000e-02	-3.12500000000000000e-02	4.68750000000000000e-01	31	31	7
2.46016059862931646e+00	595	Pi_RHS_Linf	1.68058120127060895e+00	4.70828724166230117e-01	1.56942908055410046e+00	5	35	70	-3.12500000000000000e-02	-3.12500000000000000e-02	-4.68750000000000000e-01	31	31	24
2.46016059862931646e+00	595	Phi_RHS_Linf	7.91581849598037901e-01	5.33085065913499356e-01	1.77695021971166467e+00	5	80	161	5.31250000000000000e-01	3.12500000000000000e-02	3.12500000000000000e-02	8	0	0
2.46016059862931646e+00	595	Hhat_RHS_Linf	0.00000000000000000e+00	4.13527130307069442e+01	1.37842376769023161e+02	3	0	0	-2.38750000000000000e+01	-2.38750000000000000e+01	-2.38750000000000000e+01	0	0	0
2.46016059862931646e+00	595	theta_RHS_Linf	0.00000000000000000e+00	4.13527130307069442e+01	1.37842376769023161e+02	3	0	0	-2.38750000000000000e+01	-2.38750000000000000e+01	-2.38750000000000000e+01	0	0	0
2.46016059862931646e+00	595	Upsilon_RHS_Linf	0.00000000000000000e+00	4.13527130307069442e+01	1.37842376769023161e+02	3	0	0	-2.38750000000000000e+01	-2.38750000000000000e+01	-2.38750000000000000e+01	0	0	0
2.46016059862931646e+00	595	chi_beta	3.38543608692794706e-01	5.47544233372975975e-01	1.82514744457658673e+00	5	61	122	-9.37500000000000000e-02	-5.31250000000000000e-01	9.37500000000000000e-02	30	23	1
2.46016059862931646e+00	595	chi_beta_near_r_lt_1	3.38543608692794706e-01	5.47544233372975975e-01	1.82514744457658673e+00	5	61	122	-9.37500000000000000e-02	-5.31250000000000000e-01	9.37500000000000000e-02	30	23	1
2.46016059862931646e+00	595	chi_beta_inner_r_lt_0p5	3.03848630821155596e-01	4.95093109929839348e-01	1.65031036643279783e+00	5	74	148	-3.43750000000000000e-01	2.18750000000000000e-01	2.81250000000000000e-01	26	3	4
2.46016059862931646e+00	595	chi_beta_annulus_0p5_1	3.38543608692794706e-01	5.47544233372975975e-01	1.82514744457658673e+00	5	61	122	-9.37500000000000000e-02	-5.31250000000000000e-01	9.37500000000000000e-02	30	23	1
2.46016059862931646e+00	595	chi_beta_annulus_1_1p5	1.57870597992616851e-01	1.00146377243512918e+00	3.33821257478376410e+00	5	67	135	5.93750000000000000e-01	-4.68750000000000000e-01	6.56250000000000000e-01	9	24	10
2.46016059862931646e+00	595	chi_beta_annulus_1p5_2	8.52018272642674213e-02	1.50097624481535341e+00	5.00325414938451196e+00	5	61	122	-2.18750000000000000e-01	-2.18750000000000000e-01	1.46875000000000000e+00	28	28	23
2.46016059862931646e+00	595	chi_beta_outer_r_ge_2	5.31609305642457841e-02	2.00073228781363932e+00	6.66910762604546470e+00	5	48	96	-1.34375000000000000e+00	8.43750000000000000e-01	-1.21875000000000000e+00	10	13	12
2.46016059862931646e+00	595	chi_beta_first_ge_1	0.00000000000000000e+00	inf	0.00000000000000000e+00	0	0	0	0.00000000000000000e+00	0.00000000000000000e+00	0.00000000000000000e+00	0	0	0
2.48078843959913176e+00	600	reference_Ricci	3.65980270584244005e+00	4.27337322849291990e-01	1.42445774283097326e+00	5	35	70	-1.56250000000000000e-01	-2.81250000000000000e-01	-2.81250000000000000e-01	29	27	27
2.48078843959913176e+00	600	reference_Riemann	5.08542322561587934e+00	4.18096505008114128e-01	1.39365501669371383e+00	5	35	70	-3.43750000000000000e-01	-9.37500000000000000e-02	-2.18750000000000000e-01	26	30	28
2.48078843959913176e+00	600	spin_connection	1.67348027019719847e+00	4.27337322849291990e-01	1.42445774283097326e+00	5	35	70	-1.56250000000000000e-01	-2.81250000000000000e-01	-2.81250000000000000e-01	29	27	27
2.48078843959913176e+00	600	spin_derivative	4.15565768740728636e+00	4.27337322849291990e-01	1.42445774283097326e+00	5	35	70	-2.81250000000000000e-01	-1.56250000000000000e-01	-2.81250000000000000e-01	27	29	27
2.48078843959913176e+00	600	Psi	2.39866934428133138e+00	4.70828724166230117e-01	1.56942908055410046e+00	5	48	96	-3.12500000000000000e-02	3.12500000000000000e-02	-4.68750000000000000e-01	31	0	24
2.48078843959913176e+00	600	Q	3.10218949433132574e+00	4.36382501367779396e-01	1.45460833789259802e+00	5	41	83	1.56250000000000000e-01	-4.06250000000000000e-01	-3.12500000000000000e-02	2	25	31
2.48078843959913176e+00	600	Delta	2.24011029413945062e+00	4.36382501367779396e-01	1.45460833789259802e+00	5	61	122	-1.56250000000000000e-01	-4.06250000000000000e-01	3.12500000000000000e-02	29	25	0
2.48078843959913176e+00	600	Pi	2.55662049078011577e+00	4.36382501367779396e-01	1.45460833789259802e+00	5	54	109	1.56250000000000000e-01	3.12500000000000000e-02	-4.06250000000000000e-01	2	0	25
2.48078843959913176e+00	600	Phi	7.94697686579331708e-01	3.89059362437147893e-01	1.29686454145715979e+00	5	54	109	3.43750000000000000e-01	9.37500000000000000e-02	-1.56250000000000000e-01	5	1	29
2.48078843959913176e+00	600	GH_constraint	2.43144015843180898e-02	6.08372572935368283e-01	2.02790857645122768e+00	5	80	161	5.93750000000000000e-01	9.37500000000000000e-02	9.37500000000000000e-02	9	1	1
2.48078843959913176e+00	600	reduction_constraint	2.93726337905152179e-03	4.70828724166230117e-01	1.56942908055410046e+00	5	35	70	-4.68750000000000000e-01	-3.12500000000000000e-02	-3.12500000000000000e-02	24	31	31
2.48078843959913176e+00	600	curl_constraint	5.28910829954257894e-02	3.68432066329737351e-01	1.22810688776579124e+00	5	61	122	-9.37500000000000000e-02	-9.37500000000000000e-02	3.43750000000000000e-01	30	30	5
2.48078843959913176e+00	600	source_curvature	7.50644238846397904e+00	4.36382501367779396e-01	1.45460833789259802e+00	5	35	70	-1.56250000000000000e-01	-3.12500000000000000e-02	-4.06250000000000000e-01	29	31	25
2.48078843959913176e+00	600	source_QQ	7.27302824428951489e+00	4.36382501367779396e-01	1.45460833789259802e+00	5	41	83	1.56250000000000000e-01	-4.06250000000000000e-01	-3.12500000000000000e-02	2	25	31
2.48078843959913176e+00	600	source_DeltaDelta	3.74491604619233565e+00	4.36382501367779396e-01	1.45460833789259802e+00	5	41	83	1.56250000000000000e-01	-4.06250000000000000e-01	-3.12500000000000000e-02	2	25	31
2.48078843959913176e+00	600	source_damping	0.00000000000000000e+00	4.13527130307069442e+01	1.37842376769023161e+02	3	0	0	-2.38750000000000000e+01	-2.38750000000000000e+01	-2.38750000000000000e+01	0	0	0
2.48078843959913176e+00	600	source_frame_correction	6.11900997346526365e-01	3.46579265825294303e-01	1.15526421941764768e+00	5	48	96	-3.12500000000000000e-02	3.43750000000000000e-01	-3.12500000000000000e-02	31	5	31
2.48078843959913176e+00	600	Psi_RHS_Linf	5.11160160133090180e-01	4.70828724166230117e-01	1.56942908055410046e+00	5	35	70	-4.68750000000000000e-01	-3.12500000000000000e-02	-3.12500000000000000e-02	24	31	31
2.48078843959913176e+00	600	Pi_RHS_Linf	1.70582384891540184e+00	4.70828724166230117e-01	1.56942908055410046e+00	5	48	96	-3.12500000000000000e-02	4.68750000000000000e-01	-3.12500000000000000e-02	31	7	31
2.48078843959913176e+00	600	Phi_RHS_Linf	8.13809888179776619e-01	5.33085065913499356e-01	1.77695021971166467e+00	5	61	122	-5.31250000000000000e-01	-3.12500000000000000e-02	3.12500000000000000e-02	23	31	0
2.48078843959913176e+00	600	Hhat_RHS_Linf	0.00000000000000000e+00	4.13527130307069442e+01	1.37842376769023161e+02	3	0	0	-2.38750000000000000e+01	-2.38750000000000000e+01	-2.38750000000000000e+01	0	0	0
2.48078843959913176e+00	600	theta_RHS_Linf	0.00000000000000000e+00	4.13527130307069442e+01	1.37842376769023161e+02	3	0	0	-2.38750000000000000e+01	-2.38750000000000000e+01	-2.38750000000000000e+01	0	0	0
2.48078843959913176e+00	600	Upsilon_RHS_Linf	0.00000000000000000e+00	4.13527130307069442e+01	1.37842376769023161e+02	3	0	0	-2.38750000000000000e+01	-2.38750000000000000e+01	-2.38750000000000000e+01	0	0	0
2.48078843959913176e+00	600	chi_beta	3.45441368691895123e-01	5.47544233372975975e-01	1.82514744457658673e+00	5	61	122	-9.37500000000000000e-02	-9.37500000000000000e-02	5.31250000000000000e-01	30	30	8
2.48078843959913176e+00	600	chi_beta_near_r_lt_1	3.45441368691895123e-01	5.47544233372975975e-01	1.82514744457658673e+00	5	61	122	-9.37500000000000000e-02	-9.37500000000000000e-02	5.31250000000000000e-01	30	30	8
2.48078843959913176e+00	600	chi_beta_inner_r_lt_0p5	3.09912206456249395e-01	4.95093109929839348e-01	1.65031036643279783e+00	5	41	83	2.18750000000000000e-01	-2.81250000000000000e-01	-3.43750000000000000e-01	3	27	26
2.48078843959913176e+00	600	chi_beta_annulus_0p5_1	3.45441368691895123e-01	5.47544233372975975e-01	1.82514744457658673e+00	5	61	122	-9.37500000000000000e-02	-9.37500000000000000e-02	5.31250000000000000e-01	30	30	8
2.48078843959913176e+00	600	chi_beta_annulus_1_1p5	1.61195016030267729e-01	1.00146377243512918e+00	3.33821257478376410e+00	5	74	148	-6.56250000000000000e-01	5.93750000000000000e-01	4.68750000000000000e-01	21	9	7
2.48078843959913176e+00	600	chi_beta_annulus_1p5_2	8.69894270271574788e-02	1.50097624481535341e+00	5.00325414938451196e+00	5	48	96	-1.46875000000000000e+00	2.18750000000000000e-01	-2.18750000000000000e-01	8	3	28
2.48078843959913176e+00	600	chi_beta_outer_r_ge_2	5.42681230068184084e-02	2.00073228781363932e+00	6.66910762604546470e+00	5	41	83	8.43750000000000000e-01	-1.34375000000000000e+00	-1.21875000000000000e+00	13	10	12
2.48078843959913176e+00	600	chi_beta_first_ge_1	0.00000000000000000e+00	inf	0.00000000000000000e+00	0	0	0	0.00000000000000000e+00	0.00000000000000000e+00	0.00000000000000000e+00	0	0	0
2.50141500333537348e+00	605	reference_Ricci	3.65912967607569861e+00	4.27337322849291990e-01	1.42445774283097326e+00	5	35	70	-9.37500000000000000e-02	-9.37500000000000000e-02	-4.06250000000000000e-01	30	30	25
2.50141500333537348e+00	605	reference_Riemann	5.09298775120775460e+00	4.18096505008114128e-01	1.39365501669371383e+00	5	35	70	-3.12500000000000000e-02	-9.37500000000000000e-02	-4.06250000000000000e-01	31	30	25
2.50141500333537348e+00	605	spin_connection	1.68454847841490452e+00	4.27337322849291990e-01	1.42445774283097326e+00	5	35	70	-1.56250000000000000e-01	-2.81250000000000000e-01	-2.81250000000000000e-01	29	27	27
2.50141500333537348e+00	605	spin_derivative	4.18669446432822756e+00	4.27337322849291990e-01	1.42445774283097326e+00	5	35	70	-9.37500000000000000e-02	-9.37500000000000000e-02	-4.06250000000000000e-01	30	30	25
2.50141500333537348e+00	605	Psi	2.41010864074283049e+00	4.70828724166230117e-01	1.56942908055410046e+00	5	35	70	-4.68750000000000000e-01	-3.12500000000000000e-02	-3.12500000000000000e-02	24	31	31
2.50141500333537348e+00	605	Q	3.16848099152235774e+00	4.36382501367779396e-01	1.45460833789259802e+00	5	35	70	-4.06250000000000000e-01	-1.56250000000000000e-01	-3.12500000000000000e-02	25	29	31
2.50141500333537348e+00	605	Delta	2.28837463184240875e+00	4.36382501367779396e-01	1.45460833789259802e+00	5	35	70	-4.06250000000000000e-01	-1.56250000000000000e-01	-3.12500000000000000e-02	25	29	31
2.50141500333537348e+00	605	Pi	2.60168657827909344e+00	4.36382501367779396e-01	1.45460833789259802e+00	5	35	70	-3.12500000000000000e-02	-4.06250000000000000e-01	-1.56250000000000000e-01	31	25	29
2.50141500333537348e+00	605	Phi	8.17625447213925605e-01	3.89059362437147893e-01	1.29686454145715979e+00	5	35	70	-3.43750000000000000e-01	-9.37500000000000000e-02	-1.56250000000000000e-01	26	30	29
2.50141500333537348e+00	605	GH_constraint	2.46550498989827789e-02	6.08372572935368283e-01	2.02790857645122768e+00	5	80	161	5.93750000000000000e-01	9.37500000000000000e-02	9.37500000000000000e-02	9	1	1
2.50141500333537348e+00	605	reduction_constraint	3.05137356694105532e-03	4.70828724166230117e-01	1.56942908055410046e+00	5	35	70	-4.68750000000000000e-01	-3.12500000000000000e-02	-3.12500000000000000e-02	24	31	31
2.50141500333537348e+00	605	curl_constraint	5.47284265028144951e-02	3.68432066329737351e-01	1.22810688776579124e+00	5	61	122	-9.37500000000000000e-02	-9.37500000000000000e-02	3.43750000000000000e-01	30	30	5
2.50141500333537348e+00	605	source_curvature	7.51067517256103567e+00	4.36382501367779396e-01	1.45460833789259802e+00	5	67	135	3.12500000000000000e-02	-4.06250000000000000e-01	1.56250000000000000e-01	0	25	2
2.50141500333537348e+00	605	source_QQ	7.48103278172167219e+00	4.36382501367779396e-01	1.45460833789259802e+00	5	35	70	-4.06250000000000000e-01	-1.56250000000000000e-01	-3.12500000000000000e-02	25	29	31
2.50141500333537348e+00	605	source_DeltaDelta	3.85173684796818483e+00	4.36382501367779396e-01	1.45460833789259802e+00	5	35	70	-4.06250000000000000e-01	-1.56250000000000000e-01	-3.12500000000000000e-02	25	29	31
2.50141500333537348e+00	605	source_damping	0.00000000000000000e+00	4.13527130307069442e+01	1.37842376769023161e+02	3	0	0	-2.38750000000000000e+01	-2.38750000000000000e+01	-2.38750000000000000e+01	0	0	0
2.50141500333537348e+00	605	source_frame_correction	6.22499377691994593e-01	3.46579265825294303e-01	1.15526421941764768e+00	5	48	96	-3.12500000000000000e-02	3.43750000000000000e-01	-3.12500000000000000e-02	31	5	31
2.50141500333537348e+00	605	Psi_RHS_Linf	5.22265000596828233e-01	4.70828724166230117e-01	1.56942908055410046e+00	5	41	83	4.68750000000000000e-01	-3.12500000000000000e-02	-3.12500000000000000e-02	7	31	31
2.50141500333537348e+00	605	Pi_RHS_Linf	1.73164603025636099e+00	4.70828724166230117e-01	1.56942908055410046e+00	5	67	135	3.12500000000000000e-02	-4.68750000000000000e-01	3.12500000000000000e-02	0	24	0
2.50141500333537348e+00	605	Phi_RHS_Linf	8.36609437526443678e-01	5.33085065913499356e-01	1.77695021971166467e+00	5	48	96	-3.12500000000000000e-02	3.12500000000000000e-02	-5.31250000000000000e-01	31	0	23
2.50141500333537348e+00	605	Hhat_RHS_Linf	0.00000000000000000e+00	4.13527130307069442e+01	1.37842376769023161e+02	3	0	0	-2.38750000000000000e+01	-2.38750000000000000e+01	-2.38750000000000000e+01	0	0	0
2.50141500333537348e+00	605	theta_RHS_Linf	0.00000000000000000e+00	4.13527130307069442e+01	1.37842376769023161e+02	3	0	0	-2.38750000000000000e+01	-2.38750000000000000e+01	-2.38750000000000000e+01	0	0	0
2.50141500333537348e+00	605	Upsilon_RHS_Linf	0.00000000000000000e+00	4.13527130307069442e+01	1.37842376769023161e+02	3	0	0	-2.38750000000000000e+01	-2.38750000000000000e+01	-2.38750000000000000e+01	0	0	0
2.50141500333537348e+00	605	chi_beta	3.52404453261208450e-01	5.47544233372975975e-01	1.82514744457658673e+00	5	61	122	-9.37500000000000000e-02	-5.31250000000000000e-01	9.37500000000000000e-02	30	23	1
2.50141500333537348e+00	605	chi_beta_near_r_lt_1	3.52404453261208450e-01	5.47544233372975975e-01	1.82514744457658673e+00	5	61	122	-9.37500000000000000e-02	-5.31250000000000000e-01	9.37500000000000000e-02	30	23	1
2.50141500333537348e+00	605	chi_beta_inner_r_lt_0p5	3.16029888839001682e-01	4.95093109929839348e-01	1.65031036643279783e+00	5	41	83	2.18750000000000000e-01	-2.81250000000000000e-01	-3.43750000000000000e-01	3	27	26
2.50141500333537348e+00	605	chi_beta_annulus_0p5_1	3.52404453261208450e-01	5.47544233372975975e-01	1.82514744457658673e+00	5	61	122	-9.37500000000000000e-02	-5.31250000000000000e-01	9.37500000000000000e-02	30	23	1
2.50141500333537348e+00	605	chi_beta_annulus_1_1p5	1.64553206548002762e-01	1.00146377243512918e+00	3.33821257478376410e+00	5	54	109	6.56250000000000000e-01	5.93750000000000000e-01	-4.68750000000000000e-01	10	9	24
2.50141500333537348e+00	605	chi_beta_annulus_1p5_2	8.87950132744467630e-02	1.50097624481535341e+00	5.00325414938451196e+00	5	61	122	-1.46875000000000000e+00	-2.18750000000000000e-01	2.18750000000000000e-01	8	28	3
2.50141500333537348e+00	605	chi_beta_outer_r_ge_2	5.53862330945419992e-02	2.00073228781363932e+00	6.66910762604546470e+00	5	48	96	-1.34375000000000000e+00	8.43750000000000000e-01	-1.21875000000000000e+00	10	13	12
2.50141500333537348e+00	605	chi_beta_first_ge_1	0.00000000000000000e+00	inf	0.00000000000000000e+00	0	0	0	0.00000000000000000e+00	0.00000000000000000e+00	0.00000000000000000e+00	0	0	0
2.52204027828213873e+00	610	reference_Ricci	3.65735044848080326e+00	4.27337322849291990e-01	1.42445774283097326e+00	5	35	70	-9.37500000000000000e-02	-9.37500000000000000e-02	-4.06250000000000000e-01	30	30	25
2.52204027828213873e+00	610	reference_Riemann	5.09904136646879369e+00	4.18096505008114128e-01	1.39365501669371383e+00	5	35	70	-2.18750000000000000e-01	-2.18750000000000000e-01	-2.81250000000000000e-01	28	28	27
2.52204027828213873e+00	610	spin_connection	1.69581258884927966e+00	4.27337322849291990e-01	1.42445774283097326e+00	5	35	70	-2.81250000000000000e-01	-2.81250000000000000e-01	-1.56250000000000000e-01	27	27	29
2.52204027828213873e+00	610	spin_derivative	4.21737273615553132e+00	4.27337322849291990e-01	1.42445774283097326e+00	5	35	70	-2.81250000000000000e-01	-1.56250000000000000e-01	-2.81250000000000000e-01	27	29	27
2.52204027828213873e+00	610	Psi	2.42180745669551634e+00	4.70828724166230117e-01	1.56942908055410046e+00	5	35	70	-4.68750000000000000e-01	-3.12500000000000000e-02	-3.12500000000000000e-02	24	31	31
2.52204027828213873e+00	610	Q	3.23587344367321128e+00	4.36382501367779396e-01	1.45460833789259802e+00	5	41	83	4.06250000000000000e-01	-1.56250000000000000e-01	-3.12500000000000000e-02	6	29	31
2.52204027828213873e+00	610	Delta	2.33747882781988370e+00	4.36382501367779396e-01	1.45460833789259802e+00	5	41	83	4.06250000000000000e-01	-1.56250000000000000e-01	-3.12500000000000000e-02	6	29	31
2.52204027828213873e+00	610	Pi	2.64714799102303822e+00	4.36382501367779396e-01	1.45460833789259802e+00	5	54	109	1.56250000000000000e-01	3.12500000000000000e-02	-4.06250000000000000e-01	2	0	25
2.52204027828213873e+00	610	Phi	8.41064833247609500e-01	3.89059362437147893e-01	1.29686454145715979e+00	5	54	109	3.43750000000000000e-01	9.37500000000000000e-02	-1.56250000000000000e-01	5	1	29
2.52204027828213873e+00	610	GH_constraint	2.50013209335139125e-02	6.08372572935368283e-01	2.02790857645122768e+00	5	80	161	5.93750000000000000e-01	9.37500000000000000e-02	9.37500000000000000e-02	9	1	1
2.52204027828213873e+00	610	reduction_constraint	3.16908579845676238e-03	4.70828724166230117e-01	1.56942908055410046e+00	5	35	70	-4.68750000000000000e-01	-3.12500000000000000e-02	-3.12500000000000000e-02	24	31	31
2.52204027828213873e+00	610	curl_constraint	5.66219230760158718e-02	3.68432066329737351e-01	1.22810688776579124e+00	5	61	122	-9.37500000000000000e-02	-9.37500000000000000e-02	3.43750000000000000e-01	30	30	5
2.52204027828213873e+00	610	source_curvature	7.51291692925239118e+00	4.36382501367779396e-01	1.45460833789259802e+00	5	54	109	1.56250000000000000e-01	4.06250000000000000e-01	-3.12500000000000000e-02	2	6	31
2.52204027828213873e+00	610	source_QQ	7.69214700673243268e+00	4.36382501367779396e-01	1.45460833789259802e+00	5	41	83	4.06250000000000000e-01	-1.56250000000000000e-01	-3.12500000000000000e-02	6	29	31
2.52204027828213873e+00	610	source_DeltaDelta	3.96014290951300874e+00	4.36382501367779396e-01	1.45460833789259802e+00	5	74	148	-4.06250000000000000e-01	1.56250000000000000e-01	3.12500000000000000e-02	25	2	0
2.52204027828213873e+00	610	source_damping	0.00000000000000000e+00	4.13527130307069442e+01	1.37842376769023161e+02	3	0	0	-2.38750000000000000e+01	-2.38750000000000000e+01	-2.38750000000000000e+01	0	0	0
2.52204027828213873e+00	610	source_frame_correction	6.33300626899458874e-01	3.46579265825294303e-01	1.15526421941764768e+00	5	35	70	-3.12500000000000000e-02	-3.43750000000000000e-01	-3.12500000000000000e-02	31	26	31
2.52204027828213873e+00	610	Psi_RHS_Linf	5.33586778351543223e-01	4.70828724166230117e-01	1.56942908055410046e+00	5	35	70	-4.68750000000000000e-01	-3.12500000000000000e-02	-3.12500000000000000e-02	24	31	31
2.52204027828213873e+00	610	Pi_RHS_Linf	1.75807612522313206e+00	4.70828724166230117e-01	1.56942908055410046e+00	5	41	83	3.12500000000000000e-02	-4.68750000000000000e-01	-3.12500000000000000e-02	0	24	31
2.52204027828213873e+00	610	Phi_RHS_Linf	8.59999941358304820e-01	5.33085065913499356e-01	1.77695021971166467e+00	5	61	122	-5.31250000000000000e-01	-3.12500000000000000e-02	3.12500000000000000e-02	23	31	0
2.52204027828213873e+00	610	Hhat_RHS_Linf	0.00000000000000000e+00	4.13527130307069442e+01	1.37842376769023161e+02	3	0	0	-2.38750000000000000e+01	-2.38750000000000000e+01	-2.38750000000000000e+01	0	0	0
2.52204027828213873e+00	610	theta_RHS_Linf	0.00000000000000000e+00	4.13527130307069442e+01	1.37842376769023161e+02	3	0	0	-2.38750000000000000e+01	-2.38750000000000000e+01	-2.38750000000000000e+01	0	0	0
2.52204027828213873e+00	610	Upsilon_RHS_Linf	0.00000000000000000e+00	4.13527130307069442e+01	1.37842376769023161e+02	3	0	0	-2.38750000000000000e+01	-2.38750000000000000e+01	-2.38750000000000000e+01	0	0	0
2.52204027828213873e+00	610	chi_beta	3.59432390557153703e-01	5.47544233372975975e-01	1.82514744457658673e+00	5	35	70	-9.37500000000000000e-02	-5.31250000000000000e-01	-9.37500000000000000e-02	30	23	30
2.52204027828213873e+00	610	chi_beta_near_r_lt_1	3.59432390557153703e-01	5.47544233372975975e-01	1.82514744457658673e+00	5	35	70	-9.37500000000000000e-02	-5.31250000000000000e-01	-9.37500000000000000e-02	30	23	30
2.52204027828213873e+00	610	chi_beta_inner_r_lt_0p5	3.22201354183386468e-01	4.95093109929839348e-01	1.65031036643279783e+00	5	54	109	2.81250000000000000e-01	2.18750000000000000e-01	-3.43750000000000000e-01	4	3	26
2.52204027828213873e+00	610	chi_beta_annulus_0p5_1	3.59432390557153703e-01	5.47544233372975975e-01	1.82514744457658673e+00	5	35	70	-9.37500000000000000e-02	-5.31250000000000000e-01	-9.37500000000000000e-02	30	23	30
2.52204027828213873e+00	610	chi_beta_annulus_1_1p5	1.67944839157214310e-01	1.00146377243512918e+00	3.33821257478376410e+00	5	61	122	-5.93750000000000000e-01	-6.56250000000000000e-01	4.68750000000000000e-01	22	21	7
2.52204027828213873e+00	610	chi_beta_annulus_1p5_2	9.06183974605014042e-02	1.50097624481535341e+00	5.00325414938451196e+00	5	61	122	-1.46875000000000000e+00	-2.18750000000000000e-01	2.18750000000000000e-01	8	28	3
2.52204027828213873e+00	610	chi_beta_outer_r_ge_2	5.65151471367520905e-02	2.00073228781363932e+00	6.66910762604546470e+00	5	48	96	-1.34375000000000000e+00	8.43750000000000000e-01	-1.21875000000000000e+00	10	13	12
2.52204027828213873e+00	610	chi_beta_first_ge_1	0.00000000000000000e+00	inf	0.00000000000000000e+00	0	0	0	0.00000000000000000e+00	0.00000000000000000e+00	0.00000000000000000e+00	0	0	0
2.54266425299068910e+00	615	reference_Ricci	3.65445656937872299e+00	4.27337322849291990e-01	1.42445774283097326e+00	5	35	70	-9.37500000000000000e-02	-9.37500000000000000e-02	-4.06250000000000000e-01	30	30	25
2.54266425299068910e+00	615	reference_Riemann	5.10356602178671181e+00	4.18096505008114128e-01	1.39365501669371383e+00	5	35	70	-2.81250000000000000e-01	-2.18750000000000000e-01	-2.18750000000000000e-01	27	28	28
2.54266425299068910e+00	615	spin_connection	1.70727170713895626e+00	4.27337322849291990e-01	1.42445774283097326e+00	5	35	70	-9.37500000000000000e-02	-4.06250000000000000e-01	-9.37500000000000000e-02	30	25	30
2.54266425299068910e+00	615	spin_derivative	4.24768758749788944e+00	4.27337322849291990e-01	1.42445774283097326e+00	5	35	70	-2.81250000000000000e-01	-1.56250000000000000e-01	-2.81250000000000000e-01	27	29	27
2.54266425299068910e+00	615	Psi	2.43377050100988201e+00	4.70828724166230117e-01	1.56942908055410046e+00	5	35	70	-4.68750000000000000e-01	-3.12500000000000000e-02	-3.12500000000000000e-02	24	31	31
2.54266425299068910e+00	615	Q	3.30438216613488578e+00	4.36382501367779396e-01	1.45460833789259802e+00	5	54	109	4.06250000000000000e-01	3.12500000000000000e-02	-1.56250000000000000e-01	6	0	29
2.54266425299068910e+00	615	Delta	2.38743631705809545e+00	4.36382501367779396e-01	1.45460833789259802e+00	5	80	161	1.56250000000000000e-01	4.06250000000000000e-01	3.12500000000000000e-02	2	6	0
2.54266425299068910e+00	615	Pi	2.69300167136499802e+00	4.36382501367779396e-01	1.45460833789259802e+00	5	35	70	-4.06250000000000000e-01	-3.12500000000000000e-02	-1.56250000000000000e-01	25	31	29
2.54266425299068910e+00	615	Phi	8.65024267126764723e-01	3.89059362437147893e-01	1.29686454145715979e+00	5	35	70	-3.43750000000000000e-01	-9.37500000000000000e-02	-1.56250000000000000e-01	26	30	29
2.54266425299068910e+00	615	GH_constraint	2.53532304357088692e-02	6.08372572935368283e-01	2.02790857645122768e+00	5	80	161	5.93750000000000000e-01	9.37500000000000000e-02	9.37500000000000000e-02	9	1	1
2.54266425299068910e+00	615	reduction_constraint	3.29049694545416370e-03	4.70828724166230117e-01	1.56942908055410046e+00	5	35	70	-4.68750000000000000e-01	-3.12500000000000000e-02	-3.12500000000000000e-02	24	31	31
2.54266425299068910e+00	615	curl_constraint	5.85731805528800012e-02	3.68432066329737351e-01	1.22810688776579124e+00	5	61	122	-9.37500000000000000e-02	-9.37500000000000000e-02	3.43750000000000000e-01	30	30	5
2.54266425299068910e+00	615	source_curvature	7.51316798168437128e+00	4.36382501367779396e-01	1.45460833789259802e+00	5	35	70	-3.12500000000000000e-02	-1.56250000000000000e-01	-4.06250000000000000e-01	31	29	25
2.54266425299068910e+00	615	source_QQ	7.90633488496006098e+00	4.36382501367779396e-01	1.45460833789259802e+00	5	35	70	-1.56250000000000000e-01	-3.12500000000000000e-02	-4.06250000000000000e-01	29	31	25
2.54266425299068910e+00	615	source_DeltaDelta	4.07011095488946317e+00	4.36382501367779396e-01	1.45460833789259802e+00	5	35	70	-1.56250000000000000e-01	-3.12500000000000000e-02	-4.06250000000000000e-01	29	31	25
2.54266425299068910e+00	615	source_damping	0.00000000000000000e+00	4.13527130307069442e+01	1.37842376769023161e+02	3	0	0	-2.38750000000000000e+01	-2.38750000000000000e+01	-2.38750000000000000e+01	0	0	0
2.54266425299068910e+00	615	source_frame_correction	6.44309315543015626e-01	3.46579265825294303e-01	1.15526421941764768e+00	5	48	96	-3.12500000000000000e-02	3.43750000000000000e-01	-3.12500000000000000e-02	31	5	31
2.54266425299068910e+00	615	Psi_RHS_Linf	5.45130890614722863e-01	4.70828724166230117e-01	1.56942908055410046e+00	5	41	83	4.68750000000000000e-01	-3.12500000000000000e-02	-3.12500000000000000e-02	7	31	31
2.54266425299068910e+00	615	Pi_RHS_Linf	1.78514403625982898e+00	4.70828724166230117e-01	1.56942908055410046e+00	5	35	70	-3.12500000000000000e-02	-3.12500000000000000e-02	-4.68750000000000000e-01	31	31	24
2.54266425299068910e+00	615	Phi_RHS_Linf	8.84001742447499850e-01	5.33085065913499356e-01	1.77695021971166467e+00	5	80	161	5.31250000000000000e-01	3.12500000000000000e-02	3.12500000000000000e-02	8	0	0
2.54266425299068910e+00	615	Hhat_RHS_Linf	0.00000000000000000e+00	4.13527130307069442e+01	1.37842376769023161e+02	3	0	0	-2.38750000000000000e+01	-2.38750000000000000e+01	-2.38750000000000000e+01	0	0	0
2.54266425299068910e+00	615	theta_RHS_Linf	0.00000000000000000e+00	4.13527130307069442e+01	1.37842376769023161e+02	3	0	0	-2.38750000000000000e+01	-2.38750000000000000e+01	-2.38750000000000000e+01	0	0	0
2.54266425299068910e+00	615	Upsilon_RHS_Linf	0.00000000000000000e+00	4.13527130307069442e+01	1.37842376769023161e+02	3	0	0	-2.38750000000000000e+01	-2.38750000000000000e+01	-2.38750000000000000e+01	0	0	0
2.54266425299068910e+00	615	chi_beta	3.66524696599017097e-01	5.47544233372975975e-01	1.82514744457658673e+00	5	41	83	9.37500000000000000e-02	-9.37500000000000000e-02	-5.31250000000000000e-01	1	30	23
2.54266425299068910e+00	615	chi_beta_near_r_lt_1	3.66524696599017097e-01	5.47544233372975975e-01	1.82514744457658673e+00	5	41	83	9.37500000000000000e-02	-9.37500000000000000e-02	-5.31250000000000000e-01	1	30	23
2.54266425299068910e+00	615	chi_beta_inner_r_lt_0p5	3.28426282185917684e-01	4.95093109929839348e-01	1.65031036643279783e+00	5	61	122	-3.43750000000000000e-01	-2.81250000000000000e-01	2.18750000000000000e-01	26	27	3
2.54266425299068910e+00	615	chi_beta_annulus_0p5_1	3.66524696599017097e-01	5.47544233372975975e-01	1.82514744457658673e+00	5	41	83	9.37500000000000000e-02	-9.37500000000000000e-02	-5.31250000000000000e-01	1	30	23
2.54266425299068910e+00	615	chi_beta_annulus_1_1p5	1.71369574189262491e-01	1.00146377243512918e+00	3.33821257478376410e+00	5	35	70	-5.93750000000000000e-01	-6.56250000000000000e-01	-4.68750000000000000e-01	22	21	24
2.54266425299068910e+00	615	chi_beta_annulus_1p5_2	9.24593863392691312e-02	1.50097624481535341e+00	5.00325414938451196e+00	5	48	96	-1.46875000000000000e+00	2.18750000000000000e-01	-2.18750000000000000e-01	8	3	28
2.54266425299068910e+00	615	chi_beta_outer_r_ge_2	5.76547488400008384e-02	2.00073228781363932e+00	6.66910762604546470e+00	5	41	83	8.43750000000000000e-01	-1.34375000000000000e+00	-1.21875000000000000e+00	13	10	12
2.54266425299068910e+00	615	chi_beta_first_ge_1	0.00000000000000000e+00	inf	0.00000000000000000e+00	0	0	0	0.00000000000000000e+00	0.00000000000000000e+00	0.00000000000000000e+00	0	0	0
2.56328691612147042e+00	620	reference_Ricci	3.65044005713621633e+00	4.27337322849291990e-01	1.42445774283097326e+00	5	35	70	-9.37500000000000000e-02	-4.06250000000000000e-01	-9.37500000000000000e-02	30	25	30
2.56328691612147042e+00	620	reference_Riemann	5.10654416898667751e+00	4.18096505008114128e-01	1.39365501669371383e+00	5	35	70	-9.37500000000000000e-02	-2.18750000000000000e-01	-3.43750000000000000e-01	30	28	26
2.56328691612147042e+00	620	spin_connection	1.71892483596888690e+00	4.27337322849291990e-01	1.42445774283097326e+00	5	35	70	-1.56250000000000000e-01	-2.81250000000000000e-01	-2.81250000000000000e-01	29	27	27
2.56328691612147042e+00	620	spin_derivative	4.27763429122265837e+00	4.27337322849291990e-01	1.42445774283097326e+00	5	35	70	-2.81250000000000000e-01	-2.81250000000000000e-01	-1.56250000000000000e-01	27	27	29
2.56328691612147042e+00	620	Psi	2.44600255019130763e+00	4.70828724166230117e-01	1.56942908055410046e+00	5	35	70	-4.68750000000000000e-01	-3.12500000000000000e-02	-3.12500000000000000e-02	24	31	31
2.56328691612147042e+00	620	Q	3.37402266518866378e+00	4.36382501367779396e-01	1.45460833789259802e+00	5	54	109	1.56250000000000000e-01	4.06250000000000000e-01	-3.12500000000000000e-02	2	6	31
2.56328691612147042e+00	620	Delta	2.43826076384392199e+00	4.36382501367779396e-01	1.45460833789259802e+00	5	61	122	-1.56250000000000000e-01	-3.12500000000000000e-02	4.06250000000000000e-01	29	31	6
2.56328691612147042e+00	620	Pi	2.73924442032404380e+00	4.36382501367779396e-01	1.45460833789259802e+00	5	61	122	-1.56250000000000000e-01	-3.12500000000000000e-02	4.06250000000000000e-01	29	31	6
2.56328691612147042e+00	620	Phi	8.89512241462672049e-01	3.89059362437147893e-01	1.29686454145715979e+00	5	35	70	-3.43750000000000000e-01	-9.37500000000000000e-02	-1.56250000000000000e-01	26	30	29
2.56328691612147042e+00	620	GH_constraint	2.57108158668282391e-02	6.08372572935368283e-01	2.02790857645122768e+00	5	80	161	5.93750000000000000e-01	9.37500000000000000e-02	9.37500000000000000e-02	9	1	1
2.56328691612147042e+00	620	reduction_constraint	3.41570683580726727e-03	4.70828724166230117e-01	1.56942908055410046e+00	5	35	70	-4.68750000000000000e-01	-3.12500000000000000e-02	-3.12500000000000000e-02	24	31	31
2.56328691612147042e+00	620	curl_constraint	6.05838437172832381e-02	3.68432066329737351e-01	1.22810688776579124e+00	5	61	122	-9.37500000000000000e-02	-9.37500000000000000e-02	3.43750000000000000e-01	30	30	5
2.56328691612147042e+00	620	source_curvature	7.51143124112580551e+00	4.36382501367779396e-01	1.45460833789259802e+00	5	41	83	4.06250000000000000e-01	-3.12500000000000000e-02	-1.56250000000000000e-01	6	31	29
2.56328691612147042e+00	620	source_QQ	8.12355901018640481e+00	4.36382501367779396e-01	1.45460833789259802e+00	5	41	83	4.06250000000000000e-01	-3.12500000000000000e-02	-1.56250000000000000e-01	6	31	29
2.56328691612147042e+00	620	source_DeltaDelta	4.18161630534306372e+00	4.36382501367779396e-01	1.45460833789259802e+00	5	41	83	4.06250000000000000e-01	-3.12500000000000000e-02	-1.56250000000000000e-01	6	31	29
2.56328691612147042e+00	620	source_damping	0.00000000000000000e+00	4.13527130307069442e+01	1.37842376769023161e+02	3	0	0	-2.38750000000000000e+01	-2.38750000000000000e+01	-2.38750000000000000e+01	0	0	0
2.56328691612147042e+00	620	source_frame_correction	6.55530135301682582e-01	3.46579265825294303e-01	1.15526421941764768e+00	5	61	122	-3.12500000000000000e-02	-3.12500000000000000e-02	3.43750000000000000e-01	31	31	5
2.56328691612147042e+00	620	Psi_RHS_Linf	5.56902950423181609e-01	4.70828724166230117e-01	1.56942908055410046e+00	5	41	83	4.68750000000000000e-01	-3.12500000000000000e-02	-3.12500000000000000e-02	7	31	31
2.56328691612147042e+00	620	Pi_RHS_Linf	1.81288127003853150e+00	4.70828724166230117e-01	1.56942908055410046e+00	5	48	96	-3.12500000000000000e-02	4.68750000000000000e-01	-3.12500000000000000e-02	31	7	31
2.56328691612147042e+00	620	Phi_RHS_Linf	9.08636126548923562e-01	5.33085065913499356e-01	1.77695021971166467e+00	5	80	161	5.31250000000000000e-01	3.12500000000000000e-02	3.12500000000000000e-02	8	0	0
2.56328691612147042e+00	620	Hhat_RHS_Linf	0.00000000000000000e+00	4.13527130307069442e+01	1.37842376769023161e+02	3	0	0	-2.38750000000000000e+01	-2.38750000000000000e+01	-2.38750000000000000e+01	0	0	0
2.56328691612147042e+00	620	theta_RHS_Linf	0.00000000000000000e+00	4.13527130307069442e+01	1.37842376769023161e+02	3	0	0	-2.38750000000000000e+01	-2.38750000000000000e+01	-2.38750000000000000e+01	0	0	0
2.56328691612147042e+00	620	Upsilon_RHS_Linf	0.00000000000000000e+00	4.13527130307069442e+01	1.37842376769023161e+02	3	0	0	-2.38750000000000000e+01	-2.38750000000000000e+01	-2.38750000000000000e+01	0	0	0
2.56328691612147042e+00	620	chi_beta	3.73680874871581692e-01	5.47544233372975975e-01	1.82514744457658673e+00	5	35	70	-9.37500000000000000e-02	-5.31250000000000000e-01	-9.37500000000000000e-02	30	23	30
2.56328691612147042e+00	620	chi_beta_near_r_lt_1	3.73680874871581692e-01	5.47544233372975975e-01	1.82514744457658673e+00	5	35	70	-9.37500000000000000e-02	-5.31250000000000000e-01	-9.37500000000000000e-02	30	23	30
2.56328691612147042e+00	620	chi_beta_inner_r_lt_0p5	3.34704356340030429e-01	4.95093109929839348e-01	1.65031036643279783e+00	5	54	109	3.43750000000000000e-01	2.18750000000000000e-01	-2.81250000000000000e-01	5	3	27
2.56328691612147042e+00	620	chi_beta_annulus_0p5_1	3.73680874871581692e-01	5.47544233372975975e-01	1.82514744457658673e+00	5	35	70	-9.37500000000000000e-02	-5.31250000000000000e-01	-9.37500000000000000e-02	30	23	30
2.56328691612147042e+00	620	chi_beta_annulus_1_1p5	1.74827062743783790e-01	1.00146377243512918e+00	3.33821257478376410e+00	5	35	70	-5.93750000000000000e-01	-4.68750000000000000e-01	-6.56250000000000000e-01	22	24	21
2.56328691612147042e+00	620	chi_beta_annulus_1p5_2	9.43177820065478345e-02	1.50097624481535341e+00	5.00325414938451196e+00	5	61	122	-1.46875000000000000e+00	-2.18750000000000000e-01	2.18750000000000000e-01	8	28	3
2.56328691612147042e+00	620	chi_beta_outer_r_ge_2	5.88049194166160721e-02	2.00073228781363932e+00	6.66910762604546470e+00	5	61	122	-2.18750000000000000e-01	-1.40625000000000000e+00	1.40625000000000000e+00	28	9	22
2.56328691612147042e+00	620	chi_beta_first_ge_1	0.00000000000000000e+00	inf	0.00000000000000000e+00	0	0	0	0.00000000000000000e+00	0.00000000000000000e+00	0.00000000000000000e+00	0	0	0
2.58390825644609601e+00	625	reference_Ricci	3.64529341393675876e+00	4.27337322849291990e-01	1.42445774283097326e+00	5	35	70	-1.56250000000000000e-01	-2.81250000000000000e-01	-2.81250000000000000e-01	29	27	27
2.58390825644609601e+00	625	reference_Riemann	5.10795877505406981e+00	4.18096505008114128e-01	1.39365501669371383e+00	5	35	70	-2.81250000000000000e-01	-2.18750000000000000e-01	-2.18750000000000000e-01	27	28	28
2.58390825644609601e+00	625	spin_connection	1.73077087737046065e+00	4.27337322849291990e-01	1.42445774283097326e+00	5	35	70	-9.37500000000000000e-02	-9.37500000000000000e-02	-4.06250000000000000e-01	30	30	25
2.58390825644609601e+00	625	spin_derivative	4.30720830770277718e+00	4.27337322849291990e-01	1.42445774283097326e+00	5	35	70	-1.56250000000000000e-01	-2.81250000000000000e-01	-2.81250000000000000e-01	29	27	27
2.58390825644609601e+00	625	Psi	2.45850844905533350e+00	4.70828724166230117e-01	1.56942908055410046e+00	5	35	70	-4.68750000000000000e-01	-3.12500000000000000e-02	-3.12500000000000000e-02	24	31	31
2.58390825644609601e+00	625	Q	3.44481064787151547e+00	4.36382501367779396e-01	1.45460833789259802e+00	5	74	148	-4.06250000000000000e-01	1.56250000000000000e-01	3.12500000000000000e-02	25	2	0
2.58390825644609601e+00	625	Delta	2.48996606958661282e+00	4.36382501367779396e-01	1.45460833789259802e+00	5	35	70	-1.56250000000000000e-01	-3.12500000000000000e-02	-4.06250000000000000e-01	29	31	25
2.58390825644609601e+00	625	Pi	2.78587290078198180e+00	4.36382501367779396e-01	1.45460833789259802e+00	5	61	122	-1.56250000000000000e-01	-3.12500000000000000e-02	4.06250000000000000e-01	29	31	6
2.58390825644609601e+00	625	Phi	9.14537316533827416e-01	3.89059362437147893e-01	1.29686454145715979e+00	5	54	109	3.43750000000000000e-01	9.37500000000000000e-02	-1.56250000000000000e-01	5	1	29
2.58390825644609601e+00	625	GH_constraint	2.60741404481057738e-02	6.08372572935368283e-01	2.02790857645122768e+00	5	80	161	5.93750000000000000e-01	9.37500000000000000e-02	9.37500000000000000e-02	9	1	1
2.58390825644609601e+00	625	reduction_constraint	3.54481839451045722e-03	4.70828724166230117e-01	1.56942908055410046e+00	5	35	70	-4.68750000000000000e-01	-3.12500000000000000e-02	-3.12500000000000000e-02	24	31	31
2.58390825644609601e+00	625	curl_constraint	6.26555939066777839e-02	3.68432066329737351e-01	1.22810688776579124e+00	5	61	122	-9.37500000000000000e-02	-9.37500000000000000e-02	3.43750000000000000e-01	30	30	5
2.58390825644609601e+00	625	source_curvature	7.51000628385326952e+00	4.45243964024218952e-01	1.48414654674739666e+00	5	54	109	9.37500000000000000e-02	1.56250000000000000e-01	-4.06250000000000000e-01	1	2	25
2.58390825644609601e+00	625	source_QQ	8.34378080574346193e+00	4.36382501367779396e-01	1.45460833789259802e+00	5	80	161	1.56250000000000000e-01	3.12500000000000000e-02	4.06250000000000000e-01	2	0	6
2.58390825644609601e+00	625	source_DeltaDelta	4.29463291955133730e+00	4.36382501367779396e-01	1.45460833789259802e+00	5	61	122	-4.06250000000000000e-01	-3.12500000000000000e-02	1.56250000000000000e-01	25	31	2
2.58390825644609601e+00	625	source_damping	0.00000000000000000e+00	4.13527130307069442e+01	1.37842376769023161e+02	3	0	0	-2.38750000000000000e+01	-2.38750000000000000e+01	-2.38750000000000000e+01	0	0	0
2.58390825644609601e+00	625	source_frame_correction	6.72161439023235996e-01	4.95093109929839348e-01	1.65031036643279783e+00	5	54	109	1.56250000000000000e-01	3.12500000000000000e-02	-4.68750000000000000e-01	2	0	24
2.58390825644609601e+00	625	Psi_RHS_Linf	5.68908798282367512e-01	4.70828724166230117e-01	1.56942908055410046e+00	5	48	96	-4.68750000000000000e-01	3.12500000000000000e-02	-3.12500000000000000e-02	24	0	31
2.58390825644609601e+00	625	Pi_RHS_Linf	1.84132102346360327e+00	4.70828724166230117e-01	1.56942908055410046e+00	5	35	70	-3.12500000000000000e-02	-3.12500000000000000e-02	-4.68750000000000000e-01	31	31	24
2.58390825644609601e+00	625	Phi_RHS_Linf	9.33925368288783253e-01	5.33085065913499356e-01	1.77695021971166467e+00	5	80	161	5.31250000000000000e-01	3.12500000000000000e-02	3.12500000000000000e-02	8	0	0
2.58390825644609601e+00	625	Hhat_RHS_Linf	0.00000000000000000e+00	4.13527130307069442e+01	1.37842376769023161e+02	3	0	0	-2.38750000000000000e+01	-2.38750000000000000e+01	-2.38750000000000000e+01	0	0	0
2.58390825644609601e+00	625	theta_RHS_Linf	0.00000000000000000e+00	4.13527130307069442e+01	1.37842376769023161e+02	3	0	0	-2.38750000000000000e+01	-2.38750000000000000e+01	-2.38750000000000000e+01	0	0	0
2.58390825644609601e+00	625	Upsilon_RHS_Linf	0.00000000000000000e+00	4.13527130307069442e+01	1.37842376769023161e+02	3	0	0	-2.38750000000000000e+01	-2.38750000000000000e+01	-2.38750000000000000e+01	0	0	0
2.58390825644609601e+00	625	chi_beta	3.80900415889860677e-01	5.47544233372975975e-01	1.82514744457658673e+00	5	35	70	-9.37500000000000000e-02	-9.37500000000000000e-02	-5.31250000000000000e-01	30	30	23
2.58390825644609601e+00	625	chi_beta_near_r_lt_1	3.80900415889860677e-01	5.47544233372975975e-01	1.82514744457658673e+00	5	35	70	-9.37500000000000000e-02	-9.37500000000000000e-02	-5.31250000000000000e-01	30	30	23
2.58390825644609601e+00	625	chi_beta_inner_r_lt_0p5	3.41035264231657864e-01	4.95093109929839348e-01	1.65031036643279783e+00	5	41	83	2.18750000000000000e-01	-3.43750000000000000e-01	-2.81250000000000000e-01	3	26	27
2.58390825644609601e+00	625	chi_beta_annulus_0p5_1	3.80900415889860677e-01	5.47544233372975975e-01	1.82514744457658673e+00	5	35	70	-9.37500000000000000e-02	-9.37500000000000000e-02	-5.31250000000000000e-01	30	30	23
2.58390825644609601e+00	625	chi_beta_annulus_1_1p5	1.78316946739612070e-01	1.00146377243512918e+00	3.33821257478376410e+00	5	67	135	5.93750000000000000e-01	-4.68750000000000000e-01	6.56250000000000000e-01	9	24	10
2.58390825644609601e+00	625	chi_beta_annulus_1p5_2	9.61933819437793686e-02	1.50097624481535341e+00	5.00325414938451196e+00	5	67	135	2.18750000000000000e-01	-1.46875000000000000e+00	2.18750000000000000e-01	3	8	3
2.58390825644609601e+00	625	chi_beta_outer_r_ge_2	5.99655381380702068e-02	2.00073228781363932e+00	6.66910762604546470e+00	5	54	109	1.40625000000000000e+00	1.40625000000000000e+00	-2.18750000000000000e-01	22	22	28
2.58390825644609601e+00	625	chi_beta_first_ge_1	0.00000000000000000e+00	inf	0.00000000000000000e+00	0	0	0	0.00000000000000000e+00	0.00000000000000000e+00	0.00000000000000000e+00	0	0	0
2.60040436881205617e+00	629	reference_Ricci	3.64035768284648720e+00	4.27337322849291990e-01	1.42445774283097326e+00	5	35	70	-1.56250000000000000e-01	-2.81250000000000000e-01	-2.81250000000000000e-01	29	27	27
2.60040436881205617e+00	629	reference_Riemann	5.10795360155057931e+00	4.18096505008114128e-01	1.39365501669371383e+00	5	35	70	-4.06250000000000000e-01	-3.12500000000000000e-02	-9.37500000000000000e-02	25	31	30
2.60040436881205617e+00	629	spin_connection	1.74041930110277221e+00	4.36382501367779396e-01	1.45460833789259802e+00	5	35	70	-3.12500000000000000e-02	-1.56250000000000000e-01	-4.06250000000000000e-01	31	29	25
2.60040436881205617e+00	629	spin_derivative	4.33059625467680664e+00	4.27337322849291990e-01	1.42445774283097326e+00	5	35	70	-9.37500000000000000e-02	-9.37500000000000000e-02	-4.06250000000000000e-01	30	30	25
2.60040436881205617e+00	629	Psi	2.46871363970293389e+00	4.70828724166230117e-01	1.56942908055410046e+00	5	35	70	-4.68750000000000000e-01	-3.12500000000000000e-02	-3.12500000000000000e-02	24	31	31
2.60040436881205617e+00	629	Q	3.50227791268402200e+00	4.36382501367779396e-01	1.45460833789259802e+00	5	61	122	-1.56250000000000000e-01	-3.12500000000000000e-02	4.06250000000000000e-01	29	31	6
2.60040436881205617e+00	629	Delta	2.53197403111490082e+00	4.36382501367779396e-01	1.45460833789259802e+00	5	80	161	4.06250000000000000e-01	1.56250000000000000e-01	3.12500000000000000e-02	6	2	0
2.60040436881205617e+00	629	Pi	2.82345108367638575e+00	4.36382501367779396e-01	1.45460833789259802e+00	5	61	122	-1.56250000000000000e-01	-3.12500000000000000e-02	4.06250000000000000e-01	29	31	6
2.60040436881205617e+00	629	Phi	9.34949883243215152e-01	3.89059362437147893e-01	1.29686454145715979e+00	5	74	148	-3.43750000000000000e-01	9.37500000000000000e-02	1.56250000000000000e-01	26	1	2
2.60040436881205617e+00	629	GH_constraint	2.63689939553495567e-02	6.08372572935368283e-01	2.02790857645122768e+00	5	80	161	5.93750000000000000e-01	9.37500000000000000e-02	9.37500000000000000e-02	9	1	1
2.60040436881205617e+00	629	reduction_constraint	3.65098807590546939e-03	4.70828724166230117e-01	1.56942908055410046e+00	5	35	70	-4.68750000000000000e-01	-3.12500000000000000e-02	-3.12500000000000000e-02	24	31	31
2.60040436881205617e+00	629	curl_constraint	6.43581295866156866e-02	3.68432066329737351e-01	1.22810688776579124e+00	5	61	122	-9.37500000000000000e-02	-9.37500000000000000e-02	3.43750000000000000e-01	30	30	5
2.60040436881205617e+00	629	source_curvature	7.51026665505347424e+00	4.45243964024218952e-01	1.48414654674739666e+00	5	48	96	-1.56250000000000000e-01	4.06250000000000000e-01	-9.37500000000000000e-02	29	6	30
2.60040436881205617e+00	629	source_QQ	8.52209002970402629e+00	4.36382501367779396e-01	1.45460833789259802e+00	5	61	122	-1.56250000000000000e-01	-3.12500000000000000e-02	4.06250000000000000e-01	29	31	6
2.60040436881205617e+00	629	source_DeltaDelta	4.38611597956207877e+00	4.36382501367779396e-01	1.45460833789259802e+00	5	35	70	-4.06250000000000000e-01	-3.12500000000000000e-02	-1.56250000000000000e-01	25	31	29
2.60040436881205617e+00	629	source_damping	0.00000000000000000e+00	4.13527130307069442e+01	1.37842376769023161e+02	3	0	0	-2.38750000000000000e+01	-2.38750000000000000e+01	-2.38750000000000000e+01	0	0	0
2.60040436881205617e+00	629	source_frame_correction	6.88903674487923223e-01	4.95093109929839348e-01	1.65031036643279783e+00	5	54	109	4.68750000000000000e-01	1.56250000000000000e-01	-3.12500000000000000e-02	7	2	31
2.60040436881205617e+00	629	Psi_RHS_Linf	5.78685881553756443e-01	4.70828724166230117e-01	1.56942908055410046e+00	5	48	96	-4.68750000000000000e-01	3.12500000000000000e-02	-3.12500000000000000e-02	24	0	31
2.60040436881205617e+00	629	Pi_RHS_Linf	1.86460208307923025e+00	4.70828724166230117e-01	1.56942908055410046e+00	5	35	70	-3.12500000000000000e-02	-3.12500000000000000e-02	-4.68750000000000000e-01	31	31	24
2.60040436881205617e+00	629	Phi_RHS_Linf	9.54643888338204571e-01	5.33085065913499356e-01	1.77695021971166467e+00	5	80	161	5.31250000000000000e-01	3.12500000000000000e-02	3.12500000000000000e-02	8	0	0
2.60040436881205617e+00	629	Hhat_RHS_Linf	0.00000000000000000e+00	4.13527130307069442e+01	1.37842376769023161e+02	3	0	0	-2.38750000000000000e+01	-2.38750000000000000e+01	-2.38750000000000000e+01	0	0	0
2.60040436881205617e+00	629	theta_RHS_Linf	0.00000000000000000e+00	4.13527130307069442e+01	1.37842376769023161e+02	3	0	0	-2.38750000000000000e+01	-2.38750000000000000e+01	-2.38750000000000000e+01	0	0	0
2.60040436881205617e+00	629	Upsilon_RHS_Linf	0.00000000000000000e+00	4.13527130307069442e+01	1.37842376769023161e+02	3	0	0	-2.38750000000000000e+01	-2.38750000000000000e+01	-2.38750000000000000e+01	0	0	0
2.60040436881205617e+00	629	chi_beta	3.86721318937951364e-01	5.47544233372975975e-01	1.82514744457658673e+00	5	48	96	-5.31250000000000000e-01	9.37500000000000000e-02	-9.37500000000000000e-02	23	1	30
2.60040436881205617e+00	629	chi_beta_near_r_lt_1	3.86721318937951364e-01	5.47544233372975975e-01	1.82514744457658673e+00	5	48	96	-5.31250000000000000e-01	9.37500000000000000e-02	-9.37500000000000000e-02	23	1	30
2.60040436881205617e+00	629	chi_beta_inner_r_lt_0p5	3.46137823675890965e-01	4.95093109929839348e-01	1.65031036643279783e+00	5	54	109	3.43750000000000000e-01	2.18750000000000000e-01	-2.81250000000000000e-01	5	3	27
2.60040436881205617e+00	629	chi_beta_annulus_0p5_1	3.86721318937951364e-01	5.47544233372975975e-01	1.82514744457658673e+00	5	48	96	-5.31250000000000000e-01	9.37500000000000000e-02	-9.37500000000000000e-02	23	1	30
2.60040436881205617e+00	629	chi_beta_annulus_1_1p5	1.81131932195237072e-01	1.00146377243512918e+00	3.33821257478376410e+00	5	54	109	4.68750000000000000e-01	6.56250000000000000e-01	-5.93750000000000000e-01	7	10	22
2.60040436881205617e+00	629	chi_beta_annulus_1p5_2	9.77061099574041275e-02	1.50097624481535341e+00	5.00325414938451196e+00	5	61	122	-1.46875000000000000e+00	-2.18750000000000000e-01	2.18750000000000000e-01	8	28	3
2.60040436881205617e+00	629	chi_beta_outer_r_ge_2	6.09014720524427219e-02	2.00073228781363932e+00	6.66910762604546470e+00	5	41	83	1.40625000000000000e+00	-2.18750000000000000e-01	-1.40625000000000000e+00	22	28	9
2.60040436881205617e+00	629	chi_beta_first_ge_1	0.00000000000000000e+00	inf	0.00000000000000000e+00	0	0	0	0.00000000000000000e+00	0.00000000000000000e+00	0.00000000000000000e+00	0	0	0
2.62102330015238527e+00	634	reference_Ricci	3.63315950045370517e+00	4.27337322849291990e-01	1.42445774283097326e+00	5	35	70	-1.56250000000000000e-01	-2.81250000000000000e-01	-2.81250000000000000e-01	29	27	27
2.62102330015238527e+00	634	reference_Riemann	5.10651260852586919e+00	4.18096505008114128e-01	1.39365501669371383e+00	5	35	70	-2.81250000000000000e-01	-2.18750000000000000e-01	-2.18750000000000000e-01	27	28	28
2.62102330015238527e+00	634	spin_connection	1.75282387113506566e+00	4.36382501367779396e-01	1.45460833789259802e+00	5	35	70	-3.12500000000000000e-02	-4.06250000000000000e-01	-1.56250000000000000e-01	31	25	29
2.62102330015238527e+00	634	spin_derivative	4.35948858983914178e+00	4.27337322849291990e-01	1.42445774283097326e+00	5	35	70	-2.81250000000000000e-01	-1.56250000000000000e-01	-2.81250000000000000e-01	27	29	27
2.62102330015238527e+00	634	Psi	2.48172489791707429e+00	4.70828724166230117e-01	1.56942908055410046e+00	5	35	70	-4.68750000000000000e-01	-3.12500000000000000e-02	-3.12500000000000000e-02	24	31	31
2.62102330015238527e+00	634	Q	3.57517163481010680e+00	4.36382501367779396e-01	1.45460833789259802e+00	5	80	161	4.06250000000000000e-01	1.56250000000000000e-01	3.12500000000000000e-02	6	2	0
2.62102330015238527e+00	634	Delta	2.58530070570592452e+00	4.36382501367779396e-01	1.45460833789259802e+00	5	80	161	4.06250000000000000e-01	1.56250000000000000e-01	3.12500000000000000e-02	6	2	0
2.62102330015238527e+00	634	Pi	2.87080828193590953e+00	4.27337322849291990e-01	1.42445774283097326e+00	5	54	109	9.37500000000000000e-02	4.06250000000000000e-01	-9.37500000000000000e-02	1	6	30
2.62102330015238527e+00	634	Phi	9.60963517586209348e-01	3.89059362437147893e-01	1.29686454145715979e+00	5	41	83	3.43750000000000000e-01	-1.56250000000000000e-01	-9.37500000000000000e-02	5	29	30
2.62102330015238527e+00	634	GH_constraint	2.67429079143490372e-02	6.08372572935368283e-01	2.02790857645122768e+00	5	80	161	5.93750000000000000e-01	9.37500000000000000e-02	9.37500000000000000e-02	9	1	1
2.62102330015238527e+00	634	reduction_constraint	3.78739246472361082e-03	4.70828724166230117e-01	1.56942908055410046e+00	5	35	70	-4.68750000000000000e-01	-3.12500000000000000e-02	-3.12500000000000000e-02	24	31	31
2.62102330015238527e+00	634	curl_constraint	6.65441879311681889e-02	3.68432066329737351e-01	1.22810688776579124e+00	5	61	122	-9.37500000000000000e-02	-9.37500000000000000e-02	3.43750000000000000e-01	30	30	5
2.62102330015238527e+00	634	source_curvature	7.50983085001639150e+00	4.53932470197935922e-01	1.51310823399311989e+00	5	61	122	-9.37500000000000000e-02	-2.81250000000000000e-01	3.43750000000000000e-01	30	27	5
2.62102330015238527e+00	634	source_QQ	8.74760754615662961e+00	4.36382501367779396e-01	1.45460833789259802e+00	5	80	161	4.06250000000000000e-01	1.56250000000000000e-01	3.12500000000000000e-02	6	2	0
2.62102330015238527e+00	634	source_DeltaDelta	4.50178307727835225e+00	4.36382501367779396e-01	1.45460833789259802e+00	5	80	161	1.56250000000000000e-01	3.12500000000000000e-02	4.06250000000000000e-01	2	0	6
2.62102330015238527e+00	634	source_damping	0.00000000000000000e+00	4.13527130307069442e+01	1.37842376769023161e+02	3	0	0	-2.38750000000000000e+01	-2.38750000000000000e+01	-2.38750000000000000e+01	0	0	0
2.62102330015238527e+00	634	source_frame_correction	7.10405065821991033e-01	4.95093109929839348e-01	1.65031036643279783e+00	5	54	109	1.56250000000000000e-01	3.12500000000000000e-02	-4.68750000000000000e-01	2	0	24
2.62102330015238527e+00	634	Psi_RHS_Linf	5.91128039800498772e-01	4.70828724166230117e-01	1.56942908055410046e+00	5	35	70	-4.68750000000000000e-01	-3.12500000000000000e-02	-3.12500000000000000e-02	24	31	31
2.62102330015238527e+00	634	Pi_RHS_Linf	1.89439577279757643e+00	4.70828724166230117e-01	1.56942908055410046e+00	5	41	83	3.12500000000000000e-02	-4.68750000000000000e-01	-3.12500000000000000e-02	0	24	31
2.62102330015238527e+00	634	Phi_RHS_Linf	9.81171347096809421e-01	5.33085065913499356e-01	1.77695021971166467e+00	5	80	161	5.31250000000000000e-01	3.12500000000000000e-02	3.12500000000000000e-02	8	0	0
2.62102330015238527e+00	634	Hhat_RHS_Linf	0.00000000000000000e+00	4.13527130307069442e+01	1.37842376769023161e+02	3	0	0	-2.38750000000000000e+01	-2.38750000000000000e+01	-2.38750000000000000e+01	0	0	0
2.62102330015238527e+00	634	theta_RHS_Linf	0.00000000000000000e+00	4.13527130307069442e+01	1.37842376769023161e+02	3	0	0	-2.38750000000000000e+01	-2.38750000000000000e+01	-2.38750000000000000e+01	0	0	0
2.62102330015238527e+00	634	Upsilon_RHS_Linf	0.00000000000000000e+00	4.13527130307069442e+01	1.37842376769023161e+02	3	0	0	-2.38750000000000000e+01	-2.38750000000000000e+01	-2.38750000000000000e+01	0	0	0
2.62102330015238527e+00	634	chi_beta	3.94053585757560276e-01	5.47544233372975975e-01	1.82514744457658673e+00	5	41	83	9.37500000000000000e-02	-5.31250000000000000e-01	-9.37500000000000000e-02	1	23	30
2.62102330015238527e+00	634	chi_beta_near_r_lt_1	3.94053585757560276e-01	5.47544233372975975e-01	1.82514744457658673e+00	5	41	83	9.37500000000000000e-02	-5.31250000000000000e-01	-9.37500000000000000e-02	1	23	30
2.62102330015238527e+00	634	chi_beta_inner_r_lt_0p5	3.52563059119317568e-01	4.95093109929839348e-01	1.65031036643279783e+00	5	61	122	-3.43750000000000000e-01	-2.81250000000000000e-01	2.18750000000000000e-01	26	27	3
2.62102330015238527e+00	634	chi_beta_annulus_0p5_1	3.94053585757560276e-01	5.47544233372975975e-01	1.82514744457658673e+00	5	41	83	9.37500000000000000e-02	-5.31250000000000000e-01	-9.37500000000000000e-02	1	23	30
2.62102330015238527e+00	634	chi_beta_annulus_1_1p5	1.84679196522715694e-01	1.00146377243512918e+00	3.33821257478376410e+00	5	67	135	5.93750000000000000e-01	-4.68750000000000000e-01	6.56250000000000000e-01	9	24	10
2.62102330015238527e+00	634	chi_beta_annulus_1p5_2	9.96121526793334044e-02	1.50097624481535341e+00	5.00325414938451196e+00	5	67	135	2.18750000000000000e-01	-1.46875000000000000e+00	2.18750000000000000e-01	3	8	3
2.62102330015238527e+00	634	chi_beta_outer_r_ge_2	6.20805821199379854e-02	2.00073228781363932e+00	6.66910762604546470e+00	5	61	122	-1.40625000000000000e+00	-2.18750000000000000e-01	1.40625000000000000e+00	9	28	22
2.62102330015238527e+00	634	chi_beta_first_ge_1	0.00000000000000000e+00	inf	0.00000000000000000e+00	0	0	0	0.00000000000000000e+00	0.00000000000000000e+00	0.00000000000000000e+00	0	0	0
2.64164087785501689e+00	639	reference_Ricci	3.62481287188536161e+00	4.27337322849291990e-01	1.42445774283097326e+00	5	35	70	-1.56250000000000000e-01	-2.81250000000000000e-01	-2.81250000000000000e-01	29	27	27
2.64164087785501689e+00	639	reference_Riemann	5.10346324278035013e+00	4.18096505008114128e-01	1.39365501669371383e+00	5	35	70	-4.06250000000000000e-01	-3.12500000000000000e-02	-9.37500000000000000e-02	25	31	30
2.64164087785501689e+00	639	spin_connection	1.76541738940209125e+00	4.36382501367779396e-01	1.45460833789259802e+00	5	35	70	-3.43750000000000000e-01	-1.56250000000000000e-01	-2.18750000000000000e-01	26	29	28
2.64164087785501689e+00	639	spin_derivative	4.38799651777555333e+00	4.27337322849291990e-01	1.42445774283097326e+00	5	35	70	-9.37500000000000000e-02	-4.06250000000000000e-01	-9.37500000000000000e-02	30	25	30
2.64164087785501689e+00	639	Psi	2.49502394147823559e+00	4.70828724166230117e-01	1.56942908055410046e+00	5	48	96	-3.12500000000000000e-02	3.12500000000000000e-02	-4.68750000000000000e-01	31	0	24
2.64164087785501689e+00	639	Q	3.64925799688255648e+00	4.36382501367779396e-01	1.45460833789259802e+00	5	80	161	4.06250000000000000e-01	1.56250000000000000e-01	3.12500000000000000e-02	6	2	0
2.64164087785501689e+00	639	Delta	2.63954850357797044e+00	4.36382501367779396e-01	1.45460833789259802e+00	5	80	161	4.06250000000000000e-01	1.56250000000000000e-01	3.12500000000000000e-02	6	2	0
2.64164087785501689e+00	639	Pi	2.91902234003437133e+00	4.27337322849291990e-01	1.42445774283097326e+00	5	54	109	9.37500000000000000e-02	4.06250000000000000e-01	-9.37500000000000000e-02	1	6	30
2.64164087785501689e+00	639	Phi	9.87538559160685336e-01	3.89059362437147893e-01	1.29686454145715979e+00	5	74	148	-9.37500000000000000e-02	3.43750000000000000e-01	1.56250000000000000e-01	30	5	2
2.64164087785501689e+00	639	GH_constraint	2.71229148371081724e-02	6.08372572935368283e-01	2.02790857645122768e+00	5	80	161	5.93750000000000000e-01	9.37500000000000000e-02	9.37500000000000000e-02	9	1	1
2.64164087785501689e+00	639	reduction_constraint	3.92800447177721855e-03	4.70828724166230117e-01	1.56942908055410046e+00	5	35	70	-4.68750000000000000e-01	-3.12500000000000000e-02	-3.12500000000000000e-02	24	31	31
2.64164087785501689e+00	639	curl_constraint	6.87962303687578297e-02	3.68432066329737351e-01	1.22810688776579124e+00	5	61	122	-9.37500000000000000e-02	-9.37500000000000000e-02	3.43750000000000000e-01	30	30	5
2.64164087785501689e+00	639	source_curvature	7.51536914363395869e+00	4.53932470197935922e-01	1.51310823399311989e+00	5	35	70	-3.43750000000000000e-01	-9.37500000000000000e-02	-2.81250000000000000e-01	26	30	27
2.64164087785501689e+00	639	source_QQ	8.97601046475678110e+00	4.36382501367779396e-01	1.45460833789259802e+00	5	80	161	4.06250000000000000e-01	1.56250000000000000e-01	3.12500000000000000e-02	6	2	0
2.64164087785501689e+00	639	source_DeltaDelta	4.61888169557246542e+00	4.36382501367779396e-01	1.45460833789259802e+00	5	61	122	-3.12500000000000000e-02	-4.06250000000000000e-01	1.56250000000000000e-01	31	25	2
2.64164087785501689e+00	639	source_damping	0.00000000000000000e+00	4.13527130307069442e+01	1.37842376769023161e+02	3	0	0	-2.38750000000000000e+01	-2.38750000000000000e+01	-2.38750000000000000e+01	0	0	0
2.64164087785501689e+00	639	source_frame_correction	7.32559880995717672e-01	4.95093109929839348e-01	1.65031036643279783e+00	5	48	96	-1.56250000000000000e-01	4.68750000000000000e-01	-3.12500000000000000e-02	29	7	31
2.64164087785501689e+00	639	Psi_RHS_Linf	6.03821657584683646e-01	4.70828724166230117e-01	1.56942908055410046e+00	5	61	122	-3.12500000000000000e-02	-3.12500000000000000e-02	4.68750000000000000e-01	31	31	7
2.64164087785501689e+00	639	Pi_RHS_Linf	1.92499471395931443e+00	4.70828724166230117e-01	1.56942908055410046e+00	5	35	70	-3.12500000000000000e-02	-3.12500000000000000e-02	-4.68750000000000000e-01	31	31	24
2.64164087785501689e+00	639	Phi_RHS_Linf	1.00842170888288662e+00	5.33085065913499356e-01	1.77695021971166467e+00	5	48	96	-3.12500000000000000e-02	3.12500000000000000e-02	-5.31250000000000000e-01	31	0	23
2.64164087785501689e+00	639	Hhat_RHS_Linf	0.00000000000000000e+00	4.13527130307069442e+01	1.37842376769023161e+02	3	0	0	-2.38750000000000000e+01	-2.38750000000000000e+01	-2.38750000000000000e+01	0	0	0
2.64164087785501689e+00	639	theta_RHS_Linf	0.00000000000000000e+00	4.13527130307069442e+01	1.37842376769023161e+02	3	0	0	-2.38750000000000000e+01	-2.38750000000000000e+01	-2.38750000000000000e+01	0	0	0
2.64164087785501689e+00	639	Upsilon_RHS_Linf	0.00000000000000000e+00	4.13527130307069442e+01	1.37842376769023161e+02	3	0	0	-2.38750000000000000e+01	-2.38750000000000000e+01	-2.38750000000000000e+01	0	0	0
2.64164087785501689e+00	639	chi_beta	4.01447715581076892e-01	5.47544233372975975e-01	1.82514744457658673e+00	5	54	109	9.37500000000000000e-02	9.37500000000000000e-02	-5.31250000000000000e-01	1	1	23
2.64164087785501689e+00	639	chi_beta_near_r_lt_1	4.01447715581076892e-01	5.47544233372975975e-01	1.82514744457658673e+00	5	54	109	9.37500000000000000e-02	9.37500000000000000e-02	-5.31250000000000000e-01	1	1	23
2.64164087785501689e+00	639	chi_beta_inner_r_lt_0p5	3.59040277583292267e-01	4.95093109929839348e-01	1.65031036643279783e+00	5	61	122	-3.43750000000000000e-01	-2.81250000000000000e-01	2.18750000000000000e-01	26	27	3
2.64164087785501689e+00	639	chi_beta_annulus_0p5_1	4.01447715581076892e-01	5.47544233372975975e-01	1.82514744457658673e+00	5	54	109	9.37500000000000000e-02	9.37500000000000000e-02	-5.31250000000000000e-01	1	1	23
2.64164087785501689e+00	639	chi_beta_annulus_1_1p5	1.88257805289065466e-01	1.00146377243512918e+00	3.33821257478376410e+00	5	61	122	-5.93750000000000000e-01	-6.56250000000000000e-01	4.68750000000000000e-01	22	21	7
2.64164087785501689e+00	639	chi_beta_annulus_1p5_2	1.01534808462624832e-01	1.50097624481535341e+00	5.00325414938451196e+00	5	54	109	1.46875000000000000e+00	2.18750000000000000e-01	-2.18750000000000000e-01	23	3	28
2.64164087785501689e+00	639	chi_beta_outer_r_ge_2	6.32697863070716821e-02	2.00073228781363932e+00	6.66910762604546470e+00	5	80	161	1.40625000000000000e+00	2.18750000000000000e-01	1.40625000000000000e+00	22	3	22
2.64164087785501689e+00	639	chi_beta_first_ge_1	0.00000000000000000e+00	inf	0.00000000000000000e+00	0	0	0	0.00000000000000000e+00	0.00000000000000000e+00	0.00000000000000000e+00	0	0	0
2.66225709113157727e+00	644	reference_Ricci	3.61568143469555325e+00	4.36382501367779396e-01	1.45460833789259802e+00	5	35	70	-1.56250000000000000e-01	-2.18750000000000000e-01	-3.43750000000000000e-01	29	28	26
2.66225709113157727e+00	644	reference_Riemann	5.09879055911103762e+00	4.18096505008114128e-01	1.39365501669371383e+00	5	35	70	-9.37500000000000000e-02	-2.18750000000000000e-01	-3.43750000000000000e-01	30	28	26
2.66225709113157727e+00	644	spin_connection	1.77819828538539393e+00	4.36382501367779396e-01	1.45460833789259802e+00	5	35	70	-1.56250000000000000e-01	-3.43750000000000000e-01	-2.18750000000000000e-01	29	26	28
2.66225709113157727e+00	644	spin_derivative	4.41611620429440510e+00	4.27337322849291990e-01	1.42445774283097326e+00	5	35	70	-1.56250000000000000e-01	-2.81250000000000000e-01	-2.81250000000000000e-01	29	27	27
2.66225709113157727e+00	644	Psi	2.50861588249046852e+00	4.70828724166230117e-01	1.56942908055410046e+00	5	35	70	-4.68750000000000000e-01	-3.12500000000000000e-02	-3.12500000000000000e-02	24	31	31
2.66225709113157727e+00	644	Q	3.72455359564770161e+00	4.36382501367779396e-01	1.45460833789259802e+00	5	61	122	-1.56250000000000000e-01	-3.12500000000000000e-02	4.06250000000000000e-01	29	31	6
2.66225709113157727e+00	644	Delta	2.69473231680805947e+00	4.36382501367779396e-01	1.45460833789259802e+00	5	61	122	-1.56250000000000000e-01	-3.12500000000000000e-02	4.06250000000000000e-01	29	31	6
2.66225709113157727e+00	644	Pi	2.96761365271552213e+00	4.27337322849291990e-01	1.42445774283097326e+00	5	54	109	9.37500000000000000e-02	4.06250000000000000e-01	-9.37500000000000000e-02	1	6	30
2.66225709113157727e+00	644	Phi	1.01468380125208646e+00	3.89059362437147893e-01	1.29686454145715979e+00	5	48	96	-3.43750000000000000e-01	9.37500000000000000e-02	-1.56250000000000000e-01	26	1	29
2.66225709113157727e+00	644	GH_constraint	2.75092206055956995e-02	6.08372572935368283e-01	2.02790857645122768e+00	5	61	122	-5.93750000000000000e-01	-9.37500000000000000e-02	9.37500000000000000e-02	22	30	1
2.66225709113157727e+00	644	reduction_constraint	4.07294019495790197e-03	4.70828724166230117e-01	1.56942908055410046e+00	5	35	70	-4.68750000000000000e-01	-3.12500000000000000e-02	-3.12500000000000000e-02	24	31	31
2.66225709113157727e+00	644	curl_constraint	7.11160709121075318e-02	3.68432066329737351e-01	1.22810688776579124e+00	5	74	148	-9.37500000000000000e-02	9.37500000000000000e-02	3.43750000000000000e-01	30	1	5
2.66225709113157727e+00	644	source_curvature	7.52890276475823850e+00	4.62457768342148190e-01	1.54152589447382726e+00	5	41	83	3.12500000000000000e-02	-4.06250000000000000e-01	-2.18750000000000000e-01	0	25	28
2.66225709113157727e+00	644	source_QQ	9.20725797440169025e+00	4.36382501367779396e-01	1.45460833789259802e+00	5	61	122	-1.56250000000000000e-01	-3.12500000000000000e-02	4.06250000000000000e-01	29	31	6
2.66225709113157727e+00	644	source_DeltaDelta	4.73738109700242838e+00	4.36382501367779396e-01	1.45460833789259802e+00	5	80	161	1.56250000000000000e-01	3.12500000000000000e-02	4.06250000000000000e-01	2	0	6
2.66225709113157727e+00	644	source_damping	0.00000000000000000e+00	4.13527130307069442e+01	1.37842376769023161e+02	3	0	0	-2.38750000000000000e+01	-2.38750000000000000e+01	-2.38750000000000000e+01	0	0	0
2.66225709113157727e+00	644	source_frame_correction	7.55385617945576793e-01	4.95093109929839348e-01	1.65031036643279783e+00	5	48	96	-1.56250000000000000e-01	4.68750000000000000e-01	-3.12500000000000000e-02	29	7	31
2.66225709113157727e+00	644	Psi_RHS_Linf	6.16773558815004841e-01	4.70828724166230117e-01	1.56942908055410046e+00	5	35	70	-3.12500000000000000e-02	-3.12500000000000000e-02	-4.68750000000000000e-01	31	31	24
2.66225709113157727e+00	644	Pi_RHS_Linf	1.95643939250073662e+00	4.70828724166230117e-01	1.56942908055410046e+00	5	35	70	-3.12500000000000000e-02	-3.12500000000000000e-02	-4.68750000000000000e-01	31	31	24
2.66225709113157727e+00	644	Phi_RHS_Linf	1.03642146059905049e+00	5.33085065913499356e-01	1.77695021971166467e+00	5	67	135	3.12500000000000000e-02	-3.12500000000000000e-02	5.31250000000000000e-01	0	31	8
2.66225709113157727e+00	644	Hhat_RHS_Linf	0.00000000000000000e+00	4.13527130307069442e+01	1.37842376769023161e+02	3	0	0	-2.38750000000000000e+01	-2.38750000000000000e+01	-2.38750000000000000e+01	0	0	0
2.66225709113157727e+00	644	theta_RHS_Linf	0.00000000000000000e+00	4.13527130307069442e+01	1.37842376769023161e+02	3	0	0	-2.38750000000000000e+01	-2.38750000000000000e+01	-2.38750000000000000e+01	0	0	0
2.66225709113157727e+00	644	Upsilon_RHS_Linf	0.00000000000000000e+00	4.13527130307069442e+01	1.37842376769023161e+02	3	0	0	-2.38750000000000000e+01	-2.38750000000000000e+01	-2.38750000000000000e+01	0	0	0
2.66225709113157727e+00	644	chi_beta	4.08903144979853583e-01	5.47544233372975975e-01	1.82514744457658673e+00	5	61	122	-9.37500000000000000e-02	-5.31250000000000000e-01	9.37500000000000000e-02	30	23	1
2.66225709113157727e+00	644	chi_beta_near_r_lt_1	4.08903144979853583e-01	5.47544233372975975e-01	1.82514744457658673e+00	5	61	122	-9.37500000000000000e-02	-5.31250000000000000e-01	9.37500000000000000e-02	30	23	1
2.66225709113157727e+00	644	chi_beta_inner_r_lt_0p5	3.65569184545917025e-01	4.95093109929839348e-01	1.65031036643279783e+00	5	35	70	-2.18750000000000000e-01	-2.81250000000000000e-01	-3.43750000000000000e-01	28	27	26
2.66225709113157727e+00	644	chi_beta_annulus_0p5_1	4.08903144979853583e-01	5.47544233372975975e-01	1.82514744457658673e+00	5	61	122	-9.37500000000000000e-02	-5.31250000000000000e-01	9.37500000000000000e-02	30	23	1
2.66225709113157727e+00	644	chi_beta_annulus_1_1p5	1.91867366038351417e-01	1.00146377243512918e+00	3.33821257478376410e+00	5	54	109	5.93750000000000000e-01	4.68750000000000000e-01	-6.56250000000000000e-01	9	7	21
2.66225709113157727e+00	644	chi_beta_annulus_1p5_2	1.03473857680701178e-01	1.50097624481535341e+00	5.00325414938451196e+00	5	61	122	-1.46875000000000000e+00	-2.18750000000000000e-01	2.18750000000000000e-01	8	28	3
2.66225709113157727e+00	644	chi_beta_outer_r_ge_2	6.44689537636646132e-02	2.00073228781363932e+00	6.66910762604546470e+00	5	80	161	1.40625000000000000e+00	2.18750000000000000e-01	1.40625000000000000e+00	22	3	22
2.66225709113157727e+00	644	chi_beta_first_ge_1	0.00000000000000000e+00	inf	0.00000000000000000e+00	0	0	0	0.00000000000000000e+00	0.00000000000000000e+00	0.00000000000000000e+00	0	0	0
2.68287192931396667e+00	649	reference_Ricci	3.60644765792976774e+00	4.36382501367779396e-01	1.45460833789259802e+00	5	35	70	-1.56250000000000000e-01	-2.18750000000000000e-01	-3.43750000000000000e-01	29	28	26
2.68287192931396667e+00	649	reference_Riemann	5.09248019762113646e+00	4.18096505008114128e-01	1.39365501669371383e+00	5	35	70	-3.43750000000000000e-01	-9.37500000000000000e-02	-2.18750000000000000e-01	26	30	28
2.68287192931396667e+00	649	spin_connection	1.79116490203143508e+00	4.36382501367779396e-01	1.45460833789259802e+00	5	35	70	-2.18750000000000000e-01	-1.56250000000000000e-01	-3.43750000000000000e-01	28	29	26
2.68287192931396667e+00	649	spin_derivative	4.44384399890929238e+00	4.27337322849291990e-01	1.42445774283097326e+00	5	35	70	-1.56250000000000000e-01	-2.81250000000000000e-01	-2.81250000000000000e-01	29	27	27
2.68287192931396667e+00	649	Psi	2.52250590595890101e+00	4.70828724166230117e-01	1.56942908055410046e+00	5	48	96	-3.12500000000000000e-02	3.12500000000000000e-02	-4.68750000000000000e-01	31	0	24
2.68287192931396667e+00	649	Q	3.80107530733680177e+00	4.36382501367779396e-01	1.45460833789259802e+00	5	48	96	-1.56250000000000000e-01	4.06250000000000000e-01	-3.12500000000000000e-02	29	6	31
2.68287192931396667e+00	649	Delta	2.75086732750465979e+00	4.36382501367779396e-01	1.45460833789259802e+00	5	48	96	-1.56250000000000000e-01	4.06250000000000000e-01	-3.12500000000000000e-02	29	6	31
2.68287192931396667e+00	649	Pi	3.01657678566114162e+00	4.27337322849291990e-01	1.42445774283097326e+00	5	54	109	9.37500000000000000e-02	4.06250000000000000e-01	-9.37500000000000000e-02	1	6	30
2.68287192931396667e+00	649	Phi	1.04240809189754513e+00	3.89059362437147893e-01	1.29686454145715979e+00	5	48	96	-3.43750000000000000e-01	9.37500000000000000e-02	-1.56250000000000000e-01	26	1	29
2.68287192931396667e+00	649	GH_constraint	2.79020828967187981e-02	6.08372572935368283e-01	2.02790857645122768e+00	5	61	122	-5.93750000000000000e-01	-9.37500000000000000e-02	9.37500000000000000e-02	22	30	1
2.68287192931396667e+00	649	reduction_constraint	4.22231959813096878e-03	4.70828724166230117e-01	1.56942908055410046e+00	5	35	70	-4.68750000000000000e-01	-3.12500000000000000e-02	-3.12500000000000000e-02	24	31	31
2.68287192931396667e+00	649	curl_constraint	7.35055560495746219e-02	3.68432066329737351e-01	1.22810688776579124e+00	5	74	148	-9.37500000000000000e-02	9.37500000000000000e-02	3.43750000000000000e-01	30	1	5
2.68287192931396667e+00	649	source_curvature	7.55015488300928439e+00	4.70828724166230117e-01	1.56942908055410046e+00	5	35	70	-4.68750000000000000e-01	-3.12500000000000000e-02	-3.12500000000000000e-02	24	31	31
2.68287192931396667e+00	649	source_QQ	9.44130936624635275e+00	4.36382501367779396e-01	1.45460833789259802e+00	5	61	122	-1.56250000000000000e-01	-3.12500000000000000e-02	4.06250000000000000e-01	29	31	6
2.68287192931396667e+00	649	source_DeltaDelta	4.85724946789296563e+00	4.36382501367779396e-01	1.45460833789259802e+00	5	74	148	-4.06250000000000000e-01	3.12500000000000000e-02	1.56250000000000000e-01	25	0	2
2.68287192931396667e+00	649	source_damping	0.00000000000000000e+00	4.13527130307069442e+01	1.37842376769023161e+02	3	0	0	-2.38750000000000000e+01	-2.38750000000000000e+01	-2.38750000000000000e+01	0	0	0
2.68287192931396667e+00	649	source_frame_correction	7.78900034926661156e-01	4.95093109929839348e-01	1.65031036643279783e+00	5	48	96	-1.56250000000000000e-01	4.68750000000000000e-01	-3.12500000000000000e-02	29	7	31
2.68287192931396667e+00	649	Psi_RHS_Linf	6.29990861196839114e-01	4.70828724166230117e-01	1.56942908055410046e+00	5	67	135	3.12500000000000000e-02	-3.12500000000000000e-02	4.68750000000000000e-01	0	31	7
2.68287192931396667e+00	649	Pi_RHS_Linf	1.98877246369239313e+00	4.70828724166230117e-01	1.56942908055410046e+00	5	35	70	-3.12500000000000000e-02	-3.12500000000000000e-02	-4.68750000000000000e-01	31	31	24
2.68287192931396667e+00	649	Phi_RHS_Linf	1.06519832713043305e+00	5.33085065913499356e-01	1.77695021971166467e+00	5	54	109	3.12500000000000000e-02	3.12500000000000000e-02	-5.31250000000000000e-01	0	0	23
2.68287192931396667e+00	649	Hhat_RHS_Linf	0.00000000000000000e+00	4.13527130307069442e+01	1.37842376769023161e+02	3	0	0	-2.38750000000000000e+01	-2.38750000000000000e+01	-2.38750000000000000e+01	0	0	0
2.68287192931396667e+00	649	theta_RHS_Linf	0.00000000000000000e+00	4.13527130307069442e+01	1.37842376769023161e+02	3	0	0	-2.38750000000000000e+01	-2.38750000000000000e+01	-2.38750000000000000e+01	0	0	0
2.68287192931396667e+00	649	Upsilon_RHS_Linf	0.00000000000000000e+00	4.13527130307069442e+01	1.37842376769023161e+02	3	0	0	-2.38750000000000000e+01	-2.38750000000000000e+01	-2.38750000000000000e+01	0	0	0
2.68287192931396667e+00	649	chi_beta	4.16419294917904081e-01	5.47544233372975975e-01	1.82514744457658673e+00	5	48	96	-9.37500000000000000e-02	9.37500000000000000e-02	-5.31250000000000000e-01	30	1	23
2.68287192931396667e+00	649	chi_beta_near_r_lt_1	4.16419294917904081e-01	5.47544233372975975e-01	1.82514744457658673e+00	5	48	96	-9.37500000000000000e-02	9.37500000000000000e-02	-5.31250000000000000e-01	30	1	23
2.68287192931396667e+00	649	chi_beta_inner_r_lt_0p5	3.72149490711237041e-01	4.95093109929839348e-01	1.65031036643279783e+00	5	35	70	-3.43750000000000000e-01	-2.18750000000000000e-01	-2.81250000000000000e-01	26	28	27
2.68287192931396667e+00	649	chi_beta_annulus_0p5_1	4.16419294917904081e-01	5.47544233372975975e-01	1.82514744457658673e+00	5	48	96	-9.37500000000000000e-02	9.37500000000000000e-02	-5.31250000000000000e-01	30	1	23
2.68287192931396667e+00	649	chi_beta_annulus_1_1p5	1.95507477416533487e-01	1.00146377243512918e+00	3.33821257478376410e+00	5	35	70	-6.56250000000000000e-01	-4.68750000000000000e-01	-5.93750000000000000e-01	21	24	22
2.68287192931396667e+00	649	chi_beta_annulus_1p5_2	1.05429076324297891e-01	1.50097624481535341e+00	5.00325414938451196e+00	5	35	70	-2.18750000000000000e-01	-2.18750000000000000e-01	-1.46875000000000000e+00	28	28	8
2.68287192931396667e+00	649	chi_beta_outer_r_ge_2	6.56779512282293226e-02	2.00073228781363932e+00	6.66910762604546470e+00	5	80	161	1.40625000000000000e+00	2.18750000000000000e-01	1.40625000000000000e+00	22	3	22
2.68287192931396667e+00	649	chi_beta_first_ge_1	0.00000000000000000e+00	inf	0.00000000000000000e+00	0	0	0	0.00000000000000000e+00	0.00000000000000000e+00	0.00000000000000000e+00	0	0	0
2.70348538185616816e+00	654	reference_Ricci	3.59674717232747021e+00	4.45243964024218952e-01	1.48414654674739666e+00	5	35	70	-3.12500000000000000e-02	-2.81250000000000000e-01	-3.43750000000000000e-01	31	27	26
2.70348538185616816e+00	654	reference_Riemann	5.08451839949111939e+00	4.18096505008114128e-01	1.39365501669371383e+00	5	35	70	-4.06250000000000000e-01	-3.12500000000000000e-02	-9.37500000000000000e-02	25	31	30
2.70348538185616816e+00	654	spin_connection	1.80431549859154594e+00	4.36382501367779396e-01	1.45460833789259802e+00	5	35	70	-3.12500000000000000e-02	-4.06250000000000000e-01	-1.56250000000000000e-01	31	25	29
2.70348538185616816e+00	654	spin_derivative	4.49369275629604292e+00	4.87139289628746752e-01	1.62379763209582251e+00	5	35	70	-1.56250000000000000e-01	-2.18750000000000000e-01	-4.06250000000000000e-01	29	28	25
2.70348538185616816e+00	654	Psi	2.53669927113951443e+00	4.70828724166230117e-01	1.56942908055410046e+00	5	35	70	-4.68750000000000000e-01	-3.12500000000000000e-02	-3.12500000000000000e-02	24	31	31
2.70348538185616816e+00	654	Q	3.87884031259476414e+00	4.36382501367779396e-01	1.45460833789259802e+00	5	48	96	-1.56250000000000000e-01	4.06250000000000000e-01	-3.12500000000000000e-02	29	6	31
2.70348538185616816e+00	654	Delta	2.80796902287033401e+00	4.36382501367779396e-01	1.45460833789259802e+00	5	48	96	-1.56250000000000000e-01	4.06250000000000000e-01	-3.12500000000000000e-02	29	6	31
2.70348538185616816e+00	654	Pi	3.06590605278218797e+00	4.27337322849291990e-01	1.42445774283097326e+00	5	54	109	9.37500000000000000e-02	4.06250000000000000e-01	-9.37500000000000000e-02	1	6	30
2.70348538185616816e+00	654	Phi	1.07072033113200282e+00	3.89059362437147893e-01	1.29686454145715979e+00	5	48	96	-3.43750000000000000e-01	9.37500000000000000e-02	-1.56250000000000000e-01	26	1	29
2.70348538185616816e+00	654	GH_constraint	2.83018183451112307e-02	6.08372572935368283e-01	2.02790857645122768e+00	5	80	161	5.93750000000000000e-01	9.37500000000000000e-02	9.37500000000000000e-02	9	1	1
2.70348538185616816e+00	654	reduction_constraint	4.37626668933059279e-03	4.70828724166230117e-01	1.56942908055410046e+00	5	35	70	-4.68750000000000000e-01	-3.12500000000000000e-02	-3.12500000000000000e-02	24	31	31
2.70348538185616816e+00	654	curl_constraint	7.59665633491761055e-02	3.68432066329737351e-01	1.22810688776579124e+00	5	74	148	-9.37500000000000000e-02	9.37500000000000000e-02	3.43750000000000000e-01	30	1	5
2.70348538185616816e+00	654	source_curvature	7.57511897544466084e+00	4.70828724166230117e-01	1.56942908055410046e+00	5	48	96	-3.12500000000000000e-02	3.12500000000000000e-02	-4.68750000000000000e-01	31	0	24
2.70348538185616816e+00	654	source_QQ	9.67812437001259873e+00	4.36382501367779396e-01	1.45460833789259802e+00	5	80	161	4.06250000000000000e-01	1.56250000000000000e-01	3.12500000000000000e-02	6	2	0
2.70348538185616816e+00	654	source_DeltaDelta	4.97845399968631774e+00	4.36382501367779396e-01	1.45460833789259802e+00	5	67	135	4.06250000000000000e-01	-3.12500000000000000e-02	1.56250000000000000e-01	6	31	2
2.70348538185616816e+00	654	source_damping	0.00000000000000000e+00	4.13527130307069442e+01	1.37842376769023161e+02	3	0	0	-2.38750000000000000e+01	-2.38750000000000000e+01	-2.38750000000000000e+01	0	0	0
2.70348538185616816e+00	654	source_frame_correction	8.03121142157105616e-01	4.95093109929839348e-01	1.65031036643279783e+00	5	54	109	3.12500000000000000e-02	4.68750000000000000e-01	-1.56250000000000000e-01	0	7	29
2.70348538185616816e+00	654	Psi_RHS_Linf	6.43480992496519910e-01	4.70828724166230117e-01	1.56942908055410046e+00	5	35	70	-3.12500000000000000e-02	-3.12500000000000000e-02	-4.68750000000000000e-01	31	31	24
2.70348538185616816e+00	654	Pi_RHS_Linf	2.02203886722676351e+00	4.70828724166230117e-01	1.56942908055410046e+00	5	35	70	-3.12500000000000000e-02	-3.12500000000000000e-02	-4.68750000000000000e-01	31	31	24
2.70348538185616816e+00	654	Phi_RHS_Linf	1.09478132954981233e+00	5.33085065913499356e-01	1.77695021971166467e+00	5	54	109	3.12500000000000000e-02	3.12500000000000000e-02	-5.31250000000000000e-01	0	0	23
2.70348538185616816e+00	654	Hhat_RHS_Linf	0.00000000000000000e+00	4.13527130307069442e+01	1.37842376769023161e+02	3	0	0	-2.38750000000000000e+01	-2.38750000000000000e+01	-2.38750000000000000e+01	0	0	0
2.70348538185616816e+00	654	theta_RHS_Linf	0.00000000000000000e+00	4.13527130307069442e+01	1.37842376769023161e+02	3	0	0	-2.38750000000000000e+01	-2.38750000000000000e+01	-2.38750000000000000e+01	0	0	0
2.70348538185616816e+00	654	Upsilon_RHS_Linf	0.00000000000000000e+00	4.13527130307069442e+01	1.37842376769023161e+02	3	0	0	-2.38750000000000000e+01	-2.38750000000000000e+01	-2.38750000000000000e+01	0	0	0
2.70348538185616816e+00	654	chi_beta	4.23995570085015483e-01	5.47544233372975975e-01	1.82514744457658673e+00	5	35	70	-9.37500000000000000e-02	-9.37500000000000000e-02	-5.31250000000000000e-01	30	30	23
2.70348538185616816e+00	654	chi_beta_near_r_lt_1	4.23995570085015483e-01	5.47544233372975975e-01	1.82514744457658673e+00	5	35	70	-9.37500000000000000e-02	-9.37500000000000000e-02	-5.31250000000000000e-01	30	30	23
2.70348538185616816e+00	654	chi_beta_inner_r_lt_0p5	3.78780912182174245e-01	4.95093109929839348e-01	1.65031036643279783e+00	5	54	109	3.43750000000000000e-01	2.81250000000000000e-01	-2.18750000000000000e-01	5	4	28
2.70348538185616816e+00	654	chi_beta_annulus_0p5_1	4.23995570085015483e-01	5.47544233372975975e-01	1.82514744457658673e+00	5	35	70	-9.37500000000000000e-02	-9.37500000000000000e-02	-5.31250000000000000e-01	30	30	23
2.70348538185616816e+00	654	chi_beta_annulus_1_1p5	1.99177729238728313e-01	1.00146377243512918e+00	3.33821257478376410e+00	5	35	70	-5.93750000000000000e-01	-4.68750000000000000e-01	-6.56250000000000000e-01	22	24	21
2.70348538185616816e+00	654	chi_beta_annulus_1p5_2	1.07400236054223316e-01	1.50097624481535341e+00	5.00325414938451196e+00	5	80	161	1.46875000000000000e+00	2.18750000000000000e-01	2.18750000000000000e-01	23	3	3
2.70348538185616816e+00	654	chi_beta_outer_r_ge_2	6.68966430587299848e-02	2.00073228781363932e+00	6.66910762604546470e+00	5	35	70	-2.18750000000000000e-01	-1.40625000000000000e+00	-1.40625000000000000e+00	28	9	9
2.70348538185616816e+00	654	chi_beta_first_ge_1	0.00000000000000000e+00	inf	0.00000000000000000e+00	0	0	0	0.00000000000000000e+00	0.00000000000000000e+00	0.00000000000000000e+00	0	0	0
2.72409743833602480e+00	659	reference_Ricci	3.59570699269302718e+00	4.70828724166230117e-01	1.56942908055410046e+00	5	35	70	-4.68750000000000000e-01	-3.12500000000000000e-02	-3.12500000000000000e-02	24	31	31
2.72409743833602480e+00	659	reference_Riemann	5.07489202326536937e+00	4.18096505008114128e-01	1.39365501669371383e+00	5	35	70	-2.18750000000000000e-01	-2.18750000000000000e-01	-2.81250000000000000e-01	28	28	27
2.72409743833602480e+00	659	spin_connection	1.81764825349093750e+00	4.36382501367779396e-01	1.45460833789259802e+00	5	35	70	-1.56250000000000000e-01	-3.43750000000000000e-01	-2.18750000000000000e-01	29	26	28
2.72409743833602480e+00	659	spin_derivative	4.55150283974746461e+00	4.87139289628746752e-01	1.62379763209582251e+00	5	35	70	-2.81250000000000000e-01	-2.81250000000000000e-01	-2.81250000000000000e-01	27	27	27
2.72409743833602480e+00	659	Psi	2.55120131307074516e+00	4.70828724166230117e-01	1.56942908055410046e+00	5	35	70	-4.68750000000000000e-01	-3.12500000000000000e-02	-3.12500000000000000e-02	24	31	31
2.72409743833602480e+00	659	Q	3.95786612514862179e+00	4.36382501367779396e-01	1.45460833789259802e+00	5	48	96	-1.56250000000000000e-01	4.06250000000000000e-01	-3.12500000000000000e-02	29	6	31
2.72409743833602480e+00	659	Delta	2.86605321199612018e+00	4.36382501367779396e-01	1.45460833789259802e+00	5	48	96	-1.56250000000000000e-01	4.06250000000000000e-01	-3.12500000000000000e-02	29	6	31
2.72409743833602480e+00	659	Pi	3.11559551728854789e+00	4.27337322849291990e-01	1.42445774283097326e+00	5	35	70	-9.37500000000000000e-02	-4.06250000000000000e-01	-9.37500000000000000e-02	30	25	30
2.72409743833602480e+00	659	Phi	1.09962946827059116e+00	3.89059362437147893e-01	1.29686454145715979e+00	5	54	109	3.43750000000000000e-01	9.37500000000000000e-02	-1.56250000000000000e-01	5	1	29
2.72409743833602480e+00	659	GH_constraint	2.87088104554083304e-02	6.08372572935368283e-01	2.02790857645122768e+00	5	80	161	5.93750000000000000e-01	9.37500000000000000e-02	9.37500000000000000e-02	9	1	1
2.72409743833602480e+00	659	reduction_constraint	4.53490970457088270e-03	4.70828724166230117e-01	1.56942908055410046e+00	5	41	83	4.68750000000000000e-01	-3.12500000000000000e-02	-3.12500000000000000e-02	7	31	31
2.72409743833602480e+00	659	curl_constraint	7.86578440918093980e-02	4.62457768342148190e-01	1.54152589447382726e+00	5	54	109	1.56250000000000000e-01	4.06250000000000000e-01	-1.56250000000000000e-01	2	6	29
2.72409743833602480e+00	659	source_curvature	7.61193864452872049e+00	4.79053428648621604e-01	1.59684476216207205e+00	5	35	70	-9.37500000000000000e-02	-3.12500000000000000e-02	-4.68750000000000000e-01	30	31	24
2.72409743833602480e+00	659	source_QQ	9.91766351748180242e+00	4.36382501367779396e-01	1.45460833789259802e+00	5	61	122	-1.56250000000000000e-01	-3.12500000000000000e-02	4.06250000000000000e-01	29	31	6
2.72409743833602480e+00	659	source_DeltaDelta	5.10096097860855391e+00	4.36382501367779396e-01	1.45460833789259802e+00	5	35	70	-4.06250000000000000e-01	-3.12500000000000000e-02	-1.56250000000000000e-01	25	31	29
2.72409743833602480e+00	659	source_damping	0.00000000000000000e+00	4.13527130307069442e+01	1.37842376769023161e+02	3	0	0	-2.38750000000000000e+01	-2.38750000000000000e+01	-2.38750000000000000e+01	0	0	0
2.72409743833602480e+00	659	source_frame_correction	8.28067193055553319e-01	4.95093109929839348e-01	1.65031036643279783e+00	5	54	109	3.12500000000000000e-02	4.68750000000000000e-01	-1.56250000000000000e-01	0	7	29
2.72409743833602480e+00	659	Psi_RHS_Linf	6.57251707752568692e-01	4.70828724166230117e-01	1.56942908055410046e+00	5	67	135	3.12500000000000000e-02	-3.12500000000000000e-02	4.68750000000000000e-01	0	31	7
2.72409743833602480e+00	659	Pi_RHS_Linf	2.05628594811422261e+00	4.70828724166230117e-01	1.56942908055410046e+00	5	41	83	3.12500000000000000e-02	-3.12500000000000000e-02	-4.68750000000000000e-01	0	31	24
2.72409743833602480e+00	659	Phi_RHS_Linf	1.12520084558407052e+00	5.33085065913499356e-01	1.77695021971166467e+00	5	61	122	-5.31250000000000000e-01	-3.12500000000000000e-02	3.12500000000000000e-02	23	31	0
2.72409743833602480e+00	659	Hhat_RHS_Linf	0.00000000000000000e+00	4.13527130307069442e+01	1.37842376769023161e+02	3	0	0	-2.38750000000000000e+01	-2.38750000000000000e+01	-2.38750000000000000e+01	0	0	0
2.72409743833602480e+00	659	theta_RHS_Linf	0.00000000000000000e+00	4.13527130307069442e+01	1.37842376769023161e+02	3	0	0	-2.38750000000000000e+01	-2.38750000000000000e+01	-2.38750000000000000e+01	0	0	0
2.72409743833602480e+00	659	Upsilon_RHS_Linf	0.00000000000000000e+00	4.13527130307069442e+01	1.37842376769023161e+02	3	0	0	-2.38750000000000000e+01	-2.38750000000000000e+01	-2.38750000000000000e+01	0	0	0
2.72409743833602480e+00	659	chi_beta	4.31631358188778791e-01	5.47544233372975975e-01	1.82514744457658673e+00	5	35	70	-5.31250000000000000e-01	-9.37500000000000000e-02	-9.37500000000000000e-02	23	30	30
2.72409743833602480e+00	659	chi_beta_near_r_lt_1	4.31631358188778791e-01	5.47544233372975975e-01	1.82514744457658673e+00	5	35	70	-5.31250000000000000e-01	-9.37500000000000000e-02	-9.37500000000000000e-02	23	30	30
2.72409743833602480e+00	659	chi_beta_inner_r_lt_0p5	3.85463170610844896e-01	4.95093109929839348e-01	1.65031036643279783e+00	5	54	109	2.18750000000000000e-01	2.81250000000000000e-01	-3.43750000000000000e-01	3	4	26
2.72409743833602480e+00	659	chi_beta_annulus_0p5_1	4.31631358188778791e-01	5.47544233372975975e-01	1.82514744457658673e+00	5	35	70	-5.31250000000000000e-01	-9.37500000000000000e-02	-9.37500000000000000e-02	23	30	30
2.72409743833602480e+00	659	chi_beta_annulus_1_1p5	2.02877702559483841e-01	1.00146377243512918e+00	3.33821257478376410e+00	5	61	122	-5.93750000000000000e-01	-6.56250000000000000e-01	4.68750000000000000e-01	22	21	7
2.72409743833602480e+00	659	chi_beta_annulus_1p5_2	1.09387104255671025e-01	1.50097624481535341e+00	5.00325414938451196e+00	5	80	161	1.46875000000000000e+00	2.18750000000000000e-01	2.18750000000000000e-01	23	3	3
2.72409743833602480e+00	659	chi_beta_outer_r_ge_2	6.81248912640065735e-02	2.00073228781363932e+00	6.66910762604546470e+00	5	35	70	-2.18750000000000000e-01	-1.40625000000000000e+00	-1.40625000000000000e+00	28	9	9
2.72409743833602480e+00	659	chi_beta_first_ge_1	0.00000000000000000e+00	inf	0.00000000000000000e+00	0	0	0	0.00000000000000000e+00	0.00000000000000000e+00	0.00000000000000000e+00	0	0	0
2.74058607143147492e+00	663	reference_Ricci	3.60058303367797361e+00	4.70828724166230117e-01	1.56942908055410046e+00	5	35	70	-9.37500000000000000e-02	-2.18750000000000000e-01	-4.06250000000000000e-01	30	28	25
2.74058607143147492e+00	663	reference_Riemann	5.06598399944671041e+00	4.18096505008114128e-01	1.39365501669371383e+00	5	35	70	-4.06250000000000000e-01	-3.12500000000000000e-02	-9.37500000000000000e-02	25	31	30
2.74058607143147492e+00	663	spin_connection	1.82844433748743374e+00	4.36382501367779396e-01	1.45460833789259802e+00	5	35	70	-3.12500000000000000e-02	-1.56250000000000000e-01	-4.06250000000000000e-01	31	29	25
2.74058607143147492e+00	663	spin_derivative	4.60106108679824288e+00	4.95093109929839348e-01	1.65031036643279783e+00	5	35	70	-3.43750000000000000e-01	-9.37500000000000000e-02	-3.43750000000000000e-01	26	30	26
2.74058607143147492e+00	663	Psi	2.56302882846171531e+00	4.70828724166230117e-01	1.56942908055410046e+00	5	35	70	-4.68750000000000000e-01	-3.12500000000000000e-02	-3.12500000000000000e-02	24	31	31
2.74058607143147492e+00	663	Q	4.02200655833326248e+00	4.36382501367779396e-01	1.45460833789259802e+00	5	74	148	-1.56250000000000000e-01	4.06250000000000000e-01	3.12500000000000000e-02	29	6	0
2.74058607143147492e+00	663	Delta	2.91323879942512187e+00	4.36382501367779396e-01	1.45460833789259802e+00	5	48	96	-1.56250000000000000e-01	4.06250000000000000e-01	-3.12500000000000000e-02	29	6	31
2.74058607143147492e+00	663	Pi	3.15560228283584188e+00	4.27337322849291990e-01	1.42445774283097326e+00	5	35	70	-9.37500000000000000e-02	-4.06250000000000000e-01	-9.37500000000000000e-02	30	25	30
2.74058607143147492e+00	663	Phi	1.12319258824720580e+00	3.89059362437147893e-01	1.29686454145715979e+00	5	74	148	-1.56250000000000000e-01	3.43750000000000000e-01	9.37500000000000000e-02	29	5	1
2.74058607143147492e+00	663	GH_constraint	2.90399346829079488e-02	6.08372572935368283e-01	2.02790857645122768e+00	5	80	161	5.93750000000000000e-01	9.37500000000000000e-02	9.37500000000000000e-02	9	1	1
2.74058607143147492e+00	663	reduction_constraint	4.66529417144230605e-03	4.70828724166230117e-01	1.56942908055410046e+00	5	54	109	4.68750000000000000e-01	3.12500000000000000e-02	-3.12500000000000000e-02	7	0	31
2.74058607143147492e+00	663	curl_constraint	8.13992351491082400e-02	4.62457768342148190e-01	1.54152589447382726e+00	5	35	70	-4.06250000000000000e-01	-1.56250000000000000e-01	-1.56250000000000000e-01	25	29	29
2.74058607143147492e+00	663	source_curvature	7.64200071004587400e+00	4.79053428648621604e-01	1.59684476216207205e+00	5	35	70	-9.37500000000000000e-02	-3.12500000000000000e-02	-4.68750000000000000e-01	30	31	24
2.74058607143147492e+00	663	source_QQ	1.01112304478742310e+01	4.36382501367779396e-01	1.45460833789259802e+00	5	61	122	-1.56250000000000000e-01	-3.12500000000000000e-02	4.06250000000000000e-01	29	31	6
2.74058607143147492e+00	663	source_DeltaDelta	5.19988115023356112e+00	4.36382501367779396e-01	1.45460833789259802e+00	5	35	70	-4.06250000000000000e-01	-3.12500000000000000e-02	-1.56250000000000000e-01	25	31	29
2.74058607143147492e+00	663	source_damping	0.00000000000000000e+00	4.13527130307069442e+01	1.37842376769023161e+02	3	0	0	-2.38750000000000000e+01	-2.38750000000000000e+01	-2.38750000000000000e+01	0	0	0
2.74058607143147492e+00	663	source_frame_correction	8.48558409178258866e-01	4.95093109929839348e-01	1.65031036643279783e+00	5	54	109	4.68750000000000000e-01	1.56250000000000000e-01	-3.12500000000000000e-02	7	2	31
2.74058607143147492e+00	663	Psi_RHS_Linf	6.68475731859971889e-01	4.70828724166230117e-01	1.56942908055410046e+00	5	35	70	-3.12500000000000000e-02	-3.12500000000000000e-02	-4.68750000000000000e-01	31	31	24
2.74058607143147492e+00	663	Pi_RHS_Linf	2.08442312960074094e+00	4.70828724166230117e-01	1.56942908055410046e+00	5	35	70	-3.12500000000000000e-02	-3.12500000000000000e-02	-4.68750000000000000e-01	31	31	24
2.74058607143147492e+00	663	Phi_RHS_Linf	1.15016006654881764e+00	5.33085065913499356e-01	1.77695021971166467e+00	5	80	161	5.31250000000000000e-01	3.12500000000000000e-02	3.12500000000000000e-02	8	0	0
2.74058607143147492e+00	663	Hhat_RHS_Linf	0.00000000000000000e+00	4.13527130307069442e+01	1.37842376769023161e+02	3	0	0	-2.38750000000000000e+01	-2.38750000000000000e+01	-2.38750000000000000e+01	0	0	0
2.74058607143147492e+00	663	theta_RHS_Linf	0.00000000000000000e+00	4.13527130307069442e+01	1.37842376769023161e+02	3	0	0	-2.38750000000000000e+01	-2.38750000000000000e+01	-2.38750000000000000e+01	0	0	0
2.74058607143147492e+00	663	Upsilon_RHS_Linf	0.00000000000000000e+00	4.13527130307069442e+01	1.37842376769023161e+02	3	0	0	-2.38750000000000000e+01	-2.38750000000000000e+01	-2.38750000000000000e+01	0	0	0
2.74058607143147492e+00	663	chi_beta	4.37782415226005972e-01	5.47544233372975975e-01	1.82514744457658673e+00	5	48	96	-9.37500000000000000e-02	9.37500000000000000e-02	-5.31250000000000000e-01	30	1	23
2.74058607143147492e+00	663	chi_beta_near_r_lt_1	4.37782415226005972e-01	5.47544233372975975e-01	1.82514744457658673e+00	5	48	96	-9.37500000000000000e-02	9.37500000000000000e-02	-5.31250000000000000e-01	30	1	23
2.74058607143147492e+00	663	chi_beta_inner_r_lt_0p5	3.90845688048415296e-01	4.95093109929839348e-01	1.65031036643279783e+00	5	61	122	-9.37500000000000000e-02	-3.43750000000000000e-01	3.43750000000000000e-01	30	26	5
2.74058607143147492e+00	663	chi_beta_annulus_0p5_1	4.37782415226005972e-01	5.47544233372975975e-01	1.82514744457658673e+00	5	48	96	-9.37500000000000000e-02	9.37500000000000000e-02	-5.31250000000000000e-01	30	1	23
2.74058607143147492e+00	663	chi_beta_annulus_1_1p5	2.05858793615848856e-01	1.00146377243512918e+00	3.33821257478376410e+00	5	35	70	-5.93750000000000000e-01	-4.68750000000000000e-01	-6.56250000000000000e-01	22	24	21
2.74058607143147492e+00	663	chi_beta_annulus_1p5_2	1.10987749903828231e-01	1.50097624481535341e+00	5.00325414938451196e+00	5	48	96	-2.18750000000000000e-01	2.18750000000000000e-01	-1.46875000000000000e+00	28	3	8
2.74058607143147492e+00	663	chi_beta_outer_r_ge_2	6.91142762079771933e-02	2.00073228781363932e+00	6.66910762604546470e+00	5	35	70	-2.18750000000000000e-01	-1.40625000000000000e+00	-1.40625000000000000e+00	28	9	9
2.74058607143147492e+00	663	chi_beta_first_ge_1	0.00000000000000000e+00	inf	0.00000000000000000e+00	0	0	0	0.00000000000000000e+00	0.00000000000000000e+00	0.00000000000000000e+00	0	0	0
2.76119558913730678e+00	668	reference_Ricci	3.61065334685065498e+00	4.79053428648621604e-01	1.59684476216207205e+00	5	35	70	-3.12500000000000000e-02	-4.68750000000000000e-01	-9.37500000000000000e-02	31	24	30
2.76119558913730678e+00	668	reference_Riemann	5.05333030181073806e+00	4.18096505008114128e-01	1.39365501669371383e+00	5	35	70	-2.18750000000000000e-01	-2.81250000000000000e-01	-2.18750000000000000e-01	28	27	28
2.76119558913730678e+00	668	spin_connection	1.84210014010569378e+00	4.36382501367779396e-01	1.45460833789259802e+00	5	35	70	-3.43750000000000000e-01	-1.56250000000000000e-01	-2.18750000000000000e-01	26	29	28
2.76119558913730678e+00	668	spin_derivative	4.66499133333887173e+00	4.95093109929839348e-01	1.65031036643279783e+00	5	35	70	-2.81250000000000000e-01	-3.12500000000000000e-02	-4.06250000000000000e-01	27	31	25
2.76119558913730678e+00	668	Psi	2.57810018153541209e+00	4.70828724166230117e-01	1.56942908055410046e+00	5	35	70	-4.68750000000000000e-01	-3.12500000000000000e-02	-3.12500000000000000e-02	24	31	31
2.76119558913730678e+00	668	Q	4.10334715035443498e+00	4.36382501367779396e-01	1.45460833789259802e+00	5	61	122	-1.56250000000000000e-01	-3.12500000000000000e-02	4.06250000000000000e-01	29	31	6
2.76119558913730678e+00	668	Delta	2.97313241660257388e+00	4.36382501367779396e-01	1.45460833789259802e+00	5	48	96	-1.56250000000000000e-01	4.06250000000000000e-01	-3.12500000000000000e-02	29	6	31
2.76119558913730678e+00	668	Pi	3.20592435144067123e+00	4.27337322849291990e-01	1.42445774283097326e+00	5	48	96	-9.37500000000000000e-02	4.06250000000000000e-01	-9.37500000000000000e-02	30	6	30
2.76119558913730678e+00	668	Phi	1.15319884110663340e+00	3.89059362437147893e-01	1.29686454145715979e+00	5	74	148	-1.56250000000000000e-01	3.43750000000000000e-01	9.37500000000000000e-02	29	5	1
2.76119558913730678e+00	668	GH_constraint	2.94612026968950336e-02	6.08372572935368283e-01	2.02790857645122768e+00	5	80	161	5.93750000000000000e-01	9.37500000000000000e-02	9.37500000000000000e-02	9	1	1
2.76119558913730678e+00	668	reduction_constraint	4.83272722655088936e-03	4.70828724166230117e-01	1.56942908055410046e+00	5	54	109	4.68750000000000000e-01	3.12500000000000000e-02	-3.12500000000000000e-02	7	0	31
2.76119558913730678e+00	668	curl_constraint	8.49198920789129424e-02	4.62457768342148190e-01	1.54152589447382726e+00	5	54	109	1.56250000000000000e-01	4.06250000000000000e-01	-1.56250000000000000e-01	2	6	29
2.76119558913730678e+00	668	source_curvature	7.68725747113818958e+00	4.87139289628746752e-01	1.62379763209582251e+00	5	74	148	-4.68750000000000000e-01	9.37500000000000000e-02	9.37500000000000000e-02	24	1	1
2.76119558913730678e+00	668	source_QQ	1.03555776733530411e+01	4.36382501367779396e-01	1.45460833789259802e+00	5	61	122	-4.06250000000000000e-01	-3.12500000000000000e-02	1.56250000000000000e-01	25	31	2
2.76119558913730678e+00	668	source_DeltaDelta	5.32464506817146344e+00	4.36382501367779396e-01	1.45460833789259802e+00	5	80	161	1.56250000000000000e-01	3.12500000000000000e-02	4.06250000000000000e-01	2	0	6
2.76119558913730678e+00	668	source_damping	0.00000000000000000e+00	4.13527130307069442e+01	1.37842376769023161e+02	3	0	0	-2.38750000000000000e+01	-2.38750000000000000e+01	-2.38750000000000000e+01	0	0	0
2.76119558913730678e+00	668	source_frame_correction	8.74856098376202596e-01	4.95093109929839348e-01	1.65031036643279783e+00	5	41	83	4.68750000000000000e-01	-3.12500000000000000e-02	-1.56250000000000000e-01	7	31	29
2.76119558913730678e+00	668	Psi_RHS_Linf	6.82772155970488126e-01	4.70828724166230117e-01	1.56942908055410046e+00	5	35	70	-3.12500000000000000e-02	-3.12500000000000000e-02	-4.68750000000000000e-01	31	31	24
2.76119558913730678e+00	668	Pi_RHS_Linf	2.12056290710046014e+00	4.70828724166230117e-01	1.56942908055410046e+00	5	41	83	3.12500000000000000e-02	-3.12500000000000000e-02	-4.68750000000000000e-01	0	31	24
2.76119558913730678e+00	668	Phi_RHS_Linf	1.18216643120261566e+00	5.33085065913499356e-01	1.77695021971166467e+00	5	61	122	-5.31250000000000000e-01	-3.12500000000000000e-02	3.12500000000000000e-02	23	31	0
2.76119558913730678e+00	668	Hhat_RHS_Linf	0.00000000000000000e+00	4.13527130307069442e+01	1.37842376769023161e+02	3	0	0	-2.38750000000000000e+01	-2.38750000000000000e+01	-2.38750000000000000e+01	0	0	0
2.76119558913730678e+00	668	theta_RHS_Linf	0.00000000000000000e+00	4.13527130307069442e+01	1.37842376769023161e+02	3	0	0	-2.38750000000000000e+01	-2.38750000000000000e+01	-2.38750000000000000e+01	0	0	0
2.76119558913730678e+00	668	Upsilon_RHS_Linf	0.00000000000000000e+00	4.13527130307069442e+01	1.37842376769023161e+02	3	0	0	-2.38750000000000000e+01	-2.38750000000000000e+01	-2.38750000000000000e+01	0	0	0
2.76119558913730678e+00	668	chi_beta	4.45523726537348841e-01	5.47544233372975975e-01	1.82514744457658673e+00	5	61	122	-9.37500000000000000e-02	-9.37500000000000000e-02	5.31250000000000000e-01	30	30	8
2.76119558913730678e+00	668	chi_beta_near_r_lt_1	4.45523726537348841e-01	5.47544233372975975e-01	1.82514744457658673e+00	5	61	122	-9.37500000000000000e-02	-9.37500000000000000e-02	5.31250000000000000e-01	30	30	8
2.76119558913730678e+00	668	chi_beta_inner_r_lt_0p5	3.97625478381852637e-01	4.95093109929839348e-01	1.65031036643279783e+00	5	35	70	-3.43750000000000000e-01	-9.37500000000000000e-02	-3.43750000000000000e-01	26	30	26
2.76119558913730678e+00	668	chi_beta_annulus_0p5_1	4.45523726537348841e-01	5.47544233372975975e-01	1.82514744457658673e+00	5	61	122	-9.37500000000000000e-02	-9.37500000000000000e-02	5.31250000000000000e-01	30	30	8
2.76119558913730678e+00	668	chi_beta_annulus_1_1p5	2.09611182210598823e-01	1.00146377243512918e+00	3.33821257478376410e+00	5	35	70	-5.93750000000000000e-01	-4.68750000000000000e-01	-6.56250000000000000e-01	22	24	21
2.76119558913730678e+00	668	chi_beta_annulus_1p5_2	1.13002293731872303e-01	1.50097624481535341e+00	5.00325414938451196e+00	5	35	70	-2.18750000000000000e-01	-2.18750000000000000e-01	-1.46875000000000000e+00	28	28	8
2.76119558913730678e+00	668	chi_beta_outer_r_ge_2	7.03593707750296282e-02	2.00073228781363932e+00	6.66910762604546470e+00	5	35	70	-2.18750000000000000e-01	-1.40625000000000000e+00	-1.40625000000000000e+00	28	9	9
2.76119558913730678e+00	668	chi_beta_first_ge_1	0.00000000000000000e+00	inf	0.00000000000000000e+00	0	0	0	0.00000000000000000e+00	0.00000000000000000e+00	0.00000000000000000e+00	0	0	0
2.78180368227243413e+00	673	reference_Ricci	3.62251313592335045e+00	4.79053428648621604e-01	1.59684476216207205e+00	5	35	70	-9.37500000000000000e-02	-3.12500000000000000e-02	-4.68750000000000000e-01	30	31	24
2.78180368227243413e+00	673	reference_Riemann	5.03897866049971199e+00	4.18096505008114128e-01	1.39365501669371383e+00	5	35	70	-3.43750000000000000e-01	-9.37500000000000000e-02	-2.18750000000000000e-01	26	30	28
2.78180368227243413e+00	673	spin_connection	1.85593259529001675e+00	4.36382501367779396e-01	1.45460833789259802e+00	5	35	70	-2.18750000000000000e-01	-3.43750000000000000e-01	-1.56250000000000000e-01	28	26	29
2.78180368227243413e+00	673	spin_derivative	4.72958466984155024e+00	4.95093109929839348e-01	1.65031036643279783e+00	5	35	70	-3.43750000000000000e-01	-3.43750000000000000e-01	-9.37500000000000000e-02	26	26	30
2.78180368227243413e+00	673	Psi	2.59349556832581341e+00	4.70828724166230117e-01	1.56942908055410046e+00	5	35	70	-4.68750000000000000e-01	-3.12500000000000000e-02	-3.12500000000000000e-02	24	31	31
2.78180368227243413e+00	673	Q	4.18599965745741809e+00	4.36382501367779396e-01	1.45460833789259802e+00	5	61	122	-1.56250000000000000e-01	-3.12500000000000000e-02	4.06250000000000000e-01	29	31	6
2.78180368227243413e+00	673	Delta	3.03405467275461804e+00	4.36382501367779396e-01	1.45460833789259802e+00	5	48	96	-1.56250000000000000e-01	4.06250000000000000e-01	-3.12500000000000000e-02	29	6	31
2.78180368227243413e+00	673	Pi	3.25658868593885620e+00	4.27337322849291990e-01	1.42445774283097326e+00	5	35	70	-4.06250000000000000e-01	-9.37500000000000000e-02	-9.37500000000000000e-02	25	30	30
2.78180368227243413e+00	673	Phi	1.18382729000224218e+00	3.89059362437147893e-01	1.29686454145715979e+00	5	74	148	-1.56250000000000000e-01	3.43750000000000000e-01	9.37500000000000000e-02	29	5	1
2.78180368227243413e+00	673	GH_constraint	2.98912348652202210e-02	6.08372572935368283e-01	2.02790857645122768e+00	5	80	161	5.93750000000000000e-01	9.37500000000000000e-02	9.37500000000000000e-02	9	1	1
2.78180368227243413e+00	673	reduction_constraint	5.00523938393045674e-03	4.70828724166230117e-01	1.56942908055410046e+00	5	61	122	-3.12500000000000000e-02	-3.12500000000000000e-02	4.68750000000000000e-01	31	31	7
2.78180368227243413e+00	673	curl_constraint	8.85450756595772270e-02	4.62457768342148190e-01	1.54152589447382726e+00	5	80	161	1.56250000000000000e-01	4.06250000000000000e-01	1.56250000000000000e-01	2	6	2
2.78180368227243413e+00	673	source_curvature	7.73894884066143529e+00	4.87139289628746752e-01	1.62379763209582251e+00	5	74	148	-4.68750000000000000e-01	9.37500000000000000e-02	9.37500000000000000e-02	24	1	1
2.78180368227243413e+00	673	source_QQ	1.06025462479445292e+01	4.36382501367779396e-01	1.45460833789259802e+00	5	74	148	-4.06250000000000000e-01	3.12500000000000000e-02	1.56250000000000000e-01	25	0	2
2.78180368227243413e+00	673	source_DeltaDelta	5.45061309127775839e+00	4.36382501367779396e-01	1.45460833789259802e+00	5	74	148	-4.06250000000000000e-01	3.12500000000000000e-02	1.56250000000000000e-01	25	0	2
2.78180368227243413e+00	673	source_damping	0.00000000000000000e+00	4.13527130307069442e+01	1.37842376769023161e+02	3	0	0	-2.38750000000000000e+01	-2.38750000000000000e+01	-2.38750000000000000e+01	0	0	0
2.78180368227243413e+00	673	source_frame_correction	9.01931055571236318e-01	4.95093109929839348e-01	1.65031036643279783e+00	5	54	109	3.12500000000000000e-02	4.68750000000000000e-01	-1.56250000000000000e-01	0	7	29
2.78180368227243413e+00	673	Psi_RHS_Linf	6.97372778261143300e-01	4.70828724166230117e-01	1.56942908055410046e+00	5	35	70	-3.12500000000000000e-02	-3.12500000000000000e-02	-4.68750000000000000e-01	31	31	24
2.78180368227243413e+00	673	Pi_RHS_Linf	2.15782982934726775e+00	4.70828724166230117e-01	1.56942908055410046e+00	5	41	83	3.12500000000000000e-02	-4.68750000000000000e-01	-3.12500000000000000e-02	0	24	31
2.78180368227243413e+00	673	Phi_RHS_Linf	1.21510212756412006e+00	5.33085065913499356e-01	1.77695021971166467e+00	5	67	135	3.12500000000000000e-02	-3.12500000000000000e-02	5.31250000000000000e-01	0	31	8
2.78180368227243413e+00	673	Hhat_RHS_Linf	0.00000000000000000e+00	4.13527130307069442e+01	1.37842376769023161e+02	3	0	0	-2.38750000000000000e+01	-2.38750000000000000e+01	-2.38750000000000000e+01	0	0	0
2.78180368227243413e+00	673	theta_RHS_Linf	0.00000000000000000e+00	4.13527130307069442e+01	1.37842376769023161e+02	3	0	0	-2.38750000000000000e+01	-2.38750000000000000e+01	-2.38750000000000000e+01	0	0	0
2.78180368227243413e+00	673	Upsilon_RHS_Linf	0.00000000000000000e+00	4.13527130307069442e+01	1.37842376769023161e+02	3	0	0	-2.38750000000000000e+01	-2.38750000000000000e+01	-2.38750000000000000e+01	0	0	0
2.78180368227243413e+00	673	chi_beta	4.53322739488458248e-01	5.47544233372975975e-01	1.82514744457658673e+00	5	48	96	-9.37500000000000000e-02	9.37500000000000000e-02	-5.31250000000000000e-01	30	1	23
2.78180368227243413e+00	673	chi_beta_near_r_lt_1	4.53322739488458248e-01	5.47544233372975975e-01	1.82514744457658673e+00	5	48	96	-9.37500000000000000e-02	9.37500000000000000e-02	-5.31250000000000000e-01	30	1	23
2.78180368227243413e+00	673	chi_beta_inner_r_lt_0p5	4.04457710826583494e-01	4.95093109929839348e-01	1.65031036643279783e+00	5	61	122	-2.81250000000000000e-01	-3.12500000000000000e-02	4.06250000000000000e-01	27	31	6
2.78180368227243413e+00	673	chi_beta_annulus_0p5_1	4.53322739488458248e-01	5.47544233372975975e-01	1.82514744457658673e+00	5	48	96	-9.37500000000000000e-02	9.37500000000000000e-02	-5.31250000000000000e-01	30	1	23
2.78180368227243413e+00	673	chi_beta_annulus_1_1p5	2.13392073286740758e-01	1.00146377243512918e+00	3.33821257478376410e+00	5	61	122	-5.93750000000000000e-01	-6.56250000000000000e-01	4.68750000000000000e-01	22	21	7
2.78180368227243413e+00	673	chi_beta_annulus_1p5_2	1.15031872445151992e-01	1.50097624481535341e+00	5.00325414938451196e+00	5	61	122	-1.46875000000000000e+00	-2.18750000000000000e-01	2.18750000000000000e-01	8	28	3
2.78180368227243413e+00	673	chi_beta_outer_r_ge_2	7.16136231199082374e-02	2.00073228781363932e+00	6.66910762604546470e+00	5	35	70	-2.18750000000000000e-01	-1.40625000000000000e+00	-1.40625000000000000e+00	28	9	9
2.78180368227243413e+00	673	chi_beta_first_ge_1	0.00000000000000000e+00	inf	0.00000000000000000e+00	0	0	0	0.00000000000000000e+00	0.00000000000000000e+00	0.00000000000000000e+00	0	0	0
2.80241034090102836e+00	678	reference_Ricci	3.64054469762495581e+00	4.87139289628746752e-01	1.62379763209582251e+00	5	35	70	-1.56250000000000000e-01	-2.18750000000000000e-01	-4.06250000000000000e-01	29	28	25
2.80241034090102836e+00	678	reference_Riemann	5.02291843974420171e+00	4.18096505008114128e-01	1.39365501669371383e+00	5	35	70	-3.43750000000000000e-01	-9.37500000000000000e-02	-2.18750000000000000e-01	26	30	28
2.80241034090102836e+00	678	spin_connection	1.86993960074236631e+00	4.36382501367779396e-01	1.45460833789259802e+00	5	35	70	-1.56250000000000000e-01	-3.43750000000000000e-01	-2.18750000000000000e-01	29	26	28
2.80241034090102836e+00	678	spin_derivative	4.79484183561476307e+00	4.95093109929839348e-01	1.65031036643279783e+00	5	35	70	-4.06250000000000000e-01	-2.81250000000000000e-01	-3.12500000000000000e-02	25	27	31
2.80241034090102836e+00	678	Psi	2.60922062977653013e+00	4.70828724166230117e-01	1.56942908055410046e+00	5	35	70	-4.68750000000000000e-01	-3.12500000000000000e-02	-3.12500000000000000e-02	24	31	31
2.80241034090102836e+00	678	Q	4.26998319957673544e+00	4.36382501367779396e-01	1.45460833789259802e+00	5	35	70	-4.06250000000000000e-01	-1.56250000000000000e-01	-3.12500000000000000e-02	25	29	31
2.80241034090102836e+00	678	Delta	3.09602278929074393e+00	4.36382501367779396e-01	1.45460833789259802e+00	5	48	96	-1.56250000000000000e-01	4.06250000000000000e-01	-3.12500000000000000e-02	29	6	31
2.80241034090102836e+00	678	Pi	3.30758843065298302e+00	4.27337322849291990e-01	1.42445774283097326e+00	5	35	70	-4.06250000000000000e-01	-9.37500000000000000e-02	-9.37500000000000000e-02	25	30	30
2.80241034090102836e+00	678	Phi	1.21508704840807225e+00	3.89059362437147893e-01	1.29686454145715979e+00	5	74	148	-1.56250000000000000e-01	3.43750000000000000e-01	9.37500000000000000e-02	29	5	1
2.80241034090102836e+00	678	GH_constraint	3.03307565926299316e-02	6.08372572935368283e-01	2.02790857645122768e+00	5	80	161	5.93750000000000000e-01	9.37500000000000000e-02	9.37500000000000000e-02	9	1	1
2.80241034090102836e+00	678	reduction_constraint	5.18297670463602634e-03	4.70828724166230117e-01	1.56942908055410046e+00	5	61	122	-3.12500000000000000e-02	-3.12500000000000000e-02	4.68750000000000000e-01	31	31	7
2.80241034090102836e+00	678	curl_constraint	9.22747449819049381e-02	4.62457768342148190e-01	1.54152589447382726e+00	5	80	161	1.56250000000000000e-01	4.06250000000000000e-01	1.56250000000000000e-01	2	6	2
2.80241034090102836e+00	678	source_curvature	7.79114210459809087e+00	4.87139289628746752e-01	1.62379763209582251e+00	5	74	148	-4.68750000000000000e-01	9.37500000000000000e-02	9.37500000000000000e-02	24	1	1
2.80241034090102836e+00	678	source_QQ	1.08521035811007653e+01	4.36382501367779396e-01	1.45460833789259802e+00	5	61	122	-3.12500000000000000e-02	-1.56250000000000000e-01	4.06250000000000000e-01	31	29	6
2.80241034090102836e+00	678	source_DeltaDelta	5.57774904196332511e+00	4.36382501367779396e-01	1.45460833789259802e+00	5	61	122	-3.12500000000000000e-02	-1.56250000000000000e-01	4.06250000000000000e-01	31	29	6
2.80241034090102836e+00	678	source_damping	0.00000000000000000e+00	4.13527130307069442e+01	1.37842376769023161e+02	3	0	0	-2.38750000000000000e+01	-2.38750000000000000e+01	-2.38750000000000000e+01	0	0	0
2.80241034090102836e+00	678	source_frame_correction	9.29802372248556885e-01	4.95093109929839348e-01	1.65031036643279783e+00	5	61	122	-1.56250000000000000e-01	-3.12500000000000000e-02	4.68750000000000000e-01	29	31	7
2.80241034090102836e+00	678	Psi_RHS_Linf	7.12286772579846628e-01	4.70828724166230117e-01	1.56942908055410046e+00	5	35	70	-3.12500000000000000e-02	-3.12500000000000000e-02	-4.68750000000000000e-01	31	31	24
2.80241034090102836e+00	678	Pi_RHS_Linf	2.19628159431873460e+00	4.70828724166230117e-01	1.56942908055410046e+00	5	41	83	3.12500000000000000e-02	-3.12500000000000000e-02	-4.68750000000000000e-01	0	31	24
2.80241034090102836e+00	678	Phi_RHS_Linf	1.24900328073900990e+00	5.33085065913499356e-01	1.77695021971166467e+00	5	67	135	3.12500000000000000e-02	-3.12500000000000000e-02	5.31250000000000000e-01	0	31	8
2.80241034090102836e+00	678	Hhat_RHS_Linf	0.00000000000000000e+00	4.13527130307069442e+01	1.37842376769023161e+02	3	0	0	-2.38750000000000000e+01	-2.38750000000000000e+01	-2.38750000000000000e+01	0	0	0
2.80241034090102836e+00	678	theta_RHS_Linf	0.00000000000000000e+00	4.13527130307069442e+01	1.37842376769023161e+02	3	0	0	-2.38750000000000000e+01	-2.38750000000000000e+01	-2.38750000000000000e+01	0	0	0
2.80241034090102836e+00	678	Upsilon_RHS_Linf	0.00000000000000000e+00	4.13527130307069442e+01	1.37842376769023161e+02	3	0	0	-2.38750000000000000e+01	-2.38750000000000000e+01	-2.38750000000000000e+01	0	0	0
2.80241034090102836e+00	678	chi_beta	4.61178770075510724e-01	5.47544233372975975e-01	1.82514744457658673e+00	5	74	148	-9.37500000000000000e-02	9.37500000000000000e-02	5.31250000000000000e-01	30	1	8
2.80241034090102836e+00	678	chi_beta_near_r_lt_1	4.61178770075510724e-01	5.47544233372975975e-01	1.82514744457658673e+00	5	74	148	-9.37500000000000000e-02	9.37500000000000000e-02	5.31250000000000000e-01	30	1	8
2.80241034090102836e+00	678	chi_beta_inner_r_lt_0p5	4.11346076737811484e-01	4.95093109929839348e-01	1.65031036643279783e+00	5	35	70	-3.12500000000000000e-02	-4.06250000000000000e-01	-2.81250000000000000e-01	31	25	27
2.80241034090102836e+00	678	chi_beta_annulus_0p5_1	4.61178770075510724e-01	5.47544233372975975e-01	1.82514744457658673e+00	5	74	148	-9.37500000000000000e-02	9.37500000000000000e-02	5.31250000000000000e-01	30	1	8
2.80241034090102836e+00	678	chi_beta_annulus_1_1p5	2.17201015304371720e-01	1.00146377243512918e+00	3.33821257478376410e+00	5	41	83	4.68750000000000000e-01	-5.93750000000000000e-01	-6.56250000000000000e-01	7	22	21
2.80241034090102836e+00	678	chi_beta_annulus_1p5_2	1.17076237704163144e-01	1.50097624481535341e+00	5.00325414938451196e+00	5	61	122	-1.46875000000000000e+00	-2.18750000000000000e-01	2.18750000000000000e-01	8	28	3
2.80241034090102836e+00	678	chi_beta_outer_r_ge_2	7.28768866230008194e-02	2.00073228781363932e+00	6.66910762604546470e+00	5	35	70	-2.18750000000000000e-01	-1.40625000000000000e+00	-1.40625000000000000e+00	28	9	9
2.80241034090102836e+00	678	chi_beta_first_ge_1	0.00000000000000000e+00	inf	0.00000000000000000e+00	0	0	0	0.00000000000000000e+00	0.00000000000000000e+00	0.00000000000000000e+00	0	0	0
2.82301555521921976e+00	683	reference_Ricci	3.65899457212985135e+00	4.87139289628746752e-01	1.62379763209582251e+00	5	35	70	-2.81250000000000000e-01	-2.81250000000000000e-01	-2.81250000000000000e-01	27	27	27
2.82301555521921976e+00	683	reference_Riemann	5.00513970879454551e+00	4.18096505008114128e-01	1.39365501669371383e+00	5	35	70	-2.18750000000000000e-01	-9.37500000000000000e-02	-3.43750000000000000e-01	28	30	26
2.82301555521921976e+00	683	spin_connection	1.88411898724445948e+00	4.36382501367779396e-01	1.45460833789259802e+00	5	35	70	-3.43750000000000000e-01	-1.56250000000000000e-01	-2.18750000000000000e-01	26	29	28
2.82301555521921976e+00	683	spin_derivative	4.86329998685259213e+00	5.02921154357221289e-01	1.67640384785740437e+00	5	35	70	-1.56250000000000000e-01	-9.37500000000000000e-02	-4.68750000000000000e-01	29	30	24
2.82301555521921976e+00	683	Psi	2.62528109332172388e+00	4.70828724166230117e-01	1.56942908055410046e+00	5	35	70	-4.68750000000000000e-01	-3.12500000000000000e-02	-3.12500000000000000e-02	24	31	31
2.82301555521921976e+00	683	Q	4.35531743366483859e+00	4.36382501367779396e-01	1.45460833789259802e+00	5	80	161	4.06250000000000000e-01	1.56250000000000000e-01	3.12500000000000000e-02	6	2	0
2.82301555521921976e+00	683	Delta	3.15905442013950744e+00	4.36382501367779396e-01	1.45460833789259802e+00	5	48	96	-1.56250000000000000e-01	4.06250000000000000e-01	-3.12500000000000000e-02	29	6	31
2.82301555521921976e+00	683	Pi	3.35891650462042479e+00	4.27337322849291990e-01	1.42445774283097326e+00	5	35	70	-4.06250000000000000e-01	-9.37500000000000000e-02	-9.37500000000000000e-02	25	30	30
2.82301555521921976e+00	683	Phi	1.24698726768594814e+00	3.89059362437147893e-01	1.29686454145715979e+00	5	74	148	-1.56250000000000000e-01	3.43750000000000000e-01	9.37500000000000000e-02	29	5	1
2.82301555521921976e+00	683	GH_constraint	3.07806111745254837e-02	6.08372572935368283e-01	2.02790857645122768e+00	5	80	161	5.93750000000000000e-01	9.37500000000000000e-02	9.37500000000000000e-02	9	1	1
2.82301555521921976e+00	683	reduction_constraint	5.36609042012938832e-03	4.70828724166230117e-01	1.56942908055410046e+00	5	61	122	-3.12500000000000000e-02	-3.12500000000000000e-02	4.68750000000000000e-01	31	31	7
2.82301555521921976e+00	683	curl_constraint	9.61086060719522212e-02	4.62457768342148190e-01	1.54152589447382726e+00	5	80	161	1.56250000000000000e-01	4.06250000000000000e-01	1.56250000000000000e-01	2	6	2
2.82301555521921976e+00	683	source_curvature	7.85261478614403519e+00	4.95093109929839348e-01	1.65031036643279783e+00	5	41	83	4.68750000000000000e-01	-1.56250000000000000e-01	-3.12500000000000000e-02	7	29	31
2.82301555521921976e+00	683	source_QQ	1.11042200447132569e+01	4.36382501367779396e-01	1.45460833789259802e+00	5	80	161	4.06250000000000000e-01	3.12500000000000000e-02	1.56250000000000000e-01	6	0	2
2.82301555521921976e+00	683	source_DeltaDelta	5.70601639589046972e+00	4.36382501367779396e-01	1.45460833789259802e+00	5	74	148	-4.06250000000000000e-01	3.12500000000000000e-02	1.56250000000000000e-01	25	0	2
2.82301555521921976e+00	683	source_damping	0.00000000000000000e+00	4.13527130307069442e+01	1.37842376769023161e+02	3	0	0	-2.38750000000000000e+01	-2.38750000000000000e+01	-2.38750000000000000e+01	0	0	0
2.82301555521921976e+00	683	source_frame_correction	9.58489336465573549e-01	4.95093109929839348e-01	1.65031036643279783e+00	5	54	109	4.68750000000000000e-01	1.56250000000000000e-01	-3.12500000000000000e-02	7	2	31
2.82301555521921976e+00	683	Psi_RHS_Linf	7.27523737457845598e-01	4.70828724166230117e-01	1.56942908055410046e+00	5	35	70	-3.12500000000000000e-02	-3.12500000000000000e-02	-4.68750000000000000e-01	31	31	24
2.82301555521921976e+00	683	Pi_RHS_Linf	2.23597897474878149e+00	4.70828724166230117e-01	1.56942908055410046e+00	5	35	70	-3.12500000000000000e-02	-3.12500000000000000e-02	-4.68750000000000000e-01	31	31	24
2.82301555521921976e+00	683	Phi_RHS_Linf	1.28390769493031764e+00	5.33085065913499356e-01	1.77695021971166467e+00	5	61	122	-5.31250000000000000e-01	-3.12500000000000000e-02	3.12500000000000000e-02	23	31	0
2.82301555521921976e+00	683	Hhat_RHS_Linf	0.00000000000000000e+00	4.13527130307069442e+01	1.37842376769023161e+02	3	0	0	-2.38750000000000000e+01	-2.38750000000000000e+01	-2.38750000000000000e+01	0	0	0
2.82301555521921976e+00	683	theta_RHS_Linf	0.00000000000000000e+00	4.13527130307069442e+01	1.37842376769023161e+02	3	0	0	-2.38750000000000000e+01	-2.38750000000000000e+01	-2.38750000000000000e+01	0	0	0
2.82301555521921976e+00	683	Upsilon_RHS_Linf	0.00000000000000000e+00	4.13527130307069442e+01	1.37842376769023161e+02	3	0	0	-2.38750000000000000e+01	-2.38750000000000000e+01	-2.38750000000000000e+01	0	0	0
2.82301555521921976e+00	683	chi_beta	4.69091113346381150e-01	5.47544233372975975e-01	1.82514744457658673e+00	5	74	148	-9.37500000000000000e-02	9.37500000000000000e-02	5.31250000000000000e-01	30	1	8
2.82301555521921976e+00	683	chi_beta_near_r_lt_1	4.69091113346381150e-01	5.47544233372975975e-01	1.82514744457658673e+00	5	74	148	-9.37500000000000000e-02	9.37500000000000000e-02	5.31250000000000000e-01	30	1	8
2.82301555521921976e+00	683	chi_beta_inner_r_lt_0p5	4.18285668976494274e-01	4.95093109929839348e-01	1.65031036643279783e+00	5	61	122	-4.06250000000000000e-01	-3.12500000000000000e-02	2.81250000000000000e-01	25	31	4
2.82301555521921976e+00	683	chi_beta_annulus_0p5_1	4.69091113346381150e-01	5.47544233372975975e-01	1.82514744457658673e+00	5	74	148	-9.37500000000000000e-02	9.37500000000000000e-02	5.31250000000000000e-01	30	1	8
2.82301555521921976e+00	683	chi_beta_annulus_1_1p5	2.21037548344018592e-01	1.00146377243512918e+00	3.33821257478376410e+00	5	61	122	-5.93750000000000000e-01	-6.56250000000000000e-01	4.68750000000000000e-01	22	21	7
2.82301555521921976e+00	683	chi_beta_annulus_1p5_2	1.19135137176007336e-01	1.50097624481535341e+00	5.00325414938451196e+00	5	35	70	-2.18750000000000000e-01	-2.18750000000000000e-01	-1.46875000000000000e+00	28	28	8
2.82301555521921976e+00	683	chi_beta_outer_r_ge_2	7.41490124755615765e-02	2.00073228781363932e+00	6.66910762604546470e+00	5	41	83	1.40625000000000000e+00	-2.18750000000000000e-01	-1.40625000000000000e+00	22	28	9
2.82301555521921976e+00	683	chi_beta_first_ge_1	0.00000000000000000e+00	inf	0.00000000000000000e+00	0	0	0	0.00000000000000000e+00	0.00000000000000000e+00	0.00000000000000000e+00	0	0	0
2.84361931555669134e+00	688	reference_Ricci	3.68046836386254794e+00	4.95093109929839348e-01	1.65031036643279783e+00	5	35	70	-3.12500000000000000e-02	-1.56250000000000000e-01	-4.68750000000000000e-01	31	29	24
2.84361931555669134e+00	688	reference_Riemann	4.98563326276647523e+00	4.18096505008114128e-01	1.39365501669371383e+00	5	35	70	-4.06250000000000000e-01	-3.12500000000000000e-02	-9.37500000000000000e-02	25	31	30
2.84361931555669134e+00	688	spin_connection	1.89846852153261092e+00	4.36382501367779396e-01	1.45460833789259802e+00	5	35	70	-3.12500000000000000e-02	-1.56250000000000000e-01	-4.06250000000000000e-01	31	29	25
2.84361931555669134e+00	688	spin_derivative	4.93457808217060911e+00	5.02921154357221289e-01	1.67640384785740437e+00	5	35	70	-1.56250000000000000e-01	-9.37500000000000000e-02	-4.68750000000000000e-01	29	30	24
2.84361931555669134e+00	688	Psi	2.64168277601819135e+00	4.70828724166230117e-01	1.56942908055410046e+00	5	35	70	-4.68750000000000000e-01	-3.12500000000000000e-02	-3.12500000000000000e-02	24	31	31
2.84361931555669134e+00	688	Q	4.44202261348942784e+00	4.36382501367779396e-01	1.45460833789259802e+00	5	74	148	-1.56250000000000000e-01	4.06250000000000000e-01	3.12500000000000000e-02	29	6	0
2.84361931555669134e+00	688	Delta	3.22316768247748664e+00	4.36382501367779396e-01	1.45460833789259802e+00	5	48	96	-1.56250000000000000e-01	4.06250000000000000e-01	-3.12500000000000000e-02	29	6	31
2.84361931555669134e+00	688	Pi	3.41056561228693500e+00	4.27337322849291990e-01	1.42445774283097326e+00	5	35	70	-4.06250000000000000e-01	-9.37500000000000000e-02	-9.37500000000000000e-02	25	30	30
2.84361931555669134e+00	688	Phi	1.27953713535338598e+00	3.89059362437147893e-01	1.29686454145715979e+00	5	54	109	3.43750000000000000e-01	9.37500000000000000e-02	-1.56250000000000000e-01	5	1	29
2.84361931555669134e+00	688	GH_constraint	3.12417737446787115e-02	6.08372572935368283e-01	2.02790857645122768e+00	5	80	161	5.93750000000000000e-01	9.37500000000000000e-02	9.37500000000000000e-02	9	1	1
2.84361931555669134e+00	688	reduction_constraint	5.55473713655261700e-03	4.70828724166230117e-01	1.56942908055410046e+00	5	61	122	-3.12500000000000000e-02	-3.12500000000000000e-02	4.68750000000000000e-01	31	31	7
2.84361931555669134e+00	688	curl_constraint	1.00046096748797844e-01	4.62457768342148190e-01	1.54152589447382726e+00	5	80	161	1.56250000000000000e-01	4.06250000000000000e-01	1.56250000000000000e-01	2	6	2
2.84361931555669134e+00	688	source_curvature	7.92025010401195306e+00	4.95093109929839348e-01	1.65031036643279783e+00	5	61	122	-3.12500000000000000e-02	-1.56250000000000000e-01	4.68750000000000000e-01	31	29	7
2.84361931555669134e+00	688	source_QQ	1.13588695173044254e+01	4.36382501367779396e-01	1.45460833789259802e+00	5	80	161	4.06250000000000000e-01	3.12500000000000000e-02	1.56250000000000000e-01	6	0	2
2.84361931555669134e+00	688	source_DeltaDelta	5.83537842763358405e+00	4.36382501367779396e-01	1.45460833789259802e+00	5	80	161	4.06250000000000000e-01	3.12500000000000000e-02	1.56250000000000000e-01	6	0	2
2.84361931555669134e+00	688	source_damping	0.00000000000000000e+00	4.13527130307069442e+01	1.37842376769023161e+02	3	0	0	-2.38750000000000000e+01	-2.38750000000000000e+01	-2.38750000000000000e+01	0	0	0
2.84361931555669134e+00	688	source_frame_correction	9.88011422468949352e-01	4.95093109929839348e-01	1.65031036643279783e+00	5	54	109	4.68750000000000000e-01	1.56250000000000000e-01	-3.12500000000000000e-02	7	2	31
2.84361931555669134e+00	688	Psi_RHS_Linf	7.43093719848311962e-01	4.70828724166230117e-01	1.56942908055410046e+00	5	35	70	-3.12500000000000000e-02	-3.12500000000000000e-02	-4.68750000000000000e-01	31	31	24
2.84361931555669134e+00	688	Pi_RHS_Linf	2.27698597799581837e+00	4.70828724166230117e-01	1.56942908055410046e+00	5	41	83	3.12500000000000000e-02	-3.12500000000000000e-02	-4.68750000000000000e-01	0	31	24
2.84361931555669134e+00	688	Phi_RHS_Linf	1.31985492738371590e+00	5.33085065913499356e-01	1.77695021971166467e+00	5	67	135	3.12500000000000000e-02	-3.12500000000000000e-02	5.31250000000000000e-01	0	31	8
2.84361931555669134e+00	688	Hhat_RHS_Linf	0.00000000000000000e+00	4.13527130307069442e+01	1.37842376769023161e+02	3	0	0	-2.38750000000000000e+01	-2.38750000000000000e+01	-2.38750000000000000e+01	0	0	0
2.84361931555669134e+00	688	theta_RHS_Linf	0.00000000000000000e+00	4.13527130307069442e+01	1.37842376769023161e+02	3	0	0	-2.38750000000000000e+01	-2.38750000000000000e+01	-2.38750000000000000e+01	0	0	0
2.84361931555669134e+00	688	Upsilon_RHS_Linf	0.00000000000000000e+00	4.13527130307069442e+01	1.37842376769023161e+02	3	0	0	-2.38750000000000000e+01	-2.38750000000000000e+01	-2.38750000000000000e+01	0	0	0
2.84361931555669134e+00	688	chi_beta	4.77059042459012816e-01	5.47544233372975975e-01	1.82514744457658673e+00	5	48	96	-9.37500000000000000e-02	9.37500000000000000e-02	-5.31250000000000000e-01	30	1	23
2.84361931555669134e+00	688	chi_beta_near_r_lt_1	4.77059042459012816e-01	5.47544233372975975e-01	1.82514744457658673e+00	5	48	96	-9.37500000000000000e-02	9.37500000000000000e-02	-5.31250000000000000e-01	30	1	23
2.84361931555669134e+00	688	chi_beta_inner_r_lt_0p5	4.25276353994179068e-01	4.95093109929839348e-01	1.65031036643279783e+00	5	35	70	-4.06250000000000000e-01	-3.12500000000000000e-02	-2.81250000000000000e-01	25	31	27
2.84361931555669134e+00	688	chi_beta_annulus_0p5_1	4.77059042459012816e-01	5.47544233372975975e-01	1.82514744457658673e+00	5	48	96	-9.37500000000000000e-02	9.37500000000000000e-02	-5.31250000000000000e-01	30	1	23
2.84361931555669134e+00	688	chi_beta_annulus_1_1p5	2.24901204195448678e-01	1.00146377243512918e+00	3.33821257478376410e+00	5	48	96	-6.56250000000000000e-01	5.93750000000000000e-01	-4.68750000000000000e-01	21	9	24
2.84361931555669134e+00	688	chi_beta_annulus_1p5_2	1.21208314597630901e-01	1.50097624481535341e+00	5.00325414938451196e+00	5	80	161	1.46875000000000000e+00	2.18750000000000000e-01	2.18750000000000000e-01	23	3	3
2.84361931555669134e+00	688	chi_beta_outer_r_ge_2	7.54298497149219205e-02	2.00073228781363932e+00	6.66910762604546470e+00	5	61	122	-2.18750000000000000e-01	-1.40625000000000000e+00	1.40625000000000000e+00	28	9	22
2.84361931555669134e+00	688	chi_beta_first_ge_1	0.00000000000000000e+00	inf	0.00000000000000000e+00	0	0	0	0.00000000000000000e+00	0.00000000000000000e+00	0.00000000000000000e+00	0	0	0
2.86010127054831864e+00	692	reference_Ricci	3.70093518760789086e+00	4.95093109929839348e-01	1.65031036643279783e+00	5	35	70	-2.81250000000000000e-01	-3.12500000000000000e-02	-4.06250000000000000e-01	27	31	25
2.86010127054831864e+00	692	reference_Riemann	4.97439097286797871e+00	4.70828724166230117e-01	1.56942908055410046e+00	5	35	70	-4.06250000000000000e-01	-2.18750000000000000e-01	-9.37500000000000000e-02	25	28	30
2.86010127054831864e+00	692	spin_connection	1.91006911547777380e+00	4.36382501367779396e-01	1.45460833789259802e+00	5	35	70	-3.12500000000000000e-02	-1.56250000000000000e-01	-4.06250000000000000e-01	31	29	25
2.86010127054831864e+00	692	spin_derivative	4.99215180641007805e+00	5.02921154357221289e-01	1.67640384785740437e+00	5	35	70	-1.56250000000000000e-01	-4.68750000000000000e-01	-9.37500000000000000e-02	29	24	30
2.86010127054831864e+00	692	Psi	2.65505376839250484e+00	4.70828724166230117e-01	1.56942908055410046e+00	5	35	70	-4.68750000000000000e-01	-3.12500000000000000e-02	-3.12500000000000000e-02	24	31	31
2.86010127054831864e+00	692	Q	4.51238787082168891e+00	4.36382501367779396e-01	1.45460833789259802e+00	5	48	96	-1.56250000000000000e-01	4.06250000000000000e-01	-3.12500000000000000e-02	29	6	31
2.86010127054831864e+00	692	Delta	3.27524955823288311e+00	4.36382501367779396e-01	1.45460833789259802e+00	5	48	96	-1.56250000000000000e-01	4.06250000000000000e-01	-3.12500000000000000e-02	29	6	31
2.86010127054831864e+00	692	Pi	3.45211101100896389e+00	4.27337322849291990e-01	1.42445774283097326e+00	5	35	70	-4.06250000000000000e-01	-9.37500000000000000e-02	-9.37500000000000000e-02	25	30	30
2.86010127054831864e+00	692	Phi	1.30605097256402702e+00	3.89059362437147893e-01	1.29686454145715979e+00	5	48	96	-3.43750000000000000e-01	9.37500000000000000e-02	-1.56250000000000000e-01	26	1	29
2.86010127054831864e+00	692	GH_constraint	3.16195943611366562e-02	6.08372572935368283e-01	2.02790857645122768e+00	5	80	161	5.93750000000000000e-01	9.37500000000000000e-02	9.37500000000000000e-02	9	1	1
2.86010127054831864e+00	692	reduction_constraint	5.70974706654067254e-03	4.70828724166230117e-01	1.56942908055410046e+00	5	61	122	-3.12500000000000000e-02	-3.12500000000000000e-02	4.68750000000000000e-01	31	31	7
2.86010127054831864e+00	692	curl_constraint	1.03270144464655961e-01	4.62457768342148190e-01	1.54152589447382726e+00	5	80	161	1.56250000000000000e-01	4.06250000000000000e-01	1.56250000000000000e-01	2	6	2
2.86010127054831864e+00	692	source_curvature	7.97507472565861608e+00	4.95093109929839348e-01	1.65031036643279783e+00	5	35	70	-3.12500000000000000e-02	-4.68750000000000000e-01	-1.56250000000000000e-01	31	24	29
2.86010127054831864e+00	692	source_QQ	1.15643979010015983e+01	4.36382501367779396e-01	1.45460833789259802e+00	5	61	122	-4.06250000000000000e-01	-3.12500000000000000e-02	1.56250000000000000e-01	25	31	2
2.86010127054831864e+00	692	source_DeltaDelta	5.93963150899006020e+00	4.36382501367779396e-01	1.45460833789259802e+00	5	74	148	-4.06250000000000000e-01	1.56250000000000000e-01	3.12500000000000000e-02	25	2	0
2.86010127054831864e+00	692	source_damping	0.00000000000000000e+00	4.13527130307069442e+01	1.37842376769023161e+02	3	0	0	-2.38750000000000000e+01	-2.38750000000000000e+01	-2.38750000000000000e+01	0	0	0
2.86010127054831864e+00	692	source_frame_correction	1.01224357808438725e+00	4.95093109929839348e-01	1.65031036643279783e+00	5	54	109	4.68750000000000000e-01	1.56250000000000000e-01	-3.12500000000000000e-02	7	2	31
2.86010127054831864e+00	692	Psi_RHS_Linf	7.55796531525054105e-01	4.70828724166230117e-01	1.56942908055410046e+00	5	41	83	4.68750000000000000e-01	-3.12500000000000000e-02	-3.12500000000000000e-02	7	31	31
2.86010127054831864e+00	692	Pi_RHS_Linf	2.31077968948619050e+00	4.70828724166230117e-01	1.56942908055410046e+00	5	41	83	3.12500000000000000e-02	-4.68750000000000000e-01	-3.12500000000000000e-02	0	24	31
2.86010127054831864e+00	692	Phi_RHS_Linf	1.34939129079803166e+00	5.33085065913499356e-01	1.77695021971166467e+00	5	67	135	3.12500000000000000e-02	-3.12500000000000000e-02	5.31250000000000000e-01	0	31	8
2.86010127054831864e+00	692	Hhat_RHS_Linf	0.00000000000000000e+00	4.13527130307069442e+01	1.37842376769023161e+02	3	0	0	-2.38750000000000000e+01	-2.38750000000000000e+01	-2.38750000000000000e+01	0	0	0
2.86010127054831864e+00	692	theta_RHS_Linf	0.00000000000000000e+00	4.13527130307069442e+01	1.37842376769023161e+02	3	0	0	-2.38750000000000000e+01	-2.38750000000000000e+01	-2.38750000000000000e+01	0	0	0
2.86010127054831864e+00	692	Upsilon_RHS_Linf	0.00000000000000000e+00	4.13527130307069442e+01	1.37842376769023161e+02	3	0	0	-2.38750000000000000e+01	-2.38750000000000000e+01	-2.38750000000000000e+01	0	0	0
2.86010127054831864e+00	692	chi_beta	4.83472904543174375e-01	5.47544233372975975e-01	1.82514744457658673e+00	5	48	96	-9.37500000000000000e-02	9.37500000000000000e-02	-5.31250000000000000e-01	30	1	23
2.86010127054831864e+00	692	chi_beta_near_r_lt_1	4.83472904543174375e-01	5.47544233372975975e-01	1.82514744457658673e+00	5	48	96	-9.37500000000000000e-02	9.37500000000000000e-02	-5.31250000000000000e-01	30	1	23
2.86010127054831864e+00	692	chi_beta_inner_r_lt_0p5	4.30905605591700769e-01	4.95093109929839348e-01	1.65031036643279783e+00	5	54	109	3.12500000000000000e-02	2.81250000000000000e-01	-4.06250000000000000e-01	0	4	25
2.86010127054831864e+00	692	chi_beta_annulus_0p5_1	4.83472904543174375e-01	5.47544233372975975e-01	1.82514744457658673e+00	5	48	96	-9.37500000000000000e-02	9.37500000000000000e-02	-5.31250000000000000e-01	30	1	23
2.86010127054831864e+00	692	chi_beta_annulus_1_1p5	2.28011337427402316e-01	1.00146377243512918e+00	3.33821257478376410e+00	5	35	70	-5.93750000000000000e-01	-4.68750000000000000e-01	-6.56250000000000000e-01	22	24	21
2.86010127054831864e+00	692	chi_beta_annulus_1p5_2	1.22876961980641145e-01	1.50097624481535341e+00	5.00325414938451196e+00	5	61	122	-1.46875000000000000e+00	-2.18750000000000000e-01	2.18750000000000000e-01	8	28	3
2.86010127054831864e+00	692	chi_beta_outer_r_ge_2	7.64606889048858873e-02	2.00073228781363932e+00	6.66910762604546470e+00	5	35	70	-2.18750000000000000e-01	-1.40625000000000000e+00	-1.40625000000000000e+00	28	9	9
2.86010127054831864e+00	692	chi_beta_first_ge_1	0.00000000000000000e+00	inf	0.00000000000000000e+00	0	0	0	0.00000000000000000e+00	0.00000000000000000e+00	0.00000000000000000e+00	0	0	0
2.88070238978357862e+00	697	reference_Ricci	3.72663210284985169e+00	4.95093109929839348e-01	1.65031036643279783e+00	5	35	70	-2.81250000000000000e-01	-3.12500000000000000e-02	-4.06250000000000000e-01	27	31	25
2.88070238978357862e+00	697	reference_Riemann	4.99355422336054477e+00	4.79053428648621604e-01	1.59684476216207205e+00	5	35	70	-3.12500000000000000e-02	-9.37500000000000000e-02	-4.68750000000000000e-01	31	30	24
2.88070238978357862e+00	697	spin_connection	1.92471909443035072e+00	4.36382501367779396e-01	1.45460833789259802e+00	5	35	70	-3.12500000000000000e-02	-1.56250000000000000e-01	-4.06250000000000000e-01	31	29	25
2.88070238978357862e+00	697	spin_derivative	5.06480821030355877e+00	5.02921154357221289e-01	1.67640384785740437e+00	5	35	70	-9.37500000000000000e-02	-4.68750000000000000e-01	-1.56250000000000000e-01	30	24	29
2.88070238978357862e+00	697	Psi	2.67208460438233919e+00	4.70828724166230117e-01	1.56942908055410046e+00	5	35	70	-4.68750000000000000e-01	-3.12500000000000000e-02	-3.12500000000000000e-02	24	31	31
2.88070238978357862e+00	697	Q	4.60161395973136944e+00	4.36382501367779396e-01	1.45460833789259802e+00	5	74	148	-1.56250000000000000e-01	4.06250000000000000e-01	3.12500000000000000e-02	29	6	0
2.88070238978357862e+00	697	Delta	3.34135702338251939e+00	4.36382501367779396e-01	1.45460833789259802e+00	5	48	96	-1.56250000000000000e-01	4.06250000000000000e-01	-3.12500000000000000e-02	29	6	31
2.88070238978357862e+00	697	Pi	3.50431896104214857e+00	4.27337322849291990e-01	1.42445774283097326e+00	5	35	70	-4.06250000000000000e-01	-9.37500000000000000e-02	-9.37500000000000000e-02	25	30	30
2.88070238978357862e+00	697	Phi	1.33979347023034756e+00	3.89059362437147893e-01	1.29686454145715979e+00	5	74	148	-1.56250000000000000e-01	3.43750000000000000e-01	9.37500000000000000e-02	29	5	1
2.88070238978357862e+00	697	GH_constraint	3.21040490072355897e-02	6.08372572935368283e-01	2.02790857645122768e+00	5	80	161	5.93750000000000000e-01	9.37500000000000000e-02	9.37500000000000000e-02	9	1	1
2.88070238978357862e+00	697	reduction_constraint	5.90876577327837695e-03	4.70828724166230117e-01	1.56942908055410046e+00	5	61	122	-3.12500000000000000e-02	-3.12500000000000000e-02	4.68750000000000000e-01	31	31	7
2.88070238978357862e+00	697	curl_constraint	1.07391838904658879e-01	4.62457768342148190e-01	1.54152589447382726e+00	5	80	161	1.56250000000000000e-01	4.06250000000000000e-01	1.56250000000000000e-01	2	6	2
2.88070238978357862e+00	697	source_curvature	8.04455277306054661e+00	4.95093109929839348e-01	1.65031036643279783e+00	5	35	70	-3.12500000000000000e-02	-4.68750000000000000e-01	-1.56250000000000000e-01	31	24	29
2.88070238978357862e+00	697	source_QQ	1.18235543967763537e+01	4.36382501367779396e-01	1.45460833789259802e+00	5	80	161	4.06250000000000000e-01	3.12500000000000000e-02	1.56250000000000000e-01	6	0	2
2.88070238978357862e+00	697	source_DeltaDelta	6.07087137802074661e+00	4.36382501367779396e-01	1.45460833789259802e+00	5	80	161	4.06250000000000000e-01	3.12500000000000000e-02	1.56250000000000000e-01	6	0	2
2.88070238978357862e+00	697	source_damping	0.00000000000000000e+00	4.13527130307069442e+01	1.37842376769023161e+02	3	0	0	-2.38750000000000000e+01	-2.38750000000000000e+01	-2.38750000000000000e+01	0	0	0
2.88070238978357862e+00	697	source_frame_correction	1.04331851249246932e+00	4.95093109929839348e-01	1.65031036643279783e+00	5	54	109	4.68750000000000000e-01	1.56250000000000000e-01	-3.12500000000000000e-02	7	2	31
2.88070238978357862e+00	697	Psi_RHS_Linf	7.71992791959466684e-01	4.70828724166230117e-01	1.56942908055410046e+00	5	41	83	3.12500000000000000e-02	-3.12500000000000000e-02	-4.68750000000000000e-01	0	31	24
2.88070238978357862e+00	697	Pi_RHS_Linf	2.35431628403444648e+00	4.70828724166230117e-01	1.56942908055410046e+00	5	35	70	-3.12500000000000000e-02	-4.68750000000000000e-01	-3.12500000000000000e-02	31	24	31
2.88070238978357862e+00	697	Phi_RHS_Linf	1.38732116961196783e+00	5.33085065913499356e-01	1.77695021971166467e+00	5	67	135	3.12500000000000000e-02	-3.12500000000000000e-02	5.31250000000000000e-01	0	31	8
2.88070238978357862e+00	697	Hhat_RHS_Linf	0.00000000000000000e+00	4.13527130307069442e+01	1.37842376769023161e+02	3	0	0	-2.38750000000000000e+01	-2.38750000000000000e+01	-2.38750000000000000e+01	0	0	0
2.88070238978357862e+00	697	theta_RHS_Linf	0.00000000000000000e+00	4.13527130307069442e+01	1.37842376769023161e+02	3	0	0	-2.38750000000000000e+01	-2.38750000000000000e+01	-2.38750000000000000e+01	0	0	0
2.88070238978357862e+00	697	Upsilon_RHS_Linf	0.00000000000000000e+00	4.13527130307069442e+01	1.37842376769023161e+02	3	0	0	-2.38750000000000000e+01	-2.38750000000000000e+01	-2.38750000000000000e+01	0	0	0
2.88070238978357862e+00	697	chi_beta	4.91538982881433162e-01	5.47544233372975975e-01	1.82514744457658673e+00	5	48	96	-9.37500000000000000e-02	9.37500000000000000e-02	-5.31250000000000000e-01	30	1	23
2.88070238978357862e+00	697	chi_beta_near_r_lt_1	4.91538982881433162e-01	5.47544233372975975e-01	1.82514744457658673e+00	5	48	96	-9.37500000000000000e-02	9.37500000000000000e-02	-5.31250000000000000e-01	30	1	23
2.88070238978357862e+00	697	chi_beta_inner_r_lt_0p5	4.37987953612689385e-01	4.95093109929839348e-01	1.65031036643279783e+00	5	54	109	3.12500000000000000e-02	2.81250000000000000e-01	-4.06250000000000000e-01	0	4	25
2.88070238978357862e+00	697	chi_beta_annulus_0p5_1	4.91538982881433162e-01	5.47544233372975975e-01	1.82514744457658673e+00	5	48	96	-9.37500000000000000e-02	9.37500000000000000e-02	-5.31250000000000000e-01	30	1	23
2.88070238978357862e+00	697	chi_beta_annulus_1_1p5	2.31922608341317837e-01	1.00146377243512918e+00	3.33821257478376410e+00	5	35	70	-5.93750000000000000e-01	-4.68750000000000000e-01	-6.56250000000000000e-01	22	24	21
2.88070238978357862e+00	697	chi_beta_annulus_1p5_2	1.24975181632860713e-01	1.50097624481535341e+00	5.00325414938451196e+00	5	35	70	-2.18750000000000000e-01	-2.18750000000000000e-01	-1.46875000000000000e+00	28	28	8
2.88070238978357862e+00	697	chi_beta_outer_r_ge_2	7.77568200583793889e-02	2.00073228781363932e+00	6.66910762604546470e+00	5	67	135	1.78125000000000000e+00	-9.37500000000000000e-02	9.06250000000000000e-01	28	30	14
2.88070238978357862e+00	697	chi_beta_first_ge_1	0.00000000000000000e+00	inf	0.00000000000000000e+00	0	0	0	0.00000000000000000e+00	0.00000000000000000e+00	0.00000000000000000e+00	0	0	0
2.90130202868494624e+00	702	reference_Ricci	3.75246032853526090e+00	4.95093109929839348e-01	1.65031036643279783e+00	5	35	70	-2.81250000000000000e-01	-3.12500000000000000e-02	-4.06250000000000000e-01	27	31	25
2.90130202868494624e+00	702	reference_Riemann	5.01693130573025936e+00	4.79053428648621604e-01	1.59684476216207205e+00	5	35	70	-4.68750000000000000e-01	-3.12500000000000000e-02	-9.37500000000000000e-02	24	31	30
2.90130202868494624e+00	702	spin_connection	1.93953265147270648e+00	4.36382501367779396e-01	1.45460833789259802e+00	5	35	70	-3.43750000000000000e-01	-1.56250000000000000e-01	-2.18750000000000000e-01	26	29	28
2.90130202868494624e+00	702	spin_derivative	5.13823052154517068e+00	5.02921154357221289e-01	1.67640384785740437e+00	5	35	70	-9.37500000000000000e-02	-1.56250000000000000e-01	-4.68750000000000000e-01	30	29	24
2.90130202868494624e+00	702	Psi	2.68947345575674657e+00	4.70828724166230117e-01	1.56942908055410046e+00	5	35	70	-4.68750000000000000e-01	-3.12500000000000000e-02	-3.12500000000000000e-02	24	31	31
2.90130202868494624e+00	702	Q	4.69227148319213150e+00	4.36382501367779396e-01	1.45460833789259802e+00	5	74	148	-1.56250000000000000e-01	4.06250000000000000e-01	3.12500000000000000e-02	29	6	0
2.90130202868494624e+00	702	Delta	3.40859961512306331e+00	4.36382501367779396e-01	1.45460833789259802e+00	5	48	96	-1.56250000000000000e-01	4.06250000000000000e-01	-3.12500000000000000e-02	29	6	31
2.90130202868494624e+00	702	Pi	3.55682649653670069e+00	4.27337322849291990e-01	1.42445774283097326e+00	5	35	70	-9.37500000000000000e-02	-4.06250000000000000e-01	-9.37500000000000000e-02	30	25	30
2.90130202868494624e+00	702	Phi	1.37421152351774900e+00	3.89059362437147893e-01	1.29686454145715979e+00	5	74	148	-1.56250000000000000e-01	3.43750000000000000e-01	9.37500000000000000e-02	29	5	1
2.90130202868494624e+00	702	GH_constraint	3.26033793387801724e-02	6.08372572935368283e-01	2.02790857645122768e+00	5	80	161	5.93750000000000000e-01	9.37500000000000000e-02	9.37500000000000000e-02	9	1	1
2.90130202868494624e+00	702	reduction_constraint	6.11378631485335732e-03	4.70828724166230117e-01	1.56942908055410046e+00	5	61	122	-3.12500000000000000e-02	-3.12500000000000000e-02	4.68750000000000000e-01	31	31	7
2.90130202868494624e+00	702	curl_constraint	1.11614037198314198e-01	4.62457768342148190e-01	1.54152589447382726e+00	5	80	161	1.56250000000000000e-01	4.06250000000000000e-01	1.56250000000000000e-01	2	6	2
2.90130202868494624e+00	702	source_curvature	8.12164124749801175e+00	5.02921154357221289e-01	1.67640384785740437e+00	5	54	109	4.06250000000000000e-01	2.81250000000000000e-01	-9.37500000000000000e-02	6	4	30
2.90130202868494624e+00	702	source_QQ	1.20851944833579381e+01	4.36382501367779396e-01	1.45460833789259802e+00	5	80	161	4.06250000000000000e-01	3.12500000000000000e-02	1.56250000000000000e-01	6	0	2
2.90130202868494624e+00	702	source_DeltaDelta	6.20310340160770224e+00	4.36382501367779396e-01	1.45460833789259802e+00	5	80	161	4.06250000000000000e-01	3.12500000000000000e-02	1.56250000000000000e-01	6	0	2
2.90130202868494624e+00	702	source_damping	0.00000000000000000e+00	4.13527130307069442e+01	1.37842376769023161e+02	3	0	0	-2.38750000000000000e+01	-2.38750000000000000e+01	-2.38750000000000000e+01	0	0	0
2.90130202868494624e+00	702	source_frame_correction	1.07528399763589833e+00	4.95093109929839348e-01	1.65031036643279783e+00	5	54	109	4.68750000000000000e-01	1.56250000000000000e-01	-3.12500000000000000e-02	7	2	31
2.90130202868494624e+00	702	Psi_RHS_Linf	7.88552805632071974e-01	4.70828724166230117e-01	1.56942908055410046e+00	5	35	70	-3.12500000000000000e-02	-3.12500000000000000e-02	-4.68750000000000000e-01	31	31	24
2.90130202868494624e+00	702	Pi_RHS_Linf	2.39936038744954994e+00	4.70828724166230117e-01	1.56942908055410046e+00	5	41	83	3.12500000000000000e-02	-3.12500000000000000e-02	-4.68750000000000000e-01	0	31	24
2.90130202868494624e+00	702	Phi_RHS_Linf	1.42641461104721334e+00	5.33085065913499356e-01	1.77695021971166467e+00	5	67	135	3.12500000000000000e-02	-3.12500000000000000e-02	5.31250000000000000e-01	0	31	8
2.90130202868494624e+00	702	Hhat_RHS_Linf	0.00000000000000000e+00	4.13527130307069442e+01	1.37842376769023161e+02	3	0	0	-2.38750000000000000e+01	-2.38750000000000000e+01	-2.38750000000000000e+01	0	0	0
2.90130202868494624e+00	702	theta_RHS_Linf	0.00000000000000000e+00	4.13527130307069442e+01	1.37842376769023161e+02	3	0	0	-2.38750000000000000e+01	-2.38750000000000000e+01	-2.38750000000000000e+01	0	0	0
2.90130202868494624e+00	702	Upsilon_RHS_Linf	0.00000000000000000e+00	4.13527130307069442e+01	1.37842376769023161e+02	3	0	0	-2.38750000000000000e+01	-2.38750000000000000e+01	-2.38750000000000000e+01	0	0	0
2.90130202868494624e+00	702	chi_beta	4.99658486970707860e-01	5.47544233372975975e-01	1.82514744457658673e+00	5	48	96	-9.37500000000000000e-02	9.37500000000000000e-02	-5.31250000000000000e-01	30	1	23
2.90130202868494624e+00	702	chi_beta_near_r_lt_1	4.99658486970707860e-01	5.47544233372975975e-01	1.82514744457658673e+00	5	48	96	-9.37500000000000000e-02	9.37500000000000000e-02	-5.31250000000000000e-01	30	1	23
2.90130202868494624e+00	702	chi_beta_inner_r_lt_0p5	4.45134313603528731e-01	4.95093109929839348e-01	1.65031036643279783e+00	5	35	70	-1.56250000000000000e-01	-3.12500000000000000e-02	-4.68750000000000000e-01	29	31	24
2.90130202868494624e+00	702	chi_beta_annulus_0p5_1	4.99658486970707860e-01	5.47544233372975975e-01	1.82514744457658673e+00	5	48	96	-9.37500000000000000e-02	9.37500000000000000e-02	-5.31250000000000000e-01	30	1	23
2.90130202868494624e+00	702	chi_beta_annulus_1_1p5	2.35859647769231157e-01	1.00146377243512918e+00	3.33821257478376410e+00	5	35	70	-5.93750000000000000e-01	-4.68750000000000000e-01	-6.56250000000000000e-01	22	24	21
2.90130202868494624e+00	702	chi_beta_annulus_1p5_2	1.27086941346784332e-01	1.50097624481535341e+00	5.00325414938451196e+00	5	35	70	-2.18750000000000000e-01	-1.46875000000000000e+00	-2.18750000000000000e-01	28	8	28
2.90130202868494624e+00	702	chi_beta_outer_r_ge_2	7.90612288695595189e-02	2.00073228781363932e+00	6.66910762604546470e+00	5	67	135	1.78125000000000000e+00	-9.37500000000000000e-02	9.06250000000000000e-01	28	30	14
2.90130202868494624e+00	702	chi_beta_first_ge_1	0.00000000000000000e+00	inf	0.00000000000000000e+00	0	0	0	0.00000000000000000e+00	0.00000000000000000e+00	0.00000000000000000e+00	0	0	0
2.92190017810361935e+00	707	reference_Ricci	3.78414236975599438e+00	5.02921154357221289e-01	1.67640384785740437e+00	5	35	70	-9.37500000000000000e-02	-1.56250000000000000e-01	-4.68750000000000000e-01	30	29	24
2.92190017810361935e+00	707	reference_Riemann	5.04834554864626650e+00	4.87139289628746752e-01	1.62379763209582251e+00	5	35	70	-4.68750000000000000e-01	-9.37500000000000000e-02	-9.37500000000000000e-02	24	30	30
2.92190017810361935e+00	707	spin_connection	1.95450733571576585e+00	4.36382501367779396e-01	1.45460833789259802e+00	5	35	70	-3.43750000000000000e-01	-1.56250000000000000e-01	-2.18750000000000000e-01	26	29	28
2.92190017810361935e+00	707	spin_derivative	5.21241867552761207e+00	5.02921154357221289e-01	1.67640384785740437e+00	5	35	70	-1.56250000000000000e-01	-9.37500000000000000e-02	-4.68750000000000000e-01	29	30	24
2.92190017810361935e+00	707	Psi	2.70722651613611864e+00	4.70828724166230117e-01	1.56942908055410046e+00	5	35	70	-4.68750000000000000e-01	-3.12500000000000000e-02	-3.12500000000000000e-02	24	31	31
2.92190017810361935e+00	707	Q	4.78438364730231225e+00	4.36382501367779396e-01	1.45460833789259802e+00	5	74	148	-1.56250000000000000e-01	4.06250000000000000e-01	3.12500000000000000e-02	29	6	0
2.92190017810361935e+00	707	Delta	3.47699755152588574e+00	4.36382501367779396e-01	1.45460833789259802e+00	5	48	96	-1.56250000000000000e-01	4.06250000000000000e-01	-3.12500000000000000e-02	29	6	31
2.92190017810361935e+00	707	Pi	3.60962564828577115e+00	4.27337322849291990e-01	1.42445774283097326e+00	5	48	96	-9.37500000000000000e-02	9.37500000000000000e-02	-4.06250000000000000e-01	30	1	25
2.92190017810361935e+00	707	Phi	1.40931444850323762e+00	3.89059362437147893e-01	1.29686454145715979e+00	5	74	148	-1.56250000000000000e-01	3.43750000000000000e-01	9.37500000000000000e-02	29	5	1
2.92190017810361935e+00	707	GH_constraint	3.31192138099994510e-02	6.08372572935368283e-01	2.02790857645122768e+00	5	80	161	5.93750000000000000e-01	9.37500000000000000e-02	9.37500000000000000e-02	9	1	1
2.92190017810361935e+00	707	reduction_constraint	6.32498758438127581e-03	4.70828724166230117e-01	1.56942908055410046e+00	5	61	122	-3.12500000000000000e-02	-3.12500000000000000e-02	4.68750000000000000e-01	31	31	7
2.92190017810361935e+00	707	curl_constraint	1.15935026805185928e-01	4.62457768342148190e-01	1.54152589447382726e+00	5	80	161	1.56250000000000000e-01	4.06250000000000000e-01	1.56250000000000000e-01	2	6	2
2.92190017810361935e+00	707	source_curvature	8.20740601455594110e+00	5.02921154357221289e-01	1.67640384785740437e+00	5	35	70	-2.81250000000000000e-01	-4.06250000000000000e-01	-9.37500000000000000e-02	27	25	30
2.92190017810361935e+00	707	source_QQ	1.23493109535066914e+01	4.36382501367779396e-01	1.45460833789259802e+00	5	74	148	-4.06250000000000000e-01	1.56250000000000000e-01	3.12500000000000000e-02	25	2	0
2.92190017810361935e+00	707	source_DeltaDelta	6.33629161793439089e+00	4.36382501367779396e-01	1.45460833789259802e+00	5	35	70	-4.06250000000000000e-01	-3.12500000000000000e-02	-1.56250000000000000e-01	25	31	29
2.92190017810361935e+00	707	source_damping	0.00000000000000000e+00	4.13527130307069442e+01	1.37842376769023161e+02	3	0	0	-2.38750000000000000e+01	-2.38750000000000000e+01	-2.38750000000000000e+01	0	0	0
2.92190017810361935e+00	707	source_frame_correction	1.10816011943830772e+00	4.95093109929839348e-01	1.65031036643279783e+00	5	54	109	3.12500000000000000e-02	4.68750000000000000e-01	-1.56250000000000000e-01	0	7	29
2.92190017810361935e+00	707	Psi_RHS_Linf	8.05488564078075342e-01	4.70828724166230117e-01	1.56942908055410046e+00	5	41	83	3.12500000000000000e-02	-3.12500000000000000e-02	-4.68750000000000000e-01	0	31	24
2.92190017810361935e+00	707	Pi_RHS_Linf	2.44598989632396568e+00	4.70828724166230117e-01	1.56942908055410046e+00	5	41	83	3.12500000000000000e-02	-4.68750000000000000e-01	-3.12500000000000000e-02	0	24	31
2.92190017810361935e+00	707	Phi_RHS_Linf	1.46671854873864427e+00	5.33085065913499356e-01	1.77695021971166467e+00	5	61	122	-3.12500000000000000e-02	-3.12500000000000000e-02	5.31250000000000000e-01	31	31	8
2.92190017810361935e+00	707	Hhat_RHS_Linf	0.00000000000000000e+00	4.13527130307069442e+01	1.37842376769023161e+02	3	0	0	-2.38750000000000000e+01	-2.38750000000000000e+01	-2.38750000000000000e+01	0	0	0
2.92190017810361935e+00	707	theta_RHS_Linf	0.00000000000000000e+00	4.13527130307069442e+01	1.37842376769023161e+02	3	0	0	-2.38750000000000000e+01	-2.38750000000000000e+01	-2.38750000000000000e+01	0	0	0
2.92190017810361935e+00	707	Upsilon_RHS_Linf	0.00000000000000000e+00	4.13527130307069442e+01	1.37842376769023161e+02	3	0	0	-2.38750000000000000e+01	-2.38750000000000000e+01	-2.38750000000000000e+01	0	0	0
2.92190017810361935e+00	707	chi_beta	5.07830597545450790e-01	5.47544233372975975e-01	1.82514744457658673e+00	5	48	96	-9.37500000000000000e-02	9.37500000000000000e-02	-5.31250000000000000e-01	30	1	23
2.92190017810361935e+00	707	chi_beta_near_r_lt_1	5.07830597545450790e-01	5.47544233372975975e-01	1.82514744457658673e+00	5	48	96	-9.37500000000000000e-02	9.37500000000000000e-02	-5.31250000000000000e-01	30	1	23
2.92190017810361935e+00	707	chi_beta_inner_r_lt_0p5	4.52341949249168429e-01	4.95093109929839348e-01	1.65031036643279783e+00	5	54	109	4.68750000000000000e-01	3.12500000000000000e-02	-1.56250000000000000e-01	7	0	29
2.92190017810361935e+00	707	chi_beta_annulus_0p5_1	5.07830597545450790e-01	5.47544233372975975e-01	1.82514744457658673e+00	5	48	96	-9.37500000000000000e-02	9.37500000000000000e-02	-5.31250000000000000e-01	30	1	23
2.92190017810361935e+00	707	chi_beta_annulus_1_1p5	2.39821956865883618e-01	1.00146377243512918e+00	3.33821257478376410e+00	5	35	70	-5.93750000000000000e-01	-4.68750000000000000e-01	-6.56250000000000000e-01	22	24	21
2.92190017810361935e+00	707	chi_beta_annulus_1p5_2	1.29211970528013420e-01	1.50097624481535341e+00	5.00325414938451196e+00	5	35	70	-2.18750000000000000e-01	-1.46875000000000000e+00	-2.18750000000000000e-01	28	8	28
2.92190017810361935e+00	707	chi_beta_outer_r_ge_2	8.03737573001780253e-02	2.00073228781363932e+00	6.66910762604546470e+00	5	41	83	3.43750000000000000e-01	-9.37500000000000000e-02	-1.96875000000000000e+00	5	30	0
2.92190017810361935e+00	707	chi_beta_first_ge_1	0.00000000000000000e+00	inf	0.00000000000000000e+00	0	0	0	0.00000000000000000e+00	0.00000000000000000e+00	0.00000000000000000e+00	0	0	0
2.94249682903157872e+00	712	reference_Ricci	3.81766869437553202e+00	5.02921154357221289e-01	1.67640384785740437e+00	5	35	70	-4.68750000000000000e-01	-9.37500000000000000e-02	-1.56250000000000000e-01	24	30	29
2.94249682903157872e+00	712	reference_Riemann	5.08241643900112727e+00	4.87139289628746752e-01	1.62379763209582251e+00	5	35	70	-2.81250000000000000e-01	-2.81250000000000000e-01	-2.81250000000000000e-01	27	27	27
2.94249682903157872e+00	712	spin_connection	1.96964064561102825e+00	4.36382501367779396e-01	1.45460833789259802e+00	5	35	70	-3.12500000000000000e-02	-1.56250000000000000e-01	-4.06250000000000000e-01	31	29	25
2.94249682903157872e+00	712	spin_derivative	5.28737245222022700e+00	5.02921154357221289e-01	1.67640384785740437e+00	5	35	70	-9.37500000000000000e-02	-1.56250000000000000e-01	-4.68750000000000000e-01	30	29	24
2.94249682903157872e+00	712	Psi	2.72535009002013240e+00	4.70828724166230117e-01	1.56942908055410046e+00	5	48	96	-3.12500000000000000e-02	3.12500000000000000e-02	-4.68750000000000000e-01	31	0	24
2.94249682903157872e+00	712	Q	4.87797465794363738e+00	4.36382501367779396e-01	1.45460833789259802e+00	5	74	148	-1.56250000000000000e-01	4.06250000000000000e-01	3.12500000000000000e-02	29	6	0
2.94249682903157872e+00	712	Delta	3.54657171145257388e+00	4.36382501367779396e-01	1.45460833789259802e+00	5	48	96	-1.56250000000000000e-01	4.06250000000000000e-01	-3.12500000000000000e-02	29	6	31
2.94249682903157872e+00	712	Pi	3.66270832086821496e+00	4.27337322849291990e-01	1.42445774283097326e+00	5	48	96	-9.37500000000000000e-02	9.37500000000000000e-02	-4.06250000000000000e-01	30	1	25
2.94249682903157872e+00	712	Phi	1.44511159519176058e+00	3.89059362437147893e-01	1.29686454145715979e+00	5	74	148	-1.56250000000000000e-01	3.43750000000000000e-01	9.37500000000000000e-02	29	5	1
2.94249682903157872e+00	712	GH_constraint	3.36949023374507675e-02	6.14759861653312534e-01	2.04919953884437511e+00	5	41	83	5.31250000000000000e-01	-2.18750000000000000e-01	-2.18750000000000000e-01	8	28	28
2.94249682903157872e+00	712	reduction_constraint	6.54255482173245716e-03	4.70828724166230117e-01	1.56942908055410046e+00	5	61	122	-3.12500000000000000e-02	-3.12500000000000000e-02	4.68750000000000000e-01	31	31	7
2.94249682903157872e+00	712	curl_constraint	1.20352761215457557e-01	4.62457768342148190e-01	1.54152589447382726e+00	5	61	122	-1.56250000000000000e-01	-1.56250000000000000e-01	4.06250000000000000e-01	29	29	6
2.94249682903157872e+00	712	source_curvature	8.29466089406942153e+00	5.02921154357221289e-01	1.67640384785740437e+00	5	35	70	-2.81250000000000000e-01	-4.06250000000000000e-01	-9.37500000000000000e-02	27	25	30
2.94249682903157872e+00	712	source_QQ	1.26159032193902334e+01	4.36382501367779396e-01	1.45460833789259802e+00	5	35	70	-1.56250000000000000e-01	-4.06250000000000000e-01	-3.12500000000000000e-02	29	25	31
2.94249682903157872e+00	712	source_DeltaDelta	6.47040072371797859e+00	4.36382501367779396e-01	1.45460833789259802e+00	5	80	161	4.06250000000000000e-01	3.12500000000000000e-02	1.56250000000000000e-01	6	0	2
2.94249682903157872e+00	712	source_damping	0.00000000000000000e+00	4.13527130307069442e+01	1.37842376769023161e+02	3	0	0	-2.38750000000000000e+01	-2.38750000000000000e+01	-2.38750000000000000e+01	0	0	0
2.94249682903157872e+00	712	source_frame_correction	1.14196709983028000e+00	4.95093109929839348e-01	1.65031036643279783e+00	5	54	109	3.12500000000000000e-02	4.68750000000000000e-01	-1.56250000000000000e-01	0	7	29
2.94249682903157872e+00	712	Psi_RHS_Linf	8.22812640725523181e-01	4.70828724166230117e-01	1.56942908055410046e+00	5	41	83	3.12500000000000000e-02	-3.12500000000000000e-02	-4.68750000000000000e-01	0	31	24
2.94249682903157872e+00	712	Pi_RHS_Linf	2.49428682200936658e+00	4.70828724166230117e-01	1.56942908055410046e+00	5	41	83	3.12500000000000000e-02	-4.68750000000000000e-01	-3.12500000000000000e-02	0	24	31
2.94249682903157872e+00	712	Phi_RHS_Linf	1.50828205589528741e+00	5.33085065913499356e-01	1.77695021971166467e+00	5	48	96	-3.12500000000000000e-02	3.12500000000000000e-02	-5.31250000000000000e-01	31	0	23
2.94249682903157872e+00	712	Hhat_RHS_Linf	0.00000000000000000e+00	4.13527130307069442e+01	1.37842376769023161e+02	3	0	0	-2.38750000000000000e+01	-2.38750000000000000e+01	-2.38750000000000000e+01	0	0	0
2.94249682903157872e+00	712	theta_RHS_Linf	0.00000000000000000e+00	4.13527130307069442e+01	1.37842376769023161e+02	3	0	0	-2.38750000000000000e+01	-2.38750000000000000e+01	-2.38750000000000000e+01	0	0	0
2.94249682903157872e+00	712	Upsilon_RHS_Linf	0.00000000000000000e+00	4.13527130307069442e+01	1.37842376769023161e+02	3	0	0	-2.38750000000000000e+01	-2.38750000000000000e+01	-2.38750000000000000e+01	0	0	0
2.94249682903157872e+00	712	chi_beta	5.16054468425225510e-01	5.47544233372975975e-01	1.82514744457658673e+00	5	48	96	-9.37500000000000000e-02	9.37500000000000000e-02	-5.31250000000000000e-01	30	1	23
2.94249682903157872e+00	712	chi_beta_near_r_lt_1	5.16054468425225510e-01	5.47544233372975975e-01	1.82514744457658673e+00	5	48	96	-9.37500000000000000e-02	9.37500000000000000e-02	-5.31250000000000000e-01	30	1	23
2.94249682903157872e+00	712	chi_beta_inner_r_lt_0p5	4.59602924823252046e-01	4.95093109929839348e-01	1.65031036643279783e+00	5	61	122	-1.56250000000000000e-01	-3.12500000000000000e-02	4.68750000000000000e-01	29	31	7
2.94249682903157872e+00	712	chi_beta_annulus_0p5_1	5.16054468425225510e-01	5.47544233372975975e-01	1.82514744457658673e+00	5	48	96	-9.37500000000000000e-02	9.37500000000000000e-02	-5.31250000000000000e-01	30	1	23
2.94249682903157872e+00	712	chi_beta_annulus_1_1p5	2.43809028969187991e-01	1.00146377243512918e+00	3.33821257478376410e+00	5	35	70	-5.93750000000000000e-01	-4.68750000000000000e-01	-6.56250000000000000e-01	22	24	21
2.94249682903157872e+00	712	chi_beta_annulus_1p5_2	1.31349994976356410e-01	1.50097624481535341e+00	5.00325414938451196e+00	5	67	135	2.18750000000000000e-01	-2.18750000000000000e-01	1.46875000000000000e+00	3	28	23
2.94249682903157872e+00	712	chi_beta_outer_r_ge_2	8.16942439636889062e-02	2.00073228781363932e+00	6.66910762604546470e+00	5	41	83	3.43750000000000000e-01	-9.37500000000000000e-02	-1.96875000000000000e+00	5	30	0
2.94249682903157872e+00	712	chi_beta_first_ge_1	0.00000000000000000e+00	inf	0.00000000000000000e+00	0	0	0	0.00000000000000000e+00	0.00000000000000000e+00	0.00000000000000000e+00	0	0	0
2.96309197260300206e+00	717	reference_Ricci	3.85152288044911861e+00	5.02921154357221289e-01	1.67640384785740437e+00	5	35	70	-9.37500000000000000e-02	-1.56250000000000000e-01	-4.68750000000000000e-01	30	29	24
2.96309197260300206e+00	717	reference_Riemann	5.11745257291222000e+00	4.95093109929839348e-01	1.65031036643279783e+00	5	35	70	-3.43750000000000000e-01	-2.18750000000000000e-01	-2.81250000000000000e-01	26	28	27
2.96309197260300206e+00	717	spin_connection	1.98493003162139914e+00	4.36382501367779396e-01	1.45460833789259802e+00	5	35	70	-1.56250000000000000e-01	-2.18750000000000000e-01	-3.43750000000000000e-01	29	28	26
2.96309197260300206e+00	717	spin_derivative	5.36309147384590190e+00	5.02921154357221289e-01	1.67640384785740437e+00	5	35	70	-9.37500000000000000e-02	-1.56250000000000000e-01	-4.68750000000000000e-01	30	29	24
2.96309197260300206e+00	717	Psi	2.74385059882523308e+00	4.70828724166230117e-01	1.56942908055410046e+00	5	35	70	-4.68750000000000000e-01	-3.12500000000000000e-02	-3.12500000000000000e-02	24	31	31
2.96309197260300206e+00	717	Q	4.97306983430043381e+00	4.36382501367779396e-01	1.45460833789259802e+00	5	74	148	-1.56250000000000000e-01	4.06250000000000000e-01	3.12500000000000000e-02	29	6	0
2.96309197260300206e+00	717	Delta	3.61734368827284225e+00	4.36382501367779396e-01	1.45460833789259802e+00	5	48	96	-1.56250000000000000e-01	4.06250000000000000e-01	-3.12500000000000000e-02	29	6	31
2.96309197260300206e+00	717	Pi	3.71606632063699216e+00	4.27337322849291990e-01	1.42445774283097326e+00	5	48	96	-9.37500000000000000e-02	9.37500000000000000e-02	-4.06250000000000000e-01	30	1	25
2.96309197260300206e+00	717	Phi	1.48161234884779880e+00	3.89059362437147893e-01	1.29686454145715979e+00	5	54	109	9.37500000000000000e-02	1.56250000000000000e-01	-3.43750000000000000e-01	1	2	26
2.96309197260300206e+00	717	GH_constraint	3.44741126596472200e-02	6.14759861653312534e-01	2.04919953884437511e+00	5	41	83	5.31250000000000000e-01	-2.18750000000000000e-01	-2.18750000000000000e-01	8	28	28
2.96309197260300206e+00	717	reduction_constraint	6.76667980695859223e-03	4.70828724166230117e-01	1.56942908055410046e+00	5	35	70	-4.68750000000000000e-01	-3.12500000000000000e-02	-3.12500000000000000e-02	24	31	31
2.96309197260300206e+00	717	curl_constraint	1.24864849032875036e-01	4.62457768342148190e-01	1.54152589447382726e+00	5	61	122	-1.56250000000000000e-01	-1.56250000000000000e-01	4.06250000000000000e-01	29	29	6
2.96309197260300206e+00	717	source_curvature	8.38346818768789781e+00	5.02921154357221289e-01	1.67640384785740437e+00	5	35	70	-2.81250000000000000e-01	-9.37500000000000000e-02	-4.06250000000000000e-01	27	30	25
2.96309197260300206e+00	717	source_QQ	1.28849780700663921e+01	4.36382501367779396e-01	1.45460833789259802e+00	5	74	148	-4.06250000000000000e-01	3.12500000000000000e-02	1.56250000000000000e-01	25	0	2
2.96309197260300206e+00	717	source_DeltaDelta	6.60539628924254973e+00	4.36382501367779396e-01	1.45460833789259802e+00	5	35	70	-4.06250000000000000e-01	-3.12500000000000000e-02	-1.56250000000000000e-01	25	31	29
2.96309197260300206e+00	717	source_damping	0.00000000000000000e+00	4.13527130307069442e+01	1.37842376769023161e+02	3	0	0	-2.38750000000000000e+01	-2.38750000000000000e+01	-2.38750000000000000e+01	0	0	0
2.96309197260300206e+00	717	source_frame_correction	1.17672528673212251e+00	4.95093109929839348e-01	1.65031036643279783e+00	5	54	109	3.12500000000000000e-02	4.68750000000000000e-01	-1.56250000000000000e-01	0	7	29
2.96309197260300206e+00	717	Psi_RHS_Linf	8.40538223207005553e-01	4.70828724166230117e-01	1.56942908055410046e+00	5	41	83	3.12500000000000000e-02	-3.12500000000000000e-02	-4.68750000000000000e-01	0	31	24
2.96309197260300206e+00	717	Pi_RHS_Linf	2.54433749959618449e+00	4.70828724166230117e-01	1.56942908055410046e+00	5	41	83	3.12500000000000000e-02	-4.68750000000000000e-01	-3.12500000000000000e-02	0	24	31
2.96309197260300206e+00	717	Phi_RHS_Linf	1.55115643205560083e+00	5.33085065913499356e-01	1.77695021971166467e+00	5	80	161	5.31250000000000000e-01	3.12500000000000000e-02	3.12500000000000000e-02	8	0	0
2.96309197260300206e+00	717	Hhat_RHS_Linf	0.00000000000000000e+00	4.13527130307069442e+01	1.37842376769023161e+02	3	0	0	-2.38750000000000000e+01	-2.38750000000000000e+01	-2.38750000000000000e+01	0	0	0
2.96309197260300206e+00	717	theta_RHS_Linf	0.00000000000000000e+00	4.13527130307069442e+01	1.37842376769023161e+02	3	0	0	-2.38750000000000000e+01	-2.38750000000000000e+01	-2.38750000000000000e+01	0	0	0
2.96309197260300206e+00	717	Upsilon_RHS_Linf	0.00000000000000000e+00	4.13527130307069442e+01	1.37842376769023161e+02	3	0	0	-2.38750000000000000e+01	-2.38750000000000000e+01	-2.38750000000000000e+01	0	0	0
2.96309197260300206e+00	717	chi_beta	5.24329225373098895e-01	5.47544233372975975e-01	1.82514744457658673e+00	5	48	96	-9.37500000000000000e-02	9.37500000000000000e-02	-5.31250000000000000e-01	30	1	23
2.96309197260300206e+00	717	chi_beta_near_r_lt_1	5.24329225373098895e-01	5.47544233372975975e-01	1.82514744457658673e+00	5	48	96	-9.37500000000000000e-02	9.37500000000000000e-02	-5.31250000000000000e-01	30	1	23
2.96309197260300206e+00	717	chi_beta_inner_r_lt_0p5	4.66917379142163413e-01	4.95093109929839348e-01	1.65031036643279783e+00	5	54	109	4.68750000000000000e-01	3.12500000000000000e-02	-1.56250000000000000e-01	7	0	29
2.96309197260300206e+00	717	chi_beta_annulus_0p5_1	5.24329225373098895e-01	5.47544233372975975e-01	1.82514744457658673e+00	5	48	96	-9.37500000000000000e-02	9.37500000000000000e-02	-5.31250000000000000e-01	30	1	23
2.96309197260300206e+00	717	chi_beta_annulus_1_1p5	2.47820349709170967e-01	1.00146377243512918e+00	3.33821257478376410e+00	5	61	122	-5.93750000000000000e-01	-6.56250000000000000e-01	4.68750000000000000e-01	22	21	7
2.96309197260300206e+00	717	chi_beta_annulus_1p5_2	1.33500736957640920e-01	1.50097624481535341e+00	5.00325414938451196e+00	5	35	70	-2.18750000000000000e-01	-1.46875000000000000e+00	-2.18750000000000000e-01	28	8	28
2.96309197260300206e+00	717	chi_beta_outer_r_ge_2	8.30225259517040765e-02	2.00073228781363932e+00	6.66910762604546470e+00	5	35	70	-9.37500000000000000e-02	-1.96875000000000000e+00	-3.43750000000000000e-01	30	0	26
2.96309197260300206e+00	717	chi_beta_first_ge_1	0.00000000000000000e+00	inf	0.00000000000000000e+00	0	0	0	0.00000000000000000e+00	0.00000000000000000e+00	0.00000000000000000e+00	0	0	0
2.98368560009564687e+00	722	reference_Ricci	3.88571027516781564e+00	5.02921154357221289e-01	1.67640384785740437e+00	5	35	70	-1.56250000000000000e-01	-9.37500000000000000e-02	-4.68750000000000000e-01	29	30	24
2.98368560009564687e+00	722	reference_Riemann	5.16288468736686923e+00	4.95093109929839348e-01	1.65031036643279783e+00	5	35	70	-3.12500000000000000e-02	-2.81250000000000000e-01	-4.06250000000000000e-01	31	27	25
2.98368560009564687e+00	722	spin_connection	2.00037289884243652e+00	4.36382501367779396e-01	1.45460833789259802e+00	5	35	70	-3.12500000000000000e-02	-1.56250000000000000e-01	-4.06250000000000000e-01	31	29	25
2.98368560009564687e+00	722	spin_derivative	5.44327414160504564e+00	5.10629207449005973e-01	1.70209735816335339e+00	5	35	70	-2.18750000000000000e-01	-2.18750000000000000e-01	-4.06250000000000000e-01	28	28	25
2.98368560009564687e+00	722	Psi	2.76273458760025159e+00	4.70828724166230117e-01	1.56942908055410046e+00	5	35	70	-4.68750000000000000e-01	-3.12500000000000000e-02	-3.12500000000000000e-02	24	31	31
2.98368560009564687e+00	722	Q	5.06969573470527823e+00	4.36382501367779396e-01	1.45460833789259802e+00	5	74	148	-1.56250000000000000e-01	4.06250000000000000e-01	3.12500000000000000e-02	29	6	0
2.98368560009564687e+00	722	Delta	3.68933584874882525e+00	4.36382501367779396e-01	1.45460833789259802e+00	5	48	96	-1.56250000000000000e-01	4.06250000000000000e-01	-3.12500000000000000e-02	29	6	31
2.98368560009564687e+00	722	Pi	3.76969138775004753e+00	4.27337322849291990e-01	1.42445774283097326e+00	5	48	96	-9.37500000000000000e-02	9.37500000000000000e-02	-4.06250000000000000e-01	30	1	25
2.98368560009564687e+00	722	Phi	1.51882613216268170e+00	3.89059362437147893e-01	1.29686454145715979e+00	5	74	148	-9.37500000000000000e-02	1.56250000000000000e-01	3.43750000000000000e-01	30	2	5
2.98368560009564687e+00	722	GH_constraint	3.52788151653131363e-02	6.14759861653312534e-01	2.04919953884437511e+00	5	41	83	5.31250000000000000e-01	-2.18750000000000000e-01	-2.18750000000000000e-01	8	28	28
2.98368560009564687e+00	722	reduction_constraint	6.99756104794375510e-03	4.70828724166230117e-01	1.56942908055410046e+00	5	35	70	-4.68750000000000000e-01	-3.12500000000000000e-02	-3.12500000000000000e-02	24	31	31
2.98368560009564687e+00	722	curl_constraint	1.29468544603438207e-01	4.62457768342148190e-01	1.54152589447382726e+00	5	61	122	-1.56250000000000000e-01	-1.56250000000000000e-01	4.06250000000000000e-01	29	29	6
2.98368560009564687e+00	722	source_curvature	8.47389299331341128e+00	5.02921154357221289e-01	1.67640384785740437e+00	5	35	70	-2.81250000000000000e-01	-4.06250000000000000e-01	-9.37500000000000000e-02	27	25	30
2.98368560009564687e+00	722	source_QQ	1.31565504674760465e+01	4.36382501367779396e-01	1.45460833789259802e+00	5	80	161	4.06250000000000000e-01	3.12500000000000000e-02	1.56250000000000000e-01	6	0	2
2.98368560009564687e+00	722	source_DeltaDelta	6.74124498658696147e+00	4.36382501367779396e-01	1.45460833789259802e+00	5	48	96	-1.56250000000000000e-01	4.06250000000000000e-01	-3.12500000000000000e-02	29	6	31
2.98368560009564687e+00	722	source_damping	0.00000000000000000e+00	4.13527130307069442e+01	1.37842376769023161e+02	3	0	0	-2.38750000000000000e+01	-2.38750000000000000e+01	-2.38750000000000000e+01	0	0	0
2.98368560009564687e+00	722	source_frame_correction	1.21348813809602030e+00	4.87139289628746752e-01	1.62379763209582251e+00	5	74	148	-9.37500000000000000e-02	4.68750000000000000e-01	9.37500000000000000e-02	30	7	1
2.98368560009564687e+00	722	Psi_RHS_Linf	8.58679147384116215e-01	4.70828724166230117e-01	1.56942908055410046e+00	5	41	83	3.12500000000000000e-02	-3.12500000000000000e-02	-4.68750000000000000e-01	0	31	24
2.98368560009564687e+00	722	Pi_RHS_Linf	2.59623280648855559e+00	4.70828724166230117e-01	1.56942908055410046e+00	5	41	83	3.12500000000000000e-02	-3.12500000000000000e-02	-4.68750000000000000e-01	0	31	24
2.98368560009564687e+00	722	Phi_RHS_Linf	1.59539529179941164e+00	5.33085065913499356e-01	1.77695021971166467e+00	5	61	122	-3.12500000000000000e-02	-3.12500000000000000e-02	5.31250000000000000e-01	31	31	8
2.98368560009564687e+00	722	Hhat_RHS_Linf	0.00000000000000000e+00	4.13527130307069442e+01	1.37842376769023161e+02	3	0	0	-2.38750000000000000e+01	-2.38750000000000000e+01	-2.38750000000000000e+01	0	0	0
2.98368560009564687e+00	722	theta_RHS_Linf	0.00000000000000000e+00	4.13527130307069442e+01	1.37842376769023161e+02	3	0	0	-2.38750000000000000e+01	-2.38750000000000000e+01	-2.38750000000000000e+01	0	0	0
2.98368560009564687e+00	722	Upsilon_RHS_Linf	0.00000000000000000e+00	4.13527130307069442e+01	1.37842376769023161e+02	3	0	0	-2.38750000000000000e+01	-2.38750000000000000e+01	-2.38750000000000000e+01	0	0	0
2.98368560009564687e+00	722	chi_beta	5.32653964925949075e-01	5.47544233372975975e-01	1.82514744457658673e+00	5	48	96	-9.37500000000000000e-02	9.37500000000000000e-02	-5.31250000000000000e-01	30	1	23
2.98368560009564687e+00	722	chi_beta_near_r_lt_1	5.32653964925949075e-01	5.47544233372975975e-01	1.82514744457658673e+00	5	48	96	-9.37500000000000000e-02	9.37500000000000000e-02	-5.31250000000000000e-01	30	1	23
2.98368560009564687e+00	722	chi_beta_inner_r_lt_0p5	4.74285472205028646e-01	4.95093109929839348e-01	1.65031036643279783e+00	5	41	83	4.68750000000000000e-01	-1.56250000000000000e-01	-3.12500000000000000e-02	7	29	31
2.98368560009564687e+00	722	chi_beta_annulus_0p5_1	5.32653964925949075e-01	5.47544233372975975e-01	1.82514744457658673e+00	5	48	96	-9.37500000000000000e-02	9.37500000000000000e-02	-5.31250000000000000e-01	30	1	23
2.98368560009564687e+00	722	chi_beta_annulus_1_1p5	2.51855397120524682e-01	1.00146377243512918e+00	3.33821257478376410e+00	5	61	122	-5.93750000000000000e-01	-6.56250000000000000e-01	4.68750000000000000e-01	22	21	7
2.98368560009564687e+00	722	chi_beta_annulus_1p5_2	1.35663915276945241e-01	1.50097624481535341e+00	5.00325414938451196e+00	5	35	70	-2.18750000000000000e-01	-1.46875000000000000e+00	-2.18750000000000000e-01	28	8	28
2.98368560009564687e+00	722	chi_beta_outer_r_ge_2	8.43584386424383881e-02	2.00073228781363932e+00	6.66910762604546470e+00	5	35	70	-9.37500000000000000e-02	-1.96875000000000000e+00	-3.43750000000000000e-01	30	0	26
2.98368560009564687e+00	722	chi_beta_first_ge_1	0.00000000000000000e+00	inf	0.00000000000000000e+00	0	0	0	0.00000000000000000e+00	0.00000000000000000e+00	0.00000000000000000e+00	0	0	0
3.00015940474418485e+00	726	reference_Ricci	3.91330361964517337e+00	5.02921154357221289e-01	1.67640384785740437e+00	5	35	70	-9.37500000000000000e-02	-4.68750000000000000e-01	-1.56250000000000000e-01	30	24	29
3.00015940474418485e+00	726	reference_Riemann	5.19949452077981444e+00	4.95093109929839348e-01	1.65031036643279783e+00	5	35	70	-2.18750000000000000e-01	-3.43750000000000000e-01	-2.81250000000000000e-01	28	26	27
3.00015940474418485e+00	726	spin_connection	2.01283592792795130e+00	4.36382501367779396e-01	1.45460833789259802e+00	5	35	70	-1.56250000000000000e-01	-3.12500000000000000e-02	-4.06250000000000000e-01	29	31	25
3.00015940474418485e+00	726	spin_derivative	5.50834250061605069e+00	5.10629207449005973e-01	1.70209735816335339e+00	5	35	70	-1.56250000000000000e-01	-3.43750000000000000e-01	-3.43750000000000000e-01	29	26	26
3.00015940474418485e+00	726	Psi	2.77812236595136319e+00	4.70828724166230117e-01	1.56942908055410046e+00	5	35	70	-4.68750000000000000e-01	-3.12500000000000000e-02	-3.12500000000000000e-02	24	31	31
3.00015940474418485e+00	726	Q	5.14811729965549780e+00	4.36382501367779396e-01	1.45460833789259802e+00	5	74	148	-1.56250000000000000e-01	4.06250000000000000e-01	3.12500000000000000e-02	29	6	0
3.00015940474418485e+00	726	Delta	3.74782367294597485e+00	4.36382501367779396e-01	1.45460833789259802e+00	5	48	96	-1.56250000000000000e-01	4.06250000000000000e-01	-3.12500000000000000e-02	29	6	31
3.00015940474418485e+00	726	Pi	3.81277815929649844e+00	4.27337322849291990e-01	1.42445774283097326e+00	5	48	96	-9.37500000000000000e-02	9.37500000000000000e-02	-4.06250000000000000e-01	30	1	25
3.00015940474418485e+00	726	Phi	1.54911689799886054e+00	3.89059362437147893e-01	1.29686454145715979e+00	5	54	109	9.37500000000000000e-02	1.56250000000000000e-01	-3.43750000000000000e-01	1	2	26
3.00015940474418485e+00	726	GH_constraint	3.59411678731737447e-02	6.14759861653312534e-01	2.04919953884437511e+00	5	41	83	5.31250000000000000e-01	-2.18750000000000000e-01	-2.18750000000000000e-01	8	28	28
3.00015940474418485e+00	726	reduction_constraint	7.18726834821433857e-03	4.70828724166230117e-01	1.56942908055410046e+00	5	35	70	-4.68750000000000000e-01	-3.12500000000000000e-02	-3.12500000000000000e-02	24	31	31
3.00015940474418485e+00	726	curl_constraint	1.33215382762627149e-01	4.62457768342148190e-01	1.54152589447382726e+00	5	61	122	-1.56250000000000000e-01	-1.56250000000000000e-01	4.06250000000000000e-01	29	29	6
3.00015940474418485e+00	726	source_curvature	8.54744305518451419e+00	5.02921154357221289e-01	1.67640384785740437e+00	5	35	70	-2.81250000000000000e-01	-4.06250000000000000e-01	-9.37500000000000000e-02	27	25	30
3.00015940474418485e+00	726	source_QQ	1.33756224017027385e+01	4.36382501367779396e-01	1.45460833789259802e+00	5	80	161	4.06250000000000000e-01	3.12500000000000000e-02	1.56250000000000000e-01	6	0	2
3.00015940474418485e+00	726	source_DeltaDelta	6.85051665426188805e+00	4.36382501367779396e-01	1.45460833789259802e+00	5	80	161	4.06250000000000000e-01	3.12500000000000000e-02	1.56250000000000000e-01	6	0	2
3.00015940474418485e+00	726	source_damping	0.00000000000000000e+00	4.13527130307069442e+01	1.37842376769023161e+02	3	0	0	-2.38750000000000000e+01	-2.38750000000000000e+01	-2.38750000000000000e+01	0	0	0
3.00015940474418485e+00	726	source_frame_correction	1.24418171804231981e+00	4.87139289628746752e-01	1.62379763209582251e+00	5	74	148	-9.37500000000000000e-02	4.68750000000000000e-01	9.37500000000000000e-02	30	7	1
3.00015940474418485e+00	726	Psi_RHS_Linf	8.73500666184543806e-01	4.70828724166230117e-01	1.56942908055410046e+00	5	35	70	-3.12500000000000000e-02	-3.12500000000000000e-02	-4.68750000000000000e-01	31	31	24
3.00015940474418485e+00	726	Pi_RHS_Linf	2.63914129437228029e+00	4.70828724166230117e-01	1.56942908055410046e+00	5	35	70	-3.12500000000000000e-02	-3.12500000000000000e-02	-4.68750000000000000e-01	31	31	24
3.00015940474418485e+00	726	Phi_RHS_Linf	1.63180637015354812e+00	5.33085065913499356e-01	1.77695021971166467e+00	5	67	135	5.31250000000000000e-01	-3.12500000000000000e-02	3.12500000000000000e-02	8	31	0
3.00015940474418485e+00	726	Hhat_RHS_Linf	0.00000000000000000e+00	4.13527130307069442e+01	1.37842376769023161e+02	3	0	0	-2.38750000000000000e+01	-2.38750000000000000e+01	-2.38750000000000000e+01	0	0	0
3.00015940474418485e+00	726	theta_RHS_Linf	0.00000000000000000e+00	4.13527130307069442e+01	1.37842376769023161e+02	3	0	0	-2.38750000000000000e+01	-2.38750000000000000e+01	-2.38750000000000000e+01	0	0	0
3.00015940474418485e+00	726	Upsilon_RHS_Linf	0.00000000000000000e+00	4.13527130307069442e+01	1.37842376769023161e+02	3	0	0	-2.38750000000000000e+01	-2.38750000000000000e+01	-2.38750000000000000e+01	0	0	0
3.00015940474418485e+00	726	chi_beta	5.39349117526525146e-01	5.47544233372975975e-01	1.82514744457658673e+00	5	48	96	-9.37500000000000000e-02	9.37500000000000000e-02	-5.31250000000000000e-01	30	1	23
3.00015940474418485e+00	726	chi_beta_near_r_lt_1	5.39349117526525146e-01	5.47544233372975975e-01	1.82514744457658673e+00	5	48	96	-9.37500000000000000e-02	9.37500000000000000e-02	-5.31250000000000000e-01	30	1	23
3.00015940474418485e+00	726	chi_beta_inner_r_lt_0p5	4.80218687558811752e-01	4.95093109929839348e-01	1.65031036643279783e+00	5	74	148	-4.68750000000000000e-01	3.12500000000000000e-02	1.56250000000000000e-01	24	0	2
3.00015940474418485e+00	726	chi_beta_annulus_0p5_1	5.39349117526525146e-01	5.47544233372975975e-01	1.82514744457658673e+00	5	48	96	-9.37500000000000000e-02	9.37500000000000000e-02	-5.31250000000000000e-01	30	1	23
3.00015940474418485e+00	726	chi_beta_annulus_1_1p5	2.55100162714585188e-01	1.00146377243512918e+00	3.33821257478376410e+00	5	61	122	-5.93750000000000000e-01	-6.56250000000000000e-01	4.68750000000000000e-01	22	21	7
3.00015940474418485e+00	726	chi_beta_annulus_1p5_2	1.37403220969143813e-01	1.50097624481535341e+00	5.00325414938451196e+00	5	35	70	-2.18750000000000000e-01	-1.46875000000000000e+00	-2.18750000000000000e-01	28	8	28
3.00015940474418485e+00	726	chi_beta_outer_r_ge_2	8.54325510881105976e-02	2.00073228781363932e+00	6.66910762604546470e+00	5	35	70	-9.37500000000000000e-02	-1.96875000000000000e+00	-3.43750000000000000e-01	30	0	26
3.00015940474418485e+00	726	chi_beta_first_ge_1	0.00000000000000000e+00	inf	0.00000000000000000e+00	0	0	0	0.00000000000000000e+00	0.00000000000000000e+00	0.00000000000000000e+00	0	0	0
3.02075028177844107e+00	731	reference_Ricci	3.95415640539998448e+00	5.10629207449005973e-01	1.70209735816335339e+00	5	35	70	-1.56250000000000000e-01	-3.43750000000000000e-01	-3.43750000000000000e-01	29	26	26
3.02075028177844107e+00	731	reference_Riemann	5.24559282123501980e+00	4.95093109929839348e-01	1.65031036643279783e+00	5	35	70	-2.81250000000000000e-01	-3.12500000000000000e-02	-4.06250000000000000e-01	27	31	25
3.02075028177844107e+00	731	spin_connection	2.02854838716118113e+00	4.36382501367779396e-01	1.45460833789259802e+00	5	35	70	-3.12500000000000000e-02	-1.56250000000000000e-01	-4.06250000000000000e-01	31	29	25
3.02075028177844107e+00	731	spin_derivative	5.59043901423275003e+00	5.10629207449005973e-01	1.70209735816335339e+00	5	35	70	-2.18750000000000000e-01	-2.18750000000000000e-01	-4.06250000000000000e-01	28	28	25
3.02075028177844107e+00	731	Psi	2.79771353588010019e+00	4.70828724166230117e-01	1.56942908055410046e+00	5	35	70	-4.68750000000000000e-01	-3.12500000000000000e-02	-3.12500000000000000e-02	24	31	31
3.02075028177844107e+00	731	Q	5.24756992790850152e+00	4.36382501367779396e-01	1.45460833789259802e+00	5	74	148	-1.56250000000000000e-01	4.06250000000000000e-01	3.12500000000000000e-02	29	6	0
3.02075028177844107e+00	731	Delta	3.82207124751334160e+00	4.36382501367779396e-01	1.45460833789259802e+00	5	48	96	-1.56250000000000000e-01	4.06250000000000000e-01	-3.12500000000000000e-02	29	6	31
3.02075028177844107e+00	731	Pi	3.86686306408944658e+00	4.27337322849291990e-01	1.42445774283097326e+00	5	48	96	-9.37500000000000000e-02	9.37500000000000000e-02	-4.06250000000000000e-01	30	1	25
3.02075028177844107e+00	731	Phi	1.58763801193586906e+00	3.89059362437147893e-01	1.29686454145715979e+00	5	54	109	9.37500000000000000e-02	1.56250000000000000e-01	-3.43750000000000000e-01	1	2	26
3.02075028177844107e+00	731	GH_constraint	3.67926188336126087e-02	6.14759861653312534e-01	2.04919953884437511e+00	5	41	83	5.31250000000000000e-01	-2.18750000000000000e-01	-2.18750000000000000e-01	8	28	28
3.02075028177844107e+00	731	reduction_constraint	7.43083325264365640e-03	4.70828724166230117e-01	1.56942908055410046e+00	5	74	148	-4.68750000000000000e-01	3.12500000000000000e-02	3.12500000000000000e-02	24	0	0
3.02075028177844107e+00	731	curl_constraint	1.37975895075079041e-01	4.62457768342148190e-01	1.54152589447382726e+00	5	61	122	-1.56250000000000000e-01	-1.56250000000000000e-01	4.06250000000000000e-01	29	29	6
3.02075028177844107e+00	731	source_curvature	8.65070722758093247e+00	5.10629207449005973e-01	1.70209735816335339e+00	5	48	96	-2.18750000000000000e-01	4.06250000000000000e-01	-2.18750000000000000e-01	28	6	28
3.02075028177844107e+00	731	source_QQ	1.36517573951348101e+01	4.36382501367779396e-01	1.45460833789259802e+00	5	35	70	-4.06250000000000000e-01	-3.12500000000000000e-02	-1.56250000000000000e-01	25	31	29
3.02075028177844107e+00	731	source_DeltaDelta	6.98782145380334985e+00	4.36382501367779396e-01	1.45460833789259802e+00	5	35	70	-4.06250000000000000e-01	-3.12500000000000000e-02	-1.56250000000000000e-01	25	31	29
3.02075028177844107e+00	731	source_damping	0.00000000000000000e+00	4.13527130307069442e+01	1.37842376769023161e+02	3	0	0	-2.38750000000000000e+01	-2.38750000000000000e+01	-2.38750000000000000e+01	0	0	0
3.02075028177844107e+00	731	source_frame_correction	1.28359619561877247e+00	4.87139289628746752e-01	1.62379763209582251e+00	5	74	148	-4.68750000000000000e-01	9.37500000000000000e-02	9.37500000000000000e-02	24	1	1
3.02075028177844107e+00	731	Psi_RHS_Linf	8.92426279241981590e-01	4.70828724166230117e-01	1.56942908055410046e+00	5	35	70	-3.12500000000000000e-02	-3.12500000000000000e-02	-4.68750000000000000e-01	31	31	24
3.02075028177844107e+00	731	Pi_RHS_Linf	2.69460132575411171e+00	4.70828724166230117e-01	1.56942908055410046e+00	5	41	83	3.12500000000000000e-02	-4.68750000000000000e-01	-3.12500000000000000e-02	0	24	31
3.02075028177844107e+00	731	Phi_RHS_Linf	1.67864414658184002e+00	5.33085065913499356e-01	1.77695021971166467e+00	5	67	135	5.31250000000000000e-01	-3.12500000000000000e-02	3.12500000000000000e-02	8	31	0
3.02075028177844107e+00	731	Hhat_RHS_Linf	0.00000000000000000e+00	4.13527130307069442e+01	1.37842376769023161e+02	3	0	0	-2.38750000000000000e+01	-2.38750000000000000e+01	-2.38750000000000000e+01	0	0	0
3.02075028177844107e+00	731	theta_RHS_Linf	0.00000000000000000e+00	4.13527130307069442e+01	1.37842376769023161e+02	3	0	0	-2.38750000000000000e+01	-2.38750000000000000e+01	-2.38750000000000000e+01	0	0	0
3.02075028177844107e+00	731	Upsilon_RHS_Linf	0.00000000000000000e+00	4.13527130307069442e+01	1.37842376769023161e+02	3	0	0	-2.38750000000000000e+01	-2.38750000000000000e+01	-2.38750000000000000e+01	0	0	0
3.02075028177844107e+00	731	chi_beta	5.47761451158744084e-01	5.47544233372975975e-01	1.82514744457658673e+00	5	48	96	-9.37500000000000000e-02	9.37500000000000000e-02	-5.31250000000000000e-01	30	1	23
3.02075028177844107e+00	731	chi_beta_near_r_lt_1	5.47761451158744084e-01	5.47544233372975975e-01	1.82514744457658673e+00	5	48	96	-9.37500000000000000e-02	9.37500000000000000e-02	-5.31250000000000000e-01	30	1	23
3.02075028177844107e+00	731	chi_beta_inner_r_lt_0p5	4.87683800899615161e-01	4.95093109929839348e-01	1.65031036643279783e+00	5	67	135	4.68750000000000000e-01	-1.56250000000000000e-01	3.12500000000000000e-02	7	29	0
3.02075028177844107e+00	731	chi_beta_annulus_0p5_1	5.47761451158744084e-01	5.47544233372975975e-01	1.82514744457658673e+00	5	48	96	-9.37500000000000000e-02	9.37500000000000000e-02	-5.31250000000000000e-01	30	1	23
3.02075028177844107e+00	731	chi_beta_annulus_1_1p5	2.59176578984868455e-01	1.00146377243512918e+00	3.33821257478376410e+00	5	48	96	-5.93750000000000000e-01	4.68750000000000000e-01	-6.56250000000000000e-01	22	7	21
3.02075028177844107e+00	731	chi_beta_annulus_1p5_2	1.39588065325680272e-01	1.50097624481535341e+00	5.00325414938451196e+00	5	35	70	-2.18750000000000000e-01	-1.46875000000000000e+00	-2.18750000000000000e-01	28	8	28
3.02075028177844107e+00	731	chi_beta_outer_r_ge_2	8.67817782927208237e-02	2.00073228781363932e+00	6.66910762604546470e+00	5	35	70	-9.37500000000000000e-02	-1.96875000000000000e+00	-3.43750000000000000e-01	30	0	26
3.02075028177844107e+00	731	chi_beta_first_ge_1	0.00000000000000000e+00	inf	0.00000000000000000e+00	0	0	0	0.00000000000000000e+00	0.00000000000000000e+00	0.00000000000000000e+00	0	0	0
3.04133961908686912e+00	736	reference_Ricci	3.99660873009712425e+00	5.10629207449005973e-01	1.70209735816335339e+00	5	35	70	-2.18750000000000000e-01	-4.06250000000000000e-01	-2.18750000000000000e-01	28	25	28
3.04133961908686912e+00	736	reference_Riemann	5.29319042276594320e+00	5.02921154357221289e-01	1.67640384785740437e+00	5	35	70	-1.56250000000000000e-01	-4.68750000000000000e-01	-9.37500000000000000e-02	29	24	30
3.04133961908686912e+00	736	spin_connection	2.04440684216854818e+00	4.36382501367779396e-01	1.45460833789259802e+00	5	35	70	-1.56250000000000000e-01	-3.43750000000000000e-01	-2.18750000000000000e-01	29	26	28
3.04133961908686912e+00	736	spin_derivative	5.67338054880162712e+00	5.10629207449005973e-01	1.70209735816335339e+00	5	35	70	-2.18750000000000000e-01	-2.18750000000000000e-01	-4.06250000000000000e-01	28	28	25
3.04133961908686912e+00	736	Psi	2.81770723623107333e+00	4.70828724166230117e-01	1.56942908055410046e+00	5	35	70	-4.68750000000000000e-01	-3.12500000000000000e-02	-3.12500000000000000e-02	24	31	31
3.04133961908686912e+00	736	Q	5.34863547732981015e+00	4.36382501367779396e-01	1.45460833789259802e+00	5	74	148	-1.56250000000000000e-01	4.06250000000000000e-01	3.12500000000000000e-02	29	6	0
3.04133961908686912e+00	736	Delta	3.89760631916992129e+00	4.36382501367779396e-01	1.45460833789259802e+00	5	74	148	-1.56250000000000000e-01	4.06250000000000000e-01	3.12500000000000000e-02	29	6	0
3.04133961908686912e+00	736	Pi	3.92649423999662295e+00	4.70828724166230117e-01	1.56942908055410046e+00	5	35	70	-4.68750000000000000e-01	-3.12500000000000000e-02	-3.12500000000000000e-02	24	31	31
3.04133961908686912e+00	736	Phi	1.62689876888053053e+00	3.89059362437147893e-01	1.29686454145715979e+00	5	54	109	9.37500000000000000e-02	1.56250000000000000e-01	-3.43750000000000000e-01	1	2	26
3.04133961908686912e+00	736	GH_constraint	3.76704655934614677e-02	6.14759861653312534e-01	2.04919953884437511e+00	5	41	83	5.31250000000000000e-01	-2.18750000000000000e-01	-2.18750000000000000e-01	8	28	28
3.04133961908686912e+00	736	reduction_constraint	7.68174753599045867e-03	4.70828724166230117e-01	1.56942908055410046e+00	5	74	148	-4.68750000000000000e-01	3.12500000000000000e-02	3.12500000000000000e-02	24	0	0
3.04133961908686912e+00	736	curl_constraint	1.42818387604526587e-01	4.62457768342148190e-01	1.54152589447382726e+00	5	61	122	-1.56250000000000000e-01	-1.56250000000000000e-01	4.06250000000000000e-01	29	29	6
3.04133961908686912e+00	736	source_curvature	8.75913237623858620e+00	5.10629207449005973e-01	1.70209735816335339e+00	5	74	148	-4.06250000000000000e-01	2.18750000000000000e-01	2.18750000000000000e-01	25	3	3
3.04133961908686912e+00	736	source_QQ	1.39304825580521143e+01	4.36382501367779396e-01	1.45460833789259802e+00	5	80	161	4.06250000000000000e-01	3.12500000000000000e-02	1.56250000000000000e-01	6	0	2
3.04133961908686912e+00	736	source_DeltaDelta	7.12589403902614649e+00	4.36382501367779396e-01	1.45460833789259802e+00	5	48	96	-1.56250000000000000e-01	4.06250000000000000e-01	-3.12500000000000000e-02	29	6	31
3.04133961908686912e+00	736	source_damping	0.00000000000000000e+00	4.13527130307069442e+01	1.37842376769023161e+02	3	0	0	-2.38750000000000000e+01	-2.38750000000000000e+01	-2.38750000000000000e+01	0	0	0
3.04133961908686912e+00	736	source_frame_correction	1.32420137999772614e+00	4.87139289628746752e-01	1.62379763209582251e+00	5	74	148	-4.68750000000000000e-01	9.37500000000000000e-02	9.37500000000000000e-02	24	1	1
3.04133961908686912e+00	736	Psi_RHS_Linf	9.11809734988262677e-01	4.70828724166230117e-01	1.56942908055410046e+00	5	35	70	-3.12500000000000000e-02	-3.12500000000000000e-02	-4.68750000000000000e-01	31	31	24
3.04133961908686912e+00	736	Pi_RHS_Linf	2.75218659307305424e+00	4.70828724166230117e-01	1.56942908055410046e+00	5	41	83	3.12500000000000000e-02	-4.68750000000000000e-01	-3.12500000000000000e-02	0	24	31
3.04133961908686912e+00	736	Phi_RHS_Linf	1.72700962058556695e+00	5.33085065913499356e-01	1.77695021971166467e+00	5	67	135	5.31250000000000000e-01	-3.12500000000000000e-02	3.12500000000000000e-02	8	31	0
3.04133961908686912e+00	736	Hhat_RHS_Linf	0.00000000000000000e+00	4.13527130307069442e+01	1.37842376769023161e+02	3	0	0	-2.38750000000000000e+01	-2.38750000000000000e+01	-2.38750000000000000e+01	0	0	0
3.04133961908686912e+00	736	theta_RHS_Linf	0.00000000000000000e+00	4.13527130307069442e+01	1.37842376769023161e+02	3	0	0	-2.38750000000000000e+01	-2.38750000000000000e+01	-2.38750000000000000e+01	0	0	0
3.04133961908686912e+00	736	Upsilon_RHS_Linf	0.00000000000000000e+00	4.13527130307069442e+01	1.37842376769023161e+02	3	0	0	-2.38750000000000000e+01	-2.38750000000000000e+01	-2.38750000000000000e+01	0	0	0
3.04133961908686912e+00	736	chi_beta	5.56221071955622204e-01	5.47544233372975975e-01	1.82514744457658673e+00	5	48	96	-9.37500000000000000e-02	9.37500000000000000e-02	-5.31250000000000000e-01	30	1	23
3.04133961908686912e+00	736	chi_beta_near_r_lt_1	5.56221071955622204e-01	5.47544233372975975e-01	1.82514744457658673e+00	5	48	96	-9.37500000000000000e-02	9.37500000000000000e-02	-5.31250000000000000e-01	30	1	23
3.04133961908686912e+00	736	chi_beta_inner_r_lt_0p5	4.95203112868281337e-01	4.95093109929839348e-01	1.65031036643279783e+00	5	80	161	4.68750000000000000e-01	1.56250000000000000e-01	3.12500000000000000e-02	7	2	0
3.04133961908686912e+00	736	chi_beta_annulus_0p5_1	5.56221071955622204e-01	5.47544233372975975e-01	1.82514744457658673e+00	5	48	96	-9.37500000000000000e-02	9.37500000000000000e-02	-5.31250000000000000e-01	30	1	23
3.04133961908686912e+00	736	chi_beta_annulus_1_1p5	2.63275221019695305e-01	1.00146377243512918e+00	3.33821257478376410e+00	5	35	70	-5.93750000000000000e-01	-4.68750000000000000e-01	-6.56250000000000000e-01	22	24	21
3.04133961908686912e+00	736	chi_beta_annulus_1p5_2	1.41784540903783896e-01	1.50097624481535341e+00	5.00325414938451196e+00	5	35	70	-2.18750000000000000e-01	-1.46875000000000000e+00	-2.18750000000000000e-01	28	8	28
3.04133961908686912e+00	736	chi_beta_outer_r_ge_2	8.81381655055563651e-02	2.00073228781363932e+00	6.66910762604546470e+00	5	74	148	-9.37500000000000000e-02	3.43750000000000000e-01	1.96875000000000000e+00	30	5	31
3.04133961908686912e+00	736	chi_beta_first_ge_1	0.00000000000000000e+00	inf	0.00000000000000000e+00	0	0	0	0.00000000000000000e+00	0.00000000000000000e+00	0.00000000000000000e+00	0	0	0
3.06192740850488976e+00	741	reference_Ricci	4.03957479656537011e+00	5.10629207449005973e-01	1.70209735816335339e+00	5	35	70	-4.06250000000000000e-01	-2.18750000000000000e-01	-2.18750000000000000e-01	25	28	28
3.06192740850488976e+00	741	reference_Riemann	5.35128862974200636e+00	5.02921154357221289e-01	1.67640384785740437e+00	5	35	70	-1.56250000000000000e-01	-9.37500000000000000e-02	-4.68750000000000000e-01	29	30	24
3.06192740850488976e+00	741	spin_connection	2.06040854859527744e+00	4.36382501367779396e-01	1.45460833789259802e+00	5	35	70	-4.06250000000000000e-01	-3.12500000000000000e-02	-1.56250000000000000e-01	25	31	29
3.06192740850488976e+00	741	spin_derivative	5.75716629618359566e+00	5.10629207449005973e-01	1.70209735816335339e+00	5	35	70	-1.56250000000000000e-01	-3.43750000000000000e-01	-3.43750000000000000e-01	29	26	26
3.06192740850488976e+00	741	Psi	2.83811055698148440e+00	4.70828724166230117e-01	1.56942908055410046e+00	5	35	70	-4.68750000000000000e-01	-3.12500000000000000e-02	-3.12500000000000000e-02	24	31	31
3.06192740850488976e+00	741	Q	5.45134661305532209e+00	4.36382501367779396e-01	1.45460833789259802e+00	5	74	148	-1.56250000000000000e-01	4.06250000000000000e-01	3.12500000000000000e-02	29	6	0
3.06192740850488976e+00	741	Delta	3.97445483449310677e+00	4.36382501367779396e-01	1.45460833789259802e+00	5	48	96	-1.56250000000000000e-01	4.06250000000000000e-01	-3.12500000000000000e-02	29	6	31
3.06192740850488976e+00	741	Pi	3.98717916232368585e+00	4.70828724166230117e-01	1.56942908055410046e+00	5	35	70	-4.68750000000000000e-01	-3.12500000000000000e-02	-3.12500000000000000e-02	24	31	31
3.06192740850488976e+00	741	Phi	1.66690877178891683e+00	3.89059362437147893e-01	1.29686454145715979e+00	5	54	109	9.37500000000000000e-02	1.56250000000000000e-01	-3.43750000000000000e-01	1	2	26
3.06192740850488976e+00	741	GH_constraint	3.85749685473976700e-02	6.14759861653312534e-01	2.04919953884437511e+00	5	41	83	5.31250000000000000e-01	-2.18750000000000000e-01	-2.18750000000000000e-01	8	28	28
3.06192740850488976e+00	741	reduction_constraint	7.94023685180063853e-03	4.70828724166230117e-01	1.56942908055410046e+00	5	74	148	-4.68750000000000000e-01	3.12500000000000000e-02	3.12500000000000000e-02	24	0	0
3.06192740850488976e+00	741	curl_constraint	1.47738720700995002e-01	4.62457768342148190e-01	1.54152589447382726e+00	5	61	122	-1.56250000000000000e-01	-1.56250000000000000e-01	4.06250000000000000e-01	29	29	6
3.06192740850488976e+00	741	source_curvature	8.86957793007322159e+00	5.10629207449005973e-01	1.70209735816335339e+00	5	74	148	-4.06250000000000000e-01	2.18750000000000000e-01	2.18750000000000000e-01	25	3	3
3.06192740850488976e+00	741	source_QQ	1.42178783313339459e+01	4.45243964024218952e-01	1.48414654674739666e+00	5	35	70	-9.37500000000000000e-02	-4.06250000000000000e-01	-1.56250000000000000e-01	30	25	29
3.06192740850488976e+00	741	source_DeltaDelta	7.26470759148336231e+00	4.36382501367779396e-01	1.45460833789259802e+00	5	54	109	4.06250000000000000e-01	1.56250000000000000e-01	-3.12500000000000000e-02	6	2	31
3.06192740850488976e+00	741	source_damping	0.00000000000000000e+00	4.13527130307069442e+01	1.37842376769023161e+02	3	0	0	-2.38750000000000000e+01	-2.38750000000000000e+01	-2.38750000000000000e+01	0	0	0
3.06192740850488976e+00	741	source_frame_correction	1.36602625109596554e+00	4.87139289628746752e-01	1.62379763209582251e+00	5	74	148	-4.68750000000000000e-01	9.37500000000000000e-02	9.37500000000000000e-02	24	1	1
3.06192740850488976e+00	741	Psi_RHS_Linf	9.31667675296489750e-01	4.70828724166230117e-01	1.56942908055410046e+00	5	41	83	3.12500000000000000e-02	-3.12500000000000000e-02	-4.68750000000000000e-01	0	31	24
3.06192740850488976e+00	741	Pi_RHS_Linf	2.81200740759415702e+00	4.70828724166230117e-01	1.56942908055410046e+00	5	35	70	-3.12500000000000000e-02	-3.12500000000000000e-02	-4.68750000000000000e-01	31	31	24
3.06192740850488976e+00	741	Phi_RHS_Linf	1.77696604350095333e+00	5.33085065913499356e-01	1.77695021971166467e+00	5	67	135	5.31250000000000000e-01	-3.12500000000000000e-02	3.12500000000000000e-02	8	31	0
3.06192740850488976e+00	741	Hhat_RHS_Linf	0.00000000000000000e+00	4.13527130307069442e+01	1.37842376769023161e+02	3	0	0	-2.38750000000000000e+01	-2.38750000000000000e+01	-2.38750000000000000e+01	0	0	0
3.06192740850488976e+00	741	theta_RHS_Linf	0.00000000000000000e+00	4.13527130307069442e+01	1.37842376769023161e+02	3	0	0	-2.38750000000000000e+01	-2.38750000000000000e+01	-2.38750000000000000e+01	0	0	0
3.06192740850488976e+00	741	Upsilon_RHS_Linf	0.00000000000000000e+00	4.13527130307069442e+01	1.37842376769023161e+02	3	0	0	-2.38750000000000000e+01	-2.38750000000000000e+01	-2.38750000000000000e+01	0	0	0
3.06192740850488976e+00	741	chi_beta	5.64726954309803908e-01	5.47544233372975975e-01	1.82514744457658673e+00	5	48	96	-9.37500000000000000e-02	9.37500000000000000e-02	-5.31250000000000000e-01	30	1	23
3.06192740850488976e+00	741	chi_beta_near_r_lt_1	5.64726954309803908e-01	5.47544233372975975e-01	1.82514744457658673e+00	5	48	96	-9.37500000000000000e-02	9.37500000000000000e-02	-5.31250000000000000e-01	30	1	23
3.06192740850488976e+00	741	chi_beta_inner_r_lt_0p5	5.02776862735717311e-01	4.95093109929839348e-01	1.65031036643279783e+00	5	61	122	-1.56250000000000000e-01	-3.12500000000000000e-02	4.68750000000000000e-01	29	31	7
3.06192740850488976e+00	741	chi_beta_annulus_0p5_1	5.64726954309803908e-01	5.47544233372975975e-01	1.82514744457658673e+00	5	48	96	-9.37500000000000000e-02	9.37500000000000000e-02	-5.31250000000000000e-01	30	1	23
3.06192740850488976e+00	741	chi_beta_annulus_1_1p5	2.67395539082698475e-01	1.00146377243512918e+00	3.33821257478376410e+00	5	35	70	-5.93750000000000000e-01	-4.68750000000000000e-01	-6.56250000000000000e-01	22	24	21
3.06192740850488976e+00	741	chi_beta_annulus_1p5_2	1.43992354049935573e-01	1.50097624481535341e+00	5.00325414938451196e+00	5	35	70	-2.18750000000000000e-01	-2.18750000000000000e-01	-1.46875000000000000e+00	28	28	8
3.06192740850488976e+00	741	chi_beta_outer_r_ge_2	8.95015412628955842e-02	2.00073228781363932e+00	6.66910762604546470e+00	5	35	70	-9.37500000000000000e-02	-1.96875000000000000e+00	-3.43750000000000000e-01	30	0	26
3.06192740850488976e+00	741	chi_beta_first_ge_1	0.00000000000000000e+00	inf	0.00000000000000000e+00	0	0	0	0.00000000000000000e+00	0.00000000000000000e+00	0.00000000000000000e+00	0	0	0
3.08251364201770572e+00	746	reference_Ricci	4.08305879594362242e+00	5.10629207449005973e-01	1.70209735816335339e+00	5	35	70	-2.18750000000000000e-01	-2.18750000000000000e-01	-4.06250000000000000e-01	28	28	25
3.08251364201770572e+00	746	reference_Riemann	5.41006138685931859e+00	5.02921154357221289e-01	1.67640384785740437e+00	5	35	70	-2.81250000000000000e-01	-9.37500000000000000e-02	-4.06250000000000000e-01	27	30	25
3.08251364201770572e+00	746	spin_connection	2.07655072852540590e+00	4.36382501367779396e-01	1.45460833789259802e+00	5	35	70	-3.12500000000000000e-02	-1.56250000000000000e-01	-4.06250000000000000e-01	31	29	25
3.08251364201770572e+00	746	spin_derivative	5.84179527807267984e+00	5.10629207449005973e-01	1.70209735816335339e+00	5	35	70	-1.56250000000000000e-01	-3.43750000000000000e-01	-3.43750000000000000e-01	29	26	26
3.08251364201770572e+00	746	Psi	2.85893075549069620e+00	4.70828724166230117e-01	1.56942908055410046e+00	5	48	96	-3.12500000000000000e-02	3.12500000000000000e-02	-4.68750000000000000e-01	31	0	24
3.08251364201770572e+00	746	Q	5.55573805055248382e+00	4.36382501367779396e-01	1.45460833789259802e+00	5	74	148	-1.56250000000000000e-01	4.06250000000000000e-01	3.12500000000000000e-02	29	6	0
3.08251364201770572e+00	746	Delta	4.05264388179922985e+00	4.36382501367779396e-01	1.45460833789259802e+00	5	48	96	-1.56250000000000000e-01	4.06250000000000000e-01	-3.12500000000000000e-02	29	6	31
3.08251364201770572e+00	746	Pi	4.04875585840888430e+00	4.70828724166230117e-01	1.56942908055410046e+00	5	35	70	-4.68750000000000000e-01	-3.12500000000000000e-02	-3.12500000000000000e-02	24	31	31
3.08251364201770572e+00	746	Phi	1.70767768693495103e+00	3.89059362437147893e-01	1.29686454145715979e+00	5	54	109	9.37500000000000000e-02	1.56250000000000000e-01	-3.43750000000000000e-01	1	2	26
3.08251364201770572e+00	746	GH_constraint	3.95063513870366895e-02	6.14759861653312534e-01	2.04919953884437511e+00	5	41	83	5.31250000000000000e-01	-2.18750000000000000e-01	-2.18750000000000000e-01	8	28	28
3.08251364201770572e+00	746	reduction_constraint	8.20653437216470848e-03	4.70828724166230117e-01	1.56942908055410046e+00	5	74	148	-4.68750000000000000e-01	3.12500000000000000e-02	3.12500000000000000e-02	24	0	0
3.08251364201770572e+00	746	curl_constraint	1.52732388478736131e-01	4.62457768342148190e-01	1.54152589447382726e+00	5	61	122	-1.56250000000000000e-01	-1.56250000000000000e-01	4.06250000000000000e-01	29	29	6
3.08251364201770572e+00	746	source_curvature	8.98210697529662028e+00	5.10629207449005973e-01	1.70209735816335339e+00	5	74	148	-4.06250000000000000e-01	2.18750000000000000e-01	2.18750000000000000e-01	25	3	3
3.08251364201770572e+00	746	source_QQ	1.45119691082079445e+01	4.45243964024218952e-01	1.48414654674739666e+00	5	54	109	4.06250000000000000e-01	9.37500000000000000e-02	-1.56250000000000000e-01	6	1	29
3.08251364201770572e+00	746	source_DeltaDelta	7.40423768220172107e+00	4.36382501367779396e-01	1.45460833789259802e+00	5	54	109	4.06250000000000000e-01	1.56250000000000000e-01	-3.12500000000000000e-02	6	2	31
3.08251364201770572e+00	746	source_damping	0.00000000000000000e+00	4.13527130307069442e+01	1.37842376769023161e+02	3	0	0	-2.38750000000000000e+01	-2.38750000000000000e+01	-2.38750000000000000e+01	0	0	0
3.08251364201770572e+00	746	source_frame_correction	1.40910003668749284e+00	4.87139289628746752e-01	1.62379763209582251e+00	5	74	148	-4.68750000000000000e-01	9.37500000000000000e-02	9.37500000000000000e-02	24	1	1
3.08251364201770572e+00	746	Psi_RHS_Linf	9.52017579803860481e-01	4.70828724166230117e-01	1.56942908055410046e+00	5	41	83	3.12500000000000000e-02	-3.12500000000000000e-02	-4.68750000000000000e-01	0	31	24
3.08251364201770572e+00	746	Pi_RHS_Linf	2.87417981669999500e+00	4.70828724166230117e-01	1.56942908055410046e+00	5	41	83	3.12500000000000000e-02	-4.68750000000000000e-01	-3.12500000000000000e-02	0	24	31
3.08251364201770572e+00	746	Phi_RHS_Linf	1.82857943031603454e+00	5.33085065913499356e-01	1.77695021971166467e+00	5	41	83	3.12500000000000000e-02	-5.31250000000000000e-01	-3.12500000000000000e-02	0	23	31
3.08251364201770572e+00	746	Hhat_RHS_Linf	0.00000000000000000e+00	4.13527130307069442e+01	1.37842376769023161e+02	3	0	0	-2.38750000000000000e+01	-2.38750000000000000e+01	-2.38750000000000000e+01	0	0	0
3.08251364201770572e+00	746	theta_RHS_Linf	0.00000000000000000e+00	4.13527130307069442e+01	1.37842376769023161e+02	3	0	0	-2.38750000000000000e+01	-2.38750000000000000e+01	-2.38750000000000000e+01	0	0	0
3.08251364201770572e+00	746	Upsilon_RHS_Linf	0.00000000000000000e+00	4.13527130307069442e+01	1.37842376769023161e+02	3	0	0	-2.38750000000000000e+01	-2.38750000000000000e+01	-2.38750000000000000e+01	0	0	0
3.08251364201770572e+00	746	chi_beta	5.73278037467068513e-01	5.47544233372975975e-01	1.82514744457658673e+00	5	41	83	9.37500000000000000e-02	-9.37500000000000000e-02	-5.31250000000000000e-01	1	30	23
3.08251364201770572e+00	746	chi_beta_near_r_lt_1	5.73278037467068513e-01	5.47544233372975975e-01	1.82514744457658673e+00	5	41	83	9.37500000000000000e-02	-9.37500000000000000e-02	-5.31250000000000000e-01	1	30	23
3.08251364201770572e+00	746	chi_beta_inner_r_lt_0p5	5.10405309920188843e-01	4.95093109929839348e-01	1.65031036643279783e+00	5	61	122	-4.68750000000000000e-01	-3.12500000000000000e-02	1.56250000000000000e-01	24	31	2
3.08251364201770572e+00	746	chi_beta_annulus_0p5_1	5.73278037467068513e-01	5.47544233372975975e-01	1.82514744457658673e+00	5	41	83	9.37500000000000000e-02	-9.37500000000000000e-02	-5.31250000000000000e-01	1	30	23
3.08251364201770572e+00	746	chi_beta_annulus_1_1p5	2.71536976433799759e-01	1.00146377243512918e+00	3.33821257478376410e+00	5	35	70	-5.93750000000000000e-01	-4.68750000000000000e-01	-6.56250000000000000e-01	22	24	21
3.08251364201770572e+00	746	chi_beta_annulus_1p5_2	1.46211208020428751e-01	1.50097624481535341e+00	5.00325414938451196e+00	5	35	70	-2.18750000000000000e-01	-1.46875000000000000e+00	-2.18750000000000000e-01	28	8	28
3.08251364201770572e+00	746	chi_beta_outer_r_ge_2	9.08717324003437132e-02	2.00073228781363932e+00	6.66910762604546470e+00	5	35	70	-9.37500000000000000e-02	-1.96875000000000000e+00	-3.43750000000000000e-01	30	0	26
3.08251364201770572e+00	746	chi_beta_first_ge_1	0.00000000000000000e+00	inf	0.00000000000000000e+00	0	0	0	0.00000000000000000e+00	0.00000000000000000e+00	0.00000000000000000e+00	0	0	0
3.10309831176150253e+00	751	reference_Ricci	4.12706471194788271e+00	5.10629207449005973e-01	1.70209735816335339e+00	5	35	70	-2.18750000000000000e-01	-2.18750000000000000e-01	-4.06250000000000000e-01	28	28	25
3.10309831176150253e+00	751	reference_Riemann	5.46951543261400452e+00	5.02921154357221289e-01	1.67640384785740437e+00	5	35	70	-4.68750000000000000e-01	-9.37500000000000000e-02	-1.56250000000000000e-01	24	30	29
3.10309831176150253e+00	751	spin_connection	2.09283057276680617e+00	4.36382501367779396e-01	1.45460833789259802e+00	5	35	70	-3.12500000000000000e-02	-1.56250000000000000e-01	-4.06250000000000000e-01	31	29	25
3.10309831176150253e+00	751	spin_derivative	5.92726634209973913e+00	5.10629207449005973e-01	1.70209735816335339e+00	5	35	70	-3.43750000000000000e-01	-3.43750000000000000e-01	-1.56250000000000000e-01	26	26	29
3.10309831176150253e+00	751	Psi	2.88017526850135797e+00	4.70828724166230117e-01	1.56942908055410046e+00	5	48	96	-3.12500000000000000e-02	3.12500000000000000e-02	-4.68750000000000000e-01	31	0	24
3.10309831176150253e+00	751	Q	5.66184677602108799e+00	4.36382501367779396e-01	1.45460833789259802e+00	5	74	148	-1.56250000000000000e-01	4.06250000000000000e-01	3.12500000000000000e-02	29	6	0
3.10309831176150253e+00	751	Delta	4.13220178893005397e+00	4.36382501367779396e-01	1.45460833789259802e+00	5	74	148	-1.56250000000000000e-01	4.06250000000000000e-01	3.12500000000000000e-02	29	6	0
3.10309831176150253e+00	751	Pi	4.11126274477067000e+00	4.70828724166230117e-01	1.56942908055410046e+00	5	54	109	4.68750000000000000e-01	3.12500000000000000e-02	-3.12500000000000000e-02	7	0	31
3.10309831176150253e+00	751	Phi	1.75005898455012532e+00	5.33085065913499356e-01	1.77695021971166467e+00	5	35	70	-5.31250000000000000e-01	-3.12500000000000000e-02	-3.12500000000000000e-02	23	31	31
3.10309831176150253e+00	751	GH_constraint	4.04647986401141732e-02	6.14759861653312534e-01	2.04919953884437511e+00	5	41	83	5.31250000000000000e-01	-2.18750000000000000e-01	-2.18750000000000000e-01	8	28	28
3.10309831176150253e+00	751	reduction_constraint	8.48088092562197457e-03	4.70828724166230117e-01	1.56942908055410046e+00	5	61	122	-3.12500000000000000e-02	-3.12500000000000000e-02	4.68750000000000000e-01	31	31	7
3.10309831176150253e+00	751	curl_constraint	1.57794526195570467e-01	4.62457768342148190e-01	1.54152589447382726e+00	5	61	122	-1.56250000000000000e-01	-4.06250000000000000e-01	1.56250000000000000e-01	29	25	2
3.10309831176150253e+00	751	source_curvature	9.09678508014644294e+00	5.10629207449005973e-01	1.70209735816335339e+00	5	48	96	-2.18750000000000000e-01	4.06250000000000000e-01	-2.18750000000000000e-01	28	6	28
3.10309831176150253e+00	751	source_QQ	1.48102000371231597e+01	4.45243964024218952e-01	1.48414654674739666e+00	5	74	148	-9.37500000000000000e-02	4.06250000000000000e-01	1.56250000000000000e-01	30	6	2
3.10309831176150253e+00	751	source_DeltaDelta	7.54446258117845758e+00	4.36382501367779396e-01	1.45460833789259802e+00	5	54	109	4.06250000000000000e-01	1.56250000000000000e-01	-3.12500000000000000e-02	6	2	31
3.10309831176150253e+00	751	source_damping	0.00000000000000000e+00	4.13527130307069442e+01	1.37842376769023161e+02	3	0	0	-2.38750000000000000e+01	-2.38750000000000000e+01	-2.38750000000000000e+01	0	0	0
3.10309831176150253e+00	751	source_frame_correction	1.45345219721212460e+00	4.87139289628746752e-01	1.62379763209582251e+00	5	74	148	-4.68750000000000000e-01	9.37500000000000000e-02	9.37500000000000000e-02	24	1	1
3.10309831176150253e+00	751	Psi_RHS_Linf	9.72877811374507906e-01	4.70828724166230117e-01	1.56942908055410046e+00	5	74	148	-3.12500000000000000e-02	3.12500000000000000e-02	4.68750000000000000e-01	31	0	7
3.10309831176150253e+00	751	Pi_RHS_Linf	2.93882588508207210e+00	4.70828724166230117e-01	1.56942908055410046e+00	5	35	70	-3.12500000000000000e-02	-3.12500000000000000e-02	-4.68750000000000000e-01	31	31	24
3.10309831176150253e+00	751	Phi_RHS_Linf	1.88191865664523705e+00	5.33085065913499356e-01	1.77695021971166467e+00	5	41	83	3.12500000000000000e-02	-5.31250000000000000e-01	-3.12500000000000000e-02	0	23	31
3.10309831176150253e+00	751	Hhat_RHS_Linf	0.00000000000000000e+00	4.13527130307069442e+01	1.37842376769023161e+02	3	0	0	-2.38750000000000000e+01	-2.38750000000000000e+01	-2.38750000000000000e+01	0	0	0
3.10309831176150253e+00	751	theta_RHS_Linf	0.00000000000000000e+00	4.13527130307069442e+01	1.37842376769023161e+02	3	0	0	-2.38750000000000000e+01	-2.38750000000000000e+01	-2.38750000000000000e+01	0	0	0
3.10309831176150253e+00	751	Upsilon_RHS_Linf	0.00000000000000000e+00	4.13527130307069442e+01	1.37842376769023161e+02	3	0	0	-2.38750000000000000e+01	-2.38750000000000000e+01	-2.38750000000000000e+01	0	0	0
3.10309831176150253e+00	751	chi_beta	5.81936389742105709e-01	5.40363014555955701e-01	1.80121004851985234e+00	5	61	122	-9.37500000000000000e-02	-3.12500000000000000e-02	5.31250000000000000e-01	30	31	8
3.10309831176150253e+00	751	chi_beta_near_r_lt_1	5.81936389742105709e-01	5.40363014555955701e-01	1.80121004851985234e+00	5	61	122	-9.37500000000000000e-02	-3.12500000000000000e-02	5.31250000000000000e-01	30	31	8
3.10309831176150253e+00	751	chi_beta_inner_r_lt_0p5	5.18088733512516719e-01	4.95093109929839348e-01	1.65031036643279783e+00	5	48	96	-3.12500000000000000e-02	1.56250000000000000e-01	-4.68750000000000000e-01	31	2	24
3.10309831176150253e+00	751	chi_beta_annulus_0p5_1	5.81936389742105709e-01	5.40363014555955701e-01	1.80121004851985234e+00	5	61	122	-9.37500000000000000e-02	-3.12500000000000000e-02	5.31250000000000000e-01	30	31	8
3.10309831176150253e+00	751	chi_beta_annulus_1_1p5	2.75698969463378074e-01	1.00146377243512918e+00	3.33821257478376410e+00	5	67	135	4.68750000000000000e-01	-5.93750000000000000e-01	6.56250000000000000e-01	7	22	10
3.10309831176150253e+00	751	chi_beta_annulus_1p5_2	1.48440803062367843e-01	1.50097624481535341e+00	5.00325414938451196e+00	5	35	70	-2.18750000000000000e-01	-1.46875000000000000e+00	-2.18750000000000000e-01	28	8	28
3.10309831176150253e+00	751	chi_beta_outer_r_ge_2	9.22485640954695957e-02	2.00073228781363932e+00	6.66910762604546470e+00	5	48	96	-1.96875000000000000e+00	9.37500000000000000e-02	-3.43750000000000000e-01	0	1	26
3.10309831176150253e+00	751	chi_beta_first_ge_1	0.00000000000000000e+00	inf	0.00000000000000000e+00	0	0	0	0.00000000000000000e+00	0.00000000000000000e+00	0.00000000000000000e+00	0	0	0
3.12368141002461686e+00	756	reference_Ricci	4.17159631685521592e+00	5.10629207449005973e-01	1.70209735816335339e+00	5	35	70	-1.56250000000000000e-01	-3.43750000000000000e-01	-3.43750000000000000e-01	29	26	26
3.12368141002461686e+00	756	reference_Riemann	5.52965727022822851e+00	5.02921154357221289e-01	1.67640384785740437e+00	5	35	70	-9.37500000000000000e-02	-1.56250000000000000e-01	-4.68750000000000000e-01	30	29	24
3.12368141002461686e+00	756	spin_connection	2.10924524307301375e+00	4.36382501367779396e-01	1.45460833789259802e+00	5	35	70	-1.56250000000000000e-01	-3.43750000000000000e-01	-2.18750000000000000e-01	29	26	28
3.12368141002461686e+00	756	spin_derivative	6.01357815789990369e+00	5.10629207449005973e-01	1.70209735816335339e+00	5	35	70	-2.18750000000000000e-01	-4.06250000000000000e-01	-2.18750000000000000e-01	28	25	28
3.12368141002461686e+00	756	Psi	2.90185172532419466e+00	4.70828724166230117e-01	1.56942908055410046e+00	5	48	96	-3.12500000000000000e-02	3.12500000000000000e-02	-4.68750000000000000e-01	31	0	24
3.12368141002461686e+00	756	Q	5.77022670815122218e+00	4.45243964024218952e-01	1.48414654674739666e+00	5	48	96	-9.37500000000000000e-02	1.56250000000000000e-01	-4.06250000000000000e-01	30	2	25
3.12368141002461686e+00	756	Delta	4.21388986182153324e+00	4.45243964024218952e-01	1.48414654674739666e+00	5	48	96	-9.37500000000000000e-02	1.56250000000000000e-01	-4.06250000000000000e-01	30	2	25
3.12368141002461686e+00	756	Pi	4.17474123085627191e+00	4.70828724166230117e-01	1.56942908055410046e+00	5	35	70	-4.68750000000000000e-01	-3.12500000000000000e-02	-3.12500000000000000e-02	24	31	31
3.12368141002461686e+00	756	Phi	1.79809207265800919e+00	5.33085065913499356e-01	1.77695021971166467e+00	5	35	70	-5.31250000000000000e-01	-3.12500000000000000e-02	-3.12500000000000000e-02	23	31	31
3.12368141002461686e+00	756	GH_constraint	4.14504532106564558e-02	6.14759861653312534e-01	2.04919953884437511e+00	5	41	83	5.31250000000000000e-01	-2.18750000000000000e-01	-2.18750000000000000e-01	8	28	28
3.12368141002461686e+00	756	reduction_constraint	8.76352512577400176e-03	4.70828724166230117e-01	1.56942908055410046e+00	5	61	122	-3.12500000000000000e-02	-3.12500000000000000e-02	4.68750000000000000e-01	31	31	7
3.12368141002461686e+00	756	curl_constraint	1.62919922322346283e-01	4.62457768342148190e-01	1.54152589447382726e+00	5	61	122	-1.56250000000000000e-01	-1.56250000000000000e-01	4.06250000000000000e-01	29	29	6
3.12368141002461686e+00	756	source_curvature	9.21368040231511465e+00	5.10629207449005973e-01	1.70209735816335339e+00	5	48	96	-2.18750000000000000e-01	4.06250000000000000e-01	-2.18750000000000000e-01	28	6	28
3.12368141002461686e+00	756	source_QQ	1.51127692242216085e+01	4.45243964024218952e-01	1.48414654674739666e+00	5	48	96	-9.37500000000000000e-02	1.56250000000000000e-01	-4.06250000000000000e-01	30	2	25
3.12368141002461686e+00	756	source_DeltaDelta	7.68536358124137653e+00	4.36382501367779396e-01	1.45460833789259802e+00	5	54	109	4.06250000000000000e-01	1.56250000000000000e-01	-3.12500000000000000e-02	6	2	31
3.12368141002461686e+00	756	source_damping	0.00000000000000000e+00	4.13527130307069442e+01	1.37842376769023161e+02	3	0	0	-2.38750000000000000e+01	-2.38750000000000000e+01	-2.38750000000000000e+01	0	0	0
3.12368141002461686e+00	756	source_frame_correction	1.49911241108889937e+00	4.87139289628746752e-01	1.62379763209582251e+00	5	74	148	-4.68750000000000000e-01	9.37500000000000000e-02	9.37500000000000000e-02	24	1	1
3.12368141002461686e+00	756	Psi_RHS_Linf	9.94267663806179147e-01	4.70828724166230117e-01	1.56942908055410046e+00	5	48	96	-4.68750000000000000e-01	3.12500000000000000e-02	-3.12500000000000000e-02	24	0	31
3.12368141002461686e+00	756	Pi_RHS_Linf	3.00607398794864400e+00	4.70828724166230117e-01	1.56942908055410046e+00	5	35	70	-3.12500000000000000e-02	-3.12500000000000000e-02	-4.68750000000000000e-01	31	31	24
3.12368141002461686e+00	756	Phi_RHS_Linf	1.93705555636732796e+00	5.33085065913499356e-01	1.77695021971166467e+00	5	41	83	3.12500000000000000e-02	-3.12500000000000000e-02	-5.31250000000000000e-01	0	31	23
3.12368141002461686e+00	756	Hhat_RHS_Linf	0.00000000000000000e+00	4.13527130307069442e+01	1.37842376769023161e+02	3	0	0	-2.38750000000000000e+01	-2.38750000000000000e+01	-2.38750000000000000e+01	0	0	0
3.12368141002461686e+00	756	theta_RHS_Linf	0.00000000000000000e+00	4.13527130307069442e+01	1.37842376769023161e+02	3	0	0	-2.38750000000000000e+01	-2.38750000000000000e+01	-2.38750000000000000e+01	0	0	0
3.12368141002461686e+00	756	Upsilon_RHS_Linf	0.00000000000000000e+00	4.13527130307069442e+01	1.37842376769023161e+02	3	0	0	-2.38750000000000000e+01	-2.38750000000000000e+01	-2.38750000000000000e+01	0	0	0
3.12368141002461686e+00	756	chi_beta	5.90645698410581566e-01	5.40363014555955701e-01	1.80121004851985234e+00	5	48	96	-9.37500000000000000e-02	3.12500000000000000e-02	-5.31250000000000000e-01	30	0	23
3.12368141002461686e+00	756	chi_beta_near_r_lt_1	5.90645698410581566e-01	5.40363014555955701e-01	1.80121004851985234e+00	5	48	96	-9.37500000000000000e-02	3.12500000000000000e-02	-5.31250000000000000e-01	30	0	23
3.12368141002461686e+00	756	chi_beta_inner_r_lt_0p5	5.25827431702351578e-01	4.95093109929839348e-01	1.65031036643279783e+00	5	48	96	-3.12500000000000000e-02	1.56250000000000000e-01	-4.68750000000000000e-01	31	2	24
3.12368141002461686e+00	756	chi_beta_annulus_0p5_1	5.90645698410581566e-01	5.40363014555955701e-01	1.80121004851985234e+00	5	48	96	-9.37500000000000000e-02	3.12500000000000000e-02	-5.31250000000000000e-01	30	0	23
3.12368141002461686e+00	756	chi_beta_annulus_1_1p5	2.79880947830274729e-01	1.00146377243512918e+00	3.33821257478376410e+00	5	74	148	-5.93750000000000000e-01	4.68750000000000000e-01	6.56250000000000000e-01	22	7	10
3.12368141002461686e+00	756	chi_beta_annulus_1p5_2	1.50680836495911297e-01	1.50097624481535341e+00	5.00325414938451196e+00	5	48	96	-2.18750000000000000e-01	1.46875000000000000e+00	-2.18750000000000000e-01	28	23	28
3.12368141002461686e+00	756	chi_beta_outer_r_ge_2	9.36318599109576405e-02	2.00073228781363932e+00	6.66910762604546470e+00	5	48	96	-9.37500000000000000e-02	3.43750000000000000e-01	-1.96875000000000000e+00	30	5	0
3.12368141002461686e+00	756	chi_beta_first_ge_1	0.00000000000000000e+00	inf	0.00000000000000000e+00	0	0	0	0.00000000000000000e+00	0.00000000000000000e+00	0.00000000000000000e+00	0	0	0
3.14014675208460980e+00	760	reference_Ricci	4.20760249441661216e+00	5.10629207449005973e-01	1.70209735816335339e+00	5	35	70	-1.56250000000000000e-01	-3.43750000000000000e-01	-3.43750000000000000e-01	29	26	26
3.14014675208460980e+00	760	reference_Riemann	5.57827016604622639e+00	5.02921154357221289e-01	1.67640384785740437e+00	5	35	70	-9.37500000000000000e-02	-1.56250000000000000e-01	-4.68750000000000000e-01	30	29	24
3.14014675208460980e+00	760	spin_connection	2.12247212955858355e+00	4.36382501367779396e-01	1.45460833789259802e+00	5	35	70	-4.06250000000000000e-01	-1.56250000000000000e-01	-3.12500000000000000e-02	25	29	31
3.14014675208460980e+00	760	spin_derivative	6.08323194175217452e+00	5.10629207449005973e-01	1.70209735816335339e+00	5	35	70	-1.56250000000000000e-01	-3.43750000000000000e-01	-3.43750000000000000e-01	29	26	26
3.14014675208460980e+00	760	Psi	2.91950914899438274e+00	4.70828724166230117e-01	1.56942908055410046e+00	5	48	96	-3.12500000000000000e-02	3.12500000000000000e-02	-4.68750000000000000e-01	31	0	24
3.14014675208460980e+00	760	Q	5.85981518261074363e+00	4.45243964024218952e-01	1.48414654674739666e+00	5	48	96	-9.37500000000000000e-02	1.56250000000000000e-01	-4.06250000000000000e-01	30	2	25
3.14014675208460980e+00	760	Delta	4.28139374585011367e+00	4.45243964024218952e-01	1.48414654674739666e+00	5	48	96	-9.37500000000000000e-02	1.56250000000000000e-01	-4.06250000000000000e-01	30	2	25
3.14014675208460980e+00	760	Pi	4.22625343967975287e+00	4.70828724166230117e-01	1.56942908055410046e+00	5	67	135	4.68750000000000000e-01	-3.12500000000000000e-02	3.12500000000000000e-02	7	31	0
3.14014675208460980e+00	760	Phi	1.83735810111551157e+00	5.33085065913499356e-01	1.77695021971166467e+00	5	35	70	-5.31250000000000000e-01	-3.12500000000000000e-02	-3.12500000000000000e-02	23	31	31
3.14014675208460980e+00	760	GH_constraint	4.22586340954881623e-02	6.14759861653312534e-01	2.04919953884437511e+00	5	41	83	5.31250000000000000e-01	-2.18750000000000000e-01	-2.18750000000000000e-01	8	28	28
3.14014675208460980e+00	760	reduction_constraint	8.99578690367089720e-03	4.70828724166230117e-01	1.56942908055410046e+00	5	61	122	-4.68750000000000000e-01	-3.12500000000000000e-02	3.12500000000000000e-02	24	31	0
3.14014675208460980e+00	760	curl_constraint	1.67062072319443256e-01	4.62457768342148190e-01	1.54152589447382726e+00	5	61	122	-1.56250000000000000e-01	-1.56250000000000000e-01	4.06250000000000000e-01	29	29	6
3.14014675208460980e+00	760	source_curvature	9.30884057848118651e+00	5.10629207449005973e-01	1.70209735816335339e+00	5	48	96	-2.18750000000000000e-01	4.06250000000000000e-01	-2.18750000000000000e-01	28	6	28
3.14014675208460980e+00	760	source_QQ	1.53580944663935135e+01	4.45243964024218952e-01	1.48414654674739666e+00	5	74	148	-9.37500000000000000e-02	4.06250000000000000e-01	1.56250000000000000e-01	30	6	2
3.14014675208460980e+00	760	source_DeltaDelta	7.79856073957277562e+00	4.36382501367779396e-01	1.45460833789259802e+00	5	74	148	-1.56250000000000000e-01	4.06250000000000000e-01	3.12500000000000000e-02	29	6	0
3.14014675208460980e+00	760	source_damping	0.00000000000000000e+00	4.13527130307069442e+01	1.37842376769023161e+02	3	0	0	-2.38750000000000000e+01	-2.38750000000000000e+01	-2.38750000000000000e+01	0	0	0
3.14014675208460980e+00	760	source_frame_correction	1.53660245509536386e+00	4.87139289628746752e-01	1.62379763209582251e+00	5	74	148	-4.68750000000000000e-01	9.37500000000000000e-02	9.37500000000000000e-02	24	1	1
3.14014675208460980e+00	760	Psi_RHS_Linf	1.01177446312617936e+00	4.70828724166230117e-01	1.56942908055410046e+00	5	41	83	3.12500000000000000e-02	-3.12500000000000000e-02	-4.68750000000000000e-01	0	31	24
3.14014675208460980e+00	760	Pi_RHS_Linf	3.06183641886632785e+00	4.70828724166230117e-01	1.56942908055410046e+00	5	41	83	3.12500000000000000e-02	-4.68750000000000000e-01	-3.12500000000000000e-02	0	24	31
3.14014675208460980e+00	760	Phi_RHS_Linf	1.98250962196788771e+00	5.33085065913499356e-01	1.77695021971166467e+00	5	41	83	3.12500000000000000e-02	-3.12500000000000000e-02	-5.31250000000000000e-01	0	31	23
3.14014675208460980e+00	760	Hhat_RHS_Linf	0.00000000000000000e+00	4.13527130307069442e+01	1.37842376769023161e+02	3	0	0	-2.38750000000000000e+01	-2.38750000000000000e+01	-2.38750000000000000e+01	0	0	0
3.14014675208460980e+00	760	theta_RHS_Linf	0.00000000000000000e+00	4.13527130307069442e+01	1.37842376769023161e+02	3	0	0	-2.38750000000000000e+01	-2.38750000000000000e+01	-2.38750000000000000e+01	0	0	0
3.14014675208460980e+00	760	Upsilon_RHS_Linf	0.00000000000000000e+00	4.13527130307069442e+01	1.37842376769023161e+02	3	0	0	-2.38750000000000000e+01	-2.38750000000000000e+01	-2.38750000000000000e+01	0	0	0
3.14014675208460980e+00	760	chi_beta	5.97646717885437995e-01	5.40363014555955701e-01	1.80121004851985234e+00	5	48	96	-9.37500000000000000e-02	3.12500000000000000e-02	-5.31250000000000000e-01	30	0	23
3.14014675208460980e+00	760	chi_beta_near_r_lt_1	5.97646717885437995e-01	5.40363014555955701e-01	1.80121004851985234e+00	5	48	96	-9.37500000000000000e-02	3.12500000000000000e-02	-5.31250000000000000e-01	30	0	23
3.14014675208460980e+00	760	chi_beta_inner_r_lt_0p5	5.32058400128051057e-01	4.95093109929839348e-01	1.65031036643279783e+00	5	54	109	4.68750000000000000e-01	3.12500000000000000e-02	-1.56250000000000000e-01	7	0	29
3.14014675208460980e+00	760	chi_beta_annulus_0p5_1	5.97646717885437995e-01	5.40363014555955701e-01	1.80121004851985234e+00	5	48	96	-9.37500000000000000e-02	3.12500000000000000e-02	-5.31250000000000000e-01	30	0	23
3.14014675208460980e+00	760	chi_beta_annulus_1_1p5	2.83240532486845109e-01	1.00146377243512918e+00	3.33821257478376410e+00	5	74	148	-4.68750000000000000e-01	5.93750000000000000e-01	6.56250000000000000e-01	24	9	10
3.14014675208460980e+00	760	chi_beta_annulus_1p5_2	1.52480173666408841e-01	1.50097624481535341e+00	5.00325414938451196e+00	5	41	83	2.18750000000000000e-01	-2.18750000000000000e-01	-1.46875000000000000e+00	3	28	8
3.14014675208460980e+00	760	chi_beta_outer_r_ge_2	9.47430311599347652e-02	2.00073228781363932e+00	6.66910762604546470e+00	5	48	96	-1.96875000000000000e+00	9.37500000000000000e-02	-3.43750000000000000e-01	0	1	26
3.14014675208460980e+00	760	chi_beta_first_ge_1	0.00000000000000000e+00	inf	0.00000000000000000e+00	0	0	0	0.00000000000000000e+00	0.00000000000000000e+00	0.00000000000000000e+00	0	0	0
3.16072700273910989e+00	765	reference_Ricci	4.25980465877749825e+00	5.18222623493031276e-01	1.72740874497677099e+00	5	35	70	-3.12500000000000000e-02	-2.18750000000000000e-01	-4.68750000000000000e-01	31	28	24
3.16072700273910989e+00	765	reference_Riemann	5.64620046532481457e+00	5.10629207449005973e-01	1.70209735816335339e+00	5	35	70	-2.18750000000000000e-01	-2.18750000000000000e-01	-4.06250000000000000e-01	28	28	25
3.16072700273910989e+00	765	spin_connection	2.13912224988538613e+00	4.36382501367779396e-01	1.45460833789259802e+00	5	35	70	-1.56250000000000000e-01	-2.18750000000000000e-01	-3.43750000000000000e-01	29	28	26
3.16072700273910989e+00	765	spin_derivative	6.17105317487931160e+00	5.10629207449005973e-01	1.70209735816335339e+00	5	35	70	-3.43750000000000000e-01	-3.43750000000000000e-01	-1.56250000000000000e-01	26	26	29
3.16072700273910989e+00	765	Psi	2.94198300145029767e+00	4.70828724166230117e-01	1.56942908055410046e+00	5	61	122	-3.12500000000000000e-02	-3.12500000000000000e-02	4.68750000000000000e-01	31	31	7
3.16072700273910989e+00	765	Q	5.97374758076596102e+00	4.45243964024218952e-01	1.48414654674739666e+00	5	41	83	9.37500000000000000e-02	-1.56250000000000000e-01	-4.06250000000000000e-01	1	29	25
3.16072700273910989e+00	765	Delta	4.36729943241152707e+00	4.45243964024218952e-01	1.48414654674739666e+00	5	74	148	-9.37500000000000000e-02	4.06250000000000000e-01	1.56250000000000000e-01	30	6	2
3.16072700273910989e+00	765	Pi	4.29159553388090309e+00	4.70828724166230117e-01	1.56942908055410046e+00	5	35	70	-4.68750000000000000e-01	-3.12500000000000000e-02	-3.12500000000000000e-02	24	31	31
3.16072700273910989e+00	765	Phi	1.88751828671439226e+00	5.33085065913499356e-01	1.77695021971166467e+00	5	35	70	-5.31250000000000000e-01	-3.12500000000000000e-02	-3.12500000000000000e-02	23	31	31
3.16072700273910989e+00	765	GH_constraint	4.32934797441615338e-02	6.14759861653312534e-01	2.04919953884437511e+00	5	41	83	5.31250000000000000e-01	-2.18750000000000000e-01	-2.18750000000000000e-01	8	28	28
3.16072700273910989e+00	765	reduction_constraint	9.29401868029877155e-03	4.70828724166230117e-01	1.56942908055410046e+00	5	41	83	4.68750000000000000e-01	-3.12500000000000000e-02	-3.12500000000000000e-02	7	31	31
3.16072700273910989e+00	765	curl_constraint	1.72287164225540024e-01	4.62457768342148190e-01	1.54152589447382726e+00	5	61	122	-1.56250000000000000e-01	-1.56250000000000000e-01	4.06250000000000000e-01	29	29	6
3.16072700273910989e+00	765	source_curvature	9.42990733385332902e+00	5.10629207449005973e-01	1.70209735816335339e+00	5	74	148	-4.06250000000000000e-01	2.18750000000000000e-01	2.18750000000000000e-01	25	3	3
3.16072700273910989e+00	765	source_QQ	1.56690387613603974e+01	4.45243964024218952e-01	1.48414654674739666e+00	5	74	148	-9.37500000000000000e-02	4.06250000000000000e-01	1.56250000000000000e-01	30	6	2
3.16072700273910989e+00	765	source_DeltaDelta	7.94064253224036420e+00	4.36382501367779396e-01	1.45460833789259802e+00	5	74	148	-1.56250000000000000e-01	4.06250000000000000e-01	3.12500000000000000e-02	29	6	0
3.16072700273910989e+00	765	source_damping	0.00000000000000000e+00	4.13527130307069442e+01	1.37842376769023161e+02	3	0	0	-2.38750000000000000e+01	-2.38750000000000000e+01	-2.38750000000000000e+01	0	0	0
3.16072700273910989e+00	765	source_frame_correction	1.58469259762994530e+00	4.87139289628746752e-01	1.62379763209582251e+00	5	54	109	9.37500000000000000e-02	9.37500000000000000e-02	-4.68750000000000000e-01	1	1	24
3.16072700273910989e+00	765	Psi_RHS_Linf	1.03416941814056673e+00	4.70828724166230117e-01	1.56942908055410046e+00	5	41	83	3.12500000000000000e-02	-3.12500000000000000e-02	-4.68750000000000000e-01	0	31	24
3.16072700273910989e+00	765	Pi_RHS_Linf	3.13411301079702609e+00	4.70828724166230117e-01	1.56942908055410046e+00	5	41	83	3.12500000000000000e-02	-3.12500000000000000e-02	-4.68750000000000000e-01	0	31	24
3.16072700273910989e+00	765	Phi_RHS_Linf	2.04107317334096949e+00	5.33085065913499356e-01	1.77695021971166467e+00	5	41	83	3.12500000000000000e-02	-3.12500000000000000e-02	-5.31250000000000000e-01	0	31	23
3.16072700273910989e+00	765	Hhat_RHS_Linf	0.00000000000000000e+00	4.13527130307069442e+01	1.37842376769023161e+02	3	0	0	-2.38750000000000000e+01	-2.38750000000000000e+01	-2.38750000000000000e+01	0	0	0
3.16072700273910989e+00	765	theta_RHS_Linf	0.00000000000000000e+00	4.13527130307069442e+01	1.37842376769023161e+02	3	0	0	-2.38750000000000000e+01	-2.38750000000000000e+01	-2.38750000000000000e+01	0	0	0
3.16072700273910989e+00	765	Upsilon_RHS_Linf	0.00000000000000000e+00	4.13527130307069442e+01	1.37842376769023161e+02	3	0	0	-2.38750000000000000e+01	-2.38750000000000000e+01	-2.38750000000000000e+01	0	0	0
3.16072700273910989e+00	765	chi_beta	6.06439031761029756e-01	5.40363014555955701e-01	1.80121004851985234e+00	5	48	96	-9.37500000000000000e-02	3.12500000000000000e-02	-5.31250000000000000e-01	30	0	23
3.16072700273910989e+00	765	chi_beta_near_r_lt_1	6.06439031761029756e-01	5.40363014555955701e-01	1.80121004851985234e+00	5	48	96	-9.37500000000000000e-02	3.12500000000000000e-02	-5.31250000000000000e-01	30	0	23
3.16072700273910989e+00	765	chi_beta_inner_r_lt_0p5	5.39897402337741306e-01	4.95093109929839348e-01	1.65031036643279783e+00	5	48	96	-3.12500000000000000e-02	1.56250000000000000e-01	-4.68750000000000000e-01	31	2	24
3.16072700273910989e+00	765	chi_beta_annulus_0p5_1	6.06439031761029756e-01	5.40363014555955701e-01	1.80121004851985234e+00	5	48	96	-9.37500000000000000e-02	3.12500000000000000e-02	-5.31250000000000000e-01	30	0	23
3.16072700273910989e+00	765	chi_beta_annulus_1_1p5	2.87457026259863413e-01	1.00146377243512918e+00	3.33821257478376410e+00	5	35	70	-5.93750000000000000e-01	-4.68750000000000000e-01	-6.56250000000000000e-01	22	24	21
3.16072700273910989e+00	765	chi_beta_annulus_1p5_2	1.54738224429223303e-01	1.50097624481535341e+00	5.00325414938451196e+00	5	48	96	-2.18750000000000000e-01	1.46875000000000000e+00	-2.18750000000000000e-01	28	23	28
3.16072700273910989e+00	765	chi_beta_outer_r_ge_2	9.61375127828413278e-02	2.00073228781363932e+00	6.66910762604546470e+00	5	48	96	-1.96875000000000000e+00	9.37500000000000000e-02	-3.43750000000000000e-01	0	1	26
3.16072700273910989e+00	765	chi_beta_first_ge_1	0.00000000000000000e+00	inf	0.00000000000000000e+00	0	0	0	0.00000000000000000e+00	0.00000000000000000e+00	0.00000000000000000e+00	0	0	0
3.18130566113928070e+00	770	reference_Ricci	4.31282633950675809e+00	5.18222623493031276e-01	1.72740874497677099e+00	5	35	70	-1.56250000000000000e-01	-2.81250000000000000e-01	-4.06250000000000000e-01	29	27	25
3.18130566113928070e+00	770	reference_Riemann	5.71939258273846729e+00	5.10629207449005973e-01	1.70209735816335339e+00	5	35	70	-3.43750000000000000e-01	-3.43750000000000000e-01	-1.56250000000000000e-01	26	26	29
3.18130566113928070e+00	770	spin_connection	2.15589911273996204e+00	4.36382501367779396e-01	1.45460833789259802e+00	5	35	70	-1.56250000000000000e-01	-4.06250000000000000e-01	-3.12500000000000000e-02	29	25	31
3.18130566113928070e+00	770	spin_derivative	6.25971045403759074e+00	5.10629207449005973e-01	1.70209735816335339e+00	5	35	70	-4.06250000000000000e-01	-2.18750000000000000e-01	-2.18750000000000000e-01	25	28	28
3.18130566113928070e+00	770	Psi	2.96491131266557684e+00	4.70828724166230117e-01	1.56942908055410046e+00	5	35	70	-4.68750000000000000e-01	-3.12500000000000000e-02	-3.12500000000000000e-02	24	31	31
3.18130566113928070e+00	770	Q	6.08991356323184796e+00	4.45243964024218952e-01	1.48414654674739666e+00	5	48	96	-9.37500000000000000e-02	1.56250000000000000e-01	-4.06250000000000000e-01	30	2	25
3.18130566113928070e+00	770	Delta	4.45494895538412372e+00	4.45243964024218952e-01	1.48414654674739666e+00	5	48	96	-9.37500000000000000e-02	1.56250000000000000e-01	-4.06250000000000000e-01	30	2	25
3.18130566113928070e+00	770	Pi	4.35804295621336113e+00	4.70828724166230117e-01	1.56942908055410046e+00	5	35	70	-4.68750000000000000e-01	-3.12500000000000000e-02	-3.12500000000000000e-02	24	31	31
3.18130566113928070e+00	770	Phi	1.93890856288724844e+00	5.33085065913499356e-01	1.77695021971166467e+00	5	35	70	-5.31250000000000000e-01	-3.12500000000000000e-02	-3.12500000000000000e-02	23	31	31
3.18130566113928070e+00	770	GH_constraint	4.43556907101140679e-02	6.14759861653312534e-01	2.04919953884437511e+00	5	41	83	5.31250000000000000e-01	-2.18750000000000000e-01	-2.18750000000000000e-01	8	28	28
3.18130566113928070e+00	770	reduction_constraint	9.60128663638619081e-03	4.70828724166230117e-01	1.56942908055410046e+00	5	35	70	-4.68750000000000000e-01	-3.12500000000000000e-02	-3.12500000000000000e-02	24	31	31
3.18130566113928070e+00	770	curl_constraint	1.77559250128654672e-01	4.62457768342148190e-01	1.54152589447382726e+00	5	61	122	-1.56250000000000000e-01	-1.56250000000000000e-01	4.06250000000000000e-01	29	29	6
3.18130566113928070e+00	770	source_curvature	9.55339685863124721e+00	5.10629207449005973e-01	1.70209735816335339e+00	5	74	148	-4.06250000000000000e-01	2.18750000000000000e-01	2.18750000000000000e-01	25	3	3
3.18130566113928070e+00	770	source_QQ	1.59849902705406031e+01	4.45243964024218952e-01	1.48414654674739666e+00	5	48	96	-9.37500000000000000e-02	1.56250000000000000e-01	-4.06250000000000000e-01	30	2	25
3.18130566113928070e+00	770	source_DeltaDelta	8.08336705942130251e+00	4.36382501367779396e-01	1.45460833789259802e+00	5	54	109	4.06250000000000000e-01	1.56250000000000000e-01	-3.12500000000000000e-02	6	2	31
3.18130566113928070e+00	770	source_damping	0.00000000000000000e+00	4.13527130307069442e+01	1.37842376769023161e+02	3	0	0	-2.38750000000000000e+01	-2.38750000000000000e+01	-2.38750000000000000e+01	0	0	0
3.18130566113928070e+00	770	source_frame_correction	1.63417493817700410e+00	4.87139289628746752e-01	1.62379763209582251e+00	5	54	109	9.37500000000000000e-02	9.37500000000000000e-02	-4.68750000000000000e-01	1	1	24
3.18130566113928070e+00	770	Psi_RHS_Linf	1.05715340438141592e+00	4.70828724166230117e-01	1.56942908055410046e+00	5	41	83	3.12500000000000000e-02	-4.68750000000000000e-01	-3.12500000000000000e-02	0	24	31
3.18130566113928070e+00	770	Pi_RHS_Linf	3.20938730983633169e+00	4.70828724166230117e-01	1.56942908055410046e+00	5	41	83	3.12500000000000000e-02	-4.68750000000000000e-01	-3.12500000000000000e-02	0	24	31
3.18130566113928070e+00	770	Phi_RHS_Linf	2.10165210493278209e+00	5.33085065913499356e-01	1.77695021971166467e+00	5	41	83	3.12500000000000000e-02	-5.31250000000000000e-01	-3.12500000000000000e-02	0	23	31
3.18130566113928070e+00	770	Hhat_RHS_Linf	0.00000000000000000e+00	4.13527130307069442e+01	1.37842376769023161e+02	3	0	0	-2.38750000000000000e+01	-2.38750000000000000e+01	-2.38750000000000000e+01	0	0	0
3.18130566113928070e+00	770	theta_RHS_Linf	0.00000000000000000e+00	4.13527130307069442e+01	1.37842376769023161e+02	3	0	0	-2.38750000000000000e+01	-2.38750000000000000e+01	-2.38750000000000000e+01	0	0	0
3.18130566113928070e+00	770	Upsilon_RHS_Linf	0.00000000000000000e+00	4.13527130307069442e+01	1.37842376769023161e+02	3	0	0	-2.38750000000000000e+01	-2.38750000000000000e+01	-2.38750000000000000e+01	0	0	0
3.18130566113928070e+00	770	chi_beta	6.15275871014150377e-01	5.40363014555955701e-01	1.80121004851985234e+00	5	74	148	-9.37500000000000000e-02	5.31250000000000000e-01	3.12500000000000000e-02	30	8	0
3.18130566113928070e+00	770	chi_beta_near_r_lt_1	6.15275871014150377e-01	5.40363014555955701e-01	1.80121004851985234e+00	5	74	148	-9.37500000000000000e-02	5.31250000000000000e-01	3.12500000000000000e-02	30	8	0
3.18130566113928070e+00	770	chi_beta_inner_r_lt_0p5	5.47792609511556172e-01	4.95093109929839348e-01	1.65031036643279783e+00	5	54	109	4.68750000000000000e-01	3.12500000000000000e-02	-1.56250000000000000e-01	7	0	29
3.18130566113928070e+00	770	chi_beta_annulus_0p5_1	6.15275871014150377e-01	5.40363014555955701e-01	1.80121004851985234e+00	5	74	148	-9.37500000000000000e-02	5.31250000000000000e-01	3.12500000000000000e-02	30	8	0
3.18130566113928070e+00	770	chi_beta_annulus_1_1p5	2.91691873825529968e-01	1.00146377243512918e+00	3.33821257478376410e+00	5	80	161	5.93750000000000000e-01	4.68750000000000000e-01	6.56250000000000000e-01	9	7	10
3.18130566113928070e+00	770	chi_beta_annulus_1p5_2	1.57005851223610882e-01	1.50097624481535341e+00	5.00325414938451196e+00	5	48	96	-2.18750000000000000e-01	1.46875000000000000e+00	-2.18750000000000000e-01	28	23	28
3.18130566113928070e+00	770	chi_beta_outer_r_ge_2	9.75379562838880887e-02	2.00073228781363932e+00	6.66910762604546470e+00	5	48	96	-1.96875000000000000e+00	9.37500000000000000e-02	-3.43750000000000000e-01	0	1	26
3.18130566113928070e+00	770	chi_beta_first_ge_1	0.00000000000000000e+00	inf	0.00000000000000000e+00	0	0	0	0.00000000000000000e+00	0.00000000000000000e+00	0.00000000000000000e+00	0	0	0
3.20188272016174391e+00	775	reference_Ricci	4.36652214243266634e+00	5.18222623493031276e-01	1.72740874497677099e+00	5	35	70	-1.56250000000000000e-01	-2.81250000000000000e-01	-4.06250000000000000e-01	29	27	25
3.20188272016174391e+00	775	reference_Riemann	5.79354854271797137e+00	5.10629207449005973e-01	1.70209735816335339e+00	5	35	70	-2.18750000000000000e-01	-4.06250000000000000e-01	-2.18750000000000000e-01	28	25	28
3.20188272016174391e+00	775	spin_connection	2.17279978860194500e+00	4.36382501367779396e-01	1.45460833789259802e+00	5	35	70	-3.12500000000000000e-02	-4.06250000000000000e-01	-1.56250000000000000e-01	31	25	29
3.20188272016174391e+00	775	spin_derivative	6.34920173622094275e+00	5.10629207449005973e-01	1.70209735816335339e+00	5	35	70	-3.43750000000000000e-01	-3.43750000000000000e-01	-1.56250000000000000e-01	26	26	29
3.20188272016174391e+00	775	Psi	2.98830258767945933e+00	4.70828724166230117e-01	1.56942908055410046e+00	5	35	70	-4.68750000000000000e-01	-3.12500000000000000e-02	-3.12500000000000000e-02	24	31	31
3.20188272016174391e+00	775	Q	6.20839383750827967e+00	4.45243964024218952e-01	1.48414654674739666e+00	5	74	148	-9.37500000000000000e-02	4.06250000000000000e-01	1.56250000000000000e-01	30	6	2
3.20188272016174391e+00	775	Delta	4.54439700683242531e+00	4.45243964024218952e-01	1.48414654674739666e+00	5	74	148	-9.37500000000000000e-02	4.06250000000000000e-01	1.56250000000000000e-01	30	6	2
3.20188272016174391e+00	775	Pi	4.42565053554342924e+00	4.70828724166230117e-01	1.56942908055410046e+00	5	48	96	-3.12500000000000000e-02	3.12500000000000000e-02	-4.68750000000000000e-01	31	0	24
3.20188272016174391e+00	775	Phi	1.99156550668707077e+00	5.33085065913499356e-01	1.77695021971166467e+00	5	74	148	-3.12500000000000000e-02	3.12500000000000000e-02	5.31250000000000000e-01	31	0	8
3.20188272016174391e+00	775	GH_constraint	4.54452297307172959e-02	6.14759861653312534e-01	2.04919953884437511e+00	5	48	96	-5.31250000000000000e-01	2.18750000000000000e-01	-2.18750000000000000e-01	23	3	28
3.20188272016174391e+00	775	reduction_constraint	9.91787001516939576e-03	4.70828724166230117e-01	1.56942908055410046e+00	5	41	83	4.68750000000000000e-01	-3.12500000000000000e-02	-3.12500000000000000e-02	7	31	31
3.20188272016174391e+00	775	curl_constraint	1.82872015844701419e-01	4.62457768342148190e-01	1.54152589447382726e+00	5	61	122	-1.56250000000000000e-01	-1.56250000000000000e-01	4.06250000000000000e-01	29	29	6
3.20188272016174391e+00	775	source_curvature	9.68949922239757910e+00	5.18222623493031276e-01	1.72740874497677099e+00	5	41	83	1.56250000000000000e-01	-4.06250000000000000e-01	-2.81250000000000000e-01	2	25	27
3.20188272016174391e+00	775	source_QQ	1.63062324021670904e+01	4.45243964024218952e-01	1.48414654674739666e+00	5	74	148	-9.37500000000000000e-02	4.06250000000000000e-01	1.56250000000000000e-01	30	6	2
3.20188272016174391e+00	775	source_DeltaDelta	8.22673030332603616e+00	4.36382501367779396e-01	1.45460833789259802e+00	5	54	109	4.06250000000000000e-01	1.56250000000000000e-01	-3.12500000000000000e-02	6	2	31
3.20188272016174391e+00	775	source_damping	0.00000000000000000e+00	4.13527130307069442e+01	1.37842376769023161e+02	3	0	0	-2.38750000000000000e+01	-2.38750000000000000e+01	-2.38750000000000000e+01	0	0	0
3.20188272016174391e+00	775	source_frame_correction	1.68507986627496242e+00	4.87139289628746752e-01	1.62379763209582251e+00	5	74	148	-4.68750000000000000e-01	9.37500000000000000e-02	9.37500000000000000e-02	24	1	1
3.20188272016174391e+00	775	Psi_RHS_Linf	1.08074973033117061e+00	4.70828724166230117e-01	1.56942908055410046e+00	5	41	83	3.12500000000000000e-02	-3.12500000000000000e-02	-4.68750000000000000e-01	0	31	24
3.20188272016174391e+00	775	Pi_RHS_Linf	3.28781456775557057e+00	4.70828724166230117e-01	1.56942908055410046e+00	5	35	70	-3.12500000000000000e-02	-3.12500000000000000e-02	-4.68750000000000000e-01	31	31	24
3.20188272016174391e+00	775	Phi_RHS_Linf	2.16433038445456472e+00	5.33085065913499356e-01	1.77695021971166467e+00	5	41	83	3.12500000000000000e-02	-5.31250000000000000e-01	-3.12500000000000000e-02	0	23	31
3.20188272016174391e+00	775	Hhat_RHS_Linf	0.00000000000000000e+00	4.13527130307069442e+01	1.37842376769023161e+02	3	0	0	-2.38750000000000000e+01	-2.38750000000000000e+01	-2.38750000000000000e+01	0	0	0
3.20188272016174391e+00	775	theta_RHS_Linf	0.00000000000000000e+00	4.13527130307069442e+01	1.37842376769023161e+02	3	0	0	-2.38750000000000000e+01	-2.38750000000000000e+01	-2.38750000000000000e+01	0	0	0
3.20188272016174391e+00	775	Upsilon_RHS_Linf	0.00000000000000000e+00	4.13527130307069442e+01	1.37842376769023161e+02	3	0	0	-2.38750000000000000e+01	-2.38750000000000000e+01	-2.38750000000000000e+01	0	0	0
3.20188272016174391e+00	775	chi_beta	6.24156034279852112e-01	5.40363014555955701e-01	1.80121004851985234e+00	5	80	161	9.37500000000000000e-02	3.12500000000000000e-02	5.31250000000000000e-01	1	0	8
3.20188272016174391e+00	775	chi_beta_near_r_lt_1	6.24156034279852112e-01	5.40363014555955701e-01	1.80121004851985234e+00	5	80	161	9.37500000000000000e-02	3.12500000000000000e-02	5.31250000000000000e-01	1	0	8
3.20188272016174391e+00	775	chi_beta_inner_r_lt_0p5	5.55744385322581747e-01	4.95093109929839348e-01	1.65031036643279783e+00	5	54	109	3.12500000000000000e-02	1.56250000000000000e-01	-4.68750000000000000e-01	0	2	24
3.20188272016174391e+00	775	chi_beta_annulus_0p5_1	6.24156034279852112e-01	5.40363014555955701e-01	1.80121004851985234e+00	5	80	161	9.37500000000000000e-02	3.12500000000000000e-02	5.31250000000000000e-01	1	0	8
3.20188272016174391e+00	775	chi_beta_annulus_1_1p5	2.95944480589697190e-01	1.00146377243512918e+00	3.33821257478376410e+00	5	54	109	5.93750000000000000e-01	4.68750000000000000e-01	-6.56250000000000000e-01	9	7	21
3.20188272016174391e+00	775	chi_beta_annulus_1p5_2	1.59282741018363205e-01	1.50097624481535341e+00	5.00325414938451196e+00	5	35	70	-2.18750000000000000e-01	-1.46875000000000000e+00	-2.18750000000000000e-01	28	8	28
3.20188272016174391e+00	775	chi_beta_outer_r_ge_2	9.89441794914264899e-02	2.00073228781363932e+00	6.66910762604546470e+00	5	48	96	-1.96875000000000000e+00	9.37500000000000000e-02	-3.43750000000000000e-01	0	1	26
3.20188272016174391e+00	775	chi_beta_first_ge_1	0.00000000000000000e+00	inf	0.00000000000000000e+00	0	0	0	0.00000000000000000e+00	0.00000000000000000e+00	0.00000000000000000e+00	0	0	0
3.22245817284044911e+00	780	reference_Ricci	4.42089394710374517e+00	5.18222623493031276e-01	1.72740874497677099e+00	5	35	70	-1.56250000000000000e-01	-1.56250000000000000e-01	-4.68750000000000000e-01	29	29	24
3.22245817284044911e+00	780	reference_Riemann	5.86867339458785864e+00	5.10629207449005973e-01	1.70209735816335339e+00	5	35	70	-3.43750000000000000e-01	-3.43750000000000000e-01	-1.56250000000000000e-01	26	26	29
3.22245817284044911e+00	780	spin_connection	2.18982132866751167e+00	4.36382501367779396e-01	1.45460833789259802e+00	5	35	70	-3.12500000000000000e-02	-1.56250000000000000e-01	-4.06250000000000000e-01	31	29	25
3.22245817284044911e+00	780	spin_derivative	6.43952478130628947e+00	5.10629207449005973e-01	1.70209735816335339e+00	5	35	70	-3.43750000000000000e-01	-3.43750000000000000e-01	-1.56250000000000000e-01	26	26	29
3.22245817284044911e+00	780	Psi	3.01216560692845592e+00	4.70828724166230117e-01	1.56942908055410046e+00	5	35	70	-4.68750000000000000e-01	-3.12500000000000000e-02	-3.12500000000000000e-02	24	31	31
3.22245817284044911e+00	780	Q	6.32927502775942408e+00	4.45243964024218952e-01	1.48414654674739666e+00	5	74	148	-9.37500000000000000e-02	4.06250000000000000e-01	1.56250000000000000e-01	30	6	2
3.22245817284044911e+00	780	Delta	4.63570138309740010e+00	4.45243964024218952e-01	1.48414654674739666e+00	5	48	96	-9.37500000000000000e-02	1.56250000000000000e-01	-4.06250000000000000e-01	30	2	25
3.22245817284044911e+00	780	Pi	4.49447722824433882e+00	4.70828724166230117e-01	1.56942908055410046e+00	5	54	109	4.68750000000000000e-01	3.12500000000000000e-02	-3.12500000000000000e-02	7	0	31
3.22245817284044911e+00	780	Phi	2.04552739965959951e+00	5.33085065913499356e-01	1.77695021971166467e+00	5	35	70	-5.31250000000000000e-01	-3.12500000000000000e-02	-3.12500000000000000e-02	23	31	31
3.22245817284044911e+00	780	GH_constraint	4.65620065736092187e-02	6.14759861653312534e-01	2.04919953884437511e+00	5	48	96	-5.31250000000000000e-01	2.18750000000000000e-01	-2.18750000000000000e-01	23	3	28
3.22245817284044911e+00	780	reduction_constraint	1.02440563808894568e-02	4.70828724166230117e-01	1.56942908055410046e+00	5	48	96	-4.68750000000000000e-01	3.12500000000000000e-02	-3.12500000000000000e-02	24	0	31
3.22245817284044911e+00	780	curl_constraint	1.88218948259611607e-01	4.62457768342148190e-01	1.54152589447382726e+00	5	61	122	-1.56250000000000000e-01	-1.56250000000000000e-01	4.06250000000000000e-01	29	29	6
3.22245817284044911e+00	780	source_curvature	9.82877218014347065e+00	5.18222623493031276e-01	1.72740874497677099e+00	5	41	83	1.56250000000000000e-01	-4.06250000000000000e-01	-2.81250000000000000e-01	2	25	27
3.22245817284044911e+00	780	source_QQ	1.66330739469559781e+01	4.45243964024218952e-01	1.48414654674739666e+00	5	74	148	-9.37500000000000000e-02	4.06250000000000000e-01	1.56250000000000000e-01	30	6	2
3.22245817284044911e+00	780	source_DeltaDelta	8.37073301768654510e+00	4.36382501367779396e-01	1.45460833789259802e+00	5	54	109	4.06250000000000000e-01	1.56250000000000000e-01	-3.12500000000000000e-02	6	2	31
3.22245817284044911e+00	780	source_damping	0.00000000000000000e+00	4.13527130307069442e+01	1.37842376769023161e+02	3	0	0	-2.38750000000000000e+01	-2.38750000000000000e+01	-2.38750000000000000e+01	0	0	0
3.22245817284044911e+00	780	source_frame_correction	1.73743793473425812e+00	4.87139289628746752e-01	1.62379763209582251e+00	5	74	148	-4.68750000000000000e-01	9.37500000000000000e-02	9.37500000000000000e-02	24	1	1
3.22245817284044911e+00	780	Psi_RHS_Linf	1.10498289825723051e+00	4.70828724166230117e-01	1.56942908055410046e+00	5	35	70	-3.12500000000000000e-02	-3.12500000000000000e-02	-4.68750000000000000e-01	31	31	24
3.22245817284044911e+00	780	Pi_RHS_Linf	3.36955793267545234e+00	4.70828724166230117e-01	1.56942908055410046e+00	5	35	70	-3.12500000000000000e-02	-3.12500000000000000e-02	-4.68750000000000000e-01	31	31	24
3.22245817284044911e+00	780	Phi_RHS_Linf	2.22919540506274938e+00	5.33085065913499356e-01	1.77695021971166467e+00	5	67	135	3.12500000000000000e-02	-5.31250000000000000e-01	3.12500000000000000e-02	0	23	0
3.22245817284044911e+00	780	Hhat_RHS_Linf	0.00000000000000000e+00	4.13527130307069442e+01	1.37842376769023161e+02	3	0	0	-2.38750000000000000e+01	-2.38750000000000000e+01	-2.38750000000000000e+01	0	0	0
3.22245817284044911e+00	780	theta_RHS_Linf	0.00000000000000000e+00	4.13527130307069442e+01	1.37842376769023161e+02	3	0	0	-2.38750000000000000e+01	-2.38750000000000000e+01	-2.38750000000000000e+01	0	0	0
3.22245817284044911e+00	780	Upsilon_RHS_Linf	0.00000000000000000e+00	4.13527130307069442e+01	1.37842376769023161e+02	3	0	0	-2.38750000000000000e+01	-2.38750000000000000e+01	-2.38750000000000000e+01	0	0	0
3.22245817284044911e+00	780	chi_beta	6.33078264561712789e-01	5.40363014555955701e-01	1.80121004851985234e+00	5	80	161	9.37500000000000000e-02	3.12500000000000000e-02	5.31250000000000000e-01	1	0	8
3.22245817284044911e+00	780	chi_beta_near_r_lt_1	6.33078264561712789e-01	5.40363014555955701e-01	1.80121004851985234e+00	5	80	161	9.37500000000000000e-02	3.12500000000000000e-02	5.31250000000000000e-01	1	0	8
3.22245817284044911e+00	780	chi_beta_inner_r_lt_0p5	5.63753108293288951e-01	4.95093109929839348e-01	1.65031036643279783e+00	5	48	96	-3.12500000000000000e-02	1.56250000000000000e-01	-4.68750000000000000e-01	31	2	24
3.22245817284044911e+00	780	chi_beta_annulus_0p5_1	6.33078264561712789e-01	5.40363014555955701e-01	1.80121004851985234e+00	5	80	161	9.37500000000000000e-02	3.12500000000000000e-02	5.31250000000000000e-01	1	0	8
3.22245817284044911e+00	780	chi_beta_annulus_1_1p5	3.00214245943176028e-01	1.00146377243512918e+00	3.33821257478376410e+00	5	54	109	4.68750000000000000e-01	5.93750000000000000e-01	-6.56250000000000000e-01	7	9	21
3.22245817284044911e+00	780	chi_beta_annulus_1p5_2	1.61568578266372526e-01	1.50097624481535341e+00	5.00325414938451196e+00	5	35	70	-2.18750000000000000e-01	-1.46875000000000000e+00	-2.18750000000000000e-01	28	8	28
3.22245817284044911e+00	780	chi_beta_outer_r_ge_2	1.00355998832792698e-01	2.00073228781363932e+00	6.66910762604546470e+00	5	48	96	-1.96875000000000000e+00	9.37500000000000000e-02	-3.43750000000000000e-01	0	1	26
3.22245817284044911e+00	780	chi_beta_first_ge_1	0.00000000000000000e+00	inf	0.00000000000000000e+00	0	0	0	0.00000000000000000e+00	0.00000000000000000e+00	0.00000000000000000e+00	0	0	0
3.24303201236765926e+00	785	reference_Ricci	4.47594334930694249e+00	5.18222623493031276e-01	1.72740874497677099e+00	5	35	70	-1.56250000000000000e-01	-4.06250000000000000e-01	-2.81250000000000000e-01	29	25	27
3.24303201236765926e+00	785	reference_Riemann	5.94477182597663667e+00	5.10629207449005973e-01	1.70209735816335339e+00	5	35	70	-2.18750000000000000e-01	-2.18750000000000000e-01	-4.06250000000000000e-01	28	28	25
3.24303201236765926e+00	785	spin_connection	2.20696076669873209e+00	4.36382501367779396e-01	1.45460833789259802e+00	5	35	70	-3.12500000000000000e-02	-1.56250000000000000e-01	-4.06250000000000000e-01	31	29	25
3.24303201236765926e+00	785	spin_derivative	6.53067714807292354e+00	5.10629207449005973e-01	1.70209735816335339e+00	5	35	70	-3.43750000000000000e-01	-3.43750000000000000e-01	-1.56250000000000000e-01	26	26	29
3.24303201236765926e+00	785	Psi	3.03650944827651692e+00	4.70828724166230117e-01	1.56942908055410046e+00	5	35	70	-4.68750000000000000e-01	-3.12500000000000000e-02	-3.12500000000000000e-02	24	31	31
3.24303201236765926e+00	785	Q	6.45265015952246124e+00	4.45243964024218952e-01	1.48414654674739666e+00	5	48	96	-9.37500000000000000e-02	1.56250000000000000e-01	-4.06250000000000000e-01	30	2	25
3.24303201236765926e+00	785	Delta	4.72892320276335276e+00	4.45243964024218952e-01	1.48414654674739666e+00	5	35	70	-9.37500000000000000e-02	-1.56250000000000000e-01	-4.06250000000000000e-01	30	29	25
3.24303201236765926e+00	785	Pi	4.56458639133389532e+00	4.70828724166230117e-01	1.56942908055410046e+00	5	54	109	4.68750000000000000e-01	3.12500000000000000e-02	-3.12500000000000000e-02	7	0	31
3.24303201236765926e+00	785	Phi	2.10083431869198822e+00	5.33085065913499356e-01	1.77695021971166467e+00	5	35	70	-5.31250000000000000e-01	-3.12500000000000000e-02	-3.12500000000000000e-02	23	31	31
3.24303201236765926e+00	785	GH_constraint	4.77058758659735724e-02	6.14759861653312534e-01	2.04919953884437511e+00	5	48	96	-5.31250000000000000e-01	2.18750000000000000e-01	-2.18750000000000000e-01	23	3	28
3.24303201236765926e+00	785	reduction_constraint	1.05801417335587410e-02	4.70828724166230117e-01	1.56942908055410046e+00	5	48	96	-4.68750000000000000e-01	3.12500000000000000e-02	-3.12500000000000000e-02	24	0	31
3.24303201236765926e+00	785	curl_constraint	1.93593391206567100e-01	4.62457768342148190e-01	1.54152589447382726e+00	5	61	122	-1.56250000000000000e-01	-1.56250000000000000e-01	4.06250000000000000e-01	29	29	6
3.24303201236765926e+00	785	source_curvature	9.97062641887098344e+00	5.18222623493031276e-01	1.72740874497677099e+00	5	41	83	1.56250000000000000e-01	-4.06250000000000000e-01	-2.81250000000000000e-01	2	25	27
3.24303201236765926e+00	785	source_QQ	1.69658503095292446e+01	4.45243964024218952e-01	1.48414654674739666e+00	5	48	96	-9.37500000000000000e-02	1.56250000000000000e-01	-4.06250000000000000e-01	30	2	25
3.24303201236765926e+00	785	source_DeltaDelta	8.51538112984211892e+00	4.36382501367779396e-01	1.45460833789259802e+00	5	54	109	1.56250000000000000e-01	3.12500000000000000e-02	-4.06250000000000000e-01	2	0	25
3.24303201236765926e+00	785	source_damping	0.00000000000000000e+00	4.13527130307069442e+01	1.37842376769023161e+02	3	0	0	-2.38750000000000000e+01	-2.38750000000000000e+01	-2.38750000000000000e+01	0	0	0
3.24303201236765926e+00	785	source_frame_correction	1.79127985392904621e+00	4.87139289628746752e-01	1.62379763209582251e+00	5	74	148	-4.68750000000000000e-01	9.37500000000000000e-02	9.37500000000000000e-02	24	1	1
3.24303201236765926e+00	785	Psi_RHS_Linf	1.12987866657720271e+00	4.70828724166230117e-01	1.56942908055410046e+00	5	41	83	3.12500000000000000e-02	-3.12500000000000000e-02	-4.68750000000000000e-01	0	31	24
3.24303201236765926e+00	785	Pi_RHS_Linf	3.45478881886439204e+00	4.70828724166230117e-01	1.56942908055410046e+00	5	41	83	3.12500000000000000e-02	-4.68750000000000000e-01	-3.12500000000000000e-02	0	24	31
3.24303201236765926e+00	785	Phi_RHS_Linf	2.29633807962909708e+00	5.33085065913499356e-01	1.77695021971166467e+00	5	67	135	3.12500000000000000e-02	-5.31250000000000000e-01	3.12500000000000000e-02	0	23	0
3.24303201236765926e+00	785	Hhat_RHS_Linf	0.00000000000000000e+00	4.13527130307069442e+01	1.37842376769023161e+02	3	0	0	-2.38750000000000000e+01	-2.38750000000000000e+01	-2.38750000000000000e+01	0	0	0
3.24303201236765926e+00	785	theta_RHS_Linf	0.00000000000000000e+00	4.13527130307069442e+01	1.37842376769023161e+02	3	0	0	-2.38750000000000000e+01	-2.38750000000000000e+01	-2.38750000000000000e+01	0	0	0
3.24303201236765926e+00	785	Upsilon_RHS_Linf	0.00000000000000000e+00	4.13527130307069442e+01	1.37842376769023161e+02	3	0	0	-2.38750000000000000e+01	-2.38750000000000000e+01	-2.38750000000000000e+01	0	0	0
3.24303201236765926e+00	785	chi_beta	6.42041246660444598e-01	5.40363014555955701e-01	1.80121004851985234e+00	5	74	148	-9.37500000000000000e-02	5.31250000000000000e-01	3.12500000000000000e-02	30	8	0
3.24303201236765926e+00	785	chi_beta_near_r_lt_1	6.42041246660444598e-01	5.40363014555955701e-01	1.80121004851985234e+00	5	74	148	-9.37500000000000000e-02	5.31250000000000000e-01	3.12500000000000000e-02	30	8	0
3.24303201236765926e+00	785	chi_beta_inner_r_lt_0p5	5.71819170577567037e-01	4.95093109929839348e-01	1.65031036643279783e+00	5	67	135	4.68750000000000000e-01	-1.56250000000000000e-01	3.12500000000000000e-02	7	29	0
3.24303201236765926e+00	785	chi_beta_annulus_0p5_1	6.42041246660444598e-01	5.40363014555955701e-01	1.80121004851985234e+00	5	74	148	-9.37500000000000000e-02	5.31250000000000000e-01	3.12500000000000000e-02	30	8	0
3.24303201236765926e+00	785	chi_beta_annulus_1_1p5	3.04500563422416048e-01	1.00146377243512918e+00	3.33821257478376410e+00	5	48	96	-5.93750000000000000e-01	4.68750000000000000e-01	-6.56250000000000000e-01	22	7	21
3.24303201236765926e+00	785	chi_beta_annulus_1p5_2	1.63863044993420554e-01	1.50097624481535341e+00	5.00325414938451196e+00	5	35	70	-2.18750000000000000e-01	-1.46875000000000000e+00	-2.18750000000000000e-01	28	8	28
3.24303201236765926e+00	785	chi_beta_outer_r_ge_2	1.01773229380170693e-01	2.00073228781363932e+00	6.66910762604546470e+00	5	48	96	-1.96875000000000000e+00	9.37500000000000000e-02	-3.43750000000000000e-01	0	1	26
3.24303201236765926e+00	785	chi_beta_first_ge_1	0.00000000000000000e+00	inf	0.00000000000000000e+00	0	0	0	0.00000000000000000e+00	0.00000000000000000e+00	0.00000000000000000e+00	0	0	0
3.26360423209490547e+00	790	reference_Ricci	4.53167165879632350e+00	5.18222623493031276e-01	1.72740874497677099e+00	5	35	70	-1.56250000000000000e-01	-4.06250000000000000e-01	-2.81250000000000000e-01	29	25	27
3.26360423209490547e+00	790	reference_Riemann	6.02184815709961008e+00	5.10629207449005973e-01	1.70209735816335339e+00	5	35	70	-1.56250000000000000e-01	-3.43750000000000000e-01	-3.43750000000000000e-01	29	26	26
3.26360423209490547e+00	790	spin_connection	2.22421512080961792e+00	4.36382501367779396e-01	1.45460833789259802e+00	5	35	70	-3.12500000000000000e-02	-1.56250000000000000e-01	-4.06250000000000000e-01	31	29	25
3.26360423209490547e+00	790	spin_derivative	6.62320901894302594e+00	5.18222623493031276e-01	1.72740874497677099e+00	5	35	70	-1.56250000000000000e-01	-2.81250000000000000e-01	-4.06250000000000000e-01	29	27	25
3.26360423209490547e+00	790	Psi	3.06134351095600943e+00	4.70828724166230117e-01	1.56942908055410046e+00	5	48	96	-3.12500000000000000e-02	3.12500000000000000e-02	-4.68750000000000000e-01	31	0	24
3.26360423209490547e+00	790	Q	6.57861917718801514e+00	4.45243964024218952e-01	1.48414654674739666e+00	5	48	96	-9.37500000000000000e-02	1.56250000000000000e-01	-4.06250000000000000e-01	30	2	25
3.26360423209490547e+00	790	Delta	4.82412713854216513e+00	4.45243964024218952e-01	1.48414654674739666e+00	5	48	96	-9.37500000000000000e-02	1.56250000000000000e-01	-4.06250000000000000e-01	30	2	25
3.26360423209490547e+00	790	Pi	4.63604606869096614e+00	4.70828724166230117e-01	1.56942908055410046e+00	5	74	148	-4.68750000000000000e-01	3.12500000000000000e-02	3.12500000000000000e-02	24	0	0
3.26360423209490547e+00	790	Phi	2.15752823042469188e+00	5.33085065913499356e-01	1.77695021971166467e+00	5	35	70	-5.31250000000000000e-01	-3.12500000000000000e-02	-3.12500000000000000e-02	23	31	31
3.26360423209490547e+00	790	GH_constraint	4.88766350225865592e-02	6.14759861653312534e-01	2.04919953884437511e+00	5	48	96	-5.31250000000000000e-01	2.18750000000000000e-01	-2.18750000000000000e-01	23	3	28
3.26360423209490547e+00	790	reduction_constraint	1.09264306363340297e-02	4.70828724166230117e-01	1.56942908055410046e+00	5	41	83	4.68750000000000000e-01	-3.12500000000000000e-02	-3.12500000000000000e-02	7	31	31
3.26360423209490547e+00	790	curl_constraint	1.98988612662908598e-01	4.62457768342148190e-01	1.54152589447382726e+00	5	61	122	-1.56250000000000000e-01	-1.56250000000000000e-01	4.06250000000000000e-01	29	29	6
3.26360423209490547e+00	790	source_curvature	1.01151231116867475e+01	5.18222623493031276e-01	1.72740874497677099e+00	5	35	70	-4.06250000000000000e-01	-2.81250000000000000e-01	-1.56250000000000000e-01	25	27	29
3.26360423209490547e+00	790	source_QQ	1.73049247350050202e+01	4.45243964024218952e-01	1.48414654674739666e+00	5	74	148	-9.37500000000000000e-02	4.06250000000000000e-01	1.56250000000000000e-01	30	6	2
3.26360423209490547e+00	790	source_DeltaDelta	8.66068615431762900e+00	4.36382501367779396e-01	1.45460833789259802e+00	5	67	135	3.12500000000000000e-02	-4.06250000000000000e-01	1.56250000000000000e-01	0	25	2
3.26360423209490547e+00	790	source_damping	0.00000000000000000e+00	4.13527130307069442e+01	1.37842376769023161e+02	3	0	0	-2.38750000000000000e+01	-2.38750000000000000e+01	-2.38750000000000000e+01	0	0	0
3.26360423209490547e+00	790	source_frame_correction	1.84663648912470935e+00	4.87139289628746752e-01	1.62379763209582251e+00	5	74	148	-4.68750000000000000e-01	9.37500000000000000e-02	9.37500000000000000e-02	24	1	1
3.26360423209490547e+00	790	Psi_RHS_Linf	1.15546411503536217e+00	4.70828724166230117e-01	1.56942908055410046e+00	5	41	83	3.12500000000000000e-02	-3.12500000000000000e-02	-4.68750000000000000e-01	0	31	24
3.26360423209490547e+00	790	Pi_RHS_Linf	3.54368729085623535e+00	4.70828724166230117e-01	1.56942908055410046e+00	5	35	70	-3.12500000000000000e-02	-3.12500000000000000e-02	-4.68750000000000000e-01	31	31	24
3.26360423209490547e+00	790	Phi_RHS_Linf	2.36585293280559705e+00	5.33085065913499356e-01	1.77695021971166467e+00	5	54	109	3.12500000000000000e-02	5.31250000000000000e-01	-3.12500000000000000e-02	0	8	31
3.26360423209490547e+00	790	Hhat_RHS_Linf	0.00000000000000000e+00	4.13527130307069442e+01	1.37842376769023161e+02	3	0	0	-2.38750000000000000e+01	-2.38750000000000000e+01	-2.38750000000000000e+01	0	0	0
3.26360423209490547e+00	790	theta_RHS_Linf	0.00000000000000000e+00	4.13527130307069442e+01	1.37842376769023161e+02	3	0	0	-2.38750000000000000e+01	-2.38750000000000000e+01	-2.38750000000000000e+01	0	0	0
3.26360423209490547e+00	790	Upsilon_RHS_Linf	0.00000000000000000e+00	4.13527130307069442e+01	1.37842376769023161e+02	3	0	0	-2.38750000000000000e+01	-2.38750000000000000e+01	-2.38750000000000000e+01	0	0	0
3.26360423209490547e+00	790	chi_beta	6.51043604567683065e-01	5.40363014555955701e-01	1.80121004851985234e+00	5	74	148	-9.37500000000000000e-02	5.31250000000000000e-01	3.12500000000000000e-02	30	8	0
3.26360423209490547e+00	790	chi_beta_near_r_lt_1	6.51043604567683065e-01	5.40363014555955701e-01	1.80121004851985234e+00	5	74	148	-9.37500000000000000e-02	5.31250000000000000e-01	3.12500000000000000e-02	30	8	0
3.26360423209490547e+00	790	chi_beta_inner_r_lt_0p5	5.79942976622505824e-01	4.95093109929839348e-01	1.65031036643279783e+00	5	74	148	-4.68750000000000000e-01	3.12500000000000000e-02	1.56250000000000000e-01	24	0	2
3.26360423209490547e+00	790	chi_beta_annulus_0p5_1	6.51043604567683065e-01	5.40363014555955701e-01	1.80121004851985234e+00	5	74	148	-9.37500000000000000e-02	5.31250000000000000e-01	3.12500000000000000e-02	30	8	0
3.26360423209490547e+00	790	chi_beta_annulus_1_1p5	3.08802820874156947e-01	1.00146377243512918e+00	3.33821257478376410e+00	5	41	83	5.93750000000000000e-01	-6.56250000000000000e-01	-4.68750000000000000e-01	9	21	24
3.26360423209490547e+00	790	chi_beta_annulus_1p5_2	1.66165820887968746e-01	1.50097624481535341e+00	5.00325414938451196e+00	5	61	122	-1.46875000000000000e+00	-2.18750000000000000e-01	2.18750000000000000e-01	8	28	3
3.26360423209490547e+00	790	chi_beta_outer_r_ge_2	1.03195684896869172e-01	2.00073228781363932e+00	6.66910762604546470e+00	5	48	96	-1.96875000000000000e+00	9.37500000000000000e-02	-3.43750000000000000e-01	0	1	26
3.26360423209490547e+00	790	chi_beta_first_ge_1	0.00000000000000000e+00	inf	0.00000000000000000e+00	0	0	0	0.00000000000000000e+00	0.00000000000000000e+00	0.00000000000000000e+00	0	0	0
3.28006083725520314e+00	794	reference_Ricci	4.57674381591058932e+00	5.18222623493031276e-01	1.72740874497677099e+00	5	35	70	-2.81250000000000000e-01	-4.06250000000000000e-01	-1.56250000000000000e-01	27	25	29
3.28006083725520314e+00	794	reference_Riemann	6.08421597506854983e+00	5.10629207449005973e-01	1.70209735816335339e+00	5	35	70	-4.06250000000000000e-01	-2.18750000000000000e-01	-2.18750000000000000e-01	25	28	28
3.28006083725520314e+00	794	spin_connection	2.23809933091608615e+00	4.36382501367779396e-01	1.45460833789259802e+00	5	35	70	-4.06250000000000000e-01	-3.12500000000000000e-02	-1.56250000000000000e-01	25	31	29
3.28006083725520314e+00	794	spin_derivative	6.70026266999089604e+00	5.18222623493031276e-01	1.72740874497677099e+00	5	35	70	-4.68750000000000000e-01	-1.56250000000000000e-01	-1.56250000000000000e-01	24	29	29
3.28006083725520314e+00	794	Psi	3.08157025778120053e+00	4.70828724166230117e-01	1.56942908055410046e+00	5	35	70	-4.68750000000000000e-01	-3.12500000000000000e-02	-3.12500000000000000e-02	24	31	31
3.28006083725520314e+00	794	Q	6.68133390607669320e+00	4.45243964024218952e-01	1.48414654674739666e+00	5	41	83	9.37500000000000000e-02	-1.56250000000000000e-01	-4.06250000000000000e-01	1	29	25
3.28006083725520314e+00	794	Delta	4.90176329050362902e+00	4.45243964024218952e-01	1.48414654674739666e+00	5	41	83	9.37500000000000000e-02	-1.56250000000000000e-01	-4.06250000000000000e-01	1	29	25
3.28006083725520314e+00	794	Pi	4.69423508162458436e+00	4.70828724166230117e-01	1.56942908055410046e+00	5	80	161	3.12500000000000000e-02	4.68750000000000000e-01	3.12500000000000000e-02	0	7	0
3.28006083725520314e+00	794	Phi	2.20391146251017522e+00	5.33085065913499356e-01	1.77695021971166467e+00	5	35	70	-5.31250000000000000e-01	-3.12500000000000000e-02	-3.12500000000000000e-02	23	31	31
3.28006083725520314e+00	794	GH_constraint	4.98324291841675954e-02	6.14759861653312534e-01	2.04919953884437511e+00	5	48	96	-5.31250000000000000e-01	2.18750000000000000e-01	-2.18750000000000000e-01	23	3	28
3.28006083725520314e+00	794	reduction_constraint	1.12110185376500596e-02	4.70828724166230117e-01	1.56942908055410046e+00	5	41	83	4.68750000000000000e-01	-3.12500000000000000e-02	-3.12500000000000000e-02	7	31	31
3.28006083725520314e+00	794	curl_constraint	2.03315226716723030e-01	4.62457768342148190e-01	1.54152589447382726e+00	5	48	96	-1.56250000000000000e-01	1.56250000000000000e-01	-4.06250000000000000e-01	29	2	25
3.28006083725520314e+00	794	source_curvature	1.02326653423804217e+01	5.18222623493031276e-01	1.72740874497677099e+00	5	41	83	1.56250000000000000e-01	-4.06250000000000000e-01	-2.81250000000000000e-01	2	25	27
3.28006083725520314e+00	794	source_QQ	1.75809815001942980e+01	4.45243964024218952e-01	1.48414654674739666e+00	5	74	148	-9.37500000000000000e-02	4.06250000000000000e-01	1.56250000000000000e-01	30	6	2
3.28006083725520314e+00	794	source_DeltaDelta	8.77741471509507676e+00	4.36382501367779396e-01	1.45460833789259802e+00	5	54	109	4.06250000000000000e-01	1.56250000000000000e-01	-3.12500000000000000e-02	6	2	31
3.28006083725520314e+00	794	source_damping	0.00000000000000000e+00	4.13527130307069442e+01	1.37842376769023161e+02	3	0	0	-2.38750000000000000e+01	-2.38750000000000000e+01	-2.38750000000000000e+01	0	0	0
3.28006083725520314e+00	794	source_frame_correction	1.89203323365238130e+00	4.87139289628746752e-01	1.62379763209582251e+00	5	74	148	-4.68750000000000000e-01	9.37500000000000000e-02	9.37500000000000000e-02	24	1	1
3.28006083725520314e+00	794	Psi_RHS_Linf	1.17644812628137596e+00	4.70828724166230117e-01	1.56942908055410046e+00	5	48	96	-3.12500000000000000e-02	4.68750000000000000e-01	-3.12500000000000000e-02	31	7	31
3.28006083725520314e+00	794	Pi_RHS_Linf	3.61757349998721400e+00	4.70828724166230117e-01	1.56942908055410046e+00	5	48	96	-3.12500000000000000e-02	4.68750000000000000e-01	-3.12500000000000000e-02	31	7	31
3.28006083725520314e+00	794	Phi_RHS_Linf	2.42323866504062035e+00	5.33085065913499356e-01	1.77695021971166467e+00	5	67	135	3.12500000000000000e-02	-5.31250000000000000e-01	3.12500000000000000e-02	0	23	0
3.28006083725520314e+00	794	Hhat_RHS_Linf	0.00000000000000000e+00	4.13527130307069442e+01	1.37842376769023161e+02	3	0	0	-2.38750000000000000e+01	-2.38750000000000000e+01	-2.38750000000000000e+01	0	0	0
3.28006083725520314e+00	794	theta_RHS_Linf	0.00000000000000000e+00	4.13527130307069442e+01	1.37842376769023161e+02	3	0	0	-2.38750000000000000e+01	-2.38750000000000000e+01	-2.38750000000000000e+01	0	0	0
3.28006083725520314e+00	794	Upsilon_RHS_Linf	0.00000000000000000e+00	4.13527130307069442e+01	1.37842376769023161e+02	3	0	0	-2.38750000000000000e+01	-2.38750000000000000e+01	-2.38750000000000000e+01	0	0	0
3.28006083725520314e+00	794	chi_beta	6.58272876363440784e-01	5.40363014555955701e-01	1.80121004851985234e+00	5	80	161	9.37500000000000000e-02	3.12500000000000000e-02	5.31250000000000000e-01	1	0	8
3.28006083725520314e+00	794	chi_beta_near_r_lt_1	6.58272876363440784e-01	5.40363014555955701e-01	1.80121004851985234e+00	5	80	161	9.37500000000000000e-02	3.12500000000000000e-02	5.31250000000000000e-01	1	0	8
3.28006083725520314e+00	794	chi_beta_inner_r_lt_0p5	5.86483875710309355e-01	4.95093109929839348e-01	1.65031036643279783e+00	5	74	148	-4.68750000000000000e-01	3.12500000000000000e-02	1.56250000000000000e-01	24	0	2
3.28006083725520314e+00	794	chi_beta_annulus_0p5_1	6.58272876363440784e-01	5.40363014555955701e-01	1.80121004851985234e+00	5	80	161	9.37500000000000000e-02	3.12500000000000000e-02	5.31250000000000000e-01	1	0	8
3.28006083725520314e+00	794	chi_beta_annulus_1_1p5	3.12255688719719815e-01	1.00146377243512918e+00	3.33821257478376410e+00	5	67	135	4.68750000000000000e-01	-5.93750000000000000e-01	6.56250000000000000e-01	7	22	10
3.28006083725520314e+00	794	chi_beta_annulus_1p5_2	1.68013807518304831e-01	1.50097624481535341e+00	5.00325414938451196e+00	5	35	70	-2.18750000000000000e-01	-2.18750000000000000e-01	-1.46875000000000000e+00	28	28	8
3.28006083725520314e+00	794	chi_beta_outer_r_ge_2	1.04337285330095009e-01	2.00073228781363932e+00	6.66910762604546470e+00	5	48	96	-1.96875000000000000e+00	9.37500000000000000e-02	-3.43750000000000000e-01	0	1	26
3.28006083725520314e+00	794	chi_beta_first_ge_1	0.00000000000000000e+00	inf	0.00000000000000000e+00	0	0	0	0.00000000000000000e+00	0.00000000000000000e+00	0.00000000000000000e+00	0	0	0
3.30063012510028519e+00	799	reference_Ricci	4.63369653825812389e+00	5.18222623493031276e-01	1.72740874497677099e+00	5	35	70	-2.18750000000000000e-01	-3.12500000000000000e-02	-4.68750000000000000e-01	28	31	24
3.30063012510028519e+00	799	reference_Riemann	6.16306221900665108e+00	5.10629207449005973e-01	1.70209735816335339e+00	5	35	70	-1.56250000000000000e-01	-3.43750000000000000e-01	-3.43750000000000000e-01	29	26	26
3.30063012510028519e+00	799	spin_connection	2.25555297623274909e+00	4.36382501367779396e-01	1.45460833789259802e+00	5	35	70	-1.56250000000000000e-01	-2.18750000000000000e-01	-3.43750000000000000e-01	29	28	26
3.30063012510028519e+00	799	spin_derivative	6.79738154888327539e+00	5.18222623493031276e-01	1.72740874497677099e+00	5	35	70	-4.06250000000000000e-01	-1.56250000000000000e-01	-2.81250000000000000e-01	25	29	27
3.30063012510028519e+00	799	Psi	3.10731153156337836e+00	4.70828724166230117e-01	1.56942908055410046e+00	5	35	70	-3.12500000000000000e-02	-4.68750000000000000e-01	-3.12500000000000000e-02	31	24	31
3.30063012510028519e+00	799	Q	6.82387983887784966e+00	4.62457768342148190e-01	1.54152589447382726e+00	5	48	96	-1.56250000000000000e-01	1.56250000000000000e-01	-4.06250000000000000e-01	29	2	25
3.30063012510028519e+00	799	Delta	5.00071030850239318e+00	4.45243964024218952e-01	1.48414654674739666e+00	5	41	83	9.37500000000000000e-02	-1.56250000000000000e-01	-4.06250000000000000e-01	1	29	25
3.30063012510028519e+00	799	Pi	4.76831327040476616e+00	4.70828724166230117e-01	1.56942908055410046e+00	5	80	161	3.12500000000000000e-02	4.68750000000000000e-01	3.12500000000000000e-02	0	7	0
3.30063012510028519e+00	799	Phi	2.26321412641979647e+00	5.33085065913499356e-01	1.77695021971166467e+00	5	35	70	-5.31250000000000000e-01	-3.12500000000000000e-02	-3.12500000000000000e-02	23	31	31
3.30063012510028519e+00	799	GH_constraint	5.10508895221303480e-02	6.14759861653312534e-01	2.04919953884437511e+00	5	48	96	-5.31250000000000000e-01	2.18750000000000000e-01	-2.18750000000000000e-01	23	3	28
3.30063012510028519e+00	799	reduction_constraint	1.15774038337302810e-02	4.62457768342148190e-01	1.54152589447382726e+00	5	61	122	-1.56250000000000000e-01	-4.06250000000000000e-01	1.56250000000000000e-01	29	25	2
3.30063012510028519e+00	799	curl_constraint	2.08730957612192514e-01	4.62457768342148190e-01	1.54152589447382726e+00	5	48	96	-1.56250000000000000e-01	1.56250000000000000e-01	-4.06250000000000000e-01	29	2	25
3.30063012510028519e+00	799	source_curvature	1.03820786471089228e+01	5.18222623493031276e-01	1.72740874497677099e+00	5	41	83	1.56250000000000000e-01	-4.06250000000000000e-01	-2.81250000000000000e-01	2	25	27
3.30063012510028519e+00	799	source_QQ	1.79332791571701549e+01	4.62457768342148190e-01	1.54152589447382726e+00	5	48	96	-1.56250000000000000e-01	1.56250000000000000e-01	-4.06250000000000000e-01	29	2	25
3.30063012510028519e+00	799	source_DeltaDelta	8.92395066276838556e+00	4.36382501367779396e-01	1.45460833789259802e+00	5	54	109	4.06250000000000000e-01	1.56250000000000000e-01	-3.12500000000000000e-02	6	2	31
3.30063012510028519e+00	799	source_damping	0.00000000000000000e+00	4.13527130307069442e+01	1.37842376769023161e+02	3	0	0	-2.38750000000000000e+01	-2.38750000000000000e+01	-2.38750000000000000e+01	0	0	0
3.30063012510028519e+00	799	source_frame_correction	1.95019463889550293e+00	4.87139289628746752e-01	1.62379763209582251e+00	5	74	148	-4.68750000000000000e-01	9.37500000000000000e-02	9.37500000000000000e-02	24	1	1
3.30063012510028519e+00	799	Psi_RHS_Linf	1.20334772017280001e+00	4.70828724166230117e-01	1.56942908055410046e+00	5	48	96	-3.12500000000000000e-02	4.68750000000000000e-01	-3.12500000000000000e-02	31	7	31
3.30063012510028519e+00	799	Pi_RHS_Linf	3.71355653710198119e+00	4.70828724166230117e-01	1.56942908055410046e+00	5	35	70	-3.12500000000000000e-02	-3.12500000000000000e-02	-4.68750000000000000e-01	31	31	24
3.30063012510028519e+00	799	Phi_RHS_Linf	2.49727351039450118e+00	5.33085065913499356e-01	1.77695021971166467e+00	5	48	96	-3.12500000000000000e-02	5.31250000000000000e-01	-3.12500000000000000e-02	31	8	31
3.30063012510028519e+00	799	Hhat_RHS_Linf	0.00000000000000000e+00	4.13527130307069442e+01	1.37842376769023161e+02	3	0	0	-2.38750000000000000e+01	-2.38750000000000000e+01	-2.38750000000000000e+01	0	0	0
3.30063012510028519e+00	799	theta_RHS_Linf	0.00000000000000000e+00	4.13527130307069442e+01	1.37842376769023161e+02	3	0	0	-2.38750000000000000e+01	-2.38750000000000000e+01	-2.38750000000000000e+01	0	0	0
3.30063012510028519e+00	799	Upsilon_RHS_Linf	0.00000000000000000e+00	4.13527130307069442e+01	1.37842376769023161e+02	3	0	0	-2.38750000000000000e+01	-2.38750000000000000e+01	-2.38750000000000000e+01	0	0	0
3.30063012510028519e+00	799	chi_beta	6.67342438978891672e-01	5.40363014555955701e-01	1.80121004851985234e+00	5	48	96	-9.37500000000000000e-02	3.12500000000000000e-02	-5.31250000000000000e-01	30	0	23
3.30063012510028519e+00	799	chi_beta_near_r_lt_1	6.67342438978891672e-01	5.40363014555955701e-01	1.80121004851985234e+00	5	48	96	-9.37500000000000000e-02	3.12500000000000000e-02	-5.31250000000000000e-01	30	0	23
3.30063012510028519e+00	799	chi_beta_inner_r_lt_0p5	5.94712673303735784e-01	4.95093109929839348e-01	1.65031036643279783e+00	5	54	109	3.12500000000000000e-02	1.56250000000000000e-01	-4.68750000000000000e-01	0	2	24
3.30063012510028519e+00	799	chi_beta_annulus_0p5_1	6.67342438978891672e-01	5.40363014555955701e-01	1.80121004851985234e+00	5	48	96	-9.37500000000000000e-02	3.12500000000000000e-02	-5.31250000000000000e-01	30	0	23
3.30063012510028519e+00	799	chi_beta_annulus_1_1p5	3.16585077982591001e-01	1.00146377243512918e+00	3.33821257478376410e+00	5	67	135	5.93750000000000000e-01	-4.68750000000000000e-01	6.56250000000000000e-01	9	24	10
3.30063012510028519e+00	799	chi_beta_annulus_1p5_2	1.70330725616711670e-01	1.50097624481535341e+00	5.00325414938451196e+00	5	35	70	-2.18750000000000000e-01	-2.18750000000000000e-01	-1.46875000000000000e+00	28	28	8
3.30063012510028519e+00	799	chi_beta_outer_r_ge_2	1.05768672476202710e-01	2.00073228781363932e+00	6.66910762604546470e+00	5	48	96	-1.96875000000000000e+00	9.37500000000000000e-02	-3.43750000000000000e-01	0	1	26
3.30063012510028519e+00	799	chi_beta_first_ge_1	0.00000000000000000e+00	inf	0.00000000000000000e+00	0	0	0	0.00000000000000000e+00	0.00000000000000000e+00	0.00000000000000000e+00	0	0	0
3.32119777538475613e+00	804	reference_Ricci	4.69133029661630196e+00	5.18222623493031276e-01	1.72740874497677099e+00	5	35	70	-1.56250000000000000e-01	-2.81250000000000000e-01	-4.06250000000000000e-01	29	27	25
3.32119777538475613e+00	804	reference_Riemann	6.25107687754519947e+00	5.18222623493031276e-01	1.72740874497677099e+00	5	35	70	-3.12500000000000000e-02	-4.68750000000000000e-01	-2.18750000000000000e-01	31	24	28
3.32119777538475613e+00	804	spin_connection	2.27311311953491257e+00	4.36382501367779396e-01	1.45460833789259802e+00	5	35	70	-3.12500000000000000e-02	-1.56250000000000000e-01	-4.06250000000000000e-01	31	29	25
3.32119777538475613e+00	804	spin_derivative	6.89538873047862211e+00	5.18222623493031276e-01	1.72740874497677099e+00	5	35	70	-4.06250000000000000e-01	-1.56250000000000000e-01	-2.81250000000000000e-01	25	29	27
3.32119777538475613e+00	804	Psi	3.13357128372117799e+00	4.70828724166230117e-01	1.56942908055410046e+00	5	35	70	-3.12500000000000000e-02	-3.12500000000000000e-02	-4.68750000000000000e-01	31	31	24
3.32119777538475613e+00	804	Q	6.97241930556396561e+00	4.62457768342148190e-01	1.54152589447382726e+00	5	61	122	-1.56250000000000000e-01	-1.56250000000000000e-01	4.06250000000000000e-01	29	29	6
3.32119777538475613e+00	804	Delta	5.10184159026890249e+00	4.45243964024218952e-01	1.48414654674739666e+00	5	74	148	-9.37500000000000000e-02	1.56250000000000000e-01	4.06250000000000000e-01	30	2	6
3.32119777538475613e+00	804	Pi	4.84396002878888865e+00	4.70828724166230117e-01	1.56942908055410046e+00	5	80	161	3.12500000000000000e-02	4.68750000000000000e-01	3.12500000000000000e-02	0	7	0
3.32119777538475613e+00	804	Phi	2.32403219005514261e+00	5.33085065913499356e-01	1.77695021971166467e+00	5	35	70	-5.31250000000000000e-01	-3.12500000000000000e-02	-3.12500000000000000e-02	23	31	31
3.32119777538475613e+00	804	GH_constraint	5.42630844460947753e-02	5.33085065913499356e-01	1.77695021971166467e+00	5	74	148	-3.12500000000000000e-02	3.12500000000000000e-02	5.31250000000000000e-01	31	0	8
3.32119777538475613e+00	804	reduction_constraint	1.20459987511050085e-02	4.62457768342148190e-01	1.54152589447382726e+00	5	61	122	-1.56250000000000000e-01	-4.06250000000000000e-01	1.56250000000000000e-01	29	25	2
3.32119777538475613e+00	804	curl_constraint	2.14148950149648937e-01	4.62457768342148190e-01	1.54152589447382726e+00	5	61	122	-1.56250000000000000e-01	-1.56250000000000000e-01	4.06250000000000000e-01	29	29	6
3.32119777538475613e+00	804	source_curvature	1.05343158404012893e+01	5.18222623493031276e-01	1.72740874497677099e+00	5	41	83	1.56250000000000000e-01	-4.06250000000000000e-01	-2.81250000000000000e-01	2	25	27
3.32119777538475613e+00	804	source_QQ	1.83608668994145603e+01	4.62457768342148190e-01	1.54152589447382726e+00	5	61	122	-1.56250000000000000e-01	-1.56250000000000000e-01	4.06250000000000000e-01	29	29	6
3.32119777538475613e+00	804	source_DeltaDelta	9.07120913184745881e+00	4.36382501367779396e-01	1.45460833789259802e+00	5	74	148	-1.56250000000000000e-01	4.06250000000000000e-01	3.12500000000000000e-02	29	6	0
3.32119777538475613e+00	804	source_damping	0.00000000000000000e+00	4.13527130307069442e+01	1.37842376769023161e+02	3	0	0	-2.38750000000000000e+01	-2.38750000000000000e+01	-2.38750000000000000e+01	0	0	0
3.32119777538475613e+00	804	source_frame_correction	2.00995803226748526e+00	4.87139289628746752e-01	1.62379763209582251e+00	5	74	148	-4.68750000000000000e-01	9.37500000000000000e-02	9.37500000000000000e-02	24	1	1
3.32119777538475613e+00	804	Psi_RHS_Linf	1.23102043778987325e+00	4.70828724166230117e-01	1.56942908055410046e+00	5	35	70	-3.12500000000000000e-02	-3.12500000000000000e-02	-4.68750000000000000e-01	31	31	24
3.32119777538475613e+00	804	Pi_RHS_Linf	3.81376081125965039e+00	4.70828724166230117e-01	1.56942908055410046e+00	5	74	148	-3.12500000000000000e-02	4.68750000000000000e-01	3.12500000000000000e-02	31	7	0
3.32119777538475613e+00	804	Phi_RHS_Linf	2.57396516400066844e+00	5.33085065913499356e-01	1.77695021971166467e+00	5	48	96	-3.12500000000000000e-02	5.31250000000000000e-01	-3.12500000000000000e-02	31	8	31
3.32119777538475613e+00	804	Hhat_RHS_Linf	0.00000000000000000e+00	4.13527130307069442e+01	1.37842376769023161e+02	3	0	0	-2.38750000000000000e+01	-2.38750000000000000e+01	-2.38750000000000000e+01	0	0	0
3.32119777538475613e+00	804	theta_RHS_Linf	0.00000000000000000e+00	4.13527130307069442e+01	1.37842376769023161e+02	3	0	0	-2.38750000000000000e+01	-2.38750000000000000e+01	-2.38750000000000000e+01	0	0	0
3.32119777538475613e+00	804	Upsilon_RHS_Linf	0.00000000000000000e+00	4.13527130307069442e+01	1.37842376769023161e+02	3	0	0	-2.38750000000000000e+01	-2.38750000000000000e+01	-2.38750000000000000e+01	0	0	0
3.32119777538475613e+00	804	chi_beta	6.76447178576337960e-01	5.40363014555955701e-01	1.80121004851985234e+00	5	61	122	-9.37500000000000000e-02	-3.12500000000000000e-02	5.31250000000000000e-01	30	31	8
3.32119777538475613e+00	804	chi_beta_near_r_lt_1	6.76447178576337960e-01	5.40363014555955701e-01	1.80121004851985234e+00	5	61	122	-9.37500000000000000e-02	-3.12500000000000000e-02	5.31250000000000000e-01	30	31	8
3.32119777538475613e+00	804	chi_beta_inner_r_lt_0p5	6.03000399613033755e-01	4.95093109929839348e-01	1.65031036643279783e+00	5	54	109	3.12500000000000000e-02	1.56250000000000000e-01	-4.68750000000000000e-01	0	2	24
3.32119777538475613e+00	804	chi_beta_annulus_0p5_1	6.76447178576337960e-01	5.40363014555955701e-01	1.80121004851985234e+00	5	61	122	-9.37500000000000000e-02	-3.12500000000000000e-02	5.31250000000000000e-01	30	31	8
3.32119777538475613e+00	804	chi_beta_annulus_1_1p5	3.20928664370331185e-01	1.00146377243512918e+00	3.33821257478376410e+00	5	74	148	-4.68750000000000000e-01	6.56250000000000000e-01	5.93750000000000000e-01	24	10	9
3.32119777538475613e+00	804	chi_beta_annulus_1p5_2	1.72655044351695042e-01	1.50097624481535341e+00	5.00325414938451196e+00	5	35	70	-2.18750000000000000e-01	-2.18750000000000000e-01	-1.46875000000000000e+00	28	28	8
3.32119777538475613e+00	804	chi_beta_outer_r_ge_2	1.07204756564438314e-01	2.00073228781363932e+00	6.66910762604546470e+00	5	48	96	-1.96875000000000000e+00	9.37500000000000000e-02	-3.43750000000000000e-01	0	1	26
3.32119777538475613e+00	804	chi_beta_first_ge_1	0.00000000000000000e+00	inf	0.00000000000000000e+00	0	0	0	0.00000000000000000e+00	0.00000000000000000e+00	0.00000000000000000e+00	0	0	0
3.34176378207353686e+00	809	reference_Ricci	4.74964529658192092e+00	5.18222623493031276e-01	1.72740874497677099e+00	5	35	70	-4.06250000000000000e-01	-2.81250000000000000e-01	-1.56250000000000000e-01	25	27	29
3.34176378207353686e+00	809	reference_Riemann	6.34247556472556795e+00	5.18222623493031276e-01	1.72740874497677099e+00	5	35	70	-4.06250000000000000e-01	-1.56250000000000000e-01	-2.81250000000000000e-01	25	29	27
3.34176378207353686e+00	809	spin_connection	2.29077673467048681e+00	4.36382501367779396e-01	1.45460833789259802e+00	5	35	70	-1.56250000000000000e-01	-2.18750000000000000e-01	-3.43750000000000000e-01	29	28	26
3.34176378207353686e+00	809	spin_derivative	6.99428120341961268e+00	5.18222623493031276e-01	1.72740874497677099e+00	5	35	70	-4.68750000000000000e-01	-1.56250000000000000e-01	-1.56250000000000000e-01	24	29	29
3.34176378207353686e+00	809	Psi	3.16036039058462093e+00	4.70828724166230117e-01	1.56942908055410046e+00	5	35	70	-4.68750000000000000e-01	-3.12500000000000000e-02	-3.12500000000000000e-02	24	31	31
3.34176378207353686e+00	809	Q	7.12522979346890040e+00	4.62457768342148190e-01	1.54152589447382726e+00	5	61	122	-1.56250000000000000e-01	-4.06250000000000000e-01	1.56250000000000000e-01	29	25	2
3.34176378207353686e+00	809	Delta	5.21404344481701720e+00	4.62457768342148190e-01	1.54152589447382726e+00	5	54	109	1.56250000000000000e-01	1.56250000000000000e-01	-4.06250000000000000e-01	2	2	25
3.34176378207353686e+00	809	Pi	4.92126405226082841e+00	4.70828724166230117e-01	1.56942908055410046e+00	5	80	161	3.12500000000000000e-02	4.68750000000000000e-01	3.12500000000000000e-02	0	7	0
3.34176378207353686e+00	809	Phi	2.38641572359401488e+00	5.33085065913499356e-01	1.77695021971166467e+00	5	35	70	-5.31250000000000000e-01	-3.12500000000000000e-02	-3.12500000000000000e-02	23	31	31
3.34176378207353686e+00	809	GH_constraint	5.83731378350230701e-02	5.33085065913499356e-01	1.77695021971166467e+00	5	61	122	-3.12500000000000000e-02	-3.12500000000000000e-02	5.31250000000000000e-01	31	31	8
3.34176378207353686e+00	809	reduction_constraint	1.25299763063562598e-02	4.62457768342148190e-01	1.54152589447382726e+00	5	61	122	-1.56250000000000000e-01	-4.06250000000000000e-01	1.56250000000000000e-01	29	25	2
3.34176378207353686e+00	809	curl_constraint	2.19563041630876810e-01	4.62457768342148190e-01	1.54152589447382726e+00	5	61	122	-1.56250000000000000e-01	-1.56250000000000000e-01	4.06250000000000000e-01	29	29	6
3.34176378207353686e+00	809	source_curvature	1.06894454578683433e+01	5.18222623493031276e-01	1.72740874497677099e+00	5	41	83	1.56250000000000000e-01	-4.06250000000000000e-01	-2.81250000000000000e-01	2	25	27
3.34176378207353686e+00	809	source_QQ	1.88019574541087593e+01	4.62457768342148190e-01	1.54152589447382726e+00	5	61	122	-1.56250000000000000e-01	-4.06250000000000000e-01	1.56250000000000000e-01	29	25	2
3.34176378207353686e+00	809	source_DeltaDelta	9.22007829777256305e+00	4.45243964024218952e-01	1.48414654674739666e+00	5	54	109	9.37500000000000000e-02	1.56250000000000000e-01	-4.06250000000000000e-01	1	2	25
3.34176378207353686e+00	809	source_damping	0.00000000000000000e+00	4.13527130307069442e+01	1.37842376769023161e+02	3	0	0	-2.38750000000000000e+01	-2.38750000000000000e+01	-2.38750000000000000e+01	0	0	0
3.34176378207353686e+00	809	source_frame_correction	2.07135491647810888e+00	4.87139289628746752e-01	1.62379763209582251e+00	5	74	148	-4.68750000000000000e-01	9.37500000000000000e-02	9.37500000000000000e-02	24	1	1
3.34176378207353686e+00	809	Psi_RHS_Linf	1.25949902632213151e+00	4.70828724166230117e-01	1.56942908055410046e+00	5	48	96	-3.12500000000000000e-02	4.68750000000000000e-01	-3.12500000000000000e-02	31	7	31
3.34176378207353686e+00	809	Pi_RHS_Linf	3.91840302201246571e+00	4.70828724166230117e-01	1.56942908055410046e+00	5	74	148	-3.12500000000000000e-02	4.68750000000000000e-01	3.12500000000000000e-02	31	7	0
3.34176378207353686e+00	809	Phi_RHS_Linf	2.65342265682466616e+00	5.33085065913499356e-01	1.77695021971166467e+00	5	48	96	-3.12500000000000000e-02	5.31250000000000000e-01	-3.12500000000000000e-02	31	8	31
3.34176378207353686e+00	809	Hhat_RHS_Linf	0.00000000000000000e+00	4.13527130307069442e+01	1.37842376769023161e+02	3	0	0	-2.38750000000000000e+01	-2.38750000000000000e+01	-2.38750000000000000e+01	0	0	0
3.34176378207353686e+00	809	theta_RHS_Linf	0.00000000000000000e+00	4.13527130307069442e+01	1.37842376769023161e+02	3	0	0	-2.38750000000000000e+01	-2.38750000000000000e+01	-2.38750000000000000e+01	0	0	0
3.34176378207353686e+00	809	Upsilon_RHS_Linf	0.00000000000000000e+00	4.13527130307069442e+01	1.37842376769023161e+02	3	0	0	-2.38750000000000000e+01	-2.38750000000000000e+01	-2.38750000000000000e+01	0	0	0
3.34176378207353686e+00	809	chi_beta	6.85585463899002989e-01	5.40363014555955701e-01	1.80121004851985234e+00	5	61	122	-9.37500000000000000e-02	-3.12500000000000000e-02	5.31250000000000000e-01	30	31	8
3.34176378207353686e+00	809	chi_beta_near_r_lt_1	6.85585463899002989e-01	5.40363014555955701e-01	1.80121004851985234e+00	5	61	122	-9.37500000000000000e-02	-3.12500000000000000e-02	5.31250000000000000e-01	30	31	8
3.34176378207353686e+00	809	chi_beta_inner_r_lt_0p5	6.11347491441887936e-01	4.95093109929839348e-01	1.65031036643279783e+00	5	54	109	4.68750000000000000e-01	3.12500000000000000e-02	-1.56250000000000000e-01	7	0	29
3.34176378207353686e+00	809	chi_beta_annulus_0p5_1	6.85585463899002989e-01	5.40363014555955701e-01	1.80121004851985234e+00	5	61	122	-9.37500000000000000e-02	-3.12500000000000000e-02	5.31250000000000000e-01	30	31	8
3.34176378207353686e+00	809	chi_beta_annulus_1_1p5	3.25285815680794121e-01	1.00146377243512918e+00	3.33821257478376410e+00	5	54	109	4.68750000000000000e-01	5.93750000000000000e-01	-6.56250000000000000e-01	7	9	21
3.34176378207353686e+00	809	chi_beta_annulus_1p5_2	1.74986435365151766e-01	1.50097624481535341e+00	5.00325414938451196e+00	5	35	70	-2.18750000000000000e-01	-2.18750000000000000e-01	-1.46875000000000000e+00	28	28	8
3.34176378207353686e+00	809	chi_beta_outer_r_ge_2	1.08645346813250804e-01	2.00073228781363932e+00	6.66910762604546470e+00	5	41	83	9.37500000000000000e-02	-3.43750000000000000e-01	-1.96875000000000000e+00	1	26	0
3.34176378207353686e+00	809	chi_beta_first_ge_1	0.00000000000000000e+00	inf	0.00000000000000000e+00	0	0	0	0.00000000000000000e+00	0.00000000000000000e+00	0.00000000000000000e+00	0	0	0
3.36232813929496954e+00	814	reference_Ricci	4.81420135221062662e+00	5.25706370039397575e-01	1.75235456679799206e+00	5	35	70	-2.81250000000000000e-01	-2.81250000000000000e-01	-3.43750000000000000e-01	27	27	26
3.36232813929496954e+00	814	reference_Riemann	6.43508211083955040e+00	5.18222623493031276e-01	1.72740874497677099e+00	5	35	70	-3.12500000000000000e-02	-2.18750000000000000e-01	-4.68750000000000000e-01	31	28	24
3.36232813929496954e+00	814	spin_connection	2.30854078755801106e+00	4.36382501367779396e-01	1.45460833789259802e+00	5	35	70	-2.18750000000000000e-01	-1.56250000000000000e-01	-3.43750000000000000e-01	28	29	26
3.36232813929496954e+00	814	spin_derivative	7.09405571748146890e+00	5.18222623493031276e-01	1.72740874497677099e+00	5	35	70	-1.56250000000000000e-01	-4.06250000000000000e-01	-2.81250000000000000e-01	29	25	27
3.36232813929496954e+00	814	Psi	3.18769019549069954e+00	4.70828724166230117e-01	1.56942908055410046e+00	5	35	70	-3.12500000000000000e-02	-3.12500000000000000e-02	-4.68750000000000000e-01	31	31	24
3.36232813929496954e+00	814	Q	7.28252064918830566e+00	4.62457768342148190e-01	1.54152589447382726e+00	5	48	96	-1.56250000000000000e-01	1.56250000000000000e-01	-4.06250000000000000e-01	29	2	25
3.36232813929496954e+00	814	Delta	5.33132732720765024e+00	4.62457768342148190e-01	1.54152589447382726e+00	5	48	96	-1.56250000000000000e-01	1.56250000000000000e-01	-4.06250000000000000e-01	29	2	25
3.36232813929496954e+00	814	Pi	5.00032027879317553e+00	4.70828724166230117e-01	1.56942908055410046e+00	5	80	161	3.12500000000000000e-02	4.68750000000000000e-01	3.12500000000000000e-02	0	7	0
3.36232813929496954e+00	814	Phi	2.45041718796173269e+00	5.33085065913499356e-01	1.77695021971166467e+00	5	35	70	-5.31250000000000000e-01	-3.12500000000000000e-02	-3.12500000000000000e-02	23	31	31
3.36232813929496954e+00	814	GH_constraint	6.27467327890562643e-02	5.33085065913499356e-01	1.77695021971166467e+00	5	74	148	-3.12500000000000000e-02	3.12500000000000000e-02	5.31250000000000000e-01	31	0	8
3.36232813929496954e+00	814	reduction_constraint	1.30295130374835887e-02	4.62457768342148190e-01	1.54152589447382726e+00	5	61	122	-1.56250000000000000e-01	-4.06250000000000000e-01	1.56250000000000000e-01	29	25	2
3.36232813929496954e+00	814	curl_constraint	2.24967522931928871e-01	4.62457768342148190e-01	1.54152589447382726e+00	5	61	122	-1.56250000000000000e-01	-1.56250000000000000e-01	4.06250000000000000e-01	29	29	6
3.36232813929496954e+00	814	source_curvature	1.08475380467429314e+01	5.18222623493031276e-01	1.72740874497677099e+00	5	41	83	1.56250000000000000e-01	-4.06250000000000000e-01	-2.81250000000000000e-01	2	25	27
3.36232813929496954e+00	814	source_QQ	1.92573284133052809e+01	4.62457768342148190e-01	1.54152589447382726e+00	5	48	96	-1.56250000000000000e-01	1.56250000000000000e-01	-4.06250000000000000e-01	29	2	25
3.36232813929496954e+00	814	source_DeltaDelta	9.38233692533688313e+00	4.45243964024218952e-01	1.48414654674739666e+00	5	54	109	9.37500000000000000e-02	1.56250000000000000e-01	-4.06250000000000000e-01	1	2	25
3.36232813929496954e+00	814	source_damping	0.00000000000000000e+00	4.13527130307069442e+01	1.37842376769023161e+02	3	0	0	-2.38750000000000000e+01	-2.38750000000000000e+01	-2.38750000000000000e+01	0	0	0
3.36232813929496954e+00	814	source_frame_correction	2.13441700045996230e+00	4.87139289628746752e-01	1.62379763209582251e+00	5	74	148	-4.68750000000000000e-01	9.37500000000000000e-02	9.37500000000000000e-02	24	1	1
3.36232813929496954e+00	814	Psi_RHS_Linf	1.28881790879731439e+00	4.70828724166230117e-01	1.56942908055410046e+00	5	48	96	-3.12500000000000000e-02	4.68750000000000000e-01	-3.12500000000000000e-02	31	7	31
3.36232813929496954e+00	814	Pi_RHS_Linf	4.02771057079431838e+00	4.70828724166230117e-01	1.56942908055410046e+00	5	74	148	-3.12500000000000000e-02	4.68750000000000000e-01	3.12500000000000000e-02	31	7	0
3.36232813929496954e+00	814	Phi_RHS_Linf	2.73575902186409836e+00	5.33085065913499356e-01	1.77695021971166467e+00	5	48	96	-3.12500000000000000e-02	5.31250000000000000e-01	-3.12500000000000000e-02	31	8	31
3.36232813929496954e+00	814	Hhat_RHS_Linf	0.00000000000000000e+00	4.13527130307069442e+01	1.37842376769023161e+02	3	0	0	-2.38750000000000000e+01	-2.38750000000000000e+01	-2.38750000000000000e+01	0	0	0
3.36232813929496954e+00	814	theta_RHS_Linf	0.00000000000000000e+00	4.13527130307069442e+01	1.37842376769023161e+02	3	0	0	-2.38750000000000000e+01	-2.38750000000000000e+01	-2.38750000000000000e+01	0	0	0
3.36232813929496954e+00	814	Upsilon_RHS_Linf	0.00000000000000000e+00	4.13527130307069442e+01	1.37842376769023161e+02	3	0	0	-2.38750000000000000e+01	-2.38750000000000000e+01	-2.38750000000000000e+01	0	0	0
3.36232813929496954e+00	814	chi_beta	6.94755590111059251e-01	5.40363014555955701e-01	1.80121004851985234e+00	5	61	122	-9.37500000000000000e-02	-3.12500000000000000e-02	5.31250000000000000e-01	30	31	8
3.36232813929496954e+00	814	chi_beta_near_r_lt_1	6.94755590111059251e-01	5.40363014555955701e-01	1.80121004851985234e+00	5	61	122	-9.37500000000000000e-02	-3.12500000000000000e-02	5.31250000000000000e-01	30	31	8
3.36232813929496954e+00	814	chi_beta_inner_r_lt_0p5	6.19754389764293312e-01	4.95093109929839348e-01	1.65031036643279783e+00	5	48	96	-3.12500000000000000e-02	1.56250000000000000e-01	-4.68750000000000000e-01	31	2	24
3.36232813929496954e+00	814	chi_beta_annulus_0p5_1	6.94755590111059251e-01	5.40363014555955701e-01	1.80121004851985234e+00	5	61	122	-9.37500000000000000e-02	-3.12500000000000000e-02	5.31250000000000000e-01	30	31	8
3.36232813929496954e+00	814	chi_beta_annulus_1_1p5	3.29655894868072730e-01	1.00146377243512918e+00	3.33821257478376410e+00	5	41	83	4.68750000000000000e-01	-6.56250000000000000e-01	-5.93750000000000000e-01	7	21	22
3.36232813929496954e+00	814	chi_beta_annulus_1p5_2	1.77324568405227367e-01	1.50097624481535341e+00	5.00325414938451196e+00	5	35	70	-2.18750000000000000e-01	-2.18750000000000000e-01	-1.46875000000000000e+00	28	28	8
3.36232813929496954e+00	814	chi_beta_outer_r_ge_2	1.10090251359587166e-01	2.00073228781363932e+00	6.66910762604546470e+00	5	35	70	-1.96875000000000000e+00	-9.37500000000000000e-02	-3.43750000000000000e-01	0	30	26
3.36232813929496954e+00	814	chi_beta_first_ge_1	0.00000000000000000e+00	inf	0.00000000000000000e+00	0	0	0	0.00000000000000000e+00	0.00000000000000000e+00	0.00000000000000000e+00	0	0	0
3.38289084134159390e+00	819	reference_Ricci	4.88029991138862318e+00	5.25706370039397575e-01	1.75235456679799206e+00	5	35	70	-2.81250000000000000e-01	-3.43750000000000000e-01	-2.81250000000000000e-01	27	26	27
3.38289084134159390e+00	819	reference_Riemann	6.52889788313512565e+00	5.18222623493031276e-01	1.72740874497677099e+00	5	35	70	-4.68750000000000000e-01	-2.18750000000000000e-01	-3.12500000000000000e-02	24	28	31
3.38289084134159390e+00	819	spin_connection	2.32640223762387821e+00	4.36382501367779396e-01	1.45460833789259802e+00	5	35	70	-2.18750000000000000e-01	-1.56250000000000000e-01	-3.43750000000000000e-01	28	29	26
3.38289084134159390e+00	819	spin_derivative	7.19470877880306325e+00	5.18222623493031276e-01	1.72740874497677099e+00	5	35	70	-4.06250000000000000e-01	-2.81250000000000000e-01	-1.56250000000000000e-01	25	27	29
3.38289084134159390e+00	819	Psi	3.21557254643974355e+00	4.70828724166230117e-01	1.56942908055410046e+00	5	35	70	-3.12500000000000000e-02	-3.12500000000000000e-02	-4.68750000000000000e-01	31	31	24
3.38289084134159390e+00	819	Q	7.44451445622621222e+00	4.62457768342148190e-01	1.54152589447382726e+00	5	48	96	-1.56250000000000000e-01	1.56250000000000000e-01	-4.06250000000000000e-01	29	2	25
3.38289084134159390e+00	819	Delta	5.45197175297609515e+00	4.62457768342148190e-01	1.54152589447382726e+00	5	35	70	-1.56250000000000000e-01	-1.56250000000000000e-01	-4.06250000000000000e-01	29	29	25
3.38289084134159390e+00	819	Pi	5.08123024974166437e+00	4.70828724166230117e-01	1.56942908055410046e+00	5	80	161	3.12500000000000000e-02	4.68750000000000000e-01	3.12500000000000000e-02	0	7	0
3.38289084134159390e+00	819	Phi	2.51609154844122163e+00	5.33085065913499356e-01	1.77695021971166467e+00	5	35	70	-5.31250000000000000e-01	-3.12500000000000000e-02	-3.12500000000000000e-02	23	31	31
3.38289084134159390e+00	819	GH_constraint	6.73992871496740670e-02	5.33085065913499356e-01	1.77695021971166467e+00	5	74	148	-3.12500000000000000e-02	3.12500000000000000e-02	5.31250000000000000e-01	31	0	8
3.38289084134159390e+00	819	reduction_constraint	1.35447656808343163e-02	4.62457768342148190e-01	1.54152589447382726e+00	5	61	122	-1.56250000000000000e-01	-4.06250000000000000e-01	1.56250000000000000e-01	29	25	2
3.38289084134159390e+00	819	curl_constraint	2.30357304038747462e-01	4.62457768342148190e-01	1.54152589447382726e+00	5	61	122	-1.56250000000000000e-01	-1.56250000000000000e-01	4.06250000000000000e-01	29	29	6
3.38289084134159390e+00	819	source_curvature	1.10086661822676408e+01	5.18222623493031276e-01	1.72740874497677099e+00	5	41	83	1.56250000000000000e-01	-4.06250000000000000e-01	-2.81250000000000000e-01	2	25	27
3.38289084134159390e+00	819	source_QQ	1.97278005485176031e+01	4.62457768342148190e-01	1.54152589447382726e+00	5	48	96	-1.56250000000000000e-01	1.56250000000000000e-01	-4.06250000000000000e-01	29	2	25
3.38289084134159390e+00	819	source_DeltaDelta	9.54676754162330710e+00	4.45243964024218952e-01	1.48414654674739666e+00	5	48	96	-1.56250000000000000e-01	4.06250000000000000e-01	-9.37500000000000000e-02	29	6	30
3.38289084134159390e+00	819	source_damping	0.00000000000000000e+00	4.13527130307069442e+01	1.37842376769023161e+02	3	0	0	-2.38750000000000000e+01	-2.38750000000000000e+01	-2.38750000000000000e+01	0	0	0
3.38289084134159390e+00	819	source_frame_correction	2.19917622928800016e+00	4.87139289628746752e-01	1.62379763209582251e+00	5	74	148	-4.68750000000000000e-01	9.37500000000000000e-02	9.37500000000000000e-02	24	1	1
3.38289084134159390e+00	819	Psi_RHS_Linf	1.31901326711855837e+00	4.70828724166230117e-01	1.56942908055410046e+00	5	48	96	-3.12500000000000000e-02	4.68750000000000000e-01	-3.12500000000000000e-02	31	7	31
3.38289084134159390e+00	819	Pi_RHS_Linf	4.14192203308463469e+00	4.70828724166230117e-01	1.56942908055410046e+00	5	80	161	3.12500000000000000e-02	4.68750000000000000e-01	3.12500000000000000e-02	0	7	0
3.38289084134159390e+00	819	Phi_RHS_Linf	2.82109135950851408e+00	5.33085065913499356e-01	1.77695021971166467e+00	5	48	96	-3.12500000000000000e-02	5.31250000000000000e-01	-3.12500000000000000e-02	31	8	31
3.38289084134159390e+00	819	Hhat_RHS_Linf	0.00000000000000000e+00	4.13527130307069442e+01	1.37842376769023161e+02	3	0	0	-2.38750000000000000e+01	-2.38750000000000000e+01	-2.38750000000000000e+01	0	0	0
3.38289084134159390e+00	819	theta_RHS_Linf	0.00000000000000000e+00	4.13527130307069442e+01	1.37842376769023161e+02	3	0	0	-2.38750000000000000e+01	-2.38750000000000000e+01	-2.38750000000000000e+01	0	0	0
3.38289084134159390e+00	819	Upsilon_RHS_Linf	0.00000000000000000e+00	4.13527130307069442e+01	1.37842376769023161e+02	3	0	0	-2.38750000000000000e+01	-2.38750000000000000e+01	-2.38750000000000000e+01	0	0	0
3.38289084134159390e+00	819	chi_beta	7.03955776134439493e-01	5.40363014555955701e-01	1.80121004851985234e+00	5	61	122	-9.37500000000000000e-02	-3.12500000000000000e-02	5.31250000000000000e-01	30	31	8
3.38289084134159390e+00	819	chi_beta_near_r_lt_1	7.03955776134439493e-01	5.40363014555955701e-01	1.80121004851985234e+00	5	61	122	-9.37500000000000000e-02	-3.12500000000000000e-02	5.31250000000000000e-01	30	31	8
3.38289084134159390e+00	819	chi_beta_inner_r_lt_0p5	6.28221537682826958e-01	4.95093109929839348e-01	1.65031036643279783e+00	5	54	109	3.12500000000000000e-02	1.56250000000000000e-01	-4.68750000000000000e-01	0	2	24
3.38289084134159390e+00	819	chi_beta_annulus_0p5_1	7.03955776134439493e-01	5.40363014555955701e-01	1.80121004851985234e+00	5	61	122	-9.37500000000000000e-02	-3.12500000000000000e-02	5.31250000000000000e-01	30	31	8
3.38289084134159390e+00	819	chi_beta_annulus_1_1p5	3.34038260230357376e-01	1.00146377243512918e+00	3.33821257478376410e+00	5	54	109	4.68750000000000000e-01	5.93750000000000000e-01	-6.56250000000000000e-01	7	9	21
3.38289084134159390e+00	819	chi_beta_annulus_1p5_2	1.79669111421052713e-01	1.50097624481535341e+00	5.00325414938451196e+00	5	41	83	1.46875000000000000e+00	-2.18750000000000000e-01	-2.18750000000000000e-01	23	28	28
3.38289084134159390e+00	819	chi_beta_outer_r_ge_2	1.11539277307236673e-01	2.00073228781363932e+00	6.66910762604546470e+00	5	35	70	-1.96875000000000000e+00	-9.37500000000000000e-02	-3.43750000000000000e-01	0	30	26
3.38289084134159390e+00	819	chi_beta_first_ge_1	0.00000000000000000e+00	inf	0.00000000000000000e+00	0	0	0	0.00000000000000000e+00	0.00000000000000000e+00	0.00000000000000000e+00	0	0	0
3.40345188267088927e+00	824	reference_Ricci	4.94718197545560479e+00	5.25706370039397575e-01	1.75235456679799206e+00	5	35	70	-2.81250000000000000e-01	-2.81250000000000000e-01	-3.43750000000000000e-01	27	27	26
3.40345188267088927e+00	824	reference_Riemann	6.62392377831655121e+00	5.18222623493031276e-01	1.72740874497677099e+00	5	35	70	-4.06250000000000000e-01	-1.56250000000000000e-01	-2.81250000000000000e-01	25	29	27
3.40345188267088927e+00	824	spin_connection	2.34435803918351082e+00	4.36382501367779396e-01	1.45460833789259802e+00	5	35	70	-1.56250000000000000e-01	-3.12500000000000000e-02	-4.06250000000000000e-01	29	31	25
3.40345188267088927e+00	824	spin_derivative	7.29623664522427706e+00	5.18222623493031276e-01	1.72740874497677099e+00	5	35	70	-1.56250000000000000e-01	-2.81250000000000000e-01	-4.06250000000000000e-01	29	27	25
3.40345188267088927e+00	824	Psi	3.24401983660617654e+00	4.70828724166230117e-01	1.56942908055410046e+00	5	35	70	-3.12500000000000000e-02	-3.12500000000000000e-02	-4.68750000000000000e-01	31	31	24
3.40345188267088927e+00	824	Q	7.61144785217885733e+00	4.62457768342148190e-01	1.54152589447382726e+00	5	48	96	-1.56250000000000000e-01	1.56250000000000000e-01	-4.06250000000000000e-01	29	2	25
3.40345188267088927e+00	824	Delta	5.57612314399708087e+00	4.62457768342148190e-01	1.54152589447382726e+00	5	48	96	-1.56250000000000000e-01	1.56250000000000000e-01	-4.06250000000000000e-01	29	2	25
3.40345188267088927e+00	824	Pi	5.16410248268138083e+00	4.70828724166230117e-01	1.56942908055410046e+00	5	80	161	3.12500000000000000e-02	4.68750000000000000e-01	3.12500000000000000e-02	0	7	0
3.40345188267088927e+00	824	Phi	2.58349639107542384e+00	5.33085065913499356e-01	1.77695021971166467e+00	5	35	70	-5.31250000000000000e-01	-3.12500000000000000e-02	-3.12500000000000000e-02	23	31	31
3.40345188267088927e+00	824	GH_constraint	7.23472918641357154e-02	5.33085065913499356e-01	1.77695021971166467e+00	5	74	148	-3.12500000000000000e-02	3.12500000000000000e-02	5.31250000000000000e-01	31	0	8
3.40345188267088927e+00	824	reduction_constraint	1.40758710520730492e-02	4.62457768342148190e-01	1.54152589447382726e+00	5	61	122	-1.56250000000000000e-01	-4.06250000000000000e-01	1.56250000000000000e-01	29	25	2
3.40345188267088927e+00	824	curl_constraint	2.35728103424005075e-01	4.62457768342148190e-01	1.54152589447382726e+00	5	61	122	-1.56250000000000000e-01	-1.56250000000000000e-01	4.06250000000000000e-01	29	29	6
3.40345188267088927e+00	824	source_curvature	1.11729044745479644e+01	5.18222623493031276e-01	1.72740874497677099e+00	5	41	83	1.56250000000000000e-01	-4.06250000000000000e-01	-2.81250000000000000e-01	2	25	27
3.40345188267088927e+00	824	source_QQ	2.02142392873578345e+01	4.62457768342148190e-01	1.54152589447382726e+00	5	48	96	-1.56250000000000000e-01	1.56250000000000000e-01	-4.06250000000000000e-01	29	2	25
3.40345188267088927e+00	824	source_DeltaDelta	9.71350541507305820e+00	4.45243964024218952e-01	1.48414654674739666e+00	5	41	83	9.37500000000000000e-02	-1.56250000000000000e-01	-4.06250000000000000e-01	1	29	25
3.40345188267088927e+00	824	source_damping	0.00000000000000000e+00	4.13527130307069442e+01	1.37842376769023161e+02	3	0	0	-2.38750000000000000e+01	-2.38750000000000000e+01	-2.38750000000000000e+01	0	0	0
3.40345188267088927e+00	824	source_frame_correction	2.26566482329167806e+00	4.87139289628746752e-01	1.62379763209582251e+00	5	61	122	-4.68750000000000000e-01	-9.37500000000000000e-02	9.37500000000000000e-02	24	30	1
3.40345188267088927e+00	824	Psi_RHS_Linf	1.35012312842661886e+00	4.70828724166230117e-01	1.56942908055410046e+00	5	61	122	-3.12500000000000000e-02	-4.68750000000000000e-01	3.12500000000000000e-02	31	24	0
3.40345188267088927e+00	824	Pi_RHS_Linf	4.26128764634997204e+00	4.70828724166230117e-01	1.56942908055410046e+00	5	74	148	-3.12500000000000000e-02	4.68750000000000000e-01	3.12500000000000000e-02	31	7	0
3.40345188267088927e+00	824	Phi_RHS_Linf	2.90954089530329796e+00	5.33085065913499356e-01	1.77695021971166467e+00	5	48	96	-3.12500000000000000e-02	5.31250000000000000e-01	-3.12500000000000000e-02	31	8	31
3.40345188267088927e+00	824	Hhat_RHS_Linf	0.00000000000000000e+00	4.13527130307069442e+01	1.37842376769023161e+02	3	0	0	-2.38750000000000000e+01	-2.38750000000000000e+01	-2.38750000000000000e+01	0	0	0
3.40345188267088927e+00	824	theta_RHS_Linf	0.00000000000000000e+00	4.13527130307069442e+01	1.37842376769023161e+02	3	0	0	-2.38750000000000000e+01	-2.38750000000000000e+01	-2.38750000000000000e+01	0	0	0
3.40345188267088927e+00	824	Upsilon_RHS_Linf	0.00000000000000000e+00	4.13527130307069442e+01	1.37842376769023161e+02	3	0	0	-2.38750000000000000e+01	-2.38750000000000000e+01	-2.38750000000000000e+01	0	0	0
3.40345188267088927e+00	824	chi_beta	7.13184162003519750e-01	5.40363014555955701e-01	1.80121004851985234e+00	5	61	122	-9.37500000000000000e-02	-3.12500000000000000e-02	5.31250000000000000e-01	30	31	8
3.40345188267088927e+00	824	chi_beta_near_r_lt_1	7.13184162003519750e-01	5.40363014555955701e-01	1.80121004851985234e+00	5	61	122	-9.37500000000000000e-02	-3.12500000000000000e-02	5.31250000000000000e-01	30	31	8
3.40345188267088927e+00	824	chi_beta_inner_r_lt_0p5	6.36749378272117972e-01	4.95093109929839348e-01	1.65031036643279783e+00	5	54	109	4.68750000000000000e-01	3.12500000000000000e-02	-1.56250000000000000e-01	7	0	29
3.40345188267088927e+00	824	chi_beta_annulus_0p5_1	7.13184162003519750e-01	5.40363014555955701e-01	1.80121004851985234e+00	5	61	122	-9.37500000000000000e-02	-3.12500000000000000e-02	5.31250000000000000e-01	30	31	8
3.40345188267088927e+00	824	chi_beta_annulus_1_1p5	3.38432265601780857e-01	1.00146377243512918e+00	3.33821257478376410e+00	5	54	109	4.68750000000000000e-01	6.56250000000000000e-01	-5.93750000000000000e-01	7	10	22
3.40345188267088927e+00	824	chi_beta_annulus_1p5_2	1.82019730658175477e-01	1.50097624481535341e+00	5.00325414938451196e+00	5	41	83	2.18750000000000000e-01	-1.46875000000000000e+00	-2.18750000000000000e-01	3	8	28
3.40345188267088927e+00	824	chi_beta_outer_r_ge_2	1.12992230775469840e-01	2.00073228781363932e+00	6.66910762604546470e+00	5	35	70	-9.37500000000000000e-02	-3.43750000000000000e-01	-1.96875000000000000e+00	30	26	0
3.40345188267088927e+00	824	chi_beta_first_ge_1	0.00000000000000000e+00	inf	0.00000000000000000e+00	0	0	0	0.00000000000000000e+00	0.00000000000000000e+00	0.00000000000000000e+00	0	0	0
3.42401125790598782e+00	829	reference_Ricci	5.01484550536160612e+00	5.25706370039397575e-01	1.75235456679799206e+00	5	35	70	-2.81250000000000000e-01	-2.81250000000000000e-01	-3.43750000000000000e-01	27	27	26
3.42401125790598782e+00	829	reference_Riemann	6.72016021906855432e+00	5.18222623493031276e-01	1.72740874497677099e+00	5	35	70	-4.68750000000000000e-01	-1.56250000000000000e-01	-1.56250000000000000e-01	24	29	29
3.42401125790598782e+00	829	spin_connection	2.36240514276789115e+00	4.36382501367779396e-01	1.45460833789259802e+00	5	35	70	-3.12500000000000000e-02	-4.06250000000000000e-01	-1.56250000000000000e-01	31	25	29
3.42401125790598782e+00	829	spin_derivative	7.39863532173793192e+00	5.18222623493031276e-01	1.72740874497677099e+00	5	35	70	-1.56250000000000000e-01	-4.06250000000000000e-01	-2.81250000000000000e-01	29	25	27
3.42401125790598782e+00	829	Psi	3.27304504785589412e+00	4.70828724166230117e-01	1.56942908055410046e+00	5	35	70	-3.12500000000000000e-02	-3.12500000000000000e-02	-4.68750000000000000e-01	31	31	24
3.42401125790598782e+00	829	Q	7.79095097667978287e+00	4.70828724166230117e-01	1.56942908055410046e+00	5	80	161	3.43750000000000000e-01	2.81250000000000000e-01	1.56250000000000000e-01	5	4	2
3.42401125790598782e+00	829	Delta	5.70393594379823554e+00	4.62457768342148190e-01	1.54152589447382726e+00	5	48	96	-1.56250000000000000e-01	1.56250000000000000e-01	-4.06250000000000000e-01	29	2	25
3.42401125790598782e+00	829	Pi	5.24905285567871527e+00	4.70828724166230117e-01	1.56942908055410046e+00	5	80	161	3.12500000000000000e-02	4.68750000000000000e-01	3.12500000000000000e-02	0	7	0
3.42401125790598782e+00	829	Phi	2.65269204161688643e+00	5.33085065913499356e-01	1.77695021971166467e+00	5	74	148	-3.12500000000000000e-02	3.12500000000000000e-02	5.31250000000000000e-01	31	0	8
3.42401125790598782e+00	829	GH_constraint	7.76083871540132891e-02	5.33085065913499356e-01	1.77695021971166467e+00	5	74	148	-3.12500000000000000e-02	3.12500000000000000e-02	5.31250000000000000e-01	31	0	8
3.42401125790598782e+00	829	reduction_constraint	1.46229462629239408e-02	4.62457768342148190e-01	1.54152589447382726e+00	5	61	122	-1.56250000000000000e-01	-4.06250000000000000e-01	1.56250000000000000e-01	29	25	2
3.42401125790598782e+00	829	curl_constraint	2.41076663584174344e-01	4.62457768342148190e-01	1.54152589447382726e+00	5	61	122	-1.56250000000000000e-01	-1.56250000000000000e-01	4.06250000000000000e-01	29	29	6
3.42401125790598782e+00	829	source_curvature	1.13403295644939792e+01	5.18222623493031276e-01	1.72740874497677099e+00	5	41	83	1.56250000000000000e-01	-4.06250000000000000e-01	-2.81250000000000000e-01	2	25	27
3.42401125790598782e+00	829	source_QQ	2.07175562011838394e+01	4.62457768342148190e-01	1.54152589447382726e+00	5	48	96	-1.56250000000000000e-01	1.56250000000000000e-01	-4.06250000000000000e-01	29	2	25
3.42401125790598782e+00	829	source_DeltaDelta	9.88269697863194452e+00	4.45243964024218952e-01	1.48414654674739666e+00	5	35	70	-9.37500000000000000e-02	-1.56250000000000000e-01	-4.06250000000000000e-01	30	29	25
3.42401125790598782e+00	829	source_damping	0.00000000000000000e+00	4.13527130307069442e+01	1.37842376769023161e+02	3	0	0	-2.38750000000000000e+01	-2.38750000000000000e+01	-2.38750000000000000e+01	0	0	0
3.42401125790598782e+00	829	source_frame_correction	2.33492075591947001e+00	4.79053428648621604e-01	1.59684476216207205e+00	5	48	96	-3.12500000000000000e-02	4.68750000000000000e-01	-9.37500000000000000e-02	31	7	30
3.42401125790598782e+00	829	Psi_RHS_Linf	1.38218745484963046e+00	4.70828724166230117e-01	1.56942908055410046e+00	5	61	122	-3.12500000000000000e-02	-4.68750000000000000e-01	3.12500000000000000e-02	31	24	0
3.42401125790598782e+00	829	Pi_RHS_Linf	4.38606981383510952e+00	4.70828724166230117e-01	1.56942908055410046e+00	5	74	148	-3.12500000000000000e-02	4.68750000000000000e-01	3.12500000000000000e-02	31	7	0
3.42401125790598782e+00	829	Phi_RHS_Linf	3.00123302903908806e+00	5.33085065913499356e-01	1.77695021971166467e+00	5	48	96	-3.12500000000000000e-02	5.31250000000000000e-01	-3.12500000000000000e-02	31	8	31
3.42401125790598782e+00	829	Hhat_RHS_Linf	0.00000000000000000e+00	4.13527130307069442e+01	1.37842376769023161e+02	3	0	0	-2.38750000000000000e+01	-2.38750000000000000e+01	-2.38750000000000000e+01	0	0	0
3.42401125790598782e+00	829	theta_RHS_Linf	0.00000000000000000e+00	4.13527130307069442e+01	1.37842376769023161e+02	3	0	0	-2.38750000000000000e+01	-2.38750000000000000e+01	-2.38750000000000000e+01	0	0	0
3.42401125790598782e+00	829	Upsilon_RHS_Linf	0.00000000000000000e+00	4.13527130307069442e+01	1.37842376769023161e+02	3	0	0	-2.38750000000000000e+01	-2.38750000000000000e+01	-2.38750000000000000e+01	0	0	0
3.42401125790598782e+00	829	chi_beta	7.22438806246136100e-01	5.40363014555955701e-01	1.80121004851985234e+00	5	61	122	-9.37500000000000000e-02	-3.12500000000000000e-02	5.31250000000000000e-01	30	31	8
3.42401125790598782e+00	829	chi_beta_near_r_lt_1	7.22438806246136100e-01	5.40363014555955701e-01	1.80121004851985234e+00	5	61	122	-9.37500000000000000e-02	-3.12500000000000000e-02	5.31250000000000000e-01	30	31	8
3.42401125790598782e+00	829	chi_beta_inner_r_lt_0p5	6.45338352312149865e-01	4.95093109929839348e-01	1.65031036643279783e+00	5	48	96	-3.12500000000000000e-02	1.56250000000000000e-01	-4.68750000000000000e-01	31	2	24
3.42401125790598782e+00	829	chi_beta_annulus_0p5_1	7.22438806246136100e-01	5.40363014555955701e-01	1.80121004851985234e+00	5	61	122	-9.37500000000000000e-02	-3.12500000000000000e-02	5.31250000000000000e-01	30	31	8
3.42401125790598782e+00	829	chi_beta_annulus_1_1p5	3.42837260548260303e-01	1.00146377243512918e+00	3.33821257478376410e+00	5	74	148	-4.68750000000000000e-01	5.93750000000000000e-01	6.56250000000000000e-01	24	9	10
3.42401125790598782e+00	829	chi_beta_annulus_1p5_2	1.84376090754638067e-01	1.50097624481535341e+00	5.00325414938451196e+00	5	35	70	-2.18750000000000000e-01	-2.18750000000000000e-01	-1.46875000000000000e+00	28	28	8
3.42401125790598782e+00	829	chi_beta_outer_r_ge_2	1.14448916947952201e-01	2.00073228781363932e+00	6.66910762604546470e+00	5	35	70	-1.96875000000000000e+00	-9.37500000000000000e-02	-3.43750000000000000e-01	0	30	26
3.42401125790598782e+00	829	chi_beta_first_ge_1	0.00000000000000000e+00	inf	0.00000000000000000e+00	0	0	0	0.00000000000000000e+00	0.00000000000000000e+00	0.00000000000000000e+00	0	0	0
3.44045755499916028e+00	833	reference_Ricci	5.06953740084747295e+00	5.25706370039397575e-01	1.75235456679799206e+00	5	35	70	-2.81250000000000000e-01	-2.81250000000000000e-01	-3.43750000000000000e-01	27	27	26
3.44045755499916028e+00	833	reference_Riemann	6.79802094392874690e+00	5.18222623493031276e-01	1.72740874497677099e+00	5	35	70	-1.56250000000000000e-01	-2.81250000000000000e-01	-4.06250000000000000e-01	29	27	25
3.44045755499916028e+00	833	spin_connection	2.37690651221548954e+00	4.36382501367779396e-01	1.45460833789259802e+00	5	35	70	-4.06250000000000000e-01	-3.12500000000000000e-02	-1.56250000000000000e-01	25	31	29
3.44045755499916028e+00	833	spin_derivative	7.48117839743807433e+00	5.18222623493031276e-01	1.72740874497677099e+00	5	35	70	-1.56250000000000000e-01	-4.06250000000000000e-01	-2.81250000000000000e-01	29	25	27
3.44045755499916028e+00	833	Psi	3.29669044821035628e+00	4.70828724166230117e-01	1.56942908055410046e+00	5	35	70	-4.68750000000000000e-01	-3.12500000000000000e-02	-3.12500000000000000e-02	24	31	31
3.44045755499916028e+00	833	Q	7.94006203607868599e+00	4.70828724166230117e-01	1.56942908055410046e+00	5	80	161	3.43750000000000000e-01	2.81250000000000000e-01	1.56250000000000000e-01	5	4	2
3.44045755499916028e+00	833	Delta	5.80893158041810587e+00	4.62457768342148190e-01	1.54152589447382726e+00	5	48	96	-1.56250000000000000e-01	1.56250000000000000e-01	-4.06250000000000000e-01	29	2	25
3.44045755499916028e+00	833	Pi	5.31859222585713987e+00	4.70828724166230117e-01	1.56942908055410046e+00	5	80	161	3.12500000000000000e-02	4.68750000000000000e-01	3.12500000000000000e-02	0	7	0
3.44045755499916028e+00	833	Phi	2.70938030592414858e+00	5.33085065913499356e-01	1.77695021971166467e+00	5	54	109	5.31250000000000000e-01	3.12500000000000000e-02	-3.12500000000000000e-02	8	0	31
3.44045755499916028e+00	833	GH_constraint	8.20553277412067877e-02	5.33085065913499356e-01	1.77695021971166467e+00	5	67	135	3.12500000000000000e-02	-3.12500000000000000e-02	5.31250000000000000e-01	0	31	8
3.44045755499916028e+00	833	reduction_constraint	1.50721711988147343e-02	4.62457768342148190e-01	1.54152589447382726e+00	5	61	122	-1.56250000000000000e-01	-4.06250000000000000e-01	1.56250000000000000e-01	29	25	2
3.44045755499916028e+00	833	curl_constraint	2.45338113110072309e-01	4.62457768342148190e-01	1.54152589447382726e+00	5	61	122	-1.56250000000000000e-01	-1.56250000000000000e-01	4.06250000000000000e-01	29	29	6
3.44045755499916028e+00	833	source_curvature	1.14766169201120913e+01	5.18222623493031276e-01	1.72740874497677099e+00	5	41	83	1.56250000000000000e-01	-4.06250000000000000e-01	-2.81250000000000000e-01	2	25	27
3.44045755499916028e+00	833	source_QQ	2.11330049707605134e+01	4.62457768342148190e-01	1.54152589447382726e+00	5	48	96	-1.56250000000000000e-01	1.56250000000000000e-01	-4.06250000000000000e-01	29	2	25
3.44045755499916028e+00	833	source_DeltaDelta	1.00227349314150480e+01	4.62457768342148190e-01	1.54152589447382726e+00	5	48	96	-1.56250000000000000e-01	1.56250000000000000e-01	-4.06250000000000000e-01	29	2	25
3.44045755499916028e+00	833	source_damping	0.00000000000000000e+00	4.13527130307069442e+01	1.37842376769023161e+02	3	0	0	-2.38750000000000000e+01	-2.38750000000000000e+01	-2.38750000000000000e+01	0	0	0
3.44045755499916028e+00	833	source_frame_correction	2.39490853131532999e+00	4.79053428648621604e-01	1.59684476216207205e+00	5	48	96	-3.12500000000000000e-02	4.68750000000000000e-01	-9.37500000000000000e-02	31	7	30
3.44045755499916028e+00	833	Psi_RHS_Linf	1.40855427776123276e+00	4.70828724166230117e-01	1.56942908055410046e+00	5	61	122	-3.12500000000000000e-02	-4.68750000000000000e-01	3.12500000000000000e-02	31	24	0
3.44045755499916028e+00	833	Pi_RHS_Linf	4.48997988663280978e+00	4.70828724166230117e-01	1.56942908055410046e+00	5	74	148	-3.12500000000000000e-02	4.68750000000000000e-01	3.12500000000000000e-02	31	7	0
3.44045755499916028e+00	833	Phi_RHS_Linf	3.07700836431949654e+00	5.33085065913499356e-01	1.77695021971166467e+00	5	48	96	-3.12500000000000000e-02	5.31250000000000000e-01	-3.12500000000000000e-02	31	8	31
3.44045755499916028e+00	833	Hhat_RHS_Linf	0.00000000000000000e+00	4.13527130307069442e+01	1.37842376769023161e+02	3	0	0	-2.38750000000000000e+01	-2.38750000000000000e+01	-2.38750000000000000e+01	0	0	0
3.44045755499916028e+00	833	theta_RHS_Linf	0.00000000000000000e+00	4.13527130307069442e+01	1.37842376769023161e+02	3	0	0	-2.38750000000000000e+01	-2.38750000000000000e+01	-2.38750000000000000e+01	0	0	0
3.44045755499916028e+00	833	Upsilon_RHS_Linf	0.00000000000000000e+00	4.13527130307069442e+01	1.37842376769023161e+02	3	0	0	-2.38750000000000000e+01	-2.38750000000000000e+01	-2.38750000000000000e+01	0	0	0
3.44045755499916028e+00	833	chi_beta	7.29860069381440435e-01	5.40363014555955701e-01	1.80121004851985234e+00	5	61	122	-9.37500000000000000e-02	-3.12500000000000000e-02	5.31250000000000000e-01	30	31	8
3.44045755499916028e+00	833	chi_beta_near_r_lt_1	7.29860069381440435e-01	5.40363014555955701e-01	1.80121004851985234e+00	5	61	122	-9.37500000000000000e-02	-3.12500000000000000e-02	5.31250000000000000e-01	30	31	8
3.44045755499916028e+00	833	chi_beta_inner_r_lt_0p5	6.52253840916913186e-01	4.95093109929839348e-01	1.65031036643279783e+00	5	54	109	4.68750000000000000e-01	3.12500000000000000e-02	-1.56250000000000000e-01	7	0	29
3.44045755499916028e+00	833	chi_beta_annulus_0p5_1	7.29860069381440435e-01	5.40363014555955701e-01	1.80121004851985234e+00	5	61	122	-9.37500000000000000e-02	-3.12500000000000000e-02	5.31250000000000000e-01	30	31	8
3.44045755499916028e+00	833	chi_beta_annulus_1_1p5	3.46368729305319534e-01	1.00146377243512918e+00	3.33821257478376410e+00	5	35	70	-4.68750000000000000e-01	-5.93750000000000000e-01	-6.56250000000000000e-01	24	22	21
3.44045755499916028e+00	833	chi_beta_annulus_1p5_2	1.86265085920302359e-01	1.50097624481535341e+00	5.00325414938451196e+00	5	35	70	-1.46875000000000000e+00	-2.18750000000000000e-01	-2.18750000000000000e-01	8	28	28
3.44045755499916028e+00	833	chi_beta_outer_r_ge_2	1.15616821949259596e-01	2.00073228781363932e+00	6.66910762604546470e+00	5	35	70	-1.96875000000000000e+00	-9.37500000000000000e-02	-3.43750000000000000e-01	0	30	26
3.44045755499916028e+00	833	chi_beta_first_ge_1	0.00000000000000000e+00	inf	0.00000000000000000e+00	0	0	0	0.00000000000000000e+00	0.00000000000000000e+00	0.00000000000000000e+00	0	0	0
3.46101391824635085e+00	838	reference_Ricci	5.13860136299907300e+00	5.25706370039397575e-01	1.75235456679799206e+00	5	35	70	-2.81250000000000000e-01	-3.43750000000000000e-01	-2.81250000000000000e-01	27	26	27
3.46101391824635085e+00	838	reference_Riemann	6.89643590659784333e+00	5.18222623493031276e-01	1.72740874497677099e+00	5	35	70	-2.81250000000000000e-01	-1.56250000000000000e-01	-4.06250000000000000e-01	27	29	25
3.46101391824635085e+00	838	spin_connection	2.39511026754821366e+00	4.36382501367779396e-01	1.45460833789259802e+00	5	35	70	-1.56250000000000000e-01	-2.18750000000000000e-01	-3.43750000000000000e-01	29	28	26
3.46101391824635085e+00	838	spin_derivative	7.58513364073979979e+00	5.18222623493031276e-01	1.72740874497677099e+00	5	35	70	-4.68750000000000000e-01	-1.56250000000000000e-01	-1.56250000000000000e-01	24	29	29
3.46101391824635085e+00	838	Psi	3.32679069164075303e+00	4.70828724166230117e-01	1.56942908055410046e+00	5	35	70	-3.12500000000000000e-02	-3.12500000000000000e-02	-4.68750000000000000e-01	31	31	24
3.46101391824635085e+00	838	Q	8.13208736285981182e+00	4.70828724166230117e-01	1.56942908055410046e+00	5	80	161	3.43750000000000000e-01	2.81250000000000000e-01	1.56250000000000000e-01	5	4	2
3.46101391824635085e+00	838	Delta	5.94375145684053852e+00	4.62457768342148190e-01	1.54152589447382726e+00	5	48	96	-1.56250000000000000e-01	1.56250000000000000e-01	-4.06250000000000000e-01	29	2	25
3.46101391824635085e+00	838	Pi	5.40760027806256716e+00	4.70828724166230117e-01	1.56942908055410046e+00	5	80	161	3.12500000000000000e-02	4.68750000000000000e-01	3.12500000000000000e-02	0	7	0
3.46101391824635085e+00	838	Phi	2.78196064222079809e+00	5.33085065913499356e-01	1.77695021971166467e+00	5	54	109	5.31250000000000000e-01	3.12500000000000000e-02	-3.12500000000000000e-02	8	0	31
3.46101391824635085e+00	838	GH_constraint	8.79284341627088184e-02	5.33085065913499356e-01	1.77695021971166467e+00	5	67	135	3.12500000000000000e-02	-3.12500000000000000e-02	5.31250000000000000e-01	0	31	8
3.46101391824635085e+00	838	reduction_constraint	1.56482269432532510e-02	4.62457768342148190e-01	1.54152589447382726e+00	5	61	122	-1.56250000000000000e-01	-4.06250000000000000e-01	1.56250000000000000e-01	29	25	2
3.46101391824635085e+00	838	curl_constraint	2.50642656070764247e-01	4.62457768342148190e-01	1.54152589447382726e+00	5	61	122	-1.56250000000000000e-01	-1.56250000000000000e-01	4.06250000000000000e-01	29	29	6
3.46101391824635085e+00	838	source_curvature	1.16499777915989853e+01	5.18222623493031276e-01	1.72740874497677099e+00	5	35	70	-4.06250000000000000e-01	-2.81250000000000000e-01	-1.56250000000000000e-01	25	27	29
3.46101391824635085e+00	838	source_QQ	2.17049720427478903e+01	4.70828724166230117e-01	1.56942908055410046e+00	5	80	161	3.43750000000000000e-01	2.81250000000000000e-01	1.56250000000000000e-01	5	4	2
3.46101391824635085e+00	838	source_DeltaDelta	1.02424774216262389e+01	4.62457768342148190e-01	1.54152589447382726e+00	5	48	96	-1.56250000000000000e-01	1.56250000000000000e-01	-4.06250000000000000e-01	29	2	25
3.46101391824635085e+00	838	source_damping	0.00000000000000000e+00	4.13527130307069442e+01	1.37842376769023161e+02	3	0	0	-2.38750000000000000e+01	-2.38750000000000000e+01	-2.38750000000000000e+01	0	0	0
3.46101391824635085e+00	838	source_frame_correction	2.47194130518433797e+00	4.79053428648621604e-01	1.59684476216207205e+00	5	48	96	-3.12500000000000000e-02	4.68750000000000000e-01	-9.37500000000000000e-02	31	7	30
3.46101391824635085e+00	838	Psi_RHS_Linf	1.44244388154829095e+00	4.70828724166230117e-01	1.56942908055410046e+00	5	48	96	-3.12500000000000000e-02	4.68750000000000000e-01	-3.12500000000000000e-02	31	7	31
3.46101391824635085e+00	838	Pi_RHS_Linf	4.62521394127051799e+00	4.70828724166230117e-01	1.56942908055410046e+00	5	74	148	-3.12500000000000000e-02	4.68750000000000000e-01	3.12500000000000000e-02	31	7	0
3.46101391824635085e+00	838	Phi_RHS_Linf	3.17486664958109222e+00	5.33085065913499356e-01	1.77695021971166467e+00	5	48	96	-3.12500000000000000e-02	5.31250000000000000e-01	-3.12500000000000000e-02	31	8	31
3.46101391824635085e+00	838	Hhat_RHS_Linf	0.00000000000000000e+00	4.13527130307069442e+01	1.37842376769023161e+02	3	0	0	-2.38750000000000000e+01	-2.38750000000000000e+01	-2.38750000000000000e+01	0	0	0
3.46101391824635085e+00	838	theta_RHS_Linf	0.00000000000000000e+00	4.13527130307069442e+01	1.37842376769023161e+02	3	0	0	-2.38750000000000000e+01	-2.38750000000000000e+01	-2.38750000000000000e+01	0	0	0
3.46101391824635085e+00	838	Upsilon_RHS_Linf	0.00000000000000000e+00	4.13527130307069442e+01	1.37842376769023161e+02	3	0	0	-2.38750000000000000e+01	-2.38750000000000000e+01	-2.38750000000000000e+01	0	0	0
3.46101391824635085e+00	838	chi_beta	7.39156816144862838e-01	5.40363014555955701e-01	1.80121004851985234e+00	5	61	122	-9.37500000000000000e-02	-3.12500000000000000e-02	5.31250000000000000e-01	30	31	8
3.46101391824635085e+00	838	chi_beta_near_r_lt_1	7.39156816144862838e-01	5.40363014555955701e-01	1.80121004851985234e+00	5	61	122	-9.37500000000000000e-02	-3.12500000000000000e-02	5.31250000000000000e-01	30	31	8
3.46101391824635085e+00	838	chi_beta_inner_r_lt_0p5	6.60953949468167323e-01	4.95093109929839348e-01	1.65031036643279783e+00	5	54	109	4.68750000000000000e-01	3.12500000000000000e-02	-1.56250000000000000e-01	7	0	29
3.46101391824635085e+00	838	chi_beta_annulus_0p5_1	7.39156816144862838e-01	5.40363014555955701e-01	1.80121004851985234e+00	5	61	122	-9.37500000000000000e-02	-3.12500000000000000e-02	5.31250000000000000e-01	30	31	8
3.46101391824635085e+00	838	chi_beta_annulus_1_1p5	3.50791853536596421e-01	1.00146377243512918e+00	3.33821257478376410e+00	5	41	83	6.56250000000000000e-01	-4.68750000000000000e-01	-5.93750000000000000e-01	10	24	22
3.46101391824635085e+00	838	chi_beta_annulus_1p5_2	1.88630929690920462e-01	1.50097624481535341e+00	5.00325414938451196e+00	5	35	70	-2.18750000000000000e-01	-2.18750000000000000e-01	-1.46875000000000000e+00	28	28	8
3.46101391824635085e+00	838	chi_beta_outer_r_ge_2	1.17079733254259799e-01	2.00073228781363932e+00	6.66910762604546470e+00	5	61	122	-3.43750000000000000e-01	-9.37500000000000000e-02	1.96875000000000000e+00	26	30	31
3.46101391824635085e+00	838	chi_beta_first_ge_1	0.00000000000000000e+00	inf	0.00000000000000000e+00	0	0	0	0.00000000000000000e+00	0.00000000000000000e+00	0.00000000000000000e+00	0	0	0
3.48156860123106870e+00	843	reference_Ricci	5.20843930246117548e+00	5.25706370039397575e-01	1.75235456679799206e+00	5	35	70	-2.81250000000000000e-01	-2.81250000000000000e-01	-3.43750000000000000e-01	27	27	26
3.48156860123106870e+00	843	reference_Riemann	6.99606005006190834e+00	5.18222623493031276e-01	1.72740874497677099e+00	5	35	70	-4.68750000000000000e-01	-1.56250000000000000e-01	-1.56250000000000000e-01	24	29	29
3.48156860123106870e+00	843	spin_connection	2.41339677690067589e+00	4.36382501367779396e-01	1.45460833789259802e+00	5	35	70	-2.18750000000000000e-01	-3.43750000000000000e-01	-1.56250000000000000e-01	28	26	29
3.48156860123106870e+00	843	spin_derivative	7.68994712579935236e+00	5.18222623493031276e-01	1.72740874497677099e+00	5	35	70	-1.56250000000000000e-01	-1.56250000000000000e-01	-4.68750000000000000e-01	29	29	24
3.48156860123106870e+00	843	Psi	3.35750874734086979e+00	4.70828724166230117e-01	1.56942908055410046e+00	5	35	70	-3.12500000000000000e-02	-3.12500000000000000e-02	-4.68750000000000000e-01	31	31	24
3.48156860123106870e+00	843	Q	8.33067532927095300e+00	4.70828724166230117e-01	1.56942908055410046e+00	5	80	161	3.43750000000000000e-01	2.81250000000000000e-01	1.56250000000000000e-01	5	4	2
3.48156860123106870e+00	843	Delta	6.08271177831143106e+00	4.62457768342148190e-01	1.54152589447382726e+00	5	48	96	-1.56250000000000000e-01	1.56250000000000000e-01	-4.06250000000000000e-01	29	2	25
3.48156860123106870e+00	843	Pi	5.49905348841112485e+00	4.70828724166230117e-01	1.56942908055410046e+00	5	80	161	3.12500000000000000e-02	4.68750000000000000e-01	3.12500000000000000e-02	0	7	0
3.48156860123106870e+00	843	Phi	2.85651631268566275e+00	5.33085065913499356e-01	1.77695021971166467e+00	5	54	109	5.31250000000000000e-01	3.12500000000000000e-02	-3.12500000000000000e-02	8	0	31
3.48156860123106870e+00	843	GH_constraint	9.41708840720276719e-02	5.33085065913499356e-01	1.77695021971166467e+00	5	67	135	3.12500000000000000e-02	-3.12500000000000000e-02	5.31250000000000000e-01	0	31	8
3.48156860123106870e+00	843	reduction_constraint	1.62404825323797589e-02	4.62457768342148190e-01	1.54152589447382726e+00	5	67	135	1.56250000000000000e-01	-1.56250000000000000e-01	4.06250000000000000e-01	2	29	6
3.48156860123106870e+00	843	curl_constraint	2.55923483245218797e-01	4.62457768342148190e-01	1.54152589447382726e+00	5	61	122	-1.56250000000000000e-01	-1.56250000000000000e-01	4.06250000000000000e-01	29	29	6
3.48156860123106870e+00	843	source_curvature	1.18267506640317670e+01	5.18222623493031276e-01	1.72740874497677099e+00	5	35	70	-4.06250000000000000e-01	-2.81250000000000000e-01	-1.56250000000000000e-01	25	27	29
3.48156860123106870e+00	843	source_QQ	2.23077843307467916e+01	4.70828724166230117e-01	1.56942908055410046e+00	5	80	161	3.43750000000000000e-01	2.81250000000000000e-01	1.56250000000000000e-01	5	4	2
3.48156860123106870e+00	843	source_DeltaDelta	1.04684205399223220e+01	4.62457768342148190e-01	1.54152589447382726e+00	5	48	96	-1.56250000000000000e-01	1.56250000000000000e-01	-4.06250000000000000e-01	29	2	25
3.48156860123106870e+00	843	source_damping	0.00000000000000000e+00	4.13527130307069442e+01	1.37842376769023161e+02	3	0	0	-2.38750000000000000e+01	-2.38750000000000000e+01	-2.38750000000000000e+01	0	0	0
3.48156860123106870e+00	843	source_frame_correction	2.55130389600236063e+00	4.79053428648621604e-01	1.59684476216207205e+00	5	48	96	-3.12500000000000000e-02	4.68750000000000000e-01	-9.37500000000000000e-02	31	7	30
3.48156860123106870e+00	843	Psi_RHS_Linf	1.47741094523425898e+00	4.70828724166230117e-01	1.56942908055410046e+00	5	48	96	-3.12500000000000000e-02	4.68750000000000000e-01	-3.12500000000000000e-02	31	7	31
3.48156860123106870e+00	843	Pi_RHS_Linf	4.76666848509559227e+00	4.70828724166230117e-01	1.56942908055410046e+00	5	74	148	-3.12500000000000000e-02	4.68750000000000000e-01	3.12500000000000000e-02	31	7	0
3.48156860123106870e+00	843	Phi_RHS_Linf	3.27634114994409753e+00	5.33085065913499356e-01	1.77695021971166467e+00	5	74	148	-3.12500000000000000e-02	5.31250000000000000e-01	3.12500000000000000e-02	31	8	0
3.48156860123106870e+00	843	Hhat_RHS_Linf	0.00000000000000000e+00	4.13527130307069442e+01	1.37842376769023161e+02	3	0	0	-2.38750000000000000e+01	-2.38750000000000000e+01	-2.38750000000000000e+01	0	0	0
3.48156860123106870e+00	843	theta_RHS_Linf	0.00000000000000000e+00	4.13527130307069442e+01	1.37842376769023161e+02	3	0	0	-2.38750000000000000e+01	-2.38750000000000000e+01	-2.38750000000000000e+01	0	0	0
3.48156860123106870e+00	843	Upsilon_RHS_Linf	0.00000000000000000e+00	4.13527130307069442e+01	1.37842376769023161e+02	3	0	0	-2.38750000000000000e+01	-2.38750000000000000e+01	-2.38750000000000000e+01	0	0	0
3.48156860123106870e+00	843	chi_beta	7.48629427222466504e-01	5.33085065913499356e-01	1.77695021971166467e+00	5	74	148	-3.12500000000000000e-02	3.12500000000000000e-02	5.31250000000000000e-01	31	0	8
3.48156860123106870e+00	843	chi_beta_near_r_lt_1	7.48629427222466504e-01	5.33085065913499356e-01	1.77695021971166467e+00	5	74	148	-3.12500000000000000e-02	3.12500000000000000e-02	5.31250000000000000e-01	31	0	8
3.48156860123106870e+00	843	chi_beta_inner_r_lt_0p5	6.69716392899362356e-01	4.95093109929839348e-01	1.65031036643279783e+00	5	54	109	4.68750000000000000e-01	3.12500000000000000e-02	-1.56250000000000000e-01	7	0	29
3.48156860123106870e+00	843	chi_beta_annulus_0p5_1	7.48629427222466504e-01	5.33085065913499356e-01	1.77695021971166467e+00	5	74	148	-3.12500000000000000e-02	3.12500000000000000e-02	5.31250000000000000e-01	31	0	8
3.48156860123106870e+00	843	chi_beta_annulus_1_1p5	3.55224125136377467e-01	1.00146377243512918e+00	3.33821257478376410e+00	5	48	96	-5.93750000000000000e-01	6.56250000000000000e-01	-4.68750000000000000e-01	22	10	24
3.48156860123106870e+00	843	chi_beta_annulus_1p5_2	1.91001567580411424e-01	1.50097624481535341e+00	5.00325414938451196e+00	5	35	70	-2.18750000000000000e-01	-2.18750000000000000e-01	-1.46875000000000000e+00	28	28	8
3.48156860123106870e+00	843	chi_beta_outer_r_ge_2	1.18545827219776037e-01	2.00073228781363932e+00	6.66910762604546470e+00	5	61	122	-3.43750000000000000e-01	-9.37500000000000000e-02	1.96875000000000000e+00	26	30	31
3.48156860123106870e+00	843	chi_beta_first_ge_1	0.00000000000000000e+00	inf	0.00000000000000000e+00	0	0	0	0.00000000000000000e+00	0.00000000000000000e+00	0.00000000000000000e+00	0	0	0
3.50212159921187816e+00	848	reference_Ricci	5.27904791050535138e+00	5.25706370039397575e-01	1.75235456679799206e+00	5	35	70	-2.81250000000000000e-01	-2.81250000000000000e-01	-3.43750000000000000e-01	27	27	26
3.50212159921187816e+00	848	reference_Riemann	7.09689196842302117e+00	5.18222623493031276e-01	1.72740874497677099e+00	5	35	70	-4.06250000000000000e-01	-1.56250000000000000e-01	-2.81250000000000000e-01	25	29	27
3.50212159921187816e+00	848	spin_connection	2.43176298760141218e+00	4.36382501367779396e-01	1.45460833789259802e+00	5	35	70	-2.18750000000000000e-01	-1.56250000000000000e-01	-3.43750000000000000e-01	28	29	26
3.50212159921187816e+00	848	spin_derivative	7.79561385756450687e+00	5.18222623493031276e-01	1.72740874497677099e+00	5	35	70	-2.18750000000000000e-01	-3.12500000000000000e-02	-4.68750000000000000e-01	28	31	24
3.50212159921187816e+00	848	Psi	3.38886028873462086e+00	4.70828724166230117e-01	1.56942908055410046e+00	5	48	96	-3.12500000000000000e-02	3.12500000000000000e-02	-4.68750000000000000e-01	31	0	24
3.50212159921187816e+00	848	Q	8.53616618241593272e+00	4.70828724166230117e-01	1.56942908055410046e+00	5	80	161	3.43750000000000000e-01	2.81250000000000000e-01	1.56250000000000000e-01	5	4	2
3.50212159921187816e+00	848	Delta	6.22600177333091054e+00	4.62457768342148190e-01	1.54152589447382726e+00	5	48	96	-1.56250000000000000e-01	1.56250000000000000e-01	-4.06250000000000000e-01	29	2	25
3.50212159921187816e+00	848	Pi	5.59309939188280403e+00	4.70828724166230117e-01	1.56942908055410046e+00	5	80	161	3.12500000000000000e-02	4.68750000000000000e-01	3.12500000000000000e-02	0	7	0
3.50212159921187816e+00	848	Phi	2.93311917434734104e+00	5.33085065913499356e-01	1.77695021971166467e+00	5	35	70	-5.31250000000000000e-01	-3.12500000000000000e-02	-3.12500000000000000e-02	23	31	31
3.50212159921187816e+00	848	GH_constraint	1.00805523771126060e-01	5.33085065913499356e-01	1.77695021971166467e+00	5	67	135	3.12500000000000000e-02	-3.12500000000000000e-02	5.31250000000000000e-01	0	31	8
3.50212159921187816e+00	848	reduction_constraint	1.68489897978007092e-02	4.62457768342148190e-01	1.54152589447382726e+00	5	67	135	1.56250000000000000e-01	-1.56250000000000000e-01	4.06250000000000000e-01	2	29	6
3.50212159921187816e+00	848	curl_constraint	2.61183724349058288e-01	4.62457768342148190e-01	1.54152589447382726e+00	5	61	122	-1.56250000000000000e-01	-1.56250000000000000e-01	4.06250000000000000e-01	29	29	6
3.50212159921187816e+00	848	source_curvature	1.20070196185858986e+01	5.18222623493031276e-01	1.72740874497677099e+00	5	41	83	1.56250000000000000e-01	-4.06250000000000000e-01	-2.81250000000000000e-01	2	25	27
3.50212159921187816e+00	848	source_QQ	2.29340064771733090e+01	4.70828724166230117e-01	1.56942908055410046e+00	5	80	161	3.43750000000000000e-01	2.81250000000000000e-01	1.56250000000000000e-01	5	4	2
3.50212159921187816e+00	848	source_DeltaDelta	1.07008789715158148e+01	4.62457768342148190e-01	1.54152589447382726e+00	5	35	70	-1.56250000000000000e-01	-1.56250000000000000e-01	-4.06250000000000000e-01	29	29	25
3.50212159921187816e+00	848	source_damping	0.00000000000000000e+00	4.13527130307069442e+01	1.37842376769023161e+02	3	0	0	-2.38750000000000000e+01	-2.38750000000000000e+01	-2.38750000000000000e+01	0	0	0
3.50212159921187816e+00	848	source_frame_correction	2.63305579398161260e+00	4.79053428648621604e-01	1.59684476216207205e+00	5	48	96	-3.12500000000000000e-02	4.68750000000000000e-01	-9.37500000000000000e-02	31	7	30
3.50212159921187816e+00	848	Psi_RHS_Linf	1.51350366376104239e+00	4.70828724166230117e-01	1.56942908055410046e+00	5	61	122	-3.12500000000000000e-02	-4.68750000000000000e-01	3.12500000000000000e-02	31	24	0
3.50212159921187816e+00	848	Pi_RHS_Linf	4.91465702495655066e+00	4.70828724166230117e-01	1.56942908055410046e+00	5	41	83	3.12500000000000000e-02	-4.68750000000000000e-01	-3.12500000000000000e-02	0	24	31
3.50212159921187816e+00	848	Phi_RHS_Linf	3.38157338558719323e+00	5.33085065913499356e-01	1.77695021971166467e+00	5	48	96	-3.12500000000000000e-02	5.31250000000000000e-01	-3.12500000000000000e-02	31	8	31
3.50212159921187816e+00	848	Hhat_RHS_Linf	0.00000000000000000e+00	4.13527130307069442e+01	1.37842376769023161e+02	3	0	0	-2.38750000000000000e+01	-2.38750000000000000e+01	-2.38750000000000000e+01	0	0	0
3.50212159921187816e+00	848	theta_RHS_Linf	0.00000000000000000e+00	4.13527130307069442e+01	1.37842376769023161e+02	3	0	0	-2.38750000000000000e+01	-2.38750000000000000e+01	-2.38750000000000000e+01	0	0	0
3.50212159921187816e+00	848	Upsilon_RHS_Linf	0.00000000000000000e+00	4.13527130307069442e+01	1.37842376769023161e+02	3	0	0	-2.38750000000000000e+01	-2.38750000000000000e+01	-2.38750000000000000e+01	0	0	0
3.50212159921187816e+00	848	chi_beta	7.58191794054362100e-01	5.33085065913499356e-01	1.77695021971166467e+00	5	48	96	-5.31250000000000000e-01	3.12500000000000000e-02	-3.12500000000000000e-02	23	0	31
3.50212159921187816e+00	848	chi_beta_near_r_lt_1	7.58191794054362100e-01	5.33085065913499356e-01	1.77695021971166467e+00	5	48	96	-5.31250000000000000e-01	3.12500000000000000e-02	-3.12500000000000000e-02	23	0	31
3.50212159921187816e+00	848	chi_beta_inner_r_lt_0p5	6.78541580857493720e-01	4.95093109929839348e-01	1.65031036643279783e+00	5	48	96	-3.12500000000000000e-02	1.56250000000000000e-01	-4.68750000000000000e-01	31	2	24
3.50212159921187816e+00	848	chi_beta_annulus_0p5_1	7.58191794054362100e-01	5.33085065913499356e-01	1.77695021971166467e+00	5	48	96	-5.31250000000000000e-01	3.12500000000000000e-02	-3.12500000000000000e-02	23	0	31
3.50212159921187816e+00	848	chi_beta_annulus_1_1p5	3.59664879306984153e-01	1.00146377243512918e+00	3.33821257478376410e+00	5	48	96	-4.68750000000000000e-01	5.93750000000000000e-01	-6.56250000000000000e-01	24	9	21
3.50212159921187816e+00	848	chi_beta_annulus_1p5_2	1.93376659004402762e-01	1.50097624481535341e+00	5.00325414938451196e+00	5	35	70	-2.18750000000000000e-01	-2.18750000000000000e-01	-1.46875000000000000e+00	28	28	8
3.50212159921187816e+00	848	chi_beta_outer_r_ge_2	1.20014905924532594e-01	2.00073228781363932e+00	6.66910762604546470e+00	5	61	122	-3.43750000000000000e-01	-9.37500000000000000e-02	1.96875000000000000e+00	26	30	31
3.50212159921187816e+00	848	chi_beta_first_ge_1	0.00000000000000000e+00	inf	0.00000000000000000e+00	0	0	0	0.00000000000000000e+00	0.00000000000000000e+00	0.00000000000000000e+00	0	0	0
3.52267290761598595e+00	853	reference_Ricci	5.35042354565492229e+00	5.25706370039397575e-01	1.75235456679799206e+00	5	35	70	-2.81250000000000000e-01	-2.81250000000000000e-01	-3.43750000000000000e-01	27	27	26
3.52267290761598595e+00	853	reference_Riemann	7.19892976853976219e+00	5.18222623493031276e-01	1.72740874497677099e+00	5	35	70	-4.68750000000000000e-01	-1.56250000000000000e-01	-1.56250000000000000e-01	24	29	29
3.52267290761598595e+00	853	spin_connection	2.45020584884784309e+00	4.36382501367779396e-01	1.45460833789259802e+00	5	35	70	-1.56250000000000000e-01	-2.18750000000000000e-01	-3.43750000000000000e-01	29	28	26
3.52267290761598595e+00	853	spin_derivative	7.90212856814122588e+00	5.18222623493031276e-01	1.72740874497677099e+00	5	35	70	-1.56250000000000000e-01	-1.56250000000000000e-01	-4.68750000000000000e-01	29	29	24
3.52267290761598595e+00	853	Psi	3.42086183356175599e+00	4.70828724166230117e-01	1.56942908055410046e+00	5	48	96	-3.12500000000000000e-02	3.12500000000000000e-02	-4.68750000000000000e-01	31	0	24
3.52267290761598595e+00	853	Q	8.74892136904166229e+00	4.70828724166230117e-01	1.56942908055410046e+00	5	80	161	3.43750000000000000e-01	2.81250000000000000e-01	1.56250000000000000e-01	5	4	2
3.52267290761598595e+00	853	Delta	6.37578595064974696e+00	4.70828724166230117e-01	1.56942908055410046e+00	5	54	109	9.37500000000000000e-02	2.18750000000000000e-01	-4.06250000000000000e-01	1	3	25
3.52267290761598595e+00	853	Pi	5.68989486657503551e+00	4.70828724166230117e-01	1.56942908055410046e+00	5	80	161	3.12500000000000000e-02	4.68750000000000000e-01	3.12500000000000000e-02	0	7	0
3.52267290761598595e+00	853	Phi	3.01184441994009644e+00	5.33085065913499356e-01	1.77695021971166467e+00	5	54	109	5.31250000000000000e-01	3.12500000000000000e-02	-3.12500000000000000e-02	8	0	31
3.52267290761598595e+00	853	GH_constraint	1.07856834560278753e-01	5.33085065913499356e-01	1.77695021971166467e+00	5	67	135	3.12500000000000000e-02	-3.12500000000000000e-02	5.31250000000000000e-01	0	31	8
3.52267290761598595e+00	853	reduction_constraint	1.74737884336451411e-02	4.62457768342148190e-01	1.54152589447382726e+00	5	67	135	1.56250000000000000e-01	-1.56250000000000000e-01	4.06250000000000000e-01	2	29	6
3.52267290761598595e+00	853	curl_constraint	2.66429002346963317e-01	4.62457768342148190e-01	1.54152589447382726e+00	5	61	122	-1.56250000000000000e-01	-1.56250000000000000e-01	4.06250000000000000e-01	29	29	6
3.52267290761598595e+00	853	source_curvature	1.21908705442315775e+01	5.18222623493031276e-01	1.72740874497677099e+00	5	41	83	1.56250000000000000e-01	-4.06250000000000000e-01	-2.81250000000000000e-01	2	25	27
3.52267290761598595e+00	853	source_QQ	2.35848956904443412e+01	4.70828724166230117e-01	1.56942908055410046e+00	5	80	161	3.43750000000000000e-01	2.81250000000000000e-01	1.56250000000000000e-01	5	4	2
3.52267290761598595e+00	853	source_DeltaDelta	1.09401811952604184e+01	4.62457768342148190e-01	1.54152589447382726e+00	5	48	96	-1.56250000000000000e-01	1.56250000000000000e-01	-4.06250000000000000e-01	29	2	25
3.52267290761598595e+00	853	source_damping	0.00000000000000000e+00	4.13527130307069442e+01	1.37842376769023161e+02	3	0	0	-2.38750000000000000e+01	-2.38750000000000000e+01	-2.38750000000000000e+01	0	0	0
3.52267290761598595e+00	853	source_frame_correction	2.71725812945575651e+00	4.79053428648621604e-01	1.59684476216207205e+00	5	48	96	-3.12500000000000000e-02	4.68750000000000000e-01	-9.37500000000000000e-02	31	7	30
3.52267290761598595e+00	853	Psi_RHS_Linf	1.55077264662866954e+00	4.70828724166230117e-01	1.56942908055410046e+00	5	48	96	-3.12500000000000000e-02	4.68750000000000000e-01	-3.12500000000000000e-02	31	7	31
3.52267290761598595e+00	853	Pi_RHS_Linf	5.06950787110678558e+00	4.70828724166230117e-01	1.56942908055410046e+00	5	41	83	3.12500000000000000e-02	-4.68750000000000000e-01	-3.12500000000000000e-02	0	24	31
3.52267290761598595e+00	853	Phi_RHS_Linf	3.49070912621480689e+00	5.33085065913499356e-01	1.77695021971166467e+00	5	41	83	3.12500000000000000e-02	-5.31250000000000000e-01	-3.12500000000000000e-02	0	23	31
3.52267290761598595e+00	853	Hhat_RHS_Linf	0.00000000000000000e+00	4.13527130307069442e+01	1.37842376769023161e+02	3	0	0	-2.38750000000000000e+01	-2.38750000000000000e+01	-2.38750000000000000e+01	0	0	0
3.52267290761598595e+00	853	theta_RHS_Linf	0.00000000000000000e+00	4.13527130307069442e+01	1.37842376769023161e+02	3	0	0	-2.38750000000000000e+01	-2.38750000000000000e+01	-2.38750000000000000e+01	0	0	0
3.52267290761598595e+00	853	Upsilon_RHS_Linf	0.00000000000000000e+00	4.13527130307069442e+01	1.37842376769023161e+02	3	0	0	-2.38750000000000000e+01	-2.38750000000000000e+01	-2.38750000000000000e+01	0	0	0
3.52267290761598595e+00	853	chi_beta	7.67780641950298826e-01	5.33085065913499356e-01	1.77695021971166467e+00	5	67	135	3.12500000000000000e-02	-3.12500000000000000e-02	5.31250000000000000e-01	0	31	8
3.52267290761598595e+00	853	chi_beta_near_r_lt_1	7.67780641950298826e-01	5.33085065913499356e-01	1.77695021971166467e+00	5	67	135	3.12500000000000000e-02	-3.12500000000000000e-02	5.31250000000000000e-01	0	31	8
3.52267290761598595e+00	853	chi_beta_inner_r_lt_0p5	6.87429908511234311e-01	4.95093109929839348e-01	1.65031036643279783e+00	5	74	148	-4.68750000000000000e-01	3.12500000000000000e-02	1.56250000000000000e-01	24	0	2
3.52267290761598595e+00	853	chi_beta_annulus_0p5_1	7.67780641950298826e-01	5.33085065913499356e-01	1.77695021971166467e+00	5	67	135	3.12500000000000000e-02	-3.12500000000000000e-02	5.31250000000000000e-01	0	31	8
3.52267290761598595e+00	853	chi_beta_annulus_1_1p5	3.64113447977225224e-01	1.00146377243512918e+00	3.33821257478376410e+00	5	54	109	4.68750000000000000e-01	5.93750000000000000e-01	-6.56250000000000000e-01	7	9	21
3.52267290761598595e+00	853	chi_beta_annulus_1p5_2	1.95755862239576889e-01	1.50097624481535341e+00	5.00325414938451196e+00	5	61	122	-1.46875000000000000e+00	-2.18750000000000000e-01	2.18750000000000000e-01	8	28	3
3.52267290761598595e+00	853	chi_beta_outer_r_ge_2	1.21486770749642856e-01	2.00073228781363932e+00	6.66910762604546470e+00	5	61	122	-3.43750000000000000e-01	-9.37500000000000000e-02	1.96875000000000000e+00	26	30	31
3.52267290761598595e+00	853	chi_beta_first_ge_1	0.00000000000000000e+00	inf	0.00000000000000000e+00	0	0	0	0.00000000000000000e+00	0.00000000000000000e+00	0.00000000000000000e+00	0	0	0
3.54322252203977550e+00	858	reference_Ricci	5.42256223463171150e+00	5.25706370039397575e-01	1.75235456679799206e+00	5	35	70	-3.43750000000000000e-01	-2.81250000000000000e-01	-2.81250000000000000e-01	26	27	27
3.54322252203977550e+00	858	reference_Riemann	7.30217106798741700e+00	5.18222623493031276e-01	1.72740874497677099e+00	5	35	70	-1.56250000000000000e-01	-2.81250000000000000e-01	-4.06250000000000000e-01	29	27	25
3.54322252203977550e+00	858	spin_connection	2.46872231274532927e+00	4.36382501367779396e-01	1.45460833789259802e+00	5	35	70	-1.56250000000000000e-01	-2.18750000000000000e-01	-3.43750000000000000e-01	29	28	26
3.54322252203977550e+00	858	spin_derivative	8.00948571305718993e+00	5.18222623493031276e-01	1.72740874497677099e+00	5	35	70	-1.56250000000000000e-01	-2.81250000000000000e-01	-4.06250000000000000e-01	29	27	25
3.54322252203977550e+00	858	Psi	3.45353080788787281e+00	4.70828724166230117e-01	1.56942908055410046e+00	5	48	96	-3.12500000000000000e-02	3.12500000000000000e-02	-4.68750000000000000e-01	31	0	24
3.54322252203977550e+00	858	Q	8.96932489500163044e+00	4.70828724166230117e-01	1.56942908055410046e+00	5	80	161	3.43750000000000000e-01	2.81250000000000000e-01	1.56250000000000000e-01	5	4	2
3.54322252203977550e+00	858	Delta	6.53529459926833312e+00	4.70828724166230117e-01	1.56942908055410046e+00	5	54	109	9.37500000000000000e-02	2.18750000000000000e-01	-4.06250000000000000e-01	1	3	25
3.54322252203977550e+00	858	Pi	5.78960657028485226e+00	4.70828724166230117e-01	1.56942908055410046e+00	5	80	161	3.12500000000000000e-02	4.68750000000000000e-01	3.12500000000000000e-02	0	7	0
3.54322252203977550e+00	858	Phi	3.09277070449914016e+00	5.33085065913499356e-01	1.77695021971166467e+00	5	54	109	5.31250000000000000e-01	3.12500000000000000e-02	-3.12500000000000000e-02	8	0	31
3.54322252203977550e+00	858	GH_constraint	1.15351064757579572e-01	5.33085065913499356e-01	1.77695021971166467e+00	5	67	135	5.31250000000000000e-01	-3.12500000000000000e-02	3.12500000000000000e-02	8	31	0
3.54322252203977550e+00	858	reduction_constraint	1.81149093872771914e-02	4.62457768342148190e-01	1.54152589447382726e+00	5	67	135	1.56250000000000000e-01	-1.56250000000000000e-01	4.06250000000000000e-01	2	29	6
3.54322252203977550e+00	858	curl_constraint	2.71667841308823155e-01	4.62457768342148190e-01	1.54152589447382726e+00	5	61	122	-1.56250000000000000e-01	-1.56250000000000000e-01	4.06250000000000000e-01	29	29	6
3.54322252203977550e+00	858	source_curvature	1.23783910362136673e+01	5.18222623493031276e-01	1.72740874497677099e+00	5	41	83	1.56250000000000000e-01	-4.06250000000000000e-01	-2.81250000000000000e-01	2	25	27
3.54322252203977550e+00	858	source_QQ	2.42617738611229008e+01	4.70828724166230117e-01	1.56942908055410046e+00	5	80	161	3.43750000000000000e-01	2.81250000000000000e-01	1.56250000000000000e-01	5	4	2
3.54322252203977550e+00	858	source_DeltaDelta	1.12095428181795747e+01	4.70828724166230117e-01	1.56942908055410046e+00	5	80	161	3.43750000000000000e-01	2.81250000000000000e-01	1.56250000000000000e-01	5	4	2
3.54322252203977550e+00	858	source_damping	0.00000000000000000e+00	4.13527130307069442e+01	1.37842376769023161e+02	3	0	0	-2.38750000000000000e+01	-2.38750000000000000e+01	-2.38750000000000000e+01	0	0	0
3.54322252203977550e+00	858	source_frame_correction	2.80397385231802510e+00	4.79053428648621604e-01	1.59684476216207205e+00	5	48	96	-3.12500000000000000e-02	4.68750000000000000e-01	-9.37500000000000000e-02	31	7	30
3.54322252203977550e+00	858	Psi_RHS_Linf	1.58927102821090749e+00	4.70828724166230117e-01	1.56942908055410046e+00	5	80	161	3.12500000000000000e-02	4.68750000000000000e-01	3.12500000000000000e-02	0	7	0
3.54322252203977550e+00	858	Pi_RHS_Linf	5.23156473130190847e+00	4.70828724166230117e-01	1.56942908055410046e+00	5	41	83	3.12500000000000000e-02	-4.68750000000000000e-01	-3.12500000000000000e-02	0	24	31
3.54322252203977550e+00	858	Phi_RHS_Linf	3.60389836380548978e+00	5.33085065913499356e-01	1.77695021971166467e+00	5	41	83	3.12500000000000000e-02	-5.31250000000000000e-01	-3.12500000000000000e-02	0	23	31
3.54322252203977550e+00	858	Hhat_RHS_Linf	0.00000000000000000e+00	4.13527130307069442e+01	1.37842376769023161e+02	3	0	0	-2.38750000000000000e+01	-2.38750000000000000e+01	-2.38750000000000000e+01	0	0	0
3.54322252203977550e+00	858	theta_RHS_Linf	0.00000000000000000e+00	4.13527130307069442e+01	1.37842376769023161e+02	3	0	0	-2.38750000000000000e+01	-2.38750000000000000e+01	-2.38750000000000000e+01	0	0	0
3.54322252203977550e+00	858	Upsilon_RHS_Linf	0.00000000000000000e+00	4.13527130307069442e+01	1.37842376769023161e+02	3	0	0	-2.38750000000000000e+01	-2.38750000000000000e+01	-2.38750000000000000e+01	0	0	0
3.54322252203977550e+00	858	chi_beta	7.77393429820581128e-01	5.33085065913499356e-01	1.77695021971166467e+00	5	48	96	-5.31250000000000000e-01	3.12500000000000000e-02	-3.12500000000000000e-02	23	0	31
3.54322252203977550e+00	858	chi_beta_near_r_lt_1	7.77393429820581128e-01	5.33085065913499356e-01	1.77695021971166467e+00	5	48	96	-5.31250000000000000e-01	3.12500000000000000e-02	-3.12500000000000000e-02	23	0	31
3.54322252203977550e+00	858	chi_beta_inner_r_lt_0p5	6.96381753808527182e-01	4.95093109929839348e-01	1.65031036643279783e+00	5	74	148	-4.68750000000000000e-01	3.12500000000000000e-02	1.56250000000000000e-01	24	0	2
3.54322252203977550e+00	858	chi_beta_annulus_0p5_1	7.77393429820581128e-01	5.33085065913499356e-01	1.77695021971166467e+00	5	48	96	-5.31250000000000000e-01	3.12500000000000000e-02	-3.12500000000000000e-02	23	0	31
3.54322252203977550e+00	858	chi_beta_annulus_1_1p5	3.68569160020765840e-01	1.00146377243512918e+00	3.33821257478376410e+00	5	35	70	-6.56250000000000000e-01	-4.68750000000000000e-01	-5.93750000000000000e-01	21	24	22
3.54322252203977550e+00	858	chi_beta_annulus_1p5_2	1.98138834522482127e-01	1.50097624481535341e+00	5.00325414938451196e+00	5	41	83	2.18750000000000000e-01	-1.46875000000000000e+00	-2.18750000000000000e-01	3	8	28
3.54322252203977550e+00	858	chi_beta_outer_r_ge_2	1.22961222428727396e-01	2.00073228781363932e+00	6.66910762604546470e+00	5	61	122	-3.43750000000000000e-01	-9.37500000000000000e-02	1.96875000000000000e+00	26	30	31
3.54322252203977550e+00	858	chi_beta_first_ge_1	0.00000000000000000e+00	inf	0.00000000000000000e+00	0	0	0	0.00000000000000000e+00	0.00000000000000000e+00	0.00000000000000000e+00	0	0	0
3.56377043824930873e+00	863	reference_Ricci	5.49545967349081010e+00	5.25706370039397575e-01	1.75235456679799206e+00	5	35	70	-3.43750000000000000e-01	-2.81250000000000000e-01	-2.81250000000000000e-01	26	27	27
3.56377043824930873e+00	863	reference_Riemann	7.41558888092343516e+00	5.25706370039397575e-01	1.75235456679799206e+00	5	35	70	-3.43750000000000000e-01	-2.81250000000000000e-01	-2.81250000000000000e-01	26	27	27
3.56377043824930873e+00	863	spin_connection	2.48730933530188336e+00	4.36382501367779396e-01	1.45460833789259802e+00	5	35	70	-3.12500000000000000e-02	-4.06250000000000000e-01	-1.56250000000000000e-01	31	25	29
3.56377043824930873e+00	863	spin_derivative	8.11767946768823201e+00	5.18222623493031276e-01	1.72740874497677099e+00	5	35	70	-4.06250000000000000e-01	-1.56250000000000000e-01	-2.81250000000000000e-01	25	29	27
3.56377043824930873e+00	863	Psi	3.48688561416563703e+00	4.70828724166230117e-01	1.56942908055410046e+00	5	48	96	-3.12500000000000000e-02	3.12500000000000000e-02	-4.68750000000000000e-01	31	0	24
3.56377043824930873e+00	863	Q	9.19778476814973445e+00	4.70828724166230117e-01	1.56942908055410046e+00	5	80	161	3.43750000000000000e-01	2.81250000000000000e-01	1.56250000000000000e-01	5	4	2
3.56377043824930873e+00	863	Delta	6.70023325519402579e+00	4.70828724166230117e-01	1.56942908055410046e+00	5	54	109	9.37500000000000000e-02	2.18750000000000000e-01	-4.06250000000000000e-01	1	3	25
3.56377043824930873e+00	863	Pi	5.89241138322451885e+00	4.70828724166230117e-01	1.56942908055410046e+00	5	80	161	3.12500000000000000e-02	4.68750000000000000e-01	3.12500000000000000e-02	0	7	0
3.56377043824930873e+00	863	Phi	3.17598027160174734e+00	5.33085065913499356e-01	1.77695021971166467e+00	5	35	70	-5.31250000000000000e-01	-3.12500000000000000e-02	-3.12500000000000000e-02	23	31	31
3.56377043824930873e+00	863	GH_constraint	1.23316374881445076e-01	5.33085065913499356e-01	1.77695021971166467e+00	5	67	135	3.12500000000000000e-02	-3.12500000000000000e-02	5.31250000000000000e-01	0	31	8
3.56377043824930873e+00	863	reduction_constraint	1.87723790572678420e-02	4.62457768342148190e-01	1.54152589447382726e+00	5	67	135	1.56250000000000000e-01	-1.56250000000000000e-01	4.06250000000000000e-01	2	29	6
3.56377043824930873e+00	863	curl_constraint	2.76912110399852585e-01	4.62457768342148190e-01	1.54152589447382726e+00	5	61	122	-1.56250000000000000e-01	-1.56250000000000000e-01	4.06250000000000000e-01	29	29	6
3.56377043824930873e+00	863	source_curvature	1.25696702704559495e+01	5.18222623493031276e-01	1.72740874497677099e+00	5	41	83	1.56250000000000000e-01	-4.06250000000000000e-01	-2.81250000000000000e-01	2	25	27
3.56377043824930873e+00	863	source_QQ	2.49660304578212120e+01	4.70828724166230117e-01	1.56942908055410046e+00	5	80	161	3.43750000000000000e-01	2.81250000000000000e-01	1.56250000000000000e-01	5	4	2
3.56377043824930873e+00	863	source_DeltaDelta	1.14923332187648644e+01	4.70828724166230117e-01	1.56942908055410046e+00	5	80	161	3.43750000000000000e-01	2.81250000000000000e-01	1.56250000000000000e-01	5	4	2
3.56377043824930873e+00	863	source_damping	0.00000000000000000e+00	4.13527130307069442e+01	1.37842376769023161e+02	3	0	0	-2.38750000000000000e+01	-2.38750000000000000e+01	-2.38750000000000000e+01	0	0	0
3.56377043824930873e+00	863	source_frame_correction	2.89326794194550319e+00	4.79053428648621604e-01	1.59684476216207205e+00	5	67	135	9.37500000000000000e-02	-3.12500000000000000e-02	4.68750000000000000e-01	1	31	7
3.56377043824930873e+00	863	Psi_RHS_Linf	1.62905458170346074e+00	4.70828724166230117e-01	1.56942908055410046e+00	5	74	148	-3.12500000000000000e-02	4.68750000000000000e-01	3.12500000000000000e-02	31	7	0
3.56377043824930873e+00	863	Pi_RHS_Linf	5.40118731952925923e+00	4.70828724166230117e-01	1.56942908055410046e+00	5	41	83	3.12500000000000000e-02	-4.68750000000000000e-01	-3.12500000000000000e-02	0	24	31
3.56377043824930873e+00	863	Phi_RHS_Linf	3.72129526678405309e+00	5.33085065913499356e-01	1.77695021971166467e+00	5	74	148	-3.12500000000000000e-02	5.31250000000000000e-01	3.12500000000000000e-02	31	8	0
3.56377043824930873e+00	863	Hhat_RHS_Linf	0.00000000000000000e+00	4.13527130307069442e+01	1.37842376769023161e+02	3	0	0	-2.38750000000000000e+01	-2.38750000000000000e+01	-2.38750000000000000e+01	0	0	0
3.56377043824930873e+00	863	theta_RHS_Linf	0.00000000000000000e+00	4.13527130307069442e+01	1.37842376769023161e+02	3	0	0	-2.38750000000000000e+01	-2.38750000000000000e+01	-2.38750000000000000e+01	0	0	0
3.56377043824930873e+00	863	Upsilon_RHS_Linf	0.00000000000000000e+00	4.13527130307069442e+01	1.37842376769023161e+02	3	0	0	-2.38750000000000000e+01	-2.38750000000000000e+01	-2.38750000000000000e+01	0	0	0
3.56377043824930873e+00	863	chi_beta	7.87027467568755190e-01	5.33085065913499356e-01	1.77695021971166467e+00	5	74	148	-3.12500000000000000e-02	3.12500000000000000e-02	5.31250000000000000e-01	31	0	8
3.56377043824930873e+00	863	chi_beta_near_r_lt_1	7.87027467568755190e-01	5.33085065913499356e-01	1.77695021971166467e+00	5	74	148	-3.12500000000000000e-02	3.12500000000000000e-02	5.31250000000000000e-01	31	0	8
3.56377043824930873e+00	863	chi_beta_inner_r_lt_0p5	7.05397474694531512e-01	4.95093109929839348e-01	1.65031036643279783e+00	5	48	96	-3.12500000000000000e-02	1.56250000000000000e-01	-4.68750000000000000e-01	31	2	24
3.56377043824930873e+00	863	chi_beta_annulus_0p5_1	7.87027467568755190e-01	5.33085065913499356e-01	1.77695021971166467e+00	5	74	148	-3.12500000000000000e-02	3.12500000000000000e-02	5.31250000000000000e-01	31	0	8
3.56377043824930873e+00	863	chi_beta_annulus_1_1p5	3.73031341478194778e-01	1.00146377243512918e+00	3.33821257478376410e+00	5	80	161	5.93750000000000000e-01	4.68750000000000000e-01	6.56250000000000000e-01	9	7	10
3.56377043824930873e+00	863	chi_beta_annulus_1p5_2	2.00525232148633548e-01	1.50097624481535341e+00	5.00325414938451196e+00	5	41	83	2.18750000000000000e-01	-1.46875000000000000e+00	-2.18750000000000000e-01	3	8	28
3.56377043824930873e+00	863	chi_beta_outer_r_ge_2	1.24438061098168587e-01	2.00073228781363932e+00	6.66910762604546470e+00	5	35	70	-1.96875000000000000e+00	-9.37500000000000000e-02	-3.43750000000000000e-01	0	30	26
3.56377043824930873e+00	863	chi_beta_first_ge_1	0.00000000000000000e+00	inf	0.00000000000000000e+00	0	0	0	0.00000000000000000e+00	0.00000000000000000e+00	0.00000000000000000e+00	0	0	0
3.58020754576607780e+00	867	reference_Ricci	5.55432082194993448e+00	5.25706370039397575e-01	1.75235456679799206e+00	5	35	70	-3.43750000000000000e-01	-2.81250000000000000e-01	-2.81250000000000000e-01	26	27	27
3.58020754576607780e+00	867	reference_Riemann	7.50773931859729160e+00	5.25706370039397575e-01	1.75235456679799206e+00	5	35	70	-4.68750000000000000e-01	-9.37500000000000000e-02	-2.18750000000000000e-01	24	30	28
3.58020754576607780e+00	867	spin_connection	2.50222771309475389e+00	4.36382501367779396e-01	1.45460833789259802e+00	5	35	70	-4.06250000000000000e-01	-1.56250000000000000e-01	-3.12500000000000000e-02	25	29	31
3.58020754576607780e+00	867	spin_derivative	8.20483273530111035e+00	5.18222623493031276e-01	1.72740874497677099e+00	5	35	70	-2.81250000000000000e-01	-4.06250000000000000e-01	-1.56250000000000000e-01	27	25	29
3.58020754576607780e+00	867	Psi	3.51407629216179895e+00	4.70828724166230117e-01	1.56942908055410046e+00	5	35	70	-3.12500000000000000e-02	-3.12500000000000000e-02	-4.68750000000000000e-01	31	31	24
3.58020754576607780e+00	867	Q	9.38664367721166748e+00	4.70828724166230117e-01	1.56942908055410046e+00	5	80	161	3.43750000000000000e-01	2.81250000000000000e-01	1.56250000000000000e-01	5	4	2
3.58020754576607780e+00	867	Delta	6.83626669742095849e+00	4.70828724166230117e-01	1.56942908055410046e+00	5	54	109	9.37500000000000000e-02	2.18750000000000000e-01	-4.06250000000000000e-01	1	3	25
3.58020754576607780e+00	867	Pi	5.97700793616710069e+00	4.70828724166230117e-01	1.56942908055410046e+00	5	80	161	3.12500000000000000e-02	4.68750000000000000e-01	3.12500000000000000e-02	0	7	0
3.58020754576607780e+00	867	Phi	3.24424952411857204e+00	5.33085065913499356e-01	1.77695021971166467e+00	5	35	70	-3.12500000000000000e-02	-3.12500000000000000e-02	-5.31250000000000000e-01	31	31	23
3.58020754576607780e+00	867	GH_constraint	1.30048042722542084e-01	5.33085065913499356e-01	1.77695021971166467e+00	5	67	135	5.31250000000000000e-01	-3.12500000000000000e-02	3.12500000000000000e-02	8	31	0
3.58020754576607780e+00	867	reduction_constraint	1.93101438082951965e-02	4.62457768342148190e-01	1.54152589447382726e+00	5	67	135	1.56250000000000000e-01	-1.56250000000000000e-01	4.06250000000000000e-01	2	29	6
3.58020754576607780e+00	867	curl_constraint	2.81121839420615527e-01	4.62457768342148190e-01	1.54152589447382726e+00	5	61	122	-1.56250000000000000e-01	-1.56250000000000000e-01	4.06250000000000000e-01	29	29	6
3.58020754576607780e+00	867	source_curvature	1.27254607948755751e+01	5.18222623493031276e-01	1.72740874497677099e+00	5	41	83	1.56250000000000000e-01	-4.06250000000000000e-01	-2.81250000000000000e-01	2	25	27
3.58020754576607780e+00	867	source_QQ	2.55501269182396094e+01	4.70828724166230117e-01	1.56942908055410046e+00	5	80	161	3.43750000000000000e-01	2.81250000000000000e-01	1.56250000000000000e-01	5	4	2
3.58020754576607780e+00	867	source_DeltaDelta	1.17253561370049635e+01	4.70828724166230117e-01	1.56942908055410046e+00	5	80	161	3.43750000000000000e-01	2.81250000000000000e-01	1.56250000000000000e-01	5	4	2
3.58020754576607780e+00	867	source_damping	0.00000000000000000e+00	4.13527130307069442e+01	1.37842376769023161e+02	3	0	0	-2.38750000000000000e+01	-2.38750000000000000e+01	-2.38750000000000000e+01	0	0	0
3.58020754576607780e+00	867	source_frame_correction	2.96660474868314505e+00	4.79053428648621604e-01	1.59684476216207205e+00	5	67	135	9.37500000000000000e-02	-3.12500000000000000e-02	4.68750000000000000e-01	1	31	7
3.58020754576607780e+00	867	Psi_RHS_Linf	1.66184598447045895e+00	4.70828724166230117e-01	1.56942908055410046e+00	5	74	148	-3.12500000000000000e-02	4.68750000000000000e-01	3.12500000000000000e-02	31	7	0
3.58020754576607780e+00	867	Pi_RHS_Linf	5.54258504191528090e+00	4.70828724166230117e-01	1.56942908055410046e+00	5	41	83	3.12500000000000000e-02	-4.68750000000000000e-01	-3.12500000000000000e-02	0	24	31
3.58020754576607780e+00	867	Phi_RHS_Linf	3.81834853548899211e+00	5.33085065913499356e-01	1.77695021971166467e+00	5	74	148	-3.12500000000000000e-02	5.31250000000000000e-01	3.12500000000000000e-02	31	8	0
3.58020754576607780e+00	867	Hhat_RHS_Linf	0.00000000000000000e+00	4.13527130307069442e+01	1.37842376769023161e+02	3	0	0	-2.38750000000000000e+01	-2.38750000000000000e+01	-2.38750000000000000e+01	0	0	0
3.58020754576607780e+00	867	theta_RHS_Linf	0.00000000000000000e+00	4.13527130307069442e+01	1.37842376769023161e+02	3	0	0	-2.38750000000000000e+01	-2.38750000000000000e+01	-2.38750000000000000e+01	0	0	0
3.58020754576607780e+00	867	Upsilon_RHS_Linf	0.00000000000000000e+00	4.13527130307069442e+01	1.37842376769023161e+02	3	0	0	-2.38750000000000000e+01	-2.38750000000000000e+01	-2.38750000000000000e+01	0	0	0
3.58020754576607780e+00	867	chi_beta	7.94748091083355424e-01	5.33085065913499356e-01	1.77695021971166467e+00	5	74	148	-3.12500000000000000e-02	3.12500000000000000e-02	5.31250000000000000e-01	31	0	8
3.58020754576607780e+00	867	chi_beta_near_r_lt_1	7.94748091083355424e-01	5.33085065913499356e-01	1.77695021971166467e+00	5	74	148	-3.12500000000000000e-02	3.12500000000000000e-02	5.31250000000000000e-01	31	0	8
3.58020754576607780e+00	867	chi_beta_inner_r_lt_0p5	7.12656267877906591e-01	4.95093109929839348e-01	1.65031036643279783e+00	5	48	96	-4.68750000000000000e-01	1.56250000000000000e-01	-3.12500000000000000e-02	24	2	31
3.58020754576607780e+00	867	chi_beta_annulus_0p5_1	7.94748091083355424e-01	5.33085065913499356e-01	1.77695021971166467e+00	5	74	148	-3.12500000000000000e-02	3.12500000000000000e-02	5.31250000000000000e-01	31	0	8
3.58020754576607780e+00	867	chi_beta_annulus_1_1p5	3.76605290051031660e-01	1.00146377243512918e+00	3.33821257478376410e+00	5	67	135	4.68750000000000000e-01	-5.93750000000000000e-01	6.56250000000000000e-01	7	22	10
3.58020754576607780e+00	867	chi_beta_annulus_1p5_2	2.02436584987396612e-01	1.50097624481535341e+00	5.00325414938451196e+00	5	41	83	2.18750000000000000e-01	-1.46875000000000000e+00	-2.18750000000000000e-01	3	8	28
3.58020754576607780e+00	867	chi_beta_outer_r_ge_2	1.25621116008019534e-01	2.00073228781363932e+00	6.66910762604546470e+00	5	61	122	-3.43750000000000000e-01	-9.37500000000000000e-02	1.96875000000000000e+00	26	30	31
3.58020754576607780e+00	867	chi_beta_first_ge_1	0.00000000000000000e+00	inf	0.00000000000000000e+00	0	0	0	0.00000000000000000e+00	0.00000000000000000e+00	0.00000000000000000e+00	0	0	0
3.60075239506383094e+00	872	reference_Ricci	5.62857211433535731e+00	5.25706370039397575e-01	1.75235456679799206e+00	5	35	70	-9.37500000000000000e-02	-2.18750000000000000e-01	-4.68750000000000000e-01	30	28	24
3.60075239506383094e+00	872	reference_Riemann	7.62414813062615693e+00	5.25706370039397575e-01	1.75235456679799206e+00	5	35	70	-9.37500000000000000e-02	-2.18750000000000000e-01	-4.68750000000000000e-01	30	28	24
3.60075239506383094e+00	872	spin_connection	2.52093408645608719e+00	4.36382501367779396e-01	1.45460833789259802e+00	5	35	70	-4.06250000000000000e-01	-3.12500000000000000e-02	-1.56250000000000000e-01	25	31	29
3.60075239506383094e+00	872	spin_derivative	8.31451680218547651e+00	5.18222623493031276e-01	1.72740874497677099e+00	5	35	70	-4.68750000000000000e-01	-1.56250000000000000e-01	-1.56250000000000000e-01	24	29	29
3.60075239506383094e+00	872	Psi	3.54871536618254080e+00	4.70828724166230117e-01	1.56942908055410046e+00	5	74	148	-4.68750000000000000e-01	3.12500000000000000e-02	3.12500000000000000e-02	24	0	0
3.60075239506383094e+00	872	Q	9.63071569072517875e+00	4.70828724166230117e-01	1.56942908055410046e+00	5	80	161	3.43750000000000000e-01	2.81250000000000000e-01	1.56250000000000000e-01	5	4	2
3.60075239506383094e+00	872	Delta	7.01163901350060303e+00	4.70828724166230117e-01	1.56942908055410046e+00	5	54	109	9.37500000000000000e-02	2.18750000000000000e-01	-4.06250000000000000e-01	1	3	25
3.60075239506383094e+00	872	Pi	6.08586043244684838e+00	4.70828724166230117e-01	1.56942908055410046e+00	5	80	161	3.12500000000000000e-02	4.68750000000000000e-01	3.12500000000000000e-02	0	7	0
3.60075239506383094e+00	872	Phi	3.33178818698893764e+00	5.33085065913499356e-01	1.77695021971166467e+00	5	48	96	-3.12500000000000000e-02	5.31250000000000000e-01	-3.12500000000000000e-02	31	8	31
3.60075239506383094e+00	872	GH_constraint	1.38938986700388095e-01	5.33085065913499356e-01	1.77695021971166467e+00	5	67	135	5.31250000000000000e-01	-3.12500000000000000e-02	3.12500000000000000e-02	8	31	0
3.60075239506383094e+00	872	reduction_constraint	1.99971133007426256e-02	4.62457768342148190e-01	1.54152589447382726e+00	5	67	135	1.56250000000000000e-01	-1.56250000000000000e-01	4.06250000000000000e-01	2	29	6
3.60075239506383094e+00	872	curl_constraint	2.86418321292026712e-01	4.62457768342148190e-01	1.54152589447382726e+00	5	61	122	-1.56250000000000000e-01	-1.56250000000000000e-01	4.06250000000000000e-01	29	29	6
3.60075239506383094e+00	872	source_curvature	1.29237349327972080e+01	5.18222623493031276e-01	1.72740874497677099e+00	5	41	83	1.56250000000000000e-01	-4.06250000000000000e-01	-2.81250000000000000e-01	2	25	27
3.60075239506383094e+00	872	source_QQ	2.63073935242254393e+01	4.70828724166230117e-01	1.56942908055410046e+00	5	80	161	3.43750000000000000e-01	2.81250000000000000e-01	1.56250000000000000e-01	5	4	2
3.60075239506383094e+00	872	source_DeltaDelta	1.20254831111221208e+01	4.70828724166230117e-01	1.56942908055410046e+00	5	80	161	3.43750000000000000e-01	2.81250000000000000e-01	1.56250000000000000e-01	5	4	2
3.60075239506383094e+00	872	source_damping	0.00000000000000000e+00	4.13527130307069442e+01	1.37842376769023161e+02	3	0	0	-2.38750000000000000e+01	-2.38750000000000000e+01	-2.38750000000000000e+01	0	0	0
3.60075239506383094e+00	872	source_frame_correction	3.06071108628995381e+00	4.79053428648621604e-01	1.59684476216207205e+00	5	67	135	9.37500000000000000e-02	-3.12500000000000000e-02	4.68750000000000000e-01	1	31	7
3.60075239506383094e+00	872	Psi_RHS_Linf	1.70409227156633580e+00	4.70828724166230117e-01	1.56942908055410046e+00	5	74	148	-3.12500000000000000e-02	4.68750000000000000e-01	3.12500000000000000e-02	31	7	0
3.60075239506383094e+00	872	Pi_RHS_Linf	5.72678590578460778e+00	4.70828724166230117e-01	1.56942908055410046e+00	5	41	83	3.12500000000000000e-02	-4.68750000000000000e-01	-3.12500000000000000e-02	0	24	31
3.60075239506383094e+00	872	Phi_RHS_Linf	3.94372080410048698e+00	5.33085065913499356e-01	1.77695021971166467e+00	5	54	109	3.12500000000000000e-02	5.31250000000000000e-01	-3.12500000000000000e-02	0	8	31
3.60075239506383094e+00	872	Hhat_RHS_Linf	0.00000000000000000e+00	4.13527130307069442e+01	1.37842376769023161e+02	3	0	0	-2.38750000000000000e+01	-2.38750000000000000e+01	-2.38750000000000000e+01	0	0	0
3.60075239506383094e+00	872	theta_RHS_Linf	0.00000000000000000e+00	4.13527130307069442e+01	1.37842376769023161e+02	3	0	0	-2.38750000000000000e+01	-2.38750000000000000e+01	-2.38750000000000000e+01	0	0	0
3.60075239506383094e+00	872	Upsilon_RHS_Linf	0.00000000000000000e+00	4.13527130307069442e+01	1.37842376769023161e+02	3	0	0	-2.38750000000000000e+01	-2.38750000000000000e+01	-2.38750000000000000e+01	0	0	0
3.60075239506383094e+00	872	chi_beta	8.04413100680112625e-01	5.33085065913499356e-01	1.77695021971166467e+00	5	74	148	-3.12500000000000000e-02	3.12500000000000000e-02	5.31250000000000000e-01	31	0	8
3.60075239506383094e+00	872	chi_beta_near_r_lt_1	8.04413100680112625e-01	5.33085065913499356e-01	1.77695021971166467e+00	5	74	148	-3.12500000000000000e-02	3.12500000000000000e-02	5.31250000000000000e-01	31	0	8
3.60075239506383094e+00	872	chi_beta_inner_r_lt_0p5	7.21787792251470939e-01	4.95093109929839348e-01	1.65031036643279783e+00	5	74	148	-4.68750000000000000e-01	3.12500000000000000e-02	1.56250000000000000e-01	24	0	2
3.60075239506383094e+00	872	chi_beta_annulus_0p5_1	8.04413100680112625e-01	5.33085065913499356e-01	1.77695021971166467e+00	5	74	148	-3.12500000000000000e-02	3.12500000000000000e-02	5.31250000000000000e-01	31	0	8
3.60075239506383094e+00	872	chi_beta_annulus_1_1p5	3.81077409899272357e-01	1.00146377243512918e+00	3.33821257478376410e+00	5	54	109	4.68750000000000000e-01	5.93750000000000000e-01	-6.56250000000000000e-01	7	9	21
3.60075239506383094e+00	872	chi_beta_annulus_1p5_2	2.04828279472911351e-01	1.50097624481535341e+00	5.00325414938451196e+00	5	41	83	2.18750000000000000e-01	-1.46875000000000000e+00	-2.18750000000000000e-01	3	8	28
3.60075239506383094e+00	872	chi_beta_outer_r_ge_2	1.27101745890404683e-01	2.00073228781363932e+00	6.66910762604546470e+00	5	35	70	-1.96875000000000000e+00	-9.37500000000000000e-02	-3.43750000000000000e-01	0	30	26
3.60075239506383094e+00	872	chi_beta_first_ge_1	0.00000000000000000e+00	inf	0.00000000000000000e+00	0	0	0	0.00000000000000000e+00	0.00000000000000000e+00	0.00000000000000000e+00	0	0	0
3.62129553519889757e+00	877	reference_Ricci	5.70356835834130749e+00	5.25706370039397575e-01	1.75235456679799206e+00	5	35	70	-3.43750000000000000e-01	-2.81250000000000000e-01	-2.81250000000000000e-01	26	27	27
3.62129553519889757e+00	877	reference_Riemann	7.74190823466711286e+00	5.25706370039397575e-01	1.75235456679799206e+00	5	35	70	-3.43750000000000000e-01	-2.81250000000000000e-01	-2.81250000000000000e-01	26	27	27
3.62129553519889757e+00	877	spin_connection	2.53970252400684116e+00	4.36382501367779396e-01	1.45460833789259802e+00	5	35	70	-3.12500000000000000e-02	-1.56250000000000000e-01	-4.06250000000000000e-01	31	29	25
3.62129553519889757e+00	877	spin_derivative	8.42501965111603468e+00	5.18222623493031276e-01	1.72740874497677099e+00	5	35	70	-4.68750000000000000e-01	-1.56250000000000000e-01	-1.56250000000000000e-01	24	29	29
3.62129553519889757e+00	877	Psi	3.58409762511840357e+00	4.70828724166230117e-01	1.56942908055410046e+00	5	35	70	-3.12500000000000000e-02	-3.12500000000000000e-02	-4.68750000000000000e-01	31	31	24
3.62129553519889757e+00	877	Q	9.88412755538827525e+00	4.70828724166230117e-01	1.56942908055410046e+00	5	80	161	3.43750000000000000e-01	2.81250000000000000e-01	1.56250000000000000e-01	5	4	2
3.62129553519889757e+00	877	Delta	7.19319988751987349e+00	4.70828724166230117e-01	1.56942908055410046e+00	5	54	109	9.37500000000000000e-02	2.18750000000000000e-01	-4.06250000000000000e-01	1	3	25
3.62129553519889757e+00	877	Pi	6.19835951544206676e+00	4.70828724166230117e-01	1.56942908055410046e+00	5	80	161	3.12500000000000000e-02	4.68750000000000000e-01	3.12500000000000000e-02	0	7	0
3.62129553519889757e+00	877	Phi	3.42186056469709365e+00	5.33085065913499356e-01	1.77695021971166467e+00	5	35	70	-3.12500000000000000e-02	-3.12500000000000000e-02	-5.31250000000000000e-01	31	31	23
3.62129553519889757e+00	877	GH_constraint	1.48391455580911630e-01	5.33085065913499356e-01	1.77695021971166467e+00	5	67	135	3.12500000000000000e-02	-3.12500000000000000e-02	5.31250000000000000e-01	0	31	8
3.62129553519889757e+00	877	reduction_constraint	2.07005284771940058e-02	4.62457768342148190e-01	1.54152589447382726e+00	5	67	135	1.56250000000000000e-01	-1.56250000000000000e-01	4.06250000000000000e-01	2	29	6
3.62129553519889757e+00	877	curl_constraint	2.91775446617440926e-01	4.62457768342148190e-01	1.54152589447382726e+00	5	61	122	-1.56250000000000000e-01	-1.56250000000000000e-01	4.06250000000000000e-01	29	29	6
3.62129553519889757e+00	877	source_curvature	1.31260245039757137e+01	5.18222623493031276e-01	1.72740874497677099e+00	5	67	135	2.81250000000000000e-01	-1.56250000000000000e-01	4.06250000000000000e-01	4	29	6
3.62129553519889757e+00	877	source_QQ	2.70963148598397616e+01	4.70828724166230117e-01	1.56942908055410046e+00	5	80	161	3.43750000000000000e-01	2.81250000000000000e-01	1.56250000000000000e-01	5	4	2
3.62129553519889757e+00	877	source_DeltaDelta	1.23358560638630781e+01	4.70828724166230117e-01	1.56942908055410046e+00	5	80	161	3.43750000000000000e-01	2.81250000000000000e-01	1.56250000000000000e-01	5	4	2
3.62129553519889757e+00	877	source_damping	0.00000000000000000e+00	4.13527130307069442e+01	1.37842376769023161e+02	3	0	0	-2.38750000000000000e+01	-2.38750000000000000e+01	-2.38750000000000000e+01	0	0	0
3.62129553519889757e+00	877	source_frame_correction	3.15759076827435559e+00	4.79053428648621604e-01	1.59684476216207205e+00	5	48	96	-3.12500000000000000e-02	4.68750000000000000e-01	-9.37500000000000000e-02	31	7	30
3.62129553519889757e+00	877	Psi_RHS_Linf	1.74779494871989849e+00	4.70828724166230117e-01	1.56942908055410046e+00	5	74	148	-3.12500000000000000e-02	4.68750000000000000e-01	3.12500000000000000e-02	31	7	0
3.62129553519889757e+00	877	Pi_RHS_Linf	5.91965020293391664e+00	4.70828724166230117e-01	1.56942908055410046e+00	5	41	83	3.12500000000000000e-02	-4.68750000000000000e-01	-3.12500000000000000e-02	0	24	31
3.62129553519889757e+00	877	Phi_RHS_Linf	4.07375397649268400e+00	5.33085065913499356e-01	1.77695021971166467e+00	5	41	83	3.12500000000000000e-02	-5.31250000000000000e-01	-3.12500000000000000e-02	0	23	31
3.62129553519889757e+00	877	Hhat_RHS_Linf	0.00000000000000000e+00	4.13527130307069442e+01	1.37842376769023161e+02	3	0	0	-2.38750000000000000e+01	-2.38750000000000000e+01	-2.38750000000000000e+01	0	0	0
3.62129553519889757e+00	877	theta_RHS_Linf	0.00000000000000000e+00	4.13527130307069442e+01	1.37842376769023161e+02	3	0	0	-2.38750000000000000e+01	-2.38750000000000000e+01	-2.38750000000000000e+01	0	0	0
3.62129553519889757e+00	877	Upsilon_RHS_Linf	0.00000000000000000e+00	4.13527130307069442e+01	1.37842376769023161e+02	3	0	0	-2.38750000000000000e+01	-2.38750000000000000e+01	-2.38750000000000000e+01	0	0	0
3.62129553519889757e+00	877	chi_beta	8.14090983581618799e-01	5.33085065913499356e-01	1.77695021971166467e+00	5	67	135	5.31250000000000000e-01	-3.12500000000000000e-02	3.12500000000000000e-02	8	31	0
3.62129553519889757e+00	877	chi_beta_near_r_lt_1	8.14090983581618799e-01	5.33085065913499356e-01	1.77695021971166467e+00	5	67	135	5.31250000000000000e-01	-3.12500000000000000e-02	3.12500000000000000e-02	8	31	0
3.62129553519889757e+00	877	chi_beta_inner_r_lt_0p5	7.30984064173163639e-01	4.95093109929839348e-01	1.65031036643279783e+00	5	48	96	-1.56250000000000000e-01	4.68750000000000000e-01	-3.12500000000000000e-02	29	7	31
3.62129553519889757e+00	877	chi_beta_annulus_0p5_1	8.14090983581618799e-01	5.33085065913499356e-01	1.77695021971166467e+00	5	67	135	5.31250000000000000e-01	-3.12500000000000000e-02	3.12500000000000000e-02	8	31	0
3.62129553519889757e+00	877	chi_beta_annulus_1_1p5	3.85554098937751333e-01	1.00146377243512918e+00	3.33821257478376410e+00	5	80	161	5.93750000000000000e-01	4.68750000000000000e-01	6.56250000000000000e-01	9	7	10
3.62129553519889757e+00	877	chi_beta_annulus_1p5_2	2.07222432769003179e-01	1.50097624481535341e+00	5.00325414938451196e+00	5	54	109	2.18750000000000000e-01	1.46875000000000000e+00	-2.18750000000000000e-01	3	23	28
3.62129553519889757e+00	877	chi_beta_outer_r_ge_2	1.28584200396826220e-01	2.00073228781363932e+00	6.66910762604546470e+00	5	61	122	-3.43750000000000000e-01	-9.37500000000000000e-02	1.96875000000000000e+00	26	30	31
3.62129553519889757e+00	877	chi_beta_first_ge_1	0.00000000000000000e+00	inf	0.00000000000000000e+00	0	0	0	0.00000000000000000e+00	0.00000000000000000e+00	0.00000000000000000e+00	0	0	0
3.64183696258616640e+00	882	reference_Ricci	5.77930400706540759e+00	5.25706370039397575e-01	1.75235456679799206e+00	5	35	70	-3.43750000000000000e-01	-2.81250000000000000e-01	-2.81250000000000000e-01	26	27	27
3.64183696258616640e+00	882	reference_Riemann	7.86101363334667358e+00	5.25706370039397575e-01	1.75235456679799206e+00	5	35	70	-9.37500000000000000e-02	-2.18750000000000000e-01	-4.68750000000000000e-01	30	28	24
3.64183696258616640e+00	882	spin_connection	2.55853000492141680e+00	4.36382501367779396e-01	1.45460833789259802e+00	5	35	70	-3.12500000000000000e-02	-1.56250000000000000e-01	-4.06250000000000000e-01	31	29	25
3.64183696258616640e+00	882	spin_derivative	8.53633436334050977e+00	5.18222623493031276e-01	1.72740874497677099e+00	5	35	70	-4.06250000000000000e-01	-2.81250000000000000e-01	-1.56250000000000000e-01	25	27	29
3.64183696258616640e+00	882	Psi	3.62024587803450526e+00	4.70828724166230117e-01	1.56942908055410046e+00	5	35	70	-3.12500000000000000e-02	-3.12500000000000000e-02	-4.68750000000000000e-01	31	31	24
3.64183696258616640e+00	882	Q	1.01473932610427671e+01	4.70828724166230117e-01	1.56942908055410046e+00	5	80	161	3.43750000000000000e-01	2.81250000000000000e-01	1.56250000000000000e-01	5	4	2
3.64183696258616640e+00	882	Delta	7.38124888823021852e+00	4.70828724166230117e-01	1.56942908055410046e+00	5	35	70	-9.37500000000000000e-02	-2.18750000000000000e-01	-4.06250000000000000e-01	30	28	25
3.64183696258616640e+00	882	Pi	6.31472503096471982e+00	4.70828724166230117e-01	1.56942908055410046e+00	5	35	70	-3.12500000000000000e-02	-3.12500000000000000e-02	-4.68750000000000000e-01	31	31	24
3.64183696258616640e+00	882	Phi	3.51456366231656059e+00	5.33085065913499356e-01	1.77695021971166467e+00	5	35	70	-3.12500000000000000e-02	-3.12500000000000000e-02	-5.31250000000000000e-01	31	31	23
3.64183696258616640e+00	882	GH_constraint	1.58442477339383325e-01	5.33085065913499356e-01	1.77695021971166467e+00	5	67	135	5.31250000000000000e-01	-3.12500000000000000e-02	3.12500000000000000e-02	8	31	0
3.64183696258616640e+00	882	reduction_constraint	2.14204537844607142e-02	4.62457768342148190e-01	1.54152589447382726e+00	5	67	135	1.56250000000000000e-01	-1.56250000000000000e-01	4.06250000000000000e-01	2	29	6
3.64183696258616640e+00	882	curl_constraint	2.97222390656745994e-01	4.62457768342148190e-01	1.54152589447382726e+00	5	61	122	-1.56250000000000000e-01	-1.56250000000000000e-01	4.06250000000000000e-01	29	29	6
3.64183696258616640e+00	882	source_curvature	1.33329497742868579e+01	5.25706370039397575e-01	1.75235456679799206e+00	5	80	161	2.81250000000000000e-01	3.43750000000000000e-01	2.81250000000000000e-01	4	5	4
3.64183696258616640e+00	882	source_QQ	2.79185659569610642e+01	4.70828724166230117e-01	1.56942908055410046e+00	5	80	161	3.43750000000000000e-01	2.81250000000000000e-01	1.56250000000000000e-01	5	4	2
3.64183696258616640e+00	882	source_DeltaDelta	1.26569347308494837e+01	4.70828724166230117e-01	1.56942908055410046e+00	5	80	161	3.43750000000000000e-01	2.81250000000000000e-01	1.56250000000000000e-01	5	4	2
3.64183696258616640e+00	882	source_damping	0.00000000000000000e+00	4.13527130307069442e+01	1.37842376769023161e+02	3	0	0	-2.38750000000000000e+01	-2.38750000000000000e+01	-2.38750000000000000e+01	0	0	0
3.64183696258616640e+00	882	source_frame_correction	3.25731907693773781e+00	4.79053428648621604e-01	1.59684476216207205e+00	5	48	96	-3.12500000000000000e-02	4.68750000000000000e-01	-9.37500000000000000e-02	31	7	30
3.64183696258616640e+00	882	Psi_RHS_Linf	1.79302091962711918e+00	4.70828724166230117e-01	1.56942908055410046e+00	5	74	148	-3.12500000000000000e-02	4.68750000000000000e-01	3.12500000000000000e-02	31	7	0
3.64183696258616640e+00	882	Pi_RHS_Linf	6.12160426337774410e+00	4.70828724166230117e-01	1.56942908055410046e+00	5	74	148	-3.12500000000000000e-02	4.68750000000000000e-01	3.12500000000000000e-02	31	7	0
3.64183696258616640e+00	882	Phi_RHS_Linf	4.20861728695892801e+00	5.33085065913499356e-01	1.77695021971166467e+00	5	74	148	-3.12500000000000000e-02	5.31250000000000000e-01	3.12500000000000000e-02	31	8	0
3.64183696258616640e+00	882	Hhat_RHS_Linf	0.00000000000000000e+00	4.13527130307069442e+01	1.37842376769023161e+02	3	0	0	-2.38750000000000000e+01	-2.38750000000000000e+01	-2.38750000000000000e+01	0	0	0
3.64183696258616640e+00	882	theta_RHS_Linf	0.00000000000000000e+00	4.13527130307069442e+01	1.37842376769023161e+02	3	0	0	-2.38750000000000000e+01	-2.38750000000000000e+01	-2.38750000000000000e+01	0	0	0
3.64183696258616640e+00	882	Upsilon_RHS_Linf	0.00000000000000000e+00	4.13527130307069442e+01	1.37842376769023161e+02	3	0	0	-2.38750000000000000e+01	-2.38750000000000000e+01	-2.38750000000000000e+01	0	0	0
3.64183696258616640e+00	882	chi_beta	8.23778428420180231e-01	5.33085065913499356e-01	1.77695021971166467e+00	5	67	135	5.31250000000000000e-01	-3.12500000000000000e-02	3.12500000000000000e-02	8	31	0
3.64183696258616640e+00	882	chi_beta_near_r_lt_1	8.23778428420180231e-01	5.33085065913499356e-01	1.77695021971166467e+00	5	67	135	5.31250000000000000e-01	-3.12500000000000000e-02	3.12500000000000000e-02	8	31	0
3.64183696258616640e+00	882	chi_beta_inner_r_lt_0p5	7.40245340053999779e-01	4.95093109929839348e-01	1.65031036643279783e+00	5	61	122	-4.68750000000000000e-01	-1.56250000000000000e-01	3.12500000000000000e-02	24	29	0
3.64183696258616640e+00	882	chi_beta_annulus_0p5_1	8.23778428420180231e-01	5.33085065913499356e-01	1.77695021971166467e+00	5	67	135	5.31250000000000000e-01	-3.12500000000000000e-02	3.12500000000000000e-02	8	31	0
3.64183696258616640e+00	882	chi_beta_annulus_1_1p5	3.90034674529450287e-01	1.00146377243512918e+00	3.33821257478376410e+00	5	35	70	-4.68750000000000000e-01	-5.93750000000000000e-01	-6.56250000000000000e-01	24	22	21
3.64183696258616640e+00	882	chi_beta_annulus_1p5_2	2.09618698502501227e-01	1.50097624481535341e+00	5.00325414938451196e+00	5	41	83	2.18750000000000000e-01	-1.46875000000000000e+00	-2.18750000000000000e-01	3	8	28
3.64183696258616640e+00	882	chi_beta_outer_r_ge_2	1.30068277854280961e-01	2.00073228781363932e+00	6.66910762604546470e+00	5	61	122	-3.43750000000000000e-01	-9.37500000000000000e-02	1.96875000000000000e+00	26	30	31
3.64183696258616640e+00	882	chi_beta_first_ge_1	0.00000000000000000e+00	inf	0.00000000000000000e+00	0	0	0	0.00000000000000000e+00	0.00000000000000000e+00	0.00000000000000000e+00	0	0	0
3.66237667381219634e+00	887	reference_Ricci	5.85577319090859039e+00	5.25706370039397575e-01	1.75235456679799206e+00	5	35	70	-9.37500000000000000e-02	-2.18750000000000000e-01	-4.68750000000000000e-01	30	28	24
3.66237667381219634e+00	887	reference_Riemann	7.98145778320780330e+00	5.25706370039397575e-01	1.75235456679799206e+00	5	35	70	-2.81250000000000000e-01	-2.81250000000000000e-01	-3.43750000000000000e-01	27	27	26
3.66237667381219634e+00	887	spin_connection	2.57741351648275074e+00	4.36382501367779396e-01	1.45460833789259802e+00	5	35	70	-2.18750000000000000e-01	-1.56250000000000000e-01	-3.43750000000000000e-01	28	29	26
3.66237667381219634e+00	887	spin_derivative	8.64845372524315081e+00	5.18222623493031276e-01	1.72740874497677099e+00	5	35	70	-1.56250000000000000e-01	-2.81250000000000000e-01	-4.06250000000000000e-01	29	27	25
3.66237667381219634e+00	887	Psi	3.65718429778932741e+00	4.70828724166230117e-01	1.56942908055410046e+00	5	35	70	-3.12500000000000000e-02	-3.12500000000000000e-02	-4.68750000000000000e-01	31	31	24
3.66237667381219634e+00	887	Q	1.04210590414946207e+01	4.70828724166230117e-01	1.56942908055410046e+00	5	80	161	3.43750000000000000e-01	2.81250000000000000e-01	1.56250000000000000e-01	5	4	2
3.66237667381219634e+00	887	Delta	7.57610200923528243e+00	4.70828724166230117e-01	1.56942908055410046e+00	5	35	70	-9.37500000000000000e-02	-2.18750000000000000e-01	-4.06250000000000000e-01	30	28	25
3.66237667381219634e+00	887	Pi	6.43518923205113857e+00	4.70828724166230117e-01	1.56942908055410046e+00	5	80	161	3.12500000000000000e-02	4.68750000000000000e-01	3.12500000000000000e-02	0	7	0
3.66237667381219634e+00	887	Phi	3.60999865265112163e+00	5.33085065913499356e-01	1.77695021971166467e+00	5	35	70	-3.12500000000000000e-02	-3.12500000000000000e-02	-5.31250000000000000e-01	31	31	23
3.66237667381219634e+00	887	GH_constraint	1.69131921949135899e-01	5.33085065913499356e-01	1.77695021971166467e+00	5	67	135	5.31250000000000000e-01	-3.12500000000000000e-02	3.12500000000000000e-02	8	31	0
3.66237667381219634e+00	887	reduction_constraint	2.21569835278285152e-02	4.62457768342148190e-01	1.54152589447382726e+00	5	48	96	-1.56250000000000000e-01	4.06250000000000000e-01	-1.56250000000000000e-01	29	6	29
3.66237667381219634e+00	887	curl_constraint	3.03061643959811167e-01	4.45243964024218952e-01	1.48414654674739666e+00	5	35	70	-1.56250000000000000e-01	-9.37500000000000000e-02	-4.06250000000000000e-01	29	30	25
3.66237667381219634e+00	887	source_curvature	1.35434253961334310e+01	5.25706370039397575e-01	1.75235456679799206e+00	5	80	161	2.81250000000000000e-01	3.43750000000000000e-01	2.81250000000000000e-01	4	5	4
3.66237667381219634e+00	887	source_QQ	2.87759052283151782e+01	4.70828724166230117e-01	1.56942908055410046e+00	5	61	122	-3.43750000000000000e-01	-1.56250000000000000e-01	2.81250000000000000e-01	26	29	4
3.66237667381219634e+00	887	source_DeltaDelta	1.29891954413911836e+01	4.70828724166230117e-01	1.56942908055410046e+00	5	80	161	3.43750000000000000e-01	2.81250000000000000e-01	1.56250000000000000e-01	5	4	2
3.66237667381219634e+00	887	source_damping	0.00000000000000000e+00	4.13527130307069442e+01	1.37842376769023161e+02	3	0	0	-2.38750000000000000e+01	-2.38750000000000000e+01	-2.38750000000000000e+01	0	0	0
3.66237667381219634e+00	887	source_frame_correction	3.35997490924839681e+00	4.79053428648621604e-01	1.59684476216207205e+00	5	48	96	-3.12500000000000000e-02	4.68750000000000000e-01	-9.37500000000000000e-02	31	7	30
3.66237667381219634e+00	887	Psi_RHS_Linf	1.83984032384470875e+00	4.70828724166230117e-01	1.56942908055410046e+00	5	74	148	-3.12500000000000000e-02	4.68750000000000000e-01	3.12500000000000000e-02	31	7	0
3.66237667381219634e+00	887	Pi_RHS_Linf	6.33309352933485048e+00	4.70828724166230117e-01	1.56942908055410046e+00	5	74	148	-3.12500000000000000e-02	4.68750000000000000e-01	3.12500000000000000e-02	31	7	0
3.66237667381219634e+00	887	Phi_RHS_Linf	4.34848360373027099e+00	5.33085065913499356e-01	1.77695021971166467e+00	5	41	83	3.12500000000000000e-02	-5.31250000000000000e-01	-3.12500000000000000e-02	0	23	31
3.66237667381219634e+00	887	Hhat_RHS_Linf	0.00000000000000000e+00	4.13527130307069442e+01	1.37842376769023161e+02	3	0	0	-2.38750000000000000e+01	-2.38750000000000000e+01	-2.38750000000000000e+01	0	0	0
3.66237667381219634e+00	887	theta_RHS_Linf	0.00000000000000000e+00	4.13527130307069442e+01	1.37842376769023161e+02	3	0	0	-2.38750000000000000e+01	-2.38750000000000000e+01	-2.38750000000000000e+01	0	0	0
3.66237667381219634e+00	887	Upsilon_RHS_Linf	0.00000000000000000e+00	4.13527130307069442e+01	1.37842376769023161e+02	3	0	0	-2.38750000000000000e+01	-2.38750000000000000e+01	-2.38750000000000000e+01	0	0	0
3.66237667381219634e+00	887	chi_beta	8.33471946165743494e-01	5.33085065913499356e-01	1.77695021971166467e+00	5	74	148	-3.12500000000000000e-02	3.12500000000000000e-02	5.31250000000000000e-01	31	0	8
3.66237667381219634e+00	887	chi_beta_near_r_lt_1	8.33471946165743494e-01	5.33085065913499356e-01	1.77695021971166467e+00	5	74	148	-3.12500000000000000e-02	3.12500000000000000e-02	5.31250000000000000e-01	31	0	8
3.66237667381219634e+00	887	chi_beta_inner_r_lt_0p5	7.49571842998151272e-01	4.95093109929839348e-01	1.65031036643279783e+00	5	54	109	3.12500000000000000e-02	4.68750000000000000e-01	-1.56250000000000000e-01	0	7	29
3.66237667381219634e+00	887	chi_beta_annulus_0p5_1	8.33471946165743494e-01	5.33085065913499356e-01	1.77695021971166467e+00	5	74	148	-3.12500000000000000e-02	3.12500000000000000e-02	5.31250000000000000e-01	31	0	8
3.66237667381219634e+00	887	chi_beta_annulus_1_1p5	3.94518452318907531e-01	1.00146377243512918e+00	3.33821257478376410e+00	5	80	161	6.56250000000000000e-01	4.68750000000000000e-01	5.93750000000000000e-01	10	7	9
3.66237667381219634e+00	887	chi_beta_annulus_1p5_2	2.12016729837164464e-01	1.50097624481535341e+00	5.00325414938451196e+00	5	41	83	2.18750000000000000e-01	-1.46875000000000000e+00	-2.18750000000000000e-01	3	8	28
3.66237667381219634e+00	887	chi_beta_outer_r_ge_2	1.31553776234997949e-01	2.00073228781363932e+00	6.66910762604546470e+00	5	61	122	-3.43750000000000000e-01	-9.37500000000000000e-02	1.96875000000000000e+00	26	30	31
3.66237667381219634e+00	887	chi_beta_first_ge_1	0.00000000000000000e+00	inf	0.00000000000000000e+00	0	0	0	0.00000000000000000e+00	0.00000000000000000e+00	0.00000000000000000e+00	0	0	0
3.68291466563553938e+00	892	reference_Ricci	5.93296971974037035e+00	5.25706370039397575e-01	1.75235456679799206e+00	5	35	70	-2.81250000000000000e-01	-2.81250000000000000e-01	-3.43750000000000000e-01	27	27	26
3.68291466563553938e+00	892	reference_Riemann	8.10323359481310845e+00	5.25706370039397575e-01	1.75235456679799206e+00	5	35	70	-2.81250000000000000e-01	-2.81250000000000000e-01	-3.43750000000000000e-01	27	27	26
3.68291466563553938e+00	892	spin_connection	2.59635005484988657e+00	4.36382501367779396e-01	1.45460833789259802e+00	5	35	70	-1.56250000000000000e-01	-2.18750000000000000e-01	-3.43750000000000000e-01	29	28	26
3.68291466563553938e+00	892	spin_derivative	8.76137022582133618e+00	5.18222623493031276e-01	1.72740874497677099e+00	5	35	70	-1.56250000000000000e-01	-1.56250000000000000e-01	-4.68750000000000000e-01	29	29	24
3.68291466563553938e+00	892	Psi	3.69493851518372818e+00	4.70828724166230117e-01	1.56942908055410046e+00	5	48	96	-3.12500000000000000e-02	3.12500000000000000e-02	-4.68750000000000000e-01	31	0	24
3.68291466563553938e+00	892	Q	1.07057054011988608e+01	4.70828724166230117e-01	1.56942908055410046e+00	5	54	109	2.81250000000000000e-01	3.43750000000000000e-01	-1.56250000000000000e-01	4	5	29
3.68291466563553938e+00	892	Delta	7.77809257128472264e+00	4.70828724166230117e-01	1.56942908055410046e+00	5	54	109	9.37500000000000000e-02	2.18750000000000000e-01	-4.06250000000000000e-01	1	3	25
3.68291466563553938e+00	892	Pi	6.55999724260141637e+00	4.70828724166230117e-01	1.56942908055410046e+00	5	80	161	3.12500000000000000e-02	4.68750000000000000e-01	3.12500000000000000e-02	0	7	0
3.68291466563553938e+00	892	Phi	3.70827098598450533e+00	5.33085065913499356e-01	1.77695021971166467e+00	5	35	70	-3.12500000000000000e-02	-3.12500000000000000e-02	-5.31250000000000000e-01	31	31	23
3.68291466563553938e+00	892	GH_constraint	1.80502756637643508e-01	5.33085065913499356e-01	1.77695021971166467e+00	5	67	135	5.31250000000000000e-01	-3.12500000000000000e-02	3.12500000000000000e-02	8	31	0
3.68291466563553938e+00	892	reduction_constraint	2.29102526915417638e-02	4.62457768342148190e-01	1.54152589447382726e+00	5	48	96	-1.56250000000000000e-01	4.06250000000000000e-01	-1.56250000000000000e-01	29	6	29
3.68291466563553938e+00	892	curl_constraint	3.09823831491675750e-01	4.45243964024218952e-01	1.48414654674739666e+00	5	74	148	-1.56250000000000000e-01	4.06250000000000000e-01	9.37500000000000000e-02	29	6	1
3.68291466563553938e+00	892	source_curvature	1.37579235814808722e+01	5.18222623493031276e-01	1.72740874497677099e+00	5	41	83	1.56250000000000000e-01	-4.06250000000000000e-01	-2.81250000000000000e-01	2	25	27
3.68291466563553938e+00	892	source_QQ	2.96701781905015594e+01	4.70828724166230117e-01	1.56942908055410046e+00	5	54	109	2.81250000000000000e-01	3.43750000000000000e-01	-1.56250000000000000e-01	4	5	29
3.68291466563553938e+00	892	source_DeltaDelta	1.33331312276637544e+01	4.70828724166230117e-01	1.56942908055410046e+00	5	80	161	3.43750000000000000e-01	2.81250000000000000e-01	1.56250000000000000e-01	5	4	2
3.68291466563553938e+00	892	source_damping	0.00000000000000000e+00	4.13527130307069442e+01	1.37842376769023161e+02	3	0	0	-2.38750000000000000e+01	-2.38750000000000000e+01	-2.38750000000000000e+01	0	0	0
3.68291466563553938e+00	892	source_frame_correction	3.46564126703909325e+00	4.79053428648621604e-01	1.59684476216207205e+00	5	48	96	-3.12500000000000000e-02	4.68750000000000000e-01	-9.37500000000000000e-02	31	7	30
3.68291466563553938e+00	892	Psi_RHS_Linf	1.88832667130432896e+00	4.70828724166230117e-01	1.56942908055410046e+00	5	74	148	-3.12500000000000000e-02	4.68750000000000000e-01	3.12500000000000000e-02	31	7	0
3.68291466563553938e+00	892	Pi_RHS_Linf	6.55458323500650586e+00	4.70828724166230117e-01	1.56942908055410046e+00	5	80	161	3.12500000000000000e-02	4.68750000000000000e-01	3.12500000000000000e-02	0	7	0
3.68291466563553938e+00	892	Phi_RHS_Linf	4.49352923361021084e+00	5.33085065913499356e-01	1.77695021971166467e+00	5	41	83	3.12500000000000000e-02	-5.31250000000000000e-01	-3.12500000000000000e-02	0	23	31
3.68291466563553938e+00	892	Hhat_RHS_Linf	0.00000000000000000e+00	4.13527130307069442e+01	1.37842376769023161e+02	3	0	0	-2.38750000000000000e+01	-2.38750000000000000e+01	-2.38750000000000000e+01	0	0	0
3.68291466563553938e+00	892	theta_RHS_Linf	0.00000000000000000e+00	4.13527130307069442e+01	1.37842376769023161e+02	3	0	0	-2.38750000000000000e+01	-2.38750000000000000e+01	-2.38750000000000000e+01	0	0	0
3.68291466563553938e+00	892	Upsilon_RHS_Linf	0.00000000000000000e+00	4.13527130307069442e+01	1.37842376769023161e+02	3	0	0	-2.38750000000000000e+01	-2.38750000000000000e+01	-2.38750000000000000e+01	0	0	0
3.68291466563553938e+00	892	chi_beta	8.43167864434447134e-01	5.33085065913499356e-01	1.77695021971166467e+00	5	74	148	-3.12500000000000000e-02	3.12500000000000000e-02	5.31250000000000000e-01	31	0	8
3.68291466563553938e+00	892	chi_beta_near_r_lt_1	8.43167864434447134e-01	5.33085065913499356e-01	1.77695021971166467e+00	5	74	148	-3.12500000000000000e-02	3.12500000000000000e-02	5.31250000000000000e-01	31	0	8
3.68291466563553938e+00	892	chi_beta_inner_r_lt_0p5	7.58963760193337555e-01	4.95093109929839348e-01	1.65031036643279783e+00	5	67	135	3.12500000000000000e-02	-4.68750000000000000e-01	1.56250000000000000e-01	0	24	2
3.68291466563553938e+00	892	chi_beta_annulus_0p5_1	8.43167864434447134e-01	5.33085065913499356e-01	1.77695021971166467e+00	5	74	148	-3.12500000000000000e-02	3.12500000000000000e-02	5.31250000000000000e-01	31	0	8
3.68291466563553938e+00	892	chi_beta_annulus_1_1p5	3.99004746473766159e-01	1.00146377243512918e+00	3.33821257478376410e+00	5	35	70	-6.56250000000000000e-01	-4.68750000000000000e-01	-5.93750000000000000e-01	21	24	22
3.68291466563553938e+00	892	chi_beta_annulus_1p5_2	2.14416179573362425e-01	1.50097624481535341e+00	5.00325414938451196e+00	5	41	83	2.18750000000000000e-01	-1.46875000000000000e+00	-2.18750000000000000e-01	3	8	28
3.68291466563553938e+00	892	chi_beta_outer_r_ge_2	1.33040493207072535e-01	2.00073228781363932e+00	6.66910762604546470e+00	5	61	122	-3.43750000000000000e-01	-9.37500000000000000e-02	1.96875000000000000e+00	26	30	31
3.68291466563553938e+00	892	chi_beta_first_ge_1	0.00000000000000000e+00	inf	0.00000000000000000e+00	0	0	0	0.00000000000000000e+00	0.00000000000000000e+00	0.00000000000000000e+00	0	0	0
3.70345093498704125e+00	897	reference_Ricci	6.01625650751677821e+00	5.33085065913499356e-01	1.77695021971166467e+00	5	35	70	-2.18750000000000000e-01	-3.43750000000000000e-01	-3.43750000000000000e-01	28	26	26
3.70345093498704125e+00	897	reference_Riemann	8.22633343309866305e+00	5.25706370039397575e-01	1.75235456679799206e+00	5	35	70	-2.81250000000000000e-01	-3.43750000000000000e-01	-2.81250000000000000e-01	27	26	27
3.70345093498704125e+00	897	spin_connection	2.61533662579136461e+00	4.36382501367779396e-01	1.45460833789259802e+00	5	35	70	-1.56250000000000000e-01	-2.18750000000000000e-01	-3.43750000000000000e-01	29	28	26
3.70345093498704125e+00	897	spin_derivative	8.87507605435881608e+00	5.18222623493031276e-01	1.72740874497677099e+00	5	35	70	-1.56250000000000000e-01	-4.06250000000000000e-01	-2.81250000000000000e-01	29	25	27
3.70345093498704125e+00	897	Psi	3.73353571796696215e+00	4.70828724166230117e-01	1.56942908055410046e+00	5	48	96	-3.12500000000000000e-02	3.12500000000000000e-02	-4.68750000000000000e-01	31	0	24
3.70345093498704125e+00	897	Q	1.10032896826182860e+01	4.87139289628746752e-01	1.62379763209582251e+00	5	35	70	-2.81250000000000000e-01	-2.81250000000000000e-01	-2.81250000000000000e-01	27	27	27
3.70345093498704125e+00	897	Delta	7.98757217130059427e+00	4.70828724166230117e-01	1.56942908055410046e+00	5	61	122	-9.37500000000000000e-02	-2.18750000000000000e-01	4.06250000000000000e-01	30	28	6
3.70345093498704125e+00	897	Pi	6.68940752334831412e+00	4.70828724166230117e-01	1.56942908055410046e+00	5	74	148	-3.12500000000000000e-02	4.68750000000000000e-01	3.12500000000000000e-02	31	7	0
3.70345093498704125e+00	897	Phi	3.80949049394479733e+00	5.33085065913499356e-01	1.77695021971166467e+00	5	48	96	-3.12500000000000000e-02	5.31250000000000000e-01	-3.12500000000000000e-02	31	8	31
3.70345093498704125e+00	897	GH_constraint	1.92601327988821291e-01	5.33085065913499356e-01	1.77695021971166467e+00	5	67	135	5.31250000000000000e-01	-3.12500000000000000e-02	3.12500000000000000e-02	8	31	0
3.70345093498704125e+00	897	reduction_constraint	2.36804492633083778e-02	4.62457768342148190e-01	1.54152589447382726e+00	5	67	135	1.56250000000000000e-01	-1.56250000000000000e-01	4.06250000000000000e-01	2	29	6
3.70345093498704125e+00	897	curl_constraint	3.16483180094094263e-01	4.45243964024218952e-01	1.48414654674739666e+00	5	35	70	-1.56250000000000000e-01	-9.37500000000000000e-02	-4.06250000000000000e-01	29	30	25
3.70345093498704125e+00	897	source_curvature	1.39772140859146354e+01	5.18222623493031276e-01	1.72740874497677099e+00	5	41	83	1.56250000000000000e-01	-4.06250000000000000e-01	-2.81250000000000000e-01	2	25	27
3.70345093498704125e+00	897	source_QQ	3.06033213463903380e+01	4.70828724166230117e-01	1.56942908055410046e+00	5	80	161	3.43750000000000000e-01	2.81250000000000000e-01	1.56250000000000000e-01	5	4	2
3.70345093498704125e+00	897	source_DeltaDelta	1.36892518798566911e+01	4.70828724166230117e-01	1.56942908055410046e+00	5	80	161	3.43750000000000000e-01	2.81250000000000000e-01	1.56250000000000000e-01	5	4	2
3.70345093498704125e+00	897	source_damping	0.00000000000000000e+00	4.13527130307069442e+01	1.37842376769023161e+02	3	0	0	-2.38750000000000000e+01	-2.38750000000000000e+01	-2.38750000000000000e+01	0	0	0
3.70345093498704125e+00	897	source_frame_correction	3.57440581910652222e+00	4.79053428648621604e-01	1.59684476216207205e+00	5	48	96	-3.12500000000000000e-02	4.68750000000000000e-01	-9.37500000000000000e-02	31	7	30
3.70345093498704125e+00	897	Psi_RHS_Linf	1.93855698012972177e+00	4.70828724166230117e-01	1.56942908055410046e+00	5	80	161	3.12500000000000000e-02	4.68750000000000000e-01	3.12500000000000000e-02	0	7	0
3.70345093498704125e+00	897	Pi_RHS_Linf	6.78655909508203781e+00	4.70828724166230117e-01	1.56942908055410046e+00	5	54	109	3.12500000000000000e-02	4.68750000000000000e-01	-3.12500000000000000e-02	0	7	31
3.70345093498704125e+00	897	Phi_RHS_Linf	4.64393369230579722e+00	5.33085065913499356e-01	1.77695021971166467e+00	5	41	83	3.12500000000000000e-02	-5.31250000000000000e-01	-3.12500000000000000e-02	0	23	31
3.70345093498704125e+00	897	Hhat_RHS_Linf	0.00000000000000000e+00	4.13527130307069442e+01	1.37842376769023161e+02	3	0	0	-2.38750000000000000e+01	-2.38750000000000000e+01	-2.38750000000000000e+01	0	0	0
3.70345093498704125e+00	897	theta_RHS_Linf	0.00000000000000000e+00	4.13527130307069442e+01	1.37842376769023161e+02	3	0	0	-2.38750000000000000e+01	-2.38750000000000000e+01	-2.38750000000000000e+01	0	0	0
3.70345093498704125e+00	897	Upsilon_RHS_Linf	0.00000000000000000e+00	4.13527130307069442e+01	1.37842376769023161e+02	3	0	0	-2.38750000000000000e+01	-2.38750000000000000e+01	-2.38750000000000000e+01	0	0	0
3.70345093498704125e+00	897	chi_beta	8.52862321948677615e-01	5.33085065913499356e-01	1.77695021971166467e+00	5	74	148	-3.12500000000000000e-02	3.12500000000000000e-02	5.31250000000000000e-01	31	0	8
3.70345093498704125e+00	897	chi_beta_near_r_lt_1	8.52862321948677615e-01	5.33085065913499356e-01	1.77695021971166467e+00	5	74	148	-3.12500000000000000e-02	3.12500000000000000e-02	5.31250000000000000e-01	31	0	8
3.70345093498704125e+00	897	chi_beta_inner_r_lt_0p5	7.68421240418676765e-01	4.95093109929839348e-01	1.65031036643279783e+00	5	67	135	3.12500000000000000e-02	-4.68750000000000000e-01	1.56250000000000000e-01	0	24	2
3.70345093498704125e+00	897	chi_beta_annulus_0p5_1	8.52862321948677615e-01	5.33085065913499356e-01	1.77695021971166467e+00	5	74	148	-3.12500000000000000e-02	3.12500000000000000e-02	5.31250000000000000e-01	31	0	8
3.70345093498704125e+00	897	chi_beta_annulus_1_1p5	4.03492869929174380e-01	1.00146377243512918e+00	3.33821257478376410e+00	5	48	96	-4.68750000000000000e-01	5.93750000000000000e-01	-6.56250000000000000e-01	24	9	21
3.70345093498704125e+00	897	chi_beta_annulus_1p5_2	2.16816700247667943e-01	1.50097624481535341e+00	5.00325414938451196e+00	5	61	122	-2.18750000000000000e-01	-1.46875000000000000e+00	2.18750000000000000e-01	28	8	3
3.70345093498704125e+00	897	chi_beta_outer_r_ge_2	1.34528226185090638e-01	2.00073228781363932e+00	6.66910762604546470e+00	5	35	70	-1.96875000000000000e+00	-9.37500000000000000e-02	-3.43750000000000000e-01	0	30	26
3.70345093498704125e+00	897	chi_beta_first_ge_1	0.00000000000000000e+00	inf	0.00000000000000000e+00	0	0	0	0.00000000000000000e+00	0.00000000000000000e+00	0.00000000000000000e+00	0	0	0
3.72398547897010301e+00	902	reference_Ricci	6.10038520528194095e+00	5.33085065913499356e-01	1.77695021971166467e+00	5	35	70	-3.43750000000000000e-01	-3.43750000000000000e-01	-2.18750000000000000e-01	26	26	28
3.72398547897010301e+00	902	reference_Riemann	8.35074911797697972e+00	5.25706370039397575e-01	1.75235456679799206e+00	5	35	70	-3.43750000000000000e-01	-2.81250000000000000e-01	-2.81250000000000000e-01	26	27	27
3.72398547897010301e+00	902	spin_connection	2.63437024538580111e+00	4.36382501367779396e-01	1.45460833789259802e+00	5	35	70	-3.12500000000000000e-02	-1.56250000000000000e-01	-4.06250000000000000e-01	31	29	25
3.72398547897010301e+00	902	spin_derivative	8.98956309829932287e+00	5.18222623493031276e-01	1.72740874497677099e+00	5	35	70	-1.56250000000000000e-01	-2.81250000000000000e-01	-4.06250000000000000e-01	29	27	25
3.72398547897010301e+00	902	Psi	3.77300475477008490e+00	4.70828724166230117e-01	1.56942908055410046e+00	5	48	96	-3.12500000000000000e-02	3.12500000000000000e-02	-4.68750000000000000e-01	31	0	24
3.72398547897010301e+00	902	Q	1.13198342653466000e+01	4.87139289628746752e-01	1.62379763209582251e+00	5	35	70	-2.81250000000000000e-01	-2.81250000000000000e-01	-2.81250000000000000e-01	27	27	27
3.72398547897010301e+00	902	Delta	8.20491168030086726e+00	4.70828724166230117e-01	1.56942908055410046e+00	5	35	70	-9.37500000000000000e-02	-2.18750000000000000e-01	-4.06250000000000000e-01	30	28	25
3.72398547897010301e+00	902	Pi	6.82369234038843064e+00	4.70828724166230117e-01	1.56942908055410046e+00	5	74	148	-3.12500000000000000e-02	4.68750000000000000e-01	3.12500000000000000e-02	31	7	0
3.72398547897010301e+00	902	Phi	3.91377148642015937e+00	5.33085065913499356e-01	1.77695021971166467e+00	5	35	70	-3.12500000000000000e-02	-3.12500000000000000e-02	-5.31250000000000000e-01	31	31	23
3.72398547897010301e+00	902	GH_constraint	2.05477673988612608e-01	5.33085065913499356e-01	1.77695021971166467e+00	5	67	135	5.31250000000000000e-01	-3.12500000000000000e-02	3.12500000000000000e-02	8	31	0
3.72398547897010301e+00	902	reduction_constraint	2.44678281685620988e-02	4.62457768342148190e-01	1.54152589447382726e+00	5	67	135	1.56250000000000000e-01	-1.56250000000000000e-01	4.06250000000000000e-01	2	29	6
3.72398547897010301e+00	902	curl_constraint	3.25676796995521822e-01	4.87139289628746752e-01	1.62379763209582251e+00	5	61	122	-9.37500000000000000e-02	-9.37500000000000000e-02	4.68750000000000000e-01	30	30	7
3.72398547897010301e+00	902	source_curvature	1.42009897643576739e+01	5.18222623493031276e-01	1.72740874497677099e+00	5	41	83	1.56250000000000000e-01	-4.06250000000000000e-01	-2.81250000000000000e-01	2	25	27
3.72398547897010301e+00	902	source_QQ	3.15773662309806582e+01	4.70828724166230117e-01	1.56942908055410046e+00	5	80	161	3.43750000000000000e-01	2.81250000000000000e-01	1.56250000000000000e-01	5	4	2
3.72398547897010301e+00	902	source_DeltaDelta	1.40580839389764289e+01	4.70828724166230117e-01	1.56942908055410046e+00	5	80	161	3.43750000000000000e-01	2.81250000000000000e-01	1.56250000000000000e-01	5	4	2
3.72398547897010301e+00	902	source_damping	0.00000000000000000e+00	4.13527130307069442e+01	1.37842376769023161e+02	3	0	0	-2.38750000000000000e+01	-2.38750000000000000e+01	-2.38750000000000000e+01	0	0	0
3.72398547897010301e+00	902	source_frame_correction	3.68636154415274175e+00	4.79053428648621604e-01	1.59684476216207205e+00	5	48	96	-3.12500000000000000e-02	4.68750000000000000e-01	-9.37500000000000000e-02	31	7	30
3.72398547897010301e+00	902	Psi_RHS_Linf	1.99061191762660350e+00	4.70828724166230117e-01	1.56942908055410046e+00	5	74	148	-3.12500000000000000e-02	4.68750000000000000e-01	3.12500000000000000e-02	31	7	0
3.72398547897010301e+00	902	Pi_RHS_Linf	7.02952800055831606e+00	4.70828724166230117e-01	1.56942908055410046e+00	5	80	161	3.12500000000000000e-02	4.68750000000000000e-01	3.12500000000000000e-02	0	7	0
3.72398547897010301e+00	902	Phi_RHS_Linf	4.79987943751830226e+00	5.33085065913499356e-01	1.77695021971166467e+00	5	54	109	3.12500000000000000e-02	5.31250000000000000e-01	-3.12500000000000000e-02	0	8	31
3.72398547897010301e+00	902	Hhat_RHS_Linf	0.00000000000000000e+00	4.13527130307069442e+01	1.37842376769023161e+02	3	0	0	-2.38750000000000000e+01	-2.38750000000000000e+01	-2.38750000000000000e+01	0	0	0
3.72398547897010301e+00	902	theta_RHS_Linf	0.00000000000000000e+00	4.13527130307069442e+01	1.37842376769023161e+02	3	0	0	-2.38750000000000000e+01	-2.38750000000000000e+01	-2.38750000000000000e+01	0	0	0
3.72398547897010301e+00	902	Upsilon_RHS_Linf	0.00000000000000000e+00	4.13527130307069442e+01	1.37842376769023161e+02	3	0	0	-2.38750000000000000e+01	-2.38750000000000000e+01	-2.38750000000000000e+01	0	0	0
3.72398547897010301e+00	902	chi_beta	8.62551263171661642e-01	5.33085065913499356e-01	1.77695021971166467e+00	5	80	161	3.12500000000000000e-02	3.12500000000000000e-02	5.31250000000000000e-01	0	0	8
3.72398547897010301e+00	902	chi_beta_near_r_lt_1	8.62551263171661642e-01	5.33085065913499356e-01	1.77695021971166467e+00	5	80	161	3.12500000000000000e-02	3.12500000000000000e-02	5.31250000000000000e-01	0	0	8
3.72398547897010301e+00	902	chi_beta_inner_r_lt_0p5	7.77944391701276050e-01	4.95093109929839348e-01	1.65031036643279783e+00	5	80	161	3.12500000000000000e-02	4.68750000000000000e-01	1.56250000000000000e-01	0	7	2
3.72398547897010301e+00	902	chi_beta_annulus_0p5_1	8.62551263171661642e-01	5.33085065913499356e-01	1.77695021971166467e+00	5	80	161	3.12500000000000000e-02	3.12500000000000000e-02	5.31250000000000000e-01	0	0	8
3.72398547897010301e+00	902	chi_beta_annulus_1_1p5	4.07982134634844951e-01	1.00146377243512918e+00	3.33821257478376410e+00	5	48	96	-6.56250000000000000e-01	4.68750000000000000e-01	-5.93750000000000000e-01	21	7	22
3.72398547897010301e+00	902	chi_beta_annulus_1p5_2	2.19217944232299511e-01	1.50097624481535341e+00	5.00325414938451196e+00	5	41	83	2.18750000000000000e-01	-1.46875000000000000e+00	-2.18750000000000000e-01	3	8	28
3.72398547897010301e+00	902	chi_beta_outer_r_ge_2	1.36016772380723433e-01	2.00073228781363932e+00	6.66910762604546470e+00	5	35	70	-1.96875000000000000e+00	-9.37500000000000000e-02	-3.43750000000000000e-01	0	30	26
3.72398547897010301e+00	902	chi_beta_first_ge_1	0.00000000000000000e+00	inf	0.00000000000000000e+00	0	0	0	0.00000000000000000e+00	0.00000000000000000e+00	0.00000000000000000e+00	0	0	0
3.74041187005506703e+00	906	reference_Ricci	6.16824155497400373e+00	5.33085065913499356e-01	1.77695021971166467e+00	5	35	70	-3.43750000000000000e-01	-4.06250000000000000e-01	-3.12500000000000000e-02	26	25	31
3.74041187005506703e+00	906	reference_Riemann	8.45122323098157224e+00	5.25706370039397575e-01	1.75235456679799206e+00	5	35	70	-2.81250000000000000e-01	-2.81250000000000000e-01	-3.43750000000000000e-01	27	27	26
3.74041187005506703e+00	906	spin_connection	2.64962901788899208e+00	4.36382501367779396e-01	1.45460833789259802e+00	5	35	70	-2.18750000000000000e-01	-1.56250000000000000e-01	-3.43750000000000000e-01	28	29	26
3.74041187005506703e+00	906	spin_derivative	9.08170956302696730e+00	5.18222623493031276e-01	1.72740874497677099e+00	5	35	70	-4.68750000000000000e-01	-1.56250000000000000e-01	-1.56250000000000000e-01	24	29	29
3.74041187005506703e+00	906	Psi	3.80522821794094268e+00	4.70828724166230117e-01	1.56942908055410046e+00	5	80	161	4.68750000000000000e-01	3.12500000000000000e-02	3.12500000000000000e-02	7	0	0
3.74041187005506703e+00	906	Q	1.15822235168406014e+01	4.87139289628746752e-01	1.62379763209582251e+00	5	61	122	-2.81250000000000000e-01	-2.81250000000000000e-01	2.81250000000000000e-01	27	27	4
3.74041187005506703e+00	906	Delta	8.38470459371847987e+00	4.70828724166230117e-01	1.56942908055410046e+00	5	35	70	-9.37500000000000000e-02	-2.18750000000000000e-01	-4.06250000000000000e-01	30	28	25
3.74041187005506703e+00	906	Pi	6.93482192529507380e+00	4.70828724166230117e-01	1.56942908055410046e+00	5	74	148	-3.12500000000000000e-02	4.68750000000000000e-01	3.12500000000000000e-02	31	7	0
3.74041187005506703e+00	906	Phi	3.99948027904750214e+00	5.33085065913499356e-01	1.77695021971166467e+00	5	74	148	-5.31250000000000000e-01	3.12500000000000000e-02	3.12500000000000000e-02	23	0	0
3.74041187005506703e+00	906	GH_constraint	2.16374941635565060e-01	5.33085065913499356e-01	1.77695021971166467e+00	5	67	135	5.31250000000000000e-01	-3.12500000000000000e-02	3.12500000000000000e-02	8	31	0
3.74041187005506703e+00	906	reduction_constraint	2.51103261667224124e-02	4.62457768342148190e-01	1.54152589447382726e+00	5	67	135	1.56250000000000000e-01	-1.56250000000000000e-01	4.06250000000000000e-01	2	29	6
3.74041187005506703e+00	906	curl_constraint	3.38512756731170206e-01	4.87139289628746752e-01	1.62379763209582251e+00	5	61	122	-9.37500000000000000e-02	-9.37500000000000000e-02	4.68750000000000000e-01	30	30	7
3.74041187005506703e+00	906	source_curvature	1.43833019043059736e+01	5.18222623493031276e-01	1.72740874497677099e+00	5	41	83	1.56250000000000000e-01	-4.06250000000000000e-01	-2.81250000000000000e-01	2	25	27
3.74041187005506703e+00	906	source_QQ	3.23874798218382196e+01	4.70828724166230117e-01	1.56942908055410046e+00	5	54	109	2.81250000000000000e-01	1.56250000000000000e-01	-3.43750000000000000e-01	4	2	26
3.74041187005506703e+00	906	source_DeltaDelta	1.43626662818684974e+01	4.70828724166230117e-01	1.56942908055410046e+00	5	80	161	3.43750000000000000e-01	2.81250000000000000e-01	1.56250000000000000e-01	5	4	2
3.74041187005506703e+00	906	source_damping	0.00000000000000000e+00	4.13527130307069442e+01	1.37842376769023161e+02	3	0	0	-2.38750000000000000e+01	-2.38750000000000000e+01	-2.38750000000000000e+01	0	0	0
3.74041187005506703e+00	906	source_frame_correction	3.77829008784195919e+00	4.79053428648621604e-01	1.59684476216207205e+00	5	48	96	-3.12500000000000000e-02	4.68750000000000000e-01	-9.37500000000000000e-02	31	7	30
3.74041187005506703e+00	906	Psi_RHS_Linf	2.03362622653103653e+00	4.70828724166230117e-01	1.56942908055410046e+00	5	74	148	-3.12500000000000000e-02	4.68750000000000000e-01	3.12500000000000000e-02	31	7	0
3.74041187005506703e+00	906	Pi_RHS_Linf	7.23217269720569078e+00	4.70828724166230117e-01	1.56942908055410046e+00	5	80	161	3.12500000000000000e-02	4.68750000000000000e-01	3.12500000000000000e-02	0	7	0
3.74041187005506703e+00	906	Phi_RHS_Linf	4.92875006229008950e+00	5.33085065913499356e-01	1.77695021971166467e+00	5	54	109	3.12500000000000000e-02	5.31250000000000000e-01	-3.12500000000000000e-02	0	8	31
3.74041187005506703e+00	906	Hhat_RHS_Linf	0.00000000000000000e+00	4.13527130307069442e+01	1.37842376769023161e+02	3	0	0	-2.38750000000000000e+01	-2.38750000000000000e+01	-2.38750000000000000e+01	0	0	0
3.74041187005506703e+00	906	theta_RHS_Linf	0.00000000000000000e+00	4.13527130307069442e+01	1.37842376769023161e+02	3	0	0	-2.38750000000000000e+01	-2.38750000000000000e+01	-2.38750000000000000e+01	0	0	0
3.74041187005506703e+00	906	Upsilon_RHS_Linf	0.00000000000000000e+00	4.13527130307069442e+01	1.37842376769023161e+02	3	0	0	-2.38750000000000000e+01	-2.38750000000000000e+01	-2.38750000000000000e+01	0	0	0
3.74041187005506703e+00	906	chi_beta	8.70295591912037758e-01	5.33085065913499356e-01	1.77695021971166467e+00	5	80	161	3.12500000000000000e-02	3.12500000000000000e-02	5.31250000000000000e-01	0	0	8
3.74041187005506703e+00	906	chi_beta_near_r_lt_1	8.70295591912037758e-01	5.33085065913499356e-01	1.77695021971166467e+00	5	80	161	3.12500000000000000e-02	3.12500000000000000e-02	5.31250000000000000e-01	0	0	8
3.74041187005506703e+00	906	chi_beta_inner_r_lt_0p5	7.85610241137762788e-01	4.95093109929839348e-01	1.65031036643279783e+00	5	41	83	4.68750000000000000e-01	-1.56250000000000000e-01	-3.12500000000000000e-02	7	29	31
3.74041187005506703e+00	906	chi_beta_annulus_0p5_1	8.70295591912037758e-01	5.33085065913499356e-01	1.77695021971166467e+00	5	80	161	3.12500000000000000e-02	3.12500000000000000e-02	5.31250000000000000e-01	0	0	8
3.74041187005506703e+00	906	chi_beta_annulus_1_1p5	4.11573905253535433e-01	1.00146377243512918e+00	3.33821257478376410e+00	5	41	83	6.56250000000000000e-01	-5.93750000000000000e-01	-4.68750000000000000e-01	10	22	24
3.74041187005506703e+00	906	chi_beta_annulus_1p5_2	2.21139226553472484e-01	1.50097624481535341e+00	5.00325414938451196e+00	5	41	83	2.18750000000000000e-01	-1.46875000000000000e+00	-2.18750000000000000e-01	3	8	28
3.74041187005506703e+00	906	chi_beta_outer_r_ge_2	1.37208058481591760e-01	2.00073228781363932e+00	6.66910762604546470e+00	5	35	70	-1.96875000000000000e+00	-9.37500000000000000e-02	-3.43750000000000000e-01	0	30	26
3.74041187005506703e+00	906	chi_beta_first_ge_1	0.00000000000000000e+00	inf	0.00000000000000000e+00	0	0	0	0.00000000000000000e+00	0.00000000000000000e+00	0.00000000000000000e+00	0	0	0
3.76094330162719759e+00	911	reference_Ricci	6.25374650350726746e+00	5.33085065913499356e-01	1.77695021971166467e+00	5	35	70	-2.18750000000000000e-01	-3.43750000000000000e-01	-3.43750000000000000e-01	28	26	26
3.76094330162719759e+00	911	reference_Riemann	8.57798508960561001e+00	5.25706370039397575e-01	1.75235456679799206e+00	5	35	70	-2.81250000000000000e-01	-3.43750000000000000e-01	-2.81250000000000000e-01	27	26	27
3.76094330162719759e+00	911	spin_connection	2.66873984103132011e+00	4.36382501367779396e-01	1.45460833789259802e+00	5	35	70	-1.56250000000000000e-01	-3.12500000000000000e-02	-4.06250000000000000e-01	29	31	25
3.76094330162719759e+00	911	spin_derivative	9.19758138034049644e+00	5.18222623493031276e-01	1.72740874497677099e+00	5	35	70	-3.12500000000000000e-02	-2.18750000000000000e-01	-4.68750000000000000e-01	31	28	24
3.76094330162719759e+00	911	Psi	3.84634497632142125e+00	4.70828724166230117e-01	1.56942908055410046e+00	5	74	148	-3.12500000000000000e-02	3.12500000000000000e-02	4.68750000000000000e-01	31	0	7
3.76094330162719759e+00	911	Q	1.19222238083101413e+01	4.87139289628746752e-01	1.62379763209582251e+00	5	35	70	-2.81250000000000000e-01	-2.81250000000000000e-01	-2.81250000000000000e-01	27	27	27
3.76094330162719759e+00	911	Delta	8.61765956503271191e+00	4.70828724166230117e-01	1.56942908055410046e+00	5	80	161	3.43750000000000000e-01	2.81250000000000000e-01	1.56250000000000000e-01	5	4	2
3.76094330162719759e+00	911	Pi	7.07861289403814276e+00	4.70828724166230117e-01	1.56942908055410046e+00	5	74	148	-3.12500000000000000e-02	4.68750000000000000e-01	3.12500000000000000e-02	31	7	0
3.76094330162719759e+00	911	Phi	4.10957463379602483e+00	5.33085065913499356e-01	1.77695021971166467e+00	5	74	148	-5.31250000000000000e-01	3.12500000000000000e-02	3.12500000000000000e-02	23	0	0
3.76094330162719759e+00	911	GH_constraint	2.30790506812506846e-01	5.33085065913499356e-01	1.77695021971166467e+00	5	41	83	3.12500000000000000e-02	-3.12500000000000000e-02	-5.31250000000000000e-01	0	31	23
3.76094330162719759e+00	911	reduction_constraint	2.59295503716872669e-02	4.62457768342148190e-01	1.54152589447382726e+00	5	67	135	1.56250000000000000e-01	-1.56250000000000000e-01	4.06250000000000000e-01	2	29	6
3.76094330162719759e+00	911	curl_constraint	3.56854502557442110e-01	4.95093109929839348e-01	1.65031036643279783e+00	5	48	96	-1.56250000000000000e-01	3.12500000000000000e-02	-4.68750000000000000e-01	29	0	24
3.76094330162719759e+00	911	source_curvature	1.46153832060153857e+01	5.18222623493031276e-01	1.72740874497677099e+00	5	41	83	1.56250000000000000e-01	-4.06250000000000000e-01	-2.81250000000000000e-01	2	25	27
3.76094330162719759e+00	911	source_QQ	3.34405868702934868e+01	4.70828724166230117e-01	1.56942908055410046e+00	5	80	161	3.43750000000000000e-01	2.81250000000000000e-01	1.56250000000000000e-01	5	4	2
3.76094330162719759e+00	911	source_DeltaDelta	1.47557588735155054e+01	4.70828724166230117e-01	1.56942908055410046e+00	5	80	161	3.43750000000000000e-01	2.81250000000000000e-01	1.56250000000000000e-01	5	4	2
3.76094330162719759e+00	911	source_damping	0.00000000000000000e+00	4.13527130307069442e+01	1.37842376769023161e+02	3	0	0	-2.38750000000000000e+01	-2.38750000000000000e+01	-2.38750000000000000e+01	0	0	0
3.76094330162719759e+00	911	source_frame_correction	3.89624405179556943e+00	4.79053428648621604e-01	1.59684476216207205e+00	5	48	96	-3.12500000000000000e-02	4.68750000000000000e-01	-9.37500000000000000e-02	31	7	30
3.76094330162719759e+00	911	Psi_RHS_Linf	2.08918097876165731e+00	4.70828724166230117e-01	1.56942908055410046e+00	5	74	148	-3.12500000000000000e-02	4.68750000000000000e-01	3.12500000000000000e-02	31	7	0
3.76094330162719759e+00	911	Pi_RHS_Linf	7.49627673424561447e+00	4.70828724166230117e-01	1.56942908055410046e+00	5	74	148	-3.12500000000000000e-02	4.68750000000000000e-01	3.12500000000000000e-02	31	7	0
3.76094330162719759e+00	911	Phi_RHS_Linf	5.09513810382257315e+00	5.33085065913499356e-01	1.77695021971166467e+00	5	74	148	-3.12500000000000000e-02	5.31250000000000000e-01	3.12500000000000000e-02	31	8	0
3.76094330162719759e+00	911	Hhat_RHS_Linf	0.00000000000000000e+00	4.13527130307069442e+01	1.37842376769023161e+02	3	0	0	-2.38750000000000000e+01	-2.38750000000000000e+01	-2.38750000000000000e+01	0	0	0
3.76094330162719759e+00	911	theta_RHS_Linf	0.00000000000000000e+00	4.13527130307069442e+01	1.37842376769023161e+02	3	0	0	-2.38750000000000000e+01	-2.38750000000000000e+01	-2.38750000000000000e+01	0	0	0
3.76094330162719759e+00	911	Upsilon_RHS_Linf	0.00000000000000000e+00	4.13527130307069442e+01	1.37842376769023161e+02	3	0	0	-2.38750000000000000e+01	-2.38750000000000000e+01	-2.38750000000000000e+01	0	0	0
3.76094330162719759e+00	911	chi_beta	8.79963744112713719e-01	5.33085065913499356e-01	1.77695021971166467e+00	5	80	161	3.12500000000000000e-02	3.12500000000000000e-02	5.31250000000000000e-01	0	0	8
3.76094330162719759e+00	911	chi_beta_near_r_lt_1	8.79963744112713719e-01	5.33085065913499356e-01	1.77695021971166467e+00	5	80	161	3.12500000000000000e-02	3.12500000000000000e-02	5.31250000000000000e-01	0	0	8
3.76094330162719759e+00	911	chi_beta_inner_r_lt_0p5	7.95251734324692094e-01	4.95093109929839348e-01	1.65031036643279783e+00	5	35	70	-3.12500000000000000e-02	-4.68750000000000000e-01	-1.56250000000000000e-01	31	24	29
3.76094330162719759e+00	911	chi_beta_annulus_0p5_1	8.79963744112713719e-01	5.33085065913499356e-01	1.77695021971166467e+00	5	80	161	3.12500000000000000e-02	3.12500000000000000e-02	5.31250000000000000e-01	0	0	8
3.76094330162719759e+00	911	chi_beta_annulus_1_1p5	4.16063488134445159e-01	1.00146377243512918e+00	3.33821257478376410e+00	5	74	148	-6.56250000000000000e-01	5.93750000000000000e-01	4.68750000000000000e-01	21	9	7
3.76094330162719759e+00	911	chi_beta_annulus_1p5_2	2.23540896330032268e-01	1.50097624481535341e+00	5.00325414938451196e+00	5	41	83	2.18750000000000000e-01	-1.46875000000000000e+00	-2.18750000000000000e-01	3	8	28
3.76094330162719759e+00	911	chi_beta_outer_r_ge_2	1.38697556988193194e-01	2.00073228781363932e+00	6.66910762604546470e+00	5	61	122	-3.43750000000000000e-01	-9.37500000000000000e-02	1.96875000000000000e+00	26	30	31
3.76094330162719759e+00	911	chi_beta_first_ge_1	0.00000000000000000e+00	inf	0.00000000000000000e+00	0	0	0	0.00000000000000000e+00	0.00000000000000000e+00	0.00000000000000000e+00	0	0	0
3.78147300064031144e+00	916	reference_Ricci	6.34000369995199797e+00	5.33085065913499356e-01	1.77695021971166467e+00	5	35	70	-3.43750000000000000e-01	-3.12500000000000000e-02	-4.06250000000000000e-01	26	31	25
3.78147300064031144e+00	916	reference_Riemann	8.70603699925027108e+00	5.25706370039397575e-01	1.75235456679799206e+00	5	35	70	-3.43750000000000000e-01	-2.81250000000000000e-01	-2.81250000000000000e-01	26	27	27
3.78147300064031144e+00	916	spin_connection	2.68788941827770778e+00	4.36382501367779396e-01	1.45460833789259802e+00	5	35	70	-4.06250000000000000e-01	-3.12500000000000000e-02	-1.56250000000000000e-01	25	31	29
3.78147300064031144e+00	916	spin_derivative	9.31421007654049760e+00	5.18222623493031276e-01	1.72740874497677099e+00	5	35	70	-1.56250000000000000e-01	-4.06250000000000000e-01	-2.81250000000000000e-01	29	25	27
3.78147300064031144e+00	916	Psi	3.88842412707095253e+00	4.70828724166230117e-01	1.56942908055410046e+00	5	41	83	3.12500000000000000e-02	-4.68750000000000000e-01	-3.12500000000000000e-02	0	24	31
3.78147300064031144e+00	916	Q	1.22762445967169533e+01	4.87139289628746752e-01	1.62379763209582251e+00	5	61	122	-2.81250000000000000e-01	-2.81250000000000000e-01	2.81250000000000000e-01	27	27	4
3.78147300064031144e+00	916	Delta	8.86005791574902446e+00	4.70828724166230117e-01	1.56942908055410046e+00	5	80	161	3.43750000000000000e-01	2.81250000000000000e-01	1.56250000000000000e-01	5	4	2
3.78147300064031144e+00	916	Pi	7.22811821976206748e+00	4.70828724166230117e-01	1.56942908055410046e+00	5	74	148	-3.12500000000000000e-02	4.68750000000000000e-01	3.12500000000000000e-02	31	7	0
3.78147300064031144e+00	916	Phi	4.22307508496433215e+00	5.33085065913499356e-01	1.77695021971166467e+00	5	74	148	-5.31250000000000000e-01	3.12500000000000000e-02	3.12500000000000000e-02	23	0	0
3.78147300064031144e+00	916	GH_constraint	2.46146677806199338e-01	5.33085065913499356e-01	1.77695021971166467e+00	5	80	161	5.31250000000000000e-01	3.12500000000000000e-02	3.12500000000000000e-02	8	0	0
3.78147300064031144e+00	916	reduction_constraint	2.67671669055000519e-02	4.62457768342148190e-01	1.54152589447382726e+00	5	67	135	1.56250000000000000e-01	-1.56250000000000000e-01	4.06250000000000000e-01	2	29	6
3.78147300064031144e+00	916	curl_constraint	3.78838206438185332e-01	4.95093109929839348e-01	1.65031036643279783e+00	5	74	148	-1.56250000000000000e-01	3.12500000000000000e-02	4.68750000000000000e-01	29	0	7
3.78147300064031144e+00	916	source_curvature	1.48522046139229715e+01	5.18222623493031276e-01	1.72740874497677099e+00	5	41	83	1.56250000000000000e-01	-4.06250000000000000e-01	-2.81250000000000000e-01	2	25	27
3.78147300064031144e+00	916	source_QQ	3.45408260301044336e+01	4.70828724166230117e-01	1.56942908055410046e+00	5	80	161	3.43750000000000000e-01	2.81250000000000000e-01	1.56250000000000000e-01	5	4	2
3.78147300064031144e+00	916	source_DeltaDelta	1.51631253095283700e+01	4.70828724166230117e-01	1.56942908055410046e+00	5	80	161	3.43750000000000000e-01	2.81250000000000000e-01	1.56250000000000000e-01	5	4	2
3.78147300064031144e+00	916	source_damping	0.00000000000000000e+00	4.13527130307069442e+01	1.37842376769023161e+02	3	0	0	-2.38750000000000000e+01	-2.38750000000000000e+01	-2.38750000000000000e+01	0	0	0
3.78147300064031144e+00	916	source_frame_correction	4.01768441819023536e+00	4.79053428648621604e-01	1.59684476216207205e+00	5	48	96	-3.12500000000000000e-02	4.68750000000000000e-01	-9.37500000000000000e-02	31	7	30
3.78147300064031144e+00	916	Psi_RHS_Linf	2.14680687819848481e+00	4.70828724166230117e-01	1.56942908055410046e+00	5	74	148	-3.12500000000000000e-02	4.68750000000000000e-01	3.12500000000000000e-02	31	7	0
3.78147300064031144e+00	916	Pi_RHS_Linf	7.77291175533100454e+00	4.70828724166230117e-01	1.56942908055410046e+00	5	54	109	3.12500000000000000e-02	4.68750000000000000e-01	-3.12500000000000000e-02	0	7	31
3.78147300064031144e+00	916	Phi_RHS_Linf	5.26759117992052950e+00	5.33085065913499356e-01	1.77695021971166467e+00	5	74	148	-3.12500000000000000e-02	5.31250000000000000e-01	3.12500000000000000e-02	31	8	0
3.78147300064031144e+00	916	Hhat_RHS_Linf	0.00000000000000000e+00	4.13527130307069442e+01	1.37842376769023161e+02	3	0	0	-2.38750000000000000e+01	-2.38750000000000000e+01	-2.38750000000000000e+01	0	0	0
3.78147300064031144e+00	916	theta_RHS_Linf	0.00000000000000000e+00	4.13527130307069442e+01	1.37842376769023161e+02	3	0	0	-2.38750000000000000e+01	-2.38750000000000000e+01	-2.38750000000000000e+01	0	0	0
3.78147300064031144e+00	916	Upsilon_RHS_Linf	0.00000000000000000e+00	4.13527130307069442e+01	1.37842376769023161e+02	3	0	0	-2.38750000000000000e+01	-2.38750000000000000e+01	-2.38750000000000000e+01	0	0	0
3.78147300064031144e+00	916	chi_beta	8.89613947889400847e-01	5.33085065913499356e-01	1.77695021971166467e+00	5	80	161	3.12500000000000000e-02	3.12500000000000000e-02	5.31250000000000000e-01	0	0	8
3.78147300064031144e+00	916	chi_beta_near_r_lt_1	8.89613947889400847e-01	5.33085065913499356e-01	1.77695021971166467e+00	5	80	161	3.12500000000000000e-02	3.12500000000000000e-02	5.31250000000000000e-01	0	0	8
3.78147300064031144e+00	916	chi_beta_inner_r_lt_0p5	8.04958966701035949e-01	4.95093109929839348e-01	1.65031036643279783e+00	5	80	161	3.12500000000000000e-02	4.68750000000000000e-01	1.56250000000000000e-01	0	7	2
3.78147300064031144e+00	916	chi_beta_annulus_0p5_1	8.89613947889400847e-01	5.33085065913499356e-01	1.77695021971166467e+00	5	80	161	3.12500000000000000e-02	3.12500000000000000e-02	5.31250000000000000e-01	0	0	8
3.78147300064031144e+00	916	chi_beta_annulus_1_1p5	4.20552282614166828e-01	1.00146377243512918e+00	3.33821257478376410e+00	5	67	135	4.68750000000000000e-01	-6.56250000000000000e-01	5.93750000000000000e-01	7	21	9
3.78147300064031144e+00	916	chi_beta_annulus_1p5_2	2.25942316028460793e-01	1.50097624481535341e+00	5.00325414938451196e+00	5	41	83	2.18750000000000000e-01	-1.46875000000000000e+00	-2.18750000000000000e-01	3	8	28
3.78147300064031144e+00	916	chi_beta_outer_r_ge_2	1.40187300255507380e-01	2.00073228781363932e+00	6.66910762604546470e+00	5	61	122	-3.43750000000000000e-01	-9.37500000000000000e-02	1.96875000000000000e+00	26	30	31
3.78147300064031144e+00	916	chi_beta_first_ge_1	0.00000000000000000e+00	inf	0.00000000000000000e+00	0	0	0	0.00000000000000000e+00	0.00000000000000000e+00	0.00000000000000000e+00	0	0	0
3.80200096485542716e+00	921	reference_Ricci	6.42700392306121149e+00	5.33085065913499356e-01	1.77695021971166467e+00	5	35	70	-3.12500000000000000e-02	-3.43750000000000000e-01	-4.06250000000000000e-01	31	26	25
3.80200096485542716e+00	921	reference_Riemann	8.83536871861068462e+00	5.25706370039397575e-01	1.75235456679799206e+00	5	35	70	-3.43750000000000000e-01	-2.81250000000000000e-01	-2.81250000000000000e-01	26	27	27
3.80200096485542716e+00	921	spin_connection	2.70707481073642686e+00	4.36382501367779396e-01	1.45460833789259802e+00	5	35	70	-1.56250000000000000e-01	-3.12500000000000000e-02	-4.06250000000000000e-01	29	31	25
3.80200096485542716e+00	921	spin_derivative	9.43158637631747432e+00	5.18222623493031276e-01	1.72740874497677099e+00	5	35	70	-4.06250000000000000e-01	-1.56250000000000000e-01	-2.81250000000000000e-01	25	29	27
3.80200096485542716e+00	921	Psi	3.93150186618645048e+00	4.70828724166230117e-01	1.56942908055410046e+00	5	41	83	3.12500000000000000e-02	-4.68750000000000000e-01	-3.12500000000000000e-02	0	24	31
3.80200096485542716e+00	921	Q	1.26450473156600705e+01	4.87139289628746752e-01	1.62379763209582251e+00	5	61	122	-2.81250000000000000e-01	-2.81250000000000000e-01	2.81250000000000000e-01	27	27	4
3.80200096485542716e+00	921	Delta	9.11204611545096377e+00	4.70828724166230117e-01	1.56942908055410046e+00	5	80	161	3.43750000000000000e-01	2.81250000000000000e-01	1.56250000000000000e-01	5	4	2
3.80200096485542716e+00	921	Pi	7.38366697036005792e+00	4.70828724166230117e-01	1.56942908055410046e+00	5	74	148	-3.12500000000000000e-02	4.68750000000000000e-01	3.12500000000000000e-02	31	7	0
3.80200096485542716e+00	921	Phi	4.34011368617197490e+00	5.33085065913499356e-01	1.77695021971166467e+00	5	80	161	3.12500000000000000e-02	5.31250000000000000e-01	3.12500000000000000e-02	0	8	0
3.80200096485542716e+00	921	GH_constraint	2.62511006134050928e-01	5.33085065913499356e-01	1.77695021971166467e+00	5	67	135	3.12500000000000000e-02	-3.12500000000000000e-02	5.31250000000000000e-01	0	31	8
3.80200096485542716e+00	921	reduction_constraint	2.76238433139597006e-02	4.62457768342148190e-01	1.54152589447382726e+00	5	67	135	1.56250000000000000e-01	-1.56250000000000000e-01	4.06250000000000000e-01	2	29	6
3.80200096485542716e+00	921	curl_constraint	4.02399321251768305e-01	4.95093109929839348e-01	1.65031036643279783e+00	5	74	148	-1.56250000000000000e-01	3.12500000000000000e-02	4.68750000000000000e-01	29	0	7
3.80200096485542716e+00	921	source_curvature	1.50938528001026864e+01	5.18222623493031276e-01	1.72740874497677099e+00	5	41	83	1.56250000000000000e-01	-4.06250000000000000e-01	-2.81250000000000000e-01	2	25	27
3.80200096485542716e+00	921	source_QQ	3.56906298375174487e+01	4.70828724166230117e-01	1.56942908055410046e+00	5	80	161	3.43750000000000000e-01	2.81250000000000000e-01	1.56250000000000000e-01	5	4	2
3.80200096485542716e+00	921	source_DeltaDelta	1.55853543231766860e+01	4.70828724166230117e-01	1.56942908055410046e+00	5	80	161	3.43750000000000000e-01	2.81250000000000000e-01	1.56250000000000000e-01	5	4	2
3.80200096485542716e+00	921	source_damping	0.00000000000000000e+00	4.13527130307069442e+01	1.37842376769023161e+02	3	0	0	-2.38750000000000000e+01	-2.38750000000000000e+01	-2.38750000000000000e+01	0	0	0
3.80200096485542716e+00	921	source_frame_correction	4.15614616722682229e+00	4.70828724166230117e-01	1.56942908055410046e+00	5	80	161	3.12500000000000000e-02	4.68750000000000000e-01	3.12500000000000000e-02	0	7	0
3.80200096485542716e+00	921	Psi_RHS_Linf	2.20659979547654972e+00	4.70828724166230117e-01	1.56942908055410046e+00	5	74	148	-3.12500000000000000e-02	4.68750000000000000e-01	3.12500000000000000e-02	31	7	0
3.80200096485542716e+00	921	Pi_RHS_Linf	8.06267154646768347e+00	4.70828724166230117e-01	1.56942908055410046e+00	5	54	109	3.12500000000000000e-02	4.68750000000000000e-01	-3.12500000000000000e-02	0	7	31
3.80200096485542716e+00	921	Phi_RHS_Linf	5.44629974020886820e+00	5.33085065913499356e-01	1.77695021971166467e+00	5	67	135	3.12500000000000000e-02	-5.31250000000000000e-01	3.12500000000000000e-02	0	23	0
3.80200096485542716e+00	921	Hhat_RHS_Linf	0.00000000000000000e+00	4.13527130307069442e+01	1.37842376769023161e+02	3	0	0	-2.38750000000000000e+01	-2.38750000000000000e+01	-2.38750000000000000e+01	0	0	0
3.80200096485542716e+00	921	theta_RHS_Linf	0.00000000000000000e+00	4.13527130307069442e+01	1.37842376769023161e+02	3	0	0	-2.38750000000000000e+01	-2.38750000000000000e+01	-2.38750000000000000e+01	0	0	0
3.80200096485542716e+00	921	Upsilon_RHS_Linf	0.00000000000000000e+00	4.13527130307069442e+01	1.37842376769023161e+02	3	0	0	-2.38750000000000000e+01	-2.38750000000000000e+01	-2.38750000000000000e+01	0	0	0
3.80200096485542716e+00	921	chi_beta	8.99241364259235398e-01	5.33085065913499356e-01	1.77695021971166467e+00	5	80	161	3.12500000000000000e-02	3.12500000000000000e-02	5.31250000000000000e-01	0	0	8
3.80200096485542716e+00	921	chi_beta_near_r_lt_1	8.99241364259235398e-01	5.33085065913499356e-01	1.77695021971166467e+00	5	80	161	3.12500000000000000e-02	3.12500000000000000e-02	5.31250000000000000e-01	0	0	8
3.80200096485542716e+00	921	chi_beta_inner_r_lt_0p5	8.14731873716367461e-01	4.95093109929839348e-01	1.65031036643279783e+00	5	80	161	3.12500000000000000e-02	4.68750000000000000e-01	1.56250000000000000e-01	0	7	2
3.80200096485542716e+00	921	chi_beta_annulus_0p5_1	8.99241364259235398e-01	5.33085065913499356e-01	1.77695021971166467e+00	5	80	161	3.12500000000000000e-02	3.12500000000000000e-02	5.31250000000000000e-01	0	0	8
3.80200096485542716e+00	921	chi_beta_annulus_1_1p5	4.25039599190623563e-01	1.00146377243512918e+00	3.33821257478376410e+00	5	67	135	6.56250000000000000e-01	-4.68750000000000000e-01	5.93750000000000000e-01	10	24	9
3.80200096485542716e+00	921	chi_beta_annulus_1p5_2	2.28343138299065496e-01	1.50097624481535341e+00	5.00325414938451196e+00	5	41	83	2.18750000000000000e-01	-1.46875000000000000e+00	-2.18750000000000000e-01	3	8	28
3.80200096485542716e+00	921	chi_beta_outer_r_ge_2	1.41677085184369583e-01	2.00073228781363932e+00	6.66910762604546470e+00	5	35	70	-1.96875000000000000e+00	-9.37500000000000000e-02	-3.43750000000000000e-01	0	30	26
3.80200096485542716e+00	921	chi_beta_first_ge_1	0.00000000000000000e+00	inf	0.00000000000000000e+00	0	0	0	0.00000000000000000e+00	0.00000000000000000e+00	0.00000000000000000e+00	0	0	0
3.82252719220698189e+00	926	reference_Ricci	6.51473763251558502e+00	5.33085065913499356e-01	1.77695021971166467e+00	5	35	70	-3.43750000000000000e-01	-3.43750000000000000e-01	-2.18750000000000000e-01	26	26	28
3.82252719220698189e+00	926	reference_Riemann	8.96596946769684244e+00	5.25706370039397575e-01	1.75235456679799206e+00	5	35	70	-3.43750000000000000e-01	-2.81250000000000000e-01	-2.81250000000000000e-01	26	27	27
3.82252719220698189e+00	926	spin_connection	2.72629309277402099e+00	4.36382501367779396e-01	1.45460833789259802e+00	5	35	70	-3.12500000000000000e-02	-1.56250000000000000e-01	-4.06250000000000000e-01	31	29	25
3.82252719220698189e+00	926	spin_derivative	9.54970069520430975e+00	5.18222623493031276e-01	1.72740874497677099e+00	5	35	70	-1.56250000000000000e-01	-2.81250000000000000e-01	-4.06250000000000000e-01	29	27	25
3.82252719220698189e+00	926	Psi	3.97561661909162112e+00	4.70828724166230117e-01	1.56942908055410046e+00	5	67	135	3.12500000000000000e-02	-4.68750000000000000e-01	3.12500000000000000e-02	0	24	0
3.82252719220698189e+00	926	Q	1.30294396258434926e+01	4.87139289628746752e-01	1.62379763209582251e+00	5	61	122	-2.81250000000000000e-01	-2.81250000000000000e-01	2.81250000000000000e-01	27	27	4
3.82252719220698189e+00	926	Delta	9.37412637341097899e+00	4.70828724166230117e-01	1.56942908055410046e+00	5	54	109	2.81250000000000000e-01	1.56250000000000000e-01	-3.43750000000000000e-01	4	2	26
3.82252719220698189e+00	926	Pi	7.54560433308711609e+00	4.70828724166230117e-01	1.56942908055410046e+00	5	74	148	-3.12500000000000000e-02	4.68750000000000000e-01	3.12500000000000000e-02	31	7	0
3.82252719220698189e+00	926	Phi	4.46082730007731598e+00	5.33085065913499356e-01	1.77695021971166467e+00	5	67	135	3.12500000000000000e-02	-5.31250000000000000e-01	3.12500000000000000e-02	0	23	0
3.82252719220698189e+00	926	GH_constraint	2.79956773914126378e-01	5.33085065913499356e-01	1.77695021971166467e+00	5	80	161	3.12500000000000000e-02	5.31250000000000000e-01	3.12500000000000000e-02	0	8	0
3.82252719220698189e+00	926	reduction_constraint	2.85004061306847224e-02	4.62457768342148190e-01	1.54152589447382726e+00	5	61	122	-1.56250000000000000e-01	-4.06250000000000000e-01	1.56250000000000000e-01	29	25	2
3.82252719220698189e+00	926	curl_constraint	4.27626065027877533e-01	4.95093109929839348e-01	1.65031036643279783e+00	5	74	148	-1.56250000000000000e-01	3.12500000000000000e-02	4.68750000000000000e-01	29	0	7
3.82252719220698189e+00	926	source_curvature	1.53404110256631601e+01	5.18222623493031276e-01	1.72740874497677099e+00	5	41	83	1.56250000000000000e-01	-4.06250000000000000e-01	-2.81250000000000000e-01	2	25	27
3.82252719220698189e+00	926	source_QQ	3.68925476527692737e+01	4.70828724166230117e-01	1.56942908055410046e+00	5	80	161	3.43750000000000000e-01	2.81250000000000000e-01	1.56250000000000000e-01	5	4	2
3.82252719220698189e+00	926	source_DeltaDelta	1.60230501707853037e+01	4.70828724166230117e-01	1.56942908055410046e+00	5	80	161	3.43750000000000000e-01	2.81250000000000000e-01	1.56250000000000000e-01	5	4	2
3.82252719220698189e+00	926	source_damping	0.00000000000000000e+00	4.13527130307069442e+01	1.37842376769023161e+02	3	0	0	-2.38750000000000000e+01	-2.38750000000000000e+01	-2.38750000000000000e+01	0	0	0
3.82252719220698189e+00	926	source_frame_correction	4.30245732485196264e+00	4.70828724166230117e-01	1.56942908055410046e+00	5	80	161	3.12500000000000000e-02	4.68750000000000000e-01	3.12500000000000000e-02	0	7	0
3.82252719220698189e+00	926	Psi_RHS_Linf	2.26865996526688773e+00	4.70828724166230117e-01	1.56942908055410046e+00	5	74	148	-3.12500000000000000e-02	4.68750000000000000e-01	3.12500000000000000e-02	31	7	0
3.82252719220698189e+00	926	Pi_RHS_Linf	8.36617445735327081e+00	4.70828724166230117e-01	1.56942908055410046e+00	5	54	109	3.12500000000000000e-02	4.68750000000000000e-01	-3.12500000000000000e-02	0	7	31
3.82252719220698189e+00	926	Phi_RHS_Linf	5.63145527236036703e+00	5.33085065913499356e-01	1.77695021971166467e+00	5	74	148	-3.12500000000000000e-02	5.31250000000000000e-01	3.12500000000000000e-02	31	8	0
3.82252719220698189e+00	926	Hhat_RHS_Linf	0.00000000000000000e+00	4.13527130307069442e+01	1.37842376769023161e+02	3	0	0	-2.38750000000000000e+01	-2.38750000000000000e+01	-2.38750000000000000e+01	0	0	0
3.82252719220698189e+00	926	theta_RHS_Linf	0.00000000000000000e+00	4.13527130307069442e+01	1.37842376769023161e+02	3	0	0	-2.38750000000000000e+01	-2.38750000000000000e+01	-2.38750000000000000e+01	0	0	0
3.82252719220698189e+00	926	Upsilon_RHS_Linf	0.00000000000000000e+00	4.13527130307069442e+01	1.37842376769023161e+02	3	0	0	-2.38750000000000000e+01	-2.38750000000000000e+01	-2.38750000000000000e+01	0	0	0
3.82252719220698189e+00	926	chi_beta	9.08840937240860458e-01	5.33085065913499356e-01	1.77695021971166467e+00	5	80	161	3.12500000000000000e-02	3.12500000000000000e-02	5.31250000000000000e-01	0	0	8
3.82252719220698189e+00	926	chi_beta_near_r_lt_1	9.08840937240860458e-01	5.33085065913499356e-01	1.77695021971166467e+00	5	80	161	3.12500000000000000e-02	3.12500000000000000e-02	5.31250000000000000e-01	0	0	8
3.82252719220698189e+00	926	chi_beta_inner_r_lt_0p5	8.24570341996435530e-01	4.95093109929839348e-01	1.65031036643279783e+00	5	41	83	3.12500000000000000e-02	-1.56250000000000000e-01	-4.68750000000000000e-01	0	29	24
3.82252719220698189e+00	926	chi_beta_annulus_0p5_1	9.08840937240860458e-01	5.33085065913499356e-01	1.77695021971166467e+00	5	80	161	3.12500000000000000e-02	3.12500000000000000e-02	5.31250000000000000e-01	0	0	8
3.82252719220698189e+00	926	chi_beta_annulus_1_1p5	4.29524748591287697e-01	1.00146377243512918e+00	3.33821257478376410e+00	5	35	70	-4.68750000000000000e-01	-5.93750000000000000e-01	-6.56250000000000000e-01	24	22	21
3.82252719220698189e+00	926	chi_beta_annulus_1p5_2	2.30743016101300907e-01	1.50097624481535341e+00	5.00325414938451196e+00	5	41	83	2.18750000000000000e-01	-1.46875000000000000e+00	-2.18750000000000000e-01	3	8	28
3.82252719220698189e+00	926	chi_beta_outer_r_ge_2	1.43166708714448365e-01	2.00073228781363932e+00	6.66910762604546470e+00	5	41	83	1.96875000000000000e+00	-3.43750000000000000e-01	-9.37500000000000000e-02	31	26	30
3.82252719220698189e+00	926	chi_beta_first_ge_1	0.00000000000000000e+00	inf	0.00000000000000000e+00	0	0	0	0.00000000000000000e+00	0.00000000000000000e+00	0.00000000000000000e+00	0	0	0
3.84305168080292381e+00	931	reference_Ricci	6.60319497289223722e+00	5.33085065913499356e-01	1.77695021971166467e+00	5	35	70	-3.43750000000000000e-01	-4.06250000000000000e-01	-3.12500000000000000e-02	26	25	31
3.84305168080292381e+00	931	reference_Riemann	9.09782792986453615e+00	5.25706370039397575e-01	1.75235456679799206e+00	5	35	70	-9.37500000000000000e-02	-2.18750000000000000e-01	-4.68750000000000000e-01	30	28	24
3.84305168080292381e+00	931	spin_connection	2.74554135255135368e+00	4.36382501367779396e-01	1.45460833789259802e+00	5	35	70	-3.12500000000000000e-02	-1.56250000000000000e-01	-4.06250000000000000e-01	31	29	25
3.84305168080292381e+00	931	spin_derivative	9.66854313867056980e+00	5.18222623493031276e-01	1.72740874497677099e+00	5	35	70	-4.68750000000000000e-01	-1.56250000000000000e-01	-1.56250000000000000e-01	24	29	29
3.84305168080292381e+00	931	Psi	4.02080917354516210e+00	4.70828724166230117e-01	1.56942908055410046e+00	5	41	83	3.12500000000000000e-02	-4.68750000000000000e-01	-3.12500000000000000e-02	0	24	31
3.84305168080292381e+00	931	Q	1.34302781613123035e+01	4.87139289628746752e-01	1.62379763209582251e+00	5	61	122	-2.81250000000000000e-01	-2.81250000000000000e-01	2.81250000000000000e-01	27	27	4
3.84305168080292381e+00	931	Delta	9.64683055677623713e+00	4.70828724166230117e-01	1.56942908055410046e+00	5	80	161	3.43750000000000000e-01	2.81250000000000000e-01	1.56250000000000000e-01	5	4	2
3.84305168080292381e+00	931	Pi	7.71429212165486433e+00	4.70828724166230117e-01	1.56942908055410046e+00	5	74	148	-3.12500000000000000e-02	4.68750000000000000e-01	3.12500000000000000e-02	31	7	0
3.84305168080292381e+00	931	Phi	4.58535763055261825e+00	5.33085065913499356e-01	1.77695021971166467e+00	5	74	148	-3.12500000000000000e-02	5.31250000000000000e-01	3.12500000000000000e-02	31	8	0
3.84305168080292381e+00	931	GH_constraint	2.98563564548172511e-01	5.33085065913499356e-01	1.77695021971166467e+00	5	80	161	3.12500000000000000e-02	5.31250000000000000e-01	3.12500000000000000e-02	0	8	0
3.84305168080292381e+00	931	reduction_constraint	2.94611275885495218e-02	4.87139289628746752e-01	1.62379763209582251e+00	5	80	161	4.68750000000000000e-01	9.37500000000000000e-02	9.37500000000000000e-02	7	1	1
3.84305168080292381e+00	931	curl_constraint	4.54612790290722657e-01	4.95093109929839348e-01	1.65031036643279783e+00	5	74	148	-1.56250000000000000e-01	3.12500000000000000e-02	4.68750000000000000e-01	29	0	7
3.84305168080292381e+00	931	source_curvature	1.55919583355851543e+01	5.18222623493031276e-01	1.72740874497677099e+00	5	41	83	1.56250000000000000e-01	-4.06250000000000000e-01	-2.81250000000000000e-01	2	25	27
3.84305168080292381e+00	931	source_QQ	3.81492507057303385e+01	4.70828724166230117e-01	1.56942908055410046e+00	5	61	122	-3.43750000000000000e-01	-1.56250000000000000e-01	2.81250000000000000e-01	26	29	4
3.84305168080292381e+00	931	source_DeltaDelta	1.65184695646980124e+01	4.87139289628746752e-01	1.62379763209582251e+00	5	67	135	3.43750000000000000e-01	-3.43750000000000000e-01	3.12500000000000000e-02	5	26	0
3.84305168080292381e+00	931	source_damping	0.00000000000000000e+00	4.13527130307069442e+01	1.37842376769023161e+02	3	0	0	-2.38750000000000000e+01	-2.38750000000000000e+01	-2.38750000000000000e+01	0	0	0
3.84305168080292381e+00	931	source_frame_correction	4.45441676775360840e+00	4.70828724166230117e-01	1.56942908055410046e+00	5	74	148	-4.68750000000000000e-01	3.12500000000000000e-02	3.12500000000000000e-02	24	0	0
3.84305168080292381e+00	931	Psi_RHS_Linf	2.33309214137433907e+00	4.70828724166230117e-01	1.56942908055410046e+00	5	74	148	-3.12500000000000000e-02	4.68750000000000000e-01	3.12500000000000000e-02	31	7	0
3.84305168080292381e+00	931	Pi_RHS_Linf	8.68406410365275860e+00	4.70828724166230117e-01	1.56942908055410046e+00	5	54	109	4.68750000000000000e-01	3.12500000000000000e-02	-3.12500000000000000e-02	7	0	31
3.84305168080292381e+00	931	Phi_RHS_Linf	5.82324975128565381e+00	5.33085065913499356e-01	1.77695021971166467e+00	5	67	135	3.12500000000000000e-02	-5.31250000000000000e-01	3.12500000000000000e-02	0	23	0
3.84305168080292381e+00	931	Hhat_RHS_Linf	0.00000000000000000e+00	4.13527130307069442e+01	1.37842376769023161e+02	3	0	0	-2.38750000000000000e+01	-2.38750000000000000e+01	-2.38750000000000000e+01	0	0	0
3.84305168080292381e+00	931	theta_RHS_Linf	0.00000000000000000e+00	4.13527130307069442e+01	1.37842376769023161e+02	3	0	0	-2.38750000000000000e+01	-2.38750000000000000e+01	-2.38750000000000000e+01	0	0	0
3.84305168080292381e+00	931	Upsilon_RHS_Linf	0.00000000000000000e+00	4.13527130307069442e+01	1.37842376769023161e+02	3	0	0	-2.38750000000000000e+01	-2.38750000000000000e+01	-2.38750000000000000e+01	0	0	0
3.84305168080292381e+00	931	chi_beta	9.18407389818226338e-01	5.33085065913499356e-01	1.77695021971166467e+00	5	61	122	-5.31250000000000000e-01	-3.12500000000000000e-02	3.12500000000000000e-02	23	31	0
3.84305168080292381e+00	931	chi_beta_near_r_lt_1	9.18407389818226338e-01	5.33085065913499356e-01	1.77695021971166467e+00	5	61	122	-5.31250000000000000e-01	-3.12500000000000000e-02	3.12500000000000000e-02	23	31	0
3.84305168080292381e+00	931	chi_beta_inner_r_lt_0p5	8.34474208576019505e-01	4.95093109929839348e-01	1.65031036643279783e+00	5	48	96	-3.12500000000000000e-02	4.68750000000000000e-01	-1.56250000000000000e-01	31	7	29
3.84305168080292381e+00	931	chi_beta_annulus_0p5_1	9.18407389818226338e-01	5.33085065913499356e-01	1.77695021971166467e+00	5	61	122	-5.31250000000000000e-01	-3.12500000000000000e-02	3.12500000000000000e-02	23	31	0
3.84305168080292381e+00	931	chi_beta_annulus_1_1p5	4.34007042030355561e-01	1.00146377243512918e+00	3.33821257478376410e+00	5	74	148	-4.68750000000000000e-01	5.93750000000000000e-01	6.56250000000000000e-01	24	9	10
3.84305168080292381e+00	931	chi_beta_annulus_1p5_2	2.33141602801255232e-01	1.50097624481535341e+00	5.00325414938451196e+00	5	41	83	2.18750000000000000e-01	-1.46875000000000000e+00	-2.18750000000000000e-01	3	8	28
3.84305168080292381e+00	931	chi_beta_outer_r_ge_2	1.44655967874237040e-01	2.00073228781363932e+00	6.66910762604546470e+00	5	54	109	3.43750000000000000e-01	9.37500000000000000e-02	-1.96875000000000000e+00	5	1	0
3.84305168080292381e+00	931	chi_beta_first_ge_1	0.00000000000000000e+00	inf	0.00000000000000000e+00	0	0	0	0.00000000000000000e+00	0.00000000000000000e+00	0.00000000000000000e+00	0	0	0
3.86357442892477643e+00	936	reference_Ricci	6.69236577777877617e+00	5.33085065913499356e-01	1.77695021971166467e+00	5	35	70	-3.43750000000000000e-01	-3.12500000000000000e-02	-4.06250000000000000e-01	26	31	25
3.86357442892477643e+00	936	reference_Riemann	9.23093225408879725e+00	5.25706370039397575e-01	1.75235456679799206e+00	5	35	70	-4.68750000000000000e-01	-2.18750000000000000e-01	-9.37500000000000000e-02	24	28	30
3.86357442892477643e+00	936	spin_connection	2.76481669253541451e+00	4.36382501367779396e-01	1.45460833789259802e+00	5	35	70	-1.56250000000000000e-01	-3.12500000000000000e-02	-4.06250000000000000e-01	29	31	25
3.86357442892477643e+00	936	spin_derivative	9.78810350143460717e+00	5.18222623493031276e-01	1.72740874497677099e+00	5	35	70	-4.68750000000000000e-01	-1.56250000000000000e-01	-1.56250000000000000e-01	24	29	29
3.86357442892477643e+00	936	Psi	4.06712281741062043e+00	4.70828724166230117e-01	1.56942908055410046e+00	5	67	135	3.12500000000000000e-02	-4.68750000000000000e-01	3.12500000000000000e-02	0	24	0
3.86357442892477643e+00	936	Q	1.38484714128228443e+01	4.87139289628746752e-01	1.62379763209582251e+00	5	61	122	-2.81250000000000000e-01	-2.81250000000000000e-01	2.81250000000000000e-01	27	27	4
3.86357442892477643e+00	936	Delta	9.93072199099720798e+00	4.70828724166230117e-01	1.56942908055410046e+00	5	61	122	-3.43750000000000000e-01	-1.56250000000000000e-01	2.81250000000000000e-01	26	29	4
3.86357442892477643e+00	936	Pi	7.89010929791434812e+00	4.70828724166230117e-01	1.56942908055410046e+00	5	74	148	-3.12500000000000000e-02	4.68750000000000000e-01	3.12500000000000000e-02	31	7	0
3.86357442892477643e+00	936	Phi	4.71385123886718382e+00	5.33085065913499356e-01	1.77695021971166467e+00	5	74	148	-3.12500000000000000e-02	5.31250000000000000e-01	3.12500000000000000e-02	31	8	0
3.86357442892477643e+00	936	GH_constraint	3.18417898231654117e-01	5.33085065913499356e-01	1.77695021971166467e+00	5	80	161	3.12500000000000000e-02	5.31250000000000000e-01	3.12500000000000000e-02	0	8	0
3.86357442892477643e+00	936	reduction_constraint	3.07189342666189628e-02	4.87139289628746752e-01	1.62379763209582251e+00	5	80	161	4.68750000000000000e-01	9.37500000000000000e-02	9.37500000000000000e-02	7	1	1
3.86357442892477643e+00	936	curl_constraint	4.83460656016855062e-01	4.95093109929839348e-01	1.65031036643279783e+00	5	74	148	-1.56250000000000000e-01	3.12500000000000000e-02	4.68750000000000000e-01	29	0	7
3.86357442892477643e+00	936	source_curvature	1.58485686676699427e+01	5.18222623493031276e-01	1.72740874497677099e+00	5	41	83	1.56250000000000000e-01	-4.06250000000000000e-01	-2.81250000000000000e-01	2	25	27
3.86357442892477643e+00	936	source_QQ	3.94635373163572041e+01	4.70828724166230117e-01	1.56942908055410046e+00	5	61	122	-3.43750000000000000e-01	-1.56250000000000000e-01	2.81250000000000000e-01	26	29	4
3.86357442892477643e+00	936	source_DeltaDelta	1.70323568746884177e+01	4.87139289628746752e-01	1.62379763209582251e+00	5	67	135	3.43750000000000000e-01	-3.43750000000000000e-01	3.12500000000000000e-02	5	26	0
3.86357442892477643e+00	936	source_damping	0.00000000000000000e+00	4.13527130307069442e+01	1.37842376769023161e+02	3	0	0	-2.38750000000000000e+01	-2.38750000000000000e+01	-2.38750000000000000e+01	0	0	0
3.86357442892477643e+00	936	source_frame_correction	4.61230428226155365e+00	4.70828724166230117e-01	1.56942908055410046e+00	5	67	135	3.12500000000000000e-02	-3.12500000000000000e-02	4.68750000000000000e-01	0	31	7
3.86357442892477643e+00	936	Psi_RHS_Linf	2.40000575313671627e+00	4.70828724166230117e-01	1.56942908055410046e+00	5	74	148	-3.12500000000000000e-02	4.68750000000000000e-01	3.12500000000000000e-02	31	7	0
3.86357442892477643e+00	936	Pi_RHS_Linf	9.01701006288014995e+00	4.70828724166230117e-01	1.56942908055410046e+00	5	54	109	3.12500000000000000e-02	4.68750000000000000e-01	-3.12500000000000000e-02	0	7	31
3.86357442892477643e+00	936	Phi_RHS_Linf	6.02187502575119016e+00	5.33085065913499356e-01	1.77695021971166467e+00	5	54	109	3.12500000000000000e-02	5.31250000000000000e-01	-3.12500000000000000e-02	0	8	31
3.86357442892477643e+00	936	Hhat_RHS_Linf	0.00000000000000000e+00	4.13527130307069442e+01	1.37842376769023161e+02	3	0	0	-2.38750000000000000e+01	-2.38750000000000000e+01	-2.38750000000000000e+01	0	0	0
3.86357442892477643e+00	936	theta_RHS_Linf	0.00000000000000000e+00	4.13527130307069442e+01	1.37842376769023161e+02	3	0	0	-2.38750000000000000e+01	-2.38750000000000000e+01	-2.38750000000000000e+01	0	0	0
3.86357442892477643e+00	936	Upsilon_RHS_Linf	0.00000000000000000e+00	4.13527130307069442e+01	1.37842376769023161e+02	3	0	0	-2.38750000000000000e+01	-2.38750000000000000e+01	-2.38750000000000000e+01	0	0	0
3.86357442892477643e+00	936	chi_beta	9.27935220146453688e-01	5.33085065913499356e-01	1.77695021971166467e+00	5	35	70	-5.31250000000000000e-01	-3.12500000000000000e-02	-3.12500000000000000e-02	23	31	31
3.86357442892477643e+00	936	chi_beta_near_r_lt_1	9.27935220146453688e-01	5.33085065913499356e-01	1.77695021971166467e+00	5	35	70	-5.31250000000000000e-01	-3.12500000000000000e-02	-3.12500000000000000e-02	23	31	31
3.86357442892477643e+00	936	chi_beta_inner_r_lt_0p5	8.44443260540570284e-01	4.95093109929839348e-01	1.65031036643279783e+00	5	61	122	-4.68750000000000000e-01	-1.56250000000000000e-01	3.12500000000000000e-02	24	29	0
3.86357442892477643e+00	936	chi_beta_annulus_0p5_1	9.27935220146453688e-01	5.33085065913499356e-01	1.77695021971166467e+00	5	35	70	-5.31250000000000000e-01	-3.12500000000000000e-02	-3.12500000000000000e-02	23	31	31
3.86357442892477643e+00	936	chi_beta_annulus_1_1p5	4.38485791466477315e-01	1.00146377243512918e+00	3.33821257478376410e+00	5	74	148	-4.68750000000000000e-01	5.93750000000000000e-01	6.56250000000000000e-01	24	9	10
3.86357442892477643e+00	936	chi_beta_annulus_1p5_2	2.35538552268612228e-01	1.50097624481535341e+00	5.00325414938451196e+00	5	48	96	-1.46875000000000000e+00	2.18750000000000000e-01	-2.18750000000000000e-01	8	3	28
3.86357442892477643e+00	936	chi_beta_outer_r_ge_2	1.46144659830865581e-01	2.00073228781363932e+00	6.66910762604546470e+00	5	54	109	3.43750000000000000e-01	9.37500000000000000e-02	-1.96875000000000000e+00	5	1	0
3.86357442892477643e+00	936	chi_beta_first_ge_1	0.00000000000000000e+00	inf	0.00000000000000000e+00	0	0	0	0.00000000000000000e+00	0.00000000000000000e+00	0.00000000000000000e+00	0	0	0
3.88409543502767107e+00	941	reference_Ricci	6.78223957402847599e+00	5.33085065913499356e-01	1.77695021971166467e+00	5	35	70	-3.43750000000000000e-01	-4.06250000000000000e-01	-3.12500000000000000e-02	26	25	31
3.88409543502767107e+00	941	reference_Riemann	9.36527005747828412e+00	5.25706370039397575e-01	1.75235456679799206e+00	5	35	70	-2.18750000000000000e-01	-4.68750000000000000e-01	-9.37500000000000000e-02	28	24	30
3.88409543502767107e+00	941	spin_connection	2.78411622998793984e+00	4.36382501367779396e-01	1.45460833789259802e+00	5	35	70	-3.12500000000000000e-02	-1.56250000000000000e-01	-4.06250000000000000e-01	31	29	25
3.88409543502767107e+00	941	spin_derivative	9.91100441556690370e+00	5.25706370039397575e-01	1.75235456679799206e+00	5	35	70	-3.43750000000000000e-01	-2.81250000000000000e-01	-2.81250000000000000e-01	26	27	27
3.88409543502767107e+00	941	Psi	4.11460348118109920e+00	4.70828724166230117e-01	1.56942908055410046e+00	5	41	83	3.12500000000000000e-02	-4.68750000000000000e-01	-3.12500000000000000e-02	0	24	31
3.88409543502767107e+00	941	Q	1.42849827521986370e+01	4.87139289628746752e-01	1.62379763209582251e+00	5	61	122	-2.81250000000000000e-01	-2.81250000000000000e-01	2.81250000000000000e-01	27	27	4
3.88409543502767107e+00	941	Delta	1.02263973653407163e+01	4.70828724166230117e-01	1.56942908055410046e+00	5	80	161	3.43750000000000000e-01	2.81250000000000000e-01	1.56250000000000000e-01	5	4	2
3.88409543502767107e+00	941	Pi	8.07345251167010325e+00	4.70828724166230117e-01	1.56942908055410046e+00	5	61	122	-3.12500000000000000e-02	-4.68750000000000000e-01	3.12500000000000000e-02	31	24	0
3.88409543502767107e+00	941	Phi	4.84645954226914277e+00	5.33085065913499356e-01	1.77695021971166467e+00	5	80	161	3.12500000000000000e-02	5.31250000000000000e-01	3.12500000000000000e-02	0	8	0
3.88409543502767107e+00	941	GH_constraint	3.39613940478860676e-01	5.33085065913499356e-01	1.77695021971166467e+00	5	80	161	3.12500000000000000e-02	5.31250000000000000e-01	3.12500000000000000e-02	0	8	0
3.88409543502767107e+00	941	reduction_constraint	3.20617520042263821e-02	4.87139289628746752e-01	1.62379763209582251e+00	5	80	161	4.68750000000000000e-01	9.37500000000000000e-02	9.37500000000000000e-02	7	1	1
3.88409543502767107e+00	941	curl_constraint	5.14278318446801275e-01	4.95093109929839348e-01	1.65031036643279783e+00	5	74	148	-1.56250000000000000e-01	3.12500000000000000e-02	4.68750000000000000e-01	29	0	7
3.88409543502767107e+00	941	source_curvature	1.61103098690179323e+01	5.18222623493031276e-01	1.72740874497677099e+00	5	41	83	1.56250000000000000e-01	-4.06250000000000000e-01	-2.81250000000000000e-01	2	25	27
3.88409543502767107e+00	941	source_QQ	4.08383382883022747e+01	4.70828724166230117e-01	1.56942908055410046e+00	5	61	122	-3.43750000000000000e-01	-1.56250000000000000e-01	2.81250000000000000e-01	26	29	4
3.88409543502767107e+00	941	source_DeltaDelta	1.75649182952028653e+01	4.87139289628746752e-01	1.62379763209582251e+00	5	67	135	3.43750000000000000e-01	-3.43750000000000000e-01	3.12500000000000000e-02	5	26	0
3.88409543502767107e+00	941	source_damping	0.00000000000000000e+00	4.13527130307069442e+01	1.37842376769023161e+02	3	0	0	-2.38750000000000000e+01	-2.38750000000000000e+01	-2.38750000000000000e+01	0	0	0
3.88409543502767107e+00	941	source_frame_correction	4.77642144843382166e+00	4.70828724166230117e-01	1.56942908055410046e+00	5	74	148	-4.68750000000000000e-01	3.12500000000000000e-02	3.12500000000000000e-02	24	0	0
3.88409543502767107e+00	941	Psi_RHS_Linf	2.46951506264185738e+00	4.70828724166230117e-01	1.56942908055410046e+00	5	41	83	3.12500000000000000e-02	-4.68750000000000000e-01	-3.12500000000000000e-02	0	24	31
3.88409543502767107e+00	941	Pi_RHS_Linf	9.36570856137753616e+00	4.70828724166230117e-01	1.56942908055410046e+00	5	54	109	4.68750000000000000e-01	3.12500000000000000e-02	-3.12500000000000000e-02	7	0	31
3.88409543502767107e+00	941	Phi_RHS_Linf	6.22752213779046127e+00	5.33085065913499356e-01	1.77695021971166467e+00	5	54	109	3.12500000000000000e-02	5.31250000000000000e-01	-3.12500000000000000e-02	0	8	31
3.88409543502767107e+00	941	Hhat_RHS_Linf	0.00000000000000000e+00	4.13527130307069442e+01	1.37842376769023161e+02	3	0	0	-2.38750000000000000e+01	-2.38750000000000000e+01	-2.38750000000000000e+01	0	0	0
3.88409543502767107e+00	941	theta_RHS_Linf	0.00000000000000000e+00	4.13527130307069442e+01	1.37842376769023161e+02	3	0	0	-2.38750000000000000e+01	-2.38750000000000000e+01	-2.38750000000000000e+01	0	0	0
3.88409543502767107e+00	941	Upsilon_RHS_Linf	0.00000000000000000e+00	4.13527130307069442e+01	1.37842376769023161e+02	3	0	0	-2.38750000000000000e+01	-2.38750000000000000e+01	-2.38750000000000000e+01	0	0	0
3.88409543502767107e+00	941	chi_beta	9.37418697984539473e-01	5.33085065913499356e-01	1.77695021971166467e+00	5	61	122	-5.31250000000000000e-01	-3.12500000000000000e-02	3.12500000000000000e-02	23	31	0
3.88409543502767107e+00	941	chi_beta_near_r_lt_1	9.37418697984539473e-01	5.33085065913499356e-01	1.77695021971166467e+00	5	61	122	-5.31250000000000000e-01	-3.12500000000000000e-02	3.12500000000000000e-02	23	31	0
3.88409543502767107e+00	941	chi_beta_inner_r_lt_0p5	8.54477235119848300e-01	4.95093109929839348e-01	1.65031036643279783e+00	5	41	83	3.12500000000000000e-02	-4.68750000000000000e-01	-1.56250000000000000e-01	0	24	29
3.88409543502767107e+00	941	chi_beta_annulus_0p5_1	9.37418697984539473e-01	5.33085065913499356e-01	1.77695021971166467e+00	5	61	122	-5.31250000000000000e-01	-3.12500000000000000e-02	3.12500000000000000e-02	23	31	0
3.88409543502767107e+00	941	chi_beta_annulus_1_1p5	4.42960309860617574e-01	1.00146377243512918e+00	3.33821257478376410e+00	5	35	70	-4.68750000000000000e-01	-5.93750000000000000e-01	-6.56250000000000000e-01	24	22	21
3.88409543502767107e+00	941	chi_beta_annulus_1p5_2	2.37933518973039271e-01	1.50097624481535341e+00	5.00325414938451196e+00	5	61	122	-2.18750000000000000e-01	-2.18750000000000000e-01	1.46875000000000000e+00	28	28	23
3.88409543502767107e+00	941	chi_beta_outer_r_ge_2	1.47632581939715984e-01	2.00073228781363932e+00	6.66910762604546470e+00	5	54	109	3.43750000000000000e-01	9.37500000000000000e-02	-1.96875000000000000e+00	5	1	0
3.88409543502767107e+00	941	chi_beta_first_ge_1	0.00000000000000000e+00	inf	0.00000000000000000e+00	0	0	0	0.00000000000000000e+00	0.00000000000000000e+00	0.00000000000000000e+00	0	0	0
3.90051098472902336e+00	945	reference_Ricci	6.85463753372505202e+00	5.33085065913499356e-01	1.77695021971166467e+00	5	35	70	-3.12500000000000000e-02	-3.43750000000000000e-01	-4.06250000000000000e-01	31	26	25
3.90051098472902336e+00	945	reference_Riemann	9.47361974602547363e+00	5.25706370039397575e-01	1.75235456679799206e+00	5	35	70	-2.81250000000000000e-01	-3.43750000000000000e-01	-2.81250000000000000e-01	27	26	27
3.90051098472902336e+00	945	spin_connection	2.79957135465846774e+00	4.36382501367779396e-01	1.45460833789259802e+00	5	35	70	-3.12500000000000000e-02	-4.06250000000000000e-01	-1.56250000000000000e-01	31	25	29
3.90051098472902336e+00	945	spin_derivative	1.00104771702290147e+01	5.25706370039397575e-01	1.75235456679799206e+00	5	35	70	-3.43750000000000000e-01	-2.81250000000000000e-01	-2.81250000000000000e-01	26	27	27
3.90051098472902336e+00	945	Psi	4.15346090896301590e+00	4.70828724166230117e-01	1.56942908055410046e+00	5	41	83	3.12500000000000000e-02	-4.68750000000000000e-01	-3.12500000000000000e-02	0	24	31
3.90051098472902336e+00	945	Q	1.46480652080733265e+01	4.87139289628746752e-01	1.62379763209582251e+00	5	61	122	-2.81250000000000000e-01	-2.81250000000000000e-01	2.81250000000000000e-01	27	27	4
3.90051098472902336e+00	945	Delta	1.04718456094439301e+01	4.70828724166230117e-01	1.56942908055410046e+00	5	80	161	3.43750000000000000e-01	2.81250000000000000e-01	1.56250000000000000e-01	5	4	2
3.90051098472902336e+00	945	Pi	8.22582401419723119e+00	4.70828724166230117e-01	1.56942908055410046e+00	5	41	83	3.12500000000000000e-02	-4.68750000000000000e-01	-3.12500000000000000e-02	0	24	31
3.90051098472902336e+00	945	Phi	4.95561360563511322e+00	5.33085065913499356e-01	1.77695021971166467e+00	5	80	161	3.12500000000000000e-02	5.31250000000000000e-01	3.12500000000000000e-02	0	8	0
3.90051098472902336e+00	945	GH_constraint	3.57605447296199863e-01	5.33085065913499356e-01	1.77695021971166467e+00	5	80	161	3.12500000000000000e-02	5.31250000000000000e-01	3.12500000000000000e-02	0	8	0
3.90051098472902336e+00	945	reduction_constraint	3.32028606705617943e-02	4.87139289628746752e-01	1.62379763209582251e+00	5	80	161	4.68750000000000000e-01	9.37500000000000000e-02	9.37500000000000000e-02	7	1	1
3.90051098472902336e+00	945	curl_constraint	5.40428940184488060e-01	4.95093109929839348e-01	1.65031036643279783e+00	5	74	148	-1.56250000000000000e-01	3.12500000000000000e-02	4.68750000000000000e-01	29	0	7
3.90051098472902336e+00	945	source_curvature	1.63234380993591692e+01	5.18222623493031276e-01	1.72740874497677099e+00	5	41	83	1.56250000000000000e-01	-4.06250000000000000e-01	-2.81250000000000000e-01	2	25	27
3.90051098472902336e+00	945	source_QQ	4.19838068902220272e+01	4.70828724166230117e-01	1.56942908055410046e+00	5	61	122	-3.43750000000000000e-01	-1.56250000000000000e-01	2.81250000000000000e-01	26	29	4
3.90051098472902336e+00	945	source_DeltaDelta	1.80048533379192328e+01	4.87139289628746752e-01	1.62379763209582251e+00	5	67	135	3.43750000000000000e-01	-3.43750000000000000e-01	3.12500000000000000e-02	5	26	0
3.90051098472902336e+00	945	source_damping	0.00000000000000000e+00	4.13527130307069442e+01	1.37842376769023161e+02	3	0	0	-2.38750000000000000e+01	-2.38750000000000000e+01	-2.38750000000000000e+01	0	0	0
3.90051098472902336e+00	945	source_frame_correction	4.91241852083266384e+00	4.70828724166230117e-01	1.56942908055410046e+00	5	74	148	-4.68750000000000000e-01	3.12500000000000000e-02	3.12500000000000000e-02	24	0	0
3.90051098472902336e+00	945	Psi_RHS_Linf	2.52707137848777474e+00	4.70828724166230117e-01	1.56942908055410046e+00	5	54	109	3.12500000000000000e-02	4.68750000000000000e-01	-3.12500000000000000e-02	0	7	31
3.90051098472902336e+00	945	Pi_RHS_Linf	9.65649447944075767e+00	4.70828724166230117e-01	1.56942908055410046e+00	5	54	109	3.12500000000000000e-02	4.68750000000000000e-01	-3.12500000000000000e-02	0	7	31
3.90051098472902336e+00	945	Phi_RHS_Linf	6.39722295595950108e+00	5.33085065913499356e-01	1.77695021971166467e+00	5	54	109	3.12500000000000000e-02	5.31250000000000000e-01	-3.12500000000000000e-02	0	8	31
3.90051098472902336e+00	945	Hhat_RHS_Linf	0.00000000000000000e+00	4.13527130307069442e+01	1.37842376769023161e+02	3	0	0	-2.38750000000000000e+01	-2.38750000000000000e+01	-2.38750000000000000e+01	0	0	0
3.90051098472902336e+00	945	theta_RHS_Linf	0.00000000000000000e+00	4.13527130307069442e+01	1.37842376769023161e+02	3	0	0	-2.38750000000000000e+01	-2.38750000000000000e+01	-2.38750000000000000e+01	0	0	0
3.90051098472902336e+00	945	Upsilon_RHS_Linf	0.00000000000000000e+00	4.13527130307069442e+01	1.37842376769023161e+02	3	0	0	-2.38750000000000000e+01	-2.38750000000000000e+01	-2.38750000000000000e+01	0	0	0
3.90051098472902336e+00	945	chi_beta	9.44969547865508464e-01	5.33085065913499356e-01	1.77695021971166467e+00	5	61	122	-5.31250000000000000e-01	-3.12500000000000000e-02	3.12500000000000000e-02	23	31	0
3.90051098472902336e+00	945	chi_beta_near_r_lt_1	9.44969547865508464e-01	5.33085065913499356e-01	1.77695021971166467e+00	5	61	122	-5.31250000000000000e-01	-3.12500000000000000e-02	3.12500000000000000e-02	23	31	0
3.90051098472902336e+00	945	chi_beta_inner_r_lt_0p5	8.62550951006731181e-01	4.95093109929839348e-01	1.65031036643279783e+00	5	48	96	-3.12500000000000000e-02	4.68750000000000000e-01	-1.56250000000000000e-01	31	7	29
3.90051098472902336e+00	945	chi_beta_annulus_0p5_1	9.44969547865508464e-01	5.33085065913499356e-01	1.77695021971166467e+00	5	61	122	-5.31250000000000000e-01	-3.12500000000000000e-02	3.12500000000000000e-02	23	31	0
3.90051098472902336e+00	945	chi_beta_annulus_1_1p5	4.46536417333181723e-01	1.00146377243512918e+00	3.33821257478376410e+00	5	41	83	5.93750000000000000e-01	-4.68750000000000000e-01	-6.56250000000000000e-01	9	24	21
3.90051098472902336e+00	945	chi_beta_annulus_1p5_2	2.39847832992620053e-01	1.50097624481535341e+00	5.00325414938451196e+00	5	35	70	-2.18750000000000000e-01	-2.18750000000000000e-01	-1.46875000000000000e+00	28	28	8
3.90051098472902336e+00	945	chi_beta_outer_r_ge_2	1.48822229309669513e-01	2.00073228781363932e+00	6.66910762604546470e+00	5	35	70	-1.96875000000000000e+00	-9.37500000000000000e-02	-3.43750000000000000e-01	0	30	26
3.90051098472902336e+00	945	chi_beta_first_ge_1	0.00000000000000000e+00	inf	0.00000000000000000e+00	0	0	0	0.00000000000000000e+00	0.00000000000000000e+00	0.00000000000000000e+00	0	0	0
3.92102885185889116e+00	950	reference_Ricci	6.94574935990833531e+00	5.33085065913499356e-01	1.77695021971166467e+00	5	35	70	-2.18750000000000000e-01	-3.43750000000000000e-01	-3.43750000000000000e-01	28	26	26
3.92102885185889116e+00	950	reference_Riemann	9.61014492000450637e+00	5.25706370039397575e-01	1.75235456679799206e+00	5	35	70	-2.81250000000000000e-01	-2.81250000000000000e-01	-3.43750000000000000e-01	27	27	26
3.92102885185889116e+00	950	spin_connection	2.81890723205272797e+00	4.36382501367779396e-01	1.45460833789259802e+00	5	35	70	-2.18750000000000000e-01	-1.56250000000000000e-01	-3.43750000000000000e-01	28	29	26
3.92102885185889116e+00	950	spin_derivative	1.01354894729820675e+01	5.25706370039397575e-01	1.75235456679799206e+00	5	35	70	-2.81250000000000000e-01	-2.81250000000000000e-01	-3.43750000000000000e-01	27	27	26
3.92102885185889116e+00	950	Psi	4.20316695503521665e+00	4.70828724166230117e-01	1.56942908055410046e+00	5	41	83	3.12500000000000000e-02	-4.68750000000000000e-01	-3.12500000000000000e-02	0	24	31
3.92102885185889116e+00	950	Q	1.51201642123946272e+01	4.87139289628746752e-01	1.62379763209582251e+00	5	61	122	-2.81250000000000000e-01	-2.81250000000000000e-01	2.81250000000000000e-01	27	27	4
3.92102885185889116e+00	950	Delta	1.07903500225451037e+01	4.70828724166230117e-01	1.56942908055410046e+00	5	61	122	-3.43750000000000000e-01	-1.56250000000000000e-01	2.81250000000000000e-01	26	29	4
3.92102885185889116e+00	950	Pi	8.42377228152849256e+00	4.70828724166230117e-01	1.56942908055410046e+00	5	41	83	3.12500000000000000e-02	-4.68750000000000000e-01	-3.12500000000000000e-02	0	24	31
3.92102885185889116e+00	950	Phi	5.09602533976698080e+00	5.33085065913499356e-01	1.77695021971166467e+00	5	80	161	3.12500000000000000e-02	5.31250000000000000e-01	3.12500000000000000e-02	0	8	0
3.92102885185889116e+00	950	GH_constraint	3.81481352221189562e-01	5.33085065913499356e-01	1.77695021971166467e+00	5	67	135	3.12500000000000000e-02	-3.12500000000000000e-02	5.31250000000000000e-01	0	31	8
3.92102885185889116e+00	950	reduction_constraint	3.47203797403799821e-02	4.87139289628746752e-01	1.62379763209582251e+00	5	80	161	4.68750000000000000e-01	9.37500000000000000e-02	9.37500000000000000e-02	7	1	1
3.92102885185889116e+00	950	curl_constraint	5.75092714966570218e-01	4.95093109929839348e-01	1.65031036643279783e+00	5	74	148	-1.56250000000000000e-01	3.12500000000000000e-02	4.68750000000000000e-01	29	0	7
3.92102885185889116e+00	950	source_curvature	1.65945621850495151e+01	5.18222623493031276e-01	1.72740874497677099e+00	5	41	83	1.56250000000000000e-01	-4.06250000000000000e-01	-2.81250000000000000e-01	2	25	27
3.92102885185889116e+00	950	source_QQ	4.34753636402447512e+01	4.70828724166230117e-01	1.56942908055410046e+00	5	61	122	-3.43750000000000000e-01	-1.56250000000000000e-01	2.81250000000000000e-01	26	29	4
3.92102885185889116e+00	950	source_DeltaDelta	1.85726915655058527e+01	4.87139289628746752e-01	1.62379763209582251e+00	5	67	135	3.43750000000000000e-01	-3.43750000000000000e-01	3.12500000000000000e-02	5	26	0
3.92102885185889116e+00	950	source_damping	0.00000000000000000e+00	4.13527130307069442e+01	1.37842376769023161e+02	3	0	0	-2.38750000000000000e+01	-2.38750000000000000e+01	-2.38750000000000000e+01	0	0	0
3.92102885185889116e+00	950	source_frame_correction	5.08858764365856953e+00	4.70828724166230117e-01	1.56942908055410046e+00	5	54	109	3.12500000000000000e-02	4.68750000000000000e-01	-3.12500000000000000e-02	0	7	31
3.92102885185889116e+00	950	Psi_RHS_Linf	2.60155691349964568e+00	4.70828724166230117e-01	1.56942908055410046e+00	5	67	135	3.12500000000000000e-02	-4.68750000000000000e-01	3.12500000000000000e-02	0	24	0
3.92102885185889116e+00	950	Pi_RHS_Linf	1.00353896810221457e+01	4.70828724166230117e-01	1.56942908055410046e+00	5	54	109	3.12500000000000000e-02	4.68750000000000000e-01	-3.12500000000000000e-02	0	7	31
3.92102885185889116e+00	950	Phi_RHS_Linf	6.61598529604645780e+00	5.33085065913499356e-01	1.77695021971166467e+00	5	54	109	3.12500000000000000e-02	5.31250000000000000e-01	-3.12500000000000000e-02	0	8	31
3.92102885185889116e+00	950	Hhat_RHS_Linf	0.00000000000000000e+00	4.13527130307069442e+01	1.37842376769023161e+02	3	0	0	-2.38750000000000000e+01	-2.38750000000000000e+01	-2.38750000000000000e+01	0	0	0
3.92102885185889116e+00	950	theta_RHS_Linf	0.00000000000000000e+00	4.13527130307069442e+01	1.37842376769023161e+02	3	0	0	-2.38750000000000000e+01	-2.38750000000000000e+01	-2.38750000000000000e+01	0	0	0
3.92102885185889116e+00	950	Upsilon_RHS_Linf	0.00000000000000000e+00	4.13527130307069442e+01	1.37842376769023161e+02	3	0	0	-2.38750000000000000e+01	-2.38750000000000000e+01	-2.38750000000000000e+01	0	0	0
3.92102885185889116e+00	950	chi_beta	9.54358009180236500e-01	5.33085065913499356e-01	1.77695021971166467e+00	5	61	122	-5.31250000000000000e-01	-3.12500000000000000e-02	3.12500000000000000e-02	23	31	0
3.92102885185889116e+00	950	chi_beta_near_r_lt_1	9.54358009180236500e-01	5.33085065913499356e-01	1.77695021971166467e+00	5	61	122	-5.31250000000000000e-01	-3.12500000000000000e-02	3.12500000000000000e-02	23	31	0
3.92102885185889116e+00	950	chi_beta_inner_r_lt_0p5	8.72700967559466245e-01	4.95093109929839348e-01	1.65031036643279783e+00	5	35	70	-3.12500000000000000e-02	-1.56250000000000000e-01	-4.68750000000000000e-01	31	29	24
3.92102885185889116e+00	950	chi_beta_annulus_0p5_1	9.54358009180236500e-01	5.33085065913499356e-01	1.77695021971166467e+00	5	61	122	-5.31250000000000000e-01	-3.12500000000000000e-02	3.12500000000000000e-02	23	31	0
3.92102885185889116e+00	950	chi_beta_annulus_1_1p5	4.51001592698605069e-01	1.00146377243512918e+00	3.33821257478376410e+00	5	61	122	-6.56250000000000000e-01	-4.68750000000000000e-01	5.93750000000000000e-01	21	24	9
3.92102885185889116e+00	950	chi_beta_annulus_1p5_2	2.42238362268873769e-01	1.50097624481535341e+00	5.00325414938451196e+00	5	35	70	-2.18750000000000000e-01	-2.18750000000000000e-01	-1.46875000000000000e+00	28	28	8
3.92102885185889116e+00	950	chi_beta_outer_r_ge_2	1.50308255818032560e-01	2.00073228781363932e+00	6.66910762604546470e+00	5	54	109	3.43750000000000000e-01	9.37500000000000000e-02	-1.96875000000000000e+00	5	1	0
3.92102885185889116e+00	950	chi_beta_first_ge_1	0.00000000000000000e+00	inf	0.00000000000000000e+00	0	0	0	0.00000000000000000e+00	0.00000000000000000e+00	0.00000000000000000e+00	0	0	0
3.94154497356770461e+00	955	reference_Ricci	7.03753325871060831e+00	5.33085065913499356e-01	1.77695021971166467e+00	5	35	70	-3.43750000000000000e-01	-4.06250000000000000e-01	-3.12500000000000000e-02	26	25	31
3.94154497356770461e+00	955	reference_Riemann	9.74786609587932062e+00	5.25706370039397575e-01	1.75235456679799206e+00	5	35	70	-2.81250000000000000e-01	-2.81250000000000000e-01	-3.43750000000000000e-01	27	27	26
3.94154497356770461e+00	955	spin_connection	2.83825931784742602e+00	4.36382501367779396e-01	1.45460833789259802e+00	5	35	70	-1.56250000000000000e-01	-2.18750000000000000e-01	-3.43750000000000000e-01	29	28	26
3.94154497356770461e+00	955	spin_derivative	1.02612369960402336e+01	5.25706370039397575e-01	1.75235456679799206e+00	5	35	70	-2.81250000000000000e-01	-2.81250000000000000e-01	-3.43750000000000000e-01	27	27	26
3.94154497356770461e+00	955	Psi	4.25418395462449705e+00	4.70828724166230117e-01	1.56942908055410046e+00	5	41	83	3.12500000000000000e-02	-4.68750000000000000e-01	-3.12500000000000000e-02	0	24	31
3.94154497356770461e+00	955	Q	1.56135982574467587e+01	4.87139289628746752e-01	1.62379763209582251e+00	5	61	122	-2.81250000000000000e-01	-2.81250000000000000e-01	2.81250000000000000e-01	27	27	4
3.94154497356770461e+00	955	Delta	1.11225042066411408e+01	4.70828724166230117e-01	1.56942908055410046e+00	5	80	161	3.43750000000000000e-01	2.81250000000000000e-01	1.56250000000000000e-01	5	4	2
3.94154497356770461e+00	955	Pi	8.63045619357436422e+00	4.70828724166230117e-01	1.56942908055410046e+00	5	41	83	3.12500000000000000e-02	-4.68750000000000000e-01	-3.12500000000000000e-02	0	24	31
3.94154497356770461e+00	955	Phi	5.24100131306537165e+00	5.33085065913499356e-01	1.77695021971166467e+00	5	80	161	3.12500000000000000e-02	5.31250000000000000e-01	3.12500000000000000e-02	0	8	0
3.94154497356770461e+00	955	GH_constraint	4.07010398670328344e-01	5.33085065913499356e-01	1.77695021971166467e+00	5	80	161	3.12500000000000000e-02	5.31250000000000000e-01	3.12500000000000000e-02	0	8	0
3.94154497356770461e+00	955	reduction_constraint	3.63481313730193503e-02	4.87139289628746752e-01	1.62379763209582251e+00	5	80	161	4.68750000000000000e-01	9.37500000000000000e-02	9.37500000000000000e-02	7	1	1
3.94154497356770461e+00	955	curl_constraint	6.12076534189101573e-01	4.95093109929839348e-01	1.65031036643279783e+00	5	74	148	-1.56250000000000000e-01	3.12500000000000000e-02	4.68750000000000000e-01	29	0	7
3.94154497356770461e+00	955	source_curvature	1.68709650771321975e+01	5.18222623493031276e-01	1.72740874497677099e+00	5	41	83	1.56250000000000000e-01	-4.06250000000000000e-01	-2.81250000000000000e-01	2	25	27
3.94154497356770461e+00	955	source_QQ	4.50363938104911696e+01	4.70828724166230117e-01	1.56942908055410046e+00	5	54	109	2.81250000000000000e-01	1.56250000000000000e-01	-3.43750000000000000e-01	4	2	26
3.94154497356770461e+00	955	source_DeltaDelta	1.91610771683820005e+01	4.87139289628746752e-01	1.62379763209582251e+00	5	67	135	3.43750000000000000e-01	-3.43750000000000000e-01	3.12500000000000000e-02	5	26	0
3.94154497356770461e+00	955	source_damping	0.00000000000000000e+00	4.13527130307069442e+01	1.37842376769023161e+02	3	0	0	-2.38750000000000000e+01	-2.38750000000000000e+01	-2.38750000000000000e+01	0	0	0
3.94154497356770461e+00	955	source_frame_correction	5.27196752089238174e+00	4.70828724166230117e-01	1.56942908055410046e+00	5	54	109	3.12500000000000000e-02	4.68750000000000000e-01	-3.12500000000000000e-02	0	7	31
3.94154497356770461e+00	955	Psi_RHS_Linf	2.67898512881788520e+00	4.70828724166230117e-01	1.56942908055410046e+00	5	54	109	3.12500000000000000e-02	4.68750000000000000e-01	-3.12500000000000000e-02	0	7	31
3.94154497356770461e+00	955	Pi_RHS_Linf	1.04321343221611098e+01	4.70828724166230117e-01	1.56942908055410046e+00	5	54	109	3.12500000000000000e-02	4.68750000000000000e-01	-3.12500000000000000e-02	0	7	31
3.94154497356770461e+00	955	Phi_RHS_Linf	6.84229339309514106e+00	5.33085065913499356e-01	1.77695021971166467e+00	5	54	109	3.12500000000000000e-02	5.31250000000000000e-01	-3.12500000000000000e-02	0	8	31
3.94154497356770461e+00	955	Hhat_RHS_Linf	0.00000000000000000e+00	4.13527130307069442e+01	1.37842376769023161e+02	3	0	0	-2.38750000000000000e+01	-2.38750000000000000e+01	-2.38750000000000000e+01	0	0	0
3.94154497356770461e+00	955	theta_RHS_Linf	0.00000000000000000e+00	4.13527130307069442e+01	1.37842376769023161e+02	3	0	0	-2.38750000000000000e+01	-2.38750000000000000e+01	-2.38750000000000000e+01	0	0	0
3.94154497356770461e+00	955	Upsilon_RHS_Linf	0.00000000000000000e+00	4.13527130307069442e+01	1.37842376769023161e+02	3	0	0	-2.38750000000000000e+01	-2.38750000000000000e+01	-2.38750000000000000e+01	0	0	0
3.94154497356770461e+00	955	chi_beta	9.63684830200571385e-01	5.33085065913499356e-01	1.77695021971166467e+00	5	61	122	-5.31250000000000000e-01	-3.12500000000000000e-02	3.12500000000000000e-02	23	31	0
3.94154497356770461e+00	955	chi_beta_near_r_lt_1	9.63684830200571385e-01	5.33085065913499356e-01	1.77695021971166467e+00	5	61	122	-5.31250000000000000e-01	-3.12500000000000000e-02	3.12500000000000000e-02	23	31	0
3.94154497356770461e+00	955	chi_beta_inner_r_lt_0p5	8.82914912848366873e-01	4.95093109929839348e-01	1.65031036643279783e+00	5	54	109	3.12500000000000000e-02	4.68750000000000000e-01	-1.56250000000000000e-01	0	7	29
3.94154497356770461e+00	955	chi_beta_annulus_0p5_1	9.63684830200571385e-01	5.33085065913499356e-01	1.77695021971166467e+00	5	61	122	-5.31250000000000000e-01	-3.12500000000000000e-02	3.12500000000000000e-02	23	31	0
3.94154497356770461e+00	955	chi_beta_annulus_1_1p5	4.55460620833291030e-01	1.00146377243512918e+00	3.33821257478376410e+00	5	67	135	4.68750000000000000e-01	-5.93750000000000000e-01	6.56250000000000000e-01	7	22	10
3.94154497356770461e+00	955	chi_beta_annulus_1p5_2	2.44625945301679831e-01	1.50097624481535341e+00	5.00325414938451196e+00	5	67	135	1.46875000000000000e+00	-2.18750000000000000e-01	2.18750000000000000e-01	23	28	3
3.94154497356770461e+00	955	chi_beta_outer_r_ge_2	1.51792946494689635e-01	2.00073228781363932e+00	6.66910762604546470e+00	5	54	109	3.43750000000000000e-01	9.37500000000000000e-02	-1.96875000000000000e+00	5	1	0
3.94154497356770461e+00	955	chi_beta_first_ge_1	0.00000000000000000e+00	inf	0.00000000000000000e+00	0	0	0	0.00000000000000000e+00	0.00000000000000000e+00	0.00000000000000000e+00	0	0	0
3.96205934897010525e+00	960	reference_Ricci	7.12997763256710293e+00	5.33085065913499356e-01	1.77695021971166467e+00	5	35	70	-2.18750000000000000e-01	-3.43750000000000000e-01	-3.43750000000000000e-01	28	26	26
3.96205934897010525e+00	960	reference_Riemann	9.88676889680678883e+00	5.25706370039397575e-01	1.75235456679799206e+00	5	35	70	-3.43750000000000000e-01	-2.81250000000000000e-01	-2.81250000000000000e-01	26	27	27
3.96205934897010525e+00	960	spin_connection	2.85762478960357580e+00	4.36382501367779396e-01	1.45460833789259802e+00	5	35	70	-1.56250000000000000e-01	-4.06250000000000000e-01	-3.12500000000000000e-02	29	25	31
3.96205934897010525e+00	960	spin_derivative	1.03877079174179041e+01	5.25706370039397575e-01	1.75235456679799206e+00	5	35	70	-3.43750000000000000e-01	-2.81250000000000000e-01	-2.81250000000000000e-01	26	27	27
3.96205934897010525e+00	960	Psi	4.30656925934029999e+00	4.70828724166230117e-01	1.56942908055410046e+00	5	35	70	-3.12500000000000000e-02	-3.12500000000000000e-02	-4.68750000000000000e-01	31	31	24
3.96205934897010525e+00	960	Q	1.61295694385822195e+01	4.87139289628746752e-01	1.62379763209582251e+00	5	61	122	-2.81250000000000000e-01	-2.81250000000000000e-01	2.81250000000000000e-01	27	27	4
3.96205934897010525e+00	960	Delta	1.14690510240112360e+01	4.70828724166230117e-01	1.56942908055410046e+00	5	80	161	2.81250000000000000e-01	3.43750000000000000e-01	1.56250000000000000e-01	4	5	2
3.96205934897010525e+00	960	Pi	8.84634498383603152e+00	4.70828724166230117e-01	1.56942908055410046e+00	5	41	83	3.12500000000000000e-02	-4.68750000000000000e-01	-3.12500000000000000e-02	0	24	31
3.96205934897010525e+00	960	Phi	5.39071102031794691e+00	5.33085065913499356e-01	1.77695021971166467e+00	5	80	161	3.12500000000000000e-02	5.31250000000000000e-01	3.12500000000000000e-02	0	8	0
3.96205934897010525e+00	960	GH_constraint	4.34323858611712910e-01	5.33085065913499356e-01	1.77695021971166467e+00	5	80	161	3.12500000000000000e-02	5.31250000000000000e-01	3.12500000000000000e-02	0	8	0
3.96205934897010525e+00	960	reduction_constraint	3.80963405549491485e-02	4.87139289628746752e-01	1.62379763209582251e+00	5	80	161	4.68750000000000000e-01	9.37500000000000000e-02	9.37500000000000000e-02	7	1	1
3.96205934897010525e+00	960	curl_constraint	6.51524198436101099e-01	4.95093109929839348e-01	1.65031036643279783e+00	5	74	148	-1.56250000000000000e-01	3.12500000000000000e-02	4.68750000000000000e-01	29	0	7
3.96205934897010525e+00	960	source_curvature	1.71602159497479789e+01	5.10629207449005973e-01	1.70209735816335339e+00	5	35	70	-2.18750000000000000e-01	-4.06250000000000000e-01	-2.18750000000000000e-01	28	25	28
3.96205934897010525e+00	960	source_QQ	4.66703837827097985e+01	4.70828724166230117e-01	1.56942908055410046e+00	5	80	161	2.81250000000000000e-01	3.43750000000000000e-01	1.56250000000000000e-01	4	5	2
3.96205934897010525e+00	960	source_DeltaDelta	1.97707056090485302e+01	4.87139289628746752e-01	1.62379763209582251e+00	5	67	135	3.43750000000000000e-01	-3.43750000000000000e-01	3.12500000000000000e-02	5	26	0
3.96205934897010525e+00	960	source_damping	0.00000000000000000e+00	4.13527130307069442e+01	1.37842376769023161e+02	3	0	0	-2.38750000000000000e+01	-2.38750000000000000e+01	-2.38750000000000000e+01	0	0	0
3.96205934897010525e+00	960	source_frame_correction	5.46296598869772421e+00	4.70828724166230117e-01	1.56942908055410046e+00	5	54	109	3.12500000000000000e-02	4.68750000000000000e-01	-3.12500000000000000e-02	0	7	31
3.96205934897010525e+00	960	Psi_RHS_Linf	2.75949008092257531e+00	4.70828724166230117e-01	1.56942908055410046e+00	5	54	109	3.12500000000000000e-02	4.68750000000000000e-01	-3.12500000000000000e-02	0	7	31
3.96205934897010525e+00	960	Pi_RHS_Linf	1.08475319266785863e+01	4.70828724166230117e-01	1.56942908055410046e+00	5	54	109	3.12500000000000000e-02	4.68750000000000000e-01	-3.12500000000000000e-02	0	7	31
3.96205934897010525e+00	960	Phi_RHS_Linf	7.07632767957978981e+00	5.33085065913499356e-01	1.77695021971166467e+00	5	54	109	3.12500000000000000e-02	5.31250000000000000e-01	-3.12500000000000000e-02	0	8	31
3.96205934897010525e+00	960	Hhat_RHS_Linf	0.00000000000000000e+00	4.13527130307069442e+01	1.37842376769023161e+02	3	0	0	-2.38750000000000000e+01	-2.38750000000000000e+01	-2.38750000000000000e+01	0	0	0
3.96205934897010525e+00	960	theta_RHS_Linf	0.00000000000000000e+00	4.13527130307069442e+01	1.37842376769023161e+02	3	0	0	-2.38750000000000000e+01	-2.38750000000000000e+01	-2.38750000000000000e+01	0	0	0
3.96205934897010525e+00	960	Upsilon_RHS_Linf	0.00000000000000000e+00	4.13527130307069442e+01	1.37842376769023161e+02	3	0	0	-2.38750000000000000e+01	-2.38750000000000000e+01	-2.38750000000000000e+01	0	0	0
3.96205934897010525e+00	960	chi_beta	9.72943383253241700e-01	5.33085065913499356e-01	1.77695021971166467e+00	5	35	70	-5.31250000000000000e-01	-3.12500000000000000e-02	-3.12500000000000000e-02	23	31	31
3.96205934897010525e+00	960	chi_beta_near_r_lt_1	9.72943383253241700e-01	5.33085065913499356e-01	1.77695021971166467e+00	5	35	70	-5.31250000000000000e-01	-3.12500000000000000e-02	-3.12500000000000000e-02	23	31	31
3.96205934897010525e+00	960	chi_beta_inner_r_lt_0p5	8.93192344786697179e-01	4.95093109929839348e-01	1.65031036643279783e+00	5	74	148	-4.68750000000000000e-01	3.12500000000000000e-02	1.56250000000000000e-01	24	0	2
3.96205934897010525e+00	960	chi_beta_annulus_0p5_1	9.72943383253241700e-01	5.33085065913499356e-01	1.77695021971166467e+00	5	35	70	-5.31250000000000000e-01	-3.12500000000000000e-02	-3.12500000000000000e-02	23	31	31
3.96205934897010525e+00	960	chi_beta_annulus_1_1p5	4.59912820845922665e-01	1.00146377243512918e+00	3.33821257478376410e+00	5	80	161	6.56250000000000000e-01	5.93750000000000000e-01	4.68750000000000000e-01	10	9	7
3.96205934897010525e+00	960	chi_beta_annulus_1p5_2	2.47010239708046475e-01	1.50097624481535341e+00	5.00325414938451196e+00	5	67	135	1.46875000000000000e+00	-2.18750000000000000e-01	2.18750000000000000e-01	23	28	3
3.96205934897010525e+00	960	chi_beta_outer_r_ge_2	1.53276099858718040e-01	2.00073228781363932e+00	6.66910762604546470e+00	5	54	109	3.43750000000000000e-01	9.37500000000000000e-02	-1.96875000000000000e+00	5	1	0
3.96205934897010525e+00	960	chi_beta_first_ge_1	0.00000000000000000e+00	inf	0.00000000000000000e+00	0	0	0	0.00000000000000000e+00	0.00000000000000000e+00	0.00000000000000000e+00	0	0	0
3.98257197735410262e+00	965	reference_Ricci	7.22307059943784768e+00	5.33085065913499356e-01	1.77695021971166467e+00	5	35	70	-3.43750000000000000e-01	-2.18750000000000000e-01	-3.43750000000000000e-01	26	28	26
3.98257197735410262e+00	965	reference_Riemann	1.00338615844022421e+01	5.33085065913499356e-01	1.77695021971166467e+00	5	35	70	-3.12500000000000000e-02	-3.12500000000000000e-02	-5.31250000000000000e-01	31	31	23
3.98257197735410262e+00	965	spin_connection	2.87700084173245774e+00	4.36382501367779396e-01	1.45460833789259802e+00	5	35	70	-1.56250000000000000e-01	-2.18750000000000000e-01	-3.43750000000000000e-01	29	28	26
3.98257197735410262e+00	965	spin_derivative	1.05148900782445907e+01	5.25706370039397575e-01	1.75235456679799206e+00	5	35	70	-2.81250000000000000e-01	-2.81250000000000000e-01	-3.43750000000000000e-01	27	27	26
3.98257197735410262e+00	965	Psi	4.36038360858960505e+00	4.70828724166230117e-01	1.56942908055410046e+00	5	61	122	-3.12500000000000000e-02	-4.68750000000000000e-01	3.12500000000000000e-02	31	24	0
3.98257197735410262e+00	965	Q	1.66693513221864364e+01	4.87139289628746752e-01	1.62379763209582251e+00	5	61	122	-2.81250000000000000e-01	-2.81250000000000000e-01	2.81250000000000000e-01	27	27	4
3.98257197735410262e+00	965	Delta	1.18307774792455938e+01	4.70828724166230117e-01	1.56942908055410046e+00	5	80	161	2.81250000000000000e-01	3.43750000000000000e-01	1.56250000000000000e-01	4	5	2
3.98257197735410262e+00	965	Pi	9.07192855537455500e+00	4.70828724166230117e-01	1.56942908055410046e+00	5	41	83	3.12500000000000000e-02	-4.68750000000000000e-01	-3.12500000000000000e-02	0	24	31
3.98257197735410262e+00	965	Phi	5.54532850482345552e+00	5.33085065913499356e-01	1.77695021971166467e+00	5	74	148	-3.12500000000000000e-02	5.31250000000000000e-01	3.12500000000000000e-02	31	8	0
3.98257197735410262e+00	965	GH_constraint	4.63565407739865543e-01	5.33085065913499356e-01	1.77695021971166467e+00	5	80	161	3.12500000000000000e-02	5.31250000000000000e-01	3.12500000000000000e-02	0	8	0
3.98257197735410262e+00	965	reduction_constraint	3.99758760023925797e-02	4.87139289628746752e-01	1.62379763209582251e+00	5	80	161	4.68750000000000000e-01	9.37500000000000000e-02	9.37500000000000000e-02	7	1	1
3.98257197735410262e+00	965	curl_constraint	6.93590607744395293e-01	4.95093109929839348e-01	1.65031036643279783e+00	5	74	148	-1.56250000000000000e-01	3.12500000000000000e-02	4.68750000000000000e-01	29	0	7
3.98257197735410262e+00	965	source_curvature	1.74764636355307985e+01	5.10629207449005973e-01	1.70209735816335339e+00	5	48	96	-2.18750000000000000e-01	2.18750000000000000e-01	-4.06250000000000000e-01	28	3	25
3.98257197735410262e+00	965	source_QQ	4.83809805981436156e+01	4.70828724166230117e-01	1.56942908055410046e+00	5	80	161	2.81250000000000000e-01	3.43750000000000000e-01	1.56250000000000000e-01	4	5	2
3.98257197735410262e+00	965	source_DeltaDelta	2.04022858482830145e+01	4.87139289628746752e-01	1.62379763209582251e+00	5	67	135	3.43750000000000000e-01	-3.43750000000000000e-01	3.12500000000000000e-02	5	26	0
3.98257197735410262e+00	965	source_damping	0.00000000000000000e+00	4.13527130307069442e+01	1.37842376769023161e+02	3	0	0	-2.38750000000000000e+01	-2.38750000000000000e+01	-2.38750000000000000e+01	0	0	0
3.98257197735410262e+00	965	source_frame_correction	5.66202638767100019e+00	4.70828724166230117e-01	1.56942908055410046e+00	5	67	135	3.12500000000000000e-02	-3.12500000000000000e-02	4.68750000000000000e-01	0	31	7
3.98257197735410262e+00	965	Psi_RHS_Linf	2.84321140458569399e+00	4.70828724166230117e-01	1.56942908055410046e+00	5	67	135	3.12500000000000000e-02	-4.68750000000000000e-01	3.12500000000000000e-02	0	24	0
3.98257197735410262e+00	965	Pi_RHS_Linf	1.12824157613325902e+01	4.70828724166230117e-01	1.56942908055410046e+00	5	67	135	3.12500000000000000e-02	-3.12500000000000000e-02	4.68750000000000000e-01	0	31	7
3.98257197735410262e+00	965	Phi_RHS_Linf	7.31826341507558187e+00	5.33085065913499356e-01	1.77695021971166467e+00	5	54	109	3.12500000000000000e-02	5.31250000000000000e-01	-3.12500000000000000e-02	0	8	31
3.98257197735410262e+00	965	Hhat_RHS_Linf	0.00000000000000000e+00	4.13527130307069442e+01	1.37842376769023161e+02	3	0	0	-2.38750000000000000e+01	-2.38750000000000000e+01	-2.38750000000000000e+01	0	0	0
3.98257197735410262e+00	965	theta_RHS_Linf	0.00000000000000000e+00	4.13527130307069442e+01	1.37842376769023161e+02	3	0	0	-2.38750000000000000e+01	-2.38750000000000000e+01	-2.38750000000000000e+01	0	0	0
3.98257197735410262e+00	965	Upsilon_RHS_Linf	0.00000000000000000e+00	4.13527130307069442e+01	1.37842376769023161e+02	3	0	0	-2.38750000000000000e+01	-2.38750000000000000e+01	-2.38750000000000000e+01	0	0	0
3.98257197735410262e+00	965	chi_beta	9.82126797080047131e-01	5.33085065913499356e-01	1.77695021971166467e+00	5	35	70	-5.31250000000000000e-01	-3.12500000000000000e-02	-3.12500000000000000e-02	23	31	31
3.98257197735410262e+00	965	chi_beta_near_r_lt_1	9.82126797080047131e-01	5.33085065913499356e-01	1.77695021971166467e+00	5	35	70	-5.31250000000000000e-01	-3.12500000000000000e-02	-3.12500000000000000e-02	23	31	31
3.98257197735410262e+00	965	chi_beta_inner_r_lt_0p5	9.03532779551412868e-01	4.95093109929839348e-01	1.65031036643279783e+00	5	41	83	3.12500000000000000e-02	-4.68750000000000000e-01	-1.56250000000000000e-01	0	24	29
3.98257197735410262e+00	965	chi_beta_annulus_0p5_1	9.82126797080047131e-01	5.33085065913499356e-01	1.77695021971166467e+00	5	35	70	-5.31250000000000000e-01	-3.12500000000000000e-02	-3.12500000000000000e-02	23	31	31
3.98257197735410262e+00	965	chi_beta_annulus_1_1p5	4.64357514070729505e-01	1.00146377243512918e+00	3.33821257478376410e+00	5	48	96	-6.56250000000000000e-01	4.68750000000000000e-01	-5.93750000000000000e-01	21	7	22
3.98257197735410262e+00	965	chi_beta_annulus_1p5_2	2.49390904158048488e-01	1.50097624481535341e+00	5.00325414938451196e+00	5	35	70	-2.18750000000000000e-01	-2.18750000000000000e-01	-1.46875000000000000e+00	28	28	8
3.98257197735410262e+00	965	chi_beta_outer_r_ge_2	1.54757514852160022e-01	2.00073228781363932e+00	6.66910762604546470e+00	5	54	109	3.43750000000000000e-01	9.37500000000000000e-02	-1.96875000000000000e+00	5	1	0
3.98257197735410262e+00	965	chi_beta_first_ge_1	0.00000000000000000e+00	inf	0.00000000000000000e+00	0	0	0	0.00000000000000000e+00	0.00000000000000000e+00	0.00000000000000000e+00	0	0	0
4.00308285818093790e+00	970	reference_Ricci	7.31679999779957146e+00	5.33085065913499356e-01	1.77695021971166467e+00	5	35	70	-3.12500000000000000e-02	-3.43750000000000000e-01	-4.06250000000000000e-01	31	26	25
4.00308285818093790e+00	970	reference_Riemann	1.01832546447952286e+01	5.33085065913499356e-01	1.77695021971166467e+00	5	35	70	-2.18750000000000000e-01	-3.43750000000000000e-01	-3.43750000000000000e-01	28	26	26
4.00308285818093790e+00	970	spin_connection	2.89638468586976749e+00	4.36382501367779396e-01	1.45460833789259802e+00	5	35	70	-3.12500000000000000e-02	-1.56250000000000000e-01	-4.06250000000000000e-01	31	29	25
4.00308285818093790e+00	970	spin_derivative	1.06427709836335094e+01	5.25706370039397575e-01	1.75235456679799206e+00	5	35	70	-2.81250000000000000e-01	-2.81250000000000000e-01	-3.43750000000000000e-01	27	27	26
4.00308285818093790e+00	970	Psi	4.41569129609180955e+00	4.70828724166230117e-01	1.56942908055410046e+00	5	61	122	-3.12500000000000000e-02	-4.68750000000000000e-01	3.12500000000000000e-02	31	24	0
4.00308285818093790e+00	970	Q	1.72342928538735123e+01	4.87139289628746752e-01	1.62379763209582251e+00	5	61	122	-2.81250000000000000e-01	-2.81250000000000000e-01	2.81250000000000000e-01	27	27	4
4.00308285818093790e+00	970	Delta	1.22085173414642263e+01	4.70828724166230117e-01	1.56942908055410046e+00	5	80	161	2.81250000000000000e-01	3.43750000000000000e-01	1.56250000000000000e-01	4	5	2
4.00308285818093790e+00	970	Pi	9.30771821672548327e+00	4.70828724166230117e-01	1.56942908055410046e+00	5	67	135	3.12500000000000000e-02	-4.68750000000000000e-01	3.12500000000000000e-02	0	24	0
4.00308285818093790e+00	970	Phi	5.70509200292580498e+00	5.25706370039397575e-01	1.75235456679799206e+00	5	80	161	4.68750000000000000e-01	9.37500000000000000e-02	2.18750000000000000e-01	7	1	3
4.00308285818093790e+00	970	GH_constraint	4.94892493818900436e-01	5.33085065913499356e-01	1.77695021971166467e+00	5	80	161	5.31250000000000000e-01	3.12500000000000000e-02	3.12500000000000000e-02	8	0	0
4.00308285818093790e+00	970	reduction_constraint	4.22277922738710856e-02	5.61631273612857140e-01	1.87210424537619047e+00	5	41	83	1.56250000000000000e-01	-5.31250000000000000e-01	-9.37500000000000000e-02	2	23	30
4.00308285818093790e+00	970	curl_constraint	7.38442576475441093e-01	4.95093109929839348e-01	1.65031036643279783e+00	5	74	148	-1.56250000000000000e-01	3.12500000000000000e-02	4.68750000000000000e-01	29	0	7
4.00308285818093790e+00	970	source_curvature	1.78010270046994421e+01	5.10629207449005973e-01	1.70209735816335339e+00	5	54	109	4.06250000000000000e-01	2.18750000000000000e-01	-2.18750000000000000e-01	6	3	28
4.00308285818093790e+00	970	source_QQ	5.01719982609558457e+01	4.70828724166230117e-01	1.56942908055410046e+00	5	80	161	2.81250000000000000e-01	3.43750000000000000e-01	1.56250000000000000e-01	4	5	2
4.00308285818093790e+00	970	source_DeltaDelta	2.10565400812880910e+01	4.87139289628746752e-01	1.62379763209582251e+00	5	67	135	3.43750000000000000e-01	-3.43750000000000000e-01	3.12500000000000000e-02	5	26	0
4.00308285818093790e+00	970	source_damping	0.00000000000000000e+00	4.13527130307069442e+01	1.37842376769023161e+02	3	0	0	-2.38750000000000000e+01	-2.38750000000000000e+01	-2.38750000000000000e+01	0	0	0
4.00308285818093790e+00	970	source_frame_correction	5.86963137300002114e+00	4.70828724166230117e-01	1.56942908055410046e+00	5	54	109	3.12500000000000000e-02	4.68750000000000000e-01	-3.12500000000000000e-02	0	7	31
4.00308285818093790e+00	970	Psi_RHS_Linf	2.93029446064019838e+00	4.70828724166230117e-01	1.56942908055410046e+00	5	67	135	3.12500000000000000e-02	-4.68750000000000000e-01	3.12500000000000000e-02	0	24	0
4.00308285818093790e+00	970	Pi_RHS_Linf	1.17376494231517068e+01	4.70828724166230117e-01	1.56942908055410046e+00	5	48	96	-4.68750000000000000e-01	3.12500000000000000e-02	-3.12500000000000000e-02	24	0	31
4.00308285818093790e+00	970	Phi_RHS_Linf	7.56826950931497855e+00	5.33085065913499356e-01	1.77695021971166467e+00	5	54	109	3.12500000000000000e-02	5.31250000000000000e-01	-3.12500000000000000e-02	0	8	31
4.00308285818093790e+00	970	Hhat_RHS_Linf	0.00000000000000000e+00	4.13527130307069442e+01	1.37842376769023161e+02	3	0	0	-2.38750000000000000e+01	-2.38750000000000000e+01	-2.38750000000000000e+01	0	0	0
4.00308285818093790e+00	970	theta_RHS_Linf	0.00000000000000000e+00	4.13527130307069442e+01	1.37842376769023161e+02	3	0	0	-2.38750000000000000e+01	-2.38750000000000000e+01	-2.38750000000000000e+01	0	0	0
4.00308285818093790e+00	970	Upsilon_RHS_Linf	0.00000000000000000e+00	4.13527130307069442e+01	1.37842376769023161e+02	3	0	0	-2.38750000000000000e+01	-2.38750000000000000e+01	-2.38750000000000000e+01	0	0	0
4.00308285818093790e+00	970	chi_beta	9.91227953617551005e-01	5.33085065913499356e-01	1.77695021971166467e+00	5	35	70	-5.31250000000000000e-01	-3.12500000000000000e-02	-3.12500000000000000e-02	23	31	31
4.00308285818093790e+00	970	chi_beta_near_r_lt_1	9.91227953617551005e-01	5.33085065913499356e-01	1.77695021971166467e+00	5	35	70	-5.31250000000000000e-01	-3.12500000000000000e-02	-3.12500000000000000e-02	23	31	31
4.00308285818093790e+00	970	chi_beta_inner_r_lt_0p5	9.13935695154063588e-01	4.95093109929839348e-01	1.65031036643279783e+00	5	67	135	3.12500000000000000e-02	-4.68750000000000000e-01	1.56250000000000000e-01	0	24	2
4.00308285818093790e+00	970	chi_beta_annulus_0p5_1	9.91227953617551005e-01	5.33085065913499356e-01	1.77695021971166467e+00	5	35	70	-5.31250000000000000e-01	-3.12500000000000000e-02	-3.12500000000000000e-02	23	31	31
4.00308285818093790e+00	970	chi_beta_annulus_1_1p5	4.68794024315408675e-01	1.00146377243512918e+00	3.33821257478376410e+00	5	41	83	5.93750000000000000e-01	-4.68750000000000000e-01	-6.56250000000000000e-01	9	24	21
4.00308285818093790e+00	970	chi_beta_annulus_1p5_2	2.51767598466917930e-01	1.50097624481535341e+00	5.00325414938451196e+00	5	35	70	-2.18750000000000000e-01	-2.18750000000000000e-01	-1.46875000000000000e+00	28	28	8
4.00308285818093790e+00	970	chi_beta_outer_r_ge_2	1.56236990888071081e-01	2.00073228781363932e+00	6.66910762604546470e+00	5	35	70	-1.96875000000000000e+00	-9.37500000000000000e-02	-3.43750000000000000e-01	0	30	26
4.00308285818093790e+00	970	chi_beta_first_ge_1	0.00000000000000000e+00	inf	0.00000000000000000e+00	0	0	0	0.00000000000000000e+00	0.00000000000000000e+00	0.00000000000000000e+00	0	0	0
4.02359199108491783e+00	975	reference_Ricci	7.41115339175033583e+00	5.33085065913499356e-01	1.77695021971166467e+00	5	35	70	-2.18750000000000000e-01	-3.43750000000000000e-01	-3.43750000000000000e-01	28	26	26
4.02359199108491783e+00	975	reference_Riemann	1.03338766471131880e+01	5.33085065913499356e-01	1.77695021971166467e+00	5	35	70	-3.12500000000000000e-02	-4.06250000000000000e-01	-3.43750000000000000e-01	31	25	26
4.02359199108491783e+00	975	spin_connection	2.91577355123309623e+00	4.36382501367779396e-01	1.45460833789259802e+00	5	35	70	-1.56250000000000000e-01	-2.18750000000000000e-01	-3.43750000000000000e-01	29	28	26
4.02359199108491783e+00	975	spin_derivative	1.07713378037947631e+01	5.25706370039397575e-01	1.75235456679799206e+00	5	35	70	-2.81250000000000000e-01	-2.81250000000000000e-01	-3.43750000000000000e-01	27	27	26
4.02359199108491783e+00	975	Psi	4.47256033965146660e+00	4.70828724166230117e-01	1.56942908055410046e+00	5	61	122	-3.12500000000000000e-02	-4.68750000000000000e-01	3.12500000000000000e-02	31	24	0
4.02359199108491783e+00	975	Q	1.78258224281473403e+01	4.87139289628746752e-01	1.62379763209582251e+00	5	61	122	-2.81250000000000000e-01	-2.81250000000000000e-01	2.81250000000000000e-01	27	27	4
4.02359199108491783e+00	975	Delta	1.26031539094445044e+01	4.70828724166230117e-01	1.56942908055410046e+00	5	80	161	2.81250000000000000e-01	3.43750000000000000e-01	1.56250000000000000e-01	4	5	2
4.02359199108491783e+00	975	Pi	9.55424747010305531e+00	4.70828724166230117e-01	1.56942908055410046e+00	5	67	135	3.12500000000000000e-02	-4.68750000000000000e-01	3.12500000000000000e-02	0	24	0
4.02359199108491783e+00	975	Phi	5.88422508118363297e+00	5.25706370039397575e-01	1.75235456679799206e+00	5	80	161	4.68750000000000000e-01	9.37500000000000000e-02	2.18750000000000000e-01	7	1	3
4.02359199108491783e+00	975	GH_constraint	5.28477878285226410e-01	5.33085065913499356e-01	1.77695021971166467e+00	5	80	161	5.31250000000000000e-01	3.12500000000000000e-02	3.12500000000000000e-02	8	0	0
4.02359199108491783e+00	975	reduction_constraint	4.52843814117115731e-02	5.61631273612857140e-01	1.87210424537619047e+00	5	41	83	1.56250000000000000e-01	-5.31250000000000000e-01	-9.37500000000000000e-02	2	23	30
4.02359199108491783e+00	975	curl_constraint	7.86259671429436757e-01	4.95093109929839348e-01	1.65031036643279783e+00	5	74	148	-1.56250000000000000e-01	3.12500000000000000e-02	4.68750000000000000e-01	29	0	7
4.02359199108491783e+00	975	source_curvature	1.81340741692585290e+01	5.10629207449005973e-01	1.70209735816335339e+00	5	48	96	-2.18750000000000000e-01	2.18750000000000000e-01	-4.06250000000000000e-01	28	3	25
4.02359199108491783e+00	975	source_QQ	5.20474241696840778e+01	4.70828724166230117e-01	1.56942908055410046e+00	5	80	161	2.81250000000000000e-01	3.43750000000000000e-01	1.56250000000000000e-01	4	5	2
4.02359199108491783e+00	975	source_DeltaDelta	2.17342034873047076e+01	4.87139289628746752e-01	1.62379763209582251e+00	5	67	135	3.43750000000000000e-01	-3.43750000000000000e-01	3.12500000000000000e-02	5	26	0
4.02359199108491783e+00	975	source_damping	0.00000000000000000e+00	4.13527130307069442e+01	1.37842376769023161e+02	3	0	0	-2.38750000000000000e+01	-2.38750000000000000e+01	-2.38750000000000000e+01	0	0	0
4.02359199108491783e+00	975	source_frame_correction	6.08630712405452723e+00	4.70828724166230117e-01	1.56942908055410046e+00	5	54	109	3.12500000000000000e-02	4.68750000000000000e-01	-3.12500000000000000e-02	0	7	31
4.02359199108491783e+00	975	Psi_RHS_Linf	3.02089047858333259e+00	4.70828724166230117e-01	1.56942908055410046e+00	5	67	135	3.12500000000000000e-02	-4.68750000000000000e-01	3.12500000000000000e-02	0	24	0
4.02359199108491783e+00	975	Pi_RHS_Linf	1.22141274033528457e+01	4.70828724166230117e-01	1.56942908055410046e+00	5	54	109	3.12500000000000000e-02	4.68750000000000000e-01	-3.12500000000000000e-02	0	7	31
4.02359199108491783e+00	975	Phi_RHS_Linf	7.82650723817108940e+00	5.33085065913499356e-01	1.77695021971166467e+00	5	54	109	3.12500000000000000e-02	5.31250000000000000e-01	-3.12500000000000000e-02	0	8	31
4.02359199108491783e+00	975	Hhat_RHS_Linf	0.00000000000000000e+00	4.13527130307069442e+01	1.37842376769023161e+02	3	0	0	-2.38750000000000000e+01	-2.38750000000000000e+01	-2.38750000000000000e+01	0	0	0
4.02359199108491783e+00	975	theta_RHS_Linf	0.00000000000000000e+00	4.13527130307069442e+01	1.37842376769023161e+02	3	0	0	-2.38750000000000000e+01	-2.38750000000000000e+01	-2.38750000000000000e+01	0	0	0
4.02359199108491783e+00	975	Upsilon_RHS_Linf	0.00000000000000000e+00	4.13527130307069442e+01	1.37842376769023161e+02	3	0	0	-2.38750000000000000e+01	-2.38750000000000000e+01	-2.38750000000000000e+01	0	0	0
4.02359199108491783e+00	975	chi_beta	1.00023948450790501e+00	5.33085065913499356e-01	1.77695021971166467e+00	5	35	70	-5.31250000000000000e-01	-3.12500000000000000e-02	-3.12500000000000000e-02	23	31	31
4.02359199108491783e+00	975	chi_beta_near_r_lt_1	1.00023948450790501e+00	5.33085065913499356e-01	1.77695021971166467e+00	5	35	70	-5.31250000000000000e-01	-3.12500000000000000e-02	-3.12500000000000000e-02	23	31	31
4.02359199108491783e+00	975	chi_beta_inner_r_lt_0p5	9.24400535751515373e-01	4.95093109929839348e-01	1.65031036643279783e+00	5	48	96	-4.68750000000000000e-01	1.56250000000000000e-01	-3.12500000000000000e-02	24	2	31
4.02359199108491783e+00	975	chi_beta_annulus_0p5_1	1.00023948450790501e+00	5.33085065913499356e-01	1.77695021971166467e+00	5	35	70	-5.31250000000000000e-01	-3.12500000000000000e-02	-3.12500000000000000e-02	23	31	31
4.02359199108491783e+00	975	chi_beta_annulus_1_1p5	4.73221678105121280e-01	1.00146377243512918e+00	3.33821257478376410e+00	5	80	161	6.56250000000000000e-01	4.68750000000000000e-01	5.93750000000000000e-01	10	7	9
4.02359199108491783e+00	975	chi_beta_annulus_1p5_2	2.54139983686241189e-01	1.50097624481535341e+00	5.00325414938451196e+00	5	35	70	-2.18750000000000000e-01	-2.18750000000000000e-01	-1.46875000000000000e+00	28	28	8
4.02359199108491783e+00	975	chi_beta_outer_r_ge_2	1.57714327898227452e-01	2.00073228781363932e+00	6.66910762604546470e+00	5	54	109	3.43750000000000000e-01	9.37500000000000000e-02	-1.96875000000000000e+00	5	1	0
4.02359199108491783e+00	975	chi_beta_first_ge_1	1.00000000000000000e+00	5.33085065913499356e-01	1.77695021971166467e+00	5	35	70	-3.12500000000000000e-02	-3.12500000000000000e-02	-5.31250000000000000e-01	31	31	23
4.04409937587322599e+00	980	reference_Ricci	7.50611807622269911e+00	5.33085065913499356e-01	1.77695021971166467e+00	5	35	70	-2.18750000000000000e-01	-3.43750000000000000e-01	-3.43750000000000000e-01	28	26	26
4.04409937587322599e+00	980	reference_Riemann	1.04857096864051531e+01	5.33085065913499356e-01	1.77695021971166467e+00	5	35	70	-2.18750000000000000e-01	-3.43750000000000000e-01	-3.43750000000000000e-01	28	26	26
4.04409937587322599e+00	980	spin_connection	2.93516468496360838e+00	4.36382501367779396e-01	1.45460833789259802e+00	5	35	70	-3.12500000000000000e-02	-1.56250000000000000e-01	-4.06250000000000000e-01	31	29	25
4.04409937587322599e+00	980	spin_derivative	1.09005773753929134e+01	5.25706370039397575e-01	1.75235456679799206e+00	5	35	70	-2.81250000000000000e-01	-2.81250000000000000e-01	-3.43750000000000000e-01	27	27	26
4.04409937587322599e+00	980	Psi	4.53106265385519968e+00	4.70828724166230117e-01	1.56942908055410046e+00	5	61	122	-3.12500000000000000e-02	-4.68750000000000000e-01	3.12500000000000000e-02	31	24	0
4.04409937587322599e+00	980	Q	1.84454521212795939e+01	4.87139289628746752e-01	1.62379763209582251e+00	5	61	122	-2.81250000000000000e-01	-2.81250000000000000e-01	2.81250000000000000e-01	27	27	4
4.04409937587322599e+00	980	Delta	1.30156229254859923e+01	4.70828724166230117e-01	1.56942908055410046e+00	5	80	161	3.43750000000000000e-01	2.81250000000000000e-01	1.56250000000000000e-01	5	4	2
4.04409937587322599e+00	980	Pi	9.81207285785249361e+00	4.70828724166230117e-01	1.56942908055410046e+00	5	41	83	3.12500000000000000e-02	-4.68750000000000000e-01	-3.12500000000000000e-02	0	24	31
4.04409937587322599e+00	980	Phi	6.06973875827558729e+00	5.25706370039397575e-01	1.75235456679799206e+00	5	80	161	4.68750000000000000e-01	9.37500000000000000e-02	2.18750000000000000e-01	7	1	3
4.04409937587322599e+00	980	GH_constraint	5.64511376658265451e-01	5.33085065913499356e-01	1.77695021971166467e+00	5	80	161	3.12500000000000000e-02	5.31250000000000000e-01	3.12500000000000000e-02	0	8	0
4.04409937587322599e+00	980	reduction_constraint	4.85984690425643601e-02	5.61631273612857140e-01	1.87210424537619047e+00	5	41	83	1.56250000000000000e-01	-5.31250000000000000e-01	-9.37500000000000000e-02	2	23	30
4.04409937587322599e+00	980	curl_constraint	8.37235073394547058e-01	4.95093109929839348e-01	1.65031036643279783e+00	5	54	109	4.68750000000000000e-01	1.56250000000000000e-01	-3.12500000000000000e-02	7	2	31
4.04409937587322599e+00	980	source_curvature	1.84757655615700180e+01	5.10629207449005973e-01	1.70209735816335339e+00	5	48	96	-2.18750000000000000e-01	2.18750000000000000e-01	-4.06250000000000000e-01	28	3	25
4.04409937587322599e+00	980	source_QQ	5.40114256639744710e+01	4.70828724166230117e-01	1.56942908055410046e+00	5	80	161	2.81250000000000000e-01	3.43750000000000000e-01	1.56250000000000000e-01	4	5	2
4.04409937587322599e+00	980	source_DeltaDelta	2.24360240075129980e+01	4.87139289628746752e-01	1.62379763209582251e+00	5	67	135	3.43750000000000000e-01	-3.43750000000000000e-01	3.12500000000000000e-02	5	26	0
4.04409937587322599e+00	980	source_damping	0.00000000000000000e+00	4.13527130307069442e+01	1.37842376769023161e+02	3	0	0	-2.38750000000000000e+01	-2.38750000000000000e+01	-2.38750000000000000e+01	0	0	0
4.04409937587322599e+00	980	source_frame_correction	6.31262798822552806e+00	4.70828724166230117e-01	1.56942908055410046e+00	5	80	161	3.12500000000000000e-02	3.12500000000000000e-02	4.68750000000000000e-01	0	0	7
4.04409937587322599e+00	980	Psi_RHS_Linf	3.11515669254015837e+00	4.70828724166230117e-01	1.56942908055410046e+00	5	67	135	3.12500000000000000e-02	-4.68750000000000000e-01	3.12500000000000000e-02	0	24	0
4.04409937587322599e+00	980	Pi_RHS_Linf	1.27127756274688757e+01	4.70828724166230117e-01	1.56942908055410046e+00	5	54	109	3.12500000000000000e-02	4.68750000000000000e-01	-3.12500000000000000e-02	0	7	31
4.04409937587322599e+00	980	Phi_RHS_Linf	8.09312884509326835e+00	5.33085065913499356e-01	1.77695021971166467e+00	5	54	109	3.12500000000000000e-02	5.31250000000000000e-01	-3.12500000000000000e-02	0	8	31
4.04409937587322599e+00	980	Hhat_RHS_Linf	0.00000000000000000e+00	4.13527130307069442e+01	1.37842376769023161e+02	3	0	0	-2.38750000000000000e+01	-2.38750000000000000e+01	-2.38750000000000000e+01	0	0	0
4.04409937587322599e+00	980	theta_RHS_Linf	0.00000000000000000e+00	4.13527130307069442e+01	1.37842376769023161e+02	3	0	0	-2.38750000000000000e+01	-2.38750000000000000e+01	-2.38750000000000000e+01	0	0	0
4.04409937587322599e+00	980	Upsilon_RHS_Linf	0.00000000000000000e+00	4.13527130307069442e+01	1.37842376769023161e+02	3	0	0	-2.38750000000000000e+01	-2.38750000000000000e+01	-2.38750000000000000e+01	0	0	0
4.04409937587322599e+00	980	chi_beta	1.00915376717899208e+00	5.33085065913499356e-01	1.77695021971166467e+00	5	35	70	-5.31250000000000000e-01	-3.12500000000000000e-02	-3.12500000000000000e-02	23	31	31
4.04409937587322599e+00	980	chi_beta_near_r_lt_1	1.00915376717899208e+00	5.33085065913499356e-01	1.77695021971166467e+00	5	35	70	-5.31250000000000000e-01	-3.12500000000000000e-02	-3.12500000000000000e-02	23	31	31
4.04409937587322599e+00	980	chi_beta_inner_r_lt_0p5	9.34926716733059271e-01	4.95093109929839348e-01	1.65031036643279783e+00	5	67	135	3.12500000000000000e-02	-4.68750000000000000e-01	1.56250000000000000e-01	0	24	2
4.04409937587322599e+00	980	chi_beta_annulus_0p5_1	1.00915376717899208e+00	5.33085065913499356e-01	1.77695021971166467e+00	5	35	70	-5.31250000000000000e-01	-3.12500000000000000e-02	-3.12500000000000000e-02	23	31	31
4.04409937587322599e+00	980	chi_beta_annulus_1_1p5	4.77639804921804856e-01	1.00146377243512918e+00	3.33821257478376410e+00	5	67	135	6.56250000000000000e-01	-4.68750000000000000e-01	5.93750000000000000e-01	10	24	9
4.04409937587322599e+00	980	chi_beta_annulus_1p5_2	2.56507722194232013e-01	1.50097624481535341e+00	5.00325414938451196e+00	5	35	70	-2.18750000000000000e-01	-2.18750000000000000e-01	-1.46875000000000000e+00	28	28	8
4.04409937587322599e+00	980	chi_beta_outer_r_ge_2	1.59189326380475948e-01	2.00073228781363932e+00	6.66910762604546470e+00	5	35	70	-1.96875000000000000e+00	-9.37500000000000000e-02	-3.43750000000000000e-01	0	30	26
4.04409937587322599e+00	980	chi_beta_first_ge_1	1.00000000000000000e+00	5.33085065913499356e-01	1.77695021971166467e+00	5	35	70	-3.12500000000000000e-02	-3.12500000000000000e-02	-5.31250000000000000e-01	31	31	23
4.06050402504124452e+00	984	reference_Ricci	7.58252124659246718e+00	5.33085065913499356e-01	1.77695021971166467e+00	5	35	70	-2.18750000000000000e-01	-3.43750000000000000e-01	-3.43750000000000000e-01	28	26	26
4.06050402504124452e+00	984	reference_Riemann	1.06080356977175470e+01	5.33085065913499356e-01	1.77695021971166467e+00	5	35	70	-2.18750000000000000e-01	-3.43750000000000000e-01	-3.43750000000000000e-01	28	26	26
4.06050402504124452e+00	984	spin_connection	2.95067738689414361e+00	4.36382501367779396e-01	1.45460833789259802e+00	5	35	70	-1.56250000000000000e-01	-2.18750000000000000e-01	-3.43750000000000000e-01	29	28	26
4.06050402504124452e+00	984	spin_derivative	1.10044443559843170e+01	5.25706370039397575e-01	1.75235456679799206e+00	5	35	70	-2.81250000000000000e-01	-2.81250000000000000e-01	-3.43750000000000000e-01	27	27	26
4.06050402504124452e+00	984	Psi	4.57909138175415187e+00	4.70828724166230117e-01	1.56942908055410046e+00	5	41	83	3.12500000000000000e-02	-4.68750000000000000e-01	-3.12500000000000000e-02	0	24	31
4.06050402504124452e+00	984	Q	1.89624601906753547e+01	4.87139289628746752e-01	1.62379763209582251e+00	5	61	122	-2.81250000000000000e-01	-2.81250000000000000e-01	2.81250000000000000e-01	27	27	4
4.06050402504124452e+00	984	Delta	1.33591016769683346e+01	4.70828724166230117e-01	1.56942908055410046e+00	5	54	109	2.81250000000000000e-01	1.56250000000000000e-01	-3.43750000000000000e-01	4	2	26
4.06050402504124452e+00	984	Pi	1.00268556468223853e+01	4.70828724166230117e-01	1.56942908055410046e+00	5	67	135	3.12500000000000000e-02	-4.68750000000000000e-01	3.12500000000000000e-02	0	24	0
4.06050402504124452e+00	984	Phi	6.22289460934248950e+00	5.25706370039397575e-01	1.75235456679799206e+00	5	80	161	4.68750000000000000e-01	9.37500000000000000e-02	2.18750000000000000e-01	7	1	3
4.06050402504124452e+00	984	GH_constraint	5.95240462379469593e-01	5.33085065913499356e-01	1.77695021971166467e+00	5	74	148	-3.12500000000000000e-02	5.31250000000000000e-01	3.12500000000000000e-02	31	8	0
4.06050402504124452e+00	984	reduction_constraint	5.14487262632082193e-02	5.61631273612857140e-01	1.87210424537619047e+00	5	41	83	1.56250000000000000e-01	-5.31250000000000000e-01	-9.37500000000000000e-02	2	23	30
4.06050402504124452e+00	984	curl_constraint	8.80428426660768260e-01	4.95093109929839348e-01	1.65031036643279783e+00	5	48	96	-3.12500000000000000e-02	1.56250000000000000e-01	-4.68750000000000000e-01	31	2	24
4.06050402504124452e+00	984	source_curvature	1.87554445774910299e+01	5.10629207449005973e-01	1.70209735816335339e+00	5	41	83	2.18750000000000000e-01	-2.18750000000000000e-01	-4.06250000000000000e-01	3	28	25
4.06050402504124452e+00	984	source_QQ	5.56493206798262108e+01	4.70828724166230117e-01	1.56942908055410046e+00	5	54	109	2.81250000000000000e-01	1.56250000000000000e-01	-3.43750000000000000e-01	4	2	26
4.06050402504124452e+00	984	source_DeltaDelta	2.30153842004404794e+01	4.87139289628746752e-01	1.62379763209582251e+00	5	35	70	-3.43750000000000000e-01	-3.43750000000000000e-01	-3.12500000000000000e-02	26	26	31
4.06050402504124452e+00	984	source_damping	0.00000000000000000e+00	4.13527130307069442e+01	1.37842376769023161e+02	3	0	0	-2.38750000000000000e+01	-2.38750000000000000e+01	-2.38750000000000000e+01	0	0	0
4.06050402504124452e+00	984	source_frame_correction	6.50104899734805031e+00	4.70828724166230117e-01	1.56942908055410046e+00	5	74	148	-4.68750000000000000e-01	3.12500000000000000e-02	3.12500000000000000e-02	24	0	0
4.06050402504124452e+00	984	Psi_RHS_Linf	3.19332177794061156e+00	4.70828724166230117e-01	1.56942908055410046e+00	5	41	83	3.12500000000000000e-02	-4.68750000000000000e-01	-3.12500000000000000e-02	0	24	31
4.06050402504124452e+00	984	Pi_RHS_Linf	1.31282993893212421e+01	4.70828724166230117e-01	1.56942908055410046e+00	5	80	161	3.12500000000000000e-02	3.12500000000000000e-02	4.68750000000000000e-01	0	0	7
4.06050402504124452e+00	984	Phi_RHS_Linf	8.31255813451267578e+00	5.33085065913499356e-01	1.77695021971166467e+00	5	54	109	3.12500000000000000e-02	5.31250000000000000e-01	-3.12500000000000000e-02	0	8	31
4.06050402504124452e+00	984	Hhat_RHS_Linf	0.00000000000000000e+00	4.13527130307069442e+01	1.37842376769023161e+02	3	0	0	-2.38750000000000000e+01	-2.38750000000000000e+01	-2.38750000000000000e+01	0	0	0
4.06050402504124452e+00	984	theta_RHS_Linf	0.00000000000000000e+00	4.13527130307069442e+01	1.37842376769023161e+02	3	0	0	-2.38750000000000000e+01	-2.38750000000000000e+01	-2.38750000000000000e+01	0	0	0
4.06050402504124452e+00	984	Upsilon_RHS_Linf	0.00000000000000000e+00	4.13527130307069442e+01	1.37842376769023161e+02	3	0	0	-2.38750000000000000e+01	-2.38750000000000000e+01	-2.38750000000000000e+01	0	0	0
4.06050402504124452e+00	984	chi_beta	1.01620988716950245e+00	5.33085065913499356e-01	1.77695021971166467e+00	5	35	70	-5.31250000000000000e-01	-3.12500000000000000e-02	-3.12500000000000000e-02	23	31	31
4.06050402504124452e+00	984	chi_beta_near_r_lt_1	1.01620988716950245e+00	5.33085065913499356e-01	1.77695021971166467e+00	5	35	70	-5.31250000000000000e-01	-3.12500000000000000e-02	-3.12500000000000000e-02	23	31	31
4.06050402504124452e+00	984	chi_beta_inner_r_lt_0p5	9.43391418968321127e-01	4.95093109929839348e-01	1.65031036643279783e+00	5	41	83	1.56250000000000000e-01	-4.68750000000000000e-01	-3.12500000000000000e-02	2	24	31
4.06050402504124452e+00	984	chi_beta_annulus_0p5_1	1.01620988716950245e+00	5.33085065913499356e-01	1.77695021971166467e+00	5	35	70	-5.31250000000000000e-01	-3.12500000000000000e-02	-3.12500000000000000e-02	23	31	31
4.06050402504124452e+00	984	chi_beta_annulus_1_1p5	4.81166998397473289e-01	1.00146377243512918e+00	3.33821257478376410e+00	5	54	109	5.93750000000000000e-01	4.68750000000000000e-01	-6.56250000000000000e-01	9	7	21
4.06050402504124452e+00	984	chi_beta_annulus_1p5_2	2.58398341388295871e-01	1.50097624481535341e+00	5.00325414938451196e+00	5	67	135	1.46875000000000000e+00	-2.18750000000000000e-01	2.18750000000000000e-01	23	28	3
4.06050402504124452e+00	984	chi_beta_outer_r_ge_2	1.60367507750908495e-01	2.00073228781363932e+00	6.66910762604546470e+00	5	35	70	-1.96875000000000000e+00	-9.37500000000000000e-02	-3.43750000000000000e-01	0	30	26
4.06050402504124452e+00	984	chi_beta_first_ge_1	1.00000000000000000e+00	5.18222623493031276e-01	1.72740874497677099e+00	5	35	70	-1.56250000000000000e-01	-1.56250000000000000e-01	-4.68750000000000000e-01	29	29	24
4.08100826328639776e+00	989	reference_Ricci	7.67855339848736662e+00	5.33085065913499356e-01	1.77695021971166467e+00	5	35	70	-3.43750000000000000e-01	-3.12500000000000000e-02	-4.06250000000000000e-01	26	31	25
4.08100826328639776e+00	989	reference_Riemann	1.07620018140727982e+01	5.33085065913499356e-01	1.77695021971166467e+00	5	35	70	-2.18750000000000000e-01	-3.43750000000000000e-01	-3.43750000000000000e-01	28	26	26
4.08100826328639776e+00	989	spin_connection	2.97006572493574916e+00	4.36382501367779396e-01	1.45460833789259802e+00	5	35	70	-3.12500000000000000e-02	-1.56250000000000000e-01	-4.06250000000000000e-01	31	29	25
4.08100826328639776e+00	989	spin_derivative	1.11348606501598386e+01	5.25706370039397575e-01	1.75235456679799206e+00	5	35	70	-2.81250000000000000e-01	-2.81250000000000000e-01	-3.43750000000000000e-01	27	27	26
4.08100826328639776e+00	989	Psi	4.64072791905775350e+00	4.70828724166230117e-01	1.56942908055410046e+00	5	67	135	3.12500000000000000e-02	-3.12500000000000000e-02	4.68750000000000000e-01	0	31	7
4.08100826328639776e+00	989	Q	1.96367645871084093e+01	4.87139289628746752e-01	1.62379763209582251e+00	5	61	122	-2.81250000000000000e-01	-2.81250000000000000e-01	2.81250000000000000e-01	27	27	4
4.08100826328639776e+00	989	Delta	1.38062064213244682e+01	4.70828724166230117e-01	1.56942908055410046e+00	5	54	109	2.81250000000000000e-01	1.56250000000000000e-01	-3.43750000000000000e-01	4	2	26
4.08100826328639776e+00	989	Pi	1.03064936387865789e+01	4.70828724166230117e-01	1.56942908055410046e+00	5	67	135	3.12500000000000000e-02	-4.68750000000000000e-01	3.12500000000000000e-02	0	24	0
4.08100826328639776e+00	989	Phi	6.42046310997644465e+00	5.25706370039397575e-01	1.75235456679799206e+00	5	80	161	4.68750000000000000e-01	9.37500000000000000e-02	2.18750000000000000e-01	7	1	3
4.08100826328639776e+00	989	GH_constraint	6.36221042019354366e-01	5.33085065913499356e-01	1.77695021971166467e+00	5	74	148	-3.12500000000000000e-02	5.31250000000000000e-01	3.12500000000000000e-02	31	8	0
4.08100826328639776e+00	989	reduction_constraint	5.52784964471296353e-02	5.61631273612857140e-01	1.87210424537619047e+00	5	61	122	-1.56250000000000000e-01	-5.31250000000000000e-01	9.37500000000000000e-02	29	23	1
4.08100826328639776e+00	989	curl_constraint	9.37622457713820356e-01	4.95093109929839348e-01	1.65031036643279783e+00	5	48	96	-3.12500000000000000e-02	1.56250000000000000e-01	-4.68750000000000000e-01	31	2	24
4.08100826328639776e+00	989	source_curvature	1.91130699605429655e+01	5.10629207449005973e-01	1.70209735816335339e+00	5	41	83	2.18750000000000000e-01	-2.18750000000000000e-01	-4.06250000000000000e-01	3	28	25
4.08100826328639776e+00	989	source_QQ	5.77838598101419194e+01	4.70828724166230117e-01	1.56942908055410046e+00	5	54	109	2.81250000000000000e-01	1.56250000000000000e-01	-3.43750000000000000e-01	4	2	26
4.08100826328639776e+00	989	source_DeltaDelta	2.38043165414775117e+01	4.79053428648621604e-01	1.59684476216207205e+00	5	54	109	4.68750000000000000e-01	3.12500000000000000e-02	-9.37500000000000000e-02	7	0	30
4.08100826328639776e+00	989	source_damping	0.00000000000000000e+00	4.13527130307069442e+01	1.37842376769023161e+02	3	0	0	-2.38750000000000000e+01	-2.38750000000000000e+01	-2.38750000000000000e+01	0	0	0
4.08100826328639776e+00	989	source_frame_correction	6.74635207636635492e+00	4.70828724166230117e-01	1.56942908055410046e+00	5	74	148	-4.68750000000000000e-01	3.12500000000000000e-02	3.12500000000000000e-02	24	0	0
4.08100826328639776e+00	989	Psi_RHS_Linf	3.29461022406992043e+00	4.70828724166230117e-01	1.56942908055410046e+00	5	67	135	3.12500000000000000e-02	-4.68750000000000000e-01	3.12500000000000000e-02	0	24	0
4.08100826328639776e+00	989	Pi_RHS_Linf	1.36692896907326364e+01	4.70828724166230117e-01	1.56942908055410046e+00	5	74	148	-4.68750000000000000e-01	3.12500000000000000e-02	3.12500000000000000e-02	24	0	0
4.08100826328639776e+00	989	Phi_RHS_Linf	8.59461963690144692e+00	5.33085065913499356e-01	1.77695021971166467e+00	5	54	109	3.12500000000000000e-02	5.31250000000000000e-01	-3.12500000000000000e-02	0	8	31
4.08100826328639776e+00	989	Hhat_RHS_Linf	0.00000000000000000e+00	4.13527130307069442e+01	1.37842376769023161e+02	3	0	0	-2.38750000000000000e+01	-2.38750000000000000e+01	-2.38750000000000000e+01	0	0	0
4.08100826328639776e+00	989	theta_RHS_Linf	0.00000000000000000e+00	4.13527130307069442e+01	1.37842376769023161e+02	3	0	0	-2.38750000000000000e+01	-2.38750000000000000e+01	-2.38750000000000000e+01	0	0	0
4.08100826328639776e+00	989	Upsilon_RHS_Linf	0.00000000000000000e+00	4.13527130307069442e+01	1.37842376769023161e+02	3	0	0	-2.38750000000000000e+01	-2.38750000000000000e+01	-2.38750000000000000e+01	0	0	0
4.08100826328639776e+00	989	chi_beta	1.02492908477533429e+00	5.33085065913499356e-01	1.77695021971166467e+00	5	35	70	-5.31250000000000000e-01	-3.12500000000000000e-02	-3.12500000000000000e-02	23	31	31
4.08100826328639776e+00	989	chi_beta_near_r_lt_1	1.02492908477533429e+00	5.33085065913499356e-01	1.77695021971166467e+00	5	35	70	-5.31250000000000000e-01	-3.12500000000000000e-02	-3.12500000000000000e-02	23	31	31
4.08100826328639776e+00	989	chi_beta_inner_r_lt_0p5	9.54026470699207763e-01	4.95093109929839348e-01	1.65031036643279783e+00	5	54	109	1.56250000000000000e-01	4.68750000000000000e-01	-3.12500000000000000e-02	2	7	31
4.08100826328639776e+00	989	chi_beta_annulus_0p5_1	1.02492908477533429e+00	5.33085065913499356e-01	1.77695021971166467e+00	5	35	70	-5.31250000000000000e-01	-3.12500000000000000e-02	-3.12500000000000000e-02	23	31	31
4.08100826328639776e+00	989	chi_beta_annulus_1_1p5	4.85566297287030935e-01	1.00146377243512918e+00	3.33821257478376410e+00	5	41	83	5.93750000000000000e-01	-4.68750000000000000e-01	-6.56250000000000000e-01	9	24	21
4.08100826328639776e+00	989	chi_beta_annulus_1p5_2	2.60756869585046513e-01	1.50097624481535341e+00	5.00325414938451196e+00	5	35	70	-2.18750000000000000e-01	-2.18750000000000000e-01	-1.46875000000000000e+00	28	28	8
4.08100826328639776e+00	989	chi_beta_outer_r_ge_2	1.61837796124069205e-01	2.00073228781363932e+00	6.66910762604546470e+00	5	54	109	3.43750000000000000e-01	9.37500000000000000e-02	-1.96875000000000000e+00	5	1	0
4.08100826328639776e+00	989	chi_beta_first_ge_1	1.00000000000000000e+00	5.18222623493031276e-01	1.72740874497677099e+00	5	35	70	-3.12500000000000000e-02	-2.18750000000000000e-01	-4.68750000000000000e-01	31	28	24
4.10151075379369434e+00	994	reference_Ricci	7.77515988039862016e+00	5.33085065913499356e-01	1.77695021971166467e+00	5	35	70	-3.43750000000000000e-01	-4.06250000000000000e-01	-3.12500000000000000e-02	26	25	31
4.10151075379369434e+00	994	reference_Riemann	1.09171260633276503e+01	5.33085065913499356e-01	1.77695021971166467e+00	5	35	70	-4.06250000000000000e-01	-3.43750000000000000e-01	-3.12500000000000000e-02	25	26	31
4.10151075379369434e+00	994	spin_connection	2.98944872141925178e+00	4.36382501367779396e-01	1.45460833789259802e+00	5	35	70	-1.56250000000000000e-01	-4.06250000000000000e-01	-3.12500000000000000e-02	29	25	31
4.10151075379369434e+00	994	spin_derivative	1.12659110785054946e+01	5.25706370039397575e-01	1.75235456679799206e+00	5	35	70	-2.81250000000000000e-01	-2.81250000000000000e-01	-3.43750000000000000e-01	27	27	26
4.10151075379369434e+00	994	Psi	4.70422131860585413e+00	4.70828724166230117e-01	1.56942908055410046e+00	5	41	83	3.12500000000000000e-02	-4.68750000000000000e-01	-3.12500000000000000e-02	0	24	31
4.10151075379369434e+00	994	Q	2.03438861663309645e+01	4.87139289628746752e-01	1.62379763209582251e+00	5	61	122	-2.81250000000000000e-01	-2.81250000000000000e-01	2.81250000000000000e-01	27	27	4
4.10151075379369434e+00	994	Delta	1.42740694280080014e+01	4.70828724166230117e-01	1.56942908055410046e+00	5	54	109	2.81250000000000000e-01	1.56250000000000000e-01	-3.43750000000000000e-01	4	2	26
4.10151075379369434e+00	994	Pi	1.05991166828387087e+01	4.70828724166230117e-01	1.56942908055410046e+00	5	67	135	3.12500000000000000e-02	-4.68750000000000000e-01	3.12500000000000000e-02	0	24	0
4.10151075379369434e+00	994	Phi	6.62637381940073844e+00	5.18222623493031276e-01	1.72740874497677099e+00	5	54	109	2.81250000000000000e-01	4.06250000000000000e-01	-1.56250000000000000e-01	4	6	29
4.10151075379369434e+00	994	GH_constraint	6.80289748388865689e-01	5.33085065913499356e-01	1.77695021971166467e+00	5	67	135	3.12500000000000000e-02	-3.12500000000000000e-02	5.31250000000000000e-01	0	31	8
4.10151075379369434e+00	994	reduction_constraint	5.94265972684983740e-02	5.61631273612857140e-01	1.87210424537619047e+00	5	61	122	-1.56250000000000000e-01	-5.31250000000000000e-01	9.37500000000000000e-02	29	23	1
4.10151075379369434e+00	994	curl_constraint	1.00002257644407044e+00	4.87139289628746752e-01	1.62379763209582251e+00	5	54	109	2.18750000000000000e-01	1.56250000000000000e-01	-4.06250000000000000e-01	3	2	25
4.10151075379369434e+00	994	source_curvature	1.94797356500207535e+01	5.10629207449005973e-01	1.70209735816335339e+00	5	54	109	4.06250000000000000e-01	2.18750000000000000e-01	-2.18750000000000000e-01	6	3	28
4.10151075379369434e+00	994	source_QQ	6.00196572570273403e+01	4.70828724166230117e-01	1.56942908055410046e+00	5	54	109	2.81250000000000000e-01	1.56250000000000000e-01	-3.43750000000000000e-01	4	2	26
4.10151075379369434e+00	994	source_DeltaDelta	2.46523011008435446e+01	4.79053428648621604e-01	1.59684476216207205e+00	5	54	109	4.68750000000000000e-01	3.12500000000000000e-02	-9.37500000000000000e-02	7	0	30
4.10151075379369434e+00	994	source_damping	0.00000000000000000e+00	4.13527130307069442e+01	1.37842376769023161e+02	3	0	0	-2.38750000000000000e+01	-2.38750000000000000e+01	-2.38750000000000000e+01	0	0	0
4.10151075379369434e+00	994	source_frame_correction	7.00321021027637070e+00	4.70828724166230117e-01	1.56942908055410046e+00	5	74	148	-4.68750000000000000e-01	3.12500000000000000e-02	3.12500000000000000e-02	24	0	0
4.10151075379369434e+00	994	Psi_RHS_Linf	3.40004211187323779e+00	4.70828724166230117e-01	1.56942908055410046e+00	5	67	135	3.12500000000000000e-02	-4.68750000000000000e-01	3.12500000000000000e-02	0	24	0
4.10151075379369434e+00	994	Pi_RHS_Linf	1.42352143814259389e+01	4.70828724166230117e-01	1.56942908055410046e+00	5	74	148	-4.68750000000000000e-01	3.12500000000000000e-02	3.12500000000000000e-02	24	0	0
4.10151075379369434e+00	994	Phi_RHS_Linf	8.88542978914217407e+00	5.33085065913499356e-01	1.77695021971166467e+00	5	67	135	3.12500000000000000e-02	-5.31250000000000000e-01	3.12500000000000000e-02	0	23	0
4.10151075379369434e+00	994	Hhat_RHS_Linf	0.00000000000000000e+00	4.13527130307069442e+01	1.37842376769023161e+02	3	0	0	-2.38750000000000000e+01	-2.38750000000000000e+01	-2.38750000000000000e+01	0	0	0
4.10151075379369434e+00	994	theta_RHS_Linf	0.00000000000000000e+00	4.13527130307069442e+01	1.37842376769023161e+02	3	0	0	-2.38750000000000000e+01	-2.38750000000000000e+01	-2.38750000000000000e+01	0	0	0
4.10151075379369434e+00	994	Upsilon_RHS_Linf	0.00000000000000000e+00	4.13527130307069442e+01	1.37842376769023161e+02	3	0	0	-2.38750000000000000e+01	-2.38750000000000000e+01	-2.38750000000000000e+01	0	0	0
4.10151075379369434e+00	994	chi_beta	1.03352829636998123e+00	5.33085065913499356e-01	1.77695021971166467e+00	5	35	70	-5.31250000000000000e-01	-3.12500000000000000e-02	-3.12500000000000000e-02	23	31	31
4.10151075379369434e+00	994	chi_beta_near_r_lt_1	1.03352829636998123e+00	5.33085065913499356e-01	1.77695021971166467e+00	5	35	70	-5.31250000000000000e-01	-3.12500000000000000e-02	-3.12500000000000000e-02	23	31	31
4.10151075379369434e+00	994	chi_beta_inner_r_lt_0p5	9.64721126292999664e-01	4.95093109929839348e-01	1.65031036643279783e+00	5	48	96	-3.12500000000000000e-02	4.68750000000000000e-01	-1.56250000000000000e-01	31	7	29
4.10151075379369434e+00	994	chi_beta_annulus_0p5_1	1.03352829636998123e+00	5.33085065913499356e-01	1.77695021971166467e+00	5	35	70	-5.31250000000000000e-01	-3.12500000000000000e-02	-3.12500000000000000e-02	23	31	31
4.10151075379369434e+00	994	chi_beta_annulus_1_1p5	4.89954209448636380e-01	1.00146377243512918e+00	3.33821257478376410e+00	5	74	148	-6.56250000000000000e-01	5.93750000000000000e-01	4.68750000000000000e-01	21	9	7
4.10151075379369434e+00	994	chi_beta_annulus_1p5_2	2.63109813543455640e-01	1.50097624481535341e+00	5.00325414938451196e+00	5	35	70	-2.18750000000000000e-01	-2.18750000000000000e-01	-1.46875000000000000e+00	28	28	8
4.10151075379369434e+00	994	chi_beta_outer_r_ge_2	1.63305190773073455e-01	2.00073228781363932e+00	6.66910762604546470e+00	5	54	109	3.43750000000000000e-01	9.37500000000000000e-02	-1.96875000000000000e+00	5	1	0
4.10151075379369434e+00	994	chi_beta_first_ge_1	1.00000000000000000e+00	5.18222623493031276e-01	1.72740874497677099e+00	5	35	70	-3.12500000000000000e-02	-2.18750000000000000e-01	-4.68750000000000000e-01	31	28	24
4.12201149702498526e+00	999	reference_Ricci	7.87232701376238797e+00	5.33085065913499356e-01	1.77695021971166467e+00	5	35	70	-3.12500000000000000e-02	-3.43750000000000000e-01	-4.06250000000000000e-01	31	26	25
4.12201149702498526e+00	999	reference_Riemann	1.10733885786095509e+01	5.33085065913499356e-01	1.77695021971166467e+00	5	35	70	-2.18750000000000000e-01	-3.43750000000000000e-01	-3.43750000000000000e-01	28	26	26
4.12201149702498526e+00	999	spin_connection	3.00882369445544340e+00	4.36382501367779396e-01	1.45460833789259802e+00	5	35	70	-4.06250000000000000e-01	-1.56250000000000000e-01	-3.12500000000000000e-02	25	29	31
4.12201149702498526e+00	999	spin_derivative	1.13975812268406376e+01	5.25706370039397575e-01	1.75235456679799206e+00	5	35	70	-2.81250000000000000e-01	-2.81250000000000000e-01	-3.43750000000000000e-01	27	27	26
4.12201149702498526e+00	999	Psi	4.76965991800722655e+00	4.70828724166230117e-01	1.56942908055410046e+00	5	41	83	3.12500000000000000e-02	-4.68750000000000000e-01	-3.12500000000000000e-02	0	24	31
4.12201149702498526e+00	999	Q	2.10856965056189125e+01	4.87139289628746752e-01	1.62379763209582251e+00	5	61	122	-2.81250000000000000e-01	-2.81250000000000000e-01	2.81250000000000000e-01	27	27	4
4.12201149702498526e+00	999	Delta	1.47638550958092161e+01	4.70828724166230117e-01	1.56942908055410046e+00	5	54	109	2.81250000000000000e-01	1.56250000000000000e-01	-3.43750000000000000e-01	4	2	26
4.12201149702498526e+00	999	Pi	1.09053778024868571e+01	4.70828724166230117e-01	1.56942908055410046e+00	5	41	83	3.12500000000000000e-02	-4.68750000000000000e-01	-3.12500000000000000e-02	0	24	31
4.12201149702498526e+00	999	Phi	6.85008676983634857e+00	5.18222623493031276e-01	1.72740874497677099e+00	5	54	109	2.81250000000000000e-01	4.06250000000000000e-01	-1.56250000000000000e-01	4	6	29
4.12201149702498526e+00	999	GH_constraint	7.27721581195130196e-01	5.33085065913499356e-01	1.77695021971166467e+00	5	67	135	3.12500000000000000e-02	-3.12500000000000000e-02	5.31250000000000000e-01	0	31	8
4.12201149702498526e+00	999	reduction_constraint	6.39180226491021519e-02	5.61631273612857140e-01	1.87210424537619047e+00	5	61	122	-1.56250000000000000e-01	-5.31250000000000000e-01	9.37500000000000000e-02	29	23	1
4.12201149702498526e+00	999	curl_constraint	1.06764548332982501e+00	4.87139289628746752e-01	1.62379763209582251e+00	5	54	109	2.18750000000000000e-01	1.56250000000000000e-01	-4.06250000000000000e-01	3	2	25
4.12201149702498526e+00	999	source_curvature	1.98641368978570689e+01	5.02921154357221289e-01	1.67640384785740437e+00	5	54	109	4.68750000000000000e-01	9.37500000000000000e-02	-1.56250000000000000e-01	7	1	29
4.12201149702498526e+00	999	source_QQ	6.23616254035368200e+01	4.70828724166230117e-01	1.56942908055410046e+00	5	41	83	1.56250000000000000e-01	-2.81250000000000000e-01	-3.43750000000000000e-01	2	27	26
4.12201149702498526e+00	999	source_DeltaDelta	2.55365173417122691e+01	4.79053428648621604e-01	1.59684476216207205e+00	5	61	122	-4.68750000000000000e-01	-9.37500000000000000e-02	3.12500000000000000e-02	24	30	0
4.12201149702498526e+00	999	source_damping	0.00000000000000000e+00	4.13527130307069442e+01	1.37842376769023161e+02	3	0	0	-2.38750000000000000e+01	-2.38750000000000000e+01	-2.38750000000000000e+01	0	0	0
4.12201149702498526e+00	999	source_frame_correction	7.27243192970256835e+00	4.70828724166230117e-01	1.56942908055410046e+00	5	74	148	-4.68750000000000000e-01	3.12500000000000000e-02	3.12500000000000000e-02	24	0	0
4.12201149702498526e+00	999	Psi_RHS_Linf	3.50979856040475502e+00	4.70828724166230117e-01	1.56942908055410046e+00	5	67	135	3.12500000000000000e-02	-4.68750000000000000e-01	3.12500000000000000e-02	0	24	0
4.12201149702498526e+00	999	Pi_RHS_Linf	1.48271233916753271e+01	4.70828724166230117e-01	1.56942908055410046e+00	5	48	96	-4.68750000000000000e-01	3.12500000000000000e-02	-3.12500000000000000e-02	24	0	31
4.12201149702498526e+00	999	Phi_RHS_Linf	9.18509148259050079e+00	5.33085065913499356e-01	1.77695021971166467e+00	5	67	135	3.12500000000000000e-02	-5.31250000000000000e-01	3.12500000000000000e-02	0	23	0
4.12201149702498526e+00	999	Hhat_RHS_Linf	0.00000000000000000e+00	4.13527130307069442e+01	1.37842376769023161e+02	3	0	0	-2.38750000000000000e+01	-2.38750000000000000e+01	-2.38750000000000000e+01	0	0	0
4.12201149702498526e+00	999	theta_RHS_Linf	0.00000000000000000e+00	4.13527130307069442e+01	1.37842376769023161e+02	3	0	0	-2.38750000000000000e+01	-2.38750000000000000e+01	-2.38750000000000000e+01	0	0	0
4.12201149702498526e+00	999	Upsilon_RHS_Linf	0.00000000000000000e+00	4.13527130307069442e+01	1.37842376769023161e+02	3	0	0	-2.38750000000000000e+01	-2.38750000000000000e+01	-2.38750000000000000e+01	0	0	0
4.12201149702498526e+00	999	chi_beta	1.04313926551833736e+00	5.40363014555955701e-01	1.80121004851985234e+00	5	74	148	-4.06250000000000000e-01	2.18750000000000000e-01	2.81250000000000000e-01	25	3	4
4.12201149702498526e+00	999	chi_beta_near_r_lt_1	1.04313926551833736e+00	5.40363014555955701e-01	1.80121004851985234e+00	5	74	148	-4.06250000000000000e-01	2.18750000000000000e-01	2.81250000000000000e-01	25	3	4
4.12201149702498526e+00	999	chi_beta_inner_r_lt_0p5	9.75474752857206195e-01	4.95093109929839348e-01	1.65031036643279783e+00	5	48	96	-3.12500000000000000e-02	4.68750000000000000e-01	-1.56250000000000000e-01	31	7	29
4.12201149702498526e+00	999	chi_beta_annulus_0p5_1	1.04313926551833736e+00	5.40363014555955701e-01	1.80121004851985234e+00	5	74	148	-4.06250000000000000e-01	2.18750000000000000e-01	2.81250000000000000e-01	25	3	4
4.12201149702498526e+00	999	chi_beta_annulus_1_1p5	4.94330077675266044e-01	1.00146377243512918e+00	3.33821257478376410e+00	5	74	148	-6.56250000000000000e-01	5.93750000000000000e-01	4.68750000000000000e-01	21	9	7
4.12201149702498526e+00	999	chi_beta_annulus_1p5_2	2.65456841488802830e-01	1.50097624481535341e+00	5.00325414938451196e+00	5	74	148	-2.18750000000000000e-01	2.18750000000000000e-01	1.46875000000000000e+00	28	3	23
4.12201149702498526e+00	999	chi_beta_outer_r_ge_2	1.64769494771760255e-01	2.00073228781363932e+00	6.66910762604546470e+00	5	54	109	3.43750000000000000e-01	9.37500000000000000e-02	-1.96875000000000000e+00	5	1	0
4.12201149702498526e+00	999	chi_beta_first_ge_1	1.00000000000000000e+00	5.02921154357221289e-01	1.67640384785740437e+00	5	35	70	-9.37500000000000000e-02	-1.56250000000000000e-01	-4.68750000000000000e-01	30	29	24
4.14251049361367141e+00	1004	reference_Ricci	7.97004087725144306e+00	5.33085065913499356e-01	1.77695021971166467e+00	5	35	70	-4.06250000000000000e-01	-3.43750000000000000e-01	-3.12500000000000000e-02	25	26	31
4.14251049361367141e+00	1004	reference_Riemann	1.12307689905436288e+01	5.33085065913499356e-01	1.77695021971166467e+00	5	35	70	-3.12500000000000000e-02	-4.06250000000000000e-01	-3.43750000000000000e-01	31	25	26
4.14251049361367141e+00	1004	spin_connection	3.02818798152225854e+00	4.36382501367779396e-01	1.45460833789259802e+00	5	35	70	-2.18750000000000000e-01	-1.56250000000000000e-01	-3.43750000000000000e-01	28	29	26
4.14251049361367141e+00	1004	spin_derivative	1.15298563572945092e+01	5.25706370039397575e-01	1.75235456679799206e+00	5	35	70	-2.81250000000000000e-01	-2.81250000000000000e-01	-3.43750000000000000e-01	27	27	26
4.14251049361367141e+00	1004	Psi	4.83713680906190469e+00	4.70828724166230117e-01	1.56942908055410046e+00	5	41	83	3.12500000000000000e-02	-4.68750000000000000e-01	-3.12500000000000000e-02	0	24	31
4.14251049361367141e+00	1004	Q	2.18641734760496504e+01	4.87139289628746752e-01	1.62379763209582251e+00	5	61	122	-2.81250000000000000e-01	-2.81250000000000000e-01	2.81250000000000000e-01	27	27	4
4.14251049361367141e+00	1004	Delta	1.52767965066031319e+01	4.70828724166230117e-01	1.56942908055410046e+00	5	54	109	2.81250000000000000e-01	1.56250000000000000e-01	-3.43750000000000000e-01	4	2	26
4.14251049361367141e+00	1004	Pi	1.12259581272165612e+01	4.70828724166230117e-01	1.56942908055410046e+00	5	41	83	3.12500000000000000e-02	-4.68750000000000000e-01	-3.12500000000000000e-02	0	24	31
4.14251049361367141e+00	1004	Phi	7.08236647673501629e+00	5.18222623493031276e-01	1.72740874497677099e+00	5	61	122	-4.06250000000000000e-01	-1.56250000000000000e-01	2.81250000000000000e-01	25	29	4
4.14251049361367141e+00	1004	GH_constraint	7.78820852362055782e-01	5.33085065913499356e-01	1.77695021971166467e+00	5	61	122	-3.12500000000000000e-02	-5.31250000000000000e-01	3.12500000000000000e-02	31	23	0
4.14251049361367141e+00	1004	reduction_constraint	6.87797278882468638e-02	5.61631273612857140e-01	1.87210424537619047e+00	5	61	122	-1.56250000000000000e-01	-5.31250000000000000e-01	9.37500000000000000e-02	29	23	1
4.14251049361367141e+00	1004	curl_constraint	1.13993944821314797e+00	4.87139289628746752e-01	1.62379763209582251e+00	5	54	109	2.18750000000000000e-01	1.56250000000000000e-01	-4.06250000000000000e-01	3	2	25
4.14251049361367141e+00	1004	source_curvature	2.02970751156899567e+01	5.02921154357221289e-01	1.67640384785740437e+00	5	54	109	4.68750000000000000e-01	9.37500000000000000e-02	-1.56250000000000000e-01	7	1	29
4.14251049361367141e+00	1004	source_QQ	6.48148890812054219e+01	4.70828724166230117e-01	1.56942908055410046e+00	5	41	83	1.56250000000000000e-01	-2.81250000000000000e-01	-3.43750000000000000e-01	2	27	26
4.14251049361367141e+00	1004	source_DeltaDelta	2.64582021200375088e+01	4.79053428648621604e-01	1.59684476216207205e+00	5	80	161	9.37500000000000000e-02	3.12500000000000000e-02	4.68750000000000000e-01	1	0	7
4.14251049361367141e+00	1004	source_damping	0.00000000000000000e+00	4.13527130307069442e+01	1.37842376769023161e+02	3	0	0	-2.38750000000000000e+01	-2.38750000000000000e+01	-2.38750000000000000e+01	0	0	0
4.14251049361367141e+00	1004	source_frame_correction	7.55490349139180140e+00	4.70828724166230117e-01	1.56942908055410046e+00	5	74	148	-4.68750000000000000e-01	3.12500000000000000e-02	3.12500000000000000e-02	24	0	0
4.14251049361367141e+00	1004	Psi_RHS_Linf	3.62406719130766719e+00	4.70828724166230117e-01	1.56942908055410046e+00	5	54	109	3.12500000000000000e-02	4.68750000000000000e-01	-3.12500000000000000e-02	0	7	31
4.14251049361367141e+00	1004	Pi_RHS_Linf	1.54461004216886000e+01	4.70828724166230117e-01	1.56942908055410046e+00	5	48	96	-4.68750000000000000e-01	3.12500000000000000e-02	-3.12500000000000000e-02	24	0	31
4.14251049361367141e+00	1004	Phi_RHS_Linf	9.49368999045047524e+00	5.33085065913499356e-01	1.77695021971166467e+00	5	54	109	3.12500000000000000e-02	5.31250000000000000e-01	-3.12500000000000000e-02	0	8	31
4.14251049361367141e+00	1004	Hhat_RHS_Linf	0.00000000000000000e+00	4.13527130307069442e+01	1.37842376769023161e+02	3	0	0	-2.38750000000000000e+01	-2.38750000000000000e+01	-2.38750000000000000e+01	0	0	0
4.14251049361367141e+00	1004	theta_RHS_Linf	0.00000000000000000e+00	4.13527130307069442e+01	1.37842376769023161e+02	3	0	0	-2.38750000000000000e+01	-2.38750000000000000e+01	-2.38750000000000000e+01	0	0	0
4.14251049361367141e+00	1004	Upsilon_RHS_Linf	0.00000000000000000e+00	4.13527130307069442e+01	1.37842376769023161e+02	3	0	0	-2.38750000000000000e+01	-2.38750000000000000e+01	-2.38750000000000000e+01	0	0	0
4.14251049361367141e+00	1004	chi_beta	1.05296290452531816e+00	5.40363014555955701e-01	1.80121004851985234e+00	5	61	122	-2.81250000000000000e-01	-4.06250000000000000e-01	2.18750000000000000e-01	27	25	3
4.14251049361367141e+00	1004	chi_beta_near_r_lt_1	1.05296290452531816e+00	5.40363014555955701e-01	1.80121004851985234e+00	5	61	122	-2.81250000000000000e-01	-4.06250000000000000e-01	2.18750000000000000e-01	27	25	3
4.14251049361367141e+00	1004	chi_beta_inner_r_lt_0p5	9.86286724912246004e-01	4.95093109929839348e-01	1.65031036643279783e+00	5	61	122	-4.68750000000000000e-01	-1.56250000000000000e-01	3.12500000000000000e-02	24	29	0
4.14251049361367141e+00	1004	chi_beta_annulus_0p5_1	1.05296290452531816e+00	5.40363014555955701e-01	1.80121004851985234e+00	5	61	122	-2.81250000000000000e-01	-4.06250000000000000e-01	2.18750000000000000e-01	27	25	3
4.14251049361367141e+00	1004	chi_beta_annulus_1_1p5	4.98693248773725673e-01	1.00146377243512918e+00	3.33821257478376410e+00	5	61	122	-4.68750000000000000e-01	-5.93750000000000000e-01	6.56250000000000000e-01	24	22	10
4.14251049361367141e+00	1004	chi_beta_annulus_1p5_2	2.67797623392349915e-01	1.50097624481535341e+00	5.00325414938451196e+00	5	35	70	-2.18750000000000000e-01	-2.18750000000000000e-01	-1.46875000000000000e+00	28	28	8
4.14251049361367141e+00	1004	chi_beta_outer_r_ge_2	1.66230511981720147e-01	2.00073228781363932e+00	6.66910762604546470e+00	5	54	109	9.37500000000000000e-02	3.43750000000000000e-01	-1.96875000000000000e+00	1	5	0
4.14251049361367141e+00	1004	chi_beta_first_ge_1	1.00000000000000000e+00	5.02921154357221289e-01	1.67640384785740437e+00	5	35	70	-9.37500000000000000e-02	-1.56250000000000000e-01	-4.68750000000000000e-01	30	29	24
4.16300774436435450e+00	1009	reference_Ricci	8.06828731253566467e+00	5.33085065913499356e-01	1.77695021971166467e+00	5	35	70	-3.12500000000000000e-02	-3.43750000000000000e-01	-4.06250000000000000e-01	31	26	25
4.16300774436435450e+00	1009	reference_Riemann	1.13892464334357939e+01	5.33085065913499356e-01	1.77695021971166467e+00	5	35	70	-2.18750000000000000e-01	-3.43750000000000000e-01	-3.43750000000000000e-01	28	26	26
4.16300774436435450e+00	1009	spin_connection	3.04753893972916501e+00	4.36382501367779396e-01	1.45460833789259802e+00	5	35	70	-3.12500000000000000e-02	-1.56250000000000000e-01	-4.06250000000000000e-01	31	29	25
4.16300774436435450e+00	1009	spin_derivative	1.16627214110419395e+01	5.25706370039397575e-01	1.75235456679799206e+00	5	35	70	-2.81250000000000000e-01	-2.81250000000000000e-01	-3.43750000000000000e-01	27	27	26
4.16300774436435450e+00	1009	Psi	4.90675001940774269e+00	4.70828724166230117e-01	1.56942908055410046e+00	5	41	83	3.12500000000000000e-02	-4.68750000000000000e-01	-3.12500000000000000e-02	0	24	31
4.16300774436435450e+00	1009	Q	2.26876715883470368e+01	4.70828724166230117e-01	1.56942908055410046e+00	5	54	109	2.81250000000000000e-01	1.56250000000000000e-01	-3.43750000000000000e-01	4	2	26
4.16300774436435450e+00	1009	Delta	1.58141993150241031e+01	4.70828724166230117e-01	1.56942908055410046e+00	5	54	109	2.81250000000000000e-01	1.56250000000000000e-01	-3.43750000000000000e-01	4	2	26
4.16300774436435450e+00	1009	Pi	1.15615681974005398e+01	4.70828724166230117e-01	1.56942908055410046e+00	5	41	83	3.12500000000000000e-02	-4.68750000000000000e-01	-3.12500000000000000e-02	0	24	31
4.16300774436435450e+00	1009	Phi	7.32353657032999017e+00	5.18222623493031276e-01	1.72740874497677099e+00	5	61	122	-4.06250000000000000e-01	-1.56250000000000000e-01	2.81250000000000000e-01	25	29	4
4.16300774436435450e+00	1009	GH_constraint	8.33924889249409773e-01	5.33085065913499356e-01	1.77695021971166467e+00	5	80	161	3.12500000000000000e-02	5.31250000000000000e-01	3.12500000000000000e-02	0	8	0
4.16300774436435450e+00	1009	reduction_constraint	7.40407952031147398e-02	5.61631273612857140e-01	1.87210424537619047e+00	5	67	135	9.37500000000000000e-02	-1.56250000000000000e-01	5.31250000000000000e-01	1	29	8
4.16300774436435450e+00	1009	curl_constraint	1.21722196576648467e+00	4.87139289628746752e-01	1.62379763209582251e+00	5	54	109	2.18750000000000000e-01	1.56250000000000000e-01	-4.06250000000000000e-01	3	2	25
4.16300774436435450e+00	1009	source_curvature	2.07434932003535373e+01	5.02921154357221289e-01	1.67640384785740437e+00	5	54	109	4.68750000000000000e-01	9.37500000000000000e-02	-1.56250000000000000e-01	7	1	29
4.16300774436435450e+00	1009	source_QQ	6.73847924326031205e+01	4.70828724166230117e-01	1.56942908055410046e+00	5	54	109	2.81250000000000000e-01	1.56250000000000000e-01	-3.43750000000000000e-01	4	2	26
4.16300774436435450e+00	1009	source_DeltaDelta	2.74185802948236521e+01	4.79053428648621604e-01	1.59684476216207205e+00	5	48	96	-3.12500000000000000e-02	4.68750000000000000e-01	-9.37500000000000000e-02	31	7	30
4.16300774436435450e+00	1009	source_damping	0.00000000000000000e+00	4.13527130307069442e+01	1.37842376769023161e+02	3	0	0	-2.38750000000000000e+01	-2.38750000000000000e+01	-2.38750000000000000e+01	0	0	0
4.16300774436435450e+00	1009	source_frame_correction	7.85159683521451690e+00	4.70828724166230117e-01	1.56942908055410046e+00	5	74	148	-4.68750000000000000e-01	3.12500000000000000e-02	3.12500000000000000e-02	24	0	0
4.16300774436435450e+00	1009	Psi_RHS_Linf	3.74304218307442271e+00	4.70828724166230117e-01	1.56942908055410046e+00	5	67	135	3.12500000000000000e-02	-4.68750000000000000e-01	3.12500000000000000e-02	0	24	0
4.16300774436435450e+00	1009	Pi_RHS_Linf	1.60932634197586957e+01	4.70828724166230117e-01	1.56942908055410046e+00	5	35	70	-3.12500000000000000e-02	-4.68750000000000000e-01	-3.12500000000000000e-02	31	24	31
4.16300774436435450e+00	1009	Phi_RHS_Linf	9.81129071856522295e+00	5.33085065913499356e-01	1.77695021971166467e+00	5	67	135	3.12500000000000000e-02	-5.31250000000000000e-01	3.12500000000000000e-02	0	23	0
4.16300774436435450e+00	1009	Hhat_RHS_Linf	0.00000000000000000e+00	4.13527130307069442e+01	1.37842376769023161e+02	3	0	0	-2.38750000000000000e+01	-2.38750000000000000e+01	-2.38750000000000000e+01	0	0	0
4.16300774436435450e+00	1009	theta_RHS_Linf	0.00000000000000000e+00	4.13527130307069442e+01	1.37842376769023161e+02	3	0	0	-2.38750000000000000e+01	-2.38750000000000000e+01	-2.38750000000000000e+01	0	0	0
4.16300774436435450e+00	1009	Upsilon_RHS_Linf	0.00000000000000000e+00	4.13527130307069442e+01	1.37842376769023161e+02	3	0	0	-2.38750000000000000e+01	-2.38750000000000000e+01	-2.38750000000000000e+01	0	0	0
4.16300774436435450e+00	1009	chi_beta	1.06277248381529099e+00	5.40363014555955701e-01	1.80121004851985234e+00	5	67	135	4.06250000000000000e-01	-2.18750000000000000e-01	2.81250000000000000e-01	6	28	4
4.16300774436435450e+00	1009	chi_beta_near_r_lt_1	1.06277248381529099e+00	5.40363014555955701e-01	1.80121004851985234e+00	5	67	135	4.06250000000000000e-01	-2.18750000000000000e-01	2.81250000000000000e-01	6	28	4
4.16300774436435450e+00	1009	chi_beta_inner_r_lt_0p5	9.97156434527025848e-01	4.95093109929839348e-01	1.65031036643279783e+00	5	41	83	1.56250000000000000e-01	-4.68750000000000000e-01	-3.12500000000000000e-02	2	24	31
4.16300774436435450e+00	1009	chi_beta_annulus_0p5_1	1.06277248381529099e+00	5.40363014555955701e-01	1.80121004851985234e+00	5	67	135	4.06250000000000000e-01	-2.18750000000000000e-01	2.81250000000000000e-01	6	28	4
4.16300774436435450e+00	1009	chi_beta_annulus_1_1p5	5.03043073759791515e-01	1.00146377243512918e+00	3.33821257478376410e+00	5	67	135	6.56250000000000000e-01	-4.68750000000000000e-01	5.93750000000000000e-01	10	24	9
4.16300774436435450e+00	1009	chi_beta_annulus_1p5_2	2.70131831055638427e-01	1.50097624481535341e+00	5.00325414938451196e+00	5	35	70	-2.18750000000000000e-01	-2.18750000000000000e-01	-1.46875000000000000e+00	28	28	8
4.16300774436435450e+00	1009	chi_beta_outer_r_ge_2	1.67688047097192788e-01	2.00073228781363932e+00	6.66910762604546470e+00	5	48	96	-1.96875000000000000e+00	9.37500000000000000e-02	-3.43750000000000000e-01	0	1	26
4.16300774436435450e+00	1009	chi_beta_first_ge_1	1.00000000000000000e+00	5.02921154357221289e-01	1.67640384785740437e+00	5	35	70	-9.37500000000000000e-02	-1.56250000000000000e-01	-4.68750000000000000e-01	30	29	24
4.18350325025244540e+00	1014	reference_Ricci	8.16705193012283992e+00	5.33085065913499356e-01	1.77695021971166467e+00	5	35	70	-3.12500000000000000e-02	-3.43750000000000000e-01	-4.06250000000000000e-01	31	26	25
4.18350325025244540e+00	1014	reference_Riemann	1.15487995516771882e+01	5.33085065913499356e-01	1.77695021971166467e+00	5	35	70	-3.43750000000000000e-01	-3.43750000000000000e-01	-2.18750000000000000e-01	26	26	28
4.18350325025244540e+00	1014	spin_connection	3.06687394607042840e+00	4.36382501367779396e-01	1.45460833789259802e+00	5	35	70	-3.12500000000000000e-02	-4.06250000000000000e-01	-1.56250000000000000e-01	31	25	29
4.18350325025244540e+00	1014	spin_derivative	1.17961610112692448e+01	5.25706370039397575e-01	1.75235456679799206e+00	5	35	70	-2.81250000000000000e-01	-3.43750000000000000e-01	-2.81250000000000000e-01	27	26	27
4.18350325025244540e+00	1014	Psi	4.97860269406965106e+00	4.70828724166230117e-01	1.56942908055410046e+00	5	41	83	3.12500000000000000e-02	-4.68750000000000000e-01	-3.12500000000000000e-02	0	24	31
4.18350325025244540e+00	1014	Q	2.35673289153160539e+01	4.70828724166230117e-01	1.56942908055410046e+00	5	54	109	2.81250000000000000e-01	1.56250000000000000e-01	-3.43750000000000000e-01	4	2	26
4.18350325025244540e+00	1014	Delta	1.63774458249325789e+01	4.70828724166230117e-01	1.56942908055410046e+00	5	54	109	2.81250000000000000e-01	1.56250000000000000e-01	-3.43750000000000000e-01	4	2	26
4.18350325025244540e+00	1014	Pi	1.19129493696839930e+01	4.70828724166230117e-01	1.56942908055410046e+00	5	41	83	3.12500000000000000e-02	-4.68750000000000000e-01	-3.12500000000000000e-02	0	24	31
4.18350325025244540e+00	1014	Phi	7.57392954904833715e+00	5.18222623493031276e-01	1.72740874497677099e+00	5	61	122	-4.06250000000000000e-01	-1.56250000000000000e-01	2.81250000000000000e-01	25	29	4
4.18350325025244540e+00	1014	GH_constraint	8.93408299768185366e-01	5.33085065913499356e-01	1.77695021971166467e+00	5	80	161	3.12500000000000000e-02	5.31250000000000000e-01	3.12500000000000000e-02	0	8	0
4.18350325025244540e+00	1014	reduction_constraint	7.97326099601827210e-02	5.61631273612857140e-01	1.87210424537619047e+00	5	67	135	9.37500000000000000e-02	-1.56250000000000000e-01	5.31250000000000000e-01	1	29	8
4.18350325025244540e+00	1014	curl_constraint	1.29983130464967522e+00	4.87139289628746752e-01	1.62379763209582251e+00	5	54	109	2.18750000000000000e-01	1.56250000000000000e-01	-4.06250000000000000e-01	3	2	25
4.18350325025244540e+00	1014	source_curvature	2.12037099800122064e+01	5.02921154357221289e-01	1.67640384785740437e+00	5	54	109	4.68750000000000000e-01	9.37500000000000000e-02	-1.56250000000000000e-01	7	1	29
4.18350325025244540e+00	1014	source_QQ	7.00769057486303950e+01	4.70828724166230117e-01	1.56942908055410046e+00	5	41	83	1.56250000000000000e-01	-2.81250000000000000e-01	-3.43750000000000000e-01	2	27	26
4.18350325025244540e+00	1014	source_DeltaDelta	2.84188569223816181e+01	4.79053428648621604e-01	1.59684476216207205e+00	5	48	96	-3.12500000000000000e-02	4.68750000000000000e-01	-9.37500000000000000e-02	31	7	30
4.18350325025244540e+00	1014	source_damping	0.00000000000000000e+00	4.13527130307069442e+01	1.37842376769023161e+02	3	0	0	-2.38750000000000000e+01	-2.38750000000000000e+01	-2.38750000000000000e+01	0	0	0
4.18350325025244540e+00	1014	source_frame_correction	8.16357827351280996e+00	4.70828724166230117e-01	1.56942908055410046e+00	5	74	148	-4.68750000000000000e-01	3.12500000000000000e-02	3.12500000000000000e-02	24	0	0
4.18350325025244540e+00	1014	Psi_RHS_Linf	3.86692430034609336e+00	4.70828724166230117e-01	1.56942908055410046e+00	5	54	109	3.12500000000000000e-02	4.68750000000000000e-01	-3.12500000000000000e-02	0	7	31
4.18350325025244540e+00	1014	Pi_RHS_Linf	1.67697650893780867e+01	4.70828724166230117e-01	1.56942908055410046e+00	5	74	148	-4.68750000000000000e-01	3.12500000000000000e-02	3.12500000000000000e-02	24	0	0
4.18350325025244540e+00	1014	Phi_RHS_Linf	1.01379367668765017e+01	5.33085065913499356e-01	1.77695021971166467e+00	5	54	109	3.12500000000000000e-02	5.31250000000000000e-01	-3.12500000000000000e-02	0	8	31
4.18350325025244540e+00	1014	Hhat_RHS_Linf	0.00000000000000000e+00	4.13527130307069442e+01	1.37842376769023161e+02	3	0	0	-2.38750000000000000e+01	-2.38750000000000000e+01	-2.38750000000000000e+01	0	0	0
4.18350325025244540e+00	1014	theta_RHS_Linf	0.00000000000000000e+00	4.13527130307069442e+01	1.37842376769023161e+02	3	0	0	-2.38750000000000000e+01	-2.38750000000000000e+01	-2.38750000000000000e+01	0	0	0
4.18350325025244540e+00	1014	Upsilon_RHS_Linf	0.00000000000000000e+00	4.13527130307069442e+01	1.37842376769023161e+02	3	0	0	-2.38750000000000000e+01	-2.38750000000000000e+01	-2.38750000000000000e+01	0	0	0
4.18350325025244540e+00	1014	chi_beta	1.07256421693648685e+00	5.40363014555955701e-01	1.80121004851985234e+00	5	35	70	-2.18750000000000000e-01	-4.06250000000000000e-01	-2.81250000000000000e-01	28	25	27
4.18350325025244540e+00	1014	chi_beta_near_r_lt_1	1.07256421693648685e+00	5.40363014555955701e-01	1.80121004851985234e+00	5	35	70	-2.18750000000000000e-01	-4.06250000000000000e-01	-2.81250000000000000e-01	28	25	27
4.18350325025244540e+00	1014	chi_beta_inner_r_lt_0p5	1.00808330238047672e+00	4.95093109929839348e-01	1.65031036643279783e+00	5	67	135	3.12500000000000000e-02	-4.68750000000000000e-01	1.56250000000000000e-01	0	24	2
4.18350325025244540e+00	1014	chi_beta_annulus_0p5_1	1.07256421693648685e+00	5.40363014555955701e-01	1.80121004851985234e+00	5	35	70	-2.18750000000000000e-01	-4.06250000000000000e-01	-2.81250000000000000e-01	28	25	27
4.18350325025244540e+00	1014	chi_beta_annulus_1_1p5	5.07378908042510068e-01	1.00146377243512918e+00	3.33821257478376410e+00	5	35	70	-4.68750000000000000e-01	-6.56250000000000000e-01	-5.93750000000000000e-01	24	21	22
4.18350325025244540e+00	1014	chi_beta_annulus_1p5_2	2.72459138193691053e-01	1.50097624481535341e+00	5.00325414938451196e+00	5	35	70	-2.18750000000000000e-01	-2.18750000000000000e-01	-1.46875000000000000e+00	28	28	8
4.18350325025244540e+00	1014	chi_beta_outer_r_ge_2	1.69141905689479871e-01	2.00073228781363932e+00	6.66910762604546470e+00	5	61	122	-1.96875000000000000e+00	-9.37500000000000000e-02	3.43750000000000000e-01	0	30	5
4.18350325025244540e+00	1014	chi_beta_first_ge_1	1.00000000000000000e+00	4.95093109929839348e-01	1.65031036643279783e+00	5	35	70	-3.12500000000000000e-02	-1.56250000000000000e-01	-4.68750000000000000e-01	31	29	24
4.20000000000000018e+00	1019	reference_Ricci	8.24691979356172489e+00	5.33085065913499356e-01	1.77695021971166467e+00	5	35	70	-2.18750000000000000e-01	-3.43750000000000000e-01	-3.43750000000000000e-01	28	26	26
4.20000000000000018e+00	1019	reference_Riemann	1.16779996871494074e+01	5.33085065913499356e-01	1.77695021971166467e+00	5	35	70	-2.18750000000000000e-01	-3.43750000000000000e-01	-3.43750000000000000e-01	28	26	26
4.20000000000000018e+00	1019	spin_connection	3.08242445252679387e+00	4.36382501367779396e-01	1.45460833789259802e+00	5	35	70	-2.18750000000000000e-01	-1.56250000000000000e-01	-3.43750000000000000e-01	28	29	26
4.20000000000000018e+00	1019	spin_derivative	1.19039809888816386e+01	5.25706370039397575e-01	1.75235456679799206e+00	5	35	70	-2.81250000000000000e-01	-3.43750000000000000e-01	-2.81250000000000000e-01	27	26	27
4.20000000000000018e+00	1019	Psi	5.03814141525751857e+00	4.70828724166230117e-01	1.56942908055410046e+00	5	41	83	3.12500000000000000e-02	-4.68750000000000000e-01	-3.12500000000000000e-02	0	24	31
4.20000000000000018e+00	1019	Q	2.43093317264141966e+01	4.70828724166230117e-01	1.56942908055410046e+00	5	54	109	2.81250000000000000e-01	1.56250000000000000e-01	-3.43750000000000000e-01	4	2	26
4.20000000000000018e+00	1019	Delta	1.68506008910277956e+01	4.70828724166230117e-01	1.56942908055410046e+00	5	54	109	2.81250000000000000e-01	1.56250000000000000e-01	-3.43750000000000000e-01	4	2	26
4.20000000000000018e+00	1019	Pi	1.22077778024846140e+01	4.70828724166230117e-01	1.56942908055410046e+00	5	54	109	3.12500000000000000e-02	4.68750000000000000e-01	-3.12500000000000000e-02	0	7	31
4.20000000000000018e+00	1019	Phi	7.78241686708896818e+00	5.18222623493031276e-01	1.72740874497677099e+00	5	61	122	-4.06250000000000000e-01	-1.56250000000000000e-01	2.81250000000000000e-01	25	29	4
4.20000000000000018e+00	1019	GH_constraint	9.44752939047888485e-01	5.33085065913499356e-01	1.77695021971166467e+00	5	80	161	3.12500000000000000e-02	5.31250000000000000e-01	3.12500000000000000e-02	0	8	0
4.20000000000000018e+00	1019	reduction_constraint	8.46501221078692495e-02	5.61631273612857140e-01	1.87210424537619047e+00	5	67	135	9.37500000000000000e-02	-1.56250000000000000e-01	5.31250000000000000e-01	1	29	8
4.20000000000000018e+00	1019	curl_constraint	1.37044197631779086e+00	4.87139289628746752e-01	1.62379763209582251e+00	5	80	161	4.06250000000000000e-01	2.18750000000000000e-01	1.56250000000000000e-01	6	3	2
4.20000000000000018e+00	1019	source_curvature	2.15844024614073788e+01	5.02921154357221289e-01	1.67640384785740437e+00	5	54	109	4.68750000000000000e-01	9.37500000000000000e-02	-1.56250000000000000e-01	7	1	29
4.20000000000000018e+00	1019	source_QQ	7.23366574119692984e+01	4.70828724166230117e-01	1.56942908055410046e+00	5	54	109	2.81250000000000000e-01	1.56250000000000000e-01	-3.43750000000000000e-01	4	2	26
4.20000000000000018e+00	1019	source_DeltaDelta	2.92538221672917444e+01	4.79053428648621604e-01	1.59684476216207205e+00	5	74	148	-9.37500000000000000e-02	4.68750000000000000e-01	3.12500000000000000e-02	30	7	0
4.20000000000000018e+00	1019	source_damping	0.00000000000000000e+00	4.13527130307069442e+01	1.37842376769023161e+02	3	0	0	-2.38750000000000000e+01	-2.38750000000000000e+01	-2.38750000000000000e+01	0	0	0
4.20000000000000018e+00	1019	source_frame_correction	8.42660741534250413e+00	4.70828724166230117e-01	1.56942908055410046e+00	5	74	148	-4.68750000000000000e-01	3.12500000000000000e-02	3.12500000000000000e-02	24	0	0
4.20000000000000018e+00	1019	Psi_RHS_Linf	3.97038590479475939e+00	4.70828724166230117e-01	1.56942908055410046e+00	5	54	109	3.12500000000000000e-02	4.68750000000000000e-01	-3.12500000000000000e-02	0	7	31
4.20000000000000018e+00	1019	Pi_RHS_Linf	1.73366077119553523e+01	4.70828724166230117e-01	1.56942908055410046e+00	5	48	96	-4.68750000000000000e-01	3.12500000000000000e-02	-3.12500000000000000e-02	24	0	31
4.20000000000000018e+00	1019	Phi_RHS_Linf	1.04075099648415250e+01	5.33085065913499356e-01	1.77695021971166467e+00	5	54	109	3.12500000000000000e-02	5.31250000000000000e-01	-3.12500000000000000e-02	0	8	31
4.20000000000000018e+00	1019	Hhat_RHS_Linf	0.00000000000000000e+00	4.13527130307069442e+01	1.37842376769023161e+02	3	0	0	-2.38750000000000000e+01	-2.38750000000000000e+01	-2.38750000000000000e+01	0	0	0
4.20000000000000018e+00	1019	theta_RHS_Linf	0.00000000000000000e+00	4.13527130307069442e+01	1.37842376769023161e+02	3	0	0	-2.38750000000000000e+01	-2.38750000000000000e+01	-2.38750000000000000e+01	0	0	0
4.20000000000000018e+00	1019	Upsilon_RHS_Linf	0.00000000000000000e+00	4.13527130307069442e+01	1.37842376769023161e+02	3	0	0	-2.38750000000000000e+01	-2.38750000000000000e+01	-2.38750000000000000e+01	0	0	0
4.20000000000000018e+00	1019	chi_beta	1.08043042473290996e+00	5.40363014555955701e-01	1.80121004851985234e+00	5	74	148	-4.06250000000000000e-01	2.18750000000000000e-01	2.81250000000000000e-01	25	3	4
4.20000000000000018e+00	1019	chi_beta_near_r_lt_1	1.08043042473290996e+00	5.40363014555955701e-01	1.80121004851985234e+00	5	74	148	-4.06250000000000000e-01	2.18750000000000000e-01	2.81250000000000000e-01	25	3	4
4.20000000000000018e+00	1019	chi_beta_inner_r_lt_0p5	1.01692012491447170e+00	4.95093109929839348e-01	1.65031036643279783e+00	5	41	83	3.12500000000000000e-02	-1.56250000000000000e-01	-4.68750000000000000e-01	0	29	24
4.20000000000000018e+00	1019	chi_beta_annulus_0p5_1	1.08043042473290996e+00	5.40363014555955701e-01	1.80121004851985234e+00	5	74	148	-4.06250000000000000e-01	2.18750000000000000e-01	2.81250000000000000e-01	25	3	4
4.20000000000000018e+00	1019	chi_beta_annulus_1_1p5	5.10858472973850120e-01	1.00146377243512918e+00	3.33821257478376410e+00	5	48	96	-4.68750000000000000e-01	5.93750000000000000e-01	-6.56250000000000000e-01	24	9	21
4.20000000000000018e+00	1019	chi_beta_annulus_1p5_2	2.74327288866299535e-01	1.50097624481535341e+00	5.00325414938451196e+00	5	67	135	1.46875000000000000e+00	-2.18750000000000000e-01	2.18750000000000000e-01	23	28	3
4.20000000000000018e+00	1019	chi_beta_outer_r_ge_2	1.70309398142910018e-01	2.00073228781363932e+00	6.66910762604546470e+00	5	48	96	-3.43750000000000000e-01	1.96875000000000000e+00	-9.37500000000000000e-02	26	31	30
4.20000000000000018e+00	1019	chi_beta_first_ge_1	1.00000000000000000e+00	4.95093109929839348e-01	1.65031036643279783e+00	5	35	70	-3.12500000000000000e-02	-1.56250000000000000e-01	-4.68750000000000000e-01	31	29	24
