# Black Hole
# 1:iter 2:time 3:x 4:y 5:z 6:vx 7:vy 8:vz
2061 13.06039632621687829 3.264649365694194394 3.354843578768633926e-16 3.771515889806716406e-16 0.2943679299413176631 9.713239100450513141e-17 1.554306044734394211e-16
2062 13.06671493232959769 3.266509344283749616 3.36361715177857313e-16 3.782443246136906922e-16 0.2944006600111327421 1.388696460962996143e-16 1.729601046942473098e-16
2063 13.0730327802226185 3.268369396124348292 3.373718352704156634e-16 3.792585700459948653e-16 0.2944475518018586091 1.599027413042312235e-16 1.60555785569983124e-16
2064 13.07934987075102029 3.270229600312869689 3.383467309592412161e-16 3.800057788518330256e-16 0.2945069396736520462 1.543451775825088494e-16 1.182978621715297178e-16
2065 13.08566620472461928 3.272090009719424764 3.391082027016948522e-16 3.803786762976653641e-16 0.2945746725204987926 1.205703907841626801e-16 5.904406987126295469e-17
2066 13.09198178301462256 3.273950647910505829 3.395929107901393339e-16 3.803708247491903087e-16 0.2946461116485851184 7.675718698528581389e-17 -1.243352006684042524e-18
2067 13.09829660651821648 3.275811504661064522 3.398165000325910062e-16 3.800977181755556009e-16 0.2947159059159818462 3.541127285721010694e-17 -4.325365251043169528e-17
2068 13.10461067614664366 3.277672538195823826 3.399133484404391714e-16 3.797358960779216617e-16 0.2947791479523741431 1.534034213398777462e-17 -5.731095526157756324e-17
2069 13.11092399086950167 3.279533684951266626 3.400539911829733435e-16 3.794702780883192798e-16 0.2948323031609372813 2.22798248353947759e-17 -4.207769398433025085e-17
2070 13.11723655138437472 3.281394870690987897 3.403824456139997533e-16 3.794140482037692869e-16 0.2948736658073251582 5.203809596237589167e-17 -8.908682154239328095e-18
2071 13.12354835862774216 3.283256021862580809 3.409896188629735243e-16 3.796141981143319411e-16 0.2949033395134637026 9.62078854843018509e-17 3.171417664999637317e-17
2072 13.12985941354717312 3.285117074851568564 3.418268643139763803e-16 3.800151449312872537e-16 0.2949228958059538774 1.326791092844974209e-16 6.35384360468749518e-17
2073 13.13616971707210546 3.286977982311421354 3.427689837642629818e-16 3.805482738951172805e-16 0.2949349071410029555 1.493163516083577118e-16 8.449551889797680709e-17
2074 13.14247927017957629 3.288838716719722388 3.436056795333429862e-16 3.811341088537625651e-16 0.2949425124854889724 1.32623522850731434e-16 9.285991264193985134e-17
2075 13.14878807386006443 3.290699271835641149 3.441255159683088656e-16 3.817195555460421719e-16 0.2949491016389413356 8.240835661385557668e-17 9.280938493460750906e-17
2076 13.15509612872641299 3.292559662742456705 3.441974093121086313e-16 3.822976248787302407e-16 0.2949581268923770483 1.139842489313580912e-17 9.165076380395244638e-17
2077 13.16140343385618294 3.294419926456569669 3.438294542803672672e-16 3.828719645236893239e-16 0.2949729764025259549 -5.834484114892541511e-17 9.107024625286422947e-17
2078 13.16770999026280897 3.296280119728172142 3.431289633561930488e-16 3.834672044627053164e-16 0.2949967810866259144 -1.110866117872596511e-16 9.43954957070916643e-17
2079 13.1740157989728246 3.298140314925026573 3.42277438592615623e-16 3.840652292084951958e-16 0.2950320204990647954 -1.350541448166684679e-16 9.484835212841205405e-17
2080 13.18032086102577694 3.300000597153851079 3.414825309784698038e-16 3.846300160502202335e-16 0.2950807187519903785 -1.260894215345890159e-16 8.958732423261862426e-17
2081 13.18662517747414498 3.301861034377811421 3.408864808427598721e-16 3.851153694466891446e-16 0.2951401603382166616 -9.455752140271080492e-17 7.699656694117694545e-17
2082 13.19292874938326321 3.303721670938945643 3.405817925752018903e-16 3.854868076142004955e-16 0.2952066007340374276 -4.834151366696710061e-17 5.8931981185545914e-17
2083 13.19923157783123102 3.305582522413430091 3.40580180555550975e-16 3.857063275484950078e-16 0.2952755397791410608 -2.557914906628221224e-19 3.483290739743120572e-17
2084 13.20553366257511563 3.307443573263822323 3.408302437319152789e-16 3.85763149999650491e-16 0.295342029725807198 3.968412042667192123e-17 9.017517202565073882e-18
2085 13.21183500360713836 3.309304780864660511 3.412470349650705849e-16 3.856821797000254246e-16 0.2954017185428521319 6.615105509574829554e-17 -1.28512078122812205e-17
2086 13.2181356020261962 3.311166083846785568 3.417293106060457029e-16 3.855083377692162673e-16 0.2954516279532732326 7.655342768839320316e-17 -2.759458398624834368e-17
2087 13.22443545894361883 3.313027412865938715 3.421935902681406152e-16 3.852806024327207759e-16 0.2954904878314820182 7.370552031960402433e-17 -3.615353598695784163e-17
2088 13.23073457548308163 3.314888700863491522 3.425767226109588929e-16 3.850404304598049459e-16 0.2955186565766867446 6.083032576882362629e-17 -3.813235720467538527e-17
2089 13.23703295278052217 3.316749891175228893 3.428476601472142807e-16 3.848131126652058806e-16 0.2955377803626689781 4.302207978242987183e-17 -3.609571575194765529e-17
2090 13.24333059198405671 3.3186109429467332 3.430052516438184873e-16 3.846257627389182338e-16 0.2955503661569164331 2.502682904245076821e-17 -2.975271304195143055e-17
2091 13.24962749425389319 3.320471834147085577 3.430953540764836365e-16 3.845155598603833493e-16 0.2955594007691546565 1.43106813559618729e-17 -1.750317091973865809e-17
2092 13.25592366076224948 3.322332562880450979 3.432029613296161269e-16 3.845261218218919282e-16 0.2955680807534136756 1.709291027392161162e-17 1.677718324062715192e-18
2093 13.26221909269326993 3.324193147657743541 3.433798974538713479e-16 3.846846135414874263e-16 0.2955796473193061935 2.810875260492185798e-17 2.517860360506081279e-17
2094 13.26851379124294006 3.326053626833661347 3.436898743248592539e-16 3.849959168566598121e-16 0.2955972537432602909 4.924984540220131419e-17 4.94605939358302976e-17
2095 13.27480775761900667 3.327914056652902186 3.441615569089486005e-16 3.854866494628320593e-16 0.295623744309652936 7.495072923044097477e-17 7.797779254617571678e-17
2096 13.28110099304089431 3.329774506662471989 3.447514593698684742e-16 3.861440578194581557e-16 0.2956612355463303921 9.374682982625986777e-17 1.044748130714471132e-16
2097 13.28739349873962716 3.331635056798249117 3.454062389406541841e-16 3.869042884876307326e-16 0.2957113819002227251 1.040690965504030625e-16 1.208292413761388308e-16
2098 13.29368527595774196 3.333495764865098909 3.460676697299926793e-16 3.877196565335040664e-16 0.2957706693432785583 1.051383775737102408e-16 1.296076246379591738e-16
2099 13.29997632594921342 3.335356667303273959 3.466962735932237298e-16 3.885370728877194484e-16 0.295835704051748416 9.993187317813331875e-17 1.299482109819014779e-16
2100 13.3062666499793707 3.3372177733324766 3.472336610561147089e-16 3.893481703756374589e-16 0.2959021595788252634 8.544065104563349818e-17 1.289585303244221016e-16
2101 13.31255624932481574 3.339079063600766339 3.476439234500243485e-16 3.901577046562868767e-16 0.2959654926450344115 6.523620393651624526e-17 1.287247971299072604e-16
2102 13.3188451252733433 3.340940494684617068 3.478789197068711125e-16 3.910133654263851894e-16 0.2960218735260354839 3.737126387696955203e-17 1.360750373541855111e-16
2103 13.32513327912386281 3.342802007625192751 3.479053028250027795e-16 3.919363620824821316e-16 0.2960688284210603594 4.196166841003594645e-18 1.468002357924430202e-16
2104 13.33142071218631308 3.344663537911512829 3.477409611758998111e-16 3.929208812146647723e-16 0.2961054703877206151 -2.614110641633414675e-17 1.566031468211592039e-16
2105 13.33770742578158242 3.346525024666658688 3.474363526152838343e-16 3.93898781663679668e-16 0.2961323734700325727 -4.845828517722816885e-17 1.555681125227777929e-16
2106 13.34399342124142862 3.348386417724862785 3.471175784356259626e-16 3.947742045042610575e-16 0.2961512379695365182 -5.071758891670051277e-17 1.392814681683074767e-16
2107 13.35027869990839022 3.350247682259409832 3.469019217432420117e-16 3.954426347917178848e-16 0.2961645013698567808 -3.431530316163163485e-17 1.063606591705422381e-16
2108 13.35656326313571185 3.3521088013100373 3.469125775406971665e-16 3.958346039450879389e-16 0.296175004482806925 1.695743675284799641e-18 6.237723788672026845e-17
2109 13.36284711228725541 3.353969776850913576 3.471987570450001447e-16 3.959493369494139156e-16 0.296185759395345527 4.554723688923492119e-17 1.826046676464983695e-17
2110 13.3691302487374184 3.355830629927435194 3.477796101245085536e-16 3.958283159603158515e-16 0.2961998013408428942 9.245682473770819359e-17 -1.926341922486489681e-17
2111 13.37541267387105393 3.357691399907188234 3.485987582716818925e-16 3.9556915615364142e-16 0.2962200476868976362 1.304019872732994663e-16 -4.125621711814290015e-17
2112 13.38169438908338904 3.359552142185112444 3.496209348020328695e-16 3.952905136485907139e-16 0.296249051755801629 1.627408757441094157e-16 -4.436271421328489434e-17
2113 13.38797539577993767 3.361412924075513065 3.508158267969903941e-16 3.951235611999391324e-16 0.2962887139079842247 1.902603493033182758e-16 -2.658351661199770656e-17
2114 13.39425569537642602 3.36327381792904534 3.521681115085548377e-16 3.952017892268228482e-16 0.2963398392574106976 2.153458851479514446e-16 1.24574977063528647e-17
2115 13.40053528929871263 3.365134873151011785 3.535842329292372596e-16 3.956404793740197103e-16 0.2963987767950712615 2.255369168681005984e-16 6.986747168298124795e-17
2116 13.40681417898270489 3.366996118835110963 3.54926183756863758e-16 3.964791669970020107e-16 0.2964622933725956089 2.137481490757408925e-16 1.335875528183612999e-16
2117 13.41309236587428266 3.368857558213881553 3.560164084425499626e-16 3.97672737438529307e-16 0.2965262703480436857 1.736721934513965435e-16 1.901351155778710446e-16
2118 13.41936985142922367 3.370719168558747203 3.56682637118743355e-16 3.991054158985648607e-16 0.2965865713147862737 1.061416957253042316e-16 2.282503389769283127e-16
2119 13.42564663711312356 3.372580906216012586 3.568174916157875107e-16 4.006108819147474515e-16 0.2966398604379526516 2.148703337792923952e-17 2.398733393997161768e-16
2120 13.43192272440131418 3.374442714900978579 3.564437335468279351e-16 4.020085714108675327e-16 0.2966841220981205063 -5.955933359951930677e-17 2.227255058323859044e-16
2121 13.43819811477879433 3.376304534889048359 3.557242152409298254e-16 4.03136552387194822e-16 0.2967188045853092482 -1.146698461566404573e-16 1.797666632840026755e-16
2122 13.44447280974014625 3.378166311196802774 3.549264745782002889e-16 4.038839678476770265e-16 0.2967446599260613604 -1.271502278146396015e-16 1.191289983229978829e-16
2123 13.45074681078945922 3.380027999728533405 3.543437021555544161e-16 4.042074202218763849e-16 0.296763420287817381 -9.289713850954051667e-17 5.156009248141441415e-17
2124 13.45702011944025323 3.381889571211909029 3.541901621284663959e-16 4.041312307516399796e-16 0.2967774460533800229 -2.447782291094836474e-17 -1.214635945750654293e-17
2125 13.46329273721539543 3.383751013306246502 3.545690598559813944e-16 4.037456662772147098e-16 0.2967894348012085071 6.041167906255894065e-17 -6.147462915565036784e-17
2126 13.46956466564702559 3.385612331458223601 3.554156108939975912e-16 4.032097126646085492e-16 0.2968022217543597185 1.349894044952824138e-16 -8.546213489069545512e-17
2127 13.47583590627647609 3.387473548903209508 3.56572741806970601e-16 4.026853270825061092e-16 0.2968186435955697533 1.845340688034225676e-16 -8.362667007019279219e-17
2128 13.48210646065419205 3.38933470571400397 3.578217019350683103e-16 4.023315107767822577e-16 0.2968413865299941445 1.992003328225432365e-16 -5.643120566673556555e-17
2129 13.48837633033965311 3.391195856164586964 3.589572721762407533e-16 4.022496980602069428e-16 0.2968727174224625731 1.811351807777723815e-16 -1.304997319363364986e-17
2130 13.49464551690129355 3.393057065842010278 3.598098086353334055e-16 4.024800844259405145e-16 0.2969144433846264142 1.360031549841384379e-16 3.675300014551950259e-17
2131 13.5009140219164312 3.394918397766200524 3.603154453877684111e-16 4.030018846961904337e-16 0.2969661577867862001 8.067180369870713785e-17 8.325061176589177073e-17
2132 13.50718184697118573 3.396779894578590309 3.604733954505246242e-16 4.037350054767787463e-16 0.2970246117888690196 2.520286672528215962e-17 1.169783981359832829e-16
2133 13.51344899366040586 3.398641578678582409 3.603543250943257141e-16 4.045473506590564764e-16 0.2970865769120768496 -1.900118528969999372e-17 1.296336201587265422e-16
2134 13.51971546358759824 3.400503448079949198 3.600361983622209495e-16 4.052973362792297965e-16 0.2971481619740686808 -5.077196802866369023e-17 1.19695209759542601e-16
2135 13.52598125836484932 3.402365477356783963 3.595661020111934383e-16 4.058641749371681556e-16 0.2972056251037263341 -7.5033879222147698e-17 9.047528938530449862e-17
2136 13.53224637961275612 3.404227623043594164 3.589976023856960306e-16 4.061799791344048482e-16 0.2972560848505900744 -9.075013523987142115e-17 5.041212398948296251e-17
2137 13.53851082896034974 3.406089831610978891 3.583759006772991767e-16 4.062381541549976462e-16 0.2972979318413743188 -9.925345386431516983e-17 9.287527514367376274e-18
2138 13.54477460804502265 3.407952047891134928 3.577721764190606783e-16 4.06085347923419619e-16 0.2973309012893424752 -9.639367872848253959e-17 -2.439781836399375389e-17
2139 13.55103771851245398 3.409814222350365576 3.572879208068932434e-16 4.058453540130472725e-16 0.297355889601050194 -7.732694304585168663e-17 -3.832272661879987044e-17
2140 13.55730016201652788 3.411676316426476063 3.570261818658663737e-16 4.056425989574674559e-16 0.2973746459587273683 -4.179945896399854542e-17 -3.237978877808915184e-17
2141 13.56356194021926242 3.413538305880316592 3.570553737670883765e-16 4.055634030414765471e-16 0.2973894555974922471 4.662412880135819996e-18 -1.264885270617720681e-17
2142 13.56982305479072437 3.415400182556299402 3.573991579304271651e-16 4.056525146755813821e-16 0.2974028859448574202 5.49136275447091617e-17 1.423405615200227088e-17
2143 13.57608350740895453 3.417261955051643429 3.579909428989143904e-16 4.058904512525901678e-16 0.2974176124334363958 9.453747589548710698e-17 3.801029869198100192e-17
2144 13.58234329975988963 3.419123648566996021 3.587031614900293836e-16 4.061694869709188743e-16 0.2974362877617723888 1.137886832978725186e-16 4.458056469993340783e-17
2145 13.58860243353728414 3.420985303716433279 3.593800276712770647e-16 4.064102238669800755e-16 0.2974613756013338994 1.081519020495431124e-16 3.846573211048926966e-17
2146 13.59486091044264278 3.422846973527718717 3.599214055401925543e-16 4.065597378333425842e-16 0.297494861293480739 8.651219085362431451e-17 2.389233386866938488e-17
2147 13.60111873218514766 3.424708721306328751 3.602720888404458151e-16 4.06637338672700775e-16 0.2975383896368547498 5.604504843712050634e-17 1.240191020629936944e-17
2148 13.60737590048158907 3.42657060150401982 3.604406338794729102e-16 4.067128051127358595e-16 0.2975905482637182797 2.69391181201726258e-17 1.206205388155938605e-17
2149 13.613632417056305 3.42843265038936762 3.605039202884735893e-16 4.068955221941676819e-16 0.2976484328916046418 1.011632971111373759e-17 2.920731747627463862e-17
2150 13.61988828364111548 3.430294884235224995 3.605860226404224026e-16 4.072847127765567588e-16 0.2977088482576078499 1.312541746155951319e-17 6.221854483716561863e-17
2151 13.62614350197525681 3.432157296452969408 3.608168638191817569e-16 4.079107802609293162e-16 0.2977681395860375946 3.690759096407843187e-17 1.000975768418732969e-16
2152 13.63239807380531765 3.434019859421789 3.612705296392072711e-16 4.087406465399411848e-16 0.2978229430945703582 7.254095134675439911e-17 1.32695227881009994e-16
2153 13.63865200088516794 3.435882530132056356 3.619349033134651328e-16 4.096589258151990786e-16 0.2978707960880951355 1.062439615120002343e-16 1.468475223476414383e-16
2154 13.64490528497588606 3.437745257806219534 3.627439104579631303e-16 4.105285586082525424e-16 0.2979104536995037522 1.29386430881145177e-16 1.390824346059531697e-16
2155 13.65115792784568782 3.43960799160260855 3.635915306453262615e-16 4.112511461774660814e-16 0.2979419027815249921 1.355757714540722994e-16 1.155769631254463484e-16
2156 13.65740993126984115 3.44147068706961301 3.64320727850636779e-16 4.117702334705139185e-16 0.2979661626422769882 1.166460631512957425e-16 8.303582175703682395e-17
2157 13.66366129703059329 3.443333310771007127 3.648399186951812599e-16 4.120919260913876871e-16 0.2979849929876584036 8.306083513007375637e-17 5.14648091847629129e-17
2158 13.66991202691708551 3.445195843127804469 3.651286796124475467e-16 4.123116488790287889e-16 0.2980006089437328143 4.620103853254166773e-17 3.515510711901889286e-17
2159 13.67616212272527676 3.447058279868173258 3.652262145706669504e-16 4.125597892165359692e-16 0.2980154585517889032 1.560693293283657108e-17 3.970586214528984158e-17
2160 13.68241158625787079 3.448920632508681194 3.652368556406693599e-16 4.129672599048245565e-16 0.2980320678639107879 1.702889145759368259e-18 6.520748497528083427e-17
2161 13.68866041932424515 3.450782928024236806 3.65289953133323591e-16 4.136214452575017912e-16 0.2980529111283617416 8.498040255708077098e-18 1.046997359733355878e-16
2162 13.69490862374038542 3.452645207384149373 3.655011808978559011e-16 4.145311208466778507e-16 0.2980802292649541996 3.380954642695050786e-17 1.456045285230873283e-16
2163 13.70115620132882484 3.454507522183572377 3.658943459617746029e-16 4.156307168095395137e-16 0.2981157248535787896 6.293709745180880593e-17 1.760211794569535103e-16
2164 13.70740315391858744 3.45636993286333416 3.664379475591926407e-16 4.167960971707402073e-16 0.2981608161502376508 8.702736604124338073e-17 1.865704290664408179e-16
2165 13.71364948334513123 3.45823248594492183 3.669944217096867191e-16 4.178713990574335591e-16 0.2982132770578876935 8.909704730422202634e-17 1.721665291729586497e-16
2166 13.7198951914502949 3.460095211650253244 3.673956428789437916e-16 4.186807963898981568e-16 0.2982704994457441861 6.424587270148509607e-17 1.296054195812412605e-16
2167 13.72614028008223386 3.461958120644526904 3.674882015880232595e-16 4.191199398995050919e-16 0.2983293525352881392 1.482250600327335334e-17 7.032517385111459551e-17
2168 13.73238475109536871 3.4638212023285746 3.672203717204614204e-16 4.191633383227189946e-16 0.2983864308149600242 -4.289495137636357441e-17 6.950581242179566675e-18
2169 13.73862860635031247 3.465684427399569056 3.666785843533347566e-16 4.188988724461719961e-16 0.2984387375907154305 -8.677982086274111606e-17 -4.236034795859057941e-17
2170 13.74487184771380477 3.467547753620892959 3.660338225081043682e-16 4.184677895678625655e-16 0.2984841992685756673 -1.032836982006079778e-16 -6.905469706703068481e-17
2171 13.75111447705864087 3.469411133042428652 3.655136420630541671e-16 4.180676095688197163e-16 0.2985218981793134052 -8.333528429983817145e-17 -6.411066449859295725e-17
2172 13.7573564962635988 3.471274519004512005 3.653394185231417401e-16 4.178796526786401765e-16 0.2985520384865844035 -2.791412732069639333e-17 -3.01144872036939742e-17
2173 13.76359790721335941 3.473137871836943891 3.656044917834060451e-16 4.180231730646433717e-16 0.2985757376361895532 4.247421252353458902e-17 2.299709661578938739e-17
2174 13.76983871179843355 3.475001162846685254 3.662551698525414766e-16 4.185234990734481625e-16 0.2985947525573773853 1.042719875919958281e-16 8.017787882626099866e-17
2175 13.77607891191508926 3.476864376713504345 3.671249209234267601e-16 4.193225136379566252e-16 0.2986112248158359073 1.393921745576727589e-16 1.280554648087083128e-16
2176 13.78231850946527537 3.478727512669916866 3.679677716082681799e-16 4.203115914690317955e-16 0.2986274859368663326 1.350939421076813993e-16 1.585315473480361543e-16
2177 13.78855750635656108 3.480590584809295063 3.68552040322822857e-16 4.213682154104810185e-16 0.2986459177378257834 9.365684923070186166e-17 1.693742394769282787e-16
2178 13.79479590450206672 3.482453621570279267 3.687379099354732822e-16 4.223893703533961876e-16 0.2986688202952820781 2.979729606071529565e-17 1.637043071431685229e-16
2179 13.80103370582040334 3.484316663992367946 3.685327273495507131e-16 4.233400753119931356e-16 0.2986982148838907558 -3.289655212017257721e-17 1.524248029176968626e-16
2180 13.80727091223562297 3.486179761999087301 3.680489021155681478e-16 4.241876800016791099e-16 0.2987355275716811476 -7.757819825097418346e-17 1.359078444785762212e-16
2181 13.81350752567716356 3.488042972629330052 3.674675954345996666e-16 4.249628719604914521e-16 0.2987819013374006794 -9.321754211828797001e-17 1.243087193664351166e-16
2182 13.81974354807980099 3.489906335131206738 3.670036938699898589e-16 4.256275931558006454e-16 0.2988344852859872725 -7.439764680457869826e-17 1.066038497924190366e-16
2183 13.82597898138360293 3.491769874089516446 3.66826573683147847e-16 4.261409798182456382e-16 0.2988909290450748046 -2.840810864821933928e-17 8.234151253629607865e-17
2184 13.83221382753388085 3.493633595159252092 3.670615057074454978e-16 4.264753699324686503e-16 0.2989481969879408951 3.768402161620828192e-17 5.363749080313325105e-17
2185 13.83844808848114027 3.49549748437696417 3.677419029887572022e-16 4.266210431605172077e-16 0.2990031418764971249 1.09148614039497222e-16 2.336874555628701252e-17
2186 13.84468176618102753 3.497361511296074532 3.688335774922560155e-16 4.266148242725024774e-16 0.299053118310642907 1.751416039674745837e-16 -9.977204911418736752e-19
2187 13.85091486259426752 3.499225634771153448 3.701977424773450908e-16 4.265100659060708352e-16 0.2990964079944133935 2.188786592769186198e-16 -1.680835605899909562e-17
2188 13.85714737968659449 3.501089809739950542 3.716573181814260355e-16 4.263941305710918176e-16 0.2991323802777412499 2.342088923332428073e-16 -1.860341078013307034e-17
2189 13.86337931942867741 3.502953993557928136 3.730166640903913645e-16 4.263484600174310126e-16 0.2991614208505154471 2.18145791006074321e-16 -7.329141897080531758e-18
2190 13.86961068379604001 3.504818151013902483 3.741037249053314894e-16 4.264308989091747215e-16 0.2991847205391688913 1.744659417500356506e-16 1.32308870738642987e-17
2191 13.87584147476897201 3.506682257763302335 3.74849813200775268e-16 4.266728508840470991e-16 0.2992040216892930538 1.197531303419008477e-16 3.883522441018421005e-17
2192 13.88207169433244914 3.508546302348792167 3.752917496598722283e-16 4.270500267415540729e-16 0.299221391654303781 7.094081511952364494e-17 6.054527121302809227e-17
2193 13.8883013444760568 3.510410287155284692 3.755207436680523899e-16 4.275211748750305077e-16 0.2992390518667183419 3.676207534112145219e-17 7.563684009610964508e-17
2194 13.89453042719391895 3.512274228558866174 3.756677595603359747e-16 4.280367049471021443e-16 0.2992592484821371968 2.360367410433517531e-17 8.276930897165954889e-17
2195 13.90075894448464666 3.514138156214474673 3.758057407884705322e-16 4.285438040165977747e-16 0.2992841140956263857 2.215514615056194842e-17 8.14230613060924386e-17
2196 13.90698689835129542 3.516002111014980613 3.759444975370999606e-16 4.290137953630155468e-16 0.2993154543351191355 2.228167724175310305e-17 7.547161194489961128e-17
2197 13.91321429080133143 3.51786614245071183 3.76077835469208239e-16 4.294643845991190617e-16 0.2993546514215252308 2.141344261819212866e-17 7.236250479604139251e-17
2198 13.91944112384661558 3.519730300867521589 3.761409187105243813e-16 4.299124444715566952e-16 0.2994018446299743785 1.013177777434225994e-17 7.196274259892748548e-17
2199 13.92566739950337862 3.521594620292803679 3.761110447062134778e-16 4.303547979334973155e-16 0.2994544147171967485 -4.798481609358955389e-18 7.105257567303144351e-17
2200 13.9318931197921998 3.523459120042992332 3.760249720284851032e-16 4.307686267625520168e-16 0.2995099997205279974 -1.38265653721651465e-17 6.647674394270791377e-17
2201 13.93811828673797137 3.525323801265780599 3.759971836019680426e-16 4.311467614540711239e-16 0.2995656813312374545 -4.464279910673430098e-18 6.074827971426784043e-17
2202 13.94434290236984886 3.52718864714805358 3.761611709347426539e-16 4.315152316421896238e-16 0.29961857361522648 2.634729829631191109e-17 5.920087725921371332e-17
2203 13.95056696872118174 3.529053626500393559 3.766218123081159088e-16 4.318891563599911295e-16 0.2996663655883930466 7.401622223067722439e-17 6.008252104595966916e-17
2204 13.95679048782943354 3.530918699477772815 3.774168560800921321e-16 4.32328783110052948e-16 0.2997076647525749316 1.277594577612171173e-16 7.064576465471207872e-17
2205 13.96301346173608593 3.532783823911111121 3.784603019377189143e-16 4.328570261750581548e-16 0.2997420956756406407 1.676910357821816006e-16 8.489336180504063095e-17
2206 13.96923589248654096 3.534648961013619139 3.795909124473470397e-16 4.334822223385506813e-16 0.2997701999522799365 1.817149731693443765e-16 1.004833256962973478e-16
2207 13.97545778213002343 3.536514079780514574 3.805916231798468278e-16 4.341706333564001656e-16 0.2997932265786475425 1.608510432112263921e-16 1.106529857060563339e-16
2208 13.98167913271949736 3.538379159934491369 3.812948155831353982e-16 4.348658590807484829e-16 0.2998128984840870981 1.130386552944677779e-16 1.117580062568009964e-16
2209 13.9878999463115985 3.540244193618294677 3.815940539307430355e-16 4.354781817438618932e-16 0.2998312113091308184 4.810690391949689458e-17 9.843974797224184269e-17
2210 13.99412022496657926 3.542109186142877952 3.815065119441281747e-16 4.35942855130280446e-16 0.2998502816736918208 -1.407484963008237877e-17 7.470938567702261303e-17
2211 14.00033997074828562 3.543974155966444606 3.811247760713556898e-16 4.362587436407289521e-16 0.2998722235536538383 -6.138007357114276011e-17 5.079234464077695666e-17
2212 14.00655918572413583 3.545839133757203054 3.805936974485766845e-16 4.364410432164182874e-16 0.2998990009285840697 -8.540045311809192982e-17 2.931480518955420331e-17
2213 14.01277787196511682 3.547704160035251242 3.80068357998324056e-16 4.36548809265563724e-16 0.2999321992072936371 -8.448471664942224907e-17 1.733085935598704276e-17
2214 14.01899603154577356 3.549569283438686274 3.796833565908456713e-16 4.36644510396941799e-16 0.2999731254580745854 -6.192087627786066245e-17 1.539188636874476215e-17
2215 14.02521366654419843 3.551434547475277981 3.795101342994010962e-16 4.367505326328464443e-16 0.3000209562314599121 -2.786217741847243391e-17 1.705329217414004879e-17
2216 14.03143077904200808 3.553299981276774488 3.795958431377474542e-16 4.368842025386699063e-16 0.3000733805277794874 1.378710991677152691e-17 2.150211949794098164e-17
2217 14.03764737112430439 3.555165599153666367 3.799500434714691229e-16 4.370219817703395929e-16 0.3001280149384187856 5.698135956303667463e-17 2.216499306367014452e-17
2218 14.04386344487961402 3.557031398149502088 3.805261892126661701e-16 4.371655872636382097e-16 0.3001820817792770768 9.269413714273355178e-17 2.310420148661700781e-17
2219 14.05007900239982632 3.558897359040243291 3.812707457372011112e-16 4.373333936167437217e-16 0.3002329632423569872 1.197990873076621634e-16 2.700002925771328431e-17
2220 14.05629404578010622 3.560763450259587959 3.821356208533157547e-16 4.375599711241088039e-16 0.3002786722987157431 1.391698052479613536e-16 3.645930722949597794e-17
2221 14.06250857711880897 3.562629633487151448 3.830867243660849123e-16 4.378746773657509111e-16 0.3003181205634076201 1.530576500727595949e-16 5.064453780507138753e-17
2222 14.06872259851739315 3.56449586951390307 3.840869140333428714e-16 4.382804044091930975e-16 0.3003511632908924534 1.609700626106514673e-16 6.529752278362601292e-17
2223 14.07493611208033002 3.566362123346694446 3.850827720739096813e-16 4.387443801824676257e-16 0.3003784772926817448 1.602859785572034021e-16 7.467812460881906759e-17
2224 14.08114911991502005 3.568228368038330878 3.860090847210969964e-16 4.392146094315997839e-16 0.3004013561260273635 1.491045502547547074e-16 7.569077343527083889e-17
2225 14.08736162413172366 3.570094587190659308 3.868044888405856614e-16 4.396334899131386434e-16 0.3004214967246101597 1.280431056446822166e-16 6.743082721856819431e-17
2226 14.09357362684349724 3.571960776349670574 3.874332926841964726e-16 4.399693088069401817e-16 0.3004408211786641636 1.012321512117359837e-16 5.406402868319472187e-17
2227 14.09978513016614876 3.573826943555947544 3.878543417949371642e-16 4.402615303460112052e-16 0.3004613408256612272 6.77908067085742276e-17 4.704898636740284586e-17
2228 14.10599613621820403 3.575693109142456638 3.880495334540909772e-16 4.405771206326897944e-16 0.300485035087778074 3.142924345710633717e-17 5.081551125554818203e-17
2229 14.11220664712089956 3.577559304551860553 3.880361789602879217e-16 4.41002295787659271e-16 0.3005136935646740004 -2.150475903127563835e-18 6.846601143051093352e-17
2230 14.11841666499817904 3.579425569655895423 3.878608441954709872e-16 4.415814975488061786e-16 0.3005486747197396724 -2.823641243898880377e-17 9.327630963665824296e-17
2231 14.12462619197671287 3.581291951537831864 3.876221275005365606e-16 4.422982491926816508e-16 0.300591141341287782 -3.844664614570083031e-17 1.154368228581518622e-16
2232 14.13083523018591769 3.583158487194033182 3.874640308152861708e-16 4.431123701998548369e-16 0.3006394703401316648 -2.5464342756210811e-17 1.31128975530759432e-16
2233 14.13704378175797061 3.585025200930271438 3.874970336859911133e-16 4.439479279860831467e-16 0.3006916187017371622 5.316126635502482782e-18 1.345922614605649922e-16
2234 14.14325184882780739 3.586892102320023756 3.878257637854659601e-16 4.447604602074339028e-16 0.3007452138609975623 5.295620037125832472e-17 1.308934569444405774e-16
2235 14.14945943353309588 3.588759184708540939 3.884662186052008534e-16 4.455327826314618513e-16 0.3007976415106138335 1.031809310907619796e-16 1.244255556488155568e-16
2236 14.15566653801417019 3.590626426892799206 3.893728629878469485e-16 4.462723309268603139e-16 0.3008465572103560803 1.460768417898409623e-16 1.191546337358554552e-16
2237 14.16187316441392774 3.592493797280005285 3.904453645910823244e-16 4.470252715878107026e-16 0.3008902858716703821 1.728126975806480599e-16 1.213216897247292143e-16
2238 14.16807931487769778 3.594361259277822906 3.915404396099882707e-16 4.478395870424311629e-16 0.3009280205051230728 1.764634343987324709e-16 1.312210573023982292e-16
2239 14.17428499155307975 3.596228776681380079 3.92542746205550462e-16 4.48725985366847763e-16 0.3009598220380215738 1.615267488556474842e-16 1.428475480137807607e-16
2240 14.18049019658978871 3.598096318205031618 3.933730846108344613e-16 4.49683999314049167e-16 0.3009864818066063097 1.338233351977473764e-16 1.544004477747868997e-16
2241 14.18669493213951149 3.599963860791866477 3.939986839098103343e-16 4.506758406746457956e-16 0.3010093248271815125 1.008336966046091768e-16 1.598643588604196243e-16
2242 14.19289920035581076 3.601831391723217646 3.944409744800900559e-16 4.516480743824618395e-16 0.3010300165612219692 7.129345782768906258e-17 1.567157599652339974e-16
2243 14.1991030033940735 3.603698909750076673 3.948110274006207452e-16 4.525202613126949741e-16 0.3010504053625767673 5.965381866687969435e-17 1.405995685836894209e-16
2244 14.20530634341153586 3.605566425456481205 3.952244529593265168e-16 4.532413170121438672e-16 0.3010723987188811956 6.665059052749422878e-17 1.16245324362455553e-16
2245 14.21150922256735072 3.607433960863658307 3.957647638220314571e-16 4.537644282155784813e-16 0.3010978408542539508 8.711290480777453493e-17 8.433984880582012645e-17
2246 14.21771164302270307 3.609301547979079317 3.964300703481285595e-16 4.540593159181413546e-16 0.3011283425772349198 1.072735241398765778e-16 4.75474714865659899e-17
2247 14.22391360694093443 3.611169225787038251 3.971374565104726953e-16 4.541183855749554196e-16 0.3011650298834578909 1.140667698752310845e-16 9.525044889336308211e-18
2248 14.23011511648764937 3.613037039164209929 3.977547079339530692e-16 4.539558196965040564e-16 0.3012088542035611383 9.953970578343441996e-17 -2.621583214865103706e-17
2249 14.23631617383076886 3.614905018968948003 3.981433057501505574e-16 4.536052766845312614e-16 0.3012575561428421089 6.267092831150843264e-17 -5.653365782756333418e-17
2250 14.24251678114052488 3.616773184791183038 3.982457701057539879e-16 4.531128629208767759e-16 0.3013093191637649659 1.652608395783843099e-17 -7.94195323068755126e-17
2251 14.24871694058935923 3.618641541749341606 3.98096014055134384e-16 4.525460391198674448e-16 0.3013618095543355579 -2.41553168998894857e-17 -9.142741467295607786e-17
2252 14.25491665435176714 3.62051007987387008 3.97797881783409415e-16 4.520173218924904127e-16 0.3014125934955251274 -4.809151070868274215e-17 -8.528701054450729296e-17
2253 14.26111592460407707 3.622378776362011443 3.974920117577331727e-16 4.516487842899421325e-16 0.3014596002273483011 -4.934319524171915517e-17 -5.945277846775691027e-17
2254 14.26731475352421086 3.624247599876917025 3.973173925718180856e-16 4.515610982848093992e-16 0.3015014520024092426 -2.817170143727805552e-17 -1.414657813161082e-17
2255 14.27351314329147058 3.626116515692573206 3.973350216001384497e-16 4.51833659917853172e-16 0.3015376008021626864 2.844330846615652667e-18 4.39760743690188502e-17
2256 14.27971109608636091 3.627985490605131425 3.975335420855189968e-16 4.52466105101306844e-16 0.3015682909369623022 3.203225634004929853e-17 1.020481397604084392e-16
2257 14.28590861409049673 3.629854496929803886 3.978105061351212008e-16 4.533892406005739042e-16 0.3015944117616570219 4.469263079327996817e-17 1.489628495112346399e-16
2258 14.29210569948659426 3.631723515340911312 3.980676425820644685e-16 4.544765266674381484e-16 0.3016173112059769568 4.149600842836771491e-17 1.75463386583238391e-16
2259 14.29830235445853326 3.633592536632409331 3.982379161780821831e-16 4.556244450384901846e-16 0.3016386217045909368 2.748020744820395202e-17 1.852608725479071457e-16
2260 14.30449858119148843 3.635461562610079245 3.983388435929846238e-16 4.56726444252812622e-16 0.3016601201396713061 1.628964844181056143e-17 1.778622765857899638e-16
2261 14.31069438187208398 3.637330606265730903 3.98463277679365692e-16 4.57724176715695859e-16 0.3016836119939072525 2.008499080323238483e-17 1.610446777398731713e-16
2262 14.31688975868854108 3.639199691162231964 3.987486518581935325e-16 4.586006128576815501e-16 0.3017108039659199825 4.606557630765329271e-17 1.414757850316412632e-16
2263 14.32308471383079151 3.641068849683087194 3.992831669622815658e-16 4.593784584771949024e-16 0.3017431206348596961 8.628816322126815082e-17 1.255696410899953946e-16
2264 14.32927924949053633 3.642938121046741529 4.000784139625943896e-16 4.600849989699700778e-16 0.3017816663787993847 1.283874399423644113e-16 1.140663530291128364e-16
2265 14.33547336786122628 3.644807544546359246 4.010672624545270765e-16 4.607259284159735515e-16 0.3018264543984520709 1.596538367674833273e-16 1.034808122645014613e-16
2266 14.34166707113797834 3.64667714663481668 4.021391600346880049e-16 4.612854291207626357e-16 0.3018754125690450429 1.730740066244905521e-16 9.033981462345996458e-17
2267 14.34786036151743183 3.648546942287379302 4.031678656391135513e-16 4.617039222716327276e-16 0.3019266882511045247 1.661110271081515519e-16 6.757650277172673229e-17
2268 14.35405324119757431 3.650416932431117534 4.040629517030736461e-16 4.619510216600107078e-16 0.3019780132022868435 1.445442437998000031e-16 3.99031955412926224e-17
2269 14.36024571237753911 3.652287104137497131 4.047885122697862172e-16 4.6203863445920317e-16 0.302027149692079333 1.171758663365765158e-16 1.414920561912780641e-17
2270 14.36643777725742233 3.654157433353187212 4.053619739788416791e-16 4.620433837115300068e-16 0.3020723004599759065 9.261839906413151874e-17 7.670401359246300904e-19
2271 14.37262943803811055 3.656027889257703389 4.058036154680994579e-16 4.621027899819754606e-16 0.3021123716276616356 7.13330677332126823e-17 9.595184366810615492e-18
2272 14.37882069692115117 3.657898439124039225 4.061481299160282655e-16 4.623615258727358553e-16 0.3021470541775044261 5.56488909687158961e-17 4.179321204431375667e-17
2273 14.38501155610866711 3.659769052759615171 4.06417281399486826e-16 4.629425220222871588e-16 0.3021767564107277759 4.347841836917281986e-17 9.385344392856823849e-17
2274 14.39120201780332309 3.661639706002567163 4.066438201251936451e-16 4.638824728480244326e-16 0.3022024515661472233 3.659713981797780609e-17 1.518482620761775855e-16
2275 14.39739208420833627 3.663510383135388793 4.068718739781226986e-16 4.65114909437254617e-16 0.3022255030837932011 3.684424704958216369e-17 1.99111734282614506e-16
2276 14.40358175752754377 3.665381078330990139 4.071789344412397986e-16 4.665009963351642454e-16 0.3022475083904480608 4.961164176857342606e-17 2.239495307899070395e-16
2277 14.40977103996551456 3.667251796319976886 4.075874901614970746e-16 4.678416802376569879e-16 0.3022701731318114815 6.601433728823824744e-17 2.166273899685853976e-16
2278 14.4159599337276898 3.669122552365134737 4.080957706409443454e-16 4.689647204402937115e-16 0.302295199250820823 8.213296929202955576e-17 1.814719042076411086e-16
2279 14.42214844102054094 3.670993371397929916 4.086846322756186432e-16 4.69819842785332704e-16 0.3023241495632482123 9.515997527958074236e-17 1.381876767365498894e-16
2280 14.42833656405172249 3.672864285941781493 4.093045424970123228e-16 4.703831310625934619e-16 0.3023582516405013965 1.001836087760705946e-16 9.103294388398160006e-17
2281 14.43452430503018213 3.67473533497147864 4.098855812952866283e-16 4.706989277795125805e-16 0.302398549003955075 9.390736785854996451e-17 5.103899869049673457e-17
2282 14.44071166616620694 3.676606551868832007 4.10338414713019273e-16 4.708540058212353799e-16 0.3024441386968014234 7.319130839027062464e-17 2.506521014532504626e-17
2283 14.44689864967138071 3.678477958870471909 4.105836768945703932e-16 4.709500463593524728e-16 0.3024932200819070993 3.964404696396314796e-17 1.552394086800336013e-17
2284 14.45308525775844188 3.680349566451388554 4.106013341846900307e-16 4.710511845783565243e-16 0.30254389243756874 2.854287050962282331e-18 1.634891350285693649e-17
2285 14.45927149264104727 3.682221371634379903 4.104044213478590489e-16 4.712208685504265081e-16 0.3025939813011839785 -3.183271411331705969e-17 2.743092557827169117e-17
2286 14.46545735653345766 3.684093358912758021 4.10047143225050192e-16 4.715023481463210772e-16 0.3026414608772159398 -5.776063452740157655e-17 4.550639691444164683e-17
2287 14.47164285165019493 3.68596550335568196 4.095883589359520825e-16 4.719156611430527238e-16 0.3026848069716291945 -7.41753845501331332e-17 6.682367116888271384e-17
2288 14.47782798020572059 3.687837774943500513 4.091019832548531308e-16 4.724533724147773839e-16 0.302723196020236951 -7.864094162767234517e-17 8.694127271473499509e-17
2289 14.48401274441418707 3.689710143106435414 4.086454958345358201e-16 4.730648200507200677e-16 0.3027565381729763194 -7.381270085160829921e-17 9.886932132080804756e-17
2290 14.49019714648931334 3.691582580699532823 4.082999468197631784e-16 4.736766515834110253e-16 0.3027853863443651927 -5.58775322203256199e-17 9.893715426694045859e-17
2291 14.49638118864439917 3.693455067029352445 4.081503260558555393e-16 4.742112426326726402e-16 0.3028107830428540259 -2.419605417503983277e-17 8.645186437768036613e-17
2292 14.50256487309250097 3.695327589879788377 4.082282352218862115e-16 4.746214198799338417e-16 0.3028340986382809241 1.259987404963823493e-17 6.633598993324830732e-17
2293 14.50874820204672311 3.697200146673533361 4.085544691297229659e-16 4.749169599184968527e-16 0.3028568916518594722 5.276325268686330004e-17 4.779899746530381748e-17
2294 14.51493117772058561 3.6990727449244587 4.0907257114656085e-16 4.751506895398216531e-16 0.3028807941141432036 8.379968859548715334e-17 3.780427183453544192e-17
2295 14.52111380232840254 3.700945401998722684 4.097034955970643578e-16 4.754194959797348086e-16 0.3029073997685942654 1.020537541971173545e-16 4.348017630892025404e-17
2296 14.52729607808559642 3.702818143974049292 4.103591121784892248e-16 4.758202281201885079e-16 0.3029381181788345367 1.060537201816237242e-16 6.482315349483639299e-17
2297 14.5334780072088936 3.704691003218448131 4.109574548367581935e-16 4.764368895124410416e-16 0.302973967522622567 9.679437985313987673e-17 9.97578163909206001e-17
2298 14.53965959191636159 3.706564017651944987 4.114021876041266714e-16 4.773082521732223361e-16 0.3030158467642345421 7.194876541146209873e-17 1.409688520138173431e-16
2299 14.54584083442726694 3.708437214949804162 4.116531772052212804e-16 4.784200897754079233e-16 0.3030620993291834875 4.060727372629352774e-17 1.798827268310569749e-16
2300 14.55202173696178214 3.710310613074331076 4.11721245234854428e-16 4.796735149751827521e-16 0.3031111543328068869 1.10132377977452583e-17 2.028010779980310279e-16
2301 14.55820230174056995 3.712184218149345405 4.116346157294863549e-16 4.809661798684767724e-16 0.3031610966394452933 -1.401719935483867793e-17 2.091613178595231506e-16
2302 14.56438253098430735 3.714058023617918813 4.114742286807740402e-16 4.821675831733186622e-16 0.3032098744267952006 -2.595303392767435648e-17 1.94405103041117986e-16
2303 14.57056242691321124 3.715932011804538249 4.112952138242950893e-16 4.831672627243926874e-16 0.3032556882459623293 -2.896884510553653966e-17 1.617718363706899288e-16
2304 14.57674199174663165 3.717806157290374447 4.11143283567871602e-16 4.839120034545760702e-16 0.3032972845093153125 -2.458722364741552022e-17 1.205231092437467256e-16
2305 14.58292122770276045 3.719680431148719268 4.11073765777223042e-16 4.844231810949592595e-16 0.3033340948438381646 -1.125081908816848451e-17 8.272942940525623688e-17
2306 14.58910013699849806 3.721554805129249743 4.111435452275069564e-16 4.847513181524471308e-16 0.3033662279846272569 1.129375932623581929e-17 5.310877254277402356e-17
2307 14.59527872184949615 3.723429255175394914 4.113844169220554885e-16 4.849653795352354124e-16 0.3033943620022617194 3.898696273194366715e-17 3.464750463419843035e-17
2308 14.60145698447037965 3.725303764014092245 4.118277702035316707e-16 4.851191409671653008e-16 0.3034195942932512713 7.176390423827304392e-17 2.488877637222721266e-17
2309 14.60763492707511979 3.727178322831548485 4.124705759623124561e-16 4.85264556122138455e-16 0.3034432937266875463 1.040538684913680851e-16 2.353900724369609928e-17
2310 14.61381255187754746 3.729052932176648127 4.13309429451540175e-16 4.854456995222909953e-16 0.3034669756761936843 1.357959364049994334e-16 2.932399753137923146e-17
2311 14.61998986109191101 3.730927602202785742 4.143286863909864137e-16 4.856989599291826486e-16 0.3034921949490284598 1.65008519609656008e-16 4.100057914703188904e-17
2312 14.62616685693344287 3.732802352195687234 4.155140190616160195e-16 4.860363650179208185e-16 0.3035204301975776287 1.919043517690393431e-16 5.462559705156360331e-17
2313 14.63234354161882322 3.734677209124414254 4.167889217732931605e-16 4.864558993707620114e-16 0.3035529257503177258 2.064159895333128878e-16 6.792565251588518869e-17
2314 14.6385199173664553 3.736552205701334728 4.180775715245363893e-16 4.869516686975651549e-16 0.3035906120550115328 2.08652096499848978e-16 8.027263367567011356e-17
2315 14.64469598639648318 3.738427376247358769 4.19291661728130914e-16 4.875105423567308379e-16 0.3036337502344238493 1.965894581812594934e-16 9.04946514862458629e-17
2316 14.65087175093048621 3.740302743808352037 4.203716469379475154e-16 4.881098355924386691e-16 0.3036805152274388853 1.74883298493984454e-16 9.704427141507576616e-17
2317 14.65704721319084491 3.742178322038375526 4.212815180613824474e-16 4.887099537130085528e-16 0.3037293866208355397 1.473436798322596464e-16 9.718256788386017464e-17
2318 14.66322237539984386 3.744054112891028296 4.220315349686502202e-16 4.892284165734283889e-16 0.3037784698729855126 1.214628955815984279e-16 8.396344091431272476e-17
2319 14.66939723977860233 3.74593010657796377 4.226650318664737746e-16 4.895994705138319509e-16 0.3038258634084023413 1.025977556791186591e-16 6.009390361987506995e-17
2320 14.67557180854602095 3.747806283672060257 4.232413444405253555e-16 4.898039883933910526e-16 0.3038700059662680086 9.334092494068070221e-17 3.312419146219004322e-17
2321 14.68174608391792013 3.749682618650429067 4.238098449552015814e-16 4.898770641094451822e-16 0.3039099098786972597 9.208000819312879656e-17 1.183607113673961939e-17
2322 14.68792006810658179 3.751559083960892771 4.243704284289636897e-16 4.898963863717300066e-16 0.3039452459744587109 9.080193535778102313e-17 3.129772626335438067e-18
2323 14.69409376332082218 3.753435653828528729 4.249243473820484982e-16 4.899722573131707585e-16 0.3039763016002502427 8.972660045806451058e-17 1.228995976960455021e-17
2324 14.70026717176666686 3.755312307329793153 4.254106710469765108e-16 4.90191174022072081e-16 0.3040038620911076905 7.878080437587131988e-17 3.546287310760420079e-17
2325 14.70644029564856758 3.757189030579150657 4.257485126830322344e-16 4.905764453581901089e-16 0.304029067090539562 5.473032716440076642e-17 6.241393606478891323e-17
2326 14.7126131371709814 3.759065818088687116 4.259102380390799908e-16 4.911093017350264284e-16 0.3040532766413555077 2.620068823585634133e-17 8.632662277059130217e-17
2327 14.7187856985400547 3.760942673431652672 4.258939378650012917e-16 4.917357527858319701e-16 0.304077958468613907 -2.640866103569293234e-18 1.014942133518274171e-16
2328 14.72495798196506023 3.762819609266693899 4.257830993130905141e-16 4.923725738692161919e-16 0.3041045844446239599 -1.795826534929214395e-17 1.031789192324158857e-16
2329 14.73112998965928533 3.764696646601949581 4.256799725832685597e-16 4.929463482187892705e-16 0.3041345074594705156 -1.670952228343866656e-17 9.296809174896453965e-17
2330 14.73730172384010828 3.766573813004048255 4.256638032998860293e-16 4.934355835092456605e-16 0.3041687904706122381 -2.620008201586491653e-18 7.927379607226422562e-17
2331 14.74347318672817764 3.768451141637904289 4.25784285965647894e-16 4.938440144424387534e-16 0.3042083411010076954 1.952339682134508265e-17 6.618345578942256604e-17
2332 14.74964438054574778 3.770328661287358329 4.260254119854730477e-16 4.941756408624120986e-16 0.3042524500744279159 3.907452171263757166e-17 5.374013039791794537e-17
2333 14.75581530751443715 3.77220639114474654 4.263262965423893161e-16 4.944166195372637309e-16 0.3042995637133772968 4.876049610516290621e-17 3.905231912517148856e-17
2334 14.76198596985280531 3.774084340540719396 4.266212510011417379e-16 4.945592493268534828e-16 0.3043480843848603845 4.780151408476932764e-17 2.311516131954060572e-17
2335 14.76815636977422486 3.775962507466393614 4.268592032929648986e-16 4.945698887406620446e-16 0.3043961747320976796 3.856513838550646491e-17 1.724339205663181239e-18
2336 14.77432650948549764 3.777840879270847552 4.270291733233348269e-16 4.944655363050536572e-16 0.3044421101515016326 2.754834510699451228e-17 -1.69131987717971425e-17
2337 14.78049639118655101 3.77971943520142295 4.271505690305094667e-16 4.942939857617342109e-16 0.3044845774525702931 1.96763482002416745e-17 -2.780566383156204871e-17
2338 14.78666601707135619 3.781598150016215243 4.27296421361517583e-16 4.941614863139270748e-16 0.3045228486858235217 2.364135683412791133e-17 -2.147697403449998215e-17
2339 14.79283538932995512 3.783476997820796939 4.275402048994000732e-16 4.942391254633030191e-16 0.3045568175768667563 3.951673908555332068e-17 1.258512381665397762e-17
2340 14.79900451015125284 3.785355955480762091 4.279446210090259337e-16 4.946839119703533346e-16 0.3045869308810968956 6.555755047300087224e-17 7.210176150657938246e-17
2341 14.80517338172604447 3.787235005269480759 4.285349425394851815e-16 4.955744119544882664e-16 0.3046140645330194241 9.56974327418856838e-17 1.443595700670302225e-16
2342 14.81134200624966546 3.789114136682572909 4.292998902971695379e-16 4.969043275532932322e-16 0.3046393886872142964 1.240111338967764565e-16 2.156020979708140888e-16
2343 14.81751038592371295 3.790993347507594979 4.301524508695301182e-16 4.98534963376688962e-16 0.3046642470913609735 1.382201088986303539e-16 2.643643963732847774e-16
2344 14.82367852295640631 3.792872644254484893 4.30987250387791084e-16 5.002373965533962934e-16 0.3046900535499096896 1.353459001848917093e-16 2.760151937869671797e-16
2345 14.82984641956148053 3.794752041942660803 4.316977730770501257e-16 5.017685636034961337e-16 0.3047181876879823115 1.152013687919207868e-16 2.482574345437680969e-16
2346 14.83601407795573479 3.796631563063061154 4.321969943436480061e-16 5.029209584713508798e-16 0.3047498612073600288 8.094488008469683875e-17 1.868519444782867555e-16
2347 14.84218150035571249 3.798511235416203391 4.324187541111889992e-16 5.036025573792498223e-16 0.3047859356089711591 3.595799987024920527e-17 1.105201981115175123e-16
2348 14.84834868897413429 3.800391091606883265 4.323777252861316364e-16 5.038716602667566067e-16 0.3048271907312822271 -6.653009705344349284e-18 4.363625133829852206e-17
2349 14.85451564601681262 3.802271154961224031 4.321443981541931331e-16 5.038693125920054062e-16 0.3048721229171604263 -3.783645794915776307e-17 -3.807002480282129873e-19
2350 14.86068237368069767 3.804151440602844048 4.318447738752307424e-16 5.037991667311178591e-16 0.3049194028152054647 -4.858903040467346024e-17 -1.137531103697802815e-17
2351 14.86684887415347767 3.806031953562373893 4.316216365654188364e-16 5.038474562594037715e-16 0.3049673942250897274 -3.618672425674166492e-17 7.831231119720751766e-18
2352 14.8730151496148526 3.807912688126452672 4.315848837080381339e-16 5.041621376555327052e-16 0.3050143549920457664 -5.960516333456265413e-18 5.103449731900606304e-17
2353 14.87918120223925378 3.809793629194507592 4.317985437048909627e-16 5.048402209256467188e-16 0.3050587625786975732 3.465225751060058348e-17 1.099743350918593998e-16
2354 14.88534703419948002 3.811674755144497606 4.32281750348618663e-16 5.058873189755393876e-16 0.3050995588406259507 7.837121901962684638e-17 1.698286885505076084e-16
2355 14.89151264767050087 3.813556041418333376 4.329784496261395096e-16 5.072261905917518361e-16 0.3051362668708923476 1.13001524345842403e-16 2.171590217141584017e-16
2356 14.89767804483265401 3.815437464073957674 4.338032412369730239e-16 5.087146080451348301e-16 0.3051689857606313394 1.337821773271049402e-16 2.414230759258143812e-16
2357 14.9038432278735673 3.817319002792645133 4.346839058129137495e-16 5.10152182222340405e-16 0.3051983024162287506 1.428497489345956112e-16 2.331842518694508548e-16
2358 14.91000819898838436 3.819200643118782157 4.355607472809884828e-16 5.113581689526935941e-16 0.3052251672270292482 1.422344536344777621e-16 1.95625857042153751e-16
2359 14.91617296037825113 3.821082377930578478 4.364077291920171952e-16 5.121970935393221239e-16 0.305250769439660008 1.373954918738919929e-16 1.36088450914998671e-16
2360 14.92233751424735644 3.822964208239662653 4.372354214406334316e-16 5.126198746968826211e-16 0.3052764283652288912 1.342708384615724924e-16 6.858488841269898185e-17
2361 14.92850186279913061 3.824846143386098074 4.380901329341225916e-16 5.126529007262819781e-16 0.3053034953192798606 1.386585541728564962e-16 5.357762849183521857e-18
2362 14.93466600823240675 3.826728200560173487 4.389935891262743799e-16 5.12365730839195813e-16 0.3053332443663328011 1.465711106401749529e-16 -4.658865549683098721e-17
2363 14.94082995273829084 3.828610403422874953 4.399589558532539888e-16 5.1188480485897787e-16 0.3053667260058074984 1.566201405036740243e-16 -7.802495413247815401e-17
2364 14.94699369849841553 3.830492780703327771 4.409538806736002785e-16 5.113552750262439758e-16 0.3054047633114782556 1.614207642781749447e-16 -8.591313490223259993e-17
2365 14.95315724768488685 3.832375361021711058 4.419187109345770984e-16 5.109145916323282563e-16 0.3054473393934452607 1.565430347400902716e-16 -7.150057231131785618e-17
2366 14.95932060246192208 3.834258163538835085 4.427448687014675839e-16 5.106783620806833981e-16 0.3054929200572559234 1.340477008820177843e-16 -3.832927504581793477e-17
2367 14.96548376498880195 3.836141199144658565 4.43305617265656936e-16 5.107400798825292216e-16 0.3055401635769494084 9.098670651691732598e-17 1.001429139908618689e-17
2368 14.97164673742351759 3.83802446867351188 4.434872151671108078e-16 5.111432869898031828e-16 0.3055874382744130924 2.946685891269628747e-17 6.542612468270660285e-17
2369 14.97780952192633563 3.839907963046780726 4.432517007037396027e-16 5.118773968921724394e-16 0.3056331352868807416 -3.821674482659954975e-17 1.191234305185960002e-16
2370 14.98397212066256579 3.841791665186993665 4.426393037121363108e-16 5.128894719297168067e-16 0.3056759560956924804 -9.937613379644473364e-17 1.642335049356384839e-16
2371 14.99013453580398902 3.843675553089405561 4.417413662296373858e-16 5.140942904010069437e-16 0.3057151004933960636 -1.457162325568948348e-16 1.955165164313773704e-16
2372 14.99629676952869417 3.845559603287993511 4.407150293597371173e-16 5.15361450455436904e-16 0.3057503307426436834 -1.665575777442543424e-16 2.056392160018944375e-16
2373 15.00245882401940101 3.847443794077895163 4.397523548572370973e-16 5.165579760725425108e-16 0.3057819321888296527 -1.562307124209711714e-16 1.941819889328131592e-16
2374 15.00862070146066962 3.849328108116011116 4.390402187263299731e-16 5.175828197401382785e-16 0.3058106124418872307 -1.155745708674160568e-16 1.663247544225639154e-16
2375 15.01478240403557329 3.851212534277414612 4.387136269446005283e-16 5.183776418262681026e-16 0.3058373806464698141 -5.300498215881150898e-17 1.289975218348896556e-16
2376 15.02094393392253657 3.853097068811654147 4.38849441547922219e-16 5.189114523459969173e-16 0.3058634338542037812 2.204296083980960388e-17 8.663843279349259357e-17
2377 15.02710529329293543 3.854981715887185079 4.394277402965489227e-16 5.191803192916273904e-16 0.305890057675396454 9.386151915005131671e-17 4.363879400749097911e-17
2378 15.03326648430990886 3.856866487538955113 4.40372050566391747e-16 5.19239629428263494e-16 0.3059185293438482778 1.532716224394284272e-16 9.626667377912266571e-18
2379 15.03942750912855075 3.858751402887391269 4.415881902323292232e-16 5.191838050104152248e-16 0.3059499993850787747 1.973976870390784685e-16 -9.061139334725184994e-18
2380 15.04558836989738424 3.860636486378398846 4.429549798817716116e-16 5.191497353399216563e-16 0.305985332640543839 2.218562665947398101e-16 -5.530163257302804219e-18
2381 15.05174906876075802 3.862521767234466274 4.443585565312517405e-16 5.192987218785786782e-16 0.3060253047967143591 2.278334130325199361e-16 2.418400990833317784e-17
2382 15.05790960786166544 3.864407268686109287 4.457076598027242543e-16 5.197527200368402167e-16 0.3060689434443779056 2.189967090914188122e-16 7.369643576975256949e-17
2383 15.06406998934442676 3.866293006075209426 4.469754716669986238e-16 5.205564649565139121e-16 0.3061149680774076787 2.058060632428312702e-16 1.304732842708914905e-16
2384 15.0702302153567107 3.868178985969314976 4.481531522485140221e-16 5.216760948418572926e-16 0.306161954222993804 1.911796564820867686e-16 1.817559533771008727e-16
2385 15.07639028805056292 3.870065205200031055 4.492524379449663693e-16 5.230148907538001793e-16 0.3062083211619515688 1.784577434618961219e-16 2.173397672437473504e-16
2386 15.0825502095822781 3.871951651735956457 4.502644204516801955e-16 5.244289622808708226e-16 0.3062526297955684429 1.642889411844245041e-16 2.295655432778893438e-16
2387 15.08870998211120273 3.873838307035641915 4.511717696643360063e-16 5.257952814870881476e-16 0.3062938229857737338 1.473059011753652484e-16 2.218185447871254794e-16
2388 15.09486960779772247 3.875725149206195486 4.519177323620593572e-16 5.270108422682266556e-16 0.3063313564228866692 1.211080442236493112e-16 1.973479227419033302e-16
2389 15.10102908880086581 3.877612156269565347 4.524379480416503238e-16 5.280474908173577461e-16 0.3063652161676801433 8.445966749436147519e-17 1.683051764932606905e-16
2390 15.10718842727595224 3.87949930902501583 4.526686534766813538e-16 5.289290457324490403e-16 0.3063958531280859265 3.745705713724838553e-17 1.431281964369471662e-16
2391 15.11334762537274123 3.881386593252300177 4.525727176288542951e-16 5.297396144606574515e-16 0.3064240760242528117 -1.557637853537008735e-17 1.316059181784347044e-16
2392 15.11950668523439134 3.883274001212663862 4.521615101436320065e-16 5.30567837574574232e-16 0.3064509373699879635 -6.676612685030560221e-17 1.344752988974318184e-16
2393 15.12566560899739798 3.88516153251504015 4.514948626369090566e-16 5.314744818282673058e-16 0.30647763037482606 -1.082432635148894378e-16 1.472114301442258801e-16
2394 15.13182439879249053 3.887049194407651509 4.506887411112144808e-16 5.324487386422289139e-16 0.3065053956188215634 -1.308924008674428945e-16 1.581930383648047005e-16
2395 15.13798305674629319 3.888937001450105679 4.498923976523581911e-16 5.333796804611382661e-16 0.3065354204387100712 -1.293074299886169285e-16 1.511630349108217604e-16
2396 15.14414158498342822 3.890824974381787538 4.492298362868658709e-16 5.341115217122624697e-16 0.3065687084111033966 -1.075865965308655046e-16 1.188362520214813714e-16
2397 15.150299985628644 3.892713138412664975 4.48798663717590103e-16 5.344716914105592036e-16 0.3066059855579255644 -7.001515143094831012e-17 5.848548299220928324e-17
2398 15.15645826080856828 3.894601521037340586 4.486571855415900794e-16 5.343367085055379438e-16 0.3066476229325358349 -2.297412918352472538e-17 -2.19193856268386192e-17
2399 15.16261641265274918 3.896490140608065644 4.488168569338362419e-16 5.337093340845561767e-16 0.3066921359784876566 2.59289700804324525e-17 -1.018790677655153568e-16
2400 15.16877444329380076 3.898379008349815766 4.49254887481303169e-16 5.327262393155632429e-16 0.3067383672884985701 7.113297134716882122e-17 -1.596474319855485117e-16
2401 15.17493235486660907 3.900268126506258426 4.499205734745997018e-16 5.316355393157297358e-16 0.306784858351702161 1.081046108543784457e-16 -1.771251013664418603e-16
2402 15.18109014950677782 3.902157488197852686 4.507892725660742078e-16 5.307103408529940518e-16 0.306830127600897451 1.410757158196575411e-16 -1.502511475914232759e-16
2403 15.18724782934860862 3.904047078932082471 4.518171531397469985e-16 5.302045571399582474e-16 0.3068729387278842369 1.669296565601765537e-16 -8.214018600343438051e-17
2404 15.19340539652303335 3.905936879263926187 4.529776388188306262e-16 5.302458451105791163e-16 0.3069124874964749283 1.884683479360464009e-16 6.705361171443960531e-18
2405 15.19956285315589639 3.907826867926050163 4.542410884804182858e-16 5.308354390269012183e-16 0.3069484780362414789 2.051937974400081082e-16 9.575451900919859418e-17
2406 15.20572020136695635 3.909717024826789622 4.555564890489420864e-16 5.318375834803852115e-16 0.3069811013713270587 2.136347067864995912e-16 1.627586619625862899e-16
2407 15.21187744326978297 3.911607333533922315 4.568623644354113239e-16 5.330386201082470318e-16 0.3070109519024180611 2.120913076012668852e-16 1.950641167753138234e-16
2408 15.21803458097258854 3.913497783095774452 4.580664245674383967e-16 5.342241489825967954e-16 0.3070389197744052279 1.955584162313304784e-16 1.925486467806623825e-16
2409 15.22419161657980524 3.915388369213247621 4.591035573872137519e-16 5.352483726173025984e-16 0.3070660854557687447 1.684495152708505545e-16 1.663528253136387852e-16
2410 15.23034855219406225 3.917279094830944608 4.599155393080635758e-16 5.360697306911215332e-16 0.30709362540062346 1.318829498577702983e-16 1.334058343951250181e-16
2411 15.23650538991816283 3.919169970163423944 4.604940286880931334e-16 5.367234653530663731e-16 0.3071227203254620619 9.396030982174701351e-17 1.061819170723968928e-16
2412 15.24266213185661556 3.921061012049821937 4.60863728626309349e-16 5.373110372394147477e-16 0.3071544461533080583 6.004889716218576013e-17 9.543697504783926762e-17
2413 15.24881878011641057 3.922952242422985236 4.610807264857851578e-16 5.379314041685518372e-16 0.3071896302188579786 3.524662735780638871e-17 1.007652427043306799e-16
2414 15.25497533680686857 3.924843687707887607 4.612114865362220895e-16 5.386256570161763531e-16 0.3072290022353231231 2.12394617748838129e-17 1.12768056986496921e-16
2415 15.26113180403861058 3.926735370073468179 4.613541177699111654e-16 5.39397007115740622e-16 0.3072718710433027245 2.3168036474978494e-17 1.252928042440057996e-16
2416 15.26728818392186504 3.928627304226446793 4.615731048897557588e-16 5.402031213173943711e-16 0.3073170247365085705 3.557125390452668425e-17 1.309414588557724891e-16
2417 15.27344447856450849 3.930519497057667344 4.619211190720625379e-16 5.409816147752742079e-16 0.3073631939797371593 5.653057598524550888e-17 1.264565808295273873e-16
2418 15.27960069007025368 3.932411946606541697 4.624005430934665481e-16 5.416933027479913722e-16 0.3074089412144470068 7.787749528131652828e-17 1.15606382372618468e-16
2419 15.28575682053737061 3.934304642693760012 4.629538851990664359e-16 5.42305487607903308e-16 0.307452931608270863 8.988587956508315423e-17 9.944440163278419442e-17
2420 15.29191287205822469 3.936197568946115943 4.634700933417885401e-16 5.428446865022489297e-16 0.307494159162141234 8.385481927858501766e-17 8.758952464821575852e-17
2421 15.29806884671970657 3.938090705624373467 4.638125776747393627e-16 5.433597870927680672e-16 0.3075320771466128478 5.563513691968309406e-17 8.367592068820753503e-17
2422 15.30422474660443655 3.939984032617344756 4.638930125079111708e-16 5.439175615442258068e-16 0.3075666251080396152 1.306645406294277856e-17 9.060917963098689904e-17
2423 15.31038057379246808 3.941877532117121774 4.63698491719991787e-16 5.445638313306283078e-16 0.3075981770963112094 -3.159981810313030454e-17 1.049862480730692286e-16
2424 15.3165363303631068 3.943771190717216157 4.633152185091412176e-16 5.453441880558651551e-16 0.3076274479542789875 -6.226326103200810476e-17 1.267700248960299889e-16
2425 15.3226920183964328 3.945665000871542372 4.628852088740352514e-16 5.462758279053001038e-16 0.3076553895326004651 -6.98564116836553487e-17 1.513478107228490088e-16
2426 15.32884763997421018 3.947558961759511043 4.626094526873901977e-16 5.473543276775220233e-16 0.3076830942594219187 -4.479792444875882717e-17 1.752074972526187403e-16
2427 15.33500319718000071 3.949453079604446248 4.626013566548611812e-16 5.48567155485099736e-16 0.3077117063734898239 -1.315252897822018637e-18 1.970317291528939965e-16
2428 15.34115869209846927 3.951347367405315669 4.629308542542550315e-16 5.498606533302556968e-16 0.3077423266423920389 5.352954171694233784e-17 2.101391542470583508e-16
2429 15.34731412681405338 3.953241843921753595 4.635656753439850132e-16 5.511921401498118825e-16 0.3077758910638423995 1.031327782965164595e-16 2.163128118891617741e-16
2430 15.35346950340930761 3.955136531961305657 4.643958866163462785e-16 5.524809596202298183e-16 0.3078130574908977679 1.348770165717281238e-16 2.093829978664630804e-16
2431 15.35962482396327111 3.957031457131195307 4.653242559064039007e-16 5.536317109862843641e-16 0.3078542810652716843 1.508251961054451879e-16 1.869539442036312003e-16
2432 15.36578009055021887 3.958926636472838378 4.662672649687153354e-16 5.545217126996082094e-16 0.3078981704871861513 1.532049018573494439e-16 1.445931227939998594e-16
2433 15.37193530523903817 3.960822080614148089 4.672010492287736732e-16 5.550862019071761638e-16 0.307943684072381596 1.517074330517761782e-16 9.170984383503555099e-17
2434 15.37809047009335117 3.962717792022616425 4.681470049904422317e-16 5.553368920632966951e-16 0.3079894962427775496 1.536860712040844062e-16 4.072873885322067793e-17
2435 15.38424558717232493 3.964613764807160656 4.691321482268445071e-16 5.553538142989645028e-16 0.3080342491186729981 1.600539098310267766e-16 2.74931591837413659e-18
2436 15.39040065853198236 3.966509986034338908 4.702018583438706307e-16 5.552752121124772044e-16 0.3080767985490467376 1.737945253989821639e-16 -1.277040338167427088e-17
2437 15.39655568622672988 3.968406438119278956 4.713268731567127802e-16 5.552909648634649606e-16 0.3081163887373395416 1.827810489711754884e-16 2.55934794534068106e-18
2438 15.40271067231076074 3.970303101678639202 4.724317165087101423e-16 5.555744671128711033e-16 0.3081527273447811632 1.795049472672988072e-16 4.606087934349066933e-17
2439 15.40886561883907113 3.972199958293591404 4.733927793621738903e-16 5.562486099081391889e-16 0.3081859709180393425 1.561457446352448775e-16 1.095292866415983998e-16
2440 15.41502052786786869 3.974096992824149854 4.740626105615069319e-16 5.573237166550581578e-16 0.308216652042199335 1.088293999746317567e-16 1.746756829069255151e-16
2441 15.42117540145431853 3.975994195126374642 4.743439902772608477e-16 5.587186808168681061e-16 0.3082455823633655778 4.571681904777079564e-17 2.266450656995996628e-16
2442 15.42733024165568878 3.977891561171988499 4.742222498987408595e-16 5.602387902034320705e-16 0.3082737555224071002 -1.977971713568209331e-17 2.469791374649261392e-16
2443 15.43348505052807695 3.979789093621437068 4.73785914577710135e-16 5.616222100309630265e-16 0.3083022583618555967 -7.089373618665897766e-17 2.247716276021141046e-16
2444 15.43963983012499241 3.981686801856810121 4.732001247147859148e-16 5.625894380607584608e-16 0.3083321831585680295 -9.517683695570202662e-17 1.571514126777121607e-16
2445 15.44579458249606319 3.983584701374288439 4.726731790125135493e-16 5.62908555670283647e-16 0.3083645235388770001 -8.561641905466050024e-17 5.184918838318894084e-17
2446 15.45194930968613534 3.985482812346336168 4.723573826664934583e-16 5.624915123727419636e-16 0.3084000395473205369 -5.130975324189931021e-17 -6.776008955685987552e-17
2447 15.45810401373492127 3.987381159107502793 4.722997830532289837e-16 5.614477763837459313e-16 0.3084394076752985936 -9.358664581757842093e-18 -1.695840384912245822e-16
2448 15.46425869667726793 3.989279761921564305 4.724871355390743465e-16 5.600829920146353569e-16 0.3084819667134395815 3.044073403567554773e-17 -2.217479944751326493e-16
2449 15.47041336054397398 3.991178634209448628 4.728177036504480008e-16 5.588305823858425032e-16 0.3085266049736410388 5.371032994973040958e-17 -2.034900889718520062e-16
2450 15.47656800736299409 3.993077782206509774 4.731740228100973967e-16 5.580898427428007285e-16 0.3085721549975447009 5.789447222126568571e-17 -1.203548266376519602e-16
2451 15.4827226391607855 3.994977204041703089 4.734853629223333259e-16 5.581209280676332616e-16 0.3086172996362107623 5.058641683820974988e-17 5.050731138488219589e-18
2452 15.4888772579635301 3.99687689033791127 4.737618131239596896e-16 5.589657857104357646e-16 0.3086608192272417561 4.491759817389782599e-17 1.372723763277723433e-16
2453 15.49503186579799419 3.998776826076902768 4.740890615894738165e-16 5.604364343979394267e-16 0.3087017971039623943 5.317137171037565845e-17 2.389511831500007293e-16
2454 15.50118646469186245 4.000676993192977982 4.745836308431717596e-16 5.621919040273438937e-16 0.3087397380286410753 8.035776460500077504e-17 2.85229245846051191e-16
2455 15.50734105667347151 4.00257737331848773 4.753290462545132202e-16 5.638738242296145441e-16 0.3087745929006571188 1.211154216407375185e-16 2.732791291469097778e-16
2456 15.5134956437709981 4.004477826891819525 4.763340400274687813e-16 5.651861731250501108e-16 0.3088066857481688299 1.633024876687074269e-16 2.132449424871894782e-16
2457 15.51964982909482771 4.006378184898292893 4.775269670275146646e-16 5.660042662482016417e-16 0.3088366727939238499 1.938685259962528337e-16 1.329524001946091086e-16
2458 15.52580310742567349 4.008278440199018355 4.787640795064139406e-16 5.663723312715479777e-16 0.3088654697661116777 2.010789428151099942e-16 5.982489631626427639e-17
2459 15.53195547953177069 4.010178591896901956 4.798799018068884062e-16 5.664622025363211642e-16 0.308894090823612133 1.813912622921751315e-16 1.460972966222209033e-17
2460 15.53810694618112365 4.012078645609120642 4.807354353313041577e-16 5.665292711301167992e-16 0.3089235950240653006 1.390984319688072156e-16 1.090446600288697868e-17
2461 15.54425750814150398 4.013978613172866972 4.812428667717168899e-16 5.667871534535943952e-16 0.3089549941991663329 8.251376535083715711e-17 4.193441681550841624e-17
2462 15.55040716618043994 4.015878511635727399 4.814253004459427478e-16 5.67350909512729467e-16 0.3089891365748599905 2.967001899478328596e-17 9.168621447733508756e-17
2463 15.55655592106522711 4.017778361859094538 4.813890976742470318e-16 5.682157221626768376e-16 0.3090266437070553485 -5.888685798714589623e-18 1.406690629406613967e-16
2464 15.5627037735629159 4.019678186355220006 4.812786696676908111e-16 5.692725088346225104e-16 0.3090677856409734803 -1.796468017371658389e-17 1.719204680534105332e-16
2465 15.56885072444032581 4.021577999922882896 4.812708730396372326e-16 5.70392370807865208e-16 0.3091113089434660011 -1.268559159704162568e-18 1.822084052230911931e-16
2466 15.57499677446404185 4.023477811335056664 4.815106488321033515e-16 5.714414932665513273e-16 0.3091562340776659035 3.901870498661917118e-17 1.707236551666932847e-16
2467 15.58114192440042167 4.025377621851000676 4.820406138111388179e-16 5.723713293428311666e-16 0.3092013387688408721 8.625380249405186751e-17 1.513343342446105066e-16
2468 15.5872861750155991 4.027277425148813705 4.828730155883167299e-16 5.731799946365086506e-16 0.3092453890469327726 1.354963493973652908e-16 1.316325819835888332e-16
2469 15.59342952707548946 4.029177208612656713 4.839449754948516791e-16 5.739391002065639954e-16 0.3092873597817865083 1.745165465402613252e-16 1.23583430441683716e-16
2470 15.59957198134579315 4.031076955558171804 4.851725082270002032e-16 5.747093755753982392e-16 0.3093265875992670111 1.998732052699687579e-16 1.254202049992887801e-16
2471 15.60571353859200094 4.032976647841386431 4.864781869905800538e-16 5.755092164337006593e-16 0.3093628335965177834 2.126283744146028514e-16 1.302532186591860453e-16
2472 15.61185419957939047 4.034876268362450169 4.877709976763324548e-16 5.763330204386662103e-16 0.3093962665238622067 2.105635283777337477e-16 1.341751579631306008e-16
2473 15.61799396507302973 4.036775803152315767 4.889369265967867785e-16 5.77122591665105437e-16 0.3094273951450570159 1.899256337421032154e-16 1.286183170647854531e-16
2474 15.62413283583777179 4.038675242915679142 4.898701414816960255e-16 5.777917157289834577e-16 0.3094569798985319364 1.520394936709942924e-16 1.090137818418922768e-16
2475 15.63027081263825124 4.040574584029307026 4.904971031462418664e-16 5.782997433382510888e-16 0.3094859443389826326 1.021595443936082926e-16 8.277997210523718169e-17
2476 15.63640789623888061 4.042473829033460753 4.907400374158225815e-16 5.786523803743627294e-16 0.3095152926458134002 3.959040112176360461e-17 5.746839148773962116e-17
2477 15.64254408740384328 4.044372986609173104 4.905935502343264009e-16 5.789449869196944782e-16 0.3095460258794696107 -2.387612563292027483e-17 4.769230021357242671e-17
2478 15.64867938689708282 4.046272070940858612 4.901020867050996103e-16 5.792787883180660537e-16 0.3095790417781105197 -8.011587790411269567e-17 5.441460146235010505e-17
2479 15.6548137954822959 4.048171100297889957 4.893847201943560144e-16 5.797533647646024161e-16 0.3096150073425059102 -1.16958401232082921e-16 7.737425934724041396e-17
2480 15.66094731392292516 4.050070096720062907 4.886022271261579146e-16 5.804288134822024928e-16 0.3096545386705016889 -1.275950429482690733e-16 1.10140155400990445e-16
2481 15.6670799429821539 4.051969077480493731 4.879192205161245641e-16 5.812870470917466967e-16 0.3096968599345167328 -1.113887022182435942e-16 1.399657434684981036e-16
2482 15.67321168342289539 4.05386805380740789 4.874862980651423539e-16 5.822434972125510492e-16 0.309740986366689619 -7.061374335582680876e-17 1.560060542249566494e-16
2483 15.67934253600778938 4.055767030271198337 4.874017972917662245e-16 5.831781083680458632e-16 0.3097858326365757198 -1.378486934298606218e-17 1.524659733899189431e-16
2484 15.68547250149920202 4.057666004088519074 4.87687271615736269e-16 5.839496925169428675e-16 0.3098301992424986606 4.657703327318249332e-17 1.258890819897568069e-16
2485 15.69160158065921884 4.05956496578613546 4.882817823639893288e-16 5.844665543733361331e-16 0.3098729943164641454 9.701239679857755658e-17 8.434163326704595061e-17
2486 15.69772977424964644 4.061463900963651064 4.890966927671626389e-16 5.847092177275136305e-16 0.3099134130435322043 1.329964642092373849e-16 3.960357847081309234e-17
2487 15.70385708303201611 4.063362792666150192 4.899987819236357371e-16 5.847448845488172372e-16 0.3099510374256123635 1.472456114960338616e-16 5.821800290230836481e-18
2488 15.70998350776758379 4.065261623858549278 4.908524632829926962e-16 5.847042696169369695e-16 0.3099858531649776761 1.393642286742679611e-16 -6.630423157440025265e-18
2489 15.71610904921733542 4.067160379623210531 4.915383741613162105e-16 5.847205734844808171e-16 0.3100182047718472167 1.119916858655217807e-16 2.662004161285808868e-18
2490 15.7222337081419905 4.069059048882082585 4.919953668933844562e-16 5.848959543987034333e-16 0.3100487181781692581 7.462595717101870378e-17 2.863933641605633397e-17
2491 15.72835748530200561 4.070957625593401019 4.922174926610214962e-16 5.852858403068117216e-16 0.3100782151253365093 3.6277892355695109e-17 6.367671412381542804e-17
2492 15.73448038145757977 4.072856109448102835 4.922540987929078341e-16 5.858872883618618331e-16 0.3101076315839201292 5.979424493187097081e-18 9.824346486297245693e-17
2493 15.74060239736865441 4.074754506083181127 4.922268203742597664e-16 5.866602431883033336e-16 0.3101379389183308577 -4.456430431949396427e-18 1.262763599133925562e-16
2494 15.74672353379491518 4.076652826757327652 4.922093457760292786e-16 5.875717488856604899e-16 0.3101700560539139562 -2.855206281267376026e-18 1.489325681867678752e-16
2495 15.75284379149579728 4.078551087351744542 4.922753745631948274e-16 5.885841867630356175e-16 0.3102047391598963255 1.079011109432313557e-17 1.654477939385757787e-16
2496 15.75896317123047652 4.080449307316487584 4.924668813309717034e-16 5.896901299357846512e-16 0.3102425726301283881 3.129961406722681141e-17 1.807538965289225962e-16
2497 15.76508167375787295 4.082347506565072948 4.928060143759538735e-16 5.908526872795213009e-16 0.3102836335767694131 5.543539938785341322e-17 1.900340636657992663e-16
2498 15.7711992998366437 4.084245698183273987 4.933138125298757669e-16 5.920349567209013203e-16 0.3103268071489234115 8.301763545456211258e-17 1.932839116005364006e-16
2499 15.77731605022517769 4.086143889637011917 4.940060151112013262e-16 5.931752062762627397e-16 0.3103711753560648989 1.131812749064014212e-16 1.864409377672559744e-16
2500 15.78343192568159026 4.088042081531426675 4.948709496083790946e-16 5.942065351337214672e-16 0.3104156167493972718 1.414446959653063405e-16 1.686555423092418735e-16
2501 15.78954692696371609 4.089940267652554695 4.95871813293526799e-16 5.950731595867755744e-16 0.3104590160559442813 1.636968848515320846e-16 1.417413034425246729e-16
2502 15.7956610548291021 4.091838436203869556 4.969394903221589983e-16 5.95754938372549843e-16 0.3105004596377837767 1.746495103953564545e-16 1.115246726680702007e-16
2503 15.8017743100350021 4.093736571852642392 4.980023620884800346e-16 5.962779854493440127e-16 0.3105393681263547978 1.738882713287664471e-16 8.557170760318183921e-17
2504 15.80788669333836793 4.095634658092878411 4.989918343713073557e-16 5.966784990097998402e-16 0.3105755484610518979 1.619030212704801862e-16 6.553428188236975557e-17
2505 15.81399820549584767 4.09753267949808464 4.998714911221741651e-16 5.970074155949919125e-16 0.3106091761369498827 1.439548879272642336e-16 5.382684792913373031e-17
2506 15.82010884726378386 4.09943062359458299 5.00603369761466679e-16 5.97285592849977641e-16 0.3106407333598725784 1.197882053848125103e-16 4.552989029140422478e-17
2507 15.82621861939820462 4.101328482246255902 5.01159952937767563e-16 5.975384777871680697e-16 0.3106709292890534324 9.111016379202753649e-17 4.139612735167891423e-17
2508 15.83232752265483079 4.10322625254727047 5.015426765983178567e-16 5.977784658151845063e-16 0.3107006196438223955 6.265904699938245066e-17 3.929054478929189359e-17
2509 15.83843555778907053 4.10512393724788005 5.01757306223944106e-16 5.980309947482307972e-16 0.3107307303522336972 3.514388892140084284e-17 4.134959815787947086e-17
2510 15.84454272555602472 4.107021544695549586 5.017998662047953252e-16 5.983304978035221327e-16 0.3107621782267125932 6.969846356194109116e-18 4.904819590700920238e-17
2511 15.8506490267104887 4.108919088193866642 5.016828041038683955e-16 5.987225450134163837e-16 0.3107957755962473811 -1.917342421019172071e-17 6.421281871930384194e-17
2512 15.85675446200695227 4.110816584634983784 5.014129022674421946e-16 5.992556350462283298e-16 0.3108321112271954512 -4.421307772838136607e-17 8.732638269168929667e-17
2513 15.8628590321996068 4.112714054338054481 5.01010425938266282e-16 5.999547006502599752e-16 0.3108717477477363489 -6.59396667443778509e-17 1.145313391639278055e-16
2514 15.86896273804234525 4.114611512540392368 5.005363254508532509e-16 6.00823882625260817e-16 0.3109138538604668267 -7.768519458140749078e-17 1.42422487736787251e-16
2515 15.87506558028876924 4.116508969112288696 5.000378186707509687e-16 6.018173200062773356e-16 0.31095755105864753 -8.169591326764219621e-17 1.628057578268041204e-16
2516 15.88116755969218374 4.118406427789087942 4.995838659486850306e-16 6.028847181862113516e-16 0.3110018344714993166 -7.44048505783617548e-17 1.749512630393824434e-16
2517 15.88726867700560241 4.120303885626603879 4.992400057262620333e-16 6.039557555473310543e-16 0.3110456093871274419 -5.636816287183166081e-17 1.755725276625413873e-16
2518 15.89336893298174402 4.122201333673169543 4.990818775618384843e-16 6.049573926706420021e-16 0.3110878906582064674 -2.592521951428816637e-17 1.642190838688392344e-16
2519 15.8994683283730307 4.12409875860833619 4.99179617224330316e-16 6.058416709920890212e-16 0.3111279612866067468 1.602674306863281256e-17 1.449984693795175785e-16
2520 15.90556686393158614 4.125996144907303709 4.995734786864686089e-16 6.065892176023474102e-16 0.3111654588309092362 6.459205626643981682e-17 1.225953218409584968e-16
2521 15.91166454040922673 4.127893477081539864 5.002719143577335035e-16 6.07251568529946531e-16 0.3112003881542036443 1.145574058933136874e-16 1.086387869041180864e-16
2522 15.91776135855745977 4.129790741664110421 5.012594778757143131e-16 6.079173595413988759e-16 0.3112330798040653934 1.620029372955498673e-16 1.092183920491412632e-16
2523 15.92385731912747815 4.131687928766059059 5.024914133320777117e-16 6.086736687627509685e-16 0.3112641198649514496 2.021188659577067468e-16 1.240847167304430885e-16
2524 15.92995242287014968 4.133585033158203359 5.038892770444304818e-16 6.095645212336702473e-16 0.3112942722643287641 2.293742868676542604e-16 1.461792365133149468e-16
2525 15.93604667053601531 4.135482054894848325 5.053763880911003785e-16 6.105797588628967415e-16 0.3113244037185864954 2.440530600806846273e-16 1.666128771463477734e-16
2526 15.94214006287528029 4.137378999485505027 5.068278318041270499e-16 6.116381115355547892e-16 0.3113554096163940743 2.382330269584349338e-16 1.73712944245780027e-16
2527 15.94823260063781234 4.139275877557086147 5.081212221261086632e-16 6.126254921195591874e-16 0.3113881303955814417 2.123206547998306347e-16 1.620866404901406295e-16
2528 15.95432428457313634 4.141172703882429751 5.091584762689458284e-16 6.133925849400736113e-16 0.3114232474657391281 1.702976436449200361e-16 1.259422299661628214e-16
2529 15.96041511543043079 4.143069496555471076 5.098603880152032775e-16 6.138460132146100959e-16 0.3114613071769170571 1.152568507456668249e-16 7.445482318934193717e-17
2530 15.96650509395852957 4.144966273433170478 5.102033428323285387e-16 6.139693913153999282e-16 0.3115022718506628707 5.632249419143851694e-17 2.026203458325788508e-17
2531 15.97259422090592018 4.14686304624408919 5.10234640443250848e-16 6.138253493129678303e-16 0.3115451361184171097 5.140635925851142057e-18 -2.365891423376783805e-17
2532 15.97868249702074195 4.14875982149580036 5.100568806091351382e-16 6.135578620164294928e-16 0.3115890431108017666 -2.920114893195288927e-17 -4.39409522543604545e-17
2533 15.98476992305079136 4.150656599413374614 5.098078725485337635e-16 6.133694930426611029e-16 0.3116329610762225144 -4.091101996606864888e-17 -3.094826259122876331e-17
2534 15.99085649974352386 4.152553374039281486 5.095943068424869766e-16 6.134907370109193545e-16 0.3116758741024845403 -3.509287671887409176e-17 1.992267255709503894e-17
2535 15.99694222784605735 4.154450134399017891 5.094981476948116994e-16 6.141048430404451307e-16 0.3117169572721672499 -1.580296465674792315e-17 1.009232726652267919e-16
2536 16.00302710810517226 4.156346866380094873 5.0955198347609675e-16 6.152862800480345929e-16 0.3117556940485315953 8.848699514011563286e-18 1.941864838839605606e-16
2537 16.0091111412673115 4.158243554883434001 5.097538509782134041e-16 6.169752238004419269e-16 0.3117919212709475696 3.318449825382035225e-17 2.776412766537609792e-16
2538 16.01519432807859289 4.160140185869235729 5.100917355048154188e-16 6.189910429149158252e-16 0.3118258120520276955 5.555172180366535052e-17 3.31421577010176031e-16
2539 16.02127666928479499 4.162036748059382063 5.105590507675675091e-16 6.210675941747367056e-16 0.311857819533905678 7.684215135889208098e-17 3.414540010354699928e-16
2540 16.0273581656313695 4.163933234198450073 5.111406968424406849e-16 6.229349884857777809e-16 0.3118886044934154333 9.565521142716823417e-17 3.071042775960803194e-16
2541 16.03343881786343417 4.165829641865996358 5.118202046794049212e-16 6.243758774487950916e-16 0.3119189616790262742 1.117646709543939127e-16 2.369957667492214321e-16
2542 16.03951862672576567 4.167725973855140431 5.125447876475341154e-16 6.252795067601167722e-16 0.3119497485590119745 1.191950966455363761e-16 1.486485162255735438e-16
2543 16.04559759296280674 4.169622238093265487 5.132830438726964418e-16 6.256406873600114262e-16 0.3119818100300500996 1.214611913051932331e-16 5.942303558617012933e-17
2544 16.0516757173186555 4.171518447012811492 5.139951145195464962e-16 6.255896925701414995e-16 0.3120158879226424542 1.171692385002196463e-16 -8.391050414684389836e-18
2545 16.05775300053705479 4.173414616247624664 5.146533194857236142e-16 6.253263145408656175e-16 0.3120525099349530929 1.083207700959475864e-16 -4.334411379970758413e-17
2546 16.06382944336139929 4.175310764574425626 5.152624361880613732e-16 6.250676792000601764e-16 0.3120921944221806132 1.002561696280904174e-16 -4.256949202032515136e-17
2547 16.06990504653472485 4.177206905654453628 5.158606268847313391e-16 6.250034661136445705e-16 0.3121341005710926431 9.847142548710971738e-17 -1.057046555465954812e-17
2548 16.07597981079969784 4.179103048322253322 5.164846161120104981e-16 6.252277074711383638e-16 0.3121774346476611783 1.02732436502671507e-16 3.691868386968307424e-17
2549 16.08205373689861517 4.18099919575778145 5.171615964334798906e-16 6.257201210197911761e-16 0.3122212661571186487 1.114721614850265328e-16 8.108123806864042628e-17
2550 16.08812682557340779 4.182895345040371637 5.178970183085890729e-16 6.26394015667503012e-16 0.3122645906363084034 1.21111883375667323e-16 1.109793612938701301e-16
2551 16.09419907756562651 4.184791487799372156 5.186922286706037595e-16 6.271140620894463214e-16 0.3123065102325295883 1.309760944331343387e-16 1.185961258323554434e-16
2552 16.10027049361644202 4.186687611727993641 5.195367897885895604e-16 6.277822142561129549e-16 0.3123463759741667567 1.391236092270030101e-16 1.100639598010367907e-16
2553 16.10634107446665197 4.188583702562588051 5.204234899854198257e-16 6.283436590319982515e-16 0.3123838646225645665 1.460852134263266701e-16 9.249888542429044308e-17
2554 16.11241082085667387 4.190479746125816973 5.213321343842872034e-16 6.28804314287390384e-16 0.3124189894245829602 1.497211194647146765e-16 7.590408372140750488e-17
2555 16.11847973352654861 4.192375730138329537 5.222035022750463986e-16 6.291799909371576854e-16 0.3124520621947246002 1.435986235121843291e-16 6.191030259934263329e-17
2556 16.12454781321594055 4.194271645642982271 5.229809244292633764e-16 6.295100415079855601e-16 0.3124836296588959228 1.281342422332242012e-16 5.439873248051206685e-17
2557 16.13061506066414452 4.196167487997460199 5.236349360039213384e-16 6.298307730616439969e-16 0.3125144024699975653 1.078085611812363096e-16 5.287002350597041975e-17
2558 16.13668147661007879 4.198063257444129448 5.241653322159736365e-16 6.301562743429344298e-16 0.3125451856200669454 8.744353530926172738e-17 5.366362379097866814e-17
2559 16.14274706179229213 4.199958959255212676 5.246082622829658033e-16 6.304969245739472211e-16 0.3125768084793175694 7.303346228319034962e-17 5.616883488487807321e-17
2560 16.14881181694897094 4.201854603395727139 5.250194986478203174e-16 6.308829340889691651e-16 0.3126100452871768409 6.781685227376865549e-17 6.365670085078622553e-17
2561 16.15487574281793215 4.203750203592715451 5.254779330267783259e-16 6.313370893441272887e-16 0.312645517191836253 7.561059222063196262e-17 7.490482690383652734e-17
2562 16.16093884013663029 4.20564577666153383 5.260383110884581217e-16 6.319253226125553144e-16 0.3126837345474842156 9.243700913822717137e-17 9.703185711106079019e-17
2563 16.16700110964214687 4.207541338820953492 5.266984489942270395e-16 6.327108427945412624e-16 0.3127246000612758925 1.089077250993736406e-16 1.295929460982695701e-16
2564 16.17306255207119747 4.209436900721159169 5.273844901574670721e-16 6.337440694231581599e-16 0.3127671960061657042 1.131966046311035601e-16 1.704821116294371412e-16
2565 16.17912316816013174 4.211332468174560084 5.28014820084791301e-16 6.350281608604742134e-16 0.3128107247533716828 1.040184357703896757e-16 2.11903603027033922e-16
2566 16.18518295864492273 4.213228041223406883 5.284831363184074422e-16 6.36524753334918519e-16 0.3128542343539966741 7.729309972657090377e-17 2.470046158427142971e-16
2567 16.19124192426116693 4.215123614263150742 5.287132818187464938e-16 6.381227922560406172e-16 0.3128967927029295826 3.7989456170387715e-17 2.637836910263481168e-16
2568 16.1973000657440771 4.217019177126585028 5.287020416717330465e-16 6.396750536665132493e-16 0.3129376461693526013 -1.855630966848822897e-18 2.562621590680029977e-16
2569 16.20335738382848589 4.218914716808176202 5.284883760407564507e-16 6.410302463069689121e-16 0.3129763254211071488 -3.527875712721182822e-17 2.237585511749844317e-16
2570 16.2094138792488387 4.220810219432044263 5.281533906260044114e-16 6.42082004015034394e-16 0.3130126858542505719 -5.531761500785697087e-17 1.736813766037619541e-16
2571 16.21546955273917945 4.222705672124611453 5.277999445569615433e-16 6.427963984574253644e-16 0.3130468920687591861 -5.837402002258140559e-17 1.179870965804740483e-16
2572 16.22152440503316484 4.224601064577484522 5.275615906453732668e-16 6.432210114142689859e-16 0.3130793669110614186 -3.937110313366660868e-17 7.013721908059572919e-17
2573 16.2275784368640501 4.226496390209799614 5.275496002698539688e-16 6.434254420973308982e-16 0.3131107254800606365 -1.980828578269056694e-18 3.377226498315243662e-17
2574 16.23363164896468902 4.228391646918510993 5.278444992904439645e-16 6.434877394150901505e-16 0.3131417071738182845 4.872436663961478578e-17 1.029300587398044337e-17
2575 16.23968404206753391 4.23028683742372813 5.284584781583733426e-16 6.434893121819634838e-16 0.313173108857269622 1.014577005914629549e-16 2.598938153625964363e-19
2576 16.24573561690463563 4.232181969181247894 5.293335240980401276e-16 6.434687350753831661e-16 0.3132057133705268837 1.446175901373596273e-16 -3.400748955846231683e-18
2577 16.2517863742076436 4.234077053776807098 5.303762353761836457e-16 6.434537311584400229e-16 0.3132402038514622844 1.723506666083481604e-16 -2.480010661721762015e-18
2578 16.25783631470780577 4.235972105694272294 5.314370617845256906e-16 6.434487914380670568e-16 0.3132770601712331349 1.753685877914748213e-16 -8.166008868923563546e-19
2579 16.26388543913596862 4.237867142326350312 5.323441314106656578e-16 6.435071113250699815e-16 0.3133167642292813415 1.499707791301201284e-16 9.642345681694414231e-18
2580 16.26993374822258787 4.239762176097959134 5.32977153760356417e-16 6.437031648624062001e-16 0.3133584957212497968 1.046751431182425621e-16 3.241896923470318876e-17
2581 16.27598124269771418 4.241657215042092588 5.332758971281411346e-16 6.441122087753607193e-16 0.3134015291356864741 4.940617635996863642e-17 6.764767985397933036e-17
2582 16.28202792329101101 4.243552261975090723 5.332453335671893633e-16 6.447937843299257505e-16 0.3134450021567256606 -5.055281355640297225e-18 1.127341214882766268e-16
2583 16.28807379073174033 4.245447314113037329 5.329443443865192871e-16 6.457495240977868607e-16 0.313487988547141494 -4.979097457707371075e-17 1.581027410285423334e-16
2584 16.29411884574877334 4.247342363683938693 5.324750704099945075e-16 6.469226090370440917e-16 0.3135296628549297249 -7.763982214799591454e-17 1.940830103618714421e-16
2585 16.30016308907058686 4.249237399321142306 5.319725710490113313e-16 6.481985061784279658e-16 0.3135694297524699303 -8.31480078691203869e-17 2.111212745512871748e-16
2586 16.30620652142526339 4.25113240787837654 5.315757594091946808e-16 6.494002982916627489e-16 0.3136069939670005358 -6.566878289753694984e-17 1.98885862845285916e-16
2587 16.31224914354049105 4.253027376304420848 5.31414918872468775e-16 6.503858361437179179e-16 0.3136423703514658046 -2.662123890509597091e-17 1.631195663956135224e-16
2588 16.31829095614355296 4.254922293310221981 5.315624678721341402e-16 6.510620228036443001e-16 0.313675849735819523 2.442458308518261422e-17 1.119328310860592319e-16
2589 16.3243319599613379 4.256817150685265005 5.320426133300152722e-16 6.513975460730829954e-16 0.3137079410419772452 7.949170474589895339e-17 5.554840982419147648e-17
2590 16.33037215572032963 4.258711944219065515 5.328050010580739744e-16 6.51455360806607304e-16 0.3137393060461015071 1.262359156669742061e-16 9.572945047355456213e-18
2591 16.33641154414659979 4.260606674230148272 5.337357155562433308e-16 6.51357288268987224e-16 0.313770694479020007 1.541279932993708679e-16 -1.62409884566025756e-17
2592 16.34245012596581148 4.262501345694984956 5.3469676696316071e-16 6.512473507705805976e-16 0.3138028778276195641 1.591730824198466223e-16 -1.820827727731626978e-17
2593 16.34848790190321921 4.264395967921033481 5.355585078196682724e-16 6.512693694219044322e-16 0.3138365738308369624 1.427439170818060128e-16 3.647301291431233977e-18
2594 16.35452487268365473 4.266290553664080498 5.362447785848558547e-16 6.515286467698493827e-16 0.3138723543815887251 1.13693149863096251e-16 4.295397658088170323e-17
2595 16.36056103903153058 4.268185118550775314 5.367594840352477285e-16 6.520953237587759194e-16 0.3139106959960755172 8.528161125553699805e-17 9.389278205679302053e-17
2596 16.36659640167084007 4.270079677479555968 5.371979877045789469e-16 6.529890418312288314e-16 0.3139514790321685234 7.266539639183827158e-17 1.480999648107634972e-16
2597 16.37263096132515727 4.271974240228916031 5.376932667080842998e-16 6.541887874689523159e-16 0.3139938559219512815 8.208467316289351669e-17 1.988388925315754346e-16
2598 16.37866471871762997 4.273868812097401992 5.38355258076285178e-16 6.556086526221565545e-16 0.3140370847290507861 1.097291915094810607e-16 2.353514906652399882e-16
2599 16.38469767457098314 4.275763393065166618 5.392115810664801394e-16 6.571378299426583527e-16 0.3140802841255088129 1.419597117461740798e-16 2.535043133407003967e-16
2600 16.39072982960751901 4.277657977919622212 5.402276616051927393e-16 6.586584558894522275e-16 0.3141225931486451572 1.684663808631550513e-16 2.521201225126945669e-16
2601 16.39676118454912057 4.279552557255883904 5.413146014084830177e-16 6.600536779286549615e-16 0.314163316274825799 1.802387509760183269e-16 2.313587899889994308e-16
2602 16.4027917401172445 4.281447119060980633 5.423803047781510084e-16 6.612608118255496354e-16 0.3142020203446990734 1.767406853326291797e-16 2.001961130064620022e-16
2603 16.4088214970329318 4.283341650522992872 5.433519705755343625e-16 6.622673975610916433e-16 0.3142385720453204634 1.611664302215903042e-16 1.669584646759723614e-16
2604 16.41485045601680426 4.285236139757519602 5.441981282384678687e-16 6.631272269378093971e-16 0.3142731243948799214 1.403674444881105426e-16 1.426354184245709376e-16
2605 16.42087861778906799 4.287130577254982811 5.449141313101351224e-16 6.63937341674878494e-16 0.3143060706161729945 1.187920489888113978e-16 1.344061126838172706e-16
2606 16.42690598306950633 4.289024956962629531 5.455487081511382118e-16 6.647887178304268493e-16 0.3143379836801027949 1.052965273465482023e-16 1.41270444889200487e-16
2607 16.43293255257748697 4.290919276985712294 5.461431983003597874e-16 6.657525218839157654e-16 0.3143695532239547119 9.865788268590364765e-17 1.599469181546961052e-16
2608 16.43895832703196547 4.292813539908852505 5.467343511516188067e-16 6.668778136121223985e-16 0.3144015225888606713 9.811697956398302535e-17 1.867710276028152869e-16
2609 16.44498330715147105 4.294707752707979331 5.473373861426045875e-16 6.681592231394306684e-16 0.3144346208892890293 1.001023110291634852e-16 2.127107994988249456e-16
2610 16.4510074936541173 4.296601926174158592 5.479292337083311355e-16 6.695279135936983898e-16 0.3144694819685562859 9.825815888644915184e-17 2.27229124372116128e-16
2611 16.45703088725759855 4.298496073755591951 5.484560452266617908e-16 6.70912980440031687e-16 0.3145065477262545262 8.747241954990769699e-17 2.299781687975347625e-16
2612 16.46305348867918283 4.300390211611492042 5.488627887623137237e-16 6.722241018005787206e-16 0.3145462692403188654 6.754506345902587873e-17 2.177287842047610674e-16
2613 16.46907529863571185 4.302284351189203271 5.490971569687682548e-16 6.734100385903262933e-16 0.3145878649963302354 3.892500561159373826e-17 1.969661196553234309e-16
2614 16.4750963178435974 4.304178499892468146 5.491895812877666492e-16 6.744286810889160197e-16 0.3146306640715230141 1.53522924639961165e-17 1.69203275978468229e-16
2615 16.481116547018825 4.306072660300861443 5.492078031663909454e-16 6.752504080971013452e-16 0.3146738655157254594 3.027171805641957169e-18 1.365122050479555653e-16
2616 16.48713598687694315 4.307966829824877664 5.492521411937267158e-16 6.758507978059779263e-16 0.3147166106507469086 7.366771299573152251e-18 9.975485924123335577e-17
2617 16.49315463813306692 4.30986100127182592 5.494429595960463886e-16 6.762382374005355275e-16 0.3147581343850265334 3.170866312932218925e-17 6.438158708721332906e-17
2618 16.49917250150187087 4.311755164127284878 5.498598844594320254e-16 6.764030117172962096e-16 0.3147978841959119256 6.929027484846212516e-17 2.738444909138690391e-17
2619 16.50518957769759254 4.313649306225880942 5.505115938027765249e-16 6.763636550416761549e-16 0.3148355849825977271 1.083241286398738335e-16 -6.541685547770809261e-18
2620 16.51120586743402896 4.315543415482141043 5.513396905687422444e-16 6.761344850221986296e-16 0.3148712492334059809 1.376604133705658691e-16 -3.809656179084776555e-17
2621 16.51722137142453661 4.317437481436561697 5.522509943321199557e-16 6.757702424571016351e-16 0.3149051464924231269 1.515122767692962428e-16 -6.055853443376492066e-17
2622 16.52323609038203145 4.319331496483057364 5.531216556272918386e-16 6.753334619020277931e-16 0.3149377505462188642 1.447739870369314065e-16 -7.262808484642072166e-17
2623 16.52925002501898888 4.321225456732889825 5.5385419987301494e-16 6.748923109876328357e-16 0.314969679103431488 1.218236898186584317e-16 -7.336434962425773979e-17
2624 16.53526317604744378 4.323119362512069408 5.543753580942716935e-16 6.745224583545934448e-16 0.3150016329246116409 8.668102316001021256e-17 -6.151530061824322866e-17
2625 16.54127554417898693 4.325013218480818544 5.546889960345858807e-16 6.743119487079541575e-16 0.3150343330078624327 5.217224591692123961e-17 -3.501732297230168734e-17
2626 16.54728713012477215 4.326907033321875318 5.548211353358698598e-16 6.743466086008686282e-16 0.3150684488700705166 2.198362996620574257e-17 5.766265245060404448e-18
2627 16.55329793459551269 4.328800818908292491 5.548551279880136106e-16 6.747112802448197661e-16 0.3151045119067969469 5.65599302211913606e-18 6.067723885832237218e-17
2628 16.55930795830148128 4.330694589782024373 5.548822819807186411e-16 6.75437783546148867e-16 0.3151429670200587285 4.518703897184838562e-18 1.208976276414775545e-16
2629 16.56531720195251012 4.33258835977265111 5.549715524770930963e-16 6.765026689549756066e-16 0.3151836965890840725 1.485745638748176479e-17 1.772308787545580009e-16
2630 16.57132566625799797 4.334482137949838609 5.551751575657039929e-16 6.778174941045857739e-16 0.3152259092036708288 3.389076923000165031e-17 2.188571809636270093e-16
2631 16.57733335192689239 4.336375929229403958 5.555026783351248019e-16 6.792406435085127672e-16 0.3152689139366371407 5.452402193482968817e-17 2.369188050378488859e-16
2632 16.58334025966771108 4.338269733603827838 5.559282636170972113e-16 6.806412009875088341e-16 0.3153118913854682792 7.085848043063286636e-17 2.331879858661334957e-16
2633 16.58934639018851698 4.340163546257812754 5.563913043639359462e-16 6.818781432733771313e-16 0.3153540409656910848 7.710465464474394665e-17 2.059732505583974388e-16
2634 16.59535174419693604 4.342057358487682706 5.568382714753855554e-16 6.8283129029742251e-16 0.3153947147955991626 7.443772007341701546e-17 1.587367158504998257e-16
2635 16.60135632240014658 4.343951159160465814 5.572157472514820791e-16 6.834562620206279131e-16 0.3154335076861196629 6.287277738987271701e-17 1.040959725532337053e-16
2636 16.60736012550487928 4.34584493638581737 5.574968075810262404e-16 6.83765321458230308e-16 0.3154702927535939505 4.68197543278900002e-17 5.148391793579228868e-17
2637 16.61336315421741361 4.347738679118762661 5.576982581594851415e-16 6.838416347250694379e-16 0.3155052100735347698 3.356248236383436787e-17 1.271409936872689423e-17
2638 16.61936540924357786 4.34963237851067408 5.578871930932388742e-16 6.838265863361390098e-16 0.3155386249028894752 3.14813794878928181e-17 -2.507445463830275647e-18
2639 16.62536689128874556 4.35152602892533924 5.581438443364260148e-16 6.838803432515108253e-16 0.3155710720119327961 4.277014770971006899e-17 8.958426159640064667e-18
2640 16.63136760105783907 4.353419628600907032 5.585548846138184512e-16 6.841577625583654189e-16 0.3156031967734859167 6.850741855393638662e-17 4.623702740323504829e-17
2641 16.63736753925531886 4.355313179954008795 5.591841302337174894e-16 6.847223113789527151e-16 0.3156356955860011304 1.048888262818897305e-16 9.410452976967200543e-17
2642 16.64336670658519068 4.357206689495826346 5.600651832663890455e-16 6.855588181934863962e-16 0.3156692512140308327 1.468814098693862045e-16 1.394550563108511572e-16
2643 16.64936510375100553 4.359100167288024075 5.611672915550357487e-16 6.865599927547488825e-16 0.3157044560579528869 1.837573692271207584e-16 1.669284274602591794e-16
2644 16.65536273145585611 4.360993625856488976 5.624178964165367808e-16 6.875814247265660806e-16 0.3157417216834639828 2.085433178694415349e-16 1.7032783010695706e-16
2645 16.66135959040236969 4.362887080267278783 5.637264890702189868e-16 6.884555861766780954e-16 0.3157814725318462412 2.182409635897707109e-16 1.457885589290603929e-16
2646 16.66735568129272238 4.364780541190054208 5.649968839585891012e-16 6.890810894832976337e-16 0.3158229762640896165 2.118976366766731536e-16 1.043318684760835518e-16
2647 16.67335100482862487 4.366674015530337627 5.660996809378803068e-16 6.894179500760581653e-16 0.3158656056369828491 1.839663883199593494e-16 5.619441092167730069e-17
2648 16.67934556171133664 4.368567505717614985 5.669538484331376189e-16 6.895064419615201795e-16 0.3159086143127107782 1.42508723642091377e-16 1.476392595117174876e-17
2649 16.68533935264165535 4.370461009383464379 5.675034067146598102e-16 6.894204779690630856e-16 0.3159512018639843434 9.169963738270422989e-17 -1.434400536091433731e-17
2650 16.69133237831992034 4.372354519878713042 5.677486752421145737e-16 6.892652400330132623e-16 0.3159926537587249284 4.093088106371453578e-17 -2.590640374029199921e-17
2651 16.69732463944601264 4.374248027452873444 5.677555371859693582e-16 6.891445335902974412e-16 0.3160324519525170017 1.14528031003701916e-18 -2.014629018574836335e-17
2652 16.70331613671935145 4.376141520798708662 5.676054787699524548e-16 6.89136181615417913e-16 0.3160703359637120347 -2.504841861153476708e-17 -1.394148815960655286e-18
2653 16.7093068708389012 4.378034988659992521 5.673994024852890449e-16 6.892813760505834369e-16 0.3161063135876093222 -3.440354916752305293e-17 2.423958631253423753e-17
2654 16.71529684250316095 4.379928421275567807 5.672425709055396002e-16 6.896060852030439152e-16 0.3161406337351718165 -2.618568762564042188e-17 5.421569080094024752e-17
2655 16.72128605241017141 4.381821811532876865 5.672428328989154289e-16 6.901030398234215298e-16 0.3161737380706876599 4.374978939308277198e-20 8.298553315660029778e-17
2656 16.72727450125751147 4.383715155784902784 5.674884909890753346e-16 6.907715580151790215e-16 0.3162062049216139981 4.102719952520385886e-17 1.116487929284413724e-16
2657 16.73326218974229462 4.385608454323016936 5.679914699556042073e-16 6.916188109900105776e-16 0.3162386918892023391 8.401285228970963845e-17 1.415171284750842468e-16
2658 16.73924911856116537 4.387501711491600176 5.687394604049612988e-16 6.926541827064081778e-16 0.316271876056872292 1.249530949183079548e-16 1.729606313368788676e-16
2659 16.74523528841030995 4.389394935394200559 5.696802765323031137e-16 6.93887587638824098e-16 0.3163063857576714488 1.57184867829565806e-16 2.060685246009658371e-16
2660 16.75122069998543495 4.391288137111041046 5.706953530164527719e-16 6.953059492150498642e-16 0.3163427188930380551 1.69613228228088461e-16 2.369997625744173403e-16
2661 16.75720535398178868 4.393181330204859236 5.716741688300594396e-16 6.968549355747971603e-16 0.3163812910335366824 1.635749738387118514e-16 2.588591231874088469e-16
2662 16.76318925109413982 4.395074527631384953 5.725033282297816591e-16 6.984385738606388521e-16 0.3164220015873948633 1.385826291643607233e-16 2.646834340548093128e-16
2663 16.76917239201679166 4.3969677378780192 5.730942754439594093e-16 6.999401712342004561e-16 0.3164641044621828714 9.87812004776830664e-17 2.510031143829646035e-16
2664 16.77515477744357497 4.398860965571302906 5.733807388954768231e-16 7.012093711151760035e-16 0.316506954742886315 4.789052843805223092e-17 2.121829248075941573e-16
2665 16.7811364080678409 4.400754210758893947 5.733750947143998672e-16 7.021412001694859641e-16 0.3165497871355122395 -9.437046665639718458e-19 1.558014200811686873e-16
2666 16.78711728458247521 4.40264746900846049 5.731610276085178177e-16 7.027088452065674136e-16 0.3165918524966917502 -3.57964380323144251e-17 9.492196528988036346e-17
2667 16.79309740767988401 4.404540732251328805 5.728702759199380608e-16 7.029848253007759544e-16 0.3166325423987899623 -4.862580346843693521e-17 4.615537707705418663e-17
2668 16.7990767780520045 4.406433990130721234 5.726616374869433874e-16 7.031157983731728223e-16 0.316671473618927779 -3.489743301698068833e-17 2.190691310029451202e-17
2669 16.80505539639029777 4.408327231555026593 5.726966989628494833e-16 7.032735285116072627e-16 0.3167085225791402836 5.865215123174623562e-18 2.638568883421505108e-17
2670 16.81103326338575243 4.410220446195199706 5.730849725548718114e-16 7.036000220275716456e-16 0.3167438161627951776 6.49600191350315408e-17 5.462391849530558008e-17
2671 16.81701037972888813 4.41211362575474908 5.738573266766815602e-16 7.041938979316816465e-16 0.3167776938196462666 1.292347343837054421e-16 9.937073235874355065e-17
2672 16.82298674610974487 4.414006764931097671 5.749429262634756139e-16 7.050730447256685722e-16 0.3168106560519893811 1.816715440675350228e-16 1.47122343696982714e-16
2673 16.82896236321789374 4.41589986204583429 5.762280864421845094e-16 7.062017260830055441e-16 0.3168433090971891075 2.150943026495133249e-16 1.889048022899357047e-16
2674 16.83493723174243684 4.417792919336354096 5.775859749303228931e-16 7.074548025014690671e-16 0.3168763083144963688 2.272951238077973299e-16 2.09750772735238485e-16
2675 16.84091135237199666 4.41968594287874339 5.789071125454137372e-16 7.087501580013757345e-16 0.3169102964810788237 2.211711074456023217e-16 2.168549340943595405e-16
2676 16.84688472579472318 4.421578942075840679 5.800963245958043076e-16 7.100160686274774434e-16 0.3169458309816948205 1.991103863659569567e-16 2.119520684180028048e-16
2677 16.85285735269829743 4.423471928638166517 5.811163718637290774e-16 7.112242425794084875e-16 0.3169832988336594992 1.708083693714786299e-16 2.023104508345776091e-16
2678 16.85882923376992437 4.425364916665113668 5.819418729679248798e-16 7.123841405075553697e-16 0.3170231008435768216 1.382485869305876617e-16 1.942507995870425623e-16
2679 16.86480036969632934 4.427257916199567767 5.825768880396953037e-16 7.135104518758492574e-16 0.3170645584597607813 1.063607093829903595e-16 1.886495005289696052e-16
2680 16.87077076116376517 4.429150933745896523 5.830593824028663388e-16 7.146336704242296419e-16 0.3171070795611144466 8.082459600366335237e-17 1.881549139766569089e-16
2681 16.87674040885800508 4.431043971638984225 5.834052473852268674e-16 7.157624364288487439e-16 0.3171499660218707883 5.794446471689231204e-17 1.891077306580536118e-16
2682 16.88270931346434267 4.432937027735701641 5.836350647849801384e-16 7.168479506507711756e-16 0.3171924676720700442 3.850723085709226008e-17 1.818841688535884297e-16
2683 16.88867747566759903 4.434830095884423784 5.837292359421647423e-16 7.178115185045003187e-16 0.3172339126490874017 1.578088177782611297e-17 1.614714190546665419e-16
2684 16.89464489615210496 4.436723167012953439 5.836901190150414897e-16 7.185837893920951497e-16 0.3172738110897448394 -6.55589552841749287e-18 1.294305977246633514e-16
2685 16.90061157560171878 4.438616230562926646 5.835347417494869763e-16 7.191102638098506954e-16 0.3173119133211631526 -2.604405827814697533e-17 8.824669663892835237e-17
2686 16.90657751469980852 4.440509275991811222 5.833224142702043051e-16 7.193760982970086344e-16 0.3173482213412438524 -3.559436390912473802e-17 4.456422459996242947e-17
2687 16.91254271412926613 4.442402294130339158 5.83143933462537338e-16 7.194263077279185916e-16 0.3173829647367199525 -2.992404918527743541e-17 8.418101081871252085e-18
2688 16.91850717457250042 4.444295278273959759 5.83123631656469687e-16 7.193353607658143507e-16 0.3174165562247767691 -3.404217298305272386e-18 -1.5250033449841379e-17
2689 16.9244708967114299 4.446188224960977209 5.833832643866515045e-16 7.19205262943007788e-16 0.3174495392227210666 4.354073526139042103e-17 -2.181756844345325866e-17
2690 16.93043388122749704 4.448081134426050909 5.840043760608404483e-16 7.191396025481516349e-16 0.3174825334791468445 1.04174083089230117e-16 -1.101269178099279087e-17
2691 16.93639612880165757 4.449974010712944406 5.850277533270483531e-16 7.192358587150706042e-16 0.3175161779620837565 1.716640651211786695e-16 1.614626927127944138e-17
2692 16.9423576401143805 4.451866861399216724 5.86389735682452737e-16 7.195642603544815736e-16 0.3175510657682200089 2.284907899249175473e-16 5.509377541045614668e-17
2693 16.94831841584565524 4.453759696860589479 5.87981934952508195e-16 7.201408945076169251e-16 0.3175876668591448571 2.671456984353681504e-16 9.675003404295694542e-17
2694 16.95427845667498801 4.455652529784483562 5.896476796702906053e-16 7.209175048120216875e-16 0.3176263697956892007 2.795198884363982813e-16 1.303189038082397425e-16
2695 16.96023776328139832 4.457545372402554662 5.912345862148819905e-16 7.218079245595550615e-16 0.3176670988786114425 2.663232502264971152e-16 1.494350641108508328e-16
2696 16.96619633634342605 4.459438232718210493 5.926079150896444377e-16 7.227128861074781139e-16 0.3177091451735774008 2.305078400313519621e-16 1.518942298211362586e-16
2697 16.97215417653912439 4.461331115134288261 5.936751493161280017e-16 7.235318682876686444e-16 0.3177519047619160042 1.791530764995906605e-16 1.374798273317387782e-16
2698 16.97811128454606333 4.463224019774547635 5.943750843171931645e-16 7.242350313649690989e-16 0.317794659515475697 1.175102013147382387e-16 1.180521543356513439e-16
2699 16.9840676610413297 4.465116942563345681 5.946627181510105062e-16 7.248254264660869696e-16 0.3178367043307937512 4.829599513277983218e-17 9.913200596600921548e-17
2700 16.99002330670152361 4.467009876000278545 5.945606066665723296e-16 7.253782256263560414e-16 0.317877463842928476 -1.714742793863739171e-17 9.283073120919384078e-17
2701 16.995978222202762 4.468902810410797954 5.941228737352562426e-16 7.259773662785235302e-16 0.3179165724456271547 -7.351683840562793562e-17 1.006251148964441702e-16
2702 17.00193240822067864 4.470795735396617232 5.934250977014295738e-16 7.266922421938508446e-16 0.3179539079788207268 -1.172051816691841834e-16 1.200774424242790539e-16
2703 17.00788586543041347 4.47268864124275467 5.925718568161556542e-16 7.275631581812076773e-16 0.3179895845927414588 -1.433360857432406776e-16 1.463053292375555396e-16
2704 17.01383859450662328 4.474581520118673161 5.916797005671852094e-16 7.285670931189247403e-16 0.3180239182998146896 -1.498918021870555528e-16 1.686718187163056853e-16
2705 17.01979059612347811 4.476474366993683951 5.908487197551022343e-16 7.296251099823422147e-16 0.3180573790836971892 -1.396307237786596429e-16 1.777798695961437692e-16
2706 17.02574187095465419 4.478367180241197509 5.901987079318608591e-16 7.306071827481456325e-16 0.3180905387041883525 -1.092356106924709553e-16 1.650390261857433285e-16
2707 17.03169241967334457 4.480259961921253975 5.897893198035328004e-16 7.313949188827280565e-16 0.3181240166861131202 -6.880677108171626457e-17 1.323965599744339744e-16
2708 17.03764224295224494 4.48215271771149748 5.896466345210332812e-16 7.319064717109194355e-16 0.3181584212533530298 -2.398435363407398326e-17 8.598829338895034899e-17
2709 17.0435913414635678 4.484045456425869602 5.897753023546675131e-16 7.32143437925206158e-16 0.318194280012499886 2.163075567331820423e-17 3.983713830636611837e-17
2710 17.04953971587902828 4.485938189056812853 5.901505642873793772e-16 7.322000739947316045e-16 0.3182319597878567885 6.309414141664592899e-17 9.52242651978920871e-18
2711 17.05548736686985123 4.4878309288492364 5.90749782985202236e-16 7.32210998934501981e-16 0.3182718400187407037 1.007610440130895432e-16 1.837072743291192374e-18
2712 17.06143429510677123 4.489723685330057279 5.915513054585055611e-16 7.3231740271444455e-16 0.318313296249405242 1.347956079297084536e-16 1.789439807503737405e-17
2713 17.06738050126002548 4.491616464673255926 5.92546777472653469e-16 7.326236046692071563e-16 0.318355765119486378 1.674332805130457893e-16 5.150159628474740714e-17
2714 17.07332598599936446 4.493509269152514918 5.937393700298428794e-16 7.331553948537169927e-16 0.318398590920089708 2.006122628680476965e-16 8.945522227387238105e-17
2715 17.07927074999404482 4.495402096840626527 5.951118314141376834e-16 7.338854718738929386e-16 0.3184410670536798049 2.308969117736942151e-16 1.228249707019518868e-16
2716 17.08521479391282938 4.497294942034745446 5.966216964641951712e-16 7.34742873628638541e-16 0.3184825581312851761 2.540438515887609124e-16 1.442629883553109544e-16
2717 17.09115811842399069 4.499187796263133698 5.981931371456722683e-16 7.356708946631271243e-16 0.3185225978683944859 2.644362998235127736e-16 1.561639910504856668e-16
2718 17.09710072419530746 4.501080649623343533 5.997055605760530022e-16 7.366193427427204178e-16 0.3185609449678477589 2.545358490528316206e-16 1.596206673160584396e-16
2719 17.10304261189406816 4.502973492192617222 6.010260832109359841e-16 7.375522489920518254e-16 0.3185975954104261487 2.222664171802989472e-16 1.570239874172035333e-16
2720 17.10898378218706739 4.504866315310729341 6.020272555622813611e-16 7.384563746965499946e-16 0.3186327611270843296 1.685346652948055515e-16 1.521980933525373003e-16
2721 17.1149242357406095 4.506759112618318852 6.026131985815892016e-16 7.393284884531855636e-16 0.3186668289629289719 9.864796572093732597e-17 1.468269868134529851e-16
2722 17.12086397322050146 4.508651880802167611 6.027799080975515078e-16 7.401578921082413855e-16 0.3187003114387036429 2.80701963982516601e-17 1.396532366881024041e-16
2723 17.12680299529206351 4.510544620032886698 6.025701163425036307e-16 7.409404761818845024e-16 0.3187337950287792432 -3.532854455959472383e-17 1.317857144148731719e-16
2724 17.13274130262012207 4.51243733407736336 6.020575401859674645e-16 7.416727473764355673e-16 0.3187678854276344564 -8.632726006155448599e-17 1.233279485233651419e-16
2725 17.13867889586900617 4.514330030041327824 6.013481308421785751e-16 7.423611458704885715e-16 0.3188031452598095727 -1.194919492525593598e-16 1.159529101739549815e-16
2726 17.14461577570255457 4.516222717676543041 6.005872350719876674e-16 7.430222797391275205e-16 0.3188400207089616689 -1.281796418020372783e-16 1.113738645755330448e-16
2727 17.15055194278411221 4.518115408890778006 5.999231888390512651e-16 7.436922287206008838e-16 0.3188788756135222946 -1.118778987938302353e-16 1.128723884402840991e-16
2728 17.1564873977765231 4.520008115298919549 5.995421131687211266e-16 7.443919662798090752e-16 0.3189196613491315224 -6.421097493371846124e-17 1.17905272817783189e-16
2729 17.1624221413421445 4.521900844490656546 5.995905889746704839e-16 7.451599544802875608e-16 0.3189617002990187133 8.169116615565493681e-18 1.29420956417636163e-16
2730 17.16835617414283277 4.523793600684676619 6.001645599358362641e-16 7.460109495060342278e-16 0.3190044247790166376 9.67368522607363623e-17 1.434263850440569996e-16
2731 17.17428949683994333 4.525686384082433733 6.012460281679030711e-16 7.469263964556465209e-16 0.3190471579035701888 1.822920500109758908e-16 1.54307538744987367e-16
2732 17.18022211009434486 4.527579190929313491 6.027287057439974692e-16 7.478673479293006155e-16 0.3190892327746353563 2.499496718262856784e-16 1.586255271114398486e-16
2733 17.18615401456639802 4.529472014228121957 6.044331271399729264e-16 7.48784302162877359e-16 0.3191301024699667033 2.873655322671016261e-16 1.545985294590513113e-16
2734 17.19208521091596964 4.53136484490430913 6.061607681445133941e-16 7.496409160826789751e-16 0.3191694162868233264 2.913151070032273305e-16 1.444423783943698701e-16
2735 17.19801569980242917 4.533257673166842139 6.07722175372316261e-16 7.504222931728068004e-16 0.3192070528544226349 2.633161229458018786e-16 1.317716366797269202e-16
2736 17.20394548188464512 4.535150489836753174 6.089782715582333007e-16 7.511124468794741672e-16 0.3192431148180335243 2.118536175624425024e-16 1.164015630895845755e-16
2737 17.20987455782098863 4.537043287488496723 6.098721157398626854e-16 7.517160389162382744e-16 0.3192778973979671364 1.507740093871962338e-16 1.018141565247040596e-16
2738 17.21580292826933345 4.538936061325423488 6.104284287495781843e-16 7.522185085186320229e-16 0.3193118436488239231 9.385026848559422399e-17 8.47668601433847073e-17
2739 17.22173059388704885 4.540828809761522145 6.107461689031918712e-16 7.526170966466579202e-16 0.3193454949883698379 5.360928303951639783e-17 6.724999509350886898e-17
2740 17.22765755533101029 4.542721534696322117 6.109527506360132827e-16 7.529304095191905745e-16 0.3193794394789564728 3.485871445026588278e-17 5.286858527152973732e-17
2741 17.23358381325759225 4.544614241453519554 6.11172625736350034e-16 7.532212272841346386e-16 0.3194142551051928347 3.710624539336885402e-17 4.907856930701790186e-17
2742 17.23950936832267189 4.54650693832726116 6.115026216709554057e-16 7.535662605290870555e-16 0.3194504435467793724 5.569689956211619349e-17 5.823490526537602903e-17
2743 17.24543422118162539 4.548399635678682884 6.119733086279076609e-16 7.540348577256669351e-16 0.3194883542155487754 7.945221728895538566e-17 7.909946458838671834e-17
2744 17.25135837248932802 4.550292345994584764 6.125530610433958549e-16 7.546522135709311793e-16 0.3195283465935422895 9.787410635327924847e-17 1.0422233705800431e-16
2745 17.25728182290016122 4.552185078358301773 6.131808257302486246e-16 7.553777930580251793e-16 0.3195698467907333029 1.059920930417147186e-16 1.225071911750637416e-16
2746 17.26320457306800193 4.554077838655968158 6.138152638635714642e-16 7.561188234834277903e-16 0.3196123154745415529 1.07131495238297874e-16 1.251307153853920723e-16
2747 17.2691266236462333 4.555970629108255565 6.144150475606208418e-16 7.567480019812779889e-16 0.3196551339766786626 1.012916869934872108e-16 1.062558915502341745e-16
2748 17.27504797528773395 4.557863447976359339 6.1496227733860549e-16 7.571499953519405187e-16 0.3196976336770570581 9.242726181960343122e-17 6.789679219723791063e-17
2749 17.28096862864488514 4.559756289948778019 6.154654202449936288e-16 7.572968966613038581e-16 0.3197392109752280054 8.499099145119842714e-17 2.48145959522667994e-17
2750 17.28688858436957076 4.561649147077733168 6.159607980323140783e-16 7.572154748686217562e-16 0.3197794201855928553 8.368915919692356339e-17 -1.375540354105509238e-17
2751 17.29280784311316665 4.563542010033954099 6.164666447466758085e-16 7.570058043512575692e-16 0.3198180274217666264 8.546783475965201076e-17 -3.542591979601537169e-17
2752 17.29872640552655128 4.56543486943750132 6.170135809220270236e-16 7.568074784382284891e-16 0.3198550235707499634 9.242117134045199157e-17 -3.351307522773809352e-17
2753 17.3046442722600986 4.567327717075566618 6.176049813224465281e-16 7.567583509818503967e-16 0.3198906053237648983 9.994646598830724956e-17 -8.302523374179856862e-18
2754 17.31056144396368524 4.569220546894159796 6.182398299759621213e-16 7.569691458448358206e-16 0.3199251370805121786 1.073017978194484939e-16 3.56284409586273554e-17
2755 17.31647792128668328 4.571113355714223836 6.189225667291507991e-16 7.575201233609217797e-16 0.3199591044634846337 1.154093523968041293e-16 9.313686134472024853e-17
2756 17.32239370487795682 4.57300614365497804 6.196473018103386629e-16 7.584260956549614232e-16 0.319993064894112611 1.225230755502159915e-16 1.531628793890964338e-16
2757 17.32830879538587254 4.574898914245621562 6.204284740455418912e-16 7.596452808704843331e-16 0.3200275949416699905 1.320797527725064912e-16 2.061385115771121245e-16
2758 17.33422319345829266 4.576791674183141367 6.212734188985799908e-16 7.610998158562230354e-16 0.3200632304909699632 1.428790698118983223e-16 2.459599641609199764e-16
2759 17.34013689974256778 4.578684432676524807 6.221720220361541672e-16 7.626758085102361461e-16 0.3201003967712575671 1.519703765075738472e-16 2.66529446636581203e-16
2760 17.34604991488555115 4.580577200948370731 6.230751909870047567e-16 7.642603765131738088e-16 0.3201394349131421735 1.527603784664446104e-16 2.680109935207572271e-16
2761 17.35196223953358796 4.582469990072942423 6.239012003932335751e-16 7.657866737888526545e-16 0.3201803204950672832 1.397260545218740923e-16 2.581853121161702765e-16
2762 17.35787387433251894 4.58436280727438028 6.245771346275973122e-16 7.671865141895405611e-16 0.3202224028229554431 1.143529784671306811e-16 2.368217365820379186e-16
2763 17.3637848199276803 4.586255656603571929 6.250584952405639407e-16 7.684174568832449128e-16 0.3202651454229344385 8.144495408856972645e-17 2.082722775271373222e-16
2764 17.36969507696390025 4.588148538320764303 6.253349967035280999e-16 7.694600222372685736e-16 0.3203079070980190957 4.678876873667982906e-17 1.764198594804907607e-16
2765 17.37560464608550603 4.590041448941894586 6.254295964582659469e-16 7.703001714190152065e-16 0.3203500541937276402 1.600975567398311731e-17 1.421841226410348426e-16
2766 17.38151352793631332 4.591934381900314222 6.254235979324575491e-16 7.709092488575204347e-16 0.3203910647614012785 -1.015289031870675715e-18 1.030902696140843301e-16
2767 17.38742172315963685 4.593827328638937502 6.25386365754283017e-16 7.712720311675758059e-16 0.3204306014856875828 -6.302517130396641068e-18 6.141036694142719509e-17
2768 17.39332923239828688 4.595720279893978244 6.25375594740218166e-16 7.71386069908366228e-16 0.3204685442261728801 -1.823486573148647388e-18 1.930627064441395871e-17
2769 17.3992360562945656 4.59761322695539576 6.254083991221680409e-16 7.71283643279107051e-16 0.3205049862005592831 5.554285272143876867e-18 -1.734240014758163992e-17
2770 17.4051421954902672 4.599506162755929495 6.254575126530624497e-16 7.710258340993078932e-16 0.3205402050826707816 8.316637712068214027e-18 -4.365610674261534912e-17
2771 17.41104765062668491 4.601399082711155053 6.254869035494972931e-16 7.70697835724787922e-16 0.3205746209429848892 4.977482253144511748e-18 -5.554801949833992802e-17
2772 17.41695242234460039 4.603291985280725029 6.254708924386904424e-16 7.704139769011037065e-16 0.3206087491068127515 -2.711868159574153914e-18 -4.807834478506546531e-17
2773 17.4228565112842908 4.605184872235583704 6.254126703751869329e-16 7.702803473413042619e-16 0.3206431504029433888 -9.862451540906538906e-18 -2.263600735959403765e-17
2774 17.42875991808552882 4.607077748602117495 6.253514880652966631e-16 7.703860657230756245e-16 0.3206783764573470918 -1.036509523305111086e-17 1.791009683861498533e-17
2775 17.43466264338757554 4.608970622231168157 6.253642834370416098e-16 7.70785187837318231e-16 0.3207149061274367496 2.167955845057943202e-18 6.762438307458390153e-17
2776 17.44056468782918401 4.610863502940437009 6.255259537787425107e-16 7.714874470097425755e-16 0.3207530731691296544 2.739541836257053802e-17 1.189994628892037158e-16
2777 17.44646605204860279 4.612756402553118917 6.259079747591849422e-16 7.724816573542631532e-16 0.3207932180387041976 6.47418060912431362e-17 1.684906762563449848e-16
2778 17.45236673668356886 4.614649329760291963 6.265068279704250498e-16 7.737126368455338979e-16 0.3208348105674663775 1.015004464291616427e-16 2.08640390606558407e-16
2779 17.4582667423713076 4.616542290188803577 6.272986407366774659e-16 7.750960368462731729e-16 0.3208773318492799675 1.342208552975771514e-16 2.345013104508512884e-16
2780 17.46416606974853991 4.618435286000646123 6.281953949564082098e-16 7.76521810123698038e-16 0.3209201948204839505 1.520270341337707417e-16 2.417118068082942248e-16
2781 17.47006471945147155 4.620328315606625935 6.291224438173611374e-16 7.778529853035466387e-16 0.3209627635998900663 1.571809355034066084e-16 2.257004661787092734e-16
2782 17.47596269211580022 4.622221374021998841 6.300042900868172964e-16 7.789803232472536494e-16 0.32100446231919888 1.495339949767356603e-16 1.911618297317598793e-16
2783 17.48185998837671562 4.624114453743806585 6.307939295745809445e-16 7.798494895649917594e-16 0.321044863633010491 1.339139069253285639e-16 1.474007558890618706e-16
2784 17.48775660886889582 4.626007545934577969 6.314632155182547172e-16 7.804829625538008782e-16 0.3210837407658201914 1.135163070685725555e-16 1.074421403841015376e-16
2785 17.49365255422650378 4.62790064168463644 6.320317345240464135e-16 7.809325315049616083e-16 0.3211210809609213457 9.643645213456008008e-17 7.625925289765760088e-17
2786 17.49954782508319795 4.6297937331733241 6.325303824351747393e-16 7.812789418554227795e-16 0.3211570684553263777 8.459406335419329865e-17 5.876743585900684565e-17
2787 17.50544242207211809 4.631686814619629722 6.329982404597680074e-16 7.815970003539201452e-16 0.3211920488604864121 7.937972124136667764e-17 5.396379589964922129e-17
2788 17.51133634582590304 4.633579882972093777 6.334657396765828994e-16 7.819219183722751983e-16 0.3212264850136076211 7.932789641143627564e-17 5.513391675367393758e-17
2789 17.51722959697667292 4.63547293831859708 6.339708933062277393e-16 7.822770616870633552e-16 0.3212609095064852816 8.572708389112469868e-17 6.026958721770550038e-17
2790 17.52312217615603984 4.637365983996075691 6.345384794459218791e-16 7.826356039478469418e-16 0.3212958737959702993 9.633316664096395255e-17 6.085333826950697537e-17
2791 17.52901408399510785 4.639259026359924931 6.351800699111022649e-16 7.829612716196021148e-16 0.3213318904472156068 1.089058971982409603e-16 5.528001413017078638e-17
2792 17.53490532112446587 4.641152074158387819 6.358794433164648171e-16 7.832393339858653722e-16 0.3213693660528668117 1.187276877520216145e-16 4.720468571461134703e-17
2793 17.54079588817419477 4.643045138026610452 6.366349949323510762e-16 7.834650369765772749e-16 0.3214086214893111526 1.28279244774788025e-16 3.832035903724746187e-17
2794 17.54668578577386384 4.644938228556343418 6.374006310000090407e-16 7.836922649512125095e-16 0.321449650010410426 1.300061682833241037e-16 3.858365554730150042e-17
2795 17.55257501455252722 4.646831352646220381 6.381248275948402324e-16 7.839895447491988608e-16 0.3214918250670081301 1.229836365320945048e-16 5.048428960426634973e-17
2796 17.55846357513873457 4.648724514188194767 6.387585737728651436e-16 7.844286748396640707e-16 0.321534636409103125 1.076354776964144689e-16 7.45818731489593613e-17
2797 17.56435146816051684 4.650617713477465998 6.392599662343925491e-16 7.850525261385239409e-16 0.3215774733254090911 8.516616387725969395e-17 1.059669341495134622e-16
2798 17.57023869424539697 4.652510947248813977 6.396110655229378263e-16 7.858774573759751175e-16 0.3216197310001361331 5.96442237853643855e-17 1.401380889660418792e-16
2799 17.57612525402038628 4.654404209296075123 6.398366238269579924e-16 7.86889268969228771e-16 0.3216609095915588523 3.832184210423110983e-17 1.719044851145184188e-16
2800 17.58201114811197741 4.656297491502781938 6.399963171019425807e-16 7.880333160560067797e-16 0.3217006841554448937 2.713458967478821754e-17 1.943929590732981243e-16
2801 17.58789637714615495 4.658190785059847627 6.401864815287024851e-16 7.892426578966135231e-16 0.3217389365300993842 3.231580237690147724e-17 2.055108444467650494e-16
2802 17.59378094174838836 4.660084081666914457 6.404697085953046579e-16 7.904155510420723832e-16 0.3217757526769553511 4.813593506386536191e-17 1.993393815216218824e-16
2803 17.5996648425436355 4.661977374575359434 6.4092054753531747e-16 7.914614109720004754e-16 0.3218113958814800002 7.663109493312946885e-17 1.777694526004971593e-16
2804 17.60554808015633554 4.663870659396629925 6.41531816417009902e-16 7.923014316699667822e-16 0.3218462669605512416 1.039117862624892657e-16 1.427981267122164964e-16
2805 17.61143065521041251 4.665763934644500566 6.422290153120708744e-16 7.928713238277831268e-16 0.3218808591028787247 1.185326748238192437e-16 9.688891119253136612e-17
2806 17.61731256832928239 4.667657201994216187 6.428674113411648134e-16 7.931327669199206258e-16 0.3219157097821364055 1.085476442926672666e-16 4.445364706982694659e-17
2807 17.62319382013584246 4.669550466229702046 6.432858830136285171e-16 7.930964694363862506e-16 0.3219513477363741272 7.116149791136363121e-17 -6.172420903690079957e-18
2808 17.62907441125247487 4.671443734830132755 6.433806449377138073e-16 7.928647016181903465e-16 0.3219882316290934576 1.611616246899722833e-17 -3.941675782953752158e-17
2809 17.63495434230104664 4.67333701714959826 6.43119603234976241e-16 7.925750897478053587e-16 0.3220266807991734037 -4.440034759658421275e-17 -4.925982162367253279e-17
2810 17.64083361390291316 4.675230324435013074 6.425916634183542486e-16 7.924114235150615754e-16 0.3220670177741989382 -8.980687055584514509e-17 -2.784096163162773243e-17
2811 17.64671222667891115 4.677123665016801546 6.419718312281226414e-16 7.925193897365905866e-16 0.322108747030012299 -1.054503199713589349e-16 1.836799183030393723e-17
2812 17.65259018124936574 4.679017044280969095 6.414743279384043782e-16 7.929817441770616849e-16 0.3221513680674231161 -8.464831554563123751e-17 7.866787090610431526e-17
2813 17.65846747823409046 4.680910464318690956 6.413123469489475585e-16 7.938037476571359811e-16 0.3221943205351901485 -2.756353782990769717e-17 1.398764391754858034e-16
2814 17.66434411825238016 4.68280392365023701 6.416400270564183898e-16 7.949490701135442996e-16 0.3222369968467187484 5.576600035640779811e-17 1.949158678115708446e-16
2815 17.67022010192301451 4.684697417557203813 6.425208504568456015e-16 7.963427373584123249e-16 0.3222788456918188049 1.499190188590515968e-16 2.37206715744901989e-16
2816 17.67609542986426518 4.686590938911355586 6.438903208846751009e-16 7.978954552201700317e-16 0.3223194566011536866 2.331143312228499365e-16 2.643071208884067455e-16
2817 17.68197010269388159 4.68848447929808021 6.45598138102871977e-16 7.995221199919822505e-16 0.3223586101814966409 2.907408728970178254e-16 2.769253820773874803e-16
2818 17.68784412102910863 4.690378030219369165 6.474149487305986553e-16 8.011537592375035416e-16 0.3223962917628054314 3.093304767402576786e-16 2.778031667046843582e-16
2819 17.69371748548666901 4.692271584205122359 6.491330477108760316e-16 8.027385461163071765e-16 0.3224326759007530296 2.925563547916800089e-16 2.698560896122598026e-16
2820 17.69959019668277733 4.694165135726735549 6.506252229379179442e-16 8.042325347869127857e-16 0.3224680928123219159 2.541145007746863367e-16 2.544233266401302665e-16
2821 17.705462255233126 4.696058681862599116 6.518328941424622003e-16 8.055808288074928885e-16 0.3225029862072218423 2.056868657410805546e-16 2.296373136554362956e-16
2822 17.71133366175289936 4.697952222694278035 6.527386150650674023e-16 8.067143248252086951e-16 0.3225378674766411491 1.542767338410422504e-16 1.930749959181990757e-16
2823 17.71720441685676661 4.699845761412419165 6.533652012761669905e-16 8.07566713804295448e-16 0.322573266280864912 1.067419212422274365e-16 1.452084895289184207e-16
2824 17.72307452115887827 4.701739304093706551 6.5377271507665714e-16 8.081230999517329922e-16 0.3226096745135878519 6.94295913343393881e-17 9.479350832835272932e-17
2825 17.72894397527286969 4.703632859098476615 6.540168796574875356e-16 8.084458079516139125e-16 0.3226474816445182303 4.160380179780831502e-17 5.498700761572814162e-17
2826 17.73481277981186466 4.705526436563784998 6.541561778760769742e-16 8.086638092443100195e-16 0.3226869909275835169 2.373799003299354944e-17 3.714988293176787393e-17
2827 17.74068093538846469 4.707420046631130006 6.542310914780011973e-16 8.089453476695231616e-16 0.3227282037008512572 1.276753466761114869e-17 4.798262948041436117e-17
2828 17.74654844261476327 4.709313695896875096 6.542966809491197812e-16 8.094492431865702061e-16 0.3227705162799125449 1.11796560421369057e-17 8.588845840173130399e-17
2829 17.7524153021023352 4.711207388088620718 6.543787181264828903e-16 8.102847285667007347e-16 0.3228134400129065162 1.398469273357838662e-17 1.424233097733703698e-16
2830 17.75828151446223657 4.713101123503199652 6.545119586172495027e-16 8.114566574607428165e-16 0.32285639021718604 2.271570967543233694e-17 1.997980971411019723e-16
2831 17.76414708030501188 4.714994899039265164 6.547217665513424938e-16 8.128668603651804827e-16 0.3228987875087722115 3.577336713784970861e-17 2.40447085365966699e-16
2832 17.77001200024068694 4.716888708784344075 6.550233784114076121e-16 8.143668350076691437e-16 0.3229401523556415521 5.143208302459817119e-17 2.557817863349720152e-16
2833 17.77587627487877242 4.718782544994775563 6.554381823496322535e-16 8.157826224846732572e-16 0.3229801721363113054 7.074183428993338819e-17 2.414523919822050848e-16
2834 17.78173990482826738 4.720676399256958256 6.559840022390381378e-16 8.169590870242794359e-16 0.3230187321568875336 9.30958903134986728e-17 2.006596239212000327e-16
2835 17.78760289069765221 4.722570263636773902 6.566640328693164432e-16 8.178032181736166188e-16 0.3230559137430699668 1.159998144424634294e-16 1.439921267195619701e-16
2836 17.79346523309489569 4.724464131680995216 6.574682463203918656e-16 8.182853801090864213e-16 0.3230919690960226132 1.371979997626091784e-16 8.225633756767573439e-17
2837 17.79932693262744792 4.726357999195893278 6.583796554843394191e-16 8.184355213335364854e-16 0.323127283372857399 1.555025179273829503e-16 2.561674752705004442e-17
2838 17.80518798990224383 4.72825186477054249 6.593849074955725988e-16 8.183625727933456978e-16 0.3231623311947613431 1.715325457819269992e-16 -1.244767348901272553e-17
2839 17.81104840552571034 4.730145730026224626 6.60431389144493277e-16 8.181915003404130196e-16 0.3231976299530508467 1.785873560464382809e-16 -2.91943744002842624e-17
2840 17.8169081801037521 4.732039599563159449 6.614590583533121982e-16 8.180456089934381881e-16 0.3232336881737934431 1.753960883318238131e-16 -2.489981344314050771e-17
2841 17.82276731424176575 4.733933480558667917 6.623830704566086335e-16 8.180205306106556798e-16 0.3232709460147132341 1.577217721019114055e-16 -4.280687406361832886e-18
2842 17.82862580854462919 4.735827381975230566 6.631030857705652524e-16 8.181707040231594691e-16 0.323309708632088133 1.229144977294999882e-16 2.563624580259975025e-17
2843 17.83448366361670523 4.737721314560599417 6.635378233458542596e-16 8.185223522597450224e-16 0.3233502813336123216 7.422255594628064743e-17 6.003674951728958168e-17
2844 17.84034088006184859 4.739615286293057395 6.636467606508528825e-16 8.190460733935374068e-16 0.3233921918455847089 1.860084458152959528e-17 8.942442089836956488e-17
2845 17.84619745848339178 4.741509302319025565 6.634690817420732681e-16 8.196822196944406784e-16 0.3234349570327337275 -3.03416494046696649e-17 1.086326349292579822e-16
2846 17.8520533994841557 4.743403364631528341 6.631033729408085233e-16 8.203635927223424445e-16 0.323478038635615972 -6.245769474637358095e-17 1.163685107876139406e-16
2847 17.85790870366644612 4.745297471809081458 6.6268235627624641e-16 8.210320253901248319e-16 0.3235208535613509628 -7.191127951834340765e-17 1.141708926464554551e-16
2848 17.86376337163205719 4.74719161933357281 6.623616419513065934e-16 8.215999415492771526e-16 0.3235628727648302561 -5.478519860392477778e-17 9.701281530026872012e-17
2849 17.86961740398226439 4.749085800381501521 6.62245570250850246e-16 8.220066996690789859e-16 0.3236037021475078879 -1.982980033683276491e-17 6.949094628012807545e-17
2850 17.87547080131782806 4.75098000689752098 6.623547558964244923e-16 8.222194524689743739e-16 0.3236431308655223771 1.865540208016174863e-17 3.635083169454396301e-17
2851 17.88132356423899338 4.752874230746233053 6.626252116394655156e-16 8.222260996693386603e-16 0.323681144800408771 4.621493103092949583e-17 1.135860170426112143e-18
2852 17.88717569334549395 4.754768464778863724 6.629474127236481084e-16 8.220512192462970413e-16 0.3237179121200615683 5.506302835745512051e-17 -2.988644720899199988e-17
2853 17.89302718923654822 4.756662703712428275 6.632134858395685357e-16 8.217751902384504572e-16 0.3237537513280129842 4.547587312265782755e-17 -4.717748388662988925e-17
2854 17.89887805251085595 4.758556944771196839 6.633543432111754889e-16 8.215013114671094088e-16 0.3237890907144496677 2.407723138610660374e-17 -4.681503334964021865e-17
2855 17.9047282837666053 4.760451188067837514 6.633839961704284032e-16 8.213462767077731284e-16 0.3238244239118291956 5.069228680593101105e-18 -2.650348121459898046e-17
2856 17.91057788360147285 4.762345436702315027 6.633879288537412202e-16 8.214183653309286708e-16 0.3238602616750467789 6.723720548537151549e-19 1.232501369356119857e-17
2857 17.91642685261261647 4.764239696541082481 6.635030134515273604e-16 8.217936275166402574e-16 0.323897077222870422 1.967816879892050957e-17 6.416560318531582976e-17
2858 17.92227519139668246 4.766133975629982977 6.638761798602568892e-16 8.225016178517709833e-16 0.3239352435800803565 6.381411916331814285e-17 1.210714002000613945e-16
2859 17.92812290054980195 4.768028283696694736 6.646085564223512472e-16 8.235235435061257925e-16 0.3239750488364541714 1.252550926856762464e-16 1.747753808341944692e-16
2860 17.93396998066759096 4.769922630447831047 6.657205255925503075e-16 8.24768120811189941e-16 0.3240164899342976024 1.901955633133229144e-16 2.128773782291801253e-16
2861 17.93981643234515744 4.771817022188511892 6.6719124189340686e-16 8.261323783975141113e-16 0.3240589855498471894 2.515840954395391857e-16 2.333730241529088649e-16
2862 17.94566225617709421 4.773711462463809063 6.689050847172004201e-16 8.274624001885314468e-16 0.3241020638475283766 2.932053353937322491e-16 2.275409856155919123e-16
2863 17.95150745275747894 4.775605951527590598 6.707423950724778694e-16 8.286373558820993081e-16 0.3241451619086324065 3.143619427388819616e-16 2.010337303118999763e-16
2864 17.95735202267987418 4.777500486379162581 6.725701960037590064e-16 8.295908408201685101e-16 0.3241877228430369295 3.127683933767183613e-16 1.631577854486359225e-16
2865 17.96319596653733441 4.779395061328544081 6.742537303953635565e-16 8.303210319226775326e-16 0.3242292862605122838 2.881127264789747308e-16 1.24961717707507149e-16
2866 17.96903928492239544 4.781289668936614667 6.756757461812470675e-16 8.308902749733923408e-16 0.3242695524848011601 2.43383601200851959e-16 9.74281896283313577e-17
2867 17.97488197842708146 4.783184301129125515 6.767415681637232507e-16 8.313974894338074297e-16 0.3243084123992802104 1.82439122698038425e-16 8.682102893290697652e-17
2868 17.98072404764290511 4.785078950300652778 6.774017666096158517e-16 8.319484766524848386e-16 0.3243459458284481678 1.130197044315378232e-16 9.432377944525134944e-17
2869 17.98656549316086384 4.786973610277998503 6.776572012675351572e-16 8.326254240845392633e-16 0.3243823975737638587 4.373265269233251091e-17 1.1589933479720387e-16
2870 17.99240631557143999 4.788868277070176482 6.775151670242902452e-16 8.334728878627587575e-16 0.3244181409604420807 -2.432009962726435677e-17 1.45108693832778472e-16
2871 17.9982465154646043 4.790762949371860202 6.770530858838512595e-16 8.344800340668628416e-16 0.3244536356859777926 -7.912920132104886768e-17 1.724690054836983488e-16
2872 18.00408609342981237 4.792657628800355951 6.763932811763155922e-16 8.355832663687850629e-16 0.3244893822290449981 -1.130004467879981879e-16 1.889433973482452984e-16
2873 18.00992505005600819 4.794552319837217524 6.756830891763311026e-16 8.366865457047079104e-16 0.3245258712807416734 -1.216428816559874763e-16 1.889715424787801449e-16
2874 18.01576338593161708 4.796447029430969344 6.751039096937139569e-16 8.377008171963528782e-16 0.324563525687550869 -9.921337576164014803e-17 1.737445846150685192e-16
2875 18.02160110164455276 4.798341766223924942 6.748309568225465555e-16 8.385515615408989701e-16 0.3246026360144106948 -4.676175699868054509e-17 1.457478726547646885e-16
2876 18.02743819778221734 4.800236540539413177 6.749953936587153473e-16 8.392188243771975416e-16 0.324643490760784359 2.817398782911463744e-17 1.143262997921125719e-16
2877 18.03327467493149783 4.802279890984768151 6.757310176576602135e-16 8.397633709648235748e-16 0.3247176253042899363 1.169011799210726628e-16 8.65362450202681122e-17
2878 18.03956737445293612 4.804323731163021804 6.769499198714619194e-16 8.402332880642443466e-16 0.3247640678929484825 1.93682287651354409e-16 7.466933589235887409e-17
2879 18.04586068205778915 4.806368063058598317 6.784258386824396067e-16 8.407341491347454088e-16 0.3248107692304982308 2.344992637216724967e-16 7.957859970735613095e-17
2880 18.05215459866781913 4.808412884242152963 6.798526052734488879e-16 8.413348297927082828e-16 0.3248570282538084664 2.266678174574442987e-16 9.542904535844521045e-17
2881 18.05844912520014134 4.810458188483258901 6.809636542279784727e-16 8.420288475188932266e-16 0.3249022414833934724 1.76493202561026723e-16 1.102466373143439335e-16
2882 18.06474426256751542 4.812503967007800476 6.816032118172835692e-16 8.427552022754933296e-16 0.324946005368310753 1.015856219793933552e-16 1.153722525708493017e-16
2883 18.07104001167888896 4.814550210077321424 6.81774566790614759e-16 8.434493685140482957e-16 0.3249881673158339646 2.721491868333810231e-17 1.102487857091898869e-16
2884 18.07733637344006183 4.816596908579126257 6.816286842033765403e-16 8.440585536973331977e-16 0.3250288272777923648 -2.316708895251151157e-17 9.674250777213256977e-17
2885 18.08363334875436479 4.818644055404773141 6.813954062623755783e-16 8.445626316471793182e-16 0.3250683040310563543 -3.704241615649756449e-17 8.004299555025322832e-17
2886 18.08993093852322431 4.820691646495278704 6.812938689476816073e-16 8.449899051529544771e-16 0.3251070821660194121 -1.61216271472411804e-17 6.784051922941289887e-17
2887 18.09622914364648238 4.822739681497877129 6.814815248508861625e-16 8.453725340998884137e-16 0.3251457503491674839 2.979222492657246274e-17 6.074611805868269209e-17
2888 18.102527965022432 4.824788163995444634 6.819852163896910333e-16 8.457591213675535096e-16 0.325184933450417879 7.995816401668345842e-17 6.136852770660456253e-17
2889 18.10882740354755427 4.826837101249227935 6.827496858036821801e-16 8.462111576926897159e-16 0.3252252152846359379 1.213432618713215613e-16 7.175115337837750971e-17
2890 18.11512746011601749 4.828886503379255402 6.836493495432249771e-16 8.467775614631453564e-16 0.3252670493906771321 1.427884580177562143e-16 8.989572152803237207e-17
2891 18.12142813561901278 4.830936382636826565 6.845282965254169931e-16 8.474940440177695191e-16 0.3253107737096623819 1.39486714532377479e-16 1.137040112647581294e-16
2892 18.12772943094408262 4.832986750291571099 6.852503565266232243e-16 8.483561121002178694e-16 0.3253562321095717635 1.145778518335020434e-16 1.36794599972512497e-16
2893 18.13403134697455243 4.83503761338449678 6.857509275028134537e-16 8.493323338948063763e-16 0.3254027533554896268 7.942371895229897904e-17 1.548934499531091301e-16
2894 18.14033388458917884 4.837088975007706182 6.860262773763386641e-16 8.50373300285122285e-16 0.3254497108569378017 4.368441707662815892e-17 1.651499213532340318e-16
2895 18.14663704466207506 4.839140833838801115 6.861058051670413817e-16 8.513750317598532759e-16 0.3254964043993661127 1.261588250188236781e-17 1.589095644677264896e-16
2896 18.1529408280629454 4.841193184545944384 6.860326153448150948e-16 8.522513735208031133e-16 0.3255421982715562268 -1.160931001496344034e-17 1.390046166592490545e-16
2897 18.15924523565753645 4.843246018906984141 6.858455084025739349e-16 8.529401231993943056e-16 0.3255866344795680933 -2.96758086128363036e-17 1.092380827734303583e-16
2898 18.16555026830828012 4.845299327336447526 6.855748149584487597e-16 8.534259158768721357e-16 0.325629497340126639 -4.292865547080750694e-17 7.704075194389450476e-17
2899 18.17185592687495088 4.847353100496077261 6.852761305554652353e-16 8.537682480350465726e-16 0.3256708266133935825 -4.736296993661059106e-17 5.428427984185132031e-17
2900 18.17816221221523421 4.849407330739933464 6.850177258770514639e-16 8.540699517179929163e-16 0.3257108911560309683 -4.09716575523957967e-17 4.783698211602013536e-17
2901 18.18446912518509251 4.851462013247934024 6.849143570810557193e-16 8.544247518601133272e-16 0.3257501394257392713 -1.638812788680078515e-17 5.625014829005568437e-17
2902 18.19077666663886461 4.853517146779075198 6.850963221278742947e-16 8.549117499808424166e-16 0.3257891391160323002 2.884592901334209197e-17 7.720116289248506237e-17
2903 18.19708483742908101 4.855572734003995805 6.856826122530744614e-16 8.555839152798575531e-16 0.3258285104314085356 9.293210030625644193e-17 1.065440646286378217e-16
2904 18.2033936384060091 4.857628781362810955 6.867154848352108703e-16 8.564205586965676098e-16 0.3258688508275977003 1.637029419332662924e-16 1.326020179384132511e-16
2905 18.20970307041705638 4.859685298373451978 6.881454785998396122e-16 8.573658268049181182e-16 0.3259106479428478531 2.266211229826187096e-16 1.498032547643037386e-16
2906 18.21601313430610602 4.861742296638909444 6.898120746179471521e-16 8.583476545771301875e-16 0.3259542319350835493 2.640906578049809208e-16 1.55581520294942252e-16
2907 18.22232383091294494 4.863799788298118543 6.915002904872742951e-16 8.592791377086998473e-16 0.3259996873997081379 2.674897092294982417e-16 1.475890355864651054e-16
2908 18.22863516107285875 4.865857781017484562 6.930204185848963347e-16 8.601110624937187873e-16 0.3260463054146937045 2.408328004869313943e-16 1.318012449635184023e-16
2909 18.23494712561651099 4.867916278732336899 6.942350519204893877e-16 8.60835584494801158e-16 0.326093494790056726 1.924141214412153004e-16 1.147739488271336048e-16
2910 18.24125972537008167 4.86997528100566246 6.951056477334588127e-16 8.614636889599889811e-16 0.326140562978144033 1.379000947433173967e-16 9.949010088008591154e-17
2911 18.24757296115566874 4.872034783260928315 6.956577680118200109e-16 8.620189556373365458e-16 0.3261868545552403242 8.744558374450053253e-17 8.794391482712398271e-17
2912 18.25388683379187071 4.874094777777593812 6.959483688313992991e-16 8.625203729209685157e-16 0.3262318719842419168 4.602111734013191642e-17 7.94071526701292557e-17
2913 18.26020134409442264 4.87615525516247672 6.960204750803323002e-16 8.629769064864139591e-16 0.3262753508897499599 1.141798101962960537e-17 7.229181467921593095e-17
2914 18.26651649287677515 4.878216205966268149 6.959486862410069248e-16 8.633940827496629081e-16 0.3263172829319442303 -1.13665687460297142e-17 6.605292298906716166e-17
2915 18.2728322809504995 4.880277622176008023 6.957845199303287045e-16 8.637639483643974302e-16 0.3263578960517988237 -2.599037084427225705e-17 5.855613401909624669e-17
2916 18.27914870912545098 4.882339498416549795 6.955787219251657236e-16 8.641129856525999834e-16 0.3263976082982462112 -3.2578083668156449e-17 5.525304275600045558e-17
2917 18.28546577820966235 4.88440183277904616 6.953895703094369257e-16 8.644834060802971612e-16 0.3264369687076633109 -2.993989781071758657e-17 5.863206459813645731e-17
2918 18.29178348900896722 4.886464627232661506 6.95304584801234209e-16 8.649126882309730061e-16 0.3264765912831408823 -1.345057864483650502e-17 6.794209331217104832e-17
2919 18.29810184232645298 4.888527887568514529 6.954155067227292245e-16 8.654252999828427697e-16 0.3265170809395792628 1.755372377853150082e-17 8.112233340959843225e-17
2920 18.30442083896183902 4.890591622802982208 6.957787046248686094e-16 8.660289775198512704e-16 0.3265589479557292063 5.747128935991933584e-17 9.552402754842904533e-17
2921 18.31074047971089058 4.892655843985434849 6.963987221943773083e-16 8.666911646310015112e-16 0.3266025137824121183 9.80996118595161666e-17 1.047717061206550261e-16
2922 18.31706076536499239 4.894720563781757683 6.972399656777836416e-16 8.673847635965523895e-16 0.326648033859719189 1.330885335343929026e-16 1.097305013435186899e-16
2923 18.3233816967109604 4.896785790304474695 6.982031657734084095e-16 8.680667415964198038e-16 0.3266947875157682479 1.523670392153116654e-16 1.078809783364740954e-16
2924 18.32970327453110571 4.898851528084275486 6.991556107001082423e-16 8.687329608340504839e-16 0.326742208023660663 1.506502719822017034e-16 1.053773363007991268e-16
2925 18.33602549960357209 4.900917777334686143 6.999423650270124299e-16 8.694002633460453718e-16 0.3267896125649688011 1.24429877770913723e-16 1.05537862537687559e-16
2926 18.34234837270285112 4.902984534054675159 7.004712762863082973e-16 8.700871859643070396e-16 0.3268363347956010911 8.364187993125429342e-17 1.086297524374677822e-16
2927 18.34867189460038261 4.905051790926137301 7.007384569170818886e-16 8.708388053691359083e-16 0.3268818505291515297 4.224753112128994477e-17 1.188486759123903999e-16
2928 18.35499606606513723 4.907119538737034325 7.00813388111278577e-16 8.716842934900846419e-16 0.3269258607808143147 1.184716290497091951e-17 1.336777774661273389e-16
2929 18.36132088786405703 4.909187767997069685 7.008122191481454327e-16 8.726092328474280823e-16 0.3269683221024834996 -1.848024886020032954e-19 1.462245388173202151e-16
2930 18.36764636076227575 4.911256470462371126 7.00846520343513992e-16 8.735757248516433354e-16 0.3270094320806409272 5.422149683335854551e-18 1.527778917993298731e-16
2931 18.37397248552307971 4.913325640386034365 7.00991338169060478e-16 8.745263424873236965e-16 0.3270495858950222545 2.288966668883042778e-17 1.502530558453976474e-16
2932 18.38029926290761651 4.915395275401303721 7.012911653914321794e-16 8.754202100573999802e-16 0.3270893181684632611 4.738530272747496883e-17 1.412686448924887834e-16
2933 18.38662669367441183 4.917465376989433423 7.017170840030336671e-16 8.762183074002646866e-16 0.3271292372675739246 6.730608360005728142e-17 1.261198853880901678e-16
2934 18.39295477857877614 4.919535950482410769 7.022082550056346798e-16 8.768909166866625834e-16 0.3271699517675948909 7.760960611909875327e-17 1.062785496557238329e-16
2935 18.39928351837223985 4.921607004529266582 7.026811986851188455e-16 8.774556692029289796e-16 0.3272119856958005668 7.472177788949912015e-17 8.922692894218311529e-17
2936 18.40561291380209141 4.923678549966367335 7.030766840459345455e-16 8.779152791236067307e-16 0.3272556844071056736 6.247742873931729597e-17 7.260760804851810828e-17
2937 18.41194296561113575 4.92575059934267756 7.034050110430864548e-16 8.783068255588582997e-16 0.3273013181223350943 5.186259563674993002e-17 6.184875024173088132e-17
2938 18.41827367453769071 4.927823161241042804 7.037069638597896225e-16 8.786450205500557471e-16 0.3273482600178641566 4.76915691797813859e-17 5.341579520618137603e-17
2939 18.42460504131584997 4.929896240557274822 7.040385029506791649e-16 8.78950569827444674e-16 0.3273959275812258762 5.23590908178532129e-17 4.825458838417059415e-17
2940 18.43093706667593423 4.931969837916606814 7.04474622765132544e-16 8.792601972869538905e-16 0.3274436463645173934 6.886807684903259624e-17 4.889355394865513687e-17
2941 18.43726975134504897 4.934043949691441 7.050766532661712166e-16 8.796437565744822011e-16 0.3274907449735877107 9.505727689034907141e-17 6.056188404995666586e-17
2942 18.44360309604766712 4.936118568833778752 7.05881230209065514e-16 8.801696393339882338e-16 0.3275366836926564273 1.270249841395990061e-16 8.302530886013794609e-17
2943 18.44993710150607313 4.938193686265559101 7.06873175999589424e-16 8.808540194952789746e-16 0.3275811424989394927 1.565900466067018368e-16 1.080372762070169155e-16
2944 18.45627176844065431 4.940269292492878606 7.080103811422652381e-16 8.816841435268738528e-16 0.3276240562993943395 1.795021410053719328e-16 1.310309243068325693e-16
2945 18.46260709756991503 4.942345379151259266 7.092297850992347857e-16 8.825853201972502956e-16 0.3276656039274918886 1.924566743778102013e-16 1.422313450897357878e-16
2946 18.46894308961026354 4.944421940287797135 7.104307186071781706e-16 8.834527485885739004e-16 0.3277061665036638538 1.895216611682064322e-16 1.368905676964974005e-16
2947 18.47527974527558925 4.946498973278796285 7.1149102026727521e-16 8.841867276415280302e-16 0.327746269815739677 1.673107338603924231e-16 1.158185246797302091e-16
2948 18.4816170652767191 4.94857647933109579 7.123017452998945837e-16 8.847581878310900838e-16 0.3277865185597073072 1.279152643898736574e-16 9.016433228901232596e-17
2949 18.48795505032085273 4.950654463517012438 7.127625767920127192e-16 8.851751537205916634e-16 0.3278275227146607573 7.270182683480708767e-17 6.578148935792459693e-17
2950 18.49429370111108994 4.952732934272360943 7.128550952628505309e-16 8.855125165967900645e-16 0.3278698128337673157 1.459439043786760406e-17 5.321754120985561196e-17
2951 18.50063301834613583 4.954811902296332171 7.126457991006816277e-16 8.858858667106526032e-16 0.3279137457281507406 -3.3012094323721118e-17 5.888817571655784875e-17
2952 18.50697300272024037 4.956891380025590266 7.122512306662378639e-16 8.86384106868362592e-16 0.3279595951072312165 -6.222836733552104734e-17 7.857869218298640975e-17
2953 18.51331365492337966 4.958971376251134267 7.118330514484464558e-16 8.870230975356136181e-16 0.3280067856450067376 -6.594512978764762348e-17 1.00766180365253797e-16
2954 18.5196549756416502 4.961051896017242058 7.11554018834468427e-16 8.877720434589764466e-16 0.3280547262957782539 -4.399764390482238881e-17 1.18093206275476585e-16
2955 18.52599696555778408 4.963132940121741221 7.115814431949662968e-16 8.885449542815896327e-16 0.3281027474453714898 4.323794967557450659e-18 1.218591013431336444e-16
2956 18.53233962535171031 4.965214505095939757 7.119898972051346182e-16 8.893153760354523825e-16 0.3281501765736036802 6.439109863028192319e-17 1.21453828105271804e-16
2957 18.53868295570104152 4.967296584009591953 7.127604178588049944e-16 8.900760780633987152e-16 0.3281964683147313711 1.214565671070751202e-16 1.199088648248983368e-16
2958 18.54502695728138661 4.969379167849216294 7.137968919579077528e-16 8.908695686203121519e-16 0.3282412947699137606 1.633612985041999338e-16 1.250640492033630615e-16
2959 18.55137163076643603 4.971462247134507351 7.149344783784855085e-16 8.917752047391236424e-16 0.3282845829271627824 1.79278861952083084e-16 1.427244645209098476e-16
2960 18.55771697682782317 4.973545813475027444 7.160041484446603833e-16 8.928663378693761515e-16 0.3283265051276175184 1.685576444756198512e-16 1.719397747591002506e-16
2961 18.56406299613476563 4.975629860867380572 7.168715363905130588e-16 8.941496058958131054e-16 0.3283674380517099811 1.366676970119372115e-16 2.021947464923198979e-16
2962 18.57040968935354996 4.977714386626987064 7.174943509195924679e-16 8.955673271348380263e-16 0.3284079050466574556 9.812170167960614916e-17 2.233557728430970219e-16
2963 18.57675705714699887 4.979799391899912386 7.17885500511678393e-16 8.969915934601576298e-16 0.3284485098902981126 6.161735048494996096e-17 2.243630547666381843e-16
2964 18.58310510017396311 4.981884881703324552 7.18131678452803546e-16 8.982444453357650033e-16 0.3284898624942204082 3.877600259517423503e-17 1.973393203220267202e-16
2965 18.58945381908899108 4.983970864423839409 7.183423726218933279e-16 8.991363687456136531e-16 0.328532493508321588 3.318334330289007509e-17 1.404737531975985807e-16
2966 18.59580321454220453 4.986057350713299918 7.186164384301387743e-16 8.995750255167830002e-16 0.3285767594589130702 4.315947610422441215e-17 6.907901629336201746e-17
2967 18.60215328717940508 4.988144352927677438 7.190021892041263663e-16 8.995560828350269417e-16 0.328622928350717991 6.074097482411724782e-17 -2.982746978707894306e-18
2968 18.60850403764240824 4.990231879810356652 7.195281357940244135e-16 8.992004664230607123e-16 0.3286704309588276973 8.280760060978070051e-17 -5.598998525325309606e-17
2969 18.61485546656952295 4.992319936343816877 7.201689518640646296e-16 8.987086070696598278e-16 0.3287186749225792237 1.008824263314825585e-16 -7.743246042783684708e-17
2970 18.62120757459609521 4.994408523259446397 7.208960201569855548e-16 8.982903601150863091e-16 0.3287669909481238939 1.1444869882533834e-16 -6.58367586713232463e-17
2971 18.62756036235500545 4.996497637027697891 7.216638436130160534e-16 8.981250384613466913e-16 0.3288147084591752645 1.208510755515772496e-16 -2.602069461344420335e-17
2972 18.63391383047703798 4.998587270675502126 7.223781736254547876e-16 8.983230212362130973e-16 0.3288612858012830431 1.124194600445568944e-16 3.115803096753065966e-17
2973 18.64026797959104087 5.000677415175879936 7.229584506914563055e-16 8.989386831718178198e-16 0.328906400227014506 9.131274937132972277e-17 9.688093381100511644e-17
2974 18.64662281032384072 5.002768061072110584 7.233411051423984002e-16 8.999316536418121739e-16 0.328949984695995401 6.020827152422181808e-17 1.5623765913545418e-16
2975 18.65297832329996197 5.004859200037677702 7.234906158017784394e-16 9.012036267897582233e-16 0.3289922176427338418 2.352203473829742998e-17 2.001154746840618109e-16
2976 18.65933451914115793 5.006950826171995494 7.234471241854995145e-16 9.025861146827746236e-16 0.3290334812842194423 -6.841661459539822487e-18 2.174790211353166978e-16
2977 18.66569139846588143 5.009042936925569123 7.23302739626251152e-16 9.039073594656191259e-16 0.329074303221213893 -2.271067540252555092e-17 2.078225091843010946e-16
2978 18.67204896188877683 5.011135533598549685 7.231951048323122231e-16 9.050018257036234787e-16 0.3291152892585818557 -1.692837267635139181e-17 1.721333007719904205e-16
2979 18.67840721002028914 5.013228621359090198 7.232303492560535373e-16 9.057720767624617391e-16 0.3291570478375028808 5.542505522287479911e-18 1.211289700319905246e-16
2980 18.68476614346647224 5.015322208709741325 7.234922992215081076e-16 9.061796569600177362e-16 0.3292001032289958995 4.118956662669613367e-17 6.408877234942582589e-17
2981 18.69112576282903149 5.017416306344783195 7.239740581679369765e-16 9.062739501929501621e-16 0.3292447998081906024 7.57446191708352845e-17 1.482526701745136884e-17
2982 18.69748606870557595 5.019510926566637998 7.245998375795094979e-16 9.061645749942751192e-16 0.3292913900337337552 9.837762957752186011e-17 -1.719467368410480768e-17
2983 18.70384706169005895 5.021606077817772018 7.252321130224842389e-16 9.06042917262364225e-16 0.3293392666901123755 9.938811368523527721e-17 -1.91235206494056409e-17
2984 18.71020874237329679 5.023701764806761894 7.257534844854203845e-16 9.061025487168735672e-16 0.3293878426113730495 8.194612185785695653e-17 9.372523786126014933e-18
2985 18.71657111134349094 5.025797987958919855 7.261168245188590742e-16 9.064771197307538998e-16 0.3294364445256698359 5.710148208535677175e-17 5.886651089988750169e-17
2986 18.72293416918664022 5.027894743465441962 7.263548195176402309e-16 9.072413423674682925e-16 0.3294844071637952343 3.739856212965350906e-17 1.200900351117318314e-16
2987 18.72929791648676812 5.029992024153341568 7.265419338110437484e-16 9.083603049914930985e-16 0.32953120223152782 2.939997417403980363e-17 1.758148543847412536e-16
2988 18.73566235382592637 5.032089820909315669 7.267809880612096189e-16 9.096814445856365692e-16 0.3295765253737008571 3.755686480165782214e-17 2.075590000468243644e-16
2989 18.74202748178397826 5.034188124316589352 7.271654796204320479e-16 9.11037951852114931e-16 0.3296203295192380311 6.039938457371698843e-17 2.130923347986062279e-16
2990 18.74839330093819711 5.036286926209200487 7.27755409318949909e-16 9.122788991851006759e-16 0.329662811779073639 9.266138164350645858e-17 1.949179617675927343e-16
2991 18.75475981186275476 5.038386220949023553 7.285359097652499319e-16 9.133003448804447842e-16 0.3297043697690452135 1.225813616688568042e-16 1.604229757966641283e-16
2992 18.76112701512819569 5.040486006322566936 7.294390245651457058e-16 9.140456318484304054e-16 0.329745541786307883 1.418231037985891364e-16 1.170381783496055195e-16
2993 18.76749491130101077 5.042586284001147945 7.303633273626549697e-16 9.145210600111311475e-16 0.3297869381646342246 1.451346136923691859e-16 7.465203277320912501e-17
2994 18.77386350094337075 5.044687059507816151 7.311825806293278978e-16 9.147698149930593119e-16 0.3298291637813929311 1.286256522956624202e-16 3.905540949778938082e-17
2995 18.78023278461308365 5.046788341617880924 7.317525679386337208e-16 9.149104138699224722e-16 0.3298727291319510369 8.948025988071632186e-17 2.207211254575235082e-17
2996 18.78660276286376885 5.048890141142939214 7.319684198055893009e-16 9.150189057603213242e-16 0.3299179535986439538 3.38821116749829219e-17 1.70298936866682961e-17
2997 18.79297343624523364 5.050992470322730021 7.317725402318332955e-16 9.151496579914668058e-16 0.3299650609486688424 -3.074371802205385272e-17 2.052184231367563918e-17
2998 18.79934480530396357 5.053095337043242097 7.31212007068469554e-16 9.153459597054057241e-16 0.3300133674423039176 -8.79672663038374166e-17 3.080660748481405398e-17
2999 18.80571687058365171 5.055198745516955583 7.304276877992709907e-16 9.156320569922337777e-16 0.3300622963563147327 -1.230736788899330525e-16 4.489376583382986029e-17
3000 18.81208963262564637 5.0573026956225684 7.296273081112323823e-16 9.160572458356261994e-16 0.3301111676064925615 -1.255801041298753205e-16 6.671241165418157512e-17
3001 18.81846309196926015 5.059407183062260671 7.290367673905295749e-16 9.166493662434786161e-16 0.3301593260736030988 -9.264608697058277653e-17 9.289391379762126697e-17
3002 18.82483724915185519 5.061512200322058952 7.28828533147827485e-16 9.174618032172510641e-16 0.3302062675811907599 -3.266493504753510267e-17 1.27443981518744626e-16
3003 18.83121210470870821 5.063617738149507552 7.290866109599328862e-16 9.185285346563595933e-16 0.3302517199631412881 4.047927338138871994e-17 1.673158695663218234e-16
3004 18.83758765917269073 5.065723787204785999 7.297879722819465615e-16 9.198569369990950991e-16 0.3302956701455225241 1.09995827157028694e-16 2.083358604192824358e-16
3005 18.84396391307378238 5.067830339597867884 7.308271651819054111e-16 9.213740237663151092e-16 0.3303383461367947471 1.62960705376695736e-16 2.379014807680096451e-16
3006 18.85034086693855926 5.069937390127766008 7.320375970712265843e-16 9.229517792959619692e-16 0.3303801701812233982 1.897926451749872861e-16 2.473880588019338857e-16
3007 18.85671852128973569 5.072044937127601294 7.332344961519443566e-16 9.244335826366999919e-16 0.3304216968450289782 1.876501094561078012e-16 2.323174639880124099e-16
3008 18.86309687664581247 5.074152982859250649 7.343015266749035003e-16 9.256854961316660153e-16 0.3304635423242905379 1.672708903280445454e-16 1.962536969757006672e-16
3009 18.86947593352095964 5.076261533396945858 7.351872701589473072e-16 9.266207550129966015e-16 0.3305063042941176477 1.388365136288953956e-16 1.46597840981669604e-16
3010 18.87585569242510175 5.078370597925855989 7.359256292593934276e-16 9.272617306678386853e-16 0.3305504702190736888 1.157218968397670941e-16 1.004591377848882579e-16
3011 18.88223615386420562 5.080480187620802113 7.365874904941808909e-16 9.276837880779674496e-16 0.3305963516070464236 1.037210742994637492e-16 6.614112701231131841e-17
3012 18.88861731834073865 5.0825903141749178 7.372358882270635887e-16 9.279777001315007108e-16 0.3306440292521040658 1.015999910242868933e-16 4.605423567437988777e-17
3013 18.89499918635416975 5.084700984860396566 7.378956279689262542e-16 9.282470958809899754e-16 0.3306928100208414989 1.033658119288776281e-16 4.220802326917439877e-17
3014 18.90138175840145962 5.086812203155558265 7.385548526644295305e-16 9.285337546953322918e-16 0.3307420993021962796 1.032737165087587238e-16 4.490778535614050356e-17
3015 18.90776503497742667 5.088923968153879152 7.39185229134559592e-16 9.288459213374324528e-16 0.3307912101673488592 9.874346604910204582e-17 4.889842449149942567e-17
3016 18.91414901657491754 5.091036274877614787 7.39766987824324915e-16 9.2915552425143994e-16 0.3308395051140433085 9.111780730277904446e-17 4.849147791895717875e-17
3017 18.92053370368478227 5.093149115361403467 7.402812116788112293e-16 9.294595617425205735e-16 0.3308865166349428955 8.053127592314506465e-17 4.76145298814523216e-17
3018 18.92691909679561491 5.095262480196599775 7.406976331154295572e-16 9.29778940926844202e-16 0.3309320192792772342 6.520747605723985518e-17 5.001161968049703757e-17
3019 18.93330519639334852 5.097376360192304112 7.40984923458043529e-16 9.301574583449942516e-16 0.330976047794050876 4.498184493018330166e-17 5.926552090709684958e-17
3020 18.93969200296075073 5.099490747879727337 7.410961990461370492e-16 9.306509104213916277e-16 0.3310188724535470528 1.742079748260606023e-17 7.725260173926213181e-17
3021 18.94607951697694759 5.101605638691826705 7.410379774032603865e-16 9.312959336736421191e-16 0.3310609480908464075 -9.113904216647662294e-18 1.009707017539845105e-16
3022 18.95246773891703285 5.103721031730927393 7.408529929085221234e-16 9.320820136432728229e-16 0.3311028494980169379 -2.895390699915565625e-17 1.230378057728266411e-16
3023 18.9588566692518441 5.10583693006783701 7.406660868982860674e-16 9.329703120897655033e-16 0.331145198025039611 -2.925141850723532672e-17 1.390216910888088269e-16
3024 18.96524630844796988 5.107953340506831807 7.406484395586666388e-16 9.339325437489434269e-16 0.3311885779593660151 -2.761561370915400901e-18 1.505757715984405969e-16
3025 18.9716366569679451 5.110070272743959308 7.409331387659374738e-16 9.349474299377164793e-16 0.3312334416095219503 4.454648882657822393e-17 1.587978298282363187e-16
3026 18.9780277152706347 5.112187738420966632 7.415716135935711934e-16 9.359867718044785363e-16 0.3312800930440477631 9.989016710000226162e-17 1.62606305294238381e-16
3027 18.9844194838117204 5.114305748274555086 7.425141457121869314e-16 9.370454079298962091e-16 0.331328390216735047 1.474439078078178365e-16 1.656065020971013047e-16
3028 18.99081196304419095 5.116424308812647759 7.435981434227784579e-16 9.380970582385851589e-16 0.3313776712363865062 1.695550495266050066e-16 1.644953844756096963e-16
3029 18.99720515341875071 5.118543422522750852 7.446335640199043036e-16 9.391013227848294452e-16 0.3314273070797578158 1.619387664589349875e-16 1.570659906405826045e-16
3030 19.00359905538408611 5.120663087482856923 7.454615860701327112e-16 9.400180559685020791e-16 0.3314766081529598174 1.294874170452829544e-16 1.433602064591496946e-16
3031 19.00999366938691892 5.122783297876274844 7.460218286159728355e-16 9.408355956253400228e-16 0.3315249656781833476 8.760186788901506308e-17 1.27833920404862776e-16
3032 19.01638899587184994 5.124904045222599791 7.463465695432599047e-16 9.415734667562913245e-16 0.3315719636251641678 5.07721898681642193e-17 1.153637561851874633e-16
3033 19.0227850352810286 5.127025319991708407 7.465517102945498744e-16 9.422723276219283142e-16 0.331617438487517735 3.206951379560960572e-17 1.092524426805630671e-16
3034 19.02918178805369109 5.129147113262285451 7.46780981523002177e-16 9.42968176991555234e-16 0.3316614861056081942 3.58378157779034355e-17 1.087695202149926782e-16
3035 19.03557925462568079 5.131269418172405672 7.471669744230239023e-16 9.436989850844105982e-16 0.3317044290170576559 6.032853898409487098e-17 1.142212318341563177e-16
3036 19.04197743542902188 5.133392231014251905 7.477829944290238057e-16 9.444581432058574604e-16 0.3317467607106237559 9.626974055124370606e-17 1.186389316535732383e-16
3037 19.04837633089163162 5.135515551895402986 7.486024234471317782e-16 9.452271059419248753e-16 0.3317890777924838996 1.280435758193122705e-16 1.201577393795802022e-16
3038 19.05477594143721731 5.137639384908381679 7.495219480454645226e-16 9.459480458550219545e-16 0.3318320030870666182 1.436683992987804741e-16 1.126411229161757853e-16
3039 19.06117626748540061 5.139763737737419014 7.50395839833220492e-16 9.465484043454310866e-16 0.3318760976915964833 1.365233648388675508e-16 9.379074431022096669e-17
3040 19.0675773094520089 5.141888620636475338 7.510834963532148868e-16 9.469759046134510614e-16 0.3319217627892473987 1.074168201981431819e-16 6.677857053538819515e-17
3041 19.07397906774950869 5.144014045614142994 7.515085280795192369e-16 9.472212457764525272e-16 0.3319692720485418747 6.638553431024043158e-17 3.831973753057057618e-17
3042 19.08038154278748877 5.146140022164615857 7.517119102703470622e-16 9.473391982474096898e-16 0.332018232288259274 3.176262478649466592e-17 1.842088563607969917e-17
3043 19.08678473497311145 5.148266555759457574 7.517667439445410675e-16 9.474266554687858243e-16 0.3320680149686600635 8.562530771780314486e-18 1.365684791790033135e-17
3044 19.09318864471142874 5.150393647626986038 7.517478804803395992e-16 9.475972424765063011e-16 0.332117957377453088 -2.945286611865918731e-18 2.663496082333185409e-17
3045 19.09959327240553151 5.152521294622818715 7.517089406484370917e-16 9.479719393594086033e-16 0.3321673768921600822 -6.079270595645623258e-18 5.849752377490228393e-17
3046 19.10599861845648562 5.154649489983027522 7.516522361130173488e-16 9.486486573328046661e-16 0.3322157087787779295 -8.851695562190230352e-18 1.056370788972059909e-16
3047 19.11240468326309028 5.156778224713729486 7.515429448549221122e-16 9.4967132932019129e-16 0.332262605470840966 -1.705867699068079829e-17 1.596232983707918177e-16
3048 19.11881146722147662 5.158907489265048163 7.513898839319422769e-16 9.510074953521288741e-16 0.3323079808330516305 -2.388776266827161224e-17 2.085314555469267247e-16
3049 19.12521897072464583 5.161037275165388571 7.512356060314421003e-16 9.52560151038888016e-16 0.3323520038204452187 -2.407498771039384193e-17 2.4229112825621669e-16
3050 19.13162719416201796 5.163167576391420432 7.511948430784394577e-16 9.541810744225686672e-16 0.3323950570914434022 -6.36032309654126087e-18 2.529158384155169962e-16
3051 19.13803613791910152 5.165298390348612934 7.514069470602678034e-16 9.556633563403975623e-16 0.3324376761200914521 3.309127696333958085e-17 2.312573345291110003e-16
3052 19.14444580237729809 5.167429718393092841 7.519813889928672874e-16 9.567947109912540693e-16 0.3324804775467647411 8.961113638430976483e-17 1.76487770414245299e-16
3053 19.15085618791393429 5.16956156583225912 7.52946835454679621e-16 9.573997147359593693e-16 0.3325240778199817782 1.50589666268177533e-16 9.436806245594679921e-17
3054 19.15726729490246427 5.171693941329034594 7.54223940307866317e-16 9.574057118335240542e-16 0.3325690001771806625 1.991794994774848701e-16 9.353177918604172003e-19
3055 19.16367912371284277 5.173826855660461632 7.556335580587543841e-16 9.568617878012009041e-16 0.3326155740069988709 2.198216826778532104e-16 -8.482178658638048561e-17
3056 19.17009167471197983 5.175960320929365643 7.569981390559681964e-16 9.559856801975297534e-16 0.3326640056024977032 2.127744881149921011e-16 -1.366084880893125649e-16
3057 19.1765049482641956 5.178094345078278593 7.581469822796389581e-16 9.550672682775587524e-16 0.3327136458153901466 1.791150384181766506e-16 -1.431887162146605106e-16
3058 19.18291894473158621 5.180228932227759486 7.589842067209441338e-16 9.544142526145284879e-16 0.3327638985192415966 1.30516137086307836e-16 -1.017995624479098158e-16
3059 19.18933366447426181 5.182364082081183376 7.59517587612480624e-16 9.542362750971298606e-16 0.3328140750763882716 8.314014484531382267e-17 -2.774204477611453008e-17
3060 19.19574910785036792 5.18449979010960238 7.598136019613332896e-16 9.545935332279211553e-16 0.3328635159799627208 4.613569627893244215e-17 5.56809245202139895e-17
3061 19.20216527521593619 5.186636048566545476 7.599789294676631232e-16 9.554024118250909039e-16 0.3329117201828084571 2.576442206555639336e-17 1.260545812364879079e-16
3062 19.208582166924554 5.18877284803021066 7.60100358106675846e-16 9.564542302901941382e-16 0.3329584271926827044 1.892114320942508828e-17 1.638955024971346423e-16
3063 19.2149997833269417 5.190910179113085832 7.602646418805387942e-16 9.57515783036554194e-16 0.3330036430232773403 2.559598539707254e-17 1.653936232115034792e-16
3064 19.22141812477050848 5.193048034040535832 7.604882946440850591e-16 9.583916596257516425e-16 0.3330476196279941736 3.484194346674394671e-17 1.364492086785635401e-16
3065 19.22783719159896521 5.195186407907597115 7.607491049317132908e-16 9.589886381530386583e-16 0.3330908046283573842 4.062596812445949981e-17 9.299031430508759766e-17
3066 19.23425698415207208 5.19732529951148603 7.610035924092465665e-16 9.593202627629676983e-16 0.3331337751112776191 3.963659212793948451e-17 5.165075126975507285e-17
3067 19.24067750276557831 5.199464711695269692 7.611908849506827709e-16 9.594907854681526536e-16 0.3331771614177598817 2.916763669171228076e-17 2.655601912591619146e-17
3068 19.24709874777132868 5.201604651133545865 7.613215099385355456e-16 9.596571032294411675e-16 0.3332215602153472123 2.034032434602858228e-17 2.589823941594731255e-17
3069 19.25352071949756905 5.203409636335345922 7.614210035547337256e-16 9.599042034156455558e-16 0.3331941401963889882 1.836618376211891263e-17 4.561385545021757342e-17
3070 19.25893793722155678 5.205214845631661369 7.615628534885505641e-16 9.603440436947615957e-16 0.3332340227584725256 2.618489954062092192e-17 8.119266052984430227e-17
3071 19.26435517907870931 5.207020286423843736 7.617865295008172333e-16 9.61033793241793979e-16 0.3332752093201354349 4.128945691869394608e-17 1.273242665508972732e-16
3072 19.26977244607515161 5.208825963707565343 7.621131220369744457e-16 9.61962811691163798e-16 0.3333172558331398694 6.028703407241137763e-17 1.714912642219335923e-16
3073 19.27518973921591083 5.210631880690897333 7.625163319319267501e-16 9.630556384548612118e-16 0.333359832344130691 7.442976848958611977e-17 2.017282909955469377e-16
3074 19.28060705950501941 5.212438038391885797 7.629484764737488397e-16 9.642100926891200601e-16 0.3334025346201346385 7.977049041002467771e-17 2.131031900448811261e-16
3075 19.2860244079455363 5.214244435570916991 7.633595916973700381e-16 9.652840986735035962e-16 0.3334449459481592659 7.588823494087098887e-17 1.982520076801739083e-16
3076 19.29144178553959321 5.216051068996716999 7.636917283012665074e-16 9.661572784671580659e-16 0.3334866987230414859 6.130913885280964008e-17 1.611803715236342729e-16
3077 19.29685919328844079 5.217857933977894547 7.639271781625110124e-16 9.66742399848847317e-16 0.3335275234625684204 4.34614705240961623e-17 1.080070107023793659e-16
3078 19.30227663219249123 5.219665025053584095 7.64076984021501305e-16 9.670447499788472514e-16 0.3335672781747959226 2.765235981199939358e-17 5.58101975471146955e-17
3079 19.30769410325133606 5.221472336731863173 7.641824639218515485e-16 9.671274574063812057e-16 0.3336059571747398977 1.947020181519760058e-17 1.526670294864191247e-17
3080 19.31311160746374611 5.223279864184025456 7.643012852444568323e-16 9.671100958500867997e-16 0.3336436829338295662 2.193271456966005434e-17 -3.204694665413793402e-18
3081 19.31852914582763248 5.225087603831757299 7.64493693772498559e-16 9.671276375828899841e-16 0.3336806863083144337 3.551562846402493666e-17 3.237931661305574892e-18
3082 19.32394671933999675 5.226895553789909776 7.648044405768164866e-16 9.673005962702897501e-16 0.3337172798822125031 5.735865520028710471e-17 3.192527670953629747e-17
3083 19.32936432899686352 5.228703714142679537 7.652717878986381207e-16 9.677105947372807145e-16 0.3337538272131006512 8.626389637227169897e-17 7.567833090694863382e-17
3084 19.33478197579320934 5.230512087034524527 7.658817905764191902e-16 9.683764323127755207e-16 0.333790708632704658 1.125947126295893964e-16 1.229007563434391416e-16
3085 19.34019966072294494 5.232320676553785077 7.665936237945875394e-16 9.69248847546224027e-16 0.3338282829806535346 1.313897147247080576e-16 1.610298391795091299e-16
3086 19.34561738477889392 5.234129488386372486 7.673439636926233234e-16 9.702118777067023625e-16 0.333866845161498893 1.384962272154733244e-16 1.777541675047740069e-16
3087 19.3510351489528496 5.23593852923147729 7.680712638132651104e-16 9.711385223999788556e-16 0.3339065822197440636 1.342425729019415113e-16 1.7103691345683136e-16
3088 19.35645295423562828 5.237747806806737572 7.687153798344772991e-16 9.71923695222676451e-16 0.3339476821418699837 1.188878120502181798e-16 1.449233925219553565e-16
3089 19.36187080161715812 5.239557326668136561 7.692601832496448223e-16 9.725013306735133509e-16 0.3339897459389928325 1.005563730468396253e-16 1.066163028026705663e-16
3090 19.36728869208655368 5.241367092572073894 7.696782764681319029e-16 9.728447258191896335e-16 0.3340324414597476421 7.716837753720773483e-17 6.338119126132591161e-17
3091 19.37270662663215859 5.243177106163565249 7.699726359154234662e-16 9.729942312474780976e-16 0.3340753790127868328 5.433011353185197144e-17 2.759431357573622126e-17
3092 19.37812460624155264 5.244987366811504792 7.701453764621882455e-16 9.730445033297810023e-16 0.3341181385156370975 3.188256342914953192e-17 9.278671873825748413e-18
3093 19.38354263190152338 5.246797871786708534 7.702138821845698623e-16 9.731099041306628254e-16 0.3341603327650478072 1.264392824149673721e-17 1.207086071844487328e-17
3094 19.3889607045980128 5.248608616730972898 7.702155989782099893e-16 9.733217311047252404e-16 0.3342016611474883381 3.168614598057878872e-19 3.909602334208269849e-17
3095 19.39437882531604629 5.250419596317545512 7.701921499391319908e-16 9.737830995391765018e-16 0.3342419449640001705 -4.327852443558388113e-18 8.515208234225250334e-17
3096 19.39979699503967936 5.252230804989536317 7.702127505977516044e-16 9.745396077756170814e-16 0.3342811418072496044 3.802108388639777458e-18 1.396230268630598369e-16
3097 19.40521521475197986 5.254042237676817884 7.703651629094410123e-16 9.755724104789059719e-16 0.3343193415843819238 2.812932771453274299e-17 1.906148222754125571e-16
3098 19.41063348543502443 5.255853890419800223 7.707129755873840661e-16 9.768127389125200297e-16 0.3343567493210261587 6.419194672940123281e-17 2.289137279537272785e-16
3099 19.41605180806993758 5.257665760856019332 7.712886455134883019e-16 9.781467911259598215e-16 0.3343936598366028523 1.062440059729581591e-16 2.462088862138635782e-16
3100 19.42147018363693789 5.25947784854384448 7.720819474115607639e-16 9.794520749834041329e-16 0.3344304276782358865 1.46408087662005106e-16 2.408970833031216984e-16
3101 19.42688861311539483 5.261290155104071609 7.730332676836860291e-16 9.806158174201549614e-16 0.3344674335086444961 1.755694410897844339e-16 2.14772685056281722e-16
3102 19.43230709748386076 5.263102684158070588 7.740645823685652842e-16 9.815574063853083733e-16 0.3345050465591405398 1.903307237594593753e-16 1.737717030981409138e-16
3103 19.437725637720078 5.264915441039026867 7.750848009183185886e-16 9.822385010658002251e-16 0.3345435827562096009 1.882809396087950054e-16 1.256957604197249083e-16
3104 19.44314423480097886 5.266728432262861581 7.759881048027362187e-16 9.826708387906153893e-16 0.3345832603728988719 1.667026043936093781e-16 7.978690886597164987e-17
3105 19.44856288970264302 5.268541665387174611 7.767104816717180047e-16 9.829004804270062363e-16 0.3346242716431910291 1.33311503299680839e-16 4.237936329637187351e-17
3106 19.4539816034002726 5.270355146615994357 7.772311914912061457e-16 9.829850632184607157e-16 0.3346663667646515572 9.609366816560067863e-17 1.560921340516189443e-17
3107 19.45940037686816382 5.272168880155159165 7.775593009342327698e-16 9.829989546638837128e-16 0.3347091769869049438 6.054982127508380506e-17 2.563548704533349184e-18
3108 19.4648192110796785 5.273982868184707407 7.77731358331690501e-16 9.829961094935953852e-16 0.3347523284804569399 3.175137514308864182e-17 -5.250461212767690387e-19
3109 19.47023810700725122 5.275797110610655594 7.778091349994572334e-16 9.830124959560711338e-16 0.3347954016254955367 1.435269639251406712e-17 3.023913567058504935e-18
3110 19.47565706562239285 5.27761160516354888 7.778674855950412474e-16 9.830518431526505933e-16 0.3348379950070183853 1.076773496048712973e-17 7.260940183491286927e-18
3111 19.48107608789570477 5.279426347807707032 7.779614463786613004e-16 9.83104070141301157e-16 0.3348797827472525523 1.733885898737930041e-17 9.637599396887767385e-18
3112 19.48649517479688953 5.281241333369517399 7.781275581323406766e-16 9.831457851474199404e-16 0.3349205549243375879 3.065271806694695565e-17 7.697699250038739939e-18
3113 19.49191432729477214 5.283056556271000126 7.783836125786494117e-16 9.831498899206682339e-16 0.3349602369903973975 4.724932566020346197e-17 7.57447374059640913e-19
3114 19.49733354635728588 5.284872011263320957 7.787052952543986147e-16 9.830882893255234117e-16 0.3349988897551034461 5.935886027761006293e-17 -1.136691962570580153e-17
3115 19.50275283295148299 5.286687694080926647 7.790622109269525632e-16 9.829471747412718099e-16 0.3350366947307749088 6.585943649990063526e-17 -2.603899944831575415e-17
3116 19.50817218804351327 5.288503601965720335 7.793940225682446478e-16 9.827511686300247394e-16 0.335073930142653964 6.122636045906840923e-17 -3.616732906857579851e-17
3117 19.51359161259862773 5.290319734031699639 7.796967041011175815e-16 9.825572274595726946e-16 0.3351109414859902991 5.585050523118379198e-17 -3.578583817805365262e-17
3118 19.51901110758117142 5.292136091449719082 7.799606483787273859e-16 9.824622329769186656e-16 0.3351481083299818198 4.870210260813882648e-17 -1.752805964699703644e-17
3119 19.52443067395459053 5.29395267743146114 7.802176645039097441e-16 9.825820775411397908e-16 0.3351858072653429166 4.742311030984141207e-17 2.211301716988037502e-17
3120 19.5298503126814289 5.295769496988918412 7.804926478704943461e-16 9.830185979717035228e-16 0.3352243704841522121 5.0737634113731481e-17 8.054310398551911353e-17
3121 19.53527002472334573 5.297586556452459128 7.808258807735492742e-16 9.838666129044235153e-16 0.335264041237304744 6.148450944678875016e-17 1.564664883444710609e-16
3122 19.54068981104112268 5.299403863173877127 7.812572559098407117e-16 9.851774918571310428e-16 0.3353050079721128784 7.95915415975055509e-17 2.418657634992095784e-16
3123 19.54610967259466392 5.301221423895261964 7.817887190214203768e-16 9.869379532720940546e-16 0.335347158173449067 9.805705088436553256e-17 3.248121097885460919e-16
3124 19.55152961034301029 5.303039243180640128 7.824036981552070399e-16 9.890794938543645063e-16 0.3353900899671628522 1.13464472881161474e-16 3.951171023067954689e-16
3125 19.55694962524433222 5.304857323652283796 7.830631066434183251e-16 9.914498027900667226e-16 0.3354334450994618799 1.216599949113372503e-16 4.373188671533046856e-16
3126 19.5623697182559404 5.306675665672895725 7.83732828013870601e-16 9.938616571685678205e-16 0.3354768067011450472 1.235609055898208611e-16 4.449774552618797812e-16
3127 19.56778989033427862 5.30849426737512875 7.843591168436179798e-16 9.961364394122892591e-16 0.3355197633727780571 1.155460702043141774e-16 4.196820002977793946e-16
3128 19.57321014243493451 5.310313125016573821 7.849167338521971659e-16 9.980805760292013174e-16 0.3355619692318530523 1.028750448701186984e-16 3.586747509873871209e-16
3129 19.57863047551263236 5.312132233576747353 7.8537027262431307e-16 9.995693541735931688e-16 0.3356031885535129544 8.367233346438483397e-17 2.746612836888920493e-16
3130 19.58405089052124382 5.313951587483202843 7.85695939875200892e-16 1.000536596304391471e-15 0.3356433195846100226 6.00806895129871119e-17 1.78441565696120357e-16
3131 19.58947138841378788 5.315771181357044739 7.859079262776057569e-16 1.00096616974293594e-15 0.3356823981132879831 3.910768493435847108e-17 7.924858623090711478e-17
3132 19.59489197014243445 5.317591010691926634 7.860508698772254006e-16 1.000907166891429355e-15 0.335720585187834708 2.637011503953342067e-17 -1.088479642340229195e-17
3133 19.60031263665850076 5.319411072409928387 7.861836512871366335e-16 1.000456215199131154e-15 0.3357581443934311571 2.449501539469118486e-17 -8.318987313428292074e-17
3134 19.60573338891244788 5.32123136526084739 7.863752870783304081e-16 9.99736495298524087e-16 0.3357954129583787806 3.535168509232725963e-17 -1.327690987286261593e-16
3135 19.61115422785388063 5.323051890043043244 7.867000908046087653e-16 9.988937987360762628e-16 0.3358327688292023772 5.991664370014044901e-17 -1.554524951362663892e-16
3136 19.61657515443154054 5.324872649624978749 7.872091137065846339e-16 9.980799453354623596e-16 0.3358705939021813802 9.389807753459644003e-17 -1.501293348806177915e-16
3137 19.62199616959330939 5.326693648743743736 7.878862224801887042e-16 9.974305624780566662e-16 0.3359092328827668616 1.249023606743164157e-16 -1.197879203952420916e-16
3138 19.62741727428619498 5.328514893561352217 7.886847279122670565e-16 9.970527232552595752e-16 0.3359489486074340725 1.472932456803470536e-16 -6.9696664838312049e-17
3139 19.63283846945634892 5.33033639122016023 7.894932723800422987e-16 9.970156664840611137e-16 0.3359899218868920845 1.4914254281700122e-16 -6.83542007324096732e-18
3140 19.63825975604905238 5.332158148892227167 7.902067550693427158e-16 9.973398257805535914e-16 0.3360321581681876557 1.316053894420022211e-16 5.979277576863019713e-17
3141 19.64368113500872681 5.333980171419114846 7.907307551489483719e-16 9.980173651040098069e-16 0.3360752275540250245 9.665272706186153026e-17 1.249733079296056948e-16
3142 19.64910260727893387 5.335802461775099204 7.910107192738514437e-16 9.990192251970019895e-16 0.3361187856138272423 5.163897255387444159e-17 1.847916259369522783e-16
3143 19.65452417380237549 5.337625020693508304 7.910352099970474967e-16 1.000268432995338845e-15 0.3361624190203610918 4.517198686963933474e-18 2.304105020180588792e-16
3144 19.65994583552089736 5.339447846639279405 7.908391855301075241e-16 1.001676754903629726e-15 0.3362057094136105539 -3.615514971293535602e-17 2.597537451988588639e-16
3145 19.66536759337548546 5.34127093611793935 7.904966199463297927e-16 1.003138952144154665e-15 0.3362482954514192102 -6.31823588331074257e-17 2.696857918907952815e-16
3146 19.67078944830626597 5.34309428424499977 7.900731115440455056e-16 1.004569397277181289e-15 0.3362899208345104807 -7.810993685915426211e-17 2.638247043471785093e-16
3147 19.67621140125250889 5.344917885464366414 7.896631212688708611e-16 1.005874238754198061e-15 0.3363304617811997965 -7.561533580417692159e-17 2.406545531203405381e-16
3148 19.68163345315262092 5.346741734302797866 7.893566864892808167e-16 1.006990871849214071e-15 0.336369933663171139 -5.651534508277717584e-17 2.059391064555664163e-16
3149 19.68705560494415963 5.348565826069060059 7.892208705254244293e-16 1.00788797401870009e-15 0.3364084807934712429 -2.504788570042512979e-17 1.654482430847236979e-16
3150 19.69247785756382996 5.350390157435923832 7.893022779985456075e-16 1.008570597099477598e-15 0.3364463548086721878 1.501330738662335019e-17 1.25890532502659707e-16
3151 19.6979002119474913 5.352214726867916106 7.896049223928816159e-16 1.009070335287717476e-15 0.3364838862114984952 5.581314701468511817e-17 9.216083790444321734e-17
3152 19.7033226690301646 5.354039534871263939 7.901133024923970879e-16 1.009453651356321093e-15 0.33652145157370289 9.375277219646080782e-17 7.068912432504876617e-17
3153 19.70874522974602527 5.355864584044932819 7.90786471180059219e-16 1.009797013304780025e-15 0.3365594368502858869 1.241398191860025494e-16 6.331977553068689868e-17
3154 19.71416789502841382 5.357689878908998615 7.915443374643728206e-16 1.010168284251297556e-15 0.3365981963165101121 1.397562823251702854e-16 6.84651742591075445e-17
3155 19.71959066580983944 5.359515425489719931 7.923026547876651613e-16 1.010608378366741754e-15 0.3366380077051905895 1.398367128055168757e-16 8.11550950222072401e-17
3156 19.7250135430219693 5.361341230749202325 7.929912293621548488e-16 1.011135025932408156e-15 0.3366790435558764671 1.269733603581783071e-16 9.711397082398236278e-17
3157 19.73043652759563926 5.363167302185365415 7.935693574073723592e-16 1.01171626145188142e-15 0.3367214026293314788 1.066048580738869504e-16 1.071778658266772089e-16
3158 19.73585962046085029 5.364993644846194343 7.940276094861251033e-16 1.012306051984710728e-15 0.33676463312531002 8.449843311989831676e-17 1.087531911010142103e-16
3159 19.74128282254676847 5.366820261970861594 7.94371055527883369e-16 1.012859420722014765e-15 0.3368084014955422534 6.332772794169840692e-17 1.020351979251889818e-16
3160 19.74670613478172498 5.368647154573522151 7.946357894180300939e-16 1.013339519431442803e-15 0.3368522974755231991 4.88130604862597189e-17 8.852318579117968807e-17
3161 19.75212955809322324 5.370474321372054938 7.948496815976497648e-16 1.013714545261189902e-15 0.336895897695578983 3.94377776133511392e-17 6.914785430271277164e-17
3162 19.75755309340793175 5.372301759061390847 7.950101556717983315e-16 1.01397677867254722e-15 0.3369388292167487253 2.958784695028045062e-17 4.835000346103343275e-17
3163 19.76297674165169127 5.374129462861476192 7.951024378083039968e-16 1.014128396013113024e-15 0.3369808201615024368 1.701441450440429749e-17 2.795427561740120851e-17
3164 19.76840050374951474 5.375957427229862695 7.950952528963373356e-16 1.014214553936597095e-15 0.3370217300566424323 -1.324681981323298884e-18 1.588493349916340602e-17
3165 19.77382438062558379 5.377785646623531868 7.949658711677071466e-16 1.014274439286476693e-15 0.3370615588961684006 -2.385359617986526257e-17 1.104082445211966077e-17
3166 19.77924837320324869 5.379614116214297859 7.946979462215718695e-16 1.014358597547494786e-15 0.3371004385686549587 -4.939519765698731464e-17 1.55155912035026733e-17
3167 19.78467248240503551 5.381442832491645234 7.943125913381318462e-16 1.014510243060952036e-15 0.3371386120899346195 -7.104328439265033577e-17 2.795707489999166452e-17
3168 19.79009670915263541 5.383271793712753883 7.938825847776697324e-16 1.014739459697225616e-15 0.3371764054200612759 -7.92734502461446931e-17 4.22570148504104418e-17
3169 19.79552105436691534 5.385101000174527641 7.935077353282206307e-16 1.015029604723224918e-15 0.337214194639108622 -6.910349260646155277e-17 5.348823291168750491e-17
3170 19.80094551896791444 5.386930454286025238 7.933030613903490379e-16 1.015370446934474579e-15 0.337252369146626374 -3.773080178177545271e-17 6.283286502058823845e-17
3171 19.80637010387484054 5.388760160417394474 7.933505719457697561e-16 1.015757939560396156e-15 0.3372912904596782058 8.75818049334503191e-18 7.143108152721682695e-17
3172 19.81179481000607723 5.390590124503791714 7.937111236693289423e-16 1.016189423140185037e-15 0.3373312470498056048 6.646325107595352535e-17 7.953866151452690425e-17
3173 19.81721963827918032 5.392420353402545885 7.943897079184032749e-16 1.01669041606677491e-15 0.337372408865492357 1.250857763661467506e-16 9.234975504063585871e-17
3174 19.82264458961088138 5.394250854794393923 7.953340972406782476e-16 1.017306288071434703e-15 0.3374149276332864544 1.740785646228875318e-16 1.135232176326778562e-16
3175 19.82806966491708422 5.396081633892306328 7.964449983696667557e-16 1.018045973636197921e-15 0.3374583484189725979 2.04766845258782022e-16 1.363425381680303895e-16
3176 19.83349486511287196 5.397912694116087096 7.975876410055033501e-16 1.018905452161132033e-15 0.3375023406717027608 2.106127145015101056e-16 1.584197014139795038e-16
3177 19.83892019111249638 5.399744036668324476 7.986367914557450634e-16 1.01983707062259403e-15 0.3375464957114838738 1.933756508418534184e-16 1.717125759036836661e-16
3178 19.84434564382939215 5.401575660433228343 7.995031407568862048e-16 1.020775698186418816e-15 0.3375903862506097197 1.596786418719516554e-16 1.730003988203091787e-16
3179 19.84977122417617323 5.403407562226321126 8.001449078755936625e-16 1.021624182185569174e-15 0.3376336310615034586 1.182826303255584986e-16 1.563821459266749027e-16
3180 19.85519693306462941 5.405239737329107008 8.005462836951723336e-16 1.022305056589784818e-15 0.3376759474945250639 7.397489463291285002e-17 1.254874106840229345e-16
3181 19.86062277140573684 5.407072180199495648 8.007497333467644733e-16 1.022767313280622183e-15 0.3377171838582417318 3.749554461037955908e-17 8.51933942235852392e-17
3182 19.86604874010965105 5.408904885240668925 8.00797271940332291e-16 1.023006731137115216e-15 0.3377573301742693435 8.761097985214900581e-18 4.412337729663500968e-17
3183 19.87147484008571041 5.410737847529499156 8.007452540695869902e-16 1.023071509662688995e-15 0.337796510706913744 -9.586370292094768421e-18 1.193803060811503613e-17
3184 19.87690107224244329 5.412571063435136942 8.006389259976131492e-16 1.023051387487327615e-15 0.3378349637055786392 -1.959471343539608649e-17 -3.70822354421137367e-18
3185 19.88232743748756093 5.414404531085069472 8.005161086886986545e-16 1.023063003151209366e-15 0.337873013282967205 -2.263288051348101064e-17 2.140544643446281473e-18
3186 19.88775393672796099 5.416238250652022579 8.003980193886902977e-16 1.023217925934412318e-15 0.3379110363895440616 -2.176105794554547347e-17 2.854859553003987939e-17
3187 19.89318057086973468 5.418072224439487883 8.002957823702913268e-16 1.023595477860361457e-15 0.3379494256981123712 -1.883938684902945497e-17 6.957212661262464214e-17
3188 19.89860734081815608 5.419906456741681922 8.002187242635296623e-16 1.024224708721922514e-15 0.3379885480375172668 -1.419926886454620016e-17 1.159465052627731952e-16
3189 19.90403424747769634 5.421740953455926437 8.001760441777612462e-16 1.025086549359084917e-15 0.3380286987751436878 -7.864333440269051966e-18 1.588047920006570244e-16
3190 19.90946129175202017 5.423575721444560571 8.001889445954559412e-16 1.02609310165024762e-15 0.3380700556743568286 2.377000773558185936e-18 1.854649695332068955e-16
3191 19.91488847454398226 5.425410768395283689 8.002981922141598383e-16 1.027138100848282552e-15 0.3381127707476882516 2.012919344816144624e-17 1.925441603210409568e-16
3192 19.9203157967556379 5.427246099667512702 8.005217172892323662e-16 1.028126633891335691e-15 0.3381564149372950911 4.118408440963825605e-17 1.821353969956069499e-16
3193 19.92574325928823242 5.429081718778458132 8.008722423381896656e-16 1.029003694650320327e-15 0.3382006487851870746 6.458191585931052925e-17 1.615926288542030517e-16
3194 19.93117086304221175 5.430917627023937655 8.013423889493843818e-16 1.029746416625424894e-15 0.3382450630072688647 8.661912735442318917e-17 1.368380156714109878e-16
3195 19.93659860891721891 5.432753823361897716 8.019107930625432234e-16 1.030400570231415734e-15 0.3382892269026960275 1.047191871771385606e-16 1.205171326570258768e-16
3196 19.94202649781209047 5.434590304651803372 8.02531555887086673e-16 1.031024776360144374e-15 0.3383327539185008725 1.143623935144109421e-16 1.149967493305886975e-16
3197 19.94745453062486362 5.436427066185694379 8.03178966088114162e-16 1.031688947475520856e-15 0.3383753553767558375 1.192684258707970781e-16 1.223561867176039839e-16
3198 19.95288270825276911 5.438264102401456412 8.038094227399534868e-16 1.032432249291336158e-15 0.3384168740287229471 1.161420594191277686e-16 1.369302765018030086e-16
3199 19.95831103159224185 5.440101407659341248 8.043950924286982269e-16 1.033237527078004631e-15 0.3384572956900174234 1.078885384829294945e-16 1.483434180495600842e-16
3200 19.96373950153891386 5.441938976980643439 8.049044973908898898e-16 1.034049566405488812e-15 0.3384967422493496136 9.383696070050189431e-17 1.495849238149663025e-16
3201 19.96916811898761424 5.443776806677032454 8.053315456918028425e-16 1.034804159550106525e-15 0.3385354515083367488 7.866397504051555536e-17 1.389990222816699936e-16
3202 19.97459688483237272 5.445614894826214858 8.056958647207624798e-16 1.035428320946427639e-15 0.3385737488606011536 6.710715123808104145e-17 1.149698201038555157e-16
3203 19.9800257999664268 5.447453241566199367 8.060157113615523407e-16 1.035891237330550242e-15 0.3386120138655445144 5.891375811230803523e-17 8.526631329650908566e-17
3204 19.98545486528220749 5.449291849185229353 8.063491204628086579e-16 1.036180718990023035e-15 0.3386506426057342423 6.14101699690438309e-17 5.33192340705798452e-17
3205 19.99088408167135356 5.451130721982792693 8.067437626908302681e-16 1.036355737554377287e-15 0.3386900055191465753 7.268658199951531194e-17 3.223552961663324608e-17
3206 19.99631345002470795 5.452378984169260256 8.070442517212946126e-16 1.036451426372602641e-15 0.3385990139380626873 8.150955025111582334e-17 2.595619722143312411e-17
