time=0.0000, cycle=4

Searching for horizon 0
center = (0.003011, -0.000000, -0.000000)
r_mean = 0.233970
 iter      area            mass         meanradius       minradius        hmean            Sx              Sy              Sz             S
  0   5.0264850e+01   9.9999370e-01   2.3397033e-01   1.0001851e-01   7.5401636e-05   9.4543873e-21  -1.4135799e-16  -3.5339496e-17   1.4570848e-16
  1   5.0264849e+01   9.9999370e-01   2.3396739e-01   1.0001067e-01  -9.5809550e-05  -1.8941772e-20  -2.8271597e-16   0.0000000e+00   2.8271597e-16
Found horizon 0 (hmean)
 mass_irr = 0.999994
 meanradius = 0.233967
 minradius = 0.100011
 hrms = 0.000003
 hmean = -0.000096
 Sx = -0.000000
 Sy = -0.000000
 Sz = 0.000000
 S  = 0.000000
time=0.5007, cycle=4

Searching for horizon 0
center = (0.311236, -0.000000, -0.000000)
r_mean = 0.233967
 iter      area            mass         meanradius       minradius        hmean            Sx              Sy              Sz             S
  0   5.0244954e+01   9.9979578e-01   2.3396739e-01   1.0001067e-01  -9.0293008e-01  -4.1889095e-16  -7.0678993e-16  -9.8950590e-16   1.2861351e-15
  1   5.0244421e+01   9.9979048e-01   2.3416580e-01   1.0013582e-01  -8.8866169e-01  -4.1670010e-16  -6.3611094e-16  -1.0248454e-15   1.2761599e-15
  2   5.0243981e+01   9.9978610e-01   2.3434878e-01   1.0024377e-01  -8.7530365e-01  -4.1555449e-16  -7.7746892e-16  -9.5416640e-16   1.2990677e-15
  3   5.0243612e+01   9.9978242e-01   2.3451913e-01   1.0033936e-01  -8.6283943e-01  -4.1488538e-16  -6.3611094e-16  -8.1280842e-16   1.1123958e-15
  4   5.0243297e+01   9.9977929e-01   2.3467904e-01   1.0042748e-01  -8.5130576e-01  -4.1333680e-16  -7.0678993e-16  -8.4814792e-16   1.1788784e-15
  5   5.0243026e+01   9.9977660e-01   2.3483035e-01   1.0051088e-01  -8.4033089e-01  -4.1178139e-16  -6.3611094e-16  -8.1280842e-16   1.1112419e-15
  6   5.0242793e+01   9.9977428e-01   2.3497413e-01   1.0058911e-01  -8.2973417e-01  -4.1007130e-16  -6.3611094e-16  -8.8348741e-16   1.1633338e-15
  7   5.0242591e+01   9.9977227e-01   2.3511109e-01   1.0066192e-01  -8.1953608e-01  -4.0757028e-16  -6.3611094e-16  -8.4814792e-16   1.1358281e-15
  8   5.0242416e+01   9.9977053e-01   2.3524192e-01   1.0073009e-01  -8.0971665e-01  -4.0617998e-16  -6.3611094e-16  -6.7145043e-16   1.0101807e-15
  9   5.0242265e+01   9.9976902e-01   2.3536726e-01   1.0079432e-01  -8.0016842e-01  -4.0430732e-16  -5.6543194e-16  -7.0678993e-16   9.9132724e-16
 10   5.0242134e+01   9.9976772e-01   2.3548753e-01   1.0085485e-01  -7.9096690e-01  -4.0360553e-16  -5.6543194e-16  -8.1280842e-16   1.0692372e-15
 11   5.0242021e+01   9.9976660e-01   2.3560319e-01   1.0091223e-01  -7.8210710e-01  -4.0235903e-16  -6.3611094e-16  -6.7145043e-16   1.0086504e-15
 12   5.0241925e+01   9.9976564e-01   2.3571467e-01   1.0096690e-01  -7.7340008e-01  -4.0090322e-16  -5.6543194e-16  -7.0678993e-16   9.8994377e-16
 13   5.0241843e+01   9.9976483e-01   2.3582215e-01   1.0101878e-01  -7.6504778e-01  -3.9923507e-16  -5.6543194e-16  -7.4212943e-16   1.0148192e-15
 14   5.0241775e+01   9.9976414e-01   2.3592603e-01   1.0106844e-01  -7.5690643e-01  -3.9758549e-16  -5.6543194e-16  -6.0077144e-16   9.1581320e-16
 15   5.0241717e+01   9.9976358e-01   2.3602656e-01   1.0111604e-01  -7.4890598e-01  -3.9586015e-16  -5.6543194e-16  -6.7145043e-16   9.6294560e-16
 16   5.0241671e+01   9.9976311e-01   2.3612386e-01   1.0116154e-01  -7.4119527e-01  -3.9407904e-16  -5.6543194e-16  -6.3611094e-16   9.3789589e-16
 17   5.0241634e+01   9.9976275e-01   2.3621823e-01   1.0120528e-01  -7.3362613e-01  -3.9263764e-16  -4.9475295e-16  -6.0077144e-16   8.7170587e-16
 18   5.0241606e+01   9.9976247e-01   2.3630978e-01   1.0124727e-01  -7.2629471e-01  -3.9081893e-16  -4.9475295e-16  -7.0678993e-16   9.4713881e-16
 19   5.0241586e+01   9.9976227e-01   2.3639871e-01   1.0128774e-01  -7.1911875e-01  -3.8899634e-16  -4.9475295e-16  -7.0678993e-16   9.4638821e-16
 20   5.0241573e+01   9.9976214e-01   2.3648517e-01   1.0132675e-01  -7.1214032e-01  -3.8723496e-16  -5.6543194e-16  -6.0077144e-16   9.1136739e-16
 21   5.0241567e+01   9.9976208e-01   2.3656929e-01   1.0136442e-01  -7.0531881e-01  -3.8548264e-16  -6.3611094e-16  -6.0077144e-16   9.5611731e-16
 22   5.0241567e+01   9.9976208e-01   2.3665120e-01   1.0140084e-01  -6.9861219e-01  -3.8323376e-16  -4.2407396e-16  -5.6543194e-16   8.0400256e-16
 23   5.0241573e+01   9.9976214e-01   2.3673098e-01   1.0143603e-01  -6.9207404e-01  -3.8275028e-16  -5.6543194e-16  -5.6543194e-16   8.8652374e-16
 24   5.0241584e+01   9.9976225e-01   2.3680875e-01   1.0147007e-01  -6.8572033e-01  -3.8042568e-16  -6.3611094e-16  -5.3009245e-16   9.1124027e-16
 25   5.0241600e+01   9.9976241e-01   2.3688464e-01   1.0150311e-01  -6.7946886e-01  -3.7921075e-16  -6.3611094e-16  -6.0077144e-16   9.5360591e-16
 26   5.0241620e+01   9.9976261e-01   2.3695872e-01   1.0153517e-01  -6.7332502e-01  -3.7740903e-16  -5.6543194e-16  -6.0077144e-16   9.0723601e-16
 27   5.0241644e+01   9.9976285e-01   2.3703105e-01   1.0156626e-01  -6.6731122e-01  -3.7610814e-16  -5.6543194e-16  -4.9475295e-16   8.4020896e-16
 28   5.0241673e+01   9.9976313e-01   2.3710171e-01   1.0159644e-01  -6.6138537e-01  -3.7439658e-16  -5.6543194e-16  -5.3009245e-16   8.6074624e-16
 29   5.0241704e+01   9.9976345e-01   2.3717077e-01   1.0162572e-01  -6.5566403e-01  -3.7371367e-16  -5.6543194e-16  -5.6543194e-16   8.8265988e-16
 30   5.0241739e+01   9.9976380e-01   2.3723834e-01   1.0165428e-01  -6.4999969e-01  -3.7106790e-16  -5.6543194e-16  -4.5941345e-16   8.1759733e-16
 31   5.0241778e+01   9.9976418e-01   2.3730444e-01   1.0168205e-01  -6.4438695e-01  -3.6989967e-16  -5.6543194e-16  -4.5941345e-16   8.1706779e-16
 32   5.0241819e+01   9.9976458e-01   2.3736910e-01   1.0170902e-01  -6.3897809e-01  -3.6780804e-16  -4.2407396e-16  -4.5941345e-16   7.2538417e-16
 33   5.0241862e+01   9.9976502e-01   2.3743245e-01   1.0173537e-01  -6.3365493e-01  -3.6642423e-16  -4.9475295e-16  -5.3009245e-16   8.1243166e-16
 34   5.0241908e+01   9.9976548e-01   2.3749453e-01   1.0176109e-01  -6.2833877e-01  -3.6530632e-16  -4.2407396e-16  -5.3009245e-16   7.7089911e-16
 35   5.0241957e+01   9.9976596e-01   2.3755533e-01   1.0178612e-01  -6.2331054e-01  -3.6289808e-16  -4.2407396e-16  -6.7145043e-16   8.7314341e-16
 36   5.0242007e+01   9.9976646e-01   2.3761512e-01   1.0181057e-01  -6.1834480e-01  -3.6153792e-16  -4.2407396e-16  -5.3009245e-16   7.6912053e-16
 37   5.0242060e+01   9.9976698e-01   2.3767386e-01   1.0183439e-01  -6.1355144e-01  -3.6004289e-16  -4.2407396e-16  -4.9475295e-16   7.4447974e-16
 38   5.0242114e+01   9.9976752e-01   2.3773163e-01   1.0185779e-01  -6.0872863e-01  -3.5840411e-16  -4.9475295e-16  -4.9475295e-16   7.8613896e-16
 39   5.0242170e+01   9.9976808e-01   2.3778836e-01   1.0188059e-01  -6.0403899e-01  -3.5708529e-16  -4.2407396e-16  -4.9475295e-16   7.4305391e-16
 40   5.0242228e+01   9.9976865e-01   2.3784412e-01   1.0190291e-01  -5.9943696e-01  -3.5483376e-16  -3.5339496e-16  -3.8873446e-16   6.3396331e-16
 41   5.0242287e+01   9.9976924e-01   2.3789894e-01   1.0192478e-01  -5.9485438e-01  -3.5331271e-16  -4.2407396e-16  -3.5339496e-16   6.5540567e-16
 42   5.0242348e+01   9.9976985e-01   2.3795281e-01   1.0194617e-01  -5.9037475e-01  -3.5258256e-16  -2.8271597e-16  -5.6543194e-16   7.2384809e-16
 43   5.0242409e+01   9.9977046e-01   2.3800576e-01   1.0196711e-01  -5.8595657e-01  -3.5093245e-16  -4.2407396e-16  -4.2407396e-16   6.9486044e-16
 44   5.0242472e+01   9.9977109e-01   2.3805783e-01   1.0198761e-01  -5.8157092e-01  -3.4940331e-16  -4.2407396e-16  -4.5941345e-16   7.1622770e-16
 45   5.0242537e+01   9.9977173e-01   2.3810904e-01   1.0200766e-01  -5.7724388e-01  -3.4857980e-16  -3.5339496e-16  -4.2407396e-16   6.5286645e-16
 46   5.0242602e+01   9.9977238e-01   2.3815937e-01   1.0202731e-01  -5.7297157e-01  -3.4622289e-16  -4.2407396e-16  -3.5339496e-16   6.5161109e-16
 47   5.0242668e+01   9.9977303e-01   2.3820887e-01   1.0204650e-01  -5.6878659e-01  -3.4509684e-16  -4.2407396e-16  -5.3009245e-16   7.6153040e-16
 48   5.0242735e+01   9.9977370e-01   2.3825756e-01   1.0206533e-01  -5.6470547e-01  -3.4372385e-16  -4.2407396e-16  -4.9475295e-16   7.3672606e-16
 49   5.0242803e+01   9.9977438e-01   2.3830551e-01   1.0208382e-01  -5.6060173e-01  -3.4245925e-16  -4.2407396e-16  -4.5941345e-16   7.1286589e-16
 50   5.0242872e+01   9.9977506e-01   2.3835267e-01   1.0210194e-01  -5.5662836e-01  -3.4117860e-16  -3.5339496e-16  -5.3009245e-16   7.2269554e-16
 51   5.0242941e+01   9.9977575e-01   2.3839912e-01   1.0211975e-01  -5.5264416e-01  -3.3872411e-16  -4.2407396e-16  -3.5339496e-16   6.4765789e-16
 52   5.0243011e+01   9.9977645e-01   2.3844484e-01   1.0213720e-01  -5.4875926e-01  -3.3750975e-16  -4.2407396e-16  -3.8873446e-16   6.6698279e-16
 53   5.0243082e+01   9.9977715e-01   2.3848988e-01   1.0215432e-01  -5.4495862e-01  -3.3654869e-16  -3.5339496e-16  -3.5339496e-16   6.0252886e-16
 54   5.0243153e+01   9.9977786e-01   2.3853426e-01   1.0217117e-01  -5.4109002e-01  -3.3493309e-16  -4.2407396e-16  -4.2407396e-16   6.8691893e-16
 55   5.0243225e+01   9.9977858e-01   2.3857791e-01   1.0218767e-01  -5.3730095e-01  -3.3343500e-16  -3.5339496e-16  -3.1805547e-16   5.8071179e-16
 56   5.0243297e+01   9.9977929e-01   2.3862089e-01   1.0220385e-01  -5.3364964e-01  -3.3179929e-16  -2.8271597e-16  -4.2407396e-16   6.0815936e-16
 57   5.0243370e+01   9.9978002e-01   2.3866329e-01   1.0221978e-01  -5.2993716e-01  -3.3077479e-16  -4.9475295e-16  -3.8873446e-16   7.1084944e-16
 58   5.0243443e+01   9.9978074e-01   2.3870504e-01   1.0223538e-01  -5.2634105e-01  -3.2922992e-16  -4.2407396e-16  -3.5339496e-16   6.4274339e-16
 59   5.0243516e+01   9.9978147e-01   2.3874619e-01   1.0225074e-01  -5.2286182e-01  -3.2787973e-16  -3.5339496e-16  -3.8873446e-16   6.1927990e-16
 60   5.0243590e+01   9.9978221e-01   2.3878683e-01   1.0226588e-01  -5.1927380e-01  -3.2722262e-16  -4.2407396e-16  -4.2407396e-16   6.8319257e-16
 61   5.0243664e+01   9.9978295e-01   2.3882683e-01   1.0228075e-01  -5.1578448e-01  -3.2539506e-16  -3.5339496e-16  -3.8873446e-16   6.1796798e-16
 62   5.0243739e+01   9.9978369e-01   2.3886627e-01   1.0229535e-01  -5.1233171e-01  -3.2481347e-16  -2.8271597e-16  -3.1805547e-16   5.3534231e-16
 63   5.0243813e+01   9.9978443e-01   2.3890515e-01   1.0230970e-01  -5.0894783e-01  -3.2242641e-16  -3.5339496e-16  -3.8873446e-16   6.1640999e-16
 64   5.0243888e+01   9.9978518e-01   2.3894350e-01   1.0232381e-01  -5.0558245e-01  -3.2255667e-16  -2.8271597e-16  -3.1805547e-16   5.3397604e-16
 65   5.0243963e+01   9.9978592e-01   2.3898132e-01   1.0233765e-01  -5.0229259e-01  -3.2133354e-16  -2.8271597e-16  -3.8873446e-16   5.7818513e-16
 66   5.0244038e+01   9.9978667e-01   2.3901865e-01   1.0235128e-01  -4.9898515e-01  -3.1945871e-16  -3.5339496e-16  -3.5339496e-16   5.9315248e-16
 67   5.0244114e+01   9.9978742e-01   2.3905543e-01   1.0236468e-01  -4.9575391e-01  -3.1791342e-16  -2.8271597e-16  -4.9475295e-16   6.5251647e-16
 68   5.0244189e+01   9.9978817e-01   2.3909173e-01   1.0237787e-01  -4.9257985e-01  -3.1733616e-16  -2.8271597e-16  -3.5339496e-16   5.5273734e-16
 69   5.0244265e+01   9.9978892e-01   2.3912758e-01   1.0239085e-01  -4.8940507e-01  -3.1647536e-16  -3.5339496e-16  -3.1805547e-16   5.7114266e-16
 70   5.0244340e+01   9.9978967e-01   2.3916296e-01   1.0240362e-01  -4.8627972e-01  -3.1498832e-16  -4.2407396e-16  -3.5339496e-16   6.3556618e-16
 71   5.0244416e+01   9.9979042e-01   2.3919788e-01   1.0241623e-01  -4.8321931e-01  -3.1406195e-16  -2.8271597e-16  -3.5339496e-16   5.5086407e-16
 72   5.0244492e+01   9.9979118e-01   2.3923236e-01   1.0242866e-01  -4.8014308e-01  -3.1289221e-16  -2.8271597e-16  -3.1805547e-16   5.2819422e-16
 73   5.0244567e+01   9.9979193e-01   2.3926639e-01   1.0244089e-01  -4.7714486e-01  -3.1189579e-16  -4.2407396e-16  -3.5339496e-16   6.3403920e-16
 74   5.0244643e+01   9.9979269e-01   2.3930000e-01   1.0245293e-01  -4.7414774e-01  -3.1114291e-16  -3.5339496e-16  -3.1805547e-16   5.6820524e-16
 75   5.0244719e+01   9.9979344e-01   2.3933318e-01   1.0246479e-01  -4.7121961e-01  -3.1018070e-16  -3.5339496e-16  -3.1805547e-16   5.6767891e-16
 76   5.0244795e+01   9.9979419e-01   2.3936596e-01   1.0247647e-01  -4.6826639e-01  -3.0831250e-16  -2.8271597e-16  -2.8271597e-16   5.0488934e-16
 77   5.0244870e+01   9.9979494e-01   2.3939831e-01   1.0248796e-01  -4.6539400e-01  -3.0773481e-16  -2.8271597e-16  -3.8873446e-16   5.7073944e-16
 78   5.0244946e+01   9.9979570e-01   2.3943027e-01   1.0249931e-01  -4.6256163e-01  -3.0648420e-16  -2.8271597e-16  -2.8271597e-16   5.0377496e-16
 79   5.0245021e+01   9.9979645e-01   2.3946186e-01   1.0251052e-01  -4.5968626e-01  -3.0573373e-16  -3.5339496e-16  -3.5339496e-16   5.8587466e-16
 80   5.0245097e+01   9.9979720e-01   2.3949303e-01   1.0252153e-01  -4.5694214e-01  -3.0549718e-16  -2.8271597e-16  -2.8271597e-16   5.0317509e-16
 81   5.0245172e+01   9.9979795e-01   2.3952387e-01   1.0253242e-01  -4.5421247e-01  -3.0394656e-16  -2.8271597e-16  -3.1805547e-16   5.2294466e-16
 82   5.0245248e+01   9.9979870e-01   2.3955437e-01   1.0254316e-01  -4.5146813e-01  -3.0228282e-16  -2.8271597e-16  -2.4737648e-16   4.8218082e-16
 83   5.0245323e+01   9.9979945e-01   2.3958449e-01   1.0255373e-01  -4.4875127e-01  -3.0152999e-16  -2.8271597e-16  -2.8271597e-16   5.0077638e-16
 84   5.0245398e+01   9.9980020e-01   2.3961426e-01   1.0256415e-01  -4.4605974e-01  -3.0118905e-16  -2.1203698e-16  -3.8873446e-16   5.3552685e-16
 85   5.0245473e+01   9.9980094e-01   2.3964367e-01   1.0257444e-01  -4.4337583e-01  -3.0075674e-16  -2.8271597e-16  -3.1805547e-16   5.2109713e-16
 86   5.0245548e+01   9.9980169e-01   2.3967272e-01   1.0258456e-01  -4.4074858e-01  -2.9879597e-16  -2.8271597e-16  -3.5339496e-16   5.4230559e-16
 87   5.0245623e+01   9.9980243e-01   2.3970143e-01   1.0259453e-01  -4.3816454e-01  -2.9783886e-16  -2.8271597e-16  -2.1203698e-16   4.6216446e-16
 88   5.0245697e+01   9.9980317e-01   2.3972981e-01   1.0260438e-01  -4.3561467e-01  -2.9638943e-16  -1.4135799e-16  -3.1805547e-16   4.5715212e-16
 89   5.0245772e+01   9.9980391e-01   2.3975787e-01   1.0261408e-01  -4.3307422e-01  -2.9534786e-16  -2.1203698e-16  -3.1805547e-16   4.8306244e-16
 90   5.0245846e+01   9.9980465e-01   2.3978563e-01   1.0262364e-01  -4.3057420e-01  -2.9443108e-16  -2.8271597e-16  -3.8873446e-16   5.6367762e-16
 91   5.0245920e+01   9.9980539e-01   2.3981310e-01   1.0263306e-01  -4.2806753e-01  -2.9404556e-16  -7.0678993e-17  -3.8873446e-16   4.9251680e-16
 92   5.0245994e+01   9.9980612e-01   2.3984024e-01   1.0264237e-01  -4.2559141e-01  -2.9277242e-16  -2.1203698e-16  -2.8271597e-16   4.5891578e-16
 93   5.0246067e+01   9.9980686e-01   2.3986708e-01   1.0265158e-01  -4.2314272e-01  -2.9289351e-16  -2.1203698e-16  -3.1805547e-16   4.8156575e-16
 94   5.0246141e+01   9.9980759e-01   2.3989364e-01   1.0266068e-01  -4.2073704e-01  -2.9120386e-16  -1.4135799e-16  -3.1805547e-16   4.5380728e-16
 95   5.0246214e+01   9.9980832e-01   2.3991991e-01   1.0266967e-01  -4.1834681e-01  -2.8962007e-16  -7.0678993e-17  -3.1805547e-16   4.3592956e-16
 96   5.0246287e+01   9.9980905e-01   2.3994591e-01   1.0267855e-01  -4.1597467e-01  -2.8985723e-16  -7.0678993e-17  -2.8271597e-16   4.1102440e-16
 97   5.0246360e+01   9.9980977e-01   2.3997163e-01   1.0268732e-01  -4.1363075e-01  -2.8920058e-16  -7.0678993e-17  -3.1805547e-16   4.3565098e-16
 98   5.0246433e+01   9.9981050e-01   2.3999708e-01   1.0269596e-01  -4.1127237e-01  -2.8715877e-16  -1.4135799e-16  -3.1805547e-16   4.5122225e-16
 99   5.0246506e+01   9.9981122e-01   2.4002224e-01   1.0270448e-01  -4.0897831e-01  -2.8666042e-16  -1.4135799e-16  -3.5339496e-16   4.7649163e-16
100   5.0246578e+01   9.9981194e-01   2.4004715e-01   1.0271289e-01  -4.0672583e-01  -2.8641075e-16  -7.0678993e-17  -2.4737648e-16   3.8499579e-16
101   5.0246650e+01   9.9981265e-01   2.4007181e-01   1.0272123e-01  -4.0444017e-01  -2.8515579e-16  -1.4135799e-16  -2.8271597e-16   4.2570439e-16
102   5.0246722e+01   9.9981337e-01   2.4009619e-01   1.0272946e-01  -4.0218892e-01  -2.8456401e-16  -1.4135799e-16  -3.1805547e-16   4.4957540e-16
103   5.0246794e+01   9.9981408e-01   2.4012032e-01   1.0273759e-01  -3.9999515e-01  -2.8323524e-16  -1.4135799e-16  -2.1203698e-16   3.8100389e-16
104   5.0246865e+01   9.9981479e-01   2.4014421e-01   1.0274565e-01  -3.9781034e-01  -2.8283173e-16  -1.4135799e-16  -2.8271597e-16   4.2415114e-16
105   5.0246936e+01   9.9981550e-01   2.4016788e-01   1.0275361e-01  -3.9565350e-01  -2.8190882e-16  -1.4135799e-16  -2.8271597e-16   4.2353629e-16
106   5.0247008e+01   9.9981621e-01   2.4019132e-01   1.0276147e-01  -3.9345394e-01  -2.8121993e-16  -2.1203698e-16  -2.8271597e-16   4.5163332e-16
107   5.0247078e+01   9.9981691e-01   2.4021449e-01   1.0276923e-01  -3.9129674e-01  -2.8023718e-16  -7.0678993e-17  -3.1805547e-16   4.2975304e-16
108   5.0247149e+01   9.9981762e-01   2.4023741e-01   1.0277687e-01  -3.8915963e-01  -2.7871970e-16  -7.0678993e-17  -2.4737648e-16   3.7930899e-16
109   5.0247219e+01   9.9981831e-01   2.4026010e-01   1.0278443e-01  -3.8707562e-01  -2.7829887e-16  -1.4135799e-16  -2.8271597e-16   4.2114209e-16
110   5.0247289e+01   9.9981901e-01   2.4028257e-01   1.0279190e-01  -3.8500701e-01  -2.7765499e-16  -1.4135799e-16  -2.8271597e-16   4.2071688e-16
111   5.0247359e+01   9.9981970e-01   2.4030484e-01   1.0279929e-01  -3.8294444e-01  -2.7634885e-16  -1.4135799e-16  -2.8271597e-16   4.1985603e-16
112   5.0247428e+01   9.9982040e-01   2.4032689e-01   1.0280658e-01  -3.8090354e-01  -2.7603442e-16  -1.4135799e-16  -1.7669748e-16   3.5693008e-16
113   5.0247498e+01   9.9982109e-01   2.4034873e-01   1.0281380e-01  -3.7887525e-01  -2.7498506e-16   0.0000000e+00  -2.4737648e-16   3.6988093e-16
114   5.0247567e+01   9.9982177e-01   2.4037036e-01   1.0282092e-01  -3.7689364e-01  -2.7378004e-16  -1.4135799e-16  -3.8873446e-16   4.9603636e-16
115   5.0247636e+01   9.9982246e-01   2.4039179e-01   1.0282798e-01  -3.7486991e-01  -2.7265306e-16  -1.4135799e-16  -2.8271597e-16   4.1743274e-16
116   5.0247704e+01   9.9982314e-01   2.4041300e-01   1.0283494e-01  -3.7286262e-01  -2.7284082e-16  -2.1203698e-16  -2.4737648e-16   4.2496696e-16
117   5.0247772e+01   9.9982382e-01   2.4043399e-01   1.0284181e-01  -3.7092053e-01  -2.7220878e-16  -1.4135799e-16  -2.8271597e-16   4.1714268e-16
118   5.0247840e+01   9.9982449e-01   2.4045479e-01   1.0284862e-01  -3.6899670e-01  -2.7078403e-16   0.0000000e+00  -3.1805547e-16   4.1771195e-16
119   5.0247908e+01   9.9982517e-01   2.4047540e-01   1.0285539e-01  -3.6711274e-01  -2.7039105e-16  -1.4135799e-16  -3.1805547e-16   4.4074106e-16
120   5.0247976e+01   9.9982584e-01   2.4049584e-01   1.0286210e-01  -3.6518814e-01  -2.6935432e-16   0.0000000e+00  -2.1203698e-16   3.4279940e-16
121   5.0248043e+01   9.9982651e-01   2.4051608e-01   1.0286871e-01  -3.6326601e-01  -2.6903754e-16  -7.0678993e-17  -3.1805547e-16   4.2253520e-16
122   5.0248110e+01   9.9982718e-01   2.4053611e-01   1.0287524e-01  -3.6140269e-01  -2.6734752e-16  -1.4135799e-16  -1.7669748e-16   3.5025530e-16
123   5.0248177e+01   9.9982784e-01   2.4055596e-01   1.0288170e-01  -3.5951717e-01  -2.6679570e-16  -1.4135799e-16  -2.4737648e-16   3.9032954e-16
124   5.0248243e+01   9.9982850e-01   2.4057560e-01   1.0288808e-01  -3.5769587e-01  -2.6605254e-16  -1.4135799e-16  -1.7669748e-16   3.4926786e-16
125   5.0248309e+01   9.9982916e-01   2.4059508e-01   1.0289440e-01  -3.5590727e-01  -2.6553392e-16  -1.4135799e-16  -2.8271597e-16   4.1281795e-16
126   5.0248375e+01   9.9982982e-01   2.4061441e-01   1.0290066e-01  -3.5406504e-01  -2.6501258e-16  -2.1203698e-16  -3.5339496e-16   4.8997893e-16
127   5.0248441e+01   9.9983047e-01   2.4063355e-01   1.0290685e-01  -3.5227091e-01  -2.6400717e-16  -1.4135799e-16  -2.4737648e-16   3.8842887e-16
128   5.0248507e+01   9.9983112e-01   2.4065252e-01   1.0291296e-01  -3.5049384e-01  -2.6379236e-16  -1.4135799e-16  -2.8271597e-16   4.1169990e-16
129   5.0248572e+01   9.9983177e-01   2.4067132e-01   1.0291901e-01  -3.4874825e-01  -2.6382953e-16  -1.4135799e-16  -2.8271597e-16   4.1172372e-16
130   5.0248637e+01   9.9983242e-01   2.4068997e-01   1.0292503e-01  -3.4699905e-01  -2.6171536e-16  -2.1203698e-16  -2.8271597e-16   4.3975326e-16
131   5.0248702e+01   9.9983306e-01   2.4070845e-01   1.0293099e-01  -3.4525114e-01  -2.6195292e-16  -7.0678993e-17  -3.1805547e-16   4.1805996e-16
132   5.0248766e+01   9.9983370e-01   2.4072677e-01   1.0293687e-01  -3.4353177e-01  -2.6054604e-16   0.0000000e+00  -3.1805547e-16   4.1114903e-16
133   5.0248830e+01   9.9983434e-01   2.4074492e-01   1.0294270e-01  -3.4182680e-01  -2.6080635e-16  -1.4135799e-16  -3.5339496e-16   4.6140008e-16
134   5.0248894e+01   9.9983498e-01   2.4076293e-01   1.0294848e-01  -3.4013605e-01  -2.5906651e-16  -7.0678993e-17  -3.1805547e-16   4.1625744e-16
135   5.0248958e+01   9.9983561e-01   2.4078077e-01   1.0295419e-01  -3.3843688e-01  -2.5820990e-16  -1.4135799e-16  -3.1805547e-16   4.3337480e-16
136   5.0249021e+01   9.9983624e-01   2.4079846e-01   1.0295983e-01  -3.3676562e-01  -2.5807522e-16   0.0000000e+00  -3.1805547e-16   4.0958772e-16
137   5.0249085e+01   9.9983687e-01   2.4081600e-01   1.0296542e-01  -3.3508208e-01  -2.5741490e-16  -7.0678993e-17  -2.4737648e-16   3.6394103e-16
138   5.0249147e+01   9.9983750e-01   2.4083337e-01   1.0297094e-01  -3.3341056e-01  -2.5720658e-16  -7.0678993e-17  -2.4737648e-16   3.6379371e-16
139   5.0249210e+01   9.9983812e-01   2.4085057e-01   1.0297639e-01  -3.3178249e-01  -2.5607158e-16  -1.4135799e-16  -2.4737648e-16   3.8307944e-16
140   5.0249272e+01   9.9983874e-01   2.4086764e-01   1.0298180e-01  -3.3015926e-01  -2.5524958e-16  -1.4135799e-16  -2.1203698e-16   3.6068561e-16
141   5.0249334e+01   9.9983936e-01   2.4088456e-01   1.0298716e-01  -3.2855860e-01  -2.5544879e-16  -2.1203698e-16  -2.1203698e-16   3.9392060e-16
142   5.0249396e+01   9.9983997e-01   2.4090134e-01   1.0299245e-01  -3.2695642e-01  -2.5483083e-16   0.0000000e+00  -2.8271597e-16   3.8061407e-16
143   5.0249458e+01   9.9984059e-01   2.4091798e-01   1.0299770e-01  -3.2538779e-01  -2.5452628e-16  -7.0678993e-17  -3.1805547e-16   4.1344701e-16
144   5.0249519e+01   9.9984120e-01   2.4093448e-01   1.0300290e-01  -3.2383174e-01  -2.5361717e-16   0.0000000e+00  -2.1203698e-16   3.3057730e-16
145   5.0249580e+01   9.9984180e-01   2.4095086e-01   1.0300807e-01  -3.2230056e-01  -2.5322046e-16   0.0000000e+00  -2.1203698e-16   3.3027304e-16
146   5.0249641e+01   9.9984241e-01   2.4096712e-01   1.0301318e-01  -3.2073483e-01  -2.5189697e-16   0.0000000e+00  -1.7669748e-16   3.0769154e-16
147   5.0249701e+01   9.9984301e-01   2.4098323e-01   1.0301823e-01  -3.1921343e-01  -2.5165671e-16   0.0000000e+00  -2.8271597e-16   3.7849626e-16
148   5.0249762e+01   9.9984361e-01   2.4099921e-01   1.0302324e-01  -3.1768360e-01  -2.5080662e-16  -7.0678993e-17  -2.1203698e-16   3.3594517e-16
149   5.0249822e+01   9.9984421e-01   2.4101506e-01   1.0302818e-01  -3.1615296e-01  -2.5046035e-16  -7.0678993e-17  -3.1805547e-16   4.1095643e-16
150   5.0249882e+01   9.9984480e-01   2.4103077e-01   1.0303309e-01  -3.1465782e-01  -2.4928857e-16  -7.0678993e-17  -2.4737648e-16   3.5823935e-16
151   5.0249941e+01   9.9984540e-01   2.4104635e-01   1.0303795e-01  -3.1316531e-01  -2.4913648e-16   0.0000000e+00  -2.8271597e-16   3.7682530e-16
152   5.0250000e+01   9.9984599e-01   2.4106181e-01   1.0304276e-01  -3.1168171e-01  -2.4863871e-16   0.0000000e+00  -2.8271597e-16   3.7649638e-16
153   5.0250059e+01   9.9984657e-01   2.4107714e-01   1.0304753e-01  -3.1019511e-01  -2.4738093e-16   0.0000000e+00  -2.8271597e-16   3.7566693e-16
154   5.0250118e+01   9.9984716e-01   2.4109234e-01   1.0305223e-01  -3.0874406e-01  -2.4702607e-16   0.0000000e+00  -2.8271597e-16   3.7543335e-16
155   5.0250177e+01   9.9984774e-01   2.4110742e-01   1.0305691e-01  -3.0727985e-01  -2.4685342e-16   1.4135799e-16  -2.4737648e-16   3.7697985e-16
156   5.0250235e+01   9.9984832e-01   2.4112236e-01   1.0306153e-01  -3.0584566e-01  -2.4706531e-16   0.0000000e+00  -2.4737648e-16   3.4962321e-16
157   5.0250293e+01   9.9984889e-01   2.4113719e-01   1.0306611e-01  -3.0441743e-01  -2.4588715e-16   1.4135799e-16  -1.7669748e-16   3.3416249e-16
158   5.0250350e+01   9.9984947e-01   2.4115191e-01   1.0307064e-01  -3.0298606e-01  -2.4556830e-16   7.0678993e-17  -3.1805547e-16   4.0799337e-16
159   5.0250408e+01   9.9985004e-01   2.4116649e-01   1.0307512e-01  -3.0158351e-01  -2.4559090e-16   1.4135799e-16  -1.7669748e-16   3.3394456e-16
160   5.0250465e+01   9.9985061e-01   2.4118097e-01   1.0307956e-01  -3.0017344e-01  -2.4469402e-16   0.0000000e+00  -2.4737648e-16   3.4795155e-16
161   5.0250522e+01   9.9985117e-01   2.4119532e-01   1.0308395e-01  -2.9879128e-01  -2.4295479e-16   0.0000000e+00  -1.7669748e-16   3.0041477e-16
162   5.0250579e+01   9.9985174e-01   2.4120956e-01   1.0308831e-01  -2.9742098e-01  -2.4322966e-16   7.0678993e-17  -2.8271597e-16   3.7958465e-16
163   5.0250635e+01   9.9985230e-01   2.4122370e-01   1.0309262e-01  -2.9604152e-01  -2.4345555e-16   7.0678993e-17  -1.4135799e-16   2.9025541e-16
164   5.0250691e+01   9.9985286e-01   2.4123772e-01   1.0309689e-01  -2.9469139e-01  -2.4259420e-16   0.0000000e+00  -3.5339496e-16   4.2864898e-16
165   5.0250747e+01   9.9985341e-01   2.4125163e-01   1.0310112e-01  -2.9335092e-01  -2.4112277e-16   1.4135799e-16  -3.5339496e-16   4.5056661e-16
166   5.0250803e+01   9.9985397e-01   2.4126544e-01   1.0310532e-01  -2.9202882e-01  -2.4124027e-16   1.4135799e-16  -2.8271597e-16   3.9762705e-16
167   5.0250858e+01   9.9985452e-01   2.4127916e-01   1.0310950e-01  -2.9073777e-01  -2.4024739e-16   1.4135799e-16  -2.4737648e-16   3.7268755e-16
168   5.0250914e+01   9.9985507e-01   2.4129279e-01   1.0311364e-01  -2.8942008e-01  -2.4030043e-16   0.0000000e+00  -2.8271597e-16   3.7104261e-16
169   5.0250969e+01   9.9985562e-01   2.4130631e-01   1.0311776e-01  -2.8811483e-01  -2.3952988e-16   1.4135799e-16  -2.4737648e-16   3.7222542e-16
170   5.0251023e+01   9.9985616e-01   2.4131974e-01   1.0312184e-01  -2.8683636e-01  -2.3914032e-16   1.4135799e-16  -2.4737648e-16   3.7197485e-16
171   5.0251078e+01   9.9985671e-01   2.4133308e-01   1.0312590e-01  -2.8557357e-01  -2.3850651e-16   7.0678993e-17  -2.4737648e-16   3.5082189e-16
172   5.0251133e+01   9.9985725e-01   2.4134632e-01   1.0312994e-01  -2.8429185e-01  -2.3818153e-16   1.4135799e-16  -2.4737648e-16   3.7135918e-16
173   5.0251187e+01   9.9985779e-01   2.4135947e-01   1.0313394e-01  -2.8302240e-01  -2.3776574e-16   1.4135799e-16  -2.4737648e-16   3.7109264e-16
174   5.0251241e+01   9.9985832e-01   2.4137252e-01   1.0313790e-01  -2.8174330e-01  -2.3683967e-16   1.4135799e-16  -3.5339496e-16   4.4828909e-16
175   5.0251294e+01   9.9985886e-01   2.4138546e-01   1.0314182e-01  -2.8048981e-01  -2.3625811e-16   1.4135799e-16  -2.1203698e-16   3.4750490e-16
176   5.0251348e+01   9.9985939e-01   2.4139830e-01   1.0314570e-01  -2.7924462e-01  -2.3566736e-16   1.4135799e-16  -3.5339496e-16   4.4767084e-16
177   5.0251401e+01   9.9985992e-01   2.4141106e-01   1.0314955e-01  -2.7799235e-01  -2.3522041e-16   7.0678993e-17  -1.7669748e-16   3.0256596e-16
178   5.0251454e+01   9.9986045e-01   2.4142370e-01   1.0315336e-01  -2.7678358e-01  -2.3557050e-16   1.4135799e-16  -3.1805547e-16   4.2027946e-16
179   5.0251507e+01   9.9986097e-01   2.4143627e-01   1.0315716e-01  -2.7556523e-01  -2.3423873e-16   1.4135799e-16  -1.7669748e-16   3.2568676e-16
180   5.0251559e+01   9.9986149e-01   2.4144875e-01   1.0316091e-01  -2.7437407e-01  -2.3442042e-16   2.1203698e-16  -2.8271597e-16   4.2407657e-16
181   5.0251612e+01   9.9986201e-01   2.4146115e-01   1.0316465e-01  -2.7318576e-01  -2.3350668e-16   2.1203698e-16  -3.5339496e-16   4.7368033e-16
182   5.0251664e+01   9.9986253e-01   2.4147346e-01   1.0316835e-01  -2.7198858e-01  -2.3238983e-16   1.4135799e-16  -3.5339496e-16   4.4595416e-16
183   5.0251716e+01   9.9986305e-01   2.4148568e-01   1.0317201e-01  -2.7079955e-01  -2.3338892e-16   2.8271597e-16  -4.2407396e-16   5.6056885e-16
184   5.0251767e+01   9.9986356e-01   2.4149781e-01   1.0317565e-01  -2.6963250e-01  -2.3175620e-16   2.8271597e-16  -2.1203698e-16   4.2260967e-16
185   5.0251819e+01   9.9986408e-01   2.4150986e-01   1.0317927e-01  -2.6846246e-01  -2.3100363e-16   2.8271597e-16  -3.5339496e-16   5.0811318e-16
186   5.0251870e+01   9.9986458e-01   2.4152183e-01   1.0318285e-01  -2.6729912e-01  -2.3134896e-16   1.4135799e-16  -2.4737648e-16   3.6701436e-16
187   5.0251921e+01   9.9986509e-01   2.4153371e-01   1.0318639e-01  -2.6614114e-01  -2.3087069e-16   2.1203698e-16  -3.5339496e-16   4.7238645e-16
188   5.0251972e+01   9.9986560e-01   2.4154551e-01   1.0318991e-01  -2.6497684e-01  -2.3075202e-16   1.4135799e-16  -3.1805547e-16   4.1759772e-16
189   5.0252022e+01   9.9986610e-01   2.4155721e-01   1.0319339e-01  -2.6383457e-01  -2.2922568e-16   2.8271597e-16  -3.5339496e-16   5.0730734e-16
190   5.0252073e+01   9.9986660e-01   2.4156883e-01   1.0319684e-01  -2.6271838e-01  -2.2926224e-16   2.8271597e-16  -2.4737648e-16   4.4009614e-16
191   5.0252123e+01   9.9986710e-01   2.4158038e-01   1.0320028e-01  -2.6158810e-01  -2.2914437e-16   2.8271597e-16  -1.7669748e-16   4.0454599e-16
192   5.0252173e+01   9.9986760e-01   2.4159184e-01   1.0320369e-01  -2.6048513e-01  -2.2869492e-16   1.4135799e-16  -3.5339496e-16   4.4403991e-16
193   5.0252222e+01   9.9986809e-01   2.4160324e-01   1.0320708e-01  -2.5935150e-01  -2.2802055e-16   2.1203698e-16  -2.1203698e-16   3.7671307e-16
194   5.0252272e+01   9.9986858e-01   2.4161455e-01   1.0321043e-01  -2.5823245e-01  -2.2667740e-16   2.1203698e-16  -2.4737648e-16   3.9690987e-16
195   5.0252321e+01   9.9986907e-01   2.4162577e-01   1.0321375e-01  -2.5712114e-01  -2.2740292e-16   2.8271597e-16  -3.1805547e-16   4.8249320e-16
196   5.0252370e+01   9.9986956e-01   2.4163690e-01   1.0321703e-01  -2.5601745e-01  -2.2688124e-16   2.8271597e-16  -2.4737648e-16   4.3886050e-16
197   5.0252419e+01   9.9987005e-01   2.4164796e-01   1.0322029e-01  -2.5495072e-01  -2.2660380e-16   1.4135799e-16  -4.2407396e-16   5.0116872e-16
198   5.0252467e+01   9.9987053e-01   2.4165894e-01   1.0322353e-01  -2.5389178e-01  -2.2598932e-16   2.1203698e-16  -2.8271597e-16   4.1947488e-16
199   5.0252516e+01   9.9987101e-01   2.4166987e-01   1.0322676e-01  -2.5280825e-01  -2.2523349e-16   2.8271597e-16  -2.4737648e-16   4.3801092e-16
200   5.0252564e+01   9.9987149e-01   2.4168071e-01   1.0322995e-01  -2.5173194e-01  -2.2483558e-16   3.5339496e-16  -3.5339496e-16   5.4802102e-16
201   5.0252612e+01   9.9987197e-01   2.4169147e-01   1.0323312e-01  -2.5066825e-01  -2.2532008e-16   4.2407396e-16  -3.8873446e-16   6.1783682e-16
202   5.0252660e+01   9.9987244e-01   2.4170215e-01   1.0323625e-01  -2.4960649e-01  -2.2380479e-16   3.5339496e-16  -3.1805547e-16   5.2548631e-16
203   5.0252707e+01   9.9987291e-01   2.4171275e-01   1.0323935e-01  -2.4855179e-01  -2.2417007e-16   2.8271597e-16  -3.8873446e-16   5.3037253e-16
204   5.0252754e+01   9.9987338e-01   2.4172328e-01   1.0324243e-01  -2.4750405e-01  -2.2349995e-16   2.8271597e-16  -3.1805547e-16   4.8066603e-16
205   5.0252801e+01   9.9987385e-01   2.4173373e-01   1.0324548e-01  -2.4647588e-01  -2.2267269e-16   2.8271597e-16  -3.1805547e-16   4.8028193e-16
206   5.0252848e+01   9.9987432e-01   2.4174411e-01   1.0324850e-01  -2.4543639e-01  -2.2215380e-16   2.1203698e-16  -3.5339496e-16   4.6818799e-16
207   5.0252895e+01   9.9987478e-01   2.4175443e-01   1.0325150e-01  -2.4443941e-01  -2.2223939e-16   3.5339496e-16  -2.4737648e-16   4.8525608e-16
208   5.0252941e+01   9.9987524e-01   2.4176469e-01   1.0325449e-01  -2.4343172e-01  -2.2142212e-16   3.5339496e-16  -3.5339496e-16   5.4662945e-16
209   5.0252988e+01   9.9987570e-01   2.4177489e-01   1.0325745e-01  -2.4244672e-01  -2.2078003e-16   3.5339496e-16  -2.4737648e-16   4.8458946e-16
210   5.0253034e+01   9.9987616e-01   2.4178503e-01   1.0326040e-01  -2.4145115e-01  -2.2073982e-16   3.5339496e-16  -2.4737648e-16   4.8457114e-16
211   5.0253080e+01   9.9987662e-01   2.4179511e-01   1.0326333e-01  -2.4044655e-01  -2.2053736e-16   2.8271597e-16  -3.1805547e-16   4.7929566e-16
212   5.0253126e+01   9.9987708e-01   2.4180511e-01   1.0326622e-01  -2.3944663e-01  -2.2015870e-16   2.8271597e-16  -4.2407396e-16   5.5519086e-16
213   5.0253171e+01   9.9987753e-01   2.4181504e-01   1.0326910e-01  -2.3847555e-01  -2.1996164e-16   3.5339496e-16  -1.7669748e-16   4.5220916e-16
214   5.0253216e+01   9.9987798e-01   2.4182492e-01   1.0327195e-01  -2.3750323e-01  -2.1910289e-16   3.5339496e-16  -3.1805547e-16   5.2350106e-16
215   5.0253262e+01   9.9987843e-01   2.4183473e-01   1.0327478e-01  -2.3652340e-01  -2.1875670e-16   4.2407396e-16  -3.8873446e-16   6.1547356e-16
216   5.0253306e+01   9.9987888e-01   2.4184446e-01   1.0327759e-01  -2.3555072e-01  -2.1900599e-16   3.5339496e-16  -3.8873446e-16   5.6918021e-16
217   5.0253351e+01   9.9987932e-01   2.4185414e-01   1.0328038e-01  -2.3458318e-01  -2.1791868e-16   4.2407396e-16  -2.1203698e-16   5.2181123e-16
218   5.0253396e+01   9.9987976e-01   2.4186375e-01   1.0328314e-01  -2.3361713e-01  -2.1769608e-16   4.2407396e-16  -2.8271597e-16   5.5421893e-16
219   5.0253440e+01   9.9988020e-01   2.4187329e-01   1.0328588e-01  -2.3266191e-01  -2.1732043e-16   3.5339496e-16  -2.4737648e-16   4.8302307e-16
220   5.0253484e+01   9.9988064e-01   2.4188276e-01   1.0328860e-01  -2.3172561e-01  -2.1712712e-16   4.2407396e-16  -4.9475295e-16   6.8685034e-16
221   5.0253528e+01   9.9988108e-01   2.4189218e-01   1.0329129e-01  -2.3079731e-01  -2.1601815e-16   3.5339496e-16  -1.7669748e-16   4.5030417e-16
222   5.0253572e+01   9.9988152e-01   2.4190154e-01   1.0329397e-01  -2.2989382e-01  -2.1566501e-16   3.5339496e-16  -2.8271597e-16   5.0132596e-16
223   5.0253615e+01   9.9988195e-01   2.4191086e-01   1.0329663e-01  -2.2896023e-01  -2.1531652e-16   4.2407396e-16  -3.5339496e-16   5.9252673e-16
224   5.0253659e+01   9.9988238e-01   2.4192011e-01   1.0329928e-01  -2.2804460e-01  -2.1567472e-16   2.1203698e-16  -3.5339496e-16   4.6514865e-16
225   5.0253702e+01   9.9988281e-01   2.4192931e-01   1.0330191e-01  -2.2715234e-01  -2.1560668e-16   4.2407396e-16  -2.8271597e-16   5.5340156e-16
226   5.0253745e+01   9.9988324e-01   2.4193845e-01   1.0330452e-01  -2.2626075e-01  -2.1441097e-16   2.8271597e-16  -3.1805547e-16   4.7650778e-16
227   5.0253788e+01   9.9988367e-01   2.4194755e-01   1.0330712e-01  -2.2536211e-01  -2.1424392e-16   3.5339496e-16  -2.4737648e-16   4.8164674e-16
228   5.0253831e+01   9.9988409e-01   2.4195659e-01   1.0330969e-01  -2.2445505e-01  -2.1355136e-16   3.5339496e-16  -2.8271597e-16   5.0042033e-16
229   5.0253873e+01   9.9988451e-01   2.4196557e-01   1.0331224e-01  -2.2354749e-01  -2.1275029e-16   3.5339496e-16  -2.4737648e-16   4.8098421e-16
230   5.0253916e+01   9.9988494e-01   2.4197448e-01   1.0331476e-01  -2.2265448e-01  -2.1249500e-16   3.5339496e-16  -3.1805547e-16   5.2077001e-16
231   5.0253958e+01   9.9988535e-01   2.4198334e-01   1.0331727e-01  -2.2179439e-01  -2.1343616e-16   3.5339496e-16  -3.5339496e-16   5.4344365e-16
232   5.0254000e+01   9.9988577e-01   2.4199215e-01   1.0331977e-01  -2.2090868e-01  -2.1256818e-16   3.5339496e-16  -3.5339496e-16   5.4310334e-16
233   5.0254041e+01   9.9988619e-01   2.4200090e-01   1.0332224e-01  -2.2002847e-01  -2.1210064e-16   3.5339496e-16  -4.2407396e-16   5.9136571e-16
234   5.0254083e+01   9.9988660e-01   2.4200959e-01   1.0332470e-01  -2.1915367e-01  -2.1178969e-16   2.8271597e-16  -3.5339496e-16   4.9967108e-16
235   5.0254124e+01   9.9988701e-01   2.4201822e-01   1.0332713e-01  -2.1828421e-01  -2.1091827e-16   4.2407396e-16  -3.8873446e-16   6.1273136e-16
236   5.0254166e+01   9.9988742e-01   2.4202680e-01   1.0332955e-01  -2.1743619e-01  -2.1046723e-16   3.5339496e-16  -2.8271597e-16   4.9911199e-16
237   5.0254207e+01   9.9988783e-01   2.4203533e-01   1.0333196e-01  -2.1661096e-01  -2.1050181e-16   3.5339496e-16  -3.8873446e-16   5.6596245e-16
238   5.0254248e+01   9.9988824e-01   2.4204382e-01   1.0333436e-01  -2.1575542e-01  -2.1006378e-16   3.5339496e-16  -3.5339496e-16   5.4212802e-16
239   5.0254288e+01   9.9988865e-01   2.4205225e-01   1.0333675e-01  -2.1491701e-01  -2.0972575e-16   4.9475295e-16  -3.5339496e-16   6.4315890e-16
240   5.0254329e+01   9.9988905e-01   2.4206064e-01   1.0333912e-01  -2.1408870e-01  -2.0961475e-16   3.5339496e-16  -2.8271597e-16   4.9875311e-16
241   5.0254370e+01   9.9988945e-01   2.4206898e-01   1.0334147e-01  -2.1324765e-01  -2.0980859e-16   4.2407396e-16  -4.5941345e-16   6.5948395e-16
242   5.0254410e+01   9.9988985e-01   2.4207726e-01   1.0334380e-01  -2.1241170e-01  -2.0796868e-16   4.2407396e-16  -2.8271597e-16   5.5047072e-16
243   5.0254450e+01   9.9989025e-01   2.4208549e-01   1.0334612e-01  -2.1159297e-01  -2.0807475e-16   4.9475295e-16  -3.8873446e-16   6.6271416e-16
244   5.0254490e+01   9.9989065e-01   2.4209367e-01   1.0334841e-01  -2.1076655e-01  -2.0797905e-16   4.2407396e-16  -2.8271597e-16   5.5047464e-16
245   5.0254529e+01   9.9989104e-01   2.4210180e-01   1.0335069e-01  -2.0994488e-01  -2.0778996e-16   4.2407396e-16  -2.4737648e-16   5.3311397e-16
246   5.0254569e+01   9.9989144e-01   2.4210988e-01   1.0335294e-01  -2.0911974e-01  -2.0745843e-16   4.2407396e-16  -2.8271597e-16   5.5027815e-16
247   5.0254608e+01   9.9989183e-01   2.4211790e-01   1.0335518e-01  -2.0832014e-01  -2.0637353e-16   5.6543194e-16  -3.5339496e-16   6.9799091e-16
248   5.0254648e+01   9.9989222e-01   2.4212588e-01   1.0335740e-01  -2.0751283e-01  -2.0604200e-16   4.2407396e-16  -3.5339496e-16   5.8921985e-16
249   5.0254687e+01   9.9989261e-01   2.4213380e-01   1.0335960e-01  -2.0671026e-01  -2.0641724e-16   4.2407396e-16  -2.4737648e-16   5.3258043e-16
250   5.0254725e+01   9.9989299e-01   2.4214168e-01   1.0336179e-01  -2.0594255e-01  -2.0585484e-16   4.2407396e-16  -4.2407396e-16   6.3407701e-16
251   5.0254764e+01   9.9989338e-01   2.4214952e-01   1.0336398e-01  -2.0514822e-01  -2.0507325e-16   4.2407396e-16  -4.2407396e-16   6.3382370e-16
252   5.0254803e+01   9.9989376e-01   2.4215732e-01   1.0336616e-01  -2.0437104e-01  -2.0550316e-16   4.9475295e-16  -3.1805547e-16   6.2303396e-16
253   5.0254841e+01   9.9989414e-01   2.4216507e-01   1.0336832e-01  -2.0361479e-01  -2.0558212e-16   3.5339496e-16  -3.8873446e-16   5.6415112e-16
254   5.0254879e+01   9.9989452e-01   2.4217279e-01   1.0337046e-01  -2.0284988e-01  -2.0417407e-16   4.2407396e-16  -4.2407396e-16   6.3353334e-16
255   5.0254917e+01   9.9989490e-01   2.4218047e-01   1.0337259e-01  -2.0207780e-01  -2.0525979e-16   4.2407396e-16  -3.1805547e-16   5.6844488e-16
256   5.0254955e+01   9.9989528e-01   2.4218810e-01   1.0337470e-01  -2.0131773e-01  -2.0390222e-16   4.9475295e-16  -3.5339496e-16   6.4128356e-16
257   5.0254993e+01   9.9989566e-01   2.4219568e-01   1.0337681e-01  -2.0055343e-01  -2.0304358e-16   4.2407396e-16  -3.1805547e-16   5.6764839e-16
258   5.0255031e+01   9.9989603e-01   2.4220323e-01   1.0337890e-01  -1.9978827e-01  -2.0288199e-16   5.6543194e-16  -3.1805547e-16   6.7973058e-16
259   5.0255068e+01   9.9989640e-01   2.4221073e-01   1.0338097e-01  -1.9902758e-01  -2.0338517e-16   4.2407396e-16  -3.5339496e-16   5.8829605e-16
260   5.0255106e+01   9.9989678e-01   2.4221817e-01   1.0338302e-01  -1.9827131e-01  -2.0301965e-16   4.2407396e-16  -3.5339496e-16   5.8816979e-16
261   5.0255143e+01   9.9989715e-01   2.4222558e-01   1.0338506e-01  -1.9751940e-01  -2.0260073e-16   4.2407396e-16  -3.8873446e-16   6.0991824e-16
262   5.0255180e+01   9.9989751e-01   2.4223293e-01   1.0338708e-01  -1.9678323e-01  -2.0142366e-16   4.9475295e-16  -3.5339496e-16   6.4049979e-16
263   5.0255217e+01   9.9989788e-01   2.4224025e-01   1.0338909e-01  -1.9603950e-01  -2.0194467e-16   4.9475295e-16  -2.8271597e-16   6.0455806e-16
264   5.0255253e+01   9.9989825e-01   2.4224752e-01   1.0339108e-01  -1.9530879e-01  -2.0108312e-16   4.9475295e-16  -3.8873446e-16   6.6055233e-16
265   5.0255290e+01   9.9989861e-01   2.4225475e-01   1.0339307e-01  -1.9458715e-01  -2.0174819e-16   4.2407396e-16  -4.2407396e-16   6.3275570e-16
266   5.0255326e+01   9.9989897e-01   2.4226194e-01   1.0339504e-01  -1.9385517e-01  -2.0121621e-16   5.6543194e-16  -3.1805547e-16   6.7923525e-16
267   5.0255363e+01   9.9989933e-01   2.4226909e-01   1.0339700e-01  -1.9314098e-01  -2.0048942e-16   4.2407396e-16  -3.8873446e-16   6.0922017e-16
268   5.0255399e+01   9.9989969e-01   2.4227620e-01   1.0339894e-01  -1.9241682e-01  -2.0013418e-16   4.2407396e-16  -4.2407396e-16   6.3224294e-16
269   5.0255435e+01   9.9990005e-01   2.4228327e-01   1.0340087e-01  -1.9169676e-01  -2.0008496e-16   4.2407396e-16  -4.5941345e-16   6.5645520e-16
270   5.0255470e+01   9.9990040e-01   2.4229030e-01   1.0340278e-01  -1.9098074e-01  -1.9965251e-16   5.6543194e-16  -3.5339496e-16   6.9603334e-16
271   5.0255506e+01   9.9990076e-01   2.4229728e-01   1.0340468e-01  -1.9026871e-01  -2.0002456e-16   4.2407396e-16  -4.9475295e-16   6.8163702e-16
272   5.0255542e+01   9.9990111e-01   2.4230422e-01   1.0340657e-01  -1.8957185e-01  -1.9827513e-16   4.2407396e-16  -4.9475295e-16   6.8112571e-16
273   5.0255577e+01   9.9990146e-01   2.4231113e-01   1.0340844e-01  -1.8886732e-01  -1.9918676e-16   5.6543194e-16  -3.8873446e-16   7.1449502e-16
274   5.0255612e+01   9.9990181e-01   2.4231799e-01   1.0341030e-01  -1.8818260e-01  -1.9848265e-16   4.2407396e-16  -3.5339496e-16   5.8661920e-16
275   5.0255647e+01   9.9990216e-01   2.4232482e-01   1.0341215e-01  -1.8749956e-01  -1.9842006e-16   4.9475295e-16  -2.4737648e-16   5.8766157e-16
276   5.0255682e+01   9.9990251e-01   2.4233162e-01   1.0341398e-01  -1.8683055e-01  -1.9843425e-16   5.6543194e-16  -3.5339496e-16   6.9568487e-16
277   5.0255717e+01   9.9990285e-01   2.4233839e-01   1.0341581e-01  -1.8613998e-01  -1.9759912e-16   4.2407396e-16  -3.5339496e-16   5.8632085e-16
278   5.0255751e+01   9.9990320e-01   2.4234511e-01   1.0341762e-01  -1.8545324e-01  -1.9745174e-16   4.2407396e-16  -3.1805547e-16   5.6567234e-16
279   5.0255786e+01   9.9990354e-01   2.4235179e-01   1.0341942e-01  -1.8477029e-01  -1.9645868e-16   3.5339496e-16  -3.8873446e-16   5.6089080e-16
280   5.0255820e+01   9.9990388e-01   2.4235844e-01   1.0342121e-01  -1.8409109e-01  -1.9620460e-16   5.6543194e-16  -4.2407396e-16   7.3351772e-16
281   5.0255854e+01   9.9990422e-01   2.4236504e-01   1.0342298e-01  -1.8344383e-01  -1.9599708e-16   4.2407396e-16  -4.2407396e-16   6.3094556e-16
282   5.0255889e+01   9.9990456e-01   2.4237162e-01   1.0342474e-01  -1.8278870e-01  -1.9628711e-16   4.2407396e-16  -3.5339496e-16   5.8587998e-16
283   5.0255923e+01   9.9990490e-01   2.4237817e-01   1.0342651e-01  -1.8211902e-01  -1.9657595e-16   4.9475295e-16  -4.2407396e-16   6.8063302e-16
284   5.0255956e+01   9.9990524e-01   2.4238468e-01   1.0342826e-01  -1.8145303e-01  -1.9603453e-16   4.2407396e-16  -4.5941345e-16   6.5523201e-16
285   5.0255990e+01   9.9990557e-01   2.4239115e-01   1.0343000e-01  -1.8079069e-01  -1.9496052e-16   4.9475295e-16  -4.5941345e-16   7.0274519e-16
286   5.0256024e+01   9.9990591e-01   2.4239759e-01   1.0343173e-01  -1.8013196e-01  -1.9476288e-16   4.9475295e-16  -3.8873446e-16   6.5865586e-16
287   5.0256057e+01   9.9990624e-01   2.4240398e-01   1.0343344e-01  -1.7949132e-01  -1.9414010e-16   4.2407396e-16  -4.2407396e-16   6.3037118e-16
288   5.0256090e+01   9.9990657e-01   2.4241035e-01   1.0343515e-01  -1.7885036e-01  -1.9409353e-16   4.2407396e-16  -3.8873446e-16   6.0714537e-16
289   5.0256123e+01   9.9990690e-01   2.4241668e-01   1.0343685e-01  -1.7820136e-01  -1.9403687e-16   4.2407396e-16  -4.2407396e-16   6.3033939e-16
290   5.0256156e+01   9.9990723e-01   2.4242298e-01   1.0343854e-01  -1.7755588e-01  -1.9341878e-16   4.2407396e-16  -3.8873446e-16   6.0693000e-16
291   5.0256189e+01   9.9990755e-01   2.4242924e-01   1.0344022e-01  -1.7691386e-01  -1.9304744e-16   4.2407396e-16  -4.5941345e-16   6.5434452e-16
292   5.0256222e+01   9.9990788e-01   2.4243546e-01   1.0344188e-01  -1.7630490e-01  -1.9344805e-16   4.2407396e-16  -3.8873446e-16   6.0693933e-16
293   5.0256255e+01   9.9990820e-01   2.4244166e-01   1.0344354e-01  -1.7566871e-01  -1.9323157e-16   4.2407396e-16  -4.2407396e-16   6.3009196e-16
294   5.0256287e+01   9.9990853e-01   2.4244783e-01   1.0344519e-01  -1.7503596e-01  -1.9262799e-16   4.9475295e-16  -4.9475295e-16   7.2571792e-16
295   5.0256319e+01   9.9990885e-01   2.4245396e-01   1.0344683e-01  -1.7440660e-01  -1.9294174e-16   4.9475295e-16  -3.8873446e-16   6.5811965e-16
296   5.0256352e+01   9.9990917e-01   2.4246006e-01   1.0344845e-01  -1.7378059e-01  -1.9215515e-16   4.2407396e-16  -4.9475295e-16   6.7936942e-16
297   5.0256384e+01   9.9990949e-01   2.4246612e-01   1.0345007e-01  -1.7315789e-01  -1.9187170e-16   4.2407396e-16  -4.2407396e-16   6.2967626e-16
298   5.0256416e+01   9.9990981e-01   2.4247214e-01   1.0345167e-01  -1.7255054e-01  -1.9044852e-16   4.2407396e-16  -3.8873446e-16   6.0598997e-16
299   5.0256448e+01   9.9991012e-01   2.4247814e-01   1.0345327e-01  -1.7194598e-01  -1.9074891e-16   4.9475295e-16  -3.8873446e-16   6.5748012e-16
300   5.0256479e+01   9.9991044e-01   2.4248411e-01   1.0345486e-01  -1.7134658e-01  -1.9118196e-16   4.2407396e-16  -5.3009245e-16   7.0525688e-16
301   5.0256511e+01   9.9991075e-01   2.4249005e-01   1.0345644e-01  -1.7075167e-01  -1.9031217e-16   4.2407396e-16  -4.2407396e-16   6.2920280e-16
302   5.0256542e+01   9.9991107e-01   2.4249597e-01   1.0345801e-01  -1.7014342e-01  -1.9077064e-16   5.6543194e-16  -5.3009245e-16   7.9818840e-16
303   5.0256574e+01   9.9991138e-01   2.4250185e-01   1.0345956e-01  -1.6955216e-01  -1.9029294e-16   5.6543194e-16  -5.3009245e-16   7.9807436e-16
304   5.0256605e+01   9.9991169e-01   2.4250770e-01   1.0346111e-01  -1.6896175e-01  -1.8961908e-16   4.2407396e-16  -4.2407396e-16   6.2899351e-16
305   5.0256636e+01   9.9991200e-01   2.4251352e-01   1.0346265e-01  -1.6836259e-01  -1.8905395e-16   5.6543194e-16  -4.5941345e-16   7.5267217e-16
306   5.0256667e+01   9.9991231e-01   2.4251931e-01   1.0346419e-01  -1.6776658e-01  -1.8903043e-16   5.6543194e-16  -4.2407396e-16   7.3163140e-16
307   5.0256698e+01   9.9991261e-01   2.4252507e-01   1.0346571e-01  -1.6717370e-01  -1.8874562e-16   4.2407396e-16  -4.5941345e-16   6.5308832e-16
308   5.0256729e+01   9.9991292e-01   2.4253079e-01   1.0346722e-01  -1.6658389e-01  -1.8869855e-16   4.9475295e-16  -4.5941345e-16   7.0103377e-16
309   5.0256759e+01   9.9991322e-01   2.4253648e-01   1.0346872e-01  -1.6599714e-01  -1.8848212e-16   5.6543194e-16  -4.2407396e-16   7.3148993e-16
310   5.0256790e+01   9.9991353e-01   2.4254214e-01   1.0347020e-01  -1.6542442e-01  -1.8790140e-16   5.6543194e-16  -4.5941345e-16   7.5238351e-16
311   5.0256820e+01   9.9991383e-01   2.4254777e-01   1.0347168e-01  -1.6485478e-01  -1.8784967e-16   4.9475295e-16  -5.6543194e-16   7.7445546e-16
312   5.0256850e+01   9.9991413e-01   2.4255338e-01   1.0347315e-01  -1.6427657e-01  -1.8741719e-16   5.6543194e-16  -4.5941345e-16   7.5226273e-16
313   5.0256880e+01   9.9991443e-01   2.4255895e-01   1.0347461e-01  -1.6372843e-01  -1.8688554e-16   5.6543194e-16  -4.2407396e-16   7.3108017e-16
314   5.0256910e+01   9.9991473e-01   2.4256451e-01   1.0347608e-01  -1.6315518e-01  -1.8706173e-16   3.5339496e-16  -4.9475295e-16   6.3612937e-16
315   5.0256940e+01   9.9991503e-01   2.4257003e-01   1.0347753e-01  -1.6258491e-01  -1.8705160e-16   5.6543194e-16  -4.5941345e-16   7.5217173e-16
316   5.0256970e+01   9.9991532e-01   2.4257553e-01   1.0347897e-01  -1.6201757e-01  -1.8709524e-16   5.6543194e-16  -4.2407396e-16   7.3113380e-16
317   5.0257000e+01   9.9991562e-01   2.4258099e-01   1.0348040e-01  -1.6145312e-01  -1.8658843e-16   5.6543194e-16  -4.9475295e-16   7.7415051e-16
318   5.0257029e+01   9.9991591e-01   2.4258642e-01   1.0348182e-01  -1.6088769e-01  -1.8657156e-16   5.6543194e-16  -4.2407396e-16   7.3099997e-16
319   5.0257059e+01   9.9991620e-01   2.4259182e-01   1.0348323e-01  -1.6033160e-01  -1.8611721e-16   5.6543194e-16  -4.2407396e-16   7.3088414e-16
320   5.0257088e+01   9.9991649e-01   2.4259720e-01   1.0348463e-01  -1.5977545e-01  -1.8594159e-16   5.6543194e-16  -6.0077144e-16   8.4570319e-16
321   5.0257117e+01   9.9991678e-01   2.4260255e-01   1.0348602e-01  -1.5922211e-01  -1.8577798e-16   4.2407396e-16  -5.6543194e-16   7.3079783e-16
322   5.0257146e+01   9.9991707e-01   2.4260787e-01   1.0348740e-01  -1.5867155e-01  -1.8526242e-16   6.3611094e-16  -5.3009245e-16   8.4850297e-16
323   5.0257175e+01   9.9991736e-01   2.4261316e-01   1.0348878e-01  -1.5813952e-01  -1.8538672e-16   5.6543194e-16  -4.9475295e-16   7.7386175e-16
324   5.0257204e+01   9.9991765e-01   2.4261843e-01   1.0349015e-01  -1.5759388e-01  -1.8646244e-16   6.3611094e-16  -3.5339496e-16   7.5119463e-16
325   5.0257233e+01   9.9991793e-01   2.4262368e-01   1.0349152e-01  -1.5705098e-01  -1.8470102e-16   5.6543194e-16  -4.9475295e-16   7.7369776e-16
326   5.0257261e+01   9.9991822e-01   2.4262889e-01   1.0349287e-01  -1.5651079e-01  -1.8468191e-16   6.3611094e-16  -6.3611094e-16   9.1835813e-16
327   5.0257290e+01   9.9991850e-01   2.4263408e-01   1.0349422e-01  -1.5597328e-01  -1.8472864e-16   5.6543194e-16  -4.9475295e-16   7.7370436e-16
328   5.0257318e+01   9.9991878e-01   2.4263923e-01   1.0349556e-01  -1.5543843e-01  -1.8397592e-16   5.6543194e-16  -4.2407396e-16   7.3034180e-16
329   5.0257346e+01   9.9991907e-01   2.4264437e-01   1.0349689e-01  -1.5490621e-01  -1.8362343e-16   5.6543194e-16  -6.0077144e-16   8.4519653e-16
330   5.0257374e+01   9.9991935e-01   2.4264947e-01   1.0349821e-01  -1.5438342e-01  -1.8337751e-16   5.6543194e-16  -4.9475295e-16   7.7338288e-16
331   5.0257403e+01   9.9991962e-01   2.4265455e-01   1.0349953e-01  -1.5385601e-01  -1.8316276e-16   6.3611094e-16  -4.9475295e-16   8.2641769e-16
332   5.0257430e+01   9.9991990e-01   2.4265961e-01   1.0350084e-01  -1.5333119e-01  -1.8327891e-16   5.6543194e-16  -4.9475295e-16   7.7335951e-16
333   5.0257458e+01   9.9992018e-01   2.4266464e-01   1.0350214e-01  -1.5280894e-01  -1.8310710e-16   7.0678993e-16  -5.3009245e-16   9.0226283e-16
334   5.0257486e+01   9.9992045e-01   2.4266964e-01   1.0350343e-01  -1.5228924e-01  -1.8196055e-16   7.0678993e-16  -4.9475295e-16   8.8172679e-16
335   5.0257514e+01   9.9992073e-01   2.4267462e-01   1.0350471e-01  -1.5177206e-01  -1.8233671e-16   5.6543194e-16  -4.9475295e-16   7.7313675e-16
336   5.0257541e+01   9.9992100e-01   2.4267957e-01   1.0350599e-01  -1.5125739e-01  -1.8320712e-16   6.3611094e-16  -5.6543194e-16   8.7058328e-16
337   5.0257568e+01   9.9992127e-01   2.4268450e-01   1.0350725e-01  -1.5074519e-01  -1.8208660e-16   5.6543194e-16  -6.0077144e-16   8.4486398e-16
338   5.0257596e+01   9.9992155e-01   2.4268940e-01   1.0350851e-01  -1.5023546e-01  -1.8204880e-16   5.6543194e-16  -5.3009245e-16   7.9614889e-16
339   5.0257623e+01   9.9992182e-01   2.4269428e-01   1.0350976e-01  -1.4972816e-01  -1.8229121e-16   7.0678993e-16  -6.0077144e-16   9.4536153e-16
340   5.0257650e+01   9.9992209e-01   2.4269913e-01   1.0351100e-01  -1.4922328e-01  -1.8128778e-16   5.6543194e-16  -5.3009245e-16   7.9597521e-16
341   5.0257677e+01   9.9992235e-01   2.4270395e-01   1.0351223e-01  -1.4873214e-01  -1.8071481e-16   5.6543194e-16  -5.6543194e-16   8.1980754e-16
342   5.0257704e+01   9.9992262e-01   2.4270876e-01   1.0351346e-01  -1.4824238e-01  -1.8107295e-16   6.3611094e-16  -5.6543194e-16   8.7013667e-16
343   5.0257730e+01   9.9992289e-01   2.4271355e-01   1.0351468e-01  -1.4774389e-01  -1.8119083e-16   5.6543194e-16  -6.0077144e-16   8.4467137e-16
344   5.0257757e+01   9.9992315e-01   2.4271832e-01   1.0351590e-01  -1.4724781e-01  -1.8040161e-16   5.6543194e-16  -6.0077144e-16   8.4450243e-16
345   5.0257784e+01   9.9992342e-01   2.4272306e-01   1.0351710e-01  -1.4677021e-01  -1.8070639e-16   5.6543194e-16  -6.0077144e-16   8.4456758e-16
346   5.0257810e+01   9.9992368e-01   2.4272779e-01   1.0351831e-01  -1.4627835e-01  -1.7969419e-16   7.0678993e-16  -5.6543194e-16   9.2279753e-16
347   5.0257837e+01   9.9992394e-01   2.4273249e-01   1.0351950e-01  -1.4578887e-01  -1.8021508e-16   5.6543194e-16  -4.9475295e-16   7.7263914e-16
348   5.0257863e+01   9.9992420e-01   2.4273716e-01   1.0352068e-01  -1.4531797e-01  -1.7903129e-16   5.6543194e-16  -6.0077144e-16   8.4421076e-16
349   5.0257889e+01   9.9992446e-01   2.4274183e-01   1.0352188e-01  -1.4484679e-01  -1.7857932e-16   5.6543194e-16  -5.6543194e-16   8.1933945e-16
350   5.0257915e+01   9.9992472e-01   2.4274647e-01   1.0352306e-01  -1.4437804e-01  -1.7936585e-16   7.7746892e-16  -5.3009245e-16   9.5792904e-16
351   5.0257941e+01   9.9992498e-01   2.4275110e-01   1.0352424e-01  -1.4391246e-01  -1.7856862e-16   5.6543194e-16  -5.6543194e-16   8.1933712e-16
352   5.0257967e+01   9.9992524e-01   2.4275571e-01   1.0352541e-01  -1.4343271e-01  -1.7978980e-16   5.6543194e-16  -5.6543194e-16   8.1960413e-16
353   5.0257993e+01   9.9992550e-01   2.4276029e-01   1.0352657e-01  -1.4295534e-01  -1.7900476e-16   5.6543194e-16  -4.9475295e-16   7.7235773e-16
354   5.0258019e+01   9.9992575e-01   2.4276485e-01   1.0352773e-01  -1.4247339e-01  -1.7795642e-16   6.3611094e-16  -5.3009245e-16   8.4693779e-16
355   5.0258044e+01   9.9992601e-01   2.4276939e-01   1.0352888e-01  -1.4200074e-01  -1.7858128e-16   7.0678993e-16  -5.3009245e-16   9.0135525e-16
356   5.0258070e+01   9.9992626e-01   2.4277390e-01   1.0353001e-01  -1.4153037e-01  -1.7777370e-16   5.6543194e-16  -5.3009245e-16   7.9518223e-16
357   5.0258095e+01   9.9992652e-01   2.4277839e-01   1.0353115e-01  -1.4106226e-01  -1.7717860e-16   6.3611094e-16  -4.9475295e-16   8.2511203e-16
358   5.0258121e+01   9.9992677e-01   2.4278285e-01   1.0353227e-01  -1.4059637e-01  -1.7824167e-16   6.3611094e-16  -5.6543194e-16   8.6955190e-16
359   5.0258146e+01   9.9992702e-01   2.4278729e-01   1.0353339e-01  -1.4014241e-01  -1.7756793e-16   5.6543194e-16  -5.6543194e-16   8.1911961e-16
360   5.0258171e+01   9.9992727e-01   2.4279172e-01   1.0353451e-01  -1.3969318e-01  -1.7710373e-16   6.3611094e-16  -5.6543194e-16   8.6931935e-16
361   5.0258196e+01   9.9992752e-01   2.4279613e-01   1.0353563e-01  -1.3923298e-01  -1.7697327e-16   5.6543194e-16  -6.3611094e-16   8.6929278e-16
362   5.0258221e+01   9.9992777e-01   2.4280052e-01   1.0353673e-01  -1.3877499e-01  -1.7706339e-16   6.3611094e-16  -5.3009245e-16   8.4675060e-16
363   5.0258246e+01   9.9992801e-01   2.4280488e-01   1.0353783e-01  -1.3831919e-01  -1.7672391e-16   5.6543194e-16  -5.6543194e-16   8.1893706e-16
364   5.0258271e+01   9.9992826e-01   2.4280922e-01   1.0353893e-01  -1.3786554e-01  -1.7677070e-16   5.6543194e-16  -4.9475295e-16   7.7184302e-16
365   5.0258295e+01   9.9992851e-01   2.4281354e-01   1.0354001e-01  -1.3742987e-01  -1.7714554e-16   6.3611094e-16  -5.6543194e-16   8.6932787e-16
366   5.0258320e+01   9.9992875e-01   2.4281785e-01   1.0354109e-01  -1.3697997e-01  -1.7610361e-16   6.3611094e-16  -6.0077144e-16   8.9251102e-16
367   5.0258344e+01   9.9992899e-01   2.4282213e-01   1.0354217e-01  -1.3653221e-01  -1.7622131e-16   5.6543194e-16  -6.3611094e-16   8.6914001e-16
368   5.0258369e+01   9.9992924e-01   2.4282639e-01   1.0354323e-01  -1.3609962e-01  -1.7612777e-16   6.3611094e-16  -6.3611094e-16   9.1667619e-16
369   5.0258393e+01   9.9992948e-01   2.4283064e-01   1.0354429e-01  -1.3565563e-01  -1.7596744e-16   5.6543194e-16  -6.3611094e-16   8.6908857e-16
370   5.0258417e+01   9.9992972e-01   2.4283486e-01   1.0354535e-01  -1.3521374e-01  -1.7539499e-16   7.0678993e-16  -4.9475295e-16   8.8039530e-16
371   5.0258441e+01   9.9992996e-01   2.4283907e-01   1.0354639e-01  -1.3477392e-01  -1.7505556e-16   7.0678993e-16  -5.6543194e-16   9.2190549e-16
372   5.0258465e+01   9.9993020e-01   2.4284325e-01   1.0354744e-01  -1.3435209e-01  -1.7445570e-16   6.3611094e-16  -5.6543194e-16   8.6878375e-16
373   5.0258489e+01   9.9993044e-01   2.4284742e-01   1.0354848e-01  -1.3392740e-01  -1.7523830e-16   6.3611094e-16  -5.3009245e-16   8.4637083e-16
374   5.0258513e+01   9.9993067e-01   2.4285157e-01   1.0354952e-01  -1.3349290e-01  -1.7444549e-16   7.0678993e-16  -5.3009245e-16   9.0054497e-16
375   5.0258537e+01   9.9993091e-01   2.4285570e-01   1.0355055e-01  -1.3307274e-01  -1.7432775e-16   7.0678993e-16  -6.7145043e-16   9.9034734e-16
376   5.0258561e+01   9.9993115e-01   2.4285981e-01   1.0355157e-01  -1.3265414e-01  -1.7475335e-16   7.0678993e-16  -5.6543194e-16   9.2184816e-16
377   5.0258584e+01   9.9993138e-01   2.4286392e-01   1.0355260e-01  -1.3222492e-01  -1.7395275e-16   7.0678993e-16  -4.9475295e-16   8.8010911e-16
378   5.0258608e+01   9.9993162e-01   2.4286800e-01   1.0355362e-01  -1.3179504e-01  -1.7383567e-16   7.0678993e-16  -6.0077144e-16   9.4376754e-16
379   5.0258631e+01   9.9993185e-01   2.4287205e-01   1.0355463e-01  -1.3136990e-01  -1.7344853e-16   6.3611094e-16  -5.6543194e-16   8.6858206e-16
380   5.0258655e+01   9.9993208e-01   2.4287609e-01   1.0355564e-01  -1.3094674e-01  -1.7414169e-16   6.3611094e-16  -6.0077144e-16   8.9212599e-16
381   5.0258678e+01   9.9993231e-01   2.4288011e-01   1.0355664e-01  -1.3052553e-01  -1.7333660e-16   7.0678993e-16  -6.0077144e-16   9.4367574e-16
382   5.0258701e+01   9.9993254e-01   2.4288410e-01   1.0355763e-01  -1.3010627e-01  -1.7335458e-16   6.3611094e-16  -5.3009245e-16   8.4598282e-16
383   5.0258724e+01   9.9993277e-01   2.4288808e-01   1.0355861e-01  -1.2968893e-01  -1.7245953e-16   6.3611094e-16  -4.9475295e-16   8.2411158e-16
384   5.0258747e+01   9.9993300e-01   2.4289204e-01   1.0355959e-01  -1.2927349e-01  -1.7335677e-16   6.3611094e-16  -6.0077144e-16   8.9197310e-16
385   5.0258770e+01   9.9993323e-01   2.4289598e-01   1.0356056e-01  -1.2887090e-01  -1.7251556e-16   5.6543194e-16  -5.6543194e-16   8.1803923e-16
386   5.0258793e+01   9.9993346e-01   2.4289990e-01   1.0356153e-01  -1.2845887e-01  -1.7247892e-16   7.0678993e-16  -6.0077144e-16   9.4351858e-16
387   5.0258816e+01   9.9993368e-01   2.4290381e-01   1.0356250e-01  -1.2806429e-01  -1.7211404e-16   7.0678993e-16  -6.3611094e-16   9.6633968e-16
388   5.0258839e+01   9.9993391e-01   2.4290770e-01   1.0356345e-01  -1.2765550e-01  -1.7195700e-16   6.3611094e-16  -5.3009245e-16   8.4569754e-16
389   5.0258861e+01   9.9993413e-01   2.4291158e-01   1.0356441e-01  -1.2724858e-01  -1.7173133e-16   7.0678993e-16  -5.6543194e-16   9.2128005e-16
390   5.0258884e+01   9.9993436e-01   2.4291543e-01   1.0356535e-01  -1.2685040e-01  -1.7113712e-16   7.7746892e-16  -5.3009245e-16   9.5642242e-16
391   5.0258906e+01   9.9993458e-01   2.4291927e-01   1.0356629e-01  -1.2646163e-01  -1.7082685e-16   6.3611094e-16  -5.6543194e-16   8.6806234e-16
392   5.0258928e+01   9.9993480e-01   2.4292310e-01   1.0356724e-01  -1.2605944e-01  -1.7098832e-16   6.3611094e-16  -6.7145043e-16   9.4059546e-16
393   5.0258951e+01   9.9993503e-01   2.4292691e-01   1.0356818e-01  -1.2565912e-01  -1.7077829e-16   7.0678993e-16  -6.7145043e-16   9.8972871e-16
394   5.0258973e+01   9.9993525e-01   2.4293070e-01   1.0356912e-01  -1.2526052e-01  -1.7107058e-16   7.0678993e-16  -6.7145043e-16   9.8977918e-16
395   5.0258995e+01   9.9993547e-01   2.4293448e-01   1.0357004e-01  -1.2486384e-01  -1.7123133e-16   6.3611094e-16  -5.6543194e-16   8.6814202e-16
396   5.0259017e+01   9.9993569e-01   2.4293823e-01   1.0357096e-01  -1.2446896e-01  -1.7103098e-16   5.6543194e-16  -7.0678993e-16   9.2114976e-16
397   5.0259039e+01   9.9993590e-01   2.4294197e-01   1.0357188e-01  -1.2407585e-01  -1.6993950e-16   7.0678993e-16  -6.0077144e-16   9.4305766e-16
398   5.0259061e+01   9.9993612e-01   2.4294568e-01   1.0357279e-01  -1.2368450e-01  -1.7055805e-16   7.0678993e-16  -7.0678993e-16   1.0139990e-15
399   5.0259083e+01   9.9993634e-01   2.4294938e-01   1.0357369e-01  -1.2329489e-01  -1.6988685e-16   7.0678993e-16  -6.7145043e-16   9.8957528e-16
400   5.0259104e+01   9.9993655e-01   2.4295306e-01   1.0357459e-01  -1.2293497e-01  -1.6968599e-16   7.0678993e-16  -6.0077144e-16   9.4301202e-16
401   5.0259126e+01   9.9993677e-01   2.4295674e-01   1.0357549e-01  -1.2254792e-01  -1.7037813e-16   7.0678993e-16  -6.7145043e-16   9.8965974e-16
402   5.0259148e+01   9.9993698e-01   2.4296040e-01   1.0357638e-01  -1.2216263e-01  -1.6952317e-16   7.0678993e-16  -6.0077144e-16   9.4298273e-16
403   5.0259169e+01   9.9993720e-01   2.4296405e-01   1.0357726e-01  -1.2177908e-01  -1.6950968e-16   7.0678993e-16  -6.0077144e-16   9.4298031e-16
404   5.0259190e+01   9.9993741e-01   2.4296767e-01   1.0357814e-01  -1.2139724e-01  -1.6945359e-16   7.7746892e-16  -5.6543194e-16   9.7615866e-16
405   5.0259212e+01   9.9993762e-01   2.4297128e-01   1.0357902e-01  -1.2101712e-01  -1.6887443e-16   6.3611094e-16  -6.3611094e-16   9.1531023e-16
406   5.0259233e+01   9.9993783e-01   2.4297487e-01   1.0357989e-01  -1.2063867e-01  -1.6833627e-16   7.7746892e-16  -6.0077144e-16   9.9685573e-16
407   5.0259254e+01   9.9993804e-01   2.4297844e-01   1.0358075e-01  -1.2027927e-01  -1.6828937e-16   7.0678993e-16  -6.0077144e-16   9.4276171e-16
408   5.0259275e+01   9.9993825e-01   2.4298200e-01   1.0358163e-01  -1.1990355e-01  -1.6856463e-16   7.0678993e-16  -5.3009245e-16   8.9942428e-16
409   5.0259296e+01   9.9993846e-01   2.4298555e-01   1.0358249e-01  -1.1952951e-01  -1.6800732e-16   7.0678993e-16  -6.7145043e-16   9.8925434e-16
410   5.0259317e+01   9.9993867e-01   2.4298908e-01   1.0358335e-01  -1.1915713e-01  -1.6805597e-16   7.0678993e-16  -4.5941345e-16   8.5956706e-16
411   5.0259338e+01   9.9993888e-01   2.4299259e-01   1.0358421e-01  -1.1878639e-01  -1.6835644e-16   7.0678993e-16  -6.3611094e-16   9.6567749e-16
412   5.0259359e+01   9.9993909e-01   2.4299609e-01   1.0358505e-01  -1.1841728e-01  -1.6787699e-16   7.7746892e-16  -6.7145043e-16   1.0409065e-15
413   5.0259380e+01   9.9993929e-01   2.4299957e-01   1.0358590e-01  -1.1804978e-01  -1.6771971e-16   7.7746892e-16  -5.6543194e-16   9.7585917e-16
414   5.0259400e+01   9.9993950e-01   2.4300303e-01   1.0358674e-01  -1.1768389e-01  -1.6693616e-16   7.0678993e-16  -5.6543194e-16   9.2039827e-16
415   5.0259421e+01   9.9993970e-01   2.4300648e-01   1.0358757e-01  -1.1731937e-01  -1.6740224e-16   7.7746892e-16  -7.0678993e-16   1.0639706e-15
416   5.0259441e+01   9.9993990e-01   2.4300991e-01   1.0358840e-01  -1.1695662e-01  -1.6668176e-16   7.7746892e-16  -6.0077144e-16   9.9657767e-16
417   5.0259462e+01   9.9994011e-01   2.4301333e-01   1.0358922e-01  -1.1660707e-01  -1.6658058e-16   7.0678993e-16  -5.6543194e-16   9.2033384e-16
418   5.0259482e+01   9.9994031e-01   2.4301673e-01   1.0359004e-01  -1.1624707e-01  -1.6655886e-16   8.4814792e-16  -6.0077144e-16   1.0526267e-15
419   5.0259502e+01   9.9994051e-01   2.4302012e-01   1.0359085e-01  -1.1588862e-01  -1.6638410e-16   8.4814792e-16  -7.4212943e-16   1.1392079e-15
420   5.0259522e+01   9.9994071e-01   2.4302350e-01   1.0359166e-01  -1.1553172e-01  -1.6594454e-16   7.7746892e-16  -5.3009245e-16   9.5550694e-16
421   5.0259542e+01   9.9994091e-01   2.4302686e-01   1.0359247e-01  -1.1519969e-01  -1.6609378e-16   8.4814792e-16  -6.7145043e-16   1.0944349e-15
422   5.0259563e+01   9.9994111e-01   2.4303021e-01   1.0359327e-01  -1.1484530e-01  -1.6618483e-16   9.1882691e-16  -6.3611094e-16   1.1298218e-15
423   5.0259583e+01   9.9994131e-01   2.4303354e-01   1.0359407e-01  -1.1449245e-01  -1.6610167e-16   8.4814792e-16  -6.7145043e-16   1.0944361e-15
424   5.0259602e+01   9.9994151e-01   2.4303687e-01   1.0359486e-01  -1.1414113e-01  -1.6507609e-16   7.7746892e-16  -6.0077144e-16   9.9631037e-16
425   5.0259622e+01   9.9994171e-01   2.4304017e-01   1.0359565e-01  -1.1379132e-01  -1.6527368e-16   8.4814792e-16  -7.4212943e-16   1.1390462e-15
426   5.0259642e+01   9.9994190e-01   2.4304346e-01   1.0359644e-01  -1.1346028e-01  -1.6501078e-16   8.4814792e-16  -6.3611094e-16   1.0729495e-15
427   5.0259662e+01   9.9994210e-01   2.4304674e-01   1.0359723e-01  -1.1311286e-01  -1.6544963e-16   7.7746892e-16  -6.7145043e-16   1.0405178e-15
428   5.0259681e+01   9.9994229e-01   2.4305001e-01   1.0359802e-01  -1.1276695e-01  -1.6495338e-16   8.4814792e-16  -6.3611094e-16   1.0729406e-15
429   5.0259701e+01   9.9994249e-01   2.4305326e-01   1.0359880e-01  -1.1242745e-01  -1.6458058e-16   8.4814792e-16  -6.7145043e-16   1.0942063e-15
430   5.0259721e+01   9.9994268e-01   2.4305650e-01   1.0359958e-01  -1.1208437e-01  -1.6485585e-16   8.4814792e-16  -7.4212943e-16   1.1389857e-15
431   5.0259740e+01   9.9994288e-01   2.4305973e-01   1.0360035e-01  -1.1174276e-01  -1.6418209e-16   7.7746892e-16  -6.7145043e-16   1.0403170e-15
432   5.0259759e+01   9.9994307e-01   2.4306294e-01   1.0360112e-01  -1.1140261e-01  -1.6418506e-16   7.7746892e-16  -6.3611094e-16   1.0178663e-15
433   5.0259779e+01   9.9994326e-01   2.4306613e-01   1.0360188e-01  -1.1106392e-01  -1.6381829e-16   7.7746892e-16  -6.0077144e-16   9.9610275e-16
434   5.0259798e+01   9.9994345e-01   2.4306931e-01   1.0360264e-01  -1.1073648e-01  -1.6386074e-16   8.4814792e-16  -7.0678993e-16   1.1161350e-15
435   5.0259817e+01   9.9994364e-01   2.4307248e-01   1.0360339e-01  -1.1040033e-01  -1.6344405e-16   7.0678993e-16  -6.0077144e-16   9.4190885e-16
436   5.0259836e+01   9.9994383e-01   2.4307564e-01   1.0360414e-01  -1.1006562e-01  -1.6367310e-16   7.7746892e-16  -7.0678993e-16   1.0633902e-15
437   5.0259855e+01   9.9994402e-01   2.4307878e-01   1.0360489e-01  -1.0973233e-01  -1.6371147e-16   9.1882691e-16  -6.0077144e-16   1.1099417e-15
438   5.0259874e+01   9.9994421e-01   2.4308191e-01   1.0360563e-01  -1.0940045e-01  -1.6387857e-16   9.8950590e-16  -6.0077144e-16   1.1691469e-15
439   5.0259893e+01   9.9994440e-01   2.4308502e-01   1.0360636e-01  -1.0908244e-01  -1.6261614e-16   8.4814792e-16  -6.3611094e-16   1.0725838e-15
440   5.0259912e+01   9.9994459e-01   2.4308813e-01   1.0360711e-01  -1.0875290e-01  -1.6359669e-16   7.7746892e-16  -7.7746892e-16   1.1116113e-15
441   5.0259931e+01   9.9994477e-01   2.4309122e-01   1.0360784e-01  -1.0842476e-01  -1.6373826e-16   8.4814792e-16  -7.0678993e-16   1.1161170e-15
442   5.0259949e+01   9.9994496e-01   2.4309430e-01   1.0360858e-01  -1.0810953e-01  -1.6260436e-16   9.1882691e-16  -7.4212943e-16   1.1922412e-15
443   5.0259968e+01   9.9994515e-01   2.4309737e-01   1.0360931e-01  -1.0778375e-01  -1.6275100e-16   7.7746892e-16  -6.7145043e-16   1.0400921e-15
444   5.0259987e+01   9.9994533e-01   2.4310042e-01   1.0361004e-01  -1.0745936e-01  -1.6209688e-16   8.4814792e-16  -6.0077144e-16   1.0519299e-15
445   5.0260005e+01   9.9994551e-01   2.4310346e-01   1.0361077e-01  -1.0715014e-01  -1.6201578e-16   8.4814792e-16  -6.3611094e-16   1.0724929e-15
446   5.0260024e+01   9.9994570e-01   2.4310650e-01   1.0361149e-01  -1.0682805e-01  -1.6248409e-16   7.7746892e-16  -7.4212943e-16   1.0870212e-15
447   5.0260042e+01   9.9994588e-01   2.4310952e-01   1.0361221e-01  -1.0650735e-01  -1.6200143e-16   8.4814792e-16  -6.7145043e-16   1.0938213e-15
448   5.0260060e+01   9.9994606e-01   2.4311252e-01   1.0361292e-01  -1.0618801e-01  -1.6187931e-16   8.4814792e-16  -6.7145043e-16   1.0938032e-15
449   5.0260079e+01   9.9994625e-01   2.4311551e-01   1.0361363e-01  -1.0586710e-01  -1.6205350e-16   7.7746892e-16  -7.0678993e-16   1.0631422e-15
450   5.0260097e+01   9.9994643e-01   2.4311849e-01   1.0361433e-01  -1.0556023e-01  -1.6107314e-16   7.7746892e-16  -5.3009245e-16   9.5467297e-16
451   5.0260115e+01   9.9994661e-01   2.4312146e-01   1.0361503e-01  -1.0524462e-01  -1.6115890e-16   9.1882691e-16  -7.0678993e-16   1.1703705e-15
452   5.0260133e+01   9.9994679e-01   2.4312442e-01   1.0361573e-01  -1.0492504e-01  -1.6151672e-16   9.1882691e-16  -7.0678993e-16   1.1704198e-15
453   5.0260151e+01   9.9994697e-01   2.4312736e-01   1.0361642e-01  -1.0461215e-01  -1.6168087e-16   7.7746892e-16  -6.7145043e-16   1.0399251e-15
454   5.0260169e+01   9.9994714e-01   2.4313029e-01   1.0361711e-01  -1.0430055e-01  -1.6076180e-16   8.4814792e-16  -6.7145043e-16   1.0936384e-15
455   5.0260187e+01   9.9994732e-01   2.4313320e-01   1.0361779e-01  -1.0399025e-01  -1.6063462e-16   9.1882691e-16  -6.3611094e-16   1.1290188e-15
456   5.0260205e+01   9.9994750e-01   2.4313611e-01   1.0361847e-01  -1.0368122e-01  -1.6172715e-16   7.7746892e-16  -6.3611094e-16   1.0174727e-15
457   5.0260222e+01   9.9994768e-01   2.4313900e-01   1.0361915e-01  -1.0337346e-01  -1.6161396e-16   8.4814792e-16  -7.4212943e-16   1.1385210e-15
458   5.0260240e+01   9.9994785e-01   2.4314187e-01   1.0361982e-01  -1.0306696e-01  -1.6017881e-16   8.4814792e-16  -6.7145043e-16   1.0935528e-15
459   5.0260258e+01   9.9994803e-01   2.4314474e-01   1.0362049e-01  -1.0276170e-01  -1.6124202e-16   7.7746892e-16  -7.0678993e-16   1.0630188e-15
460   5.0260275e+01   9.9994820e-01   2.4314759e-01   1.0362115e-01  -1.0245768e-01  -1.5957439e-16   8.4814792e-16  -7.0678993e-16   1.1155137e-15
461   5.0260293e+01   9.9994838e-01   2.4315043e-01   1.0362181e-01  -1.0215489e-01  -1.5963904e-16   8.4814792e-16  -6.7145043e-16   1.0934739e-15
462   5.0260310e+01   9.9994855e-01   2.4315326e-01   1.0362247e-01  -1.0185332e-01  -1.6026682e-16   9.1882691e-16  -5.3009245e-16   1.0728124e-15
463   5.0260328e+01   9.9994872e-01   2.4315607e-01   1.0362312e-01  -1.0156311e-01  -1.5899832e-16   8.4814792e-16  -7.7746892e-16   1.1615047e-15
464   5.0260345e+01   9.9994889e-01   2.4315888e-01   1.0362377e-01  -1.0126363e-01  -1.5910219e-16   9.1882691e-16  -6.7145043e-16   1.1490875e-15
465   5.0260362e+01   9.9994907e-01   2.4316168e-01   1.0362442e-01  -1.0096537e-01  -1.5887884e-16   8.4814792e-16  -6.7145043e-16   1.0933632e-15
466   5.0260379e+01   9.9994924e-01   2.4316446e-01   1.0362507e-01  -1.0066832e-01  -1.5905779e-16   8.4814792e-16  -7.4212943e-16   1.1381610e-15
467   5.0260396e+01   9.9994941e-01   2.4316723e-01   1.0362571e-01  -1.0037246e-01  -1.5954275e-16   7.7746892e-16  -6.3611094e-16   1.0171278e-15
468   5.0260414e+01   9.9994958e-01   2.4316999e-01   1.0362634e-01  -1.0007734e-01  -1.5921012e-16   8.4814792e-16  -7.4212943e-16   1.1381822e-15
469   5.0260431e+01   9.9994975e-01   2.4317274e-01   1.0362698e-01  -9.9783847e-02  -1.5840225e-16   9.8950590e-16  -7.0678993e-16   1.2262810e-15
470   5.0260448e+01   9.9994992e-01   2.4317548e-01   1.0362761e-01  -9.9508579e-02  -1.5884078e-16   9.8950590e-16  -6.7145043e-16   1.2063159e-15
471   5.0260464e+01   9.9995008e-01   2.4317821e-01   1.0362825e-01  -9.9216831e-02  -1.5858453e-16   7.7746892e-16  -6.3611094e-16   1.0169779e-15
472   5.0260481e+01   9.9995025e-01   2.4318094e-01   1.0362888e-01  -9.8939365e-02  -1.5808620e-16   8.4814792e-16  -6.3611094e-16   1.0719064e-15
473   5.0260498e+01   9.9995042e-01   2.4318365e-01   1.0362952e-01  -9.8649587e-02  -1.5810188e-16   8.4814792e-16  -7.7746892e-16   1.1613824e-15
474   5.0260515e+01   9.9995059e-01   2.4318636e-01   1.0363015e-01  -9.8375788e-02  -1.5876641e-16   7.7746892e-16  -7.0678993e-16   1.0626461e-15
475   5.0260532e+01   9.9995075e-01   2.4318906e-01   1.0363077e-01  -9.8087937e-02  -1.5769143e-16   8.4814792e-16  -6.0077144e-16   1.0512601e-15
476   5.0260548e+01   9.9995092e-01   2.4319175e-01   1.0363140e-01  -9.7807431e-02  -1.5741891e-16   8.4814792e-16  -6.3611094e-16   1.0718082e-15
477   5.0260565e+01   9.9995108e-01   2.4319442e-01   1.0363202e-01  -9.7521930e-02  -1.5689949e-16   8.4814792e-16  -7.4212943e-16   1.1378613e-15
478   5.0260582e+01   9.9995125e-01   2.4319708e-01   1.0363263e-01  -9.7247252e-02  -1.5751003e-16   8.4814792e-16  -7.0678993e-16   1.1152203e-15
479   5.0260598e+01   9.9995141e-01   2.4319974e-01   1.0363325e-01  -9.6963794e-02  -1.5715410e-16   8.4814792e-16  -6.7145043e-16   1.0931139e-15
480   5.0260615e+01   9.9995158e-01   2.4320239e-01   1.0363385e-01  -9.6681509e-02  -1.5667578e-16   8.4814792e-16  -6.7145043e-16   1.0930452e-15
481   5.0260631e+01   9.9995174e-01   2.4320502e-01   1.0363446e-01  -9.6400385e-02  -1.5624519e-16   9.1882691e-16  -6.7145043e-16   1.1486954e-15
482   5.0260647e+01   9.9995190e-01   2.4320764e-01   1.0363506e-01  -9.6120408e-02  -1.5754022e-16   9.1882691e-16  -6.7145043e-16   1.1488723e-15
483   5.0260664e+01   9.9995206e-01   2.4321025e-01   1.0363566e-01  -9.5841565e-02  -1.5623547e-16   9.1882691e-16  -8.1280842e-16   1.2366527e-15
484   5.0260680e+01   9.9995223e-01   2.4321285e-01   1.0363626e-01  -9.5563846e-02  -1.5633703e-16   8.4814792e-16  -6.7145043e-16   1.0929967e-15
485   5.0260696e+01   9.9995239e-01   2.4321543e-01   1.0363685e-01  -9.5287240e-02  -1.5685252e-16   8.4814792e-16  -7.0678993e-16   1.1151276e-15
486   5.0260712e+01   9.9995255e-01   2.4321801e-01   1.0363744e-01  -9.5011737e-02  -1.5627944e-16   9.1882691e-16  -7.0678993e-16   1.1697086e-15
487   5.0260728e+01   9.9995271e-01   2.4322057e-01   1.0363802e-01  -9.4737329e-02  -1.5632816e-16   9.1882691e-16  -6.0077144e-16   1.1088768e-15
488   5.0260744e+01   9.9995286e-01   2.4322312e-01   1.0363860e-01  -9.4464006e-02  -1.5604959e-16   9.1882691e-16  -6.7145043e-16   1.1486688e-15
489   5.0260760e+01   9.9995302e-01   2.4322567e-01   1.0363918e-01  -9.4191758e-02  -1.5694715e-16   9.1882691e-16  -7.0678993e-16   1.1697980e-15
490   5.0260776e+01   9.9995318e-01   2.4322820e-01   1.0363976e-01  -9.3920576e-02  -1.5672321e-16   9.8950590e-16  -6.3611094e-16   1.1867271e-15
491   5.0260792e+01   9.9995334e-01   2.4323072e-01   1.0364033e-01  -9.3650456e-02  -1.5632161e-16   8.4814792e-16  -7.7746892e-16   1.1611414e-15
492   5.0260807e+01   9.9995349e-01   2.4323323e-01   1.0364090e-01  -9.3381387e-02  -1.5564329e-16   8.4814792e-16  -8.1280842e-16   1.1850052e-15
493   5.0260823e+01   9.9995365e-01   2.4323573e-01   1.0364147e-01  -9.3113362e-02  -1.5590967e-16   9.1882691e-16  -6.7145043e-16   1.1486498e-15
494   5.0260839e+01   9.9995381e-01   2.4323822e-01   1.0364203e-01  -9.2846375e-02  -1.5567945e-16   9.8950590e-16  -7.0678993e-16   1.2259323e-15
495   5.0260854e+01   9.9995396e-01   2.4324070e-01   1.0364259e-01  -9.2580419e-02  -1.5535600e-16   8.4814792e-16  -7.4212943e-16   1.1376495e-15
496   5.0260870e+01   9.9995412e-01   2.4324317e-01   1.0364315e-01  -9.2315485e-02  -1.5537658e-16   9.8950590e-16  -6.7145043e-16   1.2058646e-15
497   5.0260885e+01   9.9995427e-01   2.4324563e-01   1.0364371e-01  -9.2051568e-02  -1.5505891e-16   9.1882691e-16  -7.4212943e-16   1.1912356e-15
498   5.0260901e+01   9.9995442e-01   2.4324808e-01   1.0364426e-01  -9.1813086e-02  -1.5492033e-16   9.1882691e-16  -6.0077144e-16   1.1086792e-15
499   5.0260916e+01   9.9995458e-01   2.4325053e-01   1.0364481e-01  -9.1550431e-02  -1.5511806e-16   9.1882691e-16  -7.0678993e-16   1.1695540e-15
500   5.0260932e+01   9.9995473e-01   2.4325297e-01   1.0364536e-01  -9.1288828e-02  -1.5487383e-16   9.8950590e-16  -6.7145043e-16   1.2057999e-15
501   5.0260947e+01   9.9995488e-01   2.4325540e-01   1.0364591e-01  -9.1028264e-02  -1.5491789e-16   9.1882691e-16  -7.0678993e-16   1.1695274e-15
502   5.0260962e+01   9.9995503e-01   2.4325783e-01   1.0364646e-01  -9.0768729e-02  -1.5448395e-16   8.4814792e-16  -6.0077144e-16   1.0507838e-15
503   5.0260977e+01   9.9995519e-01   2.4326024e-01   1.0364700e-01  -9.0510213e-02  -1.5464147e-16   9.1882691e-16  -7.4212943e-16   1.1911813e-15
504   5.0260993e+01   9.9995534e-01   2.4326264e-01   1.0364754e-01  -9.0252707e-02  -1.5447561e-16   9.8950590e-16  -7.4212943e-16   1.2464914e-15
505   5.0261008e+01   9.9995549e-01   2.4326503e-01   1.0364807e-01  -8.9996201e-02  -1.5477817e-16   9.1882691e-16  -7.4212943e-16   1.1911991e-15
506   5.0261023e+01   9.9995564e-01   2.4326740e-01   1.0364861e-01  -8.9740687e-02  -1.5336101e-16   9.1882691e-16  -7.7746892e-16   1.2133509e-15
507   5.0261038e+01   9.9995579e-01   2.4326977e-01   1.0364914e-01  -8.9486158e-02  -1.5432262e-16   9.8950590e-16  -6.3611094e-16   1.1864125e-15
508   5.0261053e+01   9.9995593e-01   2.4327214e-01   1.0364966e-01  -8.9232605e-02  -1.5390187e-16   8.4814792e-16  -7.0678993e-16   1.1147164e-15
509   5.0261068e+01   9.9995608e-01   2.4327449e-01   1.0365019e-01  -8.8980021e-02  -1.5340852e-16   9.1882691e-16  -6.7145043e-16   1.1483130e-15
510   5.0261082e+01   9.9995623e-01   2.4327683e-01   1.0365071e-01  -8.8739214e-02  -1.5386731e-16   9.8950590e-16  -7.4212943e-16   1.2464161e-15
511   5.0261097e+01   9.9995638e-01   2.4327916e-01   1.0365123e-01  -8.8488216e-02  -1.5305040e-16   8.4814792e-16  -7.4212943e-16   1.1373370e-15
512   5.0261112e+01   9.9995652e-01   2.4328149e-01   1.0365175e-01  -8.8238190e-02  -1.5322592e-16   8.4814792e-16  -7.0678993e-16   1.1146233e-15
513   5.0261127e+01   9.9995667e-01   2.4328381e-01   1.0365227e-01  -8.7989129e-02  -1.5371031e-16   9.1882691e-16  -7.0678993e-16   1.1693681e-15
514   5.0261141e+01   9.9995682e-01   2.4328612e-01   1.0365278e-01  -8.7751882e-02  -1.5317703e-16   9.8950590e-16  -7.7746892e-16   1.2676920e-15
515   5.0261156e+01   9.9995696e-01   2.4328842e-01   1.0365330e-01  -8.7504353e-02  -1.5301361e-16   8.4814792e-16  -7.7746892e-16   1.1607006e-15
516   5.0261171e+01   9.9995711e-01   2.4329072e-01   1.0365382e-01  -8.7257791e-02  -1.5255453e-16   9.8950590e-16  -7.4212943e-16   1.2462547e-15
517   5.0261185e+01   9.9995725e-01   2.4329300e-01   1.0365433e-01  -8.7012184e-02  -1.5316642e-16   8.4814792e-16  -7.4212943e-16   1.1373526e-15
518   5.0261200e+01   9.9995740e-01   2.4329528e-01   1.0365484e-01  -8.6767526e-02  -1.5304368e-16   9.8950590e-16  -7.7746892e-16   1.2676759e-15
519   5.0261214e+01   9.9995754e-01   2.4329754e-01   1.0365535e-01  -8.6523806e-02  -1.5246030e-16   9.8950590e-16  -7.0678993e-16   1.2255277e-15
520   5.0261228e+01   9.9995768e-01   2.4329980e-01   1.0365585e-01  -8.6281017e-02  -1.5308242e-16   9.1882691e-16  -7.4212943e-16   1.1909799e-15
521   5.0261243e+01   9.9995782e-01   2.4330205e-01   1.0365636e-01  -8.6039152e-02  -1.5207579e-16   8.4814792e-16  -6.0077144e-16   1.0504324e-15
522   5.0261257e+01   9.9995797e-01   2.4330428e-01   1.0365685e-01  -8.5801270e-02  -1.5248465e-16   9.1882691e-16  -7.0678993e-16   1.1692076e-15
523   5.0261271e+01   9.9995811e-01   2.4330651e-01   1.0365735e-01  -8.5554251e-02  -1.5159049e-16   9.8950590e-16  -6.3611094e-16   1.1860602e-15
524   5.0261285e+01   9.9995825e-01   2.4330873e-01   1.0365784e-01  -8.5315170e-02  -1.5148849e-16   1.0601849e-15  -6.3611094e-16   1.2456235e-15
525   5.0261299e+01   9.9995839e-01   2.4331094e-01   1.0365833e-01  -8.5086474e-02  -1.5174206e-16   8.4814792e-16  -8.8348741e-16   1.2340707e-15
526   5.0261314e+01   9.9995853e-01   2.4331315e-01   1.0365882e-01  -8.4848884e-02  -1.5278976e-16   9.8950590e-16  -6.3611094e-16   1.1862140e-15
527   5.0261328e+01   9.9995867e-01   2.4331535e-01   1.0365931e-01  -8.4612198e-02  -1.5099274e-16   9.1882691e-16  -6.3611094e-16   1.1276874e-15
528   5.0261342e+01   9.9995881e-01   2.4331754e-01   1.0365979e-01  -8.4376407e-02  -1.5181030e-16   8.4814792e-16  -7.7746892e-16   1.1605426e-15
529   5.0261356e+01   9.9995895e-01   2.4331972e-01   1.0366028e-01  -8.4141504e-02  -1.5179046e-16   9.1882691e-16  -6.7145043e-16   1.1480980e-15
530   5.0261370e+01   9.9995909e-01   2.4332189e-01   1.0366075e-01  -8.3907482e-02  -1.5185238e-16   9.8950590e-16  -7.4212943e-16   1.2461690e-15
531   5.0261383e+01   9.9995922e-01   2.4332405e-01   1.0366123e-01  -8.3674334e-02  -1.5158634e-16   9.8950590e-16  -6.7145043e-16   1.2053821e-15
532   5.0261397e+01   9.9995936e-01   2.4332620e-01   1.0366171e-01  -8.3442053e-02  -1.5148072e-16   9.8950590e-16  -7.0678993e-16   1.2254062e-15
533   5.0261411e+01   9.9995950e-01   2.4332835e-01   1.0366218e-01  -8.3210637e-02  -1.5175058e-16   9.1882691e-16  -7.4212943e-16   1.1908095e-15
534   5.0261425e+01   9.9995964e-01   2.4333049e-01   1.0366265e-01  -8.2980076e-02  -1.5117233e-16   9.8950590e-16  -6.0077144e-16   1.1674336e-15
535   5.0261438e+01   9.9995977e-01   2.4333261e-01   1.0366312e-01  -8.2766386e-02  -1.5126008e-16   9.1882691e-16  -7.0678993e-16   1.1690485e-15
536   5.0261452e+01   9.9995991e-01   2.4333474e-01   1.0366359e-01  -8.2536971e-02  -1.5056575e-16   9.8950590e-16  -6.3611094e-16   1.1859296e-15
537   5.0261466e+01   9.9996004e-01   2.4333686e-01   1.0366407e-01  -8.2308434e-02  -1.5021641e-16   8.4814792e-16  -7.4212943e-16   1.1369591e-15
538   5.0261479e+01   9.9996018e-01   2.4333897e-01   1.0366454e-01  -8.2080766e-02  -1.5030944e-16   9.1882691e-16  -7.0678993e-16   1.1689259e-15
539   5.0261493e+01   9.9996031e-01   2.4334107e-01   1.0366501e-01  -8.1853957e-02  -1.4972244e-16   1.0601849e-15  -6.0077144e-16   1.2277358e-15
540   5.0261506e+01   9.9996045e-01   2.4334317e-01   1.0366547e-01  -8.1628000e-02  -1.5046277e-16   9.1882691e-16  -6.7145043e-16   1.1479232e-15
541   5.0261520e+01   9.9996058e-01   2.4334525e-01   1.0366593e-01  -8.1402888e-02  -1.5117636e-16   9.8950590e-16  -6.3611094e-16   1.1860073e-15
542   5.0261533e+01   9.9996071e-01   2.4334733e-01   1.0366639e-01  -8.1178614e-02  -1.5105591e-16   9.1882691e-16  -6.3611094e-16   1.1276958e-15
543   5.0261546e+01   9.9996085e-01   2.4334940e-01   1.0366685e-01  -8.0955171e-02  -1.5086154e-16   9.8950590e-16  -7.0678993e-16   1.2253298e-15
544   5.0261560e+01   9.9996098e-01   2.4335146e-01   1.0366730e-01  -8.0732553e-02  -1.4978392e-16   9.1882691e-16  -6.7145043e-16   1.1478344e-15
545   5.0261573e+01   9.9996111e-01   2.4335351e-01   1.0366775e-01  -8.0510753e-02  -1.5034593e-16   9.8950590e-16  -6.3611094e-16   1.1859017e-15
546   5.0261586e+01   9.9996124e-01   2.4335556e-01   1.0366820e-01  -8.0289767e-02  -1.4982599e-16   8.4814792e-16  -7.0678993e-16   1.1141610e-15
547   5.0261599e+01   9.9996137e-01   2.4335759e-01   1.0366865e-01  -8.0069590e-02  -1.4973524e-16   8.4814792e-16  -8.1280842e-16   1.1842437e-15
548   5.0261612e+01   9.9996150e-01   2.4335962e-01   1.0366909e-01  -7.9850213e-02  -1.5038145e-16   9.8950590e-16  -7.0678993e-16   1.2252708e-15
549   5.0261626e+01   9.9996163e-01   2.4336164e-01   1.0366954e-01  -7.9631636e-02  -1.4938376e-16   9.1882691e-16  -7.4212943e-16   1.1905102e-15
550   5.0261639e+01   9.9996176e-01   2.4336366e-01   1.0366998e-01  -7.9409287e-02  -1.5020662e-16   9.1882691e-16  -7.0678993e-16   1.1689127e-15
551   5.0261652e+01   9.9996189e-01   2.4336566e-01   1.0367041e-01  -7.9192338e-02  -1.4894751e-16   8.4814792e-16  -7.4212943e-16   1.1367921e-15
552   5.0261665e+01   9.9996202e-01   2.4336766e-01   1.0367085e-01  -7.8976173e-02  -1.4938677e-16   8.4814792e-16  -6.7145043e-16   1.0920243e-15
553   5.0261677e+01   9.9996215e-01   2.4336965e-01   1.0367128e-01  -7.8760783e-02  -1.4873947e-16   9.8950590e-16  -8.4814792e-16   1.3117165e-15
554   5.0261690e+01   9.9996228e-01   2.4337163e-01   1.0367171e-01  -7.8551758e-02  -1.4923197e-16   9.8950590e-16  -7.0678993e-16   1.2251302e-15
555   5.0261703e+01   9.9996241e-01   2.4337360e-01   1.0367214e-01  -7.8337864e-02  -1.4916388e-16   8.4814792e-16  -7.0678993e-16   1.1140721e-15
556   5.0261716e+01   9.9996253e-01   2.4337557e-01   1.0367257e-01  -7.8124733e-02  -1.4864644e-16   9.8950590e-16  -7.0678993e-16   1.2250591e-15
557   5.0261729e+01   9.9996266e-01   2.4337753e-01   1.0367299e-01  -7.7912362e-02  -1.4814962e-16   9.8950590e-16  -7.4212943e-16   1.2457232e-15
558   5.0261741e+01   9.9996279e-01   2.4337949e-01   1.0367342e-01  -7.7700747e-02  -1.4836919e-16   9.8950590e-16  -7.0678993e-16   1.2250254e-15
559   5.0261754e+01   9.9996291e-01   2.4338143e-01   1.0367384e-01  -7.7504120e-02  -1.4801733e-16   9.1882691e-16  -6.0077144e-16   1.1077357e-15
560   5.0261767e+01   9.9996304e-01   2.4338338e-01   1.0367426e-01  -7.7293569e-02  -1.4867034e-16   9.8950590e-16  -7.7746892e-16   1.2671554e-15
561   5.0261779e+01   9.9996316e-01   2.4338532e-01   1.0367468e-01  -7.7083794e-02  -1.4795745e-16   9.8950590e-16  -7.4212943e-16   1.2457004e-15
562   5.0261792e+01   9.9996329e-01   2.4338725e-01   1.0367509e-01  -7.6891509e-02  -1.4709166e-16   9.1882691e-16  -7.7746892e-16   1.2125744e-15
563   5.0261804e+01   9.9996341e-01   2.4338918e-01   1.0367552e-01  -7.6682691e-02  -1.4774010e-16   9.8950590e-16  -8.1280842e-16   1.2890332e-15
564   5.0261817e+01   9.9996354e-01   2.4339110e-01   1.0367595e-01  -7.6474667e-02  -1.4694340e-16   9.8950590e-16  -8.1280842e-16   1.2889421e-15
565   5.0261829e+01   9.9996366e-01   2.4339302e-01   1.0367637e-01  -7.6267427e-02  -1.4767792e-16   9.8950590e-16  -7.4212943e-16   1.2456672e-15
566   5.0261842e+01   9.9996379e-01   2.4339492e-01   1.0367678e-01  -7.6060963e-02  -1.4781792e-16   9.8950590e-16  -6.7145043e-16   1.2049140e-15
567   5.0261854e+01   9.9996391e-01   2.4339682e-01   1.0367720e-01  -7.5855264e-02  -1.4776732e-16   9.1882691e-16  -7.0678993e-16   1.1686018e-15
568   5.0261867e+01   9.9996403e-01   2.4339872e-01   1.0367761e-01  -7.5650326e-02  -1.4763901e-16   9.1882691e-16  -7.4212943e-16   1.1902925e-15
569   5.0261879e+01   9.9996415e-01   2.4340060e-01   1.0367802e-01  -7.5446140e-02  -1.4726168e-16   9.1882691e-16  -7.7746892e-16   1.2125951e-15
570   5.0261891e+01   9.9996428e-01   2.4340248e-01   1.0367843e-01  -7.5254425e-02  -1.4709502e-16   9.1882691e-16  -7.0678993e-16   1.1685169e-15
571   5.0261903e+01   9.9996440e-01   2.4340435e-01   1.0367884e-01  -7.5051366e-02  -1.4664684e-16   1.0601849e-15  -6.7145043e-16   1.2634647e-15
572   5.0261916e+01   9.9996452e-01   2.4340622e-01   1.0367924e-01  -7.4849064e-02  -1.4637941e-16   9.8950590e-16  -8.1280842e-16   1.2888780e-15
573   5.0261928e+01   9.9996464e-01   2.4340808e-01   1.0367964e-01  -7.4647513e-02  -1.4655822e-16   9.1882691e-16  -7.0678993e-16   1.1684495e-15
574   5.0261940e+01   9.9996476e-01   2.4340994e-01   1.0368004e-01  -7.4446703e-02  -1.4648998e-16   9.8950590e-16  -7.4212943e-16   1.2455269e-15
575   5.0261952e+01   9.9996488e-01   2.4341178e-01   1.0368044e-01  -7.4246629e-02  -1.4661025e-16   9.8950590e-16  -7.4212943e-16   1.2455411e-15
576   5.0261964e+01   9.9996500e-01   2.4341362e-01   1.0368084e-01  -7.4047283e-02  -1.4659736e-16   9.1882691e-16  -7.0678993e-16   1.1684544e-15
577   5.0261976e+01   9.9996512e-01   2.4341545e-01   1.0368123e-01  -7.3848658e-02  -1.4675658e-16   1.0601849e-15  -8.4814792e-16   1.3656077e-15
578   5.0261988e+01   9.9996524e-01   2.4341728e-01   1.0368162e-01  -7.3662096e-02  -1.4571069e-16   9.8950590e-16  -7.0678993e-16   1.2247063e-15
579   5.0262000e+01   9.9996536e-01   2.4341910e-01   1.0368201e-01  -7.3464553e-02  -1.4664890e-16   1.0601849e-15  -6.3611094e-16   1.2450442e-15
580   5.0262012e+01   9.9996548e-01   2.4342091e-01   1.0368240e-01  -7.3267738e-02  -1.4575535e-16   9.1882691e-16  -7.4212943e-16   1.1900603e-15
581   5.0262024e+01   9.9996559e-01   2.4342272e-01   1.0368279e-01  -7.3071645e-02  -1.4638668e-16   9.8950590e-16  -7.0678993e-16   1.2247869e-15
582   5.0262035e+01   9.9996571e-01   2.4342452e-01   1.0368318e-01  -7.2876266e-02  -1.4591246e-16   1.1308639e-15  -6.7145043e-16   1.3232495e-15
583   5.0262047e+01   9.9996583e-01   2.4342632e-01   1.0368356e-01  -7.2681595e-02  -1.4505902e-16   8.4814792e-16  -8.4814792e-16   1.2082019e-15
584   5.0262059e+01   9.9996595e-01   2.4342811e-01   1.0368394e-01  -7.2487626e-02  -1.4594363e-16   9.8950590e-16  -7.0678993e-16   1.2247340e-15
585   5.0262071e+01   9.9996606e-01   2.4342989e-01   1.0368432e-01  -7.2294352e-02  -1.4497306e-16   9.8950590e-16  -7.4212943e-16   1.2453494e-15
586   5.0262082e+01   9.9996618e-01   2.4343166e-01   1.0368470e-01  -7.2101768e-02  -1.4502612e-16   9.8950590e-16  -7.4212943e-16   1.2453556e-15
587   5.0262094e+01   9.9996629e-01   2.4343342e-01   1.0368507e-01  -7.1909869e-02  -1.4515835e-16   1.1308639e-15  -7.4212943e-16   1.3603971e-15
588   5.0262106e+01   9.9996641e-01   2.4343518e-01   1.0368544e-01  -7.1718650e-02  -1.4586344e-16   9.8950590e-16  -6.7145043e-16   1.2046758e-15
589   5.0262117e+01   9.9996652e-01   2.4343694e-01   1.0368582e-01  -7.1528105e-02  -1.4509357e-16   9.8950590e-16  -7.7746892e-16   1.2667407e-15
590   5.0262129e+01   9.9996664e-01   2.4343868e-01   1.0368619e-01  -7.1338230e-02  -1.4486023e-16   9.8950590e-16  -7.0678993e-16   1.2246054e-15
591   5.0262140e+01   9.9996675e-01   2.4344042e-01   1.0368655e-01  -7.1149021e-02  -1.4481991e-16   9.1882691e-16  -7.0678993e-16   1.1682327e-15
592   5.0262151e+01   9.9996687e-01   2.4344216e-01   1.0368692e-01  -7.0970214e-02  -1.4491926e-16   9.8950590e-16  -7.4212943e-16   1.2453432e-15
593   5.0262163e+01   9.9996698e-01   2.4344389e-01   1.0368729e-01  -7.0782027e-02  -1.4453662e-16   9.8950590e-16  -8.1280842e-16   1.2886700e-15
594   5.0262174e+01   9.9996709e-01   2.4344562e-01   1.0368765e-01  -7.0594514e-02  -1.4426722e-16   1.1308639e-15  -7.7746892e-16   1.3799000e-15
595   5.0262186e+01   9.9996721e-01   2.4344733e-01   1.0368801e-01  -7.0407670e-02  -1.4503462e-16   1.0601849e-15  -7.4212943e-16   1.3022224e-15
596   5.0262197e+01   9.9996732e-01   2.4344905e-01   1.0368838e-01  -7.0221488e-02  -1.4487100e-16   9.8950590e-16  -8.1280842e-16   1.2887075e-15
597   5.0262208e+01   9.9996743e-01   2.4345075e-01   1.0368873e-01  -7.0035962e-02  -1.4488036e-16   1.0601849e-15  -7.0678993e-16   1.2823940e-15
598   5.0262219e+01   9.9996754e-01   2.4345245e-01   1.0368909e-01  -6.9851088e-02  -1.4421586e-16   9.8950590e-16  -7.7746892e-16   1.2666405e-15
599   5.0262231e+01   9.9996765e-01   2.4345415e-01   1.0368945e-01  -6.9662638e-02  -1.4419772e-16   1.1308639e-15  -7.4212943e-16   1.3602949e-15
600   5.0262242e+01   9.9996776e-01   2.4345583e-01   1.0368980e-01  -6.9479102e-02  -1.4408831e-16   9.8950590e-16  -8.4814792e-16   1.3111973e-15
601   5.0262253e+01   9.9996787e-01   2.4345751e-01   1.0369015e-01  -6.9296201e-02  -1.4364813e-16   1.0601849e-15  -8.1280842e-16   1.3436087e-15
602   5.0262264e+01   9.9996799e-01   2.4345918e-01   1.0369051e-01  -6.9123219e-02  -1.4425032e-16   9.8950590e-16  -9.1882691e-16   1.3580033e-15
603   5.0262275e+01   9.9996810e-01   2.4346086e-01   1.0369086e-01  -6.8941298e-02  -1.4314769e-16   9.8950590e-16  -8.1280842e-16   1.2885149e-15
604   5.0262286e+01   9.9996821e-01   2.4346252e-01   1.0369120e-01  -6.8760021e-02  -1.4360599e-16   9.8950590e-16  -7.0678993e-16   1.2244577e-15
605   5.0262297e+01   9.9996831e-01   2.4346418e-01   1.0369155e-01  -6.8579383e-02  -1.4405882e-16   1.0601849e-15  -7.0678993e-16   1.2823014e-15
606   5.0262308e+01   9.9996842e-01   2.4346584e-01   1.0369190e-01  -6.8399378e-02  -1.4353120e-16   9.8950590e-16  -7.0678993e-16   1.2244489e-15
607   5.0262319e+01   9.9996853e-01   2.4346748e-01   1.0369224e-01  -6.8220001e-02  -1.4372393e-16   9.1882691e-16  -7.4212943e-16   1.1898132e-15
608   5.0262330e+01   9.9996864e-01   2.4346912e-01   1.0369258e-01  -6.8041248e-02  -1.4346979e-16   9.8950590e-16  -6.7145043e-16   1.2043883e-15
609   5.0262341e+01   9.9996875e-01   2.4347076e-01   1.0369292e-01  -6.7863114e-02  -1.4352078e-16   9.1882691e-16  -7.4212943e-16   1.1897887e-15
610   5.0262352e+01   9.9996886e-01   2.4347239e-01   1.0369326e-01  -6.7685595e-02  -1.4329971e-16   9.8950590e-16  -7.7746892e-16   1.2665365e-15
611   5.0262362e+01   9.9996896e-01   2.4347401e-01   1.0369360e-01  -6.7508686e-02  -1.4313463e-16   9.1882691e-16  -6.7145043e-16   1.1469857e-15
612   5.0262373e+01   9.9996907e-01   2.4347563e-01   1.0369394e-01  -6.7332383e-02  -1.4259757e-16   1.0601849e-15  -7.0678993e-16   1.2821381e-15
613   5.0262384e+01   9.9996918e-01   2.4347724e-01   1.0369427e-01  -6.7156683e-02  -1.4218954e-16   1.1308639e-15  -7.4212943e-16   1.3600835e-15
614   5.0262395e+01   9.9996928e-01   2.4347884e-01   1.0369460e-01  -6.6981582e-02  -1.4272425e-16   9.1882691e-16  -7.7746892e-16   1.2120524e-15
615   5.0262405e+01   9.9996939e-01   2.4348044e-01   1.0369494e-01  -6.6807077e-02  -1.4326386e-16   9.8950590e-16  -7.7746892e-16   1.2665324e-15
616   5.0262416e+01   9.9996950e-01   2.4348204e-01   1.0369527e-01  -6.6633163e-02  -1.4292531e-16   1.1308639e-15  -7.0678993e-16   1.3412057e-15
617   5.0262426e+01   9.9996960e-01   2.4348362e-01   1.0369560e-01  -6.6459838e-02  -1.4245858e-16   9.8950590e-16  -7.0678993e-16   1.2243236e-15
618   5.0262437e+01   9.9996971e-01   2.4348521e-01   1.0369592e-01  -6.6287098e-02  -1.4203643e-16   1.0601849e-15  -8.1280842e-16   1.3434373e-15
619   5.0262448e+01   9.9996981e-01   2.4348678e-01   1.0369625e-01  -6.6114941e-02  -1.4232233e-16   1.0601849e-15  -7.0678993e-16   1.2821075e-15
620   5.0262458e+01   9.9996991e-01   2.4348835e-01   1.0369657e-01  -6.5955267e-02  -1.4127284e-16   1.0601849e-15  -8.8348741e-16   1.3872635e-15
621   5.0262468e+01   9.9997002e-01   2.4348993e-01   1.0369690e-01  -6.5783902e-02  -1.4230285e-16   1.0601849e-15  -7.4212943e-16   1.3019210e-15
622   5.0262479e+01   9.9997012e-01   2.4349149e-01   1.0369722e-01  -6.5613137e-02  -1.4193732e-16   9.8950590e-16  -7.4212943e-16   1.2449997e-15
623   5.0262489e+01   9.9997023e-01   2.4349305e-01   1.0369754e-01  -6.5442965e-02  -1.4201169e-16   9.8950590e-16  -8.8348741e-16   1.3341062e-15
624   5.0262500e+01   9.9997033e-01   2.4349461e-01   1.0369786e-01  -6.5273379e-02  -1.4143288e-16   9.8950590e-16  -7.0678993e-16   1.2242047e-15
625   5.0262510e+01   9.9997043e-01   2.4349615e-01   1.0369818e-01  -6.5104375e-02  -1.4175734e-16   9.8950590e-16  -8.4814792e-16   1.3109432e-15
626   5.0262520e+01   9.9997054e-01   2.4349770e-01   1.0369850e-01  -6.4935949e-02  -1.4126264e-16   1.1308639e-15  -7.4212943e-16   1.3599869e-15
627   5.0262531e+01   9.9997064e-01   2.4349923e-01   1.0369882e-01  -6.4768097e-02  -1.4146367e-16   9.8950590e-16  -7.0678993e-16   1.2242083e-15
628   5.0262541e+01   9.9997074e-01   2.4350076e-01   1.0369913e-01  -6.4600815e-02  -1.4083373e-16   1.0601849e-15  -7.7746892e-16   1.3222269e-15
629   5.0262551e+01   9.9997084e-01   2.4350229e-01   1.0369944e-01  -6.4434099e-02  -1.4082560e-16   1.0601849e-15  -8.4814792e-16   1.3649831e-15
630   5.0262561e+01   9.9997094e-01   2.4350381e-01   1.0369976e-01  -6.4267945e-02  -1.4163611e-16   1.0601849e-15  -8.1280842e-16   1.3433951e-15
631   5.0262571e+01   9.9997104e-01   2.4350533e-01   1.0370007e-01  -6.4102349e-02  -1.4098969e-16   9.8950590e-16  -8.4814792e-16   1.3108604e-15
632   5.0262582e+01   9.9997114e-01   2.4350684e-01   1.0370038e-01  -6.3937309e-02  -1.4149238e-16   9.1882691e-16  -7.4212943e-16   1.1895457e-15
633   5.0262592e+01   9.9997124e-01   2.4350834e-01   1.0370068e-01  -6.3772821e-02  -1.4037268e-16   9.8950590e-16  -8.1280842e-16   1.2882096e-15
634   5.0262602e+01   9.9997134e-01   2.4350984e-01   1.0370099e-01  -6.3608881e-02  -1.4080153e-16   9.8950590e-16  -6.7145043e-16   1.2040734e-15
635   5.0262612e+01   9.9997144e-01   2.4351133e-01   1.0370130e-01  -6.3445487e-02  -1.4134954e-16   9.8950590e-16  -7.7746892e-16   1.2663173e-15
636   5.0262622e+01   9.9997154e-01   2.4351282e-01   1.0370160e-01  -6.3282636e-02  -1.4011356e-16   1.1308639e-15  -7.4212943e-16   1.3598680e-15
637   5.0262632e+01   9.9997164e-01   2.4351430e-01   1.0370190e-01  -6.3120324e-02  -1.4173963e-16   1.0601849e-15  -7.4212943e-16   1.3018595e-15
638   5.0262642e+01   9.9997174e-01   2.4351578e-01   1.0370220e-01  -6.2958549e-02  -1.4044548e-16   1.0601849e-15  -7.7746892e-16   1.3221856e-15
639   5.0262652e+01   9.9997184e-01   2.4351726e-01   1.0370250e-01  -6.2810038e-02  -1.4014309e-16   9.8950590e-16  -8.4814792e-16   1.3107696e-15
640   5.0262661e+01   9.9997194e-01   2.4351873e-01   1.0370280e-01  -6.2648943e-02  -1.4095482e-16   9.8950590e-16  -8.1280842e-16   1.2882732e-15
641   5.0262671e+01   9.9997204e-01   2.4352020e-01   1.0370310e-01  -6.2488402e-02  -1.4005876e-16   9.8950590e-16  -8.1280842e-16   1.2881754e-15
642   5.0262681e+01   9.9997214e-01   2.4352166e-01   1.0370340e-01  -6.2328413e-02  -1.3991843e-16   1.0601849e-15  -8.1280842e-16   1.3432151e-15
643   5.0262691e+01   9.9997223e-01   2.4352312e-01   1.0370370e-01  -6.2168967e-02  -1.4067076e-16   9.8950590e-16  -7.7746892e-16   1.2662417e-15
644   5.0262701e+01   9.9997233e-01   2.4352457e-01   1.0370399e-01  -6.2010063e-02  -1.4009075e-16   9.8950590e-16  -7.7746892e-16   1.2661774e-15
645   5.0262711e+01   9.9997243e-01   2.4352602e-01   1.0370429e-01  -6.1851696e-02  -1.3978209e-16   9.8950590e-16  -7.0678993e-16   1.2240151e-15
646   5.0262720e+01   9.9997252e-01   2.4352746e-01   1.0370458e-01  -6.1693860e-02  -1.4020584e-16   9.8950590e-16  -8.1280842e-16   1.2881914e-15
647   5.0262730e+01   9.9997262e-01   2.4352890e-01   1.0370487e-01  -6.1536552e-02  -1.4029357e-16   9.8950590e-16  -7.0678993e-16   1.2240736e-15
648   5.0262740e+01   9.9997272e-01   2.4353033e-01   1.0370516e-01  -6.1394834e-02  -1.3992904e-16   1.0601849e-15  -7.7746892e-16   1.3221309e-15
649   5.0262749e+01   9.9997281e-01   2.4353177e-01   1.0370546e-01  -6.1238061e-02  -1.3941899e-16   9.8950590e-16  -8.1280842e-16   1.2881060e-15
650   5.0262759e+01   9.9997291e-01   2.4353319e-01   1.0370576e-01  -6.1081841e-02  -1.3946236e-16   9.8950590e-16  -8.8348741e-16   1.3338372e-15
651   5.0262768e+01   9.9997300e-01   2.4353462e-01   1.0370605e-01  -6.0926167e-02  -1.3974669e-16   9.8950590e-16  -7.4212943e-16   1.2447518e-15
652   5.0262778e+01   9.9997310e-01   2.4353604e-01   1.0370635e-01  -6.0771033e-02  -1.3899412e-16   1.0601849e-15  -8.1280842e-16   1.3431191e-15
653   5.0262788e+01   9.9997319e-01   2.4353745e-01   1.0370664e-01  -6.0616433e-02  -1.3887639e-16   9.8950590e-16  -7.4212943e-16   1.2446544e-15
654   5.0262797e+01   9.9997329e-01   2.4353886e-01   1.0370693e-01  -6.0473144e-02  -1.3880806e-16   9.8950590e-16  -7.4212943e-16   1.2446468e-15
655   5.0262807e+01   9.9997338e-01   2.4354026e-01   1.0370722e-01  -6.0319272e-02  -1.3904311e-16   9.8950590e-16  -7.7746892e-16   1.2660619e-15
656   5.0262816e+01   9.9997348e-01   2.4354167e-01   1.0370751e-01  -6.0165942e-02  -1.3909373e-16   9.8950590e-16  -7.7746892e-16   1.2660675e-15
657   5.0262826e+01   9.9997357e-01   2.4354306e-01   1.0370779e-01  -6.0013147e-02  -1.3926883e-16   9.8950590e-16  -7.7746892e-16   1.2660868e-15
658   5.0262835e+01   9.9997366e-01   2.4354445e-01   1.0370808e-01  -5.9860883e-02  -1.3949430e-16   9.8950590e-16  -7.4212943e-16   1.2447235e-15
659   5.0262844e+01   9.9997376e-01   2.4354584e-01   1.0370836e-01  -5.9709142e-02  -1.3882325e-16   1.0601849e-15  -7.7746892e-16   1.3220143e-15
660   5.0262854e+01   9.9997385e-01   2.4354722e-01   1.0370864e-01  -5.9557923e-02  -1.3866521e-16   9.8950590e-16  -8.4814792e-16   1.3106124e-15
661   5.0262863e+01   9.9997394e-01   2.4354860e-01   1.0370892e-01  -5.9407214e-02  -1.3926012e-16   9.8950590e-16  -7.0678993e-16   1.2239556e-15
662   5.0262872e+01   9.9997404e-01   2.4354997e-01   1.0370920e-01  -5.9257016e-02  -1.3865954e-16   1.0601849e-15  -8.8348741e-16   1.3869998e-15
663   5.0262881e+01   9.9997413e-01   2.4355133e-01   1.0370947e-01  -5.9107322e-02  -1.3860329e-16   1.0601849e-15  -6.7145043e-16   1.2625564e-15
664   5.0262891e+01   9.9997422e-01   2.4355269e-01   1.0370975e-01  -5.8958129e-02  -1.3827921e-16   1.0601849e-15  -8.4814792e-16   1.3647227e-15
665   5.0262900e+01   9.9997431e-01   2.4355405e-01   1.0371002e-01  -5.8809433e-02  -1.3749627e-16   1.0601849e-15  -8.4814792e-16   1.3646436e-15
666   5.0262909e+01   9.9997440e-01   2.4355540e-01   1.0371030e-01  -5.8661231e-02  -1.3764089e-16   9.8950590e-16  -8.1280842e-16   1.2879148e-15
667   5.0262918e+01   9.9997449e-01   2.4355675e-01   1.0371057e-01  -5.8513518e-02  -1.3783575e-16   9.8950590e-16  -8.1280842e-16   1.2879356e-15
668   5.0262927e+01   9.9997458e-01   2.4355809e-01   1.0371084e-01  -5.8366293e-02  -1.3810774e-16   9.8950590e-16  -9.1882691e-16   1.3573646e-15
669   5.0262936e+01   9.9997467e-01   2.4355943e-01   1.0371111e-01  -5.8219550e-02  -1.3845571e-16   1.0601849e-15  -7.4212943e-16   1.3015061e-15
670   5.0262945e+01   9.9997476e-01   2.4356076e-01   1.0371137e-01  -5.8087715e-02  -1.3816603e-16   9.8950590e-16  -7.7746892e-16   1.2659659e-15
671   5.0262955e+01   9.9997485e-01   2.4356209e-01   1.0371165e-01  -5.7941441e-02  -1.3752029e-16   1.1308639e-15  -7.4212943e-16   1.3596033e-15
672   5.0262964e+01   9.9997494e-01   2.4356343e-01   1.0371193e-01  -5.7795676e-02  -1.3843560e-16   1.0601849e-15  -8.4814792e-16   1.3647386e-15
673   5.0262973e+01   9.9997503e-01   2.4356475e-01   1.0371220e-01  -5.7650414e-02  -1.3778433e-16   8.4814792e-16  -7.7746892e-16   1.1587913e-15
674   5.0262982e+01   9.9997512e-01   2.4356607e-01   1.0371247e-01  -5.7505648e-02  -1.3774606e-16   1.0601849e-15  -7.0678993e-16   1.2816076e-15
675   5.0262991e+01   9.9997521e-01   2.4356739e-01   1.0371274e-01  -5.7361373e-02  -1.3847991e-16   9.8950590e-16  -8.4814792e-16   1.3105928e-15
676   5.0262999e+01   9.9997530e-01   2.4356870e-01   1.0371301e-01  -5.7217584e-02  -1.3750109e-16   9.8950590e-16  -7.7746892e-16   1.2658935e-15
677   5.0263008e+01   9.9997539e-01   2.4357000e-01   1.0371327e-01  -5.7074276e-02  -1.3748195e-16   1.1308639e-15  -7.4212943e-16   1.3595994e-15
678   5.0263017e+01   9.9997548e-01   2.4357130e-01   1.0371354e-01  -5.6931447e-02  -1.3703771e-16   9.8950590e-16  -9.1882691e-16   1.3572561e-15
679   5.0263026e+01   9.9997557e-01   2.4357260e-01   1.0371380e-01  -5.6789091e-02  -1.3695830e-16   9.8950590e-16  -6.0077144e-16   1.1656783e-15
680   5.0263035e+01   9.9997565e-01   2.4357389e-01   1.0371406e-01  -5.6644692e-02  -1.3724511e-16   9.8950590e-16  -8.1280842e-16   1.2878725e-15
681   5.0263044e+01   9.9997574e-01   2.4357518e-01   1.0371432e-01  -5.6503303e-02  -1.3692104e-16   9.8950590e-16  -7.4212943e-16   1.2444378e-15
682   5.0263052e+01   9.9997583e-01   2.4357646e-01   1.0371458e-01  -5.6362376e-02  -1.3736773e-16   9.8950590e-16  -7.4212943e-16   1.2444870e-15
683   5.0263061e+01   9.9997591e-01   2.4357774e-01   1.0371483e-01  -5.6221909e-02  -1.3684598e-16   9.8950590e-16  -8.4814792e-16   1.3104212e-15
684   5.0263070e+01   9.9997600e-01   2.4357901e-01   1.0371509e-01  -5.6081049e-02  -1.3644797e-16   9.8950590e-16  -8.1280842e-16   1.2877878e-15
685   5.0263078e+01   9.9997609e-01   2.4358028e-01   1.0371534e-01  -5.5941495e-02  -1.3647071e-16   1.0601849e-15  -8.1280842e-16   1.3428603e-15
686   5.0263087e+01   9.9997617e-01   2.4358154e-01   1.0371560e-01  -5.5802390e-02  -1.3748143e-16   9.8950590e-16  -8.4814792e-16   1.3104877e-15
687   5.0263096e+01   9.9997626e-01   2.4358280e-01   1.0371585e-01  -5.5663734e-02  -1.3653445e-16   9.8950590e-16  -7.4212943e-16   1.2443953e-15
688   5.0263104e+01   9.9997634e-01   2.4358406e-01   1.0371610e-01  -5.5525523e-02  -1.3711122e-16   1.1308639e-15  -8.4814792e-16   1.4202139e-15
689   5.0263113e+01   9.9997643e-01   2.4358531e-01   1.0371635e-01  -5.5387754e-02  -1.3709925e-16   1.1308639e-15  -7.7746892e-16   1.3791690e-15
690   5.0263121e+01   9.9997651e-01   2.4358656e-01   1.0371660e-01  -5.5250425e-02  -1.3750097e-16   9.1882691e-16  -8.8348741e-16   1.2820684e-15
691   5.0263130e+01   9.9997660e-01   2.4358780e-01   1.0371684e-01  -5.5126612e-02  -1.3662226e-16   1.0601849e-15  -9.1882691e-16   1.4095746e-15
692   5.0263138e+01   9.9997668e-01   2.4358905e-01   1.0371709e-01  -5.4982350e-02  -1.3631494e-16   1.0601849e-15  -8.4814792e-16   1.3645251e-15
693   5.0263147e+01   9.9997677e-01   2.4359029e-01   1.0371734e-01  -5.4858884e-02  -1.3652167e-16   9.8950590e-16  -8.4814792e-16   1.3103873e-15
694   5.0263155e+01   9.9997685e-01   2.4359153e-01   1.0371758e-01  -5.4722934e-02  -1.3594521e-16   1.0601849e-15  -8.1280842e-16   1.3428070e-15
695   5.0263164e+01   9.9997694e-01   2.4359276e-01   1.0371783e-01  -5.4587434e-02  -1.3625665e-16   1.0601849e-15  -8.1280842e-16   1.3428386e-15
696   5.0263172e+01   9.9997702e-01   2.4359399e-01   1.0371807e-01  -5.4452381e-02  -1.3572167e-16   1.0601849e-15  -7.7746892e-16   1.3216922e-15
697   5.0263181e+01   9.9997710e-01   2.4359521e-01   1.0371831e-01  -5.4317771e-02  -1.3567867e-16   1.1308639e-15  -7.0678993e-16   1.3404528e-15
698   5.0263189e+01   9.9997719e-01   2.4359643e-01   1.0371855e-01  -5.4187642e-02  -1.3581800e-16   1.1308639e-15  -8.1280842e-16   1.3992702e-15
699   5.0263197e+01   9.9997727e-01   2.4359764e-01   1.0371879e-01  -5.4053876e-02  -1.3609099e-16   9.8950590e-16  -8.4814792e-16   1.3103425e-15
700   5.0263206e+01   9.9997735e-01   2.4359886e-01   1.0371903e-01  -5.3920542e-02  -1.3610807e-16   9.8950590e-16  -7.7746892e-16   1.2657430e-15
701   5.0263214e+01   9.9997743e-01   2.4360006e-01   1.0371927e-01  -5.3787637e-02  -1.3606674e-16   9.8950590e-16  -7.0678993e-16   1.2235964e-15
702   5.0263222e+01   9.9997752e-01   2.4360127e-01   1.0371950e-01  -5.3655159e-02  -1.3592765e-16   1.0601849e-15  -8.1280842e-16   1.3428052e-15
703   5.0263230e+01   9.9997760e-01   2.4360246e-01   1.0371974e-01  -5.3523105e-02  -1.3609385e-16   1.1308639e-15  -8.4814792e-16   1.4201160e-15
704   5.0263239e+01   9.9997768e-01   2.4360366e-01   1.0371997e-01  -5.3391472e-02  -1.3521273e-16   1.1308639e-15  -8.1280842e-16   1.3992116e-15
705   5.0263247e+01   9.9997776e-01   2.4360485e-01   1.0372021e-01  -5.3260258e-02  -1.3622654e-16   1.0601849e-15  -8.1280842e-16   1.3428355e-15
706   5.0263255e+01   9.9997784e-01   2.4360604e-01   1.0372044e-01  -5.3129459e-02  -1.3536825e-16   1.0601849e-15  -7.7746892e-16   1.3216560e-15
707   5.0263263e+01   9.9997792e-01   2.4360722e-01   1.0372067e-01  -5.2999073e-02  -1.3556823e-16   9.8950590e-16  -8.1280842e-16   1.2876949e-15
708   5.0263271e+01   9.9997800e-01   2.4360840e-01   1.0372090e-01  -5.2870350e-02  -1.3539969e-16   1.1308639e-15  -7.0678993e-16   1.3404246e-15
709   5.0263279e+01   9.9997809e-01   2.4360957e-01   1.0372113e-01  -5.2740775e-02  -1.3563482e-16   1.0601849e-15  -7.7746892e-16   1.3216833e-15
710   5.0263287e+01   9.9997817e-01   2.4361074e-01   1.0372136e-01  -5.2609208e-02  -1.3505657e-16   9.8950590e-16  -7.4212943e-16   1.2442340e-15
711   5.0263295e+01   9.9997825e-01   2.4361191e-01   1.0372159e-01  -5.2480472e-02  -1.3471265e-16   1.1308639e-15  -7.0678993e-16   1.3403554e-15
712   5.0263304e+01   9.9997833e-01   2.4361307e-01   1.0372181e-01  -5.2352138e-02  -1.3550441e-16   1.1308639e-15  -6.0077144e-16   1.2876882e-15
713   5.0263311e+01   9.9997840e-01   2.4361423e-01   1.0372204e-01  -5.2237797e-02  -1.3477092e-16   9.8950590e-16  -7.7746892e-16   1.2655999e-15
714   5.0263319e+01   9.9997848e-01   2.4361540e-01   1.0372227e-01  -5.2109851e-02  -1.3511577e-16   1.0601849e-15  -8.4814792e-16   1.3644058e-15
715   5.0263327e+01   9.9997856e-01   2.4361655e-01   1.0372249e-01  -5.1982329e-02  -1.3526395e-16   1.0601849e-15  -7.0678993e-16   1.2813432e-15
716   5.0263335e+01   9.9997864e-01   2.4361771e-01   1.0372272e-01  -5.1855226e-02  -1.3484701e-16   1.0601849e-15  -8.1280842e-16   1.3426963e-15
717   5.0263343e+01   9.9997872e-01   2.4361886e-01   1.0372294e-01  -5.1728539e-02  -1.3466270e-16   1.0601849e-15  -7.0678993e-16   1.2812799e-15
718   5.0263351e+01   9.9997880e-01   2.4362000e-01   1.0372316e-01  -5.1602262e-02  -1.3498548e-16   1.1308639e-15  -7.7746892e-16   1.3789605e-15
719   5.0263359e+01   9.9997888e-01   2.4362115e-01   1.0372338e-01  -5.1476393e-02  -1.3470371e-16   1.0601849e-15  -7.4212943e-16   1.3011123e-15
720   5.0263367e+01   9.9997896e-01   2.4362228e-01   1.0372360e-01  -5.1350927e-02  -1.3436780e-16   1.0601849e-15  -7.7746892e-16   1.3215539e-15
721   5.0263375e+01   9.9997903e-01   2.4362342e-01   1.0372382e-01  -5.1225863e-02  -1.3401055e-16   9.8950590e-16  -8.8348741e-16   1.3332782e-15
722   5.0263383e+01   9.9997911e-01   2.4362455e-01   1.0372404e-01  -5.1101195e-02  -1.3482835e-16   9.8950590e-16  -8.4814792e-16   1.3102120e-15
723   5.0263390e+01   9.9997919e-01   2.4362567e-01   1.0372426e-01  -5.0976925e-02  -1.3462688e-16   1.1308639e-15  -8.1280842e-16   1.3991551e-15
724   5.0263398e+01   9.9997927e-01   2.4362680e-01   1.0372448e-01  -5.0853044e-02  -1.3457831e-16   1.0601849e-15  -7.0678993e-16   1.2812710e-15
725   5.0263406e+01   9.9997934e-01   2.4362791e-01   1.0372469e-01  -5.0729552e-02  -1.3439749e-16   1.1308639e-15  -7.4212943e-16   1.3592910e-15
726   5.0263414e+01   9.9997942e-01   2.4362903e-01   1.0372491e-01  -5.0606447e-02  -1.3426870e-16   1.1308639e-15  -8.1280842e-16   1.3991207e-15
727   5.0263421e+01   9.9997950e-01   2.4363014e-01   1.0372512e-01  -5.0483727e-02  -1.3479621e-16   9.8950590e-16  -7.0678993e-16   1.2234557e-15
728   5.0263429e+01   9.9997957e-01   2.4363125e-01   1.0372533e-01  -5.0361389e-02  -1.3445118e-16   9.8950590e-16  -7.4212943e-16   1.2441684e-15
729   5.0263437e+01   9.9997965e-01   2.4363235e-01   1.0372555e-01  -5.0239431e-02  -1.3483671e-16   1.0601849e-15  -7.4212943e-16   1.3011261e-15
730   5.0263444e+01   9.9997973e-01   2.4363345e-01   1.0372576e-01  -5.0117851e-02  -1.3372481e-16   1.1308639e-15  -7.7746892e-16   1.3788377e-15
731   5.0263452e+01   9.9997980e-01   2.4363455e-01   1.0372597e-01  -4.9996646e-02  -1.3412023e-16   1.0601849e-15  -8.4814792e-16   1.3643076e-15
732   5.0263459e+01   9.9997988e-01   2.4363564e-01   1.0372618e-01  -4.9875816e-02  -1.3483233e-16   1.1308639e-15  -7.4212943e-16   1.3593340e-15
733   5.0263467e+01   9.9997995e-01   2.4363673e-01   1.0372639e-01  -4.9755356e-02  -1.3455766e-16   1.1308639e-15  -8.4814792e-16   1.4199696e-15
734   5.0263475e+01   9.9998003e-01   2.4363782e-01   1.0372659e-01  -4.9635267e-02  -1.3455433e-16   9.8950590e-16  -7.0678993e-16   1.2234291e-15
735   5.0263482e+01   9.9998010e-01   2.4363890e-01   1.0372680e-01  -4.9515546e-02  -1.3384320e-16   1.0601849e-15  -7.4212943e-16   1.3010235e-15
736   5.0263490e+01   9.9998018e-01   2.4363998e-01   1.0372701e-01  -4.9396191e-02  -1.3416278e-16   9.8950590e-16  -7.7746892e-16   1.2655353e-15
737   5.0263497e+01   9.9998025e-01   2.4364105e-01   1.0372721e-01  -4.9277201e-02  -1.3338476e-16   1.0601849e-15  -8.1280842e-16   1.3425502e-15
738   5.0263504e+01   9.9998032e-01   2.4364213e-01   1.0372742e-01  -4.9167602e-02  -1.3345258e-16   1.1308639e-15  -8.8348741e-16   1.4412539e-15
739   5.0263512e+01   9.9998040e-01   2.4364320e-01   1.0372762e-01  -4.9049064e-02  -1.3374259e-16   1.1308639e-15  -8.8348741e-16   1.4412808e-15
740   5.0263519e+01   9.9998047e-01   2.4364427e-01   1.0372783e-01  -4.8930905e-02  -1.3284574e-16   1.1308639e-15  -7.4212943e-16   1.3591384e-15
741   5.0263527e+01   9.9998055e-01   2.4364533e-01   1.0372803e-01  -4.8813120e-02  -1.3381347e-16   9.8950590e-16  -7.7746892e-16   1.2654983e-15
742   5.0263534e+01   9.9998062e-01   2.4364640e-01   1.0372823e-01  -4.8695706e-02  -1.3353859e-16   1.0601849e-15  -7.7746892e-16   1.3214698e-15
743   5.0263541e+01   9.9998069e-01   2.4364746e-01   1.0372843e-01  -4.8578661e-02  -1.3383318e-16   1.1308639e-15  -7.4212943e-16   1.3592353e-15
744   5.0263549e+01   9.9998077e-01   2.4364851e-01   1.0372863e-01  -4.8461980e-02  -1.3304537e-16   9.8950590e-16  -7.4212943e-16   1.2440173e-15
745   5.0263556e+01   9.9998084e-01   2.4364956e-01   1.0372883e-01  -4.8345663e-02  -1.3350858e-16   1.1308639e-15  -7.0678993e-16   1.3402349e-15
746   5.0263563e+01   9.9998091e-01   2.4365061e-01   1.0372903e-01  -4.8239542e-02  -1.3297077e-16   1.1308639e-15  -8.8348741e-16   1.4412093e-15
747   5.0263571e+01   9.9998098e-01   2.4365166e-01   1.0372923e-01  -4.8123647e-02  -1.3252594e-16   1.1308639e-15  -6.7145043e-16   1.3218404e-15
748   5.0263578e+01   9.9998106e-01   2.4365271e-01   1.0372943e-01  -4.8008128e-02  -1.3345658e-16   1.0601849e-15  -7.7746892e-16   1.3214615e-15
749   5.0263585e+01   9.9998113e-01   2.4365375e-01   1.0372963e-01  -4.7892981e-02  -1.3323332e-16   1.1308639e-15  -7.4212943e-16   1.3591763e-15
750   5.0263592e+01   9.9998120e-01   2.4365479e-01   1.0372983e-01  -4.7778202e-02  -1.3291183e-16   1.1308639e-15  -8.1280842e-16   1.3989911e-15
751   5.0263600e+01   9.9998127e-01   2.4365582e-01   1.0373002e-01  -4.7663786e-02  -1.3345719e-16   1.1308639e-15  -7.4212943e-16   1.3591983e-15
752   5.0263607e+01   9.9998134e-01   2.4365685e-01   1.0373022e-01  -4.7549732e-02  -1.3296785e-16   1.1308639e-15  -7.7746892e-16   1.3787645e-15
753   5.0263614e+01   9.9998141e-01   2.4365788e-01   1.0373041e-01  -4.7436036e-02  -1.3340200e-16   1.1308639e-15  -7.4212943e-16   1.3591929e-15
754   5.0263621e+01   9.9998149e-01   2.4365890e-01   1.0373061e-01  -4.7322695e-02  -1.3317669e-16   1.1308639e-15  -8.1280842e-16   1.3990163e-15
755   5.0263628e+01   9.9998156e-01   2.4365993e-01   1.0373080e-01  -4.7209706e-02  -1.3244338e-16   1.1308639e-15  -8.4814792e-16   1.4197708e-15
756   5.0263635e+01   9.9998163e-01   2.4366094e-01   1.0373099e-01  -4.7097068e-02  -1.3297332e-16   9.8950590e-16  -7.4212943e-16   1.2440096e-15
757   5.0263642e+01   9.9998170e-01   2.4366196e-01   1.0373118e-01  -4.6984776e-02  -1.3238493e-16   1.0601849e-15  -7.4212943e-16   1.3008743e-15
758   5.0263650e+01   9.9998177e-01   2.4366297e-01   1.0373137e-01  -4.6872829e-02  -1.3298256e-16   1.2015429e-15  -8.8348741e-16   1.4973108e-15
759   5.0263657e+01   9.9998184e-01   2.4366398e-01   1.0373156e-01  -4.6761226e-02  -1.3225914e-16   1.1308639e-15  -8.8348741e-16   1.4411439e-15
760   5.0263664e+01   9.9998191e-01   2.4366498e-01   1.0373175e-01  -4.6649962e-02  -1.3245504e-16   1.1308639e-15  -7.7746892e-16   1.3787151e-15
761   5.0263671e+01   9.9998198e-01   2.4366598e-01   1.0373194e-01  -4.6539038e-02  -1.3220135e-16   1.1308639e-15  -8.8348741e-16   1.4411386e-15
762   5.0263678e+01   9.9998205e-01   2.4366698e-01   1.0373213e-01  -4.6428450e-02  -1.3233996e-16   1.1308639e-15  -7.7746892e-16   1.3787041e-15
763   5.0263685e+01   9.9998212e-01   2.4366797e-01   1.0373231e-01  -4.6318197e-02  -1.3212350e-16   1.1308639e-15  -8.1280842e-16   1.3989165e-15
764   5.0263691e+01   9.9998218e-01   2.4366896e-01   1.0373250e-01  -4.6208278e-02  -1.3191160e-16   1.1308639e-15  -8.1280842e-16   1.3988965e-15
765   5.0263698e+01   9.9998225e-01   2.4366995e-01   1.0373268e-01  -4.6098689e-02  -1.3246402e-16   1.1308639e-15  -8.1280842e-16   1.3989487e-15
766   5.0263705e+01   9.9998232e-01   2.4367094e-01   1.0373287e-01  -4.5989430e-02  -1.3123369e-16   1.1308639e-15  -7.4212943e-16   1.3589818e-15
767   5.0263712e+01   9.9998239e-01   2.4367192e-01   1.0373305e-01  -4.5882991e-02  -1.3199850e-16   1.1308639e-15  -8.8348741e-16   1.4411200e-15
768   5.0263719e+01   9.9998246e-01   2.4367290e-01   1.0373324e-01  -4.5774368e-02  -1.3133794e-16   1.0601849e-15  -7.7746892e-16   1.3212493e-15
769   5.0263726e+01   9.9998253e-01   2.4367387e-01   1.0373342e-01  -4.5666069e-02  -1.3219084e-16   1.1308639e-15  -7.7746892e-16   1.3786898e-15
770   5.0263733e+01   9.9998259e-01   2.4367485e-01   1.0373360e-01  -4.5558094e-02  -1.3176314e-16   1.0601849e-15  -7.4212943e-16   1.3008111e-15
771   5.0263739e+01   9.9998266e-01   2.4367582e-01   1.0373378e-01  -4.5450442e-02  -1.3260961e-16   1.0601849e-15  -8.1280842e-16   1.3424734e-15
772   5.0263746e+01   9.9998273e-01   2.4367678e-01   1.0373396e-01  -4.5343109e-02  -1.3262151e-16   1.0601849e-15  -8.4814792e-16   1.3641610e-15
773   5.0263753e+01   9.9998280e-01   2.4367775e-01   1.0373414e-01  -4.5236096e-02  -1.3198366e-16   1.1308639e-15  -6.3611094e-16   1.3041894e-15
774   5.0263760e+01   9.9998286e-01   2.4367871e-01   1.0373432e-01  -4.5129399e-02  -1.3145546e-16   1.1308639e-15  -7.7746892e-16   1.3786195e-15
775   5.0263767e+01   9.9998293e-01   2.4367967e-01   1.0373450e-01  -4.5023019e-02  -1.3245654e-16   1.1308639e-15  -6.0077144e-16   1.2873710e-15
776   5.0263773e+01   9.9998300e-01   2.4368062e-01   1.0373467e-01  -4.4916954e-02  -1.3169556e-16   1.1308639e-15  -7.7746892e-16   1.3786424e-15
777   5.0263780e+01   9.9998306e-01   2.4368157e-01   1.0373485e-01  -4.4823061e-02  -1.3235787e-16   1.1308639e-15  -7.7746892e-16   1.3787058e-15
778   5.0263787e+01   9.9998313e-01   2.4368253e-01   1.0373503e-01  -4.4717265e-02  -1.3155258e-16   1.1308639e-15  -8.8348741e-16   1.4410792e-15
779   5.0263793e+01   9.9998320e-01   2.4368348e-01   1.0373521e-01  -4.4611805e-02  -1.3137048e-16   1.0601849e-15  -7.0678993e-16   1.2809380e-15
780   5.0263800e+01   9.9998326e-01   2.4368443e-01   1.0373538e-01  -4.4506675e-02  -1.3220469e-16   1.1308639e-15  -7.4212943e-16   1.3590759e-15
781   5.0263807e+01   9.9998333e-01   2.4368538e-01   1.0373556e-01  -4.4401874e-02  -1.3099849e-16   1.0601849e-15  -7.4212943e-16   1.3007339e-15
782   5.0263813e+01   9.9998340e-01   2.4368632e-01   1.0373573e-01  -4.4297396e-02  -1.3134255e-16   1.1308639e-15  -8.4814792e-16   1.4196686e-15
783   5.0263820e+01   9.9998346e-01   2.4368726e-01   1.0373591e-01  -4.4193241e-02  -1.3114899e-16   1.1308639e-15  -7.7746892e-16   1.3785903e-15
784   5.0263826e+01   9.9998353e-01   2.4368819e-01   1.0373608e-01  -4.4089404e-02  -1.3148377e-16   1.0601849e-15  -7.0678993e-16   1.2809496e-15
785   5.0263833e+01   9.9998359e-01   2.4368912e-01   1.0373625e-01  -4.3985884e-02  -1.3094670e-16   1.1308639e-15  -8.1280842e-16   1.3988058e-15
786   5.0263839e+01   9.9998366e-01   2.4369005e-01   1.0373643e-01  -4.3882678e-02  -1.3074579e-16   1.0601849e-15  -7.4212943e-16   1.3007085e-15
787   5.0263846e+01   9.9998372e-01   2.4369098e-01   1.0373660e-01  -4.3779783e-02  -1.3107303e-16   1.0601849e-15  -8.4814792e-16   1.3640114e-15
788   5.0263852e+01   9.9998379e-01   2.4369190e-01   1.0373677e-01  -4.3677199e-02  -1.3057157e-16   1.1308639e-15  -7.4212943e-16   1.3589180e-15
789   5.0263859e+01   9.9998385e-01   2.4369283e-01   1.0373694e-01  -4.3574922e-02  -1.3102586e-16   1.1308639e-15  -7.7746892e-16   1.3785786e-15
790   5.0263865e+01   9.9998391e-01   2.4369374e-01   1.0373711e-01  -4.3472951e-02  -1.3063595e-16   1.2015429e-15  -8.4814792e-16   1.4765250e-15
791   5.0263872e+01   9.9998398e-01   2.4369466e-01   1.0373727e-01  -4.3371283e-02  -1.3063267e-16   1.0601849e-15  -7.0678993e-16   1.2808626e-15
792   5.0263878e+01   9.9998404e-01   2.4369557e-01   1.0373744e-01  -4.3269918e-02  -1.3110690e-16   1.1308639e-15  -8.4814792e-16   1.4196468e-15
793   5.0263885e+01   9.9998411e-01   2.4369648e-01   1.0373761e-01  -4.3168854e-02  -1.3128611e-16   9.8950590e-16  -8.4814792e-16   1.3098522e-15
794   5.0263891e+01   9.9998417e-01   2.4369739e-01   1.0373778e-01  -4.3068090e-02  -1.3082939e-16   1.1308639e-15  -8.1280842e-16   1.3987948e-15
795   5.0263897e+01   9.9998423e-01   2.4369829e-01   1.0373794e-01  -4.2967623e-02  -1.3109685e-16   1.1308639e-15  -6.7145043e-16   1.3216978e-15
796   5.0263904e+01   9.9998430e-01   2.4369919e-01   1.0373811e-01  -4.2867450e-02  -1.3008879e-16   1.1308639e-15  -7.4212943e-16   1.3588717e-15
797   5.0263910e+01   9.9998436e-01   2.4370009e-01   1.0373827e-01  -4.2767572e-02  -1.3071688e-16   1.0601849e-15  -8.1280842e-16   1.3422878e-15
798   5.0263916e+01   9.9998442e-01   2.4370098e-01   1.0373844e-01  -4.2667987e-02  -1.3040089e-16   1.1308639e-15  -8.4814792e-16   1.4195818e-15
799   5.0263923e+01   9.9998449e-01   2.4370188e-01   1.0373860e-01  -4.2568694e-02  -1.3100923e-16   1.1308639e-15  -8.4814792e-16   1.4196378e-15
800   5.0263929e+01   9.9998455e-01   2.4370276e-01   1.0373876e-01  -4.2469690e-02  -1.2989243e-16   1.1308639e-15  -7.7746892e-16   1.3784713e-15
801   5.0263935e+01   9.9998461e-01   2.4370365e-01   1.0373892e-01  -4.2370976e-02  -1.3014217e-16   1.1308639e-15  -8.1280842e-16   1.3987307e-15
802   5.0263942e+01   9.9998467e-01   2.4370454e-01   1.0373908e-01  -4.2272548e-02  -1.3125970e-16   1.0601849e-15  -7.4212943e-16   1.3007602e-15
803   5.0263948e+01   9.9998473e-01   2.4370542e-01   1.0373925e-01  -4.2174407e-02  -1.3009875e-16   1.1308639e-15  -7.0678993e-16   1.3398996e-15
804   5.0263954e+01   9.9998480e-01   2.4370630e-01   1.0373941e-01  -4.2076551e-02  -1.3012681e-16   1.0601849e-15  -7.7746892e-16   1.3211294e-15
805   5.0263960e+01   9.9998486e-01   2.4370717e-01   1.0373957e-01  -4.1995260e-02  -1.3035044e-16   1.1308639e-15  -7.0678993e-16   1.3399240e-15
806   5.0263966e+01   9.9998492e-01   2.4370805e-01   1.0373974e-01  -4.1897420e-02  -1.3034648e-16   1.2015429e-15  -8.1280842e-16   1.4564865e-15
807   5.0263973e+01   9.9998498e-01   2.4370893e-01   1.0373991e-01  -4.1799900e-02  -1.3017484e-16   1.0601849e-15  -8.4814792e-16   1.3639254e-15
808   5.0263979e+01   9.9998504e-01   2.4370981e-01   1.0374007e-01  -4.1702693e-02  -1.2993092e-16   1.1308639e-15  -8.4814792e-16   1.4195387e-15
809   5.0263985e+01   9.9998510e-01   2.4371068e-01   1.0374024e-01  -4.1605795e-02  -1.2937712e-16   1.2015429e-15  -8.1280842e-16   1.4564001e-15
810   5.0263991e+01   9.9998517e-01   2.4371155e-01   1.0374041e-01  -4.1509203e-02  -1.2979019e-16   1.1308639e-15  -8.1280842e-16   1.3986980e-15
811   5.0263997e+01   9.9998523e-01   2.4371242e-01   1.0374057e-01  -4.1412913e-02  -1.3014680e-16   1.0601849e-15  -8.8348741e-16   1.3861747e-15
812   5.0264003e+01   9.9998529e-01   2.4371328e-01   1.0374073e-01  -4.1330900e-02  -1.2923761e-16   1.2015429e-15  -8.1280842e-16   1.4563877e-15
813   5.0264010e+01   9.9998535e-01   2.4371415e-01   1.0374090e-01  -4.1234786e-02  -1.2996723e-16   1.1308639e-15  -8.8348741e-16   1.4409353e-15
814   5.0264016e+01   9.9998541e-01   2.4371501e-01   1.0374106e-01  -4.1138993e-02  -1.2983257e-16   1.1308639e-15  -8.1280842e-16   1.3987020e-15
815   5.0264022e+01   9.9998547e-01   2.4371587e-01   1.0374122e-01  -4.1047028e-02  -1.2948284e-16   1.1308639e-15  -7.7746892e-16   1.3784328e-15
816   5.0264028e+01   9.9998553e-01   2.4371673e-01   1.0374138e-01  -4.0951835e-02  -1.2947882e-16   1.2015429e-15  -7.4212943e-16   1.4181770e-15
817   5.0264034e+01   9.9998559e-01   2.4371758e-01   1.0374154e-01  -4.0856949e-02  -1.2937011e-16   1.1308639e-15  -7.4212943e-16   1.3588031e-15
818   5.0264040e+01   9.9998565e-01   2.4371844e-01   1.0374170e-01  -4.0762365e-02  -1.2918952e-16   1.1308639e-15  -7.0678993e-16   1.3398116e-15
819   5.0264046e+01   9.9998571e-01   2.4371929e-01   1.0374185e-01  -4.0668080e-02  -1.2934697e-16   1.1308639e-15  -7.7746892e-16   1.3784200e-15
820   5.0264052e+01   9.9998577e-01   2.4372013e-01   1.0374201e-01  -4.0574090e-02  -1.2930173e-16   1.1308639e-15  -7.4212943e-16   1.3587966e-15
821   5.0264058e+01   9.9998583e-01   2.4372097e-01   1.0374217e-01  -4.0480392e-02  -1.2946084e-16   1.2015429e-15  -7.4212943e-16   1.4181754e-15
822   5.0264064e+01   9.9998589e-01   2.4372181e-01   1.0374232e-01  -4.0386984e-02  -1.2891959e-16   1.1308639e-15  -7.7746892e-16   1.3783800e-15
823   5.0264070e+01   9.9998595e-01   2.4372265e-01   1.0374247e-01  -4.0293861e-02  -1.2910896e-16   1.0601849e-15  -7.4212943e-16   1.3005450e-15
824   5.0264076e+01   9.9998601e-01   2.4372349e-01   1.0374263e-01  -4.0201022e-02  -1.2910822e-16   1.0601849e-15  -8.4814792e-16   1.3638240e-15
825   5.0264082e+01   9.9998607e-01   2.4372432e-01   1.0374278e-01  -4.0108465e-02  -1.2921941e-16   1.1308639e-15  -6.7145043e-16   1.3215129e-15
826   5.0264087e+01   9.9998612e-01   2.4372515e-01   1.0374293e-01  -4.0016186e-02  -1.2861962e-16   1.1308639e-15  -8.4814792e-16   1.4194193e-15
827   5.0264093e+01   9.9998618e-01   2.4372597e-01   1.0374308e-01  -3.9924184e-02  -1.2872388e-16   1.0601849e-15  -8.4814792e-16   1.3637876e-15
828   5.0264099e+01   9.9998624e-01   2.4372680e-01   1.0374323e-01  -3.9832457e-02  -1.2933602e-16   1.1308639e-15  -8.4814792e-16   1.4194844e-15
829   5.0264105e+01   9.9998630e-01   2.4372762e-01   1.0374338e-01  -3.9741003e-02  -1.2882404e-16   1.2015429e-15  -8.1280842e-16   1.4563511e-15
830   5.0264111e+01   9.9998636e-01   2.4372843e-01   1.0374353e-01  -3.9649819e-02  -1.2845355e-16   1.0601849e-15  -6.3611094e-16   1.2430324e-15
831   5.0264117e+01   9.9998641e-01   2.4372925e-01   1.0374368e-01  -3.9558904e-02  -1.2783453e-16   9.8950590e-16  -7.4212943e-16   1.2434708e-15
832   5.0264122e+01   9.9998647e-01   2.4373006e-01   1.0374383e-01  -3.9468256e-02  -1.2867174e-16   1.1308639e-15  -8.1280842e-16   1.3985947e-15
833   5.0264128e+01   9.9998653e-01   2.4373087e-01   1.0374397e-01  -3.9377874e-02  -1.2813703e-16   1.1308639e-15  -9.1882691e-16   1.4627081e-15
834   5.0264134e+01   9.9998659e-01   2.4373168e-01   1.0374412e-01  -3.9287756e-02  -1.2860535e-16   1.1308639e-15  -8.8348741e-16   1.4408131e-15
835   5.0264140e+01   9.9998664e-01   2.4373249e-01   1.0374426e-01  -3.9197901e-02  -1.2868697e-16   1.2015429e-15  -8.1280842e-16   1.4563390e-15
836   5.0264145e+01   9.9998670e-01   2.4373329e-01   1.0374441e-01  -3.9108306e-02  -1.2862003e-16   1.2015429e-15  -8.4814792e-16   1.4763480e-15
837   5.0264151e+01   9.9998676e-01   2.4373409e-01   1.0374455e-01  -3.9018971e-02  -1.2770385e-16   1.2722219e-15  -7.4212943e-16   1.4783818e-15
838   5.0264157e+01   9.9998681e-01   2.4373489e-01   1.0374470e-01  -3.8929894e-02  -1.2757676e-16   1.2015429e-15  -7.4212943e-16   1.4180047e-15
839   5.0264163e+01   9.9998687e-01   2.4373569e-01   1.0374484e-01  -3.8841074e-02  -1.2857168e-16   1.1308639e-15  -8.1280842e-16   1.3985855e-15
840   5.0264168e+01   9.9998693e-01   2.4373648e-01   1.0374498e-01  -3.8752509e-02  -1.2757398e-16   1.0601849e-15  -8.1280842e-16   1.3419853e-15
841   5.0264174e+01   9.9998698e-01   2.4373727e-01   1.0374513e-01  -3.8664198e-02  -1.2843100e-16   1.1308639e-15  -8.1280842e-16   1.3985725e-15
842   5.0264179e+01   9.9998704e-01   2.4373806e-01   1.0374527e-01  -3.8575343e-02  -1.2805455e-16   1.1308639e-15  -8.4814792e-16   1.4193682e-15
843   5.0264185e+01   9.9998709e-01   2.4373884e-01   1.0374541e-01  -3.8487541e-02  -1.2827433e-16   1.2015429e-15  -8.1280842e-16   1.4563026e-15
844   5.0264191e+01   9.9998715e-01   2.4373963e-01   1.0374555e-01  -3.8399989e-02  -1.2837286e-16   1.2015429e-15  -8.1280842e-16   1.4563112e-15
845   5.0264196e+01   9.9998721e-01   2.4374041e-01   1.0374569e-01  -3.8312687e-02  -1.2709442e-16   1.2015429e-15  -8.1280842e-16   1.4561991e-15
846   5.0264202e+01   9.9998726e-01   2.4374119e-01   1.0374583e-01  -3.8225633e-02  -1.2785183e-16   1.1308639e-15  -8.4814792e-16   1.4193499e-15
847   5.0264207e+01   9.9998732e-01   2.4374197e-01   1.0374597e-01  -3.8138826e-02  -1.2817298e-16   1.2015429e-15  -7.0678993e-16   1.3998877e-15
848   5.0264213e+01   9.9998737e-01   2.4374274e-01   1.0374610e-01  -3.8052265e-02  -1.2790706e-16   1.1308639e-15  -8.4814792e-16   1.4193549e-15
849   5.0264218e+01   9.9998743e-01   2.4374351e-01   1.0374624e-01  -3.7965949e-02  -1.2806415e-16   1.0601849e-15  -9.1882691e-16   1.4087709e-15
850   5.0264224e+01   9.9998748e-01   2.4374428e-01   1.0374638e-01  -3.7879876e-02  -1.2801515e-16   1.1308639e-15  -7.4212943e-16   1.3586748e-15
851   5.0264229e+01   9.9998754e-01   2.4374505e-01   1.0374652e-01  -3.7806847e-02  -1.2723940e-16   1.1308639e-15  -7.7746892e-16   1.3782238e-15
852   5.0264235e+01   9.9998759e-01   2.4374582e-01   1.0374666e-01  -3.7734713e-02  -1.2748208e-16   1.1308639e-15  -7.0678993e-16   1.3396480e-15
853   5.0264240e+01   9.9998765e-01   2.4374660e-01   1.0374681e-01  -3.7648549e-02  -1.2792598e-16   1.1308639e-15  -7.4212943e-16   1.3586664e-15
854   5.0264246e+01   9.9998770e-01   2.4374737e-01   1.0374695e-01  -3.7562681e-02  -1.2699837e-16   1.2015429e-15  -7.4212943e-16   1.4179527e-15
855   5.0264251e+01   9.9998775e-01   2.4374814e-01   1.0374709e-01  -3.7477101e-02  -1.2809435e-16   1.1308639e-15  -7.4212943e-16   1.3586822e-15
856   5.0264257e+01   9.9998781e-01   2.4374891e-01   1.0374724e-01  -3.7391803e-02  -1.2710499e-16   1.1308639e-15  -7.7746892e-16   1.3782114e-15
857   5.0264262e+01   9.9998786e-01   2.4374967e-01   1.0374738e-01  -3.7306783e-02  -1.2798709e-16   1.2015429e-15  -8.1280842e-16   1.4562773e-15
858   5.0264268e+01   9.9998792e-01   2.4375044e-01   1.0374752e-01  -3.7222036e-02  -1.2809516e-16   1.1308639e-15  -8.1280842e-16   1.3985417e-15
859   5.0264273e+01   9.9998797e-01   2.4375119e-01   1.0374766e-01  -3.7137557e-02  -1.2782108e-16   1.2015429e-15  -8.1280842e-16   1.4562627e-15
860   5.0264279e+01   9.9998803e-01   2.4375195e-01   1.0374779e-01  -3.7053343e-02  -1.2681684e-16   1.1308639e-15  -7.7746892e-16   1.3781849e-15
861   5.0264284e+01   9.9998808e-01   2.4375270e-01   1.0374793e-01  -3.6969391e-02  -1.2672952e-16   1.1308639e-15  -8.4814792e-16   1.4192492e-15
862   5.0264289e+01   9.9998813e-01   2.4375345e-01   1.0374807e-01  -3.6885697e-02  -1.2821669e-16   1.1308639e-15  -7.7746892e-16   1.3783144e-15
863   5.0264295e+01   9.9998819e-01   2.4375420e-01   1.0374820e-01  -3.6802257e-02  -1.2747651e-16   1.1308639e-15  -8.1280842e-16   1.3984852e-15
864   5.0264300e+01   9.9998824e-01   2.4375495e-01   1.0374834e-01  -3.6719071e-02  -1.2707779e-16   1.2722219e-15  -7.0678993e-16   1.4609070e-15
865   5.0264305e+01   9.9998829e-01   2.4375569e-01   1.0374847e-01  -3.6636136e-02  -1.2733029e-16   1.1308639e-15  -7.7746892e-16   1.3782322e-15
866   5.0264311e+01   9.9998834e-01   2.4375643e-01   1.0374860e-01  -3.6553448e-02  -1.2723471e-16   1.1308639e-15  -8.1280842e-16   1.3984632e-15
867   5.0264316e+01   9.9998840e-01   2.4375717e-01   1.0374874e-01  -3.6471006e-02  -1.2713187e-16   1.2015429e-15  -8.8348741e-16   1.4968025e-15
868   5.0264321e+01   9.9998845e-01   2.4375790e-01   1.0374887e-01  -3.6388808e-02  -1.2738212e-16   1.1308639e-15  -7.7746892e-16   1.3782370e-15
869   5.0264327e+01   9.9998850e-01   2.4375864e-01   1.0374900e-01  -3.6306851e-02  -1.2707163e-16   1.0601849e-15  -8.1280842e-16   1.3419377e-15
870   5.0264332e+01   9.9998855e-01   2.4375937e-01   1.0374913e-01  -3.6225133e-02  -1.2713484e-16   1.1308639e-15  -8.1280842e-16   1.3984541e-15
871   5.0264337e+01   9.9998861e-01   2.4376010e-01   1.0374926e-01  -3.6143654e-02  -1.2661500e-16   1.2015429e-15  -8.8348741e-16   1.4967587e-15
872   5.0264342e+01   9.9998866e-01   2.4376083e-01   1.0374939e-01  -3.6062411e-02  -1.2724864e-16   1.1308639e-15  -7.4212943e-16   1.3586027e-15
873   5.0264347e+01   9.9998871e-01   2.4376155e-01   1.0374952e-01  -3.5981402e-02  -1.2656507e-16   1.1308639e-15  -8.1280842e-16   1.3984024e-15
874   5.0264353e+01   9.9998876e-01   2.4376227e-01   1.0374964e-01  -3.5900626e-02  -1.2668630e-16   1.1308639e-15  -7.7746892e-16   1.3781729e-15
875   5.0264358e+01   9.9998881e-01   2.4376299e-01   1.0374977e-01  -3.5820082e-02  -1.2626786e-16   1.1308639e-15  -8.4814792e-16   1.4192081e-15
876   5.0264363e+01   9.9998886e-01   2.4376371e-01   1.0374990e-01  -3.5739768e-02  -1.2668477e-16   1.1308639e-15  -7.4212943e-16   1.3585501e-15
877   5.0264368e+01   9.9998892e-01   2.4376443e-01   1.0375002e-01  -3.5659683e-02  -1.2643158e-16   1.1308639e-15  -8.1280842e-16   1.3983904e-15
878   5.0264373e+01   9.9998897e-01   2.4376514e-01   1.0375015e-01  -3.5579826e-02  -1.2595502e-16   1.1308639e-15  -8.1280842e-16   1.3983474e-15
879   5.0264378e+01   9.9998902e-01   2.4376585e-01   1.0375028e-01  -3.5510233e-02  -1.2684242e-16   1.2015429e-15  -8.1280842e-16   1.4561771e-15
880   5.0264383e+01   9.9998907e-01   2.4376656e-01   1.0375040e-01  -3.5430528e-02  -1.2656774e-16   1.2015429e-15  -7.4212943e-16   1.4179142e-15
881   5.0264389e+01   9.9998912e-01   2.4376728e-01   1.0375053e-01  -3.5351066e-02  -1.2735771e-16   1.1308639e-15  -8.1280842e-16   1.3984744e-15
882   5.0264394e+01   9.9998917e-01   2.4376799e-01   1.0375065e-01  -3.5271846e-02  -1.2677147e-16   1.2722219e-15  -8.1280842e-16   1.5150172e-15
883   5.0264399e+01   9.9998922e-01   2.4376869e-01   1.0375078e-01  -3.5192864e-02  -1.2647195e-16   1.1308639e-15  -7.7746892e-16   1.3781532e-15
884   5.0264404e+01   9.9998927e-01   2.4376940e-01   1.0375090e-01  -3.5114117e-02  -1.2576635e-16   1.2015429e-15  -8.1280842e-16   1.4560838e-15
885   5.0264409e+01   9.9998932e-01   2.4377010e-01   1.0375102e-01  -3.5035603e-02  -1.2598382e-16   1.2015429e-15  -8.1280842e-16   1.4561026e-15
886   5.0264414e+01   9.9998937e-01   2.4377080e-01   1.0375115e-01  -3.4966576e-02  -1.2468753e-16   1.2015429e-15  -7.0678993e-16   1.3995729e-15
887   5.0264419e+01   9.9998942e-01   2.4377150e-01   1.0375127e-01  -3.4888246e-02  -1.2610540e-16   1.1308639e-15  -7.0678993e-16   1.3395177e-15
888   5.0264424e+01   9.9998947e-01   2.4377220e-01   1.0375139e-01  -3.4810162e-02  -1.2625901e-16   1.2722219e-15  -7.4212943e-16   1.4782577e-15
889   5.0264429e+01   9.9998952e-01   2.4377290e-01   1.0375151e-01  -3.4732318e-02  -1.2580081e-16   1.2015429e-15  -7.4212943e-16   1.4178460e-15
890   5.0264434e+01   9.9998957e-01   2.4377359e-01   1.0375164e-01  -3.4654714e-02  -1.2631052e-16   1.2015429e-15  -8.1280842e-16   1.4561309e-15
891   5.0264439e+01   9.9998962e-01   2.4377429e-01   1.0375176e-01  -3.4577344e-02  -1.2496658e-16   1.2015429e-15  -8.1280842e-16   1.4560149e-15
892   5.0264444e+01   9.9998967e-01   2.4377498e-01   1.0375188e-01  -3.4500207e-02  -1.2492405e-16   1.1308639e-15  -7.4212943e-16   1.3583870e-15
893   5.0264449e+01   9.9998972e-01   2.4377567e-01   1.0375200e-01  -3.4423301e-02  -1.2519217e-16   1.2722219e-15  -7.0678993e-16   1.4607442e-15
894   5.0264454e+01   9.9998977e-01   2.4377635e-01   1.0375212e-01  -3.4346622e-02  -1.2557235e-16   1.2015429e-15  -8.1280842e-16   1.4560670e-15
895   5.0264459e+01   9.9998982e-01   2.4377703e-01   1.0375223e-01  -3.4270168e-02  -1.2547197e-16   1.1308639e-15  -8.1280842e-16   1.3983039e-15
896   5.0264464e+01   9.9998987e-01   2.4377772e-01   1.0375235e-01  -3.4193938e-02  -1.2550238e-16   1.2722219e-15  -8.1280842e-16   1.5149115e-15
897   5.0264469e+01   9.9998991e-01   2.4377839e-01   1.0375247e-01  -3.4117930e-02  -1.2624882e-16   1.1308639e-15  -8.8348741e-16   1.4406047e-15
898   5.0264473e+01   9.9998996e-01   2.4377907e-01   1.0375259e-01  -3.4042141e-02  -1.2466597e-16   1.2015429e-15  -7.7746892e-16   1.4365601e-15
899   5.0264478e+01   9.9999001e-01   2.4377975e-01   1.0375270e-01  -3.3966570e-02  -1.2486319e-16   1.1308639e-15  -8.4814792e-16   1.4190838e-15
900   5.0264483e+01   9.9999006e-01   2.4378042e-01   1.0375282e-01  -3.3891215e-02  -1.2526058e-16   1.2015429e-15  -7.7746892e-16   1.4366118e-15
901   5.0264488e+01   9.9999011e-01   2.4378109e-01   1.0375294e-01  -3.3816075e-02  -1.2606437e-16   1.2015429e-15  -7.7746892e-16   1.4366821e-15
902   5.0264493e+01   9.9999016e-01   2.4378176e-01   1.0375305e-01  -3.3741149e-02  -1.2509908e-16   1.2015429e-15  -8.4814792e-16   1.4760454e-15
903   5.0264498e+01   9.9999020e-01   2.4378243e-01   1.0375317e-01  -3.3666434e-02  -1.2596305e-16   1.2015429e-15  -7.7746892e-16   1.4366732e-15
904   5.0264502e+01   9.9999025e-01   2.4378309e-01   1.0375328e-01  -3.3591930e-02  -1.2511326e-16   1.1308639e-15  -7.7746892e-16   1.3780292e-15
905   5.0264507e+01   9.9999030e-01   2.4378375e-01   1.0375339e-01  -3.3517636e-02  -1.2572757e-16   1.1308639e-15  -8.1280842e-16   1.3983269e-15
906   5.0264512e+01   9.9999035e-01   2.4378441e-01   1.0375351e-01  -3.3443549e-02  -1.2558304e-16   1.2015429e-15  -8.4814792e-16   1.4760865e-15
907   5.0264517e+01   9.9999039e-01   2.4378507e-01   1.0375362e-01  -3.3369670e-02  -1.2512499e-16   1.2722219e-15  -7.7746892e-16   1.4962161e-15
908   5.0264522e+01   9.9999044e-01   2.4378573e-01   1.0375373e-01  -3.3295996e-02  -1.2496950e-16   1.2015429e-15  -7.7746892e-16   1.4365864e-15
909   5.0264526e+01   9.9999049e-01   2.4378638e-01   1.0375385e-01  -3.3222527e-02  -1.2461996e-16   1.2722219e-15  -8.4814792e-16   1.5340905e-15
910   5.0264531e+01   9.9999054e-01   2.4378704e-01   1.0375396e-01  -3.3149261e-02  -1.2586183e-16   1.2015429e-15  -8.8348741e-16   1.4966952e-15
911   5.0264536e+01   9.9999058e-01   2.4378769e-01   1.0375407e-01  -3.3076199e-02  -1.2454856e-16   1.2722219e-15  -7.4212943e-16   1.4781126e-15
912   5.0264540e+01   9.9999063e-01   2.4378834e-01   1.0375418e-01  -3.3003337e-02  -1.2534082e-16   1.2015429e-15  -7.4212943e-16   1.4178052e-15
913   5.0264545e+01   9.9999068e-01   2.4378898e-01   1.0375429e-01  -3.2930676e-02  -1.2551126e-16   1.2015429e-15  -8.4814792e-16   1.4760804e-15
914   5.0264550e+01   9.9999072e-01   2.4378963e-01   1.0375440e-01  -3.2858215e-02  -1.2492426e-16   1.1308639e-15  -7.7746892e-16   1.3780120e-15
915   5.0264554e+01   9.9999077e-01   2.4379027e-01   1.0375451e-01  -3.2785952e-02  -1.2585474e-16   1.1308639e-15  -7.0678993e-16   1.3394941e-15
916   5.0264559e+01   9.9999082e-01   2.4379091e-01   1.0375462e-01  -3.2713888e-02  -1.2515630e-16   1.2722219e-15  -8.4814792e-16   1.5341341e-15
917   5.0264564e+01   9.9999086e-01   2.4379155e-01   1.0375473e-01  -3.2642020e-02  -1.2477407e-16   1.2015429e-15  -7.7746892e-16   1.4365695e-15
918   5.0264568e+01   9.9999091e-01   2.4379219e-01   1.0375484e-01  -3.2570348e-02  -1.2487637e-16   1.2015429e-15  -7.7746892e-16   1.4365783e-15
919   5.0264573e+01   9.9999095e-01   2.4379283e-01   1.0375495e-01  -3.2498871e-02  -1.2472306e-16   1.2015429e-15  -8.4814792e-16   1.4760136e-15
920   5.0264578e+01   9.9999100e-01   2.4379346e-01   1.0375505e-01  -3.2427588e-02  -1.2457046e-16   1.1308639e-15  -8.4814792e-16   1.4190581e-15
921   5.0264582e+01   9.9999105e-01   2.4379410e-01   1.0375516e-01  -3.2356499e-02  -1.2390569e-16   1.2015429e-15  -7.4212943e-16   1.4176791e-15
922   5.0264587e+01   9.9999109e-01   2.4379473e-01   1.0375527e-01  -3.2285603e-02  -1.2521647e-16   1.2722219e-15  -7.7746892e-16   1.4962238e-15
923   5.0264591e+01   9.9999114e-01   2.4379536e-01   1.0375538e-01  -3.2214899e-02  -1.2474898e-16   1.1308639e-15  -7.7746892e-16   1.3779961e-15
924   5.0264596e+01   9.9999118e-01   2.4379598e-01   1.0375548e-01  -3.2144384e-02  -1.2398464e-16   1.2015429e-15  -7.4212943e-16   1.4176860e-15
925   5.0264600e+01   9.9999123e-01   2.4379661e-01   1.0375559e-01  -3.2074060e-02  -1.2434792e-16   1.2722219e-15  -7.7746892e-16   1.4961513e-15
926   5.0264605e+01   9.9999127e-01   2.4379723e-01   1.0375569e-01  -3.2003927e-02  -1.2497705e-16   1.2722219e-15  -6.7145043e-16   1.4439576e-15
927   5.0264610e+01   9.9999132e-01   2.4379785e-01   1.0375580e-01  -3.1933982e-02  -1.2480677e-16   1.2722219e-15  -7.7746892e-16   1.4961895e-15
928   5.0264614e+01   9.9999136e-01   2.4379847e-01   1.0375590e-01  -3.1864225e-02  -1.2412505e-16   1.1308639e-15  -8.4814792e-16   1.4190190e-15
929   5.0264619e+01   9.9999141e-01   2.4379909e-01   1.0375601e-01  -3.1794656e-02  -1.2386281e-16   1.1308639e-15  -8.1280842e-16   1.3981605e-15
930   5.0264623e+01   9.9999145e-01   2.4379971e-01   1.0375611e-01  -3.1725273e-02  -1.2448135e-16   1.2015429e-15  -8.4814792e-16   1.4759932e-15
931   5.0264628e+01   9.9999150e-01   2.4380032e-01   1.0375621e-01  -3.1656076e-02  -1.2486428e-16   1.2722219e-15  -9.5416640e-16   1.5951718e-15
932   5.0264632e+01   9.9999154e-01   2.4380094e-01   1.0375632e-01  -3.1587064e-02  -1.2416504e-16   1.1308639e-15  -7.4212943e-16   1.3583174e-15
933   5.0264636e+01   9.9999158e-01   2.4380155e-01   1.0375642e-01  -3.1518237e-02  -1.2338383e-16   1.2015429e-15  -7.0678993e-16   1.3994573e-15
934   5.0264641e+01   9.9999163e-01   2.4380216e-01   1.0375652e-01  -3.1449594e-02  -1.2353959e-16   1.1308639e-15  -8.8348741e-16   1.4403698e-15
935   5.0264645e+01   9.9999167e-01   2.4380277e-01   1.0375663e-01  -3.1381133e-02  -1.2375446e-16   1.2015429e-15  -8.8348741e-16   1.4965195e-15
936   5.0264650e+01   9.9999172e-01   2.4380337e-01   1.0375673e-01  -3.1312855e-02  -1.2430029e-16   1.2015429e-15  -8.1280842e-16   1.4559579e-15
937   5.0264654e+01   9.9999176e-01   2.4380398e-01   1.0375683e-01  -3.1244759e-02  -1.2420271e-16   1.2722219e-15  -8.4814792e-16   1.5340566e-15
938   5.0264659e+01   9.9999180e-01   2.4380458e-01   1.0375693e-01  -3.1176844e-02  -1.2388288e-16   1.1308639e-15  -7.7746892e-16   1.3779180e-15
939   5.0264663e+01   9.9999185e-01   2.4380518e-01   1.0375703e-01  -3.1109110e-02  -1.2343381e-16   1.1308639e-15  -7.7746892e-16   1.3778777e-15
940   5.0264667e+01   9.9999189e-01   2.4380578e-01   1.0375713e-01  -3.1041555e-02  -1.2363983e-16   1.2015429e-15  -8.8348741e-16   1.4965100e-15
941   5.0264672e+01   9.9999193e-01   2.4380638e-01   1.0375723e-01  -3.0974180e-02  -1.2370715e-16   1.1308639e-15  -7.0678993e-16   1.3392941e-15
942   5.0264676e+01   9.9999198e-01   2.4380698e-01   1.0375733e-01  -3.0906983e-02  -1.2372613e-16   1.1308639e-15  -7.7746892e-16   1.3779039e-15
943   5.0264680e+01   9.9999202e-01   2.4380757e-01   1.0375743e-01  -3.0839963e-02  -1.2412390e-16   1.2015429e-15  -7.0678993e-16   1.3995228e-15
944   5.0264685e+01   9.9999206e-01   2.4380817e-01   1.0375753e-01  -3.0773122e-02  -1.2368722e-16   1.1308639e-15  -8.1280842e-16   1.3981449e-15
945   5.0264689e+01   9.9999211e-01   2.4380876e-01   1.0375763e-01  -3.0706456e-02  -1.2345404e-16   1.2722219e-15  -7.4212943e-16   1.4780208e-15
946   5.0264693e+01   9.9999215e-01   2.4380935e-01   1.0375773e-01  -3.0639967e-02  -1.2404541e-16   1.1308639e-15  -8.8348741e-16   1.4404133e-15
947   5.0264698e+01   9.9999219e-01   2.4380994e-01   1.0375783e-01  -3.0573653e-02  -1.2287388e-16   1.2722219e-15  -7.7746892e-16   1.4960295e-15
948   5.0264702e+01   9.9999224e-01   2.4381053e-01   1.0375792e-01  -3.0507514e-02  -1.2351414e-16   1.2015429e-15  -7.4212943e-16   1.4176449e-15
949   5.0264706e+01   9.9999228e-01   2.4381111e-01   1.0375802e-01  -3.0455246e-02  -1.2363641e-16   1.2015429e-15  -8.1280842e-16   1.4559014e-15
950   5.0264710e+01   9.9999232e-01   2.4381170e-01   1.0375812e-01  -3.0389048e-02  -1.2419981e-16   1.2015429e-15  -8.1280842e-16   1.4559493e-15
951   5.0264715e+01   9.9999236e-01   2.4381229e-01   1.0375822e-01  -3.0323052e-02  -1.2377242e-16   1.2722219e-15  -7.0678993e-16   1.4606232e-15
952   5.0264719e+01   9.9999241e-01   2.4381288e-01   1.0375832e-01  -3.0257252e-02  -1.2359379e-16   1.2015429e-15  -7.7746892e-16   1.4364674e-15
953   5.0264723e+01   9.9999245e-01   2.4381346e-01   1.0375841e-01  -3.0191646e-02  -1.2353184e-16   1.1308639e-15  -7.7746892e-16   1.3778865e-15
954   5.0264727e+01   9.9999249e-01   2.4381404e-01   1.0375851e-01  -3.0123340e-02  -1.2299613e-16   1.2722219e-15  -7.4212943e-16   1.4779826e-15
955   5.0264732e+01   9.9999253e-01   2.4381462e-01   1.0375861e-01  -3.0058147e-02  -1.2328928e-16   1.2015429e-15  -8.1280842e-16   1.4558719e-15
956   5.0264736e+01   9.9999257e-01   2.4381520e-01   1.0375870e-01  -2.9993140e-02  -1.2337803e-16   1.2015429e-15  -7.7746892e-16   1.4364489e-15
957   5.0264740e+01   9.9999262e-01   2.4381578e-01   1.0375880e-01  -2.9928318e-02  -1.2338123e-16   1.1308639e-15  -8.4814792e-16   1.4189542e-15
958   5.0264744e+01   9.9999266e-01   2.4381635e-01   1.0375890e-01  -2.9863677e-02  -1.2278619e-16   1.2722219e-15  -7.7746892e-16   1.4960223e-15
959   5.0264749e+01   9.9999270e-01   2.4381693e-01   1.0375899e-01  -2.9799217e-02  -1.2262831e-16   1.2722219e-15  -8.4814792e-16   1.5339299e-15
960   5.0264753e+01   9.9999274e-01   2.4381750e-01   1.0375909e-01  -2.9734937e-02  -1.2307480e-16   1.2722219e-15  -7.0678993e-16   1.4605642e-15
961   5.0264757e+01   9.9999278e-01   2.4381807e-01   1.0375918e-01  -2.9670834e-02  -1.2323053e-16   1.2015429e-15  -8.4814792e-16   1.4758882e-15
962   5.0264761e+01   9.9999282e-01   2.4381864e-01   1.0375927e-01  -2.9606907e-02  -1.2260921e-16   1.2015429e-15  -7.7746892e-16   1.4363830e-15
963   5.0264765e+01   9.9999286e-01   2.4381920e-01   1.0375937e-01  -2.9543156e-02  -1.2266818e-16   1.1308639e-15  -8.1280842e-16   1.3980551e-15
964   5.0264769e+01   9.9999291e-01   2.4381977e-01   1.0375946e-01  -2.9479578e-02  -1.2350804e-16   1.2722219e-15  -7.0678993e-16   1.4606008e-15
965   5.0264773e+01   9.9999295e-01   2.4382033e-01   1.0375955e-01  -2.9416173e-02  -1.2269508e-16   1.1308639e-15  -7.7746892e-16   1.3778117e-15
966   5.0264778e+01   9.9999299e-01   2.4382089e-01   1.0375964e-01  -2.9352940e-02  -1.2252337e-16   1.2015429e-15  -6.7145043e-16   1.3818694e-15
967   5.0264782e+01   9.9999303e-01   2.4382145e-01   1.0375974e-01  -2.9289877e-02  -1.2299075e-16   1.2722219e-15  -8.1280842e-16   1.5147055e-15
968   5.0264786e+01   9.9999307e-01   2.4382201e-01   1.0375983e-01  -2.9226984e-02  -1.2259216e-16   1.1308639e-15  -8.1280842e-16   1.3980485e-15
969   5.0264790e+01   9.9999311e-01   2.4382256e-01   1.0375992e-01  -2.9164259e-02  -1.2275566e-16   1.1308639e-15  -7.7746892e-16   1.3778171e-15
970   5.0264794e+01   9.9999315e-01   2.4382312e-01   1.0376001e-01  -2.9101702e-02  -1.2219060e-16   1.2722219e-15  -8.4814792e-16   1.5338950e-15
971   5.0264798e+01   9.9999319e-01   2.4382367e-01   1.0376010e-01  -2.9039312e-02  -1.2282290e-16   1.2015429e-15  -7.7746892e-16   1.4364013e-15
972   5.0264802e+01   9.9999323e-01   2.4382422e-01   1.0376019e-01  -2.8979635e-02  -1.2288389e-16   1.2015429e-15  -8.8348741e-16   1.4964477e-15
973   5.0264806e+01   9.9999327e-01   2.4382478e-01   1.0376028e-01  -2.8917556e-02  -1.2272647e-16   1.1308639e-15  -7.4212943e-16   1.3581867e-15
974   5.0264810e+01   9.9999331e-01   2.4382532e-01   1.0376037e-01  -2.8855642e-02  -1.2311485e-16   1.1308639e-15  -8.1280842e-16   1.3980944e-15
975   5.0264814e+01   9.9999335e-01   2.4382587e-01   1.0376046e-01  -2.8793892e-02  -1.2270423e-16   1.2722219e-15  -6.7145043e-16   1.4437626e-15
976   5.0264818e+01   9.9999339e-01   2.4382642e-01   1.0376055e-01  -2.8732306e-02  -1.2220005e-16   1.0601849e-15  -8.4814792e-16   1.3631873e-15
977   5.0264822e+01   9.9999343e-01   2.4382696e-01   1.0376064e-01  -2.8670882e-02  -1.2309168e-16   1.1308639e-15  -7.4212943e-16   1.3582197e-15
978   5.0264826e+01   9.9999347e-01   2.4382750e-01   1.0376073e-01  -2.8609620e-02  -1.2239182e-16   1.1308639e-15  -7.4212943e-16   1.3581565e-15
979   5.0264830e+01   9.9999351e-01   2.4382805e-01   1.0376082e-01  -2.8548518e-02  -1.2254428e-16   1.2015429e-15  -7.7746892e-16   1.4363775e-15
980   5.0264834e+01   9.9999355e-01   2.4382859e-01   1.0376091e-01  -2.8487578e-02  -1.2209545e-16   1.2015429e-15  -8.4814792e-16   1.4757938e-15
981   5.0264838e+01   9.9999359e-01   2.4382912e-01   1.0376099e-01  -2.8426797e-02  -1.2193930e-16   1.2015429e-15  -7.4212943e-16   1.4175086e-15
982   5.0264842e+01   9.9999363e-01   2.4382966e-01   1.0376108e-01  -2.8366174e-02  -1.2347035e-16   1.1308639e-15  -7.0678993e-16   1.3392722e-15
983   5.0264846e+01   9.9999367e-01   2.4383020e-01   1.0376117e-01  -2.8305711e-02  -1.2209613e-16   1.2015429e-15  -7.0678993e-16   1.3993444e-15
984   5.0264850e+01   9.9999371e-01   2.4383073e-01   1.0376126e-01  -2.8245405e-02  -1.2263154e-16   1.1308639e-15  -7.0678993e-16   1.3391951e-15
985   5.0264854e+01   9.9999374e-01   2.4383126e-01   1.0376134e-01  -2.8185256e-02  -1.2271497e-16   1.2015429e-15  -8.1280842e-16   1.4558234e-15
986   5.0264857e+01   9.9999378e-01   2.4383179e-01   1.0376143e-01  -2.8125263e-02  -1.2221671e-16   1.2015429e-15  -8.1280842e-16   1.4557815e-15
987   5.0264861e+01   9.9999382e-01   2.4383232e-01   1.0376152e-01  -2.8065427e-02  -1.2198128e-16   1.2015429e-15  -8.4814792e-16   1.4757844e-15
988   5.0264865e+01   9.9999386e-01   2.4383285e-01   1.0376160e-01  -2.8005746e-02  -1.2247274e-16   1.1308639e-15  -7.4212943e-16   1.3581638e-15
989   5.0264869e+01   9.9999390e-01   2.4383338e-01   1.0376169e-01  -2.7946218e-02  -1.2251414e-16   1.1308639e-15  -7.7746892e-16   1.3777956e-15
990   5.0264873e+01   9.9999394e-01   2.4383391e-01   1.0376177e-01  -2.7886845e-02  -1.2208411e-16   1.1308639e-15  -7.4212943e-16   1.3581288e-15
991   5.0264877e+01   9.9999398e-01   2.4383443e-01   1.0376186e-01  -2.7827626e-02  -1.2207279e-16   1.2722219e-15  -7.0678993e-16   1.4604801e-15
992   5.0264881e+01   9.9999401e-01   2.4383495e-01   1.0376194e-01  -2.7768560e-02  -1.2209172e-16   1.2015429e-15  -7.7746892e-16   1.4363390e-15
993   5.0264885e+01   9.9999405e-01   2.4383547e-01   1.0376203e-01  -2.7709647e-02  -1.2197727e-16   1.1308639e-15  -8.8348741e-16   1.4402366e-15
994   5.0264888e+01   9.9999409e-01   2.4383599e-01   1.0376211e-01  -2.7650885e-02  -1.2289660e-16   1.1308639e-15  -7.7746892e-16   1.3778297e-15
995   5.0264892e+01   9.9999413e-01   2.4383651e-01   1.0376219e-01  -2.7592275e-02  -1.2198832e-16   1.2722219e-15  -8.1280842e-16   1.5146244e-15
996   5.0264896e+01   9.9999417e-01   2.4383703e-01   1.0376228e-01  -2.7533815e-02  -1.2166456e-16   1.2722219e-15  -7.0678993e-16   1.4604461e-15
997   5.0264900e+01   9.9999420e-01   2.4383754e-01   1.0376236e-01  -2.7475506e-02  -1.2257947e-16   1.2015429e-15  -7.4212943e-16   1.4175638e-15
998   5.0264904e+01   9.9999424e-01   2.4383806e-01   1.0376244e-01  -2.7417347e-02  -1.2165829e-16   1.2722219e-15  -7.7746892e-16   1.4959302e-15
999   5.0264907e+01   9.9999428e-01   2.4383857e-01   1.0376253e-01  -2.7359336e-02  -1.2202870e-16   1.2015429e-15  -8.1280842e-16   1.4557657e-15
Failed, reached max iterations 1000
time=1.0035, cycle=4

Searching for horizon 0
center = (0.433672, -0.000000, 0.000000)
r_mean = 0.233970
 iter      area            mass         meanradius       minradius        hmean            Sx              Sy              Sz             S
  0   5.0205036e+01   9.9939855e-01   2.3397033e-01   1.0001851e-01  -1.8338200e+00  -7.4205975e-16   9.8950590e-16  -2.1203698e-15   2.4547388e-15
  1   5.0200644e+01   9.9935483e-01   2.3451237e-01   1.0050260e-01  -1.7964985e+00  -7.1297306e-16   9.8950590e-16  -2.2617278e-15   2.5696041e-15
  2   5.0197022e+01   9.9931878e-01   2.3501197e-01   1.0091010e-01  -1.7615166e+00  -6.8085423e-16   9.8950590e-16  -2.1910488e-15   2.4986755e-15
  3   5.0193978e+01   9.9928848e-01   2.3547646e-01   1.0126366e-01  -1.7283764e+00  -6.5048830e-16   1.1308639e-15  -2.4030858e-15   2.7343755e-15
  4   5.0191389e+01   9.9926270e-01   2.3591124e-01   1.0157726e-01  -1.6970173e+00  -6.2289240e-16   1.2015429e-15  -2.3324068e-15   2.6966315e-15
  5   5.0189167e+01   9.9924059e-01   2.3632050e-01   1.0186011e-01  -1.6669889e+00  -5.9377440e-16   1.3429009e-15  -2.2617278e-15   2.6965465e-15
  6   5.0187249e+01   9.9922150e-01   2.3670748e-01   1.0211837e-01  -1.6384728e+00  -5.6422289e-16   1.3429009e-15  -2.2970673e-15   2.7199721e-15
  7   5.0185587e+01   9.9920495e-01   2.3707482e-01   1.0235651e-01  -1.6111045e+00  -5.3370799e-16   1.3429009e-15  -2.3677463e-15   2.7738870e-15
  8   5.0184144e+01   9.9919058e-01   2.3742464e-01   1.0257774e-01  -1.5847439e+00  -5.0607333e-16   1.4135799e-15  -2.2617278e-15   2.7147248e-15
  9   5.0182889e+01   9.9917809e-01   2.3775867e-01   1.0278448e-01  -1.5594994e+00  -4.7832017e-16   1.3429009e-15  -2.3324068e-15   2.7335498e-15
 10   5.0181798e+01   9.9916723e-01   2.3807841e-01   1.0297867e-01  -1.5351659e+00  -4.5040511e-16   1.3429009e-15  -2.2970673e-15   2.6986600e-15
 11   5.0180851e+01   9.9915780e-01   2.3838513e-01   1.0316183e-01  -1.5116674e+00  -4.2442545e-16   1.4135799e-15  -2.4030858e-15   2.8201358e-15
 12   5.0180031e+01   9.9914964e-01   2.3867988e-01   1.0333520e-01  -1.4889073e+00  -3.9700111e-16   1.2722219e-15  -2.3324068e-15   2.6863134e-15
 13   5.0179325e+01   9.9914261e-01   2.3896361e-01   1.0349980e-01  -1.4669103e+00  -3.7103016e-16   1.3429009e-15  -2.2617278e-15   2.6563996e-15
 14   5.0178720e+01   9.9913658e-01   2.3923714e-01   1.0365649e-01  -1.4456150e+00  -3.4689865e-16   1.4135799e-15  -2.3324068e-15   2.7493032e-15
 15   5.0178205e+01   9.9913145e-01   2.3950118e-01   1.0380599e-01  -1.4249800e+00  -3.2175521e-16   1.4135799e-15  -2.2970673e-15   2.7162939e-15
 16   5.0177771e+01   9.9912714e-01   2.3975640e-01   1.0394895e-01  -1.4049387e+00  -2.9701007e-16   1.3429009e-15  -2.1910488e-15   2.5869466e-15
 17   5.0177412e+01   9.9912356e-01   2.4000335e-01   1.0408589e-01  -1.3854594e+00  -2.7212856e-16   1.4842589e-15  -2.3324068e-15   2.7779848e-15
 18   5.0177119e+01   9.9912065e-01   2.4024254e-01   1.0421730e-01  -1.3665313e+00  -2.4952923e-16   1.4135799e-15  -2.3324068e-15   2.7387213e-15
 19   5.0176887e+01   9.9911833e-01   2.4047445e-01   1.0434359e-01  -1.3481202e+00  -2.2651008e-16   1.4135799e-15  -2.3324068e-15   2.7367200e-15
 20   5.0176709e+01   9.9911657e-01   2.4069948e-01   1.0446512e-01  -1.3303545e+00  -2.0567663e-16   1.4135799e-15  -2.2970673e-15   2.7050007e-15
 21   5.0176581e+01   9.9911529e-01   2.4091821e-01   1.0458226e-01  -1.3133560e+00  -1.8364091e-16   1.3429009e-15  -2.2617278e-15   2.6367630e-15
 22   5.0176498e+01   9.9911447e-01   2.4113124e-01   1.0469536e-01  -1.2967059e+00  -1.6232285e-16   1.4135799e-15  -2.2617278e-15   2.6720721e-15
 23   5.0176457e+01   9.9911405e-01   2.4133873e-01   1.0480465e-01  -1.2804728e+00  -1.4233662e-16   1.3429009e-15  -2.2970673e-15   2.6646126e-15
 24   5.0176453e+01   9.9911401e-01   2.4154091e-01   1.0491037e-01  -1.2645360e+00  -1.2367632e-16   1.4135799e-15  -2.2970673e-15   2.7000041e-15
 25   5.0176484e+01   9.9911433e-01   2.4173792e-01   1.0501269e-01  -1.2490474e+00  -1.0374641e-16   1.3429009e-15  -2.2617278e-15   2.6324055e-15
 26   5.0176548e+01   9.9911496e-01   2.4193008e-01   1.0511184e-01  -1.2338021e+00  -8.5299896e-17   1.4135799e-15  -2.2617278e-15   2.6685008e-15
 27   5.0176641e+01   9.9911589e-01   2.4211749e-01   1.0520795e-01  -1.2188926e+00  -6.6889300e-17   1.3429009e-15  -2.2617278e-15   2.6312106e-15
 28   5.0176762e+01   9.9911710e-01   2.4230037e-01   1.0530121e-01  -1.2043420e+00  -5.0538033e-17   1.3429009e-15  -2.1557093e-15   2.5402794e-15
 29   5.0176909e+01   9.9911855e-01   2.4247893e-01   1.0539175e-01  -1.1900529e+00  -3.3899915e-17   1.4135799e-15  -2.2617278e-15   2.6673526e-15
 30   5.0177079e+01   9.9912025e-01   2.4265332e-01   1.0547971e-01  -1.1760425e+00  -1.6973143e-17   1.3429009e-15  -2.2970673e-15   2.6608624e-15
 31   5.0177271e+01   9.9912216e-01   2.4282369e-01   1.0556522e-01  -1.1623346e+00  -9.7797959e-19   1.2722219e-15  -2.0496908e-15   2.4124224e-15
 32   5.0177483e+01   9.9912427e-01   2.4299023e-01   1.0564840e-01  -1.1488915e+00   1.4192667e-17   1.2722219e-15  -2.0850303e-15   2.4425604e-15
 33   5.0177713e+01   9.9912656e-01   2.4315307e-01   1.0572935e-01  -1.1357413e+00   2.8294607e-17   1.2015429e-15  -2.0143513e-15   2.3456592e-15
 34   5.0177961e+01   9.9912903e-01   2.4331237e-01   1.0580817e-01  -1.1227956e+00   4.2676634e-17   1.2722219e-15  -2.0850303e-15   2.4428920e-15
 35   5.0178225e+01   9.9913165e-01   2.4346823e-01   1.0588497e-01  -1.1101473e+00   5.5181440e-17   1.2722219e-15  -2.0496908e-15   2.4130532e-15
 36   5.0178503e+01   9.9913443e-01   2.4362081e-01   1.0595982e-01  -1.0976985e+00   6.9481819e-17   1.4135799e-15  -2.0143513e-15   2.4618381e-15
 37   5.0178796e+01   9.9913734e-01   2.4377018e-01   1.0603282e-01  -1.0855302e+00   8.2335213e-17   1.2722219e-15  -1.8729933e-15   2.2657077e-15
 38   5.0179100e+01   9.9914037e-01   2.4391651e-01   1.0610404e-01  -1.0735337e+00   9.3331744e-17   1.1308639e-15  -1.9083328e-15   2.2202023e-15
 39   5.0179417e+01   9.9914353e-01   2.4405986e-01   1.0617355e-01  -1.0617515e+00   1.0563372e-16   1.1308639e-15  -1.9790118e-15   2.2817755e-15
 40   5.0179745e+01   9.9914679e-01   2.4420033e-01   1.0624141e-01  -1.0501926e+00   1.1713543e-16   1.2015429e-15  -1.8376538e-15   2.1987263e-15
 41   5.0180082e+01   9.9915015e-01   2.4433804e-01   1.0630769e-01  -1.0388492e+00   1.2676251e-16   1.1308639e-15  -1.8729933e-15   2.1915807e-15
 42   5.0180429e+01   9.9915360e-01   2.4447307e-01   1.0637246e-01  -1.0277207e+00   1.3650072e-16   1.1308639e-15  -1.8023143e-15   2.1320935e-15
 43   5.0180784e+01   9.9915714e-01   2.4460552e-01   1.0643578e-01  -1.0167233e+00   1.4593324e-16   1.2015429e-15  -1.7316353e-15   2.1127145e-15
 44   5.0181148e+01   9.9916075e-01   2.4473544e-01   1.0649769e-01  -1.0059509e+00   1.5436706e-16   1.0601849e-15  -1.6962958e-15   2.0063003e-15
 45   5.0181518e+01   9.9916444e-01   2.4486293e-01   1.0655824e-01  -9.9537953e-01   1.6322884e-16   1.1308639e-15  -1.8023143e-15   2.1339713e-15
 46   5.0181896e+01   9.9916820e-01   2.4498807e-01   1.0661749e-01  -9.8497788e-01   1.7376012e-16   1.1308639e-15  -1.8376538e-15   2.1647211e-15
 47   5.0182279e+01   9.9917202e-01   2.4511093e-01   1.0667549e-01  -9.7476269e-01   1.8083190e-16   1.1308639e-15  -1.7316353e-15   2.0760815e-15
 48   5.0182668e+01   9.9917589e-01   2.4523159e-01   1.0673227e-01  -9.6465637e-01   1.8896200e-16   1.0601849e-15  -1.6256168e-15   1.9499561e-15
 49   5.0183062e+01   9.9917982e-01   2.4535006e-01   1.0678787e-01  -9.5476322e-01   1.9527778e-16   9.8950590e-16  -1.6256168e-15   1.9130827e-15
 50   5.0183461e+01   9.9918379e-01   2.4546646e-01   1.0684234e-01  -9.4500930e-01   2.0270632e-16   9.8950590e-16  -1.6962958e-15   1.9742420e-15
 51   5.0183865e+01   9.9918780e-01   2.4558083e-01   1.0689571e-01  -9.3542673e-01   2.0768275e-16   9.8950590e-16  -1.5549378e-15   1.8547468e-15
 52   5.0184272e+01   9.9919186e-01   2.4569322e-01   1.0694802e-01  -9.2595678e-01   2.1552284e-16   9.8950590e-16  -1.6256168e-15   1.9152551e-15
 53   5.0184683e+01   9.9919595e-01   2.4580369e-01   1.0699930e-01  -9.1667498e-01   2.2067922e-16   9.1882691e-16  -1.5549378e-15   1.8195532e-15
 54   5.0185097e+01   9.9920007e-01   2.4591230e-01   1.0704958e-01  -9.0752903e-01   2.2658985e-16   9.1882691e-16  -1.5902773e-15   1.8505588e-15
 55   5.0185514e+01   9.9920422e-01   2.4601911e-01   1.0709891e-01  -8.9850950e-01   2.3201453e-16   9.1882691e-16  -1.4489194e-15   1.7313119e-15
 56   5.0185934e+01   9.9920840e-01   2.4612414e-01   1.0714730e-01  -8.8964187e-01   2.3729664e-16   9.1882691e-16  -1.4489194e-15   1.7320277e-15
 57   5.0186356e+01   9.9921260e-01   2.4622746e-01   1.0719478e-01  -8.8087531e-01   2.4319580e-16   9.1882691e-16  -1.5902773e-15   1.8526654e-15
 58   5.0186780e+01   9.9921682e-01   2.4632909e-01   1.0724138e-01  -8.7224341e-01   2.4680841e-16   8.4814792e-16  -1.4135799e-15   1.6668765e-15
 59   5.0187205e+01   9.9922106e-01   2.4642908e-01   1.0728712e-01  -8.6379047e-01   2.5339974e-16   8.4814792e-16  -1.4842589e-15   1.7281755e-15
 60   5.0187633e+01   9.9922531e-01   2.4652749e-01   1.0733203e-01  -8.5543885e-01   2.5732779e-16   7.7746892e-16  -1.3429009e-15   1.5729139e-15
 61   5.0188061e+01   9.9922958e-01   2.4662436e-01   1.0737615e-01  -8.4719988e-01   2.6061094e-16   9.1882691e-16  -1.5195983e-15   1.7948092e-15
 62   5.0188491e+01   9.9923386e-01   2.4671972e-01   1.0741948e-01  -8.3907715e-01   2.6430643e-16   8.4814792e-16  -1.3075614e-15   1.5808003e-15
 63   5.0188922e+01   9.9923815e-01   2.4681361e-01   1.0746204e-01  -8.3109642e-01   2.6959762e-16   8.4814792e-16  -1.2722219e-15   1.5526063e-15
 64   5.0189354e+01   9.9924245e-01   2.4690606e-01   1.0750388e-01  -8.2319758e-01   2.7142237e-16   7.7746892e-16  -1.3782404e-15   1.6055138e-15
 65   5.0189786e+01   9.9924675e-01   2.4699711e-01   1.0754499e-01  -8.1539715e-01   2.7590157e-16   8.4814792e-16  -1.3075614e-15   1.5827802e-15
 66   5.0190218e+01   9.9925105e-01   2.4708677e-01   1.0758539e-01  -8.0773859e-01   2.7952841e-16   8.4814792e-16  -1.2722219e-15   1.5543614e-15
 67   5.0190651e+01   9.9925536e-01   2.4717510e-01   1.0762512e-01  -8.0016765e-01   2.8328726e-16   7.7746892e-16  -1.2368824e-15   1.4881491e-15
 68   5.0191084e+01   9.9925967e-01   2.4726213e-01   1.0766418e-01  -7.9270957e-01   2.8581270e-16   7.0678993e-16  -1.2015429e-15   1.4230060e-15
 69   5.0191517e+01   9.9926398e-01   2.4734787e-01   1.0770259e-01  -7.8534825e-01   2.8876051e-16   7.0678993e-16  -1.2015429e-15   1.4236010e-15
 70   5.0191950e+01   9.9926829e-01   2.4743237e-01   1.0774038e-01  -7.7810319e-01   2.9224270e-16   7.7746892e-16  -1.1662034e-15   1.4317451e-15
 71   5.0192382e+01   9.9927259e-01   2.4751566e-01   1.0777755e-01  -7.7092000e-01   2.9549876e-16   7.0678993e-16  -1.1308639e-15   1.3659153e-15
 72   5.0192814e+01   9.9927690e-01   2.4759775e-01   1.0781412e-01  -7.6386102e-01   2.9804030e-16   7.7746892e-16  -1.1662034e-15   1.4329397e-15
 73   5.0193246e+01   9.9928119e-01   2.4767867e-01   1.0785011e-01  -7.5688037e-01   3.0079351e-16   6.3611094e-16  -1.0248454e-15   1.2431500e-15
 74   5.0193677e+01   9.9928548e-01   2.4775845e-01   1.0788552e-01  -7.4998618e-01   3.0388589e-16   7.0678993e-16  -1.1662034e-15   1.3971145e-15
 75   5.0194107e+01   9.9928977e-01   2.4783711e-01   1.0792038e-01  -7.4320471e-01   3.0629517e-16   7.0678993e-16  -1.0601849e-15   1.3104811e-15
 76   5.0194537e+01   9.9929404e-01   2.4791469e-01   1.0795470e-01  -7.3649859e-01   3.0894498e-16   7.0678993e-16  -1.0601849e-15   1.3111030e-15
 77   5.0194965e+01   9.9929831e-01   2.4799120e-01   1.0798849e-01  -7.2987212e-01   3.1026784e-16   5.6543194e-16  -1.1308639e-15   1.3018573e-15
 78   5.0195393e+01   9.9930256e-01   2.4806666e-01   1.0802176e-01  -7.2332678e-01   3.1210158e-16   6.3611094e-16  -1.0248454e-15   1.2459344e-15
 79   5.0195820e+01   9.9930681e-01   2.4814109e-01   1.0805452e-01  -7.1687177e-01   3.1354617e-16   6.3611094e-16  -9.8950590e-16   1.2174031e-15
 80   5.0196245e+01   9.9931105e-01   2.4821452e-01   1.0808678e-01  -7.1049398e-01   3.1586408e-16   5.6543194e-16  -8.8348741e-16   1.0954604e-15
 81   5.0196670e+01   9.9931527e-01   2.4828696e-01   1.0811856e-01  -7.0420296e-01   3.1859719e-16   6.3611094e-16  -9.1882691e-16   1.1620603e-15
 82   5.0197093e+01   9.9931948e-01   2.4835844e-01   1.0814987e-01  -6.9798038e-01   3.1953063e-16   7.0678993e-16  -9.8950590e-16   1.2572883e-15
 83   5.0197515e+01   9.9932368e-01   2.4842897e-01   1.0818072e-01  -6.9183742e-01   3.2146217e-16   6.3611094e-16  -9.1882691e-16   1.1628491e-15
 84   5.0197935e+01   9.9932787e-01   2.4849858e-01   1.0821112e-01  -6.8577555e-01   3.2276698e-16   4.9475295e-16  -9.1882691e-16   1.0923378e-15
 85   5.0198354e+01   9.9933204e-01   2.4856727e-01   1.0824107e-01  -6.7979740e-01   3.2477076e-16   6.3611094e-16  -8.4814792e-16   1.1088138e-15
 86   5.0198772e+01   9.9933620e-01   2.4863508e-01   1.0827060e-01  -6.7386524e-01   3.2526059e-16   6.3611094e-16  -9.1882691e-16   1.1639048e-15
 87   5.0199188e+01   9.9934034e-01   2.4870202e-01   1.0829970e-01  -6.6804150e-01   3.2690494e-16   5.6543194e-16  -8.4814792e-16   1.0704835e-15
 88   5.0199602e+01   9.9934446e-01   2.4876810e-01   1.0832839e-01  -6.6229120e-01   3.2734173e-16   5.6543194e-16  -7.4212943e-16   9.8874768e-16
 89   5.0200015e+01   9.9934858e-01   2.4883336e-01   1.0835668e-01  -6.5657167e-01   3.2884802e-16   4.9475295e-16  -8.1280842e-16   1.0067666e-15
 90   5.0200427e+01   9.9935267e-01   2.4889779e-01   1.0838457e-01  -6.5094302e-01   3.2947933e-16   5.6543194e-16  -8.4814792e-16   1.0712725e-15
 91   5.0200837e+01   9.9935675e-01   2.4896141e-01   1.0841207e-01  -6.4536979e-01   3.3097774e-16   6.3611094e-16  -7.7746892e-16   1.0576584e-15
 92   5.0201245e+01   9.9936081e-01   2.4902424e-01   1.0843920e-01  -6.3986058e-01   3.3132083e-16   4.9475295e-16  -7.4212943e-16   9.5147783e-16
 93   5.0201651e+01   9.9936486e-01   2.4908630e-01   1.0846595e-01  -6.3442190e-01   3.3176154e-16   5.6543194e-16  -7.4212943e-16   9.9021972e-16
 94   5.0202056e+01   9.9936888e-01   2.4914758e-01   1.0849233e-01  -6.2904232e-01   3.3245208e-16   6.3611094e-16  -7.4212943e-16   1.0324329e-15
 95   5.0202459e+01   9.9937289e-01   2.4920812e-01   1.0851836e-01  -6.2371986e-01   3.3339825e-16   5.6543194e-16  -7.4212943e-16   9.9076928e-16
 96   5.0202860e+01   9.9937689e-01   2.4926793e-01   1.0854404e-01  -6.1846874e-01   3.3498720e-16   4.9475295e-16  -6.0077144e-16   8.4730350e-16
 97   5.0203259e+01   9.9938086e-01   2.4932701e-01   1.0856938e-01  -6.1326836e-01   3.3420786e-16   5.6543194e-16  -7.0678993e-16   9.6486278e-16
 98   5.0203656e+01   9.9938481e-01   2.4938538e-01   1.0859438e-01  -6.0812906e-01   3.3470417e-16   6.3611094e-16  -7.0678993e-16   1.0080754e-15
 99   5.0204052e+01   9.9938875e-01   2.4944305e-01   1.0861905e-01  -6.0306067e-01   3.3425717e-16   5.6543194e-16  -6.7145043e-16   9.3930124e-16
100   5.0204446e+01   9.9939267e-01   2.4950004e-01   1.0864339e-01  -5.9803210e-01   3.3451694e-16   5.6543194e-16  -7.7746892e-16   1.0178766e-15
101   5.0204837e+01   9.9939657e-01   2.4955635e-01   1.0866742e-01  -5.9307628e-01   3.3488192e-16   5.6543194e-16  -6.0077144e-16   8.9038503e-16
102   5.0205227e+01   9.9940045e-01   2.4961201e-01   1.0869115e-01  -5.8816306e-01   3.3460514e-16   5.6543194e-16  -7.4212943e-16   9.9117605e-16
103   5.0205615e+01   9.9940431e-01   2.4966702e-01   1.0871456e-01  -5.8329625e-01   3.3515529e-16   5.6543194e-16  -6.7145043e-16   9.3962122e-16
104   5.0206001e+01   9.9940816e-01   2.4972139e-01   1.0873768e-01  -5.7848823e-01   3.3599649e-16   4.9475295e-16  -7.0678993e-16   9.2586507e-16
105   5.0206385e+01   9.9941198e-01   2.4977513e-01   1.0876050e-01  -5.7371870e-01   3.3516643e-16   4.2407396e-16  -5.6543194e-16   7.8223305e-16
106   5.0206768e+01   9.9941578e-01   2.4982824e-01   1.0878303e-01  -5.6901460e-01   3.3406671e-16   4.9475295e-16  -5.3009245e-16   7.9836023e-16
107   5.0207148e+01   9.9941957e-01   2.4988075e-01   1.0880527e-01  -5.6437089e-01   3.3434959e-16   4.9475295e-16  -6.7145043e-16   8.9856320e-16
108   5.0207526e+01   9.9942333e-01   2.4993266e-01   1.0882724e-01  -5.5975809e-01   3.3341817e-16   4.9475295e-16  -4.9475295e-16   7.7506686e-16
109   5.0207902e+01   9.9942707e-01   2.4998399e-01   1.0884894e-01  -5.5520774e-01   3.3431742e-16   4.2407396e-16  -6.0077144e-16   8.0779526e-16
110   5.0208276e+01   9.9943080e-01   2.5003473e-01   1.0887036e-01  -5.5070249e-01   3.3355363e-16   4.9475295e-16  -4.9475295e-16   7.7512514e-16
111   5.0208649e+01   9.9943450e-01   2.5008491e-01   1.0889152e-01  -5.4624183e-01   3.3256894e-16   4.9475295e-16  -5.6543194e-16   8.2164217e-16
112   5.0209019e+01   9.9943819e-01   2.5013452e-01   1.0891243e-01  -5.4183583e-01   3.3179642e-16   4.9475295e-16  -4.5941345e-16   7.5228324e-16
113   5.0209387e+01   9.9944185e-01   2.5018359e-01   1.0893307e-01  -5.3747207e-01   3.3165716e-16   5.6543194e-16  -5.3009245e-16   8.4303485e-16
114   5.0209753e+01   9.9944550e-01   2.5023211e-01   1.0895347e-01  -5.3317901e-01   3.3048431e-16   3.5339496e-16  -4.9475295e-16   6.9201760e-16
115   5.0210117e+01   9.9944912e-01   2.5028011e-01   1.0897363e-01  -5.2892291e-01   3.2973383e-16   4.9475295e-16  -4.9475295e-16   7.7348908e-16
116   5.0210480e+01   9.9945273e-01   2.5032758e-01   1.0899355e-01  -5.2469364e-01   3.2986538e-16   4.9475295e-16  -5.6543194e-16   8.2055160e-16
117   5.0210840e+01   9.9945631e-01   2.5037454e-01   1.0901323e-01  -5.2051350e-01   3.2891633e-16   4.9475295e-16  -4.9475295e-16   7.7314094e-16
118   5.0211198e+01   9.9945988e-01   2.5042099e-01   1.0903267e-01  -5.1637423e-01   3.2862794e-16   4.2407396e-16  -5.3009245e-16   7.5421021e-16
119   5.0211554e+01   9.9946342e-01   2.5046694e-01   1.0905189e-01  -5.1227418e-01   3.2688016e-16   3.5339496e-16  -4.2407396e-16   6.4154295e-16
120   5.0211909e+01   9.9946695e-01   2.5051240e-01   1.0907088e-01  -5.0822476e-01   3.2545412e-16   4.9475295e-16  -3.5339496e-16   6.8962951e-16
121   5.0212261e+01   9.9947045e-01   2.5055737e-01   1.0908965e-01  -5.0420104e-01   3.2457129e-16   4.2407396e-16  -3.5339496e-16   6.4036961e-16
122   5.0212611e+01   9.9947394e-01   2.5060186e-01   1.0910821e-01  -5.0022803e-01   3.2317154e-16   4.2407396e-16  -4.2407396e-16   6.8126154e-16
123   5.0212959e+01   9.9947741e-01   2.5064589e-01   1.0912655e-01  -4.9629450e-01   3.2377153e-16   4.2407396e-16  -4.5941345e-16   7.0407915e-16
124   5.0213306e+01   9.9948085e-01   2.5068945e-01   1.0914467e-01  -4.9240254e-01   3.2257170e-16   5.6543194e-16  -4.2407396e-16   7.7691988e-16
125   5.0213650e+01   9.9948428e-01   2.5073256e-01   1.0916259e-01  -4.8854421e-01   3.2146431e-16   4.2407396e-16  -3.5339496e-16   6.3880046e-16
126   5.0213992e+01   9.9948768e-01   2.5077521e-01   1.0918031e-01  -4.8471828e-01   3.1934901e-16   3.5339496e-16  -4.5941345e-16   6.6176470e-16
127   5.0214332e+01   9.9949107e-01   2.5081742e-01   1.0919782e-01  -4.8093273e-01   3.1847703e-16   4.2407396e-16  -3.8873446e-16   6.5755671e-16
128   5.0214671e+01   9.9949444e-01   2.5085920e-01   1.0921514e-01  -4.7719343e-01   3.1678978e-16   4.2407396e-16  -3.1805547e-16   6.1753848e-16
129   5.0215007e+01   9.9949778e-01   2.5090054e-01   1.0923226e-01  -4.7348664e-01   3.1642387e-16   4.9475295e-16  -3.5339496e-16   6.8541414e-16
130   5.0215341e+01   9.9950111e-01   2.5094146e-01   1.0924919e-01  -4.6982545e-01   3.1647983e-16   4.2407396e-16  -4.2407396e-16   6.7811277e-16
131   5.0215673e+01   9.9950442e-01   2.5098196e-01   1.0926594e-01  -4.6619208e-01   3.1378065e-16   4.2407396e-16  -3.5339496e-16   6.3496852e-16
132   5.0216004e+01   9.9950771e-01   2.5102206e-01   1.0928250e-01  -4.6259382e-01   3.1398615e-16   4.2407396e-16  -3.8873446e-16   6.5539340e-16
133   5.0216332e+01   9.9951098e-01   2.5106174e-01   1.0929887e-01  -4.5902832e-01   3.1383350e-16   4.2407396e-16  -3.1805547e-16   6.1602716e-16
134   5.0216659e+01   9.9951422e-01   2.5110103e-01   1.0931507e-01  -4.5548949e-01   3.1220406e-16   4.2407396e-16  -3.1805547e-16   6.1519865e-16
135   5.0216983e+01   9.9951745e-01   2.5113992e-01   1.0933109e-01  -4.5199565e-01   3.1089648e-16   3.5339496e-16  -2.8271597e-16   5.4906552e-16
136   5.0217306e+01   9.9952067e-01   2.5117842e-01   1.0934693e-01  -4.4853011e-01   3.0973021e-16   3.5339496e-16  -2.8271597e-16   5.4840598e-16
137   5.0217627e+01   9.9952386e-01   2.5121653e-01   1.0936260e-01  -4.4510284e-01   3.0869280e-16   2.8271597e-16  -4.2407396e-16   5.9586768e-16
138   5.0217945e+01   9.9952703e-01   2.5125427e-01   1.0937810e-01  -4.4170151e-01   3.0671957e-16   2.8271597e-16  -4.2407396e-16   5.9484783e-16
139   5.0218262e+01   9.9953018e-01   2.5129164e-01   1.0939344e-01  -4.3833496e-01   3.0643351e-16   3.5339496e-16  -4.5941345e-16   6.5562964e-16
140   5.0218577e+01   9.9953332e-01   2.5132863e-01   1.0940861e-01  -4.3500013e-01   3.0458952e-16   3.5339496e-16  -3.5339496e-16   5.8527838e-16
141   5.0218890e+01   9.9953643e-01   2.5136526e-01   1.0942362e-01  -4.3168994e-01   3.0296800e-16   3.5339496e-16  -2.8271597e-16   5.4461540e-16
142   5.0219201e+01   9.9953953e-01   2.5140154e-01   1.0943847e-01  -4.2841729e-01   3.0247061e-16   3.5339496e-16  -2.8271597e-16   5.4433886e-16
143   5.0219511e+01   9.9954260e-01   2.5143746e-01   1.0945316e-01  -4.2517050e-01   3.0078437e-16   4.2407396e-16  -2.4737648e-16   5.7576478e-16
144   5.0219818e+01   9.9954566e-01   2.5147303e-01   1.0946770e-01  -4.2196414e-01   3.0055259e-16   3.5339496e-16  -2.4737648e-16   5.2575182e-16
145   5.0220123e+01   9.9954870e-01   2.5150825e-01   1.0948208e-01  -4.1878186e-01   2.9854934e-16   3.5339496e-16  -3.8873446e-16   6.0426334e-16
146   5.0220427e+01   9.9955173e-01   2.5154314e-01   1.0949632e-01  -4.1563032e-01   2.9694106e-16   4.2407396e-16  -2.8271597e-16   5.8986527e-16
147   5.0220729e+01   9.9955473e-01   2.5157770e-01   1.0951041e-01  -4.1250760e-01   2.9636078e-16   2.8271597e-16  -2.4737648e-16   4.7849049e-16
148   5.0221029e+01   9.9955771e-01   2.5161192e-01   1.0952435e-01  -4.0941208e-01   2.9498252e-16   4.2407396e-16  -3.1805547e-16   6.0664050e-16
149   5.0221327e+01   9.9956068e-01   2.5164582e-01   1.0953815e-01  -4.0634631e-01   2.9495858e-16   3.5339496e-16  -2.1203698e-16   5.0680198e-16
150   5.0221623e+01   9.9956363e-01   2.5167940e-01   1.0955181e-01  -4.0330714e-01   2.9123638e-16   4.2407396e-16  -2.1203698e-16   5.5643242e-16
151   5.0221918e+01   9.9956656e-01   2.5171266e-01   1.0956532e-01  -4.0029610e-01   2.9011930e-16   3.5339496e-16  -2.8271597e-16   5.3757375e-16
152   5.0222210e+01   9.9956947e-01   2.5174561e-01   1.0957870e-01  -3.9731490e-01   2.8933371e-16   4.2407396e-16  -2.4737648e-16   5.6986651e-16
153   5.0222501e+01   9.9957237e-01   2.5177825e-01   1.0959195e-01  -3.9435686e-01   2.8927180e-16   4.2407396e-16  -1.7669748e-16   5.4289861e-16
154   5.0222790e+01   9.9957524e-01   2.5181059e-01   1.0960506e-01  -3.9142537e-01   2.8868758e-16   2.8271597e-16  -2.8271597e-16   4.9315024e-16
155   5.0223078e+01   9.9957810e-01   2.5184262e-01   1.0961804e-01  -3.8852010e-01   2.8763572e-16   4.9475295e-16  -2.8271597e-16   6.3831271e-16
156   5.0223363e+01   9.9958095e-01   2.5187436e-01   1.0963089e-01  -3.8563729e-01   2.8568057e-16   2.8271597e-16  -2.8271597e-16   4.9139600e-16
157   5.0223647e+01   9.9958377e-01   2.5190580e-01   1.0964361e-01  -3.8278355e-01   2.8499034e-16   3.5339496e-16  -2.4737648e-16   5.1701317e-16
158   5.0223929e+01   9.9958658e-01   2.5193695e-01   1.0965620e-01  -3.7995455e-01   2.8262307e-16   3.5339496e-16  -1.7669748e-16   4.8578370e-16
159   5.0224209e+01   9.9958937e-01   2.5196782e-01   1.0966866e-01  -3.7715106e-01   2.8179464e-16   5.6543194e-16  -2.4737648e-16   6.7846637e-16
160   5.0224488e+01   9.9959214e-01   2.5199840e-01   1.0968101e-01  -3.7437363e-01   2.8146552e-16   2.8271597e-16  -1.7669748e-16   4.3631773e-16
161   5.0224765e+01   9.9959489e-01   2.5202870e-01   1.0969323e-01  -3.7162103e-01   2.8044897e-16   4.2407396e-16  -2.1203698e-16   5.5086298e-16
162   5.0225040e+01   9.9959763e-01   2.5205873e-01   1.0970533e-01  -3.6888281e-01   2.7941052e-16   3.5339496e-16  -1.4135799e-16   4.7216556e-16
163   5.0225313e+01   9.9960035e-01   2.5208848e-01   1.0971731e-01  -3.6617779e-01   2.7686752e-16   4.2407396e-16  -1.0601849e-16   5.1743044e-16
164   5.0225585e+01   9.9960306e-01   2.5211797e-01   1.0972918e-01  -3.6349633e-01   2.7659570e-16   3.5339496e-16  -1.4135799e-16   4.7050533e-16
165   5.0225855e+01   9.9960574e-01   2.5214719e-01   1.0974093e-01  -3.6084113e-01   2.7539275e-16   4.2407396e-16  -2.8271597e-16   5.7931702e-16
166   5.0226124e+01   9.9960841e-01   2.5217615e-01   1.0975257e-01  -3.5820648e-01   2.7457837e-16   4.2407396e-16  -2.4737648e-16   5.6251855e-16
167   5.0226390e+01   9.9961107e-01   2.5220485e-01   1.0976409e-01  -3.5559487e-01   2.7386138e-16   3.5339496e-16  -2.1203698e-16   4.9482091e-16
168   5.0226655e+01   9.9961371e-01   2.5223329e-01   1.0977551e-01  -3.5300300e-01   2.7303942e-16   2.8271597e-16  -1.4135799e-16   4.1768520e-16
169   5.0226919e+01   9.9961633e-01   2.5226148e-01   1.0978681e-01  -3.5043232e-01   2.7282664e-16   3.5339496e-16  -1.7669748e-16   4.8015037e-16
170   5.0227181e+01   9.9961893e-01   2.5228942e-01   1.0979801e-01  -3.4788399e-01   2.7120307e-16   4.2407396e-16  -7.0678993e-17   5.0831619e-16
171   5.0227441e+01   9.9962152e-01   2.5231712e-01   1.0980910e-01  -3.4536715e-01   2.6872681e-16   3.5339496e-16  -1.4135799e-16   4.6592293e-16
172   5.0227699e+01   9.9962409e-01   2.5234457e-01   1.0982008e-01  -3.4286487e-01   2.6842635e-16   3.5339496e-16  -2.1203698e-16   4.9183370e-16
173   5.0227956e+01   9.9962665e-01   2.5237178e-01   1.0983096e-01  -3.4038130e-01   2.6809894e-16   3.5339496e-16  -1.7669748e-16   4.7747989e-16
174   5.0228212e+01   9.9962919e-01   2.5239875e-01   1.0984174e-01  -3.3791489e-01   2.6790948e-16   2.1203698e-16  -2.1203698e-16   4.0211298e-16
175   5.0228465e+01   9.9963172e-01   2.5242548e-01   1.0985242e-01  -3.3547304e-01   2.6630262e-16   3.5339496e-16  -1.7669748e-16   4.7647359e-16
176   5.0228717e+01   9.9963422e-01   2.5245199e-01   1.0986299e-01  -3.3305298e-01   2.6553985e-16   4.2407396e-16  -1.0601849e-16   5.1145875e-16
177   5.0228968e+01   9.9963672e-01   2.5247826e-01   1.0987347e-01  -3.3065029e-01   2.6450016e-16   4.2407396e-16  -2.4737648e-16   5.5766852e-16
178   5.0229217e+01   9.9963920e-01   2.5250431e-01   1.0988385e-01  -3.2827469e-01   2.6300891e-16   4.2407396e-16  -7.0678993e-17   5.0399199e-16
179   5.0229465e+01   9.9964166e-01   2.5253013e-01   1.0989413e-01  -3.2590974e-01   2.6280235e-16   3.5339496e-16  -2.1203698e-16   4.8878703e-16
180   5.0229711e+01   9.9964411e-01   2.5255573e-01   1.0990432e-01  -3.2356804e-01   2.6194471e-16   2.8271597e-16  -1.4135799e-16   4.1051849e-16
181   5.0229955e+01   9.9964654e-01   2.5258111e-01   1.0991441e-01  -3.2124707e-01   2.6087572e-16   3.5339496e-16  -1.7669748e-16   4.7346187e-16
182   5.0230198e+01   9.9964896e-01   2.5260627e-01   1.0992441e-01  -3.1895073e-01   2.6103870e-16   5.6543194e-16  -1.7669748e-16   6.4736117e-16
183   5.0230439e+01   9.9965136e-01   2.5263122e-01   1.0993432e-01  -3.1665795e-01   2.6045046e-16   3.5339496e-16  -2.1203698e-16   4.8752653e-16
184   5.0230679e+01   9.9965374e-01   2.5265595e-01   1.0994414e-01  -3.1439257e-01   2.5778304e-16   4.2407396e-16  -1.7669748e-16   5.2679486e-16
185   5.0230918e+01   9.9965612e-01   2.5268048e-01   1.0995387e-01  -3.1214938e-01   2.5790359e-16   4.2407396e-16  -1.7669748e-16   5.2685385e-16
186   5.0231154e+01   9.9965847e-01   2.5270479e-01   1.0996351e-01  -3.0991533e-01   2.5781557e-16   4.2407396e-16  -1.7669748e-16   5.2681077e-16
187   5.0231390e+01   9.9966082e-01   2.5272890e-01   1.0997306e-01  -3.0769845e-01   2.5633420e-16   4.2407396e-16  -7.0678993e-17   5.0054117e-16
188   5.0231624e+01   9.9966314e-01   2.5275281e-01   1.0998252e-01  -3.0550623e-01   2.5562021e-16   4.2407396e-16  -1.4135799e-16   5.1493931e-16
189   5.0231856e+01   9.9966546e-01   2.5277652e-01   1.0999190e-01  -3.0333194e-01   2.5585300e-16   4.9475295e-16  -1.4135799e-16   5.7465060e-16
190   5.0232087e+01   9.9966776e-01   2.5280003e-01   1.1000119e-01  -3.0117503e-01   2.5381404e-16   3.5339496e-16  -2.1203698e-16   4.8401369e-16
191   5.0232317e+01   9.9967004e-01   2.5282334e-01   1.1001040e-01  -2.9903551e-01   2.5281938e-16   4.2407396e-16  -1.0601849e-16   5.0497156e-16
192   5.0232545e+01   9.9967231e-01   2.5284646e-01   1.1001953e-01  -2.9691543e-01   2.5385496e-16   3.5339496e-16  -1.4135799e-16   4.5750674e-16
193   5.0232772e+01   9.9967457e-01   2.5286939e-01   1.1002858e-01  -2.9481011e-01   2.5149373e-16   4.2407396e-16  -1.4135799e-16   5.1290340e-16
194   5.0232997e+01   9.9967681e-01   2.5289212e-01   1.1003755e-01  -2.9272286e-01   2.5195444e-16   4.2407396e-16  -3.5339496e-17   4.9453882e-16
195   5.0233221e+01   9.9967904e-01   2.5291467e-01   1.1004644e-01  -2.9064817e-01   2.5028475e-16   3.5339496e-16  -7.0678993e-17   4.3877782e-16
196   5.0233444e+01   9.9968125e-01   2.5293704e-01   1.1005524e-01  -2.8859408e-01   2.5143054e-16   2.8271597e-16  -1.0601849e-16   3.9291927e-16
197   5.0233665e+01   9.9968345e-01   2.5295922e-01   1.1006397e-01  -2.8655554e-01   2.4963000e-16   3.5339496e-16  -7.0678993e-17   4.3840468e-16
198   5.0233885e+01   9.9968564e-01   2.5298122e-01   1.1007263e-01  -2.8453441e-01   2.4885538e-16   2.8271597e-16  -7.0678993e-17   3.8321383e-16
199   5.0234103e+01   9.9968781e-01   2.5300304e-01   1.1008121e-01  -2.8252907e-01   2.4824294e-16   3.5339496e-16  -1.4135799e-16   4.5441681e-16
200   5.0234320e+01   9.9968997e-01   2.5302468e-01   1.1008971e-01  -2.8054169e-01   2.4734740e-16   4.2407396e-16  -2.1203698e-16   5.3477017e-16
201   5.0234536e+01   9.9969212e-01   2.5304614e-01   1.1009814e-01  -2.7856527e-01   2.4630143e-16   3.5339496e-16  -1.4135799e-16   4.5335910e-16
202   5.0234750e+01   9.9969425e-01   2.5306744e-01   1.1010650e-01  -2.7660491e-01   2.4541496e-16   4.2407396e-16  -1.4135799e-16   5.0995030e-16
203   5.0234963e+01   9.9969637e-01   2.5308856e-01   1.1011478e-01  -2.7466261e-01   2.4425281e-16   3.5339496e-16  -1.0601849e-16   4.4247865e-16
204   5.0235175e+01   9.9969848e-01   2.5310951e-01   1.1012299e-01  -2.7273313e-01   2.4395857e-16   3.5339496e-16  -1.0601849e-16   4.4231630e-16
205   5.0235385e+01   9.9970057e-01   2.5313029e-01   1.1013114e-01  -2.7082061e-01   2.4360469e-16   4.2407396e-16  -1.0601849e-16   5.0042171e-16
206   5.0235594e+01   9.9970265e-01   2.5315091e-01   1.1013921e-01  -2.6892201e-01   2.4251885e-16   4.2407396e-16  -1.7669748e-16   5.1949602e-16
207   5.0235802e+01   9.9970472e-01   2.5317136e-01   1.1014721e-01  -2.6703809e-01   2.4174015e-16   2.8271597e-16  -1.4135799e-16   3.9793052e-16
208   5.0236009e+01   9.9970678e-01   2.5319165e-01   1.1015515e-01  -2.6516877e-01   2.4170354e-16   4.2407396e-16  -1.0601849e-16   4.9949899e-16
209   5.0236214e+01   9.9970882e-01   2.5321178e-01   1.1016301e-01  -2.6329852e-01   2.4075681e-16   4.2407396e-16  -3.5339496e-17   4.8892887e-16
210   5.0236418e+01   9.9971085e-01   2.5323174e-01   1.1017081e-01  -2.6145718e-01   2.4024020e-16   3.5339496e-16  -1.4135799e-16   4.5009492e-16
211   5.0236621e+01   9.9971287e-01   2.5325155e-01   1.1017854e-01  -2.5963003e-01   2.3934717e-16   3.5339496e-16  -3.5339496e-17   4.2828022e-16
212   5.0236822e+01   9.9971487e-01   2.5327120e-01   1.1018621e-01  -2.5781689e-01   2.3943328e-16   2.8271597e-16  -1.7669748e-16   4.1046147e-16
213   5.0237022e+01   9.9971686e-01   2.5329069e-01   1.1019381e-01  -2.5601763e-01   2.3839170e-16   2.8271597e-16  -3.5339496e-17   3.7149401e-16
214   5.0237221e+01   9.9971884e-01   2.5331003e-01   1.1020134e-01  -2.5423212e-01   2.3813943e-16   3.5339496e-16  -7.0678993e-17   4.3196517e-16
215   5.0237419e+01   9.9972081e-01   2.5332922e-01   1.1020882e-01  -2.5245402e-01   2.3629923e-16   3.5339496e-16  -3.5339496e-17   4.2658435e-16
216   5.0237615e+01   9.9972276e-01   2.5334826e-01   1.1021623e-01  -2.5069682e-01   2.3683617e-16   3.5339496e-16  -2.1203698e-16   4.7533047e-16
217   5.0237811e+01   9.9972471e-01   2.5336715e-01   1.1022357e-01  -2.4895249e-01   2.3569152e-16   3.5339496e-16  -7.0678993e-17   4.3062050e-16
218   5.0238005e+01   9.9972664e-01   2.5338589e-01   1.1023086e-01  -2.4722067e-01   2.3512245e-16   3.5339496e-16  -7.0678993e-17   4.3030929e-16
219   5.0238198e+01   9.9972856e-01   2.5340449e-01   1.1023809e-01  -2.4550061e-01   2.3357941e-16   4.2407396e-16  -2.1203698e-16   5.2854304e-16
220   5.0238389e+01   9.9973046e-01   2.5342294e-01   1.1024525e-01  -2.4379485e-01   2.3523811e-16   3.5339496e-16   0.0000000e+00   4.2452912e-16
221   5.0238580e+01   9.9973236e-01   2.5344125e-01   1.1025236e-01  -2.4210193e-01   2.3237766e-16   4.9475295e-16  -1.4135799e-16   5.6459006e-16
222   5.0238769e+01   9.9973424e-01   2.5345942e-01   1.1025940e-01  -2.4042172e-01   2.3160239e-16   4.2407396e-16  -1.4135799e-16   5.0344858e-16
223   5.0238957e+01   9.9973611e-01   2.5347745e-01   1.1026639e-01  -2.3875031e-01   2.3089187e-16   3.5339496e-16  -2.1203698e-16   4.7239680e-16
224   5.0239144e+01   9.9973798e-01   2.5349534e-01   1.1027333e-01  -2.3709397e-01   2.3072858e-16   4.2407396e-16  -1.0601849e-16   4.9428162e-16
225   5.0239330e+01   9.9973982e-01   2.5351309e-01   1.1028020e-01  -2.3545124e-01   2.3078475e-16   4.2407396e-16  -1.4135799e-16   5.0307296e-16
226   5.0239515e+01   9.9974166e-01   2.5353070e-01   1.1028702e-01  -2.3382109e-01   2.3021737e-16   3.5339496e-16  -1.7669748e-16   4.5728551e-16
227   5.0239698e+01   9.9974349e-01   2.5354818e-01   1.1029378e-01  -2.3220331e-01   2.2807961e-16   4.2407396e-16  -3.5339496e-17   4.8281250e-16
228   5.0239881e+01   9.9974530e-01   2.5356553e-01   1.1030048e-01  -2.3059646e-01   2.2848479e-16   3.5339496e-16  -7.0678993e-17   4.2671866e-16
229   5.0240062e+01   9.9974711e-01   2.5358274e-01   1.1030714e-01  -2.2900202e-01   2.2842535e-16   4.2407396e-16  -7.0678993e-17   4.8683917e-16
230   5.0240242e+01   9.9974890e-01   2.5359983e-01   1.1031373e-01  -2.2741094e-01   2.2743776e-16   4.9475295e-16  -3.5339496e-17   5.4567142e-16
231   5.0240421e+01   9.9975068e-01   2.5361678e-01   1.1032028e-01  -2.2584867e-01   2.2623553e-16   2.8271597e-16  -1.4135799e-16   3.8870672e-16
232   5.0240599e+01   9.9975245e-01   2.5363361e-01   1.1032677e-01  -2.2428931e-01   2.2553505e-16   4.2407396e-16  -1.7669748e-16   5.1178783e-16
233   5.0240776e+01   9.9975421e-01   2.5365031e-01   1.1033320e-01  -2.2273620e-01   2.2518083e-16   4.9475295e-16  -1.0601849e-16   5.5382922e-16
234   5.0240952e+01   9.9975596e-01   2.5366688e-01   1.1033959e-01  -2.2119714e-01   2.2440817e-16   3.5339496e-16  -1.0601849e-16   4.3184135e-16
235   5.0241127e+01   9.9975770e-01   2.5368333e-01   1.1034592e-01  -2.1967762e-01   2.2510205e-16   4.2407396e-16  -1.4135799e-16   5.0049149e-16
236   5.0241300e+01   9.9975943e-01   2.5369965e-01   1.1035220e-01  -2.1816353e-01   2.2309441e-16   4.2407396e-16  -1.0601849e-16   4.9076446e-16
237   5.0241473e+01   9.9976114e-01   2.5371585e-01   1.1035844e-01  -2.1666046e-01   2.2368059e-16   4.2407396e-16  -1.4135799e-16   4.9985379e-16
238   5.0241644e+01   9.9976285e-01   2.5373194e-01   1.1036462e-01  -2.1516895e-01   2.2386462e-16   4.2407396e-16  -1.0601849e-16   4.9111507e-16
239   5.0241815e+01   9.9976455e-01   2.5374790e-01   1.1037075e-01  -2.1368762e-01   2.2178622e-16   4.2407396e-16  -1.0601849e-16   4.9017116e-16
240   5.0241984e+01   9.9976623e-01   2.5376374e-01   1.1037684e-01  -2.1221748e-01   2.2222562e-16   3.5339496e-16  -1.4135799e-16   4.4074290e-16
241   5.0242153e+01   9.9976791e-01   2.5377947e-01   1.1038288e-01  -2.1075752e-01   2.2115516e-16   4.2407396e-16  -1.7669748e-16   5.0987285e-16
242   5.0242320e+01   9.9976957e-01   2.5379508e-01   1.1038886e-01  -2.0930810e-01   2.1960322e-16   4.2407396e-16  -1.4135799e-16   4.9804255e-16
243   5.0242486e+01   9.9977123e-01   2.5381057e-01   1.1039481e-01  -2.0786912e-01   2.1934180e-16   4.2407396e-16  -1.4135799e-16   4.9792733e-16
244   5.0242652e+01   9.9977287e-01   2.5382595e-01   1.1040070e-01  -2.0643980e-01   2.1850825e-16   4.2407396e-16  -1.7669748e-16   5.0873036e-16
245   5.0242816e+01   9.9977451e-01   2.5384122e-01   1.1040655e-01  -2.0501161e-01   2.1902103e-16   4.2407396e-16  -1.0601849e-16   4.8892622e-16
246   5.0242979e+01   9.9977613e-01   2.5385637e-01   1.1041235e-01  -2.0360360e-01   2.1805528e-16   4.2407396e-16  -1.0601849e-16   4.8849437e-16
247   5.0243141e+01   9.9977774e-01   2.5387142e-01   1.1041811e-01  -2.0220566e-01   2.1799715e-16   4.2407396e-16  -1.4135799e-16   4.9733647e-16
248   5.0243303e+01   9.9977935e-01   2.5388635e-01   1.1042382e-01  -2.0081769e-01   2.1796905e-16   4.9475295e-16  -1.0601849e-16   5.5093639e-16
249   5.0243463e+01   9.9978094e-01   2.5390117e-01   1.1042948e-01  -1.9943962e-01   2.1683393e-16   4.2407396e-16  -2.1203698e-16   5.2135914e-16
250   5.0243622e+01   9.9978253e-01   2.5391589e-01   1.1043510e-01  -1.9807056e-01   2.1518687e-16   4.2407396e-16  -7.0678993e-17   4.8076983e-16
251   5.0243781e+01   9.9978411e-01   2.5393050e-01   1.1044068e-01  -1.9670796e-01   2.1523600e-16   4.9475295e-16  -1.0601849e-16   5.4986083e-16
252   5.0243938e+01   9.9978567e-01   2.5394500e-01   1.1044622e-01  -1.9535914e-01   2.1630724e-16   4.2407396e-16  -1.4135799e-16   4.9659805e-16
253   5.0244095e+01   9.9978723e-01   2.5395939e-01   1.1045171e-01  -1.9401986e-01   2.1568479e-16   4.2407396e-16  -2.8271597e-16   5.5343199e-16
254   5.0244250e+01   9.9978877e-01   2.5397369e-01   1.1045716e-01  -1.9269006e-01   2.1404357e-16   4.2407396e-16  -1.7669748e-16   5.0682874e-16
255   5.0244405e+01   9.9979031e-01   2.5398788e-01   1.1046256e-01  -1.9136470e-01   2.1335037e-16   4.2407396e-16  -2.4737648e-16   5.3530573e-16
256   5.0244558e+01   9.9979184e-01   2.5400196e-01   1.1046793e-01  -1.9005387e-01   2.1332581e-16   2.8271597e-16  -1.0601849e-16   3.6969737e-16
257   5.0244711e+01   9.9979336e-01   2.5401595e-01   1.1047325e-01  -1.8875204e-01   2.1246926e-16   4.2407396e-16  -2.4737648e-16   5.3495517e-16
258   5.0244863e+01   9.9979487e-01   2.5402983e-01   1.1047853e-01  -1.8745935e-01   2.1217616e-16   4.2407396e-16  -1.7669748e-16   5.0604293e-16
259   5.0245013e+01   9.9979637e-01   2.5404362e-01   1.1048377e-01  -1.8617572e-01   2.1097537e-16   2.8271597e-16  -1.4135799e-16   3.8002764e-16
260   5.0245163e+01   9.9979786e-01   2.5405730e-01   1.1048898e-01  -1.8490401e-01   2.1088775e-16   4.2407396e-16  -2.1203698e-16   5.1891430e-16
261   5.0245312e+01   9.9979934e-01   2.5407089e-01   1.1049414e-01  -1.8363851e-01   2.1167683e-16   3.5339496e-16  -1.7669748e-16   4.4823775e-16
262   5.0245460e+01   9.9980082e-01   2.5408438e-01   1.1049926e-01  -1.8238156e-01   2.0941893e-16   3.5339496e-16  -2.1203698e-16   4.6228127e-16
263   5.0245608e+01   9.9980228e-01   2.5409778e-01   1.1050434e-01  -1.8113337e-01   2.1012643e-16   3.5339496e-16  -2.1203698e-16   4.6260220e-16
264   5.0245754e+01   9.9980374e-01   2.5411108e-01   1.1050939e-01  -1.7988550e-01   2.0916841e-16   4.2407396e-16  -1.7669748e-16   5.0478921e-16
265   5.0245899e+01   9.9980518e-01   2.5412429e-01   1.1051440e-01  -1.7865474e-01   2.0950955e-16   4.2407396e-16  -1.7669748e-16   5.0493066e-16
266   5.0246044e+01   9.9980662e-01   2.5413740e-01   1.1051936e-01  -1.7743250e-01   2.0891463e-16   4.2407396e-16  -1.0601849e-16   4.8448319e-16
267   5.0246187e+01   9.9980805e-01   2.5415042e-01   1.1052429e-01  -1.7621872e-01   2.0800518e-16   3.5339496e-16  -2.4737648e-16   4.7890424e-16
268   5.0246330e+01   9.9980947e-01   2.5416335e-01   1.1052919e-01  -1.7501663e-01   2.0697742e-16   4.2407396e-16  -2.1203698e-16   5.1733747e-16
269   5.0246472e+01   9.9981088e-01   2.5417618e-01   1.1053404e-01  -1.7382098e-01   2.0682217e-16   4.2407396e-16  -1.7669748e-16   5.0382153e-16
270   5.0246613e+01   9.9981229e-01   2.5418893e-01   1.1053886e-01  -1.7262506e-01   2.0675906e-16   3.5339496e-16  -2.4737648e-16   4.7836433e-16
271   5.0246753e+01   9.9981368e-01   2.5420159e-01   1.1054365e-01  -1.7144447e-01   2.0593973e-16   3.5339496e-16  -2.1203698e-16   4.6071559e-16
272   5.0246893e+01   9.9981507e-01   2.5421415e-01   1.1054839e-01  -1.7027191e-01   2.0505753e-16   4.2407396e-16  -2.1203698e-16   5.1657235e-16
273   5.0247031e+01   9.9981645e-01   2.5422663e-01   1.1055311e-01  -1.6911136e-01   2.0531541e-16   4.2407396e-16  -7.0678993e-17   4.7643327e-16
274   5.0247169e+01   9.9981782e-01   2.5423903e-01   1.1055778e-01  -1.6795484e-01   2.0539822e-16   4.2407396e-16  -2.4737648e-16   5.3218631e-16
275   5.0247306e+01   9.9981918e-01   2.5425134e-01   1.1056243e-01  -1.6680545e-01   2.0496628e-16   4.2407396e-16  -2.1203698e-16   5.1653614e-16
276   5.0247442e+01   9.9982053e-01   2.5426356e-01   1.1056703e-01  -1.6566468e-01   2.0423603e-16   4.2407396e-16  -2.4737648e-16   5.3173885e-16
277   5.0247577e+01   9.9982188e-01   2.5427569e-01   1.1057161e-01  -1.6452762e-01   2.0278512e-16   2.8271597e-16  -2.4737648e-16   4.2690192e-16
278   5.0247712e+01   9.9982321e-01   2.5428775e-01   1.1057615e-01  -1.6340235e-01   2.0382373e-16   2.8271597e-16  -2.1203698e-16   4.0796092e-16
279   5.0247845e+01   9.9982454e-01   2.5429972e-01   1.1058065e-01  -1.6228473e-01   2.0278661e-16   4.2407396e-16  -1.0601849e-16   4.8187244e-16
280   5.0247978e+01   9.9982587e-01   2.5431160e-01   1.1058513e-01  -1.6117469e-01   2.0188282e-16   4.2407396e-16  -2.1203698e-16   5.1532036e-16
281   5.0248110e+01   9.9982718e-01   2.5432341e-01   1.1058957e-01  -1.6007138e-01   2.0220794e-16   4.2407396e-16  -2.8271597e-16   5.4832025e-16
282   5.0248241e+01   9.9982848e-01   2.5433513e-01   1.1059397e-01  -1.5897632e-01   2.0112530e-16   4.2407396e-16  -1.4135799e-16   4.9017567e-16
283   5.0248372e+01   9.9982978e-01   2.5434677e-01   1.1059835e-01  -1.5788866e-01   2.0046846e-16   4.2407396e-16  -1.4135799e-16   4.8990653e-16
284   5.0248501e+01   9.9983107e-01   2.5435834e-01   1.1060269e-01  -1.5680835e-01   1.9981091e-16   4.9475295e-16  -1.4135799e-16   5.5198457e-16
285   5.0248630e+01   9.9983235e-01   2.5436982e-01   1.1060700e-01  -1.5573530e-01   1.9935723e-16   4.9475295e-16  -2.8271597e-16   6.0369869e-16
286   5.0248758e+01   9.9983363e-01   2.5438122e-01   1.1061128e-01  -1.5466947e-01   1.9823687e-16   4.2407396e-16  -1.7669748e-16   5.0035845e-16
287   5.0248886e+01   9.9983489e-01   2.5439255e-01   1.1061553e-01  -1.5361080e-01   1.9779402e-16   4.2407396e-16  -1.7669748e-16   5.0018316e-16
288   5.0249012e+01   9.9983615e-01   2.5440380e-01   1.1061975e-01  -1.5255919e-01   1.9784601e-16   4.2407396e-16  -1.7669748e-16   5.0020372e-16
289   5.0249138e+01   9.9983741e-01   2.5441497e-01   1.1062393e-01  -1.5151467e-01   1.9800767e-16   4.2407396e-16  -2.4737648e-16   5.2937782e-16
290   5.0249263e+01   9.9983865e-01   2.5442607e-01   1.1062809e-01  -1.5047709e-01   1.9720317e-16   3.5339496e-16  -1.7669748e-16   4.4158701e-16
291   5.0249387e+01   9.9983989e-01   2.5443709e-01   1.1063221e-01  -1.4944437e-01   1.9667907e-16   4.2407396e-16  -2.4737648e-16   5.2888231e-16
292   5.0249511e+01   9.9984112e-01   2.5444804e-01   1.1063631e-01  -1.4842059e-01   1.9773156e-16   4.2407396e-16  -1.4135799e-16   4.8879297e-16
293   5.0249634e+01   9.9984234e-01   2.5445891e-01   1.1064038e-01  -1.4740369e-01   1.9686146e-16   4.2407396e-16  -2.4737648e-16   5.2895016e-16
294   5.0249756e+01   9.9984355e-01   2.5446971e-01   1.1064441e-01  -1.4639356e-01   1.9521564e-16   4.2407396e-16  -2.4737648e-16   5.2833984e-16
295   5.0249877e+01   9.9984476e-01   2.5448044e-01   1.1064842e-01  -1.4539015e-01   1.9587499e-16   4.2407396e-16  -1.0601849e-16   4.7900486e-16
296   5.0249998e+01   9.9984596e-01   2.5449109e-01   1.1065240e-01  -1.4439339e-01   1.9618124e-16   4.2407396e-16  -1.7669748e-16   4.9954759e-16
297   5.0250118e+01   9.9984715e-01   2.5450168e-01   1.1065635e-01  -1.4340702e-01   1.9390214e-16   4.9475295e-16  -2.8271597e-16   6.0191930e-16
298   5.0250237e+01   9.9984834e-01   2.5451219e-01   1.1066027e-01  -1.4242315e-01   1.9475791e-16   4.2407396e-16  -2.4737648e-16   5.2817089e-16
299   5.0250356e+01   9.9984952e-01   2.5452263e-01   1.1066416e-01  -1.4144603e-01   1.9341906e-16   4.9475295e-16  -2.1203698e-16   5.7197124e-16
300   5.0250474e+01   9.9985069e-01   2.5453300e-01   1.1066803e-01  -1.4047536e-01   1.9380140e-16   4.2407396e-16  -1.4135799e-16   4.8721636e-16
301   5.0250591e+01   9.9985186e-01   2.5454330e-01   1.1067187e-01  -1.3950949e-01   1.9340511e-16   5.6543194e-16  -2.8271597e-16   6.6109541e-16
302   5.0250707e+01   9.9985302e-01   2.5455354e-01   1.1067568e-01  -1.3855160e-01   1.9323791e-16   4.2407396e-16  -1.4135799e-16   4.8699250e-16
303   5.0250823e+01   9.9985417e-01   2.5456370e-01   1.1067946e-01  -1.3759841e-01   1.9331500e-16   4.2407396e-16  -1.4135799e-16   4.8702309e-16
304   5.0250938e+01   9.9985531e-01   2.5457380e-01   1.1068322e-01  -1.3665308e-01   1.9253269e-16   4.9475295e-16  -7.0678993e-17   5.3557897e-16
305   5.0251052e+01   9.9985645e-01   2.5458383e-01   1.1068695e-01  -1.3571737e-01   1.9187256e-16   4.2407396e-16  -2.4737648e-16   5.2711376e-16
306   5.0251166e+01   9.9985758e-01   2.5459379e-01   1.1069065e-01  -1.3478436e-01   1.9108271e-16   4.2407396e-16  -1.4135799e-16   4.8614134e-16
307   5.0251279e+01   9.9985870e-01   2.5460369e-01   1.1069433e-01  -1.3385176e-01   1.9144668e-16   4.2407396e-16  -1.0601849e-16   4.7721114e-16
308   5.0251391e+01   9.9985982e-01   2.5461352e-01   1.1069798e-01  -1.3292719e-01   1.9085803e-16   4.2407396e-16  -1.4135799e-16   4.8605307e-16
309   5.0251503e+01   9.9986093e-01   2.5462329e-01   1.1070160e-01  -1.3201252e-01   1.9003418e-16   4.2407396e-16  -1.7669748e-16   4.9716568e-16
310   5.0251614e+01   9.9986204e-01   2.5463299e-01   1.1070520e-01  -1.3110381e-01   1.8973247e-16   4.2407396e-16  -1.0601849e-16   4.7652602e-16
311   5.0251724e+01   9.9986313e-01   2.5464262e-01   1.1070877e-01  -1.3020101e-01   1.8992044e-16   4.2407396e-16  -2.8271597e-16   5.4390883e-16
312   5.0251834e+01   9.9986422e-01   2.5465220e-01   1.1071232e-01  -1.2930597e-01   1.8875253e-16   3.5339496e-16  -2.1203698e-16   4.5329372e-16
313   5.0251943e+01   9.9986531e-01   2.5466171e-01   1.1071584e-01  -1.2841486e-01   1.8790942e-16   4.2407396e-16  -2.1203698e-16   5.1000819e-16
314   5.0252051e+01   9.9986639e-01   2.5467116e-01   1.1071934e-01  -1.2752952e-01   1.8731121e-16   3.5339496e-16  -2.1203698e-16   4.5269545e-16
315   5.0252159e+01   9.9986746e-01   2.5468054e-01   1.1072281e-01  -1.2664992e-01   1.9030615e-16   4.2407396e-16  -1.4135799e-16   4.8583663e-16
316   5.0252266e+01   9.9986853e-01   2.5468987e-01   1.1072626e-01  -1.2577567e-01   1.8796363e-16   4.2407396e-16  -1.7669748e-16   4.9637793e-16
317   5.0252373e+01   9.9986958e-01   2.5469913e-01   1.1072968e-01  -1.2490741e-01   1.8681137e-16   4.2407396e-16  -3.1805547e-16   5.6204670e-16
318   5.0252478e+01   9.9987064e-01   2.5470833e-01   1.1073308e-01  -1.2404476e-01   1.8628739e-16   4.2407396e-16  -1.7669748e-16   4.9574561e-16
319   5.0252584e+01   9.9987168e-01   2.5471748e-01   1.1073646e-01  -1.2318767e-01   1.8839760e-16   4.2407396e-16  -2.1203698e-16   5.1018826e-16
320   5.0252688e+01   9.9987273e-01   2.5472656e-01   1.1073981e-01  -1.2233611e-01   1.8695517e-16   4.2407396e-16  -2.4737648e-16   5.2534377e-16
321   5.0252792e+01   9.9987376e-01   2.5473559e-01   1.1074314e-01  -1.2149346e-01   1.8709097e-16   4.2407396e-16  -1.4135799e-16   4.8458625e-16
322   5.0252896e+01   9.9987479e-01   2.5474455e-01   1.1074645e-01  -1.2064451e-01   1.8555086e-16   4.9475295e-16  -1.4135799e-16   5.4698417e-16
323   5.0252998e+01   9.9987581e-01   2.5475346e-01   1.1074973e-01  -1.1980897e-01   1.8607087e-16   4.2407396e-16  -2.1203698e-16   5.0933365e-16
324   5.0253100e+01   9.9987683e-01   2.5476231e-01   1.1075299e-01  -1.1897919e-01   1.8557501e-16   4.2407396e-16  -2.1203698e-16   5.0915271e-16
325   5.0253202e+01   9.9987784e-01   2.5477110e-01   1.1075623e-01  -1.1815604e-01   1.8584888e-16   4.2407396e-16  -2.8271597e-16   5.4250055e-16
326   5.0253303e+01   9.9987884e-01   2.5477984e-01   1.1075944e-01  -1.1733334e-01   1.8567006e-16   4.9475295e-16  -3.1805547e-16   6.1677641e-16
327   5.0253403e+01   9.9987984e-01   2.5478851e-01   1.1076264e-01  -1.1651942e-01   1.8511321e-16   4.2407396e-16  -2.4737648e-16   5.2469109e-16
328   5.0253503e+01   9.9988083e-01   2.5479714e-01   1.1076581e-01  -1.1571070e-01   1.8478856e-16   4.9475295e-16  -1.0601849e-16   5.3867171e-16
329   5.0253602e+01   9.9988182e-01   2.5480570e-01   1.1076895e-01  -1.1490658e-01   1.8505650e-16   4.2407396e-16  -3.5339496e-16   5.8221356e-16
330   5.0253701e+01   9.9988280e-01   2.5481421e-01   1.1077208e-01  -1.1410768e-01   1.8398012e-16   4.2407396e-16  -3.1805547e-16   5.6111201e-16
331   5.0253799e+01   9.9988377e-01   2.5482267e-01   1.1077519e-01  -1.1331432e-01   1.8445546e-16   4.2407396e-16  -1.7669748e-16   4.9506014e-16
332   5.0253896e+01   9.9988474e-01   2.5483107e-01   1.1077827e-01  -1.1252599e-01   1.8512738e-16   4.2407396e-16  -2.4737648e-16   5.2469609e-16
333   5.0253993e+01   9.9988571e-01   2.5483942e-01   1.1078133e-01  -1.1173821e-01   1.8386203e-16   4.9475295e-16  -2.8271597e-16   5.9876043e-16
334   5.0254089e+01   9.9988666e-01   2.5484772e-01   1.1078437e-01  -1.1095992e-01   1.8478186e-16   4.2407396e-16  -2.4737648e-16   5.2457428e-16
335   5.0254185e+01   9.9988762e-01   2.5485596e-01   1.1078739e-01  -1.1018655e-01   1.8454592e-16   4.2407396e-16  -2.4737648e-16   5.2449122e-16
336   5.0254280e+01   9.9988856e-01   2.5486415e-01   1.1079039e-01  -1.0941054e-01   1.8327147e-16   2.8271597e-16  -2.1203698e-16   3.9809099e-16
337   5.0254375e+01   9.9988950e-01   2.5487228e-01   1.1079337e-01  -1.0864653e-01   1.8311715e-16   4.2407396e-16  -2.1203698e-16   5.0826203e-16
338   5.0254469e+01   9.9989044e-01   2.5488037e-01   1.1079633e-01  -1.0788420e-01   1.8337503e-16   4.9475295e-16  -3.1805547e-16   6.1608941e-16
339   5.0254562e+01   9.9989137e-01   2.5488840e-01   1.1079926e-01  -1.0713034e-01   1.8277519e-16   4.2407396e-16  -1.4135799e-16   4.8293640e-16
340   5.0254655e+01   9.9989229e-01   2.5489638e-01   1.1080218e-01  -1.0638123e-01   1.8374813e-16   3.5339496e-16  -2.8271597e-16   4.8844621e-16
341   5.0254748e+01   9.9989321e-01   2.5490431e-01   1.1080508e-01  -1.0563615e-01   1.8279901e-16   4.2407396e-16  -1.7669748e-16   4.9444534e-16
342   5.0254840e+01   9.9989413e-01   2.5491219e-01   1.1080795e-01  -1.0489644e-01   1.8247997e-16   4.2407396e-16  -2.4737648e-16   5.2376787e-16
343   5.0254931e+01   9.9989504e-01   2.5492002e-01   1.1081081e-01  -1.0415672e-01   1.8218255e-16   4.9475295e-16  -2.4737648e-16   5.8237967e-16
344   5.0255022e+01   9.9989594e-01   2.5492780e-01   1.1081365e-01  -1.0342596e-01   1.8247882e-16   5.6543194e-16  -2.8271597e-16   6.5798186e-16
345   5.0255112e+01   9.9989684e-01   2.5493553e-01   1.1081647e-01  -1.0270016e-01   1.8087185e-16   4.2407396e-16  -2.1203698e-16   5.0745742e-16
346   5.0255202e+01   9.9989773e-01   2.5494322e-01   1.1081927e-01  -1.0197997e-01   1.8026700e-16   3.5339496e-16  -1.7669748e-16   4.3428814e-16
347   5.0255291e+01   9.9989862e-01   2.5495085e-01   1.1082205e-01  -1.0126321e-01   1.8085510e-16   3.5339496e-16  -2.8271597e-16   4.8736525e-16
348   5.0255379e+01   9.9989950e-01   2.5495844e-01   1.1082481e-01  -1.0055093e-01   1.8160344e-16   3.5339496e-16  -2.4737648e-16   4.6804159e-16
349   5.0255468e+01   9.9990038e-01   2.5496598e-01   1.1082755e-01  -9.9843090e-02   1.8040088e-16   4.2407396e-16  -3.1805547e-16   5.5994864e-16
350   5.0255555e+01   9.9990125e-01   2.5497347e-01   1.1083028e-01  -9.9139664e-02   1.8054219e-16   4.2407396e-16  -3.1805547e-16   5.5999418e-16
351   5.0255642e+01   9.9990211e-01   2.5498091e-01   1.1083299e-01  -9.8440279e-02   1.7962632e-16   4.2407396e-16  -3.1805547e-16   5.5969958e-16
352   5.0255729e+01   9.9990298e-01   2.5498831e-01   1.1083567e-01  -9.7744074e-02   1.7984395e-16   4.2407396e-16  -2.8271597e-16   5.4047284e-16
353   5.0255815e+01   9.9990383e-01   2.5499566e-01   1.1083834e-01  -9.7053728e-02   1.7878260e-16   5.6543194e-16  -2.1203698e-16   6.2979058e-16
354   5.0255901e+01   9.9990468e-01   2.5500297e-01   1.1084100e-01  -9.6367670e-02   1.7891868e-16   4.9475295e-16  -2.1203698e-16   5.6723192e-16
355   5.0255986e+01   9.9990553e-01   2.5501023e-01   1.1084363e-01  -9.5685870e-02   1.7867611e-16   4.2407396e-16  -2.8271597e-16   5.4008536e-16
356   5.0256071e+01   9.9990637e-01   2.5501744e-01   1.1084625e-01  -9.5016161e-02   1.7888692e-16   4.2407396e-16  -3.1805547e-16   5.5946272e-16
357   5.0256155e+01   9.9990721e-01   2.5502461e-01   1.1084885e-01  -9.4342728e-02   1.7797097e-16   4.2407396e-16  -3.1805547e-16   5.5917052e-16
358   5.0256238e+01   9.9990804e-01   2.5503174e-01   1.1085143e-01  -9.3675939e-02   1.7902161e-16   4.2407396e-16  -3.1805547e-16   5.5950580e-16
359   5.0256322e+01   9.9990887e-01   2.5503882e-01   1.1085400e-01  -9.3010797e-02   1.7765582e-16   4.2407396e-16  -3.1805547e-16   5.5907029e-16
360   5.0256404e+01   9.9990969e-01   2.5504586e-01   1.1085655e-01  -9.2350534e-02   1.7710757e-16   4.9475295e-16  -3.8873446e-16   6.5365285e-16
361   5.0256486e+01   9.9991051e-01   2.5505286e-01   1.1085908e-01  -9.1690414e-02   1.7791690e-16   3.5339496e-16  -2.1203698e-16   4.4888986e-16
362   5.0256568e+01   9.9991132e-01   2.5505981e-01   1.1086159e-01  -9.1036863e-02   1.7807760e-16   4.2407396e-16  -2.8271597e-16   5.3988765e-16
363   5.0256649e+01   9.9991213e-01   2.5506671e-01   1.1086409e-01  -9.0388053e-02   1.7639236e-16   4.9475295e-16  -3.1805547e-16   6.1404725e-16
364   5.0256730e+01   9.9991294e-01   2.5507358e-01   1.1086657e-01  -8.9743239e-02   1.7616100e-16   4.9475295e-16  -1.4135799e-16   5.4387063e-16
365   5.0256810e+01   9.9991373e-01   2.5508040e-01   1.1086903e-01  -8.9102391e-02   1.7684797e-16   4.2407396e-16  -3.1805547e-16   5.5881411e-16
366   5.0256890e+01   9.9991453e-01   2.5508718e-01   1.1087148e-01  -8.8465483e-02   1.7585665e-16   4.2407396e-16  -3.5339496e-16   5.7935506e-16
367   5.0256970e+01   9.9991532e-01   2.5509392e-01   1.1087391e-01  -8.7836510e-02   1.7552722e-16   4.2407396e-16  -2.4737648e-16   5.2138627e-16
368   5.0257049e+01   9.9991610e-01   2.5510062e-01   1.1087633e-01  -8.7207361e-02   1.7674677e-16   4.2407396e-16  -3.1805547e-16   5.5878209e-16
369   5.0257127e+01   9.9991688e-01   2.5510728e-01   1.1087873e-01  -8.6579524e-02   1.7616028e-16   4.2407396e-16  -3.5339496e-16   5.7944729e-16
370   5.0257205e+01   9.9991766e-01   2.5511389e-01   1.1088111e-01  -8.5958100e-02   1.7528867e-16   4.9475295e-16  -2.8271597e-16   5.9618363e-16
371   5.0257283e+01   9.9991843e-01   2.5512047e-01   1.1088348e-01  -8.5340482e-02   1.7450797e-16   5.6543194e-16  -3.1805547e-16   6.7180771e-16
372   5.0257360e+01   9.9991920e-01   2.5512700e-01   1.1088583e-01  -8.4728165e-02   1.7489106e-16   4.9475295e-16  -3.5339496e-16   6.3265738e-16
373   5.0257436e+01   9.9991996e-01   2.5513350e-01   1.1088817e-01  -8.4118063e-02   1.7508095e-16   4.2407396e-16  -2.4737648e-16   5.2123621e-16
374   5.0257513e+01   9.9992072e-01   2.5513995e-01   1.1089049e-01  -8.3511688e-02   1.7394231e-16   4.2407396e-16  -1.7669748e-16   4.9123991e-16
375   5.0257588e+01   9.9992147e-01   2.5514637e-01   1.1089280e-01  -8.2909015e-02   1.7355193e-16   4.9475295e-16  -3.8873446e-16   6.5269842e-16
376   5.0257664e+01   9.9992222e-01   2.5515275e-01   1.1089509e-01  -8.2310017e-02   1.7365648e-16   5.6543194e-16  -3.5339496e-16   6.8902675e-16
377   5.0257739e+01   9.9992297e-01   2.5515908e-01   1.1089737e-01  -8.1714668e-02   1.7336444e-16   4.9475295e-16  -3.1805547e-16   6.1318431e-16
378   5.0257813e+01   9.9992371e-01   2.5516538e-01   1.1089963e-01  -8.1122943e-02   1.7383528e-16   4.9475295e-16  -3.5339496e-16   6.3236634e-16
379   5.0257887e+01   9.9992445e-01   2.5517164e-01   1.1090187e-01  -8.0534819e-02   1.7366155e-16   4.2407396e-16  -2.4737648e-16   5.2076115e-16
380   5.0257961e+01   9.9992518e-01   2.5517787e-01   1.1090411e-01  -7.9950269e-02   1.7364635e-16   4.2407396e-16  -2.8271597e-16   5.3844229e-16
381   5.0258034e+01   9.9992591e-01   2.5518405e-01   1.1090632e-01  -7.9373667e-02   1.7345132e-16   4.2407396e-16  -3.5339496e-16   5.7862949e-16
382   5.0258107e+01   9.9992663e-01   2.5519020e-01   1.1090853e-01  -7.8796154e-02   1.7367869e-16   4.2407396e-16  -3.8873446e-16   6.0093052e-16
383   5.0258179e+01   9.9992735e-01   2.5519631e-01   1.1091071e-01  -7.8222145e-02   1.7269931e-16   5.6543194e-16  -2.8271597e-16   6.5533705e-16
384   5.0258251e+01   9.9992806e-01   2.5520239e-01   1.1091289e-01  -7.7647848e-02   1.7277681e-16   4.9475295e-16  -2.1203698e-16   5.6532468e-16
385   5.0258323e+01   9.9992878e-01   2.5520842e-01   1.1091505e-01  -7.7080840e-02   1.7218242e-16   4.9475295e-16  -3.5339496e-16   6.3191397e-16
386   5.0258394e+01   9.9992948e-01   2.5521442e-01   1.1091719e-01  -7.6517262e-02   1.7205992e-16   4.9475295e-16  -3.5339496e-16   6.3188061e-16
387   5.0258464e+01   9.9993019e-01   2.5522039e-01   1.1091932e-01  -7.5956681e-02   1.7229301e-16   4.9475295e-16  -3.1805547e-16   6.1288224e-16
388   5.0258535e+01   9.9993089e-01   2.5522631e-01   1.1092144e-01  -7.5399899e-02   1.7237991e-16   4.9475295e-16  -2.1203698e-16   5.6520350e-16
389   5.0258604e+01   9.9993158e-01   2.5523221e-01   1.1092355e-01  -7.4846478e-02   1.7034820e-16   5.6543194e-16  -3.8873446e-16   7.0699807e-16
390   5.0258674e+01   9.9993227e-01   2.5523806e-01   1.1092564e-01  -7.4296395e-02   1.7135271e-16   4.9475295e-16  -3.8873446e-16   6.5211710e-16
391   5.0258743e+01   9.9993296e-01   2.5524388e-01   1.1092771e-01  -7.3749623e-02   1.7139198e-16   6.3611094e-16  -3.1805547e-16   7.3155425e-16
392   5.0258812e+01   9.9993364e-01   2.5524967e-01   1.1092977e-01  -7.3206150e-02   1.7104646e-16   4.9475295e-16  -3.1805547e-16   6.1253298e-16
393   5.0258880e+01   9.9993432e-01   2.5525542e-01   1.1093182e-01  -7.2665948e-02   1.7100193e-16   4.9475295e-16  -2.4737648e-16   5.7897950e-16
394   5.0258948e+01   9.9993500e-01   2.5526114e-01   1.1093386e-01  -7.2128996e-02   1.6912255e-16   4.9475295e-16  -2.8271597e-16   5.9439990e-16
395   5.0259015e+01   9.9993567e-01   2.5526682e-01   1.1093588e-01  -7.1595271e-02   1.6846684e-16   5.6543194e-16  -3.1805547e-16   6.7026386e-16
396   5.0259082e+01   9.9993634e-01   2.5527247e-01   1.1093789e-01  -7.1064753e-02   1.6989090e-16   4.9475295e-16  -3.5339496e-16   6.3129343e-16
397   5.0259149e+01   9.9993700e-01   2.5527809e-01   1.1093989e-01  -7.0537419e-02   1.7030784e-16   5.6543194e-16  -2.8271597e-16   6.5471090e-16
398   5.0259215e+01   9.9993766e-01   2.5528367e-01   1.1094187e-01  -7.0013247e-02   1.6938156e-16   4.2407396e-16  -3.5339496e-16   5.7742258e-16
399   5.0259281e+01   9.9993832e-01   2.5528922e-01   1.1094385e-01  -6.9492220e-02   1.6901548e-16   4.2407396e-16  -2.4737648e-16   5.1923027e-16
400   5.0259347e+01   9.9993897e-01   2.5529473e-01   1.1094580e-01  -6.8974314e-02   1.6950745e-16   4.9475295e-16  -3.1805547e-16   6.1210501e-16
401   5.0259412e+01   9.9993962e-01   2.5530021e-01   1.1094775e-01  -6.8459509e-02   1.6741414e-16   5.6543194e-16  -3.5339496e-16   6.8748002e-16
402   5.0259477e+01   9.9994026e-01   2.5530566e-01   1.1094968e-01  -6.7947785e-02   1.6876317e-16   4.9475295e-16  -2.4737648e-16   5.7832224e-16
403   5.0259541e+01   9.9994090e-01   2.5531108e-01   1.1095161e-01  -6.7438181e-02   1.6790478e-16   5.6543194e-16  -2.8271597e-16   6.5408992e-16
404   5.0259606e+01   9.9994154e-01   2.5531647e-01   1.1095351e-01  -6.6932573e-02   1.6830778e-16   5.6543194e-16  -3.8873446e-16   7.0650922e-16
405   5.0259669e+01   9.9994217e-01   2.5532182e-01   1.1095541e-01  -6.6429984e-02   1.6822529e-16   4.9475295e-16  -3.5339496e-16   6.3084723e-16
406   5.0259733e+01   9.9994280e-01   2.5532714e-01   1.1095729e-01  -6.5930392e-02   1.6720661e-16   5.6543194e-16  -3.8873446e-16   7.0624770e-16
407   5.0259796e+01   9.9994343e-01   2.5533243e-01   1.1095917e-01  -6.5432486e-02   1.6952102e-16   5.6543194e-16  -3.8873446e-16   7.0679922e-16
408   5.0259858e+01   9.9994405e-01   2.5533769e-01   1.1096103e-01  -6.4938848e-02   1.6749151e-16   6.3611094e-16  -3.1805547e-16   7.3065027e-16
409   5.0259920e+01   9.9994467e-01   2.5534291e-01   1.1096287e-01  -6.4448141e-02   1.6789811e-16   5.6543194e-16  -3.8873446e-16   7.0641174e-16
410   5.0259982e+01   9.9994529e-01   2.5534811e-01   1.1096471e-01  -6.3960364e-02   1.6731152e-16   5.6543194e-16  -4.2407396e-16   7.2632303e-16
411   5.0260044e+01   9.9994590e-01   2.5535328e-01   1.1096653e-01  -6.3475487e-02   1.6704429e-16   5.6543194e-16  -3.5339496e-16   6.8739005e-16
412   5.0260105e+01   9.9994651e-01   2.5535841e-01   1.1096835e-01  -6.2993492e-02   1.6742421e-16   5.6543194e-16  -2.8271597e-16   6.5396672e-16
413   5.0260166e+01   9.9994711e-01   2.5536352e-01   1.1097015e-01  -6.2515864e-02   1.6616995e-16   7.0678993e-16  -3.5339496e-16   8.0749765e-16
414   5.0260226e+01   9.9994772e-01   2.5536859e-01   1.1097194e-01  -6.2039565e-02   1.6677878e-16   4.9475295e-16  -3.5339496e-16   6.3046304e-16
415   5.0260287e+01   9.9994831e-01   2.5537363e-01   1.1097372e-01  -6.1566095e-02   1.6599985e-16   4.9475295e-16  -3.5339496e-16   6.3025743e-16
416   5.0260346e+01   9.9994891e-01   2.5537865e-01   1.1097548e-01  -6.1094748e-02   1.6675582e-16   6.3611094e-16  -4.2407396e-16   7.8248537e-16
417   5.0260406e+01   9.9994950e-01   2.5538364e-01   1.1097724e-01  -6.0626083e-02   1.6580641e-16   4.9475295e-16  -2.8271597e-16   5.9346488e-16
418   5.0260465e+01   9.9995009e-01   2.5538859e-01   1.1097898e-01  -6.0160113e-02   1.6562465e-16   6.3611094e-16  -2.1203698e-16   6.9067237e-16
419   5.0260524e+01   9.9995067e-01   2.5539352e-01   1.1098071e-01  -5.9697797e-02   1.6506593e-16   6.3611094e-16  -3.5339496e-16   7.4617149e-16
420   5.0260582e+01   9.9995125e-01   2.5539842e-01   1.1098244e-01  -5.9238216e-02   1.6547209e-16   5.6543194e-16  -4.5941345e-16   7.4709773e-16
421   5.0260640e+01   9.9995183e-01   2.5540328e-01   1.1098415e-01  -5.8781354e-02   1.6539235e-16   6.3611094e-16  -4.2407396e-16   7.8219593e-16
422   5.0260698e+01   9.9995241e-01   2.5540812e-01   1.1098585e-01  -5.8327188e-02   1.6553664e-16   5.6543194e-16  -3.5339496e-16   6.8702523e-16
423   5.0260755e+01   9.9995298e-01   2.5541294e-01   1.1098754e-01  -5.7875704e-02   1.6453128e-16   6.3611094e-16  -3.8873446e-16   7.6342789e-16
424   5.0260812e+01   9.9995355e-01   2.5541772e-01   1.1098922e-01  -5.7426884e-02   1.6538771e-16   5.6543194e-16  -2.8271597e-16   6.5344831e-16
425   5.0260869e+01   9.9995411e-01   2.5542248e-01   1.1099088e-01  -5.6980712e-02   1.6404311e-16   5.6543194e-16  -2.8271597e-16   6.5310929e-16
426   5.0260926e+01   9.9995467e-01   2.5542721e-01   1.1099254e-01  -5.6537169e-02   1.6435596e-16   5.6543194e-16  -2.8271597e-16   6.5318794e-16
427   5.0260982e+01   9.9995523e-01   2.5543191e-01   1.1099419e-01  -5.6096239e-02   1.6420407e-16   6.3611094e-16  -3.1805547e-16   7.2990368e-16
428   5.0261038e+01   9.9995579e-01   2.5543658e-01   1.1099582e-01  -5.5657359e-02   1.6512825e-16   5.6543194e-16  -3.5339496e-16   6.8692694e-16
429   5.0261093e+01   9.9995634e-01   2.5544123e-01   1.1099745e-01  -5.5221617e-02   1.6448777e-16   6.3611094e-16  -3.8873446e-16   7.6341852e-16
430   5.0261148e+01   9.9995689e-01   2.5544584e-01   1.1099907e-01  -5.4788437e-02   1.6296642e-16   4.9475295e-16  -2.8271597e-16   5.9267770e-16
431   5.0261203e+01   9.9995743e-01   2.5545044e-01   1.1100067e-01  -5.4354022e-02   1.6310302e-16   5.6543194e-16  -2.1203698e-16   6.2552023e-16
432   5.0261258e+01   9.9995797e-01   2.5545500e-01   1.1100227e-01  -5.3925985e-02   1.6437322e-16   4.9475295e-16  -3.1805547e-16   6.1070314e-16
433   5.0261312e+01   9.9995851e-01   2.5545954e-01   1.1100385e-01  -5.3500458e-02   1.6377841e-16   5.6543194e-16  -2.8271597e-16   6.5304286e-16
434   5.0261366e+01   9.9995905e-01   2.5546405e-01   1.1100542e-01  -5.3078826e-02   1.6422534e-16   6.3611094e-16  -4.2407396e-16   7.8195000e-16
