432
0.2672612419124244 2.6191601707417589 -0.12680922031866287 -0.30671311225599029 0.087867628391274891 0.29849658286088049 0.14894847174230261 0.13850620963084337 0.32417277464527389 -0.31319658208719059 -0.28956462093399332 0.22969094730783396 0.21786573564327263 -0.38506236198716493 0.35739586462283096 -0.20005220763220422 -0.21870951778757233 -0.11868398844910155 0.29878345610413409 -0.31190581578563753 -0.34230659867489943 -0.31102071385071106 -0.032672752868180235 -0.31137829648610521 -0.27166558610917457 -0.22264940664512523 0.33922883014717109 0.37994924744376085 0.3360073955081111 0.0079082687518795321 0.1193606141946808 -0.27367092978475682 -0.15883061634664897 0.19470678218100332 -0.38993939145108442 0.24868336289786425 -0.095299607264154235 0.014152492908065818 0.29268141104534084 0.054025802289359964 -0.22034516782695493 -0.26290527060173446 -0.070927515872380109 0.37730674153318672 0.25247458653280014 0.2109527068007557 -0.097935572178946828 -0.070410599011988234 -0.33595326671933967 -0.23364864725500425 -0.053697699389085439 -0.2865975849039486 -0.10412046595568263 -0.051782679568270096 0.16113381793428641 0.036743069375485791 -0.29816938701310647 -0.25337734780059912 0.12370387725857956 -0.1596603553259264 0.18385751616181581 0.0044975540302006674 -0.038471644677642566 -0.18604807066344384 -0.21098498131893434 -0.28109703423301963 -0.23901884698968262 -0.21355253867477672 -0.022074601456738275 -0.22118185529454648 -0.11637434764735503 -0.29203236905622804 0.082201235192868191 0.23766220185985099 0.19949399641656548 0.011450185663711277 0.073362155726752878 -0.19742500402451466 0.0753983241832797 -0.22756121704282209 -0.051506385294425194 -0.091761228489940061 -0.12833074755837093 0.099634785108354038 -0.29866637070017699 0.23179270158840903 0.17795101781995704 0.1188282137948176 0.14709935801014218 0.28845244624875721 -0.25128155654410456 -0.22674353344525344 0.11572813334358933 -0.039299587293840151 0.094102382033617718 0.15729675164369192 0.23236452261686999 0.073279862016312647 0.13975646790347299 0.26673141730187883 0.073253275110710822 0.13596530829509729 -0.18085209267076421 0.1537034854883548 -0.15984245821373708 -0.077320615226775469 0.26578495834205185 -0.15634841137161526 0.27099892520970165 -0.022160187668180484 -0.053012761283215838 -0.21587402052586716 0.077544626703395861 0.14615509281128716 -0.22562971813645949 0.15521376817450644 0.22314943355461614 -0.057567710627577678 -0.015125755372136805 0.09891234933440804 -0.2714957057072267 0.21378212849981676 -0.026706445445951153 -0.013592730980911849 -0.20125387285915924 -0.092186157794295509 -0.28521939766899357 -0.097119397809261085 0.20880456998375974 -0.28394354310869646 0.094764983003627346 0.1629725817711429 0.004183658020083047 0.11139872851535355 0.21595718628103525 -0.24432427159774012 0.18223502172590961 0.18368692015167284 -0.18418179879377441 -0.21909285582419291 -0.20794524931882896 0.073082897338206429 -0.26188280613297943 0.15691267765851841 -0.11245521008980532 0.21516277226778616 -0.11928315151065429 0.058262970237599854 -0.0049745716724396644 -0.06403539430908016 0.048094198226006732 -0.27709104750668689 0.13436746963833479 0.10663597053966464 0.28928151516443429 -0.29995703018831027 0.254325295774192 -0.15963989919749819 -0.056632510757477147 0.1306071150022908 -0.048158085244915667 0.12679104618764953 0.16357152539308148 -0.10645915469888989 -0.010464177184464773 0.21851001669658363 -0.007241216788921423 0.13365293495063971 -0.14103721008621373 0.086490291620003337 -0.29936972917443616 0.068078177349792462 -0.29199815903493909 -0.06945387399569232 -0.29136828880417676 0.13517922881828881 -0.13482828734873253 -0.21906604259353238 -0.0040020469784271201 -0.2955000313572172 -0.13512300772536082 -0.034933790135259192 0.15421540323621777 0.19972892603037387 0.07965386045720739 0.24558093460681807 -0.041129895915690426 -0.27788037865555154 -0.0058849457806846141 0.16196911333356806 -0.024834156665379224 0.28885754783920997 -0.27294571491854053 -0.095564123789195057 -0.15058450791537331 -0.04802037335757503 -0.16270528267550244 -0.20801695607685858 0.1822355020668118 -0.0034411665730922137 0 0 0
0.37796447300922725 1.8520259177452132 0.27852548450152315 -0.19083707309495176 -0.029043517941381405 -0.035005395610280488 -0.32566823156944757 -0.18945247882100524 0.14329817258627858 -0.11269829681770976 -0.35444193873666796 0.36698390784653495 -0.22867720722757393 0.14067674116029796 -0.031049266252427279 -0.12319327680785808 0.2433027314282149 0.26655621907283605 -0.35016763606336321 0.38834480164504415 -0.37051807743794773 -0.2314133850649821 0.12266785655966138 0.35255375239939069 0.12944219587120617 -0.019868085226547462 -0.32877316664189371 0.11007588066371934 0.17756659111394724 -0.17796324176470391 0.2784498384748752 -0.064586077197578987 -0.16690185147973483 -0.29674237067851922 0.38317165167034339 0.21803958120402075 0.27037263534737904 0.34548374867195841 0.22203356650173545 0.29337155827607803 -0.38417625516664677 0.27484863463486614 0.22796653500195696 -0.27709620978785987 -0.24659930655742787 -0.071070956115302328 0.070521426032630605 -0.055440235281978639 0.026884892315818032 0.089214686088806699 -0.19990793186401923 -0.15341095373999195 -0.22415084920690634 0.11069532409797168 0.049020700380105309 -0.24299240902298569 0.23848802832488425 -0.084649108005079812 0.2666476164816074 0.13416095140252043 -0.13851737717332435 0.10568082051248277 0.054514931153042824 -0.28687405732472521 0.24440125069452379 0.29074897901982899 0.28325655427957652 -0.19858773393113696 0.24411464885688081 -0.25541204951256069 -0.26421906939220491 0.24966675665006219 0.0080468899827036196 0.038057365161717115 -0.29603400238160282 -0.16652543568315228 -0.28199129515391697 -0.09023305221048554 -0.24559943478542598 -0.28990215297839356 0.23766834250443467 -0.08384485938081189 0.2836831748838638 0.21744380374364242 -0.1222317950789959 0.053589532528544079 0.14403190453893713 -0.2936649905321117 0.17885603091833549 0.18832663150110443 0.14937777326522689 0.11710937931632263 0.084159619040020756 0.2057440341624957 0.12240729233343674 -0.2193258800742813 -0.12149617790731765 -0.13805027651262997 -0.17937773413536132 -0.037452688558640125 0.15172333093442936 0.20875390061657154 -0.19826546477007426 -0.09938590621228649 -0.16130791258687008 -0.22601988828750535 -0.012759146100104202 -0.17355840386952695 0.007992988950740897 -0.036663530255701994 0.099326730841991284 0.29931534964474976 -0.051507312270581897 0.1160697709528708 -0.13450203646468825 0.055525404278549219 -0.19860072134139711 -0.27843737173581795 -0.21294719147538818 0.072873507894890333 -0.25911386410707032 -0.13326397058241363 0.15433329575467442 -0.043374115949916449 -0.089333320289826296 -0.15044594080909601 -0.18418315344371919 -0.13554102323688388 0.054129214575504722 -0.057903772053597487 0.059254428734115572 -0.27745931234217314 0.17111418041314425 0.12764741170614594 -0.28032688987866389 -0.011122228508829846 0.098208231785059372 0.22210410939374881 0.13259526752692316 0.18218165983644907 -0.25943268104848866 0.024393346692423035 0.21292238671372599 0.066203821322960432 0.073349016019479851 -0.04065918749874977 -0.16986964994198489 -0.26086507516999502 0.19945729321633307 -0.1357795178735354 -0.22804983719513738 -0.15555389849873102 0.051838886183540087 -0.21088777698290787 0.046933184362422574 0.017192756626428295 -0.29930052279009373 0.058650104953368726 0.014418260477495837 0.267374022682004 0.19251392259559252 -0.060105380395736117 -0.29095174657322531 0.22579173057347215 0.20050154089948091 0.18395237967295142 0.089719929364023634 -0.087423164719162894 0.28343286037826648 -0.041207908151164575 0.17440248721638854 0.14918262288828857 -0.12730104758073713 -0.11702144808624575 0.036887702038397661 0.017475165507921074 0.28291254895411994 -0.27968897349611527 -0.29276674556101684 0.076202497450234816 -0.23388578642107916 0.17658307620451466 -0.26411183360125656 0.092565988889112022 -0.2407334867458098 -0.13070340877629874 0.02135008900791735 -0.14834215317124613 -0.21493242307850302 -0.21893583477693992 -0.029805343629528979 -0.044358915922525853 0.16550697477134016 0.16291302365164176 0.05261720963536138 -0.27143754279164167 -0.23334404852966745 -0.19217643035777845 -0.10417898552177529 0.092224056365427451 0.10000000000000001 2 1
0.37796636282686774 1.852016657685075 -0.062006821492102487 -0.17978861707782168 0.35828524367862402 -5.5578953864987568e-05 0.22352954905704783 -0.20408761539557832 -0.20495297870144988 -0.34650042147223026 -0.31872720113812075 -0.19755462934114326 -0.12104507836577305 -0.34832864785449991 0.38903333694389225 0.18954861893569525 -0.32545494006756837 -0.3719711675094205 0.17914333118476469 -0.26298372338607046 0.3195199165462162 -0.24204091784814105 0.22174927312886164 0.15635739217597122 -0.17847751610766061 0.16458102455512816 0.10546919914747016 -0.36080570440981818 -0.22392016515607535 0.017831798135261766 0.21935038868926959 0.34471704254837943 -0.14358363234360053 -0.13710529740827945 -0.29575847493716445 0.11666961132330096 0.20832649431402761 0.17745619669593904 -0.0061233696800301555 0.036398574379856101 -0.37850224935823285 0.3536234451884207 0.38567970398532858 0.23351414586601393 -0.38076511552030196 -0.13446531290425084 -0.011843950927918991 0.081462833675416138 0.029669528905393872 0.12984592380097215 -0.059448938963602899 -0.29354560846097022 -0.26407265355933396 0.18879056874508754 0.26396144182415499 -0.15751771242474968 -0.2105842620321797 0.14449564059988332 0.22530655454562654 -0.28213132964532867 0.061860495795225255 0.26251235961019603 -0.16485551864465234 0.10908579338043235 0.059027836610136442 -0.023785346891989811 -0.058441927621674106 0.091125977809924819 -0.19342502114475338 -0.23143884722974889 0.18739756135124894 -0.20778633941534397 0.28571266134538642 0.093021759657410066 -0.2881710662117104 0.12308745216223593 -0.13490959435066321 -0.25052060262545206 0.041303370340865571 -0.20709864658809354 0.21637393935769958 0.024988498286033466 -0.18708877026834073 -0.27049956176293583 0.097116044970170054 -0.26066023725609344 -0.071381451021260936 -0.00032318448432253619 0.088588696509113066 0.15681331059897127 0.28831259610915377 0.25912406201056526 -0.29093262328023695 -0.01838266369969992 0.26540064069373848 -0.2140230354958999 -0.097303559316595525 -0.012513130307445807 -0.025093485265812787 0.043110746085705996 -0.19125544443815629 0.024023175473364144 0.17993293257449974 0.025390601221055874 -0.25581738069681437 0.16081264587029026 -0.12700840076856132 0.066945959676302749 -0.063417841553655221 0.25239213979658104 -0.21377007696739075 0.23566779382434699 -0.14504131782020724 -0.059633351901786424 -0.012226702517260324 0.22652526688060706 0.022199320882477402 0.0099946124478408997 0.12901759341300503 0.11841767347035174 0.10903706975007262 0.068270312185268439 0.021183484900505367 -0.25084240846998346 -0.097162120109116415 -0.29118307874168231 0.16384315665857355 0.08708919037269526 -0.034416356179287379 -0.24802995418974061 0.26433854817013086 0.17554387769813018 0.15561925574348048 0.18749486304199509 -0.19700538854690949 -0.2061742846200742 -0.099981255314991802 0.1185407946854162 -0.1128002713246236 0.06037852616786734 -0.048140269797791735 -0.23114345837471831 -0.018380994166163032 0.26392230309399517 -0.14206689697210356 -0.13819408764353355 -0.1625405995639515 0.1773002511001224 0.01057279313933146 -0.17525496189076448 -0.13605413561285024 -0.25572678040900404 -0.16018833260870116 -0.28702161289421141 0.29188427240716713 -0.20929805901479651 -0.077995870151090343 -0.25059108463499191 -0.085122568658665521 0.043317215699771185 0.18140334328423985 -0.063146691312618561 -0.15563394614916934 -0.13301971420811731 0.020882326195046087 0.24406999440435234 0.14726336532687159 -0.23668115816735547 -0.11314637920330685 0.26930346626867818 -0.066584764584203898 0.11542755071285583 0.23242244099099277 -0.18456565343562795 0.064754892936334366 0.062728819533730343 -0.20780554783000921 -0.29043251032138978 -0.036737967051227956 0.041421345646196171 0.12053114893905541 -0.14079701039303169 0.10425890159850888 0.043273962787704678 -0.096735125544022083 0.16042500083819872 0.22347861452789106 -0.24362607235701375 -0.21546711753176634 -0.17817051904429018 0.23479442119655791 -0.13462442460534513 -0.084319829599908205 0.15286247782863882 -0.053803487226027076 0.11930395589508988 -0.23604106811386513 -0.25881549612389937 -0.15170873081966557 0.25584642794060947 1 3 2
0.53452248382484879 1.3095800853708794 -0.20622176306591022 -0.088337768498701674 0.067531844121216891 0.010999348197393122 0.086460756839662173 0.16546305162334152 0.27244766142237581 0.31217627865606962 -0.019537922939281673 -0.091441212236095124 0.26884234368816895 0.37547261775559992 0.26712828844658604 0.38118282137613202 0.085159260902263959 0.26246701840125714 0.24644025482086018 -0.042954554954702309 -0.16066585746721157 -0.35628356291860785 -0.23218434270164778 0.3905275387579481 -0.22450011580320561 0.24032687151718407 0.16691037605170572 0.25756773522394288 0.39323238062039789 0.011764924810629119 -0.38884697719660777 0.10937284372383466 -0.26720531558480581 0.2112769807607526 0.35008123023710125 -0.28565762123571681 -0.34433657733464113 -0.31441876316514633 -0.36970346792455855 0.3017318841293315 0.24960360883388236 -0.12290550332027844 0.27633767138130949 -0.23262613127092166 0.046009090807745602 0.17679336556040895 0.26493217570866218 -0.035393874125789718 0.3393291566074903 0.16468871368498972 -0.15328344800467247 -0.032924305021597773 0.053388751640686925 0.011542238899092916 0.11826715964003699 -0.28763723854418821 0.17807841360290241 -0.16946850605205516 -0.014991099841832821 0.2614508250105651 -0.013166792028999241 0.029000845203472146 -0.020660803523358306 -0.20929744094077807 0.06220968010282879 0.02824388133098403 0.0068872284019130701 0.062485397192157177 -0.10024988018916596 0.067529584363709774 -0.1185063922950999 0.20564119423406782 -0.17715865159504499 -0.22145080837006481 -0.15572304809574264 -0.22700598260552896 -0.019714508936188313 0.072936680611251817 -0.10130046185340981 -0.22746024163716327 0.18173542054271924 -0.14427800020070453 -0.21307970821673564 0.041558738754761369 -0.11757844964108732 0.087251889020315346 0.072644597286978821 0.24998125808352478 0.21543744944199358 0.13423869915748268 -0.028656007581784548 -0.21240728406280604 -0.23445231194790267 0.2058806503013321 0.1337145486439367 -0.2455214297174052 0.26417668457059568 0.28513260649925415 -0.076429795151817484 -0.22028861890616389 0.2392913969516916 0.14942245433479831 -0.19907179802568167 -0.18399369075591213 -0.29468734588523798 0.25500694098178317 -0.19842197842057169 0.06780796796006007 -0.2007845080653646 0.28980900126549247 -0.1317921638291899 0.20460147571497853 0.22343210637963548 -0.2400446560180739 0.25858882746812517 0.12738124844032542 0.11203158071618247 -0.062482635060823653 0.17874269105557214 -0.1428581105982033 -0.12076058900139727 0.28548774628120571 0.27996197101342779 0.086608484513012618 -0.28717077351035336 -0.27969084749308953 -0.029242659493333933 0.19806132420339589 0.073588045401935948 -0.19709409286851745 0.18361424693533482 0.19839537689195175 -0.27535799583327641 -0.032437568725266354 0.20343516487035651 0.21450564114806828 0.16269669605620538 0.17682023139293965 -0.052202174309523675 0.15286609266674248 -0.19249545232184939 0.2333828939896396 -0.017293336606867826 0.25625922241995081 -0.05956816933668143 -0.21932488474048806 -0.13878293624600557 0.016595577937499793 -0.089131952420466343 0.19179561898562572 -0.0037706965060666062 0.22204104972182273 0.17145221729936436 -0.0067674159464178093 -0.25115121378954852 0.17481960618013762 0.17600798133985188 -0.27640932182293915 -0.18267611195301955 -0.23396453561019723 0.038235356335943167 -0.15360603323527203 -0.28292679247061658 -0.043502759829071681 0.12549079550625869 -0.18566458420726153 0.24114987451525868 -0.003024591149143063 -0.13807786921481502 -0.24553859388999821 0.16979209470462744 -0.19819528037483133 0.14323237759236207 0.020320839337311079 -0.077633632840297354 -0.030333223248495498 0.23858805439524419 -0.20377844047013574 0.28808495649218119 -0.0063329763461212659 -0.10517793589165902 0.06753522935283264 0.056880796369855054 -0.18236792416355516 0.2960699504427971 0.20383905618115739 -0.2569247311593712 0.29849135687470024 -0.11828784160011127 -0.26584797751145339 -0.26275008629818342 0.13215458624103377 0.015256129061522759 0.04493355489789197 0.20880049706406303 0.035726650859590793 -0.065044941708308393 0.15172626740380282 0.2745222723461645 0.13988991209165758 2 0 0
0.6546536707079772 1.0692676621563626 0.30969865922316392 -0.33320095072516054 0.027222769695953011 0.32810953463237857 -0.29417985288246123 -0.25699545782713601 0.22474549959249457 -0.05296676695912339 -0.14310284551548733 0.15791939990632164 0.20723527121699581 0.11797908823418829 -0.28992153932473358 -0.022037550842918831 -0.37785572569886572 0.10066970763605232 -0.15883374082158019 -0.1963935042194713 -0.31479718565275983 0.12393856396581784 0.34343609277260279 -0.16766857079030828 0.32547914667082811 0.1853868512008453 -0.16350692572583034 -0.31174482165252065 0.0044240015601663355 0.1823663965633272 -0.10646205939879234 -0.30901786915309198 -0.055071031798024445 0.27436479759549154 0.29776046297513997 0.36108875630798115 0.3315380992536418 0.092241305872978255 0.11627413526937645 -0.15369108657302955 -0.13747181907077019 0.39144985829540996 0.36559240535063098 -0.32452234497340698 0.0035562620750814846 0.32376562280481197 -0.1042794558313907 0.36985502933158609 -0.39264814911398488 0.17692252955264831 0.14972341790457719 -0.24801766506269407 -0.039784269020117023 -0.05055926010368441 0.081875927241552612 -0.26412656715472516 -0.040225779364841861 0.18866811413783949 -0.14075138838945103 -0.15570481131962569 -0.016438691570717999 0.24479784511356018 0.048389757716146016 0.097516037740339012 -0.28328001918476448 -0.17183972157700581 -0.014080616007428647 0.072084003348599476 -0.18473465735449862 0.28105289558441787 0.22922107861885002 -0.21732359922762132 -0.21159599956617628 -0.24605217478809949 0.20633550648557183 -0.26203881938267953 0.15246261484872728 -0.074906399887785205 0.041333552873703085 0.064338198945669361 -0.28272626354281888 -0.18855951377389982 0.23846700685889261 0.14347810248441739 0.014895906912298784 -0.20953364375199429 0.25793664724207704 0.2037819132740703 0.078934839653993852 -0.28878615061040708 0.041766383047377051 -0.2489258697729394 -0.24283337376721328 -0.27423929166398281 0.085782594080340738 -0.12643972732045397 0.047782461069561674 -0.18080099353394538 -0.1618805747660487 -0.1816498216554677 -0.070493510617199773 -0.11284916473271868 -0.056131685761847523 -0.26986214638004202 -0.10892565222894354 -0.29280347399560674 0.23384671450045119 -0.048251495162402236 -0.095000579052768597 -0.13296578044165927 0.13668491045343814 0.12240709505118468 0.053437121926323196 0.060199094340563648 0.15553612266376771 -0.23008732681301491 -0.08553289318469999 0.17439776967117554 0.29467682207750001 -0.14936101164121998 -0.16114099653852079 -0.0093386460008046731 -0.090416725530460915 0.1207367147007615 0.21595235994302239 0.045649802771763157 -0.029976752188618991 0.059797594982437835 -0.13836992740691367 -0.26837318808635852 -0.29516391045103046 0.068742237574459006 0.19498410647836678 0.031869770356626637 -0.017991334412773497 -0.048377759685067169 -0.16243624392451386 -0.16740541557549074 -0.22002432847840411 -0.25490938157380882 -0.14615345439817665 0.14539858122819641 -0.068772254089565221 0.19289227281819651 0.098974891820471991 0.073294694283039474 -0.22700733736908668 -0.12569276782834346 0.064722663857812862 -0.10543198500409841 -0.28973803725136166 0.16818053583719375 -0.10835298820761415 -0.20344198564787996 -0.27599404095281088 -0.13367402877416568 0.25516200215507162 -0.064515540231801213 -0.14840131744966581 0.23887472585911157 -0.27326487029703755 -0.084660060487265001 0.10660812770790196 0.21563536773225198 0.25710241546418605 -0.016544057785505318 0.21008330256103036 0.063708088664850296 -0.27936130037025275 0.092930839416090996 -0.15241446836168432 -0.038247543472174357 -0.1759336275060355 0.21050773561646605 -0.28221707659566314 0.27581320969185541 0.053953821312249413 -0.061245234416296521 0.19216104174817442 -0.11710489408893954 0.29255362328784945 -0.16030778265245602 0.039133525856690096 0.29117132349178826 0.14085384432428397 0.11973954675909686 -0.16761836804021407 0.2341992247040191 -0.23887162849519175 0.24414206220075724 -0.06089141089913494 -0.087196696612050206 0.06374880053063367 0.082198078730420301 -0.0097820276220093472 0.096670247109306426 0.26329359617665715 -0.0084595367087713525 -0.2132760051024534 0.025484256027840213 0 2 1
0.84515340957383933 0.82825199788635817 0.055982690386533654 -0.2405923559894384 -0.098228998296558512 0.02273881270601379 -0.020318570289618698 0.36531815080924201 -0.37547648616269264 0.34437799460065421 -0.012356294064489416 -0.31114287102266563 -0.072957062403204459 0.14090679286595195 0.15813922181753456 -0.28912374716031702 -0.35867362971636374 0.3789292068682184 -0.11697573773076808 -0.26685329027186278 -0.070627915534003716 -0.27612484865831216 0.049648157545265637 0.31842495875393956 -0.24611172514368651 -0.38876917194361349 -0.11484016267152493 -0.18601859382487149 -0.22510940015140443 0.20048092089111852 -0.26621450285783449 -0.12643110848667005 -0.014744336909373157 -0.042730852917159903 -0.15296659639069096 -0.25387139128765768 0.31508732434320558 0.066974947080956596 0.082314726046392478 -0.085682475923794243 0.084457361791668989 0.18496012993485858 -0.2541158490798382 -0.2111976112214661 0.11478186383305795 0.27249913280395249 0.059113852040202988 -0.030544343748606997 -0.3976560368764343 0.19887504716983229 0.071076745570458968 -0.016410192645182196 0.073040529183906841 0.2537286114692342 0.1073281947488981 -0.087602638916019049 0.2288021388838512 -0.063628786733115297 -0.26646063326846575 0.28377955224783658 -0.17521767565667759 -0.086216848563785309 0.13384697228695011 -0.16344891437620199 -0.13977368717327657 0.19051102698882186 -0.17803290168541919 0.070969212437713716 -0.18487345529822635 0.073568913227414559 -0.037156208739412167 -0.056483381975909026 -0.13383242432122655 -0.26467012173962479 0.080930377568542711 -0.03079659409497679 0.0032857455817616008 -0.21155936231142061 -0.078196035067360767 0.22473637093473667 -0.24233173609662095 0.24930999155890934 -0.27074039604744454 0.13035043879543215 -0.21640740567285743 -0.22637676771293358 -0.17606997422147255 0.0095042211250285329 0.19015120394674534 -0.18871139872488438 0.067522235994697158 -0.13433261073172059 -0.29294214069186392 -0.2034100483024967 0.13431379205982374 0.23277998763536209 0.068124091814122947 0.29575161745429651 -0.14955422182808104 0.10047665911643026 0.18006578431334333 0.041307090539418057 -0.10733029569948772 -0.25156032666449507 -0.15784776006948487 -0.084883143812390927 0.253211625448165 0.12675194734697329 -0.27470997469862751 -0.25556144957311272 -0.12348567245921753 0.12058567200841139 -0.27298833612202622 0.069987183083910956 0.052276030531740743 -0.29947285988445316 -0.1265990227731392 0.0098870240290311207 0.25579347826901888 -0.28401992681275023 0.19124580786926385 0.10266701946633414 0.12638604111732585 0.097492284080097039 0.17984146420597416 -0.22277924838599042 -0.2643272603492966 0.21165144149048137 0.12740137856492104 -0.18894079336746916 0.17659795417108065 -0.1284577436782687 -0.13308709834257884 0.13772611108455954 0.28524775072954472 0.077095917041058823 0.0076673623042528664 -0.21611747664771752 -0.13321521556449173 -0.025320155384986685 -0.11491955112331258 0.26158854899756057 -0.012122627370620264 -0.16165314566076205 0.15849194011523013 0.28011141799092532 0.070309554968725554 -0.21614988190581289 0.26273066583999577 0.13357644462063781 -0.14335158173354293 -0.29297859246276509 -0.26608528856203334 -0.2204819716324426 -0.11093443716429609 0.22822106062832967 0.13886698404071571 0.23356450016175648 -0.049704635026297558 0.16184849125555717 0.21928444655423598 -0.25770698646682194 -0.013713717761647159 -0.23953408113488209 -0.1157576752497438 0.091486688003113173 -0.20644724032478315 -0.29571120114339838 -0.05724825504856261 0.10907618232218982 -0.09721467528814258 -0.12828754192101782 -0.20103537671497934 0.23274826298339704 0.13463185720644513 -0.08345394542153714 -0.21555965141469202 0.060382236168910447 0.18705202035272084 0.29939198625858593 -0.082461964899548448 0.10733050849376873 -0.2887850757125881 -0.095604623144626991 -0.043647994259662239 -0.038889250388843298 -0.16061330298341439 -0.090286042217465071 -0.24901297598692537 -0.26643063425485963 0.1927854696101107 0.073191626836686424 -0.29227518201495567 -0.090626145564704733 0.04705404253441809 -0.17674490625612949 0.1511887595190467 -0.16115066659849864 0.23881857670699946 -0.20251777926849279 0.10000000000000001 3 2
0.84515425472851657 0.82825116963394618 -0.018689146623631993 -0.22981436980500103 -0.261393302856819 -0.24998962625044163 0.099461706906399092 -0.058251664581183873 -0.25881437838392712 -0.19659006582706198 -0.015390743679637088 -0.18241596003644009 -0.30931947565851242 0.28569260992965484 -0.26722714943727893 -0.28650747981205804 -0.3707003986852046 -0.28166093605572778 -0.13900740959523175 0.38552098532699164 0.16947485950068028 -0.2857499984282682 0.2813717887352189 0.23729144244140521 0.39693145349403658 -0.24512009985558889 0.29956922889267407 0.064072401400307386 0.29711800906799812 0.20232965202121955 0.14393634742178438 -0.13415177376257806 0.010961624586876351 -0.38000680263094005 -0.31921282485234515 -0.34878492129070771 0.38716485263861777 -0.033213827418930732 -0.34863029215108504 0.37290441318177864 -0.31670929232257922 0.37679887491740144 -0.17408863197734892 -0.20716202148775675 0.26450005141251121 0.094273552366718597 0.098499060898972604 0.11011016968591961 -0.22119312221092838 0.1860994381265714 0.06504123543640121 -0.055966142710117059 0.16742425707300179 0.1646894200566543 0.16850796487544001 0.16826924736800539 -0.26998069364762689 0.056083623094280277 0.042362245657959652 0.018544447326286326 -0.077529917097876419 -0.27878887920095757 -0.0096935327682793112 0.026682774202684965 0.14637566569566177 0.10058574375938442 -0.18902481636810844 -0.0067837708384711924 -0.28307626802699565 -0.093318360442431261 -0.075339239961233775 0.046704119535234186 -0.25220084227248574 -0.19704018049982489 0.28527092144076877 -0.07029059745670882 0.25433258408518472 0.061049312431068675 0.075354386093424486 -0.05051090908809084 0.24181553222357285 -0.053355838105402696 -0.13916360534490027 0.040724765701842469 -0.056300184444859576 0.16707660190624532 0.084724918004375205 0.10986960119256335 0.16484743132365973 -0.030627835499897602 0.099939167705559342 -0.24740797041240387 -0.2157993953197446 0.11856877851630614 -0.19218185318486997 0.25529749049936284 0.16610354507826583 0.15703622685284496 0.28449885370346256 -0.019949782367886137 0.012664750141539182 0.031804652687468855 -0.067773884411248181 -0.015919421207429372 -0.027753704047917327 0.10052559824264677 -0.099979057645915873 -0.20964763815349532 -0.0077167679344708022 -0.056634832326267558 0.25065969257880089 -0.12704653995899015 0.068467472738656845 0.10774721821561714 -0.0016735426186529122 -0.19189042197218464 -0.030406083336122356 -0.070835133419916804 0.2780606406401977 0.00029680712323512101 -0.25229074075607166 -0.062342790649260599 0.26315525362966807 -0.032551904376934955 0.084949411455363069 0.22035698053181649 -0.092210738312423962 0.12515660290177047 0.0034154465943761368 0.2871781907422053 0.14838972112008481 0.066995013369459525 0.2325449348309617 0.070496448881336105 0.07418182332902265 0.26016600075202667 0.27225362137248116 0.15576008611123296 0.0016953732405379895 0.22658120683235794 -0.0092598653898882544 0.058075544158225578 0.17310241598800505 -0.13091994993649303 0.051742531467990058 -0.073836873506094428 -0.011593061469588427 -0.24764512043066922 0.14996429065951622 0.038210152025818588 0.0086958090960822746 0.16655194971700274 -0.21617547999970091 0.18353823579685571 0.26023404905961678 -0.21254964174609056 -0.097281103127529397 -0.12062821466860152 -0.15309762892458245 -0.00073387906159425584 -0.1954941829284452 -0.29593841059221543 0.20879427984452362 0.11928129301483892 -0.16375728442507589 -0.12892717567000284 -0.15063738160898532 0.025125239947020716 -0.21512195236829817 0.16295411427554088 -0.23561995385707413 0.17814074529897209 -0.19784711281705034 -0.17266122665232922 -0.041256373074162786 -0.26593101177707651 -0.13668903198462268 -0.28673816805813962 -0.17712102603582744 -0.050092724663882128 0.26056386023159034 -0.16134317770041728 -0.17516818615725721 0.27761130919831534 -0.1558334951125219 0.13493052958140297 -0.16228093317457526 0.034014254625931481 0.12326235340822944 -0.19364824762929425 0.069378799832148313 0.010677808220379292 -0.026517680961024158 -0.21055414656626806 0.085228759302268586 -0.19040948831078294 -0.27676456706475377 0.0120406960148014 -0.14299533707772893 -0.057369346340103398 1 0 0
1.0690449676496976 0.65479004268543972 0.39198555676233815 -0.01274691833824786 0.27748293755247611 -0.04690609527663217 0.3334063171708227 0.17711021429071139 0.22944521066291693 -0.010672788116617671 -0.13274692288503279 -0.026468170410947778 0.24791228659154241 0.37955591302284913 -0.21753650653814668 -0.062713519124106831 0.064922538898870827 0.33977972210291646 0.15049792610508714 -0.014404879822139095 -0.20559601144650783 0.28347496171557085 -0.11836881731948479 0.29152058272864617 0.12313629155675249 -0.15371060748297413 -0.24343596731739839 0.068433295004136863 0.22061305141953058 -0.11180076103483767 0.17944925872410816 0.053871044768270787 -0.013964863952762398 0.11614297749196663 -0.16738715597955958 0.21529388297563934 -0.35402413710460262 -0.10167963224467247 -0.0091095794785791117 -0.26392839218951503 -0.30384509871843302 0.091129218295152734 -0.36182677761967713 0.0086542734182447848 -0.108176300813314 0.061633460464088158 0.17608611912438735 0.38726643323595289 -0.30912089126855896 0.25089148372404851 -0.13023178642710248 0.23040186053833078 -0.27468029430330981 -0.16131484559509165 -0.11383477686045704 0.15445660377206516 -0.15286852687872518 0.049910217099909414 0.14499469785103133 0.21190416888647359 0.23576653234864853 -0.059844790321411476 -0.090902482406064689 0.15294874255358548 0.14630849096219029 0.0054953061869572823 0.10993191846449028 0.1208904429537369 -0.062699845120550948 0.0019081239182560327 0.13268526914557524 -0.16146346445081841 0.17993764301170015 0.24774516327441609 -0.17405397730743921 0.10768229347409164 -0.17084507827801573 -0.0065670266494238568 -0.12469543669568663 0.13991673395271714 -0.13887096125929946 -0.25272975520366209 -0.25506679422739509 -0.21026027105962744 -0.21712067574520957 0.19934030114882242 -0.23852351921977502 -0.26533248153868688 0.24355609746679222 -0.17898977424317064 0.28662797401988654 -0.13366572104907296 -0.03765991867905407 -0.039776216943210319 -0.093449881975198226 0.13117248868035247 -0.29939882180523469 0.074259591389394392 -0.19413947817921029 -0.28736123533543739 -0.27371112755912247 0.028919306035413348 -0.0047027376987894831 0.11257481430329946 -0.27189917645829464 0.22386401052351448 -0.0095975862390516257 0.25718887174723953 0.23023717068891619 0.23962492137335095 0.14672264743890254 0.0099946967165504431 0.29154292477853277 0.19911513298940445 0.17624347907213014 -0.20792714933054013 0.20327148163071704 0.28534083387152859 -0.054311420430692613 0.035613723856921561 0.2654995933923826 0.11701124165236609 -0.21212436555960223 -0.22193296476701421 0.0092436421477216646 0.07838379345325161 0.10570153299876207 0.069920164079024058 0.17157281216958961 -0.23828493227698244 0.24819863436294246 0.11428274967025422 0.10578828041123116 -0.18115208747024822 0.19985614312734085 0.16433672936912694 0.10968180402131197 0.19894355480401663 -0.079665345239883792 -0.17779542106601248 0.084550473242383295 -0.098528993666238282 -0.23137103196863595 -0.08448442854641447 0.20035009355331601 0.28068006145515534 0.033364616178732584 0.24015494227178941 -0.28018671185130878 -0.28429543634888205 -0.073398740479306696 -0.050769140681558134 0.23434763690826541 0.065693977971314779 -0.25794839744044695 0.19140417096003839 -0.19414220880731825 0.26591132342206647 -0.18731415737107748 -0.26660312344856751 0.06140872914924686 0.22105887316508399 0.25889743636228296 -0.12968902638113716 0.29189061340776451 -0.29764298653625004 0.19183939344829798 -0.09057350326680326 -0.24019229269642742 0.0021442963010747328 -0.19565402148920999 0.097080032692858712 -0.25665923425028359 -0.23727138860848757 -0.23491736264532984 -0.14187392432165427 0.29901736177494526 -0.00270102717281111 0.080981849886055876 -0.24448785848962229 0.24922762083374783 0.026864669859876168 0.20159773291434838 -0.19422868934573959 0.11403060577702617 -0.026900939781044353 0.086268698977583685 -0.033811944292408413 -0.081214513316285347 0.096352440844989035 0.031970812228827271 -0.08820410143960622 -0.26486415945529468 -0.16261429587262943 0.24319085193004783 -0.21580386990672742 0.21944733150617524 0.078965273321194532 0.16725299742322058 0.25338858657442176 2 2 1
0.22360679774997896 4.4721359549995796 0.38950210092451587 -0.065005351336249989 0.14742219680452182 -0.16067137847677745 0.20541770287351302 -0.096142821171323875 -0.19773236612638714 -0.33260870645245211 0.20066366711641628 -0.1533626103706241 -0.041449813604811418 -0.30222867141025084 0.060701128466212763 0.18599952000561917 -0.092656923003432201 -0.16472497030108979 -0.37616801311781417 -0.22584841301078074 0.29918482981015482 -0.1449265602401047 0.31469723281968109 0.17471912910399051 -0.077903928376386489 -0.18806131348879307 -0.20698051027597339 -0.15202648355784182 -0.20976954852403271 -0.13265257330459895 0.29987637051599664 -0.25277096126421678 0.076318381637406674 -0.22741932185576808 -0.31456559786914273 0.029312764567683482 -0.021799195334054302 -0.3523535884410553 0.38740063585404888 0.015243151890317996 0.069953452592003279 0.2546327127296461 -0.19087032381444846 -0.22278281023756261 -0.14885640341079345 0.27410436067067823 0.24686937666217137 0.25461922132399961 -0.0019423229957360455 -0.36250658122439727 0.23848457560235811 -0.27855934721842235 -0.15899978451373564 -0.22066881246132927 0.13252777120819406 -0.18852298873093523 -0.036958460168637838 0.22503953127490331 -0.015936900155412291 0.13927176741683114 0.24632886522816361 0.14636648211622463 0.14738404053671608 -0.057740901034739854 0.29591250171114131 0.2630827618074747 0.028908114692756358 0.068841657304609963 0.080711696853098661 -0.29140734197337093 0.070805451973651526 -0.26669130063144403 -0.24344029166568976 0.23020874835475169 0.07021858068305821 -0.15581005423690544 0.20816449057178754 -0.1460663769243328 0.0057414018643562994 -0.11192893114172124 -0.23264234951507803 0.29896654222521174 -0.080603166998891321 -0.25858849017765706 -0.093115011170048056 0.27832646996735666 -0.038256618681175115 -0.088491999811936298 -0.20470144747257124 -0.08895432918515396 0.23317141269765029 0.26988088559196316 0.21624759279012173 0.18179969608017166 -0.25445191374711174 0.24752625953348917 0.11610847957592622 -0.1416318629488236 -0.12232502143093757 -0.11864820587701974 0.051846725767163225 0.094453461982860573 0.23990497942764469 -0.22079966445233126 0.13230256879575733 0.052806434568918134 -0.24783271003847124 0.10687496307630362 0.18774698545499302 0.043345328691851058 -0.078318418281486529 0.2955387100401296 0.085755967546559453 -0.28138695203161956 0.18402250220443331 0.19995425602313774 -0.19269297894601922 0.21091956329475925 0.05621256228327056 -0.18438116958489001 -0.18613926516077275 0.15734790597572926 -0.016630802923943699 0.25627719812822503 0.07297672852254368 -0.013659194760800375 -0.2361762143829069 0.22599679683281651 0.16200328973724276 -0.25514943783842986 -0.1715770756820916 -0.15202180844709379 -0.0034390214345997095 0.08494042442606646 0.16761821677454003 0.10553380096061456 0.14521783509076372 0.051758128185189475 0.094801989557070102 0.014935379547101668 0.19672782292389332 -0.023951056977897699 -0.27297474671101646 -0.047334461607909238 -0.2487290011720299 0.25349063629796481 -0.23993597354672822 0.25829040125835412 -0.25321965097152827 0.015553092661372347 0.037781008741180087 -0.28672615698290288 -0.14054378233118928 0.097176685241937524 -0.27474822106446001 -0.17238342083154903 -0.26729011226695454 0.032623705767751664 0.0015526420660644912 0.20205464634230483 -0.29723929577439351 0.17729288136862423 -0.28960209330644032 -0.25880175831208069 -0.21505532640733235 -0.19541983291904519 -0.21858690652117294 -0.15715517816076924 0.067293403971508584 0.27871011776130777 -0.062261257646596999 0.23440707442556258 0.27288557446830286 -0.050014889422721649 0.077221080671254633 0.25450177369173305 -0.084232288793891733 -0.082286667650453227 -0.087617017150888432 0.078249533368484947 -0.20237973601554826 -0.12836976398884595 -0.02333822898595761 0.25681844593381775 0.098052780928900685 -0.16857230327531927 -0.16980247940947427 0.22605597510010184 0.086477598094683431 0.07083292459846606 0.19787362472648215 -0.27992510229407269 0.1510105590732978 0.1537139289945702 0.13789033211871213 -0.087320406094554159 0.17282748381396054 -0.20056927005733871 -0.050962044934019297 -0.11893111312261063 0 3 2
0.31622776601683794 3.1622776601683791 0.029517030784779498 -0.2181802892044111 -0.11261927141356357 -0.1310256430584997 0.23526799542480409 0.087448145145169243 0.33191134521568771 0.078335924912494193 0.334132128168249 -0.23870836515523647 0.35328207410192508 -0.208221860098769 -0.38628752436449515 -0.0010170496314488632 -0.34075672046902983 0.2203935320312593 -0.28918918114673636 -0.14746354293401637 -0.028072829427155811 0.23267583250317259 0.17030345795827692 0.11598878211677555 0.026815908240727548 -0.13314454396587766 -0.09337855544424177 0.35509616671703226 0.14071038830551627 -0.048267548216395187 -0.16105725914811073 -0.33644163522454873 0.27897374596816799 -0.32599034740593896 0.3892508711496907 0.1881485096810348 0.11818929225482783 -0.30817783133146914 -0.050641959076334425 0.28227042457742541 -0.18480041732382438 -0.027015576797878183 -0.20964327619316939 0.10788755205459433 -0.066957123963272566 -0.063542989559727397 -0.37756106416771068 0.36012272509236054 0.24918837840938296 0.10931495966894583 0.14913156404710498 0.22061610402248941 -0.28985006802133845 0.12427117514686759 -0.24236354266233717 0.022300078152272727 0.069089563412619195 -0.19441213331495899 0.23358511831221804 0.16816319309423222 0.02114641007140694 0.10174208406476482 0.26270932070374614 0.15902424214099456 0.064689757545120824 0.20665283404580051 -0.099896889866482666 0.14384430574719073 0.20298191172882746 0.18441360084666245 -0.019146273482366683 0.14319124196704108 -0.081796907931367707 -0.26242132259441425 -0.011234383791292334 -0.14939805387251984 0.12458778730238786 0.27946451211479084 -0.059015703685385085 0.038454991596867001 0.1822468851707186 -0.22162375600077097 0.18913802705810762 0.29603512437107521 0.21594669322184823 0.13567179017690603 0.032532745139990667 0.1356164873938519 0.088311836566993818 -0.29814175840092011 -0.29845036455411267 0.18397896420846077 0.047799756711238928 0.11865455308989842 0.11810998667281482 -0.21191601604135765 -0.20898434021733595 0.04211932002024512 -0.12271777524027069 -0.085769979602636479 -0.092579068363353501 -0.13386940253770346 -0.18145549039362688 -0.030774693879716652 0.21262316102990259 0.10285051945369006 0.033966291406012615 0.27446736702795993 0.15507613381356211 -0.037153746194120686 -0.18098029863989207 -0.2998584467275367 -0.1256896145874741 -0.12863824520451589 -0.10838168791146598 0.2523636531069316 0.1075591277368108 -0.26482443538627048 0.23594224475255976 0.23244127157671915 0.17911119485506369 -0.022443807912087242 0.29973326812785389 -0.10324270957640713 0.29769366867250197 0.077773473492035158 0.2280928304170049 -0.26767305733456448 0.04341556411172471 0.088940226037525091 0.12489853199238037 0.13853209546532233 0.094694143169278155 -0.048364206717805766 0.077032142110190674 0.21357168966337386 0.27360415081684791 -0.17554899995244347 -0.14112080414777028 0.22842283462493984 0.067504817928147859 -0.18913601073642661 -0.16985335776090099 0.17468051571871093 0.13909009547006013 -0.18907988451862057 0.0085546675564188261 0.0779350102354055 0.021517312173083124 0.21927638680702907 0.033669909557932587 0.29691117004750239 0.20957669534265053 0.053553791882923682 0.050617811595241542 -0.044202848217289946 0.042337899227006502 -0.24482613255761188 -0.097034945883910262 0.016765575651970142 -0.0071369522706872246 0.23445130062227049 0.0062690480595621653 -0.0097996009490238564 -0.18052025546397579 0.13146365869627705 -0.13867176523555591 -0.25999931723064373 -0.15529567295191718 0.063132327745273567 0.20889659658945073 -0.065759546596923471 0.24719739057510898 -0.15494883823485656 0.10696687280550406 0.096431679600022302 -0.13777381546580517 -0.13264917145731278 0.09937349368478185 -0.12273743077653496 -0.21261915992485192 0.045651669007075908 -0.13411378768593285 0.27472933211782119 0.025525830135554116 0.22037118868406402 0.048379715618770698 -0.18338826773903158 -0.25989313039925521 -0.16886402946421655 0.17278615730878819 0.19687599277638876 0.077228095676632483 0.15391681995233203 -0.11528846324719888 0.069700202570615793 0.1871881367379627 -0.15669279807220418 -0.28569281241056427 -0.12039398080431757 0.10000000000000001 0 0
0.31622934715171519 3.1622618488986629 -0.27794810197445391 -0.14738594290746773 -0.24300934457004131 0.24096759448409771 -0.26172389863379969 0.15102700498114344 -0.2279216234278385 -0.020091365225339521 0.35048312025511924 0.053310946672199759 -0.36783149546735255 -0.3295125060017261 0.20107130720759836 0.39525348662788479 -0.0018089299656084635 0.008089963064125261 0.033318560075391891 0.20709879960959132 -0.084025024100947573 0.23617461980483798 -0.31068488555355611 -0.38846811991249108 -0.046366459124611042 0.29677686145703291 0.38406808089992001 -0.16282782464223289 -0.37816867006560906 0.27555682933820808 -0.25171062265375044 -0.1401696694147013 -0.32249279014541926 0.017898293857335192 -0.13443993177396116 0.017116926330285942 0.073240038120571782 -0.22473337300120325 -0.12758459865560631 0.2955215604613522 -0.0026808874287379326 -0.09828055259258868 0.30337529482249387 0.36665319275895786 0.33457414982541273 -0.13285779998071048 -0.23523018680807786 0.18108566809418258 -0.054391737916151151 -0.24830781712050387 -0.27389897046601891 -0.12656408163187985 0.034989842507899112 0.061136509465835348 -0.13224530217336825 0.26154749682868472 -0.020589383962057339 0.23681893515919683 -0.14476986643966844 0.17079320483057769 0.21559553958866848 -0.063410738233341604 -0.10501666745535118 -0.1975985603451762 0.23787153319439769 0.019980984370489785 0.22947937608693242 0.19226001088203387 0.020077866335096829 -0.12706668337216989 -0.061881613483412784 0.054795543756323492 -0.25532200667692939 0.052618048873585628 0.27656448752948165 0.06764601710839728 0.15631670231212766 -0.230225294568877 0.20343055240243571 -0.27128712967715768 -0.1456362731984715 -0.043485394826201375 -0.23952253366618892 0.11362081113893742 0.14899398256065968 -0.14701395230268019 0.26467588023698624 -0.078650133977760814 0.086339387647811391 -0.096852836205865614 -0.18604817170834576 0.063290441866197325 0.15020395366796946 -0.25278805094682599 -0.16449417330666596 0.02223936863403677 -0.0048572125705957031 -0.2802498628217413 0.19113645950444066 -0.030974992570274317 -0.23609453846003028 0.1489336798171256 0.095196510771646717 -0.013641556443554604 -0.24278534378622568 -0.025799969591898852 0.29825482256156072 -0.23608962347424473 0.04311600868600813 0.23039075080714652 0.17929889566851803 0.026370801188243375 -0.023274414104536522 0.19537011440638902 -0.1992565385138976 -0.11685088627782012 0.11360279040595483 -0.25112086169346981 0.20291069272105103 -0.26922721422666818 -0.031351019254454916 0.06143593496759267 0.16876846424379047 -0.064092860828865866 0.27460951309250548 -0.11258634845462717 0.080407735472482492 -0.2399900935313197 -0.2432571031590246 -0.18943391574552881 -0.023807959668244894 -0.29923248901851057 0.22831787654069163 0.11788381006433336 -0.22530224887634923 -0.077080953978525213 0.086321399555060394 -0.073444218700922562 0.12195743947804562 0.12894753557135111 -0.29065975142315503 -0.15143652235887689 0.14434498884534366 0.15570993393154173 0.06116340455814466 -0.23570451715176252 -0.056824940767419396 -0.17423251324105318 -0.1336145957770889 0.054317229937245234 -0.04847090676005443 -0.17103840218193961 0.17563016390957814 -0.018673971302363701 -0.044749402612437518 -0.028489604765526109 0.12196841855972922 -0.1936157267992841 0.18659897027878461 -0.21150770474753919 -0.10256847399349774 0.18036961132745963 0.22399250635499318 0.10447591368354767 0.21914172852924743 0.097575134302645278 -0.12630616096587188 0.16537799878764414 0.18796748560836604 0.1282560365284495 0.14884819495015791 -0.14494005184235209 0.092803689058003444 -0.052030230467596673 0.055314502170546141 0.12087153915884771 0.21467358825263141 -0.17055477102835773 0.27281604020462719 0.080970727804515127 0.022824946839565128 -0.29170406547845007 0.23668313222714454 0.28671938975019756 -0.085616119345310701 0.12431781694913854 0.040608312572653536 -0.20833356420037974 0.046640435177138513 0.0016855024692240094 -0.28866585980308412 0.23971123545246065 0.11504822712524325 -0.16542822300710971 -0.19088988869904844 -0.0077627305005911083 0.021597096975795659 -0.2574163179703749 0.2836052433955556 -0.21604165547669565 1 2 1
0.44721359549995793 2.2360679774997898 -0.20657432198204564 -0.013711300269544681 -0.10529619925680125 0.35650490432444359 -0.32901804108041238 -0.11541265906556086 0.21210870093187309 0.12743270920107594 0.10124353516776337 0.27373606833473163 0.30867619227101867 -0.061125076626599384 0.056710403982968852 -0.21381307823208831 0.020448583542482093 0.3883124388982217 0.33252718528072123 0.13727814034074912 -0.21049375603630802 -0.31605943882091059 0.04241839128813743 -0.01176416534832363 -0.27885327992131553 0.23447221967169238 0.14193327008619702 0.21502114253498919 -0.11593973367175199 0.081382954222998821 0.32451858788142074 -0.08227223398888156 -0.27913810988262633 0.043389860911239003 -0.18679705866084301 -0.15885382199722209 -0.27121444552363755 -0.10580962176308706 0.22768429210711016 -0.10213622232638714 0.39467990284335575 0.027618224405713845 -0.32277768519316885 -0.044250237726069397 -0.32821932221586342 0.21086240398643633 0.031704118854937582 0.1456034115848209 -0.34398077659382936 0.15811142428622171 -0.18709762130743293 -0.14569821425859858 0.13954950296170709 -0.19721540049081446 -0.29725121932572096 -0.21544623931427934 0.1041944600135017 0.049144352556399019 0.23662386844677721 0.22654293154808916 0.017548676973767694 -0.061955271122194233 0.2634260325176408 0.092490100117952334 -0.098984482538213972 -0.28923109657996376 0.19570751710119866 -0.085217698104813736 -0.045554975572388079 0.070300504777274231 0.094307131928681426 -0.2313140107188518 0.003165865055382877 -0.10511619857870366 -0.052635210054385852 -0.07641908674065763 -0.16159586922856795 0.10413274010363684 -0.099782123177909424 -0.1506255477890133 -0.12111008940962048 0.036073241949319691 -0.26018089785059539 0.16955018083167175 0.054702507480434856 -0.095101975925150753 -0.073600977772934104 0.2555308510748458 0.29690158473275141 0.11594183006500036 0.21697805869230388 -0.19853726806713984 -0.11155897826231131 0.10105612737221721 -0.049351811364416416 -0.28394638465771677 -0.27191342084998688 0.16821810494732786 0.088133018104880292 0.28330412841711361 0.1360860966692615 -0.0039983407473322963 0.12056836425725825 -0.11307739787487996 -0.048064102236602575 0.1111390881425925 -0.068772221887422394 -0.0046036958848430622 -0.088651349238159885 -0.1713031239341552 0.25770544029965919 0.0636600905855184 0.25756834032277304 0.11854622991542527 -0.18530459566934851 -0.2427217747191199 -0.20495715968028858 0.055799147918070564 0.25074088176180831 0.19048830873877193 -0.15608656124102474 0.12246035940172355 -0.08430816431818762 0.10005043814056333 0.11390946544010369 -0.29613089088442712 -0.065956611175367955 -0.10012815545940057 0.011869694755864324 0.085141729145566739 -0.25530184225650493 -0.16687766737867005 0.038972324508381749 0.26783126419485992 0.29514018912807866 0.095572705762325127 -0.17955868679704795 0.14792211879900546 0.13115026063491433 -0.25121730773260453 -0.10619436975445291 -0.13776237183765375 -0.034401228207733323 -0.25959761680245713 -0.043850561975088027 0.0044792940755139067 0.19210757285532865 -0.24869614058463282 0.087186928078754611 0.061569580686918757 0.18090844438178841 0.16769679589485403 -0.010463169362902435 -0.064975051095720729 -0.14619321757393369 -0.18647298469252477 0.16093610984112969 0.19327620058967501 -0.0050157303260516478 -0.18975567637923854 0.27612249464132405 -0.062145277296050634 -0.051977675309239579 0.26564200883533673 -0.025571411589132963 -0.23570482698826517 -0.098404267745891033 0.29072698808041469 -0.22489561278935269 0.23088295174824497 -0.13943319347152358 0.18018694848185643 -0.16303670740012094 -0.20142986536942889 0.073992806861728419 -0.24845813960653274 0.26208310820436198 0.18948214786950157 0.17764015683365741 0.23078246471491964 0.085543157100289438 0.11844528176926755 0.082626048908526498 0.016205949819523613 -0.10499317499039208 0.15812375658209477 0.29993177939019539 0.075389118917588926 0.072939206702149345 0.067549245000888394 0.075261784734401441 0.15726110846351557 0.12034552550227093 0.23286903058861436 0.28462678353832466 0.25140331468048011 -0.069328604689786258 -0.21303061087568309 -0.080594564620844883 -0.14062131929405602 2 3 2
0.54772255750516607 1.8257418583505538 0.38324464075509468 0.17703364826371973 0.11859512671707435 -0.14487575325846871 -0.18689383502881621 0.1219724522053193 0.36246578604368129 0.35722528513035273 0.21452565205423291 -0.098603231040056111 -0.17994812862088747 -0.23057915427429806 0.20814350383067365 0.32154091060628442 -0.048820892783821096 -0.31432426597569302 -0.035578804124854549 0.31821795053806468 0.057919046849488079 0.14578079760019466 0.023366836004816618 0.071944229881439364 -0.13748221444597616 -0.35881702668108262 0.17213478670324617 -0.0018040548796389722 -0.21707028012839003 -0.34616357908722811 -0.26782965467148251 0.032234058836792381 -0.2348254427483811 0.1003677722609182 -0.15549124634875158 -0.24347622575196814 0.15305530595721786 -0.19213621920539722 0.12554644155067224 -0.12077713874895535 -0.06421320907404296 -0.059299049133780368 0.0047673296055681831 -0.231781580629141 -0.39297844023161332 -0.33611991575771694 0.06493882501567648 -0.34301194176424982 -0.032317507142294664 0.076258213766223645 -0.010941008916868644 -0.21373772258113161 -0.17781248910123598 -0.16086495808320514 0.18063613267374312 -0.13975704622755583 0.29833429516552407 0.12547757514565072 0.29882049072030697 0.10052992596847654 -0.27995019399601279 -0.26409635462792003 -0.28655122847080794 -0.18797025062838071 0.049885123661466531 -0.1749631626286921 -0.095253115997852772 -0.13508882966680902 0.054455684486353226 0.081873266675945591 0.065061272859042257 -0.22937467177878101 -0.20541016572632043 -0.26954674123776728 0.11179588342726265 0.14563219850532308 -0.22557008325212546 0.10092370537448837 0.19997061988838896 0.17324033552933987 0.18801616968767468 0.17391634020273225 0.11906978076816699 0.12260446792767692 -0.2297607834400836 -0.25211762212612532 0.26856877897334419 0.16058593905541022 -0.10402711149023396 0.16324397961783274 0.235161156927153 -0.28075515714565835 0.23965954961444852 -0.15561634225282689 -0.045396134230191863 -0.22870896150109904 0.2948608518921228 -0.073095832971268135 -0.059288771617987554 -0.082849373753107053 -0.053492848606234267 -0.049680327674305878 0.16254756735750556 0.1093786363288618 -0.084567410182638247 0.27348361853680786 0.24228759695023516 0.16312516004774863 -0.021549232605288581 -0.19824326286323654 -0.15246663763327148 -0.11230717805234787 0.10824630321095631 0.21774745609670931 -0.21627455097167239 -0.25990160191022377 0.29808118527094718 0.012718672927993046 0.27900948789711916 0.20656862075107049 -0.099558101484825023 0.22947763019326525 0.16113724764808371 -0.031271220445464043 0.13562015900678892 -0.20462825444059829 0.20742973523989497 -0.11024305231526572 -0.061770701117477129 -0.043847457424296722 -0.26429925386560021 0.10925836099702109 0.11342222580971496 -0.20722765815496905 -0.11795775951610518 0.052549265687459233 -0.19182391598672879 0.23212685101368991 -0.011802569500008464 0.25558955357356139 -0.15177476367788922 0.29957043076913559 0.25657062343765713 -0.15985665201551066 -0.23523897166520993 0.26287172636742145 0.28724806766013228 -0.21728977747444006 0.19751915729803721 -0.25225939124545876 0.11867956839619055 -0.06845582293469947 0.26684725004067994 -0.012235410743919361 0.28876365771451928 -0.08608582166434417 0.25676309728004515 0.034725317661219335 0.17380517859259725 -0.28003961013129353 -0.064566750728136113 -0.18596918525596692 -0.2287815344733363 0.18515887547129189 -0.23821515716684105 -0.012571312608908314 -0.17316067958782691 0.062198487745825523 -0.010932084467566815 -0.20993602077981977 0.15310259168188303 0.018118788951915588 0.14840468458900968 0.12501203243735037 0.025740697927199397 -0.18366901942967376 -0.031517931234057502 0.024539606444318716 0.21830277218019239 -0.22235701638100722 0.26790873455253233 0.2806322489867214 -0.18698867604517128 -0.20827919646641396 -0.075572982451803855 0.10890465063952541 -0.18322356424867262 -0.18191924909905799 0.19262565982671725 -0.13796019938828541 0.24227623051316716 -0.096018016884798024 -0.1870511290064639 0.25162867816664064 -0.01167479603292425 -0.086549629961429675 -0.19562958656149801 0.031913353145155483 0.082050407051189572 -0.19323969168543956 0 0 0
0.70710607407941284 1.4142149765887786 -0.29647614706565256 -0.065514075360578614 0.13917619820321922 -0.09790493920940789 0.070676789947128157 -0.30917476683107126 -0.2864672868373499 0.17449921865706566 0.33414132630792043 -0.0095681663058996072 -0.048694777360510866 0.28148398186830942 0.15398409211608366 0.37974513168169416 -0.38203104702337598 -0.062714515362447279 -0.18147483395378786 0.15131750783688364 -0.031421408361380902 -0.30491034129502559 0.19732195511636147 0.0063347954248849092 0.001347049785710386 0.35667887257663922 -0.13191981291877744 0.094414151503896371 -0.25080208125856268 0.3935955025341269 0.33998752526360176 -0.056798670920350514 0.010978056877483945 -0.26909154555371745 -0.31740985299703006 0.01123489097529138 -0.21709290634804868 0.22952619563309309 -0.33513772042313184 0.25093702321641942 -0.1146074798843511 0.098429262526721933 -0.24608481536807825 -0.3537825115963365 -0.12699003473648407 0.06655023152573146 -0.21299586858853747 -0.26482346102608911 -0.16199416383221177 0.12834973720754653 -0.046910704884285837 0.2534085020253351 -0.2849934408203974 -0.16175422306882706 -0.067869612044093044 0.14895815802454049 -0.0033380948759724302 -0.14897331461327504 -0.1051892495170321 0.080388573517156295 -0.092277635300090546 0.27708525491387231 -0.23309319264880224 0.11817033813510722 -0.24456849660617228 0.07383273223263466 -0.041685476802581389 -0.12880828191482113 0.065477478731780309 0.15935392387836447 0.20384397755712105 0.088472287257683371 -0.28711174250748706 0.25600317222650709 0.24872107649830907 -0.13306280504853357 0.085931206794432044 0.18850606493252234 0.15779124054695057 -0.20032848539423631 0.075062280598585232 -0.029249198352226811 0.13600659219780784 -0.069084232419363165 -0.23269933742473528 0.17681699759875294 -0.11662724120162953 -0.27810151404277583 0.09054794249169236 0.12347930503813506 -0.017470706751280974 0.25319771599667307 -0.29617648924261469 -0.043041231030966284 -0.033188344343225394 0.20608151359944679 -0.23690900833015405 0.087869487178980063 -0.19026726749890344 0.22475137615895927 -0.062475563036414966 -0.0503835663215733 0.10948902700283669 0.088656384944628366 -0.2468515301681854 0.28544744444421249 -0.020659782586458484 -0.21630656701486892 -0.035517128018884687 0.21757830537033834 0.056627628847544575 0.045356760106367557 0.10319440576578942 -0.11653594585192389 0.04152744543145772 -0.18613046882709608 -0.18437840579463682 -0.23912359672517813 0.030624716074600798 -0.24483631877564005 0.18259504823378733 -0.22930698140934608 0.21701333884049415 -0.24352884642353886 -0.13307555549389685 -0.27809805488170525 0.1053429176398102 0.18585290937536481 0.1838798802257221 0.27071600238040294 -0.23153649025084377 0.13802940995335103 -0.23199591202415384 0.064661170470141013 0.21223608330733115 -0.28965071929076136 -0.24712845770544628 0.066779505440789658 -0.27664406238781941 0.27415496016657703 -0.19247671221030849 0.088218612495651452 0.12144753919609896 -0.21998214425685603 -0.15175305065061487 -0.12927467525868633 -0.040250993463121866 0.18092517462298149 0.050093777234735536 0.18197760194092241 -0.2312001611695203 0.26414835460699815 0.050096242003924416 0.030154969086675476 -0.26022802094569908 -0.18083828809136154 -0.027583727089045152 0.24567106464610006 0.29449843960327748 0.15140257003191959 -0.15989309503009644 0.10138379527857677 -0.22486125026649728 -0.27945404110277994 0.11001717369997206 0.25772713361804184 -0.087135338047615987 -0.1629646699705794 0.18980942541938831 0.25293348798827348 0.27557287514659906 0.081446091501509027 -0.28271185152653039 -0.11869536744833836 0.079206253636616347 -0.13625518213317822 -0.18897793941576965 -0.21984841340197528 -0.26348241636866582 -0.037453427816241121 -0.0014414306321456571 -0.28316481830001727 0.20535083316741709 -0.096049002542228298 0.21711707670741612 -0.030619564746870484 -0.16810257886711738 -0.1128854325715852 0.14080136897876083 0.23266485383840041 -0.27989733757121632 -0.24631405001878803 0.010880064183492388 0.0015521263280454667 0.16121953712534995 0.21728397603010655 0.13873686087988651 -0.094518382189588204 -0.1324196406364451 -0.049960612840614947 0.10000000000000001 2 1
0.70710678118654757 1.4142135623730949 0.073469431194853649 0.077249376324989169 0.19463020730135316 -0.26626347653459581 -0.39546294284857669 0.0089283379241179798 0.21336245612357746 -0.25462258770119917 -0.044274072914380284 -0.34737711612533712 -0.35584746748495788 -0.28632499541998202 0.081994814154064247 -0.19170574673709684 -0.16902807507771761 0.11770581742706271 -0.00030032085362483588 0.3842254401877343 -0.15410983847308035 0.040816544125476285 0.2229269448500836 -0.18994813885155964 0.058306284999031545 0.37775068967131009 0.026102870789663335 -0.053249800389160475 0.30343001555205096 0.1280631493999862 0.11486136583659885 -0.38198070469713469 -0.030590177482480208 -0.13513190475903275 0.024538994914754576 -0.21305616575026465 -0.32074018874467358 -0.23314197877776943 0.17694218029508368 -0.23638413086727078 0.12293334957633206 0.14114598065906023 -0.090474357612704559 -0.24133477864183706 0.22489481503627193 0.29828250608559442 0.19966472304033475 -0.071842952269499619 -0.3827839485876478 0.080437136288976072 -0.10932236955808769 -0.13836304960058302 -0.2071846703050739 0.17915145401290006 0.050034273845040424 0.26553416869363289 0.20076123253895475 0.23858839435648788 -0.025574571271254974 0.12466717220705098 -0.22905330388401823 -0.089470079452531284 0.29537212154510262 0.042281675982022905 -0.065591944611274239 -0.17443757157167208 0.02022098995358108 0.19135157050299376 -0.057401348530274982 0.0020625547075245666 -0.22698870436427745 -0.20647003346365236 -0.01553758731673891 -0.25081088709883387 -0.1213069455938708 -0.060377532214421124 -0.19780428202062394 -0.07823481952106201 0.12458497921240545 0.20390536709562704 -0.23588594266046431 0.18919707526118726 -0.26241472555878426 0.21098226914249199 -0.13841241396287407 -0.17939699954901214 0.26469097554754956 -0.15157847723005816 -0.19149639180190151 -0.15897936243012012 -0.11352343756272389 0.28312962842029699 0.09856429220795572 0.022196144167591192 0.15557097785543886 0.20255176315502285 -0.20166064550614204 0.1887266428899248 -0.07698927231825238 -0.096729211076181723 0.26551885946671305 0.27792706895034203 -0.16316860854062129 -0.28855598978892971 -0.25085493322442781 -0.2790948487893482 0.25019684135022696 -0.091342258884351227 -0.20631124879513296 -0.13063825971298243 -0.015957013116911112 0.22540262883619594 0.066637293805961326 -0.27979023657121976 -0.081843011417881764 0.042864081117215715 -0.050427656680420464 0.097763674511869195 0.2752488250171467 -0.25041448034526459 -0.021614643653574881 0.11729222327580652 -0.23168191528690932 0.046563496182857086 0.060163428334966684 -0.24696672759041799 0.02588573221852266 0.11558006279478455 0.20179277261963749 0.048344766404564844 0.15749882178104224 0.23527413366697059 0.10301749448419402 0.13108922440875265 -0.10280668387381375 -0.088946309981857888 -0.29169514347701914 -0.1188511679932131 -0.15650546849193128 -0.20886326568862038 0.13920949983908518 -0.15948398659389088 -0.177096758899871 -0.087160445058518624 -0.085825696870079279 -0.071008385299883958 0.19364836650917391 -0.23569337657890149 0.20803664985896367 0.15634970456462927 0.086551951411125011 0.083085877649789919 0.15102525860983054 -0.24468602767954883 -0.016504928234812088 -0.17879560333392766 0.066281746344639791 -0.0070436186449807535 -0.12713616373554149 0.10615549209524168 0.035074424130911684 -0.086917716570288503 -0.21607411661573142 -0.098958257648558035 0.16586540126502083 0.099323779239085655 -0.21039221510387388 -0.25216730892917283 -0.13745669292978349 0.27468048687605945 0.060358111053918591 -0.15910420536566464 0.20487338437265049 -0.11958990021304998 -0.013879992448731658 -0.070761452422256135 0.29789517866048681 -0.051972227254233651 -0.020646904599573079 0.26529178151361665 -0.10029594559007123 0.1573539000751524 -0.28475734957431542 -0.27670982961122953 -0.26719794826862259 0.20823378222879879 0.27772554267750454 0.047835268996234977 0.22641280244440937 0.2422444879285478 -0.071015814883621117 -0.21890868490232804 0.014327587525035823 0.11896972486506058 0.11128494784232958 -0.29699368072543031 0.2635526644670601 -0.03167656263564942 -0.12296788172214185 0.20343059055826598 1 3 2
0.89442719099991586 1.1180339887498949 -0.0046440678233692799 0.038852298904951434 -0.34344785427597613 0.00091358216701245001 -0.16040351431882138 0.37764479918453742 -0.076368652284556582 -0.21722737880647147 0.39563002435576416 0.1883482316753079 -0.3874618270690604 0.00018921009717631776 0.11567398308920068 0.37104829363474484 -0.16034418042394016 0.087572642296292358 0.13110777074018351 0.34710893366583317 -0.29622551150485049 -0.13610263621200724 -0.37797759804063213 -0.01727525489529427 -0.3701211232515636 -0.0078887569281187453 0.088702563759814446 -0.019085151224199848 0.33494635510091603 -0.20021945850446896 0.27328187370634371 -0.36474906488433456 0.18661304486695782 0.26584693508691631 0.2027830259968707 0.1983135792798626 -0.022213651413649241 0.27824177134420075 -0.072599384566238531 -0.33444685383664408 -0.16043757510104684 0.16201855474326754 0.21096081618665005 0.36404838773855586 0.26009902894421416 0.25063319454124094 0.30373811160035769 -0.089348714634867404 -0.059089664868702665 -0.062868892792927691 0.18489981058034485 -0.0188342959499898 -0.22618620505781384 -0.21668735376396714 0.2681009846461066 0.25754713135836804 -0.042779178452585255 0.18997348041239928 -0.036376243708206246 -0.075684848682635253 -0.11847577392705068 0.043969516586401067 0.080058375252056724 0.25107713364581591 0.077443343437224671 0.0064335468885296397 -0.05012349681365464 0.15139531824808064 0.11854939693330641 0.26587095193209809 -0.26321885872027473 0.078068272168032027 0.077934387306588568 -0.18490928778381166 -0.12276952686929811 0.021016468848235492 0.2726789944916907 0.23778664692539386 -0.010640757386140698 -0.20365039237686181 0.1691863157666722 -0.055491919820816471 -0.27071914746165443 -0.22504749579341049 0.24982521496762225 -0.24440724106644476 0.0582111576390546 0.27003452154593677 0.17687410670945453 0.26813366799202693 -0.20247338595565925 -0.26045073927341872 -0.048723579107226821 -0.13473483191384153 -0.22826778362500411 -0.23128918526106518 0.0041509281032588554 -0.047302314375528141 -0.090102092968219138 0.15746896034453986 -0.069122568251931429 -0.13811935149227972 -0.20056178616996942 -0.21633620787802652 -0.23045860485596295 -0.021880526591628691 0.10381401324611905 0.19283655265967534 0.21622763118638516 -0.012372729648858849 -0.14699639457628413 0.15425838368169145 -0.24332912736494827 0.20428373877752898 -0.15715387591549657 -0.029531649398643677 0.24486416769204342 0.23060611278484508 0.00045828358767634468 -0.083787173319412295 -0.21479608425081748 -0.25285962309979509 -0.20624144390923238 -0.037236144152331209 -0.26033492357433569 0.068962003716330392 -0.19723081055710129 0.019655212795927145 0.28616932818371665 0.25000936260079321 -0.14266351793124785 0.24255362385096149 0.13973620897613709 -0.1245257445623235 -0.20109832966824973 -0.21551187366040406 0.20245444041152674 0.085792991891518677 0.097285951072076798 0.12842063328051115 -0.23671608007199152 0.21564117275037717 0.16532125664856279 0.27121677731521554 0.14667149518973124 -0.20255057378674765 -0.26707473268496723 -0.14603857278563695 -0.012052090421894656 0.22960104193667488 -0.27071992890374869 -0.13617722854702888 0.06289559728686353 -0.29247075111530291 -0.28702013468961834 -0.11584225028397725 -0.048263832199431263 0.17024198473796115 0.016447133528941005 0.07350989664586198 0.16648782159129116 -0.1491096985858332 0.25009283799618259 -0.022640187280531254 0.0023329421580122966 -0.19432890151889975 0.2004615531579387 -0.16185170165136484 -0.0010856801589126386 -0.11582981257040531 -0.17221952569318505 0.10863144835405592 -0.17073299513549758 0.021721139389921349 -0.11239573602396735 0.17054105803359468 -0.16990217331981206 -0.23088243466518174 0.07649105264209112 -0.06475104332742998 -0.18399551372987433 -0.15204411345396143 0.28410820820555388 0.20242009464754754 0.28193814817153989 0.22526614320993871 -0.25740412652790517 -0.12249301178597384 0.24464192421579312 -0.090393155402365435 -0.038588286786537647 0.089630013777153336 -0.098777937169842484 -0.23957776318890869 0.16284404232816344 -0.20188718429503655 0.097377709104530544 0.11142526418201468 0.13796208114308731 0.28627404335292905 2 0 0
0.19611613513818404 6.6287253676706204 -0.34362278782597139 -0.34866440320540742 -0.043214073969158752 -0.063096787734924581 4.9606736978891067e-05 0.096039513806229423 0.14053255931491321 0.10995783699726785 -0.24029206375490145 -0.32103298743311792 -0.041873246817855848 -0.23360059259337254 -0.083614749089891138 0.38601244682666735 0.3917278514097966 -0.31623610737475083 -0.10026807010537837 0.25169777607859639 -0.077983392204370894 -0.072725477061023822 -0.35363530018128841 0.092683878792941515 -0.23502980412292562 0.25530165858963461 0.33597580689719025 0.39460337359609743 0.21934587906471892 -0.074489389073195342 0.17953970946627262 -0.24379878617975309 -0.3815763201504952 -0.12558299892604188 -0.2270620719138785 0.29863316811136376 0.18178630072593649 0.088322679838117951 0.19614829546063561 -0.040285899513324445 -0.37074056336119776 -0.0083958017731423414 0.23129579652036425 -0.12916049547239314 -0.10458920553799374 0.24821990428080493 0.040515611093096385 -0.028886895399740542 -0.34108618548647612 0.16248618715882657 0.27024283425179407 0.012102682611410875 -0.071885320004746345 -0.15451945339433018 0.015517209372384499 0.046852865056710512 0.011254480267245426 -0.022730914736949614 0.23690132423129229 0.26464569029638668 -0.18570846389886364 -0.094354156478073922 0.28890686934532733 0.25136682078941008 0.25442110005449925 0.2345181935233045 0.13640467333549269 0.11985019731988095 0.1526031172486158 -0.24296503570550373 -0.27272072250203855 0.28358734766391397 -0.28624177038743231 -0.29768559236127345 0.020303054521404174 0.030574550847799697 -0.29119658792880809 0.19477988603921917 0.22163779163030886 0.16969819123898047 -0.22137933159523912 -0.21019740995692182 -0.14349048135648299 0.14387677042958258 0.096852007752255109 0.24072234923956506 -0.23363225976039545 0.068842472698260951 -0.087794417311065853 -0.17106814659526592 -0.22216942427535882 -0.12949702399508869 0.063841684011840941 0.066101269096769125 0.25860012582877084 -0.152972556562297 -0.16195311017602587 0.13361418668260075 -0.13013019772305803 -0.26590637410736301 -0.11415541660631656 -0.034251579753141255 -0.11141488422260061 0.12450429921304218 0.060259491847442587 -0.20245369862567555 -0.17649544151932281 -0.25829620591850516 -0.29830807121171937 0.13856876718072553 0.13811034977129735 0.21098644644671885 -0.15868415858757953 -0.2785447290313251 0.17560158926739405 0.0077288356757108318 -0.2434992398692245 0.18868422276733168 0.16406327350253455 0.030949610760564704 0.20847403931084729 0.14104107563499479 -0.18605175480783653 -0.26089717104794136 0.24012517087263785 -0.040030266074953587 -0.08271611157521945 0.27964183809965004 0.29820119779339693 0.01461976458189178 -0.2517339218567296 -0.21167537555902743 0.030378519317711936 -0.045935746248005956 -0.076579072632420961 0.13882759704621861 -0.12570869710234583 0.15554354395136136 0.051386210651272066 0.19795758225927662 0.0569114674075843 0.025575130612077033 0.182268622719229 -0.076211123671280218 -0.13919229194319874 -0.1772297293266428 -0.096434022591923199 0.24787492805541655 0.18805818412672212 0.21615915456875889 0.028237718690229261 0.032202680406457171 0.22551248807338778 0.27543851050645413 0.051926573189316858 0.026573123915231301 -0.0091299885617842861 0.10186724856096509 0.0035236678526857856 0.046459144308218243 -0.11448931600222628 -0.12390939417778687 0.080679615567197174 -0.21095545330349866 -0.041746134530922505 -0.070169540127578589 0.26653039135179279 -0.065916428680837538 -0.11080105670551667 0.042314788792026388 0.08493038960664652 -0.16644042294553404 0.21758921093814776 -0.28258553343046022 -0.12962899236174713 -0.03616313503399142 0.15074470090365624 0.091603393867362118 0.0071729615398354422 0.067430324333405095 -0.15279107032965247 0.15026687150197432 0.0031889034596631837 0.22721725309727991 -0.11025926383354098 0.2643606874669257 0.1422990653449985 0.19971068046999726 -0.086239236408584927 -0.20155671262752561 0.26428666401357409 0.26811746085489119 -0.17021595064404768 -0.24746175991903555 -0.22855926198141882 0.26300497229799547 -0.24210018995309024 0.056339249503667574 0.012631866621404518 -0.14053580300500049 0 2 1
0.27735009811261457 4.6872166581031864 0.29634915653804833 -0.1031292630191703 -0.10226423088950849 -0.33087777189799034 -0.26952914315902271 -0.32554374129835317 0.33262597141054429 0.34868437085658599 0.36775281176201596 -0.33727984242306386 -0.082303328622248637 -0.090991322164315769 0.39395071888082711 0.2937284759399087 0.044979122060266087 0.19273511948149027 0.097146614893104929 0.012555907287819058 -0.11416485251176321 0.086860635793294713 0.1815221792077896 0.38517434700255415 -0.071298921271855775 0.202664140607589 0.38698617371007615 -0.045645618339842556 0.12864974253266234 -0.066532504938527207 0.39676276885557415 -0.26762645064465496 0.12668737860408844 -0.22590125382768794 0.11626721297842009 0.22725803836394692 0.36135184462178443 -0.034021126788293547 0.37622211940923017 -0.35343338552831088 -0.057101699506907182 -0.17175397810886148 -0.22689876959224728 -0.21079834388842641 -0.046472445530248589 0.20053496972953111 -0.38696051084325123 0.28872703645826692 0.028443280728724929 -0.37946576445667013 -0.22723635462001734 0.12010365643536564 0.097254151911529529 0.0022020998809982426 0.14664227369435023 -0.25226155556347263 -0.0027550619831321565 0.2421621096017805 -0.08168904388847531 -0.18718236062912075 0.23270199000425293 0.041049998060845506 0.060009491375451307 -0.054810287426921421 -0.13564137084831471 -0.08213450881533077 -0.041044311125027308 -0.013620819780734594 -0.16550964840138094 0.06987638948176457 -0.0039883878660347703 0.13956257349708845 0.11888955597772888 -0.24706155998730442 0.088422635645595091 -0.1918856240121323 0.030272877378258921 -0.16088235972457202 0.066785801888920873 -0.18023389043271598 0.087989308711712746 -0.1931767700302445 -0.25579127543164348 0.24527654448781522 -0.23659775586464271 0.22530026021944993 0.27730428477644886 0.13884399720423529 -0.13788062707958373 -0.089255958404041921 0.23358167513930558 0.29013663699528208 -0.15476509295530688 0.037418061750212471 -0.11771068363966983 -0.11901196488547766 -0.14078428841389115 -0.13893648346797871 -0.030900937778893134 0.12078243031142466 -0.23942135512183615 0.081414586503748346 -0.25070867090729032 -0.26424394505335053 -0.29997360680096363 0.11561593585428069 -0.2884324171749249 0.084475682311456718 -0.28745036073436708 -0.18476960113844951 -0.21613995145198175 -0.07380886182707648 -0.11087239702950653 -0.13184994317233775 0.27062914418275441 -0.10746468752531939 -0.14412009696817299 0.20239029153269633 -0.036315105020478279 -0.16286077664462964 -0.28910867186466199 0.13400983482021669 0.2133757314437407 0.15000499556696728 0.2905351877693681 -0.079763799590390858 0.17380759591049164 -0.10447513197867084 -0.15430423847226762 0.0721325985664137 0.11540512171497774 -0.13802893952747772 -0.19810463011532656 0.24709455938587646 -0.18467767239753394 -0.14032682680593461 -0.026280898426576636 0.2055413410360119 0.069366999653224917 0.20603440410230486 -0.2833829747803604 0.0068130946035207529 -0.25478708067895128 -0.25421028860017764 0.24063876970345444 -0.22652082446167987 -0.24449442013246148 -0.12463434031405442 0.2991883511027657 0.082713906472847945 -0.096752524748391022 -0.20263137720652794 -0.11630836120601373 0.14798144265787072 0.27827579441141964 0.074974026057073664 0.24228531925914132 -0.25358070740445998 0.035083065384169367 0.25410400572078207 -0.11596804394882138 -0.14366462673323957 -0.20291338616220866 0.19198788412802287 -0.12888636722191477 0.047816840767155595 -0.26247240296065077 0.15178264098119526 -0.15287399228402498 -0.051343307134746198 -0.11852255188729381 -0.099296112304124953 -0.20915684406217333 0.20394745157792035 -0.069542931099136673 -0.096142709151398748 -0.2580274874737567 -0.20239004842363453 0.10859163346631497 0.2993440797807993 0.091108008490348502 -0.19443822562504073 -0.10302923614787203 0.24511667088105266 -0.093735207178065272 -0.099194275608677107 -0.045206395782881326 -0.18991619832834486 -0.019566096787408106 -0.014765100453794954 0.27561834529803936 -0.030084117238486828 0.032495972170713247 -0.21135148503854956 -0.18247355882166144 -0.07818909417509276 0.05795178440087647 -0.20045359923705422 0.16120015119894412 -0.2208539086505448 0.10000000000000001 3 2
0.27735148485963829 4.6871932221956643 -0.091805089738524526 0.33568405790856437 0.2639857168487123 0.36213043370050929 -0.19404099058954094 -0.20063306389870894 -0.063567779996512822 -0.38716711078312538 -0.24645781094826866 -0.27188708939875134 -0.020975715427166898 0.36208049748114962 0.2370552069867678 0.36224021845954985 -0.10285219157283079 -0.1526433515122422 -0.2729608870309001 0.31195535149674253 -0.37317293591482914 0.071787822022392686 0.17320131449788115 0.26117080052861141 -0.29559022936536222 -0.20818182772174643 0.12746543836025248 -0.11883083998497784 0.070698605482166596 0.18431565458775082 -0.35485236032293382 -0.17868307913032613 -0.29722225039457817 -0.13247729774583092 0.16503430650632334 0.33288111095851525 -0.10220835741591286 -0.35779116957265861 0.13237827841277258 0.17884064681331158 -0.15647667847587537 -0.16100615567857945 0.397229351408666 -0.35140018987356136 -0.22018185967089041 0.33007866081800175 0.32791385909012516 -0.14854240241402056 -0.28937282281335625 -0.054011522927660052 -0.19096970348498593 -0.21042025866235994 -0.18049058130992876 0.11931834212151128 -0.043065187197060935 0.092821322222369565 -0.16419532648367943 0.14980782514762056 -0.072552395224963637 0.16407261290064029 0.27665229356194371 -0.10614380717393801 0.19916739677778611 0.11779920255023292 0.16656438161565407 0.077396559076082935 -0.16398726189247995 -0.20131450655596667 0.26957650400167715 0.23996057752681466 0.20427255514649573 0.26908435599608188 -0.15901829088793445 -0.048692346233175442 -0.16403727731542259 0.13131551747315082 0.16889556982594936 -0.127680133012748 0.020903119136762238 0.03356571113722024 0.023555515901824229 0.21765386668173695 -0.18885524579038118 0.24742032545664588 0.1058546336719396 -0.14219383480477046 0.050881968459654467 0.04717178934492023 0.12643258787642495 -0.15399225226532953 0.17226625995981859 0.19590103357455635 0.11822171655606106 0.23407338948481188 0.23435815818013561 -0.25623765799251474 0.26543879873191872 0.070843153336034609 -0.026439249675415156 0.092231964319828164 0.27470408597403162 0.10048557223885313 0.045058973526766889 -0.073146271461477605 -0.21226781566655895 0.18060524863428368 0.057673855406310912 -0.13938852126255022 0.17739146437423312 -0.15689051744688004 0.062994088346586458 -0.15439183853213626 -0.20538729815554552 0.096559164049284774 -0.088737915960796013 -0.2831702821396016 0.01794493964925039 -0.1091843094828997 -0.29873447887891541 0.011038767943025206 0.011696956952767444 0.065422774012853208 0.046505214220654789 0.05934767858347878 0.056028075064310574 0.00048624231045222286 0.12059192054734633 -0.0091596805944344599 -0.019225809396339798 0.10855173619760125 -0.097960253443476003 -0.097034455305518422 -0.11856977390004357 0.24262035455499928 0.12333461097700861 -0.20369752016195616 -0.045467748161275363 0.033431039164773281 0.037579659111208329 -0.20307408268660593 -0.2081736312931616 0.2925171657942558 0.24467132461774443 0.27921247011580225 0.066509130249683093 0.063834059550115632 0.19665540898379738 -0.12799733869299965 0.016243253161541692 0.13158740375062741 0.014429674013062232 0.013436170608037656 -0.23210135998574188 0.17873618972116331 -0.22616964493882707 -0.21938513463558554 0.08862246624261369 0.1054212857910526 -0.17026031282761098 -0.075727878109813365 0.22544649309231177 -0.13742615802741312 -0.037631052713305711 0.10128902749341977 -0.29947635793846328 0.2842703085414432 -0.022138052993798094 0.099440409497161417 0.24752371332333345 0.28418055054610952 0.20168724885647529 -0.20588093612276381 0.22131856675117451 0.14680749813580046 -0.16193033982795765 -0.060711189766276139 0.035702382025045006 0.19471887707878272 -0.1815767264153331 -0.13232532160797708 0.034109705851783252 0.10861259184289514 -0.057653828462453968 -0.1391532240812523 -0.069757511034692785 -0.25580007571253344 0.14803744617063563 -0.29966741040866324 0.095813622626334347 0.091478204864516188 0.22865301523765655 -0.16603895692271115 -0.13376441924575447 0.084545806915246671 0.24582780306794541 0.13838255170985417 0.052621338049704904 0.27270801571980113 0.2705373335930023 0.18372780911608952 1 0 0
0.39223227027636809 3.3143626838353102 0.12893110653026671 -0.21614657392671488 0.28002973846351314 -0.009245930529324653 0.3460085719919076 0.21987140060844323 0.012972604191219884 0.11560075784243891 0.092024906112398427 -0.27891873577622761 -0.1877467885601182 -0.34099741448774545 0.063184921241039943 -0.19029363745305147 -0.25074981603177154 -0.1084374011342864 -0.18354918491317307 -0.31722508736505173 0.13311599295071908 0.034968929073775447 0.24269688920973875 -0.27105259864977987 0.1942126146146162 -0.22747508040806688 -0.34517276759431437 0.24975829488024104 -0.10874188330417321 0.078362000234029242 -0.061082308749844307 -0.034560518805825245 0.3519482966469501 0.21195724062266647 -0.14324685708668011 -0.047381577913641504 0.11260236539116208 0.304505333326339 0.36031723175644004 -0.32513974777020388 -0.26111245277646572 -0.18308540317327815 0.39885138899811629 -0.33383193707821718 0.26159214041545464 0.31147454322747992 0.12168656355441394 0.22626813507108745 -0.11386597851648182 0.29075238385829094 0.13814596202309959 -0.14882571869483807 0.11943152134075274 0.087708479375231754 0.17755162786283415 0.038719553869619158 0.066363418875258318 0.19041447934220238 -0.29568727455912847 -0.2482429202413898 0.15616153457706294 0.29771888331326496 -0.11770402755591773 0.29219646350910372 -0.25196070544947741 -0.19724215500713851 0.18482191126789105 -0.0037560922413507167 -0.10138722534537969 0.21221391899714334 0.28084880289230424 -0.15107551998250995 0.23240798219482775 -0.25777672713873973 -0.20371801044371388 0.049428808310322876 0.028291335011562311 0.28798798290501987 0.21178243365636543 -0.031576514064801685 0.25398020767205925 0.041074127747370383 -0.29697811169535354 -0.10260127641503822 0.10220834061397861 -0.13269242200460837 -0.0095716666453123708 0.047166052825284917 -0.015260859374343671 0.24910512705056942 -0.15100316065125508 -0.23327150004740904 0.027577415911038284 0.095251669704275274 0.090288839613998764 -0.28267310595722966 -0.1843011818080266 -0.021486848652901822 -0.18188948913221553 -0.21776536171893662 0.0051794866833483775 -0.1001091351282586 0.24490836630018742 0.10835715378265824 0.21078479111279613 0.23304388894892858 0.24029906809431809 -0.28393621031552213 0.075879959618538662 -0.097524268442525888 0.23226240230809492 0.28552745670897828 -0.071845314321704504 0.10123456743026611 -0.13067256917827252 0.18664811077246568 0.19326629279988808 0.28910238566965302 -0.0028670367974171773 0.023216113098014302 -0.19458916683804611 0.12497067495474339 0.0049419115744489201 0.29770914177176794 -0.10843770299960183 0.12139086222975794 0.051520829324489405 -0.2281054312219381 0.066535256398632295 -0.04561777029588536 0.17939559048203799 0.18972906633018588 0.020342662570924961 0.16951643497039151 -0.14669943589911497 0.24514547634654493 -0.11448525333678962 -0.29712610693722796 0.20173508646731877 0.21703775535515693 0.13813562604085669 0.2553450124475195 0.010054802105458838 -0.052266776144515401 0.057609251598748808 0.26054284416436019 -0.26279822776181921 -0.08284210649364418 -0.11024951630645037 -0.23701445669516738 0.16205241462819372 0.061566300523976554 0.077723386018500817 0.02321233146348458 0.25230291142774247 0.28643992183670203 -0.091680178706238166 0.18450795992516619 0.27320780139400136 -0.16055155931509382 0.22341772821183559 -0.25954158583162873 0.036532287335397325 0.10574813817298918 0.19180032105350164 -0.067359056726970554 -0.23172377750538015 0.19804824841664534 -0.21447511704458602 -0.1943218371165143 -0.05643695704597429 0.16692546704903788 -0.1048116322325062 0.00063371952602324637 -0.15186664587947427 -0.0092089058260290905 -0.23381821242617884 -0.14539681247357589 0.26104683226117847 0.18700421741895226 -0.22626477640748666 0.14781833142661877 -0.0027540279463910576 -0.075603813883835608 0.25915481481305042 0.24347649209828226 -0.037242237981945855 -0.032404509859812421 -0.25871034228202977 -0.13240429303522497 -0.27503414894984657 0.26603536058647403 0.10841948109249222 -0.16858412889808377 -0.22789978818168499 0.25048783876186531 0.22421846591598832 0.19493895520715773 -0.027630674634422214 0.10037904281938836 2 2 1
0.48038446141526137 2.7061657993059729 -0.026983103044466453 0.25439841522161954 0.28927418726196663 -0.16018447784027165 0.29505588459453247 0.34228779354032834 0.097675052629594916 0.10705835633135595 -0.24078469007634676 -0.016690035699689697 -0.093510850431333212 0.28752197946741681 -0.35754842401375148 -0.33017856957965197 -0.38470990290255846 0.20174834229369631 -0.3972508961821366 0.21177624902370307 0.32897956580842913 -0.33159157547143248 -0.041586703847434237 -0.010260894740583294 0.35722076429265287 0.34024076687442967 0.35291217185918788 -0.24152078660861731 -0.12658175138677877 -0.07979428973872596 -0.34307942215082338 -0.21755458207485071 -0.32298803110466956 -0.090192263461744651 -0.17676059667741706 0.19124940857986125 -0.19746836348032995 -0.22176125607915617 -0.079646464543708009 0.28172024626417652 0.15959141505764177 -0.16083161325167633 -0.026699807775810849 0.19164222724220084 0.15294010678017431 -0.041211055066024294 0.37049024492611338 0.096760854063330112 -0.18390114208547362 0.1948760183828637 -0.28687286648616095 0.21842233682090917 0.14872061035718354 0.12243977319227277 -0.11860529582818358 -0.1211979855821657 -0.050542692296413901 0.14928404084085201 0.083212901212170065 0.29756055587711788 -0.028967905187578746 -0.13571008490629702 -0.27720789404249074 0.25673172633893671 0.063353274927814479 0.094127821862831862 -0.10056459655788223 -0.21628664749652918 -0.14232255177569406 -0.036537975458466022 -0.01627117700744558 0.10725364200763166 0.0019446553538913667 -0.12863704513405283 0.024183556183070821 -0.1720274206396715 0.21369869115357859 -0.15711972372543972 -0.069906067582683182 -0.1986841073091862 -0.26112022462030621 0.21832337144435057 0.29695601764953911 0.037918055938985652 -0.18779516005075564 -0.14784985548446736 0.20957721205848778 -0.28024388525602434 0.23382500280168619 0.17680768710295494 -0.0499125381153364 0.21702135105090956 -0.14967175480568526 0.04467719851815883 0.097573123944020637 -0.2625595200320881 -0.13251995194951147 0.28733733821274993 -0.22365840747946489 -0.1210179908339781 -0.10233736484486575 0.19455351143796867 0.12215432362951795 -0.25072697443565711 -0.023788963414171669 0.29826916250627028 0.14869699870917488 0.28893441607890125 -0.14181681514175637 -0.26864222191425341 -0.26128291193022918 0.18093394584321229 0.25111722601147968 0.24445285521513596 0.26865761789181525 -0.031961418647531721 0.078789318054158786 -0.046388028916219889 -0.10500489648805571 -0.28505410277297594 -0.2461602733635202 0.27439414817760793 0.28215242118999706 -0.055598739249082006 0.24453170652800835 -0.033658118870939564 0.29446003099774665 -0.24202210931160695 -0.04152116045954888 -0.15254053603239978 0.18786238630551927 -0.13828677141042039 -0.1136994779331254 0.19325972794797691 0.018087123312098319 -0.056678621437771248 0.1661963485838048 0.051109328842850306 -0.084447931339259111 -0.073532164054499097 0.080097476655207653 -0.11122647445696536 -0.26419829828742175 -0.085058718122890967 -0.2752227633491024 -0.13442316390061854 -0.13404385741140917 0.2494843034010498 0.12753264693685851 -0.24917858083514888 0.13691506579050897 -0.07018158891722559 0.22866086373462841 -0.29302803623652646 -0.14084937458839877 -0.25327113003071217 -0.082109020043624567 0.052635200829505457 0.26956551331595818 -0.25907122463765991 0.22617027446884053 -0.093364792857460216 0.16283415115486902 -0.15725485607935816 0.028403676266299513 0.18330630274390849 0.20247252791494219 -0.022195187542683237 -0.061622538650216184 0.19858591349825239 -0.16336627095696901 -0.070181629480721347 -0.12625465477255587 -0.17082193597018247 -0.076547750969136685 0.09170352537369772 -0.19705745263117247 0.18695599488473835 -0.068429954032105958 -0.097443302842623994 -0.24184929255597543 0.16147690817140531 0.14910169571910822 -0.22296582276382151 -0.17697578934270677 0.24477807903322257 -0.11604812570526339 -0.012702476628472769 0.042396787458871273 0.21620907336464493 0.092018603288884296 -0.0091298864891352863 0.14125787762780023 -0.17915847151007383 0.12926496058037282 -0.0062522645436821509 -0.051714964190754366 -0.17305775999495734 -0.253102295020107 0.021240575392870806 0 3 2
0.62017305277205925 2.0961891107477819 0.073661116939453306 -0.06892135485698532 0.0043179956032812329 0.23421730148592312 0.037463261361224999 -0.26750861294007827 0.26989047183351095 -0.089458124832522939 0.11222598910387438 -0.11052475463759937 0.20689664575744393 0.064330964511111602 0.031137266649252829 0.11769143665119755 0.047584962289028893 0.32575909044780177 0.0056434699552129434 -0.092554370387127799 -0.14703085238837543 -0.053740058900453927 0.13312376203000539 -0.39126426244799933 -0.26334804695809527 0.3205360281682188 -0.14776851550593051 0.055506346072920647 -0.22953107452217944 0.16043517881574784 -0.22795457261994756 -0.27264883269191487 -0.28184601832763612 -0.2559333006369639 0.13754971880754338 -0.20111355853844196 0.11450550500815311 0.3744624093824836 0.0015737429970854146 -0.26316132324989899 -0.11370034963593963 0.12705389330148906 0.36992197383409114 -0.18308932568388939 0.19182088232377012 -0.071171366803612385 -0.38488054046782844 0.14579470769256134 0.37786880431364001 0.079696568461323739 0.18542865056853045 -0.25033121033762767 0.062400725466093182 0.1232866183084263 -0.015023959898771632 0.012504592894725964 -0.1179982765135405 -0.05664442540102485 0.0072390181597768773 0.24699407959514819 0.15384958890428316 -0.2639993815875718 0.012624704612538217 -0.033991525342752092 0.20097320382290654 -0.020023015634350959 -0.077921265225997183 0.040526094745497884 -0.054056657996925495 -0.27244982168099319 -0.12545230220808182 -0.20317661312280191 0.043920630501742837 0.010410450316878506 -0.22627302349803724 -0.18340577590643178 0.063467057039249306 0.17104918491199705 0.29314929253693023 0.066643387201805418 -0.0074258729209183633 0.16136506824036193 0.11920410645621972 -0.1784796709435387 0.05587583789989687 0.0032990091511735818 -0.25893323917399796 -0.042454188376709508 0.075745731270815853 0.10152437746008389 -0.10226090428700253 -0.27718484112567071 0.084752656342313895 0.075594911585737459 0.24233379377233069 0.17698158131701455 -0.056848975283984422 0.051250004042394437 0.059749494396899958 0.26596970448369472 0.29508063937686341 -0.17015821428683678 -0.23703554038495947 0.004766078304253729 0.070636797005660251 0.22509203108801043 0.12263629696957672 0.020330660499107301 0.002546697327651315 -0.22227886054470844 0.16703003610785716 0.11846266373768596 0.25428387485408521 0.037598751317980739 -0.14196960936674327 -0.079912439033380647 0.25950365257627916 -0.23053283241873412 -0.19658986250093699 0.050344547447497209 -0.089820348713538473 -0.1666624451395298 0.22699938689688129 -0.013920033143627775 -0.011262383005711385 0.17283129777971518 0.085857900089536685 -0.27390534784084658 -0.085171737522004548 -0.2718856963364254 0.088251453426317503 -0.25071115514661818 -0.21442600046708096 -0.0096954618454105461 -0.054596916933412086 0.054207044400598071 -0.22052815768153658 0.19044274962974317 -0.0062074832194281004 -0.16759124735504391 -0.0076902810858951783 -0.1827045788347105 0.28989165068009826 0.23438691173863491 0.03956849757779006 0.044823425040871244 -0.29583009965473289 -0.057315285840642737 -0.23795797564033933 0.083792159800820748 0.083484034241341917 -0.092570946049132033 0.29044325665124676 -0.24466809109095478 0.22626114539651529 -0.20636194107849032 0.090643541791189802 -0.11538041658525837 -0.028609573792902496 -0.24574692579903956 -0.00038890581203432362 0.1740155871240239 0.049552214308184413 0.23998748670469672 0.068208140287737154 0.1534845407940707 -0.29900124707486148 -0.2822601150926442 -0.0030328220272196394 0.052664472655641115 -0.016970759322455176 0.19420540250226939 0.19285713028432697 -0.10848079676605511 0.17999077179458534 -0.029709567761151943 0.15191377748674192 -0.17015962130055365 0.26508242634557982 -0.1461163465580502 -0.28033786979334929 -0.10223514754825624 -0.28469201390456611 0.18121633680576801 0.10891294851202753 -0.0024463252913992537 0.10714710875588586 -0.10251424274556364 0.25531468917910199 -0.11846094539847012 0.092131898715329341 -0.22882884236804707 0.28173728644895002 -0.16245149453273372 0.29070039951550997 0.16606919943115533 0.27455940343935098 0.051845988996536314 0.27224339470937048 -0.26122004130080356 0.10000000000000001 0 0
0.6201736729460422 2.0961870145576231 0.16087490246438102 0.30083940975281442 0.30588038235207571 -0.017232905481699489 -0.10960895625545115 0.24758370559874887 -0.3141338246644339 -0.28684049922913513 0.3317984635430743 -0.25316710432617934 -0.37533874817345592 0.31758326876160092 0.042603002643329196 -0.34136777483112257 0.064614133908267049 0.33753467411884874 -0.26008240235144386 -0.34401469006524721 0.27207010545345023 0.29693518488925758 0.16221331853272825 0.29039760448993929 -0.14106726071044948 -0.32749100844950924 -0.3942800129544155 -0.32429990087538973 0.35135586924713719 0.028991724425864885 -0.33740298577484373 0.30317062231126091 0.34688722280134821 0.30821997094251002 -0.39750386485201256 -0.23044980301856102 0.14537986630431707 -0.25324115649690093 -0.21053188810430623 -0.34148944804946163 -0.028729740806861949 -0.067418053487178317 0.17409953945488166 0.12379977570587322 0.11505062517148597 -0.29963484962963965 -0.24420646347915467 0.33263898742480236 0.030386917309725005 0.3580903513951329 -0.11901148000920793 -0.11507253859580507 -0.038402535286324709 0.096813747633959155 -0.056874989947670596 -0.13544089258421008 0.066846213083357822 0.14909964154085167 0.064750941839684037 -0.057917946336819168 -0.010955500446520184 -0.28504080517235514 -0.048539339525116194 -0.094571323348655825 0.16016943735841629 0.045214623810277611 -0.12100597347563592 -0.10155200220859432 -0.072742897332369272 -0.29472526158890533 -0.055752170411293878 -0.25275696274183518 -0.24238680680129354 -0.29422024527204865 0.18134053280220735 0.059332010955948949 0.08981811695186348 0.26284099883690992 0.16526952364040268 -0.0081996885144655311 0.072658297131285285 0.23554594451639801 0.1998165126189084 0.00028881557357776085 0.011368763350024924 -0.15090534579470027 0.20806321212574305 0.23561338913868518 -0.0021680357002321848 0.11855549141733512 -0.2214131380743489 0.1578681049461291 -0.26053309244414885 -0.086999720048666893 0.22060084739987162 0.083414868576477036 0.041367135884933057 -0.26014511601361573 0.27636610667506128 -0.030622606305927901 0.19060588096190464 -0.28959018567749989 -0.22807635599361081 -0.08832028454696772 0.28754579821915988 0.0046200700648253651 0.048233668241386259 0.066022390577233886 0.17763520542128702 0.16081101186306374 -0.0586453381021214 0.085859273083941923 -0.10918857075419379 0.18135588985071008 0.17561830156220262 0.10758955865459326 -0.2319877588692924 -0.23590299158685368 0.23986128256828379 0.076135042447718043 -0.21252032614647745 0.13604927998980273 0.2996800322186241 -0.15387246858306947 -0.14325943755283757 0.1264777547438454 0.15853863730570153 -0.066593346557226929 -0.15023443729687411 -0.20259636445347098 0.15184322592423194 0.014688974456581527 -0.0088417064458938145 -0.29835200099668613 0.069230966533224622 0.11904790543274663 -0.12858107440275027 0.1286481920697653 0.17814218572866156 -0.2513933441624025 -0.019594114893678436 -0.11620449023796903 0.2086522326873875 -0.031060936332480527 -0.23532691005987508 -0.075722066308524863 -0.17254759251984889 -0.17114248162419354 -0.12604286775980847 0.043430958674527842 0.18585237886821193 -0.0090153282657145836 0.061027312387132479 -0.099448837456880393 -0.0038454882087613604 0.18042225127324854 -0.2383954055530024 -0.23928488647556906 -0.26448927549174439 0.053706069117978796 -0.098907285001155879 -0.033091682913157582 0.091190484679985487 -0.083606363607099651 0.28812387436352105 -0.13347683890137022 -0.067154303845640209 0.034992338389972601 0.048024154598043163 0.17158432617763289 0.28855058572279213 0.01527624129847549 -0.23758320418787296 0.031284177779005093 -0.028499576056289187 -0.006705905268383416 0.057938544127674713 -0.06088967636953499 0.032518566781808485 -0.28345071644266762 0.015720386772580228 -0.0096876123769878975 0.1613158059521225 -0.16475829682637291 0.16955064515228824 -0.022557162655198405 -0.159081389642662 0.0033150761734284996 -0.12109585115632177 0.01821694288592517 0.16584112845261881 -0.29410680244848475 -0.070382840503268637 0.040907223986737025 -7.3245338313010494e-05 0.11168728388158584 0.01406807276409152 -0.20452392631977115 -0.18833205872321535 -0.1286546444926247 1 2 1
0.78446454055273618 1.6571813419176551 -0.11392660001027233 0.17445514245234756 -0.36758036921859072 0.23500162058470436 0.10789195586464589 -0.2400552768972383 -0.28424235674850629 0.21830219208003498 -0.3837790710425627 -0.05419010045503754 0.20472777385238683 0.15601492746966558 0.19627549052829779 -0.23383637951465711 -0.044657586896618806 -0.21592367079835884 0.39329453970786327 0.1548745114007396 -0.031635759897199647 -0.26616222254005972 -0.12608745868617952 0.38252203546112717 0.19978690350722569 -0.012840054988789174 -0.34140969592022891 -0.25649675861373272 0.23095736663992306 0.10811788415167492 0.22063499477701776 0.35802266652424114 0.32753923733378276 -0.20731176865914458 0.010032464697776966 0.2015290505269845 -0.20508634123320563 0.20699070510273065 0.38129841728061281 -0.27998946848050993 0.09981056196747505 0.30267193365530592 0.34512191396127223 -0.25611453152160035 -0.050673692477579205 -0.22848071064874029 0.20862208889741468 -0.2859729369323607 0.39225937762770074 0.178957881702733 -0.024574119534782123 0.17022733025907524 -0.11621806504773391 -0.015577820304225675 -0.23105949526155248 0.27753433968693692 0.27792106433464803 0.048186401111176537 -0.13743863826757755 0.046739424224596357 -0.16205628194926144 -0.16296095897489374 0.15475560134157409 -0.13048403240183118 0.075714882234234018 0.026802727405122528 -0.065153035329084896 0.11351645711611108 0.085477578282200942 -0.0597566109738423 -0.27772042708620875 0.23702525521898404 -0.0031296656996535163 -0.16941547881264987 -0.22271498253810915 0.13650789489220927 -0.22337053879337457 0.075407633715420877 0.20600063982725605 -0.1465231062613607 -0.068418776915191354 0.13473370208779448 -0.039921191072668623 0.0063006855769056841 -0.093110473748179684 0.13405044785829393 -0.17257745855177817 0.068616981380381969 -0.16152200797845823 -0.22262877208895535 0.010331788150211895 0.23684644446241798 -0.13675949998349618 -0.28858382048474424 -0.049741932288902266 0.019876767401500194 0.18619334469590479 -0.094366351235384949 0.18384485822979366 0.25972752357413903 0.26361345850858431 -0.097933071909552874 0.29077812591643787 0.27645272666786475 -0.1612247870506345 0.026413195089534502 -0.16461027662147437 -0.091253137307786766 -0.1844275882111184 0.027171512044884171 0.1318583098225167 0.11710313547196861 0.13108752562370268 0.24534962697255969 0.027455346142879231 0.12150552056862024 -0.052618100885686789 -0.075857747997142247 0.14291859173336113 0.14234893239987886 -0.15724724969395024 0.021363616400809259 -0.0075215847605101249 0.2054802199450248 0.29791866874095635 0.26493217993483914 0.16380579893572941 -0.0031589969810376316 -0.073331219381859006 0.15064563863656433 -0.15691628889345768 -0.016524066272138049 0.23144519323441518 0.19693505462681019 -0.1561157581982153 0.12214100817109801 -0.039900277292130658 -0.022343717054202305 0.18880950732098087 -0.23443071623618905 0.18063013038207662 -0.14010752972771529 -0.20599285670001716 0.043066733615612883 -0.25212197345740117 -0.15505951964713374 0.29429752980341972 -0.27799030907322736 -0.008962694561222161 0.060356153806134349 -0.17924754882587671 -0.10804302376010046 0.08623632218600194 0.26579688716659039 0.21373738723408148 -0.28206244749273895 -0.12513251552900884 0.0057841900811865798 0.081670093095298865 -0.19570806839552979 0.21682041152754541 0.074343420957943454 0.1127973740984325 -0.0059474846209915944 -0.019161009850256372 0.29682152530254141 -0.025176745248299402 -0.2118875022922421 -0.21948950012636817 0.2513945915682268 -0.10134745172150221 0.27248630420792236 -0.10066950787017367 -0.035606154869479552 0.25674608911573599 0.24103711557805046 0.05829933496331012 0.042854187753463946 -0.074960041857794632 0.01535201204144989 -0.032939953684845591 -0.099955309795733083 0.012690909451859156 -0.25937512849192729 0.13450323678493573 -0.07963271742452549 -0.076225608805144923 0.18397920790234293 -0.21567209843458485 0.21980115693795235 0.072779254508124946 -0.051303017917392335 0.18539347690689736 0.2014787594754639 0.059602369696404867 0.12164685770015905 -0.29218041056235777 -0.1740164060807628 0.032014654942332132 0.21041187953306531 2 3 2
0.2672612419124244 2.6191601707417589 -0.12680922031866287 -0.30671311225599029 0.087867628391274891 0.29849658286088049 0.14894847174230261 0.13850620963084337 0.32417277464527389 -0.31319658208719059 -0.28956462093399332 0.22969094730783396 0.21786573564327263 -0.38506236198716493 0.35739586462283096 -0.20005220763220422 -0.21870951778757233 -0.11868398844910155 0.29878345610413409 -0.31190581578563753 -0.34230659867489943 -0.31102071385071106 -0.032672752868180235 -0.31137829648610521 -0.27166558610917457 -0.22264940664512523 0.33922883014717109 0.37994924744376085 0.3360073955081111 0.0079082687518795321 0.1193606141946808 -0.27367092978475682 -0.15883061634664897 0.19470678218100332 -0.38993939145108442 0.24868336289786425 -0.095299607264154235 0.014152492908065818 0.29268141104534084 0.054025802289359964 -0.22034516782695493 -0.26290527060173446 -0.070927515872380109 0.37730674153318672 0.25247458653280014 0.2109527068007557 -0.097935572178946828 -0.070410599011988234 -0.33595326671933967 -0.23364864725500425 0 0 0 0 0 0 0 0 0 0 0 0 0 0 0 0 0 0 0 0 0 0 0 0 0 0 0 0 0 0 0 0 0 0 0 0 0 0 0 0 0 0 0 0 0 0 0 0 0 0 0 0 0 0 0 0 0 0 0 0 0 0 0 0 0 0 0 0 0 0 0 0 0 0 0 0 0 0 0 0 0 0 0 0 0 0 0 0 0 0 0 0 0 0 0 0 0 0 0 0 0 0 0 0 0 0 0 0 0 0 0 0 0 0 0 0 0 0 0 0 0 0 0 0 0 0 0 0 0 0 0 0 0 0 0 0 0 0 0 0 0 0 0 0 0 0 0 0 0 0 0 0 0
0.2672612419124244 2.6191601707417589 -0.12680922031866287 -0.30671311225599029 0.087867628391274891 0.29849658286088049 0.14894847174230261 0.13850620963084337 0.32417277464527389 -0.31319658208719059 -0.28956462093399332 0.22969094730783396 0.21786573564327263 -0.38506236198716493 0.35739586462283096 -0.20005220763220422 -0.21870951778757233 -0.11868398844910155 0.29878345610413409 -0.31190581578563753 -0.34230659867489943 -0.31102071385071106 -0.032672752868180235 -0.31137829648610521 -0.27166558610917457 -0.22264940664512523 0.33922883014717109 0.37994924744376085 0.3360073955081111 0.0079082687518795321 0.1193606141946808 -0.27367092978475682 -0.15883061634664897 0.19470678218100332 -0.38993939145108442 0.24868336289786425 -0.095299607264154235 0.014152492908065818 0.29268141104534084 0.054025802289359964 -0.22034516782695493 -0.26290527060173446 -0.070927515872380109 0.37730674153318672 0.25247458653280014 0.2109527068007557 -0.097935572178946828 -0.070410599011988234 -0.33595326671933967 -0.23364864725500425 0.1020620316391664 0 0 0 0 0 0 0 0 0 0 0 0 0 0 0 0 0 0 0 0 0 0 0 0 0 0 0 0 0 0 0 0 0 0 0 0 0 0 0 0 0 0 0 0 0 0 0 0 0 0.98898276431055143 0 0 0 0 0 0 0 0 0 0 0 0 0 0 0 0 0 0 0 0 0 0 0 0 0 0 0 0 0 0 0 0 0 0 0 0 0 0 0 0 0 0 0 0 0 0 0 0 0 -0.10722142320611946 0 0 0 0 0 0 0 0 0 0 0 0 0 0 0 0 0 0 0 0 0 0 0 0 0 0 0 0 0 0 0 0 0 0 0 0 0 0 0 0 0 0 0 0 0 0 0 0 0 0 0 0
0.2672612419124244 2.6191601707417589 -0.12680922031866287 -0.30671311225599029 0.087867628391274891 0.29849658286088049 0.14894847174230261 0.13850620963084337 0.32417277464527389 -0.31319658208719059 -0.28956462093399332 0.22969094730783396 0.21786573564327263 -0.38506236198716493 0.35739586462283096 -0.20005220763220422 -0.21870951778757233 -0.11868398844910155 0.29878345610413409 -0.31190581578563753 -0.34230659867489943 -0.31102071385071106 -0.032672752868180235 -0.31137829648610521 -0.27166558610917457 -0.22264940664512523 0.33922883014717109 0.37994924744376085 0.3360073955081111 0.0079082687518795321 0.1193606141946808 -0.27367092978475682 -0.15883061634664897 0.19470678218100332 -0.38993939145108442 0.24868336289786425 -0.095299607264154235 0.014152492908065818 0.29268141104534084 0.054025802289359964 -0.22034516782695493 -0.26290527060173446 -0.070927515872380109 0.37730674153318672 0.25247458653280014 0.2109527068007557 -0.097935572178946828 -0.070410599011988234 -0.33595326671933967 -0.23364864725500425 0 0.1020620316391664 0 0 0 0 0 0 0 0 0 0 0 0 0 0 0 0 0 0 0 0 0 0 0 0 0 0 0 0 0 0 0 0 0 0 0 0 0 0 0 0 0 0 0 0 0 0 0 0 0 0.98898276431055143 0 0 0 0 0 0 0 0 0 0 0 0 0 0 0 0 0 0 0 0 0 0 0 0 0 0 0 0 0 0 0 0 0 0 0 0 0 0 0 0 0 0 0 0 0 0 0 0 0 -0.10722142320611946 0 0 0 0 0 0 0 0 0 0 0 0 0 0 0 0 0 0 0 0 0 0 0 0 0 0 0 0 0 0 0 0 0 0 0 0 0 0 0 0 0 0 0 0 0 0 0 0 0 0 0
0.2672612419124244 2.6191601707417589 -0.12680922031866287 -0.30671311225599029 0.087867628391274891 0.29849658286088049 0.14894847174230261 0.13850620963084337 0.32417277464527389 -0.31319658208719059 -0.28956462093399332 0.22969094730783396 0.21786573564327263 -0.38506236198716493 0.35739586462283096 -0.20005220763220422 -0.21870951778757233 -0.11868398844910155 0.29878345610413409 -0.31190581578563753 -0.34230659867489943 -0.31102071385071106 -0.032672752868180235 -0.31137829648610521 -0.27166558610917457 -0.22264940664512523 0.33922883014717109 0.37994924744376085 0.3360073955081111 0.0079082687518795321 0.1193606141946808 -0.27367092978475682 -0.15883061634664897 0.19470678218100332 -0.38993939145108442 0.24868336289786425 -0.095299607264154235 0.014152492908065818 0.29268141104534084 0.054025802289359964 -0.22034516782695493 -0.26290527060173446 -0.070927515872380109 0.37730674153318672 0.25247458653280014 0.2109527068007557 -0.097935572178946828 -0.070410599011988234 -0.33595326671933967 -0.23364864725500425 0 0 0.1020620316391664 0 0 0 0 0 0 0 0 0 0 0 0 0 0 0 0 0 0 0 0 0 0 0 0 0 0 0 0 0 0 0 0 0 0 0 0 0 0 0 0 0 0 0 0 0 0 0 0 0 0.98898276431055143 0 0 0 0 0 0 0 0 0 0 0 0 0 0 0 0 0 0 0 0 0 0 0 0 0 0 0 0 0 0 0 0 0 0 0 0 0 0 0 0 0 0 0 0 0 0 0 0 0 -0.10722142320611946 0 0 0 0 0 0 0 0 0 0 0 0 0 0 0 0 0 0 0 0 0 0 0 0 0 0 0 0 0 0 0 0 0 0 0 0 0 0 0 0 0 0 0 0 0 0 0 0 0 0
0.2672612419124244 2.6191601707417589 -0.12680922031866287 -0.30671311225599029 0.087867628391274891 0.29849658286088049 0.14894847174230261 0.13850620963084337 0.32417277464527389 -0.31319658208719059 -0.28956462093399332 0.22969094730783396 0.21786573564327263 -0.38506236198716493 0.35739586462283096 -0.20005220763220422 -0.21870951778757233 -0.11868398844910155 0.29878345610413409 -0.31190581578563753 -0.34230659867489943 -0.31102071385071106 -0.032672752868180235 -0.31137829648610521 -0.27166558610917457 -0.22264940664512523 0.33922883014717109 0.37994924744376085 0.3360073955081111 0.0079082687518795321 0.1193606141946808 -0.27367092978475682 -0.15883061634664897 0.19470678218100332 -0.38993939145108442 0.24868336289786425 -0.095299607264154235 0.014152492908065818 0.29268141104534084 0.054025802289359964 -0.22034516782695493 -0.26290527060173446 -0.070927515872380109 0.37730674153318672 0.25247458653280014 0.2109527068007557 -0.097935572178946828 -0.070410599011988234 -0.33595326671933967 -0.23364864725500425 0 0 0 0.1020620316391664 0 0 0 0 0 0 0 0 0 0 0 0 0 0 0 0 0 0 0 0 0 0 0 0 0 0 0 0 0 0 0 0 0 0 0 0 0 0 0 0 0 0 0 0 0 0 0 0 0 0.98898276431055143 0 0 0 0 0 0 0 0 0 0 0 0 0 0 0 0 0 0 0 0 0 0 0 0 0 0 0 0 0 0 0 0 0 0 0 0 0 0 0 0 0 0 0 0 0 0 0 0 0 -0.10722142320611946 0 0 0 0 0 0 0 0 0 0 0 0 0 0 0 0 0 0 0 0 0 0 0 0 0 0 0 0 0 0 0 0 0 0 0 0 0 0 0 0 0 0 0 0 0 0 0 0 0
0.2672612419124244 2.6191601707417589 -0.12680922031866287 -0.30671311225599029 0.087867628391274891 0.29849658286088049 0.14894847174230261 0.13850620963084337 0.32417277464527389 -0.31319658208719059 -0.28956462093399332 0.22969094730783396 0.21786573564327263 -0.38506236198716493 0.35739586462283096 -0.20005220763220422 -0.21870951778757233 -0.11868398844910155 0.29878345610413409 -0.31190581578563753 -0.34230659867489943 -0.31102071385071106 -0.032672752868180235 -0.31137829648610521 -0.27166558610917457 -0.22264940664512523 0.33922883014717109 0.37994924744376085 0.3360073955081111 0.0079082687518795321 0.1193606141946808 -0.27367092978475682 -0.15883061634664897 0.19470678218100332 -0.38993939145108442 0.24868336289786425 -0.095299607264154235 0.014152492908065818 0.29268141104534084 0.054025802289359964 -0.22034516782695493 -0.26290527060173446 -0.070927515872380109 0.37730674153318672 0.25247458653280014 0.2109527068007557 -0.097935572178946828 -0.070410599011988234 -0.33595326671933967 -0.23364864725500425 0 0 0 0 0.1020620316391664 0 0 0 0 0 0 0 0 0 0 0 0 0 0 0 0 0 0 0 0 0 0 0 0 0 0 0 0 0 0 0 0 0 0 0 0 0 0 0 0 0 0 0 0 0 0 0 0 0 0.98898276431055143 0 0 0 0 0 0 0 0 0 0 0 0 0 0 0 0 0 0 0 0 0 0 0 0 0 0 0 0 0 0 0 0 0 0 0 0 0 0 0 0 0 0 0 0 0 0 0 0 0 -0.10722142320611946 0 0 0 0 0 0 0 0 0 0 0 0 0 0 0 0 0 0 0 0 0 0 0 0 0 0 0 0 0 0 0 0 0 0 0 0 0 0 0 0 0 0 0 0 0 0 0 0
0.2672612419124244 2.6191601707417589 -0.12680922031866287 -0.30671311225599029 0.087867628391274891 0.29849658286088049 0.14894847174230261 0.13850620963084337 0.32417277464527389 -0.31319658208719059 -0.28956462093399332 0.22969094730783396 0.21786573564327263 -0.38506236198716493 0.35739586462283096 -0.20005220763220422 -0.21870951778757233 -0.11868398844910155 0.29878345610413409 -0.31190581578563753 -0.34230659867489943 -0.31102071385071106 -0.032672752868180235 -0.31137829648610521 -0.27166558610917457 -0.22264940664512523 0.33922883014717109 0.37994924744376085 0.3360073955081111 0.0079082687518795321 0.1193606141946808 -0.27367092978475682 -0.15883061634664897 0.19470678218100332 -0.38993939145108442 0.24868336289786425 -0.095299607264154235 0.014152492908065818 0.29268141104534084 0.054025802289359964 -0.22034516782695493 -0.26290527060173446 -0.070927515872380109 0.37730674153318672 0.25247458653280014 0.2109527068007557 -0.097935572178946828 -0.070410599011988234 -0.33595326671933967 -0.23364864725500425 0 0 0 0 0 0.1020620316391664 0 0 0 0 0 0 0 0 0 0 0 0 0 0 0 0 0 0 0 0 0 0 0 0 0 0 0 0 0 0 0 0 0 0 0 0 0 0 0 0 0 0 0 0 0 0 0 0 0 0.98898276431055143 0 0 0 0 0 0 0 0 0 0 0 0 0 0 0 0 0 0 0 0 0 0 0 0 0 0 0 0 0 0 0 0 0 0 0 0 0 0 0 0 0 0 0 0 0 0 0 0 0 -0.10722142320611946 0 0 0 0 0 0 0 0 0 0 0 0 0 0 0 0 0 0 0 0 0 0 0 0 0 0 0 0 0 0 0 0 0 0 0 0 0 0 0 0 0 0 0 0 0 0 0
0.2672612419124244 2.6191601707417589 -0.12680922031866287 -0.30671311225599029 0.087867628391274891 0.29849658286088049 0.14894847174230261 0.13850620963084337 0.32417277464527389 -0.31319658208719059 -0.28956462093399332 0.22969094730783396 0.21786573564327263 -0.38506236198716493 0.35739586462283096 -0.20005220763220422 -0.21870951778757233 -0.11868398844910155 0.29878345610413409 -0.31190581578563753 -0.34230659867489943 -0.31102071385071106 -0.032672752868180235 -0.31137829648610521 -0.27166558610917457 -0.22264940664512523 0.33922883014717109 0.37994924744376085 0.3360073955081111 0.0079082687518795321 0.1193606141946808 -0.27367092978475682 -0.15883061634664897 0.19470678218100332 -0.38993939145108442 0.24868336289786425 -0.095299607264154235 0.014152492908065818 0.29268141104534084 0.054025802289359964 -0.22034516782695493 -0.26290527060173446 -0.070927515872380109 0.37730674153318672 0.25247458653280014 0.2109527068007557 -0.097935572178946828 -0.070410599011988234 -0.33595326671933967 -0.23364864725500425 0 0 0 0 0 0 0.1020620316391664 0 0 0 0 0 0 0 0 0 0 0 0 0 0 0 0 0 0 0 0 0 0 0 0 0 0 0 0 0 0 0 0 0 0 0 0 0 0 0 0 0 0 0 0 0 0 0 0 0 0.98898276431055143 0 0 0 0 0 0 0 0 0 0 0 0 0 0 0 0 0 0 0 0 0 0 0 0 0 0 0 0 0 0 0 0 0 0 0 0 0 0 0 0 0 0 0 0 0 0 0 0 0 -0.10722142320611946 0 0 0 0 0 0 0 0 0 0 0 0 0 0 0 0 0 0 0 0 0 0 0 0 0 0 0 0 0 0 0 0 0 0 0 0 0 0 0 0 0 0 0 0 0 0
0.2672612419124244 2.6191601707417589 -0.12680922031866287 -0.30671311225599029 0.087867628391274891 0.29849658286088049 0.14894847174230261 0.13850620963084337 0.32417277464527389 -0.31319658208719059 -0.28956462093399332 0.22969094730783396 0.21786573564327263 -0.38506236198716493 0.35739586462283096 -0.20005220763220422 -0.21870951778757233 -0.11868398844910155 0.29878345610413409 -0.31190581578563753 -0.34230659867489943 -0.31102071385071106 -0.032672752868180235 -0.31137829648610521 -0.27166558610917457 -0.22264940664512523 0.33922883014717109 0.37994924744376085 0.3360073955081111 0.0079082687518795321 0.1193606141946808 -0.27367092978475682 -0.15883061634664897 0.19470678218100332 -0.38993939145108442 0.24868336289786425 -0.095299607264154235 0.014152492908065818 0.29268141104534084 0.054025802289359964 -0.22034516782695493 -0.26290527060173446 -0.070927515872380109 0.37730674153318672 0.25247458653280014 0.2109527068007557 -0.097935572178946828 -0.070410599011988234 -0.33595326671933967 -0.23364864725500425 0 0 0 0 0 0 0 0.1020620316391664 0 0 0 0 0 0 0 0 0 0 0 0 0 0 0 0 0 0 0 0 0 0 0 0 0 0 0 0 0 0 0 0 0 0 0 0 0 0 0 0 0 0 0 0 0 0 0 0 0 0.98898276431055143 0 0 0 0 0 0 0 0 0 0 0 0 0 0 0 0 0 0 0 0 0 0 0 0 0 0 0 0 0 0 0 0 0 0 0 0 0 0 0 0 0 0 0 0 0 0 0 0 0 -0.10722142320611946 0 0 0 0 0 0 0 0 0 0 0 0 0 0 0 0 0 0 0 0 0 0 0 0 0 0 0 0 0 0 0 0 0 0 0 0 0 0 0 0 0 0 0 0 0
0.2672612419124244 2.6191601707417589 -0.12680922031866287 -0.30671311225599029 0.087867628391274891 0.29849658286088049 0.14894847174230261 0.13850620963084337 0.32417277464527389 -0.31319658208719059 -0.28956462093399332 0.22969094730783396 0.21786573564327263 -0.38506236198716493 0.35739586462283096 -0.20005220763220422 -0.21870951778757233 -0.11868398844910155 0.29878345610413409 -0.31190581578563753 -0.34230659867489943 -0.31102071385071106 -0.032672752868180235 -0.31137829648610521 -0.27166558610917457 -0.22264940664512523 0.33922883014717109 0.37994924744376085 0.3360073955081111 0.0079082687518795321 0.1193606141946808 -0.27367092978475682 -0.15883061634664897 0.19470678218100332 -0.38993939145108442 0.24868336289786425 -0.095299607264154235 0.014152492908065818 0.29268141104534084 0.054025802289359964 -0.22034516782695493 -0.26290527060173446 -0.070927515872380109 0.37730674153318672 0.25247458653280014 0.2109527068007557 -0.097935572178946828 -0.070410599011988234 -0.33595326671933967 -0.23364864725500425 0 0 0 0 0 0 0 0 0.1020620316391664 0 0 0 0 0 0 0 0 0 0 0 0 0 0 0 0 0 0 0 0 0 0 0 0 0 0 0 0 0 0 0 0 0 0 0 0 0 0 0 0 0 0 0 0 0 0 0 0 0 0.98898276431055143 0 0 0 0 0 0 0 0 0 0 0 0 0 0 0 0 0 0 0 0 0 0 0 0 0 0 0 0 0 0 0 0 0 0 0 0 0 0 0 0 0 0 0 0 0 0 0 0 0 -0.10722142320611946 0 0 0 0 0 0 0 0 0 0 0 0 0 0 0 0 0 0 0 0 0 0 0 0 0 0 0 0 0 0 0 0 0 0 0 0 0 0 0 0 0 0 0 0
0.2672612419124244 2.6191601707417589 -0.12680922031866287 -0.30671311225599029 0.087867628391274891 0.29849658286088049 0.14894847174230261 0.13850620963084337 0.32417277464527389 -0.31319658208719059 -0.28956462093399332 0.22969094730783396 0.21786573564327263 -0.38506236198716493 0.35739586462283096 -0.20005220763220422 -0.21870951778757233 -0.11868398844910155 0.29878345610413409 -0.31190581578563753 -0.34230659867489943 -0.31102071385071106 -0.032672752868180235 -0.31137829648610521 -0.27166558610917457 -0.22264940664512523 0.33922883014717109 0.37994924744376085 0.3360073955081111 0.0079082687518795321 0.1193606141946808 -0.27367092978475682 -0.15883061634664897 0.19470678218100332 -0.38993939145108442 0.24868336289786425 -0.095299607264154235 0.014152492908065818 0.29268141104534084 0.054025802289359964 -0.22034516782695493 -0.26290527060173446 -0.070927515872380109 0.37730674153318672 0.25247458653280014 0.2109527068007557 -0.097935572178946828 -0.070410599011988234 -0.33595326671933967 -0.23364864725500425 0 0 0 0 0 0 0 0 0 0.1020620316391664 0 0 0 0 0 0 0 0 0 0 0 0 0 0 0 0 0 0 0 0 0 0 0 0 0 0 0 0 0 0 0 0 0 0 0 0 0 0 0 0 0 0 0 0 0 0 0 0 0 0.98898276431055143 0 0 0 0 0 0 0 0 0 0 0 0 0 0 0 0 0 0 0 0 0 0 0 0 0 0 0 0 0 0 0 0 0 0 0 0 0 0 0 0 0 0 0 0 0 0 0 0 0 -0.10722142320611946 0 0 0 0 0 0 0 0 0 0 0 0 0 0 0 0 0 0 0 0 0 0 0 0 0 0 0 0 0 0 0 0 0 0 0 0 0 0 0 0 0 0 0
0.2672612419124244 2.6191601707417589 -0.12680922031866287 -0.30671311225599029 0.087867628391274891 0.29849658286088049 0.14894847174230261 0.13850620963084337 0.32417277464527389 -0.31319658208719059 -0.28956462093399332 0.22969094730783396 0.21786573564327263 -0.38506236198716493 0.35739586462283096 -0.20005220763220422 -0.21870951778757233 -0.11868398844910155 0.29878345610413409 -0.31190581578563753 -0.34230659867489943 -0.31102071385071106 -0.032672752868180235 -0.31137829648610521 -0.27166558610917457 -0.22264940664512523 0.33922883014717109 0.37994924744376085 0.3360073955081111 0.0079082687518795321 0.1193606141946808 -0.27367092978475682 -0.15883061634664897 0.19470678218100332 -0.38993939145108442 0.24868336289786425 -0.095299607264154235 0.014152492908065818 0.29268141104534084 0.054025802289359964 -0.22034516782695493 -0.26290527060173446 -0.070927515872380109 0.37730674153318672 0.25247458653280014 0.2109527068007557 -0.097935572178946828 -0.070410599011988234 -0.33595326671933967 -0.23364864725500425 0 0 0 0 0 0 0 0 0 0 0.1020620316391664 0 0 0 0 0 0 0 0 0 0 0 0 0 0 0 0 0 0 0 0 0 0 0 0 0 0 0 0 0 0 0 0 0 0 0 0 0 0 0 0 0 0 0 0 0 0 0 0 0 0.98898276431055143 0 0 0 0 0 0 0 0 0 0 0 0 0 0 0 0 0 0 0 0 0 0 0 0 0 0 0 0 0 0 0 0 0 0 0 0 0 0 0 0 0 0 0 0 0 0 0 0 0 -0.10722142320611946 0 0 0 0 0 0 0 0 0 0 0 0 0 0 0 0 0 0 0 0 0 0 0 0 0 0 0 0 0 0 0 0 0 0 0 0 0 0 0 0 0 0
0.2672612419124244 2.6191601707417589 -0.12680922031866287 -0.30671311225599029 0.087867628391274891 0.29849658286088049 0.14894847174230261 0.13850620963084337 0.32417277464527389 -0.31319658208719059 -0.28956462093399332 0.22969094730783396 0.21786573564327263 -0.38506236198716493 0.35739586462283096 -0.20005220763220422 -0.21870951778757233 -0.11868398844910155 0.29878345610413409 -0.31190581578563753 -0.34230659867489943 -0.31102071385071106 -0.032672752868180235 -0.31137829648610521 -0.27166558610917457 -0.22264940664512523 0.33922883014717109 0.37994924744376085 0.3360073955081111 0.0079082687518795321 0.1193606141946808 -0.27367092978475682 -0.15883061634664897 0.19470678218100332 -0.38993939145108442 0.24868336289786425 -0.095299607264154235 0.014152492908065818 0.29268141104534084 0.054025802289359964 -0.22034516782695493 -0.26290527060173446 -0.070927515872380109 0.37730674153318672 0.25247458653280014 0.2109527068007557 -0.097935572178946828 -0.070410599011988234 -0.33595326671933967 -0.23364864725500425 0 0 0 0 0 0 0 0 0 0 0 0.1020620316391664 0 0 0 0 0 0 0 0 0 0 0 0 0 0 0 0 0 0 0 0 0 0 0 0 0 0 0 0 0 0 0 0 0 0 0 0 0 0 0 0 0 0 0 0 0 0 0 0 0 0.98898276431055143 0 0 0 0 0 0 0 0 0 0 0 0 0 0 0 0 0 0 0 0 0 0 0 0 0 0 0 0 0 0 0 0 0 0 0 0 0 0 0 0 0 0 0 0 0 0 0 0 0 -0.10722142320611946 0 0 0 0 0 0 0 0 0 0 0 0 0 0 0 0 0 0 0 0 0 0 0 0 0 0 0 0 0 0 0 0 0 0 0 0 0 0 0 0 0
0.2672612419124244 2.6191601707417589 -0.12680922031866287 -0.30671311225599029 0.087867628391274891 0.29849658286088049 0.14894847174230261 0.13850620963084337 0.32417277464527389 -0.31319658208719059 -0.28956462093399332 0.22969094730783396 0.21786573564327263 -0.38506236198716493 0.35739586462283096 -0.20005220763220422 -0.21870951778757233 -0.11868398844910155 0.29878345610413409 -0.31190581578563753 -0.34230659867489943 -0.31102071385071106 -0.032672752868180235 -0.31137829648610521 -0.27166558610917457 -0.22264940664512523 0.33922883014717109 0.37994924744376085 0.3360073955081111 0.0079082687518795321 0.1193606141946808 -0.27367092978475682 -0.15883061634664897 0.19470678218100332 -0.38993939145108442 0.24868336289786425 -0.095299607264154235 0.014152492908065818 0.29268141104534084 0.054025802289359964 -0.22034516782695493 -0.26290527060173446 -0.070927515872380109 0.37730674153318672 0.25247458653280014 0.2109527068007557 -0.097935572178946828 -0.070410599011988234 -0.33595326671933967 -0.23364864725500425 0 0 0 0 0 0 0 0 0 0 0 0 0.1020620316391664 0 0 0 0 0 0 0 0 0 0 0 0 0 0 0 0 0 0 0 0 0 0 0 0 0 0 0 0 0 0 0 0 0 0 0 0 0 0 0 0 0 0 0 0 0 0 0 0 0 0.98898276431055143 0 0 0 0 0 0 0 0 0 0 0 0 0 0 0 0 0 0 0 0 0 0 0 0 0 0 0 0 0 0 0 0 0 0 0 0 0 0 0 0 0 0 0 0 0 0 0 0 0 -0.10722142320611946 0 0 0 0 0 0 0 0 0 0 0 0 0 0 0 0 0 0 0 0 0 0 0 0 0 0 0 0 0 0 0 0 0 0 0 0 0 0 0 0
0.2672612419124244 2.6191601707417589 -0.12680922031866287 -0.30671311225599029 0.087867628391274891 0.29849658286088049 0.14894847174230261 0.13850620963084337 0.32417277464527389 -0.31319658208719059 -0.28956462093399332 0.22969094730783396 0.21786573564327263 -0.38506236198716493 0.35739586462283096 -0.20005220763220422 -0.21870951778757233 -0.11868398844910155 0.29878345610413409 -0.31190581578563753 -0.34230659867489943 -0.31102071385071106 -0.032672752868180235 -0.31137829648610521 -0.27166558610917457 -0.22264940664512523 0.33922883014717109 0.37994924744376085 0.3360073955081111 0.0079082687518795321 0.1193606141946808 -0.27367092978475682 -0.15883061634664897 0.19470678218100332 -0.38993939145108442 0.24868336289786425 -0.095299607264154235 0.014152492908065818 0.29268141104534084 0.054025802289359964 -0.22034516782695493 -0.26290527060173446 -0.070927515872380109 0.37730674153318672 0.25247458653280014 0.2109527068007557 -0.097935572178946828 -0.070410599011988234 -0.33595326671933967 -0.23364864725500425 0 0 0 0 0 0 0 0 0 0 0 0 0 0.1020620316391664 0 0 0 0 0 0 0 0 0 0 0 0 0 0 0 0 0 0 0 0 0 0 0 0 0 0 0 0 0 0 0 0 0 0 0 0 0 0 0 0 0 0 0 0 0 0 0 0 0 0.98898276431055143 0 0 0 0 0 0 0 0 0 0 0 0 0 0 0 0 0 0 0 0 0 0 0 0 0 0 0 0 0 0 0 0 0 0 0 0 0 0 0 0 0 0 0 0 0 0 0 0 0 -0.10722142320611946 0 0 0 0 0 0 0 0 0 0 0 0 0 0 0 0 0 0 0 0 0 0 0 0 0 0 0 0 0 0 0 0 0 0 0 0 0 0 0
0.2672612419124244 2.6191601707417589 -0.12680922031866287 -0.30671311225599029 0.087867628391274891 0.29849658286088049 0.14894847174230261 0.13850620963084337 0.32417277464527389 -0.31319658208719059 -0.28956462093399332 0.22969094730783396 0.21786573564327263 -0.38506236198716493 0.35739586462283096 -0.20005220763220422 -0.21870951778757233 -0.11868398844910155 0.29878345610413409 -0.31190581578563753 -0.34230659867489943 -0.31102071385071106 -0.032672752868180235 -0.31137829648610521 -0.27166558610917457 -0.22264940664512523 0.33922883014717109 0.37994924744376085 0.3360073955081111 0.0079082687518795321 0.1193606141946808 -0.27367092978475682 -0.15883061634664897 0.19470678218100332 -0.38993939145108442 0.24868336289786425 -0.095299607264154235 0.014152492908065818 0.29268141104534084 0.054025802289359964 -0.22034516782695493 -0.26290527060173446 -0.070927515872380109 0.37730674153318672 0.25247458653280014 0.2109527068007557 -0.097935572178946828 -0.070410599011988234 -0.33595326671933967 -0.23364864725500425 0 0 0 0 0 0 0 0 0 0 0 0 0 0 0.1020620316391664 0 0 0 0 0 0 0 0 0 0 0 0 0 0 0 0 0 0 0 0 0 0 0 0 0 0 0 0 0 0 0 0 0 0 0 0 0 0 0 0 0 0 0 0 0 0 0 0 0 0.98898276431055143 0 0 0 0 0 0 0 0 0 0 0 0 0 0 0 0 0 0 0 0 0 0 0 0 0 0 0 0 0 0 0 0 0 0 0 0 0 0 0 0 0 0 0 0 0 0 0 0 0 -0.10722142320611946 0 0 0 0 0 0 0 0 0 0 0 0 0 0 0 0 0 0 0 0 0 0 0 0 0 0 0 0 0 0 0 0 0 0 0 0 0 0
0.2672612419124244 2.6191601707417589 -0.12680922031866287 -0.30671311225599029 0.087867628391274891 0.29849658286088049 0.14894847174230261 0.13850620963084337 0.32417277464527389 -0.31319658208719059 -0.28956462093399332 0.22969094730783396 0.21786573564327263 -0.38506236198716493 0.35739586462283096 -0.20005220763220422 -0.21870951778757233 -0.11868398844910155 0.29878345610413409 -0.31190581578563753 -0.34230659867489943 -0.31102071385071106 -0.032672752868180235 -0.31137829648610521 -0.27166558610917457 -0.22264940664512523 0.33922883014717109 0.37994924744376085 0.3360073955081111 0.0079082687518795321 0.1193606141946808 -0.27367092978475682 -0.15883061634664897 0.19470678218100332 -0.38993939145108442 0.24868336289786425 -0.095299607264154235 0.014152492908065818 0.29268141104534084 0.054025802289359964 -0.22034516782695493 -0.26290527060173446 -0.070927515872380109 0.37730674153318672 0.25247458653280014 0.2109527068007557 -0.097935572178946828 -0.070410599011988234 -0.33595326671933967 -0.23364864725500425 0 0 0 0 0 0 0 0 0 0 0 0 0 0 0 0.1020620316391664 0 0 0 0 0 0 0 0 0 0 0 0 0 0 0 0 0 0 0 0 0 0 0 0 0 0 0 0 0 0 0 0 0 0 0 0 0 0 0 0 0 0 0 0 0 0 0 0 0 0.98898276431055143 0 0 0 0 0 0 0 0 0 0 0 0 0 0 0 0 0 0 0 0 0 0 0 0 0 0 0 0 0 0 0 0 0 0 0 0 0 0 0 0 0 0 0 0 0 0 0 0 0 -0.10722142320611946 0 0 0 0 0 0 0 0 0 0 0 0 0 0 0 0 0 0 0 0 0 0 0 0 0 0 0 0 0 0 0 0 0 0 0 0 0
0.2672612419124244 2.6191601707417589 -0.12680922031866287 -0.30671311225599029 0.087867628391274891 0.29849658286088049 0.14894847174230261 0.13850620963084337 0.32417277464527389 -0.31319658208719059 -0.28956462093399332 0.22969094730783396 0.21786573564327263 -0.38506236198716493 0.35739586462283096 -0.20005220763220422 -0.21870951778757233 -0.11868398844910155 0.29878345610413409 -0.31190581578563753 -0.34230659867489943 -0.31102071385071106 -0.032672752868180235 -0.31137829648610521 -0.27166558610917457 -0.22264940664512523 0.33922883014717109 0.37994924744376085 0.3360073955081111 0.0079082687518795321 0.1193606141946808 -0.27367092978475682 -0.15883061634664897 0.19470678218100332 -0.38993939145108442 0.24868336289786425 -0.095299607264154235 0.014152492908065818 0.29268141104534084 0.054025802289359964 -0.22034516782695493 -0.26290527060173446 -0.070927515872380109 0.37730674153318672 0.25247458653280014 0.2109527068007557 -0.097935572178946828 -0.070410599011988234 -0.33595326671933967 -0.23364864725500425 0 0 0 0 0 0 0 0 0 0 0 0 0 0 0 0 0.1020620316391664 0 0 0 0 0 0 0 0 0 0 0 0 0 0 0 0 0 0 0 0 0 0 0 0 0 0 0 0 0 0 0 0 0 0 0 0 0 0 0 0 0 0 0 0 0 0 0 0 0 0.98898276431055143 0 0 0 0 0 0 0 0 0 0 0 0 0 0 0 0 0 0 0 0 0 0 0 0 0 0 0 0 0 0 0 0 0 0 0 0 0 0 0 0 0 0 0 0 0 0 0 0 0 -0.10722142320611946 0 0 0 0 0 0 0 0 0 0 0 0 0 0 0 0 0 0 0 0 0 0 0 0 0 0 0 0 0 0 0 0 0 0 0 0
0.2672612419124244 2.6191601707417589 -0.12680922031866287 -0.30671311225599029 0.087867628391274891 0.29849658286088049 0.14894847174230261 0.13850620963084337 0.32417277464527389 -0.31319658208719059 -0.28956462093399332 0.22969094730783396 0.21786573564327263 -0.38506236198716493 0.35739586462283096 -0.20005220763220422 -0.21870951778757233 -0.11868398844910155 0.29878345610413409 -0.31190581578563753 -0.34230659867489943 -0.31102071385071106 -0.032672752868180235 -0.31137829648610521 -0.27166558610917457 -0.22264940664512523 0.33922883014717109 0.37994924744376085 0.3360073955081111 0.0079082687518795321 0.1193606141946808 -0.27367092978475682 -0.15883061634664897 0.19470678218100332 -0.38993939145108442 0.24868336289786425 -0.095299607264154235 0.014152492908065818 0.29268141104534084 0.054025802289359964 -0.22034516782695493 -0.26290527060173446 -0.070927515872380109 0.37730674153318672 0.25247458653280014 0.2109527068007557 -0.097935572178946828 -0.070410599011988234 -0.33595326671933967 -0.23364864725500425 0 0 0 0 0 0 0 0 0 0 0 0 0 0 0 0 0 0.1020620316391664 0 0 0 0 0 0 0 0 0 0 0 0 0 0 0 0 0 0 0 0 0 0 0 0 0 0 0 0 0 0 0 0 0 0 0 0 0 0 0 0 0 0 0 0 0 0 0 0 0 0.98898276431055143 0 0 0 0 0 0 0 0 0 0 0 0 0 0 0 0 0 0 0 0 0 0 0 0 0 0 0 0 0 0 0 0 0 0 0 0 0 0 0 0 0 0 0 0 0 0 0 0 0 -0.10722142320611946 0 0 0 0 0 0 0 0 0 0 0 0 0 0 0 0 0 0 0 0 0 0 0 0 0 0 0 0 0 0 0 0 0 0 0
0.2672612419124244 2.6191601707417589 -0.12680922031866287 -0.30671311225599029 0.087867628391274891 0.29849658286088049 0.14894847174230261 0.13850620963084337 0.32417277464527389 -0.31319658208719059 -0.28956462093399332 0.22969094730783396 0.21786573564327263 -0.38506236198716493 0.35739586462283096 -0.20005220763220422 -0.21870951778757233 -0.11868398844910155 0.29878345610413409 -0.31190581578563753 -0.34230659867489943 -0.31102071385071106 -0.032672752868180235 -0.31137829648610521 -0.27166558610917457 -0.22264940664512523 0.33922883014717109 0.37994924744376085 0.3360073955081111 0.0079082687518795321 0.1193606141946808 -0.27367092978475682 -0.15883061634664897 0.19470678218100332 -0.38993939145108442 0.24868336289786425 -0.095299607264154235 0.014152492908065818 0.29268141104534084 0.054025802289359964 -0.22034516782695493 -0.26290527060173446 -0.070927515872380109 0.37730674153318672 0.25247458653280014 0.2109527068007557 -0.097935572178946828 -0.070410599011988234 -0.33595326671933967 -0.23364864725500425 0 0 0 0 0 0 0 0 0 0 0 0 0 0 0 0 0 0 0.1020620316391664 0 0 0 0 0 0 0 0 0 0 0 0 0 0 0 0 0 0 0 0 0 0 0 0 0 0 0 0 0 0 0 0 0 0 0 0 0 0 0 0 0 0 0 0 0 0 0 0 0 0.98898276431055143 0 0 0 0 0 0 0 0 0 0 0 0 0 0 0 0 0 0 0 0 0 0 0 0 0 0 0 0 0 0 0 0 0 0 0 0 0 0 0 0 0 0 0 0 0 0 0 0 0 -0.10722142320611946 0 0 0 0 0 0 0 0 0 0 0 0 0 0 0 0 0 0 0 0 0 0 0 0 0 0 0 0 0 0 0 0 0 0
0.2672612419124244 2.6191601707417589 -0.12680922031866287 -0.30671311225599029 0.087867628391274891 0.29849658286088049 0.14894847174230261 0.13850620963084337 0.32417277464527389 -0.31319658208719059 -0.28956462093399332 0.22969094730783396 0.21786573564327263 -0.38506236198716493 0.35739586462283096 -0.20005220763220422 -0.21870951778757233 -0.11868398844910155 0.29878345610413409 -0.31190581578563753 -0.34230659867489943 -0.31102071385071106 -0.032672752868180235 -0.31137829648610521 -0.27166558610917457 -0.22264940664512523 0.33922883014717109 0.37994924744376085 0.3360073955081111 0.0079082687518795321 0.1193606141946808 -0.27367092978475682 -0.15883061634664897 0.19470678218100332 -0.38993939145108442 0.24868336289786425 -0.095299607264154235 0.014152492908065818 0.29268141104534084 0.054025802289359964 -0.22034516782695493 -0.26290527060173446 -0.070927515872380109 0.37730674153318672 0.25247458653280014 0.2109527068007557 -0.097935572178946828 -0.070410599011988234 -0.33595326671933967 -0.23364864725500425 0 0 0 0 0 0 0 0 0 0 0 0 0 0 0 0 0 0 0 0.1020620316391664 0 0 0 0 0 0 0 0 0 0 0 0 0 0 0 0 0 0 0 0 0 0 0 0 0 0 0 0 0 0 0 0 0 0 0 0 0 0 0 0 0 0 0 0 0 0 0 0 0 0.98898276431055143 0 0 0 0 0 0 0 0 0 0 0 0 0 0 0 0 0 0 0 0 0 0 0 0 0 0 0 0 0 0 0 0 0 0 0 0 0 0 0 0 0 0 0 0 0 0 0 0 0 -0.10722142320611946 0 0 0 0 0 0 0 0 0 0 0 0 0 0 0 0 0 0 0 0 0 0 0 0 0 0 0 0 0 0 0 0 0
0.2672612419124244 2.6191601707417589 -0.12680922031866287 -0.30671311225599029 0.087867628391274891 0.29849658286088049 0.14894847174230261 0.13850620963084337 0.32417277464527389 -0.31319658208719059 -0.28956462093399332 0.22969094730783396 0.21786573564327263 -0.38506236198716493 0.35739586462283096 -0.20005220763220422 -0.21870951778757233 -0.11868398844910155 0.29878345610413409 -0.31190581578563753 -0.34230659867489943 -0.31102071385071106 -0.032672752868180235 -0.31137829648610521 -0.27166558610917457 -0.22264940664512523 0.33922883014717109 0.37994924744376085 0.3360073955081111 0.0079082687518795321 0.1193606141946808 -0.27367092978475682 -0.15883061634664897 0.19470678218100332 -0.38993939145108442 0.24868336289786425 -0.095299607264154235 0.014152492908065818 0.29268141104534084 0.054025802289359964 -0.22034516782695493 -0.26290527060173446 -0.070927515872380109 0.37730674153318672 0.25247458653280014 0.2109527068007557 -0.097935572178946828 -0.070410599011988234 -0.33595326671933967 -0.23364864725500425 0 0 0 0 0 0 0 0 0 0 0 0 0 0 0 0 0 0 0 0 0.1020620316391664 0 0 0 0 0 0 0 0 0 0 0 0 0 0 0 0 0 0 0 0 0 0 0 0 0 0 0 0 0 0 0 0 0 0 0 0 0 0 0 0 0 0 0 0 0 0 0 0 0 0.98898276431055143 0 0 0 0 0 0 0 0 0 0 0 0 0 0 0 0 0 0 0 0 0 0 0 0 0 0 0 0 0 0 0 0 0 0 0 0 0 0 0 0 0 0 0 0 0 0 0 0 0 -0.10722142320611946 0 0 0 0 0 0 0 0 0 0 0 0 0 0 0 0 0 0 0 0 0 0 0 0 0 0 0 0 0 0 0 0
0.2672612419124244 2.6191601707417589 -0.12680922031866287 -0.30671311225599029 0.087867628391274891 0.29849658286088049 0.14894847174230261 0.13850620963084337 0.32417277464527389 -0.31319658208719059 -0.28956462093399332 0.22969094730783396 0.21786573564327263 -0.38506236198716493 0.35739586462283096 -0.20005220763220422 -0.21870951778757233 -0.11868398844910155 0.29878345610413409 -0.31190581578563753 -0.34230659867489943 -0.31102071385071106 -0.032672752868180235 -0.31137829648610521 -0.27166558610917457 -0.22264940664512523 0.33922883014717109 0.37994924744376085 0.3360073955081111 0.0079082687518795321 0.1193606141946808 -0.27367092978475682 -0.15883061634664897 0.19470678218100332 -0.38993939145108442 0.24868336289786425 -0.095299607264154235 0.014152492908065818 0.29268141104534084 0.054025802289359964 -0.22034516782695493 -0.26290527060173446 -0.070927515872380109 0.37730674153318672 0.25247458653280014 0.2109527068007557 -0.097935572178946828 -0.070410599011988234 -0.33595326671933967 -0.23364864725500425 0 0 0 0 0 0 0 0 0 0 0 0 0 0 0 0 0 0 0 0 0 0.1020620316391664 0 0 0 0 0 0 0 0 0 0 0 0 0 0 0 0 0 0 0 0 0 0 0 0 0 0 0 0 0 0 0 0 0 0 0 0 0 0 0 0 0 0 0 0 0 0 0 0 0 0.98898276431055143 0 0 0 0 0 0 0 0 0 0 0 0 0 0 0 0 0 0 0 0 0 0 0 0 0 0 0 0 0 0 0 0 0 0 0 0 0 0 0 0 0 0 0 0 0 0 0 0 0 -0.10722142320611946 0 0 0 0 0 0 0 0 0 0 0 0 0 0 0 0 0 0 0 0 0 0 0 0 0 0 0 0 0 0 0
0.2672612419124244 2.6191601707417589 -0.12680922031866287 -0.30671311225599029 0.087867628391274891 0.29849658286088049 0.14894847174230261 0.13850620963084337 0.32417277464527389 -0.31319658208719059 -0.28956462093399332 0.22969094730783396 0.21786573564327263 -0.38506236198716493 0.35739586462283096 -0.20005220763220422 -0.21870951778757233 -0.11868398844910155 0.29878345610413409 -0.31190581578563753 -0.34230659867489943 -0.31102071385071106 -0.032672752868180235 -0.31137829648610521 -0.27166558610917457 -0.22264940664512523 0.33922883014717109 0.37994924744376085 0.3360073955081111 0.0079082687518795321 0.1193606141946808 -0.27367092978475682 -0.15883061634664897 0.19470678218100332 -0.38993939145108442 0.24868336289786425 -0.095299607264154235 0.014152492908065818 0.29268141104534084 0.054025802289359964 -0.22034516782695493 -0.26290527060173446 -0.070927515872380109 0.37730674153318672 0.25247458653280014 0.2109527068007557 -0.097935572178946828 -0.070410599011988234 -0.33595326671933967 -0.23364864725500425 0 0 0 0 0 0 0 0 0 0 0 0 0 0 0 0 0 0 0 0 0 0 0.1020620316391664 0 0 0 0 0 0 0 0 0 0 0 0 0 0 0 0 0 0 0 0 0 0 0 0 0 0 0 0 0 0 0 0 0 0 0 0 0 0 0 0 0 0 0 0 0 0 0 0 0 0.98898276431055143 0 0 0 0 0 0 0 0 0 0 0 0 0 0 0 0 0 0 0 0 0 0 0 0 0 0 0 0 0 0 0 0 0 0 0 0 0 0 0 0 0 0 0 0 0 0 0 0 0 -0.10722142320611946 0 0 0 0 0 0 0 0 0 0 0 0 0 0 0 0 0 0 0 0 0 0 0 0 0 0 0 0 0 0
0.2672612419124244 2.6191601707417589 -0.12680922031866287 -0.30671311225599029 0.087867628391274891 0.29849658286088049 0.14894847174230261 0.13850620963084337 0.32417277464527389 -0.31319658208719059 -0.28956462093399332 0.22969094730783396 0.21786573564327263 -0.38506236198716493 0.35739586462283096 -0.20005220763220422 -0.21870951778757233 -0.11868398844910155 0.29878345610413409 -0.31190581578563753 -0.34230659867489943 -0.31102071385071106 -0.032672752868180235 -0.31137829648610521 -0.27166558610917457 -0.22264940664512523 0.33922883014717109 0.37994924744376085 0.3360073955081111 0.0079082687518795321 0.1193606141946808 -0.27367092978475682 -0.15883061634664897 0.19470678218100332 -0.38993939145108442 0.24868336289786425 -0.095299607264154235 0.014152492908065818 0.29268141104534084 0.054025802289359964 -0.22034516782695493 -0.26290527060173446 -0.070927515872380109 0.37730674153318672 0.25247458653280014 0.2109527068007557 -0.097935572178946828 -0.070410599011988234 -0.33595326671933967 -0.23364864725500425 0 0 0 0 0 0 0 0 0 0 0 0 0 0 0 0 0 0 0 0 0 0 0 0.1020620316391664 0 0 0 0 0 0 0 0 0 0 0 0 0 0 0 0 0 0 0 0 0 0 0 0 0 0 0 0 0 0 0 0 0 0 0 0 0 0 0 0 0 0 0 0 0 0 0 0 0 0.98898276431055143 0 0 0 0 0 0 0 0 0 0 0 0 0 0 0 0 0 0 0 0 0 0 0 0 0 0 0 0 0 0 0 0 0 0 0 0 0 0 0 0 0 0 0 0 0 0 0 0 0 -0.10722142320611946 0 0 0 0 0 0 0 0 0 0 0 0 0 0 0 0 0 0 0 0 0 0 0 0 0 0 0 0 0
0.2672612419124244 2.6191601707417589 -0.12680922031866287 -0.30671311225599029 0.087867628391274891 0.29849658286088049 0.14894847174230261 0.13850620963084337 0.32417277464527389 -0.31319658208719059 -0.28956462093399332 0.22969094730783396 0.21786573564327263 -0.38506236198716493 0.35739586462283096 -0.20005220763220422 -0.21870951778757233 -0.11868398844910155 0.29878345610413409 -0.31190581578563753 -0.34230659867489943 -0.31102071385071106 -0.032672752868180235 -0.31137829648610521 -0.27166558610917457 -0.22264940664512523 0.33922883014717109 0.37994924744376085 0.3360073955081111 0.0079082687518795321 0.1193606141946808 -0.27367092978475682 -0.15883061634664897 0.19470678218100332 -0.38993939145108442 0.24868336289786425 -0.095299607264154235 0.014152492908065818 0.29268141104534084 0.054025802289359964 -0.22034516782695493 -0.26290527060173446 -0.070927515872380109 0.37730674153318672 0.25247458653280014 0.2109527068007557 -0.097935572178946828 -0.070410599011988234 -0.33595326671933967 -0.23364864725500425 0 0 0 0 0 0 0 0 0 0 0 0 0 0 0 0 0 0 0 0 0 0 0 0 0.1020620316391664 0 0 0 0 0 0 0 0 0 0 0 0 0 0 0 0 0 0 0 0 0 0 0 0 0 0 0 0 0 0 0 0 0 0 0 0 0 0 0 0 0 0 0 0 0 0 0 0 0 0.98898276431055143 0 0 0 0 0 0 0 0 0 0 0 0 0 0 0 0 0 0 0 0 0 0 0 0 0 0 0 0 0 0 0 0 0 0 0 0 0 0 0 0 0 0 0 0 0 0 0 0 0 -0.10722142320611946 0 0 0 0 0 0 0 0 0 0 0 0 0 0 0 0 0 0 0 0 0 0 0 0 0 0 0 0
0.2672612419124244 2.6191601707417589 -0.12680922031866287 -0.30671311225599029 0.087867628391274891 0.29849658286088049 0.14894847174230261 0.13850620963084337 0.32417277464527389 -0.31319658208719059 -0.28956462093399332 0.22969094730783396 0.21786573564327263 -0.38506236198716493 0.35739586462283096 -0.20005220763220422 -0.21870951778757233 -0.11868398844910155 0.29878345610413409 -0.31190581578563753 -0.34230659867489943 -0.31102071385071106 -0.032672752868180235 -0.31137829648610521 -0.27166558610917457 -0.22264940664512523 0.33922883014717109 0.37994924744376085 0.3360073955081111 0.0079082687518795321 0.1193606141946808 -0.27367092978475682 -0.15883061634664897 0.19470678218100332 -0.38993939145108442 0.24868336289786425 -0.095299607264154235 0.014152492908065818 0.29268141104534084 0.054025802289359964 -0.22034516782695493 -0.26290527060173446 -0.070927515872380109 0.37730674153318672 0.25247458653280014 0.2109527068007557 -0.097935572178946828 -0.070410599011988234 -0.33595326671933967 -0.23364864725500425 0 0 0 0 0 0 0 0 0 0 0 0 0 0 0 0 0 0 0 0 0 0 0 0 0 0.1020620316391664 0 0 0 0 0 0 0 0 0 0 0 0 0 0 0 0 0 0 0 0 0 0 0 0 0 0 0 0 0 0 0 0 0 0 0 0 0 0 0 0 0 0 0 0 0 0 0 0 0 0.98898276431055143 0 0 0 0 0 0 0 0 0 0 0 0 0 0 0 0 0 0 0 0 0 0 0 0 0 0 0 0 0 0 0 0 0 0 0 0 0 0 0 0 0 0 0 0 0 0 0 0 0 -0.10722142320611946 0 0 0 0 0 0 0 0 0 0 0 0 0 0 0 0 0 0 0 0 0 0 0 0 0 0 0
0.2672612419124244 2.6191601707417589 -0.12680922031866287 -0.30671311225599029 0.087867628391274891 0.29849658286088049 0.14894847174230261 0.13850620963084337 0.32417277464527389 -0.31319658208719059 -0.28956462093399332 0.22969094730783396 0.21786573564327263 -0.38506236198716493 0.35739586462283096 -0.20005220763220422 -0.21870951778757233 -0.11868398844910155 0.29878345610413409 -0.31190581578563753 -0.34230659867489943 -0.31102071385071106 -0.032672752868180235 -0.31137829648610521 -0.27166558610917457 -0.22264940664512523 0.33922883014717109 0.37994924744376085 0.3360073955081111 0.0079082687518795321 0.1193606141946808 -0.27367092978475682 -0.15883061634664897 0.19470678218100332 -0.38993939145108442 0.24868336289786425 -0.095299607264154235 0.014152492908065818 0.29268141104534084 0.054025802289359964 -0.22034516782695493 -0.26290527060173446 -0.070927515872380109 0.37730674153318672 0.25247458653280014 0.2109527068007557 -0.097935572178946828 -0.070410599011988234 -0.33595326671933967 -0.23364864725500425 0 0 0 0 0 0 0 0 0 0 0 0 0 0 0 0 0 0 0 0 0 0 0 0 0 0 0.1020620316391664 0 0 0 0 0 0 0 0 0 0 0 0 0 0 0 0 0 0 0 0 0 0 0 0 0 0 0 0 0 0 0 0 0 0 0 0 0 0 0 0 0 0 0 0 0 0 0 0 0 0.98898276431055143 0 0 0 0 0 0 0 0 0 0 0 0 0 0 0 0 0 0 0 0 0 0 0 0 0 0 0 0 0 0 0 0 0 0 0 0 0 0 0 0 0 0 0 0 0 0 0 0 0 -0.10722142320611946 0 0 0 0 0 0 0 0 0 0 0 0 0 0 0 0 0 0 0 0 0 0 0 0 0 0
0.2672612419124244 2.6191601707417589 -0.12680922031866287 -0.30671311225599029 0.087867628391274891 0.29849658286088049 0.14894847174230261 0.13850620963084337 0.32417277464527389 -0.31319658208719059 -0.28956462093399332 0.22969094730783396 0.21786573564327263 -0.38506236198716493 0.35739586462283096 -0.20005220763220422 -0.21870951778757233 -0.11868398844910155 0.29878345610413409 -0.31190581578563753 -0.34230659867489943 -0.31102071385071106 -0.032672752868180235 -0.31137829648610521 -0.27166558610917457 -0.22264940664512523 0.33922883014717109 0.37994924744376085 0.3360073955081111 0.0079082687518795321 0.1193606141946808 -0.27367092978475682 -0.15883061634664897 0.19470678218100332 -0.38993939145108442 0.24868336289786425 -0.095299607264154235 0.014152492908065818 0.29268141104534084 0.054025802289359964 -0.22034516782695493 -0.26290527060173446 -0.070927515872380109 0.37730674153318672 0.25247458653280014 0.2109527068007557 -0.097935572178946828 -0.070410599011988234 -0.33595326671933967 -0.23364864725500425 0 0 0 0 0 0 0 0 0 0 0 0 0 0 0 0 0 0 0 0 0 0 0 0 0 0 0 0.1020620316391664 0 0 0 0 0 0 0 0 0 0 0 0 0 0 0 0 0 0 0 0 0 0 0 0 0 0 0 0 0 0 0 0 0 0 0 0 0 0 0 0 0 0 0 0 0 0 0 0 0 0.98898276431055143 0 0 0 0 0 0 0 0 0 0 0 0 0 0 0 0 0 0 0 0 0 0 0 0 0 0 0 0 0 0 0 0 0 0 0 0 0 0 0 0 0 0 0 0 0 0 0 0 0 -0.10722142320611946 0 0 0 0 0 0 0 0 0 0 0 0 0 0 0 0 0 0 0 0 0 0 0 0 0
0.2672612419124244 2.6191601707417589 -0.12680922031866287 -0.30671311225599029 0.087867628391274891 0.29849658286088049 0.14894847174230261 0.13850620963084337 0.32417277464527389 -0.31319658208719059 -0.28956462093399332 0.22969094730783396 0.21786573564327263 -0.38506236198716493 0.35739586462283096 -0.20005220763220422 -0.21870951778757233 -0.11868398844910155 0.29878345610413409 -0.31190581578563753 -0.34230659867489943 -0.31102071385071106 -0.032672752868180235 -0.31137829648610521 -0.27166558610917457 -0.22264940664512523 0.33922883014717109 0.37994924744376085 0.3360073955081111 0.0079082687518795321 0.1193606141946808 -0.27367092978475682 -0.15883061634664897 0.19470678218100332 -0.38993939145108442 0.24868336289786425 -0.095299607264154235 0.014152492908065818 0.29268141104534084 0.054025802289359964 -0.22034516782695493 -0.26290527060173446 -0.070927515872380109 0.37730674153318672 0.25247458653280014 0.2109527068007557 -0.097935572178946828 -0.070410599011988234 -0.33595326671933967 -0.23364864725500425 0 0 0 0 0 0 0 0 0 0 0 0 0 0 0 0 0 0 0 0 0 0 0 0 0 0 0 0 0.1020620316391664 0 0 0 0 0 0 0 0 0 0 0 0 0 0 0 0 0 0 0 0 0 0 0 0 0 0 0 0 0 0 0 0 0 0 0 0 0 0 0 0 0 0 0 0 0 0 0 0 0 0.98898276431055143 0 0 0 0 0 0 0 0 0 0 0 0 0 0 0 0 0 0 0 0 0 0 0 0 0 0 0 0 0 0 0 0 0 0 0 0 0 0 0 0 0 0 0 0 0 0 0 0 0 -0.10722142320611946 0 0 0 0 0 0 0 0 0 0 0 0 0 0 0 0 0 0 0 0 0 0 0 0
0.2672612419124244 2.6191601707417589 -0.12680922031866287 -0.30671311225599029 0.087867628391274891 0.29849658286088049 0.14894847174230261 0.13850620963084337 0.32417277464527389 -0.31319658208719059 -0.28956462093399332 0.22969094730783396 0.21786573564327263 -0.38506236198716493 0.35739586462283096 -0.20005220763220422 -0.21870951778757233 -0.11868398844910155 0.29878345610413409 -0.31190581578563753 -0.34230659867489943 -0.31102071385071106 -0.032672752868180235 -0.31137829648610521 -0.27166558610917457 -0.22264940664512523 0.33922883014717109 0.37994924744376085 0.3360073955081111 0.0079082687518795321 0.1193606141946808 -0.27367092978475682 -0.15883061634664897 0.19470678218100332 -0.38993939145108442 0.24868336289786425 -0.095299607264154235 0.014152492908065818 0.29268141104534084 0.054025802289359964 -0.22034516782695493 -0.26290527060173446 -0.070927515872380109 0.37730674153318672 0.25247458653280014 0.2109527068007557 -0.097935572178946828 -0.070410599011988234 -0.33595326671933967 -0.23364864725500425 0 0 0 0 0 0 0 0 0 0 0 0 0 0 0 0 0 0 0 0 0 0 0 0 0 0 0 0 0 0.1020620316391664 0 0 0 0 0 0 0 0 0 0 0 0 0 0 0 0 0 0 0 0 0 0 0 0 0 0 0 0 0 0 0 0 0 0 0 0 0 0 0 0 0 0 0 0 0 0 0 0 0 0.98898276431055143 0 0 0 0 0 0 0 0 0 0 0 0 0 0 0 0 0 0 0 0 0 0 0 0 0 0 0 0 0 0 0 0 0 0 0 0 0 0 0 0 0 0 0 0 0 0 0 0 0 -0.10722142320611946 0 0 0 0 0 0 0 0 0 0 0 0 0 0 0 0 0 0 0 0 0 0 0
0.2672612419124244 2.6191601707417589 -0.12680922031866287 -0.30671311225599029 0.087867628391274891 0.29849658286088049 0.14894847174230261 0.13850620963084337 0.32417277464527389 -0.31319658208719059 -0.28956462093399332 0.22969094730783396 0.21786573564327263 -0.38506236198716493 0.35739586462283096 -0.20005220763220422 -0.21870951778757233 -0.11868398844910155 0.29878345610413409 -0.31190581578563753 -0.34230659867489943 -0.31102071385071106 -0.032672752868180235 -0.31137829648610521 -0.27166558610917457 -0.22264940664512523 0.33922883014717109 0.37994924744376085 0.3360073955081111 0.0079082687518795321 0.1193606141946808 -0.27367092978475682 -0.15883061634664897 0.19470678218100332 -0.38993939145108442 0.24868336289786425 -0.095299607264154235 0.014152492908065818 0.29268141104534084 0.054025802289359964 -0.22034516782695493 -0.26290527060173446 -0.070927515872380109 0.37730674153318672 0.25247458653280014 0.2109527068007557 -0.097935572178946828 -0.070410599011988234 -0.33595326671933967 -0.23364864725500425 0 0 0 0 0 0 0 0 0 0 0 0 0 0 0 0 0 0 0 0 0 0 0 0 0 0 0 0 0 0 0.1020620316391664 0 0 0 0 0 0 0 0 0 0 0 0 0 0 0 0 0 0 0 0 0 0 0 0 0 0 0 0 0 0 0 0 0 0 0 0 0 0 0 0 0 0 0 0 0 0 0 0 0 0.98898276431055143 0 0 0 0 0 0 0 0 0 0 0 0 0 0 0 0 0 0 0 0 0 0 0 0 0 0 0 0 0 0 0 0 0 0 0 0 0 0 0 0 0 0 0 0 0 0 0 0 0 -0.10722142320611946 0 0 0 0 0 0 0 0 0 0 0 0 0 0 0 0 0 0 0 0 0 0
0.2672612419124244 2.6191601707417589 -0.12680922031866287 -0.30671311225599029 0.087867628391274891 0.29849658286088049 0.14894847174230261 0.13850620963084337 0.32417277464527389 -0.31319658208719059 -0.28956462093399332 0.22969094730783396 0.21786573564327263 -0.38506236198716493 0.35739586462283096 -0.20005220763220422 -0.21870951778757233 -0.11868398844910155 0.29878345610413409 -0.31190581578563753 -0.34230659867489943 -0.31102071385071106 -0.032672752868180235 -0.31137829648610521 -0.27166558610917457 -0.22264940664512523 0.33922883014717109 0.37994924744376085 0.3360073955081111 0.0079082687518795321 0.1193606141946808 -0.27367092978475682 -0.15883061634664897 0.19470678218100332 -0.38993939145108442 0.24868336289786425 -0.095299607264154235 0.014152492908065818 0.29268141104534084 0.054025802289359964 -0.22034516782695493 -0.26290527060173446 -0.070927515872380109 0.37730674153318672 0.25247458653280014 0.2109527068007557 -0.097935572178946828 -0.070410599011988234 -0.33595326671933967 -0.23364864725500425 0 0 0 0 0 0 0 0 0 0 0 0 0 0 0 0 0 0 0 0 0 0 0 0 0 0 0 0 0 0 0 0.1020620316391664 0 0 0 0 0 0 0 0 0 0 0 0 0 0 0 0 0 0 0 0 0 0 0 0 0 0 0 0 0 0 0 0 0 0 0 0 0 0 0 0 0 0 0 0 0 0 0 0 0 0.98898276431055143 0 0 0 0 0 0 0 0 0 0 0 0 0 0 0 0 0 0 0 0 0 0 0 0 0 0 0 0 0 0 0 0 0 0 0 0 0 0 0 0 0 0 0 0 0 0 0 0 0 -0.10722142320611946 0 0 0 0 0 0 0 0 0 0 0 0 0 0 0 0 0 0 0 0 0
0.2672612419124244 2.6191601707417589 -0.12680922031866287 -0.30671311225599029 0.087867628391274891 0.29849658286088049 0.14894847174230261 0.13850620963084337 0.32417277464527389 -0.31319658208719059 -0.28956462093399332 0.22969094730783396 0.21786573564327263 -0.38506236198716493 0.35739586462283096 -0.20005220763220422 -0.21870951778757233 -0.11868398844910155 0.29878345610413409 -0.31190581578563753 -0.34230659867489943 -0.31102071385071106 -0.032672752868180235 -0.31137829648610521 -0.27166558610917457 -0.22264940664512523 0.33922883014717109 0.37994924744376085 0.3360073955081111 0.0079082687518795321 0.1193606141946808 -0.27367092978475682 -0.15883061634664897 0.19470678218100332 -0.38993939145108442 0.24868336289786425 -0.095299607264154235 0.014152492908065818 0.29268141104534084 0.054025802289359964 -0.22034516782695493 -0.26290527060173446 -0.070927515872380109 0.37730674153318672 0.25247458653280014 0.2109527068007557 -0.097935572178946828 -0.070410599011988234 -0.33595326671933967 -0.23364864725500425 0 0 0 0 0 0 0 0 0 0 0 0 0 0 0 0 0 0 0 0 0 0 0 0 0 0 0 0 0 0 0 0 0.1020620316391664 0 0 0 0 0 0 0 0 0 0 0 0 0 0 0 0 0 0 0 0 0 0 0 0 0 0 0 0 0 0 0 0 0 0 0 0 0 0 0 0 0 0 0 0 0 0 0 0 0 0.98898276431055143 0 0 0 0 0 0 0 0 0 0 0 0 0 0 0 0 0 0 0 0 0 0 0 0 0 0 0 0 0 0 0 0 0 0 0 0 0 0 0 0 0 0 0 0 0 0 0 0 0 -0.10722142320611946 0 0 0 0 0 0 0 0 0 0 0 0 0 0 0 0 0 0 0 0
0.2672612419124244 2.6191601707417589 -0.12680922031866287 -0.30671311225599029 0.087867628391274891 0.29849658286088049 0.14894847174230261 0.13850620963084337 0.32417277464527389 -0.31319658208719059 -0.28956462093399332 0.22969094730783396 0.21786573564327263 -0.38506236198716493 0.35739586462283096 -0.20005220763220422 -0.21870951778757233 -0.11868398844910155 0.29878345610413409 -0.31190581578563753 -0.34230659867489943 -0.31102071385071106 -0.032672752868180235 -0.31137829648610521 -0.27166558610917457 -0.22264940664512523 0.33922883014717109 0.37994924744376085 0.3360073955081111 0.0079082687518795321 0.1193606141946808 -0.27367092978475682 -0.15883061634664897 0.19470678218100332 -0.38993939145108442 0.24868336289786425 -0.095299607264154235 0.014152492908065818 0.29268141104534084 0.054025802289359964 -0.22034516782695493 -0.26290527060173446 -0.070927515872380109 0.37730674153318672 0.25247458653280014 0.2109527068007557 -0.097935572178946828 -0.070410599011988234 -0.33595326671933967 -0.23364864725500425 0 0 0 0 0 0 0 0 0 0 0 0 0 0 0 0 0 0 0 0 0 0 0 0 0 0 0 0 0 0 0 0 0 0.1020620316391664 0 0 0 0 0 0 0 0 0 0 0 0 0 0 0 0 0 0 0 0 0 0 0 0 0 0 0 0 0 0 0 0 0 0 0 0 0 0 0 0 0 0 0 0 0 0 0 0 0 0.98898276431055143 0 0 0 0 0 0 0 0 0 0 0 0 0 0 0 0 0 0 0 0 0 0 0 0 0 0 0 0 0 0 0 0 0 0 0 0 0 0 0 0 0 0 0 0 0 0 0 0 0 -0.10722142320611946 0 0 0 0 0 0 0 0 0 0 0 0 0 0 0 0 0 0 0
0.2672612419124244 2.6191601707417589 -0.12680922031866287 -0.30671311225599029 0.087867628391274891 0.29849658286088049 0.14894847174230261 0.13850620963084337 0.32417277464527389 -0.31319658208719059 -0.28956462093399332 0.22969094730783396 0.21786573564327263 -0.38506236198716493 0.35739586462283096 -0.20005220763220422 -0.21870951778757233 -0.11868398844910155 0.29878345610413409 -0.31190581578563753 -0.34230659867489943 -0.31102071385071106 -0.032672752868180235 -0.31137829648610521 -0.27166558610917457 -0.22264940664512523 0.33922883014717109 0.37994924744376085 0.3360073955081111 0.0079082687518795321 0.1193606141946808 -0.27367092978475682 -0.15883061634664897 0.19470678218100332 -0.38993939145108442 0.24868336289786425 -0.095299607264154235 0.014152492908065818 0.29268141104534084 0.054025802289359964 -0.22034516782695493 -0.26290527060173446 -0.070927515872380109 0.37730674153318672 0.25247458653280014 0.2109527068007557 -0.097935572178946828 -0.070410599011988234 -0.33595326671933967 -0.23364864725500425 0 0 0 0 0 0 0 0 0 0 0 0 0 0 0 0 0 0 0 0 0 0 0 0 0 0 0 0 0 0 0 0 0 0 0.1020620316391664 0 0 0 0 0 0 0 0 0 0 0 0 0 0 0 0 0 0 0 0 0 0 0 0 0 0 0 0 0 0 0 0 0 0 0 0 0 0 0 0 0 0 0 0 0 0 0 0 0 0.98898276431055143 0 0 0 0 0 0 0 0 0 0 0 0 0 0 0 0 0 0 0 0 0 0 0 0 0 0 0 0 0 0 0 0 0 0 0 0 0 0 0 0 0 0 0 0 0 0 0 0 0 -0.10722142320611946 0 0 0 0 0 0 0 0 0 0 0 0 0 0 0 0 0 0
0.2672612419124244 2.6191601707417589 -0.12680922031866287 -0.30671311225599029 0.087867628391274891 0.29849658286088049 0.14894847174230261 0.13850620963084337 0.32417277464527389 -0.31319658208719059 -0.28956462093399332 0.22969094730783396 0.21786573564327263 -0.38506236198716493 0.35739586462283096 -0.20005220763220422 -0.21870951778757233 -0.11868398844910155 0.29878345610413409 -0.31190581578563753 -0.34230659867489943 -0.31102071385071106 -0.032672752868180235 -0.31137829648610521 -0.27166558610917457 -0.22264940664512523 0.33922883014717109 0.37994924744376085 0.3360073955081111 0.0079082687518795321 0.1193606141946808 -0.27367092978475682 -0.15883061634664897 0.19470678218100332 -0.38993939145108442 0.24868336289786425 -0.095299607264154235 0.014152492908065818 0.29268141104534084 0.054025802289359964 -0.22034516782695493 -0.26290527060173446 -0.070927515872380109 0.37730674153318672 0.25247458653280014 0.2109527068007557 -0.097935572178946828 -0.070410599011988234 -0.33595326671933967 -0.23364864725500425 0 0 0 0 0 0 0 0 0 0 0 0 0 0 0 0 0 0 0 0 0 0 0 0 0 0 0 0 0 0 0 0 0 0 0 0.1020620316391664 0 0 0 0 0 0 0 0 0 0 0 0 0 0 0 0 0 0 0 0 0 0 0 0 0 0 0 0 0 0 0 0 0 0 0 0 0 0 0 0 0 0 0 0 0 0 0 0 0 0.98898276431055143 0 0 0 0 0 0 0 0 0 0 0 0 0 0 0 0 0 0 0 0 0 0 0 0 0 0 0 0 0 0 0 0 0 0 0 0 0 0 0 0 0 0 0 0 0 0 0 0 0 -0.10722142320611946 0 0 0 0 0 0 0 0 0 0 0 0 0 0 0 0 0
0.2672612419124244 2.6191601707417589 -0.12680922031866287 -0.30671311225599029 0.087867628391274891 0.29849658286088049 0.14894847174230261 0.13850620963084337 0.32417277464527389 -0.31319658208719059 -0.28956462093399332 0.22969094730783396 0.21786573564327263 -0.38506236198716493 0.35739586462283096 -0.20005220763220422 -0.21870951778757233 -0.11868398844910155 0.29878345610413409 -0.31190581578563753 -0.34230659867489943 -0.31102071385071106 -0.032672752868180235 -0.31137829648610521 -0.27166558610917457 -0.22264940664512523 0.33922883014717109 0.37994924744376085 0.3360073955081111 0.0079082687518795321 0.1193606141946808 -0.27367092978475682 -0.15883061634664897 0.19470678218100332 -0.38993939145108442 0.24868336289786425 -0.095299607264154235 0.014152492908065818 0.29268141104534084 0.054025802289359964 -0.22034516782695493 -0.26290527060173446 -0.070927515872380109 0.37730674153318672 0.25247458653280014 0.2109527068007557 -0.097935572178946828 -0.070410599011988234 -0.33595326671933967 -0.23364864725500425 0 0 0 0 0 0 0 0 0 0 0 0 0 0 0 0 0 0 0 0 0 0 0 0 0 0 0 0 0 0 0 0 0 0 0 0 0.1020620316391664 0 0 0 0 0 0 0 0 0 0 0 0 0 0 0 0 0 0 0 0 0 0 0 0 0 0 0 0 0 0 0 0 0 0 0 0 0 0 0 0 0 0 0 0 0 0 0 0 0 0.98898276431055143 0 0 0 0 0 0 0 0 0 0 0 0 0 0 0 0 0 0 0 0 0 0 0 0 0 0 0 0 0 0 0 0 0 0 0 0 0 0 0 0 0 0 0 0 0 0 0 0 0 -0.10722142320611946 0 0 0 0 0 0 0 0 0 0 0 0 0 0 0 0
0.2672612419124244 2.6191601707417589 -0.12680922031866287 -0.30671311225599029 0.087867628391274891 0.29849658286088049 0.14894847174230261 0.13850620963084337 0.32417277464527389 -0.31319658208719059 -0.28956462093399332 0.22969094730783396 0.21786573564327263 -0.38506236198716493 0.35739586462283096 -0.20005220763220422 -0.21870951778757233 -0.11868398844910155 0.29878345610413409 -0.31190581578563753 -0.34230659867489943 -0.31102071385071106 -0.032672752868180235 -0.31137829648610521 -0.27166558610917457 -0.22264940664512523 0.33922883014717109 0.37994924744376085 0.3360073955081111 0.0079082687518795321 0.1193606141946808 -0.27367092978475682 -0.15883061634664897 0.19470678218100332 -0.38993939145108442 0.24868336289786425 -0.095299607264154235 0.014152492908065818 0.29268141104534084 0.054025802289359964 -0.22034516782695493 -0.26290527060173446 -0.070927515872380109 0.37730674153318672 0.25247458653280014 0.2109527068007557 -0.097935572178946828 -0.070410599011988234 -0.33595326671933967 -0.23364864725500425 0 0 0 0 0 0 0 0 0 0 0 0 0 0 0 0 0 0 0 0 0 0 0 0 0 0 0 0 0 0 0 0 0 0 0 0 0 0.1020620316391664 0 0 0 0 0 0 0 0 0 0 0 0 0 0 0 0 0 0 0 0 0 0 0 0 0 0 0 0 0 0 0 0 0 0 0 0 0 0 0 0 0 0 0 0 0 0 0 0 0 0.98898276431055143 0 0 0 0 0 0 0 0 0 0 0 0 0 0 0 0 0 0 0 0 0 0 0 0 0 0 0 0 0 0 0 0 0 0 0 0 0 0 0 0 0 0 0 0 0 0 0 0 0 -0.10722142320611946 0 0 0 0 0 0 0 0 0 0 0 0 0 0 0
0.2672612419124244 2.6191601707417589 -0.12680922031866287 -0.30671311225599029 0.087867628391274891 0.29849658286088049 0.14894847174230261 0.13850620963084337 0.32417277464527389 -0.31319658208719059 -0.28956462093399332 0.22969094730783396 0.21786573564327263 -0.38506236198716493 0.35739586462283096 -0.20005220763220422 -0.21870951778757233 -0.11868398844910155 0.29878345610413409 -0.31190581578563753 -0.34230659867489943 -0.31102071385071106 -0.032672752868180235 -0.31137829648610521 -0.27166558610917457 -0.22264940664512523 0.33922883014717109 0.37994924744376085 0.3360073955081111 0.0079082687518795321 0.1193606141946808 -0.27367092978475682 -0.15883061634664897 0.19470678218100332 -0.38993939145108442 0.24868336289786425 -0.095299607264154235 0.014152492908065818 0.29268141104534084 0.054025802289359964 -0.22034516782695493 -0.26290527060173446 -0.070927515872380109 0.37730674153318672 0.25247458653280014 0.2109527068007557 -0.097935572178946828 -0.070410599011988234 -0.33595326671933967 -0.23364864725500425 0 0 0 0 0 0 0 0 0 0 0 0 0 0 0 0 0 0 0 0 0 0 0 0 0 0 0 0 0 0 0 0 0 0 0 0 0 0 0.1020620316391664 0 0 0 0 0 0 0 0 0 0 0 0 0 0 0 0 0 0 0 0 0 0 0 0 0 0 0 0 0 0 0 0 0 0 0 0 0 0 0 0 0 0 0 0 0 0 0 0 0 0.98898276431055143 0 0 0 0 0 0 0 0 0 0 0 0 0 0 0 0 0 0 0 0 0 0 0 0 0 0 0 0 0 0 0 0 0 0 0 0 0 0 0 0 0 0 0 0 0 0 0 0 0 -0.10722142320611946 0 0 0 0 0 0 0 0 0 0 0 0 0 0
0.2672612419124244 2.6191601707417589 -0.12680922031866287 -0.30671311225599029 0.087867628391274891 0.29849658286088049 0.14894847174230261 0.13850620963084337 0.32417277464527389 -0.31319658208719059 -0.28956462093399332 0.22969094730783396 0.21786573564327263 -0.38506236198716493 0.35739586462283096 -0.20005220763220422 -0.21870951778757233 -0.11868398844910155 0.29878345610413409 -0.31190581578563753 -0.34230659867489943 -0.31102071385071106 -0.032672752868180235 -0.31137829648610521 -0.27166558610917457 -0.22264940664512523 0.33922883014717109 0.37994924744376085 0.3360073955081111 0.0079082687518795321 0.1193606141946808 -0.27367092978475682 -0.15883061634664897 0.19470678218100332 -0.38993939145108442 0.24868336289786425 -0.095299607264154235 0.014152492908065818 0.29268141104534084 0.054025802289359964 -0.22034516782695493 -0.26290527060173446 -0.070927515872380109 0.37730674153318672 0.25247458653280014 0.2109527068007557 -0.097935572178946828 -0.070410599011988234 -0.33595326671933967 -0.23364864725500425 0 0 0 0 0 0 0 0 0 0 0 0 0 0 0 0 0 0 0 0 0 0 0 0 0 0 0 0 0 0 0 0 0 0 0 0 0 0 0 0.1020620316391664 0 0 0 0 0 0 0 0 0 0 0 0 0 0 0 0 0 0 0 0 0 0 0 0 0 0 0 0 0 0 0 0 0 0 0 0 0 0 0 0 0 0 0 0 0 0 0 0 0 0.98898276431055143 0 0 0 0 0 0 0 0 0 0 0 0 0 0 0 0 0 0 0 0 0 0 0 0 0 0 0 0 0 0 0 0 0 0 0 0 0 0 0 0 0 0 0 0 0 0 0 0 0 -0.10722142320611946 0 0 0 0 0 0 0 0 0 0 0 0 0
0.2672612419124244 2.6191601707417589 -0.12680922031866287 -0.30671311225599029 0.087867628391274891 0.29849658286088049 0.14894847174230261 0.13850620963084337 0.32417277464527389 -0.31319658208719059 -0.28956462093399332 0.22969094730783396 0.21786573564327263 -0.38506236198716493 0.35739586462283096 -0.20005220763220422 -0.21870951778757233 -0.11868398844910155 0.29878345610413409 -0.31190581578563753 -0.34230659867489943 -0.31102071385071106 -0.032672752868180235 -0.31137829648610521 -0.27166558610917457 -0.22264940664512523 0.33922883014717109 0.37994924744376085 0.3360073955081111 0.0079082687518795321 0.1193606141946808 -0.27367092978475682 -0.15883061634664897 0.19470678218100332 -0.38993939145108442 0.24868336289786425 -0.095299607264154235 0.014152492908065818 0.29268141104534084 0.054025802289359964 -0.22034516782695493 -0.26290527060173446 -0.070927515872380109 0.37730674153318672 0.25247458653280014 0.2109527068007557 -0.097935572178946828 -0.070410599011988234 -0.33595326671933967 -0.23364864725500425 0 0 0 0 0 0 0 0 0 0 0 0 0 0 0 0 0 0 0 0 0 0 0 0 0 0 0 0 0 0 0 0 0 0 0 0 0 0 0 0 0.1020620316391664 0 0 0 0 0 0 0 0 0 0 0 0 0 0 0 0 0 0 0 0 0 0 0 0 0 0 0 0 0 0 0 0 0 0 0 0 0 0 0 0 0 0 0 0 0 0 0 0 0 0.98898276431055143 0 0 0 0 0 0 0 0 0 0 0 0 0 0 0 0 0 0 0 0 0 0 0 0 0 0 0 0 0 0 0 0 0 0 0 0 0 0 0 0 0 0 0 0 0 0 0 0 0 -0.10722142320611946 0 0 0 0 0 0 0 0 0 0 0 0
0.2672612419124244 2.6191601707417589 -0.12680922031866287 -0.30671311225599029 0.087867628391274891 0.29849658286088049 0.14894847174230261 0.13850620963084337 0.32417277464527389 -0.31319658208719059 -0.28956462093399332 0.22969094730783396 0.21786573564327263 -0.38506236198716493 0.35739586462283096 -0.20005220763220422 -0.21870951778757233 -0.11868398844910155 0.29878345610413409 -0.31190581578563753 -0.34230659867489943 -0.31102071385071106 -0.032672752868180235 -0.31137829648610521 -0.27166558610917457 -0.22264940664512523 0.33922883014717109 0.37994924744376085 0.3360073955081111 0.0079082687518795321 0.1193606141946808 -0.27367092978475682 -0.15883061634664897 0.19470678218100332 -0.38993939145108442 0.24868336289786425 -0.095299607264154235 0.014152492908065818 0.29268141104534084 0.054025802289359964 -0.22034516782695493 -0.26290527060173446 -0.070927515872380109 0.37730674153318672 0.25247458653280014 0.2109527068007557 -0.097935572178946828 -0.070410599011988234 -0.33595326671933967 -0.23364864725500425 0 0 0 0 0 0 0 0 0 0 0 0 0 0 0 0 0 0 0 0 0 0 0 0 0 0 0 0 0 0 0 0 0 0 0 0 0 0 0 0 0 0.1020620316391664 0 0 0 0 0 0 0 0 0 0 0 0 0 0 0 0 0 0 0 0 0 0 0 0 0 0 0 0 0 0 0 0 0 0 0 0 0 0 0 0 0 0 0 0 0 0 0 0 0 0.98898276431055143 0 0 0 0 0 0 0 0 0 0 0 0 0 0 0 0 0 0 0 0 0 0 0 0 0 0 0 0 0 0 0 0 0 0 0 0 0 0 0 0 0 0 0 0 0 0 0 0 0 -0.10722142320611946 0 0 0 0 0 0 0 0 0 0 0
0.2672612419124244 2.6191601707417589 -0.12680922031866287 -0.30671311225599029 0.087867628391274891 0.29849658286088049 0.14894847174230261 0.13850620963084337 0.32417277464527389 -0.31319658208719059 -0.28956462093399332 0.22969094730783396 0.21786573564327263 -0.38506236198716493 0.35739586462283096 -0.20005220763220422 -0.21870951778757233 -0.11868398844910155 0.29878345610413409 -0.31190581578563753 -0.34230659867489943 -0.31102071385071106 -0.032672752868180235 -0.31137829648610521 -0.27166558610917457 -0.22264940664512523 0.33922883014717109 0.37994924744376085 0.3360073955081111 0.0079082687518795321 0.1193606141946808 -0.27367092978475682 -0.15883061634664897 0.19470678218100332 -0.38993939145108442 0.24868336289786425 -0.095299607264154235 0.014152492908065818 0.29268141104534084 0.054025802289359964 -0.22034516782695493 -0.26290527060173446 -0.070927515872380109 0.37730674153318672 0.25247458653280014 0.2109527068007557 -0.097935572178946828 -0.070410599011988234 -0.33595326671933967 -0.23364864725500425 0 0 0 0 0 0 0 0 0 0 0 0 0 0 0 0 0 0 0 0 0 0 0 0 0 0 0 0 0 0 0 0 0 0 0 0 0 0 0 0 0 0 0.1020620316391664 0 0 0 0 0 0 0 0 0 0 0 0 0 0 0 0 0 0 0 0 0 0 0 0 0 0 0 0 0 0 0 0 0 0 0 0 0 0 0 0 0 0 0 0 0 0 0 0 0 0.98898276431055143 0 0 0 0 0 0 0 0 0 0 0 0 0 0 0 0 0 0 0 0 0 0 0 0 0 0 0 0 0 0 0 0 0 0 0 0 0 0 0 0 0 0 0 0 0 0 0 0 0 -0.10722142320611946 0 0 0 0 0 0 0 0 0 0
0.2672612419124244 2.6191601707417589 -0.12680922031866287 -0.30671311225599029 0.087867628391274891 0.29849658286088049 0.14894847174230261 0.13850620963084337 0.32417277464527389 -0.31319658208719059 -0.28956462093399332 0.22969094730783396 0.21786573564327263 -0.38506236198716493 0.35739586462283096 -0.20005220763220422 -0.21870951778757233 -0.11868398844910155 0.29878345610413409 -0.31190581578563753 -0.34230659867489943 -0.31102071385071106 -0.032672752868180235 -0.31137829648610521 -0.27166558610917457 -0.22264940664512523 0.33922883014717109 0.37994924744376085 0.3360073955081111 0.0079082687518795321 0.1193606141946808 -0.27367092978475682 -0.15883061634664897 0.19470678218100332 -0.38993939145108442 0.24868336289786425 -0.095299607264154235 0.014152492908065818 0.29268141104534084 0.054025802289359964 -0.22034516782695493 -0.26290527060173446 -0.070927515872380109 0.37730674153318672 0.25247458653280014 0.2109527068007557 -0.097935572178946828 -0.070410599011988234 -0.33595326671933967 -0.23364864725500425 0 0 0 0 0 0 0 0 0 0 0 0 0 0 0 0 0 0 0 0 0 0 0 0 0 0 0 0 0 0 0 0 0 0 0 0 0 0 0 0 0 0 0 0.1020620316391664 0 0 0 0 0 0 0 0 0 0 0 0 0 0 0 0 0 0 0 0 0 0 0 0 0 0 0 0 0 0 0 0 0 0 0 0 0 0 0 0 0 0 0 0 0 0 0 0 0 0.98898276431055143 0 0 0 0 0 0 0 0 0 0 0 0 0 0 0 0 0 0 0 0 0 0 0 0 0 0 0 0 0 0 0 0 0 0 0 0 0 0 0 0 0 0 0 0 0 0 0 0 0 -0.10722142320611946 0 0 0 0 0 0 0 0 0
0.2672612419124244 2.6191601707417589 -0.12680922031866287 -0.30671311225599029 0.087867628391274891 0.29849658286088049 0.14894847174230261 0.13850620963084337 0.32417277464527389 -0.31319658208719059 -0.28956462093399332 0.22969094730783396 0.21786573564327263 -0.38506236198716493 0.35739586462283096 -0.20005220763220422 -0.21870951778757233 -0.11868398844910155 0.29878345610413409 -0.31190581578563753 -0.34230659867489943 -0.31102071385071106 -0.032672752868180235 -0.31137829648610521 -0.27166558610917457 -0.22264940664512523 0.33922883014717109 0.37994924744376085 0.3360073955081111 0.0079082687518795321 0.1193606141946808 -0.27367092978475682 -0.15883061634664897 0.19470678218100332 -0.38993939145108442 0.24868336289786425 -0.095299607264154235 0.014152492908065818 0.29268141104534084 0.054025802289359964 -0.22034516782695493 -0.26290527060173446 -0.070927515872380109 0.37730674153318672 0.25247458653280014 0.2109527068007557 -0.097935572178946828 -0.070410599011988234 -0.33595326671933967 -0.23364864725500425 0 0 0 0 0 0 0 0 0 0 0 0 0 0 0 0 0 0 0 0 0 0 0 0 0 0 0 0 0 0 0 0 0 0 0 0 0 0 0 0 0 0 0 0 0.1020620316391664 0 0 0 0 0 0 0 0 0 0 0 0 0 0 0 0 0 0 0 0 0 0 0 0 0 0 0 0 0 0 0 0 0 0 0 0 0 0 0 0 0 0 0 0 0 0 0 0 0 0.98898276431055143 0 0 0 0 0 0 0 0 0 0 0 0 0 0 0 0 0 0 0 0 0 0 0 0 0 0 0 0 0 0 0 0 0 0 0 0 0 0 0 0 0 0 0 0 0 0 0 0 0 -0.10722142320611946 0 0 0 0 0 0 0 0
0.2672612419124244 2.6191601707417589 -0.12680922031866287 -0.30671311225599029 0.087867628391274891 0.29849658286088049 0.14894847174230261 0.13850620963084337 0.32417277464527389 -0.31319658208719059 -0.28956462093399332 0.22969094730783396 0.21786573564327263 -0.38506236198716493 0.35739586462283096 -0.20005220763220422 -0.21870951778757233 -0.11868398844910155 0.29878345610413409 -0.31190581578563753 -0.34230659867489943 -0.31102071385071106 -0.032672752868180235 -0.31137829648610521 -0.27166558610917457 -0.22264940664512523 0.33922883014717109 0.37994924744376085 0.3360073955081111 0.0079082687518795321 0.1193606141946808 -0.27367092978475682 -0.15883061634664897 0.19470678218100332 -0.38993939145108442 0.24868336289786425 -0.095299607264154235 0.014152492908065818 0.29268141104534084 0.054025802289359964 -0.22034516782695493 -0.26290527060173446 -0.070927515872380109 0.37730674153318672 0.25247458653280014 0.2109527068007557 -0.097935572178946828 -0.070410599011988234 -0.33595326671933967 -0.23364864725500425 0 0 0 0 0 0 0 0 0 0 0 0 0 0 0 0 0 0 0 0 0 0 0 0 0 0 0 0 0 0 0 0 0 0 0 0 0 0 0 0 0 0 0 0 0 0.1020620316391664 0 0 0 0 0 0 0 0 0 0 0 0 0 0 0 0 0 0 0 0 0 0 0 0 0 0 0 0 0 0 0 0 0 0 0 0 0 0 0 0 0 0 0 0 0 0 0 0 0 0.98898276431055143 0 0 0 0 0 0 0 0 0 0 0 0 0 0 0 0 0 0 0 0 0 0 0 0 0 0 0 0 0 0 0 0 0 0 0 0 0 0 0 0 0 0 0 0 0 0 0 0 0 -0.10722142320611946 0 0 0 0 0 0 0
0.2672612419124244 2.6191601707417589 -0.12680922031866287 -0.30671311225599029 0.087867628391274891 0.29849658286088049 0.14894847174230261 0.13850620963084337 0.32417277464527389 -0.31319658208719059 -0.28956462093399332 0.22969094730783396 0.21786573564327263 -0.38506236198716493 0.35739586462283096 -0.20005220763220422 -0.21870951778757233 -0.11868398844910155 0.29878345610413409 -0.31190581578563753 -0.34230659867489943 -0.31102071385071106 -0.032672752868180235 -0.31137829648610521 -0.27166558610917457 -0.22264940664512523 0.33922883014717109 0.37994924744376085 0.3360073955081111 0.0079082687518795321 0.1193606141946808 -0.27367092978475682 -0.15883061634664897 0.19470678218100332 -0.38993939145108442 0.24868336289786425 -0.095299607264154235 0.014152492908065818 0.29268141104534084 0.054025802289359964 -0.22034516782695493 -0.26290527060173446 -0.070927515872380109 0.37730674153318672 0.25247458653280014 0.2109527068007557 -0.097935572178946828 -0.070410599011988234 -0.33595326671933967 -0.23364864725500425 0 0 0 0 0 0 0 0 0 0 0 0 0 0 0 0 0 0 0 0 0 0 0 0 0 0 0 0 0 0 0 0 0 0 0 0 0 0 0 0 0 0 0 0 0 0 0.1020620316391664 0 0 0 0 0 0 0 0 0 0 0 0 0 0 0 0 0 0 0 0 0 0 0 0 0 0 0 0 0 0 0 0 0 0 0 0 0 0 0 0 0 0 0 0 0 0 0 0 0 0.98898276431055143 0 0 0 0 0 0 0 0 0 0 0 0 0 0 0 0 0 0 0 0 0 0 0 0 0 0 0 0 0 0 0 0 0 0 0 0 0 0 0 0 0 0 0 0 0 0 0 0 0 -0.10722142320611946 0 0 0 0 0 0
0.2672612419124244 2.6191601707417589 -0.12680922031866287 -0.30671311225599029 0.087867628391274891 0.29849658286088049 0.14894847174230261 0.13850620963084337 0.32417277464527389 -0.31319658208719059 -0.28956462093399332 0.22969094730783396 0.21786573564327263 -0.38506236198716493 0.35739586462283096 -0.20005220763220422 -0.21870951778757233 -0.11868398844910155 0.29878345610413409 -0.31190581578563753 -0.34230659867489943 -0.31102071385071106 -0.032672752868180235 -0.31137829648610521 -0.27166558610917457 -0.22264940664512523 0.33922883014717109 0.37994924744376085 0.3360073955081111 0.0079082687518795321 0.1193606141946808 -0.27367092978475682 -0.15883061634664897 0.19470678218100332 -0.38993939145108442 0.24868336289786425 -0.095299607264154235 0.014152492908065818 0.29268141104534084 0.054025802289359964 -0.22034516782695493 -0.26290527060173446 -0.070927515872380109 0.37730674153318672 0.25247458653280014 0.2109527068007557 -0.097935572178946828 -0.070410599011988234 -0.33595326671933967 -0.23364864725500425 0 0 0 0 0 0 0 0 0 0 0 0 0 0 0 0 0 0 0 0 0 0 0 0 0 0 0 0 0 0 0 0 0 0 0 0 0 0 0 0 0 0 0 0 0 0 0 0.1020620316391664 0 0 0 0 0 0 0 0 0 0 0 0 0 0 0 0 0 0 0 0 0 0 0 0 0 0 0 0 0 0 0 0 0 0 0 0 0 0 0 0 0 0 0 0 0 0 0 0 0 0.98898276431055143 0 0 0 0 0 0 0 0 0 0 0 0 0 0 0 0 0 0 0 0 0 0 0 0 0 0 0 0 0 0 0 0 0 0 0 0 0 0 0 0 0 0 0 0 0 0 0 0 0 -0.10722142320611946 0 0 0 0 0
0.2672612419124244 2.6191601707417589 -0.12680922031866287 -0.30671311225599029 0.087867628391274891 0.29849658286088049 0.14894847174230261 0.13850620963084337 0.32417277464527389 -0.31319658208719059 -0.28956462093399332 0.22969094730783396 0.21786573564327263 -0.38506236198716493 0.35739586462283096 -0.20005220763220422 -0.21870951778757233 -0.11868398844910155 0.29878345610413409 -0.31190581578563753 -0.34230659867489943 -0.31102071385071106 -0.032672752868180235 -0.31137829648610521 -0.27166558610917457 -0.22264940664512523 0.33922883014717109 0.37994924744376085 0.3360073955081111 0.0079082687518795321 0.1193606141946808 -0.27367092978475682 -0.15883061634664897 0.19470678218100332 -0.38993939145108442 0.24868336289786425 -0.095299607264154235 0.014152492908065818 0.29268141104534084 0.054025802289359964 -0.22034516782695493 -0.26290527060173446 -0.070927515872380109 0.37730674153318672 0.25247458653280014 0.2109527068007557 -0.097935572178946828 -0.070410599011988234 -0.33595326671933967 -0.23364864725500425 0 0 0 0 0 0 0 0 0 0 0 0 0 0 0 0 0 0 0 0 0 0 0 0 0 0 0 0 0 0 0 0 0 0 0 0 0 0 0 0 0 0 0 0 0 0 0 0 0.1020620316391664 0 0 0 0 0 0 0 0 0 0 0 0 0 0 0 0 0 0 0 0 0 0 0 0 0 0 0 0 0 0 0 0 0 0 0 0 0 0 0 0 0 0 0 0 0 0 0 0 0 0.98898276431055143 0 0 0 0 0 0 0 0 0 0 0 0 0 0 0 0 0 0 0 0 0 0 0 0 0 0 0 0 0 0 0 0 0 0 0 0 0 0 0 0 0 0 0 0 0 0 0 0 0 -0.10722142320611946 0 0 0 0
0.2672612419124244 2.6191601707417589 -0.12680922031866287 -0.30671311225599029 0.087867628391274891 0.29849658286088049 0.14894847174230261 0.13850620963084337 0.32417277464527389 -0.31319658208719059 -0.28956462093399332 0.22969094730783396 0.21786573564327263 -0.38506236198716493 0.35739586462283096 -0.20005220763220422 -0.21870951778757233 -0.11868398844910155 0.29878345610413409 -0.31190581578563753 -0.34230659867489943 -0.31102071385071106 -0.032672752868180235 -0.31137829648610521 -0.27166558610917457 -0.22264940664512523 0.33922883014717109 0.37994924744376085 0.3360073955081111 0.0079082687518795321 0.1193606141946808 -0.27367092978475682 -0.15883061634664897 0.19470678218100332 -0.38993939145108442 0.24868336289786425 -0.095299607264154235 0.014152492908065818 0.29268141104534084 0.054025802289359964 -0.22034516782695493 -0.26290527060173446 -0.070927515872380109 0.37730674153318672 0.25247458653280014 0.2109527068007557 -0.097935572178946828 -0.070410599011988234 -0.33595326671933967 -0.23364864725500425 0 0 0 0 0 0 0 0 0 0 0 0 0 0 0 0 0 0 0 0 0 0 0 0 0 0 0 0 0 0 0 0 0 0 0 0 0 0 0 0 0 0 0 0 0 0 0 0 0 0.1020620316391664 0 0 0 0 0 0 0 0 0 0 0 0 0 0 0 0 0 0 0 0 0 0 0 0 0 0 0 0 0 0 0 0 0 0 0 0 0 0 0 0 0 0 0 0 0 0 0 0 0 0.98898276431055143 0 0 0 0 0 0 0 0 0 0 0 0 0 0 0 0 0 0 0 0 0 0 0 0 0 0 0 0 0 0 0 0 0 0 0 0 0 0 0 0 0 0 0 0 0 0 0 0 0 -0.10722142320611946 0 0 0
0.37796447300922725 1.8520259177452132 0.27852548450152315 -0.19083707309495176 -0.029043517941381405 -0.035005395610280488 -0.32566823156944757 -0.18945247882100524 0.14329817258627858 -0.11269829681770976 -0.35444193873666796 0.36698390784653495 -0.22867720722757393 0.14067674116029796 -0.031049266252427279 -0.12319327680785808 0.2433027314282149 0.26655621907283605 -0.35016763606336321 0.38834480164504415 -0.37051807743794773 -0.2314133850649821 0.12266785655966138 0.35255375239939069 0.12944219587120617 -0.019868085226547462 -0.32877316664189371 0.11007588066371934 0.17756659111394724 -0.17796324176470391 0.2784498384748752 -0.064586077197578987 -0.16690185147973483 -0.29674237067851922 0.38317165167034339 0.21803958120402075 0.27037263534737904 0.34548374867195841 0.22203356650173545 0.29337155827607803 -0.38417625516664677 0.27484863463486614 0.22796653500195696 -0.27709620978785987 -0.24659930655742787 -0.071070956115302328 0.070521426032630605 -0.055440235281978639 0.026884892315818032 0.089214686088806699 0 0 0 0 0 0 0 0 0 0 0 0 0 0 0 0 0 0 0 0 0 0 0 0 0 0 0 0 0 0 0 0 0 0 0 0 0 0 0 0 0 0 0 0 0 0 0 0 0 0 0 0 0 0 0 0 0 0 0 0 0 0 0 0 0 0 0 0 0 0 0 0 0 0 0 0 0 0 0 0 0 0 0 0 0 0 0 0 0 0 0 0 0 0 0 0 0 0 0 0 0 0 0 0 0 0 0 0 0 0 0 0 0 0 0 0 0 0 0 0 0 0 0 0 0 0 0 0 0 0 0 0 0 0 0 0 0 0 0 0 0 0 0 0 0 0 0 0 0 0 0.10000000000000001 2 1
0.37796447300922725 1.8520259177452132 0.27852548450152315 -0.19083707309495176 -0.029043517941381405 -0.035005395610280488 -0.32566823156944757 -0.18945247882100524 0.14329817258627858 -0.11269829681770976 -0.35444193873666796 0.36698390784653495 -0.22867720722757393 0.14067674116029796 -0.031049266252427279 -0.12319327680785808 0.2433027314282149 0.26655621907283605 -0.35016763606336321 0.38834480164504415 -0.37051807743794773 -0.2314133850649821 0.12266785655966138 0.35255375239939069 0.12944219587120617 -0.019868085226547462 -0.32877316664189371 0.11007588066371934 0.17756659111394724 -0.17796324176470391 0.2784498384748752 -0.064586077197578987 -0.16690185147973483 -0.29674237067851922 0.38317165167034339 0.21803958120402075 0.27037263534737904 0.34548374867195841 0.22203356650173545 0.29337155827607803 -0.38417625516664677 0.27484863463486614 0.22796653500195696 -0.27709620978785987 -0.24659930655742787 -0.071070956115302328 0.070521426032630605 -0.055440235281978639 0.026884892315818032 0.089214686088806699 -0.48475848930922205 0 0 0 0 0 0 0 0 0 0 0 0 0 0 0 0 0 0 0 0 0 0 0 0 0 0 0 0 0 0 0 0 0 0 0 0 0 0 0 0 0 0 0 0 0 0 0 0 0 0.82914611217009504 0 0 0 0 0 0 0 0 0 0 0 0 0 0 0 0 0 0 0 0 0 0 0 0 0 0 0 0 0 0 0 0 0 0 0 0 0 0 0 0 0 0 0 0 0 0 0 0 0 0.27843478898272961 0 0 0 0 0 0 0 0 0 0 0 0 0 0 0 0 0 0 0 0 0 0 0 0 0 0 0 0 0 0 0 0 0 0 0 0 0 0 0 0 0 0 0 0 0 0 0 0 0 0.10000000000000001 2 1
0.37796447300922725 1.8520259177452132 0.27852548450152315 -0.19083707309495176 -0.029043517941381405 -0.035005395610280488 -0.32566823156944757 -0.18945247882100524 0.14329817258627858 -0.11269829681770976 -0.35444193873666796 0.36698390784653495 -0.22867720722757393 0.14067674116029796 -0.031049266252427279 -0.12319327680785808 0.2433027314282149 0.26655621907283605 -0.35016763606336321 0.38834480164504415 -0.37051807743794773 -0.2314133850649821 0.12266785655966138 0.35255375239939069 0.12944219587120617 -0.019868085226547462 -0.32877316664189371 0.11007588066371934 0.17756659111394724 -0.17796324176470391 0.2784498384748752 -0.064586077197578987 -0.16690185147973483 -0.29674237067851922 0.38317165167034339 0.21803958120402075 0.27037263534737904 0.34548374867195841 0.22203356650173545 0.29337155827607803 -0.38417625516664677 0.27484863463486614 0.22796653500195696 -0.27709620978785987 -0.24659930655742787 -0.071070956115302328 0.070521426032630605 -0.055440235281978639 0.026884892315818032 0.089214686088806699 0 -0.48475848930922205 0 0 0 0 0 0 0 0 0 0 0 0 0 0 0 0 0 0 0 0 0 0 0 0 0 0 0 0 0 0 0 0 0 0 0 0 0 0 0 0 0 0 0 0 0 0 0 0 0 0.82914611217009504 0 0 0 0 0 0 0 0 0 0 0 0 0 0 0 0 0 0 0 0 0 0 0 0 0 0 0 0 0 0 0 0 0 0 0 0 0 0 0 0 0 0 0 0 0 0 0 0 0 0.27843478898272961 0 0 0 0 0 0 0 0 0 0 0 0 0 0 0 0 0 0 0 0 0 0 0 0 0 0 0 0 0 0 0 0 0 0 0 0 0 0 0 0 0 0 0 0 0 0 0 0 0.10000000000000001 2 1
0.37796447300922725 1.8520259177452132 0.27852548450152315 -0.19083707309495176 -0.029043517941381405 -0.035005395610280488 -0.32566823156944757 -0.18945247882100524 0.14329817258627858 -0.11269829681770976 -0.35444193873666796 0.36698390784653495 -0.22867720722757393 0.14067674116029796 -0.031049266252427279 -0.12319327680785808 0.2433027314282149 0.26655621907283605 -0.35016763606336321 0.38834480164504415 -0.37051807743794773 -0.2314133850649821 0.12266785655966138 0.35255375239939069 0.12944219587120617 -0.019868085226547462 -0.32877316664189371 0.11007588066371934 0.17756659111394724 -0.17796324176470391 0.2784498384748752 -0.064586077197578987 -0.16690185147973483 -0.29674237067851922 0.38317165167034339 0.21803958120402075 0.27037263534737904 0.34548374867195841 0.22203356650173545 0.29337155827607803 -0.38417625516664677 0.27484863463486614 0.22796653500195696 -0.27709620978785987 -0.24659930655742787 -0.071070956115302328 0.070521426032630605 -0.055440235281978639 0.026884892315818032 0.089214686088806699 0 0 -0.48475848930922205 0 0 0 0 0 0 0 0 0 0 0 0 0 0 0 0 0 0 0 0 0 0 0 0 0 0 0 0 0 0 0 0 0 0 0 0 0 0 0 0 0 0 0 0 0 0 0 0 0 0.82914611217009504 0 0 0 0 0 0 0 0 0 0 0 0 0 0 0 0 0 0 0 0 0 0 0 0 0 0 0 0 0 0 0 0 0 0 0 0 0 0 0 0 0 0 0 0 0 0 0 0 0 0.27843478898272961 0 0 0 0 0 0 0 0 0 0 0 0 0 0 0 0 0 0 0 0 0 0 0 0 0 0 0 0 0 0 0 0 0 0 0 0 0 0 0 0 0 0 0 0 0 0 0 0.10000000000000001 2 1
0.37796447300922725 1.8520259177452132 0.27852548450152315 -0.19083707309495176 -0.029043517941381405 -0.035005395610280488 -0.32566823156944757 -0.18945247882100524 0.14329817258627858 -0.11269829681770976 -0.35444193873666796 0.36698390784653495 -0.22867720722757393 0.14067674116029796 -0.031049266252427279 -0.12319327680785808 0.2433027314282149 0.26655621907283605 -0.35016763606336321 0.38834480164504415 -0.37051807743794773 -0.2314133850649821 0.12266785655966138 0.35255375239939069 0.12944219587120617 -0.019868085226547462 -0.32877316664189371 0.11007588066371934 0.17756659111394724 -0.17796324176470391 0.2784498384748752 -0.064586077197578987 -0.16690185147973483 -0.29674237067851922 0.38317165167034339 0.21803958120402075 0.27037263534737904 0.34548374867195841 0.22203356650173545 0.29337155827607803 -0.38417625516664677 0.27484863463486614 0.22796653500195696 -0.27709620978785987 -0.24659930655742787 -0.071070956115302328 0.070521426032630605 -0.055440235281978639 0.026884892315818032 0.089214686088806699 0 0 0 -0.48475848930922205 0 0 0 0 0 0 0 0 0 0 0 0 0 0 0 0 0 0 0 0 0 0 0 0 0 0 0 0 0 0 0 0 0 0 0 0 0 0 0 0 0 0 0 0 0 0 0 0 0 0.82914611217009504 0 0 0 0 0 0 0 0 0 0 0 0 0 0 0 0 0 0 0 0 0 0 0 0 0 0 0 0 0 0 0 0 0 0 0 0 0 0 0 0 0 0 0 0 0 0 0 0 0 0.27843478898272961 0 0 0 0 0 0 0 0 0 0 0 0 0 0 0 0 0 0 0 0 0 0 0 0 0 0 0 0 0 0 0 0 0 0 0 0 0 0 0 0 0 0 0 0 0 0 0.10000000000000001 2 1
0.37796447300922725 1.8520259177452132 0.27852548450152315 -0.19083707309495176 -0.029043517941381405 -0.035005395610280488 -0.32566823156944757 -0.18945247882100524 0.14329817258627858 -0.11269829681770976 -0.35444193873666796 0.36698390784653495 -0.22867720722757393 0.14067674116029796 -0.031049266252427279 -0.12319327680785808 0.2433027314282149 0.26655621907283605 -0.35016763606336321 0.38834480164504415 -0.37051807743794773 -0.2314133850649821 0.12266785655966138 0.35255375239939069 0.12944219587120617 -0.019868085226547462 -0.32877316664189371 0.11007588066371934 0.17756659111394724 -0.17796324176470391 0.2784498384748752 -0.064586077197578987 -0.16690185147973483 -0.29674237067851922 0.38317165167034339 0.21803958120402075 0.27037263534737904 0.34548374867195841 0.22203356650173545 0.29337155827607803 -0.38417625516664677 0.27484863463486614 0.22796653500195696 -0.27709620978785987 -0.24659930655742787 -0.071070956115302328 0.070521426032630605 -0.055440235281978639 0.026884892315818032 0.089214686088806699 0 0 0 0 -0.48475848930922205 0 0 0 0 0 0 0 0 0 0 0 0 0 0 0 0 0 0 0 0 0 0 0 0 0 0 0 0 0 0 0 0 0 0 0 0 0 0 0 0 0 0 0 0 0 0 0 0 0 0.82914611217009504 0 0 0 0 0 0 0 0 0 0 0 0 0 0 0 0 0 0 0 0 0 0 0 0 0 0 0 0 0 0 0 0 0 0 0 0 0 0 0 0 0 0 0 0 0 0 0 0 0 0.27843478898272961 0 0 0 0 0 0 0 0 0 0 0 0 0 0 0 0 0 0 0 0 0 0 0 0 0 0 0 0 0 0 0 0 0 0 0 0 0 0 0 0 0 0 0 0 0 0.10000000000000001 2 1
0.37796447300922725 1.8520259177452132 0.27852548450152315 -0.19083707309495176 -0.029043517941381405 -0.035005395610280488 -0.32566823156944757 -0.18945247882100524 0.14329817258627858 -0.11269829681770976 -0.35444193873666796 0.36698390784653495 -0.22867720722757393 0.14067674116029796 -0.031049266252427279 -0.12319327680785808 0.2433027314282149 0.26655621907283605 -0.35016763606336321 0.38834480164504415 -0.37051807743794773 -0.2314133850649821 0.12266785655966138 0.35255375239939069 0.12944219587120617 -0.019868085226547462 -0.32877316664189371 0.11007588066371934 0.17756659111394724 -0.17796324176470391 0.2784498384748752 -0.064586077197578987 -0.16690185147973483 -0.29674237067851922 0.38317165167034339 0.21803958120402075 0.27037263534737904 0.34548374867195841 0.22203356650173545 0.29337155827607803 -0.38417625516664677 0.27484863463486614 0.22796653500195696 -0.27709620978785987 -0.24659930655742787 -0.071070956115302328 0.070521426032630605 -0.055440235281978639 0.026884892315818032 0.089214686088806699 0 0 0 0 0 -0.48475848930922205 0 0 0 0 0 0 0 0 0 0 0 0 0 0 0 0 0 0 0 0 0 0 0 0 0 0 0 0 0 0 0 0 0 0 0 0 0 0 0 0 0 0 0 0 0 0 0 0 0 0.82914611217009504 0 0 0 0 0 0 0 0 0 0 0 0 0 0 0 0 0 0 0 0 0 0 0 0 0 0 0 0 0 0 0 0 0 0 0 0 0 0 0 0 0 0 0 0 0 0 0 0 0 0.27843478898272961 0 0 0 0 0 0 0 0 0 0 0 0 0 0 0 0 0 0 0 0 0 0 0 0 0 0 0 0 0 0 0 0 0 0 0 0 0 0 0 0 0 0 0 0 0.10000000000000001 2 1
0.37796447300922725 1.8520259177452132 0.27852548450152315 -0.19083707309495176 -0.029043517941381405 -0.035005395610280488 -0.32566823156944757 -0.18945247882100524 0.14329817258627858 -0.11269829681770976 -0.35444193873666796 0.36698390784653495 -0.22867720722757393 0.14067674116029796 -0.031049266252427279 -0.12319327680785808 0.2433027314282149 0.26655621907283605 -0.35016763606336321 0.38834480164504415 -0.37051807743794773 -0.2314133850649821 0.12266785655966138 0.35255375239939069 0.12944219587120617 -0.019868085226547462 -0.32877316664189371 0.11007588066371934 0.17756659111394724 -0.17796324176470391 0.2784498384748752 -0.064586077197578987 -0.16690185147973483 -0.29674237067851922 0.38317165167034339 0.21803958120402075 0.27037263534737904 0.34548374867195841 0.22203356650173545 0.29337155827607803 -0.38417625516664677 0.27484863463486614 0.22796653500195696 -0.27709620978785987 -0.24659930655742787 -0.071070956115302328 0.070521426032630605 -0.055440235281978639 0.026884892315818032 0.089214686088806699 0 0 0 0 0 0 -0.48475848930922205 0 0 0 0 0 0 0 0 0 0 0 0 0 0 0 0 0 0 0 0 0 0 0 0 0 0 0 0 0 0 0 0 0 0 0 0 0 0 0 0 0 0 0 0 0 0 0 0 0 0.82914611217009504 0 0 0 0 0 0 0 0 0 0 0 0 0 0 0 0 0 0 0 0 0 0 0 0 0 0 0 0 0 0 0 0 0 0 0 0 0 0 0 0 0 0 0 0 0 0 0 0 0 0.27843478898272961 0 0 0 0 0 0 0 0 0 0 0 0 0 0 0 0 0 0 0 0 0 0 0 0 0 0 0 0 0 0 0 0 0 0 0 0 0 0 0 0 0 0 0 0.10000000000000001 2 1
0.37796447300922725 1.8520259177452132 0.27852548450152315 -0.19083707309495176 -0.029043517941381405 -0.035005395610280488 -0.32566823156944757 -0.18945247882100524 0.14329817258627858 -0.11269829681770976 -0.35444193873666796 0.36698390784653495 -0.22867720722757393 0.14067674116029796 -0.031049266252427279 -0.12319327680785808 0.2433027314282149 0.26655621907283605 -0.35016763606336321 0.38834480164504415 -0.37051807743794773 -0.2314133850649821 0.12266785655966138 0.35255375239939069 0.12944219587120617 -0.019868085226547462 -0.32877316664189371 0.11007588066371934 0.17756659111394724 -0.17796324176470391 0.2784498384748752 -0.064586077197578987 -0.16690185147973483 -0.29674237067851922 0.38317165167034339 0.21803958120402075 0.27037263534737904 0.34548374867195841 0.22203356650173545 0.29337155827607803 -0.38417625516664677 0.27484863463486614 0.22796653500195696 -0.27709620978785987 -0.24659930655742787 -0.071070956115302328 0.070521426032630605 -0.055440235281978639 0.026884892315818032 0.089214686088806699 0 0 0 0 0 0 0 -0.48475848930922205 0 0 0 0 0 0 0 0 0 0 0 0 0 0 0 0 0 0 0 0 0 0 0 0 0 0 0 0 0 0 0 0 0 0 0 0 0 0 0 0 0 0 0 0 0 0 0 0 0 0.82914611217009504 0 0 0 0 0 0 0 0 0 0 0 0 0 0 0 0 0 0 0 0 0 0 0 0 0 0 0 0 0 0 0 0 0 0 0 0 0 0 0 0 0 0 0 0 0 0 0 0 0 0.27843478898272961 0 0 0 0 0 0 0 0 0 0 0 0 0 0 0 0 0 0 0 0 0 0 0 0 0 0 0 0 0 0 0 0 0 0 0 0 0 0 0 0 0 0 0.10000000000000001 2 1
0.37796447300922725 1.8520259177452132 0.27852548450152315 -0.19083707309495176 -0.029043517941381405 -0.035005395610280488 -0.32566823156944757 -0.18945247882100524 0.14329817258627858 -0.11269829681770976 -0.35444193873666796 0.36698390784653495 -0.22867720722757393 0.14067674116029796 -0.031049266252427279 -0.12319327680785808 0.2433027314282149 0.26655621907283605 -0.35016763606336321 0.38834480164504415 -0.37051807743794773 -0.2314133850649821 0.12266785655966138 0.35255375239939069 0.12944219587120617 -0.019868085226547462 -0.32877316664189371 0.11007588066371934 0.17756659111394724 -0.17796324176470391 0.2784498384748752 -0.064586077197578987 -0.16690185147973483 -0.29674237067851922 0.38317165167034339 0.21803958120402075 0.27037263534737904 0.34548374867195841 0.22203356650173545 0.29337155827607803 -0.38417625516664677 0.27484863463486614 0.22796653500195696 -0.27709620978785987 -0.24659930655742787 -0.071070956115302328 0.070521426032630605 -0.055440235281978639 0.026884892315818032 0.089214686088806699 0 0 0 0 0 0 0 0 -0.48475848930922205 0 0 0 0 0 0 0 0 0 0 0 0 0 0 0 0 0 0 0 0 0 0 0 0 0 0 0 0 0 0 0 0 0 0 0 0 0 0 0 0 0 0 0 0 0 0 0 0 0 0.82914611217009504 0 0 0 0 0 0 0 0 0 0 0 0 0 0 0 0 0 0 0 0 0 0 0 0 0 0 0 0 0 0 0 0 0 0 0 0 0 0 0 0 0 0 0 0 0 0 0 0 0 0.27843478898272961 0 0 0 0 0 0 0 0 0 0 0 0 0 0 0 0 0 0 0 0 0 0 0 0 0 0 0 0 0 0 0 0 0 0 0 0 0 0 0 0 0 0.10000000000000001 2 1
0.37796447300922725 1.8520259177452132 0.27852548450152315 -0.19083707309495176 -0.029043517941381405 -0.035005395610280488 -0.32566823156944757 -0.18945247882100524 0.14329817258627858 -0.11269829681770976 -0.35444193873666796 0.36698390784653495 -0.22867720722757393 0.14067674116029796 -0.031049266252427279 -0.12319327680785808 0.2433027314282149 0.26655621907283605 -0.35016763606336321 0.38834480164504415 -0.37051807743794773 -0.2314133850649821 0.12266785655966138 0.35255375239939069 0.12944219587120617 -0.019868085226547462 -0.32877316664189371 0.11007588066371934 0.17756659111394724 -0.17796324176470391 0.2784498384748752 -0.064586077197578987 -0.16690185147973483 -0.29674237067851922 0.38317165167034339 0.21803958120402075 0.27037263534737904 0.34548374867195841 0.22203356650173545 0.29337155827607803 -0.38417625516664677 0.27484863463486614 0.22796653500195696 -0.27709620978785987 -0.24659930655742787 -0.071070956115302328 0.070521426032630605 -0.055440235281978639 0.026884892315818032 0.089214686088806699 0 0 0 0 0 0 0 0 0 -0.48475848930922205 0 0 0 0 0 0 0 0 0 0 0 0 0 0 0 0 0 0 0 0 0 0 0 0 0 0 0 0 0 0 0 0 0 0 0 0 0 0 0 0 0 0 0 0 0 0 0 0 0 0.82914611217009504 0 0 0 0 0 0 0 0 0 0 0 0 0 0 0 0 0 0 0 0 0 0 0 0 0 0 0 0 0 0 0 0 0 0 0 0 0 0 0 0 0 0 0 0 0 0 0 0 0 0.27843478898272961 0 0 0 0 0 0 0 0 0 0 0 0 0 0 0 0 0 0 0 0 0 0 0 0 0 0 0 0 0 0 0 0 0 0 0 0 0 0 0 0 0.10000000000000001 2 1
0.37796447300922725 1.8520259177452132 0.27852548450152315 -0.19083707309495176 -0.029043517941381405 -0.035005395610280488 -0.32566823156944757 -0.18945247882100524 0.14329817258627858 -0.11269829681770976 -0.35444193873666796 0.36698390784653495 -0.22867720722757393 0.14067674116029796 -0.031049266252427279 -0.12319327680785808 0.2433027314282149 0.26655621907283605 -0.35016763606336321 0.38834480164504415 -0.37051807743794773 -0.2314133850649821 0.12266785655966138 0.35255375239939069 0.12944219587120617 -0.019868085226547462 -0.32877316664189371 0.11007588066371934 0.17756659111394724 -0.17796324176470391 0.2784498384748752 -0.064586077197578987 -0.16690185147973483 -0.29674237067851922 0.38317165167034339 0.21803958120402075 0.27037263534737904 0.34548374867195841 0.22203356650173545 0.29337155827607803 -0.38417625516664677 0.27484863463486614 0.22796653500195696 -0.27709620978785987 -0.24659930655742787 -0.071070956115302328 0.070521426032630605 -0.055440235281978639 0.026884892315818032 0.089214686088806699 0 0 0 0 0 0 0 0 0 0 -0.48475848930922205 0 0 0 0 0 0 0 0 0 0 0 0 0 0 0 0 0 0 0 0 0 0 0 0 0 0 0 0 0 0 0 0 0 0 0 0 0 0 0 0 0 0 0 0 0 0 0 0 0 0.82914611217009504 0 0 0 0 0 0 0 0 0 0 0 0 0 0 0 0 0 0 0 0 0 0 0 0 0 0 0 0 0 0 0 0 0 0 0 0 0 0 0 0 0 0 0 0 0 0 0 0 0 0.27843478898272961 0 0 0 0 0 0 0 0 0 0 0 0 0 0 0 0 0 0 0 0 0 0 0 0 0 0 0 0 0 0 0 0 0 0 0 0 0 0 0 0.10000000000000001 2 1
0.37796447300922725 1.8520259177452132 0.27852548450152315 -0.19083707309495176 -0.029043517941381405 -0.035005395610280488 -0.32566823156944757 -0.18945247882100524 0.14329817258627858 -0.11269829681770976 -0.35444193873666796 0.36698390784653495 -0.22867720722757393 0.14067674116029796 -0.031049266252427279 -0.12319327680785808 0.2433027314282149 0.26655621907283605 -0.35016763606336321 0.38834480164504415 -0.37051807743794773 -0.2314133850649821 0.12266785655966138 0.35255375239939069 0.12944219587120617 -0.019868085226547462 -0.32877316664189371 0.11007588066371934 0.17756659111394724 -0.17796324176470391 0.2784498384748752 -0.064586077197578987 -0.16690185147973483 -0.29674237067851922 0.38317165167034339 0.21803958120402075 0.27037263534737904 0.34548374867195841 0.22203356650173545 0.29337155827607803 -0.38417625516664677 0.27484863463486614 0.22796653500195696 -0.27709620978785987 -0.24659930655742787 -0.071070956115302328 0.070521426032630605 -0.055440235281978639 0.026884892315818032 0.089214686088806699 0 0 0 0 0 0 0 0 0 0 0 -0.48475848930922205 0 0 0 0 0 0 0 0 0 0 0 0 0 0 0 0 0 0 0 0 0 0 0 0 0 0 0 0 0 0 0 0 0 0 0 0 0 0 0 0 0 0 0 0 0 0 0 0 0 0.82914611217009504 0 0 0 0 0 0 0 0 0 0 0 0 0 0 0 0 0 0 0 0 0 0 0 0 0 0 0 0 0 0 0 0 0 0 0 0 0 0 0 0 0 0 0 0 0 0 0 0 0 0.27843478898272961 0 0 0 0 0 0 0 0 0 0 0 0 0 0 0 0 0 0 0 0 0 0 0 0 0 0 0 0 0 0 0 0 0 0 0 0 0 0 0.10000000000000001 2 1
0.37796447300922725 1.8520259177452132 0.27852548450152315 -0.19083707309495176 -0.029043517941381405 -0.035005395610280488 -0.32566823156944757 -0.18945247882100524 0.14329817258627858 -0.11269829681770976 -0.35444193873666796 0.36698390784653495 -0.22867720722757393 0.14067674116029796 -0.031049266252427279 -0.12319327680785808 0.2433027314282149 0.26655621907283605 -0.35016763606336321 0.38834480164504415 -0.37051807743794773 -0.2314133850649821 0.12266785655966138 0.35255375239939069 0.12944219587120617 -0.019868085226547462 -0.32877316664189371 0.11007588066371934 0.17756659111394724 -0.17796324176470391 0.2784498384748752 -0.064586077197578987 -0.16690185147973483 -0.29674237067851922 0.38317165167034339 0.21803958120402075 0.27037263534737904 0.34548374867195841 0.22203356650173545 0.29337155827607803 -0.38417625516664677 0.27484863463486614 0.22796653500195696 -0.27709620978785987 -0.24659930655742787 -0.071070956115302328 0.070521426032630605 -0.055440235281978639 0.026884892315818032 0.089214686088806699 0 0 0 0 0 0 0 0 0 0 0 0 -0.48475848930922205 0 0 0 0 0 0 0 0 0 0 0 0 0 0 0 0 0 0 0 0 0 0 0 0 0 0 0 0 0 0 0 0 0 0 0 0 0 0 0 0 0 0 0 0 0 0 0 0 0 0.82914611217009504 0 0 0 0 0 0 0 0 0 0 0 0 0 0 0 0 0 0 0 0 0 0 0 0 0 0 0 0 0 0 0 0 0 0 0 0 0 0 0 0 0 0 0 0 0 0 0 0 0 0.27843478898272961 0 0 0 0 0 0 0 0 0 0 0 0 0 0 0 0 0 0 0 0 0 0 0 0 0 0 0 0 0 0 0 0 0 0 0 0 0 0.10000000000000001 2 1
0.37796447300922725 1.8520259177452132 0.27852548450152315 -0.19083707309495176 -0.029043517941381405 -0.035005395610280488 -0.32566823156944757 -0.18945247882100524 0.14329817258627858 -0.11269829681770976 -0.35444193873666796 0.36698390784653495 -0.22867720722757393 0.14067674116029796 -0.031049266252427279 -0.12319327680785808 0.2433027314282149 0.26655621907283605 -0.35016763606336321 0.38834480164504415 -0.37051807743794773 -0.2314133850649821 0.12266785655966138 0.35255375239939069 0.12944219587120617 -0.019868085226547462 -0.32877316664189371 0.11007588066371934 0.17756659111394724 -0.17796324176470391 0.2784498384748752 -0.064586077197578987 -0.16690185147973483 -0.29674237067851922 0.38317165167034339 0.21803958120402075 0.27037263534737904 0.34548374867195841 0.22203356650173545 0.29337155827607803 -0.38417625516664677 0.27484863463486614 0.22796653500195696 -0.27709620978785987 -0.24659930655742787 -0.071070956115302328 0.070521426032630605 -0.055440235281978639 0.026884892315818032 0.089214686088806699 0 0 0 0 0 0 0 0 0 0 0 0 0 -0.48475848930922205 0 0 0 0 0 0 0 0 0 0 0 0 0 0 0 0 0 0 0 0 0 0 0 0 0 0 0 0 0 0 0 0 0 0 0 0 0 0 0 0 0 0 0 0 0 0 0 0 0 0.82914611217009504 0 0 0 0 0 0 0 0 0 0 0 0 0 0 0 0 0 0 0 0 0 0 0 0 0 0 0 0 0 0 0 0 0 0 0 0 0 0 0 0 0 0 0 0 0 0 0 0 0 0.27843478898272961 0 0 0 0 0 0 0 0 0 0 0 0 0 0 0 0 0 0 0 0 0 0 0 0 0 0 0 0 0 0 0 0 0 0 0 0 0.10000000000000001 2 1
0.37796447300922725 1.8520259177452132 0.27852548450152315 -0.19083707309495176 -0.029043517941381405 -0.035005395610280488 -0.32566823156944757 -0.18945247882100524 0.14329817258627858 -0.11269829681770976 -0.35444193873666796 0.36698390784653495 -0.22867720722757393 0.14067674116029796 -0.031049266252427279 -0.12319327680785808 0.2433027314282149 0.26655621907283605 -0.35016763606336321 0.38834480164504415 -0.37051807743794773 -0.2314133850649821 0.12266785655966138 0.35255375239939069 0.12944219587120617 -0.019868085226547462 -0.32877316664189371 0.11007588066371934 0.17756659111394724 -0.17796324176470391 0.2784498384748752 -0.064586077197578987 -0.16690185147973483 -0.29674237067851922 0.38317165167034339 0.21803958120402075 0.27037263534737904 0.34548374867195841 0.22203356650173545 0.29337155827607803 -0.38417625516664677 0.27484863463486614 0.22796653500195696 -0.27709620978785987 -0.24659930655742787 -0.071070956115302328 0.070521426032630605 -0.055440235281978639 0.026884892315818032 0.089214686088806699 0 0 0 0 0 0 0 0 0 0 0 0 0 0 -0.48475848930922205 0 0 0 0 0 0 0 0 0 0 0 0 0 0 0 0 0 0 0 0 0 0 0 0 0 0 0 0 0 0 0 0 0 0 0 0 0 0 0 0 0 0 0 0 0 0 0 0 0 0.82914611217009504 0 0 0 0 0 0 0 0 0 0 0 0 0 0 0 0 0 0 0 0 0 0 0 0 0 0 0 0 0 0 0 0 0 0 0 0 0 0 0 0 0 0 0 0 0 0 0 0 0 0.27843478898272961 0 0 0 0 0 0 0 0 0 0 0 0 0 0 0 0 0 0 0 0 0 0 0 0 0 0 0 0 0 0 0 0 0 0 0 0.10000000000000001 2 1
0.37796447300922725 1.8520259177452132 0.27852548450152315 -0.19083707309495176 -0.029043517941381405 -0.035005395610280488 -0.32566823156944757 -0.18945247882100524 0.14329817258627858 -0.11269829681770976 -0.35444193873666796 0.36698390784653495 -0.22867720722757393 0.14067674116029796 -0.031049266252427279 -0.12319327680785808 0.2433027314282149 0.26655621907283605 -0.35016763606336321 0.38834480164504415 -0.37051807743794773 -0.2314133850649821 0.12266785655966138 0.35255375239939069 0.12944219587120617 -0.019868085226547462 -0.32877316664189371 0.11007588066371934 0.17756659111394724 -0.17796324176470391 0.2784498384748752 -0.064586077197578987 -0.16690185147973483 -0.29674237067851922 0.38317165167034339 0.21803958120402075 0.27037263534737904 0.34548374867195841 0.22203356650173545 0.29337155827607803 -0.38417625516664677 0.27484863463486614 0.22796653500195696 -0.27709620978785987 -0.24659930655742787 -0.071070956115302328 0.070521426032630605 -0.055440235281978639 0.026884892315818032 0.089214686088806699 0 0 0 0 0 0 0 0 0 0 0 0 0 0 0 -0.48475848930922205 0 0 0 0 0 0 0 0 0 0 0 0 0 0 0 0 0 0 0 0 0 0 0 0 0 0 0 0 0 0 0 0 0 0 0 0 0 0 0 0 0 0 0 0 0 0 0 0 0 0.82914611217009504 0 0 0 0 0 0 0 0 0 0 0 0 0 0 0 0 0 0 0 0 0 0 0 0 0 0 0 0 0 0 0 0 0 0 0 0 0 0 0 0 0 0 0 0 0 0 0 0 0 0.27843478898272961 0 0 0 0 0 0 0 0 0 0 0 0 0 0 0 0 0 0 0 0 0 0 0 0 0 0 0 0 0 0 0 0 0 0 0.10000000000000001 2 1
0.37796447300922725 1.8520259177452132 0.27852548450152315 -0.19083707309495176 -0.029043517941381405 -0.035005395610280488 -0.32566823156944757 -0.18945247882100524 0.14329817258627858 -0.11269829681770976 -0.35444193873666796 0.36698390784653495 -0.22867720722757393 0.14067674116029796 -0.031049266252427279 -0.12319327680785808 0.2433027314282149 0.26655621907283605 -0.35016763606336321 0.38834480164504415 -0.37051807743794773 -0.2314133850649821 0.12266785655966138 0.35255375239939069 0.12944219587120617 -0.019868085226547462 -0.32877316664189371 0.11007588066371934 0.17756659111394724 -0.17796324176470391 0.2784498384748752 -0.064586077197578987 -0.16690185147973483 -0.29674237067851922 0.38317165167034339 0.21803958120402075 0.27037263534737904 0.34548374867195841 0.22203356650173545 0.29337155827607803 -0.38417625516664677 0.27484863463486614 0.22796653500195696 -0.27709620978785987 -0.24659930655742787 -0.071070956115302328 0.070521426032630605 -0.055440235281978639 0.026884892315818032 0.089214686088806699 0 0 0 0 0 0 0 0 0 0 0 0 0 0 0 0 -0.48475848930922205 0 0 0 0 0 0 0 0 0 0 0 0 0 0 0 0 0 0 0 0 0 0 0 0 0 0 0 0 0 0 0 0 0 0 0 0 0 0 0 0 0 0 0 0 0 0 0 0 0 0.82914611217009504 0 0 0 0 0 0 0 0 0 0 0 0 0 0 0 0 0 0 0 0 0 0 0 0 0 0 0 0 0 0 0 0 0 0 0 0 0 0 0 0 0 0 0 0 0 0 0 0 0 0.27843478898272961 0 0 0 0 0 0 0 0 0 0 0 0 0 0 0 0 0 0 0 0 0 0 0 0 0 0 0 0 0 0 0 0 0 0.10000000000000001 2 1
0.37796447300922725 1.8520259177452132 0.27852548450152315 -0.19083707309495176 -0.029043517941381405 -0.035005395610280488 -0.32566823156944757 -0.18945247882100524 0.14329817258627858 -0.11269829681770976 -0.35444193873666796 0.36698390784653495 -0.22867720722757393 0.14067674116029796 -0.031049266252427279 -0.12319327680785808 0.2433027314282149 0.26655621907283605 -0.35016763606336321 0.38834480164504415 -0.37051807743794773 -0.2314133850649821 0.12266785655966138 0.35255375239939069 0.12944219587120617 -0.019868085226547462 -0.32877316664189371 0.11007588066371934 0.17756659111394724 -0.17796324176470391 0.2784498384748752 -0.064586077197578987 -0.16690185147973483 -0.29674237067851922 0.38317165167034339 0.21803958120402075 0.27037263534737904 0.34548374867195841 0.22203356650173545 0.29337155827607803 -0.38417625516664677 0.27484863463486614 0.22796653500195696 -0.27709620978785987 -0.24659930655742787 -0.071070956115302328 0.070521426032630605 -0.055440235281978639 0.026884892315818032 0.089214686088806699 0 0 0 0 0 0 0 0 0 0 0 0 0 0 0 0 0 -0.48475848930922205 0 0 0 0 0 0 0 0 0 0 0 0 0 0 0 0 0 0 0 0 0 0 0 0 0 0 0 0 0 0 0 0 0 0 0 0 0 0 0 0 0 0 0 0 0 0 0 0 0 0.82914611217009504 0 0 0 0 0 0 0 0 0 0 0 0 0 0 0 0 0 0 0 0 0 0 0 0 0 0 0 0 0 0 0 0 0 0 0 0 0 0 0 0 0 0 0 0 0 0 0 0 0 0.27843478898272961 0 0 0 0 0 0 0 0 0 0 0 0 0 0 0 0 0 0 0 0 0 0 0 0 0 0 0 0 0 0 0 0 0.10000000000000001 2 1
0.37796447300922725 1.8520259177452132 0.27852548450152315 -0.19083707309495176 -0.029043517941381405 -0.035005395610280488 -0.32566823156944757 -0.18945247882100524 0.14329817258627858 -0.11269829681770976 -0.35444193873666796 0.36698390784653495 -0.22867720722757393 0.14067674116029796 -0.031049266252427279 -0.12319327680785808 0.2433027314282149 0.26655621907283605 -0.35016763606336321 0.38834480164504415 -0.37051807743794773 -0.2314133850649821 0.12266785655966138 0.35255375239939069 0.12944219587120617 -0.019868085226547462 -0.32877316664189371 0.11007588066371934 0.17756659111394724 -0.17796324176470391 0.2784498384748752 -0.064586077197578987 -0.16690185147973483 -0.29674237067851922 0.38317165167034339 0.21803958120402075 0.27037263534737904 0.34548374867195841 0.22203356650173545 0.29337155827607803 -0.38417625516664677 0.27484863463486614 0.22796653500195696 -0.27709620978785987 -0.24659930655742787 -0.071070956115302328 0.070521426032630605 -0.055440235281978639 0.026884892315818032 0.089214686088806699 0 0 0 0 0 0 0 0 0 0 0 0 0 0 0 0 0 0 -0.48475848930922205 0 0 0 0 0 0 0 0 0 0 0 0 0 0 0 0 0 0 0 0 0 0 0 0 0 0 0 0 0 0 0 0 0 0 0 0 0 0 0 0 0 0 0 0 0 0 0 0 0 0.82914611217009504 0 0 0 0 0 0 0 0 0 0 0 0 0 0 0 0 0 0 0 0 0 0 0 0 0 0 0 0 0 0 0 0 0 0 0 0 0 0 0 0 0 0 0 0 0 0 0 0 0 0.27843478898272961 0 0 0 0 0 0 0 0 0 0 0 0 0 0 0 0 0 0 0 0 0 0 0 0 0 0 0 0 0 0 0 0.10000000000000001 2 1
0.37796447300922725 1.8520259177452132 0.27852548450152315 -0.19083707309495176 -0.029043517941381405 -0.035005395610280488 -0.32566823156944757 -0.18945247882100524 0.14329817258627858 -0.11269829681770976 -0.35444193873666796 0.36698390784653495 -0.22867720722757393 0.14067674116029796 -0.031049266252427279 -0.12319327680785808 0.2433027314282149 0.26655621907283605 -0.35016763606336321 0.38834480164504415 -0.37051807743794773 -0.2314133850649821 0.12266785655966138 0.35255375239939069 0.12944219587120617 -0.019868085226547462 -0.32877316664189371 0.11007588066371934 0.17756659111394724 -0.17796324176470391 0.2784498384748752 -0.064586077197578987 -0.16690185147973483 -0.29674237067851922 0.38317165167034339 0.21803958120402075 0.27037263534737904 0.34548374867195841 0.22203356650173545 0.29337155827607803 -0.38417625516664677 0.27484863463486614 0.22796653500195696 -0.27709620978785987 -0.24659930655742787 -0.071070956115302328 0.070521426032630605 -0.055440235281978639 0.026884892315818032 0.089214686088806699 0 0 0 0 0 0 0 0 0 0 0 0 0 0 0 0 0 0 0 -0.48475848930922205 0 0 0 0 0 0 0 0 0 0 0 0 0 0 0 0 0 0 0 0 0 0 0 0 0 0 0 0 0 0 0 0 0 0 0 0 0 0 0 0 0 0 0 0 0 0 0 0 0 0.82914611217009504 0 0 0 0 0 0 0 0 0 0 0 0 0 0 0 0 0 0 0 0 0 0 0 0 0 0 0 0 0 0 0 0 0 0 0 0 0 0 0 0 0 0 0 0 0 0 0 0 0 0.27843478898272961 0 0 0 0 0 0 0 0 0 0 0 0 0 0 0 0 0 0 0 0 0 0 0 0 0 0 0 0 0 0 0.10000000000000001 2 1
0.37796447300922725 1.8520259177452132 0.27852548450152315 -0.19083707309495176 -0.029043517941381405 -0.035005395610280488 -0.32566823156944757 -0.18945247882100524 0.14329817258627858 -0.11269829681770976 -0.35444193873666796 0.36698390784653495 -0.22867720722757393 0.14067674116029796 -0.031049266252427279 -0.12319327680785808 0.2433027314282149 0.26655621907283605 -0.35016763606336321 0.38834480164504415 -0.37051807743794773 -0.2314133850649821 0.12266785655966138 0.35255375239939069 0.12944219587120617 -0.019868085226547462 -0.32877316664189371 0.11007588066371934 0.17756659111394724 -0.17796324176470391 0.2784498384748752 -0.064586077197578987 -0.16690185147973483 -0.29674237067851922 0.38317165167034339 0.21803958120402075 0.27037263534737904 0.34548374867195841 0.22203356650173545 0.29337155827607803 -0.38417625516664677 0.27484863463486614 0.22796653500195696 -0.27709620978785987 -0.24659930655742787 -0.071070956115302328 0.070521426032630605 -0.055440235281978639 0.026884892315818032 0.089214686088806699 0 0 0 0 0 0 0 0 0 0 0 0 0 0 0 0 0 0 0 0 -0.48475848930922205 0 0 0 0 0 0 0 0 0 0 0 0 0 0 0 0 0 0 0 0 0 0 0 0 0 0 0 0 0 0 0 0 0 0 0 0 0 0 0 0 0 0 0 0 0 0 0 0 0 0.82914611217009504 0 0 0 0 0 0 0 0 0 0 0 0 0 0 0 0 0 0 0 0 0 0 0 0 0 0 0 0 0 0 0 0 0 0 0 0 0 0 0 0 0 0 0 0 0 0 0 0 0 0.27843478898272961 0 0 0 0 0 0 0 0 0 0 0 0 0 0 0 0 0 0 0 0 0 0 0 0 0 0 0 0 0 0.10000000000000001 2 1
0.37796447300922725 1.8520259177452132 0.27852548450152315 -0.19083707309495176 -0.029043517941381405 -0.035005395610280488 -0.32566823156944757 -0.18945247882100524 0.14329817258627858 -0.11269829681770976 -0.35444193873666796 0.36698390784653495 -0.22867720722757393 0.14067674116029796 -0.031049266252427279 -0.12319327680785808 0.2433027314282149 0.26655621907283605 -0.35016763606336321 0.38834480164504415 -0.37051807743794773 -0.2314133850649821 0.12266785655966138 0.35255375239939069 0.12944219587120617 -0.019868085226547462 -0.32877316664189371 0.11007588066371934 0.17756659111394724 -0.17796324176470391 0.2784498384748752 -0.064586077197578987 -0.16690185147973483 -0.29674237067851922 0.38317165167034339 0.21803958120402075 0.27037263534737904 0.34548374867195841 0.22203356650173545 0.29337155827607803 -0.38417625516664677 0.27484863463486614 0.22796653500195696 -0.27709620978785987 -0.24659930655742787 -0.071070956115302328 0.070521426032630605 -0.055440235281978639 0.026884892315818032 0.089214686088806699 0 0 0 0 0 0 0 0 0 0 0 0 0 0 0 0 0 0 0 0 0 -0.48475848930922205 0 0 0 0 0 0 0 0 0 0 0 0 0 0 0 0 0 0 0 0 0 0 0 0 0 0 0 0 0 0 0 0 0 0 0 0 0 0 0 0 0 0 0 0 0 0 0 0 0 0.82914611217009504 0 0 0 0 0 0 0 0 0 0 0 0 0 0 0 0 0 0 0 0 0 0 0 0 0 0 0 0 0 0 0 0 0 0 0 0 0 0 0 0 0 0 0 0 0 0 0 0 0 0.27843478898272961 0 0 0 0 0 0 0 0 0 0 0 0 0 0 0 0 0 0 0 0 0 0 0 0 0 0 0 0 0.10000000000000001 2 1
0.37796447300922725 1.8520259177452132 0.27852548450152315 -0.19083707309495176 -0.029043517941381405 -0.035005395610280488 -0.32566823156944757 -0.18945247882100524 0.14329817258627858 -0.11269829681770976 -0.35444193873666796 0.36698390784653495 -0.22867720722757393 0.14067674116029796 -0.031049266252427279 -0.12319327680785808 0.2433027314282149 0.26655621907283605 -0.35016763606336321 0.38834480164504415 -0.37051807743794773 -0.2314133850649821 0.12266785655966138 0.35255375239939069 0.12944219587120617 -0.019868085226547462 -0.32877316664189371 0.11007588066371934 0.17756659111394724 -0.17796324176470391 0.2784498384748752 -0.064586077197578987 -0.16690185147973483 -0.29674237067851922 0.38317165167034339 0.21803958120402075 0.27037263534737904 0.34548374867195841 0.22203356650173545 0.29337155827607803 -0.38417625516664677 0.27484863463486614 0.22796653500195696 -0.27709620978785987 -0.24659930655742787 -0.071070956115302328 0.070521426032630605 -0.055440235281978639 0.026884892315818032 0.089214686088806699 0 0 0 0 0 0 0 0 0 0 0 0 0 0 0 0 0 0 0 0 0 0 -0.48475848930922205 0 0 0 0 0 0 0 0 0 0 0 0 0 0 0 0 0 0 0 0 0 0 0 0 0 0 0 0 0 0 0 0 0 0 0 0 0 0 0 0 0 0 0 0 0 0 0 0 0 0.82914611217009504 0 0 0 0 0 0 0 0 0 0 0 0 0 0 0 0 0 0 0 0 0 0 0 0 0 0 0 0 0 0 0 0 0 0 0 0 0 0 0 0 0 0 0 0 0 0 0 0 0 0.27843478898272961 0 0 0 0 0 0 0 0 0 0 0 0 0 0 0 0 0 0 0 0 0 0 0 0 0 0 0 0.10000000000000001 2 1
0.37796447300922725 1.8520259177452132 0.27852548450152315 -0.19083707309495176 -0.029043517941381405 -0.035005395610280488 -0.32566823156944757 -0.18945247882100524 0.14329817258627858 -0.11269829681770976 -0.35444193873666796 0.36698390784653495 -0.22867720722757393 0.14067674116029796 -0.031049266252427279 -0.12319327680785808 0.2433027314282149 0.26655621907283605 -0.35016763606336321 0.38834480164504415 -0.37051807743794773 -0.2314133850649821 0.12266785655966138 0.35255375239939069 0.12944219587120617 -0.019868085226547462 -0.32877316664189371 0.11007588066371934 0.17756659111394724 -0.17796324176470391 0.2784498384748752 -0.064586077197578987 -0.16690185147973483 -0.29674237067851922 0.38317165167034339 0.21803958120402075 0.27037263534737904 0.34548374867195841 0.22203356650173545 0.29337155827607803 -0.38417625516664677 0.27484863463486614 0.22796653500195696 -0.27709620978785987 -0.24659930655742787 -0.071070956115302328 0.070521426032630605 -0.055440235281978639 0.026884892315818032 0.089214686088806699 0 0 0 0 0 0 0 0 0 0 0 0 0 0 0 0 0 0 0 0 0 0 0 -0.48475848930922205 0 0 0 0 0 0 0 0 0 0 0 0 0 0 0 0 0 0 0 0 0 0 0 0 0 0 0 0 0 0 0 0 0 0 0 0 0 0 0 0 0 0 0 0 0 0 0 0 0 0.82914611217009504 0 0 0 0 0 0 0 0 0 0 0 0 0 0 0 0 0 0 0 0 0 0 0 0 0 0 0 0 0 0 0 0 0 0 0 0 0 0 0 0 0 0 0 0 0 0 0 0 0 0.27843478898272961 0 0 0 0 0 0 0 0 0 0 0 0 0 0 0 0 0 0 0 0 0 0 0 0 0 0 0.10000000000000001 2 1
0.37796447300922725 1.8520259177452132 0.27852548450152315 -0.19083707309495176 -0.029043517941381405 -0.035005395610280488 -0.32566823156944757 -0.18945247882100524 0.14329817258627858 -0.11269829681770976 -0.35444193873666796 0.36698390784653495 -0.22867720722757393 0.14067674116029796 -0.031049266252427279 -0.12319327680785808 0.2433027314282149 0.26655621907283605 -0.35016763606336321 0.38834480164504415 -0.37051807743794773 -0.2314133850649821 0.12266785655966138 0.35255375239939069 0.12944219587120617 -0.019868085226547462 -0.32877316664189371 0.11007588066371934 0.17756659111394724 -0.17796324176470391 0.2784498384748752 -0.064586077197578987 -0.16690185147973483 -0.29674237067851922 0.38317165167034339 0.21803958120402075 0.27037263534737904 0.34548374867195841 0.22203356650173545 0.29337155827607803 -0.38417625516664677 0.27484863463486614 0.22796653500195696 -0.27709620978785987 -0.24659930655742787 -0.071070956115302328 0.070521426032630605 -0.055440235281978639 0.026884892315818032 0.089214686088806699 0 0 0 0 0 0 0 0 0 0 0 0 0 0 0 0 0 0 0 0 0 0 0 0 -0.48475848930922205 0 0 0 0 0 0 0 0 0 0 0 0 0 0 0 0 0 0 0 0 0 0 0 0 0 0 0 0 0 0 0 0 0 0 0 0 0 0 0 0 0 0 0 0 0 0 0 0 0 0.82914611217009504 0 0 0 0 0 0 0 0 0 0 0 0 0 0 0 0 0 0 0 0 0 0 0 0 0 0 0 0 0 0 0 0 0 0 0 0 0 0 0 0 0 0 0 0 0 0 0 0 0 0.27843478898272961 0 0 0 0 0 0 0 0 0 0 0 0 0 0 0 0 0 0 0 0 0 0 0 0 0 0.10000000000000001 2 1
0.37796447300922725 1.8520259177452132 0.27852548450152315 -0.19083707309495176 -0.029043517941381405 -0.035005395610280488 -0.32566823156944757 -0.18945247882100524 0.14329817258627858 -0.11269829681770976 -0.35444193873666796 0.36698390784653495 -0.22867720722757393 0.14067674116029796 -0.031049266252427279 -0.12319327680785808 0.2433027314282149 0.26655621907283605 -0.35016763606336321 0.38834480164504415 -0.37051807743794773 -0.2314133850649821 0.12266785655966138 0.35255375239939069 0.12944219587120617 -0.019868085226547462 -0.32877316664189371 0.11007588066371934 0.17756659111394724 -0.17796324176470391 0.2784498384748752 -0.064586077197578987 -0.16690185147973483 -0.29674237067851922 0.38317165167034339 0.21803958120402075 0.27037263534737904 0.34548374867195841 0.22203356650173545 0.29337155827607803 -0.38417625516664677 0.27484863463486614 0.22796653500195696 -0.27709620978785987 -0.24659930655742787 -0.071070956115302328 0.070521426032630605 -0.055440235281978639 0.026884892315818032 0.089214686088806699 0 0 0 0 0 0 0 0 0 0 0 0 0 0 0 0 0 0 0 0 0 0 0 0 0 -0.48475848930922205 0 0 0 0 0 0 0 0 0 0 0 0 0 0 0 0 0 0 0 0 0 0 0 0 0 0 0 0 0 0 0 0 0 0 0 0 0 0 0 0 0 0 0 0 0 0 0 0 0 0.82914611217009504 0 0 0 0 0 0 0 0 0 0 0 0 0 0 0 0 0 0 0 0 0 0 0 0 0 0 0 0 0 0 0 0 0 0 0 0 0 0 0 0 0 0 0 0 0 0 0 0 0 0.27843478898272961 0 0 0 0 0 0 0 0 0 0 0 0 0 0 0 0 0 0 0 0 0 0 0 0 0.10000000000000001 2 1
0.37796447300922725 1.8520259177452132 0.27852548450152315 -0.19083707309495176 -0.029043517941381405 -0.035005395610280488 -0.32566823156944757 -0.18945247882100524 0.14329817258627858 -0.11269829681770976 -0.35444193873666796 0.36698390784653495 -0.22867720722757393 0.14067674116029796 -0.031049266252427279 -0.12319327680785808 0.2433027314282149 0.26655621907283605 -0.35016763606336321 0.38834480164504415 -0.37051807743794773 -0.2314133850649821 0.12266785655966138 0.35255375239939069 0.12944219587120617 -0.019868085226547462 -0.32877316664189371 0.11007588066371934 0.17756659111394724 -0.17796324176470391 0.2784498384748752 -0.064586077197578987 -0.16690185147973483 -0.29674237067851922 0.38317165167034339 0.21803958120402075 0.27037263534737904 0.34548374867195841 0.22203356650173545 0.29337155827607803 -0.38417625516664677 0.27484863463486614 0.22796653500195696 -0.27709620978785987 -0.24659930655742787 -0.071070956115302328 0.070521426032630605 -0.055440235281978639 0.026884892315818032 0.089214686088806699 0 0 0 0 0 0 0 0 0 0 0 0 0 0 0 0 0 0 0 0 0 0 0 0 0 0 -0.48475848930922205 0 0 0 0 0 0 0 0 0 0 0 0 0 0 0 0 0 0 0 0 0 0 0 0 0 0 0 0 0 0 0 0 0 0 0 0 0 0 0 0 0 0 0 0 0 0 0 0 0 0.82914611217009504 0 0 0 0 0 0 0 0 0 0 0 0 0 0 0 0 0 0 0 0 0 0 0 0 0 0 0 0 0 0 0 0 0 0 0 0 0 0 0 0 0 0 0 0 0 0 0 0 0 0.27843478898272961 0 0 0 0 0 0 0 0 0 0 0 0 0 0 0 0 0 0 0 0 0 0 0 0.10000000000000001 2 1
0.37796447300922725 1.8520259177452132 0.27852548450152315 -0.19083707309495176 -0.029043517941381405 -0.035005395610280488 -0.32566823156944757 -0.18945247882100524 0.14329817258627858 -0.11269829681770976 -0.35444193873666796 0.36698390784653495 -0.22867720722757393 0.14067674116029796 -0.031049266252427279 -0.12319327680785808 0.2433027314282149 0.26655621907283605 -0.35016763606336321 0.38834480164504415 -0.37051807743794773 -0.2314133850649821 0.12266785655966138 0.35255375239939069 0.12944219587120617 -0.019868085226547462 -0.32877316664189371 0.11007588066371934 0.17756659111394724 -0.17796324176470391 0.2784498384748752 -0.064586077197578987 -0.16690185147973483 -0.29674237067851922 0.38317165167034339 0.21803958120402075 0.27037263534737904 0.34548374867195841 0.22203356650173545 0.29337155827607803 -0.38417625516664677 0.27484863463486614 0.22796653500195696 -0.27709620978785987 -0.24659930655742787 -0.071070956115302328 0.070521426032630605 -0.055440235281978639 0.026884892315818032 0.089214686088806699 0 0 0 0 0 0 0 0 0 0 0 0 0 0 0 0 0 0 0 0 0 0 0 0 0 0 0 -0.48475848930922205 0 0 0 0 0 0 0 0 0 0 0 0 0 0 0 0 0 0 0 0 0 0 0 0 0 0 0 0 0 0 0 0 0 0 0 0 0 0 0 0 0 0 0 0 0 0 0 0 0 0.82914611217009504 0 0 0 0 0 0 0 0 0 0 0 0 0 0 0 0 0 0 0 0 0 0 0 0 0 0 0 0 0 0 0 0 0 0 0 0 0 0 0 0 0 0 0 0 0 0 0 0 0 0.27843478898272961 0 0 0 0 0 0 0 0 0 0 0 0 0 0 0 0 0 0 0 0 0 0 0.10000000000000001 2 1
0.37796447300922725 1.8520259177452132 0.27852548450152315 -0.19083707309495176 -0.029043517941381405 -0.035005395610280488 -0.32566823156944757 -0.18945247882100524 0.14329817258627858 -0.11269829681770976 -0.35444193873666796 0.36698390784653495 -0.22867720722757393 0.14067674116029796 -0.031049266252427279 -0.12319327680785808 0.2433027314282149 0.26655621907283605 -0.35016763606336321 0.38834480164504415 -0.37051807743794773 -0.2314133850649821 0.12266785655966138 0.35255375239939069 0.12944219587120617 -0.019868085226547462 -0.32877316664189371 0.11007588066371934 0.17756659111394724 -0.17796324176470391 0.2784498384748752 -0.064586077197578987 -0.16690185147973483 -0.29674237067851922 0.38317165167034339 0.21803958120402075 0.27037263534737904 0.34548374867195841 0.22203356650173545 0.29337155827607803 -0.38417625516664677 0.27484863463486614 0.22796653500195696 -0.27709620978785987 -0.24659930655742787 -0.071070956115302328 0.070521426032630605 -0.055440235281978639 0.026884892315818032 0.089214686088806699 0 0 0 0 0 0 0 0 0 0 0 0 0 0 0 0 0 0 0 0 0 0 0 0 0 0 0 0 -0.48475848930922205 0 0 0 0 0 0 0 0 0 0 0 0 0 0 0 0 0 0 0 0 0 0 0 0 0 0 0 0 0 0 0 0 0 0 0 0 0 0 0 0 0 0 0 0 0 0 0 0 0 0.82914611217009504 0 0 0 0 0 0 0 0 0 0 0 0 0 0 0 0 0 0 0 0 0 0 0 0 0 0 0 0 0 0 0 0 0 0 0 0 0 0 0 0 0 0 0 0 0 0 0 0 0 0.27843478898272961 0 0 0 0 0 0 0 0 0 0 0 0 0 0 0 0 0 0 0 0 0 0.10000000000000001 2 1
0.37796447300922725 1.8520259177452132 0.27852548450152315 -0.19083707309495176 -0.029043517941381405 -0.035005395610280488 -0.32566823156944757 -0.18945247882100524 0.14329817258627858 -0.11269829681770976 -0.35444193873666796 0.36698390784653495 -0.22867720722757393 0.14067674116029796 -0.031049266252427279 -0.12319327680785808 0.2433027314282149 0.26655621907283605 -0.35016763606336321 0.38834480164504415 -0.37051807743794773 -0.2314133850649821 0.12266785655966138 0.35255375239939069 0.12944219587120617 -0.019868085226547462 -0.32877316664189371 0.11007588066371934 0.17756659111394724 -0.17796324176470391 0.2784498384748752 -0.064586077197578987 -0.16690185147973483 -0.29674237067851922 0.38317165167034339 0.21803958120402075 0.27037263534737904 0.34548374867195841 0.22203356650173545 0.29337155827607803 -0.38417625516664677 0.27484863463486614 0.22796653500195696 -0.27709620978785987 -0.24659930655742787 -0.071070956115302328 0.070521426032630605 -0.055440235281978639 0.026884892315818032 0.089214686088806699 0 0 0 0 0 0 0 0 0 0 0 0 0 0 0 0 0 0 0 0 0 0 0 0 0 0 0 0 0 -0.48475848930922205 0 0 0 0 0 0 0 0 0 0 0 0 0 0 0 0 0 0 0 0 0 0 0 0 0 0 0 0 0 0 0 0 0 0 0 0 0 0 0 0 0 0 0 0 0 0 0 0 0 0.82914611217009504 0 0 0 0 0 0 0 0 0 0 0 0 0 0 0 0 0 0 0 0 0 0 0 0 0 0 0 0 0 0 0 0 0 0 0 0 0 0 0 0 0 0 0 0 0 0 0 0 0 0.27843478898272961 0 0 0 0 0 0 0 0 0 0 0 0 0 0 0 0 0 0 0 0 0.10000000000000001 2 1
0.37796447300922725 1.8520259177452132 0.27852548450152315 -0.19083707309495176 -0.029043517941381405 -0.035005395610280488 -0.32566823156944757 -0.18945247882100524 0.14329817258627858 -0.11269829681770976 -0.35444193873666796 0.36698390784653495 -0.22867720722757393 0.14067674116029796 -0.031049266252427279 -0.12319327680785808 0.2433027314282149 0.26655621907283605 -0.35016763606336321 0.38834480164504415 -0.37051807743794773 -0.2314133850649821 0.12266785655966138 0.35255375239939069 0.12944219587120617 -0.019868085226547462 -0.32877316664189371 0.11007588066371934 0.17756659111394724 -0.17796324176470391 0.2784498384748752 -0.064586077197578987 -0.16690185147973483 -0.29674237067851922 0.38317165167034339 0.21803958120402075 0.27037263534737904 0.34548374867195841 0.22203356650173545 0.29337155827607803 -0.38417625516664677 0.27484863463486614 0.22796653500195696 -0.27709620978785987 -0.24659930655742787 -0.071070956115302328 0.070521426032630605 -0.055440235281978639 0.026884892315818032 0.089214686088806699 0 0 0 0 0 0 0 0 0 0 0 0 0 0 0 0 0 0 0 0 0 0 0 0 0 0 0 0 0 0 -0.48475848930922205 0 0 0 0 0 0 0 0 0 0 0 0 0 0 0 0 0 0 0 0 0 0 0 0 0 0 0 0 0 0 0 0 0 0 0 0 0 0 0 0 0 0 0 0 0 0 0 0 0 0.82914611217009504 0 0 0 0 0 0 0 0 0 0 0 0 0 0 0 0 0 0 0 0 0 0 0 0 0 0 0 0 0 0 0 0 0 0 0 0 0 0 0 0 0 0 0 0 0 0 0 0 0 0.27843478898272961 0 0 0 0 0 0 0 0 0 0 0 0 0 0 0 0 0 0 0 0.10000000000000001 2 1
0.37796447300922725 1.8520259177452132 0.27852548450152315 -0.19083707309495176 -0.029043517941381405 -0.035005395610280488 -0.32566823156944757 -0.18945247882100524 0.14329817258627858 -0.11269829681770976 -0.35444193873666796 0.36698390784653495 -0.22867720722757393 0.14067674116029796 -0.031049266252427279 -0.12319327680785808 0.2433027314282149 0.26655621907283605 -0.35016763606336321 0.38834480164504415 -0.37051807743794773 -0.2314133850649821 0.12266785655966138 0.35255375239939069 0.12944219587120617 -0.019868085226547462 -0.32877316664189371 0.11007588066371934 0.17756659111394724 -0.17796324176470391 0.2784498384748752 -0.064586077197578987 -0.16690185147973483 -0.29674237067851922 0.38317165167034339 0.21803958120402075 0.27037263534737904 0.34548374867195841 0.22203356650173545 0.29337155827607803 -0.38417625516664677 0.27484863463486614 0.22796653500195696 -0.27709620978785987 -0.24659930655742787 -0.071070956115302328 0.070521426032630605 -0.055440235281978639 0.026884892315818032 0.089214686088806699 0 0 0 0 0 0 0 0 0 0 0 0 0 0 0 0 0 0 0 0 0 0 0 0 0 0 0 0 0 0 0 -0.48475848930922205 0 0 0 0 0 0 0 0 0 0 0 0 0 0 0 0 0 0 0 0 0 0 0 0 0 0 0 0 0 0 0 0 0 0 0 0 0 0 0 0 0 0 0 0 0 0 0 0 0 0.82914611217009504 0 0 0 0 0 0 0 0 0 0 0 0 0 0 0 0 0 0 0 0 0 0 0 0 0 0 0 0 0 0 0 0 0 0 0 0 0 0 0 0 0 0 0 0 0 0 0 0 0 0.27843478898272961 0 0 0 0 0 0 0 0 0 0 0 0 0 0 0 0 0 0 0.10000000000000001 2 1
0.37796447300922725 1.8520259177452132 0.27852548450152315 -0.19083707309495176 -0.029043517941381405 -0.035005395610280488 -0.32566823156944757 -0.18945247882100524 0.14329817258627858 -0.11269829681770976 -0.35444193873666796 0.36698390784653495 -0.22867720722757393 0.14067674116029796 -0.031049266252427279 -0.12319327680785808 0.2433027314282149 0.26655621907283605 -0.35016763606336321 0.38834480164504415 -0.37051807743794773 -0.2314133850649821 0.12266785655966138 0.35255375239939069 0.12944219587120617 -0.019868085226547462 -0.32877316664189371 0.11007588066371934 0.17756659111394724 -0.17796324176470391 0.2784498384748752 -0.064586077197578987 -0.16690185147973483 -0.29674237067851922 0.38317165167034339 0.21803958120402075 0.27037263534737904 0.34548374867195841 0.22203356650173545 0.29337155827607803 -0.38417625516664677 0.27484863463486614 0.22796653500195696 -0.27709620978785987 -0.24659930655742787 -0.071070956115302328 0.070521426032630605 -0.055440235281978639 0.026884892315818032 0.089214686088806699 0 0 0 0 0 0 0 0 0 0 0 0 0 0 0 0 0 0 0 0 0 0 0 0 0 0 0 0 0 0 0 0 -0.48475848930922205 0 0 0 0 0 0 0 0 0 0 0 0 0 0 0 0 0 0 0 0 0 0 0 0 0 0 0 0 0 0 0 0 0 0 0 0 0 0 0 0 0 0 0 0 0 0 0 0 0 0.82914611217009504 0 0 0 0 0 0 0 0 0 0 0 0 0 0 0 0 0 0 0 0 0 0 0 0 0 0 0 0 0 0 0 0 0 0 0 0 0 0 0 0 0 0 0 0 0 0 0 0 0 0.27843478898272961 0 0 0 0 0 0 0 0 0 0 0 0 0 0 0 0 0 0.10000000000000001 2 1
0.37796447300922725 1.8520259177452132 0.27852548450152315 -0.19083707309495176 -0.029043517941381405 -0.035005395610280488 -0.32566823156944757 -0.18945247882100524 0.14329817258627858 -0.11269829681770976 -0.35444193873666796 0.36698390784653495 -0.22867720722757393 0.14067674116029796 -0.031049266252427279 -0.12319327680785808 0.2433027314282149 0.26655621907283605 -0.35016763606336321 0.38834480164504415 -0.37051807743794773 -0.2314133850649821 0.12266785655966138 0.35255375239939069 0.12944219587120617 -0.019868085226547462 -0.32877316664189371 0.11007588066371934 0.17756659111394724 -0.17796324176470391 0.2784498384748752 -0.064586077197578987 -0.16690185147973483 -0.29674237067851922 0.38317165167034339 0.21803958120402075 0.27037263534737904 0.34548374867195841 0.22203356650173545 0.29337155827607803 -0.38417625516664677 0.27484863463486614 0.22796653500195696 -0.27709620978785987 -0.24659930655742787 -0.071070956115302328 0.070521426032630605 -0.055440235281978639 0.026884892315818032 0.089214686088806699 0 0 0 0 0 0 0 0 0 0 0 0 0 0 0 0 0 0 0 0 0 0 0 0 0 0 0 0 0 0 0 0 0 -0.48475848930922205 0 0 0 0 0 0 0 0 0 0 0 0 0 0 0 0 0 0 0 0 0 0 0 0 0 0 0 0 0 0 0 0 0 0 0 0 0 0 0 0 0 0 0 0 0 0 0 0 0 0.82914611217009504 0 0 0 0 0 0 0 0 0 0 0 0 0 0 0 0 0 0 0 0 0 0 0 0 0 0 0 0 0 0 0 0 0 0 0 0 0 0 0 0 0 0 0 0 0 0 0 0 0 0.27843478898272961 0 0 0 0 0 0 0 0 0 0 0 0 0 0 0 0 0.10000000000000001 2 1
0.37796447300922725 1.8520259177452132 0.27852548450152315 -0.19083707309495176 -0.029043517941381405 -0.035005395610280488 -0.32566823156944757 -0.18945247882100524 0.14329817258627858 -0.11269829681770976 -0.35444193873666796 0.36698390784653495 -0.22867720722757393 0.14067674116029796 -0.031049266252427279 -0.12319327680785808 0.2433027314282149 0.26655621907283605 -0.35016763606336321 0.38834480164504415 -0.37051807743794773 -0.2314133850649821 0.12266785655966138 0.35255375239939069 0.12944219587120617 -0.019868085226547462 -0.32877316664189371 0.11007588066371934 0.17756659111394724 -0.17796324176470391 0.2784498384748752 -0.064586077197578987 -0.16690185147973483 -0.29674237067851922 0.38317165167034339 0.21803958120402075 0.27037263534737904 0.34548374867195841 0.22203356650173545 0.29337155827607803 -0.38417625516664677 0.27484863463486614 0.22796653500195696 -0.27709620978785987 -0.24659930655742787 -0.071070956115302328 0.070521426032630605 -0.055440235281978639 0.026884892315818032 0.089214686088806699 0 0 0 0 0 0 0 0 0 0 0 0 0 0 0 0 0 0 0 0 0 0 0 0 0 0 0 0 0 0 0 0 0 0 -0.48475848930922205 0 0 0 0 0 0 0 0 0 0 0 0 0 0 0 0 0 0 0 0 0 0 0 0 0 0 0 0 0 0 0 0 0 0 0 0 0 0 0 0 0 0 0 0 0 0 0 0 0 0.82914611217009504 0 0 0 0 0 0 0 0 0 0 0 0 0 0 0 0 0 0 0 0 0 0 0 0 0 0 0 0 0 0 0 0 0 0 0 0 0 0 0 0 0 0 0 0 0 0 0 0 0 0.27843478898272961 0 0 0 0 0 0 0 0 0 0 0 0 0 0 0 0.10000000000000001 2 1
0.37796447300922725 1.8520259177452132 0.27852548450152315 -0.19083707309495176 -0.029043517941381405 -0.035005395610280488 -0.32566823156944757 -0.18945247882100524 0.14329817258627858 -0.11269829681770976 -0.35444193873666796 0.36698390784653495 -0.22867720722757393 0.14067674116029796 -0.031049266252427279 -0.12319327680785808 0.2433027314282149 0.26655621907283605 -0.35016763606336321 0.38834480164504415 -0.37051807743794773 -0.2314133850649821 0.12266785655966138 0.35255375239939069 0.12944219587120617 -0.019868085226547462 -0.32877316664189371 0.11007588066371934 0.17756659111394724 -0.17796324176470391 0.2784498384748752 -0.064586077197578987 -0.16690185147973483 -0.29674237067851922 0.38317165167034339 0.21803958120402075 0.27037263534737904 0.34548374867195841 0.22203356650173545 0.29337155827607803 -0.38417625516664677 0.27484863463486614 0.22796653500195696 -0.27709620978785987 -0.24659930655742787 -0.071070956115302328 0.070521426032630605 -0.055440235281978639 0.026884892315818032 0.089214686088806699 0 0 0 0 0 0 0 0 0 0 0 0 0 0 0 0 0 0 0 0 0 0 0 0 0 0 0 0 0 0 0 0 0 0 0 -0.48475848930922205 0 0 0 0 0 0 0 0 0 0 0 0 0 0 0 0 0 0 0 0 0 0 0 0 0 0 0 0 0 0 0 0 0 0 0 0 0 0 0 0 0 0 0 0 0 0 0 0 0 0.82914611217009504 0 0 0 0 0 0 0 0 0 0 0 0 0 0 0 0 0 0 0 0 0 0 0 0 0 0 0 0 0 0 0 0 0 0 0 0 0 0 0 0 0 0 0 0 0 0 0 0 0 0.27843478898272961 0 0 0 0 0 0 0 0 0 0 0 0 0 0 0.10000000000000001 2 1
0.37796447300922725 1.8520259177452132 0.27852548450152315 -0.19083707309495176 -0.029043517941381405 -0.035005395610280488 -0.32566823156944757 -0.18945247882100524 0.14329817258627858 -0.11269829681770976 -0.35444193873666796 0.36698390784653495 -0.22867720722757393 0.14067674116029796 -0.031049266252427279 -0.12319327680785808 0.2433027314282149 0.26655621907283605 -0.35016763606336321 0.38834480164504415 -0.37051807743794773 -0.2314133850649821 0.12266785655966138 0.35255375239939069 0.12944219587120617 -0.019868085226547462 -0.32877316664189371 0.11007588066371934 0.17756659111394724 -0.17796324176470391 0.2784498384748752 -0.064586077197578987 -0.16690185147973483 -0.29674237067851922 0.38317165167034339 0.21803958120402075 0.27037263534737904 0.34548374867195841 0.22203356650173545 0.29337155827607803 -0.38417625516664677 0.27484863463486614 0.22796653500195696 -0.27709620978785987 -0.24659930655742787 -0.071070956115302328 0.070521426032630605 -0.055440235281978639 0.026884892315818032 0.089214686088806699 0 0 0 0 0 0 0 0 0 0 0 0 0 0 0 0 0 0 0 0 0 0 0 0 0 0 0 0 0 0 0 0 0 0 0 0 -0.48475848930922205 0 0 0 0 0 0 0 0 0 0 0 0 0 0 0 0 0 0 0 0 0 0 0 0 0 0 0 0 0 0 0 0 0 0 0 0 0 0 0 0 0 0 0 0 0 0 0 0 0 0.82914611217009504 0 0 0 0 0 0 0 0 0 0 0 0 0 0 0 0 0 0 0 0 0 0 0 0 0 0 0 0 0 0 0 0 0 0 0 0 0 0 0 0 0 0 0 0 0 0 0 0 0 0.27843478898272961 0 0 0 0 0 0 0 0 0 0 0 0 0 0.10000000000000001 2 1
0.37796447300922725 1.8520259177452132 0.27852548450152315 -0.19083707309495176 -0.029043517941381405 -0.035005395610280488 -0.32566823156944757 -0.18945247882100524 0.14329817258627858 -0.11269829681770976 -0.35444193873666796 0.36698390784653495 -0.22867720722757393 0.14067674116029796 -0.031049266252427279 -0.12319327680785808 0.2433027314282149 0.26655621907283605 -0.35016763606336321 0.38834480164504415 -0.37051807743794773 -0.2314133850649821 0.12266785655966138 0.35255375239939069 0.12944219587120617 -0.019868085226547462 -0.32877316664189371 0.11007588066371934 0.17756659111394724 -0.17796324176470391 0.2784498384748752 -0.064586077197578987 -0.16690185147973483 -0.29674237067851922 0.38317165167034339 0.21803958120402075 0.27037263534737904 0.34548374867195841 0.22203356650173545 0.29337155827607803 -0.38417625516664677 0.27484863463486614 0.22796653500195696 -0.27709620978785987 -0.24659930655742787 -0.071070956115302328 0.070521426032630605 -0.055440235281978639 0.026884892315818032 0.089214686088806699 0 0 0 0 0 0 0 0 0 0 0 0 0 0 0 0 0 0 0 0 0 0 0 0 0 0 0 0 0 0 0 0 0 0 0 0 0 -0.48475848930922205 0 0 0 0 0 0 0 0 0 0 0 0 0 0 0 0 0 0 0 0 0 0 0 0 0 0 0 0 0 0 0 0 0 0 0 0 0 0 0 0 0 0 0 0 0 0 0 0 0 0.82914611217009504 0 0 0 0 0 0 0 0 0 0 0 0 0 0 0 0 0 0 0 0 0 0 0 0 0 0 0 0 0 0 0 0 0 0 0 0 0 0 0 0 0 0 0 0 0 0 0 0 0 0.27843478898272961 0 0 0 0 0 0 0 0 0 0 0 0 0.10000000000000001 2 1
0.37796447300922725 1.8520259177452132 0.27852548450152315 -0.19083707309495176 -0.029043517941381405 -0.035005395610280488 -0.32566823156944757 -0.18945247882100524 0.14329817258627858 -0.11269829681770976 -0.35444193873666796 0.36698390784653495 -0.22867720722757393 0.14067674116029796 -0.031049266252427279 -0.12319327680785808 0.2433027314282149 0.26655621907283605 -0.35016763606336321 0.38834480164504415 -0.37051807743794773 -0.2314133850649821 0.12266785655966138 0.35255375239939069 0.12944219587120617 -0.019868085226547462 -0.32877316664189371 0.11007588066371934 0.17756659111394724 -0.17796324176470391 0.2784498384748752 -0.064586077197578987 -0.16690185147973483 -0.29674237067851922 0.38317165167034339 0.21803958120402075 0.27037263534737904 0.34548374867195841 0.22203356650173545 0.29337155827607803 -0.38417625516664677 0.27484863463486614 0.22796653500195696 -0.27709620978785987 -0.24659930655742787 -0.071070956115302328 0.070521426032630605 -0.055440235281978639 0.026884892315818032 0.089214686088806699 0 0 0 0 0 0 0 0 0 0 0 0 0 0 0 0 0 0 0 0 0 0 0 0 0 0 0 0 0 0 0 0 0 0 0 0 0 0 -0.48475848930922205 0 0 0 0 0 0 0 0 0 0 0 0 0 0 0 0 0 0 0 0 0 0 0 0 0 0 0 0 0 0 0 0 0 0 0 0 0 0 0 0 0 0 0 0 0 0 0 0 0 0.82914611217009504 0 0 0 0 0 0 0 0 0 0 0 0 0 0 0 0 0 0 0 0 0 0 0 0 0 0 0 0 0 0 0 0 0 0 0 0 0 0 0 0 0 0 0 0 0 0 0 0 0 0.27843478898272961 0 0 0 0 0 0 0 0 0 0 0 0.10000000000000001 2 1
0.37796447300922725 1.8520259177452132 0.27852548450152315 -0.19083707309495176 -0.029043517941381405 -0.035005395610280488 -0.32566823156944757 -0.18945247882100524 0.14329817258627858 -0.11269829681770976 -0.35444193873666796 0.36698390784653495 -0.22867720722757393 0.14067674116029796 -0.031049266252427279 -0.12319327680785808 0.2433027314282149 0.26655621907283605 -0.35016763606336321 0.38834480164504415 -0.37051807743794773 -0.2314133850649821 0.12266785655966138 0.35255375239939069 0.12944219587120617 -0.019868085226547462 -0.32877316664189371 0.11007588066371934 0.17756659111394724 -0.17796324176470391 0.2784498384748752 -0.064586077197578987 -0.16690185147973483 -0.29674237067851922 0.38317165167034339 0.21803958120402075 0.27037263534737904 0.34548374867195841 0.22203356650173545 0.29337155827607803 -0.38417625516664677 0.27484863463486614 0.22796653500195696 -0.27709620978785987 -0.24659930655742787 -0.071070956115302328 0.070521426032630605 -0.055440235281978639 0.026884892315818032 0.089214686088806699 0 0 0 0 0 0 0 0 0 0 0 0 0 0 0 0 0 0 0 0 0 0 0 0 0 0 0 0 0 0 0 0 0 0 0 0 0 0 0 -0.48475848930922205 0 0 0 0 0 0 0 0 0 0 0 0 0 0 0 0 0 0 0 0 0 0 0 0 0 0 0 0 0 0 0 0 0 0 0 0 0 0 0 0 0 0 0 0 0 0 0 0 0 0.82914611217009504 0 0 0 0 0 0 0 0 0 0 0 0 0 0 0 0 0 0 0 0 0 0 0 0 0 0 0 0 0 0 0 0 0 0 0 0 0 0 0 0 0 0 0 0 0 0 0 0 0 0.27843478898272961 0 0 0 0 0 0 0 0 0 0 0.10000000000000001 2 1
0.37796447300922725 1.8520259177452132 0.27852548450152315 -0.19083707309495176 -0.029043517941381405 -0.035005395610280488 -0.32566823156944757 -0.18945247882100524 0.14329817258627858 -0.11269829681770976 -0.35444193873666796 0.36698390784653495 -0.22867720722757393 0.14067674116029796 -0.031049266252427279 -0.12319327680785808 0.2433027314282149 0.26655621907283605 -0.35016763606336321 0.38834480164504415 -0.37051807743794773 -0.2314133850649821 0.12266785655966138 0.35255375239939069 0.12944219587120617 -0.019868085226547462 -0.32877316664189371 0.11007588066371934 0.17756659111394724 -0.17796324176470391 0.2784498384748752 -0.064586077197578987 -0.16690185147973483 -0.29674237067851922 0.38317165167034339 0.21803958120402075 0.27037263534737904 0.34548374867195841 0.22203356650173545 0.29337155827607803 -0.38417625516664677 0.27484863463486614 0.22796653500195696 -0.27709620978785987 -0.24659930655742787 -0.071070956115302328 0.070521426032630605 -0.055440235281978639 0.026884892315818032 0.089214686088806699 0 0 0 0 0 0 0 0 0 0 0 0 0 0 0 0 0 0 0 0 0 0 0 0 0 0 0 0 0 0 0 0 0 0 0 0 0 0 0 0 -0.48475848930922205 0 0 0 0 0 0 0 0 0 0 0 0 0 0 0 0 0 0 0 0 0 0 0 0 0 0 0 0 0 0 0 0 0 0 0 0 0 0 0 0 0 0 0 0 0 0 0 0 0 0.82914611217009504 0 0 0 0 0 0 0 0 0 0 0 0 0 0 0 0 0 0 0 0 0 0 0 0 0 0 0 0 0 0 0 0 0 0 0 0 0 0 0 0 0 0 0 0 0 0 0 0 0 0.27843478898272961 0 0 0 0 0 0 0 0 0 0.10000000000000001 2 1
0.37796447300922725 1.8520259177452132 0.27852548450152315 -0.19083707309495176 -0.029043517941381405 -0.035005395610280488 -0.32566823156944757 -0.18945247882100524 0.14329817258627858 -0.11269829681770976 -0.35444193873666796 0.36698390784653495 -0.22867720722757393 0.14067674116029796 -0.031049266252427279 -0.12319327680785808 0.2433027314282149 0.26655621907283605 -0.35016763606336321 0.38834480164504415 -0.37051807743794773 -0.2314133850649821 0.12266785655966138 0.35255375239939069 0.12944219587120617 -0.019868085226547462 -0.32877316664189371 0.11007588066371934 0.17756659111394724 -0.17796324176470391 0.2784498384748752 -0.064586077197578987 -0.16690185147973483 -0.29674237067851922 0.38317165167034339 0.21803958120402075 0.27037263534737904 0.34548374867195841 0.22203356650173545 0.29337155827607803 -0.38417625516664677 0.27484863463486614 0.22796653500195696 -0.27709620978785987 -0.24659930655742787 -0.071070956115302328 0.070521426032630605 -0.055440235281978639 0.026884892315818032 0.089214686088806699 0 0 0 0 0 0 0 0 0 0 0 0 0 0 0 0 0 0 0 0 0 0 0 0 0 0 0 0 0 0 0 0 0 0 0 0 0 0 0 0 0 -0.48475848930922205 0 0 0 0 0 0 0 0 0 0 0 0 0 0 0 0 0 0 0 0 0 0 0 0 0 0 0 0 0 0 0 0 0 0 0 0 0 0 0 0 0 0 0 0 0 0 0 0 0 0.82914611217009504 0 0 0 0 0 0 0 0 0 0 0 0 0 0 0 0 0 0 0 0 0 0 0 0 0 0 0 0 0 0 0 0 0 0 0 0 0 0 0 0 0 0 0 0 0 0 0 0 0 0.27843478898272961 0 0 0 0 0 0 0 0 0.10000000000000001 2 1
0.37796447300922725 1.8520259177452132 0.27852548450152315 -0.19083707309495176 -0.029043517941381405 -0.035005395610280488 -0.32566823156944757 -0.18945247882100524 0.14329817258627858 -0.11269829681770976 -0.35444193873666796 0.36698390784653495 -0.22867720722757393 0.14067674116029796 -0.031049266252427279 -0.12319327680785808 0.2433027314282149 0.26655621907283605 -0.35016763606336321 0.38834480164504415 -0.37051807743794773 -0.2314133850649821 0.12266785655966138 0.35255375239939069 0.12944219587120617 -0.019868085226547462 -0.32877316664189371 0.11007588066371934 0.17756659111394724 -0.17796324176470391 0.2784498384748752 -0.064586077197578987 -0.16690185147973483 -0.29674237067851922 0.38317165167034339 0.21803958120402075 0.27037263534737904 0.34548374867195841 0.22203356650173545 0.29337155827607803 -0.38417625516664677 0.27484863463486614 0.22796653500195696 -0.27709620978785987 -0.24659930655742787 -0.071070956115302328 0.070521426032630605 -0.055440235281978639 0.026884892315818032 0.089214686088806699 0 0 0 0 0 0 0 0 0 0 0 0 0 0 0 0 0 0 0 0 0 0 0 0 0 0 0 0 0 0 0 0 0 0 0 0 0 0 0 0 0 0 -0.48475848930922205 0 0 0 0 0 0 0 0 0 0 0 0 0 0 0 0 0 0 0 0 0 0 0 0 0 0 0 0 0 0 0 0 0 0 0 0 0 0 0 0 0 0 0 0 0 0 0 0 0 0.82914611217009504 0 0 0 0 0 0 0 0 0 0 0 0 0 0 0 0 0 0 0 0 0 0 0 0 0 0 0 0 0 0 0 0 0 0 0 0 0 0 0 0 0 0 0 0 0 0 0 0 0 0.27843478898272961 0 0 0 0 0 0 0 0.10000000000000001 2 1
0.37796447300922725 1.8520259177452132 0.27852548450152315 -0.19083707309495176 -0.029043517941381405 -0.035005395610280488 -0.32566823156944757 -0.18945247882100524 0.14329817258627858 -0.11269829681770976 -0.35444193873666796 0.36698390784653495 -0.22867720722757393 0.14067674116029796 -0.031049266252427279 -0.12319327680785808 0.2433027314282149 0.26655621907283605 -0.35016763606336321 0.38834480164504415 -0.37051807743794773 -0.2314133850649821 0.12266785655966138 0.35255375239939069 0.12944219587120617 -0.019868085226547462 -0.32877316664189371 0.11007588066371934 0.17756659111394724 -0.17796324176470391 0.2784498384748752 -0.064586077197578987 -0.16690185147973483 -0.29674237067851922 0.38317165167034339 0.21803958120402075 0.27037263534737904 0.34548374867195841 0.22203356650173545 0.29337155827607803 -0.38417625516664677 0.27484863463486614 0.22796653500195696 -0.27709620978785987 -0.24659930655742787 -0.071070956115302328 0.070521426032630605 -0.055440235281978639 0.026884892315818032 0.089214686088806699 0 0 0 0 0 0 0 0 0 0 0 0 0 0 0 0 0 0 0 0 0 0 0 0 0 0 0 0 0 0 0 0 0 0 0 0 0 0 0 0 0 0 0 -0.48475848930922205 0 0 0 0 0 0 0 0 0 0 0 0 0 0 0 0 0 0 0 0 0 0 0 0 0 0 0 0 0 0 0 0 0 0 0 0 0 0 0 0 0 0 0 0 0 0 0 0 0 0.82914611217009504 0 0 0 0 0 0 0 0 0 0 0 0 0 0 0 0 0 0 0 0 0 0 0 0 0 0 0 0 0 0 0 0 0 0 0 0 0 0 0 0 0 0 0 0 0 0 0 0 0 0.27843478898272961 0 0 0 0 0 0 0.10000000000000001 2 1
0.37796447300922725 1.8520259177452132 0.27852548450152315 -0.19083707309495176 -0.029043517941381405 -0.035005395610280488 -0.32566823156944757 -0.18945247882100524 0.14329817258627858 -0.11269829681770976 -0.35444193873666796 0.36698390784653495 -0.22867720722757393 0.14067674116029796 -0.031049266252427279 -0.12319327680785808 0.2433027314282149 0.26655621907283605 -0.35016763606336321 0.38834480164504415 -0.37051807743794773 -0.2314133850649821 0.12266785655966138 0.35255375239939069 0.12944219587120617 -0.019868085226547462 -0.32877316664189371 0.11007588066371934 0.17756659111394724 -0.17796324176470391 0.2784498384748752 -0.064586077197578987 -0.16690185147973483 -0.29674237067851922 0.38317165167034339 0.21803958120402075 0.27037263534737904 0.34548374867195841 0.22203356650173545 0.29337155827607803 -0.38417625516664677 0.27484863463486614 0.22796653500195696 -0.27709620978785987 -0.24659930655742787 -0.071070956115302328 0.070521426032630605 -0.055440235281978639 0.026884892315818032 0.089214686088806699 0 0 0 0 0 0 0 0 0 0 0 0 0 0 0 0 0 0 0 0 0 0 0 0 0 0 0 0 0 0 0 0 0 0 0 0 0 0 0 0 0 0 0 0 -0.48475848930922205 0 0 0 0 0 0 0 0 0 0 0 0 0 0 0 0 0 0 0 0 0 0 0 0 0 0 0 0 0 0 0 0 0 0 0 0 0 0 0 0 0 0 0 0 0 0 0 0 0 0.82914611217009504 0 0 0 0 0 0 0 0 0 0 0 0 0 0 0 0 0 0 0 0 0 0 0 0 0 0 0 0 0 0 0 0 0 0 0 0 0 0 0 0 0 0 0 0 0 0 0 0 0 0.27843478898272961 0 0 0 0 0 0.10000000000000001 2 1
0.37796447300922725 1.8520259177452132 0.27852548450152315 -0.19083707309495176 -0.029043517941381405 -0.035005395610280488 -0.32566823156944757 -0.18945247882100524 0.14329817258627858 -0.11269829681770976 -0.35444193873666796 0.36698390784653495 -0.22867720722757393 0.14067674116029796 -0.031049266252427279 -0.12319327680785808 0.2433027314282149 0.26655621907283605 -0.35016763606336321 0.38834480164504415 -0.37051807743794773 -0.2314133850649821 0.12266785655966138 0.35255375239939069 0.12944219587120617 -0.019868085226547462 -0.32877316664189371 0.11007588066371934 0.17756659111394724 -0.17796324176470391 0.2784498384748752 -0.064586077197578987 -0.16690185147973483 -0.29674237067851922 0.38317165167034339 0.21803958120402075 0.27037263534737904 0.34548374867195841 0.22203356650173545 0.29337155827607803 -0.38417625516664677 0.27484863463486614 0.22796653500195696 -0.27709620978785987 -0.24659930655742787 -0.071070956115302328 0.070521426032630605 -0.055440235281978639 0.026884892315818032 0.089214686088806699 0 0 0 0 0 0 0 0 0 0 0 0 0 0 0 0 0 0 0 0 0 0 0 0 0 0 0 0 0 0 0 0 0 0 0 0 0 0 0 0 0 0 0 0 0 -0.48475848930922205 0 0 0 0 0 0 0 0 0 0 0 0 0 0 0 0 0 0 0 0 0 0 0 0 0 0 0 0 0 0 0 0 0 0 0 0 0 0 0 0 0 0 0 0 0 0 0 0 0 0.82914611217009504 0 0 0 0 0 0 0 0 0 0 0 0 0 0 0 0 0 0 0 0 0 0 0 0 0 0 0 0 0 0 0 0 0 0 0 0 0 0 0 0 0 0 0 0 0 0 0 0 0 0.27843478898272961 0 0 0 0 0.10000000000000001 2 1
0.37796447300922725 1.8520259177452132 0.27852548450152315 -0.19083707309495176 -0.029043517941381405 -0.035005395610280488 -0.32566823156944757 -0.18945247882100524 0.14329817258627858 -0.11269829681770976 -0.35444193873666796 0.36698390784653495 -0.22867720722757393 0.14067674116029796 -0.031049266252427279 -0.12319327680785808 0.2433027314282149 0.26655621907283605 -0.35016763606336321 0.38834480164504415 -0.37051807743794773 -0.2314133850649821 0.12266785655966138 0.35255375239939069 0.12944219587120617 -0.019868085226547462 -0.32877316664189371 0.11007588066371934 0.17756659111394724 -0.17796324176470391 0.2784498384748752 -0.064586077197578987 -0.16690185147973483 -0.29674237067851922 0.38317165167034339 0.21803958120402075 0.27037263534737904 0.34548374867195841 0.22203356650173545 0.29337155827607803 -0.38417625516664677 0.27484863463486614 0.22796653500195696 -0.27709620978785987 -0.24659930655742787 -0.071070956115302328 0.070521426032630605 -0.055440235281978639 0.026884892315818032 0.089214686088806699 0 0 0 0 0 0 0 0 0 0 0 0 0 0 0 0 0 0 0 0 0 0 0 0 0 0 0 0 0 0 0 0 0 0 0 0 0 0 0 0 0 0 0 0 0 0 -0.48475848930922205 0 0 0 0 0 0 0 0 0 0 0 0 0 0 0 0 0 0 0 0 0 0 0 0 0 0 0 0 0 0 0 0 0 0 0 0 0 0 0 0 0 0 0 0 0 0 0 0 0 0.82914611217009504 0 0 0 0 0 0 0 0 0 0 0 0 0 0 0 0 0 0 0 0 0 0 0 0 0 0 0 0 0 0 0 0 0 0 0 0 0 0 0 0 0 0 0 0 0 0 0 0 0 0.27843478898272961 0 0 0 0.10000000000000001 2 1
0.37796447300922725 1.8520259177452132 0.27852548450152315 -0.19083707309495176 -0.029043517941381405 -0.035005395610280488 -0.32566823156944757 -0.18945247882100524 0.14329817258627858 -0.11269829681770976 -0.35444193873666796 0.36698390784653495 -0.22867720722757393 0.14067674116029796 -0.031049266252427279 -0.12319327680785808 0.2433027314282149 0.26655621907283605 -0.35016763606336321 0.38834480164504415 -0.37051807743794773 -0.2314133850649821 0.12266785655966138 0.35255375239939069 0.12944219587120617 -0.019868085226547462 -0.32877316664189371 0.11007588066371934 0.17756659111394724 -0.17796324176470391 0.2784498384748752 -0.064586077197578987 -0.16690185147973483 -0.29674237067851922 0.38317165167034339 0.21803958120402075 0.27037263534737904 0.34548374867195841 0.22203356650173545 0.29337155827607803 -0.38417625516664677 0.27484863463486614 0.22796653500195696 -0.27709620978785987 -0.24659930655742787 -0.071070956115302328 0.070521426032630605 -0.055440235281978639 0.026884892315818032 0.089214686088806699 0 0 0 0 0 0 0 0 0 0 0 0 0 0 0 0 0 0 0 0 0 0 0 0 0 0 0 0 0 0 0 0 0 0 0 0 0 0 0 0 0 0 0 0 0 0 0 -0.48475848930922205 0 0 0 0 0 0 0 0 0 0 0 0 0 0 0 0 0 0 0 0 0 0 0 0 0 0 0 0 0 0 0 0 0 0 0 0 0 0 0 0 0 0 0 0 0 0 0 0 0 0.82914611217009504 0 0 0 0 0 0 0 0 0 0 0 0 0 0 0 0 0 0 0 0 0 0 0 0 0 0 0 0 0 0 0 0 0 0 0 0 0 0 0 0 0 0 0 0 0 0 0 0 0 0.27843478898272961 0 0 0.10000000000000001 2 1
0.37796447300922725 1.8520259177452132 0.27852548450152315 -0.19083707309495176 -0.029043517941381405 -0.035005395610280488 -0.32566823156944757 -0.18945247882100524 0.14329817258627858 -0.11269829681770976 -0.35444193873666796 0.36698390784653495 -0.22867720722757393 0.14067674116029796 -0.031049266252427279 -0.12319327680785808 0.2433027314282149 0.26655621907283605 -0.35016763606336321 0.38834480164504415 -0.37051807743794773 -0.2314133850649821 0.12266785655966138 0.35255375239939069 0.12944219587120617 -0.019868085226547462 -0.32877316664189371 0.11007588066371934 0.17756659111394724 -0.17796324176470391 0.2784498384748752 -0.064586077197578987 -0.16690185147973483 -0.29674237067851922 0.38317165167034339 0.21803958120402075 0.27037263534737904 0.34548374867195841 0.22203356650173545 0.29337155827607803 -0.38417625516664677 0.27484863463486614 0.22796653500195696 -0.27709620978785987 -0.24659930655742787 -0.071070956115302328 0.070521426032630605 -0.055440235281978639 0.026884892315818032 0.089214686088806699 0 0 0 0 0 0 0 0 0 0 0 0 0 0 0 0 0 0 0 0 0 0 0 0 0 0 0 0 0 0 0 0 0 0 0 0 0 0 0 0 0 0 0 0 0 0 0 0 -0.48475848930922205 0 0 0 0 0 0 0 0 0 0 0 0 0 0 0 0 0 0 0 0 0 0 0 0 0 0 0 0 0 0 0 0 0 0 0 0 0 0 0 0 0 0 0 0 0 0 0 0 0 0.82914611217009504 0 0 0 0 0 0 0 0 0 0 0 0 0 0 0 0 0 0 0 0 0 0 0 0 0 0 0 0 0 0 0 0 0 0 0 0 0 0 0 0 0 0 0 0 0 0 0 0 0 0.27843478898272961 0 0.10000000000000001 2 1
0.37796447300922725 1.8520259177452132 0.27852548450152315 -0.19083707309495176 -0.029043517941381405 -0.035005395610280488 -0.32566823156944757 -0.18945247882100524 0.14329817258627858 -0.11269829681770976 -0.35444193873666796 0.36698390784653495 -0.22867720722757393 0.14067674116029796 -0.031049266252427279 -0.12319327680785808 0.2433027314282149 0.26655621907283605 -0.35016763606336321 0.38834480164504415 -0.37051807743794773 -0.2314133850649821 0.12266785655966138 0.35255375239939069 0.12944219587120617 -0.019868085226547462 -0.32877316664189371 0.11007588066371934 0.17756659111394724 -0.17796324176470391 0.2784498384748752 -0.064586077197578987 -0.16690185147973483 -0.29674237067851922 0.38317165167034339 0.21803958120402075 0.27037263534737904 0.34548374867195841 0.22203356650173545 0.29337155827607803 -0.38417625516664677 0.27484863463486614 0.22796653500195696 -0.27709620978785987 -0.24659930655742787 -0.071070956115302328 0.070521426032630605 -0.055440235281978639 0.026884892315818032 0.089214686088806699 0 0 0 0 0 0 0 0 0 0 0 0 0 0 0 0 0 0 0 0 0 0 0 0 0 0 0 0 0 0 0 0 0 0 0 0 0 0 0 0 0 0 0 0 0 0 0 0 0 -0.48475848930922205 0 0 0 0 0 0 0 0 0 0 0 0 0 0 0 0 0 0 0 0 0 0 0 0 0 0 0 0 0 0 0 0 0 0 0 0 0 0 0 0 0 0 0 0 0 0 0 0 0 0.82914611217009504 0 0 0 0 0 0 0 0 0 0 0 0 0 0 0 0 0 0 0 0 0 0 0 0 0 0 0 0 0 0 0 0 0 0 0 0 0 0 0 0 0 0 0 0 0 0 0 0 0 0.27843478898272961 0.10000000000000001 2 1
0.37796636282686774 1.852016657685075 -0.062006821492102487 -0.17978861707782168 0.35828524367862402 -5.5578953864987568e-05 0.22352954905704783 -0.20408761539557832 -0.20495297870144988 -0.34650042147223026 -0.31872720113812075 -0.19755462934114326 -0.12104507836577305 -0.34832864785449991 0.38903333694389225 0.18954861893569525 -0.32545494006756837 -0.3719711675094205 0.17914333118476469 -0.26298372338607046 0.3195199165462162 -0.24204091784814105 0.22174927312886164 0.15635739217597122 -0.17847751610766061 0.16458102455512816 0.10546919914747016 -0.36080570440981818 -0.22392016515607535 0.017831798135261766 0.21935038868926959 0.34471704254837943 -0.14358363234360053 -0.13710529740827945 -0.29575847493716445 0.11666961132330096 0.20832649431402761 0.17745619669593904 -0.0061233696800301555 0.036398574379856101 -0.37850224935823285 0.3536234451884207 0.38567970398532858 0.23351414586601393 -0.38076511552030196 -0.13446531290425084 -0.011843950927918991 0.081462833675416138 0.029669528905393872 0.12984592380097215 0 0 0 0 0 0 0 0 0 0 0 0 0 0 0 0 0 0 0 0 0 0 0 0 0 0 0 0 0 0 0 0 0 0 0 0 0 0 0 0 0 0 0 0 0 0 0 0 0 0 0 0 0 0 0 0 0 0 0 0 0 0 0 0 0 0 0 0 0 0 0 0 0 0 0 0 0 0 0 0 0 0 0 0 0 0 0 0 0 0 0 0 0 0 0 0 0 0 0 0 0 0 0 0 0 0 0 0 0 0 0 0 0 0 0 0 0 0 0 0 0 0 0 0 0 0 0 0 0 0 0 0 0 0 0 0 0 0 0 0 0 0 0 0 0 0 0 0 0 0 1 3 2
0.37796636282686774 1.852016657685075 -0.062006821492102487 -0.17978861707782168 0.35828524367862402 -5.5578953864987568e-05 0.22352954905704783 -0.20408761539557832 -0.20495297870144988 -0.34650042147223026 -0.31872720113812075 -0.19755462934114326 -0.12104507836577305 -0.34832864785449991 0.38903333694389225 0.18954861893569525 -0.32545494006756837 -0.3719711675094205 0.17914333118476469 -0.26298372338607046 0.3195199165462162 -0.24204091784814105 0.22174927312886164 0.15635739217597122 -0.17847751610766061 0.16458102455512816 0.10546919914747016 -0.36080570440981818 -0.22392016515607535 0.017831798135261766 0.21935038868926959 0.34471704254837943 -0.14358363234360053 -0.13710529740827945 -0.29575847493716445 0.11666961132330096 0.20832649431402761 0.17745619669593904 -0.0061233696800301555 0.036398574379856101 -0.37850224935823285 0.3536234451884207 0.38567970398532858 0.23351414586601393 -0.38076511552030196 -0.13446531290425084 -0.011843950927918991 0.081462833675416138 0.029669528905393872 0.12984592380097215 0.82527564046182933 0 0 0 0 0 0 0 0 0 0 0 0 0 0 0 0 0 0 0 0 0 0 0 0 0 0 0 0 0 0 0 0 0 0 0 0 0 0 0 0 0 0 0 0 0 0 0 0 0 0.55273650279683095 0 0 0 0 0 0 0 0 0 0 0 0 0 0 0 0 0 0 0 0 0 0 0 0 0 0 0 0 0 0 0 0 0 0 0 0 0 0 0 0 0 0 0 0 0 0 0 0 0 0.11576906208588827 0 0 0 0 0 0 0 0 0 0 0 0 0 0 0 0 0 0 0 0 0 0 0 0 0 0 0 0 0 0 0 0 0 0 0 0 0 0 0 0 0 0 0 0 0 0 0 0 0 1 3 2
0.37796636282686774 1.852016657685075 -0.062006821492102487 -0.17978861707782168 0.35828524367862402 -5.5578953864987568e-05 0.22352954905704783 -0.20408761539557832 -0.20495297870144988 -0.34650042147223026 -0.31872720113812075 -0.19755462934114326 -0.12104507836577305 -0.34832864785449991 0.38903333694389225 0.18954861893569525 -0.32545494006756837 -0.3719711675094205 0.17914333118476469 -0.26298372338607046 0.3195199165462162 -0.24204091784814105 0.22174927312886164 0.15635739217597122 -0.17847751610766061 0.16458102455512816 0.10546919914747016 -0.36080570440981818 -0.22392016515607535 0.017831798135261766 0.21935038868926959 0.34471704254837943 -0.14358363234360053 -0.13710529740827945 -0.29575847493716445 0.11666961132330096 0.20832649431402761 0.17745619669593904 -0.0061233696800301555 0.036398574379856101 -0.37850224935823285 0.3536234451884207 0.38567970398532858 0.23351414586601393 -0.38076511552030196 -0.13446531290425084 -0.011843950927918991 0.081462833675416138 0.029669528905393872 0.12984592380097215 0 0.82527564046182933 0 0 0 0 0 0 0 0 0 0 0 0 0 0 0 0 0 0 0 0 0 0 0 0 0 0 0 0 0 0 0 0 0 0 0 0 0 0 0 0 0 0 0 0 0 0 0 0 0 0.55273650279683095 0 0 0 0 0 0 0 0 0 0 0 0 0 0 0 0 0 0 0 0 0 0 0 0 0 0 0 0 0 0 0 0 0 0 0 0 0 0 0 0 0 0 0 0 0 0 0 0 0 0.11576906208588827 0 0 0 0 0 0 0 0 0 0 0 0 0 0 0 0 0 0 0 0 0 0 0 0 0 0 0 0 0 0 0 0 0 0 0 0 0 0 0 0 0 0 0 0 0 0 0 0 1 3 2
0.37796636282686774 1.852016657685075 -0.062006821492102487 -0.17978861707782168 0.35828524367862402 -5.5578953864987568e-05 0.22352954905704783 -0.20408761539557832 -0.20495297870144988 -0.34650042147223026 -0.31872720113812075 -0.19755462934114326 -0.12104507836577305 -0.34832864785449991 0.38903333694389225 0.18954861893569525 -0.32545494006756837 -0.3719711675094205 0.17914333118476469 -0.26298372338607046 0.3195199165462162 -0.24204091784814105 0.22174927312886164 0.15635739217597122 -0.17847751610766061 0.16458102455512816 0.10546919914747016 -0.36080570440981818 -0.22392016515607535 0.017831798135261766 0.21935038868926959 0.34471704254837943 -0.14358363234360053 -0.13710529740827945 -0.29575847493716445 0.11666961132330096 0.20832649431402761 0.17745619669593904 -0.0061233696800301555 0.036398574379856101 -0.37850224935823285 0.3536234451884207 0.38567970398532858 0.23351414586601393 -0.38076511552030196 -0.13446531290425084 -0.011843950927918991 0.081462833675416138 0.029669528905393872 0.12984592380097215 0 0 0.82527564046182933 0 0 0 0 0 0 0 0 0 0 0 0 0 0 0 0 0 0 0 0 0 0 0 0 0 0 0 0 0 0 0 0 0 0 0 0 0 0 0 0 0 0 0 0 0 0 0 0 0 0.55273650279683095 0 0 0 0 0 0 0 0 0 0 0 0 0 0 0 0 0 0 0 0 0 0 0 0 0 0 0 0 0 0 0 0 0 0 0 0 0 0 0 0 0 0 0 0 0 0 0 0 0 0.11576906208588827 0 0 0 0 0 0 0 0 0 0 0 0 0 0 0 0 0 0 0 0 0 0 0 0 0 0 0 0 0 0 0 0 0 0 0 0 0 0 0 0 0 0 0 0 0 0 0 1 3 2
0.37796636282686774 1.852016657685075 -0.062006821492102487 -0.17978861707782168 0.35828524367862402 -5.5578953864987568e-05 0.22352954905704783 -0.20408761539557832 -0.20495297870144988 -0.34650042147223026 -0.31872720113812075 -0.19755462934114326 -0.12104507836577305 -0.34832864785449991 0.38903333694389225 0.18954861893569525 -0.32545494006756837 -0.3719711675094205 0.17914333118476469 -0.26298372338607046 0.3195199165462162 -0.24204091784814105 0.22174927312886164 0.15635739217597122 -0.17847751610766061 0.16458102455512816 0.10546919914747016 -0.36080570440981818 -0.22392016515607535 0.017831798135261766 0.21935038868926959 0.34471704254837943 -0.14358363234360053 -0.13710529740827945 -0.29575847493716445 0.11666961132330096 0.20832649431402761 0.17745619669593904 -0.0061233696800301555 0.036398574379856101 -0.37850224935823285 0.3536234451884207 0.38567970398532858 0.23351414586601393 -0.38076511552030196 -0.13446531290425084 -0.011843950927918991 0.081462833675416138 0.029669528905393872 0.12984592380097215 0 0 0 0.82527564046182933 0 0 0 0 0 0 0 0 0 0 0 0 0 0 0 0 0 0 0 0 0 0 0 0 0 0 0 0 0 0 0 0 0 0 0 0 0 0 0 0 0 0 0 0 0 0 0 0 0 0.55273650279683095 0 0 0 0 0 0 0 0 0 0 0 0 0 0 0 0 0 0 0 0 0 0 0 0 0 0 0 0 0 0 0 0 0 0 0 0 0 0 0 0 0 0 0 0 0 0 0 0 0 0.11576906208588827 0 0 0 0 0 0 0 0 0 0 0 0 0 0 0 0 0 0 0 0 0 0 0 0 0 0 0 0 0 0 0 0 0 0 0 0 0 0 0 0 0 0 0 0 0 0 1 3 2
0.37796636282686774 1.852016657685075 -0.062006821492102487 -0.17978861707782168 0.35828524367862402 -5.5578953864987568e-05 0.22352954905704783 -0.20408761539557832 -0.20495297870144988 -0.34650042147223026 -0.31872720113812075 -0.19755462934114326 -0.12104507836577305 -0.34832864785449991 0.38903333694389225 0.18954861893569525 -0.32545494006756837 -0.3719711675094205 0.17914333118476469 -0.26298372338607046 0.3195199165462162 -0.24204091784814105 0.22174927312886164 0.15635739217597122 -0.17847751610766061 0.16458102455512816 0.10546919914747016 -0.36080570440981818 -0.22392016515607535 0.017831798135261766 0.21935038868926959 0.34471704254837943 -0.14358363234360053 -0.13710529740827945 -0.29575847493716445 0.11666961132330096 0.20832649431402761 0.17745619669593904 -0.0061233696800301555 0.036398574379856101 -0.37850224935823285 0.3536234451884207 0.38567970398532858 0.23351414586601393 -0.38076511552030196 -0.13446531290425084 -0.011843950927918991 0.081462833675416138 0.029669528905393872 0.12984592380097215 0 0 0 0 0.82527564046182933 0 0 0 0 0 0 0 0 0 0 0 0 0 0 0 0 0 0 0 0 0 0 0 0 0 0 0 0 0 0 0 0 0 0 0 0 0 0 0 0 0 0 0 0 0 0 0 0 0 0.55273650279683095 0 0 0 0 0 0 0 0 0 0 0 0 0 0 0 0 0 0 0 0 0 0 0 0 0 0 0 0 0 0 0 0 0 0 0 0 0 0 0 0 0 0 0 0 0 0 0 0 0 0.11576906208588827 0 0 0 0 0 0 0 0 0 0 0 0 0 0 0 0 0 0 0 0 0 0 0 0 0 0 0 0 0 0 0 0 0 0 0 0 0 0 0 0 0 0 0 0 0 1 3 2
0.37796636282686774 1.852016657685075 -0.062006821492102487 -0.17978861707782168 0.35828524367862402 -5.5578953864987568e-05 0.22352954905704783 -0.20408761539557832 -0.20495297870144988 -0.34650042147223026 -0.31872720113812075 -0.19755462934114326 -0.12104507836577305 -0.34832864785449991 0.38903333694389225 0.18954861893569525 -0.32545494006756837 -0.3719711675094205 0.17914333118476469 -0.26298372338607046 0.3195199165462162 -0.24204091784814105 0.22174927312886164 0.15635739217597122 -0.17847751610766061 0.16458102455512816 0.10546919914747016 -0.36080570440981818 -0.22392016515607535 0.017831798135261766 0.21935038868926959 0.34471704254837943 -0.14358363234360053 -0.13710529740827945 -0.29575847493716445 0.11666961132330096 0.20832649431402761 0.17745619669593904 -0.0061233696800301555 0.036398574379856101 -0.37850224935823285 0.3536234451884207 0.38567970398532858 0.23351414586601393 -0.38076511552030196 -0.13446531290425084 -0.011843950927918991 0.081462833675416138 0.029669528905393872 0.12984592380097215 0 0 0 0 0 0.82527564046182933 0 0 0 0 0 0 0 0 0 0 0 0 0 0 0 0 0 0 0 0 0 0 0 0 0 0 0 0 0 0 0 0 0 0 0 0 0 0 0 0 0 0 0 0 0 0 0 0 0 0.55273650279683095 0 0 0 0 0 0 0 0 0 0 0 0 0 0 0 0 0 0 0 0 0 0 0 0 0 0 0 0 0 0 0 0 0 0 0 0 0 0 0 0 0 0 0 0 0 0 0 0 0 0.11576906208588827 0 0 0 0 0 0 0 0 0 0 0 0 0 0 0 0 0 0 0 0 0 0 0 0 0 0 0 0 0 0 0 0 0 0 0 0 0 0 0 0 0 0 0 0 1 3 2
0.37796636282686774 1.852016657685075 -0.062006821492102487 -0.17978861707782168 0.35828524367862402 -5.5578953864987568e-05 0.22352954905704783 -0.20408761539557832 -0.20495297870144988 -0.34650042147223026 -0.31872720113812075 -0.19755462934114326 -0.12104507836577305 -0.34832864785449991 0.38903333694389225 0.18954861893569525 -0.32545494006756837 -0.3719711675094205 0.17914333118476469 -0.26298372338607046 0.3195199165462162 -0.24204091784814105 0.22174927312886164 0.15635739217597122 -0.17847751610766061 0.16458102455512816 0.10546919914747016 -0.36080570440981818 -0.22392016515607535 0.017831798135261766 0.21935038868926959 0.34471704254837943 -0.14358363234360053 -0.13710529740827945 -0.29575847493716445 0.11666961132330096 0.20832649431402761 0.17745619669593904 -0.0061233696800301555 0.036398574379856101 -0.37850224935823285 0.3536234451884207 0.38567970398532858 0.23351414586601393 -0.38076511552030196 -0.13446531290425084 -0.011843950927918991 0.081462833675416138 0.029669528905393872 0.12984592380097215 0 0 0 0 0 0 0.82527564046182933 0 0 0 0 0 0 0 0 0 0 0 0 0 0 0 0 0 0 0 0 0 0 0 0 0 0 0 0 0 0 0 0 0 0 0 0 0 0 0 0 0 0 0 0 0 0 0 0 0 0.55273650279683095 0 0 0 0 0 0 0 0 0 0 0 0 0 0 0 0 0 0 0 0 0 0 0 0 0 0 0 0 0 0 0 0 0 0 0 0 0 0 0 0 0 0 0 0 0 0 0 0 0 0.11576906208588827 0 0 0 0 0 0 0 0 0 0 0 0 0 0 0 0 0 0 0 0 0 0 0 0 0 0 0 0 0 0 0 0 0 0 0 0 0 0 0 0 0 0 0 1 3 2
0.37796636282686774 1.852016657685075 -0.062006821492102487 -0.17978861707782168 0.35828524367862402 -5.5578953864987568e-05 0.22352954905704783 -0.20408761539557832 -0.20495297870144988 -0.34650042147223026 -0.31872720113812075 -0.19755462934114326 -0.12104507836577305 -0.34832864785449991 0.38903333694389225 0.18954861893569525 -0.32545494006756837 -0.3719711675094205 0.17914333118476469 -0.26298372338607046 0.3195199165462162 -0.24204091784814105 0.22174927312886164 0.15635739217597122 -0.17847751610766061 0.16458102455512816 0.10546919914747016 -0.36080570440981818 -0.22392016515607535 0.017831798135261766 0.21935038868926959 0.34471704254837943 -0.14358363234360053 -0.13710529740827945 -0.29575847493716445 0.11666961132330096 0.20832649431402761 0.17745619669593904 -0.0061233696800301555 0.036398574379856101 -0.37850224935823285 0.3536234451884207 0.38567970398532858 0.23351414586601393 -0.38076511552030196 -0.13446531290425084 -0.011843950927918991 0.081462833675416138 0.029669528905393872 0.12984592380097215 0 0 0 0 0 0 0 0.82527564046182933 0 0 0 0 0 0 0 0 0 0 0 0 0 0 0 0 0 0 0 0 0 0 0 0 0 0 0 0 0 0 0 0 0 0 0 0 0 0 0 0 0 0 0 0 0 0 0 0 0 0.55273650279683095 0 0 0 0 0 0 0 0 0 0 0 0 0 0 0 0 0 0 0 0 0 0 0 0 0 0 0 0 0 0 0 0 0 0 0 0 0 0 0 0 0 0 0 0 0 0 0 0 0 0.11576906208588827 0 0 0 0 0 0 0 0 0 0 0 0 0 0 0 0 0 0 0 0 0 0 0 0 0 0 0 0 0 0 0 0 0 0 0 0 0 0 0 0 0 0 1 3 2
0.37796636282686774 1.852016657685075 -0.062006821492102487 -0.17978861707782168 0.35828524367862402 -5.5578953864987568e-05 0.22352954905704783 -0.20408761539557832 -0.20495297870144988 -0.34650042147223026 -0.31872720113812075 -0.19755462934114326 -0.12104507836577305 -0.34832864785449991 0.38903333694389225 0.18954861893569525 -0.32545494006756837 -0.3719711675094205 0.17914333118476469 -0.26298372338607046 0.3195199165462162 -0.24204091784814105 0.22174927312886164 0.15635739217597122 -0.17847751610766061 0.16458102455512816 0.10546919914747016 -0.36080570440981818 -0.22392016515607535 0.017831798135261766 0.21935038868926959 0.34471704254837943 -0.14358363234360053 -0.13710529740827945 -0.29575847493716445 0.11666961132330096 0.20832649431402761 0.17745619669593904 -0.0061233696800301555 0.036398574379856101 -0.37850224935823285 0.3536234451884207 0.38567970398532858 0.23351414586601393 -0.38076511552030196 -0.13446531290425084 -0.011843950927918991 0.081462833675416138 0.029669528905393872 0.12984592380097215 0 0 0 0 0 0 0 0 0.82527564046182933 0 0 0 0 0 0 0 0 0 0 0 0 0 0 0 0 0 0 0 0 0 0 0 0 0 0 0 0 0 0 0 0 0 0 0 0 0 0 0 0 0 0 0 0 0 0 0 0 0 0.55273650279683095 0 0 0 0 0 0 0 0 0 0 0 0 0 0 0 0 0 0 0 0 0 0 0 0 0 0 0 0 0 0 0 0 0 0 0 0 0 0 0 0 0 0 0 0 0 0 0 0 0 0.11576906208588827 0 0 0 0 0 0 0 0 0 0 0 0 0 0 0 0 0 0 0 0 0 0 0 0 0 0 0 0 0 0 0 0 0 0 0 0 0 0 0 0 0 1 3 2
0.37796636282686774 1.852016657685075 -0.062006821492102487 -0.17978861707782168 0.35828524367862402 -5.5578953864987568e-05 0.22352954905704783 -0.20408761539557832 -0.20495297870144988 -0.34650042147223026 -0.31872720113812075 -0.19755462934114326 -0.12104507836577305 -0.34832864785449991 0.38903333694389225 0.18954861893569525 -0.32545494006756837 -0.3719711675094205 0.17914333118476469 -0.26298372338607046 0.3195199165462162 -0.24204091784814105 0.22174927312886164 0.15635739217597122 -0.17847751610766061 0.16458102455512816 0.10546919914747016 -0.36080570440981818 -0.22392016515607535 0.017831798135261766 0.21935038868926959 0.34471704254837943 -0.14358363234360053 -0.13710529740827945 -0.29575847493716445 0.11666961132330096 0.20832649431402761 0.17745619669593904 -0.0061233696800301555 0.036398574379856101 -0.37850224935823285 0.3536234451884207 0.38567970398532858 0.23351414586601393 -0.38076511552030196 -0.13446531290425084 -0.011843950927918991 0.081462833675416138 0.029669528905393872 0.12984592380097215 0 0 0 0 0 0 0 0 0 0.82527564046182933 0 0 0 0 0 0 0 0 0 0 0 0 0 0 0 0 0 0 0 0 0 0 0 0 0 0 0 0 0 0 0 0 0 0 0 0 0 0 0 0 0 0 0 0 0 0 0 0 0 0.55273650279683095 0 0 0 0 0 0 0 0 0 0 0 0 0 0 0 0 0 0 0 0 0 0 0 0 0 0 0 0 0 0 0 0 0 0 0 0 0 0 0 0 0 0 0 0 0 0 0 0 0 0.11576906208588827 0 0 0 0 0 0 0 0 0 0 0 0 0 0 0 0 0 0 0 0 0 0 0 0 0 0 0 0 0 0 0 0 0 0 0 0 0 0 0 0 1 3 2
0.37796636282686774 1.852016657685075 -0.062006821492102487 -0.17978861707782168 0.35828524367862402 -5.5578953864987568e-05 0.22352954905704783 -0.20408761539557832 -0.20495297870144988 -0.34650042147223026 -0.31872720113812075 -0.19755462934114326 -0.12104507836577305 -0.34832864785449991 0.38903333694389225 0.18954861893569525 -0.32545494006756837 -0.3719711675094205 0.17914333118476469 -0.26298372338607046 0.3195199165462162 -0.24204091784814105 0.22174927312886164 0.15635739217597122 -0.17847751610766061 0.16458102455512816 0.10546919914747016 -0.36080570440981818 -0.22392016515607535 0.017831798135261766 0.21935038868926959 0.34471704254837943 -0.14358363234360053 -0.13710529740827945 -0.29575847493716445 0.11666961132330096 0.20832649431402761 0.17745619669593904 -0.0061233696800301555 0.036398574379856101 -0.37850224935823285 0.3536234451884207 0.38567970398532858 0.23351414586601393 -0.38076511552030196 -0.13446531290425084 -0.011843950927918991 0.081462833675416138 0.029669528905393872 0.12984592380097215 0 0 0 0 0 0 0 0 0 0 0.82527564046182933 0 0 0 0 0 0 0 0 0 0 0 0 0 0 0 0 0 0 0 0 0 0 0 0 0 0 0 0 0 0 0 0 0 0 0 0 0 0 0 0 0 0 0 0 0 0 0 0 0 0.55273650279683095 0 0 0 0 0 0 0 0 0 0 0 0 0 0 0 0 0 0 0 0 0 0 0 0 0 0 0 0 0 0 0 0 0 0 0 0 0 0 0 0 0 0 0 0 0 0 0 0 0 0.11576906208588827 0 0 0 0 0 0 0 0 0 0 0 0 0 0 0 0 0 0 0 0 0 0 0 0 0 0 0 0 0 0 0 0 0 0 0 0 0 0 0 1 3 2
0.37796636282686774 1.852016657685075 -0.062006821492102487 -0.17978861707782168 0.35828524367862402 -5.5578953864987568e-05 0.22352954905704783 -0.20408761539557832 -0.20495297870144988 -0.34650042147223026 -0.31872720113812075 -0.19755462934114326 -0.12104507836577305 -0.34832864785449991 0.38903333694389225 0.18954861893569525 -0.32545494006756837 -0.3719711675094205 0.17914333118476469 -0.26298372338607046 0.3195199165462162 -0.24204091784814105 0.22174927312886164 0.15635739217597122 -0.17847751610766061 0.16458102455512816 0.10546919914747016 -0.36080570440981818 -0.22392016515607535 0.017831798135261766 0.21935038868926959 0.34471704254837943 -0.14358363234360053 -0.13710529740827945 -0.29575847493716445 0.11666961132330096 0.20832649431402761 0.17745619669593904 -0.0061233696800301555 0.036398574379856101 -0.37850224935823285 0.3536234451884207 0.38567970398532858 0.23351414586601393 -0.38076511552030196 -0.13446531290425084 -0.011843950927918991 0.081462833675416138 0.029669528905393872 0.12984592380097215 0 0 0 0 0 0 0 0 0 0 0 0.82527564046182933 0 0 0 0 0 0 0 0 0 0 0 0 0 0 0 0 0 0 0 0 0 0 0 0 0 0 0 0 0 0 0 0 0 0 0 0 0 0 0 0 0 0 0 0 0 0 0 0 0 0.55273650279683095 0 0 0 0 0 0 0 0 0 0 0 0 0 0 0 0 0 0 0 0 0 0 0 0 0 0 0 0 0 0 0 0 0 0 0 0 0 0 0 0 0 0 0 0 0 0 0 0 0 0.11576906208588827 0 0 0 0 0 0 0 0 0 0 0 0 0 0 0 0 0 0 0 0 0 0 0 0 0 0 0 0 0 0 0 0 0 0 0 0 0 0 1 3 2
0.37796636282686774 1.852016657685075 -0.062006821492102487 -0.17978861707782168 0.35828524367862402 -5.5578953864987568e-05 0.22352954905704783 -0.20408761539557832 -0.20495297870144988 -0.34650042147223026 -0.31872720113812075 -0.19755462934114326 -0.12104507836577305 -0.34832864785449991 0.38903333694389225 0.18954861893569525 -0.32545494006756837 -0.3719711675094205 0.17914333118476469 -0.26298372338607046 0.3195199165462162 -0.24204091784814105 0.22174927312886164 0.15635739217597122 -0.17847751610766061 0.16458102455512816 0.10546919914747016 -0.36080570440981818 -0.22392016515607535 0.017831798135261766 0.21935038868926959 0.34471704254837943 -0.14358363234360053 -0.13710529740827945 -0.29575847493716445 0.11666961132330096 0.20832649431402761 0.17745619669593904 -0.0061233696800301555 0.036398574379856101 -0.37850224935823285 0.3536234451884207 0.38567970398532858 0.23351414586601393 -0.38076511552030196 -0.13446531290425084 -0.011843950927918991 0.081462833675416138 0.029669528905393872 0.12984592380097215 0 0 0 0 0 0 0 0 0 0 0 0 0.82527564046182933 0 0 0 0 0 0 0 0 0 0 0 0 0 0 0 0 0 0 0 0 0 0 0 0 0 0 0 0 0 0 0 0 0 0 0 0 0 0 0 0 0 0 0 0 0 0 0 0 0 0.55273650279683095 0 0 0 0 0 0 0 0 0 0 0 0 0 0 0 0 0 0 0 0 0 0 0 0 0 0 0 0 0 0 0 0 0 0 0 0 0 0 0 0 0 0 0 0 0 0 0 0 0 0.11576906208588827 0 0 0 0 0 0 0 0 0 0 0 0 0 0 0 0 0 0 0 0 0 0 0 0 0 0 0 0 0 0 0 0 0 0 0 0 0 1 3 2
0.37796636282686774 1.852016657685075 -0.062006821492102487 -0.17978861707782168 0.35828524367862402 -5.5578953864987568e-05 0.22352954905704783 -0.20408761539557832 -0.20495297870144988 -0.34650042147223026 -0.31872720113812075 -0.19755462934114326 -0.12104507836577305 -0.34832864785449991 0.38903333694389225 0.18954861893569525 -0.32545494006756837 -0.3719711675094205 0.17914333118476469 -0.26298372338607046 0.3195199165462162 -0.24204091784814105 0.22174927312886164 0.15635739217597122 -0.17847751610766061 0.16458102455512816 0.10546919914747016 -0.36080570440981818 -0.22392016515607535 0.017831798135261766 0.21935038868926959 0.34471704254837943 -0.14358363234360053 -0.13710529740827945 -0.29575847493716445 0.11666961132330096 0.20832649431402761 0.17745619669593904 -0.0061233696800301555 0.036398574379856101 -0.37850224935823285 0.3536234451884207 0.38567970398532858 0.23351414586601393 -0.38076511552030196 -0.13446531290425084 -0.011843950927918991 0.081462833675416138 0.029669528905393872 0.12984592380097215 0 0 0 0 0 0 0 0 0 0 0 0 0 0.82527564046182933 0 0 0 0 0 0 0 0 0 0 0 0 0 0 0 0 0 0 0 0 0 0 0 0 0 0 0 0 0 0 0 0 0 0 0 0 0 0 0 0 0 0 0 0 0 0 0 0 0 0.55273650279683095 0 0 0 0 0 0 0 0 0 0 0 0 0 0 0 0 0 0 0 0 0 0 0 0 0 0 0 0 0 0 0 0 0 0 0 0 0 0 0 0 0 0 0 0 0 0 0 0 0 0.11576906208588827 0 0 0 0 0 0 0 0 0 0 0 0 0 0 0 0 0 0 0 0 0 0 0 0 0 0 0 0 0 0 0 0 0 0 0 0 1 3 2
0.37796636282686774 1.852016657685075 -0.062006821492102487 -0.17978861707782168 0.35828524367862402 -5.5578953864987568e-05 0.22352954905704783 -0.20408761539557832 -0.20495297870144988 -0.34650042147223026 -0.31872720113812075 -0.19755462934114326 -0.12104507836577305 -0.34832864785449991 0.38903333694389225 0.18954861893569525 -0.32545494006756837 -0.3719711675094205 0.17914333118476469 -0.26298372338607046 0.3195199165462162 -0.24204091784814105 0.22174927312886164 0.15635739217597122 -0.17847751610766061 0.16458102455512816 0.10546919914747016 -0.36080570440981818 -0.22392016515607535 0.017831798135261766 0.21935038868926959 0.34471704254837943 -0.14358363234360053 -0.13710529740827945 -0.29575847493716445 0.11666961132330096 0.20832649431402761 0.17745619669593904 -0.0061233696800301555 0.036398574379856101 -0.37850224935823285 0.3536234451884207 0.38567970398532858 0.23351414586601393 -0.38076511552030196 -0.13446531290425084 -0.011843950927918991 0.081462833675416138 0.029669528905393872 0.12984592380097215 0 0 0 0 0 0 0 0 0 0 0 0 0 0 0.82527564046182933 0 0 0 0 0 0 0 0 0 0 0 0 0 0 0 0 0 0 0 0 0 0 0 0 0 0 0 0 0 0 0 0 0 0 0 0 0 0 0 0 0 0 0 0 0 0 0 0 0 0.55273650279683095 0 0 0 0 0 0 0 0 0 0 0 0 0 0 0 0 0 0 0 0 0 0 0 0 0 0 0 0 0 0 0 0 0 0 0 0 0 0 0 0 0 0 0 0 0 0 0 0 0 0.11576906208588827 0 0 0 0 0 0 0 0 0 0 0 0 0 0 0 0 0 0 0 0 0 0 0 0 0 0 0 0 0 0 0 0 0 0 0 1 3 2
0.37796636282686774 1.852016657685075 -0.062006821492102487 -0.17978861707782168 0.35828524367862402 -5.5578953864987568e-05 0.22352954905704783 -0.20408761539557832 -0.20495297870144988 -0.34650042147223026 -0.31872720113812075 -0.19755462934114326 -0.12104507836577305 -0.34832864785449991 0.38903333694389225 0.18954861893569525 -0.32545494006756837 -0.3719711675094205 0.17914333118476469 -0.26298372338607046 0.3195199165462162 -0.24204091784814105 0.22174927312886164 0.15635739217597122 -0.17847751610766061 0.16458102455512816 0.10546919914747016 -0.36080570440981818 -0.22392016515607535 0.017831798135261766 0.21935038868926959 0.34471704254837943 -0.14358363234360053 -0.13710529740827945 -0.29575847493716445 0.11666961132330096 0.20832649431402761 0.17745619669593904 -0.0061233696800301555 0.036398574379856101 -0.37850224935823285 0.3536234451884207 0.38567970398532858 0.23351414586601393 -0.38076511552030196 -0.13446531290425084 -0.011843950927918991 0.081462833675416138 0.029669528905393872 0.12984592380097215 0 0 0 0 0 0 0 0 0 0 0 0 0 0 0 0.82527564046182933 0 0 0 0 0 0 0 0 0 0 0 0 0 0 0 0 0 0 0 0 0 0 0 0 0 0 0 0 0 0 0 0 0 0 0 0 0 0 0 0 0 0 0 0 0 0 0 0 0 0.55273650279683095 0 0 0 0 0 0 0 0 0 0 0 0 0 0 0 0 0 0 0 0 0 0 0 0 0 0 0 0 0 0 0 0 0 0 0 0 0 0 0 0 0 0 0 0 0 0 0 0 0 0.11576906208588827 0 0 0 0 0 0 0 0 0 0 0 0 0 0 0 0 0 0 0 0 0 0 0 0 0 0 0 0 0 0 0 0 0 0 1 3 2
0.37796636282686774 1.852016657685075 -0.062006821492102487 -0.17978861707782168 0.35828524367862402 -5.5578953864987568e-05 0.22352954905704783 -0.20408761539557832 -0.20495297870144988 -0.34650042147223026 -0.31872720113812075 -0.19755462934114326 -0.12104507836577305 -0.34832864785449991 0.38903333694389225 0.18954861893569525 -0.32545494006756837 -0.3719711675094205 0.17914333118476469 -0.26298372338607046 0.3195199165462162 -0.24204091784814105 0.22174927312886164 0.15635739217597122 -0.17847751610766061 0.16458102455512816 0.10546919914747016 -0.36080570440981818 -0.22392016515607535 0.017831798135261766 0.21935038868926959 0.34471704254837943 -0.14358363234360053 -0.13710529740827945 -0.29575847493716445 0.11666961132330096 0.20832649431402761 0.17745619669593904 -0.0061233696800301555 0.036398574379856101 -0.37850224935823285 0.3536234451884207 0.38567970398532858 0.23351414586601393 -0.38076511552030196 -0.13446531290425084 -0.011843950927918991 0.081462833675416138 0.029669528905393872 0.12984592380097215 0 0 0 0 0 0 0 0 0 0 0 0 0 0 0 0 0.82527564046182933 0 0 0 0 0 0 0 0 0 0 0 0 0 0 0 0 0 0 0 0 0 0 0 0 0 0 0 0 0 0 0 0 0 0 0 0 0 0 0 0 0 0 0 0 0 0 0 0 0 0.55273650279683095 0 0 0 0 0 0 0 0 0 0 0 0 0 0 0 0 0 0 0 0 0 0 0 0 0 0 0 0 0 0 0 0 0 0 0 0 0 0 0 0 0 0 0 0 0 0 0 0 0 0.11576906208588827 0 0 0 0 0 0 0 0 0 0 0 0 0 0 0 0 0 0 0 0 0 0 0 0 0 0 0 0 0 0 0 0 0 1 3 2
0.37796636282686774 1.852016657685075 -0.062006821492102487 -0.17978861707782168 0.35828524367862402 -5.5578953864987568e-05 0.22352954905704783 -0.20408761539557832 -0.20495297870144988 -0.34650042147223026 -0.31872720113812075 -0.19755462934114326 -0.12104507836577305 -0.34832864785449991 0.38903333694389225 0.18954861893569525 -0.32545494006756837 -0.3719711675094205 0.17914333118476469 -0.26298372338607046 0.3195199165462162 -0.24204091784814105 0.22174927312886164 0.15635739217597122 -0.17847751610766061 0.16458102455512816 0.10546919914747016 -0.36080570440981818 -0.22392016515607535 0.017831798135261766 0.21935038868926959 0.34471704254837943 -0.14358363234360053 -0.13710529740827945 -0.29575847493716445 0.11666961132330096 0.20832649431402761 0.17745619669593904 -0.0061233696800301555 0.036398574379856101 -0.37850224935823285 0.3536234451884207 0.38567970398532858 0.23351414586601393 -0.38076511552030196 -0.13446531290425084 -0.011843950927918991 0.081462833675416138 0.029669528905393872 0.12984592380097215 0 0 0 0 0 0 0 0 0 0 0 0 0 0 0 0 0 0.82527564046182933 0 0 0 0 0 0 0 0 0 0 0 0 0 0 0 0 0 0 0 0 0 0 0 0 0 0 0 0 0 0 0 0 0 0 0 0 0 0 0 0 0 0 0 0 0 0 0 0 0 0.55273650279683095 0 0 0 0 0 0 0 0 0 0 0 0 0 0 0 0 0 0 0 0 0 0 0 0 0 0 0 0 0 0 0 0 0 0 0 0 0 0 0 0 0 0 0 0 0 0 0 0 0 0.11576906208588827 0 0 0 0 0 0 0 0 0 0 0 0 0 0 0 0 0 0 0 0 0 0 0 0 0 0 0 0 0 0 0 0 1 3 2
0.37796636282686774 1.852016657685075 -0.062006821492102487 -0.17978861707782168 0.35828524367862402 -5.5578953864987568e-05 0.22352954905704783 -0.20408761539557832 -0.20495297870144988 -0.34650042147223026 -0.31872720113812075 -0.19755462934114326 -0.12104507836577305 -0.34832864785449991 0.38903333694389225 0.18954861893569525 -0.32545494006756837 -0.3719711675094205 0.17914333118476469 -0.26298372338607046 0.3195199165462162 -0.24204091784814105 0.22174927312886164 0.15635739217597122 -0.17847751610766061 0.16458102455512816 0.10546919914747016 -0.36080570440981818 -0.22392016515607535 0.017831798135261766 0.21935038868926959 0.34471704254837943 -0.14358363234360053 -0.13710529740827945 -0.29575847493716445 0.11666961132330096 0.20832649431402761 0.17745619669593904 -0.0061233696800301555 0.036398574379856101 -0.37850224935823285 0.3536234451884207 0.38567970398532858 0.23351414586601393 -0.38076511552030196 -0.13446531290425084 -0.011843950927918991 0.081462833675416138 0.029669528905393872 0.12984592380097215 0 0 0 0 0 0 0 0 0 0 0 0 0 0 0 0 0 0 0.82527564046182933 0 0 0 0 0 0 0 0 0 0 0 0 0 0 0 0 0 0 0 0 0 0 0 0 0 0 0 0 0 0 0 0 0 0 0 0 0 0 0 0 0 0 0 0 0 0 0 0 0 0.55273650279683095 0 0 0 0 0 0 0 0 0 0 0 0 0 0 0 0 0 0 0 0 0 0 0 0 0 0 0 0 0 0 0 0 0 0 0 0 0 0 0 0 0 0 0 0 0 0 0 0 0 0.11576906208588827 0 0 0 0 0 0 0 0 0 0 0 0 0 0 0 0 0 0 0 0 0 0 0 0 0 0 0 0 0 0 0 1 3 2
0.37796636282686774 1.852016657685075 -0.062006821492102487 -0.17978861707782168 0.35828524367862402 -5.5578953864987568e-05 0.22352954905704783 -0.20408761539557832 -0.20495297870144988 -0.34650042147223026 -0.31872720113812075 -0.19755462934114326 -0.12104507836577305 -0.34832864785449991 0.38903333694389225 0.18954861893569525 -0.32545494006756837 -0.3719711675094205 0.17914333118476469 -0.26298372338607046 0.3195199165462162 -0.24204091784814105 0.22174927312886164 0.15635739217597122 -0.17847751610766061 0.16458102455512816 0.10546919914747016 -0.36080570440981818 -0.22392016515607535 0.017831798135261766 0.21935038868926959 0.34471704254837943 -0.14358363234360053 -0.13710529740827945 -0.29575847493716445 0.11666961132330096 0.20832649431402761 0.17745619669593904 -0.0061233696800301555 0.036398574379856101 -0.37850224935823285 0.3536234451884207 0.38567970398532858 0.23351414586601393 -0.38076511552030196 -0.13446531290425084 -0.011843950927918991 0.081462833675416138 0.029669528905393872 0.12984592380097215 0 0 0 0 0 0 0 0 0 0 0 0 0 0 0 0 0 0 0 0.82527564046182933 0 0 0 0 0 0 0 0 0 0 0 0 0 0 0 0 0 0 0 0 0 0 0 0 0 0 0 0 0 0 0 0 0 0 0 0 0 0 0 0 0 0 0 0 0 0 0 0 0 0.55273650279683095 0 0 0 0 0 0 0 0 0 0 0 0 0 0 0 0 0 0 0 0 0 0 0 0 0 0 0 0 0 0 0 0 0 0 0 0 0 0 0 0 0 0 0 0 0 0 0 0 0 0.11576906208588827 0 0 0 0 0 0 0 0 0 0 0 0 0 0 0 0 0 0 0 0 0 0 0 0 0 0 0 0 0 0 1 3 2
0.37796636282686774 1.852016657685075 -0.062006821492102487 -0.17978861707782168 0.35828524367862402 -5.5578953864987568e-05 0.22352954905704783 -0.20408761539557832 -0.20495297870144988 -0.34650042147223026 -0.31872720113812075 -0.19755462934114326 -0.12104507836577305 -0.34832864785449991 0.38903333694389225 0.18954861893569525 -0.32545494006756837 -0.3719711675094205 0.17914333118476469 -0.26298372338607046 0.3195199165462162 -0.24204091784814105 0.22174927312886164 0.15635739217597122 -0.17847751610766061 0.16458102455512816 0.10546919914747016 -0.36080570440981818 -0.22392016515607535 0.017831798135261766 0.21935038868926959 0.34471704254837943 -0.14358363234360053 -0.13710529740827945 -0.29575847493716445 0.11666961132330096 0.20832649431402761 0.17745619669593904 -0.0061233696800301555 0.036398574379856101 -0.37850224935823285 0.3536234451884207 0.38567970398532858 0.23351414586601393 -0.38076511552030196 -0.13446531290425084 -0.011843950927918991 0.081462833675416138 0.029669528905393872 0.12984592380097215 0 0 0 0 0 0 0 0 0 0 0 0 0 0 0 0 0 0 0 0 0.82527564046182933 0 0 0 0 0 0 0 0 0 0 0 0 0 0 0 0 0 0 0 0 0 0 0 0 0 0 0 0 0 0 0 0 0 0 0 0 0 0 0 0 0 0 0 0 0 0 0 0 0 0.55273650279683095 0 0 0 0 0 0 0 0 0 0 0 0 0 0 0 0 0 0 0 0 0 0 0 0 0 0 0 0 0 0 0 0 0 0 0 0 0 0 0 0 0 0 0 0 0 0 0 0 0 0.11576906208588827 0 0 0 0 0 0 0 0 0 0 0 0 0 0 0 0 0 0 0 0 0 0 0 0 0 0 0 0 0 1 3 2
0.37796636282686774 1.852016657685075 -0.062006821492102487 -0.17978861707782168 0.35828524367862402 -5.5578953864987568e-05 0.22352954905704783 -0.20408761539557832 -0.20495297870144988 -0.34650042147223026 -0.31872720113812075 -0.19755462934114326 -0.12104507836577305 -0.34832864785449991 0.38903333694389225 0.18954861893569525 -0.32545494006756837 -0.3719711675094205 0.17914333118476469 -0.26298372338607046 0.3195199165462162 -0.24204091784814105 0.22174927312886164 0.15635739217597122 -0.17847751610766061 0.16458102455512816 0.10546919914747016 -0.36080570440981818 -0.22392016515607535 0.017831798135261766 0.21935038868926959 0.34471704254837943 -0.14358363234360053 -0.13710529740827945 -0.29575847493716445 0.11666961132330096 0.20832649431402761 0.17745619669593904 -0.0061233696800301555 0.036398574379856101 -0.37850224935823285 0.3536234451884207 0.38567970398532858 0.23351414586601393 -0.38076511552030196 -0.13446531290425084 -0.011843950927918991 0.081462833675416138 0.029669528905393872 0.12984592380097215 0 0 0 0 0 0 0 0 0 0 0 0 0 0 0 0 0 0 0 0 0 0.82527564046182933 0 0 0 0 0 0 0 0 0 0 0 0 0 0 0 0 0 0 0 0 0 0 0 0 0 0 0 0 0 0 0 0 0 0 0 0 0 0 0 0 0 0 0 0 0 0 0 0 0 0.55273650279683095 0 0 0 0 0 0 0 0 0 0 0 0 0 0 0 0 0 0 0 0 0 0 0 0 0 0 0 0 0 0 0 0 0 0 0 0 0 0 0 0 0 0 0 0 0 0 0 0 0 0.11576906208588827 0 0 0 0 0 0 0 0 0 0 0 0 0 0 0 0 0 0 0 0 0 0 0 0 0 0 0 0 1 3 2
0.37796636282686774 1.852016657685075 -0.062006821492102487 -0.17978861707782168 0.35828524367862402 -5.5578953864987568e-05 0.22352954905704783 -0.20408761539557832 -0.20495297870144988 -0.34650042147223026 -0.31872720113812075 -0.19755462934114326 -0.12104507836577305 -0.34832864785449991 0.38903333694389225 0.18954861893569525 -0.32545494006756837 -0.3719711675094205 0.17914333118476469 -0.26298372338607046 0.3195199165462162 -0.24204091784814105 0.22174927312886164 0.15635739217597122 -0.17847751610766061 0.16458102455512816 0.10546919914747016 -0.36080570440981818 -0.22392016515607535 0.017831798135261766 0.21935038868926959 0.34471704254837943 -0.14358363234360053 -0.13710529740827945 -0.29575847493716445 0.11666961132330096 0.20832649431402761 0.17745619669593904 -0.0061233696800301555 0.036398574379856101 -0.37850224935823285 0.3536234451884207 0.38567970398532858 0.23351414586601393 -0.38076511552030196 -0.13446531290425084 -0.011843950927918991 0.081462833675416138 0.029669528905393872 0.12984592380097215 0 0 0 0 0 0 0 0 0 0 0 0 0 0 0 0 0 0 0 0 0 0 0.82527564046182933 0 0 0 0 0 0 0 0 0 0 0 0 0 0 0 0 0 0 0 0 0 0 0 0 0 0 0 0 0 0 0 0 0 0 0 0 0 0 0 0 0 0 0 0 0 0 0 0 0 0.55273650279683095 0 0 0 0 0 0 0 0 0 0 0 0 0 0 0 0 0 0 0 0 0 0 0 0 0 0 0 0 0 0 0 0 0 0 0 0 0 0 0 0 0 0 0 0 0 0 0 0 0 0.11576906208588827 0 0 0 0 0 0 0 0 0 0 0 0 0 0 0 0 0 0 0 0 0 0 0 0 0 0 0 1 3 2
0.37796636282686774 1.852016657685075 -0.062006821492102487 -0.17978861707782168 0.35828524367862402 -5.5578953864987568e-05 0.22352954905704783 -0.20408761539557832 -0.20495297870144988 -0.34650042147223026 -0.31872720113812075 -0.19755462934114326 -0.12104507836577305 -0.34832864785449991 0.38903333694389225 0.18954861893569525 -0.32545494006756837 -0.3719711675094205 0.17914333118476469 -0.26298372338607046 0.3195199165462162 -0.24204091784814105 0.22174927312886164 0.15635739217597122 -0.17847751610766061 0.16458102455512816 0.10546919914747016 -0.36080570440981818 -0.22392016515607535 0.017831798135261766 0.21935038868926959 0.34471704254837943 -0.14358363234360053 -0.13710529740827945 -0.29575847493716445 0.11666961132330096 0.20832649431402761 0.17745619669593904 -0.0061233696800301555 0.036398574379856101 -0.37850224935823285 0.3536234451884207 0.38567970398532858 0.23351414586601393 -0.38076511552030196 -0.13446531290425084 -0.011843950927918991 0.081462833675416138 0.029669528905393872 0.12984592380097215 0 0 0 0 0 0 0 0 0 0 0 0 0 0 0 0 0 0 0 0 0 0 0 0.82527564046182933 0 0 0 0 0 0 0 0 0 0 0 0 0 0 0 0 0 0 0 0 0 0 0 0 0 0 0 0 0 0 0 0 0 0 0 0 0 0 0 0 0 0 0 0 0 0 0 0 0 0.55273650279683095 0 0 0 0 0 0 0 0 0 0 0 0 0 0 0 0 0 0 0 0 0 0 0 0 0 0 0 0 0 0 0 0 0 0 0 0 0 0 0 0 0 0 0 0 0 0 0 0 0 0.11576906208588827 0 0 0 0 0 0 0 0 0 0 0 0 0 0 0 0 0 0 0 0 0 0 0 0 0 0 1 3 2
0.37796636282686774 1.852016657685075 -0.062006821492102487 -0.17978861707782168 0.35828524367862402 -5.5578953864987568e-05 0.22352954905704783 -0.20408761539557832 -0.20495297870144988 -0.34650042147223026 -0.31872720113812075 -0.19755462934114326 -0.12104507836577305 -0.34832864785449991 0.38903333694389225 0.18954861893569525 -0.32545494006756837 -0.3719711675094205 0.17914333118476469 -0.26298372338607046 0.3195199165462162 -0.24204091784814105 0.22174927312886164 0.15635739217597122 -0.17847751610766061 0.16458102455512816 0.10546919914747016 -0.36080570440981818 -0.22392016515607535 0.017831798135261766 0.21935038868926959 0.34471704254837943 -0.14358363234360053 -0.13710529740827945 -0.29575847493716445 0.11666961132330096 0.20832649431402761 0.17745619669593904 -0.0061233696800301555 0.036398574379856101 -0.37850224935823285 0.3536234451884207 0.38567970398532858 0.23351414586601393 -0.38076511552030196 -0.13446531290425084 -0.011843950927918991 0.081462833675416138 0.029669528905393872 0.12984592380097215 0 0 0 0 0 0 0 0 0 0 0 0 0 0 0 0 0 0 0 0 0 0 0 0 0.82527564046182933 0 0 0 0 0 0 0 0 0 0 0 0 0 0 0 0 0 0 0 0 0 0 0 0 0 0 0 0 0 0 0 0 0 0 0 0 0 0 0 0 0 0 0 0 0 0 0 0 0 0.55273650279683095 0 0 0 0 0 0 0 0 0 0 0 0 0 0 0 0 0 0 0 0 0 0 0 0 0 0 0 0 0 0 0 0 0 0 0 0 0 0 0 0 0 0 0 0 0 0 0 0 0 0.11576906208588827 0 0 0 0 0 0 0 0 0 0 0 0 0 0 0 0 0 0 0 0 0 0 0 0 0 1 3 2
0.37796636282686774 1.852016657685075 -0.062006821492102487 -0.17978861707782168 0.35828524367862402 -5.5578953864987568e-05 0.22352954905704783 -0.20408761539557832 -0.20495297870144988 -0.34650042147223026 -0.31872720113812075 -0.19755462934114326 -0.12104507836577305 -0.34832864785449991 0.38903333694389225 0.18954861893569525 -0.32545494006756837 -0.3719711675094205 0.17914333118476469 -0.26298372338607046 0.3195199165462162 -0.24204091784814105 0.22174927312886164 0.15635739217597122 -0.17847751610766061 0.16458102455512816 0.10546919914747016 -0.36080570440981818 -0.22392016515607535 0.017831798135261766 0.21935038868926959 0.34471704254837943 -0.14358363234360053 -0.13710529740827945 -0.29575847493716445 0.11666961132330096 0.20832649431402761 0.17745619669593904 -0.0061233696800301555 0.036398574379856101 -0.37850224935823285 0.3536234451884207 0.38567970398532858 0.23351414586601393 -0.38076511552030196 -0.13446531290425084 -0.011843950927918991 0.081462833675416138 0.029669528905393872 0.12984592380097215 0 0 0 0 0 0 0 0 0 0 0 0 0 0 0 0 0 0 0 0 0 0 0 0 0 0.82527564046182933 0 0 0 0 0 0 0 0 0 0 0 0 0 0 0 0 0 0 0 0 0 0 0 0 0 0 0 0 0 0 0 0 0 0 0 0 0 0 0 0 0 0 0 0 0 0 0 0 0 0.55273650279683095 0 0 0 0 0 0 0 0 0 0 0 0 0 0 0 0 0 0 0 0 0 0 0 0 0 0 0 0 0 0 0 0 0 0 0 0 0 0 0 0 0 0 0 0 0 0 0 0 0 0.11576906208588827 0 0 0 0 0 0 0 0 0 0 0 0 0 0 0 0 0 0 0 0 0 0 0 0 1 3 2
0.37796636282686774 1.852016657685075 -0.062006821492102487 -0.17978861707782168 0.35828524367862402 -5.5578953864987568e-05 0.22352954905704783 -0.20408761539557832 -0.20495297870144988 -0.34650042147223026 -0.31872720113812075 -0.19755462934114326 -0.12104507836577305 -0.34832864785449991 0.38903333694389225 0.18954861893569525 -0.32545494006756837 -0.3719711675094205 0.17914333118476469 -0.26298372338607046 0.3195199165462162 -0.24204091784814105 0.22174927312886164 0.15635739217597122 -0.17847751610766061 0.16458102455512816 0.10546919914747016 -0.36080570440981818 -0.22392016515607535 0.017831798135261766 0.21935038868926959 0.34471704254837943 -0.14358363234360053 -0.13710529740827945 -0.29575847493716445 0.11666961132330096 0.20832649431402761 0.17745619669593904 -0.0061233696800301555 0.036398574379856101 -0.37850224935823285 0.3536234451884207 0.38567970398532858 0.23351414586601393 -0.38076511552030196 -0.13446531290425084 -0.011843950927918991 0.081462833675416138 0.029669528905393872 0.12984592380097215 0 0 0 0 0 0 0 0 0 0 0 0 0 0 0 0 0 0 0 0 0 0 0 0 0 0 0.82527564046182933 0 0 0 0 0 0 0 0 0 0 0 0 0 0 0 0 0 0 0 0 0 0 0 0 0 0 0 0 0 0 0 0 0 0 0 0 0 0 0 0 0 0 0 0 0 0 0 0 0 0.55273650279683095 0 0 0 0 0 0 0 0 0 0 0 0 0 0 0 0 0 0 0 0 0 0 0 0 0 0 0 0 0 0 0 0 0 0 0 0 0 0 0 0 0 0 0 0 0 0 0 0 0 0.11576906208588827 0 0 0 0 0 0 0 0 0 0 0 0 0 0 0 0 0 0 0 0 0 0 0 1 3 2
0.37796636282686774 1.852016657685075 -0.062006821492102487 -0.17978861707782168 0.35828524367862402 -5.5578953864987568e-05 0.22352954905704783 -0.20408761539557832 -0.20495297870144988 -0.34650042147223026 -0.31872720113812075 -0.19755462934114326 -0.12104507836577305 -0.34832864785449991 0.38903333694389225 0.18954861893569525 -0.32545494006756837 -0.3719711675094205 0.17914333118476469 -0.26298372338607046 0.3195199165462162 -0.24204091784814105 0.22174927312886164 0.15635739217597122 -0.17847751610766061 0.16458102455512816 0.10546919914747016 -0.36080570440981818 -0.22392016515607535 0.017831798135261766 0.21935038868926959 0.34471704254837943 -0.14358363234360053 -0.13710529740827945 -0.29575847493716445 0.11666961132330096 0.20832649431402761 0.17745619669593904 -0.0061233696800301555 0.036398574379856101 -0.37850224935823285 0.3536234451884207 0.38567970398532858 0.23351414586601393 -0.38076511552030196 -0.13446531290425084 -0.011843950927918991 0.081462833675416138 0.029669528905393872 0.12984592380097215 0 0 0 0 0 0 0 0 0 0 0 0 0 0 0 0 0 0 0 0 0 0 0 0 0 0 0 0.82527564046182933 0 0 0 0 0 0 0 0 0 0 0 0 0 0 0 0 0 0 0 0 0 0 0 0 0 0 0 0 0 0 0 0 0 0 0 0 0 0 0 0 0 0 0 0 0 0 0 0 0 0.55273650279683095 0 0 0 0 0 0 0 0 0 0 0 0 0 0 0 0 0 0 0 0 0 0 0 0 0 0 0 0 0 0 0 0 0 0 0 0 0 0 0 0 0 0 0 0 0 0 0 0 0 0.11576906208588827 0 0 0 0 0 0 0 0 0 0 0 0 0 0 0 0 0 0 0 0 0 0 1 3 2
0.37796636282686774 1.852016657685075 -0.062006821492102487 -0.17978861707782168 0.35828524367862402 -5.5578953864987568e-05 0.22352954905704783 -0.20408761539557832 -0.20495297870144988 -0.34650042147223026 -0.31872720113812075 -0.19755462934114326 -0.12104507836577305 -0.34832864785449991 0.38903333694389225 0.18954861893569525 -0.32545494006756837 -0.3719711675094205 0.17914333118476469 -0.26298372338607046 0.3195199165462162 -0.24204091784814105 0.22174927312886164 0.15635739217597122 -0.17847751610766061 0.16458102455512816 0.10546919914747016 -0.36080570440981818 -0.22392016515607535 0.017831798135261766 0.21935038868926959 0.34471704254837943 -0.14358363234360053 -0.13710529740827945 -0.29575847493716445 0.11666961132330096 0.20832649431402761 0.17745619669593904 -0.0061233696800301555 0.036398574379856101 -0.37850224935823285 0.3536234451884207 0.38567970398532858 0.23351414586601393 -0.38076511552030196 -0.13446531290425084 -0.011843950927918991 0.081462833675416138 0.029669528905393872 0.12984592380097215 0 0 0 0 0 0 0 0 0 0 0 0 0 0 0 0 0 0 0 0 0 0 0 0 0 0 0 0 0.82527564046182933 0 0 0 0 0 0 0 0 0 0 0 0 0 0 0 0 0 0 0 0 0 0 0 0 0 0 0 0 0 0 0 0 0 0 0 0 0 0 0 0 0 0 0 0 0 0 0 0 0 0.55273650279683095 0 0 0 0 0 0 0 0 0 0 0 0 0 0 0 0 0 0 0 0 0 0 0 0 0 0 0 0 0 0 0 0 0 0 0 0 0 0 0 0 0 0 0 0 0 0 0 0 0 0.11576906208588827 0 0 0 0 0 0 0 0 0 0 0 0 0 0 0 0 0 0 0 0 0 1 3 2
0.37796636282686774 1.852016657685075 -0.062006821492102487 -0.17978861707782168 0.35828524367862402 -5.5578953864987568e-05 0.22352954905704783 -0.20408761539557832 -0.20495297870144988 -0.34650042147223026 -0.31872720113812075 -0.19755462934114326 -0.12104507836577305 -0.34832864785449991 0.38903333694389225 0.18954861893569525 -0.32545494006756837 -0.3719711675094205 0.17914333118476469 -0.26298372338607046 0.3195199165462162 -0.24204091784814105 0.22174927312886164 0.15635739217597122 -0.17847751610766061 0.16458102455512816 0.10546919914747016 -0.36080570440981818 -0.22392016515607535 0.017831798135261766 0.21935038868926959 0.34471704254837943 -0.14358363234360053 -0.13710529740827945 -0.29575847493716445 0.11666961132330096 0.20832649431402761 0.17745619669593904 -0.0061233696800301555 0.036398574379856101 -0.37850224935823285 0.3536234451884207 0.38567970398532858 0.23351414586601393 -0.38076511552030196 -0.13446531290425084 -0.011843950927918991 0.081462833675416138 0.029669528905393872 0.12984592380097215 0 0 0 0 0 0 0 0 0 0 0 0 0 0 0 0 0 0 0 0 0 0 0 0 0 0 0 0 0 0.82527564046182933 0 0 0 0 0 0 0 0 0 0 0 0 0 0 0 0 0 0 0 0 0 0 0 0 0 0 0 0 0 0 0 0 0 0 0 0 0 0 0 0 0 0 0 0 0 0 0 0 0 0.55273650279683095 0 0 0 0 0 0 0 0 0 0 0 0 0 0 0 0 0 0 0 0 0 0 0 0 0 0 0 0 0 0 0 0 0 0 0 0 0 0 0 0 0 0 0 0 0 0 0 0 0 0.11576906208588827 0 0 0 0 0 0 0 0 0 0 0 0 0 0 0 0 0 0 0 0 1 3 2
0.37796636282686774 1.852016657685075 -0.062006821492102487 -0.17978861707782168 0.35828524367862402 -5.5578953864987568e-05 0.22352954905704783 -0.20408761539557832 -0.20495297870144988 -0.34650042147223026 -0.31872720113812075 -0.19755462934114326 -0.12104507836577305 -0.34832864785449991 0.38903333694389225 0.18954861893569525 -0.32545494006756837 -0.3719711675094205 0.17914333118476469 -0.26298372338607046 0.3195199165462162 -0.24204091784814105 0.22174927312886164 0.15635739217597122 -0.17847751610766061 0.16458102455512816 0.10546919914747016 -0.36080570440981818 -0.22392016515607535 0.017831798135261766 0.21935038868926959 0.34471704254837943 -0.14358363234360053 -0.13710529740827945 -0.29575847493716445 0.11666961132330096 0.20832649431402761 0.17745619669593904 -0.0061233696800301555 0.036398574379856101 -0.37850224935823285 0.3536234451884207 0.38567970398532858 0.23351414586601393 -0.38076511552030196 -0.13446531290425084 -0.011843950927918991 0.081462833675416138 0.029669528905393872 0.12984592380097215 0 0 0 0 0 0 0 0 0 0 0 0 0 0 0 0 0 0 0 0 0 0 0 0 0 0 0 0 0 0 0.82527564046182933 0 0 0 0 0 0 0 0 0 0 0 0 0 0 0 0 0 0 0 0 0 0 0 0 0 0 0 0 0 0 0 0 0 0 0 0 0 0 0 0 0 0 0 0 0 0 0 0 0 0.55273650279683095 0 0 0 0 0 0 0 0 0 0 0 0 0 0 0 0 0 0 0 0 0 0 0 0 0 0 0 0 0 0 0 0 0 0 0 0 0 0 0 0 0 0 0 0 0 0 0 0 0 0.11576906208588827 0 0 0 0 0 0 0 0 0 0 0 0 0 0 0 0 0 0 0 1 3 2
0.37796636282686774 1.852016657685075 -0.062006821492102487 -0.17978861707782168 0.35828524367862402 -5.5578953864987568e-05 0.22352954905704783 -0.20408761539557832 -0.20495297870144988 -0.34650042147223026 -0.31872720113812075 -0.19755462934114326 -0.12104507836577305 -0.34832864785449991 0.38903333694389225 0.18954861893569525 -0.32545494006756837 -0.3719711675094205 0.17914333118476469 -0.26298372338607046 0.3195199165462162 -0.24204091784814105 0.22174927312886164 0.15635739217597122 -0.17847751610766061 0.16458102455512816 0.10546919914747016 -0.36080570440981818 -0.22392016515607535 0.017831798135261766 0.21935038868926959 0.34471704254837943 -0.14358363234360053 -0.13710529740827945 -0.29575847493716445 0.11666961132330096 0.20832649431402761 0.17745619669593904 -0.0061233696800301555 0.036398574379856101 -0.37850224935823285 0.3536234451884207 0.38567970398532858 0.23351414586601393 -0.38076511552030196 -0.13446531290425084 -0.011843950927918991 0.081462833675416138 0.029669528905393872 0.12984592380097215 0 0 0 0 0 0 0 0 0 0 0 0 0 0 0 0 0 0 0 0 0 0 0 0 0 0 0 0 0 0 0 0.82527564046182933 0 0 0 0 0 0 0 0 0 0 0 0 0 0 0 0 0 0 0 0 0 0 0 0 0 0 0 0 0 0 0 0 0 0 0 0 0 0 0 0 0 0 0 0 0 0 0 0 0 0.55273650279683095 0 0 0 0 0 0 0 0 0 0 0 0 0 0 0 0 0 0 0 0 0 0 0 0 0 0 0 0 0 0 0 0 0 0 0 0 0 0 0 0 0 0 0 0 0 0 0 0 0 0.11576906208588827 0 0 0 0 0 0 0 0 0 0 0 0 0 0 0 0 0 0 1 3 2
0.37796636282686774 1.852016657685075 -0.062006821492102487 -0.17978861707782168 0.35828524367862402 -5.5578953864987568e-05 0.22352954905704783 -0.20408761539557832 -0.20495297870144988 -0.34650042147223026 -0.31872720113812075 -0.19755462934114326 -0.12104507836577305 -0.34832864785449991 0.38903333694389225 0.18954861893569525 -0.32545494006756837 -0.3719711675094205 0.17914333118476469 -0.26298372338607046 0.3195199165462162 -0.24204091784814105 0.22174927312886164 0.15635739217597122 -0.17847751610766061 0.16458102455512816 0.10546919914747016 -0.36080570440981818 -0.22392016515607535 0.017831798135261766 0.21935038868926959 0.34471704254837943 -0.14358363234360053 -0.13710529740827945 -0.29575847493716445 0.11666961132330096 0.20832649431402761 0.17745619669593904 -0.0061233696800301555 0.036398574379856101 -0.37850224935823285 0.3536234451884207 0.38567970398532858 0.23351414586601393 -0.38076511552030196 -0.13446531290425084 -0.011843950927918991 0.081462833675416138 0.029669528905393872 0.12984592380097215 0 0 0 0 0 0 0 0 0 0 0 0 0 0 0 0 0 0 0 0 0 0 0 0 0 0 0 0 0 0 0 0 0.82527564046182933 0 0 0 0 0 0 0 0 0 0 0 0 0 0 0 0 0 0 0 0 0 0 0 0 0 0 0 0 0 0 0 0 0 0 0 0 0 0 0 0 0 0 0 0 0 0 0 0 0 0.55273650279683095 0 0 0 0 0 0 0 0 0 0 0 0 0 0 0 0 0 0 0 0 0 0 0 0 0 0 0 0 0 0 0 0 0 0 0 0 0 0 0 0 0 0 0 0 0 0 0 0 0 0.11576906208588827 0 0 0 0 0 0 0 0 0 0 0 0 0 0 0 0 0 1 3 2
0.37796636282686774 1.852016657685075 -0.062006821492102487 -0.17978861707782168 0.35828524367862402 -5.5578953864987568e-05 0.22352954905704783 -0.20408761539557832 -0.20495297870144988 -0.34650042147223026 -0.31872720113812075 -0.19755462934114326 -0.12104507836577305 -0.34832864785449991 0.38903333694389225 0.18954861893569525 -0.32545494006756837 -0.3719711675094205 0.17914333118476469 -0.26298372338607046 0.3195199165462162 -0.24204091784814105 0.22174927312886164 0.15635739217597122 -0.17847751610766061 0.16458102455512816 0.10546919914747016 -0.36080570440981818 -0.22392016515607535 0.017831798135261766 0.21935038868926959 0.34471704254837943 -0.14358363234360053 -0.13710529740827945 -0.29575847493716445 0.11666961132330096 0.20832649431402761 0.17745619669593904 -0.0061233696800301555 0.036398574379856101 -0.37850224935823285 0.3536234451884207 0.38567970398532858 0.23351414586601393 -0.38076511552030196 -0.13446531290425084 -0.011843950927918991 0.081462833675416138 0.029669528905393872 0.12984592380097215 0 0 0 0 0 0 0 0 0 0 0 0 0 0 0 0 0 0 0 0 0 0 0 0 0 0 0 0 0 0 0 0 0 0.82527564046182933 0 0 0 0 0 0 0 0 0 0 0 0 0 0 0 0 0 0 0 0 0 0 0 0 0 0 0 0 0 0 0 0 0 0 0 0 0 0 0 0 0 0 0 0 0 0 0 0 0 0.55273650279683095 0 0 0 0 0 0 0 0 0 0 0 0 0 0 0 0 0 0 0 0 0 0 0 0 0 0 0 0 0 0 0 0 0 0 0 0 0 0 0 0 0 0 0 0 0 0 0 0 0 0.11576906208588827 0 0 0 0 0 0 0 0 0 0 0 0 0 0 0 0 1 3 2
0.37796636282686774 1.852016657685075 -0.062006821492102487 -0.17978861707782168 0.35828524367862402 -5.5578953864987568e-05 0.22352954905704783 -0.20408761539557832 -0.20495297870144988 -0.34650042147223026 -0.31872720113812075 -0.19755462934114326 -0.12104507836577305 -0.34832864785449991 0.38903333694389225 0.18954861893569525 -0.32545494006756837 -0.3719711675094205 0.17914333118476469 -0.26298372338607046 0.3195199165462162 -0.24204091784814105 0.22174927312886164 0.15635739217597122 -0.17847751610766061 0.16458102455512816 0.10546919914747016 -0.36080570440981818 -0.22392016515607535 0.017831798135261766 0.21935038868926959 0.34471704254837943 -0.14358363234360053 -0.13710529740827945 -0.29575847493716445 0.11666961132330096 0.20832649431402761 0.17745619669593904 -0.0061233696800301555 0.036398574379856101 -0.37850224935823285 0.3536234451884207 0.38567970398532858 0.23351414586601393 -0.38076511552030196 -0.13446531290425084 -0.011843950927918991 0.081462833675416138 0.029669528905393872 0.12984592380097215 0 0 0 0 0 0 0 0 0 0 0 0 0 0 0 0 0 0 0 0 0 0 0 0 0 0 0 0 0 0 0 0 0 0 0.82527564046182933 0 0 0 0 0 0 0 0 0 0 0 0 0 0 0 0 0 0 0 0 0 0 0 0 0 0 0 0 0 0 0 0 0 0 0 0 0 0 0 0 0 0 0 0 0 0 0 0 0 0.55273650279683095 0 0 0 0 0 0 0 0 0 0 0 0 0 0 0 0 0 0 0 0 0 0 0 0 0 0 0 0 0 0 0 0 0 0 0 0 0 0 0 0 0 0 0 0 0 0 0 0 0 0.11576906208588827 0 0 0 0 0 0 0 0 0 0 0 0 0 0 0 1 3 2
0.37796636282686774 1.852016657685075 -0.062006821492102487 -0.17978861707782168 0.35828524367862402 -5.5578953864987568e-05 0.22352954905704783 -0.20408761539557832 -0.20495297870144988 -0.34650042147223026 -0.31872720113812075 -0.19755462934114326 -0.12104507836577305 -0.34832864785449991 0.38903333694389225 0.18954861893569525 -0.32545494006756837 -0.3719711675094205 0.17914333118476469 -0.26298372338607046 0.3195199165462162 -0.24204091784814105 0.22174927312886164 0.15635739217597122 -0.17847751610766061 0.16458102455512816 0.10546919914747016 -0.36080570440981818 -0.22392016515607535 0.017831798135261766 0.21935038868926959 0.34471704254837943 -0.14358363234360053 -0.13710529740827945 -0.29575847493716445 0.11666961132330096 0.20832649431402761 0.17745619669593904 -0.0061233696800301555 0.036398574379856101 -0.37850224935823285 0.3536234451884207 0.38567970398532858 0.23351414586601393 -0.38076511552030196 -0.13446531290425084 -0.011843950927918991 0.081462833675416138 0.029669528905393872 0.12984592380097215 0 0 0 0 0 0 0 0 0 0 0 0 0 0 0 0 0 0 0 0 0 0 0 0 0 0 0 0 0 0 0 0 0 0 0 0.82527564046182933 0 0 0 0 0 0 0 0 0 0 0 0 0 0 0 0 0 0 0 0 0 0 0 0 0 0 0 0 0 0 0 0 0 0 0 0 0 0 0 0 0 0 0 0 0 0 0 0 0 0.55273650279683095 0 0 0 0 0 0 0 0 0 0 0 0 0 0 0 0 0 0 0 0 0 0 0 0 0 0 0 0 0 0 0 0 0 0 0 0 0 0 0 0 0 0 0 0 0 0 0 0 0 0.11576906208588827 0 0 0 0 0 0 0 0 0 0 0 0 0 0 1 3 2
0.37796636282686774 1.852016657685075 -0.062006821492102487 -0.17978861707782168 0.35828524367862402 -5.5578953864987568e-05 0.22352954905704783 -0.20408761539557832 -0.20495297870144988 -0.34650042147223026 -0.31872720113812075 -0.19755462934114326 -0.12104507836577305 -0.34832864785449991 0.38903333694389225 0.18954861893569525 -0.32545494006756837 -0.3719711675094205 0.17914333118476469 -0.26298372338607046 0.3195199165462162 -0.24204091784814105 0.22174927312886164 0.15635739217597122 -0.17847751610766061 0.16458102455512816 0.10546919914747016 -0.36080570440981818 -0.22392016515607535 0.017831798135261766 0.21935038868926959 0.34471704254837943 -0.14358363234360053 -0.13710529740827945 -0.29575847493716445 0.11666961132330096 0.20832649431402761 0.17745619669593904 -0.0061233696800301555 0.036398574379856101 -0.37850224935823285 0.3536234451884207 0.38567970398532858 0.23351414586601393 -0.38076511552030196 -0.13446531290425084 -0.011843950927918991 0.081462833675416138 0.029669528905393872 0.12984592380097215 0 0 0 0 0 0 0 0 0 0 0 0 0 0 0 0 0 0 0 0 0 0 0 0 0 0 0 0 0 0 0 0 0 0 0 0 0.82527564046182933 0 0 0 0 0 0 0 0 0 0 0 0 0 0 0 0 0 0 0 0 0 0 0 0 0 0 0 0 0 0 0 0 0 0 0 0 0 0 0 0 0 0 0 0 0 0 0 0 0 0.55273650279683095 0 0 0 0 0 0 0 0 0 0 0 0 0 0 0 0 0 0 0 0 0 0 0 0 0 0 0 0 0 0 0 0 0 0 0 0 0 0 0 0 0 0 0 0 0 0 0 0 0 0.11576906208588827 0 0 0 0 0 0 0 0 0 0 0 0 0 1 3 2
0.37796636282686774 1.852016657685075 -0.062006821492102487 -0.17978861707782168 0.35828524367862402 -5.5578953864987568e-05 0.22352954905704783 -0.20408761539557832 -0.20495297870144988 -0.34650042147223026 -0.31872720113812075 -0.19755462934114326 -0.12104507836577305 -0.34832864785449991 0.38903333694389225 0.18954861893569525 -0.32545494006756837 -0.3719711675094205 0.17914333118476469 -0.26298372338607046 0.3195199165462162 -0.24204091784814105 0.22174927312886164 0.15635739217597122 -0.17847751610766061 0.16458102455512816 0.10546919914747016 -0.36080570440981818 -0.22392016515607535 0.017831798135261766 0.21935038868926959 0.34471704254837943 -0.14358363234360053 -0.13710529740827945 -0.29575847493716445 0.11666961132330096 0.20832649431402761 0.17745619669593904 -0.0061233696800301555 0.036398574379856101 -0.37850224935823285 0.3536234451884207 0.38567970398532858 0.23351414586601393 -0.38076511552030196 -0.13446531290425084 -0.011843950927918991 0.081462833675416138 0.029669528905393872 0.12984592380097215 0 0 0 0 0 0 0 0 0 0 0 0 0 0 0 0 0 0 0 0 0 0 0 0 0 0 0 0 0 0 0 0 0 0 0 0 0 0.82527564046182933 0 0 0 0 0 0 0 0 0 0 0 0 0 0 0 0 0 0 0 0 0 0 0 0 0 0 0 0 0 0 0 0 0 0 0 0 0 0 0 0 0 0 0 0 0 0 0 0 0 0.55273650279683095 0 0 0 0 0 0 0 0 0 0 0 0 0 0 0 0 0 0 0 0 0 0 0 0 0 0 0 0 0 0 0 0 0 0 0 0 0 0 0 0 0 0 0 0 0 0 0 0 0 0.11576906208588827 0 0 0 0 0 0 0 0 0 0 0 0 1 3 2
0.37796636282686774 1.852016657685075 -0.062006821492102487 -0.17978861707782168 0.35828524367862402 -5.5578953864987568e-05 0.22352954905704783 -0.20408761539557832 -0.20495297870144988 -0.34650042147223026 -0.31872720113812075 -0.19755462934114326 -0.12104507836577305 -0.34832864785449991 0.38903333694389225 0.18954861893569525 -0.32545494006756837 -0.3719711675094205 0.17914333118476469 -0.26298372338607046 0.3195199165462162 -0.24204091784814105 0.22174927312886164 0.15635739217597122 -0.17847751610766061 0.16458102455512816 0.10546919914747016 -0.36080570440981818 -0.22392016515607535 0.017831798135261766 0.21935038868926959 0.34471704254837943 -0.14358363234360053 -0.13710529740827945 -0.29575847493716445 0.11666961132330096 0.20832649431402761 0.17745619669593904 -0.0061233696800301555 0.036398574379856101 -0.37850224935823285 0.3536234451884207 0.38567970398532858 0.23351414586601393 -0.38076511552030196 -0.13446531290425084 -0.011843950927918991 0.081462833675416138 0.029669528905393872 0.12984592380097215 0 0 0 0 0 0 0 0 0 0 0 0 0 0 0 0 0 0 0 0 0 0 0 0 0 0 0 0 0 0 0 0 0 0 0 0 0 0 0.82527564046182933 0 0 0 0 0 0 0 0 0 0 0 0 0 0 0 0 0 0 0 0 0 0 0 0 0 0 0 0 0 0 0 0 0 0 0 0 0 0 0 0 0 0 0 0 0 0 0 0 0 0.55273650279683095 0 0 0 0 0 0 0 0 0 0 0 0 0 0 0 0 0 0 0 0 0 0 0 0 0 0 0 0 0 0 0 0 0 0 0 0 0 0 0 0 0 0 0 0 0 0 0 0 0 0.11576906208588827 0 0 0 0 0 0 0 0 0 0 0 1 3 2
0.37796636282686774 1.852016657685075 -0.062006821492102487 -0.17978861707782168 0.35828524367862402 -5.5578953864987568e-05 0.22352954905704783 -0.20408761539557832 -0.20495297870144988 -0.34650042147223026 -0.31872720113812075 -0.19755462934114326 -0.12104507836577305 -0.34832864785449991 0.38903333694389225 0.18954861893569525 -0.32545494006756837 -0.3719711675094205 0.17914333118476469 -0.26298372338607046 0.3195199165462162 -0.24204091784814105 0.22174927312886164 0.15635739217597122 -0.17847751610766061 0.16458102455512816 0.10546919914747016 -0.36080570440981818 -0.22392016515607535 0.017831798135261766 0.21935038868926959 0.34471704254837943 -0.14358363234360053 -0.13710529740827945 -0.29575847493716445 0.11666961132330096 0.20832649431402761 0.17745619669593904 -0.0061233696800301555 0.036398574379856101 -0.37850224935823285 0.3536234451884207 0.38567970398532858 0.23351414586601393 -0.38076511552030196 -0.13446531290425084 -0.011843950927918991 0.081462833675416138 0.029669528905393872 0.12984592380097215 0 0 0 0 0 0 0 0 0 0 0 0 0 0 0 0 0 0 0 0 0 0 0 0 0 0 0 0 0 0 0 0 0 0 0 0 0 0 0 0.82527564046182933 0 0 0 0 0 0 0 0 0 0 0 0 0 0 0 0 0 0 0 0 0 0 0 0 0 0 0 0 0 0 0 0 0 0 0 0 0 0 0 0 0 0 0 0 0 0 0 0 0 0.55273650279683095 0 0 0 0 0 0 0 0 0 0 0 0 0 0 0 0 0 0 0 0 0 0 0 0 0 0 0 0 0 0 0 0 0 0 0 0 0 0 0 0 0 0 0 0 0 0 0 0 0 0.11576906208588827 0 0 0 0 0 0 0 0 0 0 1 3 2
0.37796636282686774 1.852016657685075 -0.062006821492102487 -0.17978861707782168 0.35828524367862402 -5.5578953864987568e-05 0.22352954905704783 -0.20408761539557832 -0.20495297870144988 -0.34650042147223026 -0.31872720113812075 -0.19755462934114326 -0.12104507836577305 -0.34832864785449991 0.38903333694389225 0.18954861893569525 -0.32545494006756837 -0.3719711675094205 0.17914333118476469 -0.26298372338607046 0.3195199165462162 -0.24204091784814105 0.22174927312886164 0.15635739217597122 -0.17847751610766061 0.16458102455512816 0.10546919914747016 -0.36080570440981818 -0.22392016515607535 0.017831798135261766 0.21935038868926959 0.34471704254837943 -0.14358363234360053 -0.13710529740827945 -0.29575847493716445 0.11666961132330096 0.20832649431402761 0.17745619669593904 -0.0061233696800301555 0.036398574379856101 -0.37850224935823285 0.3536234451884207 0.38567970398532858 0.23351414586601393 -0.38076511552030196 -0.13446531290425084 -0.011843950927918991 0.081462833675416138 0.029669528905393872 0.12984592380097215 0 0 0 0 0 0 0 0 0 0 0 0 0 0 0 0 0 0 0 0 0 0 0 0 0 0 0 0 0 0 0 0 0 0 0 0 0 0 0 0 0.82527564046182933 0 0 0 0 0 0 0 0 0 0 0 0 0 0 0 0 0 0 0 0 0 0 0 0 0 0 0 0 0 0 0 0 0 0 0 0 0 0 0 0 0 0 0 0 0 0 0 0 0 0.55273650279683095 0 0 0 0 0 0 0 0 0 0 0 0 0 0 0 0 0 0 0 0 0 0 0 0 0 0 0 0 0 0 0 0 0 0 0 0 0 0 0 0 0 0 0 0 0 0 0 0 0 0.11576906208588827 0 0 0 0 0 0 0 0 0 1 3 2
0.37796636282686774 1.852016657685075 -0.062006821492102487 -0.17978861707782168 0.35828524367862402 -5.5578953864987568e-05 0.22352954905704783 -0.20408761539557832 -0.20495297870144988 -0.34650042147223026 -0.31872720113812075 -0.19755462934114326 -0.12104507836577305 -0.34832864785449991 0.38903333694389225 0.18954861893569525 -0.32545494006756837 -0.3719711675094205 0.17914333118476469 -0.26298372338607046 0.3195199165462162 -0.24204091784814105 0.22174927312886164 0.15635739217597122 -0.17847751610766061 0.16458102455512816 0.10546919914747016 -0.36080570440981818 -0.22392016515607535 0.017831798135261766 0.21935038868926959 0.34471704254837943 -0.14358363234360053 -0.13710529740827945 -0.29575847493716445 0.11666961132330096 0.20832649431402761 0.17745619669593904 -0.0061233696800301555 0.036398574379856101 -0.37850224935823285 0.3536234451884207 0.38567970398532858 0.23351414586601393 -0.38076511552030196 -0.13446531290425084 -0.011843950927918991 0.081462833675416138 0.029669528905393872 0.12984592380097215 0 0 0 0 0 0 0 0 0 0 0 0 0 0 0 0 0 0 0 0 0 0 0 0 0 0 0 0 0 0 0 0 0 0 0 0 0 0 0 0 0 0.82527564046182933 0 0 0 0 0 0 0 0 0 0 0 0 0 0 0 0 0 0 0 0 0 0 0 0 0 0 0 0 0 0 0 0 0 0 0 0 0 0 0 0 0 0 0 0 0 0 0 0 0 0.55273650279683095 0 0 0 0 0 0 0 0 0 0 0 0 0 0 0 0 0 0 0 0 0 0 0 0 0 0 0 0 0 0 0 0 0 0 0 0 0 0 0 0 0 0 0 0 0 0 0 0 0 0.11576906208588827 0 0 0 0 0 0 0 0 1 3 2
0.37796636282686774 1.852016657685075 -0.062006821492102487 -0.17978861707782168 0.35828524367862402 -5.5578953864987568e-05 0.22352954905704783 -0.20408761539557832 -0.20495297870144988 -0.34650042147223026 -0.31872720113812075 -0.19755462934114326 -0.12104507836577305 -0.34832864785449991 0.38903333694389225 0.18954861893569525 -0.32545494006756837 -0.3719711675094205 0.17914333118476469 -0.26298372338607046 0.3195199165462162 -0.24204091784814105 0.22174927312886164 0.15635739217597122 -0.17847751610766061 0.16458102455512816 0.10546919914747016 -0.36080570440981818 -0.22392016515607535 0.017831798135261766 0.21935038868926959 0.34471704254837943 -0.14358363234360053 -0.13710529740827945 -0.29575847493716445 0.11666961132330096 0.20832649431402761 0.17745619669593904 -0.0061233696800301555 0.036398574379856101 -0.37850224935823285 0.3536234451884207 0.38567970398532858 0.23351414586601393 -0.38076511552030196 -0.13446531290425084 -0.011843950927918991 0.081462833675416138 0.029669528905393872 0.12984592380097215 0 0 0 0 0 0 0 0 0 0 0 0 0 0 0 0 0 0 0 0 0 0 0 0 0 0 0 0 0 0 0 0 0 0 0 0 0 0 0 0 0 0 0.82527564046182933 0 0 0 0 0 0 0 0 0 0 0 0 0 0 0 0 0 0 0 0 0 0 0 0 0 0 0 0 0 0 0 0 0 0 0 0 0 0 0 0 0 0 0 0 0 0 0 0 0 0.55273650279683095 0 0 0 0 0 0 0 0 0 0 0 0 0 0 0 0 0 0 0 0 0 0 0 0 0 0 0 0 0 0 0 0 0 0 0 0 0 0 0 0 0 0 0 0 0 0 0 0 0 0.11576906208588827 0 0 0 0 0 0 0 1 3 2
0.37796636282686774 1.852016657685075 -0.062006821492102487 -0.17978861707782168 0.35828524367862402 -5.5578953864987568e-05 0.22352954905704783 -0.20408761539557832 -0.20495297870144988 -0.34650042147223026 -0.31872720113812075 -0.19755462934114326 -0.12104507836577305 -0.34832864785449991 0.38903333694389225 0.18954861893569525 -0.32545494006756837 -0.3719711675094205 0.17914333118476469 -0.26298372338607046 0.3195199165462162 -0.24204091784814105 0.22174927312886164 0.15635739217597122 -0.17847751610766061 0.16458102455512816 0.10546919914747016 -0.36080570440981818 -0.22392016515607535 0.017831798135261766 0.21935038868926959 0.34471704254837943 -0.14358363234360053 -0.13710529740827945 -0.29575847493716445 0.11666961132330096 0.20832649431402761 0.17745619669593904 -0.0061233696800301555 0.036398574379856101 -0.37850224935823285 0.3536234451884207 0.38567970398532858 0.23351414586601393 -0.38076511552030196 -0.13446531290425084 -0.011843950927918991 0.081462833675416138 0.029669528905393872 0.12984592380097215 0 0 0 0 0 0 0 0 0 0 0 0 0 0 0 0 0 0 0 0 0 0 0 0 0 0 0 0 0 0 0 0 0 0 0 0 0 0 0 0 0 0 0 0.82527564046182933 0 0 0 0 0 0 0 0 0 0 0 0 0 0 0 0 0 0 0 0 0 0 0 0 0 0 0 0 0 0 0 0 0 0 0 0 0 0 0 0 0 0 0 0 0 0 0 0 0 0.55273650279683095 0 0 0 0 0 0 0 0 0 0 0 0 0 0 0 0 0 0 0 0 0 0 0 0 0 0 0 0 0 0 0 0 0 0 0 0 0 0 0 0 0 0 0 0 0 0 0 0 0 0.11576906208588827 0 0 0 0 0 0 1 3 2
0.37796636282686774 1.852016657685075 -0.062006821492102487 -0.17978861707782168 0.35828524367862402 -5.5578953864987568e-05 0.22352954905704783 -0.20408761539557832 -0.20495297870144988 -0.34650042147223026 -0.31872720113812075 -0.19755462934114326 -0.12104507836577305 -0.34832864785449991 0.38903333694389225 0.18954861893569525 -0.32545494006756837 -0.3719711675094205 0.17914333118476469 -0.26298372338607046 0.3195199165462162 -0.24204091784814105 0.22174927312886164 0.15635739217597122 -0.17847751610766061 0.16458102455512816 0.10546919914747016 -0.36080570440981818 -0.22392016515607535 0.017831798135261766 0.21935038868926959 0.34471704254837943 -0.14358363234360053 -0.13710529740827945 -0.29575847493716445 0.11666961132330096 0.20832649431402761 0.17745619669593904 -0.0061233696800301555 0.036398574379856101 -0.37850224935823285 0.3536234451884207 0.38567970398532858 0.23351414586601393 -0.38076511552030196 -0.13446531290425084 -0.011843950927918991 0.081462833675416138 0.029669528905393872 0.12984592380097215 0 0 0 0 0 0 0 0 0 0 0 0 0 0 0 0 0 0 0 0 0 0 0 0 0 0 0 0 0 0 0 0 0 0 0 0 0 0 0 0 0 0 0 0 0.82527564046182933 0 0 0 0 0 0 0 0 0 0 0 0 0 0 0 0 0 0 0 0 0 0 0 0 0 0 0 0 0 0 0 0 0 0 0 0 0 0 0 0 0 0 0 0 0 0 0 0 0 0.55273650279683095 0 0 0 0 0 0 0 0 0 0 0 0 0 0 0 0 0 0 0 0 0 0 0 0 0 0 0 0 0 0 0 0 0 0 0 0 0 0 0 0 0 0 0 0 0 0 0 0 0 0.11576906208588827 0 0 0 0 0 1 3 2
0.37796636282686774 1.852016657685075 -0.062006821492102487 -0.17978861707782168 0.35828524367862402 -5.5578953864987568e-05 0.22352954905704783 -0.20408761539557832 -0.20495297870144988 -0.34650042147223026 -0.31872720113812075 -0.19755462934114326 -0.12104507836577305 -0.34832864785449991 0.38903333694389225 0.18954861893569525 -0.32545494006756837 -0.3719711675094205 0.17914333118476469 -0.26298372338607046 0.3195199165462162 -0.24204091784814105 0.22174927312886164 0.15635739217597122 -0.17847751610766061 0.16458102455512816 0.10546919914747016 -0.36080570440981818 -0.22392016515607535 0.017831798135261766 0.21935038868926959 0.34471704254837943 -0.14358363234360053 -0.13710529740827945 -0.29575847493716445 0.11666961132330096 0.20832649431402761 0.17745619669593904 -0.0061233696800301555 0.036398574379856101 -0.37850224935823285 0.3536234451884207 0.38567970398532858 0.23351414586601393 -0.38076511552030196 -0.13446531290425084 -0.011843950927918991 0.081462833675416138 0.029669528905393872 0.12984592380097215 0 0 0 0 0 0 0 0 0 0 0 0 0 0 0 0 0 0 0 0 0 0 0 0 0 0 0 0 0 0 0 0 0 0 0 0 0 0 0 0 0 0 0 0 0 0.82527564046182933 0 0 0 0 0 0 0 0 0 0 0 0 0 0 0 0 0 0 0 0 0 0 0 0 0 0 0 0 0 0 0 0 0 0 0 0 0 0 0 0 0 0 0 0 0 0 0 0 0 0.55273650279683095 0 0 0 0 0 0 0 0 0 0 0 0 0 0 0 0 0 0 0 0 0 0 0 0 0 0 0 0 0 0 0 0 0 0 0 0 0 0 0 0 0 0 0 0 0 0 0 0 0 0.11576906208588827 0 0 0 0 1 3 2
0.37796636282686774 1.852016657685075 -0.062006821492102487 -0.17978861707782168 0.35828524367862402 -5.5578953864987568e-05 0.22352954905704783 -0.20408761539557832 -0.20495297870144988 -0.34650042147223026 -0.31872720113812075 -0.19755462934114326 -0.12104507836577305 -0.34832864785449991 0.38903333694389225 0.18954861893569525 -0.32545494006756837 -0.3719711675094205 0.17914333118476469 -0.26298372338607046 0.3195199165462162 -0.24204091784814105 0.22174927312886164 0.15635739217597122 -0.17847751610766061 0.16458102455512816 0.10546919914747016 -0.36080570440981818 -0.22392016515607535 0.017831798135261766 0.21935038868926959 0.34471704254837943 -0.14358363234360053 -0.13710529740827945 -0.29575847493716445 0.11666961132330096 0.20832649431402761 0.17745619669593904 -0.0061233696800301555 0.036398574379856101 -0.37850224935823285 0.3536234451884207 0.38567970398532858 0.23351414586601393 -0.38076511552030196 -0.13446531290425084 -0.011843950927918991 0.081462833675416138 0.029669528905393872 0.12984592380097215 0 0 0 0 0 0 0 0 0 0 0 0 0 0 0 0 0 0 0 0 0 0 0 0 0 0 0 0 0 0 0 0 0 0 0 0 0 0 0 0 0 0 0 0 0 0 0.82527564046182933 0 0 0 0 0 0 0 0 0 0 0 0 0 0 0 0 0 0 0 0 0 0 0 0 0 0 0 0 0 0 0 0 0 0 0 0 0 0 0 0 0 0 0 0 0 0 0 0 0 0.55273650279683095 0 0 0 0 0 0 0 0 0 0 0 0 0 0 0 0 0 0 0 0 0 0 0 0 0 0 0 0 0 0 0 0 0 0 0 0 0 0 0 0 0 0 0 0 0 0 0 0 0 0.11576906208588827 0 0 0 1 3 2
0.37796636282686774 1.852016657685075 -0.062006821492102487 -0.17978861707782168 0.35828524367862402 -5.5578953864987568e-05 0.22352954905704783 -0.20408761539557832 -0.20495297870144988 -0.34650042147223026 -0.31872720113812075 -0.19755462934114326 -0.12104507836577305 -0.34832864785449991 0.38903333694389225 0.18954861893569525 -0.32545494006756837 -0.3719711675094205 0.17914333118476469 -0.26298372338607046 0.3195199165462162 -0.24204091784814105 0.22174927312886164 0.15635739217597122 -0.17847751610766061 0.16458102455512816 0.10546919914747016 -0.36080570440981818 -0.22392016515607535 0.017831798135261766 0.21935038868926959 0.34471704254837943 -0.14358363234360053 -0.13710529740827945 -0.29575847493716445 0.11666961132330096 0.20832649431402761 0.17745619669593904 -0.0061233696800301555 0.036398574379856101 -0.37850224935823285 0.3536234451884207 0.38567970398532858 0.23351414586601393 -0.38076511552030196 -0.13446531290425084 -0.011843950927918991 0.081462833675416138 0.029669528905393872 0.12984592380097215 0 0 0 0 0 0 0 0 0 0 0 0 0 0 0 0 0 0 0 0 0 0 0 0 0 0 0 0 0 0 0 0 0 0 0 0 0 0 0 0 0 0 0 0 0 0 0 0.82527564046182933 0 0 0 0 0 0 0 0 0 0 0 0 0 0 0 0 0 0 0 0 0 0 0 0 0 0 0 0 0 0 0 0 0 0 0 0 0 0 0 0 0 0 0 0 0 0 0 0 0 0.55273650279683095 0 0 0 0 0 0 0 0 0 0 0 0 0 0 0 0 0 0 0 0 0 0 0 0 0 0 0 0 0 0 0 0 0 0 0 0 0 0 0 0 0 0 0 0 0 0 0 0 0 0.11576906208588827 0 0 1 3 2
0.37796636282686774 1.852016657685075 -0.062006821492102487 -0.17978861707782168 0.35828524367862402 -5.5578953864987568e-05 0.22352954905704783 -0.20408761539557832 -0.20495297870144988 -0.34650042147223026 -0.31872720113812075 -0.19755462934114326 -0.12104507836577305 -0.34832864785449991 0.38903333694389225 0.18954861893569525 -0.32545494006756837 -0.3719711675094205 0.17914333118476469 -0.26298372338607046 0.3195199165462162 -0.24204091784814105 0.22174927312886164 0.15635739217597122 -0.17847751610766061 0.16458102455512816 0.10546919914747016 -0.36080570440981818 -0.22392016515607535 0.017831798135261766 0.21935038868926959 0.34471704254837943 -0.14358363234360053 -0.13710529740827945 -0.29575847493716445 0.11666961132330096 0.20832649431402761 0.17745619669593904 -0.0061233696800301555 0.036398574379856101 -0.37850224935823285 0.3536234451884207 0.38567970398532858 0.23351414586601393 -0.38076511552030196 -0.13446531290425084 -0.011843950927918991 0.081462833675416138 0.029669528905393872 0.12984592380097215 0 0 0 0 0 0 0 0 0 0 0 0 0 0 0 0 0 0 0 0 0 0 0 0 0 0 0 0 0 0 0 0 0 0 0 0 0 0 0 0 0 0 0 0 0 0 0 0 0.82527564046182933 0 0 0 0 0 0 0 0 0 0 0 0 0 0 0 0 0 0 0 0 0 0 0 0 0 0 0 0 0 0 0 0 0 0 0 0 0 0 0 0 0 0 0 0 0 0 0 0 0 0.55273650279683095 0 0 0 0 0 0 0 0 0 0 0 0 0 0 0 0 0 0 0 0 0 0 0 0 0 0 0 0 0 0 0 0 0 0 0 0 0 0 0 0 0 0 0 0 0 0 0 0 0 0.11576906208588827 0 1 3 2
0.37796636282686774 1.852016657685075 -0.062006821492102487 -0.17978861707782168 0.35828524367862402 -5.5578953864987568e-05 0.22352954905704783 -0.20408761539557832 -0.20495297870144988 -0.34650042147223026 -0.31872720113812075 -0.19755462934114326 -0.12104507836577305 -0.34832864785449991 0.38903333694389225 0.18954861893569525 -0.32545494006756837 -0.3719711675094205 0.17914333118476469 -0.26298372338607046 0.3195199165462162 -0.24204091784814105 0.22174927312886164 0.15635739217597122 -0.17847751610766061 0.16458102455512816 0.10546919914747016 -0.36080570440981818 -0.22392016515607535 0.017831798135261766 0.21935038868926959 0.34471704254837943 -0.14358363234360053 -0.13710529740827945 -0.29575847493716445 0.11666961132330096 0.20832649431402761 0.17745619669593904 -0.0061233696800301555 0.036398574379856101 -0.37850224935823285 0.3536234451884207 0.38567970398532858 0.23351414586601393 -0.38076511552030196 -0.13446531290425084 -0.011843950927918991 0.081462833675416138 0.029669528905393872 0.12984592380097215 0 0 0 0 0 0 0 0 0 0 0 0 0 0 0 0 0 0 0 0 0 0 0 0 0 0 0 0 0 0 0 0 0 0 0 0 0 0 0 0 0 0 0 0 0 0 0 0 0 0.82527564046182933 0 0 0 0 0 0 0 0 0 0 0 0 0 0 0 0 0 0 0 0 0 0 0 0 0 0 0 0 0 0 0 0 0 0 0 0 0 0 0 0 0 0 0 0 0 0 0 0 0 0.55273650279683095 0 0 0 0 0 0 0 0 0 0 0 0 0 0 0 0 0 0 0 0 0 0 0 0 0 0 0 0 0 0 0 0 0 0 0 0 0 0 0 0 0 0 0 0 0 0 0 0 0 0.11576906208588827 1 3 2
0.53452248382484879 1.3095800853708794 -0.20622176306591022 -0.088337768498701674 0.067531844121216891 0.010999348197393122 0.086460756839662173 0.16546305162334152 0.27244766142237581 0.31217627865606962 -0.019537922939281673 -0.091441212236095124 0.26884234368816895 0.37547261775559992 0.26712828844658604 0.38118282137613202 0.085159260902263959 0.26246701840125714 0.24644025482086018 -0.042954554954702309 -0.16066585746721157 -0.35628356291860785 -0.23218434270164778 0.3905275387579481 -0.22450011580320561 0.24032687151718407 0.16691037605170572 0.25756773522394288 0.39323238062039789 0.011764924810629119 -0.38884697719660777 0.10937284372383466 -0.26720531558480581 0.2112769807607526 0.35008123023710125 -0.28565762123571681 -0.34433657733464113 -0.31441876316514633 -0.36970346792455855 0.3017318841293315 0.24960360883388236 -0.12290550332027844 0.27633767138130949 -0.23262613127092166 0.046009090807745602 0.17679336556040895 0.26493217570866218 -0.035393874125789718 0.3393291566074903 0.16468871368498972 0 0 0 0 0 0 0 0 0 0 0 0 0 0 0 0 0 0 0 0 0 0 0 0 0 0 0 0 0 0 0 0 0 0 0 0 0 0 0 0 0 0 0 0 0 0 0 0 0 0 0 0 0 0 0 0 0 0 0 0 0 0 0 0 0 0 0 0 0 0 0 0 0 0 0 0 0 0 0 0 0 0 0 0 0 0 0 0 0 0 0 0 0 0 0 0 0 0 0 0 0 0 0 0 0 0 0 0 0 0 0 0 0 0 0 0 0 0 0 0 0 0 0 0 0 0 0 0 0 0 0 0 0 0 0 0 0 0 0 0 0 0 0 0 0 0 0 0 0 0 2 0 0
0.53452248382484879 1.3095800853708794 -0.20622176306591022 -0.088337768498701674 0.067531844121216891 0.010999348197393122 0.086460756839662173 0.16546305162334152 0.27244766142237581 0.31217627865606962 -0.019537922939281673 -0.091441212236095124 0.26884234368816895 0.37547261775559992 0.26712828844658604 0.38118282137613202 0.085159260902263959 0.26246701840125714 0.24644025482086018 -0.042954554954702309 -0.16066585746721157 -0.35628356291860785 -0.23218434270164778 0.3905275387579481 -0.22450011580320561 0.24032687151718407 0.16691037605170572 0.25756773522394288 0.39323238062039789 0.011764924810629119 -0.38884697719660777 0.10937284372383466 -0.26720531558480581 0.2112769807607526 0.35008123023710125 -0.28565762123571681 -0.34433657733464113 -0.31441876316514633 -0.36970346792455855 0.3017318841293315 0.24960360883388236 -0.12290550332027844 0.27633767138130949 -0.23262613127092166 0.046009090807745602 0.17679336556040895 0.26493217570866218 -0.035393874125789718 0.3393291566074903 0.16468871368498972 0.00049568050592951874 0 0 0 0 0 0 0 0 0 0 0 0 0 0 0 0 0 0 0 0 0 0 0 0 0 0 0 0 0 0 0 0 0 0 0 0 0 0 0 0 0 0 0 0 0 0 0 0 0 -0.3827360650071141 0 0 0 0 0 0 0 0 0 0 0 0 0 0 0 0 0 0 0 0 0 0 0 0 0 0 0 0 0 0 0 0 0 0 0 0 0 0 0 0 0 0 0 0 0 0 0 0 0 -0.92385759662607436 0 0 0 0 0 0 0 0 0 0 0 0 0 0 0 0 0 0 0 0 0 0 0 0 0 0 0 0 0 0 0 0 0 0 0 0 0 0 0 0 0 0 0 0 0 0 0 0 0 2 0 0
0.53452248382484879 1.3095800853708794 -0.20622176306591022 -0.088337768498701674 0.067531844121216891 0.010999348197393122 0.086460756839662173 0.16546305162334152 0.27244766142237581 0.31217627865606962 -0.019537922939281673 -0.091441212236095124 0.26884234368816895 0.37547261775559992 0.26712828844658604 0.38118282137613202 0.085159260902263959 0.26246701840125714 0.24644025482086018 -0.042954554954702309 -0.16066585746721157 -0.35628356291860785 -0.23218434270164778 0.3905275387579481 -0.22450011580320561 0.24032687151718407 0.16691037605170572 0.25756773522394288 0.39323238062039789 0.011764924810629119 -0.38884697719660777 0.10937284372383466 -0.26720531558480581 0.2112769807607526 0.35008123023710125 -0.28565762123571681 -0.34433657733464113 -0.31441876316514633 -0.36970346792455855 0.3017318841293315 0.24960360883388236 -0.12290550332027844 0.27633767138130949 -0.23262613127092166 0.046009090807745602 0.17679336556040895 0.26493217570866218 -0.035393874125789718 0.3393291566074903 0.16468871368498972 0 0.00049568050592951874 0 0 0 0 0 0 0 0 0 0 0 0 0 0 0 0 0 0 0 0 0 0 0 0 0 0 0 0 0 0 0 0 0 0 0 0 0 0 0 0 0 0 0 0 0 0 0 0 0 -0.3827360650071141 0 0 0 0 0 0 0 0 0 0 0 0 0 0 0 0 0 0 0 0 0 0 0 0 0 0 0 0 0 0 0 0 0 0 0 0 0 0 0 0 0 0 0 0 0 0 0 0 0 -0.92385759662607436 0 0 0 0 0 0 0 0 0 0 0 0 0 0 0 0 0 0 0 0 0 0 0 0 0 0 0 0 0 0 0 0 0 0 0 0 0 0 0 0 0 0 0 0 0 0 0 0 2 0 0
0.53452248382484879 1.3095800853708794 -0.20622176306591022 -0.088337768498701674 0.067531844121216891 0.010999348197393122 0.086460756839662173 0.16546305162334152 0.27244766142237581 0.31217627865606962 -0.019537922939281673 -0.091441212236095124 0.26884234368816895 0.37547261775559992 0.26712828844658604 0.38118282137613202 0.085159260902263959 0.26246701840125714 0.24644025482086018 -0.042954554954702309 -0.16066585746721157 -0.35628356291860785 -0.23218434270164778 0.3905275387579481 -0.22450011580320561 0.24032687151718407 0.16691037605170572 0.25756773522394288 0.39323238062039789 0.011764924810629119 -0.38884697719660777 0.10937284372383466 -0.26720531558480581 0.2112769807607526 0.35008123023710125 -0.28565762123571681 -0.34433657733464113 -0.31441876316514633 -0.36970346792455855 0.3017318841293315 0.24960360883388236 -0.12290550332027844 0.27633767138130949 -0.23262613127092166 0.046009090807745602 0.17679336556040895 0.26493217570866218 -0.035393874125789718 0.3393291566074903 0.16468871368498972 0 0 0.00049568050592951874 0 0 0 0 0 0 0 0 0 0 0 0 0 0 0 0 0 0 0 0 0 0 0 0 0 0 0 0 0 0 0 0 0 0 0 0 0 0 0 0 0 0 0 0 0 0 0 0 0 -0.3827360650071141 0 0 0 0 0 0 0 0 0 0 0 0 0 0 0 0 0 0 0 0 0 0 0 0 0 0 0 0 0 0 0 0 0 0 0 0 0 0 0 0 0 0 0 0 0 0 0 0 0 -0.92385759662607436 0 0 0 0 0 0 0 0 0 0 0 0 0 0 0 0 0 0 0 0 0 0 0 0 0 0 0 0 0 0 0 0 0 0 0 0 0 0 0 0 0 0 0 0 0 0 0 2 0 0
0.53452248382484879 1.3095800853708794 -0.20622176306591022 -0.088337768498701674 0.067531844121216891 0.010999348197393122 0.086460756839662173 0.16546305162334152 0.27244766142237581 0.31217627865606962 -0.019537922939281673 -0.091441212236095124 0.26884234368816895 0.37547261775559992 0.26712828844658604 0.38118282137613202 0.085159260902263959 0.26246701840125714 0.24644025482086018 -0.042954554954702309 -0.16066585746721157 -0.35628356291860785 -0.23218434270164778 0.3905275387579481 -0.22450011580320561 0.24032687151718407 0.16691037605170572 0.25756773522394288 0.39323238062039789 0.011764924810629119 -0.38884697719660777 0.10937284372383466 -0.26720531558480581 0.2112769807607526 0.35008123023710125 -0.28565762123571681 -0.34433657733464113 -0.31441876316514633 -0.36970346792455855 0.3017318841293315 0.24960360883388236 -0.12290550332027844 0.27633767138130949 -0.23262613127092166 0.046009090807745602 0.17679336556040895 0.26493217570866218 -0.035393874125789718 0.3393291566074903 0.16468871368498972 0 0 0 0.00049568050592951874 0 0 0 0 0 0 0 0 0 0 0 0 0 0 0 0 0 0 0 0 0 0 0 0 0 0 0 0 0 0 0 0 0 0 0 0 0 0 0 0 0 0 0 0 0 0 0 0 0 -0.3827360650071141 0 0 0 0 0 0 0 0 0 0 0 0 0 0 0 0 0 0 0 0 0 0 0 0 0 0 0 0 0 0 0 0 0 0 0 0 0 0 0 0 0 0 0 0 0 0 0 0 0 -0.92385759662607436 0 0 0 0 0 0 0 0 0 0 0 0 0 0 0 0 0 0 0 0 0 0 0 0 0 0 0 0 0 0 0 0 0 0 0 0 0 0 0 0 0 0 0 0 0 0 2 0 0
0.53452248382484879 1.3095800853708794 -0.20622176306591022 -0.088337768498701674 0.067531844121216891 0.010999348197393122 0.086460756839662173 0.16546305162334152 0.27244766142237581 0.31217627865606962 -0.019537922939281673 -0.091441212236095124 0.26884234368816895 0.37547261775559992 0.26712828844658604 0.38118282137613202 0.085159260902263959 0.26246701840125714 0.24644025482086018 -0.042954554954702309 -0.16066585746721157 -0.35628356291860785 -0.23218434270164778 0.3905275387579481 -0.22450011580320561 0.24032687151718407 0.16691037605170572 0.25756773522394288 0.39323238062039789 0.011764924810629119 -0.38884697719660777 0.10937284372383466 -0.26720531558480581 0.2112769807607526 0.35008123023710125 -0.28565762123571681 -0.34433657733464113 -0.31441876316514633 -0.36970346792455855 0.3017318841293315 0.24960360883388236 -0.12290550332027844 0.27633767138130949 -0.23262613127092166 0.046009090807745602 0.17679336556040895 0.26493217570866218 -0.035393874125789718 0.3393291566074903 0.16468871368498972 0 0 0 0 0.00049568050592951874 0 0 0 0 0 0 0 0 0 0 0 0 0 0 0 0 0 0 0 0 0 0 0 0 0 0 0 0 0 0 0 0 0 0 0 0 0 0 0 0 0 0 0 0 0 0 0 0 0 -0.3827360650071141 0 0 0 0 0 0 0 0 0 0 0 0 0 0 0 0 0 0 0 0 0 0 0 0 0 0 0 0 0 0 0 0 0 0 0 0 0 0 0 0 0 0 0 0 0 0 0 0 0 -0.92385759662607436 0 0 0 0 0 0 0 0 0 0 0 0 0 0 0 0 0 0 0 0 0 0 0 0 0 0 0 0 0 0 0 0 0 0 0 0 0 0 0 0 0 0 0 0 0 2 0 0
0.53452248382484879 1.3095800853708794 -0.20622176306591022 -0.088337768498701674 0.067531844121216891 0.010999348197393122 0.086460756839662173 0.16546305162334152 0.27244766142237581 0.31217627865606962 -0.019537922939281673 -0.091441212236095124 0.26884234368816895 0.37547261775559992 0.26712828844658604 0.38118282137613202 0.085159260902263959 0.26246701840125714 0.24644025482086018 -0.042954554954702309 -0.16066585746721157 -0.35628356291860785 -0.23218434270164778 0.3905275387579481 -0.22450011580320561 0.24032687151718407 0.16691037605170572 0.25756773522394288 0.39323238062039789 0.011764924810629119 -0.38884697719660777 0.10937284372383466 -0.26720531558480581 0.2112769807607526 0.35008123023710125 -0.28565762123571681 -0.34433657733464113 -0.31441876316514633 -0.36970346792455855 0.3017318841293315 0.24960360883388236 -0.12290550332027844 0.27633767138130949 -0.23262613127092166 0.046009090807745602 0.17679336556040895 0.26493217570866218 -0.035393874125789718 0.3393291566074903 0.16468871368498972 0 0 0 0 0 0.00049568050592951874 0 0 0 0 0 0 0 0 0 0 0 0 0 0 0 0 0 0 0 0 0 0 0 0 0 0 0 0 0 0 0 0 0 0 0 0 0 0 0 0 0 0 0 0 0 0 0 0 0 -0.3827360650071141 0 0 0 0 0 0 0 0 0 0 0 0 0 0 0 0 0 0 0 0 0 0 0 0 0 0 0 0 0 0 0 0 0 0 0 0 0 0 0 0 0 0 0 0 0 0 0 0 0 -0.92385759662607436 0 0 0 0 0 0 0 0 0 0 0 0 0 0 0 0 0 0 0 0 0 0 0 0 0 0 0 0 0 0 0 0 0 0 0 0 0 0 0 0 0 0 0 0 2 0 0
0.53452248382484879 1.3095800853708794 -0.20622176306591022 -0.088337768498701674 0.067531844121216891 0.010999348197393122 0.086460756839662173 0.16546305162334152 0.27244766142237581 0.31217627865606962 -0.019537922939281673 -0.091441212236095124 0.26884234368816895 0.37547261775559992 0.26712828844658604 0.38118282137613202 0.085159260902263959 0.26246701840125714 0.24644025482086018 -0.042954554954702309 -0.16066585746721157 -0.35628356291860785 -0.23218434270164778 0.3905275387579481 -0.22450011580320561 0.24032687151718407 0.16691037605170572 0.25756773522394288 0.39323238062039789 0.011764924810629119 -0.38884697719660777 0.10937284372383466 -0.26720531558480581 0.2112769807607526 0.35008123023710125 -0.28565762123571681 -0.34433657733464113 -0.31441876316514633 -0.36970346792455855 0.3017318841293315 0.24960360883388236 -0.12290550332027844 0.27633767138130949 -0.23262613127092166 0.046009090807745602 0.17679336556040895 0.26493217570866218 -0.035393874125789718 0.3393291566074903 0.16468871368498972 0 0 0 0 0 0 0.00049568050592951874 0 0 0 0 0 0 0 0 0 0 0 0 0 0 0 0 0 0 0 0 0 0 0 0 0 0 0 0 0 0 0 0 0 0 0 0 0 0 0 0 0 0 0 0 0 0 0 0 0 -0.3827360650071141 0 0 0 0 0 0 0 0 0 0 0 0 0 0 0 0 0 0 0 0 0 0 0 0 0 0 0 0 0 0 0 0 0 0 0 0 0 0 0 0 0 0 0 0 0 0 0 0 0 -0.92385759662607436 0 0 0 0 0 0 0 0 0 0 0 0 0 0 0 0 0 0 0 0 0 0 0 0 0 0 0 0 0 0 0 0 0 0 0 0 0 0 0 0 0 0 0 2 0 0
0.53452248382484879 1.3095800853708794 -0.20622176306591022 -0.088337768498701674 0.067531844121216891 0.010999348197393122 0.086460756839662173 0.16546305162334152 0.27244766142237581 0.31217627865606962 -0.019537922939281673 -0.091441212236095124 0.26884234368816895 0.37547261775559992 0.26712828844658604 0.38118282137613202 0.085159260902263959 0.26246701840125714 0.24644025482086018 -0.042954554954702309 -0.16066585746721157 -0.35628356291860785 -0.23218434270164778 0.3905275387579481 -0.22450011580320561 0.24032687151718407 0.16691037605170572 0.25756773522394288 0.39323238062039789 0.011764924810629119 -0.38884697719660777 0.10937284372383466 -0.26720531558480581 0.2112769807607526 0.35008123023710125 -0.28565762123571681 -0.34433657733464113 -0.31441876316514633 -0.36970346792455855 0.3017318841293315 0.24960360883388236 -0.12290550332027844 0.27633767138130949 -0.23262613127092166 0.046009090807745602 0.17679336556040895 0.26493217570866218 -0.035393874125789718 0.3393291566074903 0.16468871368498972 0 0 0 0 0 0 0 0.00049568050592951874 0 0 0 0 0 0 0 0 0 0 0 0 0 0 0 0 0 0 0 0 0 0 0 0 0 0 0 0 0 0 0 0 0 0 0 0 0 0 0 0 0 0 0 0 0 0 0 0 0 -0.3827360650071141 0 0 0 0 0 0 0 0 0 0 0 0 0 0 0 0 0 0 0 0 0 0 0 0 0 0 0 0 0 0 0 0 0 0 0 0 0 0 0 0 0 0 0 0 0 0 0 0 0 -0.92385759662607436 0 0 0 0 0 0 0 0 0 0 0 0 0 0 0 0 0 0 0 0 0 0 0 0 0 0 0 0 0 0 0 0 0 0 0 0 0 0 0 0 0 0 2 0 0
0.53452248382484879 1.3095800853708794 -0.20622176306591022 -0.088337768498701674 0.067531844121216891 0.010999348197393122 0.086460756839662173 0.16546305162334152 0.27244766142237581 0.31217627865606962 -0.019537922939281673 -0.091441212236095124 0.26884234368816895 0.37547261775559992 0.26712828844658604 0.38118282137613202 0.085159260902263959 0.26246701840125714 0.24644025482086018 -0.042954554954702309 -0.16066585746721157 -0.35628356291860785 -0.23218434270164778 0.3905275387579481 -0.22450011580320561 0.24032687151718407 0.16691037605170572 0.25756773522394288 0.39323238062039789 0.011764924810629119 -0.38884697719660777 0.10937284372383466 -0.26720531558480581 0.2112769807607526 0.35008123023710125 -0.28565762123571681 -0.34433657733464113 -0.31441876316514633 -0.36970346792455855 0.3017318841293315 0.24960360883388236 -0.12290550332027844 0.27633767138130949 -0.23262613127092166 0.046009090807745602 0.17679336556040895 0.26493217570866218 -0.035393874125789718 0.3393291566074903 0.16468871368498972 0 0 0 0 0 0 0 0 0.00049568050592951874 0 0 0 0 0 0 0 0 0 0 0 0 0 0 0 0 0 0 0 0 0 0 0 0 0 0 0 0 0 0 0 0 0 0 0 0 0 0 0 0 0 0 0 0 0 0 0 0 0 -0.3827360650071141 0 0 0 0 0 0 0 0 0 0 0 0 0 0 0 0 0 0 0 0 0 0 0 0 0 0 0 0 0 0 0 0 0 0 0 0 0 0 0 0 0 0 0 0 0 0 0 0 0 -0.92385759662607436 0 0 0 0 0 0 0 0 0 0 0 0 0 0 0 0 0 0 0 0 0 0 0 0 0 0 0 0 0 0 0 0 0 0 0 0 0 0 0 0 0 2 0 0
0.53452248382484879 1.3095800853708794 -0.20622176306591022 -0.088337768498701674 0.067531844121216891 0.010999348197393122 0.086460756839662173 0.16546305162334152 0.27244766142237581 0.31217627865606962 -0.019537922939281673 -0.091441212236095124 0.26884234368816895 0.37547261775559992 0.26712828844658604 0.38118282137613202 0.085159260902263959 0.26246701840125714 0.24644025482086018 -0.042954554954702309 -0.16066585746721157 -0.35628356291860785 -0.23218434270164778 0.3905275387579481 -0.22450011580320561 0.24032687151718407 0.16691037605170572 0.25756773522394288 0.39323238062039789 0.011764924810629119 -0.38884697719660777 0.10937284372383466 -0.26720531558480581 0.2112769807607526 0.35008123023710125 -0.28565762123571681 -0.34433657733464113 -0.31441876316514633 -0.36970346792455855 0.3017318841293315 0.24960360883388236 -0.12290550332027844 0.27633767138130949 -0.23262613127092166 0.046009090807745602 0.17679336556040895 0.26493217570866218 -0.035393874125789718 0.3393291566074903 0.16468871368498972 0 0 0 0 0 0 0 0 0 0.00049568050592951874 0 0 0 0 0 0 0 0 0 0 0 0 0 0 0 0 0 0 0 0 0 0 0 0 0 0 0 0 0 0 0 0 0 0 0 0 0 0 0 0 0 0 0 0 0 0 0 0 0 -0.3827360650071141 0 0 0 0 0 0 0 0 0 0 0 0 0 0 0 0 0 0 0 0 0 0 0 0 0 0 0 0 0 0 0 0 0 0 0 0 0 0 0 0 0 0 0 0 0 0 0 0 0 -0.92385759662607436 0 0 0 0 0 0 0 0 0 0 0 0 0 0 0 0 0 0 0 0 0 0 0 0 0 0 0 0 0 0 0 0 0 0 0 0 0 0 0 0 2 0 0
0.53452248382484879 1.3095800853708794 -0.20622176306591022 -0.088337768498701674 0.067531844121216891 0.010999348197393122 0.086460756839662173 0.16546305162334152 0.27244766142237581 0.31217627865606962 -0.019537922939281673 -0.091441212236095124 0.26884234368816895 0.37547261775559992 0.26712828844658604 0.38118282137613202 0.085159260902263959 0.26246701840125714 0.24644025482086018 -0.042954554954702309 -0.16066585746721157 -0.35628356291860785 -0.23218434270164778 0.3905275387579481 -0.22450011580320561 0.24032687151718407 0.16691037605170572 0.25756773522394288 0.39323238062039789 0.011764924810629119 -0.38884697719660777 0.10937284372383466 -0.26720531558480581 0.2112769807607526 0.35008123023710125 -0.28565762123571681 -0.34433657733464113 -0.31441876316514633 -0.36970346792455855 0.3017318841293315 0.24960360883388236 -0.12290550332027844 0.27633767138130949 -0.23262613127092166 0.046009090807745602 0.17679336556040895 0.26493217570866218 -0.035393874125789718 0.3393291566074903 0.16468871368498972 0 0 0 0 0 0 0 0 0 0 0.00049568050592951874 0 0 0 0 0 0 0 0 0 0 0 0 0 0 0 0 0 0 0 0 0 0 0 0 0 0 0 0 0 0 0 0 0 0 0 0 0 0 0 0 0 0 0 0 0 0 0 0 0 -0.3827360650071141 0 0 0 0 0 0 0 0 0 0 0 0 0 0 0 0 0 0 0 0 0 0 0 0 0 0 0 0 0 0 0 0 0 0 0 0 0 0 0 0 0 0 0 0 0 0 0 0 0 -0.92385759662607436 0 0 0 0 0 0 0 0 0 0 0 0 0 0 0 0 0 0 0 0 0 0 0 0 0 0 0 0 0 0 0 0 0 0 0 0 0 0 0 2 0 0
0.53452248382484879 1.3095800853708794 -0.20622176306591022 -0.088337768498701674 0.067531844121216891 0.010999348197393122 0.086460756839662173 0.16546305162334152 0.27244766142237581 0.31217627865606962 -0.019537922939281673 -0.091441212236095124 0.26884234368816895 0.37547261775559992 0.26712828844658604 0.38118282137613202 0.085159260902263959 0.26246701840125714 0.24644025482086018 -0.042954554954702309 -0.16066585746721157 -0.35628356291860785 -0.23218434270164778 0.3905275387579481 -0.22450011580320561 0.24032687151718407 0.16691037605170572 0.25756773522394288 0.39323238062039789 0.011764924810629119 -0.38884697719660777 0.10937284372383466 -0.26720531558480581 0.2112769807607526 0.35008123023710125 -0.28565762123571681 -0.34433657733464113 -0.31441876316514633 -0.36970346792455855 0.3017318841293315 0.24960360883388236 -0.12290550332027844 0.27633767138130949 -0.23262613127092166 0.046009090807745602 0.17679336556040895 0.26493217570866218 -0.035393874125789718 0.3393291566074903 0.16468871368498972 0 0 0 0 0 0 0 0 0 0 0 0.00049568050592951874 0 0 0 0 0 0 0 0 0 0 0 0 0 0 0 0 0 0 0 0 0 0 0 0 0 0 0 0 0 0 0 0 0 0 0 0 0 0 0 0 0 0 0 0 0 0 0 0 0 -0.3827360650071141 0 0 0 0 0 0 0 0 0 0 0 0 0 0 0 0 0 0 0 0 0 0 0 0 0 0 0 0 0 0 0 0 0 0 0 0 0 0 0 0 0 0 0 0 0 0 0 0 0 -0.92385759662607436 0 0 0 0 0 0 0 0 0 0 0 0 0 0 0 0 0 0 0 0 0 0 0 0 0 0 0 0 0 0 0 0 0 0 0 0 0 0 2 0 0
0.53452248382484879 1.3095800853708794 -0.20622176306591022 -0.088337768498701674 0.067531844121216891 0.010999348197393122 0.086460756839662173 0.16546305162334152 0.27244766142237581 0.31217627865606962 -0.019537922939281673 -0.091441212236095124 0.26884234368816895 0.37547261775559992 0.26712828844658604 0.38118282137613202 0.085159260902263959 0.26246701840125714 0.24644025482086018 -0.042954554954702309 -0.16066585746721157 -0.35628356291860785 -0.23218434270164778 0.3905275387579481 -0.22450011580320561 0.24032687151718407 0.16691037605170572 0.25756773522394288 0.39323238062039789 0.011764924810629119 -0.38884697719660777 0.10937284372383466 -0.26720531558480581 0.2112769807607526 0.35008123023710125 -0.28565762123571681 -0.34433657733464113 -0.31441876316514633 -0.36970346792455855 0.3017318841293315 0.24960360883388236 -0.12290550332027844 0.27633767138130949 -0.23262613127092166 0.046009090807745602 0.17679336556040895 0.26493217570866218 -0.035393874125789718 0.3393291566074903 0.16468871368498972 0 0 0 0 0 0 0 0 0 0 0 0 0.00049568050592951874 0 0 0 0 0 0 0 0 0 0 0 0 0 0 0 0 0 0 0 0 0 0 0 0 0 0 0 0 0 0 0 0 0 0 0 0 0 0 0 0 0 0 0 0 0 0 0 0 0 -0.3827360650071141 0 0 0 0 0 0 0 0 0 0 0 0 0 0 0 0 0 0 0 0 0 0 0 0 0 0 0 0 0 0 0 0 0 0 0 0 0 0 0 0 0 0 0 0 0 0 0 0 0 -0.92385759662607436 0 0 0 0 0 0 0 0 0 0 0 0 0 0 0 0 0 0 0 0 0 0 0 0 0 0 0 0 0 0 0 0 0 0 0 0 0 2 0 0
0.53452248382484879 1.3095800853708794 -0.20622176306591022 -0.088337768498701674 0.067531844121216891 0.010999348197393122 0.086460756839662173 0.16546305162334152 0.27244766142237581 0.31217627865606962 -0.019537922939281673 -0.091441212236095124 0.26884234368816895 0.37547261775559992 0.26712828844658604 0.38118282137613202 0.085159260902263959 0.26246701840125714 0.24644025482086018 -0.042954554954702309 -0.16066585746721157 -0.35628356291860785 -0.23218434270164778 0.3905275387579481 -0.22450011580320561 0.24032687151718407 0.16691037605170572 0.25756773522394288 0.39323238062039789 0.011764924810629119 -0.38884697719660777 0.10937284372383466 -0.26720531558480581 0.2112769807607526 0.35008123023710125 -0.28565762123571681 -0.34433657733464113 -0.31441876316514633 -0.36970346792455855 0.3017318841293315 0.24960360883388236 -0.12290550332027844 0.27633767138130949 -0.23262613127092166 0.046009090807745602 0.17679336556040895 0.26493217570866218 -0.035393874125789718 0.3393291566074903 0.16468871368498972 0 0 0 0 0 0 0 0 0 0 0 0 0 0.00049568050592951874 0 0 0 0 0 0 0 0 0 0 0 0 0 0 0 0 0 0 0 0 0 0 0 0 0 0 0 0 0 0 0 0 0 0 0 0 0 0 0 0 0 0 0 0 0 0 0 0 0 -0.3827360650071141 0 0 0 0 0 0 0 0 0 0 0 0 0 0 0 0 0 0 0 0 0 0 0 0 0 0 0 0 0 0 0 0 0 0 0 0 0 0 0 0 0 0 0 0 0 0 0 0 0 -0.92385759662607436 0 0 0 0 0 0 0 0 0 0 0 0 0 0 0 0 0 0 0 0 0 0 0 0 0 0 0 0 0 0 0 0 0 0 0 0 2 0 0
0.53452248382484879 1.3095800853708794 -0.20622176306591022 -0.088337768498701674 0.067531844121216891 0.010999348197393122 0.086460756839662173 0.16546305162334152 0.27244766142237581 0.31217627865606962 -0.019537922939281673 -0.091441212236095124 0.26884234368816895 0.37547261775559992 0.26712828844658604 0.38118282137613202 0.085159260902263959 0.26246701840125714 0.24644025482086018 -0.042954554954702309 -0.16066585746721157 -0.35628356291860785 -0.23218434270164778 0.3905275387579481 -0.22450011580320561 0.24032687151718407 0.16691037605170572 0.25756773522394288 0.39323238062039789 0.011764924810629119 -0.38884697719660777 0.10937284372383466 -0.26720531558480581 0.2112769807607526 0.35008123023710125 -0.28565762123571681 -0.34433657733464113 -0.31441876316514633 -0.36970346792455855 0.3017318841293315 0.24960360883388236 -0.12290550332027844 0.27633767138130949 -0.23262613127092166 0.046009090807745602 0.17679336556040895 0.26493217570866218 -0.035393874125789718 0.3393291566074903 0.16468871368498972 0 0 0 0 0 0 0 0 0 0 0 0 0 0 0.00049568050592951874 0 0 0 0 0 0 0 0 0 0 0 0 0 0 0 0 0 0 0 0 0 0 0 0 0 0 0 0 0 0 0 0 0 0 0 0 0 0 0 0 0 0 0 0 0 0 0 0 0 -0.3827360650071141 0 0 0 0 0 0 0 0 0 0 0 0 0 0 0 0 0 0 0 0 0 0 0 0 0 0 0 0 0 0 0 0 0 0 0 0 0 0 0 0 0 0 0 0 0 0 0 0 0 -0.92385759662607436 0 0 0 0 0 0 0 0 0 0 0 0 0 0 0 0 0 0 0 0 0 0 0 0 0 0 0 0 0 0 0 0 0 0 0 2 0 0
0.53452248382484879 1.3095800853708794 -0.20622176306591022 -0.088337768498701674 0.067531844121216891 0.010999348197393122 0.086460756839662173 0.16546305162334152 0.27244766142237581 0.31217627865606962 -0.019537922939281673 -0.091441212236095124 0.26884234368816895 0.37547261775559992 0.26712828844658604 0.38118282137613202 0.085159260902263959 0.26246701840125714 0.24644025482086018 -0.042954554954702309 -0.16066585746721157 -0.35628356291860785 -0.23218434270164778 0.3905275387579481 -0.22450011580320561 0.24032687151718407 0.16691037605170572 0.25756773522394288 0.39323238062039789 0.011764924810629119 -0.38884697719660777 0.10937284372383466 -0.26720531558480581 0.2112769807607526 0.35008123023710125 -0.28565762123571681 -0.34433657733464113 -0.31441876316514633 -0.36970346792455855 0.3017318841293315 0.24960360883388236 -0.12290550332027844 0.27633767138130949 -0.23262613127092166 0.046009090807745602 0.17679336556040895 0.26493217570866218 -0.035393874125789718 0.3393291566074903 0.16468871368498972 0 0 0 0 0 0 0 0 0 0 0 0 0 0 0 0.00049568050592951874 0 0 0 0 0 0 0 0 0 0 0 0 0 0 0 0 0 0 0 0 0 0 0 0 0 0 0 0 0 0 0 0 0 0 0 0 0 0 0 0 0 0 0 0 0 0 0 0 0 -0.3827360650071141 0 0 0 0 0 0 0 0 0 0 0 0 0 0 0 0 0 0 0 0 0 0 0 0 0 0 0 0 0 0 0 0 0 0 0 0 0 0 0 0 0 0 0 0 0 0 0 0 0 -0.92385759662607436 0 0 0 0 0 0 0 0 0 0 0 0 0 0 0 0 0 0 0 0 0 0 0 0 0 0 0 0 0 0 0 0 0 0 2 0 0
0.53452248382484879 1.3095800853708794 -0.20622176306591022 -0.088337768498701674 0.067531844121216891 0.010999348197393122 0.086460756839662173 0.16546305162334152 0.27244766142237581 0.31217627865606962 -0.019537922939281673 -0.091441212236095124 0.26884234368816895 0.37547261775559992 0.26712828844658604 0.38118282137613202 0.085159260902263959 0.26246701840125714 0.24644025482086018 -0.042954554954702309 -0.16066585746721157 -0.35628356291860785 -0.23218434270164778 0.3905275387579481 -0.22450011580320561 0.24032687151718407 0.16691037605170572 0.25756773522394288 0.39323238062039789 0.011764924810629119 -0.38884697719660777 0.10937284372383466 -0.26720531558480581 0.2112769807607526 0.35008123023710125 -0.28565762123571681 -0.34433657733464113 -0.31441876316514633 -0.36970346792455855 0.3017318841293315 0.24960360883388236 -0.12290550332027844 0.27633767138130949 -0.23262613127092166 0.046009090807745602 0.17679336556040895 0.26493217570866218 -0.035393874125789718 0.3393291566074903 0.16468871368498972 0 0 0 0 0 0 0 0 0 0 0 0 0 0 0 0 0.00049568050592951874 0 0 0 0 0 0 0 0 0 0 0 0 0 0 0 0 0 0 0 0 0 0 0 0 0 0 0 0 0 0 0 0 0 0 0 0 0 0 0 0 0 0 0 0 0 0 0 0 0 -0.3827360650071141 0 0 0 0 0 0 0 0 0 0 0 0 0 0 0 0 0 0 0 0 0 0 0 0 0 0 0 0 0 0 0 0 0 0 0 0 0 0 0 0 0 0 0 0 0 0 0 0 0 -0.92385759662607436 0 0 0 0 0 0 0 0 0 0 0 0 0 0 0 0 0 0 0 0 0 0 0 0 0 0 0 0 0 0 0 0 0 2 0 0
0.53452248382484879 1.3095800853708794 -0.20622176306591022 -0.088337768498701674 0.067531844121216891 0.010999348197393122 0.086460756839662173 0.16546305162334152 0.27244766142237581 0.31217627865606962 -0.019537922939281673 -0.091441212236095124 0.26884234368816895 0.37547261775559992 0.26712828844658604 0.38118282137613202 0.085159260902263959 0.26246701840125714 0.24644025482086018 -0.042954554954702309 -0.16066585746721157 -0.35628356291860785 -0.23218434270164778 0.3905275387579481 -0.22450011580320561 0.24032687151718407 0.16691037605170572 0.25756773522394288 0.39323238062039789 0.011764924810629119 -0.38884697719660777 0.10937284372383466 -0.26720531558480581 0.2112769807607526 0.35008123023710125 -0.28565762123571681 -0.34433657733464113 -0.31441876316514633 -0.36970346792455855 0.3017318841293315 0.24960360883388236 -0.12290550332027844 0.27633767138130949 -0.23262613127092166 0.046009090807745602 0.17679336556040895 0.26493217570866218 -0.035393874125789718 0.3393291566074903 0.16468871368498972 0 0 0 0 0 0 0 0 0 0 0 0 0 0 0 0 0 0.00049568050592951874 0 0 0 0 0 0 0 0 0 0 0 0 0 0 0 0 0 0 0 0 0 0 0 0 0 0 0 0 0 0 0 0 0 0 0 0 0 0 0 0 0 0 0 0 0 0 0 0 0 -0.3827360650071141 0 0 0 0 0 0 0 0 0 0 0 0 0 0 0 0 0 0 0 0 0 0 0 0 0 0 0 0 0 0 0 0 0 0 0 0 0 0 0 0 0 0 0 0 0 0 0 0 0 -0.92385759662607436 0 0 0 0 0 0 0 0 0 0 0 0 0 0 0 0 0 0 0 0 0 0 0 0 0 0 0 0 0 0 0 0 2 0 0
0.53452248382484879 1.3095800853708794 -0.20622176306591022 -0.088337768498701674 0.067531844121216891 0.010999348197393122 0.086460756839662173 0.16546305162334152 0.27244766142237581 0.31217627865606962 -0.019537922939281673 -0.091441212236095124 0.26884234368816895 0.37547261775559992 0.26712828844658604 0.38118282137613202 0.085159260902263959 0.26246701840125714 0.24644025482086018 -0.042954554954702309 -0.16066585746721157 -0.35628356291860785 -0.23218434270164778 0.3905275387579481 -0.22450011580320561 0.24032687151718407 0.16691037605170572 0.25756773522394288 0.39323238062039789 0.011764924810629119 -0.38884697719660777 0.10937284372383466 -0.26720531558480581 0.2112769807607526 0.35008123023710125 -0.28565762123571681 -0.34433657733464113 -0.31441876316514633 -0.36970346792455855 0.3017318841293315 0.24960360883388236 -0.12290550332027844 0.27633767138130949 -0.23262613127092166 0.046009090807745602 0.17679336556040895 0.26493217570866218 -0.035393874125789718 0.3393291566074903 0.16468871368498972 0 0 0 0 0 0 0 0 0 0 0 0 0 0 0 0 0 0 0.00049568050592951874 0 0 0 0 0 0 0 0 0 0 0 0 0 0 0 0 0 0 0 0 0 0 0 0 0 0 0 0 0 0 0 0 0 0 0 0 0 0 0 0 0 0 0 0 0 0 0 0 0 -0.3827360650071141 0 0 0 0 0 0 0 0 0 0 0 0 0 0 0 0 0 0 0 0 0 0 0 0 0 0 0 0 0 0 0 0 0 0 0 0 0 0 0 0 0 0 0 0 0 0 0 0 0 -0.92385759662607436 0 0 0 0 0 0 0 0 0 0 0 0 0 0 0 0 0 0 0 0 0 0 0 0 0 0 0 0 0 0 0 2 0 0
0.53452248382484879 1.3095800853708794 -0.20622176306591022 -0.088337768498701674 0.067531844121216891 0.010999348197393122 0.086460756839662173 0.16546305162334152 0.27244766142237581 0.31217627865606962 -0.019537922939281673 -0.091441212236095124 0.26884234368816895 0.37547261775559992 0.26712828844658604 0.38118282137613202 0.085159260902263959 0.26246701840125714 0.24644025482086018 -0.042954554954702309 -0.16066585746721157 -0.35628356291860785 -0.23218434270164778 0.3905275387579481 -0.22450011580320561 0.24032687151718407 0.16691037605170572 0.25756773522394288 0.39323238062039789 0.011764924810629119 -0.38884697719660777 0.10937284372383466 -0.26720531558480581 0.2112769807607526 0.35008123023710125 -0.28565762123571681 -0.34433657733464113 -0.31441876316514633 -0.36970346792455855 0.3017318841293315 0.24960360883388236 -0.12290550332027844 0.27633767138130949 -0.23262613127092166 0.046009090807745602 0.17679336556040895 0.26493217570866218 -0.035393874125789718 0.3393291566074903 0.16468871368498972 0 0 0 0 0 0 0 0 0 0 0 0 0 0 0 0 0 0 0 0.00049568050592951874 0 0 0 0 0 0 0 0 0 0 0 0 0 0 0 0 0 0 0 0 0 0 0 0 0 0 0 0 0 0 0 0 0 0 0 0 0 0 0 0 0 0 0 0 0 0 0 0 0 -0.3827360650071141 0 0 0 0 0 0 0 0 0 0 0 0 0 0 0 0 0 0 0 0 0 0 0 0 0 0 0 0 0 0 0 0 0 0 0 0 0 0 0 0 0 0 0 0 0 0 0 0 0 -0.92385759662607436 0 0 0 0 0 0 0 0 0 0 0 0 0 0 0 0 0 0 0 0 0 0 0 0 0 0 0 0 0 0 2 0 0
0.53452248382484879 1.3095800853708794 -0.20622176306591022 -0.088337768498701674 0.067531844121216891 0.010999348197393122 0.086460756839662173 0.16546305162334152 0.27244766142237581 0.31217627865606962 -0.019537922939281673 -0.091441212236095124 0.26884234368816895 0.37547261775559992 0.26712828844658604 0.38118282137613202 0.085159260902263959 0.26246701840125714 0.24644025482086018 -0.042954554954702309 -0.16066585746721157 -0.35628356291860785 -0.23218434270164778 0.3905275387579481 -0.22450011580320561 0.24032687151718407 0.16691037605170572 0.25756773522394288 0.39323238062039789 0.011764924810629119 -0.38884697719660777 0.10937284372383466 -0.26720531558480581 0.2112769807607526 0.35008123023710125 -0.28565762123571681 -0.34433657733464113 -0.31441876316514633 -0.36970346792455855 0.3017318841293315 0.24960360883388236 -0.12290550332027844 0.27633767138130949 -0.23262613127092166 0.046009090807745602 0.17679336556040895 0.26493217570866218 -0.035393874125789718 0.3393291566074903 0.16468871368498972 0 0 0 0 0 0 0 0 0 0 0 0 0 0 0 0 0 0 0 0 0.00049568050592951874 0 0 0 0 0 0 0 0 0 0 0 0 0 0 0 0 0 0 0 0 0 0 0 0 0 0 0 0 0 0 0 0 0 0 0 0 0 0 0 0 0 0 0 0 0 0 0 0 0 -0.3827360650071141 0 0 0 0 0 0 0 0 0 0 0 0 0 0 0 0 0 0 0 0 0 0 0 0 0 0 0 0 0 0 0 0 0 0 0 0 0 0 0 0 0 0 0 0 0 0 0 0 0 -0.92385759662607436 0 0 0 0 0 0 0 0 0 0 0 0 0 0 0 0 0 0 0 0 0 0 0 0 0 0 0 0 0 2 0 0
0.53452248382484879 1.3095800853708794 -0.20622176306591022 -0.088337768498701674 0.067531844121216891 0.010999348197393122 0.086460756839662173 0.16546305162334152 0.27244766142237581 0.31217627865606962 -0.019537922939281673 -0.091441212236095124 0.26884234368816895 0.37547261775559992 0.26712828844658604 0.38118282137613202 0.085159260902263959 0.26246701840125714 0.24644025482086018 -0.042954554954702309 -0.16066585746721157 -0.35628356291860785 -0.23218434270164778 0.3905275387579481 -0.22450011580320561 0.24032687151718407 0.16691037605170572 0.25756773522394288 0.39323238062039789 0.011764924810629119 -0.38884697719660777 0.10937284372383466 -0.26720531558480581 0.2112769807607526 0.35008123023710125 -0.28565762123571681 -0.34433657733464113 -0.31441876316514633 -0.36970346792455855 0.3017318841293315 0.24960360883388236 -0.12290550332027844 0.27633767138130949 -0.23262613127092166 0.046009090807745602 0.17679336556040895 0.26493217570866218 -0.035393874125789718 0.3393291566074903 0.16468871368498972 0 0 0 0 0 0 0 0 0 0 0 0 0 0 0 0 0 0 0 0 0 0.00049568050592951874 0 0 0 0 0 0 0 0 0 0 0 0 0 0 0 0 0 0 0 0 0 0 0 0 0 0 0 0 0 0 0 0 0 0 0 0 0 0 0 0 0 0 0 0 0 0 0 0 0 -0.3827360650071141 0 0 0 0 0 0 0 0 0 0 0 0 0 0 0 0 0 0 0 0 0 0 0 0 0 0 0 0 0 0 0 0 0 0 0 0 0 0 0 0 0 0 0 0 0 0 0 0 0 -0.92385759662607436 0 0 0 0 0 0 0 0 0 0 0 0 0 0 0 0 0 0 0 0 0 0 0 0 0 0 0 0 2 0 0
0.53452248382484879 1.3095800853708794 -0.20622176306591022 -0.088337768498701674 0.067531844121216891 0.010999348197393122 0.086460756839662173 0.16546305162334152 0.27244766142237581 0.31217627865606962 -0.019537922939281673 -0.091441212236095124 0.26884234368816895 0.37547261775559992 0.26712828844658604 0.38118282137613202 0.085159260902263959 0.26246701840125714 0.24644025482086018 -0.042954554954702309 -0.16066585746721157 -0.35628356291860785 -0.23218434270164778 0.3905275387579481 -0.22450011580320561 0.24032687151718407 0.16691037605170572 0.25756773522394288 0.39323238062039789 0.011764924810629119 -0.38884697719660777 0.10937284372383466 -0.26720531558480581 0.2112769807607526 0.35008123023710125 -0.28565762123571681 -0.34433657733464113 -0.31441876316514633 -0.36970346792455855 0.3017318841293315 0.24960360883388236 -0.12290550332027844 0.27633767138130949 -0.23262613127092166 0.046009090807745602 0.17679336556040895 0.26493217570866218 -0.035393874125789718 0.3393291566074903 0.16468871368498972 0 0 0 0 0 0 0 0 0 0 0 0 0 0 0 0 0 0 0 0 0 0 0.00049568050592951874 0 0 0 0 0 0 0 0 0 0 0 0 0 0 0 0 0 0 0 0 0 0 0 0 0 0 0 0 0 0 0 0 0 0 0 0 0 0 0 0 0 0 0 0 0 0 0 0 0 -0.3827360650071141 0 0 0 0 0 0 0 0 0 0 0 0 0 0 0 0 0 0 0 0 0 0 0 0 0 0 0 0 0 0 0 0 0 0 0 0 0 0 0 0 0 0 0 0 0 0 0 0 0 -0.92385759662607436 0 0 0 0 0 0 0 0 0 0 0 0 0 0 0 0 0 0 0 0 0 0 0 0 0 0 0 2 0 0
0.53452248382484879 1.3095800853708794 -0.20622176306591022 -0.088337768498701674 0.067531844121216891 0.010999348197393122 0.086460756839662173 0.16546305162334152 0.27244766142237581 0.31217627865606962 -0.019537922939281673 -0.091441212236095124 0.26884234368816895 0.37547261775559992 0.26712828844658604 0.38118282137613202 0.085159260902263959 0.26246701840125714 0.24644025482086018 -0.042954554954702309 -0.16066585746721157 -0.35628356291860785 -0.23218434270164778 0.3905275387579481 -0.22450011580320561 0.24032687151718407 0.16691037605170572 0.25756773522394288 0.39323238062039789 0.011764924810629119 -0.38884697719660777 0.10937284372383466 -0.26720531558480581 0.2112769807607526 0.35008123023710125 -0.28565762123571681 -0.34433657733464113 -0.31441876316514633 -0.36970346792455855 0.3017318841293315 0.24960360883388236 -0.12290550332027844 0.27633767138130949 -0.23262613127092166 0.046009090807745602 0.17679336556040895 0.26493217570866218 -0.035393874125789718 0.3393291566074903 0.16468871368498972 0 0 0 0 0 0 0 0 0 0 0 0 0 0 0 0 0 0 0 0 0 0 0 0.00049568050592951874 0 0 0 0 0 0 0 0 0 0 0 0 0 0 0 0 0 0 0 0 0 0 0 0 0 0 0 0 0 0 0 0 0 0 0 0 0 0 0 0 0 0 0 0 0 0 0 0 0 -0.3827360650071141 0 0 0 0 0 0 0 0 0 0 0 0 0 0 0 0 0 0 0 0 0 0 0 0 0 0 0 0 0 0 0 0 0 0 0 0 0 0 0 0 0 0 0 0 0 0 0 0 0 -0.92385759662607436 0 0 0 0 0 0 0 0 0 0 0 0 0 0 0 0 0 0 0 0 0 0 0 0 0 0 2 0 0
0.53452248382484879 1.3095800853708794 -0.20622176306591022 -0.088337768498701674 0.067531844121216891 0.010999348197393122 0.086460756839662173 0.16546305162334152 0.27244766142237581 0.31217627865606962 -0.019537922939281673 -0.091441212236095124 0.26884234368816895 0.37547261775559992 0.26712828844658604 0.38118282137613202 0.085159260902263959 0.26246701840125714 0.24644025482086018 -0.042954554954702309 -0.16066585746721157 -0.35628356291860785 -0.23218434270164778 0.3905275387579481 -0.22450011580320561 0.24032687151718407 0.16691037605170572 0.25756773522394288 0.39323238062039789 0.011764924810629119 -0.38884697719660777 0.10937284372383466 -0.26720531558480581 0.2112769807607526 0.35008123023710125 -0.28565762123571681 -0.34433657733464113 -0.31441876316514633 -0.36970346792455855 0.3017318841293315 0.24960360883388236 -0.12290550332027844 0.27633767138130949 -0.23262613127092166 0.046009090807745602 0.17679336556040895 0.26493217570866218 -0.035393874125789718 0.3393291566074903 0.16468871368498972 0 0 0 0 0 0 0 0 0 0 0 0 0 0 0 0 0 0 0 0 0 0 0 0 0.00049568050592951874 0 0 0 0 0 0 0 0 0 0 0 0 0 0 0 0 0 0 0 0 0 0 0 0 0 0 0 0 0 0 0 0 0 0 0 0 0 0 0 0 0 0 0 0 0 0 0 0 0 -0.3827360650071141 0 0 0 0 0 0 0 0 0 0 0 0 0 0 0 0 0 0 0 0 0 0 0 0 0 0 0 0 0 0 0 0 0 0 0 0 0 0 0 0 0 0 0 0 0 0 0 0 0 -0.92385759662607436 0 0 0 0 0 0 0 0 0 0 0 0 0 0 0 0 0 0 0 0 0 0 0 0 0 2 0 0
0.53452248382484879 1.3095800853708794 -0.20622176306591022 -0.088337768498701674 0.067531844121216891 0.010999348197393122 0.086460756839662173 0.16546305162334152 0.27244766142237581 0.31217627865606962 -0.019537922939281673 -0.091441212236095124 0.26884234368816895 0.37547261775559992 0.26712828844658604 0.38118282137613202 0.085159260902263959 0.26246701840125714 0.24644025482086018 -0.042954554954702309 -0.16066585746721157 -0.35628356291860785 -0.23218434270164778 0.3905275387579481 -0.22450011580320561 0.24032687151718407 0.16691037605170572 0.25756773522394288 0.39323238062039789 0.011764924810629119 -0.38884697719660777 0.10937284372383466 -0.26720531558480581 0.2112769807607526 0.35008123023710125 -0.28565762123571681 -0.34433657733464113 -0.31441876316514633 -0.36970346792455855 0.3017318841293315 0.24960360883388236 -0.12290550332027844 0.27633767138130949 -0.23262613127092166 0.046009090807745602 0.17679336556040895 0.26493217570866218 -0.035393874125789718 0.3393291566074903 0.16468871368498972 0 0 0 0 0 0 0 0 0 0 0 0 0 0 0 0 0 0 0 0 0 0 0 0 0 0.00049568050592951874 0 0 0 0 0 0 0 0 0 0 0 0 0 0 0 0 0 0 0 0 0 0 0 0 0 0 0 0 0 0 0 0 0 0 0 0 0 0 0 0 0 0 0 0 0 0 0 0 0 -0.3827360650071141 0 0 0 0 0 0 0 0 0 0 0 0 0 0 0 0 0 0 0 0 0 0 0 0 0 0 0 0 0 0 0 0 0 0 0 0 0 0 0 0 0 0 0 0 0 0 0 0 0 -0.92385759662607436 0 0 0 0 0 0 0 0 0 0 0 0 0 0 0 0 0 0 0 0 0 0 0 0 2 0 0
0.53452248382484879 1.3095800853708794 -0.20622176306591022 -0.088337768498701674 0.067531844121216891 0.010999348197393122 0.086460756839662173 0.16546305162334152 0.27244766142237581 0.31217627865606962 -0.019537922939281673 -0.091441212236095124 0.26884234368816895 0.37547261775559992 0.26712828844658604 0.38118282137613202 0.085159260902263959 0.26246701840125714 0.24644025482086018 -0.042954554954702309 -0.16066585746721157 -0.35628356291860785 -0.23218434270164778 0.3905275387579481 -0.22450011580320561 0.24032687151718407 0.16691037605170572 0.25756773522394288 0.39323238062039789 0.011764924810629119 -0.38884697719660777 0.10937284372383466 -0.26720531558480581 0.2112769807607526 0.35008123023710125 -0.28565762123571681 -0.34433657733464113 -0.31441876316514633 -0.36970346792455855 0.3017318841293315 0.24960360883388236 -0.12290550332027844 0.27633767138130949 -0.23262613127092166 0.046009090807745602 0.17679336556040895 0.26493217570866218 -0.035393874125789718 0.3393291566074903 0.16468871368498972 0 0 0 0 0 0 0 0 0 0 0 0 0 0 0 0 0 0 0 0 0 0 0 0 0 0 0.00049568050592951874 0 0 0 0 0 0 0 0 0 0 0 0 0 0 0 0 0 0 0 0 0 0 0 0 0 0 0 0 0 0 0 0 0 0 0 0 0 0 0 0 0 0 0 0 0 0 0 0 0 -0.3827360650071141 0 0 0 0 0 0 0 0 0 0 0 0 0 0 0 0 0 0 0 0 0 0 0 0 0 0 0 0 0 0 0 0 0 0 0 0 0 0 0 0 0 0 0 0 0 0 0 0 0 -0.92385759662607436 0 0 0 0 0 0 0 0 0 0 0 0 0 0 0 0 0 0 0 0 0 0 0 2 0 0
0.53452248382484879 1.3095800853708794 -0.20622176306591022 -0.088337768498701674 0.067531844121216891 0.010999348197393122 0.086460756839662173 0.16546305162334152 0.27244766142237581 0.31217627865606962 -0.019537922939281673 -0.091441212236095124 0.26884234368816895 0.37547261775559992 0.26712828844658604 0.38118282137613202 0.085159260902263959 0.26246701840125714 0.24644025482086018 -0.042954554954702309 -0.16066585746721157 -0.35628356291860785 -0.23218434270164778 0.3905275387579481 -0.22450011580320561 0.24032687151718407 0.16691037605170572 0.25756773522394288 0.39323238062039789 0.011764924810629119 -0.38884697719660777 0.10937284372383466 -0.26720531558480581 0.2112769807607526 0.35008123023710125 -0.28565762123571681 -0.34433657733464113 -0.31441876316514633 -0.36970346792455855 0.3017318841293315 0.24960360883388236 -0.12290550332027844 0.27633767138130949 -0.23262613127092166 0.046009090807745602 0.17679336556040895 0.26493217570866218 -0.035393874125789718 0.3393291566074903 0.16468871368498972 0 0 0 0 0 0 0 0 0 0 0 0 0 0 0 0 0 0 0 0 0 0 0 0 0 0 0 0.00049568050592951874 0 0 0 0 0 0 0 0 0 0 0 0 0 0 0 0 0 0 0 0 0 0 0 0 0 0 0 0 0 0 0 0 0 0 0 0 0 0 0 0 0 0 0 0 0 0 0 0 0 -0.3827360650071141 0 0 0 0 0 0 0 0 0 0 0 0 0 0 0 0 0 0 0 0 0 0 0 0 0 0 0 0 0 0 0 0 0 0 0 0 0 0 0 0 0 0 0 0 0 0 0 0 0 -0.92385759662607436 0 0 0 0 0 0 0 0 0 0 0 0 0 0 0 0 0 0 0 0 0 0 2 0 0
0.53452248382484879 1.3095800853708794 -0.20622176306591022 -0.088337768498701674 0.067531844121216891 0.010999348197393122 0.086460756839662173 0.16546305162334152 0.27244766142237581 0.31217627865606962 -0.019537922939281673 -0.091441212236095124 0.26884234368816895 0.37547261775559992 0.26712828844658604 0.38118282137613202 0.085159260902263959 0.26246701840125714 0.24644025482086018 -0.042954554954702309 -0.16066585746721157 -0.35628356291860785 -0.23218434270164778 0.3905275387579481 -0.22450011580320561 0.24032687151718407 0.16691037605170572 0.25756773522394288 0.39323238062039789 0.011764924810629119 -0.38884697719660777 0.10937284372383466 -0.26720531558480581 0.2112769807607526 0.35008123023710125 -0.28565762123571681 -0.34433657733464113 -0.31441876316514633 -0.36970346792455855 0.3017318841293315 0.24960360883388236 -0.12290550332027844 0.27633767138130949 -0.23262613127092166 0.046009090807745602 0.17679336556040895 0.26493217570866218 -0.035393874125789718 0.3393291566074903 0.16468871368498972 0 0 0 0 0 0 0 0 0 0 0 0 0 0 0 0 0 0 0 0 0 0 0 0 0 0 0 0 0.00049568050592951874 0 0 0 0 0 0 0 0 0 0 0 0 0 0 0 0 0 0 0 0 0 0 0 0 0 0 0 0 0 0 0 0 0 0 0 0 0 0 0 0 0 0 0 0 0 0 0 0 0 -0.3827360650071141 0 0 0 0 0 0 0 0 0 0 0 0 0 0 0 0 0 0 0 0 0 0 0 0 0 0 0 0 0 0 0 0 0 0 0 0 0 0 0 0 0 0 0 0 0 0 0 0 0 -0.92385759662607436 0 0 0 0 0 0 0 0 0 0 0 0 0 0 0 0 0 0 0 0 0 2 0 0
0.53452248382484879 1.3095800853708794 -0.20622176306591022 -0.088337768498701674 0.067531844121216891 0.010999348197393122 0.086460756839662173 0.16546305162334152 0.27244766142237581 0.31217627865606962 -0.019537922939281673 -0.091441212236095124 0.26884234368816895 0.37547261775559992 0.26712828844658604 0.38118282137613202 0.085159260902263959 0.26246701840125714 0.24644025482086018 -0.042954554954702309 -0.16066585746721157 -0.35628356291860785 -0.23218434270164778 0.3905275387579481 -0.22450011580320561 0.24032687151718407 0.16691037605170572 0.25756773522394288 0.39323238062039789 0.011764924810629119 -0.38884697719660777 0.10937284372383466 -0.26720531558480581 0.2112769807607526 0.35008123023710125 -0.28565762123571681 -0.34433657733464113 -0.31441876316514633 -0.36970346792455855 0.3017318841293315 0.24960360883388236 -0.12290550332027844 0.27633767138130949 -0.23262613127092166 0.046009090807745602 0.17679336556040895 0.26493217570866218 -0.035393874125789718 0.3393291566074903 0.16468871368498972 0 0 0 0 0 0 0 0 0 0 0 0 0 0 0 0 0 0 0 0 0 0 0 0 0 0 0 0 0 0.00049568050592951874 0 0 0 0 0 0 0 0 0 0 0 0 0 0 0 0 0 0 0 0 0 0 0 0 0 0 0 0 0 0 0 0 0 0 0 0 0 0 0 0 0 0 0 0 0 0 0 0 0 -0.3827360650071141 0 0 0 0 0 0 0 0 0 0 0 0 0 0 0 0 0 0 0 0 0 0 0 0 0 0 0 0 0 0 0 0 0 0 0 0 0 0 0 0 0 0 0 0 0 0 0 0 0 -0.92385759662607436 0 0 0 0 0 0 0 0 0 0 0 0 0 0 0 0 0 0 0 0 2 0 0
0.53452248382484879 1.3095800853708794 -0.20622176306591022 -0.088337768498701674 0.067531844121216891 0.010999348197393122 0.086460756839662173 0.16546305162334152 0.27244766142237581 0.31217627865606962 -0.019537922939281673 -0.091441212236095124 0.26884234368816895 0.37547261775559992 0.26712828844658604 0.38118282137613202 0.085159260902263959 0.26246701840125714 0.24644025482086018 -0.042954554954702309 -0.16066585746721157 -0.35628356291860785 -0.23218434270164778 0.3905275387579481 -0.22450011580320561 0.24032687151718407 0.16691037605170572 0.25756773522394288 0.39323238062039789 0.011764924810629119 -0.38884697719660777 0.10937284372383466 -0.26720531558480581 0.2112769807607526 0.35008123023710125 -0.28565762123571681 -0.34433657733464113 -0.31441876316514633 -0.36970346792455855 0.3017318841293315 0.24960360883388236 -0.12290550332027844 0.27633767138130949 -0.23262613127092166 0.046009090807745602 0.17679336556040895 0.26493217570866218 -0.035393874125789718 0.3393291566074903 0.16468871368498972 0 0 0 0 0 0 0 0 0 0 0 0 0 0 0 0 0 0 0 0 0 0 0 0 0 0 0 0 0 0 0.00049568050592951874 0 0 0 0 0 0 0 0 0 0 0 0 0 0 0 0 0 0 0 0 0 0 0 0 0 0 0 0 0 0 0 0 0 0 0 0 0 0 0 0 0 0 0 0 0 0 0 0 0 -0.3827360650071141 0 0 0 0 0 0 0 0 0 0 0 0 0 0 0 0 0 0 0 0 0 0 0 0 0 0 0 0 0 0 0 0 0 0 0 0 0 0 0 0 0 0 0 0 0 0 0 0 0 -0.92385759662607436 0 0 0 0 0 0 0 0 0 0 0 0 0 0 0 0 0 0 0 2 0 0
0.53452248382484879 1.3095800853708794 -0.20622176306591022 -0.088337768498701674 0.067531844121216891 0.010999348197393122 0.086460756839662173 0.16546305162334152 0.27244766142237581 0.31217627865606962 -0.019537922939281673 -0.091441212236095124 0.26884234368816895 0.37547261775559992 0.26712828844658604 0.38118282137613202 0.085159260902263959 0.26246701840125714 0.24644025482086018 -0.042954554954702309 -0.16066585746721157 -0.35628356291860785 -0.23218434270164778 0.3905275387579481 -0.22450011580320561 0.24032687151718407 0.16691037605170572 0.25756773522394288 0.39323238062039789 0.011764924810629119 -0.38884697719660777 0.10937284372383466 -0.26720531558480581 0.2112769807607526 0.35008123023710125 -0.28565762123571681 -0.34433657733464113 -0.31441876316514633 -0.36970346792455855 0.3017318841293315 0.24960360883388236 -0.12290550332027844 0.27633767138130949 -0.23262613127092166 0.046009090807745602 0.17679336556040895 0.26493217570866218 -0.035393874125789718 0.3393291566074903 0.16468871368498972 0 0 0 0 0 0 0 0 0 0 0 0 0 0 0 0 0 0 0 0 0 0 0 0 0 0 0 0 0 0 0 0.00049568050592951874 0 0 0 0 0 0 0 0 0 0 0 0 0 0 0 0 0 0 0 0 0 0 0 0 0 0 0 0 0 0 0 0 0 0 0 0 0 0 0 0 0 0 0 0 0 0 0 0 0 -0.3827360650071141 0 0 0 0 0 0 0 0 0 0 0 0 0 0 0 0 0 0 0 0 0 0 0 0 0 0 0 0 0 0 0 0 0 0 0 0 0 0 0 0 0 0 0 0 0 0 0 0 0 -0.92385759662607436 0 0 0 0 0 0 0 0 0 0 0 0 0 0 0 0 0 0 2 0 0
0.53452248382484879 1.3095800853708794 -0.20622176306591022 -0.088337768498701674 0.067531844121216891 0.010999348197393122 0.086460756839662173 0.16546305162334152 0.27244766142237581 0.31217627865606962 -0.019537922939281673 -0.091441212236095124 0.26884234368816895 0.37547261775559992 0.26712828844658604 0.38118282137613202 0.085159260902263959 0.26246701840125714 0.24644025482086018 -0.042954554954702309 -0.16066585746721157 -0.35628356291860785 -0.23218434270164778 0.3905275387579481 -0.22450011580320561 0.24032687151718407 0.16691037605170572 0.25756773522394288 0.39323238062039789 0.011764924810629119 -0.38884697719660777 0.10937284372383466 -0.26720531558480581 0.2112769807607526 0.35008123023710125 -0.28565762123571681 -0.34433657733464113 -0.31441876316514633 -0.36970346792455855 0.3017318841293315 0.24960360883388236 -0.12290550332027844 0.27633767138130949 -0.23262613127092166 0.046009090807745602 0.17679336556040895 0.26493217570866218 -0.035393874125789718 0.3393291566074903 0.16468871368498972 0 0 0 0 0 0 0 0 0 0 0 0 0 0 0 0 0 0 0 0 0 0 0 0 0 0 0 0 0 0 0 0 0.00049568050592951874 0 0 0 0 0 0 0 0 0 0 0 0 0 0 0 0 0 0 0 0 0 0 0 0 0 0 0 0 0 0 0 0 0 0 0 0 0 0 0 0 0 0 0 0 0 0 0 0 0 -0.3827360650071141 0 0 0 0 0 0 0 0 0 0 0 0 0 0 0 0 0 0 0 0 0 0 0 0 0 0 0 0 0 0 0 0 0 0 0 0 0 0 0 0 0 0 0 0 0 0 0 0 0 -0.92385759662607436 0 0 0 0 0 0 0 0 0 0 0 0 0 0 0 0 0 2 0 0
0.53452248382484879 1.3095800853708794 -0.20622176306591022 -0.088337768498701674 0.067531844121216891 0.010999348197393122 0.086460756839662173 0.16546305162334152 0.27244766142237581 0.31217627865606962 -0.019537922939281673 -0.091441212236095124 0.26884234368816895 0.37547261775559992 0.26712828844658604 0.38118282137613202 0.085159260902263959 0.26246701840125714 0.24644025482086018 -0.042954554954702309 -0.16066585746721157 -0.35628356291860785 -0.23218434270164778 0.3905275387579481 -0.22450011580320561 0.24032687151718407 0.16691037605170572 0.25756773522394288 0.39323238062039789 0.011764924810629119 -0.38884697719660777 0.10937284372383466 -0.26720531558480581 0.2112769807607526 0.35008123023710125 -0.28565762123571681 -0.34433657733464113 -0.31441876316514633 -0.36970346792455855 0.3017318841293315 0.24960360883388236 -0.12290550332027844 0.27633767138130949 -0.23262613127092166 0.046009090807745602 0.17679336556040895 0.26493217570866218 -0.035393874125789718 0.3393291566074903 0.16468871368498972 0 0 0 0 0 0 0 0 0 0 0 0 0 0 0 0 0 0 0 0 0 0 0 0 0 0 0 0 0 0 0 0 0 0.00049568050592951874 0 0 0 0 0 0 0 0 0 0 0 0 0 0 0 0 0 0 0 0 0 0 0 0 0 0 0 0 0 0 0 0 0 0 0 0 0 0 0 0 0 0 0 0 0 0 0 0 0 -0.3827360650071141 0 0 0 0 0 0 0 0 0 0 0 0 0 0 0 0 0 0 0 0 0 0 0 0 0 0 0 0 0 0 0 0 0 0 0 0 0 0 0 0 0 0 0 0 0 0 0 0 0 -0.92385759662607436 0 0 0 0 0 0 0 0 0 0 0 0 0 0 0 0 2 0 0
0.53452248382484879 1.3095800853708794 -0.20622176306591022 -0.088337768498701674 0.067531844121216891 0.010999348197393122 0.086460756839662173 0.16546305162334152 0.27244766142237581 0.31217627865606962 -0.019537922939281673 -0.091441212236095124 0.26884234368816895 0.37547261775559992 0.26712828844658604 0.38118282137613202 0.085159260902263959 0.26246701840125714 0.24644025482086018 -0.042954554954702309 -0.16066585746721157 -0.35628356291860785 -0.23218434270164778 0.3905275387579481 -0.22450011580320561 0.24032687151718407 0.16691037605170572 0.25756773522394288 0.39323238062039789 0.011764924810629119 -0.38884697719660777 0.10937284372383466 -0.26720531558480581 0.2112769807607526 0.35008123023710125 -0.28565762123571681 -0.34433657733464113 -0.31441876316514633 -0.36970346792455855 0.3017318841293315 0.24960360883388236 -0.12290550332027844 0.27633767138130949 -0.23262613127092166 0.046009090807745602 0.17679336556040895 0.26493217570866218 -0.035393874125789718 0.3393291566074903 0.16468871368498972 0 0 0 0 0 0 0 0 0 0 0 0 0 0 0 0 0 0 0 0 0 0 0 0 0 0 0 0 0 0 0 0 0 0 0.00049568050592951874 0 0 0 0 0 0 0 0 0 0 0 0 0 0 0 0 0 0 0 0 0 0 0 0 0 0 0 0 0 0 0 0 0 0 0 0 0 0 0 0 0 0 0 0 0 0 0 0 0 -0.3827360650071141 0 0 0 0 0 0 0 0 0 0 0 0 0 0 0 0 0 0 0 0 0 0 0 0 0 0 0 0 0 0 0 0 0 0 0 0 0 0 0 0 0 0 0 0 0 0 0 0 0 -0.92385759662607436 0 0 0 0 0 0 0 0 0 0 0 0 0 0 0 2 0 0
0.53452248382484879 1.3095800853708794 -0.20622176306591022 -0.088337768498701674 0.067531844121216891 0.010999348197393122 0.086460756839662173 0.16546305162334152 0.27244766142237581 0.31217627865606962 -0.019537922939281673 -0.091441212236095124 0.26884234368816895 0.37547261775559992 0.26712828844658604 0.38118282137613202 0.085159260902263959 0.26246701840125714 0.24644025482086018 -0.042954554954702309 -0.16066585746721157 -0.35628356291860785 -0.23218434270164778 0.3905275387579481 -0.22450011580320561 0.24032687151718407 0.16691037605170572 0.25756773522394288 0.39323238062039789 0.011764924810629119 -0.38884697719660777 0.10937284372383466 -0.26720531558480581 0.2112769807607526 0.35008123023710125 -0.28565762123571681 -0.34433657733464113 -0.31441876316514633 -0.36970346792455855 0.3017318841293315 0.24960360883388236 -0.12290550332027844 0.27633767138130949 -0.23262613127092166 0.046009090807745602 0.17679336556040895 0.26493217570866218 -0.035393874125789718 0.3393291566074903 0.16468871368498972 0 0 0 0 0 0 0 0 0 0 0 0 0 0 0 0 0 0 0 0 0 0 0 0 0 0 0 0 0 0 0 0 0 0 0 0.00049568050592951874 0 0 0 0 0 0 0 0 0 0 0 0 0 0 0 0 0 0 0 0 0 0 0 0 0 0 0 0 0 0 0 0 0 0 0 0 0 0 0 0 0 0 0 0 0 0 0 0 0 -0.3827360650071141 0 0 0 0 0 0 0 0 0 0 0 0 0 0 0 0 0 0 0 0 0 0 0 0 0 0 0 0 0 0 0 0 0 0 0 0 0 0 0 0 0 0 0 0 0 0 0 0 0 -0.92385759662607436 0 0 0 0 0 0 0 0 0 0 0 0 0 0 2 0 0
0.53452248382484879 1.3095800853708794 -0.20622176306591022 -0.088337768498701674 0.067531844121216891 0.010999348197393122 0.086460756839662173 0.16546305162334152 0.27244766142237581 0.31217627865606962 -0.019537922939281673 -0.091441212236095124 0.26884234368816895 0.37547261775559992 0.26712828844658604 0.38118282137613202 0.085159260902263959 0.26246701840125714 0.24644025482086018 -0.042954554954702309 -0.16066585746721157 -0.35628356291860785 -0.23218434270164778 0.3905275387579481 -0.22450011580320561 0.24032687151718407 0.16691037605170572 0.25756773522394288 0.39323238062039789 0.011764924810629119 -0.38884697719660777 0.10937284372383466 -0.26720531558480581 0.2112769807607526 0.35008123023710125 -0.28565762123571681 -0.34433657733464113 -0.31441876316514633 -0.36970346792455855 0.3017318841293315 0.24960360883388236 -0.12290550332027844 0.27633767138130949 -0.23262613127092166 0.046009090807745602 0.17679336556040895 0.26493217570866218 -0.035393874125789718 0.3393291566074903 0.16468871368498972 0 0 0 0 0 0 0 0 0 0 0 0 0 0 0 0 0 0 0 0 0 0 0 0 0 0 0 0 0 0 0 0 0 0 0 0 0.00049568050592951874 0 0 0 0 0 0 0 0 0 0 0 0 0 0 0 0 0 0 0 0 0 0 0 0 0 0 0 0 0 0 0 0 0 0 0 0 0 0 0 0 0 0 0 0 0 0 0 0 0 -0.3827360650071141 0 0 0 0 0 0 0 0 0 0 0 0 0 0 0 0 0 0 0 0 0 0 0 0 0 0 0 0 0 0 0 0 0 0 0 0 0 0 0 0 0 0 0 0 0 0 0 0 0 -0.92385759662607436 0 0 0 0 0 0 0 0 0 0 0 0 0 2 0 0
0.53452248382484879 1.3095800853708794 -0.20622176306591022 -0.088337768498701674 0.067531844121216891 0.010999348197393122 0.086460756839662173 0.16546305162334152 0.27244766142237581 0.31217627865606962 -0.019537922939281673 -0.091441212236095124 0.26884234368816895 0.37547261775559992 0.26712828844658604 0.38118282137613202 0.085159260902263959 0.26246701840125714 0.24644025482086018 -0.042954554954702309 -0.16066585746721157 -0.35628356291860785 -0.23218434270164778 0.3905275387579481 -0.22450011580320561 0.24032687151718407 0.16691037605170572 0.25756773522394288 0.39323238062039789 0.011764924810629119 -0.38884697719660777 0.10937284372383466 -0.26720531558480581 0.2112769807607526 0.35008123023710125 -0.28565762123571681 -0.34433657733464113 -0.31441876316514633 -0.36970346792455855 0.3017318841293315 0.24960360883388236 -0.12290550332027844 0.27633767138130949 -0.23262613127092166 0.046009090807745602 0.17679336556040895 0.26493217570866218 -0.035393874125789718 0.3393291566074903 0.16468871368498972 0 0 0 0 0 0 0 0 0 0 0 0 0 0 0 0 0 0 0 0 0 0 0 0 0 0 0 0 0 0 0 0 0 0 0 0 0 0.00049568050592951874 0 0 0 0 0 0 0 0 0 0 0 0 0 0 0 0 0 0 0 0 0 0 0 0 0 0 0 0 0 0 0 0 0 0 0 0 0 0 0 0 0 0 0 0 0 0 0 0 0 -0.3827360650071141 0 0 0 0 0 0 0 0 0 0 0 0 0 0 0 0 0 0 0 0 0 0 0 0 0 0 0 0 0 0 0 0 0 0 0 0 0 0 0 0 0 0 0 0 0 0 0 0 0 -0.92385759662607436 0 0 0 0 0 0 0 0 0 0 0 0 2 0 0
0.53452248382484879 1.3095800853708794 -0.20622176306591022 -0.088337768498701674 0.067531844121216891 0.010999348197393122 0.086460756839662173 0.16546305162334152 0.27244766142237581 0.31217627865606962 -0.019537922939281673 -0.091441212236095124 0.26884234368816895 0.37547261775559992 0.26712828844658604 0.38118282137613202 0.085159260902263959 0.26246701840125714 0.24644025482086018 -0.042954554954702309 -0.16066585746721157 -0.35628356291860785 -0.23218434270164778 0.3905275387579481 -0.22450011580320561 0.24032687151718407 0.16691037605170572 0.25756773522394288 0.39323238062039789 0.011764924810629119 -0.38884697719660777 0.10937284372383466 -0.26720531558480581 0.2112769807607526 0.35008123023710125 -0.28565762123571681 -0.34433657733464113 -0.31441876316514633 -0.36970346792455855 0.3017318841293315 0.24960360883388236 -0.12290550332027844 0.27633767138130949 -0.23262613127092166 0.046009090807745602 0.17679336556040895 0.26493217570866218 -0.035393874125789718 0.3393291566074903 0.16468871368498972 0 0 0 0 0 0 0 0 0 0 0 0 0 0 0 0 0 0 0 0 0 0 0 0 0 0 0 0 0 0 0 0 0 0 0 0 0 0 0.00049568050592951874 0 0 0 0 0 0 0 0 0 0 0 0 0 0 0 0 0 0 0 0 0 0 0 0 0 0 0 0 0 0 0 0 0 0 0 0 0 0 0 0 0 0 0 0 0 0 0 0 0 -0.3827360650071141 0 0 0 0 0 0 0 0 0 0 0 0 0 0 0 0 0 0 0 0 0 0 0 0 0 0 0 0 0 0 0 0 0 0 0 0 0 0 0 0 0 0 0 0 0 0 0 0 0 -0.92385759662607436 0 0 0 0 0 0 0 0 0 0 0 2 0 0
0.53452248382484879 1.3095800853708794 -0.20622176306591022 -0.088337768498701674 0.067531844121216891 0.010999348197393122 0.086460756839662173 0.16546305162334152 0.27244766142237581 0.31217627865606962 -0.019537922939281673 -0.091441212236095124 0.26884234368816895 0.37547261775559992 0.26712828844658604 0.38118282137613202 0.085159260902263959 0.26246701840125714 0.24644025482086018 -0.042954554954702309 -0.16066585746721157 -0.35628356291860785 -0.23218434270164778 0.3905275387579481 -0.22450011580320561 0.24032687151718407 0.16691037605170572 0.25756773522394288 0.39323238062039789 0.011764924810629119 -0.38884697719660777 0.10937284372383466 -0.26720531558480581 0.2112769807607526 0.35008123023710125 -0.28565762123571681 -0.34433657733464113 -0.31441876316514633 -0.36970346792455855 0.3017318841293315 0.24960360883388236 -0.12290550332027844 0.27633767138130949 -0.23262613127092166 0.046009090807745602 0.17679336556040895 0.26493217570866218 -0.035393874125789718 0.3393291566074903 0.16468871368498972 0 0 0 0 0 0 0 0 0 0 0 0 0 0 0 0 0 0 0 0 0 0 0 0 0 0 0 0 0 0 0 0 0 0 0 0 0 0 0 0.00049568050592951874 0 0 0 0 0 0 0 0 0 0 0 0 0 0 0 0 0 0 0 0 0 0 0 0 0 0 0 0 0 0 0 0 0 0 0 0 0 0 0 0 0 0 0 0 0 0 0 0 0 -0.3827360650071141 0 0 0 0 0 0 0 0 0 0 0 0 0 0 0 0 0 0 0 0 0 0 0 0 0 0 0 0 0 0 0 0 0 0 0 0 0 0 0 0 0 0 0 0 0 0 0 0 0 -0.92385759662607436 0 0 0 0 0 0 0 0 0 0 2 0 0
0.53452248382484879 1.3095800853708794 -0.20622176306591022 -0.088337768498701674 0.067531844121216891 0.010999348197393122 0.086460756839662173 0.16546305162334152 0.27244766142237581 0.31217627865606962 -0.019537922939281673 -0.091441212236095124 0.26884234368816895 0.37547261775559992 0.26712828844658604 0.38118282137613202 0.085159260902263959 0.26246701840125714 0.24644025482086018 -0.042954554954702309 -0.16066585746721157 -0.35628356291860785 -0.23218434270164778 0.3905275387579481 -0.22450011580320561 0.24032687151718407 0.16691037605170572 0.25756773522394288 0.39323238062039789 0.011764924810629119 -0.38884697719660777 0.10937284372383466 -0.26720531558480581 0.2112769807607526 0.35008123023710125 -0.28565762123571681 -0.34433657733464113 -0.31441876316514633 -0.36970346792455855 0.3017318841293315 0.24960360883388236 -0.12290550332027844 0.27633767138130949 -0.23262613127092166 0.046009090807745602 0.17679336556040895 0.26493217570866218 -0.035393874125789718 0.3393291566074903 0.16468871368498972 0 0 0 0 0 0 0 0 0 0 0 0 0 0 0 0 0 0 0 0 0 0 0 0 0 0 0 0 0 0 0 0 0 0 0 0 0 0 0 0 0.00049568050592951874 0 0 0 0 0 0 0 0 0 0 0 0 0 0 0 0 0 0 0 0 0 0 0 0 0 0 0 0 0 0 0 0 0 0 0 0 0 0 0 0 0 0 0 0 0 0 0 0 0 -0.3827360650071141 0 0 0 0 0 0 0 0 0 0 0 0 0 0 0 0 0 0 0 0 0 0 0 0 0 0 0 0 0 0 0 0 0 0 0 0 0 0 0 0 0 0 0 0 0 0 0 0 0 -0.92385759662607436 0 0 0 0 0 0 0 0 0 2 0 0
0.53452248382484879 1.3095800853708794 -0.20622176306591022 -0.088337768498701674 0.067531844121216891 0.010999348197393122 0.086460756839662173 0.16546305162334152 0.27244766142237581 0.31217627865606962 -0.019537922939281673 -0.091441212236095124 0.26884234368816895 0.37547261775559992 0.26712828844658604 0.38118282137613202 0.085159260902263959 0.26246701840125714 0.24644025482086018 -0.042954554954702309 -0.16066585746721157 -0.35628356291860785 -0.23218434270164778 0.3905275387579481 -0.22450011580320561 0.24032687151718407 0.16691037605170572 0.25756773522394288 0.39323238062039789 0.011764924810629119 -0.38884697719660777 0.10937284372383466 -0.26720531558480581 0.2112769807607526 0.35008123023710125 -0.28565762123571681 -0.34433657733464113 -0.31441876316514633 -0.36970346792455855 0.3017318841293315 0.24960360883388236 -0.12290550332027844 0.27633767138130949 -0.23262613127092166 0.046009090807745602 0.17679336556040895 0.26493217570866218 -0.035393874125789718 0.3393291566074903 0.16468871368498972 0 0 0 0 0 0 0 0 0 0 0 0 0 0 0 0 0 0 0 0 0 0 0 0 0 0 0 0 0 0 0 0 0 0 0 0 0 0 0 0 0 0.00049568050592951874 0 0 0 0 0 0 0 0 0 0 0 0 0 0 0 0 0 0 0 0 0 0 0 0 0 0 0 0 0 0 0 0 0 0 0 0 0 0 0 0 0 0 0 0 0 0 0 0 0 -0.3827360650071141 0 0 0 0 0 0 0 0 0 0 0 0 0 0 0 0 0 0 0 0 0 0 0 0 0 0 0 0 0 0 0 0 0 0 0 0 0 0 0 0 0 0 0 0 0 0 0 0 0 -0.92385759662607436 0 0 0 0 0 0 0 0 2 0 0
0.53452248382484879 1.3095800853708794 -0.20622176306591022 -0.088337768498701674 0.067531844121216891 0.010999348197393122 0.086460756839662173 0.16546305162334152 0.27244766142237581 0.31217627865606962 -0.019537922939281673 -0.091441212236095124 0.26884234368816895 0.37547261775559992 0.26712828844658604 0.38118282137613202 0.085159260902263959 0.26246701840125714 0.24644025482086018 -0.042954554954702309 -0.16066585746721157 -0.35628356291860785 -0.23218434270164778 0.3905275387579481 -0.22450011580320561 0.24032687151718407 0.16691037605170572 0.25756773522394288 0.39323238062039789 0.011764924810629119 -0.38884697719660777 0.10937284372383466 -0.26720531558480581 0.2112769807607526 0.35008123023710125 -0.28565762123571681 -0.34433657733464113 -0.31441876316514633 -0.36970346792455855 0.3017318841293315 0.24960360883388236 -0.12290550332027844 0.27633767138130949 -0.23262613127092166 0.046009090807745602 0.17679336556040895 0.26493217570866218 -0.035393874125789718 0.3393291566074903 0.16468871368498972 0 0 0 0 0 0 0 0 0 0 0 0 0 0 0 0 0 0 0 0 0 0 0 0 0 0 0 0 0 0 0 0 0 0 0 0 0 0 0 0 0 0 0.00049568050592951874 0 0 0 0 0 0 0 0 0 0 0 0 0 0 0 0 0 0 0 0 0 0 0 0 0 0 0 0 0 0 0 0 0 0 0 0 0 0 0 0 0 0 0 0 0 0 0 0 0 -0.3827360650071141 0 0 0 0 0 0 0 0 0 0 0 0 0 0 0 0 0 0 0 0 0 0 0 0 0 0 0 0 0 0 0 0 0 0 0 0 0 0 0 0 0 0 0 0 0 0 0 0 0 -0.92385759662607436 0 0 0 0 0 0 0 2 0 0
0.53452248382484879 1.3095800853708794 -0.20622176306591022 -0.088337768498701674 0.067531844121216891 0.010999348197393122 0.086460756839662173 0.16546305162334152 0.27244766142237581 0.31217627865606962 -0.019537922939281673 -0.091441212236095124 0.26884234368816895 0.37547261775559992 0.26712828844658604 0.38118282137613202 0.085159260902263959 0.26246701840125714 0.24644025482086018 -0.042954554954702309 -0.16066585746721157 -0.35628356291860785 -0.23218434270164778 0.3905275387579481 -0.22450011580320561 0.24032687151718407 0.16691037605170572 0.25756773522394288 0.39323238062039789 0.011764924810629119 -0.38884697719660777 0.10937284372383466 -0.26720531558480581 0.2112769807607526 0.35008123023710125 -0.28565762123571681 -0.34433657733464113 -0.31441876316514633 -0.36970346792455855 0.3017318841293315 0.24960360883388236 -0.12290550332027844 0.27633767138130949 -0.23262613127092166 0.046009090807745602 0.17679336556040895 0.26493217570866218 -0.035393874125789718 0.3393291566074903 0.16468871368498972 0 0 0 0 0 0 0 0 0 0 0 0 0 0 0 0 0 0 0 0 0 0 0 0 0 0 0 0 0 0 0 0 0 0 0 0 0 0 0 0 0 0 0 0.00049568050592951874 0 0 0 0 0 0 0 0 0 0 0 0 0 0 0 0 0 0 0 0 0 0 0 0 0 0 0 0 0 0 0 0 0 0 0 0 0 0 0 0 0 0 0 0 0 0 0 0 0 -0.3827360650071141 0 0 0 0 0 0 0 0 0 0 0 0 0 0 0 0 0 0 0 0 0 0 0 0 0 0 0 0 0 0 0 0 0 0 0 0 0 0 0 0 0 0 0 0 0 0 0 0 0 -0.92385759662607436 0 0 0 0 0 0 2 0 0
0.53452248382484879 1.3095800853708794 -0.20622176306591022 -0.088337768498701674 0.067531844121216891 0.010999348197393122 0.086460756839662173 0.16546305162334152 0.27244766142237581 0.31217627865606962 -0.019537922939281673 -0.091441212236095124 0.26884234368816895 0.37547261775559992 0.26712828844658604 0.38118282137613202 0.085159260902263959 0.26246701840125714 0.24644025482086018 -0.042954554954702309 -0.16066585746721157 -0.35628356291860785 -0.23218434270164778 0.3905275387579481 -0.22450011580320561 0.24032687151718407 0.16691037605170572 0.25756773522394288 0.39323238062039789 0.011764924810629119 -0.38884697719660777 0.10937284372383466 -0.26720531558480581 0.2112769807607526 0.35008123023710125 -0.28565762123571681 -0.34433657733464113 -0.31441876316514633 -0.36970346792455855 0.3017318841293315 0.24960360883388236 -0.12290550332027844 0.27633767138130949 -0.23262613127092166 0.046009090807745602 0.17679336556040895 0.26493217570866218 -0.035393874125789718 0.3393291566074903 0.16468871368498972 0 0 0 0 0 0 0 0 0 0 0 0 0 0 0 0 0 0 0 0 0 0 0 0 0 0 0 0 0 0 0 0 0 0 0 0 0 0 0 0 0 0 0 0 0.00049568050592951874 0 0 0 0 0 0 0 0 0 0 0 0 0 0 0 0 0 0 0 0 0 0 0 0 0 0 0 0 0 0 0 0 0 0 0 0 0 0 0 0 0 0 0 0 0 0 0 0 0 -0.3827360650071141 0 0 0 0 0 0 0 0 0 0 0 0 0 0 0 0 0 0 0 0 0 0 0 0 0 0 0 0 0 0 0 0 0 0 0 0 0 0 0 0 0 0 0 0 0 0 0 0 0 -0.92385759662607436 0 0 0 0 0 2 0 0
0.53452248382484879 1.3095800853708794 -0.20622176306591022 -0.088337768498701674 0.067531844121216891 0.010999348197393122 0.086460756839662173 0.16546305162334152 0.27244766142237581 0.31217627865606962 -0.019537922939281673 -0.091441212236095124 0.26884234368816895 0.37547261775559992 0.26712828844658604 0.38118282137613202 0.085159260902263959 0.26246701840125714 0.24644025482086018 -0.042954554954702309 -0.16066585746721157 -0.35628356291860785 -0.23218434270164778 0.3905275387579481 -0.22450011580320561 0.24032687151718407 0.16691037605170572 0.25756773522394288 0.39323238062039789 0.011764924810629119 -0.38884697719660777 0.10937284372383466 -0.26720531558480581 0.2112769807607526 0.35008123023710125 -0.28565762123571681 -0.34433657733464113 -0.31441876316514633 -0.36970346792455855 0.3017318841293315 0.24960360883388236 -0.12290550332027844 0.27633767138130949 -0.23262613127092166 0.046009090807745602 0.17679336556040895 0.26493217570866218 -0.035393874125789718 0.3393291566074903 0.16468871368498972 0 0 0 0 0 0 0 0 0 0 0 0 0 0 0 0 0 0 0 0 0 0 0 0 0 0 0 0 0 0 0 0 0 0 0 0 0 0 0 0 0 0 0 0 0 0.00049568050592951874 0 0 0 0 0 0 0 0 0 0 0 0 0 0 0 0 0 0 0 0 0 0 0 0 0 0 0 0 0 0 0 0 0 0 0 0 0 0 0 0 0 0 0 0 0 0 0 0 0 -0.3827360650071141 0 0 0 0 0 0 0 0 0 0 0 0 0 0 0 0 0 0 0 0 0 0 0 0 0 0 0 0 0 0 0 0 0 0 0 0 0 0 0 0 0 0 0 0 0 0 0 0 0 -0.92385759662607436 0 0 0 0 2 0 0
0.53452248382484879 1.3095800853708794 -0.20622176306591022 -0.088337768498701674 0.067531844121216891 0.010999348197393122 0.086460756839662173 0.16546305162334152 0.27244766142237581 0.31217627865606962 -0.019537922939281673 -0.091441212236095124 0.26884234368816895 0.37547261775559992 0.26712828844658604 0.38118282137613202 0.085159260902263959 0.26246701840125714 0.24644025482086018 -0.042954554954702309 -0.16066585746721157 -0.35628356291860785 -0.23218434270164778 0.3905275387579481 -0.22450011580320561 0.24032687151718407 0.16691037605170572 0.25756773522394288 0.39323238062039789 0.011764924810629119 -0.38884697719660777 0.10937284372383466 -0.26720531558480581 0.2112769807607526 0.35008123023710125 -0.28565762123571681 -0.34433657733464113 -0.31441876316514633 -0.36970346792455855 0.3017318841293315 0.24960360883388236 -0.12290550332027844 0.27633767138130949 -0.23262613127092166 0.046009090807745602 0.17679336556040895 0.26493217570866218 -0.035393874125789718 0.3393291566074903 0.16468871368498972 0 0 0 0 0 0 0 0 0 0 0 0 0 0 0 0 0 0 0 0 0 0 0 0 0 0 0 0 0 0 0 0 0 0 0 0 0 0 0 0 0 0 0 0 0 0 0.00049568050592951874 0 0 0 0 0 0 0 0 0 0 0 0 0 0 0 0 0 0 0 0 0 0 0 0 0 0 0 0 0 0 0 0 0 0 0 0 0 0 0 0 0 0 0 0 0 0 0 0 0 -0.3827360650071141 0 0 0 0 0 0 0 0 0 0 0 0 0 0 0 0 0 0 0 0 0 0 0 0 0 0 0 0 0 0 0 0 0 0 0 0 0 0 0 0 0 0 0 0 0 0 0 0 0 -0.92385759662607436 0 0 0 2 0 0
0.53452248382484879 1.3095800853708794 -0.20622176306591022 -0.088337768498701674 0.067531844121216891 0.010999348197393122 0.086460756839662173 0.16546305162334152 0.27244766142237581 0.31217627865606962 -0.019537922939281673 -0.091441212236095124 0.26884234368816895 0.37547261775559992 0.26712828844658604 0.38118282137613202 0.085159260902263959 0.26246701840125714 0.24644025482086018 -0.042954554954702309 -0.16066585746721157 -0.35628356291860785 -0.23218434270164778 0.3905275387579481 -0.22450011580320561 0.24032687151718407 0.16691037605170572 0.25756773522394288 0.39323238062039789 0.011764924810629119 -0.38884697719660777 0.10937284372383466 -0.26720531558480581 0.2112769807607526 0.35008123023710125 -0.28565762123571681 -0.34433657733464113 -0.31441876316514633 -0.36970346792455855 0.3017318841293315 0.24960360883388236 -0.12290550332027844 0.27633767138130949 -0.23262613127092166 0.046009090807745602 0.17679336556040895 0.26493217570866218 -0.035393874125789718 0.3393291566074903 0.16468871368498972 0 0 0 0 0 0 0 0 0 0 0 0 0 0 0 0 0 0 0 0 0 0 0 0 0 0 0 0 0 0 0 0 0 0 0 0 0 0 0 0 0 0 0 0 0 0 0 0.00049568050592951874 0 0 0 0 0 0 0 0 0 0 0 0 0 0 0 0 0 0 0 0 0 0 0 0 0 0 0 0 0 0 0 0 0 0 0 0 0 0 0 0 0 0 0 0 0 0 0 0 0 -0.3827360650071141 0 0 0 0 0 0 0 0 0 0 0 0 0 0 0 0 0 0 0 0 0 0 0 0 0 0 0 0 0 0 0 0 0 0 0 0 0 0 0 0 0 0 0 0 0 0 0 0 0 -0.92385759662607436 0 0 2 0 0
0.53452248382484879 1.3095800853708794 -0.20622176306591022 -0.088337768498701674 0.067531844121216891 0.010999348197393122 0.086460756839662173 0.16546305162334152 0.27244766142237581 0.31217627865606962 -0.019537922939281673 -0.091441212236095124 0.26884234368816895 0.37547261775559992 0.26712828844658604 0.38118282137613202 0.085159260902263959 0.26246701840125714 0.24644025482086018 -0.042954554954702309 -0.16066585746721157 -0.35628356291860785 -0.23218434270164778 0.3905275387579481 -0.22450011580320561 0.24032687151718407 0.16691037605170572 0.25756773522394288 0.39323238062039789 0.011764924810629119 -0.38884697719660777 0.10937284372383466 -0.26720531558480581 0.2112769807607526 0.35008123023710125 -0.28565762123571681 -0.34433657733464113 -0.31441876316514633 -0.36970346792455855 0.3017318841293315 0.24960360883388236 -0.12290550332027844 0.27633767138130949 -0.23262613127092166 0.046009090807745602 0.17679336556040895 0.26493217570866218 -0.035393874125789718 0.3393291566074903 0.16468871368498972 0 0 0 0 0 0 0 0 0 0 0 0 0 0 0 0 0 0 0 0 0 0 0 0 0 0 0 0 0 0 0 0 0 0 0 0 0 0 0 0 0 0 0 0 0 0 0 0 0.00049568050592951874 0 0 0 0 0 0 0 0 0 0 0 0 0 0 0 0 0 0 0 0 0 0 0 0 0 0 0 0 0 0 0 0 0 0 0 0 0 0 0 0 0 0 0 0 0 0 0 0 0 -0.3827360650071141 0 0 0 0 0 0 0 0 0 0 0 0 0 0 0 0 0 0 0 0 0 0 0 0 0 0 0 0 0 0 0 0 0 0 0 0 0 0 0 0 0 0 0 0 0 0 0 0 0 -0.92385759662607436 0 2 0 0
0.53452248382484879 1.3095800853708794 -0.20622176306591022 -0.088337768498701674 0.067531844121216891 0.010999348197393122 0.086460756839662173 0.16546305162334152 0.27244766142237581 0.31217627865606962 -0.019537922939281673 -0.091441212236095124 0.26884234368816895 0.37547261775559992 0.26712828844658604 0.38118282137613202 0.085159260902263959 0.26246701840125714 0.24644025482086018 -0.042954554954702309 -0.16066585746721157 -0.35628356291860785 -0.23218434270164778 0.3905275387579481 -0.22450011580320561 0.24032687151718407 0.16691037605170572 0.25756773522394288 0.39323238062039789 0.011764924810629119 -0.38884697719660777 0.10937284372383466 -0.26720531558480581 0.2112769807607526 0.35008123023710125 -0.28565762123571681 -0.34433657733464113 -0.31441876316514633 -0.36970346792455855 0.3017318841293315 0.24960360883388236 -0.12290550332027844 0.27633767138130949 -0.23262613127092166 0.046009090807745602 0.17679336556040895 0.26493217570866218 -0.035393874125789718 0.3393291566074903 0.16468871368498972 0 0 0 0 0 0 0 0 0 0 0 0 0 0 0 0 0 0 0 0 0 0 0 0 0 0 0 0 0 0 0 0 0 0 0 0 0 0 0 0 0 0 0 0 0 0 0 0 0 0.00049568050592951874 0 0 0 0 0 0 0 0 0 0 0 0 0 0 0 0 0 0 0 0 0 0 0 0 0 0 0 0 0 0 0 0 0 0 0 0 0 0 0 0 0 0 0 0 0 0 0 0 0 -0.3827360650071141 0 0 0 0 0 0 0 0 0 0 0 0 0 0 0 0 0 0 0 0 0 0 0 0 0 0 0 0 0 0 0 0 0 0 0 0 0 0 0 0 0 0 0 0 0 0 0 0 0 -0.92385759662607436 2 0 0
0.6546536707079772 1.0692676621563626 0.30969865922316392 -0.33320095072516054 0.027222769695953011 0.32810953463237857 -0.29417985288246123 -0.25699545782713601 0.22474549959249457 -0.05296676695912339 -0.14310284551548733 0.15791939990632164 0.20723527121699581 0.11797908823418829 -0.28992153932473358 -0.022037550842918831 -0.37785572569886572 0.10066970763605232 -0.15883374082158019 -0.1963935042194713 -0.31479718565275983 0.12393856396581784 0.34343609277260279 -0.16766857079030828 0.32547914667082811 0.1853868512008453 -0.16350692572583034 -0.31174482165252065 0.0044240015601663355 0.1823663965633272 -0.10646205939879234 -0.30901786915309198 -0.055071031798024445 0.27436479759549154 0.29776046297513997 0.36108875630798115 0.3315380992536418 0.092241305872978255 0.11627413526937645 -0.15369108657302955 -0.13747181907077019 0.39144985829540996 0.36559240535063098 -0.32452234497340698 0.0035562620750814846 0.32376562280481197 -0.1042794558313907 0.36985502933158609 -0.39264814911398488 0.17692252955264831 0 0 0 0 0 0 0 0 0 0 0 0 0 0 0 0 0 0 0 0 0 0 0 0 0 0 0 0 0 0 0 0 0 0 0 0 0 0 0 0 0 0 0 0 0 0 0 0 0 0 0 0 0 0 0 0 0 0 0 0 0 0 0 0 0 0 0 0 0 0 0 0 0 0 0 0 0 0 0 0 0 0 0 0 0 0 0 0 0 0 0 0 0 0 0 0 0 0 0 0 0 0 0 0 0 0 0 0 0 0 0 0 0 0 0 0 0 0 0 0 0 0 0 0 0 0 0 0 0 0 0 0 0 0 0 0 0 0 0 0 0 0 0 0 0 0 0 0 0 0 0 2 1
0.6546536707079772 1.0692676621563626 0.30969865922316392 -0.33320095072516054 0.027222769695953011 0.32810953463237857 -0.29417985288246123 -0.25699545782713601 0.22474549959249457 -0.05296676695912339 -0.14310284551548733 0.15791939990632164 0.20723527121699581 0.11797908823418829 -0.28992153932473358 -0.022037550842918831 -0.37785572569886572 0.10066970763605232 -0.15883374082158019 -0.1963935042194713 -0.31479718565275983 0.12393856396581784 0.34343609277260279 -0.16766857079030828 0.32547914667082811 0.1853868512008453 -0.16350692572583034 -0.31174482165252065 0.0044240015601663355 0.1823663965633272 -0.10646205939879234 -0.30901786915309198 -0.055071031798024445 0.27436479759549154 0.29776046297513997 0.36108875630798115 0.3315380992536418 0.092241305872978255 0.11627413526937645 -0.15369108657302955 -0.13747181907077019 0.39144985829540996 0.36559240535063098 -0.32452234497340698 0.0035562620750814846 0.32376562280481197 -0.1042794558313907 0.36985502933158609 -0.39264814911398488 0.17692252955264831 0.065788480908527069 0 0 0 0 0 0 0 0 0 0 0 0 0 0 0 0 0 0 0 0 0 0 0 0 0 0 0 0 0 0 0 0 0 0 0 0 0 0 0 0 0 0 0 0 0 0 0 0 0 0.82309207228752701 0 0 0 0 0 0 0 0 0 0 0 0 0 0 0 0 0 0 0 0 0 0 0 0 0 0 0 0 0 0 0 0 0 0 0 0 0 0 0 0 0 0 0 0 0 0 0 0 0 -0.56408449395207871 0 0 0 0 0 0 0 0 0 0 0 0 0 0 0 0 0 0 0 0 0 0 0 0 0 0 0 0 0 0 0 0 0 0 0 0 0 0 0 0 0 0 0 0 0 0 0 0 0 0 2 1
0.6546536707079772 1.0692676621563626 0.30969865922316392 -0.33320095072516054 0.027222769695953011 0.32810953463237857 -0.29417985288246123 -0.25699545782713601 0.22474549959249457 -0.05296676695912339 -0.14310284551548733 0.15791939990632164 0.20723527121699581 0.11797908823418829 -0.28992153932473358 -0.022037550842918831 -0.37785572569886572 0.10066970763605232 -0.15883374082158019 -0.1963935042194713 -0.31479718565275983 0.12393856396581784 0.34343609277260279 -0.16766857079030828 0.32547914667082811 0.1853868512008453 -0.16350692572583034 -0.31174482165252065 0.0044240015601663355 0.1823663965633272 -0.10646205939879234 -0.30901786915309198 -0.055071031798024445 0.27436479759549154 0.29776046297513997 0.36108875630798115 0.3315380992536418 0.092241305872978255 0.11627413526937645 -0.15369108657302955 -0.13747181907077019 0.39144985829540996 0.36559240535063098 -0.32452234497340698 0.0035562620750814846 0.32376562280481197 -0.1042794558313907 0.36985502933158609 -0.39264814911398488 0.17692252955264831 0 0.065788480908527069 0 0 0 0 0 0 0 0 0 0 0 0 0 0 0 0 0 0 0 0 0 0 0 0 0 0 0 0 0 0 0 0 0 0 0 0 0 0 0 0 0 0 0 0 0 0 0 0 0 0.82309207228752701 0 0 0 0 0 0 0 0 0 0 0 0 0 0 0 0 0 0 0 0 0 0 0 0 0 0 0 0 0 0 0 0 0 0 0 0 0 0 0 0 0 0 0 0 0 0 0 0 0 -0.56408449395207871 0 0 0 0 0 0 0 0 0 0 0 0 0 0 0 0 0 0 0 0 0 0 0 0 0 0 0 0 0 0 0 0 0 0 0 0 0 0 0 0 0 0 0 0 0 0 0 0 0 2 1
0.6546536707079772 1.0692676621563626 0.30969865922316392 -0.33320095072516054 0.027222769695953011 0.32810953463237857 -0.29417985288246123 -0.25699545782713601 0.22474549959249457 -0.05296676695912339 -0.14310284551548733 0.15791939990632164 0.20723527121699581 0.11797908823418829 -0.28992153932473358 -0.022037550842918831 -0.37785572569886572 0.10066970763605232 -0.15883374082158019 -0.1963935042194713 -0.31479718565275983 0.12393856396581784 0.34343609277260279 -0.16766857079030828 0.32547914667082811 0.1853868512008453 -0.16350692572583034 -0.31174482165252065 0.0044240015601663355 0.1823663965633272 -0.10646205939879234 -0.30901786915309198 -0.055071031798024445 0.27436479759549154 0.29776046297513997 0.36108875630798115 0.3315380992536418 0.092241305872978255 0.11627413526937645 -0.15369108657302955 -0.13747181907077019 0.39144985829540996 0.36559240535063098 -0.32452234497340698 0.0035562620750814846 0.32376562280481197 -0.1042794558313907 0.36985502933158609 -0.39264814911398488 0.17692252955264831 0 0 0.065788480908527069 0 0 0 0 0 0 0 0 0 0 0 0 0 0 0 0 0 0 0 0 0 0 0 0 0 0 0 0 0 0 0 0 0 0 0 0 0 0 0 0 0 0 0 0 0 0 0 0 0 0.82309207228752701 0 0 0 0 0 0 0 0 0 0 0 0 0 0 0 0 0 0 0 0 0 0 0 0 0 0 0 0 0 0 0 0 0 0 0 0 0 0 0 0 0 0 0 0 0 0 0 0 0 -0.56408449395207871 0 0 0 0 0 0 0 0 0 0 0 0 0 0 0 0 0 0 0 0 0 0 0 0 0 0 0 0 0 0 0 0 0 0 0 0 0 0 0 0 0 0 0 0 0 0 0 0 2 1
0.6546536707079772 1.0692676621563626 0.30969865922316392 -0.33320095072516054 0.027222769695953011 0.32810953463237857 -0.29417985288246123 -0.25699545782713601 0.22474549959249457 -0.05296676695912339 -0.14310284551548733 0.15791939990632164 0.20723527121699581 0.11797908823418829 -0.28992153932473358 -0.022037550842918831 -0.37785572569886572 0.10066970763605232 -0.15883374082158019 -0.1963935042194713 -0.31479718565275983 0.12393856396581784 0.34343609277260279 -0.16766857079030828 0.32547914667082811 0.1853868512008453 -0.16350692572583034 -0.31174482165252065 0.0044240015601663355 0.1823663965633272 -0.10646205939879234 -0.30901786915309198 -0.055071031798024445 0.27436479759549154 0.29776046297513997 0.36108875630798115 0.3315380992536418 0.092241305872978255 0.11627413526937645 -0.15369108657302955 -0.13747181907077019 0.39144985829540996 0.36559240535063098 -0.32452234497340698 0.0035562620750814846 0.32376562280481197 -0.1042794558313907 0.36985502933158609 -0.39264814911398488 0.17692252955264831 0 0 0 0.065788480908527069 0 0 0 0 0 0 0 0 0 0 0 0 0 0 0 0 0 0 0 0 0 0 0 0 0 0 0 0 0 0 0 0 0 0 0 0 0 0 0 0 0 0 0 0 0 0 0 0 0 0.82309207228752701 0 0 0 0 0 0 0 0 0 0 0 0 0 0 0 0 0 0 0 0 0 0 0 0 0 0 0 0 0 0 0 0 0 0 0 0 0 0 0 0 0 0 0 0 0 0 0 0 0 -0.56408449395207871 0 0 0 0 0 0 0 0 0 0 0 0 0 0 0 0 0 0 0 0 0 0 0 0 0 0 0 0 0 0 0 0 0 0 0 0 0 0 0 0 0 0 0 0 0 0 0 2 1
0.6546536707079772 1.0692676621563626 0.30969865922316392 -0.33320095072516054 0.027222769695953011 0.32810953463237857 -0.29417985288246123 -0.25699545782713601 0.22474549959249457 -0.05296676695912339 -0.14310284551548733 0.15791939990632164 0.20723527121699581 0.11797908823418829 -0.28992153932473358 -0.022037550842918831 -0.37785572569886572 0.10066970763605232 -0.15883374082158019 -0.1963935042194713 -0.31479718565275983 0.12393856396581784 0.34343609277260279 -0.16766857079030828 0.32547914667082811 0.1853868512008453 -0.16350692572583034 -0.31174482165252065 0.0044240015601663355 0.1823663965633272 -0.10646205939879234 -0.30901786915309198 -0.055071031798024445 0.27436479759549154 0.29776046297513997 0.36108875630798115 0.3315380992536418 0.092241305872978255 0.11627413526937645 -0.15369108657302955 -0.13747181907077019 0.39144985829540996 0.36559240535063098 -0.32452234497340698 0.0035562620750814846 0.32376562280481197 -0.1042794558313907 0.36985502933158609 -0.39264814911398488 0.17692252955264831 0 0 0 0 0.065788480908527069 0 0 0 0 0 0 0 0 0 0 0 0 0 0 0 0 0 0 0 0 0 0 0 0 0 0 0 0 0 0 0 0 0 0 0 0 0 0 0 0 0 0 0 0 0 0 0 0 0 0.82309207228752701 0 0 0 0 0 0 0 0 0 0 0 0 0 0 0 0 0 0 0 0 0 0 0 0 0 0 0 0 0 0 0 0 0 0 0 0 0 0 0 0 0 0 0 0 0 0 0 0 0 -0.56408449395207871 0 0 0 0 0 0 0 0 0 0 0 0 0 0 0 0 0 0 0 0 0 0 0 0 0 0 0 0 0 0 0 0 0 0 0 0 0 0 0 0 0 0 0 0 0 0 2 1
0.6546536707079772 1.0692676621563626 0.30969865922316392 -0.33320095072516054 0.027222769695953011 0.32810953463237857 -0.29417985288246123 -0.25699545782713601 0.22474549959249457 -0.05296676695912339 -0.14310284551548733 0.15791939990632164 0.20723527121699581 0.11797908823418829 -0.28992153932473358 -0.022037550842918831 -0.37785572569886572 0.10066970763605232 -0.15883374082158019 -0.1963935042194713 -0.31479718565275983 0.12393856396581784 0.34343609277260279 -0.16766857079030828 0.32547914667082811 0.1853868512008453 -0.16350692572583034 -0.31174482165252065 0.0044240015601663355 0.1823663965633272 -0.10646205939879234 -0.30901786915309198 -0.055071031798024445 0.27436479759549154 0.29776046297513997 0.36108875630798115 0.3315380992536418 0.092241305872978255 0.11627413526937645 -0.15369108657302955 -0.13747181907077019 0.39144985829540996 0.36559240535063098 -0.32452234497340698 0.0035562620750814846 0.32376562280481197 -0.1042794558313907 0.36985502933158609 -0.39264814911398488 0.17692252955264831 0 0 0 0 0 0.065788480908527069 0 0 0 0 0 0 0 0 0 0 0 0 0 0 0 0 0 0 0 0 0 0 0 0 0 0 0 0 0 0 0 0 0 0 0 0 0 0 0 0 0 0 0 0 0 0 0 0 0 0.82309207228752701 0 0 0 0 0 0 0 0 0 0 0 0 0 0 0 0 0 0 0 0 0 0 0 0 0 0 0 0 0 0 0 0 0 0 0 0 0 0 0 0 0 0 0 0 0 0 0 0 0 -0.56408449395207871 0 0 0 0 0 0 0 0 0 0 0 0 0 0 0 0 0 0 0 0 0 0 0 0 0 0 0 0 0 0 0 0 0 0 0 0 0 0 0 0 0 0 0 0 0 2 1
0.6546536707079772 1.0692676621563626 0.30969865922316392 -0.33320095072516054 0.027222769695953011 0.32810953463237857 -0.29417985288246123 -0.25699545782713601 0.22474549959249457 -0.05296676695912339 -0.14310284551548733 0.15791939990632164 0.20723527121699581 0.11797908823418829 -0.28992153932473358 -0.022037550842918831 -0.37785572569886572 0.10066970763605232 -0.15883374082158019 -0.1963935042194713 -0.31479718565275983 0.12393856396581784 0.34343609277260279 -0.16766857079030828 0.32547914667082811 0.1853868512008453 -0.16350692572583034 -0.31174482165252065 0.0044240015601663355 0.1823663965633272 -0.10646205939879234 -0.30901786915309198 -0.055071031798024445 0.27436479759549154 0.29776046297513997 0.36108875630798115 0.3315380992536418 0.092241305872978255 0.11627413526937645 -0.15369108657302955 -0.13747181907077019 0.39144985829540996 0.36559240535063098 -0.32452234497340698 0.0035562620750814846 0.32376562280481197 -0.1042794558313907 0.36985502933158609 -0.39264814911398488 0.17692252955264831 0 0 0 0 0 0 0.065788480908527069 0 0 0 0 0 0 0 0 0 0 0 0 0 0 0 0 0 0 0 0 0 0 0 0 0 0 0 0 0 0 0 0 0 0 0 0 0 0 0 0 0 0 0 0 0 0 0 0 0 0.82309207228752701 0 0 0 0 0 0 0 0 0 0 0 0 0 0 0 0 0 0 0 0 0 0 0 0 0 0 0 0 0 0 0 0 0 0 0 0 0 0 0 0 0 0 0 0 0 0 0 0 0 -0.56408449395207871 0 0 0 0 0 0 0 0 0 0 0 0 0 0 0 0 0 0 0 0 0 0 0 0 0 0 0 0 0 0 0 0 0 0 0 0 0 0 0 0 0 0 0 0 2 1
0.6546536707079772 1.0692676621563626 0.30969865922316392 -0.33320095072516054 0.027222769695953011 0.32810953463237857 -0.29417985288246123 -0.25699545782713601 0.22474549959249457 -0.05296676695912339 -0.14310284551548733 0.15791939990632164 0.20723527121699581 0.11797908823418829 -0.28992153932473358 -0.022037550842918831 -0.37785572569886572 0.10066970763605232 -0.15883374082158019 -0.1963935042194713 -0.31479718565275983 0.12393856396581784 0.34343609277260279 -0.16766857079030828 0.32547914667082811 0.1853868512008453 -0.16350692572583034 -0.31174482165252065 0.0044240015601663355 0.1823663965633272 -0.10646205939879234 -0.30901786915309198 -0.055071031798024445 0.27436479759549154 0.29776046297513997 0.36108875630798115 0.3315380992536418 0.092241305872978255 0.11627413526937645 -0.15369108657302955 -0.13747181907077019 0.39144985829540996 0.36559240535063098 -0.32452234497340698 0.0035562620750814846 0.32376562280481197 -0.1042794558313907 0.36985502933158609 -0.39264814911398488 0.17692252955264831 0 0 0 0 0 0 0 0.065788480908527069 0 0 0 0 0 0 0 0 0 0 0 0 0 0 0 0 0 0 0 0 0 0 0 0 0 0 0 0 0 0 0 0 0 0 0 0 0 0 0 0 0 0 0 0 0 0 0 0 0 0.82309207228752701 0 0 0 0 0 0 0 0 0 0 0 0 0 0 0 0 0 0 0 0 0 0 0 0 0 0 0 0 0 0 0 0 0 0 0 0 0 0 0 0 0 0 0 0 0 0 0 0 0 -0.56408449395207871 0 0 0 0 0 0 0 0 0 0 0 0 0 0 0 0 0 0 0 0 0 0 0 0 0 0 0 0 0 0 0 0 0 0 0 0 0 0 0 0 0 0 0 2 1
0.6546536707079772 1.0692676621563626 0.30969865922316392 -0.33320095072516054 0.027222769695953011 0.32810953463237857 -0.29417985288246123 -0.25699545782713601 0.22474549959249457 -0.05296676695912339 -0.14310284551548733 0.15791939990632164 0.20723527121699581 0.11797908823418829 -0.28992153932473358 -0.022037550842918831 -0.37785572569886572 0.10066970763605232 -0.15883374082158019 -0.1963935042194713 -0.31479718565275983 0.12393856396581784 0.34343609277260279 -0.16766857079030828 0.32547914667082811 0.1853868512008453 -0.16350692572583034 -0.31174482165252065 0.0044240015601663355 0.1823663965633272 -0.10646205939879234 -0.30901786915309198 -0.055071031798024445 0.27436479759549154 0.29776046297513997 0.36108875630798115 0.3315380992536418 0.092241305872978255 0.11627413526937645 -0.15369108657302955 -0.13747181907077019 0.39144985829540996 0.36559240535063098 -0.32452234497340698 0.0035562620750814846 0.32376562280481197 -0.1042794558313907 0.36985502933158609 -0.39264814911398488 0.17692252955264831 0 0 0 0 0 0 0 0 0.065788480908527069 0 0 0 0 0 0 0 0 0 0 0 0 0 0 0 0 0 0 0 0 0 0 0 0 0 0 0 0 0 0 0 0 0 0 0 0 0 0 0 0 0 0 0 0 0 0 0 0 0 0.82309207228752701 0 0 0 0 0 0 0 0 0 0 0 0 0 0 0 0 0 0 0 0 0 0 0 0 0 0 0 0 0 0 0 0 0 0 0 0 0 0 0 0 0 0 0 0 0 0 0 0 0 -0.56408449395207871 0 0 0 0 0 0 0 0 0 0 0 0 0 0 0 0 0 0 0 0 0 0 0 0 0 0 0 0 0 0 0 0 0 0 0 0 0 0 0 0 0 0 2 1
0.6546536707079772 1.0692676621563626 0.30969865922316392 -0.33320095072516054 0.027222769695953011 0.32810953463237857 -0.29417985288246123 -0.25699545782713601 0.22474549959249457 -0.05296676695912339 -0.14310284551548733 0.15791939990632164 0.20723527121699581 0.11797908823418829 -0.28992153932473358 -0.022037550842918831 -0.37785572569886572 0.10066970763605232 -0.15883374082158019 -0.1963935042194713 -0.31479718565275983 0.12393856396581784 0.34343609277260279 -0.16766857079030828 0.32547914667082811 0.1853868512008453 -0.16350692572583034 -0.31174482165252065 0.0044240015601663355 0.1823663965633272 -0.10646205939879234 -0.30901786915309198 -0.055071031798024445 0.27436479759549154 0.29776046297513997 0.36108875630798115 0.3315380992536418 0.092241305872978255 0.11627413526937645 -0.15369108657302955 -0.13747181907077019 0.39144985829540996 0.36559240535063098 -0.32452234497340698 0.0035562620750814846 0.32376562280481197 -0.1042794558313907 0.36985502933158609 -0.39264814911398488 0.17692252955264831 0 0 0 0 0 0 0 0 0 0.065788480908527069 0 0 0 0 0 0 0 0 0 0 0 0 0 0 0 0 0 0 0 0 0 0 0 0 0 0 0 0 0 0 0 0 0 0 0 0 0 0 0 0 0 0 0 0 0 0 0 0 0 0.82309207228752701 0 0 0 0 0 0 0 0 0 0 0 0 0 0 0 0 0 0 0 0 0 0 0 0 0 0 0 0 0 0 0 0 0 0 0 0 0 0 0 0 0 0 0 0 0 0 0 0 0 -0.56408449395207871 0 0 0 0 0 0 0 0 0 0 0 0 0 0 0 0 0 0 0 0 0 0 0 0 0 0 0 0 0 0 0 0 0 0 0 0 0 0 0 0 0 2 1
0.6546536707079772 1.0692676621563626 0.30969865922316392 -0.33320095072516054 0.027222769695953011 0.32810953463237857 -0.29417985288246123 -0.25699545782713601 0.22474549959249457 -0.05296676695912339 -0.14310284551548733 0.15791939990632164 0.20723527121699581 0.11797908823418829 -0.28992153932473358 -0.022037550842918831 -0.37785572569886572 0.10066970763605232 -0.15883374082158019 -0.1963935042194713 -0.31479718565275983 0.12393856396581784 0.34343609277260279 -0.16766857079030828 0.32547914667082811 0.1853868512008453 -0.16350692572583034 -0.31174482165252065 0.0044240015601663355 0.1823663965633272 -0.10646205939879234 -0.30901786915309198 -0.055071031798024445 0.27436479759549154 0.29776046297513997 0.36108875630798115 0.3315380992536418 0.092241305872978255 0.11627413526937645 -0.15369108657302955 -0.13747181907077019 0.39144985829540996 0.36559240535063098 -0.32452234497340698 0.0035562620750814846 0.32376562280481197 -0.1042794558313907 0.36985502933158609 -0.39264814911398488 0.17692252955264831 0 0 0 0 0 0 0 0 0 0 0.065788480908527069 0 0 0 0 0 0 0 0 0 0 0 0 0 0 0 0 0 0 0 0 0 0 0 0 0 0 0 0 0 0 0 0 0 0 0 0 0 0 0 0 0 0 0 0 0 0 0 0 0 0.82309207228752701 0 0 0 0 0 0 0 0 0 0 0 0 0 0 0 0 0 0 0 0 0 0 0 0 0 0 0 0 0 0 0 0 0 0 0 0 0 0 0 0 0 0 0 0 0 0 0 0 0 -0.56408449395207871 0 0 0 0 0 0 0 0 0 0 0 0 0 0 0 0 0 0 0 0 0 0 0 0 0 0 0 0 0 0 0 0 0 0 0 0 0 0 0 0 2 1
0.6546536707079772 1.0692676621563626 0.30969865922316392 -0.33320095072516054 0.027222769695953011 0.32810953463237857 -0.29417985288246123 -0.25699545782713601 0.22474549959249457 -0.05296676695912339 -0.14310284551548733 0.15791939990632164 0.20723527121699581 0.11797908823418829 -0.28992153932473358 -0.022037550842918831 -0.37785572569886572 0.10066970763605232 -0.15883374082158019 -0.1963935042194713 -0.31479718565275983 0.12393856396581784 0.34343609277260279 -0.16766857079030828 0.32547914667082811 0.1853868512008453 -0.16350692572583034 -0.31174482165252065 0.0044240015601663355 0.1823663965633272 -0.10646205939879234 -0.30901786915309198 -0.055071031798024445 0.27436479759549154 0.29776046297513997 0.36108875630798115 0.3315380992536418 0.092241305872978255 0.11627413526937645 -0.15369108657302955 -0.13747181907077019 0.39144985829540996 0.36559240535063098 -0.32452234497340698 0.0035562620750814846 0.32376562280481197 -0.1042794558313907 0.36985502933158609 -0.39264814911398488 0.17692252955264831 0 0 0 0 0 0 0 0 0 0 0 0.065788480908527069 0 0 0 0 0 0 0 0 0 0 0 0 0 0 0 0 0 0 0 0 0 0 0 0 0 0 0 0 0 0 0 0 0 0 0 0 0 0 0 0 0 0 0 0 0 0 0 0 0 0.82309207228752701 0 0 0 0 0 0 0 0 0 0 0 0 0 0 0 0 0 0 0 0 0 0 0 0 0 0 0 0 0 0 0 0 0 0 0 0 0 0 0 0 0 0 0 0 0 0 0 0 0 -0.56408449395207871 0 0 0 0 0 0 0 0 0 0 0 0 0 0 0 0 0 0 0 0 0 0 0 0 0 0 0 0 0 0 0 0 0 0 0 0 0 0 0 2 1
0.6546536707079772 1.0692676621563626 0.30969865922316392 -0.33320095072516054 0.027222769695953011 0.32810953463237857 -0.29417985288246123 -0.25699545782713601 0.22474549959249457 -0.05296676695912339 -0.14310284551548733 0.15791939990632164 0.20723527121699581 0.11797908823418829 -0.28992153932473358 -0.022037550842918831 -0.37785572569886572 0.10066970763605232 -0.15883374082158019 -0.1963935042194713 -0.31479718565275983 0.12393856396581784 0.34343609277260279 -0.16766857079030828 0.32547914667082811 0.1853868512008453 -0.16350692572583034 -0.31174482165252065 0.0044240015601663355 0.1823663965633272 -0.10646205939879234 -0.30901786915309198 -0.055071031798024445 0.27436479759549154 0.29776046297513997 0.36108875630798115 0.3315380992536418 0.092241305872978255 0.11627413526937645 -0.15369108657302955 -0.13747181907077019 0.39144985829540996 0.36559240535063098 -0.32452234497340698 0.0035562620750814846 0.32376562280481197 -0.1042794558313907 0.36985502933158609 -0.39264814911398488 0.17692252955264831 0 0 0 0 0 0 0 0 0 0 0 0 0.065788480908527069 0 0 0 0 0 0 0 0 0 0 0 0 0 0 0 0 0 0 0 0 0 0 0 0 0 0 0 0 0 0 0 0 0 0 0 0 0 0 0 0 0 0 0 0 0 0 0 0 0 0.82309207228752701 0 0 0 0 0 0 0 0 0 0 0 0 0 0 0 0 0 0 0 0 0 0 0 0 0 0 0 0 0 0 0 0 0 0 0 0 0 0 0 0 0 0 0 0 0 0 0 0 0 -0.56408449395207871 0 0 0 0 0 0 0 0 0 0 0 0 0 0 0 0 0 0 0 0 0 0 0 0 0 0 0 0 0 0 0 0 0 0 0 0 0 0 2 1
0.6546536707079772 1.0692676621563626 0.30969865922316392 -0.33320095072516054 0.027222769695953011 0.32810953463237857 -0.29417985288246123 -0.25699545782713601 0.22474549959249457 -0.05296676695912339 -0.14310284551548733 0.15791939990632164 0.20723527121699581 0.11797908823418829 -0.28992153932473358 -0.022037550842918831 -0.37785572569886572 0.10066970763605232 -0.15883374082158019 -0.1963935042194713 -0.31479718565275983 0.12393856396581784 0.34343609277260279 -0.16766857079030828 0.32547914667082811 0.1853868512008453 -0.16350692572583034 -0.31174482165252065 0.0044240015601663355 0.1823663965633272 -0.10646205939879234 -0.30901786915309198 -0.055071031798024445 0.27436479759549154 0.29776046297513997 0.36108875630798115 0.3315380992536418 0.092241305872978255 0.11627413526937645 -0.15369108657302955 -0.13747181907077019 0.39144985829540996 0.36559240535063098 -0.32452234497340698 0.0035562620750814846 0.32376562280481197 -0.1042794558313907 0.36985502933158609 -0.39264814911398488 0.17692252955264831 0 0 0 0 0 0 0 0 0 0 0 0 0 0.065788480908527069 0 0 0 0 0 0 0 0 0 0 0 0 0 0 0 0 0 0 0 0 0 0 0 0 0 0 0 0 0 0 0 0 0 0 0 0 0 0 0 0 0 0 0 0 0 0 0 0 0 0.82309207228752701 0 0 0 0 0 0 0 0 0 0 0 0 0 0 0 0 0 0 0 0 0 0 0 0 0 0 0 0 0 0 0 0 0 0 0 0 0 0 0 0 0 0 0 0 0 0 0 0 0 -0.56408449395207871 0 0 0 0 0 0 0 0 0 0 0 0 0 0 0 0 0 0 0 0 0 0 0 0 0 0 0 0 0 0 0 0 0 0 0 0 0 2 1
0.6546536707079772 1.0692676621563626 0.30969865922316392 -0.33320095072516054 0.027222769695953011 0.32810953463237857 -0.29417985288246123 -0.25699545782713601 0.22474549959249457 -0.05296676695912339 -0.14310284551548733 0.15791939990632164 0.20723527121699581 0.11797908823418829 -0.28992153932473358 -0.022037550842918831 -0.37785572569886572 0.10066970763605232 -0.15883374082158019 -0.1963935042194713 -0.31479718565275983 0.12393856396581784 0.34343609277260279 -0.16766857079030828 0.32547914667082811 0.1853868512008453 -0.16350692572583034 -0.31174482165252065 0.0044240015601663355 0.1823663965633272 -0.10646205939879234 -0.30901786915309198 -0.055071031798024445 0.27436479759549154 0.29776046297513997 0.36108875630798115 0.3315380992536418 0.092241305872978255 0.11627413526937645 -0.15369108657302955 -0.13747181907077019 0.39144985829540996 0.36559240535063098 -0.32452234497340698 0.0035562620750814846 0.32376562280481197 -0.1042794558313907 0.36985502933158609 -0.39264814911398488 0.17692252955264831 0 0 0 0 0 0 0 0 0 0 0 0 0 0 0.065788480908527069 0 0 0 0 0 0 0 0 0 0 0 0 0 0 0 0 0 0 0 0 0 0 0 0 0 0 0 0 0 0 0 0 0 0 0 0 0 0 0 0 0 0 0 0 0 0 0 0 0 0.82309207228752701 0 0 0 0 0 0 0 0 0 0 0 0 0 0 0 0 0 0 0 0 0 0 0 0 0 0 0 0 0 0 0 0 0 0 0 0 0 0 0 0 0 0 0 0 0 0 0 0 0 -0.56408449395207871 0 0 0 0 0 0 0 0 0 0 0 0 0 0 0 0 0 0 0 0 0 0 0 0 0 0 0 0 0 0 0 0 0 0 0 0 2 1
0.6546536707079772 1.0692676621563626 0.30969865922316392 -0.33320095072516054 0.027222769695953011 0.32810953463237857 -0.29417985288246123 -0.25699545782713601 0.22474549959249457 -0.05296676695912339 -0.14310284551548733 0.15791939990632164 0.20723527121699581 0.11797908823418829 -0.28992153932473358 -0.022037550842918831 -0.37785572569886572 0.10066970763605232 -0.15883374082158019 -0.1963935042194713 -0.31479718565275983 0.12393856396581784 0.34343609277260279 -0.16766857079030828 0.32547914667082811 0.1853868512008453 -0.16350692572583034 -0.31174482165252065 0.0044240015601663355 0.1823663965633272 -0.10646205939879234 -0.30901786915309198 -0.055071031798024445 0.27436479759549154 0.29776046297513997 0.36108875630798115 0.3315380992536418 0.092241305872978255 0.11627413526937645 -0.15369108657302955 -0.13747181907077019 0.39144985829540996 0.36559240535063098 -0.32452234497340698 0.0035562620750814846 0.32376562280481197 -0.1042794558313907 0.36985502933158609 -0.39264814911398488 0.17692252955264831 0 0 0 0 0 0 0 0 0 0 0 0 0 0 0 0.065788480908527069 0 0 0 0 0 0 0 0 0 0 0 0 0 0 0 0 0 0 0 0 0 0 0 0 0 0 0 0 0 0 0 0 0 0 0 0 0 0 0 0 0 0 0 0 0 0 0 0 0 0.82309207228752701 0 0 0 0 0 0 0 0 0 0 0 0 0 0 0 0 0 0 0 0 0 0 0 0 0 0 0 0 0 0 0 0 0 0 0 0 0 0 0 0 0 0 0 0 0 0 0 0 0 -0.56408449395207871 0 0 0 0 0 0 0 0 0 0 0 0 0 0 0 0 0 0 0 0 0 0 0 0 0 0 0 0 0 0 0 0 0 0 0 2 1
0.6546536707079772 1.0692676621563626 0.30969865922316392 -0.33320095072516054 0.027222769695953011 0.32810953463237857 -0.29417985288246123 -0.25699545782713601 0.22474549959249457 -0.05296676695912339 -0.14310284551548733 0.15791939990632164 0.20723527121699581 0.11797908823418829 -0.28992153932473358 -0.022037550842918831 -0.37785572569886572 0.10066970763605232 -0.15883374082158019 -0.1963935042194713 -0.31479718565275983 0.12393856396581784 0.34343609277260279 -0.16766857079030828 0.32547914667082811 0.1853868512008453 -0.16350692572583034 -0.31174482165252065 0.0044240015601663355 0.1823663965633272 -0.10646205939879234 -0.30901786915309198 -0.055071031798024445 0.27436479759549154 0.29776046297513997 0.36108875630798115 0.3315380992536418 0.092241305872978255 0.11627413526937645 -0.15369108657302955 -0.13747181907077019 0.39144985829540996 0.36559240535063098 -0.32452234497340698 0.0035562620750814846 0.32376562280481197 -0.1042794558313907 0.36985502933158609 -0.39264814911398488 0.17692252955264831 0 0 0 0 0 0 0 0 0 0 0 0 0 0 0 0 0.065788480908527069 0 0 0 0 0 0 0 0 0 0 0 0 0 0 0 0 0 0 0 0 0 0 0 0 0 0 0 0 0 0 0 0 0 0 0 0 0 0 0 0 0 0 0 0 0 0 0 0 0 0.82309207228752701 0 0 0 0 0 0 0 0 0 0 0 0 0 0 0 0 0 0 0 0 0 0 0 0 0 0 0 0 0 0 0 0 0 0 0 0 0 0 0 0 0 0 0 0 0 0 0 0 0 -0.56408449395207871 0 0 0 0 0 0 0 0 0 0 0 0 0 0 0 0 0 0 0 0 0 0 0 0 0 0 0 0 0 0 0 0 0 0 2 1
0.6546536707079772 1.0692676621563626 0.30969865922316392 -0.33320095072516054 0.027222769695953011 0.32810953463237857 -0.29417985288246123 -0.25699545782713601 0.22474549959249457 -0.05296676695912339 -0.14310284551548733 0.15791939990632164 0.20723527121699581 0.11797908823418829 -0.28992153932473358 -0.022037550842918831 -0.37785572569886572 0.10066970763605232 -0.15883374082158019 -0.1963935042194713 -0.31479718565275983 0.12393856396581784 0.34343609277260279 -0.16766857079030828 0.32547914667082811 0.1853868512008453 -0.16350692572583034 -0.31174482165252065 0.0044240015601663355 0.1823663965633272 -0.10646205939879234 -0.30901786915309198 -0.055071031798024445 0.27436479759549154 0.29776046297513997 0.36108875630798115 0.3315380992536418 0.092241305872978255 0.11627413526937645 -0.15369108657302955 -0.13747181907077019 0.39144985829540996 0.36559240535063098 -0.32452234497340698 0.0035562620750814846 0.32376562280481197 -0.1042794558313907 0.36985502933158609 -0.39264814911398488 0.17692252955264831 0 0 0 0 0 0 0 0 0 0 0 0 0 0 0 0 0 0.065788480908527069 0 0 0 0 0 0 0 0 0 0 0 0 0 0 0 0 0 0 0 0 0 0 0 0 0 0 0 0 0 0 0 0 0 0 0 0 0 0 0 0 0 0 0 0 0 0 0 0 0 0.82309207228752701 0 0 0 0 0 0 0 0 0 0 0 0 0 0 0 0 0 0 0 0 0 0 0 0 0 0 0 0 0 0 0 0 0 0 0 0 0 0 0 0 0 0 0 0 0 0 0 0 0 -0.56408449395207871 0 0 0 0 0 0 0 0 0 0 0 0 0 0 0 0 0 0 0 0 0 0 0 0 0 0 0 0 0 0 0 0 0 2 1
0.6546536707079772 1.0692676621563626 0.30969865922316392 -0.33320095072516054 0.027222769695953011 0.32810953463237857 -0.29417985288246123 -0.25699545782713601 0.22474549959249457 -0.05296676695912339 -0.14310284551548733 0.15791939990632164 0.20723527121699581 0.11797908823418829 -0.28992153932473358 -0.022037550842918831 -0.37785572569886572 0.10066970763605232 -0.15883374082158019 -0.1963935042194713 -0.31479718565275983 0.12393856396581784 0.34343609277260279 -0.16766857079030828 0.32547914667082811 0.1853868512008453 -0.16350692572583034 -0.31174482165252065 0.0044240015601663355 0.1823663965633272 -0.10646205939879234 -0.30901786915309198 -0.055071031798024445 0.27436479759549154 0.29776046297513997 0.36108875630798115 0.3315380992536418 0.092241305872978255 0.11627413526937645 -0.15369108657302955 -0.13747181907077019 0.39144985829540996 0.36559240535063098 -0.32452234497340698 0.0035562620750814846 0.32376562280481197 -0.1042794558313907 0.36985502933158609 -0.39264814911398488 0.17692252955264831 0 0 0 0 0 0 0 0 0 0 0 0 0 0 0 0 0 0 0.065788480908527069 0 0 0 0 0 0 0 0 0 0 0 0 0 0 0 0 0 0 0 0 0 0 0 0 0 0 0 0 0 0 0 0 0 0 0 0 0 0 0 0 0 0 0 0 0 0 0 0 0 0.82309207228752701 0 0 0 0 0 0 0 0 0 0 0 0 0 0 0 0 0 0 0 0 0 0 0 0 0 0 0 0 0 0 0 0 0 0 0 0 0 0 0 0 0 0 0 0 0 0 0 0 0 -0.56408449395207871 0 0 0 0 0 0 0 0 0 0 0 0 0 0 0 0 0 0 0 0 0 0 0 0 0 0 0 0 0 0 0 0 2 1
0.6546536707079772 1.0692676621563626 0.30969865922316392 -0.33320095072516054 0.027222769695953011 0.32810953463237857 -0.29417985288246123 -0.25699545782713601 0.22474549959249457 -0.05296676695912339 -0.14310284551548733 0.15791939990632164 0.20723527121699581 0.11797908823418829 -0.28992153932473358 -0.022037550842918831 -0.37785572569886572 0.10066970763605232 -0.15883374082158019 -0.1963935042194713 -0.31479718565275983 0.12393856396581784 0.34343609277260279 -0.16766857079030828 0.32547914667082811 0.1853868512008453 -0.16350692572583034 -0.31174482165252065 0.0044240015601663355 0.1823663965633272 -0.10646205939879234 -0.30901786915309198 -0.055071031798024445 0.27436479759549154 0.29776046297513997 0.36108875630798115 0.3315380992536418 0.092241305872978255 0.11627413526937645 -0.15369108657302955 -0.13747181907077019 0.39144985829540996 0.36559240535063098 -0.32452234497340698 0.0035562620750814846 0.32376562280481197 -0.1042794558313907 0.36985502933158609 -0.39264814911398488 0.17692252955264831 0 0 0 0 0 0 0 0 0 0 0 0 0 0 0 0 0 0 0 0.065788480908527069 0 0 0 0 0 0 0 0 0 0 0 0 0 0 0 0 0 0 0 0 0 0 0 0 0 0 0 0 0 0 0 0 0 0 0 0 0 0 0 0 0 0 0 0 0 0 0 0 0 0.82309207228752701 0 0 0 0 0 0 0 0 0 0 0 0 0 0 0 0 0 0 0 0 0 0 0 0 0 0 0 0 0 0 0 0 0 0 0 0 0 0 0 0 0 0 0 0 0 0 0 0 0 -0.56408449395207871 0 0 0 0 0 0 0 0 0 0 0 0 0 0 0 0 0 0 0 0 0 0 0 0 0 0 0 0 0 0 0 2 1
0.6546536707079772 1.0692676621563626 0.30969865922316392 -0.33320095072516054 0.027222769695953011 0.32810953463237857 -0.29417985288246123 -0.25699545782713601 0.22474549959249457 -0.05296676695912339 -0.14310284551548733 0.15791939990632164 0.20723527121699581 0.11797908823418829 -0.28992153932473358 -0.022037550842918831 -0.37785572569886572 0.10066970763605232 -0.15883374082158019 -0.1963935042194713 -0.31479718565275983 0.12393856396581784 0.34343609277260279 -0.16766857079030828 0.32547914667082811 0.1853868512008453 -0.16350692572583034 -0.31174482165252065 0.0044240015601663355 0.1823663965633272 -0.10646205939879234 -0.30901786915309198 -0.055071031798024445 0.27436479759549154 0.29776046297513997 0.36108875630798115 0.3315380992536418 0.092241305872978255 0.11627413526937645 -0.15369108657302955 -0.13747181907077019 0.39144985829540996 0.36559240535063098 -0.32452234497340698 0.0035562620750814846 0.32376562280481197 -0.1042794558313907 0.36985502933158609 -0.39264814911398488 0.17692252955264831 0 0 0 0 0 0 0 0 0 0 0 0 0 0 0 0 0 0 0 0 0.065788480908527069 0 0 0 0 0 0 0 0 0 0 0 0 0 0 0 0 0 0 0 0 0 0 0 0 0 0 0 0 0 0 0 0 0 0 0 0 0 0 0 0 0 0 0 0 0 0 0 0 0 0.82309207228752701 0 0 0 0 0 0 0 0 0 0 0 0 0 0 0 0 0 0 0 0 0 0 0 0 0 0 0 0 0 0 0 0 0 0 0 0 0 0 0 0 0 0 0 0 0 0 0 0 0 -0.56408449395207871 0 0 0 0 0 0 0 0 0 0 0 0 0 0 0 0 0 0 0 0 0 0 0 0 0 0 0 0 0 0 2 1
0.6546536707079772 1.0692676621563626 0.30969865922316392 -0.33320095072516054 0.027222769695953011 0.32810953463237857 -0.29417985288246123 -0.25699545782713601 0.22474549959249457 -0.05296676695912339 -0.14310284551548733 0.15791939990632164 0.20723527121699581 0.11797908823418829 -0.28992153932473358 -0.022037550842918831 -0.37785572569886572 0.10066970763605232 -0.15883374082158019 -0.1963935042194713 -0.31479718565275983 0.12393856396581784 0.34343609277260279 -0.16766857079030828 0.32547914667082811 0.1853868512008453 -0.16350692572583034 -0.31174482165252065 0.0044240015601663355 0.1823663965633272 -0.10646205939879234 -0.30901786915309198 -0.055071031798024445 0.27436479759549154 0.29776046297513997 0.36108875630798115 0.3315380992536418 0.092241305872978255 0.11627413526937645 -0.15369108657302955 -0.13747181907077019 0.39144985829540996 0.36559240535063098 -0.32452234497340698 0.0035562620750814846 0.32376562280481197 -0.1042794558313907 0.36985502933158609 -0.39264814911398488 0.17692252955264831 0 0 0 0 0 0 0 0 0 0 0 0 0 0 0 0 0 0 0 0 0 0.065788480908527069 0 0 0 0 0 0 0 0 0 0 0 0 0 0 0 0 0 0 0 0 0 0 0 0 0 0 0 0 0 0 0 0 0 0 0 0 0 0 0 0 0 0 0 0 0 0 0 0 0 0.82309207228752701 0 0 0 0 0 0 0 0 0 0 0 0 0 0 0 0 0 0 0 0 0 0 0 0 0 0 0 0 0 0 0 0 0 0 0 0 0 0 0 0 0 0 0 0 0 0 0 0 0 -0.56408449395207871 0 0 0 0 0 0 0 0 0 0 0 0 0 0 0 0 0 0 0 0 0 0 0 0 0 0 0 0 0 2 1
0.6546536707079772 1.0692676621563626 0.30969865922316392 -0.33320095072516054 0.027222769695953011 0.32810953463237857 -0.29417985288246123 -0.25699545782713601 0.22474549959249457 -0.05296676695912339 -0.14310284551548733 0.15791939990632164 0.20723527121699581 0.11797908823418829 -0.28992153932473358 -0.022037550842918831 -0.37785572569886572 0.10066970763605232 -0.15883374082158019 -0.1963935042194713 -0.31479718565275983 0.12393856396581784 0.34343609277260279 -0.16766857079030828 0.32547914667082811 0.1853868512008453 -0.16350692572583034 -0.31174482165252065 0.0044240015601663355 0.1823663965633272 -0.10646205939879234 -0.30901786915309198 -0.055071031798024445 0.27436479759549154 0.29776046297513997 0.36108875630798115 0.3315380992536418 0.092241305872978255 0.11627413526937645 -0.15369108657302955 -0.13747181907077019 0.39144985829540996 0.36559240535063098 -0.32452234497340698 0.0035562620750814846 0.32376562280481197 -0.1042794558313907 0.36985502933158609 -0.39264814911398488 0.17692252955264831 0 0 0 0 0 0 0 0 0 0 0 0 0 0 0 0 0 0 0 0 0 0 0.065788480908527069 0 0 0 0 0 0 0 0 0 0 0 0 0 0 0 0 0 0 0 0 0 0 0 0 0 0 0 0 0 0 0 0 0 0 0 0 0 0 0 0 0 0 0 0 0 0 0 0 0 0.82309207228752701 0 0 0 0 0 0 0 0 0 0 0 0 0 0 0 0 0 0 0 0 0 0 0 0 0 0 0 0 0 0 0 0 0 0 0 0 0 0 0 0 0 0 0 0 0 0 0 0 0 -0.56408449395207871 0 0 0 0 0 0 0 0 0 0 0 0 0 0 0 0 0 0 0 0 0 0 0 0 0 0 0 0 2 1
0.6546536707079772 1.0692676621563626 0.30969865922316392 -0.33320095072516054 0.027222769695953011 0.32810953463237857 -0.29417985288246123 -0.25699545782713601 0.22474549959249457 -0.05296676695912339 -0.14310284551548733 0.15791939990632164 0.20723527121699581 0.11797908823418829 -0.28992153932473358 -0.022037550842918831 -0.37785572569886572 0.10066970763605232 -0.15883374082158019 -0.1963935042194713 -0.31479718565275983 0.12393856396581784 0.34343609277260279 -0.16766857079030828 0.32547914667082811 0.1853868512008453 -0.16350692572583034 -0.31174482165252065 0.0044240015601663355 0.1823663965633272 -0.10646205939879234 -0.30901786915309198 -0.055071031798024445 0.27436479759549154 0.29776046297513997 0.36108875630798115 0.3315380992536418 0.092241305872978255 0.11627413526937645 -0.15369108657302955 -0.13747181907077019 0.39144985829540996 0.36559240535063098 -0.32452234497340698 0.0035562620750814846 0.32376562280481197 -0.1042794558313907 0.36985502933158609 -0.39264814911398488 0.17692252955264831 0 0 0 0 0 0 0 0 0 0 0 0 0 0 0 0 0 0 0 0 0 0 0 0.065788480908527069 0 0 0 0 0 0 0 0 0 0 0 0 0 0 0 0 0 0 0 0 0 0 0 0 0 0 0 0 0 0 0 0 0 0 0 0 0 0 0 0 0 0 0 0 0 0 0 0 0 0.82309207228752701 0 0 0 0 0 0 0 0 0 0 0 0 0 0 0 0 0 0 0 0 0 0 0 0 0 0 0 0 0 0 0 0 0 0 0 0 0 0 0 0 0 0 0 0 0 0 0 0 0 -0.56408449395207871 0 0 0 0 0 0 0 0 0 0 0 0 0 0 0 0 0 0 0 0 0 0 0 0 0 0 0 2 1
0.6546536707079772 1.0692676621563626 0.30969865922316392 -0.33320095072516054 0.027222769695953011 0.32810953463237857 -0.29417985288246123 -0.25699545782713601 0.22474549959249457 -0.05296676695912339 -0.14310284551548733 0.15791939990632164 0.20723527121699581 0.11797908823418829 -0.28992153932473358 -0.022037550842918831 -0.37785572569886572 0.10066970763605232 -0.15883374082158019 -0.1963935042194713 -0.31479718565275983 0.12393856396581784 0.34343609277260279 -0.16766857079030828 0.32547914667082811 0.1853868512008453 -0.16350692572583034 -0.31174482165252065 0.0044240015601663355 0.1823663965633272 -0.10646205939879234 -0.30901786915309198 -0.055071031798024445 0.27436479759549154 0.29776046297513997 0.36108875630798115 0.3315380992536418 0.092241305872978255 0.11627413526937645 -0.15369108657302955 -0.13747181907077019 0.39144985829540996 0.36559240535063098 -0.32452234497340698 0.0035562620750814846 0.32376562280481197 -0.1042794558313907 0.36985502933158609 -0.39264814911398488 0.17692252955264831 0 0 0 0 0 0 0 0 0 0 0 0 0 0 0 0 0 0 0 0 0 0 0 0 0.065788480908527069 0 0 0 0 0 0 0 0 0 0 0 0 0 0 0 0 0 0 0 0 0 0 0 0 0 0 0 0 0 0 0 0 0 0 0 0 0 0 0 0 0 0 0 0 0 0 0 0 0 0.82309207228752701 0 0 0 0 0 0 0 0 0 0 0 0 0 0 0 0 0 0 0 0 0 0 0 0 0 0 0 0 0 0 0 0 0 0 0 0 0 0 0 0 0 0 0 0 0 0 0 0 0 -0.56408449395207871 0 0 0 0 0 0 0 0 0 0 0 0 0 0 0 0 0 0 0 0 0 0 0 0 0 0 2 1
0.6546536707079772 1.0692676621563626 0.30969865922316392 -0.33320095072516054 0.027222769695953011 0.32810953463237857 -0.29417985288246123 -0.25699545782713601 0.22474549959249457 -0.05296676695912339 -0.14310284551548733 0.15791939990632164 0.20723527121699581 0.11797908823418829 -0.28992153932473358 -0.022037550842918831 -0.37785572569886572 0.10066970763605232 -0.15883374082158019 -0.1963935042194713 -0.31479718565275983 0.12393856396581784 0.34343609277260279 -0.16766857079030828 0.32547914667082811 0.1853868512008453 -0.16350692572583034 -0.31174482165252065 0.0044240015601663355 0.1823663965633272 -0.10646205939879234 -0.30901786915309198 -0.055071031798024445 0.27436479759549154 0.29776046297513997 0.36108875630798115 0.3315380992536418 0.092241305872978255 0.11627413526937645 -0.15369108657302955 -0.13747181907077019 0.39144985829540996 0.36559240535063098 -0.32452234497340698 0.0035562620750814846 0.32376562280481197 -0.1042794558313907 0.36985502933158609 -0.39264814911398488 0.17692252955264831 0 0 0 0 0 0 0 0 0 0 0 0 0 0 0 0 0 0 0 0 0 0 0 0 0 0.065788480908527069 0 0 0 0 0 0 0 0 0 0 0 0 0 0 0 0 0 0 0 0 0 0 0 0 0 0 0 0 0 0 0 0 0 0 0 0 0 0 0 0 0 0 0 0 0 0 0 0 0 0.82309207228752701 0 0 0 0 0 0 0 0 0 0 0 0 0 0 0 0 0 0 0 0 0 0 0 0 0 0 0 0 0 0 0 0 0 0 0 0 0 0 0 0 0 0 0 0 0 0 0 0 0 -0.56408449395207871 0 0 0 0 0 0 0 0 0 0 0 0 0 0 0 0 0 0 0 0 0 0 0 0 0 2 1
0.6546536707079772 1.0692676621563626 0.30969865922316392 -0.33320095072516054 0.027222769695953011 0.32810953463237857 -0.29417985288246123 -0.25699545782713601 0.22474549959249457 -0.05296676695912339 -0.14310284551548733 0.15791939990632164 0.20723527121699581 0.11797908823418829 -0.28992153932473358 -0.022037550842918831 -0.37785572569886572 0.10066970763605232 -0.15883374082158019 -0.1963935042194713 -0.31479718565275983 0.12393856396581784 0.34343609277260279 -0.16766857079030828 0.32547914667082811 0.1853868512008453 -0.16350692572583034 -0.31174482165252065 0.0044240015601663355 0.1823663965633272 -0.10646205939879234 -0.30901786915309198 -0.055071031798024445 0.27436479759549154 0.29776046297513997 0.36108875630798115 0.3315380992536418 0.092241305872978255 0.11627413526937645 -0.15369108657302955 -0.13747181907077019 0.39144985829540996 0.36559240535063098 -0.32452234497340698 0.0035562620750814846 0.32376562280481197 -0.1042794558313907 0.36985502933158609 -0.39264814911398488 0.17692252955264831 0 0 0 0 0 0 0 0 0 0 0 0 0 0 0 0 0 0 0 0 0 0 0 0 0 0 0.065788480908527069 0 0 0 0 0 0 0 0 0 0 0 0 0 0 0 0 0 0 0 0 0 0 0 0 0 0 0 0 0 0 0 0 0 0 0 0 0 0 0 0 0 0 0 0 0 0 0 0 0 0.82309207228752701 0 0 0 0 0 0 0 0 0 0 0 0 0 0 0 0 0 0 0 0 0 0 0 0 0 0 0 0 0 0 0 0 0 0 0 0 0 0 0 0 0 0 0 0 0 0 0 0 0 -0.56408449395207871 0 0 0 0 0 0 0 0 0 0 0 0 0 0 0 0 0 0 0 0 0 0 0 0 2 1
0.6546536707079772 1.0692676621563626 0.30969865922316392 -0.33320095072516054 0.027222769695953011 0.32810953463237857 -0.29417985288246123 -0.25699545782713601 0.22474549959249457 -0.05296676695912339 -0.14310284551548733 0.15791939990632164 0.20723527121699581 0.11797908823418829 -0.28992153932473358 -0.022037550842918831 -0.37785572569886572 0.10066970763605232 -0.15883374082158019 -0.1963935042194713 -0.31479718565275983 0.12393856396581784 0.34343609277260279 -0.16766857079030828 0.32547914667082811 0.1853868512008453 -0.16350692572583034 -0.31174482165252065 0.0044240015601663355 0.1823663965633272 -0.10646205939879234 -0.30901786915309198 -0.055071031798024445 0.27436479759549154 0.29776046297513997 0.36108875630798115 0.3315380992536418 0.092241305872978255 0.11627413526937645 -0.15369108657302955 -0.13747181907077019 0.39144985829540996 0.36559240535063098 -0.32452234497340698 0.0035562620750814846 0.32376562280481197 -0.1042794558313907 0.36985502933158609 -0.39264814911398488 0.17692252955264831 0 0 0 0 0 0 0 0 0 0 0 0 0 0 0 0 0 0 0 0 0 0 0 0 0 0 0 0.065788480908527069 0 0 0 0 0 0 0 0 0 0 0 0 0 0 0 0 0 0 0 0 0 0 0 0 0 0 0 0 0 0 0 0 0 0 0 0 0 0 0 0 0 0 0 0 0 0 0 0 0 0.82309207228752701 0 0 0 0 0 0 0 0 0 0 0 0 0 0 0 0 0 0 0 0 0 0 0 0 0 0 0 0 0 0 0 0 0 0 0 0 0 0 0 0 0 0 0 0 0 0 0 0 0 -0.56408449395207871 0 0 0 0 0 0 0 0 0 0 0 0 0 0 0 0 0 0 0 0 0 0 0 2 1
0.6546536707079772 1.0692676621563626 0.30969865922316392 -0.33320095072516054 0.027222769695953011 0.32810953463237857 -0.29417985288246123 -0.25699545782713601 0.22474549959249457 -0.05296676695912339 -0.14310284551548733 0.15791939990632164 0.20723527121699581 0.11797908823418829 -0.28992153932473358 -0.022037550842918831 -0.37785572569886572 0.10066970763605232 -0.15883374082158019 -0.1963935042194713 -0.31479718565275983 0.12393856396581784 0.34343609277260279 -0.16766857079030828 0.32547914667082811 0.1853868512008453 -0.16350692572583034 -0.31174482165252065 0.0044240015601663355 0.1823663965633272 -0.10646205939879234 -0.30901786915309198 -0.055071031798024445 0.27436479759549154 0.29776046297513997 0.36108875630798115 0.3315380992536418 0.092241305872978255 0.11627413526937645 -0.15369108657302955 -0.13747181907077019 0.39144985829540996 0.36559240535063098 -0.32452234497340698 0.0035562620750814846 0.32376562280481197 -0.1042794558313907 0.36985502933158609 -0.39264814911398488 0.17692252955264831 0 0 0 0 0 0 0 0 0 0 0 0 0 0 0 0 0 0 0 0 0 0 0 0 0 0 0 0 0.065788480908527069 0 0 0 0 0 0 0 0 0 0 0 0 0 0 0 0 0 0 0 0 0 0 0 0 0 0 0 0 0 0 0 0 0 0 0 0 0 0 0 0 0 0 0 0 0 0 0 0 0 0.82309207228752701 0 0 0 0 0 0 0 0 0 0 0 0 0 0 0 0 0 0 0 0 0 0 0 0 0 0 0 0 0 0 0 0 0 0 0 0 0 0 0 0 0 0 0 0 0 0 0 0 0 -0.56408449395207871 0 0 0 0 0 0 0 0 0 0 0 0 0 0 0 0 0 0 0 0 0 0 2 1
0.6546536707079772 1.0692676621563626 0.30969865922316392 -0.33320095072516054 0.027222769695953011 0.32810953463237857 -0.29417985288246123 -0.25699545782713601 0.22474549959249457 -0.05296676695912339 -0.14310284551548733 0.15791939990632164 0.20723527121699581 0.11797908823418829 -0.28992153932473358 -0.022037550842918831 -0.37785572569886572 0.10066970763605232 -0.15883374082158019 -0.1963935042194713 -0.31479718565275983 0.12393856396581784 0.34343609277260279 -0.16766857079030828 0.32547914667082811 0.1853868512008453 -0.16350692572583034 -0.31174482165252065 0.0044240015601663355 0.1823663965633272 -0.10646205939879234 -0.30901786915309198 -0.055071031798024445 0.27436479759549154 0.29776046297513997 0.36108875630798115 0.3315380992536418 0.092241305872978255 0.11627413526937645 -0.15369108657302955 -0.13747181907077019 0.39144985829540996 0.36559240535063098 -0.32452234497340698 0.0035562620750814846 0.32376562280481197 -0.1042794558313907 0.36985502933158609 -0.39264814911398488 0.17692252955264831 0 0 0 0 0 0 0 0 0 0 0 0 0 0 0 0 0 0 0 0 0 0 0 0 0 0 0 0 0 0.065788480908527069 0 0 0 0 0 0 0 0 0 0 0 0 0 0 0 0 0 0 0 0 0 0 0 0 0 0 0 0 0 0 0 0 0 0 0 0 0 0 0 0 0 0 0 0 0 0 0 0 0 0.82309207228752701 0 0 0 0 0 0 0 0 0 0 0 0 0 0 0 0 0 0 0 0 0 0 0 0 0 0 0 0 0 0 0 0 0 0 0 0 0 0 0 0 0 0 0 0 0 0 0 0 0 -0.56408449395207871 0 0 0 0 0 0 0 0 0 0 0 0 0 0 0 0 0 0 0 0 0 2 1
0.6546536707079772 1.0692676621563626 0.30969865922316392 -0.33320095072516054 0.027222769695953011 0.32810953463237857 -0.29417985288246123 -0.25699545782713601 0.22474549959249457 -0.05296676695912339 -0.14310284551548733 0.15791939990632164 0.20723527121699581 0.11797908823418829 -0.28992153932473358 -0.022037550842918831 -0.37785572569886572 0.10066970763605232 -0.15883374082158019 -0.1963935042194713 -0.31479718565275983 0.12393856396581784 0.34343609277260279 -0.16766857079030828 0.32547914667082811 0.1853868512008453 -0.16350692572583034 -0.31174482165252065 0.0044240015601663355 0.1823663965633272 -0.10646205939879234 -0.30901786915309198 -0.055071031798024445 0.27436479759549154 0.29776046297513997 0.36108875630798115 0.3315380992536418 0.092241305872978255 0.11627413526937645 -0.15369108657302955 -0.13747181907077019 0.39144985829540996 0.36559240535063098 -0.32452234497340698 0.0035562620750814846 0.32376562280481197 -0.1042794558313907 0.36985502933158609 -0.39264814911398488 0.17692252955264831 0 0 0 0 0 0 0 0 0 0 0 0 0 0 0 0 0 0 0 0 0 0 0 0 0 0 0 0 0 0 0.065788480908527069 0 0 0 0 0 0 0 0 0 0 0 0 0 0 0 0 0 0 0 0 0 0 0 0 0 0 0 0 0 0 0 0 0 0 0 0 0 0 0 0 0 0 0 0 0 0 0 0 0 0.82309207228752701 0 0 0 0 0 0 0 0 0 0 0 0 0 0 0 0 0 0 0 0 0 0 0 0 0 0 0 0 0 0 0 0 0 0 0 0 0 0 0 0 0 0 0 0 0 0 0 0 0 -0.56408449395207871 0 0 0 0 0 0 0 0 0 0 0 0 0 0 0 0 0 0 0 0 2 1
0.6546536707079772 1.0692676621563626 0.30969865922316392 -0.33320095072516054 0.027222769695953011 0.32810953463237857 -0.29417985288246123 -0.25699545782713601 0.22474549959249457 -0.05296676695912339 -0.14310284551548733 0.15791939990632164 0.20723527121699581 0.11797908823418829 -0.28992153932473358 -0.022037550842918831 -0.37785572569886572 0.10066970763605232 -0.15883374082158019 -0.1963935042194713 -0.31479718565275983 0.12393856396581784 0.34343609277260279 -0.16766857079030828 0.32547914667082811 0.1853868512008453 -0.16350692572583034 -0.31174482165252065 0.0044240015601663355 0.1823663965633272 -0.10646205939879234 -0.30901786915309198 -0.055071031798024445 0.27436479759549154 0.29776046297513997 0.36108875630798115 0.3315380992536418 0.092241305872978255 0.11627413526937645 -0.15369108657302955 -0.13747181907077019 0.39144985829540996 0.36559240535063098 -0.32452234497340698 0.0035562620750814846 0.32376562280481197 -0.1042794558313907 0.36985502933158609 -0.39264814911398488 0.17692252955264831 0 0 0 0 0 0 0 0 0 0 0 0 0 0 0 0 0 0 0 0 0 0 0 0 0 0 0 0 0 0 0 0.065788480908527069 0 0 0 0 0 0 0 0 0 0 0 0 0 0 0 0 0 0 0 0 0 0 0 0 0 0 0 0 0 0 0 0 0 0 0 0 0 0 0 0 0 0 0 0 0 0 0 0 0 0.82309207228752701 0 0 0 0 0 0 0 0 0 0 0 0 0 0 0 0 0 0 0 0 0 0 0 0 0 0 0 0 0 0 0 0 0 0 0 0 0 0 0 0 0 0 0 0 0 0 0 0 0 -0.56408449395207871 0 0 0 0 0 0 0 0 0 0 0 0 0 0 0 0 0 0 0 2 1
0.6546536707079772 1.0692676621563626 0.30969865922316392 -0.33320095072516054 0.027222769695953011 0.32810953463237857 -0.29417985288246123 -0.25699545782713601 0.22474549959249457 -0.05296676695912339 -0.14310284551548733 0.15791939990632164 0.20723527121699581 0.11797908823418829 -0.28992153932473358 -0.022037550842918831 -0.37785572569886572 0.10066970763605232 -0.15883374082158019 -0.1963935042194713 -0.31479718565275983 0.12393856396581784 0.34343609277260279 -0.16766857079030828 0.32547914667082811 0.1853868512008453 -0.16350692572583034 -0.31174482165252065 0.0044240015601663355 0.1823663965633272 -0.10646205939879234 -0.30901786915309198 -0.055071031798024445 0.27436479759549154 0.29776046297513997 0.36108875630798115 0.3315380992536418 0.092241305872978255 0.11627413526937645 -0.15369108657302955 -0.13747181907077019 0.39144985829540996 0.36559240535063098 -0.32452234497340698 0.0035562620750814846 0.32376562280481197 -0.1042794558313907 0.36985502933158609 -0.39264814911398488 0.17692252955264831 0 0 0 0 0 0 0 0 0 0 0 0 0 0 0 0 0 0 0 0 0 0 0 0 0 0 0 0 0 0 0 0 0.065788480908527069 0 0 0 0 0 0 0 0 0 0 0 0 0 0 0 0 0 0 0 0 0 0 0 0 0 0 0 0 0 0 0 0 0 0 0 0 0 0 0 0 0 0 0 0 0 0 0 0 0 0.82309207228752701 0 0 0 0 0 0 0 0 0 0 0 0 0 0 0 0 0 0 0 0 0 0 0 0 0 0 0 0 0 0 0 0 0 0 0 0 0 0 0 0 0 0 0 0 0 0 0 0 0 -0.56408449395207871 0 0 0 0 0 0 0 0 0 0 0 0 0 0 0 0 0 0 2 1
0.6546536707079772 1.0692676621563626 0.30969865922316392 -0.33320095072516054 0.027222769695953011 0.32810953463237857 -0.29417985288246123 -0.25699545782713601 0.22474549959249457 -0.05296676695912339 -0.14310284551548733 0.15791939990632164 0.20723527121699581 0.11797908823418829 -0.28992153932473358 -0.022037550842918831 -0.37785572569886572 0.10066970763605232 -0.15883374082158019 -0.1963935042194713 -0.31479718565275983 0.12393856396581784 0.34343609277260279 -0.16766857079030828 0.32547914667082811 0.1853868512008453 -0.16350692572583034 -0.31174482165252065 0.0044240015601663355 0.1823663965633272 -0.10646205939879234 -0.30901786915309198 -0.055071031798024445 0.27436479759549154 0.29776046297513997 0.36108875630798115 0.3315380992536418 0.092241305872978255 0.11627413526937645 -0.15369108657302955 -0.13747181907077019 0.39144985829540996 0.36559240535063098 -0.32452234497340698 0.0035562620750814846 0.32376562280481197 -0.1042794558313907 0.36985502933158609 -0.39264814911398488 0.17692252955264831 0 0 0 0 0 0 0 0 0 0 0 0 0 0 0 0 0 0 0 0 0 0 0 0 0 0 0 0 0 0 0 0 0 0.065788480908527069 0 0 0 0 0 0 0 0 0 0 0 0 0 0 0 0 0 0 0 0 0 0 0 0 0 0 0 0 0 0 0 0 0 0 0 0 0 0 0 0 0 0 0 0 0 0 0 0 0 0.82309207228752701 0 0 0 0 0 0 0 0 0 0 0 0 0 0 0 0 0 0 0 0 0 0 0 0 0 0 0 0 0 0 0 0 0 0 0 0 0 0 0 0 0 0 0 0 0 0 0 0 0 -0.56408449395207871 0 0 0 0 0 0 0 0 0 0 0 0 0 0 0 0 0 2 1
0.6546536707079772 1.0692676621563626 0.30969865922316392 -0.33320095072516054 0.027222769695953011 0.32810953463237857 -0.29417985288246123 -0.25699545782713601 0.22474549959249457 -0.05296676695912339 -0.14310284551548733 0.15791939990632164 0.20723527121699581 0.11797908823418829 -0.28992153932473358 -0.022037550842918831 -0.37785572569886572 0.10066970763605232 -0.15883374082158019 -0.1963935042194713 -0.31479718565275983 0.12393856396581784 0.34343609277260279 -0.16766857079030828 0.32547914667082811 0.1853868512008453 -0.16350692572583034 -0.31174482165252065 0.0044240015601663355 0.1823663965633272 -0.10646205939879234 -0.30901786915309198 -0.055071031798024445 0.27436479759549154 0.29776046297513997 0.36108875630798115 0.3315380992536418 0.092241305872978255 0.11627413526937645 -0.15369108657302955 -0.13747181907077019 0.39144985829540996 0.36559240535063098 -0.32452234497340698 0.0035562620750814846 0.32376562280481197 -0.1042794558313907 0.36985502933158609 -0.39264814911398488 0.17692252955264831 0 0 0 0 0 0 0 0 0 0 0 0 0 0 0 0 0 0 0 0 0 0 0 0 0 0 0 0 0 0 0 0 0 0 0.065788480908527069 0 0 0 0 0 0 0 0 0 0 0 0 0 0 0 0 0 0 0 0 0 0 0 0 0 0 0 0 0 0 0 0 0 0 0 0 0 0 0 0 0 0 0 0 0 0 0 0 0 0.82309207228752701 0 0 0 0 0 0 0 0 0 0 0 0 0 0 0 0 0 0 0 0 0 0 0 0 0 0 0 0 0 0 0 0 0 0 0 0 0 0 0 0 0 0 0 0 0 0 0 0 0 -0.56408449395207871 0 0 0 0 0 0 0 0 0 0 0 0 0 0 0 0 2 1
0.6546536707079772 1.0692676621563626 0.30969865922316392 -0.33320095072516054 0.027222769695953011 0.32810953463237857 -0.29417985288246123 -0.25699545782713601 0.22474549959249457 -0.05296676695912339 -0.14310284551548733 0.15791939990632164 0.20723527121699581 0.11797908823418829 -0.28992153932473358 -0.022037550842918831 -0.37785572569886572 0.10066970763605232 -0.15883374082158019 -0.1963935042194713 -0.31479718565275983 0.12393856396581784 0.34343609277260279 -0.16766857079030828 0.32547914667082811 0.1853868512008453 -0.16350692572583034 -0.31174482165252065 0.0044240015601663355 0.1823663965633272 -0.10646205939879234 -0.30901786915309198 -0.055071031798024445 0.27436479759549154 0.29776046297513997 0.36108875630798115 0.3315380992536418 0.092241305872978255 0.11627413526937645 -0.15369108657302955 -0.13747181907077019 0.39144985829540996 0.36559240535063098 -0.32452234497340698 0.0035562620750814846 0.32376562280481197 -0.1042794558313907 0.36985502933158609 -0.39264814911398488 0.17692252955264831 0 0 0 0 0 0 0 0 0 0 0 0 0 0 0 0 0 0 0 0 0 0 0 0 0 0 0 0 0 0 0 0 0 0 0 0.065788480908527069 0 0 0 0 0 0 0 0 0 0 0 0 0 0 0 0 0 0 0 0 0 0 0 0 0 0 0 0 0 0 0 0 0 0 0 0 0 0 0 0 0 0 0 0 0 0 0 0 0 0.82309207228752701 0 0 0 0 0 0 0 0 0 0 0 0 0 0 0 0 0 0 0 0 0 0 0 0 0 0 0 0 0 0 0 0 0 0 0 0 0 0 0 0 0 0 0 0 0 0 0 0 0 -0.56408449395207871 0 0 0 0 0 0 0 0 0 0 0 0 0 0 0 2 1
0.6546536707079772 1.0692676621563626 0.30969865922316392 -0.33320095072516054 0.027222769695953011 0.32810953463237857 -0.29417985288246123 -0.25699545782713601 0.22474549959249457 -0.05296676695912339 -0.14310284551548733 0.15791939990632164 0.20723527121699581 0.11797908823418829 -0.28992153932473358 -0.022037550842918831 -0.37785572569886572 0.10066970763605232 -0.15883374082158019 -0.1963935042194713 -0.31479718565275983 0.12393856396581784 0.34343609277260279 -0.16766857079030828 0.32547914667082811 0.1853868512008453 -0.16350692572583034 -0.31174482165252065 0.0044240015601663355 0.1823663965633272 -0.10646205939879234 -0.30901786915309198 -0.055071031798024445 0.27436479759549154 0.29776046297513997 0.36108875630798115 0.3315380992536418 0.092241305872978255 0.11627413526937645 -0.15369108657302955 -0.13747181907077019 0.39144985829540996 0.36559240535063098 -0.32452234497340698 0.0035562620750814846 0.32376562280481197 -0.1042794558313907 0.36985502933158609 -0.39264814911398488 0.17692252955264831 0 0 0 0 0 0 0 0 0 0 0 0 0 0 0 0 0 0 0 0 0 0 0 0 0 0 0 0 0 0 0 0 0 0 0 0 0.065788480908527069 0 0 0 0 0 0 0 0 0 0 0 0 0 0 0 0 0 0 0 0 0 0 0 0 0 0 0 0 0 0 0 0 0 0 0 0 0 0 0 0 0 0 0 0 0 0 0 0 0 0.82309207228752701 0 0 0 0 0 0 0 0 0 0 0 0 0 0 0 0 0 0 0 0 0 0 0 0 0 0 0 0 0 0 0 0 0 0 0 0 0 0 0 0 0 0 0 0 0 0 0 0 0 -0.56408449395207871 0 0 0 0 0 0 0 0 0 0 0 0 0 0 2 1
0.6546536707079772 1.0692676621563626 0.30969865922316392 -0.33320095072516054 0.027222769695953011 0.32810953463237857 -0.29417985288246123 -0.25699545782713601 0.22474549959249457 -0.05296676695912339 -0.14310284551548733 0.15791939990632164 0.20723527121699581 0.11797908823418829 -0.28992153932473358 -0.022037550842918831 -0.37785572569886572 0.10066970763605232 -0.15883374082158019 -0.1963935042194713 -0.31479718565275983 0.12393856396581784 0.34343609277260279 -0.16766857079030828 0.32547914667082811 0.1853868512008453 -0.16350692572583034 -0.31174482165252065 0.0044240015601663355 0.1823663965633272 -0.10646205939879234 -0.30901786915309198 -0.055071031798024445 0.27436479759549154 0.29776046297513997 0.36108875630798115 0.3315380992536418 0.092241305872978255 0.11627413526937645 -0.15369108657302955 -0.13747181907077019 0.39144985829540996 0.36559240535063098 -0.32452234497340698 0.0035562620750814846 0.32376562280481197 -0.1042794558313907 0.36985502933158609 -0.39264814911398488 0.17692252955264831 0 0 0 0 0 0 0 0 0 0 0 0 0 0 0 0 0 0 0 0 0 0 0 0 0 0 0 0 0 0 0 0 0 0 0 0 0 0.065788480908527069 0 0 0 0 0 0 0 0 0 0 0 0 0 0 0 0 0 0 0 0 0 0 0 0 0 0 0 0 0 0 0 0 0 0 0 0 0 0 0 0 0 0 0 0 0 0 0 0 0 0.82309207228752701 0 0 0 0 0 0 0 0 0 0 0 0 0 0 0 0 0 0 0 0 0 0 0 0 0 0 0 0 0 0 0 0 0 0 0 0 0 0 0 0 0 0 0 0 0 0 0 0 0 -0.56408449395207871 0 0 0 0 0 0 0 0 0 0 0 0 0 2 1
0.6546536707079772 1.0692676621563626 0.30969865922316392 -0.33320095072516054 0.027222769695953011 0.32810953463237857 -0.29417985288246123 -0.25699545782713601 0.22474549959249457 -0.05296676695912339 -0.14310284551548733 0.15791939990632164 0.20723527121699581 0.11797908823418829 -0.28992153932473358 -0.022037550842918831 -0.37785572569886572 0.10066970763605232 -0.15883374082158019 -0.1963935042194713 -0.31479718565275983 0.12393856396581784 0.34343609277260279 -0.16766857079030828 0.32547914667082811 0.1853868512008453 -0.16350692572583034 -0.31174482165252065 0.0044240015601663355 0.1823663965633272 -0.10646205939879234 -0.30901786915309198 -0.055071031798024445 0.27436479759549154 0.29776046297513997 0.36108875630798115 0.3315380992536418 0.092241305872978255 0.11627413526937645 -0.15369108657302955 -0.13747181907077019 0.39144985829540996 0.36559240535063098 -0.32452234497340698 0.0035562620750814846 0.32376562280481197 -0.1042794558313907 0.36985502933158609 -0.39264814911398488 0.17692252955264831 0 0 0 0 0 0 0 0 0 0 0 0 0 0 0 0 0 0 0 0 0 0 0 0 0 0 0 0 0 0 0 0 0 0 0 0 0 0 0.065788480908527069 0 0 0 0 0 0 0 0 0 0 0 0 0 0 0 0 0 0 0 0 0 0 0 0 0 0 0 0 0 0 0 0 0 0 0 0 0 0 0 0 0 0 0 0 0 0 0 0 0 0.82309207228752701 0 0 0 0 0 0 0 0 0 0 0 0 0 0 0 0 0 0 0 0 0 0 0 0 0 0 0 0 0 0 0 0 0 0 0 0 0 0 0 0 0 0 0 0 0 0 0 0 0 -0.56408449395207871 0 0 0 0 0 0 0 0 0 0 0 0 2 1
0.6546536707079772 1.0692676621563626 0.30969865922316392 -0.33320095072516054 0.027222769695953011 0.32810953463237857 -0.29417985288246123 -0.25699545782713601 0.22474549959249457 -0.05296676695912339 -0.14310284551548733 0.15791939990632164 0.20723527121699581 0.11797908823418829 -0.28992153932473358 -0.022037550842918831 -0.37785572569886572 0.10066970763605232 -0.15883374082158019 -0.1963935042194713 -0.31479718565275983 0.12393856396581784 0.34343609277260279 -0.16766857079030828 0.32547914667082811 0.1853868512008453 -0.16350692572583034 -0.31174482165252065 0.0044240015601663355 0.1823663965633272 -0.10646205939879234 -0.30901786915309198 -0.055071031798024445 0.27436479759549154 0.29776046297513997 0.36108875630798115 0.3315380992536418 0.092241305872978255 0.11627413526937645 -0.15369108657302955 -0.13747181907077019 0.39144985829540996 0.36559240535063098 -0.32452234497340698 0.0035562620750814846 0.32376562280481197 -0.1042794558313907 0.36985502933158609 -0.39264814911398488 0.17692252955264831 0 0 0 0 0 0 0 0 0 0 0 0 0 0 0 0 0 0 0 0 0 0 0 0 0 0 0 0 0 0 0 0 0 0 0 0 0 0 0 0.065788480908527069 0 0 0 0 0 0 0 0 0 0 0 0 0 0 0 0 0 0 0 0 0 0 0 0 0 0 0 0 0 0 0 0 0 0 0 0 0 0 0 0 0 0 0 0 0 0 0 0 0 0.82309207228752701 0 0 0 0 0 0 0 0 0 0 0 0 0 0 0 0 0 0 0 0 0 0 0 0 0 0 0 0 0 0 0 0 0 0 0 0 0 0 0 0 0 0 0 0 0 0 0 0 0 -0.56408449395207871 0 0 0 0 0 0 0 0 0 0 0 2 1
0.6546536707079772 1.0692676621563626 0.30969865922316392 -0.33320095072516054 0.027222769695953011 0.32810953463237857 -0.29417985288246123 -0.25699545782713601 0.22474549959249457 -0.05296676695912339 -0.14310284551548733 0.15791939990632164 0.20723527121699581 0.11797908823418829 -0.28992153932473358 -0.022037550842918831 -0.37785572569886572 0.10066970763605232 -0.15883374082158019 -0.1963935042194713 -0.31479718565275983 0.12393856396581784 0.34343609277260279 -0.16766857079030828 0.32547914667082811 0.1853868512008453 -0.16350692572583034 -0.31174482165252065 0.0044240015601663355 0.1823663965633272 -0.10646205939879234 -0.30901786915309198 -0.055071031798024445 0.27436479759549154 0.29776046297513997 0.36108875630798115 0.3315380992536418 0.092241305872978255 0.11627413526937645 -0.15369108657302955 -0.13747181907077019 0.39144985829540996 0.36559240535063098 -0.32452234497340698 0.0035562620750814846 0.32376562280481197 -0.1042794558313907 0.36985502933158609 -0.39264814911398488 0.17692252955264831 0 0 0 0 0 0 0 0 0 0 0 0 0 0 0 0 0 0 0 0 0 0 0 0 0 0 0 0 0 0 0 0 0 0 0 0 0 0 0 0 0.065788480908527069 0 0 0 0 0 0 0 0 0 0 0 0 0 0 0 0 0 0 0 0 0 0 0 0 0 0 0 0 0 0 0 0 0 0 0 0 0 0 0 0 0 0 0 0 0 0 0 0 0 0.82309207228752701 0 0 0 0 0 0 0 0 0 0 0 0 0 0 0 0 0 0 0 0 0 0 0 0 0 0 0 0 0 0 0 0 0 0 0 0 0 0 0 0 0 0 0 0 0 0 0 0 0 -0.56408449395207871 0 0 0 0 0 0 0 0 0 0 2 1
0.6546536707079772 1.0692676621563626 0.30969865922316392 -0.33320095072516054 0.027222769695953011 0.32810953463237857 -0.29417985288246123 -0.25699545782713601 0.22474549959249457 -0.05296676695912339 -0.14310284551548733 0.15791939990632164 0.20723527121699581 0.11797908823418829 -0.28992153932473358 -0.022037550842918831 -0.37785572569886572 0.10066970763605232 -0.15883374082158019 -0.1963935042194713 -0.31479718565275983 0.12393856396581784 0.34343609277260279 -0.16766857079030828 0.32547914667082811 0.1853868512008453 -0.16350692572583034 -0.31174482165252065 0.0044240015601663355 0.1823663965633272 -0.10646205939879234 -0.30901786915309198 -0.055071031798024445 0.27436479759549154 0.29776046297513997 0.36108875630798115 0.3315380992536418 0.092241305872978255 0.11627413526937645 -0.15369108657302955 -0.13747181907077019 0.39144985829540996 0.36559240535063098 -0.32452234497340698 0.0035562620750814846 0.32376562280481197 -0.1042794558313907 0.36985502933158609 -0.39264814911398488 0.17692252955264831 0 0 0 0 0 0 0 0 0 0 0 0 0 0 0 0 0 0 0 0 0 0 0 0 0 0 0 0 0 0 0 0 0 0 0 0 0 0 0 0 0 0.065788480908527069 0 0 0 0 0 0 0 0 0 0 0 0 0 0 0 0 0 0 0 0 0 0 0 0 0 0 0 0 0 0 0 0 0 0 0 0 0 0 0 0 0 0 0 0 0 0 0 0 0 0.82309207228752701 0 0 0 0 0 0 0 0 0 0 0 0 0 0 0 0 0 0 0 0 0 0 0 0 0 0 0 0 0 0 0 0 0 0 0 0 0 0 0 0 0 0 0 0 0 0 0 0 0 -0.56408449395207871 0 0 0 0 0 0 0 0 0 2 1
0.6546536707079772 1.0692676621563626 0.30969865922316392 -0.33320095072516054 0.027222769695953011 0.32810953463237857 -0.29417985288246123 -0.25699545782713601 0.22474549959249457 -0.05296676695912339 -0.14310284551548733 0.15791939990632164 0.20723527121699581 0.11797908823418829 -0.28992153932473358 -0.022037550842918831 -0.37785572569886572 0.10066970763605232 -0.15883374082158019 -0.1963935042194713 -0.31479718565275983 0.12393856396581784 0.34343609277260279 -0.16766857079030828 0.32547914667082811 0.1853868512008453 -0.16350692572583034 -0.31174482165252065 0.0044240015601663355 0.1823663965633272 -0.10646205939879234 -0.30901786915309198 -0.055071031798024445 0.27436479759549154 0.29776046297513997 0.36108875630798115 0.3315380992536418 0.092241305872978255 0.11627413526937645 -0.15369108657302955 -0.13747181907077019 0.39144985829540996 0.36559240535063098 -0.32452234497340698 0.0035562620750814846 0.32376562280481197 -0.1042794558313907 0.36985502933158609 -0.39264814911398488 0.17692252955264831 0 0 0 0 0 0 0 0 0 0 0 0 0 0 0 0 0 0 0 0 0 0 0 0 0 0 0 0 0 0 0 0 0 0 0 0 0 0 0 0 0 0 0.065788480908527069 0 0 0 0 0 0 0 0 0 0 0 0 0 0 0 0 0 0 0 0 0 0 0 0 0 0 0 0 0 0 0 0 0 0 0 0 0 0 0 0 0 0 0 0 0 0 0 0 0 0.82309207228752701 0 0 0 0 0 0 0 0 0 0 0 0 0 0 0 0 0 0 0 0 0 0 0 0 0 0 0 0 0 0 0 0 0 0 0 0 0 0 0 0 0 0 0 0 0 0 0 0 0 -0.56408449395207871 0 0 0 0 0 0 0 0 2 1
0.6546536707079772 1.0692676621563626 0.30969865922316392 -0.33320095072516054 0.027222769695953011 0.32810953463237857 -0.29417985288246123 -0.25699545782713601 0.22474549959249457 -0.05296676695912339 -0.14310284551548733 0.15791939990632164 0.20723527121699581 0.11797908823418829 -0.28992153932473358 -0.022037550842918831 -0.37785572569886572 0.10066970763605232 -0.15883374082158019 -0.1963935042194713 -0.31479718565275983 0.12393856396581784 0.34343609277260279 -0.16766857079030828 0.32547914667082811 0.1853868512008453 -0.16350692572583034 -0.31174482165252065 0.0044240015601663355 0.1823663965633272 -0.10646205939879234 -0.30901786915309198 -0.055071031798024445 0.27436479759549154 0.29776046297513997 0.36108875630798115 0.3315380992536418 0.092241305872978255 0.11627413526937645 -0.15369108657302955 -0.13747181907077019 0.39144985829540996 0.36559240535063098 -0.32452234497340698 0.0035562620750814846 0.32376562280481197 -0.1042794558313907 0.36985502933158609 -0.39264814911398488 0.17692252955264831 0 0 0 0 0 0 0 0 0 0 0 0 0 0 0 0 0 0 0 0 0 0 0 0 0 0 0 0 0 0 0 0 0 0 0 0 0 0 0 0 0 0 0 0.065788480908527069 0 0 0 0 0 0 0 0 0 0 0 0 0 0 0 0 0 0 0 0 0 0 0 0 0 0 0 0 0 0 0 0 0 0 0 0 0 0 0 0 0 0 0 0 0 0 0 0 0 0.82309207228752701 0 0 0 0 0 0 0 0 0 0 0 0 0 0 0 0 0 0 0 0 0 0 0 0 0 0 0 0 0 0 0 0 0 0 0 0 0 0 0 0 0 0 0 0 0 0 0 0 0 -0.56408449395207871 0 0 0 0 0 0 0 2 1
0.6546536707079772 1.0692676621563626 0.30969865922316392 -0.33320095072516054 0.027222769695953011 0.32810953463237857 -0.29417985288246123 -0.25699545782713601 0.22474549959249457 -0.05296676695912339 -0.14310284551548733 0.15791939990632164 0.20723527121699581 0.11797908823418829 -0.28992153932473358 -0.022037550842918831 -0.37785572569886572 0.10066970763605232 -0.15883374082158019 -0.1963935042194713 -0.31479718565275983 0.12393856396581784 0.34343609277260279 -0.16766857079030828 0.32547914667082811 0.1853868512008453 -0.16350692572583034 -0.31174482165252065 0.0044240015601663355 0.1823663965633272 -0.10646205939879234 -0.30901786915309198 -0.055071031798024445 0.27436479759549154 0.29776046297513997 0.36108875630798115 0.3315380992536418 0.092241305872978255 0.11627413526937645 -0.15369108657302955 -0.13747181907077019 0.39144985829540996 0.36559240535063098 -0.32452234497340698 0.0035562620750814846 0.32376562280481197 -0.1042794558313907 0.36985502933158609 -0.39264814911398488 0.17692252955264831 0 0 0 0 0 0 0 0 0 0 0 0 0 0 0 0 0 0 0 0 0 0 0 0 0 0 0 0 0 0 0 0 0 0 0 0 0 0 0 0 0 0 0 0 0.065788480908527069 0 0 0 0 0 0 0 0 0 0 0 0 0 0 0 0 0 0 0 0 0 0 0 0 0 0 0 0 0 0 0 0 0 0 0 0 0 0 0 0 0 0 0 0 0 0 0 0 0 0.82309207228752701 0 0 0 0 0 0 0 0 0 0 0 0 0 0 0 0 0 0 0 0 0 0 0 0 0 0 0 0 0 0 0 0 0 0 0 0 0 0 0 0 0 0 0 0 0 0 0 0 0 -0.56408449395207871 0 0 0 0 0 0 2 1
0.6546536707079772 1.0692676621563626 0.30969865922316392 -0.33320095072516054 0.027222769695953011 0.32810953463237857 -0.29417985288246123 -0.25699545782713601 0.22474549959249457 -0.05296676695912339 -0.14310284551548733 0.15791939990632164 0.20723527121699581 0.11797908823418829 -0.28992153932473358 -0.022037550842918831 -0.37785572569886572 0.10066970763605232 -0.15883374082158019 -0.1963935042194713 -0.31479718565275983 0.12393856396581784 0.34343609277260279 -0.16766857079030828 0.32547914667082811 0.1853868512008453 -0.16350692572583034 -0.31174482165252065 0.0044240015601663355 0.1823663965633272 -0.10646205939879234 -0.30901786915309198 -0.055071031798024445 0.27436479759549154 0.29776046297513997 0.36108875630798115 0.3315380992536418 0.092241305872978255 0.11627413526937645 -0.15369108657302955 -0.13747181907077019 0.39144985829540996 0.36559240535063098 -0.32452234497340698 0.0035562620750814846 0.32376562280481197 -0.1042794558313907 0.36985502933158609 -0.39264814911398488 0.17692252955264831 0 0 0 0 0 0 0 0 0 0 0 0 0 0 0 0 0 0 0 0 0 0 0 0 0 0 0 0 0 0 0 0 0 0 0 0 0 0 0 0 0 0 0 0 0 0.065788480908527069 0 0 0 0 0 0 0 0 0 0 0 0 0 0 0 0 0 0 0 0 0 0 0 0 0 0 0 0 0 0 0 0 0 0 0 0 0 0 0 0 0 0 0 0 0 0 0 0 0 0.82309207228752701 0 0 0 0 0 0 0 0 0 0 0 0 0 0 0 0 0 0 0 0 0 0 0 0 0 0 0 0 0 0 0 0 0 0 0 0 0 0 0 0 0 0 0 0 0 0 0 0 0 -0.56408449395207871 0 0 0 0 0 2 1
0.6546536707079772 1.0692676621563626 0.30969865922316392 -0.33320095072516054 0.027222769695953011 0.32810953463237857 -0.29417985288246123 -0.25699545782713601 0.22474549959249457 -0.05296676695912339 -0.14310284551548733 0.15791939990632164 0.20723527121699581 0.11797908823418829 -0.28992153932473358 -0.022037550842918831 -0.37785572569886572 0.10066970763605232 -0.15883374082158019 -0.1963935042194713 -0.31479718565275983 0.12393856396581784 0.34343609277260279 -0.16766857079030828 0.32547914667082811 0.1853868512008453 -0.16350692572583034 -0.31174482165252065 0.0044240015601663355 0.1823663965633272 -0.10646205939879234 -0.30901786915309198 -0.055071031798024445 0.27436479759549154 0.29776046297513997 0.36108875630798115 0.3315380992536418 0.092241305872978255 0.11627413526937645 -0.15369108657302955 -0.13747181907077019 0.39144985829540996 0.36559240535063098 -0.32452234497340698 0.0035562620750814846 0.32376562280481197 -0.1042794558313907 0.36985502933158609 -0.39264814911398488 0.17692252955264831 0 0 0 0 0 0 0 0 0 0 0 0 0 0 0 0 0 0 0 0 0 0 0 0 0 0 0 0 0 0 0 0 0 0 0 0 0 0 0 0 0 0 0 0 0 0 0.065788480908527069 0 0 0 0 0 0 0 0 0 0 0 0 0 0 0 0 0 0 0 0 0 0 0 0 0 0 0 0 0 0 0 0 0 0 0 0 0 0 0 0 0 0 0 0 0 0 0 0 0 0.82309207228752701 0 0 0 0 0 0 0 0 0 0 0 0 0 0 0 0 0 0 0 0 0 0 0 0 0 0 0 0 0 0 0 0 0 0 0 0 0 0 0 0 0 0 0 0 0 0 0 0 0 -0.56408449395207871 0 0 0 0 2 1
0.6546536707079772 1.0692676621563626 0.30969865922316392 -0.33320095072516054 0.027222769695953011 0.32810953463237857 -0.29417985288246123 -0.25699545782713601 0.22474549959249457 -0.05296676695912339 -0.14310284551548733 0.15791939990632164 0.20723527121699581 0.11797908823418829 -0.28992153932473358 -0.022037550842918831 -0.37785572569886572 0.10066970763605232 -0.15883374082158019 -0.1963935042194713 -0.31479718565275983 0.12393856396581784 0.34343609277260279 -0.16766857079030828 0.32547914667082811 0.1853868512008453 -0.16350692572583034 -0.31174482165252065 0.0044240015601663355 0.1823663965633272 -0.10646205939879234 -0.30901786915309198 -0.055071031798024445 0.27436479759549154 0.29776046297513997 0.36108875630798115 0.3315380992536418 0.092241305872978255 0.11627413526937645 -0.15369108657302955 -0.13747181907077019 0.39144985829540996 0.36559240535063098 -0.32452234497340698 0.0035562620750814846 0.32376562280481197 -0.1042794558313907 0.36985502933158609 -0.39264814911398488 0.17692252955264831 0 0 0 0 0 0 0 0 0 0 0 0 0 0 0 0 0 0 0 0 0 0 0 0 0 0 0 0 0 0 0 0 0 0 0 0 0 0 0 0 0 0 0 0 0 0 0 0.065788480908527069 0 0 0 0 0 0 0 0 0 0 0 0 0 0 0 0 0 0 0 0 0 0 0 0 0 0 0 0 0 0 0 0 0 0 0 0 0 0 0 0 0 0 0 0 0 0 0 0 0 0.82309207228752701 0 0 0 0 0 0 0 0 0 0 0 0 0 0 0 0 0 0 0 0 0 0 0 0 0 0 0 0 0 0 0 0 0 0 0 0 0 0 0 0 0 0 0 0 0 0 0 0 0 -0.56408449395207871 0 0 0 2 1
0.6546536707079772 1.0692676621563626 0.30969865922316392 -0.33320095072516054 0.027222769695953011 0.32810953463237857 -0.29417985288246123 -0.25699545782713601 0.22474549959249457 -0.05296676695912339 -0.14310284551548733 0.15791939990632164 0.20723527121699581 0.11797908823418829 -0.28992153932473358 -0.022037550842918831 -0.37785572569886572 0.10066970763605232 -0.15883374082158019 -0.1963935042194713 -0.31479718565275983 0.12393856396581784 0.34343609277260279 -0.16766857079030828 0.32547914667082811 0.1853868512008453 -0.16350692572583034 -0.31174482165252065 0.0044240015601663355 0.1823663965633272 -0.10646205939879234 -0.30901786915309198 -0.055071031798024445 0.27436479759549154 0.29776046297513997 0.36108875630798115 0.3315380992536418 0.092241305872978255 0.11627413526937645 -0.15369108657302955 -0.13747181907077019 0.39144985829540996 0.36559240535063098 -0.32452234497340698 0.0035562620750814846 0.32376562280481197 -0.1042794558313907 0.36985502933158609 -0.39264814911398488 0.17692252955264831 0 0 0 0 0 0 0 0 0 0 0 0 0 0 0 0 0 0 0 0 0 0 0 0 0 0 0 0 0 0 0 0 0 0 0 0 0 0 0 0 0 0 0 0 0 0 0 0 0.065788480908527069 0 0 0 0 0 0 0 0 0 0 0 0 0 0 0 0 0 0 0 0 0 0 0 0 0 0 0 0 0 0 0 0 0 0 0 0 0 0 0 0 0 0 0 0 0 0 0 0 0 0.82309207228752701 0 0 0 0 0 0 0 0 0 0 0 0 0 0 0 0 0 0 0 0 0 0 0 0 0 0 0 0 0 0 0 0 0 0 0 0 0 0 0 0 0 0 0 0 0 0 0 0 0 -0.56408449395207871 0 0 2 1
0.6546536707079772 1.0692676621563626 0.30969865922316392 -0.33320095072516054 0.027222769695953011 0.32810953463237857 -0.29417985288246123 -0.25699545782713601 0.22474549959249457 -0.05296676695912339 -0.14310284551548733 0.15791939990632164 0.20723527121699581 0.11797908823418829 -0.28992153932473358 -0.022037550842918831 -0.37785572569886572 0.10066970763605232 -0.15883374082158019 -0.1963935042194713 -0.31479718565275983 0.12393856396581784 0.34343609277260279 -0.16766857079030828 0.32547914667082811 0.1853868512008453 -0.16350692572583034 -0.31174482165252065 0.0044240015601663355 0.1823663965633272 -0.10646205939879234 -0.30901786915309198 -0.055071031798024445 0.27436479759549154 0.29776046297513997 0.36108875630798115 0.3315380992536418 0.092241305872978255 0.11627413526937645 -0.15369108657302955 -0.13747181907077019 0.39144985829540996 0.36559240535063098 -0.32452234497340698 0.0035562620750814846 0.32376562280481197 -0.1042794558313907 0.36985502933158609 -0.39264814911398488 0.17692252955264831 0 0 0 0 0 0 0 0 0 0 0 0 0 0 0 0 0 0 0 0 0 0 0 0 0 0 0 0 0 0 0 0 0 0 0 0 0 0 0 0 0 0 0 0 0 0 0 0 0 0.065788480908527069 0 0 0 0 0 0 0 0 0 0 0 0 0 0 0 0 0 0 0 0 0 0 0 0 0 0 0 0 0 0 0 0 0 0 0 0 0 0 0 0 0 0 0 0 0 0 0 0 0 0.82309207228752701 0 0 0 0 0 0 0 0 0 0 0 0 0 0 0 0 0 0 0 0 0 0 0 0 0 0 0 0 0 0 0 0 0 0 0 0 0 0 0 0 0 0 0 0 0 0 0 0 0 -0.56408449395207871 0 2 1
0.84515340957383933 0.82825199788635817 0.055982690386533654 -0.2405923559894384 -0.098228998296558512 0.02273881270601379 -0.020318570289618698 0.36531815080924201 -0.37547648616269264 0.34437799460065421 -0.012356294064489416 -0.31114287102266563 -0.072957062403204459 0.14090679286595195 0.15813922181753456 -0.28912374716031702 -0.35867362971636374 0.3789292068682184 -0.11697573773076808 -0.26685329027186278 -0.070627915534003716 -0.27612484865831216 0.049648157545265637 0.31842495875393956 -0.24611172514368651 -0.38876917194361349 -0.11484016267152493 -0.18601859382487149 -0.22510940015140443 0.20048092089111852 -0.26621450285783449 -0.12643110848667005 -0.014744336909373157 -0.042730852917159903 -0.15296659639069096 -0.25387139128765768 0.31508732434320558 0.066974947080956596 0.082314726046392478 -0.085682475923794243 0.084457361791668989 0.18496012993485858 -0.2541158490798382 -0.2111976112214661 0.11478186383305795 0.27249913280395249 0.059113852040202988 -0.030544343748606997 -0.3976560368764343 0.19887504716983229 0 0 0 0 0 0 0 0 0 0 0 0 0 0 0 0 0 0 0 0 0 0 0 0 0 0 0 0 0 0 0 0 0 0 0 0 0 0 0 0 0 0 0 0 0 0 0 0 0 0 0 0 0 0 0 0 0 0 0 0 0 0 0 0 0 0 0 0 0 0 0 0 0 0 0 0 0 0 0 0 0 0 0 0 0 0 0 0 0 0 0 0 0 0 0 0 0 0 0 0 0 0 0 0 0 0 0 0 0 0 0 0 0 0 0 0 0 0 0 0 0 0 0 0 0 0 0 0 0 0 0 0 0 0 0 0 0 0 0 0 0 0 0 0 0 0 0 0 0 0 0.10000000000000001 3 2
0.84515340957383933 0.82825199788635817 0.055982690386533654 -0.2405923559894384 -0.098228998296558512 0.02273881270601379 -0.020318570289618698 0.36531815080924201 -0.37547648616269264 0.34437799460065421 -0.012356294064489416 -0.31114287102266563 -0.072957062403204459 0.14090679286595195 0.15813922181753456 -0.28912374716031702 -0.35867362971636374 0.3789292068682184 -0.11697573773076808 -0.26685329027186278 -0.070627915534003716 -0.27612484865831216 0.049648157545265637 0.31842495875393956 -0.24611172514368651 -0.38876917194361349 -0.11484016267152493 -0.18601859382487149 -0.22510940015140443 0.20048092089111852 -0.26621450285783449 -0.12643110848667005 -0.014744336909373157 -0.042730852917159903 -0.15296659639069096 -0.25387139128765768 0.31508732434320558 0.066974947080956596 0.082314726046392478 -0.085682475923794243 0.084457361791668989 0.18496012993485858 -0.2541158490798382 -0.2111976112214661 0.11478186383305795 0.27249913280395249 0.059113852040202988 -0.030544343748606997 -0.3976560368764343 0.19887504716983229 -0.99100562551458482 0 0 0 0 0 0 0 0 0 0 0 0 0 0 0 0 0 0 0 0 0 0 0 0 0 0 0 0 0 0 0 0 0 0 0 0 0 0 0 0 0 0 0 0 0 0 0 0 0 -0.016531739493576329 0 0 0 0 0 0 0 0 0 0 0 0 0 0 0 0 0 0 0 0 0 0 0 0 0 0 0 0 0 0 0 0 0 0 0 0 0 0 0 0 0 0 0 0 0 0 0 0 0 0.1327951497147502 0 0 0 0 0 0 0 0 0 0 0 0 0 0 0 0 0 0 0 0 0 0 0 0 0 0 0 0 0 0 0 0 0 0 0 0 0 0 0 0 0 0 0 0 0 0 0 0 0 0.10000000000000001 3 2
0.84515340957383933 0.82825199788635817 0.055982690386533654 -0.2405923559894384 -0.098228998296558512 0.02273881270601379 -0.020318570289618698 0.36531815080924201 -0.37547648616269264 0.34437799460065421 -0.012356294064489416 -0.31114287102266563 -0.072957062403204459 0.14090679286595195 0.15813922181753456 -0.28912374716031702 -0.35867362971636374 0.3789292068682184 -0.11697573773076808 -0.26685329027186278 -0.070627915534003716 -0.27612484865831216 0.049648157545265637 0.31842495875393956 -0.24611172514368651 -0.38876917194361349 -0.11484016267152493 -0.18601859382487149 -0.22510940015140443 0.20048092089111852 -0.26621450285783449 -0.12643110848667005 -0.014744336909373157 -0.042730852917159903 -0.15296659639069096 -0.25387139128765768 0.31508732434320558 0.066974947080956596 0.082314726046392478 -0.085682475923794243 0.084457361791668989 0.18496012993485858 -0.2541158490798382 -0.2111976112214661 0.11478186383305795 0.27249913280395249 0.059113852040202988 -0.030544343748606997 -0.3976560368764343 0.19887504716983229 0 -0.99100562551458482 0 0 0 0 0 0 0 0 0 0 0 0 0 0 0 0 0 0 0 0 0 0 0 0 0 0 0 0 0 0 0 0 0 0 0 0 0 0 0 0 0 0 0 0 0 0 0 0 0 -0.016531739493576329 0 0 0 0 0 0 0 0 0 0 0 0 0 0 0 0 0 0 0 0 0 0 0 0 0 0 0 0 0 0 0 0 0 0 0 0 0 0 0 0 0 0 0 0 0 0 0 0 0 0.1327951497147502 0 0 0 0 0 0 0 0 0 0 0 0 0 0 0 0 0 0 0 0 0 0 0 0 0 0 0 0 0 0 0 0 0 0 0 0 0 0 0 0 0 0 0 0 0 0 0 0 0.10000000000000001 3 2
0.84515340957383933 0.82825199788635817 0.055982690386533654 -0.2405923559894384 -0.098228998296558512 0.02273881270601379 -0.020318570289618698 0.36531815080924201 -0.37547648616269264 0.34437799460065421 -0.012356294064489416 -0.31114287102266563 -0.072957062403204459 0.14090679286595195 0.15813922181753456 -0.28912374716031702 -0.35867362971636374 0.3789292068682184 -0.11697573773076808 -0.26685329027186278 -0.070627915534003716 -0.27612484865831216 0.049648157545265637 0.31842495875393956 -0.24611172514368651 -0.38876917194361349 -0.11484016267152493 -0.18601859382487149 -0.22510940015140443 0.20048092089111852 -0.26621450285783449 -0.12643110848667005 -0.014744336909373157 -0.042730852917159903 -0.15296659639069096 -0.25387139128765768 0.31508732434320558 0.066974947080956596 0.082314726046392478 -0.085682475923794243 0.084457361791668989 0.18496012993485858 -0.2541158490798382 -0.2111976112214661 0.11478186383305795 0.27249913280395249 0.059113852040202988 -0.030544343748606997 -0.3976560368764343 0.19887504716983229 0 0 -0.99100562551458482 0 0 0 0 0 0 0 0 0 0 0 0 0 0 0 0 0 0 0 0 0 0 0 0 0 0 0 0 0 0 0 0 0 0 0 0 0 0 0 0 0 0 0 0 0 0 0 0 0 -0.016531739493576329 0 0 0 0 0 0 0 0 0 0 0 0 0 0 0 0 0 0 0 0 0 0 0 0 0 0 0 0 0 0 0 0 0 0 0 0 0 0 0 0 0 0 0 0 0 0 0 0 0 0.1327951497147502 0 0 0 0 0 0 0 0 0 0 0 0 0 0 0 0 0 0 0 0 0 0 0 0 0 0 0 0 0 0 0 0 0 0 0 0 0 0 0 0 0 0 0 0 0 0 0 0.10000000000000001 3 2
0.84515340957383933 0.82825199788635817 0.055982690386533654 -0.2405923559894384 -0.098228998296558512 0.02273881270601379 -0.020318570289618698 0.36531815080924201 -0.37547648616269264 0.34437799460065421 -0.012356294064489416 -0.31114287102266563 -0.072957062403204459 0.14090679286595195 0.15813922181753456 -0.28912374716031702 -0.35867362971636374 0.3789292068682184 -0.11697573773076808 -0.26685329027186278 -0.070627915534003716 -0.27612484865831216 0.049648157545265637 0.31842495875393956 -0.24611172514368651 -0.38876917194361349 -0.11484016267152493 -0.18601859382487149 -0.22510940015140443 0.20048092089111852 -0.26621450285783449 -0.12643110848667005 -0.014744336909373157 -0.042730852917159903 -0.15296659639069096 -0.25387139128765768 0.31508732434320558 0.066974947080956596 0.082314726046392478 -0.085682475923794243 0.084457361791668989 0.18496012993485858 -0.2541158490798382 -0.2111976112214661 0.11478186383305795 0.27249913280395249 0.059113852040202988 -0.030544343748606997 -0.3976560368764343 0.19887504716983229 0 0 0 -0.99100562551458482 0 0 0 0 0 0 0 0 0 0 0 0 0 0 0 0 0 0 0 0 0 0 0 0 0 0 0 0 0 0 0 0 0 0 0 0 0 0 0 0 0 0 0 0 0 0 0 0 0 -0.016531739493576329 0 0 0 0 0 0 0 0 0 0 0 0 0 0 0 0 0 0 0 0 0 0 0 0 0 0 0 0 0 0 0 0 0 0 0 0 0 0 0 0 0 0 0 0 0 0 0 0 0 0.1327951497147502 0 0 0 0 0 0 0 0 0 0 0 0 0 0 0 0 0 0 0 0 0 0 0 0 0 0 0 0 0 0 0 0 0 0 0 0 0 0 0 0 0 0 0 0 0 0 0.10000000000000001 3 2
0.84515340957383933 0.82825199788635817 0.055982690386533654 -0.2405923559894384 -0.098228998296558512 0.02273881270601379 -0.020318570289618698 0.36531815080924201 -0.37547648616269264 0.34437799460065421 -0.012356294064489416 -0.31114287102266563 -0.072957062403204459 0.14090679286595195 0.15813922181753456 -0.28912374716031702 -0.35867362971636374 0.3789292068682184 -0.11697573773076808 -0.26685329027186278 -0.070627915534003716 -0.27612484865831216 0.049648157545265637 0.31842495875393956 -0.24611172514368651 -0.38876917194361349 -0.11484016267152493 -0.18601859382487149 -0.22510940015140443 0.20048092089111852 -0.26621450285783449 -0.12643110848667005 -0.014744336909373157 -0.042730852917159903 -0.15296659639069096 -0.25387139128765768 0.31508732434320558 0.066974947080956596 0.082314726046392478 -0.085682475923794243 0.084457361791668989 0.18496012993485858 -0.2541158490798382 -0.2111976112214661 0.11478186383305795 0.27249913280395249 0.059113852040202988 -0.030544343748606997 -0.3976560368764343 0.19887504716983229 0 0 0 0 -0.99100562551458482 0 0 0 0 0 0 0 0 0 0 0 0 0 0 0 0 0 0 0 0 0 0 0 0 0 0 0 0 0 0 0 0 0 0 0 0 0 0 0 0 0 0 0 0 0 0 0 0 0 -0.016531739493576329 0 0 0 0 0 0 0 0 0 0 0 0 0 0 0 0 0 0 0 0 0 0 0 0 0 0 0 0 0 0 0 0 0 0 0 0 0 0 0 0 0 0 0 0 0 0 0 0 0 0.1327951497147502 0 0 0 0 0 0 0 0 0 0 0 0 0 0 0 0 0 0 0 0 0 0 0 0 0 0 0 0 0 0 0 0 0 0 0 0 0 0 0 0 0 0 0 0 0 0.10000000000000001 3 2
0.84515340957383933 0.82825199788635817 0.055982690386533654 -0.2405923559894384 -0.098228998296558512 0.02273881270601379 -0.020318570289618698 0.36531815080924201 -0.37547648616269264 0.34437799460065421 -0.012356294064489416 -0.31114287102266563 -0.072957062403204459 0.14090679286595195 0.15813922181753456 -0.28912374716031702 -0.35867362971636374 0.3789292068682184 -0.11697573773076808 -0.26685329027186278 -0.070627915534003716 -0.27612484865831216 0.049648157545265637 0.31842495875393956 -0.24611172514368651 -0.38876917194361349 -0.11484016267152493 -0.18601859382487149 -0.22510940015140443 0.20048092089111852 -0.26621450285783449 -0.12643110848667005 -0.014744336909373157 -0.042730852917159903 -0.15296659639069096 -0.25387139128765768 0.31508732434320558 0.066974947080956596 0.082314726046392478 -0.085682475923794243 0.084457361791668989 0.18496012993485858 -0.2541158490798382 -0.2111976112214661 0.11478186383305795 0.27249913280395249 0.059113852040202988 -0.030544343748606997 -0.3976560368764343 0.19887504716983229 0 0 0 0 0 -0.99100562551458482 0 0 0 0 0 0 0 0 0 0 0 0 0 0 0 0 0 0 0 0 0 0 0 0 0 0 0 0 0 0 0 0 0 0 0 0 0 0 0 0 0 0 0 0 0 0 0 0 0 -0.016531739493576329 0 0 0 0 0 0 0 0 0 0 0 0 0 0 0 0 0 0 0 0 0 0 0 0 0 0 0 0 0 0 0 0 0 0 0 0 0 0 0 0 0 0 0 0 0 0 0 0 0 0.1327951497147502 0 0 0 0 0 0 0 0 0 0 0 0 0 0 0 0 0 0 0 0 0 0 0 0 0 0 0 0 0 0 0 0 0 0 0 0 0 0 0 0 0 0 0 0 0.10000000000000001 3 2
0.84515340957383933 0.82825199788635817 0.055982690386533654 -0.2405923559894384 -0.098228998296558512 0.02273881270601379 -0.020318570289618698 0.36531815080924201 -0.37547648616269264 0.34437799460065421 -0.012356294064489416 -0.31114287102266563 -0.072957062403204459 0.14090679286595195 0.15813922181753456 -0.28912374716031702 -0.35867362971636374 0.3789292068682184 -0.11697573773076808 -0.26685329027186278 -0.070627915534003716 -0.27612484865831216 0.049648157545265637 0.31842495875393956 -0.24611172514368651 -0.38876917194361349 -0.11484016267152493 -0.18601859382487149 -0.22510940015140443 0.20048092089111852 -0.26621450285783449 -0.12643110848667005 -0.014744336909373157 -0.042730852917159903 -0.15296659639069096 -0.25387139128765768 0.31508732434320558 0.066974947080956596 0.082314726046392478 -0.085682475923794243 0.084457361791668989 0.18496012993485858 -0.2541158490798382 -0.2111976112214661 0.11478186383305795 0.27249913280395249 0.059113852040202988 -0.030544343748606997 -0.3976560368764343 0.19887504716983229 0 0 0 0 0 0 -0.99100562551458482 0 0 0 0 0 0 0 0 0 0 0 0 0 0 0 0 0 0 0 0 0 0 0 0 0 0 0 0 0 0 0 0 0 0 0 0 0 0 0 0 0 0 0 0 0 0 0 0 0 -0.016531739493576329 0 0 0 0 0 0 0 0 0 0 0 0 0 0 0 0 0 0 0 0 0 0 0 0 0 0 0 0 0 0 0 0 0 0 0 0 0 0 0 0 0 0 0 0 0 0 0 0 0 0.1327951497147502 0 0 0 0 0 0 0 0 0 0 0 0 0 0 0 0 0 0 0 0 0 0 0 0 0 0 0 0 0 0 0 0 0 0 0 0 0 0 0 0 0 0 0 0.10000000000000001 3 2
0.84515340957383933 0.82825199788635817 0.055982690386533654 -0.2405923559894384 -0.098228998296558512 0.02273881270601379 -0.020318570289618698 0.36531815080924201 -0.37547648616269264 0.34437799460065421 -0.012356294064489416 -0.31114287102266563 -0.072957062403204459 0.14090679286595195 0.15813922181753456 -0.28912374716031702 -0.35867362971636374 0.3789292068682184 -0.11697573773076808 -0.26685329027186278 -0.070627915534003716 -0.27612484865831216 0.049648157545265637 0.31842495875393956 -0.24611172514368651 -0.38876917194361349 -0.11484016267152493 -0.18601859382487149 -0.22510940015140443 0.20048092089111852 -0.26621450285783449 -0.12643110848667005 -0.014744336909373157 -0.042730852917159903 -0.15296659639069096 -0.25387139128765768 0.31508732434320558 0.066974947080956596 0.082314726046392478 -0.085682475923794243 0.084457361791668989 0.18496012993485858 -0.2541158490798382 -0.2111976112214661 0.11478186383305795 0.27249913280395249 0.059113852040202988 -0.030544343748606997 -0.3976560368764343 0.19887504716983229 0 0 0 0 0 0 0 -0.99100562551458482 0 0 0 0 0 0 0 0 0 0 0 0 0 0 0 0 0 0 0 0 0 0 0 0 0 0 0 0 0 0 0 0 0 0 0 0 0 0 0 0 0 0 0 0 0 0 0 0 0 -0.016531739493576329 0 0 0 0 0 0 0 0 0 0 0 0 0 0 0 0 0 0 0 0 0 0 0 0 0 0 0 0 0 0 0 0 0 0 0 0 0 0 0 0 0 0 0 0 0 0 0 0 0 0.1327951497147502 0 0 0 0 0 0 0 0 0 0 0 0 0 0 0 0 0 0 0 0 0 0 0 0 0 0 0 0 0 0 0 0 0 0 0 0 0 0 0 0 0 0 0.10000000000000001 3 2
0.84515340957383933 0.82825199788635817 0.055982690386533654 -0.2405923559894384 -0.098228998296558512 0.02273881270601379 -0.020318570289618698 0.36531815080924201 -0.37547648616269264 0.34437799460065421 -0.012356294064489416 -0.31114287102266563 -0.072957062403204459 0.14090679286595195 0.15813922181753456 -0.28912374716031702 -0.35867362971636374 0.3789292068682184 -0.11697573773076808 -0.26685329027186278 -0.070627915534003716 -0.27612484865831216 0.049648157545265637 0.31842495875393956 -0.24611172514368651 -0.38876917194361349 -0.11484016267152493 -0.18601859382487149 -0.22510940015140443 0.20048092089111852 -0.26621450285783449 -0.12643110848667005 -0.014744336909373157 -0.042730852917159903 -0.15296659639069096 -0.25387139128765768 0.31508732434320558 0.066974947080956596 0.082314726046392478 -0.085682475923794243 0.084457361791668989 0.18496012993485858 -0.2541158490798382 -0.2111976112214661 0.11478186383305795 0.27249913280395249 0.059113852040202988 -0.030544343748606997 -0.3976560368764343 0.19887504716983229 0 0 0 0 0 0 0 0 -0.99100562551458482 0 0 0 0 0 0 0 0 0 0 0 0 0 0 0 0 0 0 0 0 0 0 0 0 0 0 0 0 0 0 0 0 0 0 0 0 0 0 0 0 0 0 0 0 0 0 0 0 0 -0.016531739493576329 0 0 0 0 0 0 0 0 0 0 0 0 0 0 0 0 0 0 0 0 0 0 0 0 0 0 0 0 0 0 0 0 0 0 0 0 0 0 0 0 0 0 0 0 0 0 0 0 0 0.1327951497147502 0 0 0 0 0 0 0 0 0 0 0 0 0 0 0 0 0 0 0 0 0 0 0 0 0 0 0 0 0 0 0 0 0 0 0 0 0 0 0 0 0 0.10000000000000001 3 2
0.84515340957383933 0.82825199788635817 0.055982690386533654 -0.2405923559894384 -0.098228998296558512 0.02273881270601379 -0.020318570289618698 0.36531815080924201 -0.37547648616269264 0.34437799460065421 -0.012356294064489416 -0.31114287102266563 -0.072957062403204459 0.14090679286595195 0.15813922181753456 -0.28912374716031702 -0.35867362971636374 0.3789292068682184 -0.11697573773076808 -0.26685329027186278 -0.070627915534003716 -0.27612484865831216 0.049648157545265637 0.31842495875393956 -0.24611172514368651 -0.38876917194361349 -0.11484016267152493 -0.18601859382487149 -0.22510940015140443 0.20048092089111852 -0.26621450285783449 -0.12643110848667005 -0.014744336909373157 -0.042730852917159903 -0.15296659639069096 -0.25387139128765768 0.31508732434320558 0.066974947080956596 0.082314726046392478 -0.085682475923794243 0.084457361791668989 0.18496012993485858 -0.2541158490798382 -0.2111976112214661 0.11478186383305795 0.27249913280395249 0.059113852040202988 -0.030544343748606997 -0.3976560368764343 0.19887504716983229 0 0 0 0 0 0 0 0 0 -0.99100562551458482 0 0 0 0 0 0 0 0 0 0 0 0 0 0 0 0 0 0 0 0 0 0 0 0 0 0 0 0 0 0 0 0 0 0 0 0 0 0 0 0 0 0 0 0 0 0 0 0 0 -0.016531739493576329 0 0 0 0 0 0 0 0 0 0 0 0 0 0 0 0 0 0 0 0 0 0 0 0 0 0 0 0 0 0 0 0 0 0 0 0 0 0 0 0 0 0 0 0 0 0 0 0 0 0.1327951497147502 0 0 0 0 0 0 0 0 0 0 0 0 0 0 0 0 0 0 0 0 0 0 0 0 0 0 0 0 0 0 0 0 0 0 0 0 0 0 0 0 0.10000000000000001 3 2
0.84515340957383933 0.82825199788635817 0.055982690386533654 -0.2405923559894384 -0.098228998296558512 0.02273881270601379 -0.020318570289618698 0.36531815080924201 -0.37547648616269264 0.34437799460065421 -0.012356294064489416 -0.31114287102266563 -0.072957062403204459 0.14090679286595195 0.15813922181753456 -0.28912374716031702 -0.35867362971636374 0.3789292068682184 -0.11697573773076808 -0.26685329027186278 -0.070627915534003716 -0.27612484865831216 0.049648157545265637 0.31842495875393956 -0.24611172514368651 -0.38876917194361349 -0.11484016267152493 -0.18601859382487149 -0.22510940015140443 0.20048092089111852 -0.26621450285783449 -0.12643110848667005 -0.014744336909373157 -0.042730852917159903 -0.15296659639069096 -0.25387139128765768 0.31508732434320558 0.066974947080956596 0.082314726046392478 -0.085682475923794243 0.084457361791668989 0.18496012993485858 -0.2541158490798382 -0.2111976112214661 0.11478186383305795 0.27249913280395249 0.059113852040202988 -0.030544343748606997 -0.3976560368764343 0.19887504716983229 0 0 0 0 0 0 0 0 0 0 -0.99100562551458482 0 0 0 0 0 0 0 0 0 0 0 0 0 0 0 0 0 0 0 0 0 0 0 0 0 0 0 0 0 0 0 0 0 0 0 0 0 0 0 0 0 0 0 0 0 0 0 0 0 -0.016531739493576329 0 0 0 0 0 0 0 0 0 0 0 0 0 0 0 0 0 0 0 0 0 0 0 0 0 0 0 0 0 0 0 0 0 0 0 0 0 0 0 0 0 0 0 0 0 0 0 0 0 0.1327951497147502 0 0 0 0 0 0 0 0 0 0 0 0 0 0 0 0 0 0 0 0 0 0 0 0 0 0 0 0 0 0 0 0 0 0 0 0 0 0 0 0.10000000000000001 3 2
0.84515340957383933 0.82825199788635817 0.055982690386533654 -0.2405923559894384 -0.098228998296558512 0.02273881270601379 -0.020318570289618698 0.36531815080924201 -0.37547648616269264 0.34437799460065421 -0.012356294064489416 -0.31114287102266563 -0.072957062403204459 0.14090679286595195 0.15813922181753456 -0.28912374716031702 -0.35867362971636374 0.3789292068682184 -0.11697573773076808 -0.26685329027186278 -0.070627915534003716 -0.27612484865831216 0.049648157545265637 0.31842495875393956 -0.24611172514368651 -0.38876917194361349 -0.11484016267152493 -0.18601859382487149 -0.22510940015140443 0.20048092089111852 -0.26621450285783449 -0.12643110848667005 -0.014744336909373157 -0.042730852917159903 -0.15296659639069096 -0.25387139128765768 0.31508732434320558 0.066974947080956596 0.082314726046392478 -0.085682475923794243 0.084457361791668989 0.18496012993485858 -0.2541158490798382 -0.2111976112214661 0.11478186383305795 0.27249913280395249 0.059113852040202988 -0.030544343748606997 -0.3976560368764343 0.19887504716983229 0 0 0 0 0 0 0 0 0 0 0 -0.99100562551458482 0 0 0 0 0 0 0 0 0 0 0 0 0 0 0 0 0 0 0 0 0 0 0 0 0 0 0 0 0 0 0 0 0 0 0 0 0 0 0 0 0 0 0 0 0 0 0 0 0 -0.016531739493576329 0 0 0 0 0 0 0 0 0 0 0 0 0 0 0 0 0 0 0 0 0 0 0 0 0 0 0 0 0 0 0 0 0 0 0 0 0 0 0 0 0 0 0 0 0 0 0 0 0 0.1327951497147502 0 0 0 0 0 0 0 0 0 0 0 0 0 0 0 0 0 0 0 0 0 0 0 0 0 0 0 0 0 0 0 0 0 0 0 0 0 0 0.10000000000000001 3 2
0.84515340957383933 0.82825199788635817 0.055982690386533654 -0.2405923559894384 -0.098228998296558512 0.02273881270601379 -0.020318570289618698 0.36531815080924201 -0.37547648616269264 0.34437799460065421 -0.012356294064489416 -0.31114287102266563 -0.072957062403204459 0.14090679286595195 0.15813922181753456 -0.28912374716031702 -0.35867362971636374 0.3789292068682184 -0.11697573773076808 -0.26685329027186278 -0.070627915534003716 -0.27612484865831216 0.049648157545265637 0.31842495875393956 -0.24611172514368651 -0.38876917194361349 -0.11484016267152493 -0.18601859382487149 -0.22510940015140443 0.20048092089111852 -0.26621450285783449 -0.12643110848667005 -0.014744336909373157 -0.042730852917159903 -0.15296659639069096 -0.25387139128765768 0.31508732434320558 0.066974947080956596 0.082314726046392478 -0.085682475923794243 0.084457361791668989 0.18496012993485858 -0.2541158490798382 -0.2111976112214661 0.11478186383305795 0.27249913280395249 0.059113852040202988 -0.030544343748606997 -0.3976560368764343 0.19887504716983229 0 0 0 0 0 0 0 0 0 0 0 0 -0.99100562551458482 0 0 0 0 0 0 0 0 0 0 0 0 0 0 0 0 0 0 0 0 0 0 0 0 0 0 0 0 0 0 0 0 0 0 0 0 0 0 0 0 0 0 0 0 0 0 0 0 0 -0.016531739493576329 0 0 0 0 0 0 0 0 0 0 0 0 0 0 0 0 0 0 0 0 0 0 0 0 0 0 0 0 0 0 0 0 0 0 0 0 0 0 0 0 0 0 0 0 0 0 0 0 0 0.1327951497147502 0 0 0 0 0 0 0 0 0 0 0 0 0 0 0 0 0 0 0 0 0 0 0 0 0 0 0 0 0 0 0 0 0 0 0 0 0 0.10000000000000001 3 2
0.84515340957383933 0.82825199788635817 0.055982690386533654 -0.2405923559894384 -0.098228998296558512 0.02273881270601379 -0.020318570289618698 0.36531815080924201 -0.37547648616269264 0.34437799460065421 -0.012356294064489416 -0.31114287102266563 -0.072957062403204459 0.14090679286595195 0.15813922181753456 -0.28912374716031702 -0.35867362971636374 0.3789292068682184 -0.11697573773076808 -0.26685329027186278 -0.070627915534003716 -0.27612484865831216 0.049648157545265637 0.31842495875393956 -0.24611172514368651 -0.38876917194361349 -0.11484016267152493 -0.18601859382487149 -0.22510940015140443 0.20048092089111852 -0.26621450285783449 -0.12643110848667005 -0.014744336909373157 -0.042730852917159903 -0.15296659639069096 -0.25387139128765768 0.31508732434320558 0.066974947080956596 0.082314726046392478 -0.085682475923794243 0.084457361791668989 0.18496012993485858 -0.2541158490798382 -0.2111976112214661 0.11478186383305795 0.27249913280395249 0.059113852040202988 -0.030544343748606997 -0.3976560368764343 0.19887504716983229 0 0 0 0 0 0 0 0 0 0 0 0 0 -0.99100562551458482 0 0 0 0 0 0 0 0 0 0 0 0 0 0 0 0 0 0 0 0 0 0 0 0 0 0 0 0 0 0 0 0 0 0 0 0 0 0 0 0 0 0 0 0 0 0 0 0 0 -0.016531739493576329 0 0 0 0 0 0 0 0 0 0 0 0 0 0 0 0 0 0 0 0 0 0 0 0 0 0 0 0 0 0 0 0 0 0 0 0 0 0 0 0 0 0 0 0 0 0 0 0 0 0.1327951497147502 0 0 0 0 0 0 0 0 0 0 0 0 0 0 0 0 0 0 0 0 0 0 0 0 0 0 0 0 0 0 0 0 0 0 0 0 0.10000000000000001 3 2
0.84515340957383933 0.82825199788635817 0.055982690386533654 -0.2405923559894384 -0.098228998296558512 0.02273881270601379 -0.020318570289618698 0.36531815080924201 -0.37547648616269264 0.34437799460065421 -0.012356294064489416 -0.31114287102266563 -0.072957062403204459 0.14090679286595195 0.15813922181753456 -0.28912374716031702 -0.35867362971636374 0.3789292068682184 -0.11697573773076808 -0.26685329027186278 -0.070627915534003716 -0.27612484865831216 0.049648157545265637 0.31842495875393956 -0.24611172514368651 -0.38876917194361349 -0.11484016267152493 -0.18601859382487149 -0.22510940015140443 0.20048092089111852 -0.26621450285783449 -0.12643110848667005 -0.014744336909373157 -0.042730852917159903 -0.15296659639069096 -0.25387139128765768 0.31508732434320558 0.066974947080956596 0.082314726046392478 -0.085682475923794243 0.084457361791668989 0.18496012993485858 -0.2541158490798382 -0.2111976112214661 0.11478186383305795 0.27249913280395249 0.059113852040202988 -0.030544343748606997 -0.3976560368764343 0.19887504716983229 0 0 0 0 0 0 0 0 0 0 0 0 0 0 -0.99100562551458482 0 0 0 0 0 0 0 0 0 0 0 0 0 0 0 0 0 0 0 0 0 0 0 0 0 0 0 0 0 0 0 0 0 0 0 0 0 0 0 0 0 0 0 0 0 0 0 0 0 -0.016531739493576329 0 0 0 0 0 0 0 0 0 0 0 0 0 0 0 0 0 0 0 0 0 0 0 0 0 0 0 0 0 0 0 0 0 0 0 0 0 0 0 0 0 0 0 0 0 0 0 0 0 0.1327951497147502 0 0 0 0 0 0 0 0 0 0 0 0 0 0 0 0 0 0 0 0 0 0 0 0 0 0 0 0 0 0 0 0 0 0 0 0.10000000000000001 3 2
0.84515340957383933 0.82825199788635817 0.055982690386533654 -0.2405923559894384 -0.098228998296558512 0.02273881270601379 -0.020318570289618698 0.36531815080924201 -0.37547648616269264 0.34437799460065421 -0.012356294064489416 -0.31114287102266563 -0.072957062403204459 0.14090679286595195 0.15813922181753456 -0.28912374716031702 -0.35867362971636374 0.3789292068682184 -0.11697573773076808 -0.26685329027186278 -0.070627915534003716 -0.27612484865831216 0.049648157545265637 0.31842495875393956 -0.24611172514368651 -0.38876917194361349 -0.11484016267152493 -0.18601859382487149 -0.22510940015140443 0.20048092089111852 -0.26621450285783449 -0.12643110848667005 -0.014744336909373157 -0.042730852917159903 -0.15296659639069096 -0.25387139128765768 0.31508732434320558 0.066974947080956596 0.082314726046392478 -0.085682475923794243 0.084457361791668989 0.18496012993485858 -0.2541158490798382 -0.2111976112214661 0.11478186383305795 0.27249913280395249 0.059113852040202988 -0.030544343748606997 -0.3976560368764343 0.19887504716983229 0 0 0 0 0 0 0 0 0 0 0 0 0 0 0 -0.99100562551458482 0 0 0 0 0 0 0 0 0 0 0 0 0 0 0 0 0 0 0 0 0 0 0 0 0 0 0 0 0 0 0 0 0 0 0 0 0 0 0 0 0 0 0 0 0 0 0 0 0 -0.016531739493576329 0 0 0 0 0 0 0 0 0 0 0 0 0 0 0 0 0 0 0 0 0 0 0 0 0 0 0 0 0 0 0 0 0 0 0 0 0 0 0 0 0 0 0 0 0 0 0 0 0 0.1327951497147502 0 0 0 0 0 0 0 0 0 0 0 0 0 0 0 0 0 0 0 0 0 0 0 0 0 0 0 0 0 0 0 0 0 0 0.10000000000000001 3 2
0.84515340957383933 0.82825199788635817 0.055982690386533654 -0.2405923559894384 -0.098228998296558512 0.02273881270601379 -0.020318570289618698 0.36531815080924201 -0.37547648616269264 0.34437799460065421 -0.012356294064489416 -0.31114287102266563 -0.072957062403204459 0.14090679286595195 0.15813922181753456 -0.28912374716031702 -0.35867362971636374 0.3789292068682184 -0.11697573773076808 -0.26685329027186278 -0.070627915534003716 -0.27612484865831216 0.049648157545265637 0.31842495875393956 -0.24611172514368651 -0.38876917194361349 -0.11484016267152493 -0.18601859382487149 -0.22510940015140443 0.20048092089111852 -0.26621450285783449 -0.12643110848667005 -0.014744336909373157 -0.042730852917159903 -0.15296659639069096 -0.25387139128765768 0.31508732434320558 0.066974947080956596 0.082314726046392478 -0.085682475923794243 0.084457361791668989 0.18496012993485858 -0.2541158490798382 -0.2111976112214661 0.11478186383305795 0.27249913280395249 0.059113852040202988 -0.030544343748606997 -0.3976560368764343 0.19887504716983229 0 0 0 0 0 0 0 0 0 0 0 0 0 0 0 0 -0.99100562551458482 0 0 0 0 0 0 0 0 0 0 0 0 0 0 0 0 0 0 0 0 0 0 0 0 0 0 0 0 0 0 0 0 0 0 0 0 0 0 0 0 0 0 0 0 0 0 0 0 0 -0.016531739493576329 0 0 0 0 0 0 0 0 0 0 0 0 0 0 0 0 0 0 0 0 0 0 0 0 0 0 0 0 0 0 0 0 0 0 0 0 0 0 0 0 0 0 0 0 0 0 0 0 0 0.1327951497147502 0 0 0 0 0 0 0 0 0 0 0 0 0 0 0 0 0 0 0 0 0 0 0 0 0 0 0 0 0 0 0 0 0 0.10000000000000001 3 2
0.84515340957383933 0.82825199788635817 0.055982690386533654 -0.2405923559894384 -0.098228998296558512 0.02273881270601379 -0.020318570289618698 0.36531815080924201 -0.37547648616269264 0.34437799460065421 -0.012356294064489416 -0.31114287102266563 -0.072957062403204459 0.14090679286595195 0.15813922181753456 -0.28912374716031702 -0.35867362971636374 0.3789292068682184 -0.11697573773076808 -0.26685329027186278 -0.070627915534003716 -0.27612484865831216 0.049648157545265637 0.31842495875393956 -0.24611172514368651 -0.38876917194361349 -0.11484016267152493 -0.18601859382487149 -0.22510940015140443 0.20048092089111852 -0.26621450285783449 -0.12643110848667005 -0.014744336909373157 -0.042730852917159903 -0.15296659639069096 -0.25387139128765768 0.31508732434320558 0.066974947080956596 0.082314726046392478 -0.085682475923794243 0.084457361791668989 0.18496012993485858 -0.2541158490798382 -0.2111976112214661 0.11478186383305795 0.27249913280395249 0.059113852040202988 -0.030544343748606997 -0.3976560368764343 0.19887504716983229 0 0 0 0 0 0 0 0 0 0 0 0 0 0 0 0 0 -0.99100562551458482 0 0 0 0 0 0 0 0 0 0 0 0 0 0 0 0 0 0 0 0 0 0 0 0 0 0 0 0 0 0 0 0 0 0 0 0 0 0 0 0 0 0 0 0 0 0 0 0 0 -0.016531739493576329 0 0 0 0 0 0 0 0 0 0 0 0 0 0 0 0 0 0 0 0 0 0 0 0 0 0 0 0 0 0 0 0 0 0 0 0 0 0 0 0 0 0 0 0 0 0 0 0 0 0.1327951497147502 0 0 0 0 0 0 0 0 0 0 0 0 0 0 0 0 0 0 0 0 0 0 0 0 0 0 0 0 0 0 0 0 0.10000000000000001 3 2
0.84515340957383933 0.82825199788635817 0.055982690386533654 -0.2405923559894384 -0.098228998296558512 0.02273881270601379 -0.020318570289618698 0.36531815080924201 -0.37547648616269264 0.34437799460065421 -0.012356294064489416 -0.31114287102266563 -0.072957062403204459 0.14090679286595195 0.15813922181753456 -0.28912374716031702 -0.35867362971636374 0.3789292068682184 -0.11697573773076808 -0.26685329027186278 -0.070627915534003716 -0.27612484865831216 0.049648157545265637 0.31842495875393956 -0.24611172514368651 -0.38876917194361349 -0.11484016267152493 -0.18601859382487149 -0.22510940015140443 0.20048092089111852 -0.26621450285783449 -0.12643110848667005 -0.014744336909373157 -0.042730852917159903 -0.15296659639069096 -0.25387139128765768 0.31508732434320558 0.066974947080956596 0.082314726046392478 -0.085682475923794243 0.084457361791668989 0.18496012993485858 -0.2541158490798382 -0.2111976112214661 0.11478186383305795 0.27249913280395249 0.059113852040202988 -0.030544343748606997 -0.3976560368764343 0.19887504716983229 0 0 0 0 0 0 0 0 0 0 0 0 0 0 0 0 0 0 -0.99100562551458482 0 0 0 0 0 0 0 0 0 0 0 0 0 0 0 0 0 0 0 0 0 0 0 0 0 0 0 0 0 0 0 0 0 0 0 0 0 0 0 0 0 0 0 0 0 0 0 0 0 -0.016531739493576329 0 0 0 0 0 0 0 0 0 0 0 0 0 0 0 0 0 0 0 0 0 0 0 0 0 0 0 0 0 0 0 0 0 0 0 0 0 0 0 0 0 0 0 0 0 0 0 0 0 0.1327951497147502 0 0 0 0 0 0 0 0 0 0 0 0 0 0 0 0 0 0 0 0 0 0 0 0 0 0 0 0 0 0 0 0.10000000000000001 3 2
0.84515340957383933 0.82825199788635817 0.055982690386533654 -0.2405923559894384 -0.098228998296558512 0.02273881270601379 -0.020318570289618698 0.36531815080924201 -0.37547648616269264 0.34437799460065421 -0.012356294064489416 -0.31114287102266563 -0.072957062403204459 0.14090679286595195 0.15813922181753456 -0.28912374716031702 -0.35867362971636374 0.3789292068682184 -0.11697573773076808 -0.26685329027186278 -0.070627915534003716 -0.27612484865831216 0.049648157545265637 0.31842495875393956 -0.24611172514368651 -0.38876917194361349 -0.11484016267152493 -0.18601859382487149 -0.22510940015140443 0.20048092089111852 -0.26621450285783449 -0.12643110848667005 -0.014744336909373157 -0.042730852917159903 -0.15296659639069096 -0.25387139128765768 0.31508732434320558 0.066974947080956596 0.082314726046392478 -0.085682475923794243 0.084457361791668989 0.18496012993485858 -0.2541158490798382 -0.2111976112214661 0.11478186383305795 0.27249913280395249 0.059113852040202988 -0.030544343748606997 -0.3976560368764343 0.19887504716983229 0 0 0 0 0 0 0 0 0 0 0 0 0 0 0 0 0 0 0 -0.99100562551458482 0 0 0 0 0 0 0 0 0 0 0 0 0 0 0 0 0 0 0 0 0 0 0 0 0 0 0 0 0 0 0 0 0 0 0 0 0 0 0 0 0 0 0 0 0 0 0 0 0 -0.016531739493576329 0 0 0 0 0 0 0 0 0 0 0 0 0 0 0 0 0 0 0 0 0 0 0 0 0 0 0 0 0 0 0 0 0 0 0 0 0 0 0 0 0 0 0 0 0 0 0 0 0 0.1327951497147502 0 0 0 0 0 0 0 0 0 0 0 0 0 0 0 0 0 0 0 0 0 0 0 0 0 0 0 0 0 0 0.10000000000000001 3 2
0.84515340957383933 0.82825199788635817 0.055982690386533654 -0.2405923559894384 -0.098228998296558512 0.02273881270601379 -0.020318570289618698 0.36531815080924201 -0.37547648616269264 0.34437799460065421 -0.012356294064489416 -0.31114287102266563 -0.072957062403204459 0.14090679286595195 0.15813922181753456 -0.28912374716031702 -0.35867362971636374 0.3789292068682184 -0.11697573773076808 -0.26685329027186278 -0.070627915534003716 -0.27612484865831216 0.049648157545265637 0.31842495875393956 -0.24611172514368651 -0.38876917194361349 -0.11484016267152493 -0.18601859382487149 -0.22510940015140443 0.20048092089111852 -0.26621450285783449 -0.12643110848667005 -0.014744336909373157 -0.042730852917159903 -0.15296659639069096 -0.25387139128765768 0.31508732434320558 0.066974947080956596 0.082314726046392478 -0.085682475923794243 0.084457361791668989 0.18496012993485858 -0.2541158490798382 -0.2111976112214661 0.11478186383305795 0.27249913280395249 0.059113852040202988 -0.030544343748606997 -0.3976560368764343 0.19887504716983229 0 0 0 0 0 0 0 0 0 0 0 0 0 0 0 0 0 0 0 0 -0.99100562551458482 0 0 0 0 0 0 0 0 0 0 0 0 0 0 0 0 0 0 0 0 0 0 0 0 0 0 0 0 0 0 0 0 0 0 0 0 0 0 0 0 0 0 0 0 0 0 0 0 0 -0.016531739493576329 0 0 0 0 0 0 0 0 0 0 0 0 0 0 0 0 0 0 0 0 0 0 0 0 0 0 0 0 0 0 0 0 0 0 0 0 0 0 0 0 0 0 0 0 0 0 0 0 0 0.1327951497147502 0 0 0 0 0 0 0 0 0 0 0 0 0 0 0 0 0 0 0 0 0 0 0 0 0 0 0 0 0 0.10000000000000001 3 2
0.84515340957383933 0.82825199788635817 0.055982690386533654 -0.2405923559894384 -0.098228998296558512 0.02273881270601379 -0.020318570289618698 0.36531815080924201 -0.37547648616269264 0.34437799460065421 -0.012356294064489416 -0.31114287102266563 -0.072957062403204459 0.14090679286595195 0.15813922181753456 -0.28912374716031702 -0.35867362971636374 0.3789292068682184 -0.11697573773076808 -0.26685329027186278 -0.070627915534003716 -0.27612484865831216 0.049648157545265637 0.31842495875393956 -0.24611172514368651 -0.38876917194361349 -0.11484016267152493 -0.18601859382487149 -0.22510940015140443 0.20048092089111852 -0.26621450285783449 -0.12643110848667005 -0.014744336909373157 -0.042730852917159903 -0.15296659639069096 -0.25387139128765768 0.31508732434320558 0.066974947080956596 0.082314726046392478 -0.085682475923794243 0.084457361791668989 0.18496012993485858 -0.2541158490798382 -0.2111976112214661 0.11478186383305795 0.27249913280395249 0.059113852040202988 -0.030544343748606997 -0.3976560368764343 0.19887504716983229 0 0 0 0 0 0 0 0 0 0 0 0 0 0 0 0 0 0 0 0 0 -0.99100562551458482 0 0 0 0 0 0 0 0 0 0 0 0 0 0 0 0 0 0 0 0 0 0 0 0 0 0 0 0 0 0 0 0 0 0 0 0 0 0 0 0 0 0 0 0 0 0 0 0 0 -0.016531739493576329 0 0 0 0 0 0 0 0 0 0 0 0 0 0 0 0 0 0 0 0 0 0 0 0 0 0 0 0 0 0 0 0 0 0 0 0 0 0 0 0 0 0 0 0 0 0 0 0 0 0.1327951497147502 0 0 0 0 0 0 0 0 0 0 0 0 0 0 0 0 0 0 0 0 0 0 0 0 0 0 0 0 0.10000000000000001 3 2
0.84515340957383933 0.82825199788635817 0.055982690386533654 -0.2405923559894384 -0.098228998296558512 0.02273881270601379 -0.020318570289618698 0.36531815080924201 -0.37547648616269264 0.34437799460065421 -0.012356294064489416 -0.31114287102266563 -0.072957062403204459 0.14090679286595195 0.15813922181753456 -0.28912374716031702 -0.35867362971636374 0.3789292068682184 -0.11697573773076808 -0.26685329027186278 -0.070627915534003716 -0.27612484865831216 0.049648157545265637 0.31842495875393956 -0.24611172514368651 -0.38876917194361349 -0.11484016267152493 -0.18601859382487149 -0.22510940015140443 0.20048092089111852 -0.26621450285783449 -0.12643110848667005 -0.014744336909373157 -0.042730852917159903 -0.15296659639069096 -0.25387139128765768 0.31508732434320558 0.066974947080956596 0.082314726046392478 -0.085682475923794243 0.084457361791668989 0.18496012993485858 -0.2541158490798382 -0.2111976112214661 0.11478186383305795 0.27249913280395249 0.059113852040202988 -0.030544343748606997 -0.3976560368764343 0.19887504716983229 0 0 0 0 0 0 0 0 0 0 0 0 0 0 0 0 0 0 0 0 0 0 -0.99100562551458482 0 0 0 0 0 0 0 0 0 0 0 0 0 0 0 0 0 0 0 0 0 0 0 0 0 0 0 0 0 0 0 0 0 0 0 0 0 0 0 0 0 0 0 0 0 0 0 0 0 -0.016531739493576329 0 0 0 0 0 0 0 0 0 0 0 0 0 0 0 0 0 0 0 0 0 0 0 0 0 0 0 0 0 0 0 0 0 0 0 0 0 0 0 0 0 0 0 0 0 0 0 0 0 0.1327951497147502 0 0 0 0 0 0 0 0 0 0 0 0 0 0 0 0 0 0 0 0 0 0 0 0 0 0 0 0.10000000000000001 3 2
0.84515340957383933 0.82825199788635817 0.055982690386533654 -0.2405923559894384 -0.098228998296558512 0.02273881270601379 -0.020318570289618698 0.36531815080924201 -0.37547648616269264 0.34437799460065421 -0.012356294064489416 -0.31114287102266563 -0.072957062403204459 0.14090679286595195 0.15813922181753456 -0.28912374716031702 -0.35867362971636374 0.3789292068682184 -0.11697573773076808 -0.26685329027186278 -0.070627915534003716 -0.27612484865831216 0.049648157545265637 0.31842495875393956 -0.24611172514368651 -0.38876917194361349 -0.11484016267152493 -0.18601859382487149 -0.22510940015140443 0.20048092089111852 -0.26621450285783449 -0.12643110848667005 -0.014744336909373157 -0.042730852917159903 -0.15296659639069096 -0.25387139128765768 0.31508732434320558 0.066974947080956596 0.082314726046392478 -0.085682475923794243 0.084457361791668989 0.18496012993485858 -0.2541158490798382 -0.2111976112214661 0.11478186383305795 0.27249913280395249 0.059113852040202988 -0.030544343748606997 -0.3976560368764343 0.19887504716983229 0 0 0 0 0 0 0 0 0 0 0 0 0 0 0 0 0 0 0 0 0 0 0 -0.99100562551458482 0 0 0 0 0 0 0 0 0 0 0 0 0 0 0 0 0 0 0 0 0 0 0 0 0 0 0 0 0 0 0 0 0 0 0 0 0 0 0 0 0 0 0 0 0 0 0 0 0 -0.016531739493576329 0 0 0 0 0 0 0 0 0 0 0 0 0 0 0 0 0 0 0 0 0 0 0 0 0 0 0 0 0 0 0 0 0 0 0 0 0 0 0 0 0 0 0 0 0 0 0 0 0 0.1327951497147502 0 0 0 0 0 0 0 0 0 0 0 0 0 0 0 0 0 0 0 0 0 0 0 0 0 0 0.10000000000000001 3 2
0.84515340957383933 0.82825199788635817 0.055982690386533654 -0.2405923559894384 -0.098228998296558512 0.02273881270601379 -0.020318570289618698 0.36531815080924201 -0.37547648616269264 0.34437799460065421 -0.012356294064489416 -0.31114287102266563 -0.072957062403204459 0.14090679286595195 0.15813922181753456 -0.28912374716031702 -0.35867362971636374 0.3789292068682184 -0.11697573773076808 -0.26685329027186278 -0.070627915534003716 -0.27612484865831216 0.049648157545265637 0.31842495875393956 -0.24611172514368651 -0.38876917194361349 -0.11484016267152493 -0.18601859382487149 -0.22510940015140443 0.20048092089111852 -0.26621450285783449 -0.12643110848667005 -0.014744336909373157 -0.042730852917159903 -0.15296659639069096 -0.25387139128765768 0.31508732434320558 0.066974947080956596 0.082314726046392478 -0.085682475923794243 0.084457361791668989 0.18496012993485858 -0.2541158490798382 -0.2111976112214661 0.11478186383305795 0.27249913280395249 0.059113852040202988 -0.030544343748606997 -0.3976560368764343 0.19887504716983229 0 0 0 0 0 0 0 0 0 0 0 0 0 0 0 0 0 0 0 0 0 0 0 0 -0.99100562551458482 0 0 0 0 0 0 0 0 0 0 0 0 0 0 0 0 0 0 0 0 0 0 0 0 0 0 0 0 0 0 0 0 0 0 0 0 0 0 0 0 0 0 0 0 0 0 0 0 0 -0.016531739493576329 0 0 0 0 0 0 0 0 0 0 0 0 0 0 0 0 0 0 0 0 0 0 0 0 0 0 0 0 0 0 0 0 0 0 0 0 0 0 0 0 0 0 0 0 0 0 0 0 0 0.1327951497147502 0 0 0 0 0 0 0 0 0 0 0 0 0 0 0 0 0 0 0 0 0 0 0 0 0 0.10000000000000001 3 2
0.84515340957383933 0.82825199788635817 0.055982690386533654 -0.2405923559894384 -0.098228998296558512 0.02273881270601379 -0.020318570289618698 0.36531815080924201 -0.37547648616269264 0.34437799460065421 -0.012356294064489416 -0.31114287102266563 -0.072957062403204459 0.14090679286595195 0.15813922181753456 -0.28912374716031702 -0.35867362971636374 0.3789292068682184 -0.11697573773076808 -0.26685329027186278 -0.070627915534003716 -0.27612484865831216 0.049648157545265637 0.31842495875393956 -0.24611172514368651 -0.38876917194361349 -0.11484016267152493 -0.18601859382487149 -0.22510940015140443 0.20048092089111852 -0.26621450285783449 -0.12643110848667005 -0.014744336909373157 -0.042730852917159903 -0.15296659639069096 -0.25387139128765768 0.31508732434320558 0.066974947080956596 0.082314726046392478 -0.085682475923794243 0.084457361791668989 0.18496012993485858 -0.2541158490798382 -0.2111976112214661 0.11478186383305795 0.27249913280395249 0.059113852040202988 -0.030544343748606997 -0.3976560368764343 0.19887504716983229 0 0 0 0 0 0 0 0 0 0 0 0 0 0 0 0 0 0 0 0 0 0 0 0 0 -0.99100562551458482 0 0 0 0 0 0 0 0 0 0 0 0 0 0 0 0 0 0 0 0 0 0 0 0 0 0 0 0 0 0 0 0 0 0 0 0 0 0 0 0 0 0 0 0 0 0 0 0 0 -0.016531739493576329 0 0 0 0 0 0 0 0 0 0 0 0 0 0 0 0 0 0 0 0 0 0 0 0 0 0 0 0 0 0 0 0 0 0 0 0 0 0 0 0 0 0 0 0 0 0 0 0 0 0.1327951497147502 0 0 0 0 0 0 0 0 0 0 0 0 0 0 0 0 0 0 0 0 0 0 0 0 0.10000000000000001 3 2
0.84515340957383933 0.82825199788635817 0.055982690386533654 -0.2405923559894384 -0.098228998296558512 0.02273881270601379 -0.020318570289618698 0.36531815080924201 -0.37547648616269264 0.34437799460065421 -0.012356294064489416 -0.31114287102266563 -0.072957062403204459 0.14090679286595195 0.15813922181753456 -0.28912374716031702 -0.35867362971636374 0.3789292068682184 -0.11697573773076808 -0.26685329027186278 -0.070627915534003716 -0.27612484865831216 0.049648157545265637 0.31842495875393956 -0.24611172514368651 -0.38876917194361349 -0.11484016267152493 -0.18601859382487149 -0.22510940015140443 0.20048092089111852 -0.26621450285783449 -0.12643110848667005 -0.014744336909373157 -0.042730852917159903 -0.15296659639069096 -0.25387139128765768 0.31508732434320558 0.066974947080956596 0.082314726046392478 -0.085682475923794243 0.084457361791668989 0.18496012993485858 -0.2541158490798382 -0.2111976112214661 0.11478186383305795 0.27249913280395249 0.059113852040202988 -0.030544343748606997 -0.3976560368764343 0.19887504716983229 0 0 0 0 0 0 0 0 0 0 0 0 0 0 0 0 0 0 0 0 0 0 0 0 0 0 -0.99100562551458482 0 0 0 0 0 0 0 0 0 0 0 0 0 0 0 0 0 0 0 0 0 0 0 0 0 0 0 0 0 0 0 0 0 0 0 0 0 0 0 0 0 0 0 0 0 0 0 0 0 -0.016531739493576329 0 0 0 0 0 0 0 0 0 0 0 0 0 0 0 0 0 0 0 0 0 0 0 0 0 0 0 0 0 0 0 0 0 0 0 0 0 0 0 0 0 0 0 0 0 0 0 0 0 0.1327951497147502 0 0 0 0 0 0 0 0 0 0 0 0 0 0 0 0 0 0 0 0 0 0 0 0.10000000000000001 3 2
0.84515340957383933 0.82825199788635817 0.055982690386533654 -0.2405923559894384 -0.098228998296558512 0.02273881270601379 -0.020318570289618698 0.36531815080924201 -0.37547648616269264 0.34437799460065421 -0.012356294064489416 -0.31114287102266563 -0.072957062403204459 0.14090679286595195 0.15813922181753456 -0.28912374716031702 -0.35867362971636374 0.3789292068682184 -0.11697573773076808 -0.26685329027186278 -0.070627915534003716 -0.27612484865831216 0.049648157545265637 0.31842495875393956 -0.24611172514368651 -0.38876917194361349 -0.11484016267152493 -0.18601859382487149 -0.22510940015140443 0.20048092089111852 -0.26621450285783449 -0.12643110848667005 -0.014744336909373157 -0.042730852917159903 -0.15296659639069096 -0.25387139128765768 0.31508732434320558 0.066974947080956596 0.082314726046392478 -0.085682475923794243 0.084457361791668989 0.18496012993485858 -0.2541158490798382 -0.2111976112214661 0.11478186383305795 0.27249913280395249 0.059113852040202988 -0.030544343748606997 -0.3976560368764343 0.19887504716983229 0 0 0 0 0 0 0 0 0 0 0 0 0 0 0 0 0 0 0 0 0 0 0 0 0 0 0 -0.99100562551458482 0 0 0 0 0 0 0 0 0 0 0 0 0 0 0 0 0 0 0 0 0 0 0 0 0 0 0 0 0 0 0 0 0 0 0 0 0 0 0 0 0 0 0 0 0 0 0 0 0 -0.016531739493576329 0 0 0 0 0 0 0 0 0 0 0 0 0 0 0 0 0 0 0 0 0 0 0 0 0 0 0 0 0 0 0 0 0 0 0 0 0 0 0 0 0 0 0 0 0 0 0 0 0 0.1327951497147502 0 0 0 0 0 0 0 0 0 0 0 0 0 0 0 0 0 0 0 0 0 0 0.10000000000000001 3 2
0.84515340957383933 0.82825199788635817 0.055982690386533654 -0.2405923559894384 -0.098228998296558512 0.02273881270601379 -0.020318570289618698 0.36531815080924201 -0.37547648616269264 0.34437799460065421 -0.012356294064489416 -0.31114287102266563 -0.072957062403204459 0.14090679286595195 0.15813922181753456 -0.28912374716031702 -0.35867362971636374 0.3789292068682184 -0.11697573773076808 -0.26685329027186278 -0.070627915534003716 -0.27612484865831216 0.049648157545265637 0.31842495875393956 -0.24611172514368651 -0.38876917194361349 -0.11484016267152493 -0.18601859382487149 -0.22510940015140443 0.20048092089111852 -0.26621450285783449 -0.12643110848667005 -0.014744336909373157 -0.042730852917159903 -0.15296659639069096 -0.25387139128765768 0.31508732434320558 0.066974947080956596 0.082314726046392478 -0.085682475923794243 0.084457361791668989 0.18496012993485858 -0.2541158490798382 -0.2111976112214661 0.11478186383305795 0.27249913280395249 0.059113852040202988 -0.030544343748606997 -0.3976560368764343 0.19887504716983229 0 0 0 0 0 0 0 0 0 0 0 0 0 0 0 0 0 0 0 0 0 0 0 0 0 0 0 0 -0.99100562551458482 0 0 0 0 0 0 0 0 0 0 0 0 0 0 0 0 0 0 0 0 0 0 0 0 0 0 0 0 0 0 0 0 0 0 0 0 0 0 0 0 0 0 0 0 0 0 0 0 0 -0.016531739493576329 0 0 0 0 0 0 0 0 0 0 0 0 0 0 0 0 0 0 0 0 0 0 0 0 0 0 0 0 0 0 0 0 0 0 0 0 0 0 0 0 0 0 0 0 0 0 0 0 0 0.1327951497147502 0 0 0 0 0 0 0 0 0 0 0 0 0 0 0 0 0 0 0 0 0 0.10000000000000001 3 2
0.84515340957383933 0.82825199788635817 0.055982690386533654 -0.2405923559894384 -0.098228998296558512 0.02273881270601379 -0.020318570289618698 0.36531815080924201 -0.37547648616269264 0.34437799460065421 -0.012356294064489416 -0.31114287102266563 -0.072957062403204459 0.14090679286595195 0.15813922181753456 -0.28912374716031702 -0.35867362971636374 0.3789292068682184 -0.11697573773076808 -0.26685329027186278 -0.070627915534003716 -0.27612484865831216 0.049648157545265637 0.31842495875393956 -0.24611172514368651 -0.38876917194361349 -0.11484016267152493 -0.18601859382487149 -0.22510940015140443 0.20048092089111852 -0.26621450285783449 -0.12643110848667005 -0.014744336909373157 -0.042730852917159903 -0.15296659639069096 -0.25387139128765768 0.31508732434320558 0.066974947080956596 0.082314726046392478 -0.085682475923794243 0.084457361791668989 0.18496012993485858 -0.2541158490798382 -0.2111976112214661 0.11478186383305795 0.27249913280395249 0.059113852040202988 -0.030544343748606997 -0.3976560368764343 0.19887504716983229 0 0 0 0 0 0 0 0 0 0 0 0 0 0 0 0 0 0 0 0 0 0 0 0 0 0 0 0 0 -0.99100562551458482 0 0 0 0 0 0 0 0 0 0 0 0 0 0 0 0 0 0 0 0 0 0 0 0 0 0 0 0 0 0 0 0 0 0 0 0 0 0 0 0 0 0 0 0 0 0 0 0 0 -0.016531739493576329 0 0 0 0 0 0 0 0 0 0 0 0 0 0 0 0 0 0 0 0 0 0 0 0 0 0 0 0 0 0 0 0 0 0 0 0 0 0 0 0 0 0 0 0 0 0 0 0 0 0.1327951497147502 0 0 0 0 0 0 0 0 0 0 0 0 0 0 0 0 0 0 0 0 0.10000000000000001 3 2
0.84515340957383933 0.82825199788635817 0.055982690386533654 -0.2405923559894384 -0.098228998296558512 0.02273881270601379 -0.020318570289618698 0.36531815080924201 -0.37547648616269264 0.34437799460065421 -0.012356294064489416 -0.31114287102266563 -0.072957062403204459 0.14090679286595195 0.15813922181753456 -0.28912374716031702 -0.35867362971636374 0.3789292068682184 -0.11697573773076808 -0.26685329027186278 -0.070627915534003716 -0.27612484865831216 0.049648157545265637 0.31842495875393956 -0.24611172514368651 -0.38876917194361349 -0.11484016267152493 -0.18601859382487149 -0.22510940015140443 0.20048092089111852 -0.26621450285783449 -0.12643110848667005 -0.014744336909373157 -0.042730852917159903 -0.15296659639069096 -0.25387139128765768 0.31508732434320558 0.066974947080956596 0.082314726046392478 -0.085682475923794243 0.084457361791668989 0.18496012993485858 -0.2541158490798382 -0.2111976112214661 0.11478186383305795 0.27249913280395249 0.059113852040202988 -0.030544343748606997 -0.3976560368764343 0.19887504716983229 0 0 0 0 0 0 0 0 0 0 0 0 0 0 0 0 0 0 0 0 0 0 0 0 0 0 0 0 0 0 -0.99100562551458482 0 0 0 0 0 0 0 0 0 0 0 0 0 0 0 0 0 0 0 0 0 0 0 0 0 0 0 0 0 0 0 0 0 0 0 0 0 0 0 0 0 0 0 0 0 0 0 0 0 -0.016531739493576329 0 0 0 0 0 0 0 0 0 0 0 0 0 0 0 0 0 0 0 0 0 0 0 0 0 0 0 0 0 0 0 0 0 0 0 0 0 0 0 0 0 0 0 0 0 0 0 0 0 0.1327951497147502 0 0 0 0 0 0 0 0 0 0 0 0 0 0 0 0 0 0 0 0.10000000000000001 3 2
0.84515340957383933 0.82825199788635817 0.055982690386533654 -0.2405923559894384 -0.098228998296558512 0.02273881270601379 -0.020318570289618698 0.36531815080924201 -0.37547648616269264 0.34437799460065421 -0.012356294064489416 -0.31114287102266563 -0.072957062403204459 0.14090679286595195 0.15813922181753456 -0.28912374716031702 -0.35867362971636374 0.3789292068682184 -0.11697573773076808 -0.26685329027186278 -0.070627915534003716 -0.27612484865831216 0.049648157545265637 0.31842495875393956 -0.24611172514368651 -0.38876917194361349 -0.11484016267152493 -0.18601859382487149 -0.22510940015140443 0.20048092089111852 -0.26621450285783449 -0.12643110848667005 -0.014744336909373157 -0.042730852917159903 -0.15296659639069096 -0.25387139128765768 0.31508732434320558 0.066974947080956596 0.082314726046392478 -0.085682475923794243 0.084457361791668989 0.18496012993485858 -0.2541158490798382 -0.2111976112214661 0.11478186383305795 0.27249913280395249 0.059113852040202988 -0.030544343748606997 -0.3976560368764343 0.19887504716983229 0 0 0 0 0 0 0 0 0 0 0 0 0 0 0 0 0 0 0 0 0 0 0 0 0 0 0 0 0 0 0 -0.99100562551458482 0 0 0 0 0 0 0 0 0 0 0 0 0 0 0 0 0 0 0 0 0 0 0 0 0 0 0 0 0 0 0 0 0 0 0 0 0 0 0 0 0 0 0 0 0 0 0 0 0 -0.016531739493576329 0 0 0 0 0 0 0 0 0 0 0 0 0 0 0 0 0 0 0 0 0 0 0 0 0 0 0 0 0 0 0 0 0 0 0 0 0 0 0 0 0 0 0 0 0 0 0 0 0 0.1327951497147502 0 0 0 0 0 0 0 0 0 0 0 0 0 0 0 0 0 0 0.10000000000000001 3 2
0.84515340957383933 0.82825199788635817 0.055982690386533654 -0.2405923559894384 -0.098228998296558512 0.02273881270601379 -0.020318570289618698 0.36531815080924201 -0.37547648616269264 0.34437799460065421 -0.012356294064489416 -0.31114287102266563 -0.072957062403204459 0.14090679286595195 0.15813922181753456 -0.28912374716031702 -0.35867362971636374 0.3789292068682184 -0.11697573773076808 -0.26685329027186278 -0.070627915534003716 -0.27612484865831216 0.049648157545265637 0.31842495875393956 -0.24611172514368651 -0.38876917194361349 -0.11484016267152493 -0.18601859382487149 -0.22510940015140443 0.20048092089111852 -0.26621450285783449 -0.12643110848667005 -0.014744336909373157 -0.042730852917159903 -0.15296659639069096 -0.25387139128765768 0.31508732434320558 0.066974947080956596 0.082314726046392478 -0.085682475923794243 0.084457361791668989 0.18496012993485858 -0.2541158490798382 -0.2111976112214661 0.11478186383305795 0.27249913280395249 0.059113852040202988 -0.030544343748606997 -0.3976560368764343 0.19887504716983229 0 0 0 0 0 0 0 0 0 0 0 0 0 0 0 0 0 0 0 0 0 0 0 0 0 0 0 0 0 0 0 0 -0.99100562551458482 0 0 0 0 0 0 0 0 0 0 0 0 0 0 0 0 0 0 0 0 0 0 0 0 0 0 0 0 0 0 0 0 0 0 0 0 0 0 0 0 0 0 0 0 0 0 0 0 0 -0.016531739493576329 0 0 0 0 0 0 0 0 0 0 0 0 0 0 0 0 0 0 0 0 0 0 0 0 0 0 0 0 0 0 0 0 0 0 0 0 0 0 0 0 0 0 0 0 0 0 0 0 0 0.1327951497147502 0 0 0 0 0 0 0 0 0 0 0 0 0 0 0 0 0 0.10000000000000001 3 2
0.84515340957383933 0.82825199788635817 0.055982690386533654 -0.2405923559894384 -0.098228998296558512 0.02273881270601379 -0.020318570289618698 0.36531815080924201 -0.37547648616269264 0.34437799460065421 -0.012356294064489416 -0.31114287102266563 -0.072957062403204459 0.14090679286595195 0.15813922181753456 -0.28912374716031702 -0.35867362971636374 0.3789292068682184 -0.11697573773076808 -0.26685329027186278 -0.070627915534003716 -0.27612484865831216 0.049648157545265637 0.31842495875393956 -0.24611172514368651 -0.38876917194361349 -0.11484016267152493 -0.18601859382487149 -0.22510940015140443 0.20048092089111852 -0.26621450285783449 -0.12643110848667005 -0.014744336909373157 -0.042730852917159903 -0.15296659639069096 -0.25387139128765768 0.31508732434320558 0.066974947080956596 0.082314726046392478 -0.085682475923794243 0.084457361791668989 0.18496012993485858 -0.2541158490798382 -0.2111976112214661 0.11478186383305795 0.27249913280395249 0.059113852040202988 -0.030544343748606997 -0.3976560368764343 0.19887504716983229 0 0 0 0 0 0 0 0 0 0 0 0 0 0 0 0 0 0 0 0 0 0 0 0 0 0 0 0 0 0 0 0 0 -0.99100562551458482 0 0 0 0 0 0 0 0 0 0 0 0 0 0 0 0 0 0 0 0 0 0 0 0 0 0 0 0 0 0 0 0 0 0 0 0 0 0 0 0 0 0 0 0 0 0 0 0 0 -0.016531739493576329 0 0 0 0 0 0 0 0 0 0 0 0 0 0 0 0 0 0 0 0 0 0 0 0 0 0 0 0 0 0 0 0 0 0 0 0 0 0 0 0 0 0 0 0 0 0 0 0 0 0.1327951497147502 0 0 0 0 0 0 0 0 0 0 0 0 0 0 0 0 0.10000000000000001 3 2
0.84515340957383933 0.82825199788635817 0.055982690386533654 -0.2405923559894384 -0.098228998296558512 0.02273881270601379 -0.020318570289618698 0.36531815080924201 -0.37547648616269264 0.34437799460065421 -0.012356294064489416 -0.31114287102266563 -0.072957062403204459 0.14090679286595195 0.15813922181753456 -0.28912374716031702 -0.35867362971636374 0.3789292068682184 -0.11697573773076808 -0.26685329027186278 -0.070627915534003716 -0.27612484865831216 0.049648157545265637 0.31842495875393956 -0.24611172514368651 -0.38876917194361349 -0.11484016267152493 -0.18601859382487149 -0.22510940015140443 0.20048092089111852 -0.26621450285783449 -0.12643110848667005 -0.014744336909373157 -0.042730852917159903 -0.15296659639069096 -0.25387139128765768 0.31508732434320558 0.066974947080956596 0.082314726046392478 -0.085682475923794243 0.084457361791668989 0.18496012993485858 -0.2541158490798382 -0.2111976112214661 0.11478186383305795 0.27249913280395249 0.059113852040202988 -0.030544343748606997 -0.3976560368764343 0.19887504716983229 0 0 0 0 0 0 0 0 0 0 0 0 0 0 0 0 0 0 0 0 0 0 0 0 0 0 0 0 0 0 0 0 0 0 -0.99100562551458482 0 0 0 0 0 0 0 0 0 0 0 0 0 0 0 0 0 0 0 0 0 0 0 0 0 0 0 0 0 0 0 0 0 0 0 0 0 0 0 0 0 0 0 0 0 0 0 0 0 -0.016531739493576329 0 0 0 0 0 0 0 0 0 0 0 0 0 0 0 0 0 0 0 0 0 0 0 0 0 0 0 0 0 0 0 0 0 0 0 0 0 0 0 0 0 0 0 0 0 0 0 0 0 0.1327951497147502 0 0 0 0 0 0 0 0 0 0 0 0 0 0 0 0.10000000000000001 3 2
0.84515340957383933 0.82825199788635817 0.055982690386533654 -0.2405923559894384 -0.098228998296558512 0.02273881270601379 -0.020318570289618698 0.36531815080924201 -0.37547648616269264 0.34437799460065421 -0.012356294064489416 -0.31114287102266563 -0.072957062403204459 0.14090679286595195 0.15813922181753456 -0.28912374716031702 -0.35867362971636374 0.3789292068682184 -0.11697573773076808 -0.26685329027186278 -0.070627915534003716 -0.27612484865831216 0.049648157545265637 0.31842495875393956 -0.24611172514368651 -0.38876917194361349 -0.11484016267152493 -0.18601859382487149 -0.22510940015140443 0.20048092089111852 -0.26621450285783449 -0.12643110848667005 -0.014744336909373157 -0.042730852917159903 -0.15296659639069096 -0.25387139128765768 0.31508732434320558 0.066974947080956596 0.082314726046392478 -0.085682475923794243 0.084457361791668989 0.18496012993485858 -0.2541158490798382 -0.2111976112214661 0.11478186383305795 0.27249913280395249 0.059113852040202988 -0.030544343748606997 -0.3976560368764343 0.19887504716983229 0 0 0 0 0 0 0 0 0 0 0 0 0 0 0 0 0 0 0 0 0 0 0 0 0 0 0 0 0 0 0 0 0 0 0 -0.99100562551458482 0 0 0 0 0 0 0 0 0 0 0 0 0 0 0 0 0 0 0 0 0 0 0 0 0 0 0 0 0 0 0 0 0 0 0 0 0 0 0 0 0 0 0 0 0 0 0 0 0 -0.016531739493576329 0 0 0 0 0 0 0 0 0 0 0 0 0 0 0 0 0 0 0 0 0 0 0 0 0 0 0 0 0 0 0 0 0 0 0 0 0 0 0 0 0 0 0 0 0 0 0 0 0 0.1327951497147502 0 0 0 0 0 0 0 0 0 0 0 0 0 0 0.10000000000000001 3 2
0.84515340957383933 0.82825199788635817 0.055982690386533654 -0.2405923559894384 -0.098228998296558512 0.02273881270601379 -0.020318570289618698 0.36531815080924201 -0.37547648616269264 0.34437799460065421 -0.012356294064489416 -0.31114287102266563 -0.072957062403204459 0.14090679286595195 0.15813922181753456 -0.28912374716031702 -0.35867362971636374 0.3789292068682184 -0.11697573773076808 -0.26685329027186278 -0.070627915534003716 -0.27612484865831216 0.049648157545265637 0.31842495875393956 -0.24611172514368651 -0.38876917194361349 -0.11484016267152493 -0.18601859382487149 -0.22510940015140443 0.20048092089111852 -0.26621450285783449 -0.12643110848667005 -0.014744336909373157 -0.042730852917159903 -0.15296659639069096 -0.25387139128765768 0.31508732434320558 0.066974947080956596 0.082314726046392478 -0.085682475923794243 0.084457361791668989 0.18496012993485858 -0.2541158490798382 -0.2111976112214661 0.11478186383305795 0.27249913280395249 0.059113852040202988 -0.030544343748606997 -0.3976560368764343 0.19887504716983229 0 0 0 0 0 0 0 0 0 0 0 0 0 0 0 0 0 0 0 0 0 0 0 0 0 0 0 0 0 0 0 0 0 0 0 0 -0.99100562551458482 0 0 0 0 0 0 0 0 0 0 0 0 0 0 0 0 0 0 0 0 0 0 0 0 0 0 0 0 0 0 0 0 0 0 0 0 0 0 0 0 0 0 0 0 0 0 0 0 0 -0.016531739493576329 0 0 0 0 0 0 0 0 0 0 0 0 0 0 0 0 0 0 0 0 0 0 0 0 0 0 0 0 0 0 0 0 0 0 0 0 0 0 0 0 0 0 0 0 0 0 0 0 0 0.1327951497147502 0 0 0 0 0 0 0 0 0 0 0 0 0 0.10000000000000001 3 2
0.84515340957383933 0.82825199788635817 0.055982690386533654 -0.2405923559894384 -0.098228998296558512 0.02273881270601379 -0.020318570289618698 0.36531815080924201 -0.37547648616269264 0.34437799460065421 -0.012356294064489416 -0.31114287102266563 -0.072957062403204459 0.14090679286595195 0.15813922181753456 -0.28912374716031702 -0.35867362971636374 0.3789292068682184 -0.11697573773076808 -0.26685329027186278 -0.070627915534003716 -0.27612484865831216 0.049648157545265637 0.31842495875393956 -0.24611172514368651 -0.38876917194361349 -0.11484016267152493 -0.18601859382487149 -0.22510940015140443 0.20048092089111852 -0.26621450285783449 -0.12643110848667005 -0.014744336909373157 -0.042730852917159903 -0.15296659639069096 -0.25387139128765768 0.31508732434320558 0.066974947080956596 0.082314726046392478 -0.085682475923794243 0.084457361791668989 0.18496012993485858 -0.2541158490798382 -0.2111976112214661 0.11478186383305795 0.27249913280395249 0.059113852040202988 -0.030544343748606997 -0.3976560368764343 0.19887504716983229 0 0 0 0 0 0 0 0 0 0 0 0 0 0 0 0 0 0 0 0 0 0 0 0 0 0 0 0 0 0 0 0 0 0 0 0 0 -0.99100562551458482 0 0 0 0 0 0 0 0 0 0 0 0 0 0 0 0 0 0 0 0 0 0 0 0 0 0 0 0 0 0 0 0 0 0 0 0 0 0 0 0 0 0 0 0 0 0 0 0 0 -0.016531739493576329 0 0 0 0 0 0 0 0 0 0 0 0 0 0 0 0 0 0 0 0 0 0 0 0 0 0 0 0 0 0 0 0 0 0 0 0 0 0 0 0 0 0 0 0 0 0 0 0 0 0.1327951497147502 0 0 0 0 0 0 0 0 0 0 0 0 0.10000000000000001 3 2
0.84515340957383933 0.82825199788635817 0.055982690386533654 -0.2405923559894384 -0.098228998296558512 0.02273881270601379 -0.020318570289618698 0.36531815080924201 -0.37547648616269264 0.34437799460065421 -0.012356294064489416 -0.31114287102266563 -0.072957062403204459 0.14090679286595195 0.15813922181753456 -0.28912374716031702 -0.35867362971636374 0.3789292068682184 -0.11697573773076808 -0.26685329027186278 -0.070627915534003716 -0.27612484865831216 0.049648157545265637 0.31842495875393956 -0.24611172514368651 -0.38876917194361349 -0.11484016267152493 -0.18601859382487149 -0.22510940015140443 0.20048092089111852 -0.26621450285783449 -0.12643110848667005 -0.014744336909373157 -0.042730852917159903 -0.15296659639069096 -0.25387139128765768 0.31508732434320558 0.066974947080956596 0.082314726046392478 -0.085682475923794243 0.084457361791668989 0.18496012993485858 -0.2541158490798382 -0.2111976112214661 0.11478186383305795 0.27249913280395249 0.059113852040202988 -0.030544343748606997 -0.3976560368764343 0.19887504716983229 0 0 0 0 0 0 0 0 0 0 0 0 0 0 0 0 0 0 0 0 0 0 0 0 0 0 0 0 0 0 0 0 0 0 0 0 0 0 -0.99100562551458482 0 0 0 0 0 0 0 0 0 0 0 0 0 0 0 0 0 0 0 0 0 0 0 0 0 0 0 0 0 0 0 0 0 0 0 0 0 0 0 0 0 0 0 0 0 0 0 0 0 -0.016531739493576329 0 0 0 0 0 0 0 0 0 0 0 0 0 0 0 0 0 0 0 0 0 0 0 0 0 0 0 0 0 0 0 0 0 0 0 0 0 0 0 0 0 0 0 0 0 0 0 0 0 0.1327951497147502 0 0 0 0 0 0 0 0 0 0 0 0.10000000000000001 3 2
0.84515340957383933 0.82825199788635817 0.055982690386533654 -0.2405923559894384 -0.098228998296558512 0.02273881270601379 -0.020318570289618698 0.36531815080924201 -0.37547648616269264 0.34437799460065421 -0.012356294064489416 -0.31114287102266563 -0.072957062403204459 0.14090679286595195 0.15813922181753456 -0.28912374716031702 -0.35867362971636374 0.3789292068682184 -0.11697573773076808 -0.26685329027186278 -0.070627915534003716 -0.27612484865831216 0.049648157545265637 0.31842495875393956 -0.24611172514368651 -0.38876917194361349 -0.11484016267152493 -0.18601859382487149 -0.22510940015140443 0.20048092089111852 -0.26621450285783449 -0.12643110848667005 -0.014744336909373157 -0.042730852917159903 -0.15296659639069096 -0.25387139128765768 0.31508732434320558 0.066974947080956596 0.082314726046392478 -0.085682475923794243 0.084457361791668989 0.18496012993485858 -0.2541158490798382 -0.2111976112214661 0.11478186383305795 0.27249913280395249 0.059113852040202988 -0.030544343748606997 -0.3976560368764343 0.19887504716983229 0 0 0 0 0 0 0 0 0 0 0 0 0 0 0 0 0 0 0 0 0 0 0 0 0 0 0 0 0 0 0 0 0 0 0 0 0 0 0 -0.99100562551458482 0 0 0 0 0 0 0 0 0 0 0 0 0 0 0 0 0 0 0 0 0 0 0 0 0 0 0 0 0 0 0 0 0 0 0 0 0 0 0 0 0 0 0 0 0 0 0 0 0 -0.016531739493576329 0 0 0 0 0 0 0 0 0 0 0 0 0 0 0 0 0 0 0 0 0 0 0 0 0 0 0 0 0 0 0 0 0 0 0 0 0 0 0 0 0 0 0 0 0 0 0 0 0 0.1327951497147502 0 0 0 0 0 0 0 0 0 0 0.10000000000000001 3 2
0.84515340957383933 0.82825199788635817 0.055982690386533654 -0.2405923559894384 -0.098228998296558512 0.02273881270601379 -0.020318570289618698 0.36531815080924201 -0.37547648616269264 0.34437799460065421 -0.012356294064489416 -0.31114287102266563 -0.072957062403204459 0.14090679286595195 0.15813922181753456 -0.28912374716031702 -0.35867362971636374 0.3789292068682184 -0.11697573773076808 -0.26685329027186278 -0.070627915534003716 -0.27612484865831216 0.049648157545265637 0.31842495875393956 -0.24611172514368651 -0.38876917194361349 -0.11484016267152493 -0.18601859382487149 -0.22510940015140443 0.20048092089111852 -0.26621450285783449 -0.12643110848667005 -0.014744336909373157 -0.042730852917159903 -0.15296659639069096 -0.25387139128765768 0.31508732434320558 0.066974947080956596 0.082314726046392478 -0.085682475923794243 0.084457361791668989 0.18496012993485858 -0.2541158490798382 -0.2111976112214661 0.11478186383305795 0.27249913280395249 0.059113852040202988 -0.030544343748606997 -0.3976560368764343 0.19887504716983229 0 0 0 0 0 0 0 0 0 0 0 0 0 0 0 0 0 0 0 0 0 0 0 0 0 0 0 0 0 0 0 0 0 0 0 0 0 0 0 0 -0.99100562551458482 0 0 0 0 0 0 0 0 0 0 0 0 0 0 0 0 0 0 0 0 0 0 0 0 0 0 0 0 0 0 0 0 0 0 0 0 0 0 0 0 0 0 0 0 0 0 0 0 0 -0.016531739493576329 0 0 0 0 0 0 0 0 0 0 0 0 0 0 0 0 0 0 0 0 0 0 0 0 0 0 0 0 0 0 0 0 0 0 0 0 0 0 0 0 0 0 0 0 0 0 0 0 0 0.1327951497147502 0 0 0 0 0 0 0 0 0 0.10000000000000001 3 2
0.84515340957383933 0.82825199788635817 0.055982690386533654 -0.2405923559894384 -0.098228998296558512 0.02273881270601379 -0.020318570289618698 0.36531815080924201 -0.37547648616269264 0.34437799460065421 -0.012356294064489416 -0.31114287102266563 -0.072957062403204459 0.14090679286595195 0.15813922181753456 -0.28912374716031702 -0.35867362971636374 0.3789292068682184 -0.11697573773076808 -0.26685329027186278 -0.070627915534003716 -0.27612484865831216 0.049648157545265637 0.31842495875393956 -0.24611172514368651 -0.38876917194361349 -0.11484016267152493 -0.18601859382487149 -0.22510940015140443 0.20048092089111852 -0.26621450285783449 -0.12643110848667005 -0.014744336909373157 -0.042730852917159903 -0.15296659639069096 -0.25387139128765768 0.31508732434320558 0.066974947080956596 0.082314726046392478 -0.085682475923794243 0.084457361791668989 0.18496012993485858 -0.2541158490798382 -0.2111976112214661 0.11478186383305795 0.27249913280395249 0.059113852040202988 -0.030544343748606997 -0.3976560368764343 0.19887504716983229 0 0 0 0 0 0 0 0 0 0 0 0 0 0 0 0 0 0 0 0 0 0 0 0 0 0 0 0 0 0 0 0 0 0 0 0 0 0 0 0 0 -0.99100562551458482 0 0 0 0 0 0 0 0 0 0 0 0 0 0 0 0 0 0 0 0 0 0 0 0 0 0 0 0 0 0 0 0 0 0 0 0 0 0 0 0 0 0 0 0 0 0 0 0 0 -0.016531739493576329 0 0 0 0 0 0 0 0 0 0 0 0 0 0 0 0 0 0 0 0 0 0 0 0 0 0 0 0 0 0 0 0 0 0 0 0 0 0 0 0 0 0 0 0 0 0 0 0 0 0.1327951497147502 0 0 0 0 0 0 0 0 0.10000000000000001 3 2
0.84515340957383933 0.82825199788635817 0.055982690386533654 -0.2405923559894384 -0.098228998296558512 0.02273881270601379 -0.020318570289618698 0.36531815080924201 -0.37547648616269264 0.34437799460065421 -0.012356294064489416 -0.31114287102266563 -0.072957062403204459 0.14090679286595195 0.15813922181753456 -0.28912374716031702 -0.35867362971636374 0.3789292068682184 -0.11697573773076808 -0.26685329027186278 -0.070627915534003716 -0.27612484865831216 0.049648157545265637 0.31842495875393956 -0.24611172514368651 -0.38876917194361349 -0.11484016267152493 -0.18601859382487149 -0.22510940015140443 0.20048092089111852 -0.26621450285783449 -0.12643110848667005 -0.014744336909373157 -0.042730852917159903 -0.15296659639069096 -0.25387139128765768 0.31508732434320558 0.066974947080956596 0.082314726046392478 -0.085682475923794243 0.084457361791668989 0.18496012993485858 -0.2541158490798382 -0.2111976112214661 0.11478186383305795 0.27249913280395249 0.059113852040202988 -0.030544343748606997 -0.3976560368764343 0.19887504716983229 0 0 0 0 0 0 0 0 0 0 0 0 0 0 0 0 0 0 0 0 0 0 0 0 0 0 0 0 0 0 0 0 0 0 0 0 0 0 0 0 0 0 -0.99100562551458482 0 0 0 0 0 0 0 0 0 0 0 0 0 0 0 0 0 0 0 0 0 0 0 0 0 0 0 0 0 0 0 0 0 0 0 0 0 0 0 0 0 0 0 0 0 0 0 0 0 -0.016531739493576329 0 0 0 0 0 0 0 0 0 0 0 0 0 0 0 0 0 0 0 0 0 0 0 0 0 0 0 0 0 0 0 0 0 0 0 0 0 0 0 0 0 0 0 0 0 0 0 0 0 0.1327951497147502 0 0 0 0 0 0 0 0.10000000000000001 3 2
0.84515340957383933 0.82825199788635817 0.055982690386533654 -0.2405923559894384 -0.098228998296558512 0.02273881270601379 -0.020318570289618698 0.36531815080924201 -0.37547648616269264 0.34437799460065421 -0.012356294064489416 -0.31114287102266563 -0.072957062403204459 0.14090679286595195 0.15813922181753456 -0.28912374716031702 -0.35867362971636374 0.3789292068682184 -0.11697573773076808 -0.26685329027186278 -0.070627915534003716 -0.27612484865831216 0.049648157545265637 0.31842495875393956 -0.24611172514368651 -0.38876917194361349 -0.11484016267152493 -0.18601859382487149 -0.22510940015140443 0.20048092089111852 -0.26621450285783449 -0.12643110848667005 -0.014744336909373157 -0.042730852917159903 -0.15296659639069096 -0.25387139128765768 0.31508732434320558 0.066974947080956596 0.082314726046392478 -0.085682475923794243 0.084457361791668989 0.18496012993485858 -0.2541158490798382 -0.2111976112214661 0.11478186383305795 0.27249913280395249 0.059113852040202988 -0.030544343748606997 -0.3976560368764343 0.19887504716983229 0 0 0 0 0 0 0 0 0 0 0 0 0 0 0 0 0 0 0 0 0 0 0 0 0 0 0 0 0 0 0 0 0 0 0 0 0 0 0 0 0 0 0 -0.99100562551458482 0 0 0 0 0 0 0 0 0 0 0 0 0 0 0 0 0 0 0 0 0 0 0 0 0 0 0 0 0 0 0 0 0 0 0 0 0 0 0 0 0 0 0 0 0 0 0 0 0 -0.016531739493576329 0 0 0 0 0 0 0 0 0 0 0 0 0 0 0 0 0 0 0 0 0 0 0 0 0 0 0 0 0 0 0 0 0 0 0 0 0 0 0 0 0 0 0 0 0 0 0 0 0 0.1327951497147502 0 0 0 0 0 0 0.10000000000000001 3 2
0.84515340957383933 0.82825199788635817 0.055982690386533654 -0.2405923559894384 -0.098228998296558512 0.02273881270601379 -0.020318570289618698 0.36531815080924201 -0.37547648616269264 0.34437799460065421 -0.012356294064489416 -0.31114287102266563 -0.072957062403204459 0.14090679286595195 0.15813922181753456 -0.28912374716031702 -0.35867362971636374 0.3789292068682184 -0.11697573773076808 -0.26685329027186278 -0.070627915534003716 -0.27612484865831216 0.049648157545265637 0.31842495875393956 -0.24611172514368651 -0.38876917194361349 -0.11484016267152493 -0.18601859382487149 -0.22510940015140443 0.20048092089111852 -0.26621450285783449 -0.12643110848667005 -0.014744336909373157 -0.042730852917159903 -0.15296659639069096 -0.25387139128765768 0.31508732434320558 0.066974947080956596 0.082314726046392478 -0.085682475923794243 0.084457361791668989 0.18496012993485858 -0.2541158490798382 -0.2111976112214661 0.11478186383305795 0.27249913280395249 0.059113852040202988 -0.030544343748606997 -0.3976560368764343 0.19887504716983229 0 0 0 0 0 0 0 0 0 0 0 0 0 0 0 0 0 0 0 0 0 0 0 0 0 0 0 0 0 0 0 0 0 0 0 0 0 0 0 0 0 0 0 0 -0.99100562551458482 0 0 0 0 0 0 0 0 0 0 0 0 0 0 0 0 0 0 0 0 0 0 0 0 0 0 0 0 0 0 0 0 0 0 0 0 0 0 0 0 0 0 0 0 0 0 0 0 0 -0.016531739493576329 0 0 0 0 0 0 0 0 0 0 0 0 0 0 0 0 0 0 0 0 0 0 0 0 0 0 0 0 0 0 0 0 0 0 0 0 0 0 0 0 0 0 0 0 0 0 0 0 0 0.1327951497147502 0 0 0 0 0 0.10000000000000001 3 2
0.84515340957383933 0.82825199788635817 0.055982690386533654 -0.2405923559894384 -0.098228998296558512 0.02273881270601379 -0.020318570289618698 0.36531815080924201 -0.37547648616269264 0.34437799460065421 -0.012356294064489416 -0.31114287102266563 -0.072957062403204459 0.14090679286595195 0.15813922181753456 -0.28912374716031702 -0.35867362971636374 0.3789292068682184 -0.11697573773076808 -0.26685329027186278 -0.070627915534003716 -0.27612484865831216 0.049648157545265637 0.31842495875393956 -0.24611172514368651 -0.38876917194361349 -0.11484016267152493 -0.18601859382487149 -0.22510940015140443 0.20048092089111852 -0.26621450285783449 -0.12643110848667005 -0.014744336909373157 -0.042730852917159903 -0.15296659639069096 -0.25387139128765768 0.31508732434320558 0.066974947080956596 0.082314726046392478 -0.085682475923794243 0.084457361791668989 0.18496012993485858 -0.2541158490798382 -0.2111976112214661 0.11478186383305795 0.27249913280395249 0.059113852040202988 -0.030544343748606997 -0.3976560368764343 0.19887504716983229 0 0 0 0 0 0 0 0 0 0 0 0 0 0 0 0 0 0 0 0 0 0 0 0 0 0 0 0 0 0 0 0 0 0 0 0 0 0 0 0 0 0 0 0 0 -0.99100562551458482 0 0 0 0 0 0 0 0 0 0 0 0 0 0 0 0 0 0 0 0 0 0 0 0 0 0 0 0 0 0 0 0 0 0 0 0 0 0 0 0 0 0 0 0 0 0 0 0 0 -0.016531739493576329 0 0 0 0 0 0 0 0 0 0 0 0 0 0 0 0 0 0 0 0 0 0 0 0 0 0 0 0 0 0 0 0 0 0 0 0 0 0 0 0 0 0 0 0 0 0 0 0 0 0.1327951497147502 0 0 0 0 0.10000000000000001 3 2
0.84515340957383933 0.82825199788635817 0.055982690386533654 -0.2405923559894384 -0.098228998296558512 0.02273881270601379 -0.020318570289618698 0.36531815080924201 -0.37547648616269264 0.34437799460065421 -0.012356294064489416 -0.31114287102266563 -0.072957062403204459 0.14090679286595195 0.15813922181753456 -0.28912374716031702 -0.35867362971636374 0.3789292068682184 -0.11697573773076808 -0.26685329027186278 -0.070627915534003716 -0.27612484865831216 0.049648157545265637 0.31842495875393956 -0.24611172514368651 -0.38876917194361349 -0.11484016267152493 -0.18601859382487149 -0.22510940015140443 0.20048092089111852 -0.26621450285783449 -0.12643110848667005 -0.014744336909373157 -0.042730852917159903 -0.15296659639069096 -0.25387139128765768 0.31508732434320558 0.066974947080956596 0.082314726046392478 -0.085682475923794243 0.084457361791668989 0.18496012993485858 -0.2541158490798382 -0.2111976112214661 0.11478186383305795 0.27249913280395249 0.059113852040202988 -0.030544343748606997 -0.3976560368764343 0.19887504716983229 0 0 0 0 0 0 0 0 0 0 0 0 0 0 0 0 0 0 0 0 0 0 0 0 0 0 0 0 0 0 0 0 0 0 0 0 0 0 0 0 0 0 0 0 0 0 -0.99100562551458482 0 0 0 0 0 0 0 0 0 0 0 0 0 0 0 0 0 0 0 0 0 0 0 0 0 0 0 0 0 0 0 0 0 0 0 0 0 0 0 0 0 0 0 0 0 0 0 0 0 -0.016531739493576329 0 0 0 0 0 0 0 0 0 0 0 0 0 0 0 0 0 0 0 0 0 0 0 0 0 0 0 0 0 0 0 0 0 0 0 0 0 0 0 0 0 0 0 0 0 0 0 0 0 0.1327951497147502 0 0 0 0.10000000000000001 3 2
0.84515340957383933 0.82825199788635817 0.055982690386533654 -0.2405923559894384 -0.098228998296558512 0.02273881270601379 -0.020318570289618698 0.36531815080924201 -0.37547648616269264 0.34437799460065421 -0.012356294064489416 -0.31114287102266563 -0.072957062403204459 0.14090679286595195 0.15813922181753456 -0.28912374716031702 -0.35867362971636374 0.3789292068682184 -0.11697573773076808 -0.26685329027186278 -0.070627915534003716 -0.27612484865831216 0.049648157545265637 0.31842495875393956 -0.24611172514368651 -0.38876917194361349 -0.11484016267152493 -0.18601859382487149 -0.22510940015140443 0.20048092089111852 -0.26621450285783449 -0.12643110848667005 -0.014744336909373157 -0.042730852917159903 -0.15296659639069096 -0.25387139128765768 0.31508732434320558 0.066974947080956596 0.082314726046392478 -0.085682475923794243 0.084457361791668989 0.18496012993485858 -0.2541158490798382 -0.2111976112214661 0.11478186383305795 0.27249913280395249 0.059113852040202988 -0.030544343748606997 -0.3976560368764343 0.19887504716983229 0 0 0 0 0 0 0 0 0 0 0 0 0 0 0 0 0 0 0 0 0 0 0 0 0 0 0 0 0 0 0 0 0 0 0 0 0 0 0 0 0 0 0 0 0 0 0 -0.99100562551458482 0 0 0 0 0 0 0 0 0 0 0 0 0 0 0 0 0 0 0 0 0 0 0 0 0 0 0 0 0 0 0 0 0 0 0 0 0 0 0 0 0 0 0 0 0 0 0 0 0 -0.016531739493576329 0 0 0 0 0 0 0 0 0 0 0 0 0 0 0 0 0 0 0 0 0 0 0 0 0 0 0 0 0 0 0 0 0 0 0 0 0 0 0 0 0 0 0 0 0 0 0 0 0 0.1327951497147502 0 0 0.10000000000000001 3 2
0.84515340957383933 0.82825199788635817 0.055982690386533654 -0.2405923559894384 -0.098228998296558512 0.02273881270601379 -0.020318570289618698 0.36531815080924201 -0.37547648616269264 0.34437799460065421 -0.012356294064489416 -0.31114287102266563 -0.072957062403204459 0.14090679286595195 0.15813922181753456 -0.28912374716031702 -0.35867362971636374 0.3789292068682184 -0.11697573773076808 -0.26685329027186278 -0.070627915534003716 -0.27612484865831216 0.049648157545265637 0.31842495875393956 -0.24611172514368651 -0.38876917194361349 -0.11484016267152493 -0.18601859382487149 -0.22510940015140443 0.20048092089111852 -0.26621450285783449 -0.12643110848667005 -0.014744336909373157 -0.042730852917159903 -0.15296659639069096 -0.25387139128765768 0.31508732434320558 0.066974947080956596 0.082314726046392478 -0.085682475923794243 0.084457361791668989 0.18496012993485858 -0.2541158490798382 -0.2111976112214661 0.11478186383305795 0.27249913280395249 0.059113852040202988 -0.030544343748606997 -0.3976560368764343 0.19887504716983229 0 0 0 0 0 0 0 0 0 0 0 0 0 0 0 0 0 0 0 0 0 0 0 0 0 0 0 0 0 0 0 0 0 0 0 0 0 0 0 0 0 0 0 0 0 0 0 0 -0.99100562551458482 0 0 0 0 0 0 0 0 0 0 0 0 0 0 0 0 0 0 0 0 0 0 0 0 0 0 0 0 0 0 0 0 0 0 0 0 0 0 0 0 0 0 0 0 0 0 0 0 0 -0.016531739493576329 0 0 0 0 0 0 0 0 0 0 0 0 0 0 0 0 0 0 0 0 0 0 0 0 0 0 0 0 0 0 0 0 0 0 0 0 0 0 0 0 0 0 0 0 0 0 0 0 0 0.1327951497147502 0 0.10000000000000001 3 2
0.84515340957383933 0.82825199788635817 0.055982690386533654 -0.2405923559894384 -0.098228998296558512 0.02273881270601379 -0.020318570289618698 0.36531815080924201 -0.37547648616269264 0.34437799460065421 -0.012356294064489416 -0.31114287102266563 -0.072957062403204459 0.14090679286595195 0.15813922181753456 -0.28912374716031702 -0.35867362971636374 0.3789292068682184 -0.11697573773076808 -0.26685329027186278 -0.070627915534003716 -0.27612484865831216 0.049648157545265637 0.31842495875393956 -0.24611172514368651 -0.38876917194361349 -0.11484016267152493 -0.18601859382487149 -0.22510940015140443 0.20048092089111852 -0.26621450285783449 -0.12643110848667005 -0.014744336909373157 -0.042730852917159903 -0.15296659639069096 -0.25387139128765768 0.31508732434320558 0.066974947080956596 0.082314726046392478 -0.085682475923794243 0.084457361791668989 0.18496012993485858 -0.2541158490798382 -0.2111976112214661 0.11478186383305795 0.27249913280395249 0.059113852040202988 -0.030544343748606997 -0.3976560368764343 0.19887504716983229 0 0 0 0 0 0 0 0 0 0 0 0 0 0 0 0 0 0 0 0 0 0 0 0 0 0 0 0 0 0 0 0 0 0 0 0 0 0 0 0 0 0 0 0 0 0 0 0 0 -0.99100562551458482 0 0 0 0 0 0 0 0 0 0 0 0 0 0 0 0 0 0 0 0 0 0 0 0 0 0 0 0 0 0 0 0 0 0 0 0 0 0 0 0 0 0 0 0 0 0 0 0 0 -0.016531739493576329 0 0 0 0 0 0 0 0 0 0 0 0 0 0 0 0 0 0 0 0 0 0 0 0 0 0 0 0 0 0 0 0 0 0 0 0 0 0 0 0 0 0 0 0 0 0 0 0 0 0.1327951497147502 0.10000000000000001 3 2
0.84515425472851657 0.82825116963394618 -0.018689146623631993 -0.22981436980500103 -0.261393302856819 -0.24998962625044163 0.099461706906399092 -0.058251664581183873 -0.25881437838392712 -0.19659006582706198 -0.015390743679637088 -0.18241596003644009 -0.30931947565851242 0.28569260992965484 -0.26722714943727893 -0.28650747981205804 -0.3707003986852046 -0.28166093605572778 -0.13900740959523175 0.38552098532699164 0.16947485950068028 -0.2857499984282682 0.2813717887352189 0.23729144244140521 0.39693145349403658 -0.24512009985558889 0.29956922889267407 0.064072401400307386 0.29711800906799812 0.20232965202121955 0.14393634742178438 -0.13415177376257806 0.010961624586876351 -0.38000680263094005 -0.31921282485234515 -0.34878492129070771 0.38716485263861777 -0.033213827418930732 -0.34863029215108504 0.37290441318177864 -0.31670929232257922 0.37679887491740144 -0.17408863197734892 -0.20716202148775675 0.26450005141251121 0.094273552366718597 0.098499060898972604 0.11011016968591961 -0.22119312221092838 0.1860994381265714 0 0 0 0 0 0 0 0 0 0 0 0 0 0 0 0 0 0 0 0 0 0 0 0 0 0 0 0 0 0 0 0 0 0 0 0 0 0 0 0 0 0 0 0 0 0 0 0 0 0 0 0 0 0 0 0 0 0 0 0 0 0 0 0 0 0 0 0 0 0 0 0 0 0 0 0 0 0 0 0 0 0 0 0 0 0 0 0 0 0 0 0 0 0 0 0 0 0 0 0 0 0 0 0 0 0 0 0 0 0 0 0 0 0 0 0 0 0 0 0 0 0 0 0 0 0 0 0 0 0 0 0 0 0 0 0 0 0 0 0 0 0 0 0 0 0 0 0 0 0 1 0 0
0.84515425472851657 0.82825116963394618 -0.018689146623631993 -0.22981436980500103 -0.261393302856819 -0.24998962625044163 0.099461706906399092 -0.058251664581183873 -0.25881437838392712 -0.19659006582706198 -0.015390743679637088 -0.18241596003644009 -0.30931947565851242 0.28569260992965484 -0.26722714943727893 -0.28650747981205804 -0.3707003986852046 -0.28166093605572778 -0.13900740959523175 0.38552098532699164 0.16947485950068028 -0.2857499984282682 0.2813717887352189 0.23729144244140521 0.39693145349403658 -0.24512009985558889 0.29956922889267407 0.064072401400307386 0.29711800906799812 0.20232965202121955 0.14393634742178438 -0.13415177376257806 0.010961624586876351 -0.38000680263094005 -0.31921282485234515 -0.34878492129070771 0.38716485263861777 -0.033213827418930732 -0.34863029215108504 0.37290441318177864 -0.31670929232257922 0.37679887491740144 -0.17408863197734892 -0.20716202148775675 0.26450005141251121 0.094273552366718597 0.098499060898972604 0.11011016968591961 -0.22119312221092838 0.1860994381265714 0.78472521637382031 0 0 0 0 0 0 0 0 0 0 0 0 0 0 0 0 0 0 0 0 0 0 0 0 0 0 0 0 0 0 0 0 0 0 0 0 0 0 0 0 0 0 0 0 0 0 0 0 0 -0.14201653467294642 0 0 0 0 0 0 0 0 0 0 0 0 0 0 0 0 0 0 0 0 0 0 0 0 0 0 0 0 0 0 0 0 0 0 0 0 0 0 0 0 0 0 0 0 0 0 0 0 0 -0.60335531709478529 0 0 0 0 0 0 0 0 0 0 0 0 0 0 0 0 0 0 0 0 0 0 0 0 0 0 0 0 0 0 0 0 0 0 0 0 0 0 0 0 0 0 0 0 0 0 0 0 0 1 0 0
0.84515425472851657 0.82825116963394618 -0.018689146623631993 -0.22981436980500103 -0.261393302856819 -0.24998962625044163 0.099461706906399092 -0.058251664581183873 -0.25881437838392712 -0.19659006582706198 -0.015390743679637088 -0.18241596003644009 -0.30931947565851242 0.28569260992965484 -0.26722714943727893 -0.28650747981205804 -0.3707003986852046 -0.28166093605572778 -0.13900740959523175 0.38552098532699164 0.16947485950068028 -0.2857499984282682 0.2813717887352189 0.23729144244140521 0.39693145349403658 -0.24512009985558889 0.29956922889267407 0.064072401400307386 0.29711800906799812 0.20232965202121955 0.14393634742178438 -0.13415177376257806 0.010961624586876351 -0.38000680263094005 -0.31921282485234515 -0.34878492129070771 0.38716485263861777 -0.033213827418930732 -0.34863029215108504 0.37290441318177864 -0.31670929232257922 0.37679887491740144 -0.17408863197734892 -0.20716202148775675 0.26450005141251121 0.094273552366718597 0.098499060898972604 0.11011016968591961 -0.22119312221092838 0.1860994381265714 0 0.78472521637382031 0 0 0 0 0 0 0 0 0 0 0 0 0 0 0 0 0 0 0 0 0 0 0 0 0 0 0 0 0 0 0 0 0 0 0 0 0 0 0 0 0 0 0 0 0 0 0 0 0 -0.14201653467294642 0 0 0 0 0 0 0 0 0 0 0 0 0 0 0 0 0 0 0 0 0 0 0 0 0 0 0 0 0 0 0 0 0 0 0 0 0 0 0 0 0 0 0 0 0 0 0 0 0 -0.60335531709478529 0 0 0 0 0 0 0 0 0 0 0 0 0 0 0 0 0 0 0 0 0 0 0 0 0 0 0 0 0 0 0 0 0 0 0 0 0 0 0 0 0 0 0 0 0 0 0 0 1 0 0
0.84515425472851657 0.82825116963394618 -0.018689146623631993 -0.22981436980500103 -0.261393302856819 -0.24998962625044163 0.099461706906399092 -0.058251664581183873 -0.25881437838392712 -0.19659006582706198 -0.015390743679637088 -0.18241596003644009 -0.30931947565851242 0.28569260992965484 -0.26722714943727893 -0.28650747981205804 -0.3707003986852046 -0.28166093605572778 -0.13900740959523175 0.38552098532699164 0.16947485950068028 -0.2857499984282682 0.2813717887352189 0.23729144244140521 0.39693145349403658 -0.24512009985558889 0.29956922889267407 0.064072401400307386 0.29711800906799812 0.20232965202121955 0.14393634742178438 -0.13415177376257806 0.010961624586876351 -0.38000680263094005 -0.31921282485234515 -0.34878492129070771 0.38716485263861777 -0.033213827418930732 -0.34863029215108504 0.37290441318177864 -0.31670929232257922 0.37679887491740144 -0.17408863197734892 -0.20716202148775675 0.26450005141251121 0.094273552366718597 0.098499060898972604 0.11011016968591961 -0.22119312221092838 0.1860994381265714 0 0 0.78472521637382031 0 0 0 0 0 0 0 0 0 0 0 0 0 0 0 0 0 0 0 0 0 0 0 0 0 0 0 0 0 0 0 0 0 0 0 0 0 0 0 0 0 0 0 0 0 0 0 0 0 -0.14201653467294642 0 0 0 0 0 0 0 0 0 0 0 0 0 0 0 0 0 0 0 0 0 0 0 0 0 0 0 0 0 0 0 0 0 0 0 0 0 0 0 0 0 0 0 0 0 0 0 0 0 -0.60335531709478529 0 0 0 0 0 0 0 0 0 0 0 0 0 0 0 0 0 0 0 0 0 0 0 0 0 0 0 0 0 0 0 0 0 0 0 0 0 0 0 0 0 0 0 0 0 0 0 1 0 0
0.84515425472851657 0.82825116963394618 -0.018689146623631993 -0.22981436980500103 -0.261393302856819 -0.24998962625044163 0.099461706906399092 -0.058251664581183873 -0.25881437838392712 -0.19659006582706198 -0.015390743679637088 -0.18241596003644009 -0.30931947565851242 0.28569260992965484 -0.26722714943727893 -0.28650747981205804 -0.3707003986852046 -0.28166093605572778 -0.13900740959523175 0.38552098532699164 0.16947485950068028 -0.2857499984282682 0.2813717887352189 0.23729144244140521 0.39693145349403658 -0.24512009985558889 0.29956922889267407 0.064072401400307386 0.29711800906799812 0.20232965202121955 0.14393634742178438 -0.13415177376257806 0.010961624586876351 -0.38000680263094005 -0.31921282485234515 -0.34878492129070771 0.38716485263861777 -0.033213827418930732 -0.34863029215108504 0.37290441318177864 -0.31670929232257922 0.37679887491740144 -0.17408863197734892 -0.20716202148775675 0.26450005141251121 0.094273552366718597 0.098499060898972604 0.11011016968591961 -0.22119312221092838 0.1860994381265714 0 0 0 0.78472521637382031 0 0 0 0 0 0 0 0 0 0 0 0 0 0 0 0 0 0 0 0 0 0 0 0 0 0 0 0 0 0 0 0 0 0 0 0 0 0 0 0 0 0 0 0 0 0 0 0 0 -0.14201653467294642 0 0 0 0 0 0 0 0 0 0 0 0 0 0 0 0 0 0 0 0 0 0 0 0 0 0 0 0 0 0 0 0 0 0 0 0 0 0 0 0 0 0 0 0 0 0 0 0 0 -0.60335531709478529 0 0 0 0 0 0 0 0 0 0 0 0 0 0 0 0 0 0 0 0 0 0 0 0 0 0 0 0 0 0 0 0 0 0 0 0 0 0 0 0 0 0 0 0 0 0 1 0 0
0.84515425472851657 0.82825116963394618 -0.018689146623631993 -0.22981436980500103 -0.261393302856819 -0.24998962625044163 0.099461706906399092 -0.058251664581183873 -0.25881437838392712 -0.19659006582706198 -0.015390743679637088 -0.18241596003644009 -0.30931947565851242 0.28569260992965484 -0.26722714943727893 -0.28650747981205804 -0.3707003986852046 -0.28166093605572778 -0.13900740959523175 0.38552098532699164 0.16947485950068028 -0.2857499984282682 0.2813717887352189 0.23729144244140521 0.39693145349403658 -0.24512009985558889 0.29956922889267407 0.064072401400307386 0.29711800906799812 0.20232965202121955 0.14393634742178438 -0.13415177376257806 0.010961624586876351 -0.38000680263094005 -0.31921282485234515 -0.34878492129070771 0.38716485263861777 -0.033213827418930732 -0.34863029215108504 0.37290441318177864 -0.31670929232257922 0.37679887491740144 -0.17408863197734892 -0.20716202148775675 0.26450005141251121 0.094273552366718597 0.098499060898972604 0.11011016968591961 -0.22119312221092838 0.1860994381265714 0 0 0 0 0.78472521637382031 0 0 0 0 0 0 0 0 0 0 0 0 0 0 0 0 0 0 0 0 0 0 0 0 0 0 0 0 0 0 0 0 0 0 0 0 0 0 0 0 0 0 0 0 0 0 0 0 0 -0.14201653467294642 0 0 0 0 0 0 0 0 0 0 0 0 0 0 0 0 0 0 0 0 0 0 0 0 0 0 0 0 0 0 0 0 0 0 0 0 0 0 0 0 0 0 0 0 0 0 0 0 0 -0.60335531709478529 0 0 0 0 0 0 0 0 0 0 0 0 0 0 0 0 0 0 0 0 0 0 0 0 0 0 0 0 0 0 0 0 0 0 0 0 0 0 0 0 0 0 0 0 0 1 0 0
0.84515425472851657 0.82825116963394618 -0.018689146623631993 -0.22981436980500103 -0.261393302856819 -0.24998962625044163 0.099461706906399092 -0.058251664581183873 -0.25881437838392712 -0.19659006582706198 -0.015390743679637088 -0.18241596003644009 -0.30931947565851242 0.28569260992965484 -0.26722714943727893 -0.28650747981205804 -0.3707003986852046 -0.28166093605572778 -0.13900740959523175 0.38552098532699164 0.16947485950068028 -0.2857499984282682 0.2813717887352189 0.23729144244140521 0.39693145349403658 -0.24512009985558889 0.29956922889267407 0.064072401400307386 0.29711800906799812 0.20232965202121955 0.14393634742178438 -0.13415177376257806 0.010961624586876351 -0.38000680263094005 -0.31921282485234515 -0.34878492129070771 0.38716485263861777 -0.033213827418930732 -0.34863029215108504 0.37290441318177864 -0.31670929232257922 0.37679887491740144 -0.17408863197734892 -0.20716202148775675 0.26450005141251121 0.094273552366718597 0.098499060898972604 0.11011016968591961 -0.22119312221092838 0.1860994381265714 0 0 0 0 0 0.78472521637382031 0 0 0 0 0 0 0 0 0 0 0 0 0 0 0 0 0 0 0 0 0 0 0 0 0 0 0 0 0 0 0 0 0 0 0 0 0 0 0 0 0 0 0 0 0 0 0 0 0 -0.14201653467294642 0 0 0 0 0 0 0 0 0 0 0 0 0 0 0 0 0 0 0 0 0 0 0 0 0 0 0 0 0 0 0 0 0 0 0 0 0 0 0 0 0 0 0 0 0 0 0 0 0 -0.60335531709478529 0 0 0 0 0 0 0 0 0 0 0 0 0 0 0 0 0 0 0 0 0 0 0 0 0 0 0 0 0 0 0 0 0 0 0 0 0 0 0 0 0 0 0 0 1 0 0
0.84515425472851657 0.82825116963394618 -0.018689146623631993 -0.22981436980500103 -0.261393302856819 -0.24998962625044163 0.099461706906399092 -0.058251664581183873 -0.25881437838392712 -0.19659006582706198 -0.015390743679637088 -0.18241596003644009 -0.30931947565851242 0.28569260992965484 -0.26722714943727893 -0.28650747981205804 -0.3707003986852046 -0.28166093605572778 -0.13900740959523175 0.38552098532699164 0.16947485950068028 -0.2857499984282682 0.2813717887352189 0.23729144244140521 0.39693145349403658 -0.24512009985558889 0.29956922889267407 0.064072401400307386 0.29711800906799812 0.20232965202121955 0.14393634742178438 -0.13415177376257806 0.010961624586876351 -0.38000680263094005 -0.31921282485234515 -0.34878492129070771 0.38716485263861777 -0.033213827418930732 -0.34863029215108504 0.37290441318177864 -0.31670929232257922 0.37679887491740144 -0.17408863197734892 -0.20716202148775675 0.26450005141251121 0.094273552366718597 0.098499060898972604 0.11011016968591961 -0.22119312221092838 0.1860994381265714 0 0 0 0 0 0 0.78472521637382031 0 0 0 0 0 0 0 0 0 0 0 0 0 0 0 0 0 0 0 0 0 0 0 0 0 0 0 0 0 0 0 0 0 0 0 0 0 0 0 0 0 0 0 0 0 0 0 0 0 -0.14201653467294642 0 0 0 0 0 0 0 0 0 0 0 0 0 0 0 0 0 0 0 0 0 0 0 0 0 0 0 0 0 0 0 0 0 0 0 0 0 0 0 0 0 0 0 0 0 0 0 0 0 -0.60335531709478529 0 0 0 0 0 0 0 0 0 0 0 0 0 0 0 0 0 0 0 0 0 0 0 0 0 0 0 0 0 0 0 0 0 0 0 0 0 0 0 0 0 0 0 1 0 0
0.84515425472851657 0.82825116963394618 -0.018689146623631993 -0.22981436980500103 -0.261393302856819 -0.24998962625044163 0.099461706906399092 -0.058251664581183873 -0.25881437838392712 -0.19659006582706198 -0.015390743679637088 -0.18241596003644009 -0.30931947565851242 0.28569260992965484 -0.26722714943727893 -0.28650747981205804 -0.3707003986852046 -0.28166093605572778 -0.13900740959523175 0.38552098532699164 0.16947485950068028 -0.2857499984282682 0.2813717887352189 0.23729144244140521 0.39693145349403658 -0.24512009985558889 0.29956922889267407 0.064072401400307386 0.29711800906799812 0.20232965202121955 0.14393634742178438 -0.13415177376257806 0.010961624586876351 -0.38000680263094005 -0.31921282485234515 -0.34878492129070771 0.38716485263861777 -0.033213827418930732 -0.34863029215108504 0.37290441318177864 -0.31670929232257922 0.37679887491740144 -0.17408863197734892 -0.20716202148775675 0.26450005141251121 0.094273552366718597 0.098499060898972604 0.11011016968591961 -0.22119312221092838 0.1860994381265714 0 0 0 0 0 0 0 0.78472521637382031 0 0 0 0 0 0 0 0 0 0 0 0 0 0 0 0 0 0 0 0 0 0 0 0 0 0 0 0 0 0 0 0 0 0 0 0 0 0 0 0 0 0 0 0 0 0 0 0 0 -0.14201653467294642 0 0 0 0 0 0 0 0 0 0 0 0 0 0 0 0 0 0 0 0 0 0 0 0 0 0 0 0 0 0 0 0 0 0 0 0 0 0 0 0 0 0 0 0 0 0 0 0 0 -0.60335531709478529 0 0 0 0 0 0 0 0 0 0 0 0 0 0 0 0 0 0 0 0 0 0 0 0 0 0 0 0 0 0 0 0 0 0 0 0 0 0 0 0 0 0 1 0 0
0.84515425472851657 0.82825116963394618 -0.018689146623631993 -0.22981436980500103 -0.261393302856819 -0.24998962625044163 0.099461706906399092 -0.058251664581183873 -0.25881437838392712 -0.19659006582706198 -0.015390743679637088 -0.18241596003644009 -0.30931947565851242 0.28569260992965484 -0.26722714943727893 -0.28650747981205804 -0.3707003986852046 -0.28166093605572778 -0.13900740959523175 0.38552098532699164 0.16947485950068028 -0.2857499984282682 0.2813717887352189 0.23729144244140521 0.39693145349403658 -0.24512009985558889 0.29956922889267407 0.064072401400307386 0.29711800906799812 0.20232965202121955 0.14393634742178438 -0.13415177376257806 0.010961624586876351 -0.38000680263094005 -0.31921282485234515 -0.34878492129070771 0.38716485263861777 -0.033213827418930732 -0.34863029215108504 0.37290441318177864 -0.31670929232257922 0.37679887491740144 -0.17408863197734892 -0.20716202148775675 0.26450005141251121 0.094273552366718597 0.098499060898972604 0.11011016968591961 -0.22119312221092838 0.1860994381265714 0 0 0 0 0 0 0 0 0.78472521637382031 0 0 0 0 0 0 0 0 0 0 0 0 0 0 0 0 0 0 0 0 0 0 0 0 0 0 0 0 0 0 0 0 0 0 0 0 0 0 0 0 0 0 0 0 0 0 0 0 0 -0.14201653467294642 0 0 0 0 0 0 0 0 0 0 0 0 0 0 0 0 0 0 0 0 0 0 0 0 0 0 0 0 0 0 0 0 0 0 0 0 0 0 0 0 0 0 0 0 0 0 0 0 0 -0.60335531709478529 0 0 0 0 0 0 0 0 0 0 0 0 0 0 0 0 0 0 0 0 0 0 0 0 0 0 0 0 0 0 0 0 0 0 0 0 0 0 0 0 0 1 0 0
0.84515425472851657 0.82825116963394618 -0.018689146623631993 -0.22981436980500103 -0.261393302856819 -0.24998962625044163 0.099461706906399092 -0.058251664581183873 -0.25881437838392712 -0.19659006582706198 -0.015390743679637088 -0.18241596003644009 -0.30931947565851242 0.28569260992965484 -0.26722714943727893 -0.28650747981205804 -0.3707003986852046 -0.28166093605572778 -0.13900740959523175 0.38552098532699164 0.16947485950068028 -0.2857499984282682 0.2813717887352189 0.23729144244140521 0.39693145349403658 -0.24512009985558889 0.29956922889267407 0.064072401400307386 0.29711800906799812 0.20232965202121955 0.14393634742178438 -0.13415177376257806 0.010961624586876351 -0.38000680263094005 -0.31921282485234515 -0.34878492129070771 0.38716485263861777 -0.033213827418930732 -0.34863029215108504 0.37290441318177864 -0.31670929232257922 0.37679887491740144 -0.17408863197734892 -0.20716202148775675 0.26450005141251121 0.094273552366718597 0.098499060898972604 0.11011016968591961 -0.22119312221092838 0.1860994381265714 0 0 0 0 0 0 0 0 0 0.78472521637382031 0 0 0 0 0 0 0 0 0 0 0 0 0 0 0 0 0 0 0 0 0 0 0 0 0 0 0 0 0 0 0 0 0 0 0 0 0 0 0 0 0 0 0 0 0 0 0 0 0 -0.14201653467294642 0 0 0 0 0 0 0 0 0 0 0 0 0 0 0 0 0 0 0 0 0 0 0 0 0 0 0 0 0 0 0 0 0 0 0 0 0 0 0 0 0 0 0 0 0 0 0 0 0 -0.60335531709478529 0 0 0 0 0 0 0 0 0 0 0 0 0 0 0 0 0 0 0 0 0 0 0 0 0 0 0 0 0 0 0 0 0 0 0 0 0 0 0 0 1 0 0
0.84515425472851657 0.82825116963394618 -0.018689146623631993 -0.22981436980500103 -0.261393302856819 -0.24998962625044163 0.099461706906399092 -0.058251664581183873 -0.25881437838392712 -0.19659006582706198 -0.015390743679637088 -0.18241596003644009 -0.30931947565851242 0.28569260992965484 -0.26722714943727893 -0.28650747981205804 -0.3707003986852046 -0.28166093605572778 -0.13900740959523175 0.38552098532699164 0.16947485950068028 -0.2857499984282682 0.2813717887352189 0.23729144244140521 0.39693145349403658 -0.24512009985558889 0.29956922889267407 0.064072401400307386 0.29711800906799812 0.20232965202121955 0.14393634742178438 -0.13415177376257806 0.010961624586876351 -0.38000680263094005 -0.31921282485234515 -0.34878492129070771 0.38716485263861777 -0.033213827418930732 -0.34863029215108504 0.37290441318177864 -0.31670929232257922 0.37679887491740144 -0.17408863197734892 -0.20716202148775675 0.26450005141251121 0.094273552366718597 0.098499060898972604 0.11011016968591961 -0.22119312221092838 0.1860994381265714 0 0 0 0 0 0 0 0 0 0 0.78472521637382031 0 0 0 0 0 0 0 0 0 0 0 0 0 0 0 0 0 0 0 0 0 0 0 0 0 0 0 0 0 0 0 0 0 0 0 0 0 0 0 0 0 0 0 0 0 0 0 0 0 -0.14201653467294642 0 0 0 0 0 0 0 0 0 0 0 0 0 0 0 0 0 0 0 0 0 0 0 0 0 0 0 0 0 0 0 0 0 0 0 0 0 0 0 0 0 0 0 0 0 0 0 0 0 -0.60335531709478529 0 0 0 0 0 0 0 0 0 0 0 0 0 0 0 0 0 0 0 0 0 0 0 0 0 0 0 0 0 0 0 0 0 0 0 0 0 0 0 1 0 0
0.84515425472851657 0.82825116963394618 -0.018689146623631993 -0.22981436980500103 -0.261393302856819 -0.24998962625044163 0.099461706906399092 -0.058251664581183873 -0.25881437838392712 -0.19659006582706198 -0.015390743679637088 -0.18241596003644009 -0.30931947565851242 0.28569260992965484 -0.26722714943727893 -0.28650747981205804 -0.3707003986852046 -0.28166093605572778 -0.13900740959523175 0.38552098532699164 0.16947485950068028 -0.2857499984282682 0.2813717887352189 0.23729144244140521 0.39693145349403658 -0.24512009985558889 0.29956922889267407 0.064072401400307386 0.29711800906799812 0.20232965202121955 0.14393634742178438 -0.13415177376257806 0.010961624586876351 -0.38000680263094005 -0.31921282485234515 -0.34878492129070771 0.38716485263861777 -0.033213827418930732 -0.34863029215108504 0.37290441318177864 -0.31670929232257922 0.37679887491740144 -0.17408863197734892 -0.20716202148775675 0.26450005141251121 0.094273552366718597 0.098499060898972604 0.11011016968591961 -0.22119312221092838 0.1860994381265714 0 0 0 0 0 0 0 0 0 0 0 0.78472521637382031 0 0 0 0 0 0 0 0 0 0 0 0 0 0 0 0 0 0 0 0 0 0 0 0 0 0 0 0 0 0 0 0 0 0 0 0 0 0 0 0 0 0 0 0 0 0 0 0 0 -0.14201653467294642 0 0 0 0 0 0 0 0 0 0 0 0 0 0 0 0 0 0 0 0 0 0 0 0 0 0 0 0 0 0 0 0 0 0 0 0 0 0 0 0 0 0 0 0 0 0 0 0 0 -0.60335531709478529 0 0 0 0 0 0 0 0 0 0 0 0 0 0 0 0 0 0 0 0 0 0 0 0 0 0 0 0 0 0 0 0 0 0 0 0 0 0 1 0 0
0.84515425472851657 0.82825116963394618 -0.018689146623631993 -0.22981436980500103 -0.261393302856819 -0.24998962625044163 0.099461706906399092 -0.058251664581183873 -0.25881437838392712 -0.19659006582706198 -0.015390743679637088 -0.18241596003644009 -0.30931947565851242 0.28569260992965484 -0.26722714943727893 -0.28650747981205804 -0.3707003986852046 -0.28166093605572778 -0.13900740959523175 0.38552098532699164 0.16947485950068028 -0.2857499984282682 0.2813717887352189 0.23729144244140521 0.39693145349403658 -0.24512009985558889 0.29956922889267407 0.064072401400307386 0.29711800906799812 0.20232965202121955 0.14393634742178438 -0.13415177376257806 0.010961624586876351 -0.38000680263094005 -0.31921282485234515 -0.34878492129070771 0.38716485263861777 -0.033213827418930732 -0.34863029215108504 0.37290441318177864 -0.31670929232257922 0.37679887491740144 -0.17408863197734892 -0.20716202148775675 0.26450005141251121 0.094273552366718597 0.098499060898972604 0.11011016968591961 -0.22119312221092838 0.1860994381265714 0 0 0 0 0 0 0 0 0 0 0 0 0.78472521637382031 0 0 0 0 0 0 0 0 0 0 0 0 0 0 0 0 0 0 0 0 0 0 0 0 0 0 0 0 0 0 0 0 0 0 0 0 0 0 0 0 0 0 0 0 0 0 0 0 0 -0.14201653467294642 0 0 0 0 0 0 0 0 0 0 0 0 0 0 0 0 0 0 0 0 0 0 0 0 0 0 0 0 0 0 0 0 0 0 0 0 0 0 0 0 0 0 0 0 0 0 0 0 0 -0.60335531709478529 0 0 0 0 0 0 0 0 0 0 0 0 0 0 0 0 0 0 0 0 0 0 0 0 0 0 0 0 0 0 0 0 0 0 0 0 0 1 0 0
0.84515425472851657 0.82825116963394618 -0.018689146623631993 -0.22981436980500103 -0.261393302856819 -0.24998962625044163 0.099461706906399092 -0.058251664581183873 -0.25881437838392712 -0.19659006582706198 -0.015390743679637088 -0.18241596003644009 -0.30931947565851242 0.28569260992965484 -0.26722714943727893 -0.28650747981205804 -0.3707003986852046 -0.28166093605572778 -0.13900740959523175 0.38552098532699164 0.16947485950068028 -0.2857499984282682 0.2813717887352189 0.23729144244140521 0.39693145349403658 -0.24512009985558889 0.29956922889267407 0.064072401400307386 0.29711800906799812 0.20232965202121955 0.14393634742178438 -0.13415177376257806 0.010961624586876351 -0.38000680263094005 -0.31921282485234515 -0.34878492129070771 0.38716485263861777 -0.033213827418930732 -0.34863029215108504 0.37290441318177864 -0.31670929232257922 0.37679887491740144 -0.17408863197734892 -0.20716202148775675 0.26450005141251121 0.094273552366718597 0.098499060898972604 0.11011016968591961 -0.22119312221092838 0.1860994381265714 0 0 0 0 0 0 0 0 0 0 0 0 0 0.78472521637382031 0 0 0 0 0 0 0 0 0 0 0 0 0 0 0 0 0 0 0 0 0 0 0 0 0 0 0 0 0 0 0 0 0 0 0 0 0 0 0 0 0 0 0 0 0 0 0 0 0 -0.14201653467294642 0 0 0 0 0 0 0 0 0 0 0 0 0 0 0 0 0 0 0 0 0 0 0 0 0 0 0 0 0 0 0 0 0 0 0 0 0 0 0 0 0 0 0 0 0 0 0 0 0 -0.60335531709478529 0 0 0 0 0 0 0 0 0 0 0 0 0 0 0 0 0 0 0 0 0 0 0 0 0 0 0 0 0 0 0 0 0 0 0 0 1 0 0
0.84515425472851657 0.82825116963394618 -0.018689146623631993 -0.22981436980500103 -0.261393302856819 -0.24998962625044163 0.099461706906399092 -0.058251664581183873 -0.25881437838392712 -0.19659006582706198 -0.015390743679637088 -0.18241596003644009 -0.30931947565851242 0.28569260992965484 -0.26722714943727893 -0.28650747981205804 -0.3707003986852046 -0.28166093605572778 -0.13900740959523175 0.38552098532699164 0.16947485950068028 -0.2857499984282682 0.2813717887352189 0.23729144244140521 0.39693145349403658 -0.24512009985558889 0.29956922889267407 0.064072401400307386 0.29711800906799812 0.20232965202121955 0.14393634742178438 -0.13415177376257806 0.010961624586876351 -0.38000680263094005 -0.31921282485234515 -0.34878492129070771 0.38716485263861777 -0.033213827418930732 -0.34863029215108504 0.37290441318177864 -0.31670929232257922 0.37679887491740144 -0.17408863197734892 -0.20716202148775675 0.26450005141251121 0.094273552366718597 0.098499060898972604 0.11011016968591961 -0.22119312221092838 0.1860994381265714 0 0 0 0 0 0 0 0 0 0 0 0 0 0 0.78472521637382031 0 0 0 0 0 0 0 0 0 0 0 0 0 0 0 0 0 0 0 0 0 0 0 0 0 0 0 0 0 0 0 0 0 0 0 0 0 0 0 0 0 0 0 0 0 0 0 0 0 -0.14201653467294642 0 0 0 0 0 0 0 0 0 0 0 0 0 0 0 0 0 0 0 0 0 0 0 0 0 0 0 0 0 0 0 0 0 0 0 0 0 0 0 0 0 0 0 0 0 0 0 0 0 -0.60335531709478529 0 0 0 0 0 0 0 0 0 0 0 0 0 0 0 0 0 0 0 0 0 0 0 0 0 0 0 0 0 0 0 0 0 0 0 1 0 0
0.84515425472851657 0.82825116963394618 -0.018689146623631993 -0.22981436980500103 -0.261393302856819 -0.24998962625044163 0.099461706906399092 -0.058251664581183873 -0.25881437838392712 -0.19659006582706198 -0.015390743679637088 -0.18241596003644009 -0.30931947565851242 0.28569260992965484 -0.26722714943727893 -0.28650747981205804 -0.3707003986852046 -0.28166093605572778 -0.13900740959523175 0.38552098532699164 0.16947485950068028 -0.2857499984282682 0.2813717887352189 0.23729144244140521 0.39693145349403658 -0.24512009985558889 0.29956922889267407 0.064072401400307386 0.29711800906799812 0.20232965202121955 0.14393634742178438 -0.13415177376257806 0.010961624586876351 -0.38000680263094005 -0.31921282485234515 -0.34878492129070771 0.38716485263861777 -0.033213827418930732 -0.34863029215108504 0.37290441318177864 -0.31670929232257922 0.37679887491740144 -0.17408863197734892 -0.20716202148775675 0.26450005141251121 0.094273552366718597 0.098499060898972604 0.11011016968591961 -0.22119312221092838 0.1860994381265714 0 0 0 0 0 0 0 0 0 0 0 0 0 0 0 0.78472521637382031 0 0 0 0 0 0 0 0 0 0 0 0 0 0 0 0 0 0 0 0 0 0 0 0 0 0 0 0 0 0 0 0 0 0 0 0 0 0 0 0 0 0 0 0 0 0 0 0 0 -0.14201653467294642 0 0 0 0 0 0 0 0 0 0 0 0 0 0 0 0 0 0 0 0 0 0 0 0 0 0 0 0 0 0 0 0 0 0 0 0 0 0 0 0 0 0 0 0 0 0 0 0 0 -0.60335531709478529 0 0 0 0 0 0 0 0 0 0 0 0 0 0 0 0 0 0 0 0 0 0 0 0 0 0 0 0 0 0 0 0 0 0 1 0 0
0.84515425472851657 0.82825116963394618 -0.018689146623631993 -0.22981436980500103 -0.261393302856819 -0.24998962625044163 0.099461706906399092 -0.058251664581183873 -0.25881437838392712 -0.19659006582706198 -0.015390743679637088 -0.18241596003644009 -0.30931947565851242 0.28569260992965484 -0.26722714943727893 -0.28650747981205804 -0.3707003986852046 -0.28166093605572778 -0.13900740959523175 0.38552098532699164 0.16947485950068028 -0.2857499984282682 0.2813717887352189 0.23729144244140521 0.39693145349403658 -0.24512009985558889 0.29956922889267407 0.064072401400307386 0.29711800906799812 0.20232965202121955 0.14393634742178438 -0.13415177376257806 0.010961624586876351 -0.38000680263094005 -0.31921282485234515 -0.34878492129070771 0.38716485263861777 -0.033213827418930732 -0.34863029215108504 0.37290441318177864 -0.31670929232257922 0.37679887491740144 -0.17408863197734892 -0.20716202148775675 0.26450005141251121 0.094273552366718597 0.098499060898972604 0.11011016968591961 -0.22119312221092838 0.1860994381265714 0 0 0 0 0 0 0 0 0 0 0 0 0 0 0 0 0.78472521637382031 0 0 0 0 0 0 0 0 0 0 0 0 0 0 0 0 0 0 0 0 0 0 0 0 0 0 0 0 0 0 0 0 0 0 0 0 0 0 0 0 0 0 0 0 0 0 0 0 0 -0.14201653467294642 0 0 0 0 0 0 0 0 0 0 0 0 0 0 0 0 0 0 0 0 0 0 0 0 0 0 0 0 0 0 0 0 0 0 0 0 0 0 0 0 0 0 0 0 0 0 0 0 0 -0.60335531709478529 0 0 0 0 0 0 0 0 0 0 0 0 0 0 0 0 0 0 0 0 0 0 0 0 0 0 0 0 0 0 0 0 0 1 0 0
0.84515425472851657 0.82825116963394618 -0.018689146623631993 -0.22981436980500103 -0.261393302856819 -0.24998962625044163 0.099461706906399092 -0.058251664581183873 -0.25881437838392712 -0.19659006582706198 -0.015390743679637088 -0.18241596003644009 -0.30931947565851242 0.28569260992965484 -0.26722714943727893 -0.28650747981205804 -0.3707003986852046 -0.28166093605572778 -0.13900740959523175 0.38552098532699164 0.16947485950068028 -0.2857499984282682 0.2813717887352189 0.23729144244140521 0.39693145349403658 -0.24512009985558889 0.29956922889267407 0.064072401400307386 0.29711800906799812 0.20232965202121955 0.14393634742178438 -0.13415177376257806 0.010961624586876351 -0.38000680263094005 -0.31921282485234515 -0.34878492129070771 0.38716485263861777 -0.033213827418930732 -0.34863029215108504 0.37290441318177864 -0.31670929232257922 0.37679887491740144 -0.17408863197734892 -0.20716202148775675 0.26450005141251121 0.094273552366718597 0.098499060898972604 0.11011016968591961 -0.22119312221092838 0.1860994381265714 0 0 0 0 0 0 0 0 0 0 0 0 0 0 0 0 0 0.78472521637382031 0 0 0 0 0 0 0 0 0 0 0 0 0 0 0 0 0 0 0 0 0 0 0 0 0 0 0 0 0 0 0 0 0 0 0 0 0 0 0 0 0 0 0 0 0 0 0 0 0 -0.14201653467294642 0 0 0 0 0 0 0 0 0 0 0 0 0 0 0 0 0 0 0 0 0 0 0 0 0 0 0 0 0 0 0 0 0 0 0 0 0 0 0 0 0 0 0 0 0 0 0 0 0 -0.60335531709478529 0 0 0 0 0 0 0 0 0 0 0 0 0 0 0 0 0 0 0 0 0 0 0 0 0 0 0 0 0 0 0 0 1 0 0
0.84515425472851657 0.82825116963394618 -0.018689146623631993 -0.22981436980500103 -0.261393302856819 -0.24998962625044163 0.099461706906399092 -0.058251664581183873 -0.25881437838392712 -0.19659006582706198 -0.015390743679637088 -0.18241596003644009 -0.30931947565851242 0.28569260992965484 -0.26722714943727893 -0.28650747981205804 -0.3707003986852046 -0.28166093605572778 -0.13900740959523175 0.38552098532699164 0.16947485950068028 -0.2857499984282682 0.2813717887352189 0.23729144244140521 0.39693145349403658 -0.24512009985558889 0.29956922889267407 0.064072401400307386 0.29711800906799812 0.20232965202121955 0.14393634742178438 -0.13415177376257806 0.010961624586876351 -0.38000680263094005 -0.31921282485234515 -0.34878492129070771 0.38716485263861777 -0.033213827418930732 -0.34863029215108504 0.37290441318177864 -0.31670929232257922 0.37679887491740144 -0.17408863197734892 -0.20716202148775675 0.26450005141251121 0.094273552366718597 0.098499060898972604 0.11011016968591961 -0.22119312221092838 0.1860994381265714 0 0 0 0 0 0 0 0 0 0 0 0 0 0 0 0 0 0 0.78472521637382031 0 0 0 0 0 0 0 0 0 0 0 0 0 0 0 0 0 0 0 0 0 0 0 0 0 0 0 0 0 0 0 0 0 0 0 0 0 0 0 0 0 0 0 0 0 0 0 0 0 -0.14201653467294642 0 0 0 0 0 0 0 0 0 0 0 0 0 0 0 0 0 0 0 0 0 0 0 0 0 0 0 0 0 0 0 0 0 0 0 0 0 0 0 0 0 0 0 0 0 0 0 0 0 -0.60335531709478529 0 0 0 0 0 0 0 0 0 0 0 0 0 0 0 0 0 0 0 0 0 0 0 0 0 0 0 0 0 0 0 1 0 0
0.84515425472851657 0.82825116963394618 -0.018689146623631993 -0.22981436980500103 -0.261393302856819 -0.24998962625044163 0.099461706906399092 -0.058251664581183873 -0.25881437838392712 -0.19659006582706198 -0.015390743679637088 -0.18241596003644009 -0.30931947565851242 0.28569260992965484 -0.26722714943727893 -0.28650747981205804 -0.3707003986852046 -0.28166093605572778 -0.13900740959523175 0.38552098532699164 0.16947485950068028 -0.2857499984282682 0.2813717887352189 0.23729144244140521 0.39693145349403658 -0.24512009985558889 0.29956922889267407 0.064072401400307386 0.29711800906799812 0.20232965202121955 0.14393634742178438 -0.13415177376257806 0.010961624586876351 -0.38000680263094005 -0.31921282485234515 -0.34878492129070771 0.38716485263861777 -0.033213827418930732 -0.34863029215108504 0.37290441318177864 -0.31670929232257922 0.37679887491740144 -0.17408863197734892 -0.20716202148775675 0.26450005141251121 0.094273552366718597 0.098499060898972604 0.11011016968591961 -0.22119312221092838 0.1860994381265714 0 0 0 0 0 0 0 0 0 0 0 0 0 0 0 0 0 0 0 0.78472521637382031 0 0 0 0 0 0 0 0 0 0 0 0 0 0 0 0 0 0 0 0 0 0 0 0 0 0 0 0 0 0 0 0 0 0 0 0 0 0 0 0 0 0 0 0 0 0 0 0 0 -0.14201653467294642 0 0 0 0 0 0 0 0 0 0 0 0 0 0 0 0 0 0 0 0 0 0 0 0 0 0 0 0 0 0 0 0 0 0 0 0 0 0 0 0 0 0 0 0 0 0 0 0 0 -0.60335531709478529 0 0 0 0 0 0 0 0 0 0 0 0 0 0 0 0 0 0 0 0 0 0 0 0 0 0 0 0 0 0 1 0 0
0.84515425472851657 0.82825116963394618 -0.018689146623631993 -0.22981436980500103 -0.261393302856819 -0.24998962625044163 0.099461706906399092 -0.058251664581183873 -0.25881437838392712 -0.19659006582706198 -0.015390743679637088 -0.18241596003644009 -0.30931947565851242 0.28569260992965484 -0.26722714943727893 -0.28650747981205804 -0.3707003986852046 -0.28166093605572778 -0.13900740959523175 0.38552098532699164 0.16947485950068028 -0.2857499984282682 0.2813717887352189 0.23729144244140521 0.39693145349403658 -0.24512009985558889 0.29956922889267407 0.064072401400307386 0.29711800906799812 0.20232965202121955 0.14393634742178438 -0.13415177376257806 0.010961624586876351 -0.38000680263094005 -0.31921282485234515 -0.34878492129070771 0.38716485263861777 -0.033213827418930732 -0.34863029215108504 0.37290441318177864 -0.31670929232257922 0.37679887491740144 -0.17408863197734892 -0.20716202148775675 0.26450005141251121 0.094273552366718597 0.098499060898972604 0.11011016968591961 -0.22119312221092838 0.1860994381265714 0 0 0 0 0 0 0 0 0 0 0 0 0 0 0 0 0 0 0 0 0.78472521637382031 0 0 0 0 0 0 0 0 0 0 0 0 0 0 0 0 0 0 0 0 0 0 0 0 0 0 0 0 0 0 0 0 0 0 0 0 0 0 0 0 0 0 0 0 0 0 0 0 0 -0.14201653467294642 0 0 0 0 0 0 0 0 0 0 0 0 0 0 0 0 0 0 0 0 0 0 0 0 0 0 0 0 0 0 0 0 0 0 0 0 0 0 0 0 0 0 0 0 0 0 0 0 0 -0.60335531709478529 0 0 0 0 0 0 0 0 0 0 0 0 0 0 0 0 0 0 0 0 0 0 0 0 0 0 0 0 0 1 0 0
0.84515425472851657 0.82825116963394618 -0.018689146623631993 -0.22981436980500103 -0.261393302856819 -0.24998962625044163 0.099461706906399092 -0.058251664581183873 -0.25881437838392712 -0.19659006582706198 -0.015390743679637088 -0.18241596003644009 -0.30931947565851242 0.28569260992965484 -0.26722714943727893 -0.28650747981205804 -0.3707003986852046 -0.28166093605572778 -0.13900740959523175 0.38552098532699164 0.16947485950068028 -0.2857499984282682 0.2813717887352189 0.23729144244140521 0.39693145349403658 -0.24512009985558889 0.29956922889267407 0.064072401400307386 0.29711800906799812 0.20232965202121955 0.14393634742178438 -0.13415177376257806 0.010961624586876351 -0.38000680263094005 -0.31921282485234515 -0.34878492129070771 0.38716485263861777 -0.033213827418930732 -0.34863029215108504 0.37290441318177864 -0.31670929232257922 0.37679887491740144 -0.17408863197734892 -0.20716202148775675 0.26450005141251121 0.094273552366718597 0.098499060898972604 0.11011016968591961 -0.22119312221092838 0.1860994381265714 0 0 0 0 0 0 0 0 0 0 0 0 0 0 0 0 0 0 0 0 0 0.78472521637382031 0 0 0 0 0 0 0 0 0 0 0 0 0 0 0 0 0 0 0 0 0 0 0 0 0 0 0 0 0 0 0 0 0 0 0 0 0 0 0 0 0 0 0 0 0 0 0 0 0 -0.14201653467294642 0 0 0 0 0 0 0 0 0 0 0 0 0 0 0 0 0 0 0 0 0 0 0 0 0 0 0 0 0 0 0 0 0 0 0 0 0 0 0 0 0 0 0 0 0 0 0 0 0 -0.60335531709478529 0 0 0 0 0 0 0 0 0 0 0 0 0 0 0 0 0 0 0 0 0 0 0 0 0 0 0 0 1 0 0
0.84515425472851657 0.82825116963394618 -0.018689146623631993 -0.22981436980500103 -0.261393302856819 -0.24998962625044163 0.099461706906399092 -0.058251664581183873 -0.25881437838392712 -0.19659006582706198 -0.015390743679637088 -0.18241596003644009 -0.30931947565851242 0.28569260992965484 -0.26722714943727893 -0.28650747981205804 -0.3707003986852046 -0.28166093605572778 -0.13900740959523175 0.38552098532699164 0.16947485950068028 -0.2857499984282682 0.2813717887352189 0.23729144244140521 0.39693145349403658 -0.24512009985558889 0.29956922889267407 0.064072401400307386 0.29711800906799812 0.20232965202121955 0.14393634742178438 -0.13415177376257806 0.010961624586876351 -0.38000680263094005 -0.31921282485234515 -0.34878492129070771 0.38716485263861777 -0.033213827418930732 -0.34863029215108504 0.37290441318177864 -0.31670929232257922 0.37679887491740144 -0.17408863197734892 -0.20716202148775675 0.26450005141251121 0.094273552366718597 0.098499060898972604 0.11011016968591961 -0.22119312221092838 0.1860994381265714 0 0 0 0 0 0 0 0 0 0 0 0 0 0 0 0 0 0 0 0 0 0 0.78472521637382031 0 0 0 0 0 0 0 0 0 0 0 0 0 0 0 0 0 0 0 0 0 0 0 0 0 0 0 0 0 0 0 0 0 0 0 0 0 0 0 0 0 0 0 0 0 0 0 0 0 -0.14201653467294642 0 0 0 0 0 0 0 0 0 0 0 0 0 0 0 0 0 0 0 0 0 0 0 0 0 0 0 0 0 0 0 0 0 0 0 0 0 0 0 0 0 0 0 0 0 0 0 0 0 -0.60335531709478529 0 0 0 0 0 0 0 0 0 0 0 0 0 0 0 0 0 0 0 0 0 0 0 0 0 0 0 1 0 0
0.84515425472851657 0.82825116963394618 -0.018689146623631993 -0.22981436980500103 -0.261393302856819 -0.24998962625044163 0.099461706906399092 -0.058251664581183873 -0.25881437838392712 -0.19659006582706198 -0.015390743679637088 -0.18241596003644009 -0.30931947565851242 0.28569260992965484 -0.26722714943727893 -0.28650747981205804 -0.3707003986852046 -0.28166093605572778 -0.13900740959523175 0.38552098532699164 0.16947485950068028 -0.2857499984282682 0.2813717887352189 0.23729144244140521 0.39693145349403658 -0.24512009985558889 0.29956922889267407 0.064072401400307386 0.29711800906799812 0.20232965202121955 0.14393634742178438 -0.13415177376257806 0.010961624586876351 -0.38000680263094005 -0.31921282485234515 -0.34878492129070771 0.38716485263861777 -0.033213827418930732 -0.34863029215108504 0.37290441318177864 -0.31670929232257922 0.37679887491740144 -0.17408863197734892 -0.20716202148775675 0.26450005141251121 0.094273552366718597 0.098499060898972604 0.11011016968591961 -0.22119312221092838 0.1860994381265714 0 0 0 0 0 0 0 0 0 0 0 0 0 0 0 0 0 0 0 0 0 0 0 0.78472521637382031 0 0 0 0 0 0 0 0 0 0 0 0 0 0 0 0 0 0 0 0 0 0 0 0 0 0 0 0 0 0 0 0 0 0 0 0 0 0 0 0 0 0 0 0 0 0 0 0 0 -0.14201653467294642 0 0 0 0 0 0 0 0 0 0 0 0 0 0 0 0 0 0 0 0 0 0 0 0 0 0 0 0 0 0 0 0 0 0 0 0 0 0 0 0 0 0 0 0 0 0 0 0 0 -0.60335531709478529 0 0 0 0 0 0 0 0 0 0 0 0 0 0 0 0 0 0 0 0 0 0 0 0 0 0 1 0 0
0.84515425472851657 0.82825116963394618 -0.018689146623631993 -0.22981436980500103 -0.261393302856819 -0.24998962625044163 0.099461706906399092 -0.058251664581183873 -0.25881437838392712 -0.19659006582706198 -0.015390743679637088 -0.18241596003644009 -0.30931947565851242 0.28569260992965484 -0.26722714943727893 -0.28650747981205804 -0.3707003986852046 -0.28166093605572778 -0.13900740959523175 0.38552098532699164 0.16947485950068028 -0.2857499984282682 0.2813717887352189 0.23729144244140521 0.39693145349403658 -0.24512009985558889 0.29956922889267407 0.064072401400307386 0.29711800906799812 0.20232965202121955 0.14393634742178438 -0.13415177376257806 0.010961624586876351 -0.38000680263094005 -0.31921282485234515 -0.34878492129070771 0.38716485263861777 -0.033213827418930732 -0.34863029215108504 0.37290441318177864 -0.31670929232257922 0.37679887491740144 -0.17408863197734892 -0.20716202148775675 0.26450005141251121 0.094273552366718597 0.098499060898972604 0.11011016968591961 -0.22119312221092838 0.1860994381265714 0 0 0 0 0 0 0 0 0 0 0 0 0 0 0 0 0 0 0 0 0 0 0 0 0.78472521637382031 0 0 0 0 0 0 0 0 0 0 0 0 0 0 0 0 0 0 0 0 0 0 0 0 0 0 0 0 0 0 0 0 0 0 0 0 0 0 0 0 0 0 0 0 0 0 0 0 0 -0.14201653467294642 0 0 0 0 0 0 0 0 0 0 0 0 0 0 0 0 0 0 0 0 0 0 0 0 0 0 0 0 0 0 0 0 0 0 0 0 0 0 0 0 0 0 0 0 0 0 0 0 0 -0.60335531709478529 0 0 0 0 0 0 0 0 0 0 0 0 0 0 0 0 0 0 0 0 0 0 0 0 0 1 0 0
0.84515425472851657 0.82825116963394618 -0.018689146623631993 -0.22981436980500103 -0.261393302856819 -0.24998962625044163 0.099461706906399092 -0.058251664581183873 -0.25881437838392712 -0.19659006582706198 -0.015390743679637088 -0.18241596003644009 -0.30931947565851242 0.28569260992965484 -0.26722714943727893 -0.28650747981205804 -0.3707003986852046 -0.28166093605572778 -0.13900740959523175 0.38552098532699164 0.16947485950068028 -0.2857499984282682 0.2813717887352189 0.23729144244140521 0.39693145349403658 -0.24512009985558889 0.29956922889267407 0.064072401400307386 0.29711800906799812 0.20232965202121955 0.14393634742178438 -0.13415177376257806 0.010961624586876351 -0.38000680263094005 -0.31921282485234515 -0.34878492129070771 0.38716485263861777 -0.033213827418930732 -0.34863029215108504 0.37290441318177864 -0.31670929232257922 0.37679887491740144 -0.17408863197734892 -0.20716202148775675 0.26450005141251121 0.094273552366718597 0.098499060898972604 0.11011016968591961 -0.22119312221092838 0.1860994381265714 0 0 0 0 0 0 0 0 0 0 0 0 0 0 0 0 0 0 0 0 0 0 0 0 0 0.78472521637382031 0 0 0 0 0 0 0 0 0 0 0 0 0 0 0 0 0 0 0 0 0 0 0 0 0 0 0 0 0 0 0 0 0 0 0 0 0 0 0 0 0 0 0 0 0 0 0 0 0 -0.14201653467294642 0 0 0 0 0 0 0 0 0 0 0 0 0 0 0 0 0 0 0 0 0 0 0 0 0 0 0 0 0 0 0 0 0 0 0 0 0 0 0 0 0 0 0 0 0 0 0 0 0 -0.60335531709478529 0 0 0 0 0 0 0 0 0 0 0 0 0 0 0 0 0 0 0 0 0 0 0 0 1 0 0
0.84515425472851657 0.82825116963394618 -0.018689146623631993 -0.22981436980500103 -0.261393302856819 -0.24998962625044163 0.099461706906399092 -0.058251664581183873 -0.25881437838392712 -0.19659006582706198 -0.015390743679637088 -0.18241596003644009 -0.30931947565851242 0.28569260992965484 -0.26722714943727893 -0.28650747981205804 -0.3707003986852046 -0.28166093605572778 -0.13900740959523175 0.38552098532699164 0.16947485950068028 -0.2857499984282682 0.2813717887352189 0.23729144244140521 0.39693145349403658 -0.24512009985558889 0.29956922889267407 0.064072401400307386 0.29711800906799812 0.20232965202121955 0.14393634742178438 -0.13415177376257806 0.010961624586876351 -0.38000680263094005 -0.31921282485234515 -0.34878492129070771 0.38716485263861777 -0.033213827418930732 -0.34863029215108504 0.37290441318177864 -0.31670929232257922 0.37679887491740144 -0.17408863197734892 -0.20716202148775675 0.26450005141251121 0.094273552366718597 0.098499060898972604 0.11011016968591961 -0.22119312221092838 0.1860994381265714 0 0 0 0 0 0 0 0 0 0 0 0 0 0 0 0 0 0 0 0 0 0 0 0 0 0 0.78472521637382031 0 0 0 0 0 0 0 0 0 0 0 0 0 0 0 0 0 0 0 0 0 0 0 0 0 0 0 0 0 0 0 0 0 0 0 0 0 0 0 0 0 0 0 0 0 0 0 0 0 -0.14201653467294642 0 0 0 0 0 0 0 0 0 0 0 0 0 0 0 0 0 0 0 0 0 0 0 0 0 0 0 0 0 0 0 0 0 0 0 0 0 0 0 0 0 0 0 0 0 0 0 0 0 -0.60335531709478529 0 0 0 0 0 0 0 0 0 0 0 0 0 0 0 0 0 0 0 0 0 0 0 1 0 0
0.84515425472851657 0.82825116963394618 -0.018689146623631993 -0.22981436980500103 -0.261393302856819 -0.24998962625044163 0.099461706906399092 -0.058251664581183873 -0.25881437838392712 -0.19659006582706198 -0.015390743679637088 -0.18241596003644009 -0.30931947565851242 0.28569260992965484 -0.26722714943727893 -0.28650747981205804 -0.3707003986852046 -0.28166093605572778 -0.13900740959523175 0.38552098532699164 0.16947485950068028 -0.2857499984282682 0.2813717887352189 0.23729144244140521 0.39693145349403658 -0.24512009985558889 0.29956922889267407 0.064072401400307386 0.29711800906799812 0.20232965202121955 0.14393634742178438 -0.13415177376257806 0.010961624586876351 -0.38000680263094005 -0.31921282485234515 -0.34878492129070771 0.38716485263861777 -0.033213827418930732 -0.34863029215108504 0.37290441318177864 -0.31670929232257922 0.37679887491740144 -0.17408863197734892 -0.20716202148775675 0.26450005141251121 0.094273552366718597 0.098499060898972604 0.11011016968591961 -0.22119312221092838 0.1860994381265714 0 0 0 0 0 0 0 0 0 0 0 0 0 0 0 0 0 0 0 0 0 0 0 0 0 0 0 0.78472521637382031 0 0 0 0 0 0 0 0 0 0 0 0 0 0 0 0 0 0 0 0 0 0 0 0 0 0 0 0 0 0 0 0 0 0 0 0 0 0 0 0 0 0 0 0 0 0 0 0 0 -0.14201653467294642 0 0 0 0 0 0 0 0 0 0 0 0 0 0 0 0 0 0 0 0 0 0 0 0 0 0 0 0 0 0 0 0 0 0 0 0 0 0 0 0 0 0 0 0 0 0 0 0 0 -0.60335531709478529 0 0 0 0 0 0 0 0 0 0 0 0 0 0 0 0 0 0 0 0 0 0 1 0 0
0.84515425472851657 0.82825116963394618 -0.018689146623631993 -0.22981436980500103 -0.261393302856819 -0.24998962625044163 0.099461706906399092 -0.058251664581183873 -0.25881437838392712 -0.19659006582706198 -0.015390743679637088 -0.18241596003644009 -0.30931947565851242 0.28569260992965484 -0.26722714943727893 -0.28650747981205804 -0.3707003986852046 -0.28166093605572778 -0.13900740959523175 0.38552098532699164 0.16947485950068028 -0.2857499984282682 0.2813717887352189 0.23729144244140521 0.39693145349403658 -0.24512009985558889 0.29956922889267407 0.064072401400307386 0.29711800906799812 0.20232965202121955 0.14393634742178438 -0.13415177376257806 0.010961624586876351 -0.38000680263094005 -0.31921282485234515 -0.34878492129070771 0.38716485263861777 -0.033213827418930732 -0.34863029215108504 0.37290441318177864 -0.31670929232257922 0.37679887491740144 -0.17408863197734892 -0.20716202148775675 0.26450005141251121 0.094273552366718597 0.098499060898972604 0.11011016968591961 -0.22119312221092838 0.1860994381265714 0 0 0 0 0 0 0 0 0 0 0 0 0 0 0 0 0 0 0 0 0 0 0 0 0 0 0 0 0.78472521637382031 0 0 0 0 0 0 0 0 0 0 0 0 0 0 0 0 0 0 0 0 0 0 0 0 0 0 0 0 0 0 0 0 0 0 0 0 0 0 0 0 0 0 0 0 0 0 0 0 0 -0.14201653467294642 0 0 0 0 0 0 0 0 0 0 0 0 0 0 0 0 0 0 0 0 0 0 0 0 0 0 0 0 0 0 0 0 0 0 0 0 0 0 0 0 0 0 0 0 0 0 0 0 0 -0.60335531709478529 0 0 0 0 0 0 0 0 0 0 0 0 0 0 0 0 0 0 0 0 0 1 0 0
0.84515425472851657 0.82825116963394618 -0.018689146623631993 -0.22981436980500103 -0.261393302856819 -0.24998962625044163 0.099461706906399092 -0.058251664581183873 -0.25881437838392712 -0.19659006582706198 -0.015390743679637088 -0.18241596003644009 -0.30931947565851242 0.28569260992965484 -0.26722714943727893 -0.28650747981205804 -0.3707003986852046 -0.28166093605572778 -0.13900740959523175 0.38552098532699164 0.16947485950068028 -0.2857499984282682 0.2813717887352189 0.23729144244140521 0.39693145349403658 -0.24512009985558889 0.29956922889267407 0.064072401400307386 0.29711800906799812 0.20232965202121955 0.14393634742178438 -0.13415177376257806 0.010961624586876351 -0.38000680263094005 -0.31921282485234515 -0.34878492129070771 0.38716485263861777 -0.033213827418930732 -0.34863029215108504 0.37290441318177864 -0.31670929232257922 0.37679887491740144 -0.17408863197734892 -0.20716202148775675 0.26450005141251121 0.094273552366718597 0.098499060898972604 0.11011016968591961 -0.22119312221092838 0.1860994381265714 0 0 0 0 0 0 0 0 0 0 0 0 0 0 0 0 0 0 0 0 0 0 0 0 0 0 0 0 0 0.78472521637382031 0 0 0 0 0 0 0 0 0 0 0 0 0 0 0 0 0 0 0 0 0 0 0 0 0 0 0 0 0 0 0 0 0 0 0 0 0 0 0 0 0 0 0 0 0 0 0 0 0 -0.14201653467294642 0 0 0 0 0 0 0 0 0 0 0 0 0 0 0 0 0 0 0 0 0 0 0 0 0 0 0 0 0 0 0 0 0 0 0 0 0 0 0 0 0 0 0 0 0 0 0 0 0 -0.60335531709478529 0 0 0 0 0 0 0 0 0 0 0 0 0 0 0 0 0 0 0 0 1 0 0
0.84515425472851657 0.82825116963394618 -0.018689146623631993 -0.22981436980500103 -0.261393302856819 -0.24998962625044163 0.099461706906399092 -0.058251664581183873 -0.25881437838392712 -0.19659006582706198 -0.015390743679637088 -0.18241596003644009 -0.30931947565851242 0.28569260992965484 -0.26722714943727893 -0.28650747981205804 -0.3707003986852046 -0.28166093605572778 -0.13900740959523175 0.38552098532699164 0.16947485950068028 -0.2857499984282682 0.2813717887352189 0.23729144244140521 0.39693145349403658 -0.24512009985558889 0.29956922889267407 0.064072401400307386 0.29711800906799812 0.20232965202121955 0.14393634742178438 -0.13415177376257806 0.010961624586876351 -0.38000680263094005 -0.31921282485234515 -0.34878492129070771 0.38716485263861777 -0.033213827418930732 -0.34863029215108504 0.37290441318177864 -0.31670929232257922 0.37679887491740144 -0.17408863197734892 -0.20716202148775675 0.26450005141251121 0.094273552366718597 0.098499060898972604 0.11011016968591961 -0.22119312221092838 0.1860994381265714 0 0 0 0 0 0 0 0 0 0 0 0 0 0 0 0 0 0 0 0 0 0 0 0 0 0 0 0 0 0 0.78472521637382031 0 0 0 0 0 0 0 0 0 0 0 0 0 0 0 0 0 0 0 0 0 0 0 0 0 0 0 0 0 0 0 0 0 0 0 0 0 0 0 0 0 0 0 0 0 0 0 0 0 -0.14201653467294642 0 0 0 0 0 0 0 0 0 0 0 0 0 0 0 0 0 0 0 0 0 0 0 0 0 0 0 0 0 0 0 0 0 0 0 0 0 0 0 0 0 0 0 0 0 0 0 0 0 -0.60335531709478529 0 0 0 0 0 0 0 0 0 0 0 0 0 0 0 0 0 0 0 1 0 0
0.84515425472851657 0.82825116963394618 -0.018689146623631993 -0.22981436980500103 -0.261393302856819 -0.24998962625044163 0.099461706906399092 -0.058251664581183873 -0.25881437838392712 -0.19659006582706198 -0.015390743679637088 -0.18241596003644009 -0.30931947565851242 0.28569260992965484 -0.26722714943727893 -0.28650747981205804 -0.3707003986852046 -0.28166093605572778 -0.13900740959523175 0.38552098532699164 0.16947485950068028 -0.2857499984282682 0.2813717887352189 0.23729144244140521 0.39693145349403658 -0.24512009985558889 0.29956922889267407 0.064072401400307386 0.29711800906799812 0.20232965202121955 0.14393634742178438 -0.13415177376257806 0.010961624586876351 -0.38000680263094005 -0.31921282485234515 -0.34878492129070771 0.38716485263861777 -0.033213827418930732 -0.34863029215108504 0.37290441318177864 -0.31670929232257922 0.37679887491740144 -0.17408863197734892 -0.20716202148775675 0.26450005141251121 0.094273552366718597 0.098499060898972604 0.11011016968591961 -0.22119312221092838 0.1860994381265714 0 0 0 0 0 0 0 0 0 0 0 0 0 0 0 0 0 0 0 0 0 0 0 0 0 0 0 0 0 0 0 0.78472521637382031 0 0 0 0 0 0 0 0 0 0 0 0 0 0 0 0 0 0 0 0 0 0 0 0 0 0 0 0 0 0 0 0 0 0 0 0 0 0 0 0 0 0 0 0 0 0 0 0 0 -0.14201653467294642 0 0 0 0 0 0 0 0 0 0 0 0 0 0 0 0 0 0 0 0 0 0 0 0 0 0 0 0 0 0 0 0 0 0 0 0 0 0 0 0 0 0 0 0 0 0 0 0 0 -0.60335531709478529 0 0 0 0 0 0 0 0 0 0 0 0 0 0 0 0 0 0 1 0 0
0.84515425472851657 0.82825116963394618 -0.018689146623631993 -0.22981436980500103 -0.261393302856819 -0.24998962625044163 0.099461706906399092 -0.058251664581183873 -0.25881437838392712 -0.19659006582706198 -0.015390743679637088 -0.18241596003644009 -0.30931947565851242 0.28569260992965484 -0.26722714943727893 -0.28650747981205804 -0.3707003986852046 -0.28166093605572778 -0.13900740959523175 0.38552098532699164 0.16947485950068028 -0.2857499984282682 0.2813717887352189 0.23729144244140521 0.39693145349403658 -0.24512009985558889 0.29956922889267407 0.064072401400307386 0.29711800906799812 0.20232965202121955 0.14393634742178438 -0.13415177376257806 0.010961624586876351 -0.38000680263094005 -0.31921282485234515 -0.34878492129070771 0.38716485263861777 -0.033213827418930732 -0.34863029215108504 0.37290441318177864 -0.31670929232257922 0.37679887491740144 -0.17408863197734892 -0.20716202148775675 0.26450005141251121 0.094273552366718597 0.098499060898972604 0.11011016968591961 -0.22119312221092838 0.1860994381265714 0 0 0 0 0 0 0 0 0 0 0 0 0 0 0 0 0 0 0 0 0 0 0 0 0 0 0 0 0 0 0 0 0.78472521637382031 0 0 0 0 0 0 0 0 0 0 0 0 0 0 0 0 0 0 0 0 0 0 0 0 0 0 0 0 0 0 0 0 0 0 0 0 0 0 0 0 0 0 0 0 0 0 0 0 0 -0.14201653467294642 0 0 0 0 0 0 0 0 0 0 0 0 0 0 0 0 0 0 0 0 0 0 0 0 0 0 0 0 0 0 0 0 0 0 0 0 0 0 0 0 0 0 0 0 0 0 0 0 0 -0.60335531709478529 0 0 0 0 0 0 0 0 0 0 0 0 0 0 0 0 0 1 0 0
0.84515425472851657 0.82825116963394618 -0.018689146623631993 -0.22981436980500103 -0.261393302856819 -0.24998962625044163 0.099461706906399092 -0.058251664581183873 -0.25881437838392712 -0.19659006582706198 -0.015390743679637088 -0.18241596003644009 -0.30931947565851242 0.28569260992965484 -0.26722714943727893 -0.28650747981205804 -0.3707003986852046 -0.28166093605572778 -0.13900740959523175 0.38552098532699164 0.16947485950068028 -0.2857499984282682 0.2813717887352189 0.23729144244140521 0.39693145349403658 -0.24512009985558889 0.29956922889267407 0.064072401400307386 0.29711800906799812 0.20232965202121955 0.14393634742178438 -0.13415177376257806 0.010961624586876351 -0.38000680263094005 -0.31921282485234515 -0.34878492129070771 0.38716485263861777 -0.033213827418930732 -0.34863029215108504 0.37290441318177864 -0.31670929232257922 0.37679887491740144 -0.17408863197734892 -0.20716202148775675 0.26450005141251121 0.094273552366718597 0.098499060898972604 0.11011016968591961 -0.22119312221092838 0.1860994381265714 0 0 0 0 0 0 0 0 0 0 0 0 0 0 0 0 0 0 0 0 0 0 0 0 0 0 0 0 0 0 0 0 0 0.78472521637382031 0 0 0 0 0 0 0 0 0 0 0 0 0 0 0 0 0 0 0 0 0 0 0 0 0 0 0 0 0 0 0 0 0 0 0 0 0 0 0 0 0 0 0 0 0 0 0 0 0 -0.14201653467294642 0 0 0 0 0 0 0 0 0 0 0 0 0 0 0 0 0 0 0 0 0 0 0 0 0 0 0 0 0 0 0 0 0 0 0 0 0 0 0 0 0 0 0 0 0 0 0 0 0 -0.60335531709478529 0 0 0 0 0 0 0 0 0 0 0 0 0 0 0 0 1 0 0
0.84515425472851657 0.82825116963394618 -0.018689146623631993 -0.22981436980500103 -0.261393302856819 -0.24998962625044163 0.099461706906399092 -0.058251664581183873 -0.25881437838392712 -0.19659006582706198 -0.015390743679637088 -0.18241596003644009 -0.30931947565851242 0.28569260992965484 -0.26722714943727893 -0.28650747981205804 -0.3707003986852046 -0.28166093605572778 -0.13900740959523175 0.38552098532699164 0.16947485950068028 -0.2857499984282682 0.2813717887352189 0.23729144244140521 0.39693145349403658 -0.24512009985558889 0.29956922889267407 0.064072401400307386 0.29711800906799812 0.20232965202121955 0.14393634742178438 -0.13415177376257806 0.010961624586876351 -0.38000680263094005 -0.31921282485234515 -0.34878492129070771 0.38716485263861777 -0.033213827418930732 -0.34863029215108504 0.37290441318177864 -0.31670929232257922 0.37679887491740144 -0.17408863197734892 -0.20716202148775675 0.26450005141251121 0.094273552366718597 0.098499060898972604 0.11011016968591961 -0.22119312221092838 0.1860994381265714 0 0 0 0 0 0 0 0 0 0 0 0 0 0 0 0 0 0 0 0 0 0 0 0 0 0 0 0 0 0 0 0 0 0 0.78472521637382031 0 0 0 0 0 0 0 0 0 0 0 0 0 0 0 0 0 0 0 0 0 0 0 0 0 0 0 0 0 0 0 0 0 0 0 0 0 0 0 0 0 0 0 0 0 0 0 0 0 -0.14201653467294642 0 0 0 0 0 0 0 0 0 0 0 0 0 0 0 0 0 0 0 0 0 0 0 0 0 0 0 0 0 0 0 0 0 0 0 0 0 0 0 0 0 0 0 0 0 0 0 0 0 -0.60335531709478529 0 0 0 0 0 0 0 0 0 0 0 0 0 0 0 1 0 0
0.84515425472851657 0.82825116963394618 -0.018689146623631993 -0.22981436980500103 -0.261393302856819 -0.24998962625044163 0.099461706906399092 -0.058251664581183873 -0.25881437838392712 -0.19659006582706198 -0.015390743679637088 -0.18241596003644009 -0.30931947565851242 0.28569260992965484 -0.26722714943727893 -0.28650747981205804 -0.3707003986852046 -0.28166093605572778 -0.13900740959523175 0.38552098532699164 0.16947485950068028 -0.2857499984282682 0.2813717887352189 0.23729144244140521 0.39693145349403658 -0.24512009985558889 0.29956922889267407 0.064072401400307386 0.29711800906799812 0.20232965202121955 0.14393634742178438 -0.13415177376257806 0.010961624586876351 -0.38000680263094005 -0.31921282485234515 -0.34878492129070771 0.38716485263861777 -0.033213827418930732 -0.34863029215108504 0.37290441318177864 -0.31670929232257922 0.37679887491740144 -0.17408863197734892 -0.20716202148775675 0.26450005141251121 0.094273552366718597 0.098499060898972604 0.11011016968591961 -0.22119312221092838 0.1860994381265714 0 0 0 0 0 0 0 0 0 0 0 0 0 0 0 0 0 0 0 0 0 0 0 0 0 0 0 0 0 0 0 0 0 0 0 0.78472521637382031 0 0 0 0 0 0 0 0 0 0 0 0 0 0 0 0 0 0 0 0 0 0 0 0 0 0 0 0 0 0 0 0 0 0 0 0 0 0 0 0 0 0 0 0 0 0 0 0 0 -0.14201653467294642 0 0 0 0 0 0 0 0 0 0 0 0 0 0 0 0 0 0 0 0 0 0 0 0 0 0 0 0 0 0 0 0 0 0 0 0 0 0 0 0 0 0 0 0 0 0 0 0 0 -0.60335531709478529 0 0 0 0 0 0 0 0 0 0 0 0 0 0 1 0 0
0.84515425472851657 0.82825116963394618 -0.018689146623631993 -0.22981436980500103 -0.261393302856819 -0.24998962625044163 0.099461706906399092 -0.058251664581183873 -0.25881437838392712 -0.19659006582706198 -0.015390743679637088 -0.18241596003644009 -0.30931947565851242 0.28569260992965484 -0.26722714943727893 -0.28650747981205804 -0.3707003986852046 -0.28166093605572778 -0.13900740959523175 0.38552098532699164 0.16947485950068028 -0.2857499984282682 0.2813717887352189 0.23729144244140521 0.39693145349403658 -0.24512009985558889 0.29956922889267407 0.064072401400307386 0.29711800906799812 0.20232965202121955 0.14393634742178438 -0.13415177376257806 0.010961624586876351 -0.38000680263094005 -0.31921282485234515 -0.34878492129070771 0.38716485263861777 -0.033213827418930732 -0.34863029215108504 0.37290441318177864 -0.31670929232257922 0.37679887491740144 -0.17408863197734892 -0.20716202148775675 0.26450005141251121 0.094273552366718597 0.098499060898972604 0.11011016968591961 -0.22119312221092838 0.1860994381265714 0 0 0 0 0 0 0 0 0 0 0 0 0 0 0 0 0 0 0 0 0 0 0 0 0 0 0 0 0 0 0 0 0 0 0 0 0.78472521637382031 0 0 0 0 0 0 0 0 0 0 0 0 0 0 0 0 0 0 0 0 0 0 0 0 0 0 0 0 0 0 0 0 0 0 0 0 0 0 0 0 0 0 0 0 0 0 0 0 0 -0.14201653467294642 0 0 0 0 0 0 0 0 0 0 0 0 0 0 0 0 0 0 0 0 0 0 0 0 0 0 0 0 0 0 0 0 0 0 0 0 0 0 0 0 0 0 0 0 0 0 0 0 0 -0.60335531709478529 0 0 0 0 0 0 0 0 0 0 0 0 0 1 0 0
0.84515425472851657 0.82825116963394618 -0.018689146623631993 -0.22981436980500103 -0.261393302856819 -0.24998962625044163 0.099461706906399092 -0.058251664581183873 -0.25881437838392712 -0.19659006582706198 -0.015390743679637088 -0.18241596003644009 -0.30931947565851242 0.28569260992965484 -0.26722714943727893 -0.28650747981205804 -0.3707003986852046 -0.28166093605572778 -0.13900740959523175 0.38552098532699164 0.16947485950068028 -0.2857499984282682 0.2813717887352189 0.23729144244140521 0.39693145349403658 -0.24512009985558889 0.29956922889267407 0.064072401400307386 0.29711800906799812 0.20232965202121955 0.14393634742178438 -0.13415177376257806 0.010961624586876351 -0.38000680263094005 -0.31921282485234515 -0.34878492129070771 0.38716485263861777 -0.033213827418930732 -0.34863029215108504 0.37290441318177864 -0.31670929232257922 0.37679887491740144 -0.17408863197734892 -0.20716202148775675 0.26450005141251121 0.094273552366718597 0.098499060898972604 0.11011016968591961 -0.22119312221092838 0.1860994381265714 0 0 0 0 0 0 0 0 0 0 0 0 0 0 0 0 0 0 0 0 0 0 0 0 0 0 0 0 0 0 0 0 0 0 0 0 0 0.78472521637382031 0 0 0 0 0 0 0 0 0 0 0 0 0 0 0 0 0 0 0 0 0 0 0 0 0 0 0 0 0 0 0 0 0 0 0 0 0 0 0 0 0 0 0 0 0 0 0 0 0 -0.14201653467294642 0 0 0 0 0 0 0 0 0 0 0 0 0 0 0 0 0 0 0 0 0 0 0 0 0 0 0 0 0 0 0 0 0 0 0 0 0 0 0 0 0 0 0 0 0 0 0 0 0 -0.60335531709478529 0 0 0 0 0 0 0 0 0 0 0 0 1 0 0
0.84515425472851657 0.82825116963394618 -0.018689146623631993 -0.22981436980500103 -0.261393302856819 -0.24998962625044163 0.099461706906399092 -0.058251664581183873 -0.25881437838392712 -0.19659006582706198 -0.015390743679637088 -0.18241596003644009 -0.30931947565851242 0.28569260992965484 -0.26722714943727893 -0.28650747981205804 -0.3707003986852046 -0.28166093605572778 -0.13900740959523175 0.38552098532699164 0.16947485950068028 -0.2857499984282682 0.2813717887352189 0.23729144244140521 0.39693145349403658 -0.24512009985558889 0.29956922889267407 0.064072401400307386 0.29711800906799812 0.20232965202121955 0.14393634742178438 -0.13415177376257806 0.010961624586876351 -0.38000680263094005 -0.31921282485234515 -0.34878492129070771 0.38716485263861777 -0.033213827418930732 -0.34863029215108504 0.37290441318177864 -0.31670929232257922 0.37679887491740144 -0.17408863197734892 -0.20716202148775675 0.26450005141251121 0.094273552366718597 0.098499060898972604 0.11011016968591961 -0.22119312221092838 0.1860994381265714 0 0 0 0 0 0 0 0 0 0 0 0 0 0 0 0 0 0 0 0 0 0 0 0 0 0 0 0 0 0 0 0 0 0 0 0 0 0 0.78472521637382031 0 0 0 0 0 0 0 0 0 0 0 0 0 0 0 0 0 0 0 0 0 0 0 0 0 0 0 0 0 0 0 0 0 0 0 0 0 0 0 0 0 0 0 0 0 0 0 0 0 -0.14201653467294642 0 0 0 0 0 0 0 0 0 0 0 0 0 0 0 0 0 0 0 0 0 0 0 0 0 0 0 0 0 0 0 0 0 0 0 0 0 0 0 0 0 0 0 0 0 0 0 0 0 -0.60335531709478529 0 0 0 0 0 0 0 0 0 0 0 1 0 0
0.84515425472851657 0.82825116963394618 -0.018689146623631993 -0.22981436980500103 -0.261393302856819 -0.24998962625044163 0.099461706906399092 -0.058251664581183873 -0.25881437838392712 -0.19659006582706198 -0.015390743679637088 -0.18241596003644009 -0.30931947565851242 0.28569260992965484 -0.26722714943727893 -0.28650747981205804 -0.3707003986852046 -0.28166093605572778 -0.13900740959523175 0.38552098532699164 0.16947485950068028 -0.2857499984282682 0.2813717887352189 0.23729144244140521 0.39693145349403658 -0.24512009985558889 0.29956922889267407 0.064072401400307386 0.29711800906799812 0.20232965202121955 0.14393634742178438 -0.13415177376257806 0.010961624586876351 -0.38000680263094005 -0.31921282485234515 -0.34878492129070771 0.38716485263861777 -0.033213827418930732 -0.34863029215108504 0.37290441318177864 -0.31670929232257922 0.37679887491740144 -0.17408863197734892 -0.20716202148775675 0.26450005141251121 0.094273552366718597 0.098499060898972604 0.11011016968591961 -0.22119312221092838 0.1860994381265714 0 0 0 0 0 0 0 0 0 0 0 0 0 0 0 0 0 0 0 0 0 0 0 0 0 0 0 0 0 0 0 0 0 0 0 0 0 0 0 0.78472521637382031 0 0 0 0 0 0 0 0 0 0 0 0 0 0 0 0 0 0 0 0 0 0 0 0 0 0 0 0 0 0 0 0 0 0 0 0 0 0 0 0 0 0 0 0 0 0 0 0 0 -0.14201653467294642 0 0 0 0 0 0 0 0 0 0 0 0 0 0 0 0 0 0 0 0 0 0 0 0 0 0 0 0 0 0 0 0 0 0 0 0 0 0 0 0 0 0 0 0 0 0 0 0 0 -0.60335531709478529 0 0 0 0 0 0 0 0 0 0 1 0 0
0.84515425472851657 0.82825116963394618 -0.018689146623631993 -0.22981436980500103 -0.261393302856819 -0.24998962625044163 0.099461706906399092 -0.058251664581183873 -0.25881437838392712 -0.19659006582706198 -0.015390743679637088 -0.18241596003644009 -0.30931947565851242 0.28569260992965484 -0.26722714943727893 -0.28650747981205804 -0.3707003986852046 -0.28166093605572778 -0.13900740959523175 0.38552098532699164 0.16947485950068028 -0.2857499984282682 0.2813717887352189 0.23729144244140521 0.39693145349403658 -0.24512009985558889 0.29956922889267407 0.064072401400307386 0.29711800906799812 0.20232965202121955 0.14393634742178438 -0.13415177376257806 0.010961624586876351 -0.38000680263094005 -0.31921282485234515 -0.34878492129070771 0.38716485263861777 -0.033213827418930732 -0.34863029215108504 0.37290441318177864 -0.31670929232257922 0.37679887491740144 -0.17408863197734892 -0.20716202148775675 0.26450005141251121 0.094273552366718597 0.098499060898972604 0.11011016968591961 -0.22119312221092838 0.1860994381265714 0 0 0 0 0 0 0 0 0 0 0 0 0 0 0 0 0 0 0 0 0 0 0 0 0 0 0 0 0 0 0 0 0 0 0 0 0 0 0 0 0.78472521637382031 0 0 0 0 0 0 0 0 0 0 0 0 0 0 0 0 0 0 0 0 0 0 0 0 0 0 0 0 0 0 0 0 0 0 0 0 0 0 0 0 0 0 0 0 0 0 0 0 0 -0.14201653467294642 0 0 0 0 0 0 0 0 0 0 0 0 0 0 0 0 0 0 0 0 0 0 0 0 0 0 0 0 0 0 0 0 0 0 0 0 0 0 0 0 0 0 0 0 0 0 0 0 0 -0.60335531709478529 0 0 0 0 0 0 0 0 0 1 0 0
0.84515425472851657 0.82825116963394618 -0.018689146623631993 -0.22981436980500103 -0.261393302856819 -0.24998962625044163 0.099461706906399092 -0.058251664581183873 -0.25881437838392712 -0.19659006582706198 -0.015390743679637088 -0.18241596003644009 -0.30931947565851242 0.28569260992965484 -0.26722714943727893 -0.28650747981205804 -0.3707003986852046 -0.28166093605572778 -0.13900740959523175 0.38552098532699164 0.16947485950068028 -0.2857499984282682 0.2813717887352189 0.23729144244140521 0.39693145349403658 -0.24512009985558889 0.29956922889267407 0.064072401400307386 0.29711800906799812 0.20232965202121955 0.14393634742178438 -0.13415177376257806 0.010961624586876351 -0.38000680263094005 -0.31921282485234515 -0.34878492129070771 0.38716485263861777 -0.033213827418930732 -0.34863029215108504 0.37290441318177864 -0.31670929232257922 0.37679887491740144 -0.17408863197734892 -0.20716202148775675 0.26450005141251121 0.094273552366718597 0.098499060898972604 0.11011016968591961 -0.22119312221092838 0.1860994381265714 0 0 0 0 0 0 0 0 0 0 0 0 0 0 0 0 0 0 0 0 0 0 0 0 0 0 0 0 0 0 0 0 0 0 0 0 0 0 0 0 0 0.78472521637382031 0 0 0 0 0 0 0 0 0 0 0 0 0 0 0 0 0 0 0 0 0 0 0 0 0 0 0 0 0 0 0 0 0 0 0 0 0 0 0 0 0 0 0 0 0 0 0 0 0 -0.14201653467294642 0 0 0 0 0 0 0 0 0 0 0 0 0 0 0 0 0 0 0 0 0 0 0 0 0 0 0 0 0 0 0 0 0 0 0 0 0 0 0 0 0 0 0 0 0 0 0 0 0 -0.60335531709478529 0 0 0 0 0 0 0 0 1 0 0
0.84515425472851657 0.82825116963394618 -0.018689146623631993 -0.22981436980500103 -0.261393302856819 -0.24998962625044163 0.099461706906399092 -0.058251664581183873 -0.25881437838392712 -0.19659006582706198 -0.015390743679637088 -0.18241596003644009 -0.30931947565851242 0.28569260992965484 -0.26722714943727893 -0.28650747981205804 -0.3707003986852046 -0.28166093605572778 -0.13900740959523175 0.38552098532699164 0.16947485950068028 -0.2857499984282682 0.2813717887352189 0.23729144244140521 0.39693145349403658 -0.24512009985558889 0.29956922889267407 0.064072401400307386 0.29711800906799812 0.20232965202121955 0.14393634742178438 -0.13415177376257806 0.010961624586876351 -0.38000680263094005 -0.31921282485234515 -0.34878492129070771 0.38716485263861777 -0.033213827418930732 -0.34863029215108504 0.37290441318177864 -0.31670929232257922 0.37679887491740144 -0.17408863197734892 -0.20716202148775675 0.26450005141251121 0.094273552366718597 0.098499060898972604 0.11011016968591961 -0.22119312221092838 0.1860994381265714 0 0 0 0 0 0 0 0 0 0 0 0 0 0 0 0 0 0 0 0 0 0 0 0 0 0 0 0 0 0 0 0 0 0 0 0 0 0 0 0 0 0 0.78472521637382031 0 0 0 0 0 0 0 0 0 0 0 0 0 0 0 0 0 0 0 0 0 0 0 0 0 0 0 0 0 0 0 0 0 0 0 0 0 0 0 0 0 0 0 0 0 0 0 0 0 -0.14201653467294642 0 0 0 0 0 0 0 0 0 0 0 0 0 0 0 0 0 0 0 0 0 0 0 0 0 0 0 0 0 0 0 0 0 0 0 0 0 0 0 0 0 0 0 0 0 0 0 0 0 -0.60335531709478529 0 0 0 0 0 0 0 1 0 0
0.84515425472851657 0.82825116963394618 -0.018689146623631993 -0.22981436980500103 -0.261393302856819 -0.24998962625044163 0.099461706906399092 -0.058251664581183873 -0.25881437838392712 -0.19659006582706198 -0.015390743679637088 -0.18241596003644009 -0.30931947565851242 0.28569260992965484 -0.26722714943727893 -0.28650747981205804 -0.3707003986852046 -0.28166093605572778 -0.13900740959523175 0.38552098532699164 0.16947485950068028 -0.2857499984282682 0.2813717887352189 0.23729144244140521 0.39693145349403658 -0.24512009985558889 0.29956922889267407 0.064072401400307386 0.29711800906799812 0.20232965202121955 0.14393634742178438 -0.13415177376257806 0.010961624586876351 -0.38000680263094005 -0.31921282485234515 -0.34878492129070771 0.38716485263861777 -0.033213827418930732 -0.34863029215108504 0.37290441318177864 -0.31670929232257922 0.37679887491740144 -0.17408863197734892 -0.20716202148775675 0.26450005141251121 0.094273552366718597 0.098499060898972604 0.11011016968591961 -0.22119312221092838 0.1860994381265714 0 0 0 0 0 0 0 0 0 0 0 0 0 0 0 0 0 0 0 0 0 0 0 0 0 0 0 0 0 0 0 0 0 0 0 0 0 0 0 0 0 0 0 0.78472521637382031 0 0 0 0 0 0 0 0 0 0 0 0 0 0 0 0 0 0 0 0 0 0 0 0 0 0 0 0 0 0 0 0 0 0 0 0 0 0 0 0 0 0 0 0 0 0 0 0 0 -0.14201653467294642 0 0 0 0 0 0 0 0 0 0 0 0 0 0 0 0 0 0 0 0 0 0 0 0 0 0 0 0 0 0 0 0 0 0 0 0 0 0 0 0 0 0 0 0 0 0 0 0 0 -0.60335531709478529 0 0 0 0 0 0 1 0 0
0.84515425472851657 0.82825116963394618 -0.018689146623631993 -0.22981436980500103 -0.261393302856819 -0.24998962625044163 0.099461706906399092 -0.058251664581183873 -0.25881437838392712 -0.19659006582706198 -0.015390743679637088 -0.18241596003644009 -0.30931947565851242 0.28569260992965484 -0.26722714943727893 -0.28650747981205804 -0.3707003986852046 -0.28166093605572778 -0.13900740959523175 0.38552098532699164 0.16947485950068028 -0.2857499984282682 0.2813717887352189 0.23729144244140521 0.39693145349403658 -0.24512009985558889 0.29956922889267407 0.064072401400307386 0.29711800906799812 0.20232965202121955 0.14393634742178438 -0.13415177376257806 0.010961624586876351 -0.38000680263094005 -0.31921282485234515 -0.34878492129070771 0.38716485263861777 -0.033213827418930732 -0.34863029215108504 0.37290441318177864 -0.31670929232257922 0.37679887491740144 -0.17408863197734892 -0.20716202148775675 0.26450005141251121 0.094273552366718597 0.098499060898972604 0.11011016968591961 -0.22119312221092838 0.1860994381265714 0 0 0 0 0 0 0 0 0 0 0 0 0 0 0 0 0 0 0 0 0 0 0 0 0 0 0 0 0 0 0 0 0 0 0 0 0 0 0 0 0 0 0 0 0.78472521637382031 0 0 0 0 0 0 0 0 0 0 0 0 0 0 0 0 0 0 0 0 0 0 0 0 0 0 0 0 0 0 0 0 0 0 0 0 0 0 0 0 0 0 0 0 0 0 0 0 0 -0.14201653467294642 0 0 0 0 0 0 0 0 0 0 0 0 0 0 0 0 0 0 0 0 0 0 0 0 0 0 0 0 0 0 0 0 0 0 0 0 0 0 0 0 0 0 0 0 0 0 0 0 0 -0.60335531709478529 0 0 0 0 0 1 0 0
0.84515425472851657 0.82825116963394618 -0.018689146623631993 -0.22981436980500103 -0.261393302856819 -0.24998962625044163 0.099461706906399092 -0.058251664581183873 -0.25881437838392712 -0.19659006582706198 -0.015390743679637088 -0.18241596003644009 -0.30931947565851242 0.28569260992965484 -0.26722714943727893 -0.28650747981205804 -0.3707003986852046 -0.28166093605572778 -0.13900740959523175 0.38552098532699164 0.16947485950068028 -0.2857499984282682 0.2813717887352189 0.23729144244140521 0.39693145349403658 -0.24512009985558889 0.29956922889267407 0.064072401400307386 0.29711800906799812 0.20232965202121955 0.14393634742178438 -0.13415177376257806 0.010961624586876351 -0.38000680263094005 -0.31921282485234515 -0.34878492129070771 0.38716485263861777 -0.033213827418930732 -0.34863029215108504 0.37290441318177864 -0.31670929232257922 0.37679887491740144 -0.17408863197734892 -0.20716202148775675 0.26450005141251121 0.094273552366718597 0.098499060898972604 0.11011016968591961 -0.22119312221092838 0.1860994381265714 0 0 0 0 0 0 0 0 0 0 0 0 0 0 0 0 0 0 0 0 0 0 0 0 0 0 0 0 0 0 0 0 0 0 0 0 0 0 0 0 0 0 0 0 0 0.78472521637382031 0 0 0 0 0 0 0 0 0 0 0 0 0 0 0 0 0 0 0 0 0 0 0 0 0 0 0 0 0 0 0 0 0 0 0 0 0 0 0 0 0 0 0 0 0 0 0 0 0 -0.14201653467294642 0 0 0 0 0 0 0 0 0 0 0 0 0 0 0 0 0 0 0 0 0 0 0 0 0 0 0 0 0 0 0 0 0 0 0 0 0 0 0 0 0 0 0 0 0 0 0 0 0 -0.60335531709478529 0 0 0 0 1 0 0
0.84515425472851657 0.82825116963394618 -0.018689146623631993 -0.22981436980500103 -0.261393302856819 -0.24998962625044163 0.099461706906399092 -0.058251664581183873 -0.25881437838392712 -0.19659006582706198 -0.015390743679637088 -0.18241596003644009 -0.30931947565851242 0.28569260992965484 -0.26722714943727893 -0.28650747981205804 -0.3707003986852046 -0.28166093605572778 -0.13900740959523175 0.38552098532699164 0.16947485950068028 -0.2857499984282682 0.2813717887352189 0.23729144244140521 0.39693145349403658 -0.24512009985558889 0.29956922889267407 0.064072401400307386 0.29711800906799812 0.20232965202121955 0.14393634742178438 -0.13415177376257806 0.010961624586876351 -0.38000680263094005 -0.31921282485234515 -0.34878492129070771 0.38716485263861777 -0.033213827418930732 -0.34863029215108504 0.37290441318177864 -0.31670929232257922 0.37679887491740144 -0.17408863197734892 -0.20716202148775675 0.26450005141251121 0.094273552366718597 0.098499060898972604 0.11011016968591961 -0.22119312221092838 0.1860994381265714 0 0 0 0 0 0 0 0 0 0 0 0 0 0 0 0 0 0 0 0 0 0 0 0 0 0 0 0 0 0 0 0 0 0 0 0 0 0 0 0 0 0 0 0 0 0 0.78472521637382031 0 0 0 0 0 0 0 0 0 0 0 0 0 0 0 0 0 0 0 0 0 0 0 0 0 0 0 0 0 0 0 0 0 0 0 0 0 0 0 0 0 0 0 0 0 0 0 0 0 -0.14201653467294642 0 0 0 0 0 0 0 0 0 0 0 0 0 0 0 0 0 0 0 0 0 0 0 0 0 0 0 0 0 0 0 0 0 0 0 0 0 0 0 0 0 0 0 0 0 0 0 0 0 -0.60335531709478529 0 0 0 1 0 0
0.84515425472851657 0.82825116963394618 -0.018689146623631993 -0.22981436980500103 -0.261393302856819 -0.24998962625044163 0.099461706906399092 -0.058251664581183873 -0.25881437838392712 -0.19659006582706198 -0.015390743679637088 -0.18241596003644009 -0.30931947565851242 0.28569260992965484 -0.26722714943727893 -0.28650747981205804 -0.3707003986852046 -0.28166093605572778 -0.13900740959523175 0.38552098532699164 0.16947485950068028 -0.2857499984282682 0.2813717887352189 0.23729144244140521 0.39693145349403658 -0.24512009985558889 0.29956922889267407 0.064072401400307386 0.29711800906799812 0.20232965202121955 0.14393634742178438 -0.13415177376257806 0.010961624586876351 -0.38000680263094005 -0.31921282485234515 -0.34878492129070771 0.38716485263861777 -0.033213827418930732 -0.34863029215108504 0.37290441318177864 -0.31670929232257922 0.37679887491740144 -0.17408863197734892 -0.20716202148775675 0.26450005141251121 0.094273552366718597 0.098499060898972604 0.11011016968591961 -0.22119312221092838 0.1860994381265714 0 0 0 0 0 0 0 0 0 0 0 0 0 0 0 0 0 0 0 0 0 0 0 0 0 0 0 0 0 0 0 0 0 0 0 0 0 0 0 0 0 0 0 0 0 0 0 0.78472521637382031 0 0 0 0 0 0 0 0 0 0 0 0 0 0 0 0 0 0 0 0 0 0 0 0 0 0 0 0 0 0 0 0 0 0 0 0 0 0 0 0 0 0 0 0 0 0 0 0 0 -0.14201653467294642 0 0 0 0 0 0 0 0 0 0 0 0 0 0 0 0 0 0 0 0 0 0 0 0 0 0 0 0 0 0 0 0 0 0 0 0 0 0 0 0 0 0 0 0 0 0 0 0 0 -0.60335531709478529 0 0 1 0 0
0.84515425472851657 0.82825116963394618 -0.018689146623631993 -0.22981436980500103 -0.261393302856819 -0.24998962625044163 0.099461706906399092 -0.058251664581183873 -0.25881437838392712 -0.19659006582706198 -0.015390743679637088 -0.18241596003644009 -0.30931947565851242 0.28569260992965484 -0.26722714943727893 -0.28650747981205804 -0.3707003986852046 -0.28166093605572778 -0.13900740959523175 0.38552098532699164 0.16947485950068028 -0.2857499984282682 0.2813717887352189 0.23729144244140521 0.39693145349403658 -0.24512009985558889 0.29956922889267407 0.064072401400307386 0.29711800906799812 0.20232965202121955 0.14393634742178438 -0.13415177376257806 0.010961624586876351 -0.38000680263094005 -0.31921282485234515 -0.34878492129070771 0.38716485263861777 -0.033213827418930732 -0.34863029215108504 0.37290441318177864 -0.31670929232257922 0.37679887491740144 -0.17408863197734892 -0.20716202148775675 0.26450005141251121 0.094273552366718597 0.098499060898972604 0.11011016968591961 -0.22119312221092838 0.1860994381265714 0 0 0 0 0 0 0 0 0 0 0 0 0 0 0 0 0 0 0 0 0 0 0 0 0 0 0 0 0 0 0 0 0 0 0 0 0 0 0 0 0 0 0 0 0 0 0 0 0.78472521637382031 0 0 0 0 0 0 0 0 0 0 0 0 0 0 0 0 0 0 0 0 0 0 0 0 0 0 0 0 0 0 0 0 0 0 0 0 0 0 0 0 0 0 0 0 0 0 0 0 0 -0.14201653467294642 0 0 0 0 0 0 0 0 0 0 0 0 0 0 0 0 0 0 0 0 0 0 0 0 0 0 0 0 0 0 0 0 0 0 0 0 0 0 0 0 0 0 0 0 0 0 0 0 0 -0.60335531709478529 0 1 0 0
0.84515425472851657 0.82825116963394618 -0.018689146623631993 -0.22981436980500103 -0.261393302856819 -0.24998962625044163 0.099461706906399092 -0.058251664581183873 -0.25881437838392712 -0.19659006582706198 -0.015390743679637088 -0.18241596003644009 -0.30931947565851242 0.28569260992965484 -0.26722714943727893 -0.28650747981205804 -0.3707003986852046 -0.28166093605572778 -0.13900740959523175 0.38552098532699164 0.16947485950068028 -0.2857499984282682 0.2813717887352189 0.23729144244140521 0.39693145349403658 -0.24512009985558889 0.29956922889267407 0.064072401400307386 0.29711800906799812 0.20232965202121955 0.14393634742178438 -0.13415177376257806 0.010961624586876351 -0.38000680263094005 -0.31921282485234515 -0.34878492129070771 0.38716485263861777 -0.033213827418930732 -0.34863029215108504 0.37290441318177864 -0.31670929232257922 0.37679887491740144 -0.17408863197734892 -0.20716202148775675 0.26450005141251121 0.094273552366718597 0.098499060898972604 0.11011016968591961 -0.22119312221092838 0.1860994381265714 0 0 0 0 0 0 0 0 0 0 0 0 0 0 0 0 0 0 0 0 0 0 0 0 0 0 0 0 0 0 0 0 0 0 0 0 0 0 0 0 0 0 0 0 0 0 0 0 0 0.78472521637382031 0 0 0 0 0 0 0 0 0 0 0 0 0 0 0 0 0 0 0 0 0 0 0 0 0 0 0 0 0 0 0 0 0 0 0 0 0 0 0 0 0 0 0 0 0 0 0 0 0 -0.14201653467294642 0 0 0 0 0 0 0 0 0 0 0 0 0 0 0 0 0 0 0 0 0 0 0 0 0 0 0 0 0 0 0 0 0 0 0 0 0 0 0 0 0 0 0 0 0 0 0 0 0 -0.60335531709478529 1 0 0
1.0690449676496976 0.65479004268543972 0.39198555676233815 -0.01274691833824786 0.27748293755247611 -0.04690609527663217 0.3334063171708227 0.17711021429071139 0.22944521066291693 -0.010672788116617671 -0.13274692288503279 -0.026468170410947778 0.24791228659154241 0.37955591302284913 -0.21753650653814668 -0.062713519124106831 0.064922538898870827 0.33977972210291646 0.15049792610508714 -0.014404879822139095 -0.20559601144650783 0.28347496171557085 -0.11836881731948479 0.29152058272864617 0.12313629155675249 -0.15371060748297413 -0.24343596731739839 0.068433295004136863 0.22061305141953058 -0.11180076103483767 0.17944925872410816 0.053871044768270787 -0.013964863952762398 0.11614297749196663 -0.16738715597955958 0.21529388297563934 -0.35402413710460262 -0.10167963224467247 -0.0091095794785791117 -0.26392839218951503 -0.30384509871843302 0.091129218295152734 -0.36182677761967713 0.0086542734182447848 -0.108176300813314 0.061633460464088158 0.17608611912438735 0.38726643323595289 -0.30912089126855896 0.25089148372404851 0 0 0 0 0 0 0 0 0 0 0 0 0 0 0 0 0 0 0 0 0 0 0 0 0 0 0 0 0 0 0 0 0 0 0 0 0 0 0 0 0 0 0 0 0 0 0 0 0 0 0 0 0 0 0 0 0 0 0 0 0 0 0 0 0 0 0 0 0 0 0 0 0 0 0 0 0 0 0 0 0 0 0 0 0 0 0 0 0 0 0 0 0 0 0 0 0 0 0 0 0 0 0 0 0 0 0 0 0 0 0 0 0 0 0 0 0 0 0 0 0 0 0 0 0 0 0 0 0 0 0 0 0 0 0 0 0 0 0 0 0 0 0 0 0 0 0 0 0 0 2 2 1
1.0690449676496976 0.65479004268543972 0.39198555676233815 -0.01274691833824786 0.27748293755247611 -0.04690609527663217 0.3334063171708227 0.17711021429071139 0.22944521066291693 -0.010672788116617671 -0.13274692288503279 -0.026468170410947778 0.24791228659154241 0.37955591302284913 -0.21753650653814668 -0.062713519124106831 0.064922538898870827 0.33977972210291646 0.15049792610508714 -0.014404879822139095 -0.20559601144650783 0.28347496171557085 -0.11836881731948479 0.29152058272864617 0.12313629155675249 -0.15371060748297413 -0.24343596731739839 0.068433295004136863 0.22061305141953058 -0.11180076103483767 0.17944925872410816 0.053871044768270787 -0.013964863952762398 0.11614297749196663 -0.16738715597955958 0.21529388297563934 -0.35402413710460262 -0.10167963224467247 -0.0091095794785791117 -0.26392839218951503 -0.30384509871843302 0.091129218295152734 -0.36182677761967713 0.0086542734182447848 -0.108176300813314 0.061633460464088158 0.17608611912438735 0.38726643323595289 -0.30912089126855896 0.25089148372404851 -0.72192095166633086 0 0 0 0 0 0 0 0 0 0 0 0 0 0 0 0 0 0 0 0 0 0 0 0 0 0 0 0 0 0 0 0 0 0 0 0 0 0 0 0 0 0 0 0 0 0 0 0 0 0.60639512613588586 0 0 0 0 0 0 0 0 0 0 0 0 0 0 0 0 0 0 0 0 0 0 0 0 0 0 0 0 0 0 0 0 0 0 0 0 0 0 0 0 0 0 0 0 0 0 0 0 0 -0.33333930242895488 0 0 0 0 0 0 0 0 0 0 0 0 0 0 0 0 0 0 0 0 0 0 0 0 0 0 0 0 0 0 0 0 0 0 0 0 0 0 0 0 0 0 0 0 0 0 0 0 0 2 2 1
1.0690449676496976 0.65479004268543972 0.39198555676233815 -0.01274691833824786 0.27748293755247611 -0.04690609527663217 0.3334063171708227 0.17711021429071139 0.22944521066291693 -0.010672788116617671 -0.13274692288503279 -0.026468170410947778 0.24791228659154241 0.37955591302284913 -0.21753650653814668 -0.062713519124106831 0.064922538898870827 0.33977972210291646 0.15049792610508714 -0.014404879822139095 -0.20559601144650783 0.28347496171557085 -0.11836881731948479 0.29152058272864617 0.12313629155675249 -0.15371060748297413 -0.24343596731739839 0.068433295004136863 0.22061305141953058 -0.11180076103483767 0.17944925872410816 0.053871044768270787 -0.013964863952762398 0.11614297749196663 -0.16738715597955958 0.21529388297563934 -0.35402413710460262 -0.10167963224467247 -0.0091095794785791117 -0.26392839218951503 -0.30384509871843302 0.091129218295152734 -0.36182677761967713 0.0086542734182447848 -0.108176300813314 0.061633460464088158 0.17608611912438735 0.38726643323595289 -0.30912089126855896 0.25089148372404851 0 -0.72192095166633086 0 0 0 0 0 0 0 0 0 0 0 0 0 0 0 0 0 0 0 0 0 0 0 0 0 0 0 0 0 0 0 0 0 0 0 0 0 0 0 0 0 0 0 0 0 0 0 0 0 0.60639512613588586 0 0 0 0 0 0 0 0 0 0 0 0 0 0 0 0 0 0 0 0 0 0 0 0 0 0 0 0 0 0 0 0 0 0 0 0 0 0 0 0 0 0 0 0 0 0 0 0 0 -0.33333930242895488 0 0 0 0 0 0 0 0 0 0 0 0 0 0 0 0 0 0 0 0 0 0 0 0 0 0 0 0 0 0 0 0 0 0 0 0 0 0 0 0 0 0 0 0 0 0 0 0 2 2 1
1.0690449676496976 0.65479004268543972 0.39198555676233815 -0.01274691833824786 0.27748293755247611 -0.04690609527663217 0.3334063171708227 0.17711021429071139 0.22944521066291693 -0.010672788116617671 -0.13274692288503279 -0.026468170410947778 0.24791228659154241 0.37955591302284913 -0.21753650653814668 -0.062713519124106831 0.064922538898870827 0.33977972210291646 0.15049792610508714 -0.014404879822139095 -0.20559601144650783 0.28347496171557085 -0.11836881731948479 0.29152058272864617 0.12313629155675249 -0.15371060748297413 -0.24343596731739839 0.068433295004136863 0.22061305141953058 -0.11180076103483767 0.17944925872410816 0.053871044768270787 -0.013964863952762398 0.11614297749196663 -0.16738715597955958 0.21529388297563934 -0.35402413710460262 -0.10167963224467247 -0.0091095794785791117 -0.26392839218951503 -0.30384509871843302 0.091129218295152734 -0.36182677761967713 0.0086542734182447848 -0.108176300813314 0.061633460464088158 0.17608611912438735 0.38726643323595289 -0.30912089126855896 0.25089148372404851 0 0 -0.72192095166633086 0 0 0 0 0 0 0 0 0 0 0 0 0 0 0 0 0 0 0 0 0 0 0 0 0 0 0 0 0 0 0 0 0 0 0 0 0 0 0 0 0 0 0 0 0 0 0 0 0 0.60639512613588586 0 0 0 0 0 0 0 0 0 0 0 0 0 0 0 0 0 0 0 0 0 0 0 0 0 0 0 0 0 0 0 0 0 0 0 0 0 0 0 0 0 0 0 0 0 0 0 0 0 -0.33333930242895488 0 0 0 0 0 0 0 0 0 0 0 0 0 0 0 0 0 0 0 0 0 0 0 0 0 0 0 0 0 0 0 0 0 0 0 0 0 0 0 0 0 0 0 0 0 0 0 2 2 1
1.0690449676496976 0.65479004268543972 0.39198555676233815 -0.01274691833824786 0.27748293755247611 -0.04690609527663217 0.3334063171708227 0.17711021429071139 0.22944521066291693 -0.010672788116617671 -0.13274692288503279 -0.026468170410947778 0.24791228659154241 0.37955591302284913 -0.21753650653814668 -0.062713519124106831 0.064922538898870827 0.33977972210291646 0.15049792610508714 -0.014404879822139095 -0.20559601144650783 0.28347496171557085 -0.11836881731948479 0.29152058272864617 0.12313629155675249 -0.15371060748297413 -0.24343596731739839 0.068433295004136863 0.22061305141953058 -0.11180076103483767 0.17944925872410816 0.053871044768270787 -0.013964863952762398 0.11614297749196663 -0.16738715597955958 0.21529388297563934 -0.35402413710460262 -0.10167963224467247 -0.0091095794785791117 -0.26392839218951503 -0.30384509871843302 0.091129218295152734 -0.36182677761967713 0.0086542734182447848 -0.108176300813314 0.061633460464088158 0.17608611912438735 0.38726643323595289 -0.30912089126855896 0.25089148372404851 0 0 0 -0.72192095166633086 0 0 0 0 0 0 0 0 0 0 0 0 0 0 0 0 0 0 0 0 0 0 0 0 0 0 0 0 0 0 0 0 0 0 0 0 0 0 0 0 0 0 0 0 0 0 0 0 0 0.60639512613588586 0 0 0 0 0 0 0 0 0 0 0 0 0 0 0 0 0 0 0 0 0 0 0 0 0 0 0 0 0 0 0 0 0 0 0 0 0 0 0 0 0 0 0 0 0 0 0 0 0 -0.33333930242895488 0 0 0 0 0 0 0 0 0 0 0 0 0 0 0 0 0 0 0 0 0 0 0 0 0 0 0 0 0 0 0 0 0 0 0 0 0 0 0 0 0 0 0 0 0 0 2 2 1
1.0690449676496976 0.65479004268543972 0.39198555676233815 -0.01274691833824786 0.27748293755247611 -0.04690609527663217 0.3334063171708227 0.17711021429071139 0.22944521066291693 -0.010672788116617671 -0.13274692288503279 -0.026468170410947778 0.24791228659154241 0.37955591302284913 -0.21753650653814668 -0.062713519124106831 0.064922538898870827 0.33977972210291646 0.15049792610508714 -0.014404879822139095 -0.20559601144650783 0.28347496171557085 -0.11836881731948479 0.29152058272864617 0.12313629155675249 -0.15371060748297413 -0.24343596731739839 0.068433295004136863 0.22061305141953058 -0.11180076103483767 0.17944925872410816 0.053871044768270787 -0.013964863952762398 0.11614297749196663 -0.16738715597955958 0.21529388297563934 -0.35402413710460262 -0.10167963224467247 -0.0091095794785791117 -0.26392839218951503 -0.30384509871843302 0.091129218295152734 -0.36182677761967713 0.0086542734182447848 -0.108176300813314 0.061633460464088158 0.17608611912438735 0.38726643323595289 -0.30912089126855896 0.25089148372404851 0 0 0 0 -0.72192095166633086 0 0 0 0 0 0 0 0 0 0 0 0 0 0 0 0 0 0 0 0 0 0 0 0 0 0 0 0 0 0 0 0 0 0 0 0 0 0 0 0 0 0 0 0 0 0 0 0 0 0.60639512613588586 0 0 0 0 0 0 0 0 0 0 0 0 0 0 0 0 0 0 0 0 0 0 0 0 0 0 0 0 0 0 0 0 0 0 0 0 0 0 0 0 0 0 0 0 0 0 0 0 0 -0.33333930242895488 0 0 0 0 0 0 0 0 0 0 0 0 0 0 0 0 0 0 0 0 0 0 0 0 0 0 0 0 0 0 0 0 0 0 0 0 0 0 0 0 0 0 0 0 0 2 2 1
1.0690449676496976 0.65479004268543972 0.39198555676233815 -0.01274691833824786 0.27748293755247611 -0.04690609527663217 0.3334063171708227 0.17711021429071139 0.22944521066291693 -0.010672788116617671 -0.13274692288503279 -0.026468170410947778 0.24791228659154241 0.37955591302284913 -0.21753650653814668 -0.062713519124106831 0.064922538898870827 0.33977972210291646 0.15049792610508714 -0.014404879822139095 -0.20559601144650783 0.28347496171557085 -0.11836881731948479 0.29152058272864617 0.12313629155675249 -0.15371060748297413 -0.24343596731739839 0.068433295004136863 0.22061305141953058 -0.11180076103483767 0.17944925872410816 0.053871044768270787 -0.013964863952762398 0.11614297749196663 -0.16738715597955958 0.21529388297563934 -0.35402413710460262 -0.10167963224467247 -0.0091095794785791117 -0.26392839218951503 -0.30384509871843302 0.091129218295152734 -0.36182677761967713 0.0086542734182447848 -0.108176300813314 0.061633460464088158 0.17608611912438735 0.38726643323595289 -0.30912089126855896 0.25089148372404851 0 0 0 0 0 -0.72192095166633086 0 0 0 0 0 0 0 0 0 0 0 0 0 0 0 0 0 0 0 0 0 0 0 0 0 0 0 0 0 0 0 0 0 0 0 0 0 0 0 0 0 0 0 0 0 0 0 0 0 0.60639512613588586 0 0 0 0 0 0 0 0 0 0 0 0 0 0 0 0 0 0 0 0 0 0 0 0 0 0 0 0 0 0 0 0 0 0 0 0 0 0 0 0 0 0 0 0 0 0 0 0 0 -0.33333930242895488 0 0 0 0 0 0 0 0 0 0 0 0 0 0 0 0 0 0 0 0 0 0 0 0 0 0 0 0 0 0 0 0 0 0 0 0 0 0 0 0 0 0 0 0 2 2 1
1.0690449676496976 0.65479004268543972 0.39198555676233815 -0.01274691833824786 0.27748293755247611 -0.04690609527663217 0.3334063171708227 0.17711021429071139 0.22944521066291693 -0.010672788116617671 -0.13274692288503279 -0.026468170410947778 0.24791228659154241 0.37955591302284913 -0.21753650653814668 -0.062713519124106831 0.064922538898870827 0.33977972210291646 0.15049792610508714 -0.014404879822139095 -0.20559601144650783 0.28347496171557085 -0.11836881731948479 0.29152058272864617 0.12313629155675249 -0.15371060748297413 -0.24343596731739839 0.068433295004136863 0.22061305141953058 -0.11180076103483767 0.17944925872410816 0.053871044768270787 -0.013964863952762398 0.11614297749196663 -0.16738715597955958 0.21529388297563934 -0.35402413710460262 -0.10167963224467247 -0.0091095794785791117 -0.26392839218951503 -0.30384509871843302 0.091129218295152734 -0.36182677761967713 0.0086542734182447848 -0.108176300813314 0.061633460464088158 0.17608611912438735 0.38726643323595289 -0.30912089126855896 0.25089148372404851 0 0 0 0 0 0 -0.72192095166633086 0 0 0 0 0 0 0 0 0 0 0 0 0 0 0 0 0 0 0 0 0 0 0 0 0 0 0 0 0 0 0 0 0 0 0 0 0 0 0 0 0 0 0 0 0 0 0 0 0 0.60639512613588586 0 0 0 0 0 0 0 0 0 0 0 0 0 0 0 0 0 0 0 0 0 0 0 0 0 0 0 0 0 0 0 0 0 0 0 0 0 0 0 0 0 0 0 0 0 0 0 0 0 -0.33333930242895488 0 0 0 0 0 0 0 0 0 0 0 0 0 0 0 0 0 0 0 0 0 0 0 0 0 0 0 0 0 0 0 0 0 0 0 0 0 0 0 0 0 0 0 2 2 1
1.0690449676496976 0.65479004268543972 0.39198555676233815 -0.01274691833824786 0.27748293755247611 -0.04690609527663217 0.3334063171708227 0.17711021429071139 0.22944521066291693 -0.010672788116617671 -0.13274692288503279 -0.026468170410947778 0.24791228659154241 0.37955591302284913 -0.21753650653814668 -0.062713519124106831 0.064922538898870827 0.33977972210291646 0.15049792610508714 -0.014404879822139095 -0.20559601144650783 0.28347496171557085 -0.11836881731948479 0.29152058272864617 0.12313629155675249 -0.15371060748297413 -0.24343596731739839 0.068433295004136863 0.22061305141953058 -0.11180076103483767 0.17944925872410816 0.053871044768270787 -0.013964863952762398 0.11614297749196663 -0.16738715597955958 0.21529388297563934 -0.35402413710460262 -0.10167963224467247 -0.0091095794785791117 -0.26392839218951503 -0.30384509871843302 0.091129218295152734 -0.36182677761967713 0.0086542734182447848 -0.108176300813314 0.061633460464088158 0.17608611912438735 0.38726643323595289 -0.30912089126855896 0.25089148372404851 0 0 0 0 0 0 0 -0.72192095166633086 0 0 0 0 0 0 0 0 0 0 0 0 0 0 0 0 0 0 0 0 0 0 0 0 0 0 0 0 0 0 0 0 0 0 0 0 0 0 0 0 0 0 0 0 0 0 0 0 0 0.60639512613588586 0 0 0 0 0 0 0 0 0 0 0 0 0 0 0 0 0 0 0 0 0 0 0 0 0 0 0 0 0 0 0 0 0 0 0 0 0 0 0 0 0 0 0 0 0 0 0 0 0 -0.33333930242895488 0 0 0 0 0 0 0 0 0 0 0 0 0 0 0 0 0 0 0 0 0 0 0 0 0 0 0 0 0 0 0 0 0 0 0 0 0 0 0 0 0 0 2 2 1
1.0690449676496976 0.65479004268543972 0.39198555676233815 -0.01274691833824786 0.27748293755247611 -0.04690609527663217 0.3334063171708227 0.17711021429071139 0.22944521066291693 -0.010672788116617671 -0.13274692288503279 -0.026468170410947778 0.24791228659154241 0.37955591302284913 -0.21753650653814668 -0.062713519124106831 0.064922538898870827 0.33977972210291646 0.15049792610508714 -0.014404879822139095 -0.20559601144650783 0.28347496171557085 -0.11836881731948479 0.29152058272864617 0.12313629155675249 -0.15371060748297413 -0.24343596731739839 0.068433295004136863 0.22061305141953058 -0.11180076103483767 0.17944925872410816 0.053871044768270787 -0.013964863952762398 0.11614297749196663 -0.16738715597955958 0.21529388297563934 -0.35402413710460262 -0.10167963224467247 -0.0091095794785791117 -0.26392839218951503 -0.30384509871843302 0.091129218295152734 -0.36182677761967713 0.0086542734182447848 -0.108176300813314 0.061633460464088158 0.17608611912438735 0.38726643323595289 -0.30912089126855896 0.25089148372404851 0 0 0 0 0 0 0 0 -0.72192095166633086 0 0 0 0 0 0 0 0 0 0 0 0 0 0 0 0 0 0 0 0 0 0 0 0 0 0 0 0 0 0 0 0 0 0 0 0 0 0 0 0 0 0 0 0 0 0 0 0 0 0.60639512613588586 0 0 0 0 0 0 0 0 0 0 0 0 0 0 0 0 0 0 0 0 0 0 0 0 0 0 0 0 0 0 0 0 0 0 0 0 0 0 0 0 0 0 0 0 0 0 0 0 0 -0.33333930242895488 0 0 0 0 0 0 0 0 0 0 0 0 0 0 0 0 0 0 0 0 0 0 0 0 0 0 0 0 0 0 0 0 0 0 0 0 0 0 0 0 0 2 2 1
1.0690449676496976 0.65479004268543972 0.39198555676233815 -0.01274691833824786 0.27748293755247611 -0.04690609527663217 0.3334063171708227 0.17711021429071139 0.22944521066291693 -0.010672788116617671 -0.13274692288503279 -0.026468170410947778 0.24791228659154241 0.37955591302284913 -0.21753650653814668 -0.062713519124106831 0.064922538898870827 0.33977972210291646 0.15049792610508714 -0.014404879822139095 -0.20559601144650783 0.28347496171557085 -0.11836881731948479 0.29152058272864617 0.12313629155675249 -0.15371060748297413 -0.24343596731739839 0.068433295004136863 0.22061305141953058 -0.11180076103483767 0.17944925872410816 0.053871044768270787 -0.013964863952762398 0.11614297749196663 -0.16738715597955958 0.21529388297563934 -0.35402413710460262 -0.10167963224467247 -0.0091095794785791117 -0.26392839218951503 -0.30384509871843302 0.091129218295152734 -0.36182677761967713 0.0086542734182447848 -0.108176300813314 0.061633460464088158 0.17608611912438735 0.38726643323595289 -0.30912089126855896 0.25089148372404851 0 0 0 0 0 0 0 0 0 -0.72192095166633086 0 0 0 0 0 0 0 0 0 0 0 0 0 0 0 0 0 0 0 0 0 0 0 0 0 0 0 0 0 0 0 0 0 0 0 0 0 0 0 0 0 0 0 0 0 0 0 0 0 0.60639512613588586 0 0 0 0 0 0 0 0 0 0 0 0 0 0 0 0 0 0 0 0 0 0 0 0 0 0 0 0 0 0 0 0 0 0 0 0 0 0 0 0 0 0 0 0 0 0 0 0 0 -0.33333930242895488 0 0 0 0 0 0 0 0 0 0 0 0 0 0 0 0 0 0 0 0 0 0 0 0 0 0 0 0 0 0 0 0 0 0 0 0 0 0 0 0 2 2 1
1.0690449676496976 0.65479004268543972 0.39198555676233815 -0.01274691833824786 0.27748293755247611 -0.04690609527663217 0.3334063171708227 0.17711021429071139 0.22944521066291693 -0.010672788116617671 -0.13274692288503279 -0.026468170410947778 0.24791228659154241 0.37955591302284913 -0.21753650653814668 -0.062713519124106831 0.064922538898870827 0.33977972210291646 0.15049792610508714 -0.014404879822139095 -0.20559601144650783 0.28347496171557085 -0.11836881731948479 0.29152058272864617 0.12313629155675249 -0.15371060748297413 -0.24343596731739839 0.068433295004136863 0.22061305141953058 -0.11180076103483767 0.17944925872410816 0.053871044768270787 -0.013964863952762398 0.11614297749196663 -0.16738715597955958 0.21529388297563934 -0.35402413710460262 -0.10167963224467247 -0.0091095794785791117 -0.26392839218951503 -0.30384509871843302 0.091129218295152734 -0.36182677761967713 0.0086542734182447848 -0.108176300813314 0.061633460464088158 0.17608611912438735 0.38726643323595289 -0.30912089126855896 0.25089148372404851 0 0 0 0 0 0 0 0 0 0 -0.72192095166633086 0 0 0 0 0 0 0 0 0 0 0 0 0 0 0 0 0 0 0 0 0 0 0 0 0 0 0 0 0 0 0 0 0 0 0 0 0 0 0 0 0 0 0 0 0 0 0 0 0 0.60639512613588586 0 0 0 0 0 0 0 0 0 0 0 0 0 0 0 0 0 0 0 0 0 0 0 0 0 0 0 0 0 0 0 0 0 0 0 0 0 0 0 0 0 0 0 0 0 0 0 0 0 -0.33333930242895488 0 0 0 0 0 0 0 0 0 0 0 0 0 0 0 0 0 0 0 0 0 0 0 0 0 0 0 0 0 0 0 0 0 0 0 0 0 0 0 2 2 1
1.0690449676496976 0.65479004268543972 0.39198555676233815 -0.01274691833824786 0.27748293755247611 -0.04690609527663217 0.3334063171708227 0.17711021429071139 0.22944521066291693 -0.010672788116617671 -0.13274692288503279 -0.026468170410947778 0.24791228659154241 0.37955591302284913 -0.21753650653814668 -0.062713519124106831 0.064922538898870827 0.33977972210291646 0.15049792610508714 -0.014404879822139095 -0.20559601144650783 0.28347496171557085 -0.11836881731948479 0.29152058272864617 0.12313629155675249 -0.15371060748297413 -0.24343596731739839 0.068433295004136863 0.22061305141953058 -0.11180076103483767 0.17944925872410816 0.053871044768270787 -0.013964863952762398 0.11614297749196663 -0.16738715597955958 0.21529388297563934 -0.35402413710460262 -0.10167963224467247 -0.0091095794785791117 -0.26392839218951503 -0.30384509871843302 0.091129218295152734 -0.36182677761967713 0.0086542734182447848 -0.108176300813314 0.061633460464088158 0.17608611912438735 0.38726643323595289 -0.30912089126855896 0.25089148372404851 0 0 0 0 0 0 0 0 0 0 0 -0.72192095166633086 0 0 0 0 0 0 0 0 0 0 0 0 0 0 0 0 0 0 0 0 0 0 0 0 0 0 0 0 0 0 0 0 0 0 0 0 0 0 0 0 0 0 0 0 0 0 0 0 0 0.60639512613588586 0 0 0 0 0 0 0 0 0 0 0 0 0 0 0 0 0 0 0 0 0 0 0 0 0 0 0 0 0 0 0 0 0 0 0 0 0 0 0 0 0 0 0 0 0 0 0 0 0 -0.33333930242895488 0 0 0 0 0 0 0 0 0 0 0 0 0 0 0 0 0 0 0 0 0 0 0 0 0 0 0 0 0 0 0 0 0 0 0 0 0 0 2 2 1
1.0690449676496976 0.65479004268543972 0.39198555676233815 -0.01274691833824786 0.27748293755247611 -0.04690609527663217 0.3334063171708227 0.17711021429071139 0.22944521066291693 -0.010672788116617671 -0.13274692288503279 -0.026468170410947778 0.24791228659154241 0.37955591302284913 -0.21753650653814668 -0.062713519124106831 0.064922538898870827 0.33977972210291646 0.15049792610508714 -0.014404879822139095 -0.20559601144650783 0.28347496171557085 -0.11836881731948479 0.29152058272864617 0.12313629155675249 -0.15371060748297413 -0.24343596731739839 0.068433295004136863 0.22061305141953058 -0.11180076103483767 0.17944925872410816 0.053871044768270787 -0.013964863952762398 0.11614297749196663 -0.16738715597955958 0.21529388297563934 -0.35402413710460262 -0.10167963224467247 -0.0091095794785791117 -0.26392839218951503 -0.30384509871843302 0.091129218295152734 -0.36182677761967713 0.0086542734182447848 -0.108176300813314 0.061633460464088158 0.17608611912438735 0.38726643323595289 -0.30912089126855896 0.25089148372404851 0 0 0 0 0 0 0 0 0 0 0 0 -0.72192095166633086 0 0 0 0 0 0 0 0 0 0 0 0 0 0 0 0 0 0 0 0 0 0 0 0 0 0 0 0 0 0 0 0 0 0 0 0 0 0 0 0 0 0 0 0 0 0 0 0 0 0.60639512613588586 0 0 0 0 0 0 0 0 0 0 0 0 0 0 0 0 0 0 0 0 0 0 0 0 0 0 0 0 0 0 0 0 0 0 0 0 0 0 0 0 0 0 0 0 0 0 0 0 0 -0.33333930242895488 0 0 0 0 0 0 0 0 0 0 0 0 0 0 0 0 0 0 0 0 0 0 0 0 0 0 0 0 0 0 0 0 0 0 0 0 0 2 2 1
1.0690449676496976 0.65479004268543972 0.39198555676233815 -0.01274691833824786 0.27748293755247611 -0.04690609527663217 0.3334063171708227 0.17711021429071139 0.22944521066291693 -0.010672788116617671 -0.13274692288503279 -0.026468170410947778 0.24791228659154241 0.37955591302284913 -0.21753650653814668 -0.062713519124106831 0.064922538898870827 0.33977972210291646 0.15049792610508714 -0.014404879822139095 -0.20559601144650783 0.28347496171557085 -0.11836881731948479 0.29152058272864617 0.12313629155675249 -0.15371060748297413 -0.24343596731739839 0.068433295004136863 0.22061305141953058 -0.11180076103483767 0.17944925872410816 0.053871044768270787 -0.013964863952762398 0.11614297749196663 -0.16738715597955958 0.21529388297563934 -0.35402413710460262 -0.10167963224467247 -0.0091095794785791117 -0.26392839218951503 -0.30384509871843302 0.091129218295152734 -0.36182677761967713 0.0086542734182447848 -0.108176300813314 0.061633460464088158 0.17608611912438735 0.38726643323595289 -0.30912089126855896 0.25089148372404851 0 0 0 0 0 0 0 0 0 0 0 0 0 -0.72192095166633086 0 0 0 0 0 0 0 0 0 0 0 0 0 0 0 0 0 0 0 0 0 0 0 0 0 0 0 0 0 0 0 0 0 0 0 0 0 0 0 0 0 0 0 0 0 0 0 0 0 0.60639512613588586 0 0 0 0 0 0 0 0 0 0 0 0 0 0 0 0 0 0 0 0 0 0 0 0 0 0 0 0 0 0 0 0 0 0 0 0 0 0 0 0 0 0 0 0 0 0 0 0 0 -0.33333930242895488 0 0 0 0 0 0 0 0 0 0 0 0 0 0 0 0 0 0 0 0 0 0 0 0 0 0 0 0 0 0 0 0 0 0 0 0 2 2 1
1.0690449676496976 0.65479004268543972 0.39198555676233815 -0.01274691833824786 0.27748293755247611 -0.04690609527663217 0.3334063171708227 0.17711021429071139 0.22944521066291693 -0.010672788116617671 -0.13274692288503279 -0.026468170410947778 0.24791228659154241 0.37955591302284913 -0.21753650653814668 -0.062713519124106831 0.064922538898870827 0.33977972210291646 0.15049792610508714 -0.014404879822139095 -0.20559601144650783 0.28347496171557085 -0.11836881731948479 0.29152058272864617 0.12313629155675249 -0.15371060748297413 -0.24343596731739839 0.068433295004136863 0.22061305141953058 -0.11180076103483767 0.17944925872410816 0.053871044768270787 -0.013964863952762398 0.11614297749196663 -0.16738715597955958 0.21529388297563934 -0.35402413710460262 -0.10167963224467247 -0.0091095794785791117 -0.26392839218951503 -0.30384509871843302 0.091129218295152734 -0.36182677761967713 0.0086542734182447848 -0.108176300813314 0.061633460464088158 0.17608611912438735 0.38726643323595289 -0.30912089126855896 0.25089148372404851 0 0 0 0 0 0 0 0 0 0 0 0 0 0 -0.72192095166633086 0 0 0 0 0 0 0 0 0 0 0 0 0 0 0 0 0 0 0 0 0 0 0 0 0 0 0 0 0 0 0 0 0 0 0 0 0 0 0 0 0 0 0 0 0 0 0 0 0 0.60639512613588586 0 0 0 0 0 0 0 0 0 0 0 0 0 0 0 0 0 0 0 0 0 0 0 0 0 0 0 0 0 0 0 0 0 0 0 0 0 0 0 0 0 0 0 0 0 0 0 0 0 -0.33333930242895488 0 0 0 0 0 0 0 0 0 0 0 0 0 0 0 0 0 0 0 0 0 0 0 0 0 0 0 0 0 0 0 0 0 0 0 2 2 1
1.0690449676496976 0.65479004268543972 0.39198555676233815 -0.01274691833824786 0.27748293755247611 -0.04690609527663217 0.3334063171708227 0.17711021429071139 0.22944521066291693 -0.010672788116617671 -0.13274692288503279 -0.026468170410947778 0.24791228659154241 0.37955591302284913 -0.21753650653814668 -0.062713519124106831 0.064922538898870827 0.33977972210291646 0.15049792610508714 -0.014404879822139095 -0.20559601144650783 0.28347496171557085 -0.11836881731948479 0.29152058272864617 0.12313629155675249 -0.15371060748297413 -0.24343596731739839 0.068433295004136863 0.22061305141953058 -0.11180076103483767 0.17944925872410816 0.053871044768270787 -0.013964863952762398 0.11614297749196663 -0.16738715597955958 0.21529388297563934 -0.35402413710460262 -0.10167963224467247 -0.0091095794785791117 -0.26392839218951503 -0.30384509871843302 0.091129218295152734 -0.36182677761967713 0.0086542734182447848 -0.108176300813314 0.061633460464088158 0.17608611912438735 0.38726643323595289 -0.30912089126855896 0.25089148372404851 0 0 0 0 0 0 0 0 0 0 0 0 0 0 0 -0.72192095166633086 0 0 0 0 0 0 0 0 0 0 0 0 0 0 0 0 0 0 0 0 0 0 0 0 0 0 0 0 0 0 0 0 0 0 0 0 0 0 0 0 0 0 0 0 0 0 0 0 0 0.60639512613588586 0 0 0 0 0 0 0 0 0 0 0 0 0 0 0 0 0 0 0 0 0 0 0 0 0 0 0 0 0 0 0 0 0 0 0 0 0 0 0 0 0 0 0 0 0 0 0 0 0 -0.33333930242895488 0 0 0 0 0 0 0 0 0 0 0 0 0 0 0 0 0 0 0 0 0 0 0 0 0 0 0 0 0 0 0 0 0 0 2 2 1
1.0690449676496976 0.65479004268543972 0.39198555676233815 -0.01274691833824786 0.27748293755247611 -0.04690609527663217 0.3334063171708227 0.17711021429071139 0.22944521066291693 -0.010672788116617671 -0.13274692288503279 -0.026468170410947778 0.24791228659154241 0.37955591302284913 -0.21753650653814668 -0.062713519124106831 0.064922538898870827 0.33977972210291646 0.15049792610508714 -0.014404879822139095 -0.20559601144650783 0.28347496171557085 -0.11836881731948479 0.29152058272864617 0.12313629155675249 -0.15371060748297413 -0.24343596731739839 0.068433295004136863 0.22061305141953058 -0.11180076103483767 0.17944925872410816 0.053871044768270787 -0.013964863952762398 0.11614297749196663 -0.16738715597955958 0.21529388297563934 -0.35402413710460262 -0.10167963224467247 -0.0091095794785791117 -0.26392839218951503 -0.30384509871843302 0.091129218295152734 -0.36182677761967713 0.0086542734182447848 -0.108176300813314 0.061633460464088158 0.17608611912438735 0.38726643323595289 -0.30912089126855896 0.25089148372404851 0 0 0 0 0 0 0 0 0 0 0 0 0 0 0 0 -0.72192095166633086 0 0 0 0 0 0 0 0 0 0 0 0 0 0 0 0 0 0 0 0 0 0 0 0 0 0 0 0 0 0 0 0 0 0 0 0 0 0 0 0 0 0 0 0 0 0 0 0 0 0.60639512613588586 0 0 0 0 0 0 0 0 0 0 0 0 0 0 0 0 0 0 0 0 0 0 0 0 0 0 0 0 0 0 0 0 0 0 0 0 0 0 0 0 0 0 0 0 0 0 0 0 0 -0.33333930242895488 0 0 0 0 0 0 0 0 0 0 0 0 0 0 0 0 0 0 0 0 0 0 0 0 0 0 0 0 0 0 0 0 0 2 2 1
1.0690449676496976 0.65479004268543972 0.39198555676233815 -0.01274691833824786 0.27748293755247611 -0.04690609527663217 0.3334063171708227 0.17711021429071139 0.22944521066291693 -0.010672788116617671 -0.13274692288503279 -0.026468170410947778 0.24791228659154241 0.37955591302284913 -0.21753650653814668 -0.062713519124106831 0.064922538898870827 0.33977972210291646 0.15049792610508714 -0.014404879822139095 -0.20559601144650783 0.28347496171557085 -0.11836881731948479 0.29152058272864617 0.12313629155675249 -0.15371060748297413 -0.24343596731739839 0.068433295004136863 0.22061305141953058 -0.11180076103483767 0.17944925872410816 0.053871044768270787 -0.013964863952762398 0.11614297749196663 -0.16738715597955958 0.21529388297563934 -0.35402413710460262 -0.10167963224467247 -0.0091095794785791117 -0.26392839218951503 -0.30384509871843302 0.091129218295152734 -0.36182677761967713 0.0086542734182447848 -0.108176300813314 0.061633460464088158 0.17608611912438735 0.38726643323595289 -0.30912089126855896 0.25089148372404851 0 0 0 0 0 0 0 0 0 0 0 0 0 0 0 0 0 -0.72192095166633086 0 0 0 0 0 0 0 0 0 0 0 0 0 0 0 0 0 0 0 0 0 0 0 0 0 0 0 0 0 0 0 0 0 0 0 0 0 0 0 0 0 0 0 0 0 0 0 0 0 0.60639512613588586 0 0 0 0 0 0 0 0 0 0 0 0 0 0 0 0 0 0 0 0 0 0 0 0 0 0 0 0 0 0 0 0 0 0 0 0 0 0 0 0 0 0 0 0 0 0 0 0 0 -0.33333930242895488 0 0 0 0 0 0 0 0 0 0 0 0 0 0 0 0 0 0 0 0 0 0 0 0 0 0 0 0 0 0 0 0 2 2 1
1.0690449676496976 0.65479004268543972 0.39198555676233815 -0.01274691833824786 0.27748293755247611 -0.04690609527663217 0.3334063171708227 0.17711021429071139 0.22944521066291693 -0.010672788116617671 -0.13274692288503279 -0.026468170410947778 0.24791228659154241 0.37955591302284913 -0.21753650653814668 -0.062713519124106831 0.064922538898870827 0.33977972210291646 0.15049792610508714 -0.014404879822139095 -0.20559601144650783 0.28347496171557085 -0.11836881731948479 0.29152058272864617 0.12313629155675249 -0.15371060748297413 -0.24343596731739839 0.068433295004136863 0.22061305141953058 -0.11180076103483767 0.17944925872410816 0.053871044768270787 -0.013964863952762398 0.11614297749196663 -0.16738715597955958 0.21529388297563934 -0.35402413710460262 -0.10167963224467247 -0.0091095794785791117 -0.26392839218951503 -0.30384509871843302 0.091129218295152734 -0.36182677761967713 0.0086542734182447848 -0.108176300813314 0.061633460464088158 0.17608611912438735 0.38726643323595289 -0.30912089126855896 0.25089148372404851 0 0 0 0 0 0 0 0 0 0 0 0 0 0 0 0 0 0 -0.72192095166633086 0 0 0 0 0 0 0 0 0 0 0 0 0 0 0 0 0 0 0 0 0 0 0 0 0 0 0 0 0 0 0 0 0 0 0 0 0 0 0 0 0 0 0 0 0 0 0 0 0 0.60639512613588586 0 0 0 0 0 0 0 0 0 0 0 0 0 0 0 0 0 0 0 0 0 0 0 0 0 0 0 0 0 0 0 0 0 0 0 0 0 0 0 0 0 0 0 0 0 0 0 0 0 -0.33333930242895488 0 0 0 0 0 0 0 0 0 0 0 0 0 0 0 0 0 0 0 0 0 0 0 0 0 0 0 0 0 0 0 2 2 1
1.0690449676496976 0.65479004268543972 0.39198555676233815 -0.01274691833824786 0.27748293755247611 -0.04690609527663217 0.3334063171708227 0.17711021429071139 0.22944521066291693 -0.010672788116617671 -0.13274692288503279 -0.026468170410947778 0.24791228659154241 0.37955591302284913 -0.21753650653814668 -0.062713519124106831 0.064922538898870827 0.33977972210291646 0.15049792610508714 -0.014404879822139095 -0.20559601144650783 0.28347496171557085 -0.11836881731948479 0.29152058272864617 0.12313629155675249 -0.15371060748297413 -0.24343596731739839 0.068433295004136863 0.22061305141953058 -0.11180076103483767 0.17944925872410816 0.053871044768270787 -0.013964863952762398 0.11614297749196663 -0.16738715597955958 0.21529388297563934 -0.35402413710460262 -0.10167963224467247 -0.0091095794785791117 -0.26392839218951503 -0.30384509871843302 0.091129218295152734 -0.36182677761967713 0.0086542734182447848 -0.108176300813314 0.061633460464088158 0.17608611912438735 0.38726643323595289 -0.30912089126855896 0.25089148372404851 0 0 0 0 0 0 0 0 0 0 0 0 0 0 0 0 0 0 0 -0.72192095166633086 0 0 0 0 0 0 0 0 0 0 0 0 0 0 0 0 0 0 0 0 0 0 0 0 0 0 0 0 0 0 0 0 0 0 0 0 0 0 0 0 0 0 0 0 0 0 0 0 0 0.60639512613588586 0 0 0 0 0 0 0 0 0 0 0 0 0 0 0 0 0 0 0 0 0 0 0 0 0 0 0 0 0 0 0 0 0 0 0 0 0 0 0 0 0 0 0 0 0 0 0 0 0 -0.33333930242895488 0 0 0 0 0 0 0 0 0 0 0 0 0 0 0 0 0 0 0 0 0 0 0 0 0 0 0 0 0 0 2 2 1
1.0690449676496976 0.65479004268543972 0.39198555676233815 -0.01274691833824786 0.27748293755247611 -0.04690609527663217 0.3334063171708227 0.17711021429071139 0.22944521066291693 -0.010672788116617671 -0.13274692288503279 -0.026468170410947778 0.24791228659154241 0.37955591302284913 -0.21753650653814668 -0.062713519124106831 0.064922538898870827 0.33977972210291646 0.15049792610508714 -0.014404879822139095 -0.20559601144650783 0.28347496171557085 -0.11836881731948479 0.29152058272864617 0.12313629155675249 -0.15371060748297413 -0.24343596731739839 0.068433295004136863 0.22061305141953058 -0.11180076103483767 0.17944925872410816 0.053871044768270787 -0.013964863952762398 0.11614297749196663 -0.16738715597955958 0.21529388297563934 -0.35402413710460262 -0.10167963224467247 -0.0091095794785791117 -0.26392839218951503 -0.30384509871843302 0.091129218295152734 -0.36182677761967713 0.0086542734182447848 -0.108176300813314 0.061633460464088158 0.17608611912438735 0.38726643323595289 -0.30912089126855896 0.25089148372404851 0 0 0 0 0 0 0 0 0 0 0 0 0 0 0 0 0 0 0 0 -0.72192095166633086 0 0 0 0 0 0 0 0 0 0 0 0 0 0 0 0 0 0 0 0 0 0 0 0 0 0 0 0 0 0 0 0 0 0 0 0 0 0 0 0 0 0 0 0 0 0 0 0 0 0.60639512613588586 0 0 0 0 0 0 0 0 0 0 0 0 0 0 0 0 0 0 0 0 0 0 0 0 0 0 0 0 0 0 0 0 0 0 0 0 0 0 0 0 0 0 0 0 0 0 0 0 0 -0.33333930242895488 0 0 0 0 0 0 0 0 0 0 0 0 0 0 0 0 0 0 0 0 0 0 0 0 0 0 0 0 0 2 2 1
1.0690449676496976 0.65479004268543972 0.39198555676233815 -0.01274691833824786 0.27748293755247611 -0.04690609527663217 0.3334063171708227 0.17711021429071139 0.22944521066291693 -0.010672788116617671 -0.13274692288503279 -0.026468170410947778 0.24791228659154241 0.37955591302284913 -0.21753650653814668 -0.062713519124106831 0.064922538898870827 0.33977972210291646 0.15049792610508714 -0.014404879822139095 -0.20559601144650783 0.28347496171557085 -0.11836881731948479 0.29152058272864617 0.12313629155675249 -0.15371060748297413 -0.24343596731739839 0.068433295004136863 0.22061305141953058 -0.11180076103483767 0.17944925872410816 0.053871044768270787 -0.013964863952762398 0.11614297749196663 -0.16738715597955958 0.21529388297563934 -0.35402413710460262 -0.10167963224467247 -0.0091095794785791117 -0.26392839218951503 -0.30384509871843302 0.091129218295152734 -0.36182677761967713 0.0086542734182447848 -0.108176300813314 0.061633460464088158 0.17608611912438735 0.38726643323595289 -0.30912089126855896 0.25089148372404851 0 0 0 0 0 0 0 0 0 0 0 0 0 0 0 0 0 0 0 0 0 -0.72192095166633086 0 0 0 0 0 0 0 0 0 0 0 0 0 0 0 0 0 0 0 0 0 0 0 0 0 0 0 0 0 0 0 0 0 0 0 0 0 0 0 0 0 0 0 0 0 0 0 0 0 0.60639512613588586 0 0 0 0 0 0 0 0 0 0 0 0 0 0 0 0 0 0 0 0 0 0 0 0 0 0 0 0 0 0 0 0 0 0 0 0 0 0 0 0 0 0 0 0 0 0 0 0 0 -0.33333930242895488 0 0 0 0 0 0 0 0 0 0 0 0 0 0 0 0 0 0 0 0 0 0 0 0 0 0 0 0 2 2 1
1.0690449676496976 0.65479004268543972 0.39198555676233815 -0.01274691833824786 0.27748293755247611 -0.04690609527663217 0.3334063171708227 0.17711021429071139 0.22944521066291693 -0.010672788116617671 -0.13274692288503279 -0.026468170410947778 0.24791228659154241 0.37955591302284913 -0.21753650653814668 -0.062713519124106831 0.064922538898870827 0.33977972210291646 0.15049792610508714 -0.014404879822139095 -0.20559601144650783 0.28347496171557085 -0.11836881731948479 0.29152058272864617 0.12313629155675249 -0.15371060748297413 -0.24343596731739839 0.068433295004136863 0.22061305141953058 -0.11180076103483767 0.17944925872410816 0.053871044768270787 -0.013964863952762398 0.11614297749196663 -0.16738715597955958 0.21529388297563934 -0.35402413710460262 -0.10167963224467247 -0.0091095794785791117 -0.26392839218951503 -0.30384509871843302 0.091129218295152734 -0.36182677761967713 0.0086542734182447848 -0.108176300813314 0.061633460464088158 0.17608611912438735 0.38726643323595289 -0.30912089126855896 0.25089148372404851 0 0 0 0 0 0 0 0 0 0 0 0 0 0 0 0 0 0 0 0 0 0 -0.72192095166633086 0 0 0 0 0 0 0 0 0 0 0 0 0 0 0 0 0 0 0 0 0 0 0 0 0 0 0 0 0 0 0 0 0 0 0 0 0 0 0 0 0 0 0 0 0 0 0 0 0 0.60639512613588586 0 0 0 0 0 0 0 0 0 0 0 0 0 0 0 0 0 0 0 0 0 0 0 0 0 0 0 0 0 0 0 0 0 0 0 0 0 0 0 0 0 0 0 0 0 0 0 0 0 -0.33333930242895488 0 0 0 0 0 0 0 0 0 0 0 0 0 0 0 0 0 0 0 0 0 0 0 0 0 0 0 2 2 1
1.0690449676496976 0.65479004268543972 0.39198555676233815 -0.01274691833824786 0.27748293755247611 -0.04690609527663217 0.3334063171708227 0.17711021429071139 0.22944521066291693 -0.010672788116617671 -0.13274692288503279 -0.026468170410947778 0.24791228659154241 0.37955591302284913 -0.21753650653814668 -0.062713519124106831 0.064922538898870827 0.33977972210291646 0.15049792610508714 -0.014404879822139095 -0.20559601144650783 0.28347496171557085 -0.11836881731948479 0.29152058272864617 0.12313629155675249 -0.15371060748297413 -0.24343596731739839 0.068433295004136863 0.22061305141953058 -0.11180076103483767 0.17944925872410816 0.053871044768270787 -0.013964863952762398 0.11614297749196663 -0.16738715597955958 0.21529388297563934 -0.35402413710460262 -0.10167963224467247 -0.0091095794785791117 -0.26392839218951503 -0.30384509871843302 0.091129218295152734 -0.36182677761967713 0.0086542734182447848 -0.108176300813314 0.061633460464088158 0.17608611912438735 0.38726643323595289 -0.30912089126855896 0.25089148372404851 0 0 0 0 0 0 0 0 0 0 0 0 0 0 0 0 0 0 0 0 0 0 0 -0.72192095166633086 0 0 0 0 0 0 0 0 0 0 0 0 0 0 0 0 0 0 0 0 0 0 0 0 0 0 0 0 0 0 0 0 0 0 0 0 0 0 0 0 0 0 0 0 0 0 0 0 0 0.60639512613588586 0 0 0 0 0 0 0 0 0 0 0 0 0 0 0 0 0 0 0 0 0 0 0 0 0 0 0 0 0 0 0 0 0 0 0 0 0 0 0 0 0 0 0 0 0 0 0 0 0 -0.33333930242895488 0 0 0 0 0 0 0 0 0 0 0 0 0 0 0 0 0 0 0 0 0 0 0 0 0 0 2 2 1
1.0690449676496976 0.65479004268543972 0.39198555676233815 -0.01274691833824786 0.27748293755247611 -0.04690609527663217 0.3334063171708227 0.17711021429071139 0.22944521066291693 -0.010672788116617671 -0.13274692288503279 -0.026468170410947778 0.24791228659154241 0.37955591302284913 -0.21753650653814668 -0.062713519124106831 0.064922538898870827 0.33977972210291646 0.15049792610508714 -0.014404879822139095 -0.20559601144650783 0.28347496171557085 -0.11836881731948479 0.29152058272864617 0.12313629155675249 -0.15371060748297413 -0.24343596731739839 0.068433295004136863 0.22061305141953058 -0.11180076103483767 0.17944925872410816 0.053871044768270787 -0.013964863952762398 0.11614297749196663 -0.16738715597955958 0.21529388297563934 -0.35402413710460262 -0.10167963224467247 -0.0091095794785791117 -0.26392839218951503 -0.30384509871843302 0.091129218295152734 -0.36182677761967713 0.0086542734182447848 -0.108176300813314 0.061633460464088158 0.17608611912438735 0.38726643323595289 -0.30912089126855896 0.25089148372404851 0 0 0 0 0 0 0 0 0 0 0 0 0 0 0 0 0 0 0 0 0 0 0 0 -0.72192095166633086 0 0 0 0 0 0 0 0 0 0 0 0 0 0 0 0 0 0 0 0 0 0 0 0 0 0 0 0 0 0 0 0 0 0 0 0 0 0 0 0 0 0 0 0 0 0 0 0 0 0.60639512613588586 0 0 0 0 0 0 0 0 0 0 0 0 0 0 0 0 0 0 0 0 0 0 0 0 0 0 0 0 0 0 0 0 0 0 0 0 0 0 0 0 0 0 0 0 0 0 0 0 0 -0.33333930242895488 0 0 0 0 0 0 0 0 0 0 0 0 0 0 0 0 0 0 0 0 0 0 0 0 0 2 2 1
1.0690449676496976 0.65479004268543972 0.39198555676233815 -0.01274691833824786 0.27748293755247611 -0.04690609527663217 0.3334063171708227 0.17711021429071139 0.22944521066291693 -0.010672788116617671 -0.13274692288503279 -0.026468170410947778 0.24791228659154241 0.37955591302284913 -0.21753650653814668 -0.062713519124106831 0.064922538898870827 0.33977972210291646 0.15049792610508714 -0.014404879822139095 -0.20559601144650783 0.28347496171557085 -0.11836881731948479 0.29152058272864617 0.12313629155675249 -0.15371060748297413 -0.24343596731739839 0.068433295004136863 0.22061305141953058 -0.11180076103483767 0.17944925872410816 0.053871044768270787 -0.013964863952762398 0.11614297749196663 -0.16738715597955958 0.21529388297563934 -0.35402413710460262 -0.10167963224467247 -0.0091095794785791117 -0.26392839218951503 -0.30384509871843302 0.091129218295152734 -0.36182677761967713 0.0086542734182447848 -0.108176300813314 0.061633460464088158 0.17608611912438735 0.38726643323595289 -0.30912089126855896 0.25089148372404851 0 0 0 0 0 0 0 0 0 0 0 0 0 0 0 0 0 0 0 0 0 0 0 0 0 -0.72192095166633086 0 0 0 0 0 0 0 0 0 0 0 0 0 0 0 0 0 0 0 0 0 0 0 0 0 0 0 0 0 0 0 0 0 0 0 0 0 0 0 0 0 0 0 0 0 0 0 0 0 0.60639512613588586 0 0 0 0 0 0 0 0 0 0 0 0 0 0 0 0 0 0 0 0 0 0 0 0 0 0 0 0 0 0 0 0 0 0 0 0 0 0 0 0 0 0 0 0 0 0 0 0 0 -0.33333930242895488 0 0 0 0 0 0 0 0 0 0 0 0 0 0 0 0 0 0 0 0 0 0 0 0 2 2 1
1.0690449676496976 0.65479004268543972 0.39198555676233815 -0.01274691833824786 0.27748293755247611 -0.04690609527663217 0.3334063171708227 0.17711021429071139 0.22944521066291693 -0.010672788116617671 -0.13274692288503279 -0.026468170410947778 0.24791228659154241 0.37955591302284913 -0.21753650653814668 -0.062713519124106831 0.064922538898870827 0.33977972210291646 0.15049792610508714 -0.014404879822139095 -0.20559601144650783 0.28347496171557085 -0.11836881731948479 0.29152058272864617 0.12313629155675249 -0.15371060748297413 -0.24343596731739839 0.068433295004136863 0.22061305141953058 -0.11180076103483767 0.17944925872410816 0.053871044768270787 -0.013964863952762398 0.11614297749196663 -0.16738715597955958 0.21529388297563934 -0.35402413710460262 -0.10167963224467247 -0.0091095794785791117 -0.26392839218951503 -0.30384509871843302 0.091129218295152734 -0.36182677761967713 0.0086542734182447848 -0.108176300813314 0.061633460464088158 0.17608611912438735 0.38726643323595289 -0.30912089126855896 0.25089148372404851 0 0 0 0 0 0 0 0 0 0 0 0 0 0 0 0 0 0 0 0 0 0 0 0 0 0 -0.72192095166633086 0 0 0 0 0 0 0 0 0 0 0 0 0 0 0 0 0 0 0 0 0 0 0 0 0 0 0 0 0 0 0 0 0 0 0 0 0 0 0 0 0 0 0 0 0 0 0 0 0 0.60639512613588586 0 0 0 0 0 0 0 0 0 0 0 0 0 0 0 0 0 0 0 0 0 0 0 0 0 0 0 0 0 0 0 0 0 0 0 0 0 0 0 0 0 0 0 0 0 0 0 0 0 -0.33333930242895488 0 0 0 0 0 0 0 0 0 0 0 0 0 0 0 0 0 0 0 0 0 0 0 2 2 1
1.0690449676496976 0.65479004268543972 0.39198555676233815 -0.01274691833824786 0.27748293755247611 -0.04690609527663217 0.3334063171708227 0.17711021429071139 0.22944521066291693 -0.010672788116617671 -0.13274692288503279 -0.026468170410947778 0.24791228659154241 0.37955591302284913 -0.21753650653814668 -0.062713519124106831 0.064922538898870827 0.33977972210291646 0.15049792610508714 -0.014404879822139095 -0.20559601144650783 0.28347496171557085 -0.11836881731948479 0.29152058272864617 0.12313629155675249 -0.15371060748297413 -0.24343596731739839 0.068433295004136863 0.22061305141953058 -0.11180076103483767 0.17944925872410816 0.053871044768270787 -0.013964863952762398 0.11614297749196663 -0.16738715597955958 0.21529388297563934 -0.35402413710460262 -0.10167963224467247 -0.0091095794785791117 -0.26392839218951503 -0.30384509871843302 0.091129218295152734 -0.36182677761967713 0.0086542734182447848 -0.108176300813314 0.061633460464088158 0.17608611912438735 0.38726643323595289 -0.30912089126855896 0.25089148372404851 0 0 0 0 0 0 0 0 0 0 0 0 0 0 0 0 0 0 0 0 0 0 0 0 0 0 0 -0.72192095166633086 0 0 0 0 0 0 0 0 0 0 0 0 0 0 0 0 0 0 0 0 0 0 0 0 0 0 0 0 0 0 0 0 0 0 0 0 0 0 0 0 0 0 0 0 0 0 0 0 0 0.60639512613588586 0 0 0 0 0 0 0 0 0 0 0 0 0 0 0 0 0 0 0 0 0 0 0 0 0 0 0 0 0 0 0 0 0 0 0 0 0 0 0 0 0 0 0 0 0 0 0 0 0 -0.33333930242895488 0 0 0 0 0 0 0 0 0 0 0 0 0 0 0 0 0 0 0 0 0 0 2 2 1
1.0690449676496976 0.65479004268543972 0.39198555676233815 -0.01274691833824786 0.27748293755247611 -0.04690609527663217 0.3334063171708227 0.17711021429071139 0.22944521066291693 -0.010672788116617671 -0.13274692288503279 -0.026468170410947778 0.24791228659154241 0.37955591302284913 -0.21753650653814668 -0.062713519124106831 0.064922538898870827 0.33977972210291646 0.15049792610508714 -0.014404879822139095 -0.20559601144650783 0.28347496171557085 -0.11836881731948479 0.29152058272864617 0.12313629155675249 -0.15371060748297413 -0.24343596731739839 0.068433295004136863 0.22061305141953058 -0.11180076103483767 0.17944925872410816 0.053871044768270787 -0.013964863952762398 0.11614297749196663 -0.16738715597955958 0.21529388297563934 -0.35402413710460262 -0.10167963224467247 -0.0091095794785791117 -0.26392839218951503 -0.30384509871843302 0.091129218295152734 -0.36182677761967713 0.0086542734182447848 -0.108176300813314 0.061633460464088158 0.17608611912438735 0.38726643323595289 -0.30912089126855896 0.25089148372404851 0 0 0 0 0 0 0 0 0 0 0 0 0 0 0 0 0 0 0 0 0 0 0 0 0 0 0 0 -0.72192095166633086 0 0 0 0 0 0 0 0 0 0 0 0 0 0 0 0 0 0 0 0 0 0 0 0 0 0 0 0 0 0 0 0 0 0 0 0 0 0 0 0 0 0 0 0 0 0 0 0 0 0.60639512613588586 0 0 0 0 0 0 0 0 0 0 0 0 0 0 0 0 0 0 0 0 0 0 0 0 0 0 0 0 0 0 0 0 0 0 0 0 0 0 0 0 0 0 0 0 0 0 0 0 0 -0.33333930242895488 0 0 0 0 0 0 0 0 0 0 0 0 0 0 0 0 0 0 0 0 0 2 2 1
1.0690449676496976 0.65479004268543972 0.39198555676233815 -0.01274691833824786 0.27748293755247611 -0.04690609527663217 0.3334063171708227 0.17711021429071139 0.22944521066291693 -0.010672788116617671 -0.13274692288503279 -0.026468170410947778 0.24791228659154241 0.37955591302284913 -0.21753650653814668 -0.062713519124106831 0.064922538898870827 0.33977972210291646 0.15049792610508714 -0.014404879822139095 -0.20559601144650783 0.28347496171557085 -0.11836881731948479 0.29152058272864617 0.12313629155675249 -0.15371060748297413 -0.24343596731739839 0.068433295004136863 0.22061305141953058 -0.11180076103483767 0.17944925872410816 0.053871044768270787 -0.013964863952762398 0.11614297749196663 -0.16738715597955958 0.21529388297563934 -0.35402413710460262 -0.10167963224467247 -0.0091095794785791117 -0.26392839218951503 -0.30384509871843302 0.091129218295152734 -0.36182677761967713 0.0086542734182447848 -0.108176300813314 0.061633460464088158 0.17608611912438735 0.38726643323595289 -0.30912089126855896 0.25089148372404851 0 0 0 0 0 0 0 0 0 0 0 0 0 0 0 0 0 0 0 0 0 0 0 0 0 0 0 0 0 -0.72192095166633086 0 0 0 0 0 0 0 0 0 0 0 0 0 0 0 0 0 0 0 0 0 0 0 0 0 0 0 0 0 0 0 0 0 0 0 0 0 0 0 0 0 0 0 0 0 0 0 0 0 0.60639512613588586 0 0 0 0 0 0 0 0 0 0 0 0 0 0 0 0 0 0 0 0 0 0 0 0 0 0 0 0 0 0 0 0 0 0 0 0 0 0 0 0 0 0 0 0 0 0 0 0 0 -0.33333930242895488 0 0 0 0 0 0 0 0 0 0 0 0 0 0 0 0 0 0 0 0 2 2 1
1.0690449676496976 0.65479004268543972 0.39198555676233815 -0.01274691833824786 0.27748293755247611 -0.04690609527663217 0.3334063171708227 0.17711021429071139 0.22944521066291693 -0.010672788116617671 -0.13274692288503279 -0.026468170410947778 0.24791228659154241 0.37955591302284913 -0.21753650653814668 -0.062713519124106831 0.064922538898870827 0.33977972210291646 0.15049792610508714 -0.014404879822139095 -0.20559601144650783 0.28347496171557085 -0.11836881731948479 0.29152058272864617 0.12313629155675249 -0.15371060748297413 -0.24343596731739839 0.068433295004136863 0.22061305141953058 -0.11180076103483767 0.17944925872410816 0.053871044768270787 -0.013964863952762398 0.11614297749196663 -0.16738715597955958 0.21529388297563934 -0.35402413710460262 -0.10167963224467247 -0.0091095794785791117 -0.26392839218951503 -0.30384509871843302 0.091129218295152734 -0.36182677761967713 0.0086542734182447848 -0.108176300813314 0.061633460464088158 0.17608611912438735 0.38726643323595289 -0.30912089126855896 0.25089148372404851 0 0 0 0 0 0 0 0 0 0 0 0 0 0 0 0 0 0 0 0 0 0 0 0 0 0 0 0 0 0 -0.72192095166633086 0 0 0 0 0 0 0 0 0 0 0 0 0 0 0 0 0 0 0 0 0 0 0 0 0 0 0 0 0 0 0 0 0 0 0 0 0 0 0 0 0 0 0 0 0 0 0 0 0 0.60639512613588586 0 0 0 0 0 0 0 0 0 0 0 0 0 0 0 0 0 0 0 0 0 0 0 0 0 0 0 0 0 0 0 0 0 0 0 0 0 0 0 0 0 0 0 0 0 0 0 0 0 -0.33333930242895488 0 0 0 0 0 0 0 0 0 0 0 0 0 0 0 0 0 0 0 2 2 1
1.0690449676496976 0.65479004268543972 0.39198555676233815 -0.01274691833824786 0.27748293755247611 -0.04690609527663217 0.3334063171708227 0.17711021429071139 0.22944521066291693 -0.010672788116617671 -0.13274692288503279 -0.026468170410947778 0.24791228659154241 0.37955591302284913 -0.21753650653814668 -0.062713519124106831 0.064922538898870827 0.33977972210291646 0.15049792610508714 -0.014404879822139095 -0.20559601144650783 0.28347496171557085 -0.11836881731948479 0.29152058272864617 0.12313629155675249 -0.15371060748297413 -0.24343596731739839 0.068433295004136863 0.22061305141953058 -0.11180076103483767 0.17944925872410816 0.053871044768270787 -0.013964863952762398 0.11614297749196663 -0.16738715597955958 0.21529388297563934 -0.35402413710460262 -0.10167963224467247 -0.0091095794785791117 -0.26392839218951503 -0.30384509871843302 0.091129218295152734 -0.36182677761967713 0.0086542734182447848 -0.108176300813314 0.061633460464088158 0.17608611912438735 0.38726643323595289 -0.30912089126855896 0.25089148372404851 0 0 0 0 0 0 0 0 0 0 0 0 0 0 0 0 0 0 0 0 0 0 0 0 0 0 0 0 0 0 0 -0.72192095166633086 0 0 0 0 0 0 0 0 0 0 0 0 0 0 0 0 0 0 0 0 0 0 0 0 0 0 0 0 0 0 0 0 0 0 0 0 0 0 0 0 0 0 0 0 0 0 0 0 0 0.60639512613588586 0 0 0 0 0 0 0 0 0 0 0 0 0 0 0 0 0 0 0 0 0 0 0 0 0 0 0 0 0 0 0 0 0 0 0 0 0 0 0 0 0 0 0 0 0 0 0 0 0 -0.33333930242895488 0 0 0 0 0 0 0 0 0 0 0 0 0 0 0 0 0 0 2 2 1
1.0690449676496976 0.65479004268543972 0.39198555676233815 -0.01274691833824786 0.27748293755247611 -0.04690609527663217 0.3334063171708227 0.17711021429071139 0.22944521066291693 -0.010672788116617671 -0.13274692288503279 -0.026468170410947778 0.24791228659154241 0.37955591302284913 -0.21753650653814668 -0.062713519124106831 0.064922538898870827 0.33977972210291646 0.15049792610508714 -0.014404879822139095 -0.20559601144650783 0.28347496171557085 -0.11836881731948479 0.29152058272864617 0.12313629155675249 -0.15371060748297413 -0.24343596731739839 0.068433295004136863 0.22061305141953058 -0.11180076103483767 0.17944925872410816 0.053871044768270787 -0.013964863952762398 0.11614297749196663 -0.16738715597955958 0.21529388297563934 -0.35402413710460262 -0.10167963224467247 -0.0091095794785791117 -0.26392839218951503 -0.30384509871843302 0.091129218295152734 -0.36182677761967713 0.0086542734182447848 -0.108176300813314 0.061633460464088158 0.17608611912438735 0.38726643323595289 -0.30912089126855896 0.25089148372404851 0 0 0 0 0 0 0 0 0 0 0 0 0 0 0 0 0 0 0 0 0 0 0 0 0 0 0 0 0 0 0 0 -0.72192095166633086 0 0 0 0 0 0 0 0 0 0 0 0 0 0 0 0 0 0 0 0 0 0 0 0 0 0 0 0 0 0 0 0 0 0 0 0 0 0 0 0 0 0 0 0 0 0 0 0 0 0.60639512613588586 0 0 0 0 0 0 0 0 0 0 0 0 0 0 0 0 0 0 0 0 0 0 0 0 0 0 0 0 0 0 0 0 0 0 0 0 0 0 0 0 0 0 0 0 0 0 0 0 0 -0.33333930242895488 0 0 0 0 0 0 0 0 0 0 0 0 0 0 0 0 0 2 2 1
1.0690449676496976 0.65479004268543972 0.39198555676233815 -0.01274691833824786 0.27748293755247611 -0.04690609527663217 0.3334063171708227 0.17711021429071139 0.22944521066291693 -0.010672788116617671 -0.13274692288503279 -0.026468170410947778 0.24791228659154241 0.37955591302284913 -0.21753650653814668 -0.062713519124106831 0.064922538898870827 0.33977972210291646 0.15049792610508714 -0.014404879822139095 -0.20559601144650783 0.28347496171557085 -0.11836881731948479 0.29152058272864617 0.12313629155675249 -0.15371060748297413 -0.24343596731739839 0.068433295004136863 0.22061305141953058 -0.11180076103483767 0.17944925872410816 0.053871044768270787 -0.013964863952762398 0.11614297749196663 -0.16738715597955958 0.21529388297563934 -0.35402413710460262 -0.10167963224467247 -0.0091095794785791117 -0.26392839218951503 -0.30384509871843302 0.091129218295152734 -0.36182677761967713 0.0086542734182447848 -0.108176300813314 0.061633460464088158 0.17608611912438735 0.38726643323595289 -0.30912089126855896 0.25089148372404851 0 0 0 0 0 0 0 0 0 0 0 0 0 0 0 0 0 0 0 0 0 0 0 0 0 0 0 0 0 0 0 0 0 -0.72192095166633086 0 0 0 0 0 0 0 0 0 0 0 0 0 0 0 0 0 0 0 0 0 0 0 0 0 0 0 0 0 0 0 0 0 0 0 0 0 0 0 0 0 0 0 0 0 0 0 0 0 0.60639512613588586 0 0 0 0 0 0 0 0 0 0 0 0 0 0 0 0 0 0 0 0 0 0 0 0 0 0 0 0 0 0 0 0 0 0 0 0 0 0 0 0 0 0 0 0 0 0 0 0 0 -0.33333930242895488 0 0 0 0 0 0 0 0 0 0 0 0 0 0 0 0 2 2 1
1.0690449676496976 0.65479004268543972 0.39198555676233815 -0.01274691833824786 0.27748293755247611 -0.04690609527663217 0.3334063171708227 0.17711021429071139 0.22944521066291693 -0.010672788116617671 -0.13274692288503279 -0.026468170410947778 0.24791228659154241 0.37955591302284913 -0.21753650653814668 -0.062713519124106831 0.064922538898870827 0.33977972210291646 0.15049792610508714 -0.014404879822139095 -0.20559601144650783 0.28347496171557085 -0.11836881731948479 0.29152058272864617 0.12313629155675249 -0.15371060748297413 -0.24343596731739839 0.068433295004136863 0.22061305141953058 -0.11180076103483767 0.17944925872410816 0.053871044768270787 -0.013964863952762398 0.11614297749196663 -0.16738715597955958 0.21529388297563934 -0.35402413710460262 -0.10167963224467247 -0.0091095794785791117 -0.26392839218951503 -0.30384509871843302 0.091129218295152734 -0.36182677761967713 0.0086542734182447848 -0.108176300813314 0.061633460464088158 0.17608611912438735 0.38726643323595289 -0.30912089126855896 0.25089148372404851 0 0 0 0 0 0 0 0 0 0 0 0 0 0 0 0 0 0 0 0 0 0 0 0 0 0 0 0 0 0 0 0 0 0 -0.72192095166633086 0 0 0 0 0 0 0 0 0 0 0 0 0 0 0 0 0 0 0 0 0 0 0 0 0 0 0 0 0 0 0 0 0 0 0 0 0 0 0 0 0 0 0 0 0 0 0 0 0 0.60639512613588586 0 0 0 0 0 0 0 0 0 0 0 0 0 0 0 0 0 0 0 0 0 0 0 0 0 0 0 0 0 0 0 0 0 0 0 0 0 0 0 0 0 0 0 0 0 0 0 0 0 -0.33333930242895488 0 0 0 0 0 0 0 0 0 0 0 0 0 0 0 2 2 1
1.0690449676496976 0.65479004268543972 0.39198555676233815 -0.01274691833824786 0.27748293755247611 -0.04690609527663217 0.3334063171708227 0.17711021429071139 0.22944521066291693 -0.010672788116617671 -0.13274692288503279 -0.026468170410947778 0.24791228659154241 0.37955591302284913 -0.21753650653814668 -0.062713519124106831 0.064922538898870827 0.33977972210291646 0.15049792610508714 -0.014404879822139095 -0.20559601144650783 0.28347496171557085 -0.11836881731948479 0.29152058272864617 0.12313629155675249 -0.15371060748297413 -0.24343596731739839 0.068433295004136863 0.22061305141953058 -0.11180076103483767 0.17944925872410816 0.053871044768270787 -0.013964863952762398 0.11614297749196663 -0.16738715597955958 0.21529388297563934 -0.35402413710460262 -0.10167963224467247 -0.0091095794785791117 -0.26392839218951503 -0.30384509871843302 0.091129218295152734 -0.36182677761967713 0.0086542734182447848 -0.108176300813314 0.061633460464088158 0.17608611912438735 0.38726643323595289 -0.30912089126855896 0.25089148372404851 0 0 0 0 0 0 0 0 0 0 0 0 0 0 0 0 0 0 0 0 0 0 0 0 0 0 0 0 0 0 0 0 0 0 0 -0.72192095166633086 0 0 0 0 0 0 0 0 0 0 0 0 0 0 0 0 0 0 0 0 0 0 0 0 0 0 0 0 0 0 0 0 0 0 0 0 0 0 0 0 0 0 0 0 0 0 0 0 0 0.60639512613588586 0 0 0 0 0 0 0 0 0 0 0 0 0 0 0 0 0 0 0 0 0 0 0 0 0 0 0 0 0 0 0 0 0 0 0 0 0 0 0 0 0 0 0 0 0 0 0 0 0 -0.33333930242895488 0 0 0 0 0 0 0 0 0 0 0 0 0 0 2 2 1
1.0690449676496976 0.65479004268543972 0.39198555676233815 -0.01274691833824786 0.27748293755247611 -0.04690609527663217 0.3334063171708227 0.17711021429071139 0.22944521066291693 -0.010672788116617671 -0.13274692288503279 -0.026468170410947778 0.24791228659154241 0.37955591302284913 -0.21753650653814668 -0.062713519124106831 0.064922538898870827 0.33977972210291646 0.15049792610508714 -0.014404879822139095 -0.20559601144650783 0.28347496171557085 -0.11836881731948479 0.29152058272864617 0.12313629155675249 -0.15371060748297413 -0.24343596731739839 0.068433295004136863 0.22061305141953058 -0.11180076103483767 0.17944925872410816 0.053871044768270787 -0.013964863952762398 0.11614297749196663 -0.16738715597955958 0.21529388297563934 -0.35402413710460262 -0.10167963224467247 -0.0091095794785791117 -0.26392839218951503 -0.30384509871843302 0.091129218295152734 -0.36182677761967713 0.0086542734182447848 -0.108176300813314 0.061633460464088158 0.17608611912438735 0.38726643323595289 -0.30912089126855896 0.25089148372404851 0 0 0 0 0 0 0 0 0 0 0 0 0 0 0 0 0 0 0 0 0 0 0 0 0 0 0 0 0 0 0 0 0 0 0 0 -0.72192095166633086 0 0 0 0 0 0 0 0 0 0 0 0 0 0 0 0 0 0 0 0 0 0 0 0 0 0 0 0 0 0 0 0 0 0 0 0 0 0 0 0 0 0 0 0 0 0 0 0 0 0.60639512613588586 0 0 0 0 0 0 0 0 0 0 0 0 0 0 0 0 0 0 0 0 0 0 0 0 0 0 0 0 0 0 0 0 0 0 0 0 0 0 0 0 0 0 0 0 0 0 0 0 0 -0.33333930242895488 0 0 0 0 0 0 0 0 0 0 0 0 0 2 2 1
1.0690449676496976 0.65479004268543972 0.39198555676233815 -0.01274691833824786 0.27748293755247611 -0.04690609527663217 0.3334063171708227 0.17711021429071139 0.22944521066291693 -0.010672788116617671 -0.13274692288503279 -0.026468170410947778 0.24791228659154241 0.37955591302284913 -0.21753650653814668 -0.062713519124106831 0.064922538898870827 0.33977972210291646 0.15049792610508714 -0.014404879822139095 -0.20559601144650783 0.28347496171557085 -0.11836881731948479 0.29152058272864617 0.12313629155675249 -0.15371060748297413 -0.24343596731739839 0.068433295004136863 0.22061305141953058 -0.11180076103483767 0.17944925872410816 0.053871044768270787 -0.013964863952762398 0.11614297749196663 -0.16738715597955958 0.21529388297563934 -0.35402413710460262 -0.10167963224467247 -0.0091095794785791117 -0.26392839218951503 -0.30384509871843302 0.091129218295152734 -0.36182677761967713 0.0086542734182447848 -0.108176300813314 0.061633460464088158 0.17608611912438735 0.38726643323595289 -0.30912089126855896 0.25089148372404851 0 0 0 0 0 0 0 0 0 0 0 0 0 0 0 0 0 0 0 0 0 0 0 0 0 0 0 0 0 0 0 0 0 0 0 0 0 -0.72192095166633086 0 0 0 0 0 0 0 0 0 0 0 0 0 0 0 0 0 0 0 0 0 0 0 0 0 0 0 0 0 0 0 0 0 0 0 0 0 0 0 0 0 0 0 0 0 0 0 0 0 0.60639512613588586 0 0 0 0 0 0 0 0 0 0 0 0 0 0 0 0 0 0 0 0 0 0 0 0 0 0 0 0 0 0 0 0 0 0 0 0 0 0 0 0 0 0 0 0 0 0 0 0 0 -0.33333930242895488 0 0 0 0 0 0 0 0 0 0 0 0 2 2 1
1.0690449676496976 0.65479004268543972 0.39198555676233815 -0.01274691833824786 0.27748293755247611 -0.04690609527663217 0.3334063171708227 0.17711021429071139 0.22944521066291693 -0.010672788116617671 -0.13274692288503279 -0.026468170410947778 0.24791228659154241 0.37955591302284913 -0.21753650653814668 -0.062713519124106831 0.064922538898870827 0.33977972210291646 0.15049792610508714 -0.014404879822139095 -0.20559601144650783 0.28347496171557085 -0.11836881731948479 0.29152058272864617 0.12313629155675249 -0.15371060748297413 -0.24343596731739839 0.068433295004136863 0.22061305141953058 -0.11180076103483767 0.17944925872410816 0.053871044768270787 -0.013964863952762398 0.11614297749196663 -0.16738715597955958 0.21529388297563934 -0.35402413710460262 -0.10167963224467247 -0.0091095794785791117 -0.26392839218951503 -0.30384509871843302 0.091129218295152734 -0.36182677761967713 0.0086542734182447848 -0.108176300813314 0.061633460464088158 0.17608611912438735 0.38726643323595289 -0.30912089126855896 0.25089148372404851 0 0 0 0 0 0 0 0 0 0 0 0 0 0 0 0 0 0 0 0 0 0 0 0 0 0 0 0 0 0 0 0 0 0 0 0 0 0 -0.72192095166633086 0 0 0 0 0 0 0 0 0 0 0 0 0 0 0 0 0 0 0 0 0 0 0 0 0 0 0 0 0 0 0 0 0 0 0 0 0 0 0 0 0 0 0 0 0 0 0 0 0 0.60639512613588586 0 0 0 0 0 0 0 0 0 0 0 0 0 0 0 0 0 0 0 0 0 0 0 0 0 0 0 0 0 0 0 0 0 0 0 0 0 0 0 0 0 0 0 0 0 0 0 0 0 -0.33333930242895488 0 0 0 0 0 0 0 0 0 0 0 2 2 1
1.0690449676496976 0.65479004268543972 0.39198555676233815 -0.01274691833824786 0.27748293755247611 -0.04690609527663217 0.3334063171708227 0.17711021429071139 0.22944521066291693 -0.010672788116617671 -0.13274692288503279 -0.026468170410947778 0.24791228659154241 0.37955591302284913 -0.21753650653814668 -0.062713519124106831 0.064922538898870827 0.33977972210291646 0.15049792610508714 -0.014404879822139095 -0.20559601144650783 0.28347496171557085 -0.11836881731948479 0.29152058272864617 0.12313629155675249 -0.15371060748297413 -0.24343596731739839 0.068433295004136863 0.22061305141953058 -0.11180076103483767 0.17944925872410816 0.053871044768270787 -0.013964863952762398 0.11614297749196663 -0.16738715597955958 0.21529388297563934 -0.35402413710460262 -0.10167963224467247 -0.0091095794785791117 -0.26392839218951503 -0.30384509871843302 0.091129218295152734 -0.36182677761967713 0.0086542734182447848 -0.108176300813314 0.061633460464088158 0.17608611912438735 0.38726643323595289 -0.30912089126855896 0.25089148372404851 0 0 0 0 0 0 0 0 0 0 0 0 0 0 0 0 0 0 0 0 0 0 0 0 0 0 0 0 0 0 0 0 0 0 0 0 0 0 0 -0.72192095166633086 0 0 0 0 0 0 0 0 0 0 0 0 0 0 0 0 0 0 0 0 0 0 0 0 0 0 0 0 0 0 0 0 0 0 0 0 0 0 0 0 0 0 0 0 0 0 0 0 0 0.60639512613588586 0 0 0 0 0 0 0 0 0 0 0 0 0 0 0 0 0 0 0 0 0 0 0 0 0 0 0 0 0 0 0 0 0 0 0 0 0 0 0 0 0 0 0 0 0 0 0 0 0 -0.33333930242895488 0 0 0 0 0 0 0 0 0 0 2 2 1
1.0690449676496976 0.65479004268543972 0.39198555676233815 -0.01274691833824786 0.27748293755247611 -0.04690609527663217 0.3334063171708227 0.17711021429071139 0.22944521066291693 -0.010672788116617671 -0.13274692288503279 -0.026468170410947778 0.24791228659154241 0.37955591302284913 -0.21753650653814668 -0.062713519124106831 0.064922538898870827 0.33977972210291646 0.15049792610508714 -0.014404879822139095 -0.20559601144650783 0.28347496171557085 -0.11836881731948479 0.29152058272864617 0.12313629155675249 -0.15371060748297413 -0.24343596731739839 0.068433295004136863 0.22061305141953058 -0.11180076103483767 0.17944925872410816 0.053871044768270787 -0.013964863952762398 0.11614297749196663 -0.16738715597955958 0.21529388297563934 -0.35402413710460262 -0.10167963224467247 -0.0091095794785791117 -0.26392839218951503 -0.30384509871843302 0.091129218295152734 -0.36182677761967713 0.0086542734182447848 -0.108176300813314 0.061633460464088158 0.17608611912438735 0.38726643323595289 -0.30912089126855896 0.25089148372404851 0 0 0 0 0 0 0 0 0 0 0 0 0 0 0 0 0 0 0 0 0 0 0 0 0 0 0 0 0 0 0 0 0 0 0 0 0 0 0 0 -0.72192095166633086 0 0 0 0 0 0 0 0 0 0 0 0 0 0 0 0 0 0 0 0 0 0 0 0 0 0 0 0 0 0 0 0 0 0 0 0 0 0 0 0 0 0 0 0 0 0 0 0 0 0.60639512613588586 0 0 0 0 0 0 0 0 0 0 0 0 0 0 0 0 0 0 0 0 0 0 0 0 0 0 0 0 0 0 0 0 0 0 0 0 0 0 0 0 0 0 0 0 0 0 0 0 0 -0.33333930242895488 0 0 0 0 0 0 0 0 0 2 2 1
1.0690449676496976 0.65479004268543972 0.39198555676233815 -0.01274691833824786 0.27748293755247611 -0.04690609527663217 0.3334063171708227 0.17711021429071139 0.22944521066291693 -0.010672788116617671 -0.13274692288503279 -0.026468170410947778 0.24791228659154241 0.37955591302284913 -0.21753650653814668 -0.062713519124106831 0.064922538898870827 0.33977972210291646 0.15049792610508714 -0.014404879822139095 -0.20559601144650783 0.28347496171557085 -0.11836881731948479 0.29152058272864617 0.12313629155675249 -0.15371060748297413 -0.24343596731739839 0.068433295004136863 0.22061305141953058 -0.11180076103483767 0.17944925872410816 0.053871044768270787 -0.013964863952762398 0.11614297749196663 -0.16738715597955958 0.21529388297563934 -0.35402413710460262 -0.10167963224467247 -0.0091095794785791117 -0.26392839218951503 -0.30384509871843302 0.091129218295152734 -0.36182677761967713 0.0086542734182447848 -0.108176300813314 0.061633460464088158 0.17608611912438735 0.38726643323595289 -0.30912089126855896 0.25089148372404851 0 0 0 0 0 0 0 0 0 0 0 0 0 0 0 0 0 0 0 0 0 0 0 0 0 0 0 0 0 0 0 0 0 0 0 0 0 0 0 0 0 -0.72192095166633086 0 0 0 0 0 0 0 0 0 0 0 0 0 0 0 0 0 0 0 0 0 0 0 0 0 0 0 0 0 0 0 0 0 0 0 0 0 0 0 0 0 0 0 0 0 0 0 0 0 0.60639512613588586 0 0 0 0 0 0 0 0 0 0 0 0 0 0 0 0 0 0 0 0 0 0 0 0 0 0 0 0 0 0 0 0 0 0 0 0 0 0 0 0 0 0 0 0 0 0 0 0 0 -0.33333930242895488 0 0 0 0 0 0 0 0 2 2 1
1.0690449676496976 0.65479004268543972 0.39198555676233815 -0.01274691833824786 0.27748293755247611 -0.04690609527663217 0.3334063171708227 0.17711021429071139 0.22944521066291693 -0.010672788116617671 -0.13274692288503279 -0.026468170410947778 0.24791228659154241 0.37955591302284913 -0.21753650653814668 -0.062713519124106831 0.064922538898870827 0.33977972210291646 0.15049792610508714 -0.014404879822139095 -0.20559601144650783 0.28347496171557085 -0.11836881731948479 0.29152058272864617 0.12313629155675249 -0.15371060748297413 -0.24343596731739839 0.068433295004136863 0.22061305141953058 -0.11180076103483767 0.17944925872410816 0.053871044768270787 -0.013964863952762398 0.11614297749196663 -0.16738715597955958 0.21529388297563934 -0.35402413710460262 -0.10167963224467247 -0.0091095794785791117 -0.26392839218951503 -0.30384509871843302 0.091129218295152734 -0.36182677761967713 0.0086542734182447848 -0.108176300813314 0.061633460464088158 0.17608611912438735 0.38726643323595289 -0.30912089126855896 0.25089148372404851 0 0 0 0 0 0 0 0 0 0 0 0 0 0 0 0 0 0 0 0 0 0 0 0 0 0 0 0 0 0 0 0 0 0 0 0 0 0 0 0 0 0 -0.72192095166633086 0 0 0 0 0 0 0 0 0 0 0 0 0 0 0 0 0 0 0 0 0 0 0 0 0 0 0 0 0 0 0 0 0 0 0 0 0 0 0 0 0 0 0 0 0 0 0 0 0 0.60639512613588586 0 0 0 0 0 0 0 0 0 0 0 0 0 0 0 0 0 0 0 0 0 0 0 0 0 0 0 0 0 0 0 0 0 0 0 0 0 0 0 0 0 0 0 0 0 0 0 0 0 -0.33333930242895488 0 0 0 0 0 0 0 2 2 1
1.0690449676496976 0.65479004268543972 0.39198555676233815 -0.01274691833824786 0.27748293755247611 -0.04690609527663217 0.3334063171708227 0.17711021429071139 0.22944521066291693 -0.010672788116617671 -0.13274692288503279 -0.026468170410947778 0.24791228659154241 0.37955591302284913 -0.21753650653814668 -0.062713519124106831 0.064922538898870827 0.33977972210291646 0.15049792610508714 -0.014404879822139095 -0.20559601144650783 0.28347496171557085 -0.11836881731948479 0.29152058272864617 0.12313629155675249 -0.15371060748297413 -0.24343596731739839 0.068433295004136863 0.22061305141953058 -0.11180076103483767 0.17944925872410816 0.053871044768270787 -0.013964863952762398 0.11614297749196663 -0.16738715597955958 0.21529388297563934 -0.35402413710460262 -0.10167963224467247 -0.0091095794785791117 -0.26392839218951503 -0.30384509871843302 0.091129218295152734 -0.36182677761967713 0.0086542734182447848 -0.108176300813314 0.061633460464088158 0.17608611912438735 0.38726643323595289 -0.30912089126855896 0.25089148372404851 0 0 0 0 0 0 0 0 0 0 0 0 0 0 0 0 0 0 0 0 0 0 0 0 0 0 0 0 0 0 0 0 0 0 0 0 0 0 0 0 0 0 0 -0.72192095166633086 0 0 0 0 0 0 0 0 0 0 0 0 0 0 0 0 0 0 0 0 0 0 0 0 0 0 0 0 0 0 0 0 0 0 0 0 0 0 0 0 0 0 0 0 0 0 0 0 0 0.60639512613588586 0 0 0 0 0 0 0 0 0 0 0 0 0 0 0 0 0 0 0 0 0 0 0 0 0 0 0 0 0 0 0 0 0 0 0 0 0 0 0 0 0 0 0 0 0 0 0 0 0 -0.33333930242895488 0 0 0 0 0 0 2 2 1
1.0690449676496976 0.65479004268543972 0.39198555676233815 -0.01274691833824786 0.27748293755247611 -0.04690609527663217 0.3334063171708227 0.17711021429071139 0.22944521066291693 -0.010672788116617671 -0.13274692288503279 -0.026468170410947778 0.24791228659154241 0.37955591302284913 -0.21753650653814668 -0.062713519124106831 0.064922538898870827 0.33977972210291646 0.15049792610508714 -0.014404879822139095 -0.20559601144650783 0.28347496171557085 -0.11836881731948479 0.29152058272864617 0.12313629155675249 -0.15371060748297413 -0.24343596731739839 0.068433295004136863 0.22061305141953058 -0.11180076103483767 0.17944925872410816 0.053871044768270787 -0.013964863952762398 0.11614297749196663 -0.16738715597955958 0.21529388297563934 -0.35402413710460262 -0.10167963224467247 -0.0091095794785791117 -0.26392839218951503 -0.30384509871843302 0.091129218295152734 -0.36182677761967713 0.0086542734182447848 -0.108176300813314 0.061633460464088158 0.17608611912438735 0.38726643323595289 -0.30912089126855896 0.25089148372404851 0 0 0 0 0 0 0 0 0 0 0 0 0 0 0 0 0 0 0 0 0 0 0 0 0 0 0 0 0 0 0 0 0 0 0 0 0 0 0 0 0 0 0 0 -0.72192095166633086 0 0 0 0 0 0 0 0 0 0 0 0 0 0 0 0 0 0 0 0 0 0 0 0 0 0 0 0 0 0 0 0 0 0 0 0 0 0 0 0 0 0 0 0 0 0 0 0 0 0.60639512613588586 0 0 0 0 0 0 0 0 0 0 0 0 0 0 0 0 0 0 0 0 0 0 0 0 0 0 0 0 0 0 0 0 0 0 0 0 0 0 0 0 0 0 0 0 0 0 0 0 0 -0.33333930242895488 0 0 0 0 0 2 2 1
1.0690449676496976 0.65479004268543972 0.39198555676233815 -0.01274691833824786 0.27748293755247611 -0.04690609527663217 0.3334063171708227 0.17711021429071139 0.22944521066291693 -0.010672788116617671 -0.13274692288503279 -0.026468170410947778 0.24791228659154241 0.37955591302284913 -0.21753650653814668 -0.062713519124106831 0.064922538898870827 0.33977972210291646 0.15049792610508714 -0.014404879822139095 -0.20559601144650783 0.28347496171557085 -0.11836881731948479 0.29152058272864617 0.12313629155675249 -0.15371060748297413 -0.24343596731739839 0.068433295004136863 0.22061305141953058 -0.11180076103483767 0.17944925872410816 0.053871044768270787 -0.013964863952762398 0.11614297749196663 -0.16738715597955958 0.21529388297563934 -0.35402413710460262 -0.10167963224467247 -0.0091095794785791117 -0.26392839218951503 -0.30384509871843302 0.091129218295152734 -0.36182677761967713 0.0086542734182447848 -0.108176300813314 0.061633460464088158 0.17608611912438735 0.38726643323595289 -0.30912089126855896 0.25089148372404851 0 0 0 0 0 0 0 0 0 0 0 0 0 0 0 0 0 0 0 0 0 0 0 0 0 0 0 0 0 0 0 0 0 0 0 0 0 0 0 0 0 0 0 0 0 -0.72192095166633086 0 0 0 0 0 0 0 0 0 0 0 0 0 0 0 0 0 0 0 0 0 0 0 0 0 0 0 0 0 0 0 0 0 0 0 0 0 0 0 0 0 0 0 0 0 0 0 0 0 0.60639512613588586 0 0 0 0 0 0 0 0 0 0 0 0 0 0 0 0 0 0 0 0 0 0 0 0 0 0 0 0 0 0 0 0 0 0 0 0 0 0 0 0 0 0 0 0 0 0 0 0 0 -0.33333930242895488 0 0 0 0 2 2 1
1.0690449676496976 0.65479004268543972 0.39198555676233815 -0.01274691833824786 0.27748293755247611 -0.04690609527663217 0.3334063171708227 0.17711021429071139 0.22944521066291693 -0.010672788116617671 -0.13274692288503279 -0.026468170410947778 0.24791228659154241 0.37955591302284913 -0.21753650653814668 -0.062713519124106831 0.064922538898870827 0.33977972210291646 0.15049792610508714 -0.014404879822139095 -0.20559601144650783 0.28347496171557085 -0.11836881731948479 0.29152058272864617 0.12313629155675249 -0.15371060748297413 -0.24343596731739839 0.068433295004136863 0.22061305141953058 -0.11180076103483767 0.17944925872410816 0.053871044768270787 -0.013964863952762398 0.11614297749196663 -0.16738715597955958 0.21529388297563934 -0.35402413710460262 -0.10167963224467247 -0.0091095794785791117 -0.26392839218951503 -0.30384509871843302 0.091129218295152734 -0.36182677761967713 0.0086542734182447848 -0.108176300813314 0.061633460464088158 0.17608611912438735 0.38726643323595289 -0.30912089126855896 0.25089148372404851 0 0 0 0 0 0 0 0 0 0 0 0 0 0 0 0 0 0 0 0 0 0 0 0 0 0 0 0 0 0 0 0 0 0 0 0 0 0 0 0 0 0 0 0 0 0 -0.72192095166633086 0 0 0 0 0 0 0 0 0 0 0 0 0 0 0 0 0 0 0 0 0 0 0 0 0 0 0 0 0 0 0 0 0 0 0 0 0 0 0 0 0 0 0 0 0 0 0 0 0 0.60639512613588586 0 0 0 0 0 0 0 0 0 0 0 0 0 0 0 0 0 0 0 0 0 0 0 0 0 0 0 0 0 0 0 0 0 0 0 0 0 0 0 0 0 0 0 0 0 0 0 0 0 -0.33333930242895488 0 0 0 2 2 1
1.0690449676496976 0.65479004268543972 0.39198555676233815 -0.01274691833824786 0.27748293755247611 -0.04690609527663217 0.3334063171708227 0.17711021429071139 0.22944521066291693 -0.010672788116617671 -0.13274692288503279 -0.026468170410947778 0.24791228659154241 0.37955591302284913 -0.21753650653814668 -0.062713519124106831 0.064922538898870827 0.33977972210291646 0.15049792610508714 -0.014404879822139095 -0.20559601144650783 0.28347496171557085 -0.11836881731948479 0.29152058272864617 0.12313629155675249 -0.15371060748297413 -0.24343596731739839 0.068433295004136863 0.22061305141953058 -0.11180076103483767 0.17944925872410816 0.053871044768270787 -0.013964863952762398 0.11614297749196663 -0.16738715597955958 0.21529388297563934 -0.35402413710460262 -0.10167963224467247 -0.0091095794785791117 -0.26392839218951503 -0.30384509871843302 0.091129218295152734 -0.36182677761967713 0.0086542734182447848 -0.108176300813314 0.061633460464088158 0.17608611912438735 0.38726643323595289 -0.30912089126855896 0.25089148372404851 0 0 0 0 0 0 0 0 0 0 0 0 0 0 0 0 0 0 0 0 0 0 0 0 0 0 0 0 0 0 0 0 0 0 0 0 0 0 0 0 0 0 0 0 0 0 0 -0.72192095166633086 0 0 0 0 0 0 0 0 0 0 0 0 0 0 0 0 0 0 0 0 0 0 0 0 0 0 0 0 0 0 0 0 0 0 0 0 0 0 0 0 0 0 0 0 0 0 0 0 0 0.60639512613588586 0 0 0 0 0 0 0 0 0 0 0 0 0 0 0 0 0 0 0 0 0 0 0 0 0 0 0 0 0 0 0 0 0 0 0 0 0 0 0 0 0 0 0 0 0 0 0 0 0 -0.33333930242895488 0 0 2 2 1
1.0690449676496976 0.65479004268543972 0.39198555676233815 -0.01274691833824786 0.27748293755247611 -0.04690609527663217 0.3334063171708227 0.17711021429071139 0.22944521066291693 -0.010672788116617671 -0.13274692288503279 -0.026468170410947778 0.24791228659154241 0.37955591302284913 -0.21753650653814668 -0.062713519124106831 0.064922538898870827 0.33977972210291646 0.15049792610508714 -0.014404879822139095 -0.20559601144650783 0.28347496171557085 -0.11836881731948479 0.29152058272864617 0.12313629155675249 -0.15371060748297413 -0.24343596731739839 0.068433295004136863 0.22061305141953058 -0.11180076103483767 0.17944925872410816 0.053871044768270787 -0.013964863952762398 0.11614297749196663 -0.16738715597955958 0.21529388297563934 -0.35402413710460262 -0.10167963224467247 -0.0091095794785791117 -0.26392839218951503 -0.30384509871843302 0.091129218295152734 -0.36182677761967713 0.0086542734182447848 -0.108176300813314 0.061633460464088158 0.17608611912438735 0.38726643323595289 -0.30912089126855896 0.25089148372404851 0 0 0 0 0 0 0 0 0 0 0 0 0 0 0 0 0 0 0 0 0 0 0 0 0 0 0 0 0 0 0 0 0 0 0 0 0 0 0 0 0 0 0 0 0 0 0 0 -0.72192095166633086 0 0 0 0 0 0 0 0 0 0 0 0 0 0 0 0 0 0 0 0 0 0 0 0 0 0 0 0 0 0 0 0 0 0 0 0 0 0 0 0 0 0 0 0 0 0 0 0 0 0.60639512613588586 0 0 0 0 0 0 0 0 0 0 0 0 0 0 0 0 0 0 0 0 0 0 0 0 0 0 0 0 0 0 0 0 0 0 0 0 0 0 0 0 0 0 0 0 0 0 0 0 0 -0.33333930242895488 0 2 2 1
1.0690449676496976 0.65479004268543972 0.39198555676233815 -0.01274691833824786 0.27748293755247611 -0.04690609527663217 0.3334063171708227 0.17711021429071139 0.22944521066291693 -0.010672788116617671 -0.13274692288503279 -0.026468170410947778 0.24791228659154241 0.37955591302284913 -0.21753650653814668 -0.062713519124106831 0.064922538898870827 0.33977972210291646 0.15049792610508714 -0.014404879822139095 -0.20559601144650783 0.28347496171557085 -0.11836881731948479 0.29152058272864617 0.12313629155675249 -0.15371060748297413 -0.24343596731739839 0.068433295004136863 0.22061305141953058 -0.11180076103483767 0.17944925872410816 0.053871044768270787 -0.013964863952762398 0.11614297749196663 -0.16738715597955958 0.21529388297563934 -0.35402413710460262 -0.10167963224467247 -0.0091095794785791117 -0.26392839218951503 -0.30384509871843302 0.091129218295152734 -0.36182677761967713 0.0086542734182447848 -0.108176300813314 0.061633460464088158 0.17608611912438735 0.38726643323595289 -0.30912089126855896 0.25089148372404851 0 0 0 0 0 0 0 0 0 0 0 0 0 0 0 0 0 0 0 0 0 0 0 0 0 0 0 0 0 0 0 0 0 0 0 0 0 0 0 0 0 0 0 0 0 0 0 0 0 -0.72192095166633086 0 0 0 0 0 0 0 0 0 0 0 0 0 0 0 0 0 0 0 0 0 0 0 0 0 0 0 0 0 0 0 0 0 0 0 0 0 0 0 0 0 0 0 0 0 0 0 0 0 0.60639512613588586 0 0 0 0 0 0 0 0 0 0 0 0 0 0 0 0 0 0 0 0 0 0 0 0 0 0 0 0 0 0 0 0 0 0 0 0 0 0 0 0 0 0 0 0 0 0 0 0 0 -0.33333930242895488 2 2 1
