cycle,time,rk_stage,checkpoint,max_abs,max_scaled,component,gid,z,nonfinite
0,0,1,pre_ko_rhs,6.1859619069521042e-16,6.1859619069521042e-16,9,24,11.75,0
0,0,1,post_rk_state,1.6653345369383188e-16,1.6653345369383188e-16,14,10,-1.25,0
0,0,2,pre_ko_rhs,8.1768633302374275e-16,8.1768633302374275e-16,9,24,11.5,0
0,0,2,post_rk_state,1.2020079566882294e-16,1.2020079566882294e-16,14,10,-1.25,0
0,0,3,pre_ko_rhs,5.5694654844741962e-16,5.5694654844741962e-16,9,0,-15,0
0,0,3,post_rk_state,3.5325230496421323e-16,3.5325230496421323e-16,14,10,-1.25,0
0,0,4,pre_ko_rhs,6.0401245764429674e-16,6.0401245764429674e-16,9,26,13,0
0,0,4,post_rk_state,3.3082376119004886e-17,3.3082376119004886e-17,14,10,-1.25,0
1,0.010825573171132733,1,pre_ko_rhs,2.6167571795659672e-15,2.6167571795659672e-15,9,8,-8,0
1,0.010825573171132733,2,pre_ko_rhs,1.8683447940393724e-15,1.8683447940393724e-15,9,10,-4.875,0
1,0.010825573171132733,3,pre_ko_rhs,2.2608067892357369e-15,2.2608067892357369e-15,9,41,7.375,0
1,0.010825573171132733,4,pre_ko_rhs,1.7925493845546727e-15,1.7925493845546727e-15,9,39,5.5,0
2,0.016217895439318817,1,pre_ko_rhs,2.6467416943197851e-15,2.6467416943197851e-15,9,47,7.75,0
2,0.016217895439318817,2,pre_ko_rhs,1.7460902701170716e-15,1.7460902701170716e-15,9,10,-5.875,0
2,0.016217895439318817,3,pre_ko_rhs,2.2677750699477842e-15,2.2677750699477842e-15,9,8,-7.25,0
2,0.016217895439318817,4,pre_ko_rhs,2.3825849439523951e-15,2.3825849439523951e-15,9,47,7.75,0
3,0.018909301628650666,1,pre_ko_rhs,2.5546138246433722e-15,2.5546138246433722e-15,9,59,7.875,0
3,0.018909301628650666,2,pre_ko_rhs,1.6869691517556719e-15,1.6869691517556719e-15,9,57,5.125,0
3,0.018909301628650666,3,pre_ko_rhs,1.7219313629868076e-15,1.7219313629868076e-15,9,40,0.125,0
3,0.018909301628650666,4,pre_ko_rhs,2.0555864233105816e-15,2.0555864233105816e-15,9,59,7.625,0
4,0.021622451398960841,1,pre_ko_rhs,2.432857662506164e-15,2.432857662506164e-15,9,8,-7.25,0
4,0.021622451398960841,2,pre_ko_rhs,1.6939442039558524e-15,1.6939442039558524e-15,9,8,-7.625,0
4,0.021622451398960841,3,pre_ko_rhs,2.0044324949710954e-15,2.0044324949710954e-15,9,59,7.875,0
4,0.021622451398960841,4,pre_ko_rhs,2.5908121081515281e-15,2.5908121081515281e-15,9,8,-7.5,0
5,0.024331500955341014,1,pre_ko_rhs,2.4378665464420651e-15,2.4378665464420651e-15,9,8,-7.875,0
5,0.024331500955341014,2,pre_ko_rhs,2.1977461401035721e-15,2.1977461401035721e-15,9,59,7,0
5,0.024331500955341014,3,pre_ko_rhs,2.2273347614743248e-15,2.2273347614743248e-15,9,8,-7.875,0
5,0.024331500955341014,4,pre_ko_rhs,2.1861430375598137e-15,2.1861430375598137e-15,9,59,6.625,0
6,0.027036527685726685,1,pre_ko_rhs,1.4944369361063609e-15,1.4944369361063609e-15,9,59,6.125,0
6,0.027036527685726685,2,pre_ko_rhs,1.8283000618544729e-15,1.8283000618544729e-15,9,59,6.625,0
6,0.027036527685726685,3,pre_ko_rhs,2.4522347958603368e-15,2.4522347958603368e-15,9,8,-7.25,0
6,0.027036527685726685,4,pre_ko_rhs,2.3205215984490034e-15,2.3205215984490034e-15,9,59,7.625,0
7,0.029737608153590108,1,pre_ko_rhs,1.8984801038151747e-15,1.8984801038151747e-15,9,57,4.875,0
7,0.029737608153590108,2,pre_ko_rhs,2.1542072169210846e-15,2.1542072169210846e-15,9,59,7,0
7,0.029737608153590108,3,pre_ko_rhs,1.7272321776078056e-15,1.7272321776078056e-15,9,45,4,0
7,0.029737608153590108,4,pre_ko_rhs,2.4591842036847889e-15,2.4591842036847889e-15,9,59,7.875,0
8,0.032434818077705332,1,pre_ko_rhs,1.8837226043349245e-15,1.8837226043349245e-15,9,8,-7.875,0
8,0.032434818077705332,2,pre_ko_rhs,2.1373128677566053e-15,2.1373128677566053e-15,9,10,-5.75,0
8,0.032434818077705332,3,pre_ko_rhs,1.5612601150080675e-15,1.5612601150080675e-15,9,57,6,0
8,0.032434818077705332,4,pre_ko_rhs,2.728320952502535e-15,2.728320952502535e-15,9,8,-7.375,0
9,0.035128232319335796,1,pre_ko_rhs,1.9271286270395459e-15,1.9271286270395459e-15,9,8,-7.75,0
9,0.035128232319335796,2,pre_ko_rhs,2.0166121911944847e-15,2.0166121911944847e-15,9,59,7.125,0
9,0.035128232319335796,3,pre_ko_rhs,2.1512654679159707e-15,2.1512654679159707e-15,9,59,7.625,0
9,0.035128232319335796,4,pre_ko_rhs,2.1578020496226122e-15,2.1578020496226122e-15,9,59,6.625,0
10,0.037817924883957368,1,pre_ko_rhs,2.4104092277955588e-15,2.4104092277955588e-15,9,59,7,0
10,0.037817924883957368,2,pre_ko_rhs,1.973230158043968e-15,1.973230158043968e-15,9,59,7.25,0
10,0.037817924883957368,3,pre_ko_rhs,2.2517195689285454e-15,2.2517195689285454e-15,9,59,7.25,0
10,0.037817924883957368,4,pre_ko_rhs,1.8168793950620307e-15,1.8168793950620307e-15,9,8,-8,0
11,0.04050396894181689,1,pre_ko_rhs,2.8972783853542955e-15,2.8972783853542955e-15,9,8,-7.875,0
11,0.04050396894181689,2,pre_ko_rhs,2.0763240351667792e-15,2.0763240351667792e-15,9,8,-7.625,0
11,0.04050396894181689,3,pre_ko_rhs,2.559345616314849e-15,2.559345616314849e-15,9,59,7.5,0
11,0.04050396894181689,4,pre_ko_rhs,2.6263307285672914e-15,2.6263307285672914e-15,9,8,-6.75,0
12,0.043186436868178267,1,pre_ko_rhs,1.9630445420165711e-15,1.9630445420165711e-15,9,59,8,0
12,0.043186436868178267,2,pre_ko_rhs,2.2297050631197794e-15,2.2297050631197794e-15,9,8,-7.5,0
12,0.043186436868178267,3,pre_ko_rhs,1.8308187876864838e-15,1.8308187876864838e-15,9,8,-7.5,0
12,0.043186436868178267,4,pre_ko_rhs,2.0259345579373817e-15,2.0259345579373817e-15,9,10,-5.625,0
13,0.045865400300575801,1,pre_ko_rhs,2.1080894775631361e-15,2.1080894775631361e-15,9,8,-7.25,0
13,0.045865400300575801,2,pre_ko_rhs,1.8261952347889241e-15,1.8261952347889241e-15,9,8,-7.375,0
13,0.045865400300575801,3,pre_ko_rhs,2.4631851835562407e-15,2.4631851835562407e-15,9,8,-6.625,0
13,0.045865400300575801,4,pre_ko_rhs,2.3273749726605439e-15,2.3273749726605439e-15,9,59,7.625,0
14,0.048540930207309943,1,pre_ko_rhs,2.2579479934893735e-15,2.2579479934893735e-15,9,59,7,0
14,0.048540930207309943,2,pre_ko_rhs,2.5851228886297087e-15,2.5851228886297087e-15,9,59,7.875,0
14,0.048540930207309943,3,pre_ko_rhs,2.027665042936813e-15,2.027665042936813e-15,9,57,5.875,0
14,0.048540930207309943,4,pre_ko_rhs,1.6480798394709088e-15,1.6480798394709088e-15,9,8,-7.125,0
15,0.051213096959221723,1,pre_ko_rhs,2.3161136894073176e-15,2.3161136894073176e-15,9,59,7.5,0
15,0.051213096959221723,2,pre_ko_rhs,2.3468143164030692e-15,2.3468143164030692e-15,9,8,-7.375,0
15,0.051213096959221723,3,pre_ko_rhs,2.1269683090604073e-15,2.1269683090604073e-15,9,59,7.75,0
15,0.051213096959221723,4,pre_ko_rhs,1.8989702376133843e-15,1.8989702376133843e-15,9,8,-7.75,0
16,0.053881970395754625,1,pre_ko_rhs,2.104726085065739e-15,2.104726085065739e-15,9,59,7.875,0
16,0.053881970395754625,2,pre_ko_rhs,2.6626869665715932e-15,2.6626869665715932e-15,9,59,7.5,0
16,0.053881970395754625,3,pre_ko_rhs,1.7349282431925324e-15,1.7349282431925324e-15,9,59,6.75,0
16,0.053881970395754625,4,pre_ko_rhs,2.4591654133468916e-15,2.4591654133468916e-15,9,59,8,0
17,0.056547619876560762,1,pre_ko_rhs,1.7806174421978243e-15,1.7806174421978243e-15,9,8,-7.125,0
17,0.056547619876560762,2,pre_ko_rhs,2.6955671692278754e-15,2.6955671692278754e-15,9,8,-7.625,0
17,0.056547619876560762,3,pre_ko_rhs,1.8467619681872766e-15,1.8467619681872766e-15,9,59,7.125,0
17,0.056547619876560762,4,pre_ko_rhs,2.8507589878490516e-15,2.8507589878490516e-15,9,8,-8,0
18,0.059210114311351439,1,pre_ko_rhs,2.0260997078001919e-15,2.0260997078001919e-15,9,10,-4.75,0
18,0.059210114311351439,2,pre_ko_rhs,2.2294591101055988e-15,2.2294591101055988e-15,9,8,-8,0
18,0.059210114311351439,3,pre_ko_rhs,1.9098630351509052e-15,1.9098630351509052e-15,9,59,7,0
18,0.059210114311351439,4,pre_ko_rhs,1.8712930164583446e-15,1.8712930164583446e-15,9,59,7.75,0
19,0.061869522163089684,1,pre_ko_rhs,2.5251554520149186e-15,2.5251554520149186e-15,9,8,-7.25,0
19,0.061869522163089684,2,pre_ko_rhs,1.7126990859163017e-15,1.7126990859163017e-15,9,10,-4.625,0
19,0.061869522163089684,3,pre_ko_rhs,2.0053189225012592e-15,2.0053189225012592e-15,9,8,-7.125,0
19,0.061869522163089684,4,pre_ko_rhs,1.6754910924568936e-15,1.6754910924568936e-15,9,59,6.875,0
20,0.06452591142261932,1,pre_ko_rhs,2.0767150001684436e-15,2.0767150001684436e-15,9,59,7.375,0
20,0.06452591142261932,2,pre_ko_rhs,1.8561154326520039e-15,1.8561154326520039e-15,9,8,-8,0
20,0.06452591142261932,3,pre_ko_rhs,1.847141752045267e-15,1.847141752045267e-15,9,59,7.75,0
20,0.06452591142261932,4,pre_ko_rhs,2.3682899715876032e-15,2.3682899715876032e-15,9,8,-7.5,0
21,0.06717934955600946,1,pre_ko_rhs,1.9269178112944093e-15,1.9269178112944093e-15,9,45,2.625,0
21,0.06717934955600946,2,pre_ko_rhs,1.8637582409334631e-15,1.8637582409334631e-15,9,57,4.625,0
21,0.06717934955600946,3,pre_ko_rhs,2.3138594410509037e-15,2.3138594410509037e-15,9,8,-7.5,0
21,0.06717934955600946,4,pre_ko_rhs,2.1797873610727254e-15,2.1797873610727254e-15,9,59,7.125,0
22,0.069829903428856019,1,pre_ko_rhs,1.9297628812862605e-15,1.9297628812862605e-15,9,10,-5.625,0
22,0.069829903428856019,2,pre_ko_rhs,2.0112604747754904e-15,2.0112604747754904e-15,9,8,-6.125,0
22,0.069829903428856019,3,pre_ko_rhs,2.1888986904560507e-15,2.1888986904560507e-15,9,8,-7.625,0
22,0.069829903428856019,4,pre_ko_rhs,1.842069038467441e-15,1.842069038467441e-15,9,59,7.125,0
23,0.072477639214172912,1,pre_ko_rhs,2.800648959475292e-15,2.800648959475292e-15,9,59,7.125,0
23,0.072477639214172912,2,pre_ko_rhs,1.806410943955713e-15,1.806410943955713e-15,9,8,-8,0
23,0.072477639214172912,3,pre_ko_rhs,1.8247278202684706e-15,1.8247278202684706e-15,9,57,4.5,0
23,0.072477639214172912,4,pre_ko_rhs,1.8813720282147321e-15,1.8813720282147321e-15,9,8,-7.25,0
24,0.075122622292073268,1,pre_ko_rhs,2.2344030883306907e-15,2.2344030883306907e-15,9,8,-8,0
24,0.075122622292073268,2,pre_ko_rhs,1.8576383649242219e-15,1.8576383649242219e-15,9,10,-4.875,0
24,0.075122622292073268,3,pre_ko_rhs,2.2781698016987233e-15,2.2781698016987233e-15,9,59,7.25,0
24,0.075122622292073268,4,pre_ko_rhs,1.5466207705291899e-15,1.5466207705291899e-15,9,10,-4.75,0
25,0.077764917150057788,1,pre_ko_rhs,2.7976637688980306e-15,2.7976637688980306e-15,9,8,-7.25,0
25,0.077764917150057788,2,pre_ko_rhs,2.0002608036103266e-15,2.0002608036103266e-15,9,59,6.625,0
25,0.077764917150057788,3,pre_ko_rhs,2.4432291598482257e-15,2.4432291598482257e-15,9,8,-7.875,0
25,0.077764917150057788,4,pre_ko_rhs,2.3942516157755007e-15,2.3942516157755007e-15,9,8,-7.375,0
26,0.080404587292392207,1,pre_ko_rhs,1.7905670507783801e-15,1.7905670507783801e-15,9,10,-5.875,0
26,0.080404587292392207,2,pre_ko_rhs,1.9158782564170022e-15,1.9158782564170022e-15,9,8,-6.25,0
26,0.080404587292392207,3,pre_ko_rhs,1.8108166778261564e-15,1.8108166778261564e-15,9,57,5.125,0
26,0.080404587292392207,4,pre_ko_rhs,1.8404903246724421e-15,1.8404903246724421e-15,9,8,-6.25,0
27,0.08304168007579045,1,pre_ko_rhs,1.8861795072104548e-15,1.8861795072104548e-15,9,59,7.625,0
27,0.08304168007579045,2,pre_ko_rhs,2.3642453767017774e-15,2.3642453767017774e-15,9,59,7.75,0
27,0.08304168007579045,3,pre_ko_rhs,1.7328696975064686e-15,1.7328696975064686e-15,9,18,-0.875,0
27,0.08304168007579045,4,pre_ko_rhs,1.9888045550395526e-15,1.9888045550395526e-15,9,59,8,0
28,0.085676126618683068,1,pre_ko_rhs,2.8994145772367424e-15,2.8994145772367424e-15,9,59,8,0
28,0.085676126618683068,2,pre_ko_rhs,1.833340720324043e-15,1.833340720324043e-15,9,8,-6.25,0
28,0.085676126618683068,3,pre_ko_rhs,2.1766827238887904e-15,2.1766827238887904e-15,9,8,-7.625,0
28,0.085676126618683068,4,pre_ko_rhs,2.3510898272766925e-15,2.3510898272766925e-15,9,59,7.625,0
29,0.088307644990090139,1,pre_ko_rhs,1.951530737573412e-15,1.951530737573412e-15,9,8,-6.75,0
29,0.088307644990090139,2,pre_ko_rhs,1.7889080801617781e-15,1.7889080801617781e-15,9,8,-8,0
29,0.088307644990090139,3,pre_ko_rhs,1.9654941403906687e-15,1.9654941403906687e-15,9,8,-8,0
29,0.088307644990090139,4,pre_ko_rhs,1.8062170944597014e-15,1.8062170944597014e-15,9,18,-1.875,0
30,0.090936298919301634,1,pre_ko_rhs,1.9798578095377253e-15,1.9798578095377253e-15,9,59,7.875,0
30,0.090936298919301634,2,pre_ko_rhs,1.6172117797015047e-15,1.6172117797015047e-15,9,59,8,0
30,0.090936298919301634,3,pre_ko_rhs,2.4062842458014816e-15,2.4062842458014816e-15,9,59,8,0
30,0.090936298919301634,4,pre_ko_rhs,1.8749415484564625e-15,1.8749415484564625e-15,9,8,-7.625,0
31,0.093562151874483343,1,pre_ko_rhs,2.1624196477575096e-15,2.1624196477575096e-15,9,8,-7.625,0
31,0.093562151874483343,2,pre_ko_rhs,1.9895733217270992e-15,1.9895733217270992e-15,9,8,-6.375,0
31,0.093562151874483343,3,pre_ko_rhs,2.2978670406558603e-15,2.2978670406558603e-15,9,8,-7.375,0
31,0.093562151874483343,4,pre_ko_rhs,2.0135838547882228e-15,2.0135838547882228e-15,9,59,8,0
32,0.096185266870757249,1,pre_ko_rhs,1.7579579122407005e-15,1.7579579122407005e-15,9,59,6.25,0
32,0.096185266870757249,2,pre_ko_rhs,2.0124717407214072e-15,2.0124717407214072e-15,9,8,-7,0
32,0.096185266870757249,3,pre_ko_rhs,2.1943496000457523e-15,2.1943496000457523e-15,9,8,-7.875,0
32,0.096185266870757249,4,pre_ko_rhs,2.098055639595366e-15,2.098055639595366e-15,9,59,6.5,0
33,0.098805706282488831,1,pre_ko_rhs,1.9021224446341849e-15,1.9021224446341849e-15,9,8,-7.75,0
33,0.098805706282488831,2,pre_ko_rhs,2.0695640068734016e-15,2.0695640068734016e-15,9,8,-7.25,0
33,0.098805706282488831,3,pre_ko_rhs,2.2692047650072384e-15,2.2692047650072384e-15,9,59,8,0
33,0.098805706282488831,4,pre_ko_rhs,2.1083514039271008e-15,2.1083514039271008e-15,9,8,-7.25,0
34,0.10142353168288884,1,pre_ko_rhs,1.9500450790668839e-15,1.9500450790668839e-15,9,59,6.375,0
34,0.10142353168288884,2,pre_ko_rhs,1.8251357510102601e-15,1.8251357510102601e-15,9,57,5.5,0
34,0.10142353168288884,3,pre_ko_rhs,2.7792459080950389e-15,2.7792459080950389e-15,9,59,7.75,0
34,0.10142353168288884,4,pre_ko_rhs,2.1473583234034139e-15,2.1473583234034139e-15,9,8,-7.625,0
35,0.10403880372821714,1,pre_ko_rhs,1.8886540245797471e-15,1.8886540245797471e-15,9,59,7,0
35,0.10403880372821714,2,pre_ko_rhs,1.7378179514567037e-15,1.7378179514567037e-15,9,59,8,0
35,0.10403880372821714,3,pre_ko_rhs,2.2710106680793308e-15,2.2710106680793308e-15,9,59,7.75,0
35,0.10403880372821714,4,pre_ko_rhs,2.2373483161615944e-15,2.2373483161615944e-15,9,8,-7.75,0
36,0.10665158209663241,1,pre_ko_rhs,2.3981772078845716e-15,2.3981772078845716e-15,9,59,7,0
36,0.10665158209663241,2,pre_ko_rhs,1.9964671769957297e-15,1.9964671769957297e-15,9,8,-7.875,0
36,0.10665158209663241,3,pre_ko_rhs,2.276806711347536e-15,2.276806711347536e-15,9,59,7.625,0
36,0.10665158209663241,4,pre_ko_rhs,1.9729341189238698e-15,1.9729341189238698e-15,9,8,-6.125,0
37,0.10926192548418903,1,pre_ko_rhs,2.2997144680766609e-15,2.2997144680766609e-15,9,59,7.625,0
37,0.10926192548418903,2,pre_ko_rhs,1.9856142931368541e-15,1.9856142931368541e-15,9,59,8,0
37,0.10926192548418903,3,pre_ko_rhs,1.6439274761985443e-15,1.6439274761985443e-15,9,40,2,0
37,0.10926192548418903,4,pre_ko_rhs,1.9276756540875039e-15,1.9276756540875039e-15,9,8,-6.875,0
38,0.1118698916536482,1,pre_ko_rhs,1.6182572002657109e-15,1.6182572002657109e-15,9,59,8,0
38,0.1118698916536482,2,pre_ko_rhs,1.9361579030766544e-15,1.9361579030766544e-15,9,10,-4.625,0
38,0.1118698916536482,3,pre_ko_rhs,2.1472745750312407e-15,2.1472745750312407e-15,9,8,-8,0
38,0.1118698916536482,4,pre_ko_rhs,1.6082015542974855e-15,1.6082015542974855e-15,9,45,3.25,0
39,0.11447553752641207,1,pre_ko_rhs,1.5325520669089097e-15,1.5325520669089097e-15,9,40,1.625,0
39,0.11447553752641207,2,pre_ko_rhs,2.2102487108145523e-15,2.2102487108145523e-15,9,59,6.125,0
39,0.11447553752641207,3,pre_ko_rhs,2.0813749574492057e-15,2.0813749574492057e-15,9,59,7.25,0
39,0.11447553752641207,4,pre_ko_rhs,2.096272312711083e-15,2.096272312711083e-15,9,59,7.875,0
40,0.11707891930446797,1,pre_ko_rhs,2.05048310046423e-15,2.05048310046423e-15,9,8,-6.625,0
40,0.11707891930446797,2,pre_ko_rhs,1.856126542083281e-15,1.856126542083281e-15,9,57,6,0
40,0.11707891930446797,3,pre_ko_rhs,2.4060281336830848e-15,2.4060281336830848e-15,9,8,-6.125,0
40,0.11707891930446797,4,pre_ko_rhs,1.8249743664323775e-15,1.8249743664323775e-15,9,8,-7,0
41,0.11968009260787517,1,pre_ko_rhs,1.8811251892263577e-15,1.8811251892263577e-15,9,59,7.75,0
41,0.11968009260787517,2,pre_ko_rhs,1.5190499554459615e-15,1.5190499554459615e-15,9,8,-7.625,0
41,0.11968009260787517,3,pre_ko_rhs,2.6579808146188817e-15,2.6579808146188817e-15,9,59,7.25,0
41,0.11968009260787517,4,pre_ko_rhs,2.3375799786419839e-15,2.3375799786419839e-15,9,8,-7,0
42,0.12227911261387731,1,pre_ko_rhs,1.9845609863534008e-15,1.9845609863534008e-15,9,8,-7.125,0
42,0.12227911261387731,2,pre_ko_rhs,2.3080527396072167e-15,2.3080527396072167e-15,9,8,-6.625,0
42,0.12227911261387731,3,pre_ko_rhs,1.9478703812933029e-15,1.9478703812933029e-15,9,59,7.5,0
42,0.12227911261387731,4,pre_ko_rhs,2.2631833001530793e-15,2.2631833001530793e-15,9,59,7.375,0
43,0.12487603418578871,1,pre_ko_rhs,1.9111305905839786e-15,1.9111305905839786e-15,9,59,6.5,0
43,0.12487603418578871,2,pre_ko_rhs,1.8114220633994089e-15,1.8114220633994089e-15,9,59,6.125,0
43,0.12487603418578871,3,pre_ko_rhs,1.9229567199891762e-15,1.9229567199891762e-15,9,10,-5.5,0
43,0.12487603418578871,4,pre_ko_rhs,2.4717334991187479e-15,2.4717334991187479e-15,9,8,-7.625,0
44,0.12747091198285568,1,pre_ko_rhs,2.3746933350237283e-15,2.3746933350237283e-15,9,59,7.875,0
44,0.12747091198285568,2,pre_ko_rhs,2.8318857465926923e-15,2.8318857465926923e-15,9,8,-7.25,0
44,0.12747091198285568,3,pre_ko_rhs,1.6717723504325385e-15,1.6717723504325385e-15,9,59,6.125,0
44,0.12747091198285568,4,pre_ko_rhs,2.0514957299448309e-15,2.0514957299448309e-15,9,8,-7.5,0
45,0.13006380054576819,1,pre_ko_rhs,2.948906211210253e-15,2.948906211210253e-15,9,59,7.875,0
45,0.13006380054576819,2,pre_ko_rhs,1.9872393968954028e-15,1.9872393968954028e-15,9,16,-2.5,0
45,0.13006380054576819,3,pre_ko_rhs,2.2634547109526944e-15,2.2634547109526944e-15,9,8,-6.125,0
45,0.13006380054576819,4,pre_ko_rhs,2.011332738555816e-15,2.011332738555816e-15,9,10,-4.625,0
46,0.13265475435587007,1,pre_ko_rhs,2.0642100789675953e-15,2.0642100789675953e-15,9,59,7.875,0
46,0.13265475435587007,2,pre_ko_rhs,2.2577295545094127e-15,2.2577295545094127e-15,9,59,7.125,0
46,0.13265475435587007,3,pre_ko_rhs,2.48456558320542e-15,2.48456558320542e-15,9,8,-7.25,0
46,0.13265475435587007,4,pre_ko_rhs,1.6378084237711801e-15,1.6378084237711801e-15,9,8,-7,0
47,0.13524382786897679,1,pre_ko_rhs,1.942583991638342e-15,1.942583991638342e-15,9,8,-7.375,0
47,0.13524382786897679,2,pre_ko_rhs,2.4632346044312123e-15,2.4632346044312123e-15,9,8,-7.5,0
47,0.13524382786897679,3,pre_ko_rhs,2.4216416202527697e-15,2.4216416202527697e-15,9,59,7.75,0
47,0.13524382786897679,4,pre_ko_rhs,1.9397215558749256e-15,1.9397215558749256e-15,9,18,0,0
48,0.13783107552680099,1,pre_ko_rhs,2.430771491044242e-15,2.430771491044242e-15,9,59,7.375,0
48,0.13783107552680099,2,pre_ko_rhs,2.2916421730736375e-15,2.2916421730736375e-15,9,8,-7.625,0
48,0.13783107552680099,3,pre_ko_rhs,2.2486942649362406e-15,2.2486942649362406e-15,9,8,-7.25,0
48,0.13783107552680099,4,pre_ko_rhs,2.3616353386676773e-15,2.3616353386676773e-15,9,8,-7.875,0
49,0.14041650449962079,1,pre_ko_rhs,1.564203827883282e-15,1.564203827883282e-15,9,45,3.75,0
49,0.14041650449962079,2,pre_ko_rhs,1.9341744459164994e-15,1.9341744459164994e-15,9,59,7.375,0
49,0.14041650449962079,3,pre_ko_rhs,2.5520967798952089e-15,2.5520967798952089e-15,9,8,-7.625,0
49,0.14041650449962079,4,pre_ko_rhs,2.1845731159752685e-15,2.1845731159752685e-15,9,8,-7.625,0
50,0.14299996783864743,1,pre_ko_rhs,1.8574752682132324e-15,1.8574752682132324e-15,9,8,-6,0
50,0.14299996783864743,2,pre_ko_rhs,2.5658852729617594e-15,2.5658852729617594e-15,9,59,7.5,0
50,0.14299996783864743,3,pre_ko_rhs,2.1234355092136154e-15,2.1234355092136154e-15,9,8,-7.125,0
50,0.14299996783864743,4,pre_ko_rhs,2.2885164860718484e-15,2.2885164860718484e-15,9,59,7,0
51,0.14558151969715985,1,pre_ko_rhs,2.1207234577086269e-15,2.1207234577086269e-15,9,8,-6,0
51,0.14558151969715985,2,pre_ko_rhs,1.8627155951074918e-15,1.8627155951074918e-15,9,59,7.625,0
51,0.14558151969715985,3,pre_ko_rhs,1.9567952473642148e-15,1.9567952473642148e-15,9,57,4.375,0
51,0.14558151969715985,4,pre_ko_rhs,1.8911335458608056e-15,1.8911335458608056e-15,9,59,6.5,0
52,0.1481612140653375,1,pre_ko_rhs,2.8941328325732783e-15,2.8941328325732783e-15,9,8,-7.5,0
52,0.1481612140653375,2,pre_ko_rhs,2.1471953802484043e-15,2.1471953802484043e-15,9,59,7.875,0
52,0.1481612140653375,3,pre_ko_rhs,1.8275659069946665e-15,1.8275659069946665e-15,9,10,-4.375,0
52,0.1481612140653375,4,pre_ko_rhs,2.3277273751528293e-15,2.3277273751528293e-15,9,59,7.625,0
53,0.15073910478125685,1,pre_ko_rhs,2.0796124207323968e-15,2.0796124207323968e-15,9,59,8,0
53,0.15073910478125685,2,pre_ko_rhs,2.5512497854357102e-15,2.5512497854357102e-15,9,8,-7.375,0
53,0.15073910478125685,3,pre_ko_rhs,1.6992965289671555e-15,1.6992965289671555e-15,9,10,-5.875,0
53,0.15073910478125685,4,pre_ko_rhs,2.0764536625906348e-15,2.0764536625906348e-15,9,8,-7.375,0
54,0.15331524551955156,1,pre_ko_rhs,2.0762846246524837e-15,2.0762846246524837e-15,9,8,-7.125,0
54,0.15331524551955156,2,pre_ko_rhs,1.8256064105765638e-15,1.8256064105765638e-15,9,59,7,0
54,0.15331524551955156,3,pre_ko_rhs,1.5547330263688918e-15,1.5547330263688918e-15,9,59,7.25,0
54,0.15331524551955156,4,pre_ko_rhs,1.9177306097987927e-15,1.9177306097987927e-15,9,8,-6.625,0
55,0.15588968976375614,1,pre_ko_rhs,2.0363134913565583e-15,2.0363134913565583e-15,9,8,-7.75,0
55,0.15588968976375614,2,pre_ko_rhs,2.0234875694459914e-15,2.0234875694459914e-15,9,40,1.625,0
55,0.15588968976375614,3,pre_ko_rhs,1.9513379795111893e-15,1.9513379795111893e-15,9,59,7.25,0
55,0.15588968976375614,4,pre_ko_rhs,2.0788255951061277e-15,2.0788255951061277e-15,9,59,7.5,0
56,0.15846249076900012,1,pre_ko_rhs,2.3873146030650111e-15,2.3873146030650111e-15,9,8,-7.25,0
56,0.15846249076900012,2,pre_ko_rhs,2.5359719853776101e-15,2.5359719853776101e-15,9,59,7.25,0
56,0.15846249076900012,3,pre_ko_rhs,2.1859776114196314e-15,2.1859776114196314e-15,9,59,7.625,0
56,0.15846249076900012,4,pre_ko_rhs,1.9579690857903829e-15,1.9579690857903829e-15,9,59,6.875,0
57,0.16103370152144414,1,pre_ko_rhs,1.7151060396521965e-15,1.7151060396521965e-15,9,16,-2.125,0
57,0.16103370152144414,2,pre_ko_rhs,2.9542093802907209e-15,2.9542093802907209e-15,9,8,-7.25,0
57,0.16103370152144414,3,pre_ko_rhs,1.9060421979943173e-15,1.9060421979943173e-15,9,59,7.625,0
57,0.16103370152144414,4,pre_ko_rhs,2.444386934174575e-15,2.444386934174575e-15,9,8,-7.625,0
58,0.16360337469984587,1,pre_ko_rhs,2.1416321713491277e-15,2.1416321713491277e-15,9,59,8,0
58,0.16360337469984587,2,pre_ko_rhs,2.4122581258046876e-15,2.4122581258046876e-15,9,8,-7.625,0
58,0.16360337469984587,3,pre_ko_rhs,2.3614483008319493e-15,2.3614483008319493e-15,9,8,-7.875,0
58,0.16360337469984587,4,pre_ko_rhs,1.9570548095676487e-15,1.9570548095676487e-15,9,59,7.125,0
59,0.16617156264316751,1,pre_ko_rhs,1.6325894029508753e-15,1.6325894029508753e-15,9,8,-6.375,0
59,0.16617156264316751,2,pre_ko_rhs,2.0296234558668873e-15,2.0296234558668873e-15,9,8,-7.5,0
59,0.16617156264316751,3,pre_ko_rhs,1.7063452215613617e-15,1.7063452215613617e-15,9,10,-5.875,0
59,0.16617156264316751,4,pre_ko_rhs,2.0622331655802334e-15,2.0622331655802334e-15,9,59,7.75,0
60,0.16873831732646369,1,pre_ko_rhs,2.5021747978201049e-15,2.5021747978201049e-15,9,8,-7.125,0
60,0.16873831732646369,2,pre_ko_rhs,1.7851369516478794e-15,1.7851369516478794e-15,9,8,-7.625,0
60,0.16873831732646369,3,pre_ko_rhs,2.2674728035995656e-15,2.2674728035995656e-15,9,8,-7.625,0
60,0.16873831732646369,4,pre_ko_rhs,2.1488433174772112e-15,2.1488433174772112e-15,9,59,7.375,0
61,0.17130359323197927,1,pre_ko_rhs,2.0808593718281699e-15,2.0808593718281699e-15,9,59,7.625,0
61,0.17130359323197927,2,pre_ko_rhs,2.2467175336640869e-15,2.2467175336640869e-15,9,8,-7,0
61,0.17130359323197927,3,pre_ko_rhs,1.9752964083807043e-15,1.9752964083807043e-15,9,8,-7,0
61,0.17130359323197927,4,pre_ko_rhs,1.8663923492461838e-15,1.8663923492461838e-15,9,8,-6.5,0
62,0.17386732458916512,1,pre_ko_rhs,2.1204782078579003e-15,2.1204782078579003e-15,9,57,5.75,0
62,0.17386732458916512,2,pre_ko_rhs,2.0559906235908925e-15,2.0559906235908925e-15,9,59,6.5,0
62,0.17386732458916512,3,pre_ko_rhs,2.1669247812780253e-15,2.1669247812780253e-15,9,8,-7,0
62,0.17386732458916512,4,pre_ko_rhs,2.0131952642166597e-15,2.0131952642166597e-15,9,57,5.875,0
63,0.17642956500112478,1,pre_ko_rhs,2.2273126429090916e-15,2.2273126429090916e-15,9,59,7.5,0
63,0.17642956500112478,2,pre_ko_rhs,2.2103352703156351e-15,2.2103352703156351e-15,9,8,-7.625,0
63,0.17642956500112478,3,pre_ko_rhs,2.3112953368096552e-15,2.3112953368096552e-15,9,59,7.75,0
63,0.17642956500112478,4,pre_ko_rhs,2.0626405531398449e-15,2.0626405531398449e-15,9,8,-8,0
64,0.17899036777817914,1,pre_ko_rhs,1.6319884323180475e-15,1.6319884323180475e-15,9,10,-4,0
64,0.17899036777817914,2,pre_ko_rhs,1.8973937488722417e-15,1.8973937488722417e-15,9,59,6.625,0
64,0.17899036777817914,3,pre_ko_rhs,1.6322529198010529e-15,1.6322529198010529e-15,9,59,7,0
64,0.17899036777817914,4,pre_ko_rhs,1.9968861613583454e-15,1.9968861613583454e-15,9,59,7.75,0
65,0.18154978589672563,1,pre_ko_rhs,2.582524531934096e-15,2.582524531934096e-15,9,8,-7.625,0
65,0.18154978589672563,2,pre_ko_rhs,2.0016649337974882e-15,2.0016649337974882e-15,9,8,-7.5,0
65,0.18154978589672563,3,pre_ko_rhs,2.9438787708230855e-15,2.9438787708230855e-15,9,59,7.75,0
65,0.18154978589672563,4,pre_ko_rhs,1.8504647172874628e-15,1.8504647172874628e-15,9,59,7.875,0
66,0.18410787196499748,1,pre_ko_rhs,1.8187620764406395e-15,1.8187620764406395e-15,9,59,7.375,0
66,0.18410787196499748,2,pre_ko_rhs,1.7548849851279317e-15,1.7548849851279317e-15,9,8,-8,0
66,0.18410787196499748,3,pre_ko_rhs,2.2924336575780418e-15,2.2924336575780418e-15,9,8,-7.125,0
66,0.18410787196499748,4,pre_ko_rhs,2.2635927750228743e-15,2.2635927750228743e-15,9,8,-7.875,0
67,0.18666467819736246,1,pre_ko_rhs,3.0034171181043668e-15,3.0034171181043668e-15,9,59,7.375,0
67,0.18666467819736246,2,pre_ko_rhs,1.9712386468907295e-15,1.9712386468907295e-15,9,8,-7.75,0
67,0.18666467819736246,3,pre_ko_rhs,2.2406013235725407e-15,2.2406013235725407e-15,9,57,4.5,0
67,0.18666467819736246,4,pre_ko_rhs,1.754632612609244e-15,1.754632612609244e-15,9,59,6.875,0
68,0.18922025639744897,1,pre_ko_rhs,1.9551158224647727e-15,1.9551158224647727e-15,9,10,-5.75,0
68,0.18922025639744897,2,pre_ko_rhs,2.2043965074675943e-15,2.2043965074675943e-15,9,8,-7.5,0
68,0.18922025639744897,3,pre_ko_rhs,1.867349516519608e-15,1.867349516519608e-15,9,8,-7.625,0
68,0.18922025639744897,4,pre_ko_rhs,2.0612583747107371e-15,2.0612583747107371e-15,9,59,7.75,0
69,0.1917746579492593,1,pre_ko_rhs,2.2849491708672279e-15,2.2849491708672279e-15,9,59,7.875,0
69,0.1917746579492593,2,pre_ko_rhs,2.5829319708330635e-15,2.5829319708330635e-15,9,8,-7.625,0
69,0.1917746579492593,3,pre_ko_rhs,1.9224283019624243e-15,1.9224283019624243e-15,9,59,7.5,0
69,0.1917746579492593,4,pre_ko_rhs,3.0993288552371482e-15,3.0993288552371482e-15,9,8,-8,0
70,0.1943279338146271,1,pre_ko_rhs,2.5293311528293492e-15,2.5293311528293492e-15,9,8,-8,0
70,0.1943279338146271,2,pre_ko_rhs,2.1851540696353677e-15,2.1851540696353677e-15,9,8,-7.25,0
70,0.1943279338146271,3,pre_ko_rhs,2.2254745684295923e-15,2.2254745684295923e-15,9,59,6.375,0
70,0.1943279338146271,4,pre_ko_rhs,2.8132683582173794e-15,2.8132683582173794e-15,9,8,-7.625,0
71,0.19688013453494027,1,pre_ko_rhs,2.1512245301778927e-15,2.1512245301778927e-15,9,59,8,0
71,0.19688013453494027,2,pre_ko_rhs,2.2471291500440847e-15,2.2471291500440847e-15,9,8,-7.5,0
71,0.19688013453494027,3,pre_ko_rhs,1.8902429621798751e-15,1.8902429621798751e-15,9,8,-7.375,0
71,0.19688013453494027,4,pre_ko_rhs,2.7658710420285443e-15,2.7658710420285443e-15,9,8,-7.25,0
72,0.19943131023497321,1,pre_ko_rhs,2.3474346098171577e-15,2.3474346098171577e-15,9,59,7.875,0
72,0.19943131023497321,2,pre_ko_rhs,2.143957821059528e-15,2.143957821059528e-15,9,8,-7.5,0
72,0.19943131023497321,3,pre_ko_rhs,2.066740403280443e-15,2.066740403280443e-15,9,59,7.875,0
72,0.19943131023497321,4,pre_ko_rhs,1.4391061899263298e-15,1.4391061899263298e-15,9,57,5,0
73,0.20198151062689676,1,pre_ko_rhs,2.4924563863239328e-15,2.4924563863239328e-15,9,59,7.375,0
73,0.20198151062689676,2,pre_ko_rhs,2.4260367408997247e-15,2.4260367408997247e-15,9,8,-7.625,0
73,0.20198151062689676,3,pre_ko_rhs,1.5906703457143283e-15,1.5906703457143283e-15,9,40,1.625,0
73,0.20198151062689676,4,pre_ko_rhs,2.2491488645922714e-15,2.2491488645922714e-15,9,59,7.625,0
74,0.20453078501297889,1,pre_ko_rhs,2.137373729914792e-15,2.137373729914792e-15,9,59,8,0
74,0.20453078501297889,2,pre_ko_rhs,2.3076909081644931e-15,2.3076909081644931e-15,9,57,4.25,0
74,0.20453078501297889,3,pre_ko_rhs,1.7434270945738808e-15,1.7434270945738808e-15,9,57,5.875,0
74,0.20453078501297889,4,pre_ko_rhs,2.0358012197765518e-15,2.0358012197765518e-15,9,59,7.75,0
75,0.20707918228605493,1,pre_ko_rhs,2.3163424328812798e-15,2.3163424328812798e-15,9,59,7.875,0
75,0.20707918228605493,2,pre_ko_rhs,1.8270826128740096e-15,1.8270826128740096e-15,9,8,-7.875,0
75,0.20707918228605493,3,pre_ko_rhs,2.4118229292072004e-15,2.4118229292072004e-15,9,8,-7.375,0
75,0.20707918228605493,4,pre_ko_rhs,1.7303641619268013e-15,1.7303641619268013e-15,9,57,4.75,0
76,0.20962675092743616,1,pre_ko_rhs,1.708842987153851e-15,1.708842987153851e-15,9,59,6.625,0
76,0.20962675092743616,2,pre_ko_rhs,1.979802517009582e-15,1.979802517009582e-15,9,57,4.625,0
76,0.20962675092743616,3,pre_ko_rhs,2.4071854276748495e-15,2.4071854276748495e-15,9,59,7.125,0
76,0.20962675092743616,4,pre_ko_rhs,2.1409556799237084e-15,2.1409556799237084e-15,9,59,7.375,0
77,0.21217353900245792,1,pre_ko_rhs,1.9169816948303254e-15,1.9169816948303254e-15,9,8,-7.125,0
77,0.21217353900245792,2,pre_ko_rhs,2.046424452450571e-15,2.046424452450571e-15,9,16,-3.125,0
77,0.21217353900245792,3,pre_ko_rhs,2.1579083310019455e-15,2.1579083310019455e-15,9,57,4.75,0
77,0.21217353900245792,4,pre_ko_rhs,2.1005860981727571e-15,2.1005860981727571e-15,9,59,7.75,0
78,0.21471956616271851,1,pre_ko_rhs,1.9928946683057329e-15,1.9928946683057329e-15,9,8,-7.25,0
78,0.21471956616271851,2,pre_ko_rhs,1.9130618875247529e-15,1.9130618875247529e-15,9,59,7.625,0
78,0.21471956616271851,3,pre_ko_rhs,2.2177550811910191e-15,2.2177550811910191e-15,9,10,-5.125,0
78,0.21471956616271851,4,pre_ko_rhs,1.9785329667840023e-15,1.9785329667840023e-15,9,59,7.5,0
79,0.21726473590003306,1,pre_ko_rhs,2.0739736492652232e-15,2.0739736492652232e-15,9,8,-7.75,0
79,0.21726473590003306,2,pre_ko_rhs,2.2965968182281404e-15,2.2965968182281404e-15,9,59,7.75,0
79,0.21726473590003306,3,pre_ko_rhs,2.208295785884603e-15,2.208295785884603e-15,9,59,7,0
79,0.21726473590003306,4,pre_ko_rhs,1.6700466344371115e-15,1.6700466344371115e-15,9,59,7.625,0
80,0.21980909645977231,1,pre_ko_rhs,2.1720845035084872e-15,2.1720845035084872e-15,9,59,7.5,0
80,0.21980909645977231,2,pre_ko_rhs,2.0141917719701696e-15,2.0141917719701696e-15,9,59,7.625,0
80,0.21980909645977231,3,pre_ko_rhs,2.0178179793124151e-15,2.0178179793124151e-15,9,59,7.25,0
80,0.21980909645977231,4,pre_ko_rhs,2.0770139399269025e-15,2.0770139399269025e-15,9,8,-6.125,0
81,0.22235269572291944,1,pre_ko_rhs,1.7476778204945497e-15,1.7476778204945497e-15,9,59,8,0
81,0.22235269572291944,2,pre_ko_rhs,2.4572225738618528e-15,2.4572225738618528e-15,9,8,-7.625,0
81,0.22235269572291944,3,pre_ko_rhs,2.303730658686599e-15,2.303730658686599e-15,9,59,8,0
81,0.22235269572291944,4,pre_ko_rhs,1.696521677594862e-15,1.696521677594862e-15,9,59,8,0
82,0.22489558119916497,1,pre_ko_rhs,2.4002309714555949e-15,2.4002309714555949e-15,9,59,7.75,0
82,0.22489558119916497,2,pre_ko_rhs,2.1430648943850084e-15,2.1430648943850084e-15,9,8,-8,0
82,0.22489558119916497,3,pre_ko_rhs,2.0960239424440478e-15,2.0960239424440478e-15,9,59,7.75,0
82,0.22489558119916497,4,pre_ko_rhs,2.0348366959419882e-15,2.0348366959419882e-15,9,59,6.75,0
83,0.22743780001680211,1,pre_ko_rhs,2.121590662739832e-15,2.121590662739832e-15,9,59,8,0
83,0.22743780001680211,2,pre_ko_rhs,2.751063985514508e-15,2.751063985514508e-15,9,8,-8,0
83,0.22743780001680211,3,pre_ko_rhs,2.5818331679493622e-15,2.5818331679493622e-15,9,59,7.75,0
83,0.22743780001680211,4,pre_ko_rhs,1.6196306380340556e-15,1.6196306380340556e-15,9,57,5.875,0
84,0.2299793989106225,1,pre_ko_rhs,2.0289599564615642e-15,2.0289599564615642e-15,9,59,7.625,0
84,0.2299793989106225,2,pre_ko_rhs,2.2754793116243713e-15,2.2754793116243713e-15,9,57,4.375,0
84,0.2299793989106225,3,pre_ko_rhs,1.9827349724174395e-15,1.9827349724174395e-15,9,8,-7.125,0
84,0.2299793989106225,4,pre_ko_rhs,1.9105104041430055e-15,1.9105104041430055e-15,9,59,6.75,0
85,0.2325204242092648,1,pre_ko_rhs,3.1445699401190306e-15,3.1445699401190306e-15,9,59,7.25,0
85,0.2325204242092648,2,pre_ko_rhs,2.5880204876476733e-15,2.5880204876476733e-15,9,8,-7.875,0
85,0.2325204242092648,3,pre_ko_rhs,1.8397756609248933e-15,1.8397756609248933e-15,9,57,5.75,0
85,0.2325204242092648,4,pre_ko_rhs,2.3664024894196464e-15,2.3664024894196464e-15,9,8,-7.75,0
86,0.23506092182353255,1,pre_ko_rhs,2.0667602700234978e-15,2.0667602700234978e-15,9,8,-7.75,0
86,0.23506092182353255,2,pre_ko_rhs,2.0927429782200671e-15,2.0927429782200671e-15,9,59,7.375,0
86,0.23506092182353255,3,pre_ko_rhs,2.0710866128476436e-15,2.0710866128476436e-15,9,59,8,0
86,0.23506092182353255,4,pre_ko_rhs,1.8835875251463352e-15,1.8835875251463352e-15,9,57,5.75,0
87,0.23760093723708561,1,pre_ko_rhs,1.7928257621133579e-15,1.7928257621133579e-15,9,8,-6.375,0
87,0.23760093723708561,2,pre_ko_rhs,2.1666938670723942e-15,2.1666938670723942e-15,9,57,5.625,0
87,0.23760093723708561,3,pre_ko_rhs,2.0155417658407953e-15,2.0155417658407953e-15,9,10,-5.5,0
87,0.23760093723708561,4,pre_ko_rhs,2.5420704101304234e-15,2.5420704101304234e-15,9,59,7.625,0
88,0.2401405155006468,1,pre_ko_rhs,2.5641149410649067e-15,2.5641149410649067e-15,9,8,-7.375,0
88,0.2401405155006468,2,pre_ko_rhs,2.5417334280636578e-15,2.5417334280636578e-15,9,8,-8,0
88,0.2401405155006468,3,pre_ko_rhs,2.1400937018416038e-15,2.1400937018416038e-15,9,8,-7,0
88,0.2401405155006468,4,pre_ko_rhs,1.6583156771909484e-15,1.6583156771909484e-15,9,16,-2.125,0
89,0.24267966472177718,1,pre_ko_rhs,1.8644790116652113e-15,1.8644790116652113e-15,9,10,-5.875,0
89,0.24267966472177718,2,pre_ko_rhs,2.3933498151412556e-15,2.3933498151412556e-15,9,8,-8,0
89,0.24267966472177718,3,pre_ko_rhs,2.3797818052593217e-15,2.3797818052593217e-15,9,59,7.125,0
89,0.24267966472177718,4,pre_ko_rhs,2.1909194577122204e-15,2.1909194577122204e-15,9,59,7.375,0
90,0.24521830663811428,1,pre_ko_rhs,2.1982023233707045e-15,2.1982023233707045e-15,9,59,7.625,0
90,0.24521830663811428,2,pre_ko_rhs,1.8552589381560411e-15,1.8552589381560411e-15,9,10,-4.5,0
90,0.24521830663811428,3,pre_ko_rhs,1.7339847078675484e-15,1.7339847078675484e-15,9,57,4.75,0
90,0.24521830663811428,4,pre_ko_rhs,1.8388364545242628e-15,1.8388364545242628e-15,9,8,-8,0
91,0.24775648701024394,1,pre_ko_rhs,1.999439771375775e-15,1.999439771375775e-15,9,8,-7.75,0
91,0.24775648701024394,2,pre_ko_rhs,2.0348964125465718e-15,2.0348964125465718e-15,9,59,8,0
91,0.24775648701024394,3,pre_ko_rhs,2.121738607452673e-15,2.121738607452673e-15,9,8,-7.25,0
91,0.24775648701024394,4,pre_ko_rhs,2.0949289756733323e-15,2.0949289756733323e-15,9,59,6.75,0
92,0.25029425120372778,1,pre_ko_rhs,1.5645737281217252e-15,1.5645737281217252e-15,9,45,2.5,0
92,0.25029425120372778,2,pre_ko_rhs,2.3081038374932074e-15,2.3081038374932074e-15,9,59,8,0
92,0.25029425120372778,3,pre_ko_rhs,2.0960333917968063e-15,2.0960333917968063e-15,9,59,6.75,0
92,0.25029425120372778,4,pre_ko_rhs,1.512661682974197e-15,1.512661682974197e-15,9,45,2.5,0
93,0.2528316441772841,1,pre_ko_rhs,1.9543852738303447e-15,1.9543852738303447e-15,9,8,-7.375,0
93,0.2528316441772841,2,pre_ko_rhs,1.9370851257232858e-15,1.9370851257232858e-15,9,59,7.625,0
93,0.2528316441772841,3,pre_ko_rhs,2.0145575917837188e-15,2.0145575917837188e-15,9,59,8,0
93,0.2528316441772841,4,pre_ko_rhs,1.8313039630300633e-15,1.8313039630300633e-15,9,8,-8,0
94,0.25536871047365584,1,pre_ko_rhs,2.0196199868459833e-15,2.0196199868459833e-15,9,8,-6.375,0
94,0.25536871047365584,2,pre_ko_rhs,1.940754372039027e-15,1.940754372039027e-15,9,8,-7.375,0
94,0.25536871047365584,3,pre_ko_rhs,1.9257306993918361e-15,1.9257306993918361e-15,9,45,2.375,0
94,0.25536871047365584,4,pre_ko_rhs,1.7080615045106346e-15,1.7080615045106346e-15,9,8,-6.375,0
95,0.25790549421431613,1,pre_ko_rhs,2.3448551039873816e-15,2.3448551039873816e-15,9,59,7.125,0
95,0.25790549421431613,2,pre_ko_rhs,2.1150299682012768e-15,2.1150299682012768e-15,9,59,7.875,0
95,0.25790549421431613,3,pre_ko_rhs,2.3037652829065139e-15,2.3037652829065139e-15,9,8,-8,0
95,0.25790549421431613,4,pre_ko_rhs,2.3077591385173943e-15,2.3077591385173943e-15,9,59,7.75,0
96,0.26044203909876423,1,pre_ko_rhs,2.2884202060633299e-15,2.2884202060633299e-15,9,8,-8,0
96,0.26044203909876423,2,pre_ko_rhs,2.813420139991034e-15,2.813420139991034e-15,9,59,7.25,0
96,0.26044203909876423,3,pre_ko_rhs,1.9673570569328333e-15,1.9673570569328333e-15,9,8,-7.375,0
96,0.26044203909876423,4,pre_ko_rhs,1.9703528370549496e-15,1.9703528370549496e-15,9,10,-5.625,0
97,0.26297838840871113,1,pre_ko_rhs,2.4459613279636295e-15,2.4459613279636295e-15,9,59,7.25,0
97,0.26297838840871113,2,pre_ko_rhs,2.1174754123880353e-15,2.1174754123880353e-15,9,59,7.875,0
97,0.26297838840871113,3,pre_ko_rhs,2.7542711635102069e-15,2.7542711635102069e-15,9,8,-7.5,0
97,0.26297838840871113,4,pre_ko_rhs,2.0825756809279114e-15,2.0825756809279114e-15,9,8,-7.125,0
98,0.26551458501699676,1,pre_ko_rhs,2.8308047217458826e-15,2.8308047217458826e-15,9,59,7.875,0
98,0.26551458501699676,2,pre_ko_rhs,2.5123777194559384e-15,2.5123777194559384e-15,9,59,7.625,0
98,0.26551458501699676,3,pre_ko_rhs,2.0765813582844461e-15,2.0765813582844461e-15,9,8,-8,0
98,0.26551458501699676,4,pre_ko_rhs,1.9413378294510764e-15,1.9413378294510764e-15,9,59,7.5,0
99,0.2680506714006628,1,pre_ko_rhs,2.1506215874724786e-15,2.1506215874724786e-15,9,10,-5.375,0
99,0.2680506714006628,2,pre_ko_rhs,1.5893690702740621e-15,1.5893690702740621e-15,9,10,-5.625,0
99,0.2680506714006628,3,pre_ko_rhs,2.412944650448316e-15,2.412944650448316e-15,9,59,7.875,0
99,0.2680506714006628,4,pre_ko_rhs,2.1275159345942114e-15,2.1275159345942114e-15,9,59,6.5,0
100,0.27058668965726657,1,pre_ko_rhs,2.5057707121376493e-15,2.5057707121376493e-15,9,59,7.875,0
100,0.27058668965726657,2,pre_ko_rhs,2.447122803811533e-15,2.447122803811533e-15,9,8,-7.5,0
100,0.27058668965726657,3,pre_ko_rhs,1.9522133036148652e-15,1.9522133036148652e-15,9,10,-4.25,0
100,0.27058668965726657,4,pre_ko_rhs,2.0904760609589479e-15,2.0904760609589479e-15,9,59,7.5,0
101,0.27312268152328539,1,pre_ko_rhs,2.0595272396876208e-15,2.0595272396876208e-15,9,8,-7,0
101,0.27312268152328539,2,pre_ko_rhs,2.1676921866796165e-15,2.1676921866796165e-15,9,59,7.125,0
101,0.27312268152328539,3,pre_ko_rhs,2.3347435021929181e-15,2.3347435021929181e-15,9,59,7.375,0
101,0.27312268152328539,4,pre_ko_rhs,2.0463295347219446e-15,2.0463295347219446e-15,9,59,7.75,0
102,0.27565868839334351,1,pre_ko_rhs,2.6398648103234162e-15,2.6398648103234162e-15,9,59,7.875,0
102,0.27565868839334351,2,pre_ko_rhs,2.4228375877889256e-15,2.4228375877889256e-15,9,59,7.625,0
102,0.27565868839334351,3,pre_ko_rhs,1.9919467350808462e-15,1.9919467350808462e-15,9,8,-7,0
102,0.27565868839334351,4,pre_ko_rhs,1.861382574137789e-15,1.861382574137789e-15,9,59,7.875,0
103,0.27819475133899413,1,pre_ko_rhs,2.2498885052183613e-15,2.2498885052183613e-15,9,59,8,0
103,0.27819475133899413,2,pre_ko_rhs,1.6991287374722172e-15,1.6991287374722172e-15,9,8,-7.125,0
103,0.27819475133899413,3,pre_ko_rhs,2.9115411288521697e-15,2.9115411288521697e-15,9,59,7.25,0
103,0.27819475133899413,4,pre_ko_rhs,2.1548898759567398e-15,2.1548898759567398e-15,9,8,-7.75,0
104,0.28073091112590021,1,pre_ko_rhs,2.1776767450244059e-15,2.1776767450244059e-15,9,8,-7.125,0
104,0.28073091112590021,2,pre_ko_rhs,1.9324014188413812e-15,1.9324014188413812e-15,9,57,6,0
104,0.28073091112590021,3,pre_ko_rhs,2.4636065995746427e-15,2.4636065995746427e-15,9,59,7.375,0
104,0.28073091112590021,4,pre_ko_rhs,2.4465802741938011e-15,2.4465802741938011e-15,9,8,-7,0
105,0.28326720822845664,1,pre_ko_rhs,2.768446244127899e-15,2.768446244127899e-15,9,59,8,0
105,0.28326720822845664,2,pre_ko_rhs,2.1525619158042118e-15,2.1525619158042118e-15,9,8,-7.25,0
105,0.28326720822845664,3,pre_ko_rhs,1.7548172913992407e-15,1.7548172913992407e-15,9,8,-7.75,0
105,0.28326720822845664,4,pre_ko_rhs,2.1203755845114604e-15,2.1203755845114604e-15,9,8,-7.875,0
106,0.28580364927758284,1,pre_ko_rhs,1.5519846860912253e-15,1.5519846860912253e-15,9,8,-7.875,0
106,0.28580364927758284,2,pre_ko_rhs,1.9398686769059983e-15,1.9398686769059983e-15,9,59,7.375,0
106,0.28580364927758284,3,pre_ko_rhs,1.8418475989843035e-15,1.8418475989843035e-15,9,59,7.375,0
106,0.28580364927758284,4,pre_ko_rhs,2.1147361937015188e-15,2.1147361937015188e-15,9,57,5.5,0
107,0.28834016920238603,1,pre_ko_rhs,1.8855465941722611e-15,1.8855465941722611e-15,9,16,-3.75,0
107,0.28834016920238603,2,pre_ko_rhs,2.0792797157882324e-15,2.0792797157882324e-15,9,8,-6.125,0
107,0.28834016920238603,3,pre_ko_rhs,3.0877296077037721e-15,3.0877296077037721e-15,9,59,7.5,0
107,0.28834016920238603,4,pre_ko_rhs,2.3340111881728522e-15,2.3340111881728522e-15,9,59,7.875,0
108,0.29087680916134978,1,pre_ko_rhs,2.0758162684093805e-15,2.0758162684093805e-15,9,8,-7.125,0
108,0.29087680916134978,2,pre_ko_rhs,2.4388804115982829e-15,2.4388804115982829e-15,9,8,-7.375,0
108,0.29087680916134978,3,pre_ko_rhs,2.1538395605434766e-15,2.1538395605434766e-15,9,10,-4.25,0
108,0.29087680916134978,4,pre_ko_rhs,1.9171229681796393e-15,1.9171229681796393e-15,9,57,4.5,0
109,0.29341360999729621,1,pre_ko_rhs,2.1801905318696713e-15,2.1801905318696713e-15,9,8,-7,0
109,0.29341360999729621,2,pre_ko_rhs,2.0355018482913329e-15,2.0355018482913329e-15,9,8,-7.25,0
109,0.29341360999729621,3,pre_ko_rhs,2.5885800792083891e-15,2.5885800792083891e-15,9,8,-7.625,0
109,0.29341360999729621,4,pre_ko_rhs,2.0061357798383307e-15,2.0061357798383307e-15,9,8,-8,0
110,0.29595061224860725,1,pre_ko_rhs,1.7051664178859779e-15,1.7051664178859779e-15,9,59,7,0
110,0.29595061224860725,2,pre_ko_rhs,2.325997909431574e-15,2.325997909431574e-15,9,59,7.5,0
110,0.29595061224860725,3,pre_ko_rhs,1.9895924908449769e-15,1.9895924908449769e-15,9,57,6,0
110,0.29595061224860725,4,pre_ko_rhs,2.0081242176169546e-15,2.0081242176169546e-15,9,8,-7.875,0
111,0.29694287258509261,1,pre_ko_rhs,1.8877793656110747e-15,1.8877793656110747e-15,9,53,6.25,0
111,0.29694287258509261,2,pre_ko_rhs,1.7766957595920495e-15,1.7766957595920495e-15,9,10,-5.75,0
111,0.29694287258509261,3,pre_ko_rhs,2.0701259176169986e-15,2.0701259176169986e-15,9,8,-7.625,0
111,0.29694287258509261,4,pre_ko_rhs,1.9351420169387327e-15,1.9351420169387327e-15,9,8,-7.375,0
112,0.29892739325806333,1,pre_ko_rhs,2.4646458526271169e-15,2.4646458526271169e-15,9,53,7.75,0
112,0.29892739325806333,2,pre_ko_rhs,1.8836562587105613e-15,1.8836562587105613e-15,9,42,3.5,0
112,0.29892739325806333,3,pre_ko_rhs,2.4378335891043642e-15,2.4378335891043642e-15,9,53,7.75,0
112,0.29892739325806333,4,pre_ko_rhs,2.304925099535999e-15,2.304925099535999e-15,9,53,8,0
113,0.30289643460400478,1,pre_ko_rhs,2.0550642617609189e-15,2.0550642617609189e-15,9,51,5.875,0
113,0.30289643460400478,2,pre_ko_rhs,2.1717715299299664e-15,2.1717715299299664e-15,9,8,-7.75,0
113,0.30289643460400478,3,pre_ko_rhs,1.6750627203017233e-15,1.6750627203017233e-15,9,53,6.375,0
113,0.30289643460400478,4,pre_ko_rhs,2.4588450717673066e-15,2.4588450717673066e-15,9,53,8,0
114,0.30798240019565326,1,pre_ko_rhs,2.4122477430885826e-15,2.4122477430885826e-15,9,8,-7,0
114,0.30798240019565326,2,pre_ko_rhs,2.4573687438375785e-15,2.4573687438375785e-15,9,8,-7.625,0
114,0.30798240019565326,3,pre_ko_rhs,1.9305236776300392e-15,1.9305236776300392e-15,9,16,-2.875,0
114,0.30798240019565326,4,pre_ko_rhs,2.4212423780140508e-15,2.4212423780140508e-15,9,8,-7.5,0
115,0.31306956664877289,1,pre_ko_rhs,2.3209583198483167e-15,2.3209583198483167e-15,9,53,7.125,0
115,0.31306956664877289,2,pre_ko_rhs,2.2597405989736523e-15,2.2597405989736523e-15,9,51,5.875,0
115,0.31306956664877289,3,pre_ko_rhs,2.2550562946806252e-15,2.2550562946806252e-15,9,8,-7.75,0
115,0.31306956664877289,4,pre_ko_rhs,1.7508761690309708e-15,1.7508761690309708e-15,9,53,6.375,0
116,0.318158098445813,1,pre_ko_rhs,1.9852618183770105e-15,1.9852618183770105e-15,9,53,7.375,0
116,0.318158098445813,2,pre_ko_rhs,2.5920653847222393e-15,2.5920653847222393e-15,9,53,8,0
116,0.318158098445813,3,pre_ko_rhs,2.0492210922508501e-15,2.0492210922508501e-15,9,10,-5.75,0
116,0.318158098445813,4,pre_ko_rhs,2.4130428811623993e-15,2.4130428811623993e-15,9,53,7.5,0
117,0.323248152339353,1,pre_ko_rhs,1.9141530685681563e-15,1.9141530685681563e-15,9,8,-6.5,0
117,0.323248152339353,2,pre_ko_rhs,1.9556880319397123e-15,1.9556880319397123e-15,9,8,-6.625,0
117,0.323248152339353,3,pre_ko_rhs,2.3797559959737093e-15,2.3797559959737093e-15,9,10,-5.375,0
117,0.323248152339353,4,pre_ko_rhs,2.1942343989435852e-15,2.1942343989435852e-15,9,8,-7.25,0
118,0.32833987893131678,1,pre_ko_rhs,2.0993367764550426e-15,2.0993367764550426e-15,9,53,7.875,0
118,0.32833987893131678,2,pre_ko_rhs,2.4676495785279219e-15,2.4676495785279219e-15,9,8,-7.5,0
118,0.32833987893131678,3,pre_ko_rhs,2.063416123810708e-15,2.063416123810708e-15,9,8,-7.25,0
118,0.32833987893131678,4,pre_ko_rhs,1.8661287428367758e-15,1.8661287428367758e-15,9,8,-7.75,0
119,0.33343342350821342,1,pre_ko_rhs,2.4117928021288886e-15,2.4117928021288886e-15,9,8,-8,0
119,0.33343342350821342,2,pre_ko_rhs,2.1405615100666125e-15,2.1405615100666125e-15,9,8,-8,0
119,0.33343342350821342,3,pre_ko_rhs,2.8776270036629876e-15,2.8776270036629876e-15,9,53,7.375,0
119,0.33343342350821342,4,pre_ko_rhs,2.1852385756628785e-15,2.1852385756628785e-15,9,8,-8,0
120,0.33852892652121336,1,pre_ko_rhs,1.877172996048329e-15,1.877172996048329e-15,9,8,-7.75,0
120,0.33852892652121336,2,pre_ko_rhs,2.5011476977504626e-15,2.5011476977504626e-15,9,53,7.375,0
120,0.33852892652121336,3,pre_ko_rhs,2.1883445225116293e-15,2.1883445225116293e-15,9,8,-7.75,0
120,0.33852892652121336,4,pre_ko_rhs,1.651700973874178e-15,1.651700973874178e-15,9,42,2.625,0
121,0.34362652418897133,1,pre_ko_rhs,1.863951128026696e-15,1.863951128026696e-15,9,8,-6.75,0
121,0.34362652418897133,2,pre_ko_rhs,1.9247979706792483e-15,1.9247979706792483e-15,9,53,7.75,0
121,0.34362652418897133,3,pre_ko_rhs,2.0215601864807618e-15,2.0215601864807618e-15,9,53,7.125,0
121,0.34362652418897133,4,pre_ko_rhs,2.343413673535158e-15,2.343413673535158e-15,9,53,7.375,0
122,0.34872634970961863,1,pre_ko_rhs,2.605929029725214e-15,2.605929029725214e-15,9,53,7.875,0
122,0.34872634970961863,2,pre_ko_rhs,1.9573341664165885e-15,1.9573341664165885e-15,9,8,-6.25,0
122,0.34872634970961863,3,pre_ko_rhs,1.9285107685033874e-15,1.9285107685033874e-15,9,53,7.5,0
122,0.34872634970961863,4,pre_ko_rhs,1.9323414339477632e-15,1.9323414339477632e-15,9,10,-5.75,0
123,0.35382726844003271,1,pre_ko_rhs,1.9311560158517279e-15,1.9311560158517279e-15,9,8,-7,0
123,0.35382726844003271,2,pre_ko_rhs,1.8494574777465829e-15,1.8494574777465829e-15,9,8,-7.75,0
123,0.35382726844003271,3,pre_ko_rhs,2.0256157268661885e-15,2.0256157268661885e-15,9,53,7.125,0
123,0.35382726844003271,4,pre_ko_rhs,1.9706733850867328e-15,1.9706733850867328e-15,9,8,-7.875,0
124,0.35892941519848087,1,pre_ko_rhs,1.9125602136693684e-15,1.9125602136693684e-15,9,51,4.75,0
124,0.35892941519848087,2,pre_ko_rhs,2.5375552006457192e-15,2.5375552006457192e-15,9,8,-7.75,0
124,0.35892941519848087,3,pre_ko_rhs,1.5847214010464739e-15,1.5847214010464739e-15,9,53,7,0
124,0.35892941519848087,4,pre_ko_rhs,1.7618380988642919e-15,1.7618380988642919e-15,9,53,6.25,0
125,0.36403331616895823,1,pre_ko_rhs,2.4865966183702461e-15,2.4865966183702461e-15,9,8,-8,0
125,0.36403331616895823,2,pre_ko_rhs,1.7320653394319989e-15,1.7320653394319989e-15,9,8,-6.375,0
125,0.36403331616895823,3,pre_ko_rhs,2.0998245084082604e-15,2.0998245084082604e-15,9,53,6.625,0
125,0.36403331616895823,4,pre_ko_rhs,2.190407237143495e-15,2.190407237143495e-15,9,8,-7.625,0
126,0.36913962409439538,1,pre_ko_rhs,2.6518071199563769e-15,2.6518071199563769e-15,9,8,-7.375,0
126,0.36913962409439538,2,pre_ko_rhs,1.5385939319969372e-15,1.5385939319969372e-15,9,16,-2.75,0
126,0.36913962409439538,3,pre_ko_rhs,1.9214596575884675e-15,1.9214596575884675e-15,9,8,-6.25,0
126,0.36913962409439538,4,pre_ko_rhs,1.7342908756511718e-15,1.7342908756511718e-15,9,51,5.5,0
127,0.37424910727180105,1,pre_ko_rhs,2.4822115358803134e-15,2.4822115358803134e-15,9,8,-7.625,0
127,0.37424910727180105,2,pre_ko_rhs,2.1022740876338955e-15,2.1022740876338955e-15,9,8,-7.125,0
127,0.37424910727180105,3,pre_ko_rhs,2.2762280883407063e-15,2.2762280883407063e-15,9,53,7.75,0
127,0.37424910727180105,4,pre_ko_rhs,2.5419440468549501e-15,2.5419440468549501e-15,9,53,8,0
128,0.37936263345652455,1,pre_ko_rhs,1.9633233716313276e-15,1.9633233716313276e-15,9,8,-6.375,0
128,0.37936263345652455,2,pre_ko_rhs,2.0540574644595101e-15,2.0540574644595101e-15,9,53,7.25,0
128,0.37936263345652455,3,pre_ko_rhs,2.3133869324970955e-15,2.3133869324970955e-15,9,8,-8,0
128,0.37936263345652455,4,pre_ko_rhs,2.0761262045022769e-15,2.0761262045022769e-15,9,16,-3.625,0
129,0.38448114953398915,1,pre_ko_rhs,2.0372794826464883e-15,2.0372794826464883e-15,9,8,-7.5,0
129,0.38448114953398915,2,pre_ko_rhs,2.3501008997386964e-15,2.3501008997386964e-15,9,8,-7.875,0
129,0.38448114953398915,3,pre_ko_rhs,1.7546591030171563e-15,1.7546591030171563e-15,9,10,-5.5,0
129,0.38448114953398915,4,pre_ko_rhs,2.0760722115497956e-15,2.0760722115497956e-15,9,53,7.375,0
130,0.38960457965451417,1,pre_ko_rhs,1.8725606992235373e-15,1.8725606992235373e-15,9,10,-5.625,0
130,0.38960457965451417,2,pre_ko_rhs,2.154613217122059e-15,2.154613217122059e-15,9,8,-7.875,0
130,0.38960457965451417,3,pre_ko_rhs,1.702203197213165e-15,1.702203197213165e-15,9,10,-4.25,0
130,0.38960457965451417,4,pre_ko_rhs,2.0101811220346747e-15,2.0101811220346747e-15,9,8,-7.375,0
131,0.39473208671862053,1,pre_ko_rhs,2.2022930056877151e-15,2.2022930056877151e-15,9,8,-7.75,0
131,0.39473208671862053,2,pre_ko_rhs,1.4844789412994385e-15,1.4844789412994385e-15,9,18,-1.875,0
131,0.39473208671862053,3,pre_ko_rhs,2.1848222920706915e-15,2.1848222920706915e-15,9,51,5.375,0
131,0.39473208671862053,4,pre_ko_rhs,2.1476207403308335e-15,2.1476207403308335e-15,9,8,-6.25,0
132,0.39986407595782769,1,pre_ko_rhs,1.905320114326956e-15,1.905320114326956e-15,9,51,4.625,0
132,0.39986407595782769,2,pre_ko_rhs,1.9490847859715982e-15,1.9490847859715982e-15,9,53,6.25,0
132,0.39986407595782769,3,pre_ko_rhs,2.2214850332630007e-15,2.2214850332630007e-15,9,8,-7.75,0
132,0.39986407595782769,4,pre_ko_rhs,2.1313904194797234e-15,2.1313904194797234e-15,9,8,-7.875,0
133,0.4050010122139725,1,pre_ko_rhs,1.4816150497090335e-15,1.4816150497090335e-15,9,53,7.25,0
133,0.4050010122139725,2,pre_ko_rhs,2.4973218252070517e-15,2.4973218252070517e-15,9,53,7.25,0
133,0.4050010122139725,3,pre_ko_rhs,2.2171318762951332e-15,2.2171318762951332e-15,9,53,7.875,0
133,0.4050010122139725,4,pre_ko_rhs,1.7417336634161236e-15,1.7417336634161236e-15,9,51,5.875,0
134,0.4101434195610657,1,pre_ko_rhs,2.1588614311392136e-15,2.1588614311392136e-15,9,10,-5.25,0
134,0.4101434195610657,2,pre_ko_rhs,2.6262426176786192e-15,2.6262426176786192e-15,9,53,7.625,0
134,0.4101434195610657,3,pre_ko_rhs,1.9386381479922794e-15,1.9386381479922794e-15,9,51,5.5,0
134,0.4101434195610657,4,pre_ko_rhs,1.7203540886647161e-15,1.7203540886647161e-15,9,53,6.375,0
135,0.41529187823074043,1,pre_ko_rhs,2.2450406959669539e-15,2.2450406959669539e-15,9,8,-8,0
135,0.41529187823074043,2,pre_ko_rhs,2.3109838781608919e-15,2.3109838781608919e-15,9,53,7.875,0
135,0.41529187823074043,3,pre_ko_rhs,2.8918041977883277e-15,2.8918041977883277e-15,9,53,7.375,0
135,0.41529187823074043,4,pre_ko_rhs,1.7860108977786614e-15,1.7860108977786614e-15,9,16,-3.75,0
136,0.42044701894489733,1,pre_ko_rhs,2.046560139155228e-15,2.046560139155228e-15,9,51,5.5,0
136,0.42044701894489733,2,pre_ko_rhs,2.0111860200028629e-15,2.0111860200028629e-15,9,51,6,0
136,0.42044701894489733,3,pre_ko_rhs,1.7750480076563375e-15,1.7750480076563375e-15,9,8,-7.75,0
136,0.42044701894489733,4,pre_ko_rhs,2.2633680439535881e-15,2.2633680439535881e-15,9,8,-7.5,0
137,0.42560951492887467,1,pre_ko_rhs,2.7840352757287503e-15,2.7840352757287503e-15,9,53,7.5,0
137,0.42560951492887467,2,pre_ko_rhs,2.1920656728795574e-15,2.1920656728795574e-15,9,8,-6.625,0
137,0.42560951492887467,3,pre_ko_rhs,1.8005348637860918e-15,1.8005348637860918e-15,9,51,5.875,0
137,0.42560951492887467,4,pre_ko_rhs,2.3808512872339545e-15,2.3808512872339545e-15,9,53,7,0
138,0.43078007201480634,1,pre_ko_rhs,1.8583606960106385e-15,1.8583606960106385e-15,9,10,-4.375,0
138,0.43078007201480634,2,pre_ko_rhs,3.0485732396850094e-15,3.0485732396850094e-15,9,8,-7.5,0
138,0.43078007201480634,3,pre_ko_rhs,2.374546795569334e-15,2.374546795569334e-15,9,53,7.25,0
138,0.43078007201480634,4,pre_ko_rhs,2.5650030653736644e-15,2.5650030653736644e-15,9,8,-7.75,0
139,0.43595941734058868,1,pre_ko_rhs,2.1550279515191676e-15,2.1550279515191676e-15,9,8,-7.875,0
139,0.43595941734058868,2,pre_ko_rhs,2.2272204351498594e-15,2.2272204351498594e-15,9,53,7.75,0
139,0.43595941734058868,3,pre_ko_rhs,2.4488402904027262e-15,2.4488402904027262e-15,9,8,-8,0
139,0.43595941734058868,4,pre_ko_rhs,2.231978948283973e-15,2.231978948283973e-15,9,8,-8,0
140,0.44114706593386865,1,pre_ko_rhs,1.9940166798418872e-15,1.9940166798418872e-15,9,8,-7.625,0
140,0.44114706593386865,2,pre_ko_rhs,1.7319336568448412e-15,1.7319336568448412e-15,9,10,-5.125,0
140,0.44114706593386865,3,pre_ko_rhs,2.2432412966953969e-15,2.2432412966953969e-15,9,51,5.75,0
140,0.44114706593386865,4,pre_ko_rhs,2.2472411436996018e-15,2.2472411436996018e-15,9,53,7.625,0
141,0.4463406486179175,1,pre_ko_rhs,1.8156477370673735e-15,1.8156477370673735e-15,9,53,7,0
141,0.4463406486179175,2,pre_ko_rhs,1.8179551560791047e-15,1.8179551560791047e-15,9,42,4,0
141,0.4463406486179175,3,pre_ko_rhs,1.905102633350751e-15,1.905102633350751e-15,9,53,7.5,0
141,0.4463406486179175,4,pre_ko_rhs,2.233865213511738e-15,2.233865213511738e-15,9,53,7.375,0
142,0.45154064387084181,1,pre_ko_rhs,2.2230577523318392e-15,2.2230577523318392e-15,9,51,4.875,0
142,0.45154064387084181,2,pre_ko_rhs,2.7916123425356029e-15,2.7916123425356029e-15,9,8,-7.375,0
142,0.45154064387084181,3,pre_ko_rhs,1.8378062899051727e-15,1.8378062899051727e-15,9,53,6.125,0
142,0.45154064387084181,4,pre_ko_rhs,2.2086690836438359e-15,2.2086690836438359e-15,9,8,-7,0
143,0.45674757586384324,1,pre_ko_rhs,1.6773836171312996e-15,1.6773836171312996e-15,9,10,-5.125,0
143,0.45674757586384324,2,pre_ko_rhs,1.7987487095476373e-15,1.7987487095476373e-15,9,10,-4.375,0
143,0.45674757586384324,3,pre_ko_rhs,2.3513830992573452e-15,2.3513830992573452e-15,9,53,7.625,0
143,0.45674757586384324,4,pre_ko_rhs,2.3982563627695012e-15,2.3982563627695012e-15,9,53,7.625,0
144,0.46196200827629091,1,pre_ko_rhs,2.4697110146530707e-15,2.4697110146530707e-15,9,53,7.25,0
144,0.46196200827629091,2,pre_ko_rhs,2.0029658569987162e-15,2.0029658569987162e-15,9,8,-7.125,0
144,0.46196200827629091,3,pre_ko_rhs,1.9097220628079372e-15,1.9097220628079372e-15,9,8,-7.25,0
144,0.46196200827629091,4,pre_ko_rhs,2.2201610029788303e-15,2.2201610029788303e-15,9,53,7.625,0
145,0.46718453707090646,1,pre_ko_rhs,1.8791007551950162e-15,1.8791007551950162e-15,9,53,7.375,0
145,0.46718453707090646,2,pre_ko_rhs,1.7954294090870077e-15,1.7954294090870077e-15,9,53,6.5,0
145,0.46718453707090646,3,pre_ko_rhs,2.2753437229216865e-15,2.2753437229216865e-15,9,8,-8,0
145,0.46718453707090646,4,pre_ko_rhs,2.0932439233258902e-15,2.0932439233258902e-15,9,53,6.75,0
146,0.4724157825150877,1,pre_ko_rhs,1.5395604642388938e-15,1.5395604642388938e-15,9,42,3.5,0
146,0.4724157825150877,2,pre_ko_rhs,2.2775499307387967e-15,2.2775499307387967e-15,9,8,-7.625,0
146,0.4724157825150877,3,pre_ko_rhs,2.4404657780306675e-15,2.4404657780306675e-15,9,53,6.5,0
146,0.4724157825150877,4,pre_ko_rhs,2.2116555288145513e-15,2.2116555288145513e-15,9,51,5.375,0
147,0.47765638074713257,1,pre_ko_rhs,2.2969610204029328e-15,2.2969610204029328e-15,9,8,-7.375,0
147,0.47765638074713257,2,pre_ko_rhs,1.8862425209757906e-15,1.8862425209757906e-15,9,42,3.25,0
147,0.47765638074713257,3,pre_ko_rhs,2.155165848187926e-15,2.155165848187926e-15,9,8,-6.875,0
147,0.47765638074713257,4,pre_ko_rhs,1.8626445425855206e-15,1.8626445425855206e-15,9,8,-7.75,0
148,0.48290697518157993,1,pre_ko_rhs,1.8224638985013648e-15,1.8224638985013648e-15,9,53,6.625,0
148,0.48290697518157993,2,pre_ko_rhs,2.254087308985093e-15,2.254087308985093e-15,9,53,7.875,0
148,0.48290697518157993,3,pre_ko_rhs,1.9297275547945127e-15,1.9297275547945127e-15,9,10,-5.25,0
148,0.48290697518157993,4,pre_ko_rhs,2.1246469715172383e-15,2.1246469715172383e-15,9,8,-7,0
149,0.48816623076627941,1,pre_ko_rhs,1.7981162141372552e-15,1.7981162141372552e-15,9,53,7.5,0
149,0.48816623076627941,2,pre_ko_rhs,2.7552962402488169e-15,2.7552962402488169e-15,9,8,-7.875,0
149,0.48816623076627941,3,pre_ko_rhs,1.957271824546689e-15,1.957271824546689e-15,9,51,5.875,0
149,0.48816623076627941,4,pre_ko_rhs,1.609770191571678e-15,1.609770191571678e-15,9,8,-7.875,0
150,0.4934324447785341,1,pre_ko_rhs,2.357578005038933e-15,2.357578005038933e-15,9,10,-5.75,0
150,0.4934324447785341,2,pre_ko_rhs,2.8719740285081138e-15,2.8719740285081138e-15,9,8,-7.375,0
150,0.4934324447785341,3,pre_ko_rhs,2.0729412156955074e-15,2.0729412156955074e-15,9,53,7.5,0
150,0.4934324447785341,4,pre_ko_rhs,1.7622917629665457e-15,1.7622917629665457e-15,9,53,7.625,0
151,0.49870604554210374,1,pre_ko_rhs,2.332225800223616e-15,2.332225800223616e-15,9,53,7.5,0
151,0.49870604554210374,2,pre_ko_rhs,2.0416786090089792e-15,2.0416786090089792e-15,9,8,-7.875,0
151,0.49870604554210374,3,pre_ko_rhs,1.8511955489275702e-15,1.8511955489275702e-15,9,8,-6.875,0
151,0.49870604554210374,4,pre_ko_rhs,2.0638008675620908e-15,2.0638008675620908e-15,9,8,-7.75,0
152,0.50398748367019341,1,pre_ko_rhs,2.1316925252749335e-15,2.1316925252749335e-15,9,8,-6.25,0
152,0.50398748367019341,2,pre_ko_rhs,1.6381693024144197e-15,1.6381693024144197e-15,9,37,0.25,0
152,0.50398748367019341,3,pre_ko_rhs,1.9493092439564035e-15,1.9493092439564035e-15,9,53,8,0
152,0.50398748367019341,4,pre_ko_rhs,2.5285406054746021e-15,2.5285406054746021e-15,9,8,-7.75,0
153,0.50927691308657541,1,pre_ko_rhs,2.3167485475273387e-15,2.3167485475273387e-15,9,8,-7.25,0
153,0.50927691308657541,2,pre_ko_rhs,2.2313330787423685e-15,2.2313330787423685e-15,9,53,8,0
153,0.50927691308657541,3,pre_ko_rhs,1.8278887503562654e-15,1.8278887503562654e-15,9,51,5.125,0
153,0.50927691308657541,4,pre_ko_rhs,2.1334128885727928e-15,2.1334128885727928e-15,9,8,-7.75,0
154,0.51457107012812153,1,pre_ko_rhs,2.377488848256367e-15,2.377488848256367e-15,9,53,7.375,0
154,0.51457107012812153,2,pre_ko_rhs,1.5079303580504365e-15,1.5079303580504365e-15,9,8,-7,0
154,0.51457107012812153,3,pre_ko_rhs,1.8091815625721714e-15,1.8091815625721714e-15,9,53,7.75,0
154,0.51457107012812153,4,pre_ko_rhs,2.5451810141595696e-15,2.5451810141595696e-15,9,8,-7.375,0
155,0.51987003806180709,1,pre_ko_rhs,2.0594772851853379e-15,2.0594772851853379e-15,9,8,-7.625,0
155,0.51987003806180709,2,pre_ko_rhs,2.0855895013187606e-15,2.0855895013187606e-15,9,53,7.75,0
155,0.51987003806180709,3,pre_ko_rhs,2.2521598316229957e-15,2.2521598316229957e-15,9,53,7.25,0
155,0.51987003806180709,4,pre_ko_rhs,2.0320965491486272e-15,2.0320965491486272e-15,9,53,7.125,0
156,0.52517425764491277,1,pre_ko_rhs,1.5953763214916557e-15,1.5953763214916557e-15,9,42,3.625,0
156,0.52517425764491277,2,pre_ko_rhs,2.3061683954403418e-15,2.3061683954403418e-15,9,53,7.125,0
156,0.52517425764491277,3,pre_ko_rhs,1.8738884323260314e-15,1.8738884323260314e-15,9,53,7.625,0
156,0.52517425764491277,4,pre_ko_rhs,1.7515638251306436e-15,1.7515638251306436e-15,9,42,2.875,0
157,0.53048422081768232,1,pre_ko_rhs,2.0977045715782804e-15,2.0977045715782804e-15,9,51,6,0
157,0.53048422081768232,2,pre_ko_rhs,1.7176005021811312e-15,1.7176005021811312e-15,9,8,-6.75,0
157,0.53048422081768232,3,pre_ko_rhs,2.0979851967260262e-15,2.0979851967260262e-15,9,53,6.5,0
157,0.53048422081768232,4,pre_ko_rhs,1.911971806364734e-15,1.911971806364734e-15,9,10,-5.75,0
158,0.53580046151126526,1,pre_ko_rhs,1.7761417908248799e-15,1.7761417908248799e-15,9,51,4.75,0
158,0.53580046151126526,2,pre_ko_rhs,2.3836588789014733e-15,2.3836588789014733e-15,9,53,7.625,0
158,0.53580046151126526,3,pre_ko_rhs,2.7960484627921397e-15,2.7960484627921397e-15,9,53,7.25,0
158,0.53580046151126526,4,pre_ko_rhs,2.2441181551545657e-15,2.2441181551545657e-15,9,8,-7.5,0
159,0.54112354557035047,1,pre_ko_rhs,2.6403021766961503e-15,2.6403021766961503e-15,9,8,-7.5,0
159,0.54112354557035047,2,pre_ko_rhs,1.8432309812093743e-15,1.8432309812093743e-15,9,8,-7.75,0
159,0.54112354557035047,3,pre_ko_rhs,1.8244818235800485e-15,1.8244818235800485e-15,9,53,6.375,0
159,0.54112354557035047,4,pre_ko_rhs,2.4871851680508412e-15,2.4871851680508412e-15,9,53,7,0
160,0.54645406015769715,1,pre_ko_rhs,1.7088205017494566e-15,1.7088205017494566e-15,9,53,7.625,0
160,0.54645406015769715,2,pre_ko_rhs,2.0492002377765851e-15,2.0492002377765851e-15,9,53,6.125,0
160,0.54645406015769715,3,pre_ko_rhs,1.7731194421673656e-15,1.7731194421673656e-15,9,51,5.25,0
160,0.54645406015769715,4,pre_ko_rhs,2.0934711200832223e-15,2.0934711200832223e-15,9,51,6,0
161,0.55179260301743538,1,pre_ko_rhs,2.1303295652838603e-15,2.1303295652838603e-15,9,53,7,0
161,0.55179260301743538,2,pre_ko_rhs,2.4214639552619505e-15,2.4214639552619505e-15,9,53,7.25,0
161,0.55179260301743538,3,pre_ko_rhs,2.2881516383240753e-15,2.2881516383240753e-15,9,8,-7.375,0
161,0.55179260301743538,4,pre_ko_rhs,2.0866435357755028e-15,2.0866435357755028e-15,9,8,-7.375,0
162,0.55624611580581618,1,pre_ko_rhs,2.5369604226182207e-15,2.5369604226182207e-15,9,59,7,0
162,0.55624611580581618,2,pre_ko_rhs,1.986171357528626e-15,1.986171357528626e-15,9,59,7.25,0
162,0.55624611580581618,3,pre_ko_rhs,1.7017179023011766e-15,1.7017179023011766e-15,9,8,-6.875,0
162,0.55624611580581618,4,pre_ko_rhs,2.1860540910391808e-15,2.1860540910391808e-15,9,59,7.75,0
163,0.56159913655493077,1,pre_ko_rhs,1.7728780069777856e-15,1.7728780069777856e-15,9,8,-7.375,0
163,0.56159913655493077,2,pre_ko_rhs,1.9864708833663495e-15,1.9864708833663495e-15,9,59,6.625,0
163,0.56159913655493077,3,pre_ko_rhs,1.9880584158815612e-15,1.9880584158815612e-15,9,10,-5.75,0
163,0.56159913655493077,4,pre_ko_rhs,2.2581202073358783e-15,2.2581202073358783e-15,9,59,8,0
164,0.56695842020326026,1,pre_ko_rhs,2.1360188708929797e-15,2.1360188708929797e-15,9,59,7.625,0
164,0.56695842020326026,2,pre_ko_rhs,1.8460840393902475e-15,1.8460840393902475e-15,9,8,-6.625,0
164,0.56695842020326026,3,pre_ko_rhs,2.5945097894613745e-15,2.5945097894613745e-15,9,8,-7.375,0
164,0.56695842020326026,4,pre_ko_rhs,1.610250831510852e-15,1.610250831510852e-15,9,10,-5.875,0
165,0.57232444037947128,1,pre_ko_rhs,1.8119269266494115e-15,1.8119269266494115e-15,9,57,5.125,0
165,0.57232444037947128,2,pre_ko_rhs,2.881069750658017e-15,2.881069750658017e-15,9,8,-7.375,0
165,0.57232444037947128,3,pre_ko_rhs,2.3987423750282148e-15,2.3987423750282148e-15,9,8,-7.375,0
165,0.57232444037947128,4,pre_ko_rhs,1.8782717911414775e-15,1.8782717911414775e-15,9,10,-5.25,0
166,0.57769768280651534,1,pre_ko_rhs,1.9044768482536003e-15,1.9044768482536003e-15,9,59,7.25,0
166,0.57769768280651534,2,pre_ko_rhs,2.3746191275346283e-15,2.3746191275346283e-15,9,59,6.625,0
166,0.57769768280651534,3,pre_ko_rhs,1.9516421031281269e-15,1.9516421031281269e-15,9,8,-7.125,0
166,0.57769768280651534,4,pre_ko_rhs,2.2859815500752927e-15,2.2859815500752927e-15,9,8,-7.375,0
167,0.58307864209890881,1,pre_ko_rhs,1.9651235450254593e-15,1.9651235450254593e-15,9,57,5.5,0
167,0.58307864209890881,2,pre_ko_rhs,2.2477957602448142e-15,2.2477957602448142e-15,9,59,7.5,0
167,0.58307864209890881,3,pre_ko_rhs,1.8811493919825695e-15,1.8811493919825695e-15,9,45,3.5,0
167,0.58307864209890881,4,pre_ko_rhs,2.6629560972777575e-15,2.6629560972777575e-15,9,59,7.5,0
168,0.58846781869366926,1,pre_ko_rhs,1.9883287575937624e-15,1.9883287575937624e-15,9,59,7.375,0
168,0.58846781869366926,2,pre_ko_rhs,1.8258729902088392e-15,1.8258729902088392e-15,9,10,-4.75,0
168,0.58846781869366926,3,pre_ko_rhs,1.7843472232650058e-15,1.7843472232650058e-15,9,8,-7.375,0
168,0.58846781869366926,4,pre_ko_rhs,1.6414273303623735e-15,1.6414273303623735e-15,9,8,-8,0
169,0.59386571588128856,1,pre_ko_rhs,2.7141769738854938e-15,2.7141769738854938e-15,9,59,7.875,0
169,0.59386571588128856,2,pre_ko_rhs,1.7169993111432583e-15,1.7169993111432583e-15,9,59,6.875,0
169,0.59386571588128856,3,pre_ko_rhs,1.903699746983131e-15,1.903699746983131e-15,9,16,-2.875,0
169,0.59386571588128856,4,pre_ko_rhs,1.9525342285462132e-15,1.9525342285462132e-15,9,59,7.25,0
170,0.59927283690523492,1,pre_ko_rhs,2.9952929373614189e-15,2.9952929373614189e-15,9,8,-7.75,0
170,0.59927283690523492,2,pre_ko_rhs,2.1648804327971396e-15,2.1648804327971396e-15,9,8,-7.875,0
170,0.59927283690523492,3,pre_ko_rhs,2.2892728521429049e-15,2.2892728521429049e-15,9,59,7,0
170,0.59927283690523492,4,pre_ko_rhs,1.7834030503848186e-15,1.7834030503848186e-15,9,10,-5.25,0
171,0.60468488938678,1,pre_ko_rhs,1.9391606942597728e-15,1.9391606942597728e-15,9,59,7.125,0
171,0.60468488938678,2,pre_ko_rhs,3.1999208213632301e-15,3.1999208213632301e-15,9,59,7.25,0
171,0.60468488938678,3,pre_ko_rhs,2.405957938438048e-15,2.405957938438048e-15,9,59,7.5,0
171,0.60468488938678,4,pre_ko_rhs,1.8483603281029507e-15,1.8483603281029507e-15,9,16,-2.75,0
172,0.61010088329229495,1,pre_ko_rhs,1.6930759085032027e-15,1.6930759085032027e-15,9,59,7.5,0
172,0.61010088329229495,2,pre_ko_rhs,1.8050930227776887e-15,1.8050930227776887e-15,9,59,6.125,0
172,0.61010088329229495,3,pre_ko_rhs,1.8104150947502546e-15,1.8104150947502546e-15,9,57,6,0
172,0.61010088329229495,4,pre_ko_rhs,2.6199059317337628e-15,2.6199059317337628e-15,9,8,-7.125,0
173,0.61552165919984125,1,pre_ko_rhs,2.1974610698455693e-15,2.1974610698455693e-15,9,8,-7.5,0
173,0.61552165919984125,2,pre_ko_rhs,1.8912555442489175e-15,1.8912555442489175e-15,9,16,-2.75,0
173,0.61552165919984125,3,pre_ko_rhs,2.0153333670138855e-15,2.0153333670138855e-15,9,8,-6.75,0
173,0.61552165919984125,4,pre_ko_rhs,1.8900020305446974e-15,1.8900020305446974e-15,9,59,8,0
174,0.62094806275584624,1,pre_ko_rhs,2.7388732025962253e-15,2.7388732025962253e-15,9,8,-8,0
174,0.62094806275584624,2,pre_ko_rhs,2.2494630955051072e-15,2.2494630955051072e-15,9,8,-7.375,0
174,0.62094806275584624,3,pre_ko_rhs,2.1134323374254981e-15,2.1134323374254981e-15,9,59,7,0
174,0.62094806275584624,4,pre_ko_rhs,2.8779108380912987e-15,2.8779108380912987e-15,9,59,7.875,0
175,0.62638093706923148,1,pre_ko_rhs,2.4763727697222128e-15,2.4763727697222128e-15,9,59,7.375,0
175,0.62638093706923148,2,pre_ko_rhs,1.9912984446542152e-15,1.9912984446542152e-15,9,8,-8,0
175,0.62638093706923148,3,pre_ko_rhs,2.8002866335870742e-15,2.8002866335870742e-15,9,59,7.875,0
175,0.62638093706923148,4,pre_ko_rhs,2.0796718617383416e-15,2.0796718617383416e-15,9,8,-6,0
176,0.63182111528249119,1,pre_ko_rhs,1.9756605914105189e-15,1.9756605914105189e-15,9,45,3.75,0
176,0.63182111528249119,2,pre_ko_rhs,1.8948073005348231e-15,1.8948073005348231e-15,9,59,8,0
176,0.63182111528249119,3,pre_ko_rhs,1.9824578915957132e-15,1.9824578915957132e-15,9,8,-7.25,0
176,0.63182111528249119,4,pre_ko_rhs,2.0430854710466581e-15,2.0430854710466581e-15,9,8,-7.75,0
177,0.6372678883319518,1,pre_ko_rhs,2.0102051375812634e-15,2.0102051375812634e-15,9,8,-7.5,0
177,0.6372678883319518,2,pre_ko_rhs,1.9213880969060798e-15,1.9213880969060798e-15,9,57,5.75,0
177,0.6372678883319518,3,pre_ko_rhs,2.2093878651186504e-15,2.2093878651186504e-15,9,8,-6.75,0
177,0.6372678883319518,4,pre_ko_rhs,1.8337247949259777e-15,1.8337247949259777e-15,9,16,-3.25,0
178,0.64271764188496716,1,pre_ko_rhs,2.2722644673169752e-15,2.2722644673169752e-15,9,59,7.75,0
178,0.64271764188496716,2,pre_ko_rhs,2.104355972163812e-15,2.104355972163812e-15,9,8,-7.5,0
178,0.64271764188496716,3,pre_ko_rhs,2.2972368944422107e-15,2.2972368944422107e-15,9,59,7.875,0
178,0.64271764188496716,4,pre_ko_rhs,1.6727050412953595e-15,1.6727050412953595e-15,9,59,6.625,0
179,0.64817085590929757,1,pre_ko_rhs,1.6816603456262555e-15,1.6816603456262555e-15,9,10,-5.375,0
179,0.64817085590929757,2,pre_ko_rhs,2.6911202078052657e-15,2.6911202078052657e-15,9,59,7.375,0
179,0.64817085590929757,3,pre_ko_rhs,1.7861342803849425e-15,1.7861342803849425e-15,9,59,6.875,0
179,0.64817085590929757,4,pre_ko_rhs,1.5195515832237486e-15,1.5195515832237486e-15,9,16,-2.625,0
180,0.65362803402170389,1,pre_ko_rhs,1.739811145150698e-15,1.739811145150698e-15,9,8,-6.875,0
180,0.65362803402170389,2,pre_ko_rhs,2.1464223724778652e-15,2.1464223724778652e-15,9,59,6.375,0
180,0.65362803402170389,3,pre_ko_rhs,2.9281206346728604e-15,2.9281206346728604e-15,9,8,-7.375,0
180,0.65362803402170389,4,pre_ko_rhs,2.3621166896956389e-15,2.3621166896956389e-15,9,8,-7.625,0
181,0.65735984556962823,1,pre_ko_rhs,2.6938459847141481e-15,2.6938459847141481e-15,9,8,-8,0
181,0.65735984556962823,2,pre_ko_rhs,1.9598680037968786e-15,1.9598680037968786e-15,9,51,4.375,0
181,0.65735984556962823,3,pre_ko_rhs,2.4086513065660305e-15,2.4086513065660305e-15,9,53,7.75,0
181,0.65735984556962823,4,pre_ko_rhs,2.2070246524281936e-15,2.2070246524281936e-15,9,53,7.25,0
182,0.66282490689592188,1,pre_ko_rhs,1.8872590245304976e-15,1.8872590245304976e-15,9,10,-5.375,0
182,0.66282490689592188,2,pre_ko_rhs,2.0964192641036517e-15,2.0964192641036517e-15,9,53,8,0
182,0.66282490689592188,3,pre_ko_rhs,2.1144855461677301e-15,2.1144855461677301e-15,9,8,-7.5,0
182,0.66282490689592188,4,pre_ko_rhs,1.8753931530065865e-15,1.8753931530065865e-15,9,51,4.75,0
183,0.66829541598768283,1,pre_ko_rhs,1.7050427895015303e-15,1.7050427895015303e-15,9,53,7.625,0
183,0.66829541598768283,2,pre_ko_rhs,1.8572520884330934e-15,1.8572520884330934e-15,9,10,-4.125,0
183,0.66829541598768283,3,pre_ko_rhs,1.7834211640685129e-15,1.7834211640685129e-15,9,8,-7.625,0
183,0.66829541598768283,4,pre_ko_rhs,1.6845902128812573e-15,1.6845902128812573e-15,9,16,-3.875,0
184,0.67377197738357442,1,pre_ko_rhs,2.0437651629343095e-15,2.0437651629343095e-15,9,53,7,0
184,0.67377197738357442,2,pre_ko_rhs,1.6819584655715813e-15,1.6819584655715813e-15,9,53,6.5,0
184,0.67377197738357442,3,pre_ko_rhs,1.8038346038588736e-15,1.8038346038588736e-15,9,53,7.375,0
184,0.67377197738357442,4,pre_ko_rhs,1.8290512773039757e-15,1.8290512773039757e-15,9,8,-7.5,0
185,0.67924930718835841,1,pre_ko_rhs,1.8407120697682629e-15,1.8407120697682629e-15,9,10,-4.625,0
185,0.67924930718835841,2,pre_ko_rhs,1.9079602473875553e-15,1.9079602473875553e-15,9,10,-4.375,0
185,0.67924930718835841,3,pre_ko_rhs,1.6730199346516624e-15,1.6730199346516624e-15,9,16,-3.25,0
185,0.67924930718835841,4,pre_ko_rhs,2.5612112505426521e-15,2.5612112505426521e-15,9,53,7.625,0
186,0.68472501498144112,1,pre_ko_rhs,1.5955691751221783e-15,1.5955691751221783e-15,9,39,4,0
186,0.68472501498144112,2,pre_ko_rhs,1.9061033544017545e-15,1.9061033544017545e-15,9,8,-7.875,0
186,0.68472501498144112,3,pre_ko_rhs,1.816457923111532e-15,1.816457923111532e-15,9,39,3,0
186,0.68472501498144112,4,pre_ko_rhs,1.8096566906310947e-15,1.8096566906310947e-15,9,8,-7.875,0
187,0.69019925636801382,1,pre_ko_rhs,2.3580343833934767e-15,2.3580343833934767e-15,9,53,6.5,0
187,0.69019925636801382,2,pre_ko_rhs,2.1989018580694321e-15,2.1989018580694321e-15,9,53,7.875,0
187,0.69019925636801382,3,pre_ko_rhs,2.5470381937188512e-15,2.5470381937188512e-15,9,8,-7.625,0
187,0.69019925636801382,4,pre_ko_rhs,2.1758631949650294e-15,2.1758631949650294e-15,9,53,7.5,0
188,0.69567219963435489,1,pre_ko_rhs,2.1248994322071922e-15,2.1248994322071922e-15,9,53,7.125,0
188,0.69567219963435489,2,pre_ko_rhs,2.7623387550640362e-15,2.7623387550640362e-15,9,8,-7.25,0
188,0.69567219963435489,3,pre_ko_rhs,1.8543957378640284e-15,1.8543957378640284e-15,9,8,-7.5,0
188,0.69567219963435489,4,pre_ko_rhs,2.2384100394518442e-15,2.2384100394518442e-15,9,10,-5.375,0
189,0.70114402497969919,1,pre_ko_rhs,2.4427087718593381e-15,2.4427087718593381e-15,9,53,7.25,0
189,0.70114402497969919,2,pre_ko_rhs,1.9925052412308997e-15,1.9925052412308997e-15,9,8,-6.875,0
189,0.70114402497969919,3,pre_ko_rhs,2.2842206502115549e-15,2.2842206502115549e-15,9,53,7.25,0
189,0.70114402497969919,4,pre_ko_rhs,2.2851117399750383e-15,2.2851117399750383e-15,9,8,-7.375,0
190,0.70661347874214819,1,pre_ko_rhs,1.799272528389453e-15,1.799272528389453e-15,9,53,7.125,0
190,0.70661347874214819,2,pre_ko_rhs,1.9167497640436567e-15,1.9167497640436567e-15,9,51,5.375,0
190,0.70661347874214819,3,pre_ko_rhs,1.582792089696996e-15,1.582792089696996e-15,9,10,-5.125,0
190,0.70661347874214819,4,pre_ko_rhs,2.2335868645969732e-15,2.2335868645969732e-15,9,8,-7.25,0
191,0.71208077470242781,1,pre_ko_rhs,1.9338841106306697e-15,1.9338841106306697e-15,9,53,6.625,0
191,0.71208077470242781,2,pre_ko_rhs,1.7057560979151103e-15,1.7057560979151103e-15,9,51,4.875,0
191,0.71208077470242781,3,pre_ko_rhs,2.0366896515293655e-15,2.0366896515293655e-15,9,53,7,0
191,0.71208077470242781,4,pre_ko_rhs,2.0856328793684173e-15,2.0856328793684173e-15,9,8,-7.875,0
192,0.71754612591493705,1,pre_ko_rhs,1.7159829355935839e-15,1.7159829355935839e-15,9,53,6.5,0
192,0.71754612591493705,2,pre_ko_rhs,1.9604461552427751e-15,1.9604461552427751e-15,9,53,7.125,0
192,0.71754612591493705,3,pre_ko_rhs,1.8773648756941401e-15,1.8773648756941401e-15,9,53,7.25,0
192,0.71754612591493705,4,pre_ko_rhs,2.3090437665819168e-15,2.3090437665819168e-15,9,53,7.125,0
193,0.7230097177395306,1,pre_ko_rhs,1.9050472174025072e-15,1.9050472174025072e-15,9,8,-7.75,0
193,0.7230097177395306,2,pre_ko_rhs,1.9672080883986658e-15,1.9672080883986658e-15,9,53,7.5,0
193,0.7230097177395306,3,pre_ko_rhs,2.3789782485798912e-15,2.3789782485798912e-15,9,8,-7.5,0
193,0.7230097177395306,4,pre_ko_rhs,2.5621913369958671e-15,2.5621913369958671e-15,9,53,7.5,0
194,0.72847170517833193,1,pre_ko_rhs,1.7078787597817716e-15,1.7078787597817716e-15,9,53,7.75,0
194,0.72847170517833193,2,pre_ko_rhs,1.6709089207310559e-15,1.6709089207310559e-15,9,18,-1.5,0
194,0.72847170517833193,3,pre_ko_rhs,2.0407582220879673e-15,2.0407582220879673e-15,9,10,-5.375,0
194,0.72847170517833193,4,pre_ko_rhs,2.1348705783513925e-15,2.1348705783513925e-15,9,8,-7.25,0
195,0.7339322151859593,1,pre_ko_rhs,2.8094087882547567e-15,2.8094087882547567e-15,9,8,-7.25,0
195,0.7339322151859593,2,pre_ko_rhs,2.0026586890495294e-15,2.0026586890495294e-15,9,8,-7.125,0
195,0.7339322151859593,3,pre_ko_rhs,2.4731787148267022e-15,2.4731787148267022e-15,9,53,7.375,0
195,0.7339322151859593,4,pre_ko_rhs,2.7736910733057008e-15,2.7736910733057008e-15,9,53,8,0
196,0.73939135459790606,1,pre_ko_rhs,1.9698414791357234e-15,1.9698414791357234e-15,9,53,7.75,0
196,0.73939135459790606,2,pre_ko_rhs,2.1079332088180589e-15,2.1079332088180589e-15,9,53,7.25,0
196,0.73939135459790606,3,pre_ko_rhs,2.1046380089823231e-15,2.1046380089823231e-15,9,8,-7,0
196,0.73939135459790606,4,pre_ko_rhs,2.2125147256424287e-15,2.2125147256424287e-15,9,8,-6.875,0
197,0.7448492236514821,1,pre_ko_rhs,1.9226797158327673e-15,1.9226797158327673e-15,9,53,8,0
197,0.7448492236514821,2,pre_ko_rhs,1.7778202584195978e-15,1.7778202584195978e-15,9,8,-7.5,0
197,0.7448492236514821,3,pre_ko_rhs,1.9653986495969688e-15,1.9653986495969688e-15,9,8,-7.875,0
197,0.7448492236514821,4,pre_ko_rhs,2.0592374723642946e-15,2.0592374723642946e-15,9,53,7.5,0
198,0.75030559657990359,1,pre_ko_rhs,1.802998394535044e-15,1.802998394535044e-15,9,8,-7,0
198,0.75030559657990359,2,pre_ko_rhs,3.0421906221846443e-15,3.0421906221846443e-15,9,53,7.625,0
198,0.75030559657990359,3,pre_ko_rhs,2.0991228344951077e-15,2.0991228344951077e-15,9,8,-7.5,0
198,0.75030559657990359,4,pre_ko_rhs,2.1055432819136059e-15,2.1055432819136059e-15,9,8,-6.375,0
199,0.75576043641676816,1,pre_ko_rhs,2.4873107747668364e-15,2.4873107747668364e-15,9,53,7.75,0
199,0.75576043641676816,2,pre_ko_rhs,2.1630772856308092e-15,2.1630772856308092e-15,9,53,8,0
199,0.75576043641676816,3,pre_ko_rhs,2.1031696368289928e-15,2.1031696368289928e-15,9,53,7.625,0
199,0.75576043641676816,4,pre_ko_rhs,2.0639404051392786e-15,2.0639404051392786e-15,9,53,7.25,0
200,0.7612140155486512,1,pre_ko_rhs,2.4026197641356163e-15,2.4026197641356163e-15,9,8,-7.25,0
200,0.7612140155486512,2,pre_ko_rhs,2.5587320837405663e-15,2.5587320837405663e-15,9,8,-7.125,0
200,0.7612140155486512,3,pre_ko_rhs,1.640537727100147e-15,1.640537727100147e-15,9,10,-5.75,0
200,0.7612140155486512,4,pre_ko_rhs,2.0666456128570394e-15,2.0666456128570394e-15,9,8,-7.875,0
201,0.76666641497662924,1,pre_ko_rhs,2.3499341343751188e-15,2.3499341343751188e-15,9,53,7.625,0
201,0.76666641497662924,2,pre_ko_rhs,2.5348481069036986e-15,2.5348481069036986e-15,9,8,-7.25,0
201,0.76666641497662924,3,pre_ko_rhs,1.8282220873634911e-15,1.8282220873634911e-15,9,8,-6.375,0
201,0.76666641497662924,4,pre_ko_rhs,2.1808250126653347e-15,2.1808250126653347e-15,9,8,-6.5,0
202,0.77211746192147268,1,pre_ko_rhs,1.9135005436526677e-15,1.9135005436526677e-15,9,39,2.5,0
202,0.77211746192147268,2,pre_ko_rhs,2.2056560561273784e-15,2.2056560561273784e-15,9,8,-7.75,0
202,0.77211746192147268,3,pre_ko_rhs,2.2898147799550223e-15,2.2898147799550223e-15,9,8,-7.875,0
202,0.77211746192147268,4,pre_ko_rhs,2.2753290246530937e-15,2.2753290246530937e-15,9,53,6.25,0
203,0.77756764426706959,1,pre_ko_rhs,2.1465251472709541e-15,2.1465251472709541e-15,9,53,8,0
203,0.77756764426706959,2,pre_ko_rhs,1.9754180808994849e-15,1.9754180808994849e-15,9,16,-2.875,0
203,0.77756764426706959,3,pre_ko_rhs,2.1438766678672592e-15,2.1438766678672592e-15,9,53,6.625,0
203,0.77756764426706959,4,pre_ko_rhs,1.8614494251522265e-15,1.8614494251522265e-15,9,8,-7.25,0
204,0.78301758533530441,1,pre_ko_rhs,2.2198876821048074e-15,2.2198876821048074e-15,9,53,7.5,0
204,0.78301758533530441,2,pre_ko_rhs,1.822386395040371e-15,1.822386395040371e-15,9,53,7.875,0
204,0.78301758533530441,3,pre_ko_rhs,1.8012417716673922e-15,1.8012417716673922e-15,9,53,7.875,0
204,0.78301758533530441,4,pre_ko_rhs,1.8818499660684309e-15,1.8818499660684309e-15,9,16,-3.875,0
205,0.78846804766228074,1,pre_ko_rhs,1.981433465040686e-15,1.981433465040686e-15,9,51,4.25,0
205,0.78846804766228074,2,pre_ko_rhs,1.9453772710988195e-15,1.9453772710988195e-15,9,8,-6.125,0
205,0.78846804766228074,3,pre_ko_rhs,2.2665189031776558e-15,2.2665189031776558e-15,9,8,-8,0
205,0.78846804766228074,4,pre_ko_rhs,1.6858858809982457e-15,1.6858858809982457e-15,9,51,5.875,0
206,0.79391992838273084,1,pre_ko_rhs,2.2283105074114109e-15,2.2283105074114109e-15,9,53,8,0
206,0.79391992838273084,2,pre_ko_rhs,2.2088852931868698e-15,2.2088852931868698e-15,9,8,-6.375,0
206,0.79391992838273084,3,pre_ko_rhs,2.7739901159483089e-15,2.7739901159483089e-15,9,53,8,0
206,0.79391992838273084,4,pre_ko_rhs,1.6181117296937035e-15,1.6181117296937035e-15,9,39,4,0
207,0.79937384484899865,1,pre_ko_rhs,2.0741559483439835e-15,2.0741559483439835e-15,9,8,-7.375,0
207,0.79937384484899865,2,pre_ko_rhs,1.9783671285401809e-15,1.9783671285401809e-15,9,8,-7.25,0
207,0.79937384484899865,3,pre_ko_rhs,2.209454059936621e-15,2.209454059936621e-15,9,8,-7,0
207,0.79937384484899865,4,pre_ko_rhs,1.791959944455361e-15,1.791959944455361e-15,9,10,-5.375,0
208,0.80483083162838798,1,pre_ko_rhs,2.8256059112408393e-15,2.8256059112408393e-15,9,8,-7.375,0
208,0.80483083162838798,2,pre_ko_rhs,1.9818631352739363e-15,1.9818631352739363e-15,9,8,-7.875,0
208,0.80483083162838798,3,pre_ko_rhs,1.6579585476936449e-15,1.6579585476936449e-15,9,10,-5.25,0
208,0.80483083162838798,4,pre_ko_rhs,1.6460021511768784e-15,1.6460021511768784e-15,9,53,7.125,0
209,0.8102920000207201,1,pre_ko_rhs,2.834491994936778e-15,2.834491994936778e-15,9,53,8,0
209,0.8102920000207201,2,pre_ko_rhs,2.3188339259504771e-15,2.3188339259504771e-15,9,8,-7.25,0
209,0.8102920000207201,3,pre_ko_rhs,2.5285977713573363e-15,2.5285977713573363e-15,9,8,-7,0
209,0.8102920000207201,4,pre_ko_rhs,2.1518150145208676e-15,2.1518150145208676e-15,9,53,6.25,0
210,0.81575851154968015,1,pre_ko_rhs,2.3372802560721459e-15,2.3372802560721459e-15,9,53,7.375,0
210,0.81575851154968015,2,pre_ko_rhs,1.9177660543865359e-15,1.9177660543865359e-15,9,51,5,0
210,0.81575851154968015,3,pre_ko_rhs,1.6809112510417363e-15,1.6809112510417363e-15,9,8,-6.25,0
210,0.81575851154968015,4,pre_ko_rhs,2.9892159673210568e-15,2.9892159673210568e-15,9,53,7.625,0
211,0.82123154880226978,1,pre_ko_rhs,2.0092480547981838e-15,2.0092480547981838e-15,9,8,-7.25,0
211,0.82123154880226978,2,pre_ko_rhs,2.7963770237670842e-15,2.7963770237670842e-15,9,8,-8,0
211,0.82123154880226978,3,pre_ko_rhs,1.8094759590277943e-15,1.8094759590277943e-15,9,53,7,0
211,0.82123154880226978,4,pre_ko_rhs,1.4557870641830768e-15,1.4557870641830768e-15,9,53,6.125,0
212,0.82671228543332398,1,pre_ko_rhs,1.9204013014118255e-15,1.9204013014118255e-15,9,53,6.875,0
212,0.82671228543332398,2,pre_ko_rhs,1.7451436512741495e-15,1.7451436512741495e-15,9,53,7.375,0
212,0.82671228543332398,3,pre_ko_rhs,2.1520839654926781e-15,2.1520839654926781e-15,9,53,7.25,0
212,0.82671228543332398,4,pre_ko_rhs,2.0938463902075479e-15,2.0938463902075479e-15,9,51,5.875,0
213,0.83220185716714712,1,pre_ko_rhs,1.8206597643895754e-15,1.8206597643895754e-15,9,53,7.125,0
213,0.83220185716714712,2,pre_ko_rhs,1.8355794388364099e-15,1.8355794388364099e-15,9,39,2.125,0
213,0.83220185716714712,3,pre_ko_rhs,2.3137967694102535e-15,2.3137967694102535e-15,9,53,6.25,0
213,0.83220185716714712,4,pre_ko_rhs,2.3114391533746197e-15,2.3114391533746197e-15,9,53,6.5,0
214,0.83770133540481739,1,pre_ko_rhs,2.126399188003282e-15,2.126399188003282e-15,9,10,-4,0
214,0.83770133540481739,2,pre_ko_rhs,2.347416170465979e-15,2.347416170465979e-15,9,53,7.125,0
214,0.83770133540481739,3,pre_ko_rhs,2.2458326765530166e-15,2.2458326765530166e-15,9,8,-7.375,0
214,0.83770133540481739,4,pre_ko_rhs,2.4786189713525768e-15,2.4786189713525768e-15,9,53,7.125,0
215,0.84321170473232721,1,pre_ko_rhs,2.2708320301401331e-15,2.2708320301401331e-15,9,53,7,0
215,0.84321170473232721,2,pre_ko_rhs,1.88154017690595e-15,1.88154017690595e-15,9,10,-4.625,0
215,0.84321170473232721,3,pre_ko_rhs,1.7765190396646518e-15,1.7765190396646518e-15,9,8,-6,0
215,0.84321170473232721,4,pre_ko_rhs,1.9453207431957861e-15,1.9453207431957861e-15,9,53,8,0
216,0.84873384527249762,1,pre_ko_rhs,2.2836739914722365e-15,2.2836739914722365e-15,9,53,7.625,0
216,0.84873384527249762,2,pre_ko_rhs,1.6491755185373061e-15,1.6491755185373061e-15,9,18,-1.625,0
216,0.84873384527249762,3,pre_ko_rhs,2.0288549195773442e-15,2.0288549195773442e-15,9,53,7.25,0
216,0.84873384527249762,4,pre_ko_rhs,1.9157284980142438e-15,1.9157284980142438e-15,9,8,-6.625,0
217,0.85426852048052848,1,pre_ko_rhs,2.7902709037546597e-15,2.7902709037546597e-15,9,53,7.375,0
217,0.85426852048052848,2,pre_ko_rhs,2.1389759939024293e-15,2.1389759939024293e-15,9,51,5.875,0
217,0.85426852048052848,3,pre_ko_rhs,2.1637041262694599e-15,2.1637041262694599e-15,9,39,2.875,0
217,0.85426852048052848,4,pre_ko_rhs,2.1352285697606664e-15,2.1352285697606664e-15,9,53,6.875,0
218,0.85981230746903969,1,pre_ko_rhs,2.0820241925363273e-15,2.0820241925363273e-15,9,53,7.5,0
218,0.85981230746903969,2,pre_ko_rhs,1.9886392500889571e-15,1.9886392500889571e-15,9,51,5.25,0
218,0.85981230746903969,3,pre_ko_rhs,2.0265826774891064e-15,2.0265826774891064e-15,9,39,3,0
218,0.85981230746903969,4,pre_ko_rhs,2.1151841382731707e-15,2.1151841382731707e-15,9,53,7.625,0
219,0.86535848936464588,1,pre_ko_rhs,1.7136920531187877e-15,1.7136920531187877e-15,9,8,-7.5,0
219,0.86535848936464588,2,pre_ko_rhs,2.7314454883670669e-15,2.7314454883670669e-15,9,53,7.625,0
219,0.86535848936464588,3,pre_ko_rhs,2.4657816605025384e-15,2.4657816605025384e-15,9,53,7.375,0
219,0.86535848936464588,4,pre_ko_rhs,1.8511105940855238e-15,1.8511105940855238e-15,9,53,7.75,0
220,0.8709073630023576,1,pre_ko_rhs,1.7137487681608662e-15,1.7137487681608662e-15,9,51,4.75,0
220,0.8709073630023576,2,pre_ko_rhs,2.1139855561457667e-15,2.1139855561457667e-15,9,53,8,0
220,0.8709073630023576,3,pre_ko_rhs,2.0708035509164952e-15,2.0708035509164952e-15,9,8,-7.25,0
220,0.8709073630023576,4,pre_ko_rhs,2.0346449621847067e-15,2.0346449621847067e-15,9,53,7.5,0
221,0.8764594998053522,1,pre_ko_rhs,1.8385416656671217e-15,1.8385416656671217e-15,9,37,1,0
221,0.8764594998053522,2,pre_ko_rhs,2.2863483605885211e-15,2.2863483605885211e-15,9,8,-7.25,0
221,0.8764594998053522,3,pre_ko_rhs,1.9719446132840341e-15,1.9719446132840341e-15,9,8,-6.375,0
221,0.8764594998053522,4,pre_ko_rhs,2.3683647016113569e-15,2.3683647016113569e-15,9,53,7,0
222,0.88201576510667612,1,pre_ko_rhs,1.8687814104691676e-15,1.8687814104691676e-15,9,10,-4.125,0
222,0.88201576510667612,2,pre_ko_rhs,2.2056768486948483e-15,2.2056768486948483e-15,9,16,-3.875,0
222,0.88201576510667612,3,pre_ko_rhs,2.298188507081149e-15,2.298188507081149e-15,9,53,8,0
222,0.88201576510667612,4,pre_ko_rhs,2.0821245533697696e-15,2.0821245533697696e-15,9,8,-7.625,0
223,0.88757732351825647,1,pre_ko_rhs,1.7812465239379973e-15,1.7812465239379973e-15,9,16,-2.375,0
223,0.88757732351825647,2,pre_ko_rhs,2.3996329205162726e-15,2.3996329205162726e-15,9,53,7.25,0
223,0.88757732351825647,3,pre_ko_rhs,2.0493375664105826e-15,2.0493375664105826e-15,9,8,-7.75,0
223,0.88757732351825647,4,pre_ko_rhs,2.0198591989687677e-15,2.0198591989687677e-15,9,10,-5.5,0
224,0.89314562971736811,1,pre_ko_rhs,2.0608167691739585e-15,2.0608167691739585e-15,9,53,7.75,0
224,0.89314562971736811,2,pre_ko_rhs,2.1771960495674312e-15,2.1771960495674312e-15,9,53,7.25,0
224,0.89314562971736811,3,pre_ko_rhs,2.1234757022131326e-15,2.1234757022131326e-15,9,53,7.25,0
224,0.89314562971736811,4,pre_ko_rhs,2.1992367111096686e-15,2.1992367111096686e-15,9,53,7.25,0
225,0.89872240501643885,1,pre_ko_rhs,1.8746401023938994e-15,1.8746401023938994e-15,9,18,-1.625,0
225,0.89872240501643885,2,pre_ko_rhs,2.364261507821931e-15,2.364261507821931e-15,9,53,7.5,0
225,0.89872240501643885,3,pre_ko_rhs,2.0196011713463352e-15,2.0196011713463352e-15,9,18,-1.5,0
225,0.89872240501643885,4,pre_ko_rhs,2.406346851456714e-15,2.406346851456714e-15,9,53,7.25,0
226,0.90430949801056792,1,pre_ko_rhs,1.7529603554744656e-15,1.7529603554744656e-15,9,53,7.5,0
226,0.90430949801056792,2,pre_ko_rhs,2.269072998948141e-15,2.269072998948141e-15,9,53,7.5,0
226,0.90430949801056792,3,pre_ko_rhs,1.7249988193325969e-15,1.7249988193325969e-15,9,51,5.75,0
226,0.90430949801056792,4,pre_ko_rhs,2.3559378592293474e-15,2.3559378592293474e-15,9,8,-7.625,0
227,0.90990890390373913,1,pre_ko_rhs,1.8801392613845853e-15,1.8801392613845853e-15,9,53,7.375,0
227,0.90990890390373913,2,pre_ko_rhs,2.0640655471981243e-15,2.0640655471981243e-15,9,8,-7.875,0
227,0.90990890390373913,3,pre_ko_rhs,1.7848342370802714e-15,1.7848342370802714e-15,9,10,-5.875,0
227,0.90990890390373913,4,pre_ko_rhs,2.0854795243076651e-15,2.0854795243076651e-15,9,53,6.5,0
228,0.91552185041436718,1,pre_ko_rhs,2.3805005315809611e-15,2.3805005315809611e-15,9,53,7.75,0
228,0.91552185041436718,2,pre_ko_rhs,1.8301058013346154e-15,1.8301058013346154e-15,9,10,-5.875,0
228,0.91552185041436718,3,pre_ko_rhs,1.9715082286964447e-15,1.9715082286964447e-15,9,53,7.625,0
228,0.91552185041436718,4,pre_ko_rhs,2.3283946936477412e-15,2.3283946936477412e-15,9,53,7.75,0
229,0.92112724030973681,1,pre_ko_rhs,2.2927767356265571e-15,2.2927767356265571e-15,9,8,-7.625,0
229,0.92112724030973681,2,pre_ko_rhs,1.9675019031025546e-15,1.9675019031025546e-15,9,8,-7.125,0
229,0.92112724030973681,3,pre_ko_rhs,2.0784961138093743e-15,2.0784961138093743e-15,9,53,6.625,0
229,0.92112724030973681,4,pre_ko_rhs,2.2179011552849951e-15,2.2179011552849951e-15,9,8,-6.375,0
230,0.9267259376974748,1,pre_ko_rhs,1.7438070244270178e-15,1.7438070244270178e-15,9,10,-4.625,0
230,0.9267259376974748,2,pre_ko_rhs,2.3139757827426443e-15,2.3139757827426443e-15,9,8,-8,0
230,0.9267259376974748,3,pre_ko_rhs,2.3726116726943215e-15,2.3726116726943215e-15,9,53,8,0
230,0.9267259376974748,4,pre_ko_rhs,2.3389279842505099e-15,2.3389279842505099e-15,9,10,-5.5,0
231,0.93231878569869608,1,pre_ko_rhs,2.4695606051063922e-15,2.4695606051063922e-15,9,53,8,0
231,0.93231878569869608,2,pre_ko_rhs,2.234293343579383e-15,2.234293343579383e-15,9,8,-7.625,0
231,0.93231878569869608,3,pre_ko_rhs,1.7496233118594724e-15,1.7496233118594724e-15,9,37,1.625,0
231,0.93231878569869608,4,pre_ko_rhs,1.9929725638456275e-15,1.9929725638456275e-15,9,51,5.625,0
232,0.9379065919566334,1,pre_ko_rhs,1.967880351420422e-15,1.967880351420422e-15,9,10,-4.75,0
232,0.9379065919566334,2,pre_ko_rhs,1.915041153237513e-15,1.915041153237513e-15,9,8,-6.125,0
232,0.9379065919566334,3,pre_ko_rhs,2.0167643776195231e-15,2.0167643776195231e-15,9,10,-5,0
232,0.9379065919566334,4,pre_ko_rhs,2.0426902278817235e-15,2.0426902278817235e-15,9,8,-7.875,0
233,0.94349011769117763,1,pre_ko_rhs,2.0647715342001384e-15,2.0647715342001384e-15,9,53,6.625,0
233,0.94349011769117763,2,pre_ko_rhs,2.3245598984103428e-15,2.3245598984103428e-15,9,8,-7,0
233,0.94349011769117763,3,pre_ko_rhs,1.90892493150571e-15,1.90892493150571e-15,9,53,8,0
233,0.94349011769117763,4,pre_ko_rhs,2.1714264214383089e-15,2.1714264214383089e-15,9,53,7,0
234,0.94907007048495384,1,pre_ko_rhs,2.1887063797703254e-15,2.1887063797703254e-15,9,53,7,0
234,0.94907007048495384,2,pre_ko_rhs,2.0229043419042564e-15,2.0229043419042564e-15,9,8,-6.875,0
234,0.94907007048495384,3,pre_ko_rhs,1.9525264944393262e-15,1.9525264944393262e-15,9,37,0.875,0
234,0.94907007048495384,4,pre_ko_rhs,1.8254395914975365e-15,1.8254395914975365e-15,9,8,-7.625,0
235,0.95464710080540105,1,pre_ko_rhs,1.9055470994513367e-15,1.9055470994513367e-15,9,10,-4.625,0
235,0.95464710080540105,2,pre_ko_rhs,1.9654094934776257e-15,1.9654094934776257e-15,9,53,7.375,0
235,0.95464710080540105,3,pre_ko_rhs,1.7233116587032893e-15,1.7233116587032893e-15,9,16,-2.875,0
235,0.95464710080540105,4,pre_ko_rhs,2.0933334216505512e-15,2.0933334216505512e-15,9,8,-7,0
236,0.96022180210960784,1,pre_ko_rhs,1.9250968000838617e-15,1.9250968000838617e-15,9,8,-6.875,0
236,0.96022180210960784,2,pre_ko_rhs,2.6440279301242946e-15,2.6440279301242946e-15,9,53,7.375,0
236,0.96022180210960784,3,pre_ko_rhs,1.8634236293346861e-15,1.8634236293346861e-15,9,8,-7.125,0
236,0.96022180210960784,4,pre_ko_rhs,2.0671826479197352e-15,2.0671826479197352e-15,9,53,7.125,0
237,0.96579471424579089,1,pre_ko_rhs,2.1790016646279509e-15,2.1790016646279509e-15,9,53,6.875,0
237,0.96579471424579089,2,pre_ko_rhs,2.6668023708535174e-15,2.6668023708535174e-15,9,53,7.625,0
237,0.96579471424579089,3,pre_ko_rhs,1.628685851451449e-15,1.628685851451449e-15,9,53,6.125,0
237,0.96579471424579089,4,pre_ko_rhs,2.6025932879757077e-15,2.6025932879757077e-15,9,8,-7.625,0
238,0.97136598197908697,1,pre_ko_rhs,1.9426608297412684e-15,1.9426608297412684e-15,9,8,-7.875,0
238,0.97136598197908697,2,pre_ko_rhs,2.5400659155601735e-15,2.5400659155601735e-15,9,53,7.75,0
238,0.97136598197908697,3,pre_ko_rhs,1.8593315130627934e-15,1.8593315130627934e-15,9,53,6.5,0
238,0.97136598197908697,4,pre_ko_rhs,2.6259118419699669e-15,2.6259118419699669e-15,9,8,-7.75,0
239,0.97693601798383423,1,pre_ko_rhs,2.8030163969796443e-15,2.8030163969796443e-15,9,8,-7.75,0
239,0.97693601798383423,2,pre_ko_rhs,2.3402222290631022e-15,2.3402222290631022e-15,9,8,-7.625,0
239,0.97693601798383423,3,pre_ko_rhs,2.3040809394808558e-15,2.3040809394808558e-15,9,53,7,0
239,0.97693601798383423,4,pre_ko_rhs,2.2034758368573699e-15,2.2034758368573699e-15,9,8,-7.125,0
240,0.98250528604624465,1,pre_ko_rhs,2.1599230102122439e-15,2.1599230102122439e-15,9,8,-7.75,0
240,0.98250528604624465,2,pre_ko_rhs,1.8399289166073026e-15,1.8399289166073026e-15,9,8,-7.625,0
240,0.98250528604624465,3,pre_ko_rhs,2.275010050542877e-15,2.275010050542877e-15,9,53,7.25,0
240,0.98250528604624465,4,pre_ko_rhs,1.6733849972530825e-15,1.6733849972530825e-15,9,10,-4.75,0
241,0.98807423227394775,1,pre_ko_rhs,1.9284272170372145e-15,1.9284272170372145e-15,9,8,-8,0
241,0.98807423227394775,2,pre_ko_rhs,2.2979899473920717e-15,2.2979899473920717e-15,9,53,7.75,0
241,0.98807423227394775,3,pre_ko_rhs,2.0756986169374625e-15,2.0756986169374625e-15,9,8,-8,0
241,0.98807423227394775,4,pre_ko_rhs,2.129658005842477e-15,2.129658005842477e-15,9,53,7.25,0
242,0.99364329753962144,1,pre_ko_rhs,1.8511817750313721e-15,1.8511817750313721e-15,9,8,-7.5,0
242,0.99364329753962144,2,pre_ko_rhs,2.0641305450067544e-15,2.0641305450067544e-15,9,53,7.5,0
242,0.99364329753962144,3,pre_ko_rhs,1.9400838987203251e-15,1.9400838987203251e-15,9,10,-4.125,0
242,0.99364329753962144,4,pre_ko_rhs,2.5515197743221158e-15,2.5515197743221158e-15,9,8,-7.625,0
243,0.99921293028222158,1,pre_ko_rhs,2.131440181796423e-15,2.131440181796423e-15,9,53,8,0
243,0.99921293028222158,2,pre_ko_rhs,2.7079806989848868e-15,2.7079806989848868e-15,9,53,7.75,0
243,0.99921293028222158,3,pre_ko_rhs,2.1195258991613583e-15,2.1195258991613583e-15,9,8,-7.375,0
243,0.99921293028222158,4,pre_ko_rhs,2.4991306420140214e-15,2.4991306420140214e-15,9,53,6.125,0
244,1.0047835991766536,1,pre_ko_rhs,1.7718662477944353e-15,1.7718662477944353e-15,9,10,-5.875,0
244,1.0047835991766536,2,pre_ko_rhs,2.5280397381610619e-15,2.5280397381610619e-15,9,8,-7.125,0
244,1.0047835991766536,3,pre_ko_rhs,2.0333309137949993e-15,2.0333309137949993e-15,9,51,5.75,0
244,1.0047835991766536,4,pre_ko_rhs,2.278399861286861e-15,2.278399861286861e-15,9,53,7.375,0
245,1.0103558052324506,1,pre_ko_rhs,2.1135273655585261e-15,2.1135273655585261e-15,9,51,5.25,0
245,1.0103558052324506,2,pre_ko_rhs,1.5786154194133973e-15,1.5786154194133973e-15,9,37,1,0
245,1.0103558052324506,3,pre_ko_rhs,2.2176430886884877e-15,2.2176430886884877e-15,9,8,-8,0
245,1.0103558052324506,4,pre_ko_rhs,2.0480756913156294e-15,2.0480756913156294e-15,9,53,7.75,0
246,1.0159300929435739,1,pre_ko_rhs,2.472002188239916e-15,2.472002188239916e-15,9,8,-7.875,0
246,1.0159300929435739,2,pre_ko_rhs,1.9216152781412243e-15,1.9216152781412243e-15,9,10,-5.5,0
246,1.0159300929435739,3,pre_ko_rhs,2.0162794659635713e-15,2.0162794659635713e-15,9,53,7.375,0
246,1.0159300929435739,4,pre_ko_rhs,2.4128209032090517e-15,2.4128209032090517e-15,9,53,7.5,0
247,1.021507060180296,1,pre_ko_rhs,2.1743615771850053e-15,2.1743615771850053e-15,9,53,7.875,0
247,1.021507060180296,2,pre_ko_rhs,2.5626030535754952e-15,2.5626030535754952e-15,9,53,7.75,0
247,1.021507060180296,3,pre_ko_rhs,1.7493077494316368e-15,1.7493077494316368e-15,9,53,6.5,0
247,1.021507060180296,4,pre_ko_rhs,1.8865679385596538e-15,1.8865679385596538e-15,9,8,-6.875,0
248,1.0270873665855655,1,pre_ko_rhs,2.372511384068325e-15,2.372511384068325e-15,9,53,7.75,0
248,1.0270873665855655,2,pre_ko_rhs,2.1553741052924858e-15,2.1553741052924858e-15,9,51,4.875,0
248,1.0270873665855655,3,pre_ko_rhs,1.9778032990867149e-15,1.9778032990867149e-15,9,53,7.5,0
248,1.0270873665855655,4,pre_ko_rhs,2.0073059429964749e-15,2.0073059429964749e-15,9,8,-7.5,0
249,1.032671740307741,1,pre_ko_rhs,2.6727200710521351e-15,2.6727200710521351e-15,9,8,-8,0
249,1.032671740307741,2,pre_ko_rhs,2.4429707302994321e-15,2.4429707302994321e-15,9,53,7.5,0
249,1.032671740307741,3,pre_ko_rhs,1.9783774634973944e-15,1.9783774634973944e-15,9,51,5.875,0
249,1.032671740307741,4,pre_ko_rhs,2.0560744551608123e-15,2.0560744551608123e-15,9,8,-6.625,0
250,1.0382609829651259,1,pre_ko_rhs,2.6867522016578122e-15,2.6867522016578122e-15,9,53,7.375,0
250,1.0382609829651259,2,pre_ko_rhs,2.4939460118183048e-15,2.4939460118183048e-15,9,8,-7.375,0
250,1.0382609829651259,3,pre_ko_rhs,1.9105209491628335e-15,1.9105209491628335e-15,9,8,-7.125,0
250,1.0382609829651259,4,pre_ko_rhs,2.1505198793463752e-15,2.1505198793463752e-15,9,8,-6.25,0
251,1.0438559727921499,1,pre_ko_rhs,2.0601702255630523e-15,2.0601702255630523e-15,9,8,-7.5,0
251,1.0438559727921499,2,pre_ko_rhs,1.9452371771320545e-15,1.9452371771320545e-15,9,53,7.5,0
251,1.0438559727921499,3,pre_ko_rhs,1.9677312210561872e-15,1.9677312210561872e-15,9,10,-5.5,0
251,1.0438559727921499,4,pre_ko_rhs,2.0245141768593553e-15,2.0245141768593553e-15,9,8,-7,0
252,1.0494576659602024,1,pre_ko_rhs,1.9159129242619842e-15,1.9159129242619842e-15,9,53,7.375,0
252,1.0494576659602024,2,pre_ko_rhs,1.9686188770754566e-15,1.9686188770754566e-15,9,8,-6.375,0
252,1.0494576659602024,3,pre_ko_rhs,2.5067750086303385e-15,2.5067750086303385e-15,9,8,-7.875,0
252,1.0494576659602024,4,pre_ko_rhs,1.9756245861630767e-15,1.9756245861630767e-15,9,8,-6.625,0
253,1.0550670960970423,1,pre_ko_rhs,1.941969033658294e-15,1.941969033658294e-15,9,10,-4.625,0
253,1.0550670960970423,2,pre_ko_rhs,2.1318494603973656e-15,2.1318494603973656e-15,9,53,7.375,0
253,1.0550670960970423,3,pre_ko_rhs,1.7861466612522404e-15,1.7861466612522404e-15,9,53,6.125,0
253,1.0550670960970423,4,pre_ko_rhs,2.0076684776446704e-15,2.0076684776446704e-15,9,8,-7.5,0
254,1.0606853720472769,1,pre_ko_rhs,1.8628848863546772e-15,1.8628848863546772e-15,9,53,7.5,0
254,1.0606853720472769,2,pre_ko_rhs,1.7895708840492205e-15,1.7895708840492205e-15,9,53,6.25,0
254,1.0606853720472769,3,pre_ko_rhs,2.2901408885453784e-15,2.2901408885453784e-15,9,8,-7.375,0
254,1.0606853720472769,4,pre_ko_rhs,1.5805641787745943e-15,1.5805641787745943e-15,9,53,7.125,0
255,1.0663136739251553,1,pre_ko_rhs,2.1290817061520935e-15,2.1290817061520935e-15,9,53,7.625,0
255,1.0663136739251553,2,pre_ko_rhs,2.3290063275004727e-15,2.3290063275004727e-15,9,53,8,0
255,1.0663136739251553,3,pre_ko_rhs,2.2736344547860071e-15,2.2736344547860071e-15,9,51,5.75,0
255,1.0663136739251553,4,pre_ko_rhs,1.9737125679308812e-15,1.9737125679308812e-15,9,8,-7.875,0
256,1.0719532475095277,1,pre_ko_rhs,1.9936650997077243e-15,1.9936650997077243e-15,9,53,7.875,0
256,1.0719532475095277,2,pre_ko_rhs,2.4053511084593027e-15,2.4053511084593027e-15,9,53,7,0
256,1.0719532475095277,3,pre_ko_rhs,2.8109035504685665e-15,2.8109035504685665e-15,9,8,-7.875,0
256,1.0719532475095277,4,pre_ko_rhs,2.2619672586417031e-15,2.2619672586417031e-15,9,8,-8,0
257,1.0776053970231345,1,pre_ko_rhs,2.1990950267709563e-15,2.1990950267709563e-15,9,53,7.625,0
257,1.0776053970231345,2,pre_ko_rhs,1.8313816358883314e-15,1.8313816358883314e-15,9,53,7.875,0
257,1.0776053970231345,3,pre_ko_rhs,2.8062403093654694e-15,2.8062403093654694e-15,9,8,-7.5,0
257,1.0776053970231345,4,pre_ko_rhs,1.8358044121654145e-15,1.8358044121654145e-15,9,53,7.875,0
258,1.0832714763276652,1,pre_ko_rhs,2.1805819767511143e-15,2.1805819767511143e-15,9,8,-7.625,0
258,1.0832714763276652,2,pre_ko_rhs,1.9931191540863221e-15,1.9931191540863221e-15,9,16,-2.125,0
258,1.0832714763276652,3,pre_ko_rhs,2.3397643513754721e-15,2.3397643513754721e-15,9,53,7.5,0
258,1.0832714763276652,4,pre_ko_rhs,2.6378205321365361e-15,2.6378205321365361e-15,9,53,7.625,0
259,1.0889528785554148,1,pre_ko_rhs,2.3395185570196473e-15,2.3395185570196473e-15,9,53,7.375,0
259,1.0889528785554148,2,pre_ko_rhs,1.7020007742617807e-15,1.7020007742617807e-15,9,51,5.25,0
259,1.0889528785554148,3,pre_ko_rhs,2.0312393421604131e-15,2.0312393421604131e-15,9,53,6.5,0
259,1.0889528785554148,4,pre_ko_rhs,1.6069116218774093e-15,1.6069116218774093e-15,9,8,-6.25,0
260,1.0946510241911978,1,pre_ko_rhs,1.8779732808370562e-15,1.8779732808370562e-15,9,8,-7.875,0
260,1.0946510241911978,2,pre_ko_rhs,1.8114870340282479e-15,1.8114870340282479e-15,9,39,3.875,0
260,1.0946510241911978,3,pre_ko_rhs,1.6848958643494278e-15,1.6848958643494278e-15,9,10,-4.75,0
260,1.0946510241911978,4,pre_ko_rhs,2.1216056984858996e-15,2.1216056984858996e-15,9,8,-7.75,0
261,1.1003673476177844,1,pre_ko_rhs,1.9856604540540875e-15,1.9856604540540875e-15,9,8,-7.625,0
261,1.1003673476177844,2,pre_ko_rhs,1.8462241227577697e-15,1.8462241227577697e-15,9,8,-7.875,0
261,1.1003673476177844,3,pre_ko_rhs,1.793792072668215e-15,1.793792072668215e-15,9,53,6.125,0
261,1.1003673476177844,4,pre_ko_rhs,1.7219065036909576e-15,1.7219065036909576e-15,9,8,-7.125,0
262,1.1061027965182617,1,pre_ko_rhs,2.0552808879412028e-15,2.0552808879412028e-15,9,53,7,0
262,1.1061027965182617,2,pre_ko_rhs,2.6239360738745512e-15,2.6239360738745512e-15,9,53,7.25,0
262,1.1061027965182617,3,pre_ko_rhs,1.6630130214122241e-15,1.6630130214122241e-15,9,8,-6,0
262,1.1061027965182617,4,pre_ko_rhs,2.1595663542581122e-15,2.1595663542581122e-15,9,10,-5.75,0
263,1.1118583426548845,1,pre_ko_rhs,2.1343891720248412e-15,2.1343891720248412e-15,9,8,-7,0
263,1.1118583426548845,2,pre_ko_rhs,2.3017797624909105e-15,2.3017797624909105e-15,9,53,7.625,0
263,1.1118583426548845,3,pre_ko_rhs,2.0513076226695398e-15,2.0513076226695398e-15,9,8,-7.5,0
263,1.1118583426548845,4,pre_ko_rhs,1.9387889782252463e-15,1.9387889782252463e-15,9,53,7.625,0
264,1.1176344310305395,1,pre_ko_rhs,1.6180797100269433e-15,1.6180797100269433e-15,9,8,-7.375,0
264,1.1176344310305395,2,pre_ko_rhs,1.8779096301514805e-15,1.8779096301514805e-15,9,8,-7.125,0
264,1.1176344310305395,3,pre_ko_rhs,2.3367790261790673e-15,2.3367790261790673e-15,9,53,7.875,0
264,1.1176344310305395,4,pre_ko_rhs,2.0382347133999041e-15,2.0382347133999041e-15,9,53,6.375,0
265,1.1234313119523816,1,pre_ko_rhs,1.8364695968155233e-15,1.8364695968155233e-15,9,8,-6.875,0
265,1.1234313119523816,2,pre_ko_rhs,2.3465210877807946e-15,2.3465210877807946e-15,9,53,7.125,0
265,1.1234313119523816,3,pre_ko_rhs,1.4783180730711519e-15,1.4783180730711519e-15,9,53,8,0
265,1.1234313119523816,4,pre_ko_rhs,2.6754713824539623e-15,2.6754713824539623e-15,9,53,7.875,0
266,1.1292499058244057,1,pre_ko_rhs,2.0240291243464828e-15,2.0240291243464828e-15,9,8,-7.125,0
266,1.1292499058244057,2,pre_ko_rhs,1.6941102411602298e-15,1.6941102411602298e-15,9,16,-2.375,0
266,1.1292499058244057,3,pre_ko_rhs,2.0179478920346466e-15,2.0179478920346466e-15,9,53,8,0
266,1.1292499058244057,4,pre_ko_rhs,1.8043517366585571e-15,1.8043517366585571e-15,9,53,7.875,0
267,1.1350910370827378,1,pre_ko_rhs,1.6714979141344263e-15,1.6714979141344263e-15,9,37,1,0
267,1.1350910370827378,2,pre_ko_rhs,1.9094600645833841e-15,1.9094600645833841e-15,9,53,7.25,0
267,1.1350910370827378,3,pre_ko_rhs,2.6991120702199232e-15,2.6991120702199232e-15,9,8,-7.75,0
267,1.1350910370827378,4,pre_ko_rhs,1.8638363021065294e-15,1.8638363021065294e-15,9,8,-7.5,0
268,1.1409554203907362,1,pre_ko_rhs,1.9196999120964594e-15,1.9196999120964594e-15,9,10,-5.875,0
268,1.1409554203907362,2,pre_ko_rhs,2.493422278251854e-15,2.493422278251854e-15,9,53,7.625,0
268,1.1409554203907362,3,pre_ko_rhs,2.2968111477803858e-15,2.2968111477803858e-15,9,8,-7.375,0
268,1.1409554203907362,4,pre_ko_rhs,2.3300233508613467e-15,2.3300233508613467e-15,9,8,-6.625,0
269,1.146843648127031,1,pre_ko_rhs,2.5207068297628996e-15,2.5207068297628996e-15,9,8,-7.625,0
269,1.146843648127031,2,pre_ko_rhs,1.9181008561238534e-15,1.9181008561238534e-15,9,8,-7.875,0
269,1.146843648127031,3,pre_ko_rhs,2.0831711964518181e-15,2.0831711964518181e-15,9,8,-7.75,0
269,1.146843648127031,4,pre_ko_rhs,2.2554545593714881e-15,2.2554545593714881e-15,9,8,-8,0
270,1.1527460908315919,1,pre_ko_rhs,2.4101338428484198e-15,2.4101338428484198e-15,9,53,7.125,0
270,1.1527460908315919,2,pre_ko_rhs,1.995948715812344e-15,1.995948715812344e-15,9,8,-7.25,0
270,1.1527460908315919,3,pre_ko_rhs,2.3252774527695465e-15,2.3252774527695465e-15,9,8,-6.875,0
270,1.1527460908315919,4,pre_ko_rhs,2.3245555603530445e-15,2.3245555603530445e-15,9,53,7.625,0
271,1.1586183912748615,1,pre_ko_rhs,2.8015513376377762e-15,2.8015513376377762e-15,9,8,-7.75,0
271,1.1586183912748615,2,pre_ko_rhs,1.7953954234751772e-15,1.7953954234751772e-15,9,53,7.25,0
271,1.1586183912748615,3,pre_ko_rhs,1.7960680632370714e-15,1.7960680632370714e-15,9,8,-6.5,0
271,1.1586183912748615,4,pre_ko_rhs,2.121980165383908e-15,2.121980165383908e-15,9,53,7.875,0
272,1.1644612580685214,1,pre_ko_rhs,2.3607698555459536e-15,2.3607698555459536e-15,9,53,8,0
272,1.1644612580685214,2,pre_ko_rhs,2.5277319912257512e-15,2.5277319912257512e-15,9,8,-8,0
272,1.1644612580685214,3,pre_ko_rhs,1.5267332427114035e-15,1.5267332427114035e-15,9,53,6.375,0
272,1.1644612580685214,4,pre_ko_rhs,2.2870227795903948e-15,2.2870227795903948e-15,9,8,-7.25,0
273,1.1702754065371943,1,pre_ko_rhs,1.9182772582295242e-15,1.9182772582295242e-15,9,39,3.5,0
273,1.1702754065371943,2,pre_ko_rhs,1.8198878881609728e-15,1.8198878881609728e-15,9,16,-2.625,0
273,1.1702754065371943,3,pre_ko_rhs,2.1562625297052847e-15,2.1562625297052847e-15,9,53,6.5,0
273,1.1702754065371943,4,pre_ko_rhs,1.9220807908506777e-15,1.9220807908506777e-15,9,8,-6.375,0
274,1.1760615532334875,1,pre_ko_rhs,1.9955134656042313e-15,1.9955134656042313e-15,9,53,7.875,0
274,1.1760615532334875,2,pre_ko_rhs,1.8318419812681028e-15,1.8318419812681028e-15,9,10,-4.625,0
274,1.1760615532334875,3,pre_ko_rhs,2.5393831602181556e-15,2.5393831602181556e-15,9,53,7.625,0
274,1.1760615532334875,4,pre_ko_rhs,2.3102105372785971e-15,2.3102105372785971e-15,9,53,7.625,0
275,1.1818204143992961,1,pre_ko_rhs,2.6911405262726828e-15,2.6911405262726828e-15,9,8,-8,0
275,1.1818204143992961,2,pre_ko_rhs,2.1205133004438301e-15,2.1205133004438301e-15,9,51,5.625,0
275,1.1818204143992961,3,pre_ko_rhs,1.9043037289992715e-15,1.9043037289992715e-15,9,10,-4.875,0
275,1.1818204143992961,4,pre_ko_rhs,2.2542937096372734e-15,2.2542937096372734e-15,9,51,6,0
276,1.1875515658266333,1,pre_ko_rhs,2.02521922029673e-15,2.02521922029673e-15,9,53,6.25,0
276,1.1875515658266333,2,pre_ko_rhs,1.7678785681645095e-15,1.7678785681645095e-15,9,8,-6,0
276,1.1875515658266333,3,pre_ko_rhs,1.7777310386078652e-15,1.7777310386078652e-15,9,53,7.5,0
276,1.1875515658266333,4,pre_ko_rhs,1.8660899076796247e-15,1.8660899076796247e-15,9,39,3,0
277,1.1932553178552927,1,pre_ko_rhs,2.5340597231527387e-15,2.5340597231527387e-15,9,53,7.25,0
277,1.1932553178552927,2,pre_ko_rhs,2.0522869528655789e-15,2.0522869528655789e-15,9,53,6.125,0
277,1.1932553178552927,3,pre_ko_rhs,2.3825603829361743e-15,2.3825603829361743e-15,9,53,8,0
277,1.1932553178552927,4,pre_ko_rhs,1.92237303246793e-15,1.92237303246793e-15,9,51,5.125,0
278,1.1989325103129702,1,pre_ko_rhs,1.8177721726525901e-15,1.8177721726525901e-15,9,8,-7.875,0
278,1.1989325103129702,2,pre_ko_rhs,2.4682409441033435e-15,2.4682409441033435e-15,9,8,-8,0
278,1.1989325103129702,3,pre_ko_rhs,1.9677523095211e-15,1.9677523095211e-15,9,53,7.75,0
278,1.1989325103129702,4,pre_ko_rhs,1.7094171027974759e-15,1.7094171027974759e-15,9,53,7.375,0
279,1.2045840081853074,1,pre_ko_rhs,2.214647150369571e-15,2.214647150369571e-15,9,53,8,0
279,1.2045840081853074,2,pre_ko_rhs,1.9479608241024282e-15,1.9479608241024282e-15,9,53,7.875,0
279,1.2045840081853074,3,pre_ko_rhs,1.818407157236287e-15,1.818407157236287e-15,9,16,-3.25,0
279,1.2045840081853074,4,pre_ko_rhs,2.5159855600209755e-15,2.5159855600209755e-15,9,8,-7.375,0
280,1.2102107088665988,1,pre_ko_rhs,2.5345858139650216e-15,2.5345858139650216e-15,9,8,-6.375,0
280,1.2102107088665988,2,pre_ko_rhs,1.8193589499545768e-15,1.8193589499545768e-15,9,8,-7.375,0
280,1.2102107088665988,3,pre_ko_rhs,2.1424297657994285e-15,2.1424297657994285e-15,9,8,-7.25,0
280,1.2102107088665988,4,pre_ko_rhs,2.3331247574566042e-15,2.3331247574566042e-15,9,53,7.5,0
281,1.2158135482585182,1,pre_ko_rhs,2.2902384742164676e-15,2.2902384742164676e-15,9,53,8,0
281,1.2158135482585182,2,pre_ko_rhs,2.0030732154809111e-15,2.0030732154809111e-15,9,53,7.625,0
281,1.2158135482585182,3,pre_ko_rhs,1.6336949059572161e-15,1.6336949059572161e-15,9,10,-4.75,0
281,1.2158135482585182,4,pre_ko_rhs,1.7269958121304867e-15,1.7269958121304867e-15,9,53,7.875,0
282,1.2213935048557301,1,pre_ko_rhs,1.9639261053414208e-15,1.9639261053414208e-15,9,51,5.375,0
282,1.2213935048557301,2,pre_ko_rhs,1.9694274804420601e-15,1.9694274804420601e-15,9,8,-7.875,0
282,1.2213935048557301,3,pre_ko_rhs,2.5753032178410704e-15,2.5753032178410704e-15,9,53,7,0
282,1.2213935048557301,4,pre_ko_rhs,2.2554776212377758e-15,2.2554776212377758e-15,9,53,7.625,0
283,1.2269516012161892,1,pre_ko_rhs,2.4520952510423509e-15,2.4520952510423509e-15,9,8,-7.375,0
283,1.2269516012161892,2,pre_ko_rhs,1.8248915422040076e-15,1.8248915422040076e-15,9,10,-5.875,0
283,1.2269516012161892,3,pre_ko_rhs,2.0256441518834618e-15,2.0256441518834618e-15,9,10,-5.625,0
283,1.2269516012161892,4,pre_ko_rhs,1.9396517996048572e-15,1.9396517996048572e-15,9,16,-3.125,0
284,1.2324889024918799,1,pre_ko_rhs,2.2034968958787896e-15,2.2034968958787896e-15,9,53,7.125,0
284,1.2324889024918799,2,pre_ko_rhs,1.8572345286028985e-15,1.8572345286028985e-15,9,51,5.875,0
284,1.2324889024918799,3,pre_ko_rhs,1.7685300215935739e-15,1.7685300215935739e-15,9,53,6.375,0
284,1.2324889024918799,4,pre_ko_rhs,1.9819083104976835e-15,1.9819083104976835e-15,9,16,-3.75,0
285,1.2380065119638233,1,pre_ko_rhs,2.1081597207945075e-15,2.1081597207945075e-15,9,8,-7.75,0
285,1.2380065119638233,2,pre_ko_rhs,1.5541031347677579e-15,1.5541031347677579e-15,9,39,2.5,0
285,1.2380065119638233,3,pre_ko_rhs,2.0025144923347311e-15,2.0025144923347311e-15,9,51,4.5,0
285,1.2380065119638233,4,pre_ko_rhs,2.243334936958744e-15,2.243334936958744e-15,9,53,7,0
286,1.2435055637610051,1,pre_ko_rhs,1.6825207622893927e-15,1.6825207622893927e-15,9,37,0.375,0
286,1.2435055637610051,2,pre_ko_rhs,2.2295016906250612e-15,2.2295016906250612e-15,9,8,-7.25,0
286,1.2435055637610051,3,pre_ko_rhs,1.7607923156092792e-15,1.7607923156092792e-15,9,10,-4.625,0
286,1.2435055637610051,4,pre_ko_rhs,2.5872623242858791e-15,2.5872623242858791e-15,9,53,7.75,0
287,1.2489872131315349,1,pre_ko_rhs,1.7645227561177504e-15,1.7645227561177504e-15,9,37,0.625,0
287,1.2489872131315349,2,pre_ko_rhs,2.2126699534653817e-15,2.2126699534653817e-15,9,8,-7.625,0
287,1.2489872131315349,3,pre_ko_rhs,2.149220381027346e-15,2.149220381027346e-15,9,53,7.75,0
287,1.2489872131315349,4,pre_ko_rhs,2.6730319368973588e-15,2.6730319368973588e-15,9,53,8,0
288,1.2544526247685683,1,pre_ko_rhs,1.9320655853186034e-15,1.9320655853186034e-15,9,8,-8,0
288,1.2544526247685683,2,pre_ko_rhs,1.8686364091890835e-15,1.8686364091890835e-15,9,39,3.625,0
288,1.2544526247685683,3,pre_ko_rhs,2.8746423794094994e-15,2.8746423794094994e-15,9,53,7.375,0
288,1.2544526247685683,4,pre_ko_rhs,1.7446940221044312e-15,1.7446940221044312e-15,9,8,-7.25,0
289,1.259902959773334,1,pre_ko_rhs,2.0268549811600883e-15,2.0268549811600883e-15,9,8,-6.875,0
289,1.259902959773334,2,pre_ko_rhs,1.8147646159164725e-15,1.8147646159164725e-15,9,51,5.5,0
289,1.259902959773334,3,pre_ko_rhs,2.3869884481915131e-15,2.3869884481915131e-15,9,8,-8,0
289,1.259902959773334,4,pre_ko_rhs,2.1370228384883832e-15,2.1370228384883832e-15,9,53,7.875,0
290,1.2653393618678781,1,pre_ko_rhs,2.0822702439275288e-15,2.0822702439275288e-15,9,8,-6.5,0
290,1.2653393618678781,2,pre_ko_rhs,2.5817402435264315e-15,2.5817402435264315e-15,9,8,-7.125,0
290,1.2653393618678781,3,pre_ko_rhs,2.0518039108887453e-15,2.0518039108887453e-15,9,8,-6.375,0
290,1.2653393618678781,4,pre_ko_rhs,1.794657154717303e-15,1.794657154717303e-15,9,16,-3.875,0
291,1.2707629434593808,1,pre_ko_rhs,2.5061671634745134e-15,2.5061671634745134e-15,9,51,6,0
291,1.2707629434593808,2,pre_ko_rhs,1.8380441705188116e-15,1.8380441705188116e-15,9,53,6.5,0
291,1.2707629434593808,3,pre_ko_rhs,2.3676842332647654e-15,2.3676842332647654e-15,9,53,7.75,0
291,1.2707629434593808,4,pre_ko_rhs,2.0911434341361682e-15,2.0911434341361682e-15,9,8,-6.25,0
292,1.2761747721160108,1,pre_ko_rhs,1.8217017548629769e-15,1.8217017548629769e-15,9,53,6.875,0
292,1.2761747721160108,2,pre_ko_rhs,1.9219497747769488e-15,1.9219497747769488e-15,9,16,-2.75,0
292,1.2761747721160108,3,pre_ko_rhs,1.9910904502233617e-15,1.9910904502233617e-15,9,53,7.25,0
292,1.2761747721160108,4,pre_ko_rhs,1.8541587496128274e-15,1.8541587496128274e-15,9,16,-2.875,0
293,1.2815758579511447,1,pre_ko_rhs,1.9824676904616955e-15,1.9824676904616955e-15,9,53,7.25,0
293,1.2815758579511447,2,pre_ko_rhs,2.0631930416203051e-15,2.0631930416203051e-15,9,8,-7.75,0
293,1.2815758579511447,3,pre_ko_rhs,1.9931875894007205e-15,1.9931875894007205e-15,9,18,-1.875,0
293,1.2815758579511447,4,pre_ko_rhs,1.9022280519921137e-15,1.9022280519921137e-15,9,8,-8,0
294,1.286967142337073,1,pre_ko_rhs,1.900798269364225e-15,1.900798269364225e-15,9,53,6.75,0
294,1.286967142337073,2,pre_ko_rhs,1.9677131843429783e-15,1.9677131843429783e-15,9,8,-6.25,0
294,1.286967142337073,3,pre_ko_rhs,2.4941781196322817e-15,2.4941781196322817e-15,9,8,-8,0
294,1.286967142337073,4,pre_ko_rhs,2.0614057402807103e-15,2.0614057402807103e-15,9,10,-4.375,0
295,1.2923494882879569,1,pre_ko_rhs,2.2741009041303584e-15,2.2741009041303584e-15,9,8,-7.25,0
295,1.2923494882879569,2,pre_ko_rhs,2.3733065674340234e-15,2.3733065674340234e-15,9,8,-7.375,0
295,1.2923494882879569,3,pre_ko_rhs,2.3177759777570045e-15,2.3177759777570045e-15,9,53,7.5,0
295,1.2923494882879569,4,pre_ko_rhs,2.1341510832242287e-15,2.1341510832242287e-15,9,8,-6.125,0
296,1.2977236727696779,1,pre_ko_rhs,1.6727001424334731e-15,1.6727001424334731e-15,9,8,-8,0
296,1.2977236727696779,2,pre_ko_rhs,2.6694247123535336e-15,2.6694247123535336e-15,9,53,8,0
296,1.2977236727696779,3,pre_ko_rhs,2.2630959119421081e-15,2.2630959119421081e-15,9,8,-7.375,0
296,1.2977236727696779,4,pre_ko_rhs,2.4263684123132821e-15,2.4263684123132821e-15,9,8,-7.5,0
297,1.3030903811107046,1,pre_ko_rhs,1.6717846158490986e-15,1.6717846158490986e-15,9,37,1.875,0
297,1.3030903811107046,2,pre_ko_rhs,1.909727868932472e-15,1.909727868932472e-15,9,8,-7.25,0
297,1.3030903811107046,3,pre_ko_rhs,1.9868306897936248e-15,1.9868306897936248e-15,9,8,-6.375,0
297,1.3030903811107046,4,pre_ko_rhs,1.7395090260406422e-15,1.7395090260406422e-15,9,53,7.75,0
298,1.3084502036232222,1,pre_ko_rhs,1.5444359245320499e-15,1.5444359245320499e-15,9,53,7.75,0
298,1.3084502036232222,2,pre_ko_rhs,2.6313483638499378e-15,2.6313483638499378e-15,9,53,7.375,0
298,1.3084502036232222,3,pre_ko_rhs,1.9165681455039881e-15,1.9165681455039881e-15,9,53,6.625,0
298,1.3084502036232222,4,pre_ko_rhs,1.8725315808132819e-15,1.8725315808132819e-15,9,53,7.375,0
299,1.3138036344667501,1,pre_ko_rhs,1.9051819118085788e-15,1.9051819118085788e-15,9,53,7.75,0
299,1.3138036344667501,2,pre_ko_rhs,2.0292386372318591e-15,2.0292386372318591e-15,9,8,-6.75,0
299,1.3138036344667501,3,pre_ko_rhs,2.1871641105683205e-15,2.1871641105683205e-15,9,53,7.375,0
299,1.3138036344667501,4,pre_ko_rhs,1.5187140485316692e-15,1.5187140485316692e-15,9,8,-6.625,0
300,1.3191506930417498,1,pre_ko_rhs,1.8354820156741377e-15,1.8354820156741377e-15,9,39,3.875,0
300,1.3191506930417498,2,pre_ko_rhs,1.9403460551170993e-15,1.9403460551170993e-15,9,10,-4.125,0
300,1.3191506930417498,3,pre_ko_rhs,2.1204779984377924e-15,2.1204779984377924e-15,9,53,7.5,0
300,1.3191506930417498,4,pre_ko_rhs,2.2026203449002539e-15,2.2026203449002539e-15,9,8,-7.625,0
301,1.3244904879251369,1,pre_ko_rhs,2.6149232912167979e-15,2.6149232912167979e-15,9,53,8,0
301,1.3244904879251369,2,pre_ko_rhs,1.5176590817496624e-15,1.5176590817496624e-15,9,10,-5.5,0
301,1.3244904879251369,3,pre_ko_rhs,2.0203193360764293e-15,2.0203193360764293e-15,9,10,-5.625,0
301,1.3244904879251369,4,pre_ko_rhs,2.002674539011438e-15,2.002674539011438e-15,9,8,-6.75,0
302,1.3298232387537652,1,pre_ko_rhs,1.9404192446360628e-15,1.9404192446360628e-15,9,8,-7.625,0
302,1.3298232387537652,2,pre_ko_rhs,1.7688039680257201e-15,1.7688039680257201e-15,9,8,-8,0
302,1.3298232387537652,3,pre_ko_rhs,1.8659101533710341e-15,1.8659101533710341e-15,9,10,-5,0
302,1.3298232387537652,4,pre_ko_rhs,1.7510537077302853e-15,1.7510537077302853e-15,9,51,4.625,0
303,1.3351488010257571,1,pre_ko_rhs,2.3072490529531662e-15,2.3072490529531662e-15,9,53,7.625,0
303,1.3351488010257571,2,pre_ko_rhs,2.7773690045390258e-15,2.7773690045390258e-15,9,53,7.5,0
303,1.3351488010257571,3,pre_ko_rhs,1.6069147950712314e-15,1.6069147950712314e-15,9,8,-8,0
303,1.3351488010257571,4,pre_ko_rhs,2.2812751718532026e-15,2.2812751718532026e-15,9,8,-7.125,0
304,1.3404630593436917,1,pre_ko_rhs,1.8339103281838286e-15,1.8339103281838286e-15,9,53,8,0
304,1.3404630593436917,2,pre_ko_rhs,2.3429545601418083e-15,2.3429545601418083e-15,9,53,7.5,0
304,1.3404630593436917,3,pre_ko_rhs,1.9578288003684989e-15,1.9578288003684989e-15,9,53,7.5,0
304,1.3404630593436917,4,pre_ko_rhs,1.7785306425399988e-15,1.7785306425399988e-15,9,53,7.125,0
305,1.3457663702208604,1,pre_ko_rhs,1.9397206213954383e-15,1.9397206213954383e-15,9,16,-2.375,0
305,1.3457663702208604,2,pre_ko_rhs,1.9071533840683001e-15,1.9071533840683001e-15,9,53,7.875,0
305,1.3457663702208604,3,pre_ko_rhs,2.3621887762733375e-15,2.3621887762733375e-15,9,8,-7.5,0
305,1.3457663702208604,4,pre_ko_rhs,1.8482480720139674e-15,1.8482480720139674e-15,9,8,-6.25,0
306,1.3510591052185883,1,pre_ko_rhs,2.1192898158046139e-15,2.1192898158046139e-15,9,8,-7.625,0
306,1.3510591052185883,2,pre_ko_rhs,2.0074053052899281e-15,2.0074053052899281e-15,9,53,7.5,0
306,1.3510591052185883,3,pre_ko_rhs,2.7300457158494662e-15,2.7300457158494662e-15,9,8,-7.875,0
306,1.3510591052185883,4,pre_ko_rhs,2.1986960221141551e-15,2.1986960221141551e-15,9,53,6.5,0
307,1.3563416465892026,1,pre_ko_rhs,1.9733160764678305e-15,1.9733160764678305e-15,9,10,-4.5,0
307,1.3563416465892026,2,pre_ko_rhs,2.4373809270111133e-15,2.4373809270111133e-15,9,53,7.375,0
307,1.3563416465892026,3,pre_ko_rhs,1.6824837429694681e-15,1.6824837429694681e-15,9,53,7.375,0
307,1.3563416465892026,4,pre_ko_rhs,1.7038530640428326e-15,1.7038530640428326e-15,9,53,7.75,0
308,1.3616143825185933,1,pre_ko_rhs,2.2182847162918897e-15,2.2182847162918897e-15,9,8,-7.125,0
308,1.3616143825185933,2,pre_ko_rhs,3.2074011026989994e-15,3.2074011026989994e-15,9,8,-7.875,0
308,1.3616143825185933,3,pre_ko_rhs,2.1728407896078129e-15,2.1728407896078129e-15,9,53,7.625,0
308,1.3616143825185933,4,pre_ko_rhs,2.140977230692881e-15,2.140977230692881e-15,9,53,7.5,0
309,1.3668777022009002,1,pre_ko_rhs,1.7288632878456353e-15,1.7288632878456353e-15,9,39,3.75,0
309,1.3668777022009002,2,pre_ko_rhs,2.3945997550732619e-15,2.3945997550732619e-15,9,8,-7.75,0
309,1.3668777022009002,3,pre_ko_rhs,1.6510784373746783e-15,1.6510784373746783e-15,9,8,-6,0
309,1.3668777022009002,4,pre_ko_rhs,2.4059236071238652e-15,2.4059236071238652e-15,9,8,-7.75,0
310,1.3721319909652452,1,pre_ko_rhs,1.9132466270183289e-15,1.9132466270183289e-15,9,8,-7.375,0
310,1.3721319909652452,2,pre_ko_rhs,2.3440224539862515e-15,2.3440224539862515e-15,9,53,7.125,0
310,1.3721319909652452,3,pre_ko_rhs,2.5428096023931193e-15,2.5428096023931193e-15,9,53,7.25,0
310,1.3721319909652452,4,pre_ko_rhs,2.1318674415102451e-15,2.1318674415102451e-15,9,51,6,0
311,1.3773776256543082,1,pre_ko_rhs,2.0416448513427766e-15,2.0416448513427766e-15,9,53,7.75,0
311,1.3773776256543082,2,pre_ko_rhs,2.1172288583395654e-15,2.1172288583395654e-15,9,8,-7.375,0
311,1.3773776256543082,3,pre_ko_rhs,1.8490464013883264e-15,1.8490464013883264e-15,9,16,-3,0
311,1.3773776256543082,4,pre_ko_rhs,2.6207208504864688e-15,2.6207208504864688e-15,9,53,7.75,0
312,1.3826149704286128,1,pre_ko_rhs,1.9998847147219652e-15,1.9998847147219652e-15,9,8,-8,0
312,1.3826149704286128,2,pre_ko_rhs,1.8164454219470844e-15,1.8164454219470844e-15,9,53,7.375,0
312,1.3826149704286128,3,pre_ko_rhs,1.8797371240089708e-15,1.8797371240089708e-15,9,51,4.375,0
312,1.3826149704286128,4,pre_ko_rhs,1.8031632362190979e-15,1.8031632362190979e-15,9,8,-6,0
313,1.3878443731395229,1,pre_ko_rhs,2.8691868812413118e-15,2.8691868812413118e-15,9,53,7.875,0
313,1.3878443731395229,2,pre_ko_rhs,1.9166831144857479e-15,1.9166831144857479e-15,9,53,6.875,0
313,1.3878443731395229,3,pre_ko_rhs,1.977389554839444e-15,1.977389554839444e-15,9,8,-7.125,0
313,1.3878443731395229,4,pre_ko_rhs,2.0169980920305057e-15,2.0169980920305057e-15,9,53,7.625,0
314,1.3930661623802205,1,pre_ko_rhs,1.9866716905599032e-15,1.9866716905599032e-15,9,8,-6.75,0
314,1.3930661623802205,2,pre_ko_rhs,1.9669744448474742e-15,1.9669744448474742e-15,9,8,-7.25,0
314,1.3930661623802205,3,pre_ko_rhs,2.5247495538892471e-15,2.5247495538892471e-15,9,53,7.375,0
314,1.3930661623802205,4,pre_ko_rhs,1.6381683014370139e-15,1.6381683014370139e-15,9,53,7.625,0
315,1.3982806452887391,1,pre_ko_rhs,2.9001420453922428e-15,2.9001420453922428e-15,9,53,7.375,0
315,1.3982806452887391,2,pre_ko_rhs,2.1022253308061952e-15,2.1022253308061952e-15,9,53,7.125,0
315,1.3982806452887391,3,pre_ko_rhs,2.0920514243590611e-15,2.0920514243590611e-15,9,53,7.875,0
315,1.3982806452887391,4,pre_ko_rhs,2.4970020500570104e-15,2.4970020500570104e-15,9,8,-7.625,0
316,1.4034881061418818,1,pre_ko_rhs,1.5749195481184853e-15,1.5749195481184853e-15,9,8,-7.5,0
316,1.4034881061418818,2,pre_ko_rhs,1.9859263644931361e-15,1.9859263644931361e-15,9,53,7.75,0
316,1.4034881061418818,3,pre_ko_rhs,2.333510490301975e-15,2.333510490301975e-15,9,8,-7.5,0
316,1.4034881061418818,4,pre_ko_rhs,1.8296269761554527e-15,1.8296269761554527e-15,9,8,-6.875,0
317,1.4086888057445004,1,pre_ko_rhs,2.1995016591325197e-15,2.1995016591325197e-15,9,8,-7.75,0
317,1.4086888057445004,2,pre_ko_rhs,2.0007258018998599e-15,2.0007258018998599e-15,9,8,-7.875,0
317,1.4086888057445004,3,pre_ko_rhs,2.2067134328135218e-15,2.2067134328135218e-15,9,51,5,0
317,1.4086888057445004,4,pre_ko_rhs,1.8242341414205591e-15,1.8242341414205591e-15,9,53,7.625,0
318,1.4138829815869574,1,pre_ko_rhs,2.0269047645479044e-15,2.0269047645479044e-15,9,53,7.125,0
318,1.4138829815869574,2,pre_ko_rhs,1.7122059729785092e-15,1.7122059729785092e-15,9,16,-2.375,0
318,1.4138829815869574,3,pre_ko_rhs,2.2036760469441259e-15,2.2036760469441259e-15,9,8,-7,0
318,1.4138829815869574,4,pre_ko_rhs,2.1127306328206871e-15,2.1127306328206871e-15,9,53,6.5,0
319,1.4190708487149493,1,pre_ko_rhs,2.6469487545037315e-15,2.6469487545037315e-15,9,53,7.75,0
319,1.4190708487149493,2,pre_ko_rhs,1.7657660975168493e-15,1.7657660975168493e-15,9,10,-5.375,0
319,1.4190708487149493,3,pre_ko_rhs,2.6580654368127154e-15,2.6580654368127154e-15,9,8,-7.375,0
319,1.4190708487149493,4,pre_ko_rhs,1.8056972157721653e-15,1.8056972157721653e-15,9,39,4,0
320,1.4242526012314256,1,pre_ko_rhs,2.1323966147166975e-15,2.1323966147166975e-15,9,53,6.25,0
320,1.4242526012314256,2,pre_ko_rhs,1.7620897746793886e-15,1.7620897746793886e-15,9,53,6.625,0
320,1.4242526012314256,3,pre_ko_rhs,2.0750620251522256e-15,2.0750620251522256e-15,9,51,4.5,0
320,1.4242526012314256,4,pre_ko_rhs,1.8532264648169635e-15,1.8532264648169635e-15,9,8,-7.875,0
321,1.4294284143302913,1,pre_ko_rhs,1.9112920787278138e-15,1.9112920787278138e-15,9,10,-5.625,0
321,1.4294284143302913,2,pre_ko_rhs,1.798124500692317e-15,1.798124500692317e-15,9,53,7.25,0
321,1.4294284143302913,3,pre_ko_rhs,2.1705616563608218e-15,2.1705616563608218e-15,9,8,-8,0
321,1.4294284143302913,4,pre_ko_rhs,2.3022466972284773e-15,2.3022466972284773e-15,9,53,7.375,0
322,1.4345984467467097,1,pre_ko_rhs,2.2264651224841677e-15,2.2264651224841677e-15,9,53,6.625,0
322,1.4345984467467097,2,pre_ko_rhs,2.2102810454030293e-15,2.2102810454030293e-15,9,53,7.625,0
322,1.4345984467467097,3,pre_ko_rhs,1.8751114044299048e-15,1.8751114044299048e-15,9,53,7.375,0
322,1.4345984467467097,4,pre_ko_rhs,2.5292905694896078e-15,2.5292905694896078e-15,9,8,-7.375,0
323,1.4397628434991974,1,pre_ko_rhs,1.8965379844454034e-15,1.8965379844454034e-15,9,18,-1.5,0
323,1.4397628434991974,2,pre_ko_rhs,2.0441973682657812e-15,2.0441973682657812e-15,9,51,5.375,0
323,1.4397628434991974,3,pre_ko_rhs,2.1252490538525554e-15,2.1252490538525554e-15,9,8,-7.25,0
323,1.4397628434991974,4,pre_ko_rhs,2.1077425198104949e-15,2.1077425198104949e-15,9,8,-7.5,0
324,1.444921738795893,1,pre_ko_rhs,2.2165890307781053e-15,2.2165890307781053e-15,9,8,-7.375,0
324,1.444921738795893,2,pre_ko_rhs,2.2834403044887927e-15,2.2834403044887927e-15,9,53,7,0
324,1.444921738795893,3,pre_ko_rhs,2.0468003015337696e-15,2.0468003015337696e-15,9,51,5.75,0
324,1.444921738795893,4,pre_ko_rhs,2.787740807084242e-15,2.787740807084242e-15,9,8,-7.5,0
325,1.4500752589777144,1,pre_ko_rhs,1.7123765038919678e-15,1.7123765038919678e-15,9,53,7.625,0
325,1.4500752589777144,2,pre_ko_rhs,1.8291003314511582e-15,1.8291003314511582e-15,9,53,7.75,0
325,1.4500752589777144,3,pre_ko_rhs,1.6741050772480725e-15,1.6741050772480725e-15,9,51,4.625,0
325,1.4500752589777144,4,pre_ko_rhs,2.5653466902155073e-15,2.5653466902155073e-15,9,53,7.25,0
326,1.4552235253773165,1,pre_ko_rhs,2.3290637567831106e-15,2.3290637567831106e-15,9,53,7.875,0
326,1.4552235253773165,2,pre_ko_rhs,2.5273550306637584e-15,2.5273550306637584e-15,9,8,-8,0
326,1.4552235253773165,3,pre_ko_rhs,2.0495157621532923e-15,2.0495157621532923e-15,9,51,4.75,0
326,1.4552235253773165,4,pre_ko_rhs,2.0523670523680267e-15,2.0523670523680267e-15,9,51,5.75,0
327,1.4603666569835212,1,pre_ko_rhs,1.861374755774777e-15,1.861374755774777e-15,9,53,7.875,0
327,1.4603666569835212,2,pre_ko_rhs,1.9698495131160707e-15,1.9698495131160707e-15,9,39,3.75,0
327,1.4603666569835212,3,pre_ko_rhs,1.7034151405865558e-15,1.7034151405865558e-15,9,53,6.625,0
327,1.4603666569835212,4,pre_ko_rhs,1.9142258017102468e-15,1.9142258017102468e-15,9,53,6.375,0
328,1.4655047728151385,1,pre_ko_rhs,1.993234864397751e-15,1.993234864397751e-15,9,16,-2.75,0
328,1.4655047728151385,2,pre_ko_rhs,2.637073102848594e-15,2.637073102848594e-15,9,53,7.625,0
328,1.4655047728151385,3,pre_ko_rhs,1.8742149208446709e-15,1.8742149208446709e-15,9,16,-2.625,0
328,1.4655047728151385,4,pre_ko_rhs,2.062802331388414e-15,2.062802331388414e-15,9,53,6.625,0
329,1.470637993925241,1,pre_ko_rhs,2.673059595516213e-15,2.673059595516213e-15,9,8,-7.125,0
329,1.470637993925241,2,pre_ko_rhs,2.3099461027117105e-15,2.3099461027117105e-15,9,53,7.5,0
329,1.470637993925241,3,pre_ko_rhs,2.2521094099820506e-15,2.2521094099820506e-15,9,8,-7.875,0
329,1.470637993925241,4,pre_ko_rhs,1.8701590614573702e-15,1.8701590614573702e-15,9,8,-7.375,0
330,1.4757664449761174,1,pre_ko_rhs,1.9317467022395076e-15,1.9317467022395076e-15,9,53,7.375,0
330,1.4757664449761174,2,pre_ko_rhs,1.7109591078172726e-15,1.7109591078172726e-15,9,53,7.375,0
330,1.4757664449761174,3,pre_ko_rhs,2.1445995527359107e-15,2.1445995527359107e-15,9,8,-7.5,0
330,1.4757664449761174,4,pre_ko_rhs,2.4031061948345321e-15,2.4031061948345321e-15,9,8,-7.25,0
331,1.4808902553454657,1,pre_ko_rhs,2.1649872199135769e-15,2.1649872199135769e-15,9,8,-7.625,0
331,1.4808902553454657,2,pre_ko_rhs,2.4296311956057112e-15,2.4296311956057112e-15,9,8,-7.875,0
331,1.4808902553454657,3,pre_ko_rhs,2.3733789722291282e-15,2.3733789722291282e-15,9,8,-7.125,0
331,1.4808902553454657,4,pre_ko_rhs,1.6373409100120587e-15,1.6373409100120587e-15,9,16,-3.375,0
332,1.4860095597450371,1,pre_ko_rhs,2.4184387532516781e-15,2.4184387532516781e-15,9,8,-7.125,0
332,1.4860095597450371,2,pre_ko_rhs,1.953009557223637e-15,1.953009557223637e-15,9,53,6.375,0
332,1.4860095597450371,3,pre_ko_rhs,2.1385714999713388e-15,2.1385714999713388e-15,9,8,-7.375,0
332,1.4860095597450371,4,pre_ko_rhs,1.6624618770608254e-15,1.6624618770608254e-15,9,53,7.375,0
333,1.4911244983531444,1,pre_ko_rhs,1.8295593929906551e-15,1.8295593929906551e-15,9,8,-6.625,0
333,1.4911244983531444,2,pre_ko_rhs,2.1625032306400263e-15,2.1625032306400263e-15,9,53,7.375,0
333,1.4911244983531444,3,pre_ko_rhs,2.2089918926325725e-15,2.2089918926325725e-15,9,53,8,0
333,1.4911244983531444,4,pre_ko_rhs,2.2542156945739415e-15,2.2542156945739415e-15,9,8,-7.5,0
334,1.4962352164815489,1,pre_ko_rhs,1.9949312446482726e-15,1.9949312446482726e-15,9,53,7.125,0
334,1.4962352164815489,2,pre_ko_rhs,1.8818740135127081e-15,1.8818740135127081e-15,9,16,-3.625,0
334,1.4962352164815489,3,pre_ko_rhs,1.9736818685499098e-15,1.9736818685499098e-15,9,8,-6.875,0
334,1.4962352164815489,4,pre_ko_rhs,2.1446439709340671e-15,2.1446439709340671e-15,9,51,5.375,0
335,1.5013418638144918,1,pre_ko_rhs,2.1539575834290802e-15,2.1539575834290802e-15,9,53,7.125,0
335,1.5013418638144918,2,pre_ko_rhs,2.4168367637345758e-15,2.4168367637345758e-15,9,53,8,0
335,1.5013418638144918,3,pre_ko_rhs,2.1125404220331751e-15,2.1125404220331751e-15,9,51,4.75,0
335,1.5013418638144918,4,pre_ko_rhs,1.6388280287496095e-15,1.6388280287496095e-15,9,8,-6.375,0
336,1.5064445932729325,1,pre_ko_rhs,2.0667245652776819e-15,2.0667245652776819e-15,9,8,-7.375,0
336,1.5064445932729325,2,pre_ko_rhs,2.4404142226902943e-15,2.4404142226902943e-15,9,53,7.625,0
336,1.5064445932729325,3,pre_ko_rhs,2.0886351747217577e-15,2.0886351747217577e-15,9,53,7.75,0
336,1.5064445932729325,4,pre_ko_rhs,1.8284550622736453e-15,1.8284550622736453e-15,9,53,7.125,0
337,1.5115435595696027,1,pre_ko_rhs,2.4586816670701588e-15,2.4586816670701588e-15,9,8,-7.75,0
337,1.5115435595696027,2,pre_ko_rhs,2.0932446985756347e-15,2.0932446985756347e-15,9,53,7.625,0
337,1.5115435595696027,3,pre_ko_rhs,1.7881215470143237e-15,1.7881215470143237e-15,9,39,2.25,0
337,1.5115435595696027,4,pre_ko_rhs,2.1344079715570547e-15,2.1344079715570547e-15,9,53,6.125,0
338,1.516638917530944,1,pre_ko_rhs,1.9567434641760672e-15,1.9567434641760672e-15,9,53,6.625,0
338,1.516638917530944,2,pre_ko_rhs,2.2219587521922801e-15,2.2219587521922801e-15,9,51,4.875,0
338,1.516638917530944,3,pre_ko_rhs,2.385865724869372e-15,2.385865724869372e-15,9,8,-7.5,0
338,1.516638917530944,4,pre_ko_rhs,1.9917420657604989e-15,1.9917420657604989e-15,9,53,7.875,0
339,1.5217308202663125,1,pre_ko_rhs,1.8299916620174984e-15,1.8299916620174984e-15,9,51,5.75,0
339,1.5217308202663125,2,pre_ko_rhs,3.0846165486372359e-15,3.0846165486372359e-15,9,53,8,0
339,1.5217308202663125,3,pre_ko_rhs,1.7931410745022852e-15,1.7931410745022852e-15,9,37,1.125,0
339,1.5217308202663125,4,pre_ko_rhs,2.1399709278142575e-15,2.1399709278142575e-15,9,51,5.75,0
340,1.5268194172700893,1,pre_ko_rhs,2.4977048200224808e-15,2.4977048200224808e-15,9,8,-8,0
340,1.5268194172700893,2,pre_ko_rhs,2.3180351860190811e-15,2.3180351860190811e-15,9,53,8,0
340,1.5268194172700893,3,pre_ko_rhs,1.8829119895318084e-15,1.8829119895318084e-15,9,8,-7.5,0
340,1.5268194172700893,4,pre_ko_rhs,2.7457578611801145e-15,2.7457578611801145e-15,9,53,8,0
341,1.5319048525430727,1,pre_ko_rhs,2.2657048643782096e-15,2.2657048643782096e-15,9,53,8,0
341,1.5319048525430727,2,pre_ko_rhs,2.2425455694455871e-15,2.2425455694455871e-15,9,53,8,0
341,1.5319048525430727,3,pre_ko_rhs,2.074211786062736e-15,2.074211786062736e-15,9,10,-4.125,0
341,1.5319048525430727,4,pre_ko_rhs,2.2006826369612301e-15,2.2006826369612301e-15,9,53,7,0
342,1.5369872628194623,1,pre_ko_rhs,2.0357026530957539e-15,2.0357026530957539e-15,9,53,7.5,0
342,1.5369872628194623,2,pre_ko_rhs,2.3386458377996609e-15,2.3386458377996609e-15,9,8,-7.25,0
342,1.5369872628194623,3,pre_ko_rhs,2.1145518821654808e-15,2.1145518821654808e-15,9,51,5.25,0
342,1.5369872628194623,4,pre_ko_rhs,2.1832783192662309e-15,2.1832783192662309e-15,9,53,8,0
343,1.5420667759772861,1,pre_ko_rhs,2.2210369419898603e-15,2.2210369419898603e-15,9,53,7.625,0
343,1.5420667759772861,2,pre_ko_rhs,1.7748004611708032e-15,1.7748004611708032e-15,9,53,8,0
343,1.5420667759772861,3,pre_ko_rhs,2.0748894029834382e-15,2.0748894029834382e-15,9,51,5,0
343,1.5420667759772861,4,pre_ko_rhs,1.9522916587527463e-15,1.9522916587527463e-15,9,8,-6.375,0
344,1.5471435097009085,1,pre_ko_rhs,1.9426914537603155e-15,1.9426914537603155e-15,9,8,-7.75,0
344,1.5471435097009085,2,pre_ko_rhs,1.8781370562377929e-15,1.8781370562377929e-15,9,10,-5.125,0
344,1.5471435097009085,3,pre_ko_rhs,1.9557390927006439e-15,1.9557390927006439e-15,9,51,5.375,0
344,1.5471435097009085,4,pre_ko_rhs,2.2135989985637735e-15,2.2135989985637735e-15,9,53,7.5,0
345,1.5522175704547361,1,pre_ko_rhs,1.8661555880613463e-15,1.8661555880613463e-15,9,16,-3.125,0
345,1.5522175704547361,2,pre_ko_rhs,2.104643832787748e-15,2.104643832787748e-15,9,8,-7.75,0
345,1.5522175704547361,3,pre_ko_rhs,1.9623438094706135e-15,1.9623438094706135e-15,9,16,-3.625,0
345,1.5522175704547361,4,pre_ko_rhs,1.7086781468521761e-15,1.7086781468521761e-15,9,53,7.5,0
346,1.5572884530943383,1,pre_ko_rhs,1.9888740358886048e-15,1.9888740358886048e-15,9,8,-6,0
346,1.5572884530943383,2,pre_ko_rhs,1.9765744368418282e-15,1.9765744368418282e-15,9,53,6.875,0
346,1.5572884530943383,3,pre_ko_rhs,2.1884522764349205e-15,2.1884522764349205e-15,9,53,7.125,0
346,1.5572884530943383,4,pre_ko_rhs,2.9258398230936674e-15,2.9258398230936674e-15,9,53,7.875,0
347,1.5623562091751504,1,pre_ko_rhs,2.5627622683129679e-15,2.5627622683129679e-15,9,53,7.25,0
347,1.5623562091751504,2,pre_ko_rhs,2.1831855704453927e-15,2.1831855704453927e-15,9,8,-7.125,0
347,1.5623562091751504,3,pre_ko_rhs,2.1803766192429345e-15,2.1803766192429345e-15,9,53,7.25,0
347,1.5623562091751504,4,pre_ko_rhs,2.186482128846894e-15,2.186482128846894e-15,9,53,7.75,0
348,1.5674209465407292,1,pre_ko_rhs,2.2636404308949175e-15,2.2636404308949175e-15,9,8,-7.25,0
348,1.5674209465407292,2,pre_ko_rhs,2.2550301565930697e-15,2.2550301565930697e-15,9,53,7.125,0
348,1.5674209465407292,3,pre_ko_rhs,1.833066460515311e-15,1.833066460515311e-15,9,39,3.25,0
348,1.5674209465407292,4,pre_ko_rhs,1.7471215320306041e-15,1.7471215320306041e-15,9,10,-4.5,0
349,1.5724827620688857,1,pre_ko_rhs,1.7320412296242975e-15,1.7320412296242975e-15,9,53,7.25,0
349,1.5724827620688857,2,pre_ko_rhs,2.2512157309956532e-15,2.2512157309956532e-15,9,53,8,0
349,1.5724827620688857,3,pre_ko_rhs,1.7037223127498011e-15,1.7037223127498011e-15,9,10,-4.375,0
349,1.5724827620688857,4,pre_ko_rhs,2.8168848209528482e-15,2.8168848209528482e-15,9,8,-7.875,0
350,1.5775417421623812,1,pre_ko_rhs,1.8174268471625882e-15,1.8174268471625882e-15,9,8,-6.875,0
350,1.5775417421623812,2,pre_ko_rhs,2.1130924481315014e-15,2.1130924481315014e-15,9,8,-7.625,0
350,1.5775417421623812,3,pre_ko_rhs,1.8255154487173309e-15,1.8255154487173309e-15,9,8,-6.625,0
350,1.5775417421623812,4,pre_ko_rhs,2.8861866201926823e-15,2.8861866201926823e-15,9,8,-7.75,0
351,1.5825979636427479,1,pre_ko_rhs,1.9177746547120318e-15,1.9177746547120318e-15,9,8,-8,0
351,1.5825979636427479,2,pre_ko_rhs,1.7901357064752526e-15,1.7901357064752526e-15,9,53,7.75,0
351,1.5825979636427479,3,pre_ko_rhs,2.19980610011731e-15,2.19980610011731e-15,9,8,-7.5,0
351,1.5825979636427479,4,pre_ko_rhs,2.2988738970922535e-15,2.2988738970922535e-15,9,8,-6.625,0
352,1.5876514948960136,1,pre_ko_rhs,2.1511173341285617e-15,2.1511173341285617e-15,9,16,-2.625,0
352,1.5876514948960136,2,pre_ko_rhs,2.8252955572708615e-15,2.8252955572708615e-15,9,53,7.75,0
352,1.5876514948960136,3,pre_ko_rhs,1.7395019937848734e-15,1.7395019937848734e-15,9,53,6.375,0
352,1.5876514948960136,4,pre_ko_rhs,2.1333897710192885e-15,2.1333897710192885e-15,9,51,4.375,0
353,1.5927023976447441,1,pre_ko_rhs,1.9054293996982276e-15,1.9054293996982276e-15,9,8,-7.125,0
353,1.5927023976447441,2,pre_ko_rhs,1.8076342981262248e-15,1.8076342981262248e-15,9,37,1.625,0
353,1.5927023976447441,3,pre_ko_rhs,2.1652444509181663e-15,2.1652444509181663e-15,9,10,-4.75,0
353,1.5927023976447441,4,pre_ko_rhs,1.6820752923143702e-15,1.6820752923143702e-15,9,8,-7,0
354,1.5977507287885782,1,pre_ko_rhs,1.9080742691839158e-15,1.9080742691839158e-15,9,53,7.625,0
354,1.5977507287885782,2,pre_ko_rhs,2.4714731739749263e-15,2.4714731739749263e-15,9,53,7.875,0
354,1.5977507287885782,3,pre_ko_rhs,1.6518070023909391e-15,1.6518070023909391e-15,9,53,6.375,0
354,1.5977507287885782,4,pre_ko_rhs,2.097681937066828e-15,2.097681937066828e-15,9,53,6.625,0
355,1.6027965423471344,1,pre_ko_rhs,1.7684423014426635e-15,1.7684423014426635e-15,9,39,3.375,0
355,1.6027965423471344,2,pre_ko_rhs,1.87640399532837e-15,1.87640399532837e-15,9,16,-3.125,0
355,1.6027965423471344,3,pre_ko_rhs,2.19616018957362e-15,2.19616018957362e-15,9,51,5.375,0
355,1.6027965423471344,4,pre_ko_rhs,2.1777040479464057e-15,2.1777040479464057e-15,9,8,-8,0
356,1.6078398914310201,1,pre_ko_rhs,2.4446947585973337e-15,2.4446947585973337e-15,9,8,-7.625,0
356,1.6078398914310201,2,pre_ko_rhs,2.120852580126458e-15,2.120852580126458e-15,9,8,-7.5,0
356,1.6078398914310201,3,pre_ko_rhs,2.106848957387376e-15,2.106848957387376e-15,9,8,-7.125,0
356,1.6078398914310201,4,pre_ko_rhs,2.141236322902995e-15,2.141236322902995e-15,9,8,-7.875,0
357,1.6128808301468369,1,pre_ko_rhs,1.8877942378056649e-15,1.8877942378056649e-15,9,53,7.375,0
357,1.6128808301468369,2,pre_ko_rhs,1.572487552553005e-15,1.572487552553005e-15,9,51,5,0
357,1.6128808301468369,3,pre_ko_rhs,1.7848417179194635e-15,1.7848417179194635e-15,9,53,6.125,0
357,1.6128808301468369,4,pre_ko_rhs,2.4358888766940634e-15,2.4358888766940634e-15,9,8,-8,0
358,1.6179194153491756,1,pre_ko_rhs,3.376150445689764e-15,3.376150445689764e-15,9,8,-7.875,0
358,1.6179194153491756,2,pre_ko_rhs,2.0186820869989865e-15,2.0186820869989865e-15,9,10,-5.75,0
358,1.6179194153491756,3,pre_ko_rhs,2.4621703844664956e-15,2.4621703844664956e-15,9,53,7.75,0
358,1.6179194153491756,4,pre_ko_rhs,1.9834032160958864e-15,1.9834032160958864e-15,9,53,7.5,0
359,1.6229557081630721,1,pre_ko_rhs,2.0063241316633218e-15,2.0063241316633218e-15,9,53,7.625,0
359,1.6229557081630721,2,pre_ko_rhs,2.0470507517077208e-15,2.0470507517077208e-15,9,8,-7.5,0
359,1.6229557081630721,3,pre_ko_rhs,1.9111763494356433e-15,1.9111763494356433e-15,9,8,-7.375,0
359,1.6229557081630721,4,pre_ko_rhs,2.1875460156964637e-15,2.1875460156964637e-15,9,53,6.875,0
360,1.6279897752149106,1,pre_ko_rhs,2.020168183460124e-15,2.020168183460124e-15,9,8,-6.125,0
360,1.6279897752149106,2,pre_ko_rhs,1.9377962361250126e-15,1.9377962361250126e-15,9,8,-7.875,0
360,1.6279897752149106,3,pre_ko_rhs,1.7860959808124868e-15,1.7860959808124868e-15,9,39,3.5,0
360,1.6279897752149106,4,pre_ko_rhs,1.935485846288158e-15,1.935485846288158e-15,9,53,6.25,0
361,1.6330216895259886,1,pre_ko_rhs,2.7757416955117539e-15,2.7757416955117539e-15,9,8,-7.625,0
361,1.6330216895259886,2,pre_ko_rhs,1.9464319554763592e-15,1.9464319554763592e-15,9,39,2.125,0
361,1.6330216895259886,3,pre_ko_rhs,1.9959555941252371e-15,1.9959555941252371e-15,9,51,5.875,0
361,1.6330216895259886,4,pre_ko_rhs,1.9466150583356295e-15,1.9466150583356295e-15,9,51,5.25,0
362,1.6380515310427748,1,pre_ko_rhs,2.8988027201012996e-15,2.8988027201012996e-15,9,53,7.875,0
362,1.6380515310427748,2,pre_ko_rhs,2.2335374283267425e-15,2.2335374283267425e-15,9,10,-5,0
362,1.6380515310427748,3,pre_ko_rhs,1.865721956873941e-15,1.865721956873941e-15,9,53,7.875,0
362,1.6380515310427748,4,pre_ko_rhs,2.0578311836139481e-15,2.0578311836139481e-15,9,53,6.125,0
363,1.6430793867971702,1,pre_ko_rhs,2.4115863937594433e-15,2.4115863937594433e-15,9,53,8,0
363,1.6430793867971702,2,pre_ko_rhs,1.9887864173459488e-15,1.9887864173459488e-15,9,8,-7.75,0
363,1.6430793867971702,3,pre_ko_rhs,2.4043188947450814e-15,2.4043188947450814e-15,9,8,-7.75,0
363,1.6430793867971702,4,pre_ko_rhs,2.3331568446397166e-15,2.3331568446397166e-15,9,53,7.625,0
364,1.6481053507081282,1,pre_ko_rhs,2.5366417629888226e-15,2.5366417629888226e-15,9,8,-6.375,0
364,1.6481053507081282,2,pre_ko_rhs,2.1340533156332078e-15,2.1340533156332078e-15,9,53,7.375,0
364,1.6481053507081282,3,pre_ko_rhs,1.5732049680806356e-15,1.5732049680806356e-15,9,16,-2.875,0
364,1.6481053507081282,4,pre_ko_rhs,2.5981069885165042e-15,2.5981069885165042e-15,9,8,-8,0
365,1.6531295230533842,1,pre_ko_rhs,1.9293156460984955e-15,1.9293156460984955e-15,9,8,-6.75,0
365,1.6531295230533842,2,pre_ko_rhs,2.2928751173596565e-15,2.2928751173596565e-15,9,8,-7.875,0
365,1.6531295230533842,3,pre_ko_rhs,1.9053980926723307e-15,1.9053980926723307e-15,9,51,5.625,0
365,1.6531295230533842,4,pre_ko_rhs,2.1063095952511644e-15,2.1063095952511644e-15,9,51,5.875,0
366,1.6581520096548994,1,pre_ko_rhs,1.5500013804024389e-15,1.5500013804024389e-15,9,53,8,0
366,1.6581520096548994,2,pre_ko_rhs,2.0438751078380593e-15,2.0438751078380593e-15,9,53,7.25,0
366,1.6581520096548994,3,pre_ko_rhs,2.0039762756476431e-15,2.0039762756476431e-15,9,53,7.375,0
366,1.6581520096548994,4,pre_ko_rhs,2.3078276450851795e-15,2.3078276450851795e-15,9,8,-7.625,0
367,1.6631729208330865,1,pre_ko_rhs,2.4477215345997395e-15,2.4477215345997395e-15,9,8,-7.875,0
367,1.6631729208330865,2,pre_ko_rhs,3.2458551374903873e-15,3.2458551374903873e-15,9,8,-7.875,0
367,1.6631729208330865,3,pre_ko_rhs,2.2705828770081099e-15,2.2705828770081099e-15,9,8,-7.75,0
367,1.6631729208330865,4,pre_ko_rhs,2.1397308757634698e-15,2.1397308757634698e-15,9,10,-5.875,0
368,1.6681923701930201,1,pre_ko_rhs,2.1765466835634879e-15,2.1765466835634879e-15,9,51,4.875,0
368,1.6681923701930201,2,pre_ko_rhs,1.9346371258594268e-15,1.9346371258594268e-15,9,8,-6.25,0
368,1.6681923701930201,3,pre_ko_rhs,2.6182407897085715e-15,2.6182407897085715e-15,9,8,-7.375,0
368,1.6681923701930201,4,pre_ko_rhs,2.3231618477747391e-15,2.3231618477747391e-15,9,10,-5.75,0
369,1.6732104733101429,1,pre_ko_rhs,2.1102737870985739e-15,2.1102737870985739e-15,9,8,-6.5,0
369,1.6732104733101429,2,pre_ko_rhs,2.2591257641954499e-15,2.2591257641954499e-15,9,8,-7.375,0
369,1.6732104733101429,3,pre_ko_rhs,1.8985235856453557e-15,1.8985235856453557e-15,9,8,-7.875,0
369,1.6732104733101429,4,pre_ko_rhs,1.9747840919733381e-15,1.9747840919733381e-15,9,39,2.625,0
370,1.6782273463833539,1,pre_ko_rhs,2.8127682318379478e-15,2.8127682318379478e-15,9,8,-7.875,0
370,1.6782273463833539,2,pre_ko_rhs,1.9154357583700049e-15,1.9154357583700049e-15,9,39,3.625,0
370,1.6782273463833539,3,pre_ko_rhs,2.0227744267977575e-15,2.0227744267977575e-15,9,8,-7,0
370,1.6782273463833539,4,pre_ko_rhs,1.7590394821301388e-15,1.7590394821301388e-15,9,37,1,0
371,1.6832431049202117,1,pre_ko_rhs,2.1041578192420473e-15,2.1041578192420473e-15,9,53,7.75,0
371,1.6832431049202117,2,pre_ko_rhs,2.0393478783905371e-15,2.0393478783905371e-15,9,53,7.75,0
371,1.6832431049202117,3,pre_ko_rhs,1.8819440662958891e-15,1.8819440662958891e-15,9,16,-2.875,0
371,1.6832431049202117,4,pre_ko_rhs,1.8846047839962615e-15,1.8846047839962615e-15,9,8,-7.875,0
372,1.6882578625126363,1,pre_ko_rhs,2.1224691520772645e-15,2.1224691520772645e-15,9,53,7,0
372,1.6882578625126363,2,pre_ko_rhs,1.898346556194793e-15,1.898346556194793e-15,9,8,-8,0
372,1.6882578625126363,3,pre_ko_rhs,2.4347743034131885e-15,2.4347743034131885e-15,9,8,-7.75,0
372,1.6882578625126363,4,pre_ko_rhs,3.1727869811509589e-15,3.1727869811509589e-15,9,53,7.375,0
373,1.6932717297524815,1,pre_ko_rhs,2.4920376800640805e-15,2.4920376800640805e-15,9,53,7,0
373,1.6932717297524815,2,pre_ko_rhs,1.4921449562431224e-15,1.4921449562431224e-15,9,8,-6.5,0
373,1.6932717297524815,3,pre_ko_rhs,1.7738654779110448e-15,1.7738654779110448e-15,9,53,7.75,0
373,1.6932717297524815,4,pre_ko_rhs,1.8069184896573055e-15,1.8069184896573055e-15,9,39,2.875,0
374,1.6982848133253325,1,pre_ko_rhs,2.1632685574576847e-15,2.1632685574576847e-15,9,53,7.625,0
374,1.6982848133253325,2,pre_ko_rhs,1.8228881517522288e-15,1.8228881517522288e-15,9,8,-7.625,0
374,1.6982848133253325,3,pre_ko_rhs,1.9616625254680958e-15,1.9616625254680958e-15,9,8,-7,0
374,1.6982848133253325,4,pre_ko_rhs,1.5773584500242578e-15,1.5773584500242578e-15,9,53,8,0
375,1.7032972153086043,1,pre_ko_rhs,1.9768800897213131e-15,1.9768800897213131e-15,9,53,6.75,0
375,1.7032972153086043,2,pre_ko_rhs,1.8055788692502384e-15,1.8055788692502384e-15,9,53,7.75,0
375,1.7032972153086043,3,pre_ko_rhs,2.0242424434145796e-15,2.0242424434145796e-15,9,8,-7.375,0
375,1.7032972153086043,4,pre_ko_rhs,2.1649286988508889e-15,2.1649286988508889e-15,9,8,-7.625,0
376,1.7083090326872148,1,pre_ko_rhs,1.8438679975977139e-15,1.8438679975977139e-15,9,8,-7.375,0
376,1.7083090326872148,2,pre_ko_rhs,2.00990269099887e-15,2.00990269099887e-15,9,8,-7.375,0
376,1.7083090326872148,3,pre_ko_rhs,1.9193915163175298e-15,1.9193915163175298e-15,9,51,4.625,0
376,1.7083090326872148,4,pre_ko_rhs,1.6818597132739936e-15,1.6818597132739936e-15,9,10,-4.75,0
377,1.7133203570875453,1,pre_ko_rhs,2.0213451966717939e-15,2.0213451966717939e-15,9,10,-4.875,0
377,1.7133203570875453,2,pre_ko_rhs,2.1066215772101844e-15,2.1066215772101844e-15,9,16,-3.875,0
377,1.7133203570875453,3,pre_ko_rhs,2.2580519281876131e-15,2.2580519281876131e-15,9,8,-7,0
377,1.7133203570875453,4,pre_ko_rhs,1.9591515303006333e-15,1.9591515303006333e-15,9,10,-5.75,0
378,1.718331274718764,1,pre_ko_rhs,2.0794472446246687e-15,2.0794472446246687e-15,9,8,-6.5,0
378,1.718331274718764,2,pre_ko_rhs,2.4696909099837687e-15,2.4696909099837687e-15,9,8,-7.625,0
378,1.718331274718764,3,pre_ko_rhs,1.9297942357357293e-15,1.9297942357357293e-15,9,51,5.75,0
378,1.718331274718764,4,pre_ko_rhs,2.0237516714039072e-15,2.0237516714039072e-15,9,53,6.75,0
379,1.7233418665004909,1,pre_ko_rhs,1.9466912373584151e-15,1.9466912373584151e-15,9,53,6.375,0
379,1.7233418665004909,2,pre_ko_rhs,2.0014400994959278e-15,2.0014400994959278e-15,9,53,7.5,0
379,1.7233418665004909,3,pre_ko_rhs,1.71962757144425e-15,1.71962757144425e-15,9,53,6.875,0
379,1.7233418665004909,4,pre_ko_rhs,1.8998995258000245e-15,1.8998995258000245e-15,9,8,-7.25,0
380,1.7283522083477103,1,pre_ko_rhs,1.8137542025926063e-15,1.8137542025926063e-15,9,8,-7.5,0
380,1.7283522083477103,2,pre_ko_rhs,2.9016698356737918e-15,2.9016698356737918e-15,9,8,-7.625,0
380,1.7283522083477103,3,pre_ko_rhs,1.6225831704952369e-15,1.6225831704952369e-15,9,53,7.375,0
380,1.7283522083477103,4,pre_ko_rhs,2.1602619019961078e-15,2.1602619019961078e-15,9,53,7.625,0
381,1.733362371578147,1,pre_ko_rhs,1.9629616665470315e-15,1.9629616665470315e-15,9,8,-7.375,0
381,1.733362371578147,2,pre_ko_rhs,2.3763816355264095e-15,2.3763816355264095e-15,9,8,-8,0
381,1.733362371578147,3,pre_ko_rhs,2.0458445467049829e-15,2.0458445467049829e-15,9,51,5.125,0
381,1.733362371578147,4,pre_ko_rhs,2.2777918922820605e-15,2.2777918922820605e-15,9,8,-8,0
382,1.7383724234042028,1,pre_ko_rhs,1.8381719550077814e-15,1.8381719550077814e-15,9,53,6.125,0
382,1.7383724234042028,2,pre_ko_rhs,1.5536092702903227e-15,1.5536092702903227e-15,9,37,1.5,0
382,1.7383724234042028,3,pre_ko_rhs,2.6003287601015477e-15,2.6003287601015477e-15,9,53,7.375,0
382,1.7383724234042028,4,pre_ko_rhs,1.6129913009440405e-15,1.6129913009440405e-15,9,39,2.75,0
383,1.7433824274710421,1,pre_ko_rhs,1.7665081015473492e-15,1.7665081015473492e-15,9,8,-7.875,0
383,1.7433824274710421,2,pre_ko_rhs,1.6444205518293541e-15,1.6444205518293541e-15,9,8,-7.25,0
383,1.7433824274710421,3,pre_ko_rhs,2.5141978480749235e-15,2.5141978480749235e-15,9,53,7.875,0
383,1.7433824274710421,4,pre_ko_rhs,2.0597640411759642e-15,2.0597640411759642e-15,9,53,7.75,0
384,1.7483924444043559,1,pre_ko_rhs,1.9359430720282228e-15,1.9359430720282228e-15,9,53,7.875,0
384,1.7483924444043559,2,pre_ko_rhs,2.1384470112356875e-15,2.1384470112356875e-15,9,8,-6.625,0
384,1.7483924444043559,3,pre_ko_rhs,1.7370058653883814e-15,1.7370058653883814e-15,9,10,-4.875,0
384,1.7483924444043559,4,pre_ko_rhs,2.0128147934337624e-15,2.0128147934337624e-15,9,53,6.125,0
385,1.753402532335486,1,pre_ko_rhs,2.5853992241799833e-15,2.5853992241799833e-15,9,53,7.875,0
385,1.753402532335486,2,pre_ko_rhs,2.2868740711033073e-15,2.2868740711033073e-15,9,53,6.375,0
385,1.753402532335486,3,pre_ko_rhs,2.4217513639164697e-15,2.4217513639164697e-15,9,53,8,0
385,1.753402532335486,4,pre_ko_rhs,2.2970602860854417e-15,2.2970602860854417e-15,9,8,-6.875,0
386,1.7584127473775322,1,pre_ko_rhs,2.2877558204642749e-15,2.2877558204642749e-15,9,8,-7.75,0
386,1.7584127473775322,2,pre_ko_rhs,2.1696841489221484e-15,2.1696841489221484e-15,9,8,-7.875,0
386,1.7584127473775322,3,pre_ko_rhs,2.1317524361143697e-15,2.1317524361143697e-15,9,53,6.875,0
386,1.7584127473775322,4,pre_ko_rhs,2.0060850015926521e-15,2.0060850015926521e-15,9,8,-7.875,0
387,1.7634231440333064,1,pre_ko_rhs,1.8613577534566748e-15,1.8613577534566748e-15,9,10,-5.875,0
387,1.7634231440333064,2,pre_ko_rhs,2.0024869248501654e-15,2.0024869248501654e-15,9,51,5.625,0
387,1.7634231440333064,3,pre_ko_rhs,1.8604725239147348e-15,1.8604725239147348e-15,9,8,-7.25,0
387,1.7634231440333064,4,pre_ko_rhs,1.7755298982119309e-15,1.7755298982119309e-15,9,18,-1.75,0
388,1.7684335276024312,1,pre_ko_rhs,2.2645207266519393e-15,2.2645207266519393e-15,9,8,-6.625,0
388,1.7684335276024312,2,pre_ko_rhs,1.8335015765903302e-15,1.8335015765903302e-15,9,51,5.125,0
388,1.7684335276024312,3,pre_ko_rhs,1.8821035687638602e-15,1.8821035687638602e-15,9,53,6.625,0
388,1.7684335276024312,4,pre_ko_rhs,1.8250076830524555e-15,1.8250076830524555e-15,9,53,6.625,0
389,1.7734437116998907,1,pre_ko_rhs,2.3514073819215998e-15,2.3514073819215998e-15,9,53,7.875,0
389,1.7734437116998907,2,pre_ko_rhs,2.1016446280905735e-15,2.1016446280905735e-15,9,10,-5.625,0
389,1.7734437116998907,3,pre_ko_rhs,1.9998987291747263e-15,1.9998987291747263e-15,9,53,7.875,0
389,1.7734437116998907,4,pre_ko_rhs,1.5526536896551641e-15,1.5526536896551641e-15,9,53,7.875,0
390,1.7784537752544061,1,pre_ko_rhs,2.0930021489278693e-15,2.0930021489278693e-15,9,53,7.875,0
390,1.7784537752544061,2,pre_ko_rhs,2.0603898466245442e-15,2.0603898466245442e-15,9,53,6.5,0
390,1.7784537752544061,3,pre_ko_rhs,2.1721302896160121e-15,2.1721302896160121e-15,9,53,7.375,0
390,1.7784537752544061,4,pre_ko_rhs,2.0421819228685073e-15,2.0421819228685073e-15,9,53,7.875,0
391,1.7834637966280915,1,pre_ko_rhs,2.5756973367990333e-15,2.5756973367990333e-15,9,53,7.875,0
391,1.7834637966280915,2,pre_ko_rhs,1.8108644374445955e-15,1.8108644374445955e-15,9,39,3.125,0
391,1.7834637966280915,3,pre_ko_rhs,1.6174162684819824e-15,1.6174162684819824e-15,9,51,4.25,0
391,1.7834637966280915,4,pre_ko_rhs,1.9344222746780757e-15,1.9344222746780757e-15,9,53,7.625,0
392,1.7884738534430147,1,pre_ko_rhs,1.9808868749456336e-15,1.9808868749456336e-15,9,53,7.875,0
392,1.7884738534430147,2,pre_ko_rhs,2.5861134989338319e-15,2.5861134989338319e-15,9,53,7.375,0
392,1.7884738534430147,3,pre_ko_rhs,1.8239087226928401e-15,1.8239087226928401e-15,9,8,-8,0
392,1.7884738534430147,4,pre_ko_rhs,2.8621014856661187e-15,2.8621014856661187e-15,9,53,7.875,0
393,1.793484022406604,1,pre_ko_rhs,1.741476139873091e-15,1.741476139873091e-15,9,53,6.75,0
393,1.793484022406604,2,pre_ko_rhs,1.8908228167976674e-15,1.8908228167976674e-15,9,8,-6.25,0
393,1.793484022406604,3,pre_ko_rhs,2.2004777470856297e-15,2.2004777470856297e-15,9,8,-7.875,0
393,1.793484022406604,4,pre_ko_rhs,2.0652443339725931e-15,2.0652443339725931e-15,9,39,2.5,0
394,1.7984943791452745,1,pre_ko_rhs,1.9895484280953723e-15,1.9895484280953723e-15,9,8,-7.75,0
394,1.7984943791452745,2,pre_ko_rhs,1.8548573253773011e-15,1.8548573253773011e-15,9,8,-7.375,0
394,1.7984943791452745,3,pre_ko_rhs,1.9289189278814146e-15,1.9289189278814146e-15,9,16,-3.875,0
394,1.7984943791452745,4,pre_ko_rhs,2.0745619370654481e-15,2.0745619370654481e-15,9,51,5.375,0
395,1.8035049980559077,1,pre_ko_rhs,2.0344687970346264e-15,2.0344687970346264e-15,9,53,6.25,0
395,1.8035049980559077,2,pre_ko_rhs,2.1033542117702557e-15,2.1033542117702557e-15,9,8,-7.5,0
395,1.8035049980559077,3,pre_ko_rhs,2.2316651055725157e-15,2.2316651055725157e-15,9,10,-4,0
395,1.8035049980559077,4,pre_ko_rhs,1.8964259138365787e-15,1.8964259138365787e-15,9,53,6.875,0
396,1.8085159521845424,1,pre_ko_rhs,1.914849967655484e-15,1.914849967655484e-15,9,53,6.25,0
396,1.8085159521845424,2,pre_ko_rhs,1.746084408918107e-15,1.746084408918107e-15,9,8,-6,0
396,1.8085159521845424,3,pre_ko_rhs,2.167636403939635e-15,2.167636403939635e-15,9,8,-7.5,0
396,1.8085159521845424,4,pre_ko_rhs,2.0921431181933779e-15,2.0921431181933779e-15,9,53,6.5,0
397,1.813527313139788,1,pre_ko_rhs,2.1019297744331138e-15,2.1019297744331138e-15,9,53,7.625,0
397,1.813527313139788,2,pre_ko_rhs,2.0463156171675374e-15,2.0463156171675374e-15,9,53,7.75,0
397,1.813527313139788,3,pre_ko_rhs,1.7221615254497263e-15,1.7221615254497263e-15,9,53,8,0
397,1.813527313139788,4,pre_ko_rhs,2.3570833444356164e-15,2.3570833444356164e-15,9,53,6.625,0
398,1.8185391510484561,1,pre_ko_rhs,2.9763991715717826e-15,2.9763991715717826e-15,9,8,-8,0
398,1.8185391510484561,2,pre_ko_rhs,2.9801352405841827e-15,2.9801352405841827e-15,9,8,-7.625,0
398,1.8185391510484561,3,pre_ko_rhs,2.0523807763285884e-15,2.0523807763285884e-15,9,53,6.25,0
398,1.8185391510484561,4,pre_ko_rhs,2.4675724817574736e-15,2.4675724817574736e-15,9,53,7.5,0
399,1.8235515345650513,1,pre_ko_rhs,2.1753451226220603e-15,2.1753451226220603e-15,9,8,-7.875,0
399,1.8235515345650513,2,pre_ko_rhs,2.3553519150207462e-15,2.3553519150207462e-15,9,53,7.125,0
399,1.8235515345650513,3,pre_ko_rhs,1.9132803958832159e-15,1.9132803958832159e-15,9,53,7.125,0
399,1.8235515345650513,4,pre_ko_rhs,1.7409172037033501e-15,1.7409172037033501e-15,9,10,-4.75,0
400,1.8285645309317471,1,pre_ko_rhs,2.080413409961605e-15,2.080413409961605e-15,9,51,5.375,0
400,1.8285645309317471,2,pre_ko_rhs,2.0224392302840837e-15,2.0224392302840837e-15,9,10,-5.5,0
400,1.8285645309317471,3,pre_ko_rhs,2.1214993986567651e-15,2.1214993986567651e-15,9,8,-8,0
400,1.8285645309317471,4,pre_ko_rhs,2.240165039008754e-15,2.240165039008754e-15,9,8,-7.875,0
401,1.8335782060930532,1,pre_ko_rhs,2.0581887564474046e-15,2.0581887564474046e-15,9,8,-6.125,0
401,1.8335782060930532,2,pre_ko_rhs,2.1600138693462764e-15,2.1600138693462764e-15,9,8,-6.375,0
401,1.8335782060930532,3,pre_ko_rhs,1.993681263426405e-15,1.993681263426405e-15,9,8,-7.5,0
401,1.8335782060930532,4,pre_ko_rhs,2.3167795536386302e-15,2.3167795536386302e-15,9,53,7.25,0
402,1.8385926248650111,1,pre_ko_rhs,2.2372781716843299e-15,2.2372781716843299e-15,9,8,-7.625,0
402,1.8385926248650111,2,pre_ko_rhs,2.570376878934734e-15,2.570376878934734e-15,9,53,7.375,0
402,1.8385926248650111,3,pre_ko_rhs,1.5639843362093796e-15,1.5639843362093796e-15,9,37,2,0
402,1.8385926248650111,4,pre_ko_rhs,2.3310889902159834e-15,2.3310889902159834e-15,9,53,7.625,0
403,1.8436078511564384,1,pre_ko_rhs,2.0051659177760786e-15,2.0051659177760786e-15,9,51,5.625,0
403,1.8436078511564384,2,pre_ko_rhs,2.225780339659399e-15,2.225780339659399e-15,9,53,7.75,0
403,1.8436078511564384,3,pre_ko_rhs,2.4601291733208462e-15,2.4601291733208462e-15,9,8,-7.625,0
403,1.8436078511564384,4,pre_ko_rhs,2.130153401674455e-15,2.130153401674455e-15,9,53,7.5,0
404,1.8486239482377387,1,pre_ko_rhs,2.0134591228567852e-15,2.0134591228567852e-15,9,16,-3,0
404,1.8486239482377387,2,pre_ko_rhs,1.9985190631931332e-15,1.9985190631931332e-15,9,8,-6.375,0
404,1.8486239482377387,3,pre_ko_rhs,1.9859637264224919e-15,1.9859637264224919e-15,9,8,-7.875,0
404,1.8486239482377387,4,pre_ko_rhs,1.8100798015541795e-15,1.8100798015541795e-15,9,53,7.75,0
405,1.8536409790509025,1,pre_ko_rhs,1.756881961283252e-15,1.756881961283252e-15,9,8,-7.5,0
405,1.8536409790509025,2,pre_ko_rhs,1.4918942233733518e-15,1.4918942233733518e-15,9,18,-1.375,0
405,1.8536409790509025,3,pre_ko_rhs,1.6719057814691859e-15,1.6719057814691859e-15,9,53,6.875,0
405,1.8536409790509025,4,pre_ko_rhs,1.8616539726955983e-15,1.8616539726955983e-15,9,8,-7.5,0
406,1.8586590065526551,1,pre_ko_rhs,1.6497854244493074e-15,1.6497854244493074e-15,9,8,-7.75,0
406,1.8586590065526551,2,pre_ko_rhs,1.8491702338081803e-15,1.8491702338081803e-15,9,8,-7.375,0
406,1.8586590065526551,3,pre_ko_rhs,2.2264133900449891e-15,2.2264133900449891e-15,9,39,2.75,0
406,1.8586590065526551,4,pre_ko_rhs,2.0338060422492047e-15,2.0338060422492047e-15,9,8,-7.875,0
407,1.8636780940813074,1,pre_ko_rhs,2.0084536692680304e-15,2.0084536692680304e-15,9,53,8,0
407,1.8636780940813074,2,pre_ko_rhs,1.8959808020366361e-15,1.8959808020366361e-15,9,53,7.25,0
407,1.8636780940813074,3,pre_ko_rhs,2.7638138340062778e-15,2.7638138340062778e-15,9,8,-7.75,0
407,1.8636780940813074,4,pre_ko_rhs,2.1323618492153365e-15,2.1323618492153365e-15,9,53,8,0
408,1.8686983057368045,1,pre_ko_rhs,2.5162862482011944e-15,2.5162862482011944e-15,9,53,7.625,0
408,1.8686983057368045,2,pre_ko_rhs,1.8156314184690439e-15,1.8156314184690439e-15,9,18,-0.125,0
408,1.8686983057368045,3,pre_ko_rhs,2.123632244428412e-15,2.123632244428412e-15,9,53,7.75,0
408,1.8686983057368045,4,pre_ko_rhs,1.9403367493870678e-15,1.9403367493870678e-15,9,8,-7.125,0
409,1.8737197067627356,1,pre_ko_rhs,2.0894230349850469e-15,2.0894230349850469e-15,9,8,-7.25,0
409,1.8737197067627356,2,pre_ko_rhs,1.9205107851704137e-15,1.9205107851704137e-15,9,51,6,0
409,1.8737197067627356,3,pre_ko_rhs,1.9745835448748298e-15,1.9745835448748298e-15,9,10,-4,0
409,1.8737197067627356,4,pre_ko_rhs,2.0662889323329316e-15,2.0662889323329316e-15,9,53,8,0
410,1.8787423639187062,1,pre_ko_rhs,1.997938605419217e-15,1.997938605419217e-15,9,10,-4.75,0
410,1.8787423639187062,2,pre_ko_rhs,2.2903996819590966e-15,2.2903996819590966e-15,9,53,7.875,0
410,1.8787423639187062,3,pre_ko_rhs,1.9165685302384929e-15,1.9165685302384929e-15,9,10,-5.5,0
410,1.8787423639187062,4,pre_ko_rhs,1.9485999537955496e-15,1.9485999537955496e-15,9,8,-7.5,0
411,1.8837663458314751,1,pre_ko_rhs,1.9157744141080436e-15,1.9157744141080436e-15,9,53,7.5,0
411,1.8837663458314751,2,pre_ko_rhs,1.6329397763331918e-15,1.6329397763331918e-15,9,8,-6.25,0
411,1.8837663458314751,3,pre_ko_rhs,2.3329239644637408e-15,2.3329239644637408e-15,9,8,-7.625,0
411,1.8837663458314751,4,pre_ko_rhs,2.0465374932489528e-15,2.0465374932489528e-15,9,8,-7.5,0
412,1.8887917233136127,1,pre_ko_rhs,2.2997597346019031e-15,2.2997597346019031e-15,9,8,-6.5,0
412,1.8887917233136127,2,pre_ko_rhs,2.2044796793797498e-15,2.2044796793797498e-15,9,8,-7,0
412,1.8887917233136127,3,pre_ko_rhs,1.9713433838821206e-15,1.9713433838821206e-15,9,53,7.5,0
412,1.8887917233136127,4,pre_ko_rhs,2.3720089277903831e-15,2.3720089277903831e-15,9,8,-7.875,0
413,1.8938185696391328,1,pre_ko_rhs,2.0930666059996127e-15,2.0930666059996127e-15,9,8,-8,0
413,1.8938185696391328,2,pre_ko_rhs,2.0323652547877609e-15,2.0323652547877609e-15,9,8,-6.75,0
413,1.8938185696391328,3,pre_ko_rhs,2.9083018299623074e-15,2.9083018299623074e-15,9,53,8,0
413,1.8938185696391328,4,pre_ko_rhs,2.3717586813629524e-15,2.3717586813629524e-15,9,8,-7.875,0
414,1.898846960766561,1,pre_ko_rhs,1.7852230970211398e-15,1.7852230970211398e-15,9,53,6.375,0
414,1.898846960766561,2,pre_ko_rhs,2.3506261837640518e-15,2.3506261837640518e-15,9,8,-8,0
414,1.898846960766561,3,pre_ko_rhs,1.8246162264183943e-15,1.8246162264183943e-15,9,37,1.125,0
414,1.898846960766561,4,pre_ko_rhs,1.9024101631946209e-15,1.9024101631946209e-15,9,53,7.125,0
415,1.9038769755012028,1,pre_ko_rhs,1.898362098071355e-15,1.898362098071355e-15,9,8,-7.125,0
415,1.9038769755012028,2,pre_ko_rhs,2.5011461382399803e-15,2.5011461382399803e-15,9,53,7.625,0
415,1.9038769755012028,3,pre_ko_rhs,1.8360849918487673e-15,1.8360849918487673e-15,9,8,-7.25,0
415,1.9038769755012028,4,pre_ko_rhs,2.0722739471379607e-15,2.0722739471379607e-15,9,8,-7.625,0
416,1.9089086955899246,1,pre_ko_rhs,1.8960204010567525e-15,1.8960204010567525e-15,9,16,-3.75,0
416,1.9089086955899246,2,pre_ko_rhs,2.4288984007491638e-15,2.4288984007491638e-15,9,53,7.625,0
416,1.9089086955899246,3,pre_ko_rhs,2.0005143055907675e-15,2.0005143055907675e-15,9,8,-7.25,0
416,1.9089086955899246,4,pre_ko_rhs,2.2229821638411883e-15,2.2229821638411883e-15,9,8,-7.5,0
417,1.9139422057435271,1,pre_ko_rhs,1.4858213966660655e-15,1.4858213966660655e-15,9,10,-4.75,0
417,1.9139422057435271,2,pre_ko_rhs,1.9954030757959905e-15,1.9954030757959905e-15,9,10,-5.75,0
417,1.9139422057435271,3,pre_ko_rhs,1.7687458733266435e-15,1.7687458733266435e-15,9,10,-5.5,0
417,1.9139422057435271,4,pre_ko_rhs,2.3265326221403795e-15,2.3265326221403795e-15,9,53,7.5,0
418,1.9189775935837199,1,pre_ko_rhs,1.877633850529342e-15,1.877633850529342e-15,9,53,7.5,0
418,1.9189775935837199,2,pre_ko_rhs,1.8962979390251754e-15,1.8962979390251754e-15,9,10,-4.75,0
418,1.9189775935837199,3,pre_ko_rhs,1.8475098297912496e-15,1.8475098297912496e-15,9,39,3.125,0
418,1.9189775935837199,4,pre_ko_rhs,1.6272354755640754e-15,1.6272354755640754e-15,9,53,6.125,0
419,1.92401494951376,1,pre_ko_rhs,2.6840773385073976e-15,2.6840773385073976e-15,9,53,7.625,0
419,1.92401494951376,2,pre_ko_rhs,2.1277287652511206e-15,2.1277287652511206e-15,9,8,-8,0
419,1.92401494951376,3,pre_ko_rhs,1.8896915241348265e-15,1.8896915241348265e-15,9,53,7.5,0
419,1.92401494951376,4,pre_ko_rhs,2.3877929425087528e-15,2.3877929425087528e-15,9,53,8,0
420,1.9290543665139341,1,pre_ko_rhs,1.760321661713913e-15,1.760321661713913e-15,9,53,7.875,0
420,1.9290543665139341,2,pre_ko_rhs,1.9838624094885557e-15,1.9838624094885557e-15,9,53,7.75,0
420,1.9290543665139341,3,pre_ko_rhs,1.5732622297661527e-15,1.5732622297661527e-15,9,18,-1.875,0
420,1.9290543665139341,4,pre_ko_rhs,2.0908361306429013e-15,2.0908361306429013e-15,9,53,6.125,0
421,1.9340959398651909,1,pre_ko_rhs,1.7659528762371795e-15,1.7659528762371795e-15,9,8,-6.125,0
421,1.9340959398651909,2,pre_ko_rhs,2.7668644685508418e-15,2.7668644685508418e-15,9,53,7.75,0
421,1.9340959398651909,3,pre_ko_rhs,1.8919628993899214e-15,1.8919628993899214e-15,9,8,-7.75,0
421,1.9340959398651909,4,pre_ko_rhs,1.8880459688726317e-15,1.8880459688726317e-15,9,53,8,0
422,1.9391397668062949,1,pre_ko_rhs,2.5492093675271269e-15,2.5492093675271269e-15,9,53,7.75,0
422,1.9391397668062949,2,pre_ko_rhs,2.108690621378259e-15,2.108690621378259e-15,9,8,-7.125,0
422,1.9391397668062949,3,pre_ko_rhs,1.9770408532022102e-15,1.9770408532022102e-15,9,53,7.5,0
422,1.9391397668062949,4,pre_ko_rhs,1.6840963381405668e-15,1.6840963381405668e-15,9,8,-6.375,0
423,1.9441859461318289,1,pre_ko_rhs,1.6674881880034275e-15,1.6674881880034275e-15,9,18,-0.75,0
423,1.9441859461318289,2,pre_ko_rhs,1.8571520681660489e-15,1.8571520681660489e-15,9,51,4.875,0
423,1.9441859461318289,3,pre_ko_rhs,1.7636419756478808e-15,1.7636419756478808e-15,9,8,-7.375,0
423,1.9441859461318289,4,pre_ko_rhs,2.0026421768409581e-15,2.0026421768409581e-15,9,53,7.875,0
424,1.9492345777401385,1,pre_ko_rhs,1.7735596560570196e-15,1.7735596560570196e-15,9,53,7.375,0
424,1.9492345777401385,2,pre_ko_rhs,2.0540803693165482e-15,2.0540803693165482e-15,9,51,5,0
424,1.9492345777401385,3,pre_ko_rhs,2.2251798758593433e-15,2.2251798758593433e-15,9,53,7.125,0
424,1.9492345777401385,4,pre_ko_rhs,2.1705002356289036e-15,2.1705002356289036e-15,9,8,-7.125,0
425,1.9542857621418275,1,pre_ko_rhs,1.9443339109195435e-15,1.9443339109195435e-15,9,53,7.375,0
425,1.9542857621418275,2,pre_ko_rhs,1.9248497106193589e-15,1.9248497106193589e-15,9,53,7.125,0
425,1.9542857621418275,3,pre_ko_rhs,1.8325576670596365e-15,1.8325576670596365e-15,9,37,1.875,0
425,1.9542857621418275,4,pre_ko_rhs,2.4620775881968801e-15,2.4620775881968801e-15,9,8,-7.5,0
426,1.9593394708277532,1,pre_ko_rhs,2.1116150100242298e-15,2.1116150100242298e-15,9,51,4.625,0
426,1.9593394708277532,2,pre_ko_rhs,1.5535356076059093e-15,1.5535356076059093e-15,9,8,-6.625,0
426,1.9593394708277532,3,pre_ko_rhs,2.3677327862524005e-15,2.3677327862524005e-15,9,8,-7.875,0
426,1.9593394708277532,4,pre_ko_rhs,2.2773331210148555e-15,2.2773331210148555e-15,9,53,7,0
427,1.9643954749559844,1,pre_ko_rhs,2.2618277482353859e-15,2.2618277482353859e-15,9,8,-6.5,0
427,1.9643954749559844,2,pre_ko_rhs,2.2347398324070719e-15,2.2347398324070719e-15,9,53,7.25,0
427,1.9643954749559844,3,pre_ko_rhs,2.6665910450983197e-15,2.6665910450983197e-15,9,53,7,0
427,1.9643954749559844,4,pre_ko_rhs,2.0323865795618888e-15,2.0323865795618888e-15,9,51,5.25,0
428,1.9694538880349093,1,pre_ko_rhs,1.9721675513039807e-15,1.9721675513039807e-15,9,10,-4.5,0
428,1.9694538880349093,2,pre_ko_rhs,2.1551409374647572e-15,2.1551409374647572e-15,9,16,-3,0
428,1.9694538880349093,3,pre_ko_rhs,2.1054121639443405e-15,2.1054121639443405e-15,9,8,-7.5,0
428,1.9694538880349093,4,pre_ko_rhs,2.6614708785458545e-15,2.6614708785458545e-15,9,53,7.875,0
429,1.97451482554497,1,pre_ko_rhs,1.7801409822929721e-15,1.7801409822929721e-15,9,53,7.25,0
429,1.97451482554497,2,pre_ko_rhs,1.8072825922246631e-15,1.8072825922246631e-15,9,51,4.125,0
429,1.97451482554497,3,pre_ko_rhs,1.775371841951133e-15,1.775371841951133e-15,9,8,-6.75,0
429,1.97451482554497,4,pre_ko_rhs,2.2133531313806768e-15,2.2133531313806768e-15,9,8,-7.5,0
430,1.9795784039597999,1,pre_ko_rhs,2.2493426046963737e-15,2.2493426046963737e-15,9,53,8,0
430,1.9795784039597999,2,pre_ko_rhs,1.7226875437612153e-15,1.7226875437612153e-15,9,51,4.875,0
430,1.9795784039597999,3,pre_ko_rhs,1.7046937142724742e-15,1.7046937142724742e-15,9,53,7.375,0
430,1.9795784039597999,4,pre_ko_rhs,2.5338423977764067e-15,2.5338423977764067e-15,9,53,7.375,0
431,1.9846447397283085,1,pre_ko_rhs,1.9189215448142901e-15,1.9189215448142901e-15,9,8,-7.5,0
431,1.9846447397283085,2,pre_ko_rhs,2.2335077291412534e-15,2.2335077291412534e-15,9,53,7,0
431,1.9846447397283085,3,pre_ko_rhs,2.2758585164528259e-15,2.2758585164528259e-15,9,8,-7.875,0
431,1.9846447397283085,4,pre_ko_rhs,1.6942256670084283e-15,1.6942256670084283e-15,9,51,5.75,0
432,1.9897139482518396,1,pre_ko_rhs,2.5124647608499327e-15,2.5124647608499327e-15,9,53,7.75,0
432,1.9897139482518396,2,pre_ko_rhs,2.2727622674351539e-15,2.2727622674351539e-15,9,10,-5.875,0
432,1.9897139482518396,3,pre_ko_rhs,2.1892101648003006e-15,2.1892101648003006e-15,9,53,6.125,0
432,1.9897139482518396,4,pre_ko_rhs,2.086131550204169e-15,2.086131550204169e-15,9,8,-7.875,0
433,1.9947861428901388,1,pre_ko_rhs,1.4915987462304107e-15,1.4915987462304107e-15,9,10,-4.75,0
433,1.9947861428901388,2,pre_ko_rhs,2.5958875856563813e-15,2.5958875856563813e-15,9,8,-7.625,0
433,1.9947861428901388,3,pre_ko_rhs,2.2960651758021161e-15,2.2960651758021161e-15,9,8,-6.25,0
433,1.9947861428901388,4,pre_ko_rhs,2.3363125876103268e-15,2.3363125876103268e-15,9,53,7.75,0
434,1.9998614340282117,1,pre_ko_rhs,2.3939149422274405e-15,2.3939149422274405e-15,9,53,7.875,0
434,1.9998614340282117,2,pre_ko_rhs,1.9224999928988749e-15,1.9224999928988749e-15,9,8,-7.875,0
434,1.9998614340282117,3,pre_ko_rhs,2.2319917513620195e-15,2.2319917513620195e-15,9,10,-5.5,0
434,1.9998614340282117,4,pre_ko_rhs,2.470033618622111e-15,2.470033618622111e-15,9,53,8,0
435,2.004939928233306,1,pre_ko_rhs,1.801349922575718e-15,1.801349922575718e-15,9,16,-3.625,0
435,2.004939928233306,2,pre_ko_rhs,2.07047015244914e-15,2.07047015244914e-15,9,16,-2.75,0
435,2.004939928233306,3,pre_ko_rhs,2.3757208316261793e-15,2.3757208316261793e-15,9,53,7.375,0
435,2.004939928233306,4,pre_ko_rhs,2.3113296890822464e-15,2.3113296890822464e-15,9,53,7.625,0
436,2.0100217275273904,1,pre_ko_rhs,1.6888152735865784e-15,1.6888152735865784e-15,9,39,3.625,0
436,2.0100217275273904,2,pre_ko_rhs,2.3445869311957272e-15,2.3445869311957272e-15,9,8,-8,0
436,2.0100217275273904,3,pre_ko_rhs,2.1135283957032606e-15,2.1135283957032606e-15,9,8,-7.625,0
436,2.0100217275273904,4,pre_ko_rhs,1.9802893373109591e-15,1.9802893373109591e-15,9,8,-7,0
437,2.0151069287958041,1,pre_ko_rhs,2.0882828045589293e-15,2.0882828045589293e-15,9,53,7.5,0
437,2.0151069287958041,2,pre_ko_rhs,1.7693104558680437e-15,1.7693104558680437e-15,9,39,4,0
437,2.0151069287958041,3,pre_ko_rhs,2.1321050988120003e-15,2.1321050988120003e-15,9,8,-8,0
437,2.0151069287958041,4,pre_ko_rhs,2.0456139845663992e-15,2.0456139845663992e-15,9,8,-7.125,0
438,2.0201956233474263,1,pre_ko_rhs,1.9543838703397771e-15,1.9543838703397771e-15,9,8,-6.25,0
438,2.0201956233474263,2,pre_ko_rhs,2.3763373867530678e-15,2.3763373867530678e-15,9,53,7.25,0
438,2.0201956233474263,3,pre_ko_rhs,2.4509527013906281e-15,2.4509527013906281e-15,9,53,7.625,0
438,2.0201956233474263,4,pre_ko_rhs,2.1802865037633489e-15,2.1802865037633489e-15,9,8,-6.5,0
439,2.0252878966358736,1,pre_ko_rhs,1.838664235922788e-15,1.838664235922788e-15,9,16,-3.25,0
439,2.0252878966358736,2,pre_ko_rhs,2.0094005351710781e-15,2.0094005351710781e-15,9,8,-6.125,0
439,2.0252878966358736,3,pre_ko_rhs,2.0808226923690499e-15,2.0808226923690499e-15,9,53,7,0
439,2.0252878966358736,4,pre_ko_rhs,2.2289276499253877e-15,2.2289276499253877e-15,9,51,5.875,0
440,2.0303838281457178,1,pre_ko_rhs,1.8587567384318333e-15,1.8587567384318333e-15,9,16,-3.625,0
440,2.0303838281457178,2,pre_ko_rhs,1.9216770715086778e-15,1.9216770715086778e-15,9,53,7.375,0
440,2.0303838281457178,3,pre_ko_rhs,1.9045340926183057e-15,1.9045340926183057e-15,9,39,4,0
440,2.0303838281457178,4,pre_ko_rhs,2.3437448700237818e-15,2.3437448700237818e-15,9,53,6.375,0
441,2.0354834914417834,1,pre_ko_rhs,2.4916497683968021e-15,2.4916497683968021e-15,9,8,-7.875,0
441,2.0354834914417834,2,pre_ko_rhs,1.5615259013078242e-15,1.5615259013078242e-15,9,53,7.375,0
441,2.0354834914417834,3,pre_ko_rhs,1.7191254516620996e-15,1.7191254516620996e-15,9,8,-6.375,0
441,2.0354834914417834,4,pre_ko_rhs,2.5064372148000619e-15,2.5064372148000619e-15,9,53,7,0
442,2.0405869543740915,1,pre_ko_rhs,2.0039946645563419e-15,2.0039946645563419e-15,9,8,-6.625,0
442,2.0405869543740915,2,pre_ko_rhs,2.4049576387303508e-15,2.4049576387303508e-15,9,53,7.875,0
442,2.0405869543740915,3,pre_ko_rhs,2.1528642901009983e-15,2.1528642901009983e-15,9,51,5.625,0
442,2.0405869543740915,4,pre_ko_rhs,2.4195592593852501e-15,2.4195592593852501e-15,9,8,-7.25,0
443,2.0456942794259829,1,pre_ko_rhs,2.1092164899216884e-15,2.1092164899216884e-15,9,53,7.875,0
443,2.0456942794259829,2,pre_ko_rhs,2.1495187316238458e-15,2.1495187316238458e-15,9,10,-5.5,0
443,2.0456942794259829,3,pre_ko_rhs,2.1936199693921479e-15,2.1936199693921479e-15,9,53,7,0
443,2.0456942794259829,4,pre_ko_rhs,2.1931607621606287e-15,2.1931607621606287e-15,9,53,8,0
444,2.0508055241885699,1,pre_ko_rhs,1.9164205574611233e-15,1.9164205574611233e-15,9,37,0.25,0
444,2.0508055241885699,2,pre_ko_rhs,1.9832138172888253e-15,1.9832138172888253e-15,9,8,-7.375,0
444,2.0508055241885699,3,pre_ko_rhs,2.0898055075810728e-15,2.0898055075810728e-15,9,8,-6,0
444,2.0508055241885699,4,pre_ko_rhs,1.8590956070996955e-15,1.8590956070996955e-15,9,10,-5.75,0
445,2.0559207419410579,1,pre_ko_rhs,2.1584474907116569e-15,2.1584474907116569e-15,9,53,7.25,0
445,2.0559207419410579,2,pre_ko_rhs,1.7265932445815915e-15,1.7265932445815915e-15,9,39,4,0
445,2.0559207419410579,3,pre_ko_rhs,1.7736115431268036e-15,1.7736115431268036e-15,9,39,2.5,0
445,2.0559207419410579,4,pre_ko_rhs,2.2445327445670681e-15,2.2445327445670681e-15,9,53,7.75,0
446,2.0610399823137526,1,pre_ko_rhs,2.0943024049277211e-15,2.0943024049277211e-15,9,10,-5.5,0
446,2.0610399823137526,2,pre_ko_rhs,1.7466034053889804e-15,1.7466034053889804e-15,9,53,6.625,0
446,2.0610399823137526,3,pre_ko_rhs,2.175128672909781e-15,2.175128672909781e-15,9,8,-7.875,0
446,2.0610399823137526,4,pre_ko_rhs,2.2301981019541688e-15,2.2301981019541688e-15,9,53,7.875,0
447,2.0661632920087678,1,pre_ko_rhs,1.8490825381825067e-15,1.8490825381825067e-15,9,53,7.5,0
447,2.0661632920087678,2,pre_ko_rhs,1.9799496171766146e-15,1.9799496171766146e-15,9,8,-6,0
447,2.0661632920087678,3,pre_ko_rhs,1.5204837674850124e-15,1.5204837674850124e-15,9,18,-0.375,0
447,2.0661632920087678,4,pre_ko_rhs,2.1818774230732683e-15,2.1818774230732683e-15,9,51,5.75,0
448,2.0712907155526188,1,pre_ko_rhs,1.9963450148975639e-15,1.9963450148975639e-15,9,8,-7.375,0
448,2.0712907155526188,2,pre_ko_rhs,2.4739043045396112e-15,2.4739043045396112e-15,9,53,7,0
448,2.0712907155526188,3,pre_ko_rhs,1.7390966423031082e-15,1.7390966423031082e-15,9,10,-4.375,0
448,2.0712907155526188,4,pre_ko_rhs,3.3504898001165402e-15,3.3504898001165402e-15,9,53,8,0
449,2.0764222960549872,1,pre_ko_rhs,1.9644684046503694e-15,1.9644684046503694e-15,9,10,-4.5,0
449,2.0764222960549872,2,pre_ko_rhs,1.8154930684646575e-15,1.8154930684646575e-15,9,18,-1.125,0
449,2.0764222960549872,3,pre_ko_rhs,2.3186496616708247e-15,2.3186496616708247e-15,9,8,-8,0
449,2.0764222960549872,4,pre_ko_rhs,2.2699454212800938e-15,2.2699454212800938e-15,9,8,-6.125,0
450,2.0815580759489505,1,pre_ko_rhs,1.8027122289803212e-15,1.8027122289803212e-15,9,51,5.625,0
450,2.0815580759489505,2,pre_ko_rhs,1.8445110605154775e-15,1.8445110605154775e-15,9,8,-6.125,0
450,2.0815580759489505,3,pre_ko_rhs,2.3741252913253564e-15,2.3741252913253564e-15,9,53,8,0
450,2.0815580759489505,4,pre_ko_rhs,1.6279776038523972e-15,1.6279776038523972e-15,9,8,-7.375,0
451,2.0866980976897684,1,pre_ko_rhs,1.6028515514620286e-15,1.6028515514620286e-15,9,37,1.875,0
451,2.0866980976897684,2,pre_ko_rhs,2.3237000455076579e-15,2.3237000455076579e-15,9,8,-7.75,0
451,2.0866980976897684,3,pre_ko_rhs,1.797997922375655e-15,1.797997922375655e-15,9,53,7.25,0
451,2.0866980976897684,4,pre_ko_rhs,2.0659318554274826e-15,2.0659318554274826e-15,9,53,7.75,0
452,2.0918424043918487,1,pre_ko_rhs,2.0982963264800037e-15,2.0982963264800037e-15,9,51,4.875,0
452,2.0918424043918487,2,pre_ko_rhs,2.4789176246839733e-15,2.4789176246839733e-15,9,53,7.5,0
452,2.0918424043918487,3,pre_ko_rhs,1.68639732523831e-15,1.68639732523831e-15,9,8,-6.375,0
452,2.0918424043918487,4,pre_ko_rhs,2.1235678830167275e-15,2.1235678830167275e-15,9,53,7.75,0
453,2.096991040386607,1,pre_ko_rhs,2.0173080478082853e-15,2.0173080478082853e-15,9,8,-6.375,0
453,2.096991040386607,2,pre_ko_rhs,1.945059752833667e-15,1.945059752833667e-15,9,53,6.125,0
453,2.096991040386607,3,pre_ko_rhs,2.0028435217930009e-15,2.0028435217930009e-15,9,53,7.125,0
453,2.096991040386607,4,pre_ko_rhs,2.4576522880689726e-15,2.4576522880689726e-15,9,8,-7.75,0
454,2.102144051687477,1,pre_ko_rhs,2.2215483054694372e-15,2.2215483054694372e-15,9,53,7.875,0
454,2.102144051687477,2,pre_ko_rhs,2.1551496189495019e-15,2.1551496189495019e-15,9,53,7.625,0
454,2.102144051687477,3,pre_ko_rhs,2.4416655167989331e-15,2.4416655167989331e-15,9,8,-8,0
454,2.102144051687477,4,pre_ko_rhs,2.623207975114742e-15,2.623207975114742e-15,9,8,-7.875,0
455,2.1073014863521706,1,pre_ko_rhs,1.6772394693707595e-15,1.6772394693707595e-15,9,8,-7.375,0
455,2.1073014863521706,2,pre_ko_rhs,2.1371938348246713e-15,2.1371938348246713e-15,9,53,7.125,0
455,2.1073014863521706,3,pre_ko_rhs,2.255953716120046e-15,2.255953716120046e-15,9,53,6.75,0
455,2.1073014863521706,4,pre_ko_rhs,1.9101247306635538e-15,1.9101247306635538e-15,9,16,-3.125,0
456,2.1124633947362734,1,pre_ko_rhs,2.6553039043728521e-15,2.6553039043728521e-15,9,53,7.875,0
456,2.1124633947362734,2,pre_ko_rhs,2.1244697288310573e-15,2.1244697288310573e-15,9,53,7.875,0
456,2.1124633947362734,3,pre_ko_rhs,1.991226919960837e-15,1.991226919960837e-15,9,8,-7.875,0
456,2.1124633947362734,4,pre_ko_rhs,1.8485980607739164e-15,1.8485980607739164e-15,9,51,4.875,0
457,2.1176298296362552,1,pre_ko_rhs,1.5107530639208134e-15,1.5107530639208134e-15,9,53,7,0
457,2.1176298296362552,2,pre_ko_rhs,1.9485209394994971e-15,1.9485209394994971e-15,9,10,-5.875,0
457,2.1176298296362552,3,pre_ko_rhs,1.8661657832871574e-15,1.8661657832871574e-15,9,53,7.625,0
457,2.1176298296362552,4,pre_ko_rhs,2.4305914548066546e-15,2.4305914548066546e-15,9,53,7.375,0
458,2.1228008463238428,1,pre_ko_rhs,1.7950504364710881e-15,1.7950504364710881e-15,9,8,-7.75,0
458,2.1228008463238428,2,pre_ko_rhs,1.8832314914547275e-15,1.8832314914547275e-15,9,53,6.5,0
458,2.1228008463238428,3,pre_ko_rhs,2.2068724809375346e-15,2.2068724809375346e-15,9,53,6.625,0
458,2.1228008463238428,4,pre_ko_rhs,2.3476376302190841e-15,2.3476376302190841e-15,9,53,7.375,0
459,2.1279765024773067,1,pre_ko_rhs,1.8871200871714163e-15,1.8871200871714163e-15,9,51,4.75,0
459,2.1279765024773067,2,pre_ko_rhs,2.1422452648824468e-15,2.1422452648824468e-15,9,53,7,0
459,2.1279765024773067,3,pre_ko_rhs,1.8404715631135561e-15,1.8404715631135561e-15,9,10,-4.75,0
459,2.1279765024773067,4,pre_ko_rhs,2.1718722127592157e-15,2.1718722127592157e-15,9,10,-5,0
460,2.1331568580184652,1,pre_ko_rhs,2.1105648400682278e-15,2.1105648400682278e-15,9,10,-5.125,0
460,2.1331568580184652,2,pre_ko_rhs,1.6293497793148244e-15,1.6293497793148244e-15,9,53,6.875,0
460,2.1331568580184652,3,pre_ko_rhs,2.0233493149721616e-15,2.0233493149721616e-15,9,53,7.875,0
460,2.1331568580184652,4,pre_ko_rhs,2.2353604643863163e-15,2.2353604643863163e-15,9,53,7.75,0
461,2.1383419748669867,1,pre_ko_rhs,2.0962302536357811e-15,2.0962302536357811e-15,9,8,-7.625,0
461,2.1383419748669867,2,pre_ko_rhs,1.792931811347377e-15,1.792931811347377e-15,9,53,7.375,0
461,2.1383419748669867,3,pre_ko_rhs,1.6439622874122414e-15,1.6439622874122414e-15,9,8,-7,0
461,2.1383419748669867,4,pre_ko_rhs,1.8679764830416136e-15,1.8679764830416136e-15,9,53,6.75,0
462,2.1435319166258235,1,pre_ko_rhs,2.0141402397487253e-15,2.0141402397487253e-15,9,16,-3.5,0
462,2.1435319166258235,2,pre_ko_rhs,2.2913920444218517e-15,2.2913920444218517e-15,9,53,7.75,0
462,2.1435319166258235,3,pre_ko_rhs,2.103135284348997e-15,2.103135284348997e-15,9,10,-5.75,0
462,2.1435319166258235,4,pre_ko_rhs,2.1655931081925177e-15,2.1655931081925177e-15,9,8,-7.375,0
463,2.1487267482132659,1,pre_ko_rhs,1.8131869052254741e-15,1.8131869052254741e-15,9,53,7.875,0
463,2.1487267482132659,2,pre_ko_rhs,2.2417907356457844e-15,2.2417907356457844e-15,9,53,8,0
463,2.1487267482132659,3,pre_ko_rhs,2.0706812647717057e-15,2.0706812647717057e-15,9,53,6.375,0
463,2.1487267482132659,4,pre_ko_rhs,1.966416938954345e-15,1.966416938954345e-15,9,51,6,0
464,2.1539265354581376,1,pre_ko_rhs,2.5508954037419812e-15,2.5508954037419812e-15,9,53,7.625,0
464,2.1539265354581376,2,pre_ko_rhs,2.1239112247642679e-15,2.1239112247642679e-15,9,53,7.125,0
464,2.1539265354581376,3,pre_ko_rhs,2.3278301990686875e-15,2.3278301990686875e-15,9,8,-7.875,0
464,2.1539265354581376,4,pre_ko_rhs,1.5041758145743739e-15,1.5041758145743739e-15,9,10,-4.875,0
465,2.1591313446750378,1,pre_ko_rhs,1.737645438090914e-15,1.737645438090914e-15,9,53,7.125,0
465,2.1591313446750378,2,pre_ko_rhs,1.8449930075605674e-15,1.8449930075605674e-15,9,53,7,0
465,2.1591313446750378,3,pre_ko_rhs,1.9765388342254303e-15,1.9765388342254303e-15,9,53,6.875,0
465,2.1591313446750378,4,pre_ko_rhs,1.9798660591390746e-15,1.9798660591390746e-15,9,8,-6.125,0
466,2.164341242236278,1,pre_ko_rhs,2.0119957073673676e-15,2.0119957073673676e-15,9,53,7.875,0
466,2.164341242236278,2,pre_ko_rhs,1.7480507960148184e-15,1.7480507960148184e-15,9,53,7.625,0
466,2.164341242236278,3,pre_ko_rhs,1.8000161324934591e-15,1.8000161324934591e-15,9,53,7.125,0
466,2.164341242236278,4,pre_ko_rhs,1.8873161880285719e-15,1.8873161880285719e-15,9,8,-6.5,0
467,2.1695562941563091,1,pre_ko_rhs,1.8239185879744069e-15,1.8239185879744069e-15,9,10,-5.625,0
467,2.1695562941563091,2,pre_ko_rhs,1.7902653643092922e-15,1.7902653643092922e-15,9,16,-2,0
467,2.1695562941563091,3,pre_ko_rhs,1.8451197966086285e-15,1.8451197966086285e-15,9,53,7.875,0
467,2.1695562941563091,4,pre_ko_rhs,2.0005918316871842e-15,2.0005918316871842e-15,9,53,7.75,0
468,2.1747765657029996,1,pre_ko_rhs,2.3178284751776356e-15,2.3178284751776356e-15,9,53,7.5,0
468,2.1747765657029996,2,pre_ko_rhs,2.2016274634291088e-15,2.2016274634291088e-15,9,8,-7.375,0
468,2.1747765657029996,3,pre_ko_rhs,2.0334080599507613e-15,2.0334080599507613e-15,9,53,7,0
468,2.1747765657029996,4,pre_ko_rhs,2.0530626742577969e-15,2.0530626742577969e-15,9,8,-7.25,0
469,2.1800015600721396,1,pre_ko_rhs,1.8546424855108699e-15,1.8546424855108699e-15,9,10,-5.625,0
469,2.1800015600721396,2,pre_ko_rhs,1.9066248052004418e-15,1.9066248052004418e-15,9,53,6.875,0
469,2.1800015600721396,3,pre_ko_rhs,1.938815087269335e-15,1.938815087269335e-15,9,53,6.5,0
469,2.1800015600721396,4,pre_ko_rhs,2.1135362793678139e-15,2.1135362793678139e-15,9,10,-5.375,0
470,2.185231295079662,1,pre_ko_rhs,1.9991242245161187e-15,1.9991242245161187e-15,9,10,-5.75,0
470,2.185231295079662,2,pre_ko_rhs,2.1418812674980067e-15,2.1418812674980067e-15,9,8,-7.25,0
470,2.185231295079662,3,pre_ko_rhs,2.1125951172668271e-15,2.1125951172668271e-15,9,53,7.75,0
470,2.185231295079662,4,pre_ko_rhs,1.8348444655157695e-15,1.8348444655157695e-15,9,8,-7.625,0
471,2.1904658581630732,1,pre_ko_rhs,2.1247496240605398e-15,2.1247496240605398e-15,9,53,7.75,0
471,2.1904658581630732,2,pre_ko_rhs,2.6582390193198601e-15,2.6582390193198601e-15,9,53,7.25,0
471,2.1904658581630732,3,pre_ko_rhs,2.4898965245925521e-15,2.4898965245925521e-15,9,53,7.75,0
471,2.1904658581630732,4,pre_ko_rhs,2.353504431483255e-15,2.353504431483255e-15,9,53,8,0
472,2.1957053394677692,1,pre_ko_rhs,2.0576123641723905e-15,2.0576123641723905e-15,9,53,7.875,0
472,2.1957053394677692,2,pre_ko_rhs,1.9435027432969215e-15,1.9435027432969215e-15,9,53,7.125,0
472,2.1957053394677692,3,pre_ko_rhs,1.7932854096908664e-15,1.7932854096908664e-15,9,16,-2.75,0
472,2.1957053394677692,4,pre_ko_rhs,1.8175057405474622e-15,1.8175057405474622e-15,9,51,5.375,0
473,2.2009498311669593,1,pre_ko_rhs,1.9361170708014741e-15,1.9361170708014741e-15,9,53,8,0
473,2.2009498311669593,2,pre_ko_rhs,2.1782830923164106e-15,2.1782830923164106e-15,9,53,7.875,0
473,2.2009498311669593,3,pre_ko_rhs,2.1368202989871285e-15,2.1368202989871285e-15,9,53,7.75,0
473,2.2009498311669593,4,pre_ko_rhs,2.5008014943439944e-15,2.5008014943439944e-15,9,53,7.25,0
474,2.2061994267703793,1,pre_ko_rhs,1.8750758341981304e-15,1.8750758341981304e-15,9,10,-5.875,0
474,2.2061994267703793,2,pre_ko_rhs,1.544899970464199e-15,1.544899970464199e-15,9,8,-6.875,0
474,2.2061994267703793,3,pre_ko_rhs,2.3395373183099521e-15,2.3395373183099521e-15,9,53,7.125,0
474,2.2061994267703793,4,pre_ko_rhs,2.0407239926810268e-15,2.0407239926810268e-15,9,53,7.125,0
475,2.2114542204433323,1,pre_ko_rhs,1.9638886980694592e-15,1.9638886980694592e-15,9,8,-8,0
475,2.2114542204433323,2,pre_ko_rhs,1.5397025345245493e-15,1.5397025345245493e-15,9,16,-2.125,0
475,2.2114542204433323,3,pre_ko_rhs,1.6571936229241709e-15,1.6571936229241709e-15,9,51,5.625,0
475,2.2114542204433323,4,pre_ko_rhs,2.0107433389344199e-15,2.0107433389344199e-15,9,53,7.625,0
476,2.2167143063557702,1,pre_ko_rhs,1.9109541511115283e-15,1.9109541511115283e-15,9,53,6.375,0
476,2.2167143063557702,2,pre_ko_rhs,2.1112185446892384e-15,2.1112185446892384e-15,9,53,8,0
476,2.2167143063557702,3,pre_ko_rhs,2.0587071316473412e-15,2.0587071316473412e-15,9,53,6.25,0
476,2.2167143063557702,4,pre_ko_rhs,2.079493671494947e-15,2.079493671494947e-15,9,53,7.625,0
477,2.221979778078905,1,pre_ko_rhs,1.8059980761590304e-15,1.8059980761590304e-15,9,53,7.875,0
477,2.221979778078905,2,pre_ko_rhs,2.0202662116689381e-15,2.0202662116689381e-15,9,8,-7.375,0
477,2.221979778078905,3,pre_ko_rhs,2.611641490020981e-15,2.611641490020981e-15,9,53,7.25,0
477,2.221979778078905,4,pre_ko_rhs,2.2408571365908986e-15,2.2408571365908986e-15,9,53,7.25,0
478,2.227250728045358,1,pre_ko_rhs,2.0370886089350382e-15,2.0370886089350382e-15,9,8,-7.25,0
478,2.227250728045358,2,pre_ko_rhs,2.0684928997280505e-15,2.0684928997280505e-15,9,37,0.625,0
478,2.227250728045358,3,pre_ko_rhs,2.3325398814814601e-15,2.3325398814814601e-15,9,8,-7.75,0
478,2.227250728045358,4,pre_ko_rhs,2.0862981998700797e-15,2.0862981998700797e-15,9,53,7.75,0
479,2.2325272470857822,1,pre_ko_rhs,2.0910045759054567e-15,2.0910045759054567e-15,9,16,-3.125,0
479,2.2325272470857822,2,pre_ko_rhs,1.8193108445862762e-15,1.8193108445862762e-15,9,8,-7,0
479,2.2325272470857822,3,pre_ko_rhs,2.6876279530078231e-15,2.6876279530078231e-15,9,53,7.375,0
479,2.2325272470857822,4,pre_ko_rhs,2.1690340684101728e-15,2.1690340684101728e-15,9,53,7.5,0
480,2.2378094240518185,1,pre_ko_rhs,3.1103536661191848e-15,3.1103536661191848e-15,9,53,7.375,0
480,2.2378094240518185,2,pre_ko_rhs,1.9766736844059794e-15,1.9766736844059794e-15,9,10,-5.875,0
480,2.2378094240518185,3,pre_ko_rhs,1.6962601438724319e-15,1.6962601438724319e-15,9,53,7.875,0
480,2.2378094240518185,4,pre_ko_rhs,2.2161497740203779e-15,2.2161497740203779e-15,9,8,-7,0
481,2.2430973455318819,1,pre_ko_rhs,2.5805202214458569e-15,2.5805202214458569e-15,9,8,-7.875,0
481,2.2430973455318819,2,pre_ko_rhs,2.8930180790283278e-15,2.8930180790283278e-15,9,53,7.25,0
481,2.2430973455318819,3,pre_ko_rhs,2.0010314292882438e-15,2.0010314292882438e-15,9,51,4.75,0
481,2.2430973455318819,4,pre_ko_rhs,2.2246602737847827e-15,2.2246602737847827e-15,9,8,-7.625,0
482,2.2483910956626878,1,pre_ko_rhs,2.0958254566687887e-15,2.0958254566687887e-15,9,53,7.75,0
482,2.2483910956626878,2,pre_ko_rhs,2.0890470241792656e-15,2.0890470241792656e-15,9,53,7.75,0
482,2.2483910956626878,3,pre_ko_rhs,2.1812683062916378e-15,2.1812683062916378e-15,9,53,8,0
482,2.2483910956626878,4,pre_ko_rhs,2.240686965909887e-15,2.240686965909887e-15,9,53,7.625,0
483,2.2536907560356898,1,pre_ko_rhs,2.0312753568243436e-15,2.0312753568243436e-15,9,8,-6.875,0
483,2.2536907560356898,2,pre_ko_rhs,1.9395322527968477e-15,1.9395322527968477e-15,9,10,-4.625,0
483,2.2536907560356898,3,pre_ko_rhs,1.7730002788393251e-15,1.7730002788393251e-15,9,8,-7.625,0
483,2.2536907560356898,4,pre_ko_rhs,2.0790578491209304e-15,2.0790578491209304e-15,9,51,4.625,0
484,2.258996405693821,1,pre_ko_rhs,2.3497181718235729e-15,2.3497181718235729e-15,9,53,7.75,0
484,2.258996405693821,2,pre_ko_rhs,2.219412611277652e-15,2.219412611277652e-15,9,53,7.875,0
484,2.258996405693821,3,pre_ko_rhs,1.7928875363676965e-15,1.7928875363676965e-15,9,16,-2.875,0
484,2.258996405693821,4,pre_ko_rhs,2.4137279842020043e-15,2.4137279842020043e-15,9,53,7,0
485,2.2643053979569916,1,pre_ko_rhs,2.7125917912357666e-15,2.7125917912357666e-15,9,53,7.625,0
485,2.2643053979569916,2,pre_ko_rhs,2.0303315847544601e-15,2.0303315847544601e-15,9,10,-5.875,0
485,2.2643053979569916,3,pre_ko_rhs,1.9862619769173553e-15,1.9862619769173553e-15,9,51,5,0
485,2.2643053979569916,4,pre_ko_rhs,2.1085690244435869e-15,2.1085690244435869e-15,9,8,-8,0
486,2.2696158297985289,1,pre_ko_rhs,2.1013605438109245e-15,2.1013605438109245e-15,9,8,-6.375,0
486,2.2696158297985289,2,pre_ko_rhs,1.9475096534535301e-15,1.9475096534535301e-15,9,8,-7.375,0
486,2.2696158297985289,3,pre_ko_rhs,1.8212445761155057e-15,1.8212445761155057e-15,9,53,6.375,0
486,2.2696158297985289,4,pre_ko_rhs,2.2027989300869581e-15,2.2027989300869581e-15,9,53,7.5,0
487,2.2749277856682033,1,pre_ko_rhs,2.2800441313204229e-15,2.2800441313204229e-15,9,53,8,0
487,2.2749277856682033,2,pre_ko_rhs,2.2254340443409619e-15,2.2254340443409619e-15,9,53,7.625,0
487,2.2749277856682033,3,pre_ko_rhs,1.4349261398660987e-15,1.4349261398660987e-15,9,53,6.375,0
487,2.2749277856682033,4,pre_ko_rhs,2.1716945656196518e-15,2.1716945656196518e-15,9,8,-7.875,0
488,2.2802413553477083,1,pre_ko_rhs,1.6931590642232206e-15,1.6931590642232206e-15,9,10,-5.875,0
488,2.2802413553477083,2,pre_ko_rhs,1.8554922044857231e-15,1.8554922044857231e-15,9,53,6.75,0
488,2.2802413553477083,3,pre_ko_rhs,1.9277330168266423e-15,1.9277330168266423e-15,9,53,7.375,0
488,2.2802413553477083,4,pre_ko_rhs,1.9263968421338554e-15,1.9263968421338554e-15,9,51,5.5,0
489,2.28555663370933,1,pre_ko_rhs,2.33719161825347e-15,2.33719161825347e-15,9,8,-8,0
489,2.28555663370933,2,pre_ko_rhs,1.98907184598939e-15,1.98907184598939e-15,9,8,-7,0
489,2.28555663370933,3,pre_ko_rhs,1.9351879570314803e-15,1.9351879570314803e-15,9,51,5.625,0
489,2.28555663370933,4,pre_ko_rhs,3.1435853263474627e-15,3.1435853263474627e-15,9,53,7.375,0
490,2.2908737204484839,1,pre_ko_rhs,2.1530850149452252e-15,2.1530850149452252e-15,9,53,7,0
490,2.2908737204484839,2,pre_ko_rhs,2.2927663191280289e-15,2.2927663191280289e-15,9,53,7.125,0
490,2.2908737204484839,3,pre_ko_rhs,2.8590640775670485e-15,2.8590640775670485e-15,9,53,7.5,0
490,2.2908737204484839,4,pre_ko_rhs,1.8782786668800256e-15,1.8782786668800256e-15,9,51,5,0
491,2.2961927197979359,1,pre_ko_rhs,2.5302496587097554e-15,2.5302496587097554e-15,9,53,8,0
491,2.2961927197979359,2,pre_ko_rhs,1.842370529062959e-15,1.842370529062959e-15,9,51,5.375,0
491,2.2961927197979359,3,pre_ko_rhs,1.9446421062612166e-15,1.9446421062612166e-15,9,53,7.75,0
491,2.2961927197979359,4,pre_ko_rhs,1.6932981535999989e-15,1.6932981535999989e-15,9,39,3.625,0
492,2.3015137402334438,1,pre_ko_rhs,1.783846768917319e-15,1.783846768917319e-15,9,39,3.75,0
492,2.3015137402334438,2,pre_ko_rhs,1.8438740123180045e-15,1.8438740123180045e-15,9,8,-6.375,0
492,2.3015137402334438,3,pre_ko_rhs,2.4605566242106063e-15,2.4605566242106063e-15,9,53,7.75,0
492,2.3015137402334438,4,pre_ko_rhs,2.5233506074421648e-15,2.5233506074421648e-15,9,53,8,0
493,2.3068368941819792,1,pre_ko_rhs,1.4850557850082322e-15,1.4850557850082322e-15,9,37,1.375,0
493,2.3068368941819792,2,pre_ko_rhs,1.7879297943975366e-15,1.7879297943975366e-15,9,51,4.75,0
493,2.3068368941819792,3,pre_ko_rhs,1.8807918522452145e-15,1.8807918522452145e-15,9,8,-7.5,0
493,2.3068368941819792,4,pre_ko_rhs,2.296749298985578e-15,2.296749298985578e-15,9,53,8,0
494,2.3121622977444694,1,pre_ko_rhs,1.8062940142992601e-15,1.8062940142992601e-15,9,16,-3.125,0
494,2.3121622977444694,2,pre_ko_rhs,2.3508302246519545e-15,2.3508302246519545e-15,9,53,7.375,0
494,2.3121622977444694,3,pre_ko_rhs,1.6360999867119316e-15,1.6360999867119316e-15,9,51,5.375,0
494,2.3121622977444694,4,pre_ko_rhs,2.9387093152098758e-15,2.9387093152098758e-15,9,53,7.375,0
495,2.3174900704450017,1,pre_ko_rhs,2.281107798368932e-15,2.281107798368932e-15,9,8,-6.5,0
495,2.3174900704450017,2,pre_ko_rhs,1.9617926165431518e-15,1.9617926165431518e-15,9,8,-6.875,0
495,2.3174900704450017,3,pre_ko_rhs,2.1938175466887495e-15,2.1938175466887495e-15,9,53,7.375,0
495,2.3174900704450017,4,pre_ko_rhs,2.3736288865660491e-15,2.3736288865660491e-15,9,53,7.625,0
496,2.3228203350176502,1,pre_ko_rhs,2.0830731595745977e-15,2.0830731595745977e-15,9,53,7.125,0
496,2.3228203350176502,2,pre_ko_rhs,1.7254061408514721e-15,1.7254061408514721e-15,9,8,-6.125,0
496,2.3228203350176502,3,pre_ko_rhs,2.7278355891987616e-15,2.7278355891987616e-15,9,53,7.75,0
496,2.3228203350176502,4,pre_ko_rhs,1.6604183282306579e-15,1.6604183282306579e-15,9,8,-6.375,0
497,2.3281532172404731,1,pre_ko_rhs,2.4134686608753169e-15,2.4134686608753169e-15,9,53,7.875,0
497,2.3281532172404731,2,pre_ko_rhs,2.2843403541441142e-15,2.2843403541441142e-15,9,53,7.5,0
497,2.3281532172404731,3,pre_ko_rhs,2.1398029077951989e-15,2.1398029077951989e-15,9,53,7.875,0
497,2.3281532172404731,4,pre_ko_rhs,2.0856673951476545e-15,2.0856673951476545e-15,9,53,7.75,0
498,2.3334888458239265,1,pre_ko_rhs,1.5916451560184897e-15,1.5916451560184897e-15,9,39,2.375,0
498,2.3334888458239265,2,pre_ko_rhs,1.8595666841587289e-15,1.8595666841587289e-15,9,51,5.5,0
498,2.3334888458239265,3,pre_ko_rhs,2.1894118615421587e-15,2.1894118615421587e-15,9,53,7.875,0
498,2.3334888458239265,4,pre_ko_rhs,2.3257335056806104e-15,2.3257335056806104e-15,9,8,-6.625,0
499,2.3388273523579812,1,pre_ko_rhs,2.3608668573903052e-15,2.3608668573903052e-15,9,53,7.375,0
499,2.3388273523579812,2,pre_ko_rhs,2.3063804352249383e-15,2.3063804352249383e-15,9,53,7.75,0
499,2.3388273523579812,3,pre_ko_rhs,2.5178516424132219e-15,2.5178516424132219e-15,9,53,7,0
499,2.3388273523579812,4,pre_ko_rhs,2.1921669780499185e-15,2.1921669780499185e-15,9,8,-6.125,0
500,2.3441688713188502,1,pre_ko_rhs,2.5027065557618e-15,2.5027065557618e-15,9,8,-7.75,0
500,2.3441688713188502,2,pre_ko_rhs,1.9570087699970698e-15,1.9570087699970698e-15,9,53,7.875,0
500,2.3441688713188502,3,pre_ko_rhs,1.7451125999140875e-15,1.7451125999140875e-15,9,53,7.5,0
500,2.3441688713188502,4,pre_ko_rhs,2.1728774613218406e-15,2.1728774613218406e-15,9,8,-7.5,0
501,2.349513540132576,1,pre_ko_rhs,2.2558646429203973e-15,2.2558646429203973e-15,9,53,7.875,0
501,2.349513540132576,2,pre_ko_rhs,2.4743738084153284e-15,2.4743738084153284e-15,9,53,8,0
501,2.349513540132576,3,pre_ko_rhs,2.3426562691522246e-15,2.3426562691522246e-15,9,53,7.625,0
501,2.349513540132576,4,pre_ko_rhs,1.8849130758651776e-15,1.8849130758651776e-15,9,53,7.125,0
502,2.3548614992890262,1,pre_ko_rhs,1.9076477602868114e-15,1.9076477602868114e-15,9,53,8,0
502,2.3548614992890262,2,pre_ko_rhs,1.6186158343699112e-15,1.6186158343699112e-15,9,51,5.5,0
502,2.3548614992890262,3,pre_ko_rhs,1.8918917491869346e-15,1.8918917491869346e-15,9,8,-6,0
502,2.3548614992890262,4,pre_ko_rhs,1.5827299704484954e-15,1.5827299704484954e-15,9,16,-3.375,0
503,2.3602128924963122,1,pre_ko_rhs,1.8923028472799503e-15,1.8923028472799503e-15,9,51,4.125,0
503,2.3602128924963122,2,pre_ko_rhs,1.770050622005833e-15,1.770050622005833e-15,9,8,-7.5,0
503,2.3602128924963122,3,pre_ko_rhs,1.7775088267927055e-15,1.7775088267927055e-15,9,8,-6.875,0
503,2.3602128924963122,4,pre_ko_rhs,2.1301895839848323e-15,2.1301895839848323e-15,9,53,6.875,0
504,2.3655678668624827,1,pre_ko_rhs,1.7860716443847894e-15,1.7860716443847894e-15,9,16,-3.875,0
504,2.3655678668624827,2,pre_ko_rhs,1.6650199804855362e-15,1.6650199804855362e-15,9,8,-6.875,0
504,2.3655678668624827,3,pre_ko_rhs,2.2336423133950165e-15,2.2336423133950165e-15,9,8,-6.5,0
504,2.3655678668624827,4,pre_ko_rhs,2.0000158547826109e-15,2.0000158547826109e-15,9,53,6.375,0
505,2.3709265730887559,1,pre_ko_rhs,1.5117654387036836e-15,1.5117654387036836e-15,9,10,-5.375,0
505,2.3709265730887559,2,pre_ko_rhs,2.7658240015526929e-15,2.7658240015526929e-15,9,53,7.625,0
505,2.3709265730887559,3,pre_ko_rhs,2.0300781087052102e-15,2.0300781087052102e-15,9,10,-5.625,0
505,2.3709265730887559,4,pre_ko_rhs,2.1048701776001197e-15,2.1048701776001197e-15,9,53,8,0
506,2.3762891656566749,1,pre_ko_rhs,1.7589066180383858e-15,1.7589066180383858e-15,9,53,7.75,0
506,2.3762891656566749,2,pre_ko_rhs,1.9399116286793235e-15,1.9399116286793235e-15,9,51,6,0
506,2.3762891656566749,3,pre_ko_rhs,2.024194014586102e-15,2.024194014586102e-15,9,39,3.625,0
506,2.3762891656566749,4,pre_ko_rhs,1.7193762373791523e-15,1.7193762373791523e-15,9,18,-1.25,0
507,2.3816558029905108,1,pre_ko_rhs,1.8220666469065362e-15,1.8220666469065362e-15,9,53,7.25,0
507,2.3816558029905108,2,pre_ko_rhs,2.1830250275694115e-15,2.1830250275694115e-15,9,51,6,0
507,2.3816558029905108,3,pre_ko_rhs,2.1203520612116161e-15,2.1203520612116161e-15,9,53,6.375,0
507,2.3816558029905108,4,pre_ko_rhs,2.0172139202932121e-15,2.0172139202932121e-15,9,10,-5.875,0
508,2.3870266475760471,1,pre_ko_rhs,1.640732621034501e-15,1.640732621034501e-15,9,51,5,0
508,2.3870266475760471,2,pre_ko_rhs,2.594691338351239e-15,2.594691338351239e-15,9,53,7.625,0
508,2.3870266475760471,3,pre_ko_rhs,2.1422805144146665e-15,2.1422805144146665e-15,9,10,-5.625,0
508,2.3870266475760471,4,pre_ko_rhs,1.6903490439899513e-15,1.6903490439899513e-15,9,53,8,0
509,2.392401866016892,1,pre_ko_rhs,1.9359503576546295e-15,1.9359503576546295e-15,9,53,6.25,0
509,2.392401866016892,2,pre_ko_rhs,1.8098817832693542e-15,1.8098817832693542e-15,9,51,5.875,0
509,2.392401866016892,3,pre_ko_rhs,1.7735726411584948e-15,1.7735726411584948e-15,9,10,-4.75,0
509,2.392401866016892,4,pre_ko_rhs,2.1714930096693789e-15,2.1714930096693789e-15,9,53,7.75,0
510,2.3977816290128549,1,pre_ko_rhs,2.1171474805324489e-15,2.1171474805324489e-15,9,53,7.875,0
510,2.3977816290128549,2,pre_ko_rhs,2.5153317263771925e-15,2.5153317263771925e-15,9,53,7.625,0
510,2.3977816290128549,3,pre_ko_rhs,1.9649381397684676e-15,1.9649381397684676e-15,9,51,5.5,0
510,2.3977816290128549,4,pre_ko_rhs,3.0411144612237337e-15,3.0411144612237337e-15,9,53,7.5,0
511,2.4031661112467919,1,pre_ko_rhs,2.4541236438204067e-15,2.4541236438204067e-15,9,53,7.25,0
511,2.4031661112467919,2,pre_ko_rhs,2.2347359977276787e-15,2.2347359977276787e-15,9,8,-8,0
511,2.4031661112467919,3,pre_ko_rhs,1.966782380983573e-15,1.966782380983573e-15,9,8,-7,0
511,2.4031661112467919,4,pre_ko_rhs,2.2824068202734406e-15,2.2824068202734406e-15,9,53,7.25,0
512,2.408555491169611,1,pre_ko_rhs,2.6634985368252035e-15,2.6634985368252035e-15,9,53,7.375,0
512,2.408555491169611,2,pre_ko_rhs,1.9919563758150097e-15,1.9919563758150097e-15,9,51,5.5,0
512,2.408555491169611,3,pre_ko_rhs,1.9707559700387256e-15,1.9707559700387256e-15,9,8,-6.375,0
512,2.408555491169611,4,pre_ko_rhs,2.6549086143289084e-15,2.6549086143289084e-15,9,53,7.75,0
513,2.4139499506769644,1,pre_ko_rhs,1.8534349461076799e-15,1.8534349461076799e-15,9,8,-7.25,0
513,2.4139499506769644,2,pre_ko_rhs,2.1064398277673789e-15,2.1064398277673789e-15,9,10,-5.625,0
513,2.4139499506769644,3,pre_ko_rhs,2.3694884068775971e-15,2.3694884068775971e-15,9,53,7.25,0
513,2.4139499506769644,4,pre_ko_rhs,2.4726417054268033e-15,2.4726417054268033e-15,9,53,7.625,0
514,2.4193496746754537,1,pre_ko_rhs,1.7357519666486825e-15,1.7357519666486825e-15,9,53,6.375,0
514,2.4193496746754537,2,pre_ko_rhs,2.2803196416686262e-15,2.2803196416686262e-15,9,39,2.625,0
514,2.4193496746754537,3,pre_ko_rhs,1.7604643472964974e-15,1.7604643472964974e-15,9,8,-6.25,0
514,2.4193496746754537,4,pre_ko_rhs,2.0658475069873618e-15,2.0658475069873618e-15,9,53,6.875,0
515,2.4247548505406975,1,pre_ko_rhs,2.1351708442885044e-15,2.1351708442885044e-15,9,53,6.375,0
515,2.4247548505406975,2,pre_ko_rhs,2.214485467540515e-15,2.214485467540515e-15,9,53,7,0
515,2.4247548505406975,3,pre_ko_rhs,1.924710301135359e-15,1.924710301135359e-15,9,8,-6.375,0
515,2.4247548505406975,4,pre_ko_rhs,1.8228482509653428e-15,1.8228482509653428e-15,9,53,6.625,0
516,2.4301656674741703,1,pre_ko_rhs,2.1836637351189186e-15,2.1836637351189186e-15,9,8,-7.625,0
516,2.4301656674741703,2,pre_ko_rhs,2.031507932555917e-15,2.031507932555917e-15,9,53,6.125,0
516,2.4301656674741703,3,pre_ko_rhs,1.6180763200356413e-15,1.6180763200356413e-15,9,53,7.625,0
516,2.4301656674741703,4,pre_ko_rhs,2.5376632813846462e-15,2.5376632813846462e-15,9,8,-6.375,0
517,2.4355823157701315,1,pre_ko_rhs,2.51107546770137e-15,2.51107546770137e-15,9,53,7.5,0
517,2.4355823157701315,2,pre_ko_rhs,2.4350051774315645e-15,2.4350051774315645e-15,9,53,8,0
517,2.4355823157701315,3,pre_ko_rhs,2.0942630042750365e-15,2.0942630042750365e-15,9,51,5.125,0
517,2.4355823157701315,4,pre_ko_rhs,1.7610702248439383e-15,1.7610702248439383e-15,9,53,6.625,0
518,2.4410049860080143,1,pre_ko_rhs,2.1229992533154685e-15,2.1229992533154685e-15,9,8,-7.25,0
518,2.4410049860080143,2,pre_ko_rhs,2.2666904964236199e-15,2.2666904964236199e-15,9,53,7.375,0
518,2.4410049860080143,3,pre_ko_rhs,1.7028338747837131e-15,1.7028338747837131e-15,9,8,-6.75,0
518,2.4410049860080143,4,pre_ko_rhs,2.7214264701570298e-15,2.7214264701570298e-15,9,53,7.625,0
519,2.4464320614383523,1,pre_ko_rhs,1.5640767073133667e-15,1.5640767073133667e-15,9,8,-7,0
519,2.4464320614383523,2,pre_ko_rhs,1.9923513237061875e-15,1.9923513237061875e-15,9,51,4.75,0
519,2.4464320614383523,3,pre_ko_rhs,2.5130435660173691e-15,2.5130435660173691e-15,9,53,7,0
519,2.4464320614383523,4,pre_ko_rhs,2.2139519113899324e-15,2.2139519113899324e-15,9,51,5.875,0
520,2.4518625691920821,1,pre_ko_rhs,2.4813794380945927e-15,2.4813794380945927e-15,9,53,7.875,0
520,2.4518625691920821,2,pre_ko_rhs,1.821519089466959e-15,1.821519089466959e-15,9,53,7.5,0
520,2.4518625691920821,3,pre_ko_rhs,1.7253386983312306e-15,1.7253386983312306e-15,9,53,7.125,0
520,2.4518625691920821,4,pre_ko_rhs,1.8441047823487095e-15,1.8441047823487095e-15,9,51,4.625,0
521,2.4572967212624697,1,pre_ko_rhs,1.7244034881270444e-15,1.7244034881270444e-15,9,39,2.125,0
521,2.4572967212624697,2,pre_ko_rhs,2.1047242284929203e-15,2.1047242284929203e-15,9,53,7.875,0
521,2.4572967212624697,3,pre_ko_rhs,2.0832793511778951e-15,2.0832793511778951e-15,9,53,6.25,0
521,2.4572967212624697,4,pre_ko_rhs,1.7211938292109334e-15,1.7211938292109334e-15,9,10,-4,0
522,2.4627347313640779,1,pre_ko_rhs,1.8507243487400276e-15,1.8507243487400276e-15,9,53,7.375,0
522,2.4627347313640779,2,pre_ko_rhs,2.0856389622108729e-15,2.0856389622108729e-15,9,10,-5.75,0
522,2.4627347313640779,3,pre_ko_rhs,2.4683619152408225e-15,2.4683619152408225e-15,9,53,7.5,0
522,2.4627347313640779,4,pre_ko_rhs,2.3022955665629945e-15,2.3022955665629945e-15,9,53,7.375,0
523,2.4681768145241234,1,pre_ko_rhs,2.5930790047612099e-15,2.5930790047612099e-15,9,8,-7.75,0
523,2.4681768145241234,2,pre_ko_rhs,2.1710915947537185e-15,2.1710915947537185e-15,9,8,-6.875,0
523,2.4681768145241234,3,pre_ko_rhs,1.9618986252792765e-15,1.9618986252792765e-15,9,53,7.75,0
523,2.4681768145241234,4,pre_ko_rhs,1.8213217388678953e-15,1.8213217388678953e-15,9,39,4,0
524,2.4736231866099669,1,pre_ko_rhs,2.0887651109225546e-15,2.0887651109225546e-15,9,53,6.875,0
524,2.4736231866099669,2,pre_ko_rhs,1.6620067269210971e-15,1.6620067269210971e-15,9,10,-4.875,0
524,2.4736231866099669,3,pre_ko_rhs,1.975526561490601e-15,1.975526561490601e-15,9,53,7.875,0
524,2.4736231866099669,4,pre_ko_rhs,1.85285707329516e-15,1.85285707329516e-15,9,37,0.625,0
525,2.4790740637964608,1,pre_ko_rhs,2.4366416171018605e-15,2.4366416171018605e-15,9,53,6.75,0
525,2.4790740637964608,2,pre_ko_rhs,1.8071887491328059e-15,1.8071887491328059e-15,9,53,7,0
525,2.4790740637964608,3,pre_ko_rhs,2.6608826992141094e-15,2.6608826992141094e-15,9,53,8,0
525,2.4790740637964608,4,pre_ko_rhs,1.9780958816246558e-15,1.9780958816246558e-15,9,51,5,0
526,2.4845296619797685,1,pre_ko_rhs,2.2277566550282652e-15,2.2277566550282652e-15,9,8,-7.125,0
526,2.4845296619797685,2,pre_ko_rhs,2.3817503575657741e-15,2.3817503575657741e-15,9,53,7.375,0
526,2.4845296619797685,3,pre_ko_rhs,1.6360805750486361e-15,1.6360805750486361e-15,9,39,3.5,0
526,2.4845296619797685,4,pre_ko_rhs,2.1948504021598184e-15,2.1948504021598184e-15,9,8,-6.25,0
527,2.4899901961466928,1,pre_ko_rhs,2.2165724044776613e-15,2.2165724044776613e-15,9,53,7.125,0
527,2.4899901961466928,2,pre_ko_rhs,1.918338473998974e-15,1.918338473998974e-15,9,8,-7.375,0
527,2.4899901961466928,3,pre_ko_rhs,2.0246216204355264e-15,2.0246216204355264e-15,9,53,7.75,0
527,2.4899901961466928,4,pre_ko_rhs,2.0072435261081358e-15,2.0072435261081358e-15,9,53,7.375,0
528,2.4954558797104371,1,pre_ko_rhs,2.2179692341900372e-15,2.2179692341900372e-15,9,8,-7.25,0
528,2.4954558797104371,2,pre_ko_rhs,1.8413795493412511e-15,1.8413795493412511e-15,9,51,4.25,0
528,2.4954558797104371,3,pre_ko_rhs,1.8985286002332093e-15,1.8985286002332093e-15,9,10,-4.875,0
528,2.4954558797104371,4,pre_ko_rhs,1.8598588197784832e-15,1.8598588197784832e-15,9,53,8,0
529,2.5009269238250056,1,pre_ko_rhs,1.8356804440958299e-15,1.8356804440958299e-15,9,51,5,0
529,2.5009269238250056,2,pre_ko_rhs,2.2265488790811017e-15,2.2265488790811017e-15,9,8,-6.75,0
529,2.5009269238250056,3,pre_ko_rhs,1.9801676858826348e-15,1.9801676858826348e-15,9,10,-5.75,0
529,2.5009269238250056,4,pre_ko_rhs,1.7603444898651601e-15,1.7603444898651601e-15,9,10,-5.625,0
530,2.5064035366911255,1,pre_ko_rhs,1.8553413278917953e-15,1.8553413278917953e-15,9,53,7.125,0
530,2.5064035366911255,2,pre_ko_rhs,1.8655335767002535e-15,1.8655335767002535e-15,9,51,5.875,0
530,2.5064035366911255,3,pre_ko_rhs,2.1763198277902269e-15,2.1763198277902269e-15,9,53,7.25,0
530,2.5064035366911255,4,pre_ko_rhs,2.0178323426768463e-15,2.0178323426768463e-15,9,16,-3.75,0
531,2.5118859228666839,1,pre_ko_rhs,1.8951738892559141e-15,1.8951738892559141e-15,9,39,3.5,0
531,2.5118859228666839,2,pre_ko_rhs,1.8669865432018103e-15,1.8669865432018103e-15,9,8,-7.25,0
531,2.5118859228666839,3,pre_ko_rhs,1.8971328201350652e-15,1.8971328201350652e-15,9,8,-6.125,0
531,2.5118859228666839,4,pre_ko_rhs,1.7675951907985675e-15,1.7675951907985675e-15,9,39,3,0
532,2.5173742825942398,1,pre_ko_rhs,1.5664961385701882e-15,1.5664961385701882e-15,9,8,-7.75,0
532,2.5173742825942398,2,pre_ko_rhs,1.8506088781811866e-15,1.8506088781811866e-15,9,8,-8,0
532,2.5173742825942398,3,pre_ko_rhs,1.9825455761487107e-15,1.9825455761487107e-15,9,8,-7.75,0
532,2.5173742825942398,4,pre_ko_rhs,1.897139885036781e-15,1.897139885036781e-15,9,53,7.5,0
533,2.5228688111573021,1,pre_ko_rhs,2.2622126053295491e-15,2.2622126053295491e-15,9,8,-7.5,0
533,2.5228688111573021,2,pre_ko_rhs,2.0360932344807462e-15,2.0360932344807462e-15,9,10,-5.625,0
533,2.5228688111573021,3,pre_ko_rhs,2.0492120675403665e-15,2.0492120675403665e-15,9,53,7.625,0
533,2.5228688111573021,4,pre_ko_rhs,2.0257216451889557e-15,2.0257216451889557e-15,9,10,-5.875,0
534,2.5283696982758364,1,pre_ko_rhs,2.0369709639121997e-15,2.0369709639121997e-15,9,53,7.5,0
534,2.5283696982758364,2,pre_ko_rhs,2.1670678168430165e-15,2.1670678168430165e-15,9,53,7.25,0
534,2.5283696982758364,3,pre_ko_rhs,2.1549032372351543e-15,2.1549032372351543e-15,9,53,7.875,0
534,2.5283696982758364,4,pre_ko_rhs,1.6396367344341486e-15,1.6396367344341486e-15,9,53,8,0
535,2.5338771275499679,1,pre_ko_rhs,2.2738786311749101e-15,2.2738786311749101e-15,9,53,7.75,0
535,2.5338771275499679,2,pre_ko_rhs,2.0501514034066952e-15,2.0501514034066952e-15,9,8,-7.625,0
535,2.5338771275499679,3,pre_ko_rhs,2.1404399052095192e-15,2.1404399052095192e-15,9,53,7.375,0
535,2.5338771275499679,4,pre_ko_rhs,1.9015412055347699e-15,1.9015412055347699e-15,9,53,7.625,0
536,2.5393912759591917,1,pre_ko_rhs,1.7536704389498515e-15,1.7536704389498515e-15,9,8,-6.625,0
536,2.5393912759591917,2,pre_ko_rhs,1.9281564172175894e-15,1.9281564172175894e-15,9,8,-6.75,0
536,2.5393912759591917,3,pre_ko_rhs,1.642632927973687e-15,1.642632927973687e-15,9,10,-5.75,0
536,2.5393912759591917,4,pre_ko_rhs,2.1813770881053321e-15,2.1813770881053321e-15,9,53,8,0
537,2.5449123134226599,1,pre_ko_rhs,2.1833225775967128e-15,2.1833225775967128e-15,9,8,-6.5,0
537,2.5449123134226599,2,pre_ko_rhs,2.731869735498284e-15,2.731869735498284e-15,9,53,8,0
537,2.5449123134226599,3,pre_ko_rhs,2.5822274164487038e-15,2.5822274164487038e-15,9,53,7.5,0
537,2.5449123134226599,4,pre_ko_rhs,2.1282670910019211e-15,2.1282670910019211e-15,9,8,-7.875,0
538,2.5504404024243752,1,pre_ko_rhs,2.211443172091694e-15,2.211443172091694e-15,9,8,-7.5,0
538,2.5504404024243752,2,pre_ko_rhs,1.9542891502693934e-15,1.9542891502693934e-15,9,10,-4.125,0
538,2.5504404024243752,3,pre_ko_rhs,2.1245589369039144e-15,2.1245589369039144e-15,9,53,7.625,0
538,2.5504404024243752,4,pre_ko_rhs,2.2299185814870655e-15,2.2299185814870655e-15,9,10,-5.75,0
539,2.5559745313354001,1,pre_ko_rhs,2.084574645246918e-15,2.084574645246918e-15,9,51,4.125,0
539,2.5559745313354001,2,pre_ko_rhs,1.7188585535604385e-15,1.7188585535604385e-15,9,53,7.75,0
539,2.5559745313354001,3,pre_ko_rhs,1.6489453312940381e-15,1.6489453312940381e-15,9,37,0.375,0
539,2.5559745313354001,4,pre_ko_rhs,2.7196210337934854e-15,2.7196210337934854e-15,9,53,8,0
540,2.5615105429620919,1,pre_ko_rhs,2.0657835927083208e-15,2.0657835927083208e-15,9,8,-6.625,0
540,2.5615105429620919,2,pre_ko_rhs,1.9828941759500333e-15,1.9828941759500333e-15,9,53,6.25,0
540,2.5615105429620919,3,pre_ko_rhs,2.2420714958412195e-15,2.2420714958412195e-15,9,53,6.5,0
540,2.5615105429620919,4,pre_ko_rhs,1.8534518902026858e-15,1.8534518902026858e-15,9,8,-7.625,0
541,2.5670485801793514,1,pre_ko_rhs,2.4330169989536387e-15,2.4330169989536387e-15,9,53,7.875,0
541,2.5670485801793514,2,pre_ko_rhs,2.0471201408309951e-15,2.0471201408309951e-15,9,53,6.875,0
541,2.5670485801793514,3,pre_ko_rhs,1.9697249718095723e-15,1.9697249718095723e-15,9,53,7.625,0
541,2.5670485801793514,4,pre_ko_rhs,2.5480556084346777e-15,2.5480556084346777e-15,9,53,7.75,0
542,2.5725887832250249,1,pre_ko_rhs,2.1891154327460982e-15,2.1891154327460982e-15,9,10,-5.625,0
542,2.5725887832250249,2,pre_ko_rhs,1.8954241548915592e-15,1.8954241548915592e-15,9,8,-6.875,0
542,2.5725887832250249,3,pre_ko_rhs,1.7266006724680503e-15,1.7266006724680503e-15,9,8,-7.375,0
542,2.5725887832250249,4,pre_ko_rhs,1.8493363942858466e-15,1.8493363942858466e-15,9,8,-6.5,0
543,2.5781312894933501,1,pre_ko_rhs,2.0078300144220242e-15,2.0078300144220242e-15,9,51,5.875,0
543,2.5781312894933501,2,pre_ko_rhs,2.0139743757090919e-15,2.0139743757090919e-15,9,8,-7.25,0
543,2.5781312894933501,3,pre_ko_rhs,2.0996630227460502e-15,2.0996630227460502e-15,9,53,7.75,0
543,2.5781312894933501,4,pre_ko_rhs,1.845647458003931e-15,1.845647458003931e-15,9,53,6.375,0
544,2.5836747820726127,1,pre_ko_rhs,1.7597272255896627e-15,1.7597272255896627e-15,9,51,5.375,0
544,2.5836747820726127,2,pre_ko_rhs,1.7135262242438957e-15,1.7135262242438957e-15,9,53,6.625,0
544,2.5836747820726127,3,pre_ko_rhs,2.8012429461822347e-15,2.8012429461822347e-15,9,53,8,0
544,2.5836747820726127,4,pre_ko_rhs,1.8239570011121802e-15,1.8239570011121802e-15,9,53,6.625,0
545,2.5892174598492348,1,pre_ko_rhs,1.7964995197713372e-15,1.7964995197713372e-15,9,8,-6,0
545,2.5892174598492348,2,pre_ko_rhs,2.3323217744808219e-15,2.3323217744808219e-15,9,53,7.25,0
545,2.5892174598492348,3,pre_ko_rhs,1.5880279700626076e-15,1.5880279700626076e-15,9,10,-5.75,0
545,2.5892174598492348,4,pre_ko_rhs,1.9532054865480627e-15,1.9532054865480627e-15,9,51,4.875,0
546,2.5947595554087748,1,pre_ko_rhs,2.0737118363724346e-15,2.0737118363724346e-15,9,53,7.5,0
546,2.5947595554087748,2,pre_ko_rhs,1.7675158658602683e-15,1.7675158658602683e-15,9,53,7.75,0
546,2.5947595554087748,3,pre_ko_rhs,1.8661210913865057e-15,1.8661210913865057e-15,9,8,-6,0
546,2.5947595554087748,4,pre_ko_rhs,1.8958044906169963e-15,1.8958044906169963e-15,9,39,2.75,0
547,2.600301302458599,1,pre_ko_rhs,1.5624062220461949e-15,1.5624062220461949e-15,9,53,6.25,0
547,2.600301302458599,2,pre_ko_rhs,1.8384344602103547e-15,1.8384344602103547e-15,9,39,2.75,0
547,2.600301302458599,3,pre_ko_rhs,1.8360947658291044e-15,1.8360947658291044e-15,9,53,7.625,0
547,2.600301302458599,4,pre_ko_rhs,2.4113093663414306e-15,2.4113093663414306e-15,9,8,-6.125,0
548,2.6058429352259309,1,pre_ko_rhs,1.9540667188556488e-15,1.9540667188556488e-15,9,53,7.125,0
548,2.6058429352259309,2,pre_ko_rhs,2.4860673768156185e-15,2.4860673768156185e-15,9,53,7.625,0
548,2.6058429352259309,3,pre_ko_rhs,2.0161788083954768e-15,2.0161788083954768e-15,9,8,-7.125,0
548,2.6058429352259309,4,pre_ko_rhs,1.9535388490439657e-15,1.9535388490439657e-15,9,8,-7,0
549,2.6113846878982234,1,pre_ko_rhs,2.0664309926423505e-15,2.0664309926423505e-15,9,53,7.625,0
549,2.6113846878982234,2,pre_ko_rhs,1.8539856709879836e-15,1.8539856709879836e-15,9,39,3.125,0
549,2.6113846878982234,3,pre_ko_rhs,1.7359028786967794e-15,1.7359028786967794e-15,9,18,-1.75,0
549,2.6113846878982234,4,pre_ko_rhs,1.951300831904161e-15,1.951300831904161e-15,9,8,-7.5,0
550,2.61692679411121,1,pre_ko_rhs,2.3454926180580632e-15,2.3454926180580632e-15,9,8,-8,0
550,2.61692679411121,2,pre_ko_rhs,2.3485602442607955e-15,2.3485602442607955e-15,9,53,7,0
550,2.61692679411121,3,pre_ko_rhs,2.3399405337689642e-15,2.3399405337689642e-15,9,8,-6.875,0
550,2.61692679411121,4,pre_ko_rhs,1.8739939075305755e-15,1.8739939075305755e-15,9,53,6.25,0
551,2.6224694864878075,1,pre_ko_rhs,2.3580438279814537e-15,2.3580438279814537e-15,9,8,-6.375,0
551,2.6224694864878075,2,pre_ko_rhs,1.9368184211984064e-15,1.9368184211984064e-15,9,51,5,0
551,2.6224694864878075,3,pre_ko_rhs,2.1945707298493701e-15,2.1945707298493701e-15,9,53,7.75,0
551,2.6224694864878075,4,pre_ko_rhs,1.7275735463970736e-15,1.7275735463970736e-15,9,53,6.625,0
552,2.6280129962281986,1,pre_ko_rhs,1.7548360001781193e-15,1.7548360001781193e-15,9,8,-7.375,0
552,2.6280129962281986,2,pre_ko_rhs,1.7630725001317234e-15,1.7630725001317234e-15,9,8,-7.875,0
552,2.6280129962281986,3,pre_ko_rhs,1.8474259453280104e-15,1.8474259453280104e-15,9,53,6.5,0
552,2.6280129962281986,4,pre_ko_rhs,1.8409515016869824e-15,1.8409515016869824e-15,9,39,4,0
553,2.6335575527488224,1,pre_ko_rhs,2.1332257428104208e-15,2.1332257428104208e-15,9,8,-7.125,0
553,2.6335575527488224,2,pre_ko_rhs,1.6662903125451986e-15,1.6662903125451986e-15,9,39,2.25,0
553,2.6335575527488224,3,pre_ko_rhs,2.2415618787732161e-15,2.2415618787732161e-15,9,53,7.75,0
553,2.6335575527488224,4,pre_ko_rhs,1.9221544035168814e-15,1.9221544035168814e-15,9,10,-5.375,0
554,2.6391033833658359,1,pre_ko_rhs,2.8797232275010906e-15,2.8797232275010906e-15,9,53,8,0
554,2.6391033833658359,2,pre_ko_rhs,1.7340300646322637e-15,1.7340300646322637e-15,9,10,-4.75,0
554,2.6391033833658359,3,pre_ko_rhs,1.8445398371186053e-15,1.8445398371186053e-15,9,53,8,0
554,2.6391033833658359,4,pre_ko_rhs,1.6493179511375046e-15,1.6493179511375046e-15,9,8,-6.875,0
555,2.6446507130166395,1,pre_ko_rhs,2.6704994313896684e-15,2.6704994313896684e-15,9,53,7,0
555,2.6446507130166395,2,pre_ko_rhs,2.0601845859394298e-15,2.0601845859394298e-15,9,8,-7.375,0
555,2.6446507130166395,3,pre_ko_rhs,1.9257163748136023e-15,1.9257163748136023e-15,9,10,-4.75,0
555,2.6446507130166395,4,pre_ko_rhs,1.6592678997168593e-15,1.6592678997168593e-15,9,8,-8,0
556,2.6501997640115906,1,pre_ko_rhs,1.9795813585576316e-15,1.9795813585576316e-15,9,16,-2.125,0
556,2.6501997640115906,2,pre_ko_rhs,2.2227796688625145e-15,2.2227796688625145e-15,9,53,7,0
556,2.6501997640115906,3,pre_ko_rhs,1.8115416689733393e-15,1.8115416689733393e-15,9,53,6.75,0
556,2.6501997640115906,4,pre_ko_rhs,2.1950493587200793e-15,2.1950493587200793e-15,9,53,7.625,0
557,2.655750755807055,1,pre_ko_rhs,2.5595821374748177e-15,2.5595821374748177e-15,9,53,8,0
557,2.655750755807055,2,pre_ko_rhs,2.1595025764294341e-15,2.1595025764294341e-15,9,53,7.25,0
557,2.655750755807055,3,pre_ko_rhs,1.957438288536366e-15,1.957438288536366e-15,9,53,7.875,0
557,2.655750755807055,4,pre_ko_rhs,1.8819849884303354e-15,1.8819849884303354e-15,9,8,-6.75,0
558,2.6613039047905347,1,pre_ko_rhs,2.6398683665965239e-15,2.6398683665965239e-15,9,53,7.25,0
558,2.6613039047905347,2,pre_ko_rhs,1.8825448352328015e-15,1.8825448352328015e-15,9,53,7.875,0
558,2.6613039047905347,3,pre_ko_rhs,1.9589953851096968e-15,1.9589953851096968e-15,9,8,-7.25,0
558,2.6613039047905347,4,pre_ko_rhs,2.037174194411006e-15,2.037174194411006e-15,9,53,7.25,0
559,2.6668594240687713,1,pre_ko_rhs,1.9955260247809099e-15,1.9955260247809099e-15,9,8,-6.125,0
559,2.6668594240687713,2,pre_ko_rhs,2.3243428551545486e-15,2.3243428551545486e-15,9,53,7.375,0
559,2.6668594240687713,3,pre_ko_rhs,2.1941911783289142e-15,2.1941911783289142e-15,9,8,-6.375,0
559,2.6668594240687713,4,pre_ko_rhs,1.5989969928833299e-15,1.5989969928833299e-15,9,53,7.125,0
560,2.6724175232504059,1,pre_ko_rhs,2.2204046440471277e-15,2.2204046440471277e-15,9,8,-7,0
560,2.6724175232504059,2,pre_ko_rhs,1.8084599501619821e-15,1.8084599501619821e-15,9,53,7.875,0
560,2.6724175232504059,3,pre_ko_rhs,1.7506739254677568e-15,1.7506739254677568e-15,9,53,7.5,0
560,2.6724175232504059,4,pre_ko_rhs,1.5999653367109067e-15,1.5999653367109067e-15,9,8,-6.625,0
561,2.6779784082159597,1,pre_ko_rhs,1.8856166047644646e-15,1.8856166047644646e-15,9,53,7,0
561,2.6779784082159597,2,pre_ko_rhs,1.9011376724644756e-15,1.9011376724644756e-15,9,53,7.75,0
561,2.6779784082159597,3,pre_ko_rhs,2.004468868450634e-15,2.004468868450634e-15,9,53,8,0
561,2.6779784082159597,4,pre_ko_rhs,2.2489427395209647e-15,2.2489427395209647e-15,9,8,-7.875,0
562,2.6835422808695029,1,pre_ko_rhs,2.0727947926737508e-15,2.0727947926737508e-15,9,53,7.875,0
562,2.6835422808695029,2,pre_ko_rhs,1.8247321034238165e-15,1.8247321034238165e-15,9,16,-3,0
562,2.6835422808695029,3,pre_ko_rhs,2.206331477480274e-15,2.206331477480274e-15,9,53,7.375,0
562,2.6835422808695029,4,pre_ko_rhs,2.5545085132198321e-15,2.5545085132198321e-15,9,53,8,0
563,2.689109338868283,1,pre_ko_rhs,2.2000854938584199e-15,2.2000854938584199e-15,9,53,7.375,0
563,2.689109338868283,2,pre_ko_rhs,2.0920245791505159e-15,2.0920245791505159e-15,9,53,6.5,0
563,2.689109338868283,3,pre_ko_rhs,2.1114352468139714e-15,2.1114352468139714e-15,9,53,6.75,0
563,2.689109338868283,4,pre_ko_rhs,2.0247788111754023e-15,2.0247788111754023e-15,9,51,5.625,0
564,2.6946797753287082,1,pre_ko_rhs,2.0073919776246188e-15,2.0073919776246188e-15,9,8,-7,0
564,2.6946797753287082,2,pre_ko_rhs,1.9937950866943694e-15,1.9937950866943694e-15,9,53,7.75,0
564,2.6946797753287082,3,pre_ko_rhs,1.6053436110094054e-15,1.6053436110094054e-15,9,8,-6.875,0
564,2.6946797753287082,4,pre_ko_rhs,2.0762728084036055e-15,2.0762728084036055e-15,9,53,7.75,0
565,2.70025377850927,1,pre_ko_rhs,1.9941160098847104e-15,1.9941160098847104e-15,9,53,7.25,0
565,2.70025377850927,2,pre_ko_rhs,2.34411321254283e-15,2.34411321254283e-15,9,53,7.875,0
565,2.70025377850927,3,pre_ko_rhs,1.759813388148753e-15,1.759813388148753e-15,9,18,-1.875,0
565,2.70025377850927,4,pre_ko_rhs,1.9720675875845104e-15,1.9720675875845104e-15,9,53,7.75,0
566,2.7058315314731471,1,pre_ko_rhs,1.7333350038647694e-15,1.7333350038647694e-15,9,18,-0.5,0
566,2.7058315314731471,2,pre_ko_rhs,2.3318293085745275e-15,2.3318293085745275e-15,9,53,6.875,0
566,2.7058315314731471,3,pre_ko_rhs,2.0238564098516941e-15,2.0238564098516941e-15,9,8,-6.75,0
566,2.7058315314731471,4,pre_ko_rhs,2.4027106068516157e-15,2.4027106068516157e-15,9,53,7.875,0
567,2.7114132117351994,1,pre_ko_rhs,2.3026465508246139e-15,2.3026465508246139e-15,9,8,-7.125,0
567,2.7114132117351994,2,pre_ko_rhs,2.0043038511364554e-15,2.0043038511364554e-15,9,53,7.5,0
567,2.7114132117351994,3,pre_ko_rhs,1.8111278686587119e-15,1.8111278686587119e-15,9,51,5.25,0
567,2.7114132117351994,4,pre_ko_rhs,2.0673449389717471e-15,2.0673449389717471e-15,9,8,-8,0
568,2.7169989908997589,1,pre_ko_rhs,1.8167797364866028e-15,1.8167797364866028e-15,9,51,6,0
568,2.7169989908997589,2,pre_ko_rhs,1.8217194670247658e-15,1.8217194670247658e-15,9,53,7.875,0
568,2.7169989908997589,3,pre_ko_rhs,2.1630961273758785e-15,2.1630961273758785e-15,9,53,8,0
568,2.7169989908997589,4,pre_ko_rhs,2.3325677729683076e-15,2.3325677729683076e-15,9,53,7.75,0
569,2.7225878371392849,1,pre_ko_rhs,2.2313133170815647e-15,2.2313133170815647e-15,9,53,7.5,0
569,2.7225878371392849,2,pre_ko_rhs,2.658791791165613e-15,2.658791791165613e-15,9,53,7.5,0
569,2.7225878371392849,3,pre_ko_rhs,2.5805069305502383e-15,2.5805069305502383e-15,9,53,7.75,0
569,2.7225878371392849,4,pre_ko_rhs,2.5356922335625968e-15,2.5356922335625968e-15,9,53,7.625,0
570,2.7281767535582491,1,pre_ko_rhs,1.5690274188842553e-15,1.5690274188842553e-15,9,51,5.625,0
570,2.7281767535582491,2,pre_ko_rhs,2.0045293188458472e-15,2.0045293188458472e-15,9,8,-7.875,0
570,2.7281767535582491,3,pre_ko_rhs,2.7286397232374455e-15,2.7286397232374455e-15,9,53,7.625,0
570,2.7281767535582491,4,pre_ko_rhs,2.225691924984376e-15,2.225691924984376e-15,9,53,7.5,0
571,2.7337659689506979,1,pre_ko_rhs,1.958938679366852e-15,1.958938679366852e-15,9,10,-5.125,0
571,2.7337659689506979,2,pre_ko_rhs,2.1691863312019979e-15,2.1691863312019979e-15,9,10,-4.625,0
571,2.7337659689506979,3,pre_ko_rhs,1.7667649712666929e-15,1.7667649712666929e-15,9,51,4.875,0
571,2.7337659689506979,4,pre_ko_rhs,1.7380506663398662e-15,1.7380506663398662e-15,9,53,6.5,0
572,2.7393557104226258,1,pre_ko_rhs,2.0572890890217199e-15,2.0572890890217199e-15,9,8,-6.125,0
572,2.7393557104226258,2,pre_ko_rhs,1.9342043336087761e-15,1.9342043336087761e-15,9,51,5.5,0
572,2.7393557104226258,3,pre_ko_rhs,1.9533696712670562e-15,1.9533696712670562e-15,9,51,5.125,0
572,2.7393557104226258,4,pre_ko_rhs,2.1713101918403448e-15,2.1713101918403448e-15,9,10,-5.25,0
573,2.7449462029990173,1,pre_ko_rhs,2.094985474966229e-15,2.094985474966229e-15,9,53,7,0
573,2.7449462029990173,2,pre_ko_rhs,1.9143741798554148e-15,1.9143741798554148e-15,9,39,2.375,0
573,2.7449462029990173,3,pre_ko_rhs,2.1633365218255149e-15,2.1633365218255149e-15,9,8,-6,0
573,2.7449462029990173,4,pre_ko_rhs,2.2579620657314126e-15,2.2579620657314126e-15,9,53,7.375,0
574,2.750537669230368,1,pre_ko_rhs,1.9475921348227372e-15,1.9475921348227372e-15,9,10,-5.625,0
574,2.750537669230368,2,pre_ko_rhs,2.0695515461374321e-15,2.0695515461374321e-15,9,8,-7.625,0
574,2.750537669230368,3,pre_ko_rhs,2.008487013765761e-15,2.008487013765761e-15,9,8,-6.375,0
574,2.750537669230368,4,pre_ko_rhs,1.9090772310040657e-15,1.9090772310040657e-15,9,10,-5.5,0
575,2.7561303287998067,1,pre_ko_rhs,2.0896640837745383e-15,2.0896640837745383e-15,9,53,6.875,0
575,2.7561303287998067,2,pre_ko_rhs,1.6925193030145005e-15,1.6925193030145005e-15,9,8,-6.875,0
575,2.7561303287998067,3,pre_ko_rhs,2.765738300841794e-15,2.765738300841794e-15,9,53,7.25,0
575,2.7561303287998067,4,pre_ko_rhs,1.8147046478978605e-15,1.8147046478978605e-15,9,16,-3.125,0
576,2.7617243981329196,1,pre_ko_rhs,1.8531654399643641e-15,1.8531654399643641e-15,9,53,7.625,0
576,2.7617243981329196,2,pre_ko_rhs,1.8437069495364128e-15,1.8437069495364128e-15,9,8,-6.5,0
576,2.7617243981329196,3,pre_ko_rhs,2.0289096324949163e-15,2.0289096324949163e-15,9,8,-6.5,0
576,2.7617243981329196,4,pre_ko_rhs,2.284755246435684e-15,2.284755246435684e-15,9,53,6.5,0
577,2.7673200900133699,1,pre_ko_rhs,2.0384719540575505e-15,2.0384719540575505e-15,9,53,6.375,0
577,2.7673200900133699,2,pre_ko_rhs,1.8576315974093803e-15,1.8576315974093803e-15,9,53,7.125,0
577,2.7673200900133699,3,pre_ko_rhs,2.1824807253326127e-15,2.1824807253326127e-15,9,53,7,0
577,2.7673200900133699,4,pre_ko_rhs,1.7029716885707981e-15,1.7029716885707981e-15,9,53,7.375,0
578,2.7729176132082567,1,pre_ko_rhs,1.736938816468589e-15,1.736938816468589e-15,9,51,5.5,0
578,2.7729176132082567,2,pre_ko_rhs,2.1297396346657327e-15,2.1297396346657327e-15,9,53,6.375,0
578,2.7729176132082567,3,pre_ko_rhs,1.5822392534864891e-15,1.5822392534864891e-15,9,39,2.625,0
578,2.7729176132082567,4,pre_ko_rhs,2.4439947629711255e-15,2.4439947629711255e-15,9,53,7.75,0
579,2.7785171721078186,1,pre_ko_rhs,2.1076766184433311e-15,2.1076766184433311e-15,9,53,7.25,0
579,2.7785171721078186,2,pre_ko_rhs,2.0587344580087705e-15,2.0587344580087705e-15,9,53,7.25,0
579,2.7785171721078186,3,pre_ko_rhs,2.5322066191463673e-15,2.5322066191463673e-15,9,53,8,0
579,2.7785171721078186,4,pre_ko_rhs,2.2714917710890349e-15,2.2714917710890349e-15,9,8,-7,0
580,2.7841189663843759,1,pre_ko_rhs,2.343790563474416e-15,2.343790563474416e-15,9,53,7.625,0
580,2.7841189663843759,2,pre_ko_rhs,1.8620613865468425e-15,1.8620613865468425e-15,9,53,8,0
580,2.7841189663843759,3,pre_ko_rhs,1.6324990616846107e-15,1.6324990616846107e-15,9,51,5.375,0
580,2.7841189663843759,4,pre_ko_rhs,2.3262056697070056e-15,2.3262056697070056e-15,9,53,8,0
581,2.7897231906753492,1,pre_ko_rhs,2.042766892095895e-15,2.042766892095895e-15,9,16,-3,0
581,2.7897231906753492,2,pre_ko_rhs,2.037264431997389e-15,2.037264431997389e-15,9,53,6.375,0
581,2.7897231906753492,3,pre_ko_rhs,1.8466116203258551e-15,1.8466116203258551e-15,9,53,7.875,0
581,2.7897231906753492,4,pre_ko_rhs,2.3628902874073005e-15,2.3628902874073005e-15,9,53,7.25,0
582,2.7953300342955445,1,pre_ko_rhs,2.2010532776758185e-15,2.2010532776758185e-15,9,8,-6.125,0
582,2.7953300342955445,2,pre_ko_rhs,1.632667012949126e-15,1.632667012949126e-15,9,51,4.75,0
582,2.7953300342955445,3,pre_ko_rhs,2.0637020863148517e-15,2.0637020863148517e-15,9,8,-6.75,0
582,2.7953300342955445,4,pre_ko_rhs,1.8856441963223423e-15,1.8856441963223423e-15,9,53,7.875,0
583,2.800939680982983,1,pre_ko_rhs,1.8935350590805942e-15,1.8935350590805942e-15,9,8,-6.625,0
583,2.800939680982983,2,pre_ko_rhs,1.8630351089138254e-15,1.8630351089138254e-15,9,8,-6,0
583,2.800939680982983,3,pre_ko_rhs,1.8343505491201008e-15,1.8343505491201008e-15,9,39,3.75,0
583,2.800939680982983,4,pre_ko_rhs,2.2273051954349065e-15,2.2273051954349065e-15,9,53,6.5,0
584,2.8065523086816744,1,pre_ko_rhs,3.1050630093194314e-15,3.1050630093194314e-15,9,53,8,0
584,2.8065523086816744,2,pre_ko_rhs,2.3477795943535065e-15,2.3477795943535065e-15,9,53,6.75,0
584,2.8065523086816744,3,pre_ko_rhs,1.8581621756851263e-15,1.8581621756851263e-15,9,39,2.625,0
584,2.8065523086816744,4,pre_ko_rhs,2.2976757017261104e-15,2.2976757017261104e-15,9,10,-5.125,0
585,2.8121680893634817,1,pre_ko_rhs,1.7642472794253988e-15,1.7642472794253988e-15,9,51,5.25,0
585,2.8121680893634817,2,pre_ko_rhs,1.8620011079997813e-15,1.8620011079997813e-15,9,10,-4.75,0
585,2.8121680893634817,3,pre_ko_rhs,2.0008499447456107e-15,2.0008499447456107e-15,9,53,6.125,0
585,2.8121680893634817,4,pre_ko_rhs,1.9801885318162755e-15,1.9801885318162755e-15,9,53,7.125,0
586,2.817787188889799,1,pre_ko_rhs,2.0724093134608813e-15,2.0724093134608813e-15,9,16,-3.375,0
586,2.817787188889799,2,pre_ko_rhs,2.2276766921617279e-15,2.2276766921617279e-15,9,10,-5.375,0
586,2.817787188889799,3,pre_ko_rhs,2.0063832421897657e-15,2.0063832421897657e-15,9,8,-6.625,0
586,2.817787188889799,4,pre_ko_rhs,2.3680607474300773e-15,2.3680607474300773e-15,9,53,8,0
587,2.8234097669121847,1,pre_ko_rhs,2.3087771327405645e-15,2.3087771327405645e-15,9,53,7.5,0
587,2.8234097669121847,2,pre_ko_rhs,2.2289672100243384e-15,2.2289672100243384e-15,9,53,7.5,0
587,2.8234097669121847,3,pre_ko_rhs,1.9019944488496179e-15,1.9019944488496179e-15,9,10,-4.875,0
587,2.8234097669121847,4,pre_ko_rhs,2.1247493464797139e-15,2.1247493464797139e-15,9,8,-6.125,0
588,2.8290359768094828,1,pre_ko_rhs,1.9215684549621194e-15,1.9215684549621194e-15,9,16,-2.375,0
588,2.8290359768094828,2,pre_ko_rhs,1.7952603088217004e-15,1.7952603088217004e-15,9,10,-4.75,0
588,2.8290359768094828,3,pre_ko_rhs,2.3351254782434069e-15,2.3351254782434069e-15,9,53,8,0
588,2.8290359768094828,4,pre_ko_rhs,2.1178350705032217e-15,2.1178350705032217e-15,9,53,6.625,0
589,2.8346659656574222,1,pre_ko_rhs,1.7788168420752909e-15,1.7788168420752909e-15,9,53,6.25,0
589,2.8346659656574222,2,pre_ko_rhs,2.7376177791246879e-15,2.7376177791246879e-15,9,53,7.5,0
589,2.8346659656574222,3,pre_ko_rhs,2.2024640736600767e-15,2.2024640736600767e-15,9,8,-6.875,0
589,2.8346659656574222,4,pre_ko_rhs,1.7017888839361207e-15,1.7017888839361207e-15,9,53,6.125,0
590,2.8402998742253018,1,pre_ko_rhs,1.6592940306655687e-15,1.6592940306655687e-15,9,10,-5.375,0
590,2.8402998742253018,2,pre_ko_rhs,1.8899832289425416e-15,1.8899832289425416e-15,9,51,5.75,0
590,2.8402998742253018,3,pre_ko_rhs,1.9014607568495867e-15,1.9014607568495867e-15,9,10,-5.375,0
590,2.8402998742253018,4,pre_ko_rhs,1.6192102750807077e-15,1.6192102750807077e-15,9,53,7.5,0
591,2.8459378369932566,1,pre_ko_rhs,2.2019020035600076e-15,2.2019020035600076e-15,9,53,7.5,0
591,2.8459378369932566,2,pre_ko_rhs,2.2403622081402355e-15,2.2403622081402355e-15,9,53,7.875,0
591,2.8459378369932566,3,pre_ko_rhs,2.311345944482192e-15,2.311345944482192e-15,9,53,7.25,0
591,2.8459378369932566,4,pre_ko_rhs,2.5195532583749358e-15,2.5195532583749358e-15,9,53,7.25,0
592,2.8515799821828431,1,pre_ko_rhs,2.1311081465591816e-15,2.1311081465591816e-15,9,53,6.5,0
592,2.8515799821828431,2,pre_ko_rhs,2.1056064599099702e-15,2.1056064599099702e-15,9,51,4.125,0
592,2.8515799821828431,3,pre_ko_rhs,2.3267171453467057e-15,2.3267171453467057e-15,9,53,7.25,0
592,2.8515799821828431,4,pre_ko_rhs,2.1603985573734924e-15,2.1603985573734924e-15,9,53,6.25,0
593,2.8572264317933209,1,pre_ko_rhs,2.1796725548515112e-15,2.1796725548515112e-15,9,10,-5.25,0
593,2.8572264317933209,2,pre_ko_rhs,2.5266140848016298e-15,2.5266140848016298e-15,9,53,7.5,0
593,2.8572264317933209,3,pre_ko_rhs,1.9561122652572532e-15,1.9561122652572532e-15,9,51,5.625,0
593,2.8572264317933209,4,pre_ko_rhs,2.1062906142592959e-15,2.1062906142592959e-15,9,53,6.875,0
594,2.8628759229881315,1,pre_ko_rhs,1.8712828101838994e-15,1.8712828101838994e-15,9,53,7.75,0
594,2.8628759229881315,2,pre_ko_rhs,2.4383806710408344e-15,2.4383806710408344e-15,9,53,7.25,0
594,2.8628759229881315,3,pre_ko_rhs,2.9177387657311015e-15,2.9177387657311015e-15,9,53,7,0
594,2.8628759229881315,4,pre_ko_rhs,1.864865780701595e-15,1.864865780701595e-15,9,53,6.5,0
595,2.8685258464253822,1,pre_ko_rhs,1.7479199306761907e-15,1.7479199306761907e-15,9,53,7.5,0
595,2.8685258464253822,2,pre_ko_rhs,1.8696339320162627e-15,1.8696339320162627e-15,9,8,-7.625,0
595,2.8685258464253822,3,pre_ko_rhs,2.2265069692031658e-15,2.2265069692031658e-15,9,53,7.125,0
595,2.8685258464253822,4,pre_ko_rhs,2.450858749120734e-15,2.450858749120734e-15,9,53,7.25,0
596,2.8741763748681342,1,pre_ko_rhs,2.3096113680806038e-15,2.3096113680806038e-15,9,53,7,0
596,2.8741763748681342,2,pre_ko_rhs,1.7145333067333535e-15,1.7145333067333535e-15,9,8,-6.75,0
596,2.8741763748681342,3,pre_ko_rhs,2.9793143945436683e-15,2.9793143945436683e-15,9,53,8,0
596,2.8741763748681342,4,pre_ko_rhs,2.1415420614151199e-15,2.1415420614151199e-15,9,8,-6.875,0
597,2.8798276817769186,1,pre_ko_rhs,2.0467557906241465e-15,2.0467557906241465e-15,9,53,7,0
597,2.8798276817769186,2,pre_ko_rhs,2.7904653239924513e-15,2.7904653239924513e-15,9,53,7.75,0
597,2.8798276817769186,3,pre_ko_rhs,2.0923998117066306e-15,2.0923998117066306e-15,9,8,-7.5,0
597,2.8798276817769186,4,pre_ko_rhs,2.1480915327019609e-15,2.1480915327019609e-15,9,53,7.5,0
598,2.8854799410403946,1,pre_ko_rhs,1.9209800843191179e-15,1.9209800843191179e-15,9,53,7.375,0
598,2.8854799410403946,2,pre_ko_rhs,1.8589823247262306e-15,1.8589823247262306e-15,9,8,-7.25,0
598,2.8854799410403946,3,pre_ko_rhs,2.5712196485780195e-15,2.5712196485780195e-15,9,53,8,0
598,2.8854799410403946,4,pre_ko_rhs,2.9596605869906727e-15,2.9596605869906727e-15,9,53,7.375,0
599,2.8911333266975268,1,pre_ko_rhs,2.3390454283408694e-15,2.3390454283408694e-15,9,53,7.625,0
599,2.8911333266975268,2,pre_ko_rhs,2.1782846202523017e-15,2.1782846202523017e-15,9,53,7.625,0
599,2.8911333266975268,3,pre_ko_rhs,1.5521798873047758e-15,1.5521798873047758e-15,9,10,-5.5,0
599,2.8911333266975268,4,pre_ko_rhs,2.1435263231311757e-15,2.1435263231311757e-15,9,10,-5.875,0
600,2.8967880126548371,1,pre_ko_rhs,3.0542694760674198e-15,3.0542694760674198e-15,9,53,7.75,0
600,2.8967880126548371,2,pre_ko_rhs,1.9329334798146025e-15,1.9329334798146025e-15,9,51,4.25,0
600,2.8967880126548371,3,pre_ko_rhs,2.0732185763341812e-15,2.0732185763341812e-15,9,8,-8,0
600,2.8967880126548371,4,pre_ko_rhs,2.0674935926644173e-15,2.0674935926644173e-15,9,53,8,0
601,2.9024441724014696,1,pre_ko_rhs,2.3773232646281514e-15,2.3773232646281514e-15,9,53,7.25,0
601,2.9024441724014696,2,pre_ko_rhs,2.09724089430892e-15,2.09724089430892e-15,9,51,6,0
601,2.9024441724014696,3,pre_ko_rhs,1.9563624038593652e-15,1.9563624038593652e-15,9,8,-6.625,0
601,2.9024441724014696,4,pre_ko_rhs,2.3157068394927913e-15,2.3157068394927913e-15,9,53,7.75,0
602,2.9081019787239186,1,pre_ko_rhs,1.9087244511973461e-15,1.9087244511973461e-15,9,10,-5.375,0
602,2.9081019787239186,2,pre_ko_rhs,2.1077837820152073e-15,2.1077837820152073e-15,9,53,7.375,0
602,2.9081019787239186,3,pre_ko_rhs,1.8590979352627543e-15,1.8590979352627543e-15,9,39,2.5,0
602,2.9081019787239186,4,pre_ko_rhs,2.0655835982660164e-15,2.0655835982660164e-15,9,53,6.75,0
603,2.9137616034214111,1,pre_ko_rhs,2.3117738108277776e-15,2.3117738108277776e-15,9,53,7,0
603,2.9137616034214111,2,pre_ko_rhs,1.6145316914881178e-15,1.6145316914881178e-15,9,16,-2,0
603,2.9137616034214111,3,pre_ko_rhs,1.790604698697557e-15,1.790604698697557e-15,9,8,-6.125,0
603,2.9137616034214111,4,pre_ko_rhs,2.1891471744865464e-15,2.1891471744865464e-15,9,51,4.75,0
604,2.9194232170221288,1,pre_ko_rhs,1.9448048079035598e-15,1.9448048079035598e-15,9,8,-6.5,0
604,2.9194232170221288,2,pre_ko_rhs,2.205076681021941e-15,2.205076681021941e-15,9,53,7.25,0
604,2.9194232170221288,3,pre_ko_rhs,1.9404627368643007e-15,1.9404627368643007e-15,9,51,5,0
604,2.9194232170221288,4,pre_ko_rhs,1.9166189210757359e-15,1.9166189210757359e-15,9,8,-7.375,0
605,2.9250869884998396,1,pre_ko_rhs,1.7963392965470498e-15,1.7963392965470498e-15,9,8,-7.25,0
605,2.9250869884998396,2,pre_ko_rhs,1.838381790400482e-15,1.838381790400482e-15,9,53,7.5,0
605,2.9250869884998396,3,pre_ko_rhs,1.9756989274988533e-15,1.9756989274988533e-15,9,39,2.25,0
605,2.9250869884998396,4,pre_ko_rhs,2.379004970832332e-15,2.379004970832332e-15,9,53,7.125,0
606,2.9307528808591115,1,pre_ko_rhs,2.1824785162053994e-15,2.1824785162053994e-15,9,8,-6.875,0
606,2.9307528808591115,2,pre_ko_rhs,2.2748233304030369e-15,2.2748233304030369e-15,9,53,7.125,0
606,2.9307528808591115,3,pre_ko_rhs,1.7783785191096859e-15,1.7783785191096859e-15,9,53,7.375,0
606,2.9307528808591115,4,pre_ko_rhs,1.93046577843161e-15,1.93046577843161e-15,9,51,5.125,0
607,2.9364202892041043,1,pre_ko_rhs,1.998287321641043e-15,1.998287321641043e-15,9,51,5.125,0
607,2.9364202892041043,2,pre_ko_rhs,1.8719057169783137e-15,1.8719057169783137e-15,9,10,-5.25,0
607,2.9364202892041043,3,pre_ko_rhs,2.0299495258518888e-15,2.0299495258518888e-15,9,10,-4.25,0
607,2.9364202892041043,4,pre_ko_rhs,2.1311357097292923e-15,2.1311357097292923e-15,9,53,7,0
608,2.9420894043154049,1,pre_ko_rhs,2.8816147900045713e-15,2.8816147900045713e-15,9,53,8,0
608,2.9420894043154049,2,pre_ko_rhs,1.8257614043067968e-15,1.8257614043067968e-15,9,8,-7.125,0
608,2.9420894043154049,3,pre_ko_rhs,2.2636710355396493e-15,2.2636710355396493e-15,9,8,-7.125,0
608,2.9420894043154049,4,pre_ko_rhs,1.9863411599437243e-15,1.9863411599437243e-15,9,10,-5,0
609,2.9477604143744527,1,pre_ko_rhs,1.8192571948330869e-15,1.8192571948330869e-15,9,53,6.25,0
609,2.9477604143744527,2,pre_ko_rhs,2.2377622569525545e-15,2.2377622569525545e-15,9,8,-7.375,0
609,2.9477604143744527,3,pre_ko_rhs,1.9924756184895136e-15,1.9924756184895136e-15,9,10,-4.125,0
609,2.9477604143744527,4,pre_ko_rhs,2.0050268522469787e-15,2.0050268522469787e-15,9,53,6.625,0
610,2.9534335044688778,1,pre_ko_rhs,1.8761796544843896e-15,1.8761796544843896e-15,9,10,-5.375,0
610,2.9534335044688778,2,pre_ko_rhs,1.9602856917173432e-15,1.9602856917173432e-15,9,8,-7.375,0
610,2.9534335044688778,3,pre_ko_rhs,1.8947692642606385e-15,1.8947692642606385e-15,9,53,7.375,0
610,2.9534335044688778,4,pre_ko_rhs,1.6404221957990506e-15,1.6404221957990506e-15,9,53,7.25,0
611,2.9591088561017584,1,pre_ko_rhs,1.7596159194613669e-15,1.7596159194613669e-15,9,10,-5,0
611,2.9591088561017584,2,pre_ko_rhs,2.211639906751897e-15,2.211639906751897e-15,9,51,4.875,0
611,2.9591088561017584,3,pre_ko_rhs,1.8951102702247406e-15,1.8951102702247406e-15,9,53,7,0
611,2.9591088561017584,4,pre_ko_rhs,2.2183503463247556e-15,2.2183503463247556e-15,9,8,-8,0
612,2.9647866467109645,1,pre_ko_rhs,1.804166834188633e-15,1.804166834188633e-15,9,53,7.5,0
612,2.9647866467109645,2,pre_ko_rhs,1.3678216131810768e-15,1.3678216131810768e-15,9,8,-7.25,0
612,2.9647866467109645,3,pre_ko_rhs,1.7805026407791563e-15,1.7805026407791563e-15,9,53,7.125,0
612,2.9647866467109645,4,pre_ko_rhs,2.3188014622895314e-15,2.3188014622895314e-15,9,8,-7.75,0
613,2.9704670492045313,1,pre_ko_rhs,2.4420225927335136e-15,2.4420225927335136e-15,9,53,7.75,0
613,2.9704670492045313,2,pre_ko_rhs,2.2810500705470556e-15,2.2810500705470556e-15,9,53,7.5,0
613,2.9704670492045313,3,pre_ko_rhs,1.9740940633541701e-15,1.9740940633541701e-15,9,53,6.25,0
613,2.9704670492045313,4,pre_ko_rhs,1.7816404325032657e-15,1.7816404325032657e-15,9,53,7,0
614,2.9761502315176851,1,pre_ko_rhs,1.9475547574393904e-15,1.9475547574393904e-15,9,51,5.75,0
614,2.9761502315176851,2,pre_ko_rhs,2.123700571855905e-15,2.123700571855905e-15,9,51,5.5,0
614,2.9761502315176851,3,pre_ko_rhs,2.3131433903579899e-15,2.3131433903579899e-15,9,8,-7.375,0
614,2.9761502315176851,4,pre_ko_rhs,1.7741396204354088e-15,1.7741396204354088e-15,9,53,6.625,0
615,2.9818363561967627,1,pre_ko_rhs,2.12575396019877e-15,2.12575396019877e-15,9,53,7.5,0
615,2.9818363561967627,2,pre_ko_rhs,1.9697585557695336e-15,1.9697585557695336e-15,9,53,7.625,0
615,2.9818363561967627,3,pre_ko_rhs,2.2131027325299928e-15,2.2131027325299928e-15,9,53,7,0
615,2.9818363561967627,4,pre_ko_rhs,2.3679956135732262e-15,2.3679956135732262e-15,9,8,-6.125,0
616,2.9875255800148182,1,pre_ko_rhs,1.9566793020573593e-15,1.9566793020573593e-15,9,8,-6.625,0
616,2.9875255800148182,2,pre_ko_rhs,1.7656186635853481e-15,1.7656186635853481e-15,9,10,-5.5,0
616,2.9875255800148182,3,pre_ko_rhs,2.0124765635653745e-15,2.0124765635653745e-15,9,8,-6.375,0
616,2.9875255800148182,4,pre_ko_rhs,2.0118692312880945e-15,2.0118692312880945e-15,9,8,-6.125,0
617,2.9932180536231754,1,pre_ko_rhs,1.9855316263648669e-15,1.9855316263648669e-15,9,8,-8,0
617,2.9932180536231754,2,pre_ko_rhs,1.8752361003529912e-15,1.8752361003529912e-15,9,53,7.375,0
617,2.9932180536231754,3,pre_ko_rhs,1.4994022009856895e-15,1.4994022009856895e-15,9,53,8,0
617,2.9932180536231754,4,pre_ko_rhs,1.9786677294696858e-15,1.9786677294696858e-15,9,39,2.5,0
618,2.9989139212425675,1,pre_ko_rhs,1.8220947417957791e-15,1.8220947417957791e-15,9,37,2,0
618,2.9989139212425675,2,pre_ko_rhs,1.9327709273968685e-15,1.9327709273968685e-15,9,8,-6,0
618,2.9989139212425675,3,pre_ko_rhs,2.0728998467730685e-15,2.0728998467730685e-15,9,10,-5.875,0
618,2.9989139212425675,4,pre_ko_rhs,2.1939280047804136e-15,2.1939280047804136e-15,9,53,7.375,0
619,3.0046133203968193,1,pre_ko_rhs,1.876334249924771e-15,1.876334249924771e-15,9,51,6,0
619,3.0046133203968193,2,pre_ko_rhs,2.2116404311527405e-15,2.2116404311527405e-15,9,53,8,0
619,3.0046133203968193,3,pre_ko_rhs,2.2427102778003218e-15,2.2427102778003218e-15,9,53,7.625,0
619,3.0046133203968193,4,pre_ko_rhs,1.9530575041464603e-15,1.9530575041464603e-15,9,39,2.625,0
620,3.0103153919383741,1,pre_ko_rhs,2.1636057877427755e-15,2.1636057877427755e-15,9,53,7.75,0
620,3.0103153919383741,2,pre_ko_rhs,2.1924445255709102e-15,2.1924445255709102e-15,9,53,7.625,0
620,3.0103153919383741,3,pre_ko_rhs,1.7918808885010626e-15,1.7918808885010626e-15,9,10,-4.625,0
620,3.0103153919383741,4,pre_ko_rhs,1.8714361854187078e-15,1.8714361854187078e-15,9,16,-3.375,0
621,3.0160174980729226,1,pre_ko_rhs,1.9638841428850784e-15,1.9638841428850784e-15,9,10,-4.75,0
621,3.0160174980729226,2,pre_ko_rhs,2.5763693741349058e-15,2.5763693741349058e-15,9,53,7.875,0
621,3.0160174980729226,3,pre_ko_rhs,2.1243163351447485e-15,2.1243163351447485e-15,9,51,6,0
621,3.0160174980729226,4,pre_ko_rhs,1.8053779827966288e-15,1.8053779827966288e-15,9,10,-5.375,0
622,3.0217197963012414,1,pre_ko_rhs,2.0791375357465529e-15,2.0791375357465529e-15,9,8,-6.75,0
622,3.0217197963012414,2,pre_ko_rhs,2.0337775201298056e-15,2.0337775201298056e-15,9,39,3,0
622,3.0217197963012414,3,pre_ko_rhs,2.4480267709552816e-15,2.4480267709552816e-15,9,53,8,0
622,3.0217197963012414,4,pre_ko_rhs,1.9593331528554872e-15,1.9593331528554872e-15,9,8,-7.25,0
623,3.0274224433033869,1,pre_ko_rhs,1.6743508992896975e-15,1.6743508992896975e-15,9,10,-5.125,0
623,3.0274224433033869,2,pre_ko_rhs,2.2937395156251921e-15,2.2937395156251921e-15,9,53,6.875,0
623,3.0274224433033869,3,pre_ko_rhs,2.0171693191548374e-15,2.0171693191548374e-15,9,10,-5.25,0
623,3.0274224433033869,4,pre_ko_rhs,1.7351372072625936e-15,1.7351372072625936e-15,9,37,1.625,0
624,3.033125594848876,1,pre_ko_rhs,2.0847698798813579e-15,2.0847698798813579e-15,9,53,7.375,0
624,3.033125594848876,2,pre_ko_rhs,2.2625905938065373e-15,2.2625905938065373e-15,9,53,7.625,0
624,3.033125594848876,3,pre_ko_rhs,1.7855016545761486e-15,1.7855016545761486e-15,9,53,7.125,0
624,3.033125594848876,4,pre_ko_rhs,1.9158482208709558e-15,1.9158482208709558e-15,9,16,-3.5,0
625,3.0388294056900982,1,pre_ko_rhs,1.8452655494385856e-15,1.8452655494385856e-15,9,8,-7.5,0
625,3.0388294056900982,2,pre_ko_rhs,1.5668108617183703e-15,1.5668108617183703e-15,9,51,5,0
625,3.0388294056900982,3,pre_ko_rhs,1.8911901790474976e-15,1.8911901790474976e-15,9,8,-6.75,0
625,3.0388294056900982,4,pre_ko_rhs,1.9881168749024489e-15,1.9881168749024489e-15,9,8,-6.875,0
626,3.0445340294384002,1,pre_ko_rhs,1.7424781626157884e-15,1.7424781626157884e-15,9,53,7.75,0
626,3.0445340294384002,2,pre_ko_rhs,2.3409714136251854e-15,2.3409714136251854e-15,9,53,8,0
626,3.0445340294384002,3,pre_ko_rhs,2.1376623185299811e-15,2.1376623185299811e-15,9,16,-3.875,0
626,3.0445340294384002,4,pre_ko_rhs,2.0048958208820363e-15,2.0048958208820363e-15,9,8,-6,0
627,3.050239618423888,1,pre_ko_rhs,1.9176260361890669e-15,1.9176260361890669e-15,9,53,7.875,0
627,3.050239618423888,2,pre_ko_rhs,2.0225654235691583e-15,2.0225654235691583e-15,9,53,7.625,0
627,3.050239618423888,3,pre_ko_rhs,1.5588014039213502e-15,1.5588014039213502e-15,9,18,-0.25,0
627,3.050239618423888,4,pre_ko_rhs,2.073077739678352e-15,2.073077739678352e-15,9,53,7.125,0
628,3.0559463235414688,1,pre_ko_rhs,1.6682844995822801e-15,1.6682844995822801e-15,9,8,-6.75,0
628,3.0559463235414688,2,pre_ko_rhs,1.7286522743730098e-15,1.7286522743730098e-15,9,8,-8,0
628,3.0559463235414688,3,pre_ko_rhs,1.8105375258167788e-15,1.8105375258167788e-15,9,53,7,0
628,3.0559463235414688,4,pre_ko_rhs,2.4759470090809649e-15,2.4759470090809649e-15,9,53,7.5,0
629,3.0616542940868876,1,pre_ko_rhs,2.3839669973044111e-15,2.3839669973044111e-15,9,53,7.625,0
629,3.0616542940868876,2,pre_ko_rhs,1.9627935279107282e-15,1.9627935279107282e-15,9,39,3,0
629,3.0616542940868876,3,pre_ko_rhs,2.0167119050706216e-15,2.0167119050706216e-15,9,53,7.75,0
629,3.0616542940868876,4,pre_ko_rhs,2.0277414445174335e-15,2.0277414445174335e-15,9,8,-8,0
630,3.0673636775874544,1,pre_ko_rhs,1.859518087808065e-15,1.859518087808065e-15,9,53,6.375,0
630,3.0673636775874544,2,pre_ko_rhs,1.7240190729532534e-15,1.7240190729532534e-15,9,53,6.125,0
630,3.0673636775874544,3,pre_ko_rhs,2.0734582665610759e-15,2.0734582665610759e-15,9,10,-5.75,0
630,3.0673636775874544,4,pre_ko_rhs,2.5012275982027022e-15,2.5012275982027022e-15,9,53,7.875,0
631,3.0730746196327297,1,pre_ko_rhs,2.0738396486736431e-15,2.0738396486736431e-15,9,51,5.25,0
631,3.0730746196327297,2,pre_ko_rhs,2.4731251886067834e-15,2.4731251886067834e-15,9,53,7.25,0
631,3.0730746196327297,3,pre_ko_rhs,1.7575737754816871e-15,1.7575737754816871e-15,9,53,6.625,0
631,3.0730746196327297,4,pre_ko_rhs,1.655694980444291e-15,1.655694980444291e-15,9,39,2.375,0
632,3.0787872637106148,1,pre_ko_rhs,2.0822212998626316e-15,2.0822212998626316e-15,9,8,-6,0
632,3.0787872637106148,2,pre_ko_rhs,2.1443676022994126e-15,2.1443676022994126e-15,9,8,-6.5,0
632,3.0787872637106148,3,pre_ko_rhs,2.2165501431908872e-15,2.2165501431908872e-15,9,8,-7.25,0
632,3.0787872637106148,4,pre_ko_rhs,2.0707842816626361e-15,2.0707842816626361e-15,9,10,-4.5,0
633,3.0845017510540078,1,pre_ko_rhs,1.8442372305708922e-15,1.8442372305708922e-15,9,53,7.5,0
633,3.0845017510540078,2,pre_ko_rhs,1.9962799139342519e-15,1.9962799139342519e-15,9,53,6.125,0
633,3.0845017510540078,3,pre_ko_rhs,2.6905647381175042e-15,2.6905647381175042e-15,9,53,7,0
633,3.0845017510540078,4,pre_ko_rhs,1.902583744120213e-15,1.902583744120213e-15,9,39,2.625,0
634,3.090218220502599,1,pre_ko_rhs,1.7398521966091692e-15,1.7398521966091692e-15,9,16,-3.375,0
634,3.090218220502599,2,pre_ko_rhs,1.8893500586774946e-15,1.8893500586774946e-15,9,10,-4.75,0
634,3.090218220502599,3,pre_ko_rhs,1.8910210050211946e-15,1.8910210050211946e-15,9,53,6.5,0
634,3.090218220502599,4,pre_ko_rhs,1.9831429377846644e-15,1.9831429377846644e-15,9,53,7.5,0
635,3.0959368083837311,1,pre_ko_rhs,1.7918178712431813e-15,1.7918178712431813e-15,9,51,5,0
635,3.0959368083837311,2,pre_ko_rhs,2.0849192868258455e-15,2.0849192868258455e-15,9,53,7.375,0
635,3.0959368083837311,3,pre_ko_rhs,2.320222671260832e-15,2.320222671260832e-15,9,10,-4.75,0
635,3.0959368083837311,4,pre_ko_rhs,2.0000239850592898e-15,2.0000239850592898e-15,9,53,7.75,0
636,3.1016576484149621,1,pre_ko_rhs,1.9695829976194665e-15,1.9695829976194665e-15,9,53,7.5,0
636,3.1016576484149621,2,pre_ko_rhs,1.7003753905583491e-15,1.7003753905583491e-15,9,51,5,0
636,3.1016576484149621,3,pre_ko_rhs,1.6779787596274493e-15,1.6779787596274493e-15,9,37,1.125,0
636,3.1016576484149621,4,pre_ko_rhs,1.8031435755033687e-15,1.8031435755033687e-15,9,8,-7.25,0
637,3.1073808716296054,1,pre_ko_rhs,2.0099539536443263e-15,2.0099539536443263e-15,9,53,7.5,0
637,3.1073808716296054,2,pre_ko_rhs,2.0810296231376476e-15,2.0810296231376476e-15,9,53,6.625,0
637,3.1073808716296054,3,pre_ko_rhs,2.20669040759336e-15,2.20669040759336e-15,9,53,7.25,0
637,3.1073808716296054,4,pre_ko_rhs,1.7851758479162834e-15,1.7851758479162834e-15,9,51,4.75,0
638,3.113106606325093,1,pre_ko_rhs,2.1686215329639088e-15,2.1686215329639088e-15,9,8,-7.5,0
638,3.113106606325093,2,pre_ko_rhs,1.6345542159720245e-15,1.6345542159720245e-15,9,51,5.375,0
638,3.113106606325093,3,pre_ko_rhs,2.2113064188268478e-15,2.2113064188268478e-15,9,53,8,0
638,3.113106606325093,4,pre_ko_rhs,1.8730222393785545e-15,1.8730222393785545e-15,9,8,-7.375,0
639,3.1188349780325484,1,pre_ko_rhs,1.5702951820025415e-15,1.5702951820025415e-15,9,10,-5.875,0
639,3.1188349780325484,2,pre_ko_rhs,2.179065629123526e-15,2.179065629123526e-15,9,8,-7.375,0
639,3.1188349780325484,3,pre_ko_rhs,2.0584599257857228e-15,2.0584599257857228e-15,9,16,-3.125,0
639,3.1188349780325484,4,pre_ko_rhs,2.0341347309660179e-15,2.0341347309660179e-15,9,53,8,0
640,3.1245661095046047,1,pre_ko_rhs,1.6016414208681379e-15,1.6016414208681379e-15,9,8,-8,0
640,3.1245661095046047,2,pre_ko_rhs,1.9478819012149681e-15,1.9478819012149681e-15,9,10,-5.625,0
640,3.1245661095046047,3,pre_ko_rhs,2.0052139285529906e-15,2.0052139285529906e-15,9,8,-8,0
640,3.1245661095046047,4,pre_ko_rhs,1.6379021317323376e-15,1.6379021317323376e-15,9,8,-6.375,0
641,3.1303001207172989,1,pre_ko_rhs,1.7132570946980143e-15,1.7132570946980143e-15,9,8,-7.125,0
641,3.1303001207172989,2,pre_ko_rhs,2.3709081327518608e-15,2.3709081327518608e-15,9,8,-7.625,0
641,3.1303001207172989,3,pre_ko_rhs,1.6455027030198806e-15,1.6455027030198806e-15,9,8,-6.875,0
641,3.1303001207172989,4,pre_ko_rhs,2.0484699158434216e-15,2.0484699158434216e-15,9,53,7,0
642,3.1360371288809321,1,pre_ko_rhs,1.9198708893094742e-15,1.9198708893094742e-15,9,8,-7.375,0
642,3.1360371288809321,2,pre_ko_rhs,1.5179365417494345e-15,1.5179365417494345e-15,9,53,6.375,0
642,3.1360371288809321,3,pre_ko_rhs,1.8453199553104552e-15,1.8453199553104552e-15,9,10,-5.25,0
642,3.1360371288809321,4,pre_ko_rhs,1.8665237876918406e-15,1.8665237876918406e-15,9,10,-4.625,0
643,3.1417772484541118,1,pre_ko_rhs,1.8882299434504661e-15,1.8882299434504661e-15,9,8,-6.75,0
643,3.1417772484541118,2,pre_ko_rhs,2.4002830076474837e-15,2.4002830076474837e-15,9,53,7,0
643,3.1417772484541118,3,pre_ko_rhs,2.2513372374044805e-15,2.2513372374044805e-15,9,53,7.875,0
643,3.1417772484541118,4,pre_ko_rhs,1.8028397434658182e-15,1.8028397434658182e-15,9,37,0.625,0
644,3.1475205911548705,1,pre_ko_rhs,2.4332919499837027e-15,2.4332919499837027e-15,9,8,-6.5,0
644,3.1475205911548705,2,pre_ko_rhs,1.7403384315754273e-15,1.7403384315754273e-15,9,53,7.375,0
644,3.1475205911548705,3,pre_ko_rhs,2.0981618544241408e-15,2.0981618544241408e-15,9,51,5.625,0
644,3.1475205911548705,4,pre_ko_rhs,2.2555529043751713e-15,2.2555529043751713e-15,9,53,7.375,0
645,3.1532672659627661,1,pre_ko_rhs,1.9945126111597147e-15,1.9945126111597147e-15,9,10,-5.875,0
645,3.1532672659627661,2,pre_ko_rhs,3.1292334415789496e-15,3.1292334415789496e-15,9,53,7.75,0
645,3.1532672659627661,3,pre_ko_rhs,2.1738430005117377e-15,2.1738430005117377e-15,9,53,8,0
645,3.1532672659627661,4,pre_ko_rhs,2.0676953440747597e-15,2.0676953440747597e-15,9,8,-7.625,0
646,3.1590173791062282,1,pre_ko_rhs,1.897435889805929e-15,1.897435889805929e-15,9,10,-5.625,0
646,3.1590173791062282,2,pre_ko_rhs,2.2239342034594429e-15,2.2239342034594429e-15,9,53,6.25,0
646,3.1590173791062282,3,pre_ko_rhs,1.9876136229290785e-15,1.9876136229290785e-15,9,53,6.625,0
646,3.1590173791062282,4,pre_ko_rhs,2.1607132541773594e-15,2.1607132541773594e-15,9,53,7.375,0
647,3.1647710340300934,1,pre_ko_rhs,2.5621903806907923e-15,2.5621903806907923e-15,9,53,7.25,0
647,3.1647710340300934,2,pre_ko_rhs,2.369081385933052e-15,2.369081385933052e-15,9,8,-6.375,0
647,3.1647710340300934,3,pre_ko_rhs,1.7510066817755102e-15,1.7510066817755102e-15,9,8,-6.375,0
647,3.1647710340300934,4,pre_ko_rhs,2.1033722129904562e-15,2.1033722129904562e-15,9,53,7,0
648,3.1705280823972641,1,pre_ko_rhs,2.149939528853879e-15,2.149939528853879e-15,9,51,5.875,0
648,3.1705280823972641,2,pre_ko_rhs,1.9931420280449099e-15,1.9931420280449099e-15,9,53,7.375,0
648,3.1705280823972641,3,pre_ko_rhs,1.835046738465099e-15,1.835046738465099e-15,9,53,7.5,0
648,3.1705280823972641,4,pre_ko_rhs,1.8521101031819703e-15,1.8521101031819703e-15,9,8,-6.5,0
649,3.1762846963141356,1,pre_ko_rhs,1.6980612374059962e-15,1.6980612374059962e-15,9,53,7.375,0
649,3.1762846963141356,2,pre_ko_rhs,1.4926065552572961e-15,1.4926065552572961e-15,9,37,1.375,0
649,3.1762846963141356,3,pre_ko_rhs,1.8574255097442256e-15,1.8574255097442256e-15,9,53,7.25,0
649,3.1762846963141356,4,pre_ko_rhs,1.9590361372216231e-15,1.9590361372216231e-15,9,8,-7.875,0
650,3.182041011640989,1,pre_ko_rhs,1.8537067070915603e-15,1.8537067070915603e-15,9,53,7.625,0
650,3.182041011640989,2,pre_ko_rhs,1.8808589906485191e-15,1.8808589906485191e-15,9,8,-7,0
650,3.182041011640989,3,pre_ko_rhs,2.0576974960844707e-15,2.0576974960844707e-15,9,51,5.5,0
650,3.182041011640989,4,pre_ko_rhs,2.3511905274348197e-15,2.3511905274348197e-15,9,53,7.625,0
651,3.1877971643230421,1,pre_ko_rhs,1.993709225786658e-15,1.993709225786658e-15,9,10,-4.75,0
651,3.1877971643230421,2,pre_ko_rhs,2.3424640195564415e-15,2.3424640195564415e-15,9,53,8,0
651,3.1877971643230421,3,pre_ko_rhs,2.1119034617174074e-15,2.1119034617174074e-15,9,53,7.375,0
651,3.1877971643230421,4,pre_ko_rhs,2.0794832342485862e-15,2.0794832342485862e-15,9,8,-7.5,0
652,3.1935532904298514,1,pre_ko_rhs,1.9375636619794492e-15,1.9375636619794492e-15,9,8,-6.625,0
652,3.1935532904298514,2,pre_ko_rhs,2.2130938928876868e-15,2.2130938928876868e-15,9,53,6.875,0
652,3.1935532904298514,3,pre_ko_rhs,1.8336928382748826e-15,1.8336928382748826e-15,9,53,7.875,0
652,3.1935532904298514,4,pre_ko_rhs,1.7001910737890369e-15,1.7001910737890369e-15,9,8,-6.375,0
653,3.1993095261928817,1,pre_ko_rhs,1.9625496174704489e-15,1.9625496174704489e-15,9,8,-7,0
653,3.1993095261928817,2,pre_ko_rhs,2.2220222897959952e-15,2.2220222897959952e-15,9,10,-5.5,0
653,3.1993095261928817,3,pre_ko_rhs,2.1387076007068222e-15,2.1387076007068222e-15,9,51,6,0
653,3.1993095261928817,4,pre_ko_rhs,1.8701172373048384e-15,1.8701172373048384e-15,9,37,2,0
654,3.2050660080341644,1,pre_ko_rhs,2.2770469853946107e-15,2.2770469853946107e-15,9,53,7.75,0
654,3.2050660080341644,2,pre_ko_rhs,2.0332158274179544e-15,2.0332158274179544e-15,9,37,2,0
654,3.2050660080341644,3,pre_ko_rhs,2.1806519018874204e-15,2.1806519018874204e-15,9,53,7.25,0
654,3.2050660080341644,4,pre_ko_rhs,1.7959432501220916e-15,1.7959432501220916e-15,9,53,7.5,0
655,3.2108228725793579,1,pre_ko_rhs,2.1079748251623816e-15,2.1079748251623816e-15,9,51,5.625,0
655,3.2108228725793579,2,pre_ko_rhs,1.8349749131075876e-15,1.8349749131075876e-15,9,53,8,0
655,3.2108228725793579,3,pre_ko_rhs,2.5403655015295555e-15,2.5403655015295555e-15,9,53,7.25,0
655,3.2108228725793579,4,pre_ko_rhs,1.8944854122869912e-15,1.8944854122869912e-15,9,53,6.5,0
656,3.2165802566491846,1,pre_ko_rhs,1.9795249063297621e-15,1.9795249063297621e-15,9,8,-7.75,0
656,3.2165802566491846,2,pre_ko_rhs,2.0640491515819689e-15,2.0640491515819689e-15,9,8,-6.5,0
656,3.2165802566491846,3,pre_ko_rhs,2.2214683363958078e-15,2.2214683363958078e-15,9,53,7,0
656,3.2165802566491846,4,pre_ko_rhs,1.889302560127964e-15,1.889302560127964e-15,9,8,-6.875,0
657,3.2223382972241197,1,pre_ko_rhs,2.1601197319069128e-15,2.1601197319069128e-15,9,10,-5.5,0
657,3.2223382972241197,2,pre_ko_rhs,2.0659036184849189e-15,2.0659036184849189e-15,9,53,6.75,0
657,3.2223382972241197,3,pre_ko_rhs,1.9654493415991652e-15,1.9654493415991652e-15,9,53,7.375,0
657,3.2223382972241197,4,pre_ko_rhs,1.5367440854390605e-15,1.5367440854390605e-15,9,37,1,0
658,3.2280971313783136,1,pre_ko_rhs,2.3731769831643327e-15,2.3731769831643327e-15,9,53,6.75,0
658,3.2280971313783136,2,pre_ko_rhs,2.9610572911254518e-15,2.9610572911254518e-15,9,53,7.25,0
658,3.2280971313783136,3,pre_ko_rhs,1.6629060314089259e-15,1.6629060314089259e-15,9,16,-3.5,0
658,3.2280971313783136,4,pre_ko_rhs,2.0475381347361904e-15,2.0475381347361904e-15,9,53,7.25,0
659,3.2338568961799838,1,pre_ko_rhs,1.8712496781716668e-15,1.8712496781716668e-15,9,53,8,0
659,3.2338568961799838,2,pre_ko_rhs,2.7283305591667568e-15,2.7283305591667568e-15,9,53,7.375,0
659,3.2338568961799838,3,pre_ko_rhs,1.9359213941794303e-15,1.9359213941794303e-15,9,53,7.5,0
659,3.2338568961799838,4,pre_ko_rhs,1.7945832443777034e-15,1.7945832443777034e-15,9,8,-6.125,0
660,3.2396177285569019,1,pre_ko_rhs,1.5893423027100079e-15,1.5893423027100079e-15,9,37,1.625,0
660,3.2396177285569019,2,pre_ko_rhs,1.9138400154266329e-15,1.9138400154266329e-15,9,10,-5.625,0
660,3.2396177285569019,3,pre_ko_rhs,2.3423717283626004e-15,2.3423717283626004e-15,9,53,6.5,0
660,3.2396177285569019,4,pre_ko_rhs,2.2793321943058323e-15,2.2793321943058323e-15,9,53,7.625,0
661,3.2453797651270198,1,pre_ko_rhs,1.6765902146163352e-15,1.6765902146163352e-15,9,51,4.625,0
661,3.2453797651270198,2,pre_ko_rhs,2.2064716828298387e-15,2.2064716828298387e-15,9,51,6,0
661,3.2453797651270198,3,pre_ko_rhs,1.7887759780781339e-15,1.7887759780781339e-15,9,8,-7,0
661,3.2453797651270198,4,pre_ko_rhs,2.4547975993146242e-15,2.4547975993146242e-15,9,53,7,0
662,3.2511431419957177,1,pre_ko_rhs,2.1375087665853656e-15,2.1375087665853656e-15,9,8,-7.875,0
662,3.2511431419957177,2,pre_ko_rhs,1.8275687833694833e-15,1.8275687833694833e-15,9,39,3.125,0
662,3.2511431419957177,3,pre_ko_rhs,2.1191562280369747e-15,2.1191562280369747e-15,9,53,7.375,0
662,3.2511431419957177,4,pre_ko_rhs,1.9148633734297273e-15,1.9148633734297273e-15,9,10,-5.75,0
663,3.2569079945225261,1,pre_ko_rhs,1.8326308300061237e-15,1.8326308300061237e-15,9,53,6.375,0
663,3.2569079945225261,2,pre_ko_rhs,1.6290450978690715e-15,1.6290450978690715e-15,9,39,2.875,0
663,3.2569079945225261,3,pre_ko_rhs,1.9646769168024316e-15,1.9646769168024316e-15,9,51,4.5,0
663,3.2569079945225261,4,pre_ko_rhs,2.4529023839664365e-15,2.4529023839664365e-15,9,53,7.75,0
664,3.262674457061427,1,pre_ko_rhs,1.6384539423198572e-15,1.6384539423198572e-15,9,53,7.375,0
664,3.262674457061427,2,pre_ko_rhs,1.7896810518877127e-15,1.7896810518877127e-15,9,53,7.875,0
664,3.262674457061427,3,pre_ko_rhs,1.9265801533838901e-15,1.9265801533838901e-15,9,53,7.375,0
664,3.262674457061427,4,pre_ko_rhs,1.6563909546898064e-15,1.6563909546898064e-15,9,51,4.25,0
665,3.2684426626799423,1,pre_ko_rhs,2.3649100536270783e-15,2.3649100536270783e-15,9,53,7.125,0
665,3.2684426626799423,2,pre_ko_rhs,2.1358297948592099e-15,2.1358297948592099e-15,9,10,-5.5,0
665,3.2684426626799423,3,pre_ko_rhs,1.9709129006252908e-15,1.9709129006252908e-15,9,10,-4.75,0
665,3.2684426626799423,4,pre_ko_rhs,2.33063674219951e-15,2.33063674219951e-15,9,53,7.375,0
666,3.2742127428630958,1,pre_ko_rhs,2.222787588783683e-15,2.222787588783683e-15,9,8,-7,0
666,3.2742127428630958,2,pre_ko_rhs,1.6504293826498108e-15,1.6504293826498108e-15,9,53,7.25,0
666,3.2742127428630958,3,pre_ko_rhs,2.5548978991904813e-15,2.5548978991904813e-15,9,53,7.875,0
666,3.2742127428630958,4,pre_ko_rhs,1.8095179052164984e-15,1.8095179052164984e-15,9,10,-4.25,0
667,3.279984827208986,1,pre_ko_rhs,2.078959901781215e-15,2.078959901781215e-15,9,53,7.25,0
667,3.279984827208986,2,pre_ko_rhs,2.0253944488918476e-15,2.0253944488918476e-15,9,53,6.625,0
667,3.279984827208986,3,pre_ko_rhs,2.0372096255392183e-15,2.0372096255392183e-15,9,53,7.625,0
667,3.279984827208986,4,pre_ko_rhs,2.7015818627936776e-15,2.7015818627936776e-15,9,53,8,0
668,3.2857590431230945,1,pre_ko_rhs,1.9603440437497035e-15,1.9603440437497035e-15,9,53,7.375,0
668,3.2857590431230945,2,pre_ko_rhs,2.3544101695528333e-15,2.3544101695528333e-15,9,53,7.25,0
668,3.2857590431230945,3,pre_ko_rhs,2.0079250237799793e-15,2.0079250237799793e-15,9,39,2.125,0
668,3.2857590431230945,4,pre_ko_rhs,1.849093677435466e-15,1.849093677435466e-15,9,8,-6.125,0
669,3.2915355155185546,1,pre_ko_rhs,1.8227795030538842e-15,1.8227795030538842e-15,9,10,-5.625,0
669,3.2915355155185546,2,pre_ko_rhs,1.8716720501747303e-15,1.8716720501747303e-15,9,10,-5.625,0
669,3.2915355155185546,3,pre_ko_rhs,2.2405566656602486e-15,2.2405566656602486e-15,9,51,5.75,0
669,3.2915355155185546,4,pre_ko_rhs,1.9027785330529875e-15,1.9027785330529875e-15,9,53,6.875,0
670,3.2973143665294429,1,pre_ko_rhs,2.4809420231365883e-15,2.4809420231365883e-15,9,53,7.375,0
670,3.2973143665294429,2,pre_ko_rhs,2.4042002403717411e-15,2.4042002403717411e-15,9,53,7.875,0
670,3.2973143665294429,3,pre_ko_rhs,1.727762947179031e-15,1.727762947179031e-15,9,8,-7.5,0
670,3.2973143665294429,4,pre_ko_rhs,1.8592293601753115e-15,1.8592293601753115e-15,9,10,-4.5,0
671,3.3030957152437272,1,pre_ko_rhs,1.9241072910867361e-15,1.9241072910867361e-15,9,53,7.625,0
671,3.3030957152437272,2,pre_ko_rhs,2.2759075278577011e-15,2.2759075278577011e-15,9,53,7.875,0
671,3.3030957152437272,3,pre_ko_rhs,2.0861567643538734e-15,2.0861567643538734e-15,9,8,-7,0
671,3.3030957152437272,4,pre_ko_rhs,1.9841484098999937e-15,1.9841484098999937e-15,9,8,-7.375,0
672,3.3088796774618197,1,pre_ko_rhs,1.8722721000090478e-15,1.8722721000090478e-15,9,16,-2.875,0
672,3.3088796774618197,2,pre_ko_rhs,1.6980229190978048e-15,1.6980229190978048e-15,9,8,-7.875,0
672,3.3088796774618197,3,pre_ko_rhs,1.7276417190339086e-15,1.7276417190339086e-15,9,8,-6.25,0
672,3.3088796774618197,4,pre_ko_rhs,2.1417874017497618e-15,2.1417874017497618e-15,9,8,-8,0
673,3.3146663654858095,1,pre_ko_rhs,1.866629969135622e-15,1.866629969135622e-15,9,53,8,0
673,3.3146663654858095,2,pre_ko_rhs,2.148116749274562e-15,2.148116749274562e-15,9,53,7.25,0
673,3.3146663654858095,3,pre_ko_rhs,2.4427422711316528e-15,2.4427422711316528e-15,9,53,7.75,0
673,3.3146663654858095,4,pre_ko_rhs,2.3621698146357982e-15,2.3621698146357982e-15,9,8,-6.625,0
674,3.3204558879433845,1,pre_ko_rhs,2.0461781956134336e-15,2.0461781956134336e-15,9,8,-6.625,0
674,3.3204558879433845,2,pre_ko_rhs,2.3990620857868927e-15,2.3990620857868927e-15,9,53,7.75,0
674,3.3204558879433845,3,pre_ko_rhs,1.9996102783815321e-15,1.9996102783815321e-15,9,8,-7.5,0
674,3.3204558879433845,4,pre_ko_rhs,1.9960516439216688e-15,1.9960516439216688e-15,9,8,-6.625,0
675,3.3262483496492701,1,pre_ko_rhs,1.921240420459515e-15,1.921240420459515e-15,9,53,6.875,0
675,3.3262483496492701,2,pre_ko_rhs,1.8011614719425317e-15,1.8011614719425317e-15,9,53,7.75,0
675,3.3262483496492701,3,pre_ko_rhs,1.7283326413212962e-15,1.7283326413212962e-15,9,10,-5.5,0
675,3.3262483496492701,4,pre_ko_rhs,1.9261144743095858e-15,1.9261144743095858e-15,9,8,-6,0
676,3.3320438515057598,1,pre_ko_rhs,1.693964915679827e-15,1.693964915679827e-15,9,8,-7.625,0
676,3.3320438515057598,2,pre_ko_rhs,2.5298249199872138e-15,2.5298249199872138e-15,9,53,7.25,0
676,3.3320438515057598,3,pre_ko_rhs,2.4743532568295458e-15,2.4743532568295458e-15,9,53,7.375,0
676,3.3320438515057598,4,pre_ko_rhs,2.3231168897063528e-15,2.3231168897063528e-15,9,53,7.625,0
677,3.3378424904426223,1,pre_ko_rhs,2.3139806519931526e-15,2.3139806519931526e-15,9,53,7.625,0
677,3.3378424904426223,2,pre_ko_rhs,1.6128654615040995e-15,1.6128654615040995e-15,9,53,7.625,0
677,3.3378424904426223,3,pre_ko_rhs,1.8896572687653105e-15,1.8896572687653105e-15,9,53,7.625,0
677,3.3378424904426223,4,pre_ko_rhs,1.5477535721013841e-15,1.5477535721013841e-15,9,10,-4.25,0
678,3.3436443593954199,1,pre_ko_rhs,1.9338500536660193e-15,1.9338500536660193e-15,9,10,-5.625,0
678,3.3436443593954199,2,pre_ko_rhs,2.0023382186245007e-15,2.0023382186245007e-15,9,37,1.625,0
678,3.3436443593954199,3,pre_ko_rhs,2.3365049533955176e-15,2.3365049533955176e-15,9,53,7,0
678,3.3436443593954199,4,pre_ko_rhs,2.2890589719516639e-15,2.2890589719516639e-15,9,53,6.5,0
679,3.3494495473200847,1,pre_ko_rhs,2.0663801893733895e-15,2.0663801893733895e-15,9,53,6.5,0
679,3.3494495473200847,2,pre_ko_rhs,1.5767522492769617e-15,1.5767522492769617e-15,9,53,7.5,0
679,3.3494495473200847,3,pre_ko_rhs,2.2311733319524025e-15,2.2311733319524025e-15,9,53,7.875,0
679,3.3494495473200847,4,pre_ko_rhs,1.8743456990642727e-15,1.8743456990642727e-15,9,8,-6.25,0
680,3.3552554823590133,1,pre_ko_rhs,2.5445014329865603e-15,2.5445014329865603e-15,9,53,7.125,0
680,3.3552554823590133,2,pre_ko_rhs,1.7836039078204338e-15,1.7836039078204338e-15,9,10,-5,0
680,3.3552554823590133,3,pre_ko_rhs,2.106450399004172e-15,2.106450399004172e-15,9,53,7.875,0
680,3.3552554823590133,4,pre_ko_rhs,2.0579134359963279e-15,2.0579134359963279e-15,9,53,6.75,0
681,3.3610621179614313,1,pre_ko_rhs,2.0295115346440244e-15,2.0295115346440244e-15,9,8,-7.75,0
681,3.3610621179614313,2,pre_ko_rhs,1.8745274738687689e-15,1.8745274738687689e-15,9,39,3.75,0
681,3.3610621179614313,3,pre_ko_rhs,2.2961995816165789e-15,2.2961995816165789e-15,9,53,7.5,0
681,3.3610621179614313,4,pre_ko_rhs,2.3052897942308548e-15,2.3052897942308548e-15,9,53,7.875,0
682,3.3668695855264703,1,pre_ko_rhs,2.4930200354460665e-15,2.4930200354460665e-15,9,53,7.125,0
682,3.3668695855264703,2,pre_ko_rhs,1.9535530932828539e-15,1.9535530932828539e-15,9,8,-8,0
682,3.3668695855264703,3,pre_ko_rhs,1.7780486384126048e-15,1.7780486384126048e-15,9,51,5.375,0
682,3.3668695855264703,4,pre_ko_rhs,1.6402615982165867e-15,1.6402615982165867e-15,9,39,2.875,0
683,3.372678017002992,1,pre_ko_rhs,1.9872359474153799e-15,1.9872359474153799e-15,9,10,-5.625,0
683,3.372678017002992,2,pre_ko_rhs,1.881223609253265e-15,1.881223609253265e-15,9,16,-3.875,0
683,3.372678017002992,3,pre_ko_rhs,1.8964572122428094e-15,1.8964572122428094e-15,9,8,-6.125,0
683,3.372678017002992,4,pre_ko_rhs,1.9895291227426232e-15,1.9895291227426232e-15,9,10,-5.125,0
684,3.3784870788345209,1,pre_ko_rhs,1.785707573800677e-15,1.785707573800677e-15,9,51,4.375,0
684,3.3784870788345209,2,pre_ko_rhs,1.9246241769649647e-15,1.9246241769649647e-15,9,8,-7.875,0
684,3.3784870788345209,3,pre_ko_rhs,1.8378204684015385e-15,1.8378204684015385e-15,9,8,-6.125,0
684,3.3784870788345209,4,pre_ko_rhs,1.9085773031668766e-15,1.9085773031668766e-15,9,18,-0.5,0
685,3.3842964398565316,1,pre_ko_rhs,2.4607167969804326e-15,2.4607167969804326e-15,9,53,7.25,0
685,3.3842964398565316,2,pre_ko_rhs,1.8372547585829348e-15,1.8372547585829348e-15,9,10,-4.375,0
685,3.3842964398565316,3,pre_ko_rhs,2.0513924138760061e-15,2.0513924138760061e-15,9,8,-7.25,0
685,3.3842964398565316,4,pre_ko_rhs,2.0354000404038793e-15,2.0354000404038793e-15,9,51,4.75,0
686,3.3901062322536837,1,pre_ko_rhs,1.9523923698748256e-15,1.9523923698748256e-15,9,51,4.75,0
686,3.3901062322536837,2,pre_ko_rhs,1.9564614527934243e-15,1.9564614527934243e-15,9,51,5.75,0
686,3.3901062322536837,3,pre_ko_rhs,2.0654025146794664e-15,2.0654025146794664e-15,9,53,6.875,0
686,3.3901062322536837,4,pre_ko_rhs,2.3051472246942984e-15,2.3051472246942984e-15,9,8,-6,0
687,3.3959165876727297,1,pre_ko_rhs,1.9822422817593784e-15,1.9822422817593784e-15,9,53,6.125,0
687,3.3959165876727297,2,pre_ko_rhs,1.7056946736317995e-15,1.7056946736317995e-15,9,53,6.125,0
687,3.3959165876727297,3,pre_ko_rhs,1.5078833614610871e-15,1.5078833614610871e-15,9,8,-6.625,0
687,3.3959165876727297,4,pre_ko_rhs,1.7544201978970919e-15,1.7544201978970919e-15,9,53,6.125,0
688,3.401727637130131,1,pre_ko_rhs,1.8087859603742663e-15,1.8087859603742663e-15,9,18,-0.5,0
688,3.401727637130131,2,pre_ko_rhs,1.9161240213356801e-15,1.9161240213356801e-15,9,10,-4.25,0
688,3.401727637130131,3,pre_ko_rhs,2.4167368639519238e-15,2.4167368639519238e-15,9,53,7.875,0
688,3.401727637130131,4,pre_ko_rhs,1.7570834450318953e-15,1.7570834450318953e-15,9,51,4.75,0
689,3.4075395109174247,1,pre_ko_rhs,1.67932806288589e-15,1.67932806288589e-15,9,8,-7.25,0
689,3.4075395109174247,2,pre_ko_rhs,1.8586972132552043e-15,1.8586972132552043e-15,9,8,-6.375,0
689,3.4075395109174247,3,pre_ko_rhs,1.8498172685486196e-15,1.8498172685486196e-15,9,53,7.375,0
689,3.4075395109174247,4,pre_ko_rhs,2.1473608823402865e-15,2.1473608823402865e-15,9,8,-6.625,0
690,3.4133523385033953,1,pre_ko_rhs,2.8153583431680097e-15,2.8153583431680097e-15,9,53,7.5,0
690,3.4133523385033953,2,pre_ko_rhs,1.8306567630140682e-15,1.8306567630140682e-15,9,10,-5,0
690,3.4133523385033953,3,pre_ko_rhs,2.467309244591673e-15,2.467309244591673e-15,9,53,7.375,0
690,3.4133523385033953,4,pre_ko_rhs,2.483191119262293e-15,2.483191119262293e-15,9,53,7.75,0
691,3.4191662484323113,1,pre_ko_rhs,1.8788166401337978e-15,1.8788166401337978e-15,9,8,-7.375,0
691,3.4191662484323113,2,pre_ko_rhs,1.9932527307694657e-15,1.9932527307694657e-15,9,8,-6.625,0
691,3.4191662484323113,3,pre_ko_rhs,1.7005226883889975e-15,1.7005226883889975e-15,9,53,6.75,0
691,3.4191662484323113,4,pre_ko_rhs,1.6898915981759095e-15,1.6898915981759095e-15,9,39,3.5,0
692,3.4249813682176962,1,pre_ko_rhs,2.0883847039029834e-15,2.0883847039029834e-15,9,8,-7,0
692,3.4249813682176962,2,pre_ko_rhs,2.5841186124681077e-15,2.5841186124681077e-15,9,53,8,0
692,3.4249813682176962,3,pre_ko_rhs,1.9440098491464137e-15,1.9440098491464137e-15,9,51,5,0
692,3.4249813682176962,4,pre_ko_rhs,2.3614617371667114e-15,2.3614617371667114e-15,9,53,7.75,0
693,3.4307978242313326,1,pre_ko_rhs,2.415537532491038e-15,2.415537532491038e-15,9,8,-7.125,0
693,3.4307978242313326,2,pre_ko_rhs,1.8042010115591053e-15,1.8042010115591053e-15,9,53,7.375,0
693,3.4307978242313326,3,pre_ko_rhs,2.1602750505069766e-15,2.1602750505069766e-15,9,53,7.125,0
693,3.4307978242313326,4,pre_ko_rhs,2.7948425480589653e-15,2.7948425480589653e-15,9,53,7.875,0
694,3.4366157415874246,1,pre_ko_rhs,2.4860554284029018e-15,2.4860554284029018e-15,9,53,7.5,0
694,3.4366157415874246,2,pre_ko_rhs,2.4145299631295002e-15,2.4145299631295002e-15,9,53,7.5,0
694,3.4366157415874246,3,pre_ko_rhs,1.6870113697657193e-15,1.6870113697657193e-15,9,53,6.625,0
694,3.4366157415874246,4,pre_ko_rhs,2.0339538472692376e-15,2.0339538472692376e-15,9,10,-5.625,0
695,3.4424352440220809,1,pre_ko_rhs,2.4894239926887991e-15,2.4894239926887991e-15,9,53,7.375,0
695,3.4424352440220809,2,pre_ko_rhs,2.1568637677086946e-15,2.1568637677086946e-15,9,53,8,0
695,3.4424352440220809,3,pre_ko_rhs,1.9736655319934973e-15,1.9736655319934973e-15,9,8,-8,0
695,3.4424352440220809,4,pre_ko_rhs,1.84751484322719e-15,1.84751484322719e-15,9,18,-1.5,0
696,3.4482564537685261,1,pre_ko_rhs,2.3044894573275726e-15,2.3044894573275726e-15,9,53,8,0
696,3.4482564537685261,2,pre_ko_rhs,2.0032840189251961e-15,2.0032840189251961e-15,9,53,7.875,0
696,3.4482564537685261,3,pre_ko_rhs,2.3565254238420122e-15,2.3565254238420122e-15,9,53,7.5,0
696,3.4482564537685261,4,pre_ko_rhs,2.4240255632838288e-15,2.4240255632838288e-15,9,53,7.5,0
697,3.454079491428677,1,pre_ko_rhs,2.9225597882095145e-15,2.9225597882095145e-15,9,53,7.625,0
697,3.454079491428677,2,pre_ko_rhs,1.9661642063057896e-15,1.9661642063057896e-15,9,53,7.125,0
697,3.454079491428677,3,pre_ko_rhs,2.0770671902802166e-15,2.0770671902802166e-15,9,18,-1.75,0
697,3.454079491428677,4,pre_ko_rhs,1.5662603831325482e-15,1.5662603831325482e-15,9,10,-5.375,0
698,3.4599044758419639,1,pre_ko_rhs,1.9745001953756003e-15,1.9745001953756003e-15,9,51,5,0
698,3.4599044758419639,2,pre_ko_rhs,1.9100510136095729e-15,1.9100510136095729e-15,9,10,-4.375,0
698,3.4599044758419639,3,pre_ko_rhs,1.7925808408121306e-15,1.7925808408121306e-15,9,16,-3.25,0
698,3.4599044758419639,4,pre_ko_rhs,1.5560009222231969e-15,1.5560009222231969e-15,9,10,-4.75,0
699,3.4657315239524791,1,pre_ko_rhs,1.8272577912625479e-15,1.8272577912625479e-15,9,10,-4.875,0
699,3.4657315239524791,2,pre_ko_rhs,1.9808196426933409e-15,1.9808196426933409e-15,9,53,7.5,0
699,3.4657315239524791,3,pre_ko_rhs,1.948919113275221e-15,1.948919113275221e-15,9,18,-1.75,0
699,3.4657315239524791,4,pre_ko_rhs,1.621854425948771e-15,1.621854425948771e-15,9,53,6.625,0
700,3.4715607506757369,1,pre_ko_rhs,1.9615271725179883e-15,1.9615271725179883e-15,9,53,7.875,0
700,3.4715607506757369,2,pre_ko_rhs,2.2648656387560484e-15,2.2648656387560484e-15,9,51,5.875,0
700,3.4715607506757369,3,pre_ko_rhs,1.8314803362112094e-15,1.8314803362112094e-15,9,53,7.625,0
700,3.4715607506757369,4,pre_ko_rhs,1.9150050038365237e-15,1.9150050038365237e-15,9,8,-6,0
701,3.4773922687664776,1,pre_ko_rhs,1.8031202125961818e-15,1.8031202125961818e-15,9,39,3.875,0
701,3.4773922687664776,2,pre_ko_rhs,1.8865997140639944e-15,1.8865997140639944e-15,9,8,-7.125,0
701,3.4773922687664776,3,pre_ko_rhs,1.825129569906366e-15,1.825129569906366e-15,9,8,-6.625,0
701,3.4773922687664776,4,pre_ko_rhs,2.2506566246137611e-15,2.2506566246137611e-15,9,8,-6.125,0
702,3.483226188689057,1,pre_ko_rhs,2.4792024890729678e-15,2.4792024890729678e-15,9,53,7,0
