time	cycle	diagnostic	maximum	radius	r_over_r_core	level	rank	gid	x	y	z	i	j	k
0.00000000000000000e+00	0	reference_Ricci	6.08194173724915021e-01	2.52590742770461396e-01	8.41969142568204654e-01	3	3	7	-2.08333333333332593e-02	-1.04166666666666741e-01	-2.29166666666666741e-01	47	45	42
0.00000000000000000e+00	0	reference_Riemann	8.71055829930838521e-01	2.15501675683095889e-01	7.18338918943652982e-01	3	3	9	-1.87500000000000000e-01	2.08333333333333322e-02	-1.04166666666666741e-01	43	0	45
0.00000000000000000e+00	0	spin_connection	1.45149799156521442e+00	2.52590742770461396e-01	8.41969142568204654e-01	3	4	11	-1.04166666666666741e-01	-2.29166666666666741e-01	2.08333333333333322e-02	45	42	0
0.00000000000000000e+00	0	spin_derivative	9.69826156107839510e-01	3.60242009703970412e-01	1.20080669901323467e+00	3	3	7	-1.45833333333333259e-01	-2.70833333333333259e-01	-1.87500000000000000e-01	44	41	43
0.00000000000000000e+00	0	Psi	2.00000000000000000e+00	1.03201360617645594e+01	3.44004535392151993e+01	2	0	0	-5.95833333333333304e+00	-5.95833333333333304e+00	-5.95833333333333304e+00	0	0	0
0.00000000000000000e+00	0	Q	0.00000000000000000e+00	1.03201360617645594e+01	3.44004535392151993e+01	2	0	0	-5.95833333333333304e+00	-5.95833333333333304e+00	-5.95833333333333304e+00	0	0	0
0.00000000000000000e+00	0	Delta	0.00000000000000000e+00	1.03201360617645594e+01	3.44004535392151993e+01	2	0	0	-5.95833333333333304e+00	-5.95833333333333304e+00	-5.95833333333333304e+00	0	0	0
0.00000000000000000e+00	0	Pi	0.00000000000000000e+00	1.03201360617645594e+01	3.44004535392151993e+01	2	0	0	-5.95833333333333304e+00	-5.95833333333333304e+00	-5.95833333333333304e+00	0	0	0
0.00000000000000000e+00	0	Phi	0.00000000000000000e+00	1.03201360617645594e+01	3.44004535392151993e+01	2	0	0	-5.95833333333333304e+00	-5.95833333333333304e+00	-5.95833333333333304e+00	0	0	0
0.00000000000000000e+00	0	GH_constraint	0.00000000000000000e+00	1.03201360617645594e+01	3.44004535392151993e+01	2	0	0	-5.95833333333333304e+00	-5.95833333333333304e+00	-5.95833333333333304e+00	0	0	0
0.00000000000000000e+00	0	reduction_constraint	0.00000000000000000e+00	1.03201360617645594e+01	3.44004535392151993e+01	2	0	0	-5.95833333333333304e+00	-5.95833333333333304e+00	-5.95833333333333304e+00	0	0	0
0.00000000000000000e+00	0	curl_constraint	0.00000000000000000e+00	1.03201360617645594e+01	3.44004535392151993e+01	2	0	0	-5.95833333333333304e+00	-5.95833333333333304e+00	-5.95833333333333304e+00	0	0	0
0.00000000000000000e+00	0	source_curvature	1.21638834744983027e+00	2.52590742770461396e-01	8.41969142568204654e-01	3	3	8	2.08333333333333322e-02	-1.04166666666666741e-01	-2.29166666666666741e-01	0	45	42
0.00000000000000000e+00	0	source_QQ	0.00000000000000000e+00	1.03201360617645594e+01	3.44004535392151993e+01	2	0	0	-5.95833333333333304e+00	-5.95833333333333304e+00	-5.95833333333333304e+00	0	0	0
0.00000000000000000e+00	0	source_DeltaDelta	0.00000000000000000e+00	1.03201360617645594e+01	3.44004535392151993e+01	2	0	0	-5.95833333333333304e+00	-5.95833333333333304e+00	-5.95833333333333304e+00	0	0	0
0.00000000000000000e+00	0	source_damping	0.00000000000000000e+00	1.03201360617645594e+01	3.44004535392151993e+01	2	0	0	-5.95833333333333304e+00	-5.95833333333333304e+00	-5.95833333333333304e+00	0	0	0
0.00000000000000000e+00	0	source_frame_correction	0.00000000000000000e+00	1.03201360617645594e+01	3.44004535392151993e+01	2	0	0	-5.95833333333333304e+00	-5.95833333333333304e+00	-5.95833333333333304e+00	0	0	0
0.00000000000000000e+00	0	shift_lapse_ratio	0.00000000000000000e+00	1.03201360617645594e+01	3.44004535392151993e+01	2	0	0	-5.95833333333333304e+00	-5.95833333333333304e+00	-5.95833333333333304e+00	0	0	0
5.02815025751079253e-02	14	reference_Ricci	6.08194173724915021e-01	2.52590742770461396e-01	8.41969142568204654e-01	3	3	7	-2.08333333333332593e-02	-1.04166666666666741e-01	-2.29166666666666741e-01	47	45	42
5.02815025751079253e-02	14	reference_Riemann	8.71055829930838521e-01	2.15501675683095889e-01	7.18338918943652982e-01	3	3	9	-1.87500000000000000e-01	2.08333333333333322e-02	-1.04166666666666741e-01	43	0	45
5.02815025751079253e-02	14	spin_connection	1.45149799156521442e+00	2.52590742770461396e-01	8.41969142568204654e-01	3	4	11	-1.04166666666666741e-01	-2.29166666666666741e-01	2.08333333333333322e-02	45	42	0
5.02815025751079253e-02	14	spin_derivative	9.69826719763597023e-01	3.60242009703970412e-01	1.20080669901323467e+00	3	3	7	-1.45833333333333259e-01	-2.70833333333333259e-01	-1.87500000000000000e-01	44	41	43
5.02815025751079253e-02	14	Psi	2.00002430379634788e+00	7.46228945357179874e-01	2.48742981785726647e+00	3	3	7	-6.25000000000000000e-02	-1.45833333333333259e-01	-7.29166666666666741e-01	46	44	30
5.02815025751079253e-02	14	Q	1.09098761505760124e-02	5.01300392313165255e-01	1.67100130771055100e+00	3	3	7	-2.70833333333333259e-01	-3.54166666666666741e-01	-2.29166666666666741e-01	41	39	42
5.02815025751079253e-02	14	Delta	9.17336105332436196e-03	5.01300392313165144e-01	1.67100130771055055e+00	3	4	11	-2.70833333333333259e-01	-3.54166666666666741e-01	2.29166666666666657e-01	41	39	5
5.02815025751079253e-02	14	Pi	1.08668145226509891e-02	5.21666001064538198e-01	1.73888667021512733e+00	3	5	13	-2.08333333333332593e-02	2.08333333333333322e-02	5.20833333333333370e-01	47	0	12
5.02815025751079253e-02	14	Phi	8.54624201736859811e-05	6.85603444662680417e-01	2.28534481554226820e+00	3	3	8	3.95833333333333315e-01	-3.95833333333333259e-01	-3.95833333333333259e-01	9	38	38
5.02815025751079253e-02	14	GH_constraint	5.01965069817367741e-06	5.95862470150061885e+00	1.98620823383353979e+01	2	2	6	-5.95833333333333304e+00	4.16666666666665186e-02	4.16666666666665186e-02	0	24	24
5.02815025751079253e-02	14	reduction_constraint	1.60608774592440036e-08	5.95862470150061885e+00	1.98620823383353979e+01	2	2	6	-5.95833333333333304e+00	-4.16666666666667407e-02	-4.16666666666667407e-02	0	23	23
5.02815025751079253e-02	14	curl_constraint	4.08988416181591128e-08	2.72431183971292068e-01	9.08103946570973597e-01	3	4	11	-2.08333333333332593e-02	-2.08333333333332593e-02	2.70833333333333315e-01	47	47	6
5.02815025751079253e-02	14	source_curvature	1.21639986139716494e+00	2.52590742770461396e-01	8.41969142568204654e-01	3	3	8	2.08333333333333322e-02	-1.04166666666666741e-01	-2.29166666666666741e-01	0	45	42
5.02815025751079253e-02	14	source_QQ	1.81799986197346672e-04	5.01300392313165144e-01	1.67100130771055055e+00	3	3	8	2.29166666666666657e-01	-3.54166666666666741e-01	-2.70833333333333259e-01	5	39	41
5.02815025751079253e-02	14	source_DeltaDelta	1.08160265110472713e-04	5.01300392313165144e-01	1.67100130771055055e+00	3	3	8	2.29166666666666657e-01	-3.54166666666666741e-01	-2.70833333333333259e-01	5	39	41
5.02815025751079253e-02	14	source_damping	0.00000000000000000e+00	1.03201360617645594e+01	3.44004535392151993e+01	2	0	0	-5.95833333333333304e+00	-5.95833333333333304e+00	-5.95833333333333304e+00	0	0	0
5.02815025751079253e-02	14	source_frame_correction	9.27142234322898134e-03	4.14054310715662344e-01	1.38018103571887463e+00	3	3	7	-2.29166666666666741e-01	-3.12500000000000000e-01	-1.45833333333333259e-01	42	40	44
5.02815025751079253e-02	14	shift_lapse_ratio	5.90384391196340641e-13	5.47643309503954789e-01	1.82547769834651596e+00	3	3	7	-1.04166666666666741e-01	-3.12500000000000000e-01	-4.37500000000000000e-01	45	40	37
1.00562925710680623e-01	28	reference_Ricci	6.08194173724915021e-01	2.52590742770461396e-01	8.41969142568204654e-01	3	3	7	-2.08333333333332593e-02	-1.04166666666666741e-01	-2.29166666666666741e-01	47	45	42
1.00562925710680623e-01	28	reference_Riemann	8.71055829930838521e-01	2.15501675683095889e-01	7.18338918943652982e-01	3	3	9	-1.87500000000000000e-01	2.08333333333333322e-02	-1.04166666666666741e-01	43	0	45
1.00562925710680623e-01	28	spin_connection	1.45149799156521442e+00	2.52590742770461396e-01	8.41969142568204654e-01	3	4	11	-1.04166666666666741e-01	-2.29166666666666741e-01	2.08333333333333322e-02	45	42	0
1.00562925710680623e-01	28	spin_derivative	9.69829309386939564e-01	3.60242009703970412e-01	1.20080669901323467e+00	3	4	11	-2.70833333333333259e-01	-6.25000000000000000e-02	2.29166666666666657e-01	41	46	5
1.00562925710680623e-01	28	Psi	2.00009781089177618e+00	7.43898794639880290e-01	2.47966264879960097e+00	3	3	7	-2.08333333333332593e-02	-1.45833333333333259e-01	-7.29166666666666741e-01	47	44	30
1.00562925710680623e-01	28	Q	2.18760870438234716e-02	4.97825131056188364e-01	1.65941710352062799e+00	3	4	11	-3.12500000000000000e-01	-3.12500000000000000e-01	2.29166666666666657e-01	40	40	5
1.00562925710680623e-01	28	Delta	1.83761669538590293e-02	4.97825131056188419e-01	1.65941710352062821e+00	3	3	7	-3.12500000000000000e-01	-3.12500000000000000e-01	-2.29166666666666741e-01	40	40	42
1.00562925710680623e-01	28	Pi	2.17866925471786599e-02	5.21666001064538198e-01	1.73888667021512733e+00	3	4	12	2.08333333333333322e-02	-2.08333333333332593e-02	5.20833333333333370e-01	0	47	12
1.00562925710680623e-01	28	Phi	3.41850818251546152e-04	6.85603444662680417e-01	2.28534481554226820e+00	3	3	7	-3.95833333333333259e-01	-3.95833333333333259e-01	-3.95833333333333259e-01	38	38	38
1.00562925710680623e-01	28	GH_constraint	1.93467709498688360e-05	5.95862470150061796e+00	1.98620823383353944e+01	2	1	3	4.16666666666665186e-02	4.16666666666665186e-02	-5.95833333333333304e+00	24	24	0
1.00562925710680623e-01	28	reduction_constraint	1.28505035699840134e-07	5.95862470150061885e+00	1.98620823383353979e+01	2	2	5	-4.16666666666667407e-02	-5.95833333333333304e+00	4.16666666666665186e-02	23	0	24
1.00562925710680623e-01	28	curl_constraint	1.64396483896321494e-07	2.72431183971292012e-01	9.08103946570973375e-01	3	4	10	2.08333333333333322e-02	2.08333333333333322e-02	-2.70833333333333259e-01	0	0	41
1.00562925710680623e-01	28	source_curvature	1.21643440802634251e+00	2.52590742770461396e-01	8.41969142568204654e-01	3	3	8	2.08333333333333322e-02	-1.04166666666666741e-01	-2.29166666666666741e-01	0	45	42
1.00562925710680623e-01	28	source_QQ	7.30786498268911895e-04	4.97825131056188419e-01	1.65941710352062821e+00	3	3	7	-3.12500000000000000e-01	-3.12500000000000000e-01	-2.29166666666666741e-01	40	40	42
1.00562925710680623e-01	28	source_DeltaDelta	4.34615500797927174e-04	4.97825131056188419e-01	1.65941710352062821e+00	3	3	7	-2.29166666666666741e-01	-3.12500000000000000e-01	-3.12500000000000000e-01	42	40	40
1.00562925710680623e-01	28	source_damping	0.00000000000000000e+00	1.03201360617645594e+01	3.44004535392151993e+01	2	0	0	-5.95833333333333304e+00	-5.95833333333333304e+00	-5.95833333333333304e+00	0	0	0
1.00562925710680623e-01	28	source_frame_correction	1.84927571234506892e-02	4.09839907768874911e-01	1.36613302589624985e+00	3	3	7	-2.08333333333332593e-02	-3.95833333333333259e-01	-1.04166666666666741e-01	47	38	45
1.00562925710680623e-01	28	shift_lapse_ratio	3.75071352044514552e-11	5.47643309503954789e-01	1.82547769834651596e+00	3	3	8	1.04166666666666671e-01	-3.12500000000000000e-01	-4.37500000000000000e-01	2	40	37
1.50844181146545964e-01	42	reference_Ricci	6.08194173724915021e-01	2.52590742770461396e-01	8.41969142568204654e-01	3	3	7	-2.08333333333332593e-02	-1.04166666666666741e-01	-2.29166666666666741e-01	47	45	42
1.50844181146545964e-01	42	reference_Riemann	8.71055829930838521e-01	2.15501675683095889e-01	7.18338918943652982e-01	3	3	9	-1.87500000000000000e-01	2.08333333333333322e-02	-1.04166666666666741e-01	43	0	45
1.50844181146545964e-01	42	spin_connection	1.45149799156521442e+00	2.52590742770461396e-01	8.41969142568204654e-01	3	4	11	-1.04166666666666741e-01	-2.29166666666666741e-01	2.08333333333333322e-02	45	42	0
1.50844181146545964e-01	42	spin_derivative	9.69835833820464899e-01	3.60242009703970412e-01	1.20080669901323467e+00	3	3	7	-1.87500000000000000e-01	-1.45833333333333259e-01	-2.70833333333333259e-01	43	44	41
1.50844181146545964e-01	42	Psi	2.00022144285054226e+00	7.39216458300423929e-01	2.46405486100141324e+00	3	3	7	-6.25000000000000000e-02	-1.04166666666666741e-01	-7.29166666666666741e-01	46	45	30
1.50844181146545964e-01	42	Q	3.29128304378005568e-02	4.97825131056188419e-01	1.65941710352062821e+00	3	3	7	-2.29166666666666741e-01	-3.12500000000000000e-01	-3.12500000000000000e-01	42	40	40
1.50844181146545964e-01	42	Delta	2.76192042702774164e-02	4.97825131056188364e-01	1.65941710352062799e+00	3	3	9	-3.12500000000000000e-01	2.29166666666666657e-01	-3.12500000000000000e-01	40	5	40
1.50844181146545964e-01	42	Pi	3.27795662946349584e-02	4.80071609241788044e-01	1.60023869747262681e+00	3	3	7	-2.08333333333332593e-02	-4.79166666666666741e-01	-2.08333333333332593e-02	47	36	47
1.50844181146545964e-01	42	Phi	7.69205992868335201e-04	6.85603444662680528e-01	2.28534481554226865e+00	3	5	14	3.95833333333333315e-01	3.95833333333333315e-01	3.95833333333333315e-01	9	9	9
1.50844181146545964e-01	42	GH_constraint	4.13798552883978899e-05	5.95862470150061796e+00	1.98620823383353944e+01	2	1	3	4.16666666666665186e-02	4.16666666666665186e-02	-5.95833333333333304e+00	24	24	0
1.50844181146545964e-01	42	reduction_constraint	4.34440666857740236e-07	5.95862470150061974e+00	1.98620823383354015e+01	2	6	18	5.95833333333333393e+00	4.16666666666665186e-02	4.16666666666665186e-02	47	24	24
1.50844181146545964e-01	42	curl_constraint	3.72833461606133222e-07	2.72431183971292068e-01	9.08103946570973597e-01	3	4	12	2.08333333333333322e-02	-2.08333333333332593e-02	2.70833333333333315e-01	0	47	6
1.50844181146545964e-01	42	source_curvature	1.21649200169361515e+00	2.52590742770461396e-01	8.41969142568204654e-01	3	4	11	-1.04166666666666741e-01	-2.29166666666666741e-01	2.08333333333333322e-02	45	42	0
1.50844181146545964e-01	42	source_QQ	1.65351918873135671e-03	4.97825131056188419e-01	1.65941710352062821e+00	3	3	7	-2.29166666666666741e-01	-3.12500000000000000e-01	-3.12500000000000000e-01	42	40	40
1.50844181146545964e-01	42	source_DeltaDelta	9.82955671872594869e-04	4.97825131056188419e-01	1.65941710352062821e+00	3	3	7	-2.29166666666666741e-01	-3.12500000000000000e-01	-3.12500000000000000e-01	42	40	40
1.50844181146545964e-01	42	source_damping	0.00000000000000000e+00	1.03201360617645594e+01	3.44004535392151993e+01	2	0	0	-5.95833333333333304e+00	-5.95833333333333304e+00	-5.95833333333333304e+00	0	0	0
1.50844181146545964e-01	42	source_frame_correction	2.76827779695002357e-02	4.09839907768874911e-01	1.36613302589624985e+00	3	3	7	-2.08333333333332593e-02	-3.95833333333333259e-01	-1.04166666666666741e-01	47	38	45
1.50844181146545964e-01	42	shift_lapse_ratio	4.24124546095601870e-10	5.47643309503954789e-01	1.82547769834651596e+00	3	3	8	1.04166666666666671e-01	-3.12500000000000000e-01	-4.37500000000000000e-01	2	40	37
2.01125174098842480e-01	56	reference_Ricci	6.08194173724915021e-01	2.52590742770461396e-01	8.41969142568204654e-01	3	3	7	-2.08333333333332593e-02	-1.04166666666666741e-01	-2.29166666666666741e-01	47	45	42
2.01125174098842480e-01	56	reference_Riemann	8.71055829930838521e-01	2.15501675683095889e-01	7.18338918943652982e-01	3	3	9	-1.87500000000000000e-01	2.08333333333333322e-02	-1.04166666666666741e-01	43	0	45
2.01125174098842480e-01	56	spin_connection	1.45149799156521442e+00	2.52590742770461396e-01	8.41969142568204654e-01	3	4	11	-1.04166666666666741e-01	-2.29166666666666741e-01	2.08333333333333322e-02	45	42	0
2.01125174098842480e-01	56	spin_derivative	9.69848918212430910e-01	3.60242009703970412e-01	1.20080669901323467e+00	3	3	7	-1.45833333333333259e-01	-2.70833333333333259e-01	-1.87500000000000000e-01	44	41	43
2.01125174098842480e-01	56	Psi	2.00039615724325914e+00	7.34504273491841553e-01	2.44834757830613858e+00	3	3	7	-6.25000000000000000e-02	-6.25000000000000000e-02	-7.29166666666666741e-01	46	46	30
2.01125174098842480e-01	56	Q	4.40336928056427185e-02	4.97825131056188419e-01	1.65941710352062821e+00	3	3	7	-2.29166666666666741e-01	-3.12500000000000000e-01	-3.12500000000000000e-01	42	40	40
2.01125174098842480e-01	56	Delta	3.69128392553726287e-02	4.97825131056188419e-01	1.65941710352062821e+00	3	3	7	-2.29166666666666741e-01	-3.12500000000000000e-01	-3.12500000000000000e-01	42	40	40
2.01125174098842480e-01	56	Pi	4.38616345644857741e-02	4.80071609241787989e-01	1.60023869747262659e+00	3	3	9	-2.08333333333332593e-02	4.79166666666666685e-01	-2.08333333333332593e-02	47	11	47
2.01125174098842480e-01	56	Phi	1.36762199005320637e-03	6.85603444662680528e-01	2.28534481554226865e+00	3	4	10	3.95833333333333315e-01	3.95833333333333315e-01	-3.95833333333333259e-01	9	9	38
2.01125174098842480e-01	56	GH_constraint	6.90681234028315020e-05	5.95862470150061885e+00	1.98620823383353979e+01	2	2	6	-5.95833333333333304e+00	4.16666666666665186e-02	4.16666666666665186e-02	0	24	24
2.01125174098842480e-01	56	reduction_constraint	1.03294838903197081e-06	5.95862470150061974e+00	1.98620823383354015e+01	2	6	18	5.95833333333333393e+00	4.16666666666665186e-02	4.16666666666665186e-02	47	24	24
2.01125174098842480e-01	56	curl_constraint	7.41791365842699052e-07	3.08305178894765386e-01	1.02768392964921795e+00	3	4	12	1.04166666666666671e-01	-2.70833333333333259e-01	1.04166666666666671e-01	2	41	2
2.01125174098842480e-01	56	source_curvature	1.21657266631764416e+00	2.52590742770461396e-01	8.41969142568204654e-01	3	4	11	-1.04166666666666741e-01	-2.29166666666666741e-01	2.08333333333333322e-02	45	42	0
2.01125174098842480e-01	56	source_QQ	2.95805832714391087e-03	4.97825131056188419e-01	1.65941710352062821e+00	3	3	7	-2.29166666666666741e-01	-3.12500000000000000e-01	-3.12500000000000000e-01	42	40	40
2.01125174098842480e-01	56	source_DeltaDelta	1.75756244034186871e-03	4.97825131056188419e-01	1.65941710352062821e+00	3	3	7	-2.29166666666666741e-01	-3.12500000000000000e-01	-3.12500000000000000e-01	42	40	40
2.01125174098842480e-01	56	source_damping	0.00000000000000000e+00	1.03201360617645594e+01	3.44004535392151993e+01	2	0	0	-5.95833333333333304e+00	-5.95833333333333304e+00	-5.95833333333333304e+00	0	0	0
2.01125174098842480e-01	56	source_frame_correction	3.68578611197498199e-02	4.05581715290245448e-01	1.35193905096748490e+00	3	3	7	-3.95833333333333259e-01	-6.25000000000000000e-02	-6.25000000000000000e-02	38	46	46
2.01125174098842480e-01	56	shift_lapse_ratio	2.36586774925316750e-09	5.47643309503954789e-01	1.82547769834651596e+00	3	3	8	1.04166666666666671e-01	-3.12500000000000000e-01	-4.37500000000000000e-01	2	40	37
2.51405803301721464e-01	70	reference_Ricci	6.08194173724915021e-01	2.52590742770461396e-01	8.41969142568204654e-01	3	3	7	-2.08333333333332593e-02	-1.04166666666666741e-01	-2.29166666666666741e-01	47	45	42
2.51405803301721464e-01	70	reference_Riemann	8.71055829930838521e-01	2.15501675683095889e-01	7.18338918943652982e-01	3	3	9	-1.87500000000000000e-01	2.08333333333333322e-02	-1.04166666666666741e-01	43	0	45
2.51405803301721464e-01	70	spin_connection	1.45149799156521442e+00	2.52590742770461396e-01	8.41969142568204654e-01	3	4	11	-1.04166666666666741e-01	-2.29166666666666741e-01	2.08333333333333322e-02	45	42	0
2.51405803301721464e-01	70	spin_derivative	9.69871868003638449e-01	3.60242009703970412e-01	1.20080669901323467e+00	3	3	7	-1.45833333333333259e-01	-2.70833333333333259e-01	-1.87500000000000000e-01	44	41	43
2.51405803301721464e-01	70	Psi	2.00062295222158593e+00	7.29761662005708245e-01	2.43253887335236074e+00	3	3	7	-2.08333333333332593e-02	-7.29166666666666741e-01	-2.08333333333332593e-02	47	30	47
2.51405803301721464e-01	70	Q	5.52534984813539895e-02	4.94325438237694592e-01	1.64775146079231538e+00	3	3	7	-2.70833333333333259e-01	-2.70833333333333259e-01	-3.12500000000000000e-01	41	41	40
2.51405803301721464e-01	70	Delta	4.62684388911541525e-02	4.94325438237694592e-01	1.64775146079231538e+00	3	3	7	-2.70833333333333259e-01	-2.70833333333333259e-01	-3.12500000000000000e-01	41	41	40
2.51405803301721464e-01	70	Pi	5.50470962120425122e-02	4.80071609241787989e-01	1.60023869747262659e+00	3	3	9	-2.08333333333332593e-02	4.79166666666666685e-01	-2.08333333333332593e-02	47	11	47
2.51405803301721464e-01	70	Phi	2.13724749513501903e-03	6.85603444662680417e-01	2.28534481554226820e+00	3	3	7	-3.95833333333333259e-01	-3.95833333333333259e-01	-3.95833333333333259e-01	38	38	38
2.51405803301721464e-01	70	GH_constraint	1.00226830917264192e-04	5.95862470150061885e+00	1.98620823383353979e+01	2	10	28	-4.16666666666667407e-02	-4.16666666666667407e-02	5.95833333333333393e+00	23	23	47
2.51405803301721464e-01	70	reduction_constraint	2.02597526387975543e-06	5.95862470150061974e+00	1.98620823383354015e+01	2	8	22	4.16666666666665186e-02	5.95833333333333393e+00	4.16666666666665186e-02	24	47	24
2.51405803301721464e-01	70	curl_constraint	1.41733334301776620e-06	3.08305178894765441e-01	1.02768392964921818e+00	3	5	14	1.04166666666666671e-01	2.70833333333333315e-01	1.04166666666666671e-01	2	6	2
2.51405803301721464e-01	70	source_curvature	1.21667643537836478e+00	2.52590742770461396e-01	8.41969142568204654e-01	3	3	7	-1.04166666666666741e-01	-2.08333333333332593e-02	-2.29166666666666741e-01	45	47	42
2.51405803301721464e-01	70	source_QQ	4.65417902834548182e-03	4.94325438237694592e-01	1.64775146079231538e+00	3	3	7	-2.70833333333333259e-01	-2.70833333333333259e-01	-3.12500000000000000e-01	41	41	40
2.51405803301721464e-01	70	source_DeltaDelta	2.76374954506563002e-03	4.94325438237694648e-01	1.64775146079231560e+00	3	3	9	-3.12500000000000000e-01	2.70833333333333315e-01	-2.70833333333333259e-01	40	6	41
2.51405803301721464e-01	70	source_damping	0.00000000000000000e+00	1.03201360617645594e+01	3.44004535392151993e+01	2	0	0	-5.95833333333333304e+00	-5.95833333333333304e+00	-5.95833333333333304e+00	0	0	0
2.51405803301721464e-01	70	source_frame_correction	4.60345685336536053e-02	4.05581715290245448e-01	1.35193905096748490e+00	3	3	7	-3.95833333333333259e-01	-6.25000000000000000e-02	-6.25000000000000000e-02	38	46	46
2.51405803301721464e-01	70	shift_lapse_ratio	8.96081773534760944e-09	5.47643309503954789e-01	1.82547769834651596e+00	3	3	8	1.04166666666666671e-01	-3.12500000000000000e-01	-4.37500000000000000e-01	2	40	37
3.01685961048834772e-01	84	reference_Ricci	6.08194173724915021e-01	2.52590742770461396e-01	8.41969142568204654e-01	3	3	7	-2.08333333333332593e-02	-1.04166666666666741e-01	-2.29166666666666741e-01	47	45	42
3.01685961048834772e-01	84	reference_Riemann	8.71055829930838521e-01	2.15501675683095889e-01	7.18338918943652982e-01	3	3	9	-1.87500000000000000e-01	2.08333333333333322e-02	-1.04166666666666741e-01	43	0	45
3.01685961048834772e-01	84	spin_connection	1.45149799156521442e+00	2.52590742770461396e-01	8.41969142568204654e-01	3	4	11	-1.04166666666666741e-01	-2.29166666666666741e-01	2.08333333333333322e-02	45	42	0
3.01685961048834772e-01	84	spin_derivative	9.69908636696716231e-01	3.60242009703970412e-01	1.20080669901323467e+00	3	3	8	2.29166666666666657e-01	-6.25000000000000000e-02	-2.70833333333333259e-01	5	46	41
3.01685961048834772e-01	84	Psi	2.00090285954677816e+00	7.29761662005708245e-01	2.43253887335236074e+00	3	3	7	-2.08333333333332593e-02	-2.08333333333332593e-02	-7.29166666666666741e-01	47	47	30
3.01685961048834772e-01	84	Q	6.65881603897082869e-02	4.94325438237694592e-01	1.64775146079231538e+00	3	3	7	-2.70833333333333259e-01	-2.70833333333333259e-01	-3.12500000000000000e-01	41	41	40
3.01685961048834772e-01	84	Delta	5.56980414430081755e-02	4.94325438237694592e-01	1.64775146079231538e+00	3	3	7	-2.70833333333333259e-01	-2.70833333333333259e-01	-3.12500000000000000e-01	41	41	40
3.01685961048834772e-01	84	Pi	6.63510475081426493e-02	4.80071609241787989e-01	1.60023869747262659e+00	3	3	9	-2.08333333333332593e-02	4.79166666666666685e-01	-2.08333333333332593e-02	47	11	47
3.01685961048834772e-01	84	Phi	3.07828720998777269e-03	6.85603444662680417e-01	2.28534481554226820e+00	3	3	7	-3.95833333333333259e-01	-3.95833333333333259e-01	-3.95833333333333259e-01	38	38	38
3.01685961048834772e-01	84	GH_constraint	1.32841913090151880e-04	5.95862470150061885e+00	1.98620823383353979e+01	2	2	5	-4.16666666666667407e-02	-5.95833333333333304e+00	-4.16666666666667407e-02	23	0	23
3.01685961048834772e-01	84	reduction_constraint	3.51870742554709775e-06	5.95862470150061974e+00	1.98620823383354015e+01	2	8	22	4.16666666666665186e-02	5.95833333333333393e+00	4.16666666666665186e-02	24	47	24
3.01685961048834772e-01	84	curl_constraint	2.43617695866068837e-06	3.08305178894765441e-01	1.02768392964921818e+00	3	5	14	1.04166666666666671e-01	1.04166666666666671e-01	2.70833333333333315e-01	2	2	6
3.01685961048834772e-01	84	source_curvature	1.21680335192190214e+00	2.52590742770461396e-01	8.41969142568204654e-01	3	3	9	-1.04166666666666741e-01	2.08333333333333322e-02	-2.29166666666666741e-01	45	0	42
3.01685961048834772e-01	84	source_QQ	6.75358642568151153e-03	4.94325438237694648e-01	1.64775146079231560e+00	3	3	7	-2.70833333333333259e-01	-3.12500000000000000e-01	-2.70833333333333259e-01	41	40	41
3.01685961048834772e-01	84	source_DeltaDelta	4.00782274755027111e-03	4.94325438237694648e-01	1.64775146079231560e+00	3	3	7	-3.12500000000000000e-01	-2.70833333333333259e-01	-2.70833333333333259e-01	40	41	41
3.01685961048834772e-01	84	source_damping	0.00000000000000000e+00	1.03201360617645594e+01	3.44004535392151993e+01	2	0	0	-5.95833333333333304e+00	-5.95833333333333304e+00	-5.95833333333333304e+00	0	0	0
3.01685961048834772e-01	84	source_frame_correction	5.52279237299744263e-02	4.01278339255379535e-01	1.33759446418459849e+00	3	3	7	-6.25000000000000000e-02	-3.95833333333333259e-01	-2.08333333333332593e-02	46	38	47
3.01685961048834772e-01	84	shift_lapse_ratio	2.65683458373303015e-08	5.47643309503954789e-01	1.82547769834651596e+00	3	3	7	-4.37500000000000000e-01	-1.87500000000000000e-01	-2.70833333333333259e-01	37	43	41
3.51965533234627370e-01	98	reference_Ricci	6.08194173724915021e-01	2.52590742770461396e-01	8.41969142568204654e-01	3	3	7	-2.08333333333332593e-02	-1.04166666666666741e-01	-2.29166666666666741e-01	47	45	42
3.51965533234627370e-01	98	reference_Riemann	8.71055829930838521e-01	2.15501675683095889e-01	7.18338918943652982e-01	3	3	9	-1.87500000000000000e-01	2.08333333333333322e-02	-1.04166666666666741e-01	43	0	45
3.51965533234627370e-01	98	spin_connection	1.45149799156521442e+00	2.52590742770461396e-01	8.41969142568204654e-01	3	4	11	-1.04166666666666741e-01	-2.29166666666666741e-01	2.08333333333333322e-02	45	42	0
3.51965533234627370e-01	98	spin_derivative	9.69963797098917002e-01	3.60242009703970412e-01	1.20080669901323467e+00	3	3	9	-1.45833333333333259e-01	1.04166666666666671e-01	-3.12500000000000000e-01	44	2	40
3.51965533234627370e-01	98	Psi	2.00123688314337045e+00	7.29761662005708245e-01	2.43253887335236074e+00	3	3	7	-2.08333333333332593e-02	-2.08333333333332593e-02	-7.29166666666666741e-01	47	47	30
3.51965533234627370e-01	98	Q	7.80534142694553484e-02	4.90800791224572652e-01	1.63600263741524232e+00	3	3	7	-2.70833333333333259e-01	-3.95833333333333259e-01	-1.04166666666666741e-01	41	38	45
3.51965533234627370e-01	98	Delta	6.52135950730209218e-02	4.90800791224572708e-01	1.63600263741524232e+00	3	3	9	-2.70833333333333259e-01	3.95833333333333315e-01	-1.04166666666666741e-01	41	9	45
3.51965533234627370e-01	98	Pi	7.77883827780036508e-02	4.80071609241787989e-01	1.60023869747262659e+00	3	3	9	-2.08333333333332593e-02	4.79166666666666685e-01	-2.08333333333332593e-02	47	11	47
3.51965533234627370e-01	98	Phi	4.19100321609069959e-03	6.85603444662680417e-01	2.28534481554226820e+00	3	3	7	-3.95833333333333259e-01	-3.95833333333333259e-01	-3.95833333333333259e-01	38	38	38
3.51965533234627370e-01	98	GH_constraint	1.65307112437970862e-04	5.95862470150061885e+00	1.98620823383353979e+01	2	2	6	-5.95833333333333304e+00	4.16666666666665186e-02	4.16666666666665186e-02	0	24	24
3.51965533234627370e-01	98	reduction_constraint	5.61943115291957144e-06	5.95862470150061974e+00	1.98620823383354015e+01	2	8	22	-4.16666666666667407e-02	5.95833333333333393e+00	4.16666666666665186e-02	23	47	24
3.51965533234627370e-01	98	curl_constraint	4.21056145740009540e-06	6.04884630873248952e-01	2.01628210291082999e+00	3	4	12	2.70833333333333315e-01	-1.45833333333333259e-01	5.20833333333333370e-01	6	44	12
3.51965533234627370e-01	98	source_curvature	1.21695346857142961e+00	2.52590742770461396e-01	8.41969142568204654e-01	3	4	11	-1.04166666666666741e-01	-2.29166666666666741e-01	2.08333333333333322e-02	45	42	0
3.51965533234627370e-01	98	source_QQ	9.26975379355484720e-03	4.90800791224572652e-01	1.63600263741524232e+00	3	3	7	-2.70833333333333259e-01	-3.95833333333333259e-01	-1.04166666666666741e-01	41	38	45
3.51965533234627370e-01	98	source_DeltaDelta	5.49713399112172329e-03	4.90800791224572708e-01	1.63600263741524232e+00	3	4	10	1.04166666666666671e-01	3.95833333333333315e-01	-2.70833333333333259e-01	2	9	41
3.51965533234627370e-01	98	source_damping	0.00000000000000000e+00	1.03201360617645594e+01	3.44004535392151993e+01	2	0	0	-5.95833333333333304e+00	-5.95833333333333304e+00	-5.95833333333333304e+00	0	0	0
3.51965533234627370e-01	98	source_frame_correction	6.44545614635396447e-02	4.01278339255379535e-01	1.33759446418459849e+00	3	3	8	6.25000000000000000e-02	-3.95833333333333259e-01	-2.08333333333332593e-02	1	38	47
3.51965533234627370e-01	98	shift_lapse_ratio	6.65283649143544332e-08	5.47643309503954789e-01	1.82547769834651596e+00	3	3	7	-4.37500000000000000e-01	-1.87500000000000000e-01	-2.70833333333333259e-01	37	43	41
4.02244399395451757e-01	112	reference_Ricci	6.08194173724915021e-01	2.52590742770461396e-01	8.41969142568204654e-01	3	3	7	-2.08333333333332593e-02	-1.04166666666666741e-01	-2.29166666666666741e-01	47	45	42
4.02244399395451757e-01	112	reference_Riemann	8.71055829930838521e-01	2.15501675683095889e-01	7.18338918943652982e-01	3	3	9	-1.87500000000000000e-01	2.08333333333333322e-02	-1.04166666666666741e-01	43	0	45
4.02244399395451757e-01	112	spin_connection	1.45149799156521442e+00	2.52590742770461396e-01	8.41969142568204654e-01	3	4	11	-1.04166666666666741e-01	-2.29166666666666741e-01	2.08333333333333322e-02	45	42	0
4.02244399395451757e-01	112	spin_derivative	9.70042515725324295e-01	3.60242009703970412e-01	1.20080669901323467e+00	3	3	7	-1.87500000000000000e-01	-1.45833333333333259e-01	-2.70833333333333259e-01	43	44	41
4.02244399395451757e-01	112	Psi	2.00162607215653399e+00	7.29761662005708245e-01	2.43253887335236074e+00	3	3	7	-2.08333333333332593e-02	-2.08333333333332593e-02	-7.29166666666666741e-01	47	47	30
4.02244399395451757e-01	112	Q	8.96647856360083401e-02	4.90800791224572652e-01	1.63600263741524232e+00	3	3	7	-1.04166666666666741e-01	-2.70833333333333259e-01	-3.95833333333333259e-01	45	41	38
4.02244399395451757e-01	112	Delta	7.48270454336491253e-02	4.90800791224572652e-01	1.63600263741524232e+00	3	3	7	-2.70833333333333259e-01	-3.95833333333333259e-01	-1.04166666666666741e-01	41	38	45
4.02244399395451757e-01	112	Pi	8.93737822343731309e-02	4.80071609241787989e-01	1.60023869747262659e+00	3	3	9	-2.08333333333332593e-02	4.79166666666666685e-01	-2.08333333333332593e-02	47	11	47
4.02244399395451757e-01	112	Phi	5.47571632269058806e-03	6.85603444662680417e-01	2.28534481554226820e+00	3	3	7	-3.95833333333333259e-01	-3.95833333333333259e-01	-3.95833333333333259e-01	38	38	38
4.02244399395451757e-01	112	GH_constraint	1.96556112388381093e-04	5.95862470150061885e+00	1.98620823383353979e+01	2	2	6	-5.95833333333333304e+00	4.16666666666665186e-02	4.16666666666665186e-02	0	24	24
4.02244399395451757e-01	112	reduction_constraint	8.43898581015141391e-06	5.95862470150061885e+00	1.98620823383353979e+01	2	10	28	4.16666666666665186e-02	4.16666666666665186e-02	5.95833333333333393e+00	24	24	47
4.02244399395451757e-01	112	curl_constraint	6.98347050979334608e-06	6.04884630873248952e-01	2.01628210291082999e+00	3	4	12	2.70833333333333315e-01	-1.45833333333333259e-01	5.20833333333333370e-01	6	44	12
4.02244399395451757e-01	112	source_curvature	1.21712684754394207e+00	2.52590742770461396e-01	8.41969142568204654e-01	3	3	8	2.08333333333333322e-02	-1.04166666666666741e-01	-2.29166666666666741e-01	0	45	42
4.02244399395451757e-01	112	source_QQ	1.22180817252795365e-02	4.90800791224572708e-01	1.63600263741524232e+00	3	3	8	3.95833333333333315e-01	-2.70833333333333259e-01	-1.04166666666666741e-01	9	41	45
4.02244399395451757e-01	112	source_DeltaDelta	7.23985003623674964e-03	4.90800791224572652e-01	1.63600263741524232e+00	3	3	7	-2.70833333333333259e-01	-3.95833333333333259e-01	-1.04166666666666741e-01	41	38	45
4.02244399395451757e-01	112	source_damping	0.00000000000000000e+00	1.03201360617645594e+01	3.44004535392151993e+01	2	0	0	-5.95833333333333304e+00	-5.95833333333333304e+00	-5.95833333333333304e+00	0	0	0
4.02244399395451757e-01	112	source_frame_correction	7.37246877448288762e-02	4.01278339255379535e-01	1.33759446418459849e+00	3	3	8	6.25000000000000000e-02	-3.95833333333333259e-01	-2.08333333333332593e-02	1	38	47
4.02244399395451757e-01	112	shift_lapse_ratio	1.47215020702161228e-07	5.47643309503954789e-01	1.82547769834651596e+00	3	3	8	4.37500000000000000e-01	-2.70833333333333259e-01	-1.87500000000000000e-01	10	41	43
4.52522432750525561e-01	126	reference_Ricci	6.08194173724915021e-01	2.52590742770461396e-01	8.41969142568204654e-01	3	3	7	-2.08333333333332593e-02	-1.04166666666666741e-01	-2.29166666666666741e-01	47	45	42
4.52522432750525561e-01	126	reference_Riemann	8.71055829930838521e-01	2.15501675683095889e-01	7.18338918943652982e-01	3	3	9	-1.87500000000000000e-01	2.08333333333333322e-02	-1.04166666666666741e-01	43	0	45
4.52522432750525561e-01	126	spin_connection	1.45149799156521442e+00	2.52590742770461396e-01	8.41969142568204654e-01	3	4	11	-1.04166666666666741e-01	-2.29166666666666741e-01	2.08333333333333322e-02	45	42	0
4.52522432750525561e-01	126	spin_derivative	9.70150530046649195e-01	3.60242009703970412e-01	1.20080669901323467e+00	3	3	7	-1.45833333333333259e-01	-2.70833333333333259e-01	-1.87500000000000000e-01	44	41	43
4.52522432750525561e-01	126	Psi	2.00207149965201703e+00	7.29761662005708245e-01	2.43253887335236074e+00	3	3	7	-2.08333333333332593e-02	-2.08333333333332593e-02	-7.29166666666666741e-01	47	47	30
4.52522432750525561e-01	126	Q	1.01442915040837009e-01	4.87250648480270887e-01	1.62416882826756970e+00	3	3	7	-4.79166666666666741e-01	-6.25000000000000000e-02	-6.25000000000000000e-02	36	46	46
4.52522432750525561e-01	126	Delta	8.45539280381953640e-02	4.87250648480270832e-01	1.62416882826756948e+00	3	5	14	4.37500000000000000e-01	1.04166666666666671e-01	1.87500000000000000e-01	10	2	4
4.52522432750525561e-01	126	Pi	1.01121700673833317e-01	4.80071609241787989e-01	1.60023869747262659e+00	3	3	9	-2.08333333333332593e-02	4.79166666666666685e-01	-2.08333333333332593e-02	47	11	47
4.52522432750525561e-01	126	Phi	6.93280739876166001e-03	6.85603444662680417e-01	2.28534481554226820e+00	3	3	7	-3.95833333333333259e-01	-3.95833333333333259e-01	-3.95833333333333259e-01	38	38	38
4.52522432750525561e-01	126	GH_constraint	2.26078187682747842e-04	5.95862470150061974e+00	1.98620823383354015e+01	2	6	18	5.95833333333333393e+00	4.16666666666665186e-02	-4.16666666666667407e-02	47	24	23
4.52522432750525561e-01	126	reduction_constraint	1.20899778751690794e-05	5.95862470150061885e+00	1.98620823383353979e+01	2	10	28	4.16666666666665186e-02	-4.16666666666667407e-02	5.95833333333333393e+00	24	23	47
4.52522432750525561e-01	126	curl_constraint	1.08666842226727053e-05	6.04884630873248952e-01	2.01628210291082999e+00	3	3	9	-1.45833333333333259e-01	5.20833333333333370e-01	-2.70833333333333259e-01	44	12	41
4.52522432750525561e-01	126	source_curvature	1.21732356067291891e+00	2.52590742770461396e-01	8.41969142568204654e-01	3	3	7	-2.08333333333332593e-02	-1.04166666666666741e-01	-2.29166666666666741e-01	47	45	42
4.52522432750525561e-01	126	source_QQ	1.56171102854108356e-02	4.87250648480270832e-01	1.62416882826756948e+00	3	5	14	4.37500000000000000e-01	1.04166666666666671e-01	1.87500000000000000e-01	10	2	4
4.52522432750525561e-01	126	source_DeltaDelta	9.24628248770720598e-03	4.87250648480270832e-01	1.62416882826756948e+00	3	5	14	4.37500000000000000e-01	1.04166666666666671e-01	1.87500000000000000e-01	10	2	4
4.52522432750525561e-01	126	source_damping	0.00000000000000000e+00	1.03201360617645594e+01	3.44004535392151993e+01	2	0	0	-5.95833333333333304e+00	-5.95833333333333304e+00	-5.95833333333333304e+00	0	0	0
4.52522432750525561e-01	126	source_frame_correction	8.30578170586844383e-02	3.96928310067867607e-01	1.32309436689289206e+00	3	3	7	-3.95833333333333259e-01	-2.08333333333332593e-02	-2.08333333333332593e-02	38	47	47
4.52522432750525561e-01	126	shift_lapse_ratio	2.96409906245940749e-07	5.47643309503954789e-01	1.82547769834651596e+00	3	3	7	-1.87500000000000000e-01	-2.70833333333333259e-01	-4.37500000000000000e-01	43	41	37
5.02799500242748443e-01	140	reference_Ricci	6.08194173724915021e-01	2.52590742770461396e-01	8.41969142568204654e-01	3	3	7	-2.08333333333332593e-02	-1.04166666666666741e-01	-2.29166666666666741e-01	47	45	42
5.02799500242748443e-01	140	reference_Riemann	8.71055829930838521e-01	2.15501675683095889e-01	7.18338918943652982e-01	3	3	9	-1.87500000000000000e-01	2.08333333333333322e-02	-1.04166666666666741e-01	43	0	45
5.02799500242748443e-01	140	spin_connection	1.45149799156521442e+00	2.52590742770461396e-01	8.41969142568204654e-01	3	4	11	-1.04166666666666741e-01	-2.29166666666666741e-01	2.08333333333333322e-02	45	42	0
5.02799500242748443e-01	140	spin_derivative	9.70294128264138855e-01	3.60242009703970412e-01	1.20080669901323467e+00	3	3	7	-2.70833333333333259e-01	-1.87500000000000000e-01	-1.45833333333333259e-01	41	43	44
5.02799500242748443e-01	140	Psi	2.00257426353115031e+00	7.29761662005708245e-01	2.43253887335236074e+00	3	3	7	-2.08333333333332593e-02	-2.08333333333332593e-02	-7.29166666666666741e-01	47	47	30
5.02799500242748443e-01	140	Q	1.13400988066062886e-01	4.83674448593495787e-01	1.61224816197831933e+00	3	3	7	-1.87500000000000000e-01	-2.70833333333333259e-01	-3.54166666666666741e-01	43	41	39
5.02799500242748443e-01	140	Delta	9.44045052053864298e-02	4.83674448593495787e-01	1.61224816197831933e+00	3	3	7	-1.87500000000000000e-01	-2.70833333333333259e-01	-3.54166666666666741e-01	43	41	39
5.02799500242748443e-01	140	Pi	1.13046357296852806e-01	4.80071609241787989e-01	1.60023869747262659e+00	3	3	9	-2.08333333333332593e-02	4.79166666666666685e-01	-2.08333333333332593e-02	47	11	47
5.02799500242748443e-01	140	Phi	8.56271868767723328e-03	6.85603444662680417e-01	2.28534481554226820e+00	3	3	7	-3.95833333333333259e-01	-3.95833333333333259e-01	-3.95833333333333259e-01	38	38	38
5.02799500242748443e-01	140	GH_constraint	2.53831844881646459e-04	5.95862470150061974e+00	1.98620823383354015e+01	2	8	22	4.16666666666665186e-02	5.95833333333333393e+00	4.16666666666665186e-02	24	47	24
5.02799500242748443e-01	140	reduction_constraint	1.66859499597714296e-05	5.95862470150061885e+00	1.98620823383353979e+01	2	2	6	-5.95833333333333304e+00	-4.16666666666667407e-02	-4.16666666666667407e-02	0	23	23
5.02799500242748443e-01	140	curl_constraint	1.60734940211717119e-05	6.04884630873248952e-01	2.01628210291082999e+00	3	5	13	-1.45833333333333259e-01	5.20833333333333370e-01	2.70833333333333315e-01	44	12	6
5.02799500242748443e-01	140	source_curvature	1.21754368943678082e+00	2.52590742770461396e-01	8.41969142568204654e-01	3	3	8	2.08333333333333322e-02	-1.04166666666666741e-01	-2.29166666666666741e-01	0	45	42
5.02799500242748443e-01	140	source_QQ	1.94856282363698417e-02	4.83674448593495787e-01	1.61224816197831933e+00	3	3	7	-1.87500000000000000e-01	-2.70833333333333259e-01	-3.54166666666666741e-01	43	41	39
5.02799500242748443e-01	140	source_DeltaDelta	1.15265110258472268e-02	4.83674448593495787e-01	1.61224816197831933e+00	3	3	7	-1.87500000000000000e-01	-2.70833333333333259e-01	-3.54166666666666741e-01	43	41	39
5.02799500242748443e-01	140	source_damping	0.00000000000000000e+00	1.03201360617645594e+01	3.44004535392151993e+01	2	0	0	-5.95833333333333304e+00	-5.95833333333333304e+00	-5.95833333333333304e+00	0	0	0
5.02799500242748443e-01	140	source_frame_correction	9.24652877872560869e-02	3.96928310067867607e-01	1.32309436689289206e+00	3	3	7	-2.08333333333332593e-02	-3.95833333333333259e-01	-2.08333333333332593e-02	47	38	47
5.02799500242748443e-01	140	shift_lapse_ratio	5.53980985332094475e-07	5.47643309503954789e-01	1.82547769834651596e+00	3	3	7	-1.87500000000000000e-01	-2.70833333333333259e-01	-4.37500000000000000e-01	43	41	37
5.53075462579401544e-01	154	reference_Ricci	6.08194173724915021e-01	2.52590742770461396e-01	8.41969142568204654e-01	3	3	7	-2.08333333333332593e-02	-1.04166666666666741e-01	-2.29166666666666741e-01	47	45	42
5.53075462579401544e-01	154	reference_Riemann	8.71055829930838521e-01	2.15501675683095889e-01	7.18338918943652982e-01	3	3	9	-1.87500000000000000e-01	2.08333333333333322e-02	-1.04166666666666741e-01	43	0	45
5.53075462579401544e-01	154	spin_connection	1.45149799156521442e+00	2.52590742770461396e-01	8.41969142568204654e-01	3	4	11	-1.04166666666666741e-01	-2.29166666666666741e-01	2.08333333333333322e-02	45	42	0
5.53075462579401544e-01	154	spin_derivative	9.70501248106632852e-01	3.65029488915317391e-01	1.21676496305105797e+00	3	3	7	-6.25000000000000000e-02	-6.25000000000000000e-02	-3.54166666666666741e-01	46	46	39
5.53075462579401544e-01	154	Psi	2.00313548745219538e+00	7.29761662005708245e-01	2.43253887335236074e+00	3	3	7	-2.08333333333332593e-02	-2.08333333333332593e-02	-7.29166666666666741e-01	47	47	30
5.53075462579401544e-01	154	Q	1.25558901368648917e-01	4.83674448593495787e-01	1.61224816197831933e+00	3	3	7	-1.87500000000000000e-01	-2.70833333333333259e-01	-3.54166666666666741e-01	43	41	39
5.53075462579401544e-01	154	Delta	1.04393928764262581e-01	4.83674448593495787e-01	1.61224816197831933e+00	3	3	7	-1.87500000000000000e-01	-2.70833333333333259e-01	-3.54166666666666741e-01	43	41	39
5.53075462579401544e-01	154	Pi	1.25161726904592263e-01	4.80071609241788044e-01	1.60023869747262681e+00	3	3	7	-2.08333333333332593e-02	-4.79166666666666741e-01	-2.08333333333332593e-02	47	36	47
5.53075462579401544e-01	154	Phi	1.03659551046932693e-02	6.85603444662680417e-01	2.28534481554226820e+00	3	3	9	-3.95833333333333259e-01	3.95833333333333315e-01	-3.95833333333333259e-01	38	9	38
5.53075462579401544e-01	154	GH_constraint	2.80090776031071689e-04	5.95862470150061885e+00	1.98620823383353979e+01	2	10	28	4.16666666666665186e-02	4.16666666666665186e-02	5.95833333333333393e+00	24	24	47
5.53075462579401544e-01	154	reduction_constraint	2.23406771432442437e-05	5.95862470150061974e+00	1.98620823383354015e+01	2	6	18	5.95833333333333393e+00	-4.16666666666667407e-02	4.16666666666665186e-02	47	23	24
5.53075462579401544e-01	154	curl_constraint	2.28128617771006939e-05	6.04884630873248952e-01	2.01628210291082999e+00	3	5	13	-1.45833333333333259e-01	2.70833333333333315e-01	5.20833333333333370e-01	44	6	12
5.53075462579401544e-01	154	source_curvature	1.21778732499316811e+00	2.52590742770461396e-01	8.41969142568204654e-01	3	4	11	-2.29166666666666741e-01	-1.04166666666666741e-01	2.08333333333333322e-02	42	45	0
5.53075462579401544e-01	154	source_QQ	2.38469552717059802e-02	4.83674448593495787e-01	1.61224816197831933e+00	3	3	7	-1.87500000000000000e-01	-2.70833333333333259e-01	-3.54166666666666741e-01	43	41	39
5.53075462579401544e-01	154	source_DeltaDelta	1.40925700849973898e-02	4.83674448593495843e-01	1.61224816197831955e+00	3	4	10	1.87500000000000000e-01	2.70833333333333315e-01	-3.54166666666666741e-01	4	6	39
5.53075462579401544e-01	154	source_damping	0.00000000000000000e+00	1.03201360617645594e+01	3.44004535392151993e+01	2	0	0	-5.95833333333333304e+00	-5.95833333333333304e+00	-5.95833333333333304e+00	0	0	0
5.53075462579401544e-01	154	source_frame_correction	1.01958726459662766e-01	3.96928310067867607e-01	1.32309436689289206e+00	3	3	9	-2.08333333333332593e-02	2.08333333333333322e-02	-3.95833333333333259e-01	47	0	38
5.53075462579401544e-01	154	shift_lapse_ratio	9.74923417201798087e-07	5.50804336100095049e-01	1.83601445366698357e+00	3	3	8	2.70833333333333315e-01	-2.70833333333333259e-01	-3.95833333333333259e-01	6	41	38
6.03350174272745732e-01	168	reference_Ricci	6.08194173724915021e-01	2.52590742770461396e-01	8.41969142568204654e-01	3	3	7	-2.08333333333332593e-02	-1.04166666666666741e-01	-2.29166666666666741e-01	47	45	42
6.03350174272745732e-01	168	reference_Riemann	8.71055829930838521e-01	2.15501675683095889e-01	7.18338918943652982e-01	3	3	9	-1.87500000000000000e-01	2.08333333333333322e-02	-1.04166666666666741e-01	43	0	45
6.03350174272745732e-01	168	spin_connection	1.45149799156521442e+00	2.52590742770461396e-01	8.41969142568204654e-01	3	4	11	-1.04166666666666741e-01	-2.29166666666666741e-01	2.08333333333333322e-02	45	42	0
6.03350174272745732e-01	168	spin_derivative	9.70785570653191821e-01	3.65029488915317391e-01	1.21676496305105797e+00	3	3	7	-6.25000000000000000e-02	-6.25000000000000000e-02	-3.54166666666666741e-01	46	46	39
6.03350174272745732e-01	168	Psi	2.00375710200099277e+00	7.03105709611925200e-01	2.34368569870641741e+00	3	4	10	1.45833333333333343e-01	2.08333333333333322e-02	-6.87500000000000000e-01	3	0	31
6.03350174272745732e-01	168	Q	1.37935583292096930e-01	4.80071609241788044e-01	1.60023869747262681e+00	3	3	7	-2.08333333333332593e-02	-4.79166666666666741e-01	-2.08333333333332593e-02	47	36	47
6.03350174272745732e-01	168	Delta	1.14536862293473193e-01	4.80071609241787989e-01	1.60023869747262659e+00	3	3	7	-3.12500000000000000e-01	-1.87500000000000000e-01	-3.12500000000000000e-01	40	43	40
6.03350174272745732e-01	168	Pi	1.37481532714724242e-01	4.80071609241788044e-01	1.60023869747262681e+00	3	3	7	-2.08333333333332593e-02	-4.79166666666666741e-01	-2.08333333333332593e-02	47	36	47
6.03350174272745732e-01	168	Phi	1.23430855195678941e-02	6.85603444662680417e-01	2.28534481554226820e+00	3	3	9	-3.95833333333333259e-01	3.95833333333333315e-01	-3.95833333333333259e-01	38	9	38
6.03350174272745732e-01	168	GH_constraint	3.05266138141463384e-04	5.95862470150061885e+00	1.98620823383353979e+01	2	10	28	-4.16666666666667407e-02	-4.16666666666667407e-02	5.95833333333333393e+00	23	23	47
6.03350174272745732e-01	168	reduction_constraint	2.91677070987434802e-05	5.95862470150061885e+00	1.98620823383353979e+01	2	2	6	-5.95833333333333304e+00	-4.16666666666667407e-02	-4.16666666666667407e-02	0	23	23
6.03350174272745732e-01	168	curl_constraint	3.12835841670476393e-05	6.04884630873248952e-01	2.01628210291082999e+00	3	5	13	-1.45833333333333259e-01	2.70833333333333315e-01	5.20833333333333370e-01	44	6	12
6.03350174272745732e-01	168	source_curvature	1.21805456821894897e+00	2.52590742770461396e-01	8.41969142568204654e-01	3	3	8	2.08333333333333322e-02	-1.04166666666666741e-01	-2.29166666666666741e-01	0	45	42
6.03350174272745732e-01	168	source_QQ	2.87251104634851720e-02	4.80071609241787989e-01	1.60023869747262659e+00	3	3	7	-3.12500000000000000e-01	-1.87500000000000000e-01	-3.12500000000000000e-01	40	43	40
6.03350174272745732e-01	168	source_DeltaDelta	1.69586095742636500e-02	4.80071609241787989e-01	1.60023869747262659e+00	3	3	7	-3.12500000000000000e-01	-1.87500000000000000e-01	-3.12500000000000000e-01	40	43	40
6.03350174272745732e-01	168	source_damping	0.00000000000000000e+00	1.03201360617645594e+01	3.44004535392151993e+01	2	0	0	-5.95833333333333304e+00	-5.95833333333333304e+00	-5.95833333333333304e+00	0	0	0
6.03350174272745732e-01	168	source_frame_correction	1.11552214761714022e-01	3.96928310067867662e-01	1.32309436689289228e+00	3	3	9	-2.08333333333332593e-02	3.95833333333333315e-01	-2.08333333333332593e-02	47	9	47
6.03350174272745732e-01	168	shift_lapse_ratio	1.63253912957425382e-06	5.50804336100095049e-01	1.83601445366698357e+00	3	3	7	-2.70833333333333259e-01	-3.95833333333333259e-01	-2.70833333333333259e-01	41	38	41
6.50032582841391093e-01	181	reference_Ricci	6.08194173724915021e-01	2.52590742770461396e-01	8.41969142568204654e-01	3	3	7	-2.08333333333332593e-02	-1.04166666666666741e-01	-2.29166666666666741e-01	47	45	42
6.50032582841391093e-01	181	reference_Riemann	8.71055829930838521e-01	2.15501675683095889e-01	7.18338918943652982e-01	3	3	9	-1.87500000000000000e-01	2.08333333333333322e-02	-1.04166666666666741e-01	43	0	45
6.50032582841391093e-01	181	spin_connection	1.45149799156521442e+00	2.52590742770461396e-01	8.41969142568204654e-01	3	4	11	-1.04166666666666741e-01	-2.29166666666666741e-01	2.08333333333333322e-02	45	42	0
6.50032582841391093e-01	181	spin_derivative	9.71110716867952251e-01	3.65029488915317335e-01	1.21676496305105775e+00	3	3	7	-1.87500000000000000e-01	-2.08333333333332593e-02	-3.12500000000000000e-01	43	47	40
6.50032582841391093e-01	181	Psi	2.00438930302502127e+00	6.98149836671501656e-01	2.32716612223833907e+00	3	3	7	-6.25000000000000000e-02	-1.04166666666666741e-01	-6.87500000000000000e-01	46	45	31
6.50032582841391093e-01	181	Q	1.49634077823226908e-01	4.80071609241788044e-01	1.60023869747262681e+00	3	3	7	-2.08333333333332593e-02	-2.08333333333332593e-02	-4.79166666666666741e-01	47	47	36
6.50032582841391093e-01	181	Delta	1.24099800143253391e-01	4.80071609241788044e-01	1.60023869747262681e+00	3	3	7	-4.79166666666666741e-01	-2.08333333333332593e-02	-2.08333333333332593e-02	36	47	47
6.50032582841391093e-01	181	Pi	1.49116181036896639e-01	4.80071609241788044e-01	1.60023869747262681e+00	3	3	7	-2.08333333333332593e-02	-2.08333333333332593e-02	-4.79166666666666741e-01	47	47	36
6.50032582841391093e-01	181	Phi	1.43352516625428490e-02	6.85603444662680417e-01	2.28534481554226820e+00	3	3	9	-3.95833333333333259e-01	3.95833333333333315e-01	-3.95833333333333259e-01	38	9	38
6.50032582841391093e-01	181	GH_constraint	3.28015381443111224e-04	5.95862470150061885e+00	1.98620823383353979e+01	2	10	28	-4.16666666666667407e-02	-4.16666666666667407e-02	5.95833333333333393e+00	23	23	47
6.50032582841391093e-01	181	reduction_constraint	3.66556852136790308e-05	5.95862470150061974e+00	1.98620823383354015e+01	2	8	22	-4.16666666666667407e-02	5.95833333333333393e+00	-4.16666666666667407e-02	23	47	23
6.50032582841391093e-01	181	curl_constraint	4.08601150442182570e-05	6.04884630873248952e-01	2.01628210291082999e+00	3	4	11	-2.70833333333333259e-01	-1.45833333333333259e-01	5.20833333333333370e-01	41	44	12
6.50032582841391093e-01	181	source_curvature	1.21832395770053892e+00	2.52590742770461396e-01	8.41969142568204654e-01	3	3	7	-2.08333333333332593e-02	-1.04166666666666741e-01	-2.29166666666666741e-01	47	45	42
6.50032582841391093e-01	181	source_QQ	3.37400340742736865e-02	4.80071609241787989e-01	1.60023869747262659e+00	3	3	7	-3.12500000000000000e-01	-1.87500000000000000e-01	-3.12500000000000000e-01	40	43	40
6.50032582841391093e-01	181	source_DeltaDelta	1.98993225001726504e-02	4.76441526084553035e-01	1.58813842028184360e+00	3	4	11	-3.54166666666666741e-01	-3.12500000000000000e-01	6.25000000000000000e-02	39	40	1
6.50032582841391093e-01	181	source_damping	0.00000000000000000e+00	1.03201360617645594e+01	3.44004535392151993e+01	2	0	0	-5.95833333333333304e+00	-5.95833333333333304e+00	-5.95833333333333304e+00	0	0	0
6.50032582841391093e-01	181	source_frame_correction	1.20562573589543212e-01	3.96928310067867662e-01	1.32309436689289228e+00	3	3	9	-2.08333333333332593e-02	3.95833333333333315e-01	-2.08333333333332593e-02	47	9	47
6.50032582841391093e-01	181	shift_lapse_ratio	2.53788212912948863e-06	5.50804336100095049e-01	1.83601445366698357e+00	3	3	8	2.70833333333333315e-01	-2.70833333333333259e-01	-3.95833333333333259e-01	6	41	38
7.00304449000362372e-01	195	reference_Ricci	6.08194173724915021e-01	2.52590742770461396e-01	8.41969142568204654e-01	3	3	7	-2.08333333333332593e-02	-1.04166666666666741e-01	-2.29166666666666741e-01	47	45	42
7.00304449000362372e-01	195	reference_Riemann	8.71055829930838521e-01	2.15501675683095889e-01	7.18338918943652982e-01	3	3	9	-1.87500000000000000e-01	2.08333333333333322e-02	-1.04166666666666741e-01	43	0	45
7.00304449000362372e-01	195	spin_connection	1.45149799156521442e+00	2.52590742770461396e-01	8.41969142568204654e-01	3	4	11	-1.04166666666666741e-01	-2.29166666666666741e-01	2.08333333333333322e-02	45	42	0
7.00304449000362372e-01	195	spin_derivative	9.71590028404208383e-01	3.69754986443726064e-01	1.23251662147908703e+00	3	3	7	-2.08333333333332593e-02	-3.54166666666666741e-01	-1.04166666666666741e-01	47	39	45
7.00304449000362372e-01	195	Psi	2.00513062059968794e+00	6.93158531650588605e-01	2.31052843883529535e+00	3	3	7	-6.25000000000000000e-02	-6.25000000000000000e-02	-6.87500000000000000e-01	46	46	31
7.00304449000362372e-01	195	Q	1.62481975312588844e-01	4.76441526084552980e-01	1.58813842028184338e+00	3	3	7	-1.87500000000000000e-01	-4.37500000000000000e-01	-2.08333333333332593e-02	43	37	47
7.00304449000362372e-01	195	Delta	1.34576868403412098e-01	4.76441526084552980e-01	1.58813842028184338e+00	3	4	11	-1.87500000000000000e-01	-4.37500000000000000e-01	2.08333333333333322e-02	43	37	0
7.00304449000362372e-01	195	Pi	1.61868057805443916e-01	4.80071609241788044e-01	1.60023869747262681e+00	3	3	7	-2.08333333333332593e-02	-2.08333333333332593e-02	-4.79166666666666741e-01	47	47	36
7.00304449000362372e-01	195	Phi	1.66495978600425115e-02	6.85603444662680528e-01	2.28534481554226865e+00	3	4	12	3.95833333333333315e-01	-3.95833333333333259e-01	3.95833333333333315e-01	9	38	9
7.00304449000362372e-01	195	GH_constraint	3.52087848402532369e-04	5.95862470150061885e+00	1.98620823383353979e+01	2	2	6	-5.95833333333333304e+00	4.16666666666665186e-02	4.16666666666665186e-02	0	24	24
7.00304449000362372e-01	195	reduction_constraint	4.60628077683688226e-05	5.95862470150061974e+00	1.98620823383354015e+01	2	8	22	-4.16666666666667407e-02	5.95833333333333393e+00	-4.16666666666667407e-02	23	47	23
7.00304449000362372e-01	195	curl_constraint	5.31703817271129598e-05	6.04884630873248952e-01	2.01628210291082999e+00	3	5	13	-1.45833333333333259e-01	2.70833333333333315e-01	5.20833333333333370e-01	44	6	12
7.00304449000362372e-01	195	source_curvature	1.21863705103280107e+00	2.52590742770461396e-01	8.41969142568204654e-01	3	3	7	-2.08333333333332593e-02	-1.04166666666666741e-01	-2.29166666666666741e-01	47	45	42
7.00304449000362372e-01	195	source_QQ	3.96930898298868268e-02	4.76441526084552980e-01	1.58813842028184338e+00	3	3	7	-4.37500000000000000e-01	-2.08333333333332593e-02	-1.87500000000000000e-01	37	47	43
7.00304449000362372e-01	195	source_DeltaDelta	2.33847596798773608e-02	4.76441526084552980e-01	1.58813842028184338e+00	3	3	7	-1.87500000000000000e-01	-2.08333333333332593e-02	-4.37500000000000000e-01	43	47	37
7.00304449000362372e-01	195	source_damping	0.00000000000000000e+00	1.03201360617645594e+01	3.44004535392151993e+01	2	0	0	-5.95833333333333304e+00	-5.95833333333333304e+00	-5.95833333333333304e+00	0	0	0
7.00304449000362372e-01	195	source_frame_correction	1.30389801859766036e-01	3.96928310067867662e-01	1.32309436689289228e+00	3	3	9	-2.08333333333332593e-02	3.95833333333333315e-01	-2.08333333333332593e-02	47	9	47
7.00304449000362372e-01	195	shift_lapse_ratio	3.94301876918116932e-06	5.50804336100095271e-01	1.83601445366698424e+00	3	4	12	1.45833333333333343e-01	-2.29166666666666741e-01	4.79166666666666685e-01	3	42	11
7.50574603190350520e-01	209	reference_Ricci	6.08194173724915021e-01	2.52590742770461396e-01	8.41969142568204654e-01	3	3	7	-2.08333333333332593e-02	-1.04166666666666741e-01	-2.29166666666666741e-01	47	45	42
7.50574603190350520e-01	209	reference_Riemann	8.71055829930838521e-01	2.15501675683095889e-01	7.18338918943652982e-01	3	3	9	-1.87500000000000000e-01	2.08333333333333322e-02	-1.04166666666666741e-01	43	0	45
7.50574603190350520e-01	209	spin_connection	1.45149799156521442e+00	2.52590742770461396e-01	8.41969142568204654e-01	3	4	11	-1.04166666666666741e-01	-2.29166666666666741e-01	2.08333333333333322e-02	45	42	0
7.50574603190350520e-01	209	spin_derivative	9.72194347327817177e-01	3.74420849075238149e-01	1.24806949691746061e+00	3	3	7	-6.25000000000000000e-02	-3.54166666666666741e-01	-1.04166666666666741e-01	46	39	45
7.50574603190350520e-01	209	Psi	2.00593608943849011e+00	6.88131023538072650e-01	2.29377007846024217e+00	3	3	7	-2.08333333333332593e-02	-2.08333333333332593e-02	-6.87500000000000000e-01	47	47	31
7.50574603190350520e-01	209	Q	1.75591191116593770e-01	4.72783571579592388e-01	1.57594523859864144e+00	3	3	7	-4.37500000000000000e-01	-1.45833333333333259e-01	-1.04166666666666741e-01	37	44	45
7.50574603190350520e-01	209	Delta	1.45241022395214081e-01	4.72783571579592388e-01	1.57594523859864144e+00	3	4	11	-1.04166666666666741e-01	-1.45833333333333259e-01	4.37500000000000000e-01	45	44	10
7.50574603190350520e-01	209	Pi	1.74863072074127407e-01	4.80071609241788044e-01	1.60023869747262681e+00	3	4	10	2.08333333333333322e-02	2.08333333333333322e-02	-4.79166666666666741e-01	0	0	36
7.50574603190350520e-01	209	Phi	1.91398839798290823e-02	6.85603444662680528e-01	2.28534481554226865e+00	3	4	10	3.95833333333333315e-01	3.95833333333333315e-01	-3.95833333333333259e-01	9	9	38
7.50574603190350520e-01	209	GH_constraint	3.75807947609736531e-04	5.95862470150061885e+00	1.98620823383353979e+01	2	10	28	-4.16666666666667407e-02	-4.16666666666667407e-02	5.95833333333333393e+00	23	23	47
7.50574603190350520e-01	209	reduction_constraint	5.69728478078658317e-05	5.95862470150061974e+00	1.98620823383354015e+01	2	8	22	-4.16666666666667407e-02	5.95833333333333393e+00	-4.16666666666667407e-02	23	47	23
7.50574603190350520e-01	209	curl_constraint	6.78965263259930852e-05	6.07748006075617631e-01	2.02582668691872536e+00	3	3	9	-2.29166666666666741e-01	5.62500000000000000e-01	-2.08333333333332593e-02	42	13	47
7.50574603190350520e-01	209	source_curvature	1.22424688743619514e+00	3.83582346656707540e-01	1.27860782218902513e+00	3	3	7	-2.70833333333333259e-01	-2.08333333333332593e-02	-2.70833333333333259e-01	41	47	41
7.50574603190350520e-01	209	source_QQ	4.62452932811563897e-02	4.76441526084552980e-01	1.58813842028184338e+00	3	4	12	1.87500000000000000e-01	-4.37500000000000000e-01	2.08333333333333322e-02	4	37	0
7.50574603190350520e-01	209	source_DeltaDelta	2.72136466655660859e-02	4.72783571579592388e-01	1.57594523859864144e+00	3	3	7	-1.04166666666666741e-01	-1.45833333333333259e-01	-4.37500000000000000e-01	45	44	37
7.50574603190350520e-01	209	source_damping	0.00000000000000000e+00	1.03201360617645594e+01	3.44004535392151993e+01	2	0	0	-5.95833333333333304e+00	-5.95833333333333304e+00	-5.95833333333333304e+00	0	0	0
7.50574603190350520e-01	209	source_frame_correction	1.40360486181468985e-01	3.92530076696182728e-01	1.30843358898727580e+00	3	5	13	-3.12500000000000000e-01	6.25000000000000000e-02	2.29166666666666657e-01	40	1	5
7.50574603190350520e-01	209	shift_lapse_ratio	5.93952309963669740e-06	5.50804336100095271e-01	1.83601445366698424e+00	3	4	12	1.45833333333333343e-01	-2.29166666666666741e-01	4.79166666666666685e-01	3	42	11
8.00842875977930801e-01	223	reference_Ricci	6.17524440346953973e-01	3.88082000212440770e-01	1.29360666737480257e+00	3	4	10	2.29166666666666657e-01	2.08333333333333322e-02	-3.12500000000000000e-01	5	0	40
8.00842875977930801e-01	223	reference_Riemann	8.71055829930838521e-01	2.15501675683095889e-01	7.18338918943652982e-01	3	3	9	-1.87500000000000000e-01	2.08333333333333322e-02	-1.04166666666666741e-01	43	0	45
8.00842875977930801e-01	223	spin_connection	1.45149799156521442e+00	2.52590742770461396e-01	8.41969142568204654e-01	3	4	11	-1.04166666666666741e-01	-2.29166666666666741e-01	2.08333333333333322e-02	45	42	0
8.00842875977930801e-01	223	spin_derivative	9.73008890113840841e-01	3.74420849075238149e-01	1.24806949691746061e+00	3	3	7	-6.25000000000000000e-02	-3.54166666666666741e-01	-1.04166666666666741e-01	46	39	45
8.00842875977930801e-01	223	Psi	2.00680698657893064e+00	6.88131023538072761e-01	2.29377007846024261e+00	3	3	7	-2.08333333333332593e-02	-6.87500000000000000e-01	-2.08333333333332593e-02	47	31	47
8.00842875977930801e-01	223	Q	1.88996049276497102e-01	4.72783571579592388e-01	1.57594523859864144e+00	3	3	7	-4.37500000000000000e-01	-1.45833333333333259e-01	-1.04166666666666741e-01	37	44	45
8.00842875977930801e-01	223	Delta	1.56115177922254322e-01	4.72783571579592388e-01	1.57594523859864144e+00	3	3	7	-4.37500000000000000e-01	-1.45833333333333259e-01	-1.04166666666666741e-01	37	44	45
8.00842875977930801e-01	223	Pi	1.88113927380144208e-01	4.80071609241788044e-01	1.60023869747262681e+00	3	3	7	-2.08333333333332593e-02	-2.08333333333332593e-02	-4.79166666666666741e-01	47	47	36
8.00842875977930801e-01	223	Phi	2.18069425413586968e-02	6.85603444662680417e-01	2.28534481554226820e+00	3	3	8	3.95833333333333315e-01	-3.95833333333333259e-01	-3.95833333333333259e-01	9	38	38
8.00842875977930801e-01	223	GH_constraint	3.99107704741659777e-04	5.95862470150061974e+00	1.98620823383354015e+01	2	8	22	4.16666666666665186e-02	5.95833333333333393e+00	4.16666666666665186e-02	24	47	24
8.00842875977930801e-01	223	reduction_constraint	6.94986722889916116e-05	5.95862470150061885e+00	1.98620823383353979e+01	2	2	6	-5.95833333333333304e+00	-4.16666666666667407e-02	-4.16666666666667407e-02	0	23	23
8.00842875977930801e-01	223	curl_constraint	8.52791335568826294e-05	6.07748006075617631e-01	2.02582668691872536e+00	3	3	9	-2.29166666666666741e-01	5.62500000000000000e-01	-2.08333333333332593e-02	42	13	47
8.00842875977930801e-01	223	source_curvature	1.24438026884598241e+00	3.92530076696182839e-01	1.30843358898727624e+00	3	3	7	-3.12500000000000000e-01	-2.29166666666666741e-01	-6.25000000000000000e-02	40	42	46
8.00842875977930801e-01	223	source_QQ	5.34357668333543048e-02	4.72783571579592388e-01	1.57594523859864144e+00	3	3	7	-4.37500000000000000e-01	-1.45833333333333259e-01	-1.04166666666666741e-01	37	44	45
8.00842875977930801e-01	223	source_DeltaDelta	3.14068853189675909e-02	4.72783571579592388e-01	1.57594523859864144e+00	3	3	7	-4.37500000000000000e-01	-1.45833333333333259e-01	-1.04166666666666741e-01	37	44	45
8.00842875977930801e-01	223	source_damping	0.00000000000000000e+00	1.03201360617645594e+01	3.44004535392151993e+01	2	0	0	-5.95833333333333304e+00	-5.95833333333333304e+00	-5.95833333333333304e+00	0	0	0
8.00842875977930801e-01	223	source_frame_correction	1.50488763921988455e-01	3.92530076696182728e-01	1.30843358898727580e+00	3	3	9	-3.12500000000000000e-01	2.29166666666666657e-01	-6.25000000000000000e-02	40	5	46
8.00842875977930801e-01	223	shift_lapse_ratio	8.70936791861049887e-06	5.50804336100095382e-01	1.83601445366698468e+00	3	3	8	1.45833333333333343e-01	-4.79166666666666741e-01	-2.29166666666666741e-01	3	36	42
8.51109091934079132e-01	237	reference_Ricci	6.27863567885350804e-01	3.96928310067867773e-01	1.32309436689289273e+00	3	3	7	-1.04166666666666741e-01	-3.54166666666666741e-01	-1.45833333333333259e-01	45	39	44
8.51109091934079132e-01	237	reference_Riemann	8.71055829930838521e-01	2.15501675683095889e-01	7.18338918943652982e-01	3	3	9	-1.87500000000000000e-01	2.08333333333333322e-02	-1.04166666666666741e-01	43	0	45
8.51109091934079132e-01	237	spin_connection	1.45149799156521442e+00	2.52590742770461396e-01	8.41969142568204654e-01	3	4	11	-1.04166666666666741e-01	-2.29166666666666741e-01	2.08333333333333322e-02	45	42	0
8.51109091934079132e-01	237	spin_derivative	9.74054065972118632e-01	3.79029279138755282e-01	1.26343093046251775e+00	3	3	7	-3.12500000000000000e-01	-1.04166666666666741e-01	-1.87500000000000000e-01	40	45	43
8.51109091934079132e-01	237	Psi	2.00774438344220529e+00	6.88131023538072650e-01	2.29377007846024217e+00	3	3	7	-2.08333333333332593e-02	-2.08333333333332593e-02	-6.87500000000000000e-01	47	47	31
8.51109091934079132e-01	237	Q	2.02692983733279791e-01	4.72783571579592332e-01	1.57594523859864122e+00	3	3	7	-4.37500000000000000e-01	-1.04166666666666741e-01	-1.45833333333333259e-01	37	45	44
8.51109091934079132e-01	237	Delta	1.67203301282548344e-01	4.69097093716570879e-01	1.56365697905523637e+00	3	3	8	2.29166666666666657e-01	-3.95833333333333259e-01	-1.04166666666666741e-01	5	38	45
8.51109091934079132e-01	237	Pi	2.01633071080376675e-01	4.80071609241788044e-01	1.60023869747262681e+00	3	3	8	2.08333333333333322e-02	-2.08333333333332593e-02	-4.79166666666666741e-01	0	47	36
8.51109091934079132e-01	237	Phi	2.46516764558770279e-02	6.85603444662680528e-01	2.28534481554226865e+00	3	4	12	3.95833333333333315e-01	-3.95833333333333259e-01	3.95833333333333315e-01	9	38	9
8.51109091934079132e-01	237	GH_constraint	4.21811192182726781e-04	5.95862470150061974e+00	1.98620823383354015e+01	2	8	22	4.16666666666665186e-02	5.95833333333333393e+00	4.16666666666665186e-02	24	47	24
8.51109091934079132e-01	237	reduction_constraint	8.37535288313348791e-05	5.95862470150061974e+00	1.98620823383354015e+01	2	6	18	5.95833333333333393e+00	-4.16666666666667407e-02	4.16666666666665186e-02	47	23	24
8.51109091934079132e-01	237	curl_constraint	1.05530585169847990e-04	6.02007636533328783e-01	2.00669212177776268e+00	3	3	8	1.87500000000000000e-01	-1.04166666666666741e-01	-5.62500000000000000e-01	4	45	34
8.51109091934079132e-01	237	source_curvature	1.26650157971268151e+00	3.96928310067867773e-01	1.32309436689289273e+00	3	3	7	-1.04166666666666741e-01	-3.54166666666666741e-01	-1.45833333333333259e-01	45	39	44
8.51109091934079132e-01	237	source_QQ	6.12938037517497258e-02	4.72783571579592332e-01	1.57594523859864122e+00	3	3	7	-4.37500000000000000e-01	-1.04166666666666741e-01	-1.45833333333333259e-01	37	45	44
8.51109091934079132e-01	237	source_DeltaDelta	3.59800162223604184e-02	4.69097093716570879e-01	1.56365697905523637e+00	3	3	8	2.29166666666666657e-01	-3.95833333333333259e-01	-1.04166666666666741e-01	5	38	45
8.51109091934079132e-01	237	source_damping	0.00000000000000000e+00	1.03201360617645594e+01	3.44004535392151993e+01	2	0	0	-5.95833333333333304e+00	-5.95833333333333304e+00	-5.95833333333333304e+00	0	0	0
8.51109091934079132e-01	237	source_frame_correction	1.60791676081864066e-01	3.96928310067867662e-01	1.32309436689289228e+00	3	3	9	-2.08333333333332593e-02	3.95833333333333315e-01	-2.08333333333332593e-02	47	9	47
8.51109091934079132e-01	237	shift_lapse_ratio	1.24727458771883059e-05	5.50804336100095271e-01	1.83601445366698424e+00	3	4	11	-2.29166666666666741e-01	-4.79166666666666741e-01	1.45833333333333343e-01	42	36	3
9.01373069674669458e-01	251	reference_Ricci	6.39101028355590239e-01	3.96928310067867607e-01	1.32309436689289206e+00	3	3	7	-2.08333333333332593e-02	-2.08333333333332593e-02	-3.95833333333333259e-01	47	47	38
9.01373069674669458e-01	251	reference_Riemann	8.71055829930838521e-01	2.15501675683095889e-01	7.18338918943652982e-01	3	3	9	-1.87500000000000000e-01	2.08333333333333322e-02	-1.04166666666666741e-01	43	0	45
9.01373069674669458e-01	251	spin_connection	1.45149799156521442e+00	2.52590742770461396e-01	8.41969142568204654e-01	3	4	11	-1.04166666666666741e-01	-2.29166666666666741e-01	2.08333333333333322e-02	45	42	0
9.01373069674669458e-01	251	spin_derivative	9.75379010763809395e-01	3.83582346656707707e-01	1.27860782218902580e+00	3	4	11	-1.45833333333333259e-01	-3.54166666666666741e-01	2.08333333333333322e-02	44	39	0
9.01373069674669458e-01	251	Psi	2.00874965468027522e+00	6.88131023538072761e-01	2.29377007846024261e+00	3	3	7	-2.08333333333332593e-02	-6.87500000000000000e-01	-2.08333333333332593e-02	47	31	47
9.01373069674669458e-01	251	Q	2.16724621598688577e-01	4.69097093716570879e-01	1.56365697905523637e+00	3	3	8	2.29166666666666657e-01	-3.95833333333333259e-01	-1.04166666666666741e-01	5	38	45
9.01373069674669458e-01	251	Delta	1.78529617099678739e-01	4.69097093716570879e-01	1.56365697905523637e+00	3	3	8	2.29166666666666657e-01	-3.95833333333333259e-01	-1.04166666666666741e-01	5	38	45
9.01373069674669458e-01	251	Pi	2.15432700875463540e-01	4.80071609241788044e-01	1.60023869747262681e+00	3	3	9	-4.79166666666666741e-01	2.08333333333333322e-02	-2.08333333333332593e-02	36	0	47
9.01373069674669458e-01	251	Phi	2.76750604870770328e-02	6.85603444662680528e-01	2.28534481554226865e+00	3	4	12	3.95833333333333315e-01	-3.95833333333333259e-01	3.95833333333333315e-01	9	38	9
9.01373069674669458e-01	251	GH_constraint	4.43709594941483479e-04	5.95862470150061885e+00	1.98620823383353979e+01	2	2	6	-5.95833333333333304e+00	-4.16666666666667407e-02	-4.16666666666667407e-02	0	23	23
9.01373069674669458e-01	251	reduction_constraint	9.98511432914163876e-05	5.95862470150061885e+00	1.98620823383353979e+01	2	2	6	-5.95833333333333304e+00	4.16666666666665186e-02	-4.16666666666667407e-02	0	24	23
9.01373069674669458e-01	251	curl_constraint	1.28861438398347679e-04	6.02007636533328783e-01	2.00669212177776268e+00	3	3	8	1.87500000000000000e-01	-1.04166666666666741e-01	-5.62500000000000000e-01	4	45	34
9.01373069674669458e-01	251	source_curvature	1.29040970207492367e+00	4.01278339255379535e-01	1.33759446418459849e+00	3	3	7	-2.08333333333332593e-02	-3.95833333333333259e-01	-6.25000000000000000e-02	47	38	46
9.01373069674669458e-01	251	source_QQ	6.98622760776970581e-02	4.69097093716570879e-01	1.56365697905523637e+00	3	3	8	2.29166666666666657e-01	-3.95833333333333259e-01	-1.04166666666666741e-01	5	38	45
9.01373069674669458e-01	251	source_DeltaDelta	4.09582096012283542e-02	4.69097093716570879e-01	1.56365697905523637e+00	3	3	8	2.29166666666666657e-01	-3.95833333333333259e-01	-1.04166666666666741e-01	5	38	45
9.01373069674669458e-01	251	source_damping	0.00000000000000000e+00	1.03201360617645594e+01	3.44004535392151993e+01	2	0	0	-5.95833333333333304e+00	-5.95833333333333304e+00	-5.95833333333333304e+00	0	0	0
9.01373069674669458e-01	251	source_frame_correction	1.71285427099916954e-01	3.96928310067867662e-01	1.32309436689289228e+00	3	3	9	-2.08333333333332593e-02	3.95833333333333315e-01	-2.08333333333332593e-02	47	9	47
9.01373069674669458e-01	251	shift_lapse_ratio	1.74928579861268386e-05	5.50804336100095160e-01	1.83601445366698401e+00	3	4	11	-5.20833333333333259e-01	-1.45833333333333259e-01	1.04166666666666671e-01	35	44	2
9.51634621901049416e-01	265	reference_Ricci	6.51144661370153366e-01	4.01278339255379701e-01	1.33759446418459915e+00	3	3	8	2.08333333333333322e-02	-3.54166666666666741e-01	-1.87500000000000000e-01	0	39	43
9.51634621901049416e-01	265	reference_Riemann	8.71055829930838521e-01	2.15501675683095889e-01	7.18338918943652982e-01	3	3	9	-1.87500000000000000e-01	2.08333333333333322e-02	-1.04166666666666741e-01	43	0	45
9.51634621901049416e-01	265	spin_connection	1.45149799156521442e+00	2.52590742770461396e-01	8.41969142568204654e-01	3	4	11	-1.04166666666666741e-01	-2.29166666666666741e-01	2.08333333333333322e-02	45	42	0
9.51634621901049416e-01	265	spin_derivative	9.77030205049315592e-01	3.88082000212440770e-01	1.29360666737480257e+00	3	3	9	-2.08333333333332593e-02	2.29166666666666657e-01	-3.12500000000000000e-01	47	5	40
9.51634621901049416e-01	265	Psi	2.00982420791037120e+00	6.88131023538072650e-01	2.29377007846024217e+00	3	3	7	-2.08333333333332593e-02	-2.08333333333332593e-02	-6.87500000000000000e-01	47	47	31
9.51634621901049416e-01	265	Q	2.31082596421186309e-01	4.69097093716570879e-01	1.56365697905523637e+00	3	3	8	2.29166666666666657e-01	-3.95833333333333259e-01	-1.04166666666666741e-01	5	38	45
9.51634621901049416e-01	265	Delta	1.90093905622502557e-01	4.65381414660180737e-01	1.55127138220060257e+00	3	3	8	4.37500000000000000e-01	-1.45833333333333259e-01	-6.25000000000000000e-02	10	44	46
9.51634621901049416e-01	265	Pi	2.29524774165944856e-01	4.80071609241788044e-01	1.60023869747262681e+00	3	5	14	2.08333333333333322e-02	2.08333333333333322e-02	4.79166666666666685e-01	0	0	11
9.51634621901049416e-01	265	Phi	3.08781428289478313e-02	6.85603444662680528e-01	2.28534481554226865e+00	3	4	12	3.95833333333333315e-01	-3.95833333333333259e-01	3.95833333333333315e-01	9	38	9
9.51634621901049416e-01	265	GH_constraint	4.64630662141374230e-04	5.95862470150061974e+00	1.98620823383354015e+01	2	8	22	4.16666666666665186e-02	5.95833333333333393e+00	4.16666666666665186e-02	24	47	24
9.51634621901049416e-01	265	reduction_constraint	1.17905666968590590e-04	5.95862470150061974e+00	1.98620823383354015e+01	2	6	18	5.95833333333333393e+00	4.16666666666665186e-02	4.16666666666665186e-02	47	24	24
9.51634621901049416e-01	265	curl_constraint	1.55229177300228617e-04	6.02007636533328783e-01	2.00669212177776268e+00	3	3	8	1.87500000000000000e-01	-1.04166666666666741e-01	-5.62500000000000000e-01	4	45	34
9.51634621901049416e-01	265	source_curvature	1.31604850321982769e+00	4.01278339255379535e-01	1.33759446418459849e+00	3	3	7	-2.08333333333332593e-02	-3.95833333333333259e-01	-6.25000000000000000e-02	47	38	46
9.51634621901049416e-01	265	source_QQ	7.91801011433503898e-02	4.69097093716570879e-01	1.56365697905523637e+00	3	3	9	-3.95833333333333259e-01	2.29166666666666657e-01	-1.04166666666666741e-01	38	5	45
9.51634621901049416e-01	265	source_DeltaDelta	4.63555187732733326e-02	4.69097093716570934e-01	1.56365697905523660e+00	3	3	7	-1.04166666666666741e-01	-3.95833333333333259e-01	-2.29166666666666741e-01	45	38	42
9.51634621901049416e-01	265	source_damping	0.00000000000000000e+00	1.03201360617645594e+01	3.44004535392151993e+01	2	0	0	-5.95833333333333304e+00	-5.95833333333333304e+00	-5.95833333333333304e+00	0	0	0
9.51634621901049416e-01	265	source_frame_correction	1.81986971383242185e-01	3.96928310067867662e-01	1.32309436689289228e+00	3	3	9	-2.08333333333332593e-02	3.95833333333333315e-01	-2.08333333333332593e-02	47	9	47
9.51634621901049416e-01	265	shift_lapse_ratio	2.40808303772633928e-05	5.50804336100095160e-01	1.83601445366698401e+00	3	4	11	-5.20833333333333259e-01	-1.45833333333333259e-01	1.04166666666666671e-01	35	44	2
1.00189355544072489e+00	279	reference_Ricci	6.63869797235734915e-01	4.05581715290245559e-01	1.35193905096748535e+00	3	3	7	-1.87500000000000000e-01	-6.25000000000000000e-02	-3.54166666666666741e-01	43	46	39
1.00189355544072489e+00	279	reference_Riemann	8.77933296298032073e-01	3.96928310067867607e-01	1.32309436689289206e+00	3	3	9	-3.95833333333333259e-01	2.08333333333333322e-02	-2.08333333333332593e-02	38	0	47
1.00189355544072489e+00	279	spin_connection	1.45149799156521442e+00	2.52590742770461396e-01	8.41969142568204654e-01	3	4	11	-1.04166666666666741e-01	-2.29166666666666741e-01	2.08333333333333322e-02	45	42	0
1.00189355544072489e+00	279	spin_derivative	9.79044279526766870e-01	3.92530076696182839e-01	1.30843358898727624e+00	3	3	7	-3.12500000000000000e-01	-2.29166666666666741e-01	-6.25000000000000000e-02	40	42	46
1.00189355544072489e+00	279	Psi	2.01096948585586910e+00	6.88131023538072650e-01	2.29377007846024217e+00	3	3	7	-2.08333333333332593e-02	-2.08333333333332593e-02	-6.87500000000000000e-01	47	47	31
1.00189355544072489e+00	279	Q	2.45806894551606175e-01	4.65381414660180737e-01	1.55127138220060257e+00	3	3	8	6.25000000000000000e-02	-1.45833333333333259e-01	-4.37500000000000000e-01	1	44	37
1.00189355544072489e+00	279	Delta	2.01928617902455532e-01	4.65381414660180737e-01	1.55127138220060257e+00	3	4	11	-6.25000000000000000e-02	-1.45833333333333259e-01	4.37500000000000000e-01	46	44	10
1.00189355544072489e+00	279	Pi	2.43921020338579403e-01	4.80071609241788044e-01	1.60023869747262681e+00	3	4	12	4.79166666666666685e-01	-2.08333333333332593e-02	2.08333333333333322e-02	11	47	0
1.00189355544072489e+00	279	Phi	3.42620468356563262e-02	6.85603444662680417e-01	2.28534481554226820e+00	3	3	8	3.95833333333333315e-01	-3.95833333333333259e-01	-3.95833333333333259e-01	9	38	38
1.00189355544072489e+00	279	GH_constraint	4.84483789547877615e-04	5.95862470150061974e+00	1.98620823383354015e+01	2	8	22	4.16666666666665186e-02	5.95833333333333393e+00	4.16666666666665186e-02	24	47	24
1.00189355544072489e+00	279	reduction_constraint	1.38031496597259428e-04	5.95862470150061885e+00	1.98620823383353979e+01	2	2	5	4.16666666666665186e-02	-5.95833333333333304e+00	-4.16666666666667407e-02	24	0	23
1.00189355544072489e+00	279	curl_constraint	1.84714465156445013e-04	6.02007636533328672e-01	2.00669212177776224e+00	3	4	10	1.87500000000000000e-01	1.04166666666666671e-01	-5.62500000000000000e-01	4	2	34
1.00189355544072489e+00	279	source_curvature	1.34329470580232058e+00	4.05581715290245448e-01	1.35193905096748490e+00	3	3	7	-6.25000000000000000e-02	-6.25000000000000000e-02	-3.95833333333333259e-01	46	46	38
1.00189355544072489e+00	279	source_QQ	8.92838959641974739e-02	4.65381414660180737e-01	1.55127138220060257e+00	3	3	7	-4.37500000000000000e-01	-1.45833333333333259e-01	-6.25000000000000000e-02	37	44	46
1.00189355544072489e+00	279	source_DeltaDelta	5.22060286909422147e-02	4.65381414660180737e-01	1.55127138220060257e+00	3	3	9	-1.45833333333333259e-01	4.37500000000000000e-01	-6.25000000000000000e-02	44	10	46
1.00189355544072489e+00	279	source_damping	0.00000000000000000e+00	1.03201360617645594e+01	3.44004535392151993e+01	2	0	0	-5.95833333333333304e+00	-5.95833333333333304e+00	-5.95833333333333304e+00	0	0	0
1.00189355544072489e+00	279	source_frame_correction	1.92913990836008881e-01	3.96928310067867662e-01	1.32309436689289228e+00	3	3	9	-2.08333333333332593e-02	3.95833333333333315e-01	-2.08333333333332593e-02	47	9	47
1.00189355544072489e+00	279	shift_lapse_ratio	3.26009796579567325e-05	5.50804336100095271e-01	1.83601445366698424e+00	3	5	14	1.45833333333333343e-01	1.04166666666666671e-01	5.20833333333333370e-01	3	2	12
1.05214967128818748e+00	293	reference_Ricci	6.77312833476832576e-01	4.05581715290245559e-01	1.35193905096748535e+00	3	3	7	-6.25000000000000000e-02	-1.87500000000000000e-01	-3.54166666666666741e-01	46	43	39
1.05214967128818748e+00	293	reference_Riemann	8.92483713023071390e-01	3.96928310067867607e-01	1.32309436689289206e+00	3	3	7	-1.04166666666666741e-01	-2.70833333333333259e-01	-2.70833333333333259e-01	45	41	41
1.05214967128818748e+00	293	spin_connection	1.45149799156521442e+00	2.52590742770461396e-01	8.41969142568204654e-01	3	4	11	-1.04166666666666741e-01	-2.29166666666666741e-01	2.08333333333333322e-02	45	42	0
1.05214967128818748e+00	293	spin_derivative	9.81446267045586462e-01	3.96928310067867607e-01	1.32309436689289206e+00	3	3	7	-1.04166666666666741e-01	-2.70833333333333259e-01	-2.70833333333333259e-01	45	41	41
1.05214967128818748e+00	293	Psi	2.01218696867652458e+00	6.88131023538072650e-01	2.29377007846024217e+00	3	3	7	-2.08333333333332593e-02	-2.08333333333332593e-02	-6.87500000000000000e-01	47	47	31
1.05214967128818748e+00	293	Q	2.60899219421115380e-01	4.65381414660180737e-01	1.55127138220060257e+00	3	3	9	-1.45833333333333259e-01	4.37500000000000000e-01	-6.25000000000000000e-02	44	10	46
1.05214967128818748e+00	293	Delta	2.14025744430966336e-01	4.65381414660180737e-01	1.55127138220060257e+00	3	4	11	-6.25000000000000000e-02	-1.45833333333333259e-01	4.37500000000000000e-01	46	44	10
1.05214967128818748e+00	293	Pi	2.58632956062637975e-01	4.80071609241788044e-01	1.60023869747262681e+00	3	4	11	-2.08333333333332593e-02	-4.79166666666666741e-01	2.08333333333333322e-02	47	36	0
1.05214967128818748e+00	293	Phi	3.78279729395713249e-02	6.85603444662680417e-01	2.28534481554226820e+00	3	3	8	3.95833333333333315e-01	-3.95833333333333259e-01	-3.95833333333333259e-01	9	38	38
1.05214967128818748e+00	293	GH_constraint	5.03272233502294894e-04	5.95862470150061974e+00	1.98620823383354015e+01	2	8	22	4.16666666666665186e-02	5.95833333333333393e+00	4.16666666666665186e-02	24	47	24
1.05214967128818748e+00	293	reduction_constraint	1.60343025006857092e-04	5.95862470150061885e+00	1.98620823383353979e+01	2	2	5	4.16666666666665186e-02	-5.95833333333333304e+00	-4.16666666666667407e-02	24	0	23
1.05214967128818748e+00	293	curl_constraint	2.17367907135566121e-04	6.02007636533328672e-01	2.00669212177776224e+00	3	4	10	1.87500000000000000e-01	1.04166666666666671e-01	-5.62500000000000000e-01	4	2	34
1.05214967128818748e+00	293	source_curvature	1.37181192095784676e+00	4.05581715290245448e-01	1.35193905096748490e+00	3	3	7	-6.25000000000000000e-02	-3.95833333333333259e-01	-6.25000000000000000e-02	46	38	46
1.05214967128818748e+00	293	source_QQ	1.00235655392904063e-01	4.65381414660180737e-01	1.55127138220060257e+00	3	3	8	6.25000000000000000e-02	-1.45833333333333259e-01	-4.37500000000000000e-01	1	44	37
1.05214967128818748e+00	293	source_DeltaDelta	5.85222625737171209e-02	4.65381414660180737e-01	1.55127138220060257e+00	3	4	11	-6.25000000000000000e-02	-1.45833333333333259e-01	4.37500000000000000e-01	46	44	10
1.05214967128818748e+00	293	source_damping	0.00000000000000000e+00	1.03201360617645594e+01	3.44004535392151993e+01	2	0	0	-5.95833333333333304e+00	-5.95833333333333304e+00	-5.95833333333333304e+00	0	0	0
1.05214967128818748e+00	293	source_frame_correction	2.04084883167783226e-01	3.96928310067867662e-01	1.32309436689289228e+00	3	3	9	-2.08333333333332593e-02	3.95833333333333315e-01	-2.08333333333332593e-02	47	9	47
1.05214967128818748e+00	293	shift_lapse_ratio	4.34762400166866693e-05	5.50804336100095160e-01	1.83601445366698401e+00	3	4	11	-5.20833333333333259e-01	-1.45833333333333259e-01	1.04166666666666671e-01	35	44	2
1.10240276464591691e+00	307	reference_Ricci	6.91362537794272924e-01	4.09839907768874967e-01	1.36613302589624985e+00	3	3	8	1.45833333333333343e-01	-2.70833333333333259e-01	-2.70833333333333259e-01	3	41	41
1.10240276464591691e+00	307	reference_Riemann	9.07879590547484350e-01	4.01278339255379701e-01	1.33759446418459915e+00	3	3	7	-3.12500000000000000e-01	-1.04166666666666741e-01	-2.29166666666666741e-01	40	45	42
1.10240276464591691e+00	307	spin_connection	1.45149799156521442e+00	2.52590742770461396e-01	8.41969142568204654e-01	3	4	11	-1.04166666666666741e-01	-2.29166666666666741e-01	2.08333333333333322e-02	45	42	0
1.10240276464591691e+00	307	spin_derivative	9.84269797001295910e-01	3.96928310067867607e-01	1.32309436689289206e+00	3	3	8	2.08333333333333322e-02	-3.95833333333333259e-01	-2.08333333333332593e-02	0	38	47
1.10240276464591691e+00	307	Psi	2.01347817648854654e+00	6.88131023538072650e-01	2.29377007846024217e+00	3	3	7	-2.08333333333332593e-02	-2.08333333333332593e-02	-6.87500000000000000e-01	47	47	31
1.10240276464591691e+00	307	Q	2.76368115315806739e-01	4.61635829295007072e-01	1.53878609765002361e+00	3	5	13	-4.37500000000000000e-01	2.08333333333333322e-02	1.45833333333333343e-01	37	0	3
1.10240276464591691e+00	307	Delta	2.26411679156721585e-01	4.61635829295007072e-01	1.53878609765002361e+00	3	5	13	-4.37500000000000000e-01	2.08333333333333322e-02	1.45833333333333343e-01	37	0	3
1.10240276464591691e+00	307	Pi	2.73671903659044091e-01	4.80071609241788044e-01	1.60023869747262681e+00	3	4	11	-2.08333333333332593e-02	-4.79166666666666741e-01	2.08333333333333322e-02	47	36	0
1.10240276464591691e+00	307	Phi	4.15772007933095725e-02	6.85603444662680417e-01	2.28534481554226820e+00	3	3	8	3.95833333333333315e-01	-3.95833333333333259e-01	-3.95833333333333259e-01	9	38	38
1.10240276464591691e+00	307	GH_constraint	5.21074795319669990e-04	5.95862470150061974e+00	1.98620823383354015e+01	2	6	18	5.95833333333333393e+00	4.16666666666665186e-02	4.16666666666665186e-02	47	24	24
1.10240276464591691e+00	307	reduction_constraint	1.84954392699890704e-04	5.95862470150061885e+00	1.98620823383353979e+01	2	2	5	4.16666666666665186e-02	-5.95833333333333304e+00	-4.16666666666667407e-02	24	0	23
1.10240276464591691e+00	307	curl_constraint	2.53209876697687436e-04	6.02007636533328783e-01	2.00669212177776268e+00	3	3	9	-5.62500000000000000e-01	1.87500000000000000e-01	-1.04166666666666741e-01	34	4	45
1.10240276464591691e+00	307	source_curvature	1.40197003813124810e+00	4.09839907768874911e-01	1.36613302589624985e+00	3	3	7	-2.08333333333332593e-02	-3.95833333333333259e-01	-1.04166666666666741e-01	47	38	45
1.10240276464591691e+00	307	source_QQ	1.12063923976575372e-01	4.65381414660180737e-01	1.55127138220060257e+00	3	3	7	-4.37500000000000000e-01	-1.45833333333333259e-01	-6.25000000000000000e-02	37	44	46
1.10240276464591691e+00	307	source_DeltaDelta	6.53313614276380128e-02	4.61635829295007072e-01	1.53878609765002361e+00	3	5	13	-4.37500000000000000e-01	2.08333333333333322e-02	1.45833333333333343e-01	37	0	3
1.10240276464591691e+00	307	source_damping	0.00000000000000000e+00	1.03201360617645594e+01	3.44004535392151993e+01	2	0	0	-5.95833333333333304e+00	-5.95833333333333304e+00	-5.95833333333333304e+00	0	0	0
1.10240276464591691e+00	307	source_frame_correction	2.15518826590090057e-01	3.96928310067867662e-01	1.32309436689289228e+00	3	3	9	-2.08333333333332593e-02	3.95833333333333315e-01	-2.08333333333332593e-02	47	9	47
1.10240276464591691e+00	307	shift_lapse_ratio	5.71973046553638583e-05	5.53947325012847047e-01	1.84649108337615697e+00	3	3	7	-1.87500000000000000e-01	-5.20833333333333259e-01	-2.08333333333332593e-02	43	35	47
1.15265262496560150e+00	321	reference_Ricci	7.06068661174631296e-01	4.09839907768875022e-01	1.36613302589625007e+00	3	3	8	1.45833333333333343e-01	-3.54166666666666741e-01	-1.45833333333333259e-01	3	39	44
1.15265262496560150e+00	321	reference_Riemann	9.24191940217889529e-01	4.01278339255379701e-01	1.33759446418459915e+00	3	3	9	-3.54166666666666741e-01	2.08333333333333322e-02	-1.87500000000000000e-01	39	0	43
1.15265262496560150e+00	321	spin_connection	1.45149799156521442e+00	2.52590742770461396e-01	8.41969142568204654e-01	3	4	11	-1.04166666666666741e-01	-2.29166666666666741e-01	2.08333333333333322e-02	45	42	0
1.15265262496560150e+00	321	spin_derivative	9.87549631224287960e-01	4.01278339255379701e-01	1.33759446418459915e+00	3	3	7	-3.12500000000000000e-01	-1.04166666666666741e-01	-2.29166666666666741e-01	40	45	42
1.15265262496560150e+00	321	Psi	2.01484467207146256e+00	6.88131023538072650e-01	2.29377007846024217e+00	3	3	7	-2.08333333333332593e-02	-2.08333333333332593e-02	-6.87500000000000000e-01	47	47	31
1.15265262496560150e+00	321	Q	2.92265952129254603e-01	4.61635829295007072e-01	1.53878609765002361e+00	3	5	14	4.37500000000000000e-01	1.45833333333333343e-01	2.08333333333333322e-02	10	3	0
1.15265262496560150e+00	321	Delta	2.39099704929128326e-01	4.61635829295007072e-01	1.53878609765002361e+00	3	5	13	-4.37500000000000000e-01	2.08333333333333322e-02	1.45833333333333343e-01	37	0	3
1.15265262496560150e+00	321	Pi	2.89049012589966847e-01	4.80071609241788044e-01	1.60023869747262681e+00	3	3	9	-4.79166666666666741e-01	2.08333333333333322e-02	-2.08333333333332593e-02	36	0	47
1.15265262496560150e+00	321	Phi	4.55110916698844986e-02	6.85603444662680528e-01	2.28534481554226865e+00	3	4	12	3.95833333333333315e-01	-3.95833333333333259e-01	3.95833333333333315e-01	9	38	9
1.15265262496560150e+00	321	GH_constraint	5.38007700366645932e-04	5.95862470150061974e+00	1.98620823383354015e+01	2	8	22	4.16666666666665186e-02	5.95833333333333393e+00	4.16666666666665186e-02	24	47	24
1.15265262496560150e+00	321	reduction_constraint	2.11979301224184428e-04	5.95862470150061885e+00	1.98620823383353979e+01	2	2	5	4.16666666666665186e-02	-5.95833333333333304e+00	-4.16666666666667407e-02	24	0	23
1.15265262496560150e+00	321	curl_constraint	2.92231039518301393e-04	6.02007636533328672e-01	2.00669212177776224e+00	3	3	8	1.04166666666666671e-01	-1.87500000000000000e-01	-5.62500000000000000e-01	2	43	34
1.15265262496560150e+00	321	source_curvature	1.43322879130057079e+00	4.09839907768874911e-01	1.36613302589624985e+00	3	3	7	-1.04166666666666741e-01	-3.95833333333333259e-01	-2.08333333333332593e-02	45	38	47
1.15265262496560150e+00	321	source_QQ	1.24816056623134330e-01	4.61635829295007072e-01	1.53878609765002361e+00	3	4	10	2.08333333333333322e-02	1.45833333333333343e-01	-4.37500000000000000e-01	0	3	37
1.15265262496560150e+00	321	source_DeltaDelta	7.26682029364561916e-02	4.61635829295007072e-01	1.53878609765002361e+00	3	5	14	4.37500000000000000e-01	2.08333333333333322e-02	1.45833333333333343e-01	10	0	3
1.15265262496560150e+00	321	source_damping	0.00000000000000000e+00	1.03201360617645594e+01	3.44004535392151993e+01	2	0	0	-5.95833333333333304e+00	-5.95833333333333304e+00	-5.95833333333333304e+00	0	0	0
1.15265262496560150e+00	321	source_frame_correction	2.27257509372256222e-01	4.01278339255379535e-01	1.33759446418459849e+00	3	3	8	6.25000000000000000e-02	-3.95833333333333259e-01	-2.08333333333332593e-02	1	38	47
1.15265262496560150e+00	321	shift_lapse_ratio	7.43213848606611035e-05	5.53947325012847047e-01	1.84649108337615697e+00	3	3	9	-5.20833333333333259e-01	2.08333333333333322e-02	-1.87500000000000000e-01	35	0	43
1.20289903598961145e+00	335	reference_Ricci	7.21248683346238151e-01	4.09839907768874967e-01	1.36613302589624985e+00	3	3	9	-2.70833333333333259e-01	1.45833333333333343e-01	-2.70833333333333259e-01	41	3	41
1.20289903598961145e+00	335	reference_Riemann	9.41210588164193895e-01	4.01278339255379701e-01	1.33759446418459915e+00	3	3	7	-1.04166666666666741e-01	-2.29166666666666741e-01	-3.12500000000000000e-01	45	42	40
1.20289903598961145e+00	335	spin_connection	1.45149799156521442e+00	2.52590742770461396e-01	8.41969142568204654e-01	3	4	11	-1.04166666666666741e-01	-2.29166666666666741e-01	2.08333333333333322e-02	45	42	0
1.20289903598961145e+00	335	spin_derivative	9.91248589313814987e-01	4.05581715290245448e-01	1.35193905096748490e+00	3	3	7	-6.25000000000000000e-02	-3.95833333333333259e-01	-6.25000000000000000e-02	46	38	46
1.20289903598961145e+00	335	Psi	2.01628806375548786e+00	6.88131023538072650e-01	2.29377007846024217e+00	3	3	7	-2.08333333333332593e-02	-2.08333333333332593e-02	-6.87500000000000000e-01	47	47	31
1.20289903598961145e+00	335	Q	3.08574386435137238e-01	4.61635829295007072e-01	1.53878609765002361e+00	3	5	13	-4.37500000000000000e-01	2.08333333333333322e-02	1.45833333333333343e-01	37	0	3
1.20289903598961145e+00	335	Delta	2.52088977284562810e-01	4.61635829295007072e-01	1.53878609765002361e+00	3	5	13	-4.37500000000000000e-01	2.08333333333333322e-02	1.45833333333333343e-01	37	0	3
1.20289903598961145e+00	335	Pi	3.04775284103065591e-01	4.80071609241788044e-01	1.60023869747262681e+00	3	4	11	-2.08333333333332593e-02	-4.79166666666666741e-01	2.08333333333333322e-02	47	36	0
1.20289903598961145e+00	335	Phi	4.96310911516862352e-02	6.85603444662680417e-01	2.28534481554226820e+00	3	4	11	-3.95833333333333259e-01	-3.95833333333333259e-01	3.95833333333333315e-01	38	38	9
1.20289903598961145e+00	335	GH_constraint	5.54181385807280056e-04	5.95862470150061974e+00	1.98620823383354015e+01	2	6	18	5.95833333333333393e+00	4.16666666666665186e-02	-4.16666666666667407e-02	47	24	23
1.20289903598961145e+00	335	reduction_constraint	2.41530922700964489e-04	5.95862470150061885e+00	1.98620823383353979e+01	2	10	28	-4.16666666666667407e-02	4.16666666666665186e-02	5.95833333333333393e+00	23	24	47
1.20289903598961145e+00	335	curl_constraint	3.34393560057719434e-04	6.02007636533328672e-01	2.00669212177776224e+00	3	3	8	1.04166666666666671e-01	-5.62500000000000000e-01	-1.87500000000000000e-01	2	34	43
1.20289903598961145e+00	335	source_curvature	1.46579378383432934e+00	4.14054310715662233e-01	1.38018103571887418e+00	3	3	7	-1.04166666666666741e-01	-3.95833333333333259e-01	-6.25000000000000000e-02	45	38	46
1.20289903598961145e+00	335	source_QQ	1.38573041291944032e-01	4.61635829295007016e-01	1.53878609765002339e+00	3	3	7	-2.08333333333332593e-02	-1.45833333333333259e-01	-4.37500000000000000e-01	47	44	37
1.20289903598961145e+00	335	source_DeltaDelta	8.05477697588166675e-02	4.61635829295007072e-01	1.53878609765002361e+00	3	5	13	-4.37500000000000000e-01	2.08333333333333322e-02	1.45833333333333343e-01	37	0	3
1.20289903598961145e+00	335	source_damping	0.00000000000000000e+00	1.03201360617645594e+01	3.44004535392151993e+01	2	0	0	-5.95833333333333304e+00	-5.95833333333333304e+00	-5.95833333333333304e+00	0	0	0
1.20289903598961145e+00	335	source_frame_correction	2.39309150038644503e-01	4.01278339255379535e-01	1.33759446418459849e+00	3	3	8	6.25000000000000000e-02	-3.95833333333333259e-01	-2.08333333333332593e-02	1	38	47
1.20289903598961145e+00	335	shift_lapse_ratio	9.54821564595571885e-05	5.53947325012847047e-01	1.84649108337615697e+00	3	3	9	-5.20833333333333259e-01	2.08333333333333322e-02	-1.87500000000000000e-01	35	0	43
1.25314177579276542e+00	349	reference_Ricci	7.37050170608184452e-01	4.14054310715662288e-01	1.38018103571887440e+00	3	4	10	1.45833333333333343e-01	2.29166666666666657e-01	-3.12500000000000000e-01	3	5	40
1.25314177579276542e+00	349	reference_Riemann	9.59233859818049206e-01	4.05581715290245559e-01	1.35193905096748535e+00	3	3	7	-1.87500000000000000e-01	-6.25000000000000000e-02	-3.54166666666666741e-01	43	46	39
1.25314177579276542e+00	349	spin_connection	1.45149799156521442e+00	2.52590742770461396e-01	8.41969142568204654e-01	3	4	11	-1.04166666666666741e-01	-2.29166666666666741e-01	2.08333333333333322e-02	45	42	0
1.25314177579276542e+00	349	spin_derivative	9.95433871352335853e-01	4.05581715290245448e-01	1.35193905096748490e+00	3	3	7	-6.25000000000000000e-02	-6.25000000000000000e-02	-3.95833333333333259e-01	46	46	38
1.25314177579276542e+00	349	Psi	2.01787089096612604e+00	5.28280097212748490e-01	1.76093365737582830e+00	3	3	7	-6.25000000000000000e-02	-6.25000000000000000e-02	-5.20833333333333259e-01	46	46	35
1.25314177579276542e+00	349	Q	3.25308181088403592e-01	4.61635829295007072e-01	1.53878609765002361e+00	3	4	10	4.37500000000000000e-01	2.08333333333333322e-02	-1.45833333333333259e-01	10	0	44
1.25314177579276542e+00	349	Delta	2.65403300789628926e-01	4.57859603663248071e-01	1.52619867887749372e+00	3	3	7	-3.95833333333333259e-01	-2.08333333333332593e-02	-2.29166666666666741e-01	38	47	42
1.25314177579276542e+00	349	Pi	3.20861599053201663e-01	4.80071609241788044e-01	1.60023869747262681e+00	3	4	10	2.08333333333333322e-02	2.08333333333333322e-02	-4.79166666666666741e-01	0	0	36
1.25314177579276542e+00	349	Phi	5.39387321341912446e-02	6.85603444662680417e-01	2.28534481554226820e+00	3	4	11	-3.95833333333333259e-01	-3.95833333333333259e-01	3.95833333333333315e-01	38	38	9
1.25314177579276542e+00	349	GH_constraint	5.69666048129392972e-04	5.95862470150061974e+00	1.98620823383354015e+01	2	6	18	5.95833333333333393e+00	4.16666666666665186e-02	-4.16666666666667407e-02	47	24	23
1.25314177579276542e+00	349	reduction_constraint	2.73721905947585549e-04	5.95862470150061885e+00	1.98620823383353979e+01	2	10	28	-4.16666666666667407e-02	4.16666666666665186e-02	5.95833333333333393e+00	23	24	47
1.25314177579276542e+00	349	curl_constraint	3.79632963757650156e-04	6.02007636533328672e-01	2.00669212177776224e+00	3	3	8	1.04166666666666671e-01	-1.87500000000000000e-01	-5.62500000000000000e-01	2	43	34
1.25314177579276542e+00	349	source_curvature	1.49961949189075150e+00	4.14054310715662233e-01	1.38018103571887418e+00	3	3	9	-6.25000000000000000e-02	1.04166666666666671e-01	-3.95833333333333259e-01	46	2	38
1.25314177579276542e+00	349	source_QQ	1.53361725368219709e-01	4.61635829295007016e-01	1.53878609765002339e+00	3	3	7	-2.08333333333332593e-02	-1.45833333333333259e-01	-4.37500000000000000e-01	47	44	37
1.25314177579276542e+00	349	source_DeltaDelta	8.89966667231294473e-02	4.61635829295007016e-01	1.53878609765002339e+00	3	3	7	-2.08333333333332593e-02	-1.45833333333333259e-01	-4.37500000000000000e-01	47	44	37
1.25314177579276542e+00	349	source_damping	0.00000000000000000e+00	1.03201360617645594e+01	3.44004535392151993e+01	2	0	0	-5.95833333333333304e+00	-5.95833333333333304e+00	-5.95833333333333304e+00	0	0	0
1.25314177579276542e+00	349	source_frame_correction	2.51711378313706380e-01	4.05581715290245559e-01	1.35193905096748535e+00	3	3	7	-6.25000000000000000e-02	-3.54166666666666741e-01	-1.87500000000000000e-01	46	39	43
1.25314177579276542e+00	349	shift_lapse_ratio	1.21396871903116439e-04	5.53947325012847047e-01	1.84649108337615697e+00	3	4	11	-2.08333333333332593e-02	-5.20833333333333259e-01	1.87500000000000000e-01	47	35	4
1.30338061682443884e+00	363	reference_Ricci	7.53366858411772755e-01	4.14054310715662344e-01	1.38018103571887463e+00	3	3	7	-1.04166666666666741e-01	-3.54166666666666741e-01	-1.87500000000000000e-01	45	39	43
1.30338061682443884e+00	363	reference_Riemann	9.77960248070100624e-01	4.05581715290245559e-01	1.35193905096748535e+00	3	3	7	-3.54166666666666741e-01	-6.25000000000000000e-02	-1.87500000000000000e-01	39	46	43
1.30338061682443884e+00	363	spin_connection	1.45149799156521442e+00	2.52590742770461396e-01	8.41969142568204654e-01	3	4	11	-1.04166666666666741e-01	-2.29166666666666741e-01	2.08333333333333322e-02	45	42	0
1.30338061682443884e+00	363	spin_derivative	1.00006490668757131e+00	4.09839907768875134e-01	1.36613302589625052e+00	3	4	10	1.45833333333333343e-01	1.45833333333333343e-01	-3.54166666666666741e-01	3	3	39
1.30338061682443884e+00	363	Psi	2.01960725356999848e+00	5.24983465348089595e-01	1.74994488449363206e+00	3	3	7	-5.20833333333333259e-01	-2.08333333333332593e-02	-6.25000000000000000e-02	35	47	46
1.30338061682443884e+00	363	Q	3.42511609907583614e-01	4.57859603663248016e-01	1.52619867887749350e+00	3	4	11	-3.95833333333333259e-01	-2.08333333333332593e-02	2.29166666666666657e-01	38	47	5
1.30338061682443884e+00	363	Delta	2.79065074287466186e-01	4.57859603663248071e-01	1.52619867887749372e+00	3	3	7	-3.95833333333333259e-01	-2.08333333333332593e-02	-2.29166666666666741e-01	38	47	42
1.30338061682443884e+00	363	Pi	3.37318748915163835e-01	4.80071609241788044e-01	1.60023869747262681e+00	3	4	11	-2.08333333333332593e-02	-4.79166666666666741e-01	2.08333333333333322e-02	47	36	0
1.30338061682443884e+00	363	Phi	5.84356381641108341e-02	6.85603444662680528e-01	2.28534481554226865e+00	3	4	12	3.95833333333333315e-01	-3.95833333333333259e-01	3.95833333333333315e-01	9	38	9
1.30338061682443884e+00	363	GH_constraint	5.84475046833226848e-04	5.95862470150061796e+00	1.98620823383353944e+01	2	1	3	-4.16666666666667407e-02	-4.16666666666667407e-02	-5.95833333333333304e+00	23	23	0
1.30338061682443884e+00	363	reduction_constraint	3.08664450331488027e-04	5.95862470150061796e+00	1.98620823383353944e+01	2	1	3	-4.16666666666667407e-02	4.16666666666665186e-02	-5.95833333333333304e+00	23	24	0
1.30338061682443884e+00	363	curl_constraint	4.27860616052553493e-04	6.02007636533328783e-01	2.00669212177776268e+00	3	3	9	-5.62500000000000000e-01	1.87500000000000000e-01	-1.04166666666666741e-01	34	4	45
1.30338061682443884e+00	363	source_curvature	1.53443865051815398e+00	4.14054310715662344e-01	1.38018103571887463e+00	3	3	7	-1.04166666666666741e-01	-3.54166666666666741e-01	-1.87500000000000000e-01	45	39	43
1.30338061682443884e+00	363	source_QQ	1.69236300216673435e-01	4.61635829295007072e-01	1.53878609765002361e+00	3	4	10	2.08333333333333322e-02	1.45833333333333343e-01	-4.37500000000000000e-01	0	3	37
1.30338061682443884e+00	363	source_DeltaDelta	9.80607737316294414e-02	4.57859603663248071e-01	1.52619867887749372e+00	3	4	12	3.95833333333333315e-01	-2.08333333333332593e-02	2.29166666666666657e-01	9	47	5
1.30338061682443884e+00	363	source_damping	0.00000000000000000e+00	1.03201360617645594e+01	3.44004535392151993e+01	2	0	0	-5.95833333333333304e+00	-5.95833333333333304e+00	-5.95833333333333304e+00	0	0	0
1.30338061682443884e+00	363	source_frame_correction	2.64493321116204549e-01	4.05581715290245559e-01	1.35193905096748535e+00	3	3	7	-6.25000000000000000e-02	-3.54166666666666741e-01	-1.87500000000000000e-01	46	39	43
1.30338061682443884e+00	363	shift_lapse_ratio	1.52872142001863714e-04	5.53947325012847047e-01	1.84649108337615697e+00	3	3	9	-5.20833333333333259e-01	2.08333333333333322e-02	-1.87500000000000000e-01	35	0	43
1.35002727452632509e+00	376	reference_Ricci	7.68900721284869748e-01	4.14054310715662344e-01	1.38018103571887463e+00	3	3	7	-1.87500000000000000e-01	-3.54166666666666741e-01	-1.04166666666666741e-01	43	39	45
1.35002727452632509e+00	376	reference_Riemann	9.95961223476983015e-01	4.05581715290245559e-01	1.35193905096748535e+00	3	3	7	-1.87500000000000000e-01	-6.25000000000000000e-02	-3.54166666666666741e-01	43	46	39
1.35002727452632509e+00	376	spin_connection	1.45149799156521442e+00	2.52590742770461396e-01	8.41969142568204654e-01	3	4	11	-1.04166666666666741e-01	-2.29166666666666741e-01	2.08333333333333322e-02	45	42	0
1.35002727452632509e+00	376	spin_derivative	1.00483122303011330e+00	4.09839907768875134e-01	1.36613302589625052e+00	3	4	10	1.45833333333333343e-01	1.45833333333333343e-01	-3.54166666666666741e-01	3	3	39
1.35002727452632509e+00	376	Psi	2.02132041629253534e+00	5.21666001064537976e-01	1.73888667021512666e+00	3	3	7	-2.08333333333332593e-02	-2.08333333333332593e-02	-5.20833333333333259e-01	47	47	35
1.35002727452632509e+00	376	Q	3.58911785521668802e-01	4.57859603663248071e-01	1.52619867887749372e+00	3	3	7	-3.95833333333333259e-01	-2.08333333333332593e-02	-2.29166666666666741e-01	38	47	42
1.35002727452632509e+00	376	Delta	2.92055785674652846e-01	4.57859603663248071e-01	1.52619867887749372e+00	3	3	7	-3.95833333333333259e-01	-2.08333333333332593e-02	-2.29166666666666741e-01	38	47	42
1.35002727452632509e+00	376	Pi	3.52941821574488224e-01	4.80071609241788044e-01	1.60023869747262681e+00	3	3	9	-4.79166666666666741e-01	2.08333333333333322e-02	-2.08333333333332593e-02	36	0	47
1.35002727452632509e+00	376	Phi	6.27823061501132373e-02	6.85603444662680528e-01	2.28534481554226865e+00	3	5	13	-3.95833333333333259e-01	3.95833333333333315e-01	3.95833333333333315e-01	38	9	9
1.35002727452632509e+00	376	GH_constraint	5.97587053088632133e-04	5.95862470150061974e+00	1.98620823383354015e+01	2	6	18	5.95833333333333393e+00	4.16666666666665186e-02	-4.16666666666667407e-02	47	24	23
1.35002727452632509e+00	376	reduction_constraint	3.43672635743524988e-04	5.95862470150061796e+00	1.98620823383353944e+01	2	1	3	-4.16666666666667407e-02	4.16666666666665186e-02	-5.95833333333333304e+00	23	24	0
1.35002727452632509e+00	376	curl_constraint	4.75223494978163966e-04	6.02007636533328672e-01	2.00669212177776224e+00	3	4	10	1.04166666666666671e-01	1.87500000000000000e-01	-5.62500000000000000e-01	2	4	34
1.35002727452632509e+00	376	source_curvature	1.56763256170063325e+00	4.14054310715662344e-01	1.38018103571887463e+00	3	3	7	-1.87500000000000000e-01	-3.54166666666666741e-01	-1.04166666666666741e-01	43	39	45
1.35002727452632509e+00	376	source_QQ	1.84998483783577888e-01	4.61635829295007016e-01	1.53878609765002339e+00	3	3	9	-1.45833333333333259e-01	2.08333333333333322e-02	-4.37500000000000000e-01	44	0	37
1.35002727452632509e+00	376	source_DeltaDelta	1.07044904974530536e-01	4.57859603663248071e-01	1.52619867887749372e+00	3	4	12	3.95833333333333315e-01	-2.08333333333332593e-02	2.29166666666666657e-01	9	47	5
1.35002727452632509e+00	376	source_damping	0.00000000000000000e+00	1.03201360617645594e+01	3.44004535392151993e+01	2	0	0	-5.95833333333333304e+00	-5.95833333333333304e+00	-5.95833333333333304e+00	0	0	0
1.35002727452632509e+00	376	source_frame_correction	2.76741688349898152e-01	4.09839907768875022e-01	1.36613302589625007e+00	3	4	11	-3.54166666666666741e-01	-1.45833333333333259e-01	1.45833333333333343e-01	39	44	3
1.35002727452632509e+00	376	shift_lapse_ratio	1.87865672156553945e-04	5.53947325012847047e-01	1.84649108337615697e+00	3	3	7	-1.87500000000000000e-01	-5.20833333333333259e-01	-2.08333333333332593e-02	43	35	47
1.40025793329110870e+00	390	reference_Ricci	7.86024679435857188e-01	4.14054310715662344e-01	1.38018103571887463e+00	3	3	7	-2.29166666666666741e-01	-3.12500000000000000e-01	-1.45833333333333259e-01	42	40	44
1.40025793329110870e+00	390	reference_Riemann	1.01609579562554453e+00	4.09839907768874911e-01	1.36613302589624985e+00	3	3	7	-1.45833333333333259e-01	-2.70833333333333259e-01	-2.70833333333333259e-01	44	41	41
1.40025793329110870e+00	390	spin_connection	1.45149799156521442e+00	2.52590742770461396e-01	8.41969142568204654e-01	3	4	11	-1.04166666666666741e-01	-2.29166666666666741e-01	2.08333333333333322e-02	45	42	0
1.40025793329110870e+00	390	spin_derivative	1.01039075419093827e+00	4.09839907768874911e-01	1.36613302589624985e+00	3	3	7	-1.04166666666666741e-01	-3.95833333333333259e-01	-2.08333333333332593e-02	45	38	47
1.40025793329110870e+00	390	Psi	2.02327180419284103e+00	5.21666001064537976e-01	1.73888667021512666e+00	3	3	7	-2.08333333333332593e-02	-2.08333333333332593e-02	-5.20833333333333259e-01	47	47	35
1.40025793329110870e+00	390	Q	3.77031653031043468e-01	4.57859603663248071e-01	1.52619867887749372e+00	3	3	7	-3.95833333333333259e-01	-2.08333333333332593e-02	-2.29166666666666741e-01	38	47	42
1.40025793329110870e+00	390	Delta	3.06399480984776651e-01	4.54051973285486854e-01	1.51350657761828966e+00	3	4	12	1.04166666666666671e-01	-4.37500000000000000e-01	6.25000000000000000e-02	2	37	1
1.40025793329110870e+00	390	Pi	3.70213836139719032e-01	4.38490941246858112e-01	1.46163647082286041e+00	3	3	7	-2.08333333333332593e-02	-2.08333333333332593e-02	-4.37500000000000000e-01	47	47	37
1.40025793329110870e+00	390	Phi	6.76491605273851770e-02	6.85603444662680528e-01	2.28534481554226865e+00	3	5	13	-3.95833333333333259e-01	3.95833333333333315e-01	3.95833333333333315e-01	38	9	9
1.40025793329110870e+00	390	GH_constraint	6.10950862024861618e-04	5.95862470150061974e+00	1.98620823383354015e+01	2	6	18	5.95833333333333393e+00	4.16666666666665186e-02	4.16666666666665186e-02	47	24	24
1.40025793329110870e+00	390	reduction_constraint	3.84237358431711883e-04	5.95862470150061885e+00	1.98620823383353979e+01	2	10	28	-4.16666666666667407e-02	4.16666666666665186e-02	5.95833333333333393e+00	23	24	47
1.40025793329110870e+00	390	curl_constraint	5.28888857353797368e-04	6.02007636533328672e-01	2.00669212177776224e+00	3	4	10	1.04166666666666671e-01	1.87500000000000000e-01	-5.62500000000000000e-01	2	4	34
1.40025793329110870e+00	390	source_curvature	1.60465908171052329e+00	4.18226247914265215e-01	1.39408749304755086e+00	3	3	7	-2.70833333333333259e-01	-6.25000000000000000e-02	-3.12500000000000000e-01	41	46	40
1.40025793329110870e+00	390	source_QQ	2.03163929118319070e-01	4.57859603663248071e-01	1.52619867887749372e+00	3	3	7	-2.08333333333332593e-02	-3.95833333333333259e-01	-2.29166666666666741e-01	47	38	42
1.40025793329110870e+00	390	source_DeltaDelta	1.17355310106918062e-01	4.57859603663248071e-01	1.52619867887749372e+00	3	3	9	-2.29166666666666741e-01	2.08333333333333322e-02	-3.95833333333333259e-01	42	0	38
1.40025793329110870e+00	390	source_damping	0.00000000000000000e+00	1.03201360617645594e+01	3.44004535392151993e+01	2	0	0	-5.95833333333333304e+00	-5.95833333333333304e+00	-5.95833333333333304e+00	0	0	0
1.40025793329110870e+00	390	source_frame_correction	2.90368175760453817e-01	4.14054310715662288e-01	1.38018103571887440e+00	3	4	11	-3.12500000000000000e-01	-2.08333333333332593e-02	2.70833333333333315e-01	40	47	6
1.40025793329110870e+00	390	shift_lapse_ratio	2.32704436775715232e-04	5.53947325012847047e-01	1.84649108337615697e+00	3	3	9	-5.20833333333333259e-01	1.87500000000000000e-01	-2.08333333333332593e-02	35	4	47
1.45048399492911151e+00	404	reference_Ricci	8.03628700992373268e-01	4.18226247914265215e-01	1.39408749304755086e+00	3	3	7	-6.25000000000000000e-02	-2.70833333333333259e-01	-3.12500000000000000e-01	46	41	40
1.45048399492911151e+00	404	reference_Riemann	1.03704814069575835e+00	4.09839907768875022e-01	1.36613302589625007e+00	3	3	7	-3.12500000000000000e-01	-1.87500000000000000e-01	-1.87500000000000000e-01	40	43	43
1.45048399492911151e+00	404	spin_connection	1.45149799156521442e+00	2.52590742770461396e-01	8.41969142568204654e-01	3	4	11	-1.04166666666666741e-01	-2.29166666666666741e-01	2.08333333333333322e-02	45	42	0
1.45048399492911151e+00	404	spin_derivative	1.01647253058827247e+00	4.14054310715662344e-01	1.38018103571887463e+00	3	3	7	-3.54166666666666741e-01	-1.87500000000000000e-01	-1.04166666666666741e-01	39	43	45
1.45048399492911151e+00	404	Psi	2.02533730304736803e+00	5.21666001064537976e-01	1.73888667021512666e+00	3	3	7	-2.08333333333332593e-02	-2.08333333333332593e-02	-5.20833333333333259e-01	47	47	35
1.45048399492911151e+00	404	Q	3.95675077060603342e-01	4.54051973285486854e-01	1.51350657761828966e+00	3	4	11	-6.25000000000000000e-02	-4.37500000000000000e-01	1.04166666666666671e-01	46	37	2
1.45048399492911151e+00	404	Delta	3.21136882916985000e-01	4.54051973285486854e-01	1.51350657761828966e+00	3	4	12	6.25000000000000000e-02	-1.04166666666666741e-01	4.37500000000000000e-01	1	45	10
1.45048399492911151e+00	404	Pi	3.88342183123812856e-01	4.38490941246858112e-01	1.46163647082286041e+00	3	3	7	-2.08333333333332593e-02	-2.08333333333332593e-02	-4.37500000000000000e-01	47	47	37
1.45048399492911151e+00	404	Phi	7.27105925184725749e-02	6.85603444662680528e-01	2.28534481554226865e+00	3	5	13	-3.95833333333333259e-01	3.95833333333333315e-01	3.95833333333333315e-01	38	9	9
1.45048399492911151e+00	404	GH_constraint	6.23452110301621603e-04	5.95862470150061885e+00	1.98620823383353979e+01	2	10	28	4.16666666666665186e-02	4.16666666666665186e-02	5.95833333333333393e+00	24	24	47
1.45048399492911151e+00	404	reduction_constraint	4.27880385617171173e-04	5.95862470150061885e+00	1.98620823383353979e+01	2	2	6	-5.95833333333333304e+00	-4.16666666666667407e-02	-4.16666666666667407e-02	0	23	23
1.45048399492911151e+00	404	curl_constraint	5.85174943631160994e-04	6.02007636533328672e-01	2.00669212177776224e+00	3	4	10	1.04166666666666671e-01	1.87500000000000000e-01	-5.62500000000000000e-01	2	4	34
1.45048399492911151e+00	404	source_curvature	1.64262373116183991e+00	4.18226247914265215e-01	1.39408749304755086e+00	3	3	7	-6.25000000000000000e-02	-2.70833333333333259e-01	-3.12500000000000000e-01	46	41	40
1.45048399492911151e+00	404	source_QQ	2.22601018658252797e-01	4.57859603663248071e-01	1.52619867887749372e+00	3	3	7	-3.95833333333333259e-01	-2.08333333333332593e-02	-2.29166666666666741e-01	38	47	42
1.45048399492911151e+00	404	source_DeltaDelta	1.28366799161498402e-01	4.54051973285486854e-01	1.51350657761828966e+00	3	4	11	-6.25000000000000000e-02	-4.37500000000000000e-01	1.04166666666666671e-01	46	37	2
1.45048399492911151e+00	404	source_damping	0.00000000000000000e+00	1.03201360617645594e+01	3.44004535392151993e+01	2	0	0	-5.95833333333333304e+00	-5.95833333333333304e+00	-5.95833333333333304e+00	0	0	0
1.45048399492911151e+00	404	source_frame_correction	3.04492293540444270e-01	4.18226247914265215e-01	1.39408749304755086e+00	3	4	10	2.70833333333333315e-01	3.12500000000000000e-01	-6.25000000000000000e-02	6	7	46
1.45048399492911151e+00	404	shift_lapse_ratio	2.86045530542474878e-04	5.53947325012847047e-01	1.84649108337615697e+00	3	3	7	-1.87500000000000000e-01	-5.20833333333333259e-01	-2.08333333333332593e-02	43	35	47
1.50070521020547143e+00	418	reference_Ricci	8.21702064784128661e-01	4.18226247914265215e-01	1.39408749304755086e+00	3	3	7	-3.12500000000000000e-01	-6.25000000000000000e-02	-2.70833333333333259e-01	40	46	41
1.50070521020547143e+00	418	reference_Riemann	1.05864150974455318e+00	4.09839907768875022e-01	1.36613302589625007e+00	3	4	11	-3.54166666666666741e-01	-1.45833333333333259e-01	1.45833333333333343e-01	39	44	3
1.50070521020547143e+00	418	spin_connection	1.45149799156521442e+00	2.52590742770461396e-01	8.41969142568204654e-01	3	4	11	-1.04166666666666741e-01	-2.29166666666666741e-01	2.08333333333333322e-02	45	42	0
1.50070521020547143e+00	418	spin_derivative	1.02307936697866264e+00	4.14054310715662344e-01	1.38018103571887463e+00	3	3	9	-1.87500000000000000e-01	1.04166666666666671e-01	-3.54166666666666741e-01	43	2	39
1.50070521020547143e+00	418	Psi	2.02752090154806730e+00	5.21666001064537976e-01	1.73888667021512666e+00	3	3	7	-2.08333333333332593e-02	-2.08333333333332593e-02	-5.20833333333333259e-01	47	47	35
1.50070521020547143e+00	418	Q	4.14853554172542938e-01	4.54051973285486854e-01	1.51350657761828966e+00	3	3	7	-6.25000000000000000e-02	-1.04166666666666741e-01	-4.37500000000000000e-01	46	45	37
1.50070521020547143e+00	418	Delta	3.36255884830538199e-01	4.54051973285486854e-01	1.51350657761828966e+00	3	3	9	-6.25000000000000000e-02	1.04166666666666671e-01	-4.37500000000000000e-01	46	2	37
1.50070521020547143e+00	418	Pi	4.06943267900249761e-01	4.38490941246858112e-01	1.46163647082286041e+00	3	3	7	-2.08333333333332593e-02	-2.08333333333332593e-02	-4.37500000000000000e-01	47	47	37
1.50070521020547143e+00	418	Phi	7.79686207553641902e-02	6.85603444662680528e-01	2.28534481554226865e+00	3	5	13	-3.95833333333333259e-01	3.95833333333333315e-01	3.95833333333333315e-01	38	9	9
1.50070521020547143e+00	418	GH_constraint	6.35029507857048470e-04	5.95862470150061885e+00	1.98620823383353979e+01	2	10	28	4.16666666666665186e-02	4.16666666666665186e-02	5.95833333333333393e+00	24	24	47
1.50070521020547143e+00	418	reduction_constraint	4.74712681273278586e-04	5.95862470150061885e+00	1.98620823383353979e+01	2	10	28	-4.16666666666667407e-02	4.16666666666665186e-02	5.95833333333333393e+00	23	24	47
1.50070521020547143e+00	418	curl_constraint	6.43932143384321398e-04	6.02007636533328672e-01	2.00669212177776224e+00	3	4	10	1.04166666666666671e-01	1.87500000000000000e-01	-5.62500000000000000e-01	2	4	34
1.50070521020547143e+00	418	source_curvature	1.68146097177575249e+00	4.18226247914265215e-01	1.39408749304755086e+00	3	5	14	2.70833333333333315e-01	3.12500000000000000e-01	6.25000000000000000e-02	6	7	1
1.50070521020547143e+00	418	source_QQ	2.43366892681182390e-01	4.57859603663248071e-01	1.52619867887749372e+00	3	3	7	-2.08333333333332593e-02	-3.95833333333333259e-01	-2.29166666666666741e-01	47	38	42
1.50070521020547143e+00	418	source_DeltaDelta	1.40122656906507048e-01	4.54051973285486854e-01	1.51350657761828966e+00	3	4	11	-6.25000000000000000e-02	-4.37500000000000000e-01	1.04166666666666671e-01	46	37	2
1.50070521020547143e+00	418	source_damping	0.00000000000000000e+00	1.03201360617645594e+01	3.44004535392151993e+01	2	0	0	-5.95833333333333304e+00	-5.95833333333333304e+00	-5.95833333333333304e+00	0	0	0
1.50070521020547143e+00	418	source_frame_correction	3.19166472034058457e-01	4.22356977764860364e-01	1.40785659254953455e+00	3	3	7	-2.08333333333332593e-02	-3.54166666666666741e-01	-2.29166666666666741e-01	47	39	42
1.50070521020547143e+00	418	shift_lapse_ratio	3.49114909012974300e-04	5.53947325012847047e-01	1.84649108337615697e+00	3	3	7	-1.87500000000000000e-01	-5.20833333333333259e-01	-2.08333333333332593e-02	43	35	47
1.55092132447401054e+00	432	reference_Ricci	8.40130470643000282e-01	4.18226247914265215e-01	1.39408749304755086e+00	3	3	7	-2.70833333333333259e-01	-6.25000000000000000e-02	-3.12500000000000000e-01	41	46	40
1.55092132447401054e+00	432	reference_Riemann	1.08085518673211878e+00	4.09839907768875022e-01	1.36613302589625007e+00	3	3	7	-1.87500000000000000e-01	-3.12500000000000000e-01	-1.87500000000000000e-01	43	40	43
1.55092132447401054e+00	432	spin_connection	1.45149799156521442e+00	2.52590742770461396e-01	8.41969142568204654e-01	3	4	11	-1.04166666666666741e-01	-2.29166666666666741e-01	2.08333333333333322e-02	45	42	0
1.55092132447401054e+00	432	spin_derivative	1.03017133444629239e+00	4.14054310715662344e-01	1.38018103571887463e+00	3	3	7	-1.04166666666666741e-01	-3.54166666666666741e-01	-1.87500000000000000e-01	45	39	43
1.55092132447401054e+00	432	Psi	2.02982671470731457e+00	5.21666001064537976e-01	1.73888667021512666e+00	3	3	7	-2.08333333333332593e-02	-2.08333333333332593e-02	-5.20833333333333259e-01	47	47	35
1.55092132447401054e+00	432	Q	4.34560637950115236e-01	4.54051973285486854e-01	1.51350657761828966e+00	3	4	10	4.37500000000000000e-01	1.04166666666666671e-01	-6.25000000000000000e-02	10	2	46
1.55092132447401054e+00	432	Delta	3.51769036325581930e-01	4.54051973285486854e-01	1.51350657761828966e+00	3	4	12	1.04166666666666671e-01	-4.37500000000000000e-01	6.25000000000000000e-02	2	37	1
1.55092132447401054e+00	432	Pi	4.26029685524102475e-01	4.38490941246858112e-01	1.46163647082286041e+00	3	3	7	-2.08333333333332593e-02	-2.08333333333332593e-02	-4.37500000000000000e-01	47	47	37
1.55092132447401054e+00	432	Phi	8.34253759821346197e-02	6.85603444662680417e-01	2.28534481554226820e+00	3	3	8	3.95833333333333315e-01	-3.95833333333333259e-01	-3.95833333333333259e-01	9	38	38
1.55092132447401054e+00	432	GH_constraint	6.45657051892781415e-04	5.95862470150061974e+00	1.98620823383354015e+01	2	6	18	5.95833333333333393e+00	-4.16666666666667407e-02	4.16666666666665186e-02	47	23	24
1.55092132447401054e+00	432	reduction_constraint	5.24844754734147471e-04	5.95862470150061974e+00	1.98620823383354015e+01	2	8	22	-4.16666666666667407e-02	5.95833333333333393e+00	4.16666666666665186e-02	23	47	24
1.55092132447401054e+00	432	curl_constraint	7.05005889447053204e-04	6.02007636533328672e-01	2.00669212177776224e+00	3	4	10	1.04166666666666671e-01	1.87500000000000000e-01	-5.62500000000000000e-01	2	4	34
1.55092132447401054e+00	432	source_curvature	1.72113739095354767e+00	4.18226247914265215e-01	1.39408749304755086e+00	3	3	8	6.25000000000000000e-02	-3.12500000000000000e-01	-2.70833333333333259e-01	1	40	41
1.55092132447401054e+00	432	source_QQ	2.65528401377178480e-01	4.54051973285486854e-01	1.51350657761828966e+00	3	4	12	1.04166666666666671e-01	-4.37500000000000000e-01	6.25000000000000000e-02	2	37	1
1.55092132447401054e+00	432	source_DeltaDelta	1.52638804477971957e-01	4.54051973285486854e-01	1.51350657761828966e+00	3	5	13	-4.37500000000000000e-01	1.04166666666666671e-01	6.25000000000000000e-02	37	2	1
1.55092132447401054e+00	432	source_damping	0.00000000000000000e+00	1.03201360617645594e+01	3.44004535392151993e+01	2	0	0	-5.95833333333333304e+00	-5.95833333333333304e+00	-5.95833333333333304e+00	0	0	0
1.55092132447401054e+00	432	source_frame_correction	3.34441522887408527e-01	4.26447697717890040e-01	1.42149232572630013e+00	3	4	11	-1.04166666666666741e-01	-3.12500000000000000e-01	2.70833333333333315e-01	45	40	6
1.55092132447401054e+00	432	shift_lapse_ratio	4.23263883270015291e-04	5.53947325012847047e-01	1.84649108337615697e+00	3	3	7	-1.87500000000000000e-01	-5.20833333333333259e-01	-2.08333333333332593e-02	43	35	47
1.60113207772238941e+00	446	reference_Ricci	8.58894387601142451e-01	4.18226247914265215e-01	1.39408749304755086e+00	3	3	7	-6.25000000000000000e-02	-2.70833333333333259e-01	-3.12500000000000000e-01	46	41	40
1.60113207772238941e+00	446	reference_Riemann	1.10366719225650489e+00	4.09839907768874911e-01	1.36613302589624985e+00	3	3	7	-1.45833333333333259e-01	-2.70833333333333259e-01	-2.70833333333333259e-01	44	41	41
1.60113207772238941e+00	446	spin_connection	1.45149799156521442e+00	2.52590742770461396e-01	8.41969142568204654e-01	3	4	11	-1.04166666666666741e-01	-2.29166666666666741e-01	2.08333333333333322e-02	45	42	0
1.60113207772238941e+00	446	spin_derivative	1.03775864106489979e+00	4.14054310715662288e-01	1.38018103571887440e+00	3	4	10	2.29166666666666657e-01	1.45833333333333343e-01	-3.12500000000000000e-01	5	3	40
1.60113207772238941e+00	446	Psi	2.03225898959501361e+00	5.21666001064537976e-01	1.73888667021512666e+00	3	3	7	-2.08333333333332593e-02	-2.08333333333332593e-02	-5.20833333333333259e-01	47	47	35
1.60113207772238941e+00	446	Q	4.54812315327769445e-01	4.54051973285486854e-01	1.51350657761828966e+00	3	5	13	-4.37500000000000000e-01	1.04166666666666671e-01	6.25000000000000000e-02	37	2	1
1.60113207772238941e+00	446	Delta	3.67689043286447137e-01	4.54051973285486854e-01	1.51350657761828966e+00	3	4	12	1.04166666666666671e-01	-4.37500000000000000e-01	6.25000000000000000e-02	2	37	1
1.60113207772238941e+00	446	Pi	4.45613987138080425e-01	4.38490941246858112e-01	1.46163647082286041e+00	3	3	7	-2.08333333333332593e-02	-2.08333333333332593e-02	-4.37500000000000000e-01	47	47	37
1.60113207772238941e+00	446	Phi	8.90831063228074149e-02	6.85603444662680417e-01	2.28534481554226820e+00	3	3	9	-3.95833333333333259e-01	3.95833333333333315e-01	-3.95833333333333259e-01	38	9	38
1.60113207772238941e+00	446	GH_constraint	6.55347770326681375e-04	5.95862470150061974e+00	1.98620823383354015e+01	2	6	18	5.95833333333333393e+00	-4.16666666666667407e-02	4.16666666666665186e-02	47	23	24
1.60113207772238941e+00	446	reduction_constraint	5.78386512912995132e-04	5.95862470150061885e+00	1.98620823383353979e+01	2	10	28	-4.16666666666667407e-02	4.16666666666665186e-02	5.95833333333333393e+00	23	24	47
1.60113207772238941e+00	446	curl_constraint	7.68241436896843809e-04	6.02007636533328672e-01	2.00669212177776224e+00	3	4	10	1.04166666666666671e-01	1.87500000000000000e-01	-5.62500000000000000e-01	2	4	34
1.60113207772238941e+00	446	source_curvature	1.76161937537902502e+00	4.18226247914265215e-01	1.39408749304755086e+00	3	3	8	6.25000000000000000e-02	-2.70833333333333259e-01	-3.12500000000000000e-01	1	41	40
1.60113207772238941e+00	446	source_QQ	2.89216614907513048e-01	4.54051973285486854e-01	1.51350657761828966e+00	3	3	9	-1.04166666666666741e-01	6.25000000000000000e-02	-4.37500000000000000e-01	45	1	37
1.60113207772238941e+00	446	source_DeltaDelta	1.65949521059286426e-01	4.54051973285486854e-01	1.51350657761828966e+00	3	3	9	-1.04166666666666741e-01	6.25000000000000000e-02	-4.37500000000000000e-01	45	1	37
1.60113207772238941e+00	446	source_damping	0.00000000000000000e+00	1.03201360617645594e+01	3.44004535392151993e+01	2	0	0	-5.95833333333333304e+00	-5.95833333333333304e+00	-5.95833333333333304e+00	0	0	0
1.60113207772238941e+00	446	source_frame_correction	3.50368338542873747e-01	4.30499548328579729e-01	1.43499849442859917e+00	3	4	11	-1.87500000000000000e-01	-2.29166666666666741e-01	3.12500000000000000e-01	43	42	7
1.60113207772238941e+00	446	shift_lapse_ratio	5.09977207313991278e-04	5.53947325012847047e-01	1.84649108337615697e+00	3	3	7	-1.87500000000000000e-01	-5.20833333333333259e-01	-2.08333333333332593e-02	43	35	47
1.65133720461796796e+00	460	reference_Ricci	8.77974008104568049e-01	4.18226247914265215e-01	1.39408749304755086e+00	3	3	7	-6.25000000000000000e-02	-2.70833333333333259e-01	-3.12500000000000000e-01	46	41	40
1.65133720461796796e+00	460	reference_Riemann	1.12705438026930560e+00	4.09839907768875078e-01	1.36613302589625030e+00	3	5	13	-3.54166666666666741e-01	1.45833333333333343e-01	1.45833333333333343e-01	39	3	3
1.65133720461796796e+00	460	spin_connection	1.45149799156521442e+00	2.52590742770461396e-01	8.41969142568204654e-01	3	4	11	-1.04166666666666741e-01	-2.29166666666666741e-01	2.08333333333333322e-02	45	42	0
1.65133720461796796e+00	460	spin_derivative	1.04586142665951476e+00	4.18226247914265215e-01	1.39408749304755086e+00	3	3	7	-2.70833333333333259e-01	-6.25000000000000000e-02	-3.12500000000000000e-01	41	46	40
1.65133720461796796e+00	460	Psi	2.03482211149204995e+00	5.21666001064537976e-01	1.73888667021512666e+00	3	3	7	-2.08333333333332593e-02	-2.08333333333332593e-02	-5.20833333333333259e-01	47	47	35
1.65133720461796796e+00	460	Q	4.75624811798831038e-01	4.54051973285486854e-01	1.51350657761828966e+00	3	3	8	4.37500000000000000e-01	-1.04166666666666741e-01	-6.25000000000000000e-02	10	45	46
1.65133720461796796e+00	460	Delta	3.84065830106213035e-01	4.50212141353631468e-01	1.50070713784543819e+00	3	5	13	-1.04166666666666741e-01	2.08333333333333322e-02	4.37500000000000000e-01	45	0	10
1.65133720461796796e+00	460	Pi	4.65708712182370532e-01	4.38490941246858112e-01	1.46163647082286041e+00	3	3	7	-2.08333333333332593e-02	-2.08333333333332593e-02	-4.37500000000000000e-01	47	47	37
1.65133720461796796e+00	460	Phi	9.49441827774318986e-02	6.85603444662680417e-01	2.28534481554226820e+00	3	3	9	-3.95833333333333259e-01	3.95833333333333315e-01	-3.95833333333333259e-01	38	9	38
1.65133720461796796e+00	460	GH_constraint	6.64144733803402241e-04	5.95862470150061974e+00	1.98620823383354015e+01	2	6	18	5.95833333333333393e+00	-4.16666666666667407e-02	4.16666666666665186e-02	47	23	24
1.65133720461796796e+00	460	reduction_constraint	6.35447120546131375e-04	5.95862470150061796e+00	1.98620823383353944e+01	2	1	3	-4.16666666666667407e-02	4.16666666666665186e-02	-5.95833333333333304e+00	23	24	0
1.65133720461796796e+00	460	curl_constraint	8.33488727950896786e-04	6.02007636533328672e-01	2.00669212177776224e+00	3	4	10	1.04166666666666671e-01	1.87500000000000000e-01	-5.62500000000000000e-01	2	4	34
1.65133720461796796e+00	460	source_curvature	1.80290867429350476e+00	4.22356977764860309e-01	1.40785659254953432e+00	3	3	7	-2.29166666666666741e-01	-3.54166666666666741e-01	-2.08333333333332593e-02	42	39	47
1.65133720461796796e+00	460	source_QQ	3.14449796616838861e-01	4.54051973285486854e-01	1.51350657761828966e+00	3	3	8	6.25000000000000000e-02	-1.04166666666666741e-01	-4.37500000000000000e-01	1	45	37
1.65133720461796796e+00	460	source_DeltaDelta	1.80090038166225513e-01	4.54051973285486854e-01	1.51350657761828966e+00	3	5	13	-4.37500000000000000e-01	6.25000000000000000e-02	1.04166666666666671e-01	37	1	2
1.65133720461796796e+00	460	source_damping	0.00000000000000000e+00	1.03201360617645594e+01	3.44004535392151993e+01	2	0	0	-5.95833333333333304e+00	-5.95833333333333304e+00	-5.95833333333333304e+00	0	0	0
1.65133720461796796e+00	460	source_frame_correction	3.66998356232037914e-01	4.34513616971129391e-01	1.44837872323709793e+00	3	5	14	2.29166666666666657e-01	1.04166666666666671e-01	3.54166666666666685e-01	5	2	8
1.65133720461796796e+00	460	shift_lapse_ratio	6.10881458366959156e-04	5.53947325012847047e-01	1.84649108337615697e+00	3	4	11	-2.08333333333332593e-02	-5.20833333333333259e-01	1.87500000000000000e-01	47	35	4
1.70153643455444503e+00	474	reference_Ricci	8.97349262187251417e-01	4.18226247914265215e-01	1.39408749304755086e+00	3	3	7	-3.12500000000000000e-01	-6.25000000000000000e-02	-2.70833333333333259e-01	40	46	41
1.70153643455444503e+00	474	reference_Riemann	1.15110672762674326e+00	4.14054310715662344e-01	1.38018103571887463e+00	3	3	7	-2.29166666666666741e-01	-3.12500000000000000e-01	-1.45833333333333259e-01	42	40	44
1.70153643455444503e+00	474	spin_connection	1.45149799156521442e+00	2.52590742770461396e-01	8.41969142568204654e-01	3	4	11	-1.04166666666666741e-01	-2.29166666666666741e-01	2.08333333333333322e-02	45	42	0
1.70153643455444503e+00	474	spin_derivative	1.05455025682666981e+00	4.18226247914265215e-01	1.39408749304755086e+00	3	3	7	-2.70833333333333259e-01	-6.25000000000000000e-02	-3.12500000000000000e-01	41	46	40
1.70153643455444503e+00	474	Psi	2.03752061047493838e+00	5.21666001064537976e-01	1.73888667021512666e+00	3	3	7	-2.08333333333332593e-02	-2.08333333333332593e-02	-5.20833333333333259e-01	47	47	35
1.70153643455444503e+00	474	Q	4.97066684597539776e-01	4.50212141353631468e-01	1.50070713784543819e+00	3	5	13	-1.04166666666666741e-01	2.08333333333333322e-02	4.37500000000000000e-01	45	0	10
1.70153643455444503e+00	474	Delta	4.00891207862235699e-01	4.50212141353631468e-01	1.50070713784543819e+00	3	5	13	-1.04166666666666741e-01	2.08333333333333322e-02	4.37500000000000000e-01	45	0	10
1.70153643455444503e+00	474	Pi	4.86326423887541437e-01	4.38490941246858112e-01	1.46163647082286041e+00	3	3	7	-2.08333333333332593e-02	-2.08333333333332593e-02	-4.37500000000000000e-01	47	47	37
1.70153643455444503e+00	474	Phi	1.01011104893156053e-01	6.85603444662680417e-01	2.28534481554226820e+00	3	3	8	3.95833333333333315e-01	-3.95833333333333259e-01	-3.95833333333333259e-01	9	38	38
1.70153643455444503e+00	474	GH_constraint	6.72103736744204447e-04	5.95862470150061885e+00	1.98620823383353979e+01	2	2	6	-5.95833333333333304e+00	-4.16666666666667407e-02	4.16666666666665186e-02	0	23	24
1.70153643455444503e+00	474	reduction_constraint	6.96134900684606487e-04	5.95862470150061885e+00	1.98620823383353979e+01	2	10	28	-4.16666666666667407e-02	4.16666666666665186e-02	5.95833333333333393e+00	23	24	47
1.70153643455444503e+00	474	curl_constraint	9.00607243133761271e-04	6.02007636533328672e-01	2.00669212177776224e+00	3	4	10	1.04166666666666671e-01	1.87500000000000000e-01	-5.62500000000000000e-01	2	4	34
1.70153643455444503e+00	474	source_curvature	1.84521892782075958e+00	4.22356977764860364e-01	1.40785659254953455e+00	3	3	7	-2.08333333333332593e-02	-3.54166666666666741e-01	-2.29166666666666741e-01	47	39	42
1.70153643455444503e+00	474	source_QQ	3.41301516295201002e-01	4.54051973285486854e-01	1.51350657761828966e+00	3	4	12	1.04166666666666671e-01	-4.37500000000000000e-01	6.25000000000000000e-02	2	37	1
1.70153643455444503e+00	474	source_DeltaDelta	1.95096543917985615e-01	4.54051973285486854e-01	1.51350657761828966e+00	3	3	9	-1.04166666666666741e-01	6.25000000000000000e-02	-4.37500000000000000e-01	45	1	37
1.70153643455444503e+00	474	source_damping	0.00000000000000000e+00	1.03201360617645594e+01	3.44004535392151993e+01	2	0	0	-5.95833333333333304e+00	-5.95833333333333304e+00	-5.95833333333333304e+00	0	0	0
1.70153643455444503e+00	474	source_frame_correction	3.84384351187571249e-01	4.38490941246858057e-01	1.46163647082286019e+00	3	3	9	-1.45833333333333259e-01	2.70833333333333315e-01	-3.12500000000000000e-01	44	6	40
1.70153643455444503e+00	474	shift_lapse_ratio	7.27753726038636584e-04	5.53947325012847047e-01	1.84649108337615697e+00	3	3	9	-5.20833333333333259e-01	2.08333333333333322e-02	-1.87500000000000000e-01	35	0	43
1.75172949169933823e+00	488	reference_Ricci	9.16999829508165831e-01	4.18226247914265215e-01	1.39408749304755086e+00	3	3	7	-6.25000000000000000e-02	-2.70833333333333259e-01	-3.12500000000000000e-01	46	41	40
1.75172949169933823e+00	488	reference_Riemann	1.17577923817501384e+00	4.14054310715662233e-01	1.38018103571887418e+00	3	3	7	-2.08333333333332593e-02	-2.70833333333333259e-01	-3.12500000000000000e-01	47	41	40
1.75172949169933823e+00	488	spin_connection	1.45149799156521442e+00	2.52590742770461396e-01	8.41969142568204654e-01	3	4	11	-1.04166666666666741e-01	-2.29166666666666741e-01	2.08333333333333322e-02	45	42	0
1.75172949169933823e+00	488	spin_derivative	1.06375564422071434e+00	4.18226247914265215e-01	1.39408749304755086e+00	3	3	7	-6.25000000000000000e-02	-2.70833333333333259e-01	-3.12500000000000000e-01	46	41	40
1.75172949169933823e+00	488	Psi	2.04035916844726595e+00	5.21666001064537976e-01	1.73888667021512666e+00	3	3	7	-2.08333333333332593e-02	-2.08333333333332593e-02	-5.20833333333333259e-01	47	47	35
1.75172949169933823e+00	488	Q	5.19125532792982014e-01	4.50212141353631468e-01	1.50070713784543819e+00	3	3	8	2.08333333333333322e-02	-1.04166666666666741e-01	-4.37500000000000000e-01	0	45	37
1.75172949169933823e+00	488	Delta	4.18168422127777828e-01	4.50212141353631468e-01	1.50070713784543819e+00	3	3	8	2.08333333333333322e-02	-1.04166666666666741e-01	-4.37500000000000000e-01	0	45	37
1.75172949169933823e+00	488	Pi	5.07479748205489800e-01	4.38490941246858112e-01	1.46163647082286041e+00	3	3	7	-2.08333333333332593e-02	-2.08333333333332593e-02	-4.37500000000000000e-01	47	47	37
1.75172949169933823e+00	488	Phi	1.07286506549390231e-01	6.85603444662680417e-01	2.28534481554226820e+00	3	3	9	-3.95833333333333259e-01	3.95833333333333315e-01	-3.95833333333333259e-01	38	9	38
1.75172949169933823e+00	488	GH_constraint	6.79274100084414933e-04	5.95862470150061974e+00	1.98620823383354015e+01	2	6	18	5.95833333333333393e+00	4.16666666666665186e-02	-4.16666666666667407e-02	47	24	23
1.75172949169933823e+00	488	reduction_constraint	7.60557292145194242e-04	5.95862470150061796e+00	1.98620823383353944e+01	2	1	3	-4.16666666666667407e-02	4.16666666666665186e-02	-5.95833333333333304e+00	23	24	0
1.75172949169933823e+00	488	curl_constraint	9.69470738617344099e-04	6.02007636533328672e-01	2.00669212177776224e+00	3	4	10	1.04166666666666671e-01	1.87500000000000000e-01	-5.62500000000000000e-01	2	4	34
1.75172949169933823e+00	488	source_curvature	1.88823779564947891e+00	4.22356977764860309e-01	1.40785659254953432e+00	3	3	9	-2.08333333333332593e-02	2.29166666666666657e-01	-3.54166666666666741e-01	47	5	39
1.75172949169933823e+00	488	source_QQ	3.69847710410852848e-01	4.54051973285486854e-01	1.51350657761828966e+00	3	4	12	6.25000000000000000e-02	-4.37500000000000000e-01	1.04166666666666671e-01	1	37	2
1.75172949169933823e+00	488	source_DeltaDelta	2.11046273524933187e-01	4.50212141353631468e-01	1.50070713784543819e+00	3	4	11	-1.04166666666666741e-01	-4.37500000000000000e-01	2.08333333333333322e-02	45	37	0
1.75172949169933823e+00	488	source_damping	0.00000000000000000e+00	1.03201360617645594e+01	3.44004535392151993e+01	2	0	0	-5.95833333333333304e+00	-5.95833333333333304e+00	-5.95833333333333304e+00	0	0	0
1.75172949169933823e+00	488	source_frame_correction	4.02565260324925733e-01	4.42432512116568810e-01	1.47477504038856266e+00	3	4	12	3.12500000000000000e-01	-2.08333333333332593e-02	3.12500000000000000e-01	7	47	7
1.75172949169933823e+00	488	shift_lapse_ratio	8.62530628253730313e-04	5.53947325012847047e-01	1.84649108337615697e+00	3	3	9	-5.20833333333333259e-01	1.87500000000000000e-01	-2.08333333333332593e-02	35	4	47
1.80191609504237626e+00	502	reference_Ricci	9.36905149534552617e-01	4.18226247914265215e-01	1.39408749304755086e+00	3	3	7	-6.25000000000000000e-02	-2.70833333333333259e-01	-3.12500000000000000e-01	46	41	40
1.80191609504237626e+00	502	reference_Riemann	1.20095410541313474e+00	4.14054310715662233e-01	1.38018103571887418e+00	3	3	7	-3.12500000000000000e-01	-2.08333333333332593e-02	-2.70833333333333259e-01	40	47	41
1.80191609504237626e+00	502	spin_connection	1.45149799156521442e+00	2.52590742770461396e-01	8.41969142568204654e-01	3	4	11	-1.04166666666666741e-01	-2.29166666666666741e-01	2.08333333333333322e-02	45	42	0
1.80191609504237626e+00	502	spin_derivative	1.07348155390369326e+00	4.18226247914265215e-01	1.39408749304755086e+00	3	3	7	-6.25000000000000000e-02	-2.70833333333333259e-01	-3.12500000000000000e-01	46	41	40
1.80191609504237626e+00	502	Psi	2.04334262663429822e+00	5.21666001064538087e-01	1.73888667021512711e+00	3	3	7	-2.08333333333332593e-02	-5.20833333333333259e-01	-2.08333333333332593e-02	47	35	47
1.80191609504237626e+00	502	Q	5.41803744643551854e-01	4.50212141353631468e-01	1.50070713784543819e+00	3	4	11	-1.04166666666666741e-01	-4.37500000000000000e-01	2.08333333333333322e-02	45	37	0
1.80191609504237626e+00	502	Delta	4.35911334816857066e-01	4.50212141353631468e-01	1.50070713784543819e+00	3	4	11	-1.04166666666666741e-01	-4.37500000000000000e-01	2.08333333333333322e-02	45	37	0
1.80191609504237626e+00	502	Pi	5.29181416345516964e-01	4.38490941246858112e-01	1.46163647082286041e+00	3	3	7	-2.08333333333332593e-02	-2.08333333333332593e-02	-4.37500000000000000e-01	47	47	37
1.80191609504237626e+00	502	Phi	1.13773161790125948e-01	6.85603444662680417e-01	2.28534481554226820e+00	3	3	9	-3.95833333333333259e-01	3.95833333333333315e-01	-3.95833333333333259e-01	38	9	38
1.80191609504237626e+00	502	GH_constraint	6.85683864277873310e-04	5.95862470150061885e+00	1.98620823383353979e+01	2	10	28	4.16666666666665186e-02	-4.16666666666667407e-02	5.95833333333333393e+00	24	23	47
1.80191609504237626e+00	502	reduction_constraint	8.28820861840176234e-04	5.95862470150061885e+00	1.98620823383353979e+01	2	2	6	-5.95833333333333304e+00	-4.16666666666667407e-02	-4.16666666666667407e-02	0	23	23
1.80191609504237626e+00	502	curl_constraint	1.03997177151854588e-03	6.02007636533328672e-01	2.00669212177776224e+00	3	4	10	1.04166666666666671e-01	1.87500000000000000e-01	-5.62500000000000000e-01	2	4	34
1.80191609504237626e+00	502	source_curvature	1.93193158667942200e+00	4.22356977764860309e-01	1.40785659254953432e+00	3	3	8	2.29166666666666657e-01	-2.08333333333332593e-02	-3.54166666666666741e-01	5	47	39
1.80191609504237626e+00	502	source_QQ	4.00166734813554192e-01	4.54051973285486854e-01	1.51350657761828966e+00	3	4	11	-6.25000000000000000e-02	-4.37500000000000000e-01	1.04166666666666671e-01	46	37	2
1.80191609504237626e+00	502	source_DeltaDelta	2.27949907338610119e-01	4.50212141353631468e-01	1.50070713784543819e+00	3	4	11	-1.04166666666666741e-01	-4.37500000000000000e-01	2.08333333333333322e-02	45	37	0
1.80191609504237626e+00	502	source_damping	0.00000000000000000e+00	1.03201360617645594e+01	3.44004535392151993e+01	2	0	0	-5.95833333333333304e+00	-5.95833333333333304e+00	-5.95833333333333304e+00	0	0	0
1.80191609504237626e+00	502	source_frame_correction	4.21588336321251533e-01	4.46339276783928041e-01	1.48779758927976014e+00	3	3	9	-2.70833333333333259e-01	2.29166666666666657e-01	-2.70833333333333259e-01	41	5	41
1.80191609504237626e+00	502	shift_lapse_ratio	1.01731767387204151e-03	5.53947325012847047e-01	1.84649108337615697e+00	3	4	11	-2.08333333333332593e-02	-5.20833333333333259e-01	1.87500000000000000e-01	47	35	4
1.85209595844487529e+00	516	reference_Ricci	9.57104988520737110e-01	4.22356977764860364e-01	1.40785659254953455e+00	3	3	7	-2.08333333333332593e-02	-3.54166666666666741e-01	-2.29166666666666741e-01	47	39	42
1.85209595844487529e+00	516	reference_Riemann	1.22660382190987738e+00	4.14054310715662233e-01	1.38018103571887418e+00	3	3	7	-3.12500000000000000e-01	-2.70833333333333259e-01	-2.08333333333332593e-02	40	41	47
1.85209595844487529e+00	516	spin_connection	1.45149799156521442e+00	2.52590742770461396e-01	8.41969142568204654e-01	3	4	11	-1.04166666666666741e-01	-2.29166666666666741e-01	2.08333333333333322e-02	45	42	0
1.85209595844487529e+00	516	spin_derivative	1.08373051402276399e+00	4.18226247914265215e-01	1.39408749304755086e+00	3	3	7	-6.25000000000000000e-02	-2.70833333333333259e-01	-3.12500000000000000e-01	46	41	40
1.85209595844487529e+00	516	Psi	2.04647599355804255e+00	5.21666001064537976e-01	1.73888667021512666e+00	3	3	7	-2.08333333333332593e-02	-2.08333333333332593e-02	-5.20833333333333259e-01	47	47	35
1.85209595844487529e+00	516	Q	5.65119328250064723e-01	4.50212141353631468e-01	1.50070713784543819e+00	3	4	12	1.04166666666666671e-01	-4.37500000000000000e-01	2.08333333333333322e-02	2	37	0
1.85209595844487529e+00	516	Delta	4.54134126596013210e-01	4.50212141353631468e-01	1.50070713784543819e+00	3	4	12	2.08333333333333322e-02	-1.04166666666666741e-01	4.37500000000000000e-01	0	45	10
1.85209595844487529e+00	516	Pi	5.51444311096304429e-01	4.38490941246858112e-01	1.46163647082286041e+00	3	3	7	-2.08333333333332593e-02	-2.08333333333332593e-02	-4.37500000000000000e-01	47	47	37
1.85209595844487529e+00	516	Phi	1.20473990632486164e-01	6.85603444662680417e-01	2.28534481554226820e+00	3	3	9	-3.95833333333333259e-01	3.95833333333333315e-01	-3.95833333333333259e-01	38	9	38
1.85209595844487529e+00	516	GH_constraint	6.91333538931934157e-04	5.95862470150061974e+00	1.98620823383354015e+01	2	6	18	5.95833333333333393e+00	4.16666666666665186e-02	-4.16666666666667407e-02	47	24	23
1.85209595844487529e+00	516	reduction_constraint	9.01031352240629514e-04	5.95862470150061885e+00	1.98620823383353979e+01	2	2	6	-5.95833333333333304e+00	-4.16666666666667407e-02	-4.16666666666667407e-02	0	23	23
1.85209595844487529e+00	516	curl_constraint	1.14000499536525096e-03	2.96829309349479264e-01	9.89431031164930919e-01	3	4	10	1.04166666666666671e-01	6.25000000000000000e-02	-2.70833333333333259e-01	2	1	41
1.85209595844487529e+00	516	source_curvature	1.97626668849077625e+00	4.22356977764860364e-01	1.40785659254953455e+00	3	3	7	-2.08333333333332593e-02	-3.54166666666666741e-01	-2.29166666666666741e-01	47	39	42
1.85209595844487529e+00	516	source_QQ	4.32339430015393045e-01	4.54051973285486854e-01	1.51350657761828966e+00	3	3	9	-1.04166666666666741e-01	6.25000000000000000e-02	-4.37500000000000000e-01	45	1	37
1.85209595844487529e+00	516	source_DeltaDelta	2.45842157905983016e-01	4.50212141353631468e-01	1.50070713784543819e+00	3	4	12	2.08333333333333322e-02	-1.04166666666666741e-01	4.37500000000000000e-01	0	45	10
1.85209595844487529e+00	516	source_damping	0.00000000000000000e+00	1.03201360617645594e+01	3.44004535392151993e+01	2	0	0	-5.95833333333333304e+00	-5.95833333333333304e+00	-5.95833333333333304e+00	0	0	0
1.85209595844487529e+00	516	source_frame_correction	4.41481630348337095e-01	4.50212141353631468e-01	1.50070713784543819e+00	3	4	11	-3.12500000000000000e-01	-2.29166666666666741e-01	2.29166666666666657e-01	40	42	5
1.85209595844487529e+00	516	shift_lapse_ratio	1.19444664483981289e-03	5.57072581546705803e-01	1.85690860515568601e+00	3	3	8	5.20833333333333370e-01	-1.87500000000000000e-01	-6.25000000000000000e-02	12	43	46
1.90226879069017096e+00	530	reference_Ricci	9.77574168821955247e-01	4.22356977764860309e-01	1.40785659254953432e+00	3	3	7	-2.29166666666666741e-01	-3.54166666666666741e-01	-2.08333333333332593e-02	42	39	47
1.90226879069017096e+00	530	reference_Riemann	1.25270011995940300e+00	4.14054310715662233e-01	1.38018103571887418e+00	3	3	7	-2.08333333333332593e-02	-3.12500000000000000e-01	-2.70833333333333259e-01	47	40	41
1.90226879069017096e+00	530	spin_connection	1.45149799156521442e+00	2.52590742770461396e-01	8.41969142568204654e-01	3	4	11	-1.04166666666666741e-01	-2.29166666666666741e-01	2.08333333333333322e-02	45	42	0
1.90226879069017096e+00	530	spin_derivative	1.09450363709488974e+00	4.18226247914265215e-01	1.39408749304755086e+00	3	3	7	-6.25000000000000000e-02	-2.70833333333333259e-01	-3.12500000000000000e-01	46	41	40
1.90226879069017096e+00	530	Psi	2.04980430279653714e+00	4.94325438237694759e-01	1.64775146079231583e+00	3	3	7	-6.25000000000000000e-02	-1.04166666666666741e-01	-4.79166666666666741e-01	46	45	36
1.90226879069017096e+00	530	Q	5.89090814733619239e-01	4.50212141353631468e-01	1.50070713784543819e+00	3	4	12	2.08333333333333322e-02	-1.04166666666666741e-01	4.37500000000000000e-01	0	45	10
1.90226879069017096e+00	530	Delta	4.72887808278307009e-01	4.46339276783928152e-01	1.48779758927976058e+00	3	3	9	-6.25000000000000000e-02	6.25000000000000000e-02	-4.37500000000000000e-01	46	1	37
1.90226879069017096e+00	530	Pi	5.74281517129735963e-01	4.38490941246858112e-01	1.46163647082286041e+00	3	3	7	-2.08333333333332593e-02	-2.08333333333332593e-02	-4.37500000000000000e-01	47	47	37
1.90226879069017096e+00	530	Phi	1.27392064778937691e-01	6.85603444662680417e-01	2.28534481554226820e+00	3	3	9	-3.95833333333333259e-01	3.95833333333333315e-01	-3.95833333333333259e-01	38	9	38
1.90226879069017096e+00	530	GH_constraint	6.96199420836235428e-04	5.95862470150061974e+00	1.98620823383354015e+01	2	8	22	4.16666666666665186e-02	5.95833333333333393e+00	-4.16666666666667407e-02	24	47	23
1.90226879069017096e+00	530	reduction_constraint	9.77293735325656006e-04	5.95862470150061796e+00	1.98620823383353944e+01	2	1	3	-4.16666666666667407e-02	4.16666666666665186e-02	-5.95833333333333304e+00	23	24	0
1.90226879069017096e+00	530	curl_constraint	1.24797655212155229e-03	2.96829309349479264e-01	9.89431031164930919e-01	3	4	10	1.04166666666666671e-01	6.25000000000000000e-02	-2.70833333333333259e-01	2	1	41
1.90226879069017096e+00	530	source_curvature	2.02120961140178723e+00	4.22356977764860364e-01	1.40785659254953455e+00	3	3	7	-2.08333333333332593e-02	-3.54166666666666741e-01	-2.29166666666666741e-01	47	39	42
1.90226879069017096e+00	530	source_QQ	4.66449200822482091e-01	4.54051973285486854e-01	1.51350657761828966e+00	3	4	11	-1.04166666666666741e-01	-4.37500000000000000e-01	6.25000000000000000e-02	45	37	1
1.90226879069017096e+00	530	source_DeltaDelta	2.64763776535961559e-01	4.50212141353631468e-01	1.50070713784543819e+00	3	4	12	2.08333333333333322e-02	-1.04166666666666741e-01	4.37500000000000000e-01	0	45	10
1.90226879069017096e+00	530	source_damping	0.00000000000000000e+00	1.03201360617645594e+01	3.44004535392151993e+01	2	0	0	-5.95833333333333304e+00	-5.95833333333333304e+00	-5.95833333333333304e+00	0	0	0
1.90226879069017096e+00	530	source_frame_correction	4.62280639651715397e-01	4.54051973285486798e-01	1.51350657761828944e+00	3	4	10	2.70833333333333315e-01	3.12500000000000000e-01	-1.87500000000000000e-01	6	7	43
1.90226879069017096e+00	530	shift_lapse_ratio	1.39636909003909831e-03	5.57072581546705803e-01	1.85690860515568601e+00	3	5	13	-6.25000000000000000e-02	5.20833333333333370e-01	1.87500000000000000e-01	46	12	4
1.95243429553519143e+00	544	reference_Ricci	9.98233913183177002e-01	4.22356977764860309e-01	1.40785659254953432e+00	3	3	7	-2.29166666666666741e-01	-3.54166666666666741e-01	-2.08333333333332593e-02	42	39	47
1.95243429553519143e+00	544	reference_Riemann	1.27921403686700819e+00	4.14054310715662233e-01	1.38018103571887418e+00	3	3	7	-3.12500000000000000e-01	-2.08333333333332593e-02	-2.70833333333333259e-01	40	47	41
1.95243429553519143e+00	544	spin_connection	1.45149799156521442e+00	2.52590742770461396e-01	8.41969142568204654e-01	3	4	11	-1.04166666666666741e-01	-2.29166666666666741e-01	2.08333333333333322e-02	45	42	0
1.95243429553519143e+00	544	spin_derivative	1.10580065172012265e+00	4.18226247914265215e-01	1.39408749304755086e+00	3	3	7	-3.12500000000000000e-01	-2.70833333333333259e-01	-6.25000000000000000e-02	40	41	46
1.95243429553519143e+00	544	Psi	2.05334092608972352e+00	4.94325438237694759e-01	1.64775146079231583e+00	3	3	7	-1.04166666666666741e-01	-6.25000000000000000e-02	-4.79166666666666741e-01	45	46	36
1.95243429553519143e+00	544	Q	6.13780751652165391e-01	4.46339276783928152e-01	1.48779758927976058e+00	3	3	7	-6.25000000000000000e-02	-6.25000000000000000e-02	-4.37500000000000000e-01	46	46	37
1.95243429553519143e+00	544	Delta	4.92176962822394426e-01	4.46339276783928152e-01	1.48779758927976058e+00	3	4	11	-6.25000000000000000e-02	-4.37500000000000000e-01	6.25000000000000000e-02	46	37	1
1.95243429553519143e+00	544	Pi	5.97706375499145071e-01	4.38490941246858112e-01	1.46163647082286041e+00	3	3	7	-2.08333333333332593e-02	-2.08333333333332593e-02	-4.37500000000000000e-01	47	47	37
1.95243429553519143e+00	544	Phi	1.34530613161478962e-01	6.85603444662680417e-01	2.28534481554226820e+00	3	3	9	-3.95833333333333259e-01	3.95833333333333315e-01	-3.95833333333333259e-01	38	9	38
1.95243429553519143e+00	544	GH_constraint	7.00244376205137178e-04	5.95862470150061885e+00	1.98620823383353979e+01	2	10	28	4.16666666666665186e-02	4.16666666666665186e-02	5.95833333333333393e+00	24	24	47
1.95243429553519143e+00	544	reduction_constraint	1.05771224436138566e-03	5.95862470150061796e+00	1.98620823383353944e+01	2	1	3	-4.16666666666667407e-02	4.16666666666665186e-02	-5.95833333333333304e+00	23	24	0
1.95243429553519143e+00	544	curl_constraint	1.36255904571609861e-03	2.96829309349479264e-01	9.89431031164930919e-01	3	4	10	1.04166666666666671e-01	6.25000000000000000e-02	-2.70833333333333259e-01	2	1	41
1.95243429553519143e+00	544	source_curvature	2.06672703319195561e+00	4.22356977764860309e-01	1.40785659254953432e+00	3	3	7	-2.29166666666666741e-01	-3.54166666666666741e-01	-2.08333333333332593e-02	42	39	47
1.95243429553519143e+00	544	source_QQ	5.02654913887187638e-01	4.50212141353631468e-01	1.50070713784543819e+00	3	4	12	2.08333333333333322e-02	-1.04166666666666741e-01	4.37500000000000000e-01	0	45	10
1.95243429553519143e+00	544	source_DeltaDelta	2.84756576982851062e-01	4.50212141353631468e-01	1.50070713784543819e+00	3	4	12	2.08333333333333322e-02	-1.04166666666666741e-01	4.37500000000000000e-01	0	45	10
1.95243429553519143e+00	544	source_damping	0.00000000000000000e+00	1.03201360617645594e+01	3.44004535392151993e+01	2	0	0	-5.95833333333333304e+00	-5.95833333333333304e+00	-5.95833333333333304e+00	0	0	0
1.95243429553519143e+00	544	source_frame_correction	4.84053038131590729e-01	4.54051973285486798e-01	1.51350657761828944e+00	3	4	10	2.70833333333333315e-01	3.12500000000000000e-01	-1.87500000000000000e-01	6	7	43
1.95243429553519143e+00	544	shift_lapse_ratio	1.62575106862965593e-03	5.57072581546705803e-01	1.85690860515568601e+00	3	4	10	5.20833333333333370e-01	6.25000000000000000e-02	-1.87500000000000000e-01	12	1	43
2.00259217176323956e+00	558	reference_Ricci	1.01906269340015987e+00	4.22356977764860142e-01	1.40785659254953388e+00	3	3	7	-3.95833333333333259e-01	-1.45833333333333259e-01	-2.08333333333332593e-02	38	44	47
2.00259217176323956e+00	558	reference_Riemann	1.30611597401629198e+00	4.14054310715662288e-01	1.38018103571887440e+00	3	3	8	2.29166666666666657e-01	-3.12500000000000000e-01	-1.45833333333333259e-01	5	40	44
2.00259217176323956e+00	558	spin_connection	1.45149799156521442e+00	2.52590742770461396e-01	8.41969142568204654e-01	3	4	11	-1.04166666666666741e-01	-2.29166666666666741e-01	2.08333333333333322e-02	45	42	0
2.00259217176323956e+00	558	spin_derivative	1.11761994378976315e+00	4.18226247914265215e-01	1.39408749304755086e+00	3	3	7	-3.12500000000000000e-01	-2.70833333333333259e-01	-6.25000000000000000e-02	40	41	46
2.00259217176323956e+00	558	Psi	2.05705353409039748e+00	4.94325438237694759e-01	1.64775146079231583e+00	3	3	7	-6.25000000000000000e-02	-1.04166666666666741e-01	-4.79166666666666741e-01	46	45	36
2.00259217176323956e+00	558	Q	6.39211221087193859e-01	4.46339276783928152e-01	1.48779758927976058e+00	3	3	8	6.25000000000000000e-02	-6.25000000000000000e-02	-4.37500000000000000e-01	1	46	37
2.00259217176323956e+00	558	Delta	5.11996740232795733e-01	4.46339276783928152e-01	1.48779758927976058e+00	3	3	8	6.25000000000000000e-02	-6.25000000000000000e-02	-4.37500000000000000e-01	1	46	37
2.00259217176323956e+00	558	Pi	6.21732542562498880e-01	4.38490941246858112e-01	1.46163647082286041e+00	3	3	7	-2.08333333333332593e-02	-2.08333333333332593e-02	-4.37500000000000000e-01	47	47	37
2.00259217176323956e+00	558	Phi	1.41893027249556075e-01	6.85603444662680417e-01	2.28534481554226820e+00	3	3	9	-3.95833333333333259e-01	3.95833333333333315e-01	-3.95833333333333259e-01	38	9	38
2.00259217176323956e+00	558	GH_constraint	7.32802272008367390e-04	6.02007636533328783e-01	2.00669212177776268e+00	3	3	7	-1.04166666666666741e-01	-1.87500000000000000e-01	-5.62500000000000000e-01	45	43	34
2.00259217176323956e+00	558	reduction_constraint	1.14239036514218175e-03	5.95862470150061885e+00	1.98620823383353979e+01	2	2	6	-5.95833333333333304e+00	4.16666666666665186e-02	-4.16666666666667407e-02	0	24	23
2.00259217176323956e+00	558	curl_constraint	1.48391376276133750e-03	2.96829309349479264e-01	9.89431031164930919e-01	3	4	10	1.04166666666666671e-01	6.25000000000000000e-02	-2.70833333333333259e-01	2	1	41
2.00259217176323956e+00	558	source_curvature	2.11278584516663681e+00	4.22356977764860364e-01	1.40785659254953455e+00	3	3	7	-2.08333333333332593e-02	-3.54166666666666741e-01	-2.29166666666666741e-01	47	39	42
2.00259217176323956e+00	558	source_QQ	5.41002691831349636e-01	4.50212141353631468e-01	1.50070713784543819e+00	3	4	12	1.04166666666666671e-01	-4.37500000000000000e-01	2.08333333333333322e-02	2	37	0
2.00259217176323956e+00	558	source_DeltaDelta	3.05863477050684007e-01	4.50212141353631468e-01	1.50070713784543819e+00	3	4	12	2.08333333333333322e-02	-1.04166666666666741e-01	4.37500000000000000e-01	0	45	10
2.00259217176323956e+00	558	source_damping	0.00000000000000000e+00	1.03201360617645594e+01	3.44004535392151993e+01	2	0	0	-5.95833333333333304e+00	-5.95833333333333304e+00	-5.95833333333333304e+00	0	0	0
2.00259217176323956e+00	558	source_frame_correction	5.06811084842767046e-01	4.54051973285486798e-01	1.51350657761828944e+00	3	4	11	-1.87500000000000000e-01	-3.12500000000000000e-01	2.70833333333333315e-01	43	40	6
2.00259217176323956e+00	558	shift_lapse_ratio	1.88547832581471906e-03	5.57072581546705803e-01	1.85690860515568601e+00	3	5	13	-1.87500000000000000e-01	5.20833333333333370e-01	6.25000000000000000e-02	43	12	1
2.05274211323808098e+00	572	reference_Ricci	1.04003878048396259e+00	4.22356977764860142e-01	1.40785659254953388e+00	3	3	9	-3.95833333333333259e-01	2.08333333333333322e-02	-1.45833333333333259e-01	38	0	44
2.05274211323808098e+00	572	reference_Riemann	1.33337575004719078e+00	4.14054310715662233e-01	1.38018103571887418e+00	3	3	7	-2.70833333333333259e-01	-3.12500000000000000e-01	-2.08333333333332593e-02	41	40	47
2.05274211323808098e+00	572	spin_connection	1.45149799156521442e+00	2.52590742770461396e-01	8.41969142568204654e-01	3	4	11	-1.04166666666666741e-01	-2.29166666666666741e-01	2.08333333333333322e-02	45	42	0
2.05274211323808098e+00	572	spin_derivative	1.12995860614400301e+00	4.18226247914265215e-01	1.39408749304755086e+00	3	3	7	-2.70833333333333259e-01	-6.25000000000000000e-02	-3.12500000000000000e-01	41	46	40
2.05274211323808098e+00	572	Psi	2.06096110223611362e+00	4.90800791224572819e-01	1.63600263741524277e+00	3	3	7	-2.08333333333332593e-02	-1.04166666666666741e-01	-4.79166666666666741e-01	47	45	36
2.05274211323808098e+00	572	Q	6.65365349698788799e-01	4.46339276783928152e-01	1.48779758927976058e+00	3	3	8	6.25000000000000000e-02	-6.25000000000000000e-02	-4.37500000000000000e-01	1	46	37
2.05274211323808098e+00	572	Delta	5.32363173760008745e-01	4.46339276783928152e-01	1.48779758927976058e+00	3	3	9	-4.37500000000000000e-01	6.25000000000000000e-02	-6.25000000000000000e-02	37	1	46
2.05274211323808098e+00	572	Pi	6.46374053580273999e-01	4.38490941246858112e-01	1.46163647082286041e+00	3	3	7	-2.08333333333332593e-02	-2.08333333333332593e-02	-4.37500000000000000e-01	47	47	37
2.05274211323808098e+00	572	Phi	1.49482866059325897e-01	6.85603444662680417e-01	2.28534481554226820e+00	3	3	9	-3.95833333333333259e-01	3.95833333333333315e-01	-3.95833333333333259e-01	38	9	38
2.05274211323808098e+00	572	GH_constraint	7.71519089189551493e-04	6.02007636533328672e-01	2.00669212177776224e+00	3	4	12	5.62500000000000000e-01	-1.87500000000000000e-01	1.04166666666666671e-01	13	43	2
2.05274211323808098e+00	572	reduction_constraint	1.23143078245076102e-03	5.95862470150061885e+00	1.98620823383353979e+01	2	10	28	-4.16666666666667407e-02	4.16666666666665186e-02	5.95833333333333393e+00	23	24	47
2.05274211323808098e+00	572	curl_constraint	1.61219548474110085e-03	2.96829309349479264e-01	9.89431031164930919e-01	3	4	10	1.04166666666666671e-01	6.25000000000000000e-02	-2.70833333333333259e-01	2	1	41
2.05274211323808098e+00	572	source_curvature	2.15935320020243049e+00	4.22356977764860364e-01	1.40785659254953455e+00	3	3	7	-2.08333333333332593e-02	-3.54166666666666741e-01	-2.29166666666666741e-01	47	39	42
2.05274211323808098e+00	572	source_QQ	5.81568234530432271e-01	4.50212141353631468e-01	1.50070713784543819e+00	3	4	12	2.08333333333333322e-02	-1.04166666666666741e-01	4.37500000000000000e-01	0	45	10
2.05274211323808098e+00	572	source_DeltaDelta	3.28132811723584217e-01	4.46339276783928152e-01	1.48779758927976058e+00	3	3	8	6.25000000000000000e-02	-6.25000000000000000e-02	-4.37500000000000000e-01	1	46	37
2.05274211323808098e+00	572	source_damping	0.00000000000000000e+00	1.03201360617645594e+01	3.44004535392151993e+01	2	0	0	-5.95833333333333304e+00	-5.95833333333333304e+00	-5.95833333333333304e+00	0	0	0
2.05274211323808098e+00	572	source_frame_correction	5.30611283143791246e-01	4.54051973285486798e-01	1.51350657761828944e+00	3	4	11	-1.87500000000000000e-01	-3.12500000000000000e-01	2.70833333333333315e-01	43	40	6
2.05274211323808098e+00	572	shift_lapse_ratio	2.17865870413984104e-03	5.57072581546705803e-01	1.85690860515568601e+00	3	4	10	1.87500000000000000e-01	5.20833333333333370e-01	-6.25000000000000000e-02	4	12	46
2.10288380895941351e+00	586	reference_Ricci	1.06114024888629044e+00	4.22356977764860142e-01	1.40785659254953388e+00	3	3	7	-3.95833333333333259e-01	-2.08333333333332593e-02	-1.45833333333333259e-01	38	47	44
2.10288380895941351e+00	586	reference_Riemann	1.36096264854564741e+00	4.14054310715662233e-01	1.38018103571887418e+00	3	3	7	-2.70833333333333259e-01	-2.08333333333332593e-02	-3.12500000000000000e-01	41	47	40
2.10288380895941351e+00	586	spin_connection	1.45149799156521442e+00	2.52590742770461396e-01	8.41969142568204654e-01	3	4	11	-1.04166666666666741e-01	-2.29166666666666741e-01	2.08333333333333322e-02	45	42	0
2.10288380895941351e+00	586	spin_derivative	1.14281249555464548e+00	4.18226247914265215e-01	1.39408749304755086e+00	3	3	7	-6.25000000000000000e-02	-2.70833333333333259e-01	-3.12500000000000000e-01	46	41	40
2.10288380895941351e+00	586	Psi	2.06506255439186948e+00	4.90800791224572819e-01	1.63600263741524277e+00	3	3	7	-2.08333333333332593e-02	-1.04166666666666741e-01	-4.79166666666666741e-01	47	45	36
2.10288380895941351e+00	586	Q	6.92264714793230262e-01	4.46339276783928152e-01	1.48779758927976058e+00	3	3	8	6.25000000000000000e-02	-6.25000000000000000e-02	-4.37500000000000000e-01	1	46	37
2.10288380895941351e+00	586	Delta	5.53292826935539273e-01	4.46339276783928152e-01	1.48779758927976058e+00	3	3	8	6.25000000000000000e-02	-6.25000000000000000e-02	-4.37500000000000000e-01	1	46	37
2.10288380895941351e+00	586	Pi	6.71645391258107516e-01	4.38490941246858112e-01	1.46163647082286041e+00	3	3	7	-2.08333333333332593e-02	-2.08333333333332593e-02	-4.37500000000000000e-01	47	47	37
2.10288380895941351e+00	586	Phi	1.57303860809885065e-01	6.85603444662680417e-01	2.28534481554226820e+00	3	3	9	-3.95833333333333259e-01	3.95833333333333315e-01	-3.95833333333333259e-01	38	9	38
2.10288380895941351e+00	586	GH_constraint	8.10768611891797011e-04	6.02007636533328672e-01	2.00669212177776224e+00	3	4	10	1.04166666666666671e-01	1.87500000000000000e-01	-5.62500000000000000e-01	2	4	34
2.10288380895941351e+00	586	reduction_constraint	1.32493529392635305e-03	5.95862470150061885e+00	1.98620823383353979e+01	2	2	6	-5.95833333333333304e+00	4.16666666666665186e-02	-4.16666666666667407e-02	0	24	23
2.10288380895941351e+00	586	curl_constraint	1.74755230873210985e-03	2.96829309349479320e-01	9.89431031164931141e-01	3	5	13	-6.25000000000000000e-02	1.04166666666666671e-01	2.70833333333333315e-01	46	2	6
2.10288380895941351e+00	586	source_curvature	2.20639656337669710e+00	4.22356977764860364e-01	1.40785659254953455e+00	3	3	7	-2.08333333333332593e-02	-3.54166666666666741e-01	-2.29166666666666741e-01	47	39	42
2.10288380895941351e+00	586	source_QQ	6.24447051000951769e-01	4.50212141353631468e-01	1.50070713784543819e+00	3	4	12	1.04166666666666671e-01	-4.37500000000000000e-01	2.08333333333333322e-02	2	37	0
2.10288380895941351e+00	586	source_DeltaDelta	3.51667901828307539e-01	4.46339276783928152e-01	1.48779758927976058e+00	3	3	8	6.25000000000000000e-02	-6.25000000000000000e-02	-4.37500000000000000e-01	1	46	37
2.10288380895941351e+00	586	source_damping	0.00000000000000000e+00	1.03201360617645594e+01	3.44004535392151993e+01	2	0	0	-5.95833333333333304e+00	-5.95833333333333304e+00	-5.95833333333333304e+00	0	0	0
2.10288380895941351e+00	586	source_frame_correction	5.55518653294756026e-01	4.57859603663248182e-01	1.52619867887749394e+00	3	5	14	2.70833333333333315e-01	1.04166666666666671e-01	3.54166666666666685e-01	6	2	8
2.10288380895941351e+00	586	shift_lapse_ratio	2.50863414900682428e-03	5.57072581546705803e-01	1.85690860515568601e+00	3	5	13	-1.87500000000000000e-01	5.20833333333333370e-01	6.25000000000000000e-02	43	12	1
2.15301694311980318e+00	600	reference_Ricci	1.08234498052326233e+00	4.22356977764860309e-01	1.40785659254953432e+00	3	4	12	2.29166666666666657e-01	-3.54166666666666741e-01	2.08333333333333322e-02	5	39	0
2.15301694311980318e+00	600	reference_Riemann	1.38884546069174664e+00	4.14054310715662344e-01	1.38018103571887463e+00	3	3	7	-2.29166666666666741e-01	-3.12500000000000000e-01	-1.45833333333333259e-01	42	40	44
2.15301694311980318e+00	600	spin_connection	1.45149799156521442e+00	2.52590742770461396e-01	8.41969142568204654e-01	3	4	11	-1.04166666666666741e-01	-2.29166666666666741e-01	2.08333333333333322e-02	45	42	0
2.15301694311980318e+00	600	spin_derivative	1.15617629586246373e+00	4.18226247914265215e-01	1.39408749304755086e+00	3	3	7	-6.25000000000000000e-02	-2.70833333333333259e-01	-3.12500000000000000e-01	46	41	40
2.15301694311980318e+00	600	Psi	2.06936426540682561e+00	4.87250648480270887e-01	1.62416882826756970e+00	3	3	7	-6.25000000000000000e-02	-4.79166666666666741e-01	-6.25000000000000000e-02	46	36	46
2.15301694311980318e+00	600	Q	7.19931806708599353e-01	4.46339276783928152e-01	1.48779758927976058e+00	3	4	12	6.25000000000000000e-02	-4.37500000000000000e-01	6.25000000000000000e-02	1	37	1
2.15301694311980318e+00	600	Delta	5.74802847059936672e-01	4.46339276783928152e-01	1.48779758927976058e+00	3	3	8	6.25000000000000000e-02	-6.25000000000000000e-02	-4.37500000000000000e-01	1	46	37
2.15301694311980318e+00	600	Pi	6.97561559525732733e-01	4.38490941246858112e-01	1.46163647082286041e+00	3	3	7	-2.08333333333332593e-02	-2.08333333333332593e-02	-4.37500000000000000e-01	47	47	37
2.15301694311980318e+00	600	Phi	1.65359919181772980e-01	6.85603444662680417e-01	2.28534481554226820e+00	3	3	9	-3.95833333333333259e-01	3.95833333333333315e-01	-3.95833333333333259e-01	38	9	38
2.15301694311980318e+00	600	GH_constraint	8.52507371155301983e-04	2.96829309349479264e-01	9.89431031164930919e-01	3	3	9	-6.25000000000000000e-02	1.04166666666666671e-01	-2.70833333333333259e-01	46	2	41
2.15301694311980318e+00	600	reduction_constraint	1.42300471306135742e-03	5.95862470150061885e+00	1.98620823383353979e+01	2	10	28	-4.16666666666667407e-02	4.16666666666665186e-02	5.95833333333333393e+00	23	24	47
2.15301694311980318e+00	600	curl_constraint	1.89012549913539956e-03	2.96829309349479320e-01	9.89431031164931141e-01	3	5	13	-6.25000000000000000e-02	1.04166666666666671e-01	2.70833333333333315e-01	46	2	6
2.15301694311980318e+00	600	source_curvature	2.25388376574990357e+00	4.22356977764860309e-01	1.40785659254953432e+00	3	3	7	-2.29166666666666741e-01	-3.54166666666666741e-01	-2.08333333333332593e-02	42	39	47
2.15301694311980318e+00	600	source_QQ	6.69737829298566623e-01	4.50212141353631468e-01	1.50070713784543819e+00	3	4	12	2.08333333333333322e-02	-4.37500000000000000e-01	1.04166666666666671e-01	0	37	2
2.15301694311980318e+00	600	source_DeltaDelta	3.76461797458070735e-01	4.46339276783928152e-01	1.48779758927976058e+00	3	5	13	-4.37500000000000000e-01	6.25000000000000000e-02	6.25000000000000000e-02	37	1	1
2.15301694311980318e+00	600	source_damping	0.00000000000000000e+00	1.03201360617645594e+01	3.44004535392151993e+01	2	0	0	-5.95833333333333304e+00	-5.95833333333333304e+00	-5.95833333333333304e+00	0	0	0
2.15301694311980318e+00	600	source_frame_correction	5.81598412366839512e-01	4.57859603663248182e-01	1.52619867887749394e+00	3	5	14	3.54166666666666685e-01	1.04166666666666671e-01	2.70833333333333315e-01	8	2	6
2.15301694311980318e+00	600	shift_lapse_ratio	2.87899326365236626e-03	5.57072581546705803e-01	1.85690860515568601e+00	3	4	10	5.20833333333333370e-01	6.25000000000000000e-02	-1.87500000000000000e-01	12	1	43
2.20000000000000018e+00	614	reference_Ricci	1.10229466799746390e+00	4.22356977764860142e-01	1.40785659254953388e+00	3	3	7	-2.08333333333332593e-02	-1.45833333333333259e-01	-3.95833333333333259e-01	47	44	38
2.20000000000000018e+00	614	reference_Riemann	1.41522129324229007e+00	4.14054310715662344e-01	1.38018103571887463e+00	3	3	7	-1.87500000000000000e-01	-3.54166666666666741e-01	-1.04166666666666741e-01	43	39	45
2.20000000000000018e+00	614	spin_connection	1.45149799156521442e+00	2.52590742770461396e-01	8.41969142568204654e-01	3	4	11	-1.04166666666666741e-01	-2.29166666666666741e-01	2.08333333333333322e-02	45	42	0
2.20000000000000018e+00	614	spin_derivative	1.16915982201056012e+00	4.18226247914265215e-01	1.39408749304755086e+00	3	3	7	-3.12500000000000000e-01	-2.70833333333333259e-01	-6.25000000000000000e-02	40	41	46
2.20000000000000018e+00	614	Psi	2.07359705493217694e+00	4.87250648480270887e-01	1.62416882826756970e+00	3	3	7	-6.25000000000000000e-02	-6.25000000000000000e-02	-4.79166666666666741e-01	46	46	36
2.20000000000000018e+00	614	Q	7.46582844776702892e-01	4.46339276783928152e-01	1.48779758927976058e+00	3	3	8	6.25000000000000000e-02	-6.25000000000000000e-02	-4.37500000000000000e-01	1	46	37
2.20000000000000018e+00	614	Delta	5.95523419480313954e-01	4.42432512116568755e-01	1.47477504038856266e+00	3	3	7	-2.08333333333332593e-02	-6.25000000000000000e-02	-4.37500000000000000e-01	47	46	37
2.20000000000000018e+00	614	Pi	7.22452810093078490e-01	4.38490941246858112e-01	1.46163647082286041e+00	3	3	7	-2.08333333333332593e-02	-2.08333333333332593e-02	-4.37500000000000000e-01	47	47	37
2.20000000000000018e+00	614	Phi	1.73128134686258567e-01	6.85603444662680417e-01	2.28534481554226820e+00	3	3	9	-3.95833333333333259e-01	3.95833333333333315e-01	-3.95833333333333259e-01	38	9	38
2.20000000000000018e+00	614	GH_constraint	9.12678236773612536e-04	2.96829309349479264e-01	9.89431031164930919e-01	3	3	9	-6.25000000000000000e-02	1.04166666666666671e-01	-2.70833333333333259e-01	46	2	41
2.20000000000000018e+00	614	reduction_constraint	1.51916119226991634e-03	5.95862470150061885e+00	1.98620823383353979e+01	2	2	6	-5.95833333333333304e+00	4.16666666666665186e-02	-4.16666666666667407e-02	0	24	23
2.20000000000000018e+00	614	curl_constraint	2.03043475774901047e-03	2.96829309349479320e-01	9.89431031164931141e-01	3	5	13	-6.25000000000000000e-02	1.04166666666666671e-01	2.70833333333333315e-01	46	2	6
2.20000000000000018e+00	614	source_curvature	2.29880663453449063e+00	4.26447697717889929e-01	1.42149232572629991e+00	3	4	10	6.25000000000000000e-02	1.45833333333333343e-01	-3.95833333333333259e-01	1	3	38
2.20000000000000018e+00	614	source_QQ	7.14470705646577442e-01	4.50212141353631412e-01	1.50070713784543819e+00	3	4	11	-2.08333333333332593e-02	-4.37500000000000000e-01	1.04166666666666671e-01	47	37	2
2.20000000000000018e+00	614	source_DeltaDelta	4.00887660247107203e-01	4.46339276783928152e-01	1.48779758927976058e+00	3	4	12	6.25000000000000000e-02	-4.37500000000000000e-01	6.25000000000000000e-02	1	37	1
2.20000000000000018e+00	614	source_damping	0.00000000000000000e+00	1.03201360617645594e+01	3.44004535392151993e+01	2	0	0	-5.95833333333333304e+00	-5.95833333333333304e+00	-5.95833333333333304e+00	0	0	0
2.20000000000000018e+00	614	source_frame_correction	6.07152965020351210e-01	4.57859603663248182e-01	1.52619867887749394e+00	3	3	8	2.70833333333333315e-01	-3.54166666666666741e-01	-1.04166666666666741e-01	6	39	45
2.20000000000000018e+00	614	shift_lapse_ratio	3.26622458803552639e-03	5.57072581546705803e-01	1.85690860515568601e+00	3	3	8	5.20833333333333370e-01	-1.87500000000000000e-01	-6.25000000000000000e-02	12	43	46
